1790216232050 [server] build: memra-0.138.0-3761226f6210 (id: source-tree, git: 809c16444ad0)
1790216232050 [server] starting; models config = [("q9", "/data/ai-ml/hf-models/qwen35-9b-nvfp4-gguf/Qwen3.5-9B-NVFP4-MTP-GGUF.gguf", None)]
1790216232051 [gpu-watch] Xid source: journalctl -k -f (/dev/kmsg unreadable — kernel.dmesg_restrict)
1790216232051 [worker-affinity] off (MEMRA_WORKER_CPUSET / MEMRA_WORKER_AFFINITY unset or =0)
1790216232252 [gpu-watch] on: every 60s, probe deadline 10s, fatal after 3 consecutive misses (MEMRA_GPU_PROBE_MISSES), fatal Xid [48, 64, 79, 94, 95, 119, 120]
1790216232335 [worker] Engine ready (device=0, MEMRA_FAST=true)
1790216232335 [spec-gate] policy placement=single-or-non-pp2 LOW=2 HIGH=4 source=placement-default spec-admission=on
1790216232335 [spec-k] automatic table: prompt<1024 -> K=3; cold-long -> K=3; prompt>= 1024 and cached>= 1024 -> K=2 (K=5 when the loaded MTP head is rank-trimmed)
1790216232335 [worker] loading model "q9" <- /data/ai-ml/hf-models/qwen35-9b-nvfp4-gguf/Qwen3.5-9B-NVFP4-MTP-GGUF.gguf
1790216232376 [tensor-contract] bound 668 semantic tensors (pack qwen35, Gguf, output head Separate); every census tensor is claimed and every required tensor is present with its declared shape and storage
1790216233720 [q8rp] split-plane decode mirrors built: 92 tensors
1790216233923 [worker]   loaded "q9": 33 layers, eos=248046, stop=[248046]
1790216233923 [worker] q9: template caps tools=true think=true think_switch=true chat_ok=true effort_levels=false qwen_effort=false gemma_think=false dsv4=false glm5=false ctx=262144 tok="qwen35" instruct=Some("chatml") chat_defaults=None/None
1790216233923 [route-contract] model="q9" route=hybrid-worker capacity=64 sessions implemented=[capacity,occupancy,progress,fault-ownership,shutdown-ownership,memory-cost,rewrite-qualification,prime-fairness,service-metrics] refused=[]
1790216233923 [worker] q9: decode wave cap 16; scheduler tick cap 16 (exact-16 tier)
1790216233923 [prefix-cache] on: budget 2052MB (2051538944 B, derived: 2 x 1025769472 B max entry for model "q9" at served ctx 65536 (from MEMRA_CTX; MEMRA_CTX set), requested 2051538944 B; boot driver free 18244501504 B, post-reserve clamp 16633888768 B), policy plain-LRU (global oldest unleased entry first; leases untouchable), min prefix 64 tokens, immediate partial restore=off (rollback) (transformer-only; hybrid mid-entry + routed-MoE N/A)
1790216233923 [admission] "q9": plain 14848 B/token, spec 16704 B/token; fixed residual learns from effective-free deltas
1790216233923 [prime-walk] model="q9" route=mtp supported=true yield_door=true [gdn_dspark_compatible=true mtp_head_loaded=true no_hyper_connections=true no_pipeline_cuts=true]
1790216234740 [fa-pool] grow #0 dev=0 o_len 0 -> 266240 ml_len 0 -> 1040 (retired kept, zero=false)
1790216234748 [func] CAPTURE-TIME kernel lookup (not warmed): embed_gather_u32
1790216234748 [func] CAPTURE-TIME kernel lookup (not warmed): qmatvec_q8_0_mmvq
1790216234748 [func] CAPTURE-TIME kernel lookup (not warmed): inc_i32
1790216234748 [fa-pool] grow #1 dev=0 o_len 266240 -> 532480 ml_len 1040 -> 2080 (retired kept, zero=false)
1790216234748 [func] CAPTURE-TIME kernel lookup (not warmed): fa_decode_vec_q_v4_deep_dc
1790216234748 [func] CAPTURE-TIME kernel lookup (not warmed): fa_decode_combine_f32
1790216234749 [func] CAPTURE-TIME kernel lookup (not warmed): memra_sctr_inc
1790216234749 [func] CAPTURE-TIME kernel lookup (not warmed): gumbel_perturb_filtered_ctr_f32
1790216234752 [spec] draft-session state high-water: 41MB (max of parked delta 41MB and capture-time pool peak 9MB; charged per spec admission and gating future captures)
1790216234787 [fa-pool] grow #2 dev=0 o_len 532480 -> 1064960 ml_len 2080 -> 4160 (retired kept, zero=false)
1790216235094 [device-trim] reason=calibration-complete {"device":0,"reclaimed_bytes":1442840576,"still_owned_bytes":8327347072,"pool_reserved_bytes":8455716864,"pool_cached_bytes":128369792,"driver_free_bytes":16365453312,"synchronization_errors":[]}
1790216235094 [admit-cal] post-probe pool trim: released 1376MB cached back to the driver
1790216235094 [admit-cal] boot calibration done: model="q9" route=mtp transient floor 1536MB (static was 1536MB; measured 1266MB; probe kv charge 67MB, draft-state 41MB, drafted 48 accepted 47; [dev0 peak-mapped 9440MB rest-mapped 8064MB charged 109MB -> 1266MB]; 1.2s)
1790216235094 [admit-predict] shadow armed: budget_bytes=12831671424 budget_src=derived(effective_free_bytes=16493823104 - prefix_cache_budget_bytes=2051538944 - admission_reserve_bytes=1610612736) exempt_tenants=0 enforce=false (logging only, nothing is rejected; enforcement is a separate flip)
1790216235094 [admit-mem] door=ON open_output_tokens=2048 defer_budget_ms=8000 (admission charges prompt+output, the reclaim flush demotes to the host tier before dropping, and a memory defer past the budget refuses 429 instead of queueing past the client's deadline)
1790216235094 [server] worker ready; serving models: ["q9"]
1790216235095 [server] listening on http://127.0.0.1:18526
1790216236629 [meter] admit id=chatcmpl-f7e64918d7fbf9a3c566a4c039a25c92 tenant=default lane=interactive model="q9"
1790216236629 [admission] per-session draft-state charge: model="q9" +44MB (measured capture high-water)
1790216236629 [admission] request cost: model="q9" ctx=186 path=spec = 16704 B/token x ctx + 32MB prefill-workspace + 0MB fixed = 36MB
1790216236629 [admit-predict] id=chatcmpl-f7e64918d7fbf9a3c566a4c039a25c92 tenant="" model="q9" verdict=admit reason=maxtok-fallback prompt=90 predicted_completion=32 kv_hat=78516624 booked_bytes=0 booked_real=0 inflight=0 cap=64 budget_bytes=12831671424 retry_after_s=- exempt=0 enforce=0 live_free_bytes=-
1790216236629 [admit-mem] id=chatcmpl-f7e64918d7fbf9a3c566a4c039a25c92 model="q9" verdict=admit prompt=90 output_bound=32 charged_ctx=186 est_bytes=1690064784 est_context=3106944 est_fixed=1686957840 device_free=16493823104 pending_prime=0 pending_seed=0 host_free=0 demotable=0 short_by=0 inflight=0 cap=64 waited_ms=0 retry_after_s=-
1790216236630 [spec-k] model="q9" tenant="" K=3 source=cold-short prompt=90 cached=0 lcp=0 active=1 wave=1 placement=single-or-non-pp2
1790216236630 [admission] fixed residual high-water: model="q9" 103MB (observed 105MB at ctx 130 path=spec)
1790216236834 [spec-acc] ctx=90 burst=24/27 cum=24/27=0.889
1790216238839 [meter] admit id=chatcmpl-e715f16ab7172e3c88cde9b2057ba795 tenant=default lane=interactive model="q9"
1790216238840 [admission] per-session draft-state charge: model="q9" +44MB (measured capture high-water)
1790216238840 [admission] request cost: model="q9" ctx=1833 path=spec = 16704 B/token x ctx + 603MB prefill-workspace + 103MB fixed = 737MB
1790216238840 [admit-predict] id=chatcmpl-e715f16ab7172e3c88cde9b2057ba795 tenant="" model="q9" verdict=admit reason=global-p95 prompt=1673 predicted_completion=32 kv_hat=778812296 booked_bytes=0 booked_real=0 inflight=0 cap=64 budget_bytes=12831671424 retry_after_s=- exempt=0 enforce=0 live_free_bytes=-
1790216238840 [admit-mem] id=chatcmpl-e715f16ab7172e3c88cde9b2057ba795 model="q9" verdict=admit prompt=1673 output_bound=96 charged_ctx=1833 est_bytes=2391429512 est_context=30618432 est_fixed=2360811080 device_free=16279879324 pending_prime=0 pending_seed=0 host_free=0 demotable=0 short_by=0 inflight=0 cap=64 waited_ms=0 retry_after_s=-
1790216238841 [worker] spec-affinity: declined (history diverged at 4 of checkpoint 64; 1 parked, 1673 prompt tokens; model q9)
1790216238842 [spec-k] model="q9" tenant="" K=3 source=cold-long prompt=1673 cached=0 lcp=0 active=1 wave=1 placement=single-or-non-pp2
1790216238842 [admission] fixed residual high-water: model="q9" 106MB (observed 136MB at ctx 1777 path=spec)
1790216239353 [spec-acc] ctx=1673 burst=23/30 cum=23/30=0.767
1790216239353 [prefix-cache] insert (spec-boundary): 1632 tokens, 80.0MB (resident 80.0MB / 2052MB, model q9)
1790216239553 [spec-acc] ctx=1707 burst=18/42 cum=41/72=0.569
1790216239696 [spec-acc] ctx=1739 burst=22/30 cum=63/102=0.618
1790216239701 [meter] admit id=chatcmpl-e7226260cc45d4ac9c0d12cb0f774809 tenant=default lane=interactive model="q9"
1790216239707 [admission] per-session draft-state charge: model="q9" +44MB (measured capture high-water)
1790216239707 [admission] request cost: model="q9" ctx=1832 path=spec = 16704 B/token x ctx + 603MB prefill-workspace + 106MB fixed = 740MB
1790216239707 [admit-predict] id=chatcmpl-e7226260cc45d4ac9c0d12cb0f774809 tenant="" model="q9" verdict=admit reason=global-p95 prompt=1672 predicted_completion=96 kv_hat=782561032 booked_bytes=0 booked_real=0 inflight=0 cap=64 budget_bytes=12831671424 retry_after_s=- exempt=0 enforce=0 live_free_bytes=-
1790216239707 [admit-mem] id=chatcmpl-e7226260cc45d4ac9c0d12cb0f774809 model="q9" verdict=admit prompt=1672 output_bound=96 charged_ctx=1832 est_bytes=2394109192 est_context=30601728 est_fixed=2363507464 device_free=16008106296 pending_prime=0 pending_seed=0 host_free=0 demotable=79968256 short_by=0 inflight=0 cap=64 waited_ms=0 retry_after_s=-
1790216239708 [worker] spec-affinity: declined (history diverged at 4 of checkpoint 64; 2 parked, 1672 prompt tokens; model q9)
1790216239708 [spec-k] model="q9" tenant="" K=3 source=cold-long prompt=1672 cached=0 lcp=6 active=1 wave=1 placement=single-or-non-pp2
1790216240226 [spec-acc] ctx=1672 burst=24/27 cum=24/27=0.889
1790216240226 [prefix-cache] insert (spec-boundary): 1632 tokens, 80.0MB (resident 159.9MB / 2052MB, model q9)
1790216240412 [spec-acc] ctx=1706 burst=22/39 cum=46/66=0.697
1790216240526 [spec-acc] ctx=1741 burst=20/24 cum=66/90=0.733
1790216240530 [meter] admit id=chatcmpl-e71eaac6a4f6181116fdff9e0721d723 tenant=default lane=interactive model="q9"
1790216240536 [admission] per-session draft-state charge: model="q9" +44MB (measured capture high-water)
1790216240536 [admission] request cost: model="q9" ctx=1831 path=spec = 16704 B/token x ctx + 602MB prefill-workspace + 106MB fixed = 739MB
1790216240536 [admit-predict] id=chatcmpl-e71eaac6a4f6181116fdff9e0721d723 tenant="" model="q9" verdict=admit reason=global-p95 prompt=1671 predicted_completion=96 kv_hat=782183880 booked_bytes=0 booked_real=0 inflight=0 cap=64 budget_bytes=12831671424 retry_after_s=- exempt=0 enforce=0 live_free_bytes=-
1790216240536 [admit-mem] id=chatcmpl-e71eaac6a4f6181116fdff9e0721d723 model="q9" verdict=admit prompt=1671 output_bound=96 charged_ctx=1831 est_bytes=2393732040 est_context=30585024 est_fixed=2363147016 device_free=15950295608 pending_prime=0 pending_seed=0 host_free=0 demotable=159936512 short_by=0 inflight=0 cap=64 waited_ms=0 retry_after_s=-
1790216240537 [worker] spec-affinity: declined (history diverged at 6 of checkpoint 1632; 2 parked, 1671 prompt tokens; model q9)
1790216240537 [spec-k] model="q9" tenant="" K=3 source=cold-long prompt=1671 cached=0 lcp=6 active=1 wave=1 placement=single-or-non-pp2
1790216241069 [spec-acc] ctx=1671 burst=23/30 cum=23/30=0.767
1790216241069 [prefix-cache] insert (spec-boundary): 1632 tokens, 80.0MB (resident 239.9MB / 2052MB, model q9)
1790216241257 [spec-acc] ctx=1705 burst=21/39 cum=44/69=0.638
1790216241387 [spec-acc] ctx=1739 burst=19/27 cum=63/96=0.656
1790216241391 [meter] admit id=chatcmpl-b6e06f1899476cc7f09ae743eeba45b7 tenant=default lane=interactive model="q9"
1790216241399 [admit-predict] id=chatcmpl-b6e06f1899476cc7f09ae743eeba45b7 tenant="" model="q9" verdict=admit reason=global-p95 prompt=1671 predicted_completion=96 kv_hat=782183880 booked_bytes=0 booked_real=0 inflight=0 cap=64 budget_bytes=12831671424 retry_after_s=- exempt=0 enforce=0 live_free_bytes=-
1790216241399 [admit-mem] id=chatcmpl-b6e06f1899476cc7f09ae743eeba45b7 model="q9" verdict=admit prompt=1671 output_bound=96 charged_ctx=1831 est_bytes=2393732040 est_context=30585024 est_fixed=2363147016 device_free=15870380856 pending_prime=0 pending_seed=0 host_free=0 demotable=239904768 short_by=0 inflight=0 cap=64 waited_ms=0 retry_after_s=-
1790216241400 [worker] spec-affinity: declined (history diverged at 6 of checkpoint 1632; 2 parked, 1671 prompt tokens; model q9)
1790216241400 [spec-k] model="q9" tenant="" K=3 source=cold-long prompt=1671 cached=0 lcp=6 active=1 wave=1 placement=single-or-non-pp2
1790216241913 [spec-acc] ctx=1671 burst=23/27 cum=23/27=0.852
1790216241913 [prefix-cache] insert (spec-boundary): 1632 tokens, 80.0MB (resident 319.9MB / 2052MB, model q9)
1790216242074 [spec-acc] ctx=1704 burst=22/33 cum=45/60=0.750
1790216242190 [spec-acc] ctx=1737 burst=22/24 cum=67/84=0.798
1790216242194 [meter] admit id=chatcmpl-e26a36bb016340e67d2301b6cfb3bd29 tenant=default lane=interactive model="q9"
1790216242200 [admission] per-session draft-state charge: model="q9" +44MB (measured capture high-water)
1790216242200 [admission] request cost: model="q9" ctx=1828 path=spec = 16704 B/token x ctx + 601MB prefill-workspace + 106MB fixed = 738MB
1790216242200 [admit-predict] id=chatcmpl-e26a36bb016340e67d2301b6cfb3bd29 tenant="" model="q9" verdict=admit reason=global-p95 prompt=1668 predicted_completion=96 kv_hat=781052424 booked_bytes=0 booked_real=0 inflight=0 cap=64 budget_bytes=12831671424 retry_after_s=- exempt=0 enforce=0 live_free_bytes=-
1790216242200 [admit-mem] id=chatcmpl-e26a36bb016340e67d2301b6cfb3bd29 model="q9" verdict=admit prompt=1668 output_bound=96 charged_ctx=1828 est_bytes=2392600584 est_context=30534912 est_fixed=2362065672 device_free=15790447544 pending_prime=0 pending_seed=0 host_free=0 demotable=319873024 short_by=0 inflight=0 cap=64 waited_ms=0 retry_after_s=-
1790216242201 [worker] spec-affinity: declined (history diverged at 6 of checkpoint 1632; 2 parked, 1668 prompt tokens; model q9)
1790216242202 [spec-k] model="q9" tenant="" K=3 source=cold-long prompt=1668 cached=0 lcp=6 active=1 wave=1 placement=single-or-non-pp2
1790216242713 [spec-acc] ctx=1668 burst=22/27 cum=22/27=0.815
1790216242713 [prefix-cache] insert (spec-boundary): 1632 tokens, 80.0MB (resident 399.8MB / 2052MB, model q9)
1790216242932 [spec-acc] ctx=1700 burst=19/45 cum=41/72=0.569
1790216243064 [spec-acc] ctx=1734 burst=22/27 cum=63/99=0.636
1790216243066 [meter] admit id=chatcmpl-6591d9335a45196d903f4c4e75e195bf tenant=default lane=interactive model="q9"
1790216243075 [admission] per-session draft-state charge: model="q9" +44MB (measured capture high-water)
1790216243075 [admission] request cost: model="q9" ctx=3551 path=spec = 16704 B/token x ctx + 519MB prefill-workspace + 106MB fixed = 684MB
1790216243075 [admit-predict] id=chatcmpl-6591d9335a45196d903f4c4e75e195bf tenant="" model="q9" verdict=admit reason=global-p95 prompt=1439 predicted_completion=96 kv_hat=694684616 booked_bytes=0 booked_real=0 inflight=0 cap=64 budget_bytes=12831671424 retry_after_s=- exempt=0 enforce=0 live_free_bytes=-
1790216243075 [admit-mem] id=chatcmpl-6591d9335a45196d903f4c4e75e195bf model="q9" verdict=admit prompt=1439 output_bound=- charged_ctx=3551 est_bytes=2338838984 est_context=59315904 est_fixed=2279523080 device_free=15710551352 pending_prime=0 pending_seed=0 host_free=0 demotable=399841280 short_by=0 inflight=0 cap=64 waited_ms=0 retry_after_s=-
1790216243076 [worker] spec-affinity: declined (history diverged at 4 of checkpoint 1632; 2 parked, 1439 prompt tokens; model q9)
1790216243076 [spec-k] model="q9" tenant="" K=3 source=cold-long prompt=1439 cached=0 lcp=4 active=1 wave=1 placement=single-or-non-pp2
1790216243076 [admission] fixed residual high-water: model="q9" 110MB (observed 168MB at ctx 3495 path=spec)
1790216243534 [spec-acc] ctx=1439 burst=22/27 cum=22/27=0.815
1790216243534 [prefix-cache] insert (spec-boundary): 1408 tokens, 76.2MB (resident 476.1MB / 2052MB, model q9)
1790216243725 [spec-acc] ctx=1471 burst=19/39 cum=41/66=0.621
1790216243857 [spec-acc] ctx=1503 burst=25/27 cum=66/93=0.710
1790216244017 [spec-acc] ctx=1537 burst=24/33 cum=90/126=0.714
1790216244175 [spec-acc] ctx=1572 burst=22/33 cum=112/159=0.704
1790216244333 [spec-acc] ctx=1605 burst=22/33 cum=134/192=0.698
1790216244535 [spec-acc] ctx=1638 burst=19/42 cum=153/234=0.654
1790216244680 [spec-acc] ctx=1671 burst=23/30 cum=176/264=0.667
1790216244841 [spec-acc] ctx=1704 burst=21/33 cum=197/297=0.663
1790216245017 [spec-acc] ctx=1736 burst=20/36 cum=217/333=0.652
1790216245233 [spec-acc] ctx=1768 burst=19/45 cum=236/378=0.624
1790216245392 [spec-acc] ctx=1802 burst=22/33 cum=258/411=0.628
1790216245566 [spec-acc] ctx=1835 burst=23/36 cum=281/447=0.629
1790216245787 [spec-acc] ctx=1870 burst=20/45 cum=301/492=0.612
1790216245976 [spec-acc] ctx=1905 burst=20/39 cum=321/531=0.605
1790216246107 [spec-acc] ctx=1938 burst=25/27 cum=346/558=0.620
1790216246282 [spec-acc] ctx=1972 burst=23/36 cum=369/594=0.621
1790216246429 [spec-acc] ctx=2007 burst=23/30 cum=392/624=0.628
1790216246648 [spec-acc] ctx=2040 burst=18/45 cum=410/669=0.613
1790216246809 [spec-acc] ctx=2073 burst=22/33 cum=432/702=0.615
1790216246955 [spec-acc] ctx=2106 burst=24/30 cum=456/732=0.623
1790216247162 [spec-acc] ctx=2140 burst=20/42 cum=476/774=0.615
1790216247338 [spec-acc] ctx=2174 burst=21/36 cum=497/810=0.614
1790216247499 [spec-acc] ctx=2207 burst=21/33 cum=518/843=0.614
1790216247647 [spec-acc] ctx=2239 burst=22/30 cum=540/873=0.619
1790216247824 [spec-acc] ctx=2271 burst=21/36 cum=561/909=0.617
1790216247970 [spec-acc] ctx=2304 burst=22/30 cum=583/939=0.621
1790216248134 [spec-acc] ctx=2336 burst=23/33 cum=606/972=0.623
1790216248280 [spec-acc] ctx=2370 burst=24/30 cum=630/1002=0.629
1790216248427 [spec-acc] ctx=2404 burst=24/30 cum=654/1032=0.634
1790216248620 [spec-acc] ctx=2438 burst=22/39 cum=676/1071=0.631
1790216248766 [spec-acc] ctx=2473 burst=25/30 cum=701/1101=0.637
1790216248913 [spec-acc] ctx=2508 burst=22/30 cum=723/1131=0.639
1790216249061 [spec-acc] ctx=2540 burst=22/30 cum=745/1161=0.642
1790216249223 [spec-acc] ctx=2572 burst=23/33 cum=768/1194=0.643
1790216249400 [spec-acc] ctx=2606 burst=22/36 cum=790/1230=0.642
1790216249564 [spec-acc] ctx=2640 burst=21/33 cum=811/1263=0.642
1790216249726 [spec-acc] ctx=2672 burst=21/33 cum=832/1296=0.642
1790216249873 [spec-acc] ctx=2704 burst=22/30 cum=854/1326=0.644
1790216250007 [spec-acc] ctx=2736 burst=24/27 cum=878/1353=0.649
1790216250169 [spec-acc] ctx=2769 burst=21/33 cum=899/1386=0.649
1790216250316 [spec-acc] ctx=2801 burst=23/30 cum=922/1416=0.651
1790216250464 [spec-acc] ctx=2834 burst=25/30 cum=947/1446=0.655
1790216250642 [spec-acc] ctx=2869 burst=20/36 cum=967/1482=0.652
1790216250807 [spec-acc] ctx=2901 burst=24/33 cum=991/1515=0.654
1790216250927 [spec-acc] ctx=2936 burst=24/24 cum=1015/1539=0.660
1790216251104 [spec-acc] ctx=2968 burst=22/36 cum=1037/1575=0.658
1790216251242 [spec-acc] ctx=3002 burst=26/27 cum=1063/1602=0.664
1790216251390 [spec-acc] ctx=3037 burst=24/30 cum=1087/1632=0.666
1790216251556 [spec-acc] ctx=3071 burst=21/33 cum=1108/1665=0.665
1790216251705 [spec-acc] ctx=3103 burst=25/30 cum=1133/1695=0.668
1790216251887 [spec-acc] ctx=3138 burst=21/36 cum=1154/1731=0.667
1790216252023 [spec-acc] ctx=3171 burst=24/27 cum=1178/1758=0.670
1790216252172 [spec-acc] ctx=3204 burst=23/30 cum=1201/1788=0.672
1790216252323 [spec-acc] ctx=3237 burst=23/30 cum=1224/1818=0.673
1790216252457 [spec-acc] ctx=3270 burst=23/27 cum=1247/1845=0.676
1790216252623 [spec-acc] ctx=3302 burst=24/33 cum=1271/1878=0.677
1790216252757 [spec-acc] ctx=3337 burst=23/27 cum=1294/1905=0.679
1790216252923 [spec-acc] ctx=3369 burst=22/33 cum=1316/1938=0.679
1790216253057 [spec-acc] ctx=3402 burst=26/27 cum=1342/1965=0.683
1790216253207 [spec-acc] ctx=3437 burst=24/30 cum=1366/1995=0.685
1790216253283 [spec-acc] ctx=3471 burst=11/15 cum=1377/2010=0.685
1790216253286 [meter] admit id=chatcmpl-2948be12ca38e837578d4fd8690b51d0 tenant=default lane=interactive model="q9"
1790216253294 [admission] per-session draft-state charge: model="q9" +44MB (measured capture high-water)
1790216253294 [admission] request cost: model="q9" ctx=3551 path=spec = 16704 B/token x ctx + 519MB prefill-workspace + 110MB fixed = 688MB
1790216253294 [admit-predict] id=chatcmpl-2948be12ca38e837578d4fd8690b51d0 tenant="" model="q9" verdict=admit reason=global-p95 prompt=1439 predicted_completion=2048 kv_hat=730479432 booked_bytes=0 booked_real=0 inflight=0 cap=64 budget_bytes=12831671424 retry_after_s=- exempt=0 enforce=0 live_free_bytes=-
1790216253294 [admit-mem] id=chatcmpl-2948be12ca38e837578d4fd8690b51d0 model="q9" verdict=admit prompt=1439 output_bound=- charged_ctx=3551 est_bytes=2342027592 est_context=59315904 est_fixed=2282711688 device_free=15602417976 pending_prime=0 pending_seed=0 host_free=0 demotable=476067840 short_by=0 inflight=0 cap=64 waited_ms=0 retry_after_s=-
1790216253296 [worker] spec-affinity: declined (history diverged at 4 of checkpoint 1632; 2 parked, 1439 prompt tokens; model q9)
1790216253296 [spec-k] model="q9" tenant="" K=3 source=cold-long prompt=1439 cached=0 lcp=6 active=1 wave=1 placement=single-or-non-pp2
1790216253757 [spec-acc] ctx=1439 burst=22/27 cum=22/27=0.815
1790216253757 [prefix-cache] insert (spec-boundary): 1408 tokens, 76.2MB (resident 552.3MB / 2052MB, model q9)
1790216253932 [spec-acc] ctx=1471 burst=23/36 cum=45/63=0.714
1790216254080 [spec-acc] ctx=1506 burst=24/30 cum=69/93=0.742
1790216254255 [spec-acc] ctx=1540 burst=21/36 cum=90/129=0.698
1790216254399 [spec-acc] ctx=1573 burst=22/30 cum=112/159=0.704
1790216254573 [spec-acc] ctx=1605 burst=22/36 cum=134/195=0.687
1790216254762 [spec-acc] ctx=1639 burst=19/39 cum=153/234=0.654
1790216254895 [spec-acc] ctx=1671 burst=23/27 cum=176/261=0.674
1790216255056 [spec-acc] ctx=1703 burst=21/33 cum=197/294=0.670
1790216255202 [spec-acc] ctx=1735 burst=22/30 cum=219/324=0.676
1790216255419 [spec-acc] ctx=1767 burst=19/45 cum=238/369=0.645
1790216255593 [spec-acc] ctx=1801 burst=22/36 cum=260/405=0.642
1790216255727 [spec-acc] ctx=1835 burst=23/27 cum=283/432=0.655
1790216255887 [spec-acc] ctx=1867 burst=24/33 cum=307/465=0.660
1790216256047 [spec-acc] ctx=1902 burst=22/33 cum=329/498=0.661
1790216256193 [spec-acc] ctx=1935 burst=23/30 cum=352/528=0.667
1790216256371 [spec-acc] ctx=1968 burst=23/36 cum=375/564=0.665
1790216256503 [spec-acc] ctx=2003 burst=24/27 cum=399/591=0.675
1790216256694 [spec-acc] ctx=2036 burst=22/39 cum=421/630=0.668
1790216256857 [spec-acc] ctx=2071 burst=21/33 cum=442/663=0.667
1790216256989 [spec-acc] ctx=2103 burst=23/27 cum=465/690=0.674
1790216257151 [spec-acc] ctx=2135 burst=21/33 cum=486/723=0.672
1790216257329 [spec-acc] ctx=2167 burst=22/36 cum=508/759=0.669
1790216257506 [spec-acc] ctx=2201 burst=20/36 cum=528/795=0.664
1790216257638 [spec-acc] ctx=2233 burst=23/27 cum=551/822=0.670
1790216257801 [spec-acc] ctx=2265 burst=21/33 cum=572/855=0.669
1790216257933 [spec-acc] ctx=2297 burst=26/27 cum=598/882=0.678
1790216258080 [spec-acc] ctx=2332 burst=24/30 cum=622/912=0.682
1790216258260 [spec-acc] ctx=2366 burst=23/36 cum=645/948=0.680
1790216258407 [spec-acc] ctx=2401 burst=22/30 cum=667/978=0.682
1790216258554 [spec-acc] ctx=2433 burst=22/30 cum=689/1008=0.684
1790216258703 [spec-acc] ctx=2465 burst=22/30 cum=711/1038=0.685
1790216258850 [spec-acc] ctx=2497 burst=22/30 cum=733/1068=0.686
1790216258998 [spec-acc] ctx=2529 burst=22/30 cum=755/1098=0.688
1790216259206 [spec-acc] ctx=2561 burst=20/42 cum=775/1140=0.680
1790216259353 [spec-acc] ctx=2595 burst=25/30 cum=800/1170=0.684
1790216259488 [spec-acc] ctx=2630 burst=25/27 cum=825/1197=0.689
1790216259651 [spec-acc] ctx=2664 burst=21/33 cum=846/1230=0.688
1790216259830 [spec-acc] ctx=2696 burst=22/36 cum=868/1266=0.686
1790216259993 [spec-acc] ctx=2730 burst=23/33 cum=891/1299=0.686
1790216260140 [spec-acc] ctx=2764 burst=25/30 cum=916/1329=0.689
1790216260290 [spec-acc] ctx=2799 burst=23/30 cum=939/1359=0.691
1790216260453 [spec-acc] ctx=2832 burst=21/33 cum=960/1392=0.690
1790216260601 [spec-acc] ctx=2864 burst=25/30 cum=985/1422=0.693
1790216260765 [spec-acc] ctx=2899 burst=23/33 cum=1008/1455=0.693
1790216260914 [spec-acc] ctx=2933 burst=22/30 cum=1030/1485=0.694
1790216261108 [spec-acc] ctx=2965 burst=21/39 cum=1051/1524=0.690
1790216261242 [spec-acc] ctx=2999 burst=24/27 cum=1075/1551=0.693
1790216261377 [spec-acc] ctx=3032 burst=24/27 cum=1099/1578=0.696
1790216261572 [spec-acc] ctx=3065 burst=20/39 cum=1119/1617=0.692
1790216261723 [spec-acc] ctx=3098 burst=22/30 cum=1141/1647=0.693
1790216261887 [spec-acc] ctx=3130 burst=23/33 cum=1164/1680=0.693
1790216262038 [spec-acc] ctx=3164 burst=25/30 cum=1189/1710=0.695
1790216262172 [spec-acc] ctx=3199 burst=23/27 cum=1212/1737=0.698
1790216262338 [spec-acc] ctx=3231 burst=21/33 cum=1233/1770=0.697
1790216262472 [spec-acc] ctx=3263 burst=25/27 cum=1258/1797=0.700
1790216262639 [spec-acc] ctx=3297 burst=21/33 cum=1279/1830=0.699
1790216262819 [spec-acc] ctx=3329 burst=22/36 cum=1301/1866=0.697
1790216262985 [spec-acc] ctx=3363 burst=23/33 cum=1324/1899=0.697
1790216263135 [spec-acc] ctx=3397 burst=25/30 cum=1349/1929=0.699
1790216263285 [spec-acc] ctx=3432 burst=23/30 cum=1372/1959=0.700
1790216263405 [spec-acc] ctx=3465 burst=16/24 cum=1388/1983=0.700
1790216263407 [meter] admit id=chatcmpl-60a8e19b12f844a26bea15091441417c tenant=default lane=interactive model="q9"
1790216263416 [admission] per-session draft-state charge: model="q9" +44MB (measured capture high-water)
1790216263416 [admission] request cost: model="q9" ctx=3554 path=spec = 16704 B/token x ctx + 520MB prefill-workspace + 110MB fixed = 689MB
1790216263416 [admit-predict] id=chatcmpl-60a8e19b12f844a26bea15091441417c tenant="" model="q9" verdict=admit reason=global-p95 prompt=1442 predicted_completion=2048 kv_hat=731610888 booked_bytes=0 booked_real=0 inflight=0 cap=64 budget_bytes=12831671424 retry_after_s=- exempt=0 enforce=0 live_free_bytes=-
1790216263416 [admit-mem] id=chatcmpl-60a8e19b12f844a26bea15091441417c model="q9" verdict=admit prompt=1442 output_bound=- charged_ctx=3554 est_bytes=2343159048 est_context=59366016 est_fixed=2283793032 device_free=15494228920 pending_prime=0 pending_seed=0 host_free=0 demotable=552294400 short_by=0 inflight=0 cap=64 waited_ms=0 retry_after_s=-
1790216263418 [worker] spec-affinity: declined (history diverged at 6 of checkpoint 1408; 2 parked, 1442 prompt tokens; model q9)
1790216263418 [spec-k] model="q9" tenant="" K=3 source=cold-long prompt=1442 cached=0 lcp=6 active=1 wave=1 placement=single-or-non-pp2
1790216263420 [admission] fixed residual high-water: model="q9" 110MB (observed 168MB at ctx 3498 path=spec)
1790216263899 [spec-acc] ctx=1442 burst=22/30 cum=22/30=0.733
1790216263899 [prefix-cache] insert (spec-boundary): 1408 tokens, 76.2MB (resident 628.5MB / 2052MB, model q9)
1790216264060 [spec-acc] ctx=1475 burst=21/33 cum=43/63=0.683
1790216264194 [spec-acc] ctx=1507 burst=23/27 cum=66/90=0.733
1790216264354 [spec-acc] ctx=1539 burst=22/33 cum=88/123=0.715
1790216264513 [spec-acc] ctx=1572 burst=22/33 cum=110/156=0.705
1790216264674 [spec-acc] ctx=1605 burst=23/33 cum=133/189=0.704
1790216264867 [spec-acc] ctx=1639 burst=20/39 cum=153/228=0.671
1790216265058 [spec-acc] ctx=1672 burst=20/39 cum=173/267=0.648
1790216265233 [spec-acc] ctx=1705 burst=20/36 cum=193/303=0.637
1790216265409 [spec-acc] ctx=1737 burst=23/36 cum=216/339=0.637
1790216265570 [spec-acc] ctx=1772 burst=21/33 cum=237/372=0.637
1790216265761 [spec-acc] ctx=1804 burst=19/39 cum=256/411=0.623
1790216265954 [spec-acc] ctx=1836 burst=21/39 cum=277/450=0.616
1790216266144 [spec-acc] ctx=1870 burst=21/39 cum=298/489=0.609
1790216266306 [spec-acc] ctx=1904 burst=22/33 cum=320/522=0.613
1790216266455 [spec-acc] ctx=1937 burst=23/30 cum=343/552=0.621
1790216266616 [spec-acc] ctx=1970 burst=23/33 cum=366/585=0.626
1790216266763 [spec-acc] ctx=2004 burst=23/30 cum=389/615=0.633
1790216266956 [spec-acc] ctx=2037 burst=22/39 cum=411/654=0.628
1790216267193 [spec-acc] ctx=2072 burst=19/48 cum=430/702=0.613
1790216267373 [spec-acc] ctx=2107 burst=23/36 cum=453/738=0.614
1790216267564 [spec-acc] ctx=2142 burst=19/39 cum=472/777=0.607
1790216267790 [spec-acc] ctx=2174 burst=19/45 cum=491/822=0.597
1790216267923 [spec-acc] ctx=2208 burst=26/27 cum=517/849=0.609
1790216268061 [spec-acc] ctx=2243 burst=23/27 cum=540/876=0.616
1790216268209 [spec-acc] ctx=2275 burst=25/30 cum=565/906=0.624
1790216268360 [spec-acc] ctx=2310 burst=24/30 cum=589/936=0.629
1790216268507 [spec-acc] ctx=2344 burst=22/30 cum=611/966=0.633
1790216268658 [spec-acc] ctx=2376 burst=24/30 cum=635/996=0.638
1790216268820 [spec-acc] ctx=2410 burst=23/33 cum=658/1029=0.639
1790216268968 [spec-acc] ctx=2444 burst=24/30 cum=682/1059=0.644
1790216269102 [spec-acc] ctx=2478 burst=24/27 cum=706/1086=0.650
1790216269221 [spec-acc] ctx=2511 burst=24/24 cum=730/1110=0.658
1790216269372 [spec-acc] ctx=2543 burst=22/30 cum=752/1140=0.660
1790216269565 [spec-acc] ctx=2575 burst=19/39 cum=771/1179=0.654
1790216269744 [spec-acc] ctx=2607 burst=23/36 cum=794/1215=0.653
1790216269952 [spec-acc] ctx=2642 burst=19/42 cum=813/1257=0.647
1790216270087 [spec-acc] ctx=2675 burst=26/27 cum=839/1284=0.653
1790216270206 [spec-acc] ctx=2710 burst=24/24 cum=863/1308=0.660
1790216270325 [spec-acc] ctx=2742 burst=24/24 cum=887/1332=0.666
1790216270474 [spec-acc] ctx=2774 burst=24/30 cum=911/1362=0.669
1790216270637 [spec-acc] ctx=2808 burst=21/33 cum=932/1395=0.668
1790216270788 [spec-acc] ctx=2840 burst=24/30 cum=956/1425=0.671
1790216270967 [spec-acc] ctx=2874 burst=21/36 cum=977/1461=0.669
1790216271178 [spec-acc] ctx=2907 burst=21/42 cum=998/1503=0.664
1790216271374 [spec-acc] ctx=2942 burst=20/39 cum=1018/1542=0.660
1790216271494 [spec-acc] ctx=2975 burst=24/24 cum=1042/1566=0.665
1790216271628 [spec-acc] ctx=3007 burst=25/27 cum=1067/1593=0.670
1790216271810 [spec-acc] ctx=3041 burst=21/36 cum=1088/1629=0.668
1790216271976 [spec-acc] ctx=3074 burst=24/33 cum=1112/1662=0.669
1790216272111 [spec-acc] ctx=3109 burst=26/27 cum=1138/1689=0.674
1790216272262 [spec-acc] ctx=3144 burst=24/30 cum=1162/1719=0.676
1790216272442 [spec-acc] ctx=3178 burst=21/36 cum=1183/1755=0.674
1790216272593 [spec-acc] ctx=3211 burst=22/30 cum=1205/1785=0.675
1790216272728 [spec-acc] ctx=3243 burst=24/27 cum=1229/1812=0.678
1790216272893 [spec-acc] ctx=3276 burst=24/33 cum=1253/1845=0.679
1790216273044 [spec-acc] ctx=3311 burst=24/30 cum=1277/1875=0.681
1790216273180 [spec-acc] ctx=3345 burst=25/27 cum=1302/1902=0.685
1790216273362 [spec-acc] ctx=3379 burst=21/36 cum=1323/1938=0.683
1790216273573 [spec-acc] ctx=3412 burst=18/42 cum=1341/1980=0.677
1790216273739 [spec-acc] ctx=3444 burst=23/33 cum=1364/2013=0.678
1790216273784 [spec-acc] ctx=3478 burst=9/9 cum=1373/2022=0.679
1790216273786 [meter] admit id=chatcmpl-0f60d3f97e2d0b6faa567b7a625f39a2 tenant=default lane=interactive model="q9"
1790216273795 [admission] per-session draft-state charge: model="q9" +44MB (measured capture high-water)
1790216273795 [admission] request cost: model="q9" ctx=3554 path=spec = 16704 B/token x ctx + 520MB prefill-workspace + 110MB fixed = 689MB
1790216273795 [admit-predict] id=chatcmpl-0f60d3f97e2d0b6faa567b7a625f39a2 tenant="" model="q9" verdict=admit reason=global-p95 prompt=1442 predicted_completion=2048 kv_hat=731616456 booked_bytes=0 booked_real=0 inflight=0 cap=64 budget_bytes=12831671424 retry_after_s=- exempt=0 enforce=0 live_free_bytes=-
1790216273795 [admit-mem] id=chatcmpl-0f60d3f97e2d0b6faa567b7a625f39a2 model="q9" verdict=admit prompt=1442 output_bound=- charged_ctx=3554 est_bytes=2343164616 est_context=59366016 est_fixed=2283798600 device_free=15417963064 pending_prime=0 pending_seed=0 host_free=0 demotable=628520960 short_by=0 inflight=0 cap=64 waited_ms=0 retry_after_s=-
1790216273796 [worker] spec-affinity: declined (history diverged at 6 of checkpoint 1408; 2 parked, 1442 prompt tokens; model q9)
1790216273797 [spec-k] model="q9" tenant="" K=3 source=cold-long prompt=1442 cached=0 lcp=6 active=1 wave=1 placement=single-or-non-pp2
1790216274328 [spec-acc] ctx=1442 burst=19/36 cum=19/36=0.528
1790216274328 [prefix-cache] insert (spec-boundary): 1408 tokens, 76.2MB (resident 704.7MB / 2052MB, model q9)
1790216274480 [spec-acc] ctx=1474 burst=23/30 cum=42/66=0.636
1790216274630 [spec-acc] ctx=1507 burst=25/30 cum=67/96=0.698
1790216274780 [spec-acc] ctx=1542 burst=22/30 cum=89/126=0.706
1790216274943 [spec-acc] ctx=1574 burst=22/33 cum=111/159=0.698
1790216275120 [spec-acc] ctx=1607 burst=21/36 cum=132/195=0.677
1790216275340 [spec-acc] ctx=1640 burst=20/45 cum=152/240=0.633
1790216275485 [spec-acc] ctx=1675 burst=22/30 cum=174/270=0.644
1790216275674 [spec-acc] ctx=1707 burst=22/39 cum=196/309=0.634
1790216275868 [spec-acc] ctx=1742 burst=19/39 cum=215/348=0.618
1790216276030 [spec-acc] ctx=1774 burst=21/33 cum=236/381=0.619
1790216276252 [spec-acc] ctx=1806 burst=18/45 cum=254/426=0.596
1790216276427 [spec-acc] ctx=1839 burst=20/36 cum=274/462=0.593
1790216276616 [spec-acc] ctx=1871 burst=21/39 cum=295/501=0.589
1790216276824 [spec-acc] ctx=1905 burst=19/42 cum=314/543=0.578
1790216277016 [spec-acc] ctx=1938 burst=21/39 cum=335/582=0.576
1790216277153 [spec-acc] ctx=1972 burst=23/27 cum=358/609=0.588
1790216277314 [spec-acc] ctx=2004 burst=21/33 cum=379/642=0.590
1790216277505 [spec-acc] ctx=2036 burst=20/39 cum=399/681=0.586
1790216277654 [spec-acc] ctx=2069 burst=22/30 cum=421/711=0.592
1790216277786 [spec-acc] ctx=2101 burst=23/27 cum=444/738=0.602
1790216277935 [spec-acc] ctx=2133 burst=23/30 cum=467/768=0.608
1790216278071 [spec-acc] ctx=2166 burst=24/27 cum=491/795=0.618
1790216278234 [spec-acc] ctx=2199 burst=22/33 cum=513/828=0.620
1790216278397 [spec-acc] ctx=2232 burst=24/33 cum=537/861=0.624
1790216278574 [spec-acc] ctx=2267 burst=22/36 cum=559/897=0.623
1790216278737 [spec-acc] ctx=2301 burst=21/33 cum=580/930=0.624
1790216278888 [spec-acc] ctx=2333 burst=23/30 cum=603/960=0.628
1790216279054 [spec-acc] ctx=2366 burst=21/33 cum=624/993=0.628
1790216279187 [spec-acc] ctx=2398 burst=24/27 cum=648/1020=0.635
1790216279321 [spec-acc] ctx=2431 burst=23/27 cum=671/1047=0.641
1790216279456 [spec-acc] ctx=2463 burst=24/27 cum=695/1074=0.647
1790216279633 [spec-acc] ctx=2496 burst=20/36 cum=715/1110=0.644
1790216279814 [spec-acc] ctx=2528 burst=21/36 cum=736/1146=0.642
1790216279963 [spec-acc] ctx=2561 burst=23/30 cum=759/1176=0.645
1790216280082 [spec-acc] ctx=2594 burst=24/24 cum=783/1200=0.652
1790216280247 [spec-acc] ctx=2626 burst=24/33 cum=807/1233=0.655
1790216280380 [spec-acc] ctx=2661 burst=23/27 cum=830/1260=0.659
1790216280575 [spec-acc] ctx=2693 burst=21/39 cum=851/1299=0.655
1790216280708 [spec-acc] ctx=2727 burst=25/27 cum=876/1326=0.661
1790216280842 [spec-acc] ctx=2761 burst=23/27 cum=899/1353=0.664
1790216280992 [spec-acc] ctx=2793 burst=23/30 cum=922/1383=0.667
1790216281141 [spec-acc] ctx=2826 burst=25/30 cum=947/1413=0.670
1790216281277 [spec-acc] ctx=2861 burst=24/27 cum=971/1440=0.674
1790216281459 [spec-acc] ctx=2894 burst=20/36 cum=991/1476=0.671
1790216281607 [spec-acc] ctx=2926 burst=22/30 cum=1013/1506=0.673
1790216281759 [spec-acc] ctx=2958 burst=24/30 cum=1037/1536=0.675
1790216281939 [spec-acc] ctx=2992 burst=20/36 cum=1057/1572=0.672
1790216282075 [spec-acc] ctx=3024 burst=24/27 cum=1081/1599=0.676
1790216282240 [spec-acc] ctx=3057 burst=21/33 cum=1102/1632=0.675
1790216282376 [spec-acc] ctx=3089 burst=23/27 cum=1125/1659=0.678
1790216282526 [spec-acc] ctx=3121 burst=23/30 cum=1148/1689=0.680
1790216282678 [spec-acc] ctx=3154 burst=22/30 cum=1170/1719=0.681
1790216282843 [spec-acc] ctx=3186 burst=22/33 cum=1192/1752=0.680
1790216282984 [spec-acc] ctx=3219 burst=24/27 cum=1216/1779=0.684
1790216283123 [spec-acc] ctx=3252 burst=24/27 cum=1240/1806=0.687
1790216283278 [spec-acc] ctx=3285 burst=25/30 cum=1265/1836=0.689
1790216283463 [spec-acc] ctx=3320 burst=20/36 cum=1285/1872=0.686
1790216283582 [spec-acc] ctx=3352 burst=24/24 cum=1309/1896=0.690
1790216283748 [spec-acc] ctx=3384 burst=21/33 cum=1330/1929=0.689
1790216283946 [spec-acc] ctx=3416 burst=19/39 cum=1349/1968=0.685
1790216284084 [spec-acc] ctx=3448 burst=24/27 cum=1373/1995=0.688
1790216284144 [spec-acc] ctx=3481 burst=8/12 cum=1381/2007=0.688
1790216284148 [meter] admit id=chatcmpl-ef615cde079b4ae1244a9567a6f364b0 tenant=default lane=interactive model="q9"
1790216284155 [admission] per-session draft-state charge: model="q9" +44MB (measured capture high-water)
1790216284155 [admission] request cost: model="q9" ctx=3553 path=spec = 16704 B/token x ctx + 519MB prefill-workspace + 110MB fixed = 688MB
1790216284155 [admit-predict] id=chatcmpl-ef615cde079b4ae1244a9567a6f364b0 tenant="" model="q9" verdict=admit reason=global-p95 prompt=1441 predicted_completion=2048 kv_hat=731239304 booked_bytes=0 booked_real=0 inflight=0 cap=64 budget_bytes=12831671424 retry_after_s=- exempt=0 enforce=0 live_free_bytes=-
1790216284155 [admit-mem] id=chatcmpl-ef615cde079b4ae1244a9567a6f364b0 model="q9" verdict=admit prompt=1441 output_bound=- charged_ctx=3553 est_bytes=2342787464 est_context=59349312 est_fixed=2283438152 device_free=15341697208 pending_prime=0 pending_seed=0 host_free=0 demotable=704747520 short_by=0 inflight=0 cap=64 waited_ms=0 retry_after_s=-
1790216284157 [worker] spec-affinity: declined (history diverged at 6 of checkpoint 1408; 2 parked, 1441 prompt tokens; model q9)
1790216284157 [spec-k] model="q9" tenant="" K=3 source=cold-long prompt=1441 cached=0 lcp=6 active=1 wave=1 placement=single-or-non-pp2
1790216284682 [spec-acc] ctx=1441 burst=20/33 cum=20/33=0.606
1790216284682 [prefix-cache] insert (spec-boundary): 1408 tokens, 76.2MB (resident 781.0MB / 2052MB, model q9)
1790216284849 [spec-acc] ctx=1473 burst=24/33 cum=44/66=0.667
1790216284985 [spec-acc] ctx=1508 burst=23/27 cum=67/93=0.720
1790216285122 [spec-acc] ctx=1540 burst=24/27 cum=91/120=0.758
1790216285300 [spec-acc] ctx=1573 burst=22/36 cum=113/156=0.724
1790216285447 [spec-acc] ctx=1607 burst=23/30 cum=136/186=0.731
1790216285685 [spec-acc] ctx=1640 burst=16/48 cum=152/234=0.650
1790216285863 [spec-acc] ctx=1672 burst=20/36 cum=172/270=0.637
1790216286010 [spec-acc] ctx=1704 burst=24/30 cum=196/300=0.653
1790216286172 [spec-acc] ctx=1738 burst=22/33 cum=218/333=0.655
1790216286334 [spec-acc] ctx=1771 burst=21/33 cum=239/366=0.653
1790216286482 [spec-acc] ctx=1803 burst=24/30 cum=263/396=0.664
1790216286630 [spec-acc] ctx=1837 burst=23/30 cum=286/426=0.671
1790216286837 [spec-acc] ctx=1870 burst=21/42 cum=307/468=0.656
1790216286983 [spec-acc] ctx=1905 burst=22/30 cum=329/498=0.661
1790216287174 [spec-acc] ctx=1937 burst=20/39 cum=349/537=0.650
1790216287384 [spec-acc] ctx=1970 burst=19/42 cum=368/579=0.636
1790216287547 [spec-acc] ctx=2003 burst=22/33 cum=390/612=0.637
1790216287698 [spec-acc] ctx=2036 burst=23/30 cum=413/642=0.643
1790216287890 [spec-acc] ctx=2069 burst=20/39 cum=433/681=0.636
1790216288039 [spec-acc] ctx=2102 burst=22/30 cum=455/711=0.640
1790216288202 [spec-acc] ctx=2134 burst=24/33 cum=479/744=0.644
1790216288367 [spec-acc] ctx=2169 burst=23/33 cum=502/777=0.646
1790216288500 [spec-acc] ctx=2203 burst=23/27 cum=525/804=0.653
1790216288634 [spec-acc] ctx=2235 burst=24/27 cum=549/831=0.661
1790216288784 [spec-acc] ctx=2268 burst=22/30 cum=571/861=0.663
1790216288963 [spec-acc] ctx=2300 burst=21/36 cum=592/897=0.660
1790216289171 [spec-acc] ctx=2333 burst=19/42 cum=611/939=0.651
1790216289335 [spec-acc] ctx=2366 burst=24/33 cum=635/972=0.653
1790216289545 [spec-acc] ctx=2401 burst=18/42 cum=653/1014=0.644
1790216289742 [spec-acc] ctx=2433 burst=19/39 cum=672/1053=0.638
1790216289890 [spec-acc] ctx=2465 burst=23/30 cum=695/1083=0.642
1790216290024 [spec-acc] ctx=2498 burst=23/27 cum=718/1110=0.647
1790216290203 [spec-acc] ctx=2530 burst=22/36 cum=740/1146=0.646
1790216290337 [spec-acc] ctx=2564 burst=24/27 cum=764/1173=0.651
1790216290487 [spec-acc] ctx=2597 burst=22/30 cum=786/1203=0.653
1790216290622 [spec-acc] ctx=2629 burst=25/27 cum=811/1230=0.659
1790216290818 [spec-acc] ctx=2663 burst=20/39 cum=831/1269=0.655
1790216291029 [spec-acc] ctx=2696 burst=18/42 cum=849/1311=0.648
1790216291178 [spec-acc] ctx=2728 burst=22/30 cum=871/1341=0.650
1790216291329 [spec-acc] ctx=2760 burst=24/30 cum=895/1371=0.653
1790216291448 [spec-acc] ctx=2794 burst=24/24 cum=919/1395=0.659
1790216291629 [spec-acc] ctx=2826 burst=23/36 cum=942/1431=0.658
1790216291794 [spec-acc] ctx=2861 burst=22/33 cum=964/1464=0.658
1790216291945 [spec-acc] ctx=2894 burst=23/30 cum=987/1494=0.661
1790216292110 [spec-acc] ctx=2927 burst=22/33 cum=1009/1527=0.661
1790216292231 [spec-acc] ctx=2960 burst=24/24 cum=1033/1551=0.666
1790216292396 [spec-acc] ctx=2992 burst=22/33 cum=1055/1584=0.666
1790216292577 [spec-acc] ctx=3025 burst=23/36 cum=1078/1620=0.665
1790216292698 [spec-acc] ctx=3060 burst=24/24 cum=1102/1644=0.670
1790216292833 [spec-acc] ctx=3092 burst=24/27 cum=1126/1671=0.674
1790216292986 [spec-acc] ctx=3125 burst=25/30 cum=1151/1701=0.677
1790216293152 [spec-acc] ctx=3160 burst=21/33 cum=1172/1734=0.676
1790216293333 [spec-acc] ctx=3192 burst=21/36 cum=1193/1770=0.674
1790216293480 [spec-acc] ctx=3225 burst=24/27 cum=1217/1797=0.677
1790216293692 [spec-acc] ctx=3258 burst=22/39 cum=1239/1836=0.675
1790216293869 [spec-acc] ctx=3293 burst=24/33 cum=1263/1869=0.676
1790216293996 [spec-acc] ctx=3328 burst=24/24 cum=1287/1893=0.680
1790216294138 [spec-acc] ctx=3360 burst=24/27 cum=1311/1920=0.683
1790216294311 [spec-acc] ctx=3393 burst=21/33 cum=1332/1953=0.682
1790216294498 [spec-acc] ctx=3425 burst=20/36 cum=1352/1989=0.680
1790216294715 [spec-acc] ctx=3457 burst=20/42 cum=1372/2031=0.676
1790216295721 [meter] admit id=chatcmpl-7c666278e6ac7f3c477f200b5e3d0c27 tenant=default lane=interactive model="q9"
1790216295724 [admission] per-session draft-state charge: model="q9" +44MB (measured capture high-water)
1790216295724 [admission] request cost: model="q9" ctx=3118 path=spec = 16704 B/token x ctx + 1066MB prefill-workspace + 110MB fixed = 1228MB
1790216295724 [admit-predict] id=chatcmpl-7c666278e6ac7f3c477f200b5e3d0c27 tenant="" model="q9" verdict=admit reason=global-p95 prompt=2958 predicted_completion=96 kv_hat=1270772680 booked_bytes=0 booked_real=0 inflight=0 cap=64 budget_bytes=12831671424 retry_after_s=- exempt=0 enforce=0 live_free_bytes=-
1790216295724 [admit-mem] id=chatcmpl-7c666278e6ac7f3c477f200b5e3d0c27 model="q9" verdict=admit prompt=2958 output_bound=96 charged_ctx=3118 est_bytes=2882320840 est_context=52083072 est_fixed=2830237768 device_free=15265505592 pending_prime=0 pending_seed=0 host_free=0 demotable=780974080 short_by=0 inflight=0 cap=64 waited_ms=0 retry_after_s=-
1790216295726 [worker] spec-affinity: declined (history diverged at 4 of checkpoint 1408; 2 parked, 2958 prompt tokens; model q9)
1790216295727 [spec-k] model="q9" tenant="" K=3 source=cold-long prompt=2958 cached=0 lcp=5 active=1 wave=1 placement=single-or-non-pp2
1790216296512 [spec-acc] ctx=2958 burst=23/24 cum=23/24=0.958
1790216296512 [prefix-cache] insert (spec-boundary): 2912 tokens, 101.3MB (resident 882.3MB / 2052MB, model q9)
1790216296749 [spec-acc] ctx=2990 burst=17/45 cum=40/69=0.580
1790216296935 [spec-acc] ctx=3022 burst=23/36 cum=63/105=0.600
1790216296941 [meter] admit id=chatcmpl-5b40de4337d633f7de95bbe3c1373be1 tenant=default lane=interactive model="q9"
1790216296947 [admission] per-session draft-state charge: model="q9" +44MB (measured capture high-water)
1790216296947 [admission] request cost: model="q9" ctx=3121 path=spec = 16704 B/token x ctx + 1067MB prefill-workspace + 110MB fixed = 1229MB
1790216296947 [admit-predict] id=chatcmpl-5b40de4337d633f7de95bbe3c1373be1 tenant="" model="q9" verdict=admit reason=global-p95 prompt=2961 predicted_completion=96 kv_hat=1271904136 booked_bytes=0 booked_real=0 inflight=0 cap=64 budget_bytes=12831671424 retry_after_s=- exempt=0 enforce=0 live_free_bytes=-
1790216296947 [admit-mem] id=chatcmpl-5b40de4337d633f7de95bbe3c1373be1 model="q9" verdict=admit prompt=2961 output_bound=96 charged_ctx=3121 est_bytes=2883452296 est_context=52133184 est_fixed=2831319112 device_free=15172264760 pending_prime=0 pending_seed=0 host_free=0 demotable=882323456 short_by=0 inflight=0 cap=64 waited_ms=0 retry_after_s=-
1790216296949 [worker] spec-affinity: declined (history diverged at 4 of checkpoint 1408; 2 parked, 2961 prompt tokens; model q9)
1790216296950 [spec-k] model="q9" tenant="" K=3 source=cold-long prompt=2961 cached=0 lcp=6 active=1 wave=1 placement=single-or-non-pp2
1790216297797 [spec-acc] ctx=2961 burst=22/27 cum=22/27=0.815
1790216297797 [prefix-cache] insert (spec-boundary): 2944 tokens, 101.9MB (resident 984.2MB / 2052MB, model q9)
1790216298024 [spec-acc] ctx=2993 burst=18/42 cum=40/69=0.580
1790216298182 [spec-acc] ctx=3025 burst=24/30 cum=64/99=0.646
1790216298187 [meter] admit id=chatcmpl-198050997398801f5594b025ea9701bf tenant=default lane=interactive model="q9"
1790216298194 [admission] per-session draft-state charge: model="q9" +44MB (measured capture high-water)
1790216298194 [admission] request cost: model="q9" ctx=3117 path=spec = 16704 B/token x ctx + 1066MB prefill-workspace + 110MB fixed = 1227MB
1790216298194 [admit-predict] id=chatcmpl-198050997398801f5594b025ea9701bf tenant="" model="q9" verdict=admit reason=global-p95 prompt=2957 predicted_completion=96 kv_hat=1270395528 booked_bytes=0 booked_real=0 inflight=0 cap=64 budget_bytes=12831671424 retry_after_s=- exempt=0 enforce=0 live_free_bytes=-
1790216298194 [admit-mem] id=chatcmpl-198050997398801f5594b025ea9701bf model="q9" verdict=admit prompt=2957 output_bound=96 charged_ctx=3117 est_bytes=2881943688 est_context=52066368 est_fixed=2829877320 device_free=15078415160 pending_prime=0 pending_seed=0 host_free=0 demotable=984207360 short_by=0 inflight=0 cap=64 waited_ms=0 retry_after_s=-
1790216298196 [worker] spec-affinity: declined (history diverged at 6 of checkpoint 2912; 2 parked, 2957 prompt tokens; model q9)
1790216298196 [spec-k] model="q9" tenant="" K=3 source=cold-long prompt=2957 cached=0 lcp=6 active=1 wave=1 placement=single-or-non-pp2
1790216299049 [spec-acc] ctx=2957 burst=23/24 cum=23/24=0.958
1790216299049 [prefix-cache] insert (spec-boundary): 2912 tokens, 101.3MB (resident 1085.6MB / 2052MB, model q9)
1790216299284 [spec-acc] ctx=2989 burst=19/42 cum=42/66=0.636
1790216299464 [spec-acc] ctx=3022 burst=23/33 cum=65/99=0.657
1790216299469 [meter] admit id=chatcmpl-0e3e1a91af89886b130cb2df40251888 tenant=default lane=interactive model="q9"
1790216299476 [admission] per-session draft-state charge: model="q9" +44MB (measured capture high-water)
1790216299476 [admission] request cost: model="q9" ctx=3110 path=spec = 16704 B/token x ctx + 1063MB prefill-workspace + 110MB fixed = 1225MB
1790216299476 [admit-predict] id=chatcmpl-0e3e1a91af89886b130cb2df40251888 tenant="" model="q9" verdict=admit reason=global-p95 prompt=2950 predicted_completion=96 kv_hat=1267755464 booked_bytes=0 booked_real=0 inflight=0 cap=64 budget_bytes=12831671424 retry_after_s=- exempt=0 enforce=0 live_free_bytes=-
1790216299476 [admit-mem] id=chatcmpl-0e3e1a91af89886b130cb2df40251888 model="q9" verdict=admit prompt=2950 output_bound=96 charged_ctx=3110 est_bytes=2879303624 est_context=51949440 est_fixed=2827354184 device_free=14977100728 pending_prime=0 pending_seed=0 host_free=0 demotable=1085556736 short_by=0 inflight=0 cap=64 waited_ms=0 retry_after_s=-
1790216299478 [worker] spec-affinity: declined (history diverged at 6 of checkpoint 2944; 2 parked, 2950 prompt tokens; model q9)
1790216299479 [spec-k] model="q9" tenant="" K=3 source=cold-long prompt=2950 cached=0 lcp=6 active=1 wave=1 placement=single-or-non-pp2
1790216300334 [spec-acc] ctx=2950 burst=23/24 cum=23/24=0.958
1790216300334 [prefix-cache] insert (spec-boundary): 2912 tokens, 101.3MB (resident 1186.9MB / 2052MB, model q9)
1790216300584 [spec-acc] ctx=2982 burst=18/45 cum=41/69=0.594
1790216300764 [spec-acc] ctx=3015 burst=23/33 cum=64/102=0.627
1790216300770 [meter] admit id=chatcmpl-e1a043c2a929931ec5f4998d84839a30 tenant=default lane=interactive model="q9"
1790216300776 [admission] per-session draft-state charge: model="q9" +44MB (measured capture high-water)
1790216300776 [admission] request cost: model="q9" ctx=3109 path=spec = 16704 B/token x ctx + 1063MB prefill-workspace + 110MB fixed = 1224MB
1790216300776 [admit-predict] id=chatcmpl-e1a043c2a929931ec5f4998d84839a30 tenant="" model="q9" verdict=admit reason=global-p95 prompt=2949 predicted_completion=96 kv_hat=1267378312 booked_bytes=0 booked_real=0 inflight=0 cap=64 budget_bytes=12831671424 retry_after_s=- exempt=0 enforce=0 live_free_bytes=-
1790216300776 [admit-mem] id=chatcmpl-e1a043c2a929931ec5f4998d84839a30 model="q9" verdict=admit prompt=2949 output_bound=96 charged_ctx=3109 est_bytes=2878926472 est_context=51932736 est_fixed=2826993736 device_free=14875971896 pending_prime=0 pending_seed=0 host_free=0 demotable=1186906112 short_by=0 inflight=0 cap=64 waited_ms=0 retry_after_s=-
1790216300779 [worker] spec-affinity: declined (history diverged at 6 of checkpoint 2912; 2 parked, 2949 prompt tokens; model q9)
1790216300779 [spec-k] model="q9" tenant="" K=3 source=cold-long prompt=2949 cached=0 lcp=6 active=1 wave=1 placement=single-or-non-pp2
1790216301652 [spec-acc] ctx=2949 burst=24/24 cum=24/24=1.000
1790216301652 [prefix-cache] insert (spec-boundary): 2912 tokens, 101.3MB (resident 1288.3MB / 2052MB, model q9)
1790216301950 [spec-acc] ctx=2982 burst=17/54 cum=41/78=0.526
1790216302080 [spec-acc] ctx=3017 burst=22/24 cum=63/102=0.618
1790216302083 [meter] admit id=chatcmpl-897874c6bbb9a173f2022da460cb6392 tenant=default lane=interactive model="q9"
1790216302093 [admission] per-session draft-state charge: model="q9" +44MB (measured capture high-water)
1790216302093 [admission] request cost: model="q9" ctx=5208 path=spec = 16704 B/token x ctx + 1116MB prefill-workspace + 110MB fixed = 1312MB
1790216302093 [admit-predict] id=chatcmpl-897874c6bbb9a173f2022da460cb6392 tenant="" model="q9" verdict=admit reason=global-p95 prompt=3096 predicted_completion=2048 kv_hat=1355425864 booked_bytes=0 booked_real=0 inflight=0 cap=64 budget_bytes=12831671424 retry_after_s=- exempt=0 enforce=0 live_free_bytes=-
1790216302093 [admit-mem] id=chatcmpl-897874c6bbb9a173f2022da460cb6392 model="q9" verdict=admit prompt=3096 output_bound=- charged_ctx=5208 est_bytes=2966974024 est_context=86994432 est_fixed=2879979592 device_free=14774787384 pending_prime=0 pending_seed=0 host_free=0 demotable=1288255488 short_by=0 inflight=0 cap=64 waited_ms=0 retry_after_s=-
1790216302095 [worker] spec-affinity: declined (history diverged at 4 of checkpoint 2912; 2 parked, 3096 prompt tokens; model q9)
1790216302096 [spec-k] model="q9" tenant="" K=3 source=cold-long prompt=3096 cached=0 lcp=5 active=1 wave=1 placement=single-or-non-pp2
1790216302096 [admission] fixed residual high-water: model="q9" 113MB (observed 199MB at ctx 5152 path=spec)
1790216303053 [spec-acc] ctx=3096 burst=21/30 cum=21/30=0.700
1790216303053 [prefix-cache] insert (spec-boundary): 3072 tokens, 104.0MB (resident 1392.3MB / 2052MB, model q9)
1790216303286 [spec-acc] ctx=3128 burst=21/42 cum=42/72=0.583
1790216303435 [spec-acc] ctx=3163 burst=23/27 cum=65/99=0.657
1790216303649 [spec-acc] ctx=3195 burst=19/39 cum=84/138=0.609
1790216303839 [spec-acc] ctx=3227 burst=20/36 cum=104/174=0.598
1790216304013 [spec-acc] ctx=3259 burst=21/33 cum=125/207=0.604
1790216304217 [spec-acc] ctx=3291 burst=21/39 cum=146/246=0.593
1790216304387 [spec-acc] ctx=3325 burst=21/33 cum=167/279=0.599
1790216304587 [spec-acc] ctx=3357 burst=19/39 cum=186/318=0.585
1790216304769 [spec-acc] ctx=3389 burst=20/36 cum=206/354=0.582
1790216304938 [spec-acc] ctx=3421 burst=22/33 cum=228/387=0.589
1790216305090 [spec-acc] ctx=3454 burst=23/30 cum=251/417=0.602
1790216305271 [spec-acc] ctx=3487 burst=21/36 cum=272/453=0.600
1790216305453 [spec-acc] ctx=3520 burst=22/36 cum=294/489=0.601
1790216305637 [spec-acc] ctx=3554 burst=22/36 cum=316/525=0.602
1790216305790 [spec-acc] ctx=3588 burst=22/30 cum=338/555=0.609
1790216305988 [spec-acc] ctx=3620 burst=21/39 cum=359/594=0.604
1790216306169 [spec-acc] ctx=3654 burst=20/36 cum=379/630=0.602
1790216306307 [spec-acc] ctx=3686 burst=23/27 cum=402/657=0.612
1790216306504 [spec-acc] ctx=3718 burst=19/39 cum=421/696=0.605
1790216306656 [spec-acc] ctx=3750 burst=23/30 cum=444/726=0.612
1790216306809 [spec-acc] ctx=3783 burst=24/30 cum=468/756=0.619
1790216306979 [spec-acc] ctx=3817 burst=23/33 cum=491/789=0.622
1790216307160 [spec-acc] ctx=3851 burst=23/36 cum=514/825=0.623
1790216307326 [spec-acc] ctx=3886 burst=21/33 cum=535/858=0.624
1790216307495 [spec-acc] ctx=3918 burst=21/33 cum=556/891=0.624
1790216307664 [spec-acc] ctx=3950 burst=24/33 cum=580/924=0.628
1790216307850 [spec-acc] ctx=3985 burst=21/36 cum=601/960=0.626
1790216307989 [spec-acc] ctx=4018 burst=23/27 cum=624/987=0.632
1790216308141 [spec-acc] ctx=4050 burst=25/30 cum=649/1017=0.638
1790216308326 [spec-acc] ctx=4085 burst=20/36 cum=669/1053=0.635
1790216308465 [spec-acc] ctx=4117 burst=23/27 cum=692/1080=0.641
1790216308516 [fa-pool] grow #3 dev=0 o_len 1064960 -> 2129920 ml_len 4160 -> 8320 (retired kept, zero=false)
1790216308712 [spec-acc] ctx=4149 burst=17/48 cum=709/1128=0.629
1790216308851 [spec-acc] ctx=4182 burst=25/27 cum=734/1155=0.635
1790216309052 [spec-acc] ctx=4216 burst=20/39 cum=754/1194=0.631
1790216309191 [spec-acc] ctx=4249 burst=25/27 cum=779/1221=0.638
1790216309359 [spec-acc] ctx=4283 burst=23/33 cum=802/1254=0.640
1790216309482 [spec-acc] ctx=4317 burst=24/24 cum=826/1278=0.646
1790216309637 [spec-acc] ctx=4349 burst=23/30 cum=849/1308=0.649
1790216309775 [spec-acc] ctx=4382 burst=23/27 cum=872/1335=0.653
1790216309946 [spec-acc] ctx=4414 burst=21/33 cum=893/1368=0.653
1790216310084 [spec-acc] ctx=4446 burst=23/27 cum=916/1395=0.657
1790216310239 [spec-acc] ctx=4478 burst=25/30 cum=941/1425=0.660
1790216310393 [spec-acc] ctx=4513 burst=23/30 cum=964/1455=0.663
1790216310531 [spec-acc] ctx=4546 burst=24/27 cum=988/1482=0.667
1790216310701 [spec-acc] ctx=4579 burst=22/33 cum=1010/1515=0.667
1790216310840 [spec-acc] ctx=4612 burst=24/27 cum=1034/1542=0.671
1790216311041 [spec-acc] ctx=4645 burst=19/39 cum=1053/1581=0.666
1790216311179 [spec-acc] ctx=4677 burst=25/27 cum=1078/1608=0.670
1790216311302 [spec-acc] ctx=4711 burst=24/24 cum=1102/1632=0.675
1790216311483 [spec-acc] ctx=4743 burst=22/33 cum=1124/1665=0.675
1790216311668 [spec-acc] ctx=4776 burst=22/33 cum=1146/1698=0.675
1790216311833 [spec-acc] ctx=4809 burst=22/30 cum=1168/1728=0.676
1790216311964 [spec-acc] ctx=4841 burst=24/24 cum=1192/1752=0.680
1790216312111 [spec-acc] ctx=4873 burst=26/27 cum=1218/1779=0.685
1790216312258 [spec-acc] ctx=4908 burst=25/27 cum=1243/1806=0.688
1790216312418 [spec-acc] ctx=4942 burst=24/30 cum=1267/1836=0.690
1790216312595 [spec-acc] ctx=4976 burst=21/33 cum=1288/1869=0.689
1790216312722 [spec-acc] ctx=5008 burst=24/24 cum=1312/1893=0.693
1790216312882 [spec-acc] ctx=5040 burst=24/30 cum=1336/1923=0.695
1790216313059 [spec-acc] ctx=5074 burst=21/33 cum=1357/1956=0.694
1790216313236 [spec-acc] ctx=5106 burst=21/33 cum=1378/1989=0.693
1790216313284 [spec-acc] ctx=5138 burst=3/9 cum=1381/1998=0.691
1790216313286 [meter] admit id=chatcmpl-59ecf98d20b0e0b19730be0b83e2d739 tenant=default lane=interactive model="q9"
1790216313297 [admission] per-session draft-state charge: model="q9" +44MB (measured capture high-water)
1790216313297 [admission] request cost: model="q9" ctx=5208 path=spec = 16704 B/token x ctx + 1116MB prefill-workspace + 113MB fixed = 1316MB
1790216313297 [admit-predict] id=chatcmpl-59ecf98d20b0e0b19730be0b83e2d739 tenant="" model="q9" verdict=admit reason=global-p95 prompt=3096 predicted_completion=2048 kv_hat=1358495688 booked_bytes=0 booked_real=0 inflight=0 cap=64 budget_bytes=12831671424 retry_after_s=- exempt=0 enforce=0 live_free_bytes=-
1790216313297 [admit-mem] id=chatcmpl-59ecf98d20b0e0b19730be0b83e2d739 model="q9" verdict=admit prompt=3096 output_bound=- charged_ctx=5208 est_bytes=2970043848 est_context=86994432 est_fixed=2883049416 device_free=14623256632 pending_prime=0 pending_seed=0 host_free=0 demotable=1392277504 short_by=0 inflight=0 cap=64 waited_ms=0 retry_after_s=-
1790216313299 [worker] spec-affinity: declined (history diverged at 4 of checkpoint 2912; 2 parked, 3096 prompt tokens; model q9)
1790216313299 [spec-k] model="q9" tenant="" K=3 source=cold-long prompt=3096 cached=0 lcp=6 active=1 wave=1 placement=single-or-non-pp2
1790216314255 [spec-acc] ctx=3096 burst=21/30 cum=21/30=0.700
1790216314255 [prefix-cache] insert (spec-boundary): 3072 tokens, 104.0MB (resident 1496.3MB / 2052MB, model q9)
1790216314473 [spec-acc] ctx=3128 burst=21/39 cum=42/69=0.609
1790216314637 [spec-acc] ctx=3162 burst=25/30 cum=67/99=0.677
1790216314865 [spec-acc] ctx=3197 burst=19/42 cum=86/141=0.610
1790216315091 [spec-acc] ctx=3230 burst=21/42 cum=107/183=0.585
1790216315281 [spec-acc] ctx=3265 burst=20/36 cum=127/219=0.580
1790216315455 [spec-acc] ctx=3297 burst=22/33 cum=149/252=0.591
1790216315675 [spec-acc] ctx=3330 burst=19/42 cum=168/294=0.571
1790216315860 [spec-acc] ctx=3363 burst=21/36 cum=189/330=0.573
1790216316091 [spec-acc] ctx=3396 burst=18/45 cum=207/375=0.552
1790216316291 [spec-acc] ctx=3429 burst=20/39 cum=227/414=0.548
1790216316445 [spec-acc] ctx=3462 burst=24/30 cum=251/444=0.565
1790216316645 [spec-acc] ctx=3496 burst=19/39 cum=270/483=0.559
1790216316876 [spec-acc] ctx=3528 burst=20/45 cum=290/528=0.549
1790216317046 [spec-acc] ctx=3563 burst=22/33 cum=312/561=0.556
1790216317200 [spec-acc] ctx=3596 burst=25/30 cum=337/591=0.570
1790216317401 [spec-acc] ctx=3631 burst=20/39 cum=357/630=0.567
1790216317539 [spec-acc] ctx=3664 burst=23/27 cum=380/657=0.578
1790216317719 [spec-acc] ctx=3696 burst=21/33 cum=401/690=0.581
1790216317872 [spec-acc] ctx=3728 burst=23/30 cum=424/720=0.589
1790216318030 [spec-acc] ctx=3761 burst=23/30 cum=447/750=0.596
1790216318168 [spec-acc] ctx=3794 burst=26/27 cum=473/777=0.609
1790216318364 [spec-acc] ctx=3829 burst=21/36 cum=494/813=0.608
1790216318519 [spec-acc] ctx=3862 burst=24/30 cum=518/843=0.614
1790216318721 [spec-acc] ctx=3896 burst=19/39 cum=537/882=0.609
1790216318919 [spec-acc] ctx=3928 burst=22/36 cum=559/918=0.609
1790216319089 [spec-acc] ctx=3962 burst=22/33 cum=581/951=0.611
1790216319268 [spec-acc] ctx=3995 burst=24/33 cum=605/984=0.615
1790216319442 [spec-acc] ctx=4030 burst=24/33 cum=629/1017=0.618
1790216319645 [spec-acc] ctx=4065 burst=22/39 cum=651/1056=0.616
1790216319785 [spec-acc] ctx=4100 burst=24/27 cum=675/1083=0.623
1790216319950 [spec-acc] ctx=4133 burst=23/30 cum=698/1113=0.627
1790216320138 [spec-acc] ctx=4166 burst=20/36 cum=718/1149=0.625
1790216320318 [spec-acc] ctx=4198 burst=24/33 cum=742/1182=0.628
1790216320458 [spec-acc] ctx=4233 burst=24/27 cum=766/1209=0.634
1790216320677 [spec-acc] ctx=4266 burst=20/42 cum=786/1251=0.628
1790216320839 [spec-acc] ctx=4300 burst=22/30 cum=808/1281=0.631
1790216320999 [spec-acc] ctx=4332 burst=23/30 cum=831/1311=0.634
1790216321155 [spec-acc] ctx=4365 burst=22/30 cum=853/1341=0.636
1790216321315 [spec-acc] ctx=4397 burst=23/30 cum=876/1371=0.639
1790216321487 [spec-acc] ctx=4430 burst=21/33 cum=897/1404=0.639
1790216321630 [spec-acc] ctx=4462 burst=23/27 cum=920/1431=0.643
1790216321839 [spec-acc] ctx=4494 burst=21/39 cum=941/1470=0.640
1790216321964 [spec-acc] ctx=4528 burst=24/24 cum=965/1494=0.646
1790216322168 [spec-acc] ctx=4560 burst=22/39 cum=987/1533=0.644
1790216322293 [spec-acc] ctx=4595 burst=24/24 cum=1011/1557=0.649
1790216322484 [spec-acc] ctx=4627 burst=22/36 cum=1033/1593=0.648
1790216322640 [spec-acc] ctx=4661 burst=23/30 cum=1056/1623=0.651
1790216322783 [spec-acc] ctx=4694 burst=24/27 cum=1080/1650=0.655
1790216322925 [spec-acc] ctx=4727 burst=23/27 cum=1103/1677=0.658
1790216323131 [spec-acc] ctx=4759 burst=19/39 cum=1122/1716=0.654
1790216323288 [spec-acc] ctx=4791 burst=23/30 cum=1145/1746=0.656
1790216323432 [spec-acc] ctx=4824 burst=25/27 cum=1170/1773=0.660
1790216323573 [spec-acc] ctx=4858 burst=26/27 cum=1196/1800=0.664
1790216323780 [spec-acc] ctx=4893 burst=19/39 cum=1215/1839=0.661
1790216323924 [spec-acc] ctx=4925 burst=23/27 cum=1238/1866=0.663
1790216324145 [spec-acc] ctx=4957 burst=18/42 cum=1256/1908=0.658
1790216324303 [spec-acc] ctx=4989 burst=25/30 cum=1281/1938=0.661
1790216324477 [spec-acc] ctx=5024 burst=23/33 cum=1304/1971=0.662
1790216324635 [spec-acc] ctx=5058 burst=23/30 cum=1327/2001=0.663
1790216324810 [spec-acc] ctx=5091 burst=21/33 cum=1348/2034=0.663
1790216324905 [spec-acc] ctx=5123 burst=18/18 cum=1366/2052=0.666
1790216324907 [meter] admit id=chatcmpl-9c30f4eed960be371d46a33dcae31321 tenant=default lane=interactive model="q9"
1790216324918 [admission] per-session draft-state charge: model="q9" +44MB (measured capture high-water)
1790216324918 [admission] request cost: model="q9" ctx=5209 path=spec = 16704 B/token x ctx + 1116MB prefill-workspace + 113MB fixed = 1316MB
1790216324918 [admit-predict] id=chatcmpl-9c30f4eed960be371d46a33dcae31321 tenant="" model="q9" verdict=admit reason=global-p95 prompt=3097 predicted_completion=2048 kv_hat=1358872840 booked_bytes=0 booked_real=0 inflight=0 cap=64 budget_bytes=12831671424 retry_after_s=- exempt=0 enforce=0 live_free_bytes=-
1790216324918 [admit-mem] id=chatcmpl-9c30f4eed960be371d46a33dcae31321 model="q9" verdict=admit prompt=3097 output_bound=- charged_ctx=5209 est_bytes=2970421000 est_context=87011136 est_fixed=2883409864 device_free=14480293560 pending_prime=0 pending_seed=0 host_free=0 demotable=1496299520 short_by=0 inflight=0 cap=64 waited_ms=0 retry_after_s=-
1790216324921 [worker] spec-affinity: declined (history diverged at 6 of checkpoint 3072; 2 parked, 3097 prompt tokens; model q9)
1790216324921 [spec-k] model="q9" tenant="" K=3 source=cold-long prompt=3097 cached=0 lcp=6 active=1 wave=1 placement=single-or-non-pp2
1790216324921 [admission] fixed residual high-water: model="q9" 113MB (observed 199MB at ctx 5153 path=spec)
1790216325906 [spec-acc] ctx=3097 burst=20/33 cum=20/33=0.606
1790216325906 [prefix-cache] insert (spec-boundary): 3072 tokens, 104.0MB (resident 1600.3MB / 2052MB, model q9)
1790216326091 [spec-acc] ctx=3129 burst=21/33 cum=41/66=0.621
1790216326260 [spec-acc] ctx=3161 burst=25/30 cum=66/96=0.688
1790216326445 [spec-acc] ctx=3196 burst=21/33 cum=87/129=0.674
1790216326611 [spec-acc] ctx=3228 burst=23/30 cum=110/159=0.692
1790216326786 [spec-acc] ctx=3261 burst=23/33 cum=133/192=0.693
1790216327039 [spec-acc] ctx=3295 burst=18/48 cum=151/240=0.629
1790216327212 [spec-acc] ctx=3329 burst=21/33 cum=172/273=0.630
1790216327430 [spec-acc] ctx=3361 burst=19/42 cum=191/315=0.606
1790216327584 [spec-acc] ctx=3394 burst=22/30 cum=213/345=0.617
1790216327788 [spec-acc] ctx=3426 burst=22/39 cum=235/384=0.612
1790216327959 [spec-acc] ctx=3461 burst=21/33 cum=256/417=0.614
1790216328113 [spec-acc] ctx=3493 burst=22/30 cum=278/447=0.622
1790216328283 [spec-acc] ctx=3525 burst=22/33 cum=300/480=0.625
1790216328452 [spec-acc] ctx=3558 burst=23/33 cum=323/513=0.630
1790216328622 [spec-acc] ctx=3592 burst=21/33 cum=344/546=0.630
1790216328806 [spec-acc] ctx=3624 burst=22/36 cum=366/582=0.629
1790216328977 [spec-acc] ctx=3658 burst=21/33 cum=387/615=0.629
1790216329131 [spec-acc] ctx=3690 burst=23/30 cum=410/645=0.636
1790216329316 [spec-acc] ctx=3723 burst=22/36 cum=432/681=0.634
1790216329455 [spec-acc] ctx=3757 burst=23/27 cum=455/708=0.643
1790216329655 [spec-acc] ctx=3789 burst=22/39 cum=477/747=0.639
1790216329855 [spec-acc] ctx=3824 burst=22/39 cum=499/786=0.635
1790216330056 [spec-acc] ctx=3859 burst=21/39 cum=520/825=0.630
1790216330210 [spec-acc] ctx=3893 burst=22/30 cum=542/855=0.634
1790216330364 [spec-acc] ctx=3925 burst=24/30 cum=566/885=0.640
1790216330504 [spec-acc] ctx=3959 burst=24/27 cum=590/912=0.647
1790216330677 [spec-acc] ctx=3992 burst=22/33 cum=612/945=0.648
1790216330927 [spec-acc] ctx=4025 burst=18/48 cum=630/993=0.634
1790216331082 [spec-acc] ctx=4059 burst=22/30 cum=652/1023=0.637
1790216331271 [spec-acc] ctx=4091 burst=20/36 cum=672/1059=0.635
1790216331411 [spec-acc] ctx=4123 burst=23/27 cum=695/1086=0.640
1790216331598 [spec-acc] ctx=4155 burst=22/36 cum=717/1122=0.639
1790216331741 [spec-acc] ctx=4189 burst=26/27 cum=743/1149=0.647
1790216331897 [spec-acc] ctx=4224 burst=22/30 cum=765/1179=0.649
1790216332053 [spec-acc] ctx=4256 burst=24/30 cum=789/1209=0.653
1790216332227 [spec-acc] ctx=4290 burst=22/33 cum=811/1242=0.653
1790216332398 [spec-acc] ctx=4323 burst=24/33 cum=835/1275=0.655
1790216332538 [spec-acc] ctx=4358 burst=25/27 cum=860/1302=0.661
1790216332712 [spec-acc] ctx=4392 burst=23/33 cum=883/1335=0.661
1790216332918 [spec-acc] ctx=4426 burst=19/39 cum=902/1374=0.656
1790216333074 [spec-acc] ctx=4458 burst=22/30 cum=924/1404=0.658
1790216333230 [spec-acc] ctx=4490 burst=24/30 cum=948/1434=0.661
1790216333371 [spec-acc] ctx=4524 burst=24/27 cum=972/1461=0.665
1790216333519 [spec-acc] ctx=4557 burst=23/27 cum=995/1488=0.669
1790216333707 [spec-acc] ctx=4589 burst=22/36 cum=1017/1524=0.667
1790216333902 [spec-acc] ctx=4623 burst=23/36 cum=1040/1560=0.667
1790216334045 [spec-acc] ctx=4658 burst=24/27 cum=1064/1587=0.670
1790216334202 [spec-acc] ctx=4691 burst=25/30 cum=1089/1617=0.673
1790216334354 [spec-acc] ctx=4726 burst=23/27 cum=1112/1644=0.676
1790216334516 [spec-acc] ctx=4758 burst=25/30 cum=1137/1674=0.679
1790216334674 [spec-acc] ctx=4793 burst=25/30 cum=1162/1704=0.682
1790216334833 [spec-acc] ctx=4828 burst=23/30 cum=1185/1734=0.683
1790216334990 [spec-acc] ctx=4861 burst=23/30 cum=1208/1764=0.685
1790216335196 [spec-acc] ctx=4894 burst=22/39 cum=1230/1803=0.682
1790216335403 [spec-acc] ctx=4929 burst=21/39 cum=1251/1842=0.679
1790216335533 [spec-acc] ctx=4963 burst=24/24 cum=1275/1866=0.683
1790216335675 [spec-acc] ctx=4995 burst=26/27 cum=1301/1893=0.687
1790216335823 [spec-acc] ctx=5030 burst=24/27 cum=1325/1920=0.690
1790216335949 [spec-acc] ctx=5063 burst=24/24 cum=1349/1944=0.694
1790216336124 [spec-acc] ctx=5095 burst=21/33 cum=1370/1977=0.693
1790216336203 [spec-acc] ctx=5127 burst=14/15 cum=1384/1992=0.695
1790216336205 [meter] admit id=chatcmpl-e19bf5665d06ef7216e35cfab997c287 tenant=default lane=interactive model="q9"
1790216336217 [admission] per-session draft-state charge: model="q9" +44MB (measured capture high-water)
1790216336217 [admission] request cost: model="q9" ctx=5208 path=spec = 16704 B/token x ctx + 1116MB prefill-workspace + 113MB fixed = 1316MB
1790216336217 [admit-predict] id=chatcmpl-e19bf5665d06ef7216e35cfab997c287 tenant="" model="q9" verdict=admit reason=global-p95 prompt=3096 predicted_completion=2048 kv_hat=1358497544 booked_bytes=0 booked_real=0 inflight=0 cap=64 budget_bytes=12831671424 retry_after_s=- exempt=0 enforce=0 live_free_bytes=-
1790216336217 [admit-mem] id=chatcmpl-e19bf5665d06ef7216e35cfab997c287 model="q9" verdict=admit prompt=3096 output_bound=- charged_ctx=5208 est_bytes=2970045704 est_context=86994432 est_fixed=2883051272 device_free=14376269368 pending_prime=0 pending_seed=0 host_free=0 demotable=1600321536 short_by=0 inflight=0 cap=64 waited_ms=0 retry_after_s=-
1790216336220 [worker] spec-affinity: declined (history diverged at 6 of checkpoint 3072; 2 parked, 3096 prompt tokens; model q9)
1790216336220 [spec-k] model="q9" tenant="" K=3 source=cold-long prompt=3096 cached=0 lcp=6 active=1 wave=1 placement=single-or-non-pp2
1790216337235 [spec-acc] ctx=3096 burst=21/33 cum=21/33=0.636
1790216337235 [prefix-cache] insert (spec-boundary): 3072 tokens, 104.0MB (resident 1704.3MB / 2052MB, model q9)
1790216337464 [spec-acc] ctx=3129 burst=21/39 cum=42/72=0.583
1790216337619 [spec-acc] ctx=3163 burst=25/27 cum=67/99=0.677
1790216337805 [spec-acc] ctx=3197 burst=21/33 cum=88/132=0.667
1790216338003 [spec-acc] ctx=3229 burst=23/36 cum=111/168=0.661
1790216338183 [spec-acc] ctx=3264 burst=21/33 cum=132/201=0.657
1790216338376 [spec-acc] ctx=3296 burst=23/36 cum=155/237=0.654
1790216338585 [spec-acc] ctx=3331 burst=21/39 cum=176/276=0.638
1790216338790 [spec-acc] ctx=3365 burst=22/39 cum=198/315=0.629
1790216339058 [spec-acc] ctx=3400 burst=17/51 cum=215/366=0.587
1790216339246 [spec-acc] ctx=3434 burst=21/36 cum=236/402=0.587
1790216339403 [spec-acc] ctx=3467 burst=22/30 cum=258/432=0.597
1790216339560 [spec-acc] ctx=3499 burst=22/30 cum=280/462=0.606
1790216339762 [spec-acc] ctx=3531 burst=19/39 cum=299/501=0.597
1790216339999 [spec-acc] ctx=3563 burst=19/45 cum=318/546=0.582
1790216340205 [spec-acc] ctx=3597 burst=22/39 cum=340/585=0.581
1790216340424 [spec-acc] ctx=3632 burst=20/42 cum=360/627=0.574
1790216340580 [spec-acc] ctx=3666 burst=25/30 cum=385/657=0.586
1790216340801 [spec-acc] ctx=3701 burst=18/42 cum=403/699=0.577
1790216340975 [spec-acc] ctx=3733 burst=22/33 cum=425/732=0.581
1790216341116 [spec-acc] ctx=3766 burst=23/27 cum=448/759=0.590
1790216341303 [spec-acc] ctx=3798 burst=20/36 cum=468/795=0.589
1790216341508 [spec-acc] ctx=3830 burst=22/39 cum=490/834=0.588
1790216341649 [spec-acc] ctx=3865 burst=23/27 cum=513/861=0.596
1790216341807 [spec-acc] ctx=3897 burst=23/30 cum=536/891=0.602
1790216341997 [spec-acc] ctx=3930 burst=23/36 cum=559/927=0.603
1790216342140 [spec-acc] ctx=3965 burst=23/27 cum=582/954=0.610
1790216342297 [spec-acc] ctx=3997 burst=23/30 cum=605/984=0.615
1790216342457 [spec-acc] ctx=4030 burst=23/30 cum=628/1014=0.619
1790216342599 [spec-acc] ctx=4063 burst=26/27 cum=654/1041=0.628
1790216342758 [spec-acc] ctx=4098 burst=24/30 cum=678/1071=0.633
1790216342917 [spec-acc] ctx=4132 burst=22/30 cum=700/1101=0.636
1790216343078 [spec-acc] ctx=4164 burst=23/30 cum=723/1131=0.639
1790216343267 [spec-acc] ctx=4197 burst=23/36 cum=746/1167=0.639
1790216343443 [spec-acc] ctx=4232 burst=23/33 cum=769/1200=0.641
1790216343618 [spec-acc] ctx=4266 burst=23/33 cum=792/1233=0.642
1790216343779 [spec-acc] ctx=4300 burst=25/30 cum=817/1263=0.647
1790216343953 [spec-acc] ctx=4335 burst=22/33 cum=839/1296=0.647
1790216344097 [spec-acc] ctx=4368 burst=25/27 cum=864/1323=0.653
1790216344304 [spec-acc] ctx=4402 burst=22/39 cum=886/1362=0.651
1790216344448 [spec-acc] ctx=4437 burst=23/27 cum=909/1389=0.654
1790216344655 [spec-acc] ctx=4469 burst=22/39 cum=931/1428=0.652
1790216344833 [spec-acc] ctx=4504 burst=23/33 cum=954/1461=0.653
1790216344975 [spec-acc] ctx=4538 burst=24/27 cum=978/1488=0.657
1790216345152 [spec-acc] ctx=4571 burst=21/33 cum=999/1521=0.657
1790216345312 [spec-acc] ctx=4603 burst=25/30 cum=1024/1551=0.660
1790216345471 [spec-acc] ctx=4638 burst=25/30 cum=1049/1581=0.664
1790216345665 [spec-acc] ctx=4673 burst=22/36 cum=1071/1617=0.662
1790216345905 [spec-acc] ctx=4707 burst=17/45 cum=1088/1662=0.655
1790216346115 [spec-acc] ctx=4739 burst=21/39 cum=1109/1701=0.652
1790216346274 [spec-acc] ctx=4773 burst=23/30 cum=1132/1731=0.654
1790216346468 [spec-acc] ctx=4806 burst=23/36 cum=1155/1767=0.654
1790216346643 [spec-acc] ctx=4841 burst=23/33 cum=1178/1800=0.654
1790216346771 [spec-acc] ctx=4875 burst=24/24 cum=1202/1824=0.659
1790216346951 [spec-acc] ctx=4907 burst=22/33 cum=1224/1857=0.659
1790216347095 [spec-acc] ctx=4940 burst=23/27 cum=1247/1884=0.662
1790216347272 [spec-acc] ctx=4972 burst=21/33 cum=1268/1917=0.661
1790216347453 [spec-acc] ctx=5004 burst=23/33 cum=1291/1950=0.662
1790216347597 [spec-acc] ctx=5038 burst=25/27 cum=1316/1977=0.666
1790216347774 [spec-acc] ctx=5072 burst=22/33 cum=1338/2010=0.666
1790216347937 [spec-acc] ctx=5105 burst=25/30 cum=1363/2040=0.668
1790216347953 [spec-acc] ctx=5140 burst=3/3 cum=1366/2043=0.669
1790216347956 [meter] admit id=chatcmpl-77a1d82364d3cf8008b918d9409a63f9 tenant=default lane=interactive model="q9"
1790216347967 [admission] per-session draft-state charge: model="q9" +44MB (measured capture high-water)
1790216347967 [admission] request cost: model="q9" ctx=5206 path=spec = 16704 B/token x ctx + 1115MB prefill-workspace + 113MB fixed = 1315MB
1790216347967 [admit-predict] id=chatcmpl-77a1d82364d3cf8008b918d9409a63f9 tenant="" model="q9" verdict=admit reason=tenant-p95 prompt=3094 predicted_completion=2048 kv_hat=1357743240 booked_bytes=0 booked_real=0 inflight=0 cap=64 budget_bytes=12831671424 retry_after_s=- exempt=0 enforce=0 live_free_bytes=-
1790216347967 [admit-mem] id=chatcmpl-77a1d82364d3cf8008b918d9409a63f9 model="q9" verdict=admit prompt=3094 output_bound=- charged_ctx=5206 est_bytes=2969291400 est_context=86961024 est_fixed=2882330376 device_free=14272263736 pending_prime=0 pending_seed=0 host_free=0 demotable=1704343552 short_by=0 inflight=0 cap=64 waited_ms=0 retry_after_s=-
1790216347969 [worker] spec-affinity: declined (history diverged at 6 of checkpoint 3072; 2 parked, 3094 prompt tokens; model q9)
1790216347970 [spec-k] model="q9" tenant="" K=3 source=cold-long prompt=3094 cached=0 lcp=6 active=1 wave=1 placement=single-or-non-pp2
1790216348981 [spec-acc] ctx=3094 burst=21/33 cum=21/33=0.636
1790216348981 [prefix-cache] insert (spec-boundary): 3072 tokens, 104.0MB (resident 1808.4MB / 2052MB, model q9)
1790216349220 [spec-acc] ctx=3127 burst=20/42 cum=41/75=0.547
1790216349410 [spec-acc] ctx=3161 burst=21/33 cum=62/108=0.574
1790216349593 [spec-acc] ctx=3193 burst=22/33 cum=84/141=0.596
1790216349744 [spec-acc] ctx=3226 burst=24/27 cum=108/168=0.643
1790216349959 [spec-acc] ctx=3259 burst=22/39 cum=130/207=0.628
1790216350122 [spec-acc] ctx=3294 burst=25/30 cum=155/237=0.654
1790216350321 [spec-acc] ctx=3329 burst=21/36 cum=176/273=0.645
1790216350561 [spec-acc] ctx=3362 burst=18/45 cum=194/318=0.610
1790216350766 [spec-acc] ctx=3395 burst=22/39 cum=216/357=0.605
1790216350936 [spec-acc] ctx=3430 burst=22/33 cum=238/390=0.610
1790216351090 [spec-acc] ctx=3463 burst=25/30 cum=263/420=0.626
1790216351276 [spec-acc] ctx=3498 burst=21/36 cum=284/456=0.623
1790216351414 [spec-acc] ctx=3531 burst=23/27 cum=307/483=0.636
1790216351619 [spec-acc] ctx=3563 burst=20/39 cum=327/522=0.626
1790216351836 [spec-acc] ctx=3596 burst=18/42 cum=345/564=0.612
1790216352022 [spec-acc] ctx=3628 burst=23/36 cum=368/600=0.613
1790216352208 [spec-acc] ctx=3663 burst=22/36 cum=390/636=0.613
1790216352331 [spec-acc] ctx=3697 burst=24/24 cum=414/660=0.627
1790216352488 [spec-acc] ctx=3729 burst=24/30 cum=438/690=0.635
1790216352660 [spec-acc] ctx=3763 burst=21/33 cum=459/723=0.635
1790216352799 [spec-acc] ctx=3795 burst=24/27 cum=483/750=0.644
1790216352953 [spec-acc] ctx=3828 burst=23/30 cum=506/780=0.649
1790216353170 [spec-acc] ctx=3861 burst=21/42 cum=527/822=0.641
1790216353325 [spec-acc] ctx=3896 burst=22/30 cum=549/852=0.644
1790216353512 [spec-acc] ctx=3928 burst=22/36 cum=571/888=0.643
1790216353654 [spec-acc] ctx=3962 burst=24/27 cum=595/915=0.650
1790216353873 [spec-acc] ctx=3995 burst=18/42 cum=613/957=0.641
1790216354061 [spec-acc] ctx=4027 burst=22/36 cum=635/993=0.639
1790216354217 [spec-acc] ctx=4061 burst=23/30 cum=658/1023=0.643
1790216354361 [spec-acc] ctx=4094 burst=24/27 cum=682/1050=0.650
1790216354548 [spec-acc] ctx=4127 burst=21/36 cum=703/1086=0.647
1790216354768 [spec-acc] ctx=4160 burst=19/42 cum=722/1128=0.640
1790216354925 [spec-acc] ctx=4193 burst=24/30 cum=746/1158=0.644
1790216355097 [spec-acc] ctx=4227 burst=24/33 cum=770/1191=0.647
1790216355240 [spec-acc] ctx=4262 burst=24/27 cum=794/1218=0.652
1790216355428 [spec-acc] ctx=4295 burst=20/36 cum=814/1254=0.649
1790216355619 [spec-acc] ctx=4327 burst=21/36 cum=835/1290=0.647
1790216355809 [spec-acc] ctx=4360 burst=20/36 cum=855/1326=0.645
1790216356014 [spec-acc] ctx=4392 burst=21/39 cum=876/1365=0.642
1790216356188 [spec-acc] ctx=4426 burst=22/33 cum=898/1398=0.642
1790216356347 [spec-acc] ctx=4459 burst=24/30 cum=922/1428=0.646
1790216356567 [spec-acc] ctx=4493 burst=19/42 cum=941/1470=0.640
1790216356694 [spec-acc] ctx=4526 burst=24/24 cum=965/1494=0.646
1790216356851 [spec-acc] ctx=4558 burst=25/30 cum=990/1524=0.650
1790216357057 [spec-acc] ctx=4593 burst=22/39 cum=1012/1563=0.647
1790216357199 [spec-acc] ctx=4628 burst=24/27 cum=1036/1590=0.652
1790216357336 [spec-acc] ctx=4661 burst=24/24 cum=1060/1614=0.657
1790216357559 [spec-acc] ctx=4693 burst=21/39 cum=1081/1653=0.654
1790216357694 [spec-acc] ctx=4727 burst=24/24 cum=1105/1677=0.659
1790216357912 [spec-acc] ctx=4759 burst=19/39 cum=1124/1716=0.655
1790216358126 [spec-acc] ctx=4791 burst=21/39 cum=1145/1755=0.652
1790216358306 [spec-acc] ctx=4825 burst=21/33 cum=1166/1788=0.652
1790216358453 [spec-acc] ctx=4857 burst=23/27 cum=1189/1815=0.655
1790216358670 [spec-acc] ctx=4889 burst=19/39 cum=1208/1854=0.652
1790216358832 [spec-acc] ctx=4921 burst=24/30 cum=1232/1884=0.654
1790216359027 [spec-acc] ctx=4955 burst=21/36 cum=1253/1920=0.653
1790216359253 [spec-acc] ctx=4988 burst=19/42 cum=1272/1962=0.648
1790216359383 [spec-acc] ctx=5021 burst=24/24 cum=1296/1986=0.653
1790216359527 [spec-acc] ctx=5053 burst=23/27 cum=1319/2013=0.655
1790216359655 [spec-acc] ctx=5085 burst=24/24 cum=1343/2037=0.659
1790216359769 [spec-acc] ctx=5117 burst=19/21 cum=1362/2058=0.662
1790216360779 [meter] admit id=chatcmpl-deb66e9bf304148ad63e5c0891ef3b7d tenant=default lane=interactive model="q9"
1790216360784 [admission] per-session draft-state charge: model="q9" +44MB (measured capture high-water)
1790216360784 [admission] request cost: model="q9" ctx=5824 path=spec = 16704 B/token x ctx + 1502MB prefill-workspace + 113MB fixed = 1712MB
1790216360784 [admit-predict] id=chatcmpl-deb66e9bf304148ad63e5c0891ef3b7d tenant="" model="q9" verdict=admit reason=tenant-p95 prompt=5664 predicted_completion=96 kv_hat=1754925320 booked_bytes=0 booked_real=0 inflight=0 cap=64 budget_bytes=12831671424 retry_after_s=- exempt=0 enforce=0 live_free_bytes=-
1790216360784 [admit-mem] id=chatcmpl-deb66e9bf304148ad63e5c0891ef3b7d model="q9" verdict=admit prompt=5664 output_bound=96 charged_ctx=5824 est_bytes=3366473480 est_context=97284096 est_fixed=3269189384 device_free=14168313784 pending_prime=0 pending_seed=0 host_free=0 demotable=1808365568 short_by=0 inflight=0 cap=64 waited_ms=0 retry_after_s=-
1790216360788 [worker] spec-affinity: declined (history diverged at 4 of checkpoint 3072; 2 parked, 5664 prompt tokens; model q9)
1790216360789 [spec-k] model="q9" tenant="" K=3 source=cold-long prompt=5664 cached=0 lcp=5 active=1 wave=1 placement=single-or-non-pp2
1790216360789 [admission] fixed residual high-water: model="q9" 114MB (observed 210MB at ctx 5768 path=spec)
1790216361688 [prime-yield] count=1 remaining=4 chunks=1 wall_ms=898.814 max_chunk_ms=898.814
1790216362072 [prime-yield] count=2 remaining=3 chunks=1 wall_ms=384.496 max_chunk_ms=384.496
1790216362141 [prime-yield] count=3 remaining=2 chunks=1 wall_ms=68.418 max_chunk_ms=68.418
1790216362167 [prime-yield] count=4 remaining=1 chunks=1 wall_ms=26.532 max_chunk_ms=26.532
1790216362178 [prefix-cache] insert (spec-boundary): 5632 tokens, 146.8MB (resident 1955.1MB / 2052MB, model q9)
1790216362337 [spec-acc] ctx=5665 burst=22/27 cum=22/27=0.815
1790216362578 [spec-acc] ctx=5697 burst=20/42 cum=42/69=0.609
1790216362763 [spec-acc] ctx=5731 burst=18/33 cum=60/102=0.588
1790216362772 [meter] admit id=chatcmpl-c2fea8c09699fb3e11e77ed4734f7bce tenant=default lane=interactive model="q9"
1790216362778 [admission] per-session draft-state charge: model="q9" +44MB (measured capture high-water)
1790216362778 [admission] request cost: model="q9" ctx=5820 path=spec = 16704 B/token x ctx + 1502MB prefill-workspace + 114MB fixed = 1713MB
1790216362778 [admit-predict] id=chatcmpl-c2fea8c09699fb3e11e77ed4734f7bce tenant="" model="q9" verdict=admit reason=tenant-p95 prompt=5660 predicted_completion=96 kv_hat=1755934408 booked_bytes=0 booked_real=0 inflight=0 cap=64 budget_bytes=12831671424 retry_after_s=- exempt=0 enforce=0 live_free_bytes=-
1790216362778 [admit-mem] id=chatcmpl-c2fea8c09699fb3e11e77ed4734f7bce model="q9" verdict=admit prompt=5660 output_bound=96 charged_ctx=5820 est_bytes=3367482568 est_context=97217280 est_fixed=3270265288 device_free=14003690424 pending_prime=0 pending_seed=0 host_free=0 demotable=1955149824 short_by=0 inflight=0 cap=64 waited_ms=0 retry_after_s=-
1790216362783 [worker] spec-affinity: declined (history diverged at 4 of checkpoint 3072; 2 parked, 5660 prompt tokens; model q9)
1790216362783 [spec-k] model="q9" tenant="" K=3 source=cold-long prompt=5660 cached=0 lcp=6 active=1 wave=1 placement=single-or-non-pp2
1790216363744 [prime-yield] count=1 remaining=4 chunks=1 wall_ms=961.331 max_chunk_ms=961.331
1790216364134 [prime-yield] count=2 remaining=3 chunks=1 wall_ms=389.502 max_chunk_ms=389.502
1790216364199 [prime-yield] count=3 remaining=2 chunks=1 wall_ms=64.826 max_chunk_ms=64.826
1790216364225 [prime-yield] count=4 remaining=1 chunks=1 wall_ms=26.465 max_chunk_ms=26.465
1790216364235 [prefix-cache] insert (spec-boundary): 5632 tokens, 146.8MB (resident 2101.9MB / 2052MB, model q9)
1790216364235 [prefix-cache] evict (LRU): 1632 tokens, 80.0MB (model q9)
1790216364395 [spec-acc] ctx=5661 burst=22/27 cum=22/27=0.815
1790216364683 [spec-acc] ctx=5693 burst=18/51 cum=40/78=0.513
1790216364833 [spec-acc] ctx=5728 burst=22/27 cum=62/105=0.590
1790216364842 [meter] admit id=chatcmpl-bf94990fcb5f718806943386adbe607c tenant=default lane=interactive model="q9"
1790216364852 [admission] per-session draft-state charge: model="q9" +44MB (measured capture high-water)
1790216364852 [admission] request cost: model="q9" ctx=5813 path=spec = 16704 B/token x ctx + 1502MB prefill-workspace + 114MB fixed = 1713MB
1790216364852 [admit-predict] id=chatcmpl-bf94990fcb5f718806943386adbe607c tenant="" model="q9" verdict=admit reason=tenant-p95 prompt=5653 predicted_completion=96 kv_hat=1755702792 booked_bytes=0 booked_real=0 inflight=0 cap=64 budget_bytes=12831671424 retry_after_s=- exempt=0 enforce=0 live_free_bytes=-
1790216364852 [admit-mem] id=chatcmpl-bf94990fcb5f718806943386adbe607c model="q9" verdict=admit prompt=5653 output_bound=96 charged_ctx=5813 est_bytes=3367250952 est_context=97100352 est_fixed=3270150600 device_free=13925478584 pending_prime=0 pending_seed=0 host_free=0 demotable=2021965824 short_by=0 inflight=0 cap=64 waited_ms=0 retry_after_s=-
1790216364857 [worker] spec-affinity: declined (history diverged at 6 of checkpoint 5632; 2 parked, 5653 prompt tokens; model q9)
1790216364858 [spec-k] model="q9" tenant="" K=3 source=cold-long prompt=5653 cached=0 lcp=6 active=1 wave=1 placement=single-or-non-pp2
1790216365808 [prime-yield] count=1 remaining=4 chunks=1 wall_ms=950.336 max_chunk_ms=950.336
1790216366198 [prime-yield] count=2 remaining=3 chunks=1 wall_ms=389.773 max_chunk_ms=389.773
1790216366263 [prime-yield] count=3 remaining=2 chunks=1 wall_ms=64.867 max_chunk_ms=64.867
1790216366290 [prime-yield] count=4 remaining=1 chunks=1 wall_ms=26.823 max_chunk_ms=26.823
1790216366300 [prefix-cache] insert (spec-boundary): 5632 tokens, 146.8MB (resident 2168.8MB / 2052MB, model q9)
1790216366300 [prefix-cache] evict (LRU): 1632 tokens, 80.0MB (model q9)
1790216366300 [prefix-cache] evict (LRU): 1632 tokens, 80.0MB (model q9)
1790216366465 [spec-acc] ctx=5654 burst=23/27 cum=23/27=0.852
1790216366669 [spec-acc] ctx=5687 burst=20/36 cum=43/63=0.683
1790216366855 [spec-acc] ctx=5719 burst=22/33 cum=65/96=0.677
1790216366864 [meter] admit id=chatcmpl-753f1eb36740e80075a67013328b351c tenant=default lane=interactive model="q9"
1790216366869 [admission] per-session draft-state charge: model="q9" +44MB (measured capture high-water)
1790216366869 [admission] request cost: model="q9" ctx=5810 path=spec = 16704 B/token x ctx + 1502MB prefill-workspace + 114MB fixed = 1713MB
1790216366869 [admit-predict] id=chatcmpl-753f1eb36740e80075a67013328b351c tenant="" model="q9" verdict=admit reason=tenant-p95 prompt=5650 predicted_completion=96 kv_hat=1755603528 booked_bytes=0 booked_real=0 inflight=0 cap=64 budget_bytes=12831671424 retry_after_s=- exempt=0 enforce=0 live_free_bytes=-
1790216366869 [admit-mem] id=chatcmpl-753f1eb36740e80075a67013328b351c model="q9" verdict=admit prompt=5650 output_bound=96 charged_ctx=5810 est_bytes=3367151688 est_context=97050240 est_fixed=3270101448 device_free=13938818616 pending_prime=0 pending_seed=0 host_free=0 demotable=2008813568 short_by=0 inflight=0 cap=64 waited_ms=0 retry_after_s=-
1790216366874 [worker] spec-affinity: declined (history diverged at 6 of checkpoint 5632; 2 parked, 5650 prompt tokens; model q9)
1790216366874 [spec-k] model="q9" tenant="" K=3 source=cold-long prompt=5650 cached=0 lcp=6 active=1 wave=1 placement=single-or-non-pp2
1790216367827 [prime-yield] count=1 remaining=4 chunks=1 wall_ms=952.920 max_chunk_ms=952.920
1790216368209 [prime-yield] count=2 remaining=3 chunks=1 wall_ms=381.965 max_chunk_ms=381.965
1790216368274 [prime-yield] count=3 remaining=2 chunks=1 wall_ms=64.949 max_chunk_ms=64.949
1790216368301 [prime-yield] count=4 remaining=1 chunks=1 wall_ms=26.498 max_chunk_ms=26.498
1790216368311 [prefix-cache] insert (spec-boundary): 5632 tokens, 146.8MB (resident 2155.6MB / 2052MB, model q9)
1790216368311 [prefix-cache] evict (LRU): 1632 tokens, 80.0MB (model q9)
1790216368311 [prefix-cache] evict (LRU): 1632 tokens, 80.0MB (model q9)
1790216368505 [spec-acc] ctx=5651 burst=21/33 cum=21/33=0.636
1790216368743 [spec-acc] ctx=5684 burst=19/42 cum=40/75=0.533
1790216368913 [spec-acc] ctx=5717 burst=20/30 cum=60/105=0.571
1790216368921 [meter] admit id=chatcmpl-9c16d4078697fc9d10d854afc0d70722 tenant=default lane=interactive model="q9"
1790216368928 [admission] per-session draft-state charge: model="q9" +44MB (measured capture high-water)
1790216368928 [admission] request cost: model="q9" ctx=5807 path=spec = 16704 B/token x ctx + 1502MB prefill-workspace + 114MB fixed = 1713MB
1790216368928 [admit-predict] id=chatcmpl-9c16d4078697fc9d10d854afc0d70722 tenant="" model="q9" verdict=admit reason=tenant-p95 prompt=5647 predicted_completion=96 kv_hat=1755504264 booked_bytes=0 booked_real=0 inflight=0 cap=64 budget_bytes=12831671424 retry_after_s=- exempt=0 enforce=0 live_free_bytes=-
1790216368928 [admit-mem] id=chatcmpl-9c16d4078697fc9d10d854afc0d70722 model="q9" verdict=admit prompt=5647 output_bound=96 charged_ctx=5807 est_bytes=3367052424 est_context=97000128 est_fixed=3270052296 device_free=13952140088 pending_prime=0 pending_seed=0 host_free=0 demotable=1995661312 short_by=0 inflight=0 cap=64 waited_ms=0 retry_after_s=-
1790216368933 [worker] spec-affinity: declined (history diverged at 6 of checkpoint 5632; 2 parked, 5647 prompt tokens; model q9)
1790216368933 [spec-k] model="q9" tenant="" K=3 source=cold-long prompt=5647 cached=0 lcp=6 active=1 wave=1 placement=single-or-non-pp2
1790216369872 [prime-yield] count=1 remaining=4 chunks=1 wall_ms=938.413 max_chunk_ms=938.413
1790216370243 [prime-yield] count=2 remaining=3 chunks=1 wall_ms=371.349 max_chunk_ms=371.349
1790216370307 [prime-yield] count=3 remaining=2 chunks=1 wall_ms=63.781 max_chunk_ms=63.781
1790216370333 [prime-yield] count=4 remaining=1 chunks=1 wall_ms=26.451 max_chunk_ms=26.451
1790216370344 [prefix-cache] insert (spec-boundary): 5600 tokens, 146.2MB (resident 2141.9MB / 2052MB, model q9)
1790216370344 [prefix-cache] evict (LRU): 1408 tokens, 76.2MB (model q9)
1790216370344 [prefix-cache] evict (LRU): 1408 tokens, 76.2MB (model q9)
1790216370518 [spec-acc] ctx=5648 burst=21/30 cum=21/30=0.700
1790216370753 [spec-acc] ctx=5680 burst=19/42 cum=40/72=0.556
1790216370935 [spec-acc] ctx=5713 burst=20/33 cum=60/105=0.571
1790216370937 [meter] admit id=chatcmpl-cb19fe1be4d7083d71e8378a67f3f992 tenant=default lane=interactive model="q9"
1790216370951 [admission] per-session draft-state charge: model="q9" +44MB (measured capture high-water)
1790216370951 [admission] request cost: model="q9" ctx=7867 path=spec = 16704 B/token x ctx + 1504MB prefill-workspace + 114MB fixed = 1749MB
1790216370951 [admit-predict] id=chatcmpl-cb19fe1be4d7083d71e8378a67f3f992 tenant="" model="q9" verdict=admit reason=tenant-p95 prompt=5755 predicted_completion=2048 kv_hat=1791683976 booked_bytes=0 booked_real=0 inflight=0 cap=64 budget_bytes=12831671424 retry_after_s=- exempt=0 enforce=0 live_free_bytes=-
1790216370951 [admit-mem] id=chatcmpl-cb19fe1be4d7083d71e8378a67f3f992 model="q9" verdict=admit prompt=5755 output_bound=- charged_ctx=7867 est_bytes=3403232136 est_context=131410368 est_fixed=3271821768 device_free=13958438456 pending_prime=0 pending_seed=0 host_free=0 demotable=1989457920 short_by=0 inflight=0 cap=64 waited_ms=0 retry_after_s=-
1790216370956 [worker] spec-affinity: declined (history diverged at 4 of checkpoint 5632; 2 parked, 5755 prompt tokens; model q9)
1790216370956 [spec-k] model="q9" tenant="" K=3 source=cold-long prompt=5755 cached=0 lcp=5 active=1 wave=1 placement=single-or-non-pp2
1790216370956 [admission] fixed residual high-water: model="q9" 118MB (observed 248MB at ctx 7811 path=spec)
1790216371884 [prime-yield] count=1 remaining=4 chunks=1 wall_ms=927.895 max_chunk_ms=927.895
1790216372298 [prime-yield] count=2 remaining=3 chunks=1 wall_ms=414.171 max_chunk_ms=414.171
1790216372361 [prime-yield] count=3 remaining=2 chunks=1 wall_ms=63.010 max_chunk_ms=63.010
1790216372388 [prime-yield] count=4 remaining=1 chunks=1 wall_ms=27.022 max_chunk_ms=27.022
1790216372400 [prefix-cache] insert (spec-boundary): 5728 tokens, 148.4MB (resident 2137.8MB / 2052MB, model q9)
1790216372400 [prefix-cache] evict (LRU): 1408 tokens, 76.2MB (model q9)
1790216372400 [prefix-cache] evict (LRU): 1408 tokens, 76.2MB (model q9)
1790216372558 [spec-acc] ctx=5756 burst=22/27 cum=22/27=0.815
1790216372827 [spec-acc] ctx=5788 burst=17/48 cum=39/75=0.520
1790216372977 [spec-acc] ctx=5821 burst=25/27 cum=64/102=0.627
1790216373141 [spec-acc] ctx=5855 burst=23/30 cum=87/132=0.659
1790216373323 [spec-acc] ctx=5888 burst=23/33 cum=110/165=0.667
1790216373501 [spec-acc] ctx=5922 burst=22/33 cum=132/198=0.667
1790216373680 [spec-acc] ctx=5955 burst=21/33 cum=153/231=0.662
1790216373856 [spec-acc] ctx=5987 burst=21/33 cum=174/264=0.659
1790216374048 [spec-acc] ctx=6019 burst=20/36 cum=194/300=0.647
1790216374239 [spec-acc] ctx=6051 burst=21/36 cum=215/336=0.640
1790216374445 [spec-acc] ctx=6084 burst=21/39 cum=236/375=0.629
1790216374604 [spec-acc] ctx=6118 burst=24/30 cum=260/405=0.642
1790216374781 [spec-acc] ctx=6152 burst=22/33 cum=282/438=0.644
1790216374972 [spec-acc] ctx=6185 burst=20/36 cum=302/474=0.637
1790216375198 [spec-acc] ctx=6217 burst=19/42 cum=321/516=0.622
1790216375389 [spec-acc] ctx=6250 burst=22/36 cum=343/552=0.621
1790216375599 [spec-acc] ctx=6284 burst=20/39 cum=363/591=0.614
1790216375758 [spec-acc] ctx=6317 burst=23/30 cum=386/621=0.622
1790216375952 [spec-acc] ctx=6350 burst=20/36 cum=406/657=0.618
1790216376160 [spec-acc] ctx=6382 burst=21/39 cum=427/696=0.614
1790216376384 [spec-acc] ctx=6416 burst=19/42 cum=446/738=0.604
1790216376576 [spec-acc] ctx=6449 burst=23/36 cum=469/774=0.606
1790216376752 [spec-acc] ctx=6484 burst=24/33 cum=493/807=0.611
1790216376960 [spec-acc] ctx=6519 burst=22/39 cum=515/846=0.609
1790216377121 [spec-acc] ctx=6554 burst=22/30 cum=537/876=0.613
1790216377314 [spec-acc] ctx=6586 burst=20/36 cum=557/912=0.611
1790216377522 [spec-acc] ctx=6618 burst=21/39 cum=578/951=0.608
1790216377700 [spec-acc] ctx=6652 burst=24/33 cum=602/984=0.612
1790216377925 [spec-acc] ctx=6687 burst=18/42 cum=620/1026=0.604
1790216378118 [spec-acc] ctx=6719 burst=20/36 cum=640/1062=0.603
1790216378262 [spec-acc] ctx=6751 burst=23/27 cum=663/1089=0.609
1790216378408 [spec-acc] ctx=6783 burst=23/27 cum=686/1116=0.615
1790216378602 [spec-acc] ctx=6815 burst=21/36 cum=707/1152=0.614
1790216378796 [spec-acc] ctx=6848 burst=21/36 cum=728/1188=0.613
1790216378975 [spec-acc] ctx=6881 burst=22/33 cum=750/1221=0.614
1790216379120 [spec-acc] ctx=6914 burst=23/27 cum=773/1248=0.619
1790216379297 [spec-acc] ctx=6946 burst=23/33 cum=796/1281=0.621
1790216379459 [spec-acc] ctx=6980 burst=24/30 cum=820/1311=0.625
1790216379608 [spec-acc] ctx=7014 burst=23/27 cum=843/1338=0.630
1790216379752 [spec-acc] ctx=7046 burst=23/27 cum=866/1365=0.634
1790216379930 [spec-acc] ctx=7078 burst=23/33 cum=889/1398=0.636
1790216380077 [spec-acc] ctx=7112 burst=23/27 cum=912/1425=0.640
1790216380224 [spec-acc] ctx=7144 burst=24/27 cum=936/1452=0.645
1790216380435 [spec-acc] ctx=7177 burst=21/39 cum=957/1491=0.642
1790216380612 [spec-acc] ctx=7211 burst=24/33 cum=981/1524=0.644
1790216380742 [spec-acc] ctx=7246 burst=24/24 cum=1005/1548=0.649
1790216380971 [spec-acc] ctx=7278 burst=18/42 cum=1023/1590=0.643
1790216381149 [spec-acc] ctx=7310 burst=23/33 cum=1046/1623=0.644
1790216381295 [spec-acc] ctx=7344 burst=24/27 cum=1070/1650=0.648
1790216381459 [spec-acc] ctx=7377 burst=23/30 cum=1093/1680=0.651
1790216381607 [spec-acc] ctx=7410 burst=24/27 cum=1117/1707=0.654
1790216381769 [spec-acc] ctx=7443 burst=25/30 cum=1142/1737=0.657
1790216381948 [spec-acc] ctx=7478 burst=22/33 cum=1164/1770=0.658
1790216382163 [spec-acc] ctx=7511 burst=21/39 cum=1185/1809=0.655
1790216382315 [spec-acc] ctx=7545 burst=25/27 cum=1210/1836=0.659
1790216382471 [spec-acc] ctx=7579 burst=23/27 cum=1233/1863=0.662
1790216382678 [spec-acc] ctx=7611 burst=23/33 cum=1256/1896=0.662
1790216382897 [spec-acc] ctx=7645 burst=21/36 cum=1277/1932=0.661
1790216383058 [spec-acc] ctx=7678 burst=24/27 cum=1301/1959=0.664
1790216383237 [spec-acc] ctx=7711 burst=22/30 cum=1323/1989=0.665
1790216383411 [spec-acc] ctx=7743 burst=22/30 cum=1345/2019=0.666
1790216383604 [spec-acc] ctx=7775 burst=19/33 cum=1364/2052=0.665
1790216383607 [meter] admit id=chatcmpl-c98e14dbe989b74cac2509fa58907e30 tenant=default lane=interactive model="q9"
1790216383620 [admission] per-session draft-state charge: model="q9" +44MB (measured capture high-water)
1790216383620 [admission] request cost: model="q9" ctx=7873 path=spec = 16704 B/token x ctx + 1504MB prefill-workspace + 118MB fixed = 1753MB
1790216383620 [admit-predict] id=chatcmpl-c98e14dbe989b74cac2509fa58907e30 tenant="" model="q9" verdict=admit reason=tenant-p95 prompt=5761 predicted_completion=2048 kv_hat=1795674312 booked_bytes=0 booked_real=0 inflight=0 cap=64 budget_bytes=12831671424 retry_after_s=- exempt=0 enforce=0 live_free_bytes=-
1790216383620 [admit-mem] id=chatcmpl-c98e14dbe989b74cac2509fa58907e30 model="q9" verdict=admit prompt=5761 output_bound=- charged_ctx=7873 est_bytes=3407222472 est_context=131510592 est_fixed=3275711880 device_free=13923936696 pending_prime=0 pending_seed=0 host_free=0 demotable=1985392640 short_by=0 inflight=0 cap=64 waited_ms=0 retry_after_s=-
1790216383625 [worker] spec-affinity: declined (history diverged at 4 of checkpoint 5600; 2 parked, 5761 prompt tokens; model q9)
1790216383625 [spec-k] model="q9" tenant="" K=3 source=cold-long prompt=5761 cached=0 lcp=6 active=1 wave=1 placement=single-or-non-pp2
1790216383625 [admission] fixed residual high-water: model="q9" 118MB (observed 248MB at ctx 7817 path=spec)
1790216384589 [prime-yield] count=1 remaining=4 chunks=1 wall_ms=963.559 max_chunk_ms=963.559
1790216385022 [prime-yield] count=2 remaining=3 chunks=1 wall_ms=433.039 max_chunk_ms=433.039
1790216385088 [prime-yield] count=3 remaining=2 chunks=1 wall_ms=65.950 max_chunk_ms=65.950
1790216385115 [prime-yield] count=4 remaining=1 chunks=1 wall_ms=27.119 max_chunk_ms=27.119
1790216385126 [prefix-cache] insert (spec-boundary): 5728 tokens, 148.4MB (resident 2133.8MB / 2052MB, model q9)
1790216385126 [prefix-cache] evict (LRU): 1408 tokens, 76.2MB (model q9)
1790216385126 [prefix-cache] evict (LRU): 2912 tokens, 101.3MB (model q9)
1790216385291 [spec-acc] ctx=5762 burst=22/27 cum=22/27=0.815
1790216385520 [spec-acc] ctx=5794 burst=21/39 cum=43/66=0.652
1790216385707 [spec-acc] ctx=5828 burst=21/33 cum=64/99=0.646
1790216385875 [spec-acc] ctx=5860 burst=24/30 cum=88/129=0.682
1790216386092 [spec-acc] ctx=5894 burst=20/39 cum=108/168=0.643
1790216386274 [spec-acc] ctx=5927 burst=22/33 cum=130/201=0.647
1790216386454 [spec-acc] ctx=5960 burst=22/33 cum=152/234=0.650
1790216386650 [spec-acc] ctx=5993 burst=22/36 cum=174/270=0.644
1790216386828 [spec-acc] ctx=6027 burst=23/33 cum=197/303=0.650
1790216387053 [spec-acc] ctx=6061 burst=19/42 cum=216/345=0.626
1790216387248 [spec-acc] ctx=6094 burst=21/36 cum=237/381=0.622
1790216387457 [spec-acc] ctx=6127 burst=20/39 cum=257/420=0.612
1790216387667 [spec-acc] ctx=6160 burst=21/39 cum=278/459=0.606
1790216387846 [spec-acc] ctx=6194 burst=22/33 cum=300/492=0.610
1790216388007 [spec-acc] ctx=6227 burst=23/30 cum=323/522=0.619
1790216388218 [spec-acc] ctx=6260 burst=20/39 cum=343/561=0.611
1790216388395 [spec-acc] ctx=6293 burst=21/33 cum=364/594=0.613
1790216388572 [spec-acc] ctx=6325 burst=21/33 cum=385/627=0.614
1790216388783 [spec-acc] ctx=6357 burst=20/39 cum=405/666=0.608
1790216388944 [spec-acc] ctx=6390 burst=23/30 cum=428/696=0.615
1790216389154 [spec-acc] ctx=6423 burst=21/39 cum=449/735=0.611
1790216389335 [spec-acc] ctx=6457 burst=23/33 cum=472/768=0.615
1790216389512 [spec-acc] ctx=6491 burst=23/33 cum=495/801=0.618
1790216389673 [spec-acc] ctx=6525 burst=24/30 cum=519/831=0.625
1790216389852 [spec-acc] ctx=6559 burst=23/33 cum=542/864=0.627
1790216390029 [spec-acc] ctx=6593 burst=22/33 cum=564/897=0.629
1790216390272 [spec-acc] ctx=6626 burst=18/45 cum=582/942=0.618
1790216390469 [spec-acc] ctx=6659 burst=23/36 cum=605/978=0.619
1790216390679 [spec-acc] ctx=6694 burst=22/39 cum=627/1017=0.617
1790216390824 [spec-acc] ctx=6729 burst=26/27 cum=653/1044=0.625
1790216390970 [spec-acc] ctx=6764 burst=23/27 cum=676/1071=0.631
1790216391136 [spec-acc] ctx=6796 burst=25/30 cum=701/1101=0.637
1790216391395 [spec-acc] ctx=6831 burst=17/48 cum=718/1149=0.625
1790216391557 [spec-acc] ctx=6864 burst=25/30 cum=743/1179=0.630
1790216391690 [spec-acc] ctx=6899 burst=24/24 cum=767/1203=0.638
1790216391903 [spec-acc] ctx=6931 burst=20/39 cum=787/1242=0.634
1790216392082 [spec-acc] ctx=6964 burst=21/33 cum=808/1275=0.634
1790216392228 [spec-acc] ctx=6996 burst=26/27 cum=834/1302=0.641
1790216392408 [spec-acc] ctx=7031 burst=24/33 cum=858/1335=0.643
1790216392572 [spec-acc] ctx=7066 burst=22/30 cum=880/1365=0.645
1790216392756 [spec-acc] ctx=7098 burst=21/33 cum=901/1398=0.644
1790216392907 [spec-acc] ctx=7130 burst=26/27 cum=927/1425=0.651
1790216393091 [spec-acc] ctx=7165 burst=22/33 cum=949/1458=0.651
1790216393308 [spec-acc] ctx=7198 burst=21/39 cum=970/1497=0.648
1790216393508 [spec-acc] ctx=7232 burst=20/36 cum=990/1533=0.646
1790216393692 [spec-acc] ctx=7264 burst=24/33 cum=1014/1566=0.648
1790216393892 [spec-acc] ctx=7299 burst=23/36 cum=1037/1602=0.647
1790216394041 [spec-acc] ctx=7334 burst=23/27 cum=1060/1629=0.651
1790216394236 [spec-acc] ctx=7366 burst=23/33 cum=1083/1662=0.652
1790216394397 [spec-acc] ctx=7400 burst=24/27 cum=1107/1689=0.655
1790216394608 [spec-acc] ctx=7433 burst=21/36 cum=1128/1725=0.654
1790216394765 [spec-acc] ctx=7466 burst=23/27 cum=1151/1752=0.657
1790216394919 [spec-acc] ctx=7498 burst=26/27 cum=1177/1779=0.662
1790216395106 [spec-acc] ctx=7533 burst=21/33 cum=1198/1812=0.661
1790216395295 [spec-acc] ctx=7565 burst=21/33 cum=1219/1845=0.661
1790216395480 [spec-acc] ctx=7597 burst=24/33 cum=1243/1878=0.662
1790216395649 [spec-acc] ctx=7632 burst=23/30 cum=1266/1908=0.664
1790216395851 [spec-acc] ctx=7665 burst=20/36 cum=1286/1944=0.662
1790216396020 [spec-acc] ctx=7697 burst=23/30 cum=1309/1974=0.663
1790216396205 [spec-acc] ctx=7730 burst=23/33 cum=1332/2007=0.664
1790216396390 [spec-acc] ctx=7764 burst=21/33 cum=1353/2040=0.663
1790216396492 [spec-acc] ctx=7796 burst=10/18 cum=1363/2058=0.662
1790216396494 [meter] admit id=chatcmpl-1efd6ed8bc33d0f1d966b3d2831475c3 tenant=default lane=interactive model="q9"
1790216396508 [admission] per-session draft-state charge: model="q9" +44MB (measured capture high-water)
1790216396508 [admission] request cost: model="q9" ctx=7872 path=spec = 16704 B/token x ctx + 1504MB prefill-workspace + 118MB fixed = 1753MB
1790216396508 [admit-predict] id=chatcmpl-1efd6ed8bc33d0f1d966b3d2831475c3 tenant="" model="q9" verdict=admit reason=tenant-p95 prompt=5760 predicted_completion=2048 kv_hat=1795652360 booked_bytes=0 booked_real=0 inflight=0 cap=64 budget_bytes=12831671424 retry_after_s=- exempt=0 enforce=0 live_free_bytes=-
1790216396508 [admit-mem] id=chatcmpl-1efd6ed8bc33d0f1d966b3d2831475c3 model="q9" verdict=admit prompt=5760 output_bound=- charged_ctx=7872 est_bytes=3407200520 est_context=131493888 est_fixed=3275706632 device_free=13914738872 pending_prime=0 pending_seed=0 host_free=0 demotable=1956204544 short_by=0 inflight=0 cap=64 waited_ms=0 retry_after_s=-
1790216396513 [worker] spec-affinity: declined (history diverged at 6 of checkpoint 5728; 2 parked, 5760 prompt tokens; model q9)
1790216396513 [spec-k] model="q9" tenant="" K=3 source=cold-long prompt=5760 cached=0 lcp=6 active=1 wave=1 placement=single-or-non-pp2
1790216397482 [prime-yield] count=1 remaining=4 chunks=1 wall_ms=968.625 max_chunk_ms=968.625
1790216397911 [prime-yield] count=2 remaining=3 chunks=1 wall_ms=429.347 max_chunk_ms=429.347
1790216397977 [prime-yield] count=3 remaining=2 chunks=1 wall_ms=65.574 max_chunk_ms=65.574
1790216398004 [prime-yield] count=4 remaining=1 chunks=1 wall_ms=27.171 max_chunk_ms=27.171
1790216398015 [prefix-cache] insert (spec-boundary): 5728 tokens, 148.4MB (resident 2104.6MB / 2052MB, model q9)
1790216398015 [prefix-cache] evict (LRU): 2944 tokens, 101.9MB (model q9)
1790216398176 [spec-acc] ctx=5761 burst=22/27 cum=22/27=0.815
1790216398403 [spec-acc] ctx=5793 burst=19/39 cum=41/66=0.621
1790216398640 [spec-acc] ctx=5825 burst=18/42 cum=59/108=0.546
1790216398790 [spec-acc] ctx=5857 burst=23/27 cum=82/135=0.607
1790216398972 [spec-acc] ctx=5889 burst=24/33 cum=106/168=0.631
1790216399137 [spec-acc] ctx=5924 burst=22/30 cum=128/198=0.646
1790216399301 [spec-acc] ctx=5956 burst=22/30 cum=150/228=0.658
1790216399470 [spec-acc] ctx=5988 burst=23/30 cum=173/258=0.671
1790216399639 [spec-acc] ctx=6021 burst=23/30 cum=196/288=0.681
1790216399839 [spec-acc] ctx=6054 burst=21/36 cum=217/324=0.670
1790216400068 [spec-acc] ctx=6087 burst=18/42 cum=235/366=0.642
1790216400285 [spec-acc] ctx=6119 burst=19/39 cum=254/405=0.627
1790216400437 [spec-acc] ctx=6151 burst=23/27 cum=277/432=0.641
1790216400639 [spec-acc] ctx=6183 burst=20/36 cum=297/468=0.635
1790216400823 [spec-acc] ctx=6215 burst=21/33 cum=318/501=0.635
1790216401006 [spec-acc] ctx=6247 burst=22/33 cum=340/534=0.637
1790216401165 [spec-acc] ctx=6280 burst=23/30 cum=363/564=0.644
1790216401356 [spec-acc] ctx=6313 burst=21/33 cum=384/597=0.643
1790216401563 [spec-acc] ctx=6345 burst=20/36 cum=404/633=0.638
1790216401730 [spec-acc] ctx=6377 burst=24/30 cum=428/663=0.646
1790216401898 [spec-acc] ctx=6411 burst=22/30 cum=450/693=0.649
1790216402124 [spec-acc] ctx=6443 burst=19/39 cum=469/732=0.641
1790216402275 [spec-acc] ctx=6475 burst=23/27 cum=492/759=0.648
1790216402410 [spec-acc] ctx=6507 burst=24/24 cum=516/783=0.659
1790216402595 [spec-acc] ctx=6539 burst=23/33 cum=539/816=0.661
1790216402763 [spec-acc] ctx=6573 burst=22/30 cum=561/846=0.663
1790216402965 [spec-acc] ctx=6605 burst=20/36 cum=581/882=0.659
1790216403116 [spec-acc] ctx=6637 burst=23/27 cum=604/909=0.664
1790216403291 [spec-acc] ctx=6669 burst=23/30 cum=627/939=0.668
1790216403442 [spec-acc] ctx=6702 burst=23/27 cum=650/966=0.673
1790216403608 [spec-acc] ctx=6734 burst=24/30 cum=674/996=0.677
1790216403825 [spec-acc] ctx=6768 burst=20/39 cum=694/1035=0.671
1790216403976 [spec-acc] ctx=6801 burst=23/27 cum=717/1062=0.675
1790216404125 [spec-acc] ctx=6833 burst=24/27 cum=741/1089=0.680
1790216404292 [spec-acc] ctx=6866 burst=22/30 cum=763/1119=0.682
1790216404442 [spec-acc] ctx=6898 burst=26/27 cum=789/1146=0.688
1790216404593 [spec-acc] ctx=6933 burst=23/27 cum=812/1173=0.692
1790216404777 [spec-acc] ctx=6965 burst=24/33 cum=836/1206=0.693
1790216404945 [spec-acc] ctx=7000 burst=22/30 cum=858/1236=0.694
1790216405112 [spec-acc] ctx=7032 burst=24/30 cum=882/1266=0.697
1790216405263 [spec-acc] ctx=7066 burst=26/27 cum=908/1293=0.702
1790216405464 [spec-acc] ctx=7101 burst=23/36 cum=931/1329=0.701
1790216405631 [spec-acc] ctx=7136 burst=24/30 cum=955/1359=0.703
1790216405782 [spec-acc] ctx=7170 burst=23/27 cum=978/1386=0.706
1790216405934 [spec-acc] ctx=7202 burst=26/27 cum=1004/1413=0.711
1790216406102 [spec-acc] ctx=7237 burst=23/30 cum=1027/1443=0.712
1790216406325 [spec-acc] ctx=7270 burst=19/39 cum=1046/1482=0.706
1790216406494 [spec-acc] ctx=7302 burst=24/30 cum=1070/1512=0.708
1790216406662 [spec-acc] ctx=7336 burst=24/30 cum=1094/1542=0.709
1790216406813 [spec-acc] ctx=7370 burst=25/27 cum=1119/1569=0.713
1790216407015 [spec-acc] ctx=7404 burst=20/36 cum=1139/1605=0.710
1790216407183 [spec-acc] ctx=7436 burst=24/30 cum=1163/1635=0.711
1790216407334 [spec-acc] ctx=7470 burst=25/27 cum=1188/1662=0.715
1790216407503 [spec-acc] ctx=7504 burst=23/30 cum=1211/1692=0.716
1790216407708 [spec-acc] ctx=7537 burst=22/36 cum=1233/1728=0.714
1790216407861 [spec-acc] ctx=7571 burst=26/27 cum=1259/1755=0.717
1790216408047 [spec-acc] ctx=7606 burst=24/33 cum=1283/1788=0.718
1790216408215 [spec-acc] ctx=7641 burst=25/30 cum=1308/1818=0.719
1790216408350 [spec-acc] ctx=7676 burst=24/24 cum=1332/1842=0.723
1790216408519 [spec-acc] ctx=7708 burst=23/30 cum=1355/1872=0.724
1790216408722 [spec-acc] ctx=7741 burst=20/36 cum=1375/1908=0.721
1790216408891 [spec-acc] ctx=7773 burst=24/30 cum=1399/1938=0.722
1790216408911 [spec-acc] ctx=7807 burst=2/3 cum=1401/1941=0.722
1790216408914 [meter] admit id=chatcmpl-3ff730729fcaa7b672c690ab2e40e1f9 tenant=default lane=interactive model="q9"
1790216408927 [admission] per-session draft-state charge: model="q9" +44MB (measured capture high-water)
1790216408927 [admission] request cost: model="q9" ctx=7875 path=spec = 16704 B/token x ctx + 1504MB prefill-workspace + 118MB fixed = 1753MB
1790216408927 [admit-predict] id=chatcmpl-3ff730729fcaa7b672c690ab2e40e1f9 tenant="" model="q9" verdict=admit reason=tenant-p95 prompt=5763 predicted_completion=2048 kv_hat=1795751624 booked_bytes=0 booked_real=0 inflight=0 cap=64 budget_bytes=12831671424 retry_after_s=- exempt=0 enforce=0 live_free_bytes=-
1790216408927 [admit-mem] id=chatcmpl-3ff730729fcaa7b672c690ab2e40e1f9 model="q9" verdict=admit prompt=5763 output_bound=- charged_ctx=7875 est_bytes=3407299784 est_context=131544000 est_fixed=3275755784 device_free=13868142136 pending_prime=0 pending_seed=0 host_free=0 demotable=2002708480 short_by=0 inflight=0 cap=64 waited_ms=0 retry_after_s=-
1790216408933 [worker] spec-affinity: declined (history diverged at 6 of checkpoint 5728; 2 parked, 5763 prompt tokens; model q9)
1790216408933 [spec-k] model="q9" tenant="" K=3 source=cold-long prompt=5763 cached=0 lcp=6 active=1 wave=1 placement=single-or-non-pp2
1790216408933 [admission] fixed residual high-water: model="q9" 118MB (observed 248MB at ctx 7819 path=spec)
1790216409936 [prime-yield] count=1 remaining=4 chunks=1 wall_ms=1002.461 max_chunk_ms=1002.461
1790216410367 [prime-yield] count=2 remaining=3 chunks=1 wall_ms=431.251 max_chunk_ms=431.251
1790216410436 [prime-yield] count=3 remaining=2 chunks=1 wall_ms=68.520 max_chunk_ms=68.520
1790216410463 [prime-yield] count=4 remaining=1 chunks=1 wall_ms=27.449 max_chunk_ms=27.449
1790216410474 [prefix-cache] insert (spec-boundary): 5728 tokens, 148.4MB (resident 2151.1MB / 2052MB, model q9)
1790216410474 [prefix-cache] evict (LRU): 2912 tokens, 101.3MB (model q9)
1790216410672 [spec-acc] ctx=5764 burst=20/33 cum=20/33=0.606
1790216410899 [spec-acc] ctx=5796 burst=20/39 cum=40/72=0.556
1790216411120 [spec-acc] ctx=5829 burst=20/39 cum=60/111=0.541
1790216411271 [spec-acc] ctx=5862 burst=24/27 cum=84/138=0.609
1790216411470 [spec-acc] ctx=5895 burst=20/36 cum=104/174=0.598
1790216411635 [spec-acc] ctx=5927 burst=24/30 cum=128/204=0.627
1790216411865 [spec-acc] ctx=5961 burst=21/42 cum=149/246=0.606
1790216412078 [spec-acc] ctx=5996 burst=20/39 cum=169/285=0.593
1790216412291 [spec-acc] ctx=6029 burst=20/39 cum=189/324=0.583
1790216412468 [spec-acc] ctx=6062 burst=22/33 cum=211/357=0.591
1790216412663 [spec-acc] ctx=6095 burst=23/36 cum=234/393=0.595
1790216412857 [spec-acc] ctx=6130 burst=22/36 cum=256/429=0.597
1790216413001 [spec-acc] ctx=6164 burst=24/27 cum=280/456=0.614
1790216413194 [spec-acc] ctx=6197 burst=21/36 cum=301/492=0.612
1790216413386 [spec-acc] ctx=6230 burst=21/36 cum=322/528=0.610
1790216413564 [spec-acc] ctx=6263 burst=21/33 cum=343/561=0.611
1790216413743 [spec-acc] ctx=6295 burst=21/33 cum=364/594=0.613
1790216413902 [spec-acc] ctx=6327 burst=24/30 cum=388/624=0.622
1790216414065 [spec-acc] ctx=6361 burst=22/30 cum=410/654=0.627
1790216414243 [spec-acc] ctx=6393 burst=22/33 cum=432/687=0.629
1790216414436 [spec-acc] ctx=6426 burst=20/36 cum=452/723=0.625
1790216414613 [spec-acc] ctx=6458 burst=22/33 cum=474/756=0.627
1790216414774 [spec-acc] ctx=6491 burst=22/30 cum=496/786=0.631
1790216414935 [spec-acc] ctx=6523 burst=23/30 cum=519/816=0.636
1790216415081 [spec-acc] ctx=6556 burst=26/27 cum=545/843=0.647
1790216415273 [spec-acc] ctx=6591 burst=23/36 cum=568/879=0.646
1790216415467 [spec-acc] ctx=6626 burst=22/36 cum=590/915=0.645
1790216415613 [spec-acc] ctx=6660 burst=25/27 cum=615/942=0.653
1790216415758 [spec-acc] ctx=6694 burst=23/27 cum=638/969=0.658
1790216415954 [spec-acc] ctx=6726 burst=22/36 cum=660/1005=0.657
1790216416154 [spec-acc] ctx=6760 burst=20/36 cum=680/1041=0.653
1790216416386 [spec-acc] ctx=6792 burst=20/42 cum=700/1083=0.646
1790216416586 [spec-acc] ctx=6826 burst=21/36 cum=721/1119=0.644
1790216416746 [spec-acc] ctx=6859 burst=23/27 cum=744/1146=0.649
1790216416905 [spec-acc] ctx=6891 burst=24/27 cum=768/1173=0.655
1790216417114 [spec-acc] ctx=6924 burst=20/36 cum=788/1209=0.652
1790216417323 [spec-acc] ctx=6956 burst=22/36 cum=810/1245=0.651
1790216417508 [spec-acc] ctx=6990 burst=21/33 cum=831/1278=0.650
1790216417710 [spec-acc] ctx=7022 burst=21/36 cum=852/1314=0.648
1790216417844 [spec-acc] ctx=7055 burst=24/24 cum=876/1338=0.655
1790216418029 [spec-acc] ctx=7087 burst=23/33 cum=899/1371=0.656
1790216418180 [spec-acc] ctx=7121 burst=23/27 cum=922/1398=0.660
1790216418365 [spec-acc] ctx=7153 burst=21/33 cum=943/1431=0.659
1790216418584 [spec-acc] ctx=7185 burst=19/39 cum=962/1470=0.654
1790216418752 [spec-acc] ctx=7217 burst=25/30 cum=987/1500=0.658
1790216418886 [spec-acc] ctx=7252 burst=24/24 cum=1011/1524=0.663
1790216419074 [spec-acc] ctx=7284 burst=23/33 cum=1034/1557=0.664
1790216419226 [spec-acc] ctx=7318 burst=25/27 cum=1059/1584=0.669
1790216419411 [spec-acc] ctx=7352 burst=21/33 cum=1080/1617=0.668
1790216419562 [spec-acc] ctx=7384 burst=25/27 cum=1105/1644=0.672
1790216419730 [spec-acc] ctx=7418 burst=23/30 cum=1128/1674=0.674
1790216419949 [spec-acc] ctx=7451 burst=19/39 cum=1147/1713=0.670
1790216420101 [spec-acc] ctx=7483 burst=23/27 cum=1170/1740=0.672
1790216420235 [spec-acc] ctx=7515 burst=24/24 cum=1194/1764=0.677
1790216420424 [spec-acc] ctx=7547 burst=23/33 cum=1217/1797=0.677
1790216420609 [spec-acc] ctx=7581 burst=23/33 cum=1240/1830=0.678
1790216420761 [spec-acc] ctx=7615 burst=25/27 cum=1265/1857=0.681
1790216420947 [spec-acc] ctx=7649 burst=24/33 cum=1289/1890=0.682
1790216421149 [spec-acc] ctx=7684 burst=22/36 cum=1311/1926=0.681
1790216421386 [spec-acc] ctx=7718 burst=18/42 cum=1329/1968=0.675
1790216421559 [spec-acc] ctx=7750 burst=23/30 cum=1352/1998=0.677
1790216421762 [spec-acc] ctx=7783 burst=18/36 cum=1370/2034=0.674
1790216421765 [meter] admit id=chatcmpl-7fa54de7a2883da89a923fb56c21b1bd tenant=default lane=interactive model="q9"
1790216421778 [admission] per-session draft-state charge: model="q9" +44MB (measured capture high-water)
1790216421778 [admission] request cost: model="q9" ctx=7873 path=spec = 16704 B/token x ctx + 1504MB prefill-workspace + 118MB fixed = 1753MB
1790216421778 [admit-predict] id=chatcmpl-7fa54de7a2883da89a923fb56c21b1bd tenant="" model="q9" verdict=admit reason=tenant-p95 prompt=5761 predicted_completion=2048 kv_hat=1795689160 booked_bytes=0 booked_real=0 inflight=0 cap=64 budget_bytes=12831671424 retry_after_s=- exempt=0 enforce=0 live_free_bytes=-
1790216421778 [admit-mem] id=chatcmpl-7fa54de7a2883da89a923fb56c21b1bd model="q9" verdict=admit prompt=5761 output_bound=- charged_ctx=7873 est_bytes=3407237320 est_context=131510592 est_fixed=3275726728 device_free=13821058360 pending_prime=0 pending_seed=0 host_free=0 demotable=2049746944 short_by=0 inflight=0 cap=64 waited_ms=0 retry_after_s=-
1790216421783 [worker] spec-affinity: declined (history diverged at 6 of checkpoint 5728; 2 parked, 5761 prompt tokens; model q9)
1790216421784 [spec-k] model="q9" tenant="" K=3 source=cold-long prompt=5761 cached=0 lcp=6 active=1 wave=1 placement=single-or-non-pp2
1790216422722 [prime-yield] count=1 remaining=4 chunks=1 wall_ms=938.736 max_chunk_ms=938.736
1790216423160 [prime-yield] count=2 remaining=3 chunks=1 wall_ms=437.839 max_chunk_ms=437.839
1790216423229 [prime-yield] count=3 remaining=2 chunks=1 wall_ms=69.092 max_chunk_ms=69.092
1790216423258 [prime-yield] count=4 remaining=1 chunks=1 wall_ms=28.355 max_chunk_ms=28.355
1790216423269 [prefix-cache] insert (spec-boundary): 5728 tokens, 148.4MB (resident 2198.1MB / 2052MB, model q9)
1790216423269 [prefix-cache] evict (LRU): 2912 tokens, 101.3MB (model q9)
1790216423269 [prefix-cache] evict (LRU): 2912 tokens, 101.3MB (model q9)
1790216423455 [spec-acc] ctx=5762 burst=22/30 cum=22/30=0.733
1790216423706 [spec-acc] ctx=5795 burst=19/42 cum=41/72=0.569
1790216423933 [spec-acc] ctx=5828 burst=21/39 cum=62/111=0.559
1790216424070 [spec-acc] ctx=5862 burst=24/24 cum=86/135=0.637
1790216424306 [spec-acc] ctx=5894 burst=19/42 cum=105/177=0.593
1790216424508 [spec-acc] ctx=5927 burst=20/36 cum=125/213=0.587
1790216424722 [spec-acc] ctx=5959 burst=21/39 cum=146/252=0.579
1790216424903 [spec-acc] ctx=5993 burst=21/33 cum=167/285=0.586
1790216425147 [spec-acc] ctx=6025 burst=19/45 cum=186/330=0.564
1790216425362 [spec-acc] ctx=6059 burst=19/39 cum=205/369=0.556
1790216425561 [spec-acc] ctx=6091 burst=23/36 cum=228/405=0.563
1790216425740 [spec-acc] ctx=6126 burst=21/33 cum=249/438=0.568
1790216425903 [spec-acc] ctx=6158 burst=23/30 cum=272/468=0.581
1790216426067 [spec-acc] ctx=6191 burst=22/30 cum=294/498=0.590
1790216426264 [spec-acc] ctx=6223 burst=21/36 cum=315/534=0.590
1790216426447 [spec-acc] ctx=6256 burst=22/33 cum=337/567=0.594
1790216426626 [spec-acc] ctx=6289 burst=23/33 cum=360/600=0.600
1790216426821 [spec-acc] ctx=6323 burst=20/36 cum=380/636=0.597
1790216427032 [spec-acc] ctx=6355 burst=20/39 cum=400/675=0.593
1790216427179 [spec-acc] ctx=6388 burst=25/27 cum=425/702=0.605
1790216427340 [spec-acc] ctx=6422 burst=23/30 cum=448/732=0.612
1790216427501 [spec-acc] ctx=6455 burst=24/30 cum=472/762=0.619
1790216427681 [spec-acc] ctx=6489 burst=22/33 cum=494/795=0.621
1790216427828 [spec-acc] ctx=6522 burst=23/27 cum=517/822=0.629
1790216428006 [spec-acc] ctx=6554 burst=24/33 cum=541/855=0.633
1790216428168 [spec-acc] ctx=6589 burst=24/30 cum=565/885=0.638
1790216428349 [spec-acc] ctx=6623 burst=21/33 cum=586/918=0.638
1790216428546 [spec-acc] ctx=6655 burst=20/36 cum=606/954=0.635
1790216428740 [spec-acc] ctx=6687 burst=21/36 cum=627/990=0.633
1790216428902 [spec-acc] ctx=6720 burst=24/30 cum=651/1020=0.638
1790216429050 [spec-acc] ctx=6754 burst=23/27 cum=674/1047=0.644
1790216429263 [spec-acc] ctx=6786 burst=20/39 cum=694/1086=0.639
1790216429458 [spec-acc] ctx=6819 burst=21/36 cum=715/1122=0.637
1790216429653 [spec-acc] ctx=6852 burst=22/36 cum=737/1158=0.636
1790216429851 [spec-acc] ctx=6886 burst=20/36 cum=757/1194=0.634
1790216430067 [spec-acc] ctx=6918 burst=19/39 cum=776/1233=0.629
1790216430300 [spec-acc] ctx=6950 burst=20/42 cum=796/1275=0.624
1790216430483 [spec-acc] ctx=6984 burst=23/33 cum=819/1308=0.626
1790216430634 [spec-acc] ctx=7018 burst=23/27 cum=842/1335=0.631
1790216430800 [spec-acc] ctx=7050 burst=25/30 cum=867/1365=0.635
1790216430967 [spec-acc] ctx=7085 burst=24/30 cum=891/1395=0.639
1790216431135 [spec-acc] ctx=7119 burst=25/30 cum=916/1425=0.643
1790216431301 [spec-acc] ctx=7154 burst=23/30 cum=939/1455=0.645
1790216431468 [spec-acc] ctx=7187 burst=23/30 cum=962/1485=0.648
1790216431669 [spec-acc] ctx=7220 burst=22/36 cum=984/1521=0.647
1790216431869 [spec-acc] ctx=7254 burst=23/36 cum=1007/1557=0.647
1790216432018 [spec-acc] ctx=7289 burst=23/27 cum=1030/1584=0.650
1790216432237 [spec-acc] ctx=7321 burst=19/39 cum=1049/1623=0.646
1790216432369 [spec-acc] ctx=7353 burst=24/24 cum=1073/1647=0.651
1790216432536 [spec-acc] ctx=7385 burst=25/30 cum=1098/1677=0.655
1790216432686 [spec-acc] ctx=7420 burst=24/27 cum=1122/1704=0.658
1790216432903 [spec-acc] ctx=7453 burst=19/39 cum=1141/1743=0.655
1790216433054 [spec-acc] ctx=7485 burst=23/27 cum=1164/1770=0.658
1790216433220 [spec-acc] ctx=7517 burst=23/30 cum=1187/1800=0.659
1790216433420 [spec-acc] ctx=7550 burst=22/36 cum=1209/1836=0.658
1790216433588 [spec-acc] ctx=7584 burst=22/30 cum=1231/1866=0.660
1790216433741 [spec-acc] ctx=7616 burst=23/27 cum=1254/1893=0.662
1790216433942 [spec-acc] ctx=7648 burst=20/36 cum=1274/1929=0.660
1790216434075 [spec-acc] ctx=7680 burst=24/24 cum=1298/1953=0.665
1790216434224 [spec-acc] ctx=7712 burst=26/27 cum=1324/1980=0.669
1790216434406 [spec-acc] ctx=7747 burst=25/30 cum=1349/2010=0.671
1790216434679 [spec-acc] ctx=7782 burst=12/45 cum=1361/2055=0.662
1790216435682 [meter] admit id=chatcmpl-238216b839c0412b44d57bdf74357dbc tenant=default lane=interactive model="q9"
1790216435684 [admission] per-session draft-state charge: model="q9" +44MB (measured capture high-water)
1790216435684 [admission] request cost: model="q9" ctx=3569 path=spec = 16704 B/token x ctx + 525MB prefill-workspace + 118MB fixed = 702MB
1790216435684 [admit-predict] id=chatcmpl-238216b839c0412b44d57bdf74357dbc tenant="" model="q9" verdict=admit reason=tenant-p95 prompt=1457 predicted_completion=2048 kv_hat=745293512 booked_bytes=0 booked_real=0 inflight=0 cap=64 budget_bytes=12831671424 retry_after_s=- exempt=0 enforce=0 live_free_bytes=-
1790216435684 [admit-mem] id=chatcmpl-238216b839c0412b44d57bdf74357dbc model="q9" verdict=admit prompt=1457 output_bound=- charged_ctx=3569 est_bytes=2356841672 est_context=59616576 est_fixed=2297225096 device_free=13875334328 pending_prime=0 pending_seed=0 host_free=0 demotable=1995436032 short_by=0 inflight=0 cap=64 waited_ms=0 retry_after_s=-
1790216435685 [worker] spec-affinity: declined (history diverged at 5 of checkpoint 5728; 2 parked, 1457 prompt tokens; model q9)
1790216435685 [spec-k] model="q9" tenant="" K=3 source=cold-long prompt=1457 cached=0 lcp=5 active=1 wave=1 placement=single-or-non-pp2
1790216436204 [spec-acc] ctx=1457 burst=21/30 cum=21/30=0.700
1790216436204 [prefix-cache] insert (spec-boundary): 1408 tokens, 76.2MB (resident 2071.7MB / 2052MB, model q9)
1790216436204 [prefix-cache] evict (LRU): 3072 tokens, 104.0MB (model q9)
1790216436204 [prefix-cache] insert (spec-boundary): 1440 tokens, 76.8MB (resident 2044.4MB / 2052MB, model q9)
1790216436394 [spec-acc] ctx=1489 burst=20/39 cum=41/69=0.594
1790216436543 [spec-acc] ctx=1522 burst=22/30 cum=63/99=0.636
1790216436733 [spec-acc] ctx=1554 burst=19/39 cum=82/138=0.594
1790216436910 [spec-acc] ctx=1586 burst=20/36 cum=102/174=0.586
1790216437088 [spec-acc] ctx=1618 burst=21/36 cum=123/210=0.586
1790216437235 [spec-acc] ctx=1651 burst=23/30 cum=146/240=0.608
1790216437411 [spec-acc] ctx=1684 burst=21/36 cum=167/276=0.605
1790216437573 [spec-acc] ctx=1717 burst=22/33 cum=189/309=0.612
1790216437794 [spec-acc] ctx=1750 burst=20/45 cum=209/354=0.590
1790216437972 [spec-acc] ctx=1785 burst=23/36 cum=232/390=0.595
1790216438148 [spec-acc] ctx=1820 burst=21/36 cum=253/426=0.594
1790216438324 [spec-acc] ctx=1853 burst=21/36 cum=274/462=0.593
1790216438519 [spec-acc] ctx=1886 burst=22/39 cum=296/501=0.591
1790216438681 [spec-acc] ctx=1921 burst=22/33 cum=318/534=0.596
1790216438890 [spec-acc] ctx=1954 burst=18/42 cum=336/576=0.583
1790216439038 [spec-acc] ctx=1986 burst=24/30 cum=360/606=0.594
1790216439232 [spec-acc] ctx=2020 burst=19/39 cum=379/645=0.588
1790216439440 [spec-acc] ctx=2052 burst=18/42 cum=397/687=0.578
1790216439619 [spec-acc] ctx=2084 burst=21/36 cum=418/723=0.578
1790216439784 [spec-acc] ctx=2117 burst=21/33 cum=439/756=0.581
1790216439947 [spec-acc] ctx=2149 burst=25/30 cum=464/786=0.590
1790216440157 [spec-acc] ctx=2184 burst=20/39 cum=484/825=0.587
1790216440331 [spec-acc] ctx=2217 burst=23/33 cum=507/858=0.591
1790216440504 [spec-acc] ctx=2251 burst=21/33 cum=528/891=0.593
1790216440692 [spec-acc] ctx=2283 burst=20/36 cum=548/927=0.591
1790216440893 [spec-acc] ctx=2315 burst=21/39 cum=569/966=0.589
1790216441062 [spec-acc] ctx=2349 burst=23/33 cum=592/999=0.593
1790216441263 [spec-acc] ctx=2383 burst=19/39 cum=611/1038=0.589
1790216441463 [spec-acc] ctx=2415 burst=19/39 cum=630/1077=0.585
1790216441631 [spec-acc] ctx=2447 burst=21/33 cum=651/1110=0.586
1790216441831 [spec-acc] ctx=2479 burst=20/39 cum=671/1149=0.584
1790216442001 [spec-acc] ctx=2512 burst=21/33 cum=692/1182=0.585
1790216442170 [spec-acc] ctx=2544 burst=22/33 cum=714/1215=0.588
1790216442370 [spec-acc] ctx=2577 burst=20/39 cum=734/1254=0.585
1790216442586 [spec-acc] ctx=2610 burst=18/42 cum=752/1296=0.580
1790216442817 [spec-acc] ctx=2642 burst=20/45 cum=772/1341=0.576
1790216442987 [spec-acc] ctx=2677 burst=22/33 cum=794/1374=0.578
1790216443125 [spec-acc] ctx=2710 burst=25/27 cum=819/1401=0.585
1790216443249 [spec-acc] ctx=2744 burst=24/24 cum=843/1425=0.592
1790216443403 [spec-acc] ctx=2776 burst=22/30 cum=865/1455=0.595
1790216443557 [spec-acc] ctx=2808 burst=24/30 cum=889/1485=0.599
1790216443742 [spec-acc] ctx=2842 burst=22/36 cum=911/1521=0.599
1790216443942 [spec-acc] ctx=2876 burst=20/39 cum=931/1560=0.597
1790216444112 [spec-acc] ctx=2909 burst=24/33 cum=955/1593=0.599
1790216444282 [spec-acc] ctx=2944 burst=22/33 cum=977/1626=0.601
1790216444436 [spec-acc] ctx=2977 burst=23/30 cum=1000/1656=0.604
1790216444653 [spec-acc] ctx=3010 burst=19/42 cum=1019/1698=0.600
1790216444808 [spec-acc] ctx=3043 burst=22/30 cum=1041/1728=0.602
1790216444946 [spec-acc] ctx=3075 burst=23/27 cum=1064/1755=0.606
1790216445117 [spec-acc] ctx=3107 burst=22/33 cum=1086/1788=0.607
1790216445287 [spec-acc] ctx=3140 burst=23/33 cum=1109/1821=0.609
1790216445425 [spec-acc] ctx=3174 burst=25/27 cum=1134/1848=0.614
1790216445582 [spec-acc] ctx=3208 burst=24/30 cum=1158/1878=0.617
1790216445754 [spec-acc] ctx=3242 burst=23/33 cum=1181/1911=0.618
1790216445908 [spec-acc] ctx=3276 burst=24/30 cum=1205/1941=0.621
1790216446048 [spec-acc] ctx=3310 burst=24/27 cum=1229/1968=0.624
1790216446203 [spec-acc] ctx=3343 burst=24/30 cum=1253/1998=0.627
1790216446342 [spec-acc] ctx=3377 burst=25/27 cum=1278/2025=0.631
1790216446546 [spec-acc] ctx=3411 burst=22/39 cum=1300/2064=0.630
1790216446688 [spec-acc] ctx=3446 burst=25/27 cum=1325/2091=0.634
1790216446796 [spec-acc] ctx=3480 burst=21/21 cum=1346/2112=0.637
1790216446798 [meter] admit id=chatcmpl-56c6b99fea553e0190267bd0180d1094 tenant=default lane=interactive model="q9"
1790216446807 [admit-predict] id=chatcmpl-56c6b99fea553e0190267bd0180d1094 tenant="" model="q9" verdict=admit reason=tenant-p95 prompt=1457 predicted_completion=2048 kv_hat=745293512 booked_bytes=0 booked_real=0 inflight=0 cap=64 budget_bytes=12831671424 retry_after_s=- exempt=0 enforce=0 live_free_bytes=-
1790216446807 [admit-mem] id=chatcmpl-56c6b99fea553e0190267bd0180d1094 model="q9" verdict=admit prompt=1457 output_bound=- charged_ctx=3569 est_bytes=2356841672 est_context=59616576 est_fixed=2297225096 device_free=13906304440 pending_prime=0 pending_seed=0 host_free=0 demotable=2044401664 short_by=0 inflight=0 cap=64 waited_ms=0 retry_after_s=-
1790216446809 [worker] spec-affinity: declined (history diverged at 5 of checkpoint 5728; 2 parked, 1457 prompt tokens; model q9)
1790216446809 [spec-k] model="q9" tenant="" K=3 source=cold-long prompt=1457 cached=0 lcp=6 active=1 wave=1 placement=single-or-non-pp2
1790216447403 [spec-acc] ctx=1457 burst=20/33 cum=20/33=0.606
1790216447403 [prefix-cache] insert (spec-boundary): 1408 tokens, 76.2MB (resident 2120.6MB / 2052MB, model q9)
1790216447403 [prefix-cache] evict (LRU): 3072 tokens, 104.0MB (model q9)
1790216447403 [prefix-cache] insert (spec-boundary): 1440 tokens, 76.8MB (resident 2093.4MB / 2052MB, model q9)
1790216447403 [prefix-cache] evict (LRU): 3072 tokens, 104.0MB (model q9)
1790216447562 [spec-acc] ctx=1489 burst=24/30 cum=44/63=0.698
1790216447703 [spec-acc] ctx=1523 burst=23/27 cum=67/90=0.744
1790216447874 [spec-acc] ctx=1555 burst=24/33 cum=91/123=0.740
1790216448108 [spec-acc] ctx=1590 burst=19/45 cum=110/168=0.655
1790216448264 [spec-acc] ctx=1624 burst=25/30 cum=135/198=0.682
1790216448463 [spec-acc] ctx=1659 burst=20/39 cum=155/237=0.654
1790216448693 [spec-acc] ctx=1692 burst=17/45 cum=172/282=0.610
1790216448923 [spec-acc] ctx=1724 burst=20/45 cum=192/327=0.587
1790216449107 [spec-acc] ctx=1759 burst=23/36 cum=215/363=0.592
1790216449305 [spec-acc] ctx=1794 burst=19/39 cum=234/402=0.582
1790216449519 [spec-acc] ctx=1826 burst=19/42 cum=253/444=0.570
1790216449692 [spec-acc] ctx=1859 burst=21/33 cum=274/477=0.574
1790216449906 [spec-acc] ctx=1891 burst=21/42 cum=295/519=0.568
1790216450106 [spec-acc] ctx=1926 burst=19/39 cum=314/558=0.563
1790216450276 [spec-acc] ctx=1958 burst=23/33 cum=337/591=0.570
1790216450522 [spec-acc] ctx=1992 burst=16/48 cum=353/639=0.552
1790216450692 [spec-acc] ctx=2024 burst=23/33 cum=376/672=0.560
1790216450845 [spec-acc] ctx=2058 burst=24/30 cum=400/702=0.570
1790216451062 [spec-acc] ctx=2092 burst=20/42 cum=420/744=0.565
1790216451262 [spec-acc] ctx=2126 burst=22/39 cum=442/783=0.564
1790216451431 [spec-acc] ctx=2161 burst=22/33 cum=464/816=0.569
1790216451601 [spec-acc] ctx=2194 burst=23/33 cum=487/849=0.574
1790216451770 [spec-acc] ctx=2228 burst=22/33 cum=509/882=0.577
1790216451955 [spec-acc] ctx=2261 burst=22/36 cum=531/918=0.578
1790216452125 [spec-acc] ctx=2295 burst=22/33 cum=553/951=0.581
1790216452294 [spec-acc] ctx=2328 burst=23/33 cum=576/984=0.585
1790216452463 [spec-acc] ctx=2362 burst=23/33 cum=599/1017=0.589
1790216452680 [spec-acc] ctx=2396 burst=20/42 cum=619/1059=0.585
1790216452865 [spec-acc] ctx=2430 burst=20/36 cum=639/1095=0.584
1790216453068 [spec-acc] ctx=2462 burst=21/39 cum=660/1134=0.582
1790216453271 [spec-acc] ctx=2496 burst=19/39 cum=679/1173=0.579
1790216453425 [spec-acc] ctx=2528 burst=24/30 cum=703/1203=0.584
1790216453595 [spec-acc] ctx=2562 burst=21/33 cum=724/1236=0.586
1790216453764 [spec-acc] ctx=2594 burst=24/33 cum=748/1269=0.589
1790216453949 [spec-acc] ctx=2629 burst=23/36 cum=771/1305=0.591
1790216454103 [spec-acc] ctx=2664 burst=22/30 cum=793/1335=0.594
1790216454274 [spec-acc] ctx=2696 burst=24/33 cum=817/1368=0.597
1790216454428 [spec-acc] ctx=2731 burst=25/30 cum=842/1398=0.602
1790216454567 [spec-acc] ctx=2766 burst=24/27 cum=866/1425=0.608
1790216454722 [spec-acc] ctx=2799 burst=25/30 cum=891/1455=0.612
1790216454909 [spec-acc] ctx=2834 burst=20/36 cum=911/1491=0.611
1790216455048 [spec-acc] ctx=2866 burst=24/27 cum=935/1518=0.616
1790216455190 [spec-acc] ctx=2899 burst=23/27 cum=958/1545=0.620
1790216455345 [spec-acc] ctx=2931 burst=22/30 cum=980/1575=0.622
1790216455484 [spec-acc] ctx=2963 burst=24/27 cum=1004/1602=0.627
1790216455642 [spec-acc] ctx=2996 burst=25/30 cum=1029/1632=0.631
1790216455814 [spec-acc] ctx=3031 burst=22/33 cum=1051/1665=0.631
1790216455955 [spec-acc] ctx=3064 burst=23/27 cum=1074/1692=0.635
1790216456129 [spec-acc] ctx=3096 burst=22/33 cum=1096/1725=0.635
1790216456300 [spec-acc] ctx=3129 burst=23/33 cum=1119/1758=0.637
1790216456474 [spec-acc] ctx=3163 burst=22/33 cum=1141/1791=0.637
1790216456725 [spec-acc] ctx=3196 burst=17/48 cum=1158/1839=0.630
1790216456914 [spec-acc] ctx=3229 burst=22/36 cum=1180/1875=0.629
1790216457054 [spec-acc] ctx=3263 burst=23/27 cum=1203/1902=0.632
1790216457213 [spec-acc] ctx=3295 burst=22/30 cum=1225/1932=0.634
1790216457369 [spec-acc] ctx=3327 burst=23/30 cum=1248/1962=0.636
1790216457560 [spec-acc] ctx=3360 burst=22/36 cum=1270/1998=0.636
1790216457764 [spec-acc] ctx=3394 burst=20/39 cum=1290/2037=0.633
1790216457952 [spec-acc] ctx=3427 burst=23/36 cum=1313/2073=0.633
1790216458109 [spec-acc] ctx=3462 burst=25/30 cum=1338/2103=0.636
1790216458141 [spec-acc] ctx=3497 burst=6/6 cum=1344/2109=0.637
1790216458144 [meter] admit id=chatcmpl-243a647ef527e0200b72df5614996658 tenant=default lane=interactive model="q9"
1790216458154 [admission] per-session draft-state charge: model="q9" +44MB (measured capture high-water)
1790216458154 [admission] request cost: model="q9" ctx=3572 path=spec = 16704 B/token x ctx + 526MB prefill-workspace + 118MB fixed = 703MB
1790216458154 [admit-predict] id=chatcmpl-243a647ef527e0200b72df5614996658 tenant="" model="q9" verdict=admit reason=tenant-p95 prompt=1460 predicted_completion=2048 kv_hat=746424968 booked_bytes=0 booked_real=0 inflight=0 cap=64 budget_bytes=12831671424 retry_after_s=- exempt=0 enforce=0 live_free_bytes=-
1790216458154 [admit-mem] id=chatcmpl-243a647ef527e0200b72df5614996658 model="q9" verdict=admit prompt=1460 output_bound=- charged_ctx=3572 est_bytes=2357973128 est_context=59666688 est_fixed=2298306440 device_free=14041243064 pending_prime=0 pending_seed=0 host_free=0 demotable=1989345280 short_by=0 inflight=0 cap=64 waited_ms=0 retry_after_s=-
1790216458155 [worker] spec-affinity: declined (history diverged at 6 of checkpoint 1440; 2 parked, 1460 prompt tokens; model q9)
1790216458155 [spec-k] model="q9" tenant="" K=3 source=cold-long prompt=1460 cached=0 lcp=6 active=1 wave=1 placement=single-or-non-pp2
1790216458724 [spec-acc] ctx=1460 burst=23/27 cum=23/27=0.852
1790216458724 [prefix-cache] insert (spec-boundary): 1408 tokens, 76.2MB (resident 2065.6MB / 2052MB, model q9)
1790216458724 [prefix-cache] evict (LRU): 3072 tokens, 104.0MB (model q9)
1790216458724 [prefix-cache] insert (spec-boundary): 1440 tokens, 76.8MB (resident 2038.3MB / 2052MB, model q9)
1790216458902 [spec-acc] ctx=1493 burst=23/33 cum=46/60=0.767
1790216459062 [spec-acc] ctx=1527 burst=23/30 cum=69/90=0.767
1790216459235 [spec-acc] ctx=1560 burst=21/33 cum=90/123=0.732
1790216459409 [spec-acc] ctx=1592 burst=21/33 cum=111/156=0.712
1790216459580 [spec-acc] ctx=1624 burst=22/33 cum=133/189=0.704
1790216459752 [spec-acc] ctx=1657 burst=21/33 cum=154/222=0.694
1790216459972 [spec-acc] ctx=1689 burst=19/42 cum=173/264=0.655
1790216460146 [spec-acc] ctx=1722 burst=22/33 cum=195/297=0.657
1790216460302 [spec-acc] ctx=1755 burst=22/30 cum=217/327=0.664
1790216460489 [spec-acc] ctx=1787 burst=21/36 cum=238/363=0.656
1790216460647 [spec-acc] ctx=1820 burst=22/30 cum=260/393=0.662
1790216460865 [spec-acc] ctx=1852 burst=18/42 cum=278/435=0.639
1790216461071 [spec-acc] ctx=1884 burst=20/39 cum=298/474=0.629
1790216461289 [spec-acc] ctx=1917 burst=20/42 cum=318/516=0.616
1790216461511 [spec-acc] ctx=1951 burst=18/42 cum=336/558=0.602
1790216461702 [spec-acc] ctx=1983 burst=20/36 cum=356/594=0.599
1790216461922 [spec-acc] ctx=2015 burst=18/42 cum=374/636=0.588
1790216462114 [spec-acc] ctx=2047 burst=21/36 cum=395/672=0.588
1790216462304 [spec-acc] ctx=2080 burst=22/36 cum=417/708=0.589
1790216462490 [spec-acc] ctx=2114 burst=20/36 cum=437/744=0.587
1790216462661 [spec-acc] ctx=2146 burst=21/33 cum=458/777=0.589
1790216462834 [spec-acc] ctx=2178 burst=22/33 cum=480/810=0.593
1790216463021 [spec-acc] ctx=2211 burst=21/36 cum=501/846=0.592
1790216463224 [spec-acc] ctx=2244 burst=21/39 cum=522/885=0.590
1790216463460 [spec-acc] ctx=2278 burst=17/45 cum=539/930=0.580
1790216463599 [spec-acc] ctx=2310 burst=24/27 cum=563/957=0.588
1790216463739 [spec-acc] ctx=2343 burst=24/27 cum=587/984=0.597
1790216463881 [spec-acc] ctx=2376 burst=23/27 cum=610/1011=0.603
1790216464068 [spec-acc] ctx=2408 burst=20/36 cum=630/1047=0.602
1790216464273 [spec-acc] ctx=2440 burst=19/39 cum=649/1086=0.598
1790216464460 [spec-acc] ctx=2472 burst=23/36 cum=672/1122=0.599
1790216464632 [spec-acc] ctx=2507 burst=22/33 cum=694/1155=0.601
1790216464790 [spec-acc] ctx=2540 burst=22/30 cum=716/1185=0.604
1790216464945 [spec-acc] ctx=2572 burst=23/30 cum=739/1215=0.608
1790216465085 [spec-acc] ctx=2605 burst=23/27 cum=762/1242=0.614
1790216465225 [spec-acc] ctx=2637 burst=24/27 cum=786/1269=0.619
1790216465383 [spec-acc] ctx=2670 burst=22/30 cum=808/1299=0.622
1790216465555 [spec-acc] ctx=2702 burst=24/33 cum=832/1332=0.625
1790216465727 [spec-acc] ctx=2737 burst=21/33 cum=853/1365=0.625
1790216465948 [spec-acc] ctx=2769 burst=18/42 cum=871/1407=0.619
1790216466106 [spec-acc] ctx=2801 burst=22/30 cum=893/1437=0.621
1790216466231 [spec-acc] ctx=2833 burst=24/24 cum=917/1461=0.628
1790216466387 [spec-acc] ctx=2865 burst=24/30 cum=941/1491=0.631
1790216466592 [spec-acc] ctx=2899 burst=21/39 cum=962/1530=0.629
1790216466796 [spec-acc] ctx=2933 burst=19/39 cum=981/1569=0.625
1790216466971 [spec-acc] ctx=2965 burst=24/33 cum=1005/1602=0.627
1790216467097 [spec-acc] ctx=3000 burst=24/24 cum=1029/1626=0.633
1790216467240 [spec-acc] ctx=3032 burst=26/27 cum=1055/1653=0.638
1790216467461 [spec-acc] ctx=3067 burst=21/42 cum=1076/1695=0.635
1790216467628 [spec-acc] ctx=3102 burst=24/30 cum=1100/1725=0.638
1790216467823 [spec-acc] ctx=3136 burst=20/36 cum=1120/1761=0.636
1790216468013 [spec-acc] ctx=3168 burst=20/36 cum=1140/1797=0.634
1790216468228 [spec-acc] ctx=3200 burst=19/39 cum=1159/1836=0.631
1790216468406 [spec-acc] ctx=3232 burst=23/33 cum=1182/1869=0.632
1790216468581 [spec-acc] ctx=3266 burst=23/33 cum=1205/1902=0.634
1790216468712 [spec-acc] ctx=3300 burst=24/24 cum=1229/1926=0.638
1790216468837 [spec-acc] ctx=3332 burst=24/24 cum=1253/1950=0.643
1790216468997 [spec-acc] ctx=3364 burst=23/30 cum=1276/1980=0.644
1790216469201 [spec-acc] ctx=3397 burst=20/39 cum=1296/2019=0.642
1790216469375 [spec-acc] ctx=3430 burst=24/33 cum=1320/2052=0.643
1790216469515 [spec-acc] ctx=3465 burst=25/27 cum=1345/2079=0.647
1790216469581 [spec-acc] ctx=3499 burst=6/12 cum=1351/2091=0.646
1790216469583 [meter] admit id=chatcmpl-d39b45ed5f50a2603be8d849dab2ff64 tenant=default lane=interactive model="q9"
1790216469592 [admit-predict] id=chatcmpl-d39b45ed5f50a2603be8d849dab2ff64 tenant="" model="q9" verdict=admit reason=tenant-p95 prompt=1460 predicted_completion=2048 kv_hat=746424968 booked_bytes=0 booked_real=0 inflight=0 cap=64 budget_bytes=12831671424 retry_after_s=- exempt=0 enforce=0 live_free_bytes=-
1790216469592 [admit-mem] id=chatcmpl-d39b45ed5f50a2603be8d849dab2ff64 model="q9" verdict=admit prompt=1460 output_bound=- charged_ctx=3572 est_bytes=2357973128 est_context=59666688 est_fixed=2298306440 device_free=13992238136 pending_prime=0 pending_seed=0 host_free=0 demotable=2038310912 short_by=0 inflight=0 cap=64 waited_ms=0 retry_after_s=-
1790216469594 [worker] spec-affinity: declined (history diverged at 6 of checkpoint 1440; 2 parked, 1460 prompt tokens; model q9)
1790216469594 [spec-k] model="q9" tenant="" K=3 source=cold-long prompt=1460 cached=0 lcp=6 active=1 wave=1 placement=single-or-non-pp2
1790216470209 [spec-acc] ctx=1460 burst=19/36 cum=19/36=0.528
1790216470209 [prefix-cache] insert (spec-boundary): 1408 tokens, 76.2MB (resident 2114.5MB / 2052MB, model q9)
1790216470209 [prefix-cache] evict (LRU): 3072 tokens, 104.0MB (model q9)
1790216470209 [prefix-cache] insert (spec-boundary): 1440 tokens, 76.8MB (resident 2087.3MB / 2052MB, model q9)
1790216470209 [prefix-cache] evict (LRU): 5632 tokens, 146.8MB (model q9)
1790216470372 [spec-acc] ctx=1492 burst=24/30 cum=43/66=0.652
1790216470516 [spec-acc] ctx=1526 burst=23/27 cum=66/93=0.710
1790216470755 [spec-acc] ctx=1558 burst=19/45 cum=85/138=0.616
1790216470928 [spec-acc] ctx=1592 burst=21/33 cum=106/171=0.620
1790216471083 [spec-acc] ctx=1624 burst=25/30 cum=131/201=0.652
1790216471268 [spec-acc] ctx=1659 burst=23/36 cum=154/237=0.650
1790216471423 [spec-acc] ctx=1694 burst=25/30 cum=179/267=0.670
1790216471594 [spec-acc] ctx=1729 burst=21/33 cum=200/300=0.667
1790216471764 [spec-acc] ctx=1761 burst=21/33 cum=221/333=0.664
1790216471969 [spec-acc] ctx=1793 burst=19/39 cum=240/372=0.645
1790216472155 [spec-acc] ctx=1825 burst=21/36 cum=261/408=0.640
1790216472375 [spec-acc] ctx=1858 burst=20/42 cum=281/450=0.624
1790216472531 [spec-acc] ctx=1892 burst=22/30 cum=303/480=0.631
1790216472780 [spec-acc] ctx=1924 burst=17/48 cum=320/528=0.606
1790216472967 [spec-acc] ctx=1957 burst=21/36 cum=341/564=0.605
1790216473141 [spec-acc] ctx=1990 burst=22/33 cum=363/597=0.608
1790216473346 [spec-acc] ctx=2023 burst=20/39 cum=383/636=0.602
1790216473534 [spec-acc] ctx=2056 burst=20/36 cum=403/672=0.600
1790216473725 [spec-acc] ctx=2088 burst=22/36 cum=425/708=0.600
1790216473913 [spec-acc] ctx=2122 burst=20/36 cum=445/744=0.598
1790216474117 [spec-acc] ctx=2154 burst=19/39 cum=464/783=0.593
1790216474353 [spec-acc] ctx=2186 burst=18/45 cum=482/828=0.582
1790216474558 [spec-acc] ctx=2219 burst=19/39 cum=501/867=0.578
1790216474717 [spec-acc] ctx=2251 burst=23/30 cum=524/897=0.584
1790216474937 [spec-acc] ctx=2284 burst=20/42 cum=544/939=0.579
1790216475127 [spec-acc] ctx=2318 burst=22/36 cum=566/975=0.581
1790216475333 [spec-acc] ctx=2352 burst=20/39 cum=586/1014=0.578
1790216475490 [spec-acc] ctx=2385 burst=22/30 cum=608/1044=0.582
1790216475649 [spec-acc] ctx=2417 burst=22/30 cum=630/1074=0.587
1790216475822 [spec-acc] ctx=2449 burst=24/33 cum=654/1107=0.591
1790216475981 [spec-acc] ctx=2484 burst=23/30 cum=677/1137=0.595
1790216476107 [spec-acc] ctx=2517 burst=24/24 cum=701/1161=0.604
1790216476328 [spec-acc] ctx=2549 burst=20/42 cum=721/1203=0.599
1790216476514 [spec-acc] ctx=2583 burst=20/36 cum=741/1239=0.598
1790216476703 [spec-acc] ctx=2615 burst=21/36 cum=762/1275=0.598
1790216476905 [spec-acc] ctx=2648 burst=22/39 cum=784/1314=0.597
1790216477061 [spec-acc] ctx=2683 burst=25/30 cum=809/1344=0.602
1790216477250 [spec-acc] ctx=2718 burst=23/36 cum=832/1380=0.603
1790216477437 [spec-acc] ctx=2753 burst=21/36 cum=853/1416=0.602
1790216477608 [spec-acc] ctx=2786 burst=22/33 cum=875/1449=0.604
1790216477766 [spec-acc] ctx=2819 burst=23/30 cum=898/1479=0.607
1790216477969 [spec-acc] ctx=2852 burst=20/39 cum=918/1518=0.605
1790216478109 [spec-acc] ctx=2885 burst=23/27 cum=941/1545=0.609
1790216478267 [spec-acc] ctx=2917 burst=24/30 cum=965/1575=0.613
1790216478408 [spec-acc] ctx=2951 burst=24/27 cum=989/1602=0.617
1790216478580 [spec-acc] ctx=2984 burst=23/33 cum=1012/1635=0.619
1790216478754 [spec-acc] ctx=3018 burst=22/33 cum=1034/1668=0.620
1790216478942 [spec-acc] ctx=3051 burst=23/36 cum=1057/1704=0.620
1790216479164 [spec-acc] ctx=3086 burst=21/42 cum=1078/1746=0.617
1790216479307 [spec-acc] ctx=3121 burst=24/27 cum=1102/1773=0.622
1790216479449 [spec-acc] ctx=3154 burst=26/27 cum=1128/1800=0.627
1790216479575 [spec-acc] ctx=3189 burst=24/24 cum=1152/1824=0.632
1790216479750 [spec-acc] ctx=3221 burst=21/33 cum=1173/1857=0.632
1790216479925 [spec-acc] ctx=3253 burst=24/33 cum=1197/1890=0.633
1790216480099 [spec-acc] ctx=3288 burst=22/33 cum=1219/1923=0.634
1790216480273 [spec-acc] ctx=3321 burst=21/33 cum=1240/1956=0.634
1790216480430 [spec-acc] ctx=3353 burst=24/30 cum=1264/1986=0.636
1790216480573 [spec-acc] ctx=3387 burst=24/27 cum=1288/2013=0.640
1790216480746 [spec-acc] ctx=3420 burst=23/33 cum=1311/2046=0.641
1790216480905 [spec-acc] ctx=3454 burst=25/30 cum=1336/2076=0.644
1790216481015 [spec-acc] ctx=3489 burst=12/21 cum=1348/2097=0.643
1790216481017 [meter] admit id=chatcmpl-fd17d76af868015b024f3065907b5471 tenant=default lane=interactive model="q9"
1790216481027 [admission] per-session draft-state charge: model="q9" +44MB (measured capture high-water)
1790216481027 [admission] request cost: model="q9" ctx=3571 path=spec = 16704 B/token x ctx + 526MB prefill-workspace + 118MB fixed = 703MB
1790216481027 [admit-predict] id=chatcmpl-fd17d76af868015b024f3065907b5471 tenant="" model="q9" verdict=admit reason=tenant-p95 prompt=1459 predicted_completion=2048 kv_hat=746047816 booked_bytes=0 booked_real=0 inflight=0 cap=64 budget_bytes=12831671424 retry_after_s=- exempt=0 enforce=0 live_free_bytes=-
1790216481027 [admit-mem] id=chatcmpl-fd17d76af868015b024f3065907b5471 model="q9" verdict=admit prompt=1459 output_bound=- charged_ctx=3571 est_bytes=2357595976 est_context=59649984 est_fixed=2297945992 device_free=14090001080 pending_prime=0 pending_seed=0 host_free=0 demotable=1940492288 short_by=0 inflight=0 cap=64 waited_ms=0 retry_after_s=-
1790216481028 [worker] spec-affinity: declined (history diverged at 6 of checkpoint 1440; 2 parked, 1459 prompt tokens; model q9)
1790216481028 [spec-k] model="q9" tenant="" K=3 source=cold-long prompt=1459 cached=0 lcp=6 active=1 wave=1 placement=single-or-non-pp2
1790216481646 [spec-acc] ctx=1459 burst=22/33 cum=22/33=0.667
1790216481646 [prefix-cache] insert (spec-boundary): 1408 tokens, 76.2MB (resident 2016.7MB / 2052MB, model q9)
1790216481646 [prefix-cache] insert (spec-boundary): 1440 tokens, 76.8MB (resident 2093.5MB / 2052MB, model q9)
1790216481646 [prefix-cache] evict (LRU): 5632 tokens, 146.8MB (model q9)
1790216481896 [spec-acc] ctx=1493 burst=17/45 cum=39/78=0.500
1790216482058 [spec-acc] ctx=1525 burst=22/30 cum=61/108=0.565
1790216482217 [spec-acc] ctx=1557 burst=22/30 cum=83/138=0.601
1790216482469 [spec-acc] ctx=1589 burst=16/48 cum=99/186=0.532
1790216482642 [spec-acc] ctx=1621 burst=23/33 cum=122/219=0.557
1790216482797 [spec-acc] ctx=1655 burst=24/30 cum=146/249=0.586
1790216482969 [spec-acc] ctx=1689 burst=24/33 cum=170/282=0.603
1790216483173 [spec-acc] ctx=1724 burst=20/39 cum=190/321=0.592
1790216483376 [spec-acc] ctx=1757 burst=20/39 cum=210/360=0.583
1790216483547 [spec-acc] ctx=1790 burst=22/33 cum=232/393=0.590
1790216483736 [spec-acc] ctx=1823 burst=20/36 cum=252/429=0.587
1790216483964 [spec-acc] ctx=1855 burst=18/42 cum=270/471=0.573
1790216484133 [spec-acc] ctx=1887 burst=24/30 cum=294/501=0.587
1790216484332 [spec-acc] ctx=1921 burst=23/36 cum=317/537=0.590
1790216484532 [spec-acc] ctx=1956 burst=22/36 cum=339/573=0.592
1790216484749 [spec-acc] ctx=1990 burst=20/42 cum=359/615=0.584
1790216484946 [spec-acc] ctx=2024 burst=20/36 cum=379/651=0.582
1790216485132 [spec-acc] ctx=2056 burst=20/36 cum=399/687=0.581
1790216485364 [spec-acc] ctx=2088 burst=19/45 cum=418/732=0.571
1790216485533 [spec-acc] ctx=2122 burst=22/33 cum=440/765=0.575
1790216485718 [spec-acc] ctx=2155 burst=22/36 cum=462/801=0.577
1790216485887 [spec-acc] ctx=2189 burst=22/33 cum=484/834=0.580
1790216486042 [spec-acc] ctx=2222 burst=24/30 cum=508/864=0.588
1790216486242 [spec-acc] ctx=2256 burst=19/39 cum=527/903=0.584
1790216486427 [spec-acc] ctx=2288 burst=22/36 cum=549/939=0.585
1790216486596 [spec-acc] ctx=2322 burst=24/33 cum=573/972=0.590
1790216486765 [spec-acc] ctx=2357 burst=21/33 cum=594/1005=0.591
1790216486935 [spec-acc] ctx=2389 burst=21/33 cum=615/1038=0.592
1790216487089 [spec-acc] ctx=2421 burst=22/30 cum=637/1068=0.596
1790216487297 [spec-acc] ctx=2453 burst=21/39 cum=658/1107=0.594
1790216487435 [spec-acc] ctx=2487 burst=25/27 cum=683/1134=0.602
1790216487622 [spec-acc] ctx=2521 burst=20/36 cum=703/1170=0.601
1790216487825 [spec-acc] ctx=2553 burst=19/39 cum=722/1209=0.597
1790216487996 [spec-acc] ctx=2585 burst=24/33 cum=746/1242=0.601
1790216488135 [spec-acc] ctx=2620 burst=25/27 cum=771/1269=0.608
1790216488337 [spec-acc] ctx=2654 burst=21/39 cum=792/1308=0.606
1790216488511 [spec-acc] ctx=2688 burst=22/33 cum=814/1341=0.607
1790216488729 [spec-acc] ctx=2721 burst=20/42 cum=834/1383=0.603
1790216488868 [spec-acc] ctx=2755 burst=24/27 cum=858/1410=0.609
1790216489041 [spec-acc] ctx=2788 burst=24/33 cum=882/1443=0.611
1790216489197 [spec-acc] ctx=2823 burst=25/30 cum=907/1473=0.616
1790216489351 [spec-acc] ctx=2858 burst=22/30 cum=929/1503=0.618
1790216489553 [spec-acc] ctx=2890 burst=20/39 cum=949/1542=0.615
1790216489739 [spec-acc] ctx=2923 burst=20/36 cum=969/1578=0.614
1790216489929 [spec-acc] ctx=2955 burst=21/36 cum=990/1614=0.613
1790216490103 [spec-acc] ctx=2988 burst=24/33 cum=1014/1647=0.616
1790216490259 [spec-acc] ctx=3023 burst=24/30 cum=1038/1677=0.619
1790216490431 [spec-acc] ctx=3057 burst=21/33 cum=1059/1710=0.619
1790216490605 [spec-acc] ctx=3089 burst=23/33 cum=1082/1743=0.621
1790216490761 [spec-acc] ctx=3123 burst=22/30 cum=1104/1773=0.623
1790216490886 [spec-acc] ctx=3155 burst=24/24 cum=1128/1797=0.628
1790216491062 [spec-acc] ctx=3187 burst=22/33 cum=1150/1830=0.628
1790216491220 [spec-acc] ctx=3220 burst=25/30 cum=1175/1860=0.632
1790216491376 [spec-acc] ctx=3255 burst=23/30 cum=1198/1890=0.634
1790216491599 [spec-acc] ctx=3288 burst=21/42 cum=1219/1932=0.631
1790216491724 [spec-acc] ctx=3323 burst=24/24 cum=1243/1956=0.635
1790216491849 [spec-acc] ctx=3355 burst=24/24 cum=1267/1980=0.640
1790216492038 [spec-acc] ctx=3387 burst=22/36 cum=1289/2016=0.639
1790216492179 [spec-acc] ctx=3421 burst=26/27 cum=1315/2043=0.644
1790216492464 [spec-acc] ctx=3456 burst=14/54 cum=1329/2097=0.634
1790216492607 [spec-acc] ctx=3488 burst=13/27 cum=1342/2124=0.632
1790216492609 [meter] admit id=chatcmpl-d9221a8f83f81e62608bf0fee59ce685 tenant=default lane=interactive model="q9"
1790216492620 [admission] per-session draft-state charge: model="q9" +44MB (measured capture high-water)
1790216492620 [admission] request cost: model="q9" ctx=5226 path=spec = 16704 B/token x ctx + 1122MB prefill-workspace + 118MB fixed = 1327MB
1790216492620 [admit-predict] id=chatcmpl-d9221a8f83f81e62608bf0fee59ce685 tenant="" model="q9" verdict=admit reason=tenant-p95 prompt=3114 predicted_completion=2048 kv_hat=1370234376 booked_bytes=0 booked_real=0 inflight=0 cap=64 budget_bytes=12831671424 retry_after_s=- exempt=0 enforce=0 live_free_bytes=-
1790216492620 [admit-mem] id=chatcmpl-d9221a8f83f81e62608bf0fee59ce685 model="q9" verdict=admit prompt=3114 output_bound=- charged_ctx=5226 est_bytes=2981782536 est_context=87295104 est_fixed=2894487432 device_free=14083832632 pending_prime=0 pending_seed=0 host_free=0 demotable=1946695680 short_by=0 inflight=0 cap=64 waited_ms=0 retry_after_s=-
1790216492622 [worker] spec-affinity: declined (history diverged at 5 of checkpoint 1440; 2 parked, 3114 prompt tokens; model q9)
1790216492622 [spec-k] model="q9" tenant="" K=3 source=cold-long prompt=3114 cached=0 lcp=5 active=1 wave=1 placement=single-or-non-pp2
1790216493679 [spec-acc] ctx=3114 burst=19/39 cum=19/39=0.487
1790216493679 [prefix-cache] insert (spec-boundary): 3072 tokens, 104.0MB (resident 2050.7MB / 2052MB, model q9)
1790216493919 [spec-acc] ctx=3147 burst=20/42 cum=39/81=0.481
1790216494087 [spec-acc] ctx=3181 burst=22/30 cum=61/111=0.550
1790216494270 [spec-acc] ctx=3213 burst=23/33 cum=84/144=0.583
1790216494482 [spec-acc] ctx=3247 burst=19/39 cum=103/183=0.563
1790216494643 [spec-acc] ctx=3279 burst=22/30 cum=125/213=0.587
1790216494853 [spec-acc] ctx=3311 burst=20/39 cum=145/252=0.575
1790216495045 [spec-acc] ctx=3344 burst=22/36 cum=167/288=0.580
1790216495191 [spec-acc] ctx=3378 burst=23/27 cum=190/315=0.603
1790216495369 [spec-acc] ctx=3410 burst=23/33 cum=213/348=0.612
1790216495529 [spec-acc] ctx=3444 burst=22/30 cum=235/378=0.622
1790216495757 [spec-acc] ctx=3476 burst=18/42 cum=253/420=0.602
1790216495902 [spec-acc] ctx=3508 burst=23/27 cum=276/447=0.617
1790216496111 [spec-acc] ctx=3540 burst=21/39 cum=297/486=0.611
1790216496258 [spec-acc] ctx=3574 burst=24/27 cum=321/513=0.626
1790216496498 [spec-acc] ctx=3607 burst=17/45 cum=338/558=0.606
1790216496644 [spec-acc] ctx=3639 burst=24/27 cum=362/585=0.619
1790216496871 [spec-acc] ctx=3672 burst=18/42 cum=380/627=0.606
1790216497063 [spec-acc] ctx=3704 burst=21/36 cum=401/663=0.605
1790216497276 [spec-acc] ctx=3737 burst=22/39 cum=423/702=0.603
1790216497500 [spec-acc] ctx=3772 burst=21/42 cum=444/744=0.597
1790216497645 [spec-acc] ctx=3807 burst=25/27 cum=469/771=0.608
1790216497806 [spec-acc] ctx=3841 burst=24/30 cum=493/801=0.615
1790216497949 [spec-acc] ctx=3875 burst=24/27 cum=517/828=0.624
1790216498076 [spec-acc] ctx=3908 burst=24/24 cum=541/852=0.635
1790216498220 [spec-acc] ctx=3940 burst=25/27 cum=566/879=0.644
1790216498395 [spec-acc] ctx=3974 burst=21/33 cum=587/912=0.644
1790216498593 [spec-acc] ctx=4006 burst=21/36 cum=608/948=0.641
1790216498784 [spec-acc] ctx=4039 burst=23/36 cum=631/984=0.641
1790216498962 [spec-acc] ctx=4074 burst=22/33 cum=653/1017=0.642
1790216499156 [spec-acc] ctx=4107 burst=23/36 cum=676/1053=0.642
1790216499316 [spec-acc] ctx=4142 burst=25/30 cum=701/1083=0.647
1790216499529 [spec-acc] ctx=4177 burst=19/39 cum=720/1122=0.642
1790216499706 [spec-acc] ctx=4209 burst=22/33 cum=742/1155=0.642
1790216499882 [spec-acc] ctx=4242 burst=22/33 cum=764/1188=0.643
1790216500062 [spec-acc] ctx=4275 burst=24/33 cum=788/1221=0.645
1790216500255 [spec-acc] ctx=4310 burst=21/36 cum=809/1257=0.644
1790216500383 [spec-acc] ctx=4343 burst=24/24 cum=833/1281=0.650
1790216500528 [spec-acc] ctx=4375 burst=25/27 cum=858/1308=0.656
1790216500689 [spec-acc] ctx=4409 burst=25/30 cum=883/1338=0.660
1790216500817 [spec-acc] ctx=4444 burst=24/24 cum=907/1362=0.666
1790216500996 [spec-acc] ctx=4476 burst=23/33 cum=930/1395=0.667
1790216501205 [spec-acc] ctx=4510 burst=20/39 cum=950/1434=0.662
1790216501516 [spec-acc] ctx=4543 burst=16/57 cum=966/1491=0.648
1790216501676 [spec-acc] ctx=4578 burst=24/30 cum=990/1521=0.651
1790216501886 [spec-acc] ctx=4612 burst=21/39 cum=1011/1560=0.648
1790216502101 [spec-acc] ctx=4646 burst=19/39 cum=1030/1599=0.644
1790216502285 [spec-acc] ctx=4678 burst=23/33 cum=1053/1632=0.645
1790216502453 [spec-acc] ctx=4712 burst=22/30 cum=1075/1662=0.647
1790216502637 [spec-acc] ctx=4744 burst=22/33 cum=1097/1695=0.647
1790216502837 [spec-acc] ctx=4777 burst=20/36 cum=1117/1731=0.645
1790216502985 [spec-acc] ctx=4809 burst=23/27 cum=1140/1758=0.648
1790216503121 [spec-acc] ctx=4841 burst=24/24 cum=1164/1782=0.653
1790216503269 [spec-acc] ctx=4873 burst=26/27 cum=1190/1809=0.658
1790216503453 [spec-acc] ctx=4908 burst=21/33 cum=1211/1842=0.657
1790216503621 [spec-acc] ctx=4940 burst=25/30 cum=1236/1872=0.660
1790216503821 [spec-acc] ctx=4975 burst=22/36 cum=1258/1908=0.659
1790216504021 [spec-acc] ctx=5009 burst=20/36 cum=1278/1944=0.657
1790216504153 [spec-acc] ctx=5041 burst=24/24 cum=1302/1968=0.662
1790216504353 [spec-acc] ctx=5073 burst=20/36 cum=1322/2004=0.660
1790216504621 [spec-acc] ctx=5105 burst=16/48 cum=1338/2052=0.652
1790216504753 [spec-acc] ctx=5137 burst=18/24 cum=1356/2076=0.653
1790216504756 [meter] admit id=chatcmpl-7a994cd3e2f9f8204867ddcb2dc273d4 tenant=default lane=interactive model="q9"
1790216504767 [admit-predict] id=chatcmpl-7a994cd3e2f9f8204867ddcb2dc273d4 tenant="" model="q9" verdict=admit reason=tenant-p95 prompt=3114 predicted_completion=2048 kv_hat=1370234376 booked_bytes=0 booked_real=0 inflight=0 cap=64 budget_bytes=12831671424 retry_after_s=- exempt=0 enforce=0 live_free_bytes=-
1790216504767 [admit-mem] id=chatcmpl-7a994cd3e2f9f8204867ddcb2dc273d4 model="q9" verdict=admit prompt=3114 output_bound=- charged_ctx=5226 est_bytes=2981782536 est_context=87295104 est_fixed=2894487432 device_free=13949128760 pending_prime=0 pending_seed=0 host_free=0 demotable=2050717696 short_by=0 inflight=0 cap=64 waited_ms=0 retry_after_s=-
1790216504769 [worker] spec-affinity: declined (history diverged at 5 of checkpoint 1440; 2 parked, 3114 prompt tokens; model q9)
1790216504769 [spec-k] model="q9" tenant="" K=3 source=cold-long prompt=3114 cached=0 lcp=6 active=1 wave=1 placement=single-or-non-pp2
1790216505768 [spec-acc] ctx=3114 burst=21/30 cum=21/30=0.700
1790216505768 [prefix-cache] insert (spec-boundary): 3072 tokens, 104.0MB (resident 2154.7MB / 2052MB, model q9)
1790216505768 [prefix-cache] evict (LRU): 5632 tokens, 146.8MB (model q9)
1790216505961 [spec-acc] ctx=3146 burst=23/33 cum=44/63=0.698
1790216506165 [spec-acc] ctx=3180 burst=20/36 cum=64/99=0.646
1790216506349 [spec-acc] ctx=3212 burst=23/33 cum=87/132=0.659
1790216506595 [spec-acc] ctx=3246 burst=17/45 cum=104/177=0.588
1790216506790 [spec-acc] ctx=3278 burst=20/36 cum=124/213=0.582
1790216506983 [spec-acc] ctx=3310 burst=22/36 cum=146/249=0.586
1790216507173 [spec-acc] ctx=3344 burst=22/36 cum=168/285=0.589
1790216507381 [spec-acc] ctx=3378 burst=20/39 cum=188/324=0.580
1790216507540 [spec-acc] ctx=3411 burst=24/30 cum=212/354=0.599
1790216507715 [spec-acc] ctx=3445 burst=22/33 cum=234/387=0.605
1790216507924 [spec-acc] ctx=3478 burst=21/39 cum=255/426=0.599
1790216508066 [spec-acc] ctx=3512 burst=23/27 cum=278/453=0.614
1790216508258 [spec-acc] ctx=3544 burst=21/36 cum=299/489=0.611
1790216508482 [spec-acc] ctx=3577 burst=21/42 cum=320/531=0.603
1790216508642 [spec-acc] ctx=3612 burst=23/30 cum=343/561=0.611
1790216508769 [spec-acc] ctx=3645 burst=24/24 cum=367/585=0.627
1790216508928 [spec-acc] ctx=3677 burst=24/30 cum=391/615=0.636
1790216509089 [spec-acc] ctx=3711 burst=23/30 cum=414/645=0.642
1790216509296 [spec-acc] ctx=3744 burst=20/39 cum=434/684=0.635
1790216509473 [spec-acc] ctx=3777 burst=22/33 cum=456/717=0.636
1790216509679 [spec-acc] ctx=3810 burst=22/39 cum=478/756=0.632
1790216509854 [spec-acc] ctx=3845 burst=24/33 cum=502/789=0.636
1790216509998 [spec-acc] ctx=3880 burst=23/27 cum=525/816=0.643
1790216510160 [spec-acc] ctx=3912 burst=23/30 cum=548/846=0.648
1790216510338 [spec-acc] ctx=3945 burst=22/33 cum=570/879=0.648
1790216510515 [spec-acc] ctx=3978 burst=22/33 cum=592/912=0.649
1790216510692 [spec-acc] ctx=4011 burst=23/33 cum=615/945=0.651
1790216510919 [spec-acc] ctx=4045 burst=20/42 cum=635/987=0.643
1790216511177 [spec-acc] ctx=4079 burst=17/48 cum=652/1035=0.630
1790216511340 [spec-acc] ctx=4112 burst=24/30 cum=676/1065=0.635
1790216511517 [spec-acc] ctx=4146 burst=24/33 cum=700/1098=0.638
1790216511678 [spec-acc] ctx=4181 burst=23/30 cum=723/1128=0.641
1790216511857 [spec-acc] ctx=4214 burst=21/33 cum=744/1161=0.641
1790216512034 [spec-acc] ctx=4246 burst=21/33 cum=765/1194=0.641
1790216512230 [spec-acc] ctx=4278 burst=21/36 cum=786/1230=0.639
1790216512457 [spec-acc] ctx=4311 burst=20/42 cum=806/1272=0.634
1790216512634 [spec-acc] ctx=4345 burst=22/33 cum=828/1305=0.634
1790216512763 [spec-acc] ctx=4378 burst=24/24 cum=852/1329=0.641
1790216512911 [spec-acc] ctx=4410 burst=24/27 cum=876/1356=0.646
1790216513075 [spec-acc] ctx=4443 burst=22/30 cum=898/1386=0.648
1790216513252 [spec-acc] ctx=4475 burst=21/33 cum=919/1419=0.648
1790216513463 [spec-acc] ctx=4507 burst=22/39 cum=941/1458=0.645
1790216513659 [spec-acc] ctx=4542 burst=23/36 cum=964/1494=0.645
1790216513821 [spec-acc] ctx=4577 burst=24/30 cum=988/1524=0.648
1790216514032 [spec-acc] ctx=4611 burst=21/39 cum=1009/1563=0.646
1790216514179 [spec-acc] ctx=4645 burst=25/27 cum=1034/1590=0.650
1790216514324 [spec-acc] ctx=4679 burst=25/27 cum=1059/1617=0.655
1790216514534 [spec-acc] ctx=4713 burst=21/39 cum=1080/1656=0.652
1790216514714 [spec-acc] ctx=4747 burst=24/33 cum=1104/1689=0.654
1790216514880 [spec-acc] ctx=4782 burst=22/30 cum=1126/1719=0.655
1790216515042 [spec-acc] ctx=4814 burst=25/30 cum=1151/1749=0.658
1790216515220 [spec-acc] ctx=4849 burst=21/33 cum=1172/1782=0.658
1790216515415 [spec-acc] ctx=4881 burst=22/36 cum=1194/1818=0.657
1790216515549 [spec-acc] ctx=4915 burst=24/24 cum=1218/1842=0.661
1790216515714 [spec-acc] ctx=4947 burst=25/30 cum=1243/1872=0.664
1790216515880 [spec-acc] ctx=4982 burst=22/30 cum=1265/1902=0.665
1790216516026 [spec-acc] ctx=5014 burst=23/27 cum=1288/1929=0.668
1790216516220 [spec-acc] ctx=5046 burst=20/36 cum=1308/1965=0.666
1790216516383 [spec-acc] ctx=5078 burst=22/30 cum=1330/1995=0.667
1790216516563 [spec-acc] ctx=5110 burst=21/33 cum=1351/2028=0.666
1790216516676 [spec-acc] ctx=5142 burst=15/21 cum=1366/2049=0.667
1790216516679 [meter] admit id=chatcmpl-f66922dfbd6cf72e2d1598aee27e43ef tenant=default lane=interactive model="q9"
1790216516693 [admission] per-session draft-state charge: model="q9" +44MB (measured capture high-water)
1790216516693 [admission] request cost: model="q9" ctx=5227 path=spec = 16704 B/token x ctx + 1123MB prefill-workspace + 118MB fixed = 1328MB
1790216516693 [admit-predict] id=chatcmpl-f66922dfbd6cf72e2d1598aee27e43ef tenant="" model="q9" verdict=admit reason=tenant-p95 prompt=3115 predicted_completion=2048 kv_hat=1370611528 booked_bytes=0 booked_real=0 inflight=0 cap=64 budget_bytes=12831671424 retry_after_s=- exempt=0 enforce=0 live_free_bytes=-
1790216516693 [admit-mem] id=chatcmpl-f66922dfbd6cf72e2d1598aee27e43ef model="q9" verdict=admit prompt=3115 output_bound=- charged_ctx=5227 est_bytes=2982159688 est_context=87311808 est_fixed=2894847880 device_free=13961174200 pending_prime=0 pending_seed=0 host_free=0 demotable=2007955456 short_by=0 inflight=0 cap=64 waited_ms=0 retry_after_s=-
1790216516693 [worker] spec-affinity: declined (history diverged at 6 of checkpoint 3072; 2 parked, 3115 prompt tokens; model q9)
1790216516693 [spec-k] model="q9" tenant="" K=3 source=cold-long prompt=3115 cached=0 lcp=6 active=1 wave=1 placement=single-or-non-pp2
1790216517724 [spec-acc] ctx=3115 burst=19/36 cum=19/36=0.528
1790216517724 [prefix-cache] insert (spec-boundary): 3072 tokens, 104.0MB (resident 2112.0MB / 2052MB, model q9)
1790216517724 [prefix-cache] evict (LRU): 5632 tokens, 146.8MB (model q9)
1790216517895 [spec-acc] ctx=3147 burst=22/30 cum=41/66=0.621
1790216518064 [spec-acc] ctx=3179 burst=22/30 cum=63/96=0.656
1790216518214 [spec-acc] ctx=3211 burst=23/27 cum=86/123=0.699
1790216518412 [spec-acc] ctx=3243 burst=23/36 cum=109/159=0.686
1790216518655 [spec-acc] ctx=3278 burst=19/45 cum=128/204=0.627
1790216518864 [spec-acc] ctx=3312 burst=22/39 cum=150/243=0.617
1790216519022 [spec-acc] ctx=3347 burst=24/30 cum=174/273=0.637
1790216519172 [spec-acc] ctx=3381 burst=23/27 cum=197/300=0.657
1790216519303 [spec-acc] ctx=3413 burst=24/24 cum=221/324=0.682
1790216519556 [spec-acc] ctx=3445 burst=17/45 cum=238/369=0.645
1790216519719 [spec-acc] ctx=3477 burst=24/30 cum=262/399=0.657
1790216519903 [spec-acc] ctx=3511 burst=21/33 cum=283/432=0.655
1790216520119 [spec-acc] ctx=3543 burst=19/39 cum=302/471=0.641
1790216520303 [spec-acc] ctx=3575 burst=22/33 cum=324/504=0.643
1790216520487 [spec-acc] ctx=3608 burst=21/33 cum=345/537=0.642
1790216520619 [spec-acc] ctx=3640 burst=24/24 cum=369/561=0.658
1790216520810 [spec-acc] ctx=3672 burst=21/36 cum=390/597=0.653
1790216521083 [spec-acc] ctx=3705 burst=16/51 cum=406/648=0.627
1790216521274 [spec-acc] ctx=3738 burst=22/36 cum=428/684=0.626
1790216521435 [spec-acc] ctx=3772 burst=23/30 cum=451/714=0.632
1790216521594 [spec-acc] ctx=3805 burst=24/30 cum=475/744=0.638
1790216521736 [spec-acc] ctx=3839 burst=25/27 cum=500/771=0.649
1790216521879 [spec-acc] ctx=3873 burst=26/27 cum=526/798=0.659
1790216522041 [spec-acc] ctx=3908 burst=22/30 cum=548/828=0.662
1790216522216 [spec-acc] ctx=3940 burst=23/33 cum=571/861=0.663
1790216522409 [spec-acc] ctx=3974 burst=20/36 cum=591/897=0.659
1790216522618 [spec-acc] ctx=4006 burst=21/39 cum=612/936=0.654
1790216522779 [spec-acc] ctx=4040 burst=22/30 cum=634/966=0.656
1790216522923 [spec-acc] ctx=4072 burst=24/27 cum=658/993=0.663
1790216523106 [spec-acc] ctx=4105 burst=21/33 cum=679/1026=0.662
1790216523250 [spec-acc] ctx=4137 burst=24/27 cum=703/1053=0.668
1790216523460 [spec-acc] ctx=4170 burst=19/39 cum=722/1092=0.661
1790216523606 [spec-acc] ctx=4202 burst=23/27 cum=745/1119=0.666
1790216523766 [spec-acc] ctx=4234 burst=22/30 cum=767/1149=0.668
1790216523927 [spec-acc] ctx=4266 burst=24/30 cum=791/1179=0.671
1790216524124 [spec-acc] ctx=4300 burst=22/36 cum=813/1215=0.669
1790216524323 [spec-acc] ctx=4334 burst=20/36 cum=833/1251=0.666
1790216524484 [spec-acc] ctx=4366 burst=23/30 cum=856/1281=0.668
1790216524645 [spec-acc] ctx=4399 burst=25/30 cum=881/1311=0.672
1790216524860 [spec-acc] ctx=4434 burst=20/39 cum=901/1350=0.667
1790216525021 [spec-acc] ctx=4467 burst=24/30 cum=925/1380=0.670
1790216525181 [spec-acc] ctx=4501 burst=24/30 cum=949/1410=0.673
1790216525361 [spec-acc] ctx=4535 burst=22/33 cum=971/1443=0.673
1790216525509 [spec-acc] ctx=4568 burst=24/27 cum=995/1470=0.677
1790216525637 [spec-acc] ctx=4601 burst=24/24 cum=1019/1494=0.682
1790216525782 [spec-acc] ctx=4633 burst=23/27 cum=1042/1521=0.685
1790216525927 [spec-acc] ctx=4665 burst=25/27 cum=1067/1548=0.689
1790216526077 [spec-acc] ctx=4699 burst=23/27 cum=1090/1575=0.692
1790216526238 [spec-acc] ctx=4731 burst=23/30 cum=1113/1605=0.693
1790216526416 [spec-acc] ctx=4764 burst=24/33 cum=1137/1638=0.694
1790216526595 [spec-acc] ctx=4799 burst=22/33 cum=1159/1671=0.694
1790216526743 [spec-acc] ctx=4832 burst=26/27 cum=1185/1698=0.698
1790216526904 [spec-acc] ctx=4867 burst=22/30 cum=1207/1728=0.698
1790216527083 [spec-acc] ctx=4899 burst=22/33 cum=1229/1761=0.698
1790216527264 [spec-acc] ctx=4932 burst=21/33 cum=1250/1794=0.697
1790216527428 [spec-acc] ctx=4964 burst=25/30 cum=1275/1824=0.699
1790216527612 [spec-acc] ctx=4999 burst=23/33 cum=1298/1857=0.699
1790216527796 [spec-acc] ctx=5033 burst=22/33 cum=1320/1890=0.698
1790216527964 [spec-acc] ctx=5066 burst=22/30 cum=1342/1920=0.699
1790216528112 [spec-acc] ctx=5098 burst=25/27 cum=1367/1947=0.702
1790216528313 [spec-acc] ctx=5132 burst=19/36 cum=1386/1983=0.699
1790216528315 [meter] admit id=chatcmpl-522ea4a1818d2c4fb753e25c40aca07f tenant=default lane=interactive model="q9"
1790216528326 [admission] per-session draft-state charge: model="q9" +44MB (measured capture high-water)
1790216528326 [admission] request cost: model="q9" ctx=5226 path=spec = 16704 B/token x ctx + 1122MB prefill-workspace + 118MB fixed = 1327MB
1790216528326 [admit-predict] id=chatcmpl-522ea4a1818d2c4fb753e25c40aca07f tenant="" model="q9" verdict=admit reason=tenant-p95 prompt=3114 predicted_completion=2048 kv_hat=1370234376 booked_bytes=0 booked_real=0 inflight=0 cap=64 budget_bytes=12831671424 retry_after_s=- exempt=0 enforce=0 live_free_bytes=-
1790216528326 [admit-mem] id=chatcmpl-522ea4a1818d2c4fb753e25c40aca07f model="q9" verdict=admit prompt=3114 output_bound=- charged_ctx=5226 est_bytes=2981782536 est_context=87295104 est_fixed=2894487432 device_free=14003917880 pending_prime=0 pending_seed=0 host_free=0 demotable=1965193216 short_by=0 inflight=0 cap=64 waited_ms=0 retry_after_s=-
1790216528328 [worker] spec-affinity: declined (history diverged at 6 of checkpoint 3072; 2 parked, 3114 prompt tokens; model q9)
1790216528329 [spec-k] model="q9" tenant="" K=3 source=cold-long prompt=3114 cached=0 lcp=6 active=1 wave=1 placement=single-or-non-pp2
1790216529363 [spec-acc] ctx=3114 burst=19/36 cum=19/36=0.528
1790216529363 [prefix-cache] insert (spec-boundary): 3072 tokens, 104.0MB (resident 2069.2MB / 2052MB, model q9)
1790216529363 [prefix-cache] evict (LRU): 5600 tokens, 146.2MB (model q9)
1790216529552 [spec-acc] ctx=3146 burst=24/33 cum=43/69=0.623
1790216529703 [spec-acc] ctx=3181 burst=26/27 cum=69/96=0.719
1790216529885 [spec-acc] ctx=3216 burst=22/33 cum=91/129=0.705
1790216530083 [spec-acc] ctx=3249 burst=22/36 cum=113/165=0.685
1790216530246 [spec-acc] ctx=3283 burst=22/30 cum=135/195=0.692
1790216530469 [spec-acc] ctx=3315 burst=18/42 cum=153/237=0.646
1790216530630 [spec-acc] ctx=3347 burst=25/30 cum=178/267=0.667
1790216530821 [spec-acc] ctx=3382 burst=23/36 cum=201/303=0.663
1790216530999 [spec-acc] ctx=3417 burst=24/33 cum=225/336=0.670
1790216531207 [spec-acc] ctx=3452 burst=19/39 cum=244/375=0.651
1790216531400 [spec-acc] ctx=3484 burst=22/36 cum=266/411=0.647
1790216531575 [spec-acc] ctx=3518 burst=21/33 cum=287/444=0.646
1790216531735 [spec-acc] ctx=3550 burst=22/30 cum=309/474=0.652
1790216531932 [spec-acc] ctx=3582 burst=21/36 cum=330/510=0.647
1790216532128 [spec-acc] ctx=3615 burst=20/36 cum=350/546=0.641
1790216532304 [spec-acc] ctx=3647 burst=22/33 cum=372/579=0.642
1790216532449 [spec-acc] ctx=3680 burst=23/27 cum=395/606=0.652
1790216532625 [spec-acc] ctx=3712 burst=21/33 cum=416/639=0.651
1790216532802 [spec-acc] ctx=3744 burst=23/33 cum=439/672=0.653
1790216533012 [spec-acc] ctx=3778 burst=19/39 cum=458/711=0.644
1790216533188 [spec-acc] ctx=3810 burst=21/33 cum=479/744=0.644
1790216533382 [spec-acc] ctx=3842 burst=21/36 cum=500/780=0.641
1790216533543 [spec-acc] ctx=3875 burst=22/30 cum=522/810=0.644
1790216533704 [spec-acc] ctx=3907 burst=24/30 cum=546/840=0.650
1790216533851 [spec-acc] ctx=3941 burst=26/27 cum=572/867=0.660
1790216534028 [spec-acc] ctx=3976 burst=21/33 cum=593/900=0.659
1790216534206 [spec-acc] ctx=4008 burst=23/33 cum=616/933=0.660
1790216534371 [spec-acc] ctx=4042 burst=25/30 cum=641/963=0.666
1790216534532 [spec-acc] ctx=4077 burst=25/30 cum=666/993=0.671
1790216534775 [spec-acc] ctx=4112 burst=18/45 cum=684/1038=0.659
1790216535004 [spec-acc] ctx=4145 burst=21/42 cum=705/1080=0.653
1790216535188 [spec-acc] ctx=4180 burst=21/33 cum=726/1113=0.652
1790216535434 [spec-acc] ctx=4212 burst=20/45 cum=746/1158=0.644
1790216535612 [spec-acc] ctx=4247 burst=23/33 cum=769/1191=0.646
1790216535793 [spec-acc] ctx=4281 burst=21/33 cum=790/1224=0.645
1790216535993 [spec-acc] ctx=4313 burst=21/36 cum=811/1260=0.644
1790216536193 [spec-acc] ctx=4346 burst=20/36 cum=831/1296=0.641
1790216536361 [spec-acc] ctx=4378 burst=24/30 cum=855/1326=0.645
1790216536525 [spec-acc] ctx=4412 burst=22/30 cum=877/1356=0.647
1790216536709 [spec-acc] ctx=4444 burst=22/33 cum=899/1389=0.647
1790216536893 [spec-acc] ctx=4477 burst=21/33 cum=920/1422=0.647
1790216537041 [spec-acc] ctx=4509 burst=24/27 cum=944/1449=0.651
1790216537242 [spec-acc] ctx=4542 burst=20/36 cum=964/1485=0.649
1790216537442 [spec-acc] ctx=4574 burst=20/36 cum=984/1521=0.647
1790216537641 [spec-acc] ctx=4606 burst=23/36 cum=1007/1557=0.647
1790216537825 [spec-acc] ctx=4641 burst=24/33 cum=1031/1590=0.648
1790216538093 [spec-acc] ctx=4676 burst=16/48 cum=1047/1638=0.639
1790216538277 [spec-acc] ctx=4708 burst=21/33 cum=1068/1671=0.639
1790216538425 [spec-acc] ctx=4740 burst=25/27 cum=1093/1698=0.644
1790216538592 [spec-acc] ctx=4774 burst=24/30 cum=1117/1728=0.646
1790216538777 [spec-acc] ctx=4808 burst=21/33 cum=1138/1761=0.646
1790216538925 [spec-acc] ctx=4840 burst=26/27 cum=1164/1788=0.651
1790216539077 [spec-acc] ctx=4875 burst=26/27 cum=1190/1815=0.656
1790216539278 [spec-acc] ctx=4910 burst=21/36 cum=1211/1851=0.654
1790216539426 [spec-acc] ctx=4943 burst=23/27 cum=1234/1878=0.657
1790216539595 [spec-acc] ctx=4975 burst=24/30 cum=1258/1908=0.659
1790216539844 [spec-acc] ctx=5009 burst=17/45 cum=1275/1953=0.653
1790216540079 [spec-acc] ctx=5041 burst=18/42 cum=1293/1995=0.648
1790216540246 [spec-acc] ctx=5073 burst=24/30 cum=1317/2025=0.650
1790216540428 [spec-acc] ctx=5107 burst=23/33 cum=1340/2058=0.651
1790216540545 [spec-acc] ctx=5141 burst=17/21 cum=1357/2079=0.653
1790216540548 [meter] admit id=chatcmpl-b1db8a3fea311dfa5358eac95ae2efda tenant=default lane=interactive model="q9"
1790216540558 [admission] per-session draft-state charge: model="q9" +44MB (measured capture high-water)
1790216540558 [admission] request cost: model="q9" ctx=5224 path=spec = 16704 B/token x ctx + 1122MB prefill-workspace + 118MB fixed = 1327MB
1790216540558 [admit-predict] id=chatcmpl-b1db8a3fea311dfa5358eac95ae2efda tenant="" model="q9" verdict=admit reason=tenant-p95 prompt=3112 predicted_completion=2048 kv_hat=1369480072 booked_bytes=0 booked_real=0 inflight=0 cap=64 budget_bytes=12831671424 retry_after_s=- exempt=0 enforce=0 live_free_bytes=-
1790216540558 [admit-mem] id=chatcmpl-b1db8a3fea311dfa5358eac95ae2efda model="q9" verdict=admit prompt=3112 output_bound=- charged_ctx=5224 est_bytes=2981028232 est_context=87261696 est_fixed=2893766536 device_free=14046145592 pending_prime=0 pending_seed=0 host_free=0 demotable=1922965504 short_by=0 inflight=0 cap=64 waited_ms=0 retry_after_s=-
1790216540561 [worker] spec-affinity: declined (history diverged at 6 of checkpoint 3072; 2 parked, 3112 prompt tokens; model q9)
1790216540561 [spec-k] model="q9" tenant="" K=3 source=cold-long prompt=3112 cached=0 lcp=6 active=1 wave=1 placement=single-or-non-pp2
1790216541576 [spec-acc] ctx=3112 burst=20/33 cum=20/33=0.606
1790216541576 [prefix-cache] insert (spec-boundary): 3072 tokens, 104.0MB (resident 2027.0MB / 2052MB, model q9)
1790216541801 [spec-acc] ctx=3144 burst=21/39 cum=41/72=0.569
1790216542003 [spec-acc] ctx=3178 burst=22/36 cum=63/108=0.583
1790216542219 [spec-acc] ctx=3212 burst=20/39 cum=83/147=0.565
1790216542431 [spec-acc] ctx=3245 burst=20/39 cum=103/186=0.554
1790216542594 [spec-acc] ctx=3278 burst=23/30 cum=126/216=0.583
1790216542753 [spec-acc] ctx=3311 burst=24/30 cum=150/246=0.610
1790216542944 [spec-acc] ctx=3345 burst=22/36 cum=172/282=0.610
1790216543165 [spec-acc] ctx=3379 burst=18/42 cum=190/324=0.586
1790216543366 [spec-acc] ctx=3411 burst=19/39 cum=209/363=0.576
1790216543535 [spec-acc] ctx=3443 burst=22/33 cum=231/396=0.583
1790216543690 [spec-acc] ctx=3476 burst=25/30 cum=256/426=0.601
1790216543828 [spec-acc] ctx=3511 burst=24/27 cum=280/453=0.618
1790216544014 [spec-acc] ctx=3544 burst=22/36 cum=302/489=0.618
1790216544183 [spec-acc] ctx=3578 burst=22/33 cum=324/522=0.621
1790216544369 [spec-acc] ctx=3611 burst=23/36 cum=347/558=0.622
1790216544553 [spec-acc] ctx=3646 burst=21/36 cum=368/594=0.620
1790216544723 [spec-acc] ctx=3679 burst=23/33 cum=391/627=0.624
1790216544909 [spec-acc] ctx=3713 burst=22/36 cum=413/663=0.623
1790216545063 [spec-acc] ctx=3747 burst=23/30 cum=436/693=0.629
1790216545218 [spec-acc] ctx=3780 burst=22/30 cum=458/723=0.633
1790216545419 [spec-acc] ctx=3812 burst=20/39 cum=478/762=0.627
1790216545638 [spec-acc] ctx=3845 burst=18/42 cum=496/804=0.617
1790216545808 [spec-acc] ctx=3877 burst=22/33 cum=518/837=0.619
1790216546010 [spec-acc] ctx=3910 burst=19/39 cum=537/876=0.613
1790216546150 [spec-acc] ctx=3942 burst=23/27 cum=560/903=0.620
1790216546337 [spec-acc] ctx=3974 burst=23/36 cum=583/939=0.621
1790216546510 [spec-acc] ctx=4009 burst=24/33 cum=607/972=0.624
1790216546685 [spec-acc] ctx=4044 burst=23/33 cum=630/1005=0.627
1790216546857 [spec-acc] ctx=4078 burst=22/33 cum=652/1038=0.628
1790216547012 [spec-acc] ctx=4111 burst=24/30 cum=676/1068=0.633
1790216547230 [spec-acc] ctx=4145 burst=22/39 cum=698/1107=0.631
1790216547450 [spec-acc] ctx=4180 burst=19/39 cum=717/1146=0.626
1790216547600 [spec-acc] ctx=4212 burst=26/27 cum=743/1173=0.633
1790216547748 [spec-acc] ctx=4247 burst=26/27 cum=769/1200=0.641
1790216547912 [spec-acc] ctx=4282 burst=23/30 cum=792/1230=0.644
1790216548092 [spec-acc] ctx=4315 burst=21/33 cum=813/1263=0.644
1790216548240 [spec-acc] ctx=4347 burst=23/27 cum=836/1290=0.648
1790216548422 [spec-acc] ctx=4379 burst=21/33 cum=857/1323=0.648
1790216548622 [spec-acc] ctx=4411 burst=23/36 cum=880/1359=0.648
1790216548790 [spec-acc] ctx=4446 burst=25/30 cum=905/1389=0.652
1790216548955 [spec-acc] ctx=4481 burst=24/30 cum=929/1419=0.655
1790216549156 [spec-acc] ctx=4515 burst=23/36 cum=952/1455=0.654
1790216549340 [spec-acc] ctx=4550 burst=22/33 cum=974/1488=0.655
1790216549507 [spec-acc] ctx=4583 burst=22/30 cum=996/1518=0.656
1790216549691 [spec-acc] ctx=4615 burst=23/33 cum=1019/1551=0.657
1790216549891 [spec-acc] ctx=4649 burst=23/36 cum=1042/1587=0.657
1790216550092 [spec-acc] ctx=4684 burst=21/36 cum=1063/1623=0.655
1790216550292 [spec-acc] ctx=4717 burst=21/36 cum=1084/1659=0.653
1790216550492 [spec-acc] ctx=4750 burst=23/36 cum=1107/1695=0.653
1790216550692 [spec-acc] ctx=4785 burst=23/36 cum=1130/1731=0.653
1790216550909 [spec-acc] ctx=4820 burst=22/39 cum=1152/1770=0.651
1790216551125 [spec-acc] ctx=4855 burst=19/39 cum=1171/1809=0.647
1790216551326 [spec-acc] ctx=4887 burst=23/36 cum=1194/1845=0.647
1790216551477 [spec-acc] ctx=4922 burst=23/27 cum=1217/1872=0.650
1790216551643 [spec-acc] ctx=4954 burst=24/30 cum=1241/1902=0.652
1790216551810 [spec-acc] ctx=4988 burst=24/30 cum=1265/1932=0.655
1790216551994 [spec-acc] ctx=5022 burst=24/33 cum=1289/1965=0.656
1790216552163 [spec-acc] ctx=5057 burst=24/30 cum=1313/1995=0.658
1790216552331 [spec-acc] ctx=5091 burst=23/30 cum=1336/2025=0.660
1790216552516 [spec-acc] ctx=5124 burst=22/33 cum=1358/2058=0.660
1790216552532 [spec-acc] ctx=5157 burst=3/3 cum=1361/2061=0.660
1790216552536 [meter] admit id=chatcmpl-e9bf246c847ce85176a91ed6de3ef354 tenant=default lane=interactive model="q9"
1790216552549 [admission] per-session draft-state charge: model="q9" +44MB (measured capture high-water)
1790216552549 [admission] request cost: model="q9" ctx=7885 path=spec = 16704 B/token x ctx + 1504MB prefill-workspace + 118MB fixed = 1753MB
1790216552549 [admit-predict] id=chatcmpl-e9bf246c847ce85176a91ed6de3ef354 tenant="" model="q9" verdict=admit reason=tenant-p95 prompt=5773 predicted_completion=2048 kv_hat=1796086216 booked_bytes=0 booked_real=0 inflight=0 cap=64 budget_bytes=12831671424 retry_after_s=- exempt=0 enforce=0 live_free_bytes=-
1790216552549 [admit-mem] id=chatcmpl-e9bf246c847ce85176a91ed6de3ef354 model="q9" verdict=admit prompt=5773 output_bound=- charged_ctx=7885 est_bytes=3407634376 est_context=131711040 est_fixed=3275923336 device_free=13942195640 pending_prime=0 pending_seed=0 host_free=0 demotable=2026987520 short_by=0 inflight=0 cap=64 waited_ms=0 retry_after_s=-
1790216552549 [prefix-cache] hit: 5728 of 5773 prompt tokens from cache (model q9)
1790216552549 [prefix-cache] spec restore: 5728 of 5773 prompt tokens + draft plane from cache [suffix queued] (model q9)
1790216552549 [spec-k] model="q9" tenant="" K=2 source=cached-long prompt=5773 cached=5728 lcp=5728 active=1 wave=1 placement=single-or-non-pp2
1790216552549 [admission] fixed residual high-water: model="q9" 118MB (observed 248MB at ctx 7829 path=spec)
1790216552805 [spec-acc] ctx=45 burst=18/28 cum=18/28=0.643
1790216553031 [spec-acc] ctx=78 burst=16/32 cum=34/60=0.567
1790216553244 [spec-acc] ctx=110 burst=18/30 cum=52/90=0.578
1790216553406 [spec-acc] ctx=143 burst=20/24 cum=72/114=0.632
1790216553611 [spec-acc] ctx=175 burst=19/30 cum=91/144=0.632
1790216553804 [spec-acc] ctx=209 burst=19/28 cum=110/172=0.640
1790216553993 [spec-acc] ctx=242 burst=18/28 cum=128/200=0.640
1790216554184 [spec-acc] ctx=274 burst=18/28 cum=146/228=0.640
1790216554400 [spec-acc] ctx=306 burst=17/32 cum=163/260=0.627
1790216554603 [spec-acc] ctx=339 burst=18/30 cum=181/290=0.624
1790216554778 [spec-acc] ctx=372 burst=20/26 cum=201/316=0.636
1790216554953 [spec-acc] ctx=405 burst=20/26 cum=221/342=0.646
1790216555130 [spec-acc] ctx=438 burst=19/26 cum=240/368=0.652
1790216555333 [spec-acc] ctx=470 burst=18/30 cum=258/398=0.648
1790216555521 [spec-acc] ctx=503 burst=20/28 cum=278/426=0.653
1790216555698 [spec-acc] ctx=537 burst=20/26 cum=298/452=0.659
1790216555860 [spec-acc] ctx=570 burst=20/24 cum=318/476=0.668
1790216556035 [spec-acc] ctx=602 burst=20/26 cum=338/502=0.673
1790216556226 [spec-acc] ctx=635 burst=18/28 cum=356/530=0.672
1790216556415 [spec-acc] ctx=667 burst=18/28 cum=374/558=0.670
1790216556630 [spec-acc] ctx=699 burst=17/30 cum=391/588=0.665
1790216556867 [spec-acc] ctx=731 burst=17/32 cum=408/620=0.658
1790216557025 [spec-acc] ctx=764 burst=21/22 cum=429/642=0.668
1790216557225 [spec-acc] ctx=796 burst=19/28 cum=448/670=0.669
1790216557410 [spec-acc] ctx=829 burst=20/26 cum=468/696=0.672
1790216557610 [spec-acc] ctx=862 burst=19/28 cum=487/724=0.673
1790216557782 [spec-acc] ctx=895 burst=20/24 cum=507/748=0.678
1790216557983 [spec-acc] ctx=927 burst=20/28 cum=527/776=0.679
1790216558211 [spec-acc] ctx=961 burst=18/32 cum=545/808=0.675
1790216558426 [spec-acc] ctx=995 burst=18/30 cum=563/838=0.672
1790216558641 [spec-acc] ctx=1028 burst=19/30 cum=582/868=0.671
1790216558826 [spec-acc] ctx=1062 burst=19/26 cum=601/894=0.672
1790216559013 [spec-acc] ctx=1094 burst=19/26 cum=620/920=0.674
1790216559213 [spec-acc] ctx=1126 burst=18/28 cum=638/948=0.673
1790216559386 [spec-acc] ctx=1158 burst=20/24 cum=658/972=0.677
1790216559587 [spec-acc] ctx=1190 burst=18/28 cum=676/1000=0.676
1790216559758 [spec-acc] ctx=1222 burst=20/24 cum=696/1024=0.680
1790216559986 [spec-acc] ctx=1254 burst=18/32 cum=714/1056=0.676
1790216560159 [spec-acc] ctx=1288 burst=21/24 cum=735/1080=0.681
1790216560373 [spec-acc] ctx=1321 burst=19/30 cum=754/1110=0.679
1790216560544 [spec-acc] ctx=1355 burst=20/24 cum=774/1134=0.683
1790216560745 [spec-acc] ctx=1387 burst=18/28 cum=792/1162=0.682
1790216560944 [spec-acc] ctx=1419 burst=19/28 cum=811/1190=0.682
1790216561116 [spec-acc] ctx=1452 burst=20/24 cum=831/1214=0.685
1790216561303 [spec-acc] ctx=1484 burst=21/26 cum=852/1240=0.687
1790216561489 [spec-acc] ctx=1518 burst=21/26 cum=873/1266=0.690
1790216561675 [spec-acc] ctx=1552 burst=20/26 cum=893/1292=0.691
1790216561861 [spec-acc] ctx=1585 burst=19/26 cum=912/1318=0.692
1790216562033 [spec-acc] ctx=1617 burst=20/24 cum=932/1342=0.694
1790216562205 [spec-acc] ctx=1649 burst=22/24 cum=954/1366=0.698
1790216562391 [spec-acc] ctx=1683 burst=20/26 cum=974/1392=0.700
1790216562563 [spec-acc] ctx=1716 burst=22/24 cum=996/1416=0.703
1790216562720 [spec-acc] ctx=1750 burst=21/22 cum=1017/1438=0.707
1790216562907 [spec-acc] ctx=1782 burst=20/26 cum=1037/1464=0.708
1790216563108 [spec-acc] ctx=1815 burst=18/28 cum=1055/1492=0.707
1790216563280 [spec-acc] ctx=1847 burst=20/24 cum=1075/1516=0.709
1790216563481 [spec-acc] ctx=1879 burst=20/28 cum=1095/1544=0.709
1790216563639 [spec-acc] ctx=1913 burst=21/22 cum=1116/1566=0.713
1790216563812 [spec-acc] ctx=1945 burst=22/24 cum=1138/1590=0.716
1790216563987 [spec-acc] ctx=1979 burst=21/24 cum=1159/1614=0.718
1790216564161 [spec-acc] ctx=2012 burst=20/24 cum=1179/1638=0.720
1790216564334 [spec-acc] ctx=2044 burst=20/24 cum=1199/1662=0.721
1790216564420 [spec-acc] ctx=2076 burst=12/12 cum=1211/1674=0.723
1790216564422 [meter] admit id=chatcmpl-7b0cc0a08d5eb1f0a46fe0840ca75c32 tenant=default lane=interactive model="q9"
1790216564437 [admission] per-session draft-state charge: model="q9" +44MB (measured capture high-water)
1790216564437 [admission] request cost: model="q9" ctx=7891 path=spec = 16704 B/token x ctx + 1504MB prefill-workspace + 118MB fixed = 1753MB
1790216564437 [admit-predict] id=chatcmpl-7b0cc0a08d5eb1f0a46fe0840ca75c32 tenant="" model="q9" verdict=admit reason=tenant-p95 prompt=5779 predicted_completion=2048 kv_hat=1796319688 booked_bytes=0 booked_real=0 inflight=0 cap=64 budget_bytes=12831671424 retry_after_s=- exempt=0 enforce=0 live_free_bytes=-
1790216564437 [admit-mem] id=chatcmpl-7b0cc0a08d5eb1f0a46fe0840ca75c32 model="q9" verdict=admit prompt=5779 output_bound=- charged_ctx=7891 est_bytes=3407867848 est_context=131811264 est_fixed=3276056584 device_free=13890706488 pending_prime=0 pending_seed=0 host_free=0 demotable=2026987520 short_by=0 inflight=0 cap=64 waited_ms=0 retry_after_s=-
1790216564437 [prefix-cache] hit: 5728 of 5779 prompt tokens from cache (model q9)
1790216564437 [prefix-cache] spec restore: 5728 of 5779 prompt tokens + draft plane from cache [suffix queued] (model q9)
1790216564437 [spec-k] model="q9" tenant="" K=2 source=cached-long prompt=5779 cached=5728 lcp=5728 active=1 wave=1 placement=single-or-non-pp2
1790216564437 [admission] fixed residual high-water: model="q9" 118MB (observed 248MB at ctx 7835 path=spec)
1790216564730 [spec-acc] ctx=51 burst=18/28 cum=18/28=0.643
1790216564730 [prefix-cache] insert (spec-boundary): 5760 tokens, 148.9MB (resident 2175.9MB / 2052MB, model q9)
1790216564730 [prefix-cache] evict (LRU): 5728 tokens, 148.4MB (model q9)
1790216564940 [spec-acc] ctx=84 burst=17/30 cum=35/58=0.603
1790216565119 [spec-acc] ctx=116 burst=19/26 cum=54/84=0.643
1790216565344 [spec-acc] ctx=148 burst=18/32 cum=72/116=0.621
1790216565522 [spec-acc] ctx=182 burst=21/26 cum=93/142=0.655
1790216565702 [spec-acc] ctx=216 burst=19/26 cum=112/168=0.667
1790216565891 [spec-acc] ctx=248 burst=18/28 cum=130/196=0.663
1790216566070 [spec-acc] ctx=280 burst=19/26 cum=149/222=0.671
1790216566302 [spec-acc] ctx=312 burst=16/34 cum=165/256=0.645
1790216566464 [spec-acc] ctx=345 burst=20/24 cum=185/280=0.661
1790216566640 [spec-acc] ctx=377 burst=21/26 cum=206/306=0.673
1790216566830 [spec-acc] ctx=411 burst=18/28 cum=224/334=0.671
1790216567006 [spec-acc] ctx=443 burst=19/26 cum=243/360=0.675
1790216567184 [spec-acc] ctx=475 burst=19/26 cum=262/386=0.679
1790216567346 [spec-acc] ctx=507 burst=20/24 cum=282/410=0.688
1790216567563 [spec-acc] ctx=539 burst=18/32 cum=300/442=0.679
1790216567740 [spec-acc] ctx=573 burst=21/26 cum=321/468=0.686
1790216567931 [spec-acc] ctx=607 burst=19/28 cum=340/496=0.685
1790216568148 [spec-acc] ctx=640 burst=18/32 cum=358/528=0.678
1790216568314 [spec-acc] ctx=674 burst=21/24 cum=379/552=0.687
1790216568547 [spec-acc] ctx=707 burst=15/34 cum=394/586=0.672
1790216568723 [spec-acc] ctx=739 burst=21/26 cum=415/612=0.678
1790216568942 [spec-acc] ctx=773 burst=17/32 cum=432/644=0.671
1790216569120 [spec-acc] ctx=806 burst=19/26 cum=451/670=0.673
1790216569283 [spec-acc] ctx=838 burst=21/24 cum=472/694=0.680
1790216569455 [spec-acc] ctx=871 burst=20/24 cum=492/718=0.685
1790216569657 [spec-acc] ctx=903 burst=19/28 cum=511/746=0.685
1790216569843 [spec-acc] ctx=936 burst=21/26 cum=532/772=0.689
1790216570014 [spec-acc] ctx=970 burst=22/24 cum=554/796=0.696
1790216570179 [spec-acc] ctx=1004 burst=20/24 cum=574/820=0.700
1790216570366 [spec-acc] ctx=1036 burst=19/26 cum=593/846=0.701
1790216570579 [spec-acc] ctx=1068 burst=17/30 cum=610/876=0.696
1790216570766 [spec-acc] ctx=1100 burst=19/26 cum=629/902=0.697
1790216570938 [spec-acc] ctx=1132 burst=20/24 cum=649/926=0.701
1790216571138 [spec-acc] ctx=1164 burst=19/28 cum=668/954=0.700
1790216571365 [spec-acc] ctx=1197 burst=17/32 cum=685/986=0.695
1790216571551 [spec-acc] ctx=1230 burst=21/26 cum=706/1012=0.698
1790216571721 [spec-acc] ctx=1264 burst=20/24 cum=726/1036=0.701
1790216571949 [spec-acc] ctx=1296 burst=17/30 cum=743/1066=0.697
1790216572155 [spec-acc] ctx=1328 burst=18/28 cum=761/1094=0.696
1790216572361 [spec-acc] ctx=1360 burst=18/28 cum=779/1122=0.694
1790216572561 [spec-acc] ctx=1392 burst=20/28 cum=799/1150=0.695
1790216572760 [spec-acc] ctx=1426 burst=18/28 cum=817/1178=0.694
1790216572931 [spec-acc] ctx=1458 burst=22/24 cum=839/1202=0.698
1790216573087 [spec-acc] ctx=1492 burst=22/22 cum=861/1224=0.703
1790216573258 [spec-acc] ctx=1525 burst=20/24 cum=881/1248=0.706
1790216573458 [spec-acc] ctx=1557 burst=19/28 cum=900/1276=0.705
1790216573631 [spec-acc] ctx=1590 burst=20/24 cum=920/1300=0.708
1790216573803 [spec-acc] ctx=1622 burst=22/24 cum=942/1324=0.711
1790216574018 [spec-acc] ctx=1656 burst=19/30 cum=961/1354=0.710
1790216574174 [spec-acc] ctx=1690 burst=21/22 cum=982/1376=0.714
1790216574345 [spec-acc] ctx=1722 burst=21/24 cum=1003/1400=0.716
1790216574559 [spec-acc] ctx=1755 burst=17/30 cum=1020/1430=0.713
1790216574760 [spec-acc] ctx=1787 burst=20/28 cum=1040/1458=0.713
1790216574917 [spec-acc] ctx=1821 burst=22/22 cum=1062/1480=0.718
1790216575088 [spec-acc] ctx=1854 burst=21/24 cum=1083/1504=0.720
1790216575275 [spec-acc] ctx=1887 burst=19/26 cum=1102/1530=0.720
1790216575446 [spec-acc] ctx=1919 burst=21/24 cum=1123/1554=0.723
1790216575604 [spec-acc] ctx=1952 burst=22/22 cum=1145/1576=0.727
1790216575775 [spec-acc] ctx=1985 burst=22/24 cum=1167/1600=0.729
1790216575962 [spec-acc] ctx=2019 burst=20/26 cum=1187/1626=0.730
1790216576147 [spec-acc] ctx=2052 burst=19/26 cum=1206/1652=0.730
1790216576262 [spec-acc] ctx=2084 burst=7/16 cum=1213/1668=0.727
1790216576265 [meter] admit id=chatcmpl-748f649bdee4779b8d87c27b2caf9c0c tenant=default lane=interactive model="q9"
1790216576279 [admission] per-session draft-state charge: model="q9" +44MB (measured capture high-water)
1790216576279 [admission] request cost: model="q9" ctx=7890 path=spec = 16704 B/token x ctx + 1504MB prefill-workspace + 118MB fixed = 1753MB
1790216576279 [admit-predict] id=chatcmpl-748f649bdee4779b8d87c27b2caf9c0c tenant="" model="q9" verdict=admit reason=tenant-p95 prompt=5778 predicted_completion=2048 kv_hat=1796297736 booked_bytes=0 booked_real=0 inflight=0 cap=64 budget_bytes=12831671424 retry_after_s=- exempt=0 enforce=0 live_free_bytes=-
1790216576279 [admit-mem] id=chatcmpl-748f649bdee4779b8d87c27b2caf9c0c model="q9" verdict=admit prompt=5778 output_bound=- charged_ctx=7890 est_bytes=3407845896 est_context=131794560 est_fixed=3276051336 device_free=13840647864 pending_prime=0 pending_seed=0 host_free=0 demotable=2027522048 short_by=0 inflight=0 cap=64 waited_ms=0 retry_after_s=-
1790216576284 [worker] spec-affinity: declined (history diverged at 6 of checkpoint 5773; 2 parked, 5778 prompt tokens; model q9)
1790216576284 [spec-k] model="q9" tenant="" K=3 source=cold-long prompt=5778 cached=0 lcp=6 active=1 wave=1 placement=single-or-non-pp2
1790216577297 [prime-yield] count=1 remaining=5 chunks=1 wall_ms=1009.582 max_chunk_ms=1009.582
1790216577746 [prime-yield] count=2 remaining=4 chunks=1 wall_ms=449.366 max_chunk_ms=449.366
1790216577802 [prime-yield] count=3 remaining=3 chunks=1 wall_ms=56.281 max_chunk_ms=56.281
1790216577865 [prime-yield] count=4 remaining=2 chunks=1 wall_ms=62.261 max_chunk_ms=62.261
1790216577891 [prime-yield] count=5 remaining=1 chunks=1 wall_ms=26.597 max_chunk_ms=26.597
1790216577902 [prefix-cache] insert (spec-boundary): 5728 tokens, 148.4MB (resident 2175.9MB / 2052MB, model q9)
1790216577902 [prefix-cache] evict (LRU): 5728 tokens, 148.4MB (model q9)
1790216577902 [prefix-cache] insert (spec-boundary): 5760 tokens, 148.9MB (resident 2176.4MB / 2052MB, model q9)
1790216577902 [prefix-cache] evict (LRU): 5728 tokens, 148.4MB (model q9)
1790216578121 [spec-acc] ctx=5779 burst=20/36 cum=20/36=0.556
1790216578403 [spec-acc] ctx=5812 burst=17/48 cum=37/84=0.440
1790216578611 [spec-acc] ctx=5845 burst=20/36 cum=57/120=0.475
1790216578815 [spec-acc] ctx=5877 burst=21/36 cum=78/156=0.500
1790216579015 [spec-acc] ctx=5910 burst=23/36 cum=101/192=0.526
1790216579231 [spec-acc] ctx=5945 burst=20/39 cum=121/231=0.524
1790216579462 [spec-acc] ctx=5978 burst=18/42 cum=139/273=0.509
1790216579661 [spec-acc] ctx=6010 burst=20/36 cum=159/309=0.515
1790216579910 [spec-acc] ctx=6042 burst=19/45 cum=178/354=0.503
1790216580060 [spec-acc] ctx=6076 burst=23/27 cum=201/381=0.528
1790216580260 [spec-acc] ctx=6108 burst=20/36 cum=221/417=0.530
1790216580443 [spec-acc] ctx=6140 burst=23/33 cum=244/450=0.542
1790216580626 [spec-acc] ctx=6174 burst=21/33 cum=265/483=0.549
1790216580810 [spec-acc] ctx=6206 burst=23/33 cum=288/516=0.558
1790216581011 [spec-acc] ctx=6240 burst=21/36 cum=309/552=0.560
1790216581211 [spec-acc] ctx=6273 burst=21/36 cum=330/588=0.561
1790216581378 [spec-acc] ctx=6306 burst=23/30 cum=353/618=0.571
1790216581579 [spec-acc] ctx=6339 burst=20/36 cum=373/654=0.570
1790216581745 [spec-acc] ctx=6371 burst=22/30 cum=395/684=0.577
1790216581912 [spec-acc] ctx=6403 burst=22/30 cum=417/714=0.584
1790216582112 [spec-acc] ctx=6435 burst=23/36 cum=440/750=0.587
1790216582313 [spec-acc] ctx=6470 burst=21/36 cum=461/786=0.587
1790216582513 [spec-acc] ctx=6503 burst=23/36 cum=484/822=0.589
1790216582697 [spec-acc] ctx=6538 burst=24/33 cum=508/855=0.594
1790216582897 [spec-acc] ctx=6573 burst=20/36 cum=528/891=0.593
1790216583098 [spec-acc] ctx=6605 burst=23/36 cum=551/927=0.594
1790216583282 [spec-acc] ctx=6640 burst=21/33 cum=572/960=0.596
1790216583516 [spec-acc] ctx=6672 burst=18/42 cum=590/1002=0.589
1790216583700 [spec-acc] ctx=6704 burst=22/33 cum=612/1035=0.591
1790216583867 [spec-acc] ctx=6737 burst=22/30 cum=634/1065=0.595
1790216584035 [spec-acc] ctx=6769 burst=22/30 cum=656/1095=0.599
1790216584202 [spec-acc] ctx=6801 burst=23/30 cum=679/1125=0.604
1790216584386 [spec-acc] ctx=6834 burst=22/33 cum=701/1158=0.605
1790216584571 [spec-acc] ctx=6867 burst=21/33 cum=722/1191=0.606
1790216584722 [spec-acc] ctx=6899 burst=23/27 cum=745/1218=0.612
1790216584906 [spec-acc] ctx=6931 burst=23/33 cum=768/1251=0.614
1790216585125 [spec-acc] ctx=6965 burst=22/39 cum=790/1290=0.612
1790216585310 [spec-acc] ctx=7000 burst=23/33 cum=813/1323=0.615
1790216585498 [spec-acc] ctx=7034 burst=23/33 cum=836/1356=0.617
1790216585684 [spec-acc] ctx=7068 burst=22/33 cum=858/1389=0.618
1790216585836 [spec-acc] ctx=7101 burst=25/27 cum=883/1416=0.624
1790216585987 [spec-acc] ctx=7135 burst=26/27 cum=909/1443=0.630
1790216586139 [spec-acc] ctx=7170 burst=23/27 cum=932/1470=0.634
1790216586343 [spec-acc] ctx=7202 burst=20/36 cum=952/1506=0.632
1790216586531 [spec-acc] ctx=7234 burst=21/33 cum=973/1539=0.632
1790216586701 [spec-acc] ctx=7266 burst=22/30 cum=995/1569=0.634
1790216586887 [spec-acc] ctx=7298 burst=22/33 cum=1017/1602=0.635
1790216587056 [spec-acc] ctx=7331 burst=22/30 cum=1039/1632=0.637
1790216587225 [spec-acc] ctx=7363 burst=23/30 cum=1062/1662=0.639
1790216587410 [spec-acc] ctx=7396 burst=23/33 cum=1085/1695=0.640
1790216587580 [spec-acc] ctx=7430 burst=22/30 cum=1107/1725=0.642
1790216587737 [spec-acc] ctx=7462 burst=23/27 cum=1130/1752=0.645
1790216587889 [spec-acc] ctx=7494 burst=23/27 cum=1153/1779=0.648
1790216588075 [spec-acc] ctx=7526 burst=24/33 cum=1177/1812=0.650
1790216588262 [spec-acc] ctx=7561 burst=23/33 cum=1200/1845=0.650
1790216588539 [spec-acc] ctx=7595 burst=17/48 cum=1217/1893=0.643
1790216588726 [spec-acc] ctx=7628 burst=21/33 cum=1238/1926=0.643
1790216588896 [spec-acc] ctx=7660 burst=22/30 cum=1260/1956=0.644
1790216589048 [spec-acc] ctx=7692 burst=26/27 cum=1286/1983=0.649
1790216589204 [spec-acc] ctx=7727 burst=23/27 cum=1309/2010=0.651
1790216589375 [spec-acc] ctx=7759 burst=23/30 cum=1332/2040=0.653
1790216589648 [spec-acc] ctx=7792 burst=17/48 cum=1349/2088=0.646
1790216589666 [spec-acc] ctx=7825 burst=3/3 cum=1352/2091=0.647
1790216589669 [meter] admit id=chatcmpl-6378fe761d96bf1bd060e5218e2981b2 tenant=default lane=interactive model="q9"
1790216589682 [admission] per-session draft-state charge: model="q9" +44MB (measured capture high-water)
1790216589682 [admission] request cost: model="q9" ctx=7893 path=spec = 16704 B/token x ctx + 1504MB prefill-workspace + 118MB fixed = 1753MB
1790216589682 [admit-predict] id=chatcmpl-6378fe761d96bf1bd060e5218e2981b2 tenant="" model="q9" verdict=admit reason=tenant-p95 prompt=5781 predicted_completion=2048 kv_hat=1796397000 booked_bytes=0 booked_real=0 inflight=0 cap=64 budget_bytes=12831671424 retry_after_s=- exempt=0 enforce=0 live_free_bytes=-
1790216589682 [admit-mem] id=chatcmpl-6378fe761d96bf1bd060e5218e2981b2 model="q9" verdict=admit prompt=5781 output_bound=- charged_ctx=7893 est_bytes=3407945160 est_context=131844672 est_fixed=3276100488 device_free=13840020536 pending_prime=0 pending_seed=0 host_free=0 demotable=2028056576 short_by=0 inflight=0 cap=64 waited_ms=0 retry_after_s=-
1790216589688 [worker] spec-affinity: declined (history diverged at 6 of checkpoint 5760; 2 parked, 5781 prompt tokens; model q9)
1790216589688 [spec-k] model="q9" tenant="" K=3 source=cold-long prompt=5781 cached=0 lcp=6 active=1 wave=1 placement=single-or-non-pp2
1790216590686 [prime-yield] count=1 remaining=5 chunks=1 wall_ms=997.714 max_chunk_ms=997.714
1790216591124 [prime-yield] count=2 remaining=4 chunks=1 wall_ms=437.899 max_chunk_ms=437.899
1790216591178 [prime-yield] count=3 remaining=3 chunks=1 wall_ms=54.087 max_chunk_ms=54.087
1790216591238 [prime-yield] count=4 remaining=2 chunks=1 wall_ms=60.288 max_chunk_ms=60.288
1790216591266 [prime-yield] count=5 remaining=1 chunks=1 wall_ms=27.210 max_chunk_ms=27.210
1790216591277 [prefix-cache] insert (spec-boundary): 5728 tokens, 148.4MB (resident 2176.4MB / 2052MB, model q9)
1790216591277 [prefix-cache] evict (LRU): 1408 tokens, 76.2MB (model q9)
1790216591277 [prefix-cache] evict (LRU): 1440 tokens, 76.8MB (model q9)
1790216591277 [prefix-cache] insert (spec-boundary): 5760 tokens, 148.9MB (resident 2172.4MB / 2052MB, model q9)
1790216591277 [prefix-cache] evict (LRU): 1408 tokens, 76.2MB (model q9)
1790216591277 [prefix-cache] evict (LRU): 1440 tokens, 76.8MB (model q9)
1790216591455 [spec-acc] ctx=5782 burst=21/33 cum=21/33=0.636
1790216591660 [spec-acc] ctx=5815 burst=21/39 cum=42/72=0.583
1790216591877 [spec-acc] ctx=5849 burst=21/39 cum=63/111=0.568
1790216592081 [spec-acc] ctx=5883 burst=20/36 cum=83/147=0.565
1790216592232 [spec-acc] ctx=5915 burst=24/27 cum=107/174=0.615
1790216592485 [spec-acc] ctx=5948 burst=18/45 cum=125/219=0.571
1790216592741 [spec-acc] ctx=5981 burst=17/45 cum=142/264=0.538
1790216592942 [spec-acc] ctx=6013 burst=20/36 cum=162/300=0.540
1790216593175 [spec-acc] ctx=6045 burst=19/42 cum=181/342=0.529
1790216593375 [spec-acc] ctx=6078 burst=23/36 cum=204/378=0.540
1790216593576 [spec-acc] ctx=6113 burst=22/36 cum=226/414=0.546
1790216593777 [spec-acc] ctx=6147 burst=21/36 cum=247/450=0.549
1790216593960 [spec-acc] ctx=6180 burst=24/33 cum=271/483=0.561
1790216594178 [spec-acc] ctx=6215 burst=20/39 cum=291/522=0.557
1790216594362 [spec-acc] ctx=6248 burst=21/33 cum=312/555=0.562
1790216594545 [spec-acc] ctx=6280 burst=21/33 cum=333/588=0.566
1790216594762 [spec-acc] ctx=6312 burst=19/39 cum=352/627=0.561
1790216594963 [spec-acc] ctx=6344 burst=20/36 cum=372/663=0.561
1790216595147 [spec-acc] ctx=6376 burst=23/33 cum=395/696=0.568
1790216595331 [spec-acc] ctx=6410 burst=21/33 cum=416/729=0.571
1790216595514 [spec-acc] ctx=6442 burst=21/33 cum=437/762=0.573
1790216595715 [spec-acc] ctx=6474 burst=22/36 cum=459/798=0.575
1790216595949 [spec-acc] ctx=6508 burst=21/42 cum=480/840=0.571
1790216596133 [spec-acc] ctx=6543 burst=21/33 cum=501/873=0.574
1790216596334 [spec-acc] ctx=6575 burst=20/36 cum=521/909=0.573
1790216596502 [spec-acc] ctx=6607 burst=23/30 cum=544/939=0.579
1790216596703 [spec-acc] ctx=6640 burst=20/36 cum=564/975=0.578
1790216596955 [spec-acc] ctx=6672 burst=20/45 cum=584/1020=0.573
1790216597106 [spec-acc] ctx=6707 burst=23/27 cum=607/1047=0.580
1790216597273 [spec-acc] ctx=6739 burst=22/30 cum=629/1077=0.584
1790216597458 [spec-acc] ctx=6771 burst=22/33 cum=651/1110=0.586
1790216597662 [spec-acc] ctx=6804 burst=22/36 cum=673/1146=0.587
1790216597848 [spec-acc] ctx=6838 burst=23/33 cum=696/1179=0.590
1790216598033 [spec-acc] ctx=6872 burst=21/33 cum=717/1212=0.592
1790216598219 [spec-acc] ctx=6904 burst=24/33 cum=741/1245=0.595
1790216598404 [spec-acc] ctx=6939 burst=24/33 cum=765/1278=0.599
1790216598623 [spec-acc] ctx=6974 burst=21/39 cum=786/1317=0.597
1790216598843 [spec-acc] ctx=7008 burst=21/39 cum=807/1356=0.595
1790216599049 [spec-acc] ctx=7042 burst=20/36 cum=827/1392=0.594
1790216599201 [spec-acc] ctx=7074 burst=23/27 cum=850/1419=0.599
1790216599370 [spec-acc] ctx=7106 burst=23/30 cum=873/1449=0.602
1790216599556 [spec-acc] ctx=7139 burst=22/33 cum=895/1482=0.604
1790216599742 [spec-acc] ctx=7172 burst=24/33 cum=919/1515=0.607
1790216599965 [spec-acc] ctx=7207 burst=20/39 cum=939/1554=0.604
1790216600135 [spec-acc] ctx=7240 burst=23/30 cum=962/1584=0.607
1790216600356 [spec-acc] ctx=7273 burst=22/39 cum=984/1623=0.606
1790216600593 [spec-acc] ctx=7308 burst=21/42 cum=1005/1665=0.604
1790216600780 [spec-acc] ctx=7343 burst=23/33 cum=1028/1698=0.605
1790216600952 [spec-acc] ctx=7377 burst=22/30 cum=1050/1728=0.608
1790216601207 [spec-acc] ctx=7409 burst=20/45 cum=1070/1773=0.603
1790216601376 [spec-acc] ctx=7444 burst=22/30 cum=1092/1803=0.606
1790216601580 [spec-acc] ctx=7476 burst=22/36 cum=1114/1839=0.606
1790216601735 [spec-acc] ctx=7510 burst=25/27 cum=1139/1866=0.610
1790216601904 [spec-acc] ctx=7544 burst=23/30 cum=1162/1896=0.613
1790216602074 [spec-acc] ctx=7577 burst=25/30 cum=1187/1926=0.616
1790216602279 [spec-acc] ctx=7612 burst=20/36 cum=1207/1962=0.615
1790216602468 [spec-acc] ctx=7644 burst=21/33 cum=1228/1995=0.616
1790216602638 [spec-acc] ctx=7676 burst=23/30 cum=1251/2025=0.618
1790216602842 [spec-acc] ctx=7709 burst=22/36 cum=1273/2061=0.618
1790216603013 [spec-acc] ctx=7743 burst=22/30 cum=1295/2091=0.619
1790216603203 [spec-acc] ctx=7775 burst=21/33 cum=1316/2124=0.620
1790216603340 [spec-acc] ctx=7807 burst=14/24 cum=1330/2148=0.619
1790216603343 [meter] admit id=chatcmpl-dc35bc6f8f000ead6441d473512c7d87 tenant=default lane=interactive model="q9"
1790216603357 [admission] per-session draft-state charge: model="q9" +44MB (measured capture high-water)
1790216603357 [admission] request cost: model="q9" ctx=7891 path=spec = 16704 B/token x ctx + 1504MB prefill-workspace + 118MB fixed = 1753MB
1790216603357 [admit-predict] id=chatcmpl-dc35bc6f8f000ead6441d473512c7d87 tenant="" model="q9" verdict=admit reason=tenant-p95 prompt=5779 predicted_completion=2048 kv_hat=1796330824 booked_bytes=0 booked_real=0 inflight=0 cap=64 budget_bytes=12831671424 retry_after_s=- exempt=0 enforce=0 live_free_bytes=-
1790216603357 [admit-mem] id=chatcmpl-dc35bc6f8f000ead6441d473512c7d87 model="q9" verdict=admit prompt=5779 output_bound=- charged_ctx=7891 est_bytes=3407878984 est_context=131811264 est_fixed=3276067720 device_free=13848607544 pending_prime=0 pending_seed=0 host_free=0 demotable=2019391488 short_by=0 inflight=0 cap=64 waited_ms=0 retry_after_s=-
1790216603362 [worker] spec-affinity: declined (history diverged at 6 of checkpoint 5760; 2 parked, 5779 prompt tokens; model q9)
1790216603362 [spec-k] model="q9" tenant="" K=3 source=cold-long prompt=5779 cached=0 lcp=6 active=1 wave=1 placement=single-or-non-pp2
1790216604352 [prime-yield] count=1 remaining=5 chunks=1 wall_ms=989.489 max_chunk_ms=989.489
1790216604790 [prime-yield] count=2 remaining=4 chunks=1 wall_ms=437.948 max_chunk_ms=437.948
1790216604845 [prime-yield] count=3 remaining=3 chunks=1 wall_ms=54.795 max_chunk_ms=54.795
1790216604903 [prime-yield] count=4 remaining=2 chunks=1 wall_ms=58.398 max_chunk_ms=58.398
1790216604929 [prime-yield] count=5 remaining=1 chunks=1 wall_ms=26.395 max_chunk_ms=26.395
1790216604941 [prefix-cache] insert (spec-boundary): 5728 tokens, 148.4MB (resident 2167.8MB / 2052MB, model q9)
1790216604941 [prefix-cache] evict (LRU): 1408 tokens, 76.2MB (model q9)
1790216604941 [prefix-cache] evict (LRU): 1440 tokens, 76.8MB (model q9)
1790216604941 [prefix-cache] insert (spec-boundary): 5760 tokens, 148.9MB (resident 2163.7MB / 2052MB, model q9)
1790216604941 [prefix-cache] evict (LRU): 1408 tokens, 76.2MB (model q9)
1790216604941 [prefix-cache] evict (LRU): 1440 tokens, 76.8MB (model q9)
1790216605141 [spec-acc] ctx=5780 burst=23/33 cum=23/33=0.697
1790216605381 [spec-acc] ctx=5815 burst=19/42 cum=42/75=0.560
1790216605584 [spec-acc] ctx=5848 burst=21/36 cum=63/111=0.568
1790216605790 [spec-acc] ctx=5881 burst=20/36 cum=83/147=0.565
1790216605940 [spec-acc] ctx=5913 burst=23/27 cum=106/174=0.609
1790216606172 [spec-acc] ctx=5945 burst=20/42 cum=126/216=0.583
1790216606387 [spec-acc] ctx=5979 burst=22/39 cum=148/255=0.580
1790216606587 [spec-acc] ctx=6014 burst=21/36 cum=169/291=0.581
1790216606855 [spec-acc] ctx=6047 burst=17/48 cum=186/339=0.549
1790216607016 [spec-acc] ctx=6080 burst=22/30 cum=208/369=0.564
1790216607258 [spec-acc] ctx=6112 burst=20/45 cum=228/414=0.551
1790216607439 [spec-acc] ctx=6147 burst=22/33 cum=250/447=0.559
1790216607600 [spec-acc] ctx=6180 burst=25/30 cum=275/477=0.577
1790216607810 [spec-acc] ctx=6215 burst=19/39 cum=294/516=0.570
1790216608056 [spec-acc] ctx=6247 burst=17/45 cum=311/561=0.554
1790216608188 [spec-acc] ctx=6279 burst=24/24 cum=335/585=0.573
1790216608382 [spec-acc] ctx=6311 burst=20/36 cum=355/621=0.572
1790216608560 [spec-acc] ctx=6343 burst=22/33 cum=377/654=0.576
1790216608742 [spec-acc] ctx=6376 burst=21/33 cum=398/687=0.579
1790216608905 [spec-acc] ctx=6408 burst=23/30 cum=421/717=0.587
1790216609184 [spec-acc] ctx=6441 burst=18/51 cum=439/768=0.572
1790216609363 [spec-acc] ctx=6476 burst=22/33 cum=461/801=0.576
1790216609592 [spec-acc] ctx=6509 burst=18/42 cum=479/843=0.568
1790216609775 [spec-acc] ctx=6541 burst=22/33 cum=501/876=0.572
1790216609975 [spec-acc] ctx=6574 burst=20/36 cum=521/912=0.571
1790216610191 [spec-acc] ctx=6606 burst=19/39 cum=540/951=0.568
1790216610459 [spec-acc] ctx=6638 burst=17/48 cum=557/999=0.558
1790216610656 [spec-acc] ctx=6671 burst=21/36 cum=578/1035=0.558
1790216610836 [spec-acc] ctx=6704 burst=21/33 cum=599/1068=0.561
1790216611081 [spec-acc] ctx=6736 burst=18/45 cum=617/1113=0.554
1790216611227 [spec-acc] ctx=6769 burst=24/27 cum=641/1140=0.562
1790216611394 [spec-acc] ctx=6802 burst=23/30 cum=664/1170=0.568
1790216611561 [spec-acc] ctx=6835 burst=22/30 cum=686/1200=0.572
1790216611745 [spec-acc] ctx=6867 burst=21/33 cum=707/1233=0.573
1790216611946 [spec-acc] ctx=6899 burst=22/36 cum=729/1269=0.574
1790216612095 [spec-acc] ctx=6933 burst=25/27 cum=754/1296=0.582
1790216612245 [spec-acc] ctx=6967 burst=25/27 cum=779/1323=0.589
1790216612395 [spec-acc] ctx=7001 burst=24/27 cum=803/1350=0.595
1790216612579 [spec-acc] ctx=7034 burst=23/33 cum=826/1383=0.597
1790216612763 [spec-acc] ctx=7068 burst=21/33 cum=847/1416=0.598
1790216612963 [spec-acc] ctx=7100 burst=23/36 cum=870/1452=0.599
1790216613249 [spec-acc] ctx=7135 burst=16/48 cum=886/1500=0.591
1790216613443 [spec-acc] ctx=7167 burst=22/33 cum=908/1533=0.592
1790216613653 [spec-acc] ctx=7200 burst=22/36 cum=930/1569=0.593
1790216613809 [spec-acc] ctx=7234 burst=24/27 cum=954/1596=0.598
1790216613965 [spec-acc] ctx=7267 burst=23/27 cum=977/1623=0.602
1790216614135 [spec-acc] ctx=7299 burst=22/30 cum=999/1653=0.604
1790216614340 [spec-acc] ctx=7331 burst=22/36 cum=1021/1689=0.604
1790216614528 [spec-acc] ctx=7365 burst=23/33 cum=1044/1722=0.606
1790216614697 [spec-acc] ctx=7399 burst=22/30 cum=1066/1752=0.608
1790216614904 [spec-acc] ctx=7431 burst=20/36 cum=1086/1788=0.607
1790216615125 [spec-acc] ctx=7463 burst=22/39 cum=1108/1827=0.606
1790216615295 [spec-acc] ctx=7498 burst=24/30 cum=1132/1857=0.610
1790216615450 [spec-acc] ctx=7532 burst=26/27 cum=1158/1884=0.615
1790216615603 [spec-acc] ctx=7567 burst=24/27 cum=1182/1911=0.619
1790216615740 [spec-acc] ctx=7600 burst=24/24 cum=1206/1935=0.623
1790216615876 [spec-acc] ctx=7632 burst=24/24 cum=1230/1959=0.628
1790216616046 [spec-acc] ctx=7664 burst=25/30 cum=1255/1989=0.631
1790216616202 [spec-acc] ctx=7699 burst=26/27 cum=1281/2016=0.635
1790216616356 [spec-acc] ctx=7734 burst=24/27 cum=1305/2043=0.639
1790216616527 [spec-acc] ctx=7767 burst=23/30 cum=1328/2073=0.641
1790216616697 [spec-acc] ctx=7800 burst=20/30 cum=1348/2103=0.641
1790216617699 [meter] admit id=chatcmpl-282a64829fc6f82e3bd818141f641bc9 tenant=default lane=interactive model="q9"
1790216617700 [admission] per-session draft-state charge: model="q9" +44MB (measured capture high-water)
1790216617700 [admission] request cost: model="q9" ctx=2190 path=spec = 16704 B/token x ctx + 28MB prefill-workspace + 118MB fixed = 182MB
1790216617700 [admit-predict] id=chatcmpl-282a64829fc6f82e3bd818141f641bc9 tenant="" model="q9" verdict=admit reason=tenant-p95 prompt=78 predicted_completion=2048 kv_hat=225246984 booked_bytes=0 booked_real=0 inflight=0 cap=64 budget_bytes=12831671424 retry_after_s=- exempt=0 enforce=0 live_free_bytes=-
1790216617700 [admit-mem] id=chatcmpl-282a64829fc6f82e3bd818141f641bc9 model="q9" verdict=admit prompt=78 output_bound=- charged_ctx=2190 est_bytes=1836795144 est_context=36581760 est_fixed=1800213384 device_free=13857221304 pending_prime=0 pending_seed=0 host_free=0 demotable=2010726400 short_by=0 inflight=0 cap=64 waited_ms=0 retry_after_s=-
1790216617700 [worker] spec-affinity: declined (history diverged at 4 of checkpoint 5760; 2 parked, 78 prompt tokens; model q9)
1790216617700 [prefix-cache] seed REFUSED (grid): spec prompt 78 tokens is off the 32-token prime grid and its aligned boundary 32 is under the 64 token entry floor; no entry published (model q9)
1790216617700 [spec-k] model="q9" tenant="" K=3 source=cold-short prompt=78 cached=0 lcp=4 active=1 wave=1 placement=single-or-non-pp2
1790216617925 [spec-acc] ctx=78 burst=24/30 cum=24/30=0.800
1790216617925 [prefix-cache] insert (spec-boundary): 32 tokens, 53.2MB (resident 2064.0MB / 2052MB, model q9)
1790216617926 [prefix-cache] evict (LRU): 1408 tokens, 76.2MB (model q9)
1790216618053 [spec-acc] ctx=113 burst=23/27 cum=47/57=0.825
1790216618182 [spec-acc] ctx=145 burst=23/27 cum=70/84=0.833
1790216618311 [spec-acc] ctx=177 burst=25/27 cum=95/111=0.856
1790216618467 [spec-acc] ctx=211 burst=24/33 cum=119/144=0.826
1790216618598 [spec-acc] ctx=246 burst=24/27 cum=143/171=0.836
1790216618761 [spec-acc] ctx=279 burst=21/33 cum=164/204=0.804
1790216618890 [spec-acc] ctx=311 burst=25/27 cum=189/231=0.818
1790216619005 [spec-acc] ctx=345 burst=24/24 cum=213/255=0.835
1790216619134 [spec-acc] ctx=377 burst=25/27 cum=238/282=0.844
1790216619253 [spec-acc] ctx=411 burst=24/24 cum=262/306=0.856
1790216619382 [spec-acc] ctx=443 burst=23/27 cum=285/333=0.856
1790216619527 [spec-acc] ctx=475 burst=23/30 cum=308/363=0.848
1790216619643 [spec-acc] ctx=508 burst=24/24 cum=332/387=0.858
1790216619789 [spec-acc] ctx=540 burst=24/30 cum=356/417=0.854
1790216619948 [spec-acc] ctx=574 burst=22/33 cum=378/450=0.840
1790216620092 [spec-acc] ctx=607 burst=22/30 cum=400/480=0.833
1790216620236 [spec-acc] ctx=639 burst=25/30 cum=425/510=0.833
1790216620385 [spec-acc] ctx=674 burst=25/30 cum=450/540=0.833
1790216620530 [spec-acc] ctx=709 burst=22/30 cum=472/570=0.828
1790216620675 [spec-acc] ctx=741 burst=23/30 cum=495/600=0.825
1790216620835 [spec-acc] ctx=774 burst=22/33 cum=517/633=0.817
1790216620965 [spec-acc] ctx=807 burst=23/27 cum=540/660=0.818
1790216621114 [spec-acc] ctx=839 burst=22/30 cum=562/690=0.814
1790216621264 [spec-acc] ctx=871 burst=22/30 cum=584/720=0.811
1790216621422 [spec-acc] ctx=903 burst=24/30 cum=608/750=0.811
1790216621581 [spec-acc] ctx=937 burst=25/30 cum=633/780=0.812
1790216621706 [spec-acc] ctx=972 burst=24/24 cum=657/804=0.817
1790216621829 [spec-acc] ctx=1004 burst=24/24 cum=681/828=0.822
1790216621951 [spec-acc] ctx=1036 burst=24/24 cum=705/852=0.827
1790216622088 [spec-acc] ctx=1068 burst=24/27 cum=729/879=0.829
1790216622209 [spec-acc] ctx=1101 burst=24/24 cum=753/903=0.834
1790216622348 [spec-acc] ctx=1133 burst=25/27 cum=778/930=0.837
1790216622487 [spec-acc] ctx=1167 burst=24/27 cum=802/957=0.838
1790216622623 [spec-acc] ctx=1200 burst=26/27 cum=828/984=0.841
1790216622762 [spec-acc] ctx=1235 burst=26/27 cum=854/1011=0.845
1790216622899 [spec-acc] ctx=1270 burst=25/27 cum=879/1038=0.847
1790216623035 [spec-acc] ctx=1304 burst=25/27 cum=904/1065=0.849
1790216623188 [spec-acc] ctx=1338 burst=22/30 cum=926/1095=0.846
1790216623358 [spec-acc] ctx=1370 burst=24/33 cum=950/1128=0.842
1790216623524 [spec-acc] ctx=1405 burst=23/33 cum=973/1161=0.838
1790216623694 [spec-acc] ctx=1439 burst=21/33 cum=994/1194=0.832
1790216623830 [spec-acc] ctx=1471 burst=24/27 cum=1018/1221=0.834
1790216623982 [spec-acc] ctx=1504 burst=23/30 cum=1041/1251=0.832
1790216624105 [spec-acc] ctx=1537 burst=24/24 cum=1065/1275=0.835
1790216624275 [spec-acc] ctx=1569 burst=21/33 cum=1086/1308=0.830
1790216624488 [spec-acc] ctx=1601 burst=20/42 cum=1106/1350=0.819
1790216624638 [spec-acc] ctx=1635 burst=22/30 cum=1128/1380=0.817
1790216624760 [spec-acc] ctx=1667 burst=24/24 cum=1152/1404=0.821
1790216624879 [spec-acc] ctx=1699 burst=24/24 cum=1176/1428=0.824
1790216624999 [spec-acc] ctx=1731 burst=24/24 cum=1200/1452=0.826
1790216625120 [spec-acc] ctx=1763 burst=24/24 cum=1224/1476=0.829
1790216625241 [spec-acc] ctx=1795 burst=24/24 cum=1248/1500=0.832
1790216625363 [spec-acc] ctx=1827 burst=24/24 cum=1272/1524=0.835
1790216625484 [spec-acc] ctx=1859 burst=24/24 cum=1296/1548=0.837
1790216625605 [spec-acc] ctx=1891 burst=24/24 cum=1320/1572=0.840
1790216625741 [spec-acc] ctx=1923 burst=25/27 cum=1345/1599=0.841
1790216625877 [spec-acc] ctx=1957 burst=26/27 cum=1371/1626=0.843
1790216626014 [spec-acc] ctx=1992 burst=25/27 cum=1396/1653=0.845
1790216626136 [spec-acc] ctx=2026 burst=24/24 cum=1420/1677=0.847
1790216626261 [spec-acc] ctx=2058 burst=24/24 cum=1444/1701=0.849
1790216626381 [spec-acc] ctx=2090 burst=24/24 cum=1468/1725=0.851
1790216626397 [spec-acc] ctx=2122 burst=3/3 cum=1471/1728=0.851
1790216626399 [meter] admit id=chatcmpl-a2e28979d3d76cf1c66b851735ab8b2e tenant=default lane=interactive model="q9"
1790216626406 [admit-predict] id=chatcmpl-a2e28979d3d76cf1c66b851735ab8b2e tenant="" model="q9" verdict=admit reason=tenant-p95 prompt=78 predicted_completion=2048 kv_hat=225246984 booked_bytes=0 booked_real=0 inflight=0 cap=64 budget_bytes=12831671424 retry_after_s=- exempt=0 enforce=0 live_free_bytes=-
1790216626406 [admit-mem] id=chatcmpl-a2e28979d3d76cf1c66b851735ab8b2e model="q9" verdict=admit prompt=78 output_bound=- charged_ctx=2190 est_bytes=1836795144 est_context=36581760 est_fixed=1800213384 device_free=13986053688 pending_prime=0 pending_seed=0 host_free=0 demotable=1987741696 short_by=0 inflight=0 cap=64 waited_ms=0 retry_after_s=-
1790216626406 [worker] spec-affinity: declined (history diverged at 4 of checkpoint 5760; 2 parked, 78 prompt tokens; model q9)
1790216626406 [prefix-cache] seed REFUSED (grid): spec prompt 78 tokens is off the 32-token prime grid and its aligned boundary 32 is under the 64 token entry floor; no entry published (model q9)
1790216626406 [spec-k] model="q9" tenant="" K=3 source=cold-short prompt=78 cached=0 lcp=6 active=1 wave=1 placement=single-or-non-pp2
1790216626650 [spec-acc] ctx=78 burst=24/30 cum=24/30=0.800
1790216626650 [prefix-cache] insert (spec-boundary): 32 tokens, 53.2MB (resident 2041.0MB / 2052MB, model q9)
1790216626796 [spec-acc] ctx=113 burst=22/30 cum=46/60=0.767
1790216626957 [spec-acc] ctx=145 burst=21/33 cum=67/93=0.720
1790216627090 [spec-acc] ctx=177 burst=26/27 cum=93/120=0.775
1790216627252 [spec-acc] ctx=212 burst=24/33 cum=117/153=0.765
1790216627414 [spec-acc] ctx=247 burst=22/33 cum=139/186=0.747
1790216627546 [spec-acc] ctx=280 burst=26/27 cum=165/213=0.775
1790216627665 [spec-acc] ctx=315 burst=24/24 cum=189/237=0.797
1790216627783 [spec-acc] ctx=347 burst=24/24 cum=213/261=0.816
1790216627916 [spec-acc] ctx=379 burst=26/27 cum=239/288=0.830
1790216628050 [spec-acc] ctx=414 burst=26/27 cum=265/315=0.841
1790216628214 [spec-acc] ctx=449 burst=22/33 cum=287/348=0.825
1790216628348 [spec-acc] ctx=482 burst=23/27 cum=310/375=0.827
1790216628482 [spec-acc] ctx=514 burst=26/27 cum=336/402=0.836
1790216628599 [spec-acc] ctx=549 burst=24/24 cum=360/426=0.845
1790216628731 [spec-acc] ctx=581 burst=23/27 cum=383/453=0.845
1790216628865 [spec-acc] ctx=613 burst=25/27 cum=408/480=0.850
1790216628998 [spec-acc] ctx=647 burst=26/27 cum=434/507=0.856
1790216629146 [spec-acc] ctx=682 burst=24/30 cum=458/537=0.853
1790216629296 [spec-acc] ctx=716 burst=24/30 cum=482/567=0.850
1790216629458 [spec-acc] ctx=750 burst=22/33 cum=504/600=0.840
1790216629623 [spec-acc] ctx=783 burst=22/33 cum=526/633=0.831
1790216629800 [spec-acc] ctx=816 burst=20/36 cum=546/669=0.816
1790216629995 [spec-acc] ctx=848 burst=22/39 cum=568/708=0.802
1790216630142 [spec-acc] ctx=883 burst=25/30 cum=593/738=0.804
1790216630308 [spec-acc] ctx=918 burst=24/33 cum=617/771=0.800
1790216630442 [spec-acc] ctx=953 burst=25/27 cum=642/798=0.805
1790216630636 [spec-acc] ctx=987 burst=20/39 cum=662/837=0.791
1790216630802 [spec-acc] ctx=1020 burst=23/33 cum=685/870=0.787
1790216630967 [spec-acc] ctx=1054 burst=21/33 cum=706/903=0.782
1790216631147 [spec-acc] ctx=1086 burst=22/36 cum=728/939=0.775
1790216631357 [spec-acc] ctx=1120 burst=18/42 cum=746/981=0.760
1790216631522 [spec-acc] ctx=1152 burst=22/33 cum=768/1014=0.757
1790216631672 [spec-acc] ctx=1185 burst=24/30 cum=792/1044=0.759
1790216631806 [spec-acc] ctx=1219 burst=26/27 cum=818/1071=0.764
1790216631972 [spec-acc] ctx=1254 burst=24/33 cum=842/1104=0.763
1790216632107 [spec-acc] ctx=1289 burst=25/27 cum=867/1131=0.767
1790216632228 [spec-acc] ctx=1323 burst=24/24 cum=891/1155=0.771
1790216632378 [spec-acc] ctx=1355 burst=24/30 cum=915/1185=0.772
1790216632529 [spec-acc] ctx=1389 burst=23/30 cum=938/1215=0.772
1790216632712 [spec-acc] ctx=1422 burst=23/36 cum=961/1251=0.768
1790216632877 [spec-acc] ctx=1457 burst=24/33 cum=985/1284=0.767
1790216633029 [spec-acc] ctx=1492 burst=22/30 cum=1007/1314=0.766
1790216633198 [spec-acc] ctx=1524 burst=21/33 cum=1028/1347=0.763
1790216633333 [spec-acc] ctx=1556 burst=24/27 cum=1052/1374=0.766
1790216633469 [spec-acc] ctx=1589 burst=24/27 cum=1076/1401=0.768
1790216633635 [spec-acc] ctx=1622 burst=22/33 cum=1098/1434=0.766
1790216633757 [spec-acc] ctx=1655 burst=24/24 cum=1122/1458=0.770
1790216633924 [spec-acc] ctx=1687 burst=23/33 cum=1145/1491=0.768
1790216634090 [spec-acc] ctx=1721 burst=21/33 cum=1166/1524=0.765
1790216634228 [spec-acc] ctx=1753 burst=23/27 cum=1189/1551=0.767
1790216634394 [spec-acc] ctx=1785 burst=22/33 cum=1211/1584=0.765
1790216634577 [spec-acc] ctx=1818 burst=20/36 cum=1231/1620=0.760
1790216634760 [spec-acc] ctx=1850 burst=20/36 cum=1251/1656=0.755
1790216634911 [spec-acc] ctx=1882 burst=22/30 cum=1273/1686=0.755
1790216635063 [spec-acc] ctx=1914 burst=22/30 cum=1295/1716=0.755
1790216635247 [spec-acc] ctx=1946 burst=20/36 cum=1315/1752=0.751
1790216635401 [spec-acc] ctx=1978 burst=22/30 cum=1337/1782=0.750
1790216635586 [spec-acc] ctx=2010 burst=22/36 cum=1359/1818=0.748
1790216635738 [spec-acc] ctx=2044 burst=23/30 cum=1382/1848=0.748
1790216635877 [spec-acc] ctx=2077 burst=25/27 cum=1407/1875=0.750
1790216635969 [spec-acc] ctx=2111 burst=9/18 cum=1416/1893=0.748
1790216635971 [meter] admit id=chatcmpl-2b743a4b57c22289bbbee387f01c9b60 tenant=default lane=interactive model="q9"
1790216635978 [admit-predict] id=chatcmpl-2b743a4b57c22289bbbee387f01c9b60 tenant="" model="q9" verdict=admit reason=tenant-p95 prompt=78 predicted_completion=2048 kv_hat=225246984 booked_bytes=0 booked_real=0 inflight=0 cap=64 budget_bytes=12831671424 retry_after_s=- exempt=0 enforce=0 live_free_bytes=-
1790216635978 [admit-mem] id=chatcmpl-2b743a4b57c22289bbbee387f01c9b60 model="q9" verdict=admit prompt=78 output_bound=- charged_ctx=2190 est_bytes=1836795144 est_context=36581760 est_fixed=1800213384 device_free=14038638776 pending_prime=0 pending_seed=0 host_free=0 demotable=2040983552 short_by=0 inflight=0 cap=64 waited_ms=0 retry_after_s=-
1790216635978 [worker] spec-affinity: declined (history diverged at 6 of checkpoint 32; 2 parked, 78 prompt tokens; model q9)
1790216635978 [prefix-cache] seed REFUSED (grid): spec prompt 78 tokens is off the 32-token prime grid and its aligned boundary 32 is under the 64 token entry floor; no entry published (model q9)
1790216635978 [spec-k] model="q9" tenant="" K=3 source=cold-short prompt=78 cached=0 lcp=6 active=1 wave=1 placement=single-or-non-pp2
1790216636192 [spec-acc] ctx=78 burst=23/24 cum=23/24=0.958
1790216636192 [prefix-cache] insert (spec-boundary): 32 tokens, 53.2MB (resident 2094.2MB / 2052MB, model q9)
1790216636192 [prefix-cache] evict (LRU): 1440 tokens, 76.8MB (model q9)
1790216636336 [spec-acc] ctx=110 burst=24/27 cum=47/51=0.922
1790216636525 [spec-acc] ctx=143 burst=22/36 cum=69/87=0.793
1790216636697 [spec-acc] ctx=177 burst=23/33 cum=92/120=0.767
1790216636867 [spec-acc] ctx=211 burst=24/33 cum=116/153=0.758
1790216637021 [spec-acc] ctx=246 burst=22/30 cum=138/183=0.754
1790216637193 [spec-acc] ctx=278 burst=24/33 cum=162/216=0.750
1790216637361 [spec-acc] ctx=313 burst=23/33 cum=185/249=0.743
1790216637578 [spec-acc] ctx=347 burst=20/42 cum=205/291=0.704
1790216637731 [spec-acc] ctx=381 burst=24/30 cum=229/321=0.713
1790216637855 [spec-acc] ctx=415 burst=24/24 cum=253/345=0.733
1790216637994 [spec-acc] ctx=447 burst=26/27 cum=279/372=0.750
1790216638133 [spec-acc] ctx=482 burst=24/27 cum=303/399=0.759
1790216638286 [spec-acc] ctx=515 burst=24/30 cum=327/429=0.762
1790216638440 [spec-acc] ctx=549 burst=23/30 cum=350/459=0.763
1790216638579 [spec-acc] ctx=582 burst=24/27 cum=374/486=0.770
1790216638701 [spec-acc] ctx=615 burst=24/24 cum=398/510=0.780
1790216638824 [spec-acc] ctx=647 burst=24/24 cum=422/534=0.790
1790216638994 [spec-acc] ctx=679 burst=21/33 cum=443/567=0.781
1790216639147 [spec-acc] ctx=711 burst=24/30 cum=467/597=0.782
1790216639286 [spec-acc] ctx=745 burst=26/27 cum=493/624=0.790
1790216639424 [spec-acc] ctx=780 burst=24/27 cum=517/651=0.794
1790216639562 [spec-acc] ctx=813 burst=24/27 cum=541/678=0.798
1790216639717 [spec-acc] ctx=846 burst=24/30 cum=565/708=0.798
1790216639871 [spec-acc] ctx=880 burst=24/30 cum=589/738=0.798
1790216640025 [spec-acc] ctx=914 burst=25/30 cum=614/768=0.799
1790216640195 [spec-acc] ctx=949 burst=23/33 cum=637/801=0.795
1790216640350 [spec-acc] ctx=983 burst=25/30 cum=662/831=0.797
1790216640489 [spec-acc] ctx=1018 burst=25/27 cum=687/858=0.801
1790216640628 [spec-acc] ctx=1052 burst=23/27 cum=710/885=0.802
1790216640801 [spec-acc] ctx=1084 burst=23/33 cum=733/918=0.798
1790216640957 [spec-acc] ctx=1118 burst=22/30 cum=755/948=0.796
1790216641112 [spec-acc] ctx=1150 burst=24/30 cum=779/978=0.797
1790216641315 [spec-acc] ctx=1184 burst=21/39 cum=800/1017=0.787
1790216641456 [spec-acc] ctx=1218 burst=25/27 cum=825/1044=0.790
1790216641612 [spec-acc] ctx=1252 burst=24/30 cum=849/1074=0.791
1790216641767 [spec-acc] ctx=1286 burst=22/30 cum=871/1104=0.789
1790216641956 [spec-acc] ctx=1318 burst=22/36 cum=893/1140=0.783
1790216642143 [spec-acc] ctx=1352 burst=22/36 cum=915/1176=0.778
1790216642346 [spec-acc] ctx=1386 burst=19/39 cum=934/1215=0.769
1790216642503 [spec-acc] ctx=1418 burst=22/30 cum=956/1245=0.768
1790216642753 [spec-acc] ctx=1450 burst=17/48 cum=973/1293=0.753
1790216642942 [spec-acc] ctx=1483 burst=21/36 cum=994/1329=0.748
1790216643130 [spec-acc] ctx=1516 burst=22/36 cum=1016/1365=0.744
1790216643305 [spec-acc] ctx=1550 burst=21/33 cum=1037/1398=0.742
1790216643477 [spec-acc] ctx=1582 burst=24/33 cum=1061/1431=0.741
1790216643713 [spec-acc] ctx=1617 burst=17/45 cum=1078/1476=0.730
1790216643885 [spec-acc] ctx=1649 burst=22/33 cum=1100/1509=0.729
1790216644059 [spec-acc] ctx=1682 burst=24/33 cum=1124/1542=0.729
1790216644295 [spec-acc] ctx=1717 burst=17/45 cum=1141/1587=0.719
1790216644530 [spec-acc] ctx=1749 burst=20/45 cum=1161/1632=0.711
1790216644701 [spec-acc] ctx=1784 burst=24/33 cum=1185/1665=0.712
1790216644873 [spec-acc] ctx=1819 burst=23/33 cum=1208/1698=0.711
1790216645030 [spec-acc] ctx=1853 burst=22/30 cum=1230/1728=0.712
1790216645265 [spec-acc] ctx=1885 burst=17/45 cum=1247/1773=0.703
1790216645440 [spec-acc] ctx=1917 burst=22/33 cum=1269/1806=0.703
1790216645615 [spec-acc] ctx=1950 burst=22/33 cum=1291/1839=0.702
1790216645804 [spec-acc] ctx=1983 burst=20/36 cum=1311/1875=0.699
1790216645979 [spec-acc] ctx=2015 burst=21/33 cum=1332/1908=0.698
1790216646168 [spec-acc] ctx=2047 burst=20/36 cum=1352/1944=0.695
1790216646344 [spec-acc] ctx=2079 burst=21/33 cum=1373/1977=0.694
1790216646454 [spec-acc] ctx=2111 burst=10/21 cum=1383/1998=0.692
1790216646456 [meter] admit id=chatcmpl-ae78642ea161e4593d241bdb775d6e33 tenant=default lane=interactive model="q9"
1790216646466 [admission] per-session draft-state charge: model="q9" +44MB (measured capture high-water)
1790216646466 [admission] request cost: model="q9" ctx=3731 path=spec = 16704 B/token x ctx + 584MB prefill-workspace + 118MB fixed = 763MB
1790216646466 [admit-predict] id=chatcmpl-ae78642ea161e4593d241bdb775d6e33 tenant="" model="q9" verdict=admit reason=tenant-p95 prompt=1619 predicted_completion=2048 kv_hat=806438216 booked_bytes=0 booked_real=0 inflight=0 cap=64 budget_bytes=12831671424 retry_after_s=- exempt=0 enforce=0 live_free_bytes=-
1790216646468 [admit-mem] id=chatcmpl-ae78642ea161e4593d241bdb775d6e33 model="q9" verdict=admit prompt=1619 output_bound=- charged_ctx=3731 est_bytes=2417986376 est_context=62322624 est_fixed=2355663752 device_free=14062158008 pending_prime=0 pending_seed=0 host_free=0 demotable=2017464320 short_by=0 inflight=0 cap=64 waited_ms=0 retry_after_s=-
1790216646473 [worker] spec-affinity: declined (history diverged at 4 of checkpoint 32; 2 parked, 1619 prompt tokens; model q9)
1790216646473 [spec-k] model="q9" tenant="" K=3 source=cold-long prompt=1619 cached=0 lcp=4 active=1 wave=1 placement=single-or-non-pp2
1790216647087 [spec-acc] ctx=1619 burst=25/27 cum=25/27=0.926
1790216647087 [prefix-cache] insert (spec-boundary): 1600 tokens, 79.4MB (resident 2096.9MB / 2052MB, model q9)
1790216647087 [prefix-cache] evict (LRU): 3072 tokens, 104.0MB (model q9)
1790216647288 [spec-acc] ctx=1654 burst=22/36 cum=47/63=0.746
1790216647468 [spec-acc] ctx=1688 burst=22/33 cum=69/96=0.719
1790216647615 [spec-acc] ctx=1721 burst=24/27 cum=93/123=0.756
1790216647773 [spec-acc] ctx=1754 burst=23/30 cum=116/153=0.758
1790216647964 [spec-acc] ctx=1787 burst=20/36 cum=136/189=0.720
1790216648152 [spec-acc] ctx=1819 burst=20/36 cum=156/225=0.693
1790216648306 [spec-acc] ctx=1851 burst=23/30 cum=179/255=0.702
1790216648584 [spec-acc] ctx=1884 burst=15/54 cum=194/309=0.628
1790216648754 [spec-acc] ctx=1917 burst=21/33 cum=215/342=0.629
1790216648942 [spec-acc] ctx=1949 burst=23/36 cum=238/378=0.630
1790216649098 [spec-acc] ctx=1984 burst=22/30 cum=260/408=0.637
1790216649284 [spec-acc] ctx=2016 burst=23/36 cum=283/444=0.637
1790216649440 [spec-acc] ctx=2051 burst=23/30 cum=306/474=0.646
1790216649598 [spec-acc] ctx=2084 burst=23/30 cum=329/504=0.653
1790216649769 [spec-acc] ctx=2117 burst=21/33 cum=350/537=0.652
1790216649941 [spec-acc] ctx=2149 burst=21/33 cum=371/570=0.651
1790216650098 [spec-acc] ctx=2181 burst=23/30 cum=394/600=0.657
1790216650270 [spec-acc] ctx=2214 burst=21/33 cum=415/633=0.656
1790216650441 [spec-acc] ctx=2246 burst=23/33 cum=438/666=0.658
1790216650660 [spec-acc] ctx=2280 burst=21/42 cum=459/708=0.648
1790216650831 [spec-acc] ctx=2315 burst=22/33 cum=481/741=0.649
1790216650955 [spec-acc] ctx=2348 burst=24/24 cum=505/765=0.660
1790216651171 [spec-acc] ctx=2380 burst=19/42 cum=524/807=0.649
1790216651409 [spec-acc] ctx=2413 burst=19/45 cum=543/852=0.637
1790216651563 [spec-acc] ctx=2447 burst=22/30 cum=565/882=0.641
1790216651749 [spec-acc] ctx=2479 burst=22/36 cum=587/918=0.639
1790216651921 [spec-acc] ctx=2513 burst=21/33 cum=608/951=0.639
1790216652060 [spec-acc] ctx=2545 burst=23/27 cum=631/978=0.645
1790216652248 [spec-acc] ctx=2577 burst=23/36 cum=654/1014=0.645
1790216652404 [spec-acc] ctx=2612 burst=25/30 cum=679/1044=0.650
1790216652543 [spec-acc] ctx=2647 burst=24/27 cum=703/1071=0.656
1790216652700 [spec-acc] ctx=2680 burst=24/30 cum=727/1101=0.660
1790216652903 [spec-acc] ctx=2714 burst=19/39 cum=746/1140=0.654
1790216653089 [spec-acc] ctx=2746 burst=20/36 cum=766/1176=0.651
1790216653293 [spec-acc] ctx=2778 burst=21/39 cum=787/1215=0.648
1790216653464 [spec-acc] ctx=2812 burst=22/33 cum=809/1248=0.648
1790216653636 [spec-acc] ctx=2845 burst=24/33 cum=833/1281=0.650
1790216653840 [spec-acc] ctx=2880 burst=19/39 cum=852/1320=0.645
1790216654002 [spec-acc] ctx=2912 burst=23/30 cum=875/1350=0.648
1790216654160 [spec-acc] ctx=2945 burst=24/30 cum=899/1380=0.651
1790216654303 [spec-acc] ctx=2979 burst=24/27 cum=923/1407=0.656
1790216654463 [spec-acc] ctx=3012 burst=23/30 cum=946/1437=0.658
1790216654654 [spec-acc] ctx=3045 burst=21/36 cum=967/1473=0.656
1790216654850 [spec-acc] ctx=3078 burst=22/36 cum=989/1509=0.655
1790216655023 [spec-acc] ctx=3112 burst=24/33 cum=1013/1542=0.657
1790216655218 [spec-acc] ctx=3147 burst=20/36 cum=1033/1578=0.655
1790216655392 [spec-acc] ctx=3179 burst=22/33 cum=1055/1611=0.655
1790216655580 [spec-acc] ctx=3212 burst=21/36 cum=1076/1647=0.653
1790216655760 [spec-acc] ctx=3245 burst=23/33 cum=1099/1680=0.654
1790216655963 [spec-acc] ctx=3279 burst=22/39 cum=1121/1719=0.652
1790216656159 [spec-acc] ctx=3314 burst=21/36 cum=1142/1755=0.651
1790216656346 [spec-acc] ctx=3347 burst=23/36 cum=1165/1791=0.650
1790216656517 [spec-acc] ctx=3382 burst=21/33 cum=1186/1824=0.650
1790216656713 [spec-acc] ctx=3414 burst=20/36 cum=1206/1860=0.648
1790216656932 [spec-acc] ctx=3446 burst=20/42 cum=1226/1902=0.645
1790216657118 [spec-acc] ctx=3480 burst=23/36 cum=1249/1938=0.644
1790216657294 [spec-acc] ctx=3515 burst=24/33 cum=1273/1971=0.646
1790216657434 [spec-acc] ctx=3550 burst=23/27 cum=1296/1998=0.649
1790216657608 [spec-acc] ctx=3582 burst=23/33 cum=1319/2031=0.649
1790216657779 [spec-acc] ctx=3616 burst=24/33 cum=1343/2064=0.651
1790216657857 [spec-acc] ctx=3651 burst=12/15 cum=1355/2079=0.652
1790216657860 [meter] admit id=chatcmpl-ff00c075d5700d5ced3cec779adc70ec tenant=default lane=interactive model="q9"
1790216657869 [admit-predict] id=chatcmpl-ff00c075d5700d5ced3cec779adc70ec tenant="" model="q9" verdict=admit reason=tenant-p95 prompt=1619 predicted_completion=2048 kv_hat=806438216 booked_bytes=0 booked_real=0 inflight=0 cap=64 budget_bytes=12831671424 retry_after_s=- exempt=0 enforce=0 live_free_bytes=-
1790216657869 [admit-mem] id=chatcmpl-ff00c075d5700d5ced3cec779adc70ec model="q9" verdict=admit prompt=1619 output_bound=- charged_ctx=3731 est_bytes=2417986376 est_context=62322624 est_fixed=2355663752 device_free=14058145336 pending_prime=0 pending_seed=0 host_free=0 demotable=1992876032 short_by=0 inflight=0 cap=64 waited_ms=0 retry_after_s=-
1790216657871 [worker] spec-affinity: declined (history diverged at 4 of checkpoint 32; 2 parked, 1619 prompt tokens; model q9)
1790216657871 [spec-k] model="q9" tenant="" K=3 source=cold-long prompt=1619 cached=0 lcp=6 active=1 wave=1 placement=single-or-non-pp2
1790216658494 [spec-acc] ctx=1619 burst=24/30 cum=24/30=0.800
1790216658494 [prefix-cache] insert (spec-boundary): 1600 tokens, 79.4MB (resident 2072.3MB / 2052MB, model q9)
1790216658494 [prefix-cache] evict (LRU): 3072 tokens, 104.0MB (model q9)
1790216658661 [spec-acc] ctx=1654 burst=22/30 cum=46/60=0.767
1790216658873 [spec-acc] ctx=1686 burst=19/39 cum=65/99=0.657
1790216659018 [spec-acc] ctx=1718 burst=25/27 cum=90/126=0.714
1790216659163 [spec-acc] ctx=1752 burst=24/27 cum=114/153=0.745
1790216659305 [spec-acc] ctx=1785 burst=24/27 cum=138/180=0.767
1790216659526 [spec-acc] ctx=1818 burst=20/42 cum=158/222=0.712
1790216659716 [spec-acc] ctx=1852 burst=20/36 cum=178/258=0.690
1790216659872 [spec-acc] ctx=1884 burst=23/30 cum=201/288=0.698
1790216660076 [spec-acc] ctx=1917 burst=19/39 cum=220/327=0.673
1790216660249 [spec-acc] ctx=1949 burst=22/33 cum=242/360=0.672
1790216660454 [spec-acc] ctx=1982 burst=22/39 cum=264/399=0.662
1790216660644 [spec-acc] ctx=2017 burst=21/36 cum=285/435=0.655
1790216660835 [spec-acc] ctx=2050 burst=22/36 cum=307/471=0.652
1790216660992 [spec-acc] ctx=2084 burst=22/30 cum=329/501=0.657
1790216661182 [spec-acc] ctx=2116 burst=21/36 cum=350/537=0.652
1790216661371 [spec-acc] ctx=2149 burst=21/36 cum=371/573=0.647
1790216661550 [spec-acc] ctx=2182 burst=23/33 cum=394/606=0.650
1790216661756 [spec-acc] ctx=2216 burst=21/39 cum=415/645=0.643
1790216661888 [spec-acc] ctx=2250 burst=24/24 cum=439/669=0.656
1790216662066 [spec-acc] ctx=2282 burst=22/33 cum=461/702=0.657
1790216662240 [spec-acc] ctx=2315 burst=24/33 cum=485/735=0.660
1790216662478 [spec-acc] ctx=2350 burst=17/45 cum=502/780=0.644
1790216662621 [spec-acc] ctx=2382 burst=23/27 cum=525/807=0.651
1790216662763 [spec-acc] ctx=2414 burst=23/27 cum=548/834=0.657
1790216662969 [spec-acc] ctx=2446 burst=20/39 cum=568/873=0.651
1790216663127 [spec-acc] ctx=2479 burst=22/30 cum=590/903=0.653
1790216663413 [spec-acc] ctx=2511 burst=15/54 cum=605/957=0.632
1790216663618 [spec-acc] ctx=2544 burst=19/39 cum=624/996=0.627
1790216663793 [spec-acc] ctx=2576 burst=22/33 cum=646/1029=0.628
1790216663985 [spec-acc] ctx=2609 burst=20/36 cum=666/1065=0.625
1790216664159 [spec-acc] ctx=2641 burst=24/33 cum=690/1098=0.628
1790216664302 [spec-acc] ctx=2676 burst=23/27 cum=713/1125=0.634
1790216664525 [spec-acc] ctx=2708 burst=20/42 cum=733/1167=0.628
1790216664701 [spec-acc] ctx=2742 burst=21/33 cum=754/1200=0.628
1790216664892 [spec-acc] ctx=2774 burst=20/36 cum=774/1236=0.626
1790216665118 [spec-acc] ctx=2806 burst=21/42 cum=795/1278=0.622
1790216665276 [spec-acc] ctx=2841 burst=23/30 cum=818/1308=0.625
1790216665451 [spec-acc] ctx=2874 burst=21/33 cum=839/1341=0.626
1790216665642 [spec-acc] ctx=2906 burst=22/36 cum=861/1377=0.625
1790216665787 [spec-acc] ctx=2940 burst=24/27 cum=885/1404=0.630
1790216665978 [spec-acc] ctx=2973 burst=21/36 cum=906/1440=0.629
1790216666124 [spec-acc] ctx=3006 burst=25/27 cum=931/1467=0.635
1790216666267 [spec-acc] ctx=3040 burst=26/27 cum=957/1494=0.641
1790216666427 [spec-acc] ctx=3075 burst=23/30 cum=980/1524=0.643
1790216666604 [spec-acc] ctx=3108 burst=22/33 cum=1002/1557=0.644
1790216666828 [spec-acc] ctx=3141 burst=21/42 cum=1023/1599=0.640
1790216666974 [spec-acc] ctx=3176 burst=25/27 cum=1048/1626=0.645
1790216667167 [spec-acc] ctx=3210 burst=20/36 cum=1068/1662=0.643
1790216667328 [spec-acc] ctx=3242 burst=23/30 cum=1091/1692=0.645
1790216667555 [spec-acc] ctx=3275 burst=21/42 cum=1112/1734=0.641
1790216667747 [spec-acc] ctx=3310 burst=21/36 cum=1133/1770=0.640
1790216667926 [spec-acc] ctx=3343 burst=21/33 cum=1154/1803=0.640
1790216668087 [spec-acc] ctx=3375 burst=22/30 cum=1176/1833=0.642
1790216668231 [spec-acc] ctx=3407 burst=24/27 cum=1200/1860=0.645
1790216668408 [spec-acc] ctx=3440 burst=23/33 cum=1223/1893=0.646
1790216668617 [spec-acc] ctx=3474 burst=19/39 cum=1242/1932=0.643
1790216668829 [spec-acc] ctx=3506 burst=19/39 cum=1261/1971=0.640
1790216669056 [spec-acc] ctx=3538 burst=18/42 cum=1279/2013=0.635
1790216669295 [spec-acc] ctx=3570 burst=18/45 cum=1297/2058=0.630
1790216669456 [spec-acc] ctx=3603 burst=23/30 cum=1320/2088=0.632
1790216669583 [spec-acc] ctx=3636 burst=23/24 cum=1343/2112=0.636
1790216669585 [meter] admit id=chatcmpl-098b9efafc9b39d0477e6cab6678bc3a tenant=default lane=interactive model="q9"
1790216669595 [admission] per-session draft-state charge: model="q9" +44MB (measured capture high-water)
1790216669595 [admission] request cost: model="q9" ctx=3732 path=spec = 16704 B/token x ctx + 584MB prefill-workspace + 118MB fixed = 764MB
1790216669595 [admit-predict] id=chatcmpl-098b9efafc9b39d0477e6cab6678bc3a tenant="" model="q9" verdict=admit reason=tenant-p95 prompt=1620 predicted_completion=2048 kv_hat=806815368 booked_bytes=0 booked_real=0 inflight=0 cap=64 budget_bytes=12831671424 retry_after_s=- exempt=0 enforce=0 live_free_bytes=-
1790216669596 [admit-mem] id=chatcmpl-098b9efafc9b39d0477e6cab6678bc3a model="q9" verdict=admit prompt=1620 output_bound=- charged_ctx=3732 est_bytes=2418363528 est_context=62339328 est_fixed=2356024200 device_free=14054132664 pending_prime=0 pending_seed=0 host_free=0 demotable=1968287744 short_by=0 inflight=0 cap=64 waited_ms=0 retry_after_s=-
1790216669598 [worker] spec-affinity: declined (history diverged at 6 of checkpoint 1600; 2 parked, 1620 prompt tokens; model q9)
1790216669598 [spec-k] model="q9" tenant="" K=3 source=cold-long prompt=1620 cached=0 lcp=6 active=1 wave=1 placement=single-or-non-pp2
1790216670198 [spec-acc] ctx=1620 burst=25/27 cum=25/27=0.926
1790216670198 [prefix-cache] insert (spec-boundary): 1600 tokens, 79.4MB (resident 2047.7MB / 2052MB, model q9)
1790216670366 [spec-acc] ctx=1655 burst=22/30 cum=47/57=0.825
1790216670598 [spec-acc] ctx=1687 burst=20/42 cum=67/99=0.677
1790216670742 [spec-acc] ctx=1721 burst=25/27 cum=92/126=0.730
1790216670883 [spec-acc] ctx=1755 burst=25/27 cum=117/153=0.765
1790216671153 [spec-acc] ctx=1789 burst=16/51 cum=133/204=0.652
1790216671342 [spec-acc] ctx=1822 burst=21/36 cum=154/240=0.642
1790216671548 [spec-acc] ctx=1855 burst=19/39 cum=173/279=0.620
1790216671751 [spec-acc] ctx=1887 burst=20/39 cum=193/318=0.607
1790216671926 [spec-acc] ctx=1920 burst=22/33 cum=215/351=0.613
1790216672097 [spec-acc] ctx=1953 burst=23/33 cum=238/384=0.620
1790216672274 [spec-acc] ctx=1987 burst=22/33 cum=260/417=0.624
1790216672449 [spec-acc] ctx=2020 burst=24/33 cum=284/450=0.631
1790216672621 [spec-acc] ctx=2055 burst=22/33 cum=306/483=0.634
1790216672764 [spec-acc] ctx=2088 burst=24/27 cum=330/510=0.647
1790216672952 [spec-acc] ctx=2121 burst=20/36 cum=350/546=0.641
1790216673143 [spec-acc] ctx=2153 burst=20/36 cum=370/582=0.636
1790216673318 [spec-acc] ctx=2185 burst=22/33 cum=392/615=0.637
1790216673490 [spec-acc] ctx=2218 burst=23/33 cum=415/648=0.640
1790216673664 [spec-acc] ctx=2252 burst=23/33 cum=438/681=0.643
1790216673884 [spec-acc] ctx=2286 burst=19/42 cum=457/723=0.632
1790216674059 [spec-acc] ctx=2319 burst=21/33 cum=478/756=0.632
1790216674233 [spec-acc] ctx=2351 burst=23/33 cum=501/789=0.635
1790216674374 [spec-acc] ctx=2385 burst=23/27 cum=524/816=0.642
1790216674534 [spec-acc] ctx=2417 burst=24/30 cum=548/846=0.648
1790216674675 [spec-acc] ctx=2451 burst=23/27 cum=571/873=0.654
1790216674866 [spec-acc] ctx=2483 burst=21/36 cum=592/909=0.651
1790216675070 [spec-acc] ctx=2516 burst=21/39 cum=613/948=0.647
1790216675324 [spec-acc] ctx=2550 burst=16/48 cum=629/996=0.632
1790216675514 [spec-acc] ctx=2582 burst=22/36 cum=651/1032=0.631
1790216675703 [spec-acc] ctx=2616 burst=23/36 cum=674/1068=0.631
1790216675863 [spec-acc] ctx=2651 burst=23/30 cum=697/1098=0.635
1790216676053 [spec-acc] ctx=2684 burst=21/36 cum=718/1134=0.633
1790216676210 [spec-acc] ctx=2717 burst=24/30 cum=742/1164=0.637
1790216676385 [spec-acc] ctx=2751 burst=21/33 cum=763/1197=0.637
1790216676526 [spec-acc] ctx=2783 burst=23/27 cum=786/1224=0.642
1790216676700 [spec-acc] ctx=2815 burst=23/33 cum=809/1257=0.644
1790216676906 [spec-acc] ctx=2849 burst=21/39 cum=830/1296=0.640
1790216677080 [spec-acc] ctx=2883 burst=24/33 cum=854/1329=0.643
1790216677239 [spec-acc] ctx=2918 burst=22/30 cum=876/1359=0.645
1790216677447 [spec-acc] ctx=2950 burst=22/39 cum=898/1398=0.642
1790216677606 [spec-acc] ctx=2985 burst=22/30 cum=920/1428=0.644
1790216677782 [spec-acc] ctx=3017 burst=21/33 cum=941/1461=0.644
1790216677925 [spec-acc] ctx=3049 burst=24/27 cum=965/1488=0.649
1790216678134 [spec-acc] ctx=3082 burst=21/39 cum=986/1527=0.646
1790216678342 [spec-acc] ctx=3116 burst=21/39 cum=1007/1566=0.643
1790216678487 [spec-acc] ctx=3150 burst=23/27 cum=1030/1593=0.647
1790216678663 [spec-acc] ctx=3182 burst=24/33 cum=1054/1626=0.648
1790216678839 [spec-acc] ctx=3217 burst=21/33 cum=1075/1659=0.648
1790216679015 [spec-acc] ctx=3249 burst=21/33 cum=1096/1692=0.648
1790216679206 [spec-acc] ctx=3281 burst=21/36 cum=1117/1728=0.646
1790216679368 [spec-acc] ctx=3314 burst=22/30 cum=1139/1758=0.648
1790216679544 [spec-acc] ctx=3346 burst=22/33 cum=1161/1791=0.648
1790216679673 [spec-acc] ctx=3379 burst=24/24 cum=1185/1815=0.653
1790216679848 [spec-acc] ctx=3411 burst=22/33 cum=1207/1848=0.653
1790216680058 [spec-acc] ctx=3444 burst=19/39 cum=1226/1887=0.650
1790216680297 [spec-acc] ctx=3476 burst=18/45 cum=1244/1932=0.644
1790216680443 [spec-acc] ctx=3509 burst=23/27 cum=1267/1959=0.647
1790216680570 [spec-acc] ctx=3541 burst=24/24 cum=1291/1983=0.651
1790216680762 [spec-acc] ctx=3573 burst=22/36 cum=1313/2019=0.650
1790216680958 [spec-acc] ctx=3607 burst=20/36 cum=1333/2055=0.649
1790216681118 [spec-acc] ctx=3639 burst=19/30 cum=1352/2085=0.648
1790216683126 [meter] admit id=chatcmpl-ea2049086b16627ad1b5df6c4eb2debe tenant=default lane=interactive model="q9"
1790216683126 [meter] admit id=chatcmpl-adaed2aa1682d7c68df1e81c5afd9ccf tenant=default lane=interactive model="q9"
1790216683127 [meter] admit id=chatcmpl-569d3b2276c0c1b483e35cfecf205757 tenant=default lane=interactive model="q9"
1790216683127 [meter] admit id=chatcmpl-96aab0f0c9e5496917041a8d13794844 tenant=default lane=interactive model="q9"
1790216683127 [meter] admit id=chatcmpl-f75c5b2af6e12ac27250d4eb7d6afba0 tenant=default lane=interactive model="q9"
1790216683127 [meter] admit id=chatcmpl-9d28b99e895cdbc8f67f88cec0f3e3d4 tenant=default lane=interactive model="q9"
1790216683127 [meter] admit id=chatcmpl-0e3b2362b7cf81e02c3082194481f73e tenant=default lane=interactive model="q9"
1790216683127 [meter] admit id=chatcmpl-10f735503d34ae8166b8cb5db2a61609 tenant=default lane=interactive model="q9"
1790216683127 [meter] admit id=chatcmpl-727f7c74b2eef936d595796d451c4f8c tenant=default lane=interactive model="q9"
1790216683127 [meter] admit id=chatcmpl-ebdeb2bdd2eaa5a4b50ff9a0a668eccf tenant=default lane=interactive model="q9"
1790216683127 [meter] admit id=chatcmpl-52b923931791e3728def6e54f3b163d6 tenant=default lane=interactive model="q9"
1790216683128 [meter] admit id=chatcmpl-1621b8f8c9cb639963afc7d97aecfd8d tenant=default lane=interactive model="q9"
1790216683128 [meter] admit id=chatcmpl-cbb9b244fc8f6faf64fb27a3a8b453a6 tenant=default lane=interactive model="q9"
1790216683128 [meter] admit id=chatcmpl-f265ed093410bafc815c3385b868d7bf tenant=default lane=interactive model="q9"
1790216683128 [admission] request cost: model="q9" ctx=3443 path=plain = 14848 B/token x ctx + 480MB prefill-workspace + 118MB fixed = 648MB
1790216683128 [admit-predict] id=chatcmpl-ea2049086b16627ad1b5df6c4eb2debe tenant="" model="q9" verdict=admit reason=tenant-p95 prompt=1331 predicted_completion=2048 kv_hat=647627384 booked_bytes=0 booked_real=0 inflight=0 cap=64 budget_bytes=12831671424 retry_after_s=- exempt=0 enforce=0 live_free_bytes=-
1790216683128 [admit-mem] id=chatcmpl-ea2049086b16627ad1b5df6c4eb2debe model="q9" verdict=admit prompt=1331 output_bound=- charged_ctx=3443 est_bytes=2259071608 est_context=51121664 est_fixed=2207949944 device_free=13974696760 pending_prime=0 pending_seed=0 host_free=0 demotable=2047721472 short_by=0 inflight=0 cap=64 waited_ms=0 retry_after_s=-
1790216683129 [meter] admit id=chatcmpl-43d82ef2604b6b12935a09e76b3f9f87 tenant=default lane=interactive model="q9"
1790216683129 [meter] admit id=chatcmpl-7c733e64657bb9d80fc9917a35c15057 tenant=default lane=interactive model="q9"
1790216683130 [meter] admit id=chatcmpl-06ecc1ded36f8830a573d2c99f102054 tenant=default lane=interactive model="q9"
1790216683130 [meter] admit id=chatcmpl-1c3508e24948fe108fe0dcdc64cb09e6 tenant=default lane=interactive model="q9"
1790216683130 [spec-k] model="q9" tenant="" K=0 source=concurrency prompt=1331 cached=0 lcp=4 active=1 wave=18 placement=single-or-non-pp2
1790216683135 [meter] admit id=chatcmpl-7923bd21946086c187ab62e6bcf2edfa tenant=default lane=interactive model="q9"
1790216683135 [meter] admit id=chatcmpl-13711acae1ed05b9e3a83b8ea637f1a7 tenant=default lane=interactive model="q9"
1790216683135 [meter] admit id=chatcmpl-0a7e557a5b6293a19a21328ed5790a5c tenant=default lane=interactive model="q9"
1790216683135 [meter] admit id=chatcmpl-4c1516e686df820843523b5b36f032a2 tenant=default lane=interactive model="q9"
1790216683135 [meter] admit id=chatcmpl-09d88725089760c3ad71b5a8a23e839e tenant=default lane=interactive model="q9"
1790216683135 [meter] admit id=chatcmpl-4e906fed6a24668a80e9035a0f059998 tenant=default lane=interactive model="q9"
1790216683135 [meter] admit id=chatcmpl-c65d31de429ba1d9a077beafa32462d1 tenant=default lane=interactive model="q9"
1790216683135 [meter] admit id=chatcmpl-db26d14d1a8d95b6d337c07431985c53 tenant=default lane=interactive model="q9"
1790216683135 [meter] admit id=chatcmpl-b4f6183d6e46f3a4afa21196e30c85e0 tenant=default lane=interactive model="q9"
1790216683135 [meter] admit id=chatcmpl-617a865e9c152b0ee85ccf0b06c82030 tenant=default lane=interactive model="q9"
1790216683135 [meter] admit id=chatcmpl-29bafb7f638fdfcf6d29d1c4f93a7cb7 tenant=default lane=interactive model="q9"
1790216683135 [meter] admit id=chatcmpl-d6a680ee513b601112230a85d69ab248 tenant=default lane=interactive model="q9"
1790216683135 [meter] admit id=chatcmpl-2cc63deae3b45373bfdd2e073af37392 tenant=default lane=interactive model="q9"
1790216683135 [meter] admit id=chatcmpl-40ab755faba740961803656734a44db2 tenant=default lane=interactive model="q9"
1790216683332 [admission] request cost: model="q9" ctx=3446 path=plain = 14848 B/token x ctx + 481MB prefill-workspace + 118MB fixed = 650MB
1790216683332 [admit-predict] id=chatcmpl-adaed2aa1682d7c68df1e81c5afd9ccf tenant="" model="q9" verdict=admit reason=tenant-p95 prompt=1334 predicted_completion=2048 kv_hat=648753272 booked_bytes=647627384 booked_real=648458872 inflight=1 cap=64 budget_bytes=12831671424 retry_after_s=- exempt=0 enforce=0 live_free_bytes=-
1790216683332 [admit-mem] id=chatcmpl-adaed2aa1682d7c68df1e81c5afd9ccf model="q9" verdict=admit prompt=1334 output_bound=- charged_ctx=3446 est_bytes=2260197496 est_context=51166208 est_fixed=2209031288 device_free=13632268484 pending_prime=110657536 pending_seed=72171520 host_free=0 demotable=2047721472 short_by=0 inflight=1 cap=64 waited_ms=0 retry_after_s=-
1790216683333 [spec-k] model="q9" tenant="" K=0 source=concurrency prompt=1334 cached=0 lcp=4 active=2 wave=32 placement=single-or-non-pp2
1790216683334 [admission] request cost: model="q9" ctx=3443 path=plain = 14848 B/token x ctx + 480MB prefill-workspace + 118MB fixed = 648MB
1790216683334 [admit-predict] id=chatcmpl-569d3b2276c0c1b483e35cfecf205757 tenant="" model="q9" verdict=admit reason=tenant-p95 prompt=1331 predicted_completion=2048 kv_hat=647627384 booked_bytes=1296380656 booked_real=1298043632 inflight=2 cap=64 budget_bytes=12831671424 retry_after_s=- exempt=0 enforce=0 live_free_bytes=-
1790216683335 [admit-mem] id=chatcmpl-569d3b2276c0c1b483e35cfecf205757 model="q9" verdict=admit prompt=1331 output_bound=- charged_ctx=3443 est_bytes=2259071608 est_context=51121664 est_fixed=2207949944 device_free=12917174928 pending_prime=591495168 pending_seed=146778112 host_free=0 demotable=2047721472 short_by=0 inflight=2 cap=64 waited_ms=0 retry_after_s=-
1790216683339 [spec-k] model="q9" tenant="" K=0 source=concurrency prompt=1331 cached=0 lcp=4 active=3 wave=32 placement=single-or-non-pp2
1790216683341 [admit-predict] id=chatcmpl-96aab0f0c9e5496917041a8d13794844 tenant="" model="q9" verdict=admit reason=tenant-p95 prompt=1331 predicted_completion=2048 kv_hat=647627384 booked_bytes=1944008040 booked_real=1946502504 inflight=3 cap=64 budget_bytes=12831671424 retry_after_s=- exempt=0 enforce=0 live_free_bytes=-
1790216683341 [admit-mem] id=chatcmpl-96aab0f0c9e5496917041a8d13794844 model="q9" verdict=admit prompt=1331 output_bound=- charged_ctx=3443 est_bytes=2259071608 est_context=51121664 est_fixed=2207949944 device_free=12203212828 pending_prime=1071251456 pending_seed=221384704 host_free=0 demotable=2047721472 short_by=0 inflight=3 cap=64 waited_ms=0 retry_after_s=-
1790216683343 [spec-k] model="q9" tenant="" K=0 source=concurrency prompt=1331 cached=0 lcp=4 active=4 wave=32 placement=single-or-non-pp2
1790216683345 [admission] request cost: model="q9" ctx=3440 path=plain = 14848 B/token x ctx + 479MB prefill-workspace + 118MB fixed = 647MB
1790216683345 [admit-predict] id=chatcmpl-f75c5b2af6e12ac27250d4eb7d6afba0 tenant="" model="q9" verdict=admit reason=tenant-p95 prompt=1328 predicted_completion=2048 kv_hat=646501496 booked_bytes=2591635424 booked_real=2594961376 inflight=4 cap=64 budget_bytes=12831671424 retry_after_s=- exempt=0 enforce=0 live_free_bytes=-
1790216683345 [admit-mem] id=chatcmpl-f75c5b2af6e12ac27250d4eb7d6afba0 model="q9" verdict=admit prompt=1328 output_bound=- charged_ctx=3440 est_bytes=2257945720 est_context=51077120 est_fixed=2206868600 device_free=11489250728 pending_prime=1551007744 pending_seed=295991296 host_free=0 demotable=2047721472 short_by=0 inflight=4 cap=64 waited_ms=0 retry_after_s=-
1790216683347 [spec-k] model="q9" tenant="" K=0 source=concurrency prompt=1328 cached=0 lcp=4 active=5 wave=32 placement=single-or-non-pp2
1790216683349 [admission] request cost: model="q9" ctx=3446 path=plain = 14848 B/token x ctx + 481MB prefill-workspace + 118MB fixed = 650MB
1790216683349 [admit-predict] id=chatcmpl-9d28b99e895cdbc8f67f88cec0f3e3d4 tenant="" model="q9" verdict=admit reason=tenant-p95 prompt=1334 predicted_completion=2048 kv_hat=648753272 booked_bytes=3238136920 booked_real=3242294360 inflight=5 cap=64 budget_bytes=12831671424 retry_after_s=- exempt=0 enforce=0 live_free_bytes=-
1790216683349 [admit-mem] id=chatcmpl-9d28b99e895cdbc8f67f88cec0f3e3d4 model="q9" verdict=admit prompt=1334 output_bound=- charged_ctx=3446 est_bytes=2260197496 est_context=51166208 est_fixed=2209031288 device_free=10776420084 pending_prime=2029682688 pending_seed=370597888 host_free=0 demotable=2047721472 short_by=0 inflight=5 cap=64 waited_ms=0 retry_after_s=-
1790216683351 [spec-k] model="q9" tenant="" K=0 source=concurrency prompt=1334 cached=0 lcp=4 active=6 wave=32 placement=single-or-non-pp2
1790216683352 [admission] request cost: model="q9" ctx=3440 path=plain = 14848 B/token x ctx + 479MB prefill-workspace + 118MB fixed = 647MB
1790216683352 [admit-predict] id=chatcmpl-0e3b2362b7cf81e02c3082194481f73e tenant="" model="q9" verdict=admit reason=tenant-p95 prompt=1328 predicted_completion=2048 kv_hat=646501496 booked_bytes=3886890192 booked_real=3891879120 inflight=6 cap=64 budget_bytes=12831671424 retry_after_s=- exempt=0 enforce=0 live_free_bytes=-
1790216683352 [admit-mem] id=chatcmpl-0e3b2362b7cf81e02c3082194481f73e model="q9" verdict=admit prompt=1328 output_bound=- charged_ctx=3440 est_bytes=2257945720 est_context=51077120 est_fixed=2206868600 device_free=10061326528 pending_prime=2510520320 pending_seed=445204480 host_free=0 demotable=2047721472 short_by=0 inflight=6 cap=64 waited_ms=0 retry_after_s=-
1790216683354 [spec-k] model="q9" tenant="" K=0 source=concurrency prompt=1328 cached=0 lcp=4 active=7 wave=32 placement=single-or-non-pp2
1790216683355 [admission] request cost: model="q9" ctx=3445 path=plain = 14848 B/token x ctx + 480MB prefill-workspace + 118MB fixed = 649MB
1790216683355 [admit-predict] id=chatcmpl-10f735503d34ae8166b8cb5db2a61609 tenant="" model="q9" verdict=admit reason=tenant-p95 prompt=1333 predicted_completion=2048 kv_hat=648377976 booked_bytes=4533391688 booked_real=4539212104 inflight=7 cap=64 budget_bytes=12831671424 retry_after_s=- exempt=0 enforce=0 live_free_bytes=-
1790216683355 [admit-mem] id=chatcmpl-10f735503d34ae8166b8cb5db2a61609 model="q9" verdict=admit prompt=1333 output_bound=- charged_ctx=3445 est_bytes=2259822200 est_context=51151360 est_fixed=2208670840 device_free=9348495884 pending_prime=2989195264 pending_seed=519811072 host_free=0 demotable=2047721472 short_by=0 inflight=7 cap=64 waited_ms=0 retry_after_s=-
1790216683357 [spec-k] model="q9" tenant="" K=0 source=concurrency prompt=1333 cached=0 lcp=4 active=8 wave=32 placement=single-or-non-pp2
1790216683358 [admission] request cost: model="q9" ctx=3446 path=plain = 14848 B/token x ctx + 481MB prefill-workspace + 118MB fixed = 650MB
1790216683358 [admit-predict] id=chatcmpl-727f7c74b2eef936d595796d451c4f8c tenant="" model="q9" verdict=admit reason=tenant-p95 prompt=1334 predicted_completion=2048 kv_hat=648753272 booked_bytes=5181769664 booked_real=5188421568 inflight=8 cap=64 budget_bytes=12831671424 retry_after_s=- exempt=0 enforce=0 live_free_bytes=-
1790216683358 [admit-mem] id=chatcmpl-727f7c74b2eef936d595796d451c4f8c model="q9" verdict=admit prompt=1334 output_bound=- charged_ctx=3446 est_bytes=2260197496 est_context=51166208 est_fixed=2209031288 device_free=8633779480 pending_prime=3469672448 pending_seed=594417664 host_free=0 demotable=2047721472 short_by=0 inflight=8 cap=64 waited_ms=0 retry_after_s=-
1790216683360 [spec-k] model="q9" tenant="" K=0 source=concurrency prompt=1334 cached=0 lcp=4 active=9 wave=32 placement=single-or-non-pp2
1790216683361 [admission] request cost: model="q9" ctx=3444 path=plain = 14848 B/token x ctx + 480MB prefill-workspace + 118MB fixed = 649MB
1790216683361 [admit-predict] id=chatcmpl-ebdeb2bdd2eaa5a4b50ff9a0a668eccf tenant="" model="q9" verdict=admit reason=tenant-p95 prompt=1332 predicted_completion=2048 kv_hat=648002680 booked_bytes=5830522936 booked_real=5838006328 inflight=9 cap=64 budget_bytes=12831671424 retry_after_s=- exempt=0 enforce=0 live_free_bytes=-
1790216683361 [admit-mem] id=chatcmpl-ebdeb2bdd2eaa5a4b50ff9a0a668eccf model="q9" verdict=admit prompt=1332 output_bound=- charged_ctx=3444 est_bytes=2259446904 est_context=51136512 est_fixed=2208310392 device_free=7918685924 pending_prime=3950510080 pending_seed=669024256 host_free=0 demotable=2047721472 short_by=0 inflight=9 cap=64 waited_ms=0 retry_after_s=-
1790216683363 [spec-k] model="q9" tenant="" K=0 source=concurrency prompt=1332 cached=0 lcp=4 active=10 wave=32 placement=single-or-non-pp2
1790216683364 [admit-predict] id=chatcmpl-52b923931791e3728def6e54f3b163d6 tenant="" model="q9" verdict=admit reason=tenant-p95 prompt=1332 predicted_completion=2048 kv_hat=648002680 booked_bytes=6478525616 booked_real=6486840496 inflight=10 cap=64 budget_bytes=12831671424 retry_after_s=- exempt=0 enforce=0 live_free_bytes=-
1790216683364 [admit-mem] id=chatcmpl-52b923931791e3728def6e54f3b163d6 model="q9" verdict=admit prompt=1332 output_bound=- charged_ctx=3444 est_bytes=2259446904 est_context=51136512 est_fixed=2208310392 device_free=7204346672 pending_prime=4430626816 pending_seed=743630848 host_free=0 demotable=2047721472 short_by=0 inflight=10 cap=64 waited_ms=0 retry_after_s=-
1790216683365 [spec-k] model="q9" tenant="" K=0 source=concurrency prompt=1332 cached=0 lcp=4 active=11 wave=32 placement=single-or-non-pp2
1790216683366 [admit-predict] id=chatcmpl-1621b8f8c9cb639963afc7d97aecfd8d tenant="" model="q9" verdict=admit reason=tenant-p95 prompt=1332 predicted_completion=2048 kv_hat=648002680 booked_bytes=7126528296 booked_real=7135674664 inflight=11 cap=64 budget_bytes=12831671424 retry_after_s=- exempt=0 enforce=0 live_free_bytes=-
1790216683366 [admit-mem] id=chatcmpl-1621b8f8c9cb639963afc7d97aecfd8d model="q9" verdict=admit prompt=1332 output_bound=- charged_ctx=3444 est_bytes=2259446904 est_context=51136512 est_fixed=2208310392 device_free=6490007420 pending_prime=4910743552 pending_seed=818237440 host_free=0 demotable=2047721472 short_by=0 inflight=11 cap=64 waited_ms=0 retry_after_s=-
1790216683368 [spec-k] model="q9" tenant="" K=0 source=concurrency prompt=1332 cached=0 lcp=4 active=12 wave=32 placement=single-or-non-pp2
1790216683369 [admission] request cost: model="q9" ctx=3442 path=plain = 14848 B/token x ctx + 479MB prefill-workspace + 118MB fixed = 648MB
1790216683369 [admit-predict] id=chatcmpl-cbb9b244fc8f6faf64fb27a3a8b453a6 tenant="" model="q9" verdict=admit reason=tenant-p95 prompt=1330 predicted_completion=2048 kv_hat=647252088 booked_bytes=7774530976 booked_real=7784508832 inflight=12 cap=64 budget_bytes=12831671424 retry_after_s=- exempt=0 enforce=0 live_free_bytes=-
1790216683369 [admit-mem] id=chatcmpl-cbb9b244fc8f6faf64fb27a3a8b453a6 model="q9" verdict=admit prompt=1330 output_bound=- charged_ctx=3442 est_bytes=2258696312 est_context=51106816 est_fixed=2207589496 device_free=5775668168 pending_prime=5390860288 pending_seed=892844032 host_free=0 demotable=2047721472 short_by=0 inflight=12 cap=64 waited_ms=0 retry_after_s=-
1790216683371 [spec-k] model="q9" tenant="" K=0 source=concurrency prompt=1330 cached=0 lcp=4 active=13 wave=32 placement=single-or-non-pp2
1790216683372 [admission] request cost: model="q9" ctx=3444 path=plain = 14848 B/token x ctx + 480MB prefill-workspace + 118MB fixed = 649MB
1790216683372 [admit-predict] id=chatcmpl-f265ed093410bafc815c3385b868d7bf tenant="" model="q9" verdict=admit reason=tenant-p95 prompt=1332 predicted_completion=2048 kv_hat=648002680 booked_bytes=8421783064 booked_real=8432592408 inflight=13 cap=64 budget_bytes=12831671424 retry_after_s=- exempt=0 enforce=0 live_free_bytes=-
1790216683372 [admit-mem] id=chatcmpl-f265ed093410bafc815c3385b868d7bf model="q9" verdict=admit prompt=1332 output_bound=- charged_ctx=3444 est_bytes=2259446904 est_context=51136512 est_fixed=2208310392 device_free=5062083220 pending_prime=5870256128 pending_seed=967450624 host_free=0 demotable=2047721472 short_by=0 inflight=13 cap=64 waited_ms=0 retry_after_s=-
1790216683374 [spec-k] model="q9" tenant="" K=0 source=concurrency prompt=1332 cached=0 lcp=4 active=14 wave=32 placement=single-or-non-pp2
1790216683375 [admission] request cost: model="q9" ctx=3443 path=plain = 14848 B/token x ctx + 480MB prefill-workspace + 118MB fixed = 648MB
1790216683375 [admit-predict] id=chatcmpl-43d82ef2604b6b12935a09e76b3f9f87 tenant="" model="q9" verdict=admit reason=tenant-p95 prompt=1331 predicted_completion=2048 kv_hat=647627384 booked_bytes=9069785744 booked_real=9081426576 inflight=14 cap=64 budget_bytes=12831671424 retry_after_s=- exempt=0 enforce=0 live_free_bytes=-
1790216683375 [admit-mem] id=chatcmpl-43d82ef2604b6b12935a09e76b3f9f87 model="q9" verdict=admit prompt=1331 output_bound=- charged_ctx=3443 est_bytes=2259071608 est_context=51121664 est_fixed=2207949944 device_free=4347743968 pending_prime=6350372864 pending_seed=1042057216 host_free=0 demotable=2047721472 short_by=0 inflight=14 cap=64 waited_ms=0 retry_after_s=-
1790216683377 [spec-k] model="q9" tenant="" K=0 source=concurrency prompt=1331 cached=0 lcp=4 active=15 wave=32 placement=single-or-non-pp2
1790216683378 [admit-predict] id=chatcmpl-7c733e64657bb9d80fc9917a35c15057 tenant="" model="q9" verdict=admit reason=tenant-p95 prompt=1331 predicted_completion=2048 kv_hat=647627384 booked_bytes=9717413128 booked_real=9729885448 inflight=15 cap=64 budget_bytes=12831671424 retry_after_s=- exempt=0 enforce=0 live_free_bytes=-
1790216683378 [admit-mem] id=chatcmpl-7c733e64657bb9d80fc9917a35c15057 model="q9" verdict=admit prompt=1331 output_bound=- charged_ctx=3443 est_bytes=2259071608 est_context=51121664 est_fixed=2207949944 device_free=3633781868 pending_prime=6830129152 pending_seed=1116663808 host_free=0 demotable=2047721472 short_by=0 inflight=15 cap=64 waited_ms=0 retry_after_s=-
1790216683380 [spec-k] model="q9" tenant="" K=0 source=concurrency prompt=1331 cached=0 lcp=4 active=16 wave=32 placement=single-or-non-pp2
1790216683381 [admission] request cost: model="q9" ctx=3442 path=plain = 14848 B/token x ctx + 479MB prefill-workspace + 118MB fixed = 648MB
1790216683381 [admit-predict] id=chatcmpl-06ecc1ded36f8830a573d2c99f102054 tenant="" model="q9" verdict=admit reason=tenant-p95 prompt=1330 predicted_completion=2048 kv_hat=647252088 booked_bytes=10365040512 booked_real=10378344320 inflight=16 cap=64 budget_bytes=12831671424 retry_after_s=- exempt=0 enforce=0 live_free_bytes=-
1790216683381 [admit-mem] id=chatcmpl-06ecc1ded36f8830a573d2c99f102054 model="q9" verdict=admit prompt=1330 output_bound=- charged_ctx=3442 est_bytes=2258696312 est_context=51106816 est_fixed=2207589496 device_free=2919819768 pending_prime=7309885440 pending_seed=1191270400 host_free=0 demotable=2047721472 short_by=0 inflight=16 cap=64 waited_ms=0 retry_after_s=-
1790216683383 [spec-k] model="q9" tenant="" K=0 source=concurrency prompt=1330 cached=0 lcp=4 active=17 wave=32 placement=single-or-non-pp2
1790216683384 [admit-predict] id=chatcmpl-1c3508e24948fe108fe0dcdc64cb09e6 tenant="" model="q9" verdict=admit reason=tenant-p95 prompt=1330 predicted_completion=2048 kv_hat=647252088 booked_bytes=11012292600 booked_real=11026427896 inflight=17 cap=64 budget_bytes=12831671424 retry_after_s=- exempt=0 enforce=0 live_free_bytes=-
1790216683388 [admit-oom] reclaim settle (reclaim-on-defer): dev0 evicted_prefix_bytes=2047721472 pool_cached_gain_bytes=2047426560 trim_released_bytes=603979776 driver_free_bytes 11061755904 -> 11665735680 pool_reserved_bytes 13757317120 -> 13153337344 pool_used_bytes 13557679932 -> 11510253372 pool_retained_bytes=1443446784 (live neighbour or fragmentation; counted as pool-cached headroom, not driver free)
1790216683388 [admit-oom] reclaim-on-defer: evicted 18 prefix entries + 0 plain + 0 spec + 0 dspark parked sessions (global LRU); effective free 2206MB -> 4254MB
1790216683388 [admit-mem] id=chatcmpl-1c3508e24948fe108fe0dcdc64cb09e6 model="q9" verdict=admit prompt=1330 output_bound=- charged_ctx=3442 est_bytes=2258696312 est_context=51106816 est_fixed=2207589496 device_free=4253661380 pending_prime=7789281280 pending_seed=1265876992 host_free=0 demotable=0 short_by=0 inflight=17 cap=64 waited_ms=0 retry_after_s=-
1790216683390 [spec-k] model="q9" tenant="" K=0 source=concurrency prompt=1330 cached=0 lcp=0 active=18 wave=32 placement=single-or-non-pp2
1790216683391 [admission] request cost: model="q9" ctx=3444 path=plain = 14848 B/token x ctx + 480MB prefill-workspace + 118MB fixed = 649MB
1790216683391 [admit-predict] id=chatcmpl-7923bd21946086c187ab62e6bcf2edfa tenant="" model="q9" verdict=admit reason=tenant-p95 prompt=1332 predicted_completion=2048 kv_hat=648002680 booked_bytes=11659544688 booked_real=11674511472 inflight=18 cap=64 budget_bytes=12831671424 retry_after_s=- exempt=0 enforce=0 live_free_bytes=-
1790216683391 [admit-mem] id=chatcmpl-7923bd21946086c187ab62e6bcf2edfa model="q9" verdict=admit prompt=1332 output_bound=- charged_ctx=3444 est_bytes=2259446904 est_context=51136512 est_fixed=2208310392 device_free=3540076432 pending_prime=8268677120 pending_seed=1340483584 host_free=0 demotable=0 short_by=0 inflight=18 cap=64 waited_ms=0 retry_after_s=-
1790216683393 [spec-k] model="q9" tenant="" K=0 source=concurrency prompt=1332 cached=0 lcp=0 active=19 wave=32 placement=single-or-non-pp2
1790216683394 [admission] request cost: model="q9" ctx=3443 path=plain = 14848 B/token x ctx + 480MB prefill-workspace + 118MB fixed = 648MB
1790216683394 [admit-predict] id=chatcmpl-13711acae1ed05b9e3a83b8ea637f1a7 tenant="" model="q9" verdict=reject-kv reason=tenant-p95 prompt=1331 predicted_completion=2048 kv_hat=647627384 booked_bytes=12307547368 booked_real=12323345640 inflight=19 cap=64 budget_bytes=12831671424 retry_after_s=11 exempt=0 enforce=0 live_free_bytes=-
1790216683395 [admit-mem] id=chatcmpl-13711acae1ed05b9e3a83b8ea637f1a7 model="q9" verdict=admit prompt=1331 output_bound=- charged_ctx=3443 est_bytes=2259071608 est_context=51121664 est_fixed=2207949944 device_free=2825737180 pending_prime=8748793856 pending_seed=1415090176 host_free=0 demotable=0 short_by=0 inflight=19 cap=64 waited_ms=0 retry_after_s=-
1790216683396 [spec-k] model="q9" tenant="" K=0 source=concurrency prompt=1331 cached=0 lcp=0 active=20 wave=32 placement=single-or-non-pp2
1790216683397 [admission] request cost: model="q9" ctx=3444 path=plain = 14848 B/token x ctx + 480MB prefill-workspace + 118MB fixed = 649MB
1790216683397 [admit-predict] id=chatcmpl-0a7e557a5b6293a19a21328ed5790a5c tenant="" model="q9" verdict=reject-kv reason=tenant-p95 prompt=1332 predicted_completion=2048 kv_hat=648002680 booked_bytes=12955174752 booked_real=12971804512 inflight=20 cap=64 budget_bytes=12831671424 retry_after_s=11 exempt=0 enforce=0 live_free_bytes=-
1790216683398 [admit-oom] reclaim-on-defer: evicted 0 prefix entries + 0 plain + 1 spec + 0 dspark parked sessions (global LRU); effective free 2112MB -> 2339MB
1790216683398 [admit-mem] id=chatcmpl-0a7e557a5b6293a19a21328ed5790a5c model="q9" verdict=admit prompt=1332 output_bound=- charged_ctx=3444 est_bytes=2259446904 est_context=51136512 est_fixed=2208310392 device_free=2338823116 pending_prime=9228550144 pending_seed=1489696768 host_free=0 demotable=0 short_by=0 inflight=20 cap=64 waited_ms=0 retry_after_s=-
1790216683399 [spec-k] model="q9" tenant="" K=0 source=concurrency prompt=1332 cached=0 lcp=0 active=21 wave=32 placement=single-or-non-pp2
1790216683400 [admission] request cost: model="q9" ctx=3442 path=plain = 14848 B/token x ctx + 479MB prefill-workspace + 118MB fixed = 648MB
1790216683400 [admit-predict] id=chatcmpl-4c1516e686df820843523b5b36f032a2 tenant="" model="q9" verdict=reject-kv reason=tenant-p95 prompt=1330 predicted_completion=2048 kv_hat=647252088 booked_bytes=13603177432 booked_real=13620638680 inflight=21 cap=64 budget_bytes=12831671424 retry_after_s=11 exempt=0 enforce=0 live_free_bytes=-
1790216683401 [admit-oom] reclaim-on-defer: evicted 0 prefix entries + 0 plain + 1 spec + 0 dspark parked sessions (global LRU); effective free 1624MB -> 1852MB
1790216683401 [admit-oom] VRAM defer: 21 active, effective free 1852MB (driver + 1459MB pool-cached) < cost 648MB + reserve 1611MB — queueing (FIFO) [pool res 13153MB used 11695MB; parked spec sessions 0; plain reuse 0; queue 10]
1790216683401 [admit-mem] id=chatcmpl-4c1516e686df820843523b5b36f032a2 model="q9" verdict=defer prompt=1330 output_bound=- charged_ctx=3442 est_bytes=2258696312 est_context=51106816 est_fixed=2207589496 device_free=1851550460 pending_prime=9708666880 pending_seed=1564303360 host_free=0 demotable=0 short_by=407145852 inflight=21 cap=64 waited_ms=0 retry_after_s=-
1790216683402 [admission] request cost: model="q9" ctx=3444 path=plain = 14848 B/token x ctx + 480MB prefill-workspace + 118MB fixed = 649MB
1790216683402 [admit-predict] id=chatcmpl-09d88725089760c3ad71b5a8a23e839e tenant="" model="q9" verdict=reject-kv reason=tenant-p95 prompt=1332 predicted_completion=2048 kv_hat=648002680 booked_bytes=13603177432 booked_real=13620638680 inflight=21 cap=64 budget_bytes=12831671424 retry_after_s=11 exempt=0 enforce=0 live_free_bytes=-
1790216683402 [admit-mem] id=chatcmpl-09d88725089760c3ad71b5a8a23e839e model="q9" verdict=defer prompt=1332 output_bound=- charged_ctx=3444 est_bytes=2259446904 est_context=51136512 est_fixed=2208310392 device_free=1851550460 pending_prime=9708666880 pending_seed=1564303360 host_free=0 demotable=0 short_by=407896444 inflight=21 cap=64 waited_ms=0 retry_after_s=-
1790216683403 [admission] request cost: model="q9" ctx=3445 path=plain = 14848 B/token x ctx + 480MB prefill-workspace + 118MB fixed = 649MB
1790216683403 [admit-predict] id=chatcmpl-4e906fed6a24668a80e9035a0f059998 tenant="" model="q9" verdict=reject-kv reason=tenant-p95 prompt=1333 predicted_completion=2048 kv_hat=648377976 booked_bytes=13603177432 booked_real=13620638680 inflight=21 cap=64 budget_bytes=12831671424 retry_after_s=11 exempt=0 enforce=0 live_free_bytes=-
1790216683403 [admit-mem] id=chatcmpl-4e906fed6a24668a80e9035a0f059998 model="q9" verdict=defer prompt=1333 output_bound=- charged_ctx=3445 est_bytes=2259822200 est_context=51151360 est_fixed=2208670840 device_free=1851550460 pending_prime=9708666880 pending_seed=1564303360 host_free=0 demotable=0 short_by=408271740 inflight=21 cap=64 waited_ms=0 retry_after_s=-
1790216683405 [admission] request cost: model="q9" ctx=3441 path=plain = 14848 B/token x ctx + 479MB prefill-workspace + 118MB fixed = 648MB
1790216683405 [admit-predict] id=chatcmpl-c65d31de429ba1d9a077beafa32462d1 tenant="" model="q9" verdict=reject-kv reason=tenant-p95 prompt=1329 predicted_completion=2048 kv_hat=646876792 booked_bytes=13603177432 booked_real=13620638680 inflight=21 cap=64 budget_bytes=12831671424 retry_after_s=11 exempt=0 enforce=0 live_free_bytes=-
1790216683405 [admit-mem] id=chatcmpl-c65d31de429ba1d9a077beafa32462d1 model="q9" verdict=defer prompt=1329 output_bound=- charged_ctx=3441 est_bytes=2258321016 est_context=51091968 est_fixed=2207229048 device_free=1851550460 pending_prime=9708666880 pending_seed=1564303360 host_free=0 demotable=0 short_by=406770556 inflight=21 cap=64 waited_ms=0 retry_after_s=-
1790216683406 [admission] request cost: model="q9" ctx=3440 path=plain = 14848 B/token x ctx + 479MB prefill-workspace + 118MB fixed = 647MB
1790216683406 [admit-predict] id=chatcmpl-db26d14d1a8d95b6d337c07431985c53 tenant="" model="q9" verdict=reject-kv reason=tenant-p95 prompt=1328 predicted_completion=2048 kv_hat=646501496 booked_bytes=13603177432 booked_real=13620638680 inflight=21 cap=64 budget_bytes=12831671424 retry_after_s=11 exempt=0 enforce=0 live_free_bytes=-
1790216683406 [admit-mem] id=chatcmpl-db26d14d1a8d95b6d337c07431985c53 model="q9" verdict=defer prompt=1328 output_bound=- charged_ctx=3440 est_bytes=2257945720 est_context=51077120 est_fixed=2206868600 device_free=1851550460 pending_prime=9708666880 pending_seed=1564303360 host_free=0 demotable=0 short_by=406395260 inflight=21 cap=64 waited_ms=0 retry_after_s=-
1790216683408 [admission] request cost: model="q9" ctx=3445 path=plain = 14848 B/token x ctx + 480MB prefill-workspace + 118MB fixed = 649MB
1790216683408 [admit-predict] id=chatcmpl-b4f6183d6e46f3a4afa21196e30c85e0 tenant="" model="q9" verdict=reject-kv reason=tenant-p95 prompt=1333 predicted_completion=2048 kv_hat=648377976 booked_bytes=13603177432 booked_real=13620638680 inflight=21 cap=64 budget_bytes=12831671424 retry_after_s=11 exempt=0 enforce=0 live_free_bytes=-
1790216683408 [admit-mem] id=chatcmpl-b4f6183d6e46f3a4afa21196e30c85e0 model="q9" verdict=defer prompt=1333 output_bound=- charged_ctx=3445 est_bytes=2259822200 est_context=51151360 est_fixed=2208670840 device_free=1851550460 pending_prime=9708666880 pending_seed=1564303360 host_free=0 demotable=0 short_by=408271740 inflight=21 cap=64 waited_ms=0 retry_after_s=-
1790216683409 [admission] request cost: model="q9" ctx=3447 path=plain = 14848 B/token x ctx + 481MB prefill-workspace + 118MB fixed = 650MB
1790216683409 [admit-predict] id=chatcmpl-617a865e9c152b0ee85ccf0b06c82030 tenant="" model="q9" verdict=reject-kv reason=tenant-p95 prompt=1335 predicted_completion=2048 kv_hat=649128568 booked_bytes=13603177432 booked_real=13620638680 inflight=21 cap=64 budget_bytes=12831671424 retry_after_s=11 exempt=0 enforce=0 live_free_bytes=-
1790216683409 [admit-mem] id=chatcmpl-617a865e9c152b0ee85ccf0b06c82030 model="q9" verdict=defer prompt=1335 output_bound=- charged_ctx=3447 est_bytes=2260572792 est_context=51181056 est_fixed=2209391736 device_free=1851550460 pending_prime=9708666880 pending_seed=1564303360 host_free=0 demotable=0 short_by=409022332 inflight=21 cap=64 waited_ms=0 retry_after_s=-
1790216683410 [admission] request cost: model="q9" ctx=3445 path=plain = 14848 B/token x ctx + 480MB prefill-workspace + 118MB fixed = 649MB
1790216683410 [admit-predict] id=chatcmpl-29bafb7f638fdfcf6d29d1c4f93a7cb7 tenant="" model="q9" verdict=reject-kv reason=tenant-p95 prompt=1333 predicted_completion=2048 kv_hat=648377976 booked_bytes=13603177432 booked_real=13620638680 inflight=21 cap=64 budget_bytes=12831671424 retry_after_s=11 exempt=0 enforce=0 live_free_bytes=-
1790216683410 [admit-mem] id=chatcmpl-29bafb7f638fdfcf6d29d1c4f93a7cb7 model="q9" verdict=defer prompt=1333 output_bound=- charged_ctx=3445 est_bytes=2259822200 est_context=51151360 est_fixed=2208670840 device_free=1851550460 pending_prime=9708666880 pending_seed=1564303360 host_free=0 demotable=0 short_by=408271740 inflight=21 cap=64 waited_ms=0 retry_after_s=-
1790216683412 [admission] request cost: model="q9" ctx=3446 path=plain = 14848 B/token x ctx + 481MB prefill-workspace + 118MB fixed = 650MB
1790216683412 [admit-predict] id=chatcmpl-d6a680ee513b601112230a85d69ab248 tenant="" model="q9" verdict=reject-kv reason=tenant-p95 prompt=1334 predicted_completion=2048 kv_hat=648753272 booked_bytes=13603177432 booked_real=13620638680 inflight=21 cap=64 budget_bytes=12831671424 retry_after_s=11 exempt=0 enforce=0 live_free_bytes=-
1790216683414 [admit-mem] id=chatcmpl-d6a680ee513b601112230a85d69ab248 model="q9" verdict=defer prompt=1334 output_bound=- charged_ctx=3446 est_bytes=2260197496 est_context=51166208 est_fixed=2209031288 device_free=1851550460 pending_prime=9708666880 pending_seed=1564303360 host_free=0 demotable=0 short_by=408647036 inflight=21 cap=64 waited_ms=0 retry_after_s=-
1790216683416 [admission] request cost: model="q9" ctx=3444 path=plain = 14848 B/token x ctx + 480MB prefill-workspace + 118MB fixed = 649MB
1790216683416 [admit-predict] id=chatcmpl-2cc63deae3b45373bfdd2e073af37392 tenant="" model="q9" verdict=reject-kv reason=tenant-p95 prompt=1332 predicted_completion=2048 kv_hat=648002680 booked_bytes=13603177432 booked_real=13620638680 inflight=21 cap=64 budget_bytes=12831671424 retry_after_s=11 exempt=0 enforce=0 live_free_bytes=-
1790216683416 [admit-mem] id=chatcmpl-2cc63deae3b45373bfdd2e073af37392 model="q9" verdict=defer prompt=1332 output_bound=- charged_ctx=3444 est_bytes=2259446904 est_context=51136512 est_fixed=2208310392 device_free=1851550460 pending_prime=9708666880 pending_seed=1564303360 host_free=0 demotable=0 short_by=407896444 inflight=21 cap=64 waited_ms=0 retry_after_s=-
1790216683418 [admit-predict] id=chatcmpl-40ab755faba740961803656734a44db2 tenant="" model="q9" verdict=reject-kv reason=tenant-p95 prompt=1332 predicted_completion=2048 kv_hat=648002680 booked_bytes=13603177432 booked_real=13620638680 inflight=21 cap=64 budget_bytes=12831671424 retry_after_s=11 exempt=0 enforce=0 live_free_bytes=-
1790216683418 [admit-mem] id=chatcmpl-40ab755faba740961803656734a44db2 model="q9" verdict=defer prompt=1332 output_bound=- charged_ctx=3444 est_bytes=2259446904 est_context=51136512 est_fixed=2208310392 device_free=1851550460 pending_prime=9708666880 pending_seed=1564303360 host_free=0 demotable=0 short_by=407896444 inflight=21 cap=64 waited_ms=0 retry_after_s=-
1790216683495 [prefix-cache] insert (lcp-split): 1312 tokens, 72.2MB (resident 72.2MB / 2052MB, model q9)
1790216688322 [admission] request cost: model="q9" ctx=3442 path=plain = 14848 B/token x ctx + 479MB prefill-workspace + 118MB fixed = 648MB
1790216688323 [admit-mem] id=chatcmpl-4c1516e686df820843523b5b36f032a2 model="q9" verdict=admit prompt=1330 output_bound=- charged_ctx=3442 est_bytes=2258696312 est_context=51106816 est_fixed=2207589496 device_free=9333345020 pending_prime=2222882816 pending_seed=1443430400 host_free=0 demotable=72171520 short_by=0 inflight=21 cap=64 waited_ms=4922 retry_after_s=-
1790216688327 [spec-k] model="q9" tenant="" K=0 source=concurrency prompt=1330 cached=0 lcp=5 active=22 wave=32 placement=single-or-non-pp2
1790216688327 [admission] request cost: model="q9" ctx=3444 path=plain = 14848 B/token x ctx + 480MB prefill-workspace + 118MB fixed = 649MB
1790216688327 [admit-mem] id=chatcmpl-09d88725089760c3ad71b5a8a23e839e model="q9" verdict=admit prompt=1332 output_bound=- charged_ctx=3444 est_bytes=2259446904 est_context=51136512 est_fixed=2208310392 device_free=8619760072 pending_prime=2702278656 pending_seed=1518036992 host_free=0 demotable=72171520 short_by=0 inflight=22 cap=64 waited_ms=4924 retry_after_s=-
1790216688328 [spec-k] model="q9" tenant="" K=0 source=concurrency prompt=1332 cached=0 lcp=5 active=23 wave=32 placement=single-or-non-pp2
1790216688328 [admission] request cost: model="q9" ctx=3445 path=plain = 14848 B/token x ctx + 480MB prefill-workspace + 118MB fixed = 649MB
1790216688328 [admit-mem] id=chatcmpl-4e906fed6a24668a80e9035a0f059998 model="q9" verdict=admit prompt=1333 output_bound=- charged_ctx=3445 est_bytes=2259822200 est_context=51151360 est_fixed=2208670840 device_free=7905420820 pending_prime=3182395392 pending_seed=1592643584 host_free=0 demotable=72171520 short_by=0 inflight=23 cap=64 waited_ms=4924 retry_after_s=-
1790216688330 [spec-k] model="q9" tenant="" K=0 source=concurrency prompt=1333 cached=0 lcp=5 active=24 wave=32 placement=single-or-non-pp2
1790216688330 [admission] request cost: model="q9" ctx=3441 path=plain = 14848 B/token x ctx + 479MB prefill-workspace + 118MB fixed = 648MB
1790216688330 [admit-mem] id=chatcmpl-c65d31de429ba1d9a077beafa32462d1 model="q9" verdict=admit prompt=1329 output_bound=- charged_ctx=3441 est_bytes=2258321016 est_context=51091968 est_fixed=2207229048 device_free=7190704416 pending_prime=3662872576 pending_seed=1667250176 host_free=0 demotable=72171520 short_by=0 inflight=24 cap=64 waited_ms=4924 retry_after_s=-
1790216688331 [spec-k] model="q9" tenant="" K=0 source=concurrency prompt=1329 cached=0 lcp=6 active=25 wave=32 placement=single-or-non-pp2
1790216688331 [admission] request cost: model="q9" ctx=3440 path=plain = 14848 B/token x ctx + 479MB prefill-workspace + 118MB fixed = 647MB
1790216688331 [admit-mem] id=chatcmpl-db26d14d1a8d95b6d337c07431985c53 model="q9" verdict=admit prompt=1328 output_bound=- charged_ctx=3440 est_bytes=2257945720 est_context=51077120 est_fixed=2206868600 device_free=6477496620 pending_prime=4141907968 pending_seed=1741856768 host_free=0 demotable=72171520 short_by=0 inflight=25 cap=64 waited_ms=4925 retry_after_s=-
1790216688333 [spec-k] model="q9" tenant="" K=0 source=concurrency prompt=1328 cached=0 lcp=6 active=26 wave=32 placement=single-or-non-pp2
1790216688333 [admission] request cost: model="q9" ctx=3445 path=plain = 14848 B/token x ctx + 480MB prefill-workspace + 118MB fixed = 649MB
1790216688333 [admit-mem] id=chatcmpl-b4f6183d6e46f3a4afa21196e30c85e0 model="q9" verdict=admit prompt=1333 output_bound=- charged_ctx=3445 est_bytes=2259822200 est_context=51151360 est_fixed=2208670840 device_free=5764665976 pending_prime=4620582912 pending_seed=1816463360 host_free=0 demotable=72171520 short_by=0 inflight=26 cap=64 waited_ms=4925 retry_after_s=-
1790216688334 [spec-k] model="q9" tenant="" K=0 source=concurrency prompt=1333 cached=0 lcp=5 active=27 wave=32 placement=single-or-non-pp2
1790216688334 [admission] request cost: model="q9" ctx=3447 path=plain = 14848 B/token x ctx + 481MB prefill-workspace + 118MB fixed = 650MB
1790216688334 [admit-mem] id=chatcmpl-617a865e9c152b0ee85ccf0b06c82030 model="q9" verdict=admit prompt=1335 output_bound=- charged_ctx=3447 est_bytes=2260572792 est_context=51181056 est_fixed=2209391736 device_free=5049949572 pending_prime=5101060096 pending_seed=1891069952 host_free=0 demotable=72171520 short_by=0 inflight=27 cap=64 waited_ms=4925 retry_after_s=-
1790216688336 [spec-k] model="q9" tenant="" K=0 source=concurrency prompt=1335 cached=0 lcp=5 active=28 wave=32 placement=single-or-non-pp2
1790216688336 [admission] request cost: model="q9" ctx=3445 path=plain = 14848 B/token x ctx + 480MB prefill-workspace + 118MB fixed = 649MB
1790216688336 [admit-mem] id=chatcmpl-29bafb7f638fdfcf6d29d1c4f93a7cb7 model="q9" verdict=admit prompt=1333 output_bound=- charged_ctx=3445 est_bytes=2259822200 est_context=51151360 est_fixed=2208670840 device_free=4334478864 pending_prime=5582258176 pending_seed=1965676544 host_free=0 demotable=72171520 short_by=0 inflight=28 cap=64 waited_ms=4925 retry_after_s=-
1790216688338 [spec-k] model="q9" tenant="" K=0 source=concurrency prompt=1333 cached=0 lcp=6 active=29 wave=32 placement=single-or-non-pp2
1790216688338 [admission] request cost: model="q9" ctx=3446 path=plain = 14848 B/token x ctx + 481MB prefill-workspace + 118MB fixed = 650MB
1790216688338 [admit-mem] id=chatcmpl-d6a680ee513b601112230a85d69ab248 model="q9" verdict=admit prompt=1334 output_bound=- charged_ctx=3446 est_bytes=2260197496 est_context=51166208 est_fixed=2209031288 device_free=3619762460 pending_prime=6062735360 pending_seed=2040283136 host_free=0 demotable=72171520 short_by=0 inflight=29 cap=64 waited_ms=4923 retry_after_s=-
1790216688340 [spec-k] model="q9" tenant="" K=0 source=concurrency prompt=1334 cached=0 lcp=5 active=30 wave=32 placement=single-or-non-pp2
1790216688340 [admission] request cost: model="q9" ctx=3444 path=plain = 14848 B/token x ctx + 480MB prefill-workspace + 118MB fixed = 649MB
1790216688340 [admit-mem] id=chatcmpl-2cc63deae3b45373bfdd2e073af37392 model="q9" verdict=admit prompt=1332 output_bound=- charged_ctx=3444 est_bytes=2259446904 est_context=51136512 est_fixed=2208310392 device_free=2904668904 pending_prime=6543572992 pending_seed=2114889728 host_free=0 demotable=72171520 short_by=0 inflight=30 cap=64 waited_ms=4923 retry_after_s=-
1790216688341 [spec-k] model="q9" tenant="" K=0 source=concurrency prompt=1332 cached=0 lcp=5 active=31 wave=32 placement=single-or-non-pp2
1790216688341 [admit-oom] reclaim settle (reclaim-on-defer): dev0 evicted_prefix_bytes=72171520 pool_cached_gain_bytes=72171520 trim_released_bytes=0 driver_free_bytes 11229528064 -> 11229528064 pool_reserved_bytes 13589544960 -> 13589544960 pool_used_bytes 13415557324 -> 13343385804 pool_retained_bytes=72171520 (live neighbour or fragmentation; counted as pool-cached headroom, not driver free)
1790216688341 [admit-oom] reclaim-on-defer: evicted 1 prefix entries + 0 plain + 0 spec + 0 dspark parked sessions (global LRU); effective free 2190MB -> 2263MB
1790216688341 [admit-mem] id=chatcmpl-40ab755faba740961803656734a44db2 model="q9" verdict=admit prompt=1332 output_bound=- charged_ctx=3444 est_bytes=2259446904 est_context=51136512 est_fixed=2208310392 device_free=2262501172 pending_prime=7023689728 pending_seed=2189496320 host_free=0 demotable=0 short_by=0 inflight=31 cap=64 waited_ms=4923 retry_after_s=-
1790216688343 [spec-k] model="q9" tenant="" K=0 source=concurrency prompt=1332 cached=0 lcp=0 active=32 wave=32 placement=single-or-non-pp2
1790216688478 [prefix-cache] insert (lcp-split): 1312 tokens, 72.2MB (resident 72.2MB / 2052MB, model q9)
1790216688573 [prefix-cache] insert (lcp-split): 1312 tokens, 72.2MB (resident 144.3MB / 2052MB, model q9)
1790216688669 [prefix-cache] insert (lcp-split): 1312 tokens, 72.2MB (resident 216.5MB / 2052MB, model q9)
1790216688765 [prefix-cache] insert (lcp-split): 1312 tokens, 72.2MB (resident 288.7MB / 2052MB, model q9)
1790216688861 [prefix-cache] insert (lcp-split): 1312 tokens, 72.2MB (resident 360.9MB / 2052MB, model q9)
1790216688957 [prefix-cache] insert (lcp-split): 1312 tokens, 72.2MB (resident 433.0MB / 2052MB, model q9)
1790216689053 [prefix-cache] insert (lcp-split): 1312 tokens, 72.2MB (resident 505.2MB / 2052MB, model q9)
1790216689149 [prefix-cache] insert (lcp-split): 1312 tokens, 72.2MB (resident 577.4MB / 2052MB, model q9)
1790216689245 [prefix-cache] insert (lcp-split): 1312 tokens, 72.2MB (resident 649.5MB / 2052MB, model q9)
1790216689341 [prefix-cache] insert (lcp-split): 1312 tokens, 72.2MB (resident 721.7MB / 2052MB, model q9)
1790216689438 [prefix-cache] insert (lcp-split): 1312 tokens, 72.2MB (resident 793.9MB / 2052MB, model q9)
1790216689534 [prefix-cache] insert (lcp-split): 1312 tokens, 72.2MB (resident 866.1MB / 2052MB, model q9)
1790216689630 [prefix-cache] insert (lcp-split): 1312 tokens, 72.2MB (resident 938.2MB / 2052MB, model q9)
1790216689727 [prefix-cache] insert (lcp-split): 1312 tokens, 72.2MB (resident 1010.4MB / 2052MB, model q9)
1790216689823 [prefix-cache] insert (lcp-split): 1312 tokens, 72.2MB (resident 1082.6MB / 2052MB, model q9)
1790216689920 [prefix-cache] insert (lcp-split): 1312 tokens, 72.2MB (resident 1154.7MB / 2052MB, model q9)
1790216690018 [prefix-cache] insert (lcp-split): 1312 tokens, 72.2MB (resident 1226.9MB / 2052MB, model q9)
1790216690118 [prefix-cache] insert (lcp-split): 1312 tokens, 72.2MB (resident 1299.1MB / 2052MB, model q9)
1790216690214 [prefix-cache] insert (lcp-split): 1312 tokens, 72.2MB (resident 1371.3MB / 2052MB, model q9)
1790216690310 [prefix-cache] insert (lcp-split): 1312 tokens, 72.2MB (resident 1443.4MB / 2052MB, model q9)
1790216693057 [prime-batch] B=6 tokens=114 carried=6 partial=0 in 87.5ms
1790216693130 [prime-batch] B=6 tokens=121 carried=6 partial=0 in 73.0ms
1790216693203 [prime-batch] B=6 tokens=114 carried=6 partial=0 in 72.2ms
1790216693248 [prime-batch] B=2 tokens=39 carried=2 partial=0 in 45.2ms
1790216693338 [prefix-cache] insert (lcp-split): 1312 tokens, 72.2MB (resident 1515.6MB / 2052MB, model q9)
1790216693431 [prefix-cache] insert (lcp-split): 1312 tokens, 72.2MB (resident 1587.8MB / 2052MB, model q9)
1790216693525 [prefix-cache] insert (lcp-split): 1312 tokens, 72.2MB (resident 1659.9MB / 2052MB, model q9)
1790216693622 [prefix-cache] insert (lcp-split): 1312 tokens, 72.2MB (resident 1732.1MB / 2052MB, model q9)
1790216693716 [prefix-cache] insert (lcp-split): 1312 tokens, 72.2MB (resident 1804.3MB / 2052MB, model q9)
1790216693811 [prefix-cache] insert (lcp-split): 1312 tokens, 72.2MB (resident 1876.5MB / 2052MB, model q9)
1790216693905 [prefix-cache] insert (lcp-split): 1312 tokens, 72.2MB (resident 1948.6MB / 2052MB, model q9)
1790216693999 [prefix-cache] insert (lcp-split): 1312 tokens, 72.2MB (resident 2020.8MB / 2052MB, model q9)
1790216694092 [prefix-cache] evict (snapshot preflight, LRU): 1312 tokens, 72.2MB (model q9)
1790216694093 [prefix-cache] insert (lcp-split): 1312 tokens, 72.2MB (resident 2020.8MB / 2052MB, model q9)
1790216694186 [prefix-cache] evict (snapshot preflight, LRU): 1312 tokens, 72.2MB (model q9)
1790216694187 [prefix-cache] insert (lcp-split): 1312 tokens, 72.2MB (resident 2020.8MB / 2052MB, model q9)
1790216694280 [prefix-cache] evict (snapshot preflight, LRU): 1312 tokens, 72.2MB (model q9)
1790216694280 [prefix-cache] insert (lcp-split): 1312 tokens, 72.2MB (resident 2020.8MB / 2052MB, model q9)
1790216694409 [prime-batch] B=6 tokens=113 carried=6 partial=0 in 77.7ms
1790216694474 [prime-batch] B=5 tokens=106 carried=5 partial=0 in 65.6ms
1790216741058 [fa-pool] grow #4 dev=0 o_len 2129920 -> 4259840 ml_len 8320 -> 16640 (retired kept, zero=false)
1790216833169 [server] SIGTERM: draining (0 in flight, deadline 30s)
1790216833169 [server] drain complete in 0.0s; exiting
1790216833231 [server] GPU worker shutdown complete
