epoch_ms,mem_used_mib,cuda_driver_free_bytes,cuda_pool_used_bytes,cuda_pool_reserved_bytes,admission_booked_bytes,active_sessions,prefix_cache_bytes
1790329782187,17204,0,0,0,0,0,0
1790329782437,17204,0,0,0,0,0,0
1790329782687,17204,0,0,0,0,0,0
1790329782937,17204,0,0,0,0,0,0
1790329783187,17460,0,0,0,0,0,0
1790329783437,18324,0,0,0,0,0,0
1790329783687,18324,82760171520,17914203332,18589155328,0,0,0
1790329783937,18324,82760171520,17914203332,18589155328,0,0,0
1790329784187,18324,82760171520,17914203332,18589155328,0,0,0
1790329784437,18324,82760171520,17914203332,18589155328,0,0,0
1790329784687,18324,82760171520,17914203332,18589155328,0,0,0
1790329784937,18324,82760171520,17914203332,18589155328,0,0,0
1790329785187,18324,82760171520,17914203332,18589155328,0,0,0
1790329785437,18324,82760171520,17914203332,18589155328,0,0,0
1790329785687,18836,82760171520,17914203332,18589155328,0,0,0
1790329785937,18836,82760171520,17914203332,18589155328,0,0,0
1790329786187,19028,82760171520,17914203332,18589155328,0,0,0
1790329786437,19028,82760171520,17914203332,18589155328,0,0,0
1790329786687,19540,82021974016,18666565576,19327352832,0,0,210425856
1790329786937,19540,82021974016,18666565576,19327352832,0,0,210425856
1790329787187,19700,82021974016,18666565576,19327352832,0,0,210425856
1790329787437,19732,82021974016,18666565576,19327352832,0,0,210425856
1790329787687,19732,82021974016,18666565576,19327352832,0,0,210425856
1790329787937,19764,81283776512,18775067336,20065550336,0,0,420851712
1790329788187,19764,81283776512,18775067336,20065550336,0,0,420851712
1790329788437,19828,81283776512,18775067336,20065550336,0,0,420851712
1790329788687,19828,81283776512,18775067336,20065550336,0,0,420851712
1790329788937,19892,81183113216,18985405896,20166213632,0,0,631277568
1790329789187,19892,81183113216,18985405896,20166213632,0,0,631277568
1790329789437,19892,81183113216,18985405896,20166213632,0,0,631277568
1790329789687,20020,81183113216,18985405896,20166213632,0,0,631277568
1790329789937,20020,81183113216,18985405896,20166213632,0,0,631277568
1790329790187,20052,80981786624,19195777864,20367540224,0,0,841703424
1790329790437,20052,80981786624,19195777864,20367540224,0,0,841703424
1790329790687,20212,80981786624,19195777864,20367540224,0,0,841703424
1790329790937,20244,80981786624,19195777864,20367540224,0,0,841703424
1790329791187,20244,80746905600,19405073352,20602421248,0,0,1051119616
1790329791437,20404,80746905600,19405073352,20602421248,0,0,1051119616
1790329791687,20660,80746905600,19405073352,20602421248,0,0,1051119616
1790329791937,20692,80746905600,19405073352,20602421248,0,0,1051119616
1790329792187,20692,80746905600,19405073352,20602421248,0,0,1051119616
1790329792437,20692,80746905600,19405073352,20602421248,0,0,1051119616
1790329792687,20692,80746905600,19405073352,20602421248,0,0,1051119616
1790329792937,20692,80746905600,19405073352,20602421248,0,0,1051119616
1790329793187,20692,80746905600,19405073352,20602421248,0,0,1051119616
1790329793437,20692,80746905600,19405073352,20602421248,0,0,1051119616
1790329793687,20692,80746905600,19405073352,20602421248,0,0,1051119616
1790329793937,20692,80746905600,19405073352,20602421248,0,0,1051119616
1790329794187,20692,80746905600,19405073352,20602421248,0,0,1051119616
1790329794437,20692,80746905600,19405073352,20602421248,0,0,1051119616
1790329794687,20692,80746905600,19405073352,20602421248,0,0,1051119616
1790329794937,20692,80746905600,19405073352,20602421248,0,0,1051119616
1790329795187,20692,80277143552,20399132620,21072183296,1374668392,1,1253468160
1790329795437,20852,80277143552,19870121928,21072183296,0,0,1253468160
1790329795687,20852,80277143552,19870121928,21072183296,0,0,1253468160
1790329795937,21108,80277143552,19870121928,21072183296,0,0,1253468160
1790329796187,21108,80277143552,19870121928,21072183296,0,0,1253468160
1790329796437,21108,80277143552,19870121928,21072183296,0,0,1253468160
1790329796687,21108,80277143552,19870121928,21072183296,0,0,1253468160
1790329796937,21108,80277143552,19870121928,21072183296,0,0,1253468160
1790329797187,21108,80277143552,19870121928,21072183296,0,0,1253468160
1790329797437,21108,80277143552,19870121928,21072183296,0,0,1253468160
1790329797687,21108,80277143552,19870121928,21072183296,0,0,1253468160
1790329797937,21300,79840935936,20335270728,21508390912,0,0,1455816704
1790329798187,21300,79840935936,20335270728,21508390912,0,0,1455816704
1790329798437,21556,79840935936,20335270728,21508390912,0,0,1455816704
1790329798687,21556,79840935936,20335270728,21508390912,0,0,1455816704
1790329798937,21556,79840935936,20335270728,21508390912,0,0,1455816704
1790329799187,21556,79840935936,20335270728,21508390912,0,0,1455816704
1790329799437,21556,79840935936,20335270728,21508390912,0,0,1455816704
1790329799687,21556,79840935936,20335270728,21508390912,0,0,1455816704
1790329799937,21556,79840935936,20335270728,21508390912,0,0,1455816704
1790329800187,21556,79840935936,20335270728,21508390912,0,0,1455816704
1790329800437,21556,79840935936,20335270728,21508390912,0,0,1455816704
1790329800687,21556,79840935936,20335270728,21508390912,0,0,1455816704
1790329800937,21556,79840935936,20335270728,21508390912,0,0,1455816704
1790329801187,21556,79840935936,20335270728,21508390912,0,0,1455816704
1790329801437,21556,79840935936,20335270728,21508390912,0,0,1455816704
1790329801687,21556,79840935936,20335270728,21508390912,0,0,1455816704
1790329801937,21556,79371173888,20537699016,21978152960,0,0,1658165248
1790329802187,21556,79371173888,20537699016,21978152960,0,0,1658165248
1790329802437,21748,79371173888,20537699016,21978152960,0,0,1658165248
1790329802687,21748,79371173888,20537699016,21978152960,0,0,1658165248
1790329802937,21748,79371173888,20537699016,21978152960,0,0,1658165248
1790329803187,21748,79371173888,20537699016,21978152960,0,0,1658165248
1790329803437,21748,79371173888,20537699016,21978152960,0,0,1658165248
1790329803687,21748,79371173888,20537699016,21978152960,0,0,1658165248
1790329803937,21748,79371173888,20537699016,21978152960,0,0,1658165248
1790329804187,21748,79371173888,20537699016,21978152960,0,0,1658165248
1790329804437,21748,79371173888,20537699016,21978152960,0,0,1658165248
1790329804687,21748,79371173888,20537699016,21978152960,0,0,1658165248
1790329804937,21748,79371173888,20537699016,21978152960,0,0,1658165248
1790329805187,21748,79371173888,20537699016,21978152960,0,0,1658165248
1790329805437,21748,79169847296,20740127304,22179479552,0,0,1860513792
1790329805687,21748,79169847296,20740127304,22179479552,0,0,1860513792
1790329805937,21940,79169847296,20740127304,22179479552,0,0,1860513792
1790329806187,21940,79169847296,20740127304,22179479552,0,0,1860513792
1790329806437,21940,79169847296,20740127304,22179479552,0,0,1860513792
1790329806687,21940,79169847296,20740127304,22179479552,0,0,1860513792
1790329806937,21940,79169847296,20740127304,22179479552,0,0,1860513792
1790329807187,21940,79169847296,20740127304,22179479552,0,0,1860513792
1790329807437,21940,79169847296,20740127304,22179479552,0,0,1860513792
1790329807687,21940,79169847296,20740127304,22179479552,0,0,1860513792
1790329807937,21940,79169847296,20740127304,22179479552,0,0,1860513792
1790329808187,21940,79169847296,20740127304,22179479552,0,0,1860513792
1790329808437,21940,79169847296,20740127304,22179479552,0,0,1860513792
1790329808687,21940,79169847296,20740127304,22179479552,0,0,1860513792
1790329808937,21940,79169847296,20740127304,22179479552,0,0,1860513792
1790329809187,21940,78968520704,20942421960,22380806144,0,0,2062862336
1790329809437,21940,78968520704,20942421960,22380806144,0,0,2062862336
1790329809687,21940,78968520704,20942421960,22380806144,0,0,2062862336
1790329809937,21940,78968520704,20942421960,22380806144,0,0,2062862336
1790329810187,22388,78968520704,20942421960,22380806144,0,0,2062862336
1790329810437,22388,78968520704,20942421960,22380806144,0,0,2062862336
1790329810687,22388,78968520704,20942421960,22380806144,0,0,2062862336
1790329810937,22388,78968520704,20942421960,22380806144,0,0,2062862336
1790329811187,22388,78968520704,20942421960,22380806144,0,0,2062862336
1790329811437,22388,78968520704,20942421960,22380806144,0,0,2062862336
1790329811687,22452,78498758656,20973389256,22850568192,0,0,2313674752
1790329811937,22452,78498758656,20973389256,22850568192,0,0,2313674752
1790329812187,22452,78498758656,20973389256,22850568192,0,0,2313674752
1790329812437,22452,78498758656,20973389256,22850568192,0,0,2313674752
1790329812687,22452,78498758656,20973389256,22850568192,0,0,2313674752
1790329812937,22452,78498758656,20973389256,22850568192,0,0,2313674752
1790329813187,22484,78431649792,21004490184,22917677056,0,0,2564487168
1790329813437,22484,78431649792,21004490184,22917677056,0,0,2564487168
1790329813687,22484,78431649792,21004490184,22917677056,0,0,2564487168
1790329813937,22484,78431649792,21004490184,22917677056,0,0,2564487168
1790329814187,22484,78431649792,21004490184,22917677056,0,0,2564487168
1790329814437,22484,78431649792,21004490184,22917677056,0,0,2564487168
1790329814687,22708,78398095360,21255248712,22951231488,0,0,2815299584
1790329814937,22708,78398095360,21255248712,22951231488,0,0,2815299584
1790329815187,22708,78398095360,21255248712,22951231488,0,0,2815299584
1790329815437,22708,78398095360,21255248712,22951231488,0,0,2815299584
1790329815687,22708,78398095360,21255248712,22951231488,0,0,2815299584
1790329815937,22708,78398095360,21255248712,22951231488,0,0,2815299584
1790329816187,22932,78163214336,21505673160,23186112512,0,0,3066112000
1790329816437,22932,78163214336,21505673160,23186112512,0,0,3066112000
1790329816687,22932,78163214336,21505673160,23186112512,0,0,3066112000
1790329816937,22932,78163214336,21505673160,23186112512,0,0,3066112000
1790329817187,22932,78163214336,21505673160,23186112512,0,0,3066112000
1790329817437,22932,78163214336,21505673160,23186112512,0,0,3066112000
1790329817687,23508,77928333312,21755188168,23420993536,0,0,3315914752
1790329817937,23508,77928333312,21755188168,23420993536,0,0,3315914752
1790329818187,23508,77928333312,21755188168,23420993536,0,0,3315914752
1790329818437,23508,77928333312,21755188168,23420993536,0,0,3315914752
1790329818687,23508,77928333312,21755188168,23420993536,0,0,3315914752
1790329818937,23508,77928333312,21755188168,23420993536,0,0,3315914752
1790329819187,23508,77928333312,21755188168,23420993536,0,0,3315914752
1790329819437,23508,77928333312,21755188168,23420993536,0,0,3315914752
1790329819687,23508,77928333312,21755188168,23420993536,0,0,3315914752
1790329819937,23508,77928333312,21755188168,23420993536,0,0,3315914752
1790329820187,23508,77928333312,21755188168,23420993536,0,0,3315914752
1790329820437,23508,77928333312,21755188168,23420993536,0,0,3315914752
1790329820687,23508,77928333312,21755188168,23420993536,0,0,3315914752
1790329820937,23508,77928333312,21755188168,23420993536,0,0,3315914752
1790329821187,23508,77928333312,21755188168,23420993536,0,0,3315914752
1790329821437,24020,77324353536,22285367496,24024973312,0,0,3570765824
1790329821687,24020,77324353536,22285367496,24024973312,0,0,3570765824
1790329821937,24020,77324353536,22285367496,24024973312,0,0,3570765824
1790329822187,24020,77324353536,22285367496,24024973312,0,0,3570765824
1790329822437,24020,77324353536,22285367496,24024973312,0,0,3570765824
1790329822687,24020,76787482624,23387286348,24561844224,2238704744,1,3825616896
1790329822937,24020,76787482624,23387286348,24561844224,2238704744,1,3825616896
1790329823187,24020,76787482624,23387286348,24561844224,2238704744,1,3825616896
1790329823437,24020,76787482624,23387286348,24561844224,2238704744,1,3825616896
1790329823687,24020,76787482624,23387286348,24561844224,2238704744,1,3825616896
1790329823937,24020,76787482624,23387286348,24561844224,2238704744,1,3825616896
1790329824187,24020,76787482624,23387286348,24561844224,2238704744,1,3825616896
1790329824437,24020,76787482624,23387286348,24561844224,2238704744,1,3825616896
1790329824687,24020,76787482624,23387286348,24561844224,2238704744,1,3825616896
1790329824937,24020,76787482624,23387286348,24561844224,2238704744,1,3825616896
1790329825187,24020,76787482624,23387286348,24561844224,2238704744,1,3825616896
1790329825437,24020,76787482624,23387286348,24561844224,2238704744,1,3825616896
1790329825687,24020,76787482624,23387286348,24561844224,2238704744,1,3825616896
1790329825937,24020,76787482624,23387286348,24561844224,2238704744,1,3825616896
1790329826187,24020,76787482624,23387286348,24561844224,2238704744,1,3825616896
1790329826437,24020,76787482624,23387286348,24561844224,2238704744,1,3825616896
1790329826687,24020,76787482624,23387286348,24561844224,2238704744,1,3825616896
1790329826937,24020,76787482624,23387286348,24561844224,2238704744,1,3825616896
1790329827187,24020,76787482624,23387286348,24561844224,2238704744,1,3825616896
1790329827437,24020,76787482624,23387286348,24561844224,2238704744,1,3825616896
1790329827687,24020,76787482624,23387286348,24561844224,2238704744,1,3825616896
1790329827937,24020,76787482624,23387286348,24561844224,2238704744,1,3825616896
1790329828187,24020,76787482624,23387286348,24561844224,2238704744,1,3825616896
1790329828437,24532,76787482624,22815580232,24561844224,0,0,3825616896
1790329828687,24532,76787482624,22815580232,24561844224,0,0,3825616896
1790329828937,24532,76787482624,22815580232,24561844224,0,0,3825616896
1790329829187,24532,76787482624,22815580232,24561844224,0,0,3825616896
1790329829437,24532,76787482624,22815580232,24561844224,0,0,3825616896
1790329829687,24532,76787482624,22815580232,24561844224,0,0,3825616896
1790329829937,24532,76787482624,22815580232,24561844224,0,0,3825616896
1790329830187,24532,76787482624,22815580232,24561844224,0,0,3825616896
1790329830437,24532,76250611712,23917532492,25098715136,2239215528,1,4080467968
1790329830687,24532,76250611712,23917532492,25098715136,2239215528,1,4080467968
1790329830937,24532,76250611712,23917532492,25098715136,2239215528,1,4080467968
1790329831187,24532,76250611712,23917532492,25098715136,2239215528,1,4080467968
1790329831437,24532,76250611712,23917532492,25098715136,2239215528,1,4080467968
1790329831687,24532,76250611712,23917532492,25098715136,2239215528,1,4080467968
1790329831937,24532,76250611712,23917532492,25098715136,2239215528,1,4080467968
1790329832187,24532,76250611712,23917532492,25098715136,2239215528,1,4080467968
1790329832437,24532,76250611712,23917532492,25098715136,2239215528,1,4080467968
1790329832687,24532,76250611712,23917532492,25098715136,2239215528,1,4080467968
1790329832937,24532,76250611712,23917532492,25098715136,2239215528,1,4080467968
1790329833187,24532,76250611712,23917532492,25098715136,2239215528,1,4080467968
1790329833437,24788,76250611712,23070444232,25098715136,0,0,4080467968
1790329833687,24788,76250611712,23070444232,25098715136,0,0,4080467968
1790329833937,24788,76250611712,23070444232,25098715136,0,0,4080467968
1790329834187,24788,76250611712,23070444232,25098715136,0,0,4080467968
1790329834437,24788,76250611712,23070444232,25098715136,0,0,4080467968
1790329834687,24788,76250611712,23070444232,25098715136,0,0,4080467968
1790329834937,24788,76250611712,23070444232,25098715136,0,0,4080467968
1790329835187,24788,76250611712,23070444232,25098715136,0,0,4080467968
1790329835437,24788,76250611712,23070444232,25098715136,0,0,4080467968
1790329835687,24788,76250611712,23070444232,25098715136,0,0,4080467968
1790329835937,24788,76250611712,23070444232,25098715136,0,0,4080467968
1790329836187,24788,76250611712,23070444232,25098715136,0,0,4080467968
1790329836437,24788,76250611712,23070444232,25098715136,0,0,4080467968
1790329836687,24788,76250611712,23070444232,25098715136,0,0,4080467968
1790329836937,24788,76250611712,23070444232,25098715136,0,0,4080467968
1790329837187,24788,76250611712,23070444232,25098715136,0,0,4080467968
1790329837437,25012,75982176256,23325274824,25367150592,0,0,4335319040
1790329837687,25012,75982176256,23325274824,25367150592,0,0,4335319040
1790329837937,25012,75982176256,23325274824,25367150592,0,0,4335319040
1790329838187,25012,75982176256,23325274824,25367150592,0,0,4335319040
1790329838437,25012,75982176256,23325274824,25367150592,0,0,4335319040
1790329838687,25012,75982176256,23325274824,25367150592,0,0,4335319040
1790329838937,25012,75982176256,23325274824,25367150592,0,0,4335319040
1790329839187,25012,75982176256,23325274824,25367150592,0,0,4335319040
1790329839437,25012,75982176256,23325274824,25367150592,0,0,4335319040
1790329839687,25012,75982176256,23325274824,25367150592,0,0,4335319040
1790329839937,25012,75982176256,23325274824,25367150592,0,0,4335319040
1790329840187,25012,75982176256,23325274824,25367150592,0,0,4335319040
1790329840437,25012,75982176256,23325274824,25367150592,0,0,4335319040
1790329840687,25012,75982176256,23325274824,25367150592,0,0,4335319040
1790329840937,25012,75982176256,23325274824,25367150592,0,0,4335319040
1790329841187,25012,75747295232,23580005192,25602031616,0,0,4590170112
1790329841437,25012,75747295232,23580005192,25602031616,0,0,4590170112
1790329841687,25012,75747295232,23580005192,25602031616,0,0,4590170112
1790329841937,25012,75747295232,23580005192,25602031616,0,0,4590170112
1790329842187,25012,75747295232,23580005192,25602031616,0,0,4590170112
1790329842437,25684,75747295232,23580005192,25602031616,0,0,4590170112
1790329842687,25684,75747295232,23580005192,25602031616,0,0,4590170112
1790329842937,25684,75747295232,23580005192,25602031616,0,0,4590170112
1790329843187,25684,75747295232,23580005192,25602031616,0,0,4590170112
1790329843437,25684,75747295232,23580005192,25602031616,0,0,4590170112
1790329843687,25684,75747295232,23580005192,25602031616,0,0,4590170112
1790329843937,25684,75747295232,23580005192,25602031616,0,0,4590170112
1790329844187,25684,75747295232,23580005192,25602031616,0,0,4590170112
1790329844437,25684,75042652160,23737524040,26306674688,0,0,4925794304
1790329844687,25812,75042652160,23737524040,26306674688,0,0,4925794304
1790329844937,25812,75042652160,23737524040,26306674688,0,0,4925794304
1790329845187,25812,75042652160,23737524040,26306674688,0,0,4925794304
1790329845437,25812,75042652160,23737524040,26306674688,0,0,4925794304
1790329845687,25812,75042652160,23737524040,26306674688,0,0,4925794304
1790329845937,25812,75042652160,23737524040,26306674688,0,0,4925794304
1790329846187,25812,75042652160,23737524040,26306674688,0,0,4925794304
1790329846437,25812,75042652160,23737524040,26306674688,0,0,4925794304
1790329846687,25940,74908434432,23888381512,26440892416,0,0,5261418496
1790329846937,25940,74908434432,23888381512,26440892416,0,0,5261418496
1790329847187,25940,74908434432,23888381512,26440892416,0,0,5261418496
1790329847437,25940,74908434432,23888381512,26440892416,0,0,5261418496
1790329847687,25940,74774216704,24506636576,26575110144,2555791848,1,5261418496
1790329847937,25940,74774216704,24506636576,26575110144,2555791848,1,5261418496
1790329848187,25940,74774216704,24506636576,26575110144,2555791848,1,5261418496
1790329848437,25940,74774216704,24506636576,26575110144,2555791848,1,5261418496
1790329848687,25940,74774216704,24506636576,26575110144,2555791848,1,5261418496
1790329848937,26292,74774216704,24223617736,26575110144,0,0,5597042688
1790329849187,26292,74774216704,24223617736,26575110144,0,0,5597042688
1790329849437,26292,74774216704,24223617736,26575110144,0,0,5597042688
1790329849687,26292,74774216704,24223617736,26575110144,0,0,5597042688
1790329849937,26292,74774216704,24223617736,26575110144,0,0,5597042688
1790329850187,26292,74774216704,24223617736,26575110144,0,0,5597042688
1790329850437,26292,74774216704,24223617736,26575110144,0,0,5597042688
1790329850687,26292,74774216704,24223617736,26575110144,0,0,5597042688
1790329850937,26292,74774216704,24223617736,26575110144,0,0,5597042688
1790329851187,26580,74405117952,24558887368,26944208896,0,0,5932666880
1790329851437,26580,74405117952,24558887368,26944208896,0,0,5932666880
1790329851687,26580,74405117952,24558887368,26944208896,0,0,5932666880
1790329851937,26580,74405117952,24558887368,26944208896,0,0,5932666880
1790329852187,26580,74405117952,24558887368,26944208896,0,0,5932666880
1790329852437,26580,74405117952,24558887368,26944208896,0,0,5932666880
1790329852687,26580,74405117952,24558887368,26944208896,0,0,5932666880
1790329852937,26580,74405117952,24558887368,26944208896,0,0,5932666880
1790329853187,26580,74405117952,24558887368,26944208896,0,0,5932666880
1790329853437,27156,74103128064,24894290632,27246198784,0,0,6268291072
1790329853687,27156,74103128064,24894290632,27246198784,0,0,6268291072
1790329853937,27156,74103128064,24894290632,27246198784,0,0,6268291072
1790329854187,27156,74103128064,24894290632,27246198784,0,0,6268291072
1790329854437,27156,74103128064,24894290632,27246198784,0,0,6268291072
1790329854687,27156,74103128064,24894290632,27246198784,0,0,6268291072
1790329854937,27156,74103128064,24894290632,27246198784,0,0,6268291072
1790329855187,27156,74103128064,24894290632,27246198784,0,0,6268291072
1790329855437,27156,74103128064,24894290632,27246198784,0,0,6268291072
1790329855687,27156,74103128064,24894290632,27246198784,0,0,6268291072
1790329855937,27156,73499148288,26169216204,27850178560,2816544104,1,6606944256
1790329856187,27156,73499148288,26169216204,27850178560,2816544104,1,6606944256
1790329856437,27156,73499148288,26169216204,27850178560,2816544104,1,6606944256
1790329856687,27156,73499148288,26169216204,27850178560,2816544104,1,6606944256
1790329856937,27156,73499148288,26169216204,27850178560,2816544104,1,6606944256
1790329857187,27156,73499148288,26169216204,27850178560,2816544104,1,6606944256
1790329857437,27156,73499148288,26169216204,27850178560,2816544104,1,6606944256
1790329857687,27156,73499148288,26169216204,27850178560,2816544104,1,6606944256
1790329857937,27156,73499148288,26169216204,27850178560,2816544104,1,6606944256
1790329858187,27156,73499148288,26169216204,27850178560,2816544104,1,6606944256
1790329858437,27156,73499148288,26169216204,27850178560,2816544104,1,6606944256
1790329858687,27156,73499148288,26169216204,27850178560,2816544104,1,6606944256
1790329858937,27156,73499148288,26169216204,27850178560,2816544104,1,6606944256
1790329859187,27156,73499148288,26169216204,27850178560,2816544104,1,6606944256
1790329859437,27732,73499148288,25507275080,27850178560,0,0,6606944256
1790329859687,27732,73499148288,25507275080,27850178560,0,0,6606944256
1790329859937,27732,73499148288,25507275080,27850178560,0,0,6606944256
1790329860187,27732,73499148288,25507275080,27850178560,0,0,6606944256
1790329860437,27732,73499148288,25507275080,27850178560,0,0,6606944256
1790329860687,27732,73499148288,25507275080,27850178560,0,0,6606944256
1790329860937,27732,73499148288,25507275080,27850178560,0,0,6606944256
1790329861187,27732,73499148288,25507275080,27850178560,0,0,6606944256
1790329861437,27732,73499148288,25507275080,27850178560,0,0,6606944256
1790329861687,27732,73499148288,25507275080,27850178560,0,0,6606944256
1790329861937,27732,73499148288,25507275080,27850178560,0,0,6606944256
1790329862187,27732,73499148288,25507275080,27850178560,0,0,6606944256
1790329862437,27732,73499148288,25507275080,27850178560,0,0,6606944256
1790329862687,27732,73499148288,25507275080,27850178560,0,0,6606944256
1790329862937,27732,73499148288,25507275080,27850178560,0,0,6606944256
1790329863187,27732,73499148288,25507275080,27850178560,0,0,6606944256
1790329863437,27732,72895168512,26782052940,28454158336,2821789544,1,6945597440
1790329863687,27732,72895168512,26782052940,28454158336,2821789544,1,6945597440
1790329863937,27732,72895168512,26782052940,28454158336,2821789544,1,6945597440
1790329864187,28340,72895168512,26120212040,28454158336,0,0,6945597440
1790329864437,28340,72895168512,26120212040,28454158336,0,0,6945597440
1790329864687,28340,72895168512,26120212040,28454158336,0,0,6945597440
1790329864937,28340,72895168512,26120212040,28454158336,0,0,6945597440
1790329865187,28340,72895168512,26120212040,28454158336,0,0,6945597440
1790329865437,28340,72895168512,26120212040,28454158336,0,0,6945597440
1790329865687,28340,72895168512,26120212040,28454158336,0,0,6945597440
1790329865937,28340,72895168512,26120212040,28454158336,0,0,6945597440
1790329866187,28340,72895168512,26120212040,28454158336,0,0,6945597440
1790329866437,28340,72895168512,26120212040,28454158336,0,0,6945597440
1790329866687,28340,72895168512,26120212040,28454158336,0,0,6945597440
1790329866937,28340,72895168512,26120212040,28454158336,0,0,6945597440
1790329867187,28340,72895168512,26120212040,28454158336,0,0,6945597440
1790329867437,28340,72895168512,26120212040,28454158336,0,0,6945597440
1790329867687,28340,72895168512,26120212040,28454158336,0,0,6945597440
1790329867937,28340,72895168512,26120212040,28454158336,0,0,6945597440
1790329868187,28340,72895168512,26120212040,28454158336,0,0,6945597440
1790329868437,28340,72895168512,26120212040,28454158336,0,0,6945597440
1790329868687,28340,72895168512,26120212040,28454158336,0,0,6945597440
1790329868937,28340,72895168512,26120212040,28454158336,0,0,6945597440
1790329869187,28660,72257634304,26459011784,29091692544,0,0,7284250624
1790329869437,28660,72257634304,26459011784,29091692544,0,0,7284250624
1790329869687,28660,72257634304,26459011784,29091692544,0,0,7284250624
1790329869937,28660,72257634304,26459011784,29091692544,0,0,7284250624
1790329870187,28660,72257634304,26459011784,29091692544,0,0,7284250624
1790329870437,28660,72257634304,26459011784,29091692544,0,0,7284250624
1790329870687,28660,72257634304,26459011784,29091692544,0,0,7284250624
1790329870937,28660,72257634304,26459011784,29091692544,0,0,7284250624
1790329871187,28660,71922089984,27733840076,29427236864,2821904744,1,7622903808
1790329871437,28660,71922089984,27733840076,29427236864,2821904744,1,7622903808
1790329871687,28660,71922089984,27733840076,29427236864,2821904744,1,7622903808
1790329871937,28660,71922089984,27733840076,29427236864,2821904744,1,7622903808
1790329872187,28660,71922089984,27733840076,29427236864,2821904744,1,7622903808
1790329872437,28660,71922089984,27733840076,29427236864,2821904744,1,7622903808
1790329872687,28660,71922089984,27733840076,29427236864,2821904744,1,7622903808
1790329872937,28660,71922089984,27733840076,29427236864,2821904744,1,7622903808
1790329873187,28660,71922089984,27733840076,29427236864,2821904744,1,7622903808
1790329873437,28660,71922089984,27733840076,29427236864,2821904744,1,7622903808
1790329873687,29012,71922089984,26797719496,29427236864,0,0,7622903808
1790329873937,29012,71922089984,26797719496,29427236864,0,0,7622903808
1790329874187,29012,71922089984,26797719496,29427236864,0,0,7622903808
1790329874437,29012,71922089984,26797719496,29427236864,0,0,7622903808
1790329874687,29012,71922089984,26797719496,29427236864,0,0,7622903808
1790329874937,29012,71922089984,26797719496,29427236864,0,0,7622903808
1790329875187,29012,71922089984,26797719496,29427236864,0,0,7622903808
1790329875437,29012,71922089984,26797719496,29427236864,0,0,7622903808
1790329875687,29012,71922089984,26797719496,29427236864,0,0,7622903808
1790329875937,29012,71922089984,26797719496,29427236864,0,0,7622903808
1790329876187,29012,71922089984,26797719496,29427236864,0,0,7622903808
1790329876437,29012,71922089984,26797719496,29427236864,0,0,7622903808
1790329876687,29012,71922089984,26797719496,29427236864,0,0,7622903808
1790329876937,29012,71922089984,26797719496,29427236864,0,0,7622903808
1790329877187,29012,71922089984,26797719496,29427236864,0,0,7622903808
1790329877437,29012,71922089984,26797719496,29427236864,0,0,7622903808
1790329877687,29012,71552991232,27136385608,29796335616,0,0,7961556992
1790329877937,29012,71552991232,27136385608,29796335616,0,0,7961556992
1790329878187,29012,71552991232,27136385608,29796335616,0,0,7961556992
1790329878437,29012,71552991232,27136385608,29796335616,0,0,7961556992
1790329878687,29012,71552991232,27136385608,29796335616,0,0,7961556992
1790329878937,29012,71552991232,27136385608,29796335616,0,0,7961556992
1790329879187,29012,71552991232,27136385608,29796335616,0,0,7961556992
1790329879437,29012,71552991232,27136385608,29796335616,0,0,7961556992
1790329879687,29012,71552991232,28136513996,29796335616,1443766952,1,8166934528
1790329879937,29012,71552991232,28136513996,29796335616,1443766952,1,8166934528
1790329880187,29012,71552991232,28136513996,29796335616,1443766952,1,8166934528
1790329880437,29012,71552991232,28136513996,29796335616,1443766952,1,8166934528
1790329880687,29012,71552991232,28136513996,29796335616,1443766952,1,8166934528
1790329880937,29012,71552991232,28136513996,29796335616,1443766952,1,8166934528
1790329881187,29012,71552991232,27200326600,29796335616,0,0,8166934528
1790329881437,29012,71552991232,27200326600,29796335616,0,0,8166934528
1790329881687,29012,71552991232,27200326600,29796335616,0,0,8166934528
1790329881937,29012,71552991232,27200326600,29796335616,0,0,8166934528
1790329882187,29012,71552991232,27200326600,29796335616,0,0,8166934528
1790329882437,29012,71552991232,27200326600,29796335616,0,0,8166934528
1790329882687,29012,71552991232,27200326600,29796335616,0,0,8166934528
1790329882937,29012,71552991232,27264100552,29796335616,0,0,8372312064
1790329883187,29012,71552991232,27264100552,29796335616,0,0,8372312064
1790329883437,29012,71552991232,27264100552,29796335616,0,0,8372312064
1790329883687,29012,71552991232,27264100552,29796335616,0,0,8372312064
1790329883937,29012,71552991232,27264100552,29796335616,0,0,8372312064
1790329884187,29012,71552991232,27264100552,29796335616,0,0,8372312064
1790329884437,29012,71552991232,27471235656,29796335616,0,0,8578699264
1790329884687,29012,71552991232,27471235656,29796335616,0,0,8578699264
1790329884937,29012,71552991232,27471235656,29796335616,0,0,8578699264
1790329885187,29012,71552991232,27471235656,29796335616,0,0,8578699264
1790329885437,29012,71552991232,27471235656,29796335616,0,0,8578699264
1790329885687,29012,71552991232,27471235656,29796335616,0,0,8578699264
1790329885937,29012,71552991232,27471235656,29796335616,0,0,8578699264
1790329886187,29012,71552991232,27471235656,29796335616,0,0,8578699264
1790329886437,29012,71552991232,28471063372,29796335616,1439169896,1,8784076800
1790329886687,29012,71552991232,28471063372,29796335616,1439169896,1,8784076800
1790329886937,29012,71552991232,28471063372,29796335616,1439169896,1,8784076800
1790329887187,29012,71552991232,28471063372,29796335616,1439169896,1,8784076800
1790329887437,29012,71552991232,27676525896,29796335616,0,0,8784076800
1790329887687,29012,71552991232,27676525896,29796335616,0,0,8784076800
1790329887937,29012,71552991232,27676525896,29796335616,0,0,8784076800
1790329888187,29012,71552991232,27676525896,29796335616,0,0,8784076800
1790329888437,29012,71552991232,27676525896,29796335616,0,0,8784076800
1790329888687,29012,71552991232,27676525896,29796335616,0,0,8784076800
1790329888937,29012,71552991232,27676525896,29796335616,0,0,8784076800
1790329889187,29012,71552991232,27676525896,29796335616,0,0,8784076800
1790329889437,29012,71552991232,27676525896,29796335616,0,0,8784076800
1790329889687,29012,71552991232,27676525896,29796335616,0,0,8784076800
1790329889937,29012,71552991232,27676525896,29796335616,0,0,8784076800
1790329890187,29012,71552991232,27676525896,29796335616,0,0,8784076800
1790329890437,29012,71552991232,27676525896,29796335616,0,0,8784076800
1790329890687,29012,71552991232,27676525896,29796335616,0,0,8784076800
1790329890937,29012,71552991232,27881381832,29796335616,0,0,8989454336
1790329891187,29012,71552991232,27881381832,29796335616,0,0,8989454336
1790329891437,29012,71552991232,27881381832,29796335616,0,0,8989454336
1790329891687,29012,71552991232,27881381832,29796335616,0,0,8989454336
1790329891937,29012,71552991232,27881381832,29796335616,0,0,8989454336
1790329892187,29012,71552991232,27881381832,29796335616,0,0,8989454336
1790329892437,29012,71552991232,27881381832,29796335616,0,0,8989454336
1790329892687,29012,71552991232,27881381832,29796335616,0,0,8989454336
1790329892937,29012,71552991232,27881381832,29796335616,0,0,8989454336
1790329893187,29012,71552991232,28989603660,29796335616,2293711528,1,9247334400
1790329893437,29012,71552991232,28989603660,29796335616,2293711528,1,9247334400
1790329893687,29012,71552991232,28989603660,29796335616,2293711528,1,9247334400
1790329893937,29012,71552991232,28989603660,29796335616,2293711528,1,9247334400
1790329894187,29012,71552991232,28989603660,29796335616,2293711528,1,9247334400
1790329894437,29012,71552991232,28989603660,29796335616,2293711528,1,9247334400
1790329894687,29012,71552991232,28195133000,29796335616,0,0,9247334400
1790329894937,29076,71552991232,28195133000,29796335616,0,0,9247334400
1790329895187,29172,71552991232,28195133000,29796335616,0,0,9247334400
1790329895437,29172,71552991232,28195133000,29796335616,0,0,9247334400
1790329895687,29172,71552991232,28195133000,29796335616,0,0,9247334400
1790329895937,29172,71552991232,28195133000,29796335616,0,0,9247334400
1790329896187,29172,71552991232,28195133000,29796335616,0,0,9247334400
1790329896437,29172,71552991232,28195133000,29796335616,0,0,9247334400
1790329896687,29172,71552991232,28195133000,29796335616,0,0,9247334400
1790329896937,29172,71552991232,28195133000,29796335616,0,0,9247334400
1790329897187,29172,71552991232,28195133000,29796335616,0,0,9247334400
1790329897437,29172,71552991232,28195133000,29796335616,0,0,9247334400
1790329897687,29172,71552991232,28195133000,29796335616,0,0,9247334400
1790329897937,29172,71552991232,28195133000,29796335616,0,0,9247334400
1790329898187,29172,71552991232,28195133000,29796335616,0,0,9247334400
1790329898437,29172,71552991232,28195133000,29796335616,0,0,9247334400
1790329898687,29172,71385219072,28507781704,29964107776,0,0,9505214464
1790329898937,29364,71385219072,28507781704,29964107776,0,0,9505214464
1790329899187,29460,71385219072,28507781704,29964107776,0,0,9505214464
1790329899437,29460,71385219072,28507781704,29964107776,0,0,9505214464
1790329899687,29460,71083229184,29615736268,30266097664,2289625256,1,9763094528
1790329899937,29460,71083229184,29615736268,30266097664,2289625256,1,9763094528
1790329900187,29460,71083229184,29615736268,30266097664,2289625256,1,9763094528
1790329900437,29460,71083229184,29615736268,30266097664,2289625256,1,9763094528
1790329900687,29460,71083229184,29615736268,30266097664,2289625256,1,9763094528
1790329900937,29460,71083229184,29615736268,30266097664,2289625256,1,9763094528
1790329901187,29460,71083229184,29615736268,30266097664,2289625256,1,9763094528
1790329901437,29460,71083229184,28765374024,30266097664,0,0,9763094528
1790329901687,29620,71083229184,28765374024,30266097664,0,0,9763094528
1790329901937,29716,71083229184,28765374024,30266097664,0,0,9763094528
1790329902187,29716,71083229184,28765374024,30266097664,0,0,9763094528
1790329902437,29716,71083229184,28765374024,30266097664,0,0,9763094528
1790329902687,29716,71083229184,28765374024,30266097664,0,0,9763094528
1790329902937,29716,71083229184,28765374024,30266097664,0,0,9763094528
1790329903187,29716,71083229184,28765374024,30266097664,0,0,9763094528
1790329903437,29716,71083229184,28765374024,30266097664,0,0,9763094528
1790329903687,29716,70814793728,29023701320,30534533120,0,0,10020974592
1790329903937,29876,70814793728,29023701320,30534533120,0,0,10020974592
1790329904187,29972,70814793728,29023701320,30534533120,0,0,10020974592
1790329904437,29972,70814793728,29023701320,30534533120,0,0,10020974592
1790329904687,29972,70814793728,29023701320,30534533120,0,0,10020974592
1790329904937,29972,70814793728,29023701320,30534533120,0,0,10020974592
1790329905187,29972,70814793728,29023701320,30534533120,0,0,10020974592
1790329905437,29972,70546358272,29281393864,30802968576,0,0,10278854656
1790329905687,30196,70546358272,29281393864,30802968576,0,0,10278854656
1790329905937,30388,70546358272,29281393864,30802968576,0,0,10278854656
1790329906187,30388,70546358272,29281393864,30802968576,0,0,10278854656
1790329906437,30388,70546358272,29281393864,30802968576,0,0,10278854656
1790329906687,30388,70546358272,29281393864,30802968576,0,0,10278854656
1790329906937,30388,70546358272,29281393864,30802968576,0,0,10278854656
1790329907187,30388,70110150656,30562318284,31239176192,2826175080,1,10620536832
1790329907437,30388,70110150656,30562318284,31239176192,2826175080,1,10620536832
1790329907687,30388,70110150656,30562318284,31239176192,2826175080,1,10620536832
1790329907937,30388,70110150656,30562318284,31239176192,2826175080,1,10620536832
1790329908187,30644,70110150656,29712022856,31239176192,0,0,10620536832
1790329908437,30804,70110150656,29712022856,31239176192,0,0,10620536832
1790329908687,30804,70110150656,29712022856,31239176192,0,0,10620536832
1790329908937,30804,70110150656,29712022856,31239176192,0,0,10620536832
1790329909187,30804,70110150656,29712022856,31239176192,0,0,10620536832
1790329909437,30804,70110150656,29712022856,31239176192,0,0,10620536832
1790329909687,30804,70110150656,29712022856,31239176192,0,0,10620536832
1790329909937,30804,70110150656,29712022856,31239176192,0,0,10620536832
1790329910187,30804,70110150656,29712022856,31239176192,0,0,10620536832
1790329910437,30804,70110150656,29712022856,31239176192,0,0,10620536832
1790329910687,30804,70110150656,29712022856,31239176192,0,0,10620536832
1790329910937,30804,70110150656,29712022856,31239176192,0,0,10620536832
1790329911187,30804,70110150656,29712022856,31239176192,0,0,10620536832
1790329911437,31060,69673943040,30142583240,31675383808,0,0,10962219008
1790329911687,31220,69673943040,30142583240,31675383808,0,0,10962219008
1790329911937,31220,69673943040,30142583240,31675383808,0,0,10962219008
1790329912187,31220,69673943040,30142583240,31675383808,0,0,10962219008
1790329912437,31220,69673943040,30142583240,31675383808,0,0,10962219008
1790329912687,31220,69673943040,30142583240,31675383808,0,0,10962219008
1790329912937,31220,69673943040,30142583240,31675383808,0,0,10962219008
1790329913187,31220,69673943040,30142583240,31675383808,0,0,10962219008
1790329913437,31220,69673943040,30142583240,31675383808,0,0,10962219008
1790329913687,31220,69673943040,30142583240,31675383808,0,0,10962219008
1790329913937,31220,69673943040,30142583240,31675383808,0,0,10962219008
1790329914187,31220,69237735424,31423071564,32111591424,2826191656,1,11303901184
1790329914437,31220,69237735424,31423071564,32111591424,2826191656,1,11303901184
1790329914687,31220,69237735424,31423071564,32111591424,2826191656,1,11303901184
1790329914937,31220,69237735424,31423071564,32111591424,2826191656,1,11303901184
1790329915187,31220,69237735424,30484144712,32111591424,0,0,11303901184
1790329915437,31380,69237735424,30484144712,32111591424,0,0,11303901184
1790329915687,31572,69237735424,30484144712,32111591424,0,0,11303901184
1790329915937,31572,69237735424,30484144712,32111591424,0,0,11303901184
1790329916187,31572,69237735424,30484144712,32111591424,0,0,11303901184
1790329916437,31572,69237735424,30484144712,32111591424,0,0,11303901184
1790329916687,31572,69237735424,30484144712,32111591424,0,0,11303901184
1790329916937,31572,69237735424,30484144712,32111591424,0,0,11303901184
1790329917187,31572,69237735424,30484144712,32111591424,0,0,11303901184
1790329917437,31572,69237735424,30484144712,32111591424,0,0,11303901184
1790329917687,31572,68868636672,30824262216,32480690176,0,0,11644573696
1790329917937,31700,68868636672,30824262216,32480690176,0,0,11644573696
1790329918187,31892,68868636672,30824262216,32480690176,0,0,11644573696
1790329918437,31892,68868636672,30824262216,32480690176,0,0,11644573696
1790329918687,31892,68868636672,30824262216,32480690176,0,0,11644573696
1790329918937,31892,68868636672,30824262216,32480690176,0,0,11644573696
1790329919187,31892,68868636672,30824262216,32480690176,0,0,11644573696
1790329919437,31892,68868636672,30824262216,32480690176,0,0,11644573696
1790329919687,31892,68868636672,30824262216,32480690176,0,0,11644573696
1790329919937,31892,68868636672,30824262216,32480690176,0,0,11644573696
1790329920187,31892,68868636672,30824262216,32480690176,0,0,11644573696
1790329920437,31892,68868636672,30824262216,32480690176,0,0,11644573696
1790329920687,31892,68868636672,30824262216,32480690176,0,0,11644573696
1790329920937,31892,68533092352,32104783948,32816234496,2826243688,1,11986255872
1790329921187,31892,68533092352,32104783948,32816234496,2826243688,1,11986255872
1790329921437,31892,68533092352,31165957320,32816234496,0,0,11986255872
1790329921687,31892,68533092352,31165957320,32816234496,0,0,11986255872
1790329921937,31892,68533092352,31165957320,32816234496,0,0,11986255872
1790329922187,31892,68533092352,31165957320,32816234496,0,0,11986255872
1790329922437,32020,68533092352,31165957320,32816234496,0,0,11986255872
1790329922687,32020,68533092352,31165957320,32816234496,0,0,11986255872
1790329922937,32020,68533092352,31165957320,32816234496,0,0,11986255872
1790329923187,32020,68533092352,31165957320,32816234496,0,0,11986255872
1790329923437,32020,68533092352,31165957320,32816234496,0,0,11986255872
1790329923687,32020,68533092352,31165957320,32816234496,0,0,11986255872
1790329923937,32020,68533092352,31165957320,32816234496,0,0,11986255872
1790329924187,32020,68533092352,31165957320,32816234496,0,0,11986255872
1790329924437,32020,68533092352,31165957320,32816234496,0,0,11986255872
1790329924687,32020,68533092352,31165957320,32816234496,0,0,11986255872
1790329924937,32020,68533092352,31165957320,32816234496,0,0,11986255872
1790329925187,32020,68533092352,31165957320,32816234496,0,0,11986255872
1790329925437,32020,68533092352,31165957320,32816234496,0,0,11986255872
1790329925687,32020,68533092352,31165957320,32816234496,0,0,11986255872
1790329925937,32020,68533092352,31165957320,32816234496,0,0,11986255872
1790329926187,32020,68533092352,31165957320,32816234496,0,0,11986255872
1790329926437,32020,68533092352,31165957320,32816234496,0,0,11986255872
1790329926687,32020,68533092352,31165957320,32816234496,0,0,11986255872
1790329926937,32020,68533092352,31165957320,32816234496,0,0,11986255872
1790329927187,32020,68533092352,31165957320,32816234496,0,0,11986255872
1790329927437,32020,68533092352,31165957320,32816234496,0,0,11986255872
1790329927687,32020,68533092352,31165957320,32816234496,0,0,11986255872
1790329927937,32020,68398874624,32072142412,32950452224,702281256,1,12146198528
1790329928187,32020,68398874624,32072142412,32950452224,702281256,1,12146198528
1790329928437,32020,68398874624,32072142412,32950452224,702281256,1,12146198528
1790329928687,32020,68398874624,32072142412,32950452224,702281256,1,12146198528
1790329928937,32020,68398874624,32072142412,32950452224,702281256,1,12146198528
1790329929187,32020,68398874624,32072142412,32950452224,702281256,1,12146198528
1790329929437,32020,68398874624,32072142412,32950452224,702281256,1,12146198528
1790329929687,32020,68398874624,32072142412,32950452224,702281256,1,12146198528
1790329929937,32020,68398874624,32072142412,32950452224,702281256,1,12146198528
1790329930187,32020,68398874624,32072142412,32950452224,702281256,1,12146198528
1790329930437,32020,68398874624,32072142412,32950452224,702281256,1,12146198528
1790329930687,32020,68398874624,32072142412,32950452224,702281256,1,12146198528
1790329930937,32020,68398874624,32072142412,32950452224,702281256,1,12146198528
1790329931187,32020,68398874624,32072142412,32950452224,702281256,1,12146198528
1790329931437,32020,68398874624,32072142412,32950452224,702281256,1,12146198528
1790329931687,32020,68398874624,32072142412,32950452224,702281256,1,12146198528
1790329931937,32020,68398874624,32072142412,32950452224,702281256,1,12146198528
1790329932187,32020,68398874624,32072142412,32950452224,702281256,1,12146198528
1790329932437,32020,68398874624,32072142412,32950452224,702281256,1,12146198528
1790329932687,32020,68398874624,32072142412,32950452224,702281256,1,12146198528
1790329932937,32020,68398874624,32072142412,32950452224,702281256,1,12146198528
1790329933187,32020,68398874624,32072142412,32950452224,702281256,1,12146198528
1790329933437,32020,68398874624,32072142412,32950452224,702281256,1,12146198528
1790329933687,32020,68398874624,32072142412,32950452224,702281256,1,12146198528
1790329933937,32020,68398874624,32072142412,32950452224,702281256,1,12146198528
1790329934187,32020,68398874624,32072142412,32950452224,702281256,1,12146198528
1790329934437,32020,68398874624,32072142412,32950452224,702281256,1,12146198528
1790329934687,32020,68398874624,32072142412,32950452224,702281256,1,12146198528
1790329934937,32020,68398874624,32072142412,32950452224,702281256,1,12146198528
1790329935187,32020,68398874624,32072142412,32950452224,702281256,1,12146198528
1790329935437,32020,68398874624,32072142412,32950452224,702281256,1,12146198528
1790329935687,32020,68398874624,32072142412,32950452224,702281256,1,12146198528
1790329935937,32020,68398874624,32072142412,32950452224,702281256,1,12146198528
1790329936187,32020,68398874624,32072142412,32950452224,702281256,1,12146198528
1790329936437,32020,68398874624,32072142412,32950452224,702281256,1,12146198528
1790329936687,32020,68398874624,32072142412,32950452224,702281256,1,12146198528
1790329936937,32020,68398874624,32072142412,32950452224,702281256,1,12146198528
1790329937187,32020,68398874624,32072142412,32950452224,702281256,1,12146198528
1790329937437,32020,68398874624,32072142412,32950452224,702281256,1,12146198528
1790329937687,32020,68398874624,32072142412,32950452224,702281256,1,12146198528
1790329937937,32020,68398874624,32072142412,32950452224,702281256,1,12146198528
1790329938187,32020,68398874624,32072142412,32950452224,702281256,1,12146198528
1790329938437,32020,68398874624,32072142412,32950452224,702281256,1,12146198528
1790329938687,32020,68398874624,32072142412,32950452224,702281256,1,12146198528
1790329938937,32020,68398874624,32072142412,32950452224,702281256,1,12146198528
1790329939187,32020,68398874624,32072142412,32950452224,702281256,1,12146198528
1790329939437,32020,68398874624,32072142412,32950452224,702281256,1,12146198528
1790329939687,32020,68398874624,32072142412,32950452224,702281256,1,12146198528
1790329939937,32020,68398874624,32072142412,32950452224,702281256,1,12146198528
1790329940187,32020,68398874624,32072142412,32950452224,702281256,1,12146198528
1790329940437,32020,68398874624,32072142412,32950452224,702281256,1,12146198528
1790329940687,32020,68398874624,32072142412,32950452224,702281256,1,12146198528
1790329940937,32020,68398874624,32072142412,32950452224,702281256,1,12146198528
1790329941187,32020,68398874624,32072142412,32950452224,702281256,1,12146198528
1790329941437,32020,68398874624,32072142412,32950452224,702281256,1,12146198528
1790329941687,32020,68398874624,32072142412,32950452224,702281256,1,12146198528
1790329941937,32020,68398874624,32072142412,32950452224,702281256,1,12146198528
1790329942187,32020,68398874624,32072142412,32950452224,702281256,1,12146198528
1790329942437,32020,68398874624,32072142412,32950452224,702281256,1,12146198528
1790329942687,32020,68398874624,32072142412,32950452224,702281256,1,12146198528
1790329942937,32020,68398874624,32072142412,32950452224,702281256,1,12146198528
1790329943187,32020,68398874624,32072142412,32950452224,702281256,1,12146198528
1790329943437,32020,68398874624,32072142412,32950452224,702281256,1,12146198528
1790329943687,32020,68398874624,32072142412,32950452224,702281256,1,12146198528
1790329943937,32020,68398874624,32072142412,32950452224,702281256,1,12146198528
1790329944187,32020,68398874624,32072142412,32950452224,702281256,1,12146198528
1790329944437,32020,68398874624,32072142412,32950452224,702281256,1,12146198528
1790329944687,32020,68398874624,32072142412,32950452224,702281256,1,12146198528
1790329944937,32020,68398874624,32072142412,32950452224,702281256,1,12146198528
1790329945187,32020,68398874624,32072142412,32950452224,702281256,1,12146198528
1790329945437,32020,68398874624,32072142412,32950452224,702281256,1,12146198528
1790329945687,32020,68398874624,32072142412,32950452224,702281256,1,12146198528
1790329945937,32020,68398874624,32072142412,32950452224,702281256,1,12146198528
1790329946187,32020,68398874624,32072142412,32950452224,702281256,1,12146198528
1790329946437,32020,68398874624,32072142412,32950452224,702281256,1,12146198528
1790329946687,32020,68398874624,32072142412,32950452224,702281256,1,12146198528
1790329946937,32020,68398874624,32072142412,32950452224,702281256,1,12146198528
1790329947187,32020,68398874624,32072142412,32950452224,702281256,1,12146198528
1790329947437,32020,68398874624,32072142412,32950452224,702281256,1,12146198528
1790329947687,32020,68398874624,32072142412,32950452224,702281256,1,12146198528
1790329947937,32020,68398874624,32072142412,32950452224,702281256,1,12146198528
1790329948187,32020,68398874624,32072142412,32950452224,702281256,1,12146198528
1790329948437,32020,68398874624,32072142412,32950452224,702281256,1,12146198528
1790329948687,32020,68398874624,32072142412,32950452224,702281256,1,12146198528
1790329948937,32020,68398874624,32072142412,32950452224,702281256,1,12146198528
1790329949187,32020,68398874624,32072142412,32950452224,702281256,1,12146198528
1790329949437,32020,68398874624,32072142412,32950452224,702281256,1,12146198528
1790329949687,32020,68398874624,32072142412,32950452224,702281256,1,12146198528
1790329949937,32020,68398874624,32072142412,32950452224,702281256,1,12146198528
1790329950187,32020,68398874624,32072142412,32950452224,702281256,1,12146198528
1790329950437,32020,68398874624,32072142412,32950452224,702281256,1,12146198528
1790329950687,32020,68398874624,32072142412,32950452224,702281256,1,12146198528
1790329950937,32020,68398874624,32072142412,32950452224,702281256,1,12146198528
1790329951187,32020,68398874624,32072142412,32950452224,702281256,1,12146198528
1790329951437,32020,68398874624,32072142412,32950452224,702281256,1,12146198528
1790329951687,32020,68398874624,32072142412,32950452224,702281256,1,12146198528
1790329951937,32020,68398874624,32072142412,32950452224,702281256,1,12146198528
1790329952187,32020,68398874624,32072142412,32950452224,702281256,1,12146198528
1790329952437,32020,68398874624,32072142412,32950452224,702281256,1,12146198528
1790329952687,32020,68398874624,32072142412,32950452224,702281256,1,12146198528
1790329952937,32020,68398874624,32072142412,32950452224,702281256,1,12146198528
1790329953187,32020,68398874624,32072142412,32950452224,702281256,1,12146198528
1790329953437,32020,68398874624,32072142412,32950452224,702281256,1,12146198528
1790329953687,32020,68398874624,32072142412,32950452224,702281256,1,12146198528
1790329953937,32020,68398874624,32072142412,32950452224,702281256,1,12146198528
1790329954187,32020,68398874624,32072142412,32950452224,702281256,1,12146198528
1790329954437,32020,68398874624,32072142412,32950452224,702281256,1,12146198528
1790329954687,32020,68398874624,32072142412,32950452224,702281256,1,12146198528
1790329954937,32020,68398874624,32072142412,32950452224,702281256,1,12146198528
1790329955187,32020,68398874624,32072142412,32950452224,702281256,1,12146198528
1790329955437,32020,68398874624,32072142412,32950452224,702281256,1,12146198528
1790329955687,32020,68398874624,32072142412,32950452224,702281256,1,12146198528
1790329955937,32020,68398874624,32072142412,32950452224,702281256,1,12146198528
1790329956187,32020,68398874624,32072142412,32950452224,702281256,1,12146198528
1790329956437,32020,68398874624,32072142412,32950452224,702281256,1,12146198528
1790329956687,32020,68398874624,32072142412,32950452224,702281256,1,12146198528
1790329956937,32020,68398874624,32072142412,32950452224,702281256,1,12146198528
1790329957187,32020,68398874624,32072142412,32950452224,702281256,1,12146198528
1790329957437,32020,68398874624,32072142412,32950452224,702281256,1,12146198528
1790329957687,32020,68398874624,32072142412,32950452224,702281256,1,12146198528
1790329957937,32020,68398874624,32072142412,32950452224,702281256,1,12146198528
1790329958187,32020,68398874624,32072142412,32950452224,702281256,1,12146198528
1790329958437,32020,68398874624,32072142412,32950452224,702281256,1,12146198528
1790329958687,32020,68398874624,32072142412,32950452224,702281256,1,12146198528
1790329958937,32020,68398874624,32072142412,32950452224,702281256,1,12146198528
1790329959187,32020,68398874624,32072142412,32950452224,702281256,1,12146198528
1790329959437,32020,68398874624,32072142412,32950452224,702281256,1,12146198528
1790329959687,32020,68398874624,32072142412,32950452224,702281256,1,12146198528
1790329959937,32020,68398874624,31133850312,32950452224,0,0,12146198528
1790329960187,32020,68398874624,31133850312,32950452224,0,0,12146198528
1790329960437,32020,68398874624,31133850312,32950452224,0,0,12146198528
1790329960687,32020,68398874624,32040035404,32950452224,702281256,1,12306141184
1790329960937,32020,68398874624,32040035404,32950452224,702281256,1,12306141184
1790329961187,32020,68398874624,32040035404,32950452224,702281256,1,12306141184
1790329961437,32020,68398874624,32040035404,32950452224,702281256,1,12306141184
1790329961687,32020,68398874624,32040035404,32950452224,702281256,1,12306141184
1790329961937,32020,68398874624,32040035404,32950452224,702281256,1,12306141184
1790329962187,32020,68398874624,32040035404,32950452224,702281256,1,12306141184
1790329962437,32020,68398874624,32040035404,32950452224,702281256,1,12306141184
1790329962687,32020,68398874624,32040035404,32950452224,702281256,1,12306141184
1790329962937,32020,68398874624,32040035404,32950452224,702281256,1,12306141184
1790329963187,32020,68398874624,32040035404,32950452224,702281256,1,12306141184
1790329963437,32020,68398874624,32040035404,32950452224,702281256,1,12306141184
1790329963687,32020,68398874624,32040035404,32950452224,702281256,1,12306141184
1790329963937,32020,68398874624,32040035404,32950452224,702281256,1,12306141184
1790329964187,32020,68398874624,32040035404,32950452224,702281256,1,12306141184
1790329964437,32020,68398874624,32040035404,32950452224,702281256,1,12306141184
1790329964687,32020,68398874624,32040035404,32950452224,702281256,1,12306141184
1790329964937,32020,68398874624,32040035404,32950452224,702281256,1,12306141184
1790329965187,32020,68398874624,32040035404,32950452224,702281256,1,12306141184
1790329965437,32020,68398874624,32040035404,32950452224,702281256,1,12306141184
1790329965687,32020,68398874624,32040035404,32950452224,702281256,1,12306141184
1790329965937,32020,68398874624,32040035404,32950452224,702281256,1,12306141184
1790329966187,32020,68398874624,32040035404,32950452224,702281256,1,12306141184
1790329966437,32020,68398874624,32040035404,32950452224,702281256,1,12306141184
1790329966687,32020,68398874624,32040035404,32950452224,702281256,1,12306141184
1790329966937,32020,68398874624,32040035404,32950452224,702281256,1,12306141184
1790329967187,32020,68398874624,32040035404,32950452224,702281256,1,12306141184
1790329967437,32020,68398874624,32040035404,32950452224,702281256,1,12306141184
1790329967687,32020,68398874624,32040035404,32950452224,702281256,1,12306141184
1790329967937,32020,68398874624,32040035404,32950452224,702281256,1,12306141184
1790329968187,32020,68398874624,32040035404,32950452224,702281256,1,12306141184
1790329968437,32020,68398874624,32040035404,32950452224,702281256,1,12306141184
1790329968687,32020,68398874624,32040035404,32950452224,702281256,1,12306141184
1790329968937,32020,68398874624,32040035404,32950452224,702281256,1,12306141184
1790329969187,32020,68398874624,32040035404,32950452224,702281256,1,12306141184
1790329969437,32020,68398874624,32040035404,32950452224,702281256,1,12306141184
1790329969687,32020,68398874624,32040035404,32950452224,702281256,1,12306141184
1790329969937,32020,68398874624,32040035404,32950452224,702281256,1,12306141184
1790329970187,32020,68398874624,32040035404,32950452224,702281256,1,12306141184
1790329970437,32020,68398874624,32040035404,32950452224,702281256,1,12306141184
1790329970687,32020,68398874624,32040035404,32950452224,702281256,1,12306141184
1790329970937,32020,68398874624,32040035404,32950452224,702281256,1,12306141184
1790329971187,32020,68398874624,32040035404,32950452224,702281256,1,12306141184
1790329971437,32020,68398874624,32040035404,32950452224,702281256,1,12306141184
1790329971687,32020,68398874624,32040035404,32950452224,702281256,1,12306141184
1790329971937,32020,68398874624,32040035404,32950452224,702281256,1,12306141184
1790329972187,32020,68398874624,32040035404,32950452224,702281256,1,12306141184
1790329972437,32020,68398874624,32040035404,32950452224,702281256,1,12306141184
1790329972687,32020,68398874624,32040035404,32950452224,702281256,1,12306141184
1790329972937,32020,68398874624,32040035404,32950452224,702281256,1,12306141184
1790329973187,32020,68398874624,32040035404,32950452224,702281256,1,12306141184
1790329973437,32020,68398874624,32040035404,32950452224,702281256,1,12306141184
1790329973687,32020,68398874624,32040035404,32950452224,702281256,1,12306141184
1790329973937,32020,68398874624,32040035404,32950452224,702281256,1,12306141184
1790329974187,32020,68398874624,32040035404,32950452224,702281256,1,12306141184
1790329974437,32020,68398874624,32040035404,32950452224,702281256,1,12306141184
1790329974687,32020,68398874624,32040035404,32950452224,702281256,1,12306141184
1790329974937,32020,68398874624,32040035404,32950452224,702281256,1,12306141184
1790329975187,32020,68398874624,32040035404,32950452224,702281256,1,12306141184
1790329975437,32020,68398874624,32040035404,32950452224,702281256,1,12306141184
1790329975687,32020,68398874624,32040035404,32950452224,702281256,1,12306141184
1790329975937,32020,68398874624,32040035404,32950452224,702281256,1,12306141184
1790329976187,32020,68398874624,32040035404,32950452224,702281256,1,12306141184
1790329976437,32020,68398874624,32040035404,32950452224,702281256,1,12306141184
1790329976687,32020,68398874624,32040035404,32950452224,702281256,1,12306141184
1790329976937,32020,68398874624,32040035404,32950452224,702281256,1,12306141184
1790329977187,32020,68398874624,32040035404,32950452224,702281256,1,12306141184
1790329977437,32020,68398874624,32040035404,32950452224,702281256,1,12306141184
1790329977687,32020,68398874624,32040035404,32950452224,702281256,1,12306141184
1790329977937,32020,68398874624,32040035404,32950452224,702281256,1,12306141184
1790329978187,32020,68398874624,32040035404,32950452224,702281256,1,12306141184
1790329978437,32020,68398874624,32040035404,32950452224,702281256,1,12306141184
1790329978687,32020,68398874624,32040035404,32950452224,702281256,1,12306141184
1790329978937,32020,68398874624,32040035404,32950452224,702281256,1,12306141184
1790329979187,32020,68398874624,32040035404,32950452224,702281256,1,12306141184
1790329979437,32020,68398874624,32040035404,32950452224,702281256,1,12306141184
1790329979687,32020,68398874624,32040035404,32950452224,702281256,1,12306141184
1790329979937,32020,68398874624,32040035404,32950452224,702281256,1,12306141184
1790329980187,32020,68398874624,32040035404,32950452224,702281256,1,12306141184
1790329980437,32020,68398874624,32040035404,32950452224,702281256,1,12306141184
1790329980687,32020,68398874624,32040035404,32950452224,702281256,1,12306141184
1790329980937,32020,68398874624,32040035404,32950452224,702281256,1,12306141184
1790329981187,32020,68398874624,32040035404,32950452224,702281256,1,12306141184
1790329981437,32020,68398874624,32040035404,32950452224,702281256,1,12306141184
1790329981687,32020,68398874624,32040035404,32950452224,702281256,1,12306141184
1790329981937,32020,68398874624,32040035404,32950452224,702281256,1,12306141184
1790329982187,32020,68398874624,32040035404,32950452224,702281256,1,12306141184
1790329982437,32020,68398874624,32040035404,32950452224,702281256,1,12306141184
1790329982687,32020,68398874624,32040035404,32950452224,702281256,1,12306141184
1790329982937,32020,68398874624,32040035404,32950452224,702281256,1,12306141184
1790329983187,32020,68398874624,32040035404,32950452224,702281256,1,12306141184
1790329983437,32020,68398874624,32040035404,32950452224,702281256,1,12306141184
1790329983687,32020,68398874624,32040035404,32950452224,702281256,1,12306141184
1790329983937,32020,68398874624,32040035404,32950452224,702281256,1,12306141184
1790329984187,32020,68398874624,32040035404,32950452224,702281256,1,12306141184
1790329984437,32020,68398874624,32040035404,32950452224,702281256,1,12306141184
1790329984687,32020,68398874624,32040035404,32950452224,702281256,1,12306141184
1790329984937,32020,68398874624,32040035404,32950452224,702281256,1,12306141184
1790329985187,32020,68398874624,32040035404,32950452224,702281256,1,12306141184
1790329985437,32020,68398874624,32040035404,32950452224,702281256,1,12306141184
1790329985687,32020,68398874624,32040035404,32950452224,702281256,1,12306141184
1790329985937,32020,68398874624,32040035404,32950452224,702281256,1,12306141184
1790329986187,32020,68398874624,32040035404,32950452224,702281256,1,12306141184
1790329986437,32020,68398874624,32040035404,32950452224,702281256,1,12306141184
1790329986687,32020,68398874624,32040035404,32950452224,702281256,1,12306141184
1790329986937,32020,68398874624,32040035404,32950452224,702281256,1,12306141184
1790329987187,32020,68398874624,32040035404,32950452224,702281256,1,12306141184
1790329987437,32020,68398874624,32040035404,32950452224,702281256,1,12306141184
1790329987687,32020,68398874624,32040035404,32950452224,702281256,1,12306141184
1790329987937,32020,68398874624,32040035404,32950452224,702281256,1,12306141184
1790329988187,32020,68398874624,32040035404,32950452224,702281256,1,12306141184
1790329988437,32020,68398874624,32040035404,32950452224,702281256,1,12306141184
1790329988687,32020,68398874624,32040035404,32950452224,702281256,1,12306141184
1790329988937,32020,68398874624,32040035404,32950452224,702281256,1,12306141184
1790329989187,32020,68398874624,32040035404,32950452224,702281256,1,12306141184
1790329989437,32020,68398874624,32040035404,32950452224,702281256,1,12306141184
1790329989687,32020,68398874624,32040035404,32950452224,702281256,1,12306141184
1790329989937,32020,68398874624,32040035404,32950452224,702281256,1,12306141184
1790329990187,32020,68398874624,32040035404,32950452224,702281256,1,12306141184
1790329990437,32020,68398874624,32040035404,32950452224,702281256,1,12306141184
1790329990687,32020,68398874624,32040035404,32950452224,702281256,1,12306141184
1790329990937,32020,68398874624,32040035404,32950452224,702281256,1,12306141184
1790329991187,32020,68398874624,32040035404,32950452224,702281256,1,12306141184
1790329991437,32020,68398874624,32040035404,32950452224,702281256,1,12306141184
1790329991687,32020,68398874624,32040035404,32950452224,702281256,1,12306141184
1790329991937,32020,68398874624,32040035404,32950452224,702281256,1,12306141184
1790329992187,32020,68398874624,32040035404,32950452224,702281256,1,12306141184
1790329992437,32020,68398874624,32040035404,32950452224,702281256,1,12306141184
1790329992687,32020,68398874624,32040035404,32950452224,702281256,1,12306141184
1790329992937,32020,68398874624,32040035404,32950452224,702281256,1,12306141184
1790329993187,32020,68398874624,32040035404,32950452224,702281256,1,12306141184
1790329993437,32020,68398874624,32040035404,32950452224,702281256,1,12306141184
1790329993687,32020,68398874624,32040035404,32950452224,702281256,1,12306141184
1790329993937,32020,68398874624,32040035404,32950452224,702281256,1,12306141184
1790329994187,32020,68398874624,32040035404,32950452224,702281256,1,12306141184
1790329994437,32020,68398874624,32040035404,32950452224,702281256,1,12306141184
1790329994687,32020,68398874624,32040035404,32950452224,702281256,1,12306141184
1790329994937,32020,68398874624,32040035404,32950452224,702281256,1,12306141184
1790329995187,32020,68398874624,32040035404,32950452224,702281256,1,12306141184
1790329995437,32020,68398874624,32040035404,32950452224,702281256,1,12306141184
1790329995687,32020,68398874624,32040035404,32950452224,702281256,1,12306141184
1790329995937,32020,68398874624,32040035404,32950452224,702281256,1,12306141184
1790329996187,32020,68398874624,32040035404,32950452224,702281256,1,12306141184
1790329996437,32020,68398874624,32040035404,32950452224,702281256,1,12306141184
1790329996687,32020,68398874624,32040035404,32950452224,702281256,1,12306141184
1790329996937,32020,68398874624,32040035404,32950452224,702281256,1,12306141184
1790329997187,32020,68398874624,32040035404,32950452224,702281256,1,12306141184
1790329997437,32020,68398874624,32040035404,32950452224,702281256,1,12306141184
1790329997687,32020,68398874624,32040035404,32950452224,702281256,1,12306141184
1790329997937,32020,68398874624,31101175368,32950452224,0,0,12306141184
1790329998187,32020,68398874624,31101175368,32950452224,0,0,12306141184
1790329998437,32020,68398874624,31101175368,32950452224,0,0,12306141184
1790329998687,32020,68398874624,31101175368,32950452224,0,0,12306141184
1790329998937,32020,68398874624,31101175368,32950452224,0,0,12306141184
1790329999187,32020,68398874624,31101175368,32950452224,0,0,12306141184
1790329999437,32020,68398874624,31101175368,32950452224,0,0,12306141184
1790329999687,32020,68398874624,32007360460,32950452224,702281256,1,12466083840
1790329999937,32020,68398874624,32007360460,32950452224,702281256,1,12466083840
1790330000187,32020,68398874624,32007360460,32950452224,702281256,1,12466083840
1790330000437,32020,68398874624,32007360460,32950452224,702281256,1,12466083840
1790330000687,32020,68398874624,32007360460,32950452224,702281256,1,12466083840
1790330000937,32020,68398874624,32007360460,32950452224,702281256,1,12466083840
1790330001187,32020,68398874624,32007360460,32950452224,702281256,1,12466083840
1790330001437,32020,68398874624,32007360460,32950452224,702281256,1,12466083840
1790330001687,32020,68398874624,32007360460,32950452224,702281256,1,12466083840
1790330001937,32020,68398874624,32007360460,32950452224,702281256,1,12466083840
1790330002187,32020,68398874624,32007360460,32950452224,702281256,1,12466083840
1790330002437,32020,68398874624,32007360460,32950452224,702281256,1,12466083840
1790330002687,32020,68398874624,32007360460,32950452224,702281256,1,12466083840
1790330002937,32020,68398874624,32007360460,32950452224,702281256,1,12466083840
1790330003187,32020,68398874624,32007360460,32950452224,702281256,1,12466083840
1790330003437,32020,68398874624,32007360460,32950452224,702281256,1,12466083840
1790330003687,32020,68398874624,32007360460,32950452224,702281256,1,12466083840
1790330003937,32020,68398874624,32007360460,32950452224,702281256,1,12466083840
1790330004187,32020,68398874624,32007360460,32950452224,702281256,1,12466083840
1790330004437,32020,68398874624,32007360460,32950452224,702281256,1,12466083840
1790330004687,32020,68398874624,32007360460,32950452224,702281256,1,12466083840
1790330004937,32020,68398874624,32007360460,32950452224,702281256,1,12466083840
1790330005187,32020,68398874624,32007360460,32950452224,702281256,1,12466083840
1790330005437,32020,68398874624,32007360460,32950452224,702281256,1,12466083840
1790330005687,32020,68398874624,32007360460,32950452224,702281256,1,12466083840
1790330005937,32020,68398874624,32007360460,32950452224,702281256,1,12466083840
1790330006187,32020,68398874624,32007360460,32950452224,702281256,1,12466083840
1790330006437,32020,68398874624,32007360460,32950452224,702281256,1,12466083840
1790330006687,32020,68398874624,32007360460,32950452224,702281256,1,12466083840
1790330006937,32020,68398874624,32007360460,32950452224,702281256,1,12466083840
1790330007187,32020,68398874624,32007360460,32950452224,702281256,1,12466083840
1790330007437,32020,68398874624,32007360460,32950452224,702281256,1,12466083840
1790330007687,32020,68398874624,32007360460,32950452224,702281256,1,12466083840
1790330007937,32020,68398874624,32007360460,32950452224,702281256,1,12466083840
1790330008187,32020,68398874624,32007360460,32950452224,702281256,1,12466083840
1790330008437,32020,68398874624,32007360460,32950452224,702281256,1,12466083840
1790330008687,32020,68398874624,32007360460,32950452224,702281256,1,12466083840
1790330008937,32020,68398874624,32007360460,32950452224,702281256,1,12466083840
1790330009187,32020,68398874624,32007360460,32950452224,702281256,1,12466083840
1790330009437,32020,68398874624,32007360460,32950452224,702281256,1,12466083840
1790330009687,32020,68398874624,32007360460,32950452224,702281256,1,12466083840
1790330009937,32020,68398874624,32007360460,32950452224,702281256,1,12466083840
1790330010187,32020,68398874624,32007360460,32950452224,702281256,1,12466083840
1790330010437,32020,68398874624,32007360460,32950452224,702281256,1,12466083840
1790330010687,32020,68398874624,32007360460,32950452224,702281256,1,12466083840
1790330010937,32020,68398874624,32007360460,32950452224,702281256,1,12466083840
1790330011187,32020,68398874624,32007360460,32950452224,702281256,1,12466083840
1790330011437,32020,68398874624,32007360460,32950452224,702281256,1,12466083840
1790330011687,32020,68398874624,32007360460,32950452224,702281256,1,12466083840
1790330011937,32020,68398874624,32007360460,32950452224,702281256,1,12466083840
1790330012187,32020,68398874624,32007360460,32950452224,702281256,1,12466083840
1790330012437,32020,68398874624,32007360460,32950452224,702281256,1,12466083840
1790330012687,32020,68398874624,32007360460,32950452224,702281256,1,12466083840
1790330012937,32020,68398874624,32007360460,32950452224,702281256,1,12466083840
1790330013187,32020,68398874624,32007360460,32950452224,702281256,1,12466083840
1790330013437,32020,68398874624,32007360460,32950452224,702281256,1,12466083840
1790330013687,32020,68398874624,32007360460,32950452224,702281256,1,12466083840
1790330013937,32020,68398874624,32007360460,32950452224,702281256,1,12466083840
1790330014187,32020,68398874624,32007360460,32950452224,702281256,1,12466083840
1790330014437,32020,68398874624,32007360460,32950452224,702281256,1,12466083840
1790330014687,32020,68398874624,32007360460,32950452224,702281256,1,12466083840
1790330014937,32020,68398874624,32007360460,32950452224,702281256,1,12466083840
1790330015187,32020,68398874624,32007360460,32950452224,702281256,1,12466083840
1790330015437,32020,68398874624,32007360460,32950452224,702281256,1,12466083840
1790330015687,32020,68398874624,32007360460,32950452224,702281256,1,12466083840
1790330015937,32020,68398874624,32007360460,32950452224,702281256,1,12466083840
1790330016187,32020,68398874624,32007360460,32950452224,702281256,1,12466083840
1790330016437,32020,68398874624,32007360460,32950452224,702281256,1,12466083840
1790330016687,32020,68398874624,32007360460,32950452224,702281256,1,12466083840
1790330016937,32020,68398874624,32007360460,32950452224,702281256,1,12466083840
1790330017187,32020,68398874624,32007360460,32950452224,702281256,1,12466083840
1790330017437,32020,68398874624,32007360460,32950452224,702281256,1,12466083840
1790330017687,32020,68398874624,32007360460,32950452224,702281256,1,12466083840
1790330017937,32020,68398874624,32007360460,32950452224,702281256,1,12466083840
1790330018187,32020,68398874624,32007360460,32950452224,702281256,1,12466083840
1790330018437,32020,68398874624,32007360460,32950452224,702281256,1,12466083840
1790330018687,32020,68398874624,32007360460,32950452224,702281256,1,12466083840
1790330018937,32020,68398874624,32007360460,32950452224,702281256,1,12466083840
1790330019187,32020,68398874624,32007360460,32950452224,702281256,1,12466083840
1790330019437,32020,68398874624,32007360460,32950452224,702281256,1,12466083840
1790330019687,32020,68398874624,32007360460,32950452224,702281256,1,12466083840
1790330019937,32020,68398874624,32007360460,32950452224,702281256,1,12466083840
1790330020187,32020,68398874624,32007360460,32950452224,702281256,1,12466083840
1790330020437,32020,68398874624,32007360460,32950452224,702281256,1,12466083840
1790330020687,32020,68398874624,32007360460,32950452224,702281256,1,12466083840
1790330020937,32020,68398874624,32007360460,32950452224,702281256,1,12466083840
1790330021187,32020,68398874624,32007360460,32950452224,702281256,1,12466083840
1790330021437,32020,68398874624,32007360460,32950452224,702281256,1,12466083840
1790330021687,32020,68398874624,32007360460,32950452224,702281256,1,12466083840
1790330021937,32020,68398874624,32007360460,32950452224,702281256,1,12466083840
1790330022187,32020,68398874624,32007360460,32950452224,702281256,1,12466083840
1790330022437,32020,68398874624,32007360460,32950452224,702281256,1,12466083840
1790330022687,32020,68398874624,32007360460,32950452224,702281256,1,12466083840
1790330022937,32020,68398874624,32007360460,32950452224,702281256,1,12466083840
1790330023187,32020,68398874624,32007360460,32950452224,702281256,1,12466083840
1790330023437,32020,68398874624,32007360460,32950452224,702281256,1,12466083840
1790330023687,32020,68398874624,32007360460,32950452224,702281256,1,12466083840
1790330023937,32020,68398874624,32007360460,32950452224,702281256,1,12466083840
1790330024187,32020,68398874624,32007360460,32950452224,702281256,1,12466083840
1790330024437,32020,68398874624,32007360460,32950452224,702281256,1,12466083840
1790330024687,32020,68398874624,32007360460,32950452224,702281256,1,12466083840
1790330024937,32020,68398874624,32007360460,32950452224,702281256,1,12466083840
1790330025187,32020,68398874624,32007360460,32950452224,702281256,1,12466083840
1790330025437,32020,68398874624,32007360460,32950452224,702281256,1,12466083840
1790330025687,32020,68398874624,32007360460,32950452224,702281256,1,12466083840
1790330025937,32020,68398874624,32007360460,32950452224,702281256,1,12466083840
1790330026187,32020,68398874624,32007360460,32950452224,702281256,1,12466083840
1790330026437,32020,68398874624,32007360460,32950452224,702281256,1,12466083840
1790330026687,32020,68398874624,32007360460,32950452224,702281256,1,12466083840
1790330026937,32020,68398874624,32007360460,32950452224,702281256,1,12466083840
1790330027187,32020,68398874624,32007360460,32950452224,702281256,1,12466083840
1790330027437,32020,68398874624,32007360460,32950452224,702281256,1,12466083840
1790330027687,32020,68398874624,32007360460,32950452224,702281256,1,12466083840
1790330027937,32020,68398874624,32007360460,32950452224,702281256,1,12466083840
1790330028187,32020,68398874624,32007360460,32950452224,702281256,1,12466083840
1790330028437,32020,68398874624,32007360460,32950452224,702281256,1,12466083840
1790330028687,32020,68398874624,32007360460,32950452224,702281256,1,12466083840
1790330028937,32020,68398874624,32007360460,32950452224,702281256,1,12466083840
1790330029187,32020,68398874624,32007360460,32950452224,702281256,1,12466083840
1790330029437,32020,68398874624,32007360460,32950452224,702281256,1,12466083840
1790330029687,32020,68398874624,32007360460,32950452224,702281256,1,12466083840
1790330029937,32020,68398874624,32007360460,32950452224,702281256,1,12466083840
1790330030187,32020,68398874624,32007360460,32950452224,702281256,1,12466083840
1790330030437,32020,68398874624,32007360460,32950452224,702281256,1,12466083840
1790330030687,32020,68398874624,32007360460,32950452224,702281256,1,12466083840
1790330030937,32020,68398874624,32007360460,32950452224,702281256,1,12466083840
1790330031187,32020,68398874624,32007360460,32950452224,702281256,1,12466083840
1790330031437,32020,68398874624,32007360460,32950452224,702281256,1,12466083840
1790330031687,32020,68398874624,32007360460,32950452224,702281256,1,12466083840
1790330031937,32020,68398874624,32007360460,32950452224,702281256,1,12466083840
1790330032187,32020,68398874624,32007360460,32950452224,702281256,1,12466083840
1790330032437,32020,68398874624,32007360460,32950452224,702281256,1,12466083840
1790330032687,32020,68398874624,32007360460,32950452224,702281256,1,12466083840
1790330032937,32020,68398874624,32007360460,32950452224,702281256,1,12466083840
1790330033187,32020,68398874624,32007360460,32950452224,702281256,1,12466083840
1790330033437,32020,68398874624,32007360460,32950452224,702281256,1,12466083840
1790330033687,32020,68398874624,32007360460,32950452224,702281256,1,12466083840
1790330033937,32020,68398874624,32007360460,32950452224,702281256,1,12466083840
1790330034187,32020,68398874624,32007360460,32950452224,702281256,1,12466083840
1790330034437,32020,68398874624,32007360460,32950452224,702281256,1,12466083840
1790330034687,32020,68398874624,32007360460,32950452224,702281256,1,12466083840
1790330034937,32020,68398874624,32007360460,32950452224,702281256,1,12466083840
1790330035187,32020,68398874624,32007360460,32950452224,702281256,1,12466083840
1790330035437,32020,68398874624,32007360460,32950452224,702281256,1,12466083840
1790330035687,32020,68398874624,32007360460,32950452224,702281256,1,12466083840
1790330035937,32020,68398874624,32007360460,32950452224,702281256,1,12466083840
1790330036187,32020,68398874624,32007360460,32950452224,702281256,1,12466083840
1790330036437,32020,68398874624,32007360460,32950452224,702281256,1,12466083840
1790330036687,32020,68398874624,32007360460,32950452224,702281256,1,12466083840
1790330036937,32020,68398874624,32007360460,32950452224,702281256,1,12466083840
1790330037187,32020,68398874624,32007360460,32950452224,702281256,1,12466083840
1790330037437,32020,68398874624,32007360460,32950452224,702281256,1,12466083840
1790330037687,32020,68398874624,32007360460,32950452224,702281256,1,12466083840
1790330037937,32020,68398874624,32007360460,32950452224,702281256,1,12466083840
1790330038187,32020,68398874624,32007360460,32950452224,702281256,1,12466083840
1790330038437,32020,68398874624,32007360460,32950452224,702281256,1,12466083840
1790330038687,32020,68398874624,32007360460,32950452224,702281256,1,12466083840
1790330038937,32020,68398874624,32007360460,32950452224,702281256,1,12466083840
1790330039187,32020,68398874624,32007360460,32950452224,702281256,1,12466083840
1790330039437,32020,68398874624,32007360460,32950452224,702281256,1,12466083840
1790330039687,32020,68398874624,32007360460,32950452224,702281256,1,12466083840
1790330039937,32084,68398874624,31261097544,32950452224,0,0,12466083840
1790330040187,32084,68398874624,31261097544,32950452224,0,0,12466083840
1790330040437,32212,68398874624,31261097544,32950452224,0,0,12466083840
1790330040687,32212,68398874624,31261097544,32950452224,0,0,12466083840
1790330040937,32212,68398874624,31261097544,32950452224,0,0,12466083840
1790330041187,32212,68398874624,31261097544,32950452224,0,0,12466083840
1790330041437,32212,68398874624,31261097544,32950452224,0,0,12466083840
1790330041687,32212,68398874624,31261097544,32950452224,0,0,12466083840
1790330041937,32212,68398874624,31261097544,32950452224,0,0,12466083840
1790330042187,32212,68398874624,31261097544,32950452224,0,0,12466083840
1790330042437,32212,68398874624,31261097544,32950452224,0,0,12466083840
1790330042687,32212,68398874624,31261097544,32950452224,0,0,12466083840
1790330042937,32212,68398874624,31261097544,32950452224,0,0,12466083840
1790330043187,32212,68398874624,31261097544,32950452224,0,0,12466083840
1790330043437,32212,68398874624,31261097544,32950452224,0,0,12466083840
1790330043687,32212,68197548032,32267228236,33151778816,1489399400,1,12674490368
1790330043937,32212,68197548032,32267228236,33151778816,1489399400,1,12674490368
1790330044187,32212,68197548032,32267228236,33151778816,1489399400,1,12674490368
1790330044437,32212,68197548032,32267228236,33151778816,1489399400,1,12674490368
1790330044687,32212,68197548032,32267228236,33151778816,1489399400,1,12674490368
1790330044937,32212,68197548032,32267228236,33151778816,1489399400,1,12674490368
1790330045187,32212,68197548032,32267228236,33151778816,1489399400,1,12674490368
1790330045437,32212,68197548032,32267228236,33151778816,1489399400,1,12674490368
1790330045687,32212,68197548032,32267228236,33151778816,1489399400,1,12674490368
1790330045937,32212,68197548032,32267228236,33151778816,1489399400,1,12674490368
1790330046187,32212,68197548032,32267228236,33151778816,1489399400,1,12674490368
1790330046437,32212,68197548032,32267228236,33151778816,1489399400,1,12674490368
1790330046687,32212,68197548032,32267228236,33151778816,1489399400,1,12674490368
1790330046937,32212,68197548032,32267228236,33151778816,1489399400,1,12674490368
1790330047187,32212,68197548032,32267228236,33151778816,1489399400,1,12674490368
1790330047437,32212,68197548032,32267228236,33151778816,1489399400,1,12674490368
1790330047687,32212,68197548032,32267228236,33151778816,1489399400,1,12674490368
1790330047937,32212,68197548032,32267228236,33151778816,1489399400,1,12674490368
1790330048187,32212,68197548032,32267228236,33151778816,1489399400,1,12674490368
1790330048437,32212,68197548032,32267228236,33151778816,1489399400,1,12674490368
1790330048687,32212,68197548032,32267228236,33151778816,1489399400,1,12674490368
1790330048937,32212,68197548032,32267228236,33151778816,1489399400,1,12674490368
1790330049187,32212,68197548032,32267228236,33151778816,1489399400,1,12674490368
1790330049437,32212,68197548032,32267228236,33151778816,1489399400,1,12674490368
1790330049687,32212,68197548032,32267228236,33151778816,1489399400,1,12674490368
1790330049937,32212,68197548032,32267228236,33151778816,1489399400,1,12674490368
1790330050187,32212,68197548032,32267228236,33151778816,1489399400,1,12674490368
1790330050437,32212,68197548032,32267228236,33151778816,1489399400,1,12674490368
1790330050687,32212,68197548032,32267228236,33151778816,1489399400,1,12674490368
1790330050937,32212,68197548032,32267228236,33151778816,1489399400,1,12674490368
1790330051187,32212,68197548032,32267228236,33151778816,1489399400,1,12674490368
1790330051437,32212,68197548032,32267228236,33151778816,1489399400,1,12674490368
1790330051687,32212,68197548032,32267228236,33151778816,1489399400,1,12674490368
1790330051937,32212,68197548032,32267228236,33151778816,1489399400,1,12674490368
1790330052187,32212,68197548032,32267228236,33151778816,1489399400,1,12674490368
1790330052437,32212,68197548032,32267228236,33151778816,1489399400,1,12674490368
1790330052687,32212,68197548032,32267228236,33151778816,1489399400,1,12674490368
1790330052937,32212,68197548032,32267228236,33151778816,1489399400,1,12674490368
1790330053187,32212,68197548032,32267228236,33151778816,1489399400,1,12674490368
1790330053437,32212,68197548032,32267228236,33151778816,1489399400,1,12674490368
1790330053687,32212,68197548032,32267228236,33151778816,1489399400,1,12674490368
1790330053937,32212,68197548032,32267228236,33151778816,1489399400,1,12674490368
1790330054187,32212,68197548032,32267228236,33151778816,1489399400,1,12674490368
1790330054437,32212,68197548032,32267228236,33151778816,1489399400,1,12674490368
1790330054687,32212,68197548032,32267228236,33151778816,1489399400,1,12674490368
1790330054937,32212,68197548032,32267228236,33151778816,1489399400,1,12674490368
1790330055187,32212,68197548032,32267228236,33151778816,1489399400,1,12674490368
1790330055437,32212,68197548032,32267228236,33151778816,1489399400,1,12674490368
1790330055687,32212,68197548032,32267228236,33151778816,1489399400,1,12674490368
1790330055937,32212,68197548032,32267228236,33151778816,1489399400,1,12674490368
1790330056187,32212,68197548032,32267228236,33151778816,1489399400,1,12674490368
1790330056437,32212,68197548032,32267228236,33151778816,1489399400,1,12674490368
1790330056687,32212,68197548032,32267228236,33151778816,1489399400,1,12674490368
1790330056937,32212,68197548032,32267228236,33151778816,1489399400,1,12674490368
1790330057187,32212,68197548032,32267228236,33151778816,1489399400,1,12674490368
1790330057437,32212,68197548032,32267228236,33151778816,1489399400,1,12674490368
1790330057687,32212,68197548032,32267228236,33151778816,1489399400,1,12674490368
1790330057937,32212,68197548032,32267228236,33151778816,1489399400,1,12674490368
1790330058187,32212,68197548032,32267228236,33151778816,1489399400,1,12674490368
1790330058437,32212,68197548032,32267228236,33151778816,1489399400,1,12674490368
1790330058687,32212,68197548032,32267228236,33151778816,1489399400,1,12674490368
1790330058937,32212,68197548032,32267228236,33151778816,1489399400,1,12674490368
1790330059187,32212,68197548032,32267228236,33151778816,1489399400,1,12674490368
1790330059437,32212,68197548032,32267228236,33151778816,1489399400,1,12674490368
1790330059687,32212,68197548032,32267228236,33151778816,1489399400,1,12674490368
1790330059937,32212,68197548032,32267228236,33151778816,1489399400,1,12674490368
1790330060187,32212,68197548032,32267228236,33151778816,1489399400,1,12674490368
1790330060437,32212,68197548032,32267228236,33151778816,1489399400,1,12674490368
1790330060687,32212,68197548032,32267228236,33151778816,1489399400,1,12674490368
1790330060937,32212,68197548032,32267228236,33151778816,1489399400,1,12674490368
1790330061187,32212,68197548032,32267228236,33151778816,1489399400,1,12674490368
1790330061437,32212,68197548032,32267228236,33151778816,1489399400,1,12674490368
1790330061687,32212,68197548032,32267228236,33151778816,1489399400,1,12674490368
1790330061937,32212,68197548032,32267228236,33151778816,1489399400,1,12674490368
1790330062187,32212,68197548032,32267228236,33151778816,1489399400,1,12674490368
1790330062437,32212,68197548032,32267228236,33151778816,1489399400,1,12674490368
1790330062687,32212,68197548032,32267228236,33151778816,1489399400,1,12674490368
1790330062937,32212,68197548032,32267228236,33151778816,1489399400,1,12674490368
1790330063187,32212,68197548032,32267228236,33151778816,1489399400,1,12674490368
1790330063437,32212,68197548032,32267228236,33151778816,1489399400,1,12674490368
1790330063687,32212,68197548032,32267228236,33151778816,1489399400,1,12674490368
1790330063937,32212,68197548032,32267228236,33151778816,1489399400,1,12674490368
1790330064187,32212,68197548032,32267228236,33151778816,1489399400,1,12674490368
1790330064437,32212,68197548032,32267228236,33151778816,1489399400,1,12674490368
1790330064687,32212,68197548032,32267228236,33151778816,1489399400,1,12674490368
1790330064937,32212,68197548032,32267228236,33151778816,1489399400,1,12674490368
1790330065187,32212,68197548032,32267228236,33151778816,1489399400,1,12674490368
1790330065437,32212,68197548032,32267228236,33151778816,1489399400,1,12674490368
1790330065687,32212,68197548032,32267228236,33151778816,1489399400,1,12674490368
1790330065937,32212,68197548032,32267228236,33151778816,1489399400,1,12674490368
1790330066187,32212,68197548032,32267228236,33151778816,1489399400,1,12674490368
1790330066437,32212,68197548032,32267228236,33151778816,1489399400,1,12674490368
1790330066687,32212,68197548032,32267228236,33151778816,1489399400,1,12674490368
1790330066937,32212,68197548032,32267228236,33151778816,1489399400,1,12674490368
1790330067187,32212,68197548032,32267228236,33151778816,1489399400,1,12674490368
1790330067437,32212,68197548032,32267228236,33151778816,1489399400,1,12674490368
1790330067687,32212,68197548032,32267228236,33151778816,1489399400,1,12674490368
1790330067937,32212,68197548032,32267228236,33151778816,1489399400,1,12674490368
1790330068187,32212,68197548032,32267228236,33151778816,1489399400,1,12674490368
1790330068437,32212,68197548032,32267228236,33151778816,1489399400,1,12674490368
1790330068687,32212,68197548032,32267228236,33151778816,1489399400,1,12674490368
1790330068937,32212,68197548032,32267228236,33151778816,1489399400,1,12674490368
1790330069187,32212,68197548032,32267228236,33151778816,1489399400,1,12674490368
1790330069437,32212,68197548032,32267228236,33151778816,1489399400,1,12674490368
1790330069687,32212,68197548032,32267228236,33151778816,1489399400,1,12674490368
1790330069937,32212,68197548032,32267228236,33151778816,1489399400,1,12674490368
1790330070187,32212,68197548032,32267228236,33151778816,1489399400,1,12674490368
1790330070437,32212,68197548032,32267228236,33151778816,1489399400,1,12674490368
1790330070687,32212,68197548032,32267228236,33151778816,1489399400,1,12674490368
1790330070937,32212,68197548032,32267228236,33151778816,1489399400,1,12674490368
1790330071187,32212,68197548032,32267228236,33151778816,1489399400,1,12674490368
1790330071437,32212,68197548032,32267228236,33151778816,1489399400,1,12674490368
1790330071687,32212,68197548032,32267228236,33151778816,1489399400,1,12674490368
1790330071937,32212,68197548032,32267228236,33151778816,1489399400,1,12674490368
1790330072187,32212,68197548032,32267228236,33151778816,1489399400,1,12674490368
1790330072437,32212,68197548032,32267228236,33151778816,1489399400,1,12674490368
1790330072687,32212,68197548032,32267228236,33151778816,1489399400,1,12674490368
1790330072937,32212,68197548032,32267228236,33151778816,1489399400,1,12674490368
1790330073187,32212,68197548032,32267228236,33151778816,1489399400,1,12674490368
1790330073437,32212,68197548032,32267228236,33151778816,1489399400,1,12674490368
1790330073687,32212,68197548032,32267228236,33151778816,1489399400,1,12674490368
1790330073937,32212,68197548032,32267228236,33151778816,1489399400,1,12674490368
1790330074187,32212,68197548032,32267228236,33151778816,1489399400,1,12674490368
1790330074437,32212,68197548032,32267228236,33151778816,1489399400,1,12674490368
1790330074687,32212,68197548032,32267228236,33151778816,1489399400,1,12674490368
1790330074937,32212,68197548032,32267228236,33151778816,1489399400,1,12674490368
1790330075187,32212,68197548032,32267228236,33151778816,1489399400,1,12674490368
1790330075437,32212,68197548032,32267228236,33151778816,1489399400,1,12674490368
1790330075687,32212,68197548032,32267228236,33151778816,1489399400,1,12674490368
1790330075937,32212,68197548032,32267228236,33151778816,1489399400,1,12674490368
1790330076187,32212,68197548032,32267228236,33151778816,1489399400,1,12674490368
1790330076437,32212,68197548032,32267228236,33151778816,1489399400,1,12674490368
1790330076687,32212,68197548032,32267228236,33151778816,1489399400,1,12674490368
1790330076937,32212,68197548032,32267228236,33151778816,1489399400,1,12674490368
1790330077187,32212,68197548032,32267228236,33151778816,1489399400,1,12674490368
1790330077437,32212,68197548032,32267228236,33151778816,1489399400,1,12674490368
1790330077687,32212,68197548032,32267228236,33151778816,1489399400,1,12674490368
1790330077937,32212,68197548032,32267228236,33151778816,1489399400,1,12674490368
1790330078187,32212,68197548032,32267228236,33151778816,1489399400,1,12674490368
1790330078437,32212,68197548032,32267228236,33151778816,1489399400,1,12674490368
1790330078687,32212,68197548032,32267228236,33151778816,1489399400,1,12674490368
1790330078937,32212,68197548032,32267228236,33151778816,1489399400,1,12674490368
1790330079187,32212,68197548032,32267228236,33151778816,1489399400,1,12674490368
1790330079437,32212,68197548032,32267228236,33151778816,1489399400,1,12674490368
1790330079687,32212,68197548032,32267228236,33151778816,1489399400,1,12674490368
1790330079937,32212,68197548032,32267228236,33151778816,1489399400,1,12674490368
1790330080187,32212,68197548032,32267228236,33151778816,1489399400,1,12674490368
1790330080437,32212,68197548032,32267228236,33151778816,1489399400,1,12674490368
1790330080687,32212,68197548032,32267228236,33151778816,1489399400,1,12674490368
1790330080937,32212,68197548032,32267228236,33151778816,1489399400,1,12674490368
1790330081187,32212,68197548032,32267228236,33151778816,1489399400,1,12674490368
1790330081437,32212,68197548032,32267228236,33151778816,1489399400,1,12674490368
1790330081687,32212,68197548032,32267228236,33151778816,1489399400,1,12674490368
1790330081937,32212,68197548032,32267228236,33151778816,1489399400,1,12674490368
1790330082187,32244,68197548032,32267228236,33151778816,1489399400,1,12674490368
1790330082437,32244,68197548032,32267228236,33151778816,1489399400,1,12674490368
1790330082687,32244,68197548032,32267228236,33151778816,1489399400,1,12674490368
1790330082937,32244,68197548032,32267228236,33151778816,1489399400,1,12674490368
1790330083187,32244,68197548032,32267228236,33151778816,1489399400,1,12674490368
1790330083437,32244,68197548032,32267228236,33151778816,1489399400,1,12674490368
1790330083687,32244,68163993600,32292986956,33185333248,1489399400,1,12674490368
1790330083937,32244,68163993600,32292986956,33185333248,1489399400,1,12674490368
1790330084187,32244,68163993600,32292986956,33185333248,1489399400,1,12674490368
1790330084437,32244,68163993600,32292986956,33185333248,1489399400,1,12674490368
1790330084687,32244,68163993600,32292986956,33185333248,1489399400,1,12674490368
1790330084937,32244,68163993600,32292986956,33185333248,1489399400,1,12674490368
1790330085187,32244,68163993600,32292986956,33185333248,1489399400,1,12674490368
1790330085437,32244,68163993600,32292986956,33185333248,1489399400,1,12674490368
1790330085687,32244,68163993600,32292986956,33185333248,1489399400,1,12674490368
1790330085937,32244,68163993600,32292986956,33185333248,1489399400,1,12674490368
1790330086187,32244,68163993600,32292986956,33185333248,1489399400,1,12674490368
1790330086437,32244,68163993600,32292986956,33185333248,1489399400,1,12674490368
1790330086687,32244,68163993600,32292986956,33185333248,1489399400,1,12674490368
1790330086937,32244,68163993600,32292986956,33185333248,1489399400,1,12674490368
1790330087187,32244,68163993600,32292986956,33185333248,1489399400,1,12674490368
1790330087437,32244,68163993600,32292986956,33185333248,1489399400,1,12674490368
1790330087687,32244,68163993600,32292986956,33185333248,1489399400,1,12674490368
1790330087937,32244,68163993600,32292986956,33185333248,1489399400,1,12674490368
1790330088187,32244,68163993600,32292986956,33185333248,1489399400,1,12674490368
1790330088437,32244,68163993600,32292986956,33185333248,1489399400,1,12674490368
1790330088687,32244,68163993600,32292986956,33185333248,1489399400,1,12674490368
1790330088937,32244,68163993600,32292986956,33185333248,1489399400,1,12674490368
1790330089187,32244,68163993600,32292986956,33185333248,1489399400,1,12674490368
1790330089437,32244,68163993600,32292986956,33185333248,1489399400,1,12674490368
1790330089687,32244,68163993600,32292986956,33185333248,1489399400,1,12674490368
1790330089937,32244,68163993600,32292986956,33185333248,1489399400,1,12674490368
1790330090187,32244,68163993600,32292986956,33185333248,1489399400,1,12674490368
1790330090437,32244,68163993600,32292986956,33185333248,1489399400,1,12674490368
1790330090687,32244,68163993600,32292986956,33185333248,1489399400,1,12674490368
1790330090937,32244,68163993600,32292986956,33185333248,1489399400,1,12674490368
1790330091187,32244,68163993600,32292986956,33185333248,1489399400,1,12674490368
1790330091437,32372,68163993600,31546724040,33185333248,0,0,12674490368
1790330091687,32372,68163993600,31546724040,33185333248,0,0,12674490368
1790330091937,32500,68163993600,31546724040,33185333248,0,0,12674490368
1790330092187,32500,68163993600,31546724040,33185333248,0,0,12674490368
1790330092437,32500,68163993600,31546724040,33185333248,0,0,12674490368
1790330092687,32500,68163993600,31546724040,33185333248,0,0,12674490368
1790330092937,32500,68163993600,31546724040,33185333248,0,0,12674490368
1790330093187,32500,68163993600,31546724040,33185333248,0,0,12674490368
1790330093437,32500,68163993600,31546724040,33185333248,0,0,12674490368
1790330093687,32500,68163993600,31546724040,33185333248,0,0,12674490368
1790330093937,32500,68163993600,31546724040,33185333248,0,0,12674490368
1790330094187,32500,68163993600,31546724040,33185333248,0,0,12674490368
1790330094437,32500,68163993600,31546724040,33185333248,0,0,12674490368
1790330094687,32500,68163993600,31546724040,33185333248,0,0,12674490368
1790330094937,32500,68163993600,31546724040,33185333248,0,0,12674490368
1790330095187,32500,68163993600,31546724040,33185333248,0,0,12674490368
1790330095437,32500,68163993600,31546724040,33185333248,0,0,12674490368
1790330095687,32500,68163993600,31546724040,33185333248,0,0,12674490368
1790330095937,32500,67895558144,32552854732,33453768704,1489399400,1,12882896896
1790330096187,32500,67895558144,32552854732,33453768704,1489399400,1,12882896896
1790330096437,32500,67895558144,32552854732,33453768704,1489399400,1,12882896896
1790330096687,32500,67895558144,32552854732,33453768704,1489399400,1,12882896896
1790330096937,32500,67895558144,32552854732,33453768704,1489399400,1,12882896896
1790330097187,32500,67895558144,32552854732,33453768704,1489399400,1,12882896896
1790330097437,32500,67895558144,32552854732,33453768704,1489399400,1,12882896896
1790330097687,32500,67895558144,32552854732,33453768704,1489399400,1,12882896896
1790330097937,32500,67895558144,32552854732,33453768704,1489399400,1,12882896896
1790330098187,32500,67895558144,32552854732,33453768704,1489399400,1,12882896896
1790330098437,32500,67895558144,32552854732,33453768704,1489399400,1,12882896896
1790330098687,32500,67895558144,32552854732,33453768704,1489399400,1,12882896896
1790330098937,32500,67895558144,32552854732,33453768704,1489399400,1,12882896896
1790330099187,32500,67895558144,32552854732,33453768704,1489399400,1,12882896896
1790330099437,32500,67895558144,32552854732,33453768704,1489399400,1,12882896896
1790330099687,32500,67895558144,32552854732,33453768704,1489399400,1,12882896896
1790330099937,32500,67895558144,32552854732,33453768704,1489399400,1,12882896896
1790330100187,32500,67895558144,32552854732,33453768704,1489399400,1,12882896896
1790330100437,32500,67895558144,32552854732,33453768704,1489399400,1,12882896896
1790330100687,32500,67895558144,32552854732,33453768704,1489399400,1,12882896896
1790330100937,32500,67895558144,32552854732,33453768704,1489399400,1,12882896896
1790330101187,32500,67895558144,32552854732,33453768704,1489399400,1,12882896896
1790330101437,32500,67895558144,32552854732,33453768704,1489399400,1,12882896896
1790330101687,32500,67895558144,32552854732,33453768704,1489399400,1,12882896896
1790330101937,32500,67895558144,32552854732,33453768704,1489399400,1,12882896896
1790330102187,32500,67895558144,32552854732,33453768704,1489399400,1,12882896896
1790330102437,32500,67895558144,32552854732,33453768704,1489399400,1,12882896896
1790330102687,32500,67895558144,32552854732,33453768704,1489399400,1,12882896896
1790330102937,32500,67895558144,32552854732,33453768704,1489399400,1,12882896896
1790330103187,32500,67895558144,32552854732,33453768704,1489399400,1,12882896896
1790330103437,32500,67895558144,32552854732,33453768704,1489399400,1,12882896896
1790330103687,32500,67895558144,32552854732,33453768704,1489399400,1,12882896896
1790330103937,32500,67895558144,32552854732,33453768704,1489399400,1,12882896896
1790330104187,32500,67895558144,32552854732,33453768704,1489399400,1,12882896896
1790330104437,32500,67895558144,32552854732,33453768704,1489399400,1,12882896896
1790330104687,32500,67895558144,32552854732,33453768704,1489399400,1,12882896896
1790330104937,32500,67895558144,32552854732,33453768704,1489399400,1,12882896896
1790330105187,32500,67895558144,32552854732,33453768704,1489399400,1,12882896896
1790330105437,32500,67895558144,32552854732,33453768704,1489399400,1,12882896896
1790330105687,32500,67895558144,32552854732,33453768704,1489399400,1,12882896896
1790330105937,32500,67895558144,32552854732,33453768704,1489399400,1,12882896896
1790330106187,32500,67895558144,32552854732,33453768704,1489399400,1,12882896896
1790330106437,32500,67895558144,32552854732,33453768704,1489399400,1,12882896896
1790330106687,32500,67895558144,32552854732,33453768704,1489399400,1,12882896896
1790330106937,32500,67895558144,32552854732,33453768704,1489399400,1,12882896896
1790330107187,32500,67895558144,32552854732,33453768704,1489399400,1,12882896896
1790330107437,32500,67895558144,32552854732,33453768704,1489399400,1,12882896896
1790330107687,32500,67895558144,32552854732,33453768704,1489399400,1,12882896896
1790330107937,32500,67895558144,32552854732,33453768704,1489399400,1,12882896896
1790330108187,32500,67895558144,32552854732,33453768704,1489399400,1,12882896896
1790330108437,32500,67895558144,32552854732,33453768704,1489399400,1,12882896896
1790330108687,32500,67895558144,32552854732,33453768704,1489399400,1,12882896896
1790330108937,32500,67895558144,32552854732,33453768704,1489399400,1,12882896896
1790330109187,32500,67895558144,32552854732,33453768704,1489399400,1,12882896896
1790330109437,32500,67895558144,32552854732,33453768704,1489399400,1,12882896896
1790330109687,32500,67895558144,32552854732,33453768704,1489399400,1,12882896896
1790330109937,32500,67895558144,32552854732,33453768704,1489399400,1,12882896896
1790330110187,32500,67895558144,32552854732,33453768704,1489399400,1,12882896896
1790330110437,32500,67895558144,32552854732,33453768704,1489399400,1,12882896896
1790330110687,32500,67895558144,32552854732,33453768704,1489399400,1,12882896896
1790330110937,32500,67895558144,32552854732,33453768704,1489399400,1,12882896896
1790330111187,32500,67895558144,32552854732,33453768704,1489399400,1,12882896896
1790330111437,32500,67895558144,32552854732,33453768704,1489399400,1,12882896896
1790330111687,32500,67895558144,32552854732,33453768704,1489399400,1,12882896896
1790330111937,32500,67895558144,32552854732,33453768704,1489399400,1,12882896896
1790330112187,32500,67895558144,32552854732,33453768704,1489399400,1,12882896896
1790330112437,32500,67895558144,32552854732,33453768704,1489399400,1,12882896896
1790330112687,32500,67895558144,32552854732,33453768704,1489399400,1,12882896896
1790330112937,32500,67895558144,32552854732,33453768704,1489399400,1,12882896896
1790330113187,32500,67895558144,32552854732,33453768704,1489399400,1,12882896896
1790330113437,32500,67895558144,32552854732,33453768704,1489399400,1,12882896896
1790330113687,32500,67895558144,32552854732,33453768704,1489399400,1,12882896896
1790330113937,32500,67895558144,32552854732,33453768704,1489399400,1,12882896896
1790330114187,32500,67895558144,32552854732,33453768704,1489399400,1,12882896896
1790330114437,32500,67895558144,32552854732,33453768704,1489399400,1,12882896896
1790330114687,32500,67895558144,32552854732,33453768704,1489399400,1,12882896896
1790330114937,32500,67895558144,32552854732,33453768704,1489399400,1,12882896896
1790330115187,32500,67895558144,32552854732,33453768704,1489399400,1,12882896896
1790330115437,32500,67895558144,32552854732,33453768704,1489399400,1,12882896896
1790330115687,32500,67895558144,32552854732,33453768704,1489399400,1,12882896896
1790330115937,32500,67895558144,32552854732,33453768704,1489399400,1,12882896896
1790330116187,32500,67895558144,32552854732,33453768704,1489399400,1,12882896896
1790330116437,32500,67895558144,32552854732,33453768704,1489399400,1,12882896896
1790330116687,32500,67895558144,32552854732,33453768704,1489399400,1,12882896896
1790330116937,32500,67895558144,32552854732,33453768704,1489399400,1,12882896896
1790330117187,32500,67895558144,32552854732,33453768704,1489399400,1,12882896896
1790330117437,32500,67895558144,32552854732,33453768704,1489399400,1,12882896896
1790330117687,32500,67895558144,32552854732,33453768704,1489399400,1,12882896896
1790330117937,32500,67895558144,32552854732,33453768704,1489399400,1,12882896896
1790330118187,32500,67895558144,32552854732,33453768704,1489399400,1,12882896896
1790330118437,32500,67895558144,32552854732,33453768704,1489399400,1,12882896896
1790330118687,32500,67895558144,32552854732,33453768704,1489399400,1,12882896896
1790330118937,32500,67895558144,32552854732,33453768704,1489399400,1,12882896896
1790330119187,32500,67895558144,32552854732,33453768704,1489399400,1,12882896896
1790330119437,32500,67895558144,32552854732,33453768704,1489399400,1,12882896896
1790330119687,32500,67895558144,32552854732,33453768704,1489399400,1,12882896896
1790330119937,32500,67895558144,32552854732,33453768704,1489399400,1,12882896896
1790330120187,32500,67895558144,32552854732,33453768704,1489399400,1,12882896896
1790330120437,32500,67895558144,32552854732,33453768704,1489399400,1,12882896896
1790330120687,32500,67895558144,32552854732,33453768704,1489399400,1,12882896896
1790330120937,32500,67895558144,32552854732,33453768704,1489399400,1,12882896896
1790330121187,32500,67895558144,32552854732,33453768704,1489399400,1,12882896896
1790330121437,32500,67895558144,32552854732,33453768704,1489399400,1,12882896896
1790330121687,32500,67895558144,32552854732,33453768704,1489399400,1,12882896896
1790330121937,32500,67895558144,32552854732,33453768704,1489399400,1,12882896896
1790330122187,32500,67895558144,32552854732,33453768704,1489399400,1,12882896896
1790330122437,32500,67895558144,32552854732,33453768704,1489399400,1,12882896896
1790330122687,32500,67895558144,32552854732,33453768704,1489399400,1,12882896896
1790330122937,32500,67895558144,32552854732,33453768704,1489399400,1,12882896896
1790330123187,32500,67895558144,32552854732,33453768704,1489399400,1,12882896896
1790330123437,32500,67895558144,32552854732,33453768704,1489399400,1,12882896896
1790330123687,32500,67895558144,32552854732,33453768704,1489399400,1,12882896896
1790330123937,32500,67895558144,32552854732,33453768704,1489399400,1,12882896896
1790330124187,32500,67895558144,32552854732,33453768704,1489399400,1,12882896896
1790330124437,32500,67895558144,32552854732,33453768704,1489399400,1,12882896896
1790330124687,32500,67895558144,32552854732,33453768704,1489399400,1,12882896896
1790330124937,32500,67895558144,32552854732,33453768704,1489399400,1,12882896896
1790330125187,32500,67895558144,32552854732,33453768704,1489399400,1,12882896896
1790330125437,32500,67895558144,32552854732,33453768704,1489399400,1,12882896896
1790330125687,32500,67895558144,32552854732,33453768704,1489399400,1,12882896896
1790330125937,32500,67895558144,32552854732,33453768704,1489399400,1,12882896896
1790330126187,32500,67895558144,32552854732,33453768704,1489399400,1,12882896896
1790330126437,32500,67895558144,32552854732,33453768704,1489399400,1,12882896896
1790330126687,32500,67895558144,32552854732,33453768704,1489399400,1,12882896896
1790330126937,32500,67895558144,32552854732,33453768704,1489399400,1,12882896896
1790330127187,32500,67895558144,32552854732,33453768704,1489399400,1,12882896896
1790330127437,32500,67895558144,32552854732,33453768704,1489399400,1,12882896896
1790330127687,32500,67895558144,32552854732,33453768704,1489399400,1,12882896896
1790330127937,32500,67895558144,32552854732,33453768704,1489399400,1,12882896896
1790330128187,32500,67895558144,32552854732,33453768704,1489399400,1,12882896896
1790330128437,32500,67895558144,32552854732,33453768704,1489399400,1,12882896896
1790330128687,32500,67895558144,32552854732,33453768704,1489399400,1,12882896896
1790330128937,32500,67895558144,32552854732,33453768704,1489399400,1,12882896896
1790330129187,32500,67895558144,32552854732,33453768704,1489399400,1,12882896896
1790330129437,32500,67895558144,32552854732,33453768704,1489399400,1,12882896896
1790330129687,32500,67895558144,32552854732,33453768704,1489399400,1,12882896896
1790330129937,32500,67895558144,32552854732,33453768704,1489399400,1,12882896896
1790330130187,32500,67895558144,32552854732,33453768704,1489399400,1,12882896896
1790330130437,32500,67895558144,32552854732,33453768704,1489399400,1,12882896896
1790330130687,32500,67895558144,32552854732,33453768704,1489399400,1,12882896896
1790330130937,32500,67895558144,32552854732,33453768704,1489399400,1,12882896896
1790330131187,32500,67895558144,32552854732,33453768704,1489399400,1,12882896896
1790330131437,32500,67895558144,32552854732,33453768704,1489399400,1,12882896896
1790330131687,32500,67895558144,32552854732,33453768704,1489399400,1,12882896896
1790330131937,32500,67895558144,32552854732,33453768704,1489399400,1,12882896896
1790330132187,32500,67895558144,32552854732,33453768704,1489399400,1,12882896896
1790330132437,32500,67895558144,32552854732,33453768704,1489399400,1,12882896896
1790330132687,32500,67895558144,32552854732,33453768704,1489399400,1,12882896896
1790330132937,32500,67895558144,32552854732,33453768704,1489399400,1,12882896896
1790330133187,32500,67895558144,32552854732,33453768704,1489399400,1,12882896896
1790330133437,32500,67895558144,32552854732,33453768704,1489399400,1,12882896896
1790330133687,32500,67895558144,32552854732,33453768704,1489399400,1,12882896896
1790330133937,32628,67895558144,31806591816,33453768704,0,0,12882896896
1790330134187,32628,67895558144,31806591816,33453768704,0,0,12882896896
1790330134437,32756,67627122688,32761263052,33722204160,1489910184,1,12882896896
1790330134687,32756,67627122688,32761263052,33722204160,1489910184,1,12882896896
1790330134937,32756,67627122688,32761263052,33722204160,1489910184,1,12882896896
1790330135187,32756,67627122688,32761263052,33722204160,1489910184,1,12882896896
1790330135437,32756,67627122688,32761263052,33722204160,1489910184,1,12882896896
1790330135687,32756,67627122688,32761263052,33722204160,1489910184,1,12882896896
1790330135937,32756,67627122688,32761263052,33722204160,1489910184,1,12882896896
1790330136187,32756,67627122688,32761263052,33722204160,1489910184,1,12882896896
1790330136437,32756,67627122688,32761263052,33722204160,1489910184,1,12882896896
1790330136687,32756,67627122688,32761263052,33722204160,1489910184,1,12882896896
1790330136937,32756,67627122688,32761263052,33722204160,1489910184,1,12882896896
1790330137187,32756,67627122688,32761263052,33722204160,1489910184,1,12882896896
1790330137437,32756,67627122688,32761263052,33722204160,1489910184,1,12882896896
1790330137687,32756,67627122688,32761263052,33722204160,1489910184,1,12882896896
1790330137937,32756,67627122688,32761263052,33722204160,1489910184,1,12882896896
1790330138187,32756,67627122688,32761263052,33722204160,1489910184,1,12882896896
1790330138437,32756,67627122688,32761263052,33722204160,1489910184,1,12882896896
1790330138687,32756,67627122688,32761263052,33722204160,1489910184,1,12882896896
1790330138937,32756,67627122688,32761263052,33722204160,1489910184,1,12882896896
1790330139187,32756,67627122688,32812755916,33722204160,1489910184,1,13091303424
1790330139437,32756,67627122688,32812755916,33722204160,1489910184,1,13091303424
1790330139687,32756,67627122688,32812755916,33722204160,1489910184,1,13091303424
1790330139937,32756,67627122688,32812755916,33722204160,1489910184,1,13091303424
1790330140187,32756,67627122688,32812755916,33722204160,1489910184,1,13091303424
1790330140437,32756,67627122688,32812755916,33722204160,1489910184,1,13091303424
1790330140687,32756,67627122688,32812755916,33722204160,1489910184,1,13091303424
1790330140937,32756,67627122688,32812755916,33722204160,1489910184,1,13091303424
1790330141187,32756,67627122688,32812755916,33722204160,1489910184,1,13091303424
1790330141437,32756,67627122688,32812755916,33722204160,1489910184,1,13091303424
1790330141687,32756,67627122688,32812755916,33722204160,1489910184,1,13091303424
1790330141937,32756,67627122688,32812755916,33722204160,1489910184,1,13091303424
1790330142187,32756,67627122688,32812755916,33722204160,1489910184,1,13091303424
1790330142437,32756,67627122688,32812755916,33722204160,1489910184,1,13091303424
1790330142687,32756,67627122688,32812755916,33722204160,1489910184,1,13091303424
1790330142937,32756,67627122688,32812755916,33722204160,1489910184,1,13091303424
1790330143187,32756,67627122688,32812755916,33722204160,1489910184,1,13091303424
1790330143437,32756,67627122688,32812755916,33722204160,1489910184,1,13091303424
1790330143687,32756,67627122688,32812755916,33722204160,1489910184,1,13091303424
1790330143937,32756,67627122688,32812755916,33722204160,1489910184,1,13091303424
1790330144187,32756,67627122688,32812755916,33722204160,1489910184,1,13091303424
1790330144437,32756,67627122688,32812755916,33722204160,1489910184,1,13091303424
1790330144687,32756,67627122688,32812755916,33722204160,1489910184,1,13091303424
1790330144937,32756,67627122688,32812755916,33722204160,1489910184,1,13091303424
1790330145187,32756,67627122688,32812755916,33722204160,1489910184,1,13091303424
1790330145437,32756,67627122688,32812755916,33722204160,1489910184,1,13091303424
1790330145687,32756,67627122688,32812755916,33722204160,1489910184,1,13091303424
1790330145937,32756,67627122688,32812755916,33722204160,1489910184,1,13091303424
1790330146187,32756,67627122688,32812755916,33722204160,1489910184,1,13091303424
1790330146437,32756,67627122688,32812755916,33722204160,1489910184,1,13091303424
1790330146687,32756,67627122688,32812755916,33722204160,1489910184,1,13091303424
1790330146937,32756,67627122688,32812755916,33722204160,1489910184,1,13091303424
1790330147187,32756,67627122688,32812755916,33722204160,1489910184,1,13091303424
1790330147437,32756,67627122688,32812755916,33722204160,1489910184,1,13091303424
1790330147687,32756,67627122688,32812755916,33722204160,1489910184,1,13091303424
1790330147937,32756,67627122688,32812755916,33722204160,1489910184,1,13091303424
1790330148187,32756,67627122688,32812755916,33722204160,1489910184,1,13091303424
1790330148437,32756,67627122688,32812755916,33722204160,1489910184,1,13091303424
1790330148687,32756,67627122688,32812755916,33722204160,1489910184,1,13091303424
1790330148937,32756,67627122688,32812755916,33722204160,1489910184,1,13091303424
1790330149187,32756,67627122688,32812755916,33722204160,1489910184,1,13091303424
1790330149437,32756,67627122688,32812755916,33722204160,1489910184,1,13091303424
1790330149687,32756,67627122688,32812755916,33722204160,1489910184,1,13091303424
1790330149937,32756,67627122688,32812755916,33722204160,1489910184,1,13091303424
1790330150187,32756,67627122688,32812755916,33722204160,1489910184,1,13091303424
1790330150437,32756,67627122688,32812755916,33722204160,1489910184,1,13091303424
1790330150687,32756,67627122688,32812755916,33722204160,1489910184,1,13091303424
1790330150937,32756,67627122688,32812755916,33722204160,1489910184,1,13091303424
1790330151187,32756,67627122688,32812755916,33722204160,1489910184,1,13091303424
1790330151437,32756,67627122688,32812755916,33722204160,1489910184,1,13091303424
1790330151687,32756,67627122688,32812755916,33722204160,1489910184,1,13091303424
1790330151937,32756,67627122688,32812755916,33722204160,1489910184,1,13091303424
1790330152187,32756,67627122688,32812755916,33722204160,1489910184,1,13091303424
1790330152437,32756,67627122688,32812755916,33722204160,1489910184,1,13091303424
1790330152687,32756,67627122688,32812755916,33722204160,1489910184,1,13091303424
1790330152937,32756,67627122688,32812755916,33722204160,1489910184,1,13091303424
1790330153187,32756,67627122688,32812755916,33722204160,1489910184,1,13091303424
1790330153437,32756,67627122688,32812755916,33722204160,1489910184,1,13091303424
1790330153687,32756,67627122688,32812755916,33722204160,1489910184,1,13091303424
1790330153937,32756,67627122688,32812755916,33722204160,1489910184,1,13091303424
1790330154187,32756,67627122688,32812755916,33722204160,1489910184,1,13091303424
1790330154437,32756,67627122688,32812755916,33722204160,1489910184,1,13091303424
1790330154687,32756,67627122688,32812755916,33722204160,1489910184,1,13091303424
1790330154937,32756,67627122688,32812755916,33722204160,1489910184,1,13091303424
1790330155187,32756,67627122688,32812755916,33722204160,1489910184,1,13091303424
1790330155437,32756,67627122688,32812755916,33722204160,1489910184,1,13091303424
1790330155687,32756,67627122688,32812755916,33722204160,1489910184,1,13091303424
1790330155937,32756,67627122688,32812755916,33722204160,1489910184,1,13091303424
1790330156187,32756,67627122688,32812755916,33722204160,1489910184,1,13091303424
1790330156437,32756,67627122688,32812755916,33722204160,1489910184,1,13091303424
1790330156687,32756,67627122688,32812755916,33722204160,1489910184,1,13091303424
1790330156937,32756,67627122688,32812755916,33722204160,1489910184,1,13091303424
1790330157187,32756,67627122688,32812755916,33722204160,1489910184,1,13091303424
1790330157437,32756,67627122688,32812755916,33722204160,1489910184,1,13091303424
1790330157687,32756,67627122688,32812755916,33722204160,1489910184,1,13091303424
1790330157937,32756,67627122688,32812755916,33722204160,1489910184,1,13091303424
1790330158187,32756,67627122688,32812755916,33722204160,1489910184,1,13091303424
1790330158437,32756,67627122688,32812755916,33722204160,1489910184,1,13091303424
1790330158687,32756,67627122688,32812755916,33722204160,1489910184,1,13091303424
1790330158937,32756,67627122688,32812755916,33722204160,1489910184,1,13091303424
1790330159187,32756,67627122688,32812755916,33722204160,1489910184,1,13091303424
1790330159437,32756,67627122688,32812755916,33722204160,1489910184,1,13091303424
1790330159687,32756,67627122688,32812755916,33722204160,1489910184,1,13091303424
1790330159937,32756,67627122688,32812755916,33722204160,1489910184,1,13091303424
1790330160187,32756,67627122688,32812755916,33722204160,1489910184,1,13091303424
1790330160437,32756,67627122688,32812755916,33722204160,1489910184,1,13091303424
1790330160687,32756,67627122688,32812755916,33722204160,1489910184,1,13091303424
1790330160937,32756,67627122688,32812755916,33722204160,1489910184,1,13091303424
1790330161187,32756,67627122688,32812755916,33722204160,1489910184,1,13091303424
1790330161437,32756,67627122688,32812755916,33722204160,1489910184,1,13091303424
1790330161687,32756,67627122688,32812755916,33722204160,1489910184,1,13091303424
1790330161937,32756,67627122688,32812755916,33722204160,1489910184,1,13091303424
1790330162187,32756,67627122688,32812755916,33722204160,1489910184,1,13091303424
1790330162437,32756,67627122688,32812755916,33722204160,1489910184,1,13091303424
1790330162687,32756,67627122688,32812755916,33722204160,1489910184,1,13091303424
1790330162937,32756,67627122688,32812755916,33722204160,1489910184,1,13091303424
1790330163187,32756,67627122688,32812755916,33722204160,1489910184,1,13091303424
1790330163437,32756,67627122688,32812755916,33722204160,1489910184,1,13091303424
1790330163687,32756,67627122688,32812755916,33722204160,1489910184,1,13091303424
1790330163937,32756,67627122688,32812755916,33722204160,1489910184,1,13091303424
1790330164187,32756,67627122688,32812755916,33722204160,1489910184,1,13091303424
1790330164437,32756,67627122688,32812755916,33722204160,1489910184,1,13091303424
1790330164687,32756,67627122688,32812755916,33722204160,1489910184,1,13091303424
1790330164937,32756,67627122688,32812755916,33722204160,1489910184,1,13091303424
1790330165187,32756,67627122688,32812755916,33722204160,1489910184,1,13091303424
1790330165437,32756,67627122688,32812755916,33722204160,1489910184,1,13091303424
1790330165687,32756,67627122688,32812755916,33722204160,1489910184,1,13091303424
1790330165937,32756,67627122688,32812755916,33722204160,1489910184,1,13091303424
1790330166187,32756,67627122688,32812755916,33722204160,1489910184,1,13091303424
1790330166437,32756,67627122688,32812755916,33722204160,1489910184,1,13091303424
1790330166687,32756,67627122688,32812755916,33722204160,1489910184,1,13091303424
1790330166937,32756,67627122688,32812755916,33722204160,1489910184,1,13091303424
1790330167187,32756,67627122688,32812755916,33722204160,1489910184,1,13091303424
1790330167437,32756,67627122688,32812755916,33722204160,1489910184,1,13091303424
1790330167687,32756,67627122688,32812755916,33722204160,1489910184,1,13091303424
1790330167937,32756,67627122688,32812755916,33722204160,1489910184,1,13091303424
1790330168187,32756,67627122688,32812755916,33722204160,1489910184,1,13091303424
1790330168437,32756,67627122688,32812755916,33722204160,1489910184,1,13091303424
1790330168687,32756,67627122688,32812755916,33722204160,1489910184,1,13091303424
1790330168937,32756,67627122688,32812755916,33722204160,1489910184,1,13091303424
1790330169187,32756,67627122688,32812755916,33722204160,1489910184,1,13091303424
1790330169437,32756,67627122688,32812755916,33722204160,1489910184,1,13091303424
1790330169687,32756,67627122688,32812755916,33722204160,1489910184,1,13091303424
1790330169937,32756,67627122688,32812755916,33722204160,1489910184,1,13091303424
1790330170187,32756,67627122688,32812755916,33722204160,1489910184,1,13091303424
1790330170437,32756,67627122688,32812755916,33722204160,1489910184,1,13091303424
1790330170687,32756,67627122688,32812755916,33722204160,1489910184,1,13091303424
1790330170937,32756,67627122688,32812755916,33722204160,1489910184,1,13091303424
1790330171187,32756,67627122688,32812755916,33722204160,1489910184,1,13091303424
1790330171437,32756,67627122688,32812755916,33722204160,1489910184,1,13091303424
1790330171687,32756,67627122688,32812755916,33722204160,1489910184,1,13091303424
1790330171937,32756,67627122688,32812755916,33722204160,1489910184,1,13091303424
1790330172187,32756,67627122688,32812755916,33722204160,1489910184,1,13091303424
1790330172437,32756,67627122688,32812755916,33722204160,1489910184,1,13091303424
1790330172687,32756,67627122688,32812755916,33722204160,1489910184,1,13091303424
1790330172937,32756,67627122688,32812755916,33722204160,1489910184,1,13091303424
1790330173187,32756,67627122688,32812755916,33722204160,1489910184,1,13091303424
1790330173437,32756,67627122688,32812755916,33722204160,1489910184,1,13091303424
1790330173687,32756,67627122688,32812755916,33722204160,1489910184,1,13091303424
1790330173937,32756,67627122688,32812755916,33722204160,1489910184,1,13091303424
1790330174187,32756,67627122688,32812755916,33722204160,1489910184,1,13091303424
1790330174437,32756,67627122688,32812755916,33722204160,1489910184,1,13091303424
1790330174687,32756,67627122688,32812755916,33722204160,1489910184,1,13091303424
1790330174937,32756,67627122688,32812755916,33722204160,1489910184,1,13091303424
1790330175187,32756,67627122688,32812755916,33722204160,1489910184,1,13091303424
1790330175437,32756,67627122688,32812755916,33722204160,1489910184,1,13091303424
1790330175687,32756,67627122688,32812755916,33722204160,1489910184,1,13091303424
1790330175937,32756,67627122688,32812755916,33722204160,1489910184,1,13091303424
1790330176187,32756,67627122688,32812755916,33722204160,1489910184,1,13091303424
1790330176437,32756,67627122688,32812755916,33722204160,1489910184,1,13091303424
1790330176687,32756,67627122688,32812755916,33722204160,1489910184,1,13091303424
1790330176937,32756,67627122688,32812755916,33722204160,1489910184,1,13091303424
1790330177187,32756,67627122688,32812755916,33722204160,1489910184,1,13091303424
1790330177437,32756,67627122688,32812755916,33722204160,1489910184,1,13091303424
1790330177687,32756,67627122688,32812755916,33722204160,1489910184,1,13091303424
1790330177937,32756,67627122688,32812755916,33722204160,1489910184,1,13091303424
1790330178187,32756,67627122688,32812755916,33722204160,1489910184,1,13091303424
1790330178437,32756,67627122688,32812755916,33722204160,1489910184,1,13091303424
1790330178687,32756,67627122688,32812755916,33722204160,1489910184,1,13091303424
1790330178937,32756,67627122688,32812755916,33722204160,1489910184,1,13091303424
1790330179187,32756,67627122688,32812755916,33722204160,1489910184,1,13091303424
1790330179437,32756,67627122688,32812755916,33722204160,1489910184,1,13091303424
1790330179687,32756,67627122688,32812755916,33722204160,1489910184,1,13091303424
1790330179937,32756,67627122688,32812755916,33722204160,1489910184,1,13091303424
1790330180187,32756,67627122688,32812755916,33722204160,1489910184,1,13091303424
1790330180437,32756,67627122688,32812755916,33722204160,1489910184,1,13091303424
1790330180687,32756,67627122688,32812755916,33722204160,1489910184,1,13091303424
1790330180937,32756,67627122688,32015011272,33722204160,0,0,13091303424
1790330181187,32756,67627122688,32015011272,33722204160,0,0,13091303424
1790330181437,32756,67627122688,32015011272,33722204160,0,0,13091303424
1790330181687,32756,67627122688,32015011272,33722204160,0,0,13091303424
1790330181937,32756,67627122688,32015011272,33722204160,0,0,13091303424
1790330182187,32756,67627122688,32015011272,33722204160,0,0,13091303424
1790330182437,32756,67627122688,32015011272,33722204160,0,0,13091303424
1790330182687,32756,67627122688,32015011272,33722204160,0,0,13091303424
1790330182937,32756,67627122688,32015011272,33722204160,0,0,13091303424
1790330183187,35732,67627122688,32015011272,33722204160,0,0,13091303424
1790330183437,68756,67627122688,32015011272,33722204160,0,0,13091303424
1790330183687,69204,67627122688,32015011272,33722204160,0,0,13091303424
1790330183937,69204,67627122688,32015011272,33722204160,0,0,13091303424
1790330184187,69204,67627122688,32015011272,33722204160,0,0,13091303424
1790330184437,69204,67627122688,32015011272,33722204160,0,0,13091303424
1790330184687,69204,67627122688,32015011272,33722204160,0,0,13091303424
1790330184937,69204,67627122688,32015011272,33722204160,0,0,13091303424
1790330185187,69204,67627122688,32015011272,33722204160,0,0,13091303424
1790330185437,69204,67627122688,32015011272,33722204160,0,0,13091303424
1790330185687,69204,67627122688,32015011272,33722204160,0,0,13091303424
1790330185937,69204,67627122688,32015011272,33722204160,0,0,13091303424
1790330186187,69204,67627122688,32015011272,33722204160,0,0,13091303424
1790330186437,69204,67627122688,32015011272,33722204160,0,0,13091303424
1790330186687,69204,67627122688,32015011272,33722204160,0,0,13091303424
1790330186937,69204,67627122688,32015011272,33722204160,0,0,13091303424
1790330187187,69204,67627122688,32015011272,33722204160,0,0,13091303424
1790330187437,69204,67627122688,32015011272,33722204160,0,0,13091303424
1790330187687,69204,67627122688,32015011272,33722204160,0,0,13091303424
1790330187937,69204,67627122688,32015011272,33722204160,0,0,13091303424
1790330188187,69204,67627122688,32015011272,33722204160,0,0,13091303424
1790330188437,69204,67627122688,32015011272,33722204160,0,0,13091303424
1790330188687,69204,67627122688,32015011272,33722204160,0,0,13091303424
1790330188937,69204,67627122688,32015011272,33722204160,0,0,13091303424
1790330189187,69204,67627122688,32015011272,33722204160,0,0,13091303424
1790330189437,69204,67627122688,32015011272,33722204160,0,0,13091303424
1790330189687,69204,67627122688,32015011272,33722204160,0,0,13091303424
1790330189937,69204,67627122688,32015011272,33722204160,0,0,13091303424
1790330190187,69204,67627122688,32015011272,33722204160,0,0,13091303424
1790330190437,69204,67627122688,32015011272,33722204160,0,0,13091303424
1790330190687,69204,67627122688,32015011272,33722204160,0,0,13091303424
1790330190937,69204,67627122688,32015011272,33722204160,0,0,13091303424
1790330191187,69204,67627122688,32015011272,33722204160,0,0,13091303424
1790330191437,69204,67627122688,32015011272,33722204160,0,0,13091303424
1790330191687,69204,67627122688,32015011272,33722204160,0,0,13091303424
1790330191937,69204,67627122688,32015011272,33722204160,0,0,13091303424
1790330192187,69204,67627122688,32015011272,33722204160,0,0,13091303424
1790330192437,69204,67627122688,32015011272,33722204160,0,0,13091303424
1790330192687,69204,67627122688,32015011272,33722204160,0,0,13091303424
1790330192937,69204,67627122688,32015011272,33722204160,0,0,13091303424
1790330193187,69204,67627122688,32015011272,33722204160,0,0,13091303424
1790330193437,69204,67627122688,32015011272,33722204160,0,0,13091303424
1790330193687,69204,67627122688,32015011272,33722204160,0,0,13091303424
1790330193937,69204,67627122688,32015011272,33722204160,0,0,13091303424
1790330194187,69204,67627122688,32015011272,33722204160,0,0,13091303424
1790330194437,69204,67627122688,32015011272,33722204160,0,0,13091303424
1790330194687,69204,67627122688,32015011272,33722204160,0,0,13091303424
1790330194937,69204,67627122688,32015011272,33722204160,0,0,13091303424
1790330195187,69204,67627122688,32015011272,33722204160,0,0,13091303424
1790330195437,69204,67627122688,32015011272,33722204160,0,0,13091303424
1790330195687,69204,67627122688,32015011272,33722204160,0,0,13091303424
1790330195937,69204,67627122688,32015011272,33722204160,0,0,13091303424
1790330196187,69204,67627122688,32015011272,33722204160,0,0,13091303424
1790330196437,69204,67627122688,32015011272,33722204160,0,0,13091303424
1790330196687,69204,67627122688,32015011272,33722204160,0,0,13091303424
1790330196937,69204,67627122688,32015011272,33722204160,0,0,13091303424
1790330197187,69204,67627122688,32015011272,33722204160,0,0,13091303424
1790330197437,69204,67627122688,32015011272,33722204160,0,0,13091303424
1790330197687,69204,67627122688,32015011272,33722204160,0,0,13091303424
1790330197937,69204,67627122688,32015011272,33722204160,0,0,13091303424
1790330198187,69204,67627122688,32015011272,33722204160,0,0,13091303424
1790330198437,69204,67627122688,32015011272,33722204160,0,0,13091303424
1790330198687,69204,67627122688,32015011272,33722204160,0,0,13091303424
1790330198937,69204,67627122688,32015011272,33722204160,0,0,13091303424
1790330199187,69204,67627122688,32015011272,33722204160,0,0,13091303424
1790330199437,69204,67627122688,32015011272,33722204160,0,0,13091303424
1790330199687,69204,67627122688,32015011272,33722204160,0,0,13091303424
1790330199937,69556,67627122688,32015011272,33722204160,0,0,13091303424
1790330200187,70388,67627122688,32015011272,33722204160,0,0,13091303424
1790330200437,70868,67627122688,32015011272,33722204160,0,0,13091303424
1790330200687,71540,67627122688,32015011272,33722204160,0,0,13091303424
1790330200937,72564,67627122688,32015011272,33722204160,0,0,13091303424
1790330201187,73236,67627122688,32015011272,33722204160,0,0,13091303424
1790330201437,73716,67627122688,32015011272,33722204160,0,0,13091303424
1790330201687,73972,67627122688,32015011272,33722204160,0,0,13091303424
1790330201937,74388,67627122688,32015011272,33722204160,0,0,13091303424
1790330202187,74612,67627122688,32015011272,33722204160,0,0,13091303424
1790330202437,75028,67627122688,32015011272,33722204160,0,0,13091303424
1790330202687,75252,67627122688,32015011272,33722204160,0,0,13091303424
1790330202937,75604,67627122688,32015011272,33722204160,0,0,13091303424
1790330203187,75956,67627122688,32015011272,33722204160,0,0,13091303424
1790330203437,76340,67627122688,32015011272,33722204160,0,0,13091303424
1790330203687,76820,67627122688,32015011272,33722204160,0,0,13091303424
1790330203937,77108,67627122688,32015011272,33722204160,0,0,13091303424
1790330204187,77396,67627122688,32015011272,33722204160,0,0,13091303424
1790330204437,77812,67627122688,32015011272,33722204160,0,0,13091303424
1790330204687,78100,67627122688,32015011272,33722204160,0,0,13091303424
1790330204937,78388,67627122688,32015011272,33722204160,0,0,13091303424
1790330205187,78932,67627122688,32015011272,33722204160,0,0,13091303424
1790330205437,79124,67627122688,32015011272,33722204160,0,0,13091303424
1790330205687,79540,67627122688,32015011272,33722204160,0,0,13091303424
1790330205937,79828,67627122688,32015011272,33722204160,0,0,13091303424
1790330206187,80244,67627122688,32015011272,33722204160,0,0,13091303424
1790330206437,80372,67627122688,32015011272,33722204160,0,0,13091303424
1790330206687,80628,67627122688,32015011272,33722204160,0,0,13091303424
1790330206937,80660,67627122688,32015011272,33722204160,0,0,13091303424
1790330207187,80660,67627122688,32015011272,33722204160,0,0,13091303424
1790330207437,80660,67627122688,32015011272,33722204160,0,0,13091303424
1790330207687,80660,67627122688,32015011272,33722204160,0,0,13091303424
1790330207937,80660,67627122688,32015011272,33722204160,0,0,13091303424
1790330208187,80692,67627122688,32015011272,33722204160,0,0,13091303424
1790330208437,80724,67627122688,32015011272,33722204160,0,0,13091303424
1790330208687,80724,67627122688,32015011272,33722204160,0,0,13091303424
1790330208937,80724,67627122688,32015011272,33722204160,0,0,13091303424
1790330209187,80724,17329029120,83863482888,84020297728,81815833088,64,15745290240
1790330209437,80724,17329029120,83863482888,84020297728,81815833088,64,15745290240
1790330209687,80724,17329029120,83863482888,84020297728,81815833088,64,15745290240
1790330209937,80724,17329029120,83863482888,84020297728,81815833088,64,15745290240
1790330210187,80724,17329029120,83863482888,84020297728,81815833088,64,15745290240
1790330210437,80724,17329029120,83863482888,84020297728,81815833088,64,15745290240
1790330210687,80724,17329029120,83863482888,84020297728,81815833088,64,15745290240
1790330210937,80724,17329029120,83863482888,84020297728,81815833088,64,15745290240
1790330211187,80724,17329029120,83863482888,84020297728,81815833088,64,15745290240
1790330211437,80724,17329029120,83863482888,84020297728,81815833088,64,15745290240
1790330211687,80724,17329029120,83863482888,84020297728,81815833088,64,15745290240
1790330211937,80724,17329029120,83863482888,84020297728,81815833088,64,15745290240
1790330212187,80724,17329029120,83863482888,84020297728,81815833088,64,15745290240
1790330212437,80724,17329029120,83863482888,84020297728,81815833088,64,15745290240
1790330212687,80724,17329029120,83863482888,84020297728,81815833088,64,15745290240
1790330212937,80724,17329029120,83863482888,84020297728,81815833088,64,15745290240
1790330213187,80724,17329029120,83863482888,84020297728,81815833088,64,15745290240
1790330213437,80724,17329029120,83863482888,84020297728,81815833088,64,15745290240
1790330213687,80724,17329029120,83863482888,84020297728,81815833088,64,15745290240
1790330213937,80724,17329029120,83863482888,84020297728,81815833088,64,15745290240
1790330214187,80724,17329029120,83863482888,84020297728,81815833088,64,15745290240
1790330214437,80724,17329029120,83863482888,84020297728,81815833088,64,15745290240
1790330214687,80724,17329029120,83863482888,84020297728,81815833088,64,15745290240
1790330214937,80724,17329029120,83863482888,84020297728,81815833088,64,15745290240
1790330215187,80724,17329029120,83863482888,84020297728,81815833088,64,15745290240
1790330215437,80724,17329029120,83863482888,84020297728,81815833088,64,15745290240
1790330215687,80724,17329029120,83863482888,84020297728,81815833088,64,15745290240
1790330215937,80724,17329029120,83863482888,84020297728,81815833088,64,15745290240
1790330216187,80724,17329029120,83863482888,84020297728,81815833088,64,15745290240
1790330216437,80724,17329029120,83863482888,84020297728,81815833088,64,15745290240
1790330216687,80724,17329029120,83863482888,84020297728,81815833088,64,15745290240
1790330216937,80724,17329029120,83863482888,84020297728,81815833088,64,15745290240
1790330217187,80724,17329029120,83863482888,84020297728,81815833088,64,15745290240
1790330217437,80724,17329029120,83863482888,84020297728,81815833088,64,15745290240
1790330217687,80724,17329029120,83863482888,84020297728,81815833088,64,15745290240
1790330217937,80724,17329029120,83863482888,84020297728,81815833088,64,15745290240
1790330218187,80724,17329029120,83863482888,84020297728,81815833088,64,15745290240
1790330218437,80724,17329029120,83863482888,84020297728,81815833088,64,15745290240
1790330218687,80724,17329029120,83863482888,84020297728,81815833088,64,15745290240
1790330218937,80724,17329029120,83863482888,84020297728,81815833088,64,15745290240
1790330219187,80724,17329029120,83863482888,84020297728,81815833088,64,15745290240
1790330219437,80724,17329029120,83863482888,84020297728,81815833088,64,15745290240
1790330219687,80724,17329029120,83863482888,84020297728,81815833088,64,15745290240
1790330219937,80724,17329029120,83863482888,84020297728,81815833088,64,15745290240
1790330220187,80724,17329029120,83863482888,84020297728,81815833088,64,15745290240
1790330220437,80724,17329029120,83863482888,84020297728,81815833088,64,15745290240
1790330220687,80724,17329029120,83863482888,84020297728,81815833088,64,15745290240
1790330220937,80724,17329029120,83863482888,84020297728,81815833088,64,15745290240
1790330221187,80724,17329029120,83863482888,84020297728,81815833088,64,15745290240
1790330221437,80724,17329029120,83863482888,84020297728,81815833088,64,15745290240
1790330221687,80724,17329029120,83863482888,84020297728,81815833088,64,15745290240
1790330221937,80724,17329029120,83863482888,84020297728,81815833088,64,15745290240
1790330222187,80724,17329029120,83863482888,84020297728,81815833088,64,15745290240
1790330222437,80724,17329029120,83863482888,84020297728,81815833088,64,15745290240
1790330222687,80724,17329029120,83863482888,84020297728,81815833088,64,15745290240
1790330222937,80724,17329029120,83863482888,84020297728,81815833088,64,15745290240
1790330223187,80724,17329029120,83863482888,84020297728,81815833088,64,15745290240
1790330223437,80724,17329029120,83863482888,84020297728,81815833088,64,15745290240
1790330223687,80724,17329029120,83863482888,84020297728,81815833088,64,15745290240
1790330223937,80724,17329029120,83863482888,84020297728,81815833088,64,15745290240
1790330224187,80724,17329029120,83863482888,84020297728,81815833088,64,15745290240
1790330224437,80724,17329029120,83863482888,84020297728,81815833088,64,15745290240
1790330224687,80724,17329029120,83863482888,84020297728,81815833088,64,15745290240
1790330224937,80724,17329029120,83863482888,84020297728,81815833088,64,15745290240
1790330225187,80724,17329029120,83863482888,84020297728,81815833088,64,15745290240
1790330225437,80724,17329029120,83863482888,84020297728,81815833088,64,15745290240
1790330225687,80724,17329029120,83863482888,84020297728,81815833088,64,15745290240
1790330225937,80724,17329029120,83863482888,84020297728,81815833088,64,15745290240
1790330226187,80724,17329029120,83863482888,84020297728,81815833088,64,15745290240
1790330226437,80724,17329029120,83863482888,84020297728,81815833088,64,15745290240
1790330226687,80724,17329029120,83863482888,84020297728,81815833088,64,15745290240
1790330226937,80724,17329029120,83863482888,84020297728,81815833088,64,15745290240
1790330227187,80724,17329029120,83863482888,84020297728,81815833088,64,15745290240
1790330227437,80724,17329029120,83863482888,84020297728,81815833088,64,15745290240
1790330227687,80724,17329029120,83863482888,84020297728,81815833088,64,15745290240
1790330227937,80724,17329029120,83863482888,84020297728,81815833088,64,15745290240
1790330228187,80724,17329029120,83863482888,84020297728,81815833088,64,15745290240
1790330228437,80724,17329029120,83863482888,84020297728,81815833088,64,15745290240
1790330228687,80724,17329029120,83863482888,84020297728,81815833088,64,15745290240
1790330228937,80724,17329029120,83863482888,84020297728,81815833088,64,15745290240
1790330229187,80724,17329029120,83863482888,84020297728,81815833088,64,15745290240
1790330229437,80724,17329029120,83863482888,84020297728,81815833088,64,15745290240
1790330229687,80724,17329029120,83863482888,84020297728,81815833088,64,15745290240
1790330229937,80724,17329029120,83863482888,84020297728,81815833088,64,15745290240
1790330230187,80724,17329029120,83863482888,84020297728,81815833088,64,15745290240
1790330230437,80724,17329029120,83863482888,84020297728,81815833088,64,15745290240
1790330230687,80724,17329029120,83863482888,84020297728,81815833088,64,15745290240
1790330230937,80724,17329029120,83863482888,84020297728,81815833088,64,15745290240
1790330231187,80724,17329029120,83863482888,84020297728,81815833088,64,15745290240
1790330231437,80724,17329029120,83863482888,84020297728,81815833088,64,15745290240
1790330231687,80724,17329029120,83863482888,84020297728,81815833088,64,15745290240
1790330231937,80724,17329029120,83863482888,84020297728,81815833088,64,15745290240
1790330232187,80724,17329029120,83863482888,84020297728,81815833088,64,15745290240
1790330232437,80724,17329029120,83863482888,84020297728,81815833088,64,15745290240
1790330232687,80724,17329029120,83863482888,84020297728,80535305704,63,15745290240
1790330232937,80724,17329029120,83863482888,84020297728,80535305704,63,15745290240
1790330233187,80724,17329029120,83863482888,84020297728,80535305704,63,15745290240
1790330233437,80724,17329029120,83863482888,84020297728,79255287248,62,15745290240
1790330233687,80724,17329029120,83863482888,84020297728,79255287248,62,15745290240
1790330233937,80724,17329029120,83863482888,84020297728,79255287248,62,15745290240
1790330234187,80724,17329029120,83863482888,84020297728,79255287248,62,15745290240
1790330234437,80724,17329029120,83863482888,84020297728,79255287248,62,15745290240
1790330234687,80724,17329029120,83863482888,84020297728,79255287248,62,15745290240
1790330234937,80724,17329029120,83863482888,84020297728,79255287248,62,15745290240
1790330235187,80724,17329029120,83863482888,84020297728,79255287248,62,15745290240
1790330235437,80724,17329029120,83863482888,84020297728,79255287248,62,15745290240
1790330235687,80724,17329029120,83863482888,84020297728,79255287248,62,15745290240
1790330235937,80724,17329029120,83863482888,84020297728,79255287248,62,15745290240
1790330236187,80724,17329029120,83863482888,84020297728,79255287248,62,15745290240
1790330236437,80724,17329029120,83863482888,84020297728,79255287248,62,15745290240
1790330236687,80724,17329029120,83863482888,84020297728,79255287248,62,15745290240
1790330236937,80724,17329029120,83863482888,84020297728,79255287248,62,15745290240
1790330237187,80724,17329029120,83863482888,84020297728,79255287248,62,15745290240
1790330237437,80724,17329029120,83863482888,84020297728,79255287248,62,15745290240
1790330237687,80724,17329029120,83863482888,84020297728,79255287248,62,15745290240
1790330237937,80724,17329029120,83863482888,84020297728,79255287248,62,15745290240
1790330238187,80724,17329029120,83863482888,84020297728,79255287248,62,15745290240
1790330238437,80724,17329029120,83863482888,84020297728,79255287248,62,15745290240
1790330238687,80724,17329029120,83863482888,84020297728,79255287248,62,15745290240
1790330238937,80724,17329029120,83863482888,84020297728,79255287248,62,15745290240
1790330239187,80724,17329029120,83863482888,84020297728,79255287248,62,15745290240
1790330239437,80724,17329029120,83863482888,84020297728,79255287248,62,15745290240
1790330239687,80724,17329029120,83863482888,84020297728,79255287248,62,15745290240
1790330239937,80724,17329029120,83863482888,84020297728,79255287248,62,15745290240
1790330240187,80724,17329029120,83863482888,84020297728,79255287248,62,15745290240
1790330240437,80724,17329029120,83863482888,84020297728,79255287248,62,15745290240
1790330240687,80724,17329029120,83095502900,84020297728,77974250936,61,15745290240
1790330240937,80724,17329029120,83095502900,84020297728,77974250936,61,15745290240
1790330241187,80724,17329029120,82327554464,84020297728,76696268192,60,15745290240
1790330241437,80724,17329029120,82327554464,84020297728,76696268192,60,15745290240
1790330241687,80724,17329029120,81559542924,84020297728,75416249736,59,15745290240
1790330241937,80724,17329029120,81559542924,84020297728,75416249736,59,15745290240
1790330242187,80724,17329029120,80791720696,84020297728,74139793776,58,15745290240
1790330242437,80724,17329029120,80791720696,84020297728,74139793776,58,15745290240
1790330242687,80724,17329029120,80791720696,84020297728,74139793776,58,15745290240
1790330242937,80724,17329029120,80791720696,84020297728,74139793776,58,15745290240
1790330243187,80724,17329029120,80791720696,84020297728,74139793776,58,15745290240
1790330243437,80724,17329029120,80791720696,84020297728,74139793776,58,15745290240
1790330243687,80724,17329029120,80791720696,84020297728,74139793776,58,15745290240
1790330243937,80724,17329029120,80791720696,84020297728,74139793776,58,15745290240
1790330244187,80724,17329029120,80791720696,84020297728,74139793776,58,15745290240
1790330244437,80724,17329029120,80791720696,84020297728,74139793776,58,15745290240
1790330244687,80724,17329029120,80791720696,84020297728,74139793776,58,15745290240
1790330244937,80724,17329029120,80791720696,84020297728,74139793776,58,15745290240
1790330245187,80724,17329029120,80791720696,84020297728,74139793776,58,15745290240
1790330245437,80724,17329029120,80791720696,84020297728,74139793776,58,15745290240
1790330245687,80724,17329029120,80023772260,84020297728,72861302104,57,15745290240
1790330245937,80724,17329029120,80023772260,84020297728,72861302104,57,15745290240
1790330246187,80724,17329029120,80023772260,84020297728,72861302104,57,15745290240
1790330246437,80724,17329029120,80023772260,84020297728,72861302104,57,15745290240
1790330246687,80724,17329029120,78488190908,84020297728,70304827688,55,15745290240
1790330246937,80724,17329029120,76952514900,84020297728,67742246136,53,15745290240
1790330247187,80724,17329029120,76952514900,84020297728,67742246136,53,15745290240
1790330247437,80724,17329029120,76184471808,84020297728,66460191968,52,15745290240
1790330247687,80724,17329029120,76184471808,84020297728,66460191968,52,15745290240
1790330247937,80724,17329029120,76184471808,84020297728,66460191968,52,15745290240
1790330248187,80724,17329029120,76184471808,84020297728,66460191968,52,15745290240
1790330248437,80724,17329029120,76184471808,84020297728,66460191968,52,15745290240
1790330248687,80724,17329029120,76184471808,84020297728,66460191968,52,15745290240
1790330248937,80724,17329029120,75416460268,84020297728,65179664584,51,15745290240
1790330249187,80724,17329029120,75416460268,84020297728,65179664584,51,15745290240
1790330249437,80724,17329029120,75416460268,84020297728,65179664584,51,15745290240
1790330249687,80724,17329029120,75416460268,84020297728,65179664584,51,15745290240
1790330249937,80724,17329029120,74648385624,84020297728,63901681840,50,15745290240
1790330250187,80724,17329029120,73112583408,84020297728,61349278848,48,15745290240
1790330250437,80724,17329029120,73112583408,84020297728,61349278848,48,15745290240
1790330250687,80724,17329029120,73112583408,84020297728,61349278848,48,15745290240
1790330250937,80724,17329029120,72344887388,84020297728,60070278248,47,15745290240
1790330251187,80724,17329029120,71577159816,84020297728,58793313360,46,15745290240
1790330251437,80724,17329029120,71577159816,84020297728,58793313360,46,15745290240
1790330251687,80724,17329029120,70809274484,84020297728,57514312760,45,15745290240
1790330251937,80724,17329029120,70809274484,84020297728,57514312760,45,15745290240
1790330252187,80724,17329029120,70809274484,84020297728,57514312760,45,15745290240
1790330252437,80724,17329029120,70809274484,84020297728,57514312760,45,15745290240
1790330252687,80724,17329029120,70809274484,84020297728,57514312760,45,15745290240
1790330252937,80724,17329029120,69273630028,84020297728,54959365128,43,15745290240
1790330253187,80724,17329029120,69273630028,84020297728,54959365128,43,15745290240
1790330253437,80724,17329029120,69273630028,84020297728,54959365128,43,15745290240
1790330253687,80724,17329029120,69273630028,84020297728,54959365128,43,15745290240
1790330253937,80724,17329029120,67738048676,84020297728,52401363928,41,15745290240
1790330254187,80726,17326931968,65434424232,84020297728,48565379984,38,15745290240
1790330254437,80726,17326931968,64666507348,84020297728,47287906168,37,15745290240
1790330254687,80726,17326931968,63898685120,84020297728,46008905568,36,15745290240
1790330254937,80726,17326931968,63898685120,84020297728,46008905568,36,15745290240
1790330255187,80726,17326931968,63898685120,84020297728,46008905568,36,15745290240
1790330255437,80726,17326931968,63130894444,84020297728,44725833544,35,15745290240
1790330255687,80726,17326931968,63130894444,84020297728,44725833544,35,15745290240
1790330255937,80726,17326931968,63130894444,84020297728,44725833544,35,15745290240
1790330256187,80726,17326931968,63130894444,84020297728,44725833544,35,15745290240
1790330256437,80726,17326931968,63130894444,84020297728,44725833544,35,15745290240
1790330256687,80726,17326931968,62363009112,84020297728,43444797232,34,15745290240
1790330256937,80726,17326931968,62363009112,84020297728,43444797232,34,15745290240
1790330257187,80726,17326931968,62363009112,84020297728,43444797232,34,15745290240
1790330257437,80726,17326931968,62363009112,84020297728,43444797232,34,15745290240
1790330257687,80726,17326931968,62363009112,84020297728,43444797232,34,15745290240
1790330257937,80726,17326931968,62363009112,84020297728,43444797232,34,15745290240
1790330258187,80726,17326931968,62363009112,84020297728,43444797232,34,15745290240
1790330258437,80726,17326931968,60826859824,84020297728,40890358528,32,15745290240
1790330258687,80726,17326931968,60059037596,84020297728,39611866856,31,15745290240
1790330258937,80726,17326931968,60059037596,84020297728,39611866856,31,15745290240
1790330259187,80726,17326931968,60059037596,84020297728,39611866856,31,15745290240
1790330259437,80726,17326931968,59291310024,84020297728,38332357328,30,15745290240
1790330259687,80726,17326931968,59291310024,84020297728,38332357328,30,15745290240
1790330259937,80726,17326931968,59291310024,84020297728,38332357328,30,15745290240
1790330260187,80726,17326931968,58523456244,84020297728,37055901368,29,15745290240
1790330260437,80726,17326931968,57755539360,84020297728,35778427552,28,15745290240
1790330260687,80726,17326931968,56987811788,84020297728,34500444808,27,15745290240
1790330260937,80726,17326931968,56987811788,84020297728,34500444808,27,15745290240
1790330261187,80726,17326931968,56987811788,84020297728,34500444808,27,15745290240
1790330261437,80726,17326931968,56987811788,84020297728,34500444808,27,15745290240
1790330261687,80726,17326931968,56220021112,84020297728,33222970992,26,15745290240
1790330261937,80726,17326931968,56220021112,84020297728,33222970992,26,15745290240
1790330262187,80726,17326931968,56220021112,84020297728,33222970992,26,15745290240
1790330262437,80726,17326931968,56220021112,84020297728,33222970992,26,15745290240
1790330262687,80726,17326931968,55452198884,84020297728,31944479320,25,15745290240
1790330262937,80726,17326931968,54684408208,84020297728,30667514432,24,15745290240
1790330263187,80726,17326931968,53916554428,84020297728,29390040616,23,15745290240
1790330263437,80726,17326931968,53148795304,84020297728,28113584656,22,15745290240
1790330263687,80726,17326931968,52381004628,84020297728,26834075128,21,15745290240
1790330263937,80726,17326931968,52381004628,84020297728,26834075128,21,15745290240
1790330264187,80726,17326931968,52381004628,84020297728,26834075128,21,15745290240
1790330264437,80726,17326931968,52381004628,84020297728,26834075128,21,15745290240
1790330264687,80726,17326931968,50845360172,84020297728,24279636424,19,15745290240
1790330264937,80726,17326931968,50077632600,84020297728,23002671536,18,15745290240
1790330265187,80726,17326931968,50077632600,84020297728,23002671536,18,15745290240
1790330265437,80726,17326931968,50077632600,84020297728,23002671536,18,15745290240
1790330265687,80726,17326931968,49309810372,84020297728,21725197720,17,15745290240
1790330265937,80726,17326931968,49309810372,84020297728,21725197720,17,15745290240
1790330266187,80726,17326931968,49309810372,84020297728,21725197720,17,15745290240
1790330266437,80726,17326931968,49309810372,84020297728,21725197720,17,15745290240
1790330266687,80726,17326931968,49309810372,84020297728,21725197720,17,15745290240
1790330266937,80726,17326931968,48542051248,84020297728,20446197120,16,15745290240
1790330267187,80726,17326931968,48542051248,84020297728,20446197120,16,15745290240
1790330267437,80726,17326931968,48542051248,84020297728,20446197120,16,15745290240
1790330267687,80726,17326931968,48542051248,84020297728,20446197120,16,15745290240
1790330267937,80726,17326931968,48542051248,84020297728,20446197120,16,15745290240
1790330268187,80726,17326931968,48542051248,84020297728,20446197120,16,15745290240
1790330268437,80726,17326931968,48542051248,84020297728,20446197120,16,15745290240
1790330268687,80726,17326931968,48542051248,84020297728,20446197120,16,15745290240
1790330268937,80726,17326931968,48542051248,84020297728,20446197120,16,15745290240
1790330269187,80726,17326931968,48542051248,84020297728,20446197120,16,15745290240
1790330269437,80726,17326931968,48542051248,84020297728,20446197120,16,15745290240
1790330269687,80726,17326931968,48542051248,84020297728,20446197120,16,15745290240
1790330269937,80726,17326931968,48542051248,84020297728,20446197120,16,15745290240
1790330270187,80726,17326931968,48542051248,84020297728,20446197120,16,15745290240
1790330270437,80726,17326931968,48542051248,84020297728,20446197120,16,15745290240
1790330270687,80726,17326931968,48542051248,84020297728,20446197120,16,15745290240
1790330270937,80726,17326931968,47774260572,84020297728,19170759016,15,15745290240
1790330271187,80726,17326931968,47774260572,84020297728,19170759016,15,15745290240
1790330271437,80726,17326931968,47006375240,84020297728,17893794128,14,15745290240
1790330271687,80726,17326931968,46238710772,84020297728,16615811384,13,15745290240
1790330271937,80726,17326931968,46238710772,84020297728,16615811384,13,15745290240
1790330272187,80726,17326931968,46238710772,84020297728,16615811384,13,15745290240
1790330272437,80726,17326931968,45470951648,84020297728,15338337568,12,15745290240
1790330272687,80726,17326931968,45470951648,84020297728,15338337568,12,15745290240
1790330272937,80726,17326931968,45470951648,84020297728,15338337568,12,15745290240
1790330273187,80726,17326931968,45470951648,84020297728,15338337568,12,15745290240
1790330273437,80726,17326931968,45470951648,84020297728,15338337568,12,15745290240
1790330273687,80726,17326931968,45470951648,84020297728,15338337568,12,15745290240
1790330273937,80726,17326931968,45470951648,84020297728,15338337568,12,15745290240
1790330274187,80726,17326931968,45470951648,84020297728,15338337568,12,15745290240
1790330274437,80726,17326931968,45470951648,84020297728,15338337568,12,15745290240
1790330274687,80726,17326931968,45470951648,84020297728,15338337568,12,15745290240
1790330274937,80726,17326931968,45470951648,84020297728,15338337568,12,15745290240
1790330275187,80726,17326931968,45470951648,84020297728,15338337568,12,15745290240
1790330275437,80726,17326931968,45470951648,84020297728,15338337568,12,15745290240
1790330275687,80726,17326931968,45470951648,84020297728,15338337568,12,15745290240
1790330275937,80726,17326931968,45470951648,84020297728,15338337568,12,15745290240
1790330276187,80726,17326931968,45470951648,84020297728,15338337568,12,15745290240
1790330276437,80726,17326931968,45470951648,84020297728,15338337568,12,15745290240
1790330276687,80726,17326931968,45470951648,84020297728,15338337568,12,15745290240
1790330276937,80726,17326931968,45470951648,84020297728,15338337568,12,15745290240
1790330277187,80726,17326931968,45470951648,84020297728,15338337568,12,15745290240
1790330277437,80726,17326931968,45470951648,84020297728,15338337568,12,15745290240
1790330277687,80726,17326931968,45470951648,84020297728,15338337568,12,15745290240
1790330277937,80726,17326931968,45470951648,84020297728,15338337568,12,15745290240
1790330278187,80726,17326931968,45470951648,84020297728,15338337568,12,15745290240
1790330278437,80726,17326931968,45470951648,84020297728,15338337568,12,15745290240
1790330278687,80726,17326931968,45470951648,84020297728,15338337568,12,15745290240
1790330278937,80726,17326931968,45470951648,84020297728,15338337568,12,15745290240
1790330279187,80726,17326931968,45470951648,84020297728,15338337568,12,15745290240
1790330279437,80726,17326931968,45470951648,84020297728,15338337568,12,15745290240
1790330279687,80726,17326931968,45470951648,84020297728,15338337568,12,15745290240
1790330279937,80726,17326931968,45470951648,84020297728,15338337568,12,15745290240
1790330280187,80726,17326931968,45470951648,84020297728,15338337568,12,15745290240
1790330280437,80726,17326931968,44703129420,84020297728,14058828040,11,15745290240
1790330280687,80726,17326931968,44703129420,84020297728,14058828040,11,15745290240
1790330280937,80726,17326931968,44703129420,84020297728,14058828040,11,15745290240
1790330281187,80726,17326931968,44703129420,84020297728,14058828040,11,15745290240
1790330281437,80726,17326931968,44703129420,84020297728,14058828040,11,15745290240
1790330281687,80726,17326931968,44703129420,84020297728,14058828040,11,15745290240
1790330281937,80726,17326931968,44703129420,84020297728,14058828040,11,15745290240
1790330282187,80726,17326931968,44703129420,84020297728,14058828040,11,15745290240
1790330282437,80726,17326931968,44703129420,84020297728,14058828040,11,15745290240
1790330282687,80726,17326931968,44703129420,84020297728,14058828040,11,15745290240
1790330282937,80726,17326931968,44703129420,84020297728,14058828040,11,15745290240
1790330283187,80726,17326931968,44703129420,84020297728,14058828040,11,15745290240
1790330283437,80726,17326931968,44703129420,84020297728,14058828040,11,15745290240
1790330283687,80726,17326931968,44703129420,84020297728,14058828040,11,15745290240
1790330283937,80726,17326931968,44703129420,84020297728,14058828040,11,15745290240
1790330284187,80726,17326931968,44703129420,84020297728,14058828040,11,15745290240
1790330284437,80726,17326931968,44703129420,84020297728,14058828040,11,15745290240
1790330284687,80726,17326931968,44703129420,84020297728,14058828040,11,15745290240
1790330284937,80726,17326931968,44703129420,84020297728,14058828040,11,15745290240
1790330285187,80726,17326931968,44703129420,84020297728,14058828040,11,15745290240
1790330285437,80726,17326931968,44703129420,84020297728,14058828040,11,15745290240
1790330285687,80726,17326931968,44703129420,84020297728,14058828040,11,15745290240
1790330285937,80726,17326931968,44703129420,84020297728,14058828040,11,15745290240
1790330286187,80726,17326931968,44703129420,84020297728,14058828040,11,15745290240
1790330286437,80726,17326931968,44703129420,84020297728,14058828040,11,15745290240
1790330286687,80726,17326931968,44703129420,84020297728,14058828040,11,15745290240
1790330286937,80726,17326931968,44703129420,84020297728,14058828040,11,15745290240
1790330287187,80726,17326931968,44703129420,84020297728,14058828040,11,15745290240
1790330287437,80726,17326931968,44703129420,84020297728,14058828040,11,15745290240
1790330287687,80726,17326931968,44703129420,84020297728,14058828040,11,15745290240
1790330287937,80726,17326931968,44703129420,84020297728,14058828040,11,15745290240
1790330288187,80726,17326931968,44703129420,84020297728,14058828040,11,15745290240
1790330288437,80726,17326931968,44703129420,84020297728,14058828040,11,15745290240
1790330288687,80726,17326931968,44703129420,84020297728,14058828040,11,15745290240
1790330288937,80726,17326931968,44703129420,84020297728,14058828040,11,15745290240
1790330289187,80726,17326931968,44703129420,84020297728,14058828040,11,15745290240
1790330289437,80726,17326931968,44703129420,84020297728,14058828040,11,15745290240
1790330289687,80726,17326931968,44703129420,84020297728,14058828040,11,15745290240
1790330289937,80726,17326931968,44703129420,84020297728,14058828040,11,15745290240
1790330290187,80726,17326931968,44703129420,84020297728,14058828040,11,15745290240
1790330290437,80726,17326931968,44703129420,84020297728,14058828040,11,15745290240
1790330290687,80726,17326931968,44703129420,84020297728,14058828040,11,15745290240
1790330290937,80726,17326931968,44703129420,84020297728,14058828040,11,15745290240
1790330291187,80726,17326931968,44703129420,84020297728,14058828040,11,15745290240
1790330291437,80726,17326931968,44703129420,84020297728,14058828040,11,15745290240
1790330291687,80726,17326931968,44703129420,84020297728,14058828040,11,15745290240
1790330291937,80726,17326931968,44703129420,84020297728,14058828040,11,15745290240
1790330292187,80726,17326931968,44703129420,84020297728,14058828040,11,15745290240
1790330292437,80726,17326931968,44703129420,84020297728,14058828040,11,15745290240
1790330292687,80726,17326931968,44703129420,84020297728,14058828040,11,15745290240
1790330292937,80726,17326931968,44703129420,84020297728,14058828040,11,15745290240
1790330293187,80726,17326931968,44703129420,84020297728,14058828040,11,15745290240
1790330293437,80726,17326931968,43935338744,84020297728,12782372080,10,15745290240
1790330293687,80726,17326931968,43167421860,84020297728,11503880408,9,15745290240
1790330293937,80726,17326931968,43167421860,84020297728,11503880408,9,15745290240
1790330294187,80726,17326931968,43167421860,84020297728,11503880408,9,15745290240
1790330294437,80726,17326931968,43167421860,84020297728,11503880408,9,15745290240
1790330294687,80726,17326931968,43167421860,84020297728,11503880408,9,15745290240
1790330294937,80726,17326931968,43167421860,84020297728,11503880408,9,15745290240
1790330295187,80726,17326931968,43167421860,84020297728,11503880408,9,15745290240
1790330295437,80726,17326931968,42399694288,84020297728,10225388736,8,15745290240
1790330295687,80726,17326931968,41631840508,84020297728,8945370280,7,15745290240
1790330295937,80726,17326931968,41631840508,84020297728,8945370280,7,15745290240
1790330296187,80726,17326931968,41631840508,84020297728,8945370280,7,15745290240
1790330296437,80726,17326931968,40863986728,84020297728,7666878608,6,15745290240
1790330296687,80726,17326931968,40863986728,84020297728,7666878608,6,15745290240
1790330296937,80726,17326931968,40096038292,84020297728,6388895864,5,15745290240
1790330297187,80726,17326931968,40096038292,84020297728,6388895864,5,15745290240
1790330297437,80726,17326931968,40096038292,84020297728,6388895864,5,15745290240
1790330297687,80726,17326931968,40096038292,84020297728,6388895864,5,15745290240
1790330297937,80726,17326931968,40096038292,84020297728,6388895864,5,15745290240
1790330298187,80726,17326931968,40096038292,84020297728,6388895864,5,15745290240
1790330298437,80726,17326931968,40096038292,84020297728,6388895864,5,15745290240
1790330298687,80726,17326931968,39328184512,84020297728,5111930976,4,15745290240
1790330298937,80726,17326931968,39328184512,84020297728,5111930976,4,15745290240
1790330299187,80726,17326931968,39328184512,84020297728,5111930976,4,15745290240
1790330299437,80726,17326931968,38560362284,84020297728,3837001800,3,15745290240
1790330299687,80726,17326931968,38560362284,84020297728,3837001800,3,15745290240
1790330299937,80726,17326931968,38560362284,84020297728,3837001800,3,15745290240
1790330300187,80726,17326931968,38560362284,84020297728,3837001800,3,15745290240
1790330300437,80726,17326931968,38560362284,84020297728,3837001800,3,15745290240
1790330300687,80726,17326931968,37792603160,84020297728,2560545840,2,15745290240
1790330300937,80726,17326931968,37792603160,84020297728,2560545840,2,15745290240
1790330301187,80726,17326931968,37792603160,84020297728,2560545840,2,15745290240
1790330301437,80726,17326931968,37792603160,84020297728,2560545840,2,15745290240
1790330301687,80726,17326931968,37792603160,84020297728,2560545840,2,15745290240
1790330301937,80726,17326931968,37792603160,84020297728,2560545840,2,15745290240
1790330302187,80726,17326931968,37024970244,84020297728,1282054168,1,15745290240
1790330302437,80726,17326931968,37024970244,84020297728,1282054168,1,15745290240
1790330302687,80726,17326931968,37024970244,84020297728,1282054168,1,15745290240
1790330302937,80726,17326931968,37024970244,84020297728,1282054168,1,15745290240
1790330303187,80726,17326931968,37024970244,84020297728,1282054168,1,15745290240
1790330303437,80726,17326931968,37024970244,84020297728,1282054168,1,15745290240
1790330303687,80726,17326931968,37024970244,84020297728,1282054168,1,15745290240
1790330303937,80726,17326931968,37024970244,84020297728,1282054168,1,15745290240
1790330304187,80726,17326931968,37024970244,84020297728,1282054168,1,15745290240
1790330304437,80726,17326931968,37024970244,84020297728,1282054168,1,15745290240
1790330304687,80726,17326931968,37024970244,84020297728,1282054168,1,15745290240
1790330304937,80726,17326931968,37024970244,84020297728,1282054168,1,15745290240
1790330305187,80726,17326931968,37024970244,84020297728,1282054168,1,15745290240
1790330305437,80726,17326931968,37024970244,84020297728,1282054168,1,15745290240
1790330305687,80726,17326931968,37024970244,84020297728,1282054168,1,15745290240
1790330305937,80726,17326931968,37024970244,84020297728,1282054168,1,15745290240
1790330306187,80726,17326931968,37024970244,84020297728,1282054168,1,15745290240
1790330306437,80726,17326931968,37024970244,84020297728,1282054168,1,15745290240
1790330306687,80726,17326931968,37024970244,84020297728,1282054168,1,15745290240
1790330306937,80726,17326931968,37024970244,84020297728,1282054168,1,15745290240
1790330307187,80726,17326931968,37024970244,84020297728,1282054168,1,15745290240
1790330307437,80726,17326931968,37024970244,84020297728,1282054168,1,15745290240
1790330307687,80726,17326931968,37024970244,84020297728,1282054168,1,15745290240
1790330307937,80726,17326931968,37024970244,84020297728,1282054168,1,15745290240
1790330308187,80726,17326931968,36257242672,84020297728,0,0,15745290240
1790330308437,80726,17326931968,36257242672,84020297728,0,0,15745290240
1790330308687,80726,17326931968,36257242672,84020297728,0,0,15745290240
1790330308937,80726,17326931968,36257242672,84020297728,0,0,15745290240
1790330309187,80726,17326931968,36257242672,84020297728,0,0,15745290240
1790330309437,80726,17326931968,36257242672,84020297728,0,0,15745290240
1790330309687,80726,17326931968,36257242672,84020297728,0,0,15745290240
1790330309937,80726,17326931968,36257242672,84020297728,0,0,15745290240
