timestamp, index, utilization.gpu [%], memory.used [MiB], power.draw [W], clocks.current.sm [MHz], clocks.current.memory [MHz], temperature.gpu
2026/09/26 05:56:45.485, 0, 0 %, 0 MiB, 94.48 W, 2355 MHz, 12481 MHz, 39
2026/09/26 05:56:45.489, 1, 0 %, 0 MiB, 94.14 W, 2317 MHz, 12481 MHz, 40
2026/09/26 05:56:45.742, 0, 0 %, 595 MiB, 94.52 W, 2355 MHz, 12481 MHz, 40
2026/09/26 05:56:45.742, 1, 0 %, 3 MiB, 94.89 W, 2317 MHz, 12481 MHz, 40
2026/09/26 05:56:45.992, 0, 0 %, 595 MiB, 94.86 W, 2355 MHz, 12481 MHz, 39
2026/09/26 05:56:45.992, 1, 0 %, 3 MiB, 94.96 W, 2317 MHz, 12481 MHz, 40
2026/09/26 05:56:46.243, 0, 0 %, 595 MiB, 94.91 W, 2355 MHz, 12481 MHz, 39
2026/09/26 05:56:46.243, 1, 0 %, 3 MiB, 95.02 W, 2317 MHz, 12481 MHz, 40
2026/09/26 05:56:46.493, 0, 0 %, 595 MiB, 94.83 W, 2355 MHz, 12481 MHz, 39
2026/09/26 05:56:46.493, 1, 0 %, 3 MiB, 90.68 W, 1372 MHz, 12481 MHz, 39
2026/09/26 05:56:46.743, 0, 0 %, 883 MiB, 92.96 W, 2355 MHz, 12481 MHz, 39
2026/09/26 05:56:46.743, 1, 0 %, 3 MiB, 76.39 W, 525 MHz, 12481 MHz, 39
2026/09/26 05:56:46.993, 0, 0 %, 1267 MiB, 92.83 W, 2355 MHz, 12481 MHz, 39
2026/09/26 05:56:46.993, 1, 2 %, 1107 MiB, 75.30 W, 1477 MHz, 12481 MHz, 39
2026/09/26 05:56:47.243, 0, 0 %, 1331 MiB, 92.87 W, 2355 MHz, 12481 MHz, 39
2026/09/26 05:56:47.243, 1, 4 %, 1299 MiB, 75.59 W, 2317 MHz, 12481 MHz, 39
2026/09/26 05:56:47.493, 0, 0 %, 3347 MiB, 93.21 W, 2355 MHz, 12481 MHz, 39
2026/09/26 05:56:47.493, 1, 0 %, 1299 MiB, 79.05 W, 2317 MHz, 12481 MHz, 39
2026/09/26 05:56:47.744, 0, 3 %, 5075 MiB, 94.38 W, 2355 MHz, 12481 MHz, 39
2026/09/26 05:56:47.744, 1, 15 %, 3315 MiB, 91.12 W, 2317 MHz, 12481 MHz, 39
2026/09/26 05:56:47.994, 0, 3 %, 5075 MiB, 94.32 W, 2355 MHz, 12481 MHz, 39
2026/09/26 05:56:47.994, 1, 0 %, 3315 MiB, 93.17 W, 2317 MHz, 12481 MHz, 39
2026/09/26 05:56:48.244, 0, 9 %, 5075 MiB, 94.78 W, 2355 MHz, 12481 MHz, 39
2026/09/26 05:56:48.244, 1, 0 %, 3315 MiB, 92.73 W, 2317 MHz, 12481 MHz, 39
2026/09/26 05:56:48.494, 0, 3 %, 5075 MiB, 94.66 W, 2355 MHz, 12481 MHz, 39
2026/09/26 05:56:48.494, 1, 0 %, 3315 MiB, 92.62 W, 2317 MHz, 12481 MHz, 39
2026/09/26 05:56:48.744, 0, 0 %, 5075 MiB, 93.43 W, 2355 MHz, 12481 MHz, 39
2026/09/26 05:56:48.744, 1, 0 %, 3315 MiB, 91.93 W, 2317 MHz, 12481 MHz, 39
2026/09/26 05:56:48.994, 0, 0 %, 5075 MiB, 93.14 W, 2355 MHz, 12481 MHz, 39
2026/09/26 05:56:48.994, 1, 0 %, 3315 MiB, 91.93 W, 2317 MHz, 12481 MHz, 39
2026/09/26 05:56:49.244, 0, 1 %, 5075 MiB, 92.58 W, 2355 MHz, 12481 MHz, 39
2026/09/26 05:56:49.244, 1, 0 %, 3315 MiB, 91.93 W, 2317 MHz, 12481 MHz, 39
2026/09/26 05:56:49.494, 0, 0 %, 5075 MiB, 92.27 W, 2355 MHz, 12481 MHz, 39
2026/09/26 05:56:49.494, 1, 0 %, 3315 MiB, 91.93 W, 2317 MHz, 12481 MHz, 39
2026/09/26 05:56:49.744, 0, 1 %, 5107 MiB, 92.16 W, 2355 MHz, 12481 MHz, 39
2026/09/26 05:56:49.745, 1, 0 %, 3315 MiB, 90.39 W, 2317 MHz, 12481 MHz, 39
2026/09/26 05:56:49.995, 0, 0 %, 5107 MiB, 92.18 W, 2355 MHz, 12481 MHz, 39
2026/09/26 05:56:49.995, 1, 0 %, 3315 MiB, 90.48 W, 2317 MHz, 12481 MHz, 39
2026/09/26 05:56:50.245, 0, 0 %, 5107 MiB, 92.14 W, 2355 MHz, 12481 MHz, 39
2026/09/26 05:56:50.245, 1, 0 %, 3315 MiB, 90.55 W, 2317 MHz, 12481 MHz, 39
2026/09/26 05:56:50.495, 0, 1 %, 5139 MiB, 92.21 W, 2355 MHz, 12481 MHz, 39
2026/09/26 05:56:50.495, 1, 0 %, 3315 MiB, 90.59 W, 2317 MHz, 12481 MHz, 39
2026/09/26 05:56:50.745, 0, 0 %, 5171 MiB, 92.15 W, 2355 MHz, 12481 MHz, 39
2026/09/26 05:56:50.745, 1, 0 %, 5043 MiB, 90.85 W, 2317 MHz, 12481 MHz, 39
2026/09/26 05:56:50.995, 0, 0 %, 5171 MiB, 92.13 W, 2355 MHz, 12481 MHz, 39
2026/09/26 05:56:50.995, 1, 3 %, 5043 MiB, 91.19 W, 2317 MHz, 12481 MHz, 39
2026/09/26 05:56:51.245, 0, 0 %, 5171 MiB, 92.08 W, 2355 MHz, 12481 MHz, 39
2026/09/26 05:56:51.245, 1, 12 %, 5043 MiB, 92.07 W, 2317 MHz, 12481 MHz, 39
2026/09/26 05:56:51.495, 0, 0 %, 5171 MiB, 91.96 W, 2355 MHz, 12481 MHz, 39
2026/09/26 05:56:51.495, 1, 0 %, 5043 MiB, 92.10 W, 2317 MHz, 12481 MHz, 39
2026/09/26 05:56:51.745, 0, 0 %, 5171 MiB, 92.01 W, 2355 MHz, 12481 MHz, 39
2026/09/26 05:56:51.745, 1, 0 %, 5043 MiB, 92.17 W, 2317 MHz, 12481 MHz, 39
2026/09/26 05:56:51.996, 0, 0 %, 5171 MiB, 92.01 W, 2355 MHz, 12481 MHz, 39
2026/09/26 05:56:51.996, 1, 1 %, 5043 MiB, 91.93 W, 2317 MHz, 12481 MHz, 39
2026/09/26 05:56:52.246, 0, 0 %, 5171 MiB, 92.01 W, 2355 MHz, 12481 MHz, 39
2026/09/26 05:56:52.246, 1, 0 %, 5043 MiB, 91.24 W, 2317 MHz, 12481 MHz, 39
2026/09/26 05:56:52.496, 0, 0 %, 5171 MiB, 92.01 W, 2355 MHz, 12481 MHz, 39
2026/09/26 05:56:52.496, 1, 0 %, 5075 MiB, 91.33 W, 2317 MHz, 12481 MHz, 39
2026/09/26 05:56:52.746, 0, 0 %, 5171 MiB, 91.10 W, 2355 MHz, 12481 MHz, 38
2026/09/26 05:56:52.746, 1, 0 %, 5075 MiB, 91.46 W, 2317 MHz, 12481 MHz, 38
2026/09/26 05:56:52.996, 0, 0 %, 5171 MiB, 91.22 W, 2355 MHz, 12481 MHz, 38
2026/09/26 05:56:52.996, 1, 0 %, 5107 MiB, 91.50 W, 2317 MHz, 12481 MHz, 38
2026/09/26 05:56:53.246, 0, 0 %, 5171 MiB, 91.37 W, 2355 MHz, 12481 MHz, 38
2026/09/26 05:56:53.246, 1, 1 %, 5107 MiB, 91.53 W, 2317 MHz, 12481 MHz, 38
2026/09/26 05:56:53.496, 0, 0 %, 6899 MiB, 91.40 W, 2355 MHz, 12481 MHz, 38
2026/09/26 05:56:53.496, 1, 0 %, 5139 MiB, 91.47 W, 2317 MHz, 12481 MHz, 38
2026/09/26 05:56:53.746, 0, 4 %, 6899 MiB, 93.00 W, 2355 MHz, 12481 MHz, 38
2026/09/26 05:56:53.746, 1, 0 %, 5139 MiB, 91.40 W, 2317 MHz, 12481 MHz, 38
2026/09/26 05:56:53.997, 0, 0 %, 6899 MiB, 93.06 W, 2355 MHz, 12481 MHz, 38
2026/09/26 05:56:53.997, 1, 0 %, 5139 MiB, 91.33 W, 2317 MHz, 12481 MHz, 38
2026/09/26 05:56:54.247, 0, 0 %, 6931 MiB, 92.97 W, 2355 MHz, 12481 MHz, 38
2026/09/26 05:56:54.247, 1, 0 %, 5139 MiB, 91.15 W, 2317 MHz, 12481 MHz, 38
2026/09/26 05:56:54.497, 0, 1 %, 6931 MiB, 93.04 W, 2355 MHz, 12481 MHz, 38
2026/09/26 05:56:54.497, 1, 0 %, 5139 MiB, 91.09 W, 2317 MHz, 12481 MHz, 38
2026/09/26 05:56:54.747, 0, 0 %, 6931 MiB, 91.89 W, 2355 MHz, 12481 MHz, 38
2026/09/26 05:56:54.747, 1, 0 %, 5139 MiB, 91.02 W, 2317 MHz, 12481 MHz, 38
2026/09/26 05:56:54.997, 0, 1 %, 6963 MiB, 91.86 W, 2355 MHz, 12481 MHz, 38
2026/09/26 05:56:54.997, 1, 0 %, 5139 MiB, 90.95 W, 2317 MHz, 12481 MHz, 38
2026/09/26 05:56:55.247, 0, 0 %, 6963 MiB, 91.85 W, 2355 MHz, 12481 MHz, 38
2026/09/26 05:56:55.247, 1, 0 %, 5139 MiB, 90.90 W, 2317 MHz, 12481 MHz, 38
2026/09/26 05:56:55.497, 0, 0 %, 6995 MiB, 91.79 W, 2355 MHz, 12481 MHz, 38
2026/09/26 05:56:55.497, 1, 0 %, 5139 MiB, 90.83 W, 2317 MHz, 12481 MHz, 38
2026/09/26 05:56:55.747, 0, 0 %, 6995 MiB, 91.78 W, 2355 MHz, 12481 MHz, 38
2026/09/26 05:56:55.747, 1, 0 %, 5139 MiB, 90.69 W, 2317 MHz, 12481 MHz, 38
2026/09/26 05:56:55.997, 0, 0 %, 7027 MiB, 91.78 W, 2355 MHz, 12481 MHz, 38
2026/09/26 05:56:55.998, 1, 4 %, 6867 MiB, 91.24 W, 2317 MHz, 12481 MHz, 38
2026/09/26 05:56:56.248, 0, 0 %, 7027 MiB, 91.75 W, 2355 MHz, 12481 MHz, 38
2026/09/26 05:56:56.248, 1, 4 %, 6867 MiB, 91.88 W, 2317 MHz, 12481 MHz, 38
2026/09/26 05:56:56.498, 0, 0 %, 7027 MiB, 91.73 W, 2355 MHz, 12481 MHz, 38
2026/09/26 05:56:56.498, 1, 3 %, 6867 MiB, 91.92 W, 2317 MHz, 12481 MHz, 38
2026/09/26 05:56:56.748, 0, 0 %, 7027 MiB, 91.69 W, 2355 MHz, 12481 MHz, 38
2026/09/26 05:56:56.748, 1, 0 %, 6867 MiB, 91.92 W, 2317 MHz, 12481 MHz, 38
2026/09/26 05:56:56.998, 0, 0 %, 7027 MiB, 91.68 W, 2355 MHz, 12481 MHz, 38
2026/09/26 05:56:56.998, 1, 0 %, 6899 MiB, 91.46 W, 2317 MHz, 12481 MHz, 38
2026/09/26 05:56:57.248, 0, 0 %, 7027 MiB, 91.57 W, 2355 MHz, 12481 MHz, 38
2026/09/26 05:56:57.248, 1, 0 %, 6899 MiB, 90.68 W, 2317 MHz, 12481 MHz, 38
2026/09/26 05:56:57.498, 0, 0 %, 7027 MiB, 91.54 W, 2355 MHz, 12481 MHz, 38
2026/09/26 05:56:57.499, 1, 0 %, 6899 MiB, 90.62 W, 2317 MHz, 12481 MHz, 38
2026/09/26 05:56:57.749, 0, 0 %, 7027 MiB, 91.54 W, 2355 MHz, 12481 MHz, 38
2026/09/26 05:56:57.749, 1, 0 %, 6931 MiB, 90.67 W, 2317 MHz, 12481 MHz, 38
2026/09/26 05:56:57.999, 0, 0 %, 7027 MiB, 91.52 W, 2355 MHz, 12481 MHz, 38
2026/09/26 05:56:57.999, 1, 0 %, 6931 MiB, 90.74 W, 2317 MHz, 12481 MHz, 38
2026/09/26 05:56:58.249, 0, 0 %, 7027 MiB, 91.58 W, 2355 MHz, 12481 MHz, 38
2026/09/26 05:56:58.249, 1, 0 %, 6931 MiB, 90.87 W, 2317 MHz, 12481 MHz, 38
2026/09/26 05:56:58.499, 0, 0 %, 7027 MiB, 91.58 W, 2355 MHz, 12481 MHz, 38
2026/09/26 05:56:58.499, 1, 0 %, 6963 MiB, 91.02 W, 2317 MHz, 12481 MHz, 38
2026/09/26 05:56:58.749, 0, 0 %, 8755 MiB, 91.54 W, 2355 MHz, 12481 MHz, 38
2026/09/26 05:56:58.749, 1, 0 %, 6995 MiB, 91.07 W, 2317 MHz, 12481 MHz, 38
2026/09/26 05:56:58.999, 0, 4 %, 8755 MiB, 92.20 W, 2355 MHz, 12481 MHz, 38
2026/09/26 05:56:58.999, 1, 0 %, 6995 MiB, 91.04 W, 2317 MHz, 12481 MHz, 38
2026/09/26 05:56:59.249, 0, 5 %, 8755 MiB, 92.71 W, 2355 MHz, 12481 MHz, 38
2026/09/26 05:56:59.249, 1, 0 %, 6995 MiB, 90.99 W, 2317 MHz, 12481 MHz, 38
2026/09/26 05:56:59.499, 0, 5 %, 8787 MiB, 93.07 W, 2355 MHz, 12481 MHz, 38
2026/09/26 05:56:59.500, 1, 0 %, 6995 MiB, 90.92 W, 2317 MHz, 12481 MHz, 38
2026/09/26 05:56:59.750, 0, 0 %, 8787 MiB, 93.09 W, 2355 MHz, 12481 MHz, 38
2026/09/26 05:56:59.750, 1, 0 %, 6995 MiB, 90.83 W, 2317 MHz, 12481 MHz, 38
2026/09/26 05:57:00.000, 0, 0 %, 8787 MiB, 92.41 W, 2355 MHz, 12481 MHz, 37
2026/09/26 05:57:00.000, 1, 0 %, 6995 MiB, 90.77 W, 2317 MHz, 12481 MHz, 38
2026/09/26 05:57:00.250, 0, 0 %, 8819 MiB, 91.92 W, 2355 MHz, 12481 MHz, 37
2026/09/26 05:57:00.250, 1, 0 %, 6995 MiB, 90.65 W, 2317 MHz, 12481 MHz, 38
2026/09/26 05:57:00.500, 0, 0 %, 8819 MiB, 91.51 W, 2355 MHz, 12481 MHz, 37
2026/09/26 05:57:00.500, 1, 0 %, 6995 MiB, 90.54 W, 2317 MHz, 12481 MHz, 38
2026/09/26 05:57:00.750, 0, 0 %, 8819 MiB, 91.45 W, 2355 MHz, 12481 MHz, 37
2026/09/26 05:57:00.750, 1, 0 %, 6995 MiB, 90.46 W, 2317 MHz, 12481 MHz, 37
2026/09/26 05:57:01.000, 0, 0 %, 8851 MiB, 91.50 W, 2355 MHz, 12481 MHz, 37
2026/09/26 05:57:01.000, 1, 0 %, 6995 MiB, 90.42 W, 2317 MHz, 12481 MHz, 37
2026/09/26 05:57:01.250, 0, 0 %, 8851 MiB, 91.45 W, 2355 MHz, 12481 MHz, 37
2026/09/26 05:57:01.251, 1, 0 %, 6995 MiB, 90.41 W, 2317 MHz, 12481 MHz, 37
2026/09/26 05:57:01.501, 0, 0 %, 8883 MiB, 91.45 W, 2355 MHz, 12481 MHz, 37
2026/09/26 05:57:01.501, 1, 0 %, 6995 MiB, 90.41 W, 2317 MHz, 12481 MHz, 37
2026/09/26 05:57:01.751, 0, 0 %, 8883 MiB, 91.44 W, 2355 MHz, 12481 MHz, 37
2026/09/26 05:57:01.751, 1, 0 %, 6995 MiB, 90.34 W, 2317 MHz, 12481 MHz, 37
2026/09/26 05:57:02.001, 0, 0 %, 8915 MiB, 91.44 W, 2355 MHz, 12481 MHz, 37
2026/09/26 05:57:02.001, 1, 23 %, 8723 MiB, 91.28 W, 2317 MHz, 12481 MHz, 37
2026/09/26 05:57:02.251, 0, 0 %, 8915 MiB, 91.46 W, 2355 MHz, 12481 MHz, 37
2026/09/26 05:57:02.251, 1, 0 %, 8755 MiB, 91.29 W, 2317 MHz, 12481 MHz, 37
2026/09/26 05:57:02.501, 0, 0 %, 8915 MiB, 91.45 W, 2355 MHz, 12481 MHz, 37
2026/09/26 05:57:02.501, 1, 0 %, 8755 MiB, 91.28 W, 2317 MHz, 12481 MHz, 37
2026/09/26 05:57:02.751, 0, 0 %, 8915 MiB, 91.43 W, 2355 MHz, 12481 MHz, 37
2026/09/26 05:57:02.751, 1, 0 %, 8787 MiB, 91.36 W, 2317 MHz, 12481 MHz, 37
2026/09/26 05:57:03.001, 0, 0 %, 8915 MiB, 91.43 W, 2355 MHz, 12481 MHz, 37
2026/09/26 05:57:03.001, 1, 0 %, 8787 MiB, 90.60 W, 2317 MHz, 12481 MHz, 37
2026/09/26 05:57:03.251, 0, 0 %, 8915 MiB, 91.40 W, 2355 MHz, 12481 MHz, 37
2026/09/26 05:57:03.252, 1, 0 %, 8787 MiB, 90.57 W, 2317 MHz, 12481 MHz, 37
2026/09/26 05:57:03.502, 0, 0 %, 8915 MiB, 91.36 W, 2355 MHz, 12481 MHz, 37
2026/09/26 05:57:03.502, 1, 0 %, 8819 MiB, 90.67 W, 2317 MHz, 12481 MHz, 37
2026/09/26 05:57:03.752, 0, 0 %, 8915 MiB, 91.36 W, 2355 MHz, 12481 MHz, 37
2026/09/26 05:57:03.752, 1, 0 %, 8819 MiB, 90.79 W, 2317 MHz, 12481 MHz, 37
2026/09/26 05:57:04.002, 0, 0 %, 8915 MiB, 91.29 W, 2355 MHz, 12481 MHz, 37
2026/09/26 05:57:04.002, 1, 0 %, 8851 MiB, 90.83 W, 2317 MHz, 12481 MHz, 37
2026/09/26 05:57:04.252, 0, 0 %, 8915 MiB, 91.31 W, 2355 MHz, 12481 MHz, 37
2026/09/26 05:57:04.252, 1, 0 %, 8851 MiB, 90.78 W, 2317 MHz, 12481 MHz, 37
2026/09/26 05:57:04.502, 0, 0 %, 10643 MiB, 91.80 W, 2355 MHz, 12481 MHz, 37
2026/09/26 05:57:04.502, 1, 0 %, 8883 MiB, 90.79 W, 2317 MHz, 12481 MHz, 37
2026/09/26 05:57:04.752, 0, 0 %, 10643 MiB, 92.27 W, 2355 MHz, 12481 MHz, 37
2026/09/26 05:57:04.752, 1, 0 %, 8883 MiB, 90.66 W, 2317 MHz, 12481 MHz, 37
2026/09/26 05:57:05.002, 0, 0 %, 10643 MiB, 92.26 W, 2355 MHz, 12481 MHz, 37
2026/09/26 05:57:05.002, 1, 0 %, 8883 MiB, 90.60 W, 2317 MHz, 12481 MHz, 37
2026/09/26 05:57:05.252, 0, 0 %, 10675 MiB, 92.28 W, 2355 MHz, 12481 MHz, 37
2026/09/26 05:57:05.253, 1, 0 %, 8883 MiB, 90.51 W, 2317 MHz, 12481 MHz, 37
2026/09/26 05:57:05.503, 0, 0 %, 10675 MiB, 91.90 W, 2355 MHz, 12481 MHz, 37
2026/09/26 05:57:05.503, 1, 0 %, 8883 MiB, 90.40 W, 2317 MHz, 12481 MHz, 37
2026/09/26 05:57:05.753, 0, 0 %, 10675 MiB, 91.33 W, 2355 MHz, 12481 MHz, 37
2026/09/26 05:57:05.753, 1, 0 %, 8883 MiB, 90.28 W, 2317 MHz, 12481 MHz, 37
2026/09/26 05:57:06.003, 0, 0 %, 10707 MiB, 91.27 W, 2355 MHz, 12481 MHz, 37
2026/09/26 05:57:06.003, 1, 0 %, 8883 MiB, 90.20 W, 2317 MHz, 12481 MHz, 37
2026/09/26 05:57:06.253, 0, 0 %, 10707 MiB, 91.24 W, 2355 MHz, 12481 MHz, 37
2026/09/26 05:57:06.253, 1, 0 %, 8883 MiB, 90.08 W, 2317 MHz, 12481 MHz, 37
2026/09/26 05:57:06.503, 0, 0 %, 10771 MiB, 91.25 W, 2355 MHz, 12481 MHz, 37
2026/09/26 05:57:06.503, 1, 0 %, 8883 MiB, 90.13 W, 2317 MHz, 12481 MHz, 37
2026/09/26 05:57:06.753, 0, 0 %, 10771 MiB, 91.19 W, 2355 MHz, 12481 MHz, 37
2026/09/26 05:57:06.753, 1, 0 %, 8883 MiB, 90.08 W, 2317 MHz, 12481 MHz, 37
2026/09/26 05:57:07.003, 0, 0 %, 10771 MiB, 91.25 W, 2355 MHz, 12481 MHz, 37
2026/09/26 05:57:07.003, 1, 25 %, 10611 MiB, 91.24 W, 2317 MHz, 12481 MHz, 37
2026/09/26 05:57:07.253, 0, 0 %, 10771 MiB, 91.21 W, 2355 MHz, 12481 MHz, 37
2026/09/26 05:57:07.253, 1, 0 %, 10611 MiB, 91.32 W, 2317 MHz, 12481 MHz, 37
2026/09/26 05:57:07.503, 0, 0 %, 10771 MiB, 91.23 W, 2355 MHz, 12481 MHz, 37
2026/09/26 05:57:07.503, 1, 0 %, 10611 MiB, 91.27 W, 2317 MHz, 12481 MHz, 37
2026/09/26 05:57:07.754, 0, 0 %, 10771 MiB, 91.24 W, 2355 MHz, 12481 MHz, 37
2026/09/26 05:57:07.754, 1, 0 %, 10643 MiB, 91.41 W, 2317 MHz, 12481 MHz, 37
2026/09/26 05:57:08.004, 0, 0 %, 10771 MiB, 91.21 W, 2355 MHz, 12481 MHz, 37
2026/09/26 05:57:08.004, 1, 0 %, 10643 MiB, 90.36 W, 2317 MHz, 12481 MHz, 37
2026/09/26 05:57:08.254, 0, 0 %, 10771 MiB, 91.20 W, 2355 MHz, 12481 MHz, 37
2026/09/26 05:57:08.254, 1, 0 %, 10675 MiB, 90.49 W, 2317 MHz, 12481 MHz, 37
2026/09/26 05:57:08.504, 0, 0 %, 10771 MiB, 91.19 W, 2355 MHz, 12481 MHz, 37
2026/09/26 05:57:08.504, 1, 0 %, 10675 MiB, 90.60 W, 2317 MHz, 12481 MHz, 37
2026/09/26 05:57:08.754, 0, 0 %, 10771 MiB, 91.17 W, 2355 MHz, 12481 MHz, 37
2026/09/26 05:57:08.754, 1, 0 %, 10707 MiB, 90.66 W, 2317 MHz, 12481 MHz, 37
2026/09/26 05:57:09.004, 0, 0 %, 10771 MiB, 91.17 W, 2355 MHz, 12481 MHz, 37
2026/09/26 05:57:09.004, 1, 0 %, 10739 MiB, 90.67 W, 2317 MHz, 12481 MHz, 37
2026/09/26 05:57:09.254, 0, 0 %, 12499 MiB, 91.39 W, 2355 MHz, 12481 MHz, 37
2026/09/26 05:57:09.254, 1, 0 %, 10739 MiB, 90.59 W, 2317 MHz, 12481 MHz, 37
2026/09/26 05:57:09.504, 0, 24 %, 12531 MiB, 92.12 W, 2355 MHz, 12481 MHz, 37
2026/09/26 05:57:09.504, 1, 0 %, 10739 MiB, 90.53 W, 2317 MHz, 12481 MHz, 37
2026/09/26 05:57:09.754, 0, 0 %, 12531 MiB, 92.19 W, 2355 MHz, 12481 MHz, 37
2026/09/26 05:57:09.755, 1, 0 %, 10739 MiB, 90.40 W, 2317 MHz, 12481 MHz, 37
2026/09/26 05:57:10.005, 0, 0 %, 12531 MiB, 92.11 W, 2355 MHz, 12481 MHz, 37
2026/09/26 05:57:10.005, 1, 0 %, 10739 MiB, 90.32 W, 2317 MHz, 12481 MHz, 37
2026/09/26 05:57:10.255, 0, 0 %, 12563 MiB, 92.06 W, 2355 MHz, 12481 MHz, 37
2026/09/26 05:57:10.255, 1, 0 %, 10739 MiB, 90.19 W, 2317 MHz, 12481 MHz, 37
2026/09/26 05:57:10.505, 0, 0 %, 12563 MiB, 91.16 W, 2355 MHz, 12481 MHz, 37
2026/09/26 05:57:10.505, 1, 0 %, 10739 MiB, 90.13 W, 2317 MHz, 12481 MHz, 37
2026/09/26 05:57:10.755, 0, 0 %, 12595 MiB, 91.10 W, 2355 MHz, 12481 MHz, 37
2026/09/26 05:57:10.755, 1, 0 %, 10739 MiB, 90.00 W, 2317 MHz, 12481 MHz, 37
2026/09/26 05:57:11.005, 0, 0 %, 12595 MiB, 91.13 W, 2355 MHz, 12481 MHz, 37
2026/09/26 05:57:11.005, 1, 0 %, 10739 MiB, 89.93 W, 2317 MHz, 12481 MHz, 37
2026/09/26 05:57:11.255, 0, 0 %, 12595 MiB, 91.12 W, 2355 MHz, 12481 MHz, 37
2026/09/26 05:57:11.255, 1, 0 %, 10739 MiB, 89.87 W, 2317 MHz, 12481 MHz, 37
2026/09/26 05:57:11.505, 0, 0 %, 12659 MiB, 91.11 W, 2355 MHz, 12481 MHz, 37
2026/09/26 05:57:11.505, 1, 0 %, 10739 MiB, 89.87 W, 2317 MHz, 12481 MHz, 37
2026/09/26 05:57:11.755, 0, 0 %, 12659 MiB, 91.12 W, 2355 MHz, 12481 MHz, 37
2026/09/26 05:57:11.755, 1, 0 %, 12467 MiB, 89.86 W, 2317 MHz, 12481 MHz, 37
2026/09/26 05:57:12.005, 0, 0 %, 12659 MiB, 91.10 W, 2355 MHz, 12481 MHz, 37
2026/09/26 05:57:12.005, 1, 25 %, 12499 MiB, 91.01 W, 2317 MHz, 12481 MHz, 37
2026/09/26 05:57:12.256, 0, 0 %, 12659 MiB, 91.09 W, 2355 MHz, 12481 MHz, 37
2026/09/26 05:57:12.256, 1, 0 %, 12499 MiB, 91.09 W, 2317 MHz, 12481 MHz, 37
2026/09/26 05:57:12.506, 0, 0 %, 12659 MiB, 91.09 W, 2355 MHz, 12481 MHz, 37
2026/09/26 05:57:12.506, 1, 0 %, 12499 MiB, 91.21 W, 2317 MHz, 12481 MHz, 37
2026/09/26 05:57:12.756, 0, 0 %, 12659 MiB, 91.03 W, 2355 MHz, 12481 MHz, 37
2026/09/26 05:57:12.756, 1, 1 %, 12531 MiB, 91.39 W, 2317 MHz, 12481 MHz, 37
2026/09/26 05:57:13.006, 0, 0 %, 12659 MiB, 91.04 W, 2355 MHz, 12481 MHz, 37
2026/09/26 05:57:13.006, 1, 0 %, 12531 MiB, 90.37 W, 2317 MHz, 12481 MHz, 37
2026/09/26 05:57:13.256, 0, 0 %, 12659 MiB, 91.00 W, 2355 MHz, 12481 MHz, 36
2026/09/26 05:57:13.256, 1, 0 %, 12531 MiB, 90.45 W, 2317 MHz, 12481 MHz, 37
2026/09/26 05:57:13.506, 0, 0 %, 12659 MiB, 91.00 W, 2355 MHz, 12481 MHz, 36
2026/09/26 05:57:13.506, 1, 0 %, 12563 MiB, 90.51 W, 2317 MHz, 12481 MHz, 37
2026/09/26 05:57:13.756, 0, 0 %, 12659 MiB, 91.01 W, 2355 MHz, 12481 MHz, 36
2026/09/26 05:57:13.756, 1, 0 %, 12563 MiB, 90.49 W, 2317 MHz, 12481 MHz, 36
2026/09/26 05:57:14.006, 0, 0 %, 12659 MiB, 91.01 W, 2355 MHz, 12481 MHz, 36
2026/09/26 05:57:14.006, 1, 1 %, 12595 MiB, 90.43 W, 2317 MHz, 12481 MHz, 36
2026/09/26 05:57:14.256, 0, 0 %, 12659 MiB, 90.99 W, 2355 MHz, 12481 MHz, 36
2026/09/26 05:57:14.256, 1, 0 %, 12627 MiB, 90.38 W, 2317 MHz, 12481 MHz, 36
2026/09/26 05:57:14.507, 0, 0 %, 14419 MiB, 92.03 W, 2355 MHz, 12481 MHz, 37
2026/09/26 05:57:14.507, 1, 0 %, 12627 MiB, 90.27 W, 2317 MHz, 12481 MHz, 36
2026/09/26 05:57:14.757, 0, 0 %, 14419 MiB, 92.18 W, 2355 MHz, 12481 MHz, 36
2026/09/26 05:57:14.757, 1, 0 %, 12627 MiB, 90.15 W, 2317 MHz, 12481 MHz, 36
2026/09/26 05:57:15.007, 0, 0 %, 14419 MiB, 92.13 W, 2355 MHz, 12481 MHz, 36
2026/09/26 05:57:15.007, 1, 0 %, 12627 MiB, 90.05 W, 2317 MHz, 12481 MHz, 36
2026/09/26 05:57:15.257, 0, 0 %, 14451 MiB, 92.22 W, 2355 MHz, 12481 MHz, 36
2026/09/26 05:57:15.257, 1, 0 %, 12627 MiB, 89.92 W, 2317 MHz, 12481 MHz, 36
2026/09/26 05:57:15.507, 0, 0 %, 14451 MiB, 91.27 W, 2355 MHz, 12481 MHz, 36
2026/09/26 05:57:15.507, 1, 0 %, 12627 MiB, 89.84 W, 2317 MHz, 12481 MHz, 36
2026/09/26 05:57:15.757, 0, 0 %, 14483 MiB, 90.97 W, 2355 MHz, 12481 MHz, 36
2026/09/26 05:57:15.757, 1, 0 %, 12627 MiB, 89.78 W, 2317 MHz, 12481 MHz, 36
2026/09/26 05:57:16.007, 0, 0 %, 14483 MiB, 90.98 W, 2355 MHz, 12481 MHz, 36
2026/09/26 05:57:16.007, 1, 0 %, 12627 MiB, 89.74 W, 2317 MHz, 12481 MHz, 36
2026/09/26 05:57:16.257, 0, 0 %, 14483 MiB, 90.92 W, 2355 MHz, 12481 MHz, 36
2026/09/26 05:57:16.257, 1, 0 %, 12627 MiB, 89.74 W, 2317 MHz, 12481 MHz, 36
2026/09/26 05:57:16.507, 0, 1 %, 14515 MiB, 90.95 W, 2355 MHz, 12481 MHz, 36
2026/09/26 05:57:16.507, 1, 0 %, 12627 MiB, 89.78 W, 2317 MHz, 12481 MHz, 36
2026/09/26 05:57:16.758, 0, 0 %, 14547 MiB, 90.97 W, 2355 MHz, 12481 MHz, 36
2026/09/26 05:57:16.758, 1, 0 %, 14355 MiB, 90.13 W, 2317 MHz, 12481 MHz, 36
2026/09/26 05:57:17.008, 0, 0 %, 14547 MiB, 90.96 W, 2355 MHz, 12481 MHz, 36
2026/09/26 05:57:17.008, 1, 15 %, 14387 MiB, 91.10 W, 2317 MHz, 12481 MHz, 36
2026/09/26 05:57:17.258, 0, 0 %, 14547 MiB, 90.95 W, 2355 MHz, 12481 MHz, 36
2026/09/26 05:57:17.258, 1, 0 %, 14387 MiB, 91.25 W, 2317 MHz, 12481 MHz, 36
2026/09/26 05:57:17.508, 0, 0 %, 14547 MiB, 90.91 W, 2355 MHz, 12481 MHz, 36
2026/09/26 05:57:17.508, 1, 0 %, 14419 MiB, 91.37 W, 2317 MHz, 12481 MHz, 36
2026/09/26 05:57:17.758, 0, 0 %, 14547 MiB, 90.91 W, 2355 MHz, 12481 MHz, 36
2026/09/26 05:57:17.758, 1, 0 %, 14419 MiB, 91.38 W, 2317 MHz, 12481 MHz, 36
2026/09/26 05:57:18.008, 0, 0 %, 14547 MiB, 90.87 W, 2355 MHz, 12481 MHz, 36
2026/09/26 05:57:18.008, 1, 0 %, 14419 MiB, 90.36 W, 2317 MHz, 12481 MHz, 36
2026/09/26 05:57:18.258, 0, 0 %, 14547 MiB, 90.87 W, 2355 MHz, 12481 MHz, 36
2026/09/26 05:57:18.258, 1, 0 %, 14451 MiB, 90.32 W, 2317 MHz, 12481 MHz, 36
2026/09/26 05:57:18.508, 0, 0 %, 14547 MiB, 90.89 W, 2355 MHz, 12481 MHz, 36
2026/09/26 05:57:18.508, 1, 0 %, 14451 MiB, 90.28 W, 2317 MHz, 12481 MHz, 36
2026/09/26 05:57:18.758, 0, 0 %, 14547 MiB, 90.93 W, 2355 MHz, 12481 MHz, 36
2026/09/26 05:57:18.758, 1, 0 %, 14483 MiB, 90.18 W, 2317 MHz, 12481 MHz, 36
2026/09/26 05:57:19.009, 0, 0 %, 14547 MiB, 90.90 W, 2355 MHz, 12481 MHz, 36
2026/09/26 05:57:19.009, 1, 0 %, 14483 MiB, 90.16 W, 2317 MHz, 12481 MHz, 36
2026/09/26 05:57:19.259, 0, 0 %, 16275 MiB, 91.89 W, 2355 MHz, 12481 MHz, 36
2026/09/26 05:57:19.259, 1, 0 %, 14515 MiB, 90.06 W, 2317 MHz, 12481 MHz, 36
2026/09/26 05:57:19.509, 0, 22 %, 16307 MiB, 92.23 W, 2355 MHz, 12481 MHz, 36
2026/09/26 05:57:19.509, 1, 0 %, 14515 MiB, 89.98 W, 2317 MHz, 12481 MHz, 36
2026/09/26 05:57:19.759, 0, 0 %, 16307 MiB, 92.24 W, 2355 MHz, 12481 MHz, 36
2026/09/26 05:57:19.759, 1, 0 %, 14515 MiB, 89.89 W, 2317 MHz, 12481 MHz, 36
2026/09/26 05:57:20.009, 0, 0 %, 16307 MiB, 92.24 W, 2355 MHz, 12481 MHz, 36
2026/09/26 05:57:20.009, 1, 0 %, 14515 MiB, 89.81 W, 2317 MHz, 12481 MHz, 36
2026/09/26 05:57:20.259, 0, 1 %, 16339 MiB, 91.43 W, 2355 MHz, 12481 MHz, 36
2026/09/26 05:57:20.259, 1, 0 %, 14515 MiB, 89.76 W, 2317 MHz, 12481 MHz, 36
2026/09/26 05:57:20.509, 0, 0 %, 16339 MiB, 90.95 W, 2355 MHz, 12481 MHz, 36
2026/09/26 05:57:20.509, 1, 0 %, 14515 MiB, 89.78 W, 2317 MHz, 12481 MHz, 36
2026/09/26 05:57:20.759, 0, 0 %, 16371 MiB, 90.94 W, 2355 MHz, 12481 MHz, 36
2026/09/26 05:57:20.759, 1, 0 %, 14515 MiB, 89.84 W, 2317 MHz, 12481 MHz, 36
2026/09/26 05:57:21.010, 0, 0 %, 16371 MiB, 90.87 W, 2355 MHz, 12481 MHz, 36
2026/09/26 05:57:21.010, 1, 0 %, 14515 MiB, 89.97 W, 2317 MHz, 12481 MHz, 36
2026/09/26 05:57:21.260, 0, 0 %, 16403 MiB, 90.85 W, 2355 MHz, 12481 MHz, 36
2026/09/26 05:57:21.260, 1, 0 %, 14515 MiB, 90.14 W, 2317 MHz, 12481 MHz, 36
2026/09/26 05:57:21.510, 0, 1 %, 16403 MiB, 90.85 W, 2355 MHz, 12481 MHz, 36
2026/09/26 05:57:21.510, 1, 0 %, 14515 MiB, 90.21 W, 2317 MHz, 12481 MHz, 36
2026/09/26 05:57:21.760, 0, 0 %, 16435 MiB, 90.89 W, 2355 MHz, 12481 MHz, 36
2026/09/26 05:57:21.760, 1, 3 %, 16243 MiB, 91.05 W, 2317 MHz, 12481 MHz, 36
2026/09/26 05:57:22.010, 0, 0 %, 16435 MiB, 90.94 W, 2355 MHz, 12481 MHz, 36
2026/09/26 05:57:22.010, 1, 9 %, 16275 MiB, 91.63 W, 2317 MHz, 12481 MHz, 36
2026/09/26 05:57:22.260, 0, 0 %, 16435 MiB, 90.94 W, 2355 MHz, 12481 MHz, 36
2026/09/26 05:57:22.260, 1, 0 %, 16275 MiB, 91.55 W, 2317 MHz, 12481 MHz, 36
2026/09/26 05:57:22.510, 0, 0 %, 16435 MiB, 90.92 W, 2355 MHz, 12481 MHz, 36
2026/09/26 05:57:22.510, 1, 0 %, 16275 MiB, 91.55 W, 2317 MHz, 12481 MHz, 36
2026/09/26 05:57:22.760, 0, 0 %, 16435 MiB, 90.86 W, 2355 MHz, 12481 MHz, 36
2026/09/26 05:57:22.760, 1, 1 %, 16307 MiB, 90.85 W, 2317 MHz, 12481 MHz, 36
2026/09/26 05:57:23.010, 0, 0 %, 16435 MiB, 90.80 W, 2355 MHz, 12481 MHz, 36
2026/09/26 05:57:23.010, 1, 0 %, 16307 MiB, 90.06 W, 2317 MHz, 12481 MHz, 36
2026/09/26 05:57:23.260, 0, 0 %, 16435 MiB, 90.75 W, 2355 MHz, 12481 MHz, 36
2026/09/26 05:57:23.261, 1, 0 %, 16339 MiB, 89.90 W, 2317 MHz, 12481 MHz, 36
2026/09/26 05:57:23.511, 0, 0 %, 16435 MiB, 90.75 W, 2355 MHz, 12481 MHz, 36
2026/09/26 05:57:23.511, 1, 1 %, 16339 MiB, 89.83 W, 2317 MHz, 12481 MHz, 36
2026/09/26 05:57:23.761, 0, 0 %, 16435 MiB, 90.79 W, 2355 MHz, 12481 MHz, 36
2026/09/26 05:57:23.761, 1, 0 %, 16339 MiB, 89.71 W, 2317 MHz, 12481 MHz, 36
2026/09/26 05:57:24.011, 0, 0 %, 16435 MiB, 90.80 W, 2355 MHz, 12481 MHz, 36
2026/09/26 05:57:24.011, 1, 1 %, 16371 MiB, 89.68 W, 2317 MHz, 12481 MHz, 36
2026/09/26 05:57:24.261, 0, 0 %, 18163 MiB, 90.78 W, 2355 MHz, 12481 MHz, 36
2026/09/26 05:57:24.261, 1, 0 %, 16403 MiB, 89.76 W, 2317 MHz, 12481 MHz, 36
2026/09/26 05:57:24.511, 0, 9 %, 18163 MiB, 91.92 W, 2355 MHz, 12481 MHz, 36
2026/09/26 05:57:24.511, 1, 0 %, 16403 MiB, 89.82 W, 2317 MHz, 12481 MHz, 36
2026/09/26 05:57:24.761, 0, 0 %, 18163 MiB, 91.96 W, 2355 MHz, 12481 MHz, 36
2026/09/26 05:57:24.761, 1, 0 %, 16403 MiB, 89.87 W, 2317 MHz, 12481 MHz, 36
2026/09/26 05:57:25.011, 0, 0 %, 18163 MiB, 91.91 W, 2355 MHz, 12481 MHz, 36
2026/09/26 05:57:25.011, 1, 0 %, 16403 MiB, 90.01 W, 2317 MHz, 12481 MHz, 36
2026/09/26 05:57:25.262, 0, 1 %, 18195 MiB, 91.97 W, 2355 MHz, 12481 MHz, 36
2026/09/26 05:57:25.262, 1, 0 %, 16403 MiB, 90.11 W, 2317 MHz, 12481 MHz, 36
2026/09/26 05:57:25.512, 0, 0 %, 18195 MiB, 90.76 W, 2355 MHz, 12481 MHz, 36
2026/09/26 05:57:25.512, 1, 0 %, 16403 MiB, 90.15 W, 2317 MHz, 12481 MHz, 36
2026/09/26 05:57:25.762, 0, 1 %, 18227 MiB, 90.72 W, 2355 MHz, 12481 MHz, 36
2026/09/26 05:57:25.762, 1, 0 %, 16403 MiB, 90.25 W, 2317 MHz, 12481 MHz, 36
2026/09/26 05:57:26.012, 0, 0 %, 18227 MiB, 90.70 W, 2355 MHz, 12481 MHz, 36
2026/09/26 05:57:26.012, 1, 0 %, 16403 MiB, 90.21 W, 2317 MHz, 12481 MHz, 36
2026/09/26 05:57:26.262, 0, 0 %, 18259 MiB, 90.72 W, 2355 MHz, 12481 MHz, 36
2026/09/26 05:57:26.262, 1, 0 %, 16403 MiB, 90.11 W, 2317 MHz, 12481 MHz, 36
2026/09/26 05:57:26.512, 0, 1 %, 18291 MiB, 90.69 W, 2355 MHz, 12481 MHz, 36
2026/09/26 05:57:26.512, 1, 0 %, 16403 MiB, 90.06 W, 2317 MHz, 12481 MHz, 36
2026/09/26 05:57:26.762, 0, 0 %, 18291 MiB, 90.70 W, 2355 MHz, 12481 MHz, 36
2026/09/26 05:57:26.762, 1, 13 %, 18131 MiB, 90.72 W, 2317 MHz, 12481 MHz, 36
2026/09/26 05:57:27.012, 0, 0 %, 18291 MiB, 90.69 W, 2355 MHz, 12481 MHz, 36
2026/09/26 05:57:27.013, 1, 0 %, 18131 MiB, 91.07 W, 2317 MHz, 12481 MHz, 36
2026/09/26 05:57:27.263, 0, 0 %, 18291 MiB, 90.66 W, 2355 MHz, 12481 MHz, 36
2026/09/26 05:57:27.263, 1, 0 %, 18131 MiB, 91.00 W, 2317 MHz, 12481 MHz, 36
2026/09/26 05:57:27.513, 0, 0 %, 18291 MiB, 90.70 W, 2355 MHz, 12481 MHz, 36
2026/09/26 05:57:27.513, 1, 0 %, 18163 MiB, 90.93 W, 2317 MHz, 12481 MHz, 36
2026/09/26 05:57:27.763, 0, 0 %, 18291 MiB, 90.67 W, 2355 MHz, 12481 MHz, 36
2026/09/26 05:57:27.763, 1, 0 %, 18163 MiB, 90.21 W, 2317 MHz, 12481 MHz, 36
2026/09/26 05:57:28.013, 0, 0 %, 18291 MiB, 90.70 W, 2355 MHz, 12481 MHz, 36
2026/09/26 05:57:28.013, 1, 0 %, 18163 MiB, 89.67 W, 2317 MHz, 12481 MHz, 36
2026/09/26 05:57:28.263, 0, 0 %, 18291 MiB, 90.71 W, 2355 MHz, 12481 MHz, 36
2026/09/26 05:57:28.263, 1, 1 %, 18195 MiB, 89.70 W, 2317 MHz, 12481 MHz, 36
2026/09/26 05:57:28.513, 0, 0 %, 18291 MiB, 90.66 W, 2355 MHz, 12481 MHz, 36
2026/09/26 05:57:28.513, 1, 0 %, 18195 MiB, 89.72 W, 2317 MHz, 12481 MHz, 36
2026/09/26 05:57:28.763, 0, 0 %, 18291 MiB, 90.68 W, 2355 MHz, 12481 MHz, 36
2026/09/26 05:57:28.763, 1, 1 %, 18259 MiB, 89.88 W, 2317 MHz, 12481 MHz, 36
2026/09/26 05:57:29.013, 0, 0 %, 18291 MiB, 90.66 W, 2355 MHz, 12481 MHz, 36
2026/09/26 05:57:29.013, 1, 0 %, 18259 MiB, 90.01 W, 2317 MHz, 12481 MHz, 36
2026/09/26 05:57:29.264, 0, 13 %, 20051 MiB, 91.84 W, 2355 MHz, 12481 MHz, 36
2026/09/26 05:57:29.264, 1, 0 %, 18259 MiB, 90.13 W, 2317 MHz, 12481 MHz, 36
2026/09/26 05:57:29.514, 0, 0 %, 20051 MiB, 91.85 W, 2355 MHz, 12481 MHz, 36
2026/09/26 05:57:29.514, 1, 0 %, 18259 MiB, 90.22 W, 2317 MHz, 12481 MHz, 36
2026/09/26 05:57:29.764, 0, 0 %, 20051 MiB, 91.80 W, 2355 MHz, 12481 MHz, 36
2026/09/26 05:57:29.764, 1, 0 %, 18259 MiB, 90.21 W, 2317 MHz, 12481 MHz, 36
2026/09/26 05:57:30.014, 0, 0 %, 20083 MiB, 91.79 W, 2355 MHz, 12481 MHz, 36
2026/09/26 05:57:30.014, 1, 0 %, 18259 MiB, 90.14 W, 2317 MHz, 12481 MHz, 36
2026/09/26 05:57:30.264, 0, 0 %, 20083 MiB, 90.63 W, 2355 MHz, 12481 MHz, 36
2026/09/26 05:57:30.264, 1, 0 %, 18259 MiB, 90.03 W, 2317 MHz, 12481 MHz, 36
2026/09/26 05:57:30.514, 0, 0 %, 20083 MiB, 90.60 W, 2355 MHz, 12481 MHz, 36
2026/09/26 05:57:30.514, 1, 0 %, 18259 MiB, 89.95 W, 2317 MHz, 12481 MHz, 36
2026/09/26 05:57:30.764, 0, 0 %, 20115 MiB, 90.62 W, 2355 MHz, 12481 MHz, 36
2026/09/26 05:57:30.764, 1, 0 %, 18259 MiB, 89.85 W, 2317 MHz, 12481 MHz, 36
2026/09/26 05:57:31.014, 0, 0 %, 20115 MiB, 90.65 W, 2355 MHz, 12481 MHz, 36
2026/09/26 05:57:31.014, 1, 0 %, 18259 MiB, 89.77 W, 2317 MHz, 12481 MHz, 36
2026/09/26 05:57:31.265, 0, 0 %, 20147 MiB, 90.66 W, 2355 MHz, 12481 MHz, 36
2026/09/26 05:57:31.265, 1, 0 %, 18259 MiB, 89.65 W, 2317 MHz, 12481 MHz, 36
2026/09/26 05:57:31.515, 0, 0 %, 20179 MiB, 90.69 W, 2355 MHz, 12481 MHz, 36
2026/09/26 05:57:31.515, 1, 0 %, 18259 MiB, 89.61 W, 2317 MHz, 12481 MHz, 36
2026/09/26 05:57:31.765, 0, 0 %, 20179 MiB, 90.73 W, 2355 MHz, 12481 MHz, 36
2026/09/26 05:57:31.765, 1, 23 %, 20019 MiB, 90.65 W, 2317 MHz, 12481 MHz, 36
2026/09/26 05:57:32.015, 0, 0 %, 20179 MiB, 90.67 W, 2355 MHz, 12481 MHz, 36
2026/09/26 05:57:32.015, 1, 0 %, 20019 MiB, 90.65 W, 2317 MHz, 12481 MHz, 36
2026/09/26 05:57:32.265, 0, 0 %, 20179 MiB, 90.63 W, 2355 MHz, 12481 MHz, 36
2026/09/26 05:57:32.265, 1, 0 %, 20019 MiB, 90.75 W, 2317 MHz, 12481 MHz, 36
2026/09/26 05:57:32.515, 0, 0 %, 20179 MiB, 90.61 W, 2355 MHz, 12481 MHz, 36
2026/09/26 05:57:32.515, 1, 0 %, 20051 MiB, 90.82 W, 2317 MHz, 12481 MHz, 36
2026/09/26 05:57:32.765, 0, 0 %, 20179 MiB, 90.53 W, 2355 MHz, 12481 MHz, 36
2026/09/26 05:57:32.765, 1, 0 %, 20051 MiB, 89.92 W, 2317 MHz, 12481 MHz, 36
2026/09/26 05:57:33.015, 0, 0 %, 20179 MiB, 90.56 W, 2355 MHz, 12481 MHz, 36
2026/09/26 05:57:33.015, 1, 0 %, 20051 MiB, 89.98 W, 2317 MHz, 12481 MHz, 36
2026/09/26 05:57:33.266, 0, 0 %, 20179 MiB, 90.53 W, 2355 MHz, 12481 MHz, 36
2026/09/26 05:57:33.266, 1, 0 %, 20083 MiB, 90.10 W, 2317 MHz, 12481 MHz, 36
2026/09/26 05:57:33.516, 0, 0 %, 20179 MiB, 90.54 W, 2355 MHz, 12481 MHz, 36
2026/09/26 05:57:33.516, 1, 0 %, 20083 MiB, 90.16 W, 2317 MHz, 12481 MHz, 36
2026/09/26 05:57:33.766, 0, 0 %, 20179 MiB, 90.59 W, 2355 MHz, 12481 MHz, 36
2026/09/26 05:57:33.766, 1, 1 %, 20115 MiB, 90.07 W, 2317 MHz, 12481 MHz, 36
2026/09/26 05:57:34.016, 0, 0 %, 20179 MiB, 90.60 W, 2355 MHz, 12481 MHz, 36
2026/09/26 05:57:34.016, 1, 0 %, 20147 MiB, 90.03 W, 2317 MHz, 12481 MHz, 36
2026/09/26 05:57:34.266, 0, 0 %, 21939 MiB, 91.49 W, 2355 MHz, 12481 MHz, 36
2026/09/26 05:57:34.266, 1, 0 %, 20147 MiB, 90.00 W, 2317 MHz, 12481 MHz, 36
2026/09/26 05:57:34.516, 0, 0 %, 21939 MiB, 91.75 W, 2355 MHz, 12481 MHz, 36
2026/09/26 05:57:34.516, 1, 0 %, 20147 MiB, 89.89 W, 2317 MHz, 12481 MHz, 36
2026/09/26 05:57:34.766, 0, 0 %, 21939 MiB, 91.77 W, 2355 MHz, 12481 MHz, 36
2026/09/26 05:57:34.766, 1, 0 %, 20147 MiB, 89.75 W, 2317 MHz, 12481 MHz, 36
2026/09/26 05:57:35.016, 0, 0 %, 21971 MiB, 91.75 W, 2355 MHz, 12481 MHz, 36
2026/09/26 05:57:35.016, 1, 0 %, 20147 MiB, 89.69 W, 2317 MHz, 12481 MHz, 36
2026/09/26 05:57:35.266, 0, 0 %, 21971 MiB, 90.99 W, 2355 MHz, 12481 MHz, 36
2026/09/26 05:57:35.267, 1, 0 %, 20147 MiB, 89.54 W, 2317 MHz, 12481 MHz, 36
2026/09/26 05:57:35.517, 0, 0 %, 22003 MiB, 90.65 W, 2355 MHz, 12481 MHz, 36
2026/09/26 05:57:35.517, 1, 0 %, 20147 MiB, 89.52 W, 2317 MHz, 12481 MHz, 36
2026/09/26 05:57:35.767, 0, 0 %, 22003 MiB, 90.68 W, 2355 MHz, 12481 MHz, 36
2026/09/26 05:57:35.767, 1, 0 %, 20147 MiB, 89.54 W, 2317 MHz, 12481 MHz, 36
2026/09/26 05:57:36.017, 0, 0 %, 22003 MiB, 90.65 W, 2355 MHz, 12481 MHz, 36
2026/09/26 05:57:36.017, 1, 0 %, 20147 MiB, 89.54 W, 2317 MHz, 12481 MHz, 36
2026/09/26 05:57:36.267, 0, 1 %, 22035 MiB, 90.63 W, 2355 MHz, 12481 MHz, 36
2026/09/26 05:57:36.267, 1, 0 %, 20147 MiB, 89.65 W, 2317 MHz, 12481 MHz, 35
2026/09/26 05:57:36.517, 0, 0 %, 22067 MiB, 90.66 W, 2355 MHz, 12481 MHz, 36
2026/09/26 05:57:36.517, 1, 0 %, 21875 MiB, 89.78 W, 2317 MHz, 12481 MHz, 36
2026/09/26 05:57:36.767, 0, 0 %, 22067 MiB, 90.62 W, 2355 MHz, 12481 MHz, 36
2026/09/26 05:57:36.767, 1, 16 %, 21907 MiB, 91.00 W, 2317 MHz, 12481 MHz, 36
2026/09/26 05:57:37.017, 0, 0 %, 22067 MiB, 90.55 W, 2355 MHz, 12481 MHz, 36
2026/09/26 05:57:37.017, 1, 0 %, 21907 MiB, 91.08 W, 2317 MHz, 12481 MHz, 36
2026/09/26 05:57:37.267, 0, 0 %, 22067 MiB, 90.54 W, 2355 MHz, 12481 MHz, 36
2026/09/26 05:57:37.268, 1, 0 %, 21907 MiB, 91.12 W, 2317 MHz, 12481 MHz, 36
2026/09/26 05:57:37.518, 0, 0 %, 22067 MiB, 90.52 W, 2355 MHz, 12481 MHz, 36
2026/09/26 05:57:37.518, 1, 0 %, 21939 MiB, 91.14 W, 2317 MHz, 12481 MHz, 36
2026/09/26 05:57:37.768, 0, 0 %, 22067 MiB, 90.45 W, 2355 MHz, 12481 MHz, 36
2026/09/26 05:57:37.768, 1, 0 %, 21939 MiB, 89.99 W, 2317 MHz, 12481 MHz, 35
2026/09/26 05:57:38.018, 0, 0 %, 22067 MiB, 90.53 W, 2355 MHz, 12481 MHz, 36
2026/09/26 05:57:38.018, 1, 0 %, 21971 MiB, 89.91 W, 2317 MHz, 12481 MHz, 35
2026/09/26 05:57:38.268, 0, 0 %, 22067 MiB, 90.51 W, 2355 MHz, 12481 MHz, 36
2026/09/26 05:57:38.268, 1, 0 %, 21971 MiB, 89.78 W, 2317 MHz, 12481 MHz, 36
2026/09/26 05:57:38.518, 0, 0 %, 22067 MiB, 90.50 W, 2355 MHz, 12481 MHz, 36
2026/09/26 05:57:38.518, 1, 0 %, 22003 MiB, 89.67 W, 2317 MHz, 12481 MHz, 36
2026/09/26 05:57:38.768, 0, 0 %, 22067 MiB, 90.49 W, 2355 MHz, 12481 MHz, 36
2026/09/26 05:57:38.768, 1, 0 %, 22003 MiB, 89.60 W, 2317 MHz, 12481 MHz, 35
2026/09/26 05:57:39.018, 0, 0 %, 23795 MiB, 91.33 W, 2355 MHz, 12481 MHz, 36
2026/09/26 05:57:39.018, 1, 0 %, 22035 MiB, 89.57 W, 2317 MHz, 12481 MHz, 35
2026/09/26 05:57:39.268, 0, 19 %, 23827 MiB, 91.66 W, 2355 MHz, 12481 MHz, 36
2026/09/26 05:57:39.268, 1, 0 %, 22035 MiB, 89.54 W, 2317 MHz, 12481 MHz, 35
2026/09/26 05:57:39.519, 0, 0 %, 23827 MiB, 91.69 W, 2355 MHz, 12481 MHz, 36
2026/09/26 05:57:39.519, 1, 0 %, 22035 MiB, 89.55 W, 2317 MHz, 12481 MHz, 35
2026/09/26 05:57:39.769, 0, 0 %, 23827 MiB, 91.69 W, 2355 MHz, 12481 MHz, 36
2026/09/26 05:57:39.769, 1, 0 %, 22035 MiB, 89.57 W, 2317 MHz, 12481 MHz, 35
2026/09/26 05:57:40.019, 0, 1 %, 23859 MiB, 91.03 W, 2355 MHz, 12481 MHz, 36
2026/09/26 05:57:40.019, 1, 0 %, 22035 MiB, 89.69 W, 2317 MHz, 12481 MHz, 35
2026/09/26 05:57:40.269, 0, 0 %, 23859 MiB, 90.61 W, 2355 MHz, 12481 MHz, 36
2026/09/26 05:57:40.269, 1, 0 %, 22035 MiB, 89.85 W, 2317 MHz, 12481 MHz, 35
2026/09/26 05:57:40.519, 0, 1 %, 23891 MiB, 90.56 W, 2355 MHz, 12481 MHz, 35
2026/09/26 05:57:40.519, 1, 0 %, 22035 MiB, 89.94 W, 2317 MHz, 12481 MHz, 35
2026/09/26 05:57:40.769, 0, 0 %, 23891 MiB, 90.58 W, 2355 MHz, 12481 MHz, 36
2026/09/26 05:57:40.769, 1, 0 %, 22035 MiB, 90.07 W, 2317 MHz, 12481 MHz, 35
2026/09/26 05:57:41.019, 0, 0 %, 23923 MiB, 90.44 W, 2355 MHz, 12481 MHz, 36
2026/09/26 05:57:41.019, 1, 0 %, 22035 MiB, 90.03 W, 2317 MHz, 12481 MHz, 35
2026/09/26 05:57:41.269, 0, 1 %, 23923 MiB, 90.41 W, 2355 MHz, 12481 MHz, 36
2026/09/26 05:57:41.269, 1, 0 %, 22035 MiB, 89.94 W, 2317 MHz, 12481 MHz, 35
2026/09/26 05:57:41.519, 0, 0 %, 23955 MiB, 90.49 W, 2355 MHz, 12481 MHz, 35
2026/09/26 05:57:41.519, 1, 0 %, 23763 MiB, 89.88 W, 2317 MHz, 12481 MHz, 35
2026/09/26 05:57:41.770, 0, 0 %, 23955 MiB, 90.48 W, 2355 MHz, 12481 MHz, 35
2026/09/26 05:57:41.770, 1, 4 %, 23795 MiB, 90.94 W, 2317 MHz, 12481 MHz, 35
2026/09/26 05:57:42.020, 0, 0 %, 23955 MiB, 90.51 W, 2355 MHz, 12481 MHz, 35
2026/09/26 05:57:42.020, 1, 0 %, 23795 MiB, 90.86 W, 2317 MHz, 12481 MHz, 35
2026/09/26 05:57:42.270, 0, 0 %, 23955 MiB, 90.50 W, 2355 MHz, 12481 MHz, 35
2026/09/26 05:57:42.270, 1, 0 %, 23795 MiB, 90.72 W, 2317 MHz, 12481 MHz, 35
2026/09/26 05:57:42.520, 0, 0 %, 23955 MiB, 90.44 W, 2355 MHz, 12481 MHz, 35
2026/09/26 05:57:42.520, 1, 0 %, 23827 MiB, 90.66 W, 2317 MHz, 12481 MHz, 35
2026/09/26 05:57:42.770, 0, 0 %, 23955 MiB, 90.42 W, 2355 MHz, 12481 MHz, 35
2026/09/26 05:57:42.770, 1, 0 %, 23827 MiB, 89.40 W, 2317 MHz, 12481 MHz, 35
2026/09/26 05:57:43.020, 0, 0 %, 23955 MiB, 90.43 W, 2355 MHz, 12481 MHz, 35
2026/09/26 05:57:43.020, 1, 0 %, 23859 MiB, 89.39 W, 2317 MHz, 12481 MHz, 35
2026/09/26 05:57:43.270, 0, 0 %, 23955 MiB, 90.39 W, 2355 MHz, 12481 MHz, 35
2026/09/26 05:57:43.270, 1, 1 %, 23859 MiB, 89.47 W, 2317 MHz, 12481 MHz, 35
2026/09/26 05:57:43.520, 0, 0 %, 23955 MiB, 90.41 W, 2355 MHz, 12481 MHz, 35
2026/09/26 05:57:43.520, 1, 0 %, 23859 MiB, 89.56 W, 2317 MHz, 12481 MHz, 35
2026/09/26 05:57:43.770, 0, 0 %, 23955 MiB, 90.40 W, 2355 MHz, 12481 MHz, 35
2026/09/26 05:57:43.770, 1, 0 %, 23891 MiB, 89.78 W, 2317 MHz, 12481 MHz, 35
2026/09/26 05:57:44.020, 0, 0 %, 25683 MiB, 90.53 W, 2355 MHz, 12481 MHz, 35
2026/09/26 05:57:44.021, 1, 0 %, 23923 MiB, 89.89 W, 2317 MHz, 12481 MHz, 35
2026/09/26 05:57:44.271, 0, 16 %, 25683 MiB, 91.34 W, 2355 MHz, 12481 MHz, 36
2026/09/26 05:57:44.271, 1, 0 %, 23923 MiB, 90.03 W, 2317 MHz, 12481 MHz, 35
2026/09/26 05:57:44.521, 0, 0 %, 25683 MiB, 91.37 W, 2355 MHz, 12481 MHz, 35
2026/09/26 05:57:44.521, 1, 0 %, 23923 MiB, 90.03 W, 2317 MHz, 12481 MHz, 35
2026/09/26 05:57:44.771, 0, 0 %, 25683 MiB, 91.39 W, 2355 MHz, 12481 MHz, 35
2026/09/26 05:57:44.771, 1, 0 %, 23923 MiB, 89.91 W, 2317 MHz, 12481 MHz, 35
2026/09/26 05:57:45.021, 0, 1 %, 25715 MiB, 91.48 W, 2355 MHz, 12481 MHz, 35
2026/09/26 05:57:45.021, 1, 0 %, 23923 MiB, 89.86 W, 2317 MHz, 12481 MHz, 35
2026/09/26 05:57:45.271, 0, 0 %, 25715 MiB, 90.53 W, 2355 MHz, 12481 MHz, 35
2026/09/26 05:57:45.271, 1, 0 %, 23923 MiB, 89.68 W, 2317 MHz, 12481 MHz, 35
2026/09/26 05:57:45.521, 0, 1 %, 25747 MiB, 90.53 W, 2355 MHz, 12481 MHz, 35
2026/09/26 05:57:45.521, 1, 0 %, 23923 MiB, 89.65 W, 2317 MHz, 12481 MHz, 35
2026/09/26 05:57:45.771, 0, 0 %, 25747 MiB, 90.55 W, 2355 MHz, 12481 MHz, 35
2026/09/26 05:57:45.771, 1, 0 %, 23923 MiB, 89.56 W, 2317 MHz, 12481 MHz, 35
2026/09/26 05:57:46.021, 0, 0 %, 25779 MiB, 90.51 W, 2355 MHz, 12481 MHz, 35
2026/09/26 05:57:46.022, 1, 0 %, 23923 MiB, 89.53 W, 2317 MHz, 12481 MHz, 35
2026/09/26 05:57:46.272, 0, 1 %, 25779 MiB, 90.51 W, 2355 MHz, 12481 MHz, 35
2026/09/26 05:57:46.272, 1, 0 %, 23923 MiB, 89.46 W, 2317 MHz, 12481 MHz, 35
2026/09/26 05:57:46.522, 0, 0 %, 25811 MiB, 90.52 W, 2355 MHz, 12481 MHz, 35
2026/09/26 05:57:46.522, 1, 0 %, 25651 MiB, 89.40 W, 2317 MHz, 12481 MHz, 35
2026/09/26 05:57:46.772, 0, 0 %, 25811 MiB, 90.53 W, 2355 MHz, 12481 MHz, 35
2026/09/26 05:57:46.772, 1, 1 %, 25651 MiB, 90.75 W, 2317 MHz, 12481 MHz, 35
2026/09/26 05:57:47.022, 0, 0 %, 25811 MiB, 90.48 W, 2355 MHz, 12481 MHz, 35
2026/09/26 05:57:47.022, 1, 0 %, 25651 MiB, 90.81 W, 2317 MHz, 12481 MHz, 35
2026/09/26 05:57:47.272, 0, 0 %, 25811 MiB, 90.46 W, 2355 MHz, 12481 MHz, 35
2026/09/26 05:57:47.272, 1, 0 %, 25683 MiB, 90.97 W, 2317 MHz, 12481 MHz, 35
2026/09/26 05:57:47.522, 0, 0 %, 25811 MiB, 90.37 W, 2355 MHz, 12481 MHz, 35
2026/09/26 05:57:47.522, 1, 1 %, 25683 MiB, 91.18 W, 2317 MHz, 12481 MHz, 35
2026/09/26 05:57:47.772, 0, 0 %, 25811 MiB, 90.35 W, 2355 MHz, 12481 MHz, 35
2026/09/26 05:57:47.772, 1, 0 %, 25683 MiB, 89.96 W, 2317 MHz, 12481 MHz, 35
2026/09/26 05:57:48.022, 0, 0 %, 25811 MiB, 90.35 W, 2355 MHz, 12481 MHz, 35
2026/09/26 05:57:48.023, 1, 1 %, 25715 MiB, 90.04 W, 2317 MHz, 12481 MHz, 35
2026/09/26 05:57:48.273, 0, 0 %, 25811 MiB, 90.30 W, 2355 MHz, 12481 MHz, 35
2026/09/26 05:57:48.273, 1, 0 %, 25715 MiB, 89.97 W, 2317 MHz, 12481 MHz, 35
2026/09/26 05:57:48.523, 0, 0 %, 25811 MiB, 90.32 W, 2355 MHz, 12481 MHz, 35
2026/09/26 05:57:48.523, 1, 0 %, 25747 MiB, 89.88 W, 2317 MHz, 12481 MHz, 35
2026/09/26 05:57:48.773, 0, 0 %, 25811 MiB, 90.30 W, 2355 MHz, 12481 MHz, 35
2026/09/26 05:57:48.773, 1, 0 %, 25779 MiB, 89.76 W, 2317 MHz, 12481 MHz, 35
2026/09/26 05:57:49.023, 0, 7 %, 27539 MiB, 91.37 W, 2355 MHz, 12481 MHz, 35
2026/09/26 05:57:49.023, 1, 0 %, 25779 MiB, 89.67 W, 2317 MHz, 12481 MHz, 35
2026/09/26 05:57:49.273, 0, 15 %, 27571 MiB, 91.56 W, 2355 MHz, 12481 MHz, 35
2026/09/26 05:57:49.273, 1, 0 %, 25779 MiB, 89.57 W, 2317 MHz, 12481 MHz, 35
2026/09/26 05:57:49.523, 0, 0 %, 27571 MiB, 91.58 W, 2355 MHz, 12481 MHz, 35
2026/09/26 05:57:49.523, 1, 0 %, 25779 MiB, 89.53 W, 2317 MHz, 12481 MHz, 35
2026/09/26 05:57:49.773, 0, 0 %, 27571 MiB, 91.59 W, 2355 MHz, 12481 MHz, 35
2026/09/26 05:57:49.773, 1, 0 %, 25779 MiB, 89.42 W, 2317 MHz, 12481 MHz, 35
2026/09/26 05:57:50.023, 0, 1 %, 27603 MiB, 90.70 W, 2355 MHz, 12481 MHz, 35
2026/09/26 05:57:50.024, 1, 0 %, 25779 MiB, 89.38 W, 2317 MHz, 12481 MHz, 35
2026/09/26 05:57:50.274, 0, 0 %, 27603 MiB, 90.37 W, 2355 MHz, 12481 MHz, 35
2026/09/26 05:57:50.274, 1, 0 %, 25779 MiB, 89.36 W, 2317 MHz, 12481 MHz, 35
2026/09/26 05:57:50.524, 0, 1 %, 27635 MiB, 90.33 W, 2355 MHz, 12481 MHz, 35
2026/09/26 05:57:50.524, 1, 0 %, 25779 MiB, 89.32 W, 2317 MHz, 12481 MHz, 35
2026/09/26 05:57:50.774, 0, 0 %, 27635 MiB, 90.35 W, 2355 MHz, 12481 MHz, 35
2026/09/26 05:57:50.774, 1, 0 %, 25779 MiB, 89.51 W, 2317 MHz, 12481 MHz, 35
2026/09/26 05:57:51.024, 0, 0 %, 27667 MiB, 90.31 W, 2355 MHz, 12481 MHz, 35
2026/09/26 05:57:51.024, 1, 0 %, 25779 MiB, 89.63 W, 2317 MHz, 12481 MHz, 35
2026/09/26 05:57:51.274, 0, 1 %, 27667 MiB, 90.34 W, 2355 MHz, 12481 MHz, 35
2026/09/26 05:57:51.274, 1, 0 %, 25779 MiB, 89.81 W, 2317 MHz, 12481 MHz, 35
2026/09/26 05:57:51.524, 0, 0 %, 27699 MiB, 90.40 W, 2355 MHz, 12481 MHz, 35
2026/09/26 05:57:51.524, 1, 0 %, 27507 MiB, 89.97 W, 2317 MHz, 12481 MHz, 35
2026/09/26 05:57:51.774, 0, 0 %, 27699 MiB, 90.41 W, 2355 MHz, 12481 MHz, 35
2026/09/26 05:57:51.774, 1, 2 %, 27539 MiB, 90.94 W, 2317 MHz, 12481 MHz, 35
2026/09/26 05:57:52.024, 0, 0 %, 27699 MiB, 90.44 W, 2355 MHz, 12481 MHz, 35
2026/09/26 05:57:52.024, 1, 0 %, 27539 MiB, 90.90 W, 2317 MHz, 12481 MHz, 35
2026/09/26 05:57:52.275, 0, 0 %, 27699 MiB, 90.41 W, 2355 MHz, 12481 MHz, 35
2026/09/26 05:57:52.275, 1, 0 %, 27539 MiB, 90.79 W, 2317 MHz, 12481 MHz, 35
2026/09/26 05:57:52.525, 0, 0 %, 27699 MiB, 90.35 W, 2355 MHz, 12481 MHz, 35
2026/09/26 05:57:52.525, 1, 0 %, 27571 MiB, 90.65 W, 2317 MHz, 12481 MHz, 35
2026/09/26 05:57:52.775, 0, 0 %, 27699 MiB, 90.34 W, 2355 MHz, 12481 MHz, 35
2026/09/26 05:57:52.775, 1, 0 %, 27571 MiB, 89.52 W, 2317 MHz, 12481 MHz, 35
2026/09/26 05:57:53.025, 0, 0 %, 27699 MiB, 90.33 W, 2355 MHz, 12481 MHz, 35
2026/09/26 05:57:53.025, 1, 0 %, 27603 MiB, 89.44 W, 2317 MHz, 12481 MHz, 35
2026/09/26 05:57:53.275, 0, 0 %, 27699 MiB, 90.31 W, 2355 MHz, 12481 MHz, 35
2026/09/26 05:57:53.275, 1, 1 %, 27603 MiB, 89.39 W, 2317 MHz, 12481 MHz, 35
2026/09/26 05:57:53.525, 0, 0 %, 27699 MiB, 90.35 W, 2355 MHz, 12481 MHz, 35
2026/09/26 05:57:53.525, 1, 0 %, 27603 MiB, 89.36 W, 2317 MHz, 12481 MHz, 35
2026/09/26 05:57:53.775, 0, 0 %, 27699 MiB, 90.32 W, 2355 MHz, 12481 MHz, 35
2026/09/26 05:57:53.775, 1, 0 %, 27635 MiB, 89.35 W, 2317 MHz, 12481 MHz, 35
2026/09/26 05:57:54.025, 0, 0 %, 29427 MiB, 90.50 W, 2355 MHz, 12481 MHz, 35
2026/09/26 05:57:54.025, 1, 0 %, 27667 MiB, 89.42 W, 2317 MHz, 12481 MHz, 35
2026/09/26 05:57:54.275, 0, 6 %, 29427 MiB, 90.89 W, 2355 MHz, 12481 MHz, 35
2026/09/26 05:57:54.276, 1, 0 %, 27667 MiB, 89.66 W, 2317 MHz, 12481 MHz, 35
2026/09/26 05:57:54.526, 0, 5 %, 29427 MiB, 91.42 W, 2355 MHz, 12481 MHz, 35
2026/09/26 05:57:54.526, 1, 0 %, 27667 MiB, 89.78 W, 2317 MHz, 12481 MHz, 35
2026/09/26 05:57:54.776, 0, 3 %, 29459 MiB, 91.58 W, 2355 MHz, 12481 MHz, 35
2026/09/26 05:57:54.776, 1, 0 %, 27667 MiB, 89.93 W, 2317 MHz, 12481 MHz, 35
2026/09/26 05:57:55.026, 0, 0 %, 29459 MiB, 91.62 W, 2355 MHz, 12481 MHz, 35
2026/09/26 05:57:55.026, 1, 0 %, 27667 MiB, 89.97 W, 2317 MHz, 12481 MHz, 35
2026/09/26 05:57:55.276, 0, 0 %, 29459 MiB, 91.03 W, 2355 MHz, 12481 MHz, 35
2026/09/26 05:57:55.276, 1, 0 %, 27667 MiB, 89.81 W, 2317 MHz, 12481 MHz, 35
2026/09/26 05:57:55.526, 0, 0 %, 29491 MiB, 90.48 W, 2355 MHz, 12481 MHz, 35
2026/09/26 05:57:55.526, 1, 0 %, 27667 MiB, 89.75 W, 2317 MHz, 12481 MHz, 35
2026/09/26 05:57:55.776, 0, 0 %, 29491 MiB, 90.30 W, 2355 MHz, 12481 MHz, 35
2026/09/26 05:57:55.776, 1, 0 %, 27667 MiB, 89.63 W, 2317 MHz, 12481 MHz, 35
2026/09/26 05:57:56.026, 0, 0 %, 29523 MiB, 90.31 W, 2355 MHz, 12481 MHz, 35
2026/09/26 05:57:56.026, 1, 0 %, 27667 MiB, 89.58 W, 2317 MHz, 12481 MHz, 35
2026/09/26 05:57:56.277, 0, 1 %, 29523 MiB, 90.31 W, 2355 MHz, 12481 MHz, 35
2026/09/26 05:57:56.277, 1, 0 %, 27667 MiB, 89.47 W, 2317 MHz, 12481 MHz, 35
2026/09/26 05:57:56.527, 0, 0 %, 29523 MiB, 90.33 W, 2355 MHz, 12481 MHz, 35
2026/09/26 05:57:56.527, 1, 0 %, 27667 MiB, 89.41 W, 2317 MHz, 12481 MHz, 35
2026/09/26 05:57:56.777, 0, 0 %, 29555 MiB, 90.33 W, 2355 MHz, 12481 MHz, 35
2026/09/26 05:57:56.777, 1, 0 %, 27667 MiB, 89.32 W, 2317 MHz, 12481 MHz, 35
2026/09/26 05:57:57.027, 0, 0 %, 29587 MiB, 90.37 W, 2355 MHz, 12481 MHz, 35
2026/09/26 05:57:57.027, 1, 0 %, 29395 MiB, 89.30 W, 2317 MHz, 12481 MHz, 35
2026/09/26 05:57:57.277, 0, 0 %, 29587 MiB, 90.43 W, 2355 MHz, 12481 MHz, 35
2026/09/26 05:57:57.277, 1, 13 %, 29427 MiB, 90.56 W, 2317 MHz, 12481 MHz, 35
2026/09/26 05:57:57.527, 0, 0 %, 29587 MiB, 90.40 W, 2355 MHz, 12481 MHz, 35
2026/09/26 05:57:57.527, 1, 1 %, 29427 MiB, 90.66 W, 2317 MHz, 12481 MHz, 35
2026/09/26 05:57:57.777, 0, 0 %, 29587 MiB, 90.38 W, 2355 MHz, 12481 MHz, 35
2026/09/26 05:57:57.777, 1, 0 %, 29427 MiB, 90.85 W, 2317 MHz, 12481 MHz, 35
2026/09/26 05:57:58.028, 0, 0 %, 29587 MiB, 90.31 W, 2355 MHz, 12481 MHz, 35
2026/09/26 05:57:58.028, 1, 1 %, 29459 MiB, 91.02 W, 2317 MHz, 12481 MHz, 35
2026/09/26 05:57:58.278, 0, 0 %, 29587 MiB, 90.23 W, 2355 MHz, 12481 MHz, 35
2026/09/26 05:57:58.278, 1, 0 %, 29459 MiB, 89.91 W, 2317 MHz, 12481 MHz, 35
2026/09/26 05:57:58.528, 0, 0 %, 29587 MiB, 90.30 W, 2355 MHz, 12481 MHz, 35
2026/09/26 05:57:58.528, 1, 0 %, 29491 MiB, 89.89 W, 2317 MHz, 12481 MHz, 35
2026/09/26 05:57:58.778, 0, 0 %, 29587 MiB, 90.30 W, 2355 MHz, 12481 MHz, 35
2026/09/26 05:57:58.778, 1, 0 %, 29491 MiB, 89.79 W, 2317 MHz, 12481 MHz, 35
2026/09/26 05:57:59.028, 0, 0 %, 29587 MiB, 90.32 W, 2355 MHz, 12481 MHz, 35
2026/09/26 05:57:59.028, 1, 0 %, 29523 MiB, 89.72 W, 2317 MHz, 12481 MHz, 35
2026/09/26 05:57:59.278, 0, 0 %, 29587 MiB, 90.38 W, 2355 MHz, 12481 MHz, 35
2026/09/26 05:57:59.278, 1, 1 %, 29523 MiB, 89.62 W, 2317 MHz, 12481 MHz, 35
2026/09/26 05:57:59.528, 0, 9 %, 31315 MiB, 91.14 W, 2355 MHz, 12481 MHz, 35
2026/09/26 05:57:59.528, 1, 0 %, 29555 MiB, 89.54 W, 2317 MHz, 12481 MHz, 35
2026/09/26 05:57:59.778, 0, 2 %, 31347 MiB, 91.61 W, 2355 MHz, 12481 MHz, 35
2026/09/26 05:57:59.778, 1, 0 %, 29555 MiB, 89.43 W, 2317 MHz, 12481 MHz, 35
2026/09/26 05:58:00.029, 0, 0 %, 31347 MiB, 91.66 W, 2355 MHz, 12481 MHz, 35
2026/09/26 05:58:00.029, 1, 0 %, 29555 MiB, 89.31 W, 2317 MHz, 12481 MHz, 35
2026/09/26 05:58:00.279, 0, 0 %, 31347 MiB, 91.66 W, 2355 MHz, 12481 MHz, 35
2026/09/26 05:58:00.279, 1, 0 %, 29555 MiB, 89.22 W, 2317 MHz, 12481 MHz, 35
2026/09/26 05:58:00.529, 0, 1 %, 31379 MiB, 90.96 W, 2355 MHz, 12481 MHz, 35
2026/09/26 05:58:00.529, 1, 0 %, 29555 MiB, 89.29 W, 2317 MHz, 12481 MHz, 35
2026/09/26 05:58:00.779, 0, 0 %, 31379 MiB, 90.37 W, 2355 MHz, 12481 MHz, 35
2026/09/26 05:58:00.779, 1, 0 %, 29555 MiB, 89.36 W, 2317 MHz, 12481 MHz, 35
2026/09/26 05:58:01.029, 0, 0 %, 31411 MiB, 90.32 W, 2355 MHz, 12481 MHz, 35
2026/09/26 05:58:01.029, 1, 0 %, 29555 MiB, 89.60 W, 2317 MHz, 12481 MHz, 35
2026/09/26 05:58:01.279, 0, 1 %, 31411 MiB, 90.36 W, 2355 MHz, 12481 MHz, 35
2026/09/26 05:58:01.279, 1, 0 %, 29555 MiB, 89.74 W, 2317 MHz, 12481 MHz, 35
2026/09/26 05:58:01.529, 0, 0 %, 31411 MiB, 90.33 W, 2355 MHz, 12481 MHz, 35
2026/09/26 05:58:01.529, 1, 0 %, 29555 MiB, 89.81 W, 2317 MHz, 12481 MHz, 35
2026/09/26 05:58:01.779, 0, 0 %, 31443 MiB, 90.35 W, 2355 MHz, 12481 MHz, 35
2026/09/26 05:58:01.779, 1, 0 %, 29555 MiB, 89.86 W, 2317 MHz, 12481 MHz, 35
2026/09/26 05:58:02.030, 0, 0 %, 31475 MiB, 90.38 W, 2355 MHz, 12481 MHz, 35
2026/09/26 05:58:02.030, 1, 0 %, 31283 MiB, 90.31 W, 2317 MHz, 12481 MHz, 35
2026/09/26 05:58:02.280, 0, 0 %, 31475 MiB, 90.37 W, 2355 MHz, 12481 MHz, 35
2026/09/26 05:58:02.280, 1, 22 %, 31315 MiB, 90.85 W, 2317 MHz, 12481 MHz, 35
2026/09/26 05:58:02.530, 0, 0 %, 31475 MiB, 90.36 W, 2355 MHz, 12481 MHz, 35
2026/09/26 05:58:02.530, 1, 0 %, 31315 MiB, 90.81 W, 2317 MHz, 12481 MHz, 35
2026/09/26 05:58:02.780, 0, 0 %, 31475 MiB, 90.32 W, 2355 MHz, 12481 MHz, 35
2026/09/26 05:58:02.780, 1, 0 %, 31315 MiB, 90.71 W, 2317 MHz, 12481 MHz, 35
2026/09/26 05:58:03.030, 0, 0 %, 31475 MiB, 90.27 W, 2355 MHz, 12481 MHz, 35
2026/09/26 05:58:03.030, 1, 0 %, 31347 MiB, 90.05 W, 2317 MHz, 12481 MHz, 35
2026/09/26 05:58:03.280, 0, 0 %, 31475 MiB, 90.23 W, 2355 MHz, 12481 MHz, 35
2026/09/26 05:58:03.280, 1, 0 %, 31347 MiB, 89.36 W, 2317 MHz, 12481 MHz, 35
2026/09/26 05:58:03.530, 0, 0 %, 31475 MiB, 90.27 W, 2355 MHz, 12481 MHz, 35
2026/09/26 05:58:03.530, 1, 0 %, 31379 MiB, 89.26 W, 2317 MHz, 12481 MHz, 35
2026/09/26 05:58:03.780, 0, 0 %, 31475 MiB, 90.25 W, 2355 MHz, 12481 MHz, 35
2026/09/26 05:58:03.780, 1, 0 %, 31379 MiB, 89.26 W, 2317 MHz, 12481 MHz, 35
2026/09/26 05:58:04.030, 0, 0 %, 31475 MiB, 90.28 W, 2355 MHz, 12481 MHz, 35
2026/09/26 05:58:04.030, 1, 0 %, 31379 MiB, 89.28 W, 2317 MHz, 12481 MHz, 35
2026/09/26 05:58:04.281, 0, 0 %, 31475 MiB, 90.30 W, 2355 MHz, 12481 MHz, 35
2026/09/26 05:58:04.281, 1, 1 %, 31411 MiB, 89.36 W, 2317 MHz, 12481 MHz, 35
2026/09/26 05:58:04.531, 0, 0 %, 33203 MiB, 90.48 W, 2355 MHz, 12481 MHz, 35
2026/09/26 05:58:04.531, 1, 0 %, 31443 MiB, 89.61 W, 2317 MHz, 12481 MHz, 35
2026/09/26 05:58:04.781, 0, 13 %, 33203 MiB, 91.24 W, 2355 MHz, 12481 MHz, 35
2026/09/26 05:58:04.781, 1, 0 %, 31443 MiB, 89.74 W, 2317 MHz, 12481 MHz, 35
2026/09/26 05:58:05.031, 0, 0 %, 33203 MiB, 91.27 W, 2355 MHz, 12481 MHz, 35
2026/09/26 05:58:05.031, 1, 0 %, 31443 MiB, 89.89 W, 2317 MHz, 12481 MHz, 35
2026/09/26 05:58:05.281, 0, 0 %, 33235 MiB, 91.28 W, 2355 MHz, 12481 MHz, 35
2026/09/26 05:58:05.281, 1, 0 %, 31443 MiB, 89.91 W, 2317 MHz, 12481 MHz, 35
2026/09/26 05:58:05.531, 0, 0 %, 33235 MiB, 91.25 W, 2355 MHz, 12481 MHz, 35
2026/09/26 05:58:05.531, 1, 0 %, 31443 MiB, 89.75 W, 2317 MHz, 12481 MHz, 35
2026/09/26 05:58:05.781, 0, 0 %, 33235 MiB, 90.31 W, 2355 MHz, 12481 MHz, 35
2026/09/26 05:58:05.781, 1, 0 %, 31443 MiB, 89.66 W, 2317 MHz, 12481 MHz, 35
2026/09/26 05:58:06.031, 0, 1 %, 33267 MiB, 90.30 W, 2355 MHz, 12481 MHz, 35
2026/09/26 05:58:06.031, 1, 0 %, 31443 MiB, 89.51 W, 2317 MHz, 12481 MHz, 35
2026/09/26 05:58:06.282, 0, 0 %, 33267 MiB, 90.32 W, 2355 MHz, 12481 MHz, 35
2026/09/26 05:58:06.282, 1, 0 %, 31443 MiB, 89.43 W, 2317 MHz, 12481 MHz, 35
2026/09/26 05:58:06.532, 0, 1 %, 33299 MiB, 90.36 W, 2355 MHz, 12481 MHz, 35
2026/09/26 05:58:06.532, 1, 0 %, 31443 MiB, 89.30 W, 2317 MHz, 12481 MHz, 35
2026/09/26 05:58:06.782, 0, 0 %, 33331 MiB, 90.39 W, 2355 MHz, 12481 MHz, 35
2026/09/26 05:58:06.782, 1, 0 %, 31443 MiB, 89.24 W, 2317 MHz, 12481 MHz, 35
2026/09/26 05:58:07.032, 0, 0 %, 33331 MiB, 90.36 W, 2355 MHz, 12481 MHz, 35
2026/09/26 05:58:07.032, 1, 4 %, 33171 MiB, 90.48 W, 2317 MHz, 12481 MHz, 35
2026/09/26 05:58:07.282, 0, 0 %, 33331 MiB, 90.38 W, 2355 MHz, 12481 MHz, 35
2026/09/26 05:58:07.282, 1, 8 %, 33171 MiB, 90.51 W, 2317 MHz, 12481 MHz, 35
2026/09/26 05:58:07.532, 0, 0 %, 33331 MiB, 90.35 W, 2355 MHz, 12481 MHz, 35
2026/09/26 05:58:07.532, 1, 0 %, 33171 MiB, 90.59 W, 2317 MHz, 12481 MHz, 35
2026/09/26 05:58:07.782, 0, 0 %, 33331 MiB, 90.32 W, 2355 MHz, 12481 MHz, 35
2026/09/26 05:58:07.782, 1, 1 %, 33203 MiB, 90.74 W, 2317 MHz, 12481 MHz, 35
2026/09/26 05:58:08.032, 0, 0 %, 33331 MiB, 90.33 W, 2355 MHz, 12481 MHz, 35
2026/09/26 05:58:08.032, 1, 0 %, 33203 MiB, 89.78 W, 2317 MHz, 12481 MHz, 35
2026/09/26 05:58:08.282, 0, 0 %, 33331 MiB, 90.27 W, 2355 MHz, 12481 MHz, 35
2026/09/26 05:58:08.283, 1, 0 %, 33235 MiB, 89.73 W, 2317 MHz, 12481 MHz, 35
2026/09/26 05:58:08.533, 0, 0 %, 33331 MiB, 90.32 W, 2355 MHz, 12481 MHz, 35
2026/09/26 05:58:08.533, 1, 0 %, 33235 MiB, 89.82 W, 2317 MHz, 12481 MHz, 35
2026/09/26 05:58:08.783, 0, 0 %, 33331 MiB, 90.29 W, 2355 MHz, 12481 MHz, 35
2026/09/26 05:58:08.783, 1, 0 %, 33235 MiB, 89.77 W, 2317 MHz, 12481 MHz, 35
2026/09/26 05:58:09.033, 0, 0 %, 33331 MiB, 90.27 W, 2355 MHz, 12481 MHz, 35
2026/09/26 05:58:09.033, 1, 1 %, 33267 MiB, 89.73 W, 2317 MHz, 12481 MHz, 35
2026/09/26 05:58:09.283, 0, 0 %, 35059 MiB, 90.28 W, 2355 MHz, 12481 MHz, 35
2026/09/26 05:58:09.283, 1, 0 %, 33299 MiB, 89.66 W, 2317 MHz, 12481 MHz, 35
2026/09/26 05:58:09.533, 0, 14 %, 35091 MiB, 91.46 W, 2355 MHz, 12481 MHz, 35
2026/09/26 05:58:09.533, 1, 0 %, 33299 MiB, 89.53 W, 2317 MHz, 12481 MHz, 35
2026/09/26 05:58:09.783, 0, 0 %, 35091 MiB, 91.44 W, 2355 MHz, 12481 MHz, 35
2026/09/26 05:58:09.783, 1, 0 %, 33299 MiB, 89.46 W, 2317 MHz, 12481 MHz, 35
2026/09/26 05:58:10.033, 0, 0 %, 35091 MiB, 91.51 W, 2355 MHz, 12481 MHz, 35
2026/09/26 05:58:10.033, 1, 0 %, 33299 MiB, 89.30 W, 2317 MHz, 12481 MHz, 35
2026/09/26 05:58:10.283, 0, 0 %, 35123 MiB, 91.49 W, 2355 MHz, 12481 MHz, 35
2026/09/26 05:58:10.284, 1, 0 %, 33299 MiB, 89.24 W, 2317 MHz, 12481 MHz, 35
2026/09/26 05:58:10.534, 0, 0 %, 35123 MiB, 90.30 W, 2355 MHz, 12481 MHz, 35
2026/09/26 05:58:10.534, 1, 0 %, 33299 MiB, 89.19 W, 2317 MHz, 12481 MHz, 35
2026/09/26 05:58:10.784, 0, 0 %, 35123 MiB, 90.29 W, 2355 MHz, 12481 MHz, 35
2026/09/26 05:58:10.784, 1, 0 %, 33299 MiB, 89.23 W, 2317 MHz, 12481 MHz, 35
2026/09/26 05:58:11.034, 0, 1 %, 35155 MiB, 90.26 W, 2355 MHz, 12481 MHz, 35
2026/09/26 05:58:11.034, 1, 0 %, 33299 MiB, 89.41 W, 2317 MHz, 12481 MHz, 35
2026/09/26 05:58:11.284, 0, 0 %, 35155 MiB, 90.33 W, 2355 MHz, 12481 MHz, 35
2026/09/26 05:58:11.284, 1, 0 %, 33299 MiB, 89.55 W, 2317 MHz, 12481 MHz, 35
2026/09/26 05:58:11.534, 0, 1 %, 35187 MiB, 90.31 W, 2355 MHz, 12481 MHz, 35
2026/09/26 05:58:11.534, 1, 0 %, 33299 MiB, 89.72 W, 2317 MHz, 12481 MHz, 35
2026/09/26 05:58:11.784, 0, 0 %, 35219 MiB, 90.33 W, 2355 MHz, 12481 MHz, 35
2026/09/26 05:58:11.784, 1, 0 %, 33299 MiB, 89.79 W, 2317 MHz, 12481 MHz, 35
2026/09/26 05:58:12.034, 0, 0 %, 35219 MiB, 90.37 W, 2355 MHz, 12481 MHz, 35
2026/09/26 05:58:12.034, 1, 7 %, 35027 MiB, 90.46 W, 2317 MHz, 12481 MHz, 35
2026/09/26 05:58:12.284, 0, 0 %, 35219 MiB, 90.36 W, 2355 MHz, 12481 MHz, 35
2026/09/26 05:58:12.284, 1, 6 %, 35059 MiB, 90.75 W, 2317 MHz, 12481 MHz, 35
2026/09/26 05:58:12.535, 0, 0 %, 35219 MiB, 90.30 W, 2355 MHz, 12481 MHz, 35
2026/09/26 05:58:12.535, 1, 0 %, 35059 MiB, 90.83 W, 2317 MHz, 12481 MHz, 35
2026/09/26 05:58:12.785, 0, 0 %, 35219 MiB, 90.29 W, 2355 MHz, 12481 MHz, 35
2026/09/26 05:58:12.785, 1, 0 %, 35059 MiB, 90.72 W, 2317 MHz, 12481 MHz, 35
2026/09/26 05:58:13.035, 0, 0 %, 35219 MiB, 90.27 W, 2355 MHz, 12481 MHz, 35
2026/09/26 05:58:13.035, 1, 0 %, 35091 MiB, 89.95 W, 2317 MHz, 12481 MHz, 35
2026/09/26 05:58:13.285, 0, 0 %, 35219 MiB, 90.24 W, 2355 MHz, 12481 MHz, 35
2026/09/26 05:58:13.285, 1, 1 %, 35091 MiB, 89.58 W, 2317 MHz, 12481 MHz, 35
2026/09/26 05:58:13.535, 0, 0 %, 35219 MiB, 90.31 W, 2355 MHz, 12481 MHz, 35
2026/09/26 05:58:13.535, 1, 0 %, 35091 MiB, 89.32 W, 2317 MHz, 12481 MHz, 35
2026/09/26 05:58:13.785, 0, 0 %, 35219 MiB, 90.27 W, 2355 MHz, 12481 MHz, 35
2026/09/26 05:58:13.785, 1, 1 %, 35123 MiB, 89.31 W, 2317 MHz, 12481 MHz, 35
2026/09/26 05:58:14.035, 0, 0 %, 35219 MiB, 90.27 W, 2355 MHz, 12481 MHz, 35
2026/09/26 05:58:14.035, 1, 0 %, 35123 MiB, 89.30 W, 2317 MHz, 12481 MHz, 35
2026/09/26 05:58:14.285, 0, 0 %, 35219 MiB, 90.28 W, 2355 MHz, 12481 MHz, 35
2026/09/26 05:58:14.285, 1, 0 %, 35155 MiB, 89.35 W, 2317 MHz, 12481 MHz, 35
2026/09/26 05:58:14.535, 0, 0 %, 35219 MiB, 90.24 W, 2355 MHz, 12481 MHz, 35
2026/09/26 05:58:14.535, 1, 0 %, 35187 MiB, 89.55 W, 2317 MHz, 12481 MHz, 35
2026/09/26 05:58:14.785, 0, 9 %, 36947 MiB, 90.70 W, 2355 MHz, 12481 MHz, 35
2026/09/26 05:58:14.785, 1, 0 %, 35187 MiB, 89.67 W, 2317 MHz, 12481 MHz, 35
2026/09/26 05:58:15.036, 0, 8 %, 36979 MiB, 91.32 W, 2355 MHz, 12481 MHz, 35
2026/09/26 05:58:15.036, 1, 0 %, 35187 MiB, 89.81 W, 2317 MHz, 12481 MHz, 35
2026/09/26 05:58:15.286, 0, 0 %, 36979 MiB, 91.32 W, 2355 MHz, 12481 MHz, 35
2026/09/26 05:58:15.286, 1, 0 %, 35187 MiB, 89.86 W, 2317 MHz, 12481 MHz, 35
2026/09/26 05:58:15.536, 0, 1 %, 37011 MiB, 91.33 W, 2355 MHz, 12481 MHz, 35
2026/09/26 05:58:15.536, 1, 0 %, 35187 MiB, 89.82 W, 2317 MHz, 12481 MHz, 35
2026/09/26 05:58:15.786, 0, 0 %, 37011 MiB, 90.96 W, 2355 MHz, 12481 MHz, 35
2026/09/26 05:58:15.786, 1, 0 %, 35187 MiB, 89.71 W, 2317 MHz, 12481 MHz, 35
2026/09/26 05:58:16.036, 0, 0 %, 37011 MiB, 90.25 W, 2355 MHz, 12481 MHz, 35
2026/09/26 05:58:16.036, 1, 0 %, 35187 MiB, 89.57 W, 2317 MHz, 12481 MHz, 35
2026/09/26 05:58:16.286, 0, 1 %, 37043 MiB, 90.29 W, 2355 MHz, 12481 MHz, 35
2026/09/26 05:58:16.286, 1, 0 %, 35187 MiB, 89.50 W, 2317 MHz, 12481 MHz, 35
2026/09/26 05:58:16.536, 0, 0 %, 37043 MiB, 90.32 W, 2355 MHz, 12481 MHz, 35
2026/09/26 05:58:16.536, 1, 0 %, 35187 MiB, 89.36 W, 2317 MHz, 12481 MHz, 35
2026/09/26 05:58:16.787, 0, 1 %, 37075 MiB, 90.36 W, 2355 MHz, 12481 MHz, 35
2026/09/26 05:58:16.787, 1, 0 %, 35187 MiB, 89.32 W, 2317 MHz, 12481 MHz, 35
2026/09/26 05:58:17.037, 0, 0 %, 37075 MiB, 90.35 W, 2355 MHz, 12481 MHz, 35
2026/09/26 05:58:17.037, 1, 0 %, 35187 MiB, 89.28 W, 2317 MHz, 12481 MHz, 35
2026/09/26 05:58:17.287, 0, 0 %, 37075 MiB, 90.36 W, 2355 MHz, 12481 MHz, 35
2026/09/26 05:58:17.287, 1, 8 %, 36947 MiB, 90.56 W, 2317 MHz, 12481 MHz, 35
2026/09/26 05:58:17.537, 0, 0 %, 37075 MiB, 90.31 W, 2355 MHz, 12481 MHz, 35
2026/09/26 05:58:17.537, 1, 0 %, 36947 MiB, 90.66 W, 2317 MHz, 12481 MHz, 35
2026/09/26 05:58:17.787, 0, 0 %, 37075 MiB, 90.31 W, 2355 MHz, 12481 MHz, 35
2026/09/26 05:58:17.787, 1, 0 %, 36947 MiB, 90.75 W, 2317 MHz, 12481 MHz, 35
2026/09/26 05:58:18.037, 0, 0 %, 37075 MiB, 90.32 W, 2355 MHz, 12481 MHz, 35
2026/09/26 05:58:18.037, 1, 1 %, 36979 MiB, 90.96 W, 2317 MHz, 12481 MHz, 35
2026/09/26 05:58:18.287, 0, 0 %, 37075 MiB, 90.26 W, 2355 MHz, 12481 MHz, 35
2026/09/26 05:58:18.287, 1, 0 %, 36979 MiB, 89.80 W, 2317 MHz, 12481 MHz, 35
2026/09/26 05:58:18.537, 0, 0 %, 37075 MiB, 90.29 W, 2355 MHz, 12481 MHz, 35
2026/09/26 05:58:18.537, 1, 1 %, 37011 MiB, 89.82 W, 2317 MHz, 12481 MHz, 35
2026/09/26 05:58:18.787, 0, 0 %, 37075 MiB, 90.23 W, 2355 MHz, 12481 MHz, 35
2026/09/26 05:58:18.787, 1, 0 %, 37011 MiB, 89.82 W, 2317 MHz, 12481 MHz, 35
2026/09/26 05:58:19.038, 0, 0 %, 37075 MiB, 90.19 W, 2355 MHz, 12481 MHz, 35
2026/09/26 05:58:19.038, 1, 0 %, 37043 MiB, 89.72 W, 2317 MHz, 12481 MHz, 35
2026/09/26 05:58:19.288, 0, 0 %, 37075 MiB, 90.21 W, 2355 MHz, 12481 MHz, 35
2026/09/26 05:58:19.288, 1, 1 %, 37043 MiB, 89.66 W, 2317 MHz, 12481 MHz, 35
2026/09/26 05:58:19.538, 0, 8 %, 38835 MiB, 91.03 W, 2355 MHz, 12481 MHz, 35
2026/09/26 05:58:19.538, 1, 0 %, 37043 MiB, 89.57 W, 2317 MHz, 12481 MHz, 35
2026/09/26 05:58:19.788, 0, 5 %, 38835 MiB, 91.57 W, 2355 MHz, 12481 MHz, 35
2026/09/26 05:58:19.788, 1, 0 %, 37043 MiB, 89.50 W, 2317 MHz, 12481 MHz, 35
2026/09/26 05:58:20.038, 0, 0 %, 38867 MiB, 91.61 W, 2355 MHz, 12481 MHz, 35
2026/09/26 05:58:20.038, 1, 0 %, 37043 MiB, 89.38 W, 2317 MHz, 12481 MHz, 35
2026/09/26 05:58:20.288, 0, 0 %, 38867 MiB, 91.61 W, 2355 MHz, 12481 MHz, 35
2026/09/26 05:58:20.288, 1, 0 %, 37043 MiB, 89.31 W, 2317 MHz, 12481 MHz, 35
2026/09/26 05:58:20.538, 0, 1 %, 38899 MiB, 90.90 W, 2355 MHz, 12481 MHz, 35
2026/09/26 05:58:20.538, 1, 0 %, 37043 MiB, 89.25 W, 2317 MHz, 12481 MHz, 35
2026/09/26 05:58:20.788, 0, 0 %, 38899 MiB, 90.31 W, 2355 MHz, 12481 MHz, 35
2026/09/26 05:58:20.788, 1, 0 %, 37043 MiB, 89.28 W, 2317 MHz, 12481 MHz, 35
2026/09/26 05:58:21.038, 0, 0 %, 38931 MiB, 90.25 W, 2355 MHz, 12481 MHz, 35
2026/09/26 05:58:21.038, 1, 0 %, 37043 MiB, 89.41 W, 2317 MHz, 12481 MHz, 35
2026/09/26 05:58:21.289, 0, 1 %, 38931 MiB, 90.30 W, 2355 MHz, 12481 MHz, 35
2026/09/26 05:58:21.289, 1, 0 %, 37043 MiB, 89.54 W, 2317 MHz, 12481 MHz, 35
2026/09/26 05:58:21.539, 0, 0 %, 38931 MiB, 90.31 W, 2355 MHz, 12481 MHz, 35
2026/09/26 05:58:21.539, 1, 0 %, 37043 MiB, 89.68 W, 2317 MHz, 12481 MHz, 35
2026/09/26 05:58:21.789, 0, 0 %, 38963 MiB, 90.28 W, 2355 MHz, 12481 MHz, 35
2026/09/26 05:58:21.789, 1, 0 %, 37043 MiB, 89.77 W, 2317 MHz, 12481 MHz, 35
2026/09/26 05:58:22.039, 0, 0 %, 38995 MiB, 90.34 W, 2355 MHz, 12481 MHz, 35
2026/09/26 05:58:22.039, 1, 0 %, 38803 MiB, 90.13 W, 2317 MHz, 12481 MHz, 35
2026/09/26 05:58:22.289, 0, 0 %, 38995 MiB, 90.34 W, 2355 MHz, 12481 MHz, 35
2026/09/26 05:58:22.289, 1, 22 %, 38803 MiB, 90.74 W, 2317 MHz, 12481 MHz, 35
2026/09/26 05:58:22.539, 0, 0 %, 38995 MiB, 90.31 W, 2355 MHz, 12481 MHz, 35
2026/09/26 05:58:22.539, 1, 0 %, 38835 MiB, 90.68 W, 2317 MHz, 12481 MHz, 35
2026/09/26 05:58:22.789, 0, 0 %, 38995 MiB, 90.31 W, 2355 MHz, 12481 MHz, 35
2026/09/26 05:58:22.789, 1, 0 %, 38835 MiB, 90.56 W, 2317 MHz, 12481 MHz, 35
2026/09/26 05:58:23.039, 0, 0 %, 38995 MiB, 90.25 W, 2355 MHz, 12481 MHz, 35
2026/09/26 05:58:23.039, 1, 0 %, 38867 MiB, 90.26 W, 2317 MHz, 12481 MHz, 35
2026/09/26 05:58:23.290, 0, 0 %, 38995 MiB, 90.20 W, 2355 MHz, 12481 MHz, 35
2026/09/26 05:58:23.290, 1, 0 %, 38867 MiB, 89.40 W, 2317 MHz, 12481 MHz, 35
2026/09/26 05:58:23.540, 0, 0 %, 38995 MiB, 90.24 W, 2355 MHz, 12481 MHz, 35
2026/09/26 05:58:23.540, 1, 0 %, 38899 MiB, 89.28 W, 2317 MHz, 12481 MHz, 35
2026/09/26 05:58:23.790, 0, 0 %, 38995 MiB, 90.22 W, 2355 MHz, 12481 MHz, 35
2026/09/26 05:58:23.790, 1, 0 %, 38899 MiB, 89.25 W, 2317 MHz, 12481 MHz, 35
2026/09/26 05:58:24.040, 0, 0 %, 38995 MiB, 90.22 W, 2355 MHz, 12481 MHz, 35
2026/09/26 05:58:24.040, 1, 0 %, 38899 MiB, 89.26 W, 2317 MHz, 12481 MHz, 35
2026/09/26 05:58:24.290, 0, 0 %, 38995 MiB, 90.25 W, 2355 MHz, 12481 MHz, 35
2026/09/26 05:58:24.290, 1, 0 %, 38931 MiB, 89.33 W, 2317 MHz, 12481 MHz, 35
2026/09/26 05:58:24.540, 0, 0 %, 40723 MiB, 90.26 W, 2355 MHz, 12481 MHz, 35
2026/09/26 05:58:24.540, 1, 0 %, 38963 MiB, 89.57 W, 2317 MHz, 12481 MHz, 35
2026/09/26 05:58:24.790, 0, 23 %, 40723 MiB, 91.44 W, 2355 MHz, 12481 MHz, 35
2026/09/26 05:58:24.790, 1, 0 %, 38963 MiB, 89.70 W, 2317 MHz, 12481 MHz, 35
2026/09/26 05:58:25.040, 0, 0 %, 40723 MiB, 91.52 W, 2355 MHz, 12481 MHz, 35
2026/09/26 05:58:25.041, 1, 0 %, 38963 MiB, 89.81 W, 2317 MHz, 12481 MHz, 35
2026/09/26 05:58:25.291, 0, 0 %, 40723 MiB, 91.48 W, 2355 MHz, 12481 MHz, 35
2026/09/26 05:58:25.291, 1, 0 %, 38963 MiB, 89.86 W, 2317 MHz, 12481 MHz, 35
2026/09/26 05:58:25.541, 0, 0 %, 40755 MiB, 91.48 W, 2355 MHz, 12481 MHz, 35
2026/09/26 05:58:25.541, 1, 0 %, 38963 MiB, 89.75 W, 2317 MHz, 12481 MHz, 35
2026/09/26 05:58:25.791, 0, 0 %, 40755 MiB, 90.26 W, 2355 MHz, 12481 MHz, 35
2026/09/26 05:58:25.791, 1, 0 %, 38963 MiB, 89.66 W, 2317 MHz, 12481 MHz, 35
2026/09/26 05:58:26.041, 0, 0 %, 40787 MiB, 90.24 W, 2355 MHz, 12481 MHz, 35
2026/09/26 05:58:26.041, 1, 0 %, 38963 MiB, 89.54 W, 2317 MHz, 12481 MHz, 35
2026/09/26 05:58:26.291, 0, 0 %, 40787 MiB, 90.25 W, 2355 MHz, 12481 MHz, 35
2026/09/26 05:58:26.291, 1, 0 %, 38963 MiB, 89.46 W, 2317 MHz, 12481 MHz, 35
2026/09/26 05:58:26.541, 0, 1 %, 40819 MiB, 90.27 W, 2355 MHz, 12481 MHz, 35
2026/09/26 05:58:26.541, 1, 0 %, 38963 MiB, 89.31 W, 2317 MHz, 12481 MHz, 35
2026/09/26 05:58:26.791, 0, 0 %, 40851 MiB, 90.28 W, 2355 MHz, 12481 MHz, 35
2026/09/26 05:58:26.791, 1, 0 %, 38963 MiB, 89.26 W, 2317 MHz, 12481 MHz, 35
2026/09/26 05:58:27.041, 0, 0 %, 40851 MiB, 90.33 W, 2355 MHz, 12481 MHz, 35
2026/09/26 05:58:27.041, 1, 0 %, 40691 MiB, 90.35 W, 2317 MHz, 12481 MHz, 35
2026/09/26 05:58:27.292, 0, 0 %, 40851 MiB, 90.35 W, 2355 MHz, 12481 MHz, 35
2026/09/26 05:58:27.292, 1, 13 %, 40691 MiB, 90.54 W, 2317 MHz, 12481 MHz, 35
2026/09/26 05:58:27.542, 0, 0 %, 40851 MiB, 90.29 W, 2355 MHz, 12481 MHz, 35
2026/09/26 05:58:27.542, 1, 0 %, 40691 MiB, 90.54 W, 2317 MHz, 12481 MHz, 35
2026/09/26 05:58:27.792, 0, 0 %, 40851 MiB, 90.27 W, 2355 MHz, 12481 MHz, 35
2026/09/26 05:58:27.792, 1, 1 %, 40723 MiB, 90.64 W, 2317 MHz, 12481 MHz, 35
2026/09/26 05:58:28.042, 0, 0 %, 40851 MiB, 90.20 W, 2355 MHz, 12481 MHz, 35
2026/09/26 05:58:28.042, 1, 0 %, 40723 MiB, 89.84 W, 2317 MHz, 12481 MHz, 35
2026/09/26 05:58:28.292, 0, 0 %, 40851 MiB, 90.14 W, 2355 MHz, 12481 MHz, 35
2026/09/26 05:58:28.292, 1, 0 %, 40755 MiB, 89.62 W, 2317 MHz, 12481 MHz, 35
2026/09/26 05:58:28.542, 0, 0 %, 40851 MiB, 90.22 W, 2355 MHz, 12481 MHz, 35
2026/09/26 05:58:28.542, 1, 0 %, 40755 MiB, 89.80 W, 2317 MHz, 12481 MHz, 35
2026/09/26 05:58:28.792, 0, 0 %, 40851 MiB, 90.21 W, 2355 MHz, 12481 MHz, 35
2026/09/26 05:58:28.792, 1, 0 %, 40755 MiB, 89.76 W, 2317 MHz, 12481 MHz, 35
2026/09/26 05:58:29.042, 0, 0 %, 40851 MiB, 90.22 W, 2355 MHz, 12481 MHz, 35
2026/09/26 05:58:29.042, 1, 1 %, 40787 MiB, 89.66 W, 2317 MHz, 12481 MHz, 35
2026/09/26 05:58:29.293, 0, 0 %, 42579 MiB, 90.27 W, 2355 MHz, 12481 MHz, 35
2026/09/26 05:58:29.293, 1, 0 %, 40819 MiB, 89.60 W, 2317 MHz, 12481 MHz, 35
2026/09/26 05:58:29.543, 0, 7 %, 42611 MiB, 91.44 W, 2355 MHz, 12481 MHz, 35
2026/09/26 05:58:29.543, 1, 0 %, 40819 MiB, 89.49 W, 2317 MHz, 12481 MHz, 35
2026/09/26 05:58:29.793, 0, 0 %, 42611 MiB, 91.45 W, 2355 MHz, 12481 MHz, 35
2026/09/26 05:58:29.793, 1, 0 %, 40819 MiB, 89.43 W, 2317 MHz, 12481 MHz, 35
2026/09/26 05:58:30.043, 0, 0 %, 42611 MiB, 91.46 W, 2355 MHz, 12481 MHz, 35
2026/09/26 05:58:30.043, 1, 0 %, 40819 MiB, 89.33 W, 2317 MHz, 12481 MHz, 35
2026/09/26 05:58:30.293, 0, 0 %, 42643 MiB, 91.45 W, 2355 MHz, 12481 MHz, 35
2026/09/26 05:58:30.293, 1, 0 %, 40819 MiB, 89.31 W, 2317 MHz, 12481 MHz, 35
2026/09/26 05:58:30.543, 0, 0 %, 42643 MiB, 90.28 W, 2355 MHz, 12481 MHz, 35
2026/09/26 05:58:30.543, 1, 0 %, 40819 MiB, 89.27 W, 2317 MHz, 12481 MHz, 35
2026/09/26 05:58:30.793, 0, 0 %, 42675 MiB, 90.28 W, 2355 MHz, 12481 MHz, 35
2026/09/26 05:58:30.793, 1, 0 %, 40819 MiB, 89.30 W, 2317 MHz, 12481 MHz, 35
2026/09/26 05:58:31.043, 0, 1 %, 42675 MiB, 90.22 W, 2355 MHz, 12481 MHz, 35
2026/09/26 05:58:31.043, 1, 0 %, 40819 MiB, 89.37 W, 2317 MHz, 12481 MHz, 35
2026/09/26 05:58:31.294, 0, 0 %, 42675 MiB, 90.22 W, 2355 MHz, 12481 MHz, 35
2026/09/26 05:58:31.294, 1, 0 %, 40819 MiB, 89.47 W, 2317 MHz, 12481 MHz, 35
2026/09/26 05:58:31.544, 0, 0 %, 42707 MiB, 90.22 W, 2355 MHz, 12481 MHz, 35
2026/09/26 05:58:31.544, 1, 0 %, 40819 MiB, 89.64 W, 2317 MHz, 12481 MHz, 35
2026/09/26 05:58:31.794, 0, 0 %, 42739 MiB, 90.22 W, 2355 MHz, 12481 MHz, 35
2026/09/26 05:58:31.794, 1, 0 %, 42547 MiB, 89.71 W, 2317 MHz, 12481 MHz, 35
2026/09/26 05:58:32.044, 0, 0 %, 42739 MiB, 90.29 W, 2355 MHz, 12481 MHz, 35
2026/09/26 05:58:32.044, 1, 22 %, 42579 MiB, 91.04 W, 2317 MHz, 12481 MHz, 35
2026/09/26 05:58:32.294, 0, 0 %, 42739 MiB, 90.32 W, 2355 MHz, 12481 MHz, 35
2026/09/26 05:58:32.294, 1, 0 %, 42579 MiB, 91.04 W, 2317 MHz, 12481 MHz, 35
2026/09/26 05:58:32.544, 0, 0 %, 42739 MiB, 90.29 W, 2355 MHz, 12481 MHz, 35
2026/09/26 05:58:32.544, 1, 0 %, 42579 MiB, 90.93 W, 2317 MHz, 12481 MHz, 35
2026/09/26 05:58:32.794, 0, 0 %, 42739 MiB, 90.28 W, 2355 MHz, 12481 MHz, 35
2026/09/26 05:58:32.794, 1, 0 %, 42611 MiB, 90.89 W, 2317 MHz, 12481 MHz, 35
2026/09/26 05:58:33.045, 0, 0 %, 42739 MiB, 90.25 W, 2355 MHz, 12481 MHz, 35
2026/09/26 05:58:33.045, 1, 0 %, 42611 MiB, 89.53 W, 2317 MHz, 12481 MHz, 35
2026/09/26 05:58:33.295, 0, 0 %, 42739 MiB, 90.23 W, 2355 MHz, 12481 MHz, 35
2026/09/26 05:58:33.295, 1, 0 %, 42611 MiB, 89.43 W, 2317 MHz, 12481 MHz, 35
2026/09/26 05:58:33.545, 0, 0 %, 42739 MiB, 90.22 W, 2355 MHz, 12481 MHz, 35
2026/09/26 05:58:33.545, 1, 0 %, 42643 MiB, 89.31 W, 2317 MHz, 12481 MHz, 35
2026/09/26 05:58:33.795, 0, 0 %, 42739 MiB, 90.20 W, 2355 MHz, 12481 MHz, 35
2026/09/26 05:58:33.795, 1, 0 %, 42643 MiB, 89.26 W, 2317 MHz, 12481 MHz, 35
2026/09/26 05:58:34.045, 0, 0 %, 42739 MiB, 90.21 W, 2355 MHz, 12481 MHz, 35
2026/09/26 05:58:34.045, 1, 0 %, 42675 MiB, 89.26 W, 2317 MHz, 12481 MHz, 35
2026/09/26 05:58:34.295, 0, 0 %, 42739 MiB, 90.22 W, 2355 MHz, 12481 MHz, 35
2026/09/26 05:58:34.295, 1, 0 %, 42707 MiB, 89.31 W, 2317 MHz, 12481 MHz, 35
2026/09/26 05:58:34.545, 0, 19 %, 44467 MiB, 91.24 W, 2355 MHz, 12481 MHz, 35
2026/09/26 05:58:34.545, 1, 0 %, 42707 MiB, 89.48 W, 2317 MHz, 12481 MHz, 35
2026/09/26 05:58:34.795, 0, 0 %, 44467 MiB, 91.28 W, 2355 MHz, 12481 MHz, 35
2026/09/26 05:58:34.795, 1, 0 %, 42707 MiB, 89.59 W, 2317 MHz, 12481 MHz, 35
2026/09/26 05:58:35.045, 0, 0 %, 44467 MiB, 91.31 W, 2355 MHz, 12481 MHz, 35
2026/09/26 05:58:35.045, 1, 0 %, 42707 MiB, 89.73 W, 2317 MHz, 12481 MHz, 35
2026/09/26 05:58:35.296, 0, 0 %, 44531 MiB, 91.32 W, 2355 MHz, 12481 MHz, 35
2026/09/26 05:58:35.296, 1, 0 %, 42707 MiB, 89.81 W, 2317 MHz, 12481 MHz, 35
2026/09/26 05:58:35.546, 0, 0 %, 44531 MiB, 90.40 W, 2355 MHz, 12481 MHz, 35
2026/09/26 05:58:35.546, 1, 0 %, 42707 MiB, 89.78 W, 2317 MHz, 12481 MHz, 35
2026/09/26 05:58:35.796, 0, 0 %, 44563 MiB, 90.29 W, 2355 MHz, 12481 MHz, 35
2026/09/26 05:58:35.796, 1, 0 %, 42707 MiB, 89.70 W, 2317 MHz, 12481 MHz, 35
2026/09/26 05:58:36.046, 0, 0 %, 44563 MiB, 90.24 W, 2355 MHz, 12481 MHz, 35
2026/09/26 05:58:36.046, 1, 0 %, 42707 MiB, 89.54 W, 2317 MHz, 12481 MHz, 35
2026/09/26 05:58:36.296, 0, 0 %, 44563 MiB, 90.24 W, 2355 MHz, 12481 MHz, 35
2026/09/26 05:58:36.296, 1, 0 %, 42707 MiB, 89.43 W, 2317 MHz, 12481 MHz, 35
2026/09/26 05:58:36.546, 0, 0 %, 44595 MiB, 90.28 W, 2355 MHz, 12481 MHz, 35
2026/09/26 05:58:36.546, 1, 0 %, 42707 MiB, 89.30 W, 2317 MHz, 12481 MHz, 35
2026/09/26 05:58:36.796, 0, 0 %, 44595 MiB, 90.28 W, 2355 MHz, 12481 MHz, 35
2026/09/26 05:58:36.796, 1, 0 %, 44435 MiB, 89.27 W, 2317 MHz, 12481 MHz, 35
2026/09/26 05:58:37.046, 0, 0 %, 44595 MiB, 90.34 W, 2355 MHz, 12481 MHz, 35
2026/09/26 05:58:37.046, 1, 24 %, 44435 MiB, 90.43 W, 2317 MHz, 12481 MHz, 35
2026/09/26 05:58:37.297, 0, 0 %, 44595 MiB, 90.37 W, 2355 MHz, 12481 MHz, 35
2026/09/26 05:58:37.297, 1, 0 %, 44435 MiB, 90.39 W, 2317 MHz, 12481 MHz, 35
2026/09/26 05:58:37.547, 0, 0 %, 44595 MiB, 90.32 W, 2355 MHz, 12481 MHz, 35
2026/09/26 05:58:37.547, 1, 0 %, 44467 MiB, 90.40 W, 2317 MHz, 12481 MHz, 35
2026/09/26 05:58:37.797, 0, 0 %, 44595 MiB, 90.35 W, 2355 MHz, 12481 MHz, 35
2026/09/26 05:58:37.797, 1, 0 %, 44499 MiB, 90.46 W, 2317 MHz, 12481 MHz, 35
2026/09/26 05:58:38.047, 0, 0 %, 44595 MiB, 90.29 W, 2355 MHz, 12481 MHz, 35
2026/09/26 05:58:38.047, 1, 0 %, 44499 MiB, 89.47 W, 2317 MHz, 12481 MHz, 35
2026/09/26 05:58:38.297, 0, 0 %, 44595 MiB, 90.22 W, 2355 MHz, 12481 MHz, 35
2026/09/26 05:58:38.297, 1, 0 %, 44531 MiB, 89.57 W, 2317 MHz, 12481 MHz, 35
2026/09/26 05:58:38.547, 0, 0 %, 44595 MiB, 90.24 W, 2355 MHz, 12481 MHz, 35
2026/09/26 05:58:38.547, 1, 0 %, 44531 MiB, 89.73 W, 2317 MHz, 12481 MHz, 35
2026/09/26 05:58:38.797, 0, 0 %, 44595 MiB, 90.24 W, 2355 MHz, 12481 MHz, 35
2026/09/26 05:58:38.797, 1, 0 %, 44563 MiB, 89.78 W, 2317 MHz, 12481 MHz, 35
2026/09/26 05:58:39.047, 0, 0 %, 44595 MiB, 90.23 W, 2355 MHz, 12481 MHz, 35
2026/09/26 05:58:39.047, 1, 0 %, 44563 MiB, 89.73 W, 2317 MHz, 12481 MHz, 35
2026/09/26 05:58:39.297, 0, 0 %, 46323 MiB, 90.98 W, 2355 MHz, 12481 MHz, 35
2026/09/26 05:58:39.298, 1, 0 %, 44563 MiB, 89.72 W, 2317 MHz, 12481 MHz, 35
2026/09/26 05:58:39.548, 0, 0 %, 46387 MiB, 91.40 W, 2355 MHz, 12481 MHz, 35
2026/09/26 05:58:39.548, 1, 0 %, 44563 MiB, 89.62 W, 2317 MHz, 12481 MHz, 35
2026/09/26 05:58:39.798, 0, 0 %, 46387 MiB, 91.35 W, 2355 MHz, 12481 MHz, 35
2026/09/26 05:58:39.798, 1, 0 %, 44563 MiB, 89.52 W, 2317 MHz, 12481 MHz, 35
2026/09/26 05:58:40.048, 0, 0 %, 46387 MiB, 91.40 W, 2355 MHz, 12481 MHz, 35
2026/09/26 05:58:40.048, 1, 0 %, 44563 MiB, 89.37 W, 2317 MHz, 12481 MHz, 35
2026/09/26 05:58:40.298, 0, 0 %, 46419 MiB, 90.70 W, 2355 MHz, 12481 MHz, 35
2026/09/26 05:58:40.298, 1, 0 %, 44563 MiB, 89.26 W, 2317 MHz, 12481 MHz, 35
2026/09/26 05:58:40.548, 0, 0 %, 46419 MiB, 90.22 W, 2355 MHz, 12481 MHz, 35
2026/09/26 05:58:40.548, 1, 0 %, 44563 MiB, 89.21 W, 2317 MHz, 12481 MHz, 35
2026/09/26 05:58:40.798, 0, 0 %, 46451 MiB, 90.26 W, 2355 MHz, 12481 MHz, 35
2026/09/26 05:58:40.798, 1, 0 %, 44563 MiB, 89.24 W, 2317 MHz, 12481 MHz, 35
2026/09/26 05:58:41.048, 0, 0 %, 46451 MiB, 90.23 W, 2355 MHz, 12481 MHz, 35
2026/09/26 05:58:41.048, 1, 0 %, 44563 MiB, 89.32 W, 2317 MHz, 12481 MHz, 35
2026/09/26 05:58:41.298, 0, 0 %, 46483 MiB, 90.25 W, 2355 MHz, 12481 MHz, 35
2026/09/26 05:58:41.298, 1, 0 %, 44563 MiB, 89.45 W, 2317 MHz, 12481 MHz, 35
2026/09/26 05:58:41.548, 0, 0 %, 46483 MiB, 90.34 W, 2355 MHz, 12481 MHz, 35
2026/09/26 05:58:41.548, 1, 0 %, 44563 MiB, 89.64 W, 2317 MHz, 12481 MHz, 35
2026/09/26 05:58:41.799, 0, 0 %, 46483 MiB, 90.35 W, 2355 MHz, 12481 MHz, 35
2026/09/26 05:58:41.799, 1, 0 %, 46291 MiB, 89.91 W, 2317 MHz, 12481 MHz, 35
2026/09/26 05:58:42.049, 0, 0 %, 46483 MiB, 90.35 W, 2355 MHz, 12481 MHz, 35
2026/09/26 05:58:42.049, 1, 13 %, 46323 MiB, 90.89 W, 2317 MHz, 12481 MHz, 35
2026/09/26 05:58:42.299, 0, 0 %, 46483 MiB, 90.33 W, 2355 MHz, 12481 MHz, 35
2026/09/26 05:58:42.299, 1, 0 %, 46355 MiB, 90.86 W, 2317 MHz, 12481 MHz, 35
2026/09/26 05:58:42.549, 0, 0 %, 46483 MiB, 90.25 W, 2355 MHz, 12481 MHz, 35
2026/09/26 05:58:42.549, 1, 0 %, 46355 MiB, 90.73 W, 2317 MHz, 12481 MHz, 35
2026/09/26 05:58:42.799, 0, 0 %, 46483 MiB, 90.22 W, 2355 MHz, 12481 MHz, 35
2026/09/26 05:58:42.799, 1, 0 %, 46387 MiB, 90.67 W, 2317 MHz, 12481 MHz, 35
2026/09/26 05:58:43.049, 0, 0 %, 46483 MiB, 90.21 W, 2355 MHz, 12481 MHz, 35
2026/09/26 05:58:43.049, 1, 0 %, 46387 MiB, 89.45 W, 2317 MHz, 12481 MHz, 35
2026/09/26 05:58:43.299, 0, 0 %, 46483 MiB, 90.16 W, 2355 MHz, 12481 MHz, 35
2026/09/26 05:58:43.299, 1, 0 %, 46387 MiB, 89.36 W, 2317 MHz, 12481 MHz, 35
2026/09/26 05:58:43.549, 0, 0 %, 46483 MiB, 90.21 W, 2355 MHz, 12481 MHz, 35
2026/09/26 05:58:43.549, 1, 0 %, 46419 MiB, 89.27 W, 2317 MHz, 12481 MHz, 35
2026/09/26 05:58:43.799, 0, 0 %, 46483 MiB, 90.18 W, 2355 MHz, 12481 MHz, 35
2026/09/26 05:58:43.799, 1, 0 %, 46419 MiB, 89.24 W, 2317 MHz, 12481 MHz, 35
2026/09/26 05:58:44.050, 0, 0 %, 46483 MiB, 90.18 W, 2355 MHz, 12481 MHz, 35
2026/09/26 05:58:44.050, 1, 0 %, 46451 MiB, 89.24 W, 2317 MHz, 12481 MHz, 35
2026/09/26 05:58:44.300, 0, 0 %, 46483 MiB, 90.21 W, 2355 MHz, 12481 MHz, 35
2026/09/26 05:58:44.300, 1, 0 %, 46451 MiB, 89.29 W, 2317 MHz, 12481 MHz, 35
2026/09/26 05:58:44.550, 0, 18 %, 48243 MiB, 91.14 W, 2355 MHz, 12481 MHz, 35
2026/09/26 05:58:44.550, 1, 0 %, 46451 MiB, 89.49 W, 2317 MHz, 12481 MHz, 35
2026/09/26 05:58:44.800, 0, 0 %, 48243 MiB, 91.29 W, 2355 MHz, 12481 MHz, 35
2026/09/26 05:58:44.800, 1, 0 %, 46451 MiB, 89.62 W, 2317 MHz, 12481 MHz, 35
2026/09/26 05:58:45.050, 0, 0 %, 48243 MiB, 91.30 W, 2355 MHz, 12481 MHz, 35
2026/09/26 05:58:45.050, 1, 0 %, 46451 MiB, 89.76 W, 2317 MHz, 12481 MHz, 35
2026/09/26 05:58:45.300, 0, 0 %, 48275 MiB, 91.27 W, 2355 MHz, 12481 MHz, 35
2026/09/26 05:58:45.300, 1, 0 %, 46451 MiB, 89.81 W, 2317 MHz, 12481 MHz, 35
2026/09/26 05:58:45.550, 0, 0 %, 48275 MiB, 90.32 W, 2355 MHz, 12481 MHz, 35
2026/09/26 05:58:45.550, 1, 0 %, 46451 MiB, 89.71 W, 2317 MHz, 12481 MHz, 35
2026/09/26 05:58:45.801, 0, 0 %, 48307 MiB, 90.21 W, 2355 MHz, 12481 MHz, 35
2026/09/26 05:58:45.801, 1, 0 %, 46451 MiB, 89.64 W, 2317 MHz, 12481 MHz, 35
2026/09/26 05:58:46.051, 0, 1 %, 48307 MiB, 90.21 W, 2355 MHz, 12481 MHz, 35
2026/09/26 05:58:46.051, 1, 0 %, 46451 MiB, 89.57 W, 2317 MHz, 12481 MHz, 35
2026/09/26 05:58:46.301, 0, 0 %, 48307 MiB, 90.25 W, 2355 MHz, 12481 MHz, 35
2026/09/26 05:58:46.301, 1, 0 %, 46451 MiB, 89.47 W, 2317 MHz, 12481 MHz, 35
2026/09/26 05:58:46.551, 0, 0 %, 48339 MiB, 90.28 W, 2355 MHz, 12481 MHz, 35
2026/09/26 05:58:46.551, 1, 0 %, 46451 MiB, 89.32 W, 2317 MHz, 12481 MHz, 35
2026/09/26 05:58:46.801, 0, 0 %, 48371 MiB, 90.27 W, 2355 MHz, 12481 MHz, 35
2026/09/26 05:58:46.801, 1, 0 %, 48211 MiB, 89.29 W, 2317 MHz, 12481 MHz, 35
2026/09/26 05:58:47.051, 0, 0 %, 48371 MiB, 90.29 W, 2355 MHz, 12481 MHz, 35
2026/09/26 05:58:47.051, 1, 13 %, 48211 MiB, 90.01 W, 2317 MHz, 12481 MHz, 35
2026/09/26 05:58:47.301, 0, 0 %, 48371 MiB, 90.27 W, 2355 MHz, 12481 MHz, 35
2026/09/26 05:58:47.301, 1, 10 %, 48211 MiB, 90.24 W, 2317 MHz, 12481 MHz, 35
2026/09/26 05:58:47.551, 0, 0 %, 48371 MiB, 90.22 W, 2355 MHz, 12481 MHz, 35
2026/09/26 05:58:47.551, 1, 0 %, 48211 MiB, 90.36 W, 2317 MHz, 12481 MHz, 35
2026/09/26 05:58:47.802, 0, 0 %, 48371 MiB, 90.22 W, 2355 MHz, 12481 MHz, 35
2026/09/26 05:58:47.802, 1, 0 %, 48243 MiB, 90.44 W, 2317 MHz, 12481 MHz, 35
2026/09/26 05:58:48.052, 0, 0 %, 48371 MiB, 90.20 W, 2355 MHz, 12481 MHz, 35
2026/09/26 05:58:48.052, 1, 0 %, 48243 MiB, 89.78 W, 2317 MHz, 12481 MHz, 35
2026/09/26 05:58:48.302, 0, 0 %, 48371 MiB, 90.20 W, 2355 MHz, 12481 MHz, 35
2026/09/26 05:58:48.302, 1, 0 %, 48275 MiB, 89.67 W, 2317 MHz, 12481 MHz, 35
2026/09/26 05:58:48.552, 0, 0 %, 48371 MiB, 90.24 W, 2355 MHz, 12481 MHz, 35
2026/09/26 05:58:48.552, 1, 0 %, 48275 MiB, 89.73 W, 2317 MHz, 12481 MHz, 35
2026/09/26 05:58:48.802, 0, 0 %, 48371 MiB, 90.21 W, 2355 MHz, 12481 MHz, 35
2026/09/26 05:58:48.802, 1, 0 %, 48275 MiB, 89.74 W, 2317 MHz, 12481 MHz, 35
2026/09/26 05:58:49.052, 0, 0 %, 48371 MiB, 90.13 W, 2355 MHz, 12481 MHz, 35
2026/09/26 05:58:49.052, 1, 1 %, 48307 MiB, 89.69 W, 2317 MHz, 12481 MHz, 35
2026/09/26 05:58:49.302, 0, 0 %, 50099 MiB, 90.13 W, 2355 MHz, 12481 MHz, 35
2026/09/26 05:58:49.302, 1, 0 %, 48339 MiB, 89.61 W, 2317 MHz, 12481 MHz, 35
2026/09/26 05:58:49.552, 0, 12 %, 50099 MiB, 90.95 W, 2355 MHz, 12481 MHz, 35
2026/09/26 05:58:49.553, 1, 0 %, 48339 MiB, 89.53 W, 2317 MHz, 12481 MHz, 35
2026/09/26 05:58:49.803, 0, 2 %, 50131 MiB, 91.26 W, 2355 MHz, 12481 MHz, 35
2026/09/26 05:58:49.803, 1, 0 %, 48339 MiB, 89.42 W, 2317 MHz, 12481 MHz, 35
2026/09/26 05:58:50.053, 0, 0 %, 50131 MiB, 91.33 W, 2355 MHz, 12481 MHz, 35
2026/09/26 05:58:50.053, 1, 0 %, 48339 MiB, 89.26 W, 2317 MHz, 12481 MHz, 35
2026/09/26 05:58:50.303, 0, 0 %, 50131 MiB, 91.31 W, 2355 MHz, 12481 MHz, 35
2026/09/26 05:58:50.303, 1, 0 %, 48339 MiB, 89.19 W, 2317 MHz, 12481 MHz, 35
2026/09/26 05:58:50.553, 0, 0 %, 50163 MiB, 90.53 W, 2355 MHz, 12481 MHz, 35
2026/09/26 05:58:50.553, 1, 0 %, 48339 MiB, 89.11 W, 2317 MHz, 12481 MHz, 35
2026/09/26 05:58:50.803, 0, 0 %, 50163 MiB, 90.25 W, 2355 MHz, 12481 MHz, 35
2026/09/26 05:58:50.803, 1, 0 %, 48339 MiB, 89.19 W, 2317 MHz, 12481 MHz, 35
2026/09/26 05:58:51.053, 0, 0 %, 50195 MiB, 90.19 W, 2355 MHz, 12481 MHz, 35
2026/09/26 05:58:51.053, 1, 0 %, 48339 MiB, 89.33 W, 2317 MHz, 12481 MHz, 35
2026/09/26 05:58:51.303, 0, 1 %, 50195 MiB, 90.19 W, 2355 MHz, 12481 MHz, 35
2026/09/26 05:58:51.303, 1, 0 %, 48339 MiB, 89.45 W, 2317 MHz, 12481 MHz, 35
2026/09/26 05:58:51.553, 0, 0 %, 50195 MiB, 90.13 W, 2355 MHz, 12481 MHz, 35
2026/09/26 05:58:51.554, 1, 0 %, 48339 MiB, 89.61 W, 2317 MHz, 12481 MHz, 35
2026/09/26 05:58:51.804, 0, 0 %, 50227 MiB, 90.14 W, 2355 MHz, 12481 MHz, 35
2026/09/26 05:58:51.804, 1, 0 %, 48339 MiB, 89.66 W, 2317 MHz, 12481 MHz, 35
2026/09/26 05:58:52.054, 0, 0 %, 50259 MiB, 90.16 W, 2355 MHz, 12481 MHz, 35
2026/09/26 05:58:52.054, 1, 0 %, 50067 MiB, 90.10 W, 2317 MHz, 12481 MHz, 35
2026/09/26 05:58:52.304, 0, 0 %, 50259 MiB, 90.19 W, 2355 MHz, 12481 MHz, 35
2026/09/26 05:58:52.304, 1, 20 %, 50067 MiB, 90.63 W, 2317 MHz, 12481 MHz, 35
2026/09/26 05:58:52.554, 0, 0 %, 50259 MiB, 90.21 W, 2355 MHz, 12481 MHz, 35
2026/09/26 05:58:52.554, 1, 0 %, 50099 MiB, 90.75 W, 2317 MHz, 12481 MHz, 35
2026/09/26 05:58:52.804, 0, 0 %, 50259 MiB, 90.19 W, 2355 MHz, 12481 MHz, 35
2026/09/26 05:58:52.804, 1, 0 %, 50099 MiB, 90.68 W, 2317 MHz, 12481 MHz, 35
2026/09/26 05:58:53.054, 0, 0 %, 50259 MiB, 90.18 W, 2355 MHz, 12481 MHz, 35
2026/09/26 05:58:53.054, 1, 0 %, 50099 MiB, 90.21 W, 2317 MHz, 12481 MHz, 35
2026/09/26 05:58:53.304, 0, 0 %, 50259 MiB, 90.11 W, 2355 MHz, 12481 MHz, 35
2026/09/26 05:58:53.304, 1, 0 %, 50131 MiB, 89.47 W, 2317 MHz, 12481 MHz, 35
2026/09/26 05:58:53.555, 0, 0 %, 50259 MiB, 90.13 W, 2355 MHz, 12481 MHz, 35
2026/09/26 05:58:53.555, 1, 0 %, 50131 MiB, 89.11 W, 2317 MHz, 12481 MHz, 35
2026/09/26 05:58:53.805, 0, 0 %, 50259 MiB, 90.14 W, 2355 MHz, 12481 MHz, 35
2026/09/26 05:58:53.805, 1, 0 %, 50163 MiB, 89.13 W, 2317 MHz, 12481 MHz, 35
2026/09/26 05:58:54.055, 0, 0 %, 50259 MiB, 90.15 W, 2355 MHz, 12481 MHz, 35
2026/09/26 05:58:54.055, 1, 0 %, 50163 MiB, 89.19 W, 2317 MHz, 12481 MHz, 35
2026/09/26 05:58:54.305, 0, 0 %, 50259 MiB, 90.18 W, 2355 MHz, 12481 MHz, 35
2026/09/26 05:58:54.305, 1, 0 %, 50195 MiB, 89.26 W, 2317 MHz, 12481 MHz, 35
2026/09/26 05:58:54.555, 0, 0 %, 50259 MiB, 90.18 W, 2355 MHz, 12481 MHz, 35
2026/09/26 05:58:54.555, 1, 0 %, 50195 MiB, 89.48 W, 2317 MHz, 12481 MHz, 35
2026/09/26 05:58:54.805, 0, 0 %, 51987 MiB, 90.16 W, 2355 MHz, 12481 MHz, 35
2026/09/26 05:58:54.805, 1, 0 %, 50227 MiB, 89.59 W, 2317 MHz, 12481 MHz, 35
2026/09/26 05:58:55.055, 0, 17 %, 51987 MiB, 91.14 W, 2355 MHz, 12481 MHz, 35
2026/09/26 05:58:55.055, 1, 0 %, 50227 MiB, 89.70 W, 2317 MHz, 12481 MHz, 35
2026/09/26 05:58:55.306, 0, 0 %, 51987 MiB, 91.12 W, 2355 MHz, 12481 MHz, 35
2026/09/26 05:58:55.306, 1, 0 %, 50227 MiB, 89.69 W, 2317 MHz, 12481 MHz, 35
2026/09/26 05:58:55.556, 0, 0 %, 52019 MiB, 91.12 W, 2355 MHz, 12481 MHz, 35
2026/09/26 05:58:55.556, 1, 0 %, 50227 MiB, 89.57 W, 2317 MHz, 12481 MHz, 35
2026/09/26 05:58:55.806, 0, 0 %, 52019 MiB, 91.14 W, 2355 MHz, 12481 MHz, 35
2026/09/26 05:58:55.806, 1, 0 %, 50227 MiB, 89.46 W, 2317 MHz, 12481 MHz, 35
2026/09/26 05:58:56.056, 0, 0 %, 52019 MiB, 90.15 W, 2355 MHz, 12481 MHz, 35
2026/09/26 05:58:56.056, 1, 0 %, 50227 MiB, 89.37 W, 2317 MHz, 12481 MHz, 35
2026/09/26 05:58:56.306, 0, 0 %, 52051 MiB, 90.15 W, 2355 MHz, 12481 MHz, 35
2026/09/26 05:58:56.306, 1, 0 %, 50227 MiB, 89.30 W, 2317 MHz, 12481 MHz, 35
2026/09/26 05:58:56.556, 0, 0 %, 52051 MiB, 90.17 W, 2355 MHz, 12481 MHz, 35
2026/09/26 05:58:56.556, 1, 0 %, 50227 MiB, 89.18 W, 2317 MHz, 12481 MHz, 35
2026/09/26 05:58:56.806, 0, 1 %, 52115 MiB, 90.15 W, 2355 MHz, 12481 MHz, 35
2026/09/26 05:58:56.806, 1, 0 %, 50227 MiB, 89.16 W, 2317 MHz, 12481 MHz, 35
2026/09/26 05:58:57.056, 0, 0 %, 52115 MiB, 90.15 W, 2355 MHz, 12481 MHz, 35
2026/09/26 05:58:57.056, 1, 0 %, 50227 MiB, 89.13 W, 2317 MHz, 12481 MHz, 35
2026/09/26 05:58:57.307, 0, 0 %, 52115 MiB, 90.22 W, 2355 MHz, 12481 MHz, 35
2026/09/26 05:58:57.307, 1, 3 %, 51955 MiB, 90.33 W, 2317 MHz, 12481 MHz, 35
2026/09/26 05:58:57.557, 0, 0 %, 52115 MiB, 90.18 W, 2355 MHz, 12481 MHz, 35
2026/09/26 05:58:57.557, 1, 0 %, 51955 MiB, 90.55 W, 2317 MHz, 12481 MHz, 35
2026/09/26 05:58:57.807, 0, 0 %, 52115 MiB, 90.20 W, 2355 MHz, 12481 MHz, 35
2026/09/26 05:58:57.807, 1, 0 %, 51955 MiB, 90.64 W, 2317 MHz, 12481 MHz, 35
2026/09/26 05:58:58.057, 0, 0 %, 52115 MiB, 90.28 W, 2355 MHz, 12481 MHz, 35
2026/09/26 05:58:58.057, 1, 1 %, 51987 MiB, 90.83 W, 2317 MHz, 12481 MHz, 35
2026/09/26 05:58:58.307, 0, 0 %, 52115 MiB, 90.19 W, 2355 MHz, 12481 MHz, 35
2026/09/26 05:58:58.307, 1, 0 %, 51987 MiB, 89.81 W, 2317 MHz, 12481 MHz, 35
2026/09/26 05:58:58.557, 0, 0 %, 52115 MiB, 90.22 W, 2355 MHz, 12481 MHz, 35
2026/09/26 05:58:58.557, 1, 1 %, 52019 MiB, 89.72 W, 2317 MHz, 12481 MHz, 35
2026/09/26 05:58:58.807, 0, 0 %, 52115 MiB, 90.23 W, 2355 MHz, 12481 MHz, 35
2026/09/26 05:58:58.807, 1, 0 %, 52019 MiB, 89.65 W, 2317 MHz, 12481 MHz, 35
2026/09/26 05:58:59.057, 0, 0 %, 52115 MiB, 90.15 W, 2355 MHz, 12481 MHz, 35
2026/09/26 05:58:59.057, 1, 0 %, 52051 MiB, 89.54 W, 2317 MHz, 12481 MHz, 35
2026/09/26 05:58:59.308, 0, 0 %, 52115 MiB, 90.15 W, 2355 MHz, 12481 MHz, 35
2026/09/26 05:58:59.308, 1, 1 %, 52083 MiB, 89.46 W, 2317 MHz, 12481 MHz, 35
2026/09/26 05:58:59.558, 0, 8 %, 53843 MiB, 90.62 W, 2355 MHz, 12481 MHz, 35
2026/09/26 05:58:59.558, 1, 0 %, 52083 MiB, 89.29 W, 2317 MHz, 12481 MHz, 35
2026/09/26 05:58:59.808, 0, 2 %, 53875 MiB, 91.06 W, 2355 MHz, 12481 MHz, 35
2026/09/26 05:58:59.808, 1, 0 %, 52083 MiB, 89.25 W, 2317 MHz, 12481 MHz, 35
2026/09/26 05:59:00.058, 0, 0 %, 53875 MiB, 91.09 W, 2355 MHz, 12481 MHz, 35
2026/09/26 05:59:00.058, 1, 0 %, 52083 MiB, 89.17 W, 2317 MHz, 12481 MHz, 35
2026/09/26 05:59:00.308, 0, 0 %, 53875 MiB, 91.13 W, 2355 MHz, 12481 MHz, 35
2026/09/26 05:59:00.308, 1, 0 %, 52083 MiB, 89.16 W, 2317 MHz, 12481 MHz, 35
2026/09/26 05:59:00.558, 0, 0 %, 53939 MiB, 90.77 W, 2355 MHz, 12481 MHz, 35
2026/09/26 05:59:00.558, 1, 0 %, 52083 MiB, 89.19 W, 2317 MHz, 12481 MHz, 35
2026/09/26 05:59:00.808, 0, 0 %, 53939 MiB, 90.18 W, 2355 MHz, 12481 MHz, 35
2026/09/26 05:59:00.808, 1, 0 %, 52083 MiB, 89.20 W, 2317 MHz, 12481 MHz, 35
2026/09/26 05:59:01.058, 0, 0 %, 53971 MiB, 90.15 W, 2355 MHz, 12481 MHz, 35
2026/09/26 05:59:01.058, 1, 0 %, 52083 MiB, 89.41 W, 2317 MHz, 12481 MHz, 35
2026/09/26 05:59:01.309, 0, 1 %, 53971 MiB, 90.15 W, 2355 MHz, 12481 MHz, 35
2026/09/26 05:59:01.309, 1, 0 %, 52083 MiB, 89.53 W, 2317 MHz, 12481 MHz, 35
2026/09/26 05:59:01.559, 0, 0 %, 54003 MiB, 90.14 W, 2355 MHz, 12481 MHz, 35
2026/09/26 05:59:01.559, 1, 0 %, 52083 MiB, 89.64 W, 2317 MHz, 12481 MHz, 35
2026/09/26 05:59:01.809, 0, 0 %, 54003 MiB, 90.15 W, 2355 MHz, 12481 MHz, 35
2026/09/26 05:59:01.809, 1, 0 %, 52083 MiB, 89.71 W, 2317 MHz, 12481 MHz, 35
2026/09/26 05:59:02.059, 0, 0 %, 54003 MiB, 90.21 W, 2355 MHz, 12481 MHz, 35
2026/09/26 05:59:02.059, 1, 0 %, 53811 MiB, 90.14 W, 2317 MHz, 12481 MHz, 35
2026/09/26 05:59:02.309, 0, 0 %, 54003 MiB, 90.25 W, 2355 MHz, 12481 MHz, 35
2026/09/26 05:59:02.309, 1, 21 %, 53843 MiB, 90.57 W, 2317 MHz, 12481 MHz, 35
2026/09/26 05:59:02.559, 0, 0 %, 54003 MiB, 90.25 W, 2355 MHz, 12481 MHz, 35
2026/09/26 05:59:02.559, 1, 0 %, 53843 MiB, 90.42 W, 2317 MHz, 12481 MHz, 35
2026/09/26 05:59:02.809, 0, 0 %, 54003 MiB, 90.20 W, 2355 MHz, 12481 MHz, 35
2026/09/26 05:59:02.809, 1, 0 %, 53843 MiB, 90.33 W, 2317 MHz, 12481 MHz, 35
2026/09/26 05:59:03.059, 0, 0 %, 54003 MiB, 90.22 W, 2355 MHz, 12481 MHz, 35
2026/09/26 05:59:03.060, 1, 0 %, 53907 MiB, 89.68 W, 2317 MHz, 12481 MHz, 35
2026/09/26 05:59:03.310, 0, 0 %, 54003 MiB, 90.19 W, 2355 MHz, 12481 MHz, 35
2026/09/26 05:59:03.310, 1, 0 %, 53907 MiB, 89.15 W, 2317 MHz, 12481 MHz, 35
2026/09/26 05:59:03.560, 0, 0 %, 54003 MiB, 90.18 W, 2355 MHz, 12481 MHz, 35
2026/09/26 05:59:03.560, 1, 0 %, 53939 MiB, 89.09 W, 2317 MHz, 12481 MHz, 35
2026/09/26 05:59:03.810, 0, 0 %, 54003 MiB, 90.19 W, 2355 MHz, 12481 MHz, 35
2026/09/26 05:59:03.810, 1, 0 %, 53939 MiB, 89.12 W, 2317 MHz, 12481 MHz, 35
2026/09/26 05:59:04.060, 0, 0 %, 54003 MiB, 90.14 W, 2355 MHz, 12481 MHz, 35
2026/09/26 05:59:04.060, 1, 0 %, 53939 MiB, 89.23 W, 2317 MHz, 12481 MHz, 35
2026/09/26 05:59:04.310, 0, 0 %, 54003 MiB, 90.14 W, 2355 MHz, 12481 MHz, 35
2026/09/26 05:59:04.310, 1, 1 %, 53971 MiB, 89.36 W, 2317 MHz, 12481 MHz, 35
2026/09/26 05:59:04.560, 0, 0 %, 55731 MiB, 90.34 W, 2355 MHz, 12481 MHz, 35
2026/09/26 05:59:04.560, 1, 0 %, 53971 MiB, 89.60 W, 2317 MHz, 12481 MHz, 35
2026/09/26 05:59:04.810, 0, 2 %, 55731 MiB, 90.50 W, 2355 MHz, 12481 MHz, 35
2026/09/26 05:59:04.810, 1, 0 %, 53971 MiB, 89.67 W, 2317 MHz, 12481 MHz, 35
2026/09/26 05:59:05.060, 0, 2 %, 55731 MiB, 90.79 W, 2355 MHz, 12481 MHz, 35
2026/09/26 05:59:05.060, 1, 0 %, 53971 MiB, 89.74 W, 2317 MHz, 12481 MHz, 35
2026/09/26 05:59:05.311, 0, 4 %, 55731 MiB, 91.12 W, 2355 MHz, 12481 MHz, 35
2026/09/26 05:59:05.311, 1, 0 %, 53971 MiB, 89.67 W, 2317 MHz, 12481 MHz, 35
2026/09/26 05:59:05.561, 0, 1 %, 55731 MiB, 91.36 W, 2355 MHz, 12481 MHz, 35
2026/09/26 05:59:05.561, 1, 0 %, 53971 MiB, 89.57 W, 2317 MHz, 12481 MHz, 35
2026/09/26 05:59:05.811, 0, 1 %, 55731 MiB, 91.15 W, 2355 MHz, 12481 MHz, 35
2026/09/26 05:59:05.811, 1, 0 %, 53971 MiB, 89.57 W, 2317 MHz, 12481 MHz, 35
2026/09/26 05:59:06.061, 0, 1 %, 55731 MiB, 90.98 W, 2355 MHz, 12481 MHz, 35
2026/09/26 05:59:06.061, 1, 0 %, 53971 MiB, 89.57 W, 2317 MHz, 12481 MHz, 35
2026/09/26 05:59:06.311, 0, 1 %, 55731 MiB, 90.74 W, 2355 MHz, 12481 MHz, 35
2026/09/26 05:59:06.311, 1, 0 %, 53971 MiB, 89.57 W, 2317 MHz, 12481 MHz, 35
2026/09/26 05:59:06.561, 0, 0 %, 55731 MiB, 90.56 W, 2355 MHz, 12481 MHz, 35
2026/09/26 05:59:06.561, 1, 0 %, 53971 MiB, 88.88 W, 2317 MHz, 12481 MHz, 35
2026/09/26 05:59:06.811, 0, 0 %, 55763 MiB, 90.46 W, 2355 MHz, 12481 MHz, 35
2026/09/26 05:59:06.811, 1, 0 %, 53971 MiB, 88.86 W, 2317 MHz, 12481 MHz, 35
2026/09/26 05:59:07.061, 0, 0 %, 55763 MiB, 90.30 W, 2355 MHz, 12481 MHz, 35
2026/09/26 05:59:07.061, 1, 0 %, 53971 MiB, 88.92 W, 2317 MHz, 12481 MHz, 35
2026/09/26 05:59:07.312, 0, 0 %, 55763 MiB, 90.23 W, 2355 MHz, 12481 MHz, 35
2026/09/26 05:59:07.312, 1, 0 %, 53971 MiB, 88.96 W, 2317 MHz, 12481 MHz, 35
2026/09/26 05:59:07.562, 0, 0 %, 55795 MiB, 90.17 W, 2355 MHz, 12481 MHz, 35
2026/09/26 05:59:07.562, 1, 0 %, 53971 MiB, 89.24 W, 2317 MHz, 12481 MHz, 35
2026/09/26 05:59:07.812, 0, 0 %, 55795 MiB, 90.15 W, 2355 MHz, 12481 MHz, 35
2026/09/26 05:59:07.812, 1, 0 %, 53971 MiB, 89.45 W, 2317 MHz, 12481 MHz, 35
2026/09/26 05:59:08.062, 0, 0 %, 55827 MiB, 90.20 W, 2355 MHz, 12481 MHz, 35
2026/09/26 05:59:08.062, 1, 0 %, 53971 MiB, 89.61 W, 2317 MHz, 12481 MHz, 35
2026/09/26 05:59:08.312, 0, 1 %, 55827 MiB, 90.20 W, 2355 MHz, 12481 MHz, 35
2026/09/26 05:59:08.312, 1, 0 %, 53971 MiB, 89.65 W, 2317 MHz, 12481 MHz, 35
2026/09/26 05:59:08.562, 0, 0 %, 55827 MiB, 90.15 W, 2355 MHz, 12481 MHz, 35
2026/09/26 05:59:08.562, 1, 0 %, 53971 MiB, 89.60 W, 2317 MHz, 12481 MHz, 35
2026/09/26 05:59:08.812, 0, 1 %, 55859 MiB, 90.19 W, 2355 MHz, 12481 MHz, 35
2026/09/26 05:59:08.812, 1, 0 %, 53971 MiB, 89.50 W, 2317 MHz, 12481 MHz, 35
2026/09/26 05:59:09.062, 0, 0 %, 55859 MiB, 90.17 W, 2355 MHz, 12481 MHz, 35
2026/09/26 05:59:09.062, 1, 0 %, 53971 MiB, 89.37 W, 2317 MHz, 12481 MHz, 35
2026/09/26 05:59:09.313, 0, 0 %, 55891 MiB, 90.21 W, 2355 MHz, 12481 MHz, 35
2026/09/26 05:59:09.313, 1, 0 %, 55699 MiB, 89.53 W, 2317 MHz, 12481 MHz, 35
2026/09/26 05:59:09.563, 0, 0 %, 55891 MiB, 90.20 W, 2355 MHz, 12481 MHz, 35
2026/09/26 05:59:09.563, 1, 1 %, 55699 MiB, 89.56 W, 2317 MHz, 12481 MHz, 35
2026/09/26 05:59:09.813, 0, 0 %, 55891 MiB, 90.15 W, 2355 MHz, 12481 MHz, 35
2026/09/26 05:59:09.813, 1, 6 %, 55699 MiB, 89.82 W, 2317 MHz, 12481 MHz, 35
2026/09/26 05:59:10.063, 0, 0 %, 55891 MiB, 90.16 W, 2355 MHz, 12481 MHz, 35
2026/09/26 05:59:10.063, 1, 7 %, 55731 MiB, 90.35 W, 2317 MHz, 12481 MHz, 35
2026/09/26 05:59:10.313, 0, 0 %, 55891 MiB, 90.12 W, 2355 MHz, 12481 MHz, 35
2026/09/26 05:59:10.313, 1, 0 %, 55731 MiB, 90.08 W, 2317 MHz, 12481 MHz, 35
2026/09/26 05:59:10.563, 0, 0 %, 55891 MiB, 90.12 W, 2355 MHz, 12481 MHz, 35
2026/09/26 05:59:10.563, 1, 0 %, 55763 MiB, 90.01 W, 2317 MHz, 12481 MHz, 35
2026/09/26 05:59:10.813, 0, 0 %, 55891 MiB, 90.16 W, 2355 MHz, 12481 MHz, 35
2026/09/26 05:59:10.813, 1, 0 %, 55763 MiB, 89.85 W, 2317 MHz, 12481 MHz, 35
2026/09/26 05:59:11.063, 0, 0 %, 55891 MiB, 90.13 W, 2355 MHz, 12481 MHz, 35
2026/09/26 05:59:11.063, 1, 0 %, 55763 MiB, 89.43 W, 2317 MHz, 12481 MHz, 35
2026/09/26 05:59:11.314, 0, 0 %, 55891 MiB, 90.11 W, 2355 MHz, 12481 MHz, 35
2026/09/26 05:59:11.314, 1, 0 %, 55795 MiB, 89.57 W, 2317 MHz, 12481 MHz, 35
2026/09/26 05:59:11.564, 0, 0 %, 55891 MiB, 90.13 W, 2355 MHz, 12481 MHz, 35
2026/09/26 05:59:11.564, 1, 0 %, 55795 MiB, 89.67 W, 2317 MHz, 12481 MHz, 35
2026/09/26 05:59:11.814, 0, 0 %, 55891 MiB, 90.09 W, 2355 MHz, 12481 MHz, 35
2026/09/26 05:59:11.814, 1, 0 %, 55827 MiB, 89.62 W, 2317 MHz, 12481 MHz, 35
2026/09/26 05:59:12.064, 0, 0 %, 55891 MiB, 90.11 W, 2355 MHz, 12481 MHz, 35
2026/09/26 05:59:12.064, 1, 0 %, 55827 MiB, 89.56 W, 2317 MHz, 12481 MHz, 35
2026/09/26 05:59:12.314, 0, 0 %, 57619 MiB, 90.32 W, 2355 MHz, 12481 MHz, 35
2026/09/26 05:59:12.314, 1, 0 %, 55859 MiB, 89.51 W, 2317 MHz, 12481 MHz, 35
2026/09/26 05:59:12.564, 0, 1 %, 57619 MiB, 90.41 W, 2355 MHz, 12481 MHz, 35
2026/09/26 05:59:12.564, 1, 0 %, 55859 MiB, 89.39 W, 2317 MHz, 12481 MHz, 35
2026/09/26 05:59:12.814, 0, 1 %, 57619 MiB, 90.48 W, 2355 MHz, 12481 MHz, 35
2026/09/26 05:59:12.814, 1, 0 %, 55859 MiB, 89.34 W, 2317 MHz, 12481 MHz, 35
2026/09/26 05:59:13.064, 0, 1 %, 57619 MiB, 90.61 W, 2355 MHz, 12481 MHz, 35
2026/09/26 05:59:13.064, 1, 0 %, 55859 MiB, 89.21 W, 2317 MHz, 12481 MHz, 35
2026/09/26 05:59:13.314, 0, 1 %, 57619 MiB, 90.48 W, 2355 MHz, 12481 MHz, 35
2026/09/26 05:59:13.315, 1, 0 %, 55859 MiB, 89.19 W, 2317 MHz, 12481 MHz, 35
2026/09/26 05:59:13.565, 0, 1 %, 57619 MiB, 90.50 W, 2355 MHz, 12481 MHz, 35
2026/09/26 05:59:13.565, 1, 0 %, 55859 MiB, 89.19 W, 2317 MHz, 12481 MHz, 35
2026/09/26 05:59:13.815, 0, 1 %, 57619 MiB, 90.57 W, 2355 MHz, 12481 MHz, 35
2026/09/26 05:59:13.815, 1, 0 %, 55859 MiB, 89.19 W, 2317 MHz, 12481 MHz, 35
2026/09/26 05:59:14.065, 0, 1 %, 57619 MiB, 90.59 W, 2355 MHz, 12481 MHz, 35
2026/09/26 05:59:14.065, 1, 0 %, 55859 MiB, 89.19 W, 2317 MHz, 12481 MHz, 35
2026/09/26 05:59:14.315, 0, 1 %, 57619 MiB, 90.60 W, 2355 MHz, 12481 MHz, 35
2026/09/26 05:59:14.315, 1, 0 %, 55859 MiB, 88.35 W, 2317 MHz, 12481 MHz, 35
2026/09/26 05:59:14.565, 0, 1 %, 57619 MiB, 90.62 W, 2355 MHz, 12481 MHz, 35
2026/09/26 05:59:14.565, 1, 0 %, 55859 MiB, 88.35 W, 2317 MHz, 12481 MHz, 35
2026/09/26 05:59:14.815, 0, 1 %, 57619 MiB, 90.57 W, 2355 MHz, 12481 MHz, 35
2026/09/26 05:59:14.815, 1, 0 %, 55859 MiB, 88.35 W, 2317 MHz, 12481 MHz, 35
2026/09/26 05:59:15.065, 0, 1 %, 57619 MiB, 90.57 W, 2355 MHz, 12481 MHz, 35
2026/09/26 05:59:15.065, 1, 0 %, 55859 MiB, 88.35 W, 2317 MHz, 12481 MHz, 35
2026/09/26 05:59:15.316, 0, 1 %, 57619 MiB, 90.57 W, 2355 MHz, 12481 MHz, 35
2026/09/26 05:59:15.316, 1, 0 %, 55859 MiB, 88.40 W, 2317 MHz, 12481 MHz, 35
2026/09/26 05:59:15.566, 0, 1 %, 57619 MiB, 90.52 W, 2355 MHz, 12481 MHz, 35
2026/09/26 05:59:15.566, 1, 0 %, 55859 MiB, 88.40 W, 2317 MHz, 12481 MHz, 35
2026/09/26 05:59:15.816, 0, 1 %, 57619 MiB, 90.54 W, 2355 MHz, 12481 MHz, 35
2026/09/26 05:59:15.816, 1, 0 %, 55859 MiB, 88.40 W, 2317 MHz, 12481 MHz, 35
2026/09/26 05:59:16.066, 0, 1 %, 57619 MiB, 90.52 W, 2355 MHz, 12481 MHz, 35
2026/09/26 05:59:16.066, 1, 0 %, 55859 MiB, 88.40 W, 2317 MHz, 12481 MHz, 35
2026/09/26 05:59:16.316, 0, 1 %, 57619 MiB, 90.51 W, 2355 MHz, 12481 MHz, 35
2026/09/26 05:59:16.316, 1, 0 %, 55859 MiB, 87.90 W, 2317 MHz, 12481 MHz, 35
2026/09/26 05:59:16.566, 0, 1 %, 57619 MiB, 90.53 W, 2355 MHz, 12481 MHz, 35
2026/09/26 05:59:16.566, 1, 0 %, 55859 MiB, 87.90 W, 2317 MHz, 12481 MHz, 35
2026/09/26 05:59:16.816, 0, 1 %, 57619 MiB, 90.55 W, 2355 MHz, 12481 MHz, 35
2026/09/26 05:59:16.816, 1, 0 %, 55859 MiB, 87.90 W, 2317 MHz, 12481 MHz, 35
2026/09/26 05:59:17.066, 0, 1 %, 57619 MiB, 90.52 W, 2355 MHz, 12481 MHz, 35
2026/09/26 05:59:17.067, 1, 0 %, 55859 MiB, 87.90 W, 2317 MHz, 12481 MHz, 35
2026/09/26 05:59:17.317, 0, 0 %, 57619 MiB, 90.44 W, 2355 MHz, 12481 MHz, 35
2026/09/26 05:59:17.317, 1, 0 %, 55859 MiB, 88.15 W, 2317 MHz, 12481 MHz, 35
2026/09/26 05:59:17.567, 0, 0 %, 57651 MiB, 90.37 W, 2355 MHz, 12481 MHz, 35
2026/09/26 05:59:17.567, 1, 0 %, 55859 MiB, 88.66 W, 2317 MHz, 12481 MHz, 35
2026/09/26 05:59:17.817, 0, 0 %, 57651 MiB, 90.26 W, 2355 MHz, 12481 MHz, 35
2026/09/26 05:59:17.817, 1, 0 %, 55859 MiB, 88.79 W, 2317 MHz, 12481 MHz, 35
2026/09/26 05:59:18.067, 0, 0 %, 57651 MiB, 90.19 W, 2355 MHz, 12481 MHz, 35
2026/09/26 05:59:18.067, 1, 0 %, 55859 MiB, 88.92 W, 2317 MHz, 12481 MHz, 35
2026/09/26 05:59:18.317, 0, 0 %, 57683 MiB, 90.23 W, 2355 MHz, 12481 MHz, 35
2026/09/26 05:59:18.317, 1, 0 %, 55859 MiB, 89.49 W, 2317 MHz, 12481 MHz, 35
2026/09/26 05:59:18.567, 0, 0 %, 57683 MiB, 90.18 W, 2355 MHz, 12481 MHz, 35
2026/09/26 05:59:18.567, 1, 0 %, 55859 MiB, 89.51 W, 2317 MHz, 12481 MHz, 35
2026/09/26 05:59:18.817, 0, 0 %, 57683 MiB, 90.18 W, 2355 MHz, 12481 MHz, 35
2026/09/26 05:59:18.817, 1, 0 %, 55859 MiB, 89.43 W, 2317 MHz, 12481 MHz, 35
2026/09/26 05:59:19.067, 0, 1 %, 57715 MiB, 90.18 W, 2355 MHz, 12481 MHz, 35
2026/09/26 05:59:19.067, 1, 0 %, 55859 MiB, 89.28 W, 2317 MHz, 12481 MHz, 35
2026/09/26 05:59:19.318, 0, 0 %, 57715 MiB, 90.16 W, 2355 MHz, 12481 MHz, 35
2026/09/26 05:59:19.318, 1, 0 %, 55859 MiB, 89.22 W, 2317 MHz, 12481 MHz, 35
2026/09/26 05:59:19.568, 0, 1 %, 57747 MiB, 90.21 W, 2355 MHz, 12481 MHz, 35
2026/09/26 05:59:19.568, 1, 0 %, 55859 MiB, 89.18 W, 2317 MHz, 12481 MHz, 35
2026/09/26 05:59:19.818, 0, 0 %, 57747 MiB, 90.21 W, 2355 MHz, 12481 MHz, 35
2026/09/26 05:59:19.818, 1, 0 %, 55859 MiB, 89.16 W, 2317 MHz, 12481 MHz, 35
2026/09/26 05:59:20.068, 0, 0 %, 57779 MiB, 90.19 W, 2355 MHz, 12481 MHz, 35
2026/09/26 05:59:20.068, 1, 0 %, 57587 MiB, 89.16 W, 2317 MHz, 12481 MHz, 35
2026/09/26 05:59:20.318, 0, 0 %, 57779 MiB, 90.24 W, 2355 MHz, 12481 MHz, 35
2026/09/26 05:59:20.318, 1, 2 %, 57587 MiB, 89.46 W, 2317 MHz, 12481 MHz, 35
2026/09/26 05:59:20.568, 0, 0 %, 57779 MiB, 90.18 W, 2355 MHz, 12481 MHz, 35
2026/09/26 05:59:20.568, 1, 1 %, 57587 MiB, 89.71 W, 2317 MHz, 12481 MHz, 35
2026/09/26 05:59:20.818, 0, 0 %, 57779 MiB, 90.16 W, 2355 MHz, 12481 MHz, 35
2026/09/26 05:59:20.818, 1, 1 %, 57587 MiB, 89.90 W, 2317 MHz, 12481 MHz, 35
2026/09/26 05:59:21.068, 0, 0 %, 57779 MiB, 90.12 W, 2355 MHz, 12481 MHz, 35
2026/09/26 05:59:21.068, 1, 3 %, 57587 MiB, 90.25 W, 2317 MHz, 12481 MHz, 35
2026/09/26 05:59:21.318, 0, 0 %, 57779 MiB, 90.07 W, 2355 MHz, 12481 MHz, 35
2026/09/26 05:59:21.319, 1, 1 %, 57587 MiB, 90.15 W, 2317 MHz, 12481 MHz, 35
2026/09/26 05:59:21.569, 0, 0 %, 57779 MiB, 90.07 W, 2355 MHz, 12481 MHz, 35
2026/09/26 05:59:21.569, 1, 1 %, 57587 MiB, 90.15 W, 2317 MHz, 12481 MHz, 35
2026/09/26 05:59:21.819, 0, 0 %, 57779 MiB, 90.07 W, 2355 MHz, 12481 MHz, 35
2026/09/26 05:59:21.819, 1, 1 %, 57587 MiB, 90.07 W, 2317 MHz, 12481 MHz, 35
2026/09/26 05:59:22.069, 0, 0 %, 57779 MiB, 90.07 W, 2355 MHz, 12481 MHz, 35
2026/09/26 05:59:22.069, 1, 1 %, 57587 MiB, 89.83 W, 2317 MHz, 12481 MHz, 35
2026/09/26 05:59:22.319, 0, 0 %, 57779 MiB, 89.22 W, 2355 MHz, 12481 MHz, 35
2026/09/26 05:59:22.319, 1, 1 %, 57587 MiB, 89.73 W, 2317 MHz, 12481 MHz, 35
2026/09/26 05:59:22.569, 0, 0 %, 57779 MiB, 89.22 W, 2355 MHz, 12481 MHz, 35
2026/09/26 05:59:22.569, 1, 1 %, 57587 MiB, 89.55 W, 2317 MHz, 12481 MHz, 35
2026/09/26 05:59:22.819, 0, 0 %, 57779 MiB, 89.22 W, 2355 MHz, 12481 MHz, 35
2026/09/26 05:59:22.819, 1, 1 %, 57587 MiB, 89.49 W, 2317 MHz, 12481 MHz, 35
2026/09/26 05:59:23.069, 0, 0 %, 57779 MiB, 89.22 W, 2355 MHz, 12481 MHz, 35
2026/09/26 05:59:23.069, 1, 1 %, 57587 MiB, 89.44 W, 2317 MHz, 12481 MHz, 35
2026/09/26 05:59:23.319, 0, 0 %, 57779 MiB, 89.44 W, 2355 MHz, 12481 MHz, 35
2026/09/26 05:59:23.320, 1, 1 %, 57587 MiB, 89.47 W, 2317 MHz, 12481 MHz, 35
2026/09/26 05:59:23.570, 0, 0 %, 57779 MiB, 89.44 W, 2355 MHz, 12481 MHz, 35
2026/09/26 05:59:23.570, 1, 1 %, 57587 MiB, 89.55 W, 2317 MHz, 12481 MHz, 35
2026/09/26 05:59:23.820, 0, 0 %, 57779 MiB, 89.44 W, 2355 MHz, 12481 MHz, 35
2026/09/26 05:59:23.820, 1, 1 %, 57587 MiB, 89.67 W, 2317 MHz, 12481 MHz, 35
2026/09/26 05:59:24.070, 0, 0 %, 57779 MiB, 89.44 W, 2355 MHz, 12481 MHz, 35
2026/09/26 05:59:24.070, 1, 1 %, 57587 MiB, 89.87 W, 2317 MHz, 12481 MHz, 35
2026/09/26 05:59:24.320, 0, 0 %, 57779 MiB, 89.79 W, 2355 MHz, 12481 MHz, 35
2026/09/26 05:59:24.320, 1, 1 %, 57619 MiB, 89.89 W, 2317 MHz, 12481 MHz, 35
2026/09/26 05:59:24.570, 0, 0 %, 57779 MiB, 89.87 W, 2355 MHz, 12481 MHz, 35
2026/09/26 05:59:24.570, 1, 0 %, 57619 MiB, 89.91 W, 2317 MHz, 12481 MHz, 35
2026/09/26 05:59:24.820, 0, 0 %, 57779 MiB, 89.90 W, 2355 MHz, 12481 MHz, 35
2026/09/26 05:59:24.821, 1, 0 %, 57619 MiB, 89.80 W, 2317 MHz, 12481 MHz, 35
2026/09/26 05:59:25.071, 0, 0 %, 57779 MiB, 89.92 W, 2355 MHz, 12481 MHz, 35
2026/09/26 05:59:25.071, 1, 1 %, 57651 MiB, 89.57 W, 2317 MHz, 12481 MHz, 35
2026/09/26 05:59:25.321, 0, 0 %, 57779 MiB, 90.11 W, 2355 MHz, 12481 MHz, 35
2026/09/26 05:59:25.321, 1, 0 %, 57651 MiB, 89.50 W, 2317 MHz, 12481 MHz, 35
2026/09/26 05:59:25.571, 0, 0 %, 57779 MiB, 90.06 W, 2355 MHz, 12481 MHz, 35
2026/09/26 05:59:25.571, 1, 1 %, 57683 MiB, 89.41 W, 2317 MHz, 12481 MHz, 35
2026/09/26 05:59:25.821, 0, 0 %, 57779 MiB, 90.05 W, 2355 MHz, 12481 MHz, 35
2026/09/26 05:59:25.821, 1, 0 %, 57683 MiB, 89.33 W, 2317 MHz, 12481 MHz, 35
2026/09/26 05:59:26.071, 0, 0 %, 57779 MiB, 90.08 W, 2355 MHz, 12481 MHz, 35
2026/09/26 05:59:26.071, 1, 0 %, 57715 MiB, 89.22 W, 2317 MHz, 12481 MHz, 35
2026/09/26 05:59:26.321, 0, 0 %, 57779 MiB, 90.05 W, 2355 MHz, 12481 MHz, 35
2026/09/26 05:59:26.321, 1, 0 %, 57715 MiB, 89.17 W, 2317 MHz, 12481 MHz, 35
2026/09/26 05:59:26.571, 0, 2 %, 59507 MiB, 90.23 W, 2355 MHz, 12481 MHz, 35
2026/09/26 05:59:26.571, 1, 0 %, 57747 MiB, 89.18 W, 2317 MHz, 12481 MHz, 35
2026/09/26 05:59:26.821, 0, 1 %, 59507 MiB, 90.31 W, 2355 MHz, 12481 MHz, 35
2026/09/26 05:59:26.821, 1, 0 %, 57747 MiB, 89.18 W, 2317 MHz, 12481 MHz, 35
2026/09/26 05:59:27.072, 0, 1 %, 59507 MiB, 90.43 W, 2355 MHz, 12481 MHz, 35
2026/09/26 05:59:27.072, 1, 0 %, 57747 MiB, 89.34 W, 2317 MHz, 12481 MHz, 35
2026/09/26 05:59:27.322, 0, 1 %, 59507 MiB, 90.53 W, 2355 MHz, 12481 MHz, 35
2026/09/26 05:59:27.322, 1, 0 %, 57747 MiB, 89.47 W, 2317 MHz, 12481 MHz, 35
2026/09/26 05:59:27.572, 0, 1 %, 59507 MiB, 90.55 W, 2355 MHz, 12481 MHz, 35
2026/09/26 05:59:27.572, 1, 0 %, 57747 MiB, 89.52 W, 2317 MHz, 12481 MHz, 35
2026/09/26 05:59:27.822, 0, 1 %, 59507 MiB, 90.52 W, 2355 MHz, 12481 MHz, 35
2026/09/26 05:59:27.822, 1, 0 %, 57747 MiB, 89.52 W, 2317 MHz, 12481 MHz, 35
2026/09/26 05:59:28.072, 0, 1 %, 59507 MiB, 90.57 W, 2355 MHz, 12481 MHz, 35
2026/09/26 05:59:28.072, 1, 0 %, 57747 MiB, 89.52 W, 2317 MHz, 12481 MHz, 35
2026/09/26 05:59:28.322, 0, 1 %, 59507 MiB, 90.59 W, 2355 MHz, 12481 MHz, 35
2026/09/26 05:59:28.322, 1, 0 %, 57747 MiB, 89.52 W, 2317 MHz, 12481 MHz, 35
2026/09/26 05:59:28.572, 0, 1 %, 59507 MiB, 90.55 W, 2355 MHz, 12481 MHz, 35
2026/09/26 05:59:28.572, 1, 0 %, 57747 MiB, 88.88 W, 2317 MHz, 12481 MHz, 35
2026/09/26 05:59:28.823, 0, 1 %, 59507 MiB, 90.56 W, 2355 MHz, 12481 MHz, 35
2026/09/26 05:59:28.823, 1, 0 %, 57747 MiB, 88.88 W, 2317 MHz, 12481 MHz, 35
2026/09/26 05:59:29.073, 0, 1 %, 59507 MiB, 90.54 W, 2355 MHz, 12481 MHz, 35
2026/09/26 05:59:29.073, 1, 0 %, 57747 MiB, 88.88 W, 2317 MHz, 12481 MHz, 35
2026/09/26 05:59:29.323, 0, 1 %, 59507 MiB, 90.53 W, 2355 MHz, 12481 MHz, 35
2026/09/26 05:59:29.323, 1, 0 %, 57747 MiB, 88.88 W, 2317 MHz, 12481 MHz, 35
2026/09/26 05:59:29.573, 0, 1 %, 59507 MiB, 90.55 W, 2355 MHz, 12481 MHz, 35
2026/09/26 05:59:29.573, 1, 0 %, 57747 MiB, 88.64 W, 2317 MHz, 12481 MHz, 35
2026/09/26 05:59:29.823, 0, 1 %, 59507 MiB, 90.58 W, 2355 MHz, 12481 MHz, 35
2026/09/26 05:59:29.823, 1, 0 %, 57747 MiB, 88.64 W, 2317 MHz, 12481 MHz, 35
2026/09/26 05:59:30.073, 0, 1 %, 59507 MiB, 90.57 W, 2355 MHz, 12481 MHz, 35
2026/09/26 05:59:30.073, 1, 0 %, 57747 MiB, 88.64 W, 2317 MHz, 12481 MHz, 35
2026/09/26 05:59:30.323, 0, 1 %, 59507 MiB, 90.55 W, 2355 MHz, 12481 MHz, 35
2026/09/26 05:59:30.323, 1, 0 %, 57747 MiB, 88.64 W, 2317 MHz, 12481 MHz, 35
2026/09/26 05:59:30.574, 0, 1 %, 59507 MiB, 90.49 W, 2355 MHz, 12481 MHz, 35
2026/09/26 05:59:30.574, 1, 0 %, 57747 MiB, 88.94 W, 2317 MHz, 12481 MHz, 35
2026/09/26 05:59:30.824, 0, 1 %, 59507 MiB, 90.46 W, 2355 MHz, 12481 MHz, 35
2026/09/26 05:59:30.824, 1, 0 %, 57747 MiB, 88.94 W, 2317 MHz, 12481 MHz, 35
2026/09/26 05:59:31.074, 0, 1 %, 59507 MiB, 90.48 W, 2355 MHz, 12481 MHz, 35
2026/09/26 05:59:31.074, 1, 0 %, 57747 MiB, 88.94 W, 2317 MHz, 12481 MHz, 35
2026/09/26 05:59:31.324, 0, 1 %, 59507 MiB, 90.50 W, 2355 MHz, 12481 MHz, 35
2026/09/26 05:59:31.324, 1, 0 %, 57747 MiB, 88.94 W, 2317 MHz, 12481 MHz, 35
2026/09/26 05:59:31.574, 0, 0 %, 59507 MiB, 90.40 W, 2355 MHz, 12481 MHz, 35
2026/09/26 05:59:31.574, 1, 0 %, 57747 MiB, 88.89 W, 2317 MHz, 12481 MHz, 35
2026/09/26 05:59:31.824, 0, 0 %, 59507 MiB, 90.36 W, 2355 MHz, 12481 MHz, 35
2026/09/26 05:59:31.824, 1, 0 %, 57747 MiB, 88.89 W, 2317 MHz, 12481 MHz, 35
2026/09/26 05:59:32.074, 0, 0 %, 59507 MiB, 90.23 W, 2355 MHz, 12481 MHz, 35
2026/09/26 05:59:32.074, 1, 0 %, 57747 MiB, 88.89 W, 2317 MHz, 12481 MHz, 35
2026/09/26 05:59:32.324, 0, 0 %, 59539 MiB, 90.12 W, 2355 MHz, 12481 MHz, 35
2026/09/26 05:59:32.325, 1, 0 %, 57747 MiB, 89.29 W, 2317 MHz, 12481 MHz, 35
2026/09/26 05:59:32.575, 0, 0 %, 59539 MiB, 90.14 W, 2355 MHz, 12481 MHz, 35
2026/09/26 05:59:32.575, 1, 0 %, 57747 MiB, 89.65 W, 2317 MHz, 12481 MHz, 35
2026/09/26 05:59:32.825, 0, 0 %, 59539 MiB, 90.12 W, 2355 MHz, 12481 MHz, 35
2026/09/26 05:59:32.825, 1, 0 %, 57747 MiB, 89.58 W, 2317 MHz, 12481 MHz, 35
2026/09/26 05:59:33.075, 0, 1 %, 59571 MiB, 90.10 W, 2355 MHz, 12481 MHz, 35
2026/09/26 05:59:33.075, 1, 0 %, 57747 MiB, 89.51 W, 2317 MHz, 12481 MHz, 35
2026/09/26 05:59:33.325, 0, 0 %, 59571 MiB, 90.12 W, 2355 MHz, 12481 MHz, 35
2026/09/26 05:59:33.325, 1, 0 %, 57747 MiB, 89.17 W, 2317 MHz, 12481 MHz, 35
2026/09/26 05:59:33.575, 0, 0 %, 59603 MiB, 90.12 W, 2355 MHz, 12481 MHz, 35
2026/09/26 05:59:33.575, 1, 0 %, 57747 MiB, 89.32 W, 2317 MHz, 12481 MHz, 35
2026/09/26 05:59:33.825, 0, 0 %, 59635 MiB, 90.14 W, 2355 MHz, 12481 MHz, 35
2026/09/26 05:59:33.825, 1, 0 %, 57747 MiB, 89.42 W, 2317 MHz, 12481 MHz, 35
2026/09/26 05:59:34.075, 0, 0 %, 59635 MiB, 90.20 W, 2355 MHz, 12481 MHz, 35
2026/09/26 05:59:34.075, 1, 0 %, 59475 MiB, 89.89 W, 2317 MHz, 12481 MHz, 35
2026/09/26 05:59:34.325, 0, 0 %, 59635 MiB, 90.17 W, 2355 MHz, 12481 MHz, 35
2026/09/26 05:59:34.325, 1, 1 %, 59475 MiB, 90.10 W, 2317 MHz, 12481 MHz, 35
2026/09/26 05:59:34.575, 0, 0 %, 59635 MiB, 90.15 W, 2355 MHz, 12481 MHz, 35
2026/09/26 05:59:34.575, 1, 1 %, 59475 MiB, 90.24 W, 2317 MHz, 12481 MHz, 35
2026/09/26 05:59:34.826, 0, 0 %, 59635 MiB, 90.16 W, 2355 MHz, 12481 MHz, 35
2026/09/26 05:59:34.826, 1, 1 %, 59475 MiB, 90.23 W, 2317 MHz, 12481 MHz, 35
2026/09/26 05:59:35.076, 0, 0 %, 59635 MiB, 90.16 W, 2355 MHz, 12481 MHz, 35
2026/09/26 05:59:35.076, 1, 1 %, 59475 MiB, 89.92 W, 2317 MHz, 12481 MHz, 35
2026/09/26 05:59:35.326, 0, 0 %, 59635 MiB, 90.16 W, 2355 MHz, 12481 MHz, 35
2026/09/26 05:59:35.326, 1, 1 %, 59475 MiB, 89.84 W, 2317 MHz, 12481 MHz, 35
2026/09/26 05:59:35.576, 0, 0 %, 59635 MiB, 90.16 W, 2355 MHz, 12481 MHz, 35
2026/09/26 05:59:35.576, 1, 1 %, 59475 MiB, 89.70 W, 2317 MHz, 12481 MHz, 35
2026/09/26 05:59:35.826, 0, 0 %, 59635 MiB, 90.16 W, 2355 MHz, 12481 MHz, 35
2026/09/26 05:59:35.826, 1, 1 %, 59475 MiB, 89.63 W, 2317 MHz, 12481 MHz, 35
2026/09/26 05:59:36.076, 0, 0 %, 59635 MiB, 90.15 W, 2355 MHz, 12481 MHz, 35
2026/09/26 05:59:36.076, 1, 1 %, 59475 MiB, 89.54 W, 2317 MHz, 12481 MHz, 35
2026/09/26 05:59:36.326, 0, 0 %, 59635 MiB, 90.15 W, 2355 MHz, 12481 MHz, 35
2026/09/26 05:59:36.326, 1, 1 %, 59475 MiB, 89.54 W, 2317 MHz, 12481 MHz, 35
2026/09/26 05:59:36.576, 0, 0 %, 59635 MiB, 90.15 W, 2355 MHz, 12481 MHz, 35
2026/09/26 05:59:36.577, 1, 1 %, 59475 MiB, 89.64 W, 2317 MHz, 12481 MHz, 35
2026/09/26 05:59:36.827, 0, 0 %, 59635 MiB, 90.15 W, 2355 MHz, 12481 MHz, 35
2026/09/26 05:59:36.827, 1, 0 %, 59475 MiB, 89.96 W, 2317 MHz, 12481 MHz, 35
2026/09/26 05:59:37.077, 0, 0 %, 59635 MiB, 90.18 W, 2355 MHz, 12481 MHz, 35
2026/09/26 05:59:37.077, 1, 0 %, 59475 MiB, 90.00 W, 2317 MHz, 12481 MHz, 35
2026/09/26 05:59:37.327, 0, 0 %, 59635 MiB, 89.99 W, 2355 MHz, 12481 MHz, 35
2026/09/26 05:59:37.327, 1, 0 %, 59507 MiB, 90.02 W, 2317 MHz, 12481 MHz, 35
2026/09/26 05:59:37.577, 0, 0 %, 59635 MiB, 90.00 W, 2355 MHz, 12481 MHz, 35
2026/09/26 05:59:37.577, 1, 0 %, 59507 MiB, 90.02 W, 2317 MHz, 12481 MHz, 35
2026/09/26 05:59:37.827, 0, 0 %, 59635 MiB, 90.02 W, 2355 MHz, 12481 MHz, 35
2026/09/26 05:59:37.827, 1, 0 %, 59539 MiB, 89.67 W, 2317 MHz, 12481 MHz, 35
2026/09/26 05:59:38.077, 0, 0 %, 59635 MiB, 89.85 W, 2355 MHz, 12481 MHz, 35
2026/09/26 05:59:38.077, 1, 1 %, 59539 MiB, 89.60 W, 2317 MHz, 12481 MHz, 35
2026/09/26 05:59:38.327, 0, 0 %, 59635 MiB, 90.09 W, 2355 MHz, 12481 MHz, 35
2026/09/26 05:59:38.327, 1, 0 %, 59539 MiB, 89.51 W, 2317 MHz, 12481 MHz, 35
2026/09/26 05:59:38.577, 0, 0 %, 59635 MiB, 90.09 W, 2355 MHz, 12481 MHz, 35
2026/09/26 05:59:38.577, 1, 0 %, 59603 MiB, 89.41 W, 2317 MHz, 12481 MHz, 35
2026/09/26 05:59:38.828, 0, 0 %, 61363 MiB, 90.07 W, 2355 MHz, 12481 MHz, 35
2026/09/26 05:59:38.828, 1, 0 %, 59603 MiB, 89.31 W, 2317 MHz, 12481 MHz, 35
2026/09/26 05:59:39.078, 0, 21 %, 61395 MiB, 91.53 W, 2355 MHz, 12481 MHz, 35
2026/09/26 05:59:39.078, 1, 0 %, 59603 MiB, 89.24 W, 2317 MHz, 12481 MHz, 35
2026/09/26 05:59:39.328, 0, 0 %, 61395 MiB, 91.53 W, 2355 MHz, 12481 MHz, 35
2026/09/26 05:59:39.328, 1, 0 %, 59603 MiB, 89.18 W, 2317 MHz, 12481 MHz, 35
2026/09/26 05:59:39.578, 0, 0 %, 61395 MiB, 91.55 W, 2355 MHz, 12481 MHz, 35
2026/09/26 05:59:39.578, 1, 0 %, 59603 MiB, 89.13 W, 2317 MHz, 12481 MHz, 35
2026/09/26 05:59:39.828, 0, 0 %, 61427 MiB, 91.58 W, 2355 MHz, 12481 MHz, 35
2026/09/26 05:59:39.828, 1, 0 %, 59603 MiB, 89.17 W, 2317 MHz, 12481 MHz, 35
2026/09/26 05:59:40.078, 0, 0 %, 61427 MiB, 90.14 W, 2355 MHz, 12481 MHz, 35
2026/09/26 05:59:40.078, 1, 0 %, 59603 MiB, 89.31 W, 2317 MHz, 12481 MHz, 35
2026/09/26 05:59:40.328, 0, 0 %, 61427 MiB, 90.15 W, 2355 MHz, 12481 MHz, 35
2026/09/26 05:59:40.328, 1, 0 %, 59603 MiB, 89.45 W, 2317 MHz, 12481 MHz, 35
2026/09/26 05:59:40.578, 0, 0 %, 61459 MiB, 90.11 W, 2355 MHz, 12481 MHz, 35
2026/09/26 05:59:40.578, 1, 0 %, 59603 MiB, 89.60 W, 2317 MHz, 12481 MHz, 35
2026/09/26 05:59:40.828, 0, 0 %, 61459 MiB, 90.08 W, 2355 MHz, 12481 MHz, 35
2026/09/26 05:59:40.828, 1, 0 %, 59603 MiB, 89.66 W, 2317 MHz, 12481 MHz, 35
2026/09/26 05:59:41.078, 0, 0 %, 61523 MiB, 90.06 W, 2355 MHz, 12481 MHz, 35
2026/09/26 05:59:41.078, 1, 0 %, 59603 MiB, 89.65 W, 2317 MHz, 12481 MHz, 35
2026/09/26 05:59:41.329, 0, 0 %, 61523 MiB, 90.09 W, 2355 MHz, 12481 MHz, 35
2026/09/26 05:59:41.329, 1, 0 %, 59603 MiB, 89.60 W, 2317 MHz, 12481 MHz, 35
2026/09/26 05:59:41.579, 0, 0 %, 61523 MiB, 90.12 W, 2355 MHz, 12481 MHz, 35
2026/09/26 05:59:41.579, 1, 22 %, 61363 MiB, 90.82 W, 2317 MHz, 12481 MHz, 35
2026/09/26 05:59:41.829, 0, 0 %, 61523 MiB, 90.11 W, 2355 MHz, 12481 MHz, 35
2026/09/26 05:59:41.829, 1, 0 %, 61363 MiB, 90.74 W, 2317 MHz, 12481 MHz, 35
2026/09/26 05:59:42.079, 0, 0 %, 61523 MiB, 90.15 W, 2355 MHz, 12481 MHz, 35
2026/09/26 05:59:42.079, 1, 0 %, 61363 MiB, 90.62 W, 2317 MHz, 12481 MHz, 35
2026/09/26 05:59:42.329, 0, 0 %, 61523 MiB, 90.12 W, 2355 MHz, 12481 MHz, 35
2026/09/26 05:59:42.329, 1, 0 %, 61395 MiB, 90.60 W, 2317 MHz, 12481 MHz, 35
2026/09/26 05:59:42.579, 0, 0 %, 61523 MiB, 90.12 W, 2355 MHz, 12481 MHz, 35
2026/09/26 05:59:42.579, 1, 0 %, 61395 MiB, 89.20 W, 2317 MHz, 12481 MHz, 35
2026/09/26 05:59:42.829, 0, 0 %, 61523 MiB, 90.13 W, 2355 MHz, 12481 MHz, 35
2026/09/26 05:59:42.829, 1, 0 %, 61395 MiB, 89.19 W, 2317 MHz, 12481 MHz, 35
2026/09/26 05:59:43.079, 0, 0 %, 61523 MiB, 90.09 W, 2355 MHz, 12481 MHz, 35
2026/09/26 05:59:43.079, 1, 1 %, 61427 MiB, 89.19 W, 2317 MHz, 12481 MHz, 35
2026/09/26 05:59:43.330, 0, 0 %, 61523 MiB, 90.08 W, 2355 MHz, 12481 MHz, 35
2026/09/26 05:59:43.330, 1, 0 %, 61427 MiB, 89.28 W, 2317 MHz, 12481 MHz, 35
2026/09/26 05:59:43.580, 0, 0 %, 61523 MiB, 90.07 W, 2355 MHz, 12481 MHz, 35
2026/09/26 05:59:43.580, 1, 1 %, 61459 MiB, 89.46 W, 2317 MHz, 12481 MHz, 35
2026/09/26 05:59:43.830, 0, 0 %, 61523 MiB, 90.05 W, 2355 MHz, 12481 MHz, 35
2026/09/26 05:59:43.830, 1, 0 %, 61491 MiB, 89.55 W, 2317 MHz, 12481 MHz, 35
2026/09/26 05:59:44.080, 0, 0 %, 63283 MiB, 91.25 W, 2355 MHz, 12481 MHz, 35
2026/09/26 05:59:44.080, 1, 0 %, 61491 MiB, 89.70 W, 2317 MHz, 12481 MHz, 35
2026/09/26 05:59:44.330, 0, 12 %, 63283 MiB, 91.28 W, 2355 MHz, 12481 MHz, 35
2026/09/26 05:59:44.330, 1, 0 %, 61491 MiB, 89.67 W, 2317 MHz, 12481 MHz, 35
2026/09/26 05:59:44.580, 0, 0 %, 63283 MiB, 91.29 W, 2355 MHz, 12481 MHz, 35
2026/09/26 05:59:44.580, 1, 0 %, 61491 MiB, 89.56 W, 2317 MHz, 12481 MHz, 35
2026/09/26 05:59:44.830, 0, 1 %, 63315 MiB, 91.35 W, 2355 MHz, 12481 MHz, 35
2026/09/26 05:59:44.830, 1, 0 %, 61491 MiB, 89.45 W, 2317 MHz, 12481 MHz, 35
2026/09/26 05:59:45.080, 0, 0 %, 63315 MiB, 90.31 W, 2355 MHz, 12481 MHz, 35
2026/09/26 05:59:45.080, 1, 0 %, 61491 MiB, 89.28 W, 2317 MHz, 12481 MHz, 35
2026/09/26 05:59:45.331, 0, 0 %, 63347 MiB, 90.16 W, 2355 MHz, 12481 MHz, 35
2026/09/26 05:59:45.331, 1, 0 %, 61491 MiB, 89.22 W, 2317 MHz, 12481 MHz, 35
2026/09/26 05:59:45.581, 0, 0 %, 63347 MiB, 90.19 W, 2355 MHz, 12481 MHz, 35
2026/09/26 05:59:45.581, 1, 0 %, 61491 MiB, 89.15 W, 2317 MHz, 12481 MHz, 35
2026/09/26 05:59:45.831, 0, 0 %, 63347 MiB, 90.18 W, 2355 MHz, 12481 MHz, 35
2026/09/26 05:59:45.831, 1, 0 %, 61491 MiB, 89.13 W, 2317 MHz, 12481 MHz, 35
2026/09/26 05:59:46.081, 0, 0 %, 63379 MiB, 90.24 W, 2355 MHz, 12481 MHz, 35
2026/09/26 05:59:46.081, 1, 0 %, 61491 MiB, 89.21 W, 2317 MHz, 12481 MHz, 35
2026/09/26 05:59:46.331, 0, 0 %, 63411 MiB, 90.23 W, 2355 MHz, 12481 MHz, 35
2026/09/26 05:59:46.331, 1, 0 %, 63219 MiB, 89.20 W, 2317 MHz, 12481 MHz, 35
2026/09/26 05:59:46.581, 0, 0 %, 63411 MiB, 90.15 W, 2355 MHz, 12481 MHz, 35
2026/09/26 05:59:46.581, 1, 14 %, 63251 MiB, 90.43 W, 2317 MHz, 12481 MHz, 35
2026/09/26 05:59:46.831, 0, 0 %, 63411 MiB, 90.12 W, 2355 MHz, 12481 MHz, 35
2026/09/26 05:59:46.831, 1, 0 %, 63251 MiB, 90.56 W, 2317 MHz, 12481 MHz, 35
2026/09/26 05:59:47.081, 0, 0 %, 63411 MiB, 90.08 W, 2355 MHz, 12481 MHz, 35
2026/09/26 05:59:47.081, 1, 0 %, 63251 MiB, 90.66 W, 2317 MHz, 12481 MHz, 35
2026/09/26 05:59:47.331, 0, 0 %, 63411 MiB, 90.10 W, 2355 MHz, 12481 MHz, 35
2026/09/26 05:59:47.331, 1, 1 %, 63283 MiB, 90.77 W, 2317 MHz, 12481 MHz, 35
2026/09/26 05:59:47.581, 0, 0 %, 63411 MiB, 90.13 W, 2355 MHz, 12481 MHz, 35
2026/09/26 05:59:47.582, 1, 0 %, 63283 MiB, 89.66 W, 2317 MHz, 12481 MHz, 35
2026/09/26 05:59:47.832, 0, 0 %, 63411 MiB, 90.12 W, 2355 MHz, 12481 MHz, 35
2026/09/26 05:59:47.832, 1, 0 %, 63315 MiB, 89.61 W, 2317 MHz, 12481 MHz, 35
2026/09/26 05:59:48.082, 0, 0 %, 63411 MiB, 90.07 W, 2355 MHz, 12481 MHz, 35
2026/09/26 05:59:48.082, 1, 0 %, 63315 MiB, 89.49 W, 2317 MHz, 12481 MHz, 35
2026/09/26 05:59:48.332, 0, 0 %, 63411 MiB, 90.06 W, 2355 MHz, 12481 MHz, 35
2026/09/26 05:59:48.332, 1, 0 %, 63347 MiB, 89.40 W, 2317 MHz, 12481 MHz, 35
2026/09/26 05:59:48.582, 0, 0 %, 63411 MiB, 90.05 W, 2355 MHz, 12481 MHz, 35
2026/09/26 05:59:48.582, 1, 0 %, 63347 MiB, 89.26 W, 2317 MHz, 12481 MHz, 35
2026/09/26 05:59:48.832, 0, 0 %, 65139 MiB, 90.33 W, 2355 MHz, 12481 MHz, 35
2026/09/26 05:59:48.832, 1, 0 %, 63379 MiB, 89.23 W, 2317 MHz, 12481 MHz, 35
2026/09/26 05:59:49.082, 0, 18 %, 65171 MiB, 91.22 W, 2355 MHz, 12481 MHz, 35
2026/09/26 05:59:49.082, 1, 0 %, 63379 MiB, 89.16 W, 2317 MHz, 12481 MHz, 35
2026/09/26 05:59:49.332, 0, 0 %, 65171 MiB, 91.28 W, 2355 MHz, 12481 MHz, 35
2026/09/26 05:59:49.332, 1, 0 %, 63379 MiB, 89.18 W, 2317 MHz, 12481 MHz, 35
2026/09/26 05:59:49.582, 0, 0 %, 65171 MiB, 91.23 W, 2355 MHz, 12481 MHz, 35
2026/09/26 05:59:49.582, 1, 0 %, 63379 MiB, 89.24 W, 2317 MHz, 12481 MHz, 35
2026/09/26 05:59:49.832, 0, 1 %, 65203 MiB, 90.98 W, 2355 MHz, 12481 MHz, 35
2026/09/26 05:59:49.833, 1, 0 %, 63379 MiB, 89.33 W, 2317 MHz, 12481 MHz, 35
2026/09/26 05:59:50.083, 0, 0 %, 65203 MiB, 90.09 W, 2355 MHz, 12481 MHz, 35
2026/09/26 05:59:50.083, 1, 0 %, 63379 MiB, 89.54 W, 2317 MHz, 12481 MHz, 35
2026/09/26 05:59:50.333, 0, 0 %, 65235 MiB, 90.07 W, 2355 MHz, 12481 MHz, 35
2026/09/26 05:59:50.333, 1, 0 %, 63379 MiB, 89.61 W, 2317 MHz, 12481 MHz, 35
2026/09/26 05:59:50.583, 0, 0 %, 65235 MiB, 90.18 W, 2355 MHz, 12481 MHz, 35
2026/09/26 05:59:50.583, 1, 0 %, 63379 MiB, 89.68 W, 2317 MHz, 12481 MHz, 35
2026/09/26 05:59:50.833, 0, 0 %, 65235 MiB, 90.18 W, 2355 MHz, 12481 MHz, 35
2026/09/26 05:59:50.833, 1, 0 %, 63379 MiB, 89.64 W, 2317 MHz, 12481 MHz, 35
2026/09/26 05:59:51.083, 0, 0 %, 65267 MiB, 90.22 W, 2355 MHz, 12481 MHz, 35
2026/09/26 05:59:51.083, 1, 0 %, 63379 MiB, 89.56 W, 2317 MHz, 12481 MHz, 35
2026/09/26 05:59:51.333, 0, 0 %, 65299 MiB, 90.19 W, 2355 MHz, 12481 MHz, 35
2026/09/26 05:59:51.333, 1, 0 %, 65107 MiB, 89.47 W, 2317 MHz, 12481 MHz, 35
2026/09/26 05:59:51.583, 0, 0 %, 65299 MiB, 90.14 W, 2355 MHz, 12481 MHz, 35
2026/09/26 05:59:51.583, 1, 6 %, 65107 MiB, 90.25 W, 2317 MHz, 12481 MHz, 35
2026/09/26 05:59:51.833, 0, 0 %, 65299 MiB, 90.16 W, 2355 MHz, 12481 MHz, 35
2026/09/26 05:59:51.833, 1, 5 %, 65139 MiB, 90.48 W, 2317 MHz, 12481 MHz, 35
2026/09/26 05:59:52.083, 0, 0 %, 65299 MiB, 90.17 W, 2355 MHz, 12481 MHz, 35
2026/09/26 05:59:52.083, 1, 0 %, 65139 MiB, 90.38 W, 2317 MHz, 12481 MHz, 35
2026/09/26 05:59:52.334, 0, 0 %, 65299 MiB, 90.14 W, 2355 MHz, 12481 MHz, 35
2026/09/26 05:59:52.334, 1, 0 %, 65139 MiB, 90.33 W, 2317 MHz, 12481 MHz, 35
2026/09/26 05:59:52.584, 0, 0 %, 65299 MiB, 90.12 W, 2355 MHz, 12481 MHz, 35
2026/09/26 05:59:52.584, 1, 1 %, 65171 MiB, 89.48 W, 2317 MHz, 12481 MHz, 35
2026/09/26 05:59:52.834, 0, 0 %, 65299 MiB, 90.17 W, 2355 MHz, 12481 MHz, 35
2026/09/26 05:59:52.834, 1, 0 %, 65171 MiB, 89.20 W, 2317 MHz, 12481 MHz, 35
2026/09/26 05:59:53.084, 0, 0 %, 65299 MiB, 90.15 W, 2355 MHz, 12481 MHz, 35
2026/09/26 05:59:53.084, 1, 0 %, 65203 MiB, 89.40 W, 2317 MHz, 12481 MHz, 35
2026/09/26 05:59:53.334, 0, 0 %, 65299 MiB, 90.16 W, 2355 MHz, 12481 MHz, 35
2026/09/26 05:59:53.334, 1, 1 %, 65203 MiB, 89.51 W, 2317 MHz, 12481 MHz, 35
2026/09/26 05:59:53.584, 0, 0 %, 65299 MiB, 90.16 W, 2355 MHz, 12481 MHz, 35
2026/09/26 05:59:53.584, 1, 0 %, 65235 MiB, 89.67 W, 2317 MHz, 12481 MHz, 35
2026/09/26 05:59:53.834, 0, 0 %, 65299 MiB, 90.08 W, 2355 MHz, 12481 MHz, 35
2026/09/26 05:59:53.834, 1, 0 %, 65235 MiB, 89.76 W, 2317 MHz, 12481 MHz, 35
2026/09/26 05:59:54.084, 0, 0 %, 67027 MiB, 90.62 W, 2355 MHz, 12481 MHz, 35
2026/09/26 05:59:54.084, 1, 0 %, 65267 MiB, 89.72 W, 2317 MHz, 12481 MHz, 35
2026/09/26 05:59:54.334, 0, 0 %, 67027 MiB, 91.37 W, 2355 MHz, 12481 MHz, 35
2026/09/26 05:59:54.334, 1, 0 %, 65267 MiB, 89.67 W, 2317 MHz, 12481 MHz, 35
2026/09/26 05:59:54.584, 0, 0 %, 67027 MiB, 91.38 W, 2355 MHz, 12481 MHz, 35
2026/09/26 05:59:54.585, 1, 0 %, 65267 MiB, 89.54 W, 2317 MHz, 12481 MHz, 35
2026/09/26 05:59:54.835, 0, 0 %, 67059 MiB, 91.46 W, 2355 MHz, 12481 MHz, 35
2026/09/26 05:59:54.835, 1, 0 %, 65267 MiB, 89.41 W, 2317 MHz, 12481 MHz, 35
2026/09/26 05:59:55.085, 0, 1 %, 67059 MiB, 90.89 W, 2355 MHz, 12481 MHz, 35
2026/09/26 05:59:55.085, 1, 0 %, 65267 MiB, 89.20 W, 2317 MHz, 12481 MHz, 35
2026/09/26 05:59:55.335, 0, 0 %, 67059 MiB, 90.13 W, 2355 MHz, 12481 MHz, 35
2026/09/26 05:59:55.335, 1, 0 %, 65267 MiB, 89.10 W, 2317 MHz, 12481 MHz, 35
2026/09/26 05:59:55.585, 0, 1 %, 67091 MiB, 90.19 W, 2355 MHz, 12481 MHz, 35
2026/09/26 05:59:55.585, 1, 0 %, 65267 MiB, 89.05 W, 2317 MHz, 12481 MHz, 35
2026/09/26 05:59:55.835, 0, 0 %, 67091 MiB, 90.16 W, 2355 MHz, 12481 MHz, 35
2026/09/26 05:59:55.835, 1, 0 %, 65267 MiB, 89.05 W, 2317 MHz, 12481 MHz, 35
2026/09/26 05:59:56.085, 0, 0 %, 67123 MiB, 90.20 W, 2355 MHz, 12481 MHz, 35
2026/09/26 05:59:56.085, 1, 0 %, 65267 MiB, 89.14 W, 2317 MHz, 12481 MHz, 35
2026/09/26 05:59:56.335, 0, 0 %, 67155 MiB, 90.26 W, 2355 MHz, 12481 MHz, 35
2026/09/26 05:59:56.335, 1, 0 %, 65267 MiB, 89.29 W, 2317 MHz, 12481 MHz, 35
2026/09/26 05:59:56.585, 0, 0 %, 67155 MiB, 90.22 W, 2355 MHz, 12481 MHz, 35
2026/09/26 05:59:56.585, 1, 6 %, 66995 MiB, 89.77 W, 2317 MHz, 12481 MHz, 35
2026/09/26 05:59:56.835, 0, 0 %, 67155 MiB, 90.23 W, 2355 MHz, 12481 MHz, 35
2026/09/26 05:59:56.836, 1, 2 %, 66995 MiB, 90.09 W, 2317 MHz, 12481 MHz, 35
2026/09/26 05:59:57.086, 0, 0 %, 67155 MiB, 90.22 W, 2355 MHz, 12481 MHz, 35
2026/09/26 05:59:57.086, 1, 2 %, 66995 MiB, 90.47 W, 2317 MHz, 12481 MHz, 35
2026/09/26 05:59:57.336, 0, 0 %, 67155 MiB, 90.16 W, 2355 MHz, 12481 MHz, 35
2026/09/26 05:59:57.336, 1, 4 %, 66995 MiB, 90.54 W, 2317 MHz, 12481 MHz, 35
2026/09/26 05:59:57.586, 0, 0 %, 67155 MiB, 90.16 W, 2355 MHz, 12481 MHz, 35
2026/09/26 05:59:57.586, 1, 0 %, 66995 MiB, 90.37 W, 2317 MHz, 12481 MHz, 35
2026/09/26 05:59:57.836, 0, 0 %, 67155 MiB, 90.16 W, 2355 MHz, 12481 MHz, 35
2026/09/26 05:59:57.836, 1, 0 %, 66995 MiB, 90.09 W, 2317 MHz, 12481 MHz, 35
2026/09/26 05:59:58.086, 0, 0 %, 67155 MiB, 89.68 W, 2355 MHz, 12481 MHz, 35
2026/09/26 05:59:58.086, 1, 0 %, 67027 MiB, 89.70 W, 2317 MHz, 12481 MHz, 35
2026/09/26 05:59:58.336, 0, 0 %, 67155 MiB, 89.68 W, 2355 MHz, 12481 MHz, 35
2026/09/26 05:59:58.336, 1, 0 %, 67027 MiB, 89.48 W, 2317 MHz, 12481 MHz, 35
2026/09/26 05:59:58.586, 0, 0 %, 67155 MiB, 89.75 W, 2355 MHz, 12481 MHz, 35
2026/09/26 05:59:58.586, 1, 0 %, 67059 MiB, 89.17 W, 2317 MHz, 12481 MHz, 35
2026/09/26 05:59:58.836, 0, 0 %, 67155 MiB, 89.82 W, 2355 MHz, 12481 MHz, 35
2026/09/26 05:59:58.836, 1, 0 %, 67059 MiB, 89.15 W, 2317 MHz, 12481 MHz, 35
2026/09/26 05:59:59.086, 0, 0 %, 67155 MiB, 90.14 W, 2355 MHz, 12481 MHz, 35
2026/09/26 05:59:59.086, 1, 0 %, 67059 MiB, 89.14 W, 2317 MHz, 12481 MHz, 35
2026/09/26 05:59:59.337, 0, 0 %, 67155 MiB, 90.16 W, 2355 MHz, 12481 MHz, 35
2026/09/26 05:59:59.337, 1, 0 %, 67123 MiB, 89.18 W, 2317 MHz, 12481 MHz, 35
2026/09/26 05:59:59.587, 0, 0 %, 68883 MiB, 90.46 W, 2355 MHz, 12481 MHz, 35
2026/09/26 05:59:59.587, 1, 0 %, 67123 MiB, 89.38 W, 2317 MHz, 12481 MHz, 35
2026/09/26 05:59:59.837, 0, 2 %, 68883 MiB, 90.81 W, 2355 MHz, 12481 MHz, 35
2026/09/26 05:59:59.837, 1, 0 %, 67123 MiB, 89.49 W, 2317 MHz, 12481 MHz, 35
2026/09/26 06:00:00.087, 0, 2 %, 68883 MiB, 90.93 W, 2355 MHz, 12481 MHz, 35
2026/09/26 06:00:00.087, 1, 0 %, 67123 MiB, 89.64 W, 2317 MHz, 12481 MHz, 35
2026/09/26 06:00:00.337, 0, 3 %, 68883 MiB, 91.16 W, 2355 MHz, 12481 MHz, 35
2026/09/26 06:00:00.337, 1, 0 %, 67123 MiB, 89.68 W, 2317 MHz, 12481 MHz, 35
2026/09/26 06:00:00.587, 0, 2 %, 68883 MiB, 91.00 W, 2355 MHz, 12481 MHz, 35
2026/09/26 06:00:00.587, 1, 0 %, 67123 MiB, 89.60 W, 2317 MHz, 12481 MHz, 35
2026/09/26 06:00:00.837, 0, 2 %, 68883 MiB, 90.87 W, 2355 MHz, 12481 MHz, 35
2026/09/26 06:00:00.837, 1, 0 %, 67123 MiB, 89.60 W, 2317 MHz, 12481 MHz, 35
2026/09/26 06:00:01.087, 0, 5 %, 68915 MiB, 90.82 W, 2355 MHz, 12481 MHz, 35
2026/09/26 06:00:01.087, 1, 0 %, 67123 MiB, 89.08 W, 2317 MHz, 12481 MHz, 35
2026/09/26 06:00:01.337, 0, 0 %, 68915 MiB, 90.61 W, 2355 MHz, 12481 MHz, 35
2026/09/26 06:00:01.337, 1, 0 %, 67123 MiB, 88.96 W, 2317 MHz, 12481 MHz, 35
2026/09/26 06:00:01.587, 0, 0 %, 68915 MiB, 90.40 W, 2355 MHz, 12481 MHz, 35
2026/09/26 06:00:01.588, 1, 0 %, 67123 MiB, 88.85 W, 2317 MHz, 12481 MHz, 35
2026/09/26 06:00:01.838, 0, 0 %, 68947 MiB, 90.21 W, 2355 MHz, 12481 MHz, 35
2026/09/26 06:00:01.838, 1, 0 %, 67123 MiB, 88.89 W, 2317 MHz, 12481 MHz, 35
2026/09/26 06:00:02.088, 0, 0 %, 68947 MiB, 90.15 W, 2355 MHz, 12481 MHz, 35
2026/09/26 06:00:02.088, 1, 0 %, 67123 MiB, 89.09 W, 2317 MHz, 12481 MHz, 35
2026/09/26 06:00:02.338, 0, 0 %, 68979 MiB, 90.12 W, 2355 MHz, 12481 MHz, 35
2026/09/26 06:00:02.338, 1, 0 %, 67123 MiB, 89.15 W, 2317 MHz, 12481 MHz, 35
2026/09/26 06:00:02.588, 0, 0 %, 68979 MiB, 90.13 W, 2355 MHz, 12481 MHz, 35
2026/09/26 06:00:02.588, 1, 0 %, 67123 MiB, 89.23 W, 2317 MHz, 12481 MHz, 35
2026/09/26 06:00:02.838, 0, 0 %, 68979 MiB, 90.15 W, 2355 MHz, 12481 MHz, 35
2026/09/26 06:00:02.838, 1, 0 %, 67123 MiB, 89.34 W, 2317 MHz, 12481 MHz, 35
2026/09/26 06:00:03.088, 0, 0 %, 69043 MiB, 90.11 W, 2355 MHz, 12481 MHz, 35
2026/09/26 06:00:03.088, 1, 0 %, 67123 MiB, 89.50 W, 2317 MHz, 12481 MHz, 35
2026/09/26 06:00:03.338, 0, 0 %, 69043 MiB, 90.16 W, 2355 MHz, 12481 MHz, 35
2026/09/26 06:00:03.338, 1, 0 %, 67123 MiB, 89.57 W, 2317 MHz, 12481 MHz, 35
2026/09/26 06:00:03.588, 0, 0 %, 69043 MiB, 90.25 W, 2355 MHz, 12481 MHz, 35
2026/09/26 06:00:03.588, 1, 12 %, 68851 MiB, 90.16 W, 2317 MHz, 12481 MHz, 35
2026/09/26 06:00:03.839, 0, 0 %, 69043 MiB, 90.20 W, 2355 MHz, 12481 MHz, 35
2026/09/26 06:00:03.839, 1, 2 %, 68851 MiB, 90.24 W, 2317 MHz, 12481 MHz, 35
2026/09/26 06:00:04.089, 0, 0 %, 69043 MiB, 90.19 W, 2355 MHz, 12481 MHz, 35
2026/09/26 06:00:04.089, 1, 2 %, 68851 MiB, 90.42 W, 2317 MHz, 12481 MHz, 35
2026/09/26 06:00:04.339, 0, 0 %, 69043 MiB, 90.16 W, 2355 MHz, 12481 MHz, 35
2026/09/26 06:00:04.339, 1, 3 %, 68851 MiB, 90.46 W, 2317 MHz, 12481 MHz, 35
2026/09/26 06:00:04.589, 0, 0 %, 69043 MiB, 90.03 W, 2355 MHz, 12481 MHz, 35
2026/09/26 06:00:04.589, 1, 1 %, 68883 MiB, 90.00 W, 2317 MHz, 12481 MHz, 35
2026/09/26 06:00:04.839, 0, 0 %, 69043 MiB, 90.04 W, 2355 MHz, 12481 MHz, 35
2026/09/26 06:00:04.839, 1, 0 %, 68883 MiB, 89.79 W, 2317 MHz, 12481 MHz, 35
2026/09/26 06:00:05.089, 0, 0 %, 69043 MiB, 90.09 W, 2355 MHz, 12481 MHz, 35
2026/09/26 06:00:05.089, 1, 0 %, 68883 MiB, 89.44 W, 2317 MHz, 12481 MHz, 35
2026/09/26 06:00:05.339, 0, 0 %, 69043 MiB, 90.08 W, 2355 MHz, 12481 MHz, 35
2026/09/26 06:00:05.339, 1, 0 %, 68915 MiB, 89.31 W, 2317 MHz, 12481 MHz, 35
2026/09/26 06:00:05.589, 0, 0 %, 69043 MiB, 90.17 W, 2355 MHz, 12481 MHz, 35
2026/09/26 06:00:05.589, 1, 0 %, 68915 MiB, 89.12 W, 2317 MHz, 12481 MHz, 35
2026/09/26 06:00:05.839, 0, 0 %, 69043 MiB, 90.19 W, 2355 MHz, 12481 MHz, 35
2026/09/26 06:00:05.839, 1, 0 %, 68947 MiB, 89.17 W, 2317 MHz, 12481 MHz, 35
2026/09/26 06:00:06.090, 0, 0 %, 69043 MiB, 90.17 W, 2355 MHz, 12481 MHz, 35
2026/09/26 06:00:06.090, 1, 1 %, 68947 MiB, 89.39 W, 2317 MHz, 12481 MHz, 35
2026/09/26 06:00:06.340, 0, 0 %, 69043 MiB, 90.18 W, 2355 MHz, 12481 MHz, 35
2026/09/26 06:00:06.340, 1, 0 %, 68947 MiB, 89.49 W, 2317 MHz, 12481 MHz, 35
2026/09/26 06:00:06.590, 0, 0 %, 69043 MiB, 90.14 W, 2355 MHz, 12481 MHz, 35
2026/09/26 06:00:06.590, 1, 0 %, 69011 MiB, 89.65 W, 2317 MHz, 12481 MHz, 35
2026/09/26 06:00:06.840, 0, 0 %, 70771 MiB, 90.24 W, 2355 MHz, 12481 MHz, 35
2026/09/26 06:00:06.840, 1, 0 %, 69011 MiB, 89.69 W, 2317 MHz, 12481 MHz, 35
2026/09/26 06:00:07.090, 0, 7 %, 70771 MiB, 90.85 W, 2355 MHz, 12481 MHz, 35
2026/09/26 06:00:07.090, 1, 0 %, 69011 MiB, 89.63 W, 2317 MHz, 12481 MHz, 35
2026/09/26 06:00:07.340, 0, 0 %, 70803 MiB, 91.14 W, 2355 MHz, 12481 MHz, 35
2026/09/26 06:00:07.340, 1, 0 %, 69011 MiB, 89.56 W, 2317 MHz, 12481 MHz, 35
2026/09/26 06:00:07.590, 0, 0 %, 70803 MiB, 91.10 W, 2355 MHz, 12481 MHz, 35
2026/09/26 06:00:07.590, 1, 0 %, 69011 MiB, 89.38 W, 2317 MHz, 12481 MHz, 35
2026/09/26 06:00:07.840, 0, 0 %, 70835 MiB, 91.04 W, 2355 MHz, 12481 MHz, 35
2026/09/26 06:00:07.840, 1, 0 %, 69011 MiB, 89.26 W, 2317 MHz, 12481 MHz, 35
2026/09/26 06:00:08.090, 0, 1 %, 70835 MiB, 90.45 W, 2355 MHz, 12481 MHz, 35
2026/09/26 06:00:08.090, 1, 0 %, 69011 MiB, 89.12 W, 2317 MHz, 12481 MHz, 35
2026/09/26 06:00:08.340, 0, 0 %, 70835 MiB, 90.13 W, 2355 MHz, 12481 MHz, 35
2026/09/26 06:00:08.341, 1, 0 %, 69011 MiB, 89.04 W, 2317 MHz, 12481 MHz, 35
2026/09/26 06:00:08.591, 0, 1 %, 70867 MiB, 90.23 W, 2355 MHz, 12481 MHz, 35
2026/09/26 06:00:08.591, 1, 0 %, 69011 MiB, 89.03 W, 2317 MHz, 12481 MHz, 35
2026/09/26 06:00:08.841, 0, 0 %, 70867 MiB, 90.24 W, 2355 MHz, 12481 MHz, 35
2026/09/26 06:00:08.841, 1, 0 %, 69011 MiB, 89.08 W, 2317 MHz, 12481 MHz, 35
2026/09/26 06:00:09.091, 0, 0 %, 70899 MiB, 90.26 W, 2355 MHz, 12481 MHz, 35
2026/09/26 06:00:09.091, 1, 0 %, 69011 MiB, 89.17 W, 2317 MHz, 12481 MHz, 35
2026/09/26 06:00:09.341, 0, 0 %, 70899 MiB, 90.29 W, 2355 MHz, 12481 MHz, 35
2026/09/26 06:00:09.341, 1, 0 %, 69011 MiB, 89.32 W, 2317 MHz, 12481 MHz, 35
2026/09/26 06:00:09.591, 0, 0 %, 70931 MiB, 90.24 W, 2355 MHz, 12481 MHz, 35
2026/09/26 06:00:09.591, 1, 11 %, 70739 MiB, 90.25 W, 2317 MHz, 12481 MHz, 35
2026/09/26 06:00:09.841, 0, 0 %, 70931 MiB, 90.19 W, 2355 MHz, 12481 MHz, 35
2026/09/26 06:00:09.841, 1, 5 %, 70739 MiB, 90.56 W, 2317 MHz, 12481 MHz, 35
2026/09/26 06:00:10.091, 0, 0 %, 70931 MiB, 90.18 W, 2355 MHz, 12481 MHz, 35
2026/09/26 06:00:10.091, 1, 4 %, 70771 MiB, 90.90 W, 2317 MHz, 12481 MHz, 35
2026/09/26 06:00:10.341, 0, 0 %, 70931 MiB, 90.16 W, 2355 MHz, 12481 MHz, 35
2026/09/26 06:00:10.341, 1, 0 %, 70771 MiB, 90.83 W, 2317 MHz, 12481 MHz, 35
2026/09/26 06:00:10.591, 0, 0 %, 70931 MiB, 90.17 W, 2355 MHz, 12481 MHz, 35
2026/09/26 06:00:10.591, 1, 0 %, 70803 MiB, 90.01 W, 2317 MHz, 12481 MHz, 35
2026/09/26 06:00:10.842, 0, 0 %, 70931 MiB, 90.19 W, 2355 MHz, 12481 MHz, 35
2026/09/26 06:00:10.842, 1, 0 %, 70803 MiB, 89.66 W, 2317 MHz, 12481 MHz, 35
2026/09/26 06:00:11.092, 0, 0 %, 70931 MiB, 90.18 W, 2355 MHz, 12481 MHz, 35
2026/09/26 06:00:11.092, 1, 0 %, 70803 MiB, 89.21 W, 2317 MHz, 12481 MHz, 35
2026/09/26 06:00:11.342, 0, 0 %, 70931 MiB, 90.16 W, 2355 MHz, 12481 MHz, 35
2026/09/26 06:00:11.342, 1, 0 %, 70835 MiB, 89.17 W, 2317 MHz, 12481 MHz, 35
2026/09/26 06:00:11.592, 0, 0 %, 70931 MiB, 90.15 W, 2355 MHz, 12481 MHz, 35
2026/09/26 06:00:11.592, 1, 0 %, 70835 MiB, 89.10 W, 2317 MHz, 12481 MHz, 35
2026/09/26 06:00:11.842, 0, 0 %, 70931 MiB, 90.12 W, 2355 MHz, 12481 MHz, 35
2026/09/26 06:00:11.842, 1, 0 %, 70867 MiB, 89.07 W, 2317 MHz, 12481 MHz, 35
2026/09/26 06:00:12.092, 0, 0 %, 70931 MiB, 90.14 W, 2355 MHz, 12481 MHz, 35
2026/09/26 06:00:12.092, 1, 0 %, 70867 MiB, 89.14 W, 2317 MHz, 12481 MHz, 35
2026/09/26 06:00:12.342, 0, 9 %, 72659 MiB, 90.95 W, 2355 MHz, 12481 MHz, 35
2026/09/26 06:00:12.342, 1, 0 %, 70899 MiB, 89.24 W, 2317 MHz, 12481 MHz, 35
2026/09/26 06:00:12.592, 0, 13 %, 72659 MiB, 91.44 W, 2355 MHz, 12481 MHz, 35
2026/09/26 06:00:12.592, 1, 0 %, 70899 MiB, 89.42 W, 2317 MHz, 12481 MHz, 35
2026/09/26 06:00:12.842, 0, 0 %, 72691 MiB, 91.45 W, 2355 MHz, 12481 MHz, 35
2026/09/26 06:00:12.842, 1, 0 %, 70899 MiB, 89.52 W, 2317 MHz, 12481 MHz, 35
2026/09/26 06:00:13.092, 0, 0 %, 72691 MiB, 91.45 W, 2355 MHz, 12481 MHz, 35
2026/09/26 06:00:13.092, 1, 0 %, 70899 MiB, 89.64 W, 2317 MHz, 12481 MHz, 35
2026/09/26 06:00:13.343, 0, 0 %, 72723 MiB, 90.66 W, 2355 MHz, 12481 MHz, 35
2026/09/26 06:00:13.343, 1, 0 %, 70899 MiB, 89.62 W, 2317 MHz, 12481 MHz, 35
2026/09/26 06:00:13.593, 0, 0 %, 72723 MiB, 90.20 W, 2355 MHz, 12481 MHz, 35
2026/09/26 06:00:13.593, 1, 0 %, 70899 MiB, 89.52 W, 2317 MHz, 12481 MHz, 35
2026/09/26 06:00:13.843, 0, 0 %, 72723 MiB, 90.16 W, 2355 MHz, 12481 MHz, 35
2026/09/26 06:00:13.843, 1, 0 %, 70899 MiB, 89.45 W, 2317 MHz, 12481 MHz, 35
2026/09/26 06:00:14.093, 0, 0 %, 72755 MiB, 90.17 W, 2355 MHz, 12481 MHz, 35
2026/09/26 06:00:14.093, 1, 0 %, 70899 MiB, 89.31 W, 2317 MHz, 12481 MHz, 35
2026/09/26 06:00:14.343, 0, 0 %, 72755 MiB, 90.17 W, 2355 MHz, 12481 MHz, 35
2026/09/26 06:00:14.343, 1, 0 %, 70899 MiB, 89.23 W, 2317 MHz, 12481 MHz, 35
2026/09/26 06:00:14.593, 0, 1 %, 72787 MiB, 90.13 W, 2355 MHz, 12481 MHz, 35
2026/09/26 06:00:14.593, 1, 0 %, 70899 MiB, 89.14 W, 2317 MHz, 12481 MHz, 35
2026/09/26 06:00:14.843, 0, 0 %, 72787 MiB, 90.13 W, 2355 MHz, 12481 MHz, 35
2026/09/26 06:00:14.843, 1, 0 %, 70899 MiB, 89.08 W, 2317 MHz, 12481 MHz, 35
2026/09/26 06:00:15.093, 0, 0 %, 72819 MiB, 90.14 W, 2355 MHz, 12481 MHz, 35
2026/09/26 06:00:15.093, 1, 0 %, 72627 MiB, 90.19 W, 2317 MHz, 12481 MHz, 35
2026/09/26 06:00:15.343, 0, 0 %, 72819 MiB, 90.12 W, 2355 MHz, 12481 MHz, 35
2026/09/26 06:00:15.343, 1, 20 %, 72659 MiB, 90.40 W, 2317 MHz, 12481 MHz, 35
2026/09/26 06:00:15.593, 0, 0 %, 72819 MiB, 90.09 W, 2355 MHz, 12481 MHz, 35
2026/09/26 06:00:15.594, 1, 0 %, 72659 MiB, 90.45 W, 2317 MHz, 12481 MHz, 35
2026/09/26 06:00:15.844, 0, 0 %, 72819 MiB, 90.11 W, 2355 MHz, 12481 MHz, 35
2026/09/26 06:00:15.844, 1, 0 %, 72659 MiB, 90.61 W, 2317 MHz, 12481 MHz, 35
2026/09/26 06:00:16.094, 0, 0 %, 72819 MiB, 90.08 W, 2355 MHz, 12481 MHz, 35
2026/09/26 06:00:16.094, 1, 1 %, 72691 MiB, 89.68 W, 2317 MHz, 12481 MHz, 35
2026/09/26 06:00:16.344, 0, 0 %, 72819 MiB, 90.09 W, 2355 MHz, 12481 MHz, 35
2026/09/26 06:00:16.344, 1, 0 %, 72691 MiB, 89.59 W, 2317 MHz, 12481 MHz, 35
2026/09/26 06:00:16.594, 0, 0 %, 72819 MiB, 90.12 W, 2355 MHz, 12481 MHz, 35
2026/09/26 06:00:16.594, 1, 1 %, 72723 MiB, 89.66 W, 2317 MHz, 12481 MHz, 35
2026/09/26 06:00:16.844, 0, 0 %, 72819 MiB, 90.12 W, 2355 MHz, 12481 MHz, 35
2026/09/26 06:00:16.844, 1, 0 %, 72723 MiB, 89.59 W, 2317 MHz, 12481 MHz, 35
2026/09/26 06:00:17.094, 0, 0 %, 72819 MiB, 90.14 W, 2355 MHz, 12481 MHz, 35
2026/09/26 06:00:17.094, 1, 0 %, 72755 MiB, 89.45 W, 2317 MHz, 12481 MHz, 35
2026/09/26 06:00:17.344, 0, 0 %, 72819 MiB, 90.16 W, 2355 MHz, 12481 MHz, 35
2026/09/26 06:00:17.344, 1, 1 %, 72755 MiB, 89.36 W, 2317 MHz, 12481 MHz, 35
2026/09/26 06:00:17.594, 0, 0 %, 74547 MiB, 90.50 W, 2355 MHz, 12481 MHz, 35
2026/09/26 06:00:17.594, 1, 0 %, 72787 MiB, 89.24 W, 2317 MHz, 12481 MHz, 35
2026/09/26 06:00:17.844, 0, 19 %, 74547 MiB, 91.26 W, 2355 MHz, 12481 MHz, 35
2026/09/26 06:00:17.844, 1, 0 %, 72787 MiB, 89.16 W, 2317 MHz, 12481 MHz, 35
2026/09/26 06:00:18.095, 0, 0 %, 74547 MiB, 91.23 W, 2355 MHz, 12481 MHz, 35
2026/09/26 06:00:18.095, 1, 0 %, 72787 MiB, 89.08 W, 2317 MHz, 12481 MHz, 35
2026/09/26 06:00:18.345, 0, 0 %, 74579 MiB, 91.25 W, 2355 MHz, 12481 MHz, 35
2026/09/26 06:00:18.345, 1, 0 %, 72787 MiB, 89.04 W, 2317 MHz, 12481 MHz, 35
2026/09/26 06:00:18.595, 0, 0 %, 74579 MiB, 91.05 W, 2355 MHz, 12481 MHz, 35
2026/09/26 06:00:18.595, 1, 0 %, 72787 MiB, 89.06 W, 2317 MHz, 12481 MHz, 35
2026/09/26 06:00:18.845, 0, 0 %, 74579 MiB, 90.23 W, 2355 MHz, 12481 MHz, 35
2026/09/26 06:00:18.845, 1, 0 %, 72787 MiB, 89.12 W, 2317 MHz, 12481 MHz, 35
2026/09/26 06:00:19.095, 0, 0 %, 74611 MiB, 90.25 W, 2355 MHz, 12481 MHz, 35
2026/09/26 06:00:19.095, 1, 0 %, 72787 MiB, 89.32 W, 2317 MHz, 12481 MHz, 35
2026/09/26 06:00:19.345, 0, 0 %, 74611 MiB, 90.27 W, 2355 MHz, 12481 MHz, 35
2026/09/26 06:00:19.345, 1, 0 %, 72787 MiB, 89.46 W, 2317 MHz, 12481 MHz, 35
2026/09/26 06:00:19.595, 0, 0 %, 74643 MiB, 90.30 W, 2355 MHz, 12481 MHz, 35
2026/09/26 06:00:19.595, 1, 0 %, 72787 MiB, 89.56 W, 2317 MHz, 12481 MHz, 35
2026/09/26 06:00:19.845, 0, 0 %, 74675 MiB, 90.24 W, 2355 MHz, 12481 MHz, 35
2026/09/26 06:00:19.845, 1, 0 %, 72787 MiB, 89.61 W, 2317 MHz, 12481 MHz, 35
2026/09/26 06:00:20.095, 0, 0 %, 74675 MiB, 90.26 W, 2355 MHz, 12481 MHz, 35
2026/09/26 06:00:20.095, 1, 0 %, 74515 MiB, 90.22 W, 2317 MHz, 12481 MHz, 35
2026/09/26 06:00:20.345, 0, 0 %, 74675 MiB, 90.22 W, 2355 MHz, 12481 MHz, 35
2026/09/26 06:00:20.346, 1, 9 %, 74515 MiB, 90.55 W, 2317 MHz, 12481 MHz, 35
2026/09/26 06:00:20.596, 0, 0 %, 74675 MiB, 90.16 W, 2355 MHz, 12481 MHz, 35
2026/09/26 06:00:20.596, 1, 0 %, 74515 MiB, 90.43 W, 2317 MHz, 12481 MHz, 35
2026/09/26 06:00:20.846, 0, 0 %, 74675 MiB, 90.17 W, 2355 MHz, 12481 MHz, 35
2026/09/26 06:00:20.846, 1, 0 %, 74547 MiB, 90.34 W, 2317 MHz, 12481 MHz, 35
2026/09/26 06:00:21.096, 0, 0 %, 74675 MiB, 90.13 W, 2355 MHz, 12481 MHz, 35
2026/09/26 06:00:21.096, 1, 1 %, 74547 MiB, 89.56 W, 2317 MHz, 12481 MHz, 35
2026/09/26 06:00:21.346, 0, 0 %, 74675 MiB, 90.15 W, 2355 MHz, 12481 MHz, 35
2026/09/26 06:00:21.346, 1, 0 %, 74547 MiB, 89.06 W, 2317 MHz, 12481 MHz, 35
2026/09/26 06:00:21.596, 0, 0 %, 74675 MiB, 90.17 W, 2355 MHz, 12481 MHz, 35
2026/09/26 06:00:21.596, 1, 1 %, 74579 MiB, 89.05 W, 2317 MHz, 12481 MHz, 35
2026/09/26 06:00:21.846, 0, 0 %, 74675 MiB, 90.15 W, 2355 MHz, 12481 MHz, 35
2026/09/26 06:00:21.846, 1, 0 %, 74579 MiB, 89.07 W, 2317 MHz, 12481 MHz, 35
2026/09/26 06:00:22.096, 0, 0 %, 74675 MiB, 90.13 W, 2355 MHz, 12481 MHz, 35
2026/09/26 06:00:22.096, 1, 0 %, 74611 MiB, 89.29 W, 2317 MHz, 12481 MHz, 35
2026/09/26 06:00:22.346, 0, 0 %, 74675 MiB, 90.16 W, 2355 MHz, 12481 MHz, 35
2026/09/26 06:00:22.346, 1, 0 %, 74643 MiB, 89.44 W, 2317 MHz, 12481 MHz, 35
2026/09/26 06:00:22.596, 0, 14 %, 76403 MiB, 90.77 W, 2355 MHz, 12481 MHz, 35
2026/09/26 06:00:22.596, 1, 0 %, 74643 MiB, 89.66 W, 2317 MHz, 12481 MHz, 35
2026/09/26 06:00:22.847, 0, 5 %, 76403 MiB, 91.27 W, 2355 MHz, 12481 MHz, 35
2026/09/26 06:00:22.847, 1, 0 %, 74643 MiB, 89.75 W, 2317 MHz, 12481 MHz, 35
2026/09/26 06:00:23.097, 0, 0 %, 76435 MiB, 91.37 W, 2355 MHz, 12481 MHz, 35
2026/09/26 06:00:23.097, 1, 0 %, 74643 MiB, 89.69 W, 2317 MHz, 12481 MHz, 35
2026/09/26 06:00:23.347, 0, 0 %, 76435 MiB, 91.32 W, 2355 MHz, 12481 MHz, 35
2026/09/26 06:00:23.347, 1, 0 %, 74643 MiB, 89.61 W, 2317 MHz, 12481 MHz, 35
2026/09/26 06:00:23.597, 0, 0 %, 76435 MiB, 90.71 W, 2355 MHz, 12481 MHz, 35
2026/09/26 06:00:23.597, 1, 0 %, 74643 MiB, 89.46 W, 2317 MHz, 12481 MHz, 35
2026/09/26 06:00:23.847, 0, 0 %, 76467 MiB, 90.21 W, 2355 MHz, 12481 MHz, 35
2026/09/26 06:00:23.847, 1, 0 %, 74643 MiB, 89.35 W, 2317 MHz, 12481 MHz, 35
2026/09/26 06:00:24.097, 0, 1 %, 76467 MiB, 90.17 W, 2355 MHz, 12481 MHz, 35
2026/09/26 06:00:24.097, 1, 0 %, 74643 MiB, 89.19 W, 2317 MHz, 12481 MHz, 35
2026/09/26 06:00:24.347, 0, 0 %, 76467 MiB, 90.20 W, 2355 MHz, 12481 MHz, 35
2026/09/26 06:00:24.347, 1, 0 %, 74643 MiB, 89.10 W, 2317 MHz, 12481 MHz, 35
2026/09/26 06:00:24.597, 0, 1 %, 76499 MiB, 90.24 W, 2355 MHz, 12481 MHz, 35
2026/09/26 06:00:24.597, 1, 0 %, 74643 MiB, 89.04 W, 2317 MHz, 12481 MHz, 35
2026/09/26 06:00:24.847, 0, 0 %, 76499 MiB, 90.19 W, 2355 MHz, 12481 MHz, 35
2026/09/26 06:00:24.847, 1, 0 %, 74643 MiB, 89.06 W, 2317 MHz, 12481 MHz, 35
2026/09/26 06:00:25.098, 0, 0 %, 76531 MiB, 90.21 W, 2355 MHz, 12481 MHz, 35
2026/09/26 06:00:25.098, 1, 0 %, 74643 MiB, 89.13 W, 2317 MHz, 12481 MHz, 35
2026/09/26 06:00:25.348, 0, 0 %, 76563 MiB, 90.20 W, 2355 MHz, 12481 MHz, 35
2026/09/26 06:00:25.348, 1, 0 %, 74643 MiB, 89.27 W, 2317 MHz, 12481 MHz, 35
2026/09/26 06:00:25.598, 0, 0 %, 76563 MiB, 90.17 W, 2355 MHz, 12481 MHz, 35
2026/09/26 06:00:25.598, 1, 0 %, 76371 MiB, 89.67 W, 2317 MHz, 12481 MHz, 35
2026/09/26 06:00:25.848, 0, 0 %, 76563 MiB, 90.22 W, 2355 MHz, 12481 MHz, 35
2026/09/26 06:00:25.848, 1, 2 %, 76371 MiB, 89.97 W, 2317 MHz, 12481 MHz, 35
2026/09/26 06:00:26.098, 0, 0 %, 76563 MiB, 90.21 W, 2355 MHz, 12481 MHz, 35
2026/09/26 06:00:26.098, 1, 1 %, 76371 MiB, 90.24 W, 2317 MHz, 12481 MHz, 35
2026/09/26 06:00:26.348, 0, 0 %, 76563 MiB, 90.24 W, 2355 MHz, 12481 MHz, 35
2026/09/26 06:00:26.348, 1, 1 %, 76371 MiB, 90.35 W, 2317 MHz, 12481 MHz, 35
2026/09/26 06:00:26.598, 0, 0 %, 76563 MiB, 90.25 W, 2355 MHz, 12481 MHz, 35
2026/09/26 06:00:26.598, 1, 1 %, 76371 MiB, 90.42 W, 2317 MHz, 12481 MHz, 35
2026/09/26 06:00:26.848, 0, 0 %, 76563 MiB, 90.25 W, 2355 MHz, 12481 MHz, 35
2026/09/26 06:00:26.848, 1, 1 %, 76371 MiB, 90.01 W, 2317 MHz, 12481 MHz, 35
2026/09/26 06:00:27.098, 0, 0 %, 76563 MiB, 90.25 W, 2355 MHz, 12481 MHz, 35
2026/09/26 06:00:27.098, 1, 1 %, 76371 MiB, 89.87 W, 2317 MHz, 12481 MHz, 35
2026/09/26 06:00:27.349, 0, 0 %, 76563 MiB, 90.25 W, 2355 MHz, 12481 MHz, 35
2026/09/26 06:00:27.349, 1, 1 %, 76371 MiB, 89.73 W, 2317 MHz, 12481 MHz, 35
2026/09/26 06:00:27.599, 0, 0 %, 76563 MiB, 90.25 W, 2355 MHz, 12481 MHz, 35
2026/09/26 06:00:27.599, 1, 1 %, 76371 MiB, 89.64 W, 2317 MHz, 12481 MHz, 35
2026/09/26 06:00:27.849, 0, 0 %, 76563 MiB, 89.19 W, 2355 MHz, 12481 MHz, 35
2026/09/26 06:00:27.849, 1, 1 %, 76371 MiB, 89.57 W, 2317 MHz, 12481 MHz, 35
2026/09/26 06:00:28.099, 0, 0 %, 76563 MiB, 89.19 W, 2355 MHz, 12481 MHz, 35
2026/09/26 06:00:28.099, 1, 1 %, 76371 MiB, 89.50 W, 2317 MHz, 12481 MHz, 35
2026/09/26 06:00:28.349, 0, 0 %, 76563 MiB, 89.19 W, 2355 MHz, 12481 MHz, 35
2026/09/26 06:00:28.349, 1, 1 %, 76371 MiB, 89.56 W, 2317 MHz, 12481 MHz, 35
2026/09/26 06:00:28.599, 0, 0 %, 76563 MiB, 89.19 W, 2355 MHz, 12481 MHz, 35
2026/09/26 06:00:28.599, 1, 1 %, 76371 MiB, 89.69 W, 2317 MHz, 12481 MHz, 35
2026/09/26 06:00:28.849, 0, 0 %, 76563 MiB, 89.66 W, 2355 MHz, 12481 MHz, 35
2026/09/26 06:00:28.849, 1, 1 %, 76371 MiB, 89.83 W, 2317 MHz, 12481 MHz, 35
2026/09/26 06:00:29.099, 0, 0 %, 76563 MiB, 89.66 W, 2355 MHz, 12481 MHz, 35
2026/09/26 06:00:29.099, 1, 1 %, 76371 MiB, 90.02 W, 2317 MHz, 12481 MHz, 35
2026/09/26 06:00:29.349, 0, 0 %, 76563 MiB, 89.52 W, 2355 MHz, 12481 MHz, 35
2026/09/26 06:00:29.349, 1, 1 %, 76403 MiB, 90.07 W, 2317 MHz, 12481 MHz, 35
2026/09/26 06:00:29.599, 0, 0 %, 76563 MiB, 89.60 W, 2355 MHz, 12481 MHz, 35
2026/09/26 06:00:29.599, 1, 0 %, 76403 MiB, 89.96 W, 2317 MHz, 12481 MHz, 35
2026/09/26 06:00:29.850, 0, 0 %, 76563 MiB, 89.66 W, 2355 MHz, 12481 MHz, 35
2026/09/26 06:00:29.850, 1, 0 %, 76403 MiB, 89.79 W, 2317 MHz, 12481 MHz, 35
2026/09/26 06:00:30.100, 0, 0 %, 76563 MiB, 89.74 W, 2355 MHz, 12481 MHz, 35
2026/09/26 06:00:30.100, 1, 0 %, 76435 MiB, 89.55 W, 2317 MHz, 12481 MHz, 35
2026/09/26 06:00:30.350, 0, 0 %, 76563 MiB, 90.15 W, 2355 MHz, 12481 MHz, 35
2026/09/26 06:00:30.350, 1, 0 %, 76435 MiB, 89.40 W, 2317 MHz, 12481 MHz, 35
2026/09/26 06:00:30.600, 0, 0 %, 76563 MiB, 90.10 W, 2355 MHz, 12481 MHz, 35
2026/09/26 06:00:30.600, 1, 0 %, 76435 MiB, 89.26 W, 2317 MHz, 12481 MHz, 35
2026/09/26 06:00:30.850, 0, 0 %, 76563 MiB, 90.14 W, 2355 MHz, 12481 MHz, 35
2026/09/26 06:00:30.850, 1, 1 %, 76467 MiB, 89.20 W, 2317 MHz, 12481 MHz, 35
2026/09/26 06:00:31.100, 0, 0 %, 76563 MiB, 90.12 W, 2355 MHz, 12481 MHz, 35
2026/09/26 06:00:31.100, 1, 0 %, 76467 MiB, 89.15 W, 2317 MHz, 12481 MHz, 35
2026/09/26 06:00:31.350, 0, 0 %, 76563 MiB, 90.12 W, 2355 MHz, 12481 MHz, 35
2026/09/26 06:00:31.350, 1, 0 %, 76531 MiB, 89.14 W, 2317 MHz, 12481 MHz, 35
2026/09/26 06:00:31.600, 0, 0 %, 76563 MiB, 90.14 W, 2355 MHz, 12481 MHz, 35
2026/09/26 06:00:31.600, 1, 0 %, 76531 MiB, 89.15 W, 2317 MHz, 12481 MHz, 35
2026/09/26 06:00:31.850, 0, 2 %, 78291 MiB, 90.50 W, 2355 MHz, 12481 MHz, 35
2026/09/26 06:00:31.850, 1, 0 %, 76531 MiB, 89.25 W, 2317 MHz, 12481 MHz, 35
2026/09/26 06:00:32.101, 0, 1 %, 78291 MiB, 90.55 W, 2355 MHz, 12481 MHz, 35
2026/09/26 06:00:32.101, 1, 0 %, 76531 MiB, 89.45 W, 2317 MHz, 12481 MHz, 35
2026/09/26 06:00:32.351, 0, 5 %, 78291 MiB, 90.81 W, 2355 MHz, 12481 MHz, 35
2026/09/26 06:00:32.351, 1, 0 %, 76531 MiB, 89.54 W, 2317 MHz, 12481 MHz, 35
2026/09/26 06:00:32.601, 0, 1 %, 78291 MiB, 90.95 W, 2355 MHz, 12481 MHz, 35
2026/09/26 06:00:32.601, 1, 0 %, 76531 MiB, 89.66 W, 2317 MHz, 12481 MHz, 35
2026/09/26 06:00:32.851, 0, 4 %, 78291 MiB, 90.84 W, 2355 MHz, 12481 MHz, 35
2026/09/26 06:00:32.851, 1, 0 %, 76531 MiB, 89.70 W, 2317 MHz, 12481 MHz, 35
2026/09/26 06:00:33.101, 0, 1 %, 78291 MiB, 90.88 W, 2355 MHz, 12481 MHz, 35
2026/09/26 06:00:33.101, 1, 0 %, 76531 MiB, 89.70 W, 2317 MHz, 12481 MHz, 35
2026/09/26 06:00:33.351, 0, 8 %, 78323 MiB, 91.05 W, 2355 MHz, 12481 MHz, 35
2026/09/26 06:00:33.351, 1, 0 %, 76531 MiB, 89.15 W, 2317 MHz, 12481 MHz, 35
2026/09/26 06:00:33.601, 0, 0 %, 78323 MiB, 90.96 W, 2355 MHz, 12481 MHz, 35
2026/09/26 06:00:33.601, 1, 0 %, 76531 MiB, 89.02 W, 2317 MHz, 12481 MHz, 35
2026/09/26 06:00:33.851, 0, 0 %, 78323 MiB, 90.69 W, 2355 MHz, 12481 MHz, 35
2026/09/26 06:00:33.851, 1, 0 %, 76531 MiB, 89.01 W, 2317 MHz, 12481 MHz, 35
2026/09/26 06:00:34.101, 0, 0 %, 78355 MiB, 90.59 W, 2355 MHz, 12481 MHz, 35
2026/09/26 06:00:34.101, 1, 0 %, 76531 MiB, 89.02 W, 2317 MHz, 12481 MHz, 35
2026/09/26 06:00:34.351, 0, 0 %, 78355 MiB, 90.20 W, 2355 MHz, 12481 MHz, 35
2026/09/26 06:00:34.351, 1, 0 %, 76531 MiB, 89.18 W, 2317 MHz, 12481 MHz, 35
2026/09/26 06:00:34.602, 0, 0 %, 78387 MiB, 90.19 W, 2355 MHz, 12481 MHz, 35
2026/09/26 06:00:34.602, 1, 0 %, 76531 MiB, 89.10 W, 2317 MHz, 12481 MHz, 35
2026/09/26 06:00:34.852, 0, 0 %, 78387 MiB, 90.12 W, 2355 MHz, 12481 MHz, 35
2026/09/26 06:00:34.852, 1, 0 %, 76531 MiB, 89.12 W, 2317 MHz, 12481 MHz, 35
2026/09/26 06:00:35.102, 0, 0 %, 78387 MiB, 90.10 W, 2355 MHz, 12481 MHz, 35
2026/09/26 06:00:35.102, 1, 0 %, 76531 MiB, 89.25 W, 2317 MHz, 12481 MHz, 35
2026/09/26 06:00:35.352, 0, 0 %, 78419 MiB, 90.10 W, 2355 MHz, 12481 MHz, 35
2026/09/26 06:00:35.352, 1, 0 %, 76531 MiB, 89.40 W, 2317 MHz, 12481 MHz, 35
2026/09/26 06:00:35.602, 0, 0 %, 78451 MiB, 90.11 W, 2355 MHz, 12481 MHz, 35
2026/09/26 06:00:35.602, 1, 0 %, 78259 MiB, 89.92 W, 2317 MHz, 12481 MHz, 35
2026/09/26 06:00:35.852, 0, 0 %, 78451 MiB, 90.21 W, 2355 MHz, 12481 MHz, 35
2026/09/26 06:00:35.852, 1, 2 %, 78259 MiB, 90.26 W, 2317 MHz, 12481 MHz, 35
2026/09/26 06:00:36.102, 0, 0 %, 78451 MiB, 90.25 W, 2355 MHz, 12481 MHz, 35
2026/09/26 06:00:36.102, 1, 8 %, 78259 MiB, 90.92 W, 2317 MHz, 12481 MHz, 35
2026/09/26 06:00:36.352, 0, 0 %, 78451 MiB, 90.19 W, 2355 MHz, 12481 MHz, 35
2026/09/26 06:00:36.352, 1, 6 %, 78291 MiB, 90.98 W, 2317 MHz, 12481 MHz, 35
2026/09/26 06:00:36.602, 0, 0 %, 78451 MiB, 90.20 W, 2355 MHz, 12481 MHz, 35
2026/09/26 06:00:36.602, 1, 0 %, 78291 MiB, 90.58 W, 2317 MHz, 12481 MHz, 35
2026/09/26 06:00:36.852, 0, 0 %, 78451 MiB, 90.14 W, 2355 MHz, 12481 MHz, 35
2026/09/26 06:00:36.853, 1, 0 %, 78291 MiB, 90.23 W, 2317 MHz, 12481 MHz, 35
2026/09/26 06:00:37.103, 0, 0 %, 78451 MiB, 90.12 W, 2355 MHz, 12481 MHz, 35
2026/09/26 06:00:37.103, 1, 1 %, 78323 MiB, 89.48 W, 2317 MHz, 12481 MHz, 35
2026/09/26 06:00:37.353, 0, 0 %, 78451 MiB, 90.18 W, 2355 MHz, 12481 MHz, 35
2026/09/26 06:00:37.353, 1, 0 %, 78323 MiB, 89.26 W, 2317 MHz, 12481 MHz, 35
2026/09/26 06:00:37.603, 0, 0 %, 78451 MiB, 90.20 W, 2355 MHz, 12481 MHz, 35
2026/09/26 06:00:37.603, 1, 1 %, 78355 MiB, 89.16 W, 2317 MHz, 12481 MHz, 35
2026/09/26 06:00:37.853, 0, 0 %, 78451 MiB, 90.18 W, 2355 MHz, 12481 MHz, 35
2026/09/26 06:00:37.853, 1, 0 %, 78355 MiB, 89.14 W, 2317 MHz, 12481 MHz, 35
2026/09/26 06:00:38.103, 0, 0 %, 78451 MiB, 90.21 W, 2355 MHz, 12481 MHz, 35
2026/09/26 06:00:38.103, 1, 0 %, 78387 MiB, 89.17 W, 2317 MHz, 12481 MHz, 35
2026/09/26 06:00:38.353, 0, 0 %, 78451 MiB, 90.17 W, 2355 MHz, 12481 MHz, 35
2026/09/26 06:00:38.353, 1, 1 %, 78387 MiB, 89.25 W, 2317 MHz, 12481 MHz, 35
2026/09/26 06:00:38.603, 0, 2 %, 80179 MiB, 90.50 W, 2355 MHz, 12481 MHz, 35
2026/09/26 06:00:38.603, 1, 0 %, 78419 MiB, 89.50 W, 2317 MHz, 12481 MHz, 35
2026/09/26 06:00:38.853, 0, 10 %, 80179 MiB, 91.07 W, 2355 MHz, 12481 MHz, 35
2026/09/26 06:00:38.853, 1, 0 %, 78419 MiB, 89.60 W, 2317 MHz, 12481 MHz, 35
2026/09/26 06:00:39.103, 0, 1 %, 80179 MiB, 91.16 W, 2355 MHz, 12481 MHz, 35
2026/09/26 06:00:39.103, 1, 0 %, 78419 MiB, 89.74 W, 2317 MHz, 12481 MHz, 35
2026/09/26 06:00:39.354, 0, 1 %, 80179 MiB, 91.24 W, 2355 MHz, 12481 MHz, 35
2026/09/26 06:00:39.354, 1, 0 %, 78419 MiB, 89.75 W, 2317 MHz, 12481 MHz, 35
2026/09/26 06:00:39.604, 0, 1 %, 80179 MiB, 91.11 W, 2355 MHz, 12481 MHz, 35
2026/09/26 06:00:39.604, 1, 0 %, 78419 MiB, 89.69 W, 2317 MHz, 12481 MHz, 35
2026/09/26 06:00:39.854, 0, 1 %, 80179 MiB, 90.66 W, 2355 MHz, 12481 MHz, 35
2026/09/26 06:00:39.854, 1, 0 %, 78419 MiB, 89.69 W, 2317 MHz, 12481 MHz, 35
2026/09/26 06:00:40.104, 0, 1 %, 80179 MiB, 90.65 W, 2355 MHz, 12481 MHz, 35
2026/09/26 06:00:40.104, 1, 0 %, 78419 MiB, 89.69 W, 2317 MHz, 12481 MHz, 35
2026/09/26 06:00:40.354, 0, 0 %, 80179 MiB, 90.60 W, 2355 MHz, 12481 MHz, 35
2026/09/26 06:00:40.354, 1, 0 %, 78419 MiB, 89.69 W, 2317 MHz, 12481 MHz, 35
2026/09/26 06:00:40.604, 0, 0 %, 80211 MiB, 90.46 W, 2355 MHz, 12481 MHz, 35
2026/09/26 06:00:40.604, 1, 0 %, 78419 MiB, 87.90 W, 2317 MHz, 12481 MHz, 35
2026/09/26 06:00:40.854, 0, 0 %, 80211 MiB, 90.28 W, 2355 MHz, 12481 MHz, 35
2026/09/26 06:00:40.854, 1, 0 %, 78419 MiB, 88.11 W, 2317 MHz, 12481 MHz, 35
2026/09/26 06:00:41.104, 0, 0 %, 80211 MiB, 90.21 W, 2355 MHz, 12481 MHz, 35
2026/09/26 06:00:41.104, 1, 0 %, 78419 MiB, 88.31 W, 2317 MHz, 12481 MHz, 35
2026/09/26 06:00:41.354, 0, 0 %, 80243 MiB, 90.14 W, 2355 MHz, 12481 MHz, 35
2026/09/26 06:00:41.354, 1, 0 %, 78419 MiB, 88.43 W, 2317 MHz, 12481 MHz, 35
2026/09/26 06:00:41.605, 0, 0 %, 80243 MiB, 90.10 W, 2355 MHz, 12481 MHz, 35
2026/09/26 06:00:41.605, 1, 0 %, 78419 MiB, 89.18 W, 2317 MHz, 12481 MHz, 35
2026/09/26 06:00:41.855, 0, 0 %, 80243 MiB, 90.14 W, 2355 MHz, 12481 MHz, 35
2026/09/26 06:00:41.855, 1, 0 %, 78419 MiB, 89.43 W, 2317 MHz, 12481 MHz, 35
2026/09/26 06:00:42.105, 0, 0 %, 80275 MiB, 90.12 W, 2355 MHz, 12481 MHz, 35
2026/09/26 06:00:42.105, 1, 0 %, 78419 MiB, 89.61 W, 2317 MHz, 12481 MHz, 35
2026/09/26 06:00:42.355, 0, 0 %, 80275 MiB, 90.10 W, 2355 MHz, 12481 MHz, 35
2026/09/26 06:00:42.355, 1, 0 %, 78419 MiB, 89.65 W, 2317 MHz, 12481 MHz, 35
2026/09/26 06:00:42.605, 0, 0 %, 80275 MiB, 90.11 W, 2355 MHz, 12481 MHz, 35
2026/09/26 06:00:42.605, 1, 0 %, 78419 MiB, 89.66 W, 2317 MHz, 12481 MHz, 35
2026/09/26 06:00:42.855, 0, 1 %, 80307 MiB, 90.13 W, 2355 MHz, 12481 MHz, 35
2026/09/26 06:00:42.855, 1, 0 %, 78419 MiB, 89.58 W, 2317 MHz, 12481 MHz, 35
2026/09/26 06:00:43.105, 0, 0 %, 80307 MiB, 90.15 W, 2355 MHz, 12481 MHz, 35
2026/09/26 06:00:43.105, 1, 0 %, 78419 MiB, 89.46 W, 2317 MHz, 12481 MHz, 35
2026/09/26 06:00:43.355, 0, 0 %, 80339 MiB, 90.20 W, 2355 MHz, 12481 MHz, 35
2026/09/26 06:00:43.355, 1, 0 %, 80147 MiB, 89.54 W, 2317 MHz, 12481 MHz, 35
2026/09/26 06:00:43.605, 0, 0 %, 80339 MiB, 90.21 W, 2355 MHz, 12481 MHz, 35
2026/09/26 06:00:43.605, 1, 0 %, 80147 MiB, 89.55 W, 2317 MHz, 12481 MHz, 35
2026/09/26 06:00:43.856, 0, 0 %, 80339 MiB, 90.18 W, 2355 MHz, 12481 MHz, 35
2026/09/26 06:00:43.856, 1, 1 %, 80147 MiB, 89.57 W, 2317 MHz, 12481 MHz, 35
2026/09/26 06:00:44.106, 0, 0 %, 80339 MiB, 90.18 W, 2355 MHz, 12481 MHz, 35
2026/09/26 06:00:44.106, 1, 1 %, 80147 MiB, 89.61 W, 2317 MHz, 12481 MHz, 35
2026/09/26 06:00:44.356, 0, 0 %, 80339 MiB, 90.14 W, 2355 MHz, 12481 MHz, 35
2026/09/26 06:00:44.356, 1, 1 %, 80147 MiB, 89.50 W, 2317 MHz, 12481 MHz, 35
2026/09/26 06:00:44.606, 0, 0 %, 80339 MiB, 90.14 W, 2355 MHz, 12481 MHz, 35
2026/09/26 06:00:44.606, 1, 1 %, 80147 MiB, 89.61 W, 2317 MHz, 12481 MHz, 35
2026/09/26 06:00:44.856, 0, 0 %, 80339 MiB, 90.14 W, 2355 MHz, 12481 MHz, 35
2026/09/26 06:00:44.856, 1, 1 %, 80147 MiB, 89.71 W, 2317 MHz, 12481 MHz, 35
2026/09/26 06:00:45.106, 0, 0 %, 80339 MiB, 90.14 W, 2355 MHz, 12481 MHz, 35
2026/09/26 06:00:45.106, 1, 1 %, 80147 MiB, 89.98 W, 2317 MHz, 12481 MHz, 35
2026/09/26 06:00:45.356, 0, 0 %, 80339 MiB, 90.15 W, 2355 MHz, 12481 MHz, 35
2026/09/26 06:00:45.356, 1, 1 %, 80147 MiB, 90.17 W, 2317 MHz, 12481 MHz, 35
2026/09/26 06:00:45.606, 0, 0 %, 80339 MiB, 90.15 W, 2355 MHz, 12481 MHz, 35
2026/09/26 06:00:45.606, 1, 1 %, 80147 MiB, 90.24 W, 2317 MHz, 12481 MHz, 35
2026/09/26 06:00:45.856, 0, 0 %, 80339 MiB, 90.15 W, 2355 MHz, 12481 MHz, 35
2026/09/26 06:00:45.856, 1, 1 %, 80147 MiB, 90.22 W, 2317 MHz, 12481 MHz, 35
2026/09/26 06:00:46.107, 0, 0 %, 80339 MiB, 90.15 W, 2355 MHz, 12481 MHz, 35
2026/09/26 06:00:46.107, 1, 1 %, 80147 MiB, 90.20 W, 2317 MHz, 12481 MHz, 35
2026/09/26 06:00:46.357, 0, 0 %, 80339 MiB, 89.91 W, 2355 MHz, 12481 MHz, 35
2026/09/26 06:00:46.357, 1, 1 %, 80147 MiB, 90.11 W, 2317 MHz, 12481 MHz, 35
2026/09/26 06:00:46.607, 0, 0 %, 80339 MiB, 89.91 W, 2355 MHz, 12481 MHz, 35
2026/09/26 06:00:46.607, 1, 1 %, 80147 MiB, 89.94 W, 2317 MHz, 12481 MHz, 35
2026/09/26 06:00:46.857, 0, 0 %, 80339 MiB, 89.61 W, 2355 MHz, 12481 MHz, 35
2026/09/26 06:00:46.857, 1, 0 %, 80179 MiB, 89.80 W, 2317 MHz, 12481 MHz, 35
2026/09/26 06:00:47.107, 0, 0 %, 80339 MiB, 89.66 W, 2355 MHz, 12481 MHz, 35
2026/09/26 06:00:47.107, 1, 0 %, 80179 MiB, 89.45 W, 2317 MHz, 12481 MHz, 35
2026/09/26 06:00:47.357, 0, 0 %, 80339 MiB, 89.80 W, 2355 MHz, 12481 MHz, 35
2026/09/26 06:00:47.357, 1, 0 %, 80179 MiB, 89.30 W, 2317 MHz, 12481 MHz, 35
2026/09/26 06:00:47.607, 0, 0 %, 80339 MiB, 89.86 W, 2355 MHz, 12481 MHz, 35
2026/09/26 06:00:47.607, 1, 0 %, 80211 MiB, 89.20 W, 2317 MHz, 12481 MHz, 35
2026/09/26 06:00:47.857, 0, 0 %, 80339 MiB, 90.14 W, 2355 MHz, 12481 MHz, 35
2026/09/26 06:00:47.857, 1, 0 %, 80211 MiB, 89.19 W, 2317 MHz, 12481 MHz, 35
2026/09/26 06:00:48.107, 0, 0 %, 80339 MiB, 90.14 W, 2355 MHz, 12481 MHz, 35
2026/09/26 06:00:48.107, 1, 0 %, 80211 MiB, 89.33 W, 2317 MHz, 12481 MHz, 35
2026/09/26 06:00:48.357, 0, 0 %, 80339 MiB, 90.16 W, 2355 MHz, 12481 MHz, 35
2026/09/26 06:00:48.357, 1, 0 %, 80243 MiB, 89.46 W, 2317 MHz, 12481 MHz, 35
2026/09/26 06:00:48.608, 0, 0 %, 80339 MiB, 90.15 W, 2355 MHz, 12481 MHz, 35
2026/09/26 06:00:48.608, 1, 0 %, 80243 MiB, 89.60 W, 2317 MHz, 12481 MHz, 35
2026/09/26 06:00:48.858, 0, 0 %, 80339 MiB, 90.12 W, 2355 MHz, 12481 MHz, 35
2026/09/26 06:00:48.858, 1, 0 %, 80275 MiB, 89.70 W, 2317 MHz, 12481 MHz, 35
2026/09/26 06:00:49.108, 0, 0 %, 80339 MiB, 90.16 W, 2355 MHz, 12481 MHz, 35
2026/09/26 06:00:49.108, 1, 0 %, 80275 MiB, 89.75 W, 2317 MHz, 12481 MHz, 35
2026/09/26 06:00:49.358, 0, 2 %, 82067 MiB, 90.30 W, 2355 MHz, 12481 MHz, 35
2026/09/26 06:00:49.358, 1, 0 %, 80307 MiB, 89.73 W, 2317 MHz, 12481 MHz, 35
2026/09/26 06:00:49.608, 0, 0 %, 82067 MiB, 90.34 W, 2355 MHz, 12481 MHz, 35
2026/09/26 06:00:49.608, 1, 0 %, 80307 MiB, 89.61 W, 2317 MHz, 12481 MHz, 35
2026/09/26 06:00:49.858, 0, 0 %, 82067 MiB, 90.43 W, 2355 MHz, 12481 MHz, 35
2026/09/26 06:00:49.858, 1, 0 %, 80307 MiB, 89.52 W, 2317 MHz, 12481 MHz, 35
2026/09/26 06:00:50.108, 0, 1 %, 82067 MiB, 90.51 W, 2355 MHz, 12481 MHz, 35
2026/09/26 06:00:50.108, 1, 0 %, 80307 MiB, 89.37 W, 2317 MHz, 12481 MHz, 35
2026/09/26 06:00:50.358, 0, 1 %, 82067 MiB, 90.51 W, 2355 MHz, 12481 MHz, 35
2026/09/26 06:00:50.358, 1, 0 %, 80307 MiB, 89.28 W, 2317 MHz, 12481 MHz, 35
2026/09/26 06:00:50.608, 0, 1 %, 82067 MiB, 90.56 W, 2355 MHz, 12481 MHz, 35
2026/09/26 06:00:50.608, 1, 0 %, 80307 MiB, 89.28 W, 2317 MHz, 12481 MHz, 35
2026/09/26 06:00:50.859, 0, 0 %, 82067 MiB, 90.53 W, 2355 MHz, 12481 MHz, 35
2026/09/26 06:00:50.859, 1, 0 %, 80307 MiB, 89.28 W, 2317 MHz, 12481 MHz, 35
2026/09/26 06:00:51.109, 0, 0 %, 82067 MiB, 90.45 W, 2355 MHz, 12481 MHz, 35
2026/09/26 06:00:51.109, 1, 0 %, 80307 MiB, 89.28 W, 2317 MHz, 12481 MHz, 35
2026/09/26 06:00:51.359, 0, 0 %, 82067 MiB, 90.40 W, 2355 MHz, 12481 MHz, 35
2026/09/26 06:00:51.359, 1, 0 %, 80307 MiB, 88.93 W, 2317 MHz, 12481 MHz, 35
2026/09/26 06:00:51.609, 0, 1 %, 82067 MiB, 90.35 W, 2355 MHz, 12481 MHz, 35
2026/09/26 06:00:51.609, 1, 0 %, 80307 MiB, 88.93 W, 2317 MHz, 12481 MHz, 35
2026/09/26 06:00:51.859, 0, 0 %, 82067 MiB, 90.45 W, 2355 MHz, 12481 MHz, 35
2026/09/26 06:00:51.859, 1, 0 %, 80307 MiB, 88.93 W, 2317 MHz, 12481 MHz, 35
2026/09/26 06:00:52.109, 0, 1 %, 82067 MiB, 90.50 W, 2355 MHz, 12481 MHz, 35
2026/09/26 06:00:52.109, 1, 0 %, 80307 MiB, 88.93 W, 2317 MHz, 12481 MHz, 35
2026/09/26 06:00:52.359, 0, 1 %, 82067 MiB, 90.53 W, 2355 MHz, 12481 MHz, 35
2026/09/26 06:00:52.359, 1, 0 %, 80307 MiB, 88.66 W, 2317 MHz, 12481 MHz, 35
2026/09/26 06:00:52.609, 0, 1 %, 82067 MiB, 90.63 W, 2355 MHz, 12481 MHz, 35
2026/09/26 06:00:52.609, 1, 0 %, 80307 MiB, 88.66 W, 2317 MHz, 12481 MHz, 35
2026/09/26 06:00:52.859, 0, 1 %, 82067 MiB, 90.70 W, 2355 MHz, 12481 MHz, 35
2026/09/26 06:00:52.859, 1, 0 %, 80307 MiB, 88.66 W, 2317 MHz, 12481 MHz, 35
2026/09/26 06:00:53.109, 0, 1 %, 82067 MiB, 90.68 W, 2355 MHz, 12481 MHz, 35
2026/09/26 06:00:53.109, 1, 0 %, 80307 MiB, 88.66 W, 2317 MHz, 12481 MHz, 35
2026/09/26 06:00:53.360, 0, 1 %, 82067 MiB, 90.75 W, 2355 MHz, 12481 MHz, 35
2026/09/26 06:00:53.360, 1, 0 %, 80307 MiB, 87.96 W, 2317 MHz, 12481 MHz, 35
2026/09/26 06:00:53.610, 0, 1 %, 82067 MiB, 90.70 W, 2355 MHz, 12481 MHz, 35
2026/09/26 06:00:53.610, 1, 0 %, 80307 MiB, 87.96 W, 2317 MHz, 12481 MHz, 35
2026/09/26 06:00:53.860, 0, 1 %, 82067 MiB, 90.68 W, 2355 MHz, 12481 MHz, 35
2026/09/26 06:00:53.860, 1, 0 %, 80307 MiB, 87.96 W, 2317 MHz, 12481 MHz, 35
2026/09/26 06:00:54.110, 0, 1 %, 82067 MiB, 90.68 W, 2355 MHz, 12481 MHz, 35
2026/09/26 06:00:54.110, 1, 0 %, 80307 MiB, 87.96 W, 2317 MHz, 12481 MHz, 35
2026/09/26 06:00:54.360, 0, 0 %, 82067 MiB, 90.48 W, 2355 MHz, 12481 MHz, 35
2026/09/26 06:00:54.360, 1, 0 %, 80307 MiB, 87.96 W, 2317 MHz, 12481 MHz, 35
2026/09/26 06:00:54.610, 0, 0 %, 82067 MiB, 90.38 W, 2355 MHz, 12481 MHz, 35
2026/09/26 06:00:54.610, 1, 0 %, 80307 MiB, 87.96 W, 2317 MHz, 12481 MHz, 35
2026/09/26 06:00:54.860, 0, 0 %, 82067 MiB, 90.24 W, 2355 MHz, 12481 MHz, 35
2026/09/26 06:00:54.860, 1, 0 %, 80307 MiB, 87.96 W, 2317 MHz, 12481 MHz, 35
2026/09/26 06:00:55.110, 0, 0 %, 82099 MiB, 90.16 W, 2355 MHz, 12481 MHz, 35
2026/09/26 06:00:55.110, 1, 0 %, 80307 MiB, 88.25 W, 2317 MHz, 12481 MHz, 35
2026/09/26 06:00:55.360, 0, 0 %, 82099 MiB, 90.16 W, 2355 MHz, 12481 MHz, 35
2026/09/26 06:00:55.360, 1, 0 %, 80307 MiB, 88.79 W, 2317 MHz, 12481 MHz, 35
2026/09/26 06:00:55.610, 0, 0 %, 82131 MiB, 90.17 W, 2355 MHz, 12481 MHz, 35
2026/09/26 06:00:55.610, 1, 0 %, 80307 MiB, 88.99 W, 2317 MHz, 12481 MHz, 35
2026/09/26 06:00:55.861, 0, 1 %, 82131 MiB, 90.22 W, 2355 MHz, 12481 MHz, 35
2026/09/26 06:00:55.861, 1, 0 %, 80307 MiB, 89.05 W, 2317 MHz, 12481 MHz, 35
2026/09/26 06:00:56.111, 0, 0 %, 82131 MiB, 90.22 W, 2355 MHz, 12481 MHz, 35
2026/09/26 06:00:56.111, 1, 0 %, 80307 MiB, 89.53 W, 2317 MHz, 12481 MHz, 35
2026/09/26 06:00:56.361, 0, 1 %, 82163 MiB, 90.22 W, 2355 MHz, 12481 MHz, 35
2026/09/26 06:00:56.361, 1, 0 %, 80307 MiB, 89.45 W, 2317 MHz, 12481 MHz, 35
2026/09/26 06:00:56.611, 0, 0 %, 82163 MiB, 90.20 W, 2355 MHz, 12481 MHz, 35
2026/09/26 06:00:56.611, 1, 0 %, 80307 MiB, 89.36 W, 2317 MHz, 12481 MHz, 35
2026/09/26 06:00:56.861, 0, 0 %, 82195 MiB, 90.18 W, 2355 MHz, 12481 MHz, 35
2026/09/26 06:00:56.861, 1, 0 %, 80307 MiB, 89.27 W, 2317 MHz, 12481 MHz, 35
2026/09/26 06:00:57.111, 0, 0 %, 82195 MiB, 90.25 W, 2355 MHz, 12481 MHz, 35
2026/09/26 06:00:57.111, 1, 0 %, 82035 MiB, 89.35 W, 2317 MHz, 12481 MHz, 35
2026/09/26 06:00:57.361, 0, 0 %, 82195 MiB, 90.24 W, 2355 MHz, 12481 MHz, 35
2026/09/26 06:00:57.361, 1, 1 %, 82035 MiB, 89.40 W, 2317 MHz, 12481 MHz, 35
2026/09/26 06:00:57.611, 0, 0 %, 82195 MiB, 90.27 W, 2355 MHz, 12481 MHz, 35
2026/09/26 06:00:57.611, 1, 1 %, 82035 MiB, 89.51 W, 2317 MHz, 12481 MHz, 35
2026/09/26 06:00:57.861, 0, 0 %, 82195 MiB, 90.27 W, 2355 MHz, 12481 MHz, 35
2026/09/26 06:00:57.861, 1, 1 %, 82035 MiB, 89.69 W, 2317 MHz, 12481 MHz, 35
2026/09/26 06:00:58.112, 0, 0 %, 82195 MiB, 90.25 W, 2355 MHz, 12481 MHz, 35
2026/09/26 06:00:58.112, 1, 1 %, 82035 MiB, 89.90 W, 2317 MHz, 12481 MHz, 35
2026/09/26 06:00:58.362, 0, 0 %, 82195 MiB, 90.25 W, 2355 MHz, 12481 MHz, 35
2026/09/26 06:00:58.362, 1, 1 %, 82035 MiB, 90.05 W, 2317 MHz, 12481 MHz, 35
2026/09/26 06:00:58.612, 0, 0 %, 82195 MiB, 90.25 W, 2355 MHz, 12481 MHz, 35
2026/09/26 06:00:58.612, 1, 1 %, 82035 MiB, 90.21 W, 2317 MHz, 12481 MHz, 35
2026/09/26 06:00:58.862, 0, 0 %, 82195 MiB, 90.25 W, 2355 MHz, 12481 MHz, 35
2026/09/26 06:00:58.862, 1, 1 %, 82035 MiB, 90.25 W, 2317 MHz, 12481 MHz, 35
2026/09/26 06:00:59.112, 0, 0 %, 82195 MiB, 89.66 W, 2355 MHz, 12481 MHz, 35
2026/09/26 06:00:59.112, 1, 1 %, 82035 MiB, 90.03 W, 2317 MHz, 12481 MHz, 35
2026/09/26 06:00:59.362, 0, 0 %, 82195 MiB, 89.66 W, 2355 MHz, 12481 MHz, 35
2026/09/26 06:00:59.362, 1, 0 %, 82035 MiB, 89.93 W, 2317 MHz, 12481 MHz, 35
2026/09/26 06:00:59.612, 0, 0 %, 82195 MiB, 89.66 W, 2355 MHz, 12481 MHz, 35
2026/09/26 06:00:59.612, 1, 1 %, 82035 MiB, 89.81 W, 2317 MHz, 12481 MHz, 35
2026/09/26 06:00:59.862, 0, 0 %, 82195 MiB, 89.66 W, 2355 MHz, 12481 MHz, 35
2026/09/26 06:00:59.862, 1, 1 %, 82035 MiB, 89.70 W, 2317 MHz, 12481 MHz, 35
2026/09/26 06:01:00.112, 0, 0 %, 82195 MiB, 89.44 W, 2355 MHz, 12481 MHz, 35
2026/09/26 06:01:00.112, 1, 1 %, 82035 MiB, 89.71 W, 2317 MHz, 12481 MHz, 35
2026/09/26 06:01:00.362, 0, 0 %, 82195 MiB, 89.44 W, 2355 MHz, 12481 MHz, 35
2026/09/26 06:01:00.362, 1, 1 %, 82035 MiB, 89.69 W, 2317 MHz, 12481 MHz, 35
2026/09/26 06:01:00.613, 0, 0 %, 82195 MiB, 89.44 W, 2355 MHz, 12481 MHz, 35
2026/09/26 06:01:00.613, 1, 0 %, 82035 MiB, 89.58 W, 2317 MHz, 12481 MHz, 35
2026/09/26 06:01:00.863, 0, 0 %, 82195 MiB, 89.44 W, 2355 MHz, 12481 MHz, 35
2026/09/26 06:01:00.863, 1, 0 %, 82035 MiB, 89.52 W, 2317 MHz, 12481 MHz, 35
2026/09/26 06:01:01.113, 0, 0 %, 82195 MiB, 88.69 W, 2355 MHz, 12481 MHz, 35
2026/09/26 06:01:01.113, 1, 0 %, 82035 MiB, 89.43 W, 2317 MHz, 12481 MHz, 35
2026/09/26 06:01:01.363, 0, 0 %, 82195 MiB, 88.89 W, 2355 MHz, 12481 MHz, 35
2026/09/26 06:01:01.363, 1, 0 %, 82067 MiB, 89.43 W, 2317 MHz, 12481 MHz, 35
2026/09/26 06:01:01.613, 0, 0 %, 82195 MiB, 89.05 W, 2355 MHz, 12481 MHz, 35
2026/09/26 06:01:01.613, 1, 0 %, 82067 MiB, 89.50 W, 2317 MHz, 12481 MHz, 35
2026/09/26 06:01:01.863, 0, 0 %, 82195 MiB, 89.24 W, 2355 MHz, 12481 MHz, 35
2026/09/26 06:01:01.863, 1, 0 %, 82099 MiB, 89.60 W, 2317 MHz, 12481 MHz, 35
2026/09/26 06:01:02.113, 0, 0 %, 82195 MiB, 89.93 W, 2355 MHz, 12481 MHz, 35
2026/09/26 06:01:02.113, 1, 1 %, 82099 MiB, 89.69 W, 2317 MHz, 12481 MHz, 35
2026/09/26 06:01:02.363, 0, 0 %, 82195 MiB, 90.19 W, 2355 MHz, 12481 MHz, 35
2026/09/26 06:01:02.363, 1, 0 %, 82099 MiB, 89.67 W, 2317 MHz, 12481 MHz, 35
2026/09/26 06:01:02.613, 0, 0 %, 82195 MiB, 90.21 W, 2355 MHz, 12481 MHz, 35
2026/09/26 06:01:02.613, 1, 1 %, 82131 MiB, 89.62 W, 2317 MHz, 12481 MHz, 35
2026/09/26 06:01:02.863, 0, 0 %, 83731 MiB, 90.21 W, 2355 MHz, 12481 MHz, 35
2026/09/26 06:01:02.864, 1, 0 %, 82163 MiB, 89.53 W, 2317 MHz, 12481 MHz, 35
2026/09/26 06:01:03.114, 0, 1 %, 83923 MiB, 90.73 W, 2355 MHz, 12481 MHz, 35
2026/09/26 06:01:03.114, 1, 0 %, 82163 MiB, 89.39 W, 2317 MHz, 12481 MHz, 35
2026/09/26 06:01:03.364, 0, 1 %, 83923 MiB, 90.88 W, 2355 MHz, 12481 MHz, 35
2026/09/26 06:01:03.364, 1, 0 %, 82163 MiB, 89.32 W, 2317 MHz, 12481 MHz, 35
2026/09/26 06:01:03.614, 0, 1 %, 83923 MiB, 90.96 W, 2355 MHz, 12481 MHz, 35
2026/09/26 06:01:03.614, 1, 0 %, 82163 MiB, 89.21 W, 2317 MHz, 12481 MHz, 35
2026/09/26 06:01:03.864, 0, 1 %, 83923 MiB, 91.08 W, 2355 MHz, 12481 MHz, 35
2026/09/26 06:01:03.864, 1, 0 %, 82163 MiB, 89.17 W, 2317 MHz, 12481 MHz, 35
2026/09/26 06:01:04.114, 0, 1 %, 83923 MiB, 90.71 W, 2355 MHz, 12481 MHz, 35
2026/09/26 06:01:04.114, 1, 0 %, 82163 MiB, 89.15 W, 2317 MHz, 12481 MHz, 35
2026/09/26 06:01:04.364, 0, 1 %, 83923 MiB, 90.71 W, 2355 MHz, 12481 MHz, 35
2026/09/26 06:01:04.364, 1, 0 %, 82163 MiB, 89.15 W, 2317 MHz, 12481 MHz, 35
2026/09/26 06:01:04.614, 0, 1 %, 83923 MiB, 90.73 W, 2355 MHz, 12481 MHz, 35
2026/09/26 06:01:04.614, 1, 0 %, 82163 MiB, 89.15 W, 2317 MHz, 12481 MHz, 35
2026/09/26 06:01:04.864, 0, 1 %, 83923 MiB, 90.77 W, 2355 MHz, 12481 MHz, 35
2026/09/26 06:01:04.864, 1, 0 %, 82163 MiB, 89.15 W, 2317 MHz, 12481 MHz, 35
2026/09/26 06:01:05.114, 0, 1 %, 83923 MiB, 90.70 W, 2355 MHz, 12481 MHz, 35
2026/09/26 06:01:05.114, 1, 0 %, 82163 MiB, 88.45 W, 2317 MHz, 12481 MHz, 35
2026/09/26 06:01:05.365, 0, 1 %, 83923 MiB, 90.64 W, 2355 MHz, 12481 MHz, 35
2026/09/26 06:01:05.365, 1, 0 %, 82163 MiB, 88.45 W, 2317 MHz, 12481 MHz, 35
2026/09/26 06:01:05.615, 0, 1 %, 83923 MiB, 90.61 W, 2355 MHz, 12481 MHz, 35
2026/09/26 06:01:05.615, 1, 0 %, 82163 MiB, 88.45 W, 2317 MHz, 12481 MHz, 35
2026/09/26 06:01:05.865, 0, 1 %, 83923 MiB, 90.61 W, 2355 MHz, 12481 MHz, 35
2026/09/26 06:01:05.865, 1, 0 %, 82163 MiB, 88.45 W, 2317 MHz, 12481 MHz, 35
2026/09/26 06:01:06.115, 0, 1 %, 83923 MiB, 90.61 W, 2355 MHz, 12481 MHz, 35
2026/09/26 06:01:06.115, 1, 0 %, 82163 MiB, 87.91 W, 2317 MHz, 12481 MHz, 35
2026/09/26 06:01:06.365, 0, 1 %, 83923 MiB, 90.64 W, 2355 MHz, 12481 MHz, 35
2026/09/26 06:01:06.365, 1, 0 %, 82163 MiB, 87.91 W, 2317 MHz, 12481 MHz, 35
2026/09/26 06:01:06.615, 0, 0 %, 83955 MiB, 90.53 W, 2355 MHz, 12481 MHz, 35
2026/09/26 06:01:06.615, 1, 0 %, 82163 MiB, 87.98 W, 2317 MHz, 12481 MHz, 35
2026/09/26 06:01:06.865, 0, 0 %, 83955 MiB, 90.39 W, 2355 MHz, 12481 MHz, 35
2026/09/26 06:01:06.865, 1, 0 %, 82163 MiB, 88.10 W, 2317 MHz, 12481 MHz, 35
2026/09/26 06:01:07.115, 0, 0 %, 83955 MiB, 90.32 W, 2355 MHz, 12481 MHz, 35
2026/09/26 06:01:07.115, 1, 0 %, 82163 MiB, 88.47 W, 2317 MHz, 12481 MHz, 35
2026/09/26 06:01:07.365, 0, 0 %, 83955 MiB, 90.18 W, 2355 MHz, 12481 MHz, 35
2026/09/26 06:01:07.365, 1, 0 %, 82163 MiB, 88.56 W, 2317 MHz, 12481 MHz, 35
2026/09/26 06:01:07.615, 0, 0 %, 83987 MiB, 90.22 W, 2355 MHz, 12481 MHz, 35
2026/09/26 06:01:07.615, 1, 0 %, 82163 MiB, 89.11 W, 2317 MHz, 12481 MHz, 35
2026/09/26 06:01:07.866, 0, 0 %, 83987 MiB, 90.16 W, 2355 MHz, 12481 MHz, 35
2026/09/26 06:01:07.866, 1, 0 %, 82163 MiB, 89.19 W, 2317 MHz, 12481 MHz, 35
2026/09/26 06:01:08.116, 0, 0 %, 84019 MiB, 90.17 W, 2355 MHz, 12481 MHz, 35
2026/09/26 06:01:08.116, 1, 0 %, 82163 MiB, 89.41 W, 2317 MHz, 12481 MHz, 35
2026/09/26 06:01:08.366, 0, 0 %, 84019 MiB, 90.16 W, 2355 MHz, 12481 MHz, 35
2026/09/26 06:01:08.366, 1, 0 %, 82163 MiB, 89.53 W, 2317 MHz, 12481 MHz, 35
2026/09/26 06:01:08.616, 0, 0 %, 84019 MiB, 90.14 W, 2355 MHz, 12481 MHz, 35
2026/09/26 06:01:08.616, 1, 0 %, 82163 MiB, 89.64 W, 2317 MHz, 12481 MHz, 35
2026/09/26 06:01:08.866, 0, 1 %, 84051 MiB, 90.12 W, 2355 MHz, 12481 MHz, 35
2026/09/26 06:01:08.866, 1, 0 %, 82163 MiB, 89.63 W, 2317 MHz, 12481 MHz, 35
2026/09/26 06:01:09.116, 0, 0 %, 84083 MiB, 90.14 W, 2355 MHz, 12481 MHz, 35
2026/09/26 06:01:09.116, 1, 0 %, 82163 MiB, 89.50 W, 2317 MHz, 12481 MHz, 35
2026/09/26 06:01:09.366, 0, 0 %, 84083 MiB, 90.19 W, 2355 MHz, 12481 MHz, 35
2026/09/26 06:01:09.366, 1, 0 %, 83891 MiB, 89.61 W, 2317 MHz, 12481 MHz, 35
2026/09/26 06:01:09.616, 0, 0 %, 84083 MiB, 90.20 W, 2355 MHz, 12481 MHz, 35
2026/09/26 06:01:09.616, 1, 1 %, 83891 MiB, 89.64 W, 2317 MHz, 12481 MHz, 35
2026/09/26 06:01:09.866, 0, 0 %, 84083 MiB, 90.27 W, 2355 MHz, 12481 MHz, 35
2026/09/26 06:01:09.866, 1, 1 %, 83891 MiB, 89.69 W, 2317 MHz, 12481 MHz, 35
2026/09/26 06:01:10.117, 0, 0 %, 84083 MiB, 90.25 W, 2355 MHz, 12481 MHz, 35
2026/09/26 06:01:10.117, 1, 1 %, 83891 MiB, 89.76 W, 2317 MHz, 12481 MHz, 35
2026/09/26 06:01:10.367, 0, 0 %, 84083 MiB, 90.24 W, 2355 MHz, 12481 MHz, 35
2026/09/26 06:01:10.367, 1, 1 %, 83891 MiB, 89.62 W, 2317 MHz, 12481 MHz, 35
2026/09/26 06:01:10.617, 0, 0 %, 84083 MiB, 90.24 W, 2355 MHz, 12481 MHz, 35
2026/09/26 06:01:10.617, 1, 1 %, 83891 MiB, 89.61 W, 2317 MHz, 12481 MHz, 35
2026/09/26 06:01:10.867, 0, 0 %, 84083 MiB, 90.24 W, 2355 MHz, 12481 MHz, 35
2026/09/26 06:01:10.867, 1, 1 %, 83891 MiB, 89.62 W, 2317 MHz, 12481 MHz, 35
2026/09/26 06:01:11.117, 0, 0 %, 84083 MiB, 90.24 W, 2355 MHz, 12481 MHz, 35
2026/09/26 06:01:11.117, 1, 1 %, 83891 MiB, 89.83 W, 2317 MHz, 12481 MHz, 35
2026/09/26 06:01:11.367, 0, 0 %, 84083 MiB, 89.22 W, 2355 MHz, 12481 MHz, 35
2026/09/26 06:01:11.367, 1, 1 %, 83891 MiB, 89.94 W, 2317 MHz, 12481 MHz, 35
2026/09/26 06:01:11.617, 0, 0 %, 84083 MiB, 89.22 W, 2355 MHz, 12481 MHz, 35
2026/09/26 06:01:11.617, 1, 1 %, 83891 MiB, 90.06 W, 2317 MHz, 12481 MHz, 35
2026/09/26 06:01:11.867, 0, 0 %, 84083 MiB, 89.22 W, 2355 MHz, 12481 MHz, 35
2026/09/26 06:01:11.867, 1, 1 %, 83891 MiB, 90.14 W, 2317 MHz, 12481 MHz, 35
2026/09/26 06:01:12.117, 0, 0 %, 84083 MiB, 89.22 W, 2355 MHz, 12481 MHz, 35
2026/09/26 06:01:12.117, 1, 1 %, 83891 MiB, 90.11 W, 2317 MHz, 12481 MHz, 35
2026/09/26 06:01:12.368, 0, 0 %, 84083 MiB, 88.96 W, 2355 MHz, 12481 MHz, 35
2026/09/26 06:01:12.368, 1, 1 %, 83891 MiB, 90.07 W, 2317 MHz, 12481 MHz, 35
2026/09/26 06:01:12.618, 0, 0 %, 84083 MiB, 88.96 W, 2355 MHz, 12481 MHz, 35
2026/09/26 06:01:12.618, 1, 1 %, 83923 MiB, 89.97 W, 2317 MHz, 12481 MHz, 35
2026/09/26 06:01:12.868, 0, 0 %, 84083 MiB, 89.13 W, 2355 MHz, 12481 MHz, 35
2026/09/26 06:01:12.868, 1, 0 %, 83923 MiB, 89.77 W, 2317 MHz, 12481 MHz, 35
2026/09/26 06:01:13.118, 0, 0 %, 84083 MiB, 89.24 W, 2355 MHz, 12481 MHz, 35
2026/09/26 06:01:13.118, 1, 0 %, 83923 MiB, 89.51 W, 2317 MHz, 12481 MHz, 35
2026/09/26 06:01:13.368, 0, 0 %, 84083 MiB, 89.94 W, 2355 MHz, 12481 MHz, 35
2026/09/26 06:01:13.368, 1, 0 %, 83923 MiB, 89.32 W, 2317 MHz, 12481 MHz, 35
2026/09/26 06:01:13.618, 0, 0 %, 84083 MiB, 89.96 W, 2355 MHz, 12481 MHz, 35
2026/09/26 06:01:13.618, 1, 1 %, 83955 MiB, 89.12 W, 2317 MHz, 12481 MHz, 35
2026/09/26 06:01:13.868, 0, 0 %, 84083 MiB, 90.05 W, 2355 MHz, 12481 MHz, 35
2026/09/26 06:01:13.868, 1, 0 %, 83955 MiB, 89.10 W, 2317 MHz, 12481 MHz, 35
2026/09/26 06:01:14.118, 0, 0 %, 84083 MiB, 90.05 W, 2355 MHz, 12481 MHz, 35
2026/09/26 06:01:14.118, 1, 0 %, 83987 MiB, 89.16 W, 2317 MHz, 12481 MHz, 35
2026/09/26 06:01:14.368, 0, 0 %, 84083 MiB, 90.09 W, 2355 MHz, 12481 MHz, 35
2026/09/26 06:01:14.368, 1, 1 %, 83987 MiB, 89.29 W, 2317 MHz, 12481 MHz, 35
2026/09/26 06:01:14.619, 0, 0 %, 84083 MiB, 90.07 W, 2355 MHz, 12481 MHz, 35
2026/09/26 06:01:14.619, 1, 0 %, 84019 MiB, 89.47 W, 2317 MHz, 12481 MHz, 35
2026/09/26 06:01:14.869, 0, 0 %, 84083 MiB, 90.12 W, 2355 MHz, 12481 MHz, 35
2026/09/26 06:01:14.869, 1, 0 %, 84019 MiB, 89.61 W, 2317 MHz, 12481 MHz, 35
2026/09/26 06:01:15.119, 0, 0 %, 86867 MiB, 90.82 W, 2355 MHz, 12481 MHz, 35
2026/09/26 06:01:15.119, 1, 0 %, 86835 MiB, 91.18 W, 2317 MHz, 12481 MHz, 35
2026/09/26 06:01:15.369, 0, 0 %, 86867 MiB, 91.90 W, 2355 MHz, 12481 MHz, 35
2026/09/26 06:01:15.369, 1, 9 %, 86835 MiB, 91.30 W, 2317 MHz, 12481 MHz, 35
2026/09/26 06:01:15.619, 0, 0 %, 86867 MiB, 91.93 W, 2355 MHz, 12481 MHz, 35
2026/09/26 06:01:15.619, 1, 0 %, 86835 MiB, 91.18 W, 2317 MHz, 12481 MHz, 35
2026/09/26 06:01:15.869, 0, 0 %, 86867 MiB, 92.00 W, 2355 MHz, 12481 MHz, 35
2026/09/26 06:01:15.869, 1, 0 %, 86835 MiB, 91.07 W, 2317 MHz, 12481 MHz, 35
2026/09/26 06:01:16.119, 0, 0 %, 86955 MiB, 91.38 W, 2355 MHz, 12481 MHz, 35
2026/09/26 06:01:16.119, 1, 0 %, 86923 MiB, 89.78 W, 2317 MHz, 12481 MHz, 35
2026/09/26 06:01:16.369, 0, 95 %, 86983 MiB, 118.76 W, 2332 MHz, 12481 MHz, 39
2026/09/26 06:01:16.369, 1, 0 %, 86951 MiB, 118.81 W, 2310 MHz, 12481 MHz, 38
2026/09/26 06:01:16.620, 0, 94 %, 86983 MiB, 145.22 W, 2325 MHz, 12481 MHz, 39
2026/09/26 06:01:16.620, 1, 99 %, 86951 MiB, 155.86 W, 2287 MHz, 12481 MHz, 38
2026/09/26 06:01:16.870, 0, 94 %, 86983 MiB, 187.94 W, 2302 MHz, 12481 MHz, 39
2026/09/26 06:01:16.870, 1, 100 %, 86951 MiB, 189.67 W, 2280 MHz, 12481 MHz, 39
2026/09/26 06:01:17.120, 0, 26 %, 86983 MiB, 213.14 W, 2325 MHz, 12481 MHz, 40
2026/09/26 06:01:17.120, 1, 25 %, 86951 MiB, 225.40 W, 2295 MHz, 12481 MHz, 40
2026/09/26 06:01:17.370, 0, 94 %, 86983 MiB, 224.67 W, 2317 MHz, 12481 MHz, 40
2026/09/26 06:01:17.370, 1, 45 %, 86951 MiB, 230.06 W, 2287 MHz, 12481 MHz, 39
2026/09/26 06:01:17.620, 0, 94 %, 86983 MiB, 233.13 W, 2302 MHz, 12481 MHz, 40
2026/09/26 06:01:17.620, 1, 100 %, 86951 MiB, 242.23 W, 2280 MHz, 12481 MHz, 40
2026/09/26 06:01:17.870, 0, 94 %, 86983 MiB, 235.13 W, 2302 MHz, 12481 MHz, 40
2026/09/26 06:01:17.870, 1, 100 %, 86951 MiB, 242.62 W, 2280 MHz, 12481 MHz, 40
2026/09/26 06:01:18.120, 0, 94 %, 86983 MiB, 242.22 W, 2302 MHz, 12481 MHz, 40
2026/09/26 06:01:18.120, 1, 100 %, 86951 MiB, 255.53 W, 2280 MHz, 12481 MHz, 40
2026/09/26 06:01:18.370, 0, 94 %, 86983 MiB, 249.51 W, 2302 MHz, 12481 MHz, 40
2026/09/26 06:01:18.370, 1, 100 %, 86951 MiB, 261.08 W, 2280 MHz, 12481 MHz, 40
2026/09/26 06:01:18.621, 0, 94 %, 86983 MiB, 249.56 W, 2302 MHz, 12481 MHz, 40
2026/09/26 06:01:18.621, 1, 100 %, 86951 MiB, 261.12 W, 2280 MHz, 12481 MHz, 40
2026/09/26 06:01:18.871, 0, 94 %, 86983 MiB, 249.57 W, 2302 MHz, 12481 MHz, 40
2026/09/26 06:01:18.871, 1, 100 %, 86951 MiB, 262.13 W, 2280 MHz, 12481 MHz, 40
2026/09/26 06:01:19.121, 0, 94 %, 86983 MiB, 249.65 W, 2302 MHz, 12481 MHz, 41
2026/09/26 06:01:19.121, 1, 100 %, 86951 MiB, 262.37 W, 2280 MHz, 12481 MHz, 40
2026/09/26 06:01:19.371, 0, 94 %, 86983 MiB, 250.11 W, 2302 MHz, 12481 MHz, 41
2026/09/26 06:01:19.371, 1, 100 %, 86951 MiB, 261.84 W, 2280 MHz, 12481 MHz, 41
2026/09/26 06:01:19.621, 0, 94 %, 86983 MiB, 249.93 W, 2302 MHz, 12481 MHz, 41
2026/09/26 06:01:19.621, 1, 100 %, 86951 MiB, 262.96 W, 2280 MHz, 12481 MHz, 41
2026/09/26 06:01:19.871, 0, 94 %, 86983 MiB, 250.15 W, 2302 MHz, 12481 MHz, 41
2026/09/26 06:01:19.871, 1, 100 %, 86951 MiB, 262.43 W, 2280 MHz, 12481 MHz, 41
2026/09/26 06:01:20.121, 0, 94 %, 86983 MiB, 250.44 W, 2302 MHz, 12481 MHz, 41
2026/09/26 06:01:20.121, 1, 100 %, 86951 MiB, 262.74 W, 2280 MHz, 12481 MHz, 41
2026/09/26 06:01:20.371, 0, 94 %, 86983 MiB, 250.15 W, 2302 MHz, 12481 MHz, 41
2026/09/26 06:01:20.371, 1, 99 %, 86951 MiB, 261.93 W, 2280 MHz, 12481 MHz, 41
2026/09/26 06:01:20.621, 0, 94 %, 86983 MiB, 250.87 W, 2302 MHz, 12481 MHz, 41
2026/09/26 06:01:20.621, 1, 99 %, 86951 MiB, 261.10 W, 2280 MHz, 12481 MHz, 41
2026/09/26 06:01:20.872, 0, 79 %, 86983 MiB, 251.98 W, 2310 MHz, 12481 MHz, 42
2026/09/26 06:01:20.872, 1, 83 %, 86951 MiB, 260.25 W, 2287 MHz, 12481 MHz, 40
2026/09/26 06:01:21.122, 0, 42 %, 86983 MiB, 243.56 W, 2317 MHz, 12481 MHz, 41
2026/09/26 06:01:21.122, 1, 44 %, 86951 MiB, 251.43 W, 2287 MHz, 12481 MHz, 41
2026/09/26 06:01:21.372, 0, 94 %, 86983 MiB, 244.54 W, 2302 MHz, 12481 MHz, 41
2026/09/26 06:01:21.372, 1, 100 %, 86951 MiB, 252.51 W, 2280 MHz, 12481 MHz, 41
2026/09/26 06:01:21.622, 0, 94 %, 86983 MiB, 245.29 W, 2302 MHz, 12481 MHz, 41
2026/09/26 06:01:21.622, 1, 100 %, 86951 MiB, 253.41 W, 2280 MHz, 12481 MHz, 41
2026/09/26 06:01:21.872, 0, 94 %, 86983 MiB, 244.13 W, 2302 MHz, 12481 MHz, 42
2026/09/26 06:01:21.872, 1, 99 %, 86951 MiB, 254.75 W, 2280 MHz, 12481 MHz, 41
2026/09/26 06:01:22.122, 0, 94 %, 86983 MiB, 252.91 W, 2302 MHz, 12481 MHz, 42
2026/09/26 06:01:22.122, 1, 100 %, 86951 MiB, 264.03 W, 2287 MHz, 12481 MHz, 41
2026/09/26 06:01:22.372, 0, 94 %, 86983 MiB, 253.04 W, 2302 MHz, 12481 MHz, 42
2026/09/26 06:01:22.372, 1, 97 %, 86951 MiB, 263.51 W, 2280 MHz, 12481 MHz, 42
2026/09/26 06:01:22.622, 0, 94 %, 86983 MiB, 252.19 W, 2302 MHz, 12481 MHz, 42
2026/09/26 06:01:22.622, 1, 99 %, 86951 MiB, 263.80 W, 2280 MHz, 12481 MHz, 42
2026/09/26 06:01:22.872, 0, 94 %, 86983 MiB, 251.72 W, 2302 MHz, 12481 MHz, 42
2026/09/26 06:01:22.872, 1, 100 %, 86951 MiB, 264.37 W, 2287 MHz, 12481 MHz, 42
2026/09/26 06:01:23.123, 0, 94 %, 86983 MiB, 252.30 W, 2302 MHz, 12481 MHz, 42
2026/09/26 06:01:23.123, 1, 100 %, 86951 MiB, 264.66 W, 2287 MHz, 12481 MHz, 42
2026/09/26 06:01:23.373, 0, 94 %, 86983 MiB, 252.29 W, 2302 MHz, 12481 MHz, 42
2026/09/26 06:01:23.373, 1, 100 %, 86951 MiB, 265.14 W, 2280 MHz, 12481 MHz, 42
2026/09/26 06:01:23.623, 0, 94 %, 86983 MiB, 252.93 W, 2302 MHz, 12481 MHz, 42
2026/09/26 06:01:23.623, 1, 99 %, 86951 MiB, 264.97 W, 2280 MHz, 12481 MHz, 42
2026/09/26 06:01:23.873, 0, 94 %, 86983 MiB, 253.58 W, 2302 MHz, 12481 MHz, 42
2026/09/26 06:01:23.873, 1, 100 %, 86951 MiB, 264.52 W, 2287 MHz, 12481 MHz, 42
2026/09/26 06:01:24.123, 0, 94 %, 86983 MiB, 253.38 W, 2302 MHz, 12481 MHz, 42
2026/09/26 06:01:24.123, 1, 99 %, 86951 MiB, 264.17 W, 2287 MHz, 12481 MHz, 42
2026/09/26 06:01:24.373, 0, 94 %, 86983 MiB, 253.19 W, 2302 MHz, 12481 MHz, 42
2026/09/26 06:01:24.373, 1, 100 %, 86951 MiB, 264.62 W, 2287 MHz, 12481 MHz, 42
2026/09/26 06:01:24.623, 0, 79 %, 86983 MiB, 251.68 W, 2310 MHz, 12481 MHz, 41
2026/09/26 06:01:24.623, 1, 95 %, 86951 MiB, 263.52 W, 2280 MHz, 12481 MHz, 42
2026/09/26 06:01:24.873, 0, 41 %, 86983 MiB, 245.83 W, 2325 MHz, 12481 MHz, 42
2026/09/26 06:01:24.873, 1, 98 %, 86951 MiB, 255.43 W, 2287 MHz, 12481 MHz, 41
2026/09/26 06:01:25.123, 0, 94 %, 86983 MiB, 246.35 W, 2302 MHz, 12481 MHz, 42
2026/09/26 06:01:25.123, 1, 100 %, 86951 MiB, 255.35 W, 2280 MHz, 12481 MHz, 42
2026/09/26 06:01:25.374, 0, 94 %, 86983 MiB, 246.54 W, 2302 MHz, 12481 MHz, 43
2026/09/26 06:01:25.374, 1, 100 %, 86951 MiB, 255.46 W, 2287 MHz, 12481 MHz, 42
2026/09/26 06:01:25.624, 0, 94 %, 86983 MiB, 248.80 W, 2302 MHz, 12481 MHz, 42
2026/09/26 06:01:25.624, 1, 100 %, 86951 MiB, 257.18 W, 2287 MHz, 12481 MHz, 42
2026/09/26 06:01:25.874, 0, 94 %, 86983 MiB, 254.93 W, 2302 MHz, 12481 MHz, 43
2026/09/26 06:01:25.874, 1, 100 %, 86951 MiB, 265.07 W, 2287 MHz, 12481 MHz, 42
2026/09/26 06:01:26.124, 0, 94 %, 86983 MiB, 254.48 W, 2310 MHz, 12481 MHz, 43
2026/09/26 06:01:26.124, 1, 97 %, 86951 MiB, 265.20 W, 2287 MHz, 12481 MHz, 43
2026/09/26 06:01:26.374, 0, 94 %, 86983 MiB, 255.12 W, 2310 MHz, 12481 MHz, 43
2026/09/26 06:01:26.374, 1, 100 %, 86951 MiB, 265.28 W, 2280 MHz, 12481 MHz, 43
2026/09/26 06:01:26.624, 0, 94 %, 86983 MiB, 256.29 W, 2310 MHz, 12481 MHz, 43
2026/09/26 06:01:26.624, 1, 100 %, 86951 MiB, 264.85 W, 2280 MHz, 12481 MHz, 43
2026/09/26 06:01:26.874, 0, 94 %, 86983 MiB, 255.77 W, 2302 MHz, 12481 MHz, 43
2026/09/26 06:01:26.874, 1, 99 %, 86951 MiB, 264.96 W, 2287 MHz, 12481 MHz, 43
2026/09/26 06:01:27.124, 0, 94 %, 86983 MiB, 256.87 W, 2310 MHz, 12481 MHz, 43
2026/09/26 06:01:27.124, 1, 100 %, 86951 MiB, 265.78 W, 2287 MHz, 12481 MHz, 43
2026/09/26 06:01:27.374, 0, 94 %, 86983 MiB, 256.62 W, 2310 MHz, 12481 MHz, 43
2026/09/26 06:01:27.374, 1, 100 %, 86951 MiB, 265.96 W, 2287 MHz, 12481 MHz, 43
2026/09/26 06:01:27.625, 0, 94 %, 86983 MiB, 255.78 W, 2302 MHz, 12481 MHz, 43
2026/09/26 06:01:27.625, 1, 100 %, 86951 MiB, 267.20 W, 2287 MHz, 12481 MHz, 43
2026/09/26 06:01:27.875, 0, 94 %, 86983 MiB, 256.11 W, 2302 MHz, 12481 MHz, 43
2026/09/26 06:01:27.875, 1, 99 %, 86951 MiB, 266.43 W, 2287 MHz, 12481 MHz, 43
2026/09/26 06:01:28.125, 0, 94 %, 86983 MiB, 255.93 W, 2310 MHz, 12481 MHz, 43
2026/09/26 06:01:28.125, 1, 99 %, 86951 MiB, 266.07 W, 2287 MHz, 12481 MHz, 43
2026/09/26 06:01:28.375, 0, 79 %, 86983 MiB, 256.49 W, 2310 MHz, 12481 MHz, 42
2026/09/26 06:01:28.375, 1, 99 %, 86951 MiB, 262.42 W, 2287 MHz, 12481 MHz, 43
2026/09/26 06:01:28.625, 0, 46 %, 86983 MiB, 251.36 W, 2317 MHz, 12481 MHz, 42
2026/09/26 06:01:28.625, 1, 99 %, 86951 MiB, 255.78 W, 2287 MHz, 12481 MHz, 42
2026/09/26 06:01:28.875, 0, 94 %, 86983 MiB, 251.97 W, 2302 MHz, 12481 MHz, 43
2026/09/26 06:01:28.875, 1, 100 %, 86951 MiB, 255.86 W, 2287 MHz, 12481 MHz, 43
2026/09/26 06:01:29.125, 0, 94 %, 86983 MiB, 252.09 W, 2310 MHz, 12481 MHz, 43
2026/09/26 06:01:29.125, 1, 100 %, 86951 MiB, 256.35 W, 2287 MHz, 12481 MHz, 43
2026/09/26 06:01:29.375, 0, 94 %, 86983 MiB, 253.39 W, 2302 MHz, 12481 MHz, 43
2026/09/26 06:01:29.375, 1, 100 %, 86951 MiB, 259.36 W, 2287 MHz, 12481 MHz, 43
2026/09/26 06:01:29.625, 0, 94 %, 86983 MiB, 257.71 W, 2302 MHz, 12481 MHz, 43
2026/09/26 06:01:29.625, 1, 100 %, 86951 MiB, 266.68 W, 2287 MHz, 12481 MHz, 43
2026/09/26 06:01:29.875, 0, 94 %, 86983 MiB, 257.43 W, 2302 MHz, 12481 MHz, 43
2026/09/26 06:01:29.875, 1, 98 %, 86951 MiB, 266.49 W, 2287 MHz, 12481 MHz, 44
2026/09/26 06:01:30.126, 0, 94 %, 86983 MiB, 257.67 W, 2302 MHz, 12481 MHz, 44
2026/09/26 06:01:30.126, 1, 99 %, 86951 MiB, 265.96 W, 2287 MHz, 12481 MHz, 43
2026/09/26 06:01:30.376, 0, 94 %, 86983 MiB, 257.87 W, 2310 MHz, 12481 MHz, 43
2026/09/26 06:01:30.376, 1, 100 %, 86951 MiB, 265.65 W, 2287 MHz, 12481 MHz, 44
2026/09/26 06:01:30.626, 0, 94 %, 86983 MiB, 258.09 W, 2302 MHz, 12481 MHz, 44
2026/09/26 06:01:30.626, 1, 100 %, 86951 MiB, 265.43 W, 2287 MHz, 12481 MHz, 44
2026/09/26 06:01:30.876, 0, 94 %, 86983 MiB, 258.58 W, 2310 MHz, 12481 MHz, 44
2026/09/26 06:01:30.876, 1, 99 %, 86951 MiB, 266.21 W, 2287 MHz, 12481 MHz, 44
2026/09/26 06:01:31.126, 0, 94 %, 86983 MiB, 258.87 W, 2310 MHz, 12481 MHz, 44
2026/09/26 06:01:31.126, 1, 100 %, 86951 MiB, 266.27 W, 2287 MHz, 12481 MHz, 44
2026/09/26 06:01:31.376, 0, 94 %, 86983 MiB, 258.86 W, 2310 MHz, 12481 MHz, 44
2026/09/26 06:01:31.376, 1, 100 %, 86951 MiB, 266.35 W, 2287 MHz, 12481 MHz, 44
2026/09/26 06:01:31.626, 0, 94 %, 86983 MiB, 258.85 W, 2302 MHz, 12481 MHz, 44
2026/09/26 06:01:31.626, 1, 99 %, 86951 MiB, 266.16 W, 2287 MHz, 12481 MHz, 44
2026/09/26 06:01:31.876, 0, 94 %, 86983 MiB, 258.70 W, 2310 MHz, 12481 MHz, 44
2026/09/26 06:01:31.876, 1, 99 %, 86951 MiB, 266.24 W, 2287 MHz, 12481 MHz, 44
2026/09/26 06:01:32.126, 0, 94 %, 86983 MiB, 256.58 W, 2310 MHz, 12481 MHz, 44
2026/09/26 06:01:32.126, 1, 100 %, 86951 MiB, 264.06 W, 2287 MHz, 12481 MHz, 44
2026/09/26 06:01:32.377, 0, 45 %, 86983 MiB, 247.17 W, 2370 MHz, 12481 MHz, 43
2026/09/26 06:01:32.377, 1, 95 %, 86951 MiB, 258.74 W, 2325 MHz, 12481 MHz, 43
2026/09/26 06:01:32.627, 0, 94 %, 86983 MiB, 247.18 W, 2310 MHz, 12481 MHz, 44
2026/09/26 06:01:32.627, 1, 100 %, 86951 MiB, 257.79 W, 2310 MHz, 12481 MHz, 44
2026/09/26 06:01:32.877, 0, 94 %, 86983 MiB, 247.41 W, 2302 MHz, 12481 MHz, 44
2026/09/26 06:01:32.877, 1, 100 %, 86951 MiB, 258.10 W, 2287 MHz, 12481 MHz, 44
2026/09/26 06:01:33.127, 0, 94 %, 86983 MiB, 248.40 W, 2310 MHz, 12481 MHz, 44
2026/09/26 06:01:33.127, 1, 100 %, 86951 MiB, 261.63 W, 2287 MHz, 12481 MHz, 44
2026/09/26 06:01:33.377, 0, 94 %, 86983 MiB, 258.14 W, 2310 MHz, 12481 MHz, 44
2026/09/26 06:01:33.377, 1, 100 %, 86951 MiB, 266.33 W, 2287 MHz, 12481 MHz, 44
2026/09/26 06:01:33.627, 0, 94 %, 86983 MiB, 258.33 W, 2310 MHz, 12481 MHz, 44
2026/09/26 06:01:33.627, 1, 97 %, 86951 MiB, 267.41 W, 2287 MHz, 12481 MHz, 44
2026/09/26 06:01:33.877, 0, 94 %, 86983 MiB, 258.27 W, 2302 MHz, 12481 MHz, 44
2026/09/26 06:01:33.877, 1, 100 %, 86951 MiB, 267.42 W, 2287 MHz, 12481 MHz, 44
2026/09/26 06:01:34.127, 0, 94 %, 86983 MiB, 258.39 W, 2310 MHz, 12481 MHz, 44
2026/09/26 06:01:34.127, 1, 99 %, 86951 MiB, 266.54 W, 2287 MHz, 12481 MHz, 44
2026/09/26 06:01:34.377, 0, 94 %, 86983 MiB, 257.64 W, 2310 MHz, 12481 MHz, 44
2026/09/26 06:01:34.377, 1, 100 %, 86951 MiB, 266.84 W, 2287 MHz, 12481 MHz, 44
2026/09/26 06:01:34.628, 0, 94 %, 86983 MiB, 258.17 W, 2310 MHz, 12481 MHz, 44
2026/09/26 06:01:34.628, 1, 99 %, 86951 MiB, 267.22 W, 2287 MHz, 12481 MHz, 44
2026/09/26 06:01:34.878, 0, 94 %, 86983 MiB, 253.36 W, 2347 MHz, 12481 MHz, 44
2026/09/26 06:01:34.878, 1, 100 %, 86951 MiB, 267.63 W, 2287 MHz, 12481 MHz, 44
2026/09/26 06:01:35.128, 0, 94 %, 86983 MiB, 253.41 W, 2347 MHz, 12481 MHz, 44
2026/09/26 06:01:35.128, 1, 100 %, 86951 MiB, 267.86 W, 2287 MHz, 12481 MHz, 44
2026/09/26 06:01:35.378, 0, 94 %, 86983 MiB, 249.84 W, 2355 MHz, 12481 MHz, 44
2026/09/26 06:01:35.378, 1, 100 %, 86951 MiB, 268.10 W, 2287 MHz, 12481 MHz, 45
2026/09/26 06:01:35.628, 0, 94 %, 86983 MiB, 249.05 W, 2310 MHz, 12481 MHz, 44
2026/09/26 06:01:35.628, 1, 99 %, 86951 MiB, 264.76 W, 2347 MHz, 12481 MHz, 44
2026/09/26 06:01:35.878, 0, 94 %, 86983 MiB, 246.78 W, 2370 MHz, 12481 MHz, 44
2026/09/26 06:01:35.878, 1, 100 %, 86951 MiB, 264.80 W, 2302 MHz, 12481 MHz, 45
2026/09/26 06:01:36.128, 0, 76 %, 86983 MiB, 240.44 W, 2362 MHz, 12481 MHz, 45
2026/09/26 06:01:36.128, 1, 95 %, 86951 MiB, 253.82 W, 2295 MHz, 12481 MHz, 44
2026/09/26 06:01:36.378, 0, 94 %, 86983 MiB, 243.74 W, 2317 MHz, 12481 MHz, 44
2026/09/26 06:01:36.378, 1, 99 %, 86951 MiB, 253.33 W, 2340 MHz, 12481 MHz, 45
2026/09/26 06:01:36.628, 0, 94 %, 86983 MiB, 243.02 W, 2310 MHz, 12481 MHz, 44
2026/09/26 06:01:36.629, 1, 100 %, 86951 MiB, 257.51 W, 2287 MHz, 12481 MHz, 45
2026/09/26 06:01:36.879, 0, 94 %, 86983 MiB, 249.37 W, 2310 MHz, 12481 MHz, 44
2026/09/26 06:01:36.879, 1, 100 %, 86951 MiB, 258.26 W, 2287 MHz, 12481 MHz, 45
2026/09/26 06:01:37.129, 0, 94 %, 86983 MiB, 257.21 W, 2310 MHz, 12481 MHz, 44
2026/09/26 06:01:37.129, 1, 100 %, 86951 MiB, 269.45 W, 2287 MHz, 12481 MHz, 45
2026/09/26 06:01:37.379, 0, 94 %, 86983 MiB, 253.67 W, 2355 MHz, 12481 MHz, 44
2026/09/26 06:01:37.379, 1, 100 %, 86951 MiB, 271.29 W, 2287 MHz, 12481 MHz, 44
2026/09/26 06:01:37.629, 0, 94 %, 86983 MiB, 250.94 W, 2347 MHz, 12481 MHz, 44
2026/09/26 06:01:37.629, 1, 100 %, 86951 MiB, 264.58 W, 2377 MHz, 12481 MHz, 45
2026/09/26 06:01:37.879, 0, 94 %, 86983 MiB, 249.75 W, 2310 MHz, 12481 MHz, 45
2026/09/26 06:01:37.879, 1, 100 %, 86951 MiB, 264.19 W, 2347 MHz, 12481 MHz, 45
2026/09/26 06:01:38.129, 0, 94 %, 86983 MiB, 246.39 W, 2347 MHz, 12481 MHz, 44
2026/09/26 06:01:38.129, 1, 100 %, 86951 MiB, 258.13 W, 2317 MHz, 12481 MHz, 44
2026/09/26 06:01:38.379, 0, 94 %, 86983 MiB, 245.90 W, 2340 MHz, 12481 MHz, 44
2026/09/26 06:01:38.379, 1, 100 %, 86951 MiB, 253.62 W, 2415 MHz, 12481 MHz, 44
2026/09/26 06:01:38.629, 0, 94 %, 86983 MiB, 247.92 W, 2340 MHz, 12481 MHz, 45
2026/09/26 06:01:38.629, 1, 100 %, 86951 MiB, 254.05 W, 2415 MHz, 12481 MHz, 44
2026/09/26 06:01:38.879, 0, 94 %, 86983 MiB, 245.51 W, 2370 MHz, 12481 MHz, 45
2026/09/26 06:01:38.879, 1, 99 %, 86951 MiB, 253.75 W, 2347 MHz, 12481 MHz, 45
2026/09/26 06:01:39.130, 0, 94 %, 86983 MiB, 244.55 W, 2347 MHz, 12481 MHz, 44
2026/09/26 06:01:39.130, 1, 100 %, 86951 MiB, 252.26 W, 2347 MHz, 12481 MHz, 44
2026/09/26 06:01:39.380, 0, 94 %, 86983 MiB, 245.83 W, 2332 MHz, 12481 MHz, 44
2026/09/26 06:01:39.380, 1, 100 %, 86951 MiB, 255.67 W, 2377 MHz, 12481 MHz, 44
2026/09/26 06:01:39.630, 0, 94 %, 86983 MiB, 243.60 W, 2385 MHz, 12481 MHz, 44
2026/09/26 06:01:39.630, 1, 100 %, 86951 MiB, 254.59 W, 2362 MHz, 12481 MHz, 44
2026/09/26 06:01:39.880, 0, 76 %, 86983 MiB, 237.79 W, 2347 MHz, 12481 MHz, 44
2026/09/26 06:01:39.880, 1, 74 %, 86951 MiB, 249.73 W, 2392 MHz, 12481 MHz, 43
2026/09/26 06:01:40.130, 0, 52 %, 86983 MiB, 238.45 W, 2362 MHz, 12481 MHz, 44
2026/09/26 06:01:40.130, 1, 100 %, 86951 MiB, 242.99 W, 2385 MHz, 12481 MHz, 44
2026/09/26 06:01:40.380, 0, 94 %, 86983 MiB, 232.91 W, 2407 MHz, 12481 MHz, 44
2026/09/26 06:01:40.380, 1, 100 %, 86951 MiB, 238.43 W, 2415 MHz, 12481 MHz, 44
2026/09/26 06:01:40.630, 0, 94 %, 86983 MiB, 230.85 W, 2407 MHz, 12481 MHz, 44
2026/09/26 06:01:40.630, 1, 100 %, 86951 MiB, 238.35 W, 2415 MHz, 12481 MHz, 44
2026/09/26 06:01:40.880, 0, 94 %, 86983 MiB, 230.88 W, 2407 MHz, 12481 MHz, 44
2026/09/26 06:01:40.880, 1, 100 %, 86951 MiB, 238.01 W, 2415 MHz, 12481 MHz, 44
2026/09/26 06:01:41.130, 0, 94 %, 86983 MiB, 227.85 W, 2407 MHz, 12481 MHz, 44
2026/09/26 06:01:41.130, 1, 100 %, 86951 MiB, 242.96 W, 2415 MHz, 12481 MHz, 44
2026/09/26 06:01:41.381, 0, 94 %, 86983 MiB, 227.69 W, 2407 MHz, 12481 MHz, 44
2026/09/26 06:01:41.381, 1, 100 %, 86951 MiB, 244.08 W, 2415 MHz, 12481 MHz, 44
2026/09/26 06:01:41.631, 0, 94 %, 86983 MiB, 227.80 W, 2407 MHz, 12481 MHz, 44
2026/09/26 06:01:41.631, 1, 100 %, 86951 MiB, 244.60 W, 2415 MHz, 12481 MHz, 44
2026/09/26 06:01:41.881, 0, 94 %, 86983 MiB, 227.32 W, 2407 MHz, 12481 MHz, 44
2026/09/26 06:01:41.881, 1, 100 %, 86951 MiB, 245.00 W, 2415 MHz, 12481 MHz, 44
2026/09/26 06:01:42.131, 0, 93 %, 86983 MiB, 227.24 W, 2407 MHz, 12481 MHz, 44
2026/09/26 06:01:42.131, 1, 100 %, 86951 MiB, 246.30 W, 2415 MHz, 12481 MHz, 44
2026/09/26 06:01:42.381, 0, 94 %, 86983 MiB, 227.18 W, 2407 MHz, 12481 MHz, 44
2026/09/26 06:01:42.381, 1, 100 %, 86951 MiB, 245.31 W, 2415 MHz, 12481 MHz, 44
2026/09/26 06:01:42.631, 0, 94 %, 86983 MiB, 226.89 W, 2407 MHz, 12481 MHz, 44
2026/09/26 06:01:42.631, 1, 99 %, 86951 MiB, 245.44 W, 2415 MHz, 12481 MHz, 44
2026/09/26 06:01:42.881, 0, 94 %, 86983 MiB, 227.14 W, 2407 MHz, 12481 MHz, 44
2026/09/26 06:01:42.881, 1, 100 %, 86951 MiB, 245.26 W, 2415 MHz, 12481 MHz, 44
2026/09/26 06:01:43.131, 0, 94 %, 86983 MiB, 227.59 W, 2407 MHz, 12481 MHz, 44
2026/09/26 06:01:43.131, 1, 100 %, 86951 MiB, 244.96 W, 2415 MHz, 12481 MHz, 44
2026/09/26 06:01:43.381, 0, 94 %, 86983 MiB, 226.04 W, 2407 MHz, 12481 MHz, 44
2026/09/26 06:01:43.381, 1, 99 %, 86951 MiB, 245.50 W, 2415 MHz, 12481 MHz, 44
2026/09/26 06:01:43.632, 0, 95 %, 86983 MiB, 225.27 W, 2400 MHz, 12481 MHz, 45
2026/09/26 06:01:43.632, 1, 49 %, 86951 MiB, 239.26 W, 2415 MHz, 12481 MHz, 44
2026/09/26 06:01:43.882, 0, 94 %, 86983 MiB, 226.64 W, 2377 MHz, 12481 MHz, 44
2026/09/26 06:01:43.882, 1, 100 %, 86951 MiB, 240.16 W, 2362 MHz, 12481 MHz, 44
2026/09/26 06:01:44.132, 0, 94 %, 86983 MiB, 226.46 W, 2407 MHz, 12481 MHz, 44
2026/09/26 06:01:44.132, 1, 100 %, 86951 MiB, 240.01 W, 2415 MHz, 12481 MHz, 44
2026/09/26 06:01:44.382, 0, 94 %, 86983 MiB, 225.58 W, 2407 MHz, 12481 MHz, 44
2026/09/26 06:01:44.382, 1, 100 %, 86951 MiB, 240.17 W, 2415 MHz, 12481 MHz, 44
2026/09/26 06:01:44.632, 0, 94 %, 86983 MiB, 227.73 W, 2407 MHz, 12481 MHz, 44
2026/09/26 06:01:44.632, 1, 100 %, 86951 MiB, 247.05 W, 2415 MHz, 12481 MHz, 45
2026/09/26 06:01:44.882, 0, 94 %, 86983 MiB, 225.42 W, 2407 MHz, 12481 MHz, 44
2026/09/26 06:01:44.882, 1, 100 %, 86951 MiB, 246.73 W, 2415 MHz, 12481 MHz, 44
2026/09/26 06:01:45.132, 0, 93 %, 86983 MiB, 225.12 W, 2407 MHz, 12481 MHz, 44
2026/09/26 06:01:45.132, 1, 99 %, 86951 MiB, 246.41 W, 2415 MHz, 12481 MHz, 44
2026/09/26 06:01:45.382, 0, 94 %, 86983 MiB, 225.47 W, 2407 MHz, 12481 MHz, 44
2026/09/26 06:01:45.382, 1, 100 %, 86951 MiB, 246.09 W, 2415 MHz, 12481 MHz, 44
2026/09/26 06:01:45.632, 0, 94 %, 86983 MiB, 225.65 W, 2407 MHz, 12481 MHz, 44
2026/09/26 06:01:45.632, 1, 100 %, 86951 MiB, 245.54 W, 2415 MHz, 12481 MHz, 44
2026/09/26 06:01:45.883, 0, 94 %, 86983 MiB, 226.53 W, 2407 MHz, 12481 MHz, 44
2026/09/26 06:01:45.883, 1, 100 %, 86951 MiB, 245.32 W, 2415 MHz, 12481 MHz, 45
2026/09/26 06:01:46.133, 0, 94 %, 86983 MiB, 226.85 W, 2407 MHz, 12481 MHz, 44
2026/09/26 06:01:46.133, 1, 99 %, 86951 MiB, 245.72 W, 2415 MHz, 12481 MHz, 44
2026/09/26 06:01:46.383, 0, 94 %, 86983 MiB, 226.91 W, 2407 MHz, 12481 MHz, 44
2026/09/26 06:01:46.383, 1, 100 %, 86951 MiB, 246.31 W, 2415 MHz, 12481 MHz, 45
2026/09/26 06:01:46.633, 0, 94 %, 86983 MiB, 227.08 W, 2407 MHz, 12481 MHz, 44
2026/09/26 06:01:46.633, 1, 99 %, 86951 MiB, 246.47 W, 2415 MHz, 12481 MHz, 44
2026/09/26 06:01:46.883, 0, 94 %, 86983 MiB, 227.10 W, 2407 MHz, 12481 MHz, 44
2026/09/26 06:01:46.883, 1, 99 %, 86951 MiB, 246.19 W, 2415 MHz, 12481 MHz, 45
2026/09/26 06:01:47.133, 0, 94 %, 86983 MiB, 226.64 W, 2407 MHz, 12481 MHz, 44
2026/09/26 06:01:47.133, 1, 100 %, 86951 MiB, 238.20 W, 2415 MHz, 12481 MHz, 43
2026/09/26 06:01:47.383, 0, 93 %, 86983 MiB, 222.57 W, 2377 MHz, 12481 MHz, 45
2026/09/26 06:01:47.383, 1, 41 %, 86951 MiB, 234.88 W, 2377 MHz, 12481 MHz, 45
2026/09/26 06:01:47.633, 0, 60 %, 87023 MiB, 214.57 W, 2407 MHz, 12481 MHz, 43
2026/09/26 06:01:47.633, 1, 28 %, 86989 MiB, 220.74 W, 2400 MHz, 12481 MHz, 42
2026/09/26 06:01:47.884, 0, 64 %, 87023 MiB, 212.67 W, 2362 MHz, 12481 MHz, 44
2026/09/26 06:01:47.884, 1, 100 %, 86989 MiB, 221.58 W, 2332 MHz, 12481 MHz, 45
2026/09/26 06:01:48.134, 0, 96 %, 87023 MiB, 214.76 W, 2407 MHz, 12481 MHz, 44
2026/09/26 06:01:48.134, 1, 100 %, 86989 MiB, 229.54 W, 2385 MHz, 12481 MHz, 45
2026/09/26 06:01:48.384, 0, 96 %, 87023 MiB, 221.99 W, 2407 MHz, 12481 MHz, 44
2026/09/26 06:01:48.384, 1, 100 %, 86989 MiB, 234.33 W, 2407 MHz, 12481 MHz, 45
2026/09/26 06:01:48.634, 0, 96 %, 87023 MiB, 227.83 W, 2407 MHz, 12481 MHz, 44
2026/09/26 06:01:48.634, 1, 100 %, 86989 MiB, 246.13 W, 2407 MHz, 12481 MHz, 45
2026/09/26 06:01:48.884, 0, 96 %, 87023 MiB, 235.23 W, 2407 MHz, 12481 MHz, 44
2026/09/26 06:01:48.884, 1, 100 %, 86989 MiB, 248.69 W, 2407 MHz, 12481 MHz, 45
2026/09/26 06:01:49.134, 0, 96 %, 87023 MiB, 236.05 W, 2407 MHz, 12481 MHz, 44
2026/09/26 06:01:49.134, 1, 100 %, 86989 MiB, 249.34 W, 2407 MHz, 12481 MHz, 45
2026/09/26 06:01:49.384, 0, 96 %, 87023 MiB, 234.14 W, 2407 MHz, 12481 MHz, 44
2026/09/26 06:01:49.384, 1, 100 %, 86989 MiB, 249.16 W, 2407 MHz, 12481 MHz, 45
2026/09/26 06:01:49.634, 0, 96 %, 87023 MiB, 233.18 W, 2407 MHz, 12481 MHz, 44
2026/09/26 06:01:49.634, 1, 100 %, 86989 MiB, 248.14 W, 2407 MHz, 12481 MHz, 45
2026/09/26 06:01:49.884, 0, 96 %, 87023 MiB, 232.45 W, 2407 MHz, 12481 MHz, 44
2026/09/26 06:01:49.884, 1, 100 %, 86989 MiB, 247.99 W, 2407 MHz, 12481 MHz, 45
2026/09/26 06:01:50.135, 0, 96 %, 87023 MiB, 232.03 W, 2407 MHz, 12481 MHz, 44
2026/09/26 06:01:50.135, 1, 100 %, 86989 MiB, 248.65 W, 2407 MHz, 12481 MHz, 45
2026/09/26 06:01:50.385, 0, 95 %, 87023 MiB, 234.67 W, 2407 MHz, 12481 MHz, 44
2026/09/26 06:01:50.385, 1, 99 %, 86989 MiB, 248.68 W, 2407 MHz, 12481 MHz, 45
2026/09/26 06:01:50.635, 0, 96 %, 87023 MiB, 236.59 W, 2407 MHz, 12481 MHz, 44
2026/09/26 06:01:50.635, 1, 100 %, 86989 MiB, 249.41 W, 2407 MHz, 12481 MHz, 45
2026/09/26 06:01:50.885, 0, 96 %, 87023 MiB, 238.29 W, 2407 MHz, 12481 MHz, 44
2026/09/26 06:01:50.885, 1, 100 %, 86989 MiB, 249.49 W, 2407 MHz, 12481 MHz, 45
2026/09/26 06:01:51.135, 0, 96 %, 87023 MiB, 238.16 W, 2407 MHz, 12481 MHz, 44
2026/09/26 06:01:51.135, 1, 100 %, 86989 MiB, 249.71 W, 2407 MHz, 12481 MHz, 45
2026/09/26 06:01:51.385, 0, 96 %, 87023 MiB, 237.28 W, 2407 MHz, 12481 MHz, 44
2026/09/26 06:01:51.385, 1, 100 %, 86989 MiB, 249.10 W, 2407 MHz, 12481 MHz, 45
2026/09/26 06:01:51.635, 0, 96 %, 87023 MiB, 235.89 W, 2407 MHz, 12481 MHz, 44
2026/09/26 06:01:51.635, 1, 100 %, 86989 MiB, 248.19 W, 2407 MHz, 12481 MHz, 45
2026/09/26 06:01:51.885, 0, 96 %, 87023 MiB, 234.01 W, 2407 MHz, 12481 MHz, 44
2026/09/26 06:01:51.885, 1, 100 %, 86989 MiB, 248.01 W, 2407 MHz, 12481 MHz, 45
2026/09/26 06:01:52.135, 0, 96 %, 87023 MiB, 233.26 W, 2407 MHz, 12481 MHz, 44
2026/09/26 06:01:52.135, 1, 100 %, 86989 MiB, 246.96 W, 2407 MHz, 12481 MHz, 45
2026/09/26 06:01:52.386, 0, 96 %, 87023 MiB, 233.67 W, 2407 MHz, 12481 MHz, 45
2026/09/26 06:01:52.386, 1, 100 %, 86989 MiB, 246.52 W, 2407 MHz, 12481 MHz, 45
2026/09/26 06:01:52.636, 0, 96 %, 87023 MiB, 234.84 W, 2407 MHz, 12481 MHz, 45
2026/09/26 06:01:52.636, 1, 100 %, 86989 MiB, 247.65 W, 2407 MHz, 12481 MHz, 45
2026/09/26 06:01:52.886, 0, 65 %, 87023 MiB, 234.33 W, 2392 MHz, 12481 MHz, 45
2026/09/26 06:01:52.886, 1, 92 %, 86989 MiB, 246.65 W, 2407 MHz, 12481 MHz, 46
2026/09/26 06:01:53.136, 0, 88 %, 87023 MiB, 230.90 W, 2415 MHz, 12481 MHz, 45
2026/09/26 06:01:53.136, 1, 80 %, 86989 MiB, 238.41 W, 2392 MHz, 12481 MHz, 44
2026/09/26 06:01:53.386, 0, 96 %, 87023 MiB, 221.78 W, 2362 MHz, 12481 MHz, 44
2026/09/26 06:01:53.386, 1, 66 %, 86989 MiB, 233.74 W, 2370 MHz, 12481 MHz, 45
2026/09/26 06:01:53.636, 0, 96 %, 87023 MiB, 220.73 W, 2407 MHz, 12481 MHz, 44
2026/09/26 06:01:53.636, 1, 100 %, 86989 MiB, 232.51 W, 2415 MHz, 12481 MHz, 45
2026/09/26 06:01:53.886, 0, 96 %, 87023 MiB, 220.55 W, 2407 MHz, 12481 MHz, 45
2026/09/26 06:01:53.886, 1, 100 %, 86989 MiB, 234.78 W, 2407 MHz, 12481 MHz, 45
2026/09/26 06:01:54.136, 0, 96 %, 87023 MiB, 224.86 W, 2407 MHz, 12481 MHz, 45
2026/09/26 06:01:54.136, 1, 100 %, 86989 MiB, 241.93 W, 2407 MHz, 12481 MHz, 45
2026/09/26 06:01:54.386, 0, 96 %, 87023 MiB, 232.97 W, 2407 MHz, 12481 MHz, 45
2026/09/26 06:01:54.386, 1, 100 %, 86989 MiB, 248.70 W, 2407 MHz, 12481 MHz, 45
2026/09/26 06:01:54.637, 0, 96 %, 87023 MiB, 231.94 W, 2407 MHz, 12481 MHz, 45
2026/09/26 06:01:54.637, 1, 100 %, 86989 MiB, 250.05 W, 2407 MHz, 12481 MHz, 45
2026/09/26 06:01:54.887, 0, 96 %, 87023 MiB, 232.01 W, 2407 MHz, 12481 MHz, 45
2026/09/26 06:01:54.887, 1, 100 %, 86989 MiB, 249.72 W, 2407 MHz, 12481 MHz, 45
2026/09/26 06:01:55.137, 0, 96 %, 87023 MiB, 232.70 W, 2407 MHz, 12481 MHz, 45
2026/09/26 06:01:55.137, 1, 100 %, 86989 MiB, 249.32 W, 2407 MHz, 12481 MHz, 45
2026/09/26 06:01:55.387, 0, 96 %, 87023 MiB, 233.90 W, 2407 MHz, 12481 MHz, 45
2026/09/26 06:01:55.387, 1, 100 %, 86989 MiB, 249.40 W, 2407 MHz, 12481 MHz, 45
2026/09/26 06:01:55.637, 0, 96 %, 87023 MiB, 236.04 W, 2407 MHz, 12481 MHz, 45
2026/09/26 06:01:55.637, 1, 100 %, 86989 MiB, 249.72 W, 2407 MHz, 12481 MHz, 45
2026/09/26 06:01:55.887, 0, 96 %, 87023 MiB, 235.41 W, 2407 MHz, 12481 MHz, 45
2026/09/26 06:01:55.887, 1, 100 %, 86989 MiB, 250.03 W, 2407 MHz, 12481 MHz, 46
2026/09/26 06:01:56.137, 0, 96 %, 87023 MiB, 235.00 W, 2407 MHz, 12481 MHz, 45
2026/09/26 06:01:56.137, 1, 100 %, 86989 MiB, 249.97 W, 2407 MHz, 12481 MHz, 45
2026/09/26 06:01:56.387, 0, 95 %, 87023 MiB, 234.97 W, 2407 MHz, 12481 MHz, 45
2026/09/26 06:01:56.387, 1, 100 %, 86989 MiB, 250.15 W, 2407 MHz, 12481 MHz, 45
2026/09/26 06:01:56.637, 0, 96 %, 87023 MiB, 234.95 W, 2407 MHz, 12481 MHz, 45
2026/09/26 06:01:56.637, 1, 100 %, 86989 MiB, 249.90 W, 2407 MHz, 12481 MHz, 45
2026/09/26 06:01:56.888, 0, 96 %, 87023 MiB, 234.88 W, 2407 MHz, 12481 MHz, 45
2026/09/26 06:01:56.888, 1, 100 %, 86989 MiB, 249.29 W, 2407 MHz, 12481 MHz, 46
2026/09/26 06:01:57.138, 0, 96 %, 87023 MiB, 235.13 W, 2407 MHz, 12481 MHz, 45
2026/09/26 06:01:57.138, 1, 100 %, 86989 MiB, 249.18 W, 2407 MHz, 12481 MHz, 46
2026/09/26 06:01:57.388, 0, 95 %, 87023 MiB, 235.87 W, 2407 MHz, 12481 MHz, 45
2026/09/26 06:01:57.388, 1, 99 %, 86989 MiB, 249.15 W, 2407 MHz, 12481 MHz, 46
2026/09/26 06:01:57.638, 0, 96 %, 87023 MiB, 235.35 W, 2407 MHz, 12481 MHz, 45
2026/09/26 06:01:57.638, 1, 99 %, 86989 MiB, 248.46 W, 2407 MHz, 12481 MHz, 46
2026/09/26 06:01:57.888, 0, 96 %, 87023 MiB, 237.73 W, 2407 MHz, 12481 MHz, 45
2026/09/26 06:01:57.888, 1, 100 %, 86989 MiB, 248.70 W, 2407 MHz, 12481 MHz, 46
2026/09/26 06:01:58.138, 0, 96 %, 87023 MiB, 237.59 W, 2407 MHz, 12481 MHz, 45
2026/09/26 06:01:58.138, 1, 99 %, 86989 MiB, 248.68 W, 2407 MHz, 12481 MHz, 46
2026/09/26 06:01:58.388, 0, 94 %, 87023 MiB, 236.71 W, 2415 MHz, 12481 MHz, 46
2026/09/26 06:01:58.388, 1, 62 %, 86989 MiB, 245.74 W, 2400 MHz, 12481 MHz, 46
2026/09/26 06:01:58.638, 0, 61 %, 87023 MiB, 225.52 W, 2415 MHz, 12481 MHz, 44
2026/09/26 06:01:58.638, 1, 28 %, 86989 MiB, 232.20 W, 2415 MHz, 12481 MHz, 43
2026/09/26 06:01:58.888, 0, 76 %, 87023 MiB, 223.86 W, 2362 MHz, 12481 MHz, 45
2026/09/26 06:01:58.888, 1, 100 %, 86989 MiB, 231.30 W, 2392 MHz, 12481 MHz, 45
2026/09/26 06:01:59.138, 0, 96 %, 87023 MiB, 224.13 W, 2407 MHz, 12481 MHz, 45
2026/09/26 06:01:59.138, 1, 100 %, 86989 MiB, 231.38 W, 2407 MHz, 12481 MHz, 46
2026/09/26 06:01:59.388, 0, 96 %, 87023 MiB, 224.26 W, 2407 MHz, 12481 MHz, 45
2026/09/26 06:01:59.388, 1, 100 %, 86989 MiB, 232.92 W, 2407 MHz, 12481 MHz, 46
2026/09/26 06:01:59.639, 0, 96 %, 87023 MiB, 234.32 W, 2407 MHz, 12481 MHz, 45
2026/09/26 06:01:59.639, 1, 100 %, 86989 MiB, 246.85 W, 2415 MHz, 12481 MHz, 45
2026/09/26 06:01:59.889, 0, 96 %, 87023 MiB, 236.60 W, 2407 MHz, 12481 MHz, 45
2026/09/26 06:01:59.889, 1, 99 %, 86989 MiB, 247.05 W, 2407 MHz, 12481 MHz, 46
2026/09/26 06:02:00.139, 0, 96 %, 87023 MiB, 235.24 W, 2407 MHz, 12481 MHz, 45
2026/09/26 06:02:00.139, 1, 100 %, 86989 MiB, 246.70 W, 2415 MHz, 12481 MHz, 46
2026/09/26 06:02:00.389, 0, 95 %, 87023 MiB, 236.04 W, 2407 MHz, 12481 MHz, 45
2026/09/26 06:02:00.389, 1, 100 %, 86989 MiB, 246.70 W, 2407 MHz, 12481 MHz, 46
2026/09/26 06:02:00.639, 0, 95 %, 87023 MiB, 236.76 W, 2407 MHz, 12481 MHz, 45
2026/09/26 06:02:00.639, 1, 100 %, 86989 MiB, 246.90 W, 2415 MHz, 12481 MHz, 46
2026/09/26 06:02:00.889, 0, 96 %, 87023 MiB, 236.05 W, 2407 MHz, 12481 MHz, 45
2026/09/26 06:02:00.889, 1, 99 %, 86989 MiB, 247.05 W, 2407 MHz, 12481 MHz, 46
2026/09/26 06:02:01.139, 0, 96 %, 87023 MiB, 236.53 W, 2407 MHz, 12481 MHz, 45
2026/09/26 06:02:01.139, 1, 100 %, 86989 MiB, 246.23 W, 2407 MHz, 12481 MHz, 46
2026/09/26 06:02:01.389, 0, 96 %, 87023 MiB, 237.35 W, 2407 MHz, 12481 MHz, 45
2026/09/26 06:02:01.389, 1, 100 %, 86989 MiB, 246.36 W, 2415 MHz, 12481 MHz, 46
2026/09/26 06:02:01.639, 0, 96 %, 87023 MiB, 236.78 W, 2407 MHz, 12481 MHz, 45
2026/09/26 06:02:01.639, 1, 100 %, 86989 MiB, 247.10 W, 2407 MHz, 12481 MHz, 46
2026/09/26 06:02:01.889, 0, 96 %, 87023 MiB, 237.54 W, 2407 MHz, 12481 MHz, 45
2026/09/26 06:02:01.889, 1, 100 %, 86989 MiB, 247.38 W, 2407 MHz, 12481 MHz, 46
2026/09/26 06:02:02.140, 0, 96 %, 87023 MiB, 237.88 W, 2407 MHz, 12481 MHz, 45
2026/09/26 06:02:02.140, 1, 99 %, 86989 MiB, 247.90 W, 2407 MHz, 12481 MHz, 46
2026/09/26 06:02:02.390, 0, 96 %, 87023 MiB, 236.98 W, 2407 MHz, 12481 MHz, 45
2026/09/26 06:02:02.390, 1, 99 %, 86989 MiB, 248.43 W, 2407 MHz, 12481 MHz, 46
2026/09/26 06:02:02.640, 0, 96 %, 87023 MiB, 236.91 W, 2407 MHz, 12481 MHz, 45
2026/09/26 06:02:02.640, 1, 99 %, 86989 MiB, 248.26 W, 2407 MHz, 12481 MHz, 46
2026/09/26 06:02:02.890, 0, 96 %, 87023 MiB, 236.75 W, 2407 MHz, 12481 MHz, 45
2026/09/26 06:02:02.890, 1, 99 %, 86989 MiB, 248.62 W, 2407 MHz, 12481 MHz, 46
2026/09/26 06:02:03.140, 0, 96 %, 87023 MiB, 237.56 W, 2407 MHz, 12481 MHz, 45
2026/09/26 06:02:03.140, 1, 99 %, 86989 MiB, 248.90 W, 2407 MHz, 12481 MHz, 46
2026/09/26 06:02:03.390, 0, 96 %, 87023 MiB, 239.07 W, 2407 MHz, 12481 MHz, 45
2026/09/26 06:02:03.390, 1, 100 %, 86989 MiB, 248.61 W, 2407 MHz, 12481 MHz, 46
2026/09/26 06:02:03.640, 0, 96 %, 87023 MiB, 238.82 W, 2407 MHz, 12481 MHz, 45
2026/09/26 06:02:03.640, 1, 97 %, 86989 MiB, 245.72 W, 2407 MHz, 12481 MHz, 45
2026/09/26 06:02:03.890, 0, 59 %, 87023 MiB, 239.49 W, 2407 MHz, 12481 MHz, 46
2026/09/26 06:02:03.890, 1, 92 %, 86989 MiB, 246.05 W, 2392 MHz, 12481 MHz, 47
2026/09/26 06:02:04.140, 0, 88 %, 87023 MiB, 222.32 W, 2422 MHz, 12481 MHz, 44
2026/09/26 06:02:04.140, 1, 36 %, 86989 MiB, 230.06 W, 2422 MHz, 12481 MHz, 45
2026/09/26 06:02:04.390, 0, 96 %, 87023 MiB, 221.19 W, 2370 MHz, 12481 MHz, 45
2026/09/26 06:02:04.391, 1, 100 %, 86989 MiB, 230.20 W, 2385 MHz, 12481 MHz, 46
2026/09/26 06:02:04.641, 0, 96 %, 87023 MiB, 220.92 W, 2407 MHz, 12481 MHz, 45
2026/09/26 06:02:04.641, 1, 100 %, 86989 MiB, 230.86 W, 2407 MHz, 12481 MHz, 46
2026/09/26 06:02:04.891, 0, 96 %, 87023 MiB, 221.25 W, 2407 MHz, 12481 MHz, 45
2026/09/26 06:02:04.891, 1, 100 %, 86989 MiB, 231.79 W, 2407 MHz, 12481 MHz, 46
2026/09/26 06:02:05.141, 0, 96 %, 87023 MiB, 233.34 W, 2407 MHz, 12481 MHz, 45
2026/09/26 06:02:05.141, 1, 100 %, 86989 MiB, 248.63 W, 2407 MHz, 12481 MHz, 46
2026/09/26 06:02:05.391, 0, 95 %, 87023 MiB, 236.14 W, 2407 MHz, 12481 MHz, 45
2026/09/26 06:02:05.391, 1, 100 %, 86989 MiB, 249.53 W, 2407 MHz, 12481 MHz, 46
2026/09/26 06:02:05.641, 0, 96 %, 87023 MiB, 236.95 W, 2407 MHz, 12481 MHz, 45
2026/09/26 06:02:05.641, 1, 100 %, 86989 MiB, 249.35 W, 2407 MHz, 12481 MHz, 46
2026/09/26 06:02:05.891, 0, 96 %, 87023 MiB, 235.58 W, 2407 MHz, 12481 MHz, 45
2026/09/26 06:02:05.891, 1, 100 %, 86989 MiB, 249.46 W, 2407 MHz, 12481 MHz, 46
2026/09/26 06:02:06.141, 0, 96 %, 87023 MiB, 235.93 W, 2407 MHz, 12481 MHz, 45
2026/09/26 06:02:06.141, 1, 100 %, 86989 MiB, 248.24 W, 2415 MHz, 12481 MHz, 46
2026/09/26 06:02:06.391, 0, 96 %, 87023 MiB, 236.38 W, 2407 MHz, 12481 MHz, 45
2026/09/26 06:02:06.391, 1, 100 %, 86989 MiB, 247.45 W, 2415 MHz, 12481 MHz, 46
2026/09/26 06:02:06.641, 0, 96 %, 87023 MiB, 236.44 W, 2407 MHz, 12481 MHz, 45
2026/09/26 06:02:06.641, 1, 100 %, 86989 MiB, 247.71 W, 2407 MHz, 12481 MHz, 46
2026/09/26 06:02:06.891, 0, 96 %, 87023 MiB, 236.33 W, 2407 MHz, 12481 MHz, 45
2026/09/26 06:02:06.891, 1, 100 %, 86989 MiB, 247.30 W, 2407 MHz, 12481 MHz, 46
2026/09/26 06:02:07.142, 0, 96 %, 87023 MiB, 237.21 W, 2407 MHz, 12481 MHz, 45
2026/09/26 06:02:07.142, 1, 100 %, 86989 MiB, 247.95 W, 2407 MHz, 12481 MHz, 46
2026/09/26 06:02:07.392, 0, 95 %, 87023 MiB, 236.74 W, 2407 MHz, 12481 MHz, 45
2026/09/26 06:02:07.392, 1, 100 %, 86989 MiB, 247.72 W, 2407 MHz, 12481 MHz, 46
2026/09/26 06:02:07.642, 0, 96 %, 87023 MiB, 236.82 W, 2407 MHz, 12481 MHz, 45
2026/09/26 06:02:07.642, 1, 100 %, 86989 MiB, 247.28 W, 2407 MHz, 12481 MHz, 46
2026/09/26 06:02:07.892, 0, 96 %, 87023 MiB, 237.48 W, 2407 MHz, 12481 MHz, 45
2026/09/26 06:02:07.892, 1, 99 %, 86989 MiB, 247.16 W, 2407 MHz, 12481 MHz, 46
2026/09/26 06:02:08.142, 0, 96 %, 87023 MiB, 237.41 W, 2407 MHz, 12481 MHz, 45
2026/09/26 06:02:08.142, 1, 100 %, 86989 MiB, 246.64 W, 2407 MHz, 12481 MHz, 46
2026/09/26 06:02:08.392, 0, 96 %, 87023 MiB, 236.69 W, 2407 MHz, 12481 MHz, 45
2026/09/26 06:02:08.392, 1, 100 %, 86989 MiB, 247.29 W, 2407 MHz, 12481 MHz, 46
2026/09/26 06:02:08.642, 0, 96 %, 87023 MiB, 235.54 W, 2407 MHz, 12481 MHz, 45
2026/09/26 06:02:08.642, 1, 99 %, 86989 MiB, 247.55 W, 2407 MHz, 12481 MHz, 46
2026/09/26 06:02:08.892, 0, 96 %, 87023 MiB, 236.67 W, 2407 MHz, 12481 MHz, 45
2026/09/26 06:02:08.892, 1, 99 %, 86989 MiB, 248.21 W, 2407 MHz, 12481 MHz, 46
2026/09/26 06:02:09.142, 0, 96 %, 87023 MiB, 235.05 W, 2407 MHz, 12481 MHz, 45
2026/09/26 06:02:09.142, 1, 99 %, 86989 MiB, 240.48 W, 2407 MHz, 12481 MHz, 44
2026/09/26 06:02:09.393, 0, 95 %, 87023 MiB, 224.35 W, 2377 MHz, 12481 MHz, 45
2026/09/26 06:02:09.393, 1, 14 %, 86989 MiB, 227.60 W, 2415 MHz, 12481 MHz, 46
2026/09/26 06:02:09.643, 0, 87 %, 87023 MiB, 229.73 W, 2415 MHz, 12481 MHz, 46
2026/09/26 06:02:09.643, 1, 92 %, 86989 MiB, 238.04 W, 2392 MHz, 12481 MHz, 47
2026/09/26 06:02:09.893, 0, 94 %, 87023 MiB, 223.43 W, 2415 MHz, 12481 MHz, 47
2026/09/26 06:02:09.893, 1, 89 %, 86989 MiB, 241.96 W, 2422 MHz, 12481 MHz, 46
2026/09/26 06:02:10.143, 0, 14 %, 87083 MiB, 203.09 W, 2377 MHz, 12481 MHz, 43
2026/09/26 06:02:10.143, 1, 14 %, 87049 MiB, 212.42 W, 2422 MHz, 12481 MHz, 43
2026/09/26 06:02:10.393, 0, 96 %, 87083 MiB, 208.49 W, 2362 MHz, 12481 MHz, 45
2026/09/26 06:02:10.393, 1, 62 %, 87049 MiB, 221.39 W, 2317 MHz, 12481 MHz, 46
2026/09/26 06:02:10.643, 0, 97 %, 87083 MiB, 206.62 W, 2400 MHz, 12481 MHz, 45
2026/09/26 06:02:10.643, 1, 100 %, 87049 MiB, 213.65 W, 2407 MHz, 12481 MHz, 46
2026/09/26 06:02:10.893, 0, 97 %, 87083 MiB, 213.18 W, 2400 MHz, 12481 MHz, 46
2026/09/26 06:02:10.893, 1, 100 %, 87049 MiB, 211.21 W, 2407 MHz, 12481 MHz, 46
2026/09/26 06:02:11.143, 0, 97 %, 87083 MiB, 235.76 W, 2400 MHz, 12481 MHz, 46
2026/09/26 06:02:11.143, 1, 100 %, 87049 MiB, 254.92 W, 2407 MHz, 12481 MHz, 46
2026/09/26 06:02:11.393, 0, 97 %, 87083 MiB, 246.10 W, 2400 MHz, 12481 MHz, 46
2026/09/26 06:02:11.393, 1, 100 %, 87049 MiB, 258.15 W, 2407 MHz, 12481 MHz, 46
2026/09/26 06:02:11.644, 0, 96 %, 87083 MiB, 246.72 W, 2400 MHz, 12481 MHz, 46
2026/09/26 06:02:11.644, 1, 100 %, 87049 MiB, 259.41 W, 2407 MHz, 12481 MHz, 46
2026/09/26 06:02:11.894, 0, 96 %, 87083 MiB, 246.15 W, 2400 MHz, 12481 MHz, 46
2026/09/26 06:02:11.894, 1, 100 %, 87049 MiB, 259.07 W, 2407 MHz, 12481 MHz, 46
2026/09/26 06:02:12.144, 0, 96 %, 87083 MiB, 245.95 W, 2400 MHz, 12481 MHz, 46
2026/09/26 06:02:12.144, 1, 100 %, 87049 MiB, 258.82 W, 2407 MHz, 12481 MHz, 46
2026/09/26 06:02:12.394, 0, 97 %, 87083 MiB, 245.14 W, 2400 MHz, 12481 MHz, 46
2026/09/26 06:02:12.394, 1, 100 %, 87049 MiB, 259.16 W, 2407 MHz, 12481 MHz, 46
2026/09/26 06:02:12.644, 0, 97 %, 87083 MiB, 244.49 W, 2400 MHz, 12481 MHz, 46
2026/09/26 06:02:12.644, 1, 100 %, 87049 MiB, 258.05 W, 2407 MHz, 12481 MHz, 46
2026/09/26 06:02:12.894, 0, 97 %, 87083 MiB, 244.76 W, 2400 MHz, 12481 MHz, 46
2026/09/26 06:02:12.894, 1, 100 %, 87049 MiB, 259.26 W, 2407 MHz, 12481 MHz, 46
2026/09/26 06:02:13.144, 0, 97 %, 87083 MiB, 244.84 W, 2400 MHz, 12481 MHz, 46
2026/09/26 06:02:13.144, 1, 100 %, 87049 MiB, 259.93 W, 2407 MHz, 12481 MHz, 47
2026/09/26 06:02:13.394, 0, 96 %, 87083 MiB, 245.24 W, 2400 MHz, 12481 MHz, 46
2026/09/26 06:02:13.394, 1, 100 %, 87049 MiB, 260.00 W, 2407 MHz, 12481 MHz, 46
2026/09/26 06:02:13.644, 0, 97 %, 87083 MiB, 245.73 W, 2400 MHz, 12481 MHz, 46
2026/09/26 06:02:13.644, 1, 100 %, 87049 MiB, 261.08 W, 2407 MHz, 12481 MHz, 46
2026/09/26 06:02:13.895, 0, 97 %, 87083 MiB, 247.68 W, 2400 MHz, 12481 MHz, 46
2026/09/26 06:02:13.895, 1, 100 %, 87049 MiB, 260.91 W, 2407 MHz, 12481 MHz, 47
2026/09/26 06:02:14.145, 0, 96 %, 87083 MiB, 248.21 W, 2400 MHz, 12481 MHz, 46
2026/09/26 06:02:14.145, 1, 100 %, 87049 MiB, 259.85 W, 2407 MHz, 12481 MHz, 46
2026/09/26 06:02:14.395, 0, 96 %, 87083 MiB, 247.84 W, 2400 MHz, 12481 MHz, 46
2026/09/26 06:02:14.395, 1, 100 %, 87049 MiB, 260.03 W, 2407 MHz, 12481 MHz, 47
2026/09/26 06:02:14.645, 0, 96 %, 87083 MiB, 247.68 W, 2400 MHz, 12481 MHz, 46
2026/09/26 06:02:14.645, 1, 100 %, 87049 MiB, 260.48 W, 2407 MHz, 12481 MHz, 46
2026/09/26 06:02:14.895, 0, 96 %, 87083 MiB, 246.97 W, 2400 MHz, 12481 MHz, 46
2026/09/26 06:02:14.895, 1, 100 %, 87049 MiB, 260.98 W, 2407 MHz, 12481 MHz, 47
2026/09/26 06:02:15.145, 0, 96 %, 87083 MiB, 246.30 W, 2400 MHz, 12481 MHz, 46
2026/09/26 06:02:15.145, 1, 100 %, 87049 MiB, 262.54 W, 2407 MHz, 12481 MHz, 47
2026/09/26 06:02:15.395, 0, 97 %, 87083 MiB, 247.23 W, 2400 MHz, 12481 MHz, 46
2026/09/26 06:02:15.395, 1, 100 %, 87049 MiB, 262.18 W, 2407 MHz, 12481 MHz, 47
2026/09/26 06:02:15.645, 0, 97 %, 87083 MiB, 247.38 W, 2400 MHz, 12481 MHz, 46
2026/09/26 06:02:15.645, 1, 99 %, 87049 MiB, 261.94 W, 2407 MHz, 12481 MHz, 47
2026/09/26 06:02:15.895, 0, 97 %, 87083 MiB, 248.03 W, 2400 MHz, 12481 MHz, 46
2026/09/26 06:02:15.895, 1, 99 %, 87049 MiB, 261.07 W, 2407 MHz, 12481 MHz, 47
2026/09/26 06:02:16.146, 0, 97 %, 87083 MiB, 248.13 W, 2400 MHz, 12481 MHz, 46
2026/09/26 06:02:16.146, 1, 99 %, 87049 MiB, 260.17 W, 2407 MHz, 12481 MHz, 47
2026/09/26 06:02:16.396, 0, 96 %, 87083 MiB, 247.31 W, 2400 MHz, 12481 MHz, 46
2026/09/26 06:02:16.396, 1, 99 %, 87049 MiB, 260.49 W, 2407 MHz, 12481 MHz, 47
2026/09/26 06:02:16.646, 0, 96 %, 87083 MiB, 247.93 W, 2400 MHz, 12481 MHz, 46
2026/09/26 06:02:16.646, 1, 100 %, 87049 MiB, 259.21 W, 2407 MHz, 12481 MHz, 47
2026/09/26 06:02:16.896, 0, 96 %, 87083 MiB, 247.88 W, 2400 MHz, 12481 MHz, 46
2026/09/26 06:02:16.896, 1, 100 %, 87049 MiB, 259.58 W, 2407 MHz, 12481 MHz, 47
2026/09/26 06:02:17.146, 0, 96 %, 87083 MiB, 247.97 W, 2400 MHz, 12481 MHz, 46
2026/09/26 06:02:17.146, 1, 100 %, 87049 MiB, 259.16 W, 2407 MHz, 12481 MHz, 47
2026/09/26 06:02:17.396, 0, 97 %, 87083 MiB, 248.71 W, 2400 MHz, 12481 MHz, 46
2026/09/26 06:02:17.396, 1, 99 %, 87049 MiB, 259.39 W, 2407 MHz, 12481 MHz, 47
2026/09/26 06:02:17.646, 0, 89 %, 87083 MiB, 240.44 W, 2385 MHz, 12481 MHz, 45
2026/09/26 06:02:17.646, 1, 91 %, 87049 MiB, 249.34 W, 2407 MHz, 12481 MHz, 47
2026/09/26 06:02:17.896, 0, 88 %, 87083 MiB, 243.96 W, 2415 MHz, 12481 MHz, 46
2026/09/26 06:02:17.896, 1, 92 %, 87049 MiB, 254.43 W, 2415 MHz, 12481 MHz, 48
2026/09/26 06:02:18.146, 0, 83 %, 87083 MiB, 239.89 W, 2415 MHz, 12481 MHz, 47
2026/09/26 06:02:18.146, 1, 87 %, 87049 MiB, 246.42 W, 2422 MHz, 12481 MHz, 45
2026/09/26 06:02:18.396, 0, 55 %, 87083 MiB, 210.00 W, 2392 MHz, 12481 MHz, 44
2026/09/26 06:02:18.397, 1, 22 %, 87049 MiB, 218.01 W, 2422 MHz, 12481 MHz, 44
2026/09/26 06:02:18.647, 0, 96 %, 87083 MiB, 215.98 W, 2377 MHz, 12481 MHz, 45
2026/09/26 06:02:18.647, 1, 100 %, 87049 MiB, 222.95 W, 2392 MHz, 12481 MHz, 46
2026/09/26 06:02:18.897, 0, 96 %, 87083 MiB, 211.04 W, 2407 MHz, 12481 MHz, 46
2026/09/26 06:02:18.897, 1, 100 %, 87049 MiB, 217.21 W, 2407 MHz, 12481 MHz, 46
2026/09/26 06:02:19.147, 0, 96 %, 87083 MiB, 210.89 W, 2400 MHz, 12481 MHz, 45
2026/09/26 06:02:19.147, 1, 100 %, 87049 MiB, 223.60 W, 2407 MHz, 12481 MHz, 47
2026/09/26 06:02:19.397, 0, 96 %, 87083 MiB, 242.10 W, 2400 MHz, 12481 MHz, 46
2026/09/26 06:02:19.397, 1, 100 %, 87049 MiB, 254.61 W, 2407 MHz, 12481 MHz, 47
2026/09/26 06:02:19.647, 0, 96 %, 87083 MiB, 244.78 W, 2400 MHz, 12481 MHz, 46
2026/09/26 06:02:19.647, 1, 100 %, 87049 MiB, 260.37 W, 2407 MHz, 12481 MHz, 47
2026/09/26 06:02:19.897, 0, 97 %, 87083 MiB, 243.71 W, 2400 MHz, 12481 MHz, 46
2026/09/26 06:02:19.897, 1, 100 %, 87049 MiB, 261.35 W, 2407 MHz, 12481 MHz, 47
2026/09/26 06:02:20.147, 0, 97 %, 87083 MiB, 244.26 W, 2400 MHz, 12481 MHz, 46
2026/09/26 06:02:20.147, 1, 100 %, 87049 MiB, 260.55 W, 2407 MHz, 12481 MHz, 47
2026/09/26 06:02:20.397, 0, 97 %, 87083 MiB, 244.48 W, 2400 MHz, 12481 MHz, 46
2026/09/26 06:02:20.397, 1, 99 %, 87049 MiB, 259.82 W, 2407 MHz, 12481 MHz, 47
2026/09/26 06:02:20.648, 0, 97 %, 87083 MiB, 244.38 W, 2400 MHz, 12481 MHz, 46
2026/09/26 06:02:20.648, 1, 99 %, 87049 MiB, 260.18 W, 2407 MHz, 12481 MHz, 47
2026/09/26 06:02:20.898, 0, 97 %, 87083 MiB, 245.58 W, 2400 MHz, 12481 MHz, 46
2026/09/26 06:02:20.898, 1, 99 %, 87049 MiB, 260.37 W, 2407 MHz, 12481 MHz, 47
2026/09/26 06:02:21.148, 0, 97 %, 87083 MiB, 245.13 W, 2400 MHz, 12481 MHz, 46
2026/09/26 06:02:21.148, 1, 99 %, 87049 MiB, 260.42 W, 2407 MHz, 12481 MHz, 47
2026/09/26 06:02:21.398, 0, 97 %, 87083 MiB, 245.60 W, 2400 MHz, 12481 MHz, 46
2026/09/26 06:02:21.398, 1, 99 %, 87049 MiB, 261.07 W, 2407 MHz, 12481 MHz, 47
2026/09/26 06:02:21.648, 0, 97 %, 87083 MiB, 245.09 W, 2400 MHz, 12481 MHz, 46
2026/09/26 06:02:21.648, 1, 99 %, 87049 MiB, 261.86 W, 2407 MHz, 12481 MHz, 47
2026/09/26 06:02:21.898, 0, 97 %, 87083 MiB, 245.79 W, 2400 MHz, 12481 MHz, 46
2026/09/26 06:02:21.898, 1, 99 %, 87049 MiB, 261.67 W, 2407 MHz, 12481 MHz, 47
2026/09/26 06:02:22.148, 0, 96 %, 87083 MiB, 245.80 W, 2400 MHz, 12481 MHz, 46
2026/09/26 06:02:22.148, 1, 99 %, 87049 MiB, 262.69 W, 2407 MHz, 12481 MHz, 47
2026/09/26 06:02:22.398, 0, 96 %, 87083 MiB, 245.80 W, 2400 MHz, 12481 MHz, 46
2026/09/26 06:02:22.398, 1, 99 %, 87049 MiB, 262.65 W, 2407 MHz, 12481 MHz, 47
2026/09/26 06:02:22.648, 0, 96 %, 87083 MiB, 245.57 W, 2400 MHz, 12481 MHz, 46
2026/09/26 06:02:22.648, 1, 99 %, 87049 MiB, 261.70 W, 2407 MHz, 12481 MHz, 47
2026/09/26 06:02:22.899, 0, 96 %, 87083 MiB, 246.19 W, 2400 MHz, 12481 MHz, 46
2026/09/26 06:02:22.899, 1, 99 %, 87049 MiB, 262.00 W, 2407 MHz, 12481 MHz, 47
2026/09/26 06:02:23.149, 0, 96 %, 87083 MiB, 245.43 W, 2400 MHz, 12481 MHz, 46
2026/09/26 06:02:23.149, 1, 99 %, 87049 MiB, 261.31 W, 2407 MHz, 12481 MHz, 47
2026/09/26 06:02:23.399, 0, 97 %, 87083 MiB, 245.57 W, 2400 MHz, 12481 MHz, 46
2026/09/26 06:02:23.399, 1, 99 %, 87049 MiB, 260.83 W, 2407 MHz, 12481 MHz, 47
2026/09/26 06:02:23.649, 0, 96 %, 87083 MiB, 245.83 W, 2400 MHz, 12481 MHz, 46
2026/09/26 06:02:23.649, 1, 99 %, 87049 MiB, 257.49 W, 2407 MHz, 12481 MHz, 47
2026/09/26 06:02:23.899, 0, 53 %, 87083 MiB, 232.64 W, 2377 MHz, 12481 MHz, 46
2026/09/26 06:02:23.899, 1, 64 %, 87049 MiB, 243.29 W, 2407 MHz, 12481 MHz, 46
2026/09/26 06:02:24.149, 0, 97 %, 87083 MiB, 232.96 W, 2400 MHz, 12481 MHz, 46
2026/09/26 06:02:24.149, 1, 99 %, 87049 MiB, 243.17 W, 2407 MHz, 12481 MHz, 47
2026/09/26 06:02:24.399, 0, 97 %, 87083 MiB, 233.52 W, 2400 MHz, 12481 MHz, 46
2026/09/26 06:02:24.399, 1, 99 %, 87049 MiB, 243.34 W, 2407 MHz, 12481 MHz, 47
2026/09/26 06:02:24.649, 0, 96 %, 87083 MiB, 233.43 W, 2400 MHz, 12481 MHz, 46
2026/09/26 06:02:24.649, 1, 99 %, 87049 MiB, 244.74 W, 2407 MHz, 12481 MHz, 47
2026/09/26 06:02:24.899, 0, 96 %, 87083 MiB, 245.34 W, 2400 MHz, 12481 MHz, 46
2026/09/26 06:02:24.899, 1, 99 %, 87049 MiB, 261.06 W, 2407 MHz, 12481 MHz, 47
2026/09/26 06:02:25.150, 0, 96 %, 87083 MiB, 245.19 W, 2400 MHz, 12481 MHz, 46
2026/09/26 06:02:25.150, 1, 99 %, 87049 MiB, 261.47 W, 2407 MHz, 12481 MHz, 47
2026/09/26 06:02:25.400, 0, 97 %, 87083 MiB, 244.85 W, 2400 MHz, 12481 MHz, 46
2026/09/26 06:02:25.400, 1, 99 %, 87049 MiB, 261.29 W, 2407 MHz, 12481 MHz, 47
2026/09/26 06:02:25.650, 0, 97 %, 87083 MiB, 244.53 W, 2400 MHz, 12481 MHz, 46
2026/09/26 06:02:25.650, 1, 99 %, 87049 MiB, 260.49 W, 2407 MHz, 12481 MHz, 47
2026/09/26 06:02:25.900, 0, 15 %, 87179 MiB, 223.21 W, 2407 MHz, 12481 MHz, 46
2026/09/26 06:02:25.900, 1, 14 %, 87145 MiB, 238.80 W, 2407 MHz, 12481 MHz, 44
2026/09/26 06:02:26.150, 0, 87 %, 87179 MiB, 215.40 W, 2407 MHz, 12481 MHz, 46
2026/09/26 06:02:26.150, 1, 64 %, 87145 MiB, 223.08 W, 2385 MHz, 12481 MHz, 46
2026/09/26 06:02:26.400, 0, 81 %, 87179 MiB, 203.27 W, 2422 MHz, 12481 MHz, 46
2026/09/26 06:02:26.400, 1, 70 %, 87145 MiB, 218.25 W, 2422 MHz, 12481 MHz, 47
2026/09/26 06:02:26.650, 0, 87 %, 87179 MiB, 197.99 W, 2422 MHz, 12481 MHz, 46
2026/09/26 06:02:26.650, 1, 65 %, 87145 MiB, 211.17 W, 2422 MHz, 12481 MHz, 46
2026/09/26 06:02:26.900, 0, 79 %, 87179 MiB, 214.22 W, 2422 MHz, 12481 MHz, 47
2026/09/26 06:02:26.900, 1, 65 %, 87145 MiB, 223.40 W, 2422 MHz, 12481 MHz, 47
2026/09/26 06:02:27.150, 0, 79 %, 87179 MiB, 216.36 W, 2422 MHz, 12481 MHz, 46
2026/09/26 06:02:27.150, 1, 73 %, 87145 MiB, 218.60 W, 2422 MHz, 12481 MHz, 46
2026/09/26 06:02:27.401, 0, 81 %, 91115 MiB, 213.18 W, 2422 MHz, 12481 MHz, 46
2026/09/26 06:02:27.401, 1, 80 %, 91081 MiB, 229.64 W, 2422 MHz, 12481 MHz, 47
2026/09/26 06:02:27.651, 0, 88 %, 91115 MiB, 214.52 W, 2422 MHz, 12481 MHz, 46
2026/09/26 06:02:27.651, 1, 62 %, 91081 MiB, 217.12 W, 2422 MHz, 12481 MHz, 46
2026/09/26 06:02:27.901, 0, 83 %, 91115 MiB, 205.49 W, 2422 MHz, 12481 MHz, 46
2026/09/26 06:02:27.901, 1, 64 %, 91081 MiB, 211.45 W, 2422 MHz, 12481 MHz, 46
2026/09/26 06:02:28.151, 0, 80 %, 91115 MiB, 200.15 W, 2422 MHz, 12481 MHz, 45
2026/09/26 06:02:28.151, 1, 73 %, 91081 MiB, 216.18 W, 2422 MHz, 12481 MHz, 47
2026/09/26 06:02:28.401, 0, 86 %, 91115 MiB, 203.97 W, 2422 MHz, 12481 MHz, 46
2026/09/26 06:02:28.401, 1, 66 %, 91081 MiB, 204.18 W, 2422 MHz, 12481 MHz, 47
2026/09/26 06:02:28.651, 0, 36 %, 91115 MiB, 194.11 W, 2422 MHz, 12481 MHz, 43
2026/09/26 06:02:28.651, 1, 91 %, 91081 MiB, 228.88 W, 2422 MHz, 12481 MHz, 48
2026/09/26 06:02:28.901, 0, 81 %, 91115 MiB, 205.68 W, 2407 MHz, 12481 MHz, 47
2026/09/26 06:02:28.901, 1, 67 %, 91081 MiB, 235.51 W, 2422 MHz, 12481 MHz, 47
2026/09/26 06:02:29.151, 0, 81 %, 91115 MiB, 206.62 W, 2422 MHz, 12481 MHz, 46
2026/09/26 06:02:29.151, 1, 73 %, 91081 MiB, 232.48 W, 2422 MHz, 12481 MHz, 47
2026/09/26 06:02:29.401, 0, 88 %, 91115 MiB, 207.23 W, 2422 MHz, 12481 MHz, 46
2026/09/26 06:02:29.401, 1, 64 %, 91081 MiB, 229.45 W, 2422 MHz, 12481 MHz, 47
2026/09/26 06:02:29.652, 0, 82 %, 91115 MiB, 215.34 W, 2422 MHz, 12481 MHz, 46
2026/09/26 06:02:29.652, 1, 65 %, 91081 MiB, 215.31 W, 2422 MHz, 12481 MHz, 46
2026/09/26 06:02:29.902, 0, 81 %, 91115 MiB, 204.18 W, 2422 MHz, 12481 MHz, 45
2026/09/26 06:02:29.902, 1, 73 %, 91081 MiB, 207.89 W, 2422 MHz, 12481 MHz, 47
2026/09/26 06:02:30.152, 0, 26 %, 91115 MiB, 199.80 W, 2415 MHz, 12481 MHz, 46
2026/09/26 06:02:30.152, 1, 99 %, 91081 MiB, 230.29 W, 2422 MHz, 12481 MHz, 47
2026/09/26 06:02:30.402, 0, 89 %, 91115 MiB, 207.98 W, 2422 MHz, 12481 MHz, 47
2026/09/26 06:02:30.402, 1, 71 %, 91081 MiB, 230.21 W, 2422 MHz, 12481 MHz, 47
2026/09/26 06:02:30.652, 0, 85 %, 91115 MiB, 201.68 W, 2422 MHz, 12481 MHz, 46
2026/09/26 06:02:30.652, 1, 64 %, 91081 MiB, 223.88 W, 2422 MHz, 12481 MHz, 47
2026/09/26 06:02:30.902, 0, 81 %, 91115 MiB, 205.71 W, 2422 MHz, 12481 MHz, 46
2026/09/26 06:02:30.902, 1, 72 %, 91081 MiB, 228.73 W, 2422 MHz, 12481 MHz, 47
2026/09/26 06:02:31.152, 0, 82 %, 91115 MiB, 215.76 W, 2422 MHz, 12481 MHz, 46
2026/09/26 06:02:31.152, 1, 74 %, 91081 MiB, 213.03 W, 2422 MHz, 12481 MHz, 46
2026/09/26 06:02:31.402, 0, 34 %, 91115 MiB, 202.94 W, 2422 MHz, 12481 MHz, 46
2026/09/26 06:02:31.402, 1, 62 %, 91081 MiB, 221.97 W, 2422 MHz, 12481 MHz, 49
2026/09/26 06:02:31.652, 0, 88 %, 91115 MiB, 203.52 W, 2422 MHz, 12481 MHz, 46
2026/09/26 06:02:31.652, 1, 65 %, 91081 MiB, 229.33 W, 2422 MHz, 12481 MHz, 47
2026/09/26 06:02:31.902, 0, 83 %, 91115 MiB, 207.42 W, 2422 MHz, 12481 MHz, 46
2026/09/26 06:02:31.902, 1, 65 %, 91081 MiB, 226.65 W, 2422 MHz, 12481 MHz, 46
2026/09/26 06:02:32.153, 0, 83 %, 91115 MiB, 204.95 W, 2422 MHz, 12481 MHz, 46
2026/09/26 06:02:32.153, 1, 73 %, 91081 MiB, 229.61 W, 2422 MHz, 12481 MHz, 46
2026/09/26 06:02:32.403, 0, 85 %, 91115 MiB, 213.60 W, 2422 MHz, 12481 MHz, 46
2026/09/26 06:02:32.403, 1, 74 %, 91081 MiB, 223.08 W, 2422 MHz, 12481 MHz, 47
2026/09/26 06:02:32.653, 0, 90 %, 91115 MiB, 218.79 W, 2422 MHz, 12481 MHz, 47
2026/09/26 06:02:32.653, 1, 64 %, 91081 MiB, 218.15 W, 2422 MHz, 12481 MHz, 46
2026/09/26 06:02:32.903, 0, 35 %, 91115 MiB, 209.29 W, 2422 MHz, 12481 MHz, 46
2026/09/26 06:02:32.903, 1, 86 %, 91081 MiB, 229.71 W, 2422 MHz, 12481 MHz, 47
2026/09/26 06:02:33.153, 0, 88 %, 91115 MiB, 211.74 W, 2422 MHz, 12481 MHz, 46
2026/09/26 06:02:33.153, 1, 64 %, 91081 MiB, 229.39 W, 2422 MHz, 12481 MHz, 46
2026/09/26 06:02:33.403, 0, 83 %, 91115 MiB, 209.50 W, 2422 MHz, 12481 MHz, 46
2026/09/26 06:02:33.403, 1, 66 %, 91081 MiB, 228.99 W, 2422 MHz, 12481 MHz, 46
2026/09/26 06:02:33.653, 0, 84 %, 91115 MiB, 209.49 W, 2422 MHz, 12481 MHz, 46
2026/09/26 06:02:33.653, 1, 75 %, 91081 MiB, 230.27 W, 2422 MHz, 12481 MHz, 46
2026/09/26 06:02:33.903, 0, 88 %, 91115 MiB, 215.33 W, 2422 MHz, 12481 MHz, 45
2026/09/26 06:02:33.903, 1, 65 %, 91081 MiB, 218.92 W, 2422 MHz, 12481 MHz, 47
2026/09/26 06:02:34.153, 0, 89 %, 91115 MiB, 213.80 W, 2422 MHz, 12481 MHz, 45
2026/09/26 06:02:34.153, 1, 65 %, 91081 MiB, 232.60 W, 2422 MHz, 12481 MHz, 49
2026/09/26 06:02:34.403, 0, 89 %, 91115 MiB, 213.00 W, 2400 MHz, 12481 MHz, 46
2026/09/26 06:02:34.403, 1, 85 %, 91081 MiB, 235.05 W, 2422 MHz, 12481 MHz, 48
2026/09/26 06:02:34.654, 0, 87 %, 91115 MiB, 213.12 W, 2422 MHz, 12481 MHz, 47
2026/09/26 06:02:34.654, 1, 65 %, 91081 MiB, 233.48 W, 2422 MHz, 12481 MHz, 47
2026/09/26 06:02:34.904, 0, 85 %, 91115 MiB, 216.88 W, 2422 MHz, 12481 MHz, 47
2026/09/26 06:02:34.904, 1, 70 %, 91081 MiB, 236.37 W, 2422 MHz, 12481 MHz, 47
2026/09/26 06:02:35.154, 0, 85 %, 91115 MiB, 215.48 W, 2422 MHz, 12481 MHz, 46
2026/09/26 06:02:35.154, 1, 73 %, 91081 MiB, 226.89 W, 2422 MHz, 12481 MHz, 47
2026/09/26 06:02:35.404, 0, 86 %, 91115 MiB, 218.02 W, 2422 MHz, 12481 MHz, 46
2026/09/26 06:02:35.404, 1, 75 %, 91081 MiB, 220.98 W, 2422 MHz, 12481 MHz, 47
2026/09/26 06:02:35.654, 0, 32 %, 91115 MiB, 211.91 W, 2422 MHz, 12481 MHz, 46
2026/09/26 06:02:35.654, 1, 96 %, 91081 MiB, 236.15 W, 2422 MHz, 12481 MHz, 47
2026/09/26 06:02:35.904, 0, 89 %, 91115 MiB, 212.00 W, 2407 MHz, 12481 MHz, 45
2026/09/26 06:02:35.904, 1, 65 %, 91081 MiB, 232.75 W, 2422 MHz, 12481 MHz, 47
2026/09/26 06:02:36.154, 0, 91 %, 91115 MiB, 213.01 W, 2422 MHz, 12481 MHz, 46
2026/09/26 06:02:36.154, 1, 65 %, 91081 MiB, 230.93 W, 2422 MHz, 12481 MHz, 47
2026/09/26 06:02:36.404, 0, 89 %, 91115 MiB, 214.21 W, 2422 MHz, 12481 MHz, 47
2026/09/26 06:02:36.404, 1, 64 %, 91081 MiB, 235.71 W, 2422 MHz, 12481 MHz, 46
2026/09/26 06:02:36.655, 0, 85 %, 91115 MiB, 219.98 W, 2422 MHz, 12481 MHz, 46
2026/09/26 06:02:36.655, 1, 71 %, 91081 MiB, 220.95 W, 2422 MHz, 12481 MHz, 47
2026/09/26 06:02:36.905, 0, 85 %, 91115 MiB, 215.91 W, 2422 MHz, 12481 MHz, 46
2026/09/26 06:02:36.905, 1, 73 %, 91081 MiB, 221.19 W, 2422 MHz, 12481 MHz, 48
2026/09/26 06:02:37.155, 0, 27 %, 91115 MiB, 216.02 W, 2400 MHz, 12481 MHz, 46
2026/09/26 06:02:37.155, 1, 97 %, 91081 MiB, 243.79 W, 2422 MHz, 12481 MHz, 48
2026/09/26 06:02:37.405, 0, 94 %, 91115 MiB, 225.49 W, 2422 MHz, 12481 MHz, 47
2026/09/26 06:02:37.405, 1, 84 %, 91081 MiB, 248.12 W, 2422 MHz, 12481 MHz, 48
2026/09/26 06:02:37.655, 0, 94 %, 91115 MiB, 224.86 W, 2422 MHz, 12481 MHz, 46
2026/09/26 06:02:37.655, 1, 83 %, 91081 MiB, 259.31 W, 2422 MHz, 12481 MHz, 48
2026/09/26 06:02:37.905, 0, 94 %, 91115 MiB, 237.15 W, 2422 MHz, 12481 MHz, 45
2026/09/26 06:02:37.905, 1, 84 %, 91081 MiB, 271.92 W, 2422 MHz, 12481 MHz, 47
2026/09/26 06:02:38.155, 0, 15 %, 91115 MiB, 220.56 W, 2407 MHz, 12481 MHz, 44
2026/09/26 06:02:38.155, 1, 15 %, 91081 MiB, 237.19 W, 2422 MHz, 12481 MHz, 45
2026/09/26 06:02:38.405, 0, 96 %, 91115 MiB, 217.60 W, 2385 MHz, 12481 MHz, 46
2026/09/26 06:02:38.405, 1, 99 %, 91081 MiB, 235.33 W, 2422 MHz, 12481 MHz, 46
2026/09/26 06:02:38.655, 0, 96 %, 91115 MiB, 220.32 W, 2407 MHz, 12481 MHz, 46
2026/09/26 06:02:38.655, 1, 100 %, 91081 MiB, 229.74 W, 2415 MHz, 12481 MHz, 46
2026/09/26 06:02:38.905, 0, 96 %, 91115 MiB, 213.54 W, 2407 MHz, 12481 MHz, 46
2026/09/26 06:02:38.905, 1, 100 %, 91081 MiB, 224.97 W, 2415 MHz, 12481 MHz, 46
2026/09/26 06:02:39.155, 0, 96 %, 91115 MiB, 235.53 W, 2407 MHz, 12481 MHz, 46
2026/09/26 06:02:39.155, 1, 99 %, 91081 MiB, 244.88 W, 2415 MHz, 12481 MHz, 46
2026/09/26 06:02:39.406, 0, 97 %, 91115 MiB, 235.10 W, 2407 MHz, 12481 MHz, 46
2026/09/26 06:02:39.406, 1, 100 %, 91081 MiB, 244.98 W, 2415 MHz, 12481 MHz, 47
2026/09/26 06:02:39.656, 0, 96 %, 91115 MiB, 235.59 W, 2407 MHz, 12481 MHz, 46
2026/09/26 06:02:39.656, 1, 100 %, 91081 MiB, 244.97 W, 2415 MHz, 12481 MHz, 46
2026/09/26 06:02:39.906, 0, 97 %, 91115 MiB, 235.16 W, 2407 MHz, 12481 MHz, 46
2026/09/26 06:02:39.906, 1, 100 %, 91081 MiB, 244.86 W, 2415 MHz, 12481 MHz, 47
2026/09/26 06:02:40.156, 0, 96 %, 91115 MiB, 235.09 W, 2407 MHz, 12481 MHz, 45
2026/09/26 06:02:40.156, 1, 100 %, 91081 MiB, 245.22 W, 2415 MHz, 12481 MHz, 46
2026/09/26 06:02:40.406, 0, 96 %, 91115 MiB, 234.40 W, 2407 MHz, 12481 MHz, 46
2026/09/26 06:02:40.406, 1, 100 %, 91081 MiB, 245.30 W, 2415 MHz, 12481 MHz, 47
2026/09/26 06:02:40.656, 0, 97 %, 91115 MiB, 235.11 W, 2407 MHz, 12481 MHz, 46
2026/09/26 06:02:40.656, 1, 100 %, 91081 MiB, 245.14 W, 2415 MHz, 12481 MHz, 47
2026/09/26 06:02:40.906, 0, 55 %, 91115 MiB, 226.56 W, 2407 MHz, 12481 MHz, 46
2026/09/26 06:02:40.906, 1, 54 %, 91081 MiB, 237.62 W, 2415 MHz, 12481 MHz, 47
2026/09/26 06:02:41.156, 0, 79 %, 91115 MiB, 220.77 W, 2422 MHz, 12481 MHz, 46
2026/09/26 06:02:41.156, 1, 71 %, 91081 MiB, 231.62 W, 2422 MHz, 12481 MHz, 47
2026/09/26 06:02:41.406, 0, 88 %, 91115 MiB, 217.73 W, 2422 MHz, 12481 MHz, 46
2026/09/26 06:02:41.406, 1, 69 %, 91081 MiB, 229.16 W, 2422 MHz, 12481 MHz, 47
2026/09/26 06:02:41.657, 0, 80 %, 91115 MiB, 214.16 W, 2422 MHz, 12481 MHz, 45
2026/09/26 06:02:41.657, 1, 64 %, 91081 MiB, 219.08 W, 2422 MHz, 12481 MHz, 47
2026/09/26 06:02:41.907, 0, 80 %, 91115 MiB, 209.84 W, 2422 MHz, 12481 MHz, 46
2026/09/26 06:02:41.907, 1, 73 %, 91081 MiB, 215.45 W, 2422 MHz, 12481 MHz, 47
2026/09/26 06:02:42.157, 0, 83 %, 91115 MiB, 205.59 W, 2422 MHz, 12481 MHz, 46
2026/09/26 06:02:42.157, 1, 63 %, 91081 MiB, 221.28 W, 2422 MHz, 12481 MHz, 49
2026/09/26 06:02:42.407, 0, 88 %, 91115 MiB, 200.62 W, 2422 MHz, 12481 MHz, 46
2026/09/26 06:02:42.407, 1, 89 %, 91081 MiB, 223.45 W, 2422 MHz, 12481 MHz, 47
2026/09/26 06:02:42.657, 0, 79 %, 91115 MiB, 201.12 W, 2422 MHz, 12481 MHz, 45
2026/09/26 06:02:42.657, 1, 64 %, 91081 MiB, 222.46 W, 2422 MHz, 12481 MHz, 47
2026/09/26 06:02:42.907, 0, 79 %, 91115 MiB, 206.93 W, 2422 MHz, 12481 MHz, 46
2026/09/26 06:02:42.907, 1, 73 %, 91081 MiB, 221.79 W, 2422 MHz, 12481 MHz, 46
2026/09/26 06:02:43.157, 0, 86 %, 91115 MiB, 207.60 W, 2422 MHz, 12481 MHz, 46
2026/09/26 06:02:43.157, 1, 62 %, 91081 MiB, 215.03 W, 2422 MHz, 12481 MHz, 47
2026/09/26 06:02:43.407, 0, 79 %, 91115 MiB, 206.98 W, 2422 MHz, 12481 MHz, 45
2026/09/26 06:02:43.407, 1, 64 %, 91081 MiB, 205.06 W, 2422 MHz, 12481 MHz, 46
2026/09/26 06:02:43.657, 0, 58 %, 91115 MiB, 199.50 W, 2415 MHz, 12481 MHz, 45
2026/09/26 06:02:43.657, 1, 79 %, 91081 MiB, 224.52 W, 2422 MHz, 12481 MHz, 48
2026/09/26 06:02:43.907, 0, 82 %, 91115 MiB, 202.97 W, 2407 MHz, 12481 MHz, 46
2026/09/26 06:02:43.907, 1, 74 %, 91081 MiB, 229.63 W, 2422 MHz, 12481 MHz, 46
2026/09/26 06:02:44.158, 0, 89 %, 91115 MiB, 204.62 W, 2422 MHz, 12481 MHz, 45
2026/09/26 06:02:44.158, 1, 62 %, 91081 MiB, 227.87 W, 2422 MHz, 12481 MHz, 47
2026/09/26 06:02:44.408, 0, 81 %, 91115 MiB, 207.46 W, 2422 MHz, 12481 MHz, 45
2026/09/26 06:02:44.408, 1, 64 %, 91081 MiB, 229.59 W, 2422 MHz, 12481 MHz, 46
2026/09/26 06:02:44.658, 0, 82 %, 91115 MiB, 216.15 W, 2422 MHz, 12481 MHz, 46
2026/09/26 06:02:44.658, 1, 73 %, 91081 MiB, 212.91 W, 2422 MHz, 12481 MHz, 46
2026/09/26 06:02:44.908, 0, 86 %, 91115 MiB, 199.57 W, 2422 MHz, 12481 MHz, 43
2026/09/26 06:02:44.908, 1, 62 %, 91081 MiB, 211.41 W, 2422 MHz, 12481 MHz, 46
2026/09/26 06:02:45.158, 0, 83 %, 91115 MiB, 201.57 W, 2422 MHz, 12481 MHz, 45
2026/09/26 06:02:45.158, 1, 68 %, 91081 MiB, 227.17 W, 2422 MHz, 12481 MHz, 48
2026/09/26 06:02:45.408, 0, 81 %, 91115 MiB, 204.35 W, 2422 MHz, 12481 MHz, 45
2026/09/26 06:02:45.408, 1, 64 %, 91081 MiB, 229.39 W, 2422 MHz, 12481 MHz, 46
2026/09/26 06:02:45.658, 0, 81 %, 91115 MiB, 203.41 W, 2422 MHz, 12481 MHz, 46
2026/09/26 06:02:45.658, 1, 73 %, 91081 MiB, 225.52 W, 2422 MHz, 12481 MHz, 47
2026/09/26 06:02:45.908, 0, 83 %, 91115 MiB, 211.50 W, 2422 MHz, 12481 MHz, 45
2026/09/26 06:02:45.908, 1, 67 %, 91081 MiB, 227.63 W, 2422 MHz, 12481 MHz, 46
2026/09/26 06:02:46.158, 0, 88 %, 91115 MiB, 217.94 W, 2422 MHz, 12481 MHz, 46
2026/09/26 06:02:46.158, 1, 65 %, 91081 MiB, 219.33 W, 2422 MHz, 12481 MHz, 46
2026/09/26 06:02:46.408, 0, 87 %, 91115 MiB, 211.29 W, 2415 MHz, 12481 MHz, 46
2026/09/26 06:02:46.408, 1, 64 %, 91081 MiB, 226.54 W, 2422 MHz, 12481 MHz, 47
2026/09/26 06:02:46.659, 0, 83 %, 91115 MiB, 209.46 W, 2415 MHz, 12481 MHz, 45
2026/09/26 06:02:46.659, 1, 69 %, 91081 MiB, 232.22 W, 2422 MHz, 12481 MHz, 47
2026/09/26 06:02:46.909, 0, 84 %, 91115 MiB, 212.58 W, 2422 MHz, 12481 MHz, 46
2026/09/26 06:02:46.909, 1, 74 %, 91081 MiB, 229.67 W, 2422 MHz, 12481 MHz, 47
2026/09/26 06:02:47.159, 0, 85 %, 91115 MiB, 210.99 W, 2422 MHz, 12481 MHz, 45
2026/09/26 06:02:47.159, 1, 67 %, 91081 MiB, 228.94 W, 2422 MHz, 12481 MHz, 47
2026/09/26 06:02:47.409, 0, 88 %, 91115 MiB, 212.84 W, 2422 MHz, 12481 MHz, 46
2026/09/26 06:02:47.409, 1, 65 %, 91081 MiB, 214.97 W, 2422 MHz, 12481 MHz, 47
2026/09/26 06:02:47.659, 0, 83 %, 91115 MiB, 216.18 W, 2422 MHz, 12481 MHz, 45
2026/09/26 06:02:47.659, 1, 69 %, 91081 MiB, 229.96 W, 2422 MHz, 12481 MHz, 48
2026/09/26 06:02:47.909, 0, 84 %, 91115 MiB, 212.94 W, 2400 MHz, 12481 MHz, 46
2026/09/26 06:02:47.909, 1, 66 %, 91081 MiB, 232.00 W, 2422 MHz, 12481 MHz, 47
2026/09/26 06:02:48.159, 0, 83 %, 91115 MiB, 211.72 W, 2422 MHz, 12481 MHz, 46
2026/09/26 06:02:48.159, 1, 73 %, 91081 MiB, 233.52 W, 2422 MHz, 12481 MHz, 47
2026/09/26 06:02:48.409, 0, 88 %, 91115 MiB, 212.56 W, 2422 MHz, 12481 MHz, 46
2026/09/26 06:02:48.409, 1, 74 %, 91081 MiB, 232.57 W, 2422 MHz, 12481 MHz, 47
2026/09/26 06:02:48.659, 0, 90 %, 91115 MiB, 212.60 W, 2422 MHz, 12481 MHz, 47
2026/09/26 06:02:48.659, 1, 65 %, 91081 MiB, 219.00 W, 2422 MHz, 12481 MHz, 46
2026/09/26 06:02:48.910, 0, 88 %, 91115 MiB, 214.37 W, 2422 MHz, 12481 MHz, 46
2026/09/26 06:02:48.910, 1, 64 %, 91081 MiB, 218.47 W, 2422 MHz, 12481 MHz, 48
2026/09/26 06:02:49.160, 0, 83 %, 91115 MiB, 211.84 W, 2422 MHz, 12481 MHz, 46
2026/09/26 06:02:49.160, 1, 70 %, 91081 MiB, 232.39 W, 2422 MHz, 12481 MHz, 47
2026/09/26 06:02:49.410, 0, 85 %, 91115 MiB, 213.44 W, 2407 MHz, 12481 MHz, 45
2026/09/26 06:02:49.410, 1, 67 %, 91081 MiB, 234.13 W, 2422 MHz, 12481 MHz, 47
2026/09/26 06:02:49.660, 0, 85 %, 91115 MiB, 211.04 W, 2422 MHz, 12481 MHz, 46
2026/09/26 06:02:49.660, 1, 72 %, 91081 MiB, 231.89 W, 2422 MHz, 12481 MHz, 47
2026/09/26 06:02:49.910, 0, 86 %, 91115 MiB, 214.39 W, 2422 MHz, 12481 MHz, 46
2026/09/26 06:02:49.910, 1, 75 %, 91081 MiB, 236.68 W, 2422 MHz, 12481 MHz, 46
2026/09/26 06:02:50.160, 0, 87 %, 91115 MiB, 221.23 W, 2422 MHz, 12481 MHz, 46
2026/09/26 06:02:50.160, 1, 68 %, 91081 MiB, 220.81 W, 2422 MHz, 12481 MHz, 47
2026/09/26 06:02:50.410, 0, 89 %, 91115 MiB, 217.41 W, 2422 MHz, 12481 MHz, 46
2026/09/26 06:02:50.410, 1, 62 %, 91081 MiB, 220.78 W, 2422 MHz, 12481 MHz, 48
2026/09/26 06:02:50.660, 0, 92 %, 91115 MiB, 215.20 W, 2407 MHz, 12481 MHz, 47
2026/09/26 06:02:50.660, 1, 66 %, 91081 MiB, 235.87 W, 2422 MHz, 12481 MHz, 47
2026/09/26 06:02:50.910, 0, 90 %, 91115 MiB, 215.06 W, 2422 MHz, 12481 MHz, 46
2026/09/26 06:02:50.910, 1, 64 %, 91081 MiB, 234.07 W, 2422 MHz, 12481 MHz, 47
2026/09/26 06:02:51.160, 0, 89 %, 91115 MiB, 210.16 W, 2422 MHz, 12481 MHz, 46
2026/09/26 06:02:51.160, 1, 64 %, 91081 MiB, 232.56 W, 2422 MHz, 12481 MHz, 46
2026/09/26 06:02:51.411, 0, 85 %, 91115 MiB, 211.38 W, 2422 MHz, 12481 MHz, 45
2026/09/26 06:02:51.411, 1, 71 %, 91081 MiB, 232.99 W, 2422 MHz, 12481 MHz, 46
2026/09/26 06:02:51.661, 0, 86 %, 91115 MiB, 216.83 W, 2422 MHz, 12481 MHz, 46
2026/09/26 06:02:51.661, 1, 74 %, 91081 MiB, 219.88 W, 2422 MHz, 12481 MHz, 47
2026/09/26 06:02:51.911, 0, 87 %, 91115 MiB, 208.15 W, 2422 MHz, 12481 MHz, 44
2026/09/26 06:02:51.911, 1, 69 %, 91081 MiB, 226.28 W, 2422 MHz, 12481 MHz, 46
2026/09/26 06:02:52.161, 0, 78 %, 91115 MiB, 217.89 W, 2400 MHz, 12481 MHz, 46
2026/09/26 06:02:52.161, 1, 84 %, 91081 MiB, 244.01 W, 2422 MHz, 12481 MHz, 48
2026/09/26 06:02:52.411, 0, 77 %, 91115 MiB, 223.02 W, 2422 MHz, 12481 MHz, 45
2026/09/26 06:02:52.411, 1, 83 %, 91081 MiB, 252.51 W, 2422 MHz, 12481 MHz, 48
2026/09/26 06:02:52.661, 0, 94 %, 91115 MiB, 224.30 W, 2422 MHz, 12481 MHz, 47
2026/09/26 06:02:52.661, 1, 82 %, 91081 MiB, 260.13 W, 2422 MHz, 12481 MHz, 47
2026/09/26 06:02:52.911, 0, 94 %, 91115 MiB, 242.54 W, 2422 MHz, 12481 MHz, 46
2026/09/26 06:02:52.911, 1, 83 %, 91081 MiB, 264.50 W, 2422 MHz, 12481 MHz, 47
2026/09/26 06:02:53.161, 0, 22 %, 91115 MiB, 215.54 W, 2407 MHz, 12481 MHz, 44
2026/09/26 06:02:53.161, 1, 29 %, 91081 MiB, 232.07 W, 2422 MHz, 12481 MHz, 44
2026/09/26 06:02:53.411, 0, 96 %, 91115 MiB, 209.70 W, 2370 MHz, 12481 MHz, 45
2026/09/26 06:02:53.411, 1, 74 %, 91081 MiB, 226.66 W, 2422 MHz, 12481 MHz, 46
2026/09/26 06:02:53.661, 0, 96 %, 91115 MiB, 210.57 W, 2407 MHz, 12481 MHz, 45
2026/09/26 06:02:53.661, 1, 99 %, 91081 MiB, 224.78 W, 2415 MHz, 12481 MHz, 46
2026/09/26 06:02:53.912, 0, 96 %, 91115 MiB, 208.10 W, 2407 MHz, 12481 MHz, 46
2026/09/26 06:02:53.912, 1, 99 %, 91081 MiB, 222.60 W, 2415 MHz, 12481 MHz, 47
2026/09/26 06:02:54.162, 0, 96 %, 91115 MiB, 228.38 W, 2407 MHz, 12481 MHz, 45
2026/09/26 06:02:54.162, 1, 99 %, 91081 MiB, 241.78 W, 2415 MHz, 12481 MHz, 46
2026/09/26 06:02:54.412, 0, 96 %, 91115 MiB, 233.20 W, 2407 MHz, 12481 MHz, 46
2026/09/26 06:02:54.412, 1, 99 %, 91081 MiB, 243.62 W, 2415 MHz, 12481 MHz, 47
2026/09/26 06:02:54.662, 0, 96 %, 91115 MiB, 232.92 W, 2407 MHz, 12481 MHz, 45
2026/09/26 06:02:54.662, 1, 99 %, 91081 MiB, 244.08 W, 2415 MHz, 12481 MHz, 46
2026/09/26 06:02:54.912, 0, 96 %, 91115 MiB, 232.65 W, 2407 MHz, 12481 MHz, 45
2026/09/26 06:02:54.912, 1, 99 %, 91081 MiB, 244.26 W, 2415 MHz, 12481 MHz, 47
2026/09/26 06:02:55.162, 0, 96 %, 91115 MiB, 232.23 W, 2407 MHz, 12481 MHz, 45
2026/09/26 06:02:55.162, 1, 99 %, 91081 MiB, 244.07 W, 2415 MHz, 12481 MHz, 47
2026/09/26 06:02:55.412, 0, 96 %, 91115 MiB, 232.59 W, 2407 MHz, 12481 MHz, 46
2026/09/26 06:02:55.412, 1, 99 %, 91081 MiB, 244.27 W, 2415 MHz, 12481 MHz, 47
2026/09/26 06:02:55.662, 0, 96 %, 91115 MiB, 233.49 W, 2407 MHz, 12481 MHz, 46
2026/09/26 06:02:55.662, 1, 99 %, 91081 MiB, 244.63 W, 2415 MHz, 12481 MHz, 47
2026/09/26 06:02:55.912, 0, 64 %, 91115 MiB, 227.16 W, 2407 MHz, 12481 MHz, 46
2026/09/26 06:02:55.912, 1, 63 %, 91081 MiB, 238.15 W, 2415 MHz, 12481 MHz, 45
2026/09/26 06:02:56.162, 0, 83 %, 91115 MiB, 221.14 W, 2415 MHz, 12481 MHz, 45
2026/09/26 06:02:56.162, 1, 65 %, 91081 MiB, 229.67 W, 2422 MHz, 12481 MHz, 48
2026/09/26 06:02:56.413, 0, 80 %, 91115 MiB, 214.28 W, 2422 MHz, 12481 MHz, 45
2026/09/26 06:02:56.413, 1, 64 %, 91081 MiB, 228.48 W, 2422 MHz, 12481 MHz, 46
2026/09/26 06:02:56.663, 0, 80 %, 91115 MiB, 213.46 W, 2422 MHz, 12481 MHz, 46
2026/09/26 06:02:56.663, 1, 73 %, 91081 MiB, 221.76 W, 2422 MHz, 12481 MHz, 46
2026/09/26 06:02:56.913, 0, 89 %, 91115 MiB, 213.62 W, 2422 MHz, 12481 MHz, 46
2026/09/26 06:02:56.913, 1, 62 %, 91081 MiB, 219.49 W, 2422 MHz, 12481 MHz, 46
2026/09/26 06:02:57.163, 0, 83 %, 91115 MiB, 211.83 W, 2422 MHz, 12481 MHz, 46
2026/09/26 06:02:57.163, 1, 64 %, 91081 MiB, 219.66 W, 2422 MHz, 12481 MHz, 46
2026/09/26 06:02:57.413, 0, 80 %, 91115 MiB, 205.50 W, 2422 MHz, 12481 MHz, 45
2026/09/26 06:02:57.413, 1, 94 %, 91081 MiB, 224.93 W, 2422 MHz, 12481 MHz, 46
2026/09/26 06:02:57.663, 0, 80 %, 91115 MiB, 204.99 W, 2422 MHz, 12481 MHz, 46
2026/09/26 06:02:57.663, 1, 73 %, 91081 MiB, 223.86 W, 2422 MHz, 12481 MHz, 46
2026/09/26 06:02:57.913, 0, 88 %, 91115 MiB, 207.44 W, 2422 MHz, 12481 MHz, 46
2026/09/26 06:02:57.913, 1, 62 %, 91081 MiB, 224.30 W, 2422 MHz, 12481 MHz, 46
2026/09/26 06:02:58.163, 0, 83 %, 91115 MiB, 207.82 W, 2422 MHz, 12481 MHz, 46
2026/09/26 06:02:58.163, 1, 64 %, 91081 MiB, 222.51 W, 2422 MHz, 12481 MHz, 46
2026/09/26 06:02:58.413, 0, 81 %, 91115 MiB, 210.11 W, 2422 MHz, 12481 MHz, 46
2026/09/26 06:02:58.413, 1, 73 %, 91081 MiB, 207.40 W, 2422 MHz, 12481 MHz, 47
2026/09/26 06:02:58.663, 0, 32 %, 91115 MiB, 200.18 W, 2422 MHz, 12481 MHz, 47
2026/09/26 06:02:58.663, 1, 89 %, 91081 MiB, 223.50 W, 2422 MHz, 12481 MHz, 47
2026/09/26 06:02:58.914, 0, 88 %, 91115 MiB, 201.49 W, 2415 MHz, 12481 MHz, 46
2026/09/26 06:02:58.914, 1, 65 %, 91081 MiB, 229.31 W, 2422 MHz, 12481 MHz, 46
2026/09/26 06:02:59.164, 0, 82 %, 91115 MiB, 204.63 W, 2422 MHz, 12481 MHz, 46
2026/09/26 06:02:59.164, 1, 65 %, 91081 MiB, 228.83 W, 2422 MHz, 12481 MHz, 46
2026/09/26 06:02:59.414, 0, 83 %, 91115 MiB, 206.10 W, 2422 MHz, 12481 MHz, 46
2026/09/26 06:02:59.414, 1, 73 %, 91081 MiB, 228.24 W, 2422 MHz, 12481 MHz, 47
2026/09/26 06:02:59.664, 0, 89 %, 91115 MiB, 216.06 W, 2422 MHz, 12481 MHz, 47
2026/09/26 06:02:59.664, 1, 65 %, 91081 MiB, 215.91 W, 2422 MHz, 12481 MHz, 46
2026/09/26 06:02:59.914, 0, 84 %, 91115 MiB, 205.33 W, 2422 MHz, 12481 MHz, 44
2026/09/26 06:02:59.914, 1, 64 %, 91081 MiB, 207.83 W, 2422 MHz, 12481 MHz, 46
2026/09/26 06:03:00.164, 0, 48 %, 91115 MiB, 202.21 W, 2422 MHz, 12481 MHz, 46
2026/09/26 06:03:00.164, 1, 84 %, 91081 MiB, 226.72 W, 2422 MHz, 12481 MHz, 47
2026/09/26 06:03:00.414, 0, 82 %, 91115 MiB, 206.26 W, 2422 MHz, 12481 MHz, 46
2026/09/26 06:03:00.414, 1, 72 %, 91081 MiB, 230.44 W, 2422 MHz, 12481 MHz, 47
2026/09/26 06:03:00.664, 0, 89 %, 91115 MiB, 205.16 W, 2422 MHz, 12481 MHz, 47
2026/09/26 06:03:00.664, 1, 64 %, 91081 MiB, 228.47 W, 2422 MHz, 12481 MHz, 46
2026/09/26 06:03:00.914, 0, 87 %, 91115 MiB, 206.91 W, 2422 MHz, 12481 MHz, 46
2026/09/26 06:03:00.914, 1, 64 %, 91081 MiB, 230.13 W, 2422 MHz, 12481 MHz, 47
2026/09/26 06:03:01.165, 0, 82 %, 91115 MiB, 213.52 W, 2422 MHz, 12481 MHz, 46
2026/09/26 06:03:01.165, 1, 69 %, 91081 MiB, 225.06 W, 2422 MHz, 12481 MHz, 46
2026/09/26 06:03:01.415, 0, 71 %, 91115 MiB, 212.59 W, 2422 MHz, 12481 MHz, 46
2026/09/26 06:03:01.415, 1, 73 %, 91081 MiB, 234.26 W, 2422 MHz, 12481 MHz, 47
2026/09/26 06:03:01.665, 0, 85 %, 91115 MiB, 207.79 W, 2400 MHz, 12481 MHz, 46
2026/09/26 06:03:01.665, 1, 66 %, 91081 MiB, 231.81 W, 2422 MHz, 12481 MHz, 47
2026/09/26 06:03:01.915, 0, 90 %, 91115 MiB, 216.86 W, 2422 MHz, 12481 MHz, 46
2026/09/26 06:03:01.915, 1, 65 %, 91081 MiB, 235.69 W, 2422 MHz, 12481 MHz, 46
2026/09/26 06:03:02.165, 0, 88 %, 91115 MiB, 211.51 W, 2422 MHz, 12481 MHz, 46
2026/09/26 06:03:02.165, 1, 64 %, 91081 MiB, 232.91 W, 2422 MHz, 12481 MHz, 46
2026/09/26 06:03:02.415, 0, 83 %, 91115 MiB, 213.32 W, 2422 MHz, 12481 MHz, 46
2026/09/26 06:03:02.415, 1, 70 %, 91081 MiB, 217.46 W, 2422 MHz, 12481 MHz, 46
2026/09/26 06:03:02.665, 0, 84 %, 91115 MiB, 216.11 W, 2422 MHz, 12481 MHz, 46
2026/09/26 06:03:02.665, 1, 71 %, 91081 MiB, 225.56 W, 2422 MHz, 12481 MHz, 46
2026/09/26 06:03:02.915, 0, 72 %, 91115 MiB, 209.10 W, 2400 MHz, 12481 MHz, 46
2026/09/26 06:03:02.915, 1, 79 %, 91081 MiB, 233.72 W, 2422 MHz, 12481 MHz, 47
2026/09/26 06:03:03.165, 0, 87 %, 91115 MiB, 212.31 W, 2422 MHz, 12481 MHz, 45
2026/09/26 06:03:03.165, 1, 65 %, 91081 MiB, 233.10 W, 2422 MHz, 12481 MHz, 47
2026/09/26 06:03:03.415, 0, 88 %, 91115 MiB, 210.56 W, 2422 MHz, 12481 MHz, 46
2026/09/26 06:03:03.415, 1, 65 %, 91081 MiB, 232.80 W, 2422 MHz, 12481 MHz, 47
2026/09/26 06:03:03.666, 0, 83 %, 91115 MiB, 212.26 W, 2422 MHz, 12481 MHz, 45
2026/09/26 06:03:03.666, 1, 70 %, 91081 MiB, 231.28 W, 2422 MHz, 12481 MHz, 47
2026/09/26 06:03:03.916, 0, 83 %, 91115 MiB, 213.81 W, 2422 MHz, 12481 MHz, 46
2026/09/26 06:03:03.916, 1, 73 %, 91081 MiB, 216.42 W, 2422 MHz, 12481 MHz, 47
2026/09/26 06:03:04.166, 0, 85 %, 91115 MiB, 209.30 W, 2422 MHz, 12481 MHz, 44
2026/09/26 06:03:04.166, 1, 70 %, 91081 MiB, 231.87 W, 2422 MHz, 12481 MHz, 47
2026/09/26 06:03:04.416, 0, 86 %, 91115 MiB, 210.72 W, 2407 MHz, 12481 MHz, 46
2026/09/26 06:03:04.416, 1, 79 %, 91081 MiB, 232.16 W, 2422 MHz, 12481 MHz, 47
2026/09/26 06:03:04.666, 0, 91 %, 91115 MiB, 210.85 W, 2422 MHz, 12481 MHz, 46
2026/09/26 06:03:04.666, 1, 63 %, 91081 MiB, 232.47 W, 2422 MHz, 12481 MHz, 46
2026/09/26 06:03:04.916, 0, 90 %, 91115 MiB, 215.09 W, 2422 MHz, 12481 MHz, 46
2026/09/26 06:03:04.916, 1, 64 %, 91081 MiB, 236.92 W, 2422 MHz, 12481 MHz, 47
2026/09/26 06:03:05.166, 0, 89 %, 91115 MiB, 220.64 W, 2422 MHz, 12481 MHz, 46
2026/09/26 06:03:05.166, 1, 64 %, 91081 MiB, 222.52 W, 2422 MHz, 12481 MHz, 46
2026/09/26 06:03:05.416, 0, 85 %, 91115 MiB, 217.24 W, 2422 MHz, 12481 MHz, 45
2026/09/26 06:03:05.416, 1, 69 %, 91081 MiB, 221.31 W, 2422 MHz, 12481 MHz, 46
2026/09/26 06:03:05.666, 0, 57 %, 91115 MiB, 211.79 W, 2415 MHz, 12481 MHz, 45
2026/09/26 06:03:05.666, 1, 81 %, 91081 MiB, 235.25 W, 2422 MHz, 12481 MHz, 47
2026/09/26 06:03:05.916, 0, 85 %, 91115 MiB, 210.48 W, 2407 MHz, 12481 MHz, 46
2026/09/26 06:03:05.916, 1, 73 %, 91081 MiB, 233.23 W, 2422 MHz, 12481 MHz, 48
2026/09/26 06:03:06.167, 0, 86 %, 91115 MiB, 210.77 W, 2422 MHz, 12481 MHz, 47
2026/09/26 06:03:06.167, 1, 75 %, 91081 MiB, 230.40 W, 2422 MHz, 12481 MHz, 48
2026/09/26 06:03:06.417, 0, 91 %, 91115 MiB, 211.57 W, 2422 MHz, 12481 MHz, 46
2026/09/26 06:03:06.417, 1, 67 %, 91081 MiB, 235.90 W, 2422 MHz, 12481 MHz, 47
2026/09/26 06:03:06.667, 0, 90 %, 91115 MiB, 217.08 W, 2422 MHz, 12481 MHz, 46
2026/09/26 06:03:06.667, 1, 65 %, 91081 MiB, 222.44 W, 2422 MHz, 12481 MHz, 46
2026/09/26 06:03:06.917, 0, 89 %, 91115 MiB, 208.16 W, 2422 MHz, 12481 MHz, 45
2026/09/26 06:03:06.917, 1, 64 %, 91081 MiB, 221.91 W, 2422 MHz, 12481 MHz, 47
2026/09/26 06:03:07.167, 0, 44 %, 91115 MiB, 215.38 W, 2400 MHz, 12481 MHz, 46
2026/09/26 06:03:07.167, 1, 91 %, 91081 MiB, 242.05 W, 2422 MHz, 12481 MHz, 48
2026/09/26 06:03:07.417, 0, 94 %, 91115 MiB, 222.52 W, 2422 MHz, 12481 MHz, 46
2026/09/26 06:03:07.417, 1, 82 %, 91081 MiB, 244.91 W, 2422 MHz, 12481 MHz, 48
2026/09/26 06:03:07.667, 0, 95 %, 91115 MiB, 222.94 W, 2422 MHz, 12481 MHz, 47
2026/09/26 06:03:07.667, 1, 85 %, 91081 MiB, 256.48 W, 2422 MHz, 12481 MHz, 48
2026/09/26 06:03:07.917, 0, 95 %, 91115 MiB, 232.40 W, 2422 MHz, 12481 MHz, 45
2026/09/26 06:03:07.917, 1, 83 %, 91081 MiB, 267.66 W, 2422 MHz, 12481 MHz, 48
2026/09/26 06:03:08.167, 0, 15 %, 91115 MiB, 219.15 W, 2407 MHz, 12481 MHz, 45
2026/09/26 06:03:08.167, 1, 14 %, 91081 MiB, 234.37 W, 2422 MHz, 12481 MHz, 46
2026/09/26 06:03:08.417, 0, 96 %, 91115 MiB, 215.05 W, 2385 MHz, 12481 MHz, 45
2026/09/26 06:03:08.417, 1, 100 %, 91081 MiB, 232.49 W, 2415 MHz, 12481 MHz, 46
2026/09/26 06:03:08.668, 0, 96 %, 91115 MiB, 216.95 W, 2407 MHz, 12481 MHz, 45
2026/09/26 06:03:08.668, 1, 100 %, 91081 MiB, 227.91 W, 2415 MHz, 12481 MHz, 46
2026/09/26 06:03:08.918, 0, 96 %, 91115 MiB, 216.74 W, 2407 MHz, 12481 MHz, 46
2026/09/26 06:03:08.918, 1, 100 %, 91081 MiB, 223.63 W, 2415 MHz, 12481 MHz, 46
2026/09/26 06:03:09.168, 0, 96 %, 91115 MiB, 233.01 W, 2407 MHz, 12481 MHz, 46
2026/09/26 06:03:09.168, 1, 100 %, 91081 MiB, 243.55 W, 2415 MHz, 12481 MHz, 47
2026/09/26 06:03:09.418, 0, 97 %, 91115 MiB, 233.50 W, 2407 MHz, 12481 MHz, 46
2026/09/26 06:03:09.418, 1, 100 %, 91081 MiB, 243.88 W, 2415 MHz, 12481 MHz, 47
2026/09/26 06:03:09.668, 0, 96 %, 91115 MiB, 234.26 W, 2407 MHz, 12481 MHz, 45
2026/09/26 06:03:09.668, 1, 100 %, 91081 MiB, 244.02 W, 2415 MHz, 12481 MHz, 47
2026/09/26 06:03:09.918, 0, 96 %, 91115 MiB, 234.07 W, 2407 MHz, 12481 MHz, 46
2026/09/26 06:03:09.918, 1, 100 %, 91081 MiB, 244.44 W, 2415 MHz, 12481 MHz, 47
2026/09/26 06:03:10.168, 0, 96 %, 91115 MiB, 234.45 W, 2407 MHz, 12481 MHz, 46
2026/09/26 06:03:10.168, 1, 100 %, 91081 MiB, 243.82 W, 2415 MHz, 12481 MHz, 46
2026/09/26 06:03:10.418, 0, 96 %, 91115 MiB, 234.96 W, 2407 MHz, 12481 MHz, 46
2026/09/26 06:03:10.418, 1, 100 %, 91081 MiB, 243.87 W, 2415 MHz, 12481 MHz, 47
2026/09/26 06:03:10.668, 0, 96 %, 91115 MiB, 235.68 W, 2407 MHz, 12481 MHz, 45
2026/09/26 06:03:10.668, 1, 100 %, 91081 MiB, 243.74 W, 2415 MHz, 12481 MHz, 47
2026/09/26 06:03:10.918, 0, 52 %, 91115 MiB, 231.34 W, 2400 MHz, 12481 MHz, 45
2026/09/26 06:03:10.918, 1, 65 %, 91081 MiB, 236.49 W, 2415 MHz, 12481 MHz, 46
2026/09/26 06:03:11.168, 0, 88 %, 91115 MiB, 226.29 W, 2422 MHz, 12481 MHz, 46
2026/09/26 06:03:11.168, 1, 63 %, 91081 MiB, 221.47 W, 2422 MHz, 12481 MHz, 46
2026/09/26 06:03:11.418, 0, 79 %, 91115 MiB, 213.85 W, 2422 MHz, 12481 MHz, 46
2026/09/26 06:03:11.419, 1, 64 %, 91081 MiB, 211.77 W, 2422 MHz, 12481 MHz, 46
2026/09/26 06:03:11.669, 0, 82 %, 91115 MiB, 204.27 W, 2422 MHz, 12481 MHz, 46
2026/09/26 06:03:11.669, 1, 66 %, 91081 MiB, 201.81 W, 2422 MHz, 12481 MHz, 47
2026/09/26 06:03:11.919, 0, 88 %, 91115 MiB, 204.76 W, 2422 MHz, 12481 MHz, 46
2026/09/26 06:03:11.919, 1, 64 %, 91081 MiB, 207.44 W, 2422 MHz, 12481 MHz, 47
2026/09/26 06:03:12.169, 0, 80 %, 91115 MiB, 199.49 W, 2422 MHz, 12481 MHz, 44
2026/09/26 06:03:12.169, 1, 64 %, 91081 MiB, 229.82 W, 2422 MHz, 12481 MHz, 49
2026/09/26 06:03:12.419, 0, 80 %, 91115 MiB, 203.71 W, 2407 MHz, 12481 MHz, 46
2026/09/26 06:03:12.419, 1, 81 %, 91081 MiB, 230.51 W, 2422 MHz, 12481 MHz, 46
2026/09/26 06:03:12.669, 0, 81 %, 91115 MiB, 202.62 W, 2422 MHz, 12481 MHz, 46
2026/09/26 06:03:12.669, 1, 65 %, 91081 MiB, 229.25 W, 2422 MHz, 12481 MHz, 47
2026/09/26 06:03:12.919, 0, 86 %, 91115 MiB, 197.91 W, 2422 MHz, 12481 MHz, 45
2026/09/26 06:03:12.919, 1, 64 %, 91081 MiB, 226.37 W, 2422 MHz, 12481 MHz, 47
2026/09/26 06:03:13.169, 0, 80 %, 91115 MiB, 205.71 W, 2422 MHz, 12481 MHz, 46
2026/09/26 06:03:13.169, 1, 67 %, 91081 MiB, 218.65 W, 2422 MHz, 12481 MHz, 46
2026/09/26 06:03:13.419, 0, 89 %, 91115 MiB, 210.23 W, 2422 MHz, 12481 MHz, 47
2026/09/26 06:03:13.419, 1, 72 %, 91081 MiB, 217.93 W, 2422 MHz, 12481 MHz, 47
2026/09/26 06:03:13.669, 0, 89 %, 91115 MiB, 211.90 W, 2400 MHz, 12481 MHz, 46
2026/09/26 06:03:13.669, 1, 67 %, 91081 MiB, 231.61 W, 2422 MHz, 12481 MHz, 47
2026/09/26 06:03:13.920, 0, 87 %, 91115 MiB, 209.22 W, 2422 MHz, 12481 MHz, 46
2026/09/26 06:03:13.920, 1, 64 %, 91081 MiB, 226.82 W, 2422 MHz, 12481 MHz, 47
2026/09/26 06:03:14.170, 0, 82 %, 91115 MiB, 211.23 W, 2422 MHz, 12481 MHz, 46
2026/09/26 06:03:14.170, 1, 69 %, 91081 MiB, 225.89 W, 2422 MHz, 12481 MHz, 47
2026/09/26 06:03:14.420, 0, 88 %, 91115 MiB, 207.01 W, 2422 MHz, 12481 MHz, 46
2026/09/26 06:03:14.420, 1, 74 %, 91081 MiB, 225.75 W, 2422 MHz, 12481 MHz, 46
2026/09/26 06:03:14.670, 0, 87 %, 91115 MiB, 208.90 W, 2422 MHz, 12481 MHz, 46
2026/09/26 06:03:14.670, 1, 64 %, 91081 MiB, 217.27 W, 2422 MHz, 12481 MHz, 47
2026/09/26 06:03:14.920, 0, 81 %, 91115 MiB, 212.11 W, 2422 MHz, 12481 MHz, 46
2026/09/26 06:03:14.920, 1, 69 %, 91081 MiB, 235.53 W, 2422 MHz, 12481 MHz, 48
2026/09/26 06:03:15.170, 0, 82 %, 91115 MiB, 211.25 W, 2400 MHz, 12481 MHz, 46
2026/09/26 06:03:15.170, 1, 68 %, 91081 MiB, 228.87 W, 2422 MHz, 12481 MHz, 46
2026/09/26 06:03:15.420, 0, 83 %, 91115 MiB, 204.41 W, 2422 MHz, 12481 MHz, 46
2026/09/26 06:03:15.420, 1, 73 %, 91081 MiB, 228.59 W, 2422 MHz, 12481 MHz, 47
2026/09/26 06:03:15.670, 0, 88 %, 91115 MiB, 207.80 W, 2422 MHz, 12481 MHz, 46
2026/09/26 06:03:15.670, 1, 65 %, 91081 MiB, 232.26 W, 2422 MHz, 12481 MHz, 47
2026/09/26 06:03:15.920, 0, 83 %, 91115 MiB, 210.27 W, 2422 MHz, 12481 MHz, 46
2026/09/26 06:03:15.920, 1, 65 %, 91081 MiB, 217.75 W, 2422 MHz, 12481 MHz, 47
2026/09/26 06:03:16.170, 0, 81 %, 91115 MiB, 204.86 W, 2422 MHz, 12481 MHz, 45
2026/09/26 06:03:16.170, 1, 73 %, 91081 MiB, 214.58 W, 2422 MHz, 12481 MHz, 47
2026/09/26 06:03:16.420, 0, 85 %, 91115 MiB, 206.79 W, 2407 MHz, 12481 MHz, 46
2026/09/26 06:03:16.421, 1, 80 %, 91081 MiB, 231.37 W, 2422 MHz, 12481 MHz, 48
2026/09/26 06:03:16.671, 0, 90 %, 91115 MiB, 205.35 W, 2422 MHz, 12481 MHz, 46
2026/09/26 06:03:16.671, 1, 62 %, 91081 MiB, 225.33 W, 2422 MHz, 12481 MHz, 46
2026/09/26 06:03:16.921, 0, 88 %, 91115 MiB, 205.38 W, 2422 MHz, 12481 MHz, 46
2026/09/26 06:03:16.921, 1, 64 %, 91081 MiB, 230.15 W, 2422 MHz, 12481 MHz, 47
2026/09/26 06:03:17.171, 0, 84 %, 91115 MiB, 207.16 W, 2422 MHz, 12481 MHz, 46
2026/09/26 06:03:17.171, 1, 66 %, 91081 MiB, 232.99 W, 2422 MHz, 12481 MHz, 46
2026/09/26 06:03:17.421, 0, 84 %, 91115 MiB, 216.16 W, 2422 MHz, 12481 MHz, 46
2026/09/26 06:03:17.421, 1, 73 %, 91081 MiB, 221.73 W, 2422 MHz, 12481 MHz, 46
2026/09/26 06:03:17.671, 0, 68 %, 91115 MiB, 207.15 W, 2422 MHz, 12481 MHz, 44
2026/09/26 06:03:17.671, 1, 80 %, 91081 MiB, 234.13 W, 2422 MHz, 12481 MHz, 49
2026/09/26 06:03:17.921, 0, 85 %, 91115 MiB, 209.79 W, 2422 MHz, 12481 MHz, 45
2026/09/26 06:03:17.921, 1, 68 %, 91081 MiB, 233.16 W, 2422 MHz, 12481 MHz, 46
2026/09/26 06:03:18.171, 0, 90 %, 91115 MiB, 210.32 W, 2422 MHz, 12481 MHz, 46
2026/09/26 06:03:18.171, 1, 64 %, 91081 MiB, 230.07 W, 2422 MHz, 12481 MHz, 47
2026/09/26 06:03:18.421, 0, 83 %, 91115 MiB, 207.16 W, 2422 MHz, 12481 MHz, 45
2026/09/26 06:03:18.421, 1, 64 %, 91081 MiB, 230.83 W, 2422 MHz, 12481 MHz, 46
2026/09/26 06:03:18.671, 0, 83 %, 91115 MiB, 212.09 W, 2422 MHz, 12481 MHz, 46
2026/09/26 06:03:18.671, 1, 73 %, 91081 MiB, 219.59 W, 2422 MHz, 12481 MHz, 47
2026/09/26 06:03:18.921, 0, 84 %, 91115 MiB, 215.27 W, 2422 MHz, 12481 MHz, 45
2026/09/26 06:03:18.921, 1, 72 %, 91081 MiB, 219.88 W, 2422 MHz, 12481 MHz, 46
2026/09/26 06:03:19.172, 0, 67 %, 91115 MiB, 211.11 W, 2415 MHz, 12481 MHz, 46
2026/09/26 06:03:19.172, 1, 80 %, 91081 MiB, 234.17 W, 2422 MHz, 12481 MHz, 48
2026/09/26 06:03:19.422, 0, 91 %, 91115 MiB, 213.42 W, 2407 MHz, 12481 MHz, 47
2026/09/26 06:03:19.422, 1, 66 %, 91081 MiB, 232.15 W, 2422 MHz, 12481 MHz, 47
2026/09/26 06:03:19.672, 0, 89 %, 91115 MiB, 213.59 W, 2422 MHz, 12481 MHz, 46
2026/09/26 06:03:19.672, 1, 64 %, 91081 MiB, 235.16 W, 2422 MHz, 12481 MHz, 47
2026/09/26 06:03:19.922, 0, 89 %, 91115 MiB, 212.44 W, 2422 MHz, 12481 MHz, 46
2026/09/26 06:03:19.922, 1, 64 %, 91081 MiB, 230.38 W, 2422 MHz, 12481 MHz, 47
2026/09/26 06:03:20.172, 0, 85 %, 91115 MiB, 217.04 W, 2422 MHz, 12481 MHz, 46
2026/09/26 06:03:20.172, 1, 71 %, 91081 MiB, 220.96 W, 2422 MHz, 12481 MHz, 46
2026/09/26 06:03:20.422, 0, 81 %, 91115 MiB, 213.14 W, 2422 MHz, 12481 MHz, 45
2026/09/26 06:03:20.422, 1, 73 %, 91081 MiB, 222.36 W, 2422 MHz, 12481 MHz, 46
2026/09/26 06:03:20.672, 0, 85 %, 91115 MiB, 213.98 W, 2407 MHz, 12481 MHz, 46
2026/09/26 06:03:20.672, 1, 73 %, 91081 MiB, 236.52 W, 2422 MHz, 12481 MHz, 48
2026/09/26 06:03:20.922, 0, 86 %, 91115 MiB, 212.90 W, 2422 MHz, 12481 MHz, 46
2026/09/26 06:03:20.922, 1, 74 %, 91081 MiB, 238.04 W, 2422 MHz, 12481 MHz, 46
2026/09/26 06:03:21.172, 0, 87 %, 91115 MiB, 215.71 W, 2422 MHz, 12481 MHz, 45
2026/09/26 06:03:21.172, 1, 67 %, 91081 MiB, 237.34 W, 2422 MHz, 12481 MHz, 47
2026/09/26 06:03:21.422, 0, 90 %, 91115 MiB, 215.58 W, 2422 MHz, 12481 MHz, 46
2026/09/26 06:03:21.422, 1, 63 %, 91081 MiB, 236.14 W, 2422 MHz, 12481 MHz, 48
2026/09/26 06:03:21.673, 0, 87 %, 91115 MiB, 216.79 W, 2422 MHz, 12481 MHz, 45
2026/09/26 06:03:21.673, 1, 63 %, 91081 MiB, 222.15 W, 2422 MHz, 12481 MHz, 48
2026/09/26 06:03:21.923, 0, 85 %, 91115 MiB, 215.56 W, 2422 MHz, 12481 MHz, 46
2026/09/26 06:03:21.923, 1, 68 %, 91081 MiB, 234.70 W, 2422 MHz, 12481 MHz, 48
2026/09/26 06:03:22.173, 0, 95 %, 91115 MiB, 222.88 W, 2400 MHz, 12481 MHz, 46
2026/09/26 06:03:22.173, 1, 85 %, 91081 MiB, 247.76 W, 2422 MHz, 12481 MHz, 48
2026/09/26 06:03:22.423, 0, 92 %, 91115 MiB, 229.08 W, 2422 MHz, 12481 MHz, 46
2026/09/26 06:03:22.423, 1, 86 %, 91081 MiB, 250.67 W, 2422 MHz, 12481 MHz, 47
2026/09/26 06:03:22.673, 0, 95 %, 91115 MiB, 238.27 W, 2422 MHz, 12481 MHz, 47
2026/09/26 06:03:22.673, 1, 84 %, 91081 MiB, 266.03 W, 2422 MHz, 12481 MHz, 48
2026/09/26 06:03:22.923, 0, 11 %, 91115 MiB, 222.01 W, 2422 MHz, 12481 MHz, 43
2026/09/26 06:03:22.923, 1, 16 %, 91081 MiB, 243.06 W, 2422 MHz, 12481 MHz, 45
2026/09/26 06:03:23.173, 0, 81 %, 91115 MiB, 217.03 W, 2370 MHz, 12481 MHz, 45
2026/09/26 06:03:23.173, 1, 95 %, 91081 MiB, 231.59 W, 2422 MHz, 12481 MHz, 46
2026/09/26 06:03:23.423, 0, 96 %, 91115 MiB, 213.99 W, 2407 MHz, 12481 MHz, 45
2026/09/26 06:03:23.423, 1, 99 %, 91081 MiB, 231.38 W, 2415 MHz, 12481 MHz, 46
2026/09/26 06:03:23.673, 0, 96 %, 91115 MiB, 210.81 W, 2407 MHz, 12481 MHz, 45
2026/09/26 06:03:23.673, 1, 99 %, 91081 MiB, 223.44 W, 2415 MHz, 12481 MHz, 46
2026/09/26 06:03:23.923, 0, 96 %, 91115 MiB, 234.44 W, 2407 MHz, 12481 MHz, 45
2026/09/26 06:03:23.924, 1, 99 %, 91081 MiB, 236.91 W, 2415 MHz, 12481 MHz, 46
2026/09/26 06:03:24.174, 0, 96 %, 91115 MiB, 233.48 W, 2407 MHz, 12481 MHz, 45
2026/09/26 06:03:24.174, 1, 99 %, 91081 MiB, 243.84 W, 2415 MHz, 12481 MHz, 46
2026/09/26 06:03:24.424, 0, 96 %, 91115 MiB, 233.61 W, 2407 MHz, 12481 MHz, 45
2026/09/26 06:03:24.424, 1, 99 %, 91081 MiB, 244.34 W, 2415 MHz, 12481 MHz, 46
2026/09/26 06:03:24.674, 0, 96 %, 91115 MiB, 233.29 W, 2407 MHz, 12481 MHz, 45
2026/09/26 06:03:24.674, 1, 99 %, 91081 MiB, 244.35 W, 2415 MHz, 12481 MHz, 46
2026/09/26 06:03:24.924, 0, 96 %, 91115 MiB, 233.62 W, 2407 MHz, 12481 MHz, 45
2026/09/26 06:03:24.924, 1, 99 %, 91081 MiB, 244.95 W, 2415 MHz, 12481 MHz, 46
2026/09/26 06:03:25.174, 0, 96 %, 91115 MiB, 234.10 W, 2407 MHz, 12481 MHz, 45
2026/09/26 06:03:25.174, 1, 99 %, 91081 MiB, 244.30 W, 2415 MHz, 12481 MHz, 46
2026/09/26 06:03:25.424, 0, 96 %, 91115 MiB, 234.39 W, 2407 MHz, 12481 MHz, 45
2026/09/26 06:03:25.424, 1, 99 %, 91081 MiB, 244.78 W, 2415 MHz, 12481 MHz, 46
2026/09/26 06:03:25.674, 0, 59 %, 91115 MiB, 224.41 W, 2407 MHz, 12481 MHz, 43
2026/09/26 06:03:25.674, 1, 47 %, 91081 MiB, 229.04 W, 2415 MHz, 12481 MHz, 44
2026/09/26 06:03:25.924, 0, 87 %, 91115 MiB, 216.36 W, 2392 MHz, 12481 MHz, 45
2026/09/26 06:03:25.924, 1, 65 %, 91081 MiB, 229.24 W, 2400 MHz, 12481 MHz, 47
2026/09/26 06:03:26.174, 0, 80 %, 91115 MiB, 214.46 W, 2422 MHz, 12481 MHz, 46
2026/09/26 06:03:26.174, 1, 66 %, 91081 MiB, 224.96 W, 2415 MHz, 12481 MHz, 46
2026/09/26 06:03:26.425, 0, 88 %, 91115 MiB, 211.07 W, 2422 MHz, 12481 MHz, 46
2026/09/26 06:03:26.425, 1, 72 %, 91081 MiB, 218.39 W, 2422 MHz, 12481 MHz, 46
2026/09/26 06:03:26.675, 0, 83 %, 91115 MiB, 214.05 W, 2422 MHz, 12481 MHz, 45
2026/09/26 06:03:26.675, 1, 64 %, 91081 MiB, 220.02 W, 2422 MHz, 12481 MHz, 46
2026/09/26 06:03:26.925, 0, 79 %, 91115 MiB, 209.07 W, 2422 MHz, 12481 MHz, 45
2026/09/26 06:03:26.925, 1, 73 %, 91081 MiB, 211.79 W, 2422 MHz, 12481 MHz, 47
2026/09/26 06:03:27.175, 0, 64 %, 91115 MiB, 200.76 W, 2415 MHz, 12481 MHz, 45
2026/09/26 06:03:27.175, 1, 80 %, 91081 MiB, 218.54 W, 2422 MHz, 12481 MHz, 47
2026/09/26 06:03:27.425, 0, 88 %, 91115 MiB, 199.64 W, 2407 MHz, 12481 MHz, 46
2026/09/26 06:03:27.425, 1, 67 %, 91081 MiB, 224.34 W, 2422 MHz, 12481 MHz, 47
2026/09/26 06:03:27.675, 0, 82 %, 91115 MiB, 202.50 W, 2422 MHz, 12481 MHz, 45
2026/09/26 06:03:27.675, 1, 64 %, 91081 MiB, 226.02 W, 2422 MHz, 12481 MHz, 46
2026/09/26 06:03:27.925, 0, 81 %, 91115 MiB, 206.32 W, 2422 MHz, 12481 MHz, 45
2026/09/26 06:03:27.925, 1, 73 %, 91081 MiB, 227.51 W, 2422 MHz, 12481 MHz, 47
2026/09/26 06:03:28.175, 0, 83 %, 91115 MiB, 217.56 W, 2422 MHz, 12481 MHz, 45
2026/09/26 06:03:28.175, 1, 70 %, 91081 MiB, 221.54 W, 2422 MHz, 12481 MHz, 46
2026/09/26 06:03:28.425, 0, 47 %, 91115 MiB, 208.77 W, 2422 MHz, 12481 MHz, 43
2026/09/26 06:03:28.425, 1, 64 %, 91081 MiB, 220.66 W, 2422 MHz, 12481 MHz, 46
2026/09/26 06:03:28.676, 0, 88 %, 91115 MiB, 207.60 W, 2407 MHz, 12481 MHz, 45
2026/09/26 06:03:28.676, 1, 64 %, 91081 MiB, 230.58 W, 2422 MHz, 12481 MHz, 47
2026/09/26 06:03:28.926, 0, 84 %, 91115 MiB, 214.41 W, 2422 MHz, 12481 MHz, 46
2026/09/26 06:03:28.926, 1, 69 %, 91081 MiB, 232.04 W, 2422 MHz, 12481 MHz, 47
2026/09/26 06:03:29.176, 0, 83 %, 91115 MiB, 207.91 W, 2422 MHz, 12481 MHz, 45
2026/09/26 06:03:29.176, 1, 73 %, 91081 MiB, 228.59 W, 2422 MHz, 12481 MHz, 47
2026/09/26 06:03:29.426, 0, 90 %, 91115 MiB, 215.26 W, 2422 MHz, 12481 MHz, 46
2026/09/26 06:03:29.426, 1, 73 %, 91081 MiB, 228.57 W, 2422 MHz, 12481 MHz, 46
2026/09/26 06:03:29.676, 0, 89 %, 91115 MiB, 216.56 W, 2422 MHz, 12481 MHz, 46
2026/09/26 06:03:29.676, 1, 64 %, 91081 MiB, 222.62 W, 2422 MHz, 12481 MHz, 47
2026/09/26 06:03:29.926, 0, 46 %, 91115 MiB, 211.54 W, 2422 MHz, 12481 MHz, 46
2026/09/26 06:03:29.926, 1, 84 %, 91081 MiB, 234.53 W, 2422 MHz, 12481 MHz, 47
2026/09/26 06:03:30.176, 0, 89 %, 91115 MiB, 215.82 W, 2407 MHz, 12481 MHz, 46
2026/09/26 06:03:30.176, 1, 64 %, 91081 MiB, 235.74 W, 2422 MHz, 12481 MHz, 46
2026/09/26 06:03:30.426, 0, 85 %, 91115 MiB, 214.94 W, 2422 MHz, 12481 MHz, 45
2026/09/26 06:03:30.426, 1, 67 %, 91081 MiB, 236.35 W, 2422 MHz, 12481 MHz, 46
2026/09/26 06:03:30.676, 0, 85 %, 91115 MiB, 214.59 W, 2422 MHz, 12481 MHz, 46
2026/09/26 06:03:30.676, 1, 74 %, 91081 MiB, 234.17 W, 2422 MHz, 12481 MHz, 47
2026/09/26 06:03:30.926, 0, 87 %, 91115 MiB, 218.26 W, 2422 MHz, 12481 MHz, 46
2026/09/26 06:03:30.926, 1, 74 %, 91081 MiB, 223.85 W, 2422 MHz, 12481 MHz, 46
2026/09/26 06:03:31.177, 0, 85 %, 91115 MiB, 219.20 W, 2422 MHz, 12481 MHz, 45
2026/09/26 06:03:31.177, 1, 67 %, 91081 MiB, 225.70 W, 2422 MHz, 12481 MHz, 47
2026/09/26 06:03:31.427, 0, 91 %, 91115 MiB, 215.07 W, 2400 MHz, 12481 MHz, 46
2026/09/26 06:03:31.427, 1, 82 %, 91081 MiB, 235.54 W, 2422 MHz, 12481 MHz, 47
2026/09/26 06:03:31.677, 0, 91 %, 91115 MiB, 215.29 W, 2422 MHz, 12481 MHz, 47
2026/09/26 06:03:31.677, 1, 64 %, 91081 MiB, 235.16 W, 2422 MHz, 12481 MHz, 46
2026/09/26 06:03:31.927, 0, 90 %, 91115 MiB, 216.09 W, 2422 MHz, 12481 MHz, 46
2026/09/26 06:03:31.927, 1, 64 %, 91081 MiB, 235.40 W, 2422 MHz, 12481 MHz, 47
2026/09/26 06:03:32.177, 0, 89 %, 91115 MiB, 214.56 W, 2422 MHz, 12481 MHz, 46
2026/09/26 06:03:32.177, 1, 64 %, 91081 MiB, 235.06 W, 2422 MHz, 12481 MHz, 46
2026/09/26 06:03:32.427, 0, 85 %, 91115 MiB, 220.52 W, 2422 MHz, 12481 MHz, 45
2026/09/26 06:03:32.427, 1, 69 %, 91081 MiB, 222.53 W, 2422 MHz, 12481 MHz, 46
2026/09/26 06:03:32.677, 0, 84 %, 91115 MiB, 214.81 W, 2422 MHz, 12481 MHz, 46
2026/09/26 06:03:32.677, 1, 78 %, 91081 MiB, 236.04 W, 2422 MHz, 12481 MHz, 49
2026/09/26 06:03:32.927, 0, 85 %, 91115 MiB, 214.57 W, 2400 MHz, 12481 MHz, 46
2026/09/26 06:03:32.927, 1, 73 %, 91081 MiB, 234.89 W, 2422 MHz, 12481 MHz, 48
2026/09/26 06:03:33.177, 0, 85 %, 91115 MiB, 212.53 W, 2422 MHz, 12481 MHz, 45
2026/09/26 06:03:33.177, 1, 73 %, 91081 MiB, 233.34 W, 2422 MHz, 12481 MHz, 47
2026/09/26 06:03:33.427, 0, 88 %, 91115 MiB, 213.56 W, 2422 MHz, 12481 MHz, 46
2026/09/26 06:03:33.428, 1, 74 %, 91081 MiB, 230.95 W, 2422 MHz, 12481 MHz, 47
2026/09/26 06:03:33.678, 0, 91 %, 91115 MiB, 215.36 W, 2422 MHz, 12481 MHz, 46
2026/09/26 06:03:33.678, 1, 63 %, 91081 MiB, 221.73 W, 2422 MHz, 12481 MHz, 46
2026/09/26 06:03:33.928, 0, 90 %, 91115 MiB, 216.00 W, 2422 MHz, 12481 MHz, 46
2026/09/26 06:03:33.928, 1, 65 %, 91081 MiB, 220.58 W, 2422 MHz, 12481 MHz, 46
2026/09/26 06:03:34.178, 0, 89 %, 91115 MiB, 211.43 W, 2422 MHz, 12481 MHz, 45
2026/09/26 06:03:34.178, 1, 64 %, 91081 MiB, 235.84 W, 2422 MHz, 12481 MHz, 48
2026/09/26 06:03:34.428, 0, 91 %, 91115 MiB, 211.64 W, 2407 MHz, 12481 MHz, 46
2026/09/26 06:03:34.428, 1, 65 %, 91081 MiB, 236.34 W, 2422 MHz, 12481 MHz, 47
2026/09/26 06:03:34.678, 0, 85 %, 91115 MiB, 212.40 W, 2422 MHz, 12481 MHz, 46
2026/09/26 06:03:34.678, 1, 68 %, 91081 MiB, 236.31 W, 2422 MHz, 12481 MHz, 46
2026/09/26 06:03:34.928, 0, 85 %, 91115 MiB, 210.89 W, 2422 MHz, 12481 MHz, 45
2026/09/26 06:03:34.928, 1, 72 %, 91081 MiB, 236.25 W, 2422 MHz, 12481 MHz, 47
2026/09/26 06:03:35.178, 0, 85 %, 91115 MiB, 220.25 W, 2422 MHz, 12481 MHz, 46
2026/09/26 06:03:35.178, 1, 73 %, 91081 MiB, 224.02 W, 2422 MHz, 12481 MHz, 46
2026/09/26 06:03:35.428, 0, 86 %, 91115 MiB, 215.62 W, 2422 MHz, 12481 MHz, 45
2026/09/26 06:03:35.428, 1, 74 %, 91081 MiB, 226.13 W, 2422 MHz, 12481 MHz, 48
2026/09/26 06:03:35.678, 0, 73 %, 91115 MiB, 211.12 W, 2407 MHz, 12481 MHz, 46
2026/09/26 06:03:35.678, 1, 79 %, 91081 MiB, 238.29 W, 2422 MHz, 12481 MHz, 47
2026/09/26 06:03:35.928, 0, 86 %, 91115 MiB, 212.58 W, 2415 MHz, 12481 MHz, 46
2026/09/26 06:03:35.928, 1, 72 %, 91081 MiB, 236.91 W, 2422 MHz, 12481 MHz, 46
2026/09/26 06:03:36.178, 0, 90 %, 91115 MiB, 213.07 W, 2422 MHz, 12481 MHz, 45
2026/09/26 06:03:36.179, 1, 64 %, 91081 MiB, 238.03 W, 2422 MHz, 12481 MHz, 47
2026/09/26 06:03:36.429, 0, 91 %, 91115 MiB, 215.08 W, 2422 MHz, 12481 MHz, 46
2026/09/26 06:03:36.429, 1, 65 %, 91081 MiB, 238.78 W, 2422 MHz, 12481 MHz, 48
2026/09/26 06:03:36.679, 0, 88 %, 91115 MiB, 219.13 W, 2422 MHz, 12481 MHz, 45
2026/09/26 06:03:36.679, 1, 64 %, 91081 MiB, 225.40 W, 2422 MHz, 12481 MHz, 48
2026/09/26 06:03:36.929, 0, 85 %, 91115 MiB, 218.47 W, 2422 MHz, 12481 MHz, 46
2026/09/26 06:03:36.929, 1, 67 %, 91081 MiB, 224.69 W, 2422 MHz, 12481 MHz, 46
2026/09/26 06:03:37.179, 0, 49 %, 91115 MiB, 212.02 W, 2422 MHz, 12481 MHz, 46
2026/09/26 06:03:37.179, 1, 83 %, 91081 MiB, 235.27 W, 2422 MHz, 12481 MHz, 46
2026/09/26 06:03:37.429, 0, 85 %, 91115 MiB, 210.18 W, 2422 MHz, 12481 MHz, 46
2026/09/26 06:03:37.429, 1, 68 %, 91081 MiB, 234.72 W, 2422 MHz, 12481 MHz, 47
2026/09/26 06:03:37.679, 0, 84 %, 91115 MiB, 209.76 W, 2422 MHz, 12481 MHz, 45
2026/09/26 06:03:37.679, 1, 73 %, 91081 MiB, 235.73 W, 2422 MHz, 12481 MHz, 48
2026/09/26 06:03:37.929, 0, 86 %, 91115 MiB, 208.37 W, 2422 MHz, 12481 MHz, 46
2026/09/26 06:03:37.929, 1, 74 %, 91081 MiB, 235.91 W, 2422 MHz, 12481 MHz, 47
2026/09/26 06:03:38.179, 0, 86 %, 91115 MiB, 216.16 W, 2422 MHz, 12481 MHz, 47
2026/09/26 06:03:38.179, 1, 74 %, 91081 MiB, 220.14 W, 2422 MHz, 12481 MHz, 47
2026/09/26 06:03:38.429, 0, 88 %, 91115 MiB, 213.54 W, 2422 MHz, 12481 MHz, 45
2026/09/26 06:03:38.429, 1, 65 %, 91081 MiB, 235.07 W, 2422 MHz, 12481 MHz, 48
2026/09/26 06:03:38.679, 0, 88 %, 91115 MiB, 214.40 W, 2407 MHz, 12481 MHz, 46
2026/09/26 06:03:38.679, 1, 67 %, 91081 MiB, 235.26 W, 2422 MHz, 12481 MHz, 46
2026/09/26 06:03:38.929, 0, 91 %, 91115 MiB, 214.21 W, 2422 MHz, 12481 MHz, 46
2026/09/26 06:03:38.930, 1, 62 %, 91081 MiB, 234.19 W, 2422 MHz, 12481 MHz, 46
2026/09/26 06:03:39.180, 0, 90 %, 91115 MiB, 212.81 W, 2422 MHz, 12481 MHz, 45
2026/09/26 06:03:39.180, 1, 65 %, 91081 MiB, 235.65 W, 2422 MHz, 12481 MHz, 48
2026/09/26 06:03:39.430, 0, 89 %, 91115 MiB, 217.25 W, 2422 MHz, 12481 MHz, 46
2026/09/26 06:03:39.430, 1, 64 %, 91081 MiB, 222.49 W, 2422 MHz, 12481 MHz, 46
2026/09/26 06:03:39.680, 0, 85 %, 91115 MiB, 219.54 W, 2422 MHz, 12481 MHz, 46
2026/09/26 06:03:39.680, 1, 67 %, 91081 MiB, 222.43 W, 2422 MHz, 12481 MHz, 47
2026/09/26 06:03:39.930, 0, 37 %, 91115 MiB, 211.78 W, 2422 MHz, 12481 MHz, 43
2026/09/26 06:03:39.930, 1, 95 %, 91081 MiB, 236.54 W, 2422 MHz, 12481 MHz, 48
2026/09/26 06:03:40.180, 0, 86 %, 91115 MiB, 212.34 W, 2407 MHz, 12481 MHz, 46
2026/09/26 06:03:40.180, 1, 67 %, 91081 MiB, 235.84 W, 2422 MHz, 12481 MHz, 47
2026/09/26 06:03:40.430, 0, 84 %, 91115 MiB, 210.59 W, 2422 MHz, 12481 MHz, 46
2026/09/26 06:03:40.430, 1, 72 %, 91081 MiB, 232.88 W, 2422 MHz, 12481 MHz, 46
2026/09/26 06:03:40.680, 0, 85 %, 91115 MiB, 210.54 W, 2422 MHz, 12481 MHz, 46
2026/09/26 06:03:40.680, 1, 73 %, 91081 MiB, 234.38 W, 2422 MHz, 12481 MHz, 47
2026/09/26 06:03:40.930, 0, 86 %, 91115 MiB, 220.58 W, 2422 MHz, 12481 MHz, 46
2026/09/26 06:03:40.930, 1, 74 %, 91081 MiB, 221.66 W, 2422 MHz, 12481 MHz, 46
2026/09/26 06:03:41.180, 0, 86 %, 91115 MiB, 220.23 W, 2422 MHz, 12481 MHz, 46
2026/09/26 06:03:41.180, 1, 71 %, 91081 MiB, 223.29 W, 2422 MHz, 12481 MHz, 46
2026/09/26 06:03:41.430, 0, 72 %, 91115 MiB, 213.09 W, 2415 MHz, 12481 MHz, 46
2026/09/26 06:03:41.430, 1, 79 %, 91081 MiB, 238.28 W, 2422 MHz, 12481 MHz, 48
2026/09/26 06:03:41.681, 0, 87 %, 91115 MiB, 213.35 W, 2422 MHz, 12481 MHz, 45
2026/09/26 06:03:41.681, 1, 67 %, 91081 MiB, 237.30 W, 2422 MHz, 12481 MHz, 46
2026/09/26 06:03:41.931, 0, 91 %, 91115 MiB, 212.72 W, 2422 MHz, 12481 MHz, 46
2026/09/26 06:03:41.931, 1, 62 %, 91081 MiB, 236.11 W, 2422 MHz, 12481 MHz, 46
2026/09/26 06:03:42.181, 0, 91 %, 91115 MiB, 211.81 W, 2422 MHz, 12481 MHz, 46
2026/09/26 06:03:42.181, 1, 65 %, 91081 MiB, 240.16 W, 2422 MHz, 12481 MHz, 48
2026/09/26 06:03:42.431, 0, 90 %, 91115 MiB, 218.88 W, 2422 MHz, 12481 MHz, 46
2026/09/26 06:03:42.431, 1, 64 %, 91081 MiB, 225.02 W, 2422 MHz, 12481 MHz, 47
2026/09/26 06:03:42.681, 0, 88 %, 91115 MiB, 215.26 W, 2422 MHz, 12481 MHz, 47
2026/09/26 06:03:42.681, 1, 64 %, 91081 MiB, 233.99 W, 2422 MHz, 12481 MHz, 48
2026/09/26 06:03:42.931, 0, 89 %, 91115 MiB, 214.78 W, 2422 MHz, 12481 MHz, 45
2026/09/26 06:03:42.931, 1, 63 %, 91081 MiB, 237.45 W, 2422 MHz, 12481 MHz, 48
2026/09/26 06:03:43.181, 0, 89 %, 91115 MiB, 215.57 W, 2422 MHz, 12481 MHz, 46
2026/09/26 06:03:43.181, 1, 63 %, 91081 MiB, 233.29 W, 2422 MHz, 12481 MHz, 46
2026/09/26 06:03:43.431, 0, 86 %, 91115 MiB, 213.58 W, 2422 MHz, 12481 MHz, 46
2026/09/26 06:03:43.431, 1, 67 %, 91081 MiB, 235.48 W, 2422 MHz, 12481 MHz, 47
2026/09/26 06:03:43.681, 0, 84 %, 91115 MiB, 216.52 W, 2422 MHz, 12481 MHz, 45
2026/09/26 06:03:43.681, 1, 73 %, 91081 MiB, 226.29 W, 2422 MHz, 12481 MHz, 47
2026/09/26 06:03:43.931, 0, 84 %, 91115 MiB, 218.75 W, 2422 MHz, 12481 MHz, 46
2026/09/26 06:03:43.931, 1, 73 %, 91081 MiB, 224.03 W, 2422 MHz, 12481 MHz, 47
2026/09/26 06:03:44.182, 0, 86 %, 91115 MiB, 211.47 W, 2422 MHz, 12481 MHz, 44
2026/09/26 06:03:44.182, 1, 73 %, 91081 MiB, 232.02 W, 2422 MHz, 12481 MHz, 47
2026/09/26 06:03:44.432, 0, 64 %, 91115 MiB, 215.72 W, 2422 MHz, 12481 MHz, 46
2026/09/26 06:03:44.432, 1, 79 %, 91081 MiB, 234.33 W, 2422 MHz, 12481 MHz, 46
2026/09/26 06:03:44.682, 0, 85 %, 91115 MiB, 212.62 W, 2422 MHz, 12481 MHz, 46
2026/09/26 06:03:44.682, 1, 75 %, 91081 MiB, 234.18 W, 2422 MHz, 12481 MHz, 46
2026/09/26 06:03:44.932, 0, 86 %, 91115 MiB, 214.49 W, 2422 MHz, 12481 MHz, 46
2026/09/26 06:03:44.932, 1, 71 %, 91081 MiB, 235.47 W, 2422 MHz, 12481 MHz, 46
2026/09/26 06:03:45.182, 0, 89 %, 91115 MiB, 223.71 W, 2422 MHz, 12481 MHz, 45
2026/09/26 06:03:45.182, 1, 67 %, 91081 MiB, 226.62 W, 2422 MHz, 12481 MHz, 47
2026/09/26 06:03:45.432, 0, 91 %, 91115 MiB, 220.80 W, 2422 MHz, 12481 MHz, 45
2026/09/26 06:03:45.432, 1, 62 %, 91081 MiB, 228.36 W, 2422 MHz, 12481 MHz, 47
2026/09/26 06:03:45.682, 0, 32 %, 91115 MiB, 211.95 W, 2422 MHz, 12481 MHz, 46
2026/09/26 06:03:45.682, 1, 86 %, 91081 MiB, 238.38 W, 2422 MHz, 12481 MHz, 47
2026/09/26 06:03:45.932, 0, 91 %, 91115 MiB, 211.67 W, 2422 MHz, 12481 MHz, 46
2026/09/26 06:03:45.932, 1, 63 %, 91081 MiB, 234.83 W, 2422 MHz, 12481 MHz, 46
2026/09/26 06:03:46.182, 0, 90 %, 91115 MiB, 209.45 W, 2422 MHz, 12481 MHz, 46
2026/09/26 06:03:46.182, 1, 65 %, 91081 MiB, 236.28 W, 2422 MHz, 12481 MHz, 47
2026/09/26 06:03:46.432, 0, 89 %, 91115 MiB, 211.22 W, 2422 MHz, 12481 MHz, 46
2026/09/26 06:03:46.433, 1, 64 %, 91081 MiB, 232.84 W, 2422 MHz, 12481 MHz, 47
2026/09/26 06:03:46.683, 0, 89 %, 91115 MiB, 221.97 W, 2422 MHz, 12481 MHz, 46
2026/09/26 06:03:46.683, 1, 63 %, 91081 MiB, 223.37 W, 2422 MHz, 12481 MHz, 48
2026/09/26 06:03:46.933, 0, 86 %, 91115 MiB, 220.81 W, 2422 MHz, 12481 MHz, 46
2026/09/26 06:03:46.933, 1, 67 %, 91081 MiB, 222.72 W, 2422 MHz, 12481 MHz, 47
2026/09/26 06:03:47.183, 0, 39 %, 91115 MiB, 215.91 W, 2407 MHz, 12481 MHz, 46
2026/09/26 06:03:47.183, 1, 93 %, 91081 MiB, 234.83 W, 2422 MHz, 12481 MHz, 46
2026/09/26 06:03:47.433, 0, 89 %, 91115 MiB, 215.44 W, 2415 MHz, 12481 MHz, 46
2026/09/26 06:03:47.433, 1, 64 %, 91081 MiB, 236.27 W, 2422 MHz, 12481 MHz, 46
2026/09/26 06:03:47.683, 0, 84 %, 91115 MiB, 215.10 W, 2422 MHz, 12481 MHz, 45
2026/09/26 06:03:47.683, 1, 72 %, 91081 MiB, 235.46 W, 2422 MHz, 12481 MHz, 47
2026/09/26 06:03:47.933, 0, 84 %, 91115 MiB, 215.68 W, 2422 MHz, 12481 MHz, 45
2026/09/26 06:03:47.933, 1, 73 %, 91081 MiB, 238.63 W, 2422 MHz, 12481 MHz, 47
2026/09/26 06:03:48.183, 0, 84 %, 91115 MiB, 219.57 W, 2422 MHz, 12481 MHz, 47
2026/09/26 06:03:48.183, 1, 73 %, 91081 MiB, 223.74 W, 2422 MHz, 12481 MHz, 46
2026/09/26 06:03:48.433, 0, 84 %, 91115 MiB, 219.43 W, 2422 MHz, 12481 MHz, 46
2026/09/26 06:03:48.433, 1, 73 %, 91081 MiB, 225.71 W, 2422 MHz, 12481 MHz, 47
2026/09/26 06:03:48.683, 0, 84 %, 91115 MiB, 213.81 W, 2400 MHz, 12481 MHz, 45
2026/09/26 06:03:48.683, 1, 73 %, 91081 MiB, 239.89 W, 2422 MHz, 12481 MHz, 48
2026/09/26 06:03:48.933, 0, 84 %, 91115 MiB, 213.12 W, 2422 MHz, 12481 MHz, 46
2026/09/26 06:03:48.933, 1, 73 %, 91081 MiB, 237.60 W, 2422 MHz, 12481 MHz, 47
2026/09/26 06:03:49.184, 0, 85 %, 91115 MiB, 214.78 W, 2422 MHz, 12481 MHz, 46
2026/09/26 06:03:49.184, 1, 74 %, 91081 MiB, 239.25 W, 2422 MHz, 12481 MHz, 47
2026/09/26 06:03:49.434, 0, 85 %, 91115 MiB, 215.73 W, 2422 MHz, 12481 MHz, 45
2026/09/26 06:03:49.434, 1, 74 %, 91081 MiB, 238.36 W, 2422 MHz, 12481 MHz, 48
2026/09/26 06:03:49.684, 0, 85 %, 91115 MiB, 221.36 W, 2422 MHz, 12481 MHz, 46
2026/09/26 06:03:49.684, 1, 70 %, 91081 MiB, 224.70 W, 2422 MHz, 12481 MHz, 46
2026/09/26 06:03:49.934, 0, 88 %, 91115 MiB, 217.94 W, 2422 MHz, 12481 MHz, 46
2026/09/26 06:03:49.934, 1, 65 %, 91081 MiB, 232.93 W, 2422 MHz, 12481 MHz, 47
2026/09/26 06:03:50.184, 0, 76 %, 91115 MiB, 215.29 W, 2407 MHz, 12481 MHz, 46
2026/09/26 06:03:50.184, 1, 78 %, 91081 MiB, 237.33 W, 2422 MHz, 12481 MHz, 47
2026/09/26 06:03:50.434, 0, 85 %, 91115 MiB, 215.03 W, 2422 MHz, 12481 MHz, 47
2026/09/26 06:03:50.434, 1, 72 %, 91081 MiB, 235.01 W, 2422 MHz, 12481 MHz, 48
2026/09/26 06:03:50.684, 0, 89 %, 91115 MiB, 213.18 W, 2422 MHz, 12481 MHz, 46
2026/09/26 06:03:50.684, 1, 65 %, 91081 MiB, 234.33 W, 2422 MHz, 12481 MHz, 47
2026/09/26 06:03:50.934, 0, 91 %, 91115 MiB, 215.20 W, 2422 MHz, 12481 MHz, 46
2026/09/26 06:03:50.934, 1, 63 %, 91081 MiB, 232.39 W, 2422 MHz, 12481 MHz, 47
2026/09/26 06:03:51.184, 0, 91 %, 91115 MiB, 222.08 W, 2422 MHz, 12481 MHz, 45
2026/09/26 06:03:51.184, 1, 62 %, 91081 MiB, 224.57 W, 2422 MHz, 12481 MHz, 47
2026/09/26 06:03:51.434, 0, 90 %, 91115 MiB, 212.46 W, 2422 MHz, 12481 MHz, 46
2026/09/26 06:03:51.434, 1, 64 %, 91081 MiB, 236.28 W, 2422 MHz, 12481 MHz, 49
2026/09/26 06:03:51.685, 0, 90 %, 91115 MiB, 213.11 W, 2415 MHz, 12481 MHz, 46
2026/09/26 06:03:51.685, 1, 62 %, 91081 MiB, 234.07 W, 2422 MHz, 12481 MHz, 47
2026/09/26 06:03:51.935, 0, 91 %, 91115 MiB, 213.72 W, 2422 MHz, 12481 MHz, 46
2026/09/26 06:03:51.935, 1, 64 %, 91081 MiB, 233.36 W, 2422 MHz, 12481 MHz, 46
2026/09/26 06:03:52.185, 0, 90 %, 91115 MiB, 211.72 W, 2422 MHz, 12481 MHz, 46
2026/09/26 06:03:52.185, 1, 64 %, 91081 MiB, 235.18 W, 2422 MHz, 12481 MHz, 48
2026/09/26 06:03:52.435, 0, 90 %, 91115 MiB, 219.78 W, 2422 MHz, 12481 MHz, 46
2026/09/26 06:03:52.435, 1, 64 %, 91081 MiB, 226.00 W, 2422 MHz, 12481 MHz, 47
2026/09/26 06:03:52.685, 0, 88 %, 91115 MiB, 220.82 W, 2422 MHz, 12481 MHz, 46
2026/09/26 06:03:52.685, 1, 63 %, 91081 MiB, 225.45 W, 2422 MHz, 12481 MHz, 47
2026/09/26 06:03:52.935, 0, 51 %, 91115 MiB, 213.96 W, 2422 MHz, 12481 MHz, 44
2026/09/26 06:03:52.935, 1, 83 %, 91081 MiB, 237.64 W, 2422 MHz, 12481 MHz, 47
2026/09/26 06:03:53.185, 0, 89 %, 91115 MiB, 213.47 W, 2407 MHz, 12481 MHz, 46
2026/09/26 06:03:53.185, 1, 64 %, 91081 MiB, 236.89 W, 2422 MHz, 12481 MHz, 48
2026/09/26 06:03:53.435, 0, 89 %, 91115 MiB, 213.17 W, 2422 MHz, 12481 MHz, 46
2026/09/26 06:03:53.435, 1, 64 %, 91081 MiB, 236.73 W, 2422 MHz, 12481 MHz, 47
2026/09/26 06:03:53.685, 0, 88 %, 91115 MiB, 215.14 W, 2422 MHz, 12481 MHz, 45
2026/09/26 06:03:53.685, 1, 63 %, 91081 MiB, 236.67 W, 2422 MHz, 12481 MHz, 47
2026/09/26 06:03:53.936, 0, 89 %, 91115 MiB, 222.71 W, 2422 MHz, 12481 MHz, 46
2026/09/26 06:03:53.936, 1, 63 %, 91081 MiB, 226.05 W, 2422 MHz, 12481 MHz, 48
2026/09/26 06:03:54.186, 0, 89 %, 91115 MiB, 220.26 W, 2422 MHz, 12481 MHz, 46
2026/09/26 06:03:54.186, 1, 64 %, 91081 MiB, 224.33 W, 2422 MHz, 12481 MHz, 46
2026/09/26 06:03:54.436, 0, 84 %, 91115 MiB, 215.51 W, 2415 MHz, 12481 MHz, 46
2026/09/26 06:03:54.436, 1, 68 %, 91081 MiB, 236.69 W, 2422 MHz, 12481 MHz, 47
2026/09/26 06:03:54.686, 0, 89 %, 91115 MiB, 215.26 W, 2415 MHz, 12481 MHz, 45
2026/09/26 06:03:54.686, 1, 62 %, 91081 MiB, 235.99 W, 2422 MHz, 12481 MHz, 48
2026/09/26 06:03:54.936, 0, 89 %, 91115 MiB, 214.53 W, 2422 MHz, 12481 MHz, 46
2026/09/26 06:03:54.936, 1, 63 %, 91081 MiB, 235.72 W, 2422 MHz, 12481 MHz, 47
2026/09/26 06:03:55.186, 0, 87 %, 91115 MiB, 214.69 W, 2422 MHz, 12481 MHz, 46
2026/09/26 06:03:55.186, 1, 66 %, 91081 MiB, 236.57 W, 2422 MHz, 12481 MHz, 46
2026/09/26 06:03:55.436, 0, 86 %, 91115 MiB, 219.65 W, 2422 MHz, 12481 MHz, 46
2026/09/26 06:03:55.436, 1, 68 %, 91081 MiB, 226.23 W, 2422 MHz, 12481 MHz, 46
2026/09/26 06:03:55.686, 0, 83 %, 91115 MiB, 220.08 W, 2422 MHz, 12481 MHz, 45
2026/09/26 06:03:55.686, 1, 72 %, 91081 MiB, 227.84 W, 2422 MHz, 12481 MHz, 47
2026/09/26 06:03:55.936, 0, 51 %, 91115 MiB, 212.80 W, 2422 MHz, 12481 MHz, 46
2026/09/26 06:03:55.936, 1, 82 %, 91081 MiB, 237.09 W, 2422 MHz, 12481 MHz, 48
2026/09/26 06:03:56.186, 0, 87 %, 91115 MiB, 213.56 W, 2422 MHz, 12481 MHz, 46
2026/09/26 06:03:56.186, 1, 67 %, 91081 MiB, 234.68 W, 2422 MHz, 12481 MHz, 46
2026/09/26 06:03:56.437, 0, 86 %, 91115 MiB, 214.31 W, 2422 MHz, 12481 MHz, 46
2026/09/26 06:03:56.437, 1, 68 %, 91081 MiB, 233.92 W, 2422 MHz, 12481 MHz, 46
2026/09/26 06:03:56.687, 0, 83 %, 91115 MiB, 214.66 W, 2422 MHz, 12481 MHz, 45
2026/09/26 06:03:56.687, 1, 73 %, 91081 MiB, 232.90 W, 2422 MHz, 12481 MHz, 47
2026/09/26 06:03:56.937, 0, 83 %, 91115 MiB, 221.16 W, 2422 MHz, 12481 MHz, 45
2026/09/26 06:03:56.937, 1, 73 %, 91081 MiB, 224.15 W, 2422 MHz, 12481 MHz, 47
2026/09/26 06:03:57.187, 0, 83 %, 91115 MiB, 217.12 W, 2422 MHz, 12481 MHz, 47
2026/09/26 06:03:57.187, 1, 72 %, 91081 MiB, 235.57 W, 2422 MHz, 12481 MHz, 47
2026/09/26 06:03:57.437, 0, 32 %, 91115 MiB, 212.61 W, 2422 MHz, 12481 MHz, 45
2026/09/26 06:03:57.437, 1, 97 %, 91081 MiB, 237.49 W, 2422 MHz, 12481 MHz, 47
2026/09/26 06:03:57.687, 0, 83 %, 91115 MiB, 212.58 W, 2422 MHz, 12481 MHz, 46
2026/09/26 06:03:57.687, 1, 71 %, 91081 MiB, 236.99 W, 2422 MHz, 12481 MHz, 47
2026/09/26 06:03:57.937, 0, 83 %, 91115 MiB, 213.68 W, 2422 MHz, 12481 MHz, 45
2026/09/26 06:03:57.937, 1, 73 %, 91081 MiB, 235.61 W, 2422 MHz, 12481 MHz, 47
2026/09/26 06:03:58.187, 0, 84 %, 91115 MiB, 213.41 W, 2422 MHz, 12481 MHz, 46
2026/09/26 06:03:58.187, 1, 74 %, 91081 MiB, 226.97 W, 2422 MHz, 12481 MHz, 47
2026/09/26 06:03:58.437, 0, 83 %, 91115 MiB, 219.98 W, 2422 MHz, 12481 MHz, 46
2026/09/26 06:03:58.437, 1, 74 %, 91081 MiB, 223.93 W, 2422 MHz, 12481 MHz, 46
2026/09/26 06:03:58.687, 0, 83 %, 91115 MiB, 211.09 W, 2422 MHz, 12481 MHz, 45
2026/09/26 06:03:58.688, 1, 76 %, 91081 MiB, 235.39 W, 2422 MHz, 12481 MHz, 49
2026/09/26 06:03:58.938, 0, 84 %, 91115 MiB, 211.10 W, 2407 MHz, 12481 MHz, 46
2026/09/26 06:03:58.938, 1, 71 %, 91081 MiB, 236.88 W, 2422 MHz, 12481 MHz, 47
2026/09/26 06:03:59.188, 0, 83 %, 91115 MiB, 213.59 W, 2422 MHz, 12481 MHz, 46
2026/09/26 06:03:59.188, 1, 70 %, 91081 MiB, 235.59 W, 2422 MHz, 12481 MHz, 47
2026/09/26 06:03:59.438, 0, 83 %, 91115 MiB, 211.92 W, 2422 MHz, 12481 MHz, 47
2026/09/26 06:03:59.438, 1, 72 %, 91081 MiB, 235.50 W, 2422 MHz, 12481 MHz, 47
2026/09/26 06:03:59.688, 0, 84 %, 91115 MiB, 218.37 W, 2422 MHz, 12481 MHz, 45
2026/09/26 06:03:59.688, 1, 74 %, 91081 MiB, 223.01 W, 2422 MHz, 12481 MHz, 47
2026/09/26 06:03:59.938, 0, 83 %, 91115 MiB, 220.08 W, 2422 MHz, 12481 MHz, 45
2026/09/26 06:03:59.938, 1, 73 %, 91081 MiB, 224.66 W, 2422 MHz, 12481 MHz, 47
2026/09/26 06:04:00.188, 0, 83 %, 91115 MiB, 213.50 W, 2422 MHz, 12481 MHz, 44
2026/09/26 06:04:00.188, 1, 73 %, 91081 MiB, 235.38 W, 2422 MHz, 12481 MHz, 49
2026/09/26 06:04:00.438, 0, 52 %, 91115 MiB, 217.59 W, 2407 MHz, 12481 MHz, 46
2026/09/26 06:04:00.438, 1, 82 %, 91081 MiB, 238.25 W, 2422 MHz, 12481 MHz, 46
2026/09/26 06:04:00.688, 0, 83 %, 91115 MiB, 216.23 W, 2422 MHz, 12481 MHz, 46
2026/09/26 06:04:00.688, 1, 70 %, 91081 MiB, 240.38 W, 2422 MHz, 12481 MHz, 47
2026/09/26 06:04:00.938, 0, 83 %, 91115 MiB, 217.55 W, 2422 MHz, 12481 MHz, 46
2026/09/26 06:04:00.938, 1, 71 %, 91081 MiB, 238.26 W, 2422 MHz, 12481 MHz, 47
2026/09/26 06:04:01.189, 0, 83 %, 91115 MiB, 222.65 W, 2422 MHz, 12481 MHz, 47
2026/09/26 06:04:01.189, 1, 73 %, 91081 MiB, 226.85 W, 2422 MHz, 12481 MHz, 47
2026/09/26 06:04:01.439, 0, 83 %, 91115 MiB, 218.59 W, 2422 MHz, 12481 MHz, 46
2026/09/26 06:04:01.439, 1, 73 %, 91081 MiB, 224.70 W, 2422 MHz, 12481 MHz, 47
2026/09/26 06:04:01.689, 0, 34 %, 91115 MiB, 211.47 W, 2422 MHz, 12481 MHz, 43
2026/09/26 06:04:01.689, 1, 97 %, 91081 MiB, 236.33 W, 2422 MHz, 12481 MHz, 48
2026/09/26 06:04:01.939, 0, 87 %, 91115 MiB, 210.03 W, 2422 MHz, 12481 MHz, 47
2026/09/26 06:04:01.939, 1, 67 %, 91081 MiB, 235.97 W, 2422 MHz, 12481 MHz, 48
2026/09/26 06:04:02.189, 0, 86 %, 91115 MiB, 212.51 W, 2422 MHz, 12481 MHz, 46
2026/09/26 06:04:02.189, 1, 67 %, 91081 MiB, 233.68 W, 2422 MHz, 12481 MHz, 46
2026/09/26 06:04:02.439, 0, 85 %, 91115 MiB, 212.73 W, 2422 MHz, 12481 MHz, 46
2026/09/26 06:04:02.439, 1, 68 %, 91081 MiB, 234.29 W, 2422 MHz, 12481 MHz, 46
2026/09/26 06:04:02.689, 0, 84 %, 91115 MiB, 221.06 W, 2422 MHz, 12481 MHz, 46
2026/09/26 06:04:02.689, 1, 69 %, 91081 MiB, 225.10 W, 2422 MHz, 12481 MHz, 47
2026/09/26 06:04:02.939, 0, 83 %, 91115 MiB, 221.38 W, 2422 MHz, 12481 MHz, 46
2026/09/26 06:04:02.939, 1, 70 %, 91081 MiB, 224.27 W, 2422 MHz, 12481 MHz, 47
2026/09/26 06:04:03.189, 0, 83 %, 91115 MiB, 216.81 W, 2422 MHz, 12481 MHz, 46
2026/09/26 06:04:03.189, 1, 72 %, 91081 MiB, 239.63 W, 2422 MHz, 12481 MHz, 47
2026/09/26 06:04:03.440, 0, 88 %, 91115 MiB, 217.30 W, 2407 MHz, 12481 MHz, 46
2026/09/26 06:04:03.440, 1, 63 %, 91081 MiB, 239.21 W, 2422 MHz, 12481 MHz, 46
2026/09/26 06:04:03.690, 0, 88 %, 91115 MiB, 215.43 W, 2422 MHz, 12481 MHz, 46
2026/09/26 06:04:03.690, 1, 62 %, 91081 MiB, 239.62 W, 2422 MHz, 12481 MHz, 48
2026/09/26 06:04:03.940, 0, 88 %, 91115 MiB, 215.79 W, 2422 MHz, 12481 MHz, 46
2026/09/26 06:04:03.940, 1, 62 %, 91081 MiB, 241.35 W, 2422 MHz, 12481 MHz, 48
2026/09/26 06:04:04.190, 0, 88 %, 91115 MiB, 219.22 W, 2422 MHz, 12481 MHz, 46
2026/09/26 06:04:04.190, 1, 62 %, 91081 MiB, 225.99 W, 2422 MHz, 12481 MHz, 46
2026/09/26 06:04:04.440, 0, 88 %, 91115 MiB, 219.52 W, 2422 MHz, 12481 MHz, 46
2026/09/26 06:04:04.440, 1, 62 %, 91081 MiB, 225.48 W, 2422 MHz, 12481 MHz, 46
2026/09/26 06:04:04.690, 0, 41 %, 91115 MiB, 216.98 W, 2422 MHz, 12481 MHz, 46
2026/09/26 06:04:04.690, 1, 83 %, 91081 MiB, 236.34 W, 2422 MHz, 12481 MHz, 47
2026/09/26 06:04:04.940, 0, 89 %, 91115 MiB, 216.34 W, 2407 MHz, 12481 MHz, 46
2026/09/26 06:04:04.940, 1, 63 %, 91081 MiB, 234.46 W, 2422 MHz, 12481 MHz, 46
2026/09/26 06:04:05.190, 0, 89 %, 91115 MiB, 215.99 W, 2422 MHz, 12481 MHz, 46
2026/09/26 06:04:05.190, 1, 63 %, 91081 MiB, 235.59 W, 2422 MHz, 12481 MHz, 48
2026/09/26 06:04:05.440, 0, 89 %, 91115 MiB, 215.80 W, 2422 MHz, 12481 MHz, 46
2026/09/26 06:04:05.440, 1, 63 %, 91081 MiB, 235.25 W, 2422 MHz, 12481 MHz, 48
2026/09/26 06:04:05.690, 0, 89 %, 91115 MiB, 222.97 W, 2422 MHz, 12481 MHz, 46
2026/09/26 06:04:05.690, 1, 73 %, 91081 MiB, 222.97 W, 2422 MHz, 12481 MHz, 46
2026/09/26 06:04:05.941, 0, 89 %, 91115 MiB, 221.36 W, 2422 MHz, 12481 MHz, 46
2026/09/26 06:04:05.941, 1, 73 %, 91081 MiB, 223.48 W, 2422 MHz, 12481 MHz, 47
2026/09/26 06:04:06.191, 0, 56 %, 91115 MiB, 214.62 W, 2422 MHz, 12481 MHz, 45
2026/09/26 06:04:06.191, 1, 79 %, 91081 MiB, 234.93 W, 2422 MHz, 12481 MHz, 48
2026/09/26 06:04:06.441, 0, 90 %, 91115 MiB, 215.07 W, 2415 MHz, 12481 MHz, 45
2026/09/26 06:04:06.441, 1, 74 %, 91081 MiB, 236.02 W, 2422 MHz, 12481 MHz, 47
2026/09/26 06:04:06.691, 0, 90 %, 91115 MiB, 212.34 W, 2422 MHz, 12481 MHz, 46
2026/09/26 06:04:06.691, 1, 74 %, 91081 MiB, 239.04 W, 2422 MHz, 12481 MHz, 47
2026/09/26 06:04:06.941, 0, 90 %, 91115 MiB, 213.74 W, 2422 MHz, 12481 MHz, 46
2026/09/26 06:04:06.941, 1, 75 %, 91081 MiB, 241.75 W, 2422 MHz, 12481 MHz, 47
2026/09/26 06:04:07.191, 0, 90 %, 91115 MiB, 221.20 W, 2422 MHz, 12481 MHz, 45
2026/09/26 06:04:07.191, 1, 74 %, 91081 MiB, 229.79 W, 2422 MHz, 12481 MHz, 47
2026/09/26 06:04:07.441, 0, 90 %, 91115 MiB, 221.11 W, 2422 MHz, 12481 MHz, 45
2026/09/26 06:04:07.441, 1, 73 %, 91081 MiB, 229.92 W, 2422 MHz, 12481 MHz, 47
2026/09/26 06:04:07.691, 0, 81 %, 91115 MiB, 214.43 W, 2422 MHz, 12481 MHz, 46
2026/09/26 06:04:07.691, 1, 66 %, 91081 MiB, 239.52 W, 2422 MHz, 12481 MHz, 46
2026/09/26 06:04:07.941, 0, 85 %, 91115 MiB, 214.17 W, 2422 MHz, 12481 MHz, 47
2026/09/26 06:04:07.941, 1, 65 %, 91081 MiB, 236.20 W, 2422 MHz, 12481 MHz, 46
2026/09/26 06:04:08.191, 0, 84 %, 91115 MiB, 213.86 W, 2422 MHz, 12481 MHz, 47
2026/09/26 06:04:08.191, 1, 64 %, 91081 MiB, 238.09 W, 2422 MHz, 12481 MHz, 47
2026/09/26 06:04:08.442, 0, 85 %, 91115 MiB, 214.58 W, 2422 MHz, 12481 MHz, 46
2026/09/26 06:04:08.442, 1, 65 %, 91081 MiB, 238.90 W, 2422 MHz, 12481 MHz, 47
2026/09/26 06:04:08.692, 0, 85 %, 91115 MiB, 222.78 W, 2422 MHz, 12481 MHz, 46
2026/09/26 06:04:08.692, 1, 62 %, 91081 MiB, 227.91 W, 2422 MHz, 12481 MHz, 46
2026/09/26 06:04:08.942, 0, 84 %, 91115 MiB, 222.58 W, 2422 MHz, 12481 MHz, 46
2026/09/26 06:04:08.942, 1, 64 %, 91081 MiB, 229.62 W, 2422 MHz, 12481 MHz, 46
2026/09/26 06:04:09.192, 0, 26 %, 91115 MiB, 216.48 W, 2415 MHz, 12481 MHz, 46
2026/09/26 06:04:09.192, 1, 63 %, 91081 MiB, 239.45 W, 2422 MHz, 12481 MHz, 46
2026/09/26 06:04:09.442, 0, 84 %, 91115 MiB, 215.06 W, 2422 MHz, 12481 MHz, 46
2026/09/26 06:04:09.442, 1, 64 %, 91081 MiB, 238.03 W, 2422 MHz, 12481 MHz, 47
2026/09/26 06:04:09.692, 0, 83 %, 91115 MiB, 214.73 W, 2422 MHz, 12481 MHz, 45
2026/09/26 06:04:09.692, 1, 64 %, 91081 MiB, 238.51 W, 2422 MHz, 12481 MHz, 48
2026/09/26 06:04:09.942, 0, 83 %, 91115 MiB, 215.11 W, 2422 MHz, 12481 MHz, 45
2026/09/26 06:04:09.942, 1, 64 %, 91081 MiB, 240.28 W, 2422 MHz, 12481 MHz, 48
2026/09/26 06:04:10.192, 0, 83 %, 91115 MiB, 220.51 W, 2422 MHz, 12481 MHz, 47
2026/09/26 06:04:10.192, 1, 63 %, 91081 MiB, 227.48 W, 2422 MHz, 12481 MHz, 47
2026/09/26 06:04:10.442, 0, 83 %, 91115 MiB, 220.02 W, 2422 MHz, 12481 MHz, 47
2026/09/26 06:04:10.442, 1, 63 %, 91081 MiB, 226.14 W, 2422 MHz, 12481 MHz, 47
2026/09/26 06:04:10.692, 0, 85 %, 91115 MiB, 212.03 W, 2407 MHz, 12481 MHz, 46
2026/09/26 06:04:10.692, 1, 69 %, 91081 MiB, 235.49 W, 2422 MHz, 12481 MHz, 47
2026/09/26 06:04:10.942, 0, 87 %, 91115 MiB, 210.31 W, 2422 MHz, 12481 MHz, 47
2026/09/26 06:04:10.942, 1, 70 %, 91081 MiB, 233.96 W, 2422 MHz, 12481 MHz, 48
2026/09/26 06:04:11.193, 0, 88 %, 91115 MiB, 213.68 W, 2422 MHz, 12481 MHz, 47
2026/09/26 06:04:11.193, 1, 71 %, 91081 MiB, 234.10 W, 2422 MHz, 12481 MHz, 46
2026/09/26 06:04:11.443, 0, 88 %, 91115 MiB, 214.23 W, 2422 MHz, 12481 MHz, 47
2026/09/26 06:04:11.443, 1, 72 %, 91081 MiB, 235.18 W, 2422 MHz, 12481 MHz, 47
2026/09/26 06:04:11.693, 0, 88 %, 91115 MiB, 223.36 W, 2422 MHz, 12481 MHz, 46
2026/09/26 06:04:11.693, 1, 73 %, 91081 MiB, 225.84 W, 2422 MHz, 12481 MHz, 48
2026/09/26 06:04:11.943, 0, 88 %, 91115 MiB, 222.12 W, 2422 MHz, 12481 MHz, 46
2026/09/26 06:04:11.943, 1, 78 %, 91081 MiB, 229.90 W, 2422 MHz, 12481 MHz, 47
2026/09/26 06:04:12.193, 0, 41 %, 91115 MiB, 216.89 W, 2407 MHz, 12481 MHz, 46
2026/09/26 06:04:12.193, 1, 73 %, 91081 MiB, 239.50 W, 2422 MHz, 12481 MHz, 48
2026/09/26 06:04:12.443, 0, 89 %, 91115 MiB, 217.28 W, 2422 MHz, 12481 MHz, 45
2026/09/26 06:04:12.443, 1, 72 %, 91081 MiB, 239.55 W, 2422 MHz, 12481 MHz, 48
2026/09/26 06:04:12.693, 0, 90 %, 91115 MiB, 216.08 W, 2422 MHz, 12481 MHz, 47
2026/09/26 06:04:12.693, 1, 72 %, 91081 MiB, 235.19 W, 2422 MHz, 12481 MHz, 46
2026/09/26 06:04:12.943, 0, 90 %, 91115 MiB, 217.32 W, 2422 MHz, 12481 MHz, 46
2026/09/26 06:04:12.943, 1, 75 %, 91081 MiB, 237.98 W, 2422 MHz, 12481 MHz, 47
2026/09/26 06:04:13.193, 0, 90 %, 91115 MiB, 219.23 W, 2422 MHz, 12481 MHz, 46
2026/09/26 06:04:13.193, 1, 74 %, 91081 MiB, 224.62 W, 2422 MHz, 12481 MHz, 47
2026/09/26 06:04:13.444, 0, 90 %, 91115 MiB, 217.71 W, 2422 MHz, 12481 MHz, 46
2026/09/26 06:04:13.444, 1, 73 %, 91081 MiB, 230.57 W, 2422 MHz, 12481 MHz, 47
2026/09/26 06:04:13.694, 0, 91 %, 91115 MiB, 215.86 W, 2422 MHz, 12481 MHz, 47
2026/09/26 06:04:13.694, 1, 78 %, 91081 MiB, 241.80 W, 2422 MHz, 12481 MHz, 48
2026/09/26 06:04:13.944, 0, 91 %, 91115 MiB, 217.90 W, 2422 MHz, 12481 MHz, 47
2026/09/26 06:04:13.944, 1, 77 %, 91081 MiB, 243.88 W, 2422 MHz, 12481 MHz, 48
2026/09/26 06:04:14.194, 0, 89 %, 91115 MiB, 224.69 W, 2422 MHz, 12481 MHz, 47
2026/09/26 06:04:14.194, 1, 70 %, 91081 MiB, 250.85 W, 2422 MHz, 12481 MHz, 48
2026/09/26 06:04:14.444, 0, 88 %, 91115 MiB, 224.87 W, 2422 MHz, 12481 MHz, 47
2026/09/26 06:04:14.444, 1, 71 %, 91081 MiB, 250.38 W, 2422 MHz, 12481 MHz, 47
2026/09/26 06:04:14.694, 0, 88 %, 91115 MiB, 217.44 W, 2407 MHz, 12481 MHz, 45
2026/09/26 06:04:14.694, 1, 91 %, 91081 MiB, 232.49 W, 2415 MHz, 12481 MHz, 46
2026/09/26 06:04:14.944, 0, 88 %, 91115 MiB, 210.92 W, 2415 MHz, 12481 MHz, 45
2026/09/26 06:04:14.944, 1, 91 %, 91081 MiB, 223.07 W, 2415 MHz, 12481 MHz, 46
2026/09/26 06:04:15.194, 0, 88 %, 91115 MiB, 198.85 W, 2415 MHz, 12481 MHz, 44
2026/09/26 06:04:15.194, 1, 91 %, 91081 MiB, 213.92 W, 2415 MHz, 12481 MHz, 46
2026/09/26 06:04:15.444, 0, 88 %, 91115 MiB, 194.17 W, 2415 MHz, 12481 MHz, 45
2026/09/26 06:04:15.444, 1, 91 %, 91081 MiB, 201.79 W, 2415 MHz, 12481 MHz, 46
2026/09/26 06:04:15.694, 0, 88 %, 91115 MiB, 200.00 W, 2415 MHz, 12481 MHz, 44
2026/09/26 06:04:15.694, 1, 91 %, 91081 MiB, 207.02 W, 2415 MHz, 12481 MHz, 45
2026/09/26 06:04:15.944, 0, 88 %, 91115 MiB, 199.51 W, 2415 MHz, 12481 MHz, 44
2026/09/26 06:04:15.944, 1, 91 %, 91081 MiB, 207.21 W, 2415 MHz, 12481 MHz, 45
2026/09/26 06:04:16.194, 0, 87 %, 91115 MiB, 197.38 W, 2415 MHz, 12481 MHz, 44
2026/09/26 06:04:16.195, 1, 91 %, 91081 MiB, 207.18 W, 2415 MHz, 12481 MHz, 45
2026/09/26 06:04:16.445, 0, 88 %, 91115 MiB, 196.43 W, 2415 MHz, 12481 MHz, 44
2026/09/26 06:04:16.445, 1, 91 %, 91081 MiB, 207.69 W, 2415 MHz, 12481 MHz, 45
2026/09/26 06:04:16.695, 0, 88 %, 91115 MiB, 196.44 W, 2415 MHz, 12481 MHz, 44
2026/09/26 06:04:16.695, 1, 91 %, 91081 MiB, 207.72 W, 2415 MHz, 12481 MHz, 45
2026/09/26 06:04:16.945, 0, 87 %, 91115 MiB, 196.21 W, 2415 MHz, 12481 MHz, 44
2026/09/26 06:04:16.945, 1, 91 %, 91081 MiB, 207.98 W, 2415 MHz, 12481 MHz, 45
2026/09/26 06:04:17.195, 0, 88 %, 91115 MiB, 196.37 W, 2415 MHz, 12481 MHz, 44
2026/09/26 06:04:17.195, 1, 91 %, 91081 MiB, 207.84 W, 2415 MHz, 12481 MHz, 45
2026/09/26 06:04:17.445, 0, 87 %, 91115 MiB, 195.54 W, 2415 MHz, 12481 MHz, 44
2026/09/26 06:04:17.445, 1, 91 %, 91081 MiB, 207.63 W, 2415 MHz, 12481 MHz, 45
2026/09/26 06:04:17.695, 0, 88 %, 91115 MiB, 192.89 W, 2415 MHz, 12481 MHz, 44
2026/09/26 06:04:17.695, 1, 91 %, 91081 MiB, 207.67 W, 2415 MHz, 12481 MHz, 45
2026/09/26 06:04:17.945, 0, 88 %, 91115 MiB, 191.14 W, 2415 MHz, 12481 MHz, 44
2026/09/26 06:04:17.945, 1, 91 %, 91081 MiB, 207.28 W, 2415 MHz, 12481 MHz, 45
2026/09/26 06:04:18.195, 0, 88 %, 91115 MiB, 192.51 W, 2415 MHz, 12481 MHz, 44
2026/09/26 06:04:18.195, 1, 91 %, 91081 MiB, 207.72 W, 2415 MHz, 12481 MHz, 45
2026/09/26 06:04:18.445, 0, 88 %, 91115 MiB, 193.49 W, 2415 MHz, 12481 MHz, 44
2026/09/26 06:04:18.445, 1, 90 %, 91081 MiB, 207.63 W, 2415 MHz, 12481 MHz, 45
2026/09/26 06:04:18.695, 0, 87 %, 91115 MiB, 197.20 W, 2415 MHz, 12481 MHz, 44
2026/09/26 06:04:18.695, 1, 90 %, 91081 MiB, 207.39 W, 2415 MHz, 12481 MHz, 45
2026/09/26 06:04:18.946, 0, 88 %, 91115 MiB, 197.51 W, 2415 MHz, 12481 MHz, 44
2026/09/26 06:04:18.946, 1, 91 %, 91081 MiB, 207.57 W, 2415 MHz, 12481 MHz, 45
2026/09/26 06:04:19.196, 0, 87 %, 91115 MiB, 198.71 W, 2415 MHz, 12481 MHz, 44
2026/09/26 06:04:19.196, 1, 90 %, 91081 MiB, 206.75 W, 2415 MHz, 12481 MHz, 45
2026/09/26 06:04:19.446, 0, 87 %, 91115 MiB, 198.88 W, 2415 MHz, 12481 MHz, 44
2026/09/26 06:04:19.446, 1, 83 %, 91081 MiB, 207.65 W, 2415 MHz, 12481 MHz, 47
2026/09/26 06:04:19.696, 0, 80 %, 91115 MiB, 205.70 W, 2407 MHz, 12481 MHz, 44
2026/09/26 06:04:19.696, 1, 65 %, 91081 MiB, 214.28 W, 2422 MHz, 12481 MHz, 45
2026/09/26 06:04:19.946, 0, 80 %, 91115 MiB, 212.38 W, 2422 MHz, 12481 MHz, 46
2026/09/26 06:04:19.946, 1, 64 %, 91081 MiB, 212.90 W, 2422 MHz, 12481 MHz, 46
2026/09/26 06:04:20.196, 0, 88 %, 91115 MiB, 212.90 W, 2422 MHz, 12481 MHz, 46
2026/09/26 06:04:20.196, 1, 73 %, 91081 MiB, 208.74 W, 2422 MHz, 12481 MHz, 47
2026/09/26 06:04:20.446, 0, 85 %, 91115 MiB, 215.02 W, 2422 MHz, 12481 MHz, 46
2026/09/26 06:04:20.446, 1, 65 %, 91081 MiB, 209.40 W, 2422 MHz, 12481 MHz, 47
2026/09/26 06:04:20.696, 0, 82 %, 91115 MiB, 204.34 W, 2422 MHz, 12481 MHz, 45
2026/09/26 06:04:20.696, 1, 91 %, 91081 MiB, 220.08 W, 2422 MHz, 12481 MHz, 48
2026/09/26 06:04:20.946, 0, 75 %, 91115 MiB, 203.64 W, 2400 MHz, 12481 MHz, 46
2026/09/26 06:04:20.946, 1, 67 %, 91081 MiB, 228.60 W, 2422 MHz, 12481 MHz, 46
2026/09/26 06:04:21.196, 0, 90 %, 91115 MiB, 205.05 W, 2422 MHz, 12481 MHz, 46
2026/09/26 06:04:21.196, 1, 73 %, 91081 MiB, 230.05 W, 2422 MHz, 12481 MHz, 47
2026/09/26 06:04:21.447, 0, 87 %, 91115 MiB, 205.96 W, 2422 MHz, 12481 MHz, 46
2026/09/26 06:04:21.447, 1, 65 %, 91081 MiB, 230.78 W, 2422 MHz, 12481 MHz, 47
2026/09/26 06:04:21.697, 0, 82 %, 91115 MiB, 211.78 W, 2422 MHz, 12481 MHz, 46
2026/09/26 06:04:21.697, 1, 65 %, 91081 MiB, 218.34 W, 2422 MHz, 12481 MHz, 46
2026/09/26 06:04:21.947, 0, 87 %, 91115 MiB, 209.82 W, 2422 MHz, 12481 MHz, 46
2026/09/26 06:04:21.947, 1, 73 %, 91081 MiB, 209.33 W, 2422 MHz, 12481 MHz, 47
2026/09/26 06:04:22.197, 0, 87 %, 91115 MiB, 199.99 W, 2422 MHz, 12481 MHz, 45
2026/09/26 06:04:22.197, 1, 99 %, 91081 MiB, 227.03 W, 2422 MHz, 12481 MHz, 48
2026/09/26 06:04:22.447, 0, 90 %, 91115 MiB, 206.96 W, 2407 MHz, 12481 MHz, 46
2026/09/26 06:04:22.447, 1, 74 %, 91081 MiB, 228.34 W, 2422 MHz, 12481 MHz, 46
2026/09/26 06:04:22.697, 0, 84 %, 91115 MiB, 202.21 W, 2422 MHz, 12481 MHz, 45
2026/09/26 06:04:22.697, 1, 63 %, 91081 MiB, 227.57 W, 2422 MHz, 12481 MHz, 47
2026/09/26 06:04:22.947, 0, 84 %, 91115 MiB, 206.17 W, 2422 MHz, 12481 MHz, 46
2026/09/26 06:04:22.947, 1, 64 %, 91081 MiB, 228.68 W, 2422 MHz, 12481 MHz, 47
2026/09/26 06:04:23.197, 0, 85 %, 91115 MiB, 218.43 W, 2422 MHz, 12481 MHz, 45
2026/09/26 06:04:23.197, 1, 70 %, 91081 MiB, 222.88 W, 2422 MHz, 12481 MHz, 47
2026/09/26 06:04:23.447, 0, 90 %, 91115 MiB, 211.12 W, 2422 MHz, 12481 MHz, 46
2026/09/26 06:04:23.447, 1, 73 %, 91081 MiB, 216.27 W, 2422 MHz, 12481 MHz, 47
2026/09/26 06:04:23.697, 0, 91 %, 91115 MiB, 208.93 W, 2415 MHz, 12481 MHz, 45
2026/09/26 06:04:23.697, 1, 99 %, 91081 MiB, 232.69 W, 2422 MHz, 12481 MHz, 47
2026/09/26 06:04:23.948, 0, 89 %, 91115 MiB, 206.28 W, 2422 MHz, 12481 MHz, 46
2026/09/26 06:04:23.948, 1, 69 %, 91081 MiB, 232.01 W, 2422 MHz, 12481 MHz, 46
2026/09/26 06:04:24.198, 0, 85 %, 91115 MiB, 205.64 W, 2422 MHz, 12481 MHz, 46
2026/09/26 06:04:24.198, 1, 62 %, 91081 MiB, 227.87 W, 2422 MHz, 12481 MHz, 46
2026/09/26 06:04:24.448, 0, 85 %, 91115 MiB, 211.73 W, 2422 MHz, 12481 MHz, 46
2026/09/26 06:04:24.448, 1, 65 %, 91081 MiB, 233.98 W, 2422 MHz, 12481 MHz, 47
2026/09/26 06:04:24.698, 0, 86 %, 91115 MiB, 216.36 W, 2422 MHz, 12481 MHz, 46
2026/09/26 06:04:24.698, 1, 64 %, 91081 MiB, 223.30 W, 2422 MHz, 12481 MHz, 46
2026/09/26 06:04:24.948, 0, 91 %, 91115 MiB, 212.30 W, 2422 MHz, 12481 MHz, 46
2026/09/26 06:04:24.948, 1, 97 %, 91081 MiB, 232.56 W, 2422 MHz, 12481 MHz, 48
2026/09/26 06:04:25.198, 0, 82 %, 91115 MiB, 211.16 W, 2422 MHz, 12481 MHz, 45
2026/09/26 06:04:25.198, 1, 71 %, 91081 MiB, 237.27 W, 2422 MHz, 12481 MHz, 47
2026/09/26 06:04:25.448, 0, 91 %, 91115 MiB, 207.62 W, 2422 MHz, 12481 MHz, 45
2026/09/26 06:04:25.448, 1, 73 %, 91081 MiB, 237.33 W, 2422 MHz, 12481 MHz, 46
2026/09/26 06:04:25.698, 0, 89 %, 91115 MiB, 208.98 W, 2422 MHz, 12481 MHz, 45
2026/09/26 06:04:25.698, 1, 74 %, 91081 MiB, 230.76 W, 2422 MHz, 12481 MHz, 47
2026/09/26 06:04:25.948, 0, 87 %, 91115 MiB, 213.22 W, 2422 MHz, 12481 MHz, 46
2026/09/26 06:04:25.948, 1, 66 %, 91081 MiB, 225.86 W, 2422 MHz, 12481 MHz, 47
2026/09/26 06:04:26.198, 0, 85 %, 91115 MiB, 216.86 W, 2422 MHz, 12481 MHz, 47
2026/09/26 06:04:26.198, 1, 65 %, 91081 MiB, 222.18 W, 2422 MHz, 12481 MHz, 46
2026/09/26 06:04:26.449, 0, 85 %, 91115 MiB, 210.24 W, 2422 MHz, 12481 MHz, 44
2026/09/26 06:04:26.449, 1, 84 %, 91081 MiB, 233.10 W, 2422 MHz, 12481 MHz, 48
2026/09/26 06:04:26.699, 0, 85 %, 91115 MiB, 210.75 W, 2422 MHz, 12481 MHz, 46
2026/09/26 06:04:26.699, 1, 65 %, 91081 MiB, 234.31 W, 2422 MHz, 12481 MHz, 48
2026/09/26 06:04:26.949, 0, 86 %, 91115 MiB, 213.65 W, 2422 MHz, 12481 MHz, 46
2026/09/26 06:04:26.949, 1, 64 %, 91081 MiB, 232.92 W, 2422 MHz, 12481 MHz, 47
2026/09/26 06:04:27.199, 0, 86 %, 91115 MiB, 211.20 W, 2422 MHz, 12481 MHz, 45
2026/09/26 06:04:27.199, 1, 72 %, 91081 MiB, 232.40 W, 2422 MHz, 12481 MHz, 47
2026/09/26 06:04:27.449, 0, 91 %, 91115 MiB, 220.93 W, 2422 MHz, 12481 MHz, 45
2026/09/26 06:04:27.449, 1, 73 %, 91081 MiB, 223.95 W, 2422 MHz, 12481 MHz, 46
2026/09/26 06:04:27.699, 0, 89 %, 91115 MiB, 218.13 W, 2422 MHz, 12481 MHz, 45
2026/09/26 06:04:27.699, 1, 73 %, 91081 MiB, 221.06 W, 2422 MHz, 12481 MHz, 47
2026/09/26 06:04:27.949, 0, 41 %, 91115 MiB, 212.29 W, 2407 MHz, 12481 MHz, 46
2026/09/26 06:04:27.949, 1, 74 %, 91081 MiB, 235.93 W, 2422 MHz, 12481 MHz, 47
2026/09/26 06:04:28.199, 0, 89 %, 91115 MiB, 213.74 W, 2422 MHz, 12481 MHz, 46
2026/09/26 06:04:28.199, 1, 73 %, 91081 MiB, 235.23 W, 2422 MHz, 12481 MHz, 46
2026/09/26 06:04:28.449, 0, 86 %, 91115 MiB, 211.82 W, 2422 MHz, 12481 MHz, 46
2026/09/26 06:04:28.449, 1, 65 %, 91081 MiB, 233.81 W, 2422 MHz, 12481 MHz, 47
2026/09/26 06:04:28.699, 0, 85 %, 91115 MiB, 213.49 W, 2422 MHz, 12481 MHz, 45
2026/09/26 06:04:28.700, 1, 64 %, 91081 MiB, 235.36 W, 2422 MHz, 12481 MHz, 48
2026/09/26 06:04:28.950, 0, 86 %, 91115 MiB, 216.14 W, 2422 MHz, 12481 MHz, 46
2026/09/26 06:04:28.950, 1, 64 %, 91081 MiB, 222.24 W, 2422 MHz, 12481 MHz, 47
2026/09/26 06:04:29.200, 0, 86 %, 91115 MiB, 210.44 W, 2422 MHz, 12481 MHz, 46
2026/09/26 06:04:29.200, 1, 66 %, 91081 MiB, 225.31 W, 2422 MHz, 12481 MHz, 47
2026/09/26 06:04:29.450, 0, 31 %, 91115 MiB, 213.56 W, 2400 MHz, 12481 MHz, 45
2026/09/26 06:04:29.450, 1, 64 %, 91081 MiB, 236.20 W, 2422 MHz, 12481 MHz, 46
2026/09/26 06:04:29.700, 0, 89 %, 91115 MiB, 213.53 W, 2422 MHz, 12481 MHz, 46
2026/09/26 06:04:29.700, 1, 66 %, 91081 MiB, 235.84 W, 2422 MHz, 12481 MHz, 47
2026/09/26 06:04:29.950, 0, 91 %, 91115 MiB, 213.43 W, 2422 MHz, 12481 MHz, 46
2026/09/26 06:04:29.950, 1, 73 %, 91081 MiB, 235.92 W, 2422 MHz, 12481 MHz, 48
2026/09/26 06:04:30.200, 0, 90 %, 91115 MiB, 217.04 W, 2422 MHz, 12481 MHz, 46
2026/09/26 06:04:30.200, 1, 74 %, 91081 MiB, 232.26 W, 2422 MHz, 12481 MHz, 47
2026/09/26 06:04:30.450, 0, 89 %, 91115 MiB, 220.60 W, 2422 MHz, 12481 MHz, 46
2026/09/26 06:04:30.450, 1, 74 %, 91081 MiB, 220.63 W, 2422 MHz, 12481 MHz, 47
2026/09/26 06:04:30.700, 0, 39 %, 91115 MiB, 212.98 W, 2422 MHz, 12481 MHz, 43
2026/09/26 06:04:30.700, 1, 65 %, 91081 MiB, 233.78 W, 2422 MHz, 12481 MHz, 48
2026/09/26 06:04:30.950, 0, 88 %, 91115 MiB, 212.16 W, 2400 MHz, 12481 MHz, 46
2026/09/26 06:04:30.950, 1, 68 %, 91081 MiB, 234.70 W, 2422 MHz, 12481 MHz, 47
2026/09/26 06:04:31.201, 0, 84 %, 91115 MiB, 212.10 W, 2422 MHz, 12481 MHz, 46
2026/09/26 06:04:31.201, 1, 62 %, 91081 MiB, 232.98 W, 2422 MHz, 12481 MHz, 46
2026/09/26 06:04:31.451, 0, 84 %, 91115 MiB, 212.42 W, 2422 MHz, 12481 MHz, 46
2026/09/26 06:04:31.451, 1, 64 %, 91081 MiB, 233.77 W, 2422 MHz, 12481 MHz, 47
2026/09/26 06:04:31.701, 0, 86 %, 91115 MiB, 218.27 W, 2422 MHz, 12481 MHz, 46
2026/09/26 06:04:31.701, 1, 64 %, 91081 MiB, 225.32 W, 2422 MHz, 12481 MHz, 47
2026/09/26 06:04:31.951, 0, 86 %, 91115 MiB, 219.74 W, 2422 MHz, 12481 MHz, 46
2026/09/26 06:04:31.951, 1, 68 %, 91081 MiB, 222.62 W, 2422 MHz, 12481 MHz, 46
2026/09/26 06:04:32.201, 0, 72 %, 91115 MiB, 213.02 W, 2415 MHz, 12481 MHz, 46
2026/09/26 06:04:32.201, 1, 83 %, 91081 MiB, 233.47 W, 2422 MHz, 12481 MHz, 47
2026/09/26 06:04:32.451, 0, 86 %, 91115 MiB, 211.77 W, 2407 MHz, 12481 MHz, 46
2026/09/26 06:04:32.451, 1, 68 %, 91081 MiB, 233.70 W, 2422 MHz, 12481 MHz, 47
2026/09/26 06:04:32.701, 0, 91 %, 91115 MiB, 213.51 W, 2422 MHz, 12481 MHz, 46
2026/09/26 06:04:32.701, 1, 71 %, 91081 MiB, 231.79 W, 2422 MHz, 12481 MHz, 46
2026/09/26 06:04:32.951, 0, 90 %, 91115 MiB, 213.68 W, 2422 MHz, 12481 MHz, 46
2026/09/26 06:04:32.951, 1, 74 %, 91081 MiB, 233.23 W, 2422 MHz, 12481 MHz, 47
2026/09/26 06:04:33.201, 0, 89 %, 91115 MiB, 220.17 W, 2422 MHz, 12481 MHz, 46
2026/09/26 06:04:33.201, 1, 75 %, 91081 MiB, 225.43 W, 2422 MHz, 12481 MHz, 46
2026/09/26 06:04:33.452, 0, 89 %, 91115 MiB, 218.46 W, 2422 MHz, 12481 MHz, 45
2026/09/26 06:04:33.452, 1, 68 %, 91081 MiB, 230.60 W, 2422 MHz, 12481 MHz, 48
2026/09/26 06:04:33.702, 0, 89 %, 91115 MiB, 213.92 W, 2407 MHz, 12481 MHz, 46
2026/09/26 06:04:33.702, 1, 99 %, 91081 MiB, 238.99 W, 2422 MHz, 12481 MHz, 47
2026/09/26 06:04:33.952, 0, 85 %, 91115 MiB, 212.42 W, 2422 MHz, 12481 MHz, 46
2026/09/26 06:04:33.952, 1, 64 %, 91081 MiB, 236.61 W, 2422 MHz, 12481 MHz, 47
2026/09/26 06:04:34.202, 0, 84 %, 91115 MiB, 213.20 W, 2422 MHz, 12481 MHz, 47
2026/09/26 06:04:34.202, 1, 64 %, 91081 MiB, 233.96 W, 2422 MHz, 12481 MHz, 46
2026/09/26 06:04:34.452, 0, 84 %, 91115 MiB, 216.23 W, 2422 MHz, 12481 MHz, 46
2026/09/26 06:04:34.452, 1, 65 %, 91081 MiB, 231.71 W, 2422 MHz, 12481 MHz, 47
2026/09/26 06:04:34.702, 0, 86 %, 91115 MiB, 219.21 W, 2422 MHz, 12481 MHz, 46
2026/09/26 06:04:34.702, 1, 64 %, 91081 MiB, 225.05 W, 2422 MHz, 12481 MHz, 46
2026/09/26 06:04:34.952, 0, 86 %, 91115 MiB, 214.93 W, 2422 MHz, 12481 MHz, 45
2026/09/26 06:04:34.952, 1, 91 %, 91081 MiB, 238.64 W, 2422 MHz, 12481 MHz, 48
2026/09/26 06:04:35.202, 0, 74 %, 91115 MiB, 213.37 W, 2407 MHz, 12481 MHz, 46
2026/09/26 06:04:35.202, 1, 63 %, 91081 MiB, 238.00 W, 2422 MHz, 12481 MHz, 47
2026/09/26 06:04:35.452, 0, 86 %, 91115 MiB, 212.02 W, 2422 MHz, 12481 MHz, 46
2026/09/26 06:04:35.452, 1, 67 %, 91081 MiB, 236.43 W, 2422 MHz, 12481 MHz, 47
2026/09/26 06:04:35.702, 0, 91 %, 91115 MiB, 213.43 W, 2422 MHz, 12481 MHz, 46
2026/09/26 06:04:35.702, 1, 72 %, 91081 MiB, 234.44 W, 2422 MHz, 12481 MHz, 46
2026/09/26 06:04:35.952, 0, 91 %, 91115 MiB, 216.42 W, 2422 MHz, 12481 MHz, 47
2026/09/26 06:04:35.952, 1, 73 %, 91081 MiB, 224.50 W, 2422 MHz, 12481 MHz, 47
2026/09/26 06:04:36.203, 0, 90 %, 91115 MiB, 220.81 W, 2422 MHz, 12481 MHz, 46
2026/09/26 06:04:36.203, 1, 74 %, 91081 MiB, 223.43 W, 2422 MHz, 12481 MHz, 47
2026/09/26 06:04:36.453, 0, 88 %, 91115 MiB, 212.93 W, 2422 MHz, 12481 MHz, 44
2026/09/26 06:04:36.453, 1, 79 %, 91081 MiB, 235.74 W, 2422 MHz, 12481 MHz, 47
2026/09/26 06:04:36.703, 0, 89 %, 91115 MiB, 216.22 W, 2400 MHz, 12481 MHz, 45
2026/09/26 06:04:36.703, 1, 74 %, 91081 MiB, 234.74 W, 2422 MHz, 12481 MHz, 47
2026/09/26 06:04:36.953, 0, 89 %, 91115 MiB, 213.43 W, 2422 MHz, 12481 MHz, 46
2026/09/26 06:04:36.953, 1, 70 %, 91081 MiB, 233.51 W, 2422 MHz, 12481 MHz, 46
2026/09/26 06:04:37.203, 0, 85 %, 91115 MiB, 215.05 W, 2422 MHz, 12481 MHz, 46
2026/09/26 06:04:37.203, 1, 65 %, 91081 MiB, 231.31 W, 2422 MHz, 12481 MHz, 47
2026/09/26 06:04:37.453, 0, 84 %, 91115 MiB, 222.45 W, 2422 MHz, 12481 MHz, 46
2026/09/26 06:04:37.453, 1, 62 %, 91081 MiB, 223.85 W, 2422 MHz, 12481 MHz, 47
2026/09/26 06:04:37.703, 0, 84 %, 91115 MiB, 217.15 W, 2422 MHz, 12481 MHz, 46
2026/09/26 06:04:37.703, 1, 65 %, 91081 MiB, 222.87 W, 2422 MHz, 12481 MHz, 47
2026/09/26 06:04:37.953, 0, 26 %, 91115 MiB, 215.24 W, 2422 MHz, 12481 MHz, 43
2026/09/26 06:04:37.953, 1, 65 %, 91081 MiB, 234.19 W, 2422 MHz, 12481 MHz, 47
2026/09/26 06:04:38.203, 0, 84 %, 91115 MiB, 215.68 W, 2407 MHz, 12481 MHz, 46
2026/09/26 06:04:38.203, 1, 64 %, 91081 MiB, 237.80 W, 2422 MHz, 12481 MHz, 46
2026/09/26 06:04:38.453, 0, 85 %, 91115 MiB, 215.22 W, 2422 MHz, 12481 MHz, 46
2026/09/26 06:04:38.454, 1, 64 %, 91081 MiB, 234.43 W, 2422 MHz, 12481 MHz, 47
2026/09/26 06:04:38.704, 0, 86 %, 91115 MiB, 216.65 W, 2422 MHz, 12481 MHz, 46
2026/09/26 06:04:38.704, 1, 63 %, 91081 MiB, 237.36 W, 2422 MHz, 12481 MHz, 46
2026/09/26 06:04:38.954, 0, 86 %, 91115 MiB, 219.71 W, 2422 MHz, 12481 MHz, 46
2026/09/26 06:04:38.954, 1, 68 %, 91081 MiB, 224.88 W, 2422 MHz, 12481 MHz, 46
2026/09/26 06:04:39.204, 0, 90 %, 91115 MiB, 218.66 W, 2422 MHz, 12481 MHz, 45
2026/09/26 06:04:39.204, 1, 71 %, 91081 MiB, 225.52 W, 2422 MHz, 12481 MHz, 47
2026/09/26 06:04:39.454, 0, 66 %, 91115 MiB, 213.58 W, 2400 MHz, 12481 MHz, 46
2026/09/26 06:04:39.454, 1, 83 %, 91081 MiB, 236.07 W, 2422 MHz, 12481 MHz, 47
2026/09/26 06:04:39.704, 0, 91 %, 91115 MiB, 215.80 W, 2422 MHz, 12481 MHz, 46
2026/09/26 06:04:39.704, 1, 71 %, 91081 MiB, 232.93 W, 2422 MHz, 12481 MHz, 47
2026/09/26 06:04:39.954, 0, 91 %, 91115 MiB, 217.16 W, 2422 MHz, 12481 MHz, 46
2026/09/26 06:04:39.954, 1, 73 %, 91081 MiB, 237.14 W, 2422 MHz, 12481 MHz, 48
2026/09/26 06:04:40.204, 0, 90 %, 91115 MiB, 216.39 W, 2422 MHz, 12481 MHz, 46
2026/09/26 06:04:40.204, 1, 73 %, 91081 MiB, 236.42 W, 2422 MHz, 12481 MHz, 47
2026/09/26 06:04:40.454, 0, 90 %, 91115 MiB, 221.98 W, 2422 MHz, 12481 MHz, 46
2026/09/26 06:04:40.454, 1, 74 %, 91081 MiB, 224.33 W, 2422 MHz, 12481 MHz, 47
2026/09/26 06:04:40.704, 0, 89 %, 91115 MiB, 213.34 W, 2422 MHz, 12481 MHz, 46
2026/09/26 06:04:40.704, 1, 74 %, 91081 MiB, 226.75 W, 2422 MHz, 12481 MHz, 47
2026/09/26 06:04:40.955, 0, 90 %, 91115 MiB, 213.93 W, 2422 MHz, 12481 MHz, 46
2026/09/26 06:04:40.955, 1, 74 %, 91081 MiB, 236.47 W, 2422 MHz, 12481 MHz, 47
2026/09/26 06:04:41.205, 0, 88 %, 91115 MiB, 214.88 W, 2422 MHz, 12481 MHz, 46
2026/09/26 06:04:41.205, 1, 74 %, 91081 MiB, 235.87 W, 2422 MHz, 12481 MHz, 46
2026/09/26 06:04:41.455, 0, 89 %, 91115 MiB, 215.31 W, 2422 MHz, 12481 MHz, 46
2026/09/26 06:04:41.455, 1, 70 %, 91081 MiB, 235.10 W, 2422 MHz, 12481 MHz, 46
2026/09/26 06:04:41.705, 0, 84 %, 91115 MiB, 218.66 W, 2422 MHz, 12481 MHz, 45
2026/09/26 06:04:41.705, 1, 66 %, 91081 MiB, 236.27 W, 2422 MHz, 12481 MHz, 47
2026/09/26 06:04:41.955, 0, 84 %, 91115 MiB, 220.98 W, 2422 MHz, 12481 MHz, 45
2026/09/26 06:04:41.955, 1, 65 %, 91081 MiB, 222.77 W, 2422 MHz, 12481 MHz, 46
2026/09/26 06:04:42.205, 0, 84 %, 91115 MiB, 213.59 W, 2422 MHz, 12481 MHz, 44
2026/09/26 06:04:42.205, 1, 84 %, 91081 MiB, 234.25 W, 2422 MHz, 12481 MHz, 49
2026/09/26 06:04:42.455, 0, 56 %, 91115 MiB, 213.41 W, 2407 MHz, 12481 MHz, 46
2026/09/26 06:04:42.455, 1, 62 %, 91081 MiB, 237.98 W, 2422 MHz, 12481 MHz, 47
2026/09/26 06:04:42.705, 0, 84 %, 91115 MiB, 214.44 W, 2422 MHz, 12481 MHz, 45
2026/09/26 06:04:42.705, 1, 64 %, 91081 MiB, 235.51 W, 2422 MHz, 12481 MHz, 48
2026/09/26 06:04:42.955, 0, 84 %, 91115 MiB, 212.38 W, 2422 MHz, 12481 MHz, 46
2026/09/26 06:04:42.955, 1, 64 %, 91081 MiB, 235.57 W, 2422 MHz, 12481 MHz, 46
2026/09/26 06:04:43.205, 0, 85 %, 91115 MiB, 223.38 W, 2422 MHz, 12481 MHz, 46
2026/09/26 06:04:43.205, 1, 64 %, 91081 MiB, 225.49 W, 2422 MHz, 12481 MHz, 46
2026/09/26 06:04:43.455, 0, 85 %, 91115 MiB, 220.86 W, 2422 MHz, 12481 MHz, 45
2026/09/26 06:04:43.455, 1, 63 %, 91081 MiB, 221.90 W, 2422 MHz, 12481 MHz, 46
2026/09/26 06:04:43.706, 0, 27 %, 91115 MiB, 212.93 W, 2422 MHz, 12481 MHz, 45
2026/09/26 06:04:43.706, 1, 63 %, 91081 MiB, 233.65 W, 2422 MHz, 12481 MHz, 48
2026/09/26 06:04:43.956, 0, 85 %, 91115 MiB, 214.40 W, 2400 MHz, 12481 MHz, 46
2026/09/26 06:04:43.956, 1, 63 %, 91081 MiB, 235.04 W, 2422 MHz, 12481 MHz, 47
2026/09/26 06:04:44.206, 0, 85 %, 91115 MiB, 213.42 W, 2422 MHz, 12481 MHz, 45
2026/09/26 06:04:44.206, 1, 63 %, 91081 MiB, 234.90 W, 2422 MHz, 12481 MHz, 47
2026/09/26 06:04:44.456, 0, 86 %, 91115 MiB, 213.67 W, 2422 MHz, 12481 MHz, 46
2026/09/26 06:04:44.456, 1, 63 %, 91081 MiB, 236.47 W, 2422 MHz, 12481 MHz, 46
2026/09/26 06:04:44.706, 0, 86 %, 91115 MiB, 221.75 W, 2422 MHz, 12481 MHz, 46
2026/09/26 06:04:44.706, 1, 65 %, 91081 MiB, 226.21 W, 2422 MHz, 12481 MHz, 46
2026/09/26 06:04:44.956, 0, 89 %, 91115 MiB, 222.25 W, 2422 MHz, 12481 MHz, 46
2026/09/26 06:04:44.956, 1, 71 %, 91081 MiB, 226.97 W, 2422 MHz, 12481 MHz, 47
2026/09/26 06:04:45.206, 0, 70 %, 91115 MiB, 214.63 W, 2415 MHz, 12481 MHz, 46
2026/09/26 06:04:45.206, 1, 83 %, 91081 MiB, 237.20 W, 2422 MHz, 12481 MHz, 47
2026/09/26 06:04:45.456, 0, 85 %, 91115 MiB, 214.60 W, 2415 MHz, 12481 MHz, 47
2026/09/26 06:04:45.456, 1, 66 %, 91081 MiB, 234.21 W, 2422 MHz, 12481 MHz, 47
2026/09/26 06:04:45.706, 0, 90 %, 91115 MiB, 215.70 W, 2422 MHz, 12481 MHz, 46
2026/09/26 06:04:45.706, 1, 69 %, 91081 MiB, 234.32 W, 2422 MHz, 12481 MHz, 47
2026/09/26 06:04:45.956, 0, 91 %, 91115 MiB, 214.14 W, 2422 MHz, 12481 MHz, 46
2026/09/26 06:04:45.956, 1, 74 %, 91081 MiB, 235.67 W, 2422 MHz, 12481 MHz, 47
2026/09/26 06:04:46.207, 0, 91 %, 91115 MiB, 221.01 W, 2422 MHz, 12481 MHz, 45
2026/09/26 06:04:46.207, 1, 73 %, 91081 MiB, 226.85 W, 2422 MHz, 12481 MHz, 47
2026/09/26 06:04:46.457, 0, 91 %, 91115 MiB, 220.43 W, 2422 MHz, 12481 MHz, 45
2026/09/26 06:04:46.457, 1, 72 %, 91081 MiB, 225.87 W, 2422 MHz, 12481 MHz, 46
2026/09/26 06:04:46.707, 0, 88 %, 91115 MiB, 211.83 W, 2407 MHz, 12481 MHz, 46
2026/09/26 06:04:46.707, 1, 98 %, 91081 MiB, 237.76 W, 2422 MHz, 12481 MHz, 47
2026/09/26 06:04:46.957, 0, 91 %, 91115 MiB, 213.67 W, 2422 MHz, 12481 MHz, 46
2026/09/26 06:04:46.957, 1, 73 %, 91081 MiB, 239.34 W, 2422 MHz, 12481 MHz, 47
2026/09/26 06:04:47.207, 0, 91 %, 91115 MiB, 214.16 W, 2422 MHz, 12481 MHz, 45
2026/09/26 06:04:47.207, 1, 73 %, 91081 MiB, 237.03 W, 2422 MHz, 12481 MHz, 48
2026/09/26 06:04:47.457, 0, 90 %, 91115 MiB, 215.61 W, 2422 MHz, 12481 MHz, 46
2026/09/26 06:04:47.457, 1, 72 %, 91081 MiB, 238.53 W, 2422 MHz, 12481 MHz, 46
2026/09/26 06:04:47.707, 0, 89 %, 91115 MiB, 221.43 W, 2422 MHz, 12481 MHz, 45
2026/09/26 06:04:47.707, 1, 73 %, 91081 MiB, 226.44 W, 2422 MHz, 12481 MHz, 46
2026/09/26 06:04:47.957, 0, 88 %, 91115 MiB, 221.25 W, 2422 MHz, 12481 MHz, 46
2026/09/26 06:04:47.957, 1, 79 %, 91081 MiB, 230.27 W, 2422 MHz, 12481 MHz, 49
2026/09/26 06:04:48.207, 0, 38 %, 91115 MiB, 217.65 W, 2407 MHz, 12481 MHz, 45
2026/09/26 06:04:48.207, 1, 73 %, 91081 MiB, 237.51 W, 2422 MHz, 12481 MHz, 48
2026/09/26 06:04:48.457, 0, 90 %, 91115 MiB, 217.65 W, 2422 MHz, 12481 MHz, 46
2026/09/26 06:04:48.458, 1, 73 %, 91081 MiB, 236.24 W, 2422 MHz, 12481 MHz, 46
2026/09/26 06:04:48.708, 0, 89 %, 91115 MiB, 216.23 W, 2422 MHz, 12481 MHz, 46
2026/09/26 06:04:48.708, 1, 73 %, 91081 MiB, 236.07 W, 2422 MHz, 12481 MHz, 46
2026/09/26 06:04:48.958, 0, 89 %, 91115 MiB, 217.42 W, 2422 MHz, 12481 MHz, 46
2026/09/26 06:04:48.958, 1, 74 %, 91081 MiB, 232.62 W, 2422 MHz, 12481 MHz, 47
2026/09/26 06:04:49.208, 0, 88 %, 91115 MiB, 219.28 W, 2422 MHz, 12481 MHz, 46
2026/09/26 06:04:49.208, 1, 74 %, 91081 MiB, 223.26 W, 2422 MHz, 12481 MHz, 47
2026/09/26 06:04:49.458, 0, 89 %, 91115 MiB, 215.40 W, 2422 MHz, 12481 MHz, 46
2026/09/26 06:04:49.458, 1, 72 %, 91081 MiB, 236.11 W, 2422 MHz, 12481 MHz, 48
2026/09/26 06:04:49.708, 0, 89 %, 91115 MiB, 214.28 W, 2407 MHz, 12481 MHz, 46
2026/09/26 06:04:49.708, 1, 78 %, 91081 MiB, 238.28 W, 2422 MHz, 12481 MHz, 46
2026/09/26 06:04:49.958, 0, 89 %, 91115 MiB, 215.35 W, 2422 MHz, 12481 MHz, 46
2026/09/26 06:04:49.958, 1, 74 %, 91081 MiB, 238.30 W, 2422 MHz, 12481 MHz, 47
2026/09/26 06:04:50.208, 0, 88 %, 91115 MiB, 215.87 W, 2422 MHz, 12481 MHz, 46
2026/09/26 06:04:50.208, 1, 74 %, 91081 MiB, 237.88 W, 2422 MHz, 12481 MHz, 47
2026/09/26 06:04:50.458, 0, 89 %, 91115 MiB, 217.35 W, 2422 MHz, 12481 MHz, 46
2026/09/26 06:04:50.458, 1, 74 %, 91081 MiB, 224.97 W, 2422 MHz, 12481 MHz, 47
2026/09/26 06:04:50.708, 0, 89 %, 91115 MiB, 219.39 W, 2422 MHz, 12481 MHz, 46
2026/09/26 06:04:50.708, 1, 73 %, 91081 MiB, 224.83 W, 2422 MHz, 12481 MHz, 47
2026/09/26 06:04:50.958, 0, 86 %, 91115 MiB, 210.43 W, 2422 MHz, 12481 MHz, 46
2026/09/26 06:04:50.958, 1, 99 %, 91081 MiB, 235.72 W, 2422 MHz, 12481 MHz, 48
2026/09/26 06:04:51.209, 0, 89 %, 91115 MiB, 214.89 W, 2407 MHz, 12481 MHz, 46
2026/09/26 06:04:51.209, 1, 74 %, 91081 MiB, 235.91 W, 2422 MHz, 12481 MHz, 47
2026/09/26 06:04:51.459, 0, 88 %, 91115 MiB, 214.76 W, 2422 MHz, 12481 MHz, 46
2026/09/26 06:04:51.459, 1, 74 %, 91081 MiB, 236.85 W, 2422 MHz, 12481 MHz, 47
2026/09/26 06:04:51.709, 0, 89 %, 91115 MiB, 216.03 W, 2422 MHz, 12481 MHz, 46
2026/09/26 06:04:51.709, 1, 74 %, 91081 MiB, 236.20 W, 2422 MHz, 12481 MHz, 47
2026/09/26 06:04:51.959, 0, 85 %, 91115 MiB, 222.96 W, 2422 MHz, 12481 MHz, 47
2026/09/26 06:04:51.959, 1, 71 %, 91081 MiB, 225.54 W, 2422 MHz, 12481 MHz, 47
2026/09/26 06:04:52.209, 0, 86 %, 91115 MiB, 221.58 W, 2422 MHz, 12481 MHz, 46
2026/09/26 06:04:52.209, 1, 68 %, 91081 MiB, 224.07 W, 2422 MHz, 12481 MHz, 47
2026/09/26 06:04:52.459, 0, 72 %, 91115 MiB, 213.18 W, 2422 MHz, 12481 MHz, 44
2026/09/26 06:04:52.459, 1, 79 %, 91081 MiB, 237.24 W, 2422 MHz, 12481 MHz, 48
2026/09/26 06:04:52.709, 0, 85 %, 91115 MiB, 213.95 W, 2422 MHz, 12481 MHz, 46
2026/09/26 06:04:52.709, 1, 74 %, 91081 MiB, 237.13 W, 2422 MHz, 12481 MHz, 47
2026/09/26 06:04:52.959, 0, 85 %, 91115 MiB, 212.49 W, 2422 MHz, 12481 MHz, 46
2026/09/26 06:04:52.959, 1, 72 %, 91081 MiB, 235.42 W, 2422 MHz, 12481 MHz, 47
2026/09/26 06:04:53.209, 0, 85 %, 91115 MiB, 213.93 W, 2422 MHz, 12481 MHz, 46
2026/09/26 06:04:53.209, 1, 70 %, 91081 MiB, 236.76 W, 2422 MHz, 12481 MHz, 47
2026/09/26 06:04:53.459, 0, 85 %, 91115 MiB, 222.56 W, 2422 MHz, 12481 MHz, 46
2026/09/26 06:04:53.459, 1, 70 %, 91081 MiB, 225.64 W, 2422 MHz, 12481 MHz, 47
2026/09/26 06:04:53.710, 0, 89 %, 91115 MiB, 220.10 W, 2422 MHz, 12481 MHz, 46
2026/09/26 06:04:53.710, 1, 68 %, 91081 MiB, 226.71 W, 2422 MHz, 12481 MHz, 46
2026/09/26 06:04:53.960, 0, 75 %, 91115 MiB, 215.02 W, 2422 MHz, 12481 MHz, 43
2026/09/26 06:04:53.960, 1, 78 %, 91081 MiB, 234.87 W, 2422 MHz, 12481 MHz, 47
2026/09/26 06:04:54.210, 0, 85 %, 91115 MiB, 211.76 W, 2407 MHz, 12481 MHz, 46
2026/09/26 06:04:54.210, 1, 74 %, 91081 MiB, 235.15 W, 2422 MHz, 12481 MHz, 47
2026/09/26 06:04:54.460, 0, 85 %, 91115 MiB, 211.52 W, 2422 MHz, 12481 MHz, 46
2026/09/26 06:04:54.460, 1, 74 %, 91081 MiB, 235.31 W, 2422 MHz, 12481 MHz, 47
2026/09/26 06:04:54.710, 0, 85 %, 91115 MiB, 214.58 W, 2422 MHz, 12481 MHz, 46
2026/09/26 06:04:54.710, 1, 72 %, 91081 MiB, 234.51 W, 2422 MHz, 12481 MHz, 47
2026/09/26 06:04:54.960, 0, 85 %, 91115 MiB, 220.40 W, 2422 MHz, 12481 MHz, 47
2026/09/26 06:04:54.960, 1, 71 %, 91081 MiB, 222.96 W, 2422 MHz, 12481 MHz, 47
2026/09/26 06:04:55.210, 0, 86 %, 91115 MiB, 221.99 W, 2422 MHz, 12481 MHz, 46
2026/09/26 06:04:55.210, 1, 68 %, 91081 MiB, 221.99 W, 2422 MHz, 12481 MHz, 47
2026/09/26 06:04:55.460, 0, 31 %, 91115 MiB, 216.49 W, 2415 MHz, 12481 MHz, 45
2026/09/26 06:04:55.460, 1, 99 %, 91081 MiB, 236.36 W, 2422 MHz, 12481 MHz, 47
2026/09/26 06:04:55.710, 0, 85 %, 91115 MiB, 217.68 W, 2415 MHz, 12481 MHz, 45
2026/09/26 06:04:55.710, 1, 74 %, 91081 MiB, 235.66 W, 2422 MHz, 12481 MHz, 47
2026/09/26 06:04:55.960, 0, 85 %, 91115 MiB, 216.92 W, 2422 MHz, 12481 MHz, 45
2026/09/26 06:04:55.960, 1, 74 %, 91081 MiB, 234.67 W, 2422 MHz, 12481 MHz, 47
2026/09/26 06:04:56.211, 0, 85 %, 91115 MiB, 215.53 W, 2422 MHz, 12481 MHz, 46
2026/09/26 06:04:56.211, 1, 74 %, 91081 MiB, 235.54 W, 2422 MHz, 12481 MHz, 47
2026/09/26 06:04:56.461, 0, 85 %, 91115 MiB, 220.81 W, 2422 MHz, 12481 MHz, 46
2026/09/26 06:04:56.461, 1, 74 %, 91081 MiB, 222.42 W, 2422 MHz, 12481 MHz, 47
2026/09/26 06:04:56.711, 0, 74 %, 91115 MiB, 216.16 W, 2422 MHz, 12481 MHz, 46
2026/09/26 06:04:56.711, 1, 74 %, 91081 MiB, 221.77 W, 2422 MHz, 12481 MHz, 47
2026/09/26 06:04:56.961, 0, 84 %, 91115 MiB, 212.13 W, 2407 MHz, 12481 MHz, 46
2026/09/26 06:04:56.961, 1, 73 %, 91081 MiB, 233.57 W, 2422 MHz, 12481 MHz, 48
2026/09/26 06:04:57.211, 0, 84 %, 91115 MiB, 214.64 W, 2422 MHz, 12481 MHz, 46
2026/09/26 06:04:57.211, 1, 73 %, 91081 MiB, 233.78 W, 2422 MHz, 12481 MHz, 47
2026/09/26 06:04:57.461, 0, 84 %, 91115 MiB, 214.93 W, 2422 MHz, 12481 MHz, 45
2026/09/26 06:04:57.461, 1, 73 %, 91081 MiB, 234.67 W, 2422 MHz, 12481 MHz, 46
2026/09/26 06:04:57.711, 0, 84 %, 91115 MiB, 215.33 W, 2422 MHz, 12481 MHz, 46
2026/09/26 06:04:57.711, 1, 73 %, 91081 MiB, 235.79 W, 2422 MHz, 12481 MHz, 46
2026/09/26 06:04:57.961, 0, 84 %, 91115 MiB, 218.82 W, 2422 MHz, 12481 MHz, 46
2026/09/26 06:04:57.961, 1, 73 %, 91081 MiB, 221.32 W, 2422 MHz, 12481 MHz, 47
2026/09/26 06:04:58.211, 0, 85 %, 91115 MiB, 214.74 W, 2422 MHz, 12481 MHz, 46
2026/09/26 06:04:58.211, 1, 73 %, 91081 MiB, 222.33 W, 2422 MHz, 12481 MHz, 47
2026/09/26 06:04:58.461, 0, 59 %, 91115 MiB, 213.21 W, 2415 MHz, 12481 MHz, 45
2026/09/26 06:04:58.462, 1, 79 %, 91081 MiB, 233.80 W, 2422 MHz, 12481 MHz, 47
2026/09/26 06:04:58.712, 0, 83 %, 91115 MiB, 212.44 W, 2422 MHz, 12481 MHz, 46
2026/09/26 06:04:58.712, 1, 73 %, 91081 MiB, 233.47 W, 2422 MHz, 12481 MHz, 46
2026/09/26 06:04:58.962, 0, 83 %, 91115 MiB, 213.68 W, 2422 MHz, 12481 MHz, 46
2026/09/26 06:04:58.962, 1, 72 %, 91081 MiB, 238.79 W, 2422 MHz, 12481 MHz, 47
2026/09/26 06:04:59.212, 0, 83 %, 91115 MiB, 217.67 W, 2422 MHz, 12481 MHz, 45
2026/09/26 06:04:59.212, 1, 73 %, 91081 MiB, 239.30 W, 2422 MHz, 12481 MHz, 47
2026/09/26 06:04:59.462, 0, 83 %, 91115 MiB, 222.48 W, 2422 MHz, 12481 MHz, 45
2026/09/26 06:04:59.462, 1, 73 %, 91081 MiB, 227.21 W, 2422 MHz, 12481 MHz, 46
2026/09/26 06:04:59.712, 0, 33 %, 91115 MiB, 214.82 W, 2422 MHz, 12481 MHz, 46
2026/09/26 06:04:59.712, 1, 72 %, 91081 MiB, 227.12 W, 2422 MHz, 12481 MHz, 46
2026/09/26 06:04:59.962, 0, 87 %, 91115 MiB, 215.26 W, 2422 MHz, 12481 MHz, 45
2026/09/26 06:04:59.962, 1, 67 %, 91081 MiB, 236.28 W, 2422 MHz, 12481 MHz, 47
2026/09/26 06:05:00.212, 0, 87 %, 91115 MiB, 211.88 W, 2422 MHz, 12481 MHz, 47
2026/09/26 06:05:00.212, 1, 67 %, 91081 MiB, 236.56 W, 2422 MHz, 12481 MHz, 47
2026/09/26 06:05:00.462, 0, 87 %, 91115 MiB, 210.59 W, 2422 MHz, 12481 MHz, 47
2026/09/26 06:05:00.462, 1, 67 %, 91081 MiB, 237.40 W, 2422 MHz, 12481 MHz, 47
2026/09/26 06:05:00.712, 0, 87 %, 91115 MiB, 216.67 W, 2422 MHz, 12481 MHz, 46
2026/09/26 06:05:00.712, 1, 67 %, 91081 MiB, 236.48 W, 2422 MHz, 12481 MHz, 47
2026/09/26 06:05:00.962, 0, 87 %, 91115 MiB, 217.85 W, 2422 MHz, 12481 MHz, 46
2026/09/26 06:05:00.962, 1, 66 %, 91081 MiB, 222.85 W, 2422 MHz, 12481 MHz, 47
2026/09/26 06:05:01.213, 0, 86 %, 91115 MiB, 210.81 W, 2422 MHz, 12481 MHz, 46
2026/09/26 06:05:01.213, 1, 67 %, 91081 MiB, 224.82 W, 2422 MHz, 12481 MHz, 47
2026/09/26 06:05:01.463, 0, 89 %, 91115 MiB, 213.96 W, 2407 MHz, 12481 MHz, 46
2026/09/26 06:05:01.463, 1, 63 %, 91081 MiB, 234.72 W, 2422 MHz, 12481 MHz, 47
2026/09/26 06:05:01.713, 0, 89 %, 91115 MiB, 212.51 W, 2422 MHz, 12481 MHz, 46
2026/09/26 06:05:01.713, 1, 63 %, 91081 MiB, 235.10 W, 2422 MHz, 12481 MHz, 47
2026/09/26 06:05:01.963, 0, 89 %, 91115 MiB, 212.13 W, 2422 MHz, 12481 MHz, 46
2026/09/26 06:05:01.963, 1, 63 %, 91081 MiB, 238.75 W, 2422 MHz, 12481 MHz, 46
2026/09/26 06:05:02.213, 0, 89 %, 91115 MiB, 220.02 W, 2422 MHz, 12481 MHz, 46
2026/09/26 06:05:02.213, 1, 63 %, 91081 MiB, 238.24 W, 2422 MHz, 12481 MHz, 46
2026/09/26 06:05:02.463, 0, 89 %, 91115 MiB, 218.92 W, 2422 MHz, 12481 MHz, 46
2026/09/26 06:05:02.463, 1, 63 %, 91081 MiB, 226.29 W, 2422 MHz, 12481 MHz, 48
2026/09/26 06:05:02.713, 0, 32 %, 91115 MiB, 213.02 W, 2422 MHz, 12481 MHz, 46
2026/09/26 06:05:02.713, 1, 63 %, 91081 MiB, 231.49 W, 2422 MHz, 12481 MHz, 48
2026/09/26 06:05:02.963, 0, 90 %, 91115 MiB, 214.37 W, 2422 MHz, 12481 MHz, 45
2026/09/26 06:05:02.963, 1, 63 %, 91081 MiB, 235.96 W, 2422 MHz, 12481 MHz, 47
2026/09/26 06:05:03.213, 0, 90 %, 91115 MiB, 213.31 W, 2422 MHz, 12481 MHz, 46
2026/09/26 06:05:03.213, 1, 62 %, 91081 MiB, 235.44 W, 2422 MHz, 12481 MHz, 47
2026/09/26 06:05:03.464, 0, 90 %, 91115 MiB, 212.47 W, 2422 MHz, 12481 MHz, 47
2026/09/26 06:05:03.464, 1, 63 %, 91081 MiB, 237.79 W, 2422 MHz, 12481 MHz, 47
2026/09/26 06:05:03.714, 0, 90 %, 91115 MiB, 219.99 W, 2422 MHz, 12481 MHz, 46
2026/09/26 06:05:03.714, 1, 64 %, 91081 MiB, 236.46 W, 2422 MHz, 12481 MHz, 46
2026/09/26 06:05:03.964, 0, 89 %, 91115 MiB, 219.51 W, 2422 MHz, 12481 MHz, 46
2026/09/26 06:05:03.964, 1, 65 %, 91081 MiB, 226.59 W, 2422 MHz, 12481 MHz, 47
2026/09/26 06:05:04.214, 0, 73 %, 91115 MiB, 213.27 W, 2422 MHz, 12481 MHz, 44
2026/09/26 06:05:04.214, 1, 78 %, 91081 MiB, 235.14 W, 2422 MHz, 12481 MHz, 49
2026/09/26 06:05:04.464, 0, 85 %, 91115 MiB, 214.90 W, 2415 MHz, 12481 MHz, 46
2026/09/26 06:05:04.464, 1, 74 %, 91081 MiB, 237.36 W, 2422 MHz, 12481 MHz, 47
2026/09/26 06:05:04.714, 0, 85 %, 91115 MiB, 216.52 W, 2422 MHz, 12481 MHz, 46
2026/09/26 06:05:04.714, 1, 74 %, 91081 MiB, 237.70 W, 2422 MHz, 12481 MHz, 47
2026/09/26 06:05:04.964, 0, 84 %, 91115 MiB, 216.92 W, 2422 MHz, 12481 MHz, 46
2026/09/26 06:05:04.964, 1, 73 %, 91081 MiB, 237.00 W, 2422 MHz, 12481 MHz, 47
2026/09/26 06:05:05.214, 0, 84 %, 91115 MiB, 222.06 W, 2422 MHz, 12481 MHz, 46
2026/09/26 06:05:05.214, 1, 73 %, 91081 MiB, 227.20 W, 2422 MHz, 12481 MHz, 47
2026/09/26 06:05:05.464, 0, 84 %, 91115 MiB, 220.52 W, 2422 MHz, 12481 MHz, 46
2026/09/26 06:05:05.464, 1, 73 %, 91081 MiB, 226.37 W, 2422 MHz, 12481 MHz, 46
2026/09/26 06:05:05.714, 0, 56 %, 91115 MiB, 213.48 W, 2422 MHz, 12481 MHz, 45
2026/09/26 06:05:05.714, 1, 72 %, 91081 MiB, 234.43 W, 2422 MHz, 12481 MHz, 49
2026/09/26 06:05:05.965, 0, 82 %, 91115 MiB, 212.76 W, 2407 MHz, 12481 MHz, 46
2026/09/26 06:05:05.965, 1, 72 %, 91081 MiB, 234.99 W, 2422 MHz, 12481 MHz, 47
2026/09/26 06:05:06.215, 0, 84 %, 91115 MiB, 214.09 W, 2422 MHz, 12481 MHz, 46
2026/09/26 06:05:06.215, 1, 70 %, 91081 MiB, 234.02 W, 2422 MHz, 12481 MHz, 47
2026/09/26 06:05:06.465, 0, 85 %, 91115 MiB, 213.59 W, 2422 MHz, 12481 MHz, 46
2026/09/26 06:05:06.465, 1, 68 %, 91081 MiB, 235.23 W, 2422 MHz, 12481 MHz, 47
2026/09/26 06:05:06.715, 0, 88 %, 91115 MiB, 222.01 W, 2422 MHz, 12481 MHz, 46
2026/09/26 06:05:06.715, 1, 66 %, 91081 MiB, 227.02 W, 2422 MHz, 12481 MHz, 47
2026/09/26 06:05:06.965, 0, 88 %, 91115 MiB, 220.97 W, 2422 MHz, 12481 MHz, 46
2026/09/26 06:05:06.965, 1, 62 %, 91081 MiB, 227.93 W, 2422 MHz, 12481 MHz, 47
2026/09/26 06:05:07.215, 0, 49 %, 91115 MiB, 215.68 W, 2422 MHz, 12481 MHz, 44
2026/09/26 06:05:07.215, 1, 84 %, 91081 MiB, 240.59 W, 2422 MHz, 12481 MHz, 49
2026/09/26 06:05:07.465, 0, 88 %, 91115 MiB, 219.94 W, 2422 MHz, 12481 MHz, 47
2026/09/26 06:05:07.465, 1, 75 %, 91081 MiB, 244.30 W, 2422 MHz, 12481 MHz, 48
2026/09/26 06:05:07.715, 0, 88 %, 91115 MiB, 222.09 W, 2422 MHz, 12481 MHz, 46
2026/09/26 06:05:07.715, 1, 75 %, 91081 MiB, 247.38 W, 2422 MHz, 12481 MHz, 48
2026/09/26 06:05:07.965, 0, 88 %, 91115 MiB, 224.57 W, 2422 MHz, 12481 MHz, 47
2026/09/26 06:05:07.965, 1, 74 %, 91081 MiB, 250.99 W, 2422 MHz, 12481 MHz, 47
2026/09/26 06:05:08.215, 0, 88 %, 91115 MiB, 234.12 W, 2422 MHz, 12481 MHz, 46
2026/09/26 06:05:08.215, 1, 74 %, 91081 MiB, 240.70 W, 2422 MHz, 12481 MHz, 47
2026/09/26 06:05:08.465, 0, 0 %, 91115 MiB, 214.90 W, 2422 MHz, 12481 MHz, 44
2026/09/26 06:05:08.466, 1, 28 %, 91081 MiB, 232.34 W, 2422 MHz, 12481 MHz, 46
2026/09/26 06:05:08.716, 0, 88 %, 91115 MiB, 203.29 W, 2392 MHz, 12481 MHz, 44
2026/09/26 06:05:08.716, 1, 91 %, 91081 MiB, 226.38 W, 2422 MHz, 12481 MHz, 46
2026/09/26 06:05:08.966, 0, 88 %, 91115 MiB, 197.06 W, 2415 MHz, 12481 MHz, 44
2026/09/26 06:05:08.966, 1, 91 %, 91081 MiB, 216.16 W, 2415 MHz, 12481 MHz, 46
2026/09/26 06:05:09.216, 0, 88 %, 91115 MiB, 185.82 W, 2415 MHz, 12481 MHz, 44
2026/09/26 06:05:09.216, 1, 91 %, 91081 MiB, 211.02 W, 2415 MHz, 12481 MHz, 46
2026/09/26 06:05:09.466, 0, 87 %, 91115 MiB, 196.76 W, 2415 MHz, 12481 MHz, 44
2026/09/26 06:05:09.466, 1, 91 %, 91081 MiB, 208.43 W, 2415 MHz, 12481 MHz, 45
2026/09/26 06:05:09.716, 0, 88 %, 91115 MiB, 196.86 W, 2415 MHz, 12481 MHz, 44
2026/09/26 06:05:09.716, 1, 91 %, 91081 MiB, 208.22 W, 2415 MHz, 12481 MHz, 45
2026/09/26 06:05:09.966, 0, 88 %, 91115 MiB, 195.79 W, 2415 MHz, 12481 MHz, 44
2026/09/26 06:05:09.966, 1, 91 %, 91081 MiB, 208.99 W, 2415 MHz, 12481 MHz, 45
2026/09/26 06:05:10.216, 0, 88 %, 91115 MiB, 195.20 W, 2415 MHz, 12481 MHz, 44
2026/09/26 06:05:10.216, 1, 91 %, 91081 MiB, 208.97 W, 2415 MHz, 12481 MHz, 45
2026/09/26 06:05:10.466, 0, 87 %, 91115 MiB, 195.02 W, 2415 MHz, 12481 MHz, 44
2026/09/26 06:05:10.466, 1, 91 %, 91081 MiB, 209.04 W, 2415 MHz, 12481 MHz, 45
2026/09/26 06:05:10.716, 0, 88 %, 91115 MiB, 195.16 W, 2415 MHz, 12481 MHz, 44
2026/09/26 06:05:10.716, 1, 91 %, 91081 MiB, 208.87 W, 2415 MHz, 12481 MHz, 45
2026/09/26 06:05:10.966, 0, 87 %, 91115 MiB, 195.35 W, 2415 MHz, 12481 MHz, 44
2026/09/26 06:05:10.966, 1, 91 %, 91081 MiB, 208.69 W, 2415 MHz, 12481 MHz, 45
2026/09/26 06:05:11.217, 0, 88 %, 91115 MiB, 194.79 W, 2415 MHz, 12481 MHz, 44
2026/09/26 06:05:11.217, 1, 91 %, 91081 MiB, 209.03 W, 2415 MHz, 12481 MHz, 45
2026/09/26 06:05:11.467, 0, 88 %, 91115 MiB, 195.09 W, 2415 MHz, 12481 MHz, 44
2026/09/26 06:05:11.467, 1, 91 %, 91081 MiB, 209.71 W, 2415 MHz, 12481 MHz, 45
2026/09/26 06:05:11.717, 0, 88 %, 91115 MiB, 196.05 W, 2415 MHz, 12481 MHz, 44
2026/09/26 06:05:11.717, 1, 91 %, 91081 MiB, 209.98 W, 2415 MHz, 12481 MHz, 45
2026/09/26 06:05:11.967, 0, 87 %, 91115 MiB, 195.59 W, 2415 MHz, 12481 MHz, 44
2026/09/26 06:05:11.967, 1, 91 %, 91081 MiB, 209.83 W, 2415 MHz, 12481 MHz, 45
2026/09/26 06:05:12.217, 0, 88 %, 91115 MiB, 197.34 W, 2415 MHz, 12481 MHz, 44
2026/09/26 06:05:12.217, 1, 91 %, 91081 MiB, 209.60 W, 2415 MHz, 12481 MHz, 45
2026/09/26 06:05:12.467, 0, 88 %, 91115 MiB, 197.25 W, 2415 MHz, 12481 MHz, 44
2026/09/26 06:05:12.467, 1, 91 %, 91081 MiB, 208.83 W, 2415 MHz, 12481 MHz, 45
2026/09/26 06:05:12.717, 0, 88 %, 91115 MiB, 196.26 W, 2415 MHz, 12481 MHz, 44
2026/09/26 06:05:12.717, 1, 91 %, 91081 MiB, 208.44 W, 2415 MHz, 12481 MHz, 45
2026/09/26 06:05:12.967, 0, 88 %, 91115 MiB, 196.24 W, 2415 MHz, 12481 MHz, 44
2026/09/26 06:05:12.967, 1, 91 %, 91081 MiB, 208.40 W, 2415 MHz, 12481 MHz, 45
2026/09/26 06:05:13.217, 0, 88 %, 91115 MiB, 196.11 W, 2415 MHz, 12481 MHz, 44
2026/09/26 06:05:13.217, 1, 91 %, 91081 MiB, 208.48 W, 2415 MHz, 12481 MHz, 45
