timestamp, index, utilization.gpu [%], memory.used [MiB], power.draw [W], clocks.current.sm [MHz], clocks.current.memory [MHz], temperature.gpu
2026/09/24 06:25:25.336, 0, 0 %, 2 MiB, 101.45 W, 2865 MHz, 14001 MHz, 43
2026/09/24 06:25:25.340, 1, 0 %, 2 MiB, 107.17 W, 2865 MHz, 14001 MHz, 41
2026/09/24 06:25:25.594, 0, 0 %, 40 MiB, 101.45 W, 2865 MHz, 14001 MHz, 43
2026/09/24 06:25:25.594, 1, 0 %, 4 MiB, 107.17 W, 2865 MHz, 14001 MHz, 41
2026/09/24 06:25:25.844, 0, 0 %, 596 MiB, 101.45 W, 2865 MHz, 14001 MHz, 43
2026/09/24 06:25:25.844, 1, 0 %, 4 MiB, 107.17 W, 2865 MHz, 14001 MHz, 41
2026/09/24 06:25:26.095, 0, 0 %, 596 MiB, 102.57 W, 2865 MHz, 14001 MHz, 43
2026/09/24 06:25:26.095, 1, 0 %, 4 MiB, 107.86 W, 2865 MHz, 14001 MHz, 41
2026/09/24 06:25:26.345, 0, 0 %, 596 MiB, 102.57 W, 2865 MHz, 14001 MHz, 43
2026/09/24 06:25:26.345, 1, 0 %, 4 MiB, 107.86 W, 2865 MHz, 14001 MHz, 41
2026/09/24 06:25:26.595, 0, 0 %, 596 MiB, 97.58 W, 2782 MHz, 13365 MHz, 42
2026/09/24 06:25:26.595, 1, 0 %, 4 MiB, 107.66 W, 2865 MHz, 14001 MHz, 41
2026/09/24 06:25:26.845, 0, 0 %, 628 MiB, 97.58 W, 2782 MHz, 13365 MHz, 42
2026/09/24 06:25:26.845, 1, 0 %, 4 MiB, 107.66 W, 2865 MHz, 14001 MHz, 41
2026/09/24 06:25:27.096, 0, 0 %, 1268 MiB, 86.06 W, 2610 MHz, 13365 MHz, 42
2026/09/24 06:25:27.096, 1, 0 %, 38 MiB, 102.87 W, 2137 MHz, 14001 MHz, 40
2026/09/24 06:25:27.346, 0, 0 %, 1268 MiB, 86.06 W, 2610 MHz, 13365 MHz, 42
2026/09/24 06:25:27.346, 1, 0 %, 852 MiB, 102.87 W, 2137 MHz, 14001 MHz, 40
2026/09/24 06:25:27.596, 0, 0 %, 1332 MiB, 83.64 W, 2617 MHz, 13365 MHz, 42
2026/09/24 06:25:27.596, 1, 5 %, 1300 MiB, 87.97 W, 2085 MHz, 13365 MHz, 40
2026/09/24 06:25:27.846, 0, 0 %, 1332 MiB, 83.64 W, 2617 MHz, 13365 MHz, 42
2026/09/24 06:25:27.846, 1, 5 %, 1300 MiB, 87.97 W, 2085 MHz, 13365 MHz, 40
2026/09/24 06:25:28.097, 0, 0 %, 3348 MiB, 83.34 W, 2617 MHz, 13365 MHz, 42
2026/09/24 06:25:28.097, 1, 5 %, 2324 MiB, 86.55 W, 2617 MHz, 13365 MHz, 40
2026/09/24 06:25:28.347, 0, 0 %, 6804 MiB, 83.34 W, 2617 MHz, 13365 MHz, 42
2026/09/24 06:25:28.347, 1, 5 %, 3316 MiB, 86.55 W, 2617 MHz, 13365 MHz, 40
2026/09/24 06:25:28.598, 0, 19 %, 6804 MiB, 85.75 W, 2617 MHz, 13365 MHz, 42
2026/09/24 06:25:28.598, 1, 0 %, 3316 MiB, 87.21 W, 2617 MHz, 13365 MHz, 40
2026/09/24 06:25:28.848, 0, 19 %, 6804 MiB, 85.75 W, 2617 MHz, 13365 MHz, 42
2026/09/24 06:25:28.848, 1, 0 %, 3316 MiB, 87.21 W, 2617 MHz, 13365 MHz, 40
2026/09/24 06:25:29.098, 0, 19 %, 6804 MiB, 83.56 W, 2617 MHz, 13365 MHz, 42
2026/09/24 06:25:29.098, 1, 0 %, 3316 MiB, 85.61 W, 2610 MHz, 13365 MHz, 40
2026/09/24 06:25:29.349, 0, 19 %, 6804 MiB, 83.56 W, 2617 MHz, 13365 MHz, 42
2026/09/24 06:25:29.349, 1, 0 %, 3316 MiB, 85.61 W, 2610 MHz, 13365 MHz, 40
2026/09/24 06:25:29.599, 0, 0 %, 6804 MiB, 83.05 W, 2610 MHz, 13365 MHz, 42
2026/09/24 06:25:29.599, 1, 0 %, 3316 MiB, 85.37 W, 2610 MHz, 13365 MHz, 40
2026/09/24 06:25:29.849, 0, 0 %, 6804 MiB, 83.05 W, 2610 MHz, 13365 MHz, 42
2026/09/24 06:25:29.849, 1, 0 %, 3316 MiB, 85.37 W, 2610 MHz, 13365 MHz, 40
2026/09/24 06:25:30.099, 0, 0 %, 6836 MiB, 84.02 W, 2610 MHz, 13365 MHz, 42
2026/09/24 06:25:30.099, 1, 0 %, 3316 MiB, 91.21 W, 2610 MHz, 13365 MHz, 40
2026/09/24 06:25:30.350, 0, 0 %, 6836 MiB, 84.02 W, 2610 MHz, 13365 MHz, 42
2026/09/24 06:25:30.350, 1, 0 %, 3316 MiB, 91.21 W, 2610 MHz, 13365 MHz, 40
2026/09/24 06:25:30.600, 0, 0 %, 6868 MiB, 83.06 W, 2610 MHz, 13365 MHz, 42
2026/09/24 06:25:30.600, 1, 0 %, 3316 MiB, 85.18 W, 2610 MHz, 13365 MHz, 40
2026/09/24 06:25:30.850, 0, 0 %, 6868 MiB, 83.06 W, 2610 MHz, 13365 MHz, 42
2026/09/24 06:25:30.850, 1, 0 %, 3316 MiB, 85.18 W, 2610 MHz, 13365 MHz, 40
2026/09/24 06:25:31.100, 0, 0 %, 10356 MiB, 82.93 W, 2617 MHz, 13365 MHz, 42
2026/09/24 06:25:31.100, 1, 0 %, 3316 MiB, 85.23 W, 2610 MHz, 13365 MHz, 40
2026/09/24 06:25:31.351, 0, 0 %, 10356 MiB, 82.93 W, 2617 MHz, 13365 MHz, 42
2026/09/24 06:25:31.351, 1, 0 %, 3316 MiB, 85.23 W, 2610 MHz, 13365 MHz, 40
2026/09/24 06:25:31.601, 0, 1 %, 10356 MiB, 86.86 W, 2617 MHz, 13365 MHz, 42
2026/09/24 06:25:31.601, 1, 0 %, 3316 MiB, 85.18 W, 2610 MHz, 13365 MHz, 40
2026/09/24 06:25:31.851, 0, 1 %, 10356 MiB, 86.86 W, 2617 MHz, 13365 MHz, 42
2026/09/24 06:25:31.851, 1, 0 %, 3316 MiB, 85.18 W, 2610 MHz, 13365 MHz, 40
2026/09/24 06:25:32.101, 0, 1 %, 10388 MiB, 84.54 W, 2610 MHz, 13365 MHz, 42
2026/09/24 06:25:32.102, 1, 0 %, 3316 MiB, 85.07 W, 2610 MHz, 13365 MHz, 39
2026/09/24 06:25:32.353, 0, 1 %, 10388 MiB, 84.54 W, 2610 MHz, 13365 MHz, 42
2026/09/24 06:25:32.353, 1, 0 %, 3316 MiB, 85.07 W, 2610 MHz, 13365 MHz, 39
2026/09/24 06:25:32.603, 0, 0 %, 10388 MiB, 83.76 W, 2617 MHz, 13365 MHz, 42
2026/09/24 06:25:32.603, 1, 0 %, 3316 MiB, 85.98 W, 2610 MHz, 13365 MHz, 39
2026/09/24 06:25:32.853, 0, 0 %, 10420 MiB, 83.76 W, 2617 MHz, 13365 MHz, 42
2026/09/24 06:25:32.853, 1, 0 %, 3316 MiB, 85.98 W, 2610 MHz, 13365 MHz, 39
2026/09/24 06:25:33.103, 0, 0 %, 10420 MiB, 83.04 W, 2617 MHz, 13365 MHz, 42
2026/09/24 06:25:33.104, 1, 0 %, 3316 MiB, 85.18 W, 2610 MHz, 13365 MHz, 39
2026/09/24 06:25:33.354, 0, 0 %, 10452 MiB, 83.04 W, 2617 MHz, 13365 MHz, 42
2026/09/24 06:25:33.354, 1, 0 %, 3316 MiB, 85.18 W, 2610 MHz, 13365 MHz, 39
2026/09/24 06:25:33.604, 0, 0 %, 10452 MiB, 82.83 W, 2610 MHz, 13365 MHz, 42
2026/09/24 06:25:33.604, 1, 0 %, 3316 MiB, 84.99 W, 2610 MHz, 13365 MHz, 39
2026/09/24 06:25:33.854, 0, 0 %, 13940 MiB, 82.83 W, 2610 MHz, 13365 MHz, 42
2026/09/24 06:25:33.854, 1, 0 %, 3316 MiB, 84.99 W, 2610 MHz, 13365 MHz, 39
2026/09/24 06:25:34.104, 0, 0 %, 13972 MiB, 87.20 W, 2617 MHz, 13365 MHz, 42
2026/09/24 06:25:34.105, 1, 0 %, 3316 MiB, 85.51 W, 2610 MHz, 13365 MHz, 39
2026/09/24 06:25:34.355, 0, 0 %, 13972 MiB, 87.20 W, 2617 MHz, 13365 MHz, 42
2026/09/24 06:25:34.355, 1, 0 %, 3316 MiB, 85.51 W, 2610 MHz, 13365 MHz, 39
2026/09/24 06:25:34.605, 0, 0 %, 13972 MiB, 85.61 W, 2617 MHz, 13365 MHz, 42
2026/09/24 06:25:34.605, 1, 0 %, 3316 MiB, 85.06 W, 2610 MHz, 13365 MHz, 39
2026/09/24 06:25:34.855, 0, 0 %, 13972 MiB, 85.61 W, 2617 MHz, 13365 MHz, 42
2026/09/24 06:25:34.855, 1, 0 %, 3316 MiB, 85.06 W, 2610 MHz, 13365 MHz, 39
2026/09/24 06:25:35.105, 0, 0 %, 14036 MiB, 83.47 W, 2610 MHz, 13365 MHz, 41
2026/09/24 06:25:35.106, 1, 0 %, 3316 MiB, 84.77 W, 2610 MHz, 13365 MHz, 39
2026/09/24 06:25:35.356, 0, 0 %, 14036 MiB, 83.47 W, 2610 MHz, 13365 MHz, 41
2026/09/24 06:25:35.356, 1, 0 %, 3316 MiB, 84.77 W, 2610 MHz, 13365 MHz, 39
2026/09/24 06:25:35.606, 0, 0 %, 14068 MiB, 82.51 W, 2617 MHz, 13365 MHz, 41
2026/09/24 06:25:35.606, 1, 0 %, 3316 MiB, 84.57 W, 2610 MHz, 13365 MHz, 39
2026/09/24 06:25:35.856, 0, 0 %, 14068 MiB, 82.51 W, 2617 MHz, 13365 MHz, 41
2026/09/24 06:25:35.856, 1, 0 %, 3316 MiB, 84.57 W, 2610 MHz, 13365 MHz, 39
2026/09/24 06:25:36.106, 0, 0 %, 14068 MiB, 82.43 W, 2617 MHz, 13365 MHz, 41
2026/09/24 06:25:36.107, 1, 0 %, 3316 MiB, 84.38 W, 2610 MHz, 13365 MHz, 39
2026/09/24 06:25:36.357, 0, 0 %, 14100 MiB, 82.43 W, 2617 MHz, 13365 MHz, 41
2026/09/24 06:25:36.357, 1, 0 %, 3316 MiB, 84.38 W, 2610 MHz, 13365 MHz, 39
2026/09/24 06:25:36.607, 0, 0 %, 14100 MiB, 82.41 W, 2617 MHz, 13365 MHz, 41
2026/09/24 06:25:36.607, 1, 0 %, 3316 MiB, 84.26 W, 2610 MHz, 13365 MHz, 39
2026/09/24 06:25:36.857, 0, 0 %, 17556 MiB, 82.41 W, 2617 MHz, 13365 MHz, 41
2026/09/24 06:25:36.857, 1, 0 %, 3316 MiB, 84.26 W, 2610 MHz, 13365 MHz, 39
2026/09/24 06:25:37.108, 0, 0 %, 17588 MiB, 89.20 W, 2625 MHz, 13365 MHz, 41
2026/09/24 06:25:37.108, 1, 0 %, 3316 MiB, 86.47 W, 2610 MHz, 13365 MHz, 39
2026/09/24 06:25:37.358, 0, 0 %, 17588 MiB, 89.20 W, 2625 MHz, 13365 MHz, 41
2026/09/24 06:25:37.359, 1, 0 %, 3316 MiB, 86.47 W, 2610 MHz, 13365 MHz, 39
2026/09/24 06:25:37.609, 0, 0 %, 17588 MiB, 83.66 W, 2617 MHz, 13365 MHz, 41
2026/09/24 06:25:37.609, 1, 0 %, 3316 MiB, 84.83 W, 2610 MHz, 13365 MHz, 39
2026/09/24 06:25:37.859, 0, 0 %, 17620 MiB, 83.66 W, 2617 MHz, 13365 MHz, 41
2026/09/24 06:25:37.859, 1, 0 %, 3316 MiB, 84.83 W, 2610 MHz, 13365 MHz, 39
2026/09/24 06:25:38.109, 0, 0 %, 17620 MiB, 83.11 W, 2617 MHz, 13365 MHz, 41
2026/09/24 06:25:38.109, 1, 0 %, 3316 MiB, 84.60 W, 2610 MHz, 13365 MHz, 39
2026/09/24 06:25:38.359, 0, 0 %, 17652 MiB, 83.11 W, 2617 MHz, 13365 MHz, 41
2026/09/24 06:25:38.360, 1, 0 %, 3316 MiB, 84.60 W, 2610 MHz, 13365 MHz, 39
2026/09/24 06:25:38.610, 0, 1 %, 17652 MiB, 83.54 W, 2610 MHz, 13365 MHz, 41
2026/09/24 06:25:38.610, 1, 0 %, 3316 MiB, 84.93 W, 2610 MHz, 13365 MHz, 39
2026/09/24 06:25:38.860, 0, 1 %, 17652 MiB, 83.54 W, 2610 MHz, 13365 MHz, 41
2026/09/24 06:25:38.860, 1, 0 %, 3316 MiB, 84.93 W, 2610 MHz, 13365 MHz, 39
2026/09/24 06:25:39.110, 0, 1 %, 17684 MiB, 82.74 W, 2610 MHz, 13365 MHz, 41
2026/09/24 06:25:39.110, 1, 0 %, 3316 MiB, 84.48 W, 2610 MHz, 13365 MHz, 39
2026/09/24 06:25:39.360, 0, 1 %, 17716 MiB, 82.74 W, 2610 MHz, 13365 MHz, 41
2026/09/24 06:25:39.362, 1, 0 %, 3316 MiB, 84.48 W, 2610 MHz, 13365 MHz, 39
2026/09/24 06:25:39.612, 0, 6 %, 21172 MiB, 100.56 W, 2617 MHz, 13365 MHz, 41
2026/09/24 06:25:39.612, 1, 0 %, 3316 MiB, 84.55 W, 2610 MHz, 13365 MHz, 39
2026/09/24 06:25:39.862, 0, 6 %, 21204 MiB, 100.56 W, 2617 MHz, 13365 MHz, 41
2026/09/24 06:25:39.862, 1, 0 %, 3316 MiB, 84.55 W, 2610 MHz, 13365 MHz, 39
2026/09/24 06:25:40.112, 0, 6 %, 21236 MiB, 85.99 W, 2610 MHz, 13365 MHz, 41
2026/09/24 06:25:40.112, 1, 0 %, 3316 MiB, 84.34 W, 2610 MHz, 13365 MHz, 39
2026/09/24 06:25:40.362, 0, 6 %, 21236 MiB, 85.99 W, 2610 MHz, 13365 MHz, 41
2026/09/24 06:25:40.363, 1, 0 %, 3316 MiB, 84.34 W, 2610 MHz, 13365 MHz, 39
2026/09/24 06:25:40.613, 0, 0 %, 21268 MiB, 84.13 W, 2617 MHz, 13365 MHz, 41
2026/09/24 06:25:40.613, 1, 0 %, 3316 MiB, 84.40 W, 2610 MHz, 13365 MHz, 39
2026/09/24 06:25:40.863, 0, 0 %, 21268 MiB, 84.13 W, 2617 MHz, 13365 MHz, 41
2026/09/24 06:25:40.863, 1, 0 %, 3316 MiB, 84.40 W, 2610 MHz, 13365 MHz, 39
2026/09/24 06:25:41.113, 0, 0 %, 21268 MiB, 82.03 W, 2617 MHz, 13365 MHz, 41
2026/09/24 06:25:41.113, 1, 0 %, 3316 MiB, 85.11 W, 2610 MHz, 13365 MHz, 39
2026/09/24 06:25:41.363, 0, 0 %, 21300 MiB, 82.03 W, 2617 MHz, 13365 MHz, 41
2026/09/24 06:25:41.364, 1, 0 %, 3316 MiB, 85.11 W, 2610 MHz, 13365 MHz, 39
2026/09/24 06:25:41.614, 0, 0 %, 21300 MiB, 82.08 W, 2610 MHz, 13365 MHz, 41
2026/09/24 06:25:41.614, 1, 0 %, 3316 MiB, 84.50 W, 2610 MHz, 13365 MHz, 39
2026/09/24 06:25:41.864, 0, 0 %, 21332 MiB, 82.08 W, 2610 MHz, 13365 MHz, 41
2026/09/24 06:25:41.864, 1, 0 %, 3316 MiB, 84.50 W, 2610 MHz, 13365 MHz, 39
2026/09/24 06:25:42.114, 0, 0 %, 21332 MiB, 83.08 W, 2610 MHz, 13365 MHz, 41
2026/09/24 06:25:42.114, 1, 0 %, 3316 MiB, 84.38 W, 2610 MHz, 13365 MHz, 38
2026/09/24 06:25:42.364, 0, 0 %, 24820 MiB, 83.08 W, 2610 MHz, 13365 MHz, 41
2026/09/24 06:25:42.365, 1, 0 %, 3316 MiB, 84.38 W, 2610 MHz, 13365 MHz, 38
2026/09/24 06:25:42.615, 0, 18 %, 24820 MiB, 85.38 W, 2617 MHz, 13365 MHz, 41
2026/09/24 06:25:42.615, 1, 0 %, 3316 MiB, 84.29 W, 2610 MHz, 13365 MHz, 38
2026/09/24 06:25:42.865, 0, 18 %, 24820 MiB, 85.38 W, 2617 MHz, 13365 MHz, 41
2026/09/24 06:25:42.865, 1, 0 %, 3316 MiB, 84.29 W, 2610 MHz, 13365 MHz, 38
2026/09/24 06:25:43.115, 0, 18 %, 24820 MiB, 85.37 W, 2617 MHz, 13365 MHz, 41
2026/09/24 06:25:43.115, 1, 0 %, 3316 MiB, 84.22 W, 2610 MHz, 13365 MHz, 38
2026/09/24 06:25:43.365, 0, 18 %, 24852 MiB, 85.37 W, 2617 MHz, 13365 MHz, 41
2026/09/24 06:25:43.366, 1, 0 %, 3316 MiB, 84.22 W, 2610 MHz, 13365 MHz, 38
2026/09/24 06:25:43.616, 0, 1 %, 24884 MiB, 83.17 W, 2610 MHz, 13365 MHz, 41
2026/09/24 06:25:43.616, 1, 0 %, 3316 MiB, 84.80 W, 2610 MHz, 13365 MHz, 38
2026/09/24 06:25:43.866, 0, 1 %, 24884 MiB, 83.17 W, 2610 MHz, 13365 MHz, 41
2026/09/24 06:25:43.866, 1, 0 %, 3316 MiB, 84.80 W, 2610 MHz, 13365 MHz, 38
2026/09/24 06:25:44.116, 0, 1 %, 24916 MiB, 82.54 W, 2610 MHz, 13365 MHz, 41
2026/09/24 06:25:44.116, 1, 0 %, 3316 MiB, 84.26 W, 2610 MHz, 13365 MHz, 38
2026/09/24 06:25:44.366, 0, 1 %, 24916 MiB, 82.54 W, 2610 MHz, 13365 MHz, 41
2026/09/24 06:25:44.367, 1, 0 %, 3316 MiB, 84.26 W, 2610 MHz, 13365 MHz, 38
2026/09/24 06:25:44.617, 0, 0 %, 24948 MiB, 82.36 W, 2617 MHz, 13365 MHz, 41
2026/09/24 06:25:44.617, 1, 0 %, 3316 MiB, 84.24 W, 2610 MHz, 13365 MHz, 38
2026/09/24 06:25:44.867, 0, 0 %, 24948 MiB, 82.36 W, 2617 MHz, 13365 MHz, 41
2026/09/24 06:25:44.867, 1, 0 %, 3316 MiB, 84.24 W, 2610 MHz, 13365 MHz, 38
2026/09/24 06:25:45.117, 0, 0 %, 28436 MiB, 82.82 W, 2617 MHz, 13365 MHz, 40
2026/09/24 06:25:45.117, 1, 0 %, 3316 MiB, 84.27 W, 2610 MHz, 13365 MHz, 38
2026/09/24 06:25:45.367, 0, 0 %, 28436 MiB, 82.82 W, 2617 MHz, 13365 MHz, 40
2026/09/24 06:25:45.368, 1, 0 %, 3316 MiB, 84.27 W, 2610 MHz, 13365 MHz, 38
2026/09/24 06:25:45.618, 0, 19 %, 28468 MiB, 85.92 W, 2617 MHz, 13365 MHz, 41
2026/09/24 06:25:45.618, 1, 0 %, 3316 MiB, 75.24 W, 2182 MHz, 13365 MHz, 37
2026/09/24 06:25:45.868, 0, 19 %, 28468 MiB, 85.92 W, 2617 MHz, 13365 MHz, 41
2026/09/24 06:25:45.868, 1, 0 %, 3316 MiB, 75.24 W, 2182 MHz, 13365 MHz, 37
2026/09/24 06:25:46.118, 0, 19 %, 28468 MiB, 83.33 W, 2617 MHz, 13365 MHz, 41
2026/09/24 06:25:46.118, 1, 0 %, 3316 MiB, 63.03 W, 450 MHz, 13365 MHz, 37
2026/09/24 06:25:46.368, 0, 19 %, 28500 MiB, 83.33 W, 2617 MHz, 13365 MHz, 41
2026/09/24 06:25:46.368, 1, 0 %, 3316 MiB, 63.03 W, 450 MHz, 13365 MHz, 37
2026/09/24 06:25:46.619, 0, 0 %, 28500 MiB, 82.39 W, 2610 MHz, 13365 MHz, 40
2026/09/24 06:25:46.619, 1, 0 %, 3316 MiB, 53.85 W, 352 MHz, 13365 MHz, 37
2026/09/24 06:25:46.869, 0, 0 %, 28500 MiB, 82.39 W, 2610 MHz, 13365 MHz, 40
2026/09/24 06:25:46.869, 1, 0 %, 3316 MiB, 53.85 W, 352 MHz, 13365 MHz, 37
2026/09/24 06:25:47.119, 0, 0 %, 28532 MiB, 82.08 W, 2610 MHz, 13365 MHz, 40
2026/09/24 06:25:47.119, 1, 0 %, 3316 MiB, 53.64 W, 285 MHz, 13365 MHz, 37
2026/09/24 06:25:47.369, 0, 0 %, 28532 MiB, 82.08 W, 2610 MHz, 13365 MHz, 40
2026/09/24 06:25:47.369, 1, 0 %, 3316 MiB, 53.64 W, 285 MHz, 13365 MHz, 37
2026/09/24 06:25:47.620, 0, 0 %, 28564 MiB, 83.13 W, 2610 MHz, 13365 MHz, 40
2026/09/24 06:25:47.620, 1, 0 %, 3316 MiB, 53.20 W, 225 MHz, 13365 MHz, 37
2026/09/24 06:25:47.870, 0, 0 %, 28596 MiB, 83.13 W, 2610 MHz, 13365 MHz, 40
2026/09/24 06:25:47.870, 1, 0 %, 3316 MiB, 53.20 W, 225 MHz, 13365 MHz, 37
2026/09/24 06:25:48.120, 0, 0 %, 32052 MiB, 82.64 W, 2617 MHz, 13365 MHz, 40
2026/09/24 06:25:48.120, 1, 0 %, 3316 MiB, 43.69 W, 195 MHz, 810 MHz, 36
2026/09/24 06:25:48.370, 0, 0 %, 32084 MiB, 82.64 W, 2617 MHz, 13365 MHz, 40
2026/09/24 06:25:48.370, 1, 0 %, 3316 MiB, 43.69 W, 195 MHz, 810 MHz, 36
2026/09/24 06:25:48.621, 0, 0 %, 32084 MiB, 84.85 W, 2617 MHz, 13365 MHz, 40
2026/09/24 06:25:48.621, 1, 0 %, 3316 MiB, 34.63 W, 180 MHz, 810 MHz, 36
2026/09/24 06:25:48.871, 0, 0 %, 32084 MiB, 84.85 W, 2617 MHz, 13365 MHz, 40
2026/09/24 06:25:48.871, 1, 0 %, 3316 MiB, 34.63 W, 180 MHz, 810 MHz, 36
2026/09/24 06:25:49.121, 0, 0 %, 32116 MiB, 82.02 W, 2610 MHz, 13365 MHz, 40
2026/09/24 06:25:49.121, 1, 0 %, 3316 MiB, 28.59 W, 180 MHz, 810 MHz, 36
2026/09/24 06:25:49.371, 0, 0 %, 32116 MiB, 82.02 W, 2610 MHz, 13365 MHz, 40
2026/09/24 06:25:49.371, 1, 0 %, 3316 MiB, 28.59 W, 180 MHz, 810 MHz, 36
2026/09/24 06:25:49.622, 0, 0 %, 32116 MiB, 81.99 W, 2617 MHz, 13365 MHz, 40
2026/09/24 06:25:49.622, 1, 0 %, 3316 MiB, 27.21 W, 180 MHz, 405 MHz, 36
2026/09/24 06:25:49.872, 0, 0 %, 32148 MiB, 81.99 W, 2617 MHz, 13365 MHz, 40
2026/09/24 06:25:49.872, 1, 0 %, 3316 MiB, 27.21 W, 180 MHz, 405 MHz, 36
2026/09/24 06:25:50.122, 0, 0 %, 32148 MiB, 82.69 W, 2617 MHz, 13365 MHz, 40
2026/09/24 06:25:50.122, 1, 0 %, 3316 MiB, 25.74 W, 180 MHz, 405 MHz, 36
2026/09/24 06:25:50.372, 0, 0 %, 32180 MiB, 82.69 W, 2617 MHz, 13365 MHz, 40
2026/09/24 06:25:50.373, 1, 0 %, 3316 MiB, 25.74 W, 180 MHz, 405 MHz, 36
2026/09/24 06:25:50.623, 0, 0 %, 32180 MiB, 81.94 W, 2610 MHz, 13365 MHz, 40
2026/09/24 06:25:50.623, 1, 0 %, 3316 MiB, 25.10 W, 180 MHz, 405 MHz, 36
2026/09/24 06:25:50.873, 0, 0 %, 35668 MiB, 81.94 W, 2610 MHz, 13365 MHz, 40
2026/09/24 06:25:50.873, 1, 0 %, 3316 MiB, 25.10 W, 180 MHz, 405 MHz, 36
2026/09/24 06:25:51.123, 0, 0 %, 35700 MiB, 83.67 W, 2617 MHz, 13365 MHz, 40
2026/09/24 06:25:51.123, 1, 0 %, 3316 MiB, 25.43 W, 180 MHz, 405 MHz, 36
2026/09/24 06:25:51.374, 0, 0 %, 35700 MiB, 83.67 W, 2617 MHz, 13365 MHz, 40
2026/09/24 06:25:51.374, 1, 0 %, 3316 MiB, 25.43 W, 180 MHz, 405 MHz, 36
2026/09/24 06:25:51.624, 0, 0 %, 35700 MiB, 83.13 W, 2617 MHz, 13365 MHz, 40
2026/09/24 06:25:51.624, 1, 0 %, 3316 MiB, 25.48 W, 180 MHz, 405 MHz, 36
2026/09/24 06:25:51.874, 0, 0 %, 35700 MiB, 83.13 W, 2617 MHz, 13365 MHz, 40
2026/09/24 06:25:51.875, 1, 0 %, 3316 MiB, 25.48 W, 180 MHz, 405 MHz, 36
2026/09/24 06:25:52.125, 0, 0 %, 35764 MiB, 82.43 W, 2610 MHz, 13365 MHz, 40
2026/09/24 06:25:52.125, 1, 0 %, 3316 MiB, 25.45 W, 180 MHz, 405 MHz, 36
2026/09/24 06:25:52.375, 0, 0 %, 35764 MiB, 82.43 W, 2610 MHz, 13365 MHz, 40
2026/09/24 06:25:52.375, 1, 0 %, 3316 MiB, 25.45 W, 180 MHz, 405 MHz, 36
2026/09/24 06:25:52.625, 0, 0 %, 35796 MiB, 81.93 W, 2610 MHz, 13365 MHz, 40
2026/09/24 06:25:52.625, 1, 0 %, 3316 MiB, 25.61 W, 180 MHz, 405 MHz, 36
2026/09/24 06:25:52.876, 0, 0 %, 35796 MiB, 81.93 W, 2610 MHz, 13365 MHz, 40
2026/09/24 06:25:52.876, 1, 0 %, 3316 MiB, 25.61 W, 180 MHz, 405 MHz, 36
2026/09/24 06:25:53.126, 0, 0 %, 35796 MiB, 82.03 W, 2617 MHz, 13365 MHz, 40
2026/09/24 06:25:53.126, 1, 0 %, 3316 MiB, 25.31 W, 180 MHz, 405 MHz, 36
2026/09/24 06:25:53.376, 0, 0 %, 35828 MiB, 82.03 W, 2617 MHz, 13365 MHz, 40
2026/09/24 06:25:53.376, 1, 0 %, 3316 MiB, 25.31 W, 180 MHz, 405 MHz, 36
2026/09/24 06:25:53.626, 0, 0 %, 39316 MiB, 81.86 W, 2617 MHz, 13365 MHz, 40
2026/09/24 06:25:53.626, 1, 0 %, 3316 MiB, 25.27 W, 180 MHz, 405 MHz, 36
2026/09/24 06:25:53.877, 0, 0 %, 39316 MiB, 81.86 W, 2617 MHz, 13365 MHz, 40
2026/09/24 06:25:53.877, 1, 0 %, 3316 MiB, 25.27 W, 180 MHz, 405 MHz, 36
2026/09/24 06:25:54.127, 0, 0 %, 39316 MiB, 87.61 W, 2617 MHz, 13365 MHz, 40
2026/09/24 06:25:54.127, 1, 0 %, 3316 MiB, 25.87 W, 180 MHz, 405 MHz, 36
2026/09/24 06:25:54.377, 0, 0 %, 39316 MiB, 87.61 W, 2617 MHz, 13365 MHz, 40
2026/09/24 06:25:54.377, 1, 0 %, 3316 MiB, 25.87 W, 180 MHz, 405 MHz, 36
2026/09/24 06:25:54.627, 0, 0 %, 39316 MiB, 82.34 W, 2617 MHz, 13365 MHz, 40
2026/09/24 06:25:54.627, 1, 0 %, 3316 MiB, 25.10 W, 180 MHz, 405 MHz, 35
2026/09/24 06:25:54.878, 0, 0 %, 39348 MiB, 82.34 W, 2617 MHz, 13365 MHz, 40
2026/09/24 06:25:54.878, 1, 0 %, 3316 MiB, 25.10 W, 180 MHz, 405 MHz, 35
2026/09/24 06:25:55.128, 0, 0 %, 39348 MiB, 82.02 W, 2617 MHz, 13365 MHz, 40
2026/09/24 06:25:55.128, 1, 0 %, 3316 MiB, 24.79 W, 180 MHz, 405 MHz, 35
2026/09/24 06:25:55.381, 0, 0 %, 39380 MiB, 82.02 W, 2617 MHz, 13365 MHz, 40
2026/09/24 06:25:55.381, 1, 0 %, 3316 MiB, 24.79 W, 180 MHz, 405 MHz, 35
2026/09/24 06:25:55.631, 0, 0 %, 39380 MiB, 82.29 W, 2617 MHz, 13365 MHz, 40
2026/09/24 06:25:55.632, 1, 0 %, 3316 MiB, 25.90 W, 180 MHz, 405 MHz, 35
2026/09/24 06:25:55.882, 0, 0 %, 39380 MiB, 82.29 W, 2617 MHz, 13365 MHz, 40
2026/09/24 06:25:55.882, 1, 0 %, 3316 MiB, 25.90 W, 180 MHz, 405 MHz, 35
2026/09/24 06:25:56.132, 0, 0 %, 39412 MiB, 81.89 W, 2610 MHz, 13365 MHz, 40
2026/09/24 06:25:56.132, 1, 0 %, 3316 MiB, 24.84 W, 180 MHz, 405 MHz, 35
2026/09/24 06:25:56.382, 0, 0 %, 42516 MiB, 81.89 W, 2610 MHz, 13365 MHz, 40
2026/09/24 06:25:56.382, 1, 0 %, 3316 MiB, 24.84 W, 180 MHz, 405 MHz, 35
2026/09/24 06:25:56.632, 0, 8 %, 42900 MiB, 82.75 W, 2617 MHz, 13365 MHz, 40
2026/09/24 06:25:56.633, 1, 0 %, 3316 MiB, 24.72 W, 180 MHz, 405 MHz, 35
2026/09/24 06:25:56.883, 0, 8 %, 42932 MiB, 82.75 W, 2617 MHz, 13365 MHz, 40
2026/09/24 06:25:56.883, 1, 0 %, 3316 MiB, 24.72 W, 180 MHz, 405 MHz, 35
2026/09/24 06:25:57.133, 0, 8 %, 42964 MiB, 84.73 W, 2610 MHz, 13365 MHz, 40
2026/09/24 06:25:57.133, 1, 0 %, 3316 MiB, 25.32 W, 180 MHz, 405 MHz, 35
2026/09/24 06:25:57.383, 0, 8 %, 42964 MiB, 84.73 W, 2610 MHz, 13365 MHz, 40
2026/09/24 06:25:57.383, 1, 0 %, 3316 MiB, 25.32 W, 180 MHz, 405 MHz, 35
2026/09/24 06:25:57.633, 0, 0 %, 42996 MiB, 82.95 W, 2617 MHz, 13365 MHz, 39
2026/09/24 06:25:57.634, 1, 0 %, 3316 MiB, 25.19 W, 180 MHz, 405 MHz, 35
2026/09/24 06:25:57.884, 0, 0 %, 42996 MiB, 82.95 W, 2617 MHz, 13365 MHz, 39
2026/09/24 06:25:57.884, 1, 0 %, 3316 MiB, 25.19 W, 180 MHz, 405 MHz, 35
2026/09/24 06:25:58.134, 0, 0 %, 42996 MiB, 82.37 W, 2617 MHz, 13365 MHz, 40
2026/09/24 06:25:58.134, 1, 0 %, 3316 MiB, 26.98 W, 180 MHz, 405 MHz, 35
2026/09/24 06:25:58.384, 0, 0 %, 43028 MiB, 82.37 W, 2617 MHz, 13365 MHz, 40
2026/09/24 06:25:58.384, 1, 0 %, 3316 MiB, 26.98 W, 180 MHz, 405 MHz, 35
2026/09/24 06:25:58.634, 0, 0 %, 43028 MiB, 82.08 W, 2610 MHz, 13365 MHz, 39
2026/09/24 06:25:58.634, 1, 0 %, 3316 MiB, 25.51 W, 180 MHz, 405 MHz, 35
2026/09/24 06:25:58.885, 0, 0 %, 43060 MiB, 82.08 W, 2610 MHz, 13365 MHz, 39
2026/09/24 06:25:58.885, 1, 0 %, 3316 MiB, 25.51 W, 180 MHz, 405 MHz, 35
2026/09/24 06:25:59.135, 0, 0 %, 43060 MiB, 81.95 W, 2610 MHz, 13365 MHz, 39
2026/09/24 06:25:59.135, 1, 0 %, 3316 MiB, 25.42 W, 180 MHz, 405 MHz, 35
2026/09/24 06:25:59.386, 0, 0 %, 46548 MiB, 81.95 W, 2610 MHz, 13365 MHz, 39
2026/09/24 06:25:59.386, 1, 0 %, 3316 MiB, 25.42 W, 180 MHz, 405 MHz, 35
2026/09/24 06:25:59.636, 0, 18 %, 46548 MiB, 86.32 W, 2617 MHz, 13365 MHz, 40
2026/09/24 06:25:59.636, 1, 0 %, 3316 MiB, 25.90 W, 180 MHz, 405 MHz, 35
2026/09/24 06:25:59.886, 0, 18 %, 46548 MiB, 86.32 W, 2617 MHz, 13365 MHz, 40
2026/09/24 06:25:59.886, 1, 0 %, 3316 MiB, 25.90 W, 180 MHz, 405 MHz, 35
2026/09/24 06:26:00.136, 0, 18 %, 46548 MiB, 84.92 W, 2617 MHz, 13365 MHz, 39
2026/09/24 06:26:00.136, 1, 0 %, 3316 MiB, 25.35 W, 180 MHz, 405 MHz, 35
2026/09/24 06:26:00.387, 0, 18 %, 46612 MiB, 84.92 W, 2617 MHz, 13365 MHz, 39
2026/09/24 06:26:00.387, 1, 0 %, 3316 MiB, 25.35 W, 180 MHz, 405 MHz, 35
2026/09/24 06:26:00.637, 0, 1 %, 46612 MiB, 82.87 W, 2610 MHz, 13365 MHz, 39
2026/09/24 06:26:00.638, 1, 0 %, 3316 MiB, 25.30 W, 180 MHz, 405 MHz, 34
2026/09/24 06:26:00.889, 0, 1 %, 46612 MiB, 82.87 W, 2610 MHz, 13365 MHz, 39
2026/09/24 06:26:00.889, 1, 0 %, 3316 MiB, 25.30 W, 180 MHz, 405 MHz, 34
2026/09/24 06:26:01.139, 0, 1 %, 46644 MiB, 82.09 W, 2610 MHz, 13365 MHz, 39
2026/09/24 06:26:01.139, 1, 0 %, 3316 MiB, 25.14 W, 180 MHz, 405 MHz, 34
2026/09/24 06:26:01.389, 0, 1 %, 46644 MiB, 82.09 W, 2610 MHz, 13365 MHz, 39
2026/09/24 06:26:01.389, 1, 0 %, 3316 MiB, 25.14 W, 180 MHz, 405 MHz, 34
2026/09/24 06:26:01.640, 0, 0 %, 46676 MiB, 81.83 W, 2617 MHz, 13365 MHz, 39
2026/09/24 06:26:01.640, 1, 0 %, 3316 MiB, 24.86 W, 180 MHz, 405 MHz, 34
2026/09/24 06:26:01.890, 0, 0 %, 46676 MiB, 81.83 W, 2617 MHz, 13365 MHz, 39
2026/09/24 06:26:01.890, 1, 0 %, 3316 MiB, 24.86 W, 180 MHz, 405 MHz, 34
2026/09/24 06:26:02.147, 0, 0 %, 50164 MiB, 82.99 W, 2617 MHz, 13365 MHz, 39
2026/09/24 06:26:02.148, 1, 0 %, 3316 MiB, 24.72 W, 180 MHz, 405 MHz, 34
2026/09/24 06:26:02.398, 0, 0 %, 50164 MiB, 82.99 W, 2617 MHz, 13365 MHz, 39
2026/09/24 06:26:02.398, 1, 0 %, 3316 MiB, 24.72 W, 180 MHz, 405 MHz, 34
2026/09/24 06:26:02.648, 0, 18 %, 50196 MiB, 86.50 W, 2617 MHz, 13365 MHz, 39
2026/09/24 06:26:02.648, 1, 0 %, 3316 MiB, 25.89 W, 180 MHz, 405 MHz, 34
2026/09/24 06:26:02.898, 0, 18 %, 50196 MiB, 86.50 W, 2617 MHz, 13365 MHz, 39
2026/09/24 06:26:02.898, 1, 0 %, 3316 MiB, 25.89 W, 180 MHz, 405 MHz, 34
2026/09/24 06:26:03.148, 0, 18 %, 50196 MiB, 83.89 W, 2617 MHz, 13365 MHz, 39
2026/09/24 06:26:03.148, 1, 0 %, 3316 MiB, 25.32 W, 180 MHz, 405 MHz, 34
2026/09/24 06:26:03.399, 0, 18 %, 50228 MiB, 83.89 W, 2617 MHz, 13365 MHz, 39
2026/09/24 06:26:03.399, 1, 0 %, 3316 MiB, 25.32 W, 180 MHz, 405 MHz, 34
2026/09/24 06:26:03.649, 0, 0 %, 50228 MiB, 82.29 W, 2610 MHz, 13365 MHz, 39
2026/09/24 06:26:03.649, 1, 0 %, 3316 MiB, 25.27 W, 180 MHz, 405 MHz, 34
2026/09/24 06:26:03.899, 0, 0 %, 50260 MiB, 82.29 W, 2610 MHz, 13365 MHz, 39
2026/09/24 06:26:03.899, 1, 0 %, 3316 MiB, 25.27 W, 180 MHz, 405 MHz, 34
2026/09/24 06:26:04.149, 0, 0 %, 50260 MiB, 81.44 W, 2610 MHz, 13365 MHz, 39
2026/09/24 06:26:04.149, 1, 0 %, 3316 MiB, 24.95 W, 180 MHz, 405 MHz, 34
2026/09/24 06:26:04.400, 0, 0 %, 50260 MiB, 81.44 W, 2610 MHz, 13365 MHz, 39
2026/09/24 06:26:04.400, 1, 0 %, 3316 MiB, 24.95 W, 180 MHz, 405 MHz, 34
2026/09/24 06:26:04.650, 0, 0 %, 50292 MiB, 81.27 W, 2610 MHz, 13365 MHz, 39
2026/09/24 06:26:04.650, 1, 0 %, 3316 MiB, 24.60 W, 180 MHz, 405 MHz, 34
2026/09/24 06:26:04.900, 0, 0 %, 50324 MiB, 81.27 W, 2610 MHz, 13365 MHz, 39
2026/09/24 06:26:04.900, 1, 0 %, 3316 MiB, 24.60 W, 180 MHz, 405 MHz, 34
2026/09/24 06:26:05.150, 0, 0 %, 53780 MiB, 81.79 W, 2617 MHz, 13365 MHz, 39
2026/09/24 06:26:05.151, 1, 0 %, 3316 MiB, 24.32 W, 180 MHz, 405 MHz, 34
2026/09/24 06:26:05.401, 0, 0 %, 53812 MiB, 81.79 W, 2617 MHz, 13365 MHz, 39
2026/09/24 06:26:05.401, 1, 0 %, 3316 MiB, 24.32 W, 180 MHz, 405 MHz, 34
2026/09/24 06:26:05.651, 0, 1 %, 53812 MiB, 84.61 W, 2617 MHz, 13365 MHz, 39
2026/09/24 06:26:05.651, 1, 0 %, 3316 MiB, 24.67 W, 180 MHz, 405 MHz, 34
2026/09/24 06:26:05.901, 0, 1 %, 53812 MiB, 84.61 W, 2617 MHz, 13365 MHz, 39
2026/09/24 06:26:05.901, 1, 0 %, 3316 MiB, 24.67 W, 180 MHz, 405 MHz, 34
2026/09/24 06:26:06.151, 0, 1 %, 53844 MiB, 82.94 W, 2610 MHz, 13365 MHz, 39
2026/09/24 06:26:06.152, 1, 0 %, 3316 MiB, 25.19 W, 180 MHz, 405 MHz, 34
2026/09/24 06:26:06.402, 0, 1 %, 53844 MiB, 82.94 W, 2610 MHz, 13365 MHz, 39
2026/09/24 06:26:06.402, 1, 0 %, 3316 MiB, 25.19 W, 180 MHz, 405 MHz, 34
2026/09/24 06:26:06.652, 0, 0 %, 53876 MiB, 81.59 W, 2617 MHz, 13365 MHz, 39
2026/09/24 06:26:06.652, 1, 0 %, 3316 MiB, 24.31 W, 180 MHz, 405 MHz, 34
2026/09/24 06:26:06.902, 0, 0 %, 53876 MiB, 81.59 W, 2617 MHz, 13365 MHz, 39
2026/09/24 06:26:06.902, 1, 0 %, 3316 MiB, 24.31 W, 180 MHz, 405 MHz, 34
2026/09/24 06:26:07.152, 0, 0 %, 53876 MiB, 81.33 W, 2617 MHz, 13365 MHz, 39
2026/09/24 06:26:07.153, 1, 0 %, 3316 MiB, 24.17 W, 180 MHz, 405 MHz, 34
2026/09/24 06:26:07.403, 0, 0 %, 53908 MiB, 81.33 W, 2617 MHz, 13365 MHz, 39
2026/09/24 06:26:07.403, 1, 0 %, 3316 MiB, 24.17 W, 180 MHz, 405 MHz, 34
2026/09/24 06:26:07.653, 0, 0 %, 53908 MiB, 81.47 W, 2610 MHz, 13365 MHz, 39
2026/09/24 06:26:07.653, 1, 0 %, 3316 MiB, 24.93 W, 180 MHz, 405 MHz, 33
2026/09/24 06:26:07.903, 0, 0 %, 57396 MiB, 81.47 W, 2610 MHz, 13365 MHz, 39
2026/09/24 06:26:07.903, 1, 0 %, 3316 MiB, 24.93 W, 180 MHz, 405 MHz, 33
2026/09/24 06:26:08.153, 0, 0 %, 57428 MiB, 83.27 W, 2617 MHz, 13365 MHz, 39
2026/09/24 06:26:08.154, 1, 0 %, 3316 MiB, 24.86 W, 180 MHz, 405 MHz, 33
2026/09/24 06:26:08.404, 0, 0 %, 57460 MiB, 83.27 W, 2617 MHz, 13365 MHz, 39
2026/09/24 06:26:08.404, 1, 0 %, 3316 MiB, 24.86 W, 180 MHz, 405 MHz, 33
2026/09/24 06:26:08.654, 0, 0 %, 57460 MiB, 83.62 W, 2617 MHz, 13365 MHz, 39
2026/09/24 06:26:08.654, 1, 0 %, 3316 MiB, 25.09 W, 180 MHz, 405 MHz, 33
2026/09/24 06:26:08.904, 0, 0 %, 57492 MiB, 83.62 W, 2617 MHz, 13365 MHz, 39
2026/09/24 06:26:08.904, 1, 0 %, 3316 MiB, 25.09 W, 180 MHz, 405 MHz, 33
2026/09/24 06:26:09.154, 0, 0 %, 57492 MiB, 82.24 W, 2610 MHz, 13365 MHz, 39
2026/09/24 06:26:09.155, 1, 0 %, 3316 MiB, 25.15 W, 180 MHz, 405 MHz, 33
2026/09/24 06:26:09.405, 0, 0 %, 57492 MiB, 82.24 W, 2610 MHz, 13365 MHz, 39
2026/09/24 06:26:09.405, 1, 0 %, 3316 MiB, 25.15 W, 180 MHz, 405 MHz, 33
2026/09/24 06:26:09.655, 0, 0 %, 57524 MiB, 80.86 W, 2610 MHz, 13365 MHz, 39
2026/09/24 06:26:09.655, 1, 0 %, 3316 MiB, 24.84 W, 180 MHz, 405 MHz, 33
2026/09/24 06:26:09.905, 0, 0 %, 57524 MiB, 80.86 W, 2610 MHz, 13365 MHz, 39
2026/09/24 06:26:09.905, 1, 0 %, 3316 MiB, 24.84 W, 180 MHz, 405 MHz, 33
2026/09/24 06:26:10.155, 0, 0 %, 57556 MiB, 81.55 W, 2617 MHz, 13365 MHz, 39
2026/09/24 06:26:10.156, 1, 0 %, 3316 MiB, 24.63 W, 180 MHz, 405 MHz, 33
2026/09/24 06:26:10.406, 0, 0 %, 57556 MiB, 81.55 W, 2617 MHz, 13365 MHz, 39
2026/09/24 06:26:10.406, 1, 0 %, 3316 MiB, 24.63 W, 180 MHz, 405 MHz, 33
2026/09/24 06:26:10.656, 0, 0 %, 61044 MiB, 81.36 W, 2617 MHz, 13365 MHz, 39
2026/09/24 06:26:10.656, 1, 0 %, 3316 MiB, 24.48 W, 180 MHz, 405 MHz, 33
2026/09/24 06:26:10.906, 0, 0 %, 61044 MiB, 81.36 W, 2617 MHz, 13365 MHz, 39
2026/09/24 06:26:10.906, 1, 0 %, 3316 MiB, 24.48 W, 180 MHz, 405 MHz, 33
2026/09/24 06:26:11.156, 0, 0 %, 61044 MiB, 87.22 W, 2617 MHz, 13365 MHz, 39
2026/09/24 06:26:11.157, 1, 0 %, 3316 MiB, 24.67 W, 180 MHz, 405 MHz, 33
2026/09/24 06:26:11.407, 0, 0 %, 61044 MiB, 87.22 W, 2617 MHz, 13365 MHz, 39
2026/09/24 06:26:11.407, 1, 0 %, 3316 MiB, 24.67 W, 180 MHz, 405 MHz, 33
2026/09/24 06:26:11.657, 0, 0 %, 61076 MiB, 81.73 W, 2617 MHz, 13365 MHz, 39
2026/09/24 06:26:11.657, 1, 0 %, 3316 MiB, 23.95 W, 180 MHz, 405 MHz, 33
2026/09/24 06:26:11.907, 0, 0 %, 61076 MiB, 81.73 W, 2617 MHz, 13365 MHz, 39
2026/09/24 06:26:11.907, 1, 0 %, 3316 MiB, 23.95 W, 180 MHz, 405 MHz, 33
2026/09/24 06:26:12.157, 0, 0 %, 61076 MiB, 81.49 W, 2617 MHz, 13365 MHz, 39
2026/09/24 06:26:12.158, 1, 0 %, 3316 MiB, 24.53 W, 180 MHz, 405 MHz, 33
2026/09/24 06:26:12.408, 0, 0 %, 61108 MiB, 81.49 W, 2617 MHz, 13365 MHz, 39
2026/09/24 06:26:12.408, 1, 0 %, 3316 MiB, 24.53 W, 180 MHz, 405 MHz, 33
2026/09/24 06:26:12.658, 0, 0 %, 61108 MiB, 82.33 W, 2610 MHz, 13365 MHz, 39
2026/09/24 06:26:12.659, 1, 0 %, 3316 MiB, 25.23 W, 180 MHz, 405 MHz, 33
2026/09/24 06:26:12.909, 0, 0 %, 61140 MiB, 82.33 W, 2610 MHz, 13365 MHz, 39
2026/09/24 06:26:12.909, 1, 0 %, 3316 MiB, 25.23 W, 180 MHz, 405 MHz, 33
2026/09/24 06:26:13.159, 0, 0 %, 61172 MiB, 81.49 W, 2610 MHz, 13365 MHz, 39
2026/09/24 06:26:13.159, 1, 0 %, 3316 MiB, 24.44 W, 180 MHz, 405 MHz, 33
2026/09/24 06:26:13.409, 0, 0 %, 64628 MiB, 81.49 W, 2610 MHz, 13365 MHz, 39
2026/09/24 06:26:13.409, 1, 0 %, 3316 MiB, 24.44 W, 180 MHz, 405 MHz, 33
2026/09/24 06:26:13.659, 0, 17 %, 64628 MiB, 82.50 W, 2617 MHz, 13365 MHz, 39
2026/09/24 06:26:13.660, 1, 0 %, 3316 MiB, 24.67 W, 180 MHz, 405 MHz, 33
2026/09/24 06:26:13.910, 0, 17 %, 64692 MiB, 82.50 W, 2617 MHz, 13365 MHz, 39
2026/09/24 06:26:13.910, 1, 0 %, 3316 MiB, 24.67 W, 180 MHz, 405 MHz, 33
2026/09/24 06:26:14.160, 0, 17 %, 64692 MiB, 83.86 W, 2610 MHz, 13365 MHz, 39
2026/09/24 06:26:14.160, 1, 0 %, 3316 MiB, 24.72 W, 180 MHz, 405 MHz, 33
2026/09/24 06:26:14.410, 0, 17 %, 64692 MiB, 83.86 W, 2610 MHz, 13365 MHz, 39
2026/09/24 06:26:14.410, 1, 0 %, 3316 MiB, 24.72 W, 180 MHz, 405 MHz, 33
2026/09/24 06:26:14.660, 0, 0 %, 64724 MiB, 82.36 W, 2610 MHz, 13365 MHz, 39
2026/09/24 06:26:14.661, 1, 0 %, 3316 MiB, 24.43 W, 180 MHz, 405 MHz, 33
2026/09/24 06:26:14.911, 0, 0 %, 64724 MiB, 82.36 W, 2610 MHz, 13365 MHz, 39
2026/09/24 06:26:14.911, 1, 0 %, 3316 MiB, 24.43 W, 180 MHz, 405 MHz, 33
2026/09/24 06:26:15.162, 0, 0 %, 64756 MiB, 82.17 W, 2617 MHz, 13365 MHz, 39
2026/09/24 06:26:15.162, 1, 0 %, 3316 MiB, 25.75 W, 180 MHz, 405 MHz, 33
2026/09/24 06:26:15.412, 0, 0 %, 64756 MiB, 82.17 W, 2617 MHz, 13365 MHz, 39
2026/09/24 06:26:15.413, 1, 0 %, 3316 MiB, 25.75 W, 180 MHz, 405 MHz, 33
2026/09/24 06:26:15.663, 0, 0 %, 64756 MiB, 80.91 W, 2617 MHz, 13365 MHz, 39
2026/09/24 06:26:15.663, 1, 0 %, 3316 MiB, 24.41 W, 180 MHz, 405 MHz, 33
2026/09/24 06:26:15.913, 0, 0 %, 64788 MiB, 80.91 W, 2617 MHz, 13365 MHz, 39
2026/09/24 06:26:15.913, 1, 0 %, 3316 MiB, 24.41 W, 180 MHz, 405 MHz, 33
2026/09/24 06:26:16.163, 0, 0 %, 64788 MiB, 80.95 W, 2610 MHz, 13365 MHz, 39
2026/09/24 06:26:16.164, 1, 0 %, 3316 MiB, 24.34 W, 180 MHz, 405 MHz, 33
2026/09/24 06:26:16.415, 0, 0 %, 68276 MiB, 80.95 W, 2610 MHz, 13365 MHz, 39
2026/09/24 06:26:16.415, 1, 0 %, 3316 MiB, 24.34 W, 180 MHz, 405 MHz, 33
2026/09/24 06:26:16.665, 0, 18 %, 68308 MiB, 86.92 W, 2617 MHz, 13365 MHz, 39
2026/09/24 06:26:16.666, 1, 0 %, 3316 MiB, 24.58 W, 180 MHz, 405 MHz, 32
2026/09/24 06:26:16.916, 0, 18 %, 68308 MiB, 86.92 W, 2617 MHz, 13365 MHz, 39
2026/09/24 06:26:16.916, 1, 0 %, 3316 MiB, 24.58 W, 180 MHz, 405 MHz, 32
2026/09/24 06:26:17.166, 0, 18 %, 68308 MiB, 84.18 W, 2617 MHz, 13365 MHz, 38
2026/09/24 06:26:17.166, 1, 0 %, 3316 MiB, 24.89 W, 180 MHz, 405 MHz, 32
2026/09/24 06:26:17.416, 0, 18 %, 68340 MiB, 84.18 W, 2617 MHz, 13365 MHz, 38
2026/09/24 06:26:17.416, 1, 0 %, 3316 MiB, 24.89 W, 180 MHz, 405 MHz, 32
2026/09/24 06:26:17.666, 0, 0 %, 68340 MiB, 81.81 W, 2610 MHz, 13365 MHz, 39
2026/09/24 06:26:17.668, 1, 0 %, 3316 MiB, 24.67 W, 180 MHz, 405 MHz, 32
2026/09/24 06:26:17.918, 0, 0 %, 68372 MiB, 81.81 W, 2610 MHz, 13365 MHz, 39
2026/09/24 06:26:17.918, 1, 0 %, 3316 MiB, 24.67 W, 180 MHz, 405 MHz, 32
2026/09/24 06:26:18.168, 0, 0 %, 68372 MiB, 81.55 W, 2610 MHz, 13365 MHz, 38
2026/09/24 06:26:18.169, 1, 0 %, 3316 MiB, 24.61 W, 180 MHz, 405 MHz, 32
2026/09/24 06:26:18.419, 0, 0 %, 68372 MiB, 81.55 W, 2610 MHz, 13365 MHz, 38
2026/09/24 06:26:18.419, 1, 0 %, 3316 MiB, 24.61 W, 180 MHz, 405 MHz, 32
2026/09/24 06:26:18.669, 0, 0 %, 68404 MiB, 80.95 W, 2610 MHz, 13365 MHz, 38
2026/09/24 06:26:18.669, 1, 0 %, 3316 MiB, 24.28 W, 180 MHz, 405 MHz, 32
2026/09/24 06:26:18.919, 0, 0 %, 68404 MiB, 80.95 W, 2610 MHz, 13365 MHz, 38
2026/09/24 06:26:18.919, 1, 0 %, 3316 MiB, 24.28 W, 180 MHz, 405 MHz, 32
2026/09/24 06:26:19.169, 0, 0 %, 71892 MiB, 81.79 W, 2617 MHz, 13365 MHz, 38
2026/09/24 06:26:19.170, 1, 0 %, 3316 MiB, 24.38 W, 180 MHz, 405 MHz, 32
2026/09/24 06:26:19.420, 0, 0 %, 71892 MiB, 81.79 W, 2617 MHz, 13365 MHz, 38
2026/09/24 06:26:19.420, 1, 0 %, 3316 MiB, 24.38 W, 180 MHz, 405 MHz, 32
2026/09/24 06:26:19.670, 0, 17 %, 71924 MiB, 86.29 W, 2617 MHz, 13365 MHz, 39
2026/09/24 06:26:19.670, 1, 0 %, 3316 MiB, 24.80 W, 180 MHz, 405 MHz, 32
2026/09/24 06:26:19.920, 0, 17 %, 71924 MiB, 86.29 W, 2617 MHz, 13365 MHz, 39
2026/09/24 06:26:19.920, 1, 0 %, 3316 MiB, 24.80 W, 180 MHz, 405 MHz, 32
2026/09/24 06:26:20.170, 0, 17 %, 71924 MiB, 83.59 W, 2617 MHz, 13365 MHz, 38
2026/09/24 06:26:20.171, 1, 0 %, 3316 MiB, 24.10 W, 180 MHz, 405 MHz, 32
2026/09/24 06:26:20.421, 0, 17 %, 71956 MiB, 83.59 W, 2617 MHz, 13365 MHz, 38
2026/09/24 06:26:20.421, 1, 0 %, 3316 MiB, 24.10 W, 180 MHz, 405 MHz, 32
2026/09/24 06:26:20.671, 0, 0 %, 71956 MiB, 82.08 W, 2610 MHz, 13365 MHz, 38
2026/09/24 06:26:20.671, 1, 0 %, 3316 MiB, 24.92 W, 180 MHz, 405 MHz, 32
2026/09/24 06:26:20.921, 0, 0 %, 71988 MiB, 82.08 W, 2610 MHz, 13365 MHz, 38
2026/09/24 06:26:20.921, 1, 0 %, 3316 MiB, 24.92 W, 180 MHz, 405 MHz, 32
2026/09/24 06:26:21.171, 0, 0 %, 71988 MiB, 81.35 W, 2610 MHz, 13365 MHz, 38
2026/09/24 06:26:21.172, 1, 0 %, 3316 MiB, 24.21 W, 180 MHz, 405 MHz, 32
2026/09/24 06:26:21.422, 0, 0 %, 71988 MiB, 81.35 W, 2610 MHz, 13365 MHz, 38
2026/09/24 06:26:21.422, 1, 0 %, 3316 MiB, 24.21 W, 180 MHz, 405 MHz, 32
2026/09/24 06:26:21.672, 0, 0 %, 72052 MiB, 81.10 W, 2610 MHz, 13365 MHz, 38
2026/09/24 06:26:21.672, 1, 0 %, 3316 MiB, 24.10 W, 180 MHz, 405 MHz, 32
2026/09/24 06:26:21.922, 0, 0 %, 72052 MiB, 81.10 W, 2610 MHz, 13365 MHz, 38
2026/09/24 06:26:21.922, 1, 0 %, 3316 MiB, 24.10 W, 180 MHz, 405 MHz, 32
2026/09/24 06:26:22.173, 0, 0 %, 75508 MiB, 81.61 W, 2617 MHz, 13365 MHz, 38
2026/09/24 06:26:22.173, 1, 0 %, 3316 MiB, 24.46 W, 180 MHz, 405 MHz, 32
2026/09/24 06:26:22.423, 0, 0 %, 75540 MiB, 81.61 W, 2617 MHz, 13365 MHz, 38
2026/09/24 06:26:22.423, 1, 0 %, 3316 MiB, 24.46 W, 180 MHz, 405 MHz, 32
2026/09/24 06:26:22.673, 0, 2 %, 75540 MiB, 84.22 W, 2617 MHz, 13365 MHz, 38
2026/09/24 06:26:22.673, 1, 0 %, 3316 MiB, 24.60 W, 172 MHz, 405 MHz, 32
2026/09/24 06:26:22.923, 0, 2 %, 75540 MiB, 84.22 W, 2617 MHz, 13365 MHz, 38
2026/09/24 06:26:22.923, 1, 0 %, 3316 MiB, 24.60 W, 172 MHz, 405 MHz, 32
2026/09/24 06:26:23.174, 0, 2 %, 75572 MiB, 82.00 W, 2610 MHz, 13365 MHz, 38
2026/09/24 06:26:23.174, 1, 0 %, 3316 MiB, 26.51 W, 180 MHz, 405 MHz, 32
2026/09/24 06:26:23.424, 0, 2 %, 75572 MiB, 82.00 W, 2610 MHz, 13365 MHz, 38
2026/09/24 06:26:23.424, 1, 0 %, 3316 MiB, 26.51 W, 180 MHz, 405 MHz, 32
2026/09/24 06:26:23.674, 0, 0 %, 75604 MiB, 81.19 W, 2617 MHz, 13365 MHz, 38
2026/09/24 06:26:23.674, 1, 0 %, 3316 MiB, 24.15 W, 180 MHz, 405 MHz, 32
2026/09/24 06:26:23.924, 0, 0 %, 75604 MiB, 81.19 W, 2617 MHz, 13365 MHz, 38
2026/09/24 06:26:23.924, 1, 0 %, 3316 MiB, 24.15 W, 180 MHz, 405 MHz, 32
2026/09/24 06:26:24.175, 0, 0 %, 75604 MiB, 80.94 W, 2617 MHz, 13365 MHz, 38
2026/09/24 06:26:24.175, 1, 0 %, 3316 MiB, 24.11 W, 180 MHz, 405 MHz, 32
2026/09/24 06:26:24.425, 0, 0 %, 75636 MiB, 80.94 W, 2617 MHz, 13365 MHz, 38
2026/09/24 06:26:24.425, 1, 0 %, 3316 MiB, 24.11 W, 180 MHz, 405 MHz, 32
2026/09/24 06:26:24.675, 0, 0 %, 75636 MiB, 81.80 W, 2610 MHz, 13365 MHz, 38
2026/09/24 06:26:24.675, 1, 0 %, 3316 MiB, 23.97 W, 180 MHz, 405 MHz, 32
2026/09/24 06:26:24.925, 0, 0 %, 79124 MiB, 81.80 W, 2610 MHz, 13365 MHz, 38
2026/09/24 06:26:24.925, 1, 0 %, 3316 MiB, 23.97 W, 180 MHz, 405 MHz, 32
2026/09/24 06:26:25.176, 0, 0 %, 79156 MiB, 83.41 W, 2617 MHz, 13365 MHz, 38
2026/09/24 06:26:25.176, 1, 0 %, 3316 MiB, 23.64 W, 180 MHz, 405 MHz, 32
2026/09/24 06:26:25.426, 0, 0 %, 79188 MiB, 83.41 W, 2617 MHz, 13365 MHz, 38
2026/09/24 06:26:25.426, 1, 0 %, 3316 MiB, 23.64 W, 180 MHz, 405 MHz, 32
2026/09/24 06:26:25.676, 0, 0 %, 79188 MiB, 83.53 W, 2617 MHz, 13365 MHz, 38
2026/09/24 06:26:25.676, 1, 0 %, 3316 MiB, 23.83 W, 180 MHz, 405 MHz, 32
2026/09/24 06:26:25.926, 0, 0 %, 79220 MiB, 83.53 W, 2617 MHz, 13365 MHz, 38
2026/09/24 06:26:25.927, 1, 0 %, 3316 MiB, 23.83 W, 180 MHz, 405 MHz, 32
2026/09/24 06:26:26.177, 0, 0 %, 79220 MiB, 81.99 W, 2617 MHz, 13365 MHz, 38
2026/09/24 06:26:26.177, 1, 0 %, 3316 MiB, 23.85 W, 180 MHz, 405 MHz, 32
2026/09/24 06:26:26.427, 0, 0 %, 79220 MiB, 81.99 W, 2617 MHz, 13365 MHz, 38
2026/09/24 06:26:26.427, 1, 0 %, 3316 MiB, 23.85 W, 180 MHz, 405 MHz, 32
2026/09/24 06:26:26.677, 0, 0 %, 79252 MiB, 80.79 W, 2610 MHz, 13365 MHz, 38
2026/09/24 06:26:26.677, 1, 0 %, 3316 MiB, 23.97 W, 180 MHz, 405 MHz, 32
2026/09/24 06:26:26.928, 0, 0 %, 79252 MiB, 80.79 W, 2610 MHz, 13365 MHz, 38
2026/09/24 06:26:26.928, 1, 0 %, 3316 MiB, 23.97 W, 180 MHz, 405 MHz, 32
2026/09/24 06:26:27.178, 0, 0 %, 79284 MiB, 81.12 W, 2610 MHz, 13365 MHz, 38
2026/09/24 06:26:27.178, 1, 0 %, 3316 MiB, 23.95 W, 180 MHz, 405 MHz, 32
2026/09/24 06:26:27.428, 0, 0 %, 79284 MiB, 81.12 W, 2610 MHz, 13365 MHz, 38
2026/09/24 06:26:27.428, 1, 0 %, 3316 MiB, 23.95 W, 180 MHz, 405 MHz, 32
2026/09/24 06:26:27.679, 0, 0 %, 82772 MiB, 81.30 W, 2617 MHz, 13365 MHz, 38
2026/09/24 06:26:27.679, 1, 0 %, 3316 MiB, 23.71 W, 180 MHz, 405 MHz, 32
2026/09/24 06:26:27.929, 0, 0 %, 82772 MiB, 81.30 W, 2617 MHz, 13365 MHz, 38
2026/09/24 06:26:27.929, 1, 0 %, 3316 MiB, 23.71 W, 180 MHz, 405 MHz, 32
2026/09/24 06:26:28.179, 0, 0 %, 82772 MiB, 83.18 W, 2617 MHz, 13365 MHz, 38
2026/09/24 06:26:28.179, 1, 0 %, 3316 MiB, 23.73 W, 180 MHz, 405 MHz, 31
2026/09/24 06:26:28.429, 0, 0 %, 82772 MiB, 83.18 W, 2617 MHz, 13365 MHz, 38
2026/09/24 06:26:28.429, 1, 0 %, 3316 MiB, 23.73 W, 180 MHz, 405 MHz, 31
2026/09/24 06:26:28.679, 0, 0 %, 82804 MiB, 83.46 W, 2617 MHz, 13365 MHz, 38
2026/09/24 06:26:28.680, 1, 0 %, 3316 MiB, 23.65 W, 180 MHz, 405 MHz, 31
2026/09/24 06:26:28.930, 0, 0 %, 82804 MiB, 83.46 W, 2617 MHz, 13365 MHz, 38
2026/09/24 06:26:28.930, 1, 0 %, 3316 MiB, 23.65 W, 180 MHz, 405 MHz, 31
2026/09/24 06:26:29.180, 0, 0 %, 82804 MiB, 81.43 W, 2617 MHz, 13365 MHz, 38
2026/09/24 06:26:29.180, 1, 0 %, 3316 MiB, 24.96 W, 180 MHz, 405 MHz, 31
2026/09/24 06:26:29.430, 0, 0 %, 82836 MiB, 81.43 W, 2617 MHz, 13365 MHz, 38
2026/09/24 06:26:29.430, 1, 0 %, 3316 MiB, 24.96 W, 180 MHz, 405 MHz, 31
2026/09/24 06:26:29.680, 0, 0 %, 82836 MiB, 81.00 W, 2610 MHz, 13365 MHz, 38
2026/09/24 06:26:29.681, 1, 0 %, 3316 MiB, 24.56 W, 172 MHz, 405 MHz, 31
2026/09/24 06:26:29.931, 0, 0 %, 82868 MiB, 81.00 W, 2610 MHz, 13365 MHz, 38
2026/09/24 06:26:29.931, 1, 0 %, 3316 MiB, 24.56 W, 172 MHz, 405 MHz, 31
2026/09/24 06:26:30.181, 0, 0 %, 82900 MiB, 82.30 W, 2610 MHz, 13365 MHz, 38
2026/09/24 06:26:30.181, 1, 0 %, 3316 MiB, 25.64 W, 180 MHz, 405 MHz, 31
2026/09/24 06:26:30.431, 0, 0 %, 82900 MiB, 82.30 W, 2610 MHz, 13365 MHz, 38
2026/09/24 06:26:30.431, 1, 0 %, 6772 MiB, 25.64 W, 180 MHz, 405 MHz, 31
2026/09/24 06:26:30.682, 0, 0 %, 82900 MiB, 81.34 W, 2617 MHz, 13365 MHz, 38
2026/09/24 06:26:30.682, 1, 8 %, 6772 MiB, 30.16 W, 180 MHz, 13365 MHz, 32
2026/09/24 06:26:30.932, 0, 0 %, 82900 MiB, 81.34 W, 2617 MHz, 13365 MHz, 38
2026/09/24 06:26:30.932, 1, 8 %, 6772 MiB, 30.16 W, 180 MHz, 13365 MHz, 32
2026/09/24 06:26:31.182, 0, 0 %, 82900 MiB, 80.81 W, 2610 MHz, 13365 MHz, 38
2026/09/24 06:26:31.182, 1, 8 %, 6772 MiB, 57.62 W, 2610 MHz, 13365 MHz, 32
2026/09/24 06:26:31.432, 0, 0 %, 82900 MiB, 80.81 W, 2610 MHz, 13365 MHz, 38
2026/09/24 06:26:31.433, 1, 8 %, 6772 MiB, 57.62 W, 2610 MHz, 13365 MHz, 32
2026/09/24 06:26:31.683, 0, 0 %, 82900 MiB, 81.12 W, 2610 MHz, 13365 MHz, 38
2026/09/24 06:26:31.683, 1, 0 %, 6804 MiB, 81.98 W, 2610 MHz, 13365 MHz, 32
2026/09/24 06:26:31.933, 0, 0 %, 82900 MiB, 81.12 W, 2610 MHz, 13365 MHz, 38
2026/09/24 06:26:31.933, 1, 0 %, 6804 MiB, 81.98 W, 2610 MHz, 13365 MHz, 32
2026/09/24 06:26:32.183, 0, 0 %, 82900 MiB, 80.68 W, 2610 MHz, 13365 MHz, 38
2026/09/24 06:26:32.183, 1, 0 %, 6804 MiB, 81.90 W, 2617 MHz, 13365 MHz, 32
2026/09/24 06:26:32.433, 0, 0 %, 82900 MiB, 80.68 W, 2610 MHz, 13365 MHz, 38
2026/09/24 06:26:32.434, 1, 0 %, 6836 MiB, 81.90 W, 2617 MHz, 13365 MHz, 32
2026/09/24 06:26:32.684, 0, 0 %, 82900 MiB, 82.10 W, 2610 MHz, 13365 MHz, 38
2026/09/24 06:26:32.684, 1, 0 %, 6836 MiB, 84.67 W, 2617 MHz, 13365 MHz, 32
2026/09/24 06:26:32.934, 0, 0 %, 82900 MiB, 82.10 W, 2610 MHz, 13365 MHz, 38
2026/09/24 06:26:32.934, 1, 0 %, 6868 MiB, 84.67 W, 2617 MHz, 13365 MHz, 32
2026/09/24 06:26:33.184, 0, 0 %, 82900 MiB, 80.53 W, 2610 MHz, 13365 MHz, 38
2026/09/24 06:26:33.185, 1, 0 %, 6900 MiB, 82.11 W, 2610 MHz, 13365 MHz, 32
2026/09/24 06:26:33.435, 0, 0 %, 82900 MiB, 80.53 W, 2610 MHz, 13365 MHz, 38
2026/09/24 06:26:33.435, 1, 0 %, 10356 MiB, 82.11 W, 2610 MHz, 13365 MHz, 32
2026/09/24 06:26:33.685, 0, 0 %, 82900 MiB, 80.54 W, 2610 MHz, 13365 MHz, 38
2026/09/24 06:26:33.685, 1, 19 %, 10356 MiB, 83.12 W, 2610 MHz, 13365 MHz, 32
2026/09/24 06:26:33.935, 0, 0 %, 82900 MiB, 80.54 W, 2610 MHz, 13365 MHz, 38
2026/09/24 06:26:33.935, 1, 19 %, 10388 MiB, 83.12 W, 2610 MHz, 13365 MHz, 32
2026/09/24 06:26:34.186, 0, 0 %, 82900 MiB, 81.09 W, 2610 MHz, 13365 MHz, 38
2026/09/24 06:26:34.186, 1, 19 %, 10388 MiB, 82.31 W, 2617 MHz, 13365 MHz, 32
2026/09/24 06:26:34.436, 0, 0 %, 82900 MiB, 81.09 W, 2610 MHz, 13365 MHz, 38
2026/09/24 06:26:34.436, 1, 19 %, 10420 MiB, 82.31 W, 2617 MHz, 13365 MHz, 32
2026/09/24 06:26:34.686, 0, 0 %, 82900 MiB, 80.95 W, 2610 MHz, 13365 MHz, 38
2026/09/24 06:26:34.686, 1, 1 %, 10420 MiB, 81.94 W, 2610 MHz, 13365 MHz, 32
2026/09/24 06:26:34.936, 0, 0 %, 82900 MiB, 80.95 W, 2610 MHz, 13365 MHz, 38
2026/09/24 06:26:34.936, 1, 1 %, 10452 MiB, 81.94 W, 2610 MHz, 13365 MHz, 32
2026/09/24 06:26:35.187, 0, 0 %, 82900 MiB, 81.82 W, 2610 MHz, 13365 MHz, 38
2026/09/24 06:26:35.187, 1, 1 %, 10452 MiB, 81.69 W, 2610 MHz, 13365 MHz, 32
2026/09/24 06:26:35.437, 0, 0 %, 82900 MiB, 81.82 W, 2610 MHz, 13365 MHz, 38
2026/09/24 06:26:35.437, 1, 1 %, 10452 MiB, 81.69 W, 2610 MHz, 13365 MHz, 32
2026/09/24 06:26:35.687, 0, 0 %, 82900 MiB, 80.67 W, 2610 MHz, 13365 MHz, 38
2026/09/24 06:26:35.687, 1, 0 %, 10484 MiB, 81.86 W, 2610 MHz, 13365 MHz, 32
2026/09/24 06:26:35.937, 0, 0 %, 82900 MiB, 80.67 W, 2610 MHz, 13365 MHz, 38
2026/09/24 06:26:35.937, 1, 0 %, 10484 MiB, 81.86 W, 2610 MHz, 13365 MHz, 32
2026/09/24 06:26:36.188, 0, 0 %, 82900 MiB, 80.47 W, 2610 MHz, 13365 MHz, 38
2026/09/24 06:26:36.188, 1, 0 %, 13972 MiB, 81.83 W, 2617 MHz, 13365 MHz, 32
2026/09/24 06:26:36.438, 0, 0 %, 82900 MiB, 80.47 W, 2610 MHz, 13365 MHz, 38
2026/09/24 06:26:36.438, 1, 0 %, 14004 MiB, 81.83 W, 2617 MHz, 13365 MHz, 32
2026/09/24 06:26:36.688, 0, 0 %, 82900 MiB, 80.53 W, 2610 MHz, 13365 MHz, 38
2026/09/24 06:26:36.688, 1, 15 %, 14004 MiB, 84.40 W, 2617 MHz, 13365 MHz, 33
2026/09/24 06:26:36.938, 0, 0 %, 82900 MiB, 80.53 W, 2610 MHz, 13365 MHz, 38
2026/09/24 06:26:36.938, 1, 15 %, 14004 MiB, 84.40 W, 2617 MHz, 13365 MHz, 33
2026/09/24 06:26:37.189, 0, 0 %, 82900 MiB, 80.66 W, 2610 MHz, 13365 MHz, 38
2026/09/24 06:26:37.189, 1, 15 %, 14004 MiB, 84.56 W, 2617 MHz, 13365 MHz, 32
2026/09/24 06:26:37.439, 0, 0 %, 82900 MiB, 80.66 W, 2610 MHz, 13365 MHz, 38
2026/09/24 06:26:37.439, 1, 15 %, 14036 MiB, 84.56 W, 2617 MHz, 13365 MHz, 32
2026/09/24 06:26:37.689, 0, 0 %, 82900 MiB, 80.49 W, 2610 MHz, 13365 MHz, 37
2026/09/24 06:26:37.689, 1, 0 %, 14036 MiB, 82.07 W, 2617 MHz, 13365 MHz, 32
2026/09/24 06:26:37.939, 0, 0 %, 82900 MiB, 80.49 W, 2610 MHz, 13365 MHz, 37
2026/09/24 06:26:37.939, 1, 0 %, 14068 MiB, 82.07 W, 2617 MHz, 13365 MHz, 32
2026/09/24 06:26:38.190, 0, 0 %, 82900 MiB, 81.08 W, 2610 MHz, 13365 MHz, 37
2026/09/24 06:26:38.190, 1, 0 %, 14068 MiB, 82.24 W, 2610 MHz, 13365 MHz, 32
2026/09/24 06:26:38.440, 0, 0 %, 82900 MiB, 81.08 W, 2610 MHz, 13365 MHz, 37
2026/09/24 06:26:38.440, 1, 0 %, 14068 MiB, 82.24 W, 2610 MHz, 13365 MHz, 32
2026/09/24 06:26:38.690, 0, 0 %, 82900 MiB, 80.57 W, 2610 MHz, 13365 MHz, 37
2026/09/24 06:26:38.690, 1, 0 %, 14132 MiB, 82.01 W, 2610 MHz, 13365 MHz, 33
2026/09/24 06:26:38.940, 0, 0 %, 82900 MiB, 80.57 W, 2610 MHz, 13365 MHz, 37
2026/09/24 06:26:38.941, 1, 0 %, 17204 MiB, 82.01 W, 2610 MHz, 13365 MHz, 33
2026/09/24 06:26:39.191, 0, 0 %, 82900 MiB, 81.92 W, 2610 MHz, 13365 MHz, 37
2026/09/24 06:26:39.191, 1, 0 %, 17588 MiB, 83.59 W, 2610 MHz, 13365 MHz, 33
2026/09/24 06:26:39.441, 0, 0 %, 82900 MiB, 81.92 W, 2610 MHz, 13365 MHz, 37
2026/09/24 06:26:39.442, 1, 0 %, 17620 MiB, 83.59 W, 2610 MHz, 13365 MHz, 33
2026/09/24 06:26:39.692, 0, 0 %, 82900 MiB, 80.55 W, 2610 MHz, 13365 MHz, 37
2026/09/24 06:26:39.692, 1, 8 %, 17620 MiB, 87.45 W, 2617 MHz, 13365 MHz, 33
2026/09/24 06:26:39.942, 0, 0 %, 82900 MiB, 80.55 W, 2610 MHz, 13365 MHz, 37
2026/09/24 06:26:39.942, 1, 8 %, 17620 MiB, 87.45 W, 2617 MHz, 13365 MHz, 33
2026/09/24 06:26:40.192, 0, 0 %, 82900 MiB, 80.42 W, 2610 MHz, 13365 MHz, 37
2026/09/24 06:26:40.193, 1, 8 %, 17652 MiB, 84.59 W, 2610 MHz, 13365 MHz, 33
2026/09/24 06:26:40.443, 0, 0 %, 82900 MiB, 80.42 W, 2610 MHz, 13365 MHz, 37
2026/09/24 06:26:40.443, 1, 8 %, 17652 MiB, 84.59 W, 2610 MHz, 13365 MHz, 33
2026/09/24 06:26:40.693, 0, 0 %, 82900 MiB, 81.16 W, 2610 MHz, 13365 MHz, 37
2026/09/24 06:26:40.694, 1, 0 %, 17684 MiB, 82.16 W, 2617 MHz, 13365 MHz, 33
2026/09/24 06:26:40.944, 0, 0 %, 82900 MiB, 81.16 W, 2610 MHz, 13365 MHz, 37
2026/09/24 06:26:40.944, 1, 0 %, 17684 MiB, 82.16 W, 2617 MHz, 13365 MHz, 33
2026/09/24 06:26:41.194, 0, 0 %, 82900 MiB, 80.79 W, 2610 MHz, 13365 MHz, 37
2026/09/24 06:26:41.194, 1, 0 %, 17684 MiB, 81.97 W, 2617 MHz, 13365 MHz, 32
2026/09/24 06:26:41.444, 0, 0 %, 82900 MiB, 80.79 W, 2610 MHz, 13365 MHz, 37
2026/09/24 06:26:41.444, 1, 0 %, 17716 MiB, 81.97 W, 2617 MHz, 13365 MHz, 32
2026/09/24 06:26:41.694, 0, 0 %, 82900 MiB, 82.25 W, 2610 MHz, 13365 MHz, 37
2026/09/24 06:26:41.695, 1, 0 %, 20948 MiB, 81.73 W, 2610 MHz, 13365 MHz, 33
2026/09/24 06:26:41.945, 0, 0 %, 82900 MiB, 82.25 W, 2610 MHz, 13365 MHz, 37
2026/09/24 06:26:41.945, 1, 0 %, 21204 MiB, 81.73 W, 2610 MHz, 13365 MHz, 33
2026/09/24 06:26:42.195, 0, 0 %, 82900 MiB, 81.23 W, 2610 MHz, 13365 MHz, 37
2026/09/24 06:26:42.195, 1, 0 %, 21236 MiB, 86.17 W, 2617 MHz, 13365 MHz, 33
2026/09/24 06:26:42.445, 0, 0 %, 82900 MiB, 81.23 W, 2610 MHz, 13365 MHz, 37
2026/09/24 06:26:42.445, 1, 0 %, 21268 MiB, 86.17 W, 2617 MHz, 13365 MHz, 33
2026/09/24 06:26:42.695, 0, 0 %, 82900 MiB, 80.97 W, 2610 MHz, 13365 MHz, 37
2026/09/24 06:26:42.696, 1, 0 %, 21268 MiB, 84.80 W, 2617 MHz, 13365 MHz, 33
2026/09/24 06:26:42.946, 0, 0 %, 82900 MiB, 80.97 W, 2610 MHz, 13365 MHz, 37
2026/09/24 06:26:42.946, 1, 0 %, 21300 MiB, 84.80 W, 2617 MHz, 13365 MHz, 33
2026/09/24 06:26:43.196, 0, 0 %, 82900 MiB, 81.08 W, 2610 MHz, 13365 MHz, 37
2026/09/24 06:26:43.196, 1, 0 %, 21300 MiB, 82.98 W, 2610 MHz, 13365 MHz, 33
2026/09/24 06:26:43.446, 0, 0 %, 82900 MiB, 81.08 W, 2610 MHz, 13365 MHz, 37
2026/09/24 06:26:43.446, 1, 0 %, 21300 MiB, 82.98 W, 2610 MHz, 13365 MHz, 33
2026/09/24 06:26:43.696, 0, 0 %, 82900 MiB, 80.76 W, 2610 MHz, 13365 MHz, 37
2026/09/24 06:26:43.697, 1, 0 %, 21332 MiB, 82.07 W, 2610 MHz, 13365 MHz, 33
2026/09/24 06:26:43.947, 0, 0 %, 82900 MiB, 80.76 W, 2610 MHz, 13365 MHz, 37
2026/09/24 06:26:43.948, 1, 0 %, 21332 MiB, 82.07 W, 2610 MHz, 13365 MHz, 33
2026/09/24 06:26:44.199, 0, 0 %, 82900 MiB, 80.63 W, 2610 MHz, 13365 MHz, 37
2026/09/24 06:26:44.199, 1, 0 %, 21364 MiB, 81.91 W, 2610 MHz, 13365 MHz, 32
2026/09/24 06:26:44.449, 0, 0 %, 82900 MiB, 80.63 W, 2610 MHz, 13365 MHz, 37
2026/09/24 06:26:44.449, 1, 0 %, 21364 MiB, 81.91 W, 2610 MHz, 13365 MHz, 32
2026/09/24 06:26:44.699, 0, 0 %, 82900 MiB, 80.33 W, 2610 MHz, 13365 MHz, 37
2026/09/24 06:26:44.699, 1, 0 %, 24852 MiB, 82.24 W, 2617 MHz, 13365 MHz, 32
2026/09/24 06:26:44.949, 0, 0 %, 82900 MiB, 80.33 W, 2610 MHz, 13365 MHz, 37
2026/09/24 06:26:44.950, 1, 0 %, 24852 MiB, 82.24 W, 2617 MHz, 13365 MHz, 32
2026/09/24 06:26:45.200, 0, 0 %, 82900 MiB, 80.26 W, 2610 MHz, 13365 MHz, 37
2026/09/24 06:26:45.200, 1, 0 %, 24852 MiB, 84.49 W, 2617 MHz, 13365 MHz, 33
2026/09/24 06:26:45.450, 0, 0 %, 82900 MiB, 80.26 W, 2610 MHz, 13365 MHz, 37
2026/09/24 06:26:45.450, 1, 0 %, 24852 MiB, 84.49 W, 2617 MHz, 13365 MHz, 33
2026/09/24 06:26:45.700, 0, 0 %, 82900 MiB, 80.36 W, 2610 MHz, 13365 MHz, 37
2026/09/24 06:26:45.700, 1, 0 %, 24884 MiB, 84.36 W, 2610 MHz, 13365 MHz, 32
2026/09/24 06:26:45.950, 0, 0 %, 82900 MiB, 80.36 W, 2610 MHz, 13365 MHz, 37
2026/09/24 06:26:45.951, 1, 0 %, 24884 MiB, 84.36 W, 2610 MHz, 13365 MHz, 32
2026/09/24 06:26:46.201, 0, 0 %, 82900 MiB, 80.48 W, 2610 MHz, 13365 MHz, 37
2026/09/24 06:26:46.201, 1, 0 %, 24884 MiB, 82.64 W, 2617 MHz, 13365 MHz, 32
2026/09/24 06:26:46.451, 0, 0 %, 82900 MiB, 80.43 W, 2610 MHz, 13365 MHz, 37
2026/09/24 06:26:46.451, 1, 0 %, 24916 MiB, 82.64 W, 2617 MHz, 13365 MHz, 32
2026/09/24 06:26:46.701, 0, 0 %, 82900 MiB, 80.43 W, 2610 MHz, 13365 MHz, 37
2026/09/24 06:26:46.701, 1, 0 %, 24916 MiB, 82.33 W, 2610 MHz, 13365 MHz, 32
2026/09/24 06:26:46.951, 0, 0 %, 82900 MiB, 81.17 W, 2610 MHz, 13365 MHz, 37
2026/09/24 06:26:46.952, 1, 0 %, 24948 MiB, 82.33 W, 2610 MHz, 13365 MHz, 32
2026/09/24 06:26:47.202, 0, 0 %, 82900 MiB, 81.17 W, 2610 MHz, 13365 MHz, 37
2026/09/24 06:26:47.202, 1, 0 %, 24980 MiB, 83.66 W, 2610 MHz, 13365 MHz, 32
2026/09/24 06:26:47.452, 0, 0 %, 82900 MiB, 69.24 W, 2077 MHz, 13365 MHz, 37
2026/09/24 06:26:47.452, 1, 0 %, 28436 MiB, 83.66 W, 2610 MHz, 13365 MHz, 32
2026/09/24 06:26:47.702, 0, 0 %, 82900 MiB, 69.24 W, 2077 MHz, 13365 MHz, 37
2026/09/24 06:26:47.702, 1, 19 %, 28468 MiB, 83.98 W, 2617 MHz, 13365 MHz, 32
2026/09/24 06:26:47.952, 0, 0 %, 82900 MiB, 59.92 W, 450 MHz, 13365 MHz, 36
2026/09/24 06:26:47.953, 1, 19 %, 28500 MiB, 83.98 W, 2617 MHz, 13365 MHz, 32
2026/09/24 06:26:48.203, 0, 0 %, 82900 MiB, 59.92 W, 450 MHz, 13365 MHz, 36
2026/09/24 06:26:48.203, 1, 19 %, 28500 MiB, 84.42 W, 2617 MHz, 13365 MHz, 33
2026/09/24 06:26:48.453, 0, 0 %, 82900 MiB, 50.47 W, 352 MHz, 13365 MHz, 36
2026/09/24 06:26:48.453, 1, 19 %, 28500 MiB, 84.42 W, 2617 MHz, 13365 MHz, 33
2026/09/24 06:26:48.703, 0, 0 %, 82900 MiB, 50.47 W, 352 MHz, 13365 MHz, 36
2026/09/24 06:26:48.703, 1, 0 %, 28532 MiB, 81.58 W, 2610 MHz, 13365 MHz, 32
2026/09/24 06:26:48.953, 0, 0 %, 82900 MiB, 50.24 W, 285 MHz, 13365 MHz, 36
2026/09/24 06:26:48.954, 1, 0 %, 28532 MiB, 81.58 W, 2610 MHz, 13365 MHz, 32
2026/09/24 06:26:49.204, 0, 0 %, 82900 MiB, 50.24 W, 285 MHz, 13365 MHz, 36
2026/09/24 06:26:49.204, 1, 0 %, 28564 MiB, 81.82 W, 2617 MHz, 13365 MHz, 32
2026/09/24 06:26:49.454, 0, 0 %, 82900 MiB, 49.91 W, 225 MHz, 13365 MHz, 36
2026/09/24 06:26:49.454, 1, 0 %, 28564 MiB, 81.82 W, 2617 MHz, 13365 MHz, 32
2026/09/24 06:26:49.704, 0, 0 %, 82900 MiB, 49.91 W, 225 MHz, 13365 MHz, 36
2026/09/24 06:26:49.704, 1, 0 %, 28564 MiB, 83.18 W, 2617 MHz, 13365 MHz, 32
2026/09/24 06:26:49.954, 0, 0 %, 82900 MiB, 36.28 W, 195 MHz, 810 MHz, 36
2026/09/24 06:26:49.955, 1, 0 %, 28596 MiB, 83.18 W, 2617 MHz, 13365 MHz, 32
2026/09/24 06:26:50.205, 0, 0 %, 82900 MiB, 36.28 W, 195 MHz, 810 MHz, 36
2026/09/24 06:26:50.205, 1, 0 %, 32084 MiB, 82.12 W, 2610 MHz, 13365 MHz, 32
2026/09/24 06:26:50.455, 0, 0 %, 82900 MiB, 28.50 W, 180 MHz, 810 MHz, 36
2026/09/24 06:26:50.455, 1, 0 %, 32084 MiB, 82.12 W, 2610 MHz, 13365 MHz, 32
2026/09/24 06:26:50.707, 0, 0 %, 82900 MiB, 28.50 W, 180 MHz, 810 MHz, 36
2026/09/24 06:26:50.707, 1, 19 %, 32116 MiB, 83.55 W, 2617 MHz, 13365 MHz, 33
2026/09/24 06:26:50.957, 0, 0 %, 82900 MiB, 23.08 W, 180 MHz, 810 MHz, 35
2026/09/24 06:26:50.957, 1, 19 %, 32116 MiB, 83.55 W, 2617 MHz, 13365 MHz, 33
2026/09/24 06:26:51.207, 0, 0 %, 82900 MiB, 23.08 W, 180 MHz, 810 MHz, 35
2026/09/24 06:26:51.208, 1, 19 %, 32116 MiB, 82.34 W, 2617 MHz, 13365 MHz, 32
2026/09/24 06:26:51.458, 0, 0 %, 82900 MiB, 22.74 W, 180 MHz, 405 MHz, 35
2026/09/24 06:26:51.458, 1, 19 %, 32148 MiB, 82.34 W, 2617 MHz, 13365 MHz, 32
2026/09/24 06:26:51.708, 0, 0 %, 82900 MiB, 22.74 W, 180 MHz, 405 MHz, 35
2026/09/24 06:26:51.708, 1, 0 %, 32148 MiB, 81.94 W, 2610 MHz, 13365 MHz, 33
2026/09/24 06:26:51.958, 0, 0 %, 82900 MiB, 21.95 W, 180 MHz, 405 MHz, 35
2026/09/24 06:26:51.958, 1, 0 %, 32180 MiB, 81.94 W, 2610 MHz, 13365 MHz, 33
2026/09/24 06:26:52.208, 0, 0 %, 82900 MiB, 21.95 W, 180 MHz, 405 MHz, 35
2026/09/24 06:26:52.209, 1, 0 %, 32180 MiB, 87.02 W, 2610 MHz, 13365 MHz, 32
2026/09/24 06:26:52.459, 0, 0 %, 82900 MiB, 21.80 W, 180 MHz, 405 MHz, 35
2026/09/24 06:26:52.459, 1, 0 %, 32212 MiB, 87.02 W, 2610 MHz, 13365 MHz, 32
2026/09/24 06:26:52.709, 0, 0 %, 82900 MiB, 21.80 W, 180 MHz, 405 MHz, 35
2026/09/24 06:26:52.709, 1, 0 %, 32212 MiB, 81.88 W, 2610 MHz, 13365 MHz, 32
2026/09/24 06:26:52.959, 0, 0 %, 82900 MiB, 21.47 W, 180 MHz, 405 MHz, 35
2026/09/24 06:26:52.959, 1, 0 %, 35700 MiB, 81.88 W, 2610 MHz, 13365 MHz, 32
2026/09/24 06:26:53.210, 0, 0 %, 82900 MiB, 21.47 W, 180 MHz, 405 MHz, 35
2026/09/24 06:26:53.210, 1, 0 %, 35700 MiB, 81.93 W, 2610 MHz, 13365 MHz, 33
2026/09/24 06:26:53.460, 0, 0 %, 82900 MiB, 22.84 W, 180 MHz, 405 MHz, 35
2026/09/24 06:26:53.460, 1, 0 %, 35732 MiB, 81.93 W, 2610 MHz, 13365 MHz, 33
2026/09/24 06:26:53.710, 0, 0 %, 82900 MiB, 22.84 W, 180 MHz, 405 MHz, 35
2026/09/24 06:26:53.710, 1, 2 %, 35732 MiB, 84.42 W, 2610 MHz, 13365 MHz, 33
2026/09/24 06:26:53.961, 0, 0 %, 82900 MiB, 22.22 W, 180 MHz, 405 MHz, 35
2026/09/24 06:26:53.961, 1, 2 %, 35732 MiB, 84.42 W, 2610 MHz, 13365 MHz, 33
2026/09/24 06:26:54.211, 0, 0 %, 82900 MiB, 22.22 W, 180 MHz, 405 MHz, 35
2026/09/24 06:26:54.211, 1, 2 %, 35764 MiB, 81.95 W, 2610 MHz, 13365 MHz, 33
2026/09/24 06:26:54.461, 0, 0 %, 82900 MiB, 21.92 W, 180 MHz, 405 MHz, 35
2026/09/24 06:26:54.461, 1, 2 %, 35764 MiB, 81.79 W, 2617 MHz, 13365 MHz, 33
2026/09/24 06:26:54.711, 0, 0 %, 82900 MiB, 21.92 W, 180 MHz, 405 MHz, 35
2026/09/24 06:26:54.712, 1, 0 %, 35764 MiB, 81.79 W, 2617 MHz, 13365 MHz, 33
2026/09/24 06:26:54.963, 0, 0 %, 82900 MiB, 22.21 W, 180 MHz, 405 MHz, 35
2026/09/24 06:26:54.963, 1, 0 %, 35796 MiB, 82.88 W, 2610 MHz, 13365 MHz, 33
2026/09/24 06:26:55.213, 0, 0 %, 82900 MiB, 22.21 W, 180 MHz, 405 MHz, 35
2026/09/24 06:26:55.213, 1, 0 %, 35796 MiB, 82.88 W, 2610 MHz, 13365 MHz, 33
2026/09/24 06:26:55.463, 0, 0 %, 82900 MiB, 21.37 W, 180 MHz, 405 MHz, 35
2026/09/24 06:26:55.464, 1, 1 %, 35828 MiB, 81.97 W, 2610 MHz, 13365 MHz, 33
2026/09/24 06:26:55.714, 0, 0 %, 82900 MiB, 21.37 W, 180 MHz, 405 MHz, 35
2026/09/24 06:26:55.714, 1, 1 %, 35860 MiB, 81.97 W, 2610 MHz, 13365 MHz, 33
2026/09/24 06:26:55.964, 0, 0 %, 82900 MiB, 21.26 W, 180 MHz, 405 MHz, 35
2026/09/24 06:26:55.964, 1, 1 %, 39316 MiB, 82.86 W, 2617 MHz, 13365 MHz, 33
2026/09/24 06:26:56.214, 0, 0 %, 82900 MiB, 21.26 W, 180 MHz, 405 MHz, 35
2026/09/24 06:26:56.214, 1, 1 %, 39348 MiB, 82.86 W, 2617 MHz, 13365 MHz, 33
2026/09/24 06:26:56.464, 0, 0 %, 82900 MiB, 21.78 W, 180 MHz, 405 MHz, 35
2026/09/24 06:26:56.465, 1, 0 %, 39348 MiB, 84.40 W, 2617 MHz, 13365 MHz, 33
2026/09/24 06:26:56.715, 0, 0 %, 82900 MiB, 21.78 W, 180 MHz, 405 MHz, 35
2026/09/24 06:26:56.715, 1, 0 %, 39348 MiB, 84.40 W, 2617 MHz, 13365 MHz, 33
2026/09/24 06:26:56.965, 0, 0 %, 82900 MiB, 21.85 W, 180 MHz, 405 MHz, 35
2026/09/24 06:26:56.965, 1, 0 %, 39380 MiB, 82.83 W, 2610 MHz, 13365 MHz, 33
2026/09/24 06:26:57.215, 0, 0 %, 82900 MiB, 21.85 W, 180 MHz, 405 MHz, 35
2026/09/24 06:26:57.215, 1, 0 %, 39380 MiB, 82.83 W, 2610 MHz, 13365 MHz, 33
2026/09/24 06:26:57.465, 0, 0 %, 82900 MiB, 23.33 W, 180 MHz, 405 MHz, 35
2026/09/24 06:26:57.466, 1, 0 %, 39380 MiB, 82.66 W, 2610 MHz, 13365 MHz, 33
2026/09/24 06:26:57.716, 0, 0 %, 82900 MiB, 23.33 W, 180 MHz, 405 MHz, 35
2026/09/24 06:26:57.716, 1, 0 %, 39412 MiB, 82.66 W, 2610 MHz, 13365 MHz, 33
2026/09/24 06:26:57.966, 0, 0 %, 82900 MiB, 21.95 W, 180 MHz, 405 MHz, 35
2026/09/24 06:26:57.966, 1, 0 %, 39412 MiB, 81.96 W, 2617 MHz, 13365 MHz, 33
2026/09/24 06:26:58.216, 0, 0 %, 82900 MiB, 21.95 W, 180 MHz, 405 MHz, 35
2026/09/24 06:26:58.216, 1, 0 %, 39444 MiB, 81.96 W, 2617 MHz, 13365 MHz, 33
2026/09/24 06:26:58.466, 0, 0 %, 82900 MiB, 21.72 W, 180 MHz, 405 MHz, 34
2026/09/24 06:26:58.466, 1, 0 %, 39444 MiB, 81.84 W, 2617 MHz, 13365 MHz, 32
2026/09/24 06:26:58.717, 0, 0 %, 82900 MiB, 21.72 W, 180 MHz, 405 MHz, 34
2026/09/24 06:26:58.717, 1, 0 %, 42932 MiB, 81.84 W, 2617 MHz, 13365 MHz, 32
2026/09/24 06:26:58.967, 0, 0 %, 82900 MiB, 22.13 W, 180 MHz, 405 MHz, 34
2026/09/24 06:26:58.968, 1, 0 %, 42964 MiB, 87.13 W, 2617 MHz, 13365 MHz, 33
2026/09/24 06:26:59.218, 0, 0 %, 82900 MiB, 22.13 W, 180 MHz, 405 MHz, 34
2026/09/24 06:26:59.218, 1, 0 %, 42996 MiB, 87.13 W, 2617 MHz, 13365 MHz, 33
2026/09/24 06:26:59.468, 0, 0 %, 82900 MiB, 21.88 W, 180 MHz, 405 MHz, 34
2026/09/24 06:26:59.468, 1, 0 %, 42996 MiB, 84.16 W, 2617 MHz, 13365 MHz, 33
2026/09/24 06:26:59.718, 0, 0 %, 82900 MiB, 21.88 W, 180 MHz, 405 MHz, 34
2026/09/24 06:26:59.718, 1, 0 %, 42996 MiB, 84.16 W, 2617 MHz, 13365 MHz, 33
2026/09/24 06:26:59.969, 0, 0 %, 82900 MiB, 22.05 W, 180 MHz, 405 MHz, 34
2026/09/24 06:26:59.969, 1, 0 %, 43028 MiB, 82.48 W, 2610 MHz, 13365 MHz, 32
2026/09/24 06:27:00.219, 0, 0 %, 82900 MiB, 22.05 W, 180 MHz, 405 MHz, 34
2026/09/24 06:27:00.219, 1, 0 %, 43028 MiB, 82.48 W, 2610 MHz, 13365 MHz, 32
2026/09/24 06:27:00.469, 0, 0 %, 82900 MiB, 21.65 W, 180 MHz, 405 MHz, 34
2026/09/24 06:27:00.469, 1, 0 %, 43060 MiB, 82.00 W, 2610 MHz, 13365 MHz, 32
2026/09/24 06:27:00.719, 0, 0 %, 82900 MiB, 21.65 W, 180 MHz, 405 MHz, 34
2026/09/24 06:27:00.719, 1, 0 %, 43060 MiB, 82.00 W, 2610 MHz, 13365 MHz, 32
2026/09/24 06:27:00.970, 0, 0 %, 82900 MiB, 21.64 W, 180 MHz, 405 MHz, 34
2026/09/24 06:27:00.970, 1, 0 %, 43060 MiB, 81.57 W, 2610 MHz, 13365 MHz, 32
2026/09/24 06:27:01.220, 0, 0 %, 82900 MiB, 21.64 W, 180 MHz, 405 MHz, 34
2026/09/24 06:27:01.220, 1, 0 %, 43092 MiB, 81.57 W, 2610 MHz, 13365 MHz, 32
2026/09/24 06:27:01.470, 0, 0 %, 82900 MiB, 21.83 W, 180 MHz, 405 MHz, 34
2026/09/24 06:27:01.471, 1, 0 %, 45812 MiB, 81.56 W, 2617 MHz, 13365 MHz, 32
2026/09/24 06:27:01.727, 0, 0 %, 82900 MiB, 21.83 W, 180 MHz, 405 MHz, 34
2026/09/24 06:27:01.727, 1, 0 %, 46580 MiB, 81.56 W, 2617 MHz, 13365 MHz, 32
2026/09/24 06:27:01.977, 0, 0 %, 82900 MiB, 22.11 W, 180 MHz, 405 MHz, 34
2026/09/24 06:27:01.977, 1, 0 %, 46580 MiB, 86.46 W, 2617 MHz, 13365 MHz, 32
2026/09/24 06:27:02.227, 0, 0 %, 82900 MiB, 22.11 W, 180 MHz, 405 MHz, 34
2026/09/24 06:27:02.228, 1, 0 %, 46580 MiB, 86.46 W, 2617 MHz, 13365 MHz, 32
2026/09/24 06:27:02.478, 0, 0 %, 82900 MiB, 21.98 W, 180 MHz, 405 MHz, 34
2026/09/24 06:27:02.478, 1, 0 %, 46580 MiB, 83.33 W, 2610 MHz, 13365 MHz, 32
2026/09/24 06:27:02.728, 0, 0 %, 82900 MiB, 21.98 W, 180 MHz, 405 MHz, 34
2026/09/24 06:27:02.728, 1, 0 %, 46612 MiB, 83.33 W, 2610 MHz, 13365 MHz, 32
2026/09/24 06:27:02.978, 0, 0 %, 82900 MiB, 22.74 W, 180 MHz, 405 MHz, 34
2026/09/24 06:27:02.978, 1, 0 %, 46612 MiB, 82.04 W, 2617 MHz, 13365 MHz, 32
2026/09/24 06:27:03.228, 0, 0 %, 82900 MiB, 22.74 W, 180 MHz, 405 MHz, 34
2026/09/24 06:27:03.229, 1, 0 %, 46644 MiB, 82.04 W, 2617 MHz, 13365 MHz, 32
2026/09/24 06:27:03.479, 0, 0 %, 82900 MiB, 22.19 W, 180 MHz, 405 MHz, 34
2026/09/24 06:27:03.479, 1, 0 %, 46644 MiB, 81.49 W, 2617 MHz, 13365 MHz, 32
2026/09/24 06:27:03.729, 0, 0 %, 82900 MiB, 22.19 W, 180 MHz, 405 MHz, 34
2026/09/24 06:27:03.729, 1, 0 %, 46644 MiB, 81.49 W, 2617 MHz, 13365 MHz, 32
2026/09/24 06:27:03.979, 0, 0 %, 82900 MiB, 22.08 W, 180 MHz, 405 MHz, 34
2026/09/24 06:27:03.980, 1, 0 %, 46708 MiB, 81.35 W, 2610 MHz, 13365 MHz, 32
2026/09/24 06:27:04.231, 0, 0 %, 82900 MiB, 22.08 W, 180 MHz, 405 MHz, 34
2026/09/24 06:27:04.231, 1, 0 %, 49780 MiB, 81.35 W, 2610 MHz, 13365 MHz, 32
2026/09/24 06:27:04.481, 0, 0 %, 82900 MiB, 22.34 W, 180 MHz, 405 MHz, 34
2026/09/24 06:27:04.482, 1, 18 %, 50164 MiB, 88.99 W, 2617 MHz, 13365 MHz, 32
2026/09/24 06:27:04.732, 0, 0 %, 82900 MiB, 22.34 W, 180 MHz, 405 MHz, 34
2026/09/24 06:27:04.732, 1, 18 %, 50196 MiB, 88.99 W, 2617 MHz, 13365 MHz, 32
2026/09/24 06:27:04.982, 0, 0 %, 82900 MiB, 22.28 W, 180 MHz, 405 MHz, 34
2026/09/24 06:27:04.982, 1, 18 %, 50228 MiB, 85.46 W, 2617 MHz, 13365 MHz, 32
2026/09/24 06:27:05.232, 0, 0 %, 82900 MiB, 22.28 W, 180 MHz, 405 MHz, 34
2026/09/24 06:27:05.232, 1, 18 %, 50228 MiB, 85.46 W, 2617 MHz, 13365 MHz, 32
2026/09/24 06:27:05.482, 0, 0 %, 82900 MiB, 26.83 W, 180 MHz, 405 MHz, 34
2026/09/24 06:27:05.483, 1, 0 %, 50260 MiB, 82.84 W, 2610 MHz, 13365 MHz, 32
2026/09/24 06:27:05.733, 0, 0 %, 82900 MiB, 26.83 W, 180 MHz, 405 MHz, 34
2026/09/24 06:27:05.733, 1, 0 %, 50260 MiB, 82.84 W, 2610 MHz, 13365 MHz, 32
2026/09/24 06:27:05.983, 0, 0 %, 82900 MiB, 22.58 W, 180 MHz, 405 MHz, 34
2026/09/24 06:27:05.983, 1, 0 %, 50260 MiB, 81.65 W, 2610 MHz, 13365 MHz, 32
2026/09/24 06:27:06.233, 0, 0 %, 82900 MiB, 22.58 W, 180 MHz, 405 MHz, 34
2026/09/24 06:27:06.233, 1, 0 %, 50292 MiB, 81.65 W, 2610 MHz, 13365 MHz, 32
2026/09/24 06:27:06.483, 0, 0 %, 82900 MiB, 22.36 W, 180 MHz, 405 MHz, 34
2026/09/24 06:27:06.483, 1, 0 %, 50292 MiB, 81.41 W, 2610 MHz, 13365 MHz, 32
2026/09/24 06:27:06.734, 0, 0 %, 82900 MiB, 22.36 W, 180 MHz, 405 MHz, 34
2026/09/24 06:27:06.734, 1, 0 %, 50324 MiB, 81.41 W, 2610 MHz, 13365 MHz, 32
2026/09/24 06:27:06.984, 0, 0 %, 82900 MiB, 23.29 W, 180 MHz, 405 MHz, 34
2026/09/24 06:27:06.984, 1, 0 %, 50324 MiB, 83.57 W, 2617 MHz, 13365 MHz, 32
2026/09/24 06:27:07.234, 0, 0 %, 82900 MiB, 23.29 W, 180 MHz, 405 MHz, 34
2026/09/24 06:27:07.234, 1, 0 %, 53812 MiB, 83.57 W, 2617 MHz, 13365 MHz, 32
2026/09/24 06:27:07.484, 0, 0 %, 82900 MiB, 22.86 W, 180 MHz, 405 MHz, 34
2026/09/24 06:27:07.484, 1, 19 %, 53812 MiB, 85.13 W, 2617 MHz, 13365 MHz, 33
2026/09/24 06:27:07.735, 0, 0 %, 82900 MiB, 22.86 W, 180 MHz, 405 MHz, 34
2026/09/24 06:27:07.735, 1, 19 %, 53844 MiB, 85.13 W, 2617 MHz, 13365 MHz, 33
2026/09/24 06:27:07.985, 0, 0 %, 82900 MiB, 22.52 W, 180 MHz, 405 MHz, 34
2026/09/24 06:27:07.985, 1, 19 %, 53844 MiB, 84.18 W, 2617 MHz, 13365 MHz, 32
2026/09/24 06:27:08.235, 0, 0 %, 82900 MiB, 22.52 W, 180 MHz, 405 MHz, 34
2026/09/24 06:27:08.235, 1, 19 %, 53876 MiB, 84.18 W, 2617 MHz, 13365 MHz, 32
2026/09/24 06:27:08.485, 0, 0 %, 82900 MiB, 21.53 W, 180 MHz, 405 MHz, 34
2026/09/24 06:27:08.485, 1, 0 %, 53876 MiB, 82.68 W, 2617 MHz, 13365 MHz, 32
2026/09/24 06:27:08.736, 0, 0 %, 82900 MiB, 21.53 W, 180 MHz, 405 MHz, 34
2026/09/24 06:27:08.736, 1, 0 %, 53876 MiB, 82.68 W, 2617 MHz, 13365 MHz, 32
2026/09/24 06:27:08.986, 0, 0 %, 82900 MiB, 21.58 W, 180 MHz, 405 MHz, 34
2026/09/24 06:27:08.986, 1, 0 %, 53908 MiB, 82.11 W, 2610 MHz, 13365 MHz, 33
2026/09/24 06:27:09.236, 0, 0 %, 82900 MiB, 21.58 W, 180 MHz, 405 MHz, 34
2026/09/24 06:27:09.236, 1, 0 %, 53908 MiB, 82.11 W, 2610 MHz, 13365 MHz, 33
2026/09/24 06:27:09.486, 0, 0 %, 82900 MiB, 22.04 W, 180 MHz, 405 MHz, 33
2026/09/24 06:27:09.486, 1, 0 %, 53940 MiB, 81.87 W, 2610 MHz, 13365 MHz, 33
2026/09/24 06:27:09.737, 0, 0 %, 82900 MiB, 22.04 W, 180 MHz, 405 MHz, 33
2026/09/24 06:27:09.737, 1, 0 %, 53940 MiB, 81.87 W, 2610 MHz, 13365 MHz, 33
2026/09/24 06:27:09.987, 0, 0 %, 82900 MiB, 22.07 W, 180 MHz, 405 MHz, 33
2026/09/24 06:27:09.987, 1, 0 %, 57428 MiB, 82.74 W, 2617 MHz, 13365 MHz, 33
2026/09/24 06:27:10.237, 0, 0 %, 82900 MiB, 22.07 W, 180 MHz, 405 MHz, 33
2026/09/24 06:27:10.238, 1, 0 %, 57460 MiB, 82.74 W, 2617 MHz, 13365 MHz, 33
2026/09/24 06:27:10.488, 0, 0 %, 82900 MiB, 22.43 W, 180 MHz, 405 MHz, 33
2026/09/24 06:27:10.488, 1, 0 %, 57460 MiB, 84.12 W, 2610 MHz, 13365 MHz, 33
2026/09/24 06:27:10.738, 0, 0 %, 82900 MiB, 22.43 W, 180 MHz, 405 MHz, 33
2026/09/24 06:27:10.739, 1, 0 %, 57460 MiB, 84.12 W, 2610 MHz, 13365 MHz, 33
2026/09/24 06:27:10.989, 0, 0 %, 82900 MiB, 22.08 W, 180 MHz, 405 MHz, 33
2026/09/24 06:27:10.989, 1, 0 %, 57460 MiB, 82.42 W, 2610 MHz, 13365 MHz, 33
2026/09/24 06:27:11.239, 0, 0 %, 82900 MiB, 22.08 W, 180 MHz, 405 MHz, 33
2026/09/24 06:27:11.239, 1, 0 %, 57492 MiB, 82.42 W, 2610 MHz, 13365 MHz, 33
2026/09/24 06:27:11.489, 0, 0 %, 82900 MiB, 22.26 W, 180 MHz, 405 MHz, 33
2026/09/24 06:27:11.489, 1, 0 %, 57492 MiB, 81.91 W, 2617 MHz, 13365 MHz, 33
2026/09/24 06:27:11.739, 0, 0 %, 82900 MiB, 22.26 W, 180 MHz, 405 MHz, 33
2026/09/24 06:27:11.740, 1, 0 %, 57524 MiB, 81.91 W, 2617 MHz, 13365 MHz, 33
2026/09/24 06:27:11.990, 0, 0 %, 82900 MiB, 22.31 W, 180 MHz, 405 MHz, 33
2026/09/24 06:27:11.990, 1, 0 %, 57524 MiB, 82.00 W, 2610 MHz, 13365 MHz, 33
2026/09/24 06:27:12.240, 0, 0 %, 82900 MiB, 22.31 W, 180 MHz, 405 MHz, 33
2026/09/24 06:27:12.240, 1, 0 %, 57524 MiB, 82.00 W, 2610 MHz, 13365 MHz, 33
2026/09/24 06:27:12.490, 0, 0 %, 82900 MiB, 22.37 W, 180 MHz, 405 MHz, 33
2026/09/24 06:27:12.490, 1, 1 %, 57588 MiB, 81.76 W, 2610 MHz, 13365 MHz, 32
2026/09/24 06:27:12.740, 0, 0 %, 82900 MiB, 22.37 W, 180 MHz, 405 MHz, 33
2026/09/24 06:27:12.740, 1, 1 %, 57588 MiB, 81.76 W, 2610 MHz, 13365 MHz, 32
2026/09/24 06:27:12.991, 0, 0 %, 82900 MiB, 23.90 W, 180 MHz, 405 MHz, 33
2026/09/24 06:27:12.991, 1, 1 %, 61044 MiB, 88.19 W, 2610 MHz, 13365 MHz, 33
2026/09/24 06:27:13.241, 0, 0 %, 82900 MiB, 23.90 W, 180 MHz, 405 MHz, 33
2026/09/24 06:27:13.241, 1, 1 %, 61076 MiB, 88.19 W, 2610 MHz, 13365 MHz, 33
2026/09/24 06:27:13.491, 0, 0 %, 82900 MiB, 22.44 W, 180 MHz, 405 MHz, 33
2026/09/24 06:27:13.491, 1, 0 %, 61076 MiB, 84.53 W, 2617 MHz, 13365 MHz, 33
2026/09/24 06:27:13.741, 0, 0 %, 82900 MiB, 22.44 W, 180 MHz, 405 MHz, 33
2026/09/24 06:27:13.741, 1, 0 %, 61076 MiB, 84.53 W, 2617 MHz, 13365 MHz, 33
2026/09/24 06:27:13.992, 0, 0 %, 82900 MiB, 22.30 W, 180 MHz, 405 MHz, 33
2026/09/24 06:27:13.992, 1, 0 %, 61108 MiB, 82.97 W, 2610 MHz, 13365 MHz, 32
2026/09/24 06:27:14.242, 0, 0 %, 82900 MiB, 22.30 W, 180 MHz, 405 MHz, 33
2026/09/24 06:27:14.242, 1, 0 %, 61108 MiB, 82.97 W, 2610 MHz, 13365 MHz, 32
2026/09/24 06:27:14.492, 0, 0 %, 82900 MiB, 22.45 W, 180 MHz, 405 MHz, 33
2026/09/24 06:27:14.492, 1, 0 %, 61140 MiB, 81.87 W, 2610 MHz, 13365 MHz, 32
2026/09/24 06:27:14.742, 0, 0 %, 82900 MiB, 22.45 W, 180 MHz, 405 MHz, 33
2026/09/24 06:27:14.742, 1, 0 %, 61140 MiB, 81.87 W, 2610 MHz, 13365 MHz, 32
2026/09/24 06:27:14.993, 0, 0 %, 82900 MiB, 22.40 W, 180 MHz, 405 MHz, 33
2026/09/24 06:27:14.993, 1, 0 %, 61140 MiB, 81.48 W, 2610 MHz, 13365 MHz, 32
2026/09/24 06:27:15.243, 0, 0 %, 82900 MiB, 22.40 W, 180 MHz, 405 MHz, 33
2026/09/24 06:27:15.243, 1, 0 %, 61172 MiB, 81.48 W, 2610 MHz, 13365 MHz, 32
2026/09/24 06:27:15.493, 0, 0 %, 82900 MiB, 27.73 W, 180 MHz, 405 MHz, 33
2026/09/24 06:27:15.493, 1, 0 %, 61172 MiB, 81.62 W, 2617 MHz, 13365 MHz, 32
2026/09/24 06:27:15.743, 0, 0 %, 82900 MiB, 27.73 W, 180 MHz, 405 MHz, 33
2026/09/24 06:27:15.743, 1, 0 %, 64660 MiB, 81.62 W, 2617 MHz, 13365 MHz, 32
2026/09/24 06:27:15.994, 0, 0 %, 82900 MiB, 22.42 W, 180 MHz, 405 MHz, 33
2026/09/24 06:27:15.994, 1, 0 %, 64692 MiB, 87.64 W, 2617 MHz, 13365 MHz, 32
2026/09/24 06:27:16.244, 0, 0 %, 82900 MiB, 22.42 W, 180 MHz, 405 MHz, 33
2026/09/24 06:27:16.244, 1, 0 %, 64724 MiB, 87.64 W, 2617 MHz, 13365 MHz, 32
2026/09/24 06:27:16.494, 0, 0 %, 82900 MiB, 22.13 W, 180 MHz, 405 MHz, 33
2026/09/24 06:27:16.494, 1, 0 %, 64724 MiB, 84.70 W, 2617 MHz, 13365 MHz, 32
2026/09/24 06:27:16.744, 0, 0 %, 82900 MiB, 22.13 W, 180 MHz, 405 MHz, 33
2026/09/24 06:27:16.746, 1, 0 %, 64756 MiB, 84.70 W, 2617 MHz, 13365 MHz, 32
2026/09/24 06:27:16.997, 0, 0 %, 82900 MiB, 22.66 W, 180 MHz, 405 MHz, 33
2026/09/24 06:27:16.997, 1, 0 %, 64756 MiB, 83.23 W, 2610 MHz, 13365 MHz, 32
2026/09/24 06:27:17.247, 0, 0 %, 82900 MiB, 22.66 W, 180 MHz, 405 MHz, 33
2026/09/24 06:27:17.247, 1, 0 %, 64756 MiB, 83.23 W, 2610 MHz, 13365 MHz, 32
2026/09/24 06:27:17.497, 0, 0 %, 82900 MiB, 22.25 W, 180 MHz, 405 MHz, 33
2026/09/24 06:27:17.497, 1, 1 %, 64788 MiB, 81.84 W, 2610 MHz, 13365 MHz, 32
2026/09/24 06:27:17.748, 0, 0 %, 82900 MiB, 22.25 W, 180 MHz, 405 MHz, 33
2026/09/24 06:27:17.748, 1, 1 %, 64788 MiB, 81.84 W, 2610 MHz, 13365 MHz, 32
2026/09/24 06:27:17.998, 0, 0 %, 82900 MiB, 22.31 W, 180 MHz, 405 MHz, 33
2026/09/24 06:27:17.998, 1, 1 %, 64820 MiB, 81.70 W, 2610 MHz, 13365 MHz, 32
2026/09/24 06:27:18.248, 0, 0 %, 82900 MiB, 22.31 W, 180 MHz, 405 MHz, 33
2026/09/24 06:27:18.248, 1, 1 %, 64820 MiB, 81.70 W, 2610 MHz, 13365 MHz, 32
2026/09/24 06:27:18.498, 0, 0 %, 82900 MiB, 23.35 W, 180 MHz, 405 MHz, 33
2026/09/24 06:27:18.498, 1, 0 %, 68308 MiB, 82.56 W, 2617 MHz, 13365 MHz, 32
2026/09/24 06:27:18.748, 0, 0 %, 82900 MiB, 23.35 W, 180 MHz, 405 MHz, 33
2026/09/24 06:27:18.749, 1, 0 %, 68308 MiB, 82.56 W, 2617 MHz, 13365 MHz, 32
2026/09/24 06:27:18.999, 0, 0 %, 82900 MiB, 22.64 W, 180 MHz, 405 MHz, 33
2026/09/24 06:27:18.999, 1, 0 %, 68308 MiB, 86.78 W, 2610 MHz, 13365 MHz, 32
2026/09/24 06:27:19.249, 0, 0 %, 82900 MiB, 22.64 W, 180 MHz, 405 MHz, 33
2026/09/24 06:27:19.249, 1, 0 %, 68308 MiB, 86.78 W, 2610 MHz, 13365 MHz, 32
2026/09/24 06:27:19.499, 0, 0 %, 82900 MiB, 22.36 W, 180 MHz, 405 MHz, 33
2026/09/24 06:27:19.499, 1, 0 %, 68340 MiB, 84.09 W, 2610 MHz, 13365 MHz, 32
2026/09/24 06:27:19.749, 0, 0 %, 82900 MiB, 22.36 W, 180 MHz, 405 MHz, 33
2026/09/24 06:27:19.751, 1, 0 %, 68340 MiB, 84.09 W, 2610 MHz, 13365 MHz, 32
2026/09/24 06:27:20.002, 0, 0 %, 82900 MiB, 22.26 W, 180 MHz, 405 MHz, 33
2026/09/24 06:27:20.002, 1, 0 %, 68340 MiB, 81.92 W, 2617 MHz, 13365 MHz, 32
2026/09/24 06:27:20.253, 0, 0 %, 82900 MiB, 22.26 W, 180 MHz, 405 MHz, 33
2026/09/24 06:27:20.253, 1, 0 %, 68372 MiB, 81.92 W, 2617 MHz, 13365 MHz, 32
2026/09/24 06:27:20.503, 0, 0 %, 82900 MiB, 22.47 W, 180 MHz, 405 MHz, 33
2026/09/24 06:27:20.503, 1, 0 %, 68372 MiB, 81.51 W, 2610 MHz, 13365 MHz, 32
2026/09/24 06:27:20.753, 0, 0 %, 82900 MiB, 22.47 W, 180 MHz, 405 MHz, 33
2026/09/24 06:27:20.753, 1, 0 %, 68404 MiB, 81.51 W, 2610 MHz, 13365 MHz, 32
2026/09/24 06:27:21.003, 0, 0 %, 82900 MiB, 22.41 W, 180 MHz, 405 MHz, 33
2026/09/24 06:27:21.004, 1, 0 %, 68436 MiB, 81.56 W, 2617 MHz, 13365 MHz, 32
2026/09/24 06:27:21.254, 0, 0 %, 82900 MiB, 22.41 W, 180 MHz, 405 MHz, 33
2026/09/24 06:27:21.254, 1, 0 %, 71892 MiB, 81.56 W, 2617 MHz, 13365 MHz, 32
2026/09/24 06:27:21.504, 0, 0 %, 82900 MiB, 22.07 W, 180 MHz, 405 MHz, 33
2026/09/24 06:27:21.504, 1, 18 %, 71892 MiB, 86.33 W, 2617 MHz, 13365 MHz, 32
2026/09/24 06:27:21.754, 0, 0 %, 82900 MiB, 22.07 W, 180 MHz, 405 MHz, 33
2026/09/24 06:27:21.754, 1, 18 %, 71956 MiB, 86.33 W, 2617 MHz, 13365 MHz, 32
2026/09/24 06:27:22.004, 0, 0 %, 82900 MiB, 21.87 W, 180 MHz, 405 MHz, 33
2026/09/24 06:27:22.005, 1, 18 %, 71956 MiB, 84.68 W, 2617 MHz, 13365 MHz, 32
2026/09/24 06:27:22.255, 0, 0 %, 82900 MiB, 21.87 W, 180 MHz, 405 MHz, 33
2026/09/24 06:27:22.255, 1, 18 %, 71956 MiB, 84.68 W, 2617 MHz, 13365 MHz, 32
2026/09/24 06:27:22.505, 0, 0 %, 82900 MiB, 23.61 W, 180 MHz, 405 MHz, 33
2026/09/24 06:27:22.505, 1, 0 %, 71988 MiB, 82.68 W, 2610 MHz, 13365 MHz, 32
2026/09/24 06:27:22.755, 0, 0 %, 82900 MiB, 23.61 W, 180 MHz, 405 MHz, 33
2026/09/24 06:27:22.755, 1, 0 %, 71988 MiB, 82.68 W, 2610 MHz, 13365 MHz, 32
2026/09/24 06:27:23.005, 0, 0 %, 82900 MiB, 22.93 W, 180 MHz, 405 MHz, 33
2026/09/24 06:27:23.006, 1, 0 %, 71988 MiB, 82.14 W, 2610 MHz, 13365 MHz, 32
2026/09/24 06:27:23.256, 0, 0 %, 82900 MiB, 22.93 W, 180 MHz, 405 MHz, 33
2026/09/24 06:27:23.256, 1, 0 %, 72020 MiB, 82.14 W, 2610 MHz, 13365 MHz, 32
2026/09/24 06:27:23.506, 0, 0 %, 82900 MiB, 22.61 W, 180 MHz, 405 MHz, 33
2026/09/24 06:27:23.506, 1, 0 %, 72020 MiB, 81.96 W, 2617 MHz, 13365 MHz, 32
2026/09/24 06:27:23.756, 0, 0 %, 82900 MiB, 22.61 W, 180 MHz, 405 MHz, 33
2026/09/24 06:27:23.756, 1, 0 %, 72052 MiB, 81.96 W, 2617 MHz, 13365 MHz, 32
2026/09/24 06:27:24.006, 0, 0 %, 82900 MiB, 22.44 W, 180 MHz, 405 MHz, 32
2026/09/24 06:27:24.007, 1, 0 %, 72084 MiB, 82.20 W, 2617 MHz, 13365 MHz, 32
2026/09/24 06:27:24.257, 0, 0 %, 82900 MiB, 22.44 W, 180 MHz, 405 MHz, 32
2026/09/24 06:27:24.257, 1, 0 %, 75540 MiB, 82.20 W, 2617 MHz, 13365 MHz, 32
2026/09/24 06:27:24.507, 0, 0 %, 82900 MiB, 22.18 W, 180 MHz, 405 MHz, 32
2026/09/24 06:27:24.507, 1, 17 %, 75540 MiB, 84.92 W, 2617 MHz, 13365 MHz, 33
2026/09/24 06:27:24.757, 0, 0 %, 82900 MiB, 22.18 W, 180 MHz, 405 MHz, 32
2026/09/24 06:27:24.757, 1, 17 %, 75572 MiB, 84.92 W, 2617 MHz, 13365 MHz, 33
2026/09/24 06:27:25.007, 0, 0 %, 82900 MiB, 23.72 W, 180 MHz, 405 MHz, 32
2026/09/24 06:27:25.009, 1, 17 %, 75572 MiB, 84.38 W, 2617 MHz, 13365 MHz, 33
2026/09/24 06:27:25.260, 0, 0 %, 82900 MiB, 23.72 W, 180 MHz, 405 MHz, 32
2026/09/24 06:27:25.260, 1, 17 %, 75604 MiB, 84.38 W, 2617 MHz, 13365 MHz, 33
2026/09/24 06:27:25.510, 0, 0 %, 82900 MiB, 22.53 W, 180 MHz, 405 MHz, 32
2026/09/24 06:27:25.510, 1, 0 %, 75604 MiB, 82.05 W, 2617 MHz, 13365 MHz, 32
2026/09/24 06:27:25.761, 0, 0 %, 82900 MiB, 22.53 W, 180 MHz, 405 MHz, 32
2026/09/24 06:27:25.761, 1, 0 %, 75604 MiB, 82.05 W, 2617 MHz, 13365 MHz, 32
2026/09/24 06:27:26.011, 0, 0 %, 82900 MiB, 22.53 W, 180 MHz, 405 MHz, 32
2026/09/24 06:27:26.011, 1, 0 %, 75636 MiB, 81.90 W, 2617 MHz, 13365 MHz, 32
2026/09/24 06:27:26.261, 0, 0 %, 82900 MiB, 22.53 W, 180 MHz, 405 MHz, 32
2026/09/24 06:27:26.261, 1, 0 %, 75636 MiB, 81.90 W, 2617 MHz, 13365 MHz, 32
2026/09/24 06:27:26.511, 0, 0 %, 82900 MiB, 22.51 W, 180 MHz, 405 MHz, 32
2026/09/24 06:27:26.511, 1, 1 %, 75668 MiB, 82.04 W, 2617 MHz, 13365 MHz, 33
2026/09/24 06:27:26.762, 0, 0 %, 82900 MiB, 22.51 W, 180 MHz, 405 MHz, 32
2026/09/24 06:27:26.762, 1, 1 %, 75668 MiB, 82.04 W, 2617 MHz, 13365 MHz, 33
2026/09/24 06:27:27.012, 0, 0 %, 82900 MiB, 22.12 W, 180 MHz, 405 MHz, 32
2026/09/24 06:27:27.012, 1, 1 %, 79156 MiB, 84.74 W, 2617 MHz, 13365 MHz, 33
2026/09/24 06:27:27.262, 0, 0 %, 82900 MiB, 22.12 W, 180 MHz, 405 MHz, 32
2026/09/24 06:27:27.262, 1, 1 %, 79188 MiB, 84.74 W, 2617 MHz, 13365 MHz, 33
2026/09/24 06:27:27.512, 0, 0 %, 82900 MiB, 22.02 W, 180 MHz, 405 MHz, 32
2026/09/24 06:27:27.512, 1, 0 %, 79188 MiB, 85.05 W, 2610 MHz, 13365 MHz, 32
2026/09/24 06:27:27.763, 0, 0 %, 82900 MiB, 22.02 W, 180 MHz, 405 MHz, 32
2026/09/24 06:27:27.763, 1, 0 %, 79188 MiB, 85.05 W, 2610 MHz, 13365 MHz, 32
2026/09/24 06:27:28.013, 0, 0 %, 82900 MiB, 22.94 W, 180 MHz, 405 MHz, 32
2026/09/24 06:27:28.013, 1, 0 %, 79188 MiB, 82.61 W, 2610 MHz, 13365 MHz, 33
2026/09/24 06:27:28.263, 0, 0 %, 82900 MiB, 22.94 W, 180 MHz, 405 MHz, 32
2026/09/24 06:27:28.263, 1, 0 %, 79220 MiB, 82.61 W, 2610 MHz, 13365 MHz, 33
2026/09/24 06:27:28.513, 0, 0 %, 82900 MiB, 22.03 W, 180 MHz, 405 MHz, 32
2026/09/24 06:27:28.513, 1, 0 %, 79220 MiB, 81.89 W, 2617 MHz, 13365 MHz, 32
2026/09/24 06:27:28.763, 0, 0 %, 82900 MiB, 22.03 W, 180 MHz, 405 MHz, 32
2026/09/24 06:27:28.764, 1, 0 %, 79252 MiB, 81.89 W, 2617 MHz, 13365 MHz, 32
2026/09/24 06:27:29.014, 0, 0 %, 82900 MiB, 21.60 W, 180 MHz, 405 MHz, 32
2026/09/24 06:27:29.014, 1, 0 %, 79252 MiB, 81.86 W, 2617 MHz, 13365 MHz, 32
2026/09/24 06:27:29.264, 0, 0 %, 82900 MiB, 21.60 W, 180 MHz, 405 MHz, 32
2026/09/24 06:27:29.264, 1, 0 %, 79252 MiB, 81.86 W, 2617 MHz, 13365 MHz, 32
2026/09/24 06:27:29.514, 0, 0 %, 82900 MiB, 22.22 W, 180 MHz, 405 MHz, 32
2026/09/24 06:27:29.514, 1, 0 %, 79316 MiB, 82.52 W, 2610 MHz, 13365 MHz, 32
2026/09/24 06:27:29.765, 0, 0 %, 86484 MiB, 22.22 W, 180 MHz, 405 MHz, 32
2026/09/24 06:27:29.765, 1, 0 %, 79380 MiB, 82.52 W, 2610 MHz, 13365 MHz, 32
2026/09/24 06:27:30.015, 0, 0 %, 86836 MiB, 35.30 W, 2175 MHz, 13365 MHz, 33
2026/09/24 06:27:30.015, 1, 0 %, 83252 MiB, 83.74 W, 2610 MHz, 13365 MHz, 32
2026/09/24 06:27:30.265, 0, 0 %, 86836 MiB, 35.30 W, 2175 MHz, 13365 MHz, 33
2026/09/24 06:27:30.265, 1, 0 %, 83252 MiB, 83.74 W, 2610 MHz, 13365 MHz, 32
2026/09/24 06:27:30.515, 0, 0 %, 86836 MiB, 81.52 W, 2610 MHz, 13365 MHz, 34
2026/09/24 06:27:30.515, 1, 0 %, 83252 MiB, 93.41 W, 2610 MHz, 13365 MHz, 32
2026/09/24 06:27:30.766, 0, 0 %, 86944 MiB, 81.52 W, 2610 MHz, 13365 MHz, 34
2026/09/24 06:27:30.766, 1, 0 %, 83360 MiB, 93.41 W, 2610 MHz, 13365 MHz, 32
2026/09/24 06:27:31.016, 0, 0 %, 86944 MiB, 204.89 W, 2812 MHz, 13365 MHz, 37
2026/09/24 06:27:31.016, 1, 0 %, 83360 MiB, 194.45 W, 2692 MHz, 13365 MHz, 36
2026/09/24 06:27:31.266, 0, 0 %, 86944 MiB, 204.89 W, 2812 MHz, 13365 MHz, 37
2026/09/24 06:27:31.266, 1, 0 %, 83360 MiB, 194.45 W, 2692 MHz, 13365 MHz, 36
2026/09/24 06:27:31.516, 0, 9 %, 86944 MiB, 199.11 W, 2842 MHz, 13365 MHz, 35
2026/09/24 06:27:31.516, 1, 34 %, 83360 MiB, 205.81 W, 2842 MHz, 13365 MHz, 35
2026/09/24 06:27:31.766, 0, 9 %, 86944 MiB, 199.11 W, 2842 MHz, 13365 MHz, 35
2026/09/24 06:27:31.767, 1, 34 %, 83360 MiB, 205.81 W, 2842 MHz, 13365 MHz, 35
2026/09/24 06:27:32.017, 0, 9 %, 86944 MiB, 176.22 W, 2835 MHz, 13365 MHz, 37
2026/09/24 06:27:32.017, 1, 34 %, 83360 MiB, 222.37 W, 2842 MHz, 13365 MHz, 37
2026/09/24 06:27:32.267, 0, 9 %, 86944 MiB, 176.22 W, 2835 MHz, 13365 MHz, 37
2026/09/24 06:27:32.267, 1, 34 %, 83360 MiB, 222.37 W, 2842 MHz, 13365 MHz, 37
2026/09/24 06:27:32.517, 0, 41 %, 86944 MiB, 210.56 W, 2835 MHz, 13365 MHz, 38
2026/09/24 06:27:32.517, 1, 43 %, 83360 MiB, 221.98 W, 2842 MHz, 13365 MHz, 36
2026/09/24 06:27:32.768, 0, 41 %, 86944 MiB, 210.56 W, 2835 MHz, 13365 MHz, 38
2026/09/24 06:27:32.768, 1, 43 %, 83360 MiB, 221.98 W, 2842 MHz, 13365 MHz, 36
2026/09/24 06:27:33.018, 0, 41 %, 86944 MiB, 209.31 W, 2835 MHz, 13365 MHz, 38
2026/09/24 06:27:33.018, 1, 43 %, 83360 MiB, 221.19 W, 2842 MHz, 13365 MHz, 37
2026/09/24 06:27:33.268, 0, 41 %, 86944 MiB, 209.31 W, 2835 MHz, 13365 MHz, 38
2026/09/24 06:27:33.268, 1, 43 %, 83360 MiB, 221.19 W, 2842 MHz, 13365 MHz, 37
2026/09/24 06:27:33.518, 0, 43 %, 86944 MiB, 208.64 W, 2835 MHz, 13365 MHz, 38
2026/09/24 06:27:33.518, 1, 43 %, 83360 MiB, 222.26 W, 2842 MHz, 13365 MHz, 36
2026/09/24 06:27:33.769, 0, 43 %, 86944 MiB, 208.64 W, 2835 MHz, 13365 MHz, 38
2026/09/24 06:27:33.769, 1, 43 %, 83360 MiB, 222.26 W, 2842 MHz, 13365 MHz, 36
2026/09/24 06:27:34.019, 0, 43 %, 86944 MiB, 209.18 W, 2835 MHz, 13365 MHz, 38
2026/09/24 06:27:34.019, 1, 43 %, 83360 MiB, 220.58 W, 2842 MHz, 13365 MHz, 37
2026/09/24 06:27:34.269, 0, 43 %, 86944 MiB, 209.18 W, 2835 MHz, 13365 MHz, 38
2026/09/24 06:27:34.269, 1, 43 %, 83360 MiB, 220.58 W, 2842 MHz, 13365 MHz, 37
2026/09/24 06:27:34.519, 0, 42 %, 86944 MiB, 209.62 W, 2835 MHz, 13365 MHz, 39
2026/09/24 06:27:34.519, 1, 43 %, 83360 MiB, 222.50 W, 2842 MHz, 13365 MHz, 36
2026/09/24 06:27:34.770, 0, 42 %, 86944 MiB, 209.62 W, 2835 MHz, 13365 MHz, 39
2026/09/24 06:27:34.770, 1, 43 %, 83360 MiB, 222.50 W, 2842 MHz, 13365 MHz, 36
2026/09/24 06:27:35.021, 0, 42 %, 86944 MiB, 114.78 W, 2835 MHz, 13365 MHz, 38
2026/09/24 06:27:35.021, 1, 43 %, 83360 MiB, 222.97 W, 2842 MHz, 13365 MHz, 37
2026/09/24 06:27:35.271, 0, 42 %, 86944 MiB, 114.78 W, 2835 MHz, 13365 MHz, 38
2026/09/24 06:27:35.271, 1, 43 %, 83360 MiB, 222.97 W, 2842 MHz, 13365 MHz, 37
2026/09/24 06:27:35.521, 0, 41 %, 86944 MiB, 211.84 W, 2835 MHz, 13365 MHz, 39
2026/09/24 06:27:35.521, 1, 44 %, 83360 MiB, 222.78 W, 2842 MHz, 13365 MHz, 37
2026/09/24 06:27:35.771, 0, 41 %, 86944 MiB, 211.84 W, 2835 MHz, 13365 MHz, 39
2026/09/24 06:27:35.772, 1, 44 %, 83360 MiB, 222.78 W, 2842 MHz, 13365 MHz, 37
2026/09/24 06:27:36.022, 0, 41 %, 86944 MiB, 209.43 W, 2835 MHz, 13365 MHz, 38
2026/09/24 06:27:36.022, 1, 44 %, 83360 MiB, 223.18 W, 2842 MHz, 13365 MHz, 37
2026/09/24 06:27:36.272, 0, 41 %, 86944 MiB, 209.43 W, 2835 MHz, 13365 MHz, 38
2026/09/24 06:27:36.272, 1, 44 %, 83360 MiB, 223.18 W, 2842 MHz, 13365 MHz, 37
2026/09/24 06:27:36.522, 0, 42 %, 86944 MiB, 210.56 W, 2835 MHz, 13365 MHz, 38
2026/09/24 06:27:36.522, 1, 45 %, 83360 MiB, 221.00 W, 2842 MHz, 13365 MHz, 38
2026/09/24 06:27:36.773, 0, 42 %, 86944 MiB, 210.56 W, 2835 MHz, 13365 MHz, 38
2026/09/24 06:27:36.773, 1, 45 %, 83360 MiB, 221.00 W, 2842 MHz, 13365 MHz, 38
2026/09/24 06:27:37.023, 0, 42 %, 86944 MiB, 227.73 W, 2842 MHz, 13365 MHz, 38
2026/09/24 06:27:37.023, 1, 45 %, 83360 MiB, 239.40 W, 2842 MHz, 13365 MHz, 40
2026/09/24 06:27:37.273, 0, 42 %, 86944 MiB, 227.73 W, 2842 MHz, 13365 MHz, 38
2026/09/24 06:27:37.273, 1, 45 %, 83360 MiB, 239.40 W, 2842 MHz, 13365 MHz, 40
2026/09/24 06:27:37.523, 0, 41 %, 86944 MiB, 222.10 W, 2835 MHz, 13365 MHz, 39
2026/09/24 06:27:37.524, 1, 43 %, 83360 MiB, 231.91 W, 2842 MHz, 13365 MHz, 37
2026/09/24 06:27:37.774, 0, 41 %, 86944 MiB, 222.10 W, 2835 MHz, 13365 MHz, 39
2026/09/24 06:27:37.775, 1, 43 %, 83360 MiB, 231.91 W, 2842 MHz, 13365 MHz, 37
2026/09/24 06:27:38.025, 0, 41 %, 86944 MiB, 208.73 W, 2835 MHz, 13365 MHz, 38
2026/09/24 06:27:38.025, 1, 43 %, 83360 MiB, 220.62 W, 2842 MHz, 13365 MHz, 38
2026/09/24 06:27:38.275, 0, 41 %, 86944 MiB, 208.73 W, 2835 MHz, 13365 MHz, 38
2026/09/24 06:27:38.275, 1, 43 %, 83360 MiB, 220.62 W, 2842 MHz, 13365 MHz, 38
2026/09/24 06:27:38.525, 0, 42 %, 86944 MiB, 209.80 W, 2835 MHz, 13365 MHz, 39
2026/09/24 06:27:38.525, 1, 43 %, 83360 MiB, 222.40 W, 2842 MHz, 13365 MHz, 37
2026/09/24 06:27:38.775, 0, 42 %, 86944 MiB, 209.80 W, 2835 MHz, 13365 MHz, 39
2026/09/24 06:27:38.776, 1, 43 %, 83360 MiB, 222.40 W, 2842 MHz, 13365 MHz, 37
2026/09/24 06:27:39.026, 0, 42 %, 86944 MiB, 210.91 W, 2835 MHz, 13365 MHz, 38
2026/09/24 06:27:39.026, 1, 43 %, 83360 MiB, 216.96 W, 2842 MHz, 13365 MHz, 38
2026/09/24 06:27:39.276, 0, 42 %, 86944 MiB, 210.91 W, 2835 MHz, 13365 MHz, 38
2026/09/24 06:27:39.276, 1, 43 %, 83360 MiB, 216.96 W, 2842 MHz, 13365 MHz, 38
2026/09/24 06:27:39.526, 0, 41 %, 86944 MiB, 211.56 W, 2835 MHz, 13365 MHz, 39
2026/09/24 06:27:39.526, 1, 44 %, 83360 MiB, 223.03 W, 2842 MHz, 13365 MHz, 38
2026/09/24 06:27:39.776, 0, 41 %, 86944 MiB, 211.56 W, 2835 MHz, 13365 MHz, 39
2026/09/24 06:27:39.777, 1, 44 %, 83360 MiB, 223.03 W, 2842 MHz, 13365 MHz, 38
2026/09/24 06:27:40.027, 0, 41 %, 86944 MiB, 209.96 W, 2835 MHz, 13365 MHz, 39
2026/09/24 06:27:40.027, 1, 44 %, 83360 MiB, 223.43 W, 2842 MHz, 13365 MHz, 38
2026/09/24 06:27:40.277, 0, 41 %, 86944 MiB, 209.96 W, 2835 MHz, 13365 MHz, 39
2026/09/24 06:27:40.277, 1, 44 %, 83360 MiB, 223.43 W, 2842 MHz, 13365 MHz, 38
2026/09/24 06:27:40.527, 0, 41 %, 86944 MiB, 212.19 W, 2835 MHz, 13365 MHz, 39
2026/09/24 06:27:40.527, 1, 45 %, 83360 MiB, 222.07 W, 2842 MHz, 13365 MHz, 38
2026/09/24 06:27:40.777, 0, 41 %, 86944 MiB, 212.19 W, 2835 MHz, 13365 MHz, 39
2026/09/24 06:27:40.778, 1, 45 %, 83360 MiB, 222.07 W, 2842 MHz, 13365 MHz, 38
2026/09/24 06:27:41.028, 0, 41 %, 86944 MiB, 210.52 W, 2835 MHz, 13365 MHz, 39
2026/09/24 06:27:41.028, 1, 45 %, 83360 MiB, 224.11 W, 2842 MHz, 13365 MHz, 38
2026/09/24 06:27:41.278, 0, 41 %, 86944 MiB, 210.52 W, 2835 MHz, 13365 MHz, 39
2026/09/24 06:27:41.278, 1, 45 %, 83360 MiB, 224.11 W, 2842 MHz, 13365 MHz, 38
2026/09/24 06:27:41.528, 0, 42 %, 86944 MiB, 209.22 W, 2835 MHz, 13365 MHz, 39
2026/09/24 06:27:41.528, 1, 45 %, 83360 MiB, 223.76 W, 2842 MHz, 13365 MHz, 39
2026/09/24 06:27:41.779, 0, 42 %, 86944 MiB, 209.22 W, 2835 MHz, 13365 MHz, 39
2026/09/24 06:27:41.779, 1, 45 %, 83360 MiB, 223.76 W, 2842 MHz, 13365 MHz, 39
2026/09/24 06:27:42.029, 0, 42 %, 86944 MiB, 204.15 W, 2835 MHz, 13365 MHz, 42
2026/09/24 06:27:42.029, 1, 45 %, 83360 MiB, 222.50 W, 2850 MHz, 13365 MHz, 38
2026/09/24 06:27:42.279, 0, 42 %, 86944 MiB, 204.15 W, 2835 MHz, 13365 MHz, 42
2026/09/24 06:27:42.279, 1, 45 %, 83360 MiB, 222.50 W, 2850 MHz, 13365 MHz, 38
2026/09/24 06:27:42.529, 0, 43 %, 86944 MiB, 228.41 W, 2835 MHz, 13365 MHz, 39
2026/09/24 06:27:42.529, 1, 45 %, 83360 MiB, 238.64 W, 2842 MHz, 13365 MHz, 39
2026/09/24 06:27:42.780, 0, 43 %, 86944 MiB, 228.41 W, 2835 MHz, 13365 MHz, 39
2026/09/24 06:27:42.780, 1, 45 %, 83360 MiB, 238.64 W, 2842 MHz, 13365 MHz, 39
2026/09/24 06:27:43.030, 0, 43 %, 86944 MiB, 121.54 W, 2835 MHz, 13365 MHz, 40
2026/09/24 06:27:43.030, 1, 45 %, 83360 MiB, 233.13 W, 2842 MHz, 13365 MHz, 38
2026/09/24 06:27:43.280, 0, 43 %, 86944 MiB, 121.54 W, 2835 MHz, 13365 MHz, 40
2026/09/24 06:27:43.280, 1, 45 %, 83360 MiB, 233.13 W, 2842 MHz, 13365 MHz, 38
2026/09/24 06:27:43.530, 0, 42 %, 86944 MiB, 209.53 W, 2835 MHz, 13365 MHz, 39
2026/09/24 06:27:43.530, 1, 45 %, 83360 MiB, 221.79 W, 2842 MHz, 13365 MHz, 39
2026/09/24 06:27:43.781, 0, 42 %, 86944 MiB, 209.53 W, 2835 MHz, 13365 MHz, 39
2026/09/24 06:27:43.781, 1, 45 %, 83360 MiB, 221.79 W, 2842 MHz, 13365 MHz, 39
2026/09/24 06:27:44.031, 0, 42 %, 86944 MiB, 210.34 W, 2835 MHz, 13365 MHz, 40
2026/09/24 06:27:44.031, 1, 45 %, 83360 MiB, 223.18 W, 2842 MHz, 13365 MHz, 38
2026/09/24 06:27:44.281, 0, 42 %, 86944 MiB, 210.34 W, 2835 MHz, 13365 MHz, 40
2026/09/24 06:27:44.282, 1, 45 %, 83360 MiB, 223.18 W, 2842 MHz, 13365 MHz, 38
2026/09/24 06:27:44.532, 0, 43 %, 86944 MiB, 210.49 W, 2835 MHz, 13365 MHz, 39
2026/09/24 06:27:44.532, 1, 45 %, 83360 MiB, 222.93 W, 2842 MHz, 13365 MHz, 39
2026/09/24 06:27:44.783, 0, 43 %, 86944 MiB, 210.49 W, 2835 MHz, 13365 MHz, 39
2026/09/24 06:27:44.783, 1, 45 %, 83360 MiB, 222.93 W, 2842 MHz, 13365 MHz, 39
2026/09/24 06:27:45.033, 0, 43 %, 86944 MiB, 211.96 W, 2835 MHz, 13365 MHz, 40
2026/09/24 06:27:45.033, 1, 45 %, 83360 MiB, 223.21 W, 2842 MHz, 13365 MHz, 38
2026/09/24 06:27:45.283, 0, 43 %, 86944 MiB, 211.96 W, 2835 MHz, 13365 MHz, 40
2026/09/24 06:27:45.283, 1, 45 %, 83360 MiB, 223.21 W, 2842 MHz, 13365 MHz, 38
2026/09/24 06:27:45.533, 0, 42 %, 86944 MiB, 210.82 W, 2835 MHz, 13365 MHz, 40
2026/09/24 06:27:45.533, 1, 44 %, 83360 MiB, 223.99 W, 2842 MHz, 13365 MHz, 39
2026/09/24 06:27:45.784, 0, 42 %, 86944 MiB, 210.82 W, 2835 MHz, 13365 MHz, 40
2026/09/24 06:27:45.784, 1, 44 %, 83360 MiB, 223.99 W, 2842 MHz, 13365 MHz, 39
2026/09/24 06:27:46.034, 0, 42 %, 86944 MiB, 212.66 W, 2835 MHz, 13365 MHz, 40
2026/09/24 06:27:46.034, 1, 44 %, 83360 MiB, 222.20 W, 2842 MHz, 13365 MHz, 39
2026/09/24 06:27:46.284, 0, 42 %, 86944 MiB, 212.66 W, 2835 MHz, 13365 MHz, 40
2026/09/24 06:27:46.284, 1, 44 %, 83360 MiB, 222.20 W, 2842 MHz, 13365 MHz, 39
2026/09/24 06:27:46.534, 0, 42 %, 86944 MiB, 211.58 W, 2835 MHz, 13365 MHz, 40
2026/09/24 06:27:46.534, 1, 44 %, 83360 MiB, 223.78 W, 2842 MHz, 13365 MHz, 38
2026/09/24 06:27:46.785, 0, 42 %, 86944 MiB, 211.58 W, 2835 MHz, 13365 MHz, 40
2026/09/24 06:27:46.785, 1, 44 %, 83360 MiB, 223.78 W, 2842 MHz, 13365 MHz, 38
2026/09/24 06:27:47.035, 0, 42 %, 86944 MiB, 210.04 W, 2835 MHz, 13365 MHz, 40
2026/09/24 06:27:47.035, 1, 44 %, 83360 MiB, 221.67 W, 2842 MHz, 13365 MHz, 39
2026/09/24 06:27:47.285, 0, 42 %, 86944 MiB, 210.04 W, 2835 MHz, 13365 MHz, 40
2026/09/24 06:27:47.285, 1, 44 %, 83360 MiB, 221.67 W, 2842 MHz, 13365 MHz, 39
2026/09/24 06:27:47.535, 0, 41 %, 86944 MiB, 232.36 W, 2842 MHz, 13365 MHz, 41
2026/09/24 06:27:47.535, 1, 59 %, 83360 MiB, 246.27 W, 2835 MHz, 13365 MHz, 40
2026/09/24 06:27:47.786, 0, 41 %, 86944 MiB, 232.36 W, 2842 MHz, 13365 MHz, 41
2026/09/24 06:27:47.786, 1, 59 %, 83360 MiB, 246.27 W, 2835 MHz, 13365 MHz, 40
2026/09/24 06:27:48.036, 0, 41 %, 86944 MiB, 221.47 W, 2835 MHz, 13365 MHz, 40
2026/09/24 06:27:48.036, 1, 59 %, 83360 MiB, 234.64 W, 2842 MHz, 13365 MHz, 40
2026/09/24 06:27:48.288, 0, 41 %, 86944 MiB, 221.47 W, 2835 MHz, 13365 MHz, 40
2026/09/24 06:27:48.288, 1, 59 %, 83360 MiB, 234.64 W, 2842 MHz, 13365 MHz, 40
2026/09/24 06:27:48.538, 0, 43 %, 86944 MiB, 209.41 W, 2835 MHz, 13365 MHz, 40
2026/09/24 06:27:48.538, 1, 44 %, 83360 MiB, 223.76 W, 2842 MHz, 13365 MHz, 39
2026/09/24 06:27:48.789, 0, 43 %, 86944 MiB, 209.41 W, 2835 MHz, 13365 MHz, 40
2026/09/24 06:27:48.789, 1, 44 %, 83360 MiB, 223.76 W, 2842 MHz, 13365 MHz, 39
2026/09/24 06:27:49.039, 0, 43 %, 86944 MiB, 210.16 W, 2835 MHz, 13365 MHz, 41
2026/09/24 06:27:49.039, 1, 44 %, 83360 MiB, 222.47 W, 2842 MHz, 13365 MHz, 39
2026/09/24 06:27:49.289, 0, 43 %, 86944 MiB, 210.16 W, 2835 MHz, 13365 MHz, 41
2026/09/24 06:27:49.290, 1, 44 %, 83360 MiB, 222.47 W, 2842 MHz, 13365 MHz, 39
2026/09/24 06:27:49.540, 0, 42 %, 86944 MiB, 210.87 W, 2835 MHz, 13365 MHz, 41
2026/09/24 06:27:49.540, 1, 43 %, 83360 MiB, 223.85 W, 2842 MHz, 13365 MHz, 39
2026/09/24 06:27:49.790, 0, 42 %, 86944 MiB, 210.87 W, 2835 MHz, 13365 MHz, 41
2026/09/24 06:27:49.790, 1, 43 %, 83360 MiB, 223.85 W, 2842 MHz, 13365 MHz, 39
2026/09/24 06:27:50.041, 0, 42 %, 86944 MiB, 211.29 W, 2835 MHz, 13365 MHz, 40
2026/09/24 06:27:50.041, 1, 43 %, 83360 MiB, 222.98 W, 2842 MHz, 13365 MHz, 40
2026/09/24 06:27:50.291, 0, 42 %, 86944 MiB, 211.29 W, 2835 MHz, 13365 MHz, 40
2026/09/24 06:27:50.291, 1, 43 %, 83360 MiB, 222.98 W, 2842 MHz, 13365 MHz, 40
2026/09/24 06:27:50.541, 0, 42 %, 86944 MiB, 212.34 W, 2835 MHz, 13365 MHz, 41
2026/09/24 06:27:50.541, 1, 43 %, 83360 MiB, 223.95 W, 2842 MHz, 13365 MHz, 39
2026/09/24 06:27:50.791, 0, 42 %, 86944 MiB, 212.34 W, 2835 MHz, 13365 MHz, 41
2026/09/24 06:27:50.791, 1, 43 %, 83360 MiB, 223.95 W, 2842 MHz, 13365 MHz, 39
2026/09/24 06:27:51.042, 0, 42 %, 86944 MiB, 211.09 W, 2835 MHz, 13365 MHz, 40
2026/09/24 06:27:51.042, 1, 43 %, 83360 MiB, 224.40 W, 2842 MHz, 13365 MHz, 40
2026/09/24 06:27:51.292, 0, 42 %, 86944 MiB, 211.09 W, 2835 MHz, 13365 MHz, 40
2026/09/24 06:27:51.292, 1, 43 %, 83360 MiB, 224.40 W, 2842 MHz, 13365 MHz, 40
2026/09/24 06:27:51.542, 0, 41 %, 86944 MiB, 213.28 W, 2835 MHz, 13365 MHz, 41
2026/09/24 06:27:51.542, 1, 45 %, 83360 MiB, 223.53 W, 2842 MHz, 13365 MHz, 40
2026/09/24 06:27:51.792, 0, 41 %, 86944 MiB, 213.28 W, 2835 MHz, 13365 MHz, 41
2026/09/24 06:27:51.792, 1, 45 %, 83360 MiB, 223.53 W, 2842 MHz, 13365 MHz, 40
2026/09/24 06:27:52.043, 0, 41 %, 86944 MiB, 211.42 W, 2835 MHz, 13365 MHz, 41
2026/09/24 06:27:52.043, 1, 45 %, 83360 MiB, 224.71 W, 2842 MHz, 13365 MHz, 39
2026/09/24 06:27:52.293, 0, 41 %, 86944 MiB, 211.42 W, 2835 MHz, 13365 MHz, 41
2026/09/24 06:27:52.293, 1, 45 %, 83360 MiB, 224.71 W, 2842 MHz, 13365 MHz, 39
2026/09/24 06:27:52.543, 0, 67 %, 86944 MiB, 330.66 W, 2835 MHz, 13365 MHz, 45
2026/09/24 06:27:52.543, 1, 35 %, 83360 MiB, 200.20 W, 2850 MHz, 13365 MHz, 39
2026/09/24 06:27:52.794, 0, 67 %, 86944 MiB, 330.66 W, 2835 MHz, 13365 MHz, 45
2026/09/24 06:27:52.794, 1, 35 %, 83360 MiB, 200.20 W, 2850 MHz, 13365 MHz, 39
2026/09/24 06:27:53.044, 0, 67 %, 86944 MiB, 231.26 W, 2835 MHz, 13365 MHz, 40
2026/09/24 06:27:53.044, 1, 35 %, 83360 MiB, 240.10 W, 2842 MHz, 13365 MHz, 40
2026/09/24 06:27:53.294, 0, 67 %, 86944 MiB, 231.26 W, 2835 MHz, 13365 MHz, 40
2026/09/24 06:27:53.294, 1, 35 %, 83360 MiB, 240.10 W, 2842 MHz, 13365 MHz, 40
2026/09/24 06:27:53.544, 0, 43 %, 86944 MiB, 222.32 W, 2835 MHz, 13365 MHz, 41
2026/09/24 06:27:53.544, 1, 43 %, 83360 MiB, 236.68 W, 2842 MHz, 13365 MHz, 40
2026/09/24 06:27:53.797, 0, 43 %, 86944 MiB, 222.32 W, 2835 MHz, 13365 MHz, 41
2026/09/24 06:27:53.797, 1, 43 %, 83360 MiB, 236.68 W, 2842 MHz, 13365 MHz, 40
2026/09/24 06:27:54.047, 0, 43 %, 86944 MiB, 213.01 W, 2835 MHz, 13365 MHz, 41
2026/09/24 06:27:54.047, 1, 43 %, 83360 MiB, 223.51 W, 2842 MHz, 13365 MHz, 40
2026/09/24 06:27:54.297, 0, 43 %, 86944 MiB, 213.01 W, 2835 MHz, 13365 MHz, 41
2026/09/24 06:27:54.297, 1, 43 %, 83360 MiB, 223.51 W, 2842 MHz, 13365 MHz, 40
2026/09/24 06:27:54.547, 0, 43 %, 86944 MiB, 211.29 W, 2835 MHz, 13365 MHz, 41
2026/09/24 06:27:54.547, 1, 44 %, 83360 MiB, 225.28 W, 2842 MHz, 13365 MHz, 40
2026/09/24 06:27:54.797, 0, 43 %, 86944 MiB, 211.29 W, 2835 MHz, 13365 MHz, 41
2026/09/24 06:27:54.800, 1, 44 %, 83360 MiB, 225.28 W, 2842 MHz, 13365 MHz, 40
2026/09/24 06:27:55.050, 0, 43 %, 86944 MiB, 219.74 W, 2835 MHz, 13365 MHz, 41
2026/09/24 06:27:55.050, 1, 44 %, 83360 MiB, 201.15 W, 2842 MHz, 13365 MHz, 40
2026/09/24 06:27:55.300, 0, 43 %, 86944 MiB, 219.74 W, 2835 MHz, 13365 MHz, 41
2026/09/24 06:27:55.300, 1, 44 %, 83360 MiB, 201.15 W, 2842 MHz, 13365 MHz, 40
2026/09/24 06:27:55.550, 0, 43 %, 86944 MiB, 210.88 W, 2835 MHz, 13365 MHz, 41
2026/09/24 06:27:55.551, 1, 43 %, 83360 MiB, 227.48 W, 2842 MHz, 13365 MHz, 40
2026/09/24 06:27:55.801, 0, 43 %, 86944 MiB, 210.88 W, 2835 MHz, 13365 MHz, 41
2026/09/24 06:27:55.801, 1, 43 %, 83360 MiB, 227.48 W, 2842 MHz, 13365 MHz, 40
2026/09/24 06:27:56.051, 0, 43 %, 86944 MiB, 211.28 W, 2835 MHz, 13365 MHz, 41
2026/09/24 06:27:56.051, 1, 43 %, 83360 MiB, 225.38 W, 2842 MHz, 13365 MHz, 41
2026/09/24 06:27:56.301, 0, 43 %, 86944 MiB, 211.28 W, 2835 MHz, 13365 MHz, 41
2026/09/24 06:27:56.301, 1, 43 %, 83360 MiB, 225.38 W, 2842 MHz, 13365 MHz, 41
2026/09/24 06:27:56.552, 0, 42 %, 86944 MiB, 209.69 W, 2835 MHz, 13365 MHz, 41
2026/09/24 06:27:56.552, 1, 43 %, 83360 MiB, 228.01 W, 2842 MHz, 13365 MHz, 40
2026/09/24 06:27:56.802, 0, 42 %, 86944 MiB, 209.69 W, 2835 MHz, 13365 MHz, 41
2026/09/24 06:27:56.802, 1, 43 %, 83360 MiB, 228.01 W, 2842 MHz, 13365 MHz, 40
2026/09/24 06:27:57.052, 0, 42 %, 86944 MiB, 210.46 W, 2835 MHz, 13365 MHz, 41
2026/09/24 06:27:57.052, 1, 43 %, 83360 MiB, 225.21 W, 2842 MHz, 13365 MHz, 41
2026/09/24 06:27:57.302, 0, 42 %, 86944 MiB, 210.46 W, 2835 MHz, 13365 MHz, 41
2026/09/24 06:27:57.302, 1, 43 %, 83360 MiB, 225.21 W, 2842 MHz, 13365 MHz, 41
2026/09/24 06:27:57.553, 0, 42 %, 86944 MiB, 212.35 W, 2835 MHz, 13365 MHz, 42
2026/09/24 06:27:57.553, 1, 45 %, 83360 MiB, 224.77 W, 2842 MHz, 13365 MHz, 40
2026/09/24 06:27:57.803, 0, 42 %, 86944 MiB, 212.35 W, 2835 MHz, 13365 MHz, 42
2026/09/24 06:27:57.803, 1, 45 %, 83360 MiB, 224.77 W, 2842 MHz, 13365 MHz, 40
2026/09/24 06:27:58.053, 0, 42 %, 86944 MiB, 187.24 W, 2842 MHz, 13365 MHz, 41
2026/09/24 06:27:58.053, 1, 45 %, 83360 MiB, 317.33 W, 2835 MHz, 13365 MHz, 41
2026/09/24 06:27:58.303, 0, 42 %, 86944 MiB, 187.24 W, 2842 MHz, 13365 MHz, 41
2026/09/24 06:27:58.303, 1, 45 %, 83360 MiB, 317.33 W, 2835 MHz, 13365 MHz, 41
2026/09/24 06:27:58.554, 0, 41 %, 86944 MiB, 205.38 W, 2835 MHz, 13365 MHz, 42
2026/09/24 06:27:58.554, 1, 43 %, 83360 MiB, 251.42 W, 2842 MHz, 13365 MHz, 40
2026/09/24 06:27:58.804, 0, 41 %, 86944 MiB, 205.38 W, 2835 MHz, 13365 MHz, 42
2026/09/24 06:27:58.804, 1, 43 %, 83360 MiB, 251.42 W, 2842 MHz, 13365 MHz, 40
2026/09/24 06:27:59.054, 0, 41 %, 86944 MiB, 211.30 W, 2835 MHz, 13365 MHz, 41
2026/09/24 06:27:59.054, 1, 43 %, 83360 MiB, 224.65 W, 2842 MHz, 13365 MHz, 41
2026/09/24 06:27:59.305, 0, 41 %, 86944 MiB, 211.30 W, 2835 MHz, 13365 MHz, 41
2026/09/24 06:27:59.305, 1, 43 %, 83360 MiB, 224.65 W, 2842 MHz, 13365 MHz, 41
2026/09/24 06:27:59.555, 0, 42 %, 86944 MiB, 212.47 W, 2835 MHz, 13365 MHz, 42
2026/09/24 06:27:59.555, 1, 44 %, 83360 MiB, 227.77 W, 2842 MHz, 13365 MHz, 40
2026/09/24 06:27:59.805, 0, 42 %, 86944 MiB, 212.47 W, 2835 MHz, 13365 MHz, 42
2026/09/24 06:27:59.805, 1, 44 %, 83360 MiB, 227.77 W, 2842 MHz, 13365 MHz, 40
2026/09/24 06:28:00.055, 0, 42 %, 86944 MiB, 211.13 W, 2835 MHz, 13365 MHz, 41
2026/09/24 06:28:00.055, 1, 44 %, 83360 MiB, 225.71 W, 2842 MHz, 13365 MHz, 41
2026/09/24 06:28:00.306, 0, 42 %, 86944 MiB, 211.13 W, 2835 MHz, 13365 MHz, 41
2026/09/24 06:28:00.306, 1, 44 %, 83360 MiB, 225.71 W, 2842 MHz, 13365 MHz, 41
2026/09/24 06:28:00.557, 0, 41 %, 86944 MiB, 213.48 W, 2835 MHz, 13365 MHz, 42
2026/09/24 06:28:00.557, 1, 44 %, 83360 MiB, 228.85 W, 2842 MHz, 13365 MHz, 40
2026/09/24 06:28:00.807, 0, 41 %, 86944 MiB, 213.48 W, 2835 MHz, 13365 MHz, 42
2026/09/24 06:28:00.807, 1, 44 %, 83360 MiB, 228.85 W, 2842 MHz, 13365 MHz, 40
2026/09/24 06:28:01.057, 0, 41 %, 86944 MiB, 210.85 W, 2835 MHz, 13365 MHz, 41
2026/09/24 06:28:01.057, 1, 44 %, 83360 MiB, 226.51 W, 2842 MHz, 13365 MHz, 41
2026/09/24 06:28:01.307, 0, 41 %, 86944 MiB, 210.85 W, 2835 MHz, 13365 MHz, 41
2026/09/24 06:28:01.307, 1, 44 %, 83360 MiB, 226.51 W, 2842 MHz, 13365 MHz, 41
2026/09/24 06:28:01.558, 0, 42 %, 86944 MiB, 211.30 W, 2835 MHz, 13365 MHz, 42
2026/09/24 06:28:01.558, 1, 45 %, 83360 MiB, 224.75 W, 2842 MHz, 13365 MHz, 41
2026/09/24 06:28:01.808, 0, 42 %, 86944 MiB, 211.30 W, 2835 MHz, 13365 MHz, 42
2026/09/24 06:28:01.808, 1, 45 %, 83360 MiB, 224.75 W, 2842 MHz, 13365 MHz, 41
2026/09/24 06:28:02.058, 0, 42 %, 86944 MiB, 212.26 W, 2835 MHz, 13365 MHz, 42
2026/09/24 06:28:02.058, 1, 45 %, 83360 MiB, 227.47 W, 2842 MHz, 13365 MHz, 40
2026/09/24 06:28:02.308, 0, 42 %, 86944 MiB, 212.26 W, 2835 MHz, 13365 MHz, 42
2026/09/24 06:28:02.308, 1, 45 %, 83360 MiB, 227.47 W, 2842 MHz, 13365 MHz, 40
2026/09/24 06:28:02.559, 0, 43 %, 86944 MiB, 211.36 W, 2835 MHz, 13365 MHz, 42
2026/09/24 06:28:02.559, 1, 44 %, 83360 MiB, 225.36 W, 2842 MHz, 13365 MHz, 41
2026/09/24 06:28:02.809, 0, 43 %, 86944 MiB, 211.36 W, 2835 MHz, 13365 MHz, 42
2026/09/24 06:28:02.809, 1, 44 %, 83360 MiB, 225.36 W, 2842 MHz, 13365 MHz, 41
2026/09/24 06:28:03.061, 0, 43 %, 86944 MiB, 387.39 W, 2827 MHz, 13365 MHz, 42
2026/09/24 06:28:03.061, 1, 44 %, 83360 MiB, 108.04 W, 2850 MHz, 13365 MHz, 39
2026/09/24 06:28:03.311, 0, 43 %, 86944 MiB, 387.39 W, 2827 MHz, 13365 MHz, 42
2026/09/24 06:28:03.311, 1, 44 %, 83360 MiB, 108.04 W, 2850 MHz, 13365 MHz, 39
2026/09/24 06:28:03.561, 0, 42 %, 86944 MiB, 228.33 W, 2835 MHz, 13365 MHz, 42
2026/09/24 06:28:03.561, 1, 42 %, 83360 MiB, 268.38 W, 2842 MHz, 13365 MHz, 41
2026/09/24 06:28:03.812, 0, 42 %, 86944 MiB, 228.33 W, 2835 MHz, 13365 MHz, 42
2026/09/24 06:28:03.812, 1, 42 %, 83360 MiB, 268.38 W, 2842 MHz, 13365 MHz, 41
2026/09/24 06:28:04.062, 0, 42 %, 86944 MiB, 221.00 W, 2835 MHz, 13365 MHz, 42
2026/09/24 06:28:04.062, 1, 42 %, 83360 MiB, 246.15 W, 2842 MHz, 13365 MHz, 41
2026/09/24 06:28:04.312, 0, 42 %, 86944 MiB, 221.00 W, 2835 MHz, 13365 MHz, 42
2026/09/24 06:28:04.312, 1, 42 %, 83360 MiB, 246.15 W, 2842 MHz, 13365 MHz, 41
2026/09/24 06:28:04.562, 0, 43 %, 86944 MiB, 210.11 W, 2835 MHz, 13365 MHz, 42
2026/09/24 06:28:04.562, 1, 44 %, 83360 MiB, 226.35 W, 2842 MHz, 13365 MHz, 41
2026/09/24 06:28:04.813, 0, 43 %, 86944 MiB, 210.11 W, 2835 MHz, 13365 MHz, 42
2026/09/24 06:28:04.813, 1, 44 %, 83360 MiB, 226.35 W, 2842 MHz, 13365 MHz, 41
2026/09/24 06:28:05.063, 0, 43 %, 86944 MiB, 212.71 W, 2835 MHz, 13365 MHz, 43
2026/09/24 06:28:05.063, 1, 44 %, 83360 MiB, 224.98 W, 2842 MHz, 13365 MHz, 41
2026/09/24 06:28:05.313, 0, 43 %, 86944 MiB, 212.71 W, 2835 MHz, 13365 MHz, 43
2026/09/24 06:28:05.314, 1, 44 %, 83360 MiB, 224.98 W, 2842 MHz, 13365 MHz, 41
2026/09/24 06:28:05.564, 0, 43 %, 86944 MiB, 212.27 W, 2835 MHz, 13365 MHz, 42
2026/09/24 06:28:05.565, 1, 45 %, 83360 MiB, 225.58 W, 2842 MHz, 13365 MHz, 42
2026/09/24 06:28:05.815, 0, 43 %, 86944 MiB, 212.27 W, 2835 MHz, 13365 MHz, 42
2026/09/24 06:28:05.815, 1, 45 %, 83360 MiB, 225.58 W, 2842 MHz, 13365 MHz, 42
2026/09/24 06:28:06.065, 0, 43 %, 86944 MiB, 212.43 W, 2835 MHz, 13365 MHz, 43
2026/09/24 06:28:06.065, 1, 45 %, 83360 MiB, 226.40 W, 2842 MHz, 13365 MHz, 41
2026/09/24 06:28:06.315, 0, 43 %, 86944 MiB, 212.43 W, 2835 MHz, 13365 MHz, 43
2026/09/24 06:28:06.315, 1, 45 %, 83360 MiB, 226.40 W, 2842 MHz, 13365 MHz, 41
2026/09/24 06:28:06.566, 0, 43 %, 86944 MiB, 212.42 W, 2835 MHz, 13365 MHz, 42
2026/09/24 06:28:06.566, 1, 46 %, 83360 MiB, 226.21 W, 2842 MHz, 13365 MHz, 42
2026/09/24 06:28:06.816, 0, 43 %, 86944 MiB, 212.42 W, 2835 MHz, 13365 MHz, 42
2026/09/24 06:28:06.816, 1, 46 %, 83360 MiB, 226.21 W, 2842 MHz, 13365 MHz, 42
2026/09/24 06:28:07.066, 0, 43 %, 86944 MiB, 212.76 W, 2835 MHz, 13365 MHz, 43
2026/09/24 06:28:07.066, 1, 46 %, 83360 MiB, 226.81 W, 2842 MHz, 13365 MHz, 41
2026/09/24 06:28:07.316, 0, 43 %, 86944 MiB, 212.76 W, 2835 MHz, 13365 MHz, 43
2026/09/24 06:28:07.316, 1, 46 %, 83360 MiB, 226.81 W, 2842 MHz, 13365 MHz, 41
2026/09/24 06:28:07.567, 0, 43 %, 86944 MiB, 212.41 W, 2835 MHz, 13365 MHz, 42
2026/09/24 06:28:07.567, 1, 45 %, 83360 MiB, 226.37 W, 2842 MHz, 13365 MHz, 42
2026/09/24 06:28:07.817, 0, 43 %, 86944 MiB, 212.41 W, 2835 MHz, 13365 MHz, 42
2026/09/24 06:28:07.817, 1, 45 %, 83360 MiB, 226.37 W, 2842 MHz, 13365 MHz, 42
2026/09/24 06:28:08.067, 0, 43 %, 86944 MiB, 215.32 W, 2835 MHz, 13365 MHz, 43
2026/09/24 06:28:08.067, 1, 45 %, 83360 MiB, 228.36 W, 2842 MHz, 13365 MHz, 41
2026/09/24 06:28:08.317, 0, 43 %, 86944 MiB, 215.32 W, 2835 MHz, 13365 MHz, 43
2026/09/24 06:28:08.318, 1, 45 %, 83360 MiB, 228.36 W, 2842 MHz, 13365 MHz, 41
2026/09/24 06:28:08.568, 0, 43 %, 86944 MiB, 232.32 W, 2835 MHz, 13365 MHz, 42
2026/09/24 06:28:08.568, 1, 43 %, 83360 MiB, 247.00 W, 2842 MHz, 13365 MHz, 42
2026/09/24 06:28:08.818, 0, 43 %, 86944 MiB, 232.32 W, 2835 MHz, 13365 MHz, 42
2026/09/24 06:28:08.818, 1, 43 %, 83360 MiB, 247.00 W, 2842 MHz, 13365 MHz, 42
2026/09/24 06:28:09.068, 0, 43 %, 86944 MiB, 224.37 W, 2835 MHz, 13365 MHz, 43
2026/09/24 06:28:09.068, 1, 43 %, 83360 MiB, 235.77 W, 2842 MHz, 13365 MHz, 41
2026/09/24 06:28:09.318, 0, 43 %, 86944 MiB, 224.37 W, 2835 MHz, 13365 MHz, 43
2026/09/24 06:28:09.319, 1, 43 %, 83360 MiB, 235.77 W, 2842 MHz, 13365 MHz, 41
2026/09/24 06:28:09.569, 0, 43 %, 86944 MiB, 210.32 W, 2835 MHz, 13365 MHz, 42
2026/09/24 06:28:09.569, 1, 45 %, 83360 MiB, 223.58 W, 2842 MHz, 13365 MHz, 42
2026/09/24 06:28:09.819, 0, 43 %, 86944 MiB, 210.32 W, 2835 MHz, 13365 MHz, 42
2026/09/24 06:28:09.819, 1, 45 %, 83360 MiB, 223.58 W, 2842 MHz, 13365 MHz, 42
2026/09/24 06:28:10.069, 0, 43 %, 86944 MiB, 213.04 W, 2835 MHz, 13365 MHz, 43
2026/09/24 06:28:10.069, 1, 45 %, 83360 MiB, 225.47 W, 2842 MHz, 13365 MHz, 41
2026/09/24 06:28:10.319, 0, 43 %, 86944 MiB, 213.04 W, 2835 MHz, 13365 MHz, 43
2026/09/24 06:28:10.320, 1, 45 %, 83360 MiB, 225.47 W, 2842 MHz, 13365 MHz, 41
2026/09/24 06:28:10.570, 0, 42 %, 86944 MiB, 192.00 W, 2835 MHz, 13365 MHz, 42
2026/09/24 06:28:10.570, 1, 45 %, 83360 MiB, 225.97 W, 2842 MHz, 13365 MHz, 42
2026/09/24 06:28:10.820, 0, 42 %, 86944 MiB, 192.00 W, 2835 MHz, 13365 MHz, 42
2026/09/24 06:28:10.820, 1, 45 %, 83360 MiB, 225.97 W, 2842 MHz, 13365 MHz, 42
2026/09/24 06:28:11.070, 0, 42 %, 86944 MiB, 215.91 W, 2835 MHz, 13365 MHz, 43
2026/09/24 06:28:11.070, 1, 45 %, 83360 MiB, 226.30 W, 2842 MHz, 13365 MHz, 42
2026/09/24 06:28:11.320, 0, 42 %, 86944 MiB, 215.91 W, 2835 MHz, 13365 MHz, 43
2026/09/24 06:28:11.321, 1, 45 %, 83360 MiB, 226.30 W, 2842 MHz, 13365 MHz, 42
2026/09/24 06:28:11.571, 0, 43 %, 86944 MiB, 213.38 W, 2835 MHz, 13365 MHz, 42
2026/09/24 06:28:11.571, 1, 45 %, 83360 MiB, 226.73 W, 2842 MHz, 13365 MHz, 42
2026/09/24 06:28:11.821, 0, 43 %, 86944 MiB, 213.38 W, 2835 MHz, 13365 MHz, 42
2026/09/24 06:28:11.821, 1, 45 %, 83360 MiB, 226.73 W, 2842 MHz, 13365 MHz, 42
2026/09/24 06:28:12.071, 0, 43 %, 86944 MiB, 215.39 W, 2835 MHz, 13365 MHz, 43
2026/09/24 06:28:12.071, 1, 45 %, 83360 MiB, 228.48 W, 2842 MHz, 13365 MHz, 42
2026/09/24 06:28:12.322, 0, 43 %, 86944 MiB, 215.39 W, 2835 MHz, 13365 MHz, 43
2026/09/24 06:28:12.322, 1, 45 %, 83360 MiB, 228.48 W, 2842 MHz, 13365 MHz, 42
2026/09/24 06:28:12.572, 0, 43 %, 86944 MiB, 213.20 W, 2835 MHz, 13365 MHz, 43
2026/09/24 06:28:12.572, 1, 44 %, 83360 MiB, 228.38 W, 2842 MHz, 13365 MHz, 42
2026/09/24 06:28:12.822, 0, 43 %, 86944 MiB, 213.20 W, 2835 MHz, 13365 MHz, 43
2026/09/24 06:28:12.823, 1, 44 %, 83360 MiB, 228.38 W, 2842 MHz, 13365 MHz, 42
2026/09/24 06:28:13.073, 0, 43 %, 86944 MiB, 212.77 W, 2835 MHz, 13365 MHz, 43
2026/09/24 06:28:13.073, 1, 44 %, 83360 MiB, 226.99 W, 2842 MHz, 13365 MHz, 43
2026/09/24 06:28:13.323, 0, 43 %, 86944 MiB, 212.77 W, 2835 MHz, 13365 MHz, 43
2026/09/24 06:28:13.324, 1, 44 %, 83360 MiB, 226.99 W, 2842 MHz, 13365 MHz, 43
2026/09/24 06:28:13.574, 0, 75 %, 86944 MiB, 243.50 W, 2842 MHz, 13365 MHz, 44
2026/09/24 06:28:13.574, 1, 9 %, 83360 MiB, 177.08 W, 2850 MHz, 13365 MHz, 40
2026/09/24 06:28:13.824, 0, 75 %, 86944 MiB, 243.50 W, 2842 MHz, 13365 MHz, 44
2026/09/24 06:28:13.824, 1, 9 %, 83360 MiB, 177.08 W, 2850 MHz, 13365 MHz, 40
2026/09/24 06:28:14.074, 0, 75 %, 86944 MiB, 216.13 W, 2835 MHz, 13365 MHz, 43
2026/09/24 06:28:14.074, 1, 9 %, 83360 MiB, 226.30 W, 2842 MHz, 13365 MHz, 42
2026/09/24 06:28:14.324, 0, 75 %, 86944 MiB, 216.13 W, 2835 MHz, 13365 MHz, 43
2026/09/24 06:28:14.325, 1, 9 %, 83360 MiB, 226.30 W, 2842 MHz, 13365 MHz, 42
2026/09/24 06:28:14.575, 0, 42 %, 86944 MiB, 211.18 W, 2835 MHz, 13365 MHz, 43
2026/09/24 06:28:14.575, 1, 44 %, 83360 MiB, 227.76 W, 2842 MHz, 13365 MHz, 42
2026/09/24 06:28:14.825, 0, 42 %, 86944 MiB, 211.18 W, 2835 MHz, 13365 MHz, 43
2026/09/24 06:28:14.825, 1, 44 %, 83360 MiB, 227.76 W, 2842 MHz, 13365 MHz, 42
2026/09/24 06:28:15.075, 0, 42 %, 86944 MiB, 211.65 W, 2835 MHz, 13365 MHz, 43
2026/09/24 06:28:15.075, 1, 44 %, 83360 MiB, 225.59 W, 2842 MHz, 13365 MHz, 43
2026/09/24 06:28:15.326, 0, 42 %, 86944 MiB, 211.65 W, 2835 MHz, 13365 MHz, 43
2026/09/24 06:28:15.326, 1, 44 %, 83360 MiB, 225.59 W, 2842 MHz, 13365 MHz, 43
2026/09/24 06:28:15.576, 0, 41 %, 86944 MiB, 212.59 W, 2835 MHz, 13365 MHz, 44
2026/09/24 06:28:15.576, 1, 44 %, 83360 MiB, 226.00 W, 2842 MHz, 13365 MHz, 42
2026/09/24 06:28:15.826, 0, 41 %, 86944 MiB, 212.59 W, 2835 MHz, 13365 MHz, 44
2026/09/24 06:28:15.826, 1, 44 %, 83360 MiB, 226.00 W, 2842 MHz, 13365 MHz, 42
2026/09/24 06:28:16.076, 0, 41 %, 86944 MiB, 212.33 W, 2835 MHz, 13365 MHz, 43
2026/09/24 06:28:16.076, 1, 44 %, 83360 MiB, 226.59 W, 2842 MHz, 13365 MHz, 42
2026/09/24 06:28:16.327, 0, 41 %, 86944 MiB, 212.33 W, 2835 MHz, 13365 MHz, 43
2026/09/24 06:28:16.327, 1, 44 %, 83360 MiB, 226.59 W, 2842 MHz, 13365 MHz, 42
2026/09/24 06:28:16.577, 0, 42 %, 86944 MiB, 211.80 W, 2835 MHz, 13365 MHz, 43
2026/09/24 06:28:16.577, 1, 45 %, 83360 MiB, 226.21 W, 2842 MHz, 13365 MHz, 43
2026/09/24 06:28:16.827, 0, 42 %, 86944 MiB, 211.80 W, 2835 MHz, 13365 MHz, 43
2026/09/24 06:28:16.827, 1, 45 %, 83360 MiB, 226.21 W, 2842 MHz, 13365 MHz, 43
2026/09/24 06:28:17.077, 0, 42 %, 86944 MiB, 212.93 W, 2835 MHz, 13365 MHz, 44
2026/09/24 06:28:17.077, 1, 45 %, 83360 MiB, 226.31 W, 2842 MHz, 13365 MHz, 42
2026/09/24 06:28:17.327, 0, 42 %, 86944 MiB, 212.93 W, 2835 MHz, 13365 MHz, 44
2026/09/24 06:28:17.328, 1, 45 %, 83360 MiB, 226.31 W, 2842 MHz, 13365 MHz, 42
2026/09/24 06:28:17.578, 0, 43 %, 86944 MiB, 212.59 W, 2835 MHz, 13365 MHz, 43
2026/09/24 06:28:17.578, 1, 44 %, 83360 MiB, 227.22 W, 2842 MHz, 13365 MHz, 43
2026/09/24 06:28:17.828, 0, 43 %, 86944 MiB, 212.59 W, 2835 MHz, 13365 MHz, 43
2026/09/24 06:28:17.828, 1, 44 %, 83360 MiB, 227.22 W, 2842 MHz, 13365 MHz, 43
2026/09/24 06:28:18.078, 0, 43 %, 86944 MiB, 212.00 W, 2835 MHz, 13365 MHz, 43
2026/09/24 06:28:18.078, 1, 44 %, 83360 MiB, 226.28 W, 2842 MHz, 13365 MHz, 43
2026/09/24 06:28:18.329, 0, 43 %, 86944 MiB, 212.00 W, 2835 MHz, 13365 MHz, 43
2026/09/24 06:28:18.329, 1, 44 %, 83360 MiB, 226.28 W, 2842 MHz, 13365 MHz, 43
2026/09/24 06:28:18.579, 0, 42 %, 86944 MiB, 212.50 W, 2835 MHz, 13365 MHz, 44
2026/09/24 06:28:18.579, 1, 45 %, 83360 MiB, 225.87 W, 2842 MHz, 13365 MHz, 42
2026/09/24 06:28:18.829, 0, 42 %, 86944 MiB, 212.50 W, 2835 MHz, 13365 MHz, 44
2026/09/24 06:28:18.829, 1, 45 %, 83360 MiB, 225.87 W, 2842 MHz, 13365 MHz, 42
2026/09/24 06:28:19.079, 0, 42 %, 86944 MiB, 224.37 W, 2835 MHz, 13365 MHz, 44
2026/09/24 06:28:19.079, 1, 45 %, 83360 MiB, 236.75 W, 2835 MHz, 13365 MHz, 43
2026/09/24 06:28:19.330, 0, 42 %, 86944 MiB, 224.37 W, 2835 MHz, 13365 MHz, 44
2026/09/24 06:28:19.330, 1, 45 %, 83360 MiB, 236.75 W, 2835 MHz, 13365 MHz, 43
2026/09/24 06:28:19.580, 0, 42 %, 86944 MiB, 225.48 W, 2835 MHz, 13365 MHz, 44
2026/09/24 06:28:19.580, 1, 43 %, 83360 MiB, 236.32 W, 2842 MHz, 13365 MHz, 42
2026/09/24 06:28:19.830, 0, 42 %, 86944 MiB, 225.48 W, 2835 MHz, 13365 MHz, 44
2026/09/24 06:28:19.831, 1, 43 %, 83360 MiB, 236.32 W, 2842 MHz, 13365 MHz, 42
2026/09/24 06:28:20.082, 0, 42 %, 86944 MiB, 214.34 W, 2835 MHz, 13365 MHz, 44
2026/09/24 06:28:20.082, 1, 43 %, 83360 MiB, 225.16 W, 2842 MHz, 13365 MHz, 43
2026/09/24 06:28:20.332, 0, 42 %, 86944 MiB, 214.34 W, 2835 MHz, 13365 MHz, 44
2026/09/24 06:28:20.332, 1, 43 %, 83360 MiB, 225.16 W, 2842 MHz, 13365 MHz, 43
2026/09/24 06:28:20.582, 0, 41 %, 86944 MiB, 214.06 W, 2835 MHz, 13365 MHz, 44
2026/09/24 06:28:20.583, 1, 43 %, 83360 MiB, 227.06 W, 2842 MHz, 13365 MHz, 42
2026/09/24 06:28:20.833, 0, 41 %, 86944 MiB, 214.06 W, 2835 MHz, 13365 MHz, 44
2026/09/24 06:28:20.833, 1, 43 %, 83360 MiB, 227.06 W, 2842 MHz, 13365 MHz, 42
2026/09/24 06:28:21.083, 0, 41 %, 86944 MiB, 212.24 W, 2835 MHz, 13365 MHz, 43
2026/09/24 06:28:21.083, 1, 43 %, 83360 MiB, 227.15 W, 2842 MHz, 13365 MHz, 43
2026/09/24 06:28:21.333, 0, 41 %, 86944 MiB, 212.24 W, 2835 MHz, 13365 MHz, 43
2026/09/24 06:28:21.333, 1, 43 %, 83360 MiB, 227.15 W, 2842 MHz, 13365 MHz, 43
2026/09/24 06:28:21.583, 0, 41 %, 86944 MiB, 212.12 W, 2835 MHz, 13365 MHz, 44
2026/09/24 06:28:21.583, 1, 45 %, 83360 MiB, 226.33 W, 2842 MHz, 13365 MHz, 43
2026/09/24 06:28:21.834, 0, 41 %, 86944 MiB, 212.12 W, 2835 MHz, 13365 MHz, 44
2026/09/24 06:28:21.834, 1, 45 %, 83360 MiB, 226.33 W, 2842 MHz, 13365 MHz, 43
2026/09/24 06:28:22.084, 0, 41 %, 86944 MiB, 213.66 W, 2835 MHz, 13365 MHz, 44
2026/09/24 06:28:22.084, 1, 45 %, 83360 MiB, 226.77 W, 2842 MHz, 13365 MHz, 42
2026/09/24 06:28:22.334, 0, 41 %, 86944 MiB, 213.66 W, 2835 MHz, 13365 MHz, 44
2026/09/24 06:28:22.334, 1, 45 %, 83360 MiB, 226.77 W, 2842 MHz, 13365 MHz, 42
2026/09/24 06:28:22.584, 0, 42 %, 86944 MiB, 211.93 W, 2835 MHz, 13365 MHz, 43
2026/09/24 06:28:22.584, 1, 45 %, 83360 MiB, 226.25 W, 2842 MHz, 13365 MHz, 43
2026/09/24 06:28:22.835, 0, 42 %, 86944 MiB, 211.93 W, 2835 MHz, 13365 MHz, 43
2026/09/24 06:28:22.835, 1, 45 %, 83360 MiB, 226.25 W, 2842 MHz, 13365 MHz, 43
2026/09/24 06:28:23.085, 0, 42 %, 86944 MiB, 212.96 W, 2835 MHz, 13365 MHz, 44
2026/09/24 06:28:23.085, 1, 45 %, 83360 MiB, 225.81 W, 2842 MHz, 13365 MHz, 43
2026/09/24 06:28:23.335, 0, 42 %, 86944 MiB, 212.96 W, 2835 MHz, 13365 MHz, 44
2026/09/24 06:28:23.335, 1, 45 %, 83360 MiB, 225.81 W, 2842 MHz, 13365 MHz, 43
2026/09/24 06:28:23.586, 0, 42 %, 86944 MiB, 217.55 W, 2835 MHz, 13365 MHz, 44
2026/09/24 06:28:23.586, 1, 44 %, 83360 MiB, 252.49 W, 2842 MHz, 13365 MHz, 42
2026/09/24 06:28:23.836, 0, 42 %, 86944 MiB, 217.55 W, 2835 MHz, 13365 MHz, 44
2026/09/24 06:28:23.836, 1, 44 %, 83360 MiB, 252.49 W, 2842 MHz, 13365 MHz, 42
2026/09/24 06:28:24.087, 0, 42 %, 86944 MiB, 250.94 W, 2835 MHz, 13365 MHz, 44
2026/09/24 06:28:24.087, 1, 44 %, 83360 MiB, 204.81 W, 2842 MHz, 13365 MHz, 44
2026/09/24 06:28:24.337, 0, 42 %, 86944 MiB, 250.94 W, 2835 MHz, 13365 MHz, 44
2026/09/24 06:28:24.337, 1, 44 %, 83360 MiB, 204.81 W, 2842 MHz, 13365 MHz, 44
2026/09/24 06:28:24.587, 0, 41 %, 86944 MiB, 226.38 W, 2827 MHz, 13365 MHz, 45
2026/09/24 06:28:24.587, 1, 45 %, 83360 MiB, 236.90 W, 2842 MHz, 13365 MHz, 43
2026/09/24 06:28:24.837, 0, 41 %, 86944 MiB, 226.38 W, 2827 MHz, 13365 MHz, 45
2026/09/24 06:28:24.837, 1, 45 %, 83360 MiB, 236.90 W, 2842 MHz, 13365 MHz, 43
2026/09/24 06:28:25.088, 0, 41 %, 86944 MiB, 218.24 W, 2820 MHz, 13365 MHz, 44
2026/09/24 06:28:25.088, 1, 45 %, 83360 MiB, 248.03 W, 2842 MHz, 13365 MHz, 44
2026/09/24 06:28:25.338, 0, 41 %, 86944 MiB, 218.24 W, 2820 MHz, 13365 MHz, 44
2026/09/24 06:28:25.338, 1, 45 %, 83360 MiB, 248.03 W, 2842 MHz, 13365 MHz, 44
2026/09/24 06:28:25.588, 0, 41 %, 86944 MiB, 214.89 W, 2820 MHz, 13365 MHz, 45
2026/09/24 06:28:25.588, 1, 45 %, 83360 MiB, 226.38 W, 2842 MHz, 13365 MHz, 43
2026/09/24 06:28:25.838, 0, 41 %, 86944 MiB, 214.89 W, 2820 MHz, 13365 MHz, 45
2026/09/24 06:28:25.838, 1, 45 %, 83360 MiB, 226.38 W, 2842 MHz, 13365 MHz, 43
2026/09/24 06:28:26.089, 0, 41 %, 86944 MiB, 213.13 W, 2820 MHz, 13365 MHz, 44
2026/09/24 06:28:26.089, 1, 45 %, 83360 MiB, 227.71 W, 2842 MHz, 13365 MHz, 43
2026/09/24 06:28:26.339, 0, 41 %, 86944 MiB, 213.13 W, 2820 MHz, 13365 MHz, 44
2026/09/24 06:28:26.339, 1, 45 %, 83360 MiB, 227.71 W, 2842 MHz, 13365 MHz, 43
2026/09/24 06:28:26.589, 0, 43 %, 86944 MiB, 215.65 W, 2827 MHz, 13365 MHz, 44
2026/09/24 06:28:26.589, 1, 45 %, 83360 MiB, 225.83 W, 2842 MHz, 13365 MHz, 44
2026/09/24 06:28:26.839, 0, 43 %, 86944 MiB, 215.65 W, 2827 MHz, 13365 MHz, 44
2026/09/24 06:28:26.839, 1, 45 %, 83360 MiB, 225.83 W, 2842 MHz, 13365 MHz, 44
2026/09/24 06:28:27.089, 0, 43 %, 86944 MiB, 214.37 W, 2827 MHz, 13365 MHz, 45
2026/09/24 06:28:27.090, 1, 45 %, 83360 MiB, 227.26 W, 2842 MHz, 13365 MHz, 43
2026/09/24 06:28:27.340, 0, 43 %, 86944 MiB, 214.37 W, 2827 MHz, 13365 MHz, 45
2026/09/24 06:28:27.340, 1, 45 %, 83360 MiB, 227.26 W, 2842 MHz, 13365 MHz, 43
2026/09/24 06:28:27.590, 0, 43 %, 86944 MiB, 213.24 W, 2820 MHz, 13365 MHz, 44
2026/09/24 06:28:27.590, 1, 44 %, 83360 MiB, 227.70 W, 2842 MHz, 13365 MHz, 43
2026/09/24 06:28:27.840, 0, 43 %, 86944 MiB, 213.24 W, 2820 MHz, 13365 MHz, 44
2026/09/24 06:28:27.840, 1, 44 %, 83360 MiB, 227.70 W, 2842 MHz, 13365 MHz, 43
2026/09/24 06:28:28.090, 0, 43 %, 86944 MiB, 213.99 W, 2827 MHz, 13365 MHz, 44
2026/09/24 06:28:28.091, 1, 44 %, 83360 MiB, 226.24 W, 2842 MHz, 13365 MHz, 44
2026/09/24 06:28:28.341, 0, 43 %, 86944 MiB, 213.99 W, 2827 MHz, 13365 MHz, 44
2026/09/24 06:28:28.341, 1, 44 %, 83360 MiB, 226.24 W, 2842 MHz, 13365 MHz, 44
2026/09/24 06:28:28.591, 0, 42 %, 86944 MiB, 213.55 W, 2827 MHz, 13365 MHz, 45
2026/09/24 06:28:28.591, 1, 45 %, 83360 MiB, 226.63 W, 2842 MHz, 13365 MHz, 43
2026/09/24 06:28:28.841, 0, 42 %, 86944 MiB, 213.55 W, 2827 MHz, 13365 MHz, 45
2026/09/24 06:28:28.843, 1, 45 %, 83360 MiB, 226.63 W, 2842 MHz, 13365 MHz, 43
2026/09/24 06:28:29.093, 0, 42 %, 86944 MiB, 214.18 W, 2820 MHz, 13365 MHz, 45
2026/09/24 06:28:29.093, 1, 45 %, 83360 MiB, 225.63 W, 2842 MHz, 13365 MHz, 43
2026/09/24 06:28:29.343, 0, 42 %, 86944 MiB, 214.18 W, 2820 MHz, 13365 MHz, 45
2026/09/24 06:28:29.343, 1, 45 %, 83360 MiB, 225.63 W, 2842 MHz, 13365 MHz, 43
2026/09/24 06:28:29.594, 0, 41 %, 86944 MiB, 236.97 W, 2835 MHz, 13365 MHz, 45
2026/09/24 06:28:29.594, 1, 46 %, 83360 MiB, 249.59 W, 2835 MHz, 13365 MHz, 44
2026/09/24 06:28:29.844, 0, 41 %, 86944 MiB, 236.97 W, 2835 MHz, 13365 MHz, 45
2026/09/24 06:28:29.844, 1, 46 %, 83360 MiB, 249.59 W, 2835 MHz, 13365 MHz, 44
2026/09/24 06:28:30.094, 0, 41 %, 86944 MiB, 225.03 W, 2820 MHz, 13365 MHz, 44
2026/09/24 06:28:30.094, 1, 46 %, 83360 MiB, 239.04 W, 2842 MHz, 13365 MHz, 43
2026/09/24 06:28:30.344, 0, 41 %, 86944 MiB, 225.03 W, 2820 MHz, 13365 MHz, 44
2026/09/24 06:28:30.344, 1, 46 %, 83360 MiB, 239.04 W, 2842 MHz, 13365 MHz, 43
2026/09/24 06:28:30.595, 0, 42 %, 86944 MiB, 213.13 W, 2835 MHz, 13365 MHz, 45
2026/09/24 06:28:30.595, 1, 45 %, 83360 MiB, 227.42 W, 2842 MHz, 13365 MHz, 44
2026/09/24 06:28:30.845, 0, 42 %, 86944 MiB, 213.13 W, 2835 MHz, 13365 MHz, 45
2026/09/24 06:28:30.845, 1, 45 %, 83360 MiB, 227.42 W, 2842 MHz, 13365 MHz, 44
2026/09/24 06:28:31.095, 0, 42 %, 86944 MiB, 213.39 W, 2820 MHz, 13365 MHz, 45
2026/09/24 06:28:31.095, 1, 45 %, 83360 MiB, 227.91 W, 2842 MHz, 13365 MHz, 43
2026/09/24 06:28:31.345, 0, 42 %, 86944 MiB, 213.39 W, 2820 MHz, 13365 MHz, 45
2026/09/24 06:28:31.345, 1, 45 %, 83360 MiB, 227.91 W, 2842 MHz, 13365 MHz, 43
2026/09/24 06:28:31.596, 0, 43 %, 86944 MiB, 212.95 W, 2820 MHz, 13365 MHz, 44
2026/09/24 06:28:31.596, 1, 45 %, 83360 MiB, 227.94 W, 2842 MHz, 13365 MHz, 44
2026/09/24 06:28:31.846, 0, 43 %, 86944 MiB, 212.95 W, 2820 MHz, 13365 MHz, 44
2026/09/24 06:28:31.846, 1, 45 %, 83360 MiB, 227.94 W, 2842 MHz, 13365 MHz, 44
2026/09/24 06:28:32.096, 0, 43 %, 86944 MiB, 212.85 W, 2827 MHz, 13365 MHz, 45
2026/09/24 06:28:32.096, 1, 45 %, 83360 MiB, 226.81 W, 2842 MHz, 13365 MHz, 43
2026/09/24 06:28:32.346, 0, 43 %, 86944 MiB, 212.85 W, 2827 MHz, 13365 MHz, 45
2026/09/24 06:28:32.346, 1, 45 %, 83360 MiB, 226.81 W, 2842 MHz, 13365 MHz, 43
2026/09/24 06:28:32.597, 0, 42 %, 86944 MiB, 213.50 W, 2820 MHz, 13365 MHz, 45
2026/09/24 06:28:32.597, 1, 44 %, 83360 MiB, 228.01 W, 2842 MHz, 13365 MHz, 43
2026/09/24 06:28:32.847, 0, 42 %, 86944 MiB, 213.50 W, 2820 MHz, 13365 MHz, 45
2026/09/24 06:28:32.847, 1, 44 %, 83360 MiB, 228.01 W, 2842 MHz, 13365 MHz, 43
2026/09/24 06:28:33.097, 0, 42 %, 86944 MiB, 212.57 W, 2827 MHz, 13365 MHz, 44
2026/09/24 06:28:33.097, 1, 44 %, 83360 MiB, 228.52 W, 2850 MHz, 13365 MHz, 44
2026/09/24 06:28:33.347, 0, 42 %, 86944 MiB, 212.57 W, 2827 MHz, 13365 MHz, 44
2026/09/24 06:28:33.347, 1, 44 %, 83360 MiB, 228.52 W, 2850 MHz, 13365 MHz, 44
2026/09/24 06:28:33.597, 0, 42 %, 86944 MiB, 213.24 W, 2820 MHz, 13365 MHz, 45
2026/09/24 06:28:33.598, 1, 45 %, 83360 MiB, 227.45 W, 2842 MHz, 13365 MHz, 43
2026/09/24 06:28:33.848, 0, 42 %, 86944 MiB, 213.24 W, 2820 MHz, 13365 MHz, 45
2026/09/24 06:28:33.848, 1, 45 %, 83360 MiB, 227.45 W, 2842 MHz, 13365 MHz, 43
2026/09/24 06:28:34.098, 0, 42 %, 86944 MiB, 214.37 W, 2820 MHz, 13365 MHz, 45
2026/09/24 06:28:34.098, 1, 45 %, 83360 MiB, 228.16 W, 2842 MHz, 13365 MHz, 43
2026/09/24 06:28:34.348, 0, 42 %, 86944 MiB, 214.37 W, 2820 MHz, 13365 MHz, 45
2026/09/24 06:28:34.348, 1, 45 %, 83360 MiB, 228.16 W, 2842 MHz, 13365 MHz, 43
2026/09/24 06:28:34.598, 0, 31 %, 86944 MiB, 229.99 W, 2827 MHz, 13365 MHz, 44
2026/09/24 06:28:34.599, 1, 30 %, 83360 MiB, 222.69 W, 2842 MHz, 13365 MHz, 46
2026/09/24 06:28:34.849, 0, 31 %, 86944 MiB, 229.99 W, 2827 MHz, 13365 MHz, 44
2026/09/24 06:28:34.849, 1, 30 %, 83360 MiB, 222.69 W, 2842 MHz, 13365 MHz, 46
2026/09/24 06:28:35.099, 0, 31 %, 86944 MiB, 216.59 W, 2820 MHz, 13365 MHz, 45
2026/09/24 06:28:35.099, 1, 30 %, 83360 MiB, 226.15 W, 2842 MHz, 13365 MHz, 44
2026/09/24 06:28:35.349, 0, 31 %, 86944 MiB, 216.59 W, 2820 MHz, 13365 MHz, 45
2026/09/24 06:28:35.349, 1, 30 %, 83360 MiB, 226.15 W, 2842 MHz, 13365 MHz, 44
2026/09/24 06:28:35.599, 0, 42 %, 86944 MiB, 214.77 W, 2820 MHz, 13365 MHz, 45
2026/09/24 06:28:35.600, 1, 43 %, 83360 MiB, 227.81 W, 2842 MHz, 13365 MHz, 43
2026/09/24 06:28:35.850, 0, 42 %, 86944 MiB, 214.77 W, 2820 MHz, 13365 MHz, 45
2026/09/24 06:28:35.850, 1, 43 %, 83360 MiB, 227.81 W, 2842 MHz, 13365 MHz, 43
2026/09/24 06:28:36.100, 0, 42 %, 86944 MiB, 213.50 W, 2827 MHz, 13365 MHz, 45
2026/09/24 06:28:36.100, 1, 43 %, 83360 MiB, 227.60 W, 2842 MHz, 13365 MHz, 44
2026/09/24 06:28:36.350, 0, 42 %, 86944 MiB, 213.50 W, 2827 MHz, 13365 MHz, 45
2026/09/24 06:28:36.350, 1, 43 %, 83360 MiB, 227.60 W, 2842 MHz, 13365 MHz, 44
2026/09/24 06:28:36.600, 0, 41 %, 86944 MiB, 214.72 W, 2820 MHz, 13365 MHz, 46
2026/09/24 06:28:36.601, 1, 44 %, 83360 MiB, 229.87 W, 2842 MHz, 13365 MHz, 43
2026/09/24 06:28:36.851, 0, 41 %, 86944 MiB, 214.72 W, 2820 MHz, 13365 MHz, 46
2026/09/24 06:28:36.851, 1, 44 %, 83360 MiB, 229.87 W, 2842 MHz, 13365 MHz, 43
2026/09/24 06:28:37.101, 0, 41 %, 86944 MiB, 213.32 W, 2820 MHz, 13365 MHz, 45
2026/09/24 06:28:37.101, 1, 44 %, 83360 MiB, 228.90 W, 2842 MHz, 13365 MHz, 44
2026/09/24 06:28:37.351, 0, 41 %, 86944 MiB, 213.32 W, 2820 MHz, 13365 MHz, 45
2026/09/24 06:28:37.353, 1, 44 %, 83360 MiB, 228.90 W, 2842 MHz, 13365 MHz, 44
2026/09/24 06:28:37.603, 0, 41 %, 86944 MiB, 209.80 W, 2827 MHz, 13365 MHz, 45
2026/09/24 06:28:37.603, 1, 45 %, 83360 MiB, 227.50 W, 2842 MHz, 13365 MHz, 44
2026/09/24 06:28:37.853, 0, 41 %, 86944 MiB, 209.80 W, 2827 MHz, 13365 MHz, 45
2026/09/24 06:28:37.853, 1, 45 %, 83360 MiB, 227.50 W, 2842 MHz, 13365 MHz, 44
2026/09/24 06:28:38.103, 0, 41 %, 86944 MiB, 214.48 W, 2820 MHz, 13365 MHz, 45
2026/09/24 06:28:38.103, 1, 45 %, 83360 MiB, 229.37 W, 2842 MHz, 13365 MHz, 43
2026/09/24 06:28:38.353, 0, 41 %, 86944 MiB, 214.48 W, 2820 MHz, 13365 MHz, 45
2026/09/24 06:28:38.354, 1, 45 %, 83360 MiB, 229.37 W, 2842 MHz, 13365 MHz, 43
2026/09/24 06:28:38.604, 0, 42 %, 86944 MiB, 213.61 W, 2827 MHz, 13365 MHz, 44
2026/09/24 06:28:38.604, 1, 45 %, 83360 MiB, 228.34 W, 2842 MHz, 13365 MHz, 44
2026/09/24 06:28:38.854, 0, 42 %, 86944 MiB, 213.61 W, 2827 MHz, 13365 MHz, 44
2026/09/24 06:28:38.854, 1, 45 %, 83360 MiB, 228.34 W, 2842 MHz, 13365 MHz, 44
2026/09/24 06:28:39.104, 0, 42 %, 86944 MiB, 215.24 W, 2827 MHz, 13365 MHz, 46
2026/09/24 06:28:39.104, 1, 45 %, 83360 MiB, 226.39 W, 2842 MHz, 13365 MHz, 44
2026/09/24 06:28:39.355, 0, 42 %, 86944 MiB, 215.24 W, 2827 MHz, 13365 MHz, 46
2026/09/24 06:28:39.355, 1, 45 %, 83360 MiB, 226.39 W, 2842 MHz, 13365 MHz, 44
2026/09/24 06:28:39.605, 0, 42 %, 86944 MiB, 214.24 W, 2820 MHz, 13365 MHz, 45
2026/09/24 06:28:39.605, 1, 44 %, 83360 MiB, 228.70 W, 2842 MHz, 13365 MHz, 43
2026/09/24 06:28:39.855, 0, 42 %, 86944 MiB, 214.24 W, 2820 MHz, 13365 MHz, 45
2026/09/24 06:28:39.855, 1, 44 %, 83360 MiB, 228.70 W, 2842 MHz, 13365 MHz, 43
2026/09/24 06:28:40.105, 0, 42 %, 86944 MiB, 227.07 W, 2820 MHz, 13365 MHz, 45
2026/09/24 06:28:40.106, 1, 44 %, 83360 MiB, 237.63 W, 2835 MHz, 13365 MHz, 45
2026/09/24 06:28:40.357, 0, 42 %, 86944 MiB, 227.07 W, 2820 MHz, 13365 MHz, 45
2026/09/24 06:28:40.357, 1, 44 %, 83360 MiB, 237.63 W, 2835 MHz, 13365 MHz, 45
2026/09/24 06:28:40.607, 0, 43 %, 86944 MiB, 213.58 W, 2820 MHz, 13365 MHz, 45
2026/09/24 06:28:40.608, 1, 43 %, 83360 MiB, 229.74 W, 2835 MHz, 13365 MHz, 44
2026/09/24 06:28:40.858, 0, 43 %, 86944 MiB, 213.58 W, 2820 MHz, 13365 MHz, 45
2026/09/24 06:28:40.858, 1, 43 %, 83360 MiB, 229.74 W, 2835 MHz, 13365 MHz, 44
2026/09/24 06:28:41.108, 0, 43 %, 86944 MiB, 212.93 W, 2827 MHz, 13365 MHz, 45
2026/09/24 06:28:41.108, 1, 43 %, 83360 MiB, 227.73 W, 2835 MHz, 13365 MHz, 45
2026/09/24 06:28:41.358, 0, 43 %, 86944 MiB, 212.93 W, 2827 MHz, 13365 MHz, 45
2026/09/24 06:28:41.358, 1, 43 %, 83360 MiB, 227.73 W, 2835 MHz, 13365 MHz, 45
2026/09/24 06:28:41.608, 0, 41 %, 86944 MiB, 213.73 W, 2820 MHz, 13365 MHz, 46
2026/09/24 06:28:41.608, 1, 44 %, 83360 MiB, 227.83 W, 2835 MHz, 13365 MHz, 44
2026/09/24 06:28:41.859, 0, 41 %, 86944 MiB, 213.73 W, 2820 MHz, 13365 MHz, 46
2026/09/24 06:28:41.859, 1, 44 %, 83360 MiB, 227.83 W, 2835 MHz, 13365 MHz, 44
2026/09/24 06:28:42.109, 0, 41 %, 86944 MiB, 213.92 W, 2820 MHz, 13365 MHz, 45
2026/09/24 06:28:42.109, 1, 44 %, 83360 MiB, 228.21 W, 2835 MHz, 13365 MHz, 44
2026/09/24 06:28:42.359, 0, 41 %, 86944 MiB, 213.92 W, 2820 MHz, 13365 MHz, 45
2026/09/24 06:28:42.359, 1, 44 %, 83360 MiB, 228.21 W, 2835 MHz, 13365 MHz, 44
2026/09/24 06:28:42.609, 0, 41 %, 86944 MiB, 212.93 W, 2827 MHz, 13365 MHz, 45
2026/09/24 06:28:42.609, 1, 45 %, 83360 MiB, 227.30 W, 2835 MHz, 13365 MHz, 44
2026/09/24 06:28:42.860, 0, 41 %, 86944 MiB, 212.93 W, 2827 MHz, 13365 MHz, 45
2026/09/24 06:28:42.860, 1, 45 %, 83360 MiB, 227.30 W, 2835 MHz, 13365 MHz, 44
2026/09/24 06:28:43.110, 0, 41 %, 86944 MiB, 214.09 W, 2820 MHz, 13365 MHz, 46
2026/09/24 06:28:43.110, 1, 45 %, 83360 MiB, 227.52 W, 2835 MHz, 13365 MHz, 44
2026/09/24 06:28:43.360, 0, 41 %, 86944 MiB, 214.09 W, 2820 MHz, 13365 MHz, 46
2026/09/24 06:28:43.360, 1, 45 %, 83360 MiB, 227.52 W, 2835 MHz, 13365 MHz, 44
2026/09/24 06:28:43.610, 0, 43 %, 86944 MiB, 214.03 W, 2820 MHz, 13365 MHz, 45
2026/09/24 06:28:43.610, 1, 44 %, 83360 MiB, 228.44 W, 2835 MHz, 13365 MHz, 44
2026/09/24 06:28:43.861, 0, 43 %, 86944 MiB, 214.03 W, 2820 MHz, 13365 MHz, 45
2026/09/24 06:28:43.861, 1, 44 %, 83360 MiB, 228.44 W, 2835 MHz, 13365 MHz, 44
2026/09/24 06:28:44.111, 0, 43 %, 86944 MiB, 213.40 W, 2827 MHz, 13365 MHz, 45
2026/09/24 06:28:44.111, 1, 44 %, 83360 MiB, 227.88 W, 2835 MHz, 13365 MHz, 45
2026/09/24 06:28:44.361, 0, 43 %, 86944 MiB, 213.40 W, 2827 MHz, 13365 MHz, 45
2026/09/24 06:28:44.361, 1, 44 %, 83360 MiB, 227.88 W, 2835 MHz, 13365 MHz, 45
2026/09/24 06:28:44.611, 0, 42 %, 86944 MiB, 213.86 W, 2827 MHz, 13365 MHz, 46
2026/09/24 06:28:44.612, 1, 44 %, 83360 MiB, 227.06 W, 2835 MHz, 13365 MHz, 44
2026/09/24 06:28:44.863, 0, 42 %, 86944 MiB, 213.86 W, 2827 MHz, 13365 MHz, 46
2026/09/24 06:28:44.863, 1, 44 %, 83360 MiB, 227.06 W, 2835 MHz, 13365 MHz, 44
2026/09/24 06:28:45.113, 0, 42 %, 86944 MiB, 250.78 W, 2827 MHz, 13365 MHz, 46
2026/09/24 06:28:45.114, 1, 44 %, 83360 MiB, 232.24 W, 2835 MHz, 13365 MHz, 48
2026/09/24 06:28:45.364, 0, 42 %, 86944 MiB, 250.78 W, 2827 MHz, 13365 MHz, 46
2026/09/24 06:28:45.364, 1, 44 %, 83360 MiB, 232.24 W, 2835 MHz, 13365 MHz, 48
2026/09/24 06:28:45.614, 0, 43 %, 86944 MiB, 228.91 W, 2827 MHz, 13365 MHz, 45
2026/09/24 06:28:45.614, 1, 45 %, 83360 MiB, 243.01 W, 2842 MHz, 13365 MHz, 45
2026/09/24 06:28:45.864, 0, 43 %, 86944 MiB, 228.91 W, 2827 MHz, 13365 MHz, 45
2026/09/24 06:28:45.864, 1, 45 %, 83360 MiB, 243.01 W, 2842 MHz, 13365 MHz, 45
2026/09/24 06:28:46.114, 0, 43 %, 86944 MiB, 208.48 W, 2827 MHz, 13365 MHz, 46
2026/09/24 06:28:46.115, 1, 45 %, 83360 MiB, 238.65 W, 2842 MHz, 13365 MHz, 44
2026/09/24 06:28:46.365, 0, 43 %, 86944 MiB, 208.48 W, 2827 MHz, 13365 MHz, 46
2026/09/24 06:28:46.365, 1, 45 %, 83360 MiB, 238.65 W, 2842 MHz, 13365 MHz, 44
2026/09/24 06:28:46.615, 0, 43 %, 86944 MiB, 214.51 W, 2827 MHz, 13365 MHz, 45
2026/09/24 06:28:46.615, 1, 46 %, 83360 MiB, 228.00 W, 2842 MHz, 13365 MHz, 45
2026/09/24 06:28:46.865, 0, 43 %, 86944 MiB, 214.51 W, 2827 MHz, 13365 MHz, 45
2026/09/24 06:28:46.865, 1, 46 %, 83360 MiB, 228.00 W, 2842 MHz, 13365 MHz, 45
2026/09/24 06:28:47.115, 0, 43 %, 86944 MiB, 214.89 W, 2820 MHz, 13365 MHz, 46
2026/09/24 06:28:47.116, 1, 46 %, 83360 MiB, 228.47 W, 2842 MHz, 13365 MHz, 44
2026/09/24 06:28:47.366, 0, 43 %, 86944 MiB, 214.89 W, 2820 MHz, 13365 MHz, 46
2026/09/24 06:28:47.366, 1, 46 %, 83360 MiB, 228.47 W, 2842 MHz, 13365 MHz, 44
2026/09/24 06:28:47.616, 0, 43 %, 86944 MiB, 212.85 W, 2827 MHz, 13365 MHz, 45
2026/09/24 06:28:47.616, 1, 45 %, 83360 MiB, 229.03 W, 2850 MHz, 13365 MHz, 45
2026/09/24 06:28:47.866, 0, 43 %, 86944 MiB, 212.85 W, 2827 MHz, 13365 MHz, 45
2026/09/24 06:28:47.866, 1, 45 %, 83360 MiB, 229.03 W, 2850 MHz, 13365 MHz, 45
2026/09/24 06:28:48.116, 0, 43 %, 86944 MiB, 215.08 W, 2827 MHz, 13365 MHz, 46
2026/09/24 06:28:48.117, 1, 45 %, 83360 MiB, 228.30 W, 2842 MHz, 13365 MHz, 44
2026/09/24 06:28:48.367, 0, 43 %, 86944 MiB, 215.08 W, 2827 MHz, 13365 MHz, 46
2026/09/24 06:28:48.367, 1, 45 %, 83360 MiB, 228.30 W, 2842 MHz, 13365 MHz, 44
2026/09/24 06:28:48.618, 0, 43 %, 86944 MiB, 213.69 W, 2827 MHz, 13365 MHz, 45
2026/09/24 06:28:48.618, 1, 44 %, 83360 MiB, 227.80 W, 2850 MHz, 13365 MHz, 44
2026/09/24 06:28:48.868, 0, 43 %, 86944 MiB, 213.69 W, 2827 MHz, 13365 MHz, 45
2026/09/24 06:28:48.868, 1, 44 %, 83360 MiB, 227.80 W, 2850 MHz, 13365 MHz, 44
2026/09/24 06:28:49.118, 0, 43 %, 86944 MiB, 215.26 W, 2827 MHz, 13365 MHz, 46
2026/09/24 06:28:49.119, 1, 44 %, 83360 MiB, 227.27 W, 2842 MHz, 13365 MHz, 44
2026/09/24 06:28:49.369, 0, 43 %, 86944 MiB, 215.26 W, 2827 MHz, 13365 MHz, 46
2026/09/24 06:28:49.369, 1, 44 %, 83360 MiB, 227.27 W, 2842 MHz, 13365 MHz, 44
2026/09/24 06:28:49.619, 0, 42 %, 86944 MiB, 215.23 W, 2820 MHz, 13365 MHz, 46
2026/09/24 06:28:49.619, 1, 44 %, 83360 MiB, 228.59 W, 2842 MHz, 13365 MHz, 44
2026/09/24 06:28:49.869, 0, 42 %, 86944 MiB, 215.23 W, 2820 MHz, 13365 MHz, 46
2026/09/24 06:28:49.869, 1, 44 %, 83360 MiB, 228.59 W, 2842 MHz, 13365 MHz, 44
2026/09/24 06:28:50.119, 0, 42 %, 86944 MiB, 213.27 W, 2827 MHz, 13365 MHz, 45
2026/09/24 06:28:50.120, 1, 44 %, 83360 MiB, 228.63 W, 2850 MHz, 13365 MHz, 45
2026/09/24 06:28:50.370, 0, 42 %, 86944 MiB, 213.27 W, 2827 MHz, 13365 MHz, 45
2026/09/24 06:28:50.370, 1, 44 %, 83360 MiB, 228.63 W, 2850 MHz, 13365 MHz, 45
2026/09/24 06:28:50.620, 0, 41 %, 86944 MiB, 230.23 W, 2827 MHz, 13365 MHz, 46
2026/09/24 06:28:50.620, 1, 46 %, 83360 MiB, 239.44 W, 2835 MHz, 13365 MHz, 44
2026/09/24 06:28:50.870, 0, 41 %, 86944 MiB, 230.23 W, 2827 MHz, 13365 MHz, 46
2026/09/24 06:28:50.871, 1, 46 %, 83360 MiB, 239.44 W, 2835 MHz, 13365 MHz, 44
2026/09/24 06:28:51.121, 0, 41 %, 86944 MiB, 208.05 W, 2827 MHz, 13365 MHz, 46
2026/09/24 06:28:51.122, 1, 46 %, 83360 MiB, 257.54 W, 2842 MHz, 13365 MHz, 45
2026/09/24 06:28:51.372, 0, 41 %, 86944 MiB, 208.05 W, 2827 MHz, 13365 MHz, 46
2026/09/24 06:28:51.372, 1, 46 %, 83360 MiB, 257.54 W, 2842 MHz, 13365 MHz, 45
2026/09/24 06:28:51.622, 0, 42 %, 86944 MiB, 216.04 W, 2827 MHz, 13365 MHz, 46
2026/09/24 06:28:51.622, 1, 46 %, 83360 MiB, 227.83 W, 2835 MHz, 13365 MHz, 44
2026/09/24 06:28:51.872, 0, 42 %, 86944 MiB, 216.04 W, 2827 MHz, 13365 MHz, 46
2026/09/24 06:28:51.872, 1, 46 %, 83360 MiB, 227.83 W, 2835 MHz, 13365 MHz, 44
2026/09/24 06:28:52.122, 0, 42 %, 86944 MiB, 214.73 W, 2827 MHz, 13365 MHz, 46
2026/09/24 06:28:52.122, 1, 46 %, 83360 MiB, 228.67 W, 2842 MHz, 13365 MHz, 45
2026/09/24 06:28:52.373, 0, 42 %, 86944 MiB, 214.73 W, 2827 MHz, 13365 MHz, 46
2026/09/24 06:28:52.373, 1, 46 %, 83360 MiB, 228.67 W, 2842 MHz, 13365 MHz, 45
2026/09/24 06:28:52.623, 0, 43 %, 86944 MiB, 218.06 W, 2827 MHz, 13365 MHz, 46
2026/09/24 06:28:52.623, 1, 45 %, 83360 MiB, 226.55 W, 2835 MHz, 13365 MHz, 45
2026/09/24 06:28:52.873, 0, 43 %, 86944 MiB, 218.06 W, 2827 MHz, 13365 MHz, 46
2026/09/24 06:28:52.873, 1, 45 %, 83360 MiB, 226.55 W, 2835 MHz, 13365 MHz, 45
2026/09/24 06:28:53.123, 0, 43 %, 86944 MiB, 216.24 W, 2827 MHz, 13365 MHz, 46
2026/09/24 06:28:53.123, 1, 45 %, 83360 MiB, 229.16 W, 2842 MHz, 13365 MHz, 44
2026/09/24 06:28:53.374, 0, 43 %, 86944 MiB, 216.24 W, 2827 MHz, 13365 MHz, 46
2026/09/24 06:28:53.374, 1, 45 %, 83360 MiB, 229.16 W, 2842 MHz, 13365 MHz, 44
2026/09/24 06:28:53.624, 0, 42 %, 86944 MiB, 214.56 W, 2827 MHz, 13365 MHz, 45
2026/09/24 06:28:53.624, 1, 45 %, 83360 MiB, 229.26 W, 2835 MHz, 13365 MHz, 45
2026/09/24 06:28:53.874, 0, 42 %, 86944 MiB, 214.56 W, 2827 MHz, 13365 MHz, 45
2026/09/24 06:28:53.874, 1, 45 %, 83360 MiB, 229.26 W, 2835 MHz, 13365 MHz, 45
2026/09/24 06:28:54.124, 0, 42 %, 86944 MiB, 217.15 W, 2827 MHz, 13365 MHz, 47
2026/09/24 06:28:54.125, 1, 45 %, 83360 MiB, 228.01 W, 2835 MHz, 13365 MHz, 44
2026/09/24 06:28:54.375, 0, 42 %, 86944 MiB, 217.15 W, 2827 MHz, 13365 MHz, 47
2026/09/24 06:28:54.375, 1, 45 %, 83360 MiB, 228.01 W, 2835 MHz, 13365 MHz, 44
2026/09/24 06:28:54.625, 0, 42 %, 86944 MiB, 215.07 W, 2827 MHz, 13365 MHz, 46
2026/09/24 06:28:54.626, 1, 44 %, 83360 MiB, 229.63 W, 2835 MHz, 13365 MHz, 45
2026/09/24 06:28:54.877, 0, 42 %, 86944 MiB, 215.07 W, 2827 MHz, 13365 MHz, 46
2026/09/24 06:28:54.877, 1, 44 %, 83360 MiB, 229.63 W, 2835 MHz, 13365 MHz, 45
2026/09/24 06:28:55.127, 0, 42 %, 86944 MiB, 213.80 W, 2827 MHz, 13365 MHz, 46
2026/09/24 06:28:55.127, 1, 44 %, 83360 MiB, 229.25 W, 2835 MHz, 13365 MHz, 45
2026/09/24 06:28:55.377, 0, 42 %, 86944 MiB, 213.80 W, 2827 MHz, 13365 MHz, 46
2026/09/24 06:28:55.377, 1, 44 %, 83360 MiB, 229.25 W, 2835 MHz, 13365 MHz, 45
2026/09/24 06:28:55.627, 0, 40 %, 86944 MiB, 236.20 W, 2835 MHz, 13365 MHz, 45
2026/09/24 06:28:55.628, 1, 20 %, 83360 MiB, 164.94 W, 2842 MHz, 13365 MHz, 47
2026/09/24 06:28:55.878, 0, 40 %, 86944 MiB, 236.20 W, 2835 MHz, 13365 MHz, 45
2026/09/24 06:28:55.878, 1, 20 %, 83360 MiB, 164.94 W, 2842 MHz, 13365 MHz, 47
2026/09/24 06:28:56.128, 0, 40 %, 86944 MiB, 218.82 W, 2827 MHz, 13365 MHz, 46
2026/09/24 06:28:56.128, 1, 20 %, 83360 MiB, 228.12 W, 2835 MHz, 13365 MHz, 45
2026/09/24 06:28:56.378, 0, 40 %, 86944 MiB, 218.82 W, 2827 MHz, 13365 MHz, 46
2026/09/24 06:28:56.380, 1, 20 %, 83360 MiB, 228.12 W, 2835 MHz, 13365 MHz, 45
2026/09/24 06:28:56.630, 0, 43 %, 86944 MiB, 213.53 W, 2820 MHz, 13365 MHz, 46
2026/09/24 06:28:56.630, 1, 43 %, 83360 MiB, 241.74 W, 2835 MHz, 13365 MHz, 45
2026/09/24 06:28:56.880, 0, 43 %, 86944 MiB, 213.53 W, 2820 MHz, 13365 MHz, 46
2026/09/24 06:28:56.880, 1, 43 %, 83360 MiB, 241.74 W, 2835 MHz, 13365 MHz, 45
2026/09/24 06:28:57.130, 0, 43 %, 86944 MiB, 214.96 W, 2827 MHz, 13365 MHz, 47
2026/09/24 06:28:57.130, 1, 43 %, 83360 MiB, 226.59 W, 2835 MHz, 13365 MHz, 45
2026/09/24 06:28:57.381, 0, 43 %, 86944 MiB, 214.96 W, 2827 MHz, 13365 MHz, 47
2026/09/24 06:28:57.381, 1, 43 %, 83360 MiB, 226.59 W, 2835 MHz, 13365 MHz, 45
2026/09/24 06:28:57.631, 0, 43 %, 86944 MiB, 214.70 W, 2820 MHz, 13365 MHz, 46
2026/09/24 06:28:57.631, 1, 43 %, 83360 MiB, 228.18 W, 2835 MHz, 13365 MHz, 45
2026/09/24 06:28:57.881, 0, 43 %, 86944 MiB, 214.70 W, 2820 MHz, 13365 MHz, 46
2026/09/24 06:28:57.881, 1, 43 %, 83360 MiB, 228.18 W, 2835 MHz, 13365 MHz, 45
2026/09/24 06:28:58.131, 0, 43 %, 86944 MiB, 215.46 W, 2827 MHz, 13365 MHz, 46
2026/09/24 06:28:58.131, 1, 43 %, 83360 MiB, 226.98 W, 2835 MHz, 13365 MHz, 45
2026/09/24 06:28:58.382, 0, 43 %, 86944 MiB, 215.46 W, 2827 MHz, 13365 MHz, 46
2026/09/24 06:28:58.382, 1, 43 %, 83360 MiB, 226.98 W, 2835 MHz, 13365 MHz, 45
2026/09/24 06:28:58.632, 0, 41 %, 86944 MiB, 216.33 W, 2820 MHz, 13365 MHz, 47
2026/09/24 06:28:58.632, 1, 44 %, 83360 MiB, 228.11 W, 2835 MHz, 13365 MHz, 44
2026/09/24 06:28:58.882, 0, 41 %, 86944 MiB, 216.33 W, 2820 MHz, 13365 MHz, 47
2026/09/24 06:28:58.882, 1, 44 %, 83360 MiB, 228.11 W, 2835 MHz, 13365 MHz, 44
2026/09/24 06:28:59.132, 0, 41 %, 86944 MiB, 109.72 W, 2827 MHz, 13365 MHz, 46
2026/09/24 06:28:59.132, 1, 44 %, 83360 MiB, 228.79 W, 2835 MHz, 13365 MHz, 45
2026/09/24 06:28:59.382, 0, 41 %, 86944 MiB, 109.72 W, 2827 MHz, 13365 MHz, 46
2026/09/24 06:28:59.383, 1, 44 %, 83360 MiB, 228.79 W, 2835 MHz, 13365 MHz, 45
2026/09/24 06:28:59.633, 0, 42 %, 86944 MiB, 217.65 W, 2827 MHz, 13365 MHz, 47
2026/09/24 06:28:59.633, 1, 45 %, 83360 MiB, 227.99 W, 2835 MHz, 13365 MHz, 45
2026/09/24 06:28:59.883, 0, 42 %, 86944 MiB, 217.65 W, 2827 MHz, 13365 MHz, 47
2026/09/24 06:28:59.883, 1, 45 %, 83360 MiB, 227.99 W, 2835 MHz, 13365 MHz, 45
2026/09/24 06:29:00.133, 0, 42 %, 86944 MiB, 216.19 W, 2827 MHz, 13365 MHz, 46
2026/09/24 06:29:00.133, 1, 45 %, 83360 MiB, 228.67 W, 2835 MHz, 13365 MHz, 44
2026/09/24 06:29:00.383, 0, 42 %, 86944 MiB, 216.19 W, 2827 MHz, 13365 MHz, 46
2026/09/24 06:29:00.384, 1, 45 %, 83360 MiB, 228.67 W, 2835 MHz, 13365 MHz, 44
2026/09/24 06:29:00.634, 0, 43 %, 86944 MiB, 214.82 W, 2827 MHz, 13365 MHz, 46
2026/09/24 06:29:00.634, 1, 45 %, 83360 MiB, 228.12 W, 2835 MHz, 13365 MHz, 45
2026/09/24 06:29:00.884, 0, 43 %, 86944 MiB, 214.82 W, 2827 MHz, 13365 MHz, 46
2026/09/24 06:29:00.884, 1, 45 %, 83360 MiB, 228.12 W, 2835 MHz, 13365 MHz, 45
2026/09/24 06:29:01.134, 0, 43 %, 86944 MiB, 234.46 W, 2820 MHz, 13365 MHz, 46
2026/09/24 06:29:01.134, 1, 45 %, 83360 MiB, 245.89 W, 2835 MHz, 13365 MHz, 45
2026/09/24 06:29:01.384, 0, 43 %, 86944 MiB, 234.46 W, 2820 MHz, 13365 MHz, 46
2026/09/24 06:29:01.385, 1, 45 %, 83360 MiB, 245.89 W, 2835 MHz, 13365 MHz, 45
2026/09/24 06:29:01.635, 0, 41 %, 86944 MiB, 229.55 W, 2827 MHz, 13365 MHz, 47
2026/09/24 06:29:01.635, 1, 45 %, 83360 MiB, 236.88 W, 2835 MHz, 13365 MHz, 45
2026/09/24 06:29:01.885, 0, 41 %, 86944 MiB, 229.55 W, 2827 MHz, 13365 MHz, 47
2026/09/24 06:29:01.885, 1, 45 %, 83360 MiB, 236.88 W, 2835 MHz, 13365 MHz, 45
2026/09/24 06:29:02.135, 0, 41 %, 86944 MiB, 212.94 W, 2827 MHz, 13365 MHz, 46
2026/09/24 06:29:02.135, 1, 45 %, 83360 MiB, 227.93 W, 2835 MHz, 13365 MHz, 45
2026/09/24 06:29:02.385, 0, 41 %, 86944 MiB, 212.94 W, 2827 MHz, 13365 MHz, 46
2026/09/24 06:29:02.386, 1, 45 %, 83360 MiB, 227.93 W, 2835 MHz, 13365 MHz, 45
2026/09/24 06:29:02.636, 0, 41 %, 86944 MiB, 215.79 W, 2827 MHz, 13365 MHz, 47
2026/09/24 06:29:02.636, 1, 44 %, 83360 MiB, 228.19 W, 2835 MHz, 13365 MHz, 44
2026/09/24 06:29:02.886, 0, 41 %, 86944 MiB, 215.79 W, 2827 MHz, 13365 MHz, 47
2026/09/24 06:29:02.886, 1, 44 %, 83360 MiB, 228.19 W, 2835 MHz, 13365 MHz, 44
2026/09/24 06:29:03.136, 0, 41 %, 86944 MiB, 215.49 W, 2820 MHz, 13365 MHz, 46
2026/09/24 06:29:03.137, 1, 44 %, 83360 MiB, 228.59 W, 2835 MHz, 13365 MHz, 45
2026/09/24 06:29:03.387, 0, 41 %, 86944 MiB, 215.49 W, 2820 MHz, 13365 MHz, 46
2026/09/24 06:29:03.387, 1, 44 %, 83360 MiB, 228.59 W, 2835 MHz, 13365 MHz, 45
2026/09/24 06:29:03.638, 0, 41 %, 86944 MiB, 217.11 W, 2827 MHz, 13365 MHz, 47
2026/09/24 06:29:03.638, 1, 45 %, 83360 MiB, 226.43 W, 2835 MHz, 13365 MHz, 45
2026/09/24 06:29:03.888, 0, 41 %, 86944 MiB, 217.11 W, 2827 MHz, 13365 MHz, 47
2026/09/24 06:29:03.888, 1, 45 %, 83360 MiB, 226.43 W, 2835 MHz, 13365 MHz, 45
2026/09/24 06:29:04.138, 0, 41 %, 86944 MiB, 216.27 W, 2820 MHz, 13365 MHz, 47
2026/09/24 06:29:04.138, 1, 45 %, 83360 MiB, 228.68 W, 2835 MHz, 13365 MHz, 45
2026/09/24 06:29:04.388, 0, 41 %, 86944 MiB, 216.27 W, 2820 MHz, 13365 MHz, 47
2026/09/24 06:29:04.389, 1, 45 %, 83360 MiB, 228.68 W, 2835 MHz, 13365 MHz, 45
2026/09/24 06:29:04.639, 0, 43 %, 86944 MiB, 207.47 W, 2827 MHz, 13365 MHz, 46
2026/09/24 06:29:04.640, 1, 45 %, 83360 MiB, 237.37 W, 2835 MHz, 13365 MHz, 46
2026/09/24 06:29:04.890, 0, 43 %, 86944 MiB, 207.47 W, 2827 MHz, 13365 MHz, 46
2026/09/24 06:29:04.890, 1, 45 %, 83360 MiB, 237.37 W, 2835 MHz, 13365 MHz, 46
2026/09/24 06:29:05.140, 0, 43 %, 86944 MiB, 217.76 W, 2820 MHz, 13365 MHz, 47
2026/09/24 06:29:05.140, 1, 45 %, 83360 MiB, 229.15 W, 2835 MHz, 13365 MHz, 45
2026/09/24 06:29:05.390, 0, 43 %, 86944 MiB, 217.76 W, 2820 MHz, 13365 MHz, 47
2026/09/24 06:29:05.390, 1, 45 %, 83360 MiB, 229.15 W, 2835 MHz, 13365 MHz, 45
2026/09/24 06:29:05.640, 0, 43 %, 86944 MiB, 215.78 W, 2820 MHz, 13365 MHz, 47
2026/09/24 06:29:05.641, 1, 44 %, 83360 MiB, 228.98 W, 2835 MHz, 13365 MHz, 45
2026/09/24 06:29:05.891, 0, 43 %, 86944 MiB, 215.78 W, 2820 MHz, 13365 MHz, 47
2026/09/24 06:29:05.891, 1, 44 %, 83360 MiB, 228.98 W, 2835 MHz, 13365 MHz, 45
2026/09/24 06:29:06.141, 0, 43 %, 86944 MiB, 285.75 W, 2820 MHz, 13365 MHz, 47
2026/09/24 06:29:06.141, 1, 44 %, 83360 MiB, 246.74 W, 2835 MHz, 13365 MHz, 49
2026/09/24 06:29:06.391, 0, 43 %, 86944 MiB, 285.75 W, 2820 MHz, 13365 MHz, 47
2026/09/24 06:29:06.391, 1, 44 %, 83360 MiB, 246.74 W, 2835 MHz, 13365 MHz, 49
2026/09/24 06:29:06.641, 0, 43 %, 86944 MiB, 234.99 W, 2820 MHz, 13365 MHz, 46
2026/09/24 06:29:06.642, 1, 44 %, 83360 MiB, 243.67 W, 2835 MHz, 13365 MHz, 45
2026/09/24 06:29:06.892, 0, 43 %, 86944 MiB, 234.99 W, 2820 MHz, 13365 MHz, 46
2026/09/24 06:29:06.892, 1, 44 %, 83360 MiB, 243.67 W, 2835 MHz, 13365 MHz, 45
2026/09/24 06:29:07.142, 0, 43 %, 86944 MiB, 207.18 W, 2827 MHz, 13365 MHz, 47
2026/09/24 06:29:07.142, 1, 44 %, 83360 MiB, 243.72 W, 2835 MHz, 13365 MHz, 45
2026/09/24 06:29:07.392, 0, 43 %, 86944 MiB, 207.18 W, 2827 MHz, 13365 MHz, 47
2026/09/24 06:29:07.394, 1, 44 %, 83360 MiB, 243.72 W, 2835 MHz, 13365 MHz, 45
2026/09/24 06:29:07.645, 0, 43 %, 86944 MiB, 215.62 W, 2827 MHz, 13365 MHz, 46
2026/09/24 06:29:07.645, 1, 44 %, 83360 MiB, 230.40 W, 2835 MHz, 13365 MHz, 46
2026/09/24 06:29:07.895, 0, 43 %, 86944 MiB, 215.62 W, 2827 MHz, 13365 MHz, 46
2026/09/24 06:29:07.895, 1, 44 %, 83360 MiB, 230.40 W, 2835 MHz, 13365 MHz, 46
2026/09/24 06:29:08.145, 0, 43 %, 86944 MiB, 216.56 W, 2827 MHz, 13365 MHz, 47
2026/09/24 06:29:08.145, 1, 44 %, 83360 MiB, 227.36 W, 2835 MHz, 13365 MHz, 45
2026/09/24 06:29:08.396, 0, 43 %, 86944 MiB, 216.56 W, 2827 MHz, 13365 MHz, 47
2026/09/24 06:29:08.396, 1, 44 %, 83360 MiB, 227.36 W, 2835 MHz, 13365 MHz, 45
2026/09/24 06:29:08.646, 0, 43 %, 86944 MiB, 215.66 W, 2820 MHz, 13365 MHz, 47
2026/09/24 06:29:08.646, 1, 43 %, 83360 MiB, 228.69 W, 2835 MHz, 13365 MHz, 45
2026/09/24 06:29:08.896, 0, 43 %, 86944 MiB, 215.66 W, 2820 MHz, 13365 MHz, 47
2026/09/24 06:29:08.896, 1, 43 %, 83360 MiB, 228.69 W, 2835 MHz, 13365 MHz, 45
2026/09/24 06:29:09.146, 0, 43 %, 86944 MiB, 217.29 W, 2827 MHz, 13365 MHz, 47
2026/09/24 06:29:09.146, 1, 43 %, 83360 MiB, 227.09 W, 2835 MHz, 13365 MHz, 46
2026/09/24 06:29:09.397, 0, 43 %, 86944 MiB, 217.29 W, 2827 MHz, 13365 MHz, 47
2026/09/24 06:29:09.397, 1, 43 %, 83360 MiB, 227.09 W, 2835 MHz, 13365 MHz, 46
2026/09/24 06:29:09.647, 0, 42 %, 86944 MiB, 216.42 W, 2820 MHz, 13365 MHz, 47
2026/09/24 06:29:09.647, 1, 44 %, 83360 MiB, 228.68 W, 2835 MHz, 13365 MHz, 45
2026/09/24 06:29:09.897, 0, 42 %, 86944 MiB, 216.42 W, 2820 MHz, 13365 MHz, 47
2026/09/24 06:29:09.897, 1, 44 %, 83360 MiB, 228.68 W, 2835 MHz, 13365 MHz, 45
2026/09/24 06:29:10.148, 0, 42 %, 86944 MiB, 204.13 W, 2827 MHz, 13365 MHz, 46
2026/09/24 06:29:10.149, 1, 44 %, 83360 MiB, 229.06 W, 2835 MHz, 13365 MHz, 46
2026/09/24 06:29:10.399, 0, 42 %, 86944 MiB, 204.13 W, 2827 MHz, 13365 MHz, 46
2026/09/24 06:29:10.399, 1, 44 %, 83360 MiB, 229.06 W, 2835 MHz, 13365 MHz, 46
2026/09/24 06:29:10.649, 0, 42 %, 86944 MiB, 216.87 W, 2827 MHz, 13365 MHz, 47
2026/09/24 06:29:10.649, 1, 45 %, 83360 MiB, 226.60 W, 2835 MHz, 13365 MHz, 45
2026/09/24 06:29:10.899, 0, 42 %, 86944 MiB, 216.87 W, 2827 MHz, 13365 MHz, 47
2026/09/24 06:29:10.899, 1, 45 %, 83360 MiB, 226.60 W, 2835 MHz, 13365 MHz, 45
2026/09/24 06:29:11.149, 0, 42 %, 86944 MiB, 216.50 W, 2827 MHz, 13365 MHz, 47
2026/09/24 06:29:11.149, 1, 45 %, 83360 MiB, 227.82 W, 2835 MHz, 13365 MHz, 45
2026/09/24 06:29:11.400, 0, 42 %, 86944 MiB, 216.50 W, 2827 MHz, 13365 MHz, 47
2026/09/24 06:29:11.400, 1, 45 %, 83360 MiB, 227.82 W, 2835 MHz, 13365 MHz, 45
2026/09/24 06:29:11.650, 0, 41 %, 86944 MiB, 218.19 W, 2820 MHz, 13365 MHz, 47
2026/09/24 06:29:11.650, 1, 46 %, 83360 MiB, 229.36 W, 2835 MHz, 13365 MHz, 45
2026/09/24 06:29:11.900, 0, 41 %, 86944 MiB, 218.19 W, 2820 MHz, 13365 MHz, 47
2026/09/24 06:29:11.900, 1, 46 %, 83360 MiB, 229.36 W, 2835 MHz, 13365 MHz, 45
2026/09/24 06:29:12.150, 0, 41 %, 86944 MiB, 214.99 W, 2827 MHz, 13365 MHz, 46
2026/09/24 06:29:12.150, 1, 46 %, 83360 MiB, 229.82 W, 2835 MHz, 13365 MHz, 46
2026/09/24 06:29:12.401, 0, 41 %, 86944 MiB, 214.99 W, 2827 MHz, 13365 MHz, 46
2026/09/24 06:29:12.401, 1, 46 %, 83360 MiB, 229.82 W, 2835 MHz, 13365 MHz, 46
2026/09/24 06:29:12.651, 0, 42 %, 86944 MiB, 215.89 W, 2820 MHz, 13365 MHz, 48
2026/09/24 06:29:12.651, 1, 45 %, 83360 MiB, 228.91 W, 2835 MHz, 13365 MHz, 45
2026/09/24 06:29:12.902, 0, 42 %, 86944 MiB, 215.89 W, 2820 MHz, 13365 MHz, 48
2026/09/24 06:29:12.902, 1, 45 %, 83360 MiB, 228.91 W, 2835 MHz, 13365 MHz, 45
2026/09/24 06:29:13.152, 0, 42 %, 86944 MiB, 213.60 W, 2827 MHz, 13365 MHz, 46
2026/09/24 06:29:13.152, 1, 45 %, 83360 MiB, 229.38 W, 2835 MHz, 13365 MHz, 46
2026/09/24 06:29:13.402, 0, 42 %, 86944 MiB, 213.60 W, 2827 MHz, 13365 MHz, 46
2026/09/24 06:29:13.402, 1, 45 %, 83360 MiB, 229.38 W, 2835 MHz, 13365 MHz, 46
2026/09/24 06:29:13.652, 0, 41 %, 86944 MiB, 215.77 W, 2827 MHz, 13365 MHz, 47
2026/09/24 06:29:13.652, 1, 45 %, 83360 MiB, 228.63 W, 2835 MHz, 13365 MHz, 45
2026/09/24 06:29:13.903, 0, 41 %, 86944 MiB, 215.77 W, 2827 MHz, 13365 MHz, 47
2026/09/24 06:29:13.903, 1, 45 %, 83360 MiB, 228.63 W, 2835 MHz, 13365 MHz, 45
2026/09/24 06:29:14.153, 0, 41 %, 86944 MiB, 215.47 W, 2820 MHz, 13365 MHz, 47
2026/09/24 06:29:14.153, 1, 45 %, 83360 MiB, 231.79 W, 2835 MHz, 13365 MHz, 46
2026/09/24 06:29:14.403, 0, 41 %, 86944 MiB, 215.47 W, 2820 MHz, 13365 MHz, 47
2026/09/24 06:29:14.403, 1, 45 %, 83360 MiB, 231.79 W, 2835 MHz, 13365 MHz, 46
2026/09/24 06:29:14.653, 0, 42 %, 86944 MiB, 215.51 W, 2827 MHz, 13365 MHz, 47
2026/09/24 06:29:14.654, 1, 45 %, 83360 MiB, 227.79 W, 2835 MHz, 13365 MHz, 46
2026/09/24 06:29:14.904, 0, 42 %, 86944 MiB, 215.51 W, 2827 MHz, 13365 MHz, 47
2026/09/24 06:29:14.904, 1, 45 %, 83360 MiB, 227.79 W, 2835 MHz, 13365 MHz, 46
2026/09/24 06:29:15.154, 0, 42 %, 86944 MiB, 216.04 W, 2827 MHz, 13365 MHz, 47
2026/09/24 06:29:15.154, 1, 45 %, 83360 MiB, 229.18 W, 2835 MHz, 13365 MHz, 45
2026/09/24 06:29:15.404, 0, 42 %, 86944 MiB, 216.04 W, 2827 MHz, 13365 MHz, 47
2026/09/24 06:29:15.405, 1, 45 %, 83360 MiB, 229.18 W, 2835 MHz, 13365 MHz, 45
2026/09/24 06:29:15.657, 0, 42 %, 86944 MiB, 215.55 W, 2827 MHz, 13365 MHz, 47
2026/09/24 06:29:15.657, 1, 45 %, 83360 MiB, 233.99 W, 2835 MHz, 13365 MHz, 46
2026/09/24 06:29:15.908, 0, 42 %, 86944 MiB, 215.55 W, 2827 MHz, 13365 MHz, 47
2026/09/24 06:29:15.908, 1, 45 %, 83360 MiB, 233.99 W, 2835 MHz, 13365 MHz, 46
2026/09/24 06:29:16.158, 0, 42 %, 86944 MiB, 216.36 W, 2827 MHz, 13365 MHz, 47
2026/09/24 06:29:16.158, 1, 45 %, 83360 MiB, 228.33 W, 2835 MHz, 13365 MHz, 46
