506
236761
107
236764
1018
236772
496
568
108
236779
529
5213
236829
531
563
139
236743
53121
623
532
236778
1109
236775
236787
236768
236771
140
236770
2165
573
236929
10354
528
236812
669
236800
818
625
580
106
144
236786
600
769
236751
236909
578
618
621
7243
659
236789
653
236828
611
138
236769
715
1174
699
822
684
236783
657
808
1030
607
1480
1184
2028
236825
236810
1494
672
642
236744
3511
236793
148
236795
1133
236792
1017
779
609
236745
84750
833
1131
740
236782
6571
1590
236759
236760
3530
45518
614
101
236813
1473
577
3393
2717
236781
236842
1126
1262
735
1239
1298
1061
4077
13179
1082
14384
3847
1816
562
1509
99382
62902
236757
874
855
21739
1637
901
1135
1437
4403
12323
236840
900
1217
125546
236774
1813
2595
66515
236819
5724
6509
8347
840
2021
5282
9533
711
1534
837
1458
1921
236767
626
522
965
22591
919
1699
15168
1005
1607
236780
100
870
236749
236753
236788
3463
8291
8468
18186
7723
2634
8330
1156
1781
3161
236832
768
1651
5559
39937
236766
1345
8369
14628
18710
1024
3763
4681
7728
32050
236746
236747
236820
1883
2094
152
815
886
5862
236806
236809
584
1401
753
784
810
3187
4122
4629
36492
236776
1343
3355
1071
1086
1547
5905
21233
22515
1418
3503
236798
236799
236811
517
872
1161
34711
237028
799
1854
7157
538
691
1638
861
1091
236935
1390
5433
725
2455
1657
564
1202
1708
1913
2074
3958
9430
15612
22202
25252
236865
545
692
877
2180
2195
5330
236797
236855
1523
1626
1806
2473
10824
565
825
1370
2444
13217
990
1440
2479
2721
22413
1546
1951
2148
3921
5909
8726
12498
25890
81824
504
603
1056
1773
3418
3896
3996
6352
11834
40530
902
2289
2859
5333
32677
827
1010
1346
1508
2129
3825
4063
4319
5904
8687
9483
13142
54369
742
856
1063
1171
1623
1679
5402
8688
29179
57484
132182
1373
1516
2307
4728
5325
12566
20974
236884
1144
1714
1873
2214
2282
2958
5140
5349
6910
8797
13315
37868
236756
524
640
854
1186
2918
3061
5700
12655
14004
21417
51534
99161
236784
520
566
910
2827
3275
5387
31044
53350
104091
236823
50
1048
1164
1269
1386
1938
3904
4038
4204
6049
6518
7501
7650
29089
56198
236773
500
645
655
681
1032
1292
2098
2157
2182
2708
2778
3143
4981
7669
10660
12489
16333
236755
667
1903
1908
2109
2228
2760
3165
3797
3914
4251
6639
12627
18833
19656
20442
43986
981
1366
2430
2587
2608
2834
3217
3707
3938
28962
236847
236862
236908
236917
1594
1786
1930
2016
2425
2557
8358
11802
20050
24365
494
559
1456
1677
1680
1844
1852
2847
3050
3729
3736
3761
4323
5065
6749
8583
8922
12362
13884
28507
53255
59395
64997
236763
49
1083
1385
1944
2192
2744
5734
9603
15004
30502
236858
237366
620
646
1251
1548
1581
1689
1694
2372
3103
3643
6178
9340
19171
31035
52025
76381
77670
182377
236796
48
495
518
544
834
964
1374
1599
1759
2203
3026
3336
3350
4133
4420
4806
5659
6060
7087
8792
12262
236750
885
1076
1460
1595
1701
3469
4248
4458
4819
4968
5074
5420
6131
6890
9168
15276
18510
236794
236881
509
795
823
1114
1191
1354
1551
1646
1845
2003
4146
4249
4368
5953
5978
6078
6113
9299
11848
19072
27288
39036
527
555
720
951
1183
1265
1461
1800
2121
2342
2578
3364
3456
3495
3527
4448
4654
6381
6675
10445
10678
11442
13049
13757
15493
17605
23465
47149
57137
236754
236814
498
847
969
1093
1299
1340
1408
1734
1874
2312
2321
2598
2742
2865
2979
3149
3567
3715
3951
5467
5941
6145
6274
7350
8299
10181
11497
12539
15864
18088
35813
62385
92560
97888
102768
236752
236791
633
776
858
974
1208
1929
3043
3121
3328
3719
4547
5671
6161
6775
7234
7659
7850
8487
11355
13215
16720
22606
24905
24968
36520
39961
52277
82839
236758
558
912
1123
1205
1411
1443
1663
1890
2036
2086
2283
2426
2536
2727
2864
3550
3622
3753
3841
4503
4815
4943
5296
5450
5585
6373
6555
6719
6803
6875
8968
10916
13029
13238
15385
19791
20269
27322
28002
64425
112517
503
543
547
619
1003
1586
1604
2002
2050
2222
2263
2574
2678
2690
3225
4313
4883
5577
5663
6654
6655
6796
7718
8800
11661
12316
14860
15166
16787
17354
18222
43999
49396
62840
587
593
954
1502
1527
1662
1788
1904
2124
2543
2640
3453
3466
3487
3637
3731
3738
3967
4022
4592
5022
5088
6425
6759
8205
8633
9190
11402
12251
12881
16383
16694
19945
22360
29756
54198
118418
236940
507
630
973
993
1027
1138
1223
1601
2100
2104
2205
2514
3004
3553
3627
3742
4532
4565
5158
5441
7474
7710
7918
8575
8960
8974
10434
10630
11130
11319
12502
13833
15323
16187
18557
20624
26951
36468
36852
47223
48578
49321
58972
64255
86072
154864
540
643
698
721
997
1392
1447
1537
1606
1724
1751
2014
2088
2344
2495
2507
2653
3041
3494
3718
3861
4172
4671
4735
5743
6350
7179
7296
7843
7921
8370
9245
9439
10616
10861
11295
12123
12205
13510
13513
14485
15669
15858
16775
16783
17096
21942
24576
27857
36957
47133
48593
75007
129487
236777
236824
236888
497
535
536
622
639
682
859
992
1256
1550
1676
1804
2060
2101
2330
2337
2456
2558
2631
3213
3255
3291
3606
3723
3866
4060
4083
4338
5192
5690
6330
6360
6672
7216
7627
7913
8344
9282
11172
12093
13653
15605
17263
18270
18441
18886
18922
19639
21706
26379
26808
29428
55822
66831
67969
69553
71293
105527
107018
140930
208253
513
560
665
751
774
975
1134
1420
1477
1894
1984
2064
2311
2352
2374
2819
2861
3016
3158
3590
3629
3671
3801
3997
4260
4868
4954
5205
5596
5633
5646
5715
6237
6471
6868
7623
8143
8409
9935
11020
11243
12461
12496
13739
14525
14736
15316
17240
17574
21965
32663
42195
52236
92474
156802
212922
236765
236836
511
525
736
782
828
838
1531
1587
1811
2066
2264
2301
2401
2490
2586
2601
2820
3752
3874
4209
4453
4615
4781
4874
5062
5181
5396
5754
6268
6541
6829
7140
7674
8744
9414
9427
9855
10081
10241
10633
11082
12751
13471
13842
15059
15195
15340
16737
17234
18139
18179
22736
23130
24211
25772
26856
27864
30121
31836
31846
32061
33036
34428
38905
42065
51054
62632
63288
88763
103157
108176
123477
150440
203927
502
515
519
549
569
570
624
637
756
897
1163
1194
1276
1288
1293
1387
1415
1660
1987
2433
2462
2644
2780
2802
2866
3153
3246
3282
3546
3582
3618
3638
3711
3768
3843
3910
4065
4127
4474
4521
4568
4688
4710
5052
5099
5103
5127
5238
5268
5335
5411
5612
5886
5944
6035
6112
6436
6492
6678
7100
7266
7274
7291
7313
7609
7689
7737
7945
8009
8859
9825
10471
10634
11345
11707
11808
13718
13818
14150
15005
15570
15638
16769
17746
17752
19707
23358
23906
26432
26943
27390
28062
31097
33828
34256
42478
43081
43258
56972
71107
75420
103057
149681
548
590
716
878
976
994
1021
1149
1289
1388
1398
1455
1492
1603
1619
1855
2084
2212
2246
2440
2619
2633
2782
2882
3075
3107
3202
3241
3342
3361
3402
3426
3771
3796
3885
3890
3991
4044
4116
4192
4241
4253
4820
4850
4861
4888
5415
6097
6137
6310
6498
6778
6867
7090
7107
7351
7368
7606
8858
9179
9286
9551
9831
10167
10795
11362
11649
11949
12774
13254
14533
15331
16412
16763
16977
17648
17718
18060
18844
19993
20752
20756
20852
22267
23420
25568
25843
26054
26968
28399
31385
32936
41099
42301
47910
57315
60220
77891
78200
87905
94028
94435
103416
105784
216613
231017
236880
236964
605
1564
1749
1763
1765
1769
1966
1977
1982
2132
2174
2269
2292
2324
2335
2404
2551
2668
2793
2807
2928
3112
3323
3398
3449
3677
3959
4218
4256
4266
4430
4512
4890
5028
5280
5285
5354
5370
5464
5783
5830
5872
6190
6354
6366
6596
6907
6953
7395
7462
7559
7768
8637
8818
8827
9113
9258
9798
10352
10809
10828
11001
11252
11302
11825
11974
12308
13321
14347
14456
15218
15396
15633
16215
16602
16683
18371
18998
19904
20881
21439
21777
22313
23077
23442
29403
29722
30365
31300
32618
32761
33556
33652
40442
41973
42155
42674
67831
86313
88477
89959
104589
110081
115230
115888
119542
122765
126209
145300
147121
178739
193648
236762
505
510
534
567
598
602
613
675
712
811
884
893
1000
1201
1463
1496
1518
1618
1722
1757
1895
1899
1967
2343
2754
2768
2812
2822
2897
2980
3048
3136
3182
3199
3298
3464
3800
3927
4040
4144
4185
4301
4360
4400
4595
4716
4762
4771
4885
4903
4926
5057
5098
5111
5228
5267
5483
5721
6265
6338
6458
6641
6799
7121
7211
7217
7444
7600
8427
8813
8881
9043
9553
9567
9731
9873
9920
10134
10385
10512
10907
10957
11195
11273
11463
11550
11644
12032
12040
12092
12203
12229
12234
12284
12464
12804
13324
13627
14777
14946
15233
16070
16712
16807
17043
17977
18481
18567
19323
19455
19511
20303
21108
21132
21982
22980
23093
25010
25093
25228
25348
26446
27634
27915
28436
29164
29337
30141
37223
38730
40121
50698
50914
52717
53575
54557
54744
62606
64253
65448
68378
69473
72554
84953
100568
106430
126112
132066
143542
151202
199058
215369
207
533
546
644
649
680
766
1023
1043
1090
1179
1257
1451
1684
1712
1900
1933
1996
1999
2080
2143
2145
2172
2201
2217
2238
2351
2454
2483
2542
2591
2779
2857
2872
2907
2998
3117
3243
3269
3305
3360
3425
3490
3548
3732
3739
3788
3863
3947
4006
4078
4113
4187
4196
4383
4398
4446
4610
4721
4795
4796
4886
4912
4970
5001
5710
5745
6029
6230
6294
6347
6658
6751
6842
6915
6927
6985
7129
7545
7578
7628
8134
8290
8395
8407
8499
8514
8540
8721
8729
8781
8948
9009
9181
9250
9338
9454
9529
9607
9740
9866
9911
9960
10139
10263
10282
10739
11441
11480
11725
11863
12732
13205
13376
13592
13863
14272
14889
14938
15335
15462
15468
15544
15649
16110
16433
16733
16812
18224
18276
18359
18761
19079
19609
20074
21910
22160
22426
22429
22926
24084
24355
25864
25869
26286
26834
27364
28824
29340
30235
30341
30726
31878
31983
32136
33744
33895
36371
37019
37615
38038
40095
41959
47300
50772
51880
53228
53493
60865
61554
62462
64340
64972
65284
66582
78885
83532
86050
91334
107055
107732
110506
114047
123281
131022
138229
146578
157036
210423
219220
230431
508
552
693
801
809
817
831
841
850
1070
1101
1168
1229
1302
1314
1363
1407
1591
1791
1805
1887
1927
1932
2160
2164
2256
2299
2390
2427
2487
2500
2552
2566
2694
2752
2881
2886
2900
3008
3245
3292
3499
3507
3541
3572
3600
3635
3730
3759
3826
3845
3853
4140
4180
4206
4454
4502
4606
4661
4719
4849
4940
4991
5117
5132
5221
5385
5471
5510
5588
5683
5716
5774
5809
5813
5985
6005
6077
6317
6562
6684
6858
6895
6962
7002
7102
7178
7212
7235
7303
7412
7445
7620
7685
7732
7741
7751
7847
8091
8233
8323
8645
8719
8739
8784
9028
9130
9139
9173
9395
9463
9622
9690
9918
9939
10166
10318
10456
10542
10625
10728
10996
11096
11250
11269
11554
11716
11747
12027
12167
12364
12392
12434
12551
12703
12730
13000
13214
13883
14260
14820
14900
14929
14988
15297
15453
15740
15779
16505
16887
17115
17269
17366
17650
18362
19112
19461
19896
20073
20124
20976
21255
21877
22112
22616
22747
23157
23378
23497
23587
24403
24449
24519
24671
25085
25480
25725
25774
26172
26272
26314
27104
27629
28472
28707
29193
29535
31139
32236
33358
35699
37030
37031
39316
39559
42482
44623
44904
47875
50650
53970
54238
55205
58450
59740
60432
61343
61808
65794
68428
69262
69534
72471
77387
79105
80293
80394
82442
85858
92875
93989
99634
100907
102676
102735
105040
111359
112168
114999
127532
127876
131846
155192
162560
171879
221048
221214
236785
610
627
663
749
765
887
958
984
991
1072
1159
1258
1308
1356
1526
1702
1719
1774
1807
1942
1972
2171
2177
2305
2326
2411
2432
2478
2541
2651
2675
2697
2876
2956
2977
3072
3092
3131
3196
3204
3278
3303
3549
3574
3577
3624
3670
3689
3710
3735
3949
4223
4314
4354
4375
4396
4605
4709
4782
4784
4889
5034
5151
5203
5206
5265
5284
5442
5532
5536
5571
5583
5699
5742
5825
5829
5889
6114
6157
6212
6219
6383
6478
6576
6585
6800
6950
7280
7283
7310
7410
7413
7488
7562
7632
7714
7797
7798
7803
7808
7835
7937
7948
8123
8150
8289
8296
8417
8554
8585
8970
9095
9108
9199
9264
9313
9688
9800
9890
9896
10040
10050
10055
10212
10390
10522
10847
10867
10896
11032
11180
11299
11449
11459
11646
11724
11786
12367
12532
12567
12939
12977
13186
13271
13317
13380
13601
13603
13679
13769
13889
13981
14019
14980
15033
15098
15106
15242
15298
15724
16080
16217
16349
16417
16586
16688
16784
17149
17160
17222
17300
17390
17690
17934
17982
18039
18428
18756
18899
19137
19521
20045
20129
20133
20235
20511
20805
20838
21064
21153
21183
21234
22051
22141
22454
22798
22953
23037
23198
23227
23257
23897
24093
24177
24976
25883
25938
26002
26182
26310
26623
27388
27525
27562
27743
28092
28250
29067
29436
30708
31363
32107
32377
32542
33663
34352
34438
34659
34818
35265
36326
36865
36878
36993
37163
40137
40262
41209
42187
42352
43279
43645
45944
46425
49087
49326
51474
51958
53022
54513
58477
58680
61077
62478
66737
67655
67843
70687
72174
74967
75777
77788
77921
83342
90104
90987
94986
96205
96814
97570
101853
101921
105702
106537
112501
113188
117845
120438
125466
131828
133066
139532
141593
145435
149715
150294
156940
165996
170271
171917
180479
181188
183660
198824
200598
236804
142
156
585
586
708
730
746
780
845
851
866
894
1008
1078
1080
1169
1254
1263
1275
1280
1296
1307
1331
1406
1425
1479
1624
1652
1799
1834
1846
1859
1884
2139
2154
2173
2255
2258
2328
2354
2371
2480
2482
2517
2561
2568
2593
2597
2638
2643
2689
2707
2787
2917
2939
2970
2978
3056
3104
3141
3250
3283
3321
3363
3413
3465
3603
3656
3834
3943
3955
4012
4024
4068
4071
4106
4153
4275
4341
4361
4402
4424
4463
4515
4576
4674
4691
4722
4740
4744
4773
4865
4957
4973
5058
5059
5121
5149
5173
5315
5368
5453
5455
5524
5542
5705
5756
5776
5827
5939
5959
6013
6054
6061
6102
6182
6224
6250
6280
6284
6299
6412
6439
6485
6530
6573
6581
6630
6648
6721
6818
7016
7075
7117
7166
7237
7257
7263
7321
7405
7607
7613
7616
7666
7703
7860
7868
8052
8110
8214
8242
8355
8433
8476
8534
8567
8601
8610
8628
8651
8798
9004
9082
9097
9206
9341
9363
9495
9600
9703
9792
9883
9948
10065
10176
10231
10340
10401
10428
10474
10534
10603
10860
10981
11117
11139
11141
11242
11298
11363
11665
11688
11713
11813
11906
11918
12059
12096
12279
12309
12329
12553
12747
12808
12809
12989
13064
13275
13288
13336
13363
13571
13582
13610
13631
13768
13973
14139
14170
14491
14686
14722
14741
14787
14855
14955
14958
15040
15370
15435
15443
15523
15543
15959
16023
16064
16239
16255
16496
16647
16731
17253
17507
17868
17927
18188
18256
18330
18661
18738
18997
19120
19180
19246
19326
19544
19621
19874
19877
20148
20150
20154
20226
20340
20524
20836
20885
21072
21105
21238
21424
22293
22680
23003
23248
23367
23454
23469
23590
23717
23902
24259
24637
24700
24825
24960
25380
25584
25611
25716
25870
25903
26407
26870
26935
26978
28231
28381
29106
29262
29426
29645
29837
30182
30449
30998
31158
32213
32973
33170
33186
34108
34467
34516
34561
35163
35275
36114
37608
37657
38357
39300
39332
40323
41080
41778
41825
41833
42062
42636
43618
44030
44362
45898
46535
47480
47949
49308
50697
51836
52202
52725
52776
53242
53326
53595
53767
53892
54686
55748
56756
56918
57583
61123
62571
64663
66729
67397
69038
69082
70895
72061
76637
76790
78640
78822
78875
78890
79463
80497
80510
81934
83563
85737
90510
92079
94606
96305
102489
104704
106703
107405
110073
110254
117459
117947
118537
119245
125953
127517
134632
137481
137493
139314
141023
150131
150537
153269
158718
160295
161414
166977
167043
202816
205944
208889
210740
232011
141
514
553
695
767
770
775
804
835
914
939
961
1053
1074
1094
1170
1255
1281
1294
1352
1375
1391
1416
1476
1505
1520
1535
1569
1571
1580
1682
1698
1717
1822
1847
1861
1868
1941
1952
2011
2063
2092
2147
2196
2204
2240
2261
2353
2364
2460
2471
2497
2677
2805
2831
2846
2913
2949
2953
2963
3091
3097
3195
3223
3287
3406
3433
3435
3439
3540
3649
3662
3746
3755
3762
3774
3784
3892
3919
3956
3980
4002
4008
4011
4041
4110
4128
4186
4287
4326
4348
4407
4445
4459
4464
4508
4652
4657
4664
4764
4870
4928
4949
5012
5113
5139
5143
5225
5252
5271
5281
5346
5440
5482
5495
5507
5590
5603
5661
5702
5708
5843
5853
6084
6208
6217
6374
6440
6449
6549
6567
6784
6794
6974
6984
7028
7080
7084
7109
7253
7298
7319
7419
7508
7516
7566
7592
7671
7715
7719
7828
7936
8080
8097
8180
8208
8314
8321
8341
8385
8403
8438
8494
8537
8632
8722
8724
8891
8905
8912
8990
9150
9207
9255
9485
9496
9711
9793
9834
9857
9875
9885
9900
9958
10027
10202
10206
10253
10338
10448
10518
10594
10654
10936
11047
11069
11105
11245
11325
11374
11462
11734
11830
11893
11936
12090
12214
12247
12713
12765
12773
12828
13018
13448
13455
13469
13668
13856
13916
14254
14415
14581
14611
14691
14696
14845
14935
14947
14989
15092
15103
15232
15241
15249
15292
15332
15412
15560
15579
15737
15808
15898
15905
15920
15962
15995
16071
16074
16154
16175
16182
16204
16273
16529
16575
16813
16828
17194
17221
17230
17243
17295
17324
17423
17477
17481
17503
17538
17630
17661
17707
17734
18016
18407
18932
19057
19165
19179
19276
19401
19412
19448
19482
19541
19592
19636
19649
20170
20284
20387
20635
20638
20879
20945
21016
21222
21314
21338
21459
21500
21558
21579
21638
21648
21705
22072
22224
22435
22656
22743
22988
23076
23170
23535
23669
23704
23892
23924
23949
24452
24482
24565
24802
24874
24943
25282
25411
25780
26203
26354
26579
26588
26719
26876
27520
27592
27617
27621
27750
27773
28402
28536
28561
28611
28671
28699
28773
28789
29302
29590
29892
29893
29972
30237
30297
30839
31234
31880
31937
32115
32177
32237
32651
32839
33513
33548
33698
34016
34115
34949
35267
35594
35634
35809
35879
35886
36325
36344
36425
36630
36643
36876
36887
37073
37974
38464
38556
38649
38738
39385
39486
39760
39888
40309
40574
41317
42201
42452
42841
43140
43507
43762
45287
46089
46235
47304
47708
47896
47939
48429
48573
48745
49294
49405
50327
50916
51995
52335
52523
53357
53377
54133
54367
54554
54565
55975
56293
56489
56758
56856
57960
58448
59638
60039
60359
61232
61569
62417
62873
63449
64238
66210
66251
66471
66486
67371
68105
68376
68558
68745
71330
72284
72740
72769
76557
76881
77926
79635
81209
84967
86603
87121
87228
88293
91798
96928
98188
102487
104351
106580
110344
111038
113017
115239
120060
125627
127081
130666
132617
133499
134811
141200
143746
144492
145163
145843
145971
150521
158740
162459
162935
163850
166062
166351
175354
177443
184202
191979
194618
195561
195802
204696
213476
218305
219045
225266
230058
236157
521
561
594
597
606
688
705
722
723
773
781
842
864
865
949
1089
1148
1166
1190
1192
1237
1244
1277
1282
1335
1353
1364
1389
1399
1465
1489
1500
1519
1528
1574
1695
1707
1718
1721
1738
1756
1768
1780
1783
2039
2056
2068
2135
2138
2149
2179
2267
2268
2325
2378
2383
2457
2509
2523
2540
2544
2604
2630
2683
2763
2843
2844
2849
2887
2921
2930
2952
2981
3014
3028
3038
3124
3171
3209
3262
3265
3334
3345
3354
3387
3399
3423
3496
3497
3538
3620
3626
3645
3697
3750
3790
3869
3901
3906
3909
3946
3952
3988
3993
4020
4033
4070
4087
4184
4191
4308
4342
4447
4611
4907
4921
4934
4959
4961
4977
5032
5039
5089
5094
5125
5227
5261
5312
5357
5378
5383
5384
5393
5405
5416
5427
5439
5456
5469
5490
5505
5521
5548
5610
5644
5676
5712
5924
5957
6095
6133
6216
6261
6340
6356
6375
6457
6484
6590
6605
6606
6608
6613
6623
6717
6725
6757
6811
6850
6921
6980
6983
7005
7014
7041
7046
7057
7066
7068
7081
7118
7221
7225
7226
7284
7338
7377
7399
7483
7493
7499
7535
7572
7618
7712
7738
7750
7757
7795
7853
7866
7879
7996
8017
8028
8231
8274
8398
8410
8411
8424
8471
8495
8506
8600
8683
8689
8701
8770
8777
8847
8862
8913
8916
8932
8985
9008
9023
9025
9057
9069
9093
9265
9272
9279
9309
9310
9314
9512
9542
9576
9657
9697
9705
9743
9783
9815
9824
9862
9914
9963
10024
10077
10085
10092
10128
10204
10205
10252
10321
10382
10479
10483
10681
10734
10741
10750
10769
10797
10835
10884
10895
10911
11044
11059
11068
11072
11089
11162
11167
11202
11205
11207
11233
11249
11264
11272
11287
11387
11409
11519
11531
11628
11652
11679
11905
12062
12136
12154
12207
12402
12483
12579
12693
12740
12806
12853
12871
12969
13111
13140
13198
13199
13207
13267
13272
13323
13401
13403
13474
13526
13552
13587
13719
13720
13832
13854
14168
14253
14273
14416
14616
14846
14906
14968
15028
15104
15282
15419
15440
15512
15595
15642
15683
15948
15955
15965
16266
16317
16374
16492
16596
16614
16625
16661
16852
16901
16959
16970
17224
17238
17887
18046
18070
18196
18271
18324
18365
18439
18505
18531
18670
18753
19032
19205
19222
19227
19301
19331
19360
19505
19839
19920
20038
20256
20446
20723
20811
20890
20934
21175
21309
21519
21566
21643
21649
21713
21723
21727
21949
22014
22223
22290
22297
22330
22414
22441
22526
22536
22615
22694
22697
22793
22894
22899
23046
23200
23326
23491
23611
23695
23757
23809
24118
24142
24240
24261
24391
24469
24744
24786
24835
24990
25017
25027
25373
25521
25677
25735
25971
26210
26333
26430
26469
26514
26584
26661
26847
26912
26959
28040
28237
28307
28364
28431
28476
28606
28612
28619
28855
29138
29176
29446
30122
30493
30591
30636
30692
30705
30731
30794
30846
31030
31085
31145
31164
31213
31359
31652
31861
31871
32069
32366
32407
32461
32646
32675
32680
33050
33132
33142
33786
33909
34085
34149
34190
34199
34356
34474
34871
34982
34986
35440
35447
35653
35719
35990
36041
36225
36345
36353
36369
36526
36662
36733
36767
37115
37408
37521
37568
37598
38168
38333
38430
38822
39160
39244
39247
39252
39460
39564
39604
39633
39799
40170
40181
40279
40591
40620
40725
40826
41111
41123
41276
41444
42085
42086
42182
42298
42337
42802
42958
42971
43355
43873
44606
44630
44975
45273
45796
46400
46599
46714
47424
47764
48412
49549
49598
49751
50171
50422
50522
50537
51581
51714
51942
52447
52768
53338
53528
54040
54266
54353
54358
54809
55084
55163
55444
55549
56675
56986
57939
58089
58228
58556
58591
59654
59950
60176
60527
60548
60581
61198
61220
61807
61836
62382
62895
63072
63381
64004
65105
67234
67339
67829
68034
68897
69281
69759
70886
71209
71499
71524
72375
72655
73388
73962
74305
74850
75118
75858
76423
76503
77854
78019
78333
78498
78708
79550
80563
80636
80864
81014
82215
82879
83687
86047
86248
86286
86562
89051
89782
90329
90420
91084
93460
94445
94873
95387
97895
98230
98269
98425
98879
102372
102637
102924
103589
103844
104054
104254
105745
106284
107876
109629
110488
111457
112239
112242
112994
113981
114475
118658
127669
128758
129913
132474
132674
137996
138163
138815
138901
140387
142090
142238
145636
146430
147001
147291
147376
148084
148305
150729
151359
151986
154550
155962
156318
157934
159794
167161
169918
170826
171067
171194
171451
171455
173459
174547
175110
176590
178899
181473
191401
192174
193644
195344
196439
198504
204346
205053
205722
211438
212169
214936
215302
222935
233326
234769
236995
240732
501
516
526
537
575
576
582
583
612
616
617
638
652
661
668
714
733
762
786
787
791
802
898
908
1015
1016
1042
1045
1051
1105
1111
1118
1136
1140
1178
1236
1264
1286
1368
1404
1419
1439
1457
1478
1493
1540
1565
1589
1643
1670
1683
1745
1782
1801
1830
1865
1867
1902
1909
1998
2005
2020
2072
2085
2087
2108
2202
2235
2253
2260
2266
2294
2297
2338
2350
2393
2394
2416
2434
2448
2451
2501
2519
2555
2583
2613
2617
2649
2661
2662
2711
2731
2788
2791
2854
2870
2883
2926
2934
2948
2974
2996
3018
3019
3051
3063
3068
3120
3135
3189
3198
3205
3218
3325
3357
3359
3366
3397
3432
3472
3473
3484
3485
3493
3516
3579
3651
3658
3678
3695
3701
3725
3727
3756
3798
3823
3831
3849
3852
3859
3877
3883
3898
3917
3957
3970
4076
4100
4102
4108
4131
4135
4152
4182
4199
4210
4217
4258
4290
4299
4406
4470
4471
4481
4490
4491
4540
4557
4563
4583
4643
4682
4713
4720
4745
4749
4792
4803
4813
4855
4875
4876
4920
4923
4945
5017
5044
5093
5122
5131
5135
5141
5142
5180
5194
5215
5226
5249
5262
5273
5313
5347
5418
5428
5445
5498
5535
5540
5561
5566
5576
5587
5602
5618
5622
5628
5641
5686
5739
5777
5780
5803
5841
5851
5884
5890
5899
5906
5908
5911
5929
5933
5950
6063
6076
6081
6154
6160
6174
6185
6211
6220
6236
6253
6262
6269
6312
6329
6367
6459
6475
6494
6516
6517
6524
6531
6568
6582
6611
6651
6666
6667
6697
6745
6762
6845
6848
6899
6940
6966
6990
6995
7065
7070
7132
7146
7162
7163
7200
7231
7232
7240
7275
7286
7315
7365
7382
7391
7426
7438
7441
7489
7509
7510
7513
7519
7539
7546
7619
7675
7686
7875
7902
7906
7910
7924
7949
7993
8038
8065
8099
8101
8215
8230
8236
8254
8270
8318
8322
8345
8357
8428
8465
8482
8512
8535
8544
8556
8565
8589
8646
8652
8720
8782
8823
8844
8890
8999
9017
9038
9050
9127
9161
9171
9228
9254
9311
9336
9346
9385
9390
9413
9462
9470
9501
9504
9560
9562
9595
9617
9619
9661
9715
9779
9796
9886
9892
9944
9945
9949
9980
10089
10150
10201
10240
10270
10298
10336
10356
10396
10418
10438
10508
10541
10602
10639
10640
10694
10730
10742
10781
10799
10800
10814
10820
10825
10851
10852
10855
10864
10913
10929
10945
10952
11008
11104
11152
11184
11247
11263
11306
11318
11332
11356
11371
11379
11411
11425
11448
11572
11584
11609
11618
11639
11657
11694
11711
11739
11749
11803
11844
11910
11930
11995
12016
12038
12129
12130
12155
12209
12263
12266
12267
12270
12324
12356
12357
12458
12466
12471
12505
12512
12529
12612
12625
12630
12668
12672
12692
12763
12801
12861
12862
12888
13009
13035
13065
13068
13074
13157
13176
13237
13258
13304
13333
13375
13393
13445
13451
13606
13611
13612
13637
13705
13707
13752
13758
13799
13805
13822
13862
13952
14000
14020
14042
14063
14102
14105
14120
14161
14176
14208
14245
14317
14447
14450
14453
14500
14503
14526
14529
14543
14558
14608
14658
14701
14709
14713
14728
14733
14796
14810
14922
15021
15029
15074
15080
15110
15127
15139
15174
15207
15246
15313
15404
15428
15509
15517
15538
15559
15569
15632
15635
15656
15706
15819
15830
15834
15897
16124
16151
16227
16228
16305
16329
16358
16405
16439
16454
16502
16545
16559
16587
16603
16679
16710
16716
16788
16795
16811
16907
16932
16979
17046
17047
17154
17167
17312
17348
17495
17499
17539
17561
17570
17700
17726
17755
17856
17865
17900
17911
17936
17983
18030
18035
18068
18074
18220
18318
18461
18487
18532
18558
18782
18807
18855
18865
18905
18911
18944
18988
18999
19005
19015
19049
19080
19170
19372
19549
19578
19635
19655
19679
19788
19804
19830
19908
19997
20008
20028
20115
20321
20360
20373
20395
20433
20504
20523
20550
20579
20619
20647
20746
20795
20825
20845
20954
20958
21034
21055
21096
21136
21160
21245
21334
21403
21496
21864
21885
22044
22047
22053
22113
22258
22373
22458
22503
22625
22768
22934
23073
23191
23288
23415
23475
23485
23521
23673
23718
23766
23770
23771
23988
23993
24060
24121
24137
24250
24282
24333
24335
24412
24421
24435
24640
24688
25098
25115
25232
25289
25309
25333
25465
25591
25834
25847
25931
26005
26010
26020
26106
26162
26267
26527
26581
26626
26638
26666
26813
26890
26917
26946
26949
27077
27180
27349
27475
27480
27521
27552
27590
27594
27612
27732
27928
27938
27980
28150
28155
28174
28229
28282
28350
28374
28405
28463
28501
28546
28554
28566
28714
28755
28830
29081
29141
29184
29298
29368
29459
29472
29513
29633
29820
29963
30016
30091
30388
30539
30554
30568
30611
30690
30746
30822
30927
31037
31060
31078
31093
31135
31150
31236
31314
31342
31373
31632
31650
31814
31921
31954
32114
32169
32180
32489
32581
32596
32873
32955
33004
33005
33093
33351
33437
33582
33832
33835
33844
34167
34211
34297
34635
34888
34917
35129
35211
35559
35680
35734
35848
35917
36240
36284
36477
36522
36593
36623
36628
36764
36819
37081
37088
37226
37231
37327
37504
37588
37724
37827
37845
37967
38036
38073
38109
38161
38179
38180
38216
38356
38408
38530
38610
38706
38893
38974
39202
39217
39285
39353
39403
39447
39728
39794
39877
39964
40092
40390
40424
40827
40901
41193
41213
41468
41489
41536
41549
41831
42554
42800
42985
43313
43335
43468
43687
43703
43763
44113
44170
44185
44187
44505
44526
44928
44986
45147
45190
45493
45891
45925
46002
46048
46218
46302
46420
47128
47374
47491
47616
47722
47746
47770
47785
47937
48068
48299
48447
48670
48835
48868
49045
49082
49101
49145
49170
49276
49529
49822
49832
50144
50384
50432
50611
50901
51062
51128
51139
51257
51505
51511
51613
51692
51749
51919
51935
51994
52115
52210
52306
52322
52404
52417
52628
52852
53131
53335
53400
53552
53699
53889
53925
54068
54405
54453
54534
54550
55191
55366
55658
55673
55733
55857
56297
56359
56435
56900
57180
57259
57569
58071
58895
59025
59034
59162
59461
59660
59698
59736
59928
60056
60423
60906
61242
61827
61949
62115
62227
62454
62577
62668
62695
62847
63240
63311
63695
63702
64241
64608
64744
64745
64980
65383
65931
66712
67478
67573
67901
68981
69104
69198
69280
69458
69489
70149
70731
70797
70899
71178
71212
71275
71926
72152
72320
72533
73093
73919
74279
74343
74361
74855
75063
75642
75663
75669
75716
75720
75738
76374
76509
76865
76886
77340
77687
79101
79428
79597
80062
80224
80747
81047
81226
81286
81909
82162
82502
82678
83122
83850
83928
84438
85005
85073
85531
85549
86079
86182
86463
87469
87708
87717
88437
88906
89357
89504
89761
90060
90434
90970
92292
93275
93420
94845
94887
94907
95204
95228
97094
98962
98964
99057
99082
99174
99242
99540
100146
100335
100415
100713
100798
101327
101474
101478
103766
103824
104127
104755
105001
105367
105835
107959
108978
110970
112079
113341
113607
114699
115447
115457
115716
116589
117189
117281
117724
118087
118291
118857
119444
120570
120848
121019
121129
122398
123313
124061
125894
126402
126476
126521
126532
127297
128251
128282
128418
128688
128810
129102
129749
130550
131673
131945
133378
133580
134030
135192
135453
135778
135940
136759
137032
137572
137794
138903
139884
140733
140780
141210
141657
143060
143137
143492
143817
144828
145554
145561
146446
146540
147798
149674
152884
153025
154578
154858
155613
156416
157358
158743
158944
159074
159652
159742
159967
160424
160829
161573
161617
162205
162248
163765
165453
167691
169828
170358
172566
173632
174429
175460
178243
178380
178996
183803
184042
185398
187427
194387
195392
195601
198784
200478
201213
204458
208309
208310
210868
211339
212044
214135
214716
215821
218121
219259
221583
223196
223328
224833
226154
227102
228176
232657
236802
236874
242523
145
146
147
160
167
499
512
551
574
581
596
601
629
666
671
704
726
738
752
754
757
812
821
824
832
844
869
895
904
913
947
953
972
977
979
986
989
1006
1025
1060
1099
1102
1110
1121
1145
1153
1160
1172
1177
1209
1224
1290
1322
1338
1393
1412
1448
1449
1472
1491
1504
1562
1570
1573
1579
1602
1635
1645
1653
1655
1659
1674
1700
1706
1740
1755
1762
1778
1793
1808
1826
1831
1836
1848
1869
1879
1882
1891
1918
1935
1936
1948
1973
1975
1988
1995
1997
2027
2030
2035
2041
2067
2073
2078
2123
2142
2144
2168
2178
2181
2198
2219
2229
2232
2234
2265
2303
2308
2313
2389
2391
2400
2407
2450
2466
2491
2499
2529
2550
2563
2579
2585
2590
2621
2642
2646
2658
2693
2729
2732
2735
2740
2748
2803
2811
2818
2855
2879
2888
2925
2929
2962
3002
3035
3070
3073
3119
3123
3173
3188
3210
3221
3224
3253
3261
3274
3294
3316
3371
3374
3378
3401
3408
3421
3448
3479
3480
3498
3500
3523
3532
3558
3571
3617
3636
3647
3654
3660
3661
3708
3770
3773
3782
3794
3805
3810
3858
3873
3912
3922
3962
3975
3978
4005
4009
4030
4036
4075
4085
4088
4114
4117
4130
4158
4167
4179
4200
4250
4261
4325
4330
4333
4340
4350
4414
4423
4428
4433
4461
4487
4518
4535
4539
4542
4554
4556
4567
4582
4587
4596
4602
4636
4660
4693
4699
4706
4708
4715
4755
4769
4785
4873
4881
4884
4925
4966
4987
4988
4996
5025
5072
5082
5096
5097
5154
5166
5191
5235
5245
5350
5367
5399
5404
5431
5434
5478
5504
5508
5528
5552
5565
5654
5660
5672
5673
5718
5729
5833
5840
5846
5920
5932
6007
6025
6027
6033
6082
6092
6104
6120
6130
6192
6196
6247
6270
6286
6288
6303
6306
6309
6344
6349
6382
6400
6429
6462
6469
6474
6501
6533
6534
6547
6563
6584
6595
6601
6617
6665
6685
6687
6691
6720
6733
6776
6791
6805
6816
6861
6869
6933
6934
6998
7006
7011
7021
7029
7093
7106
7120
7131
7138
7195
7271
7306
7328
7332
7339
7341
7343
7359
7361
7411
7427
7429
7436
7452
7458
7476
7479
7482
7497
7579
7585
7602
7610
7617
7621
7624
7634
7641
7655
7660
7676
7682
7694
7698
7713
7724
7764
7785
7796
7821
7846
7880
7889
7934
7953
7983
7986
7991
8003
8006
8018
8020
8071
8073
8082
8098
8104
8159
8175
8182
8203
8257
8304
8373
8382
8434
8450
8452
8472
8485
8523
8545
8549
8551
8559
8570
8573
8595
8598
8606
8659
8670
8706
8718
8728
8732
8733
8735
8748
8756
8772
8787
8805
8812
8835
8889
8927
9027
9111
9116
9144
9174
9208
9212
9233
9262
9290
9292
9293
9295
9302
9307
9320
9322
9333
9349
9352
9364
9369
9406
9479
9503
9528
9571
9579
9584
9620
9621
9628
9639
9644
9650
9674
9675
9709
9724
9726
9730
9732
9785
9850
9861
9871
10006
10022
10034
10103
10132
10143
10151
10165
10185
10208
10210
10227
10228
10237
10242
10271
10325
10370
10400
10425
10458
10472
10487
10498
10524
10533
10558
10575
10598
10617
10623
10674
10677
10704
10738
10764
10780
10784
10789
10815
10842
10882
10883
10901
10904
10922
10925
10932
10944
10951
10960
10967
10991
10997
11037
11045
11077
11102
11103
11111
11116
11147
11203
11236
11271
11283
11294
11303
11310
11322
11327
11358
11377
11607
11613
11719
11740
11756
11775
11785
11792
11824
11842
11858
11869
11879
11896
11901
11909
11919
11925
11942
11957
11988
11994
12011
12019
12030
12045
12046
12073
12103
12108
12138
12175
12176
12183
12187
12238
12239
12246
12248
12280
12289
12313
12373
12399
12432
12441
12488
12490
12501
12518
12531
12571
12575
12583
12592
12670
12682
12724
12750
12836
12845
12882
12926
12986
13013
13021
13038
13059
13076
13077
13089
13090
13104
13114
13126
13149
13153
13222
13291
13313
13319
13330
13357
13365
13395
13418
13466
13551
13569
13586
13629
13646
13696
13723
13733
13740
13761
13792
13803
13806
13855
13888
13901
13925
13945
13947
13951
13957
14009
14011
14033
14040
14051
14054
14070
14076
14152
14187
14193
14250
14284
14300
14390
14397
14413
14421
14434
14481
14510
14518
14557
14599
14638
14702
14707
14711
14757
14769
14785
14795
14904
14917
14937
14986
15048
15063
15150
15190
15237
15256
15279
15283
15360
15384
15424
15446
15477
15539
15573
15585
15599
15644
15661
15700
15721
15739
15744
15747
15862
15868
15914
15937
15978
15979
15998
16027
16121
16164
16223
16258
16271
16298
16314
16326
16355
16422
16438
16445
16477
16520
16525
16595
16605
16622
16630
16646
16707
16793
16819
16823
16850
16856
16904
16927
16935
16947
16994
16996
17099
17103
17114
17131
17140
17183
17202
17257
17489
17566
17601
17647
17667
17674
17709
17760
17770
17844
17924
17935
17961
17995
18041
18065
18080
18084
18146
18269
18312
18315
18319
18414
18475
18572
18677
18696
18765
18778
18828
18879
18941
18947
18986
18993
19009
19020
19052
19053
19125
19178
19188
19239
19240
19343
19375
19382
19392
19399
19400
19446
19460
19469
19495
19543
19548
19565
19566
19591
19756
19779
19781
19846
19943
20001
20016
20034
20068
20085
20087
20179
20193
20205
20232
20294
20327
20371
20390
20425
20456
20472
20478
20499
20532
20547
20604
20612
20616
20701
20738
20745
20773
20790
20875
20889
20938
20943
20971
21052
21073
21085
21100
21101
21114
21125
21142
21202
21265
21280
21307
21331
21354
21385
21407
21446
21499
21508
21518
21550
21553
21561
21615
21676
21690
21717
21753
21797
21831
21835
21856
21896
21951
22039
22090
22095
22140
22145
22167
22169
22195
22235
22278
22295
22323
22354
22437
22491
22493
22525
22550
22592
22631
22693
22756
22779
22792
22828
22829
22871
22941
23057
23058
23117
23195
23214
23243
23325
23356
23363
23384
23406
23433
23458
23461
23531
23566
23612
23742
23789
23861
23877
23880
23893
23941
23966
24003
24051
24255
24296
24344
24417
24466
24534
24554
24569
24597
24638
24767
24803
24859
24977
25000
25020
25089
25137
25139
25142
25149
25311
25435
25477
25509
25519
25551
25573
25583
25635
25704
25733
25793
25795
25803
25862
25920
26035
26097
26107
26211
26252
26276
26293
26421
26423
26428
26439
26453
26456
26458
26479
26536
26550
26551
26574
26614
26717
26804
26809
26816
26867
26919
26984
27075
27162
27213
27215
27242
27279
27413
27472
27481
27489
27490
27495
27531
27631
27712
27717
27733
27737
27791
27897
27999
28122
28133
28279
28293
28330
28338
28360
28570
28591
28713
28734
28847
28857
28868
28876
28898
28922
28935
28937
28947
28971
29000
29020
29025
29063
29245
29277
29283
29287
29321
29415
29437
29465
29520
29527
29616
29912
29913
29982
29991
29998
30000
30047
30055
30130
30164
30228
30259
30264
30292
30327
30386
30442
30445
30446
30460
30638
30656
30669
30734
30852
30908
30919
30973
30990
31069
31071
31095
31113
31128
31159
31246
31383
31517
31571
31641
31770
31778
31784
31840
31929
31945
32043
32063
32148
32202
32258
32302
32308
32319
32374
32452
32481
32526
32669
32713
32737
32741
32789
32805
32879
32892
32987
32993
33006
33046
33086
33227
33231
33235
33249
33258
33285
33345
33391
33466
33481
33482
33616
33847
33855
33864
33868
33939
34066
34139
34142
34203
34246
34266
34269
34280
34310
34315
34318
34390
34403
34407
34435
34519
34645
34654
34691
34727
34827
34841
34856
34945
34980
35022
35069
35143
35152
35158
35401
35470
35495
35521
35580
35588
35666
35717
35727
35756
35778
35808
35949
36008
36164
36242
36275
36320
36350
36359
36363
36376
36384
36401
36518
36543
36572
36749
36754
36756
36803
36940
36975
36996
37007
37061
37087
37099
37204
37313
37319
37328
37386
37388
37474
37774
37798
37843
37892
38027
38050
38084
38094
38279
38444
38477
38485
38659
38755
38917
38943
39049
39161
39362
39364
39384
39419
39449
39461
39571
39619
39656
39689
39698
39773
39821
39874
39892
39983
40037
40039
40143
40152
40213
40266
40329
40342
40617
40656
40686
40716
40774
40836
40851
40853
40867
40988
41116
41129
41199
41210
41253
41346
41445
41458
41524
41527
41585
41599
41703
41706
41917
42151
42179
42184
42206
42257
42286
42342
42351
42357
42409
42672
42678
42759
42784
42842
42902
43002
43042
43064
43141
43149
43165
43293
43493
43570
43631
43751
43782
43792
43819
43927
44055
44125
44189
44275
44312
44315
44359
44424
44457
44461
44629
44653
44669
44841
44852
44877
44898
44973
45047
45158
45168
45217
45234
45352
45355
45397
45476
45609
45735
45750
45755
46001
46142
46163
46169
46176
46203
46271
46320
46548
46570
46649
46656
46723
46765
46771
46842
47107
47124
47201
47302
47359
47552
47580
47617
47801
47844
47940
48009
48055
48084
48097
48110
48265
48377
48428
48442
48473
48536
48653
48778
48846
49032
49106
49156
49234
49239
49256
49266
49316
49432
49461
49553
49611
49613
49639
49644
49716
49912
50104
50154
50307
50457
50483
50558
50696
50702
50724
50854
50977
51324
51508
51679
51687
51875
51965
52060
52200
52204
52249
52258
52357
52475
52493
52616
52728
52807
52919
53271
53293
53611
53643
53778
53785
53836
53874
53923
54089
54102
54139
54188
54247
54355
54390
54520
54524
54575
54637
54659
54728
54985
55006
55737
55848
55952
56162
56215
56296
56329
56369
56397
56402
56490
56814
56945
57064
57326
57362
57366
57674
57749
57819
57904
57936
57952
58065
58148
58193
58258
58269
58457
58459
58733
58745
58856
58935
58940
58944
59201
59471
59483
59840
59952
59995
60035
60197
60217
60276
60340
60567
60670
60781
60833
60961
61006
61024
61060
61286
61531
61567
61684
61708
61766
61860
61869
62079
62082
62296
62303
62609
62611
62652
62711
62735
62934
62936
63058
63114
63157
63190
63223
63254
63299
63510
63602
63640
63680
63823
63880
63901
63977
64017
64215
64382
64714
64760
64773
65153
65161
65170
65402
65580
65618
65806
65816
66020
66121
66195
66257
66338
66359
66814
66927
66948
67122
67223
67280
67369
67505
67665
67997
68219
68327
68480
68706
68885
68925
68939
69040
69175
69619
69704
69897
70517
70584
70657
71295
71322
71404
71601
71612
71733
71792
71835
71905
72067
72336
72615
72698
73003
73022
73118
73445
73748
74042
74250
74425
74544
74632
74798
74860
74938
75166
75344
75393
75408
75467
75619
75888
76325
76357
76366
76481
76606
77021
77163
77213
77240
77593
77716
78315
78335
78341
78407
78824
78850
79160
79271
79568
79691
79969
80120
80225
80364
80384
80541
80590
80684
81302
81446
81775
81933
82028
82032
82199
82225
82336
82774
82788
82939
82977
83013
83042
83401
83433
83580
83581
83624
83751
83761
83874
83979
84237
84613
84706
84736
84810
84930
84986
85233
85363
85638
85710
85785
85828
85859
85911
86087
86502
86526
86970
86973
87215
87500
87596
87762
87802
87840
87863
88433
88444
88948
89303
89481
89570
89630
89895
90147
90856
90878
90913
91102
91237
91426
91751
91844
91888
91923
92034
92103
92280
92394
92521
92636
92967
92988
93036
93129
93190
93205
93326
93424
93639
93704
93867
93868
94057
94437
95229
95370
95419
95922
96579
96708
97050
97357
97691
98368
98644
99257
99423
99530
99623
99691
100138
100457
101246
101451
101491
101986
102205
102805
102860
103213
103374
103541
103593
103617
104290
104465
104739
104750
104921
105360
105937
106022
106210
106573
106587
106847
106851
106924
107182
107260
107507
108507
108529
108637
108702
108704
109356
109744
109771
110040
110130
110465
110681
110714
110740
110781
110914
111014
111148
111465
111658
111771
111831
111987
112731
112937
113458
113803
113872
113921
113968
114108
114248
114276
114808
115216
115523
115565
116096
116437
117149
117186
117827
117870
117929
118093
118111
118325
118821
119281
120033
120386
120749
120918
121006
121098
121435
121647
121835
121995
122397
122902
122911
123626
123889
124110
124145
124419
124655
124691
124954
125328
125329
125425
125443
126637
126702
127225
127488
127739
127759
127887
128074
128304
128731
128750
128754
128775
129229
129726
130063
130384
130415
130678
131556
131583
132180
132187
133016
133836
133937
134415
134535
135367
135540
135740
136209
136450
136535
136545
136725
137073
137939
137960
138374
138572
139113
139388
139649
140145
140378
140671
141604
141839
141875
141891
142330
142468
143283
143563
144269
144460
145472
146007
146671
146697
146836
146888
147224
148078
148261
148437
148472
148778
148884
149899
150340
150618
150755
150802
151497
153938
154526
154625
155639
156117
156303
156554
156646
157163
157726
157854
158385
159549
160366
161375
161452
161706
161766
162064
163296
164042
164667
164742
164997
165532
165809
165973
168875
168922
168938
169434
169457
169931
169971
170195
170728
171107
171208
171337
171710
172643
173078
173222
173664
176180
176845
177104
177590
177924
178293
178371
178423
178704
178852
179008
179014
179280
179470
179660
179846
179914
180583
181088
181262
181849
182615
182638
182809
183424
183553
184208
184754
186409
187206
187351
187600
188495
188733
188997
189078
189364
191407
193189
193778
194022
194600
194876
195605
195800
196780
196824
198164
198638
199581
199672
200091
200490
200714
201217
201607
201768
201961
202614
202690
203840
203952
204124
204414
206089
206165
207718
207784
208919
209716
209729
210123
210976
211772
211827
213434
213468
216847
217777
219182
219656
219734
221053
222608
223207
223471
223770
224779
228045
228177
229781
231323
232655
233561
234335
235745
235969
236675
236748
236863
236953
237181
1
143
149
151
154
162
164
530
539
550
556
557
579
595
604
632
635
636
650
654
656
670
673
676
677
687
694
700
703
713
718
724
737
741
747
748
755
783
785
796
800
805
806
807
839
853
879
903
906
907
923
926
930
942
944
963
966
970
971
978
980
1004
1007
1012
1013
1020
1028
1034
1041
1065
1073
1075
1096
1106
1117
1124
1129
1132
1142
1143
1146
1154
1158
1196
1210
1214
1215
1220
1230
1250
1267
1278
1283
1285
1295
1303
1309
1339
1348
1365
1376
1379
1424
1431
1444
1454
1488
1503
1507
1514
1525
1530
1536
1538
1552
1553
1555
1567
1583
1584
1588
1610
1614
1630
1668
1692
1705
1733
1771
1775
1779
1787
1797
1833
1843
1872
1877
1886
1888
1896
1897
1911
1917
1920
1940
1949
1950
1954
1956
1958
1965
1969
1974
1989
2018
2025
2033
2034
2040
2043
2045
2055
2061
2065
2069
2071
2091
2111
2113
2176
2184
2199
2209
2225
2242
2247
2270
2274
2279
2280
2281
2293
2302
2317
2320
2327
2339
2341
2357
2370
2373
2375
2395
2408
2413
2419
2436
2441
2470
2474
2492
2546
2588
2599
2606
2609
2611
2612
2622
2624
2639
2656
2657
2663
2674
2679
2692
2699
2709
2730
2737
2746
2757
2761
2786
2794
2797
2810
2824
2836
2850
2891
2904
2906
2908
2942
2961
2986
3006
3029
3034
3055
3059
3065
3078
3079
3093
3113
3138
3144
3148
3164
3174
3178
3185
3192
3207
3254
3258
3260
3267
3284
3295
3314
3319
3324
3331
3343
3352
3353
3370
3372
3380
3384
3392
3404
3405
3407
3416
3419
3431
3442
3444
3445
3477
3482
3502
3508
3510
3520
3539
3586
3595
3640
3653
3657
3667
3668
3673
3679
3684
3694
3705
3706
3713
3717
3733
3740
3743
3744
3749
3767
3778
3785
3792
3821
3822
3824
3833
3842
3856
3867
3889
3930
3931
3932
3972
3974
3981
3999
4000
4043
4045
4049
4059
4080
4092
4094
4112
4115
4150
4151
4170
4171
4176
4181
4211
4212
4222
4225
4227
4239
4240
4242
4243
4247
4257
4265
4278
4288
4292
4296
4300
4305
4310
4317
4322
4324
4335
4339
4351
4357
4373
4376
4377
4387
4389
4392
4393
4415
4419
4429
4432
4476
4482
4506
4526
4533
4551
4560
4561
4578
4601
4604
4614
4624
4630
4646
4647
4649
4655
4662
4667
4695
4698
4711
4714
4731
4733
4736
4776
4786
4809
4818
4830
4833
4842
4856
4859
4864
4866
4867
4882
4891
4893
4896
4899
4901
4906
4911
4913
4916
4918
4936
4939
4974
5006
5011
5013
5021
5026
5056
5101
5106
5124
5128
5129
5133
5147
5150
5167
5168
5183
5185
5201
5210
5211
5229
5233
5250
5254
5278
5314
5324
5327
5344
5348
5365
5375
5407
5417
5421
5422
5444
5447
5457
5462
5463
5466
5475
5487
5492
5503
5515
5527
5538
5543
5549
5557
5562
5567
5569
5575
5586
5597
5600
5615
5640
5642
5668
5695
5697
5727
5738
5749
5751
5760
5766
5773
5791
5792
5802
5811
5822
5856
5873
5879
5896
5960
5962
5973
5990
5997
6010
6022
6036
6047
6064
6073
6075
6079
6083
6121
6126
6132
6152
6163
6183
6184
6210
6225
6254
6257
6259
6264
6271
6272
6275
6282
6295
6315
6316
6319
6323
6342
6370
6372
6392
6395
6413
6419
6463
6493
6497
6507
6511
6514
6527
6535
6538
6548
6554
6557
6572
6589
6597
6607
6622
6638
6647
6674
6692
6693
6712
6723
6738
6746
6774
6782
6783
6787
6789
6804
6807
6809
6841
6865
6866
6870
6885
6916
6936
6949
6955
6957
6976
6981
7009
7013
7020
7032
7039
7054
7074
7082
7086
7088
7095
7123
7143
7156
7170
7185
7201
7208
7214
7215
7229
7238
7248
7262
7265
7289
7334
7335
7342
7352
7371
7373
7384
7393
7394
7440
7449
7464
7480
7486
7495
7505
7548
7560
7577
7588
7593
7599
7629
7635
7652
7656
7683
7704
7707
7720
7736
7762
7765
7777
7779
7801
7804
7816
7837
7861
7886
7954
7965
7969
7971
7992
8008
8021
8027
8047
8054
8061
8074
8075
8084
8086
8102
8113
8114
8122
8135
8140
8170
8172
8176
8178
8187
8197
8207
8232
8239
8249
8253
8256
8266
8281
8283
8285
8288
8297
8300
8309
8310
8317
8319
8333
8340
8351
8356
8375
8376
8389
8401
8418
8430
8436
8455
8459
8462
8507
8511
8524
8525
8558
8561
8571
8572
8574
8615
8616
8658
8697
8698
8714
8727
8754
8755
8757
8764
8785
8793
8795
8809
8820
8824
8831
8846
8860
8870
8875
8876
8886
8901
8906
8937
8945
8954
8955
8977
8980
8982
8991
8993
9003
9013
9034
9037
9059
9074
9091
9100
9103
9123
9128
9146
9157
9175
9176
9177
9185
9187
9200
9209
9225
9249
9259
9263
9273
9275
9351
9366
9378
9388
9391
9392
9397
9426
9434
9456
9502
9525
9530
9534
9569
9578
9585
9589
9593
9604
9609
9610
9626
9629
9630
9631
9634
9636
9637
9640
9691
9696
9700
9714
9721
9722
9725
9729
9734
9735
9747
9752
9754
9757
9762
9767
9771
9772
9780
9784
9808
9813
9814
9818
9842
9846
9851
9863
9867
9904
9908
9912
9913
9926
9928
9929
9937
9941
9943
9952
9987
9996
10009
10011
10025
10035
10048
10057
10059
10080
10087
10091
10094
10098
10142
10168
10170
10213
10218
10219
10225
10254
10256
10259
10264
10297
10319
10331
10346
10351
10353
10355
10362
10366
10379
10393
10422
10424
10430
10439
10446
10452
10475
10480
10505
10509
10510
10517
10520
10521
10548
10565
10593
10597
10649
10659
10664
10669
10684
10710
10713
10723
10725
10732
10745
10746
10761
10772
10777
10778
10818
10833
10841
10848
10856
10859
10877
10886
10912
10927
10934
10941
10979
10993
11005
11006
11029
11038
11041
11049
11052
11054
11081
11097
11118
11134
11146
11157
11160
11196
11211
11229
11231
11237
11238
11259
11265
11267
11274
11275
11282
11288
11312
11341
11342
11349
11365
11376
11401
11412
11431
11446
11456
11457
11461
11474
11489
11496
11521
11536
11551
11558
11563
11570
11582
11585
11595
11610
11634
11666
11684
11685
11696
11731
11752
11762
11777
11778
11806
11807
11823
11846
11850
11855
11874
11908
11921
11958
11963
11965
11975
11979
11985
12018
12022
12034
12043
12057
12067
12085
12102
12118
12120
12132
12162
12174
12179
12191
12208
12215
12219
12225
12228
12233
12259
12272
12282
12293
12328
12346
12363
12371
12396
12416
12425
12454
12457
12474
12478
12504
12530
12560
12580
12582
12601
12606
12613
12614
12631
12645
12647
12650
12652
12666
12669
12674
12677
12678
12688
12689
12725
12726
12762
12779
12815
12819
12832
12833
12842
12844
12847
12866
12868
12874
12884
12885
12889
12892
12911
12912
12915
12933
12960
12972
12974
12978
12985
12987
12991
13002
13011
13024
13030
13037
13039
13042
13053
13056
13058
13066
13083
13108
13132
13148
13185
13213
13228
13252
13265
13283
13286
13293
13307
13320
13322
13331
13342
13358
13361
13362
13368
13374
13391
13423
13434
13443
13446
13472
13479
13482
13544
13546
13555
13558
13573
13616
13619
13625
13643
13647
13651
13660
13670
13682
13690
13717
13727
13728
13759
13779
13782
13783
13807
13808
13835
13844
13848
13859
13865
13873
13880
13887
13896
13918
13920
13922
13939
13944
13946
13948
13954
13959
13976
13978
14007
14015
14023
14034
14038
14049
14050
14062
14077
14086
14104
14111
14131
14133
14142
14186
14190
14194
14210
14219
14227
14228
14248
14268
14285
14287
14291
14296
14297
14319
14335
14339
14344
14372
14376
14385
14389
14400
14419
14423
14425
14433
14441
14460
14463
14464
14468
14473
14475
14476
14494
14504
14512
14521
14541
14546
14566
14568
14582
14588
14619
14623
14644
14670
14672
14677
14688
14712
14720
14723
14727
14730
14773
14789
14791
14793
14806
14824
14836
14839
14843
14884
14896
14905
14911
14942
14963
14966
14970
14977
14978
14984
14993
15003
15007
15018
15039
15047
15066
15067
15116
15120
15123
15137
15143
15161
15186
15187
15188
15191
15213
15216
15224
15258
15267
15273
15275
15277
15281
15336
15338
15350
15358
15363
15374
15398
15403
15429
15433
15454
15457
15487
15513
15530
15545
15554
15572
15582
15594
15603
15610
15621
15627
15629
15630
15639
15677
15685
15691
15709
15719
15749
15758
15768
15771
15778
15801
15814
15829
15840
15849
15872
15874
15879
15884
15885
15930
15947
15963
15989
15992
16008
16019
16039
16053
16057
16058
16082
16085
16087
16146
16167
16180
16200
16219
16232
16249
16285
16291
16293
16373
16390
16441
16481
16482
16493
16499
16501
16510
16539
16548
16555
16556
16568
16581
16590
16599
16612
16613
16616
16618
16637
16671
16699
16701
16721
16730
16732
16748
16754
16758
16765
16808
16809
16810
16820
16848
16894
16903
16906
16909
16913
16954
16965
16972
16975
16978
16995
17002
17003
17028
17029
17032
17040
17042
17076
17079
17088
17117
17126
17134
17137
17141
17163
17169
17173
17179
17180
17185
17198
17208
17227
17245
17250
17262
17277
17282
17301
17302
17310
17318
17347
17378
17388
17393
17395
17399
17402
17407
17415
17429
17441
17443
17468
17480
17482
17483
17485
17508
17554
17569
17576
17581
17616
17623
17635
17637
17642
17644
17668
17697
17710
17720
17724
17735
17745
17779
17786
17804
17850
17867
17872
17874
17888
17890
17918
17956
18022
18024
18032
18044
18048
18058
18059
18063
18085
18112
18114
18116
18121
18133
18138
18140
18154
18160
18161
18162
18182
18184
18209
18211
18212
18226
18235
18237
18241
18258
18272
18287
18292
18308
18309
18394
18410
18445
18456
18474
18497
18512
18538
18551
18553
18560
18624
18653
18671
18695
18700
18704
18711
18728
18731
18740
18741
18754
18766
18779
18790
18800
18835
18842
18857
18875
18909
18928
18935
19001
19019
19031
19034
19092
19095
19159
19166
19204
19213
19214
19244
19256
19293
19317
19319
19332
19346
19347
19367
19381
19385
19387
19391
19443
19500
19503
19510
19519
19540
19558
19581
19587
19615
19631
19651
19657
19659
19689
19720
19722
19751
19754
19759
19853
19878
19891
19892
19897
19924
19939
19942
19977
19987
20015
20017
20019
20020
20054
20067
20075
20090
20103
20130
20147
20151
20156
20169
20183
20214
20218
20236
20239
20274
20318
20324
20353
20377
20402
20450
20451
20464
20467
20470
20473
20480
20494
20522
20529
20530
20558
20590
20593
20622
20625
20660
20665
20684
20687
20688
20712
20714
20737
20744
20763
20771
20809
20843
20846
20850
20859
20865
20874
20880
20884
20906
20946
20955
20982
20993
21003
21009
21012
21048
21068
21076
21078
21107
21115
21123
21144
21155
21179
21212
21217
21236
21242
21264
21268
21288
21304
21313
21318
21358
21379
21404
21425
21429
21452
21481
21485
21486
21489
21494
21498
21510
21567
21617
21621
21623
21664
21681
21692
21721
21728
21733
21735
21757
21759
21775
21807
21836
21852
21862
21891
21893
21904
21918
21931
21938
21941
21952
21962
21971
21979
22020
22021
22050
22056
22074
22076
22102
22117
22126
22136
22138
22163
22191
22218
22251
22279
22282
22307
22327
22329
22331
22468
22477
22541
22542
22544
22599
22612
22642
22645
22652
22670
22702
22705
22730
22745
22758
22771
22806
22815
22823
22824
22842
22846
22861
22866
22888
22948
22995
23000
23010
23049
23051
23089
23125
23143
23153
23163
23164
23194
23201
23219
23225
23226
23244
23245
23247
23258
23260
23305
23335
23338
23353
23389
23395
23423
23446
23448
23510
23513
23548
23560
23583
23600
23637
23638
23642
23680
23681
23689
23707
23711
23719
23725
23726
23743
23755
23772
23788
23803
23850
23865
23869
23910
23918
23920
23936
23952
23961
23986
23992
23994
24032
24036
24040
24041
24066
24088
24101
24119
24148
24165
24195
24219
24225
24232
24273
24285
24295
24303
24313
24326
24328
24369
24374
24381
24388
24392
24400
24410
24414
24424
24433
24434
24451
24473
24481
24493
24497
24516
24523
24575
24612
24616
24619
24625
24644
24663
24701
24716
24740
24742
24747
24760
24761
24781
24796
24812
24817
24818
24837
24843
24845
24850
24911
24947
24962
24987
25028
25030
25038
25090
25109
25119
25125
25126
25134
25135
25145
25178
25217
25221
25222
25224
25234
25240
25260
25261
25267
25276
25278
25285
25287
25291
25301
25314
25319
25330
25338
25346
25356
25383
25396
25409
25421
25430
25438
25454
25491
25493
25529
25531
25541
25565
25567
25577
25578
25581
25588
25630
25805
25808
25835
25907
25940
25956
25974
26016
26021
26044
26056
26062
26070
26083
26104
26121
26154
26155
26167
26192
26209
26231
26233
26295
26315
26350
26356
26358
26365
26377
26385
26391
26419
26424
26493
26502
26516
26533
26567
26608
26644
26654
26690
26727
26759
26761
26764
26787
26798
26800
26827
26833
26879
26884
26885
26908
26929
27026
27085
27100
27123
27161
27166
27169
27187
27197
27214
27222
27224
27272
27276
27297
27299
27352
27365
27368
27384
27393
27394
27398
27403
27429
27453
27456
27491
27497
27504
27533
27563
27570
27583
27587
27596
27662
27672
27674
27680
27707
27713
27725
27752
27761
27770
27772
27801
27823
27834
27847
27851
27862
27872
27874
27881
27916
27957
27968
27988
28006
28010
28032
28039
28050
28053
28079
28100
28105
28128
28166
28236
28239
28245
28253
28291
28326
28328
28331
28332
28333
28347
28348
28352
28384
28392
28396
28411
28419
28439
28441
28455
28530
28551
28628
28634
28641
28642
28646
28681
28697
28721
28723
28725
28728
28730
28740
28751
28763
28786
28792
28843
28877
28902
28904
28910
28913
28921
28925
28954
28981
29014
29015
29059
29066
29095
29101
29102
29105
29125
29139
29160
29162
29181
29197
29202
29206
29280
29282
29288
29296
29312
29320
29344
29354
29429
29476
29504
29511
29515
29528
29557
29576
29596
29625
29632
29646
29655
29663
29685
29809
29822
29845
29875
29910
29934
29945
29977
29988
30023
30028
30037
30080
30134
30136
30149
30180
30191
30221
30246
30255
30295
30314
30354
30356
30389
30409
30416
30435
30465
30533
30559
30579
30583
30609
30621
30628
30633
30659
30662
30666
30711
30718
30730
30781
30784
30790
30791
30792
30814
30817
30841
30854
30895
30923
30943
30957
30958
31016
31029
31058
31065
31106
31115
31183
31197
31212
31238
31278
31287
31295
31317
31324
31335
31356
31369
31389
31408
31503
31512
31519
31534
31555
31584
31622
31625
31627
31629
31637
31639
31686
31700
31716
31727
31729
31742
31745
31760
31763
31766
31773
31774
31779
31794
31832
31856
31868
31930
31939
31950
31951
31992
31995
31997
32003
32028
32095
32124
32149
32156
32162
32176
32187
32191
32215
32229
32230
32251
32271
32288
32306
32314
32345
32427
32454
32479
32504
32510
32544
32585
32602
32631
32635
32655
32670
32681
32701
32764
32814
32826
32837
32846
32857
32928
32999
33055
33069
33075
33088
33100
33116
33124
33197
33228
33242
33246
33253
33286
33289
33291
33335
33392
33404
33413
33422
33434
33473
33506
33530
33554
33564
33591
33627
33651
33672
33831
33833
33860
33862
33940
33944
33955
33958
33963
33975
33986
33999
34002
34008
34010
34019
34030
34031
34056
34064
34089
34106
34122
34132
34220
34267
34290
34296
34321
34328
34339
34353
34359
34369
34384
34415
34436
34454
34458
34489
34496
34520
34531
34533
34598
34607
34615
34617
34657
34679
34685
34686
34725
34740
34751
34765
34777
34816
34826
34839
34846
34850
34887
34892
34937
34960
34961
34984
35004
35024
35043
35083
35089
35093
35099
35100
35133
35135
35136
35141
35153
35174
35194
35197
35202
35221
35231
35237
35254
35276
35316
35319
35323
35357
35383
35396
35404
35405
35426
35428
35438
35441
35482
35509
35538
35566
35592
35609
35620
35632
35640
35654
35655
35671
35693
35724
35755
35761
35769
35792
35850
35881
35906
35934
35997
36021
36038
36104
36112
36126
36141
36149
36157
36161
36162
36163
36227
36253
36276
36283
36312
36340
36374
36387
36398
36410
36422
36485
36489
36509
36513
36560
36585
36594
36595
36597
36631
36649
36674
36676
36702
36791
36801
36829
36838
36845
36904
36968
36981
37016
37021
37058
37077
37130
37143
37145
37154
37162
37213
37247
37248
37284
37392
37399
37404
37434
37453
37454
37484
37488
37534
37543
37572
37583
37636
37637
37643
37669
37673
37674
37720
37731
37747
37755
37764
37767
37803
37822
37834
37863
37889
37924
37951
37965
37971
38013
38018
38034
38045
38051
38059
38097
38113
38140
38150
38236
38248
38268
38317
38322
38327
38331
38345
38348
38384
38401
38403
38424
38446
38466
38471
38565
38574
38586
38608
38677
38702
38786
38805
38819
38881
38882
38916
38983
38990
39029
39067
39083
39104
39141
39144
39185
39188
39214
39229
39249
39254
39261
39271
39276
39294
39358
39368
39370
39372
39426
39440
39463
39477
39510
39524
39525
39586
39591
39601
39644
39694
39716
39735
39736
39817
39818
39840
39844
39905
39918
39947
39952
39975
40026
40043
40101
40219
40225
40242
40299
40343
40348
40371
40400
40409
40425
40440
40505
40520
40542
40605
40628
40632
40635
40673
40674
40675
40733
40761
40846
40855
40860
40899
40912
40957
40973
40990
40995
41005
41031
41039
41044
41063
41069
41131
41152
41164
41173
41223
41226
41248
41281
41284
41302
41371
41380
41387
41392
41400
41469
41480
41483
41519
41543
41571
41580
41691
41694
41696
41707
41737
41761
41779
41796
41819
41854
41864
41875
41923
41963
41995
42007
42012
42023
42088
42090
42097
42103
42150
42178
42252
42253
42255
42293
42332
42353
42359
42383
42422
42430
42433
42455
42475
42499
42502
42574
42575
42580
42595
42652
42721
42728
42761
42862
42866
42879
42928
42942
42960
42974
43004
43034
43051
43059
43097
43123
43146
43158
43167
43188
43201
43274
43276
43284
43289
43290
43332
43342
43354
43363
43365
43370
43407
43413
43432
43443
43471
43550
43573
43592
43604
43629
43633
43653
43668
43669
43688
43730
43760
43777
43812
43829
43843
43852
43887
43899
43928
43929
43943
43945
43983
44048
44049
44066
44077
44079
44094
44112
44193
44200
44212
44214
44310
44338
44351
44357
44389
44435
44438
44484
44533
44545
44586
44595
44635
44656
44692
44700
44701
44721
44732
44759
44771
44793
44812
44814
44832
44844
44876
44911
44968
44976
45012
45027
45058
45060
45064
45116
45140
45165
45205
45209
45211
45228
45241
45247
45253
45271
45319
45325
45342
45362
45441
45512
45530
45533
45566
45650
45668
45669
45689
45693
45797
45835
45853
45880
45941
45966
46000
46047
46081
46099
46105
46119
46137
46164
46174
46196
46206
46217
46222
46239
46241
46251
46341
46379
46387
46401
46405
46412
46443
46456
46487
46515
46531
46532
46561
46564
46626
46691
46757
46779
46780
46797
46802
46811
46815
46858
46867
46968
46974
47004
47005
47070
47166
47169
47182
47198
47203
47216
47226
47236
47276
47277
47290
47335
47337
47360
47382
47384
47389
47398
47427
47453
47470
47619
47641
47686
47687
47688
47696
47705
47706
47713
47724
47755
47805
47821
47849
47874
47883
47892
48037
48040
48070
48157
48158
48170
48175
48179
48183
48204
48223
48301
48312
48347
48349
48410
48432
48446
48479
48486
48526
48560
48617
48628
48629
48656
48667
48672
48693
48699
48721
48733
48776
48792
48806
48873
48896
48940
48949
49028
49074
49105
49188
49201
49243
49255
49261
49263
49318
49327
49354
49375
49431
49438
49446
49489
49494
49498
49499
49512
49566
49621
49659
49708
49726
49730
49737
49789
49799
49869
49878
49922
49935
49981
49987
50058
50158
50181
50183
50185
50270
50275
50299
50315
50334
50345
50355
50410
50416
50453
50455
50482
50501
50504
50535
50561
50571
50581
50587
50600
50606
50658
50670
50694
50759
50804
50814
50820
50862
50874
50888
50953
50955
50957
51029
51034
51067
51083
51134
51164
51208
51216
51223
51234
51287
51348
51351
51364
51398
51407
51418
51602
51636
51640
51664
51674
51711
51735
51808
51811
51818
51825
51834
51850
51853
51909
51962
51996
52004
52031
52104
52108
52266
52269
52288
52298
52308
52312
52338
52372
52472
52560
52647
52653
52660
52679
52785
52856
52988
53028
53098
53141
53145
53147
53153
53163
53180
53199
53208
53265
53272
53277
53323
53343
53359
53382
53418
53444
53450
53459
53542
53543
53561
53573
53647
53700
53712
53880
53946
53968
54018
54067
54157
54214
54228
54270
54274
54400
54417
54433
54482
54514
54530
54606
54610
54651
54654
54674
54724
54762
54900
54933
54980
54992
54994
55055
55060
55070
55173
55221
55268
55286
55343
55348
55395
55407
55462
55468
55477
55544
55558
55587
55640
55652
55747
55773
55785
55793
55806
55816
55951
55969
56034
56056
56065
56072
56124
56132
56136
56181
56218
56276
56277
56331
56343
56401
56557
56579
56605
56660
56701
56725
56753
56754
56788
56794
56904
57009
57043
57099
57103
57146
57151
57264
57285
57302
57330
57384
57390
57397
57416
57428
57431
57438
57454
57471
57532
57558
57561
57736
57750
57755
57761
57843
57859
57864
57867
58018
58024
58041
58127
58137
58205
58206
58207
58237
58262
58340
58357
58439
58478
58491
58545
58551
58555
58602
58711
58730
58845
58889
58892
58899
58900
58921
58929
59017
59069
59084
59093
59111
59159
59160
59292
59303
59422
59481
59517
59529
59559
59603
59700
59716
59722
59758
59769
59782
59830
59893
59902
59997
60048
60110
60190
60201
60226
60250
60397
60461
60573
60577
60592
60637
60903
60973
61018
61022
61071
61111
61117
61118
61137
61145
61153
61187
61217
61233
61244
61250
61267
61309
61323
61324
61376
61414
61475
61579
61598
61622
61623
61627
61651
61721
61734
61762
61799
61811
61842
61861
61904
61916
61997
62008
62024
62046
62072
62128
62145
62155
62187
62197
62239
62260
62308
62408
62420
62422
62436
62452
62473
62477
62486
62540
62546
62554
62561
62590
62617
62629
62641
62678
62708
62720
62818
62819
62833
62839
62919
63044
63093
63103
63140
63232
63235
63250
63295
63322
63334
63355
63435
63593
63599
63692
63706
63723
63754
63809
63847
63907
63916
63922
63960
63980
64018
64063
64106
64224
64225
64260
64283
64306
64334
64429
64446
64555
64572
64653
64656
64668
64679
64686
64722
64748
64767
64803
64815
64835
64860
64879
64883
64977
64992
65028
65046
65061
65078
65090
65129
65147
65191
65205
65213
65273
65280
65287
65291
65292
65336
65371
65525
65600
65644
65657
65696
65713
65726
65757
65831
65879
65896
65941
65967
65968
65977
65994
66010
66035
66128
66163
66222
66232
66242
66343
66350
66478
66536
66642
66649
66744
66786
66807
66846
66931
67045
67112
67119
67147
67172
67238
67260
67349
67360
67379
67388
67450
67468
67492
67521
67547
67562
67645
67679
67684
67722
67780
67818
67828
67898
67908
67963
67968
68002
68009
68058
68085
68097
68134
68137
68171
68196
68229
68265
68328
68354
68440
68450
68490
68535
68628
68651
68717
68772
68836
68882
68980
69025
69063
69066
69109
69116
69127
69283
69284
69343
69358
69378
69386
69565
69656
69695
69706
69708
69731
69850
69900
69934
69988
70010
70034
70045
70153
70154
70270
70277
70444
70495
70660
70678
70760
70836
70884
70902
70942
71009
71054
71083
71108
71123
71188
71191
71211
71299
71319
71398
71435
71467
71518
71565
71613
71635
71638
71653
71719
71721
71762
71769
71816
71824
71955
72101
72147
72211
72269
72413
72575
72585
72627
72650
72893
72936
73007
73061
73069
73125
73142
73218
73226
73246
73249
73250
73267
73294
73296
73367
73404
73452
73508
73584
73633
73678
73698
73723
73729
73731
73756
73837
73891
74031
74175
74252
74254
74286
74314
74362
74394
74395
74477
74484
74492
74548
74742
74768
74780
74857
74874
74900
75042
75043
75048
75110
75112
75194
75217
75238
75328
75411
75506
75558
75573
75633
75652
75751
75862
75874
75896
75898
75967
76066
76104
76119
76137
76164
76535
76536
76543
76615
76656
76688
76702
76823
76905
76910
77023
77143
77375
77394
77453
77492
77499
77577
77629
77661
77669
77728
77795
77828
77865
77905
77937
77943
77985
78008
78058
78066
78115
78139
78145
78245
78266
78273
78323
78370
78392
78394
78396
78551
78574
78592
78672
78676
78775
78777
79038
79050
79151
79164
79202
79205
79223
79226
79290
79319
79339
79340
79378
79412
79425
79451
79629
79647
79767
79913
79914
79950
79998
80007
80077
80087
80090
80121
80340
80375
80405
80409
80416
80453
80465
80488
80506
80536
80722
80764
80802
80811
80820
80831
80919
80930
80991
81050
81059
81099
81146
81153
81265
81297
81325
81338
81444
81521
81547
81553
81637
81638
81661
81689
81757
81800
81807
81829
81961
82037
82049
82138
82155
82244
82296
82297
82341
82417
82425
82504
82514
82526
82601
82719
82793
82801
82811
82835
82956
83043
83079
83213
83222
83242
83305
83314
83351
83380
83385
83394
83407
83475
83576
83582
83696
83708
83725
83738
83793
83858
83866
83924
83962
84015
84039
84070
84074
84176
84225
84241
84276
84304
84436
84459
84513
84538
84541
84542
84578
84585
84596
84625
84675
84695
84710
84774
84808
84840
84850
84888
84917
84989
85025
85026
85097
85160
85271
85273
85329
85338
85480
85503
85511
85554
85628
85687
85708
85838
85901
85903
85976
86106
86211
86249
86460
86510
86581
86602
86604
86611
86658
86820
86865
86892
86898
86960
87068
87074
87135
87140
87169
87295
87427
87501
87530
87551
87566
87613
87725
87732
87783
87830
87938
88047
88067
88098
88195
88200
88213
88219
88232
88268
88319
88355
88376
88382
88494
88574
88602
88711
88837
88868
88933
88957
89061
89096
89136
89196
89213
89289
89325
89353
89410
89573
89585
89625
89645
89653
89691
89740
89796
89856
89911
89914
89987
90069
90161
90169
90182
90273
90375
90419
90500
90506
90507
90508
90576
90702
90743
90756
90822
90841
90897
90940
90965
90995
91075
91078
91138
91210
91270
91348
91354
91358
91392
91399
91402
91432
91468
91515
91627
91671
91776
91820
91837
91857
91982
91988
92020
92044
92056
92301
92460
92522
92550
92573
92578
92759
92767
92816
92822
92916
92961
93010
93064
93159
93260
93345
93356
93357
93446
93494
93655
93711
93737
93750
93810
93865
93957
93968
94005
94010
94118
94151
94180
94181
94189
94222
94252
94288
94379
94386
94394
94416
94463
94517
94562
94724
94786
94801
94802
94955
95063
95131
95159
95186
95235
95495
95500
95525
95538
95539
95605
95620
95623
95655
95745
95851
95857
95889
96062
96071
96085
96102
96155
96175
96201
96210
96348
96460
96565
96641
96654
96772
96788
96820
96871
97016
97189
97516
97655
97674
97748
97813
97822
97918
98100
98154
98258
98263
98318
98363
98381
98458
98505
98542
98572
98579
98624
98904
98924
98991
98996
99025
99053
99062
99078
99282
99418
99430
99652
99760
99781
99898
99907
100000
100044
100191
100218
100252
100326
100399
100526
100532
100596
100610
100818
100887
100922
101010
101033
101052
101108
101237
101239
101262
101316
101318
101349
101353
101471
101510
101547
101606
101713
101715
101990
102059
102120
102171
102229
102267
102280
102307
102311
102314
102389
102454
102497
102538
102593
102610
102625
102688
102755
102812
103009
103090
103116
103123
103130
103168
103185
103348
103446
103476
103519
103521
103533
103759
103831
103937
103942
104028
104051
104161
104403
104476
104536
104562
104590
104648
104660
104707
104725
104744
104795
104892
105119
105230
105275
105298
105371
105385
105398
105469
105629
105739
105815
105888
105999
106157
106237
106299
106422
106463
106465
106481
106505
106555
106649
106848
106861
106943
106987
107096
107206
107208
107234
107299
107315
107343
107393
107401
107425
107478
107651
107825
107855
107912
107996
108142
108197
108223
108269
108344
108355
108414
108490
108551
108575
108767
108816
108819
108868
108902
109000
109076
109531
109532
109620
109654
109741
109839
109894
109941
109991
110056
110222
110227
110238
110270
110306
110502
110525
110690
110801
110814
110877
111061
111125
111476
111610
111765
111934
112119
112189
112231
112304
112338
112427
112463
112507
112530
112606
112640
112752
112754
112865
112903
113009
113054
113079
113105
113114
113214
113241
113325
113416
113462
113534
113537
113712
113824
113862
113970
114107
114148
114296
114314
114334
114372
114455
114465
114473
114505
114580
114641
114653
114698
114800
114815
114837
114839
114886
114921
114947
115053
115218
115226
115709
115835
115953
115997
116031
116179
116499
116569
116645
116786
116789
116811
116909
117140
117147
117165
117175
117183
117222
117339
117373
117394
117413
117500
117516
117520
117676
117849
117928
117977
118028
118069
118269
118364
118417
118500
118594
118634
118664
118748
118812
118870
118878
118962
118998
119013
119115
119146
119155
119232
119591
119711
119743
119858
119865
120074
120100
120119
120126
120180
120233
120453
120502
120600
120694
120705
120742
120778
120785
120840
120865
120956
121531
121542
121660
121756
121757
121760
121782
121817
122010
122059
122343
122499
122539
122540
122583
122605
122625
122651
122665
122775
122915
122957
123166
123307
123427
123428
123448
123552
123795
123843
123937
124287
124319
124424
124431
124512
124518
124548
124598
124648
124690
124790
124959
124991
125011
125048
125055
125145
125192
125356
125371
125408
125793
125912
126117
126267
126300
126374
126406
126443
126463
126535
126587
126641
126651
126743
126922
126960
126974
126998
127037
127096
127099
127106
127170
127430
127454
127491
127740
127744
127907
127974
127979
128015
128029
128061
128121
128181
128256
128366
128379
128447
128515
128578
128588
128615
128811
128814
128828
129059
129088
129510
129528
129596
129675
129706
129708
129724
129802
129804
129947
130212
130214
130269
130434
130450
130485
130511
130693
130840
130939
131047
131223
131234
131441
131727
131770
132092
132260
132274
132340
132454
132457
132481
132565
132588
132593
132632
132696
132731
132735
132772
132938
133070
133141
133315
133321
133360
133394
133423
133440
133448
133604
133657
133694
133740
133760
133788
133789
134053
134161
134175
134201
134260
134422
134512
134624
134639
134731
134784
134969
135040
135077
135222
135431
135559
135887
135925
136007
136066
136074
136077
136229
136368
136528
136695
136776
136953
136994
137099
137307
137501
137556
137627
137672
137727
137858
137887
137915
137938
137941
138019
138152
138212
138221
138245
138368
138392
138648
138711
138716
138805
138832
138849
138906
139094
139218
139421
139584
139843
139908
139924
139984
140022
140087
140312
140436
140505
140640
140678
140771
140798
140808
140812
140963
141229
141269
141311
141385
141849
141903
142332
142579
142681
142713
142765
142826
142835
142981
143002
143087
143142
143179
143257
143375
143439
143624
143630
143636
143756
143877
143937
144075
144226
144352
144400
144470
144576
144683
144774
144839
144904
145016
145072
145114
145218
145264
145352
145393
145398
145558
145807
145892
145996
146075
146076
146139
146167
146185
146523
146591
146622
146994
146995
147074
147142
147275
147313
147336
147631
147698
147746
147914
148038
148150
148201
148259
148271
148319
148362
148392
148419
148431
148720
148983
149027
149037
149644
149981
149990
150049
150154
150199
150365
150386
150528
150558
150559
150613
150904
151162
151252
151273
151362
151366
151387
151412
151434
151625
151651
151749
151919
152044
152072
152368
152418
152744
152812
152818
152841
152998
153443
153546
153690
153799
154003
154125
154130
154194
154237
154300
154469
154546
154745
154765
154834
154909
155011
155181
155226
155228
155248
155309
155450
155491
155624
155678
155721
155771
155820
156022
156151
156399
156492
156590
156682
156686
156803
157616
157618
157626
157684
157730
158033
158039
158166
158212
158532
158537
158749
158849
158861
158866
158907
159030
159398
159405
159414
159460
159661
159709
159739
159769
160049
160506
160603
160773
160946
161242
161292
161578
161601
162295
162335
162523
162668
162785
162938
163113
163282
163367
163409
163425
163429
163526
163923
163971
163993
164356
164419
164551
164557
164577
164670
164705
164787
164984
165440
165458
165474
165521
165640
165800
165819
165831
165976
166070
166094
166480
166601
166642
166677
166755
166836
166943
166957
166997
167003
167105
167134
167141
167252
167340
167345
167430
167553
167643
167773
168071
168196
168306
168746
168904
168949
169086
169097
169107
169179
169415
169711
169813
170033
170123
170132
170249
170701
170730
170748
170770
170793
170812
170849
171133
171134
171312
171418
171693
171776
171802
171923
172016
172082
172241
172251
172277
172510
172568
172987
173321
173479
173503
173576
173710
173739
173959
174043
174060
174097
174264
174350
174521
174584
174761
174827
175022
175024
175303
175472
175756
175775
175989
176340
176497
176588
176728
176748
176877
177133
177211
177283
177490
177944
178152
178204
178237
178541
178558
178753
178868
178891
178948
178956
179104
179200
179308
179339
179534
179826
179999
180062
180256
180418
180514
180551
180599
180686
180754
180784
180812
181071
181266
181346
181467
181673
181958
182122
182454
182499
182502
182690
182714
182782
183042
183288
183335
183580
183591
183619
184290
184365
184567
184790
184821
185368
185406
185440
185487
185494
185500
185572
185749
185861
186204
186264
186323
186499
186609
186634
186644
186791
186881
186979
187327
187571
187581
187592
187655
187693
187816
187857
187891
188169
188336
188629
188781
188928
189097
189512
189536
189824
190098
190153
190304
190400
190597
190734
190909
190935
191132
191398
191744
191957
191961
192035
192406
192553
192588
192609
192655
193330
193452
193470
193495
193728
193879
194024
194399
194402
194578
195196
195312
195326
195409
195746
195801
196158
196331
196463
196658
197013
197076
197146
197211
197226
197283
197682
197694
197784
197831
198296
198597
198612
198633
198701
198736
199018
199161
199186
199316
199432
199659
199692
199837
199849
200057
200078
200137
200151
200367
200391
200451
200456
200492
200647
200672
201026
201150
201263
201521
201615
201631
201781
202076
202413
202468
202721
202785
202942
203005
203192
203243
203839
204019
204081
204164
204165
204184
204192
204355
204448
204846
205224
205266
205367
205376
205489
205511
205567
205578
205644
205895
206043
206063
206117
206222
206421
206428
206533
207015
207053
207221
207426
207456
207510
207601
208062
208255
208259
208292
208545
208571
208574
208652
208659
208996
209081
209350
209957
210142
210250
210290
210520
210612
210690
210698
210718
210786
211010
211284
211429
211661
211713
211744
212096
212135
212479
212503
212528
212579
212729
212793
212824
212868
213199
213282
213344
213351
213465
213708
213911
213998
214645
214852
215313
215320
215581
215600
215711
216125
216345
216434
216747
216791
217349
217441
217689
217774
218611
218621
218628
218818
218875
219147
219456
219494
219497
219539
219550
219616
219679
219732
219742
219853
220434
220438
220588
220731
220979
221220
221369
221662
221728
222545
222552
222561
222677
222724
223003
223251
223640
223730
223797
223851
224079
224417
224982
225063
225149
225263
225320
225347
225537
225970
226148
226252
226486
226587
226603
226726
226805
226968
227120
227160
227230
227231
227237
227419
227604
227662
228008
228260
228635
228679
229099
229101
229139
229267
229504
229548
229826
230083
230490
230811
230875
231161
231292
231719
231723
232184
232647
232793
232826
233581
233774
233859
233908
234165
234505
235015
235146
235204
235360
235856
235965
236355
236450
236590
236959
237858
244862
245305
247975
249262
252056
0
2
3
4
5
6
7
8
9
10
11
12
13
14
15
16
17
18
19
20
21
22
23
24
25
26
27
28
29
30
31
32
33
34
35
36
37
38
39
40
41
42
43
44
45
46
47
51
52
53
54
55
56
57
58
59
60
61
62
63
64
65
66
67
68
69
70
71
72
73
74
75
76
77
78
79
80
81
82
83
84
85
86
87
88
89
90
91
92
93
94
95
96
97
98
99
102
103
104
105
109
110
111
112
113
114
115
116
117
118
119
120
121
122
123
124
125
126
127
128
129
130
131
132
133
134
135
136
137
150
153
155
157
158
159
161
163
165
166
168
169
170
171
172
173
174
175
176
177
178
179
180
181
182
183
184
185
186
187
188
189
190
191
192
193
194
195
196
197
198
199
200
201
202
203
204
205
206
208
209
210
211
212
213
214
215
216
217
218
219
220
221
222
223
224
225
226
227
228
229
230
231
232
233
234
235
236
237
238
239
240
241
242
243
244
245
246
247
248
249
250
251
252
253
254
255
256
257
258
259
260
261
262
263
264
265
266
267
268
269
270
271
272
273
274
275
276
277
278
279
280
281
282
283
284
285
286
287
288
289
290
291
292
293
294
295
296
297
298
299
300
301
302
303
304
305
306
307
308
309
310
311
312
313
314
315
316
317
318
319
320
321
322
323
324
325
326
327
328
329
330
331
332
333
334
335
336
337
338
339
340
341
342
343
344
345
346
347
348
349
350
351
352
353
354
355
356
357
358
359
360
361
362
363
364
365
366
367
368
369
370
371
372
373
374
375
376
377
378
379
380
381
382
383
384
385
386
387
388
389
390
391
392
393
394
395
396
397
398
399
400
401
402
403
404
405
406
407
408
409
410
411
412
413
414
415
416
417
418
419
420
421
422
423
424
425
426
427
428
429
430
431
432
433
434
435
436
437
438
439
440
441
442
443
444
445
446
447
448
449
450
451
452
453
454
455
456
457
458
459
460
461
462
463
464
465
466
467
468
469
470
471
472
473
474
475
476
477
478
479
480
481
482
483
484
485
486
487
488
489
490
491
492
493
523
541
542
554
571
572
588
589
591
592
599
608
615
628
631
634
641
647
648
651
658
660
662
664
674
678
679
683
685
686
689
690
696
697
701
702
706
707
709
710
717
719
727
728
729
731
732
734
739
743
744
745
750
758
759
760
761
763
764
771
772
777
778
788
789
790
792
793
794
797
798
803
813
814
816
819
820
826
829
830
836
843
846
848
849
852
857
860
862
863
867
868
871
873
875
876
880
881
882
883
888
889
890
891
892
896
899
905
909
911
915
916
917
918
920
921
922
924
925
927
928
929
931
932
933
934
935
936
937
938
940
941
943
945
946
948
950
952
955
956
957
959
960
962
967
968
982
983
985
987
988
995
996
998
999
1001
1002
1009
1011
1014
1019
1022
1026
1029
1031
1033
1035
1036
1037
1038
1039
1040
1044
1046
1047
1049
1050
1052
1054
1055
1057
1058
1059
1062
1064
1066
1067
1068
1069
1077
1079
1081
1084
1085
1087
1088
1092
1095
1097
1098
1100
1103
1104
1107
1108
1112
1113
1115
1116
1119
1120
1122
1125
1127
1128
1130
1137
1139
1141
1147
1150
1151
1152
1155
1157
1162
1165
1167
1173
1175
1176
1180
1181
1182
1185
1187
1188
1189
1193
1195
1197
1198
1199
1200
1203
1204
1206
1207
1211
1212
1213
1216
1218
1219
1221
1222
1225
1226
1227
1228
1231
1232
1233
1234
1235
1238
1240
1241
1242
1243
1245
1246
1247
1248
1249
1252
1253
1259
1260
1261
1266
1268
1270
1271
1272
1273
1274
1279
1284
1287
1291
1297
1300
1301
1304
1305
1306
1310
1311
1312
1313
1315
1316
1317
1318
1319
1320
1321
1323
1324
1325
1326
1327
1328
1329
1330
1332
1333
1334
1336
1337
1341
1342
1344
1347
1349
1350
1351
1355
1357
1358
1359
1360
1361
1362
1367
1369
1371
1372
1377
1378
1380
1381
1382
1383
1384
1394
1395
1396
1397
1400
1402
1403
1405
1409
1410
1413
1414
1417
1421
1422
1423
1426
1427
1428
1429
1430
1432
1433
1434
1435
1436
1438
1441
1442
1445
1446
1450
1452
1453
1459
1462
1464
1466
1467
1468
1469
1470
1471
1474
1475
1481
1482
1483
1484
1485
1486
1487
1490
1495
1497
1498
1499
1501
1506
1510
1511
1512
1513
1515
1517
1521
1522
1524
1529
1532
1533
1539
1541
1542
1543
1544
1545
1549
1554
1556
1557
1558
1559
1560
1561
1563
1566
1568
1572
1575
1576
1577
1578
1582
1585
1592
1593
1596
1597
1598
1600
1605
1608
1609
1611
1612
1613
1615
1616
1617
1620
1621
1622
1625
1627
1628
1629
1631
1632
1633
1634
1636
1639
1640
1641
1642
1644
1647
1648
1649
1650
1654
1656
1658
1661
1664
1665
1666
1667
1669
1671
1672
1673
1675
1678
1681
1685
1686
1687
1688
1690
1691
1693
1696
1697
1703
1704
1709
1710
1711
1713
1715
1716
1720
1723
1725
1726
1727
1728
1729
1730
1731
1732
1735
1736
1737
1739
1741
1742
1743
1744
1746
1747
1748
1750
1752
1753
1754
1758
1760
1761
1764
1766
1767
1770
1772
1776
1777
1784
1785
1789
1790
1792
1794
1795
1796
1798
1802
1803
1809
1810
1812
1814
1815
1817
1818
1819
1820
1821
1823
1824
1825
1827
1828
1829
1832
1835
1837
1838
1839
1840
1841
1842
1849
1850
1851
1853
1856
1857
1858
1860
1862
1863
1864
1866
1870
1871
1875
1876
1878
1880
1881
1885
1889
1892
1893
1898
1901
1905
1906
1907
1910
1912
1914
1915
1916
1919
1922
1923
1924
1925
1926
1928
1931
1934
1937
1939
1943
1945
1946
1947
1953
1955
1957
1959
1960
1961
1962
1963
1964
1968
1970
1971
1976
1978
1979
1980
1981
1983
1985
1986
1990
1991
1992
1993
1994
2000
2001
2004
2006
2007
2008
2009
2010
2012
2013
2015
2017
2019
2022
2023
2024
2026
2029
2031
2032
2037
2038
2042
2044
2046
2047
2048
2049
2051
2052
2053
2054
2057
2058
2059
2062
2070
2075
2076
2077
2079
2081
2082
2083
2089
2090
2093
2095
2096
2097
2099
2102
2103
2105
2106
2107
2110
2112
2114
2115
2116
2117
2118
2119
2120
2122
2125
2126
2127
2128
2130
2131
2133
2134
2136
2137
2140
2141
2146
2150
2151
2152
2153
2155
2156
2158
2159
2161
2162
2163
2166
2167
2169
2170
2175
2183
2185
2186
2187
2188
2189
2190
2191
2193
2194
2197
2200
2206
2207
2208
2210
2211
2213
2215
2216
2218
2220
2221
2223
2224
2226
2227
2230
2231
2233
2236
2237
2239
2241
2243
2244
2245
2248
2249
2250
2251
2252
2254
2257
2259
2262
2271
2272
2273
2275
2276
2277
2278
2284
2285
2286
2287
2288
2290
2291
2295
2296
2298
2300
2304
2306
2309
2310
2314
2315
2316
2318
2319
2322
2323
2329
2331
2332
2333
2334
2336
2340
2345
2346
2347
2348
2349
2355
2356
2358
2359
2360
2361
2362
2363
2365
2366
2367
2368
2369
2376
2377
2379
2380
2381
2382
2384
2385
2386
2387
2388
2392
2396
2397
2398
2399
2402
2403
2405
2406
2409
2410
2412
2414
2415
2417
2418
2420
2421
2422
2423
2424
2428
2429
2431
2435
2437
2438
2439
2442
2443
2445
2446
2447
2449
2452
2453
2458
2459
2461
2463
2464
2465
2467
2468
2469
2472
2475
2476
2477
2481
2484
2485
2486
2488
2489
2493
2494
2496
2498
2502
2503
2504
2505
2506
2508
2510
2511
2512
2513
2515
2516
2518
2520
2521
2522
2524
2525
2526
2527
2528
2530
2531
2532
2533
2534
2535
2537
2538
2539
2545
2547
2548
2549
2553
2554
2556
2559
2560
2562
2564
2565
2567
2569
2570
2571
2572
2573
2575
2576
2577
2580
2581
2582
2584
2589
2592
2594
2596
2600
2602
2603
2605
2607
2610
2614
2615
2616
2618
2620
2623
2625
2626
2627
2628
2629
2632
2635
2636
2637
2641
2645
2647
2648
2650
2652
2654
2655
2659
2660
2664
2665
2666
2667
2669
2670
2671
2672
2673
2676
2680
2681
2682
2684
2685
2686
2687
2688
2691
2695
2696
2698
2700
2701
2702
2703
2704
2705
2706
2710
2712
2713
2714
2715
2716
2718
2719
2720
2722
2723
2724
2725
2726
2728
2733
2734
2736
2738
2739
2741
2743
2745
2747
2749
2750
2751
2753
2755
2756
2758
2759
2762
2764
2765
2766
2767
2769
2770
2771
2772
2773
2774
2775
2776
2777
2781
2783
2784
2785
2789
2790
2792
2795
2796
2798
2799
2800
2801
2804
2806
2808
2809
2813
2814
2815
2816
2817
2821
2823
2825
2826
2828
2829
2830
2832
2833
2835
2837
2838
2839
2840
2841
2842
2845
2848
2851
2852
2853
2856
2858
2860
2862
2863
2867
2868
2869
2871
2873
2874
2875
2877
2878
2880
2884
2885
2889
2890
2892
2893
2894
2895
2896
2898
2899
2901
2902
2903
2905
2909
2910
2911
2912
2914
2915
2916
2919
2920
2922
2923
2924
2927
2931
2932
2933
2935
2936
2937
2938
2940
2941
2943
2944
2945
2946
2947
2950
2951
2954
2955
2957
2959
2960
2964
2965
2966
2967
2968
2969
2971
2972
2973
2975
2976
2982
2983
2984
2985
2987
2988
2989
2990
2991
2992
2993
2994
2995
2997
2999
3000
3001
3003
3005
3007
3009
3010
3011
3012
3013
3015
3017
3020
3021
3022
3023
3024
3025
3027
3030
3031
3032
3033
3036
3037
3039
3040
3042
3044
3045
3046
3047
3049
3052
3053
3054
3057
3058
3060
3062
3064
3066
3067
3069
3071
3074
3076
3077
3080
3081
3082
3083
3084
3085
3086
3087
3088
3089
3090
3094
3095
3096
3098
3099
3100
3101
3102
3105
3106
3108
3109
3110
3111
3114
3115
3116
3118
3122
3125
3126
3127
3128
3129
3130
3132
3133
3134
3137
3139
3140
3142
3145
3146
3147
3150
3151
3152
3154
3155
3156
3157
3159
3160
3162
3163
3166
3167
3168
3169
3170
3172
3175
3176
3177
3179
3180
3181
3183
3184
3186
3190
3191
3193
3194
3197
3200
3201
3203
3206
3208
3211
3212
3214
3215
3216
3219
3220
3222
3226
3227
3228
3229
3230
3231
3232
3233
3234
3235
3236
3237
3238
3239
3240
3242
3244
3247
3248
3249
3251
3252
3256
3257
3259
3263
3264
3266
3268
3270
3271
3272
3273
3276
3277
3279
3280
3281
3285
3286
3288
3289
3290
3293
3296
3297
3299
3300
3301
3302
3304
3306
3307
3308
3309
3310
3311
3312
3313
3315
3317
3318
3320
3322
3326
3327
3329
3330
3332
3333
3335
3337
3338
3339
3340
3341
3344
3346
3347
3348
3349
3351
3356
3358
3362
3365
3367
3368
3369
3373
3375
3376
3377
3379
3381
3382
3383
3385
3386
3388
3389
3390
3391
3394
3395
3396
3400
3403
3409
3410
3411
3412
3414
3415
3417
3420
3422
3424
3427
3428
3429
3430
3434
3436
3437
3438
3440
3441
3443
3446
3447
3450
3451
3452
3454
3455
3457
3458
3459
3460
3461
3462
3467
3468
3470
3471
3474
3475
3476
3478
3481
3483
3486
3488
3489
3491
3492
3501
3504
3505
3506
3509
3512
3513
3514
3515
3517
3518
3519
3521
3522
3524
3525
3526
3528
3529
3531
3533
3534
3535
3536
3537
3542
3543
3544
3545
3547
3551
3552
3554
3555
3556
3557
3559
3560
3561
3562
3563
3564
3565
3566
3568
3569
3570
3573
3575
3576
3578
3580
3581
3583
3584
3585
3587
3588
3589
3591
3592
3593
3594
3596
3597
3598
3599
3601
3602
3604
3605
3607
3608
3609
3610
3611
3612
3613
3614
3615
3616
3619
3621
3623
3625
3628
3630
3631
3632
3633
3634
3639
3641
3642
3644
3646
3648
3650
3652
3655
3659
3663
3664
3665
3666
3669
3672
3674
3675
3676
3680
3681
3682
3683
3685
3686
3687
3688
3690
3691
3692
3693
3696
3698
3699
3700
3702
3703
3704
3709
3712
3714
3716
3720
3721
3722
3724
3726
3728
3734
3737
3741
3745
3747
3748
3751
3754
3757
3758
3760
3764
3765
3766
3769
3772
3775
3776
3777
3779
3780
3781
3783
3786
3787
3789
3791
3793
3795
3799
3802
3803
3804
3806
3807
3808
3809
3811
3812
3813
3814
3815
3816
3817
3818
3819
3820
3827
3828
3829
3830
3832
3835
3836
3837
3838
3839
3840
3844
3846
3848
3850
3851
3854
3855
3857
3860
3862
3864
3865
3868
3870
3871
3872
3875
3876
3878
3879
3880
3881
3882
3884
3886
3887
3888
3891
3893
3894
3895
3897
3899
3900
3902
3903
3905
3907
3908
3911
3913
3915
3916
3918
3920
3923
3924
3925
3926
3928
3929
3933
3934
3935
3936
3937
3939
3940
3941
3942
3944
3945
3948
3950
3953
3954
3960
3961
3963
3964
3965
3966
3968
3969
3971
3973
3976
3977
3979
3982
3983
3984
3985
3986
3987
3989
3990
3992
3994
3995
3998
4001
4003
4004
4007
4010
4013
4014
4015
4016
4017
4018
4019
4021
4023
4025
4026
4027
4028
4029
4031
4032
4034
4035
4037
4039
4042
4046
4047
4048
4050
4051
4052
4053
4054
4055
4056
4057
4058
4061
4062
4064
4066
4067
4069
4072
4073
4074
4079
4081
4082
4084
4086
4089
4090
4091
4093
4095
4096
4097
4098
4099
4101
4103
4104
4105
4107
4109
4111
4118
4119
4120
4121
4123
4124
4125
4126
4129
4132
4134
4136
4137
4138
4139
4141
4142
4143
4145
4147
4148
4149
4154
4155
4156
4157
4159
4160
4161
4162
4163
4164
4165
4166
4168
4169
4173
4174
4175
4177
4178
4183
4188
4189
4190
4193
4194
4195
4197
4198
4201
4202
4203
4205
4207
4208
4213
4214
4215
4216
4219
4220
4221
4224
4226
4228
4229
4230
4231
4232
4233
4234
4235
4236
4237
4238
4244
4245
4246
4252
4254
4255
4259
4262
4263
4264
4267
4268
4269
4270
4271
4272
4273
4274
4276
4277
4279
4280
4281
4282
4283
4284
4285
4286
4289
4291
4293
4294
4295
4297
4298
4302
4303
4304
4306
4307
4309
4311
4312
4315
4316
4318
4320
4321
4327
4328
4329
4331
4332
4334
4336
4337
4343
4344
4345
4346
4347
4349
4352
4353
4355
4356
4358
4359
4362
4363
4364
4365
4366
4367
4369
4370
4371
4372
4374
4378
4379
4380
4381
4382
4384
4385
4386
4388
4390
4391
4394
4395
4397
4399
4401
4404
4405
4408
4409
4410
4411
4412
4413
4416
4417
4418
4421
4422
4425
4426
4427
4431
4434
4435
4436
4437
4438
4439
4440
4441
4442
4443
4444
4449
4450
4451
4452
4455
4456
4457
4460
4462
4465
4466
4467
4468
4469
4472
4473
4475
4477
4478
4479
4480
4483
4484
4485
4486
4488
4489
4492
4493
4494
4495
4496
4497
4498
4499
4500
4501
4504
4505
4507
4509
4510
4511
4513
4514
4516
4517
4519
4520
4522
4523
4524
4525
4527
4528
4529
4530
4531
4534
4536
4537
4538
4541
4543
4544
4545
4546
4548
4549
4550
4552
4553
4555
4558
4559
4562
4564
4566
4569
4570
4571
4572
4573
4574
4575
4577
4579
4580
4581
4584
4585
4586
4588
4589
4590
4591
4593
4594
4597
4598
4599
4600
4603
4607
4608
4609
4612
4613
4616
4617
4618
4619
4620
4621
4622
4623
4625
4626
4627
4628
4631
4632
4633
4634
4635
4637
4638
4639
4640
4641
4642
4644
4645
4648
4650
4651
4653
4656
4658
4659
4663
4665
4666
4668
4669
4670
4672
4673
4675
4676
4677
4678
4679
4680
4683
4684
4685
4686
4687
4689
4690
4692
4694
4696
4697
4700
4701
4702
4703
4704
4705
4707
4712
4717
4718
4723
4724
4725
4726
4727
4729
4730
4732
4734
4737
4738
4739
4741
4742
4743
4746
4747
4748
4750
4751
4752
4753
4754
4756
4757
4758
4759
4760
4761
4763
4765
4766
4767
4768
4770
4772
4774
4775
4777
4778
4779
4780
4783
4787
4788
4789
4790
4791
4793
4794
4797
4798
4799
4800
4801
4802
4804
4805
4807
4808
4810
4811
4812
4814
4816
4817
4821
4822
4823
4824
4825
4826
4827
4828
4829
4831
4832
4834
4835
4836
4837
4838
4839
4840
4841
4843
4844
4845
4846
4847
4848
4851
4852
4853
4854
4857
4858
4860
4862
4863
4869
4871
4872
4877
4878
4879
4880
4887
4892
4894
4895
4897
4898
4900
4902
4904
4905
4908
4909
4910
4914
4915
4917
4919
4922
4924
4927
4929
4930
4931
4932
4933
4935
4937
4938
4941
4942
4944
4946
4947
4948
4950
4951
4952
4953
4955
4956
4958
4960
4962
4963
4964
4965
4967
4969
4971
4972
4975
4976
4978
4979
4980
4982
4983
4984
4985
4986
4989
4990
4992
4993
4994
4995
4997
4998
4999
5000
5002
5003
5004
5005
5007
5008
5009
5010
5014
5015
5016
5018
5019
5020
5023
5024
5027
5029
5030
5031
5033
5035
5036
5037
5038
5040
5041
5042
5043
5045
5046
5047
5048
5049
5050
5051
5053
5054
5055
5060
5061
5063
5064
5066
5067
5068
5069
5070
5071
5073
5075
5076
5077
5078
5079
5080
5081
5083
5084
5085
5086
5087
5090
5091
5092
5095
5100
5102
5104
5105
5107
5108
5109
5110
5112
5114
5115
5116
5118
5119
5120
5123
5126
5130
5134
5136
5137
5138
5144
5145
5146
5148
5152
5153
5155
5156
5157
5159
5160
5161
5162
5163
5164
5165
5169
5170
5171
5172
5174
5175
5176
5177
5178
5179
5182
5184
5186
5187
5188
5189
5190
5193
5195
5196
5197
5198
5199
5200
5202
5204
5207
5208
5209
5212
5214
5216
5217
5218
5219
5220
5222
5223
5224
5230
5231
5232
5234
5236
5237
5239
5240
5241
5242
5243
5244
5246
5247
5248
5251
5253
5255
5256
5257
5258
5259
5260
5263
5264
5266
5269
5270
5272
5274
5275
5276
5277
5279
5283
5286
5287
5288
5289
5290
5291
5292
5293
5294
5295
5297
5298
5299
5300
5301
5302
5303
5304
5305
5306
5307
5308
5309
5310
5311
5316
5317
5318
5319
5320
5321
5322
5323
5326
5328
5329
5331
5332
5334
5336
5337
5338
5339
5340
5341
5342
5343
5345
5351
5352
5353
5355
5356
5358
5359
5360
5361
5362
5363
5364
5366
5369
5371
5372
5373
5374
5376
5377
5379
5380
5381
5382
5386
5388
5389
5390
5391
5392
5394
5395
5397
5398
5400
5401
5403
5406
5408
5409
5410
5412
5413
5414
5419
5423
5424
5425
5426
5429
5430
5432
5435
5436
5437
5438
5443
5446
5448
5449
5451
5452
5454
5458
5459
5460
5461
5465
5468
5470
5472
5473
5474
5476
5477
5479
5480
5481
5484
5485
5486
5488
5489
5491
5493
5494
5496
5497
5499
5500
5501
5502
5506
5509
5511
5512
5513
5514
5516
5517
5518
5519
5520
5522
5523
5525
5526
5529
5530
5531
5533
5534
5537
5539
5541
5544
5545
5546
5547
5550
5551
5553
5554
5555
5556
5558
5560
5563
5564
5568
5570
5572
5573
5574
5578
5579
5580
5581
5582
5584
5589
5591
5592
5593
5594
5595
5598
5599
5601
5604
5605
5606
5607
5608
5609
5611
5613
5614
5616
5617
5619
5620
5621
5623
5624
5625
5626
5627
5629
5630
5631
5632
5634
5635
5636
5637
5638
5639
5643
5645
5647
5648
5649
5650
5651
5652
5653
5655
5656
5657
5658
5662
5664
5665
5666
5667
5669
5670
5674
5675
5677
5678
5679
5680
5681
5682
5684
5685
5687
5688
5689
5691
5692
5693
5694
5696
5698
5701
5703
5704
5706
5707
5709
5711
5713
5714
5717
5719
5720
5722
5723
5725
5726
5728
5730
5731
5732
5733
5735
5736
5737
5740
5741
5744
5746
5747
5748
5750
5752
5753
5755
5757
5758
5759
5761
5762
5763
5764
5765
5767
5768
5769
5770
5771
5772
5775
5778
5779
5781
5782
5784
5785
5786
5787
5788
5789
5790
5793
5794
5795
5796
5797
5798
5799
5800
5801
5804
5805
5806
5807
5808
5810
5812
5814
5815
5816
5817
5818
5819
5820
5821
5823
5824
5826
5828
5831
5832
5834
5835
5836
5837
5838
5839
5842
5844
5845
5847
5848
5849
5850
5852
5854
5855
5857
5858
5859
5860
5861
5863
5864
5865
5866
5867
5868
5869
5870
5871
5874
5875
5876
5877
5878
5880
5881
5882
5883
5885
5887
5888
5891
5892
5893
5894
5895
5897
5898
5900
5901
5902
5903
5907
5910
5912
5913
5914
5915
5916
5917
5918
5919
5921
5922
5923
5925
5926
5927
5928
5930
5931
5934
5935
5936
5937
5938
5940
5942
5943
5945
5946
5947
5948
5949
5951
5952
5954
5955
5956
5958
5961
5963
5964
5965
5966
5967
5968
5969
5970
5971
5972
5974
5975
5976
5977
5979
5980
5981
5982
5983
5984
5986
5987
5988
5989
5991
5992
5993
5994
5995
5996
5998
5999
6000
6001
6002
6003
6004
6006
6008
6009
6011
6012
6014
6015
6016
6017
6018
6019
6020
6021
6023
6024
6026
6028
6030
6031
6032
6034
6037
6038
6039
6040
6041
6042
6043
6044
6045
6046
6048
6050
6051
6052
6053
6055
6056
6057
6058
6059
6062
6065
6066
6067
6068
6069
6070
6071
6072
6074
6080
6085
6086
6087
6088
6089
6090
6091
6093
6094
6096
6098
6099
6100
6101
6103
6105
6106
6107
6108
6109
6110
6111
6115
6116
6117
6118
6119
6122
6123
6124
6125
6127
6128
6129
6134
6135
6136
6138
6139
6140
6141
6142
6143
6144
6146
6147
6148
6149
6150
6151
6153
6155
6156
6158
6159
6162
6164
6165
6166
6167
6168
6169
6170
6171
6172
6173
6175
6176
6177
6179
6180
6181
6186
6187
6188
6189
6191
6193
6194
6195
6197
6198
6199
6200
6201
6202
6203
6204
6205
6206
6207
6209
6213
6214
6215
6218
6221
6222
6223
6226
6227
6228
6229
6231
6232
6233
6234
6235
6238
6239
6240
6241
6242
6243
6244
6245
6246
6248
6249
6251
6252
6255
6256
6258
6260
6263
6266
6267
6273
6276
6277
6278
6279
6281
6283
6285
6287
6289
6290
6291
6292
6293
6296
6297
6298
6300
6301
6302
6304
6305
6307
6308
6311
6313
6314
6318
6320
6321
6322
6324
6325
6326
6327
6328
6331
6332
6333
6334
6335
6336
6337
6339
6341
6343
6345
6346
6348
6351
6353
6355
6357
6358
6359
6361
6362
6363
6364
6365
6368
6369
6371
6376
6377
6378
6379
6380
6384
6385
6386
6387
6388
6389
6390
6391
6393
6394
6396
6397
6398
6399
6401
6402
6403
6404
6405
6406
6407
6408
6409
6410
6411
6414
6415
6416
6417
6418
6420
6421
6422
6423
6424
6426
6427
6428
6430
6431
6432
6433
6434
6435
6437
6438
6441
6442
6443
6444
6445
6446
6447
6448
6450
6451
6452
6453
6454
6455
6456
6460
6461
6464
6465
6466
6467
6468
6470
6472
6473
6476
6477
6479
6480
6481
6482
6483
6486
6487
6488
6489
6490
6491
6495
6496
6499
6500
6502
6503
6504
6505
6506
6508
6510
6512
6513
6515
6519
6520
6521
6522
6523
6525
6526
6528
6529
6532
6536
6537
6539
6540
6542
6543
6544
6545
6546
6550
6551
6552
6553
6556
6558
6559
6560
6561
6564
6565
6566
6569
6570
6574
6575
6577
6578
6579
6580
6583
6586
6587
6588
6591
6592
6593
6594
6598
6599
6600
6602
6603
6604
6609
6610
6612
6614
6615
6616
6618
6619
6620
6621
6624
6625
6626
6627
6628
6629
6631
6632
6633
6634
6635
6636
6637
6640
6642
6643
6644
6645
6646
6649
6650
6652
6653
6656
6657
6659
6660
6661
6662
6663
6664
6668
6669
6670
6671
6673
6676
6677
6679
6680
6681
6682
6683
6686
6688
6689
6690
6694
6695
6696
6698
6699
6700
6701
6702
6703
6704
6705
6706
6707
6708
6709
6710
6711
6713
6714
6715
6716
6718
6722
6724
6726
6727
6728
6729
6730
6731
6732
6734
6735
6736
6737
6739
6740
6741
6742
6743
6744
6747
6748
6750
6752
6753
6754
6755
6756
6758
6760
6761
6763
6764
6765
6766
6767
6768
6769
6770
6771
6772
6773
6777
6779
6780
6781
6785
6786
6788
6790
6792
6793
6795
6797
6798
6801
6802
6806
6808
6810
6812
6813
6814
6815
6817
6819
6820
6821
6822
6823
6824
6825
6826
6827
6828
6830
6831
6832
6833
6834
6835
6836
6837
6838
6839
6840
6843
6844
6846
6847
6849
6851
6852
6853
6854
6855
6856
6857
6859
6860
6862
6863
6864
6871
6872
6873
6874
6876
6877
6878
6879
6880
6881
6882
6883
6884
6886
6887
6888
6889
6891
6892
6893
6894
6896
6897
6898
6900
6901
6902
6903
6904
6905
6906
6908
6909
6911
6912
6913
6914
6917
6918
6919
6920
6922
6923
6924
6925
6926
6928
6929
6930
6931
6932
6935
6937
6938
6939
6941
6942
6943
6944
6945
6946
6947
6948
6951
6952
6954
6956
6958
6959
6960
6961
6963
6964
6965
6967
6968
6969
6970
6971
6972
6973
6975
6977
6978
6979
6982
6986
6987
6988
6989
6991
6992
6993
6994
6996
6997
6999
7000
7001
7003
7004
7007
7008
7010
7012
7015
7017
7018
7019
7022
7023
7024
7025
7026
7027
7030
7031
7033
7034
7035
7036
7037
7038
7040
7042
7043
7044
7045
7047
7048
7049
7050
7051
7052
7053
7055
7056
7058
7059
7060
7061
7062
7063
7064
7067
7069
7071
7072
7073
7076
7077
7078
7079
7083
7085
7089
7091
7092
7094
7096
7097
7098
7099
7101
7103
7104
7105
7108
7110
7111
7112
7113
7114
7115
7116
7119
7122
7124
7125
7126
7127
7128
7130
7133
7134
7135
7136
7137
7139
7141
7142
7144
7145
7147
7148
7149
7150
7151
7152
7153
7154
7155
7158
7159
7160
7161
7164
7165
7167
7168
7169
7171
7172
7173
7174
7175
7176
7177
7180
7181
7182
7183
7184
7186
7187
7188
7189
7190
7191
7192
7193
7194
7196
7197
7198
7199
7202
7203
7204
7205
7206
7207
7209
7210
7213
7218
7219
7220
7222
7223
7224
7227
7228
7230
7233
7236
7239
7241
7242
7244
7245
7246
7247
7249
7250
7251
7252
7254
7255
7256
7258
7259
7260
7261
7264
7267
7268
7269
7270
7272
7273
7276
7277
7278
7279
7281
7282
7285
7287
7288
7290
7292
7293
7294
7295
7297
7299
7300
7301
7302
7304
7305
7307
7308
7309
7311
7312
7314
7316
7317
7318
7320
7322
7323
7324
7325
7326
7327
7329
7330
7331
7333
7336
7337
7340
7344
7345
7346
7347
7348
7349
7353
7354
7355
7356
7357
7358
7360
7362
7363
7364
7366
7367
7369
7370
7372
7374
7375
7376
7378
7379
7380
7381
7383
7385
7386
7387
7388
7389
7390
7392
7396
7397
7398
7400
7401
7402
7403
7404
7406
7407
7408
7409
7414
7415
7416
7417
7418
7420
7421
7422
7423
7424
7425
7428
7430
7431
7432
7433
7434
7435
7437
7439
7442
7443
7446
7447
7448
7450
7451
7453
7454
7455
7456
7457
7459
7460
7461
7463
7465
7466
7467
7468
7469
7470
7471
7472
7473
7475
7477
7478
7481
7484
7485
7487
7490
7491
7492
7494
7496
7498
7500
7502
7503
7504
7506
7507
7511
7512
7514
7515
7517
7518
7520
7521
7522
7523
7524
7525
7526
7527
7528
7529
7530
7531
7532
7533
7534
7536
7537
7538
7540
7541
7542
7543
7544
7547
7549
7550
7551
7552
7553
7554
7555
7556
7557
7558
7561
7563
7564
7565
7567
7568
7569
7570
7571
7573
7574
7575
7576
7580
7581
7582
7583
7584
7586
7587
7589
7590
7591
7594
7595
7596
7597
7598
7601
7603
7604
7605
7608
7611
7612
7614
7615
7622
7625
7626
7630
7631
7633
7636
7637
7638
7639
7640
7642
7643
7644
7645
7646
7647
7648
7649
7651
7653
7654
7657
7658
7661
7662
7663
7664
7665
7667
7668
7670
7672
7673
7677
7678
7679
7680
7681
7684
7687
7688
7690
7691
7692
7693
7695
7696
7697
7699
7700
7701
7702
7705
7706
7708
7709
7711
7716
7717
7721
7722
7725
7726
7727
7729
7730
7731
7733
7734
7735
7739
7740
7742
7743
7744
7745
7746
7747
7748
7749
7752
7753
7754
7755
7756
7758
7759
7760
7761
7763
7766
7767
7769
7770
7771
7772
7773
7774
7775
7776
7778
7780
7781
7782
7783
7784
7786
7787
7788
7789
7790
7791
7792
7793
7794
7799
7800
7802
7805
7806
7807
7809
7810
7811
7812
7813
7814
7815
7817
7818
7819
7820
7822
7823
7824
7825
7826
7827
7829
7830
7831
7832
7833
7834
7836
7838
7839
7840
7841
7842
7844
7845
7848
7849
7851
7852
7854
7855
7856
7857
7858
7859
7862
7863
7864
7865
7867
7869
7870
7871
7872
7873
7874
7876
7877
7878
7881
7882
7883
7884
7885
7887
7888
7890
7891
7892
7893
7894
7895
7896
7897
7898
7899
7900
7901
7903
7904
7905
7907
7908
7909
7911
7912
7914
7915
7916
7917
7919
7920
7922
7923
7925
7926
7927
7928
7929
7930
7931
7932
7933
7935
7938
7939
7940
7941
7942
7943
7944
7946
7947
7950
7951
7952
7955
7956
7957
7958
7959
7960
7961
7962
7963
7964
7966
7967
7968
7970
7972
7973
7974
7975
7976
7977
7978
7979
7980
7981
7982
7984
7985
7987
7988
7989
7990
7994
7995
7997
7998
7999
8000
8001
8002
8004
8005
8007
8010
8011
8012
8013
8014
8015
8016
8019
8022
8023
8024
8025
8026
8029
8030
8031
8032
8033
8034
8035
8036
8037
8039
8040
8041
8042
8043
8044
8045
8046
8048
8049
8050
8051
8053
8055
8056
8057
8058
8059
8060
8062
8063
8064
8066
8067
8068
8069
8070
8072
8076
8077
8078
8079
8081
8083
8085
8087
8088
8089
8090
8092
8093
8094
8095
8096
8100
8103
8105
8106
8107
8108
8109
8111
8112
8115
8116
8117
8118
8119
8120
8121
8124
8125
8126
8127
8128
8129
8130
8131
8132
8133
8136
8137
8138
8139
8141
8142
8144
8145
8146
8147
8148
8149
8151
8152
8153
8154
8155
8156
8157
8158
8160
8161
8162
8163
8164
8165
8166
8167
8168
8169
8171
8173
8174
8177
8179
8181
8183
8184
8185
8186
8188
8189
8190
8191
8192
8193
8194
8195
8196
8198
8199
8200
8201
8202
8204
8206
8209
8210
8211
8212
8213
8216
8217
8218
8219
8220
8221
8222
8223
8224
8225
8226
8227
8228
8229
8234
8235
8237
8238
8240
8241
8243
8244
8245
8246
8247
8248
8250
8251
8252
8255
8258
8259
8260
8261
8262
8263
8264
8265
8267
8268
8269
8271
8272
8273
8275
8276
8277
8278
8279
8280
8282
8284
8286
8287
8292
8293
8294
8295
8298
8301
8302
8303
8305
8306
8307
8308
8311
8312
8313
8315
8316
8320
8324
8325
8326
8327
8328
8329
8331
8332
8334
8335
8336
8337
8338
8339
8342
8343
8346
8348
8349
8350
8352
8353
8354
8359
8360
8361
8362
8363
8364
8365
8366
8367
8368
8371
8372
8374
8377
8378
8379
8380
8381
8383
8384
8386
8387
8388
8390
8391
8392
8393
8394
8396
8397
8399
8400
8402
8404
8405
8406
8408
8412
8413
8414
8415
8416
8419
8420
8421
8422
8423
8425
8426
8429
8431
8432
8435
8437
8439
8440
8441
8442
8443
8444
8445
8446
8447
8448
8449
8451
8453
8454
8456
8457
8458
8460
8461
8463
8464
8466
8467
8469
8470
8473
8474
8475
8477
8478
8479
8480
8481
8483
8484
8486
8488
8489
8490
8491
8492
8493
8496
8497
8498
8500
8501
8502
8503
8504
8505
8508
8509
8510
8513
8515
8516
8517
8518
8519
8520
8521
8522
8526
8527
8528
8529
8530
8531
8532
8533
8536
8538
8539
8541
8542
8543
8546
8547
8548
8550
8552
8553
8555
8557
8560
8562
8563
8564
8566
8568
8569
8576
8577
8578
8579
8580
8581
8582
8584
8586
8587
8588
8590
8591
8592
8593
8594
8596
8597
8599
8602
8603
8604
8605
8607
8608
8609
8611
8612
8613
8614
8617
8618
8619
8620
8621
8622
8623
8624
8625
8626
8627
8629
8630
8631
8634
8635
8636
8638
8639
8640
8641
8642
8643
8644
8647
8648
8649
8650
8653
8654
8655
8656
8657
8660
8661
8662
8663
8664
8665
8666
8667
8668
8669
8671
8672
8673
8674
8675
8676
8677
8678
8679
8680
8681
8682
8684
8685
8686
8690
8691
8692
8693
8694
8695
8696
8699
8700
8702
8703
8704
8705
8707
8708
8709
8710
8711
8712
8713
8715
8716
8717
8723
8725
8730
8731
8734
8736
8737
8738
8740
8741
8742
8743
8745
8746
8747
8749
8750
8751
8752
8753
8758
8759
8760
8761
8762
8763
8765
8766
8767
8768
8769
8771
8773
8774
8775
8776
8778
8779
8780
8783
8786
8788
8789
8790
8791
8794
8796
8799
8801
8802
8803
8804
8806
8807
8808
8810
8811
8814
8815
8816
8817
8819
8821
8822
8825
8826
8828
8829
8830
8832
8833
8834
8836
8837
8838
8839
8840
8841
8842
8843
8845
8848
8849
8850
8851
8852
8853
8854
8855
8856
8857
8861
8863
8864
8865
8866
8867
8868
8869
8871
8872
8873
8874
8877
8878
8879
8880
8882
8883
8884
8885
8887
8888
8892
8893
8894
8895
8896
8897
8898
8899
8900
8902
8903
8904
8907
8908
8909
8910
8911
8914
8915
8917
8918
8919
8920
8921
8923
8924
8925
8926
8928
8929
8930
8931
8933
8934
8935
8936
8938
8939
8940
8941
8942
8943
8944
8946
8947
8949
8950
8951
8952
8953
8956
8957
8958
8959
8961
8962
8963
8964
8965
8966
8967
8969
8971
8972
8973
8975
8976
8978
8979
8981
8983
8984
8986
8987
8988
8989
8992
8994
8995
8996
8997
8998
9000
9001
9002
9005
9006
9007
9010
9011
9012
9014
9015
9016
9018
9019
9020
9021
9022
9024
9026
9029
9030
9031
9032
9033
9035
9036
9039
9040
9041
9042
9044
9045
9046
9047
9048
9049
9051
9052
9053
9054
9055
9056
9058
9060
9061
9062
9063
9064
9065
9066
9067
9068
9070
9071
9072
9073
9075
9076
9077
9078
9079
9080
9081
9083
9084
9085
9086
9087
9088
9089
9090
9092
9094
9096
9098
9099
9101
9102
9104
9105
9106
9107
9109
9110
9112
9114
9115
9117
9118
9119
9120
9121
9122
9124
9125
9126
9129
9131
9132
9133
9134
9135
9136
9137
9138
9140
9141
9142
9143
9145
9147
9148
9149
9151
9152
9153
9154
9155
9156
9158
9159
9160
9162
9163
9164
9165
9166
9167
9169
9170
9172
9178
9180
9182
9183
9184
9186
9188
9189
9191
9192
9193
9194
9195
9196
9197
9198
9201
9202
9203
9204
9205
9210
9211
9213
9214
9215
9216
9217
9218
9219
9220
9221
9222
9223
9224
9226
9227
9229
9230
9231
9232
9234
9235
9236
9237
9238
9239
9240
9241
9242
9243
9244
9246
9247
9248
9251
9252
9253
9256
9257
9260
9261
9266
9267
9268
9269
9270
9271
9274
9276
9277
9278
9280
9281
9283
9284
9285
9287
9288
9289
9291
9294
9296
9297
9298
9300
9301
9303
9304
9305
9306
9308
9312
9315
9316
9317
9318
9319
9321
9323
9324
9325
9326
9327
9328
9329
9330
9331
9332
9334
9335
9337
9339
9342
9343
9344
9345
9347
9348
9350
9353
9354
9355
9356
9357
9358
9359
9360
9361
9362
9365
9367
9368
9370
9371
9372
9373
9374
9375
9376
9377
9379
9380
9381
9382
9383
9384
9386
9387
9389
9393
9394
9396
9398
9399
9400
9401
9402
9403
9404
9405
9407
9408
9409
9410
9411
9412
9415
9416
9417
9418
9419
9420
9421
9422
9423
9424
9425
9428
9429
9431
9432
9433
9435
9436
9437
9438
9440
9441
9442
9443
9444
9445
9446
9447
9448
9449
9450
9451
9452
9453
9455
9457
9458
9459
9460
9461
9464
9465
9466
9467
9468
9469
9471
9472
9473
9474
9475
9476
9477
9478
9480
9481
9482
9484
9486
9487
9488
9489
9490
9491
9492
9493
9494
9497
9498
9499
9500
9505
9506
9507
9508
9509
9510
9511
9513
9514
9515
9516
9517
9518
9519
9520
9521
9522
9523
9524
9526
9527
9531
9532
9535
9536
9537
9538
9539
9540
9541
9543
9544
9545
9546
9547
9548
9549
9550
9552
9554
9555
9556
9557
9558
9559
9561
9563
9564
9565
9566
9568
9570
9572
9573
9574
9575
9577
9580
9581
9582
9583
9586
9587
9588
9590
9591
9592
9594
9596
9597
9598
9599
9601
9602
9605
9606
9608
9611
9612
9613
9614
9615
9616
9618
9623
9624
9625
9627
9632
9633
9635
9638
9641
9642
9643
9645
9646
9647
9648
9649
9651
9652
9653
9654
9655
9656
9658
9659
9660
9662
9663
9664
9665
9666
9667
9668
9669
9670
9671
9672
9673
9676
9677
9678
9679
9680
9681
9682
9683
9684
9685
9686
9687
9689
9692
9693
9694
9695
9698
9699
9701
9702
9704
9706
9707
9708
9710
9712
9713
9716
9717
9718
9719
9720
9723
9727
9728
9733
9736
9737
9738
9739
9741
9742
9744
9745
9746
9748
9749
9750
9751
9753
9755
9756
9758
9759
9760
9761
9763
9764
9765
9766
9768
9769
9770
9773
9774
9775
9776
9777
9778
9781
9782
9786
9787
9788
9789
9790
9791
9794
9795
9797
9799
9801
9802
9803
9804
9805
9806
9807
9809
9810
9811
9812
9816
9817
9819
9820
9821
9822
9823
9826
9827
9828
9829
9830
9832
9833
9835
9836
9837
9838
9839
9840
9841
9843
9844
9845
9847
9848
9849
9852
9853
9854
9856
9858
9859
9860
9864
9865
9868
9869
9870
9872
9874
9876
9877
9878
9879
9880
9881
9882
9884
9887
9888
9889
9891
9893
9894
9895
9897
9898
9899
9901
9902
9903
9905
9906
9907
9909
9910
9915
9916
9917
9919
9921
9922
9923
9924
9925
9927
9930
9931
9932
9933
9934
9936
9938
9940
9942
9946
9947
9950
9951
9953
9954
9955
9956
9957
9959
9961
9962
9964
9965
9966
9967
9968
9969
9970
9971
9972
9973
9974
9975
9976
9977
9978
9979
9981
9982
9983
9984
9985
9986
9988
9989
9990
9991
9992
9993
9994
9995
9997
9998
9999
10000
10001
10002
10003
10004
10005
10007
10008
10010
10012
10013
10014
10015
10016
10017
10018
10019
10020
10021
10023
10026
10028
10029
10030
10031
10032
10033
10036
10037
10038
10039
10041
10042
10043
10044
10045
10046
10047
10049
10051
10052
10053
10054
10056
10058
10060
10061
10062
10063
10064
10066
10067
10068
10069
10070
10071
10072
10073
10074
10075
10076
10078
10079
10082
10083
10084
10086
10088
10090
10093
10095
10096
10097
10099
10100
10101
10102
10104
10105
10106
10107
10108
10109
10110
10111
10112
10113
10114
10115
10116
10117
10118
10119
10120
10121
10122
10123
10124
10125
10126
10127
10129
10130
10131
10133
10135
10136
10137
10138
10140
10141
10144
10145
10146
10147
10148
10149
10152
10153
10154
10155
10156
10157
10158
10159
10160
10161
10162
10163
10164
10169
10171
10172
10173
10174
10175
10177
10178
10179
10180
10182
10183
10184
10186
10187
10188
10189
10190
10191
10192
10193
10194
10195
10196
10197
10198
10199
10200
10203
10207
10209
10211
10214
10215
10216
10217
10220
10221
10222
10223
10224
10226
10229
10230
10232
10233
10234
10235
10236
10238
10239
10243
10244
10245
10246
10247
10248
10249
10250
10251
10255
10257
10258
10260
10261
10262
10265
10266
10267
10268
10269
10272
10273
10274
10275
10276
10277
10278
10279
10280
10281
10283
10284
10285
10286
10287
10288
10289
10290
10291
10292
10293
10294
10295
10296
10299
10300
10301
10302
10303
10304
10305
10306
10307
10308
10309
10310
10311
10312
10313
10314
10315
10316
10317
10320
10322
10323
10324
10326
10327
10328
10329
10330
10332
10333
10334
10335
10337
10339
10341
10342
10343
10344
10345
10347
10348
10349
10350
10357
10358
10359
10360
10361
10363
10364
10365
10367
10368
10369
10371
10372
10373
10374
10375
10376
10377
10378
10380
10381
10383
10384
10386
10387
10388
10389
10391
10392
10394
10395
10397
10398
10399
10402
10403
10404
10405
10406
10407
10408
10409
10410
10411
10412
10413
10414
10415
10416
10417
10419
10420
10421
10423
10426
10427
10429
10431
10432
10433
10435
10436
10437
10440
10441
10442
10443
10444
10447
10449
10450
10451
10453
10454
10455
10457
10459
10460
10461
10462
10463
10464
10465
10466
10467
10468
10469
10470
10473
10476
10477
10478
10481
10482
10484
10485
10486
10488
10489
10490
10491
10492
10493
10494
10495
10496
10497
10499
10500
10501
10502
10503
10504
10506
10507
10511
10513
10514
10515
10516
10519
10523
10525
10526
10527
10528
10529
10530
10531
10532
10535
10536
10537
10538
10539
10540
10543
10544
10545
10546
10547
10549
10550
10551
10552
10553
10554
10555
10556
10557
10559
10560
10561
10562
10563
10564
10566
10567
10568
10569
10570
10571
10572
10573
10574
10576
10577
10578
10579
10580
10581
10582
10583
10584
10585
10586
10587
10588
10589
10590
10591
10592
10595
10596
10599
10600
10601
10604
10605
10606
10607
10608
10609
10610
10611
10612
10613
10614
10615
10618
10619
10620
10621
10622
10624
10626
10627
10628
10629
10631
10632
10635
10636
10637
10638
10641
10642
10643
10644
10645
10646
10647
10648
10650
10651
10652
10653
10655
10656
10657
10658
10661
10662
10663
10665
10666
10667
10668
10670
10671
10672
10673
10675
10676
10679
10680
10682
10683
10685
10686
10687
10688
10689
10690
10691
10692
10693
10695
10696
10697
10698
10699
10700
10701
10702
10703
10705
10706
10707
10708
10709
10711
10712
10714
10715
10716
10717
10718
10719
10720
10721
10722
10724
10726
10727
10729
10731
10733
10735
10736
10737
10740
10743
10744
10747
10748
10749
10751
10752
10753
10754
10755
10756
10757
10758
10759
10760
10762
10763
10765
10766
10767
10768
10770
10771
10773
10774
10775
10776
10779
10782
10783
10785
10786
10787
10788
10790
10791
10792
10793
10794
10796
10798
10801
10802
10803
10804
10805
10806
10807
10808
10810
10811
10812
10813
10816
10817
10819
10821
10822
10823
10826
10827
10829
10830
10831
10832
10834
10836
10837
10838
10839
10840
10843
10844
10845
10846
10849
10850
10853
10854
10857
10858
10862
10863
10865
10866
10868
10869
10870
10871
10872
10873
10874
10875
10876
10878
10879
10880
10881
10885
10887
10888
10889
10890
10891
10892
10893
10894
10897
10898
10899
10900
10902
10903
10905
10906
10908
10909
10910
10914
10915
10917
10918
10919
10920
10921
10923
10924
10926
10928
10930
10931
10933
10935
10937
10938
10939
10940
10942
10943
10946
10947
10948
10949
10950
10953
10954
10955
10956
10958
10959
10961
10962
10963
10964
10965
10966
10968
10969
10970
10971
10972
10973
10974
10975
10976
10977
10978
10980
10982
10983
10984
10985
10986
10987
10988
10989
10990
10992
10994
10995
10998
10999
11000
11002
11003
11004
11007
11009
11010
11011
11012
11013
11014
11015
11016
11017
11018
11019
11021
11022
11023
11024
11025
11026
11027
11028
11030
11031
11033
11034
11035
11036
11039
11040
11042
11043
11046
11048
11050
11051
11053
11055
11056
11057
11058
11060
11061
11062
11063
11064
11065
11066
11067
11070
11071
11073
11074
11075
11076
11078
11079
11080
11083
11084
11085
11086
11087
11088
11090
11091
11092
11093
11094
11095
11098
11099
11100
11101
11106
11107
11108
11109
11110
11112
11113
11114
11115
11119
11120
11121
11122
11123
11124
11125
11126
11127
11128
11129
11131
11132
11133
11135
11136
11137
11138
11140
11142
11143
11144
11145
11148
11149
11150
11151
11153
11154
11155
11156
11158
11159
11161
11163
11164
11165
11166
11168
11169
11170
11171
11173
11174
11175
11176
11177
11178
11179
11181
11182
11183
11185
11186
11187
11188
11189
11190
11191
11192
11193
11194
11197
11198
11199
11200
11201
11204
11206
11208
11209
11210
11212
11213
11214
11215
11216
11217
11218
11219
11220
11221
11222
11223
11224
11225
11226
11227
11228
11230
11232
11234
11235
11239
11240
11241
11244
11246
11248
11251
11253
11254
11255
11256
11257
11258
11260
11261
11262
11266
11268
11270
11276
11277
11278
11279
11280
11281
11284
11285
11286
11289
11290
11291
11292
11293
11296
11297
11300
11301
11304
11305
11307
11308
11309
11311
11313
11314
11315
11316
11317
11320
11321
11323
11324
11326
11328
11329
11330
11331
11333
11334
11335
11336
11337
11338
11339
11340
11343
11344
11346
11347
11348
11350
11351
11352
11353
11354
11357
11359
11360
11361
11364
11366
11367
11368
11369
11370
11372
11373
11375
11378
11380
11381
11382
11383
11384
11385
11386
11388
11389
11390
11391
11392
11393
11394
11395
11396
11397
11398
11399
11400
11403
11404
11405
11406
11407
11408
11410
11413
11414
11415
11416
11417
11418
11419
11420
11421
11422
11423
11424
11426
11427
11428
11429
11430
11432
11433
11434
11435
11436
11437
11438
11439
11440
11443
11444
11445
11447
11450
11451
11452
11453
11454
11455
11458
11460
11464
11465
11466
11467
11468
11469
11470
11471
11472
11473
11475
11476
11477
11478
11479
11481
11482
11483
11484
11485
11486
11487
11488
11490
11491
11492
11493
11494
11495
11498
11499
11500
11501
11502
11503
11504
11505
11506
11507
11508
11509
11510
11511
11512
11513
11514
11515
11516
11517
11518
11520
11522
11523
11524
11525
11526
11527
11528
11529
11530
11532
11533
11534
11535
11537
11538
11539
11540
11541
11542
11543
11544
11545
11546
11547
11548
11549
11552
11553
11555
11556
11557
11559
11560
11561
11562
11564
11565
11566
11567
11568
11569
11571
11573
11574
11575
11576
11577
11578
11579
11580
11581
11583
11586
11587
11588
11589
11590
11591
11592
11593
11594
11596
11597
11598
11599
11600
11601
11602
11603
11604
11605
11606
11608
11611
11612
11614
11615
11616
11617
11619
11620
11621
11622
11623
11624
11625
11626
11627
11629
11630
11631
11632
11633
11635
11636
11637
11638
11640
11641
11642
11643
11645
11647
11648
11650
11651
11653
11654
11655
11656
11658
11659
11660
11662
11663
11664
11667
11668
11669
11670
11671
11672
11673
11674
11675
11676
11677
11678
11680
11681
11682
11683
11686
11687
11689
11690
11691
11692
11693
11695
11697
11698
11699
11700
11701
11702
11703
11704
11705
11706
11708
11709
11710
11712
11714
11715
11717
11718
11720
11721
11722
11723
11726
11727
11728
11729
11730
11732
11733
11735
11736
11737
11738
11741
11742
11743
11744
11745
11746
11748
11750
11751
11753
11754
11755
11757
11758
11759
11760
11761
11763
11764
11765
11766
11767
11768
11769
11770
11771
11772
11773
11774
11776
11779
11780
11781
11782
11783
11784
11787
11788
11789
11790
11791
11793
11794
11795
11796
11797
11798
11799
11800
11801
11804
11805
11809
11810
11811
11812
11814
11815
11816
11817
11818
11819
11820
11821
11822
11826
11827
11828
11829
11831
11832
11833
11835
11836
11837
11838
11839
11840
11841
11843
11845
11847
11849
11851
11852
11853
11854
11856
11857
11859
11860
11861
11862
11864
11865
11866
11867
11868
11870
11871
11872
11873
11875
11876
11877
11878
11880
11881
11882
11883
11884
11885
11886
11887
11888
11889
11890
11891
11892
11894
11895
11897
11898
11899
11900
11902
11903
11904
11907
11911
11912
11913
11914
11915
11916
11917
11920
11922
11923
11924
11926
11927
11928
11929
11931
11932
11933
11934
11935
11937
11938
11939
11940
11941
11943
11944
11945
11946
11947
11948
11950
11951
11952
11953
11954
11955
11956
11959
11960
11961
11962
11964
11966
11967
11968
11969
11970
11971
11972
11973
11976
11977
11978
11980
11981
11982
11983
11984
11986
11987
11989
11990
11991
11992
11993
11996
11997
11998
11999
12000
12001
12002
12003
12004
12005
12006
12007
12008
12009
12010
12012
12013
12014
12015
12017
12020
12021
12023
12024
12025
12026
12028
12029
12031
12033
12035
12036
12037
12039
12041
12042
12044
12047
12048
12049
12050
12051
12052
12053
12054
12055
12056
12058
12060
12061
12063
12064
12065
12066
12068
12069
12070
12071
12072
12074
12075
12076
12077
12078
12079
12080
12081
12082
12083
12084
12086
12087
12088
12089
12091
12094
12095
12097
12098
12099
12100
12101
12104
12105
12106
12107
12109
12110
12111
12112
12113
12114
12115
12116
12117
12119
12121
12122
12124
12125
12126
12127
12128
12131
12133
12134
12135
12137
12139
12140
12141
12142
12143
12144
12145
12146
12147
12148
12149
12150
12151
12152
12153
12156
12157
12158
12159
12160
12161
12163
12164
12165
12166
12168
12169
12170
12171
12172
12173
12177
12178
12180
12181
12182
12184
12185
12186
12188
12189
12190
12192
12193
12194
12195
12196
12197
12198
12199
12200
12201
12202
12204
12206
12210
12211
12212
12213
12216
12217
12218
12220
12221
12222
12223
12224
12226
12227
12230
12231
12232
12235
12236
12237
12240
12241
12242
12243
12244
12245
12249
12250
12252
12253
12254
12255
12256
12257
12258
12260
12261
12264
12265
12268
12269
12271
12273
12274
12275
12276
12277
12278
12281
12283
12285
12286
12287
12288
12290
12291
12292
12294
12295
12296
12297
12298
12299
12300
12301
12302
12303
12304
12305
12306
12307
12310
12311
12312
12314
12315
12317
12318
12319
12320
12321
12322
12325
12326
12327
12330
12331
12332
12333
12334
12335
12336
12337
12338
12339
12340
12341
12342
12343
12344
12345
12347
12348
12349
12350
12351
12352
12353
12354
12355
12358
12359
12360
12361
12365
12366
12368
12369
12370
12372
12374
12375
12376
12377
12378
12379
12380
12381
12382
12383
12384
12385
12386
12387
12388
12389
12390
12391
12393
12394
12395
12397
12398
12400
12401
12403
12404
12405
12406
12407
12408
12409
12410
12411
12412
12413
12414
12415
12417
12418
12419
12420
12421
12422
12423
12424
12426
12427
12428
12429
12430
12431
12433
12435
12436
12437
12438
12439
12440
12442
12443
12444
12445
12446
12447
12448
12449
12450
12451
12452
12453
12455
12456
12459
12460
12462
12463
12465
12467
12468
12469
12470
12472
12473
12475
12476
12477
12479
12480
12481
12482
12484
12485
12486
12487
12491
12492
12493
12494
12495
12497
12499
12500
12503
12506
12507
12508
12509
12510
12511
12513
12514
12515
12516
12517
12519
12520
12521
12522
12523
12524
12525
12526
12527
12528
12533
12534
12535
12536
12537
12538
12540
12541
12542
12543
12544
12545
12546
12547
12548
12549
12550
12552
12554
12555
12556
12557
12558
12559
12561
12562
12563
12564
12565
12568
12569
12570
12572
12573
12574
12576
12577
12578
12581
12584
12585
12586
12587
12588
12589
12590
12591
12593
12594
12595
12596
12597
12598
12599
12600
12602
12603
12604
12605
12607
12608
12609
12610
12611
12615
12616
12617
12618
12619
12620
12621
12622
12623
12624
12626
12628
12629
12632
12633
12634
12635
12636
12637
12638
12639
12640
12641
12642
12643
12644
12646
12648
12649
12651
12653
12654
12656
12657
12658
12659
12660
12661
12662
12663
12664
12665
12667
12671
12673
12675
12676
12679
12680
12681
12683
12684
12685
12686
12687
12690
12691
12694
12695
12696
12697
12698
12699
12700
12701
12702
12704
12705
12706
12707
12708
12709
12710
12711
12712
12714
12715
12716
12717
12718
12719
12720
12721
12722
12723
12727
12728
12729
12731
12733
12734
12735
12736
12737
12738
12739
12741
12742
12743
12744
12745
12746
12748
12749
12752
12753
12754
12755
12756
12757
12758
12759
12760
12761
12764
12766
12767
12768
12769
12770
12771
12772
12775
12776
12777
12778
12780
12781
12782
12783
12784
12785
12786
12787
12788
12789
12790
12791
12792
12793
12794
12795
12796
12797
12798
12799
12800
12802
12803
12805
12807
12810
12811
12812
12813
12814
12816
12817
12818
12820
12821
12822
12823
12824
12825
12826
12827
12829
12830
12831
12834
12835
12837
12838
12839
12840
12841
12843
12846
12848
12849
12850
12851
12852
12854
12855
12856
12857
12858
12859
12860
12863
12864
12865
12867
12869
12870
12872
12873
12875
12876
12877
12878
12879
12880
12883
12886
12887
12890
12891
12893
12894
12895
12896
12897
12898
12899
12900
12901
12902
12903
12904
12905
12906
12907
12908
12909
12910
12913
12914
12916
12917
12918
12919
12920
12921
12922
12923
12924
12925
12927
12928
12929
12930
12931
12932
12934
12935
12936
12937
12938
12940
12941
12942
12943
12944
12945
12946
12947
12948
12949
12950
12951
12952
12953
12954
12955
12956
12957
12958
12959
12961
12962
12963
12964
12965
12966
12967
12968
12970
12971
12973
12975
12976
12979
12980
12981
12982
12983
12984
12988
12990
12992
12993
12994
12995
12996
12997
12998
12999
13001
13003
13004
13005
13006
13007
13008
13010
13012
13014
13015
13016
13017
13019
13020
13022
13023
13025
13026
13027
13028
13031
13032
13033
13034
13036
13040
13041
13043
13044
13045
13046
13047
13048
13050
13051
13052
13054
13055
13057
13060
13061
13062
13063
13067
13069
13070
13071
13072
13073
13075
13078
13079
13080
13081
13082
13084
13085
13086
13087
13088
13091
13092
13093
13094
13095
13096
13097
13098
13099
13100
13101
13102
13103
13105
13106
13107
13109
13110
13112
13113
13115
13116
13117
13118
13119
13120
13121
13122
13123
13124
13125
13127
13128
13129
13130
13131
13133
13134
13135
13136
13137
13138
13139
13141
13143
13144
13145
13146
13147
13150
13151
13152
13154
13155
13156
13158
13159
13160
13161
13162
13163
13164
13165
13166
13167
13168
13169
13170
13171
13172
13173
13174
13175
13177
13178
13180
13181
13182
13183
13184
13187
13188
13189
13190
13191
13192
13193
13194
13195
13196
13197
13200
13201
13202
13203
13204
13206
13208
13209
13210
13211
13212
13216
13218
13219
13220
13221
13223
13224
13225
13226
13227
13229
13230
13231
13232
13233
13234
13235
13236
13239
13240
13241
13242
13243
13244
13245
13246
13247
13248
13249
13250
13251
13253
13255
13256
13257
13259
13260
13261
13262
13263
13264
13266
13268
13269
13270
13273
13274
13276
13277
13278
13279
13280
13281
13282
13284
13285
13287
13289
13290
13292
13294
13295
13296
13297
13298
13299
13300
13301
13302
13303
13305
13306
13308
13309
13310
13311
13312
13314
13316
13318
13325
13326
13327
13328
13329
13332
13334
13335
13337
13338
13339
13340
13341
13343
13344
13345
13346
13347
13348
13349
13350
13351
13352
13353
13354
13355
13356
13359
13360
13364
13366
13367
13369
13370
13371
13372
13373
13377
13378
13379
13381
13382
13383
13384
13385
13386
13387
13388
13389
13390
13392
13394
13396
13397
13398
13399
13400
13402
13404
13405
13406
13407
13408
13409
13410
13411
13412
13413
13414
13415
13416
13417
13419
13420
13421
13422
13424
13425
13426
13427
13428
13429
13430
13431
13432
13433
13435
13436
13437
13438
13439
13440
13441
13442
13444
13447
13449
13450
13452
13453
13454
13456
13457
13458
13459
13460
13461
13462
13463
13464
13465
13467
13468
13470
13473
13475
13476
13477
13478
13480
13481
13483
13484
13485
13486
13487
13488
13489
13490
13491
13492
13493
13494
13495
13496
13497
13498
13499
13500
13501
13502
13503
13504
13505
13506
13507
13508
13509
13511
13512
13514
13515
13516
13517
13518
13519
13520
13521
13522
13523
13524
13525
13527
13528
13529
13530
13531
13532
13533
13534
13535
13536
13537
13538
13539
13540
13541
13542
13543
13545
13547
13548
13549
13550
13553
13554
13556
13557
13559
13560
13561
13562
13563
13564
13565
13566
13567
13568
13570
13572
13574
13575
13576
13577
13578
13579
13580
13581
13583
13584
13585
13588
13589
13590
13591
13593
13594
13595
13596
13597
13598
13599
13600
13602
13604
13605
13607
13608
13609
13613
13614
13615
13617
13618
13620
13621
13622
13623
13624
13626
13628
13630
13632
13633
13634
13635
13636
13638
13639
13640
13641
13642
13644
13645
13648
13649
13650
13652
13654
13655
13656
13657
13658
13659
13661
13662
13663
13664
13665
13666
13667
13669
13671
13672
13673
13674
13675
13676
13677
13678
13680
13681
13683
13684
13685
13686
13687
13688
13689
13691
13692
13693
13694
13695
13697
13698
13699
13700
13701
13702
13703
13704
13706
13708
13709
13710
13711
13712
13713
13714
13715
13716
13721
13722
13724
13725
13726
13729
13730
13731
13732
13734
13735
13736
13737
13738
13741
13742
13743
13744
13745
13746
13747
13748
13749
13750
13751
13753
13754
13755
13756
13760
13762
13763
13764
13765
13766
13767
13770
13771
13772
13773
13774
13775
13776
13777
13778
13780
13781
13784
13785
13786
13787
13788
13789
13790
13791
13793
13794
13795
13796
13797
13798
13800
13801
13802
13804
13809
13810
13811
13812
13813
13814
13815
13816
13817
13819
13820
13821
13823
13824
13825
13826
13827
13828
13829
13830
13831
13834
13836
13837
13838
13839
13840
13841
13843
13845
13846
13847
13849
13850
13851
13852
13853
13857
13858
13860
13861
13864
13866
13867
13868
13869
13870
13871
13872
13874
13875
13876
13877
13878
13879
13881
13882
13885
13886
13890
13891
13892
13893
13894
13895
13897
13898
13899
13900
13902
13903
13904
13905
13906
13907
13908
13909
13910
13911
13912
13913
13914
13915
13917
13919
13921
13923
13924
13926
13927
13928
13929
13930
13931
13932
13933
13934
13935
13936
13937
13938
13940
13941
13942
13943
13949
13950
13953
13955
13956
13958
13960
13961
13962
13963
13964
13965
13966
13967
13968
13969
13970
13971
13972
13974
13975
13977
13979
13980
13982
13983
13984
13985
13986
13987
13988
13989
13990
13991
13992
13993
13994
13995
13996
13997
13998
13999
14001
14002
14003
14005
14006
14008
14010
14012
14013
14014
14016
14017
14018
14021
14022
14024
14025
14026
14027
14028
14029
14030
14031
14032
14035
14036
14037
14039
14041
14043
14044
14045
14046
14047
14048
14052
14053
14055
14056
14057
14058
14059
14060
14061
14064
14065
14066
14067
14068
14069
14071
14072
14073
14074
14075
14078
14079
14080
14081
14082
14083
14084
14085
14087
14088
14089
14090
14091
14092
14093
14094
14095
14096
14097
14098
14099
14100
14101
14103
14106
14107
14108
14109
14110
14112
14113
14114
14115
14116
14117
14118
14119
14121
14122
14123
14124
14125
14126
14127
14128
14129
14130
14132
14134
14135
14136
14137
14138
14140
14141
14143
14144
14145
14146
14147
14148
14149
14151
14153
14154
14155
14156
14157
14158
14159
14160
14162
14163
14164
14165
14166
14167
14169
14171
14172
14173
14174
14175
14177
14178
14179
14180
14181
14182
14183
14184
14185
14188
14189
14191
14192
14195
14196
14197
14198
14199
14200
14201
14202
14203
14204
14205
14206
14207
14209
14211
14212
14213
14214
14215
14216
14217
14218
14220
14221
14222
14223
14224
14225
14226
14229
14230
14231
14232
14233
14234
14235
14236
14237
14238
14239
14240
14241
14242
14243
14244
14246
14247
14249
14251
14252
14255
14256
14257
14258
14259
14261
14262
14263
14264
14265
14266
14267
14269
14270
14271
14274
14275
14276
14277
14278
14279
14280
14281
14282
14283
14286
14288
14289
14290
14292
14293
14294
14295
14298
14299
14301
14302
14303
14304
14305
14306
14307
14308
14309
14310
14311
14312
14313
14314
14315
14316
14318
14320
14321
14322
14323
14324
14325
14326
14327
14328
14329
14330
14331
14332
14333
14334
14336
14337
14338
14340
14341
14342
14343
14345
14346
14348
14349
14350
14351
14352
14353
14354
14355
14356
14357
14358
14359
14360
14361
14362
14363
14364
14365
14366
14367
14368
14369
14370
14371
14373
14374
14375
14377
14378
14379
14380
14381
14382
14383
14386
14387
14388
14391
14392
14393
14394
14395
14396
14398
14399
14401
14402
14403
14404
14405
14406
14407
14408
14409
14410
14411
14412
14414
14417
14418
14420
14422
14424
14426
14427
14428
14429
14430
14431
14432
14435
14436
14437
14438
14439
14440
14442
14443
14444
14445
14446
14448
14449
14451
14452
14454
14455
14457
14458
14459
14461
14462
14465
14466
14467
14469
14470
14471
14472
14474
14477
14478
14479
14480
14482
14483
14484
14486
14487
14488
14489
14490
14492
14493
14495
14496
14497
14498
14499
14501
14502
14505
14506
14507
14508
14509
14511
14513
14514
14515
14516
14517
14519
14520
14522
14523
14524
14527
14528
14530
14531
14532
14534
14535
14536
14537
14538
14539
14540
14542
14544
14545
14547
14548
14549
14550
14551
14552
14553
14554
14555
14556
14559
14560
14561
14562
14563
14564
14565
14567
14569
14570
14571
14572
14573
14574
14575
14576
14577
14578
14579
14580
14583
14584
14585
14586
14587
14589
14590
14591
14592
14593
14594
14595
14596
14597
14598
14600
14601
14602
14603
14604
14605
14606
14607
14609
14610
14612
14613
14614
14615
14617
14618
14620
14621
14622
14624
14625
14626
14627
14629
14630
14631
14632
14633
14634
14635
14636
14637
14639
14640
14641
14642
14643
14645
14646
14647
14648
14649
14650
14651
14652
14653
14654
14655
14656
14657
14659
14660
14661
14662
14663
14664
14665
14666
14667
14668
14669
14671
14673
14674
14675
14676
14678
14679
14680
14681
14682
14683
14684
14685
14687
14689
14690
14692
14693
14694
14695
14697
14698
14699
14700
14703
14704
14705
14706
14708
14710
14714
14715
14716
14717
14718
14719
14721
14724
14725
14726
14729
14731
14732
14734
14735
14737
14738
14739
14740
14742
14743
14744
14745
14746
14747
14748
14749
14750
14751
14752
14753
14754
14755
14756
14758
14759
14760
14761
14762
14763
14764
14765
14766
14767
14768
14770
14771
14772
14774
14775
14776
14778
14779
14780
14781
14782
14783
14784
14786
14788
14790
14792
14794
14797
14798
14799
14800
14801
14802
14803
14804
14805
14807
14808
14809
14811
14812
14813
14814
14815
14816
14817
14818
14819
14821
14822
14823
14825
14826
14827
14828
14829
14830
14831
14832
14833
14834
14835
14837
14838
14840
14841
14842
14844
14847
14848
14849
14850
14851
14852
14853
14854
14856
14857
14858
14859
14861
14862
14863
14864
14865
14866
14867
14868
14869
14870
14871
14872
14873
14874
14875
14876
14877
14878
14879
14880
14881
14882
14883
14885
14886
14887
14888
14890
14891
14892
14893
14894
14895
14897
14898
14899
14901
14902
14903
14907
14908
14909
14910
14912
14913
14914
14915
14916
14918
14919
14920
14921
14923
14924
14925
14926
14927
14928
14930
14931
14932
14933
14934
14936
14939
14940
14941
14943
14944
14945
14948
14949
14950
14951
14952
14953
14954
14956
14957
14959
14960
14961
14962
14964
14965
14967
14969
14971
14972
14973
14974
14975
14976
14979
14981
14982
14983
14985
14987
14990
14991
14992
14994
14995
14996
14997
14998
14999
15000
15001
15002
15006
15008
15009
15010
15011
15012
15013
15014
15015
15016
15017
15019
15020
15022
15023
15024
15025
15026
15027
15030
15031
15032
15034
15035
15036
15037
15038
15041
15042
15043
15044
15045
15046
15049
15050
15051
15052
15053
15054
15055
15056
15057
15058
15060
15061
15062
15064
15065
15068
15069
15070
15071
15072
15073
15075
15076
15077
15078
15079
15081
15082
15083
15084
15085
15086
15087
15088
15089
15090
15091
15093
15094
15095
15096
15097
15099
15100
15101
15102
15105
15107
15108
15109
15111
15112
15113
15114
15115
15117
15118
15119
15121
15122
15124
15125
15126
15128
15129
15130
15131
15132
15133
15134
15135
15136
15138
15140
15141
15142
15144
15145
15146
15147
15148
15149
15151
15152
15153
15154
15155
15156
15157
15158
15159
15160
15162
15163
15164
15165
15167
15169
15170
15171
15172
15173
15175
15176
15177
15178
15179
15180
15181
15182
15183
15184
15185
15189
15192
15193
15194
15196
15197
15198
15199
15200
15201
15202
15203
15204
15205
15206
15208
15209
15210
15211
15212
15214
15215
15217
15219
15220
15221
15222
15223
15225
15226
15227
15228
15229
15230
15231
15234
15235
15236
15238
15239
15240
15243
15244
15245
15247
15248
15250
15251
15252
15253
15254
15255
15257
15259
15260
15261
15262
15263
15264
15265
15266
15268
15269
15270
15271
15272
15274
15278
15280
15284
15285
15286
15287
15288
15289
15290
15291
15293
15294
15295
15296
15299
15300
15301
15302
15303
15304
15305
15306
15307
15308
15309
15310
15311
15312
15314
15315
15317
15318
15319
15320
15321
15322
15324
15325
15326
15327
15328
15329
15330
15333
15334
15337
15339
15341
15342
15343
15344
15345
15346
15347
15348
15349
15351
15352
15353
15354
15355
15356
15357
15359
15361
15362
15364
15365
15366
15367
15368
15369
15371
15372
15373
15375
15376
15377
15378
15379
15380
15381
15382
15383
15386
15387
15388
15389
15390
15391
15392
15393
15394
15395
15397
15399
15400
15401
15402
15405
15406
15407
15408
15409
15410
15411
15413
15414
15415
15416
15417
15418
15420
15421
15422
15423
15425
15426
15427
15430
15431
15432
15434
15436
15437
15438
15439
15441
15442
15444
15445
15447
15448
15449
15450
15451
15452
15455
15456
15458
15459
15460
15461
15463
15464
15465
15466
15467
15469
15470
15471
15472
15473
15474
15475
15476
15478
15479
15480
15481
15482
15483
15484
15485
15486
15488
15489
15490
15491
15492
15494
15495
15496
15497
15498
15499
15500
15501
15502
15503
15504
15505
15506
15507
15508
15510
15511
15514
15515
15516
15518
15519
15520
15521
15522
15524
15525
15526
15527
15528
15529
15531
15532
15533
15534
15535
15536
15537
15540
15541
15542
15546
15547
15548
15549
15550
15551
15552
15553
15555
15556
15557
15558
15561
15562
15563
15564
15565
15566
15567
15568
15571
15574
15575
15576
15577
15578
15580
15581
15583
15584
15586
15587
15588
15589
15590
15591
15592
15593
15596
15597
15598
15600
15601
15602
15604
15606
15607
15608
15609
15611
15613
15614
15615
15616
15617
15618
15619
15620
15622
15623
15624
15625
15626
15628
15631
15634
15636
15637
15640
15641
15643
15645
15646
15647
15648
15650
15651
15652
15653
15654
15655
15657
15658
15659
15660
15662
15663
15664
15665
15666
15667
15668
15670
15671
15672
15673
15674
15675
15676
15678
15679
15680
15681
15682
15684
15686
15687
15688
15689
15690
15692
15693
15694
15695
15696
15697
15698
15699
15701
15702
15703
15704
15705
15707
15708
15710
15711
15712
15713
15714
15715
15716
15717
15718
15720
15722
15723
15725
15726
15727
15728
15729
15730
15731
15732
15733
15734
15735
15736
15738
15741
15742
15743
15745
15746
15748
15750
15751
15752
15753
15754
15755
15756
15757
15759
15760
15761
15762
15763
15764
15765
15766
15767
15769
15770
15772
15773
15774
15775
15776
15777
15780
15781
15782
15783
15784
15785
15786
15787
15788
15789
15790
15791
15792
15793
15794
15795
15796
15797
15798
15799
15800
15802
15803
15804
15805
15806
15807
15809
15810
15811
15812
15813
15815
15816
15817
15818
15820
15821
15822
15823
15824
15825
15826
15827
15828
15831
15832
15833
15835
15836
15837
15838
15839
15841
15842
15843
15844
15845
15846
15847
15848
15850
15851
15852
15853
15854
15855
15856
15857
15859
15860
15861
15863
15865
15866
15867
15869
15870
15871
15873
15875
15876
15877
15878
15880
15881
15882
15883
15886
15887
15888
15889
15890
15891
15892
15893
15894
15895
15896
15899
15900
15901
15902
15903
15904
15906
15907
15908
15909
15910
15911
15912
15913
15915
15916
15917
15918
15919
15921
15922
15923
15924
15925
15926
15927
15928
15929
15931
15932
15933
15934
15935
15936
15938
15939
15940
15941
15942
15943
15944
15945
15946
15949
15950
15951
15952
15953
15954
15956
15957
15958
15960
15961
15964
15966
15967
15968
15969
15970
15971
15972
15973
15974
15975
15976
15977
15980
15981
15982
15983
15984
15985
15986
15987
15988
15990
15991
15993
15994
15996
15997
15999
16000
16001
16002
16003
16004
16005
16006
16007
16009
16010
16011
16012
16013
16014
16015
16016
16017
16018
16020
16021
16022
16024
16025
16026
16028
16029
16030
16031
16032
16033
16034
16035
16036
16037
16038
16040
16041
16042
16043
16044
16045
16046
16047
16048
16049
16050
16051
16052
16054
16055
16056
16059
16060
16061
16062
16063
16065
16066
16067
16068
16069
16072
16073
16075
16076
16077
16078
16079
16081
16083
16084
16086
16088
16089
16090
16091
16092
16093
16094
16095
16096
16097
16098
16099
16100
16101
16102
16103
16104
16105
16106
16107
16108
16109
16111
16112
16113
16114
16115
16116
16117
16118
16119
16120
16122
16123
16125
16126
16127
16128
16129
16130
16131
16132
16133
16134
16135
16136
16137
16138
16139
16140
16141
16142
16143
16144
16145
16147
16148
16149
16150
16152
16153
16155
16156
16157
16158
16159
16160
16161
16162
16163
16165
16166
16168
16169
16170
16171
16172
16173
16174
16176
16177
16178
16179
16181
16183
16184
16185
16186
16188
16189
16190
16191
16192
16193
16194
16195
16196
16197
16198
16199
16201
16202
16203
16205
16206
16207
16208
16209
16210
16211
16212
16213
16214
16216
16218
16220
16221
16222
16224
16225
16226
16229
16230
16231
16233
16234
16235
16236
16237
16238
16240
16241
16242
16243
16244
16245
16246
16247
16248
16250
16251
16252
16253
16254
16256
16257
16259
16260
16261
16262
16263
16264
16265
16267
16268
16269
16270
16272
16274
16275
16276
16277
16278
16279
16280
16281
16282
16283
16284
16286
16287
16288
16289
16290
16292
16294
16295
16296
16297
16299
16300
16301
16302
16303
16304
16306
16307
16308
16309
16310
16311
16312
16313
16315
16316
16318
16319
16320
16321
16322
16323
16324
16325
16327
16328
16330
16331
16332
16334
16335
16336
16337
16338
16339
16340
16341
16342
16343
16344
16345
16346
16347
16348
16350
16351
16352
16353
16354
16356
16357
16359
16360
16361
16362
16363
16364
16365
16366
16367
16368
16369
16370
16371
16372
16375
16376
16377
16378
16379
16380
16381
16382
16384
16385
16386
16387
16388
16389
16391
16392
16393
16394
16395
16396
16397
16398
16399
16400
16401
16402
16403
16404
16406
16407
16408
16409
16410
16411
16413
16414
16415
16416
16418
16419
16420
16421
16423
16424
16425
16426
16427
16428
16429
16430
16431
16432
16434
16435
16436
16437
16440
16442
16443
16444
16446
16447
16448
16449
16450
16451
16452
16453
16455
16456
16457
16458
16459
16460
16461
16462
16463
16464
16465
16466
16467
16468
16469
16470
16471
16472
16473
16474
16475
16476
16478
16479
16480
16483
16484
16485
16486
16487
16488
16489
16490
16491
16494
16495
16497
16498
16500
16503
16504
16506
16507
16508
16509
16511
16512
16513
16514
16515
16516
16517
16518
16519
16521
16522
16523
16524
16526
16527
16528
16530
16531
16532
16533
16534
16535
16536
16537
16538
16540
16541
16542
16543
16544
16546
16547
16549
16550
16551
16552
16553
16554
16557
16558
16560
16561
16562
16563
16564
16565
16566
16567
16569
16570
16571
16572
16573
16574
16576
16577
16578
16579
16580
16582
16583
16584
16585
16588
16589
16591
16592
16593
16594
16597
16598
16600
16601
16604
16606
16607
16608
16609
16610
16611
16615
16617
16619
16620
16621
16623
16624
16626
16627
16628
16629
16631
16632
16633
16634
16635
16636
16638
16639
16640
16641
16642
16643
16644
16645
16648
16649
16650
16651
16652
16653
16654
16655
16656
16657
16658
16659
16660
16662
16663
16664
16665
16666
16667
16668
16669
16670
16672
16673
16674
16675
16676
16677
16678
16680
16681
16682
16684
16685
16686
16687
16689
16690
16691
16692
16693
16695
16696
16697
16698
16700
16702
16703
16704
16705
16706
16708
16709
16711
16713
16714
16715
16717
16718
16719
16722
16723
16724
16725
16726
16727
16728
16729
16734
16735
16736
16738
16739
16740
16741
16742
16743
16744
16745
16746
16747
16749
16750
16751
16752
16753
16755
16756
16757
16759
16760
16761
16762
16764
16766
16767
16768
16770
16771
16772
16773
16774
16776
16777
16778
16779
16780
16781
16782
16785
16786
16789
16790
16791
16792
16794
16796
16797
16798
16799
16800
16801
16802
16803
16804
16805
16806
16814
16815
16816
16817
16818
16821
16822
16824
16825
16826
16827
16829
16830
16831
16832
16833
16834
16835
16836
16837
16838
16839
16840
16841
16842
16843
16844
16845
16846
16847
16849
16851
16853
16854
16855
16857
16858
16859
16860
16861
16862
16863
16864
16865
16866
16867
16868
16869
16870
16871
16872
16873
16874
16875
16876
16877
16878
16879
16880
16881
16882
16883
16884
16885
16886
16888
16889
16890
16891
16892
16893
16895
16896
16897
16898
16899
16900
16902
16905
16908
16910
16911
16912
16914
16915
16916
16917
16918
16919
16920
16921
16922
16923
16924
16925
16926
16928
16929
16930
16931
16933
16934
16936
16937
16938
16939
16940
16941
16942
16943
16944
16945
16946
16948
16949
16950
16951
16952
16953
16955
16956
16957
16958
16960
16961
16962
16963
16964
16966
16967
16968
16969
16971
16973
16974
16976
16980
16981
16982
16983
16984
16985
16986
16987
16988
16989
16990
16991
16992
16993
16997
16998
16999
17000
17001
17004
17005
17006
17007
17008
17009
17010
17011
17012
17013
17014
17015
17016
17017
17018
17019
17020
17021
17022
17023
17024
17025
17026
17027
17030
17031
17033
17034
17035
17036
17037
17038
17039
17041
17044
17045
17048
17049
17050
17051
17052
17053
17054
17055
17056
17057
17058
17059
17060
17061
17062
17063
17064
17065
17066
17067
17068
17069
17070
17071
17072
17073
17074
17075
17077
17078
17080
17081
17082
17083
17084
17085
17086
17087
17089
17090
17091
17092
17093
17094
17095
17097
17098
17100
17101
17102
17104
17105
17106
17107
17108
17109
17110
17111
17112
17113
17116
17118
17119
17120
17121
17122
17123
17124
17125
17127
17128
17129
17130
17132
17133
17135
17136
17138
17139
17142
17143
17144
17145
17146
17147
17148
17150
17151
17152
17153
17155
17156
17157
17158
17159
17161
17162
17164
17165
17166
17168
17170
17171
17172
17174
17175
17176
17177
17178
17181
17182
17184
17186
17187
17188
17189
17190
17191
17192
17193
17195
17196
17197
17199
17200
17201
17203
17204
17205
17206
17207
17209
17210
17211
17212
17213
17214
17215
17216
17217
17218
17219
17220
17223
17225
17226
17228
17229
17231
17232
17233
17235
17236
17237
17239
17241
17242
17244
17246
17247
17248
17249
17251
17252
17254
17255
17256
17258
17259
17260
17261
17264
17265
17266
17267
17268
17270
17271
17272
17273
17274
17275
17276
17278
17279
17280
17281
17283
17284
17285
17286
17287
17288
17289
17290
17291
17292
17293
17294
17296
17297
17298
17299
17303
17304
17305
17306
17307
17308
17309
17311
17313
17314
17315
17316
17317
17319
17320
17321
17322
17323
17325
17326
17327
17328
17329
17330
17331
17332
17333
17334
17335
17336
17337
17338
17339
17340
17341
17342
17343
17344
17345
17346
17349
17350
17351
17352
17353
17355
17356
17357
17358
17359
17360
17361
17362
17363
17364
17365
17367
17368
17369
17370
17371
17372
17373
17374
17375
17376
17377
17379
17380
17381
17382
17383
17384
17385
17386
17387
17389
17391
17392
17394
17396
17397
17398
17400
17401
17403
17404
17405
17406
17408
17409
17410
17411
17412
17413
17414
17416
17417
17418
17419
17420
17421
17422
17424
17425
17426
17427
17428
17430
17431
17432
17433
17434
17435
17436
17437
17438
17439
17440
17442
17444
17445
17446
17447
17448
17449
17450
17451
17452
17453
17454
17455
17456
17457
17458
17459
17460
17461
17462
17463
17464
17465
17466
17467
17469
17470
17471
17472
17473
17474
17475
17476
17478
17479
17484
17486
17487
17488
17490
17491
17492
17493
17494
17496
17497
17498
17500
17501
17502
17504
17505
17506
17509
17510
17511
17512
17513
17514
17515
17516
17517
17518
17519
17520
17521
17522
17523
17524
17525
17526
17527
17528
17529
17530
17531
17532
17533
17534
17535
17536
17537
17540
17541
17542
17543
17544
17545
17546
17547
17548
17549
17550
17551
17552
17553
17555
17556
17557
17558
17559
17560
17562
17563
17564
17565
17567
17568
17571
17572
17573
17575
17577
17578
17579
17580
17582
17583
17584
17585
17586
17587
17588
17589
17590
17591
17592
17593
17594
17595
17596
17597
17598
17599
17600
17602
17603
17604
17606
17607
17608
17609
17610
17611
17612
17613
17614
17615
17617
17618
17619
17620
17621
17622
17624
17625
17626
17627
17628
17629
17631
17632
17633
17634
17636
17638
17639
17640
17641
17643
17645
17646
17649
17651
17652
17653
17654
17655
17656
17657
17658
17659
17660
17662
17663
17664
17665
17666
17669
17670
17671
17672
17673
17675
17676
17677
17678
17679
17680
17681
17682
17683
17684
17685
17686
17687
17688
17689
17691
17692
17693
17694
17695
17696
17698
17699
17701
17702
17703
17704
17705
17706
17708
17711
17712
17713
17714
17715
17716
17717
17719
17721
17722
17723
17725
17727
17728
17729
17730
17731
17732
17733
17736
17737
17738
17739
17740
17741
17742
17743
17744
17747
17748
17749
17750
17751
17753
17754
17756
17757
17758
17759
17761
17762
17763
17764
17765
17766
17767
17768
17769
17771
17772
17773
17774
17775
17776
17777
17778
17780
17781
17782
17783
17784
17785
17787
17788
17789
17790
17791
17792
17793
17794
17795
17796
17797
17798
17799
17800
17801
17802
17803
17805
17806
17807
17808
17809
17810
17811
17812
17813
17814
17815
17816
17817
17818
17819
17820
17821
17822
17823
17824
17825
17826
17827
17828
17829
17830
17831
17832
17833
17834
17835
17836
17837
17838
17839
17840
17841
17842
17843
17845
17846
17847
17848
17849
17851
17852
17853
17854
17855
17857
17858
17859
17860
17861
17862
17863
17864
17866
17869
17870
17871
17873
17875
17876
17877
17878
17879
17880
17881
17882
17883
17884
17885
17886
17889
17891
17892
17893
17894
17895
17896
17897
17898
17899
17901
17902
17903
17904
17905
17906
17907
17908
17909
17910
17912
17913
17914
17915
17916
17917
17919
17920
17921
17922
17923
17925
17926
17928
17929
17930
17931
17932
17933
17937
17938
17939
17940
17941
17942
17943
17944
17945
17946
17947
17948
17949
17950
17951
17952
17953
17954
17955
17957
17958
17959
17960
17962
17963
17964
17965
17966
17967
17968
17969
17970
17971
17972
17973
17974
17975
17976
17978
17979
17980
17981
17984
17985
17986
17987
17988
17989
17990
17991
17992
17993
17994
17996
17997
17998
17999
18000
18001
18002
18003
18004
18005
18006
18007
18008
18009
18010
18011
18012
18013
18014
18015
18017
18018
18019
18020
18021
18023
18025
18026
18027
18028
18029
18031
18033
18034
18036
18037
18038
18040
18042
18043
18045
18047
18049
18050
18051
18052
18053
18054
18055
18056
18057
18061
18062
18064
18066
18067
18069
18071
18072
18073
18075
18076
18077
18078
18079
18081
18082
18083
18086
18087
18089
18090
18091
18092
18093
18094
18095
18096
18097
18098
18099
18100
18101
18102
18103
18104
18105
18106
18107
18108
18109
18110
18111
18113
18115
18117
18118
18119
18120
18122
18123
18124
18125
18126
18127
18128
18129
18130
18131
18132
18134
18135
18136
18137
18141
18142
18143
18144
18145
18147
18148
18149
18150
18151
18152
18153
18155
18156
18157
18158
18159
18163
18164
18165
18166
18167
18168
18169
18170
18171
18172
18173
18174
18175
18176
18177
18178
18180
18181
18183
18185
18187
18189
18190
18191
18192
18193
18194
18195
18197
18198
18199
18200
18201
18202
18203
18204
18205
18206
18207
18208
18210
18213
18214
18215
18216
18217
18218
18219
18221
18223
18225
18227
18228
18229
18230
18231
18232
18233
18234
18236
18238
18239
18240
18242
18243
18244
18245
18246
18247
18248
18249
18250
18251
18252
18253
18254
18255
18257
18259
18260
18261
18262
18263
18264
18265
18266
18267
18268
18273
18274
18275
18277
18278
18279
18280
18281
18282
18283
18284
18285
18286
18288
18289
18290
18291
18293
18294
18295
18296
18297
18298
18299
18300
18301
18302
18303
18304
18305
18306
18307
18310
18311
18313
18314
18316
18317
18320
18321
18322
18323
18325
18326
18327
18328
18329
18331
18332
18333
18334
18335
18336
18337
18338
18339
18340
18341
18342
18343
18344
18345
18346
18347
18348
18349
18350
18351
18352
18353
18354
18355
18356
18357
18358
18360
18361
18363
18364
18366
18367
18368
18369
18370
18372
18373
18374
18375
18376
18377
18378
18379
18380
18381
18382
18383
18384
18385
18386
18387
18388
18389
18390
18391
18392
18393
18395
18396
18397
18398
18399
18400
18401
18402
18403
18404
18405
18406
18408
18409
18411
18412
18413
18415
18416
18417
18418
18419
18420
18421
18422
18423
18424
18425
18426
18427
18429
18430
18431
18432
18433
18434
18435
18436
18437
18438
18440
18442
18443
18444
18446
18447
18448
18449
18450
18451
18452
18453
18454
18455
18457
18458
18459
18460
18462
18463
18464
18465
18466
18467
18468
18469
18470
18471
18472
18473
18476
18477
18478
18479
18480
18482
18483
18484
18485
18486
18488
18489
18490
18491
18492
18493
18494
18495
18496
18498
18499
18500
18501
18502
18503
18504
18506
18507
18508
18509
18511
18513
18514
18515
18516
18517
18518
18519
18520
18521
18522
18523
18524
18525
18526
18527
18528
18529
18530
18533
18534
18535
18536
18537
18539
18540
18541
18542
18543
18544
18545
18546
18547
18548
18549
18550
18552
18554
18555
18556
18559
18561
18562
18563
18564
18565
18566
18568
18569
18570
18571
18573
18574
18575
18576
18577
18578
18579
18580
18581
18582
18583
18584
18585
18586
18587
18588
18589
18590
18591
18592
18593
18594
18595
18596
18597
18598
18599
18600
18601
18602
18603
18604
18605
18606
18607
18608
18609
18610
18611
18612
18613
18614
18615
18616
18617
18618
18619
18620
18621
18622
18623
18625
18626
18627
18628
18629
18630
18631
18632
18633
18634
18635
18636
18637
18638
18639
18640
18641
18642
18643
18644
18645
18646
18647
18648
18649
18650
18651
18652
18654
18655
18656
18657
18658
18659
18660
18662
18663
18664
18665
18666
18667
18668
18669
18672
18673
18674
18675
18676
18678
18679
18680
18681
18682
18683
18684
18685
18686
18687
18688
18689
18690
18691
18692
18693
18694
18697
18698
18699
18701
18702
18703
18705
18706
18707
18708
18709
18712
18713
18714
18715
18716
18717
18718
18719
18720
18721
18722
18723
18724
18725
18726
18727
18729
18730
18732
18733
18734
18735
18736
18737
18739
18742
18743
18744
18745
18746
18747
18748
18749
18750
18751
18752
18755
18757
18758
18759
18760
18762
18763
18764
18767
18768
18769
18770
18771
18772
18773
18774
18775
18776
18777
18780
18781
18783
18784
18785
18786
18787
18788
18789
18791
18792
18793
18794
18795
18796
18797
18798
18799
18801
18802
18803
18804
18805
18806
18808
18809
18810
18811
18812
18813
18814
18815
18816
18817
18818
18819
18820
18821
18822
18823
18824
18825
18826
18827
18829
18830
18831
18832
18834
18836
18837
18838
18839
18840
18841
18843
18845
18846
18847
18848
18849
18850
18851
18852
18853
18854
18856
18858
18859
18860
18861
18862
18863
18864
18866
18867
18868
18869
18870
18871
18872
18873
18874
18876
18877
18878
18880
18881
18882
18883
18884
18885
18887
18888
18889
18890
18891
18892
18893
18894
18895
18896
18897
18898
18900
18901
18902
18903
18904
18906
18907
18908
18910
18912
18913
18914
18915
18916
18917
18918
18919
18920
18921
18923
18924
18925
18926
18927
18929
18930
18931
18933
18934
18936
18937
18938
18939
18940
18942
18943
18945
18946
18948
18949
18950
18951
18952
18953
18954
18955
18956
18957
18958
18959
18960
18961
18962
18963
18964
18965
18966
18967
18968
18969
18970
18971
18972
18973
18974
18975
18976
18977
18978
18979
18980
18981
18982
18983
18984
18985
18987
18989
18990
18991
18992
18994
18995
18996
19000
19002
19003
19004
19006
19007
19008
19010
19011
19012
19013
19014
19016
19017
19018
19021
19022
19023
19024
19025
19026
19027
19028
19029
19030
19033
19035
19036
19037
19038
19039
19040
19041
19042
19043
19044
19045
19046
19047
19048
19050
19051
19054
19055
19056
19058
19059
19060
19061
19062
19063
19064
19065
19066
19067
19068
19069
19070
19071
19073
19074
19075
19076
19077
19078
19081
19082
19083
19084
19085
19086
19087
19088
19089
19090
19091
19093
19094
19096
19097
19098
19099
19100
19101
19102
19103
19104
19105
19106
19107
19108
19109
19110
19111
19113
19114
19115
19116
19117
19118
19119
19121
19122
19123
19124
19126
19127
19128
19129
19130
19131
19132
19133
19134
19135
19136
19138
19139
19140
19141
19142
19143
19144
19145
19146
19147
19148
19149
19150
19151
19152
19153
19154
19155
19156
19157
19158
19160
19161
19162
19163
19164
19167
19168
19169
19172
19173
19174
19175
19176
19177
19181
19182
19183
19184
19185
19186
19187
19189
19190
19191
19192
19193
19194
19195
19196
19197
19198
19199
19200
19201
19202
19203
19206
19207
19208
19209
19210
19211
19212
19215
19216
19217
19218
19219
19220
19221
19223
19224
19225
19226
19228
19229
19230
19231
19232
19233
19234
19235
19236
19237
19238
19241
19242
19243
19245
19247
19248
19249
19250
19251
19252
19253
19254
19255
19257
19258
19259
19260
19261
19262
19263
19264
19265
19266
19267
19268
19269
19270
19271
19272
19273
19274
19275
19277
19278
19279
19280
19281
19282
19283
19284
19285
19286
19287
19288
19289
19290
19291
19292
19294
19295
19296
19297
19298
19299
19300
19302
19303
19304
19305
19306
19307
19308
19309
19310
19311
19312
19313
19314
19315
19316
19318
19320
19321
19322
19324
19325
19327
19328
19329
19330
19333
19334
19335
19336
19337
19338
19339
19340
19341
19342
19344
19345
19348
19349
19350
19351
19352
19353
19354
19355
19356
19357
19358
19359
19361
19362
19363
19364
19365
19366
19368
19369
19370
19371
19373
19374
19376
19377
19378
19379
19380
19383
19384
19386
19388
19389
19390
19393
19394
19395
19396
19397
19398
19402
19403
19404
19405
19406
19407
19408
19409
19410
19411
19413
19414
19415
19416
19417
19418
19419
19420
19421
19422
19423
19424
19425
19426
19427
19428
19429
19430
19431
19432
19433
19434
19435
19436
19437
19438
19439
19440
19441
19442
19444
19445
19447
19449
19450
19451
19452
19453
19454
19456
19457
19458
19459
19462
19463
19464
19465
19466
19467
19468
19470
19471
19472
19473
19474
19475
19476
19477
19478
19479
19480
19481
19483
19484
19485
19486
19487
19488
19489
19490
19491
19492
19493
19494
19496
19497
19498
19499
19501
19502
19504
19506
19507
19508
19509
19512
19513
19514
19515
19516
19517
19518
19520
19522
19523
19524
19525
19526
19527
19528
19529
19530
19531
19532
19533
19534
19535
19536
19537
19538
19539
19542
19545
19546
19547
19550
19551
19552
19553
19554
19555
19556
19557
19559
19560
19561
19562
19563
19564
19567
19568
19569
19570
19571
19572
19573
19574
19575
19576
19577
19579
19580
19582
19583
19584
19585
19586
19588
19589
19590
19593
19594
19595
19596
19597
19598
19599
19600
19601
19602
19603
19604
19605
19606
19607
19608
19610
19611
19612
19613
19614
19616
19617
19618
19619
19620
19622
19623
19624
19625
19626
19627
19628
19629
19630
19632
19633
19634
19637
19638
19640
19641
19642
19643
19644
19645
19646
19647
19648
19650
19652
19653
19654
19658
19660
19661
19662
19663
19664
19665
19666
19667
19668
19669
19670
19671
19672
19673
19674
19675
19676
19677
19678
19680
19681
19682
19683
19684
19685
19686
19687
19688
19690
19691
19692
19693
19694
19695
19696
19697
19698
19699
19700
19701
19702
19703
19704
19705
19706
19708
19709
19710
19711
19712
19713
19714
19715
19716
19717
19718
19719
19721
19723
19724
19725
19726
19727
19728
19729
19730
19731
19732
19733
19734
19735
19736
19737
19738
19739
19740
19741
19742
19743
19744
19745
19746
19747
19748
19749
19750
19752
19753
19755
19757
19758
19760
19761
19762
19763
19764
19765
19766
19767
19768
19769
19770
19771
19772
19773
19774
19775
19776
19777
19778
19780
19782
19783
19784
19785
19786
19787
19789
19790
19792
19793
19794
19795
19796
19797
19798
19799
19800
19801
19802
19803
19805
19806
19807
19808
19809
19810
19811
19812
19813
19814
19815
19816
19817
19818
19819
19820
19821
19822
19823
19824
19825
19826
19827
19828
19829
19831
19832
19833
19834
19835
19836
19837
19838
19840
19841
19842
19843
19844
19845
19847
19848
19849
19850
19851
19852
19854
19855
19856
19857
19858
19859
19860
19861
19862
19863
19864
19865
19866
19867
19868
19869
19870
19871
19872
19873
19875
19876
19879
19880
19881
19882
19883
19884
19885
19886
19887
19888
19889
19890
19893
19894
19895
19898
19899
19900
19901
19902
19903
19905
19906
19907
19909
19910
19911
19912
19913
19914
19915
19916
19917
19918
19919
19921
19922
19923
19925
19926
19927
19928
19929
19930
19931
19932
19933
19934
19935
19936
19937
19938
19940
19941
19944
19946
19947
19948
19949
19950
19951
19952
19953
19954
19955
19956
19957
19958
19959
19960
19961
19962
19963
19964
19965
19966
19967
19968
19969
19970
19971
19972
19973
19974
19975
19976
19978
19979
19980
19981
19982
19983
19984
19985
19986
19988
19989
19990
19991
19992
19994
19995
19996
19998
19999
20000
20002
20003
20004
20005
20006
20007
20009
20010
20011
20012
20013
20014
20018
20021
20022
20023
20024
20025
20026
20027
20029
20030
20031
20032
20033
20035
20036
20037
20039
20040
20041
20042
20043
20044
20046
20047
20048
20049
20051
20052
20053
20055
20056
20057
20058
20059
20060
20061
20062
20063
20064
20065
20066
20069
20070
20071
20072
20076
20077
20078
20079
20080
20081
20082
20083
20084
20086
20088
20089
20091
20092
20093
20094
20095
20096
20097
20098
20099
20100
20101
20102
20104
20105
20106
20107
20108
20109
20110
20111
20112
20113
20114
20116
20117
20118
20119
20120
20121
20122
20123
20125
20126
20127
20128
20131
20132
20134
20135
20136
20137
20138
20139
20140
20141
20142
20143
20144
20145
20146
20149
20152
20153
20155
20157
20158
20159
20160
20161
20162
20163
20164
20165
20166
20167
20168
20171
20172
20173
20174
20175
20176
20177
20178
20180
20181
20182
20184
20185
20186
20187
20188
20189
20190
20191
20192
20194
20195
20196
20197
20198
20199
20200
20201
20202
20203
20204
20206
20207
20208
20209
20210
20211
20212
20213
20215
20216
20217
20219
20220
20221
20222
20223
20224
20225
20227
20228
20229
20230
20231
20233
20234
20237
20238
20240
20241
20242
20243
20244
20245
20246
20247
20248
20249
20250
20251
20252
20253
20254
20255
20257
20258
20259
20260
20261
20262
20263
20264
20265
20266
20267
20268
20270
20271
20272
20273
20275
20276
20277
20278
20279
20280
20281
20282
20283
20285
20286
20287
20288
20289
20290
20291
20292
20293
20295
20296
20297
20298
20299
20300
20301
20302
20304
20305
20306
20307
20308
20309
20310
20311
20312
20313
20314
20315
20316
20317
20319
20320
20322
20323
20325
20326
20328
20329
20330
20331
20332
20333
20334
20335
20336
20337
20338
20339
20341
20342
20343
20344
20345
20346
20347
20348
20349
20350
20351
20352
20354
20355
20356
20357
20358
20359
20361
20362
20363
20364
20365
20366
20367
20368
20369
20370
20372
20374
20375
20376
20378
20379
20380
20381
20382
20383
20384
20385
20386
20388
20389
20391
20392
20393
20394
20396
20397
20398
20399
20400
20401
20403
20404
20405
20406
20407
20408
20409
20410
20411
20412
20413
20414
20415
20416
20417
20418
20419
20420
20421
20422
20423
20424
20426
20427
20428
20429
20430
20431
20432
20434
20435
20436
20437
20438
20439
20440
20441
20443
20444
20445
20447
20448
20449
20452
20453
20454
20455
20457
20458
20459
20460
20461
20462
20463
20465
20466
20468
20469
20471
20474
20475
20476
20477
20479
20481
20482
20483
20484
20485
20486
20487
20488
20489
20490
20491
20492
20493
20495
20496
20497
20498
20500
20501
20502
20503
20505
20506
20507
20508
20509
20510
20512
20513
20514
20515
20516
20517
20518
20519
20520
20521
20525
20526
20527
20528
20531
20533
20534
20535
20536
20537
20538
20539
20540
20541
20542
20543
20544
20545
20546
20548
20549
20551
20552
20553
20554
20555
20556
20557
20559
20560
20561
20562
20563
20564
20565
20566
20567
20568
20569
20570
20571
20572
20573
20574
20575
20576
20577
20578
20580
20581
20582
20583
20584
20585
20586
20587
20588
20589
20591
20592
20594
20595
20596
20597
20598
20599
20600
20601
20602
20603
20605
20606
20607
20608
20609
20610
20611
20613
20614
20615
20617
20618
20620
20621
20623
20626
20627
20628
20629
20630
20631
20632
20633
20634
20636
20637
20639
20640
20641
20642
20643
20644
20645
20646
20648
20649
20650
20651
20652
20653
20654
20655
20656
20657
20658
20659
20661
20662
20663
20664
20666
20667
20668
20669
20670
20671
20672
20673
20674
20675
20676
20677
20678
20679
20680
20681
20682
20683
20685
20686
20689
20690
20691
20692
20693
20694
20695
20696
20697
20698
20699
20700
20702
20703
20704
20705
20706
20707
20708
20709
20710
20711
20713
20715
20716
20717
20718
20719
20720
20721
20722
20724
20725
20726
20727
20728
20729
20730
20731
20732
20733
20734
20735
20736
20739
20740
20741
20742
20743
20747
20748
20749
20750
20751
20753
20754
20755
20757
20758
20759
20760
20761
20762
20764
20765
20766
20767
20768
20769
20770
20772
20774
20775
20776
20777
20778
20779
20780
20781
20782
20783
20784
20785
20786
20787
20788
20789
20791
20792
20793
20794
20796
20797
20798
20799
20800
20801
20802
20803
20804
20806
20807
20808
20810
20812
20813
20814
20815
20816
20817
20818
20819
20820
20821
20822
20823
20824
20826
20827
20828
20829
20830
20831
20832
20833
20834
20835
20837
20839
20840
20841
20842
20844
20847
20848
20849
20851
20853
20854
20855
20856
20857
20858
20860
20861
20862
20863
20864
20866
20867
20868
20869
20870
20871
20872
20873
20876
20877
20878
20882
20883
20886
20887
20888
20891
20892
20893
20894
20895
20896
20897
20898
20899
20900
20901
20902
20903
20904
20905
20907
20908
20909
20910
20911
20912
20913
20914
20915
20916
20917
20918
20919
20920
20921
20922
20923
20924
20925
20926
20927
20928
20929
20930
20931
20932
20933
20935
20936
20937
20939
20940
20941
20942
20944
20947
20948
20949
20950
20951
20952
20953
20956
20957
20959
20960
20961
20962
20963
20964
20965
20966
20967
20968
20969
20970
20972
20973
20975
20977
20978
20979
20980
20981
20983
20984
20985
20986
20987
20988
20989
20990
20991
20992
20994
20995
20996
20997
20998
20999
21000
21001
21002
21004
21005
21006
21007
21008
21010
21011
21013
21014
21015
21017
21018
21019
21020
21021
21022
21023
21024
21025
21026
21027
21028
21029
21030
21031
21032
21033
21035
21036
21037
21038
21039
21040
21041
21042
21043
21044
21045
21046
21047
21049
21050
21051
21053
21054
21056
21057
21058
21059
21060
21061
21062
21063
21065
21066
21067
21069
21070
21071
21074
21075
21077
21079
21080
21081
21082
21083
21084
21086
21087
21088
21089
21090
21091
21092
21093
21094
21095
21097
21098
21099
21102
21103
21104
21106
21109
21110
21111
21112
21113
21116
21117
21118
21119
21120
21121
21122
21124
21126
21127
21128
21129
21130
21131
21133
21134
21135
21137
21138
21139
21140
21141
21143
21145
21146
21147
21148
21149
21150
21151
21152
21154
21156
21157
21158
21159
21161
21162
21163
21164
21165
21166
21167
21168
21169
21170
21171
21172
21173
21174
21176
21177
21178
21180
21181
21182
21184
21185
21186
21187
21188
21189
21190
21191
21192
21193
21194
21195
21196
21197
21198
21199
21200
21201
21203
21204
21205
21206
21207
21208
21209
21210
21211
21213
21214
21215
21216
21218
21219
21220
21221
21223
21224
21225
21226
21227
21228
21229
21230
21231
21232
21235
21237
21239
21240
21241
21243
21244
21246
21247
21248
21249
21250
21251
21252
21253
21254
21256
21257
21258
21259
21260
21261
21262
21263
21266
21267
21269
21270
21271
21272
21273
21274
21275
21276
21277
21278
21279
21281
21282
21283
21284
21285
21286
21287
21289
21290
21291
21292
21293
21294
21295
21296
21297
21298
21299
21300
21301
21302
21303
21305
21306
21308
21310
21311
21312
21315
21316
21317
21319
21320
21321
21322
21323
21324
21325
21326
21327
21328
21329
21330
21332
21333
21335
21336
21337
21339
21340
21341
21342
21343
21344
21345
21346
21347
21348
21349
21350
21351
21352
21353
21355
21356
21357
21359
21360
21361
21362
21363
21364
21365
21366
21367
21368
21369
21370
21371
21372
21373
21374
21375
21376
21377
21378
21380
21381
21382
21383
21384
21386
21387
21388
21389
21390
21391
21392
21393
21394
21395
21396
21397
21398
21399
21400
21401
21402
21405
21406
21408
21409
21410
21411
21412
21413
21414
21415
21416
21418
21419
21420
21421
21422
21423
21426
21427
21428
21430
21431
21432
21433
21434
21435
21436
21437
21438
21440
21441
21442
21443
21444
21445
21447
21448
21449
21450
21451
21453
21454
21455
21456
21457
21458
21460
21461
21462
21463
21464
21465
21466
21467
21468
21469
21470
21471
21472
21473
21474
21475
21476
21477
21478
21479
21480
21482
21483
21484
21487
21488
21490
21491
21492
21493
21495
21497
21501
21502
21503
21504
21505
21506
21507
21509
21511
21512
21513
21514
21515
21516
21517
21520
21521
21522
21523
21524
21525
21526
21527
21528
21529
21530
21531
21532
21533
21534
21535
21536
21537
21538
21539
21540
21541
21542
21543
21544
21545
21546
21547
21548
21549
21551
21552
21554
21555
21556
21557
21559
21560
21562
21563
21564
21565
21568
21569
21570
21571
21572
21573
21574
21575
21576
21577
21578
21580
21581
21582
21583
21584
21585
21586
21587
21588
21589
21590
21591
21592
21593
21594
21595
21596
21597
21598
21599
21600
21601
21602
21603
21604
21605
21606
21607
21608
21609
21610
21611
21612
21613
21614
21616
21618
21619
21620
21622
21624
21625
21626
21627
21628
21629
21630
21631
21632
21633
21634
21635
21636
21637
21639
21640
21641
21642
21644
21645
21646
21647
21650
21651
21652
21653
21654
21655
21656
21657
21658
21659
21660
21661
21662
21663
21665
21666
21667
21668
21669
21670
21671
21672
21673
21674
21675
21677
21678
21679
21680
21682
21683
21684
21685
21686
21687
21688
21689
21691
21693
21694
21695
21696
21697
21698
21699
21700
21701
21702
21703
21704
21707
21708
21709
21710
21711
21712
21714
21715
21716
21718
21719
21720
21722
21724
21725
21726
21729
21730
21731
21732
21734
21736
21737
21738
21740
21741
21742
21743
21744
21745
21746
21747
21748
21749
21750
21751
21752
21754
21755
21756
21758
21760
21761
21762
21763
21764
21765
21766
21767
21768
21769
21770
21771
21772
21773
21774
21776
21778
21779
21780
21781
21782
21783
21784
21785
21786
21787
21788
21789
21790
21791
21792
21793
21794
21795
21796
21798
21799
21800
21801
21802
21803
21804
21805
21806
21808
21809
21810
21811
21812
21813
21814
21815
21816
21817
21818
21819
21820
21821
21822
21823
21824
21825
21826
21827
21828
21829
21830
21832
21833
21834
21837
21838
21839
21840
21841
21842
21843
21844
21845
21846
21847
21848
21849
21850
21851
21853
21854
21855
21857
21858
21859
21860
21861
21863
21865
21866
21867
21868
21869
21870
21871
21872
21873
21874
21875
21876
21878
21879
21880
21881
21882
21883
21884
21886
21887
21888
21889
21890
21892
21894
21895
21897
21898
21899
21900
21901
21902
21903
21905
21906
21907
21908
21909
21911
21912
21913
21914
21915
21916
21917
21919
21920
21921
21922
21923
21924
21925
21926
21927
21928
21929
21930
21932
21933
21934
21935
21936
21937
21939
21940
21943
21944
21945
21946
21947
21948
21950
21953
21954
21955
21956
21957
21958
21959
21960
21961
21963
21964
21966
21967
21968
21969
21970
21972
21973
21974
21975
21976
21977
21978
21980
21981
21983
21984
21985
21986
21987
21988
21989
21990
21991
21992
21993
21994
21995
21996
21997
21998
21999
22000
22001
22002
22003
22004
22005
22006
22007
22008
22009
22010
22011
22012
22013
22015
22016
22017
22018
22019
22022
22023
22024
22025
22026
22027
22028
22029
22030
22031
22032
22033
22034
22035
22036
22037
22038
22040
22041
22042
22043
22045
22046
22048
22049
22052
22054
22055
22057
22058
22059
22060
22061
22062
22063
22064
22065
22066
22067
22068
22069
22070
22071
22073
22075
22077
22078
22079
22080
22081
22082
22083
22084
22085
22086
22087
22088
22089
22091
22092
22093
22094
22096
22097
22098
22099
22100
22101
22103
22104
22105
22106
22107
22108
22109
22110
22111
22114
22115
22116
22118
22119
22120
22121
22122
22123
22124
22125
22127
22128
22129
22130
22131
22132
22133
22134
22135
22137
22139
22142
22143
22144
22146
22147
22148
22149
22150
22151
22152
22153
22154
22155
22156
22157
22158
22159
22161
22162
22164
22165
22166
22168
22170
22171
22172
22173
22174
22175
22176
22177
22178
22179
22180
22181
22182
22183
22184
22185
22186
22187
22188
22189
22190
22192
22193
22194
22196
22197
22198
22199
22200
22201
22203
22204
22205
22206
22207
22208
22209
22210
22211
22212
22213
22214
22215
22216
22217
22219
22220
22221
22222
22225
22226
22227
22228
22229
22230
22231
22232
22233
22234
22236
22237
22238
22239
22240
22241
22242
22243
22244
22245
22246
22247
22248
22249
22250
22252
22253
22254
22255
22256
22257
22259
22260
22261
22262
22263
22264
22265
22266
22268
22269
22270
22271
22272
22273
22274
22275
22276
22277
22280
22281
22283
22284
22285
22286
22287
22288
22289
22291
22292
22294
22296
22298
22299
22300
22301
22302
22303
22304
22305
22306
22308
22309
22310
22311
22312
22314
22315
22316
22317
22318
22319
22320
22321
22322
22324
22325
22326
22328
22332
22333
22334
22335
22336
22337
22338
22339
22340
22341
22342
22343
22344
22345
22346
22347
22348
22349
22350
22351
22352
22353
22355
22356
22357
22358
22359
22361
22362
22363
22364
22365
22366
22367
22368
22369
22370
22371
22372
22374
22375
22376
22377
22378
22379
22380
22381
22382
22383
22384
22385
22386
22387
22388
22389
22390
22391
22392
22393
22394
22395
22396
22397
22398
22399
22400
22401
22402
22403
22404
22405
22406
22407
22408
22409
22410
22411
22412
22415
22416
22417
22418
22419
22420
22421
22422
22423
22424
22425
22427
22428
22430
22431
22432
22433
22434
22436
22438
22439
22440
22442
22443
22444
22445
22446
22447
22448
22449
22450
22451
22452
22453
22455
22456
22457
22459
22460
22461
22462
22463
22464
22465
22466
22467
22469
22470
22471
22472
22473
22474
22475
22476
22478
22479
22480
22481
22482
22483
22484
22485
22486
22487
22488
22489
22490
22492
22494
22495
22496
22497
22498
22499
22500
22501
22502
22504
22505
22506
22507
22508
22509
22510
22511
22512
22513
22514
22516
22517
22518
22519
22520
22521
22522
22523
22524
22527
22528
22529
22530
22531
22532
22533
22534
22535
22537
22538
22539
22540
22543
22545
22546
22547
22548
22549
22551
22552
22553
22554
22555
22556
22557
22558
22559
22560
22561
22562
22563
22564
22565
22566
22567
22568
22569
22570
22571
22572
22573
22574
22575
22576
22577
22578
22579
22580
22581
22582
22583
22584
22585
22586
22587
22588
22589
22590
22593
22594
22595
22596
22597
22598
22600
22601
22602
22603
22604
22605
22607
22608
22609
22610
22611
22613
22614
22617
22618
22619
22620
22621
22622
22623
22624
22626
22627
22628
22629
22630
22632
22633
22634
22635
22636
22637
22638
22639
22640
22641
22643
22644
22646
22647
22648
22649
22650
22651
22653
22654
22655
22657
22658
22659
22660
22661
22662
22663
22664
22665
22666
22667
22668
22669
22671
22672
22673
22674
22675
22676
22677
22678
22679
22681
22682
22683
22684
22685
22686
22687
22688
22689
22690
22691
22692
22695
22696
22698
22699
22700
22701
22703
22704
22706
22707
22708
22709
22710
22711
22712
22713
22714
22715
22716
22717
22718
22719
22720
22721
22722
22723
22724
22725
22726
22727
22728
22729
22731
22732
22733
22734
22735
22737
22738
22739
22740
22741
22742
22744
22746
22748
22749
22750
22751
22752
22753
22754
22755
22757
22759
22760
22761
22762
22763
22764
22765
22766
22767
22769
22770
22772
22773
22774
22775
22776
22777
22778
22780
22781
22782
22783
22784
22785
22786
22787
22788
22789
22790
22791
22794
22795
22796
22797
22799
22800
22801
22802
22803
22804
22805
22807
22808
22809
22810
22811
22812
22813
22814
22816
22817
22818
22819
22820
22821
22822
22825
22826
22827
22830
22831
22832
22833
22834
22835
22836
22837
22838
22839
22840
22841
22843
22844
22845
22847
22848
22849
22850
22851
22852
22853
22854
22855
22856
22857
22858
22859
22860
22862
22863
22864
22865
22867
22868
22869
22870
22872
22873
22874
22875
22876
22877
22878
22879
22880
22881
22882
22883
22884
22885
22886
22887
22889
22890
22891
22892
22893
22895
22896
22897
22898
22900
22901
22902
22903
22904
22905
22906
22907
22908
22909
22910
22911
22912
22913
22914
22915
22916
22917
22918
22919
22920
22921
22922
22923
22924
22925
22927
22928
22929
22930
22931
22932
22933
22935
22936
22937
22938
22939
22940
22942
22943
22944
22945
22946
22947
22949
22950
22951
22952
22954
22955
22956
22957
22958
22959
22960
22961
22962
22963
22964
22965
22966
22967
22968
22969
22970
22971
22972
22973
22974
22975
22976
22977
22978
22979
22981
22982
22983
22984
22985
22986
22987
22989
22990
22991
22992
22993
22994
22996
22997
22998
22999
23001
23002
23004
23005
23006
23007
23008
23009
23011
23012
23013
23014
23015
23016
23017
23018
23019
23020
23021
23022
23023
23024
23025
23026
23027
23028
23029
23030
23031
23032
23033
23034
23035
23036
23038
23039
23040
23041
23042
23043
23044
23045
23047
23048
23050
23052
23053
23054
23055
23056
23059
23060
23061
23062
23063
23064
23065
23066
23067
23068
23069
23070
23071
23072
23074
23075
23078
23079
23080
23081
23082
23083
23084
23085
23086
23087
23088
23090
23091
23092
23094
23095
23096
23097
23098
23099
23100
23101
23102
23103
23104
23105
23106
23107
23108
23109
23110
23111
23112
23113
23114
23115
23116
23118
23119
23120
23121
23122
23123
23124
23126
23127
23128
23129
23131
23132
23133
23134
23135
23136
23137
23138
23139
23140
23141
23142
23144
23145
23146
23147
23148
23149
23150
23151
23152
23154
23155
23156
23158
23159
23160
23161
23162
23165
23166
23167
23168
23169
23171
23172
23173
23174
23175
23176
23177
23178
23179
23180
23181
23182
23183
23184
23185
23186
23187
23188
23189
23190
23192
23193
23196
23197
23199
23202
23203
23204
23205
23206
23207
23208
23209
23210
23211
23212
23213
23215
23216
23217
23218
23220
23221
23222
23223
23224
23228
23229
23230
23231
23232
23233
23234
23235
23236
23237
23238
23239
23240
23241
23242
23246
23249
23250
23251
23252
23253
23254
23255
23256
23259
23261
23262
23263
23264
23265
23266
23267
23268
23269
23270
23271
23272
23273
23274
23275
23276
23277
23278
23279
23280
23281
23282
23283
23284
23285
23286
23287
23289
23290
23291
23292
23293
23294
23295
23296
23297
23298
23299
23300
23301
23302
23303
23304
23306
23307
23308
23309
23310
23311
23312
23313
23314
23315
23316
23317
23318
23319
23320
23321
23322
23323
23324
23327
23328
23329
23330
23331
23332
23333
23334
23336
23337
23339
23340
23341
23342
23343
23344
23345
23346
23347
23348
23349
23350
23351
23352
23354
23355
23357
23359
23360
23361
23362
23364
23365
23366
23368
23369
23370
23371
23372
23373
23374
23375
23376
23377
23379
23380
23381
23382
23383
23385
23386
23387
23388
23390
23391
23392
23393
23394
23396
23397
23398
23399
23400
23401
23402
23403
23404
23405
23407
23408
23409
23410
23411
23412
23413
23414
23416
23417
23418
23419
23421
23422
23424
23425
23426
23427
23428
23429
23430
23431
23432
23434
23435
23436
23437
23438
23439
23440
23441
23443
23444
23445
23447
23449
23450
23451
23452
23453
23455
23456
23457
23459
23460
23462
23463
23464
23466
23467
23468
23470
23471
23472
23473
23474
23476
23477
23478
23479
23480
23481
23482
23483
23484
23486
23487
23488
23489
23490
23492
23493
23494
23495
23496
23498
23499
23500
23501
23502
23503
23504
23505
23506
23507
23508
23509
23511
23512
23514
23515
23516
23517
23518
23519
23520
23522
23523
23524
23525
23526
23527
23528
23529
23530
23532
23533
23534
23536
23537
23538
23539
23540
23541
23542
23543
23544
23545
23546
23547
23549
23550
23551
23552
23553
23554
23555
23556
23557
23558
23559
23561
23562
23563
23564
23565
23567
23568
23569
23570
23571
23572
23573
23574
23575
23576
23577
23578
23579
23580
23581
23582
23584
23585
23586
23588
23589
23591
23592
23593
23594
23595
23596
23597
23598
23599
23601
23602
23603
23604
23605
23606
23607
23608
23609
23610
23613
23614
23615
23616
23617
23618
23619
23620
23621
23622
23623
23624
23625
23626
23627
23628
23629
23630
23631
23632
23633
23634
23635
23636
23639
23640
23641
23643
23644
23645
23646
23647
23648
23649
23650
23651
23652
23653
23654
23655
23656
23657
23658
23659
23660
23661
23662
23663
23664
23665
23666
23667
23668
23670
23671
23672
23674
23675
23676
23677
23678
23679
23682
23683
23684
23685
23686
23687
23688
23690
23691
23692
23693
23694
23696
23697
23698
23699
23700
23701
23702
23703
23705
23706
23708
23709
23710
23712
23713
23714
23715
23716
23720
23721
23722
23723
23724
23727
23728
23729
23730
23731
23732
23733
23734
23735
23736
23737
23738
23739
23740
23741
23744
23745
23746
23747
23748
23749
23750
23751
23752
23753
23754
23756
23758
23759
23760
23761
23762
23763
23764
23765
23767
23768
23769
23773
23774
23775
23776
23777
23778
23779
23780
23781
23782
23783
23784
23785
23786
23787
23790
23791
23792
23793
23794
23795
23796
23797
23798
23799
23800
23801
23802
23804
23805
23806
23807
23808
23810
23811
23812
23813
23814
23815
23816
23817
23818
23819
23820
23821
23822
23823
23824
23825
23826
23827
23828
23829
23830
23831
23832
23833
23834
23835
23836
23837
23838
23839
23840
23841
23842
23843
23844
23845
23846
23847
23848
23849
23851
23852
23853
23854
23855
23856
23857
23858
23859
23860
23862
23863
23864
23866
23867
23868
23870
23871
23872
23873
23874
23875
23876
23878
23879
23881
23882
23883
23884
23885
23886
23887
23888
23889
23890
23891
23894
23895
23896
23898
23899
23900
23901
23903
23904
23905
23907
23908
23909
23911
23912
23913
23914
23915
23916
23917
23919
23921
23922
23923
23925
23926
23927
23928
23929
23930
23931
23932
23933
23934
23935
23937
23938
23939
23940
23942
23943
23944
23945
23946
23947
23948
23950
23951
23953
23954
23955
23956
23957
23958
23959
23960
23962
23963
23964
23965
23967
23968
23969
23970
23971
23972
23973
23974
23975
23976
23977
23978
23979
23980
23981
23982
23983
23984
23985
23987
23989
23990
23991
23995
23996
23997
23998
23999
24000
24001
24002
24004
24005
24006
24007
24008
24009
24010
24011
24012
24013
24014
24015
24016
24017
24018
24019
24020
24021
24022
24023
24024
24025
24026
24027
24028
24029
24030
24031
24033
24034
24035
24037
24038
24039
24042
24043
24044
24045
24046
24047
24048
24049
24050
24052
24053
24054
24055
24056
24057
24058
24059
24061
24062
24063
24064
24065
24067
24068
24069
24070
24071
24072
24073
24074
24075
24076
24077
24078
24079
24080
24081
24082
24083
24085
24086
24087
24089
24090
24091
24092
24094
24095
24096
24097
24098
24099
24100
24102
24103
24104
24105
24106
24107
24108
24109
24110
24111
24112
24113
24114
24115
24116
24117
24120
24122
24123
24124
24125
24126
24127
24128
24129
24130
24131
24132
24133
24134
24135
24136
24138
24139
24140
24141
24143
24144
24145
24146
24147
24149
24150
24151
24152
24153
24154
24155
24156
24157
24158
24159
24160
24161
24162
24163
24164
24166
24167
24168
24169
24170
24171
24172
24173
24174
24175
24176
24178
24179
24180
24181
24182
24183
24184
24185
24186
24187
24188
24189
24190
24191
24192
24193
24194
24196
24197
24198
24199
24200
24201
24202
24203
24204
24205
24206
24207
24208
24209
24210
24212
24213
24214
24215
24216
24217
24218
24220
24221
24222
24223
24224
24226
24227
24228
24229
24230
24231
24233
24234
24235
24236
24237
24238
24239
24241
24242
24243
24244
24245
24246
24247
24248
24249
24251
24252
24253
24254
24256
24257
24258
24260
24262
24263
24264
24265
24266
24267
24268
24269
24270
24271
24272
24274
24275
24276
24277
24278
24279
24280
24281
24283
24284
24286
24287
24288
24289
24290
24291
24292
24293
24294
24297
24298
24299
24300
24301
24302
24304
24305
24306
24307
24308
24309
24310
24311
24312
24314
24315
24316
24317
24318
24319
24320
24321
24322
24323
24324
24325
24327
24329
24330
24331
24332
24334
24336
24337
24338
24339
24340
24341
24342
24343
24345
24346
24347
24348
24349
24350
24351
24352
24353
24354
24356
24357
24358
24359
24360
24361
24362
24363
24364
24366
24367
24368
24370
24371
24372
24373
24375
24376
24377
24378
24379
24380
24382
24383
24384
24385
24386
24387
24389
24390
24393
24394
24395
24396
24397
24398
24399
24401
24402
24404
24405
24406
24407
24408
24409
24411
24413
24415
24416
24418
24419
24420
24422
24423
24425
24426
24427
24428
24429
24430
24431
24432
24436
24437
24438
24439
24440
24441
24442
24443
24444
24445
24446
24447
24448
24450
24453
24454
24455
24456
24457
24458
24459
24460
24461
24462
24463
24464
24465
24467
24468
24470
24471
24472
24474
24475
24476
24477
24478
24479
24480
24483
24484
24485
24486
24487
24488
24489
24490
24491
24492
24494
24495
24496
24498
24499
24500
24501
24502
24503
24504
24505
24506
24507
24508
24509
24510
24511
24512
24513
24514
24515
24517
24518
24520
24521
24522
24524
24525
24526
24527
24528
24529
24530
24531
24532
24533
24535
24536
24537
24538
24539
24540
24541
24542
24543
24544
24545
24546
24547
24548
24549
24550
24551
24552
24553
24555
24556
24557
24558
24559
24560
24561
24562
24563
24564
24566
24567
24568
24570
24571
24572
24573
24574
24577
24578
24579
24580
24581
24582
24583
24584
24585
24586
24587
24588
24589
24590
24591
24592
24593
24594
24595
24596
24598
24599
24600
24601
24602
24603
24604
24605
24606
24607
24608
24609
24610
24611
24613
24614
24615
24617
24618
24620
24621
24622
24623
24624
24626
24627
24628
24629
24630
24631
24632
24633
24634
24635
24636
24639
24641
24642
24643
24645
24646
24647
24648
24649
24650
24651
24652
24653
24654
24655
24656
24657
24658
24659
24660
24661
24662
24664
24665
24666
24667
24668
24669
24670
24672
24673
24674
24675
24676
24677
24678
24679
24680
24681
24682
24683
24684
24685
24686
24687
24689
24690
24691
24692
24693
24694
24695
24696
24697
24698
24699
24702
24703
24704
24705
24706
24707
24708
24709
24710
24711
24712
24713
24714
24715
24717
24718
24719
24720
24721
24722
24723
24724
24725
24726
24727
24728
24729
24730
24731
24732
24733
24734
24735
24736
24737
24738
24739
24741
24743
24745
24746
24748
24749
24750
24751
24752
24753
24754
24755
24756
24757
24758
24759
24762
24763
24764
24765
24766
24768
24769
24770
24771
24772
24773
24774
24775
24776
24777
24778
24779
24780
24782
24783
24784
24785
24787
24788
24789
24790
24791
24792
24793
24794
24795
24797
24798
24799
24800
24801
24804
24805
24806
24807
24808
24809
24810
24811
24813
24814
24815
24816
24819
24820
24821
24822
24823
24824
24826
24827
24828
24829
24830
24831
24832
24833
24834
24836
24838
24839
24840
24841
24842
24844
24846
24847
24848
24849
24851
24852
24853
24854
24855
24856
24857
24858
24860
24861
24862
24863
24864
24865
24866
24867
24868
24869
24870
24871
24872
24873
24875
24876
24877
24878
24879
24880
24881
24882
24883
24884
24885
24886
24887
24888
24889
24890
24891
24892
24893
24894
24895
24896
24897
24898
24899
24900
24901
24902
24903
24904
24906
24907
24908
24909
24910
24912
24913
24914
24915
24916
24917
24918
24919
24920
24921
24922
24923
24924
24925
24926
24927
24928
24929
24930
24931
24932
24933
24934
24935
24936
24937
24938
24939
24940
24941
24942
24944
24945
24946
24948
24949
24950
24951
24952
24953
24954
24955
24956
24957
24958
24959
24961
24963
24964
24965
24966
24967
24969
24970
24971
24972
24973
24974
24975
24978
24979
24980
24981
24982
24983
24984
24985
24986
24988
24989
24991
24992
24993
24994
24995
24996
24997
24998
24999
25001
25002
25003
25004
25005
25006
25007
25008
25009
25011
25012
25013
25014
25015
25016
25018
25019
25021
25022
25023
25024
25025
25026
25029
25031
25032
25033
25034
25035
25036
25037
25039
25040
25041
25042
25043
25044
25045
25046
25047
25048
25049
25050
25051
25052
25053
25054
25055
25056
25057
25058
25059
25060
25061
25062
25063
25064
25065
25066
25067
25068
25069
25070
25071
25072
25073
25074
25075
25076
25077
25078
25079
25080
25081
25082
25083
25084
25086
25087
25088
25091
25092
25094
25095
25096
25097
25099
25100
25101
25102
25103
25104
25105
25106
25107
25108
25110
25111
25112
25113
25114
25116
25117
25118
25120
25121
25122
25123
25124
25127
25128
25129
25130
25131
25132
25133
25136
25138
25140
25141
25143
25144
25146
25147
25148
25150
25151
25152
25153
25154
25155
25156
25157
25158
25159
25160
25161
25162
25163
25164
25165
25166
25167
25168
25169
25170
25171
25172
25173
25174
25175
25176
25177
25179
25180
25181
25182
25183
25184
25185
25186
25187
25188
25189
25190
25191
25192
25193
25194
25195
25196
25197
25198
25199
25200
25201
25202
25203
25204
25205
25206
25207
25208
25209
25210
25211
25212
25213
25214
25215
25216
25218
25219
25220
25223
25225
25226
25227
25229
25230
25231
25233
25235
25236
25237
25238
25239
25241
25242
25243
25244
25245
25246
25247
25248
25249
25250
25251
25253
25254
25255
25256
25257
25258
25259
25262
25263
25264
25265
25266
25268
25269
25270
25271
25272
25273
25274
25275
25277
25279
25280
25281
25283
25284
25286
25288
25290
25292
25293
25294
25295
25296
25297
25298
25299
25300
25302
25303
25304
25305
25306
25307
25308
25310
25312
25313
25315
25316
25317
25318
25320
25321
25322
25323
25324
25325
25326
25327
25328
25329
25331
25332
25334
25335
25336
25337
25339
25340
25341
25342
25343
25344
25345
25347
25349
25350
25351
25352
25353
25354
25355
25357
25358
25359
25360
25361
25362
25363
25364
25365
25366
25367
25368
25369
25370
25371
25372
25374
25375
25376
25377
25378
25379
25381
25382
25384
25385
25386
25387
25388
25389
25390
25391
25392
25393
25394
25395
25397
25398
25399
25400
25401
25402
25403
25404
25405
25406
25407
25408
25410
25412
25413
25414
25415
25416
25417
25418
25419
25420
25422
25423
25424
25425
25426
25427
25428
25429
25431
25432
25433
25434
25436
25437
25439
25440
25441
25442
25443
25444
25445
25446
25447
25448
25449
25450
25451
25452
25453
25455
25456
25457
25458
25459
25460
25461
25462
25463
25464
25466
25467
25468
25469
25470
25471
25472
25473
25474
25475
25476
25478
25479
25481
25482
25483
25484
25485
25486
25487
25488
25489
25490
25492
25494
25495
25496
25497
25498
25499
25500
25501
25502
25503
25504
25505
25506
25507
25508
25510
25511
25512
25513
25514
25515
25516
25517
25518
25520
25522
25523
25524
25525
25526
25527
25528
25530
25532
25533
25534
25535
25536
25537
25538
25539
25540
25542
25543
25544
25545
25546
25547
25548
25549
25550
25552
25553
25554
25555
25556
25557
25558
25559
25560
25561
25562
25563
25564
25566
25569
25570
25571
25572
25574
25575
25576
25579
25580
25582
25585
25586
25587
25589
25590
25592
25593
25594
25595
25596
25597
25598
25599
25600
25601
25602
25603
25604
25605
25606
25607
25608
25609
25610
25612
25613
25614
25615
25616
25617
25618
25619
25620
25621
25622
25623
25624
25625
25626
25627
25628
25629
25631
25632
25633
25634
25636
25637
25638
25639
25640
25641
25642
25643
25644
25645
25646
25647
25648
25649
25650
25651
25652
25653
25654
25655
25656
25657
25658
25659
25660
25661
25662
25663
25664
25665
25666
25667
25668
25669
25670
25671
25672
25673
25674
25675
25676
25678
25679
25680
25681
25682
25683
25684
25685
25686
25687
25688
25689
25690
25691
25692
25693
25694
25695
25696
25697
25698
25699
25700
25701
25702
25703
25705
25706
25707
25708
25709
25710
25711
25712
25713
25714
25715
25717
25718
25719
25720
25721
25722
25723
25724
25726
25727
25728
25729
25730
25731
25732
25734
25736
25737
25738
25739
25740
25741
25742
25743
25744
25745
25746
25747
25748
25749
25750
25751
25752
25753
25754
25755
25756
25757
25758
25759
25760
25761
25762
25763
25764
25765
25766
25767
25768
25769
25770
25771
25773
25775
25776
25777
25778
25779
25781
25782
25783
25784
25785
25786
25787
25788
25789
25790
25791
25792
25794
25796
25797
25798
25799
25800
25801
25802
25804
25806
25807
25809
25810
25811
25812
25813
25814
25815
25816
25817
25818
25819
25820
25821
25822
25823
25824
25825
25826
25827
25828
25829
25830
25831
25832
25833
25836
25837
25838
25839
25840
25841
25842
25844
25845
25846
25848
25849
25850
25851
25852
25853
25854
25855
25856
25857
25858
25859
25860
25861
25863
25865
25866
25867
25868
25871
25872
25873
25874
25875
25876
25877
25878
25879
25880
25881
25882
25884
25885
25886
25887
25888
25889
25891
25892
25893
25894
25895
25896
25897
25898
25899
25900
25901
25902
25904
25905
25906
25908
25909
25910
25911
25912
25913
25914
25915
25916
25917
25918
25919
25921
25922
25923
25924
25925
25926
25927
25928
25929
25930
25932
25933
25934
25935
25936
25937
25939
25941
25942
25943
25944
25945
25946
25947
25948
25949
25950
25951
25952
25953
25954
25955
25957
25958
25959
25960
25961
25962
25963
25964
25965
25966
25967
25968
25969
25970
25972
25973
25975
25976
25977
25978
25979
25980
25981
25982
25983
25984
25985
25986
25987
25988
25989
25990
25991
25992
25993
25994
25995
25996
25997
25998
25999
26000
26001
26003
26004
26006
26007
26008
26009
26011
26012
26013
26014
26015
26017
26018
26019
26022
26023
26024
26025
26026
26027
26028
26029
26030
26031
26032
26033
26034
26036
26037
26038
26039
26040
26041
26042
26043
26045
26046
26047
26048
26049
26050
26051
26052
26053
26055
26057
26058
26059
26060
26061
26063
26064
26065
26066
26067
26068
26069
26071
26072
26073
26074
26075
26076
26077
26078
26079
26080
26081
26082
26084
26085
26086
26087
26088
26089
26090
26091
26092
26093
26094
26095
26096
26098
26099
26100
26101
26102
26103
26105
26108
26109
26110
26111
26112
26113
26114
26115
26116
26117
26118
26119
26120
26122
26123
26124
26125
26126
26127
26128
26129
26130
26131
26132
26133
26134
26135
26136
26137
26138
26139
26140
26141
26142
26143
26144
26145
26146
26147
26148
26149
26150
26151
26152
26153
26156
26157
26158
26159
26160
26161
26163
26164
26165
26166
26168
26169
26170
26171
26173
26174
26175
26176
26177
26178
26179
26180
26181
26183
26184
26185
26186
26187
26188
26189
26190
26191
26193
26194
26195
26196
26197
26198
26199
26200
26201
26202
26204
26205
26206
26207
26208
26212
26213
26214
26215
26216
26217
26218
26219
26220
26221
26222
26223
26224
26225
26226
26227
26228
26229
26230
26232
26234
26235
26236
26237
26238
26239
26240
26241
26242
26243
26244
26245
26246
26247
26248
26249
26250
26251
26253
26254
26255
26256
26257
26258
26259
26260
26261
26262
26263
26264
26265
26266
26268
26269
26270
26271
26273
26274
26275
26277
26278
26279
26280
26281
26282
26283
26284
26285
26287
26288
26289
26290
26291
26292
26294
26296
26297
26298
26299
26300
26301
26302
26303
26304
26305
26306
26307
26308
26309
26311
26312
26313
26316
26317
26318
26319
26320
26321
26322
26323
26324
26325
26326
26327
26328
26329
26330
26331
26332
26334
26335
26336
26337
26338
26339
26340
26341
26342
26343
26344
26345
26346
26347
26348
26349
26351
26352
26353
26355
26357
26359
26360
26361
26362
26363
26364
26366
26367
26368
26369
26370
26371
26372
26373
26374
26375
26376
26378
26380
26381
26382
26383
26384
26386
26387
26388
26389
26390
26392
26393
26394
26395
26396
26397
26398
26399
26400
26401
26402
26403
26404
26405
26406
26408
26409
26410
26411
26412
26413
26414
26415
26416
26417
26418
26420
26422
26425
26426
26427
26429
26431
26433
26434
26435
26436
26437
26438
26440
26441
26442
26443
26444
26445
26447
26448
26449
26450
26451
26452
26454
26455
26457
26459
26460
26461
26462
26463
26464
26465
26466
26467
26468
26470
26471
26472
26473
26474
26475
26476
26477
26478
26480
26481
26482
26483
26484
26485
26486
26487
26488
26489
26490
26491
26492
26494
26495
26496
26497
26498
26499
26500
26501
26503
26504
26505
26506
26507
26508
26509
26510
26511
26512
26513
26515
26517
26518
26519
26520
26521
26522
26523
26524
26525
26526
26528
26529
26530
26531
26532
26534
26535
26537
26538
26539
26540
26541
26542
26543
26544
26545
26546
26547
26548
26549
26552
26553
26554
26555
26556
26557
26558
26559
26560
26561
26562
26563
26564
26565
26566
26568
26569
26570
26571
26572
26573
26575
26576
26577
26578
26580
26582
26583
26585
26586
26587
26589
26590
26591
26592
26593
26594
26595
26596
26597
26598
26599
26600
26601
26602
26603
26604
26605
26606
26607
26609
26610
26611
26612
26613
26615
26616
26617
26618
26619
26620
26621
26622
26624
26625
26627
26628
26629
26630
26631
26632
26633
26634
26635
26636
26637
26639
26640
26641
26642
26643
26645
26646
