timestamp, index, utilization.gpu [%], memory.used [MiB], power.draw [W], clocks.current.sm [MHz], clocks.current.memory [MHz], temperature.gpu
2026/09/24 20:02:18.518, 0, 0 %, 2 MiB, 112.93 W, 2850 MHz, 14001 MHz, 53
2026/09/24 20:02:18.522, 1, 0 %, 2 MiB, 112.34 W, 2737 MHz, 14001 MHz, 50
2026/09/24 20:02:18.776, 0, 0 %, 42 MiB, 112.93 W, 2850 MHz, 14001 MHz, 53
2026/09/24 20:02:18.777, 1, 0 %, 4 MiB, 112.34 W, 2737 MHz, 14001 MHz, 50
2026/09/24 20:02:19.028, 0, 0 %, 596 MiB, 112.93 W, 2850 MHz, 14001 MHz, 53
2026/09/24 20:02:19.028, 1, 0 %, 4 MiB, 112.34 W, 2737 MHz, 14001 MHz, 50
2026/09/24 20:02:19.278, 0, 0 %, 596 MiB, 113.24 W, 2850 MHz, 14001 MHz, 52
2026/09/24 20:02:19.278, 1, 0 %, 4 MiB, 116.97 W, 2737 MHz, 14001 MHz, 50
2026/09/24 20:02:19.529, 0, 0 %, 596 MiB, 113.24 W, 2850 MHz, 14001 MHz, 52
2026/09/24 20:02:19.529, 1, 0 %, 4 MiB, 116.97 W, 2737 MHz, 14001 MHz, 50
2026/09/24 20:02:19.779, 0, 0 %, 596 MiB, 111.49 W, 2850 MHz, 13365 MHz, 52
2026/09/24 20:02:19.779, 1, 0 %, 4 MiB, 111.64 W, 2857 MHz, 14001 MHz, 50
2026/09/24 20:02:20.029, 0, 0 %, 884 MiB, 111.49 W, 2850 MHz, 13365 MHz, 52
2026/09/24 20:02:20.029, 1, 0 %, 4 MiB, 111.64 W, 2857 MHz, 14001 MHz, 50
2026/09/24 20:02:20.279, 0, 0 %, 1268 MiB, 109.94 W, 2850 MHz, 13365 MHz, 52
2026/09/24 20:02:20.280, 1, 0 %, 23 MiB, 111.50 W, 2857 MHz, 14001 MHz, 50
2026/09/24 20:02:20.531, 0, 0 %, 1268 MiB, 109.94 W, 2850 MHz, 13365 MHz, 52
2026/09/24 20:02:20.531, 1, 0 %, 852 MiB, 111.50 W, 2857 MHz, 14001 MHz, 50
2026/09/24 20:02:20.781, 0, 0 %, 1332 MiB, 95.08 W, 2617 MHz, 13365 MHz, 52
2026/09/24 20:02:20.781, 1, 0 %, 1300 MiB, 91.92 W, 2167 MHz, 13365 MHz, 49
2026/09/24 20:02:21.031, 0, 0 %, 1332 MiB, 95.08 W, 2617 MHz, 13365 MHz, 52
2026/09/24 20:02:21.031, 1, 0 %, 1300 MiB, 91.92 W, 2167 MHz, 13365 MHz, 49
2026/09/24 20:02:21.281, 0, 0 %, 3348 MiB, 95.02 W, 2617 MHz, 13365 MHz, 52
2026/09/24 20:02:21.282, 1, 0 %, 2324 MiB, 92.12 W, 2617 MHz, 13365 MHz, 49
2026/09/24 20:02:21.532, 0, 0 %, 6804 MiB, 95.02 W, 2617 MHz, 13365 MHz, 52
2026/09/24 20:02:21.532, 1, 0 %, 3316 MiB, 92.12 W, 2617 MHz, 13365 MHz, 49
2026/09/24 20:02:21.782, 0, 19 %, 6804 MiB, 100.55 W, 2617 MHz, 13365 MHz, 52
2026/09/24 20:02:21.782, 1, 0 %, 3316 MiB, 92.67 W, 2617 MHz, 13365 MHz, 49
2026/09/24 20:02:22.032, 0, 19 %, 6804 MiB, 100.55 W, 2617 MHz, 13365 MHz, 52
2026/09/24 20:02:22.032, 1, 0 %, 3316 MiB, 92.67 W, 2617 MHz, 13365 MHz, 49
2026/09/24 20:02:22.282, 0, 19 %, 6804 MiB, 96.23 W, 2617 MHz, 13365 MHz, 51
2026/09/24 20:02:22.283, 1, 0 %, 3316 MiB, 91.01 W, 2610 MHz, 13365 MHz, 49
2026/09/24 20:02:22.533, 0, 19 %, 6804 MiB, 96.23 W, 2617 MHz, 13365 MHz, 51
2026/09/24 20:02:22.533, 1, 0 %, 3316 MiB, 91.01 W, 2610 MHz, 13365 MHz, 49
2026/09/24 20:02:22.783, 0, 0 %, 6804 MiB, 95.27 W, 2617 MHz, 13365 MHz, 51
2026/09/24 20:02:22.783, 1, 0 %, 3316 MiB, 90.85 W, 2610 MHz, 13365 MHz, 49
2026/09/24 20:02:23.033, 0, 0 %, 6804 MiB, 95.27 W, 2617 MHz, 13365 MHz, 51
2026/09/24 20:02:23.035, 1, 0 %, 3316 MiB, 90.85 W, 2610 MHz, 13365 MHz, 49
2026/09/24 20:02:23.285, 0, 0 %, 6836 MiB, 96.07 W, 2610 MHz, 13365 MHz, 51
2026/09/24 20:02:23.286, 1, 0 %, 3316 MiB, 92.03 W, 2610 MHz, 13365 MHz, 49
2026/09/24 20:02:23.536, 0, 0 %, 6836 MiB, 96.07 W, 2610 MHz, 13365 MHz, 51
2026/09/24 20:02:23.536, 1, 0 %, 3316 MiB, 92.03 W, 2610 MHz, 13365 MHz, 49
2026/09/24 20:02:23.786, 0, 0 %, 6868 MiB, 94.29 W, 2610 MHz, 13365 MHz, 51
2026/09/24 20:02:23.786, 1, 0 %, 3316 MiB, 90.84 W, 2610 MHz, 13365 MHz, 48
2026/09/24 20:02:24.036, 0, 0 %, 6868 MiB, 94.29 W, 2610 MHz, 13365 MHz, 51
2026/09/24 20:02:24.036, 1, 0 %, 3316 MiB, 90.84 W, 2610 MHz, 13365 MHz, 48
2026/09/24 20:02:24.286, 0, 0 %, 10356 MiB, 93.92 W, 2617 MHz, 13365 MHz, 51
2026/09/24 20:02:24.287, 1, 0 %, 3316 MiB, 90.75 W, 2610 MHz, 13365 MHz, 48
2026/09/24 20:02:24.537, 0, 0 %, 10356 MiB, 93.92 W, 2617 MHz, 13365 MHz, 51
2026/09/24 20:02:24.537, 1, 0 %, 3316 MiB, 90.75 W, 2610 MHz, 13365 MHz, 48
2026/09/24 20:02:24.787, 0, 7 %, 10356 MiB, 98.55 W, 2610 MHz, 13365 MHz, 51
2026/09/24 20:02:24.787, 1, 0 %, 3316 MiB, 90.42 W, 2610 MHz, 13365 MHz, 48
2026/09/24 20:02:25.037, 0, 7 %, 10356 MiB, 98.55 W, 2610 MHz, 13365 MHz, 51
2026/09/24 20:02:25.037, 1, 0 %, 3316 MiB, 90.42 W, 2610 MHz, 13365 MHz, 48
2026/09/24 20:02:25.287, 0, 7 %, 10388 MiB, 95.68 W, 2610 MHz, 13365 MHz, 51
2026/09/24 20:02:25.288, 1, 0 %, 3316 MiB, 90.19 W, 2610 MHz, 13365 MHz, 48
2026/09/24 20:02:25.538, 0, 7 %, 10388 MiB, 95.68 W, 2610 MHz, 13365 MHz, 51
2026/09/24 20:02:25.538, 1, 0 %, 3316 MiB, 90.19 W, 2610 MHz, 13365 MHz, 48
2026/09/24 20:02:25.788, 0, 0 %, 10388 MiB, 95.90 W, 2617 MHz, 13365 MHz, 51
2026/09/24 20:02:25.788, 1, 0 %, 3316 MiB, 91.41 W, 2610 MHz, 13365 MHz, 48
2026/09/24 20:02:26.038, 0, 0 %, 10420 MiB, 95.90 W, 2617 MHz, 13365 MHz, 51
2026/09/24 20:02:26.039, 1, 0 %, 3316 MiB, 91.41 W, 2610 MHz, 13365 MHz, 48
2026/09/24 20:02:26.289, 0, 0 %, 10420 MiB, 94.33 W, 2617 MHz, 13365 MHz, 51
2026/09/24 20:02:26.289, 1, 0 %, 3316 MiB, 90.27 W, 2610 MHz, 13365 MHz, 48
2026/09/24 20:02:26.539, 0, 0 %, 10452 MiB, 94.33 W, 2617 MHz, 13365 MHz, 51
2026/09/24 20:02:26.539, 1, 0 %, 3316 MiB, 90.27 W, 2610 MHz, 13365 MHz, 48
2026/09/24 20:02:26.789, 0, 0 %, 10452 MiB, 94.17 W, 2617 MHz, 13365 MHz, 51
2026/09/24 20:02:26.789, 1, 0 %, 3316 MiB, 90.04 W, 2610 MHz, 13365 MHz, 48
2026/09/24 20:02:27.039, 0, 0 %, 13940 MiB, 94.17 W, 2617 MHz, 13365 MHz, 51
2026/09/24 20:02:27.040, 1, 0 %, 3316 MiB, 90.04 W, 2610 MHz, 13365 MHz, 48
2026/09/24 20:02:27.290, 0, 0 %, 13940 MiB, 99.30 W, 2625 MHz, 13365 MHz, 51
2026/09/24 20:02:27.290, 1, 0 %, 3316 MiB, 89.81 W, 2610 MHz, 13365 MHz, 47
2026/09/24 20:02:27.540, 0, 0 %, 13972 MiB, 99.30 W, 2625 MHz, 13365 MHz, 51
2026/09/24 20:02:27.540, 1, 0 %, 3316 MiB, 89.81 W, 2610 MHz, 13365 MHz, 47
2026/09/24 20:02:27.790, 0, 0 %, 13972 MiB, 97.42 W, 2625 MHz, 13365 MHz, 51
2026/09/24 20:02:27.790, 1, 0 %, 3316 MiB, 89.73 W, 2610 MHz, 13365 MHz, 47
2026/09/24 20:02:28.040, 0, 0 %, 13972 MiB, 97.42 W, 2625 MHz, 13365 MHz, 51
2026/09/24 20:02:28.040, 1, 0 %, 3316 MiB, 89.73 W, 2610 MHz, 13365 MHz, 47
2026/09/24 20:02:28.291, 0, 0 %, 14004 MiB, 94.84 W, 2610 MHz, 13365 MHz, 51
2026/09/24 20:02:28.291, 1, 0 %, 3316 MiB, 90.68 W, 2610 MHz, 13365 MHz, 47
2026/09/24 20:02:28.541, 0, 0 %, 14004 MiB, 94.84 W, 2610 MHz, 13365 MHz, 51
2026/09/24 20:02:28.541, 1, 0 %, 3316 MiB, 90.68 W, 2610 MHz, 13365 MHz, 47
2026/09/24 20:02:28.791, 0, 0 %, 14036 MiB, 94.26 W, 2610 MHz, 13365 MHz, 50
2026/09/24 20:02:28.791, 1, 0 %, 3316 MiB, 89.72 W, 2610 MHz, 13365 MHz, 47
2026/09/24 20:02:29.041, 0, 0 %, 14036 MiB, 94.26 W, 2610 MHz, 13365 MHz, 50
2026/09/24 20:02:29.041, 1, 0 %, 3316 MiB, 89.72 W, 2610 MHz, 13365 MHz, 47
2026/09/24 20:02:29.292, 0, 0 %, 14036 MiB, 93.95 W, 2617 MHz, 13365 MHz, 50
2026/09/24 20:02:29.292, 1, 0 %, 3316 MiB, 89.69 W, 2610 MHz, 13365 MHz, 47
2026/09/24 20:02:29.542, 0, 0 %, 14068 MiB, 93.95 W, 2617 MHz, 13365 MHz, 50
2026/09/24 20:02:29.542, 1, 0 %, 3316 MiB, 89.69 W, 2610 MHz, 13365 MHz, 47
2026/09/24 20:02:29.792, 0, 0 %, 14100 MiB, 93.84 W, 2617 MHz, 13365 MHz, 50
2026/09/24 20:02:29.792, 1, 0 %, 3316 MiB, 89.57 W, 2610 MHz, 13365 MHz, 47
2026/09/24 20:02:30.042, 0, 0 %, 17556 MiB, 93.84 W, 2617 MHz, 13365 MHz, 50
2026/09/24 20:02:30.043, 1, 0 %, 3316 MiB, 89.57 W, 2610 MHz, 13365 MHz, 47
2026/09/24 20:02:30.293, 0, 0 %, 17556 MiB, 95.81 W, 2617 MHz, 13365 MHz, 50
2026/09/24 20:02:30.293, 1, 0 %, 3316 MiB, 89.60 W, 2610 MHz, 13365 MHz, 47
2026/09/24 20:02:30.543, 0, 0 %, 17556 MiB, 95.81 W, 2617 MHz, 13365 MHz, 50
2026/09/24 20:02:30.543, 1, 0 %, 3316 MiB, 89.60 W, 2610 MHz, 13365 MHz, 47
2026/09/24 20:02:30.793, 0, 0 %, 17556 MiB, 96.11 W, 2617 MHz, 13365 MHz, 50
2026/09/24 20:02:30.793, 1, 0 %, 3316 MiB, 89.76 W, 2610 MHz, 13365 MHz, 47
2026/09/24 20:02:31.043, 0, 0 %, 17588 MiB, 96.11 W, 2617 MHz, 13365 MHz, 50
2026/09/24 20:02:31.043, 1, 0 %, 3316 MiB, 89.76 W, 2610 MHz, 13365 MHz, 47
2026/09/24 20:02:31.294, 0, 0 %, 17588 MiB, 93.11 W, 2617 MHz, 13365 MHz, 50
2026/09/24 20:02:31.294, 1, 0 %, 3316 MiB, 89.11 W, 2610 MHz, 13365 MHz, 47
2026/09/24 20:02:31.544, 0, 0 %, 17620 MiB, 93.11 W, 2617 MHz, 13365 MHz, 50
2026/09/24 20:02:31.544, 1, 0 %, 3316 MiB, 89.11 W, 2610 MHz, 13365 MHz, 47
2026/09/24 20:02:31.794, 0, 1 %, 17620 MiB, 93.17 W, 2610 MHz, 13365 MHz, 50
2026/09/24 20:02:31.795, 1, 0 %, 3316 MiB, 89.14 W, 2610 MHz, 13365 MHz, 47
2026/09/24 20:02:32.047, 0, 1 %, 17620 MiB, 93.17 W, 2610 MHz, 13365 MHz, 50
2026/09/24 20:02:32.047, 1, 0 %, 3316 MiB, 89.14 W, 2610 MHz, 13365 MHz, 47
2026/09/24 20:02:32.297, 0, 1 %, 17684 MiB, 93.16 W, 2610 MHz, 13365 MHz, 50
2026/09/24 20:02:32.297, 1, 0 %, 3316 MiB, 90.48 W, 2610 MHz, 13365 MHz, 47
2026/09/24 20:02:32.547, 0, 1 %, 20756 MiB, 93.16 W, 2610 MHz, 13365 MHz, 50
2026/09/24 20:02:32.547, 1, 0 %, 3316 MiB, 90.48 W, 2610 MHz, 13365 MHz, 47
2026/09/24 20:02:32.797, 0, 0 %, 21140 MiB, 93.11 W, 2617 MHz, 13365 MHz, 50
2026/09/24 20:02:32.797, 1, 0 %, 3316 MiB, 89.42 W, 2610 MHz, 13365 MHz, 47
2026/09/24 20:02:33.048, 0, 0 %, 21172 MiB, 93.11 W, 2617 MHz, 13365 MHz, 50
2026/09/24 20:02:33.048, 1, 0 %, 3316 MiB, 89.42 W, 2610 MHz, 13365 MHz, 47
2026/09/24 20:02:33.298, 0, 0 %, 21172 MiB, 94.13 W, 2617 MHz, 13365 MHz, 50
2026/09/24 20:02:33.298, 1, 0 %, 3316 MiB, 91.43 W, 2610 MHz, 13365 MHz, 47
2026/09/24 20:02:33.548, 0, 0 %, 21172 MiB, 94.13 W, 2617 MHz, 13365 MHz, 50
2026/09/24 20:02:33.548, 1, 0 %, 3316 MiB, 91.43 W, 2610 MHz, 13365 MHz, 47
2026/09/24 20:02:33.798, 0, 0 %, 21204 MiB, 93.68 W, 2610 MHz, 13365 MHz, 49
2026/09/24 20:02:33.798, 1, 0 %, 3316 MiB, 89.66 W, 2610 MHz, 13365 MHz, 47
2026/09/24 20:02:34.049, 0, 0 %, 21204 MiB, 93.68 W, 2610 MHz, 13365 MHz, 49
2026/09/24 20:02:34.049, 1, 0 %, 3316 MiB, 89.66 W, 2610 MHz, 13365 MHz, 47
2026/09/24 20:02:34.299, 0, 0 %, 21204 MiB, 93.50 W, 2617 MHz, 13365 MHz, 49
2026/09/24 20:02:34.299, 1, 0 %, 3316 MiB, 89.42 W, 2610 MHz, 13365 MHz, 47
2026/09/24 20:02:34.549, 0, 0 %, 21236 MiB, 93.50 W, 2617 MHz, 13365 MHz, 49
2026/09/24 20:02:34.549, 1, 0 %, 3316 MiB, 89.42 W, 2610 MHz, 13365 MHz, 47
2026/09/24 20:02:34.799, 0, 0 %, 21236 MiB, 93.54 W, 2617 MHz, 13365 MHz, 49
2026/09/24 20:02:34.799, 1, 0 %, 3316 MiB, 90.05 W, 2610 MHz, 13365 MHz, 47
2026/09/24 20:02:35.049, 0, 0 %, 21268 MiB, 93.54 W, 2617 MHz, 13365 MHz, 49
2026/09/24 20:02:35.050, 1, 0 %, 3316 MiB, 90.05 W, 2610 MHz, 13365 MHz, 47
2026/09/24 20:02:35.300, 0, 0 %, 21300 MiB, 93.04 W, 2610 MHz, 13365 MHz, 49
2026/09/24 20:02:35.300, 1, 0 %, 3316 MiB, 89.40 W, 2610 MHz, 13365 MHz, 46
2026/09/24 20:02:35.550, 0, 0 %, 24756 MiB, 93.04 W, 2610 MHz, 13365 MHz, 49
2026/09/24 20:02:35.552, 1, 0 %, 3316 MiB, 89.40 W, 2610 MHz, 13365 MHz, 46
2026/09/24 20:02:35.802, 0, 10 %, 24756 MiB, 93.98 W, 2617 MHz, 13365 MHz, 49
2026/09/24 20:02:35.802, 1, 0 %, 3316 MiB, 89.33 W, 2610 MHz, 13365 MHz, 47
2026/09/24 20:02:36.052, 0, 10 %, 24788 MiB, 93.98 W, 2617 MHz, 13365 MHz, 49
2026/09/24 20:02:36.053, 1, 0 %, 3316 MiB, 89.33 W, 2610 MHz, 13365 MHz, 47
2026/09/24 20:02:36.303, 0, 10 %, 24788 MiB, 95.84 W, 2617 MHz, 13365 MHz, 49
2026/09/24 20:02:36.303, 1, 0 %, 3316 MiB, 89.38 W, 2610 MHz, 13365 MHz, 46
2026/09/24 20:02:36.553, 0, 10 %, 24820 MiB, 95.84 W, 2617 MHz, 13365 MHz, 49
2026/09/24 20:02:36.553, 1, 0 %, 3316 MiB, 89.38 W, 2610 MHz, 13365 MHz, 46
2026/09/24 20:02:36.803, 0, 1 %, 24820 MiB, 94.18 W, 2610 MHz, 13365 MHz, 49
2026/09/24 20:02:36.803, 1, 0 %, 3316 MiB, 89.34 W, 2610 MHz, 13365 MHz, 46
2026/09/24 20:02:37.053, 0, 1 %, 24820 MiB, 94.18 W, 2610 MHz, 13365 MHz, 49
2026/09/24 20:02:37.053, 1, 0 %, 3316 MiB, 89.34 W, 2610 MHz, 13365 MHz, 46
2026/09/24 20:02:37.304, 0, 1 %, 24852 MiB, 93.79 W, 2610 MHz, 13365 MHz, 49
2026/09/24 20:02:37.304, 1, 0 %, 3316 MiB, 90.14 W, 2610 MHz, 13365 MHz, 46
2026/09/24 20:02:37.554, 0, 1 %, 24852 MiB, 93.79 W, 2610 MHz, 13365 MHz, 49
2026/09/24 20:02:37.554, 1, 0 %, 3316 MiB, 90.14 W, 2610 MHz, 13365 MHz, 46
2026/09/24 20:02:37.804, 0, 0 %, 24884 MiB, 93.17 W, 2610 MHz, 13365 MHz, 49
2026/09/24 20:02:37.804, 1, 0 %, 3316 MiB, 89.44 W, 2610 MHz, 13365 MHz, 46
2026/09/24 20:02:38.054, 0, 0 %, 24884 MiB, 93.17 W, 2610 MHz, 13365 MHz, 49
2026/09/24 20:02:38.054, 1, 0 %, 3316 MiB, 89.44 W, 2610 MHz, 13365 MHz, 46
2026/09/24 20:02:38.305, 0, 0 %, 28372 MiB, 92.92 W, 2617 MHz, 13365 MHz, 49
2026/09/24 20:02:38.305, 1, 0 %, 3316 MiB, 83.65 W, 2460 MHz, 13365 MHz, 45
2026/09/24 20:02:38.555, 0, 0 %, 28372 MiB, 92.92 W, 2617 MHz, 13365 MHz, 49
2026/09/24 20:02:38.555, 1, 0 %, 3316 MiB, 83.65 W, 2460 MHz, 13365 MHz, 45
2026/09/24 20:02:38.805, 0, 20 %, 28404 MiB, 98.64 W, 2617 MHz, 13365 MHz, 49
2026/09/24 20:02:38.805, 1, 0 %, 3316 MiB, 57.69 W, 457 MHz, 13365 MHz, 45
2026/09/24 20:02:39.055, 0, 20 %, 28404 MiB, 98.64 W, 2617 MHz, 13365 MHz, 49
2026/09/24 20:02:39.055, 1, 0 %, 3316 MiB, 57.69 W, 457 MHz, 13365 MHz, 45
2026/09/24 20:02:39.306, 0, 20 %, 28404 MiB, 94.81 W, 2617 MHz, 13365 MHz, 49
2026/09/24 20:02:39.306, 1, 0 %, 3316 MiB, 57.46 W, 360 MHz, 13365 MHz, 45
2026/09/24 20:02:39.556, 0, 20 %, 28436 MiB, 94.81 W, 2617 MHz, 13365 MHz, 49
2026/09/24 20:02:39.556, 1, 0 %, 3316 MiB, 57.46 W, 360 MHz, 13365 MHz, 45
2026/09/24 20:02:39.806, 0, 0 %, 28436 MiB, 94.52 W, 2617 MHz, 13365 MHz, 49
2026/09/24 20:02:39.806, 1, 0 %, 3316 MiB, 57.50 W, 285 MHz, 13365 MHz, 45
2026/09/24 20:02:40.056, 0, 0 %, 28436 MiB, 94.52 W, 2617 MHz, 13365 MHz, 49
2026/09/24 20:02:40.056, 1, 0 %, 3316 MiB, 57.50 W, 285 MHz, 13365 MHz, 45
2026/09/24 20:02:40.307, 0, 0 %, 28468 MiB, 93.34 W, 2610 MHz, 13365 MHz, 49
2026/09/24 20:02:40.307, 1, 0 %, 3316 MiB, 56.50 W, 225 MHz, 13365 MHz, 45
2026/09/24 20:02:40.557, 0, 0 %, 28468 MiB, 93.34 W, 2610 MHz, 13365 MHz, 49
2026/09/24 20:02:40.557, 1, 0 %, 3316 MiB, 56.50 W, 225 MHz, 13365 MHz, 45
2026/09/24 20:02:40.807, 0, 0 %, 28500 MiB, 93.17 W, 2610 MHz, 13365 MHz, 49
2026/09/24 20:02:40.807, 1, 0 %, 3316 MiB, 48.19 W, 195 MHz, 810 MHz, 44
2026/09/24 20:02:41.057, 0, 0 %, 28500 MiB, 93.17 W, 2610 MHz, 13365 MHz, 49
2026/09/24 20:02:41.057, 1, 0 %, 3316 MiB, 48.19 W, 195 MHz, 810 MHz, 44
2026/09/24 20:02:41.308, 0, 0 %, 31988 MiB, 95.04 W, 2617 MHz, 13365 MHz, 49
2026/09/24 20:02:41.308, 1, 0 %, 3316 MiB, 40.54 W, 180 MHz, 810 MHz, 44
2026/09/24 20:02:41.558, 0, 0 %, 31988 MiB, 95.04 W, 2617 MHz, 13365 MHz, 49
2026/09/24 20:02:41.558, 1, 0 %, 3316 MiB, 40.54 W, 180 MHz, 810 MHz, 44
2026/09/24 20:02:41.808, 0, 5 %, 31988 MiB, 97.74 W, 2610 MHz, 13365 MHz, 49
2026/09/24 20:02:41.808, 1, 0 %, 3316 MiB, 30.12 W, 180 MHz, 810 MHz, 44
2026/09/24 20:02:42.058, 0, 5 %, 31988 MiB, 97.74 W, 2610 MHz, 13365 MHz, 49
2026/09/24 20:02:42.058, 1, 0 %, 3316 MiB, 30.12 W, 180 MHz, 810 MHz, 44
2026/09/24 20:02:42.308, 0, 5 %, 32020 MiB, 95.48 W, 2610 MHz, 13365 MHz, 49
2026/09/24 20:02:42.309, 1, 0 %, 3316 MiB, 27.66 W, 180 MHz, 405 MHz, 44
2026/09/24 20:02:42.559, 0, 5 %, 32020 MiB, 95.48 W, 2610 MHz, 13365 MHz, 49
2026/09/24 20:02:42.559, 1, 0 %, 3316 MiB, 27.66 W, 180 MHz, 405 MHz, 44
2026/09/24 20:02:42.810, 0, 0 %, 32020 MiB, 93.85 W, 2617 MHz, 13365 MHz, 48
2026/09/24 20:02:42.810, 1, 0 %, 3316 MiB, 28.64 W, 180 MHz, 405 MHz, 44
2026/09/24 20:02:43.060, 0, 0 %, 32052 MiB, 93.85 W, 2617 MHz, 13365 MHz, 48
2026/09/24 20:02:43.060, 1, 0 %, 3316 MiB, 28.64 W, 180 MHz, 405 MHz, 44
2026/09/24 20:02:43.310, 0, 0 %, 32052 MiB, 93.12 W, 2617 MHz, 13365 MHz, 48
2026/09/24 20:02:43.310, 1, 0 %, 3316 MiB, 27.12 W, 180 MHz, 405 MHz, 44
2026/09/24 20:02:43.561, 0, 0 %, 32084 MiB, 93.12 W, 2617 MHz, 13365 MHz, 48
2026/09/24 20:02:43.561, 1, 0 %, 3316 MiB, 27.12 W, 180 MHz, 405 MHz, 44
2026/09/24 20:02:43.811, 0, 0 %, 32116 MiB, 92.97 W, 2617 MHz, 13365 MHz, 48
2026/09/24 20:02:43.811, 1, 0 %, 3316 MiB, 26.78 W, 180 MHz, 405 MHz, 44
2026/09/24 20:02:44.061, 0, 0 %, 35572 MiB, 92.97 W, 2617 MHz, 13365 MHz, 48
2026/09/24 20:02:44.061, 1, 0 %, 3316 MiB, 26.78 W, 180 MHz, 405 MHz, 44
2026/09/24 20:02:44.311, 0, 0 %, 35604 MiB, 98.19 W, 2625 MHz, 13365 MHz, 48
2026/09/24 20:02:44.312, 1, 0 %, 3316 MiB, 26.81 W, 180 MHz, 405 MHz, 44
2026/09/24 20:02:44.562, 0, 0 %, 35604 MiB, 98.19 W, 2625 MHz, 13365 MHz, 48
2026/09/24 20:02:44.562, 1, 0 %, 3316 MiB, 26.81 W, 180 MHz, 405 MHz, 44
2026/09/24 20:02:44.812, 0, 0 %, 35604 MiB, 96.16 W, 2617 MHz, 13365 MHz, 48
2026/09/24 20:02:44.812, 1, 0 %, 3316 MiB, 25.92 W, 180 MHz, 405 MHz, 43
2026/09/24 20:02:45.062, 0, 0 %, 35636 MiB, 96.16 W, 2617 MHz, 13365 MHz, 48
2026/09/24 20:02:45.063, 1, 0 %, 3316 MiB, 25.92 W, 180 MHz, 405 MHz, 43
2026/09/24 20:02:45.314, 0, 0 %, 35636 MiB, 94.22 W, 2610 MHz, 13365 MHz, 48
2026/09/24 20:02:45.315, 1, 0 %, 3316 MiB, 25.69 W, 180 MHz, 405 MHz, 43
2026/09/24 20:02:45.565, 0, 0 %, 35636 MiB, 94.22 W, 2610 MHz, 13365 MHz, 48
2026/09/24 20:02:45.565, 1, 0 %, 3316 MiB, 25.69 W, 180 MHz, 405 MHz, 43
2026/09/24 20:02:45.815, 0, 0 %, 35668 MiB, 92.59 W, 2610 MHz, 13365 MHz, 48
2026/09/24 20:02:45.815, 1, 0 %, 3316 MiB, 26.04 W, 180 MHz, 405 MHz, 43
2026/09/24 20:02:46.065, 0, 0 %, 35668 MiB, 92.59 W, 2610 MHz, 13365 MHz, 48
2026/09/24 20:02:46.065, 1, 0 %, 3316 MiB, 26.04 W, 180 MHz, 405 MHz, 43
2026/09/24 20:02:46.315, 0, 0 %, 35700 MiB, 92.62 W, 2617 MHz, 13365 MHz, 48
2026/09/24 20:02:46.316, 1, 0 %, 3316 MiB, 25.68 W, 180 MHz, 405 MHz, 43
2026/09/24 20:02:46.566, 0, 0 %, 35732 MiB, 92.62 W, 2617 MHz, 13365 MHz, 48
2026/09/24 20:02:46.566, 1, 0 %, 3316 MiB, 25.68 W, 180 MHz, 405 MHz, 43
2026/09/24 20:02:46.822, 0, 0 %, 39188 MiB, 109.60 W, 2617 MHz, 13365 MHz, 48
2026/09/24 20:02:46.822, 1, 0 %, 3316 MiB, 26.84 W, 180 MHz, 405 MHz, 43
2026/09/24 20:02:47.073, 0, 0 %, 39188 MiB, 109.60 W, 2617 MHz, 13365 MHz, 48
2026/09/24 20:02:47.073, 1, 0 %, 3316 MiB, 26.84 W, 180 MHz, 405 MHz, 43
2026/09/24 20:02:47.323, 0, 0 %, 39220 MiB, 96.89 W, 2617 MHz, 13365 MHz, 48
2026/09/24 20:02:47.323, 1, 0 %, 3316 MiB, 25.04 W, 180 MHz, 405 MHz, 43
2026/09/24 20:02:47.573, 0, 0 %, 39220 MiB, 96.89 W, 2617 MHz, 13365 MHz, 48
2026/09/24 20:02:47.574, 1, 0 %, 3316 MiB, 25.04 W, 180 MHz, 405 MHz, 43
2026/09/24 20:02:47.824, 0, 0 %, 39252 MiB, 95.30 W, 2617 MHz, 13365 MHz, 48
2026/09/24 20:02:47.824, 1, 0 %, 3316 MiB, 25.21 W, 180 MHz, 405 MHz, 43
2026/09/24 20:02:48.074, 0, 0 %, 39252 MiB, 95.30 W, 2617 MHz, 13365 MHz, 48
2026/09/24 20:02:48.074, 1, 0 %, 3316 MiB, 25.21 W, 180 MHz, 405 MHz, 43
2026/09/24 20:02:48.325, 0, 0 %, 39252 MiB, 93.10 W, 2617 MHz, 13365 MHz, 48
2026/09/24 20:02:48.325, 1, 0 %, 3316 MiB, 26.07 W, 180 MHz, 405 MHz, 43
2026/09/24 20:02:48.575, 0, 0 %, 39284 MiB, 93.10 W, 2617 MHz, 13365 MHz, 48
2026/09/24 20:02:48.575, 1, 0 %, 3316 MiB, 26.07 W, 180 MHz, 405 MHz, 43
2026/09/24 20:02:48.825, 0, 0 %, 39284 MiB, 92.76 W, 2610 MHz, 13365 MHz, 48
2026/09/24 20:02:48.825, 1, 0 %, 3316 MiB, 25.91 W, 180 MHz, 405 MHz, 43
2026/09/24 20:02:49.075, 0, 0 %, 39316 MiB, 92.76 W, 2610 MHz, 13365 MHz, 48
2026/09/24 20:02:49.075, 1, 0 %, 3316 MiB, 25.91 W, 180 MHz, 405 MHz, 43
2026/09/24 20:02:49.326, 0, 0 %, 39316 MiB, 93.66 W, 2610 MHz, 13365 MHz, 48
2026/09/24 20:02:49.326, 1, 0 %, 3316 MiB, 27.27 W, 180 MHz, 405 MHz, 43
2026/09/24 20:02:49.576, 0, 0 %, 42804 MiB, 93.66 W, 2610 MHz, 13365 MHz, 48
2026/09/24 20:02:49.576, 1, 0 %, 3316 MiB, 27.27 W, 180 MHz, 405 MHz, 43
2026/09/24 20:02:49.826, 0, 7 %, 42804 MiB, 94.59 W, 2617 MHz, 13365 MHz, 48
2026/09/24 20:02:49.826, 1, 0 %, 3316 MiB, 25.68 W, 180 MHz, 405 MHz, 43
2026/09/24 20:02:50.076, 0, 7 %, 42836 MiB, 94.59 W, 2617 MHz, 13365 MHz, 48
2026/09/24 20:02:50.076, 1, 0 %, 3316 MiB, 25.68 W, 180 MHz, 405 MHz, 43
2026/09/24 20:02:50.326, 0, 7 %, 42836 MiB, 95.33 W, 2617 MHz, 13365 MHz, 48
2026/09/24 20:02:50.327, 1, 0 %, 3316 MiB, 25.40 W, 180 MHz, 405 MHz, 43
2026/09/24 20:02:50.577, 0, 7 %, 42836 MiB, 95.33 W, 2617 MHz, 13365 MHz, 48
2026/09/24 20:02:50.577, 1, 0 %, 3316 MiB, 25.40 W, 180 MHz, 405 MHz, 43
2026/09/24 20:02:50.827, 0, 0 %, 42868 MiB, 93.01 W, 2610 MHz, 13365 MHz, 47
2026/09/24 20:02:50.827, 1, 0 %, 3316 MiB, 28.87 W, 180 MHz, 405 MHz, 43
2026/09/24 20:02:51.077, 0, 0 %, 42868 MiB, 93.01 W, 2610 MHz, 13365 MHz, 47
2026/09/24 20:02:51.077, 1, 0 %, 3316 MiB, 28.87 W, 180 MHz, 405 MHz, 43
2026/09/24 20:02:51.327, 0, 0 %, 42868 MiB, 92.69 W, 2617 MHz, 13365 MHz, 47
2026/09/24 20:02:51.328, 1, 0 %, 3316 MiB, 25.84 W, 180 MHz, 405 MHz, 42
2026/09/24 20:02:51.578, 0, 0 %, 42900 MiB, 92.69 W, 2617 MHz, 13365 MHz, 47
2026/09/24 20:02:51.578, 1, 0 %, 3316 MiB, 25.84 W, 180 MHz, 405 MHz, 42
2026/09/24 20:02:51.828, 0, 0 %, 42900 MiB, 92.32 W, 2617 MHz, 13365 MHz, 47
2026/09/24 20:02:51.828, 1, 0 %, 3316 MiB, 25.56 W, 180 MHz, 405 MHz, 42
2026/09/24 20:02:52.078, 0, 0 %, 42932 MiB, 92.32 W, 2617 MHz, 13365 MHz, 47
2026/09/24 20:02:52.078, 1, 0 %, 3316 MiB, 25.56 W, 180 MHz, 405 MHz, 42
2026/09/24 20:02:52.328, 0, 0 %, 42932 MiB, 93.14 W, 2610 MHz, 13365 MHz, 47
2026/09/24 20:02:52.329, 1, 0 %, 3316 MiB, 26.59 W, 180 MHz, 405 MHz, 42
2026/09/24 20:02:52.579, 0, 0 %, 46420 MiB, 93.14 W, 2610 MHz, 13365 MHz, 47
2026/09/24 20:02:52.579, 1, 0 %, 3316 MiB, 26.59 W, 180 MHz, 405 MHz, 42
2026/09/24 20:02:52.829, 0, 19 %, 46420 MiB, 94.45 W, 2617 MHz, 13365 MHz, 47
2026/09/24 20:02:52.829, 1, 0 %, 3316 MiB, 25.48 W, 180 MHz, 405 MHz, 42
2026/09/24 20:02:53.079, 0, 19 %, 46420 MiB, 94.45 W, 2617 MHz, 13365 MHz, 47
2026/09/24 20:02:53.080, 1, 0 %, 3316 MiB, 25.48 W, 180 MHz, 405 MHz, 42
2026/09/24 20:02:53.332, 0, 19 %, 46420 MiB, 95.13 W, 2617 MHz, 13365 MHz, 47
2026/09/24 20:02:53.332, 1, 0 %, 3316 MiB, 25.08 W, 180 MHz, 405 MHz, 42
2026/09/24 20:02:53.582, 0, 19 %, 46452 MiB, 95.13 W, 2617 MHz, 13365 MHz, 47
2026/09/24 20:02:53.582, 1, 0 %, 3316 MiB, 25.08 W, 180 MHz, 405 MHz, 42
2026/09/24 20:02:53.832, 0, 1 %, 46452 MiB, 92.92 W, 2610 MHz, 13365 MHz, 47
2026/09/24 20:02:53.833, 1, 0 %, 3316 MiB, 25.27 W, 180 MHz, 405 MHz, 42
2026/09/24 20:02:54.083, 0, 1 %, 46452 MiB, 92.92 W, 2610 MHz, 13365 MHz, 47
2026/09/24 20:02:54.083, 1, 0 %, 3316 MiB, 25.27 W, 180 MHz, 405 MHz, 42
2026/09/24 20:02:54.333, 0, 1 %, 46484 MiB, 92.39 W, 2610 MHz, 13365 MHz, 47
2026/09/24 20:02:54.333, 1, 0 %, 3316 MiB, 25.22 W, 180 MHz, 405 MHz, 42
2026/09/24 20:02:54.583, 0, 1 %, 46484 MiB, 92.39 W, 2610 MHz, 13365 MHz, 47
2026/09/24 20:02:54.583, 1, 0 %, 3316 MiB, 25.22 W, 180 MHz, 405 MHz, 42
2026/09/24 20:02:54.833, 0, 0 %, 46516 MiB, 93.64 W, 2610 MHz, 13365 MHz, 47
2026/09/24 20:02:54.834, 1, 0 %, 3316 MiB, 26.67 W, 180 MHz, 405 MHz, 42
2026/09/24 20:02:55.084, 0, 0 %, 46548 MiB, 93.64 W, 2610 MHz, 13365 MHz, 47
2026/09/24 20:02:55.084, 1, 0 %, 3316 MiB, 26.67 W, 180 MHz, 405 MHz, 42
2026/09/24 20:02:55.334, 0, 0 %, 50004 MiB, 92.79 W, 2617 MHz, 13365 MHz, 47
2026/09/24 20:02:55.334, 1, 0 %, 3316 MiB, 24.59 W, 180 MHz, 405 MHz, 42
2026/09/24 20:02:55.584, 0, 0 %, 50036 MiB, 92.79 W, 2617 MHz, 13365 MHz, 47
2026/09/24 20:02:55.584, 1, 0 %, 3316 MiB, 24.59 W, 180 MHz, 405 MHz, 42
2026/09/24 20:02:55.834, 0, 14 %, 50036 MiB, 95.25 W, 2610 MHz, 13365 MHz, 47
2026/09/24 20:02:55.834, 1, 0 %, 3316 MiB, 24.83 W, 172 MHz, 405 MHz, 42
2026/09/24 20:02:56.085, 0, 14 %, 50036 MiB, 95.25 W, 2610 MHz, 13365 MHz, 47
2026/09/24 20:02:56.085, 1, 0 %, 3316 MiB, 24.83 W, 172 MHz, 405 MHz, 42
2026/09/24 20:02:56.335, 0, 14 %, 50036 MiB, 93.39 W, 2617 MHz, 13365 MHz, 47
2026/09/24 20:02:56.335, 1, 0 %, 3316 MiB, 25.06 W, 180 MHz, 405 MHz, 41
2026/09/24 20:02:56.585, 0, 14 %, 50068 MiB, 93.39 W, 2617 MHz, 13365 MHz, 47
2026/09/24 20:02:56.585, 1, 0 %, 3316 MiB, 25.06 W, 180 MHz, 405 MHz, 41
2026/09/24 20:02:56.835, 0, 0 %, 50068 MiB, 92.82 W, 2617 MHz, 13365 MHz, 47
2026/09/24 20:02:56.835, 1, 0 %, 3316 MiB, 24.40 W, 180 MHz, 405 MHz, 41
2026/09/24 20:02:57.086, 0, 0 %, 50100 MiB, 92.82 W, 2617 MHz, 13365 MHz, 47
2026/09/24 20:02:57.086, 1, 0 %, 3316 MiB, 24.40 W, 180 MHz, 405 MHz, 41
2026/09/24 20:02:57.336, 0, 0 %, 50100 MiB, 92.61 W, 2610 MHz, 13365 MHz, 47
2026/09/24 20:02:57.336, 1, 0 %, 3316 MiB, 24.56 W, 180 MHz, 405 MHz, 41
2026/09/24 20:02:57.586, 0, 0 %, 50100 MiB, 92.61 W, 2610 MHz, 13365 MHz, 47
2026/09/24 20:02:57.586, 1, 0 %, 3316 MiB, 24.56 W, 180 MHz, 405 MHz, 41
2026/09/24 20:02:57.836, 0, 0 %, 50132 MiB, 92.62 W, 2610 MHz, 13365 MHz, 47
2026/09/24 20:02:57.836, 1, 0 %, 3316 MiB, 24.84 W, 180 MHz, 405 MHz, 41
2026/09/24 20:02:58.086, 0, 0 %, 53620 MiB, 92.62 W, 2610 MHz, 13365 MHz, 47
2026/09/24 20:02:58.087, 1, 0 %, 3316 MiB, 24.84 W, 180 MHz, 405 MHz, 41
2026/09/24 20:02:58.337, 0, 0 %, 53620 MiB, 92.61 W, 2617 MHz, 13365 MHz, 47
2026/09/24 20:02:58.337, 1, 0 %, 3316 MiB, 24.86 W, 180 MHz, 405 MHz, 41
2026/09/24 20:02:58.588, 0, 0 %, 53652 MiB, 92.61 W, 2617 MHz, 13365 MHz, 47
2026/09/24 20:02:58.588, 1, 0 %, 3316 MiB, 24.86 W, 180 MHz, 405 MHz, 41
2026/09/24 20:02:58.838, 0, 0 %, 53652 MiB, 95.12 W, 2610 MHz, 13365 MHz, 47
2026/09/24 20:02:58.838, 1, 0 %, 3316 MiB, 24.96 W, 180 MHz, 405 MHz, 41
2026/09/24 20:02:59.088, 0, 0 %, 53652 MiB, 95.12 W, 2610 MHz, 13365 MHz, 47
2026/09/24 20:02:59.088, 1, 0 %, 3316 MiB, 24.96 W, 180 MHz, 405 MHz, 41
2026/09/24 20:02:59.338, 0, 0 %, 53684 MiB, 92.40 W, 2610 MHz, 13365 MHz, 47
2026/09/24 20:02:59.338, 1, 0 %, 3316 MiB, 24.82 W, 180 MHz, 405 MHz, 41
2026/09/24 20:02:59.589, 0, 0 %, 53684 MiB, 92.40 W, 2610 MHz, 13365 MHz, 47
2026/09/24 20:02:59.589, 1, 0 %, 3316 MiB, 24.82 W, 180 MHz, 405 MHz, 41
2026/09/24 20:02:59.839, 0, 0 %, 53716 MiB, 92.26 W, 2610 MHz, 13365 MHz, 47
2026/09/24 20:02:59.839, 1, 0 %, 3316 MiB, 24.57 W, 180 MHz, 405 MHz, 41
2026/09/24 20:03:00.089, 0, 0 %, 53716 MiB, 92.26 W, 2610 MHz, 13365 MHz, 47
2026/09/24 20:03:00.089, 1, 0 %, 3316 MiB, 24.57 W, 180 MHz, 405 MHz, 41
2026/09/24 20:03:00.339, 0, 0 %, 53748 MiB, 92.21 W, 2617 MHz, 13365 MHz, 47
2026/09/24 20:03:00.339, 1, 0 %, 3316 MiB, 24.54 W, 180 MHz, 405 MHz, 41
2026/09/24 20:03:00.590, 0, 0 %, 53748 MiB, 92.21 W, 2617 MHz, 13365 MHz, 47
2026/09/24 20:03:00.590, 1, 0 %, 3316 MiB, 24.54 W, 180 MHz, 405 MHz, 41
2026/09/24 20:03:00.840, 0, 0 %, 57236 MiB, 92.68 W, 2617 MHz, 13365 MHz, 47
2026/09/24 20:03:00.840, 1, 0 %, 3316 MiB, 24.54 W, 180 MHz, 405 MHz, 41
2026/09/24 20:03:01.090, 0, 0 %, 57236 MiB, 92.68 W, 2617 MHz, 13365 MHz, 47
2026/09/24 20:03:01.090, 1, 0 %, 3316 MiB, 24.54 W, 180 MHz, 405 MHz, 41
2026/09/24 20:03:01.340, 0, 0 %, 57268 MiB, 98.42 W, 2617 MHz, 13365 MHz, 47
2026/09/24 20:03:01.340, 1, 0 %, 3316 MiB, 24.48 W, 180 MHz, 405 MHz, 41
2026/09/24 20:03:01.591, 0, 0 %, 57268 MiB, 98.42 W, 2617 MHz, 13365 MHz, 47
2026/09/24 20:03:01.591, 1, 0 %, 3316 MiB, 24.48 W, 180 MHz, 405 MHz, 41
2026/09/24 20:03:01.841, 0, 0 %, 57268 MiB, 95.49 W, 2617 MHz, 13365 MHz, 47
2026/09/24 20:03:01.841, 1, 0 %, 3316 MiB, 24.67 W, 180 MHz, 405 MHz, 41
2026/09/24 20:03:02.091, 0, 0 %, 57300 MiB, 95.49 W, 2617 MHz, 13365 MHz, 47
2026/09/24 20:03:02.091, 1, 0 %, 3316 MiB, 24.67 W, 180 MHz, 405 MHz, 41
2026/09/24 20:03:02.341, 0, 0 %, 57300 MiB, 92.56 W, 2610 MHz, 13365 MHz, 46
2026/09/24 20:03:02.342, 1, 0 %, 3316 MiB, 25.06 W, 180 MHz, 405 MHz, 41
2026/09/24 20:03:02.592, 0, 0 %, 57300 MiB, 92.56 W, 2610 MHz, 13365 MHz, 46
2026/09/24 20:03:02.592, 1, 0 %, 3316 MiB, 25.06 W, 180 MHz, 405 MHz, 41
2026/09/24 20:03:02.842, 0, 0 %, 57332 MiB, 92.31 W, 2610 MHz, 13365 MHz, 46
2026/09/24 20:03:02.842, 1, 0 %, 3316 MiB, 24.59 W, 172 MHz, 405 MHz, 41
2026/09/24 20:03:03.092, 0, 0 %, 57332 MiB, 92.31 W, 2610 MHz, 13365 MHz, 46
2026/09/24 20:03:03.092, 1, 0 %, 3316 MiB, 24.59 W, 172 MHz, 405 MHz, 41
2026/09/24 20:03:03.343, 0, 0 %, 57364 MiB, 92.07 W, 2610 MHz, 13365 MHz, 46
2026/09/24 20:03:03.343, 1, 0 %, 3316 MiB, 24.67 W, 180 MHz, 405 MHz, 41
2026/09/24 20:03:03.593, 0, 0 %, 57364 MiB, 92.07 W, 2610 MHz, 13365 MHz, 46
2026/09/24 20:03:03.593, 1, 0 %, 3316 MiB, 24.67 W, 180 MHz, 405 MHz, 41
2026/09/24 20:03:03.843, 0, 0 %, 60852 MiB, 92.40 W, 2617 MHz, 13365 MHz, 46
2026/09/24 20:03:03.843, 1, 0 %, 3316 MiB, 24.63 W, 180 MHz, 405 MHz, 41
2026/09/24 20:03:04.093, 0, 0 %, 60852 MiB, 92.40 W, 2617 MHz, 13365 MHz, 46
2026/09/24 20:03:04.093, 1, 0 %, 3316 MiB, 24.63 W, 180 MHz, 405 MHz, 41
2026/09/24 20:03:04.344, 0, 0 %, 60852 MiB, 94.97 W, 2617 MHz, 13365 MHz, 46
2026/09/24 20:03:04.344, 1, 0 %, 3316 MiB, 24.70 W, 180 MHz, 405 MHz, 41
2026/09/24 20:03:04.594, 0, 0 %, 60852 MiB, 94.97 W, 2617 MHz, 13365 MHz, 46
2026/09/24 20:03:04.594, 1, 0 %, 3316 MiB, 24.70 W, 180 MHz, 405 MHz, 41
2026/09/24 20:03:04.844, 0, 0 %, 60884 MiB, 92.70 W, 2610 MHz, 13365 MHz, 46
2026/09/24 20:03:04.844, 1, 0 %, 3316 MiB, 24.38 W, 180 MHz, 405 MHz, 41
2026/09/24 20:03:05.094, 0, 0 %, 60884 MiB, 92.70 W, 2610 MHz, 13365 MHz, 46
2026/09/24 20:03:05.095, 1, 0 %, 3316 MiB, 24.38 W, 180 MHz, 405 MHz, 41
2026/09/24 20:03:05.345, 0, 0 %, 60916 MiB, 91.60 W, 2617 MHz, 13365 MHz, 46
2026/09/24 20:03:05.345, 1, 0 %, 3316 MiB, 24.03 W, 180 MHz, 405 MHz, 40
2026/09/24 20:03:05.595, 0, 0 %, 60916 MiB, 91.60 W, 2617 MHz, 13365 MHz, 46
2026/09/24 20:03:05.595, 1, 0 %, 3316 MiB, 24.03 W, 180 MHz, 405 MHz, 40
2026/09/24 20:03:05.845, 0, 0 %, 60916 MiB, 91.37 W, 2617 MHz, 13365 MHz, 46
2026/09/24 20:03:05.845, 1, 0 %, 3316 MiB, 23.99 W, 180 MHz, 405 MHz, 40
2026/09/24 20:03:06.095, 0, 0 %, 60948 MiB, 91.37 W, 2617 MHz, 13365 MHz, 46
2026/09/24 20:03:06.096, 1, 0 %, 3316 MiB, 23.99 W, 180 MHz, 405 MHz, 40
2026/09/24 20:03:06.346, 0, 0 %, 60980 MiB, 92.15 W, 2610 MHz, 13365 MHz, 46
2026/09/24 20:03:06.346, 1, 0 %, 3316 MiB, 24.45 W, 180 MHz, 405 MHz, 40
2026/09/24 20:03:06.596, 0, 0 %, 64436 MiB, 92.15 W, 2610 MHz, 13365 MHz, 46
2026/09/24 20:03:06.596, 1, 0 %, 3316 MiB, 24.45 W, 180 MHz, 405 MHz, 40
2026/09/24 20:03:06.846, 0, 19 %, 64468 MiB, 93.54 W, 2625 MHz, 13365 MHz, 46
2026/09/24 20:03:06.846, 1, 0 %, 3316 MiB, 24.26 W, 180 MHz, 405 MHz, 40
2026/09/24 20:03:07.097, 0, 19 %, 64468 MiB, 93.54 W, 2625 MHz, 13365 MHz, 46
2026/09/24 20:03:07.097, 1, 0 %, 3316 MiB, 24.26 W, 180 MHz, 405 MHz, 40
2026/09/24 20:03:07.347, 0, 19 %, 64468 MiB, 93.08 W, 2617 MHz, 13365 MHz, 46
2026/09/24 20:03:07.347, 1, 0 %, 3316 MiB, 26.40 W, 180 MHz, 405 MHz, 40
2026/09/24 20:03:07.597, 0, 19 %, 64468 MiB, 93.08 W, 2617 MHz, 13365 MHz, 46
2026/09/24 20:03:07.597, 1, 0 %, 3316 MiB, 26.40 W, 180 MHz, 405 MHz, 40
2026/09/24 20:03:07.847, 0, 0 %, 64500 MiB, 91.23 W, 2610 MHz, 13365 MHz, 46
2026/09/24 20:03:07.847, 1, 0 %, 3316 MiB, 23.87 W, 180 MHz, 405 MHz, 40
2026/09/24 20:03:08.098, 0, 0 %, 64500 MiB, 91.23 W, 2610 MHz, 13365 MHz, 46
2026/09/24 20:03:08.098, 1, 0 %, 3316 MiB, 23.87 W, 180 MHz, 405 MHz, 40
2026/09/24 20:03:08.348, 0, 0 %, 64532 MiB, 90.90 W, 2610 MHz, 13365 MHz, 46
2026/09/24 20:03:08.349, 1, 0 %, 3316 MiB, 24.36 W, 180 MHz, 405 MHz, 40
2026/09/24 20:03:08.599, 0, 0 %, 64532 MiB, 90.90 W, 2610 MHz, 13365 MHz, 46
2026/09/24 20:03:08.599, 1, 0 %, 3316 MiB, 24.36 W, 180 MHz, 405 MHz, 40
2026/09/24 20:03:08.849, 0, 0 %, 64532 MiB, 91.71 W, 2617 MHz, 13365 MHz, 46
2026/09/24 20:03:08.850, 1, 0 %, 3316 MiB, 25.20 W, 180 MHz, 405 MHz, 40
2026/09/24 20:03:09.100, 0, 0 %, 64564 MiB, 91.71 W, 2617 MHz, 13365 MHz, 46
2026/09/24 20:03:09.100, 1, 0 %, 3316 MiB, 25.20 W, 180 MHz, 405 MHz, 40
2026/09/24 20:03:09.350, 0, 0 %, 68052 MiB, 91.33 W, 2617 MHz, 13365 MHz, 46
2026/09/24 20:03:09.350, 1, 0 %, 3316 MiB, 25.51 W, 180 MHz, 405 MHz, 40
2026/09/24 20:03:09.600, 0, 0 %, 68052 MiB, 91.33 W, 2617 MHz, 13365 MHz, 46
2026/09/24 20:03:09.600, 1, 0 %, 3316 MiB, 25.51 W, 180 MHz, 405 MHz, 40
2026/09/24 20:03:09.850, 0, 20 %, 68084 MiB, 92.96 W, 2617 MHz, 13365 MHz, 46
2026/09/24 20:03:09.851, 1, 0 %, 3316 MiB, 25.22 W, 180 MHz, 405 MHz, 40
2026/09/24 20:03:10.101, 0, 20 %, 68084 MiB, 92.96 W, 2617 MHz, 13365 MHz, 46
2026/09/24 20:03:10.101, 1, 0 %, 3316 MiB, 25.22 W, 180 MHz, 405 MHz, 40
2026/09/24 20:03:10.351, 0, 20 %, 68116 MiB, 91.42 W, 2617 MHz, 13365 MHz, 46
2026/09/24 20:03:10.351, 1, 0 %, 3316 MiB, 24.52 W, 180 MHz, 405 MHz, 40
2026/09/24 20:03:10.601, 0, 20 %, 68116 MiB, 91.42 W, 2617 MHz, 13365 MHz, 46
2026/09/24 20:03:10.601, 1, 0 %, 3316 MiB, 24.52 W, 180 MHz, 405 MHz, 40
2026/09/24 20:03:10.852, 0, 0 %, 68116 MiB, 91.39 W, 2617 MHz, 13365 MHz, 46
2026/09/24 20:03:10.852, 1, 0 %, 3316 MiB, 24.89 W, 180 MHz, 405 MHz, 40
2026/09/24 20:03:11.102, 0, 0 %, 68148 MiB, 91.39 W, 2617 MHz, 13365 MHz, 46
2026/09/24 20:03:11.102, 1, 0 %, 3316 MiB, 24.89 W, 180 MHz, 405 MHz, 40
2026/09/24 20:03:11.352, 0, 0 %, 68148 MiB, 91.95 W, 2610 MHz, 13365 MHz, 46
2026/09/24 20:03:11.352, 1, 0 %, 3316 MiB, 27.29 W, 180 MHz, 405 MHz, 40
2026/09/24 20:03:11.602, 0, 0 %, 68180 MiB, 91.95 W, 2610 MHz, 13365 MHz, 46
2026/09/24 20:03:11.603, 1, 0 %, 3316 MiB, 27.29 W, 180 MHz, 405 MHz, 40
2026/09/24 20:03:11.853, 0, 0 %, 68180 MiB, 91.46 W, 2610 MHz, 13365 MHz, 46
2026/09/24 20:03:11.853, 1, 0 %, 3316 MiB, 24.22 W, 180 MHz, 405 MHz, 39
2026/09/24 20:03:12.103, 0, 0 %, 71668 MiB, 91.46 W, 2610 MHz, 13365 MHz, 46
2026/09/24 20:03:12.103, 1, 0 %, 3316 MiB, 24.22 W, 180 MHz, 405 MHz, 39
2026/09/24 20:03:12.353, 0, 0 %, 71668 MiB, 91.41 W, 2617 MHz, 13365 MHz, 46
2026/09/24 20:03:12.353, 1, 0 %, 3316 MiB, 23.99 W, 180 MHz, 405 MHz, 39
2026/09/24 20:03:12.603, 0, 0 %, 71668 MiB, 91.41 W, 2617 MHz, 13365 MHz, 46
2026/09/24 20:03:12.604, 1, 0 %, 3316 MiB, 23.99 W, 180 MHz, 405 MHz, 39
2026/09/24 20:03:12.854, 0, 0 %, 71700 MiB, 92.27 W, 2617 MHz, 13365 MHz, 46
2026/09/24 20:03:12.854, 1, 0 %, 3316 MiB, 26.64 W, 180 MHz, 405 MHz, 39
2026/09/24 20:03:13.104, 0, 0 %, 71700 MiB, 92.27 W, 2617 MHz, 13365 MHz, 46
2026/09/24 20:03:13.104, 1, 0 %, 3316 MiB, 26.64 W, 180 MHz, 405 MHz, 39
2026/09/24 20:03:13.354, 0, 0 %, 71732 MiB, 91.50 W, 2610 MHz, 13365 MHz, 46
2026/09/24 20:03:13.355, 1, 0 %, 3316 MiB, 24.57 W, 180 MHz, 405 MHz, 39
2026/09/24 20:03:13.605, 0, 0 %, 71732 MiB, 91.50 W, 2610 MHz, 13365 MHz, 46
2026/09/24 20:03:13.605, 1, 0 %, 3316 MiB, 24.57 W, 180 MHz, 405 MHz, 39
2026/09/24 20:03:13.855, 0, 0 %, 71732 MiB, 91.37 W, 2617 MHz, 13365 MHz, 46
2026/09/24 20:03:13.855, 1, 0 %, 3316 MiB, 24.40 W, 180 MHz, 405 MHz, 39
2026/09/24 20:03:14.105, 0, 0 %, 71764 MiB, 91.37 W, 2617 MHz, 13365 MHz, 46
2026/09/24 20:03:14.105, 1, 0 %, 3316 MiB, 24.40 W, 180 MHz, 405 MHz, 39
2026/09/24 20:03:14.355, 0, 0 %, 71764 MiB, 91.77 W, 2617 MHz, 13365 MHz, 46
2026/09/24 20:03:14.356, 1, 0 %, 3316 MiB, 25.67 W, 180 MHz, 405 MHz, 39
2026/09/24 20:03:14.606, 0, 0 %, 71796 MiB, 91.77 W, 2617 MHz, 13365 MHz, 46
2026/09/24 20:03:14.606, 1, 0 %, 3316 MiB, 25.67 W, 180 MHz, 405 MHz, 39
2026/09/24 20:03:14.856, 0, 1 %, 71796 MiB, 91.46 W, 2610 MHz, 13365 MHz, 46
2026/09/24 20:03:14.856, 1, 0 %, 3316 MiB, 23.92 W, 180 MHz, 405 MHz, 39
2026/09/24 20:03:15.106, 0, 1 %, 75284 MiB, 91.46 W, 2610 MHz, 13365 MHz, 46
2026/09/24 20:03:15.106, 1, 0 %, 3316 MiB, 23.92 W, 180 MHz, 405 MHz, 39
2026/09/24 20:03:15.357, 0, 1 %, 75284 MiB, 102.90 W, 2617 MHz, 13365 MHz, 46
2026/09/24 20:03:15.357, 1, 0 %, 3316 MiB, 23.89 W, 180 MHz, 405 MHz, 39
2026/09/24 20:03:15.607, 0, 1 %, 75284 MiB, 102.90 W, 2617 MHz, 13365 MHz, 46
2026/09/24 20:03:15.607, 1, 0 %, 3316 MiB, 23.89 W, 180 MHz, 405 MHz, 39
2026/09/24 20:03:15.857, 0, 0 %, 75284 MiB, 92.13 W, 2617 MHz, 13365 MHz, 46
2026/09/24 20:03:15.857, 1, 0 %, 3316 MiB, 25.00 W, 180 MHz, 405 MHz, 39
2026/09/24 20:03:16.108, 0, 0 %, 75316 MiB, 92.13 W, 2617 MHz, 13365 MHz, 46
2026/09/24 20:03:16.108, 1, 0 %, 3316 MiB, 25.00 W, 180 MHz, 405 MHz, 39
2026/09/24 20:03:16.358, 0, 0 %, 75316 MiB, 91.33 W, 2610 MHz, 13365 MHz, 46
2026/09/24 20:03:16.358, 1, 0 %, 3316 MiB, 23.76 W, 180 MHz, 405 MHz, 39
2026/09/24 20:03:16.608, 0, 0 %, 75348 MiB, 91.33 W, 2610 MHz, 13365 MHz, 46
2026/09/24 20:03:16.608, 1, 0 %, 3316 MiB, 23.76 W, 180 MHz, 405 MHz, 39
2026/09/24 20:03:16.858, 0, 0 %, 75348 MiB, 91.10 W, 2610 MHz, 13365 MHz, 45
2026/09/24 20:03:16.859, 1, 0 %, 3316 MiB, 23.58 W, 180 MHz, 405 MHz, 39
2026/09/24 20:03:17.110, 0, 0 %, 75348 MiB, 91.10 W, 2610 MHz, 13365 MHz, 45
2026/09/24 20:03:17.110, 1, 0 %, 3316 MiB, 23.58 W, 180 MHz, 405 MHz, 39
2026/09/24 20:03:17.360, 0, 0 %, 75380 MiB, 91.67 W, 2610 MHz, 13365 MHz, 45
2026/09/24 20:03:17.360, 1, 0 %, 3316 MiB, 23.93 W, 180 MHz, 405 MHz, 39
2026/09/24 20:03:17.611, 0, 0 %, 75412 MiB, 91.67 W, 2610 MHz, 13365 MHz, 45
2026/09/24 20:03:17.611, 1, 0 %, 3316 MiB, 23.93 W, 180 MHz, 405 MHz, 39
2026/09/24 20:03:17.861, 0, 0 %, 78868 MiB, 91.29 W, 2617 MHz, 13365 MHz, 45
2026/09/24 20:03:17.861, 1, 0 %, 3316 MiB, 23.47 W, 180 MHz, 405 MHz, 39
2026/09/24 20:03:18.111, 0, 0 %, 78900 MiB, 91.29 W, 2617 MHz, 13365 MHz, 45
2026/09/24 20:03:18.111, 1, 0 %, 3316 MiB, 23.47 W, 180 MHz, 405 MHz, 39
2026/09/24 20:03:18.361, 0, 0 %, 78900 MiB, 93.53 W, 2617 MHz, 13365 MHz, 45
2026/09/24 20:03:18.362, 1, 0 %, 3316 MiB, 23.90 W, 180 MHz, 405 MHz, 39
2026/09/24 20:03:18.612, 0, 0 %, 78900 MiB, 93.53 W, 2617 MHz, 13365 MHz, 45
2026/09/24 20:03:18.612, 1, 0 %, 3316 MiB, 23.90 W, 180 MHz, 405 MHz, 39
2026/09/24 20:03:18.862, 0, 0 %, 78932 MiB, 91.76 W, 2617 MHz, 13365 MHz, 45
2026/09/24 20:03:18.862, 1, 0 %, 3316 MiB, 24.36 W, 180 MHz, 405 MHz, 39
2026/09/24 20:03:19.112, 0, 0 %, 78932 MiB, 91.76 W, 2617 MHz, 13365 MHz, 45
2026/09/24 20:03:19.112, 1, 0 %, 3316 MiB, 24.36 W, 180 MHz, 405 MHz, 39
2026/09/24 20:03:19.363, 0, 0 %, 78932 MiB, 91.37 W, 2617 MHz, 13365 MHz, 45
2026/09/24 20:03:19.363, 1, 0 %, 3316 MiB, 24.09 W, 180 MHz, 405 MHz, 39
2026/09/24 20:03:19.613, 0, 0 %, 78964 MiB, 91.37 W, 2617 MHz, 13365 MHz, 45
2026/09/24 20:03:19.613, 1, 0 %, 3316 MiB, 24.09 W, 180 MHz, 405 MHz, 39
2026/09/24 20:03:19.863, 0, 1 %, 78964 MiB, 92.17 W, 2610 MHz, 13365 MHz, 45
2026/09/24 20:03:19.863, 1, 0 %, 3316 MiB, 23.87 W, 180 MHz, 405 MHz, 39
2026/09/24 20:03:20.113, 0, 1 %, 78996 MiB, 92.17 W, 2610 MHz, 13365 MHz, 45
2026/09/24 20:03:20.114, 1, 0 %, 3316 MiB, 23.87 W, 180 MHz, 405 MHz, 39
2026/09/24 20:03:20.364, 0, 1 %, 78996 MiB, 91.37 W, 2610 MHz, 13365 MHz, 45
2026/09/24 20:03:20.364, 1, 0 %, 3316 MiB, 23.37 W, 180 MHz, 405 MHz, 39
2026/09/24 20:03:20.614, 0, 1 %, 82484 MiB, 91.37 W, 2610 MHz, 13365 MHz, 45
2026/09/24 20:03:20.614, 1, 0 %, 3316 MiB, 23.37 W, 180 MHz, 405 MHz, 39
2026/09/24 20:03:20.864, 0, 0 %, 82484 MiB, 91.40 W, 2617 MHz, 13365 MHz, 45
2026/09/24 20:03:20.864, 1, 0 %, 3316 MiB, 23.25 W, 180 MHz, 405 MHz, 39
2026/09/24 20:03:21.114, 0, 0 %, 82484 MiB, 91.40 W, 2617 MHz, 13365 MHz, 45
2026/09/24 20:03:21.115, 1, 0 %, 3316 MiB, 23.25 W, 180 MHz, 405 MHz, 39
2026/09/24 20:03:21.365, 0, 0 %, 82484 MiB, 95.10 W, 2617 MHz, 13365 MHz, 45
2026/09/24 20:03:21.365, 1, 0 %, 3316 MiB, 23.95 W, 180 MHz, 405 MHz, 39
2026/09/24 20:03:21.615, 0, 0 %, 82516 MiB, 95.10 W, 2617 MHz, 13365 MHz, 45
2026/09/24 20:03:21.615, 1, 0 %, 3316 MiB, 23.95 W, 180 MHz, 405 MHz, 39
2026/09/24 20:03:21.865, 0, 0 %, 82548 MiB, 92.75 W, 2610 MHz, 13365 MHz, 45
2026/09/24 20:03:21.865, 1, 0 %, 3316 MiB, 23.91 W, 180 MHz, 405 MHz, 39
2026/09/24 20:03:22.116, 0, 0 %, 82548 MiB, 92.75 W, 2610 MHz, 13365 MHz, 45
2026/09/24 20:03:22.116, 1, 0 %, 3316 MiB, 23.91 W, 180 MHz, 405 MHz, 39
2026/09/24 20:03:22.366, 0, 0 %, 82580 MiB, 93.05 W, 2610 MHz, 13365 MHz, 45
2026/09/24 20:03:22.366, 1, 0 %, 3316 MiB, 25.64 W, 180 MHz, 405 MHz, 39
2026/09/24 20:03:22.616, 0, 0 %, 82580 MiB, 93.05 W, 2610 MHz, 13365 MHz, 45
2026/09/24 20:03:22.616, 1, 0 %, 3316 MiB, 25.64 W, 180 MHz, 405 MHz, 39
2026/09/24 20:03:22.866, 0, 0 %, 82612 MiB, 91.17 W, 2617 MHz, 13365 MHz, 45
2026/09/24 20:03:22.866, 1, 0 %, 3316 MiB, 23.68 W, 180 MHz, 405 MHz, 38
2026/09/24 20:03:23.116, 0, 0 %, 82612 MiB, 91.17 W, 2617 MHz, 13365 MHz, 45
2026/09/24 20:03:23.117, 1, 0 %, 3316 MiB, 23.68 W, 180 MHz, 405 MHz, 38
2026/09/24 20:03:23.368, 0, 0 %, 86068 MiB, 91.08 W, 2617 MHz, 13365 MHz, 45
2026/09/24 20:03:23.368, 1, 0 %, 3316 MiB, 24.04 W, 180 MHz, 405 MHz, 38
2026/09/24 20:03:23.618, 0, 0 %, 86068 MiB, 91.08 W, 2617 MHz, 13365 MHz, 45
2026/09/24 20:03:23.618, 1, 0 %, 3316 MiB, 24.04 W, 180 MHz, 405 MHz, 38
2026/09/24 20:03:23.868, 0, 19 %, 86100 MiB, 97.00 W, 2617 MHz, 13365 MHz, 45
2026/09/24 20:03:23.868, 1, 0 %, 3316 MiB, 25.23 W, 180 MHz, 405 MHz, 38
2026/09/24 20:03:24.118, 0, 19 %, 86132 MiB, 97.00 W, 2617 MHz, 13365 MHz, 45
2026/09/24 20:03:24.118, 1, 0 %, 3316 MiB, 25.23 W, 180 MHz, 405 MHz, 38
2026/09/24 20:03:24.369, 0, 19 %, 86132 MiB, 92.92 W, 2617 MHz, 13365 MHz, 45
2026/09/24 20:03:24.369, 1, 0 %, 3316 MiB, 23.97 W, 180 MHz, 405 MHz, 38
2026/09/24 20:03:24.619, 0, 19 %, 86164 MiB, 92.92 W, 2617 MHz, 13365 MHz, 45
2026/09/24 20:03:24.619, 1, 0 %, 3316 MiB, 23.97 W, 180 MHz, 405 MHz, 38
2026/09/24 20:03:24.869, 0, 1 %, 86164 MiB, 91.99 W, 2610 MHz, 13365 MHz, 45
2026/09/24 20:03:24.869, 1, 0 %, 3316 MiB, 23.67 W, 180 MHz, 405 MHz, 38
2026/09/24 20:03:25.119, 0, 1 %, 86164 MiB, 91.99 W, 2610 MHz, 13365 MHz, 45
2026/09/24 20:03:25.119, 1, 0 %, 3316 MiB, 23.67 W, 180 MHz, 405 MHz, 38
2026/09/24 20:03:25.370, 0, 1 %, 86196 MiB, 91.13 W, 2610 MHz, 13365 MHz, 45
2026/09/24 20:03:25.370, 1, 0 %, 3316 MiB, 24.44 W, 180 MHz, 405 MHz, 38
2026/09/24 20:03:25.620, 0, 1 %, 86196 MiB, 91.13 W, 2610 MHz, 13365 MHz, 45
2026/09/24 20:03:25.620, 1, 0 %, 3316 MiB, 24.44 W, 180 MHz, 405 MHz, 38
2026/09/24 20:03:25.870, 0, 0 %, 86228 MiB, 90.85 W, 2610 MHz, 13365 MHz, 45
2026/09/24 20:03:25.870, 1, 0 %, 3316 MiB, 23.89 W, 180 MHz, 405 MHz, 38
2026/09/24 20:03:26.120, 0, 0 %, 86228 MiB, 90.85 W, 2610 MHz, 13365 MHz, 45
2026/09/24 20:03:26.120, 1, 0 %, 3316 MiB, 23.89 W, 180 MHz, 405 MHz, 38
2026/09/24 20:03:26.371, 0, 0 %, 86228 MiB, 92.28 W, 2617 MHz, 13365 MHz, 45
2026/09/24 20:03:26.371, 1, 0 %, 6772 MiB, 24.64 W, 180 MHz, 405 MHz, 38
2026/09/24 20:03:26.621, 0, 0 %, 86228 MiB, 92.28 W, 2617 MHz, 13365 MHz, 45
2026/09/24 20:03:26.621, 1, 0 %, 6772 MiB, 24.64 W, 180 MHz, 405 MHz, 38
2026/09/24 20:03:26.871, 0, 0 %, 86228 MiB, 90.89 W, 2617 MHz, 13365 MHz, 45
2026/09/24 20:03:26.871, 1, 19 %, 6772 MiB, 70.64 W, 2002 MHz, 13365 MHz, 39
2026/09/24 20:03:27.121, 0, 0 %, 86228 MiB, 90.89 W, 2617 MHz, 13365 MHz, 45
2026/09/24 20:03:27.121, 1, 19 %, 6772 MiB, 70.64 W, 2002 MHz, 13365 MHz, 39
2026/09/24 20:03:27.372, 0, 0 %, 86228 MiB, 90.70 W, 2610 MHz, 13365 MHz, 45
2026/09/24 20:03:27.372, 1, 19 %, 6772 MiB, 77.28 W, 2610 MHz, 13365 MHz, 39
2026/09/24 20:03:27.622, 0, 0 %, 86228 MiB, 90.70 W, 2610 MHz, 13365 MHz, 45
2026/09/24 20:03:27.622, 1, 19 %, 6772 MiB, 77.28 W, 2610 MHz, 13365 MHz, 39
2026/09/24 20:03:27.872, 0, 0 %, 86228 MiB, 90.70 W, 2610 MHz, 13365 MHz, 45
2026/09/24 20:03:27.872, 1, 0 %, 6772 MiB, 84.32 W, 2617 MHz, 13365 MHz, 39
2026/09/24 20:03:28.122, 0, 0 %, 86228 MiB, 90.70 W, 2610 MHz, 13365 MHz, 45
2026/09/24 20:03:28.122, 1, 0 %, 6804 MiB, 84.32 W, 2617 MHz, 13365 MHz, 39
2026/09/24 20:03:28.373, 0, 0 %, 86228 MiB, 90.25 W, 2610 MHz, 13365 MHz, 45
2026/09/24 20:03:28.374, 1, 0 %, 6804 MiB, 83.91 W, 2617 MHz, 13365 MHz, 39
2026/09/24 20:03:28.624, 0, 0 %, 86228 MiB, 90.25 W, 2610 MHz, 13365 MHz, 45
2026/09/24 20:03:28.624, 1, 0 %, 6836 MiB, 83.91 W, 2617 MHz, 13365 MHz, 39
2026/09/24 20:03:28.874, 0, 0 %, 86228 MiB, 92.43 W, 2610 MHz, 13365 MHz, 45
2026/09/24 20:03:28.875, 1, 1 %, 6836 MiB, 86.36 W, 2610 MHz, 13365 MHz, 39
2026/09/24 20:03:29.125, 0, 0 %, 86228 MiB, 92.43 W, 2610 MHz, 13365 MHz, 45
2026/09/24 20:03:29.125, 1, 1 %, 10324 MiB, 86.36 W, 2610 MHz, 13365 MHz, 39
2026/09/24 20:03:29.375, 0, 0 %, 86228 MiB, 92.10 W, 2610 MHz, 13365 MHz, 45
2026/09/24 20:03:29.375, 1, 1 %, 10324 MiB, 89.93 W, 2617 MHz, 13365 MHz, 39
2026/09/24 20:03:29.625, 0, 0 %, 86228 MiB, 92.10 W, 2610 MHz, 13365 MHz, 45
2026/09/24 20:03:29.625, 1, 1 %, 10356 MiB, 89.93 W, 2617 MHz, 13365 MHz, 39
2026/09/24 20:03:29.876, 0, 0 %, 86228 MiB, 90.48 W, 2610 MHz, 13365 MHz, 45
2026/09/24 20:03:29.876, 1, 0 %, 10356 MiB, 86.47 W, 2617 MHz, 13365 MHz, 39
2026/09/24 20:03:30.127, 0, 0 %, 86228 MiB, 90.48 W, 2610 MHz, 13365 MHz, 45
2026/09/24 20:03:30.127, 1, 0 %, 10356 MiB, 86.47 W, 2617 MHz, 13365 MHz, 39
2026/09/24 20:03:30.377, 0, 0 %, 86228 MiB, 91.98 W, 2610 MHz, 13365 MHz, 45
2026/09/24 20:03:30.377, 1, 0 %, 10388 MiB, 85.10 W, 2610 MHz, 13365 MHz, 39
2026/09/24 20:03:30.627, 0, 0 %, 86228 MiB, 91.98 W, 2610 MHz, 13365 MHz, 45
2026/09/24 20:03:30.627, 1, 0 %, 10388 MiB, 85.10 W, 2610 MHz, 13365 MHz, 39
2026/09/24 20:03:30.877, 0, 0 %, 86228 MiB, 90.66 W, 2610 MHz, 13365 MHz, 45
2026/09/24 20:03:30.877, 1, 0 %, 10420 MiB, 83.62 W, 2610 MHz, 13365 MHz, 39
2026/09/24 20:03:31.128, 0, 0 %, 86228 MiB, 90.66 W, 2610 MHz, 13365 MHz, 45
2026/09/24 20:03:31.128, 1, 0 %, 10420 MiB, 83.62 W, 2610 MHz, 13365 MHz, 39
2026/09/24 20:03:31.378, 0, 0 %, 86228 MiB, 90.47 W, 2610 MHz, 13365 MHz, 45
2026/09/24 20:03:31.378, 1, 0 %, 10420 MiB, 83.49 W, 2617 MHz, 13365 MHz, 39
2026/09/24 20:03:31.628, 0, 0 %, 86228 MiB, 90.47 W, 2610 MHz, 13365 MHz, 45
2026/09/24 20:03:31.628, 1, 0 %, 10452 MiB, 83.49 W, 2617 MHz, 13365 MHz, 39
2026/09/24 20:03:31.878, 0, 0 %, 86228 MiB, 90.62 W, 2610 MHz, 13365 MHz, 45
2026/09/24 20:03:31.878, 1, 0 %, 13556 MiB, 84.10 W, 2610 MHz, 13365 MHz, 39
2026/09/24 20:03:32.128, 0, 0 %, 86228 MiB, 90.62 W, 2610 MHz, 13365 MHz, 45
2026/09/24 20:03:32.129, 1, 0 %, 13940 MiB, 84.10 W, 2610 MHz, 13365 MHz, 39
2026/09/24 20:03:32.379, 0, 0 %, 86228 MiB, 90.50 W, 2610 MHz, 13365 MHz, 45
2026/09/24 20:03:32.379, 1, 0 %, 13940 MiB, 85.97 W, 2625 MHz, 13365 MHz, 39
2026/09/24 20:03:32.629, 0, 0 %, 86228 MiB, 90.50 W, 2610 MHz, 13365 MHz, 45
2026/09/24 20:03:32.629, 1, 0 %, 13940 MiB, 85.97 W, 2625 MHz, 13365 MHz, 39
2026/09/24 20:03:32.879, 0, 0 %, 86228 MiB, 90.42 W, 2610 MHz, 13365 MHz, 45
2026/09/24 20:03:32.880, 1, 0 %, 13940 MiB, 86.48 W, 2617 MHz, 13365 MHz, 39
2026/09/24 20:03:33.130, 0, 0 %, 86228 MiB, 90.42 W, 2610 MHz, 13365 MHz, 45
2026/09/24 20:03:33.130, 1, 0 %, 13972 MiB, 86.48 W, 2617 MHz, 13365 MHz, 39
2026/09/24 20:03:33.380, 0, 0 %, 86228 MiB, 90.64 W, 2610 MHz, 13365 MHz, 45
2026/09/24 20:03:33.380, 1, 0 %, 13972 MiB, 83.97 W, 2610 MHz, 13365 MHz, 39
2026/09/24 20:03:33.630, 0, 0 %, 86228 MiB, 90.64 W, 2610 MHz, 13365 MHz, 45
2026/09/24 20:03:33.630, 1, 0 %, 14004 MiB, 83.97 W, 2610 MHz, 13365 MHz, 39
2026/09/24 20:03:33.880, 0, 0 %, 86228 MiB, 90.49 W, 2610 MHz, 13365 MHz, 45
2026/09/24 20:03:33.881, 1, 1 %, 14004 MiB, 83.75 W, 2610 MHz, 13365 MHz, 39
2026/09/24 20:03:34.131, 0, 0 %, 86228 MiB, 90.49 W, 2610 MHz, 13365 MHz, 45
2026/09/24 20:03:34.131, 1, 1 %, 14004 MiB, 83.75 W, 2610 MHz, 13365 MHz, 39
2026/09/24 20:03:34.381, 0, 0 %, 86228 MiB, 90.69 W, 2610 MHz, 13365 MHz, 44
2026/09/24 20:03:34.381, 1, 1 %, 14036 MiB, 83.68 W, 2610 MHz, 13365 MHz, 39
2026/09/24 20:03:34.631, 0, 0 %, 86228 MiB, 90.28 W, 2610 MHz, 13365 MHz, 44
2026/09/24 20:03:34.631, 1, 1 %, 17524 MiB, 83.68 W, 2610 MHz, 13365 MHz, 39
2026/09/24 20:03:34.881, 0, 0 %, 86228 MiB, 90.28 W, 2610 MHz, 13365 MHz, 44
2026/09/24 20:03:34.882, 1, 0 %, 17524 MiB, 83.68 W, 2617 MHz, 13365 MHz, 39
2026/09/24 20:03:35.132, 0, 0 %, 86228 MiB, 90.43 W, 2610 MHz, 13365 MHz, 44
2026/09/24 20:03:35.132, 1, 0 %, 17556 MiB, 83.68 W, 2617 MHz, 13365 MHz, 39
2026/09/24 20:03:35.382, 0, 0 %, 86228 MiB, 90.43 W, 2610 MHz, 13365 MHz, 44
2026/09/24 20:03:35.382, 1, 0 %, 17556 MiB, 86.37 W, 2610 MHz, 13365 MHz, 39
2026/09/24 20:03:35.632, 0, 0 %, 86228 MiB, 90.76 W, 2610 MHz, 13365 MHz, 44
2026/09/24 20:03:35.632, 1, 0 %, 17556 MiB, 86.37 W, 2610 MHz, 13365 MHz, 39
2026/09/24 20:03:35.882, 0, 0 %, 86228 MiB, 90.76 W, 2610 MHz, 13365 MHz, 44
2026/09/24 20:03:35.882, 1, 0 %, 17588 MiB, 83.68 W, 2610 MHz, 13365 MHz, 39
2026/09/24 20:03:36.133, 0, 0 %, 86228 MiB, 90.37 W, 2610 MHz, 13365 MHz, 44
2026/09/24 20:03:36.133, 1, 0 %, 17588 MiB, 83.68 W, 2610 MHz, 13365 MHz, 39
2026/09/24 20:03:36.383, 0, 0 %, 86228 MiB, 90.37 W, 2610 MHz, 13365 MHz, 44
2026/09/24 20:03:36.383, 1, 0 %, 17588 MiB, 83.67 W, 2617 MHz, 13365 MHz, 39
2026/09/24 20:03:36.633, 0, 0 %, 86228 MiB, 90.47 W, 2610 MHz, 13365 MHz, 44
2026/09/24 20:03:36.638, 1, 0 %, 17620 MiB, 83.96 W, 2610 MHz, 13365 MHz, 39
2026/09/24 20:03:36.888, 0, 0 %, 86228 MiB, 90.47 W, 2610 MHz, 13365 MHz, 44
2026/09/24 20:03:36.888, 1, 0 %, 17620 MiB, 83.96 W, 2610 MHz, 13365 MHz, 39
2026/09/24 20:03:37.138, 0, 0 %, 86228 MiB, 90.48 W, 2610 MHz, 13365 MHz, 44
2026/09/24 20:03:37.138, 1, 0 %, 17652 MiB, 84.18 W, 2610 MHz, 13365 MHz, 39
2026/09/24 20:03:37.388, 0, 0 %, 86228 MiB, 90.48 W, 2610 MHz, 13365 MHz, 44
2026/09/24 20:03:37.389, 1, 0 %, 17684 MiB, 84.18 W, 2610 MHz, 13365 MHz, 39
2026/09/24 20:03:37.639, 0, 0 %, 86228 MiB, 90.57 W, 2610 MHz, 13365 MHz, 44
2026/09/24 20:03:37.639, 1, 15 %, 21140 MiB, 84.99 W, 2617 MHz, 13365 MHz, 39
2026/09/24 20:03:37.889, 0, 0 %, 86228 MiB, 90.57 W, 2610 MHz, 13365 MHz, 44
2026/09/24 20:03:37.889, 1, 15 %, 21140 MiB, 84.99 W, 2617 MHz, 13365 MHz, 39
2026/09/24 20:03:38.139, 0, 0 %, 86228 MiB, 90.86 W, 2610 MHz, 13365 MHz, 44
2026/09/24 20:03:38.139, 1, 15 %, 21172 MiB, 84.31 W, 2617 MHz, 13365 MHz, 39
2026/09/24 20:03:38.389, 0, 0 %, 86228 MiB, 90.86 W, 2610 MHz, 13365 MHz, 44
2026/09/24 20:03:38.390, 1, 15 %, 21172 MiB, 84.31 W, 2617 MHz, 13365 MHz, 39
2026/09/24 20:03:38.640, 0, 0 %, 86228 MiB, 90.48 W, 2610 MHz, 13365 MHz, 44
2026/09/24 20:03:38.640, 1, 1 %, 21204 MiB, 83.79 W, 2610 MHz, 13365 MHz, 39
2026/09/24 20:03:38.890, 0, 0 %, 86228 MiB, 90.48 W, 2610 MHz, 13365 MHz, 44
2026/09/24 20:03:38.890, 1, 1 %, 21204 MiB, 83.79 W, 2610 MHz, 13365 MHz, 39
2026/09/24 20:03:39.140, 0, 0 %, 86228 MiB, 90.39 W, 2610 MHz, 13365 MHz, 44
2026/09/24 20:03:39.140, 1, 1 %, 21204 MiB, 83.57 W, 2610 MHz, 13365 MHz, 39
2026/09/24 20:03:39.390, 0, 0 %, 86228 MiB, 90.39 W, 2610 MHz, 13365 MHz, 44
2026/09/24 20:03:39.391, 1, 1 %, 21236 MiB, 83.57 W, 2610 MHz, 13365 MHz, 39
2026/09/24 20:03:39.641, 0, 0 %, 86228 MiB, 90.61 W, 2610 MHz, 13365 MHz, 44
2026/09/24 20:03:39.641, 1, 0 %, 21236 MiB, 83.71 W, 2617 MHz, 13365 MHz, 39
2026/09/24 20:03:39.891, 0, 0 %, 86228 MiB, 90.61 W, 2610 MHz, 13365 MHz, 44
2026/09/24 20:03:39.891, 1, 0 %, 21268 MiB, 83.71 W, 2617 MHz, 13365 MHz, 39
2026/09/24 20:03:40.141, 0, 0 %, 86228 MiB, 90.72 W, 2610 MHz, 13365 MHz, 44
2026/09/24 20:03:40.141, 1, 0 %, 21268 MiB, 83.51 W, 2617 MHz, 13365 MHz, 39
2026/09/24 20:03:40.391, 0, 0 %, 86228 MiB, 90.72 W, 2610 MHz, 13365 MHz, 44
2026/09/24 20:03:40.392, 1, 0 %, 24756 MiB, 83.51 W, 2617 MHz, 13365 MHz, 39
2026/09/24 20:03:40.642, 0, 0 %, 86228 MiB, 90.89 W, 2610 MHz, 13365 MHz, 44
2026/09/24 20:03:40.642, 1, 19 %, 24756 MiB, 88.43 W, 2617 MHz, 13365 MHz, 39
2026/09/24 20:03:40.892, 0, 0 %, 86228 MiB, 90.89 W, 2610 MHz, 13365 MHz, 44
2026/09/24 20:03:40.892, 1, 19 %, 24756 MiB, 88.43 W, 2617 MHz, 13365 MHz, 39
2026/09/24 20:03:41.142, 0, 0 %, 86228 MiB, 90.81 W, 2610 MHz, 13365 MHz, 44
2026/09/24 20:03:41.142, 1, 19 %, 24788 MiB, 85.36 W, 2617 MHz, 13365 MHz, 39
2026/09/24 20:03:41.392, 0, 0 %, 86228 MiB, 90.81 W, 2610 MHz, 13365 MHz, 44
2026/09/24 20:03:41.393, 1, 19 %, 24788 MiB, 85.36 W, 2617 MHz, 13365 MHz, 39
2026/09/24 20:03:41.643, 0, 0 %, 86228 MiB, 90.98 W, 2610 MHz, 13365 MHz, 44
2026/09/24 20:03:41.643, 1, 1 %, 24820 MiB, 84.41 W, 2610 MHz, 13365 MHz, 39
2026/09/24 20:03:41.893, 0, 0 %, 86228 MiB, 90.98 W, 2610 MHz, 13365 MHz, 44
2026/09/24 20:03:41.893, 1, 1 %, 24820 MiB, 84.41 W, 2610 MHz, 13365 MHz, 39
2026/09/24 20:03:42.143, 0, 0 %, 86228 MiB, 91.03 W, 2610 MHz, 13365 MHz, 44
2026/09/24 20:03:42.143, 1, 1 %, 24852 MiB, 83.60 W, 2610 MHz, 13365 MHz, 39
2026/09/24 20:03:42.393, 0, 0 %, 86228 MiB, 91.03 W, 2610 MHz, 13365 MHz, 44
2026/09/24 20:03:42.394, 1, 1 %, 24852 MiB, 83.60 W, 2610 MHz, 13365 MHz, 39
2026/09/24 20:03:42.644, 0, 0 %, 86228 MiB, 90.73 W, 2610 MHz, 13365 MHz, 44
2026/09/24 20:03:42.644, 1, 0 %, 24852 MiB, 83.72 W, 2610 MHz, 13365 MHz, 39
2026/09/24 20:03:42.894, 0, 0 %, 86228 MiB, 90.73 W, 2610 MHz, 13365 MHz, 44
2026/09/24 20:03:42.894, 1, 0 %, 24884 MiB, 83.72 W, 2610 MHz, 13365 MHz, 39
2026/09/24 20:03:43.144, 0, 0 %, 86228 MiB, 90.99 W, 2610 MHz, 13365 MHz, 44
2026/09/24 20:03:43.145, 1, 0 %, 24884 MiB, 84.31 W, 2617 MHz, 13365 MHz, 39
2026/09/24 20:03:43.395, 0, 0 %, 86228 MiB, 90.99 W, 2610 MHz, 13365 MHz, 44
2026/09/24 20:03:43.395, 1, 0 %, 28372 MiB, 84.31 W, 2617 MHz, 13365 MHz, 39
2026/09/24 20:03:43.646, 0, 0 %, 86228 MiB, 58.51 W, 487 MHz, 13365 MHz, 43
2026/09/24 20:03:43.646, 1, 15 %, 28372 MiB, 88.78 W, 2617 MHz, 13365 MHz, 39
2026/09/24 20:03:43.896, 0, 0 %, 86228 MiB, 58.51 W, 487 MHz, 13365 MHz, 43
2026/09/24 20:03:43.896, 1, 15 %, 28372 MiB, 88.78 W, 2617 MHz, 13365 MHz, 39
2026/09/24 20:03:44.146, 0, 0 %, 86228 MiB, 58.09 W, 390 MHz, 13365 MHz, 43
2026/09/24 20:03:44.146, 1, 15 %, 28372 MiB, 85.82 W, 2610 MHz, 13365 MHz, 39
2026/09/24 20:03:44.396, 0, 0 %, 86228 MiB, 58.09 W, 390 MHz, 13365 MHz, 43
2026/09/24 20:03:44.396, 1, 15 %, 28404 MiB, 85.82 W, 2610 MHz, 13365 MHz, 39
2026/09/24 20:03:44.647, 0, 0 %, 86228 MiB, 57.29 W, 307 MHz, 13365 MHz, 43
2026/09/24 20:03:44.647, 1, 0 %, 28404 MiB, 84.31 W, 2617 MHz, 13365 MHz, 39
2026/09/24 20:03:44.897, 0, 0 %, 86228 MiB, 57.29 W, 307 MHz, 13365 MHz, 43
2026/09/24 20:03:44.897, 1, 0 %, 28436 MiB, 84.31 W, 2617 MHz, 13365 MHz, 39
2026/09/24 20:03:45.147, 0, 0 %, 86228 MiB, 56.83 W, 240 MHz, 13365 MHz, 43
2026/09/24 20:03:45.147, 1, 0 %, 28436 MiB, 83.93 W, 2617 MHz, 13365 MHz, 39
2026/09/24 20:03:45.397, 0, 0 %, 86228 MiB, 56.83 W, 240 MHz, 13365 MHz, 43
2026/09/24 20:03:45.397, 1, 0 %, 28436 MiB, 83.93 W, 2617 MHz, 13365 MHz, 39
2026/09/24 20:03:45.648, 0, 0 %, 86228 MiB, 52.01 W, 202 MHz, 810 MHz, 43
2026/09/24 20:03:45.648, 1, 0 %, 28468 MiB, 83.91 W, 2610 MHz, 13365 MHz, 39
2026/09/24 20:03:45.898, 0, 0 %, 86228 MiB, 52.01 W, 202 MHz, 810 MHz, 43
2026/09/24 20:03:45.898, 1, 0 %, 28500 MiB, 83.91 W, 2610 MHz, 13365 MHz, 39
2026/09/24 20:03:46.148, 0, 0 %, 86228 MiB, 34.33 W, 180 MHz, 810 MHz, 43
2026/09/24 20:03:46.148, 1, 0 %, 31956 MiB, 88.19 W, 2617 MHz, 13365 MHz, 39
2026/09/24 20:03:46.398, 0, 0 %, 86228 MiB, 34.33 W, 180 MHz, 810 MHz, 43
2026/09/24 20:03:46.398, 1, 0 %, 31988 MiB, 88.19 W, 2617 MHz, 13365 MHz, 39
2026/09/24 20:03:46.648, 0, 0 %, 86228 MiB, 29.75 W, 180 MHz, 810 MHz, 42
2026/09/24 20:03:46.649, 1, 0 %, 31988 MiB, 87.14 W, 2617 MHz, 13365 MHz, 39
2026/09/24 20:03:46.899, 0, 0 %, 86228 MiB, 29.75 W, 180 MHz, 810 MHz, 42
2026/09/24 20:03:46.899, 1, 0 %, 31988 MiB, 87.14 W, 2617 MHz, 13365 MHz, 39
2026/09/24 20:03:47.149, 0, 0 %, 86228 MiB, 26.25 W, 172 MHz, 810 MHz, 42
2026/09/24 20:03:47.149, 1, 0 %, 32020 MiB, 84.50 W, 2610 MHz, 13365 MHz, 39
2026/09/24 20:03:47.400, 0, 0 %, 86228 MiB, 26.25 W, 172 MHz, 810 MHz, 42
2026/09/24 20:03:47.400, 1, 0 %, 32020 MiB, 84.50 W, 2610 MHz, 13365 MHz, 39
2026/09/24 20:03:47.650, 0, 0 %, 86228 MiB, 25.68 W, 180 MHz, 405 MHz, 42
2026/09/24 20:03:47.650, 1, 0 %, 32020 MiB, 84.21 W, 2610 MHz, 13365 MHz, 39
2026/09/24 20:03:47.900, 0, 0 %, 86228 MiB, 25.68 W, 180 MHz, 405 MHz, 42
2026/09/24 20:03:47.900, 1, 0 %, 32052 MiB, 84.21 W, 2610 MHz, 13365 MHz, 39
2026/09/24 20:03:48.150, 0, 0 %, 86228 MiB, 25.23 W, 180 MHz, 405 MHz, 42
2026/09/24 20:03:48.150, 1, 0 %, 32052 MiB, 83.99 W, 2617 MHz, 13365 MHz, 39
2026/09/24 20:03:48.401, 0, 0 %, 86228 MiB, 25.23 W, 180 MHz, 405 MHz, 42
2026/09/24 20:03:48.401, 1, 0 %, 32084 MiB, 83.99 W, 2617 MHz, 13365 MHz, 39
2026/09/24 20:03:48.651, 0, 0 %, 86228 MiB, 24.80 W, 180 MHz, 405 MHz, 42
2026/09/24 20:03:48.651, 1, 0 %, 32116 MiB, 84.20 W, 2617 MHz, 13365 MHz, 39
2026/09/24 20:03:48.901, 0, 0 %, 86228 MiB, 24.80 W, 180 MHz, 405 MHz, 42
2026/09/24 20:03:48.901, 1, 0 %, 35572 MiB, 84.20 W, 2617 MHz, 13365 MHz, 39
2026/09/24 20:03:49.151, 0, 0 %, 86228 MiB, 24.60 W, 180 MHz, 405 MHz, 42
2026/09/24 20:03:49.151, 1, 0 %, 35572 MiB, 86.36 W, 2617 MHz, 13365 MHz, 39
2026/09/24 20:03:49.401, 0, 0 %, 86228 MiB, 24.60 W, 180 MHz, 405 MHz, 42
2026/09/24 20:03:49.402, 1, 0 %, 35572 MiB, 86.36 W, 2617 MHz, 13365 MHz, 39
2026/09/24 20:03:49.652, 0, 0 %, 86228 MiB, 25.46 W, 180 MHz, 405 MHz, 42
2026/09/24 20:03:49.652, 1, 0 %, 35572 MiB, 85.20 W, 2617 MHz, 13365 MHz, 39
2026/09/24 20:03:49.902, 0, 0 %, 86228 MiB, 25.46 W, 180 MHz, 405 MHz, 42
2026/09/24 20:03:49.902, 1, 0 %, 35636 MiB, 85.20 W, 2617 MHz, 13365 MHz, 39
2026/09/24 20:03:50.152, 0, 0 %, 86228 MiB, 24.75 W, 180 MHz, 405 MHz, 42
2026/09/24 20:03:50.152, 1, 0 %, 35636 MiB, 84.05 W, 2617 MHz, 13365 MHz, 39
2026/09/24 20:03:50.403, 0, 0 %, 86228 MiB, 24.75 W, 180 MHz, 405 MHz, 42
2026/09/24 20:03:50.403, 1, 0 %, 35636 MiB, 84.05 W, 2617 MHz, 13365 MHz, 39
2026/09/24 20:03:50.653, 0, 0 %, 86228 MiB, 24.35 W, 180 MHz, 405 MHz, 42
2026/09/24 20:03:50.653, 1, 0 %, 35668 MiB, 84.00 W, 2610 MHz, 13365 MHz, 39
2026/09/24 20:03:50.903, 0, 0 %, 86228 MiB, 24.35 W, 180 MHz, 405 MHz, 42
2026/09/24 20:03:50.903, 1, 0 %, 35668 MiB, 84.00 W, 2610 MHz, 13365 MHz, 39
2026/09/24 20:03:51.153, 0, 0 %, 86228 MiB, 24.74 W, 180 MHz, 405 MHz, 42
2026/09/24 20:03:51.153, 1, 0 %, 35700 MiB, 84.12 W, 2610 MHz, 13365 MHz, 39
2026/09/24 20:03:51.404, 0, 0 %, 86228 MiB, 24.74 W, 180 MHz, 405 MHz, 42
2026/09/24 20:03:51.404, 1, 0 %, 35700 MiB, 84.12 W, 2610 MHz, 13365 MHz, 39
2026/09/24 20:03:51.654, 0, 0 %, 86228 MiB, 25.00 W, 180 MHz, 405 MHz, 42
2026/09/24 20:03:51.654, 1, 9 %, 39188 MiB, 85.20 W, 2617 MHz, 13365 MHz, 39
2026/09/24 20:03:51.904, 0, 0 %, 86228 MiB, 25.00 W, 180 MHz, 405 MHz, 42
2026/09/24 20:03:51.904, 1, 9 %, 39188 MiB, 85.20 W, 2617 MHz, 13365 MHz, 39
2026/09/24 20:03:52.154, 0, 0 %, 86228 MiB, 24.94 W, 180 MHz, 405 MHz, 42
2026/09/24 20:03:52.154, 1, 9 %, 39220 MiB, 86.54 W, 2610 MHz, 13365 MHz, 39
2026/09/24 20:03:52.405, 0, 0 %, 86228 MiB, 24.94 W, 180 MHz, 405 MHz, 42
2026/09/24 20:03:52.405, 1, 9 %, 39220 MiB, 86.54 W, 2610 MHz, 13365 MHz, 39
2026/09/24 20:03:52.655, 0, 0 %, 86228 MiB, 24.83 W, 180 MHz, 405 MHz, 42
2026/09/24 20:03:52.655, 1, 0 %, 39220 MiB, 84.03 W, 2610 MHz, 13365 MHz, 39
2026/09/24 20:03:52.905, 0, 0 %, 86228 MiB, 24.83 W, 180 MHz, 405 MHz, 42
2026/09/24 20:03:52.905, 1, 0 %, 39252 MiB, 84.03 W, 2610 MHz, 13365 MHz, 39
2026/09/24 20:03:53.155, 0, 0 %, 86228 MiB, 24.89 W, 180 MHz, 405 MHz, 42
2026/09/24 20:03:53.155, 1, 0 %, 39252 MiB, 83.56 W, 2617 MHz, 13365 MHz, 39
2026/09/24 20:03:53.406, 0, 0 %, 86228 MiB, 24.89 W, 180 MHz, 405 MHz, 42
2026/09/24 20:03:53.406, 1, 0 %, 39284 MiB, 83.56 W, 2617 MHz, 13365 MHz, 39
2026/09/24 20:03:53.656, 0, 0 %, 86228 MiB, 27.01 W, 180 MHz, 405 MHz, 42
2026/09/24 20:03:53.656, 1, 0 %, 39284 MiB, 85.23 W, 2617 MHz, 13365 MHz, 39
2026/09/24 20:03:53.906, 0, 0 %, 86228 MiB, 27.01 W, 180 MHz, 405 MHz, 42
2026/09/24 20:03:53.906, 1, 0 %, 39284 MiB, 85.23 W, 2617 MHz, 13365 MHz, 39
2026/09/24 20:03:54.156, 0, 0 %, 86228 MiB, 25.44 W, 180 MHz, 405 MHz, 42
2026/09/24 20:03:54.156, 1, 0 %, 39316 MiB, 83.71 W, 2610 MHz, 13365 MHz, 39
2026/09/24 20:03:54.407, 0, 0 %, 86228 MiB, 25.44 W, 180 MHz, 405 MHz, 42
2026/09/24 20:03:54.407, 1, 0 %, 39316 MiB, 83.71 W, 2610 MHz, 13365 MHz, 39
2026/09/24 20:03:54.657, 0, 0 %, 86228 MiB, 24.94 W, 180 MHz, 405 MHz, 41
2026/09/24 20:03:54.658, 1, 20 %, 42804 MiB, 84.86 W, 2617 MHz, 13365 MHz, 39
2026/09/24 20:03:54.909, 0, 0 %, 86228 MiB, 24.94 W, 180 MHz, 405 MHz, 41
2026/09/24 20:03:54.909, 1, 20 %, 42804 MiB, 84.86 W, 2617 MHz, 13365 MHz, 39
2026/09/24 20:03:55.159, 0, 0 %, 86228 MiB, 25.27 W, 180 MHz, 405 MHz, 41
2026/09/24 20:03:55.159, 1, 20 %, 42804 MiB, 84.61 W, 2617 MHz, 13365 MHz, 39
2026/09/24 20:03:55.409, 0, 0 %, 86228 MiB, 25.27 W, 180 MHz, 405 MHz, 41
2026/09/24 20:03:55.409, 1, 20 %, 42804 MiB, 84.61 W, 2617 MHz, 13365 MHz, 39
2026/09/24 20:03:55.660, 0, 0 %, 86228 MiB, 24.92 W, 180 MHz, 405 MHz, 41
2026/09/24 20:03:55.660, 1, 0 %, 42836 MiB, 84.01 W, 2610 MHz, 13365 MHz, 39
2026/09/24 20:03:55.910, 0, 0 %, 86228 MiB, 24.92 W, 180 MHz, 405 MHz, 41
2026/09/24 20:03:55.910, 1, 0 %, 42836 MiB, 84.01 W, 2610 MHz, 13365 MHz, 39
2026/09/24 20:03:56.160, 0, 0 %, 86228 MiB, 28.54 W, 180 MHz, 405 MHz, 41
2026/09/24 20:03:56.160, 1, 0 %, 42868 MiB, 85.44 W, 2610 MHz, 13365 MHz, 39
2026/09/24 20:03:56.410, 0, 0 %, 86228 MiB, 28.54 W, 180 MHz, 405 MHz, 41
2026/09/24 20:03:56.410, 1, 0 %, 42868 MiB, 85.44 W, 2610 MHz, 13365 MHz, 39
2026/09/24 20:03:56.661, 0, 0 %, 86228 MiB, 25.18 W, 180 MHz, 405 MHz, 41
2026/09/24 20:03:56.661, 1, 0 %, 42868 MiB, 84.19 W, 2610 MHz, 13365 MHz, 39
2026/09/24 20:03:56.911, 0, 0 %, 86228 MiB, 25.18 W, 180 MHz, 405 MHz, 41
2026/09/24 20:03:56.911, 1, 0 %, 42900 MiB, 84.19 W, 2610 MHz, 13365 MHz, 39
2026/09/24 20:03:57.161, 0, 0 %, 86228 MiB, 24.92 W, 180 MHz, 405 MHz, 41
2026/09/24 20:03:57.161, 1, 0 %, 46388 MiB, 84.03 W, 2617 MHz, 13365 MHz, 39
2026/09/24 20:03:57.411, 0, 0 %, 86228 MiB, 24.92 W, 180 MHz, 405 MHz, 41
2026/09/24 20:03:57.411, 1, 0 %, 46388 MiB, 84.03 W, 2617 MHz, 13365 MHz, 39
2026/09/24 20:03:57.661, 0, 0 %, 86228 MiB, 24.78 W, 180 MHz, 405 MHz, 41
2026/09/24 20:03:57.662, 1, 9 %, 46388 MiB, 88.04 W, 2617 MHz, 13365 MHz, 39
2026/09/24 20:03:57.912, 0, 0 %, 86228 MiB, 24.78 W, 180 MHz, 405 MHz, 41
2026/09/24 20:03:57.912, 1, 9 %, 46420 MiB, 88.04 W, 2617 MHz, 13365 MHz, 39
2026/09/24 20:03:58.162, 0, 0 %, 86228 MiB, 24.68 W, 180 MHz, 405 MHz, 41
2026/09/24 20:03:58.162, 1, 9 %, 46420 MiB, 84.87 W, 2617 MHz, 13365 MHz, 39
2026/09/24 20:03:58.412, 0, 0 %, 86228 MiB, 24.68 W, 180 MHz, 405 MHz, 41
2026/09/24 20:03:58.412, 1, 9 %, 46452 MiB, 84.87 W, 2617 MHz, 13365 MHz, 39
2026/09/24 20:03:58.662, 0, 0 %, 86228 MiB, 24.72 W, 180 MHz, 405 MHz, 41
2026/09/24 20:03:58.664, 1, 0 %, 46452 MiB, 84.04 W, 2617 MHz, 13365 MHz, 39
2026/09/24 20:03:58.916, 0, 0 %, 86228 MiB, 24.72 W, 180 MHz, 405 MHz, 41
2026/09/24 20:03:58.916, 1, 0 %, 46452 MiB, 84.04 W, 2617 MHz, 13365 MHz, 39
2026/09/24 20:03:59.166, 0, 0 %, 86228 MiB, 25.58 W, 180 MHz, 405 MHz, 41
2026/09/24 20:03:59.167, 1, 0 %, 46484 MiB, 83.98 W, 2610 MHz, 13365 MHz, 39
2026/09/24 20:03:59.417, 0, 0 %, 86228 MiB, 25.58 W, 180 MHz, 405 MHz, 41
2026/09/24 20:03:59.417, 1, 0 %, 46484 MiB, 83.98 W, 2610 MHz, 13365 MHz, 39
2026/09/24 20:03:59.667, 0, 0 %, 86228 MiB, 25.23 W, 180 MHz, 405 MHz, 41
2026/09/24 20:03:59.667, 1, 0 %, 46516 MiB, 83.56 W, 2610 MHz, 13365 MHz, 39
2026/09/24 20:03:59.917, 0, 0 %, 86228 MiB, 25.23 W, 180 MHz, 405 MHz, 41
2026/09/24 20:03:59.917, 1, 0 %, 46548 MiB, 83.56 W, 2610 MHz, 13365 MHz, 39
2026/09/24 20:04:00.167, 0, 0 %, 86228 MiB, 24.99 W, 180 MHz, 405 MHz, 41
2026/09/24 20:04:00.168, 1, 0 %, 50004 MiB, 84.32 W, 2617 MHz, 13365 MHz, 39
2026/09/24 20:04:00.418, 0, 0 %, 86228 MiB, 24.99 W, 180 MHz, 405 MHz, 41
2026/09/24 20:04:00.418, 1, 0 %, 50004 MiB, 84.32 W, 2617 MHz, 13365 MHz, 39
2026/09/24 20:04:00.669, 0, 0 %, 86228 MiB, 24.42 W, 180 MHz, 405 MHz, 41
2026/09/24 20:04:00.669, 1, 0 %, 50004 MiB, 87.56 W, 2610 MHz, 13365 MHz, 39
2026/09/24 20:04:00.919, 0, 0 %, 86228 MiB, 24.42 W, 180 MHz, 405 MHz, 41
2026/09/24 20:04:00.919, 1, 0 %, 50004 MiB, 87.56 W, 2610 MHz, 13365 MHz, 39
2026/09/24 20:04:01.169, 0, 0 %, 86228 MiB, 24.15 W, 172 MHz, 405 MHz, 41
2026/09/24 20:04:01.169, 1, 0 %, 50036 MiB, 85.30 W, 2610 MHz, 13365 MHz, 39
2026/09/24 20:04:01.419, 0, 0 %, 86228 MiB, 24.15 W, 172 MHz, 405 MHz, 41
2026/09/24 20:04:01.419, 1, 0 %, 50036 MiB, 85.30 W, 2610 MHz, 13365 MHz, 39
2026/09/24 20:04:01.669, 0, 0 %, 86228 MiB, 25.17 W, 180 MHz, 405 MHz, 41
2026/09/24 20:04:01.670, 1, 0 %, 50036 MiB, 84.74 W, 2610 MHz, 13365 MHz, 39
2026/09/24 20:04:01.920, 0, 0 %, 86228 MiB, 25.17 W, 180 MHz, 405 MHz, 41
2026/09/24 20:04:01.920, 1, 0 %, 50068 MiB, 84.74 W, 2610 MHz, 13365 MHz, 39
2026/09/24 20:04:02.170, 0, 0 %, 86228 MiB, 24.32 W, 180 MHz, 405 MHz, 41
2026/09/24 20:04:02.170, 1, 0 %, 50068 MiB, 83.76 W, 2617 MHz, 13365 MHz, 39
2026/09/24 20:04:02.420, 0, 0 %, 86228 MiB, 24.32 W, 180 MHz, 405 MHz, 41
2026/09/24 20:04:02.420, 1, 0 %, 50100 MiB, 83.76 W, 2617 MHz, 13365 MHz, 39
2026/09/24 20:04:02.670, 0, 0 %, 86228 MiB, 23.99 W, 180 MHz, 405 MHz, 41
2026/09/24 20:04:02.671, 1, 0 %, 50132 MiB, 83.51 W, 2617 MHz, 13365 MHz, 39
2026/09/24 20:04:02.921, 0, 0 %, 86228 MiB, 23.99 W, 180 MHz, 405 MHz, 41
2026/09/24 20:04:02.921, 1, 0 %, 53588 MiB, 83.51 W, 2617 MHz, 13365 MHz, 39
2026/09/24 20:04:03.171, 0, 0 %, 86228 MiB, 25.03 W, 180 MHz, 405 MHz, 40
2026/09/24 20:04:03.171, 1, 0 %, 53588 MiB, 90.68 W, 2617 MHz, 13365 MHz, 39
2026/09/24 20:04:03.421, 0, 0 %, 86228 MiB, 25.03 W, 180 MHz, 405 MHz, 40
2026/09/24 20:04:03.421, 1, 0 %, 53620 MiB, 90.68 W, 2617 MHz, 13365 MHz, 39
2026/09/24 20:04:03.671, 0, 0 %, 86228 MiB, 24.29 W, 180 MHz, 405 MHz, 40
2026/09/24 20:04:03.672, 1, 0 %, 53620 MiB, 86.72 W, 2617 MHz, 13365 MHz, 39
2026/09/24 20:04:03.922, 0, 0 %, 86228 MiB, 24.29 W, 180 MHz, 405 MHz, 40
2026/09/24 20:04:03.922, 1, 0 %, 53620 MiB, 86.72 W, 2617 MHz, 13365 MHz, 39
2026/09/24 20:04:04.172, 0, 0 %, 86228 MiB, 28.55 W, 180 MHz, 405 MHz, 40
2026/09/24 20:04:04.173, 1, 0 %, 53684 MiB, 91.20 W, 2610 MHz, 13365 MHz, 39
2026/09/24 20:04:04.424, 0, 0 %, 86228 MiB, 28.55 W, 180 MHz, 405 MHz, 40
2026/09/24 20:04:04.424, 1, 0 %, 53684 MiB, 91.20 W, 2610 MHz, 13365 MHz, 39
2026/09/24 20:04:04.674, 0, 0 %, 86228 MiB, 23.68 W, 180 MHz, 405 MHz, 40
2026/09/24 20:04:04.674, 1, 0 %, 53716 MiB, 83.13 W, 2610 MHz, 13365 MHz, 39
2026/09/24 20:04:04.924, 0, 0 %, 86228 MiB, 23.68 W, 180 MHz, 405 MHz, 40
2026/09/24 20:04:04.925, 1, 0 %, 53716 MiB, 83.13 W, 2610 MHz, 13365 MHz, 39
2026/09/24 20:04:05.175, 0, 0 %, 86228 MiB, 24.27 W, 180 MHz, 405 MHz, 40
2026/09/24 20:04:05.175, 1, 0 %, 53716 MiB, 83.28 W, 2610 MHz, 13365 MHz, 39
2026/09/24 20:04:05.425, 0, 0 %, 86228 MiB, 24.27 W, 180 MHz, 405 MHz, 40
2026/09/24 20:04:05.425, 1, 0 %, 53748 MiB, 83.28 W, 2610 MHz, 13365 MHz, 39
2026/09/24 20:04:05.675, 0, 0 %, 86228 MiB, 24.46 W, 180 MHz, 405 MHz, 40
2026/09/24 20:04:05.675, 1, 0 %, 53748 MiB, 84.61 W, 2617 MHz, 13365 MHz, 39
2026/09/24 20:04:05.925, 0, 0 %, 86228 MiB, 24.46 W, 180 MHz, 405 MHz, 40
2026/09/24 20:04:05.926, 1, 0 %, 57204 MiB, 84.61 W, 2617 MHz, 13365 MHz, 39
2026/09/24 20:04:06.176, 0, 0 %, 86228 MiB, 24.28 W, 180 MHz, 405 MHz, 40
2026/09/24 20:04:06.176, 1, 0 %, 57236 MiB, 87.65 W, 2617 MHz, 13365 MHz, 39
2026/09/24 20:04:06.426, 0, 0 %, 86228 MiB, 24.28 W, 180 MHz, 405 MHz, 40
2026/09/24 20:04:06.426, 1, 0 %, 57236 MiB, 87.65 W, 2617 MHz, 13365 MHz, 39
2026/09/24 20:04:06.676, 0, 0 %, 86228 MiB, 23.91 W, 180 MHz, 405 MHz, 40
2026/09/24 20:04:06.680, 1, 0 %, 57236 MiB, 85.83 W, 2610 MHz, 13365 MHz, 39
2026/09/24 20:04:06.930, 0, 0 %, 86228 MiB, 23.91 W, 180 MHz, 405 MHz, 40
2026/09/24 20:04:06.930, 1, 0 %, 57268 MiB, 85.83 W, 2610 MHz, 13365 MHz, 39
2026/09/24 20:04:07.180, 0, 0 %, 86228 MiB, 24.70 W, 180 MHz, 405 MHz, 40
2026/09/24 20:04:07.180, 1, 0 %, 57268 MiB, 84.20 W, 2617 MHz, 13365 MHz, 39
2026/09/24 20:04:07.431, 0, 0 %, 86228 MiB, 24.70 W, 180 MHz, 405 MHz, 40
2026/09/24 20:04:07.431, 1, 0 %, 57300 MiB, 84.20 W, 2617 MHz, 13365 MHz, 39
2026/09/24 20:04:07.681, 0, 0 %, 86228 MiB, 24.76 W, 180 MHz, 405 MHz, 40
2026/09/24 20:04:07.681, 1, 0 %, 57300 MiB, 83.65 W, 2617 MHz, 13365 MHz, 39
2026/09/24 20:04:07.931, 0, 0 %, 86228 MiB, 24.76 W, 180 MHz, 405 MHz, 40
2026/09/24 20:04:07.933, 1, 0 %, 57300 MiB, 83.65 W, 2617 MHz, 13365 MHz, 39
2026/09/24 20:04:08.184, 0, 0 %, 86228 MiB, 24.57 W, 172 MHz, 405 MHz, 40
2026/09/24 20:04:08.184, 1, 0 %, 57332 MiB, 83.49 W, 2610 MHz, 13365 MHz, 39
2026/09/24 20:04:08.434, 0, 0 %, 86228 MiB, 24.57 W, 172 MHz, 405 MHz, 40
2026/09/24 20:04:08.434, 1, 0 %, 60436 MiB, 83.49 W, 2610 MHz, 13365 MHz, 39
2026/09/24 20:04:08.684, 0, 0 %, 86228 MiB, 24.88 W, 180 MHz, 405 MHz, 40
2026/09/24 20:04:08.685, 1, 19 %, 60820 MiB, 88.64 W, 2617 MHz, 13365 MHz, 39
2026/09/24 20:04:08.935, 0, 0 %, 86228 MiB, 24.88 W, 180 MHz, 405 MHz, 40
2026/09/24 20:04:08.935, 1, 19 %, 60820 MiB, 88.64 W, 2617 MHz, 13365 MHz, 39
2026/09/24 20:04:09.185, 0, 0 %, 86228 MiB, 24.23 W, 180 MHz, 405 MHz, 40
2026/09/24 20:04:09.185, 1, 19 %, 60852 MiB, 87.19 W, 2617 MHz, 13365 MHz, 39
2026/09/24 20:04:09.435, 0, 0 %, 86228 MiB, 24.23 W, 180 MHz, 405 MHz, 40
2026/09/24 20:04:09.435, 1, 19 %, 60852 MiB, 87.19 W, 2617 MHz, 13365 MHz, 39
2026/09/24 20:04:09.685, 0, 0 %, 86228 MiB, 27.35 W, 180 MHz, 405 MHz, 40
2026/09/24 20:04:09.686, 1, 0 %, 60884 MiB, 88.39 W, 2610 MHz, 13365 MHz, 39
2026/09/24 20:04:09.936, 0, 0 %, 86228 MiB, 27.35 W, 180 MHz, 405 MHz, 40
2026/09/24 20:04:09.936, 1, 0 %, 60884 MiB, 88.39 W, 2610 MHz, 13365 MHz, 39
2026/09/24 20:04:10.186, 0, 0 %, 86228 MiB, 24.48 W, 180 MHz, 405 MHz, 40
2026/09/24 20:04:10.186, 1, 0 %, 60884 MiB, 83.91 W, 2610 MHz, 13365 MHz, 39
2026/09/24 20:04:10.436, 0, 0 %, 86228 MiB, 24.48 W, 180 MHz, 405 MHz, 40
2026/09/24 20:04:10.436, 1, 0 %, 60916 MiB, 83.91 W, 2610 MHz, 13365 MHz, 39
2026/09/24 20:04:10.686, 0, 0 %, 86228 MiB, 25.58 W, 180 MHz, 405 MHz, 40
2026/09/24 20:04:10.686, 1, 0 %, 60916 MiB, 83.71 W, 2617 MHz, 13365 MHz, 39
2026/09/24 20:04:10.937, 0, 0 %, 86228 MiB, 25.58 W, 180 MHz, 405 MHz, 40
2026/09/24 20:04:10.937, 1, 0 %, 60948 MiB, 83.71 W, 2617 MHz, 13365 MHz, 39
2026/09/24 20:04:11.187, 0, 0 %, 86228 MiB, 27.00 W, 180 MHz, 405 MHz, 40
2026/09/24 20:04:11.188, 1, 0 %, 60948 MiB, 83.74 W, 2617 MHz, 13365 MHz, 39
2026/09/24 20:04:11.438, 0, 0 %, 86228 MiB, 27.00 W, 180 MHz, 405 MHz, 40
2026/09/24 20:04:11.442, 1, 0 %, 64436 MiB, 83.74 W, 2617 MHz, 13365 MHz, 39
2026/09/24 20:04:11.692, 0, 0 %, 86228 MiB, 27.09 W, 180 MHz, 405 MHz, 40
2026/09/24 20:04:11.692, 1, 20 %, 64436 MiB, 89.20 W, 2617 MHz, 13365 MHz, 39
2026/09/24 20:04:11.942, 0, 0 %, 86228 MiB, 27.09 W, 180 MHz, 405 MHz, 40
2026/09/24 20:04:11.942, 1, 20 %, 64436 MiB, 89.20 W, 2617 MHz, 13365 MHz, 39
2026/09/24 20:04:12.192, 0, 0 %, 86228 MiB, 28.26 W, 180 MHz, 405 MHz, 40
2026/09/24 20:04:12.193, 1, 20 %, 64436 MiB, 84.88 W, 2617 MHz, 13365 MHz, 39
2026/09/24 20:04:12.443, 0, 0 %, 86228 MiB, 28.26 W, 180 MHz, 405 MHz, 40
2026/09/24 20:04:12.443, 1, 20 %, 64468 MiB, 84.88 W, 2617 MHz, 13365 MHz, 39
2026/09/24 20:04:12.693, 0, 0 %, 86228 MiB, 28.35 W, 180 MHz, 405 MHz, 40
2026/09/24 20:04:12.693, 1, 0 %, 64468 MiB, 84.55 W, 2617 MHz, 13365 MHz, 39
2026/09/24 20:04:12.944, 0, 0 %, 86228 MiB, 28.35 W, 180 MHz, 405 MHz, 40
2026/09/24 20:04:12.944, 1, 0 %, 64468 MiB, 84.55 W, 2617 MHz, 13365 MHz, 39
2026/09/24 20:04:13.194, 0, 0 %, 86228 MiB, 28.42 W, 180 MHz, 405 MHz, 40
2026/09/24 20:04:13.194, 1, 0 %, 64500 MiB, 84.19 W, 2610 MHz, 13365 MHz, 39
2026/09/24 20:04:13.444, 0, 0 %, 86228 MiB, 28.42 W, 180 MHz, 405 MHz, 40
2026/09/24 20:04:13.444, 1, 0 %, 64500 MiB, 84.19 W, 2610 MHz, 13365 MHz, 39
2026/09/24 20:04:13.694, 0, 0 %, 86228 MiB, 27.74 W, 180 MHz, 405 MHz, 40
2026/09/24 20:04:13.694, 1, 0 %, 64532 MiB, 83.93 W, 2610 MHz, 13365 MHz, 39
2026/09/24 20:04:13.945, 0, 0 %, 86228 MiB, 27.74 W, 180 MHz, 405 MHz, 40
2026/09/24 20:04:13.945, 1, 0 %, 64564 MiB, 83.93 W, 2610 MHz, 13365 MHz, 39
2026/09/24 20:04:14.196, 0, 0 %, 86228 MiB, 28.42 W, 180 MHz, 405 MHz, 40
2026/09/24 20:04:14.196, 1, 0 %, 68020 MiB, 86.23 W, 2617 MHz, 13365 MHz, 39
2026/09/24 20:04:14.446, 0, 0 %, 86228 MiB, 28.42 W, 180 MHz, 405 MHz, 40
2026/09/24 20:04:14.446, 1, 0 %, 68052 MiB, 86.23 W, 2617 MHz, 13365 MHz, 39
2026/09/24 20:04:14.696, 0, 0 %, 86228 MiB, 27.90 W, 180 MHz, 405 MHz, 40
2026/09/24 20:04:14.696, 1, 0 %, 68052 MiB, 88.30 W, 2610 MHz, 13365 MHz, 39
2026/09/24 20:04:14.946, 0, 0 %, 86228 MiB, 27.90 W, 180 MHz, 405 MHz, 40
2026/09/24 20:04:14.947, 1, 0 %, 68052 MiB, 88.30 W, 2610 MHz, 13365 MHz, 39
2026/09/24 20:04:15.197, 0, 0 %, 86228 MiB, 26.99 W, 180 MHz, 405 MHz, 40
2026/09/24 20:04:15.197, 1, 0 %, 68052 MiB, 86.31 W, 2610 MHz, 13365 MHz, 39
2026/09/24 20:04:15.447, 0, 0 %, 86228 MiB, 26.99 W, 180 MHz, 405 MHz, 40
2026/09/24 20:04:15.447, 1, 0 %, 68084 MiB, 86.31 W, 2610 MHz, 13365 MHz, 39
2026/09/24 20:04:15.697, 0, 0 %, 86228 MiB, 26.43 W, 180 MHz, 405 MHz, 39
2026/09/24 20:04:15.697, 1, 0 %, 68084 MiB, 84.21 W, 2617 MHz, 13365 MHz, 39
2026/09/24 20:04:15.947, 0, 0 %, 86228 MiB, 26.43 W, 180 MHz, 405 MHz, 39
2026/09/24 20:04:15.948, 1, 0 %, 68116 MiB, 84.21 W, 2617 MHz, 13365 MHz, 39
2026/09/24 20:04:16.198, 0, 0 %, 86228 MiB, 24.85 W, 180 MHz, 405 MHz, 39
2026/09/24 20:04:16.198, 1, 0 %, 68116 MiB, 83.72 W, 2610 MHz, 13365 MHz, 39
2026/09/24 20:04:16.448, 0, 0 %, 86228 MiB, 24.85 W, 180 MHz, 405 MHz, 39
2026/09/24 20:04:16.448, 1, 0 %, 68116 MiB, 83.72 W, 2610 MHz, 13365 MHz, 39
2026/09/24 20:04:16.698, 0, 0 %, 86228 MiB, 24.50 W, 180 MHz, 405 MHz, 39
2026/09/24 20:04:16.698, 1, 1 %, 68180 MiB, 83.78 W, 2610 MHz, 13365 MHz, 39
2026/09/24 20:04:16.948, 0, 0 %, 86228 MiB, 24.50 W, 180 MHz, 405 MHz, 39
2026/09/24 20:04:16.948, 1, 1 %, 68180 MiB, 83.78 W, 2610 MHz, 13365 MHz, 39
2026/09/24 20:04:17.199, 0, 0 %, 86228 MiB, 24.81 W, 180 MHz, 405 MHz, 39
2026/09/24 20:04:17.199, 1, 1 %, 71636 MiB, 90.06 W, 2617 MHz, 13365 MHz, 39
2026/09/24 20:04:17.449, 0, 0 %, 86228 MiB, 24.81 W, 180 MHz, 405 MHz, 39
2026/09/24 20:04:17.449, 1, 1 %, 71668 MiB, 90.06 W, 2617 MHz, 13365 MHz, 39
2026/09/24 20:04:17.699, 0, 0 %, 86228 MiB, 24.48 W, 180 MHz, 405 MHz, 39
2026/09/24 20:04:17.699, 1, 0 %, 71668 MiB, 87.20 W, 2617 MHz, 13365 MHz, 39
2026/09/24 20:04:17.949, 0, 0 %, 86228 MiB, 24.48 W, 180 MHz, 405 MHz, 39
2026/09/24 20:04:17.949, 1, 0 %, 71668 MiB, 87.20 W, 2617 MHz, 13365 MHz, 39
2026/09/24 20:04:18.200, 0, 0 %, 86228 MiB, 24.42 W, 180 MHz, 405 MHz, 39
2026/09/24 20:04:18.200, 1, 0 %, 71700 MiB, 85.74 W, 2610 MHz, 13365 MHz, 39
2026/09/24 20:04:18.450, 0, 0 %, 86228 MiB, 24.42 W, 180 MHz, 405 MHz, 39
2026/09/24 20:04:18.450, 1, 0 %, 71700 MiB, 85.74 W, 2610 MHz, 13365 MHz, 39
2026/09/24 20:04:18.700, 0, 0 %, 86228 MiB, 25.37 W, 180 MHz, 405 MHz, 39
2026/09/24 20:04:18.700, 1, 0 %, 71732 MiB, 85.42 W, 2610 MHz, 13365 MHz, 39
2026/09/24 20:04:18.950, 0, 0 %, 86228 MiB, 25.37 W, 180 MHz, 405 MHz, 39
2026/09/24 20:04:18.950, 1, 0 %, 71732 MiB, 85.42 W, 2610 MHz, 13365 MHz, 39
2026/09/24 20:04:19.201, 0, 0 %, 86228 MiB, 24.58 W, 180 MHz, 405 MHz, 39
2026/09/24 20:04:19.201, 1, 0 %, 71732 MiB, 83.63 W, 2610 MHz, 13365 MHz, 39
2026/09/24 20:04:19.451, 0, 0 %, 86228 MiB, 24.58 W, 180 MHz, 405 MHz, 39
2026/09/24 20:04:19.451, 1, 0 %, 71764 MiB, 83.63 W, 2610 MHz, 13365 MHz, 39
2026/09/24 20:04:19.701, 0, 0 %, 86228 MiB, 25.14 W, 180 MHz, 405 MHz, 39
2026/09/24 20:04:19.701, 1, 0 %, 75252 MiB, 84.64 W, 2617 MHz, 13365 MHz, 39
2026/09/24 20:04:19.951, 0, 0 %, 86228 MiB, 25.14 W, 180 MHz, 405 MHz, 39
2026/09/24 20:04:19.951, 1, 0 %, 75252 MiB, 84.64 W, 2617 MHz, 13365 MHz, 39
2026/09/24 20:04:20.202, 0, 0 %, 86228 MiB, 24.47 W, 180 MHz, 405 MHz, 39
2026/09/24 20:04:20.202, 1, 0 %, 75284 MiB, 87.49 W, 2617 MHz, 13365 MHz, 39
2026/09/24 20:04:20.452, 0, 0 %, 86228 MiB, 24.47 W, 180 MHz, 405 MHz, 39
2026/09/24 20:04:20.452, 1, 0 %, 75284 MiB, 87.49 W, 2617 MHz, 13365 MHz, 39
2026/09/24 20:04:20.702, 0, 0 %, 86228 MiB, 24.11 W, 180 MHz, 405 MHz, 39
2026/09/24 20:04:20.702, 1, 0 %, 75284 MiB, 86.18 W, 2617 MHz, 13365 MHz, 39
2026/09/24 20:04:20.952, 0, 0 %, 86228 MiB, 24.11 W, 180 MHz, 405 MHz, 39
2026/09/24 20:04:20.952, 1, 0 %, 75316 MiB, 86.18 W, 2617 MHz, 13365 MHz, 39
2026/09/24 20:04:21.203, 0, 0 %, 86228 MiB, 24.45 W, 180 MHz, 405 MHz, 39
2026/09/24 20:04:21.203, 1, 0 %, 75316 MiB, 84.34 W, 2617 MHz, 13365 MHz, 39
2026/09/24 20:04:21.453, 0, 0 %, 86228 MiB, 24.45 W, 180 MHz, 405 MHz, 39
2026/09/24 20:04:21.453, 1, 0 %, 75316 MiB, 84.34 W, 2617 MHz, 13365 MHz, 39
2026/09/24 20:04:21.703, 0, 0 %, 86228 MiB, 24.10 W, 180 MHz, 405 MHz, 39
2026/09/24 20:04:21.703, 1, 1 %, 75348 MiB, 83.90 W, 2610 MHz, 13365 MHz, 39
2026/09/24 20:04:21.953, 0, 0 %, 86228 MiB, 24.10 W, 180 MHz, 405 MHz, 39
2026/09/24 20:04:21.953, 1, 1 %, 75348 MiB, 83.90 W, 2610 MHz, 13365 MHz, 39
2026/09/24 20:04:22.203, 0, 0 %, 86228 MiB, 24.27 W, 180 MHz, 405 MHz, 39
2026/09/24 20:04:22.204, 1, 1 %, 75380 MiB, 84.79 W, 2610 MHz, 13365 MHz, 39
2026/09/24 20:04:22.454, 0, 0 %, 86228 MiB, 24.27 W, 180 MHz, 405 MHz, 39
2026/09/24 20:04:22.454, 1, 1 %, 75380 MiB, 84.79 W, 2610 MHz, 13365 MHz, 39
2026/09/24 20:04:22.704, 0, 0 %, 86228 MiB, 24.41 W, 180 MHz, 405 MHz, 39
2026/09/24 20:04:22.704, 1, 0 %, 78676 MiB, 83.72 W, 2617 MHz, 13365 MHz, 39
2026/09/24 20:04:22.954, 0, 0 %, 86228 MiB, 24.41 W, 180 MHz, 405 MHz, 39
2026/09/24 20:04:22.954, 1, 0 %, 78676 MiB, 83.72 W, 2617 MHz, 13365 MHz, 39
2026/09/24 20:04:23.204, 0, 0 %, 86228 MiB, 24.38 W, 180 MHz, 405 MHz, 39
2026/09/24 20:04:23.205, 1, 0 %, 78676 MiB, 86.05 W, 2610 MHz, 13365 MHz, 39
2026/09/24 20:04:23.455, 0, 0 %, 86228 MiB, 24.38 W, 180 MHz, 405 MHz, 39
2026/09/24 20:04:23.455, 1, 0 %, 78676 MiB, 86.05 W, 2610 MHz, 13365 MHz, 39
2026/09/24 20:04:23.705, 0, 0 %, 86228 MiB, 24.16 W, 180 MHz, 405 MHz, 39
2026/09/24 20:04:23.705, 1, 0 %, 78740 MiB, 84.35 W, 2610 MHz, 13365 MHz, 39
2026/09/24 20:04:23.955, 0, 0 %, 86228 MiB, 24.16 W, 180 MHz, 405 MHz, 39
2026/09/24 20:04:23.955, 1, 0 %, 78740 MiB, 84.35 W, 2610 MHz, 13365 MHz, 39
2026/09/24 20:04:24.205, 0, 0 %, 86228 MiB, 23.58 W, 180 MHz, 405 MHz, 39
2026/09/24 20:04:24.206, 1, 0 %, 78804 MiB, 83.93 W, 2610 MHz, 13365 MHz, 39
2026/09/24 20:04:24.456, 0, 0 %, 86228 MiB, 23.58 W, 180 MHz, 405 MHz, 39
2026/09/24 20:04:24.456, 1, 0 %, 78804 MiB, 83.93 W, 2610 MHz, 13365 MHz, 39
2026/09/24 20:04:24.706, 0, 0 %, 86228 MiB, 23.72 W, 180 MHz, 405 MHz, 39
2026/09/24 20:04:24.707, 1, 0 %, 78804 MiB, 83.83 W, 2610 MHz, 13365 MHz, 39
2026/09/24 20:04:24.957, 0, 0 %, 86228 MiB, 23.72 W, 180 MHz, 405 MHz, 39
2026/09/24 20:04:24.957, 1, 0 %, 78900 MiB, 83.83 W, 2610 MHz, 13365 MHz, 39
2026/09/24 20:04:25.208, 0, 0 %, 86228 MiB, 24.26 W, 180 MHz, 405 MHz, 39
2026/09/24 20:04:25.208, 1, 0 %, 78900 MiB, 84.34 W, 2610 MHz, 13365 MHz, 39
2026/09/24 20:04:25.458, 0, 0 %, 86228 MiB, 24.26 W, 180 MHz, 405 MHz, 39
2026/09/24 20:04:25.458, 1, 0 %, 82196 MiB, 84.34 W, 2610 MHz, 13365 MHz, 39
2026/09/24 20:04:25.708, 0, 0 %, 86228 MiB, 25.88 W, 180 MHz, 405 MHz, 39
2026/09/24 20:04:25.708, 1, 19 %, 82196 MiB, 86.81 W, 2617 MHz, 13365 MHz, 39
2026/09/24 20:04:25.958, 0, 0 %, 86228 MiB, 25.88 W, 180 MHz, 405 MHz, 39
2026/09/24 20:04:25.958, 1, 19 %, 82196 MiB, 86.81 W, 2617 MHz, 13365 MHz, 39
2026/09/24 20:04:26.209, 0, 0 %, 86228 MiB, 26.33 W, 180 MHz, 405 MHz, 39
2026/09/24 20:04:26.209, 1, 19 %, 82196 MiB, 84.28 W, 2610 MHz, 13365 MHz, 39
2026/09/24 20:04:26.459, 0, 0 %, 86228 MiB, 26.33 W, 180 MHz, 405 MHz, 39
2026/09/24 20:04:26.459, 1, 19 %, 82260 MiB, 84.28 W, 2610 MHz, 13365 MHz, 39
2026/09/24 20:04:26.709, 0, 0 %, 86228 MiB, 26.67 W, 180 MHz, 405 MHz, 39
2026/09/24 20:04:26.709, 1, 0 %, 82260 MiB, 83.58 W, 2617 MHz, 13365 MHz, 39
2026/09/24 20:04:26.959, 0, 0 %, 86228 MiB, 26.67 W, 180 MHz, 405 MHz, 39
2026/09/24 20:04:26.959, 1, 0 %, 82324 MiB, 83.58 W, 2617 MHz, 13365 MHz, 39
2026/09/24 20:04:27.209, 0, 0 %, 86228 MiB, 26.59 W, 180 MHz, 405 MHz, 39
2026/09/24 20:04:27.210, 1, 0 %, 82324 MiB, 83.53 W, 2610 MHz, 13365 MHz, 39
2026/09/24 20:04:27.460, 0, 0 %, 86228 MiB, 26.59 W, 180 MHz, 405 MHz, 39
2026/09/24 20:04:27.460, 1, 0 %, 82388 MiB, 83.53 W, 2610 MHz, 13365 MHz, 39
2026/09/24 20:04:27.710, 0, 0 %, 86228 MiB, 27.97 W, 180 MHz, 405 MHz, 39
2026/09/24 20:04:27.710, 1, 0 %, 82420 MiB, 87.81 W, 2610 MHz, 13365 MHz, 39
2026/09/24 20:04:27.960, 0, 0 %, 86228 MiB, 27.97 W, 180 MHz, 405 MHz, 39
2026/09/24 20:04:27.960, 1, 0 %, 85716 MiB, 87.81 W, 2610 MHz, 13365 MHz, 39
2026/09/24 20:04:28.210, 0, 0 %, 86228 MiB, 27.85 W, 180 MHz, 405 MHz, 39
2026/09/24 20:04:28.211, 1, 0 %, 85716 MiB, 86.77 W, 2617 MHz, 13365 MHz, 39
2026/09/24 20:04:28.461, 0, 0 %, 86228 MiB, 27.85 W, 180 MHz, 405 MHz, 39
2026/09/24 20:04:28.461, 1, 0 %, 85716 MiB, 86.77 W, 2617 MHz, 13365 MHz, 39
2026/09/24 20:04:28.711, 0, 0 %, 86228 MiB, 27.58 W, 180 MHz, 405 MHz, 38
2026/09/24 20:04:28.711, 1, 0 %, 85716 MiB, 85.80 W, 2617 MHz, 13365 MHz, 39
2026/09/24 20:04:28.961, 0, 0 %, 86228 MiB, 27.58 W, 180 MHz, 405 MHz, 38
2026/09/24 20:04:28.961, 1, 0 %, 85780 MiB, 85.80 W, 2617 MHz, 13365 MHz, 39
2026/09/24 20:04:29.212, 0, 0 %, 86228 MiB, 27.67 W, 180 MHz, 405 MHz, 38
2026/09/24 20:04:29.212, 1, 0 %, 85780 MiB, 84.26 W, 2610 MHz, 13365 MHz, 39
2026/09/24 20:04:29.462, 0, 0 %, 86228 MiB, 27.67 W, 180 MHz, 405 MHz, 38
2026/09/24 20:04:29.462, 1, 0 %, 85780 MiB, 84.26 W, 2610 MHz, 13365 MHz, 39
2026/09/24 20:04:29.712, 0, 0 %, 86228 MiB, 26.96 W, 180 MHz, 405 MHz, 38
2026/09/24 20:04:29.712, 1, 1 %, 85844 MiB, 83.42 W, 2610 MHz, 13365 MHz, 39
2026/09/24 20:04:29.962, 0, 0 %, 86228 MiB, 26.96 W, 180 MHz, 405 MHz, 38
2026/09/24 20:04:29.962, 1, 1 %, 85844 MiB, 83.42 W, 2610 MHz, 13365 MHz, 39
2026/09/24 20:04:30.212, 0, 0 %, 86228 MiB, 26.89 W, 180 MHz, 405 MHz, 38
2026/09/24 20:04:30.213, 1, 1 %, 85908 MiB, 83.10 W, 2610 MHz, 13365 MHz, 39
2026/09/24 20:04:30.463, 0, 0 %, 86228 MiB, 26.89 W, 180 MHz, 405 MHz, 38
2026/09/24 20:04:30.463, 1, 1 %, 85940 MiB, 83.10 W, 2610 MHz, 13365 MHz, 39
2026/09/24 20:04:30.713, 0, 0 %, 86228 MiB, 27.16 W, 180 MHz, 405 MHz, 38
2026/09/24 20:04:30.713, 1, 0 %, 85972 MiB, 83.43 W, 2617 MHz, 13365 MHz, 39
2026/09/24 20:04:30.963, 0, 0 %, 86228 MiB, 27.16 W, 180 MHz, 405 MHz, 38
2026/09/24 20:04:30.963, 1, 0 %, 85972 MiB, 83.43 W, 2617 MHz, 13365 MHz, 39
2026/09/24 20:04:31.213, 0, 0 %, 86228 MiB, 23.75 W, 180 MHz, 405 MHz, 38
2026/09/24 20:04:31.214, 1, 0 %, 85972 MiB, 83.60 W, 2610 MHz, 13365 MHz, 39
2026/09/24 20:04:31.464, 0, 0 %, 86228 MiB, 23.75 W, 180 MHz, 405 MHz, 38
2026/09/24 20:04:31.464, 1, 0 %, 86228 MiB, 83.60 W, 2610 MHz, 13365 MHz, 39
2026/09/24 20:04:31.714, 0, 0 %, 86228 MiB, 23.34 W, 180 MHz, 405 MHz, 38
2026/09/24 20:04:31.714, 1, 1 %, 86228 MiB, 83.49 W, 2610 MHz, 13365 MHz, 39
2026/09/24 20:04:31.964, 0, 0 %, 86228 MiB, 23.34 W, 180 MHz, 405 MHz, 38
2026/09/24 20:04:31.964, 1, 1 %, 86228 MiB, 83.49 W, 2610 MHz, 13365 MHz, 39
2026/09/24 20:04:32.214, 0, 0 %, 86228 MiB, 24.59 W, 180 MHz, 405 MHz, 38
2026/09/24 20:04:32.215, 1, 1 %, 86228 MiB, 83.58 W, 2610 MHz, 13365 MHz, 39
2026/09/24 20:04:32.465, 0, 0 %, 90196 MiB, 24.59 W, 180 MHz, 405 MHz, 38
2026/09/24 20:04:32.465, 1, 1 %, 90260 MiB, 83.58 W, 2610 MHz, 13365 MHz, 39
2026/09/24 20:04:32.715, 0, 0 %, 90302 MiB, 62.81 W, 885 MHz, 13365 MHz, 39
2026/09/24 20:04:32.715, 1, 0 %, 90366 MiB, 86.69 W, 2632 MHz, 13365 MHz, 39
2026/09/24 20:04:32.965, 0, 0 %, 90304 MiB, 62.81 W, 885 MHz, 13365 MHz, 39
2026/09/24 20:04:32.965, 1, 0 %, 90368 MiB, 86.69 W, 2632 MHz, 13365 MHz, 39
2026/09/24 20:04:33.215, 0, 0 %, 90304 MiB, 246.01 W, 2700 MHz, 13365 MHz, 42
2026/09/24 20:04:33.216, 1, 0 %, 90368 MiB, 240.24 W, 2647 MHz, 13365 MHz, 44
2026/09/24 20:04:33.466, 0, 0 %, 90304 MiB, 246.01 W, 2700 MHz, 13365 MHz, 42
2026/09/24 20:04:33.466, 1, 0 %, 90368 MiB, 240.24 W, 2647 MHz, 13365 MHz, 44
2026/09/24 20:04:33.716, 0, 19 %, 90304 MiB, 261.03 W, 2812 MHz, 13365 MHz, 43
2026/09/24 20:04:33.716, 1, 69 %, 90368 MiB, 236.97 W, 2850 MHz, 13365 MHz, 45
2026/09/24 20:04:33.966, 0, 19 %, 90304 MiB, 261.03 W, 2812 MHz, 13365 MHz, 43
2026/09/24 20:04:33.966, 1, 69 %, 90368 MiB, 236.97 W, 2850 MHz, 13365 MHz, 45
2026/09/24 20:04:34.216, 0, 19 %, 90304 MiB, 250.33 W, 2827 MHz, 13365 MHz, 43
2026/09/24 20:04:34.217, 1, 69 %, 90368 MiB, 276.55 W, 2827 MHz, 13365 MHz, 45
2026/09/24 20:04:34.467, 0, 19 %, 90304 MiB, 250.33 W, 2827 MHz, 13365 MHz, 43
2026/09/24 20:04:34.467, 1, 69 %, 90368 MiB, 276.55 W, 2827 MHz, 13365 MHz, 45
2026/09/24 20:04:34.717, 0, 41 %, 90304 MiB, 247.82 W, 2827 MHz, 13365 MHz, 45
2026/09/24 20:04:34.717, 1, 49 %, 90368 MiB, 271.92 W, 2827 MHz, 13365 MHz, 43
2026/09/24 20:04:34.967, 0, 41 %, 90304 MiB, 247.82 W, 2827 MHz, 13365 MHz, 45
2026/09/24 20:04:34.967, 1, 49 %, 90368 MiB, 271.92 W, 2827 MHz, 13365 MHz, 43
2026/09/24 20:04:35.217, 0, 41 %, 90304 MiB, 234.30 W, 2820 MHz, 13365 MHz, 46
2026/09/24 20:04:35.217, 1, 49 %, 90368 MiB, 269.61 W, 2827 MHz, 13365 MHz, 44
2026/09/24 20:04:35.468, 0, 41 %, 90304 MiB, 234.30 W, 2820 MHz, 13365 MHz, 46
2026/09/24 20:04:35.468, 1, 49 %, 90368 MiB, 269.61 W, 2827 MHz, 13365 MHz, 44
2026/09/24 20:04:35.718, 0, 39 %, 90304 MiB, 251.16 W, 2820 MHz, 13365 MHz, 46
2026/09/24 20:04:35.718, 1, 50 %, 90368 MiB, 275.81 W, 2827 MHz, 13365 MHz, 45
2026/09/24 20:04:35.968, 0, 39 %, 90304 MiB, 251.16 W, 2820 MHz, 13365 MHz, 46
2026/09/24 20:04:35.968, 1, 50 %, 90368 MiB, 275.81 W, 2827 MHz, 13365 MHz, 45
2026/09/24 20:04:36.218, 0, 39 %, 90304 MiB, 253.49 W, 2820 MHz, 13365 MHz, 46
2026/09/24 20:04:36.218, 1, 50 %, 90368 MiB, 275.58 W, 2827 MHz, 13365 MHz, 46
2026/09/24 20:04:36.469, 0, 39 %, 90304 MiB, 253.49 W, 2820 MHz, 13365 MHz, 46
2026/09/24 20:04:36.469, 1, 50 %, 90368 MiB, 275.58 W, 2827 MHz, 13365 MHz, 46
2026/09/24 20:04:36.719, 0, 39 %, 90304 MiB, 254.23 W, 2820 MHz, 13365 MHz, 45
2026/09/24 20:04:36.719, 1, 51 %, 90368 MiB, 275.57 W, 2827 MHz, 13365 MHz, 46
2026/09/24 20:04:36.969, 0, 39 %, 90304 MiB, 254.23 W, 2820 MHz, 13365 MHz, 45
2026/09/24 20:04:36.969, 1, 51 %, 90368 MiB, 275.57 W, 2827 MHz, 13365 MHz, 46
2026/09/24 20:04:37.219, 0, 39 %, 90304 MiB, 245.28 W, 2827 MHz, 13365 MHz, 45
2026/09/24 20:04:37.219, 1, 51 %, 90368 MiB, 280.14 W, 2827 MHz, 13365 MHz, 46
2026/09/24 20:04:37.469, 0, 39 %, 90304 MiB, 245.28 W, 2827 MHz, 13365 MHz, 45
2026/09/24 20:04:37.470, 1, 51 %, 90368 MiB, 280.14 W, 2827 MHz, 13365 MHz, 46
2026/09/24 20:04:37.720, 0, 38 %, 90304 MiB, 254.50 W, 2835 MHz, 13365 MHz, 44
2026/09/24 20:04:37.720, 1, 51 %, 90368 MiB, 274.23 W, 2842 MHz, 13365 MHz, 46
2026/09/24 20:04:37.970, 0, 38 %, 90304 MiB, 254.50 W, 2835 MHz, 13365 MHz, 44
2026/09/24 20:04:37.971, 1, 51 %, 90368 MiB, 274.23 W, 2842 MHz, 13365 MHz, 46
2026/09/24 20:04:38.221, 0, 38 %, 90304 MiB, 245.00 W, 2820 MHz, 13365 MHz, 45
2026/09/24 20:04:38.221, 1, 51 %, 90368 MiB, 269.56 W, 2827 MHz, 13365 MHz, 44
2026/09/24 20:04:38.471, 0, 38 %, 90304 MiB, 245.00 W, 2820 MHz, 13365 MHz, 45
2026/09/24 20:04:38.471, 1, 51 %, 90368 MiB, 269.56 W, 2827 MHz, 13365 MHz, 44
2026/09/24 20:04:38.721, 0, 41 %, 90304 MiB, 248.38 W, 2820 MHz, 13365 MHz, 47
2026/09/24 20:04:38.721, 1, 49 %, 90368 MiB, 270.35 W, 2827 MHz, 13365 MHz, 44
2026/09/24 20:04:38.972, 0, 41 %, 90304 MiB, 248.38 W, 2820 MHz, 13365 MHz, 47
2026/09/24 20:04:38.972, 1, 49 %, 90368 MiB, 270.35 W, 2827 MHz, 13365 MHz, 44
2026/09/24 20:04:39.222, 0, 41 %, 90304 MiB, 110.42 W, 2812 MHz, 13365 MHz, 47
2026/09/24 20:04:39.223, 1, 49 %, 90368 MiB, 270.48 W, 2827 MHz, 13365 MHz, 44
2026/09/24 20:04:39.473, 0, 41 %, 90304 MiB, 110.42 W, 2812 MHz, 13365 MHz, 47
2026/09/24 20:04:39.473, 1, 49 %, 90368 MiB, 270.48 W, 2827 MHz, 13365 MHz, 44
2026/09/24 20:04:39.723, 0, 41 %, 90304 MiB, 253.44 W, 2820 MHz, 13365 MHz, 48
2026/09/24 20:04:39.723, 1, 50 %, 90368 MiB, 266.29 W, 2827 MHz, 13365 MHz, 46
2026/09/24 20:04:39.973, 0, 41 %, 90304 MiB, 253.44 W, 2820 MHz, 13365 MHz, 48
2026/09/24 20:04:39.973, 1, 50 %, 90368 MiB, 266.29 W, 2827 MHz, 13365 MHz, 46
2026/09/24 20:04:40.223, 0, 41 %, 90304 MiB, 257.49 W, 2820 MHz, 13365 MHz, 46
2026/09/24 20:04:40.224, 1, 50 %, 90368 MiB, 273.67 W, 2827 MHz, 13365 MHz, 47
2026/09/24 20:04:40.474, 0, 41 %, 90304 MiB, 257.49 W, 2820 MHz, 13365 MHz, 46
2026/09/24 20:04:40.474, 1, 50 %, 90368 MiB, 273.67 W, 2827 MHz, 13365 MHz, 47
2026/09/24 20:04:40.724, 0, 39 %, 90304 MiB, 440.56 W, 2812 MHz, 13365 MHz, 46
2026/09/24 20:04:40.724, 1, 51 %, 90368 MiB, 273.58 W, 2827 MHz, 13365 MHz, 47
2026/09/24 20:04:40.975, 0, 39 %, 90304 MiB, 440.56 W, 2812 MHz, 13365 MHz, 46
2026/09/24 20:04:40.975, 1, 51 %, 90368 MiB, 273.58 W, 2827 MHz, 13365 MHz, 47
2026/09/24 20:04:41.225, 0, 39 %, 90304 MiB, 251.01 W, 2820 MHz, 13365 MHz, 45
2026/09/24 20:04:41.225, 1, 51 %, 90368 MiB, 255.34 W, 2827 MHz, 13365 MHz, 48
2026/09/24 20:04:41.475, 0, 39 %, 90304 MiB, 251.01 W, 2820 MHz, 13365 MHz, 45
2026/09/24 20:04:41.475, 1, 51 %, 90368 MiB, 255.34 W, 2827 MHz, 13365 MHz, 48
2026/09/24 20:04:41.726, 0, 40 %, 90304 MiB, 251.01 W, 2812 MHz, 13365 MHz, 47
2026/09/24 20:04:41.726, 1, 51 %, 90368 MiB, 269.63 W, 2820 MHz, 13365 MHz, 45
2026/09/24 20:04:41.976, 0, 40 %, 90304 MiB, 251.01 W, 2812 MHz, 13365 MHz, 47
2026/09/24 20:04:41.978, 1, 51 %, 90368 MiB, 269.63 W, 2820 MHz, 13365 MHz, 45
2026/09/24 20:04:42.228, 0, 40 %, 90304 MiB, 257.98 W, 2820 MHz, 13365 MHz, 48
2026/09/24 20:04:42.228, 1, 51 %, 90368 MiB, 281.37 W, 2827 MHz, 13365 MHz, 47
2026/09/24 20:04:42.479, 0, 40 %, 90304 MiB, 257.98 W, 2820 MHz, 13365 MHz, 48
2026/09/24 20:04:42.479, 1, 51 %, 90368 MiB, 281.37 W, 2827 MHz, 13365 MHz, 47
2026/09/24 20:04:42.729, 0, 40 %, 90304 MiB, 256.17 W, 2820 MHz, 13365 MHz, 47
2026/09/24 20:04:42.729, 1, 51 %, 90368 MiB, 275.40 W, 2827 MHz, 13365 MHz, 47
2026/09/24 20:04:42.979, 0, 40 %, 90304 MiB, 256.17 W, 2820 MHz, 13365 MHz, 47
2026/09/24 20:04:42.979, 1, 51 %, 90368 MiB, 275.40 W, 2827 MHz, 13365 MHz, 47
2026/09/24 20:04:43.229, 0, 40 %, 90304 MiB, 255.92 W, 2820 MHz, 13365 MHz, 47
2026/09/24 20:04:43.229, 1, 51 %, 90368 MiB, 275.39 W, 2827 MHz, 13365 MHz, 48
2026/09/24 20:04:43.479, 0, 40 %, 90304 MiB, 255.92 W, 2820 MHz, 13365 MHz, 47
2026/09/24 20:04:43.480, 1, 51 %, 90368 MiB, 275.39 W, 2827 MHz, 13365 MHz, 48
2026/09/24 20:04:43.730, 0, 40 %, 90304 MiB, 253.53 W, 2820 MHz, 13365 MHz, 46
2026/09/24 20:04:43.730, 1, 50 %, 90368 MiB, 278.34 W, 2827 MHz, 13365 MHz, 47
2026/09/24 20:04:43.980, 0, 40 %, 90304 MiB, 253.53 W, 2820 MHz, 13365 MHz, 46
2026/09/24 20:04:43.980, 1, 50 %, 90368 MiB, 278.34 W, 2827 MHz, 13365 MHz, 47
2026/09/24 20:04:44.230, 0, 40 %, 90304 MiB, 251.89 W, 2820 MHz, 13365 MHz, 46
2026/09/24 20:04:44.230, 1, 50 %, 90368 MiB, 276.95 W, 2827 MHz, 13365 MHz, 48
2026/09/24 20:04:44.480, 0, 40 %, 90304 MiB, 251.89 W, 2820 MHz, 13365 MHz, 46
2026/09/24 20:04:44.481, 1, 50 %, 90368 MiB, 276.95 W, 2827 MHz, 13365 MHz, 48
2026/09/24 20:04:44.731, 0, 38 %, 90304 MiB, 251.03 W, 2820 MHz, 13365 MHz, 46
2026/09/24 20:04:44.731, 1, 49 %, 90368 MiB, 275.16 W, 2827 MHz, 13365 MHz, 47
2026/09/24 20:04:44.981, 0, 38 %, 90304 MiB, 251.03 W, 2820 MHz, 13365 MHz, 46
2026/09/24 20:04:44.981, 1, 49 %, 90368 MiB, 275.16 W, 2827 MHz, 13365 MHz, 47
2026/09/24 20:04:45.231, 0, 38 %, 90304 MiB, 251.66 W, 2820 MHz, 13365 MHz, 45
2026/09/24 20:04:45.231, 1, 49 %, 90368 MiB, 263.01 W, 2835 MHz, 13365 MHz, 46
2026/09/24 20:04:45.481, 0, 38 %, 90304 MiB, 251.66 W, 2820 MHz, 13365 MHz, 45
2026/09/24 20:04:45.481, 1, 49 %, 90368 MiB, 263.01 W, 2835 MHz, 13365 MHz, 46
2026/09/24 20:04:45.732, 0, 41 %, 90304 MiB, 250.92 W, 2820 MHz, 13365 MHz, 48
2026/09/24 20:04:45.732, 1, 52 %, 90368 MiB, 269.93 W, 2820 MHz, 13365 MHz, 46
2026/09/24 20:04:45.982, 0, 41 %, 90304 MiB, 250.92 W, 2820 MHz, 13365 MHz, 48
2026/09/24 20:04:45.982, 1, 52 %, 90368 MiB, 269.93 W, 2820 MHz, 13365 MHz, 46
2026/09/24 20:04:46.232, 0, 41 %, 90304 MiB, 249.82 W, 2820 MHz, 13365 MHz, 49
2026/09/24 20:04:46.232, 1, 52 %, 90368 MiB, 273.54 W, 2827 MHz, 13365 MHz, 48
2026/09/24 20:04:46.482, 0, 41 %, 90304 MiB, 249.82 W, 2820 MHz, 13365 MHz, 49
2026/09/24 20:04:46.482, 1, 52 %, 90368 MiB, 273.54 W, 2827 MHz, 13365 MHz, 48
2026/09/24 20:04:46.733, 0, 41 %, 90304 MiB, 255.10 W, 2820 MHz, 13365 MHz, 49
2026/09/24 20:04:46.733, 1, 50 %, 90368 MiB, 274.13 W, 2827 MHz, 13365 MHz, 48
2026/09/24 20:04:46.983, 0, 41 %, 90304 MiB, 255.10 W, 2820 MHz, 13365 MHz, 49
2026/09/24 20:04:46.983, 1, 50 %, 90368 MiB, 274.13 W, 2827 MHz, 13365 MHz, 48
2026/09/24 20:04:47.233, 0, 41 %, 90304 MiB, 254.15 W, 2820 MHz, 13365 MHz, 47
2026/09/24 20:04:47.233, 1, 50 %, 90368 MiB, 275.44 W, 2827 MHz, 13365 MHz, 49
2026/09/24 20:04:47.483, 0, 41 %, 90304 MiB, 254.15 W, 2820 MHz, 13365 MHz, 47
2026/09/24 20:04:47.483, 1, 50 %, 90368 MiB, 275.44 W, 2827 MHz, 13365 MHz, 49
2026/09/24 20:04:47.733, 0, 39 %, 90304 MiB, 255.03 W, 2820 MHz, 13365 MHz, 47
2026/09/24 20:04:47.734, 1, 51 %, 90368 MiB, 307.82 W, 2827 MHz, 13365 MHz, 49
2026/09/24 20:04:47.984, 0, 39 %, 90304 MiB, 255.03 W, 2820 MHz, 13365 MHz, 47
2026/09/24 20:04:47.984, 1, 51 %, 90368 MiB, 307.82 W, 2827 MHz, 13365 MHz, 49
2026/09/24 20:04:48.234, 0, 39 %, 90304 MiB, 253.26 W, 2820 MHz, 13365 MHz, 47
2026/09/24 20:04:48.234, 1, 51 %, 90368 MiB, 275.82 W, 2827 MHz, 13365 MHz, 48
2026/09/24 20:04:48.484, 0, 39 %, 90304 MiB, 253.26 W, 2820 MHz, 13365 MHz, 47
2026/09/24 20:04:48.484, 1, 51 %, 90368 MiB, 275.82 W, 2827 MHz, 13365 MHz, 48
2026/09/24 20:04:48.734, 0, 42 %, 90304 MiB, 254.25 W, 2820 MHz, 13365 MHz, 47
2026/09/24 20:04:48.735, 1, 49 %, 90368 MiB, 274.18 W, 2827 MHz, 13365 MHz, 49
2026/09/24 20:04:48.985, 0, 42 %, 90304 MiB, 254.25 W, 2820 MHz, 13365 MHz, 47
2026/09/24 20:04:48.985, 1, 49 %, 90368 MiB, 274.18 W, 2827 MHz, 13365 MHz, 49
2026/09/24 20:04:49.235, 0, 42 %, 90304 MiB, 253.64 W, 2827 MHz, 13365 MHz, 47
2026/09/24 20:04:49.235, 1, 49 %, 90368 MiB, 268.70 W, 2827 MHz, 13365 MHz, 50
2026/09/24 20:04:49.485, 0, 42 %, 90304 MiB, 253.64 W, 2827 MHz, 13365 MHz, 47
2026/09/24 20:04:49.485, 1, 49 %, 90368 MiB, 268.70 W, 2827 MHz, 13365 MHz, 50
2026/09/24 20:04:49.735, 0, 42 %, 90304 MiB, 251.62 W, 2820 MHz, 13365 MHz, 49
2026/09/24 20:04:49.735, 1, 50 %, 90368 MiB, 271.44 W, 2820 MHz, 13365 MHz, 47
2026/09/24 20:04:49.986, 0, 42 %, 90304 MiB, 251.62 W, 2820 MHz, 13365 MHz, 49
2026/09/24 20:04:49.986, 1, 50 %, 90368 MiB, 271.44 W, 2820 MHz, 13365 MHz, 47
2026/09/24 20:04:50.236, 0, 42 %, 90304 MiB, 246.54 W, 2820 MHz, 13365 MHz, 50
2026/09/24 20:04:50.236, 1, 50 %, 90368 MiB, 279.17 W, 2827 MHz, 13365 MHz, 49
2026/09/24 20:04:50.486, 0, 42 %, 90304 MiB, 246.54 W, 2820 MHz, 13365 MHz, 50
2026/09/24 20:04:50.486, 1, 50 %, 90368 MiB, 279.17 W, 2827 MHz, 13365 MHz, 49
2026/09/24 20:04:50.737, 0, 39 %, 90304 MiB, 256.26 W, 2827 MHz, 13365 MHz, 49
2026/09/24 20:04:50.737, 1, 51 %, 90368 MiB, 281.68 W, 2827 MHz, 13365 MHz, 49
2026/09/24 20:04:50.987, 0, 39 %, 90304 MiB, 256.26 W, 2827 MHz, 13365 MHz, 49
2026/09/24 20:04:50.988, 1, 51 %, 90368 MiB, 281.68 W, 2827 MHz, 13365 MHz, 49
2026/09/24 20:04:51.238, 0, 39 %, 90304 MiB, 256.04 W, 2827 MHz, 13365 MHz, 47
2026/09/24 20:04:51.238, 1, 51 %, 90368 MiB, 277.30 W, 2827 MHz, 13365 MHz, 49
2026/09/24 20:04:51.488, 0, 39 %, 90304 MiB, 256.04 W, 2827 MHz, 13365 MHz, 47
2026/09/24 20:04:51.488, 1, 51 %, 90368 MiB, 277.30 W, 2827 MHz, 13365 MHz, 49
2026/09/24 20:04:51.738, 0, 39 %, 90304 MiB, 253.91 W, 2820 MHz, 13365 MHz, 49
2026/09/24 20:04:51.738, 1, 49 %, 90368 MiB, 273.99 W, 2827 MHz, 13365 MHz, 47
2026/09/24 20:04:51.988, 0, 39 %, 90304 MiB, 253.91 W, 2820 MHz, 13365 MHz, 49
2026/09/24 20:04:51.989, 1, 49 %, 90368 MiB, 273.99 W, 2827 MHz, 13365 MHz, 47
2026/09/24 20:04:52.239, 0, 39 %, 90304 MiB, 252.44 W, 2820 MHz, 13365 MHz, 49
2026/09/24 20:04:52.239, 1, 49 %, 90368 MiB, 275.50 W, 2827 MHz, 13365 MHz, 47
2026/09/24 20:04:52.489, 0, 39 %, 90304 MiB, 252.44 W, 2820 MHz, 13365 MHz, 49
2026/09/24 20:04:52.489, 1, 49 %, 90368 MiB, 275.50 W, 2827 MHz, 13365 MHz, 47
2026/09/24 20:04:52.739, 0, 41 %, 90304 MiB, 253.64 W, 2820 MHz, 13365 MHz, 50
2026/09/24 20:04:52.739, 1, 50 %, 90368 MiB, 272.80 W, 2827 MHz, 13365 MHz, 49
2026/09/24 20:04:52.989, 0, 41 %, 90304 MiB, 253.64 W, 2820 MHz, 13365 MHz, 50
2026/09/24 20:04:52.989, 1, 50 %, 90368 MiB, 272.80 W, 2827 MHz, 13365 MHz, 49
2026/09/24 20:04:53.240, 0, 41 %, 90304 MiB, 247.27 W, 2820 MHz, 13365 MHz, 50
2026/09/24 20:04:53.240, 1, 50 %, 90368 MiB, 284.03 W, 2827 MHz, 13365 MHz, 49
2026/09/24 20:04:53.490, 0, 41 %, 90304 MiB, 247.27 W, 2820 MHz, 13365 MHz, 50
2026/09/24 20:04:53.490, 1, 50 %, 90368 MiB, 284.03 W, 2827 MHz, 13365 MHz, 49
2026/09/24 20:04:53.740, 0, 41 %, 90304 MiB, 257.18 W, 2835 MHz, 13365 MHz, 50
2026/09/24 20:04:53.740, 1, 50 %, 90368 MiB, 273.89 W, 2842 MHz, 13365 MHz, 47
2026/09/24 20:04:53.990, 0, 41 %, 90304 MiB, 257.18 W, 2835 MHz, 13365 MHz, 50
2026/09/24 20:04:53.990, 1, 50 %, 90368 MiB, 273.89 W, 2842 MHz, 13365 MHz, 47
2026/09/24 20:04:54.241, 0, 41 %, 90304 MiB, 258.32 W, 2820 MHz, 13365 MHz, 50
2026/09/24 20:04:54.241, 1, 50 %, 90368 MiB, 278.52 W, 2827 MHz, 13365 MHz, 49
2026/09/24 20:04:54.491, 0, 41 %, 90304 MiB, 258.32 W, 2820 MHz, 13365 MHz, 50
2026/09/24 20:04:54.491, 1, 50 %, 90368 MiB, 278.52 W, 2827 MHz, 13365 MHz, 49
2026/09/24 20:04:54.741, 0, 40 %, 90304 MiB, 256.90 W, 2820 MHz, 13365 MHz, 49
2026/09/24 20:04:54.741, 1, 51 %, 90368 MiB, 281.04 W, 2827 MHz, 13365 MHz, 50
2026/09/24 20:04:54.991, 0, 40 %, 90304 MiB, 256.90 W, 2820 MHz, 13365 MHz, 49
2026/09/24 20:04:54.991, 1, 51 %, 90368 MiB, 281.04 W, 2827 MHz, 13365 MHz, 50
2026/09/24 20:04:55.242, 0, 40 %, 90304 MiB, 255.06 W, 2820 MHz, 13365 MHz, 48
2026/09/24 20:04:55.242, 1, 51 %, 90368 MiB, 280.78 W, 2827 MHz, 13365 MHz, 50
2026/09/24 20:04:55.492, 0, 40 %, 90304 MiB, 255.06 W, 2820 MHz, 13365 MHz, 48
2026/09/24 20:04:55.492, 1, 51 %, 90368 MiB, 280.78 W, 2827 MHz, 13365 MHz, 50
2026/09/24 20:04:55.742, 0, 40 %, 90304 MiB, 253.41 W, 2827 MHz, 13365 MHz, 48
2026/09/24 20:04:55.742, 1, 51 %, 90368 MiB, 253.99 W, 2827 MHz, 13365 MHz, 50
2026/09/24 20:04:55.992, 0, 40 %, 90304 MiB, 253.41 W, 2827 MHz, 13365 MHz, 48
2026/09/24 20:04:55.992, 1, 51 %, 90368 MiB, 253.99 W, 2827 MHz, 13365 MHz, 50
2026/09/24 20:04:56.242, 0, 40 %, 90304 MiB, 255.31 W, 2827 MHz, 13365 MHz, 48
2026/09/24 20:04:56.243, 1, 51 %, 90368 MiB, 278.31 W, 2827 MHz, 13365 MHz, 50
2026/09/24 20:04:56.493, 0, 40 %, 90304 MiB, 255.31 W, 2827 MHz, 13365 MHz, 48
2026/09/24 20:04:56.493, 1, 51 %, 90368 MiB, 278.31 W, 2827 MHz, 13365 MHz, 50
2026/09/24 20:04:56.743, 0, 37 %, 90304 MiB, 266.08 W, 2812 MHz, 13365 MHz, 49
2026/09/24 20:04:56.743, 1, 45 %, 90368 MiB, 276.17 W, 2827 MHz, 13365 MHz, 48
2026/09/24 20:04:56.993, 0, 37 %, 90304 MiB, 266.08 W, 2812 MHz, 13365 MHz, 49
2026/09/24 20:04:56.994, 1, 45 %, 90368 MiB, 276.17 W, 2827 MHz, 13365 MHz, 48
2026/09/24 20:04:57.244, 0, 37 %, 90304 MiB, 256.67 W, 2827 MHz, 13365 MHz, 51
2026/09/24 20:04:57.244, 1, 45 %, 90368 MiB, 272.52 W, 2827 MHz, 13365 MHz, 50
2026/09/24 20:04:57.494, 0, 37 %, 90304 MiB, 256.67 W, 2827 MHz, 13365 MHz, 51
2026/09/24 20:04:57.494, 1, 45 %, 90368 MiB, 272.52 W, 2827 MHz, 13365 MHz, 50
2026/09/24 20:04:57.744, 0, 40 %, 90304 MiB, 259.52 W, 2820 MHz, 13365 MHz, 49
2026/09/24 20:04:57.744, 1, 50 %, 90368 MiB, 280.51 W, 2827 MHz, 13365 MHz, 50
2026/09/24 20:04:57.994, 0, 40 %, 90304 MiB, 259.52 W, 2820 MHz, 13365 MHz, 49
2026/09/24 20:04:57.994, 1, 50 %, 90368 MiB, 280.51 W, 2827 MHz, 13365 MHz, 50
2026/09/24 20:04:58.245, 0, 40 %, 90304 MiB, 252.37 W, 2812 MHz, 13365 MHz, 48
2026/09/24 20:04:58.245, 1, 50 %, 90368 MiB, 277.45 W, 2827 MHz, 13365 MHz, 49
2026/09/24 20:04:58.495, 0, 40 %, 90304 MiB, 252.37 W, 2812 MHz, 13365 MHz, 48
2026/09/24 20:04:58.495, 1, 50 %, 90368 MiB, 277.45 W, 2827 MHz, 13365 MHz, 49
2026/09/24 20:04:58.745, 0, 39 %, 90304 MiB, 250.80 W, 2812 MHz, 13365 MHz, 48
2026/09/24 20:04:58.745, 1, 50 %, 90368 MiB, 276.01 W, 2820 MHz, 13365 MHz, 49
2026/09/24 20:04:58.995, 0, 39 %, 90304 MiB, 250.80 W, 2812 MHz, 13365 MHz, 48
2026/09/24 20:04:58.995, 1, 50 %, 90368 MiB, 276.01 W, 2820 MHz, 13365 MHz, 49
2026/09/24 20:04:59.246, 0, 39 %, 90304 MiB, 255.57 W, 2812 MHz, 13365 MHz, 50
2026/09/24 20:04:59.246, 1, 50 %, 90368 MiB, 282.45 W, 2827 MHz, 13365 MHz, 48
2026/09/24 20:04:59.496, 0, 39 %, 90304 MiB, 255.57 W, 2812 MHz, 13365 MHz, 50
2026/09/24 20:04:59.496, 1, 50 %, 90368 MiB, 282.45 W, 2827 MHz, 13365 MHz, 48
2026/09/24 20:04:59.746, 0, 41 %, 90304 MiB, 250.54 W, 2790 MHz, 13365 MHz, 51
2026/09/24 20:04:59.746, 1, 51 %, 90368 MiB, 276.76 W, 2827 MHz, 13365 MHz, 48
2026/09/24 20:04:59.996, 0, 41 %, 90304 MiB, 250.54 W, 2790 MHz, 13365 MHz, 51
2026/09/24 20:04:59.996, 1, 51 %, 90368 MiB, 276.76 W, 2827 MHz, 13365 MHz, 48
2026/09/24 20:05:00.247, 0, 41 %, 90304 MiB, 255.56 W, 2797 MHz, 13365 MHz, 49
2026/09/24 20:05:00.250, 1, 51 %, 90368 MiB, 275.02 W, 2827 MHz, 13365 MHz, 51
2026/09/24 20:05:00.500, 0, 41 %, 90304 MiB, 255.56 W, 2797 MHz, 13365 MHz, 49
2026/09/24 20:05:00.500, 1, 51 %, 90368 MiB, 275.02 W, 2827 MHz, 13365 MHz, 51
2026/09/24 20:05:00.750, 0, 41 %, 90304 MiB, 257.25 W, 2820 MHz, 13365 MHz, 50
2026/09/24 20:05:00.751, 1, 50 %, 90368 MiB, 279.25 W, 2827 MHz, 13365 MHz, 51
2026/09/24 20:05:01.001, 0, 41 %, 90304 MiB, 257.25 W, 2820 MHz, 13365 MHz, 50
2026/09/24 20:05:01.001, 1, 50 %, 90368 MiB, 279.25 W, 2827 MHz, 13365 MHz, 51
2026/09/24 20:05:01.251, 0, 41 %, 90304 MiB, 258.59 W, 2820 MHz, 13365 MHz, 49
2026/09/24 20:05:01.251, 1, 50 %, 90368 MiB, 281.36 W, 2827 MHz, 13365 MHz, 51
2026/09/24 20:05:01.501, 0, 41 %, 90304 MiB, 258.59 W, 2820 MHz, 13365 MHz, 49
2026/09/24 20:05:01.501, 1, 50 %, 90368 MiB, 281.36 W, 2827 MHz, 13365 MHz, 51
2026/09/24 20:05:01.751, 0, 41 %, 90304 MiB, 256.76 W, 2820 MHz, 13365 MHz, 50
2026/09/24 20:05:01.752, 1, 49 %, 90368 MiB, 278.70 W, 2827 MHz, 13365 MHz, 51
2026/09/24 20:05:02.002, 0, 41 %, 90304 MiB, 256.76 W, 2820 MHz, 13365 MHz, 50
2026/09/24 20:05:02.002, 1, 49 %, 90368 MiB, 278.70 W, 2827 MHz, 13365 MHz, 51
2026/09/24 20:05:02.252, 0, 41 %, 90304 MiB, 258.14 W, 2820 MHz, 13365 MHz, 50
2026/09/24 20:05:02.252, 1, 49 %, 90368 MiB, 276.75 W, 2827 MHz, 13365 MHz, 51
2026/09/24 20:05:02.502, 0, 41 %, 90304 MiB, 258.14 W, 2820 MHz, 13365 MHz, 50
2026/09/24 20:05:02.502, 1, 49 %, 90368 MiB, 276.75 W, 2827 MHz, 13365 MHz, 51
2026/09/24 20:05:02.752, 0, 39 %, 90304 MiB, 258.46 W, 2820 MHz, 13365 MHz, 50
2026/09/24 20:05:02.752, 1, 51 %, 90368 MiB, 278.25 W, 2827 MHz, 13365 MHz, 51
2026/09/24 20:05:03.003, 0, 39 %, 90304 MiB, 258.46 W, 2820 MHz, 13365 MHz, 50
2026/09/24 20:05:03.003, 1, 51 %, 90368 MiB, 278.25 W, 2827 MHz, 13365 MHz, 51
2026/09/24 20:05:03.253, 0, 39 %, 90304 MiB, 253.95 W, 2820 MHz, 13365 MHz, 50
2026/09/24 20:05:03.253, 1, 51 %, 90368 MiB, 278.50 W, 2827 MHz, 13365 MHz, 52
2026/09/24 20:05:03.503, 0, 39 %, 90304 MiB, 253.95 W, 2820 MHz, 13365 MHz, 50
2026/09/24 20:05:03.503, 1, 51 %, 90368 MiB, 278.50 W, 2827 MHz, 13365 MHz, 52
2026/09/24 20:05:03.754, 0, 40 %, 90304 MiB, 255.30 W, 2820 MHz, 13365 MHz, 51
2026/09/24 20:05:03.754, 1, 50 %, 90368 MiB, 277.07 W, 2827 MHz, 13365 MHz, 51
2026/09/24 20:05:04.004, 0, 40 %, 90304 MiB, 255.30 W, 2820 MHz, 13365 MHz, 51
2026/09/24 20:05:04.005, 1, 50 %, 90368 MiB, 277.07 W, 2827 MHz, 13365 MHz, 51
2026/09/24 20:05:04.255, 0, 40 %, 90304 MiB, 255.05 W, 2820 MHz, 13365 MHz, 52
2026/09/24 20:05:04.255, 1, 50 %, 90368 MiB, 276.60 W, 2827 MHz, 13365 MHz, 51
2026/09/24 20:05:04.505, 0, 40 %, 90304 MiB, 255.05 W, 2820 MHz, 13365 MHz, 52
2026/09/24 20:05:04.505, 1, 50 %, 90368 MiB, 276.60 W, 2827 MHz, 13365 MHz, 51
2026/09/24 20:05:04.755, 0, 77 %, 90304 MiB, 227.37 W, 2827 MHz, 13365 MHz, 53
2026/09/24 20:05:04.756, 1, 10 %, 90368 MiB, 130.01 W, 2827 MHz, 13365 MHz, 48
2026/09/24 20:05:05.006, 0, 77 %, 90304 MiB, 227.37 W, 2827 MHz, 13365 MHz, 53
2026/09/24 20:05:05.006, 1, 10 %, 90368 MiB, 130.01 W, 2827 MHz, 13365 MHz, 48
2026/09/24 20:05:05.256, 0, 77 %, 90304 MiB, 232.84 W, 2827 MHz, 13365 MHz, 49
2026/09/24 20:05:05.256, 1, 10 %, 90368 MiB, 239.12 W, 2827 MHz, 13365 MHz, 50
2026/09/24 20:05:05.506, 0, 77 %, 90304 MiB, 232.84 W, 2827 MHz, 13365 MHz, 49
2026/09/24 20:05:05.507, 1, 10 %, 90368 MiB, 239.12 W, 2827 MHz, 13365 MHz, 50
2026/09/24 20:05:05.759, 0, 39 %, 90304 MiB, 232.47 W, 2730 MHz, 13365 MHz, 48
2026/09/24 20:05:05.759, 1, 49 %, 90368 MiB, 259.13 W, 2827 MHz, 13365 MHz, 49
2026/09/24 20:05:06.009, 0, 39 %, 90304 MiB, 232.47 W, 2730 MHz, 13365 MHz, 48
2026/09/24 20:05:06.009, 1, 49 %, 90368 MiB, 259.13 W, 2827 MHz, 13365 MHz, 49
2026/09/24 20:05:06.260, 0, 39 %, 90304 MiB, 228.10 W, 2700 MHz, 13365 MHz, 51
2026/09/24 20:05:06.260, 1, 49 %, 90368 MiB, 258.50 W, 2827 MHz, 13365 MHz, 49
2026/09/24 20:05:06.510, 0, 39 %, 90304 MiB, 228.10 W, 2700 MHz, 13365 MHz, 51
2026/09/24 20:05:06.510, 1, 49 %, 90368 MiB, 258.50 W, 2827 MHz, 13365 MHz, 49
2026/09/24 20:05:06.760, 0, 37 %, 90304 MiB, 229.82 W, 2685 MHz, 13365 MHz, 48
2026/09/24 20:05:06.760, 1, 49 %, 90368 MiB, 256.60 W, 2827 MHz, 13365 MHz, 49
2026/09/24 20:05:07.010, 0, 37 %, 90304 MiB, 229.82 W, 2685 MHz, 13365 MHz, 48
2026/09/24 20:05:07.010, 1, 49 %, 90368 MiB, 256.60 W, 2827 MHz, 13365 MHz, 49
2026/09/24 20:05:07.261, 0, 37 %, 90304 MiB, 243.26 W, 2692 MHz, 13365 MHz, 50
2026/09/24 20:05:07.261, 1, 49 %, 90368 MiB, 273.45 W, 2827 MHz, 13365 MHz, 49
2026/09/24 20:05:07.511, 0, 37 %, 90304 MiB, 243.26 W, 2692 MHz, 13365 MHz, 50
2026/09/24 20:05:07.511, 1, 49 %, 90368 MiB, 273.45 W, 2827 MHz, 13365 MHz, 49
2026/09/24 20:05:07.761, 0, 36 %, 90304 MiB, 238.20 W, 2707 MHz, 13365 MHz, 51
2026/09/24 20:05:07.761, 1, 45 %, 90368 MiB, 264.78 W, 2827 MHz, 13365 MHz, 51
2026/09/24 20:05:08.011, 0, 36 %, 90304 MiB, 238.20 W, 2707 MHz, 13365 MHz, 51
2026/09/24 20:05:08.012, 1, 45 %, 90368 MiB, 264.78 W, 2827 MHz, 13365 MHz, 51
2026/09/24 20:05:08.262, 0, 36 %, 90304 MiB, 220.82 W, 2707 MHz, 13365 MHz, 52
2026/09/24 20:05:08.262, 1, 45 %, 90368 MiB, 229.70 W, 2827 MHz, 13365 MHz, 51
2026/09/24 20:05:08.512, 0, 36 %, 90304 MiB, 220.82 W, 2707 MHz, 13365 MHz, 52
2026/09/24 20:05:08.512, 1, 45 %, 90368 MiB, 229.70 W, 2827 MHz, 13365 MHz, 51
2026/09/24 20:05:08.762, 0, 40 %, 90304 MiB, 240.11 W, 2700 MHz, 13365 MHz, 49
2026/09/24 20:05:08.762, 1, 44 %, 90368 MiB, 263.99 W, 2827 MHz, 13365 MHz, 50
2026/09/24 20:05:09.012, 0, 40 %, 90304 MiB, 240.11 W, 2700 MHz, 13365 MHz, 49
2026/09/24 20:05:09.013, 1, 44 %, 90368 MiB, 263.99 W, 2827 MHz, 13365 MHz, 50
2026/09/24 20:05:09.263, 0, 40 %, 90304 MiB, 232.24 W, 2700 MHz, 13365 MHz, 49
2026/09/24 20:05:09.263, 1, 44 %, 90368 MiB, 260.83 W, 2827 MHz, 13365 MHz, 51
2026/09/24 20:05:09.513, 0, 40 %, 90304 MiB, 232.24 W, 2700 MHz, 13365 MHz, 49
2026/09/24 20:05:09.513, 1, 44 %, 90368 MiB, 260.83 W, 2827 MHz, 13365 MHz, 51
2026/09/24 20:05:09.763, 0, 38 %, 90304 MiB, 229.56 W, 2700 MHz, 13365 MHz, 49
2026/09/24 20:05:09.763, 1, 70 %, 90368 MiB, 347.68 W, 2827 MHz, 13365 MHz, 51
2026/09/24 20:05:10.014, 0, 38 %, 90304 MiB, 229.56 W, 2700 MHz, 13365 MHz, 49
2026/09/24 20:05:10.014, 1, 70 %, 90368 MiB, 347.68 W, 2827 MHz, 13365 MHz, 51
2026/09/24 20:05:10.264, 0, 38 %, 90304 MiB, 234.37 W, 2827 MHz, 13365 MHz, 51
2026/09/24 20:05:10.264, 1, 70 %, 90368 MiB, 268.71 W, 2827 MHz, 13365 MHz, 49
2026/09/24 20:05:10.514, 0, 38 %, 90304 MiB, 234.37 W, 2827 MHz, 13365 MHz, 51
2026/09/24 20:05:10.514, 1, 70 %, 90368 MiB, 268.71 W, 2827 MHz, 13365 MHz, 49
2026/09/24 20:05:10.764, 0, 35 %, 90304 MiB, 237.04 W, 2827 MHz, 13365 MHz, 49
2026/09/24 20:05:10.764, 1, 51 %, 90368 MiB, 255.67 W, 2827 MHz, 13365 MHz, 51
2026/09/24 20:05:11.015, 0, 35 %, 90304 MiB, 237.04 W, 2827 MHz, 13365 MHz, 49
2026/09/24 20:05:11.015, 1, 51 %, 90368 MiB, 255.67 W, 2827 MHz, 13365 MHz, 51
2026/09/24 20:05:11.265, 0, 35 %, 90304 MiB, 246.14 W, 2827 MHz, 13365 MHz, 50
2026/09/24 20:05:11.265, 1, 51 %, 90368 MiB, 265.56 W, 2827 MHz, 13365 MHz, 50
2026/09/24 20:05:11.515, 0, 35 %, 90304 MiB, 246.14 W, 2827 MHz, 13365 MHz, 50
2026/09/24 20:05:11.515, 1, 51 %, 90368 MiB, 265.56 W, 2827 MHz, 13365 MHz, 50
2026/09/24 20:05:11.765, 0, 27 %, 90304 MiB, 243.25 W, 2820 MHz, 13365 MHz, 51
2026/09/24 20:05:11.766, 1, 44 %, 90368 MiB, 262.14 W, 2827 MHz, 13365 MHz, 49
2026/09/24 20:05:12.016, 0, 27 %, 90304 MiB, 243.25 W, 2820 MHz, 13365 MHz, 51
2026/09/24 20:05:12.016, 1, 44 %, 90368 MiB, 262.14 W, 2827 MHz, 13365 MHz, 49
2026/09/24 20:05:12.266, 0, 27 %, 90304 MiB, 220.01 W, 2767 MHz, 13365 MHz, 52
2026/09/24 20:05:12.266, 1, 44 %, 90368 MiB, 250.09 W, 2827 MHz, 13365 MHz, 52
2026/09/24 20:05:12.516, 0, 27 %, 90304 MiB, 220.01 W, 2767 MHz, 13365 MHz, 52
2026/09/24 20:05:12.516, 1, 44 %, 90368 MiB, 250.09 W, 2827 MHz, 13365 MHz, 52
2026/09/24 20:05:12.766, 0, 33 %, 90304 MiB, 231.11 W, 2737 MHz, 13365 MHz, 53
2026/09/24 20:05:12.767, 1, 43 %, 90368 MiB, 257.59 W, 2827 MHz, 13365 MHz, 52
2026/09/24 20:05:13.017, 0, 33 %, 90304 MiB, 231.11 W, 2737 MHz, 13365 MHz, 53
2026/09/24 20:05:13.017, 1, 43 %, 90368 MiB, 257.59 W, 2827 MHz, 13365 MHz, 52
2026/09/24 20:05:13.267, 0, 33 %, 90304 MiB, 231.29 W, 2700 MHz, 13365 MHz, 49
2026/09/24 20:05:13.268, 1, 43 %, 90368 MiB, 259.67 W, 2827 MHz, 13365 MHz, 50
2026/09/24 20:05:13.519, 0, 33 %, 90304 MiB, 231.29 W, 2700 MHz, 13365 MHz, 49
2026/09/24 20:05:13.519, 1, 43 %, 90368 MiB, 259.67 W, 2827 MHz, 13365 MHz, 50
2026/09/24 20:05:13.769, 0, 28 %, 90304 MiB, 236.09 W, 2685 MHz, 13365 MHz, 51
2026/09/24 20:05:13.769, 1, 42 %, 90368 MiB, 269.85 W, 2827 MHz, 13365 MHz, 50
2026/09/24 20:05:14.019, 0, 28 %, 90304 MiB, 236.09 W, 2685 MHz, 13365 MHz, 51
2026/09/24 20:05:14.019, 1, 42 %, 90368 MiB, 269.85 W, 2827 MHz, 13365 MHz, 50
2026/09/24 20:05:14.269, 0, 28 %, 90304 MiB, 238.30 W, 2692 MHz, 13365 MHz, 50
2026/09/24 20:05:14.269, 1, 42 %, 90368 MiB, 250.51 W, 2835 MHz, 13365 MHz, 52
2026/09/24 20:05:14.520, 0, 28 %, 90304 MiB, 238.30 W, 2692 MHz, 13365 MHz, 50
2026/09/24 20:05:14.520, 1, 42 %, 90368 MiB, 250.51 W, 2835 MHz, 13365 MHz, 52
2026/09/24 20:05:14.770, 0, 38 %, 90304 MiB, 237.45 W, 2827 MHz, 13365 MHz, 50
2026/09/24 20:05:14.770, 1, 44 %, 90368 MiB, 257.52 W, 2827 MHz, 13365 MHz, 51
2026/09/24 20:05:15.020, 0, 38 %, 90304 MiB, 237.45 W, 2827 MHz, 13365 MHz, 50
2026/09/24 20:05:15.020, 1, 44 %, 90368 MiB, 257.52 W, 2827 MHz, 13365 MHz, 51
2026/09/24 20:05:15.270, 0, 38 %, 90304 MiB, 216.68 W, 2827 MHz, 13365 MHz, 53
2026/09/24 20:05:15.270, 1, 44 %, 90368 MiB, 250.00 W, 2827 MHz, 13365 MHz, 51
2026/09/24 20:05:15.521, 0, 38 %, 90304 MiB, 216.68 W, 2827 MHz, 13365 MHz, 53
2026/09/24 20:05:15.521, 1, 44 %, 90368 MiB, 250.00 W, 2827 MHz, 13365 MHz, 51
2026/09/24 20:05:15.771, 0, 36 %, 90304 MiB, 241.50 W, 2827 MHz, 13365 MHz, 50
2026/09/24 20:05:15.771, 1, 49 %, 90368 MiB, 251.00 W, 2827 MHz, 13365 MHz, 51
2026/09/24 20:05:16.021, 0, 36 %, 90304 MiB, 241.50 W, 2827 MHz, 13365 MHz, 50
2026/09/24 20:05:16.021, 1, 49 %, 90368 MiB, 251.00 W, 2827 MHz, 13365 MHz, 51
2026/09/24 20:05:16.271, 0, 36 %, 90304 MiB, 240.11 W, 2827 MHz, 13365 MHz, 50
2026/09/24 20:05:16.272, 1, 49 %, 90368 MiB, 257.48 W, 2827 MHz, 13365 MHz, 51
2026/09/24 20:05:16.522, 0, 36 %, 90304 MiB, 240.11 W, 2827 MHz, 13365 MHz, 50
2026/09/24 20:05:16.522, 1, 49 %, 90368 MiB, 257.48 W, 2827 MHz, 13365 MHz, 51
2026/09/24 20:05:16.772, 0, 39 %, 90304 MiB, 226.87 W, 2730 MHz, 13365 MHz, 50
2026/09/24 20:05:16.772, 1, 45 %, 90368 MiB, 228.99 W, 2827 MHz, 13365 MHz, 51
2026/09/24 20:05:17.022, 0, 39 %, 90304 MiB, 226.87 W, 2730 MHz, 13365 MHz, 50
2026/09/24 20:05:17.022, 1, 45 %, 90368 MiB, 228.99 W, 2827 MHz, 13365 MHz, 51
2026/09/24 20:05:17.272, 0, 39 %, 90304 MiB, 230.79 W, 2700 MHz, 13365 MHz, 50
2026/09/24 20:05:17.273, 1, 45 %, 90368 MiB, 263.67 W, 2827 MHz, 13365 MHz, 52
2026/09/24 20:05:17.523, 0, 39 %, 90304 MiB, 230.79 W, 2700 MHz, 13365 MHz, 50
2026/09/24 20:05:17.523, 1, 45 %, 90368 MiB, 263.67 W, 2827 MHz, 13365 MHz, 52
2026/09/24 20:05:17.773, 0, 41 %, 90304 MiB, 229.41 W, 2707 MHz, 13365 MHz, 50
2026/09/24 20:05:17.773, 1, 45 %, 90368 MiB, 262.37 W, 2827 MHz, 13365 MHz, 51
2026/09/24 20:05:18.023, 0, 41 %, 90304 MiB, 229.41 W, 2707 MHz, 13365 MHz, 50
2026/09/24 20:05:18.023, 1, 45 %, 90368 MiB, 262.37 W, 2827 MHz, 13365 MHz, 51
2026/09/24 20:05:18.273, 0, 41 %, 90304 MiB, 225.48 W, 2685 MHz, 13365 MHz, 51
2026/09/24 20:05:18.274, 1, 45 %, 90368 MiB, 257.46 W, 2827 MHz, 13365 MHz, 53
2026/09/24 20:05:18.524, 0, 41 %, 90304 MiB, 225.48 W, 2685 MHz, 13365 MHz, 51
2026/09/24 20:05:18.524, 1, 45 %, 90368 MiB, 257.46 W, 2827 MHz, 13365 MHz, 53
2026/09/24 20:05:18.774, 0, 10 %, 90304 MiB, 236.05 W, 2730 MHz, 13365 MHz, 52
2026/09/24 20:05:18.774, 1, 68 %, 90368 MiB, 257.52 W, 2835 MHz, 13365 MHz, 52
2026/09/24 20:05:19.024, 0, 10 %, 90304 MiB, 236.05 W, 2730 MHz, 13365 MHz, 52
2026/09/24 20:05:19.026, 1, 68 %, 90368 MiB, 257.52 W, 2835 MHz, 13365 MHz, 52
2026/09/24 20:05:19.277, 0, 10 %, 90304 MiB, 256.80 W, 2730 MHz, 13365 MHz, 51
2026/09/24 20:05:19.277, 1, 68 %, 90368 MiB, 252.59 W, 2835 MHz, 13365 MHz, 50
2026/09/24 20:05:19.527, 0, 10 %, 90304 MiB, 256.80 W, 2730 MHz, 13365 MHz, 51
2026/09/24 20:05:19.527, 1, 68 %, 90368 MiB, 252.59 W, 2835 MHz, 13365 MHz, 50
2026/09/24 20:05:19.777, 0, 31 %, 90304 MiB, 233.55 W, 2827 MHz, 13365 MHz, 53
2026/09/24 20:05:19.777, 1, 41 %, 90368 MiB, 251.39 W, 2827 MHz, 13365 MHz, 52
2026/09/24 20:05:20.027, 0, 31 %, 90304 MiB, 233.55 W, 2827 MHz, 13365 MHz, 53
2026/09/24 20:05:20.027, 1, 41 %, 90368 MiB, 251.39 W, 2827 MHz, 13365 MHz, 52
2026/09/24 20:05:20.278, 0, 31 %, 90304 MiB, 236.42 W, 2827 MHz, 13365 MHz, 53
2026/09/24 20:05:20.278, 1, 41 %, 90368 MiB, 256.07 W, 2827 MHz, 13365 MHz, 52
2026/09/24 20:05:20.528, 0, 31 %, 90304 MiB, 236.42 W, 2827 MHz, 13365 MHz, 53
2026/09/24 20:05:20.528, 1, 41 %, 90368 MiB, 256.07 W, 2827 MHz, 13365 MHz, 52
2026/09/24 20:05:20.778, 0, 29 %, 90304 MiB, 220.42 W, 2797 MHz, 13365 MHz, 53
2026/09/24 20:05:20.778, 1, 45 %, 90368 MiB, 249.81 W, 2827 MHz, 13365 MHz, 52
2026/09/24 20:05:21.028, 0, 29 %, 90304 MiB, 220.42 W, 2797 MHz, 13365 MHz, 53
2026/09/24 20:05:21.029, 1, 45 %, 90368 MiB, 249.81 W, 2827 MHz, 13365 MHz, 52
2026/09/24 20:05:21.279, 0, 29 %, 90304 MiB, 226.17 W, 2707 MHz, 13365 MHz, 52
2026/09/24 20:05:21.279, 1, 45 %, 90368 MiB, 257.14 W, 2827 MHz, 13365 MHz, 50
2026/09/24 20:05:21.529, 0, 29 %, 90304 MiB, 226.17 W, 2707 MHz, 13365 MHz, 52
2026/09/24 20:05:21.529, 1, 45 %, 90368 MiB, 257.14 W, 2827 MHz, 13365 MHz, 50
2026/09/24 20:05:21.779, 0, 40 %, 90304 MiB, 222.19 W, 2700 MHz, 13365 MHz, 50
2026/09/24 20:05:21.779, 1, 44 %, 90368 MiB, 261.16 W, 2827 MHz, 13365 MHz, 51
2026/09/24 20:05:22.029, 0, 40 %, 90304 MiB, 222.19 W, 2700 MHz, 13365 MHz, 50
2026/09/24 20:05:22.030, 1, 44 %, 90368 MiB, 261.16 W, 2827 MHz, 13365 MHz, 51
2026/09/24 20:05:22.280, 0, 40 %, 90304 MiB, 254.33 W, 2722 MHz, 13365 MHz, 51
2026/09/24 20:05:22.280, 1, 44 %, 90368 MiB, 256.04 W, 2827 MHz, 13365 MHz, 52
2026/09/24 20:05:22.530, 0, 40 %, 90304 MiB, 254.33 W, 2722 MHz, 13365 MHz, 51
2026/09/24 20:05:22.530, 1, 44 %, 90368 MiB, 256.04 W, 2827 MHz, 13365 MHz, 52
2026/09/24 20:05:22.780, 0, 51 %, 90304 MiB, 249.59 W, 2685 MHz, 13365 MHz, 54
2026/09/24 20:05:22.780, 1, 22 %, 90368 MiB, 246.57 W, 2827 MHz, 13365 MHz, 49
2026/09/24 20:05:23.031, 0, 51 %, 90304 MiB, 249.59 W, 2685 MHz, 13365 MHz, 54
2026/09/24 20:05:23.031, 1, 22 %, 90368 MiB, 246.57 W, 2827 MHz, 13365 MHz, 49
2026/09/24 20:05:23.281, 0, 51 %, 90304 MiB, 228.66 W, 2685 MHz, 13365 MHz, 52
2026/09/24 20:05:23.281, 1, 22 %, 90368 MiB, 265.14 W, 2835 MHz, 13365 MHz, 50
2026/09/24 20:05:23.531, 0, 51 %, 90304 MiB, 228.66 W, 2685 MHz, 13365 MHz, 52
2026/09/24 20:05:23.531, 1, 22 %, 90368 MiB, 265.14 W, 2835 MHz, 13365 MHz, 50
2026/09/24 20:05:23.781, 0, 39 %, 90304 MiB, 228.78 W, 2685 MHz, 13365 MHz, 50
2026/09/24 20:05:23.781, 1, 51 %, 90368 MiB, 261.42 W, 2827 MHz, 13365 MHz, 52
2026/09/24 20:05:24.032, 0, 39 %, 90304 MiB, 228.78 W, 2685 MHz, 13365 MHz, 50
2026/09/24 20:05:24.032, 1, 51 %, 90368 MiB, 261.42 W, 2827 MHz, 13365 MHz, 52
2026/09/24 20:05:24.282, 0, 39 %, 90304 MiB, 230.86 W, 2692 MHz, 13365 MHz, 50
2026/09/24 20:05:24.282, 1, 51 %, 90368 MiB, 261.25 W, 2827 MHz, 13365 MHz, 51
2026/09/24 20:05:24.532, 0, 39 %, 90304 MiB, 230.86 W, 2692 MHz, 13365 MHz, 50
2026/09/24 20:05:24.532, 1, 51 %, 90368 MiB, 261.25 W, 2827 MHz, 13365 MHz, 51
2026/09/24 20:05:24.782, 0, 38 %, 90304 MiB, 230.52 W, 2692 MHz, 13365 MHz, 50
2026/09/24 20:05:24.783, 1, 41 %, 90368 MiB, 259.67 W, 2827 MHz, 13365 MHz, 51
2026/09/24 20:05:25.033, 0, 38 %, 90304 MiB, 230.52 W, 2692 MHz, 13365 MHz, 50
2026/09/24 20:05:25.033, 1, 41 %, 90368 MiB, 259.67 W, 2827 MHz, 13365 MHz, 51
2026/09/24 20:05:25.283, 0, 38 %, 90304 MiB, 230.63 W, 2700 MHz, 13365 MHz, 53
2026/09/24 20:05:25.283, 1, 41 %, 90368 MiB, 259.99 W, 2827 MHz, 13365 MHz, 51
2026/09/24 20:05:25.533, 0, 38 %, 90304 MiB, 230.63 W, 2700 MHz, 13365 MHz, 53
2026/09/24 20:05:25.533, 1, 41 %, 90368 MiB, 259.99 W, 2827 MHz, 13365 MHz, 51
2026/09/24 20:05:25.783, 0, 33 %, 90304 MiB, 242.13 W, 2707 MHz, 13365 MHz, 53
2026/09/24 20:05:25.784, 1, 46 %, 90368 MiB, 285.28 W, 2827 MHz, 13365 MHz, 51
2026/09/24 20:05:26.034, 0, 33 %, 90304 MiB, 242.13 W, 2707 MHz, 13365 MHz, 53
2026/09/24 20:05:26.034, 1, 46 %, 90368 MiB, 285.28 W, 2827 MHz, 13365 MHz, 51
2026/09/24 20:05:26.284, 0, 33 %, 90304 MiB, 236.04 W, 2715 MHz, 13365 MHz, 53
2026/09/24 20:05:26.284, 1, 46 %, 90368 MiB, 267.80 W, 2827 MHz, 13365 MHz, 51
2026/09/24 20:05:26.534, 0, 33 %, 90304 MiB, 236.04 W, 2715 MHz, 13365 MHz, 53
2026/09/24 20:05:26.535, 1, 46 %, 90368 MiB, 267.80 W, 2827 MHz, 13365 MHz, 51
2026/09/24 20:05:26.785, 0, 29 %, 90304 MiB, 233.98 W, 2692 MHz, 13365 MHz, 54
2026/09/24 20:05:26.785, 1, 41 %, 90368 MiB, 266.62 W, 2827 MHz, 13365 MHz, 53
2026/09/24 20:05:27.036, 0, 29 %, 90304 MiB, 233.98 W, 2692 MHz, 13365 MHz, 54
2026/09/24 20:05:27.036, 1, 41 %, 90368 MiB, 266.62 W, 2827 MHz, 13365 MHz, 53
2026/09/24 20:05:27.286, 0, 29 %, 90304 MiB, 228.45 W, 2685 MHz, 13365 MHz, 53
2026/09/24 20:05:27.286, 1, 41 %, 90368 MiB, 257.26 W, 2827 MHz, 13365 MHz, 51
2026/09/24 20:05:27.536, 0, 29 %, 90304 MiB, 228.45 W, 2685 MHz, 13365 MHz, 53
2026/09/24 20:05:27.536, 1, 41 %, 90368 MiB, 257.26 W, 2827 MHz, 13365 MHz, 51
2026/09/24 20:05:27.787, 0, 65 %, 90304 MiB, 243.42 W, 2700 MHz, 13365 MHz, 51
2026/09/24 20:05:27.787, 1, 41 %, 90368 MiB, 263.10 W, 2827 MHz, 13365 MHz, 51
2026/09/24 20:05:28.037, 0, 65 %, 90304 MiB, 243.42 W, 2700 MHz, 13365 MHz, 51
2026/09/24 20:05:28.037, 1, 41 %, 90368 MiB, 263.10 W, 2827 MHz, 13365 MHz, 51
2026/09/24 20:05:28.287, 0, 65 %, 90304 MiB, 257.62 W, 2775 MHz, 13365 MHz, 51
2026/09/24 20:05:28.287, 1, 41 %, 90368 MiB, 293.01 W, 2835 MHz, 13365 MHz, 51
2026/09/24 20:05:28.537, 0, 65 %, 90304 MiB, 257.62 W, 2775 MHz, 13365 MHz, 51
2026/09/24 20:05:28.538, 1, 41 %, 90368 MiB, 293.01 W, 2835 MHz, 13365 MHz, 51
2026/09/24 20:05:28.788, 0, 28 %, 90304 MiB, 233.18 W, 2827 MHz, 13365 MHz, 52
2026/09/24 20:05:28.788, 1, 43 %, 90368 MiB, 258.30 W, 2827 MHz, 13365 MHz, 52
2026/09/24 20:05:29.038, 0, 28 %, 90304 MiB, 233.18 W, 2827 MHz, 13365 MHz, 52
2026/09/24 20:05:29.038, 1, 43 %, 90368 MiB, 258.30 W, 2827 MHz, 13365 MHz, 52
2026/09/24 20:05:29.288, 0, 28 %, 90304 MiB, 234.49 W, 2827 MHz, 13365 MHz, 51
2026/09/24 20:05:29.288, 1, 43 %, 90368 MiB, 254.35 W, 2827 MHz, 13365 MHz, 52
2026/09/24 20:05:29.538, 0, 28 %, 90304 MiB, 234.49 W, 2827 MHz, 13365 MHz, 51
2026/09/24 20:05:29.539, 1, 43 %, 90368 MiB, 254.35 W, 2827 MHz, 13365 MHz, 52
2026/09/24 20:05:29.789, 0, 32 %, 90304 MiB, 236.16 W, 2827 MHz, 13365 MHz, 54
2026/09/24 20:05:29.789, 1, 47 %, 90368 MiB, 275.19 W, 2827 MHz, 13365 MHz, 52
2026/09/24 20:05:30.039, 0, 32 %, 90304 MiB, 236.16 W, 2827 MHz, 13365 MHz, 54
2026/09/24 20:05:30.039, 1, 47 %, 90368 MiB, 275.19 W, 2827 MHz, 13365 MHz, 52
2026/09/24 20:05:30.289, 0, 32 %, 90304 MiB, 231.87 W, 2692 MHz, 13365 MHz, 54
2026/09/24 20:05:30.289, 1, 47 %, 90368 MiB, 266.74 W, 2827 MHz, 13365 MHz, 53
2026/09/24 20:05:30.539, 0, 32 %, 90304 MiB, 231.87 W, 2692 MHz, 13365 MHz, 54
2026/09/24 20:05:30.540, 1, 47 %, 90368 MiB, 266.74 W, 2827 MHz, 13365 MHz, 53
2026/09/24 20:05:30.790, 0, 40 %, 90304 MiB, 229.41 W, 2677 MHz, 13365 MHz, 51
2026/09/24 20:05:30.790, 1, 49 %, 90368 MiB, 260.60 W, 2827 MHz, 13365 MHz, 53
2026/09/24 20:05:31.040, 0, 40 %, 90304 MiB, 229.41 W, 2677 MHz, 13365 MHz, 51
2026/09/24 20:05:31.040, 1, 49 %, 90368 MiB, 260.60 W, 2827 MHz, 13365 MHz, 53
2026/09/24 20:05:31.290, 0, 40 %, 90304 MiB, 225.88 W, 2692 MHz, 13365 MHz, 52
2026/09/24 20:05:31.291, 1, 49 %, 90368 MiB, 262.63 W, 2827 MHz, 13365 MHz, 54
2026/09/24 20:05:31.541, 0, 40 %, 90304 MiB, 225.88 W, 2692 MHz, 13365 MHz, 52
2026/09/24 20:05:31.541, 1, 49 %, 90368 MiB, 262.63 W, 2827 MHz, 13365 MHz, 54
2026/09/24 20:05:31.791, 0, 74 %, 90304 MiB, 241.56 W, 2685 MHz, 13365 MHz, 51
2026/09/24 20:05:31.791, 1, 39 %, 90368 MiB, 258.32 W, 2835 MHz, 13365 MHz, 51
2026/09/24 20:05:32.041, 0, 74 %, 90304 MiB, 241.56 W, 2685 MHz, 13365 MHz, 51
2026/09/24 20:05:32.041, 1, 39 %, 90368 MiB, 258.32 W, 2835 MHz, 13365 MHz, 51
2026/09/24 20:05:32.291, 0, 74 %, 90304 MiB, 258.22 W, 2775 MHz, 13365 MHz, 51
2026/09/24 20:05:32.292, 1, 39 %, 90368 MiB, 265.62 W, 2827 MHz, 13365 MHz, 52
2026/09/24 20:05:32.542, 0, 74 %, 90304 MiB, 258.22 W, 2775 MHz, 13365 MHz, 51
2026/09/24 20:05:32.542, 1, 39 %, 90368 MiB, 265.62 W, 2827 MHz, 13365 MHz, 52
2026/09/24 20:05:32.792, 0, 39 %, 90304 MiB, 243.55 W, 2820 MHz, 13365 MHz, 51
2026/09/24 20:05:32.792, 1, 48 %, 90368 MiB, 260.92 W, 2827 MHz, 13365 MHz, 52
2026/09/24 20:05:33.042, 0, 39 %, 90304 MiB, 243.55 W, 2820 MHz, 13365 MHz, 51
2026/09/24 20:05:33.042, 1, 48 %, 90368 MiB, 260.92 W, 2827 MHz, 13365 MHz, 52
2026/09/24 20:05:33.292, 0, 39 %, 90304 MiB, 241.56 W, 2827 MHz, 13365 MHz, 53
2026/09/24 20:05:33.293, 1, 48 %, 90368 MiB, 260.84 W, 2827 MHz, 13365 MHz, 52
2026/09/24 20:05:33.543, 0, 39 %, 90304 MiB, 241.56 W, 2827 MHz, 13365 MHz, 53
2026/09/24 20:05:33.543, 1, 48 %, 90368 MiB, 260.84 W, 2827 MHz, 13365 MHz, 52
2026/09/24 20:05:33.793, 0, 39 %, 90304 MiB, 241.34 W, 2827 MHz, 13365 MHz, 51
2026/09/24 20:05:33.793, 1, 49 %, 90368 MiB, 260.07 W, 2827 MHz, 13365 MHz, 52
2026/09/24 20:05:34.043, 0, 39 %, 90304 MiB, 241.34 W, 2827 MHz, 13365 MHz, 51
2026/09/24 20:05:34.043, 1, 49 %, 90368 MiB, 260.07 W, 2827 MHz, 13365 MHz, 52
2026/09/24 20:05:34.293, 0, 39 %, 90304 MiB, 236.16 W, 2692 MHz, 13365 MHz, 51
2026/09/24 20:05:34.294, 1, 49 %, 90368 MiB, 257.81 W, 2827 MHz, 13365 MHz, 53
2026/09/24 20:05:34.544, 0, 39 %, 90304 MiB, 236.16 W, 2692 MHz, 13365 MHz, 51
2026/09/24 20:05:34.544, 1, 49 %, 90368 MiB, 257.81 W, 2827 MHz, 13365 MHz, 53
2026/09/24 20:05:34.794, 0, 38 %, 90304 MiB, 229.04 W, 2692 MHz, 13365 MHz, 51
2026/09/24 20:05:34.794, 1, 45 %, 90368 MiB, 260.05 W, 2827 MHz, 13365 MHz, 53
2026/09/24 20:05:35.044, 0, 38 %, 90304 MiB, 229.04 W, 2692 MHz, 13365 MHz, 51
2026/09/24 20:05:35.045, 1, 45 %, 90368 MiB, 260.05 W, 2827 MHz, 13365 MHz, 53
2026/09/24 20:05:35.295, 0, 38 %, 90304 MiB, 235.47 W, 2715 MHz, 13365 MHz, 51
2026/09/24 20:05:35.295, 1, 45 %, 90368 MiB, 265.97 W, 2827 MHz, 13365 MHz, 53
2026/09/24 20:05:35.545, 0, 38 %, 90304 MiB, 235.47 W, 2715 MHz, 13365 MHz, 51
2026/09/24 20:05:35.545, 1, 45 %, 90368 MiB, 265.97 W, 2827 MHz, 13365 MHz, 53
2026/09/24 20:05:35.795, 0, 40 %, 90304 MiB, 235.36 W, 2730 MHz, 13365 MHz, 51
2026/09/24 20:05:35.795, 1, 45 %, 90368 MiB, 262.61 W, 2827 MHz, 13365 MHz, 53
2026/09/24 20:05:36.046, 0, 40 %, 90304 MiB, 235.36 W, 2730 MHz, 13365 MHz, 51
2026/09/24 20:05:36.046, 1, 45 %, 90368 MiB, 262.61 W, 2827 MHz, 13365 MHz, 53
2026/09/24 20:05:36.296, 0, 40 %, 90304 MiB, 235.73 W, 2722 MHz, 13365 MHz, 51
2026/09/24 20:05:36.300, 1, 45 %, 90368 MiB, 261.87 W, 2827 MHz, 13365 MHz, 53
2026/09/24 20:05:36.550, 0, 40 %, 90304 MiB, 235.73 W, 2722 MHz, 13365 MHz, 51
2026/09/24 20:05:36.551, 1, 45 %, 90368 MiB, 261.87 W, 2827 MHz, 13365 MHz, 53
2026/09/24 20:05:36.801, 0, 67 %, 90304 MiB, 276.85 W, 2730 MHz, 13365 MHz, 54
2026/09/24 20:05:36.801, 1, 37 %, 90368 MiB, 256.94 W, 2835 MHz, 13365 MHz, 51
2026/09/24 20:05:37.051, 0, 67 %, 90304 MiB, 276.85 W, 2730 MHz, 13365 MHz, 54
2026/09/24 20:05:37.051, 1, 37 %, 90368 MiB, 256.94 W, 2835 MHz, 13365 MHz, 51
2026/09/24 20:05:37.301, 0, 67 %, 90304 MiB, 242.66 W, 2790 MHz, 13365 MHz, 52
2026/09/24 20:05:37.301, 1, 37 %, 90368 MiB, 262.19 W, 2827 MHz, 13365 MHz, 52
2026/09/24 20:05:37.551, 0, 67 %, 90304 MiB, 242.66 W, 2790 MHz, 13365 MHz, 52
2026/09/24 20:05:37.552, 1, 37 %, 90368 MiB, 262.19 W, 2827 MHz, 13365 MHz, 52
2026/09/24 20:05:37.802, 0, 40 %, 90304 MiB, 233.39 W, 2820 MHz, 13365 MHz, 52
2026/09/24 20:05:37.802, 1, 50 %, 90368 MiB, 261.61 W, 2827 MHz, 13365 MHz, 52
2026/09/24 20:05:38.052, 0, 40 %, 90304 MiB, 233.39 W, 2820 MHz, 13365 MHz, 52
2026/09/24 20:05:38.052, 1, 50 %, 90368 MiB, 261.61 W, 2827 MHz, 13365 MHz, 52
2026/09/24 20:05:38.302, 0, 40 %, 90304 MiB, 239.37 W, 2820 MHz, 13365 MHz, 52
2026/09/24 20:05:38.302, 1, 50 %, 90368 MiB, 259.09 W, 2827 MHz, 13365 MHz, 53
2026/09/24 20:05:38.552, 0, 40 %, 90304 MiB, 239.37 W, 2820 MHz, 13365 MHz, 52
2026/09/24 20:05:38.553, 1, 50 %, 90368 MiB, 259.09 W, 2827 MHz, 13365 MHz, 53
2026/09/24 20:05:38.803, 0, 28 %, 90304 MiB, 238.48 W, 2827 MHz, 13365 MHz, 55
2026/09/24 20:05:38.803, 1, 41 %, 90368 MiB, 256.26 W, 2827 MHz, 13365 MHz, 53
2026/09/24 20:05:39.053, 0, 28 %, 90304 MiB, 238.48 W, 2827 MHz, 13365 MHz, 55
2026/09/24 20:05:39.054, 1, 41 %, 90368 MiB, 256.26 W, 2827 MHz, 13365 MHz, 53
2026/09/24 20:05:39.305, 0, 28 %, 90304 MiB, 242.22 W, 2685 MHz, 13365 MHz, 51
2026/09/24 20:05:39.305, 1, 41 %, 90368 MiB, 254.80 W, 2827 MHz, 13365 MHz, 53
2026/09/24 20:05:39.555, 0, 28 %, 90304 MiB, 242.22 W, 2685 MHz, 13365 MHz, 51
2026/09/24 20:05:39.555, 1, 41 %, 90368 MiB, 254.80 W, 2827 MHz, 13365 MHz, 53
2026/09/24 20:05:39.806, 0, 36 %, 90304 MiB, 230.17 W, 2692 MHz, 13365 MHz, 52
2026/09/24 20:05:39.806, 1, 46 %, 90368 MiB, 257.90 W, 2827 MHz, 13365 MHz, 53
2026/09/24 20:05:40.056, 0, 36 %, 90304 MiB, 230.17 W, 2692 MHz, 13365 MHz, 52
2026/09/24 20:05:40.056, 1, 46 %, 90368 MiB, 257.90 W, 2827 MHz, 13365 MHz, 53
2026/09/24 20:05:40.306, 0, 36 %, 90304 MiB, 234.77 W, 2700 MHz, 13365 MHz, 52
2026/09/24 20:05:40.306, 1, 46 %, 90368 MiB, 258.91 W, 2827 MHz, 13365 MHz, 53
2026/09/24 20:05:40.556, 0, 36 %, 90304 MiB, 234.77 W, 2700 MHz, 13365 MHz, 52
2026/09/24 20:05:40.556, 1, 46 %, 90368 MiB, 258.91 W, 2827 MHz, 13365 MHz, 53
2026/09/24 20:05:40.807, 0, 35 %, 90304 MiB, 237.00 W, 2730 MHz, 13365 MHz, 53
2026/09/24 20:05:40.807, 1, 44 %, 90368 MiB, 254.12 W, 2827 MHz, 13365 MHz, 54
2026/09/24 20:05:41.057, 0, 35 %, 90304 MiB, 237.00 W, 2730 MHz, 13365 MHz, 53
2026/09/24 20:05:41.057, 1, 44 %, 90368 MiB, 254.12 W, 2827 MHz, 13365 MHz, 54
2026/09/24 20:05:41.307, 0, 35 %, 90304 MiB, 241.13 W, 2760 MHz, 13365 MHz, 52
2026/09/24 20:05:41.307, 1, 44 %, 90368 MiB, 264.67 W, 2820 MHz, 13365 MHz, 54
2026/09/24 20:05:41.557, 0, 35 %, 90304 MiB, 241.13 W, 2760 MHz, 13365 MHz, 52
2026/09/24 20:05:41.558, 1, 44 %, 90368 MiB, 264.67 W, 2820 MHz, 13365 MHz, 54
2026/09/24 20:05:41.808, 0, 6 %, 90304 MiB, 127.02 W, 2760 MHz, 13365 MHz, 52
2026/09/24 20:05:41.808, 1, 45 %, 90368 MiB, 237.89 W, 2835 MHz, 13365 MHz, 53
2026/09/24 20:05:42.058, 0, 6 %, 90304 MiB, 127.02 W, 2760 MHz, 13365 MHz, 52
2026/09/24 20:05:42.058, 1, 45 %, 90368 MiB, 237.89 W, 2835 MHz, 13365 MHz, 53
2026/09/24 20:05:42.309, 0, 6 %, 90304 MiB, 236.50 W, 2775 MHz, 13365 MHz, 52
2026/09/24 20:05:42.309, 1, 45 %, 90368 MiB, 246.54 W, 2820 MHz, 13365 MHz, 53
2026/09/24 20:05:42.559, 0, 6 %, 90304 MiB, 236.50 W, 2775 MHz, 13365 MHz, 52
2026/09/24 20:05:42.559, 1, 45 %, 90368 MiB, 246.54 W, 2820 MHz, 13365 MHz, 53
2026/09/24 20:05:42.809, 0, 42 %, 90304 MiB, 251.96 W, 2752 MHz, 13365 MHz, 54
2026/09/24 20:05:42.810, 1, 50 %, 90368 MiB, 262.14 W, 2820 MHz, 13365 MHz, 52
2026/09/24 20:05:43.062, 0, 42 %, 90304 MiB, 251.96 W, 2752 MHz, 13365 MHz, 54
2026/09/24 20:05:43.063, 1, 50 %, 90368 MiB, 262.14 W, 2820 MHz, 13365 MHz, 52
2026/09/24 20:05:43.313, 0, 42 %, 90304 MiB, 261.75 W, 2805 MHz, 13365 MHz, 55
2026/09/24 20:05:43.313, 1, 50 %, 90368 MiB, 281.90 W, 2820 MHz, 13365 MHz, 54
2026/09/24 20:05:43.563, 0, 42 %, 90304 MiB, 261.75 W, 2805 MHz, 13365 MHz, 55
2026/09/24 20:05:43.563, 1, 50 %, 90368 MiB, 281.90 W, 2820 MHz, 13365 MHz, 54
2026/09/24 20:05:43.813, 0, 40 %, 90304 MiB, 263.24 W, 2820 MHz, 13365 MHz, 54
2026/09/24 20:05:43.813, 1, 50 %, 90368 MiB, 284.18 W, 2820 MHz, 13365 MHz, 55
2026/09/24 20:05:44.063, 0, 40 %, 90304 MiB, 263.24 W, 2820 MHz, 13365 MHz, 54
2026/09/24 20:05:44.064, 1, 50 %, 90368 MiB, 284.18 W, 2820 MHz, 13365 MHz, 55
2026/09/24 20:05:44.314, 0, 40 %, 90304 MiB, 259.64 W, 2820 MHz, 13365 MHz, 54
2026/09/24 20:05:44.314, 1, 50 %, 90368 MiB, 285.05 W, 2820 MHz, 13365 MHz, 55
2026/09/24 20:05:44.564, 0, 40 %, 90304 MiB, 259.64 W, 2820 MHz, 13365 MHz, 54
2026/09/24 20:05:44.564, 1, 50 %, 90368 MiB, 285.05 W, 2820 MHz, 13365 MHz, 55
2026/09/24 20:05:44.814, 0, 39 %, 90304 MiB, 260.11 W, 2812 MHz, 13365 MHz, 53
2026/09/24 20:05:44.814, 1, 50 %, 90368 MiB, 283.94 W, 2820 MHz, 13365 MHz, 55
2026/09/24 20:05:45.064, 0, 39 %, 90304 MiB, 260.11 W, 2812 MHz, 13365 MHz, 53
2026/09/24 20:05:45.065, 1, 50 %, 90368 MiB, 283.94 W, 2820 MHz, 13365 MHz, 55
2026/09/24 20:05:45.315, 0, 39 %, 90304 MiB, 263.03 W, 2812 MHz, 13365 MHz, 53
2026/09/24 20:05:45.315, 1, 50 %, 90368 MiB, 269.36 W, 2820 MHz, 13365 MHz, 55
2026/09/24 20:05:45.565, 0, 39 %, 90304 MiB, 263.03 W, 2812 MHz, 13365 MHz, 53
2026/09/24 20:05:45.565, 1, 50 %, 90368 MiB, 269.36 W, 2820 MHz, 13365 MHz, 55
2026/09/24 20:05:45.816, 0, 28 %, 90304 MiB, 264.23 W, 2805 MHz, 13365 MHz, 57
2026/09/24 20:05:45.816, 1, 14 %, 90368 MiB, 260.11 W, 2835 MHz, 13365 MHz, 51
2026/09/24 20:05:46.066, 0, 28 %, 90304 MiB, 264.23 W, 2805 MHz, 13365 MHz, 57
2026/09/24 20:05:46.066, 1, 14 %, 90368 MiB, 260.11 W, 2835 MHz, 13365 MHz, 51
2026/09/24 20:05:46.316, 0, 28 %, 90304 MiB, 260.26 W, 2820 MHz, 13365 MHz, 53
2026/09/24 20:05:46.316, 1, 14 %, 90368 MiB, 281.50 W, 2820 MHz, 13365 MHz, 54
2026/09/24 20:05:46.566, 0, 28 %, 90304 MiB, 260.26 W, 2820 MHz, 13365 MHz, 53
2026/09/24 20:05:46.566, 1, 14 %, 90368 MiB, 281.50 W, 2820 MHz, 13365 MHz, 54
2026/09/24 20:05:46.817, 0, 41 %, 90304 MiB, 254.00 W, 2820 MHz, 13365 MHz, 55
2026/09/24 20:05:46.817, 1, 50 %, 90368 MiB, 279.82 W, 2820 MHz, 13365 MHz, 53
2026/09/24 20:05:47.067, 0, 41 %, 90304 MiB, 254.00 W, 2820 MHz, 13365 MHz, 55
2026/09/24 20:05:47.067, 1, 50 %, 90368 MiB, 279.82 W, 2820 MHz, 13365 MHz, 53
2026/09/24 20:05:47.317, 0, 41 %, 90304 MiB, 257.39 W, 2812 MHz, 13365 MHz, 56
2026/09/24 20:05:47.317, 1, 50 %, 90368 MiB, 279.87 W, 2820 MHz, 13365 MHz, 53
2026/09/24 20:05:47.567, 0, 41 %, 90304 MiB, 257.39 W, 2812 MHz, 13365 MHz, 56
2026/09/24 20:05:47.567, 1, 50 %, 90368 MiB, 279.87 W, 2820 MHz, 13365 MHz, 53
2026/09/24 20:05:47.818, 0, 41 %, 90304 MiB, 259.73 W, 2820 MHz, 13365 MHz, 56
2026/09/24 20:05:47.819, 1, 51 %, 90368 MiB, 279.40 W, 2820 MHz, 13365 MHz, 54
2026/09/24 20:05:48.069, 0, 41 %, 90304 MiB, 259.73 W, 2820 MHz, 13365 MHz, 56
2026/09/24 20:05:48.069, 1, 51 %, 90368 MiB, 279.40 W, 2820 MHz, 13365 MHz, 54
2026/09/24 20:05:48.319, 0, 41 %, 90304 MiB, 261.37 W, 2820 MHz, 13365 MHz, 56
2026/09/24 20:05:48.319, 1, 51 %, 90368 MiB, 283.55 W, 2820 MHz, 13365 MHz, 55
2026/09/24 20:05:48.569, 0, 41 %, 90304 MiB, 261.37 W, 2820 MHz, 13365 MHz, 56
2026/09/24 20:05:48.570, 1, 51 %, 90368 MiB, 283.55 W, 2820 MHz, 13365 MHz, 55
2026/09/24 20:05:48.820, 0, 40 %, 90304 MiB, 262.85 W, 2820 MHz, 13365 MHz, 54
2026/09/24 20:05:48.820, 1, 51 %, 90368 MiB, 284.37 W, 2820 MHz, 13365 MHz, 55
2026/09/24 20:05:49.070, 0, 40 %, 90304 MiB, 262.85 W, 2820 MHz, 13365 MHz, 54
2026/09/24 20:05:49.070, 1, 51 %, 90368 MiB, 284.37 W, 2820 MHz, 13365 MHz, 55
2026/09/24 20:05:49.320, 0, 40 %, 90304 MiB, 260.84 W, 2812 MHz, 13365 MHz, 54
2026/09/24 20:05:49.320, 1, 51 %, 90368 MiB, 282.70 W, 2820 MHz, 13365 MHz, 55
2026/09/24 20:05:49.570, 0, 40 %, 90304 MiB, 260.84 W, 2812 MHz, 13365 MHz, 54
2026/09/24 20:05:49.571, 1, 51 %, 90368 MiB, 282.70 W, 2820 MHz, 13365 MHz, 55
2026/09/24 20:05:49.821, 0, 40 %, 90304 MiB, 258.26 W, 2820 MHz, 13365 MHz, 55
2026/09/24 20:05:49.821, 1, 48 %, 90368 MiB, 176.09 W, 2820 MHz, 13365 MHz, 53
2026/09/24 20:05:50.071, 0, 40 %, 90304 MiB, 258.26 W, 2820 MHz, 13365 MHz, 55
2026/09/24 20:05:50.071, 1, 48 %, 90368 MiB, 176.09 W, 2820 MHz, 13365 MHz, 53
2026/09/24 20:05:50.321, 0, 40 %, 90304 MiB, 261.47 W, 2812 MHz, 13365 MHz, 56
2026/09/24 20:05:50.321, 1, 48 %, 90368 MiB, 284.98 W, 2820 MHz, 13365 MHz, 53
2026/09/24 20:05:50.571, 0, 40 %, 90304 MiB, 261.47 W, 2812 MHz, 13365 MHz, 56
2026/09/24 20:05:50.572, 1, 48 %, 90368 MiB, 284.98 W, 2820 MHz, 13365 MHz, 53
2026/09/24 20:05:50.822, 0, 39 %, 90304 MiB, 258.03 W, 2820 MHz, 13365 MHz, 56
2026/09/24 20:05:50.822, 1, 50 %, 90368 MiB, 278.59 W, 2820 MHz, 13365 MHz, 55
2026/09/24 20:05:51.072, 0, 39 %, 90304 MiB, 258.03 W, 2820 MHz, 13365 MHz, 56
2026/09/24 20:05:51.072, 1, 50 %, 90368 MiB, 278.59 W, 2820 MHz, 13365 MHz, 55
2026/09/24 20:05:51.322, 0, 39 %, 90304 MiB, 262.42 W, 2812 MHz, 13365 MHz, 56
2026/09/24 20:05:51.322, 1, 50 %, 90368 MiB, 282.96 W, 2820 MHz, 13365 MHz, 55
2026/09/24 20:05:51.573, 0, 39 %, 90304 MiB, 262.42 W, 2812 MHz, 13365 MHz, 56
2026/09/24 20:05:51.573, 1, 50 %, 90368 MiB, 282.96 W, 2820 MHz, 13365 MHz, 55
2026/09/24 20:05:51.823, 0, 40 %, 90304 MiB, 262.82 W, 2820 MHz, 13365 MHz, 54
2026/09/24 20:05:51.823, 1, 52 %, 90368 MiB, 284.85 W, 2812 MHz, 13365 MHz, 56
2026/09/24 20:05:52.073, 0, 40 %, 90304 MiB, 262.82 W, 2820 MHz, 13365 MHz, 54
2026/09/24 20:05:52.073, 1, 52 %, 90368 MiB, 284.85 W, 2812 MHz, 13365 MHz, 56
2026/09/24 20:05:52.323, 0, 40 %, 90304 MiB, 261.02 W, 2805 MHz, 13365 MHz, 54
2026/09/24 20:05:52.323, 1, 52 %, 90368 MiB, 285.10 W, 2820 MHz, 13365 MHz, 56
2026/09/24 20:05:52.574, 0, 40 %, 90304 MiB, 261.02 W, 2805 MHz, 13365 MHz, 54
2026/09/24 20:05:52.574, 1, 52 %, 90368 MiB, 285.10 W, 2820 MHz, 13365 MHz, 56
2026/09/24 20:05:52.824, 0, 40 %, 90304 MiB, 257.88 W, 2805 MHz, 13365 MHz, 54
2026/09/24 20:05:52.824, 1, 50 %, 90368 MiB, 285.90 W, 2820 MHz, 13365 MHz, 55
2026/09/24 20:05:53.074, 0, 40 %, 90304 MiB, 257.88 W, 2805 MHz, 13365 MHz, 54
2026/09/24 20:05:53.074, 1, 50 %, 90368 MiB, 285.90 W, 2820 MHz, 13365 MHz, 55
2026/09/24 20:05:53.324, 0, 40 %, 90304 MiB, 254.71 W, 2812 MHz, 13365 MHz, 54
2026/09/24 20:05:53.324, 1, 50 %, 90368 MiB, 284.00 W, 2820 MHz, 13365 MHz, 54
2026/09/24 20:05:53.574, 0, 40 %, 90304 MiB, 254.71 W, 2812 MHz, 13365 MHz, 54
2026/09/24 20:05:53.575, 1, 50 %, 90368 MiB, 284.00 W, 2820 MHz, 13365 MHz, 54
2026/09/24 20:05:53.825, 0, 41 %, 90304 MiB, 254.87 W, 2820 MHz, 13365 MHz, 56
2026/09/24 20:05:53.825, 1, 49 %, 90368 MiB, 280.86 W, 2812 MHz, 13365 MHz, 53
2026/09/24 20:05:54.075, 0, 41 %, 90304 MiB, 254.87 W, 2820 MHz, 13365 MHz, 56
2026/09/24 20:05:54.075, 1, 49 %, 90368 MiB, 280.86 W, 2812 MHz, 13365 MHz, 53
2026/09/24 20:05:54.325, 0, 41 %, 90304 MiB, 260.33 W, 2820 MHz, 13365 MHz, 56
2026/09/24 20:05:54.325, 1, 49 %, 90368 MiB, 282.86 W, 2812 MHz, 13365 MHz, 55
2026/09/24 20:05:54.576, 0, 41 %, 90304 MiB, 260.33 W, 2820 MHz, 13365 MHz, 56
2026/09/24 20:05:54.576, 1, 49 %, 90368 MiB, 282.86 W, 2812 MHz, 13365 MHz, 55
2026/09/24 20:05:54.826, 0, 39 %, 90304 MiB, 259.77 W, 2812 MHz, 13365 MHz, 57
2026/09/24 20:05:54.826, 1, 50 %, 90368 MiB, 281.46 W, 2820 MHz, 13365 MHz, 55
2026/09/24 20:05:55.076, 0, 39 %, 90304 MiB, 259.77 W, 2812 MHz, 13365 MHz, 57
2026/09/24 20:05:55.077, 1, 50 %, 90368 MiB, 281.46 W, 2820 MHz, 13365 MHz, 55
2026/09/24 20:05:55.327, 0, 39 %, 90304 MiB, 407.23 W, 2812 MHz, 13365 MHz, 56
2026/09/24 20:05:55.327, 1, 50 %, 90368 MiB, 280.32 W, 2820 MHz, 13365 MHz, 55
2026/09/24 20:05:55.577, 0, 39 %, 90304 MiB, 407.23 W, 2812 MHz, 13365 MHz, 56
2026/09/24 20:05:55.577, 1, 50 %, 90368 MiB, 280.32 W, 2820 MHz, 13365 MHz, 55
2026/09/24 20:05:55.827, 0, 38 %, 90304 MiB, 264.44 W, 2812 MHz, 13365 MHz, 55
2026/09/24 20:05:55.827, 1, 51 %, 90368 MiB, 283.28 W, 2812 MHz, 13365 MHz, 56
2026/09/24 20:05:56.077, 0, 38 %, 90304 MiB, 264.44 W, 2812 MHz, 13365 MHz, 55
2026/09/24 20:05:56.078, 1, 51 %, 90368 MiB, 283.28 W, 2812 MHz, 13365 MHz, 56
2026/09/24 20:05:56.328, 0, 38 %, 90304 MiB, 262.40 W, 2805 MHz, 13365 MHz, 54
2026/09/24 20:05:56.328, 1, 51 %, 90368 MiB, 283.78 W, 2820 MHz, 13365 MHz, 55
2026/09/24 20:05:56.578, 0, 38 %, 90304 MiB, 262.40 W, 2805 MHz, 13365 MHz, 54
2026/09/24 20:05:56.578, 1, 51 %, 90368 MiB, 283.78 W, 2820 MHz, 13365 MHz, 55
2026/09/24 20:05:56.828, 0, 41 %, 90304 MiB, 262.96 W, 2812 MHz, 13365 MHz, 54
2026/09/24 20:05:56.828, 1, 50 %, 90368 MiB, 279.63 W, 2820 MHz, 13365 MHz, 56
2026/09/24 20:05:57.078, 0, 41 %, 90304 MiB, 262.96 W, 2812 MHz, 13365 MHz, 54
2026/09/24 20:05:57.079, 1, 50 %, 90368 MiB, 279.63 W, 2820 MHz, 13365 MHz, 56
