[server] build: memra-0.138.0-3c894ac2bb8b (id: source-tree, git: 67af1b71eb18)
[server] starting; models config = [("gate", "/root/artifacts/Qwen3.8-27B-NVFP4-Q5K-mtp.gguf", None)]
[gpu-watch] Xid source: journalctl -k -f (/dev/kmsg unreadable — kernel.dmesg_restrict)
[worker-affinity] off (MEMRA_WORKER_CPUSET / MEMRA_WORKER_AFFINITY unset or =0)
[gpu-watch] on: every 60s, probe deadline 10s, fatal after 3 consecutive misses (MEMRA_GPU_PROBE_MISSES), fatal Xid [48, 64, 79, 94, 95, 119, 120]
[worker] Engine ready (device=0, MEMRA_FAST=true)
[spec-gate] policy placement=single-or-non-pp2 LOW=2 HIGH=4 source=placement-default spec-admission=on
[spec-k] automatic table: prompt<1024 -> K=3; cold-long -> K=3; prompt>= 1024 and cached>= 1024 -> K=2 (K=5 when the loaded MTP head is rank-trimmed)
[worker] loading model "gate" <- /root/artifacts/Qwen3.8-27B-NVFP4-Q5K-mtp.gguf
[tensor-contract] bound 866 semantic tensors (pack qwen35, Gguf, output head Separate); every census tensor is claimed and every required tensor is present with its declared shape and storage
[worker]   loaded "gate": 65 layers, eos=248046, stop=[248046]
[worker] gate: template caps tools=true think=true think_switch=true chat_ok=true effort_levels=false qwen_effort=true gemma_think=false dsv4=false glm5=false ctx=262144 tok="qwen35" instruct=Some("chatml") chat_defaults=None/None
[route-contract] model="gate" route=hybrid-worker capacity=4 sessions implemented=[capacity,occupancy,progress,fault-ownership,shutdown-ownership,memory-cost,rewrite-qualification,prime-fairness,service-metrics] refused=[]
[worker] gate: decode wave cap 16; scheduler tick cap 16 (exact-16 tier)
[prefix-host] contracts door: model gate program identity artifact_sha256=1facf36c2db359dcf9c2475cf8f85fe84a528d10aaaaff20f7c0db3d561e024a plan_debug_sha256=8fc1154223424f168e69fdf10f4befec7a9af75544e385bb773759954ff427e5 numeric=server-prefix-entry-v5-kv-q8_0-34B-q5_1-24B template=gguf-jinja device=0 (3846ms to hash /root/artifacts/Qwen3.8-27B-NVFP4-Q5K-mtp.gguf)
[prefix-host] contracts door: model gate draft program identity source=embedded numeric=server-prefix-entry-v5-kv-q8_0-34B-q5_1-24B+mtp-draft-kv-q8_0-34B-q5_1-24B (0ms)
[prefix-host] contracts door: D2H demotes and H2D promotes ride the transfer engine's copy stream and publish at the tick top (memra#536 Move 1)
[prefix-host] contracts door: span staging set allocated at boot: 96 buffers, 156.9 MB in 28.7 ms
[prefix-host] contracts door ON (MEMRA_KV_HOST_CONTRACTS=1): 1 model program identities, tenant salt per pool namespace, server governor ledger pinned/pageable 17180MB device 1409MB in-flight 390; host tier armed; KV plane D2H through the transfer engine on the pageable tier (Option B); KV plane H2D through the same engine on promote (Option C)
[prefix-host] on: budget 8590MB pinned cacheable host RAM (MEMRA_KV_HOST_MB, startup budget policy), plain byte-LRU, demote on device capacity eviction, promote on exact-prefix probe; verify=off (MEMRA_KV_HOST_VERIFY); tenant share cap 50% = 4295MB (MEMRA_KV_HOST_TENANT_PCT)
[prefix-cache] on: budget 470MB (469762048 B, configured by MEMRA_PREFIX_CACHE_MB), policy plain-LRU (global oldest unleased entry first; leases untouchable), min prefix 64 tokens, immediate partial restore=off (rollback) (transformer-only; hybrid mid-entry + routed-MoE N/A)
[admission] "gate": plain 29696 B/token, spec 31552 B/token; fixed residual learns from effective-free deltas
[admit-cal] boot calibration skipped: spec serving disabled (static floor; the plain transient class is chunk-bounded)
[admit-mem] door=OFF open_output_tokens=8192 defer_budget_ms=8000 (admission charges prompt+output, the reclaim flush demotes to the host tier before dropping, and a memory defer past the budget refuses 429 instead of queueing past the client's deadline)
[kv-vmm] door=OFF (MEMRA_KV_ALLOCATOR unset or pooled: pooled K/V planes)
[server] worker ready; serving models: ["gate"]
[server] listening on http://127.0.0.1:18137
[meter] admit id=cmpl-5798ad96fd0aab5b7953e45df860b0da tenant=default lane=interactive model="gate"
[admission] request cost: model="gate" ctx=5187 path=plain = 29696 B/token x ctx + 1984MB prefill-workspace + 0MB fixed = 2138MB
[spec-k] model="gate" tenant="" K=0 source=eligibility-fallback prompt=5122 cached=0 lcp=0 active=1 wave=1 placement=single-or-non-pp2
[admission] fixed residual high-water: model="gate" 317MB (observed 470MB at ctx 5131 path=plain)
[prefix-cache] capture submitted off the tick (seed): 5088 tokens, 32 planes (308.0MB) on the contracts door's copy stream; recurrent state cloned at the boundary on the owner stream
[fa-pool] grow #0 dev=0 o_len 0 -> 497664 ml_len 0 -> 1944 (retired kept, zero=false)
[prefix-cache] contracts door D2D capture receipt: ticket issuer=2 seq=1 epochs=0/1/1 items=32 bytes=151093248 source_digests_sha256=555691ac72aa4f42624e8aa3f6deb57fc46ca759e92500a2151bac5146df9a69 destination_digests_sha256=555691ac72aa4f42624e8aa3f6deb57fc46ca759e92500a2151bac5146df9a69 require=ok
[prefix-cache] capture published off the tick (seed): 5088 tokens complete after 2 poll(s), 82.9ms from submission to completion, 82.9ms to publication (tick-top poll; the settle held the owner thread 0.06ms, entered 82.8ms after submission; copy stream in flight at submission: none)
[prefix-cache] insert (seed): 5088 tokens, 308.0MB (resident 308.0MB / 470MB, model gate)
[meter] admit id=cmpl-bb328cc7a3db4a38f3933dc3df591acc tenant=default lane=interactive model="gate"
[admission] request cost: model="gate" ctx=5185 path=plain = 29696 B/token x ctx + 1984MB prefill-workspace + 317MB fixed = 2455MB
[worker] plain-affinity: declined (no checkpoint retained; 1 parked, 5120 prompt tokens; model gate)
[spec-k] model="gate" tenant="" K=0 source=eligibility-fallback prompt=5120 cached=0 lcp=5 active=1 wave=1 placement=single-or-non-pp2
[prefix-cache] evict (snapshot preflight, LRU): 5088 tokens, 308.0MB (model gate)
[prefix-host] demote submitted off the tick: 5088 tokens, 309.0MB, ticket seq=2, 32 items on the contracts door's copy stream (model gate)
[prefix-host] demote pre-submit split: ticket seq=2 leases 32.79 ms (32 pinned, pooled 0 of 32, 151.1 MB, minflt +40960), register 0.21 ms, spans 0.18 ms, other 0.09 ms (pre-submit 33.27 ms)
[prefix-cache] capture submitted off the tick (seed): 5120 tokens, 32 planes (308.9MB) on the contracts door's copy stream; recurrent state cloned at the boundary on the owner stream
[meter] admit id=cmpl-f4d785c0503d05882fb5fc54968bfd2b tenant=default lane=interactive model="gate"
[prefix-cache] contracts door D2D capture receipt: ticket issuer=2 seq=3 epochs=0/1/1 items=32 bytes=152043520 source_digests_sha256=5c61e7fde12ab34db31fdbb908e3078d255ebbb50c4782946bc5409f8778e497 destination_digests_sha256=5c61e7fde12ab34db31fdbb908e3078d255ebbb50c4782946bc5409f8778e497 require=ok
[prefix-cache] capture published off the tick (seed): 5120 tokens complete after 2 poll(s), 177.8ms from submission to completion, 177.8ms to publication (settled synchronously by a session retire (source retiring: yes); the settle held the owner thread 164.57ms, entered 13.2ms after submission; copy stream in flight at submission: demote)
[prefix-cache] insert (seed): 5120 tokens, 308.9MB (resident 308.9MB / 470MB, model gate)
[prefix-host] contracts door D2H receipt: ticket issuer=2 seq=2 epochs=0/1/1 items=32 (16 KV planes) complete=32 require=ok checksums_sha256=b5f6629ec6ccee68ddf323ecfe16164aef909ff1ed869ef318622c50b8572232 retired acknowledged; 96 f32 spans landed under the ticket and taken back before the retire; receipts on the copy stream (source digests, 169.85ms)
[prefix-host] demote copy complete off the tick: ticket seq=2 complete after 2 poll(s), 179.0ms from submission to completion (tick-top poll); items=128 (32 KV, 96 f32 spans); 98 heap payloads (157.9MB) handed to the hash helper; by slot class: conv 48 (5898240 B), ssm 48 (150994944 B), hidden 1 (0 B), logits 1 (993280 B); span receipt sealed on the copy stream (96 landed digests), required before the publication
[prefix-host] demote KV leases on the hash helper: ticket seq=2, 32 lease views (151.1MB) for the bind's re-hash
[admission] request cost: model="gate" ctx=240 path=plain = 29696 B/token x ctx + 8MB prefill-workspace + 317MB fixed = 332MB
[worker] plain-affinity: declined (no checkpoint retained; 2 parked, 16 prompt tokens; model gate)
[spec-k] model="gate" tenant="" K=0 source=eligibility-fallback prompt=16 cached=0 lcp=0 active=1 wave=1 placement=single-or-non-pp2
[prefix-host] demote: 5088 tokens, 309.0MB in 292.5ms (host resident 309.0MB / 8590MB, model gate)
[prefix-host] demote digests landed off the tick: ticket seq=2, 98 payloads (157.9MB) hashed in 38.8ms on the hash helper, landed after 600 poll(s) (tick-top poll); the owner thread held 33.75ms across the demote: pre-submit 33.27, copy settle 0.17 over 2 poll(s), hashing polls 0.19, take-back bind and publish 0.12; owner in-completion 33.58ms; wall 292.6ms t0 to publication; 0 hit(s) parked on the Hashing entry (0 re-park(s))
[prefix-host] demote helper split: ticket seq=2 copy 78.92 ms over 156.9 MB (minflt +38304), hash 39.28 ms (helper 38.8 ms); reserve 0 of 96 staged; 8 threads
[prefix-host] demote publication split: ticket seq=2 bind 0.09 ms, reclaim 0.00 ms, insert 0.00 ms (twin: meta 0.00 ms, kv 0.00 ms over 0 leases, f32 0.00 ms over 0 payloads, rest 0.00 ms; 0 evicted in 0.00 ms), pause release 0.00 ms
[prefix-host] payload reserve ready: 96 buffers, 156.9 MB in 47.72 ms (minflt +38307, yielded 0 time(s)), charged to the governor's pageable ledger
[meter] admit id=cmpl-64db9c4852bb902536b5a88951c98c0e tenant=default lane=interactive model="gate"
[worker] plain-affinity: declined (no checkpoint retained; 2 parked, 16 prompt tokens; model gate)
[spec-k] model="gate" tenant="" K=0 source=eligibility-fallback prompt=16 cached=0 lcp=0 active=1 wave=1 placement=single-or-non-pp2
[meter] admit id=cmpl-f224db7c7e0c24ac26b3ca5ad285ce39 tenant=default lane=interactive model="gate"
[admission] request cost: model="gate" ctx=5187 path=plain = 29696 B/token x ctx + 1984MB prefill-workspace + 317MB fixed = 2455MB
[prefix-host] promote submitted off the tick: 5088 tokens, 308.0MB, ticket seq=4, 32 items on the contracts door's copy stream, 96 f32 spans filled on the copy stream (156.9MB); owner segment 0.86ms; request parked
[prefix-host] contracts door H2D receipt: ticket issuer=2 seq=4 epochs=0/1/1 items=32 (16 KV planes) complete=32 require=ok checksums_sha256=b5f6629ec6ccee68ddf323ecfe16164aef909ff1ed869ef318622c50b8572232 published retired acknowledged; 96 f32 spans landed under the ticket and taken back before the retire (span receipt: fill 9.89 ms, copies 3.26 ms, digests 0.94 ms); 32 KV checksums on the hash helper (151.1MB in 14.6ms)
[prefix-cache] insert (host-promote): 5088 tokens, 308.0MB (resident 616.9MB / 470MB, model gate)
[prefix-cache] evict (LRU): 5120 tokens, 308.9MB (model gate)
[prefix-host] demote submitted off the tick: 5120 tokens, 310.0MB, ticket seq=5, 32 items on the contracts door's copy stream (model gate)
[prefix-host] demote pre-submit split: ticket seq=5 leases 32.71 ms (32 pinned, pooled 0 of 32, 152.0 MB, minflt +40960), register 0.20 ms, spans 0.17 ms, other 0.09 ms (pre-submit 33.17 ms)
[prefix-host] promote published off the tick: ticket complete after 2 poll(s), 27.4ms from submission to completion (tick-top poll); timeline from t0: submitted +0.22ms (tick 7984, its top -5.64ms); poll 1 at +14.25ms (tick 7985, its top +14.22ms) pending on sources+copies (the tick top); poll 2 at +27.61ms (tick 7986, its top +27.49ms) complete (the tick top); published +60.85ms (tick 7986, its top +27.49ms)
[prefix-host] promote: 5088 tokens, 308.0MB in 60.8ms (model gate)
[prefix-cache] restore not routed (contracts door): the entry was promoted for this admission (insertion pin id=2, 5088 tokens, model gate); the tick program copies it
[worker] plain-affinity: declined (no checkpoint retained; 2 parked, 5122 prompt tokens; model gate)
[prefix-cache] hit: 5088 of 5122 prompt tokens from cache (model gate)
[spec-k] model="gate" tenant="" K=0 source=eligibility-fallback prompt=5122 cached=5088 lcp=5088 active=2 wave=2 placement=single-or-non-pp2
[prefix-cache] source lease released after restore fence (entry 5088 tokens, model gate)
[prefix-host] contracts door D2H receipt: ticket issuer=2 seq=5 epochs=0/1/1 items=32 (16 KV planes) complete=32 require=ok checksums_sha256=66b1c0c1a78cea56765e188199286365d766f92deedee1646b2a178e9da3d8f1 retired acknowledged; 96 f32 spans landed under the ticket and taken back before the retire; receipts on the copy stream (source digests, 165.58ms)
[prefix-host] demote copy complete off the tick: ticket seq=5 complete after 1 poll(s), 258.4ms from submission to completion (tick-top poll); items=128 (32 KV, 96 f32 spans); 98 heap payloads (157.9MB) handed to the hash helper; by slot class: conv 48 (5898240 B), ssm 48 (150994944 B), hidden 1 (0 B), logits 1 (993280 B); span receipt sealed on the copy stream (96 landed digests), required before the publication
[prefix-host] demote KV leases on the hash helper: ticket seq=5, 32 lease views (152.0MB) for the bind's re-hash
[meter] admit id=cmpl-ec391830fdaa501642091acaab494226 tenant=default lane=interactive model="gate"
[admission] request cost: model="gate" ctx=5185 path=plain = 29696 B/token x ctx + 1984MB prefill-workspace + 317MB fixed = 2455MB
[prefix-host] hit parked on a Hashing entry: request cmpl-ec391830fdaa501642091acaab494226 (5120 tokens) hits the Demoting entry's 5120 tokens (ticket seq=5, 98 payloads, 157.9MB on the hash helper for 19.9ms); the request waits one tick for the digests (model gate)
[prefix-host] demote: 5120 tokens, 310.0MB in 324.4ms (host resident 619.0MB / 8590MB, model gate)
[prefix-host] demote digests landed off the tick: ticket seq=5, 98 payloads (157.9MB) hashed in 24.6ms on the hash helper, landed after 2 poll(s) (tick-top poll); the owner thread held 33.49ms across the demote: pre-submit 33.17, copy settle 0.17 over 1 poll(s), hashing polls 0.03, take-back bind and publish 0.12; owner in-completion 33.32ms; wall 324.4ms t0 to publication; 1 hit(s) parked on the Hashing entry (0 re-park(s))
[prefix-host] demote helper split: ticket seq=5 copy 20.67 ms over 156.9 MB (minflt +0), hash 38.45 ms (helper 24.6 ms); reserve 96 of 96 staged; 8 threads
[prefix-host] demote publication split: ticket seq=5 bind 0.10 ms, reclaim 0.00 ms, insert 0.00 ms (twin: meta 0.00 ms, kv 0.00 ms over 0 leases, f32 0.00 ms over 0 payloads, rest 0.00 ms; 0 evicted in 0.00 ms), pause release 0.00 ms
[prefix-host] promote submitted off the tick: 5120 tokens, 308.9MB, ticket seq=6, 32 items on the contracts door's copy stream, 96 f32 spans filled on the copy stream (156.9MB); owner segment 0.57ms; request parked
[prefix-host] contracts door H2D receipt: ticket issuer=2 seq=6 epochs=0/1/1 items=32 (16 KV planes) complete=32 require=ok checksums_sha256=66b1c0c1a78cea56765e188199286365d766f92deedee1646b2a178e9da3d8f1 published retired acknowledged; 96 f32 spans landed under the ticket and taken back before the retire (span receipt: fill 7.90 ms, copies 3.20 ms, digests 0.96 ms); 32 KV checksums on the hash helper (152.0MB in 9.8ms)
[prefix-cache] insert (host-promote): 5120 tokens, 308.9MB (resident 616.9MB / 470MB, model gate)
[prefix-cache] evict (LRU): 5088 tokens, 308.0MB (model gate)
[prefix-host] payload reserve ready: 96 buffers, 156.9 MB in 57.43 ms (minflt +38305, yielded 1 time(s)), charged to the governor's pageable ledger
[prefix-host] demote submitted off the tick: 5088 tokens, 309.0MB, ticket seq=7, 32 items on the contracts door's copy stream (model gate)
[prefix-host] demote pre-submit split: ticket seq=7 leases 39.46 ms (32 pinned, pooled 0 of 32, 151.1 MB, minflt +40960), register 0.21 ms, spans 0.17 ms, other 0.09 ms (pre-submit 39.93 ms)
[prefix-host] promote published off the tick: ticket complete after 2 poll(s), 27.3ms from submission to completion (tick-top poll); timeline from t0: submitted +0.22ms (tick 7989, its top -0.29ms); poll 1 at +14.34ms (tick 7990, its top +14.31ms) pending on copies (the tick top); poll 2 at +27.50ms (tick 7991, its top +27.38ms) complete (the tick top); published +67.51ms (tick 7991, its top +27.38ms)
[prefix-host] promote: 5120 tokens, 308.9MB in 67.5ms (model gate)
[prefix-cache] restore not routed (contracts door): the entry was promoted for this admission (insertion pin id=3, 5120 tokens, model gate); the tick program copies it
[worker] plain-affinity: declined (no checkpoint retained; 2 parked, 5120 prompt tokens; model gate)
[prefix-cache] hit: 5120 of 5120 prompt tokens from cache (model gate)
[spec-k] model="gate" tenant="" K=0 source=eligibility-fallback prompt=5120 cached=5120 lcp=5120 active=2 wave=2 placement=single-or-non-pp2
[prefix-cache] source lease released after restore fence (entry 5120 tokens, model gate)
[prefix-host] contracts door D2H receipt: ticket issuer=2 seq=7 epochs=0/1/1 items=32 (16 KV planes) complete=32 require=ok checksums_sha256=b5f6629ec6ccee68ddf323ecfe16164aef909ff1ed869ef318622c50b8572232 retired acknowledged; 96 f32 spans landed under the ticket and taken back before the retire; receipts on the copy stream (source digests, 269.36ms)
[prefix-host] demote copy complete off the tick: ticket seq=7 complete after 21 poll(s), 280.6ms from submission to completion (tick-top poll); items=128 (32 KV, 96 f32 spans); 98 heap payloads (157.9MB) handed to the hash helper; by slot class: conv 48 (5898240 B), ssm 48 (150994944 B), hidden 1 (0 B), logits 1 (993280 B); span receipt sealed on the copy stream (96 landed digests), required before the publication
[prefix-host] demote KV leases on the hash helper: ticket seq=7, 32 lease views (151.1MB) for the bind's re-hash
[prefix-host] demote: 5088 tokens, 309.0MB in 361.1ms (host resident 619.0MB / 8590MB, model gate)
[prefix-host] demote digests landed off the tick: ticket seq=7, 98 payloads (157.9MB) hashed in 28.1ms on the hash helper, landed after 3 poll(s) (tick-top poll); the owner thread held 40.51ms across the demote: pre-submit 39.93, copy settle 0.37 over 21 poll(s), hashing polls 0.03, take-back bind and publish 0.19; owner in-completion 40.14ms; wall 361.1ms t0 to publication; 0 hit(s) parked on the Hashing entry (0 re-park(s))
[prefix-host] demote helper split: ticket seq=7 copy 22.20 ms over 156.9 MB (minflt +0), hash 50.72 ms (helper 28.1 ms); reserve 96 of 96 staged; 8 threads
[prefix-host] demote publication split: ticket seq=7 bind 0.09 ms, reclaim 0.00 ms, insert 0.08 ms (twin: meta 0.00 ms, kv 0.04 ms over 16 leases, f32 0.02 ms over 96 payloads, rest 0.00 ms; 0 evicted in 0.00 ms), pause release 0.00 ms
[prefix-host] payload reserve ready: 96 buffers, 156.9 MB in 47.87 ms (minflt +38307, yielded 0 time(s)), charged to the governor's pageable ledger
[meter] admit id=cmpl-8768494c6d09c0622146686c5bce0112 tenant=default lane=interactive model="gate"
[admission] request cost: model="gate" ctx=240 path=plain = 29696 B/token x ctx + 8MB prefill-workspace + 317MB fixed = 332MB
[worker] plain-affinity: declined (no checkpoint retained; 2 parked, 16 prompt tokens; model gate)
[spec-k] model="gate" tenant="" K=0 source=eligibility-fallback prompt=16 cached=0 lcp=0 active=1 wave=1 placement=single-or-non-pp2
[meter] admit id=cmpl-79070bb938a6906880b06d87c91889e3 tenant=default lane=interactive model="gate"
[worker] plain-affinity: declined (no checkpoint retained; 2 parked, 16 prompt tokens; model gate)
[spec-k] model="gate" tenant="" K=0 source=eligibility-fallback prompt=16 cached=0 lcp=0 active=1 wave=1 placement=single-or-non-pp2
[meter] admit id=cmpl-db78f1fa816c1675e54db86521f35d24 tenant=default lane=interactive model="gate"
[admission] request cost: model="gate" ctx=5187 path=plain = 29696 B/token x ctx + 1984MB prefill-workspace + 317MB fixed = 2455MB
[prefix-host] promote submitted off the tick: 5088 tokens, 308.0MB, ticket seq=8, 32 items on the contracts door's copy stream, 96 f32 spans filled on the copy stream (156.9MB); owner segment 0.54ms; request parked
[prefix-host] contracts door H2D receipt: ticket issuer=2 seq=8 epochs=0/1/1 items=32 (16 KV planes) complete=32 require=ok checksums_sha256=b5f6629ec6ccee68ddf323ecfe16164aef909ff1ed869ef318622c50b8572232 published retired acknowledged; 96 f32 spans landed under the ticket and taken back before the retire (span receipt: fill 9.75 ms, copies 3.19 ms, digests 0.88 ms); 32 KV checksums on the hash helper (151.1MB in 11.3ms)
[prefix-cache] insert (host-promote): 5088 tokens, 308.0MB (resident 616.9MB / 470MB, model gate)
[prefix-cache] evict (LRU): 5120 tokens, 308.9MB (model gate)
[prefix-host] demote submitted off the tick: 5120 tokens, 310.0MB, ticket seq=9, 32 items on the contracts door's copy stream (model gate)
[prefix-host] demote pre-submit split: ticket seq=9 leases 0.03 ms (32 pinned, pooled 32 of 32, 152.0 MB, minflt +0), register 0.15 ms, spans 0.16 ms, other 0.08 ms (pre-submit 0.42 ms)
[prefix-host] promote published off the tick: ticket complete after 2 poll(s), 27.1ms from submission to completion (tick-top poll); timeline from t0: submitted +0.22ms (tick 9593, its top -5.51ms); poll 1 at +13.96ms (tick 9594, its top +13.92ms) pending on copies (the tick top); poll 2 at +27.34ms (tick 9595, its top +27.20ms) complete (the tick top); published +27.80ms (tick 9595, its top +27.20ms)
[prefix-host] promote: 5088 tokens, 308.0MB in 27.8ms (model gate)
[prefix-cache] restore not routed (contracts door): the entry was promoted for this admission (insertion pin id=4, 5088 tokens, model gate); the tick program copies it
[worker] plain-affinity: declined (no checkpoint retained; 2 parked, 5122 prompt tokens; model gate)
[prefix-cache] hit: 5088 of 5122 prompt tokens from cache (model gate)
[spec-k] model="gate" tenant="" K=0 source=eligibility-fallback prompt=5122 cached=5088 lcp=5088 active=2 wave=2 placement=single-or-non-pp2
[prefix-cache] source lease released after restore fence (entry 5088 tokens, model gate)
[meter] admit id=cmpl-ce63a09dd8e06d05d1c3feda517f6233 tenant=default lane=interactive model="gate"
[admission] request cost: model="gate" ctx=5185 path=plain = 29696 B/token x ctx + 1984MB prefill-workspace + 317MB fixed = 2455MB
[prefix-host] hit parked on a Demoting entry in its copy phase: request cmpl-ce63a09dd8e06d05d1c3feda517f6233 (5120 tokens) hits the Demoting entry's 5120 tokens (ticket seq=9, submitted 103.9ms ago); the request waits for the publication (model gate)
[prefix-host] contracts door D2H receipt: ticket issuer=2 seq=9 epochs=0/1/1 items=32 (16 KV planes) complete=32 require=ok checksums_sha256=66b1c0c1a78cea56765e188199286365d766f92deedee1646b2a178e9da3d8f1 retired acknowledged; 96 f32 spans landed under the ticket and taken back before the retire; receipts on the copy stream (source digests, 232.73ms)
[prefix-host] demote copy complete off the tick: ticket seq=9 complete after 13 poll(s), 250.3ms from submission to completion (tick-top poll); items=128 (32 KV, 96 f32 spans); 98 heap payloads (157.9MB) handed to the hash helper; by slot class: conv 48 (5898240 B), ssm 48 (150994944 B), hidden 1 (0 B), logits 1 (993280 B); span receipt sealed on the copy stream (96 landed digests), required before the publication
[prefix-host] demote KV leases on the hash helper: ticket seq=9, 32 lease views (152.0MB) for the bind's re-hash
[prefix-host] demote: 5120 tokens, 310.0MB in 290.8ms (host resident 619.0MB / 8590MB, model gate)
[prefix-host] demote digests landed off the tick: ticket seq=9, 98 payloads (157.9MB) hashed in 29.2ms on the hash helper, landed after 3 poll(s) (tick-top poll); the owner thread held 0.93ms across the demote: pre-submit 0.42, copy settle 0.28 over 13 poll(s), hashing polls 0.03, take-back bind and publish 0.20; owner in-completion 0.64ms; wall 290.9ms t0 to publication; 1 hit(s) parked on the Hashing entry (13 re-park(s))
[prefix-host] demote helper split: ticket seq=9 copy 25.51 ms over 156.9 MB (minflt +0), hash 56.55 ms (helper 29.2 ms); reserve 96 of 96 staged; 8 threads
[prefix-host] demote publication split: ticket seq=9 bind 0.09 ms, reclaim 0.00 ms, insert 0.07 ms (twin: meta 0.00 ms, kv 0.04 ms over 16 leases, f32 0.02 ms over 96 payloads, rest 0.00 ms; 0 evicted in 0.00 ms), pause release 0.00 ms
[prefix-host] promote submitted off the tick: 5120 tokens, 308.9MB, ticket seq=10, 32 items on the contracts door's copy stream, 96 f32 spans filled on the copy stream (156.9MB); owner segment 0.60ms; request parked
[prefix-host] payload reserve ready: 96 buffers, 156.9 MB in 20.28 ms (minflt +9120, yielded 1 time(s)), charged to the governor's pageable ledger
[prefix-host] contracts door H2D receipt: ticket issuer=2 seq=10 epochs=0/1/1 items=32 (16 KV planes) complete=32 require=ok checksums_sha256=66b1c0c1a78cea56765e188199286365d766f92deedee1646b2a178e9da3d8f1 published retired acknowledged; 96 f32 spans landed under the ticket and taken back before the retire (span receipt: fill 7.48 ms, copies 3.37 ms, digests 1.05 ms); 32 KV checksums on the hash helper (152.0MB in 10.4ms)
[prefix-cache] insert (host-promote): 5120 tokens, 308.9MB (resident 616.9MB / 470MB, model gate)
[prefix-cache] evict (LRU): 5088 tokens, 308.0MB (model gate)
[prefix-host] demote submitted off the tick: 5088 tokens, 309.0MB, ticket seq=11, 32 items on the contracts door's copy stream (model gate)
[prefix-host] demote pre-submit split: ticket seq=11 leases 0.03 ms (32 pinned, pooled 32 of 32, 151.1 MB, minflt +0), register 0.15 ms, spans 0.16 ms, other 0.08 ms (pre-submit 0.43 ms)
[prefix-host] promote published off the tick: ticket complete after 2 poll(s), 27.7ms from submission to completion (tick-top poll); timeline from t0: submitted +0.21ms (tick 9611, its top -0.35ms); poll 1 at +14.62ms (tick 9612, its top +14.58ms) pending on receipt (the tick top); poll 2 at +27.93ms (tick 9613, its top +27.81ms) complete (the tick top); published +28.41ms (tick 9613, its top +27.81ms)
[prefix-host] promote: 5120 tokens, 308.9MB in 28.4ms (model gate)
[prefix-cache] restore not routed (contracts door): the entry was promoted for this admission (insertion pin id=5, 5120 tokens, model gate); the tick program copies it
[worker] plain-affinity: declined (no checkpoint retained; 2 parked, 5120 prompt tokens; model gate)
[prefix-cache] hit: 5120 of 5120 prompt tokens from cache (model gate)
[spec-k] model="gate" tenant="" K=0 source=eligibility-fallback prompt=5120 cached=5120 lcp=5120 active=2 wave=2 placement=single-or-non-pp2
[prefix-cache] source lease released after restore fence (entry 5120 tokens, model gate)
[prefix-host] contracts door D2H receipt: ticket issuer=2 seq=11 epochs=0/1/1 items=32 (16 KV planes) complete=32 require=ok checksums_sha256=b5f6629ec6ccee68ddf323ecfe16164aef909ff1ed869ef318622c50b8572232 retired acknowledged; 96 f32 spans landed under the ticket and taken back before the retire; receipts on the copy stream (source digests, 267.40ms)
[prefix-host] demote copy complete off the tick: ticket seq=11 complete after 21 poll(s), 285.4ms from submission to completion (tick-top poll); items=128 (32 KV, 96 f32 spans); 98 heap payloads (157.9MB) handed to the hash helper; by slot class: conv 48 (5898240 B), ssm 48 (150994944 B), hidden 1 (0 B), logits 1 (993280 B); span receipt sealed on the copy stream (96 landed digests), required before the publication
[prefix-host] demote KV leases on the hash helper: ticket seq=11, 32 lease views (151.1MB) for the bind's re-hash
[prefix-host] payload reserve disarmed: the job took 9120 fresh pages of 38304 (rule >= 38304/2)
[prefix-host] demote: 5088 tokens, 309.0MB in 313.7ms (host resident 619.0MB / 8590MB, model gate)
[prefix-host] demote digests landed off the tick: ticket seq=11, 98 payloads (157.9MB) hashed in 26.8ms on the hash helper, landed after 2 poll(s) (tick-top poll); the owner thread held 1.01ms across the demote: pre-submit 0.43, copy settle 0.36 over 21 poll(s), hashing polls 0.03, take-back bind and publish 0.19; owner in-completion 0.65ms; wall 313.7ms t0 to publication; 0 hit(s) parked on the Hashing entry (0 re-park(s))
[prefix-host] demote helper split: ticket seq=11 copy 20.37 ms over 156.9 MB (minflt +0), hash 43.99 ms (helper 26.8 ms); reserve 96 of 96 staged; 8 threads
[prefix-host] demote publication split: ticket seq=11 bind 0.10 ms, reclaim 0.00 ms, insert 0.08 ms (twin: meta 0.00 ms, kv 0.04 ms over 16 leases, f32 0.02 ms over 96 payloads, rest 0.00 ms; 0 evicted in 0.00 ms), pause release 0.00 ms
[meter] admit id=cmpl-290e4e5361b0f9bed00ab80d676f4dae tenant=default lane=interactive model="gate"
[admission] request cost: model="gate" ctx=240 path=plain = 29696 B/token x ctx + 8MB prefill-workspace + 317MB fixed = 332MB
[worker] plain-affinity: declined (no checkpoint retained; 2 parked, 16 prompt tokens; model gate)
[spec-k] model="gate" tenant="" K=0 source=eligibility-fallback prompt=16 cached=0 lcp=0 active=1 wave=1 placement=single-or-non-pp2
[meter] admit id=cmpl-8b3a03981cb6aff3ea7e1dba6eca5b37 tenant=default lane=interactive model="gate"
[worker] plain-affinity: declined (no checkpoint retained; 2 parked, 16 prompt tokens; model gate)
[spec-k] model="gate" tenant="" K=0 source=eligibility-fallback prompt=16 cached=0 lcp=0 active=1 wave=1 placement=single-or-non-pp2
[meter] admit id=cmpl-da3932d095059286ada40d091b852995 tenant=default lane=interactive model="gate"
[admission] request cost: model="gate" ctx=5187 path=plain = 29696 B/token x ctx + 1984MB prefill-workspace + 317MB fixed = 2455MB
[prefix-host] promote submitted off the tick: 5088 tokens, 308.0MB, ticket seq=12, 32 items on the contracts door's copy stream, 96 f32 spans filled on the copy stream (156.9MB); owner segment 0.54ms; request parked
[prefix-host] contracts door H2D receipt: ticket issuer=2 seq=12 epochs=0/1/1 items=32 (16 KV planes) complete=32 require=ok checksums_sha256=b5f6629ec6ccee68ddf323ecfe16164aef909ff1ed869ef318622c50b8572232 published retired acknowledged; 96 f32 spans landed under the ticket and taken back before the retire (span receipt: fill 10.00 ms, copies 3.21 ms, digests 0.89 ms); 32 KV checksums on the hash helper (151.1MB in 13.8ms)
[prefix-cache] insert (host-promote): 5088 tokens, 308.0MB (resident 616.9MB / 470MB, model gate)
[prefix-cache] evict (LRU): 5120 tokens, 308.9MB (model gate)
[prefix-host] demote submitted off the tick: 5120 tokens, 310.0MB, ticket seq=13, 32 items on the contracts door's copy stream (model gate)
[prefix-host] demote pre-submit split: ticket seq=13 leases 0.03 ms (32 pinned, pooled 32 of 32, 152.0 MB, minflt +0), register 0.14 ms, spans 0.16 ms, other 0.08 ms (pre-submit 0.41 ms)
[prefix-host] promote published off the tick: ticket complete after 2 poll(s), 27.1ms from submission to completion (tick-top poll); timeline from t0: submitted +0.21ms (tick 11185, its top -5.56ms); poll 1 at +13.93ms (tick 11186, its top +13.90ms) pending on sources+copies (the tick top); poll 2 at +27.34ms (tick 11187, its top +27.21ms) complete (the tick top); published +27.80ms (tick 11187, its top +27.21ms)
[prefix-host] promote: 5088 tokens, 308.0MB in 27.8ms (model gate)
[prefix-cache] restore not routed (contracts door): the entry was promoted for this admission (insertion pin id=6, 5088 tokens, model gate); the tick program copies it
[worker] plain-affinity: declined (no checkpoint retained; 2 parked, 5122 prompt tokens; model gate)
[prefix-cache] hit: 5088 of 5122 prompt tokens from cache (model gate)
[spec-k] model="gate" tenant="" K=0 source=eligibility-fallback prompt=5122 cached=5088 lcp=5088 active=2 wave=2 placement=single-or-non-pp2
[prefix-cache] source lease released after restore fence (entry 5088 tokens, model gate)
[meter] admit id=cmpl-872085fde4687bb49f4e4b3f46216e76 tenant=default lane=interactive model="gate"
[admission] request cost: model="gate" ctx=5185 path=plain = 29696 B/token x ctx + 1984MB prefill-workspace + 317MB fixed = 2455MB
[prefix-host] hit parked on a Demoting entry in its copy phase: request cmpl-872085fde4687bb49f4e4b3f46216e76 (5120 tokens) hits the Demoting entry's 5120 tokens (ticket seq=13, submitted 103.9ms ago); the request waits for the publication (model gate)
[prefix-host] contracts door D2H receipt: ticket issuer=2 seq=13 epochs=0/1/1 items=32 (16 KV planes) complete=32 require=ok checksums_sha256=66b1c0c1a78cea56765e188199286365d766f92deedee1646b2a178e9da3d8f1 retired acknowledged; 96 f32 spans landed under the ticket and taken back before the retire; receipts on the copy stream (source digests, 232.38ms)
[prefix-host] demote copy complete off the tick: ticket seq=13 complete after 13 poll(s), 250.0ms from submission to completion (tick-top poll); items=128 (32 KV, 96 f32 spans); 98 heap payloads (157.9MB) handed to the hash helper; by slot class: conv 48 (5898240 B), ssm 48 (150994944 B), hidden 1 (0 B), logits 1 (993280 B); span receipt sealed on the copy stream (96 landed digests), required before the publication
[prefix-host] demote KV leases on the hash helper: ticket seq=13, 32 lease views (152.0MB) for the bind's re-hash
[prefix-host] payload reserve armed: the job took 37524 fresh pages of 38304 (rule >= 38304/2)
[prefix-host] demote: 5120 tokens, 310.0MB in 290.5ms (host resident 619.0MB / 8590MB, model gate)
[prefix-host] demote digests landed off the tick: ticket seq=13, 98 payloads (157.9MB) hashed in 34.6ms on the hash helper, landed after 3 poll(s) (tick-top poll); the owner thread held 0.94ms across the demote: pre-submit 0.41, copy settle 0.29 over 13 poll(s), hashing polls 0.03, take-back bind and publish 0.22; owner in-completion 0.66ms; wall 290.5ms t0 to publication; 1 hit(s) parked on the Hashing entry (13 re-park(s))
[prefix-host] demote helper split: ticket seq=13 copy 66.99 ms over 156.9 MB (minflt +37524), hash 45.21 ms (helper 34.6 ms); reserve 0 of 96 staged; 8 threads
[prefix-host] demote publication split: ticket seq=13 bind 0.10 ms, reclaim 0.00 ms, insert 0.09 ms (twin: meta 0.00 ms, kv 0.05 ms over 16 leases, f32 0.02 ms over 96 payloads, rest 0.00 ms; 0 evicted in 0.00 ms), pause release 0.00 ms
[prefix-host] promote submitted off the tick: 5120 tokens, 308.9MB, ticket seq=14, 32 items on the contracts door's copy stream, 96 f32 spans filled on the copy stream (156.9MB); owner segment 0.62ms; request parked
[prefix-host] payload reserve ready: 96 buffers, 156.9 MB in 12.79 ms (minflt +0, yielded 1 time(s)), charged to the governor's pageable ledger
[prefix-host] contracts door H2D receipt: ticket issuer=2 seq=14 epochs=0/1/1 items=32 (16 KV planes) complete=32 require=ok checksums_sha256=66b1c0c1a78cea56765e188199286365d766f92deedee1646b2a178e9da3d8f1 published retired acknowledged; 96 f32 spans landed under the ticket and taken back before the retire (span receipt: fill 8.28 ms, copies 3.39 ms, digests 0.88 ms); 32 KV checksums on the hash helper (152.0MB in 8.4ms)
[prefix-cache] insert (host-promote): 5120 tokens, 308.9MB (resident 616.9MB / 470MB, model gate)
[prefix-cache] evict (LRU): 5088 tokens, 308.0MB (model gate)
[prefix-host] demote submitted off the tick: 5088 tokens, 309.0MB, ticket seq=15, 32 items on the contracts door's copy stream (model gate)
[prefix-host] demote pre-submit split: ticket seq=15 leases 0.03 ms (32 pinned, pooled 32 of 32, 151.1 MB, minflt +0), register 0.14 ms, spans 0.16 ms, other 0.08 ms (pre-submit 0.42 ms)
[prefix-host] promote published off the tick: ticket complete after 2 poll(s), 27.7ms from submission to completion (tick-top poll); timeline from t0: submitted +0.22ms (tick 11203, its top -0.38ms); poll 1 at +14.59ms (tick 11204, its top +14.54ms) pending on copies (the tick top); poll 2 at +27.94ms (tick 11205, its top +27.82ms) complete (the tick top); published +28.41ms (tick 11205, its top +27.82ms)
[prefix-host] promote: 5120 tokens, 308.9MB in 28.4ms (model gate)
[prefix-cache] restore not routed (contracts door): the entry was promoted for this admission (insertion pin id=7, 5120 tokens, model gate); the tick program copies it
[worker] plain-affinity: declined (no checkpoint retained; 2 parked, 5120 prompt tokens; model gate)
[prefix-cache] hit: 5120 of 5120 prompt tokens from cache (model gate)
[spec-k] model="gate" tenant="" K=0 source=eligibility-fallback prompt=5120 cached=5120 lcp=5120 active=2 wave=2 placement=single-or-non-pp2
[prefix-cache] source lease released after restore fence (entry 5120 tokens, model gate)
[prefix-host] contracts door D2H receipt: ticket issuer=2 seq=15 epochs=0/1/1 items=32 (16 KV planes) complete=32 require=ok checksums_sha256=b5f6629ec6ccee68ddf323ecfe16164aef909ff1ed869ef318622c50b8572232 retired acknowledged; 96 f32 spans landed under the ticket and taken back before the retire; receipts on the copy stream (source digests, 266.72ms)
[prefix-host] demote copy complete off the tick: ticket seq=15 complete after 21 poll(s), 284.7ms from submission to completion (tick-top poll); items=128 (32 KV, 96 f32 spans); 98 heap payloads (157.9MB) handed to the hash helper; by slot class: conv 48 (5898240 B), ssm 48 (150994944 B), hidden 1 (0 B), logits 1 (993280 B); span receipt sealed on the copy stream (96 landed digests), required before the publication
[prefix-host] demote KV leases on the hash helper: ticket seq=15, 32 lease views (151.1MB) for the bind's re-hash
[prefix-host] payload reserve disarmed: the job took 0 fresh pages of 38304 (rule >= 38304/2)
[prefix-host] demote: 5088 tokens, 309.0MB in 326.4ms (host resident 619.0MB / 8590MB, model gate)
[prefix-host] demote digests landed off the tick: ticket seq=15, 98 payloads (157.9MB) hashed in 27.9ms on the hash helper, landed after 3 poll(s) (tick-top poll); the owner thread held 1.01ms across the demote: pre-submit 0.42, copy settle 0.36 over 21 poll(s), hashing polls 0.03, take-back bind and publish 0.20; owner in-completion 0.64ms; wall 326.5ms t0 to publication; 0 hit(s) parked on the Hashing entry (0 re-park(s))
[prefix-host] demote helper split: ticket seq=15 copy 22.49 ms over 156.9 MB (minflt +0), hash 50.15 ms (helper 27.9 ms); reserve 96 of 96 staged; 8 threads
[prefix-host] demote publication split: ticket seq=15 bind 0.09 ms, reclaim 0.00 ms, insert 0.08 ms (twin: meta 0.00 ms, kv 0.05 ms over 16 leases, f32 0.02 ms over 96 payloads, rest 0.00 ms; 0 evicted in 0.00 ms), pause release 0.00 ms
[meter] admit id=cmpl-797ba78168e5d933e71f3374a6754800 tenant=default lane=interactive model="gate"
[admission] request cost: model="gate" ctx=240 path=plain = 29696 B/token x ctx + 8MB prefill-workspace + 317MB fixed = 332MB
[worker] plain-affinity: declined (no checkpoint retained; 2 parked, 16 prompt tokens; model gate)
[spec-k] model="gate" tenant="" K=0 source=eligibility-fallback prompt=16 cached=0 lcp=0 active=1 wave=1 placement=single-or-non-pp2
[meter] admit id=cmpl-27572a14655961737d08610c7c211978 tenant=default lane=interactive model="gate"
[worker] plain-affinity: declined (no checkpoint retained; 2 parked, 16 prompt tokens; model gate)
[spec-k] model="gate" tenant="" K=0 source=eligibility-fallback prompt=16 cached=0 lcp=0 active=1 wave=1 placement=single-or-non-pp2
[meter] admit id=cmpl-93a6f00890f4b604dc1a27b60a0a8a4d tenant=default lane=interactive model="gate"
[admission] request cost: model="gate" ctx=5187 path=plain = 29696 B/token x ctx + 1984MB prefill-workspace + 317MB fixed = 2455MB
[prefix-host] promote submitted off the tick: 5088 tokens, 308.0MB, ticket seq=16, 32 items on the contracts door's copy stream, 96 f32 spans filled on the copy stream (156.9MB); owner segment 0.66ms; request parked
[prefix-host] contracts door H2D receipt: ticket issuer=2 seq=16 epochs=0/1/1 items=32 (16 KV planes) complete=32 require=ok checksums_sha256=b5f6629ec6ccee68ddf323ecfe16164aef909ff1ed869ef318622c50b8572232 published retired acknowledged; 96 f32 spans landed under the ticket and taken back before the retire (span receipt: fill 7.64 ms, copies 3.20 ms, digests 0.79 ms); 32 KV checksums on the hash helper (151.1MB in 10.2ms)
[prefix-cache] insert (host-promote): 5088 tokens, 308.0MB (resident 616.9MB / 470MB, model gate)
[prefix-cache] evict (LRU): 5120 tokens, 308.9MB (model gate)
[prefix-host] demote submitted off the tick: 5120 tokens, 310.0MB, ticket seq=17, 32 items on the contracts door's copy stream (model gate)
[prefix-host] demote pre-submit split: ticket seq=17 leases 0.04 ms (32 pinned, pooled 32 of 32, 152.0 MB, minflt +0), register 0.15 ms, spans 0.17 ms, other 0.11 ms (pre-submit 0.46 ms)
[prefix-host] promote published off the tick: ticket complete after 2 poll(s), 27.2ms from submission to completion (tick-top poll); timeline from t0: submitted +0.25ms (tick 12729, its top -5.97ms); poll 1 at +14.37ms (tick 12730, its top +14.34ms) pending on receipt (the tick top); poll 2 at +27.43ms (tick 12731, its top +27.30ms) complete (the tick top); published +27.94ms (tick 12731, its top +27.30ms)
[prefix-host] promote: 5088 tokens, 308.0MB in 27.9ms (model gate)
[prefix-cache] restore not routed (contracts door): the entry was promoted for this admission (insertion pin id=8, 5088 tokens, model gate); the tick program copies it
[worker] plain-affinity: declined (no checkpoint retained; 2 parked, 5122 prompt tokens; model gate)
[prefix-cache] hit: 5088 of 5122 prompt tokens from cache (model gate)
[spec-k] model="gate" tenant="" K=0 source=eligibility-fallback prompt=5122 cached=5088 lcp=5088 active=2 wave=2 placement=single-or-non-pp2
[prefix-cache] source lease released after restore fence (entry 5088 tokens, model gate)
[meter] admit id=cmpl-36566fbc2dfd4e41742a3c1a9386a53d tenant=default lane=interactive model="gate"
[admission] request cost: model="gate" ctx=5185 path=plain = 29696 B/token x ctx + 1984MB prefill-workspace + 317MB fixed = 2455MB
[prefix-host] hit parked on a Demoting entry in its copy phase: request cmpl-36566fbc2dfd4e41742a3c1a9386a53d (5120 tokens) hits the Demoting entry's 5120 tokens (ticket seq=17, submitted 108.3ms ago); the request waits for the publication (model gate)
[prefix-host] contracts door D2H receipt: ticket issuer=2 seq=17 epochs=0/1/1 items=32 (16 KV planes) complete=32 require=ok checksums_sha256=66b1c0c1a78cea56765e188199286365d766f92deedee1646b2a178e9da3d8f1 retired acknowledged; 96 f32 spans landed under the ticket and taken back before the retire; receipts on the copy stream (source digests, 229.81ms)
[prefix-host] demote copy complete off the tick: ticket seq=17 complete after 12 poll(s), 239.8ms from submission to completion (tick-top poll); items=128 (32 KV, 96 f32 spans); 98 heap payloads (157.9MB) handed to the hash helper; by slot class: conv 48 (5898240 B), ssm 48 (150994944 B), hidden 1 (0 B), logits 1 (993280 B); span receipt sealed on the copy stream (96 landed digests), required before the publication
[prefix-host] demote KV leases on the hash helper: ticket seq=17, 32 lease views (152.0MB) for the bind's re-hash
[prefix-host] payload reserve armed: the job took 28323 fresh pages of 38304 (rule >= 38304/2)
[prefix-host] demote: 5120 tokens, 310.0MB in 280.2ms (host resident 619.0MB / 8590MB, model gate)
[prefix-host] demote digests landed off the tick: ticket seq=17, 98 payloads (157.9MB) hashed in 34.7ms on the hash helper, landed after 3 poll(s) (tick-top poll); the owner thread held 1.01ms across the demote: pre-submit 0.46, copy settle 0.29 over 12 poll(s), hashing polls 0.04, take-back bind and publish 0.22; owner in-completion 0.72ms; wall 280.2ms t0 to publication; 1 hit(s) parked on the Hashing entry (12 re-park(s))
[prefix-host] demote helper split: ticket seq=17 copy 57.56 ms over 156.9 MB (minflt +28323), hash 48.58 ms (helper 34.7 ms); reserve 0 of 96 staged; 8 threads
[prefix-host] demote publication split: ticket seq=17 bind 0.10 ms, reclaim 0.00 ms, insert 0.09 ms (twin: meta 0.00 ms, kv 0.05 ms over 16 leases, f32 0.02 ms over 96 payloads, rest 0.01 ms; 0 evicted in 0.00 ms), pause release 0.00 ms
[prefix-host] promote submitted off the tick: 5120 tokens, 308.9MB, ticket seq=18, 32 items on the contracts door's copy stream, 96 f32 spans filled on the copy stream (156.9MB); owner segment 0.59ms; request parked
[prefix-host] payload reserve ready: 96 buffers, 156.9 MB in 11.30 ms (minflt +0, yielded 1 time(s)), charged to the governor's pageable ledger
[prefix-host] contracts door H2D receipt: ticket issuer=2 seq=18 epochs=0/1/1 items=32 (16 KV planes) complete=32 require=ok checksums_sha256=66b1c0c1a78cea56765e188199286365d766f92deedee1646b2a178e9da3d8f1 published retired acknowledged; 96 f32 spans landed under the ticket and taken back before the retire (span receipt: fill 7.38 ms, copies 3.60 ms, digests 1.01 ms); 32 KV checksums on the hash helper (152.0MB in 10.6ms)
[prefix-cache] insert (host-promote): 5120 tokens, 308.9MB (resident 616.9MB / 470MB, model gate)
[prefix-cache] evict (LRU): 5088 tokens, 308.0MB (model gate)
[prefix-host] demote submitted off the tick: 5088 tokens, 309.0MB, ticket seq=19, 32 items on the contracts door's copy stream (model gate)
[prefix-host] demote pre-submit split: ticket seq=19 leases 0.03 ms (32 pinned, pooled 32 of 32, 151.1 MB, minflt +0), register 0.14 ms, spans 0.16 ms, other 0.08 ms (pre-submit 0.42 ms)
[prefix-host] promote published off the tick: ticket complete after 2 poll(s), 27.8ms from submission to completion (tick-top poll); timeline from t0: submitted +0.22ms (tick 12746, its top -0.39ms); poll 1 at +14.74ms (tick 12747, its top +14.71ms) pending on receipt (the tick top); poll 2 at +28.01ms (tick 12748, its top +27.89ms) complete (the tick top); published +28.49ms (tick 12748, its top +27.89ms)
[prefix-host] promote: 5120 tokens, 308.9MB in 28.5ms (model gate)
[prefix-cache] restore not routed (contracts door): the entry was promoted for this admission (insertion pin id=9, 5120 tokens, model gate); the tick program copies it
[worker] plain-affinity: declined (no checkpoint retained; 2 parked, 5120 prompt tokens; model gate)
[prefix-cache] hit: 5120 of 5120 prompt tokens from cache (model gate)
[spec-k] model="gate" tenant="" K=0 source=eligibility-fallback prompt=5120 cached=5120 lcp=5120 active=2 wave=2 placement=single-or-non-pp2
[prefix-cache] source lease released after restore fence (entry 5120 tokens, model gate)
[prefix-host] contracts door D2H receipt: ticket issuer=2 seq=19 epochs=0/1/1 items=32 (16 KV planes) complete=32 require=ok checksums_sha256=b5f6629ec6ccee68ddf323ecfe16164aef909ff1ed869ef318622c50b8572232 retired acknowledged; 96 f32 spans landed under the ticket and taken back before the retire; receipts on the copy stream (source digests, 267.25ms)
[prefix-host] demote copy complete off the tick: ticket seq=19 complete after 21 poll(s), 285.3ms from submission to completion (tick-top poll); items=128 (32 KV, 96 f32 spans); 98 heap payloads (157.9MB) handed to the hash helper; by slot class: conv 48 (5898240 B), ssm 48 (150994944 B), hidden 1 (0 B), logits 1 (993280 B); span receipt sealed on the copy stream (96 landed digests), required before the publication
[prefix-host] demote KV leases on the hash helper: ticket seq=19, 32 lease views (151.1MB) for the bind's re-hash
[prefix-host] payload reserve disarmed: the job took 0 fresh pages of 38304 (rule >= 38304/2)
[prefix-host] demote: 5088 tokens, 309.0MB in 314.2ms (host resident 619.0MB / 8590MB, model gate)
[prefix-host] demote digests landed off the tick: ticket seq=19, 98 payloads (157.9MB) hashed in 27.0ms on the hash helper, landed after 2 poll(s) (tick-top poll); the owner thread held 1.79ms across the demote: pre-submit 0.42, copy settle 0.37 over 21 poll(s), hashing polls 0.03, take-back bind and publish 0.98; owner in-completion 1.42ms; wall 314.2ms t0 to publication; 0 hit(s) parked on the Hashing entry (0 re-park(s))
[prefix-host] demote helper split: ticket seq=19 copy 21.24 ms over 156.9 MB (minflt +0), hash 54.12 ms (helper 27.0 ms); reserve 96 of 96 staged; 8 threads
[prefix-host] demote publication split: ticket seq=19 bind 0.09 ms, reclaim 0.00 ms, insert 0.86 ms (twin: meta 0.00 ms, kv 0.04 ms over 16 leases, f32 0.80 ms over 96 payloads, rest 0.01 ms; 0 evicted in 0.00 ms), pause release 0.00 ms
[meter] admit id=cmpl-19bba90088854825089f1c86379c030e tenant=default lane=interactive model="gate"
[admission] request cost: model="gate" ctx=240 path=plain = 29696 B/token x ctx + 8MB prefill-workspace + 317MB fixed = 332MB
[worker] plain-affinity: declined (no checkpoint retained; 2 parked, 16 prompt tokens; model gate)
[spec-k] model="gate" tenant="" K=0 source=eligibility-fallback prompt=16 cached=0 lcp=0 active=1 wave=1 placement=single-or-non-pp2
[meter] admit id=cmpl-81cb592a5699c8e50813bfd33c655e3d tenant=default lane=interactive model="gate"
[worker] plain-affinity: declined (no checkpoint retained; 2 parked, 16 prompt tokens; model gate)
[spec-k] model="gate" tenant="" K=0 source=eligibility-fallback prompt=16 cached=0 lcp=0 active=1 wave=1 placement=single-or-non-pp2
[meter] admit id=cmpl-9f7facee5cf51c289f0980cec3475586 tenant=default lane=interactive model="gate"
[admission] request cost: model="gate" ctx=5187 path=plain = 29696 B/token x ctx + 1984MB prefill-workspace + 317MB fixed = 2455MB
[prefix-host] promote submitted off the tick: 5088 tokens, 308.0MB, ticket seq=20, 32 items on the contracts door's copy stream, 96 f32 spans filled on the copy stream (156.9MB); owner segment 0.56ms; request parked
[prefix-host] contracts door H2D receipt: ticket issuer=2 seq=20 epochs=0/1/1 items=32 (16 KV planes) complete=32 require=ok checksums_sha256=b5f6629ec6ccee68ddf323ecfe16164aef909ff1ed869ef318622c50b8572232 published retired acknowledged; 96 f32 spans landed under the ticket and taken back before the retire (span receipt: fill 8.48 ms, copies 3.25 ms, digests 0.91 ms); 32 KV checksums on the hash helper (151.1MB in 13.4ms)
[prefix-cache] insert (host-promote): 5088 tokens, 308.0MB (resident 616.9MB / 470MB, model gate)
[prefix-cache] evict (LRU): 5120 tokens, 308.9MB (model gate)
[prefix-host] demote submitted off the tick: 5120 tokens, 310.0MB, ticket seq=21, 32 items on the contracts door's copy stream (model gate)
[prefix-host] demote pre-submit split: ticket seq=21 leases 0.03 ms (32 pinned, pooled 32 of 32, 152.0 MB, minflt +0), register 0.14 ms, spans 0.16 ms, other 0.08 ms (pre-submit 0.41 ms)
[prefix-host] promote published off the tick: ticket complete after 2 poll(s), 27.1ms from submission to completion (tick-top poll); timeline from t0: submitted +0.22ms (tick 14273, its top -5.66ms); poll 1 at +14.19ms (tick 14274, its top +14.15ms) pending on copies (the tick top); poll 2 at +27.36ms (tick 14275, its top +27.23ms) complete (the tick top); published +27.82ms (tick 14275, its top +27.23ms)
[prefix-host] promote: 5088 tokens, 308.0MB in 27.8ms (model gate)
[prefix-cache] restore not routed (contracts door): the entry was promoted for this admission (insertion pin id=10, 5088 tokens, model gate); the tick program copies it
[worker] plain-affinity: declined (no checkpoint retained; 2 parked, 5122 prompt tokens; model gate)
[prefix-cache] hit: 5088 of 5122 prompt tokens from cache (model gate)
[spec-k] model="gate" tenant="" K=0 source=eligibility-fallback prompt=5122 cached=5088 lcp=5088 active=2 wave=2 placement=single-or-non-pp2
[prefix-cache] source lease released after restore fence (entry 5088 tokens, model gate)
[meter] admit id=cmpl-793ba98a155fc15c0d0df03d1b419c38 tenant=default lane=interactive model="gate"
[admission] request cost: model="gate" ctx=5185 path=plain = 29696 B/token x ctx + 1984MB prefill-workspace + 317MB fixed = 2455MB
[prefix-host] hit parked on a Demoting entry in its copy phase: request cmpl-793ba98a155fc15c0d0df03d1b419c38 (5120 tokens) hits the Demoting entry's 5120 tokens (ticket seq=21, submitted 103.9ms ago); the request waits for the publication (model gate)
[prefix-host] contracts door D2H receipt: ticket issuer=2 seq=21 epochs=0/1/1 items=32 (16 KV planes) complete=32 require=ok checksums_sha256=66b1c0c1a78cea56765e188199286365d766f92deedee1646b2a178e9da3d8f1 retired acknowledged; 96 f32 spans landed under the ticket and taken back before the retire; receipts on the copy stream (source digests, 232.50ms)
[prefix-host] demote copy complete off the tick: ticket seq=21 complete after 13 poll(s), 250.2ms from submission to completion (tick-top poll); items=128 (32 KV, 96 f32 spans); 98 heap payloads (157.9MB) handed to the hash helper; by slot class: conv 48 (5898240 B), ssm 48 (150994944 B), hidden 1 (0 B), logits 1 (993280 B); span receipt sealed on the copy stream (96 landed digests), required before the publication
[prefix-host] demote KV leases on the hash helper: ticket seq=21, 32 lease views (152.0MB) for the bind's re-hash
[prefix-host] demote: 5120 tokens, 310.0MB in 292.4ms (host resident 619.0MB / 8590MB, model gate)
[prefix-host] demote digests landed off the tick: ticket seq=21, 98 payloads (157.9MB) hashed in 33.6ms on the hash helper, landed after 3 poll(s) (tick-top poll); the owner thread held 2.58ms across the demote: pre-submit 0.41, copy settle 0.29 over 13 poll(s), hashing polls 0.03, take-back bind and publish 1.85; owner in-completion 2.29ms; wall 292.4ms t0 to publication; 1 hit(s) parked on the Hashing entry (13 re-park(s))
[prefix-host] demote helper split: ticket seq=21 copy 40.87 ms over 156.9 MB (minflt +17017), hash 49.05 ms (helper 33.6 ms); reserve 0 of 96 staged; 8 threads
[prefix-host] demote publication split: ticket seq=21 bind 0.10 ms, reclaim 0.00 ms, insert 1.72 ms (twin: meta 0.00 ms, kv 0.04 ms over 16 leases, f32 1.66 ms over 96 payloads, rest 0.01 ms; 0 evicted in 0.00 ms), pause release 0.00 ms
[prefix-host] promote submitted off the tick: 5120 tokens, 308.9MB, ticket seq=22, 32 items on the contracts door's copy stream, 96 f32 spans filled on the copy stream (156.9MB); owner segment 0.53ms; request parked
[prefix-host] contracts door H2D receipt: ticket issuer=2 seq=22 epochs=0/1/1 items=32 (16 KV planes) complete=32 require=ok checksums_sha256=66b1c0c1a78cea56765e188199286365d766f92deedee1646b2a178e9da3d8f1 published retired acknowledged; 96 f32 spans landed under the ticket and taken back before the retire (span receipt: fill 8.01 ms, copies 3.15 ms, digests 0.90 ms); 32 KV checksums on the hash helper (152.0MB in 9.6ms)
[prefix-cache] insert (host-promote): 5120 tokens, 308.9MB (resident 616.9MB / 470MB, model gate)
[prefix-cache] evict (LRU): 5088 tokens, 308.0MB (model gate)
[prefix-host] demote submitted off the tick: 5088 tokens, 309.0MB, ticket seq=23, 32 items on the contracts door's copy stream (model gate)
[prefix-host] demote pre-submit split: ticket seq=23 leases 0.03 ms (32 pinned, pooled 32 of 32, 151.1 MB, minflt +0), register 0.14 ms, spans 0.16 ms, other 0.07 ms (pre-submit 0.41 ms)
[prefix-host] promote published off the tick: ticket complete after 2 poll(s), 27.6ms from submission to completion (tick-top poll); timeline from t0: submitted +0.21ms (tick 14291, its top -2.04ms); poll 1 at +14.48ms (tick 14292, its top +14.44ms) pending on copies (the tick top); poll 2 at +27.78ms (tick 14293, its top +27.66ms) complete (the tick top); published +28.24ms (tick 14293, its top +27.66ms)
[prefix-host] promote: 5120 tokens, 308.9MB in 28.2ms (model gate)
[prefix-cache] restore not routed (contracts door): the entry was promoted for this admission (insertion pin id=11, 5120 tokens, model gate); the tick program copies it
[worker] plain-affinity: declined (no checkpoint retained; 2 parked, 5120 prompt tokens; model gate)
[prefix-cache] hit: 5120 of 5120 prompt tokens from cache (model gate)
[spec-k] model="gate" tenant="" K=0 source=eligibility-fallback prompt=5120 cached=5120 lcp=5120 active=2 wave=2 placement=single-or-non-pp2
[prefix-cache] source lease released after restore fence (entry 5120 tokens, model gate)
[prefix-host] contracts door D2H receipt: ticket issuer=2 seq=23 epochs=0/1/1 items=32 (16 KV planes) complete=32 require=ok checksums_sha256=b5f6629ec6ccee68ddf323ecfe16164aef909ff1ed869ef318622c50b8572232 retired acknowledged; 96 f32 spans landed under the ticket and taken back before the retire; receipts on the copy stream (source digests, 267.59ms)
[prefix-host] demote copy complete off the tick: ticket seq=23 complete after 21 poll(s), 285.6ms from submission to completion (tick-top poll); items=128 (32 KV, 96 f32 spans); 98 heap payloads (157.9MB) handed to the hash helper; by slot class: conv 48 (5898240 B), ssm 48 (150994944 B), hidden 1 (0 B), logits 1 (993280 B); span receipt sealed on the copy stream (96 landed digests), required before the publication
[prefix-host] demote KV leases on the hash helper: ticket seq=23, 32 lease views (151.1MB) for the bind's re-hash
[prefix-host] payload reserve armed: the job took 20718 fresh pages of 38304 (rule >= 38304/2)
[prefix-host] demote: 5088 tokens, 309.0MB in 327.2ms (host resident 619.0MB / 8590MB, model gate)
[prefix-host] demote digests landed off the tick: ticket seq=23, 98 payloads (157.9MB) hashed in 36.7ms on the hash helper, landed after 3 poll(s) (tick-top poll); the owner thread held 1.00ms across the demote: pre-submit 0.41, copy settle 0.35 over 21 poll(s), hashing polls 0.03, take-back bind and publish 0.21; owner in-completion 0.65ms; wall 327.2ms t0 to publication; 0 hit(s) parked on the Hashing entry (0 re-park(s))
[prefix-host] demote helper split: ticket seq=23 copy 50.48 ms over 156.9 MB (minflt +20718), hash 36.68 ms (helper 36.7 ms); reserve 0 of 96 staged; 8 threads
[prefix-host] demote publication split: ticket seq=23 bind 0.10 ms, reclaim 0.00 ms, insert 0.08 ms (twin: meta 0.00 ms, kv 0.05 ms over 16 leases, f32 0.02 ms over 96 payloads, rest 0.01 ms; 0 evicted in 0.00 ms), pause release 0.00 ms
[prefix-host] payload reserve ready: 96 buffers, 156.9 MB in 10.00 ms (minflt +0, yielded 0 time(s)), charged to the governor's pageable ledger
[meter] admit id=cmpl-8df67c5a8de423bbddd75367d4a4893e tenant=default lane=interactive model="gate"
[admission] request cost: model="gate" ctx=240 path=plain = 29696 B/token x ctx + 8MB prefill-workspace + 317MB fixed = 332MB
[worker] plain-affinity: declined (no checkpoint retained; 2 parked, 16 prompt tokens; model gate)
[spec-k] model="gate" tenant="" K=0 source=eligibility-fallback prompt=16 cached=0 lcp=0 active=1 wave=1 placement=single-or-non-pp2
[meter] admit id=cmpl-e0fe2fdb5b49edc09e4a443a19790530 tenant=default lane=interactive model="gate"
[admission] request cost: model="gate" ctx=5187 path=plain = 29696 B/token x ctx + 1984MB prefill-workspace + 317MB fixed = 2455MB
[prefix-host] promote submitted off the tick: 5088 tokens, 308.0MB, ticket seq=24, 32 items on the contracts door's copy stream, 96 f32 spans filled on the copy stream (156.9MB); owner segment 0.55ms; request parked
[prefix-host] contracts door H2D receipt: ticket issuer=2 seq=24 epochs=0/1/1 items=32 (16 KV planes) complete=32 require=ok checksums_sha256=b5f6629ec6ccee68ddf323ecfe16164aef909ff1ed869ef318622c50b8572232 published retired acknowledged; 96 f32 spans landed under the ticket and taken back before the retire (span receipt: fill 9.04 ms, copies 3.24 ms, digests 0.87 ms); 32 KV checksums on the hash helper (151.1MB in 13.3ms)
[prefix-cache] insert (host-promote): 5088 tokens, 308.0MB (resident 616.9MB / 470MB, model gate)
[prefix-cache] evict (LRU): 5120 tokens, 308.9MB (model gate)
[prefix-host] demote submitted off the tick: 5120 tokens, 310.0MB, ticket seq=25, 32 items on the contracts door's copy stream (model gate)
[prefix-host] demote pre-submit split: ticket seq=25 leases 0.04 ms (32 pinned, pooled 32 of 32, 152.0 MB, minflt +0), register 0.15 ms, spans 0.16 ms, other 0.08 ms (pre-submit 0.42 ms)
[prefix-host] promote published off the tick: ticket complete after 2 poll(s), 27.1ms from submission to completion (tick-top poll); timeline from t0: submitted +0.22ms (tick 15037, its top -5.67ms); poll 1 at +14.06ms (tick 15038, its top +14.02ms) pending on copies (the tick top); poll 2 at +27.28ms (tick 15039, its top +27.16ms) complete (the tick top); published +27.75ms (tick 15039, its top +27.16ms)
[prefix-host] promote: 5088 tokens, 308.0MB in 27.7ms (model gate)
[prefix-cache] restore not routed (contracts door): the entry was promoted for this admission (insertion pin id=12, 5088 tokens, model gate); the tick program copies it
[worker] plain-affinity: declined (no checkpoint retained; 2 parked, 5122 prompt tokens; model gate)
[prefix-cache] hit: 5088 of 5122 prompt tokens from cache (model gate)
[spec-k] model="gate" tenant="" K=0 source=eligibility-fallback prompt=5122 cached=5088 lcp=5088 active=2 wave=2 placement=single-or-non-pp2
[prefix-cache] source lease released after restore fence (entry 5088 tokens, model gate)
[meter] admit id=cmpl-da9f3298521c1c00dce155b41e1d68bb tenant=default lane=interactive model="gate"
[admission] request cost: model="gate" ctx=5185 path=plain = 29696 B/token x ctx + 1984MB prefill-workspace + 317MB fixed = 2455MB
[prefix-host] hit parked on a Demoting entry in its copy phase: request cmpl-da9f3298521c1c00dce155b41e1d68bb (5120 tokens) hits the Demoting entry's 5120 tokens (ticket seq=25, submitted 104.0ms ago); the request waits for the publication (model gate)
[prefix-host] contracts door D2H receipt: ticket issuer=2 seq=25 epochs=0/1/1 items=32 (16 KV planes) complete=32 require=ok checksums_sha256=66b1c0c1a78cea56765e188199286365d766f92deedee1646b2a178e9da3d8f1 retired acknowledged; 96 f32 spans landed under the ticket and taken back before the retire; receipts on the copy stream (source digests, 232.55ms)
[prefix-host] demote copy complete off the tick: ticket seq=25 complete after 13 poll(s), 250.2ms from submission to completion (tick-top poll); items=128 (32 KV, 96 f32 spans); 98 heap payloads (157.9MB) handed to the hash helper; by slot class: conv 48 (5898240 B), ssm 48 (150994944 B), hidden 1 (0 B), logits 1 (993280 B); span receipt sealed on the copy stream (96 landed digests), required before the publication
[prefix-host] demote KV leases on the hash helper: ticket seq=25, 32 lease views (152.0MB) for the bind's re-hash
[prefix-host] payload reserve disarmed: the job took 0 fresh pages of 38304 (rule >= 38304/2)
[prefix-host] demote: 5120 tokens, 310.0MB in 290.6ms (host resident 619.0MB / 8590MB, model gate)
[prefix-host] demote digests landed off the tick: ticket seq=25, 98 payloads (157.9MB) hashed in 27.0ms on the hash helper, landed after 3 poll(s) (tick-top poll); the owner thread held 0.94ms across the demote: pre-submit 0.42, copy settle 0.29 over 13 poll(s), hashing polls 0.03, take-back bind and publish 0.20; owner in-completion 0.66ms; wall 290.7ms t0 to publication; 1 hit(s) parked on the Hashing entry (13 re-park(s))
[prefix-host] demote helper split: ticket seq=25 copy 24.80 ms over 156.9 MB (minflt +0), hash 58.70 ms (helper 27.0 ms); reserve 96 of 96 staged; 8 threads
[prefix-host] demote publication split: ticket seq=25 bind 0.09 ms, reclaim 0.00 ms, insert 0.08 ms (twin: meta 0.00 ms, kv 0.05 ms over 16 leases, f32 0.02 ms over 96 payloads, rest 0.01 ms; 0 evicted in 0.00 ms), pause release 0.00 ms
[prefix-host] promote submitted off the tick: 5120 tokens, 308.9MB, ticket seq=26, 32 items on the contracts door's copy stream, 96 f32 spans filled on the copy stream (156.9MB); owner segment 0.53ms; request parked
[prefix-host] contracts door H2D receipt: ticket issuer=2 seq=26 epochs=0/1/1 items=32 (16 KV planes) complete=32 require=ok checksums_sha256=66b1c0c1a78cea56765e188199286365d766f92deedee1646b2a178e9da3d8f1 published retired acknowledged; 96 f32 spans landed under the ticket and taken back before the retire (span receipt: fill 7.60 ms, copies 3.18 ms, digests 1.01 ms); 32 KV checksums on the hash helper (152.0MB in 7.3ms)
[prefix-cache] insert (host-promote): 5120 tokens, 308.9MB (resident 616.9MB / 470MB, model gate)
[prefix-cache] evict (LRU): 5088 tokens, 308.0MB (model gate)
[prefix-host] demote submitted off the tick: 5088 tokens, 309.0MB, ticket seq=27, 32 items on the contracts door's copy stream (model gate)
[prefix-host] demote pre-submit split: ticket seq=27 leases 0.03 ms (32 pinned, pooled 32 of 32, 151.1 MB, minflt +0), register 0.14 ms, spans 0.16 ms, other 0.08 ms (pre-submit 0.41 ms)
[prefix-host] promote published off the tick: ticket complete after 2 poll(s), 27.6ms from submission to completion (tick-top poll); timeline from t0: submitted +0.21ms (tick 15055, its top -0.36ms); poll 1 at +14.51ms (tick 15056, its top +14.48ms) pending on receipt (the tick top); poll 2 at +27.80ms (tick 15057, its top +27.68ms) complete (the tick top); published +28.27ms (tick 15057, its top +27.68ms)
[prefix-host] promote: 5120 tokens, 308.9MB in 28.3ms (model gate)
[prefix-cache] restore not routed (contracts door): the entry was promoted for this admission (insertion pin id=13, 5120 tokens, model gate); the tick program copies it
[worker] plain-affinity: declined (no checkpoint retained; 2 parked, 5120 prompt tokens; model gate)
[prefix-cache] hit: 5120 of 5120 prompt tokens from cache (model gate)
[spec-k] model="gate" tenant="" K=0 source=eligibility-fallback prompt=5120 cached=5120 lcp=5120 active=2 wave=2 placement=single-or-non-pp2
[prefix-cache] source lease released after restore fence (entry 5120 tokens, model gate)
[prefix-host] contracts door D2H receipt: ticket issuer=2 seq=27 epochs=0/1/1 items=32 (16 KV planes) complete=32 require=ok checksums_sha256=b5f6629ec6ccee68ddf323ecfe16164aef909ff1ed869ef318622c50b8572232 retired acknowledged; 96 f32 spans landed under the ticket and taken back before the retire; receipts on the copy stream (source digests, 267.45ms)
[prefix-host] demote copy complete off the tick: ticket seq=27 complete after 21 poll(s), 285.5ms from submission to completion (tick-top poll); items=128 (32 KV, 96 f32 spans); 98 heap payloads (157.9MB) handed to the hash helper; by slot class: conv 48 (5898240 B), ssm 48 (150994944 B), hidden 1 (0 B), logits 1 (993280 B); span receipt sealed on the copy stream (96 landed digests), required before the publication
[prefix-host] demote KV leases on the hash helper: ticket seq=27, 32 lease views (151.1MB) for the bind's re-hash
[prefix-host] demote: 5088 tokens, 309.0MB in 327.5ms (host resident 619.0MB / 8590MB, model gate)
[prefix-host] demote digests landed off the tick: ticket seq=27, 98 payloads (157.9MB) hashed in 35.6ms on the hash helper, landed after 3 poll(s) (tick-top poll); the owner thread held 1.47ms across the demote: pre-submit 0.41, copy settle 0.37 over 21 poll(s), hashing polls 0.04, take-back bind and publish 0.65; owner in-completion 1.10ms; wall 327.5ms t0 to publication; 0 hit(s) parked on the Hashing entry (0 re-park(s))
[prefix-host] demote helper split: ticket seq=27 copy 51.48 ms over 156.9 MB (minflt +17167), hash 47.07 ms (helper 35.6 ms); reserve 0 of 96 staged; 8 threads
[prefix-host] demote publication split: ticket seq=27 bind 0.10 ms, reclaim 0.00 ms, insert 0.52 ms (twin: meta 0.00 ms, kv 0.05 ms over 16 leases, f32 0.45 ms over 96 payloads, rest 0.01 ms; 0 evicted in 0.00 ms), pause release 0.00 ms
[meter] admit id=cmpl-f222cdd1bb79fba3419691589df4eca9 tenant=default lane=interactive model="gate"
[admission] request cost: model="gate" ctx=240 path=plain = 29696 B/token x ctx + 8MB prefill-workspace + 317MB fixed = 332MB
[worker] plain-affinity: declined (no checkpoint retained; 2 parked, 16 prompt tokens; model gate)
[spec-k] model="gate" tenant="" K=0 source=eligibility-fallback prompt=16 cached=0 lcp=0 active=1 wave=1 placement=single-or-non-pp2
[meter] admit id=cmpl-0cc91a287bd5ccfabf50b718e1e02df3 tenant=default lane=interactive model="gate"
[worker] plain-affinity: declined (no checkpoint retained; 2 parked, 16 prompt tokens; model gate)
[spec-k] model="gate" tenant="" K=0 source=eligibility-fallback prompt=16 cached=0 lcp=0 active=1 wave=1 placement=single-or-non-pp2
[meter] admit id=cmpl-71935b7d38b2fee16e65564584558562 tenant=default lane=interactive model="gate"
[admission] request cost: model="gate" ctx=5187 path=plain = 29696 B/token x ctx + 1984MB prefill-workspace + 317MB fixed = 2455MB
[prefix-host] promote submitted off the tick: 5088 tokens, 308.0MB, ticket seq=28, 32 items on the contracts door's copy stream, 96 f32 spans filled on the copy stream (156.9MB); owner segment 0.57ms; request parked
[prefix-host] contracts door H2D receipt: ticket issuer=2 seq=28 epochs=0/1/1 items=32 (16 KV planes) complete=32 require=ok checksums_sha256=b5f6629ec6ccee68ddf323ecfe16164aef909ff1ed869ef318622c50b8572232 published retired acknowledged; 96 f32 spans landed under the ticket and taken back before the retire (span receipt: fill 8.85 ms, copies 3.21 ms, digests 0.90 ms); 32 KV checksums on the hash helper (151.1MB in 13.3ms)
[prefix-cache] insert (host-promote): 5088 tokens, 308.0MB (resident 616.9MB / 470MB, model gate)
[prefix-cache] evict (LRU): 5120 tokens, 308.9MB (model gate)
[prefix-host] demote submitted off the tick: 5120 tokens, 310.0MB, ticket seq=29, 32 items on the contracts door's copy stream (model gate)
[prefix-host] demote pre-submit split: ticket seq=29 leases 0.03 ms (32 pinned, pooled 32 of 32, 152.0 MB, minflt +0), register 0.14 ms, spans 0.16 ms, other 0.08 ms (pre-submit 0.42 ms)
[prefix-host] promote published off the tick: ticket complete after 2 poll(s), 27.2ms from submission to completion (tick-top poll); timeline from t0: submitted +0.23ms (tick 16491, its top -5.61ms); poll 1 at +14.16ms (tick 16492, its top +14.12ms) pending on copies (the tick top); poll 2 at +27.41ms (tick 16493, its top +27.27ms) complete (the tick top); published +27.87ms (tick 16493, its top +27.27ms)
[prefix-host] promote: 5088 tokens, 308.0MB in 27.9ms (model gate)
[prefix-cache] restore not routed (contracts door): the entry was promoted for this admission (insertion pin id=14, 5088 tokens, model gate); the tick program copies it
[worker] plain-affinity: declined (no checkpoint retained; 2 parked, 5122 prompt tokens; model gate)
[prefix-cache] hit: 5088 of 5122 prompt tokens from cache (model gate)
[spec-k] model="gate" tenant="" K=0 source=eligibility-fallback prompt=5122 cached=5088 lcp=5088 active=2 wave=2 placement=single-or-non-pp2
[prefix-cache] source lease released after restore fence (entry 5088 tokens, model gate)
[meter] admit id=cmpl-33439144b5f4051aa58d15d6c995a2b9 tenant=default lane=interactive model="gate"
[admission] request cost: model="gate" ctx=5185 path=plain = 29696 B/token x ctx + 1984MB prefill-workspace + 317MB fixed = 2455MB
[prefix-host] hit parked on a Demoting entry in its copy phase: request cmpl-33439144b5f4051aa58d15d6c995a2b9 (5120 tokens) hits the Demoting entry's 5120 tokens (ticket seq=29, submitted 104.0ms ago); the request waits for the publication (model gate)
[prefix-host] contracts door D2H receipt: ticket issuer=2 seq=29 epochs=0/1/1 items=32 (16 KV planes) complete=32 require=ok checksums_sha256=66b1c0c1a78cea56765e188199286365d766f92deedee1646b2a178e9da3d8f1 retired acknowledged; 96 f32 spans landed under the ticket and taken back before the retire; receipts on the copy stream (source digests, 232.45ms)
[prefix-host] demote copy complete off the tick: ticket seq=29 complete after 13 poll(s), 250.1ms from submission to completion (tick-top poll); items=128 (32 KV, 96 f32 spans); 98 heap payloads (157.9MB) handed to the hash helper; by slot class: conv 48 (5898240 B), ssm 48 (150994944 B), hidden 1 (0 B), logits 1 (993280 B); span receipt sealed on the copy stream (96 landed digests), required before the publication
[prefix-host] demote KV leases on the hash helper: ticket seq=29, 32 lease views (152.0MB) for the bind's re-hash
[prefix-host] payload reserve armed: the job took 20358 fresh pages of 38304 (rule >= 38304/2)
[prefix-host] demote: 5120 tokens, 310.0MB in 290.6ms (host resident 619.0MB / 8590MB, model gate)
[prefix-host] demote digests landed off the tick: ticket seq=29, 98 payloads (157.9MB) hashed in 35.7ms on the hash helper, landed after 3 poll(s) (tick-top poll); the owner thread held 0.95ms across the demote: pre-submit 0.42, copy settle 0.29 over 13 poll(s), hashing polls 0.03, take-back bind and publish 0.21; owner in-completion 0.66ms; wall 290.6ms t0 to publication; 1 hit(s) parked on the Hashing entry (13 re-park(s))
[prefix-host] demote helper split: ticket seq=29 copy 47.00 ms over 156.9 MB (minflt +20358), hash 49.91 ms (helper 35.7 ms); reserve 0 of 96 staged; 8 threads
[prefix-host] demote publication split: ticket seq=29 bind 0.10 ms, reclaim 0.00 ms, insert 0.09 ms (twin: meta 0.00 ms, kv 0.05 ms over 16 leases, f32 0.02 ms over 96 payloads, rest 0.01 ms; 0 evicted in 0.00 ms), pause release 0.00 ms
[prefix-host] promote submitted off the tick: 5120 tokens, 308.9MB, ticket seq=30, 32 items on the contracts door's copy stream, 96 f32 spans filled on the copy stream (156.9MB); owner segment 0.60ms; request parked
[prefix-host] payload reserve ready: 96 buffers, 156.9 MB in 12.81 ms (minflt +0, yielded 1 time(s)), charged to the governor's pageable ledger
[prefix-host] contracts door H2D receipt: ticket issuer=2 seq=30 epochs=0/1/1 items=32 (16 KV planes) complete=32 require=ok checksums_sha256=66b1c0c1a78cea56765e188199286365d766f92deedee1646b2a178e9da3d8f1 published retired acknowledged; 96 f32 spans landed under the ticket and taken back before the retire (span receipt: fill 8.03 ms, copies 3.41 ms, digests 0.88 ms); 32 KV checksums on the hash helper (152.0MB in 7.9ms)
[prefix-cache] insert (host-promote): 5120 tokens, 308.9MB (resident 616.9MB / 470MB, model gate)
[prefix-cache] evict (LRU): 5088 tokens, 308.0MB (model gate)
[prefix-host] demote submitted off the tick: 5088 tokens, 309.0MB, ticket seq=31, 32 items on the contracts door's copy stream (model gate)
[prefix-host] demote pre-submit split: ticket seq=31 leases 0.04 ms (32 pinned, pooled 32 of 32, 151.1 MB, minflt +0), register 0.14 ms, spans 0.17 ms, other 0.08 ms (pre-submit 0.44 ms)
[prefix-host] promote published off the tick: ticket complete after 2 poll(s), 27.8ms from submission to completion (tick-top poll); timeline from t0: submitted +0.21ms (tick 16509, its top -0.38ms); poll 1 at +14.67ms (tick 16510, its top +14.62ms) pending on copies (the tick top); poll 2 at +28.01ms (tick 16511, its top +27.89ms) complete (the tick top); published +28.50ms (tick 16511, its top +27.89ms)
[prefix-host] promote: 5120 tokens, 308.9MB in 28.5ms (model gate)
[prefix-cache] restore not routed (contracts door): the entry was promoted for this admission (insertion pin id=15, 5120 tokens, model gate); the tick program copies it
[worker] plain-affinity: declined (no checkpoint retained; 2 parked, 5120 prompt tokens; model gate)
[prefix-cache] hit: 5120 of 5120 prompt tokens from cache (model gate)
[spec-k] model="gate" tenant="" K=0 source=eligibility-fallback prompt=5120 cached=5120 lcp=5120 active=2 wave=2 placement=single-or-non-pp2
[prefix-cache] source lease released after restore fence (entry 5120 tokens, model gate)
[prefix-host] contracts door D2H receipt: ticket issuer=2 seq=31 epochs=0/1/1 items=32 (16 KV planes) complete=32 require=ok checksums_sha256=b5f6629ec6ccee68ddf323ecfe16164aef909ff1ed869ef318622c50b8572232 retired acknowledged; 96 f32 spans landed under the ticket and taken back before the retire; receipts on the copy stream (source digests, 266.84ms)
[prefix-host] demote copy complete off the tick: ticket seq=31 complete after 21 poll(s), 284.9ms from submission to completion (tick-top poll); items=128 (32 KV, 96 f32 spans); 98 heap payloads (157.9MB) handed to the hash helper; by slot class: conv 48 (5898240 B), ssm 48 (150994944 B), hidden 1 (0 B), logits 1 (993280 B); span receipt sealed on the copy stream (96 landed digests), required before the publication
[prefix-host] demote KV leases on the hash helper: ticket seq=31, 32 lease views (151.1MB) for the bind's re-hash
[prefix-host] payload reserve disarmed: the job took 0 fresh pages of 38304 (rule >= 38304/2)
[prefix-host] demote: 5088 tokens, 309.0MB in 326.6ms (host resident 619.0MB / 8590MB, model gate)
[prefix-host] demote digests landed off the tick: ticket seq=31, 98 payloads (157.9MB) hashed in 29.8ms on the hash helper, landed after 3 poll(s) (tick-top poll); the owner thread held 1.03ms across the demote: pre-submit 0.44, copy settle 0.37 over 21 poll(s), hashing polls 0.03, take-back bind and publish 0.19; owner in-completion 0.66ms; wall 326.6ms t0 to publication; 0 hit(s) parked on the Hashing entry (0 re-park(s))
[prefix-host] demote helper split: ticket seq=31 copy 21.66 ms over 156.9 MB (minflt +0), hash 40.63 ms (helper 29.8 ms); reserve 96 of 96 staged; 8 threads
[prefix-host] demote publication split: ticket seq=31 bind 0.09 ms, reclaim 0.00 ms, insert 0.08 ms (twin: meta 0.00 ms, kv 0.05 ms over 16 leases, f32 0.02 ms over 96 payloads, rest 0.00 ms; 0 evicted in 0.00 ms), pause release 0.00 ms
[meter] admit id=cmpl-af8550b5330105bb4de226749ef55cf9 tenant=default lane=interactive model="gate"
[admission] request cost: model="gate" ctx=240 path=plain = 29696 B/token x ctx + 8MB prefill-workspace + 317MB fixed = 332MB
[worker] plain-affinity: declined (no checkpoint retained; 2 parked, 16 prompt tokens; model gate)
[spec-k] model="gate" tenant="" K=0 source=eligibility-fallback prompt=16 cached=0 lcp=0 active=1 wave=1 placement=single-or-non-pp2
[meter] admit id=cmpl-2ed39bf33a93e067b7cc4436097ffedf tenant=default lane=interactive model="gate"
[worker] plain-affinity: declined (no checkpoint retained; 2 parked, 16 prompt tokens; model gate)
[spec-k] model="gate" tenant="" K=0 source=eligibility-fallback prompt=16 cached=0 lcp=0 active=1 wave=1 placement=single-or-non-pp2
[meter] admit id=cmpl-5f7d12ef40c9a0e62c3dda3ad87bce25 tenant=default lane=interactive model="gate"
[admission] request cost: model="gate" ctx=5187 path=plain = 29696 B/token x ctx + 1984MB prefill-workspace + 317MB fixed = 2455MB
[prefix-host] promote submitted off the tick: 5088 tokens, 308.0MB, ticket seq=32, 32 items on the contracts door's copy stream, 96 f32 spans filled on the copy stream (156.9MB); owner segment 0.56ms; request parked
[prefix-host] contracts door H2D receipt: ticket issuer=2 seq=32 epochs=0/1/1 items=32 (16 KV planes) complete=32 require=ok checksums_sha256=b5f6629ec6ccee68ddf323ecfe16164aef909ff1ed869ef318622c50b8572232 published retired acknowledged; 96 f32 spans landed under the ticket and taken back before the retire (span receipt: fill 8.15 ms, copies 3.22 ms, digests 0.92 ms); 32 KV checksums on the hash helper (151.1MB in 13.1ms)
[prefix-cache] insert (host-promote): 5088 tokens, 308.0MB (resident 616.9MB / 470MB, model gate)
[prefix-cache] evict (LRU): 5120 tokens, 308.9MB (model gate)
[prefix-host] demote submitted off the tick: 5120 tokens, 310.0MB, ticket seq=33, 32 items on the contracts door's copy stream (model gate)
[prefix-host] demote pre-submit split: ticket seq=33 leases 0.03 ms (32 pinned, pooled 32 of 32, 152.0 MB, minflt +0), register 0.14 ms, spans 0.17 ms, other 0.08 ms (pre-submit 0.42 ms)
[prefix-host] promote published off the tick: ticket complete after 2 poll(s), 27.2ms from submission to completion (tick-top poll); timeline from t0: submitted +0.22ms (tick 17941, its top -5.62ms); poll 1 at +14.23ms (tick 17942, its top +14.19ms) pending on copies (the tick top); poll 2 at +27.39ms (tick 17943, its top +27.25ms) complete (the tick top); published +27.85ms (tick 17943, its top +27.25ms)
[prefix-host] promote: 5088 tokens, 308.0MB in 27.9ms (model gate)
[prefix-cache] restore not routed (contracts door): the entry was promoted for this admission (insertion pin id=16, 5088 tokens, model gate); the tick program copies it
[worker] plain-affinity: declined (no checkpoint retained; 2 parked, 5122 prompt tokens; model gate)
[prefix-cache] hit: 5088 of 5122 prompt tokens from cache (model gate)
[spec-k] model="gate" tenant="" K=0 source=eligibility-fallback prompt=5122 cached=5088 lcp=5088 active=2 wave=2 placement=single-or-non-pp2
[prefix-cache] source lease released after restore fence (entry 5088 tokens, model gate)
[meter] admit id=cmpl-1628566586ead03449de95c2b3187f67 tenant=default lane=interactive model="gate"
[admission] request cost: model="gate" ctx=5185 path=plain = 29696 B/token x ctx + 1984MB prefill-workspace + 317MB fixed = 2455MB
[prefix-host] hit parked on a Demoting entry in its copy phase: request cmpl-1628566586ead03449de95c2b3187f67 (5120 tokens) hits the Demoting entry's 5120 tokens (ticket seq=33, submitted 105.8ms ago); the request waits for the publication (model gate)
[prefix-host] contracts door D2H receipt: ticket issuer=2 seq=33 epochs=0/1/1 items=32 (16 KV planes) complete=32 require=ok checksums_sha256=66b1c0c1a78cea56765e188199286365d766f92deedee1646b2a178e9da3d8f1 retired acknowledged; 96 f32 spans landed under the ticket and taken back before the retire; receipts on the copy stream (source digests, 231.40ms)
[prefix-host] demote copy complete off the tick: ticket seq=33 complete after 12 poll(s), 240.6ms from submission to completion (tick-top poll); items=128 (32 KV, 96 f32 spans); 98 heap payloads (157.9MB) handed to the hash helper; by slot class: conv 48 (5898240 B), ssm 48 (150994944 B), hidden 1 (0 B), logits 1 (993280 B); span receipt sealed on the copy stream (96 landed digests), required before the publication
[prefix-host] demote KV leases on the hash helper: ticket seq=33, 32 lease views (152.0MB) for the bind's re-hash
[prefix-host] demote: 5120 tokens, 310.0MB in 281.0ms (host resident 619.0MB / 8590MB, model gate)
[prefix-host] demote digests landed off the tick: ticket seq=33, 98 payloads (157.9MB) hashed in 37.1ms on the hash helper, landed after 3 poll(s) (tick-top poll); the owner thread held 0.95ms across the demote: pre-submit 0.42, copy settle 0.29 over 12 poll(s), hashing polls 0.03, take-back bind and publish 0.21; owner in-completion 0.66ms; wall 281.0ms t0 to publication; 1 hit(s) parked on the Hashing entry (12 re-park(s))
[prefix-host] demote helper split: ticket seq=33 copy 37.03 ms over 156.9 MB (minflt +13046), hash 39.56 ms (helper 37.1 ms); reserve 0 of 96 staged; 8 threads
[prefix-host] demote publication split: ticket seq=33 bind 0.10 ms, reclaim 0.00 ms, insert 0.08 ms (twin: meta 0.00 ms, kv 0.05 ms over 16 leases, f32 0.02 ms over 96 payloads, rest 0.00 ms; 0 evicted in 0.00 ms), pause release 0.00 ms
[prefix-host] promote submitted off the tick: 5120 tokens, 308.9MB, ticket seq=34, 32 items on the contracts door's copy stream, 96 f32 spans filled on the copy stream (156.9MB); owner segment 0.54ms; request parked
[prefix-host] contracts door H2D receipt: ticket issuer=2 seq=34 epochs=0/1/1 items=32 (16 KV planes) complete=32 require=ok checksums_sha256=66b1c0c1a78cea56765e188199286365d766f92deedee1646b2a178e9da3d8f1 published retired acknowledged; 96 f32 spans landed under the ticket and taken back before the retire (span receipt: fill 8.49 ms, copies 3.27 ms, digests 0.85 ms); 32 KV checksums on the hash helper (152.0MB in 6.4ms)
[prefix-cache] insert (host-promote): 5120 tokens, 308.9MB (resident 616.9MB / 470MB, model gate)
[prefix-cache] evict (LRU): 5088 tokens, 308.0MB (model gate)
[prefix-host] demote submitted off the tick: 5088 tokens, 309.0MB, ticket seq=35, 32 items on the contracts door's copy stream (model gate)
[prefix-host] demote pre-submit split: ticket seq=35 leases 0.03 ms (32 pinned, pooled 32 of 32, 151.1 MB, minflt +0), register 0.14 ms, spans 0.16 ms, other 0.08 ms (pre-submit 0.41 ms)
[prefix-host] promote published off the tick: ticket complete after 2 poll(s), 27.6ms from submission to completion (tick-top poll); timeline from t0: submitted +0.21ms (tick 17958, its top -0.38ms); poll 1 at +14.44ms (tick 17959, its top +14.40ms) pending on copies (the tick top); poll 2 at +27.82ms (tick 17960, its top +27.70ms) complete (the tick top); published +28.29ms (tick 17960, its top +27.70ms)
[prefix-host] promote: 5120 tokens, 308.9MB in 28.3ms (model gate)
[prefix-cache] restore not routed (contracts door): the entry was promoted for this admission (insertion pin id=17, 5120 tokens, model gate); the tick program copies it
[worker] plain-affinity: declined (no checkpoint retained; 2 parked, 5120 prompt tokens; model gate)
[prefix-cache] hit: 5120 of 5120 prompt tokens from cache (model gate)
[spec-k] model="gate" tenant="" K=0 source=eligibility-fallback prompt=5120 cached=5120 lcp=5120 active=2 wave=2 placement=single-or-non-pp2
[prefix-cache] source lease released after restore fence (entry 5120 tokens, model gate)
[prefix-host] contracts door D2H receipt: ticket issuer=2 seq=35 epochs=0/1/1 items=32 (16 KV planes) complete=32 require=ok checksums_sha256=b5f6629ec6ccee68ddf323ecfe16164aef909ff1ed869ef318622c50b8572232 retired acknowledged; 96 f32 spans landed under the ticket and taken back before the retire; receipts on the copy stream (source digests, 267.37ms)
[prefix-host] demote copy complete off the tick: ticket seq=35 complete after 21 poll(s), 285.4ms from submission to completion (tick-top poll); items=128 (32 KV, 96 f32 spans); 98 heap payloads (157.9MB) handed to the hash helper; by slot class: conv 48 (5898240 B), ssm 48 (150994944 B), hidden 1 (0 B), logits 1 (993280 B); span receipt sealed on the copy stream (96 landed digests), required before the publication
[prefix-host] demote KV leases on the hash helper: ticket seq=35, 32 lease views (151.1MB) for the bind's re-hash
[prefix-host] demote: 5088 tokens, 309.0MB in 340.6ms (host resident 619.0MB / 8590MB, model gate)
[prefix-host] demote digests landed off the tick: ticket seq=35, 98 payloads (157.9MB) hashed in 41.3ms on the hash helper, landed after 4 poll(s) (tick-top poll); the owner thread held 1.01ms across the demote: pre-submit 0.41, copy settle 0.36 over 21 poll(s), hashing polls 0.03, take-back bind and publish 0.21; owner in-completion 0.65ms; wall 340.6ms t0 to publication; 0 hit(s) parked on the Hashing entry (0 re-park(s))
[prefix-host] demote helper split: ticket seq=35 copy 42.62 ms over 156.9 MB (minflt +15740), hash 40.27 ms (helper 41.3 ms); reserve 0 of 96 staged; 8 threads
[prefix-host] demote publication split: ticket seq=35 bind 0.09 ms, reclaim 0.00 ms, insert 0.08 ms (twin: meta 0.00 ms, kv 0.05 ms over 16 leases, f32 0.02 ms over 96 payloads, rest 0.00 ms; 0 evicted in 0.00 ms), pause release 0.00 ms
[meter] admit id=cmpl-0cdb3a3e6a88828a023ce5d3c43bd151 tenant=default lane=interactive model="gate"
[admission] request cost: model="gate" ctx=240 path=plain = 29696 B/token x ctx + 8MB prefill-workspace + 317MB fixed = 332MB
[worker] plain-affinity: declined (no checkpoint retained; 2 parked, 16 prompt tokens; model gate)
[spec-k] model="gate" tenant="" K=0 source=eligibility-fallback prompt=16 cached=0 lcp=0 active=1 wave=1 placement=single-or-non-pp2
[meter] admit id=cmpl-83a0b29a4a3f6f92f2561641708040ca tenant=default lane=interactive model="gate"
[worker] plain-affinity: declined (no checkpoint retained; 2 parked, 16 prompt tokens; model gate)
[spec-k] model="gate" tenant="" K=0 source=eligibility-fallback prompt=16 cached=0 lcp=0 active=1 wave=1 placement=single-or-non-pp2
[meter] admit id=cmpl-d183c1ef7c17be857a43478abe7ed6b3 tenant=default lane=interactive model="gate"
[admission] request cost: model="gate" ctx=5187 path=plain = 29696 B/token x ctx + 1984MB prefill-workspace + 317MB fixed = 2455MB
[prefix-host] promote submitted off the tick: 5088 tokens, 308.0MB, ticket seq=36, 32 items on the contracts door's copy stream, 96 f32 spans filled on the copy stream (156.9MB); owner segment 0.57ms; request parked
[prefix-host] contracts door H2D receipt: ticket issuer=2 seq=36 epochs=0/1/1 items=32 (16 KV planes) complete=32 require=ok checksums_sha256=b5f6629ec6ccee68ddf323ecfe16164aef909ff1ed869ef318622c50b8572232 published retired acknowledged; 96 f32 spans landed under the ticket and taken back before the retire (span receipt: fill 8.49 ms, copies 3.24 ms, digests 0.90 ms); 32 KV checksums on the hash helper (151.1MB in 13.1ms)
[prefix-cache] insert (host-promote): 5088 tokens, 308.0MB (resident 616.9MB / 470MB, model gate)
[prefix-cache] evict (LRU): 5120 tokens, 308.9MB (model gate)
[prefix-host] demote submitted off the tick: 5120 tokens, 310.0MB, ticket seq=37, 32 items on the contracts door's copy stream (model gate)
[prefix-host] demote pre-submit split: ticket seq=37 leases 0.04 ms (32 pinned, pooled 32 of 32, 152.0 MB, minflt +0), register 0.14 ms, spans 0.17 ms, other 0.08 ms (pre-submit 0.42 ms)
[prefix-host] promote published off the tick: ticket complete after 2 poll(s), 27.2ms from submission to completion (tick-top poll); timeline from t0: submitted +0.22ms (tick 19383, its top -5.67ms); poll 1 at +14.21ms (tick 19384, its top +14.17ms) pending on copies (the tick top); poll 2 at +27.39ms (tick 19385, its top +27.26ms) complete (the tick top); published +27.86ms (tick 19385, its top +27.26ms)
[prefix-host] promote: 5088 tokens, 308.0MB in 27.9ms (model gate)
[prefix-cache] restore not routed (contracts door): the entry was promoted for this admission (insertion pin id=18, 5088 tokens, model gate); the tick program copies it
[worker] plain-affinity: declined (no checkpoint retained; 2 parked, 5122 prompt tokens; model gate)
[prefix-cache] hit: 5088 of 5122 prompt tokens from cache (model gate)
[spec-k] model="gate" tenant="" K=0 source=eligibility-fallback prompt=5122 cached=5088 lcp=5088 active=2 wave=2 placement=single-or-non-pp2
[prefix-cache] source lease released after restore fence (entry 5088 tokens, model gate)
[meter] admit id=cmpl-73c79b598827de0d54853681592b464c tenant=default lane=interactive model="gate"
[admission] request cost: model="gate" ctx=5185 path=plain = 29696 B/token x ctx + 1984MB prefill-workspace + 317MB fixed = 2455MB
[prefix-host] hit parked on a Demoting entry in its copy phase: request cmpl-73c79b598827de0d54853681592b464c (5120 tokens) hits the Demoting entry's 5120 tokens (ticket seq=37, submitted 104.1ms ago); the request waits for the publication (model gate)
[prefix-host] contracts door D2H receipt: ticket issuer=2 seq=37 epochs=0/1/1 items=32 (16 KV planes) complete=32 require=ok checksums_sha256=66b1c0c1a78cea56765e188199286365d766f92deedee1646b2a178e9da3d8f1 retired acknowledged; 96 f32 spans landed under the ticket and taken back before the retire; receipts on the copy stream (source digests, 232.68ms)
[prefix-host] demote copy complete off the tick: ticket seq=37 complete after 13 poll(s), 250.3ms from submission to completion (tick-top poll); items=128 (32 KV, 96 f32 spans); 98 heap payloads (157.9MB) handed to the hash helper; by slot class: conv 48 (5898240 B), ssm 48 (150994944 B), hidden 1 (0 B), logits 1 (993280 B); span receipt sealed on the copy stream (96 landed digests), required before the publication
[prefix-host] demote KV leases on the hash helper: ticket seq=37, 32 lease views (152.0MB) for the bind's re-hash
[prefix-host] demote: 5120 tokens, 310.0MB in 291.2ms (host resident 619.0MB / 8590MB, model gate)
[prefix-host] demote digests landed off the tick: ticket seq=37, 98 payloads (157.9MB) hashed in 32.3ms on the hash helper, landed after 3 poll(s) (tick-top poll); the owner thread held 1.34ms across the demote: pre-submit 0.42, copy settle 0.29 over 13 poll(s), hashing polls 0.03, take-back bind and publish 0.60; owner in-completion 1.05ms; wall 291.2ms t0 to publication; 1 hit(s) parked on the Hashing entry (13 re-park(s))
[prefix-host] demote helper split: ticket seq=37 copy 33.88 ms over 156.9 MB (minflt +11544), hash 45.09 ms (helper 32.3 ms); reserve 0 of 96 staged; 8 threads
[prefix-host] demote publication split: ticket seq=37 bind 0.09 ms, reclaim 0.00 ms, insert 0.47 ms (twin: meta 0.00 ms, kv 0.05 ms over 16 leases, f32 0.41 ms over 96 payloads, rest 0.01 ms; 0 evicted in 0.00 ms), pause release 0.00 ms
[prefix-host] promote submitted off the tick: 5120 tokens, 308.9MB, ticket seq=38, 32 items on the contracts door's copy stream, 96 f32 spans filled on the copy stream (156.9MB); owner segment 0.53ms; request parked
[prefix-host] contracts door H2D receipt: ticket issuer=2 seq=38 epochs=0/1/1 items=32 (16 KV planes) complete=32 require=ok checksums_sha256=66b1c0c1a78cea56765e188199286365d766f92deedee1646b2a178e9da3d8f1 published retired acknowledged; 96 f32 spans landed under the ticket and taken back before the retire (span receipt: fill 7.45 ms, copies 3.25 ms, digests 1.13 ms); 32 KV checksums on the hash helper (152.0MB in 9.9ms)
[prefix-cache] insert (host-promote): 5120 tokens, 308.9MB (resident 616.9MB / 470MB, model gate)
[prefix-cache] evict (LRU): 5088 tokens, 308.0MB (model gate)
[prefix-host] demote submitted off the tick: 5088 tokens, 309.0MB, ticket seq=39, 32 items on the contracts door's copy stream (model gate)
[prefix-host] demote pre-submit split: ticket seq=39 leases 0.04 ms (32 pinned, pooled 32 of 32, 151.1 MB, minflt +0), register 0.14 ms, spans 0.16 ms, other 0.08 ms (pre-submit 0.42 ms)
[prefix-host] promote published off the tick: ticket complete after 2 poll(s), 27.7ms from submission to completion (tick-top poll); timeline from t0: submitted +0.21ms (tick 19401, its top -0.78ms); poll 1 at +14.60ms (tick 19402, its top +14.56ms) pending on receipt (the tick top); poll 2 at +27.92ms (tick 19403, its top +27.80ms) complete (the tick top); published +28.39ms (tick 19403, its top +27.80ms)
[prefix-host] promote: 5120 tokens, 308.9MB in 28.4ms (model gate)
[prefix-cache] restore not routed (contracts door): the entry was promoted for this admission (insertion pin id=19, 5120 tokens, model gate); the tick program copies it
[worker] plain-affinity: declined (no checkpoint retained; 2 parked, 5120 prompt tokens; model gate)
[prefix-cache] hit: 5120 of 5120 prompt tokens from cache (model gate)
[spec-k] model="gate" tenant="" K=0 source=eligibility-fallback prompt=5120 cached=5120 lcp=5120 active=2 wave=2 placement=single-or-non-pp2
[prefix-cache] source lease released after restore fence (entry 5120 tokens, model gate)
[prefix-host] contracts door D2H receipt: ticket issuer=2 seq=39 epochs=0/1/1 items=32 (16 KV planes) complete=32 require=ok checksums_sha256=b5f6629ec6ccee68ddf323ecfe16164aef909ff1ed869ef318622c50b8572232 retired acknowledged; 96 f32 spans landed under the ticket and taken back before the retire; receipts on the copy stream (source digests, 267.48ms)
[prefix-host] demote copy complete off the tick: ticket seq=39 complete after 21 poll(s), 285.5ms from submission to completion (tick-top poll); items=128 (32 KV, 96 f32 spans); 98 heap payloads (157.9MB) handed to the hash helper; by slot class: conv 48 (5898240 B), ssm 48 (150994944 B), hidden 1 (0 B), logits 1 (993280 B); span receipt sealed on the copy stream (96 landed digests), required before the publication
[prefix-host] demote KV leases on the hash helper: ticket seq=39, 32 lease views (151.1MB) for the bind's re-hash
[prefix-host] demote: 5088 tokens, 309.0MB in 328.8ms (host resident 619.0MB / 8590MB, model gate)
[prefix-host] demote digests landed off the tick: ticket seq=39, 98 payloads (157.9MB) hashed in 31.7ms on the hash helper, landed after 3 poll(s) (tick-top poll); the owner thread held 2.42ms across the demote: pre-submit 0.42, copy settle 0.36 over 21 poll(s), hashing polls 0.03, take-back bind and publish 1.62; owner in-completion 2.07ms; wall 328.8ms t0 to publication; 0 hit(s) parked on the Hashing entry (0 re-park(s))
[prefix-host] demote helper split: ticket seq=39 copy 35.33 ms over 156.9 MB (minflt +10344), hash 40.33 ms (helper 31.7 ms); reserve 0 of 96 staged; 8 threads
[prefix-host] demote publication split: ticket seq=39 bind 0.10 ms, reclaim 0.00 ms, insert 1.49 ms (twin: meta 0.00 ms, kv 0.05 ms over 16 leases, f32 1.42 ms over 96 payloads, rest 0.01 ms; 0 evicted in 0.00 ms), pause release 0.00 ms
[meter] admit id=cmpl-4a2663e801f2c4b09950d9d60612d360 tenant=default lane=interactive model="gate"
[admission] request cost: model="gate" ctx=240 path=plain = 29696 B/token x ctx + 8MB prefill-workspace + 317MB fixed = 332MB
[worker] plain-affinity: declined (no checkpoint retained; 2 parked, 16 prompt tokens; model gate)
[spec-k] model="gate" tenant="" K=0 source=eligibility-fallback prompt=16 cached=0 lcp=0 active=1 wave=1 placement=single-or-non-pp2
[meter] admit id=cmpl-6bc06de258149a971a408be81b417e05 tenant=default lane=interactive model="gate"
[worker] plain-affinity: declined (no checkpoint retained; 2 parked, 16 prompt tokens; model gate)
[spec-k] model="gate" tenant="" K=0 source=eligibility-fallback prompt=16 cached=0 lcp=0 active=1 wave=1 placement=single-or-non-pp2
[meter] admit id=cmpl-e50d5fc8f64b00fb41b4a1f89c33b1fe tenant=default lane=interactive model="gate"
[admission] request cost: model="gate" ctx=5187 path=plain = 29696 B/token x ctx + 1984MB prefill-workspace + 317MB fixed = 2455MB
[prefix-host] promote submitted off the tick: 5088 tokens, 308.0MB, ticket seq=40, 32 items on the contracts door's copy stream, 96 f32 spans filled on the copy stream (156.9MB); owner segment 0.57ms; request parked
[prefix-host] contracts door H2D receipt: ticket issuer=2 seq=40 epochs=0/1/1 items=32 (16 KV planes) complete=32 require=ok checksums_sha256=b5f6629ec6ccee68ddf323ecfe16164aef909ff1ed869ef318622c50b8572232 published retired acknowledged; 96 f32 spans landed under the ticket and taken back before the retire (span receipt: fill 8.81 ms, copies 3.27 ms, digests 0.90 ms); 32 KV checksums on the hash helper (151.1MB in 13.9ms)
[prefix-cache] insert (host-promote): 5088 tokens, 308.0MB (resident 616.9MB / 470MB, model gate)
[prefix-cache] evict (LRU): 5120 tokens, 308.9MB (model gate)
[prefix-host] demote submitted off the tick: 5120 tokens, 310.0MB, ticket seq=41, 32 items on the contracts door's copy stream (model gate)
[prefix-host] demote pre-submit split: ticket seq=41 leases 0.04 ms (32 pinned, pooled 32 of 32, 152.0 MB, minflt +0), register 0.14 ms, spans 0.17 ms, other 0.08 ms (pre-submit 0.43 ms)
[prefix-host] promote published off the tick: ticket complete after 2 poll(s), 27.1ms from submission to completion (tick-top poll); timeline from t0: submitted +0.23ms (tick 20830, its top -5.57ms); poll 1 at +14.11ms (tick 20831, its top +14.09ms) pending on sources+copies (the tick top); poll 2 at +27.35ms (tick 20832, its top +27.22ms) complete (the tick top); published +27.83ms (tick 20832, its top +27.22ms)
[prefix-host] promote: 5088 tokens, 308.0MB in 27.8ms (model gate)
[prefix-cache] restore not routed (contracts door): the entry was promoted for this admission (insertion pin id=20, 5088 tokens, model gate); the tick program copies it
[worker] plain-affinity: declined (no checkpoint retained; 2 parked, 5122 prompt tokens; model gate)
[prefix-cache] hit: 5088 of 5122 prompt tokens from cache (model gate)
[spec-k] model="gate" tenant="" K=0 source=eligibility-fallback prompt=5122 cached=5088 lcp=5088 active=2 wave=2 placement=single-or-non-pp2
[prefix-cache] source lease released after restore fence (entry 5088 tokens, model gate)
[meter] admit id=cmpl-23d287621dd2a4265a19bcc3d332d6a7 tenant=default lane=interactive model="gate"
[admission] request cost: model="gate" ctx=5185 path=plain = 29696 B/token x ctx + 1984MB prefill-workspace + 317MB fixed = 2455MB
[prefix-host] hit parked on a Demoting entry in its copy phase: request cmpl-23d287621dd2a4265a19bcc3d332d6a7 (5120 tokens) hits the Demoting entry's 5120 tokens (ticket seq=41, submitted 104.0ms ago); the request waits for the publication (model gate)
[prefix-host] contracts door D2H receipt: ticket issuer=2 seq=41 epochs=0/1/1 items=32 (16 KV planes) complete=32 require=ok checksums_sha256=66b1c0c1a78cea56765e188199286365d766f92deedee1646b2a178e9da3d8f1 retired acknowledged; 96 f32 spans landed under the ticket and taken back before the retire; receipts on the copy stream (source digests, 232.82ms)
[prefix-host] demote copy complete off the tick: ticket seq=41 complete after 13 poll(s), 250.5ms from submission to completion (tick-top poll); items=128 (32 KV, 96 f32 spans); 98 heap payloads (157.9MB) handed to the hash helper; by slot class: conv 48 (5898240 B), ssm 48 (150994944 B), hidden 1 (0 B), logits 1 (993280 B); span receipt sealed on the copy stream (96 landed digests), required before the publication
[prefix-host] demote KV leases on the hash helper: ticket seq=41, 32 lease views (152.0MB) for the bind's re-hash
[prefix-host] demote: 5120 tokens, 310.0MB in 292.1ms (host resident 619.0MB / 8590MB, model gate)
[prefix-host] demote digests landed off the tick: ticket seq=41, 98 payloads (157.9MB) hashed in 33.9ms on the hash helper, landed after 3 poll(s) (tick-top poll); the owner thread held 2.23ms across the demote: pre-submit 0.43, copy settle 0.29 over 13 poll(s), hashing polls 0.03, take-back bind and publish 1.49; owner in-completion 1.95ms; wall 292.1ms t0 to publication; 1 hit(s) parked on the Hashing entry (13 re-park(s))
[prefix-host] demote helper split: ticket seq=41 copy 36.68 ms over 156.9 MB (minflt +14801), hash 63.02 ms (helper 33.9 ms); reserve 0 of 96 staged; 8 threads
[prefix-host] demote publication split: ticket seq=41 bind 0.09 ms, reclaim 0.00 ms, insert 1.36 ms (twin: meta 0.00 ms, kv 0.05 ms over 16 leases, f32 1.29 ms over 96 payloads, rest 0.01 ms; 0 evicted in 0.00 ms), pause release 0.00 ms
[prefix-host] promote submitted off the tick: 5120 tokens, 308.9MB, ticket seq=42, 32 items on the contracts door's copy stream, 96 f32 spans filled on the copy stream (156.9MB); owner segment 0.53ms; request parked
[prefix-host] contracts door H2D receipt: ticket issuer=2 seq=42 epochs=0/1/1 items=32 (16 KV planes) complete=32 require=ok checksums_sha256=66b1c0c1a78cea56765e188199286365d766f92deedee1646b2a178e9da3d8f1 published retired acknowledged; 96 f32 spans landed under the ticket and taken back before the retire (span receipt: fill 7.36 ms, copies 3.17 ms, digests 1.20 ms); 32 KV checksums on the hash helper (152.0MB in 8.5ms)
[prefix-cache] insert (host-promote): 5120 tokens, 308.9MB (resident 616.9MB / 470MB, model gate)
[prefix-cache] evict (LRU): 5088 tokens, 308.0MB (model gate)
[prefix-host] demote submitted off the tick: 5088 tokens, 309.0MB, ticket seq=43, 32 items on the contracts door's copy stream (model gate)
[prefix-host] demote pre-submit split: ticket seq=43 leases 0.04 ms (32 pinned, pooled 32 of 32, 151.1 MB, minflt +0), register 0.15 ms, spans 0.16 ms, other 0.07 ms (pre-submit 0.42 ms)
[prefix-host] promote published off the tick: ticket complete after 2 poll(s), 27.7ms from submission to completion (tick-top poll); timeline from t0: submitted +0.21ms (tick 20848, its top -1.67ms); poll 1 at +14.57ms (tick 20849, its top +14.54ms) pending on receipt (the tick top); poll 2 at +27.90ms (tick 20850, its top +27.77ms) complete (the tick top); published +28.37ms (tick 20850, its top +27.77ms)
[prefix-host] promote: 5120 tokens, 308.9MB in 28.4ms (model gate)
[prefix-cache] restore not routed (contracts door): the entry was promoted for this admission (insertion pin id=21, 5120 tokens, model gate); the tick program copies it
[worker] plain-affinity: declined (no checkpoint retained; 2 parked, 5120 prompt tokens; model gate)
[prefix-cache] hit: 5120 of 5120 prompt tokens from cache (model gate)
[spec-k] model="gate" tenant="" K=0 source=eligibility-fallback prompt=5120 cached=5120 lcp=5120 active=2 wave=2 placement=single-or-non-pp2
[prefix-cache] source lease released after restore fence (entry 5120 tokens, model gate)
[prefix-host] contracts door D2H receipt: ticket issuer=2 seq=43 epochs=0/1/1 items=32 (16 KV planes) complete=32 require=ok checksums_sha256=b5f6629ec6ccee68ddf323ecfe16164aef909ff1ed869ef318622c50b8572232 retired acknowledged; 96 f32 spans landed under the ticket and taken back before the retire; receipts on the copy stream (source digests, 266.95ms)
[prefix-host] demote copy complete off the tick: ticket seq=43 complete after 21 poll(s), 284.9ms from submission to completion (tick-top poll); items=128 (32 KV, 96 f32 spans); 98 heap payloads (157.9MB) handed to the hash helper; by slot class: conv 48 (5898240 B), ssm 48 (150994944 B), hidden 1 (0 B), logits 1 (993280 B); span receipt sealed on the copy stream (96 landed digests), required before the publication
[prefix-host] demote KV leases on the hash helper: ticket seq=43, 32 lease views (151.1MB) for the bind's re-hash
[prefix-host] demote: 5088 tokens, 309.0MB in 326.9ms (host resident 619.0MB / 8590MB, model gate)
[prefix-host] demote digests landed off the tick: ticket seq=43, 98 payloads (157.9MB) hashed in 27.7ms on the hash helper, landed after 3 poll(s) (tick-top poll); the owner thread held 1.40ms across the demote: pre-submit 0.42, copy settle 0.36 over 21 poll(s), hashing polls 0.03, take-back bind and publish 0.59; owner in-completion 1.04ms; wall 326.9ms t0 to publication; 0 hit(s) parked on the Hashing entry (0 re-park(s))
[prefix-host] demote helper split: ticket seq=43 copy 35.02 ms over 156.9 MB (minflt +4230), hash 60.03 ms (helper 27.7 ms); reserve 0 of 96 staged; 8 threads
[prefix-host] demote publication split: ticket seq=43 bind 0.09 ms, reclaim 0.00 ms, insert 0.47 ms (twin: meta 0.00 ms, kv 0.05 ms over 16 leases, f32 0.41 ms over 96 payloads, rest 0.01 ms; 0 evicted in 0.00 ms), pause release 0.00 ms
[meter] admit id=cmpl-c1ff1e21c3c35479d19665cbad881faf tenant=default lane=interactive model="gate"
[admission] request cost: model="gate" ctx=240 path=plain = 29696 B/token x ctx + 8MB prefill-workspace + 317MB fixed = 332MB
[worker] plain-affinity: declined (no checkpoint retained; 2 parked, 16 prompt tokens; model gate)
[spec-k] model="gate" tenant="" K=0 source=eligibility-fallback prompt=16 cached=0 lcp=0 active=1 wave=1 placement=single-or-non-pp2
[server] SIGTERM: draining (0 in flight, deadline 30s)
[server] drain complete in 0.0s; exiting
[prefix-host] hash helper joined (shutdown)
[server] GPU worker shutdown complete
