[server] build: memra-0.138.0-a45ef41e8ed8 (id: source-tree, git: 67af1b71eb18)
[server] starting; models config = [("gate", "/root/artifacts/Qwen3.8-27B-NVFP4-Q5K-mtp.gguf", None)]
[worker-affinity] off (MEMRA_WORKER_CPUSET / MEMRA_WORKER_AFFINITY unset or =0)
[gpu-watch] Xid source: journalctl -k -f (/dev/kmsg unreadable — kernel.dmesg_restrict)
[gpu-watch] on: every 60s, probe deadline 10s, fatal after 3 consecutive misses (MEMRA_GPU_PROBE_MISSES), fatal Xid [48, 64, 79, 94, 95, 119, 120]
[worker] Engine ready (device=0, MEMRA_FAST=true)
[spec-gate] policy placement=single-or-non-pp2 LOW=2 HIGH=4 source=placement-default spec-admission=on
[spec-k] automatic table: prompt<1024 -> K=3; cold-long -> K=3; prompt>= 1024 and cached>= 1024 -> K=2 (K=5 when the loaded MTP head is rank-trimmed)
[worker] loading model "gate" <- /root/artifacts/Qwen3.8-27B-NVFP4-Q5K-mtp.gguf
[tensor-contract] bound 866 semantic tensors (pack qwen35, Gguf, output head Separate); every census tensor is claimed and every required tensor is present with its declared shape and storage
[worker]   loaded "gate": 65 layers, eos=248046, stop=[248046]
[worker] gate: template caps tools=true think=true think_switch=true chat_ok=true effort_levels=false qwen_effort=true gemma_think=false dsv4=false glm5=false ctx=262144 tok="qwen35" instruct=Some("chatml") chat_defaults=None/None
[route-contract] model="gate" route=hybrid-worker capacity=4 sessions implemented=[capacity,occupancy,progress,fault-ownership,shutdown-ownership,memory-cost,rewrite-qualification,prime-fairness,service-metrics] refused=[]
[worker] gate: decode wave cap 16; scheduler tick cap 16 (exact-16 tier)
[prefix-host] contracts door: model gate program identity artifact_sha256=1facf36c2db359dcf9c2475cf8f85fe84a528d10aaaaff20f7c0db3d561e024a plan_debug_sha256=8fc1154223424f168e69fdf10f4befec7a9af75544e385bb773759954ff427e5 numeric=server-prefix-entry-v5-kv-q8_0-34B-q5_1-24B template=gguf-jinja device=0 (3841ms to hash /root/artifacts/Qwen3.8-27B-NVFP4-Q5K-mtp.gguf)
[prefix-host] contracts door: model gate draft program identity source=embedded numeric=server-prefix-entry-v5-kv-q8_0-34B-q5_1-24B+mtp-draft-kv-q8_0-34B-q5_1-24B (0ms)
[prefix-host] contracts door: D2H demotes and H2D promotes ride the transfer engine's copy stream and publish at the tick top (memra#536 Move 1)
[prefix-host] contracts door: span staging set allocated at boot: 96 buffers, 156.9 MB in 28.6 ms
[prefix-host] contracts door ON (MEMRA_KV_HOST_CONTRACTS=1): 1 model program identities, tenant salt per pool namespace, server governor ledger pinned/pageable 17180MB device 1409MB in-flight 390; host tier armed; KV plane D2H through the transfer engine on the pageable tier (Option B); KV plane H2D through the same engine on promote (Option C)
[prefix-host] on: budget 8590MB pinned cacheable host RAM (MEMRA_KV_HOST_MB, startup budget policy), plain byte-LRU, demote on device capacity eviction, promote on exact-prefix probe; verify=off (MEMRA_KV_HOST_VERIFY); tenant share cap 50% = 4295MB (MEMRA_KV_HOST_TENANT_PCT)
[prefix-cache] on: budget 470MB (469762048 B, configured by MEMRA_PREFIX_CACHE_MB), policy plain-LRU (global oldest unleased entry first; leases untouchable), min prefix 64 tokens, immediate partial restore=off (rollback) (transformer-only; hybrid mid-entry + routed-MoE N/A)
[admission] "gate": plain 29696 B/token, spec 31552 B/token; fixed residual learns from effective-free deltas
[admit-cal] boot calibration skipped: spec serving disabled (static floor; the plain transient class is chunk-bounded)
[admit-mem] door=OFF open_output_tokens=8192 defer_budget_ms=8000 (admission charges prompt+output, the reclaim flush demotes to the host tier before dropping, and a memory defer past the budget refuses 429 instead of queueing past the client's deadline)
[kv-vmm] door=OFF (MEMRA_KV_ALLOCATOR unset or pooled: pooled K/V planes)
[server] worker ready; serving models: ["gate"]
[server] listening on http://127.0.0.1:18137
[meter] admit id=cmpl-d9abfd77eb19ee8815a9721877edb3b5 tenant=default lane=interactive model="gate"
[admission] request cost: model="gate" ctx=5187 path=plain = 29696 B/token x ctx + 1984MB prefill-workspace + 0MB fixed = 2138MB
[spec-k] model="gate" tenant="" K=0 source=eligibility-fallback prompt=5122 cached=0 lcp=0 active=1 wave=1 placement=single-or-non-pp2
[admission] fixed residual high-water: model="gate" 317MB (observed 470MB at ctx 5131 path=plain)
[prefix-cache] capture submitted off the tick (seed): 5088 tokens, 32 planes (308.0MB) on the contracts door's copy stream; recurrent state cloned at the boundary on the owner stream
[fa-pool] grow #0 dev=0 o_len 0 -> 497664 ml_len 0 -> 1944 (retired kept, zero=false)
[prefix-cache] contracts door D2D capture receipt: ticket issuer=2 seq=1 epochs=0/1/1 items=32 bytes=151093248 source_digests_sha256=555691ac72aa4f42624e8aa3f6deb57fc46ca759e92500a2151bac5146df9a69 destination_digests_sha256=555691ac72aa4f42624e8aa3f6deb57fc46ca759e92500a2151bac5146df9a69 require=ok
[prefix-cache] capture published off the tick (seed): 5088 tokens complete after 2 poll(s), 82.8ms from submission to completion, 82.8ms to publication (tick-top poll; the settle held the owner thread 0.06ms, entered 82.7ms after submission; copy stream in flight at submission: none)
[prefix-cache] insert (seed): 5088 tokens, 308.0MB (resident 308.0MB / 470MB, model gate)
[meter] admit id=cmpl-460db972ac2527efec81e1723710feb5 tenant=default lane=interactive model="gate"
[admission] request cost: model="gate" ctx=5185 path=plain = 29696 B/token x ctx + 1984MB prefill-workspace + 317MB fixed = 2455MB
[worker] plain-affinity: declined (no checkpoint retained; 1 parked, 5120 prompt tokens; model gate)
[spec-k] model="gate" tenant="" K=0 source=eligibility-fallback prompt=5120 cached=0 lcp=5 active=1 wave=1 placement=single-or-non-pp2
[prefix-cache] evict (snapshot preflight, LRU): 5088 tokens, 308.0MB (model gate)
[prefix-host] demote submitted off the tick: 5088 tokens, 309.0MB, ticket seq=2, 32 items on the contracts door's copy stream (model gate)
[prefix-host] demote pre-submit split: ticket seq=2 leases 32.89 ms (32 pinned, pooled 0 of 32, 151.1 MB, minflt +40960), register 0.20 ms, spans 0.18 ms, other 0.09 ms (pre-submit 33.36 ms)
[prefix-cache] capture submitted off the tick (seed): 5120 tokens, 32 planes (308.9MB) on the contracts door's copy stream; recurrent state cloned at the boundary on the owner stream
[meter] admit id=cmpl-6f39662a06a2921d3903b52b925ce52c tenant=default lane=interactive model="gate"
[prefix-cache] contracts door D2D capture receipt: ticket issuer=2 seq=3 epochs=0/1/1 items=32 bytes=152043520 source_digests_sha256=5c61e7fde12ab34db31fdbb908e3078d255ebbb50c4782946bc5409f8778e497 destination_digests_sha256=5c61e7fde12ab34db31fdbb908e3078d255ebbb50c4782946bc5409f8778e497 require=ok
[prefix-cache] capture published off the tick (seed): 5120 tokens complete after 2 poll(s), 178.3ms from submission to completion, 178.3ms to publication (settled synchronously by a session retire (source retiring: yes); the settle held the owner thread 165.16ms, entered 13.2ms after submission; copy stream in flight at submission: demote)
[prefix-cache] insert (seed): 5120 tokens, 308.9MB (resident 308.9MB / 470MB, model gate)
[prefix-host] contracts door D2H receipt: ticket issuer=2 seq=2 epochs=0/1/1 items=32 (16 KV planes) complete=32 require=ok checksums_sha256=b5f6629ec6ccee68ddf323ecfe16164aef909ff1ed869ef318622c50b8572232 retired acknowledged; 96 f32 spans landed under the ticket and taken back before the retire; receipts on the copy stream (source digests, 170.46ms)
[prefix-host] demote copy complete off the tick: ticket seq=2 complete after 2 poll(s), 179.6ms from submission to completion (tick-top poll); items=128 (32 KV, 96 f32 spans); 98 heap payloads (157.9MB) handed to the hash helper; by slot class: conv 48 (5898240 B), ssm 48 (150994944 B), hidden 1 (0 B), logits 1 (993280 B); span receipt sealed on the copy stream (96 landed digests), required before the publication
[prefix-host] demote KV leases on the hash helper: ticket seq=2, 32 lease views (151.1MB) for the bind's re-hash
[admission] request cost: model="gate" ctx=240 path=plain = 29696 B/token x ctx + 8MB prefill-workspace + 317MB fixed = 332MB
[worker] plain-affinity: declined (no checkpoint retained; 2 parked, 16 prompt tokens; model gate)
[spec-k] model="gate" tenant="" K=0 source=eligibility-fallback prompt=16 cached=0 lcp=0 active=1 wave=1 placement=single-or-non-pp2
[prefix-host] demote: 5088 tokens, 309.0MB in 342.9ms (host resident 309.0MB / 8590MB, model gate)
[prefix-host] demote digests landed off the tick: ticket seq=2, 98 payloads (157.9MB) hashed in 129.7ms on the hash helper, landed after 602 poll(s) (tick-top poll); the owner thread held 33.85ms across the demote: pre-submit 33.36, copy settle 0.17 over 2 poll(s), hashing polls 0.19, take-back bind and publish 0.13; owner in-completion 33.68ms; wall 343.0ms t0 to publication; 0 hit(s) parked on the Hashing entry (0 re-park(s))
[prefix-host] demote helper split: ticket seq=2 copy 63.05 ms over 156.9 MB (minflt +38306), hash 32.31 ms (helper 129.7 ms); reserve 0 of 96 staged
[prefix-host] demote publication split: ticket seq=2 bind 0.10 ms, reclaim 0.00 ms, insert 0.00 ms (twin: meta 0.00 ms, kv 0.00 ms over 0 leases, f32 0.00 ms over 0 payloads, rest 0.00 ms; 0 evicted in 0.00 ms), pause release 0.00 ms
[prefix-host] payload reserve ready: 96 buffers, 156.9 MB in 47.91 ms (minflt +38307, yielded 0 time(s)), charged to the governor's pageable ledger
[meter] admit id=cmpl-d5b85d6c73cea98895673f95e8872902 tenant=default lane=interactive model="gate"
[worker] plain-affinity: declined (no checkpoint retained; 2 parked, 16 prompt tokens; model gate)
[spec-k] model="gate" tenant="" K=0 source=eligibility-fallback prompt=16 cached=0 lcp=0 active=1 wave=1 placement=single-or-non-pp2
[meter] admit id=cmpl-ac46aa20dea88e9a3b050b9f80258fb9 tenant=default lane=interactive model="gate"
[admission] request cost: model="gate" ctx=5187 path=plain = 29696 B/token x ctx + 1984MB prefill-workspace + 317MB fixed = 2455MB
[prefix-host] promote submitted off the tick: 5088 tokens, 308.0MB, ticket seq=4, 32 items on the contracts door's copy stream, 96 f32 spans filled on the copy stream (156.9MB); owner segment 0.74ms; request parked
[prefix-host] contracts door H2D receipt: ticket issuer=2 seq=4 epochs=0/1/1 items=32 (16 KV planes) complete=32 require=ok checksums_sha256=b5f6629ec6ccee68ddf323ecfe16164aef909ff1ed869ef318622c50b8572232 published retired acknowledged; 96 f32 spans landed under the ticket and taken back before the retire (span receipt: fill 11.64 ms, copies 3.21 ms, digests 0.85 ms); 32 KV checksums on the hash helper (151.1MB in 36.4ms)
[prefix-cache] insert (host-promote): 5088 tokens, 308.0MB (resident 616.9MB / 470MB, model gate)
[prefix-cache] evict (LRU): 5120 tokens, 308.9MB (model gate)
[prefix-host] demote submitted off the tick: 5120 tokens, 310.0MB, ticket seq=5, 32 items on the contracts door's copy stream (model gate)
[prefix-host] demote pre-submit split: ticket seq=5 leases 32.89 ms (32 pinned, pooled 0 of 32, 152.0 MB, minflt +40960), register 0.20 ms, spans 0.17 ms, other 0.09 ms (pre-submit 33.36 ms)
[prefix-host] promote published off the tick: ticket complete after 3 poll(s), 39.9ms from submission to completion (tick-top poll); timeline from t0: submitted +0.21ms (tick 7714, its top -5.53ms); poll 1 at +13.95ms (tick 7715, its top +13.93ms) pending on sources+copies (the tick top); poll 2 at +27.19ms (tick 7716, its top +27.18ms) pending on sources (the tick top); poll 3 at +40.15ms (tick 7717, its top +40.04ms) complete (the tick top); published +73.59ms (tick 7717, its top +40.04ms)
[prefix-host] promote: 5088 tokens, 308.0MB in 73.6ms (model gate)
[prefix-cache] restore not routed (contracts door): the entry was promoted for this admission (insertion pin id=2, 5088 tokens, model gate); the tick program copies it
[worker] plain-affinity: declined (no checkpoint retained; 2 parked, 5122 prompt tokens; model gate)
[prefix-cache] hit: 5088 of 5122 prompt tokens from cache (model gate)
[spec-k] model="gate" tenant="" K=0 source=eligibility-fallback prompt=5122 cached=5088 lcp=5088 active=2 wave=2 placement=single-or-non-pp2
[prefix-cache] source lease released after restore fence (entry 5088 tokens, model gate)
[prefix-host] contracts door D2H receipt: ticket issuer=2 seq=5 epochs=0/1/1 items=32 (16 KV planes) complete=32 require=ok checksums_sha256=66b1c0c1a78cea56765e188199286365d766f92deedee1646b2a178e9da3d8f1 retired acknowledged; 96 f32 spans landed under the ticket and taken back before the retire; receipts on the copy stream (source digests, 165.89ms)
[prefix-host] demote copy complete off the tick: ticket seq=5 complete after 1 poll(s), 258.7ms from submission to completion (tick-top poll); items=128 (32 KV, 96 f32 spans); 98 heap payloads (157.9MB) handed to the hash helper; by slot class: conv 48 (5898240 B), ssm 48 (150994944 B), hidden 1 (0 B), logits 1 (993280 B); span receipt sealed on the copy stream (96 landed digests), required before the publication
[prefix-host] demote KV leases on the hash helper: ticket seq=5, 32 lease views (152.0MB) for the bind's re-hash
[meter] admit id=cmpl-8519dfd9c385083088655b03a6dabd8f tenant=default lane=interactive model="gate"
[admission] request cost: model="gate" ctx=5185 path=plain = 29696 B/token x ctx + 1984MB prefill-workspace + 317MB fixed = 2455MB
[prefix-host] hit parked on a Hashing entry: request cmpl-8519dfd9c385083088655b03a6dabd8f (5120 tokens) hits the Demoting entry's 5120 tokens (ticket seq=5, 98 payloads, 157.9MB on the hash helper for 19.3ms); the request waits one tick for the digests (model gate)
[prefix-host] demote: 5120 tokens, 310.0MB in 376.0ms (host resident 619.0MB / 8590MB, model gate)
[prefix-host] demote digests landed off the tick: ticket seq=5, 98 payloads (157.9MB) hashed in 82.4ms on the hash helper, landed after 6 poll(s) (tick-top poll); the owner thread held 33.67ms across the demote: pre-submit 33.36, copy settle 0.17 over 1 poll(s), hashing polls 0.03, take-back bind and publish 0.11; owner in-completion 33.50ms; wall 376.1ms t0 to publication; 1 hit(s) parked on the Hashing entry (4 re-park(s))
[prefix-host] demote helper split: ticket seq=5 copy 15.75 ms over 156.9 MB (minflt +0), hash 32.11 ms (helper 82.4 ms); reserve 96 of 96 staged
[prefix-host] demote publication split: ticket seq=5 bind 0.09 ms, reclaim 0.00 ms, insert 0.00 ms (twin: meta 0.00 ms, kv 0.00 ms over 0 leases, f32 0.00 ms over 0 payloads, rest 0.00 ms; 0 evicted in 0.00 ms), pause release 0.00 ms
[prefix-host] promote submitted off the tick: 5120 tokens, 308.9MB, ticket seq=6, 32 items on the contracts door's copy stream, 96 f32 spans filled on the copy stream (156.9MB); owner segment 0.57ms; request parked
[prefix-host] contracts door H2D receipt: ticket issuer=2 seq=6 epochs=0/1/1 items=32 (16 KV planes) complete=32 require=ok checksums_sha256=66b1c0c1a78cea56765e188199286365d766f92deedee1646b2a178e9da3d8f1 published retired acknowledged; 96 f32 spans landed under the ticket and taken back before the retire (span receipt: fill 9.31 ms, copies 3.19 ms, digests 0.86 ms); 32 KV checksums on the hash helper (152.0MB in 33.7ms)
[prefix-cache] insert (host-promote): 5120 tokens, 308.9MB (resident 616.9MB / 470MB, model gate)
[prefix-cache] evict (LRU): 5088 tokens, 308.0MB (model gate)
[prefix-host] demote submitted off the tick: 5088 tokens, 309.0MB, ticket seq=7, 32 items on the contracts door's copy stream (model gate)
[prefix-host] demote pre-submit split: ticket seq=7 leases 40.40 ms (32 pinned, pooled 0 of 32, 151.1 MB, minflt +40960), register 0.22 ms, spans 0.19 ms, other 0.13 ms (pre-submit 40.94 ms)
[prefix-host] promote published off the tick: ticket complete after 3 poll(s), 40.3ms from submission to completion (tick-top poll); timeline from t0: submitted +0.21ms (tick 7724, its top -0.24ms); poll 1 at +14.13ms (tick 7725, its top +14.11ms) pending on sources+copies (the tick top); poll 2 at +27.39ms (tick 7726, its top +27.38ms) pending on sources (the tick top); poll 3 at +40.54ms (tick 7727, its top +40.41ms) complete (the tick top); published +81.55ms (tick 7727, its top +40.41ms)
[prefix-host] promote: 5120 tokens, 308.9MB in 81.6ms (model gate)
[prefix-cache] restore not routed (contracts door): the entry was promoted for this admission (insertion pin id=3, 5120 tokens, model gate); the tick program copies it
[worker] plain-affinity: declined (no checkpoint retained; 2 parked, 5120 prompt tokens; model gate)
[prefix-cache] hit: 5120 of 5120 prompt tokens from cache (model gate)
[spec-k] model="gate" tenant="" K=0 source=eligibility-fallback prompt=5120 cached=5120 lcp=5120 active=2 wave=2 placement=single-or-non-pp2
[prefix-cache] source lease released after restore fence (entry 5120 tokens, model gate)
[prefix-host] payload reserve ready: 96 buffers, 156.9 MB in 58.55 ms (minflt +38307, yielded 1 time(s)), charged to the governor's pageable ledger
[prefix-host] contracts door D2H receipt: ticket issuer=2 seq=7 epochs=0/1/1 items=32 (16 KV planes) complete=32 require=ok checksums_sha256=b5f6629ec6ccee68ddf323ecfe16164aef909ff1ed869ef318622c50b8572232 retired acknowledged; 96 f32 spans landed under the ticket and taken back before the retire; receipts on the copy stream (source digests, 268.52ms)
[prefix-host] demote copy complete off the tick: ticket seq=7 complete after 21 poll(s), 282.2ms from submission to completion (tick-top poll); items=128 (32 KV, 96 f32 spans); 98 heap payloads (157.9MB) handed to the hash helper; by slot class: conv 48 (5898240 B), ssm 48 (150994944 B), hidden 1 (0 B), logits 1 (993280 B); span receipt sealed on the copy stream (96 landed digests), required before the publication
[prefix-host] demote KV leases on the hash helper: ticket seq=7, 32 lease views (151.1MB) for the bind's re-hash
[prefix-host] demote: 5088 tokens, 309.0MB in 417.6ms (host resident 619.0MB / 8590MB, model gate)
[prefix-host] demote digests landed off the tick: ticket seq=7, 98 payloads (157.9MB) hashed in 82.3ms on the hash helper, landed after 7 poll(s) (tick-top poll); the owner thread held 41.53ms across the demote: pre-submit 40.94, copy settle 0.37 over 21 poll(s), hashing polls 0.02, take-back bind and publish 0.19; owner in-completion 41.15ms; wall 417.6ms t0 to publication; 0 hit(s) parked on the Hashing entry (0 re-park(s))
[prefix-host] demote helper split: ticket seq=7 copy 15.90 ms over 156.9 MB (minflt +0), hash 32.10 ms (helper 82.3 ms); reserve 96 of 96 staged
[prefix-host] demote publication split: ticket seq=7 bind 0.09 ms, reclaim 0.00 ms, insert 0.08 ms (twin: meta 0.00 ms, kv 0.05 ms over 16 leases, f32 0.02 ms over 96 payloads, rest 0.00 ms; 0 evicted in 0.00 ms), pause release 0.00 ms
[prefix-host] payload reserve ready: 96 buffers, 156.9 MB in 19.71 ms (minflt +9888, yielded 0 time(s)), charged to the governor's pageable ledger
[meter] admit id=cmpl-7f205bfca88a5713a871ddc400889676 tenant=default lane=interactive model="gate"
[admission] request cost: model="gate" ctx=240 path=plain = 29696 B/token x ctx + 8MB prefill-workspace + 317MB fixed = 332MB
[worker] plain-affinity: declined (no checkpoint retained; 2 parked, 16 prompt tokens; model gate)
[spec-k] model="gate" tenant="" K=0 source=eligibility-fallback prompt=16 cached=0 lcp=0 active=1 wave=1 placement=single-or-non-pp2
[meter] admit id=cmpl-b02637267876ee04a6a93de959ad3c93 tenant=default lane=interactive model="gate"
[worker] plain-affinity: declined (no checkpoint retained; 2 parked, 16 prompt tokens; model gate)
[spec-k] model="gate" tenant="" K=0 source=eligibility-fallback prompt=16 cached=0 lcp=0 active=1 wave=1 placement=single-or-non-pp2
[meter] admit id=cmpl-33723af7d52c4bfe55043f70984c40e5 tenant=default lane=interactive model="gate"
[admission] request cost: model="gate" ctx=5187 path=plain = 29696 B/token x ctx + 1984MB prefill-workspace + 317MB fixed = 2455MB
[prefix-host] promote submitted off the tick: 5088 tokens, 308.0MB, ticket seq=8, 32 items on the contracts door's copy stream, 96 f32 spans filled on the copy stream (156.9MB); owner segment 0.56ms; request parked
[prefix-host] contracts door H2D receipt: ticket issuer=2 seq=8 epochs=0/1/1 items=32 (16 KV planes) complete=32 require=ok checksums_sha256=b5f6629ec6ccee68ddf323ecfe16164aef909ff1ed869ef318622c50b8572232 published retired acknowledged; 96 f32 spans landed under the ticket and taken back before the retire (span receipt: fill 9.08 ms, copies 3.25 ms, digests 0.86 ms); 32 KV checksums on the hash helper (151.1MB in 36.0ms)
[prefix-cache] insert (host-promote): 5088 tokens, 308.0MB (resident 616.9MB / 470MB, model gate)
[prefix-cache] evict (LRU): 5120 tokens, 308.9MB (model gate)
[prefix-host] demote submitted off the tick: 5120 tokens, 310.0MB, ticket seq=9, 32 items on the contracts door's copy stream (model gate)
[prefix-host] demote pre-submit split: ticket seq=9 leases 0.03 ms (32 pinned, pooled 32 of 32, 152.0 MB, minflt +0), register 0.14 ms, spans 0.16 ms, other 0.08 ms (pre-submit 0.41 ms)
[prefix-host] promote published off the tick: ticket complete after 3 poll(s), 39.7ms from submission to completion (tick-top poll); timeline from t0: submitted +0.22ms (tick 9271, its top -5.52ms); poll 1 at +13.89ms (tick 9272, its top +13.87ms) pending on sources+copies (the tick top); poll 2 at +26.99ms (tick 9273, its top +26.98ms) pending on sources (the tick top); poll 3 at +39.94ms (tick 9274, its top +39.81ms) complete (the tick top); published +40.40ms (tick 9274, its top +39.81ms)
[prefix-host] promote: 5088 tokens, 308.0MB in 40.4ms (model gate)
[prefix-cache] restore not routed (contracts door): the entry was promoted for this admission (insertion pin id=4, 5088 tokens, model gate); the tick program copies it
[worker] plain-affinity: declined (no checkpoint retained; 2 parked, 5122 prompt tokens; model gate)
[prefix-cache] hit: 5088 of 5122 prompt tokens from cache (model gate)
[spec-k] model="gate" tenant="" K=0 source=eligibility-fallback prompt=5122 cached=5088 lcp=5088 active=2 wave=2 placement=single-or-non-pp2
[prefix-cache] source lease released after restore fence (entry 5088 tokens, model gate)
[meter] admit id=cmpl-2e666076924b4920ef0ead2879a642e8 tenant=default lane=interactive model="gate"
[admission] request cost: model="gate" ctx=5185 path=plain = 29696 B/token x ctx + 1984MB prefill-workspace + 317MB fixed = 2455MB
[prefix-host] hit parked on a Demoting entry in its copy phase: request cmpl-2e666076924b4920ef0ead2879a642e8 (5120 tokens) hits the Demoting entry's 5120 tokens (ticket seq=9, submitted 103.9ms ago); the request waits for the publication (model gate)
[prefix-host] contracts door D2H receipt: ticket issuer=2 seq=9 epochs=0/1/1 items=32 (16 KV planes) complete=32 require=ok checksums_sha256=66b1c0c1a78cea56765e188199286365d766f92deedee1646b2a178e9da3d8f1 retired acknowledged; 96 f32 spans landed under the ticket and taken back before the retire; receipts on the copy stream (source digests, 232.92ms)
[prefix-host] demote copy complete off the tick: ticket seq=9 complete after 13 poll(s), 250.6ms from submission to completion (tick-top poll); items=128 (32 KV, 96 f32 spans); 98 heap payloads (157.9MB) handed to the hash helper; by slot class: conv 48 (5898240 B), ssm 48 (150994944 B), hidden 1 (0 B), logits 1 (993280 B); span receipt sealed on the copy stream (96 landed digests), required before the publication
[prefix-host] demote KV leases on the hash helper: ticket seq=9, 32 lease views (152.0MB) for the bind's re-hash
[prefix-host] payload reserve disarmed: the job took 9888 fresh pages of 38304 (rule >= 38304/2)
[prefix-host] demote: 5120 tokens, 310.0MB in 343.5ms (host resident 619.0MB / 8590MB, model gate)
[prefix-host] demote digests landed off the tick: ticket seq=9, 98 payloads (157.9MB) hashed in 82.8ms on the hash helper, landed after 7 poll(s) (tick-top poll); the owner thread held 0.91ms across the demote: pre-submit 0.41, copy settle 0.29 over 13 poll(s), hashing polls 0.02, take-back bind and publish 0.18; owner in-completion 0.62ms; wall 343.5ms t0 to publication; 1 hit(s) parked on the Hashing entry (17 re-park(s))
[prefix-host] demote helper split: ticket seq=9 copy 16.02 ms over 156.9 MB (minflt +0), hash 32.30 ms (helper 82.8 ms); reserve 96 of 96 staged
[prefix-host] demote publication split: ticket seq=9 bind 0.09 ms, reclaim 0.00 ms, insert 0.07 ms (twin: meta 0.00 ms, kv 0.04 ms over 16 leases, f32 0.02 ms over 96 payloads, rest 0.00 ms; 0 evicted in 0.00 ms), pause release 0.00 ms
[prefix-host] promote submitted off the tick: 5120 tokens, 308.9MB, ticket seq=10, 32 items on the contracts door's copy stream, 96 f32 spans filled on the copy stream (156.9MB); owner segment 0.52ms; request parked
[prefix-host] contracts door H2D receipt: ticket issuer=2 seq=10 epochs=0/1/1 items=32 (16 KV planes) complete=32 require=ok checksums_sha256=66b1c0c1a78cea56765e188199286365d766f92deedee1646b2a178e9da3d8f1 published retired acknowledged; 96 f32 spans landed under the ticket and taken back before the retire (span receipt: fill 9.23 ms, copies 3.17 ms, digests 0.91 ms); 32 KV checksums on the hash helper (152.0MB in 36.5ms)
[prefix-cache] insert (host-promote): 5120 tokens, 308.9MB (resident 616.9MB / 470MB, model gate)
[prefix-cache] evict (LRU): 5088 tokens, 308.0MB (model gate)
[prefix-host] demote submitted off the tick: 5088 tokens, 309.0MB, ticket seq=11, 32 items on the contracts door's copy stream (model gate)
[prefix-host] demote pre-submit split: ticket seq=11 leases 0.03 ms (32 pinned, pooled 32 of 32, 151.1 MB, minflt +0), register 0.14 ms, spans 0.16 ms, other 0.07 ms (pre-submit 0.41 ms)
[prefix-host] promote published off the tick: ticket complete after 3 poll(s), 40.9ms from submission to completion (tick-top poll); timeline from t0: submitted +0.20ms (tick 9294, its top -0.33ms); poll 1 at +14.30ms (tick 9295, its top +14.28ms) pending on sources+copies (the tick top); poll 2 at +27.72ms (tick 9296, its top +27.71ms) pending on sources (the tick top); poll 3 at +41.05ms (tick 9297, its top +40.93ms) complete (the tick top); published +41.51ms (tick 9297, its top +40.93ms)
[prefix-host] promote: 5120 tokens, 308.9MB in 41.5ms (model gate)
[prefix-cache] restore not routed (contracts door): the entry was promoted for this admission (insertion pin id=5, 5120 tokens, model gate); the tick program copies it
[worker] plain-affinity: declined (no checkpoint retained; 2 parked, 5120 prompt tokens; model gate)
[prefix-cache] hit: 5120 of 5120 prompt tokens from cache (model gate)
[spec-k] model="gate" tenant="" K=0 source=eligibility-fallback prompt=5120 cached=5120 lcp=5120 active=2 wave=2 placement=single-or-non-pp2
[prefix-cache] source lease released after restore fence (entry 5120 tokens, model gate)
[prefix-host] contracts door D2H receipt: ticket issuer=2 seq=11 epochs=0/1/1 items=32 (16 KV planes) complete=32 require=ok checksums_sha256=b5f6629ec6ccee68ddf323ecfe16164aef909ff1ed869ef318622c50b8572232 retired acknowledged; 96 f32 spans landed under the ticket and taken back before the retire; receipts on the copy stream (source digests, 266.10ms)
[prefix-host] demote copy complete off the tick: ticket seq=11 complete after 20 poll(s), 275.0ms from submission to completion (tick-top poll); items=128 (32 KV, 96 f32 spans); 98 heap payloads (157.9MB) handed to the hash helper; by slot class: conv 48 (5898240 B), ssm 48 (150994944 B), hidden 1 (0 B), logits 1 (993280 B); span receipt sealed on the copy stream (96 landed digests), required before the publication
[prefix-host] demote KV leases on the hash helper: ticket seq=11, 32 lease views (151.1MB) for the bind's re-hash
[prefix-host] demote: 5088 tokens, 309.0MB in 371.1ms (host resident 619.0MB / 8590MB, model gate)
[prefix-host] demote digests landed off the tick: ticket seq=11, 98 payloads (157.9MB) hashed in 83.8ms on the hash helper, landed after 7 poll(s) (tick-top poll); the owner thread held 0.98ms across the demote: pre-submit 0.41, copy settle 0.35 over 20 poll(s), hashing polls 0.03, take-back bind and publish 0.19; owner in-completion 0.62ms; wall 371.1ms t0 to publication; 0 hit(s) parked on the Hashing entry (0 re-park(s))
[prefix-host] demote helper split: ticket seq=11 copy 16.14 ms over 156.9 MB (minflt +0), hash 32.70 ms (helper 83.8 ms); reserve 0 of 96 staged
[prefix-host] demote publication split: ticket seq=11 bind 0.10 ms, reclaim 0.00 ms, insert 0.07 ms (twin: meta 0.00 ms, kv 0.04 ms over 16 leases, f32 0.02 ms over 96 payloads, rest 0.00 ms; 0 evicted in 0.00 ms), pause release 0.00 ms
[meter] admit id=cmpl-3f03041b12746d953454e75670ba7801 tenant=default lane=interactive model="gate"
[admission] request cost: model="gate" ctx=240 path=plain = 29696 B/token x ctx + 8MB prefill-workspace + 317MB fixed = 332MB
[worker] plain-affinity: declined (no checkpoint retained; 2 parked, 16 prompt tokens; model gate)
[spec-k] model="gate" tenant="" K=0 source=eligibility-fallback prompt=16 cached=0 lcp=0 active=1 wave=1 placement=single-or-non-pp2
[meter] admit id=cmpl-a670badbf43eee27691143b45f7fc9dd tenant=default lane=interactive model="gate"
[worker] plain-affinity: declined (no checkpoint retained; 2 parked, 16 prompt tokens; model gate)
[spec-k] model="gate" tenant="" K=0 source=eligibility-fallback prompt=16 cached=0 lcp=0 active=1 wave=1 placement=single-or-non-pp2
[meter] admit id=cmpl-63afd1714958b2939f16ee9a84d37dd7 tenant=default lane=interactive model="gate"
[admission] request cost: model="gate" ctx=5187 path=plain = 29696 B/token x ctx + 1984MB prefill-workspace + 317MB fixed = 2455MB
[prefix-host] promote submitted off the tick: 5088 tokens, 308.0MB, ticket seq=12, 32 items on the contracts door's copy stream, 96 f32 spans filled on the copy stream (156.9MB); owner segment 0.56ms; request parked
[prefix-host] contracts door H2D receipt: ticket issuer=2 seq=12 epochs=0/1/1 items=32 (16 KV planes) complete=32 require=ok checksums_sha256=b5f6629ec6ccee68ddf323ecfe16164aef909ff1ed869ef318622c50b8572232 published retired acknowledged; 96 f32 spans landed under the ticket and taken back before the retire (span receipt: fill 9.49 ms, copies 3.20 ms, digests 0.90 ms); 32 KV checksums on the hash helper (151.1MB in 36.4ms)
[prefix-cache] insert (host-promote): 5088 tokens, 308.0MB (resident 616.9MB / 470MB, model gate)
[prefix-cache] evict (LRU): 5120 tokens, 308.9MB (model gate)
[prefix-host] demote submitted off the tick: 5120 tokens, 310.0MB, ticket seq=13, 32 items on the contracts door's copy stream (model gate)
[prefix-host] demote pre-submit split: ticket seq=13 leases 0.03 ms (32 pinned, pooled 32 of 32, 152.0 MB, minflt +0), register 0.15 ms, spans 0.17 ms, other 0.08 ms (pre-submit 0.43 ms)
[prefix-host] promote published off the tick: ticket complete after 3 poll(s), 39.8ms from submission to completion (tick-top poll); timeline from t0: submitted +0.22ms (tick 10735, its top -5.60ms); poll 1 at +13.89ms (tick 10736, its top +13.87ms) pending on sources+copies (the tick top); poll 2 at +27.04ms (tick 10737, its top +27.03ms) pending on sources (the tick top); poll 3 at +40.04ms (tick 10738, its top +39.91ms) complete (the tick top); published +40.51ms (tick 10738, its top +39.91ms)
[prefix-host] promote: 5088 tokens, 308.0MB in 40.5ms (model gate)
[prefix-cache] restore not routed (contracts door): the entry was promoted for this admission (insertion pin id=6, 5088 tokens, model gate); the tick program copies it
[worker] plain-affinity: declined (no checkpoint retained; 2 parked, 5122 prompt tokens; model gate)
[prefix-cache] hit: 5088 of 5122 prompt tokens from cache (model gate)
[spec-k] model="gate" tenant="" K=0 source=eligibility-fallback prompt=5122 cached=5088 lcp=5088 active=2 wave=2 placement=single-or-non-pp2
[prefix-cache] source lease released after restore fence (entry 5088 tokens, model gate)
[meter] admit id=cmpl-990611745aab94f266810236fce88344 tenant=default lane=interactive model="gate"
[admission] request cost: model="gate" ctx=5185 path=plain = 29696 B/token x ctx + 1984MB prefill-workspace + 317MB fixed = 2455MB
[prefix-host] hit parked on a Demoting entry in its copy phase: request cmpl-990611745aab94f266810236fce88344 (5120 tokens) hits the Demoting entry's 5120 tokens (ticket seq=13, submitted 103.9ms ago); the request waits for the publication (model gate)
[prefix-host] contracts door D2H receipt: ticket issuer=2 seq=13 epochs=0/1/1 items=32 (16 KV planes) complete=32 require=ok checksums_sha256=66b1c0c1a78cea56765e188199286365d766f92deedee1646b2a178e9da3d8f1 retired acknowledged; 96 f32 spans landed under the ticket and taken back before the retire; receipts on the copy stream (source digests, 232.63ms)
[prefix-host] demote copy complete off the tick: ticket seq=13 complete after 13 poll(s), 250.2ms from submission to completion (tick-top poll); items=128 (32 KV, 96 f32 spans); 98 heap payloads (157.9MB) handed to the hash helper; by slot class: conv 48 (5898240 B), ssm 48 (150994944 B), hidden 1 (0 B), logits 1 (993280 B); span receipt sealed on the copy stream (96 landed digests), required before the publication
[prefix-host] demote KV leases on the hash helper: ticket seq=13, 32 lease views (152.0MB) for the bind's re-hash
[prefix-host] demote: 5120 tokens, 310.0MB in 343.2ms (host resident 619.0MB / 8590MB, model gate)
[prefix-host] demote digests landed off the tick: ticket seq=13, 98 payloads (157.9MB) hashed in 82.9ms on the hash helper, landed after 7 poll(s) (tick-top poll); the owner thread held 0.94ms across the demote: pre-submit 0.43, copy settle 0.29 over 13 poll(s), hashing polls 0.03, take-back bind and publish 0.20; owner in-completion 0.65ms; wall 343.2ms t0 to publication; 1 hit(s) parked on the Hashing entry (17 re-park(s))
[prefix-host] demote helper split: ticket seq=13 copy 16.23 ms over 156.9 MB (minflt +0), hash 32.10 ms (helper 82.9 ms); reserve 0 of 96 staged
[prefix-host] demote publication split: ticket seq=13 bind 0.09 ms, reclaim 0.00 ms, insert 0.07 ms (twin: meta 0.00 ms, kv 0.04 ms over 16 leases, f32 0.02 ms over 96 payloads, rest 0.00 ms; 0 evicted in 0.00 ms), pause release 0.00 ms
[prefix-host] promote submitted off the tick: 5120 tokens, 308.9MB, ticket seq=14, 32 items on the contracts door's copy stream, 96 f32 spans filled on the copy stream (156.9MB); owner segment 0.53ms; request parked
[prefix-host] contracts door H2D receipt: ticket issuer=2 seq=14 epochs=0/1/1 items=32 (16 KV planes) complete=32 require=ok checksums_sha256=66b1c0c1a78cea56765e188199286365d766f92deedee1646b2a178e9da3d8f1 published retired acknowledged; 96 f32 spans landed under the ticket and taken back before the retire (span receipt: fill 9.53 ms, copies 3.20 ms, digests 0.85 ms); 32 KV checksums on the hash helper (152.0MB in 36.2ms)
[prefix-cache] insert (host-promote): 5120 tokens, 308.9MB (resident 616.9MB / 470MB, model gate)
[prefix-cache] evict (LRU): 5088 tokens, 308.0MB (model gate)
[prefix-host] demote submitted off the tick: 5088 tokens, 309.0MB, ticket seq=15, 32 items on the contracts door's copy stream (model gate)
[prefix-host] demote pre-submit split: ticket seq=15 leases 0.03 ms (32 pinned, pooled 32 of 32, 151.1 MB, minflt +0), register 0.14 ms, spans 0.16 ms, other 0.08 ms (pre-submit 0.41 ms)
[prefix-host] promote published off the tick: ticket complete after 3 poll(s), 40.9ms from submission to completion (tick-top poll); timeline from t0: submitted +0.22ms (tick 10758, its top -0.34ms); poll 1 at +14.28ms (tick 10759, its top +14.25ms) pending on sources+copies (the tick top); poll 2 at +27.75ms (tick 10760, its top +27.74ms) pending on sources (the tick top); poll 3 at +41.08ms (tick 10761, its top +40.95ms) complete (the tick top); published +41.53ms (tick 10761, its top +40.95ms)
[prefix-host] promote: 5120 tokens, 308.9MB in 41.5ms (model gate)
[prefix-cache] restore not routed (contracts door): the entry was promoted for this admission (insertion pin id=7, 5120 tokens, model gate); the tick program copies it
[worker] plain-affinity: declined (no checkpoint retained; 2 parked, 5120 prompt tokens; model gate)
[prefix-cache] hit: 5120 of 5120 prompt tokens from cache (model gate)
[spec-k] model="gate" tenant="" K=0 source=eligibility-fallback prompt=5120 cached=5120 lcp=5120 active=2 wave=2 placement=single-or-non-pp2
[prefix-cache] source lease released after restore fence (entry 5120 tokens, model gate)
[prefix-host] contracts door D2H receipt: ticket issuer=2 seq=15 epochs=0/1/1 items=32 (16 KV planes) complete=32 require=ok checksums_sha256=b5f6629ec6ccee68ddf323ecfe16164aef909ff1ed869ef318622c50b8572232 retired acknowledged; 96 f32 spans landed under the ticket and taken back before the retire; receipts on the copy stream (source digests, 265.78ms)
[prefix-host] demote copy complete off the tick: ticket seq=15 complete after 20 poll(s), 274.8ms from submission to completion (tick-top poll); items=128 (32 KV, 96 f32 spans); 98 heap payloads (157.9MB) handed to the hash helper; by slot class: conv 48 (5898240 B), ssm 48 (150994944 B), hidden 1 (0 B), logits 1 (993280 B); span receipt sealed on the copy stream (96 landed digests), required before the publication
[prefix-host] demote KV leases on the hash helper: ticket seq=15, 32 lease views (151.1MB) for the bind's re-hash
[prefix-host] demote: 5088 tokens, 309.0MB in 371.0ms (host resident 619.0MB / 8590MB, model gate)
[prefix-host] demote digests landed off the tick: ticket seq=15, 98 payloads (157.9MB) hashed in 86.5ms on the hash helper, landed after 7 poll(s) (tick-top poll); the owner thread held 1.00ms across the demote: pre-submit 0.41, copy settle 0.36 over 20 poll(s), hashing polls 0.02, take-back bind and publish 0.20; owner in-completion 0.64ms; wall 371.0ms t0 to publication; 0 hit(s) parked on the Hashing entry (0 re-park(s))
[prefix-host] demote helper split: ticket seq=15 copy 20.00 ms over 156.9 MB (minflt +0), hash 32.19 ms (helper 86.5 ms); reserve 0 of 96 staged
[prefix-host] demote publication split: ticket seq=15 bind 0.09 ms, reclaim 0.00 ms, insert 0.08 ms (twin: meta 0.00 ms, kv 0.05 ms over 16 leases, f32 0.02 ms over 96 payloads, rest 0.00 ms; 0 evicted in 0.00 ms), pause release 0.00 ms
[meter] admit id=cmpl-b0b45c0f1b7f2a23913a3ff192192dbc tenant=default lane=interactive model="gate"
[admission] request cost: model="gate" ctx=240 path=plain = 29696 B/token x ctx + 8MB prefill-workspace + 317MB fixed = 332MB
[worker] plain-affinity: declined (no checkpoint retained; 2 parked, 16 prompt tokens; model gate)
[spec-k] model="gate" tenant="" K=0 source=eligibility-fallback prompt=16 cached=0 lcp=0 active=1 wave=1 placement=single-or-non-pp2
[meter] admit id=cmpl-fe4ddc2900e98ceadbad78b7127eb333 tenant=default lane=interactive model="gate"
[worker] plain-affinity: declined (no checkpoint retained; 2 parked, 16 prompt tokens; model gate)
[spec-k] model="gate" tenant="" K=0 source=eligibility-fallback prompt=16 cached=0 lcp=0 active=1 wave=1 placement=single-or-non-pp2
[meter] admit id=cmpl-bd65ae5025a4a2805e47d486805ecb67 tenant=default lane=interactive model="gate"
[admission] request cost: model="gate" ctx=5187 path=plain = 29696 B/token x ctx + 1984MB prefill-workspace + 317MB fixed = 2455MB
[prefix-host] promote submitted off the tick: 5088 tokens, 308.0MB, ticket seq=16, 32 items on the contracts door's copy stream, 96 f32 spans filled on the copy stream (156.9MB); owner segment 0.55ms; request parked
[prefix-host] contracts door H2D receipt: ticket issuer=2 seq=16 epochs=0/1/1 items=32 (16 KV planes) complete=32 require=ok checksums_sha256=b5f6629ec6ccee68ddf323ecfe16164aef909ff1ed869ef318622c50b8572232 published retired acknowledged; 96 f32 spans landed under the ticket and taken back before the retire (span receipt: fill 9.64 ms, copies 3.19 ms, digests 0.90 ms); 32 KV checksums on the hash helper (151.1MB in 35.9ms)
[prefix-cache] insert (host-promote): 5088 tokens, 308.0MB (resident 616.9MB / 470MB, model gate)
[prefix-cache] evict (LRU): 5120 tokens, 308.9MB (model gate)
[prefix-host] demote submitted off the tick: 5120 tokens, 310.0MB, ticket seq=17, 32 items on the contracts door's copy stream (model gate)
[prefix-host] demote pre-submit split: ticket seq=17 leases 0.03 ms (32 pinned, pooled 32 of 32, 152.0 MB, minflt +0), register 0.14 ms, spans 0.16 ms, other 0.08 ms (pre-submit 0.41 ms)
[prefix-host] promote published off the tick: ticket complete after 3 poll(s), 39.8ms from submission to completion (tick-top poll); timeline from t0: submitted +0.22ms (tick 12254, its top -5.67ms); poll 1 at +13.84ms (tick 12255, its top +13.81ms) pending on sources+copies (the tick top); poll 2 at +26.99ms (tick 12256, its top +26.98ms) pending on sources (the tick top); poll 3 at +40.02ms (tick 12257, its top +39.89ms) complete (the tick top); published +40.47ms (tick 12257, its top +39.89ms)
[prefix-host] promote: 5088 tokens, 308.0MB in 40.5ms (model gate)
[prefix-cache] restore not routed (contracts door): the entry was promoted for this admission (insertion pin id=8, 5088 tokens, model gate); the tick program copies it
[worker] plain-affinity: declined (no checkpoint retained; 2 parked, 5122 prompt tokens; model gate)
[prefix-cache] hit: 5088 of 5122 prompt tokens from cache (model gate)
[spec-k] model="gate" tenant="" K=0 source=eligibility-fallback prompt=5122 cached=5088 lcp=5088 active=2 wave=2 placement=single-or-non-pp2
[prefix-cache] source lease released after restore fence (entry 5088 tokens, model gate)
[meter] admit id=cmpl-3e5d342cf653807b4f597d4627eb82d3 tenant=default lane=interactive model="gate"
[admission] request cost: model="gate" ctx=5185 path=plain = 29696 B/token x ctx + 1984MB prefill-workspace + 317MB fixed = 2455MB
[prefix-host] hit parked on a Demoting entry in its copy phase: request cmpl-3e5d342cf653807b4f597d4627eb82d3 (5120 tokens) hits the Demoting entry's 5120 tokens (ticket seq=17, submitted 104.1ms ago); the request waits for the publication (model gate)
[prefix-host] contracts door D2H receipt: ticket issuer=2 seq=17 epochs=0/1/1 items=32 (16 KV planes) complete=32 require=ok checksums_sha256=66b1c0c1a78cea56765e188199286365d766f92deedee1646b2a178e9da3d8f1 retired acknowledged; 96 f32 spans landed under the ticket and taken back before the retire; receipts on the copy stream (source digests, 232.49ms)
[prefix-host] demote copy complete off the tick: ticket seq=17 complete after 13 poll(s), 250.1ms from submission to completion (tick-top poll); items=128 (32 KV, 96 f32 spans); 98 heap payloads (157.9MB) handed to the hash helper; by slot class: conv 48 (5898240 B), ssm 48 (150994944 B), hidden 1 (0 B), logits 1 (993280 B); span receipt sealed on the copy stream (96 landed digests), required before the publication
[prefix-host] demote KV leases on the hash helper: ticket seq=17, 32 lease views (152.0MB) for the bind's re-hash
[prefix-host] demote: 5120 tokens, 310.0MB in 343.0ms (host resident 619.0MB / 8590MB, model gate)
[prefix-host] demote digests landed off the tick: ticket seq=17, 98 payloads (157.9MB) hashed in 82.5ms on the hash helper, landed after 7 poll(s) (tick-top poll); the owner thread held 0.91ms across the demote: pre-submit 0.41, copy settle 0.28 over 13 poll(s), hashing polls 0.03, take-back bind and publish 0.19; owner in-completion 0.62ms; wall 343.0ms t0 to publication; 1 hit(s) parked on the Hashing entry (17 re-park(s))
[prefix-host] demote helper split: ticket seq=17 copy 16.03 ms over 156.9 MB (minflt +0), hash 32.00 ms (helper 82.5 ms); reserve 0 of 96 staged
[prefix-host] demote publication split: ticket seq=17 bind 0.09 ms, reclaim 0.00 ms, insert 0.07 ms (twin: meta 0.00 ms, kv 0.04 ms over 16 leases, f32 0.02 ms over 96 payloads, rest 0.00 ms; 0 evicted in 0.00 ms), pause release 0.00 ms
[prefix-host] promote submitted off the tick: 5120 tokens, 308.9MB, ticket seq=18, 32 items on the contracts door's copy stream, 96 f32 spans filled on the copy stream (156.9MB); owner segment 0.52ms; request parked
[prefix-host] contracts door H2D receipt: ticket issuer=2 seq=18 epochs=0/1/1 items=32 (16 KV planes) complete=32 require=ok checksums_sha256=66b1c0c1a78cea56765e188199286365d766f92deedee1646b2a178e9da3d8f1 published retired acknowledged; 96 f32 spans landed under the ticket and taken back before the retire (span receipt: fill 9.34 ms, copies 3.18 ms, digests 0.89 ms); 32 KV checksums on the hash helper (152.0MB in 36.3ms)
[prefix-cache] insert (host-promote): 5120 tokens, 308.9MB (resident 616.9MB / 470MB, model gate)
[prefix-cache] evict (LRU): 5088 tokens, 308.0MB (model gate)
[prefix-host] demote submitted off the tick: 5088 tokens, 309.0MB, ticket seq=19, 32 items on the contracts door's copy stream (model gate)
[prefix-host] demote pre-submit split: ticket seq=19 leases 0.04 ms (32 pinned, pooled 32 of 32, 151.1 MB, minflt +0), register 0.15 ms, spans 0.16 ms, other 0.11 ms (pre-submit 0.46 ms)
[prefix-host] promote published off the tick: ticket complete after 3 poll(s), 40.9ms from submission to completion (tick-top poll); timeline from t0: submitted +0.20ms (tick 12277, its top -0.34ms); poll 1 at +14.32ms (tick 12278, its top +14.29ms) pending on sources+copies (the tick top); poll 2 at +27.75ms (tick 12279, its top +27.74ms) pending on sources (the tick top); poll 3 at +41.11ms (tick 12280, its top +40.98ms) complete (the tick top); published +41.62ms (tick 12280, its top +40.98ms)
[prefix-host] promote: 5120 tokens, 308.9MB in 41.6ms (model gate)
[prefix-cache] restore not routed (contracts door): the entry was promoted for this admission (insertion pin id=9, 5120 tokens, model gate); the tick program copies it
[worker] plain-affinity: declined (no checkpoint retained; 2 parked, 5120 prompt tokens; model gate)
[prefix-cache] hit: 5120 of 5120 prompt tokens from cache (model gate)
[spec-k] model="gate" tenant="" K=0 source=eligibility-fallback prompt=5120 cached=5120 lcp=5120 active=2 wave=2 placement=single-or-non-pp2
[prefix-cache] source lease released after restore fence (entry 5120 tokens, model gate)
[prefix-host] contracts door D2H receipt: ticket issuer=2 seq=19 epochs=0/1/1 items=32 (16 KV planes) complete=32 require=ok checksums_sha256=b5f6629ec6ccee68ddf323ecfe16164aef909ff1ed869ef318622c50b8572232 retired acknowledged; 96 f32 spans landed under the ticket and taken back before the retire; receipts on the copy stream (source digests, 265.82ms)
[prefix-host] demote copy complete off the tick: ticket seq=19 complete after 20 poll(s), 274.8ms from submission to completion (tick-top poll); items=128 (32 KV, 96 f32 spans); 98 heap payloads (157.9MB) handed to the hash helper; by slot class: conv 48 (5898240 B), ssm 48 (150994944 B), hidden 1 (0 B), logits 1 (993280 B); span receipt sealed on the copy stream (96 landed digests), required before the publication
[prefix-host] demote KV leases on the hash helper: ticket seq=19, 32 lease views (151.1MB) for the bind's re-hash
[prefix-host] demote: 5088 tokens, 309.0MB in 370.8ms (host resident 619.0MB / 8590MB, model gate)
[prefix-host] demote digests landed off the tick: ticket seq=19, 98 payloads (157.9MB) hashed in 82.6ms on the hash helper, landed after 7 poll(s) (tick-top poll); the owner thread held 1.04ms across the demote: pre-submit 0.46, copy settle 0.36 over 20 poll(s), hashing polls 0.02, take-back bind and publish 0.20; owner in-completion 0.68ms; wall 370.9ms t0 to publication; 0 hit(s) parked on the Hashing entry (0 re-park(s))
[prefix-host] demote helper split: ticket seq=19 copy 16.09 ms over 156.9 MB (minflt +0), hash 32.22 ms (helper 82.6 ms); reserve 0 of 96 staged
[prefix-host] demote publication split: ticket seq=19 bind 0.09 ms, reclaim 0.00 ms, insert 0.07 ms (twin: meta 0.00 ms, kv 0.04 ms over 16 leases, f32 0.02 ms over 96 payloads, rest 0.00 ms; 0 evicted in 0.00 ms), pause release 0.00 ms
[meter] admit id=cmpl-e35176244c640537416e30bd01801ff2 tenant=default lane=interactive model="gate"
[admission] request cost: model="gate" ctx=240 path=plain = 29696 B/token x ctx + 8MB prefill-workspace + 317MB fixed = 332MB
[worker] plain-affinity: declined (no checkpoint retained; 2 parked, 16 prompt tokens; model gate)
[spec-k] model="gate" tenant="" K=0 source=eligibility-fallback prompt=16 cached=0 lcp=0 active=1 wave=1 placement=single-or-non-pp2
[meter] admit id=cmpl-16e9e404e5756eff4c795c8974487e22 tenant=default lane=interactive model="gate"
[worker] plain-affinity: declined (no checkpoint retained; 2 parked, 16 prompt tokens; model gate)
[spec-k] model="gate" tenant="" K=0 source=eligibility-fallback prompt=16 cached=0 lcp=0 active=1 wave=1 placement=single-or-non-pp2
[meter] admit id=cmpl-445abf77acecb6b8f3a36cd204be6e50 tenant=default lane=interactive model="gate"
[admission] request cost: model="gate" ctx=5187 path=plain = 29696 B/token x ctx + 1984MB prefill-workspace + 317MB fixed = 2455MB
[prefix-host] promote submitted off the tick: 5088 tokens, 308.0MB, ticket seq=20, 32 items on the contracts door's copy stream, 96 f32 spans filled on the copy stream (156.9MB); owner segment 0.56ms; request parked
[prefix-host] contracts door H2D receipt: ticket issuer=2 seq=20 epochs=0/1/1 items=32 (16 KV planes) complete=32 require=ok checksums_sha256=b5f6629ec6ccee68ddf323ecfe16164aef909ff1ed869ef318622c50b8572232 published retired acknowledged; 96 f32 spans landed under the ticket and taken back before the retire (span receipt: fill 9.16 ms, copies 3.21 ms, digests 0.88 ms); 32 KV checksums on the hash helper (151.1MB in 35.8ms)
[prefix-cache] insert (host-promote): 5088 tokens, 308.0MB (resident 616.9MB / 470MB, model gate)
[prefix-cache] evict (LRU): 5120 tokens, 308.9MB (model gate)
[prefix-host] demote submitted off the tick: 5120 tokens, 310.0MB, ticket seq=21, 32 items on the contracts door's copy stream (model gate)
[prefix-host] demote pre-submit split: ticket seq=21 leases 0.03 ms (32 pinned, pooled 32 of 32, 152.0 MB, minflt +0), register 0.14 ms, spans 0.16 ms, other 0.07 ms (pre-submit 0.41 ms)
[prefix-host] promote published off the tick: ticket complete after 3 poll(s), 39.8ms from submission to completion (tick-top poll); timeline from t0: submitted +0.23ms (tick 13750, its top -5.62ms); poll 1 at +13.93ms (tick 13751, its top +13.91ms) pending on sources+copies (the tick top); poll 2 at +27.03ms (tick 13752, its top +27.02ms) pending on sources (the tick top); poll 3 at +40.02ms (tick 13753, its top +39.90ms) complete (the tick top); published +40.48ms (tick 13753, its top +39.90ms)
[prefix-host] promote: 5088 tokens, 308.0MB in 40.5ms (model gate)
[prefix-cache] restore not routed (contracts door): the entry was promoted for this admission (insertion pin id=10, 5088 tokens, model gate); the tick program copies it
[worker] plain-affinity: declined (no checkpoint retained; 2 parked, 5122 prompt tokens; model gate)
[prefix-cache] hit: 5088 of 5122 prompt tokens from cache (model gate)
[spec-k] model="gate" tenant="" K=0 source=eligibility-fallback prompt=5122 cached=5088 lcp=5088 active=2 wave=2 placement=single-or-non-pp2
[prefix-cache] source lease released after restore fence (entry 5088 tokens, model gate)
[meter] admit id=cmpl-e6cfaf8854ba8b98ab3adc93ea5c4cda tenant=default lane=interactive model="gate"
[admission] request cost: model="gate" ctx=5185 path=plain = 29696 B/token x ctx + 1984MB prefill-workspace + 317MB fixed = 2455MB
[prefix-host] hit parked on a Demoting entry in its copy phase: request cmpl-e6cfaf8854ba8b98ab3adc93ea5c4cda (5120 tokens) hits the Demoting entry's 5120 tokens (ticket seq=21, submitted 104.0ms ago); the request waits for the publication (model gate)
[prefix-host] contracts door D2H receipt: ticket issuer=2 seq=21 epochs=0/1/1 items=32 (16 KV planes) complete=32 require=ok checksums_sha256=66b1c0c1a78cea56765e188199286365d766f92deedee1646b2a178e9da3d8f1 retired acknowledged; 96 f32 spans landed under the ticket and taken back before the retire; receipts on the copy stream (source digests, 232.73ms)
[prefix-host] demote copy complete off the tick: ticket seq=21 complete after 13 poll(s), 250.4ms from submission to completion (tick-top poll); items=128 (32 KV, 96 f32 spans); 98 heap payloads (157.9MB) handed to the hash helper; by slot class: conv 48 (5898240 B), ssm 48 (150994944 B), hidden 1 (0 B), logits 1 (993280 B); span receipt sealed on the copy stream (96 landed digests), required before the publication
[prefix-host] demote KV leases on the hash helper: ticket seq=21, 32 lease views (152.0MB) for the bind's re-hash
[prefix-host] demote: 5120 tokens, 310.0MB in 343.4ms (host resident 619.0MB / 8590MB, model gate)
[prefix-host] demote digests landed off the tick: ticket seq=21, 98 payloads (157.9MB) hashed in 82.6ms on the hash helper, landed after 7 poll(s) (tick-top poll); the owner thread held 0.94ms across the demote: pre-submit 0.41, copy settle 0.29 over 13 poll(s), hashing polls 0.03, take-back bind and publish 0.21; owner in-completion 0.65ms; wall 343.4ms t0 to publication; 1 hit(s) parked on the Hashing entry (17 re-park(s))
[prefix-host] demote helper split: ticket seq=21 copy 15.96 ms over 156.9 MB (minflt +0), hash 32.17 ms (helper 82.6 ms); reserve 0 of 96 staged
[prefix-host] demote publication split: ticket seq=21 bind 0.10 ms, reclaim 0.00 ms, insert 0.08 ms (twin: meta 0.00 ms, kv 0.05 ms over 16 leases, f32 0.02 ms over 96 payloads, rest 0.00 ms; 0 evicted in 0.00 ms), pause release 0.00 ms
[prefix-host] promote submitted off the tick: 5120 tokens, 308.9MB, ticket seq=22, 32 items on the contracts door's copy stream, 96 f32 spans filled on the copy stream (156.9MB); owner segment 0.58ms; request parked
[prefix-host] contracts door H2D receipt: ticket issuer=2 seq=22 epochs=0/1/1 items=32 (16 KV planes) complete=32 require=ok checksums_sha256=66b1c0c1a78cea56765e188199286365d766f92deedee1646b2a178e9da3d8f1 published retired acknowledged; 96 f32 spans landed under the ticket and taken back before the retire (span receipt: fill 9.50 ms, copies 3.20 ms, digests 0.88 ms); 32 KV checksums on the hash helper (152.0MB in 38.4ms)
[prefix-cache] insert (host-promote): 5120 tokens, 308.9MB (resident 616.9MB / 470MB, model gate)
[prefix-cache] evict (LRU): 5088 tokens, 308.0MB (model gate)
[prefix-host] demote submitted off the tick: 5088 tokens, 309.0MB, ticket seq=23, 32 items on the contracts door's copy stream (model gate)
[prefix-host] demote pre-submit split: ticket seq=23 leases 0.04 ms (32 pinned, pooled 32 of 32, 151.1 MB, minflt +0), register 0.16 ms, spans 0.17 ms, other 0.11 ms (pre-submit 0.48 ms)
[prefix-host] promote published off the tick: ticket complete after 3 poll(s), 41.1ms from submission to completion (tick-top poll); timeline from t0: submitted +0.21ms (tick 13773, its top -0.39ms); poll 1 at +14.42ms (tick 13774, its top +14.39ms) pending on sources+copies (the tick top); poll 2 at +27.93ms (tick 13775, its top +27.91ms) pending on sources (the tick top); poll 3 at +41.28ms (tick 13776, its top +41.14ms) complete (the tick top); published +41.82ms (tick 13776, its top +41.14ms)
[prefix-host] promote: 5120 tokens, 308.9MB in 41.8ms (model gate)
[prefix-cache] restore not routed (contracts door): the entry was promoted for this admission (insertion pin id=11, 5120 tokens, model gate); the tick program copies it
[worker] plain-affinity: declined (no checkpoint retained; 2 parked, 5120 prompt tokens; model gate)
[prefix-cache] hit: 5120 of 5120 prompt tokens from cache (model gate)
[spec-k] model="gate" tenant="" K=0 source=eligibility-fallback prompt=5120 cached=5120 lcp=5120 active=2 wave=2 placement=single-or-non-pp2
[prefix-cache] source lease released after restore fence (entry 5120 tokens, model gate)
[prefix-host] contracts door D2H receipt: ticket issuer=2 seq=23 epochs=0/1/1 items=32 (16 KV planes) complete=32 require=ok checksums_sha256=b5f6629ec6ccee68ddf323ecfe16164aef909ff1ed869ef318622c50b8572232 retired acknowledged; 96 f32 spans landed under the ticket and taken back before the retire; receipts on the copy stream (source digests, 265.99ms)
[prefix-host] demote copy complete off the tick: ticket seq=23 complete after 20 poll(s), 274.9ms from submission to completion (tick-top poll); items=128 (32 KV, 96 f32 spans); 98 heap payloads (157.9MB) handed to the hash helper; by slot class: conv 48 (5898240 B), ssm 48 (150994944 B), hidden 1 (0 B), logits 1 (993280 B); span receipt sealed on the copy stream (96 landed digests), required before the publication
[prefix-host] demote KV leases on the hash helper: ticket seq=23, 32 lease views (151.1MB) for the bind's re-hash
[prefix-host] demote: 5088 tokens, 309.0MB in 371.1ms (host resident 619.0MB / 8590MB, model gate)
[prefix-host] demote digests landed off the tick: ticket seq=23, 98 payloads (157.9MB) hashed in 82.7ms on the hash helper, landed after 7 poll(s) (tick-top poll); the owner thread held 1.11ms across the demote: pre-submit 0.48, copy settle 0.39 over 20 poll(s), hashing polls 0.03, take-back bind and publish 0.20; owner in-completion 0.71ms; wall 371.2ms t0 to publication; 0 hit(s) parked on the Hashing entry (0 re-park(s))
[prefix-host] demote helper split: ticket seq=23 copy 16.07 ms over 156.9 MB (minflt +0), hash 32.31 ms (helper 82.7 ms); reserve 0 of 96 staged
[prefix-host] demote publication split: ticket seq=23 bind 0.10 ms, reclaim 0.00 ms, insert 0.08 ms (twin: meta 0.00 ms, kv 0.04 ms over 16 leases, f32 0.02 ms over 96 payloads, rest 0.01 ms; 0 evicted in 0.00 ms), pause release 0.00 ms
[meter] admit id=cmpl-ff9f961d54e577d8b909f7a614309573 tenant=default lane=interactive model="gate"
[admission] request cost: model="gate" ctx=240 path=plain = 29696 B/token x ctx + 8MB prefill-workspace + 317MB fixed = 332MB
[worker] plain-affinity: declined (no checkpoint retained; 2 parked, 16 prompt tokens; model gate)
[spec-k] model="gate" tenant="" K=0 source=eligibility-fallback prompt=16 cached=0 lcp=0 active=1 wave=1 placement=single-or-non-pp2
[meter] admit id=cmpl-46bd6dc2a027366f14a10855ba6d539e tenant=default lane=interactive model="gate"
[admission] request cost: model="gate" ctx=5187 path=plain = 29696 B/token x ctx + 1984MB prefill-workspace + 317MB fixed = 2455MB
[prefix-host] promote submitted off the tick: 5088 tokens, 308.0MB, ticket seq=24, 32 items on the contracts door's copy stream, 96 f32 spans filled on the copy stream (156.9MB); owner segment 0.56ms; request parked
[prefix-host] contracts door H2D receipt: ticket issuer=2 seq=24 epochs=0/1/1 items=32 (16 KV planes) complete=32 require=ok checksums_sha256=b5f6629ec6ccee68ddf323ecfe16164aef909ff1ed869ef318622c50b8572232 published retired acknowledged; 96 f32 spans landed under the ticket and taken back before the retire (span receipt: fill 9.48 ms, copies 3.23 ms, digests 0.93 ms); 32 KV checksums on the hash helper (151.1MB in 36.0ms)
[prefix-cache] insert (host-promote): 5088 tokens, 308.0MB (resident 616.9MB / 470MB, model gate)
[prefix-cache] evict (LRU): 5120 tokens, 308.9MB (model gate)
[prefix-host] demote submitted off the tick: 5120 tokens, 310.0MB, ticket seq=25, 32 items on the contracts door's copy stream (model gate)
[prefix-host] demote pre-submit split: ticket seq=25 leases 0.03 ms (32 pinned, pooled 32 of 32, 152.0 MB, minflt +0), register 0.14 ms, spans 0.16 ms, other 0.08 ms (pre-submit 0.42 ms)
[prefix-host] promote published off the tick: ticket complete after 3 poll(s), 39.7ms from submission to completion (tick-top poll); timeline from t0: submitted +0.22ms (tick 14483, its top -5.59ms); poll 1 at +13.87ms (tick 14484, its top +13.84ms) pending on sources+copies (the tick top); poll 2 at +27.00ms (tick 14485, its top +26.99ms) pending on sources (the tick top); poll 3 at +39.96ms (tick 14486, its top +39.83ms) complete (the tick top); published +40.42ms (tick 14486, its top +39.83ms)
[prefix-host] promote: 5088 tokens, 308.0MB in 40.4ms (model gate)
[prefix-cache] restore not routed (contracts door): the entry was promoted for this admission (insertion pin id=12, 5088 tokens, model gate); the tick program copies it
[worker] plain-affinity: declined (no checkpoint retained; 2 parked, 5122 prompt tokens; model gate)
[prefix-cache] hit: 5088 of 5122 prompt tokens from cache (model gate)
[spec-k] model="gate" tenant="" K=0 source=eligibility-fallback prompt=5122 cached=5088 lcp=5088 active=2 wave=2 placement=single-or-non-pp2
[prefix-cache] source lease released after restore fence (entry 5088 tokens, model gate)
[meter] admit id=cmpl-6d18ea345524839017af51f6e30803fc tenant=default lane=interactive model="gate"
[admission] request cost: model="gate" ctx=5185 path=plain = 29696 B/token x ctx + 1984MB prefill-workspace + 317MB fixed = 2455MB
[prefix-host] hit parked on a Demoting entry in its copy phase: request cmpl-6d18ea345524839017af51f6e30803fc (5120 tokens) hits the Demoting entry's 5120 tokens (ticket seq=25, submitted 103.9ms ago); the request waits for the publication (model gate)
[prefix-host] contracts door D2H receipt: ticket issuer=2 seq=25 epochs=0/1/1 items=32 (16 KV planes) complete=32 require=ok checksums_sha256=66b1c0c1a78cea56765e188199286365d766f92deedee1646b2a178e9da3d8f1 retired acknowledged; 96 f32 spans landed under the ticket and taken back before the retire; receipts on the copy stream (source digests, 232.92ms)
[prefix-host] demote copy complete off the tick: ticket seq=25 complete after 13 poll(s), 250.6ms from submission to completion (tick-top poll); items=128 (32 KV, 96 f32 spans); 98 heap payloads (157.9MB) handed to the hash helper; by slot class: conv 48 (5898240 B), ssm 48 (150994944 B), hidden 1 (0 B), logits 1 (993280 B); span receipt sealed on the copy stream (96 landed digests), required before the publication
[prefix-host] demote KV leases on the hash helper: ticket seq=25, 32 lease views (152.0MB) for the bind's re-hash
[prefix-host] demote: 5120 tokens, 310.0MB in 343.5ms (host resident 619.0MB / 8590MB, model gate)
[prefix-host] demote digests landed off the tick: ticket seq=25, 98 payloads (157.9MB) hashed in 82.5ms on the hash helper, landed after 7 poll(s) (tick-top poll); the owner thread held 0.92ms across the demote: pre-submit 0.42, copy settle 0.29 over 13 poll(s), hashing polls 0.03, take-back bind and publish 0.19; owner in-completion 0.64ms; wall 343.5ms t0 to publication; 1 hit(s) parked on the Hashing entry (17 re-park(s))
[prefix-host] demote helper split: ticket seq=25 copy 15.96 ms over 156.9 MB (minflt +0), hash 32.02 ms (helper 82.5 ms); reserve 0 of 96 staged
[prefix-host] demote publication split: ticket seq=25 bind 0.10 ms, reclaim 0.00 ms, insert 0.08 ms (twin: meta 0.00 ms, kv 0.05 ms over 16 leases, f32 0.02 ms over 96 payloads, rest 0.00 ms; 0 evicted in 0.00 ms), pause release 0.00 ms
[prefix-host] promote submitted off the tick: 5120 tokens, 308.9MB, ticket seq=26, 32 items on the contracts door's copy stream, 96 f32 spans filled on the copy stream (156.9MB); owner segment 0.52ms; request parked
[prefix-host] contracts door H2D receipt: ticket issuer=2 seq=26 epochs=0/1/1 items=32 (16 KV planes) complete=32 require=ok checksums_sha256=66b1c0c1a78cea56765e188199286365d766f92deedee1646b2a178e9da3d8f1 published retired acknowledged; 96 f32 spans landed under the ticket and taken back before the retire (span receipt: fill 7.66 ms, copies 3.18 ms, digests 1.16 ms); 32 KV checksums on the hash helper (152.0MB in 36.4ms)
[prefix-cache] insert (host-promote): 5120 tokens, 308.9MB (resident 616.9MB / 470MB, model gate)
[prefix-cache] evict (LRU): 5088 tokens, 308.0MB (model gate)
[prefix-host] demote submitted off the tick: 5088 tokens, 309.0MB, ticket seq=27, 32 items on the contracts door's copy stream (model gate)
[prefix-host] demote pre-submit split: ticket seq=27 leases 0.03 ms (32 pinned, pooled 32 of 32, 151.1 MB, minflt +0), register 0.15 ms, spans 0.16 ms, other 0.08 ms (pre-submit 0.42 ms)
[prefix-host] promote published off the tick: ticket complete after 3 poll(s), 40.9ms from submission to completion (tick-top poll); timeline from t0: submitted +0.20ms (tick 14506, its top -0.35ms); poll 1 at +14.52ms (tick 14507, its top +14.50ms) pending on sources+receipt (the tick top); poll 2 at +27.80ms (tick 14508, its top +27.79ms) pending on sources (the tick top); poll 3 at +41.14ms (tick 14509, its top +41.01ms) complete (the tick top); published +41.61ms (tick 14509, its top +41.01ms)
[prefix-host] promote: 5120 tokens, 308.9MB in 41.6ms (model gate)
[prefix-cache] restore not routed (contracts door): the entry was promoted for this admission (insertion pin id=13, 5120 tokens, model gate); the tick program copies it
[worker] plain-affinity: declined (no checkpoint retained; 2 parked, 5120 prompt tokens; model gate)
[prefix-cache] hit: 5120 of 5120 prompt tokens from cache (model gate)
[spec-k] model="gate" tenant="" K=0 source=eligibility-fallback prompt=5120 cached=5120 lcp=5120 active=2 wave=2 placement=single-or-non-pp2
[prefix-cache] source lease released after restore fence (entry 5120 tokens, model gate)
[prefix-host] contracts door D2H receipt: ticket issuer=2 seq=27 epochs=0/1/1 items=32 (16 KV planes) complete=32 require=ok checksums_sha256=b5f6629ec6ccee68ddf323ecfe16164aef909ff1ed869ef318622c50b8572232 retired acknowledged; 96 f32 spans landed under the ticket and taken back before the retire; receipts on the copy stream (source digests, 266.38ms)
[prefix-host] demote copy complete off the tick: ticket seq=27 complete after 20 poll(s), 275.4ms from submission to completion (tick-top poll); items=128 (32 KV, 96 f32 spans); 98 heap payloads (157.9MB) handed to the hash helper; by slot class: conv 48 (5898240 B), ssm 48 (150994944 B), hidden 1 (0 B), logits 1 (993280 B); span receipt sealed on the copy stream (96 landed digests), required before the publication
[prefix-host] demote KV leases on the hash helper: ticket seq=27, 32 lease views (151.1MB) for the bind's re-hash
[prefix-host] demote: 5088 tokens, 309.0MB in 371.5ms (host resident 619.0MB / 8590MB, model gate)
[prefix-host] demote digests landed off the tick: ticket seq=27, 98 payloads (157.9MB) hashed in 83.7ms on the hash helper, landed after 7 poll(s) (tick-top poll); the owner thread held 1.03ms across the demote: pre-submit 0.42, copy settle 0.38 over 20 poll(s), hashing polls 0.03, take-back bind and publish 0.20; owner in-completion 0.65ms; wall 371.6ms t0 to publication; 0 hit(s) parked on the Hashing entry (0 re-park(s))
[prefix-host] demote helper split: ticket seq=27 copy 16.19 ms over 156.9 MB (minflt +0), hash 33.03 ms (helper 83.7 ms); reserve 0 of 96 staged
[prefix-host] demote publication split: ticket seq=27 bind 0.10 ms, reclaim 0.00 ms, insert 0.08 ms (twin: meta 0.00 ms, kv 0.05 ms over 16 leases, f32 0.02 ms over 96 payloads, rest 0.00 ms; 0 evicted in 0.00 ms), pause release 0.00 ms
[meter] admit id=cmpl-8d427bc7729121a6baa56ed476fa5ab9 tenant=default lane=interactive model="gate"
[admission] request cost: model="gate" ctx=240 path=plain = 29696 B/token x ctx + 8MB prefill-workspace + 317MB fixed = 332MB
[worker] plain-affinity: declined (no checkpoint retained; 2 parked, 16 prompt tokens; model gate)
[spec-k] model="gate" tenant="" K=0 source=eligibility-fallback prompt=16 cached=0 lcp=0 active=1 wave=1 placement=single-or-non-pp2
[meter] admit id=cmpl-d8ae4bf4f811d52c8c13d8a490df069e tenant=default lane=interactive model="gate"
[worker] plain-affinity: declined (no checkpoint retained; 2 parked, 16 prompt tokens; model gate)
[spec-k] model="gate" tenant="" K=0 source=eligibility-fallback prompt=16 cached=0 lcp=0 active=1 wave=1 placement=single-or-non-pp2
[meter] admit id=cmpl-29abf6b5d00f6c7f3e800b66a328ed6a tenant=default lane=interactive model="gate"
[admission] request cost: model="gate" ctx=5187 path=plain = 29696 B/token x ctx + 1984MB prefill-workspace + 317MB fixed = 2455MB
[prefix-host] promote submitted off the tick: 5088 tokens, 308.0MB, ticket seq=28, 32 items on the contracts door's copy stream, 96 f32 spans filled on the copy stream (156.9MB); owner segment 0.55ms; request parked
[prefix-host] contracts door H2D receipt: ticket issuer=2 seq=28 epochs=0/1/1 items=32 (16 KV planes) complete=32 require=ok checksums_sha256=b5f6629ec6ccee68ddf323ecfe16164aef909ff1ed869ef318622c50b8572232 published retired acknowledged; 96 f32 spans landed under the ticket and taken back before the retire (span receipt: fill 9.75 ms, copies 3.20 ms, digests 0.92 ms); 32 KV checksums on the hash helper (151.1MB in 36.1ms)
[prefix-cache] insert (host-promote): 5088 tokens, 308.0MB (resident 616.9MB / 470MB, model gate)
[prefix-cache] evict (LRU): 5120 tokens, 308.9MB (model gate)
[prefix-host] demote submitted off the tick: 5120 tokens, 310.0MB, ticket seq=29, 32 items on the contracts door's copy stream (model gate)
[prefix-host] demote pre-submit split: ticket seq=29 leases 0.03 ms (32 pinned, pooled 32 of 32, 152.0 MB, minflt +0), register 0.14 ms, spans 0.17 ms, other 0.08 ms (pre-submit 0.42 ms)
[prefix-host] promote published off the tick: ticket complete after 3 poll(s), 39.8ms from submission to completion (tick-top poll); timeline from t0: submitted +0.22ms (tick 15937, its top -5.52ms); poll 1 at +13.82ms (tick 15938, its top +13.79ms) pending on sources+copies (the tick top); poll 2 at +27.03ms (tick 15939, its top +27.02ms) pending on sources (the tick top); poll 3 at +40.02ms (tick 15940, its top +39.90ms) complete (the tick top); published +40.48ms (tick 15940, its top +39.90ms)
[prefix-host] promote: 5088 tokens, 308.0MB in 40.5ms (model gate)
[prefix-cache] restore not routed (contracts door): the entry was promoted for this admission (insertion pin id=14, 5088 tokens, model gate); the tick program copies it
[worker] plain-affinity: declined (no checkpoint retained; 2 parked, 5122 prompt tokens; model gate)
[prefix-cache] hit: 5088 of 5122 prompt tokens from cache (model gate)
[spec-k] model="gate" tenant="" K=0 source=eligibility-fallback prompt=5122 cached=5088 lcp=5088 active=2 wave=2 placement=single-or-non-pp2
[prefix-cache] source lease released after restore fence (entry 5088 tokens, model gate)
[meter] admit id=cmpl-f607df34ddedf0b9b653099cf48a2b04 tenant=default lane=interactive model="gate"
[admission] request cost: model="gate" ctx=5185 path=plain = 29696 B/token x ctx + 1984MB prefill-workspace + 317MB fixed = 2455MB
[prefix-host] hit parked on a Demoting entry in its copy phase: request cmpl-f607df34ddedf0b9b653099cf48a2b04 (5120 tokens) hits the Demoting entry's 5120 tokens (ticket seq=29, submitted 104.2ms ago); the request waits for the publication (model gate)
[prefix-host] contracts door D2H receipt: ticket issuer=2 seq=29 epochs=0/1/1 items=32 (16 KV planes) complete=32 require=ok checksums_sha256=66b1c0c1a78cea56765e188199286365d766f92deedee1646b2a178e9da3d8f1 retired acknowledged; 96 f32 spans landed under the ticket and taken back before the retire; receipts on the copy stream (source digests, 232.40ms)
[prefix-host] demote copy complete off the tick: ticket seq=29 complete after 13 poll(s), 250.1ms from submission to completion (tick-top poll); items=128 (32 KV, 96 f32 spans); 98 heap payloads (157.9MB) handed to the hash helper; by slot class: conv 48 (5898240 B), ssm 48 (150994944 B), hidden 1 (0 B), logits 1 (993280 B); span receipt sealed on the copy stream (96 landed digests), required before the publication
[prefix-host] demote KV leases on the hash helper: ticket seq=29, 32 lease views (152.0MB) for the bind's re-hash
[prefix-host] demote: 5120 tokens, 310.0MB in 343.1ms (host resident 619.0MB / 8590MB, model gate)
[prefix-host] demote digests landed off the tick: ticket seq=29, 98 payloads (157.9MB) hashed in 83.2ms on the hash helper, landed after 7 poll(s) (tick-top poll); the owner thread held 0.93ms across the demote: pre-submit 0.42, copy settle 0.29 over 13 poll(s), hashing polls 0.03, take-back bind and publish 0.20; owner in-completion 0.64ms; wall 343.1ms t0 to publication; 1 hit(s) parked on the Hashing entry (17 re-park(s))
[prefix-host] demote helper split: ticket seq=29 copy 16.12 ms over 156.9 MB (minflt +0), hash 32.49 ms (helper 83.2 ms); reserve 0 of 96 staged
[prefix-host] demote publication split: ticket seq=29 bind 0.10 ms, reclaim 0.00 ms, insert 0.08 ms (twin: meta 0.00 ms, kv 0.05 ms over 16 leases, f32 0.02 ms over 96 payloads, rest 0.01 ms; 0 evicted in 0.00 ms), pause release 0.00 ms
[prefix-host] promote submitted off the tick: 5120 tokens, 308.9MB, ticket seq=30, 32 items on the contracts door's copy stream, 96 f32 spans filled on the copy stream (156.9MB); owner segment 0.53ms; request parked
[prefix-host] contracts door H2D receipt: ticket issuer=2 seq=30 epochs=0/1/1 items=32 (16 KV planes) complete=32 require=ok checksums_sha256=66b1c0c1a78cea56765e188199286365d766f92deedee1646b2a178e9da3d8f1 published retired acknowledged; 96 f32 spans landed under the ticket and taken back before the retire (span receipt: fill 9.34 ms, copies 3.18 ms, digests 0.88 ms); 32 KV checksums on the hash helper (152.0MB in 37.0ms)
[prefix-cache] insert (host-promote): 5120 tokens, 308.9MB (resident 616.9MB / 470MB, model gate)
[prefix-cache] evict (LRU): 5088 tokens, 308.0MB (model gate)
[prefix-host] demote submitted off the tick: 5088 tokens, 309.0MB, ticket seq=31, 32 items on the contracts door's copy stream (model gate)
[prefix-host] demote pre-submit split: ticket seq=31 leases 0.04 ms (32 pinned, pooled 32 of 32, 151.1 MB, minflt +0), register 0.15 ms, spans 0.17 ms, other 0.10 ms (pre-submit 0.46 ms)
[prefix-host] promote published off the tick: ticket complete after 3 poll(s), 41.0ms from submission to completion (tick-top poll); timeline from t0: submitted +0.20ms (tick 15960, its top -0.35ms); poll 1 at +14.40ms (tick 15961, its top +14.36ms) pending on sources+copies (the tick top); poll 2 at +27.83ms (tick 15962, its top +27.82ms) pending on sources (the tick top); poll 3 at +41.23ms (tick 15963, its top +41.09ms) complete (the tick top); published +41.74ms (tick 15963, its top +41.09ms)
[prefix-host] promote: 5120 tokens, 308.9MB in 41.7ms (model gate)
[prefix-cache] restore not routed (contracts door): the entry was promoted for this admission (insertion pin id=15, 5120 tokens, model gate); the tick program copies it
[worker] plain-affinity: declined (no checkpoint retained; 2 parked, 5120 prompt tokens; model gate)
[prefix-cache] hit: 5120 of 5120 prompt tokens from cache (model gate)
[spec-k] model="gate" tenant="" K=0 source=eligibility-fallback prompt=5120 cached=5120 lcp=5120 active=2 wave=2 placement=single-or-non-pp2
[prefix-cache] source lease released after restore fence (entry 5120 tokens, model gate)
[prefix-host] contracts door D2H receipt: ticket issuer=2 seq=31 epochs=0/1/1 items=32 (16 KV planes) complete=32 require=ok checksums_sha256=b5f6629ec6ccee68ddf323ecfe16164aef909ff1ed869ef318622c50b8572232 retired acknowledged; 96 f32 spans landed under the ticket and taken back before the retire; receipts on the copy stream (source digests, 265.75ms)
[prefix-host] demote copy complete off the tick: ticket seq=31 complete after 20 poll(s), 274.7ms from submission to completion (tick-top poll); items=128 (32 KV, 96 f32 spans); 98 heap payloads (157.9MB) handed to the hash helper; by slot class: conv 48 (5898240 B), ssm 48 (150994944 B), hidden 1 (0 B), logits 1 (993280 B); span receipt sealed on the copy stream (96 landed digests), required before the publication
[prefix-host] demote KV leases on the hash helper: ticket seq=31, 32 lease views (151.1MB) for the bind's re-hash
[prefix-host] demote: 5088 tokens, 309.0MB in 371.0ms (host resident 619.0MB / 8590MB, model gate)
[prefix-host] demote digests landed off the tick: ticket seq=31, 98 payloads (157.9MB) hashed in 82.7ms on the hash helper, landed after 7 poll(s) (tick-top poll); the owner thread held 1.04ms across the demote: pre-submit 0.46, copy settle 0.36 over 20 poll(s), hashing polls 0.03, take-back bind and publish 0.19; owner in-completion 0.68ms; wall 371.0ms t0 to publication; 0 hit(s) parked on the Hashing entry (0 re-park(s))
[prefix-host] demote helper split: ticket seq=31 copy 16.30 ms over 156.9 MB (minflt +0), hash 32.03 ms (helper 82.7 ms); reserve 0 of 96 staged
[prefix-host] demote publication split: ticket seq=31 bind 0.09 ms, reclaim 0.00 ms, insert 0.08 ms (twin: meta 0.00 ms, kv 0.05 ms over 16 leases, f32 0.02 ms over 96 payloads, rest 0.00 ms; 0 evicted in 0.00 ms), pause release 0.00 ms
[meter] admit id=cmpl-87ba83fc55e14625a450245c044d5de8 tenant=default lane=interactive model="gate"
[admission] request cost: model="gate" ctx=240 path=plain = 29696 B/token x ctx + 8MB prefill-workspace + 317MB fixed = 332MB
[worker] plain-affinity: declined (no checkpoint retained; 2 parked, 16 prompt tokens; model gate)
[spec-k] model="gate" tenant="" K=0 source=eligibility-fallback prompt=16 cached=0 lcp=0 active=1 wave=1 placement=single-or-non-pp2
[meter] admit id=cmpl-e77d9aab47e4ca32bad4f57ce27e3431 tenant=default lane=interactive model="gate"
[worker] plain-affinity: declined (no checkpoint retained; 2 parked, 16 prompt tokens; model gate)
[spec-k] model="gate" tenant="" K=0 source=eligibility-fallback prompt=16 cached=0 lcp=0 active=1 wave=1 placement=single-or-non-pp2
[meter] admit id=cmpl-14bd75e4894b82c1d95f8ec60a00ef9e tenant=default lane=interactive model="gate"
[admission] request cost: model="gate" ctx=5187 path=plain = 29696 B/token x ctx + 1984MB prefill-workspace + 317MB fixed = 2455MB
[prefix-host] promote submitted off the tick: 5088 tokens, 308.0MB, ticket seq=32, 32 items on the contracts door's copy stream, 96 f32 spans filled on the copy stream (156.9MB); owner segment 0.55ms; request parked
[prefix-host] contracts door H2D receipt: ticket issuer=2 seq=32 epochs=0/1/1 items=32 (16 KV planes) complete=32 require=ok checksums_sha256=b5f6629ec6ccee68ddf323ecfe16164aef909ff1ed869ef318622c50b8572232 published retired acknowledged; 96 f32 spans landed under the ticket and taken back before the retire (span receipt: fill 8.99 ms, copies 3.22 ms, digests 0.95 ms); 32 KV checksums on the hash helper (151.1MB in 35.9ms)
[prefix-cache] insert (host-promote): 5088 tokens, 308.0MB (resident 616.9MB / 470MB, model gate)
[prefix-cache] evict (LRU): 5120 tokens, 308.9MB (model gate)
[prefix-host] demote submitted off the tick: 5120 tokens, 310.0MB, ticket seq=33, 32 items on the contracts door's copy stream (model gate)
[prefix-host] demote pre-submit split: ticket seq=33 leases 0.04 ms (32 pinned, pooled 32 of 32, 152.0 MB, minflt +0), register 0.14 ms, spans 0.16 ms, other 0.08 ms (pre-submit 0.42 ms)
[prefix-host] promote published off the tick: ticket complete after 3 poll(s), 39.8ms from submission to completion (tick-top poll); timeline from t0: submitted +0.21ms (tick 17367, its top -5.57ms); poll 1 at +13.95ms (tick 17368, its top +13.93ms) pending on sources+copies (the tick top); poll 2 at +27.03ms (tick 17369, its top +27.02ms) pending on sources (the tick top); poll 3 at +40.01ms (tick 17370, its top +39.88ms) complete (the tick top); published +40.48ms (tick 17370, its top +39.88ms)
[prefix-host] promote: 5088 tokens, 308.0MB in 40.5ms (model gate)
[prefix-cache] restore not routed (contracts door): the entry was promoted for this admission (insertion pin id=16, 5088 tokens, model gate); the tick program copies it
[worker] plain-affinity: declined (no checkpoint retained; 2 parked, 5122 prompt tokens; model gate)
[prefix-cache] hit: 5088 of 5122 prompt tokens from cache (model gate)
[spec-k] model="gate" tenant="" K=0 source=eligibility-fallback prompt=5122 cached=5088 lcp=5088 active=2 wave=2 placement=single-or-non-pp2
[prefix-cache] source lease released after restore fence (entry 5088 tokens, model gate)
[meter] admit id=cmpl-ba073e58d9019751493e008e68eccb5e tenant=default lane=interactive model="gate"
[admission] request cost: model="gate" ctx=5185 path=plain = 29696 B/token x ctx + 1984MB prefill-workspace + 317MB fixed = 2455MB
[prefix-host] hit parked on a Demoting entry in its copy phase: request cmpl-ba073e58d9019751493e008e68eccb5e (5120 tokens) hits the Demoting entry's 5120 tokens (ticket seq=33, submitted 104.0ms ago); the request waits for the publication (model gate)
[prefix-host] contracts door D2H receipt: ticket issuer=2 seq=33 epochs=0/1/1 items=32 (16 KV planes) complete=32 require=ok checksums_sha256=66b1c0c1a78cea56765e188199286365d766f92deedee1646b2a178e9da3d8f1 retired acknowledged; 96 f32 spans landed under the ticket and taken back before the retire; receipts on the copy stream (source digests, 232.53ms)
[prefix-host] demote copy complete off the tick: ticket seq=33 complete after 13 poll(s), 250.2ms from submission to completion (tick-top poll); items=128 (32 KV, 96 f32 spans); 98 heap payloads (157.9MB) handed to the hash helper; by slot class: conv 48 (5898240 B), ssm 48 (150994944 B), hidden 1 (0 B), logits 1 (993280 B); span receipt sealed on the copy stream (96 landed digests), required before the publication
[prefix-host] demote KV leases on the hash helper: ticket seq=33, 32 lease views (152.0MB) for the bind's re-hash
[prefix-host] demote: 5120 tokens, 310.0MB in 343.2ms (host resident 619.0MB / 8590MB, model gate)
[prefix-host] demote digests landed off the tick: ticket seq=33, 98 payloads (157.9MB) hashed in 82.5ms on the hash helper, landed after 7 poll(s) (tick-top poll); the owner thread held 0.94ms across the demote: pre-submit 0.42, copy settle 0.28 over 13 poll(s), hashing polls 0.03, take-back bind and publish 0.21; owner in-completion 0.65ms; wall 343.2ms t0 to publication; 1 hit(s) parked on the Hashing entry (17 re-park(s))
[prefix-host] demote helper split: ticket seq=33 copy 16.02 ms over 156.9 MB (minflt +0), hash 32.08 ms (helper 82.5 ms); reserve 0 of 96 staged
[prefix-host] demote publication split: ticket seq=33 bind 0.10 ms, reclaim 0.00 ms, insert 0.08 ms (twin: meta 0.00 ms, kv 0.05 ms over 16 leases, f32 0.02 ms over 96 payloads, rest 0.01 ms; 0 evicted in 0.00 ms), pause release 0.00 ms
[prefix-host] promote submitted off the tick: 5120 tokens, 308.9MB, ticket seq=34, 32 items on the contracts door's copy stream, 96 f32 spans filled on the copy stream (156.9MB); owner segment 0.51ms; request parked
[prefix-host] contracts door H2D receipt: ticket issuer=2 seq=34 epochs=0/1/1 items=32 (16 KV planes) complete=32 require=ok checksums_sha256=66b1c0c1a78cea56765e188199286365d766f92deedee1646b2a178e9da3d8f1 published retired acknowledged; 96 f32 spans landed under the ticket and taken back before the retire (span receipt: fill 9.18 ms, copies 3.19 ms, digests 0.88 ms); 32 KV checksums on the hash helper (152.0MB in 38.2ms)
[prefix-cache] insert (host-promote): 5120 tokens, 308.9MB (resident 616.9MB / 470MB, model gate)
[prefix-cache] evict (LRU): 5088 tokens, 308.0MB (model gate)
[prefix-host] demote submitted off the tick: 5088 tokens, 309.0MB, ticket seq=35, 32 items on the contracts door's copy stream (model gate)
[prefix-host] demote pre-submit split: ticket seq=35 leases 0.04 ms (32 pinned, pooled 32 of 32, 151.1 MB, minflt +0), register 0.15 ms, spans 0.17 ms, other 0.08 ms (pre-submit 0.43 ms)
[prefix-host] promote published off the tick: ticket complete after 3 poll(s), 40.9ms from submission to completion (tick-top poll); timeline from t0: submitted +0.20ms (tick 17390, its top -0.37ms); poll 1 at +14.38ms (tick 17391, its top +14.35ms) pending on sources+copies (the tick top); poll 2 at +27.77ms (tick 17392, its top +27.76ms) pending on sources (the tick top); poll 3 at +41.13ms (tick 17393, its top +41.00ms) complete (the tick top); published +41.61ms (tick 17393, its top +41.00ms)
[prefix-host] promote: 5120 tokens, 308.9MB in 41.6ms (model gate)
[prefix-cache] restore not routed (contracts door): the entry was promoted for this admission (insertion pin id=17, 5120 tokens, model gate); the tick program copies it
[worker] plain-affinity: declined (no checkpoint retained; 2 parked, 5120 prompt tokens; model gate)
[prefix-cache] hit: 5120 of 5120 prompt tokens from cache (model gate)
[spec-k] model="gate" tenant="" K=0 source=eligibility-fallback prompt=5120 cached=5120 lcp=5120 active=2 wave=2 placement=single-or-non-pp2
[prefix-cache] source lease released after restore fence (entry 5120 tokens, model gate)
[prefix-host] contracts door D2H receipt: ticket issuer=2 seq=35 epochs=0/1/1 items=32 (16 KV planes) complete=32 require=ok checksums_sha256=b5f6629ec6ccee68ddf323ecfe16164aef909ff1ed869ef318622c50b8572232 retired acknowledged; 96 f32 spans landed under the ticket and taken back before the retire; receipts on the copy stream (source digests, 265.97ms)
[prefix-host] demote copy complete off the tick: ticket seq=35 complete after 20 poll(s), 274.9ms from submission to completion (tick-top poll); items=128 (32 KV, 96 f32 spans); 98 heap payloads (157.9MB) handed to the hash helper; by slot class: conv 48 (5898240 B), ssm 48 (150994944 B), hidden 1 (0 B), logits 1 (993280 B); span receipt sealed on the copy stream (96 landed digests), required before the publication
[prefix-host] demote KV leases on the hash helper: ticket seq=35, 32 lease views (151.1MB) for the bind's re-hash
[prefix-host] demote: 5088 tokens, 309.0MB in 371.1ms (host resident 619.0MB / 8590MB, model gate)
[prefix-host] demote digests landed off the tick: ticket seq=35, 98 payloads (157.9MB) hashed in 82.7ms on the hash helper, landed after 7 poll(s) (tick-top poll); the owner thread held 1.00ms across the demote: pre-submit 0.43, copy settle 0.35 over 20 poll(s), hashing polls 0.02, take-back bind and publish 0.20; owner in-completion 0.65ms; wall 371.1ms t0 to publication; 0 hit(s) parked on the Hashing entry (0 re-park(s))
[prefix-host] demote helper split: ticket seq=35 copy 16.21 ms over 156.9 MB (minflt +0), hash 32.11 ms (helper 82.7 ms); reserve 0 of 96 staged
[prefix-host] demote publication split: ticket seq=35 bind 0.09 ms, reclaim 0.00 ms, insert 0.08 ms (twin: meta 0.00 ms, kv 0.04 ms over 16 leases, f32 0.02 ms over 96 payloads, rest 0.00 ms; 0 evicted in 0.00 ms), pause release 0.00 ms
[meter] admit id=cmpl-e6348654201711521bebfd41e5eac477 tenant=default lane=interactive model="gate"
[admission] request cost: model="gate" ctx=240 path=plain = 29696 B/token x ctx + 8MB prefill-workspace + 317MB fixed = 332MB
[worker] plain-affinity: declined (no checkpoint retained; 2 parked, 16 prompt tokens; model gate)
[spec-k] model="gate" tenant="" K=0 source=eligibility-fallback prompt=16 cached=0 lcp=0 active=1 wave=1 placement=single-or-non-pp2
[meter] admit id=cmpl-19793abeeea4676735c0c977b24afdc4 tenant=default lane=interactive model="gate"
[worker] plain-affinity: declined (no checkpoint retained; 2 parked, 16 prompt tokens; model gate)
[spec-k] model="gate" tenant="" K=0 source=eligibility-fallback prompt=16 cached=0 lcp=0 active=1 wave=1 placement=single-or-non-pp2
[meter] admit id=cmpl-b033a88792ee59e0ab06f89a617d23eb tenant=default lane=interactive model="gate"
[admission] request cost: model="gate" ctx=5187 path=plain = 29696 B/token x ctx + 1984MB prefill-workspace + 317MB fixed = 2455MB
[prefix-host] promote submitted off the tick: 5088 tokens, 308.0MB, ticket seq=36, 32 items on the contracts door's copy stream, 96 f32 spans filled on the copy stream (156.9MB); owner segment 0.60ms; request parked
[prefix-host] contracts door H2D receipt: ticket issuer=2 seq=36 epochs=0/1/1 items=32 (16 KV planes) complete=32 require=ok checksums_sha256=b5f6629ec6ccee68ddf323ecfe16164aef909ff1ed869ef318622c50b8572232 published retired acknowledged; 96 f32 spans landed under the ticket and taken back before the retire (span receipt: fill 7.63 ms, copies 3.21 ms, digests 0.81 ms); 32 KV checksums on the hash helper (151.1MB in 37.0ms)
[prefix-cache] insert (host-promote): 5088 tokens, 308.0MB (resident 616.9MB / 470MB, model gate)
[prefix-cache] evict (LRU): 5120 tokens, 308.9MB (model gate)
[prefix-host] demote submitted off the tick: 5120 tokens, 310.0MB, ticket seq=37, 32 items on the contracts door's copy stream (model gate)
[prefix-host] demote pre-submit split: ticket seq=37 leases 0.04 ms (32 pinned, pooled 32 of 32, 152.0 MB, minflt +0), register 0.15 ms, spans 0.17 ms, other 0.10 ms (pre-submit 0.46 ms)
[prefix-host] promote published off the tick: ticket complete after 3 poll(s), 39.8ms from submission to completion (tick-top poll); timeline from t0: submitted +0.23ms (tick 18790, its top -5.60ms); poll 1 at +14.14ms (tick 18791, its top +14.12ms) pending on sources+receipt (the tick top); poll 2 at +27.03ms (tick 18792, its top +27.02ms) pending on sources (the tick top); poll 3 at +40.00ms (tick 18793, its top +39.88ms) complete (the tick top); published +40.51ms (tick 18793, its top +39.88ms)
[prefix-host] promote: 5088 tokens, 308.0MB in 40.5ms (model gate)
[prefix-cache] restore not routed (contracts door): the entry was promoted for this admission (insertion pin id=18, 5088 tokens, model gate); the tick program copies it
[worker] plain-affinity: declined (no checkpoint retained; 2 parked, 5122 prompt tokens; model gate)
[prefix-cache] hit: 5088 of 5122 prompt tokens from cache (model gate)
[spec-k] model="gate" tenant="" K=0 source=eligibility-fallback prompt=5122 cached=5088 lcp=5088 active=2 wave=2 placement=single-or-non-pp2
[prefix-cache] source lease released after restore fence (entry 5088 tokens, model gate)
[meter] admit id=cmpl-c159b5158319a943b78e380be91243ee tenant=default lane=interactive model="gate"
[admission] request cost: model="gate" ctx=5185 path=plain = 29696 B/token x ctx + 1984MB prefill-workspace + 317MB fixed = 2455MB
[prefix-host] hit parked on a Demoting entry in its copy phase: request cmpl-c159b5158319a943b78e380be91243ee (5120 tokens) hits the Demoting entry's 5120 tokens (ticket seq=37, submitted 104.1ms ago); the request waits for the publication (model gate)
[prefix-host] contracts door D2H receipt: ticket issuer=2 seq=37 epochs=0/1/1 items=32 (16 KV planes) complete=32 require=ok checksums_sha256=66b1c0c1a78cea56765e188199286365d766f92deedee1646b2a178e9da3d8f1 retired acknowledged; 96 f32 spans landed under the ticket and taken back before the retire; receipts on the copy stream (source digests, 232.90ms)
[prefix-host] demote copy complete off the tick: ticket seq=37 complete after 13 poll(s), 250.5ms from submission to completion (tick-top poll); items=128 (32 KV, 96 f32 spans); 98 heap payloads (157.9MB) handed to the hash helper; by slot class: conv 48 (5898240 B), ssm 48 (150994944 B), hidden 1 (0 B), logits 1 (993280 B); span receipt sealed on the copy stream (96 landed digests), required before the publication
[prefix-host] demote KV leases on the hash helper: ticket seq=37, 32 lease views (152.0MB) for the bind's re-hash
[prefix-host] demote: 5120 tokens, 310.0MB in 343.5ms (host resident 619.0MB / 8590MB, model gate)
[prefix-host] demote digests landed off the tick: ticket seq=37, 98 payloads (157.9MB) hashed in 82.5ms on the hash helper, landed after 7 poll(s) (tick-top poll); the owner thread held 0.99ms across the demote: pre-submit 0.46, copy settle 0.30 over 13 poll(s), hashing polls 0.03, take-back bind and publish 0.21; owner in-completion 0.70ms; wall 343.5ms t0 to publication; 1 hit(s) parked on the Hashing entry (17 re-park(s))
[prefix-host] demote helper split: ticket seq=37 copy 16.02 ms over 156.9 MB (minflt +0), hash 31.96 ms (helper 82.5 ms); reserve 0 of 96 staged
[prefix-host] demote publication split: ticket seq=37 bind 0.10 ms, reclaim 0.00 ms, insert 0.08 ms (twin: meta 0.00 ms, kv 0.05 ms over 16 leases, f32 0.02 ms over 96 payloads, rest 0.01 ms; 0 evicted in 0.00 ms), pause release 0.00 ms
[prefix-host] promote submitted off the tick: 5120 tokens, 308.9MB, ticket seq=38, 32 items on the contracts door's copy stream, 96 f32 spans filled on the copy stream (156.9MB); owner segment 0.53ms; request parked
[prefix-host] contracts door H2D receipt: ticket issuer=2 seq=38 epochs=0/1/1 items=32 (16 KV planes) complete=32 require=ok checksums_sha256=66b1c0c1a78cea56765e188199286365d766f92deedee1646b2a178e9da3d8f1 published retired acknowledged; 96 f32 spans landed under the ticket and taken back before the retire (span receipt: fill 9.17 ms, copies 3.19 ms, digests 0.88 ms); 32 KV checksums on the hash helper (152.0MB in 36.8ms)
[prefix-cache] insert (host-promote): 5120 tokens, 308.9MB (resident 616.9MB / 470MB, model gate)
[prefix-cache] evict (LRU): 5088 tokens, 308.0MB (model gate)
[prefix-host] demote submitted off the tick: 5088 tokens, 309.0MB, ticket seq=39, 32 items on the contracts door's copy stream (model gate)
[prefix-host] demote pre-submit split: ticket seq=39 leases 0.03 ms (32 pinned, pooled 32 of 32, 151.1 MB, minflt +0), register 0.14 ms, spans 0.17 ms, other 0.08 ms (pre-submit 0.43 ms)
[prefix-host] promote published off the tick: ticket complete after 3 poll(s), 41.0ms from submission to completion (tick-top poll); timeline from t0: submitted +0.21ms (tick 18813, its top -0.37ms); poll 1 at +14.39ms (tick 18814, its top +14.36ms) pending on sources+copies (the tick top); poll 2 at +27.82ms (tick 18815, its top +27.80ms) pending on sources (the tick top); poll 3 at +41.18ms (tick 18816, its top +41.05ms) complete (the tick top); published +41.66ms (tick 18816, its top +41.05ms)
[prefix-host] promote: 5120 tokens, 308.9MB in 41.7ms (model gate)
[prefix-cache] restore not routed (contracts door): the entry was promoted for this admission (insertion pin id=19, 5120 tokens, model gate); the tick program copies it
[worker] plain-affinity: declined (no checkpoint retained; 2 parked, 5120 prompt tokens; model gate)
[prefix-cache] hit: 5120 of 5120 prompt tokens from cache (model gate)
[spec-k] model="gate" tenant="" K=0 source=eligibility-fallback prompt=5120 cached=5120 lcp=5120 active=2 wave=2 placement=single-or-non-pp2
[prefix-cache] source lease released after restore fence (entry 5120 tokens, model gate)
[prefix-host] contracts door D2H receipt: ticket issuer=2 seq=39 epochs=0/1/1 items=32 (16 KV planes) complete=32 require=ok checksums_sha256=b5f6629ec6ccee68ddf323ecfe16164aef909ff1ed869ef318622c50b8572232 retired acknowledged; 96 f32 spans landed under the ticket and taken back before the retire; receipts on the copy stream (source digests, 266.73ms)
[prefix-host] demote copy complete off the tick: ticket seq=39 complete after 20 poll(s), 275.6ms from submission to completion (tick-top poll); items=128 (32 KV, 96 f32 spans); 98 heap payloads (157.9MB) handed to the hash helper; by slot class: conv 48 (5898240 B), ssm 48 (150994944 B), hidden 1 (0 B), logits 1 (993280 B); span receipt sealed on the copy stream (96 landed digests), required before the publication
[prefix-host] demote KV leases on the hash helper: ticket seq=39, 32 lease views (151.1MB) for the bind's re-hash
[prefix-host] demote: 5088 tokens, 309.0MB in 371.8ms (host resident 619.0MB / 8590MB, model gate)
[prefix-host] demote digests landed off the tick: ticket seq=39, 98 payloads (157.9MB) hashed in 83.4ms on the hash helper, landed after 7 poll(s) (tick-top poll); the owner thread held 1.00ms across the demote: pre-submit 0.43, copy settle 0.36 over 20 poll(s), hashing polls 0.03, take-back bind and publish 0.19; owner in-completion 0.64ms; wall 371.8ms t0 to publication; 0 hit(s) parked on the Hashing entry (0 re-park(s))
[prefix-host] demote helper split: ticket seq=39 copy 16.42 ms over 156.9 MB (minflt +0), hash 32.66 ms (helper 83.4 ms); reserve 0 of 96 staged
[prefix-host] demote publication split: ticket seq=39 bind 0.09 ms, reclaim 0.00 ms, insert 0.08 ms (twin: meta 0.00 ms, kv 0.05 ms over 16 leases, f32 0.02 ms over 96 payloads, rest 0.01 ms; 0 evicted in 0.00 ms), pause release 0.00 ms
[meter] admit id=cmpl-389c3f1e8178c9ae38660571807a6dae tenant=default lane=interactive model="gate"
[admission] request cost: model="gate" ctx=240 path=plain = 29696 B/token x ctx + 8MB prefill-workspace + 317MB fixed = 332MB
[worker] plain-affinity: declined (no checkpoint retained; 2 parked, 16 prompt tokens; model gate)
[spec-k] model="gate" tenant="" K=0 source=eligibility-fallback prompt=16 cached=0 lcp=0 active=1 wave=1 placement=single-or-non-pp2
[meter] admit id=cmpl-e9f2b66c6b5272a0c355627250b1fe8c tenant=default lane=interactive model="gate"
[worker] plain-affinity: declined (no checkpoint retained; 2 parked, 16 prompt tokens; model gate)
[spec-k] model="gate" tenant="" K=0 source=eligibility-fallback prompt=16 cached=0 lcp=0 active=1 wave=1 placement=single-or-non-pp2
[meter] admit id=cmpl-0c84ec662ffd887215a91ca28fbd7820 tenant=default lane=interactive model="gate"
[admission] request cost: model="gate" ctx=5187 path=plain = 29696 B/token x ctx + 1984MB prefill-workspace + 317MB fixed = 2455MB
[prefix-host] promote submitted off the tick: 5088 tokens, 308.0MB, ticket seq=40, 32 items on the contracts door's copy stream, 96 f32 spans filled on the copy stream (156.9MB); owner segment 0.57ms; request parked
[prefix-host] contracts door H2D receipt: ticket issuer=2 seq=40 epochs=0/1/1 items=32 (16 KV planes) complete=32 require=ok checksums_sha256=b5f6629ec6ccee68ddf323ecfe16164aef909ff1ed869ef318622c50b8572232 published retired acknowledged; 96 f32 spans landed under the ticket and taken back before the retire (span receipt: fill 9.46 ms, copies 3.20 ms, digests 0.91 ms); 32 KV checksums on the hash helper (151.1MB in 36.3ms)
[prefix-cache] insert (host-promote): 5088 tokens, 308.0MB (resident 616.9MB / 470MB, model gate)
[prefix-cache] evict (LRU): 5120 tokens, 308.9MB (model gate)
[prefix-host] demote submitted off the tick: 5120 tokens, 310.0MB, ticket seq=41, 32 items on the contracts door's copy stream (model gate)
[prefix-host] demote pre-submit split: ticket seq=41 leases 0.04 ms (32 pinned, pooled 32 of 32, 152.0 MB, minflt +0), register 0.14 ms, spans 0.17 ms, other 0.10 ms (pre-submit 0.45 ms)
[prefix-host] promote published off the tick: ticket complete after 3 poll(s), 39.8ms from submission to completion (tick-top poll); timeline from t0: submitted +0.23ms (tick 20198, its top -5.61ms); poll 1 at +13.90ms (tick 20199, its top +13.88ms) pending on sources+copies (the tick top); poll 2 at +27.05ms (tick 20200, its top +27.04ms) pending on sources (the tick top); poll 3 at +40.02ms (tick 20201, its top +39.89ms) complete (the tick top); published +40.52ms (tick 20201, its top +39.89ms)
[prefix-host] promote: 5088 tokens, 308.0MB in 40.5ms (model gate)
[prefix-cache] restore not routed (contracts door): the entry was promoted for this admission (insertion pin id=20, 5088 tokens, model gate); the tick program copies it
[worker] plain-affinity: declined (no checkpoint retained; 2 parked, 5122 prompt tokens; model gate)
[prefix-cache] hit: 5088 of 5122 prompt tokens from cache (model gate)
[spec-k] model="gate" tenant="" K=0 source=eligibility-fallback prompt=5122 cached=5088 lcp=5088 active=2 wave=2 placement=single-or-non-pp2
[prefix-cache] source lease released after restore fence (entry 5088 tokens, model gate)
[meter] admit id=cmpl-15ecbcf75bc4fd721da28343c41181c7 tenant=default lane=interactive model="gate"
[admission] request cost: model="gate" ctx=5185 path=plain = 29696 B/token x ctx + 1984MB prefill-workspace + 317MB fixed = 2455MB
[prefix-host] hit parked on a Demoting entry in its copy phase: request cmpl-15ecbcf75bc4fd721da28343c41181c7 (5120 tokens) hits the Demoting entry's 5120 tokens (ticket seq=41, submitted 104.1ms ago); the request waits for the publication (model gate)
[prefix-host] contracts door D2H receipt: ticket issuer=2 seq=41 epochs=0/1/1 items=32 (16 KV planes) complete=32 require=ok checksums_sha256=66b1c0c1a78cea56765e188199286365d766f92deedee1646b2a178e9da3d8f1 retired acknowledged; 96 f32 spans landed under the ticket and taken back before the retire; receipts on the copy stream (source digests, 232.80ms)
[prefix-host] demote copy complete off the tick: ticket seq=41 complete after 13 poll(s), 250.4ms from submission to completion (tick-top poll); items=128 (32 KV, 96 f32 spans); 98 heap payloads (157.9MB) handed to the hash helper; by slot class: conv 48 (5898240 B), ssm 48 (150994944 B), hidden 1 (0 B), logits 1 (993280 B); span receipt sealed on the copy stream (96 landed digests), required before the publication
[prefix-host] demote KV leases on the hash helper: ticket seq=41, 32 lease views (152.0MB) for the bind's re-hash
[prefix-host] demote: 5120 tokens, 310.0MB in 343.5ms (host resident 619.0MB / 8590MB, model gate)
[prefix-host] demote digests landed off the tick: ticket seq=41, 98 payloads (157.9MB) hashed in 83.7ms on the hash helper, landed after 7 poll(s) (tick-top poll); the owner thread held 0.96ms across the demote: pre-submit 0.45, copy settle 0.29 over 13 poll(s), hashing polls 0.03, take-back bind and publish 0.19; owner in-completion 0.67ms; wall 343.5ms t0 to publication; 1 hit(s) parked on the Hashing entry (17 re-park(s))
[prefix-host] demote helper split: ticket seq=41 copy 16.30 ms over 156.9 MB (minflt +0), hash 32.18 ms (helper 83.7 ms); reserve 0 of 96 staged
[prefix-host] demote publication split: ticket seq=41 bind 0.09 ms, reclaim 0.00 ms, insert 0.08 ms (twin: meta 0.00 ms, kv 0.05 ms over 16 leases, f32 0.02 ms over 96 payloads, rest 0.01 ms; 0 evicted in 0.00 ms), pause release 0.00 ms
[prefix-host] promote submitted off the tick: 5120 tokens, 308.9MB, ticket seq=42, 32 items on the contracts door's copy stream, 96 f32 spans filled on the copy stream (156.9MB); owner segment 0.52ms; request parked
[prefix-host] contracts door H2D receipt: ticket issuer=2 seq=42 epochs=0/1/1 items=32 (16 KV planes) complete=32 require=ok checksums_sha256=66b1c0c1a78cea56765e188199286365d766f92deedee1646b2a178e9da3d8f1 published retired acknowledged; 96 f32 spans landed under the ticket and taken back before the retire (span receipt: fill 9.51 ms, copies 3.19 ms, digests 0.87 ms); 32 KV checksums on the hash helper (152.0MB in 36.9ms)
[prefix-cache] insert (host-promote): 5120 tokens, 308.9MB (resident 616.9MB / 470MB, model gate)
[prefix-cache] evict (LRU): 5088 tokens, 308.0MB (model gate)
[prefix-host] demote submitted off the tick: 5088 tokens, 309.0MB, ticket seq=43, 32 items on the contracts door's copy stream (model gate)
[prefix-host] demote pre-submit split: ticket seq=43 leases 0.04 ms (32 pinned, pooled 32 of 32, 151.1 MB, minflt +0), register 0.15 ms, spans 0.17 ms, other 0.11 ms (pre-submit 0.47 ms)
[prefix-host] promote published off the tick: ticket complete after 3 poll(s), 41.0ms from submission to completion (tick-top poll); timeline from t0: submitted +0.20ms (tick 20221, its top -0.36ms); poll 1 at +14.38ms (tick 20222, its top +14.35ms) pending on sources+copies (the tick top); poll 2 at +27.84ms (tick 20223, its top +27.83ms) pending on sources (the tick top); poll 3 at +41.17ms (tick 20224, its top +41.03ms) complete (the tick top); published +41.69ms (tick 20224, its top +41.03ms)
[prefix-host] promote: 5120 tokens, 308.9MB in 41.7ms (model gate)
[prefix-cache] restore not routed (contracts door): the entry was promoted for this admission (insertion pin id=21, 5120 tokens, model gate); the tick program copies it
[worker] plain-affinity: declined (no checkpoint retained; 2 parked, 5120 prompt tokens; model gate)
[prefix-cache] hit: 5120 of 5120 prompt tokens from cache (model gate)
[spec-k] model="gate" tenant="" K=0 source=eligibility-fallback prompt=5120 cached=5120 lcp=5120 active=2 wave=2 placement=single-or-non-pp2
[prefix-cache] source lease released after restore fence (entry 5120 tokens, model gate)
[prefix-host] contracts door D2H receipt: ticket issuer=2 seq=43 epochs=0/1/1 items=32 (16 KV planes) complete=32 require=ok checksums_sha256=b5f6629ec6ccee68ddf323ecfe16164aef909ff1ed869ef318622c50b8572232 retired acknowledged; 96 f32 spans landed under the ticket and taken back before the retire; receipts on the copy stream (source digests, 266.29ms)
[prefix-host] demote copy complete off the tick: ticket seq=43 complete after 20 poll(s), 275.2ms from submission to completion (tick-top poll); items=128 (32 KV, 96 f32 spans); 98 heap payloads (157.9MB) handed to the hash helper; by slot class: conv 48 (5898240 B), ssm 48 (150994944 B), hidden 1 (0 B), logits 1 (993280 B); span receipt sealed on the copy stream (96 landed digests), required before the publication
[prefix-host] demote KV leases on the hash helper: ticket seq=43, 32 lease views (151.1MB) for the bind's re-hash
[prefix-host] demote: 5088 tokens, 309.0MB in 371.4ms (host resident 619.0MB / 8590MB, model gate)
[prefix-host] demote digests landed off the tick: ticket seq=43, 98 payloads (157.9MB) hashed in 82.5ms on the hash helper, landed after 7 poll(s) (tick-top poll); the owner thread held 1.05ms across the demote: pre-submit 0.47, copy settle 0.36 over 20 poll(s), hashing polls 0.02, take-back bind and publish 0.19; owner in-completion 0.68ms; wall 371.4ms t0 to publication; 0 hit(s) parked on the Hashing entry (0 re-park(s))
[prefix-host] demote helper split: ticket seq=43 copy 16.11 ms over 156.9 MB (minflt +0), hash 32.06 ms (helper 82.5 ms); reserve 0 of 96 staged
[prefix-host] demote publication split: ticket seq=43 bind 0.09 ms, reclaim 0.00 ms, insert 0.08 ms (twin: meta 0.00 ms, kv 0.05 ms over 16 leases, f32 0.02 ms over 96 payloads, rest 0.00 ms; 0 evicted in 0.00 ms), pause release 0.00 ms
[meter] admit id=cmpl-bf33058ab8ecd89f53f6a1c57bb792da tenant=default lane=interactive model="gate"
[admission] request cost: model="gate" ctx=240 path=plain = 29696 B/token x ctx + 8MB prefill-workspace + 317MB fixed = 332MB
[worker] plain-affinity: declined (no checkpoint retained; 2 parked, 16 prompt tokens; model gate)
[spec-k] model="gate" tenant="" K=0 source=eligibility-fallback prompt=16 cached=0 lcp=0 active=1 wave=1 placement=single-or-non-pp2
[server] SIGTERM: draining (0 in flight, deadline 30s)
[server] drain complete in 0.0s; exiting
[prefix-host] hash helper joined (shutdown)
[server] GPU worker shutdown complete
