timestamp, index, utilization.gpu [%], memory.used [MiB], power.draw [W], clocks.current.sm [MHz], clocks.current.memory [MHz], temperature.gpu
2026/09/27 00:18:09.191, 0, 0 %, 0 MiB, 105.48 W, 2370 MHz, 12481 MHz, 39
2026/09/27 00:18:09.201, 1, 0 %, 0 MiB, 112.67 W, 2362 MHz, 12481 MHz, 39
2026/09/27 00:18:09.457, 0, 0 %, 23 MiB, 106.00 W, 2370 MHz, 12481 MHz, 39
2026/09/27 00:18:09.457, 1, 0 %, 3 MiB, 112.74 W, 2362 MHz, 12481 MHz, 39
2026/09/27 00:18:09.708, 0, 1 %, 595 MiB, 102.30 W, 2370 MHz, 12481 MHz, 39
2026/09/27 00:18:09.708, 1, 0 %, 3 MiB, 111.53 W, 2362 MHz, 12481 MHz, 39
2026/09/27 00:18:09.958, 0, 0 %, 595 MiB, 92.84 W, 2370 MHz, 12481 MHz, 39
2026/09/27 00:18:09.958, 1, 0 %, 3 MiB, 103.16 W, 2370 MHz, 12481 MHz, 39
2026/09/27 00:18:10.208, 0, 0 %, 595 MiB, 92.34 W, 2370 MHz, 12481 MHz, 39
2026/09/27 00:18:10.208, 1, 0 %, 3 MiB, 98.01 W, 2370 MHz, 12481 MHz, 39
2026/09/27 00:18:10.458, 0, 0 %, 595 MiB, 91.35 W, 2370 MHz, 12481 MHz, 39
2026/09/27 00:18:10.458, 1, 0 %, 3 MiB, 96.94 W, 2370 MHz, 12481 MHz, 39
2026/09/27 00:18:10.708, 0, 5 %, 1267 MiB, 90.84 W, 2370 MHz, 12481 MHz, 39
2026/09/27 00:18:10.708, 1, 0 %, 22 MiB, 97.23 W, 2370 MHz, 12481 MHz, 39
2026/09/27 00:18:10.959, 0, 0 %, 1267 MiB, 90.87 W, 2370 MHz, 12481 MHz, 39
2026/09/27 00:18:10.959, 1, 5 %, 1235 MiB, 99.06 W, 2362 MHz, 12481 MHz, 40
2026/09/27 00:18:11.209, 0, 0 %, 1331 MiB, 90.92 W, 2370 MHz, 12481 MHz, 39
2026/09/27 00:18:11.209, 1, 3 %, 1299 MiB, 99.20 W, 2362 MHz, 12481 MHz, 39
2026/09/27 00:18:11.459, 0, 23 %, 3347 MiB, 91.86 W, 2370 MHz, 12481 MHz, 39
2026/09/27 00:18:11.459, 1, 1 %, 1299 MiB, 99.29 W, 2370 MHz, 12481 MHz, 39
2026/09/27 00:18:11.709, 0, 5 %, 5075 MiB, 92.95 W, 2370 MHz, 12481 MHz, 39
2026/09/27 00:18:11.709, 1, 26 %, 3315 MiB, 105.75 W, 2370 MHz, 12481 MHz, 39
2026/09/27 00:18:11.959, 0, 6 %, 5075 MiB, 92.91 W, 2370 MHz, 12481 MHz, 39
2026/09/27 00:18:11.959, 1, 0 %, 3315 MiB, 103.80 W, 2370 MHz, 12481 MHz, 39
2026/09/27 00:18:12.210, 0, 0 %, 5075 MiB, 92.81 W, 2370 MHz, 12481 MHz, 39
2026/09/27 00:18:12.210, 1, 0 %, 3315 MiB, 103.58 W, 2370 MHz, 12481 MHz, 39
2026/09/27 00:18:12.460, 0, 1 %, 5075 MiB, 91.85 W, 2370 MHz, 12481 MHz, 38
2026/09/27 00:18:12.460, 1, 0 %, 3315 MiB, 103.50 W, 2362 MHz, 12481 MHz, 39
2026/09/27 00:18:12.710, 0, 0 %, 5075 MiB, 90.38 W, 2370 MHz, 12481 MHz, 38
2026/09/27 00:18:12.710, 1, 0 %, 3315 MiB, 97.19 W, 2362 MHz, 12481 MHz, 39
2026/09/27 00:18:12.960, 0, 0 %, 5075 MiB, 90.29 W, 2370 MHz, 12481 MHz, 38
2026/09/27 00:18:12.960, 1, 0 %, 3315 MiB, 97.19 W, 2362 MHz, 12481 MHz, 39
2026/09/27 00:18:13.210, 0, 0 %, 5107 MiB, 90.29 W, 2370 MHz, 12481 MHz, 38
2026/09/27 00:18:13.210, 1, 0 %, 3315 MiB, 95.99 W, 2370 MHz, 12481 MHz, 38
2026/09/27 00:18:13.460, 0, 0 %, 5107 MiB, 90.23 W, 2370 MHz, 12481 MHz, 38
2026/09/27 00:18:13.460, 1, 0 %, 3315 MiB, 95.98 W, 2370 MHz, 12481 MHz, 38
2026/09/27 00:18:13.710, 0, 0 %, 5139 MiB, 90.19 W, 2370 MHz, 12481 MHz, 38
2026/09/27 00:18:13.710, 1, 0 %, 3315 MiB, 95.97 W, 2370 MHz, 12481 MHz, 38
2026/09/27 00:18:13.960, 0, 0 %, 5139 MiB, 90.15 W, 2370 MHz, 12481 MHz, 38
2026/09/27 00:18:13.960, 1, 0 %, 3315 MiB, 96.07 W, 2370 MHz, 12481 MHz, 38
2026/09/27 00:18:14.210, 0, 0 %, 5171 MiB, 90.09 W, 2370 MHz, 12481 MHz, 38
2026/09/27 00:18:14.210, 1, 24 %, 5043 MiB, 97.50 W, 2370 MHz, 12481 MHz, 38
2026/09/27 00:18:14.461, 0, 0 %, 5171 MiB, 90.11 W, 2370 MHz, 12481 MHz, 38
2026/09/27 00:18:14.461, 1, 0 %, 5043 MiB, 97.50 W, 2370 MHz, 12481 MHz, 38
2026/09/27 00:18:14.711, 0, 0 %, 5171 MiB, 90.11 W, 2370 MHz, 12481 MHz, 38
2026/09/27 00:18:14.711, 1, 0 %, 5043 MiB, 97.43 W, 2370 MHz, 12481 MHz, 38
2026/09/27 00:18:14.961, 0, 0 %, 5171 MiB, 90.07 W, 2370 MHz, 12481 MHz, 38
2026/09/27 00:18:14.961, 1, 1 %, 5043 MiB, 97.77 W, 2370 MHz, 12481 MHz, 38
2026/09/27 00:18:15.211, 0, 0 %, 5171 MiB, 90.05 W, 2370 MHz, 12481 MHz, 38
2026/09/27 00:18:15.211, 1, 0 %, 5043 MiB, 96.70 W, 2370 MHz, 12481 MHz, 38
2026/09/27 00:18:15.461, 0, 0 %, 5171 MiB, 90.05 W, 2370 MHz, 12481 MHz, 38
2026/09/27 00:18:15.461, 1, 0 %, 5075 MiB, 97.29 W, 2370 MHz, 12481 MHz, 38
2026/09/27 00:18:15.711, 0, 0 %, 5171 MiB, 89.49 W, 2370 MHz, 12481 MHz, 38
2026/09/27 00:18:15.711, 1, 1 %, 5075 MiB, 109.48 W, 2370 MHz, 12481 MHz, 40
2026/09/27 00:18:15.961, 0, 0 %, 5171 MiB, 89.49 W, 2370 MHz, 12481 MHz, 38
2026/09/27 00:18:15.961, 1, 0 %, 5075 MiB, 127.62 W, 2377 MHz, 12481 MHz, 40
2026/09/27 00:18:16.211, 0, 0 %, 5171 MiB, 89.59 W, 2370 MHz, 12481 MHz, 38
2026/09/27 00:18:16.211, 1, 1 %, 5107 MiB, 140.76 W, 2377 MHz, 12481 MHz, 40
2026/09/27 00:18:16.462, 0, 0 %, 5171 MiB, 89.62 W, 2370 MHz, 12481 MHz, 38
2026/09/27 00:18:16.462, 1, 0 %, 5107 MiB, 158.40 W, 2377 MHz, 12481 MHz, 40
2026/09/27 00:18:16.712, 0, 23 %, 6899 MiB, 90.90 W, 2370 MHz, 12481 MHz, 38
2026/09/27 00:18:16.712, 1, 0 %, 5139 MiB, 147.54 W, 2377 MHz, 12481 MHz, 38
2026/09/27 00:18:16.962, 0, 0 %, 6899 MiB, 90.91 W, 2370 MHz, 12481 MHz, 38
2026/09/27 00:18:16.962, 1, 0 %, 5139 MiB, 128.81 W, 2370 MHz, 12481 MHz, 38
2026/09/27 00:18:17.212, 0, 0 %, 6899 MiB, 90.87 W, 2370 MHz, 12481 MHz, 38
2026/09/27 00:18:17.212, 1, 0 %, 5139 MiB, 116.28 W, 2370 MHz, 12481 MHz, 38
2026/09/27 00:18:17.462, 0, 0 %, 6931 MiB, 90.88 W, 2370 MHz, 12481 MHz, 38
2026/09/27 00:18:17.462, 1, 0 %, 5139 MiB, 97.36 W, 2370 MHz, 12481 MHz, 38
2026/09/27 00:18:17.712, 0, 0 %, 6931 MiB, 89.87 W, 2370 MHz, 12481 MHz, 38
2026/09/27 00:18:17.712, 1, 0 %, 5139 MiB, 96.31 W, 2370 MHz, 12481 MHz, 38
2026/09/27 00:18:17.962, 0, 0 %, 6963 MiB, 89.88 W, 2370 MHz, 12481 MHz, 38
2026/09/27 00:18:17.962, 1, 0 %, 5139 MiB, 96.19 W, 2370 MHz, 12481 MHz, 38
2026/09/27 00:18:18.212, 0, 0 %, 6963 MiB, 89.79 W, 2370 MHz, 12481 MHz, 38
2026/09/27 00:18:18.212, 1, 0 %, 5139 MiB, 96.10 W, 2370 MHz, 12481 MHz, 38
2026/09/27 00:18:18.462, 0, 0 %, 6963 MiB, 89.78 W, 2370 MHz, 12481 MHz, 38
2026/09/27 00:18:18.462, 1, 0 %, 5139 MiB, 96.12 W, 2362 MHz, 12481 MHz, 38
2026/09/27 00:18:18.713, 0, 1 %, 6995 MiB, 89.75 W, 2370 MHz, 12481 MHz, 38
2026/09/27 00:18:18.713, 1, 0 %, 5139 MiB, 96.07 W, 2362 MHz, 12481 MHz, 38
2026/09/27 00:18:18.963, 0, 0 %, 7027 MiB, 89.74 W, 2370 MHz, 12481 MHz, 38
2026/09/27 00:18:18.963, 1, 1 %, 6867 MiB, 97.22 W, 2370 MHz, 12481 MHz, 39
2026/09/27 00:18:19.213, 0, 0 %, 7027 MiB, 89.79 W, 2370 MHz, 12481 MHz, 37
2026/09/27 00:18:19.213, 1, 10 %, 6867 MiB, 102.56 W, 2370 MHz, 12481 MHz, 39
2026/09/27 00:18:19.463, 0, 0 %, 7027 MiB, 89.73 W, 2370 MHz, 12481 MHz, 37
2026/09/27 00:18:19.463, 1, 0 %, 6867 MiB, 121.38 W, 2377 MHz, 12481 MHz, 40
2026/09/27 00:18:19.713, 0, 0 %, 7027 MiB, 89.70 W, 2370 MHz, 12481 MHz, 37
2026/09/27 00:18:19.713, 1, 0 %, 6867 MiB, 133.86 W, 2377 MHz, 12481 MHz, 40
2026/09/27 00:18:19.963, 0, 0 %, 7027 MiB, 89.67 W, 2370 MHz, 12481 MHz, 37
2026/09/27 00:18:19.963, 1, 0 %, 6899 MiB, 151.40 W, 2377 MHz, 12481 MHz, 40
2026/09/27 00:18:20.213, 0, 0 %, 7027 MiB, 89.59 W, 2370 MHz, 12481 MHz, 37
2026/09/27 00:18:20.213, 1, 0 %, 6899 MiB, 158.65 W, 2377 MHz, 12481 MHz, 40
2026/09/27 00:18:20.463, 0, 0 %, 7027 MiB, 89.60 W, 2370 MHz, 12481 MHz, 37
2026/09/27 00:18:20.463, 1, 0 %, 6931 MiB, 158.61 W, 2377 MHz, 12481 MHz, 40
2026/09/27 00:18:20.713, 0, 0 %, 7027 MiB, 89.58 W, 2370 MHz, 12481 MHz, 37
2026/09/27 00:18:20.713, 1, 0 %, 6931 MiB, 158.58 W, 2377 MHz, 12481 MHz, 40
2026/09/27 00:18:20.964, 0, 0 %, 7027 MiB, 89.61 W, 2370 MHz, 12481 MHz, 37
2026/09/27 00:18:20.964, 1, 1 %, 6963 MiB, 158.61 W, 2377 MHz, 12481 MHz, 40
2026/09/27 00:18:21.214, 0, 0 %, 7027 MiB, 89.62 W, 2370 MHz, 12481 MHz, 37
2026/09/27 00:18:21.214, 1, 0 %, 6963 MiB, 153.05 W, 2377 MHz, 12481 MHz, 39
2026/09/27 00:18:21.464, 0, 5 %, 8755 MiB, 90.00 W, 2370 MHz, 12481 MHz, 37
2026/09/27 00:18:21.464, 1, 0 %, 6995 MiB, 150.09 W, 2377 MHz, 12481 MHz, 40
2026/09/27 00:18:21.714, 0, 7 %, 8787 MiB, 90.73 W, 2370 MHz, 12481 MHz, 37
2026/09/27 00:18:21.714, 1, 0 %, 6995 MiB, 150.23 W, 2377 MHz, 12481 MHz, 40
2026/09/27 00:18:21.964, 0, 0 %, 8787 MiB, 90.73 W, 2370 MHz, 12481 MHz, 37
2026/09/27 00:18:21.964, 1, 0 %, 6995 MiB, 150.07 W, 2377 MHz, 12481 MHz, 40
2026/09/27 00:18:22.214, 0, 0 %, 8787 MiB, 90.69 W, 2370 MHz, 12481 MHz, 37
2026/09/27 00:18:22.214, 1, 0 %, 6995 MiB, 146.50 W, 2377 MHz, 12481 MHz, 38
2026/09/27 00:18:22.464, 0, 1 %, 8819 MiB, 90.47 W, 2370 MHz, 12481 MHz, 37
2026/09/27 00:18:22.464, 1, 0 %, 6995 MiB, 132.27 W, 2370 MHz, 12481 MHz, 38
2026/09/27 00:18:22.714, 0, 0 %, 8819 MiB, 89.61 W, 2370 MHz, 12481 MHz, 37
2026/09/27 00:18:22.714, 1, 0 %, 6995 MiB, 119.97 W, 2370 MHz, 12481 MHz, 38
2026/09/27 00:18:22.965, 0, 0 %, 8851 MiB, 89.59 W, 2370 MHz, 12481 MHz, 37
2026/09/27 00:18:22.965, 1, 0 %, 6995 MiB, 100.39 W, 2370 MHz, 12481 MHz, 38
2026/09/27 00:18:23.215, 0, 0 %, 8851 MiB, 89.58 W, 2370 MHz, 12481 MHz, 37
2026/09/27 00:18:23.215, 1, 0 %, 6995 MiB, 96.00 W, 2370 MHz, 12481 MHz, 38
2026/09/27 00:18:23.465, 0, 0 %, 8851 MiB, 89.60 W, 2370 MHz, 12481 MHz, 37
2026/09/27 00:18:23.465, 1, 0 %, 6995 MiB, 95.98 W, 2370 MHz, 12481 MHz, 38
2026/09/27 00:18:23.715, 0, 1 %, 8883 MiB, 89.73 W, 2370 MHz, 12481 MHz, 37
2026/09/27 00:18:23.715, 1, 0 %, 6995 MiB, 96.17 W, 2370 MHz, 12481 MHz, 37
2026/09/27 00:18:23.965, 0, 0 %, 8915 MiB, 89.75 W, 2370 MHz, 12481 MHz, 37
2026/09/27 00:18:23.965, 1, 0 %, 8531 MiB, 96.14 W, 2370 MHz, 12481 MHz, 37
2026/09/27 00:18:24.215, 0, 0 %, 8915 MiB, 89.78 W, 2370 MHz, 12481 MHz, 37
2026/09/27 00:18:24.215, 1, 21 %, 8723 MiB, 99.16 W, 2370 MHz, 12481 MHz, 38
2026/09/27 00:18:24.466, 0, 0 %, 8915 MiB, 89.76 W, 2370 MHz, 12481 MHz, 37
2026/09/27 00:18:24.466, 1, 0 %, 8755 MiB, 117.84 W, 2377 MHz, 12481 MHz, 40
2026/09/27 00:18:24.716, 0, 0 %, 8915 MiB, 89.58 W, 2370 MHz, 12481 MHz, 37
2026/09/27 00:18:24.716, 1, 0 %, 8755 MiB, 130.12 W, 2377 MHz, 12481 MHz, 40
2026/09/27 00:18:24.966, 0, 0 %, 8915 MiB, 89.56 W, 2370 MHz, 12481 MHz, 37
2026/09/27 00:18:24.966, 1, 0 %, 8787 MiB, 147.82 W, 2377 MHz, 12481 MHz, 40
2026/09/27 00:18:25.216, 0, 0 %, 8915 MiB, 89.54 W, 2370 MHz, 12481 MHz, 37
2026/09/27 00:18:25.216, 1, 0 %, 8787 MiB, 158.27 W, 2377 MHz, 12481 MHz, 40
2026/09/27 00:18:25.466, 0, 0 %, 8915 MiB, 89.54 W, 2370 MHz, 12481 MHz, 37
2026/09/27 00:18:25.466, 1, 0 %, 8787 MiB, 158.30 W, 2377 MHz, 12481 MHz, 40
2026/09/27 00:18:25.716, 0, 0 %, 8915 MiB, 89.51 W, 2370 MHz, 12481 MHz, 37
2026/09/27 00:18:25.716, 1, 0 %, 8819 MiB, 152.00 W, 2377 MHz, 12481 MHz, 38
2026/09/27 00:18:25.966, 0, 0 %, 8915 MiB, 89.48 W, 2370 MHz, 12481 MHz, 37
2026/09/27 00:18:25.967, 1, 0 %, 8819 MiB, 133.28 W, 2370 MHz, 12481 MHz, 38
2026/09/27 00:18:26.217, 0, 0 %, 8915 MiB, 89.43 W, 2370 MHz, 12481 MHz, 37
2026/09/27 00:18:26.217, 1, 0 %, 8851 MiB, 121.46 W, 2370 MHz, 12481 MHz, 37
2026/09/27 00:18:26.467, 0, 0 %, 8915 MiB, 89.41 W, 2370 MHz, 12481 MHz, 37
2026/09/27 00:18:26.467, 1, 0 %, 8851 MiB, 107.35 W, 2370 MHz, 12481 MHz, 38
2026/09/27 00:18:26.717, 0, 3 %, 10643 MiB, 90.55 W, 2370 MHz, 12481 MHz, 37
2026/09/27 00:18:26.717, 1, 0 %, 8883 MiB, 108.23 W, 2370 MHz, 12481 MHz, 38
2026/09/27 00:18:26.967, 0, 9 %, 10643 MiB, 90.67 W, 2370 MHz, 12481 MHz, 37
2026/09/27 00:18:26.967, 1, 0 %, 8883 MiB, 108.09 W, 2370 MHz, 12481 MHz, 37
2026/09/27 00:18:27.217, 0, 0 %, 10643 MiB, 90.70 W, 2370 MHz, 12481 MHz, 37
2026/09/27 00:18:27.217, 1, 0 %, 8883 MiB, 108.09 W, 2370 MHz, 12481 MHz, 37
2026/09/27 00:18:27.467, 0, 1 %, 10675 MiB, 90.67 W, 2370 MHz, 12481 MHz, 37
2026/09/27 00:18:27.467, 1, 0 %, 8883 MiB, 103.80 W, 2370 MHz, 12481 MHz, 37
2026/09/27 00:18:27.717, 0, 0 %, 10675 MiB, 89.68 W, 2370 MHz, 12481 MHz, 37
2026/09/27 00:18:27.718, 1, 0 %, 8883 MiB, 95.84 W, 2370 MHz, 12481 MHz, 37
2026/09/27 00:18:27.968, 0, 0 %, 10675 MiB, 89.36 W, 2370 MHz, 12481 MHz, 37
2026/09/27 00:18:27.968, 1, 0 %, 8883 MiB, 95.78 W, 2370 MHz, 12481 MHz, 37
2026/09/27 00:18:28.218, 0, 0 %, 10707 MiB, 89.35 W, 2370 MHz, 12481 MHz, 37
2026/09/27 00:18:28.218, 1, 0 %, 8883 MiB, 95.75 W, 2370 MHz, 12481 MHz, 37
2026/09/27 00:18:28.468, 0, 0 %, 10707 MiB, 89.32 W, 2370 MHz, 12481 MHz, 37
2026/09/27 00:18:28.468, 1, 0 %, 8883 MiB, 95.64 W, 2370 MHz, 12481 MHz, 37
2026/09/27 00:18:28.718, 0, 1 %, 10771 MiB, 89.31 W, 2370 MHz, 12481 MHz, 37
2026/09/27 00:18:28.718, 1, 0 %, 8883 MiB, 95.63 W, 2370 MHz, 12481 MHz, 37
2026/09/27 00:18:28.968, 0, 0 %, 10771 MiB, 89.35 W, 2370 MHz, 12481 MHz, 37
2026/09/27 00:18:28.968, 1, 0 %, 8883 MiB, 95.64 W, 2370 MHz, 12481 MHz, 37
2026/09/27 00:18:29.218, 0, 0 %, 10771 MiB, 89.34 W, 2370 MHz, 12481 MHz, 37
2026/09/27 00:18:29.218, 1, 24 %, 10611 MiB, 96.80 W, 2370 MHz, 12481 MHz, 37
2026/09/27 00:18:29.469, 0, 0 %, 10771 MiB, 89.32 W, 2370 MHz, 12481 MHz, 37
2026/09/27 00:18:29.469, 1, 0 %, 10611 MiB, 96.89 W, 2370 MHz, 12481 MHz, 37
2026/09/27 00:18:29.719, 0, 0 %, 10771 MiB, 89.25 W, 2370 MHz, 12481 MHz, 37
2026/09/27 00:18:29.719, 1, 0 %, 10611 MiB, 96.82 W, 2370 MHz, 12481 MHz, 37
2026/09/27 00:18:29.969, 0, 0 %, 10771 MiB, 89.21 W, 2370 MHz, 12481 MHz, 37
2026/09/27 00:18:29.969, 1, 0 %, 10643 MiB, 96.78 W, 2362 MHz, 12481 MHz, 37
2026/09/27 00:18:30.219, 0, 0 %, 10771 MiB, 89.18 W, 2370 MHz, 12481 MHz, 36
2026/09/27 00:18:30.220, 1, 0 %, 10643 MiB, 95.75 W, 2362 MHz, 12481 MHz, 37
2026/09/27 00:18:30.470, 0, 0 %, 10771 MiB, 89.14 W, 2370 MHz, 12481 MHz, 37
2026/09/27 00:18:30.470, 1, 0 %, 10675 MiB, 97.90 W, 2370 MHz, 12481 MHz, 38
2026/09/27 00:18:30.720, 0, 0 %, 10771 MiB, 89.16 W, 2370 MHz, 12481 MHz, 37
2026/09/27 00:18:30.720, 1, 0 %, 10675 MiB, 109.90 W, 2370 MHz, 12481 MHz, 39
2026/09/27 00:18:30.970, 0, 0 %, 10771 MiB, 89.17 W, 2370 MHz, 12481 MHz, 37
2026/09/27 00:18:30.970, 1, 0 %, 10675 MiB, 114.82 W, 2370 MHz, 12481 MHz, 37
2026/09/27 00:18:31.220, 0, 0 %, 10771 MiB, 89.13 W, 2370 MHz, 12481 MHz, 36
2026/09/27 00:18:31.220, 1, 0 %, 10739 MiB, 115.39 W, 2370 MHz, 12481 MHz, 37
2026/09/27 00:18:31.470, 0, 0 %, 12499 MiB, 89.18 W, 2370 MHz, 12481 MHz, 36
2026/09/27 00:18:31.470, 1, 0 %, 10739 MiB, 115.02 W, 2370 MHz, 12481 MHz, 37
2026/09/27 00:18:31.720, 0, 23 %, 12531 MiB, 90.40 W, 2370 MHz, 12481 MHz, 36
2026/09/27 00:18:31.721, 1, 0 %, 10739 MiB, 108.27 W, 2370 MHz, 12481 MHz, 37
2026/09/27 00:18:31.971, 0, 0 %, 12531 MiB, 90.39 W, 2370 MHz, 12481 MHz, 36
2026/09/27 00:18:31.971, 1, 0 %, 10739 MiB, 102.54 W, 2370 MHz, 12481 MHz, 37
2026/09/27 00:18:32.221, 0, 0 %, 12531 MiB, 90.38 W, 2370 MHz, 12481 MHz, 36
2026/09/27 00:18:32.221, 1, 0 %, 10739 MiB, 102.48 W, 2370 MHz, 12481 MHz, 37
2026/09/27 00:18:32.471, 0, 0 %, 12563 MiB, 90.35 W, 2370 MHz, 12481 MHz, 36
2026/09/27 00:18:32.471, 1, 0 %, 10739 MiB, 100.95 W, 2370 MHz, 12481 MHz, 37
2026/09/27 00:18:32.721, 0, 0 %, 12563 MiB, 89.12 W, 2370 MHz, 12481 MHz, 36
2026/09/27 00:18:32.721, 1, 0 %, 10739 MiB, 95.52 W, 2370 MHz, 12481 MHz, 37
2026/09/27 00:18:32.971, 0, 0 %, 12563 MiB, 89.12 W, 2370 MHz, 12481 MHz, 36
2026/09/27 00:18:32.971, 1, 0 %, 10739 MiB, 95.46 W, 2362 MHz, 12481 MHz, 37
2026/09/27 00:18:33.221, 0, 0 %, 12595 MiB, 89.15 W, 2370 MHz, 12481 MHz, 36
2026/09/27 00:18:33.221, 1, 0 %, 10739 MiB, 95.42 W, 2362 MHz, 12481 MHz, 37
2026/09/27 00:18:33.471, 0, 0 %, 12595 MiB, 89.16 W, 2370 MHz, 12481 MHz, 36
2026/09/27 00:18:33.471, 1, 0 %, 10739 MiB, 95.41 W, 2362 MHz, 12481 MHz, 37
2026/09/27 00:18:33.721, 0, 0 %, 12627 MiB, 89.15 W, 2370 MHz, 12481 MHz, 36
2026/09/27 00:18:33.721, 1, 0 %, 10739 MiB, 95.42 W, 2362 MHz, 12481 MHz, 36
2026/09/27 00:18:33.971, 0, 0 %, 12659 MiB, 89.18 W, 2370 MHz, 12481 MHz, 36
2026/09/27 00:18:33.971, 1, 0 %, 10739 MiB, 95.43 W, 2362 MHz, 12481 MHz, 36
2026/09/27 00:18:34.222, 0, 0 %, 12659 MiB, 89.18 W, 2370 MHz, 12481 MHz, 36
2026/09/27 00:18:34.222, 1, 22 %, 12499 MiB, 96.33 W, 2362 MHz, 12481 MHz, 37
2026/09/27 00:18:34.472, 0, 0 %, 12659 MiB, 89.16 W, 2370 MHz, 12481 MHz, 36
2026/09/27 00:18:34.472, 1, 0 %, 12499 MiB, 105.12 W, 2370 MHz, 12481 MHz, 37
2026/09/27 00:18:34.722, 0, 0 %, 12659 MiB, 89.21 W, 2370 MHz, 12481 MHz, 36
2026/09/27 00:18:34.722, 1, 0 %, 12499 MiB, 105.34 W, 2370 MHz, 12481 MHz, 37
2026/09/27 00:18:34.972, 0, 0 %, 12659 MiB, 89.16 W, 2370 MHz, 12481 MHz, 36
2026/09/27 00:18:34.972, 1, 0 %, 12499 MiB, 105.13 W, 2370 MHz, 12481 MHz, 36
2026/09/27 00:18:35.222, 0, 0 %, 12659 MiB, 89.08 W, 2370 MHz, 12481 MHz, 36
2026/09/27 00:18:35.222, 1, 0 %, 12531 MiB, 104.33 W, 2370 MHz, 12481 MHz, 36
2026/09/27 00:18:35.472, 0, 0 %, 12659 MiB, 89.08 W, 2370 MHz, 12481 MHz, 36
2026/09/27 00:18:35.472, 1, 0 %, 12531 MiB, 95.38 W, 2362 MHz, 12481 MHz, 36
2026/09/27 00:18:35.722, 0, 0 %, 12659 MiB, 88.99 W, 2370 MHz, 12481 MHz, 36
2026/09/27 00:18:35.722, 1, 0 %, 12563 MiB, 95.38 W, 2362 MHz, 12481 MHz, 36
2026/09/27 00:18:35.972, 0, 0 %, 12659 MiB, 89.01 W, 2370 MHz, 12481 MHz, 36
2026/09/27 00:18:35.972, 1, 0 %, 12563 MiB, 95.33 W, 2362 MHz, 12481 MHz, 36
2026/09/27 00:18:36.223, 0, 0 %, 12659 MiB, 89.03 W, 2370 MHz, 12481 MHz, 36
2026/09/27 00:18:36.223, 1, 0 %, 12595 MiB, 95.33 W, 2362 MHz, 12481 MHz, 36
2026/09/27 00:18:36.473, 0, 0 %, 12659 MiB, 89.00 W, 2370 MHz, 12481 MHz, 36
2026/09/27 00:18:36.473, 1, 0 %, 12627 MiB, 101.23 W, 2370 MHz, 12481 MHz, 37
2026/09/27 00:18:36.723, 0, 0 %, 14387 MiB, 89.63 W, 2370 MHz, 12481 MHz, 36
2026/09/27 00:18:36.723, 1, 0 %, 12627 MiB, 104.25 W, 2370 MHz, 12481 MHz, 37
2026/09/27 00:18:36.973, 0, 20 %, 14419 MiB, 90.07 W, 2370 MHz, 12481 MHz, 36
2026/09/27 00:18:36.973, 1, 0 %, 12627 MiB, 122.83 W, 2377 MHz, 12481 MHz, 38
2026/09/27 00:18:37.223, 0, 0 %, 14419 MiB, 90.05 W, 2370 MHz, 12481 MHz, 36
2026/09/27 00:18:37.223, 1, 0 %, 12627 MiB, 134.39 W, 2377 MHz, 12481 MHz, 39
2026/09/27 00:18:37.473, 0, 0 %, 14451 MiB, 90.06 W, 2370 MHz, 12481 MHz, 36
2026/09/27 00:18:37.473, 1, 0 %, 12627 MiB, 147.79 W, 2377 MHz, 12481 MHz, 39
2026/09/27 00:18:37.723, 0, 0 %, 14451 MiB, 89.48 W, 2370 MHz, 12481 MHz, 36
2026/09/27 00:18:37.723, 1, 0 %, 12627 MiB, 157.24 W, 2377 MHz, 12481 MHz, 39
2026/09/27 00:18:37.973, 0, 0 %, 14451 MiB, 89.09 W, 2370 MHz, 12481 MHz, 36
2026/09/27 00:18:37.973, 1, 0 %, 12627 MiB, 157.31 W, 2377 MHz, 12481 MHz, 39
2026/09/27 00:18:38.224, 0, 0 %, 14483 MiB, 89.12 W, 2370 MHz, 12481 MHz, 36
2026/09/27 00:18:38.224, 1, 0 %, 12627 MiB, 157.41 W, 2377 MHz, 12481 MHz, 39
2026/09/27 00:18:38.474, 0, 0 %, 14483 MiB, 89.15 W, 2370 MHz, 12481 MHz, 36
2026/09/27 00:18:38.474, 1, 0 %, 12627 MiB, 157.47 W, 2377 MHz, 12481 MHz, 39
2026/09/27 00:18:38.724, 0, 0 %, 14515 MiB, 89.14 W, 2370 MHz, 12481 MHz, 36
2026/09/27 00:18:38.724, 1, 0 %, 12627 MiB, 157.50 W, 2377 MHz, 12481 MHz, 39
2026/09/27 00:18:38.974, 0, 0 %, 14515 MiB, 89.09 W, 2370 MHz, 12481 MHz, 36
2026/09/27 00:18:38.974, 1, 0 %, 12627 MiB, 157.59 W, 2377 MHz, 12481 MHz, 39
2026/09/27 00:18:39.224, 0, 0 %, 14547 MiB, 89.17 W, 2370 MHz, 12481 MHz, 36
2026/09/27 00:18:39.224, 1, 20 %, 14387 MiB, 152.17 W, 2377 MHz, 12481 MHz, 37
2026/09/27 00:18:39.474, 0, 0 %, 14547 MiB, 89.18 W, 2370 MHz, 12481 MHz, 36
2026/09/27 00:18:39.474, 1, 0 %, 14387 MiB, 137.54 W, 2370 MHz, 12481 MHz, 37
2026/09/27 00:18:39.724, 0, 0 %, 14547 MiB, 89.16 W, 2370 MHz, 12481 MHz, 36
2026/09/27 00:18:39.724, 1, 0 %, 14387 MiB, 125.77 W, 2370 MHz, 12481 MHz, 37
2026/09/27 00:18:39.974, 0, 0 %, 14547 MiB, 89.08 W, 2370 MHz, 12481 MHz, 36
2026/09/27 00:18:39.974, 1, 1 %, 14419 MiB, 113.88 W, 2370 MHz, 12481 MHz, 38
2026/09/27 00:18:40.224, 0, 0 %, 14547 MiB, 88.99 W, 2370 MHz, 12481 MHz, 36
2026/09/27 00:18:40.224, 1, 0 %, 14419 MiB, 119.27 W, 2370 MHz, 12481 MHz, 39
2026/09/27 00:18:40.475, 0, 0 %, 14547 MiB, 88.95 W, 2370 MHz, 12481 MHz, 36
2026/09/27 00:18:40.475, 1, 0 %, 14451 MiB, 133.93 W, 2377 MHz, 12481 MHz, 39
2026/09/27 00:18:40.725, 0, 0 %, 14547 MiB, 88.94 W, 2370 MHz, 12481 MHz, 36
2026/09/27 00:18:40.725, 1, 1 %, 14451 MiB, 134.39 W, 2377 MHz, 12481 MHz, 37
2026/09/27 00:18:40.975, 0, 0 %, 14547 MiB, 88.97 W, 2370 MHz, 12481 MHz, 36
2026/09/27 00:18:40.975, 1, 0 %, 14451 MiB, 127.02 W, 2370 MHz, 12481 MHz, 37
2026/09/27 00:18:41.225, 0, 0 %, 14547 MiB, 88.98 W, 2370 MHz, 12481 MHz, 36
2026/09/27 00:18:41.225, 1, 0 %, 14483 MiB, 115.50 W, 2370 MHz, 12481 MHz, 37
2026/09/27 00:18:41.475, 0, 0 %, 16275 MiB, 88.97 W, 2370 MHz, 12481 MHz, 36
2026/09/27 00:18:41.475, 1, 0 %, 14515 MiB, 99.97 W, 2362 MHz, 12481 MHz, 36
2026/09/27 00:18:41.725, 0, 24 %, 16275 MiB, 90.23 W, 2370 MHz, 12481 MHz, 36
2026/09/27 00:18:41.725, 1, 0 %, 14515 MiB, 110.66 W, 2362 MHz, 12481 MHz, 38
2026/09/27 00:18:41.975, 0, 0 %, 16307 MiB, 90.24 W, 2370 MHz, 12481 MHz, 36
2026/09/27 00:18:41.975, 1, 0 %, 14515 MiB, 128.48 W, 2377 MHz, 12481 MHz, 39
2026/09/27 00:18:42.225, 0, 0 %, 16307 MiB, 90.25 W, 2370 MHz, 12481 MHz, 36
2026/09/27 00:18:42.225, 1, 0 %, 14515 MiB, 141.54 W, 2377 MHz, 12481 MHz, 39
2026/09/27 00:18:42.476, 0, 0 %, 16339 MiB, 90.25 W, 2370 MHz, 12481 MHz, 36
2026/09/27 00:18:42.476, 1, 0 %, 14515 MiB, 157.33 W, 2377 MHz, 12481 MHz, 39
2026/09/27 00:18:42.726, 0, 0 %, 16339 MiB, 88.98 W, 2370 MHz, 12481 MHz, 36
2026/09/27 00:18:42.726, 1, 0 %, 14515 MiB, 157.43 W, 2377 MHz, 12481 MHz, 39
2026/09/27 00:18:42.976, 0, 0 %, 16339 MiB, 88.97 W, 2370 MHz, 12481 MHz, 36
2026/09/27 00:18:42.976, 1, 0 %, 14515 MiB, 157.50 W, 2377 MHz, 12481 MHz, 39
2026/09/27 00:18:43.226, 0, 0 %, 16371 MiB, 88.97 W, 2370 MHz, 12481 MHz, 36
2026/09/27 00:18:43.226, 1, 0 %, 14515 MiB, 157.50 W, 2377 MHz, 12481 MHz, 39
2026/09/27 00:18:43.476, 0, 0 %, 16371 MiB, 88.94 W, 2370 MHz, 12481 MHz, 36
2026/09/27 00:18:43.476, 1, 0 %, 14515 MiB, 157.51 W, 2377 MHz, 12481 MHz, 39
2026/09/27 00:18:43.726, 0, 0 %, 16403 MiB, 88.90 W, 2370 MHz, 12481 MHz, 36
2026/09/27 00:18:43.726, 1, 0 %, 14515 MiB, 157.50 W, 2377 MHz, 12481 MHz, 39
2026/09/27 00:18:43.976, 0, 0 %, 16403 MiB, 88.89 W, 2370 MHz, 12481 MHz, 36
2026/09/27 00:18:43.976, 1, 0 %, 14515 MiB, 157.52 W, 2377 MHz, 12481 MHz, 39
2026/09/27 00:18:44.227, 0, 0 %, 16435 MiB, 88.93 W, 2370 MHz, 12481 MHz, 36
2026/09/27 00:18:44.227, 1, 24 %, 16243 MiB, 151.69 W, 2377 MHz, 12481 MHz, 37
2026/09/27 00:18:44.477, 0, 0 %, 16435 MiB, 88.96 W, 2370 MHz, 12481 MHz, 36
2026/09/27 00:18:44.477, 1, 0 %, 16275 MiB, 136.70 W, 2370 MHz, 12481 MHz, 38
2026/09/27 00:18:44.727, 0, 0 %, 16435 MiB, 88.94 W, 2370 MHz, 12481 MHz, 36
2026/09/27 00:18:44.727, 1, 0 %, 16275 MiB, 137.10 W, 2370 MHz, 12481 MHz, 39
2026/09/27 00:18:44.977, 0, 0 %, 16435 MiB, 88.93 W, 2370 MHz, 12481 MHz, 36
2026/09/27 00:18:44.977, 1, 0 %, 16275 MiB, 137.11 W, 2377 MHz, 12481 MHz, 39
2026/09/27 00:18:45.227, 0, 0 %, 16435 MiB, 88.87 W, 2370 MHz, 12481 MHz, 36
2026/09/27 00:18:45.227, 1, 0 %, 16307 MiB, 133.04 W, 2377 MHz, 12481 MHz, 37
2026/09/27 00:18:45.477, 0, 0 %, 16435 MiB, 88.85 W, 2370 MHz, 12481 MHz, 36
2026/09/27 00:18:45.477, 1, 0 %, 16307 MiB, 129.90 W, 2370 MHz, 12481 MHz, 37
2026/09/27 00:18:45.727, 0, 0 %, 16435 MiB, 88.82 W, 2370 MHz, 12481 MHz, 36
2026/09/27 00:18:45.727, 1, 0 %, 16339 MiB, 118.60 W, 2370 MHz, 12481 MHz, 37
2026/09/27 00:18:45.977, 0, 0 %, 16435 MiB, 88.80 W, 2370 MHz, 12481 MHz, 36
2026/09/27 00:18:45.977, 1, 0 %, 16339 MiB, 103.09 W, 2370 MHz, 12481 MHz, 37
2026/09/27 00:18:46.228, 0, 0 %, 16435 MiB, 88.80 W, 2370 MHz, 12481 MHz, 36
2026/09/27 00:18:46.228, 1, 0 %, 16371 MiB, 99.00 W, 2370 MHz, 12481 MHz, 37
2026/09/27 00:18:46.478, 0, 0 %, 16435 MiB, 88.79 W, 2370 MHz, 12481 MHz, 36
2026/09/27 00:18:46.478, 1, 0 %, 16371 MiB, 111.02 W, 2377 MHz, 12481 MHz, 38
2026/09/27 00:18:46.728, 0, 0 %, 18163 MiB, 89.18 W, 2370 MHz, 12481 MHz, 36
2026/09/27 00:18:46.728, 1, 0 %, 16403 MiB, 111.80 W, 2377 MHz, 12481 MHz, 37
2026/09/27 00:18:46.978, 0, 23 %, 18163 MiB, 89.91 W, 2370 MHz, 12481 MHz, 36
2026/09/27 00:18:46.978, 1, 0 %, 16403 MiB, 126.30 W, 2377 MHz, 12481 MHz, 39
2026/09/27 00:18:47.228, 0, 0 %, 18163 MiB, 89.85 W, 2370 MHz, 12481 MHz, 36
2026/09/27 00:18:47.228, 1, 0 %, 16403 MiB, 138.45 W, 2377 MHz, 12481 MHz, 39
2026/09/27 00:18:47.478, 0, 0 %, 18195 MiB, 89.82 W, 2370 MHz, 12481 MHz, 36
2026/09/27 00:18:47.478, 1, 0 %, 16403 MiB, 127.60 W, 2370 MHz, 12481 MHz, 37
2026/09/27 00:18:47.728, 0, 0 %, 18195 MiB, 89.47 W, 2370 MHz, 12481 MHz, 36
2026/09/27 00:18:47.728, 1, 0 %, 16403 MiB, 126.81 W, 2370 MHz, 12481 MHz, 37
2026/09/27 00:18:47.978, 0, 0 %, 18195 MiB, 88.77 W, 2370 MHz, 12481 MHz, 36
2026/09/27 00:18:47.978, 1, 0 %, 16403 MiB, 109.25 W, 2370 MHz, 12481 MHz, 36
2026/09/27 00:18:48.228, 0, 0 %, 18227 MiB, 88.75 W, 2370 MHz, 12481 MHz, 36
2026/09/27 00:18:48.228, 1, 0 %, 16403 MiB, 95.93 W, 2370 MHz, 12481 MHz, 36
2026/09/27 00:18:48.479, 0, 0 %, 18227 MiB, 88.75 W, 2370 MHz, 12481 MHz, 36
2026/09/27 00:18:48.479, 1, 0 %, 16403 MiB, 95.36 W, 2370 MHz, 12481 MHz, 36
2026/09/27 00:18:48.729, 0, 0 %, 18259 MiB, 88.72 W, 2370 MHz, 12481 MHz, 36
2026/09/27 00:18:48.729, 1, 0 %, 16403 MiB, 95.28 W, 2370 MHz, 12481 MHz, 36
2026/09/27 00:18:48.979, 0, 0 %, 18291 MiB, 88.70 W, 2370 MHz, 12481 MHz, 36
2026/09/27 00:18:48.979, 1, 0 %, 16403 MiB, 95.30 W, 2362 MHz, 12481 MHz, 36
2026/09/27 00:18:49.229, 0, 0 %, 18291 MiB, 88.74 W, 2370 MHz, 12481 MHz, 36
2026/09/27 00:18:49.229, 1, 10 %, 18131 MiB, 96.79 W, 2362 MHz, 12481 MHz, 36
2026/09/27 00:18:49.479, 0, 0 %, 18291 MiB, 88.73 W, 2370 MHz, 12481 MHz, 36
2026/09/27 00:18:49.479, 1, 2 %, 18131 MiB, 101.72 W, 2370 MHz, 12481 MHz, 37
2026/09/27 00:18:49.729, 0, 0 %, 18291 MiB, 88.75 W, 2370 MHz, 12481 MHz, 36
2026/09/27 00:18:49.729, 1, 0 %, 18131 MiB, 101.82 W, 2370 MHz, 12481 MHz, 36
2026/09/27 00:18:49.979, 0, 0 %, 18291 MiB, 88.74 W, 2370 MHz, 12481 MHz, 36
2026/09/27 00:18:49.979, 1, 1 %, 18163 MiB, 101.75 W, 2362 MHz, 12481 MHz, 36
2026/09/27 00:18:50.229, 0, 0 %, 18291 MiB, 88.69 W, 2370 MHz, 12481 MHz, 36
2026/09/27 00:18:50.229, 1, 0 %, 18163 MiB, 100.41 W, 2362 MHz, 12481 MHz, 36
2026/09/27 00:18:50.480, 0, 0 %, 18291 MiB, 88.69 W, 2370 MHz, 12481 MHz, 36
2026/09/27 00:18:50.480, 1, 0 %, 18163 MiB, 95.42 W, 2370 MHz, 12481 MHz, 36
2026/09/27 00:18:50.730, 0, 0 %, 18291 MiB, 88.71 W, 2370 MHz, 12481 MHz, 36
2026/09/27 00:18:50.730, 1, 1 %, 18195 MiB, 104.73 W, 2370 MHz, 12481 MHz, 38
2026/09/27 00:18:50.980, 0, 0 %, 18291 MiB, 88.70 W, 2370 MHz, 12481 MHz, 36
2026/09/27 00:18:50.980, 1, 0 %, 18195 MiB, 123.40 W, 2377 MHz, 12481 MHz, 38
2026/09/27 00:18:51.230, 0, 0 %, 18291 MiB, 88.67 W, 2370 MHz, 12481 MHz, 36
2026/09/27 00:18:51.230, 1, 1 %, 18259 MiB, 135.00 W, 2377 MHz, 12481 MHz, 38
2026/09/27 00:18:51.480, 0, 0 %, 18291 MiB, 88.71 W, 2370 MHz, 12481 MHz, 36
2026/09/27 00:18:51.480, 1, 0 %, 18259 MiB, 154.42 W, 2377 MHz, 12481 MHz, 39
2026/09/27 00:18:51.730, 0, 14 %, 20051 MiB, 89.70 W, 2370 MHz, 12481 MHz, 36
2026/09/27 00:18:51.730, 1, 0 %, 18259 MiB, 148.03 W, 2377 MHz, 12481 MHz, 37
2026/09/27 00:18:51.980, 0, 0 %, 20051 MiB, 89.69 W, 2370 MHz, 12481 MHz, 36
2026/09/27 00:18:51.980, 1, 0 %, 18259 MiB, 130.01 W, 2370 MHz, 12481 MHz, 36
2026/09/27 00:18:52.230, 0, 0 %, 20051 MiB, 89.72 W, 2370 MHz, 12481 MHz, 36
2026/09/27 00:18:52.230, 1, 0 %, 18259 MiB, 117.10 W, 2370 MHz, 12481 MHz, 36
2026/09/27 00:18:52.480, 0, 0 %, 20083 MiB, 89.69 W, 2370 MHz, 12481 MHz, 36
2026/09/27 00:18:52.480, 1, 0 %, 18259 MiB, 99.65 W, 2362 MHz, 12481 MHz, 36
2026/09/27 00:18:52.731, 0, 0 %, 20083 MiB, 88.71 W, 2370 MHz, 12481 MHz, 36
2026/09/27 00:18:52.731, 1, 0 %, 18259 MiB, 95.26 W, 2362 MHz, 12481 MHz, 36
2026/09/27 00:18:52.981, 0, 0 %, 20083 MiB, 88.68 W, 2370 MHz, 12481 MHz, 36
2026/09/27 00:18:52.981, 1, 0 %, 18259 MiB, 95.25 W, 2362 MHz, 12481 MHz, 36
2026/09/27 00:18:53.231, 0, 1 %, 20115 MiB, 88.67 W, 2370 MHz, 12481 MHz, 36
2026/09/27 00:18:53.231, 1, 0 %, 18259 MiB, 95.23 W, 2362 MHz, 12481 MHz, 36
2026/09/27 00:18:53.481, 0, 0 %, 20115 MiB, 88.67 W, 2370 MHz, 12481 MHz, 36
2026/09/27 00:18:53.481, 1, 0 %, 18259 MiB, 95.12 W, 2362 MHz, 12481 MHz, 36
2026/09/27 00:18:53.731, 0, 0 %, 20147 MiB, 88.67 W, 2370 MHz, 12481 MHz, 36
2026/09/27 00:18:53.731, 1, 0 %, 18259 MiB, 95.11 W, 2362 MHz, 12481 MHz, 36
2026/09/27 00:18:53.981, 0, 0 %, 20179 MiB, 88.64 W, 2370 MHz, 12481 MHz, 36
2026/09/27 00:18:53.981, 1, 0 %, 18259 MiB, 95.07 W, 2362 MHz, 12481 MHz, 36
2026/09/27 00:18:54.231, 0, 0 %, 20179 MiB, 88.86 W, 2370 MHz, 12481 MHz, 36
2026/09/27 00:18:54.231, 1, 3 %, 19987 MiB, 95.47 W, 2362 MHz, 12481 MHz, 36
2026/09/27 00:18:54.481, 0, 0 %, 20179 MiB, 88.88 W, 2370 MHz, 12481 MHz, 36
2026/09/27 00:18:54.481, 1, 16 %, 20019 MiB, 96.27 W, 2362 MHz, 12481 MHz, 36
2026/09/27 00:18:54.731, 0, 0 %, 20179 MiB, 88.89 W, 2370 MHz, 12481 MHz, 36
2026/09/27 00:18:54.732, 1, 0 %, 20019 MiB, 103.81 W, 2362 MHz, 12481 MHz, 38
2026/09/27 00:18:54.982, 0, 0 %, 20179 MiB, 88.89 W, 2370 MHz, 12481 MHz, 36
2026/09/27 00:18:54.982, 1, 0 %, 20019 MiB, 114.13 W, 2370 MHz, 12481 MHz, 36
2026/09/27 00:18:55.232, 0, 0 %, 20179 MiB, 88.65 W, 2370 MHz, 12481 MHz, 36
2026/09/27 00:18:55.232, 1, 1 %, 20051 MiB, 113.54 W, 2370 MHz, 12481 MHz, 36
2026/09/27 00:18:55.482, 0, 0 %, 20179 MiB, 88.61 W, 2370 MHz, 12481 MHz, 36
2026/09/27 00:18:55.482, 1, 0 %, 20051 MiB, 113.01 W, 2362 MHz, 12481 MHz, 36
2026/09/27 00:18:55.732, 0, 0 %, 20179 MiB, 88.53 W, 2370 MHz, 12481 MHz, 35
2026/09/27 00:18:55.732, 1, 0 %, 20083 MiB, 106.43 W, 2362 MHz, 12481 MHz, 36
2026/09/27 00:18:55.982, 0, 0 %, 20179 MiB, 88.51 W, 2370 MHz, 12481 MHz, 35
2026/09/27 00:18:55.982, 1, 0 %, 20083 MiB, 95.12 W, 2362 MHz, 12481 MHz, 36
2026/09/27 00:18:56.232, 0, 0 %, 20179 MiB, 88.48 W, 2370 MHz, 12481 MHz, 35
2026/09/27 00:18:56.232, 1, 0 %, 20083 MiB, 95.00 W, 2362 MHz, 12481 MHz, 36
2026/09/27 00:18:56.482, 0, 0 %, 20179 MiB, 88.50 W, 2370 MHz, 12481 MHz, 35
2026/09/27 00:18:56.482, 1, 1 %, 20147 MiB, 94.97 W, 2362 MHz, 12481 MHz, 36
2026/09/27 00:18:56.732, 0, 0 %, 21715 MiB, 88.52 W, 2370 MHz, 12481 MHz, 36
2026/09/27 00:18:56.733, 1, 0 %, 20147 MiB, 99.27 W, 2362 MHz, 12481 MHz, 37
2026/09/27 00:18:56.983, 0, 11 %, 21939 MiB, 89.55 W, 2370 MHz, 12481 MHz, 36
2026/09/27 00:18:56.983, 1, 0 %, 20147 MiB, 115.96 W, 2377 MHz, 12481 MHz, 38
2026/09/27 00:18:57.233, 0, 0 %, 21939 MiB, 89.53 W, 2370 MHz, 12481 MHz, 35
2026/09/27 00:18:57.233, 1, 0 %, 20147 MiB, 128.76 W, 2377 MHz, 12481 MHz, 38
2026/09/27 00:18:57.483, 0, 0 %, 21939 MiB, 89.52 W, 2370 MHz, 12481 MHz, 35
2026/09/27 00:18:57.483, 1, 0 %, 20147 MiB, 129.34 W, 2362 MHz, 12481 MHz, 36
2026/09/27 00:18:57.733, 0, 1 %, 21971 MiB, 89.56 W, 2370 MHz, 12481 MHz, 35
2026/09/27 00:18:57.733, 1, 0 %, 20147 MiB, 126.42 W, 2362 MHz, 12481 MHz, 36
2026/09/27 00:18:57.983, 0, 0 %, 21971 MiB, 88.59 W, 2370 MHz, 12481 MHz, 35
2026/09/27 00:18:57.983, 1, 0 %, 20147 MiB, 108.72 W, 2370 MHz, 12481 MHz, 36
2026/09/27 00:18:58.233, 0, 1 %, 22003 MiB, 88.57 W, 2370 MHz, 12481 MHz, 35
2026/09/27 00:18:58.233, 1, 0 %, 20147 MiB, 97.42 W, 2370 MHz, 12481 MHz, 36
2026/09/27 00:18:58.483, 0, 0 %, 22003 MiB, 88.54 W, 2370 MHz, 12481 MHz, 35
2026/09/27 00:18:58.483, 1, 0 %, 20147 MiB, 94.96 W, 2370 MHz, 12481 MHz, 36
2026/09/27 00:18:58.733, 0, 0 %, 22035 MiB, 88.49 W, 2370 MHz, 12481 MHz, 35
2026/09/27 00:18:58.733, 1, 0 %, 20147 MiB, 94.96 W, 2370 MHz, 12481 MHz, 36
2026/09/27 00:18:58.984, 0, 1 %, 22035 MiB, 88.47 W, 2370 MHz, 12481 MHz, 35
2026/09/27 00:18:58.984, 1, 0 %, 20147 MiB, 94.87 W, 2362 MHz, 12481 MHz, 36
2026/09/27 00:18:59.234, 0, 0 %, 22067 MiB, 88.53 W, 2370 MHz, 12481 MHz, 35
2026/09/27 00:18:59.234, 1, 0 %, 21875 MiB, 95.19 W, 2362 MHz, 12481 MHz, 36
2026/09/27 00:18:59.484, 0, 0 %, 22067 MiB, 88.59 W, 2370 MHz, 12481 MHz, 35
2026/09/27 00:18:59.484, 1, 18 %, 21907 MiB, 100.71 W, 2370 MHz, 12481 MHz, 36
2026/09/27 00:18:59.734, 0, 0 %, 22067 MiB, 88.60 W, 2370 MHz, 12481 MHz, 35
2026/09/27 00:18:59.734, 1, 0 %, 21907 MiB, 100.71 W, 2370 MHz, 12481 MHz, 36
2026/09/27 00:18:59.984, 0, 0 %, 22067 MiB, 88.60 W, 2370 MHz, 12481 MHz, 35
2026/09/27 00:18:59.984, 1, 0 %, 21939 MiB, 100.70 W, 2362 MHz, 12481 MHz, 36
2026/09/27 00:19:00.234, 0, 0 %, 22067 MiB, 88.48 W, 2370 MHz, 12481 MHz, 35
2026/09/27 00:19:00.234, 1, 0 %, 21939 MiB, 100.59 W, 2362 MHz, 12481 MHz, 36
2026/09/27 00:19:00.484, 0, 0 %, 22067 MiB, 88.44 W, 2370 MHz, 12481 MHz, 35
2026/09/27 00:19:00.484, 1, 0 %, 21939 MiB, 94.92 W, 2362 MHz, 12481 MHz, 36
2026/09/27 00:19:00.734, 0, 0 %, 22067 MiB, 88.46 W, 2370 MHz, 12481 MHz, 35
2026/09/27 00:19:00.734, 1, 0 %, 21971 MiB, 94.87 W, 2362 MHz, 12481 MHz, 36
2026/09/27 00:19:00.984, 0, 0 %, 22067 MiB, 88.44 W, 2370 MHz, 12481 MHz, 35
2026/09/27 00:19:00.984, 1, 0 %, 21971 MiB, 94.91 W, 2362 MHz, 12481 MHz, 36
2026/09/27 00:19:01.235, 0, 0 %, 22067 MiB, 88.44 W, 2370 MHz, 12481 MHz, 35
2026/09/27 00:19:01.235, 1, 0 %, 22003 MiB, 96.71 W, 2362 MHz, 12481 MHz, 36
2026/09/27 00:19:01.485, 0, 0 %, 22067 MiB, 88.45 W, 2370 MHz, 12481 MHz, 35
2026/09/27 00:19:01.485, 1, 0 %, 22003 MiB, 112.99 W, 2377 MHz, 12481 MHz, 37
2026/09/27 00:19:01.735, 0, 4 %, 23795 MiB, 89.67 W, 2370 MHz, 12481 MHz, 35
2026/09/27 00:19:01.735, 1, 0 %, 22035 MiB, 113.17 W, 2377 MHz, 12481 MHz, 36
2026/09/27 00:19:01.985, 0, 9 %, 23827 MiB, 89.72 W, 2370 MHz, 12481 MHz, 35
2026/09/27 00:19:01.985, 1, 0 %, 22035 MiB, 113.21 W, 2362 MHz, 12481 MHz, 36
2026/09/27 00:19:02.235, 0, 0 %, 23827 MiB, 89.73 W, 2370 MHz, 12481 MHz, 35
2026/09/27 00:19:02.235, 1, 0 %, 22035 MiB, 112.25 W, 2362 MHz, 12481 MHz, 36
2026/09/27 00:19:02.485, 0, 0 %, 23827 MiB, 89.70 W, 2370 MHz, 12481 MHz, 35
2026/09/27 00:19:02.485, 1, 0 %, 22035 MiB, 95.24 W, 2362 MHz, 12481 MHz, 36
2026/09/27 00:19:02.735, 0, 1 %, 23859 MiB, 88.61 W, 2370 MHz, 12481 MHz, 35
2026/09/27 00:19:02.735, 1, 0 %, 22035 MiB, 95.01 W, 2362 MHz, 12481 MHz, 36
2026/09/27 00:19:02.985, 0, 0 %, 23859 MiB, 88.44 W, 2370 MHz, 12481 MHz, 35
2026/09/27 00:19:02.985, 1, 0 %, 22035 MiB, 94.95 W, 2362 MHz, 12481 MHz, 36
2026/09/27 00:19:03.235, 0, 1 %, 23891 MiB, 88.44 W, 2370 MHz, 12481 MHz, 35
2026/09/27 00:19:03.236, 1, 0 %, 22035 MiB, 94.91 W, 2362 MHz, 12481 MHz, 36
2026/09/27 00:19:03.486, 0, 0 %, 23891 MiB, 88.45 W, 2370 MHz, 12481 MHz, 35
2026/09/27 00:19:03.486, 1, 0 %, 22035 MiB, 94.84 W, 2362 MHz, 12481 MHz, 36
2026/09/27 00:19:03.736, 0, 0 %, 23923 MiB, 88.48 W, 2370 MHz, 12481 MHz, 35
2026/09/27 00:19:03.736, 1, 0 %, 22035 MiB, 94.80 W, 2362 MHz, 12481 MHz, 35
2026/09/27 00:19:03.986, 0, 1 %, 23923 MiB, 88.47 W, 2370 MHz, 12481 MHz, 35
2026/09/27 00:19:03.986, 1, 0 %, 22035 MiB, 94.80 W, 2362 MHz, 12481 MHz, 35
2026/09/27 00:19:04.236, 0, 0 %, 23955 MiB, 88.53 W, 2370 MHz, 12481 MHz, 35
2026/09/27 00:19:04.236, 1, 0 %, 23763 MiB, 95.10 W, 2362 MHz, 12481 MHz, 35
2026/09/27 00:19:04.486, 0, 0 %, 23955 MiB, 88.54 W, 2370 MHz, 12481 MHz, 35
2026/09/27 00:19:04.486, 1, 16 %, 23795 MiB, 104.71 W, 2370 MHz, 12481 MHz, 37
2026/09/27 00:19:04.736, 0, 0 %, 23955 MiB, 88.52 W, 2370 MHz, 12481 MHz, 35
2026/09/27 00:19:04.736, 1, 0 %, 23795 MiB, 111.30 W, 2370 MHz, 12481 MHz, 37
2026/09/27 00:19:04.986, 0, 0 %, 23955 MiB, 88.47 W, 2370 MHz, 12481 MHz, 35
2026/09/27 00:19:04.986, 1, 0 %, 23795 MiB, 111.03 W, 2362 MHz, 12481 MHz, 36
2026/09/27 00:19:05.236, 0, 0 %, 23955 MiB, 88.41 W, 2370 MHz, 12481 MHz, 35
2026/09/27 00:19:05.236, 1, 1 %, 23827 MiB, 111.14 W, 2362 MHz, 12481 MHz, 36
2026/09/27 00:19:05.487, 0, 0 %, 23955 MiB, 88.38 W, 2370 MHz, 12481 MHz, 35
2026/09/27 00:19:05.487, 1, 0 %, 23827 MiB, 101.85 W, 2362 MHz, 12481 MHz, 35
2026/09/27 00:19:05.737, 0, 0 %, 23955 MiB, 88.39 W, 2370 MHz, 12481 MHz, 35
2026/09/27 00:19:05.737, 1, 0 %, 23859 MiB, 94.96 W, 2362 MHz, 12481 MHz, 35
2026/09/27 00:19:05.987, 0, 0 %, 23955 MiB, 88.39 W, 2370 MHz, 12481 MHz, 35
2026/09/27 00:19:05.987, 1, 0 %, 23859 MiB, 110.44 W, 2377 MHz, 12481 MHz, 38
2026/09/27 00:19:06.237, 0, 0 %, 23955 MiB, 88.38 W, 2370 MHz, 12481 MHz, 35
2026/09/27 00:19:06.237, 1, 0 %, 23859 MiB, 122.70 W, 2377 MHz, 12481 MHz, 38
2026/09/27 00:19:06.487, 0, 0 %, 23955 MiB, 88.41 W, 2370 MHz, 12481 MHz, 35
2026/09/27 00:19:06.487, 1, 1 %, 23891 MiB, 132.46 W, 2370 MHz, 12481 MHz, 37
2026/09/27 00:19:06.737, 0, 0 %, 25683 MiB, 88.43 W, 2370 MHz, 12481 MHz, 35
2026/09/27 00:19:06.737, 1, 0 %, 23923 MiB, 136.45 W, 2370 MHz, 12481 MHz, 36
2026/09/27 00:19:06.987, 0, 17 %, 25683 MiB, 89.46 W, 2370 MHz, 12481 MHz, 35
2026/09/27 00:19:06.987, 1, 0 %, 23923 MiB, 120.97 W, 2370 MHz, 12481 MHz, 36
2026/09/27 00:19:07.237, 0, 0 %, 25683 MiB, 89.52 W, 2370 MHz, 12481 MHz, 35
2026/09/27 00:19:07.237, 1, 0 %, 23923 MiB, 109.58 W, 2370 MHz, 12481 MHz, 36
2026/09/27 00:19:07.487, 0, 0 %, 25683 MiB, 89.48 W, 2370 MHz, 12481 MHz, 35
2026/09/27 00:19:07.488, 1, 0 %, 23923 MiB, 99.94 W, 2362 MHz, 12481 MHz, 35
2026/09/27 00:19:07.738, 0, 1 %, 25715 MiB, 89.49 W, 2370 MHz, 12481 MHz, 35
2026/09/27 00:19:07.738, 1, 0 %, 23923 MiB, 94.93 W, 2362 MHz, 12481 MHz, 35
2026/09/27 00:19:07.988, 0, 0 %, 25715 MiB, 88.46 W, 2370 MHz, 12481 MHz, 35
2026/09/27 00:19:07.988, 1, 0 %, 23923 MiB, 94.80 W, 2362 MHz, 12481 MHz, 35
2026/09/27 00:19:08.238, 0, 1 %, 25747 MiB, 88.46 W, 2370 MHz, 12481 MHz, 35
2026/09/27 00:19:08.238, 1, 0 %, 23923 MiB, 94.73 W, 2362 MHz, 12481 MHz, 35
2026/09/27 00:19:08.488, 0, 0 %, 25747 MiB, 88.47 W, 2370 MHz, 12481 MHz, 35
2026/09/27 00:19:08.488, 1, 0 %, 23923 MiB, 94.75 W, 2362 MHz, 12481 MHz, 35
2026/09/27 00:19:08.738, 0, 0 %, 25779 MiB, 88.48 W, 2370 MHz, 12481 MHz, 35
2026/09/27 00:19:08.738, 1, 0 %, 23923 MiB, 94.74 W, 2362 MHz, 12481 MHz, 35
2026/09/27 00:19:08.988, 0, 1 %, 25811 MiB, 88.46 W, 2370 MHz, 12481 MHz, 35
2026/09/27 00:19:08.988, 1, 0 %, 23923 MiB, 94.67 W, 2362 MHz, 12481 MHz, 35
2026/09/27 00:19:09.238, 0, 0 %, 25811 MiB, 88.49 W, 2370 MHz, 12481 MHz, 35
2026/09/27 00:19:09.238, 1, 0 %, 25651 MiB, 95.28 W, 2362 MHz, 12481 MHz, 35
2026/09/27 00:19:09.488, 0, 0 %, 25811 MiB, 88.56 W, 2370 MHz, 12481 MHz, 35
2026/09/27 00:19:09.488, 1, 14 %, 25651 MiB, 96.13 W, 2362 MHz, 12481 MHz, 35
2026/09/27 00:19:09.739, 0, 0 %, 25811 MiB, 88.54 W, 2370 MHz, 12481 MHz, 35
2026/09/27 00:19:09.739, 1, 0 %, 25651 MiB, 96.09 W, 2362 MHz, 12481 MHz, 35
2026/09/27 00:19:09.989, 0, 0 %, 25811 MiB, 88.51 W, 2370 MHz, 12481 MHz, 35
2026/09/27 00:19:09.989, 1, 0 %, 25683 MiB, 97.91 W, 2370 MHz, 12481 MHz, 36
2026/09/27 00:19:10.239, 0, 0 %, 25811 MiB, 88.42 W, 2370 MHz, 12481 MHz, 35
2026/09/27 00:19:10.239, 1, 0 %, 25683 MiB, 109.41 W, 2370 MHz, 12481 MHz, 37
2026/09/27 00:19:10.489, 0, 0 %, 25811 MiB, 88.33 W, 2370 MHz, 12481 MHz, 35
2026/09/27 00:19:10.489, 1, 0 %, 25683 MiB, 126.48 W, 2377 MHz, 12481 MHz, 38
2026/09/27 00:19:10.739, 0, 0 %, 25811 MiB, 88.34 W, 2370 MHz, 12481 MHz, 35
2026/09/27 00:19:10.739, 1, 0 %, 25715 MiB, 138.64 W, 2377 MHz, 12481 MHz, 38
2026/09/27 00:19:10.989, 0, 0 %, 25811 MiB, 88.36 W, 2370 MHz, 12481 MHz, 35
2026/09/27 00:19:10.989, 1, 0 %, 25715 MiB, 150.79 W, 2377 MHz, 12481 MHz, 36
2026/09/27 00:19:11.239, 0, 0 %, 25811 MiB, 88.38 W, 2370 MHz, 12481 MHz, 35
2026/09/27 00:19:11.239, 1, 1 %, 25747 MiB, 138.83 W, 2377 MHz, 12481 MHz, 36
2026/09/27 00:19:11.489, 0, 0 %, 25811 MiB, 88.41 W, 2370 MHz, 12481 MHz, 35
2026/09/27 00:19:11.489, 1, 0 %, 25779 MiB, 133.27 W, 2377 MHz, 12481 MHz, 38
2026/09/27 00:19:11.739, 0, 6 %, 27539 MiB, 89.24 W, 2370 MHz, 12481 MHz, 35
2026/09/27 00:19:11.740, 1, 0 %, 25779 MiB, 133.35 W, 2377 MHz, 12481 MHz, 38
2026/09/27 00:19:11.990, 0, 14 %, 27571 MiB, 89.47 W, 2370 MHz, 12481 MHz, 35
2026/09/27 00:19:11.990, 1, 0 %, 25779 MiB, 138.19 W, 2377 MHz, 12481 MHz, 38
2026/09/27 00:19:12.240, 0, 0 %, 27571 MiB, 89.52 W, 2370 MHz, 12481 MHz, 35
2026/09/27 00:19:12.240, 1, 0 %, 25779 MiB, 150.20 W, 2377 MHz, 12481 MHz, 38
2026/09/27 00:19:12.490, 0, 0 %, 27571 MiB, 89.46 W, 2370 MHz, 12481 MHz, 35
2026/09/27 00:19:12.490, 1, 0 %, 25779 MiB, 156.66 W, 2377 MHz, 12481 MHz, 38
2026/09/27 00:19:12.740, 0, 1 %, 27603 MiB, 88.62 W, 2370 MHz, 12481 MHz, 35
2026/09/27 00:19:12.740, 1, 0 %, 25779 MiB, 156.65 W, 2377 MHz, 12481 MHz, 38
2026/09/27 00:19:12.990, 0, 0 %, 27603 MiB, 88.39 W, 2370 MHz, 12481 MHz, 35
2026/09/27 00:19:12.990, 1, 0 %, 25779 MiB, 156.63 W, 2377 MHz, 12481 MHz, 38
2026/09/27 00:19:13.240, 0, 1 %, 27635 MiB, 88.39 W, 2370 MHz, 12481 MHz, 35
2026/09/27 00:19:13.240, 1, 0 %, 25779 MiB, 156.66 W, 2377 MHz, 12481 MHz, 38
2026/09/27 00:19:13.490, 0, 0 %, 27635 MiB, 88.42 W, 2370 MHz, 12481 MHz, 35
2026/09/27 00:19:13.490, 1, 0 %, 25779 MiB, 156.69 W, 2377 MHz, 12481 MHz, 38
2026/09/27 00:19:13.740, 0, 0 %, 27635 MiB, 88.41 W, 2370 MHz, 12481 MHz, 35
2026/09/27 00:19:13.740, 1, 0 %, 25779 MiB, 156.65 W, 2377 MHz, 12481 MHz, 38
2026/09/27 00:19:13.991, 0, 1 %, 27667 MiB, 88.49 W, 2370 MHz, 12481 MHz, 35
2026/09/27 00:19:13.991, 1, 0 %, 25779 MiB, 152.15 W, 2377 MHz, 12481 MHz, 37
2026/09/27 00:19:14.241, 0, 0 %, 27699 MiB, 88.57 W, 2370 MHz, 12481 MHz, 35
2026/09/27 00:19:14.241, 1, 0 %, 27507 MiB, 139.92 W, 2377 MHz, 12481 MHz, 36
2026/09/27 00:19:14.491, 0, 0 %, 27699 MiB, 88.58 W, 2370 MHz, 12481 MHz, 35
2026/09/27 00:19:14.491, 1, 17 %, 27539 MiB, 126.46 W, 2370 MHz, 12481 MHz, 37
2026/09/27 00:19:14.741, 0, 0 %, 27699 MiB, 88.60 W, 2370 MHz, 12481 MHz, 35
2026/09/27 00:19:14.741, 1, 0 %, 27539 MiB, 126.99 W, 2370 MHz, 12481 MHz, 38
2026/09/27 00:19:14.991, 0, 0 %, 27699 MiB, 88.53 W, 2370 MHz, 12481 MHz, 35
2026/09/27 00:19:14.991, 1, 0 %, 27539 MiB, 118.62 W, 2370 MHz, 12481 MHz, 36
2026/09/27 00:19:15.241, 0, 0 %, 27699 MiB, 88.46 W, 2370 MHz, 12481 MHz, 35
2026/09/27 00:19:15.241, 1, 0 %, 27571 MiB, 118.50 W, 2370 MHz, 12481 MHz, 36
2026/09/27 00:19:15.491, 0, 0 %, 27699 MiB, 88.39 W, 2370 MHz, 12481 MHz, 35
2026/09/27 00:19:15.491, 1, 0 %, 27571 MiB, 125.78 W, 2377 MHz, 12481 MHz, 36
2026/09/27 00:19:15.741, 0, 0 %, 27699 MiB, 88.33 W, 2370 MHz, 12481 MHz, 35
2026/09/27 00:19:15.741, 1, 0 %, 27571 MiB, 112.94 W, 2377 MHz, 12481 MHz, 36
2026/09/27 00:19:15.992, 0, 0 %, 27699 MiB, 88.35 W, 2370 MHz, 12481 MHz, 35
2026/09/27 00:19:15.992, 1, 0 %, 27603 MiB, 106.35 W, 2362 MHz, 12481 MHz, 36
2026/09/27 00:19:16.242, 0, 0 %, 27699 MiB, 88.31 W, 2370 MHz, 12481 MHz, 35
2026/09/27 00:19:16.242, 1, 0 %, 27603 MiB, 106.27 W, 2362 MHz, 12481 MHz, 36
2026/09/27 00:19:16.492, 0, 0 %, 27699 MiB, 88.34 W, 2370 MHz, 12481 MHz, 35
2026/09/27 00:19:16.492, 1, 0 %, 27635 MiB, 94.95 W, 2370 MHz, 12481 MHz, 36
2026/09/27 00:19:16.742, 0, 0 %, 27699 MiB, 88.34 W, 2370 MHz, 12481 MHz, 35
2026/09/27 00:19:16.742, 1, 0 %, 27667 MiB, 95.00 W, 2370 MHz, 12481 MHz, 36
2026/09/27 00:19:16.992, 0, 0 %, 29427 MiB, 89.04 W, 2370 MHz, 12481 MHz, 35
2026/09/27 00:19:16.992, 1, 0 %, 27667 MiB, 109.73 W, 2377 MHz, 12481 MHz, 37
2026/09/27 00:19:17.242, 0, 0 %, 29459 MiB, 89.52 W, 2370 MHz, 12481 MHz, 35
2026/09/27 00:19:17.242, 1, 0 %, 27667 MiB, 109.84 W, 2377 MHz, 12481 MHz, 36
2026/09/27 00:19:17.492, 0, 0 %, 29459 MiB, 89.52 W, 2370 MHz, 12481 MHz, 35
2026/09/27 00:19:17.492, 1, 0 %, 27667 MiB, 109.88 W, 2370 MHz, 12481 MHz, 36
2026/09/27 00:19:17.742, 0, 0 %, 29491 MiB, 89.58 W, 2370 MHz, 12481 MHz, 35
2026/09/27 00:19:17.742, 1, 0 %, 27667 MiB, 109.73 W, 2370 MHz, 12481 MHz, 36
2026/09/27 00:19:17.992, 0, 0 %, 29491 MiB, 88.88 W, 2370 MHz, 12481 MHz, 35
2026/09/27 00:19:17.993, 1, 0 %, 27667 MiB, 94.86 W, 2370 MHz, 12481 MHz, 36
2026/09/27 00:19:18.243, 0, 0 %, 29491 MiB, 88.37 W, 2370 MHz, 12481 MHz, 35
2026/09/27 00:19:18.243, 1, 0 %, 27667 MiB, 94.74 W, 2370 MHz, 12481 MHz, 36
2026/09/27 00:19:18.493, 0, 0 %, 29523 MiB, 88.66 W, 2370 MHz, 12481 MHz, 35
2026/09/27 00:19:18.545, 1, 0 %, 27667 MiB, 94.91 W, 2362 MHz, 12481 MHz, 36
2026/09/27 00:19:18.799, 0, 0 %, 29523 MiB, 88.75 W, 2370 MHz, 12481 MHz, 35
2026/09/27 00:19:18.799, 1, 0 %, 27667 MiB, 95.04 W, 2362 MHz, 12481 MHz, 35
2026/09/27 00:19:19.049, 0, 1 %, 29555 MiB, 88.74 W, 2370 MHz, 12481 MHz, 35
2026/09/27 00:19:19.049, 1, 0 %, 27667 MiB, 95.06 W, 2370 MHz, 12481 MHz, 35
2026/09/27 00:19:19.299, 0, 0 %, 29555 MiB, 88.78 W, 2370 MHz, 12481 MHz, 35
2026/09/27 00:19:19.299, 1, 0 %, 27667 MiB, 95.04 W, 2362 MHz, 12481 MHz, 35
2026/09/27 00:19:19.549, 0, 0 %, 29587 MiB, 88.58 W, 2370 MHz, 12481 MHz, 35
2026/09/27 00:19:19.549, 1, 2 %, 29427 MiB, 96.02 W, 2362 MHz, 12481 MHz, 36
2026/09/27 00:19:19.799, 0, 0 %, 29587 MiB, 88.41 W, 2370 MHz, 12481 MHz, 35
2026/09/27 00:19:19.799, 1, 0 %, 29427 MiB, 97.81 W, 2362 MHz, 12481 MHz, 36
2026/09/27 00:19:20.050, 0, 0 %, 29587 MiB, 88.43 W, 2370 MHz, 12481 MHz, 35
2026/09/27 00:19:20.050, 1, 0 %, 29427 MiB, 97.90 W, 2362 MHz, 12481 MHz, 35
2026/09/27 00:19:20.300, 0, 0 %, 29587 MiB, 88.41 W, 2370 MHz, 12481 MHz, 35
2026/09/27 00:19:20.300, 1, 1 %, 29459 MiB, 97.89 W, 2362 MHz, 12481 MHz, 35
2026/09/27 00:19:20.550, 0, 0 %, 29587 MiB, 88.38 W, 2370 MHz, 12481 MHz, 35
2026/09/27 00:19:20.550, 1, 0 %, 29459 MiB, 96.77 W, 2362 MHz, 12481 MHz, 35
2026/09/27 00:19:20.800, 0, 0 %, 29587 MiB, 88.34 W, 2370 MHz, 12481 MHz, 35
2026/09/27 00:19:20.800, 1, 0 %, 29491 MiB, 94.68 W, 2370 MHz, 12481 MHz, 35
2026/09/27 00:19:21.050, 0, 0 %, 29587 MiB, 88.34 W, 2370 MHz, 12481 MHz, 35
2026/09/27 00:19:21.050, 1, 0 %, 29491 MiB, 94.65 W, 2362 MHz, 12481 MHz, 35
2026/09/27 00:19:21.300, 0, 0 %, 29587 MiB, 88.33 W, 2370 MHz, 12481 MHz, 35
2026/09/27 00:19:21.300, 1, 0 %, 29491 MiB, 94.61 W, 2362 MHz, 12481 MHz, 35
2026/09/27 00:19:21.550, 0, 0 %, 29587 MiB, 88.34 W, 2370 MHz, 12481 MHz, 35
2026/09/27 00:19:21.550, 1, 1 %, 29523 MiB, 94.66 W, 2362 MHz, 12481 MHz, 35
2026/09/27 00:19:21.800, 0, 0 %, 31315 MiB, 88.36 W, 2370 MHz, 12481 MHz, 35
2026/09/27 00:19:21.800, 1, 0 %, 29555 MiB, 103.49 W, 2370 MHz, 12481 MHz, 37
2026/09/27 00:19:22.050, 0, 10 %, 31315 MiB, 89.49 W, 2370 MHz, 12481 MHz, 35
2026/09/27 00:19:22.051, 1, 0 %, 29555 MiB, 103.73 W, 2370 MHz, 12481 MHz, 35
2026/09/27 00:19:22.301, 0, 0 %, 31347 MiB, 89.46 W, 2370 MHz, 12481 MHz, 35
2026/09/27 00:19:22.301, 1, 0 %, 29555 MiB, 103.74 W, 2362 MHz, 12481 MHz, 35
2026/09/27 00:19:22.551, 0, 0 %, 31347 MiB, 89.48 W, 2370 MHz, 12481 MHz, 35
2026/09/27 00:19:22.551, 1, 0 %, 29555 MiB, 103.75 W, 2362 MHz, 12481 MHz, 35
2026/09/27 00:19:22.801, 0, 0 %, 31379 MiB, 89.44 W, 2370 MHz, 12481 MHz, 35
2026/09/27 00:19:22.801, 1, 0 %, 29555 MiB, 94.71 W, 2362 MHz, 12481 MHz, 35
2026/09/27 00:19:23.051, 0, 0 %, 31379 MiB, 88.33 W, 2370 MHz, 12481 MHz, 35
2026/09/27 00:19:23.051, 1, 0 %, 29555 MiB, 94.66 W, 2362 MHz, 12481 MHz, 35
2026/09/27 00:19:23.301, 0, 0 %, 31379 MiB, 88.32 W, 2370 MHz, 12481 MHz, 35
2026/09/27 00:19:23.301, 1, 0 %, 29555 MiB, 94.63 W, 2362 MHz, 12481 MHz, 35
2026/09/27 00:19:23.551, 0, 1 %, 31411 MiB, 88.32 W, 2370 MHz, 12481 MHz, 35
2026/09/27 00:19:23.551, 1, 0 %, 29555 MiB, 94.61 W, 2362 MHz, 12481 MHz, 35
2026/09/27 00:19:23.801, 0, 0 %, 31411 MiB, 88.33 W, 2370 MHz, 12481 MHz, 35
2026/09/27 00:19:23.801, 1, 0 %, 29555 MiB, 94.61 W, 2370 MHz, 12481 MHz, 35
2026/09/27 00:19:24.052, 0, 1 %, 31443 MiB, 88.35 W, 2370 MHz, 12481 MHz, 35
2026/09/27 00:19:24.052, 1, 0 %, 29555 MiB, 94.62 W, 2362 MHz, 12481 MHz, 35
2026/09/27 00:19:24.302, 0, 0 %, 31443 MiB, 88.36 W, 2370 MHz, 12481 MHz, 35
2026/09/27 00:19:24.302, 1, 0 %, 29555 MiB, 94.65 W, 2362 MHz, 12481 MHz, 35
2026/09/27 00:19:24.552, 0, 0 %, 31475 MiB, 88.40 W, 2370 MHz, 12481 MHz, 35
2026/09/27 00:19:24.552, 1, 0 %, 31283 MiB, 95.57 W, 2362 MHz, 12481 MHz, 35
2026/09/27 00:19:24.802, 0, 0 %, 31475 MiB, 88.43 W, 2370 MHz, 12481 MHz, 35
2026/09/27 00:19:24.802, 1, 0 %, 31315 MiB, 96.10 W, 2362 MHz, 12481 MHz, 35
2026/09/27 00:19:25.052, 0, 0 %, 31475 MiB, 88.42 W, 2370 MHz, 12481 MHz, 35
2026/09/27 00:19:25.052, 1, 0 %, 31315 MiB, 96.12 W, 2362 MHz, 12481 MHz, 35
2026/09/27 00:19:25.302, 0, 0 %, 31475 MiB, 88.42 W, 2370 MHz, 12481 MHz, 35
2026/09/27 00:19:25.302, 1, 0 %, 31315 MiB, 96.09 W, 2362 MHz, 12481 MHz, 35
2026/09/27 00:19:25.552, 0, 0 %, 31475 MiB, 88.37 W, 2370 MHz, 12481 MHz, 35
2026/09/27 00:19:25.552, 1, 0 %, 31347 MiB, 97.16 W, 2370 MHz, 12481 MHz, 36
2026/09/27 00:19:25.802, 0, 0 %, 31475 MiB, 88.32 W, 2370 MHz, 12481 MHz, 35
2026/09/27 00:19:25.802, 1, 0 %, 31347 MiB, 96.67 W, 2362 MHz, 12481 MHz, 35
2026/09/27 00:19:26.053, 0, 0 %, 31475 MiB, 88.32 W, 2370 MHz, 12481 MHz, 35
2026/09/27 00:19:26.053, 1, 0 %, 31379 MiB, 96.58 W, 2362 MHz, 12481 MHz, 35
2026/09/27 00:19:26.303, 0, 0 %, 31475 MiB, 88.29 W, 2370 MHz, 12481 MHz, 35
2026/09/27 00:19:26.303, 1, 0 %, 31379 MiB, 96.64 W, 2362 MHz, 12481 MHz, 35
2026/09/27 00:19:26.553, 0, 0 %, 31475 MiB, 88.30 W, 2370 MHz, 12481 MHz, 35
2026/09/27 00:19:26.553, 1, 0 %, 31379 MiB, 94.62 W, 2362 MHz, 12481 MHz, 35
2026/09/27 00:19:26.803, 0, 0 %, 31475 MiB, 88.30 W, 2370 MHz, 12481 MHz, 35
2026/09/27 00:19:26.803, 1, 0 %, 31411 MiB, 94.60 W, 2362 MHz, 12481 MHz, 35
2026/09/27 00:19:27.053, 0, 0 %, 33203 MiB, 88.61 W, 2370 MHz, 12481 MHz, 35
2026/09/27 00:19:27.053, 1, 0 %, 31443 MiB, 94.52 W, 2362 MHz, 12481 MHz, 35
2026/09/27 00:19:27.303, 0, 20 %, 33203 MiB, 89.62 W, 2370 MHz, 12481 MHz, 35
2026/09/27 00:19:27.303, 1, 0 %, 31443 MiB, 94.87 W, 2370 MHz, 12481 MHz, 35
2026/09/27 00:19:27.553, 0, 0 %, 33203 MiB, 89.60 W, 2370 MHz, 12481 MHz, 35
2026/09/27 00:19:27.553, 1, 0 %, 31443 MiB, 94.90 W, 2362 MHz, 12481 MHz, 35
2026/09/27 00:19:27.803, 0, 0 %, 33203 MiB, 89.57 W, 2370 MHz, 12481 MHz, 35
2026/09/27 00:19:27.804, 1, 0 %, 31443 MiB, 94.83 W, 2362 MHz, 12481 MHz, 35
2026/09/27 00:19:28.054, 0, 0 %, 33235 MiB, 89.60 W, 2370 MHz, 12481 MHz, 35
2026/09/27 00:19:28.054, 1, 0 %, 31443 MiB, 94.86 W, 2362 MHz, 12481 MHz, 35
2026/09/27 00:19:28.304, 0, 0 %, 33235 MiB, 88.42 W, 2370 MHz, 12481 MHz, 35
2026/09/27 00:19:28.304, 1, 0 %, 31443 MiB, 94.46 W, 2362 MHz, 12481 MHz, 35
2026/09/27 00:19:28.554, 0, 0 %, 33267 MiB, 88.38 W, 2370 MHz, 12481 MHz, 35
2026/09/27 00:19:28.554, 1, 0 %, 31443 MiB, 94.46 W, 2362 MHz, 12481 MHz, 35
2026/09/27 00:19:28.804, 0, 0 %, 33267 MiB, 88.41 W, 2370 MHz, 12481 MHz, 35
2026/09/27 00:19:28.804, 1, 0 %, 31443 MiB, 94.42 W, 2362 MHz, 12481 MHz, 35
2026/09/27 00:19:29.054, 0, 0 %, 33299 MiB, 88.36 W, 2370 MHz, 12481 MHz, 35
2026/09/27 00:19:29.054, 1, 0 %, 31443 MiB, 94.45 W, 2362 MHz, 12481 MHz, 35
2026/09/27 00:19:29.304, 0, 0 %, 33299 MiB, 88.30 W, 2370 MHz, 12481 MHz, 35
2026/09/27 00:19:29.304, 1, 0 %, 31443 MiB, 94.48 W, 2362 MHz, 12481 MHz, 35
2026/09/27 00:19:29.554, 0, 0 %, 33331 MiB, 88.38 W, 2370 MHz, 12481 MHz, 35
2026/09/27 00:19:29.554, 1, 0 %, 33171 MiB, 94.67 W, 2362 MHz, 12481 MHz, 35
2026/09/27 00:19:29.804, 0, 0 %, 33331 MiB, 88.41 W, 2370 MHz, 12481 MHz, 35
2026/09/27 00:19:29.804, 1, 9 %, 33171 MiB, 95.70 W, 2362 MHz, 12481 MHz, 35
2026/09/27 00:19:30.055, 0, 0 %, 33331 MiB, 88.41 W, 2370 MHz, 12481 MHz, 35
2026/09/27 00:19:30.055, 1, 0 %, 33171 MiB, 95.69 W, 2362 MHz, 12481 MHz, 35
2026/09/27 00:19:30.305, 0, 0 %, 33331 MiB, 88.45 W, 2370 MHz, 12481 MHz, 35
2026/09/27 00:19:30.305, 1, 0 %, 33171 MiB, 95.64 W, 2362 MHz, 12481 MHz, 35
2026/09/27 00:19:30.555, 0, 0 %, 33331 MiB, 88.36 W, 2370 MHz, 12481 MHz, 35
2026/09/27 00:19:30.555, 1, 1 %, 33203 MiB, 96.59 W, 2362 MHz, 12481 MHz, 35
2026/09/27 00:19:30.805, 0, 0 %, 33331 MiB, 88.31 W, 2370 MHz, 12481 MHz, 35
2026/09/27 00:19:30.805, 1, 0 %, 33203 MiB, 95.55 W, 2362 MHz, 12481 MHz, 35
2026/09/27 00:19:31.055, 0, 0 %, 33331 MiB, 88.34 W, 2370 MHz, 12481 MHz, 35
2026/09/27 00:19:31.055, 1, 0 %, 33235 MiB, 95.62 W, 2362 MHz, 12481 MHz, 35
2026/09/27 00:19:31.305, 0, 0 %, 33331 MiB, 88.29 W, 2370 MHz, 12481 MHz, 35
2026/09/27 00:19:31.305, 1, 0 %, 33235 MiB, 95.57 W, 2362 MHz, 12481 MHz, 35
2026/09/27 00:19:31.555, 0, 0 %, 33331 MiB, 88.32 W, 2370 MHz, 12481 MHz, 35
2026/09/27 00:19:31.555, 1, 0 %, 33267 MiB, 94.43 W, 2362 MHz, 12481 MHz, 35
2026/09/27 00:19:31.805, 0, 0 %, 33331 MiB, 88.33 W, 2370 MHz, 12481 MHz, 35
2026/09/27 00:19:31.805, 1, 0 %, 33299 MiB, 94.52 W, 2362 MHz, 12481 MHz, 35
2026/09/27 00:19:32.055, 0, 7 %, 35059 MiB, 88.78 W, 2370 MHz, 12481 MHz, 35
2026/09/27 00:19:32.055, 1, 0 %, 33299 MiB, 94.75 W, 2362 MHz, 12481 MHz, 35
2026/09/27 00:19:32.306, 0, 6 %, 35091 MiB, 89.32 W, 2370 MHz, 12481 MHz, 35
2026/09/27 00:19:32.306, 1, 0 %, 33299 MiB, 94.84 W, 2362 MHz, 12481 MHz, 35
2026/09/27 00:19:32.556, 0, 0 %, 35091 MiB, 89.51 W, 2370 MHz, 12481 MHz, 35
2026/09/27 00:19:32.556, 1, 0 %, 33299 MiB, 95.01 W, 2362 MHz, 12481 MHz, 35
2026/09/27 00:19:32.806, 0, 0 %, 35091 MiB, 89.57 W, 2370 MHz, 12481 MHz, 35
2026/09/27 00:19:32.806, 1, 0 %, 33299 MiB, 95.01 W, 2362 MHz, 12481 MHz, 35
2026/09/27 00:19:33.056, 0, 1 %, 35123 MiB, 89.27 W, 2370 MHz, 12481 MHz, 35
2026/09/27 00:19:33.056, 1, 0 %, 33299 MiB, 94.69 W, 2362 MHz, 12481 MHz, 35
2026/09/27 00:19:33.306, 0, 0 %, 35123 MiB, 88.62 W, 2370 MHz, 12481 MHz, 35
2026/09/27 00:19:33.307, 1, 0 %, 33299 MiB, 94.69 W, 2362 MHz, 12481 MHz, 35
2026/09/27 00:19:33.557, 0, 0 %, 35155 MiB, 88.43 W, 2370 MHz, 12481 MHz, 35
2026/09/27 00:19:33.557, 1, 0 %, 33299 MiB, 94.53 W, 2362 MHz, 12481 MHz, 35
2026/09/27 00:19:33.807, 0, 1 %, 35155 MiB, 88.38 W, 2370 MHz, 12481 MHz, 35
2026/09/27 00:19:33.807, 1, 0 %, 33299 MiB, 94.40 W, 2362 MHz, 12481 MHz, 35
2026/09/27 00:19:34.057, 0, 0 %, 35155 MiB, 88.36 W, 2370 MHz, 12481 MHz, 35
2026/09/27 00:19:34.057, 1, 0 %, 33299 MiB, 94.42 W, 2362 MHz, 12481 MHz, 35
2026/09/27 00:19:34.307, 0, 1 %, 35187 MiB, 88.34 W, 2370 MHz, 12481 MHz, 35
2026/09/27 00:19:34.307, 1, 0 %, 33299 MiB, 94.40 W, 2362 MHz, 12481 MHz, 35
2026/09/27 00:19:34.557, 0, 0 %, 35219 MiB, 88.43 W, 2370 MHz, 12481 MHz, 35
2026/09/27 00:19:34.557, 1, 0 %, 35027 MiB, 94.39 W, 2362 MHz, 12481 MHz, 35
2026/09/27 00:19:34.807, 0, 0 %, 35219 MiB, 88.46 W, 2370 MHz, 12481 MHz, 35
2026/09/27 00:19:34.807, 1, 13 %, 35059 MiB, 101.15 W, 2362 MHz, 12481 MHz, 36
2026/09/27 00:19:35.057, 0, 0 %, 35219 MiB, 88.46 W, 2370 MHz, 12481 MHz, 35
2026/09/27 00:19:35.057, 1, 0 %, 35059 MiB, 111.44 W, 2377 MHz, 12481 MHz, 37
2026/09/27 00:19:35.307, 0, 0 %, 35219 MiB, 88.46 W, 2370 MHz, 12481 MHz, 35
2026/09/27 00:19:35.307, 1, 0 %, 35059 MiB, 111.55 W, 2362 MHz, 12481 MHz, 35
2026/09/27 00:19:35.558, 0, 0 %, 35219 MiB, 88.37 W, 2370 MHz, 12481 MHz, 35
2026/09/27 00:19:35.558, 1, 0 %, 35091 MiB, 111.62 W, 2362 MHz, 12481 MHz, 35
2026/09/27 00:19:35.808, 0, 0 %, 35219 MiB, 88.33 W, 2370 MHz, 12481 MHz, 35
2026/09/27 00:19:35.808, 1, 0 %, 35091 MiB, 105.90 W, 2362 MHz, 12481 MHz, 35
2026/09/27 00:19:36.058, 0, 0 %, 35219 MiB, 88.30 W, 2370 MHz, 12481 MHz, 35
2026/09/27 00:19:36.058, 1, 0 %, 35091 MiB, 94.69 W, 2362 MHz, 12481 MHz, 35
2026/09/27 00:19:36.308, 0, 0 %, 35219 MiB, 88.29 W, 2370 MHz, 12481 MHz, 35
2026/09/27 00:19:36.308, 1, 1 %, 35123 MiB, 94.49 W, 2362 MHz, 12481 MHz, 35
2026/09/27 00:19:36.558, 0, 0 %, 35219 MiB, 88.38 W, 2370 MHz, 12481 MHz, 35
2026/09/27 00:19:36.558, 1, 0 %, 35123 MiB, 94.46 W, 2362 MHz, 12481 MHz, 35
2026/09/27 00:19:36.808, 0, 0 %, 35219 MiB, 88.42 W, 2370 MHz, 12481 MHz, 35
2026/09/27 00:19:36.808, 1, 1 %, 35155 MiB, 94.51 W, 2362 MHz, 12481 MHz, 35
2026/09/27 00:19:37.058, 0, 0 %, 35219 MiB, 88.44 W, 2370 MHz, 12481 MHz, 35
2026/09/27 00:19:37.058, 1, 0 %, 35187 MiB, 94.56 W, 2362 MHz, 12481 MHz, 35
2026/09/27 00:19:37.308, 0, 20 %, 36947 MiB, 89.27 W, 2370 MHz, 12481 MHz, 35
2026/09/27 00:19:37.308, 1, 0 %, 35187 MiB, 94.90 W, 2362 MHz, 12481 MHz, 35
2026/09/27 00:19:37.558, 0, 0 %, 36979 MiB, 89.44 W, 2370 MHz, 12481 MHz, 35
2026/09/27 00:19:37.559, 1, 0 %, 35187 MiB, 94.94 W, 2362 MHz, 12481 MHz, 35
2026/09/27 00:19:37.809, 0, 0 %, 36979 MiB, 89.38 W, 2370 MHz, 12481 MHz, 35
2026/09/27 00:19:37.809, 1, 0 %, 35187 MiB, 94.87 W, 2362 MHz, 12481 MHz, 35
2026/09/27 00:19:38.059, 0, 1 %, 37011 MiB, 89.46 W, 2370 MHz, 12481 MHz, 35
2026/09/27 00:19:38.059, 1, 0 %, 35187 MiB, 94.79 W, 2362 MHz, 12481 MHz, 35
2026/09/27 00:19:38.309, 0, 0 %, 37011 MiB, 88.62 W, 2370 MHz, 12481 MHz, 35
2026/09/27 00:19:38.309, 1, 0 %, 35187 MiB, 94.42 W, 2362 MHz, 12481 MHz, 35
2026/09/27 00:19:38.559, 0, 0 %, 37043 MiB, 88.47 W, 2370 MHz, 12481 MHz, 35
2026/09/27 00:19:38.559, 1, 0 %, 35187 MiB, 94.42 W, 2362 MHz, 12481 MHz, 35
2026/09/27 00:19:38.809, 0, 1 %, 37043 MiB, 88.47 W, 2370 MHz, 12481 MHz, 35
2026/09/27 00:19:38.809, 1, 0 %, 35187 MiB, 94.40 W, 2362 MHz, 12481 MHz, 35
2026/09/27 00:19:39.059, 0, 0 %, 37043 MiB, 88.41 W, 2370 MHz, 12481 MHz, 35
2026/09/27 00:19:39.059, 1, 0 %, 35187 MiB, 94.43 W, 2362 MHz, 12481 MHz, 35
2026/09/27 00:19:39.309, 0, 0 %, 37075 MiB, 88.38 W, 2370 MHz, 12481 MHz, 35
2026/09/27 00:19:39.309, 1, 0 %, 35187 MiB, 94.47 W, 2362 MHz, 12481 MHz, 35
2026/09/27 00:19:39.559, 0, 0 %, 37075 MiB, 88.38 W, 2370 MHz, 12481 MHz, 35
2026/09/27 00:19:39.559, 1, 0 %, 36915 MiB, 94.45 W, 2362 MHz, 12481 MHz, 35
2026/09/27 00:19:39.810, 0, 0 %, 37075 MiB, 88.38 W, 2370 MHz, 12481 MHz, 35
2026/09/27 00:19:39.810, 1, 8 %, 36947 MiB, 95.74 W, 2362 MHz, 12481 MHz, 35
2026/09/27 00:19:40.060, 0, 0 %, 37075 MiB, 88.41 W, 2370 MHz, 12481 MHz, 35
2026/09/27 00:19:40.060, 1, 0 %, 36947 MiB, 95.72 W, 2362 MHz, 12481 MHz, 35
2026/09/27 00:19:40.310, 0, 0 %, 37075 MiB, 88.45 W, 2370 MHz, 12481 MHz, 35
2026/09/27 00:19:40.310, 1, 0 %, 36979 MiB, 95.69 W, 2362 MHz, 12481 MHz, 35
2026/09/27 00:19:40.560, 0, 0 %, 37075 MiB, 88.46 W, 2370 MHz, 12481 MHz, 35
2026/09/27 00:19:40.560, 1, 1 %, 36979 MiB, 95.67 W, 2362 MHz, 12481 MHz, 35
2026/09/27 00:19:40.810, 0, 0 %, 37075 MiB, 88.41 W, 2370 MHz, 12481 MHz, 35
2026/09/27 00:19:40.810, 1, 0 %, 36979 MiB, 94.43 W, 2362 MHz, 12481 MHz, 35
2026/09/27 00:19:41.060, 0, 0 %, 37075 MiB, 88.39 W, 2370 MHz, 12481 MHz, 35
2026/09/27 00:19:41.060, 1, 1 %, 37011 MiB, 98.84 W, 2370 MHz, 12481 MHz, 36
2026/09/27 00:19:41.310, 0, 0 %, 37075 MiB, 88.39 W, 2370 MHz, 12481 MHz, 35
2026/09/27 00:19:41.310, 1, 0 %, 37011 MiB, 105.58 W, 2370 MHz, 12481 MHz, 35
2026/09/27 00:19:41.560, 0, 0 %, 37075 MiB, 88.40 W, 2370 MHz, 12481 MHz, 35
2026/09/27 00:19:41.560, 1, 0 %, 37043 MiB, 105.84 W, 2362 MHz, 12481 MHz, 35
2026/09/27 00:19:41.810, 0, 0 %, 37075 MiB, 88.44 W, 2370 MHz, 12481 MHz, 35
2026/09/27 00:19:41.810, 1, 0 %, 37043 MiB, 106.69 W, 2362 MHz, 12481 MHz, 35
2026/09/27 00:19:42.061, 0, 13 %, 38835 MiB, 89.12 W, 2370 MHz, 12481 MHz, 35
2026/09/27 00:19:42.061, 1, 0 %, 37043 MiB, 115.40 W, 2377 MHz, 12481 MHz, 37
2026/09/27 00:19:42.311, 0, 2 %, 38867 MiB, 89.52 W, 2370 MHz, 12481 MHz, 35
2026/09/27 00:19:42.311, 1, 0 %, 37043 MiB, 119.16 W, 2377 MHz, 12481 MHz, 36
2026/09/27 00:19:42.561, 0, 0 %, 38867 MiB, 89.54 W, 2370 MHz, 12481 MHz, 35
2026/09/27 00:19:42.561, 1, 0 %, 37043 MiB, 119.21 W, 2362 MHz, 12481 MHz, 35
2026/09/27 00:19:42.811, 0, 0 %, 38867 MiB, 89.48 W, 2370 MHz, 12481 MHz, 35
2026/09/27 00:19:42.811, 1, 0 %, 37043 MiB, 118.60 W, 2362 MHz, 12481 MHz, 35
2026/09/27 00:19:43.061, 0, 0 %, 38899 MiB, 88.86 W, 2370 MHz, 12481 MHz, 35
2026/09/27 00:19:43.061, 1, 0 %, 37043 MiB, 107.05 W, 2362 MHz, 12481 MHz, 35
2026/09/27 00:19:43.311, 0, 0 %, 38899 MiB, 88.41 W, 2370 MHz, 12481 MHz, 35
2026/09/27 00:19:43.311, 1, 0 %, 37043 MiB, 94.51 W, 2362 MHz, 12481 MHz, 35
2026/09/27 00:19:43.561, 0, 0 %, 38931 MiB, 88.42 W, 2370 MHz, 12481 MHz, 35
2026/09/27 00:19:43.561, 1, 0 %, 37043 MiB, 94.44 W, 2362 MHz, 12481 MHz, 35
2026/09/27 00:19:43.811, 0, 1 %, 38931 MiB, 88.43 W, 2370 MHz, 12481 MHz, 35
2026/09/27 00:19:43.811, 1, 0 %, 37043 MiB, 94.43 W, 2362 MHz, 12481 MHz, 35
2026/09/27 00:19:44.061, 0, 0 %, 38931 MiB, 88.44 W, 2370 MHz, 12481 MHz, 35
2026/09/27 00:19:44.062, 1, 0 %, 37043 MiB, 94.43 W, 2362 MHz, 12481 MHz, 35
2026/09/27 00:19:44.312, 0, 0 %, 38963 MiB, 88.48 W, 2370 MHz, 12481 MHz, 35
2026/09/27 00:19:44.312, 1, 0 %, 37043 MiB, 94.41 W, 2362 MHz, 12481 MHz, 35
2026/09/27 00:19:44.562, 0, 0 %, 38995 MiB, 88.48 W, 2370 MHz, 12481 MHz, 35
2026/09/27 00:19:44.562, 1, 0 %, 38803 MiB, 94.40 W, 2362 MHz, 12481 MHz, 35
2026/09/27 00:19:44.812, 0, 0 %, 38995 MiB, 88.45 W, 2370 MHz, 12481 MHz, 35
2026/09/27 00:19:44.812, 1, 10 %, 38803 MiB, 101.25 W, 2362 MHz, 12481 MHz, 36
2026/09/27 00:19:45.062, 0, 0 %, 38995 MiB, 88.43 W, 2370 MHz, 12481 MHz, 35
2026/09/27 00:19:45.062, 1, 0 %, 38835 MiB, 104.58 W, 2370 MHz, 12481 MHz, 35
2026/09/27 00:19:45.312, 0, 0 %, 38995 MiB, 88.41 W, 2370 MHz, 12481 MHz, 35
2026/09/27 00:19:45.312, 1, 0 %, 38835 MiB, 104.41 W, 2362 MHz, 12481 MHz, 35
2026/09/27 00:19:45.562, 0, 0 %, 38995 MiB, 88.46 W, 2370 MHz, 12481 MHz, 35
2026/09/27 00:19:45.562, 1, 0 %, 38867 MiB, 104.86 W, 2362 MHz, 12481 MHz, 35
2026/09/27 00:19:45.812, 0, 0 %, 38995 MiB, 88.45 W, 2370 MHz, 12481 MHz, 35
2026/09/27 00:19:45.812, 1, 0 %, 38867 MiB, 100.91 W, 2362 MHz, 12481 MHz, 35
2026/09/27 00:19:46.062, 0, 0 %, 38995 MiB, 88.44 W, 2370 MHz, 12481 MHz, 35
2026/09/27 00:19:46.062, 1, 0 %, 38867 MiB, 96.50 W, 2362 MHz, 12481 MHz, 35
2026/09/27 00:19:46.312, 0, 0 %, 38995 MiB, 88.41 W, 2370 MHz, 12481 MHz, 35
2026/09/27 00:19:46.313, 1, 1 %, 38899 MiB, 107.92 W, 2370 MHz, 12481 MHz, 37
2026/09/27 00:19:46.563, 0, 0 %, 38995 MiB, 88.36 W, 2370 MHz, 12481 MHz, 35
2026/09/27 00:19:46.563, 1, 0 %, 38899 MiB, 112.54 W, 2370 MHz, 12481 MHz, 35
2026/09/27 00:19:46.813, 0, 0 %, 38995 MiB, 88.38 W, 2370 MHz, 12481 MHz, 35
2026/09/27 00:19:46.813, 1, 1 %, 38931 MiB, 111.10 W, 2362 MHz, 12481 MHz, 35
2026/09/27 00:19:47.063, 0, 0 %, 38995 MiB, 88.38 W, 2370 MHz, 12481 MHz, 35
2026/09/27 00:19:47.063, 1, 0 %, 38931 MiB, 121.25 W, 2377 MHz, 12481 MHz, 37
2026/09/27 00:19:47.313, 0, 15 %, 40723 MiB, 89.29 W, 2370 MHz, 12481 MHz, 35
2026/09/27 00:19:47.313, 1, 0 %, 38963 MiB, 110.00 W, 2362 MHz, 12481 MHz, 35
2026/09/27 00:19:47.563, 0, 2 %, 40723 MiB, 89.71 W, 2370 MHz, 12481 MHz, 35
2026/09/27 00:19:47.563, 1, 0 %, 38963 MiB, 104.98 W, 2362 MHz, 12481 MHz, 35
2026/09/27 00:19:47.813, 0, 0 %, 40723 MiB, 89.67 W, 2370 MHz, 12481 MHz, 35
2026/09/27 00:19:47.813, 1, 0 %, 38963 MiB, 104.93 W, 2362 MHz, 12481 MHz, 35
2026/09/27 00:19:48.063, 0, 1 %, 40755 MiB, 89.68 W, 2370 MHz, 12481 MHz, 35
2026/09/27 00:19:48.063, 1, 0 %, 38963 MiB, 96.19 W, 2362 MHz, 12481 MHz, 35
2026/09/27 00:19:48.313, 0, 0 %, 40755 MiB, 88.76 W, 2370 MHz, 12481 MHz, 35
2026/09/27 00:19:48.313, 1, 0 %, 38963 MiB, 94.54 W, 2362 MHz, 12481 MHz, 35
2026/09/27 00:19:48.564, 0, 0 %, 40787 MiB, 88.37 W, 2370 MHz, 12481 MHz, 35
2026/09/27 00:19:48.564, 1, 0 %, 38963 MiB, 94.52 W, 2362 MHz, 12481 MHz, 35
2026/09/27 00:19:48.814, 0, 1 %, 40787 MiB, 88.39 W, 2370 MHz, 12481 MHz, 35
2026/09/27 00:19:48.814, 1, 0 %, 38963 MiB, 94.46 W, 2362 MHz, 12481 MHz, 35
2026/09/27 00:19:49.064, 0, 0 %, 40787 MiB, 88.35 W, 2370 MHz, 12481 MHz, 35
2026/09/27 00:19:49.064, 1, 0 %, 38963 MiB, 94.45 W, 2362 MHz, 12481 MHz, 35
2026/09/27 00:19:49.314, 0, 1 %, 40819 MiB, 88.37 W, 2370 MHz, 12481 MHz, 35
2026/09/27 00:19:49.314, 1, 0 %, 38963 MiB, 94.44 W, 2362 MHz, 12481 MHz, 35
2026/09/27 00:19:49.564, 0, 0 %, 40851 MiB, 88.38 W, 2370 MHz, 12481 MHz, 35
2026/09/27 00:19:49.564, 1, 0 %, 40691 MiB, 94.44 W, 2362 MHz, 12481 MHz, 35
2026/09/27 00:19:49.814, 0, 0 %, 40851 MiB, 88.36 W, 2370 MHz, 12481 MHz, 35
2026/09/27 00:19:49.814, 1, 18 %, 40691 MiB, 95.55 W, 2362 MHz, 12481 MHz, 35
2026/09/27 00:19:50.064, 0, 0 %, 40851 MiB, 88.42 W, 2370 MHz, 12481 MHz, 35
2026/09/27 00:19:50.064, 1, 0 %, 40691 MiB, 95.57 W, 2362 MHz, 12481 MHz, 35
2026/09/27 00:19:50.314, 0, 0 %, 40851 MiB, 88.41 W, 2370 MHz, 12481 MHz, 35
2026/09/27 00:19:50.314, 1, 0 %, 40691 MiB, 95.62 W, 2362 MHz, 12481 MHz, 35
2026/09/27 00:19:50.564, 0, 0 %, 40851 MiB, 88.37 W, 2370 MHz, 12481 MHz, 35
2026/09/27 00:19:50.564, 1, 0 %, 40723 MiB, 102.86 W, 2370 MHz, 12481 MHz, 36
2026/09/27 00:19:50.815, 0, 0 %, 40851 MiB, 88.36 W, 2370 MHz, 12481 MHz, 35
2026/09/27 00:19:50.815, 1, 0 %, 40723 MiB, 103.26 W, 2370 MHz, 12481 MHz, 35
2026/09/27 00:19:51.065, 0, 0 %, 40851 MiB, 88.31 W, 2370 MHz, 12481 MHz, 35
2026/09/27 00:19:51.065, 1, 0 %, 40755 MiB, 103.46 W, 2362 MHz, 12481 MHz, 35
2026/09/27 00:19:51.315, 0, 0 %, 40851 MiB, 88.32 W, 2370 MHz, 12481 MHz, 35
2026/09/27 00:19:51.315, 1, 0 %, 40755 MiB, 103.29 W, 2362 MHz, 12481 MHz, 35
2026/09/27 00:19:51.565, 0, 0 %, 40851 MiB, 88.32 W, 2370 MHz, 12481 MHz, 35
2026/09/27 00:19:51.565, 1, 0 %, 40787 MiB, 97.38 W, 2362 MHz, 12481 MHz, 35
2026/09/27 00:19:51.815, 0, 0 %, 40851 MiB, 88.32 W, 2370 MHz, 12481 MHz, 35
2026/09/27 00:19:51.815, 1, 0 %, 40787 MiB, 94.52 W, 2362 MHz, 12481 MHz, 35
2026/09/27 00:19:52.065, 0, 0 %, 42579 MiB, 88.31 W, 2370 MHz, 12481 MHz, 35
2026/09/27 00:19:52.065, 1, 0 %, 40819 MiB, 101.75 W, 2370 MHz, 12481 MHz, 36
2026/09/27 00:19:52.315, 0, 18 %, 42611 MiB, 89.34 W, 2370 MHz, 12481 MHz, 35
2026/09/27 00:19:52.315, 1, 0 %, 40819 MiB, 103.37 W, 2370 MHz, 12481 MHz, 35
2026/09/27 00:19:52.565, 0, 0 %, 42611 MiB, 89.37 W, 2370 MHz, 12481 MHz, 35
2026/09/27 00:19:52.565, 1, 0 %, 40819 MiB, 103.41 W, 2362 MHz, 12481 MHz, 35
2026/09/27 00:19:52.815, 0, 0 %, 42611 MiB, 89.38 W, 2370 MHz, 12481 MHz, 35
2026/09/27 00:19:52.816, 1, 0 %, 40819 MiB, 103.46 W, 2362 MHz, 12481 MHz, 35
2026/09/27 00:19:53.066, 0, 0 %, 42643 MiB, 89.38 W, 2370 MHz, 12481 MHz, 35
2026/09/27 00:19:53.066, 1, 0 %, 40819 MiB, 97.34 W, 2362 MHz, 12481 MHz, 35
2026/09/27 00:19:53.316, 0, 0 %, 42643 MiB, 88.40 W, 2370 MHz, 12481 MHz, 35
2026/09/27 00:19:53.316, 1, 0 %, 40819 MiB, 94.50 W, 2362 MHz, 12481 MHz, 35
2026/09/27 00:19:53.566, 0, 0 %, 42643 MiB, 88.32 W, 2370 MHz, 12481 MHz, 35
2026/09/27 00:19:53.566, 1, 0 %, 40819 MiB, 94.47 W, 2362 MHz, 12481 MHz, 35
2026/09/27 00:19:53.816, 0, 0 %, 42675 MiB, 88.36 W, 2370 MHz, 12481 MHz, 35
2026/09/27 00:19:53.816, 1, 0 %, 40819 MiB, 94.43 W, 2362 MHz, 12481 MHz, 35
2026/09/27 00:19:54.066, 0, 0 %, 42675 MiB, 88.36 W, 2370 MHz, 12481 MHz, 35
2026/09/27 00:19:54.066, 1, 0 %, 40819 MiB, 94.42 W, 2362 MHz, 12481 MHz, 35
2026/09/27 00:19:54.316, 0, 0 %, 42707 MiB, 88.34 W, 2370 MHz, 12481 MHz, 35
2026/09/27 00:19:54.316, 1, 0 %, 40819 MiB, 94.39 W, 2362 MHz, 12481 MHz, 35
2026/09/27 00:19:54.566, 0, 0 %, 42739 MiB, 88.39 W, 2370 MHz, 12481 MHz, 35
2026/09/27 00:19:54.566, 1, 0 %, 40819 MiB, 94.43 W, 2362 MHz, 12481 MHz, 35
2026/09/27 00:19:54.816, 0, 0 %, 42739 MiB, 88.38 W, 2370 MHz, 12481 MHz, 35
2026/09/27 00:19:54.816, 1, 13 %, 42547 MiB, 95.26 W, 2362 MHz, 12481 MHz, 35
2026/09/27 00:19:55.066, 0, 0 %, 42739 MiB, 88.39 W, 2370 MHz, 12481 MHz, 35
2026/09/27 00:19:55.067, 1, 4 %, 42579 MiB, 102.81 W, 2370 MHz, 12481 MHz, 36
2026/09/27 00:19:55.317, 0, 0 %, 42739 MiB, 88.37 W, 2370 MHz, 12481 MHz, 35
2026/09/27 00:19:55.317, 1, 0 %, 42579 MiB, 104.82 W, 2370 MHz, 12481 MHz, 35
2026/09/27 00:19:55.567, 0, 0 %, 42739 MiB, 88.32 W, 2370 MHz, 12481 MHz, 35
2026/09/27 00:19:55.567, 1, 0 %, 42579 MiB, 105.06 W, 2362 MHz, 12481 MHz, 35
2026/09/27 00:19:55.817, 0, 0 %, 42739 MiB, 88.28 W, 2370 MHz, 12481 MHz, 35
2026/09/27 00:19:55.817, 1, 1 %, 42611 MiB, 104.10 W, 2362 MHz, 12481 MHz, 35
2026/09/27 00:19:56.067, 0, 0 %, 42739 MiB, 88.23 W, 2370 MHz, 12481 MHz, 35
2026/09/27 00:19:56.067, 1, 0 %, 42611 MiB, 97.85 W, 2362 MHz, 12481 MHz, 35
2026/09/27 00:19:56.317, 0, 0 %, 42739 MiB, 88.24 W, 2370 MHz, 12481 MHz, 35
2026/09/27 00:19:56.317, 1, 0 %, 42643 MiB, 94.46 W, 2362 MHz, 12481 MHz, 35
2026/09/27 00:19:56.567, 0, 0 %, 42739 MiB, 88.25 W, 2370 MHz, 12481 MHz, 35
2026/09/27 00:19:56.567, 1, 1 %, 42643 MiB, 94.41 W, 2362 MHz, 12481 MHz, 35
2026/09/27 00:19:56.817, 0, 0 %, 42739 MiB, 88.21 W, 2370 MHz, 12481 MHz, 35
2026/09/27 00:19:56.817, 1, 0 %, 42643 MiB, 94.41 W, 2362 MHz, 12481 MHz, 35
2026/09/27 00:19:57.067, 0, 0 %, 42739 MiB, 88.26 W, 2370 MHz, 12481 MHz, 35
2026/09/27 00:19:57.067, 1, 1 %, 42675 MiB, 94.41 W, 2362 MHz, 12481 MHz, 35
2026/09/27 00:19:57.318, 0, 0 %, 44467 MiB, 88.25 W, 2370 MHz, 12481 MHz, 35
2026/09/27 00:19:57.318, 1, 0 %, 42707 MiB, 112.09 W, 2377 MHz, 12481 MHz, 37
2026/09/27 00:19:57.568, 0, 21 %, 44467 MiB, 89.40 W, 2370 MHz, 12481 MHz, 35
2026/09/27 00:19:57.568, 1, 0 %, 42707 MiB, 112.29 W, 2370 MHz, 12481 MHz, 35
2026/09/27 00:19:57.818, 0, 0 %, 44467 MiB, 89.46 W, 2370 MHz, 12481 MHz, 35
2026/09/27 00:19:57.818, 1, 0 %, 42707 MiB, 112.36 W, 2362 MHz, 12481 MHz, 35
2026/09/27 00:19:58.068, 0, 0 %, 44467 MiB, 89.44 W, 2370 MHz, 12481 MHz, 35
2026/09/27 00:19:58.068, 1, 0 %, 42707 MiB, 112.69 W, 2362 MHz, 12481 MHz, 35
2026/09/27 00:19:58.318, 0, 1 %, 44531 MiB, 89.42 W, 2370 MHz, 12481 MHz, 35
2026/09/27 00:19:58.318, 1, 0 %, 42707 MiB, 96.14 W, 2362 MHz, 12481 MHz, 35
2026/09/27 00:19:58.568, 0, 0 %, 44531 MiB, 88.29 W, 2370 MHz, 12481 MHz, 35
2026/09/27 00:19:58.568, 1, 0 %, 42707 MiB, 94.44 W, 2370 MHz, 12481 MHz, 35
2026/09/27 00:19:58.818, 0, 0 %, 44563 MiB, 88.28 W, 2370 MHz, 12481 MHz, 35
2026/09/27 00:19:58.818, 1, 0 %, 42707 MiB, 94.35 W, 2362 MHz, 12481 MHz, 35
2026/09/27 00:19:59.068, 0, 0 %, 44563 MiB, 88.31 W, 2370 MHz, 12481 MHz, 35
2026/09/27 00:19:59.068, 1, 0 %, 42707 MiB, 94.32 W, 2362 MHz, 12481 MHz, 35
2026/09/27 00:19:59.318, 0, 0 %, 44595 MiB, 88.32 W, 2370 MHz, 12481 MHz, 35
2026/09/27 00:19:59.319, 1, 0 %, 42707 MiB, 94.35 W, 2362 MHz, 12481 MHz, 35
2026/09/27 00:19:59.569, 0, 1 %, 44595 MiB, 88.32 W, 2370 MHz, 12481 MHz, 35
2026/09/27 00:19:59.569, 1, 0 %, 42707 MiB, 94.35 W, 2362 MHz, 12481 MHz, 35
2026/09/27 00:19:59.819, 0, 0 %, 44595 MiB, 88.31 W, 2370 MHz, 12481 MHz, 35
2026/09/27 00:19:59.819, 1, 2 %, 44435 MiB, 94.75 W, 2362 MHz, 12481 MHz, 35
2026/09/27 00:20:00.069, 0, 0 %, 44595 MiB, 88.27 W, 2370 MHz, 12481 MHz, 35
2026/09/27 00:20:00.069, 1, 14 %, 44435 MiB, 95.96 W, 2362 MHz, 12481 MHz, 35
2026/09/27 00:20:00.319, 0, 0 %, 44595 MiB, 88.26 W, 2370 MHz, 12481 MHz, 35
2026/09/27 00:20:00.319, 1, 0 %, 44435 MiB, 104.65 W, 2377 MHz, 12481 MHz, 35
2026/09/27 00:20:00.569, 0, 0 %, 44595 MiB, 88.27 W, 2370 MHz, 12481 MHz, 35
2026/09/27 00:20:00.569, 1, 0 %, 44467 MiB, 104.94 W, 2362 MHz, 12481 MHz, 35
2026/09/27 00:20:00.819, 0, 0 %, 44595 MiB, 88.28 W, 2370 MHz, 12481 MHz, 35
2026/09/27 00:20:00.819, 1, 0 %, 44499 MiB, 104.55 W, 2362 MHz, 12481 MHz, 35
2026/09/27 00:20:01.069, 0, 0 %, 44595 MiB, 88.21 W, 2370 MHz, 12481 MHz, 35
2026/09/27 00:20:01.069, 1, 0 %, 44499 MiB, 103.33 W, 2362 MHz, 12481 MHz, 35
2026/09/27 00:20:01.319, 0, 0 %, 44595 MiB, 88.23 W, 2370 MHz, 12481 MHz, 35
2026/09/27 00:20:01.319, 1, 0 %, 44531 MiB, 94.47 W, 2362 MHz, 12481 MHz, 35
2026/09/27 00:20:01.569, 0, 0 %, 44595 MiB, 88.22 W, 2370 MHz, 12481 MHz, 35
2026/09/27 00:20:01.570, 1, 0 %, 44531 MiB, 94.38 W, 2362 MHz, 12481 MHz, 35
2026/09/27 00:20:01.820, 0, 0 %, 44595 MiB, 88.22 W, 2370 MHz, 12481 MHz, 35
2026/09/27 00:20:01.820, 1, 1 %, 44563 MiB, 95.97 W, 2362 MHz, 12481 MHz, 36
2026/09/27 00:20:02.070, 0, 0 %, 44595 MiB, 88.26 W, 2370 MHz, 12481 MHz, 35
2026/09/27 00:20:02.070, 1, 0 %, 44563 MiB, 102.76 W, 2370 MHz, 12481 MHz, 36
2026/09/27 00:20:02.320, 0, 5 %, 46323 MiB, 88.82 W, 2370 MHz, 12481 MHz, 35
2026/09/27 00:20:02.320, 1, 0 %, 44563 MiB, 121.27 W, 2377 MHz, 12481 MHz, 37
2026/09/27 00:20:02.570, 0, 10 %, 46387 MiB, 89.38 W, 2370 MHz, 12481 MHz, 35
2026/09/27 00:20:02.570, 1, 0 %, 44563 MiB, 133.59 W, 2377 MHz, 12481 MHz, 37
2026/09/27 00:20:02.820, 0, 0 %, 46387 MiB, 89.35 W, 2370 MHz, 12481 MHz, 35
2026/09/27 00:20:02.820, 1, 0 %, 44563 MiB, 149.37 W, 2377 MHz, 12481 MHz, 37
2026/09/27 00:20:03.070, 0, 0 %, 46387 MiB, 89.31 W, 2370 MHz, 12481 MHz, 35
2026/09/27 00:20:03.070, 1, 0 %, 44563 MiB, 155.77 W, 2377 MHz, 12481 MHz, 37
2026/09/27 00:20:03.320, 0, 1 %, 46419 MiB, 88.88 W, 2370 MHz, 12481 MHz, 35
2026/09/27 00:20:03.320, 1, 0 %, 44563 MiB, 144.16 W, 2370 MHz, 12481 MHz, 35
2026/09/27 00:20:03.570, 0, 0 %, 46419 MiB, 88.27 W, 2370 MHz, 12481 MHz, 35
2026/09/27 00:20:03.570, 1, 0 %, 44563 MiB, 132.37 W, 2370 MHz, 12481 MHz, 35
2026/09/27 00:20:03.821, 0, 0 %, 46451 MiB, 88.25 W, 2370 MHz, 12481 MHz, 35
2026/09/27 00:20:03.821, 1, 0 %, 44563 MiB, 114.42 W, 2362 MHz, 12481 MHz, 35
2026/09/27 00:20:04.071, 0, 0 %, 46451 MiB, 88.29 W, 2370 MHz, 12481 MHz, 35
2026/09/27 00:20:04.071, 1, 0 %, 44563 MiB, 102.37 W, 2362 MHz, 12481 MHz, 35
2026/09/27 00:20:04.321, 0, 0 %, 46451 MiB, 88.30 W, 2370 MHz, 12481 MHz, 35
2026/09/27 00:20:04.321, 1, 0 %, 44563 MiB, 94.58 W, 2362 MHz, 12481 MHz, 35
2026/09/27 00:20:04.571, 0, 1 %, 46483 MiB, 88.29 W, 2370 MHz, 12481 MHz, 35
2026/09/27 00:20:04.571, 1, 0 %, 44563 MiB, 94.55 W, 2362 MHz, 12481 MHz, 35
2026/09/27 00:20:04.821, 0, 0 %, 46483 MiB, 88.30 W, 2370 MHz, 12481 MHz, 35
2026/09/27 00:20:04.821, 1, 0 %, 46291 MiB, 94.52 W, 2362 MHz, 12481 MHz, 35
2026/09/27 00:20:05.071, 0, 0 %, 46483 MiB, 88.29 W, 2370 MHz, 12481 MHz, 35
2026/09/27 00:20:05.071, 1, 20 %, 46323 MiB, 96.36 W, 2362 MHz, 12481 MHz, 35
2026/09/27 00:20:05.321, 0, 0 %, 46483 MiB, 88.23 W, 2370 MHz, 12481 MHz, 35
2026/09/27 00:20:05.324, 1, 0 %, 46355 MiB, 104.36 W, 2370 MHz, 12481 MHz, 35
2026/09/27 00:20:05.574, 0, 0 %, 46483 MiB, 88.27 W, 2370 MHz, 12481 MHz, 35
2026/09/27 00:20:05.574, 1, 0 %, 46355 MiB, 104.19 W, 2362 MHz, 12481 MHz, 35
2026/09/27 00:20:05.824, 0, 0 %, 46483 MiB, 88.28 W, 2370 MHz, 12481 MHz, 35
2026/09/27 00:20:05.824, 1, 0 %, 46387 MiB, 104.39 W, 2362 MHz, 12481 MHz, 35
2026/09/27 00:20:06.074, 0, 0 %, 46483 MiB, 88.32 W, 2370 MHz, 12481 MHz, 35
2026/09/27 00:20:06.074, 1, 0 %, 46387 MiB, 103.15 W, 2362 MHz, 12481 MHz, 35
2026/09/27 00:20:06.324, 0, 0 %, 46483 MiB, 88.36 W, 2370 MHz, 12481 MHz, 35
2026/09/27 00:20:06.324, 1, 0 %, 46387 MiB, 94.55 W, 2362 MHz, 12481 MHz, 35
2026/09/27 00:20:06.574, 0, 0 %, 46483 MiB, 88.29 W, 2370 MHz, 12481 MHz, 35
2026/09/27 00:20:06.574, 1, 0 %, 46419 MiB, 94.48 W, 2362 MHz, 12481 MHz, 35
2026/09/27 00:20:06.824, 0, 0 %, 46483 MiB, 88.24 W, 2370 MHz, 12481 MHz, 35
2026/09/27 00:20:06.824, 1, 0 %, 46419 MiB, 94.39 W, 2362 MHz, 12481 MHz, 35
2026/09/27 00:20:07.075, 0, 0 %, 46483 MiB, 88.23 W, 2370 MHz, 12481 MHz, 35
2026/09/27 00:20:07.075, 1, 0 %, 46451 MiB, 94.43 W, 2362 MHz, 12481 MHz, 35
2026/09/27 00:20:07.325, 0, 0 %, 46483 MiB, 88.22 W, 2370 MHz, 12481 MHz, 35
2026/09/27 00:20:07.325, 1, 0 %, 46451 MiB, 94.61 W, 2362 MHz, 12481 MHz, 35
2026/09/27 00:20:07.575, 0, 0 %, 48243 MiB, 89.24 W, 2370 MHz, 12481 MHz, 35
2026/09/27 00:20:07.575, 1, 0 %, 46451 MiB, 94.61 W, 2362 MHz, 12481 MHz, 35
2026/09/27 00:20:07.825, 0, 15 %, 48243 MiB, 89.49 W, 2370 MHz, 12481 MHz, 35
2026/09/27 00:20:07.825, 1, 0 %, 46451 MiB, 94.60 W, 2362 MHz, 12481 MHz, 35
2026/09/27 00:20:08.075, 0, 0 %, 48243 MiB, 89.53 W, 2370 MHz, 12481 MHz, 35
2026/09/27 00:20:08.075, 1, 0 %, 46451 MiB, 94.60 W, 2362 MHz, 12481 MHz, 35
2026/09/27 00:20:08.325, 0, 0 %, 48275 MiB, 89.57 W, 2370 MHz, 12481 MHz, 35
2026/09/27 00:20:08.325, 1, 0 %, 46451 MiB, 94.38 W, 2362 MHz, 12481 MHz, 35
2026/09/27 00:20:08.575, 0, 0 %, 48275 MiB, 88.62 W, 2370 MHz, 12481 MHz, 35
2026/09/27 00:20:08.575, 1, 0 %, 46451 MiB, 94.30 W, 2362 MHz, 12481 MHz, 35
2026/09/27 00:20:08.825, 0, 0 %, 48275 MiB, 88.30 W, 2370 MHz, 12481 MHz, 35
2026/09/27 00:20:08.825, 1, 0 %, 46451 MiB, 94.25 W, 2362 MHz, 12481 MHz, 35
2026/09/27 00:20:09.075, 0, 0 %, 48307 MiB, 88.26 W, 2370 MHz, 12481 MHz, 35
2026/09/27 00:20:09.075, 1, 0 %, 46451 MiB, 94.25 W, 2362 MHz, 12481 MHz, 35
2026/09/27 00:20:09.326, 0, 0 %, 48307 MiB, 88.26 W, 2370 MHz, 12481 MHz, 35
2026/09/27 00:20:09.326, 1, 0 %, 46451 MiB, 94.21 W, 2362 MHz, 12481 MHz, 35
2026/09/27 00:20:09.576, 0, 0 %, 48339 MiB, 88.32 W, 2370 MHz, 12481 MHz, 35
2026/09/27 00:20:09.576, 1, 0 %, 46451 MiB, 94.29 W, 2362 MHz, 12481 MHz, 35
2026/09/27 00:20:09.826, 0, 0 %, 48339 MiB, 88.35 W, 2370 MHz, 12481 MHz, 35
2026/09/27 00:20:09.826, 1, 0 %, 46451 MiB, 94.36 W, 2362 MHz, 12481 MHz, 35
2026/09/27 00:20:10.076, 0, 0 %, 48371 MiB, 88.38 W, 2370 MHz, 12481 MHz, 35
2026/09/27 00:20:10.076, 1, 16 %, 48211 MiB, 95.62 W, 2362 MHz, 12481 MHz, 35
2026/09/27 00:20:10.326, 0, 0 %, 48371 MiB, 88.36 W, 2370 MHz, 12481 MHz, 35
2026/09/27 00:20:10.326, 1, 0 %, 48211 MiB, 95.73 W, 2362 MHz, 12481 MHz, 35
2026/09/27 00:20:10.576, 0, 0 %, 48371 MiB, 88.31 W, 2370 MHz, 12481 MHz, 35
2026/09/27 00:20:10.576, 1, 0 %, 48211 MiB, 95.71 W, 2362 MHz, 12481 MHz, 35
2026/09/27 00:20:10.826, 0, 0 %, 48371 MiB, 88.26 W, 2370 MHz, 12481 MHz, 35
2026/09/27 00:20:10.826, 1, 1 %, 48243 MiB, 95.75 W, 2362 MHz, 12481 MHz, 35
2026/09/27 00:20:11.076, 0, 0 %, 48371 MiB, 88.19 W, 2370 MHz, 12481 MHz, 35
2026/09/27 00:20:11.076, 1, 0 %, 48243 MiB, 94.54 W, 2362 MHz, 12481 MHz, 35
2026/09/27 00:20:11.326, 0, 0 %, 48371 MiB, 88.20 W, 2370 MHz, 12481 MHz, 35
2026/09/27 00:20:11.327, 1, 0 %, 48275 MiB, 94.32 W, 2362 MHz, 12481 MHz, 35
2026/09/27 00:20:11.577, 0, 0 %, 48371 MiB, 88.19 W, 2370 MHz, 12481 MHz, 35
2026/09/27 00:20:11.577, 1, 1 %, 48275 MiB, 94.35 W, 2362 MHz, 12481 MHz, 35
2026/09/27 00:20:11.827, 0, 0 %, 48371 MiB, 88.21 W, 2370 MHz, 12481 MHz, 35
2026/09/27 00:20:11.827, 1, 0 %, 48275 MiB, 94.37 W, 2362 MHz, 12481 MHz, 35
2026/09/27 00:20:12.077, 0, 0 %, 48371 MiB, 88.22 W, 2370 MHz, 12481 MHz, 35
2026/09/27 00:20:12.077, 1, 1 %, 48307 MiB, 94.40 W, 2362 MHz, 12481 MHz, 35
2026/09/27 00:20:12.327, 0, 0 %, 50099 MiB, 88.19 W, 2370 MHz, 12481 MHz, 35
2026/09/27 00:20:12.327, 1, 0 %, 48339 MiB, 111.23 W, 2377 MHz, 12481 MHz, 37
2026/09/27 00:20:12.577, 0, 14 %, 50099 MiB, 89.32 W, 2370 MHz, 12481 MHz, 35
2026/09/27 00:20:12.577, 1, 0 %, 48339 MiB, 122.92 W, 2377 MHz, 12481 MHz, 37
2026/09/27 00:20:12.827, 0, 2 %, 50131 MiB, 89.38 W, 2370 MHz, 12481 MHz, 35
2026/09/27 00:20:12.827, 1, 0 %, 48339 MiB, 140.93 W, 2377 MHz, 12481 MHz, 37
2026/09/27 00:20:13.077, 0, 0 %, 50131 MiB, 89.39 W, 2370 MHz, 12481 MHz, 35
2026/09/27 00:20:13.077, 1, 0 %, 48339 MiB, 141.45 W, 2370 MHz, 12481 MHz, 35
2026/09/27 00:20:13.327, 0, 0 %, 50163 MiB, 89.43 W, 2370 MHz, 12481 MHz, 35
2026/09/27 00:20:13.327, 1, 0 %, 48339 MiB, 125.66 W, 2362 MHz, 12481 MHz, 35
2026/09/27 00:20:13.578, 0, 1 %, 50163 MiB, 88.31 W, 2370 MHz, 12481 MHz, 35
2026/09/27 00:20:13.578, 1, 0 %, 48339 MiB, 114.19 W, 2362 MHz, 12481 MHz, 35
2026/09/27 00:20:13.828, 0, 0 %, 50163 MiB, 88.26 W, 2370 MHz, 12481 MHz, 35
2026/09/27 00:20:13.828, 1, 0 %, 48339 MiB, 96.12 W, 2362 MHz, 12481 MHz, 35
2026/09/27 00:20:14.078, 0, 1 %, 50195 MiB, 88.30 W, 2370 MHz, 12481 MHz, 35
2026/09/27 00:20:14.078, 1, 0 %, 48339 MiB, 94.44 W, 2362 MHz, 12481 MHz, 35
2026/09/27 00:20:14.328, 0, 0 %, 50195 MiB, 88.30 W, 2370 MHz, 12481 MHz, 35
2026/09/27 00:20:14.328, 1, 0 %, 48339 MiB, 94.36 W, 2362 MHz, 12481 MHz, 35
2026/09/27 00:20:14.578, 0, 0 %, 50227 MiB, 88.30 W, 2370 MHz, 12481 MHz, 35
2026/09/27 00:20:14.578, 1, 0 %, 48339 MiB, 94.34 W, 2362 MHz, 12481 MHz, 35
2026/09/27 00:20:14.828, 0, 1 %, 50259 MiB, 88.33 W, 2370 MHz, 12481 MHz, 35
2026/09/27 00:20:14.828, 1, 0 %, 48339 MiB, 94.38 W, 2362 MHz, 12481 MHz, 35
2026/09/27 00:20:15.078, 0, 0 %, 50259 MiB, 88.35 W, 2370 MHz, 12481 MHz, 35
2026/09/27 00:20:15.078, 1, 0 %, 50067 MiB, 94.98 W, 2362 MHz, 12481 MHz, 35
2026/09/27 00:20:15.328, 0, 0 %, 50259 MiB, 88.35 W, 2370 MHz, 12481 MHz, 35
2026/09/27 00:20:15.328, 1, 16 %, 50099 MiB, 99.00 W, 2370 MHz, 12481 MHz, 35
2026/09/27 00:20:15.578, 0, 0 %, 50259 MiB, 88.34 W, 2370 MHz, 12481 MHz, 35
2026/09/27 00:20:15.578, 1, 0 %, 50099 MiB, 99.02 W, 2362 MHz, 12481 MHz, 35
2026/09/27 00:20:15.829, 0, 0 %, 50259 MiB, 88.31 W, 2370 MHz, 12481 MHz, 35
2026/09/27 00:20:15.829, 1, 0 %, 50099 MiB, 99.03 W, 2362 MHz, 12481 MHz, 35
2026/09/27 00:20:16.079, 0, 0 %, 50259 MiB, 88.26 W, 2370 MHz, 12481 MHz, 35
2026/09/27 00:20:16.079, 1, 1 %, 50131 MiB, 98.50 W, 2362 MHz, 12481 MHz, 35
2026/09/27 00:20:16.329, 0, 0 %, 50259 MiB, 88.25 W, 2370 MHz, 12481 MHz, 35
2026/09/27 00:20:16.329, 1, 0 %, 50131 MiB, 94.36 W, 2362 MHz, 12481 MHz, 35
2026/09/27 00:20:16.579, 0, 0 %, 50259 MiB, 88.23 W, 2370 MHz, 12481 MHz, 35
2026/09/27 00:20:16.579, 1, 0 %, 50163 MiB, 94.34 W, 2362 MHz, 12481 MHz, 35
2026/09/27 00:20:16.829, 0, 0 %, 50259 MiB, 88.22 W, 2370 MHz, 12481 MHz, 35
2026/09/27 00:20:16.829, 1, 0 %, 50163 MiB, 94.33 W, 2362 MHz, 12481 MHz, 35
2026/09/27 00:20:17.079, 0, 0 %, 50259 MiB, 88.22 W, 2370 MHz, 12481 MHz, 35
2026/09/27 00:20:17.079, 1, 0 %, 50163 MiB, 94.28 W, 2362 MHz, 12481 MHz, 35
2026/09/27 00:20:17.329, 0, 0 %, 50259 MiB, 88.17 W, 2370 MHz, 12481 MHz, 35
2026/09/27 00:20:17.329, 1, 1 %, 50195 MiB, 94.37 W, 2362 MHz, 12481 MHz, 35
2026/09/27 00:20:17.579, 0, 0 %, 51987 MiB, 88.17 W, 2370 MHz, 12481 MHz, 35
2026/09/27 00:20:17.579, 1, 0 %, 50227 MiB, 99.96 W, 2370 MHz, 12481 MHz, 36
2026/09/27 00:20:17.830, 0, 6 %, 51987 MiB, 89.25 W, 2370 MHz, 12481 MHz, 35
2026/09/27 00:20:17.830, 1, 0 %, 50227 MiB, 118.34 W, 2377 MHz, 12481 MHz, 37
2026/09/27 00:20:18.080, 0, 0 %, 51987 MiB, 89.27 W, 2370 MHz, 12481 MHz, 35
2026/09/27 00:20:18.080, 1, 0 %, 50227 MiB, 129.94 W, 2377 MHz, 12481 MHz, 37
2026/09/27 00:20:18.330, 0, 0 %, 51987 MiB, 89.33 W, 2370 MHz, 12481 MHz, 35
2026/09/27 00:20:18.330, 1, 0 %, 50227 MiB, 145.84 W, 2377 MHz, 12481 MHz, 37
2026/09/27 00:20:18.580, 0, 1 %, 52019 MiB, 89.36 W, 2370 MHz, 12481 MHz, 35
2026/09/27 00:20:18.580, 1, 0 %, 50227 MiB, 140.76 W, 2370 MHz, 12481 MHz, 35
2026/09/27 00:20:18.830, 0, 0 %, 52019 MiB, 88.33 W, 2370 MHz, 12481 MHz, 35
2026/09/27 00:20:18.830, 1, 0 %, 50227 MiB, 122.70 W, 2362 MHz, 12481 MHz, 35
2026/09/27 00:20:19.080, 0, 0 %, 52051 MiB, 88.32 W, 2370 MHz, 12481 MHz, 35
2026/09/27 00:20:19.099, 1, 0 %, 50227 MiB, 109.77 W, 2362 MHz, 12481 MHz, 35
2026/09/27 00:20:19.349, 0, 0 %, 52051 MiB, 88.40 W, 2370 MHz, 12481 MHz, 35
2026/09/27 00:20:19.349, 1, 0 %, 50227 MiB, 94.61 W, 2362 MHz, 12481 MHz, 35
2026/09/27 00:20:19.599, 0, 0 %, 52083 MiB, 88.37 W, 2370 MHz, 12481 MHz, 35
2026/09/27 00:20:19.599, 1, 0 %, 50227 MiB, 94.42 W, 2362 MHz, 12481 MHz, 35
2026/09/27 00:20:19.849, 0, 0 %, 52115 MiB, 88.36 W, 2370 MHz, 12481 MHz, 35
2026/09/27 00:20:19.849, 1, 0 %, 50227 MiB, 94.38 W, 2362 MHz, 12481 MHz, 35
2026/09/27 00:20:20.100, 0, 0 %, 52115 MiB, 88.42 W, 2370 MHz, 12481 MHz, 35
2026/09/27 00:20:20.100, 1, 0 %, 51955 MiB, 94.41 W, 2362 MHz, 12481 MHz, 35
2026/09/27 00:20:20.350, 0, 0 %, 52115 MiB, 88.37 W, 2370 MHz, 12481 MHz, 35
2026/09/27 00:20:20.350, 1, 21 %, 51955 MiB, 95.55 W, 2362 MHz, 12481 MHz, 35
2026/09/27 00:20:20.600, 0, 0 %, 52115 MiB, 88.40 W, 2370 MHz, 12481 MHz, 35
2026/09/27 00:20:20.600, 1, 0 %, 51955 MiB, 95.54 W, 2362 MHz, 12481 MHz, 35
2026/09/27 00:20:20.850, 0, 0 %, 52115 MiB, 88.39 W, 2370 MHz, 12481 MHz, 35
2026/09/27 00:20:20.850, 1, 0 %, 51987 MiB, 95.58 W, 2362 MHz, 12481 MHz, 35
2026/09/27 00:20:21.100, 0, 0 %, 52115 MiB, 88.31 W, 2370 MHz, 12481 MHz, 35
2026/09/27 00:20:21.100, 1, 0 %, 51987 MiB, 97.84 W, 2370 MHz, 12481 MHz, 35
2026/09/27 00:20:21.350, 0, 0 %, 52115 MiB, 88.28 W, 2370 MHz, 12481 MHz, 35
2026/09/27 00:20:21.350, 1, 0 %, 51987 MiB, 96.59 W, 2362 MHz, 12481 MHz, 35
2026/09/27 00:20:21.600, 0, 0 %, 52115 MiB, 88.25 W, 2370 MHz, 12481 MHz, 35
2026/09/27 00:20:21.600, 1, 0 %, 52019 MiB, 96.68 W, 2362 MHz, 12481 MHz, 35
2026/09/27 00:20:21.850, 0, 0 %, 52115 MiB, 88.24 W, 2370 MHz, 12481 MHz, 35
2026/09/27 00:20:21.850, 1, 0 %, 52019 MiB, 96.73 W, 2362 MHz, 12481 MHz, 35
2026/09/27 00:20:22.101, 0, 0 %, 52115 MiB, 88.28 W, 2370 MHz, 12481 MHz, 35
2026/09/27 00:20:22.101, 1, 0 %, 52051 MiB, 94.40 W, 2362 MHz, 12481 MHz, 35
2026/09/27 00:20:22.351, 0, 0 %, 52115 MiB, 88.28 W, 2370 MHz, 12481 MHz, 35
2026/09/27 00:20:22.351, 1, 0 %, 52083 MiB, 94.44 W, 2362 MHz, 12481 MHz, 35
2026/09/27 00:20:22.601, 0, 0 %, 53843 MiB, 89.09 W, 2370 MHz, 12481 MHz, 35
2026/09/27 00:20:22.601, 1, 0 %, 52083 MiB, 99.20 W, 2370 MHz, 12481 MHz, 36
2026/09/27 00:20:22.851, 0, 0 %, 53875 MiB, 89.55 W, 2370 MHz, 12481 MHz, 35
2026/09/27 00:20:22.851, 1, 0 %, 52083 MiB, 117.52 W, 2377 MHz, 12481 MHz, 37
2026/09/27 00:20:23.101, 0, 0 %, 53875 MiB, 89.53 W, 2370 MHz, 12481 MHz, 35
2026/09/27 00:20:23.101, 1, 0 %, 52083 MiB, 129.80 W, 2377 MHz, 12481 MHz, 37
2026/09/27 00:20:23.351, 0, 0 %, 53875 MiB, 89.61 W, 2370 MHz, 12481 MHz, 35
2026/09/27 00:20:23.351, 1, 0 %, 52083 MiB, 147.20 W, 2377 MHz, 12481 MHz, 37
2026/09/27 00:20:23.601, 0, 0 %, 53939 MiB, 88.86 W, 2370 MHz, 12481 MHz, 35
2026/09/27 00:20:23.601, 1, 0 %, 52083 MiB, 155.94 W, 2377 MHz, 12481 MHz, 37
2026/09/27 00:20:23.852, 0, 0 %, 53939 MiB, 88.29 W, 2370 MHz, 12481 MHz, 35
2026/09/27 00:20:23.852, 1, 0 %, 52083 MiB, 155.99 W, 2377 MHz, 12481 MHz, 37
2026/09/27 00:20:24.102, 0, 0 %, 53971 MiB, 88.32 W, 2370 MHz, 12481 MHz, 35
2026/09/27 00:20:24.102, 1, 0 %, 52083 MiB, 150.48 W, 2377 MHz, 12481 MHz, 36
2026/09/27 00:20:24.352, 0, 0 %, 53971 MiB, 88.29 W, 2370 MHz, 12481 MHz, 35
2026/09/27 00:20:24.352, 1, 0 %, 52083 MiB, 132.21 W, 2370 MHz, 12481 MHz, 35
2026/09/27 00:20:24.602, 0, 0 %, 54003 MiB, 88.25 W, 2370 MHz, 12481 MHz, 35
2026/09/27 00:20:24.602, 1, 0 %, 52083 MiB, 119.87 W, 2370 MHz, 12481 MHz, 35
2026/09/27 00:20:24.852, 0, 0 %, 54003 MiB, 88.26 W, 2370 MHz, 12481 MHz, 35
2026/09/27 00:20:24.852, 1, 0 %, 52083 MiB, 102.48 W, 2362 MHz, 12481 MHz, 35
2026/09/27 00:20:25.102, 0, 0 %, 54003 MiB, 88.28 W, 2370 MHz, 12481 MHz, 35
2026/09/27 00:20:25.102, 1, 0 %, 53811 MiB, 94.68 W, 2362 MHz, 12481 MHz, 35
2026/09/27 00:20:25.353, 0, 0 %, 54003 MiB, 88.27 W, 2370 MHz, 12481 MHz, 35
2026/09/27 00:20:25.353, 1, 16 %, 53843 MiB, 96.96 W, 2362 MHz, 12481 MHz, 35
2026/09/27 00:20:25.603, 0, 0 %, 54003 MiB, 88.31 W, 2370 MHz, 12481 MHz, 35
2026/09/27 00:20:25.603, 1, 1 %, 53843 MiB, 97.39 W, 2370 MHz, 12481 MHz, 35
2026/09/27 00:20:25.853, 0, 0 %, 54003 MiB, 88.29 W, 2370 MHz, 12481 MHz, 35
2026/09/27 00:20:25.853, 1, 0 %, 53843 MiB, 97.30 W, 2362 MHz, 12481 MHz, 35
2026/09/27 00:20:26.103, 0, 0 %, 54003 MiB, 88.26 W, 2370 MHz, 12481 MHz, 35
2026/09/27 00:20:26.103, 1, 0 %, 53875 MiB, 97.14 W, 2362 MHz, 12481 MHz, 35
2026/09/27 00:20:26.353, 0, 0 %, 54003 MiB, 88.24 W, 2370 MHz, 12481 MHz, 35
2026/09/27 00:20:26.353, 1, 1 %, 53907 MiB, 95.18 W, 2362 MHz, 12481 MHz, 35
2026/09/27 00:20:26.603, 0, 0 %, 54003 MiB, 88.24 W, 2370 MHz, 12481 MHz, 35
2026/09/27 00:20:26.603, 1, 0 %, 53907 MiB, 94.71 W, 2362 MHz, 12481 MHz, 35
2026/09/27 00:20:26.853, 0, 0 %, 54003 MiB, 88.28 W, 2370 MHz, 12481 MHz, 35
2026/09/27 00:20:26.853, 1, 1 %, 53939 MiB, 94.76 W, 2362 MHz, 12481 MHz, 35
2026/09/27 00:20:27.103, 0, 0 %, 54003 MiB, 88.32 W, 2370 MHz, 12481 MHz, 35
2026/09/27 00:20:27.104, 1, 0 %, 53939 MiB, 94.50 W, 2362 MHz, 12481 MHz, 35
2026/09/27 00:20:27.354, 0, 0 %, 54003 MiB, 88.32 W, 2370 MHz, 12481 MHz, 35
2026/09/27 00:20:27.354, 1, 0 %, 53971 MiB, 94.49 W, 2362 MHz, 12481 MHz, 35
2026/09/27 00:20:27.604, 0, 0 %, 54003 MiB, 88.34 W, 2370 MHz, 12481 MHz, 35
2026/09/27 00:20:27.604, 1, 0 %, 53971 MiB, 94.54 W, 2362 MHz, 12481 MHz, 35
2026/09/27 00:20:27.854, 0, 18 %, 55731 MiB, 89.48 W, 2370 MHz, 12481 MHz, 35
2026/09/27 00:20:27.854, 1, 0 %, 53971 MiB, 94.56 W, 2362 MHz, 12481 MHz, 35
2026/09/27 00:20:28.104, 0, 0 %, 55763 MiB, 89.65 W, 2370 MHz, 12481 MHz, 35
2026/09/27 00:20:28.104, 1, 0 %, 53971 MiB, 94.51 W, 2362 MHz, 12481 MHz, 35
2026/09/27 00:20:28.354, 0, 0 %, 55763 MiB, 89.69 W, 2370 MHz, 12481 MHz, 35
2026/09/27 00:20:28.354, 1, 0 %, 53971 MiB, 94.50 W, 2362 MHz, 12481 MHz, 35
2026/09/27 00:20:28.604, 0, 0 %, 55795 MiB, 89.72 W, 2370 MHz, 12481 MHz, 35
2026/09/27 00:20:28.604, 1, 0 %, 53971 MiB, 94.45 W, 2362 MHz, 12481 MHz, 35
2026/09/27 00:20:28.854, 0, 0 %, 55795 MiB, 88.69 W, 2370 MHz, 12481 MHz, 35
2026/09/27 00:20:28.854, 1, 0 %, 53971 MiB, 94.40 W, 2362 MHz, 12481 MHz, 35
2026/09/27 00:20:29.104, 0, 0 %, 55795 MiB, 88.37 W, 2370 MHz, 12481 MHz, 35
2026/09/27 00:20:29.105, 1, 0 %, 53971 MiB, 94.44 W, 2362 MHz, 12481 MHz, 35
2026/09/27 00:20:29.355, 0, 1 %, 55827 MiB, 88.37 W, 2370 MHz, 12481 MHz, 35
2026/09/27 00:20:29.355, 1, 0 %, 53971 MiB, 94.46 W, 2362 MHz, 12481 MHz, 35
2026/09/27 00:20:29.605, 0, 0 %, 55827 MiB, 88.32 W, 2370 MHz, 12481 MHz, 35
2026/09/27 00:20:29.605, 1, 0 %, 53971 MiB, 94.47 W, 2362 MHz, 12481 MHz, 35
2026/09/27 00:20:29.855, 0, 1 %, 55859 MiB, 88.37 W, 2370 MHz, 12481 MHz, 35
2026/09/27 00:20:29.855, 1, 0 %, 53971 MiB, 94.43 W, 2362 MHz, 12481 MHz, 35
2026/09/27 00:20:30.105, 0, 0 %, 55891 MiB, 88.39 W, 2370 MHz, 12481 MHz, 35
2026/09/27 00:20:30.105, 1, 0 %, 53971 MiB, 94.42 W, 2362 MHz, 12481 MHz, 35
2026/09/27 00:20:30.355, 0, 0 %, 55891 MiB, 88.44 W, 2370 MHz, 12481 MHz, 35
2026/09/27 00:20:30.355, 1, 4 %, 55731 MiB, 95.69 W, 2362 MHz, 12481 MHz, 35
2026/09/27 00:20:30.605, 0, 0 %, 55891 MiB, 88.50 W, 2370 MHz, 12481 MHz, 35
2026/09/27 00:20:30.605, 1, 0 %, 55731 MiB, 97.66 W, 2370 MHz, 12481 MHz, 35
2026/09/27 00:20:30.855, 0, 0 %, 55891 MiB, 88.46 W, 2370 MHz, 12481 MHz, 35
2026/09/27 00:20:30.855, 1, 0 %, 55731 MiB, 97.69 W, 2362 MHz, 12481 MHz, 35
2026/09/27 00:20:31.105, 0, 0 %, 55891 MiB, 88.50 W, 2370 MHz, 12481 MHz, 35
2026/09/27 00:20:31.106, 1, 0 %, 55763 MiB, 97.92 W, 2362 MHz, 12481 MHz, 35
2026/09/27 00:20:31.356, 0, 0 %, 55891 MiB, 88.60 W, 2370 MHz, 12481 MHz, 35
2026/09/27 00:20:31.356, 1, 0 %, 55763 MiB, 96.72 W, 2362 MHz, 12481 MHz, 35
2026/09/27 00:20:31.606, 0, 0 %, 55891 MiB, 88.53 W, 2370 MHz, 12481 MHz, 35
2026/09/27 00:20:31.606, 1, 0 %, 55795 MiB, 94.66 W, 2362 MHz, 12481 MHz, 35
2026/09/27 00:20:31.856, 0, 0 %, 55891 MiB, 88.48 W, 2370 MHz, 12481 MHz, 35
2026/09/27 00:20:31.856, 1, 0 %, 55795 MiB, 94.67 W, 2362 MHz, 12481 MHz, 35
2026/09/27 00:20:32.107, 0, 0 %, 55891 MiB, 88.43 W, 2370 MHz, 12481 MHz, 35
2026/09/27 00:20:32.107, 1, 0 %, 55795 MiB, 94.59 W, 2362 MHz, 12481 MHz, 35
2026/09/27 00:20:32.357, 0, 0 %, 55891 MiB, 88.25 W, 2370 MHz, 12481 MHz, 35
2026/09/27 00:20:32.357, 1, 0 %, 55827 MiB, 94.46 W, 2362 MHz, 12481 MHz, 35
2026/09/27 00:20:32.607, 0, 0 %, 57619 MiB, 88.28 W, 2370 MHz, 12481 MHz, 35
2026/09/27 00:20:32.607, 1, 0 %, 55859 MiB, 104.07 W, 2370 MHz, 12481 MHz, 37
2026/09/27 00:20:32.857, 0, 11 %, 57619 MiB, 89.47 W, 2370 MHz, 12481 MHz, 35
2026/09/27 00:20:32.857, 1, 0 %, 55859 MiB, 103.99 W, 2370 MHz, 12481 MHz, 35
2026/09/27 00:20:33.107, 0, 0 %, 57651 MiB, 89.48 W, 2370 MHz, 12481 MHz, 35
2026/09/27 00:20:33.107, 1, 0 %, 55859 MiB, 104.16 W, 2362 MHz, 12481 MHz, 35
2026/09/27 00:20:33.357, 0, 0 %, 57651 MiB, 89.50 W, 2370 MHz, 12481 MHz, 35
2026/09/27 00:20:33.357, 1, 0 %, 55859 MiB, 103.97 W, 2362 MHz, 12481 MHz, 35
2026/09/27 00:20:33.607, 0, 0 %, 57683 MiB, 89.48 W, 2370 MHz, 12481 MHz, 35
2026/09/27 00:20:33.607, 1, 0 %, 55859 MiB, 94.75 W, 2362 MHz, 12481 MHz, 35
2026/09/27 00:20:33.857, 0, 0 %, 57683 MiB, 88.37 W, 2370 MHz, 12481 MHz, 35
2026/09/27 00:20:33.857, 1, 0 %, 55859 MiB, 94.41 W, 2362 MHz, 12481 MHz, 35
2026/09/27 00:20:34.108, 0, 0 %, 57683 MiB, 88.36 W, 2370 MHz, 12481 MHz, 35
2026/09/27 00:20:34.108, 1, 0 %, 55859 MiB, 94.37 W, 2362 MHz, 12481 MHz, 35
2026/09/27 00:20:34.358, 0, 1 %, 57715 MiB, 88.40 W, 2370 MHz, 12481 MHz, 35
2026/09/27 00:20:34.358, 1, 0 %, 55859 MiB, 94.39 W, 2362 MHz, 12481 MHz, 35
2026/09/27 00:20:34.608, 0, 0 %, 57715 MiB, 88.43 W, 2370 MHz, 12481 MHz, 35
2026/09/27 00:20:34.608, 1, 0 %, 55859 MiB, 94.43 W, 2362 MHz, 12481 MHz, 35
2026/09/27 00:20:34.858, 0, 1 %, 57747 MiB, 88.40 W, 2370 MHz, 12481 MHz, 35
2026/09/27 00:20:34.858, 1, 0 %, 55859 MiB, 94.41 W, 2362 MHz, 12481 MHz, 35
2026/09/27 00:20:35.108, 0, 0 %, 57747 MiB, 88.44 W, 2370 MHz, 12481 MHz, 35
2026/09/27 00:20:35.108, 1, 0 %, 55859 MiB, 94.42 W, 2362 MHz, 12481 MHz, 35
2026/09/27 00:20:35.358, 0, 0 %, 57779 MiB, 88.44 W, 2370 MHz, 12481 MHz, 35
2026/09/27 00:20:35.358, 1, 0 %, 57587 MiB, 95.65 W, 2362 MHz, 12481 MHz, 35
2026/09/27 00:20:35.608, 0, 0 %, 57779 MiB, 88.44 W, 2370 MHz, 12481 MHz, 35
2026/09/27 00:20:35.608, 1, 0 %, 57619 MiB, 105.51 W, 2370 MHz, 12481 MHz, 36
2026/09/27 00:20:35.858, 0, 0 %, 57779 MiB, 88.42 W, 2370 MHz, 12481 MHz, 35
2026/09/27 00:20:35.858, 1, 0 %, 57619 MiB, 105.64 W, 2370 MHz, 12481 MHz, 35
2026/09/27 00:20:36.109, 0, 0 %, 57779 MiB, 88.41 W, 2370 MHz, 12481 MHz, 35
2026/09/27 00:20:36.109, 1, 0 %, 57619 MiB, 105.45 W, 2362 MHz, 12481 MHz, 35
2026/09/27 00:20:36.359, 0, 0 %, 57779 MiB, 88.36 W, 2370 MHz, 12481 MHz, 35
2026/09/27 00:20:36.359, 1, 0 %, 57651 MiB, 104.41 W, 2362 MHz, 12481 MHz, 35
2026/09/27 00:20:36.609, 0, 0 %, 57779 MiB, 88.35 W, 2370 MHz, 12481 MHz, 35
2026/09/27 00:20:36.609, 1, 0 %, 57651 MiB, 94.62 W, 2362 MHz, 12481 MHz, 35
2026/09/27 00:20:36.859, 0, 0 %, 57779 MiB, 88.33 W, 2370 MHz, 12481 MHz, 35
2026/09/27 00:20:36.859, 1, 0 %, 57683 MiB, 97.17 W, 2362 MHz, 12481 MHz, 35
2026/09/27 00:20:37.109, 0, 0 %, 57779 MiB, 88.33 W, 2370 MHz, 12481 MHz, 35
2026/09/27 00:20:37.109, 1, 0 %, 57683 MiB, 115.63 W, 2377 MHz, 12481 MHz, 37
2026/09/27 00:20:37.359, 0, 0 %, 57779 MiB, 88.32 W, 2370 MHz, 12481 MHz, 35
2026/09/27 00:20:37.359, 1, 0 %, 57715 MiB, 127.15 W, 2377 MHz, 12481 MHz, 37
2026/09/27 00:20:37.609, 0, 0 %, 57779 MiB, 88.32 W, 2370 MHz, 12481 MHz, 35
2026/09/27 00:20:37.609, 1, 0 %, 57715 MiB, 129.09 W, 2370 MHz, 12481 MHz, 35
2026/09/27 00:20:37.860, 0, 4 %, 59507 MiB, 89.13 W, 2370 MHz, 12481 MHz, 35
2026/09/27 00:20:37.860, 1, 0 %, 57747 MiB, 127.39 W, 2362 MHz, 12481 MHz, 35
2026/09/27 00:20:38.110, 0, 14 %, 59507 MiB, 89.70 W, 2370 MHz, 12481 MHz, 35
2026/09/27 00:20:38.110, 1, 0 %, 57747 MiB, 109.92 W, 2362 MHz, 12481 MHz, 35
2026/09/27 00:20:38.360, 0, 0 %, 59507 MiB, 89.74 W, 2370 MHz, 12481 MHz, 35
2026/09/27 00:20:38.360, 1, 0 %, 57747 MiB, 96.76 W, 2362 MHz, 12481 MHz, 35
2026/09/27 00:20:38.610, 0, 0 %, 59539 MiB, 89.76 W, 2370 MHz, 12481 MHz, 35
2026/09/27 00:20:38.610, 1, 0 %, 57747 MiB, 94.73 W, 2362 MHz, 12481 MHz, 35
2026/09/27 00:20:38.860, 0, 0 %, 59539 MiB, 89.07 W, 2370 MHz, 12481 MHz, 35
2026/09/27 00:20:38.860, 1, 0 %, 57747 MiB, 94.50 W, 2362 MHz, 12481 MHz, 35
2026/09/27 00:20:39.110, 0, 0 %, 59539 MiB, 88.38 W, 2370 MHz, 12481 MHz, 35
2026/09/27 00:20:39.110, 1, 0 %, 57747 MiB, 94.45 W, 2362 MHz, 12481 MHz, 35
2026/09/27 00:20:39.360, 0, 0 %, 59571 MiB, 88.36 W, 2370 MHz, 12481 MHz, 35
2026/09/27 00:20:39.360, 1, 0 %, 57747 MiB, 94.44 W, 2362 MHz, 12481 MHz, 35
2026/09/27 00:20:39.610, 0, 0 %, 59571 MiB, 88.37 W, 2370 MHz, 12481 MHz, 35
2026/09/27 00:20:39.610, 1, 0 %, 57747 MiB, 94.43 W, 2362 MHz, 12481 MHz, 35
2026/09/27 00:20:39.860, 0, 1 %, 59603 MiB, 88.41 W, 2370 MHz, 12481 MHz, 35
2026/09/27 00:20:39.861, 1, 0 %, 57747 MiB, 94.44 W, 2362 MHz, 12481 MHz, 35
2026/09/27 00:20:40.111, 0, 0 %, 59635 MiB, 88.38 W, 2370 MHz, 12481 MHz, 35
2026/09/27 00:20:40.111, 1, 0 %, 57747 MiB, 94.41 W, 2362 MHz, 12481 MHz, 35
2026/09/27 00:20:40.361, 0, 0 %, 59635 MiB, 88.42 W, 2370 MHz, 12481 MHz, 35
2026/09/27 00:20:40.361, 1, 0 %, 59475 MiB, 95.15 W, 2362 MHz, 12481 MHz, 35
2026/09/27 00:20:40.611, 0, 0 %, 59635 MiB, 88.41 W, 2370 MHz, 12481 MHz, 35
2026/09/27 00:20:40.611, 1, 0 %, 59475 MiB, 96.67 W, 2362 MHz, 12481 MHz, 35
2026/09/27 00:20:40.861, 0, 0 %, 59635 MiB, 88.39 W, 2370 MHz, 12481 MHz, 35
2026/09/27 00:20:40.861, 1, 0 %, 59475 MiB, 96.64 W, 2362 MHz, 12481 MHz, 35
2026/09/27 00:20:41.111, 0, 0 %, 59635 MiB, 88.38 W, 2370 MHz, 12481 MHz, 35
2026/09/27 00:20:41.111, 1, 0 %, 59507 MiB, 98.94 W, 2362 MHz, 12481 MHz, 35
2026/09/27 00:20:41.361, 0, 0 %, 59635 MiB, 88.39 W, 2370 MHz, 12481 MHz, 35
2026/09/27 00:20:41.361, 1, 1 %, 59507 MiB, 98.36 W, 2370 MHz, 12481 MHz, 35
2026/09/27 00:20:41.611, 0, 0 %, 59635 MiB, 88.37 W, 2370 MHz, 12481 MHz, 35
2026/09/27 00:20:41.611, 1, 0 %, 59507 MiB, 96.85 W, 2362 MHz, 12481 MHz, 35
2026/09/27 00:20:41.861, 0, 0 %, 59635 MiB, 88.37 W, 2370 MHz, 12481 MHz, 35
2026/09/27 00:20:41.861, 1, 0 %, 59539 MiB, 96.88 W, 2362 MHz, 12481 MHz, 35
2026/09/27 00:20:42.112, 0, 0 %, 59635 MiB, 88.40 W, 2370 MHz, 12481 MHz, 35
2026/09/27 00:20:42.112, 1, 0 %, 59539 MiB, 94.68 W, 2362 MHz, 12481 MHz, 35
2026/09/27 00:20:42.362, 0, 0 %, 59635 MiB, 88.41 W, 2370 MHz, 12481 MHz, 35
2026/09/27 00:20:42.362, 1, 0 %, 59603 MiB, 100.30 W, 2362 MHz, 12481 MHz, 36
2026/09/27 00:20:42.612, 0, 0 %, 59635 MiB, 88.38 W, 2370 MHz, 12481 MHz, 35
2026/09/27 00:20:42.612, 1, 0 %, 59603 MiB, 118.50 W, 2377 MHz, 12481 MHz, 37
2026/09/27 00:20:42.862, 0, 20 %, 61395 MiB, 89.42 W, 2370 MHz, 12481 MHz, 35
2026/09/27 00:20:42.862, 1, 0 %, 59603 MiB, 123.97 W, 2377 MHz, 12481 MHz, 36
2026/09/27 00:20:43.112, 0, 0 %, 61395 MiB, 89.43 W, 2370 MHz, 12481 MHz, 35
2026/09/27 00:20:43.112, 1, 0 %, 59603 MiB, 124.09 W, 2362 MHz, 12481 MHz, 35
2026/09/27 00:20:43.362, 0, 0 %, 61395 MiB, 89.38 W, 2370 MHz, 12481 MHz, 35
2026/09/27 00:20:43.362, 1, 0 %, 59603 MiB, 119.05 W, 2362 MHz, 12481 MHz, 35
2026/09/27 00:20:43.612, 0, 0 %, 61427 MiB, 89.44 W, 2370 MHz, 12481 MHz, 35
2026/09/27 00:20:43.612, 1, 0 %, 59603 MiB, 101.05 W, 2362 MHz, 12481 MHz, 35
2026/09/27 00:20:43.862, 0, 0 %, 61427 MiB, 88.41 W, 2370 MHz, 12481 MHz, 35
2026/09/27 00:20:43.863, 1, 0 %, 59603 MiB, 94.50 W, 2362 MHz, 12481 MHz, 35
2026/09/27 00:20:44.113, 0, 0 %, 61427 MiB, 88.41 W, 2370 MHz, 12481 MHz, 35
2026/09/27 00:20:44.113, 1, 0 %, 59603 MiB, 94.33 W, 2362 MHz, 12481 MHz, 35
2026/09/27 00:20:44.363, 0, 0 %, 61459 MiB, 88.45 W, 2370 MHz, 12481 MHz, 35
2026/09/27 00:20:44.363, 1, 0 %, 59603 MiB, 94.31 W, 2362 MHz, 12481 MHz, 35
2026/09/27 00:20:44.613, 0, 0 %, 61459 MiB, 88.41 W, 2370 MHz, 12481 MHz, 35
2026/09/27 00:20:44.613, 1, 0 %, 59603 MiB, 94.35 W, 2362 MHz, 12481 MHz, 35
2026/09/27 00:20:44.863, 0, 1 %, 61491 MiB, 88.39 W, 2370 MHz, 12481 MHz, 35
2026/09/27 00:20:44.863, 1, 0 %, 59603 MiB, 94.35 W, 2362 MHz, 12481 MHz, 35
2026/09/27 00:20:45.113, 0, 0 %, 61523 MiB, 88.35 W, 2370 MHz, 12481 MHz, 35
2026/09/27 00:20:45.113, 1, 0 %, 59603 MiB, 94.32 W, 2362 MHz, 12481 MHz, 35
2026/09/27 00:20:45.363, 0, 0 %, 61523 MiB, 88.35 W, 2370 MHz, 12481 MHz, 35
2026/09/27 00:20:45.363, 1, 0 %, 61331 MiB, 94.95 W, 2362 MHz, 12481 MHz, 35
2026/09/27 00:20:45.613, 0, 0 %, 61523 MiB, 88.37 W, 2370 MHz, 12481 MHz, 35
2026/09/27 00:20:45.613, 1, 0 %, 61363 MiB, 95.71 W, 2362 MHz, 12481 MHz, 35
2026/09/27 00:20:45.863, 0, 0 %, 61523 MiB, 88.38 W, 2370 MHz, 12481 MHz, 35
2026/09/27 00:20:45.863, 1, 0 %, 61363 MiB, 95.90 W, 2362 MHz, 12481 MHz, 35
2026/09/27 00:20:46.114, 0, 0 %, 61523 MiB, 88.41 W, 2370 MHz, 12481 MHz, 35
2026/09/27 00:20:46.114, 1, 0 %, 61363 MiB, 95.92 W, 2362 MHz, 12481 MHz, 35
2026/09/27 00:20:46.364, 0, 0 %, 61523 MiB, 88.38 W, 2370 MHz, 12481 MHz, 35
2026/09/27 00:20:46.364, 1, 0 %, 61395 MiB, 97.64 W, 2370 MHz, 12481 MHz, 35
2026/09/27 00:20:46.614, 0, 0 %, 61523 MiB, 88.38 W, 2370 MHz, 12481 MHz, 35
2026/09/27 00:20:46.614, 1, 0 %, 61395 MiB, 96.87 W, 2362 MHz, 12481 MHz, 35
2026/09/27 00:20:46.864, 0, 0 %, 61523 MiB, 88.37 W, 2370 MHz, 12481 MHz, 35
2026/09/27 00:20:46.864, 1, 0 %, 61427 MiB, 96.59 W, 2362 MHz, 12481 MHz, 35
2026/09/27 00:20:47.114, 0, 0 %, 61523 MiB, 88.36 W, 2370 MHz, 12481 MHz, 35
2026/09/27 00:20:47.114, 1, 0 %, 61427 MiB, 96.67 W, 2362 MHz, 12481 MHz, 35
2026/09/27 00:20:47.364, 0, 0 %, 61523 MiB, 88.37 W, 2370 MHz, 12481 MHz, 35
2026/09/27 00:20:47.364, 1, 0 %, 61427 MiB, 94.41 W, 2362 MHz, 12481 MHz, 35
2026/09/27 00:20:47.614, 0, 0 %, 61523 MiB, 88.36 W, 2370 MHz, 12481 MHz, 35
2026/09/27 00:20:47.614, 1, 0 %, 61491 MiB, 94.44 W, 2362 MHz, 12481 MHz, 35
2026/09/27 00:20:47.864, 0, 0 %, 63251 MiB, 88.35 W, 2370 MHz, 12481 MHz, 35
2026/09/27 00:20:47.864, 1, 0 %, 61491 MiB, 96.67 W, 2362 MHz, 12481 MHz, 35
2026/09/27 00:20:48.114, 0, 18 %, 63283 MiB, 89.50 W, 2370 MHz, 12481 MHz, 35
2026/09/27 00:20:48.114, 1, 0 %, 61491 MiB, 96.71 W, 2362 MHz, 12481 MHz, 35
2026/09/27 00:20:48.365, 0, 0 %, 63283 MiB, 89.61 W, 2370 MHz, 12481 MHz, 35
2026/09/27 00:20:48.365, 1, 0 %, 61491 MiB, 96.69 W, 2362 MHz, 12481 MHz, 35
2026/09/27 00:20:48.615, 0, 0 %, 63283 MiB, 89.55 W, 2370 MHz, 12481 MHz, 35
2026/09/27 00:20:48.615, 1, 0 %, 61491 MiB, 96.70 W, 2362 MHz, 12481 MHz, 35
2026/09/27 00:20:48.865, 0, 0 %, 63315 MiB, 89.62 W, 2370 MHz, 12481 MHz, 35
2026/09/27 00:20:48.865, 1, 0 %, 61491 MiB, 94.48 W, 2362 MHz, 12481 MHz, 35
2026/09/27 00:20:49.115, 0, 0 %, 63315 MiB, 88.48 W, 2370 MHz, 12481 MHz, 35
2026/09/27 00:20:49.115, 1, 0 %, 61491 MiB, 94.41 W, 2362 MHz, 12481 MHz, 35
2026/09/27 00:20:49.365, 0, 0 %, 63347 MiB, 88.38 W, 2370 MHz, 12481 MHz, 35
2026/09/27 00:20:49.365, 1, 0 %, 61491 MiB, 94.33 W, 2362 MHz, 12481 MHz, 35
2026/09/27 00:20:49.615, 0, 0 %, 63347 MiB, 88.38 W, 2370 MHz, 12481 MHz, 35
2026/09/27 00:20:49.615, 1, 0 %, 61491 MiB, 94.33 W, 2362 MHz, 12481 MHz, 35
2026/09/27 00:20:49.865, 0, 0 %, 63379 MiB, 88.37 W, 2370 MHz, 12481 MHz, 35
2026/09/27 00:20:49.865, 1, 0 %, 61491 MiB, 94.31 W, 2362 MHz, 12481 MHz, 35
2026/09/27 00:20:50.115, 0, 0 %, 63379 MiB, 88.39 W, 2370 MHz, 12481 MHz, 35
2026/09/27 00:20:50.115, 1, 0 %, 61491 MiB, 94.31 W, 2362 MHz, 12481 MHz, 35
2026/09/27 00:20:50.365, 0, 0 %, 63411 MiB, 88.40 W, 2370 MHz, 12481 MHz, 35
2026/09/27 00:20:50.366, 1, 0 %, 63219 MiB, 94.72 W, 2362 MHz, 12481 MHz, 35
2026/09/27 00:20:50.616, 0, 0 %, 63411 MiB, 88.40 W, 2370 MHz, 12481 MHz, 35
2026/09/27 00:20:50.616, 1, 1 %, 63251 MiB, 101.56 W, 2362 MHz, 12481 MHz, 36
2026/09/27 00:20:50.866, 0, 0 %, 63411 MiB, 88.37 W, 2370 MHz, 12481 MHz, 35
2026/09/27 00:20:50.866, 1, 0 %, 63251 MiB, 108.32 W, 2377 MHz, 12481 MHz, 36
2026/09/27 00:20:51.116, 0, 0 %, 63411 MiB, 88.37 W, 2370 MHz, 12481 MHz, 35
2026/09/27 00:20:51.116, 1, 0 %, 63283 MiB, 110.25 W, 2362 MHz, 12481 MHz, 35
2026/09/27 00:20:51.366, 0, 0 %, 63411 MiB, 88.38 W, 2370 MHz, 12481 MHz, 35
2026/09/27 00:20:51.366, 1, 1 %, 63283 MiB, 110.11 W, 2362 MHz, 12481 MHz, 35
2026/09/27 00:20:51.616, 0, 0 %, 63411 MiB, 88.38 W, 2370 MHz, 12481 MHz, 35
2026/09/27 00:20:51.616, 1, 0 %, 63283 MiB, 104.50 W, 2362 MHz, 12481 MHz, 35
2026/09/27 00:20:51.866, 0, 0 %, 63411 MiB, 88.36 W, 2370 MHz, 12481 MHz, 35
2026/09/27 00:20:51.866, 1, 1 %, 63315 MiB, 96.67 W, 2362 MHz, 12481 MHz, 35
2026/09/27 00:20:52.116, 0, 0 %, 63411 MiB, 88.34 W, 2370 MHz, 12481 MHz, 35
2026/09/27 00:20:52.116, 1, 0 %, 63315 MiB, 95.86 W, 2362 MHz, 12481 MHz, 35
2026/09/27 00:20:52.366, 0, 0 %, 63411 MiB, 88.31 W, 2370 MHz, 12481 MHz, 35
2026/09/27 00:20:52.366, 1, 0 %, 63347 MiB, 94.32 W, 2362 MHz, 12481 MHz, 35
2026/09/27 00:20:52.617, 0, 0 %, 63411 MiB, 88.34 W, 2370 MHz, 12481 MHz, 35
2026/09/27 00:20:52.617, 1, 0 %, 63347 MiB, 98.93 W, 2362 MHz, 12481 MHz, 35
2026/09/27 00:20:52.867, 0, 19 %, 65139 MiB, 89.54 W, 2370 MHz, 12481 MHz, 35
2026/09/27 00:20:52.867, 1, 0 %, 63379 MiB, 103.02 W, 2370 MHz, 12481 MHz, 35
2026/09/27 00:20:53.117, 0, 0 %, 65171 MiB, 89.66 W, 2370 MHz, 12481 MHz, 35
2026/09/27 00:20:53.117, 1, 0 %, 63379 MiB, 103.06 W, 2362 MHz, 12481 MHz, 35
2026/09/27 00:20:53.367, 0, 0 %, 65171 MiB, 89.66 W, 2370 MHz, 12481 MHz, 35
2026/09/27 00:20:53.367, 1, 0 %, 63379 MiB, 103.25 W, 2362 MHz, 12481 MHz, 35
2026/09/27 00:20:53.617, 0, 0 %, 65171 MiB, 89.59 W, 2370 MHz, 12481 MHz, 35
2026/09/27 00:20:53.617, 1, 0 %, 63379 MiB, 99.79 W, 2362 MHz, 12481 MHz, 35
2026/09/27 00:20:53.867, 0, 0 %, 65203 MiB, 88.57 W, 2370 MHz, 12481 MHz, 35
2026/09/27 00:20:53.867, 1, 0 %, 63379 MiB, 94.36 W, 2362 MHz, 12481 MHz, 35
2026/09/27 00:20:54.117, 0, 0 %, 65203 MiB, 88.33 W, 2370 MHz, 12481 MHz, 35
2026/09/27 00:20:54.117, 1, 0 %, 63379 MiB, 94.36 W, 2362 MHz, 12481 MHz, 35
2026/09/27 00:20:54.367, 0, 0 %, 65235 MiB, 88.32 W, 2370 MHz, 12481 MHz, 35
2026/09/27 00:20:54.367, 1, 0 %, 63379 MiB, 94.34 W, 2362 MHz, 12481 MHz, 35
2026/09/27 00:20:54.617, 0, 0 %, 65235 MiB, 88.34 W, 2370 MHz, 12481 MHz, 35
2026/09/27 00:20:54.617, 1, 0 %, 63379 MiB, 94.36 W, 2362 MHz, 12481 MHz, 35
2026/09/27 00:20:54.868, 0, 0 %, 65267 MiB, 88.34 W, 2370 MHz, 12481 MHz, 35
2026/09/27 00:20:54.868, 1, 0 %, 63379 MiB, 94.34 W, 2362 MHz, 12481 MHz, 35
2026/09/27 00:20:55.118, 0, 0 %, 65267 MiB, 88.36 W, 2370 MHz, 12481 MHz, 35
2026/09/27 00:20:55.118, 1, 0 %, 63379 MiB, 94.36 W, 2362 MHz, 12481 MHz, 35
2026/09/27 00:20:55.368, 0, 0 %, 65299 MiB, 88.42 W, 2370 MHz, 12481 MHz, 35
2026/09/27 00:20:55.368, 1, 0 %, 65107 MiB, 95.12 W, 2362 MHz, 12481 MHz, 35
2026/09/27 00:20:55.618, 0, 0 %, 65299 MiB, 88.43 W, 2370 MHz, 12481 MHz, 35
2026/09/27 00:20:55.618, 1, 0 %, 65139 MiB, 104.85 W, 2370 MHz, 12481 MHz, 36
2026/09/27 00:20:55.868, 0, 0 %, 65299 MiB, 88.36 W, 2370 MHz, 12481 MHz, 35
2026/09/27 00:20:55.868, 1, 0 %, 65139 MiB, 104.81 W, 2370 MHz, 12481 MHz, 35
2026/09/27 00:20:56.118, 0, 0 %, 65299 MiB, 88.35 W, 2370 MHz, 12481 MHz, 35
2026/09/27 00:20:56.118, 1, 0 %, 65139 MiB, 105.04 W, 2362 MHz, 12481 MHz, 35
2026/09/27 00:20:56.368, 0, 0 %, 65299 MiB, 88.28 W, 2370 MHz, 12481 MHz, 35
2026/09/27 00:20:56.368, 1, 0 %, 65171 MiB, 104.29 W, 2362 MHz, 12481 MHz, 35
2026/09/27 00:20:56.618, 0, 0 %, 65299 MiB, 88.28 W, 2370 MHz, 12481 MHz, 35
2026/09/27 00:20:56.618, 1, 0 %, 65171 MiB, 94.72 W, 2362 MHz, 12481 MHz, 35
2026/09/27 00:20:56.869, 0, 0 %, 65299 MiB, 88.28 W, 2370 MHz, 12481 MHz, 35
2026/09/27 00:20:56.869, 1, 0 %, 65203 MiB, 94.42 W, 2362 MHz, 12481 MHz, 35
2026/09/27 00:20:57.119, 0, 0 %, 65299 MiB, 88.24 W, 2370 MHz, 12481 MHz, 35
2026/09/27 00:20:57.119, 1, 0 %, 65203 MiB, 94.36 W, 2362 MHz, 12481 MHz, 35
2026/09/27 00:20:57.369, 0, 0 %, 65299 MiB, 88.21 W, 2370 MHz, 12481 MHz, 35
2026/09/27 00:20:57.369, 1, 0 %, 65235 MiB, 94.32 W, 2362 MHz, 12481 MHz, 35
2026/09/27 00:20:57.619, 0, 0 %, 65299 MiB, 88.19 W, 2370 MHz, 12481 MHz, 35
2026/09/27 00:20:57.619, 1, 0 %, 65235 MiB, 94.36 W, 2362 MHz, 12481 MHz, 35
2026/09/27 00:20:57.869, 0, 0 %, 67027 MiB, 88.63 W, 2370 MHz, 12481 MHz, 35
2026/09/27 00:20:57.869, 1, 0 %, 65267 MiB, 94.68 W, 2362 MHz, 12481 MHz, 35
2026/09/27 00:20:58.119, 0, 20 %, 67027 MiB, 89.43 W, 2370 MHz, 12481 MHz, 35
2026/09/27 00:20:58.119, 1, 0 %, 65267 MiB, 94.79 W, 2362 MHz, 12481 MHz, 35
2026/09/27 00:20:58.369, 0, 0 %, 67027 MiB, 89.47 W, 2370 MHz, 12481 MHz, 35
2026/09/27 00:20:58.369, 1, 0 %, 65267 MiB, 94.82 W, 2362 MHz, 12481 MHz, 35
2026/09/27 00:20:58.619, 0, 0 %, 67027 MiB, 89.42 W, 2370 MHz, 12481 MHz, 35
2026/09/27 00:20:58.619, 1, 0 %, 65267 MiB, 94.73 W, 2362 MHz, 12481 MHz, 35
2026/09/27 00:20:58.869, 0, 0 %, 67059 MiB, 89.17 W, 2370 MHz, 12481 MHz, 35
2026/09/27 00:20:58.869, 1, 0 %, 65267 MiB, 94.70 W, 2362 MHz, 12481 MHz, 35
2026/09/27 00:20:59.120, 0, 0 %, 67059 MiB, 88.26 W, 2370 MHz, 12481 MHz, 35
2026/09/27 00:20:59.120, 1, 0 %, 65267 MiB, 94.32 W, 2362 MHz, 12481 MHz, 35
2026/09/27 00:20:59.370, 0, 0 %, 67091 MiB, 88.22 W, 2370 MHz, 12481 MHz, 35
2026/09/27 00:20:59.370, 1, 0 %, 65267 MiB, 94.32 W, 2362 MHz, 12481 MHz, 35
2026/09/27 00:20:59.620, 0, 0 %, 67091 MiB, 88.26 W, 2370 MHz, 12481 MHz, 35
2026/09/27 00:20:59.620, 1, 0 %, 65267 MiB, 94.36 W, 2362 MHz, 12481 MHz, 35
2026/09/27 00:20:59.870, 0, 0 %, 67123 MiB, 88.23 W, 2370 MHz, 12481 MHz, 35
2026/09/27 00:20:59.870, 1, 0 %, 65267 MiB, 94.39 W, 2362 MHz, 12481 MHz, 35
2026/09/27 00:21:00.120, 0, 0 %, 67155 MiB, 88.25 W, 2370 MHz, 12481 MHz, 35
2026/09/27 00:21:00.120, 1, 0 %, 65267 MiB, 94.38 W, 2362 MHz, 12481 MHz, 35
2026/09/27 00:21:00.370, 0, 0 %, 67155 MiB, 88.27 W, 2370 MHz, 12481 MHz, 35
2026/09/27 00:21:00.370, 1, 0 %, 66995 MiB, 94.95 W, 2362 MHz, 12481 MHz, 35
2026/09/27 00:21:00.620, 0, 0 %, 67155 MiB, 88.26 W, 2370 MHz, 12481 MHz, 35
2026/09/27 00:21:00.620, 1, 3 %, 66995 MiB, 95.70 W, 2362 MHz, 12481 MHz, 35
2026/09/27 00:21:00.870, 0, 0 %, 67155 MiB, 88.23 W, 2370 MHz, 12481 MHz, 35
2026/09/27 00:21:00.871, 1, 0 %, 66995 MiB, 95.68 W, 2362 MHz, 12481 MHz, 35
2026/09/27 00:21:01.121, 0, 0 %, 67155 MiB, 88.23 W, 2370 MHz, 12481 MHz, 35
2026/09/27 00:21:01.121, 1, 0 %, 67027 MiB, 95.99 W, 2362 MHz, 12481 MHz, 35
2026/09/27 00:21:01.371, 0, 0 %, 67155 MiB, 88.22 W, 2370 MHz, 12481 MHz, 35
2026/09/27 00:21:01.371, 1, 1 %, 67027 MiB, 95.52 W, 2362 MHz, 12481 MHz, 35
2026/09/27 00:21:01.621, 0, 0 %, 67155 MiB, 88.25 W, 2370 MHz, 12481 MHz, 35
2026/09/27 00:21:01.621, 1, 0 %, 67027 MiB, 94.68 W, 2362 MHz, 12481 MHz, 35
2026/09/27 00:21:01.871, 0, 0 %, 67155 MiB, 88.30 W, 2370 MHz, 12481 MHz, 35
2026/09/27 00:21:01.871, 1, 1 %, 67059 MiB, 94.74 W, 2362 MHz, 12481 MHz, 35
2026/09/27 00:21:02.121, 0, 0 %, 67155 MiB, 88.32 W, 2370 MHz, 12481 MHz, 35
2026/09/27 00:21:02.121, 1, 0 %, 67059 MiB, 94.40 W, 2362 MHz, 12481 MHz, 35
2026/09/27 00:21:02.371, 0, 0 %, 67155 MiB, 88.33 W, 2370 MHz, 12481 MHz, 35
2026/09/27 00:21:02.371, 1, 0 %, 67091 MiB, 95.18 W, 2362 MHz, 12481 MHz, 35
2026/09/27 00:21:02.621, 0, 0 %, 67155 MiB, 88.29 W, 2370 MHz, 12481 MHz, 35
2026/09/27 00:21:02.621, 1, 0 %, 67123 MiB, 96.59 W, 2370 MHz, 12481 MHz, 35
2026/09/27 00:21:02.871, 0, 13 %, 68883 MiB, 89.23 W, 2370 MHz, 12481 MHz, 35
2026/09/27 00:21:02.871, 1, 0 %, 67123 MiB, 96.90 W, 2362 MHz, 12481 MHz, 35
2026/09/27 00:21:03.122, 0, 4 %, 68915 MiB, 89.45 W, 2370 MHz, 12481 MHz, 35
2026/09/27 00:21:03.122, 1, 0 %, 67123 MiB, 96.92 W, 2362 MHz, 12481 MHz, 35
2026/09/27 00:21:03.372, 0, 0 %, 68915 MiB, 89.46 W, 2370 MHz, 12481 MHz, 35
2026/09/27 00:21:03.372, 1, 0 %, 67123 MiB, 96.89 W, 2362 MHz, 12481 MHz, 35
2026/09/27 00:21:03.622, 0, 0 %, 68915 MiB, 89.50 W, 2370 MHz, 12481 MHz, 35
2026/09/27 00:21:03.622, 1, 0 %, 67123 MiB, 94.65 W, 2362 MHz, 12481 MHz, 35
2026/09/27 00:21:03.872, 0, 1 %, 68947 MiB, 88.66 W, 2370 MHz, 12481 MHz, 35
2026/09/27 00:21:03.872, 1, 0 %, 67123 MiB, 94.26 W, 2362 MHz, 12481 MHz, 35
2026/09/27 00:21:04.122, 0, 0 %, 68947 MiB, 88.26 W, 2370 MHz, 12481 MHz, 35
2026/09/27 00:21:04.122, 1, 0 %, 67123 MiB, 94.28 W, 2362 MHz, 12481 MHz, 35
2026/09/27 00:21:04.372, 0, 0 %, 68979 MiB, 88.30 W, 2370 MHz, 12481 MHz, 35
2026/09/27 00:21:04.372, 1, 0 %, 67123 MiB, 94.33 W, 2362 MHz, 12481 MHz, 35
2026/09/27 00:21:04.622, 0, 1 %, 68979 MiB, 88.30 W, 2370 MHz, 12481 MHz, 35
2026/09/27 00:21:04.622, 1, 0 %, 67123 MiB, 94.30 W, 2362 MHz, 12481 MHz, 35
2026/09/27 00:21:04.872, 0, 0 %, 68979 MiB, 88.30 W, 2370 MHz, 12481 MHz, 35
2026/09/27 00:21:04.872, 1, 0 %, 67123 MiB, 94.30 W, 2362 MHz, 12481 MHz, 35
2026/09/27 00:21:05.122, 0, 1 %, 69043 MiB, 88.33 W, 2370 MHz, 12481 MHz, 35
2026/09/27 00:21:05.122, 1, 0 %, 67123 MiB, 94.32 W, 2362 MHz, 12481 MHz, 35
2026/09/27 00:21:05.373, 0, 0 %, 69043 MiB, 88.34 W, 2370 MHz, 12481 MHz, 35
2026/09/27 00:21:05.373, 1, 0 %, 68851 MiB, 94.32 W, 2362 MHz, 12481 MHz, 35
2026/09/27 00:21:05.623, 0, 0 %, 69043 MiB, 88.33 W, 2370 MHz, 12481 MHz, 35
2026/09/27 00:21:05.623, 1, 16 %, 68883 MiB, 95.50 W, 2362 MHz, 12481 MHz, 35
2026/09/27 00:21:05.873, 0, 0 %, 69043 MiB, 88.32 W, 2370 MHz, 12481 MHz, 35
2026/09/27 00:21:05.873, 1, 0 %, 68883 MiB, 97.18 W, 2362 MHz, 12481 MHz, 35
2026/09/27 00:21:06.123, 0, 0 %, 69043 MiB, 88.36 W, 2370 MHz, 12481 MHz, 35
2026/09/27 00:21:06.123, 1, 0 %, 68883 MiB, 97.24 W, 2362 MHz, 12481 MHz, 35
2026/09/27 00:21:06.373, 0, 0 %, 69043 MiB, 88.32 W, 2370 MHz, 12481 MHz, 35
2026/09/27 00:21:06.373, 1, 0 %, 68915 MiB, 97.23 W, 2362 MHz, 12481 MHz, 35
2026/09/27 00:21:06.623, 0, 0 %, 69043 MiB, 88.33 W, 2370 MHz, 12481 MHz, 35
2026/09/27 00:21:06.623, 1, 0 %, 68915 MiB, 96.06 W, 2362 MHz, 12481 MHz, 35
2026/09/27 00:21:06.873, 0, 0 %, 69043 MiB, 88.31 W, 2370 MHz, 12481 MHz, 35
2026/09/27 00:21:06.873, 1, 0 %, 68915 MiB, 94.42 W, 2362 MHz, 12481 MHz, 35
2026/09/27 00:21:07.123, 0, 0 %, 69043 MiB, 88.27 W, 2370 MHz, 12481 MHz, 35
2026/09/27 00:21:07.123, 1, 1 %, 68947 MiB, 94.34 W, 2362 MHz, 12481 MHz, 35
2026/09/27 00:21:07.373, 0, 0 %, 69043 MiB, 88.56 W, 2370 MHz, 12481 MHz, 35
2026/09/27 00:21:07.374, 1, 0 %, 68947 MiB, 94.54 W, 2362 MHz, 12481 MHz, 35
2026/09/27 00:21:07.624, 0, 0 %, 69043 MiB, 88.58 W, 2370 MHz, 12481 MHz, 35
2026/09/27 00:21:07.624, 1, 1 %, 69011 MiB, 94.57 W, 2362 MHz, 12481 MHz, 35
2026/09/27 00:21:07.874, 0, 0 %, 69043 MiB, 88.61 W, 2370 MHz, 12481 MHz, 35
2026/09/27 00:21:07.874, 1, 0 %, 69011 MiB, 99.57 W, 2370 MHz, 12481 MHz, 35
2026/09/27 00:21:08.124, 0, 14 %, 70803 MiB, 89.39 W, 2370 MHz, 12481 MHz, 35
2026/09/27 00:21:08.124, 1, 0 %, 69011 MiB, 110.98 W, 2370 MHz, 12481 MHz, 36
2026/09/27 00:21:08.374, 0, 3 %, 70803 MiB, 89.33 W, 2370 MHz, 12481 MHz, 35
2026/09/27 00:21:08.374, 1, 0 %, 69011 MiB, 123.42 W, 2377 MHz, 12481 MHz, 37
2026/09/27 00:21:08.624, 0, 0 %, 70803 MiB, 89.38 W, 2370 MHz, 12481 MHz, 35
2026/09/27 00:21:08.624, 1, 0 %, 69011 MiB, 140.92 W, 2377 MHz, 12481 MHz, 37
2026/09/27 00:21:08.874, 0, 1 %, 70835 MiB, 89.33 W, 2370 MHz, 12481 MHz, 35
2026/09/27 00:21:08.874, 1, 0 %, 69011 MiB, 146.77 W, 2377 MHz, 12481 MHz, 37
2026/09/27 00:21:09.124, 0, 0 %, 70835 MiB, 88.53 W, 2370 MHz, 12481 MHz, 35
2026/09/27 00:21:09.124, 1, 0 %, 69011 MiB, 135.12 W, 2370 MHz, 12481 MHz, 35
2026/09/27 00:21:09.374, 0, 0 %, 70867 MiB, 88.28 W, 2370 MHz, 12481 MHz, 35
2026/09/27 00:21:09.374, 1, 0 %, 69011 MiB, 123.46 W, 2362 MHz, 12481 MHz, 35
2026/09/27 00:21:09.624, 0, 1 %, 70867 MiB, 88.24 W, 2370 MHz, 12481 MHz, 35
2026/09/27 00:21:09.625, 1, 0 %, 69011 MiB, 104.47 W, 2362 MHz, 12481 MHz, 35
2026/09/27 00:21:09.875, 0, 0 %, 70867 MiB, 88.29 W, 2370 MHz, 12481 MHz, 35
2026/09/27 00:21:09.875, 1, 0 %, 69011 MiB, 94.60 W, 2362 MHz, 12481 MHz, 35
2026/09/27 00:21:10.125, 0, 1 %, 70899 MiB, 88.29 W, 2370 MHz, 12481 MHz, 35
2026/09/27 00:21:10.125, 1, 0 %, 69011 MiB, 94.42 W, 2362 MHz, 12481 MHz, 35
2026/09/27 00:21:10.375, 0, 0 %, 70899 MiB, 88.29 W, 2370 MHz, 12481 MHz, 35
2026/09/27 00:21:10.375, 1, 0 %, 69011 MiB, 94.42 W, 2362 MHz, 12481 MHz, 35
2026/09/27 00:21:10.625, 0, 0 %, 70931 MiB, 88.41 W, 2370 MHz, 12481 MHz, 35
2026/09/27 00:21:10.625, 1, 18 %, 70771 MiB, 96.53 W, 2362 MHz, 12481 MHz, 35
2026/09/27 00:21:10.875, 0, 0 %, 70931 MiB, 88.35 W, 2370 MHz, 12481 MHz, 35
2026/09/27 00:21:10.875, 1, 0 %, 70771 MiB, 97.75 W, 2370 MHz, 12481 MHz, 35
2026/09/27 00:21:11.125, 0, 0 %, 70931 MiB, 88.33 W, 2370 MHz, 12481 MHz, 35
2026/09/27 00:21:11.125, 1, 0 %, 70771 MiB, 97.68 W, 2362 MHz, 12481 MHz, 35
2026/09/27 00:21:11.375, 0, 0 %, 70931 MiB, 88.37 W, 2370 MHz, 12481 MHz, 35
2026/09/27 00:21:11.375, 1, 0 %, 70803 MiB, 98.49 W, 2362 MHz, 12481 MHz, 35
2026/09/27 00:21:11.625, 0, 0 %, 70931 MiB, 88.30 W, 2370 MHz, 12481 MHz, 35
2026/09/27 00:21:11.625, 1, 0 %, 70803 MiB, 96.31 W, 2362 MHz, 12481 MHz, 35
2026/09/27 00:21:11.876, 0, 0 %, 70931 MiB, 88.32 W, 2370 MHz, 12481 MHz, 35
2026/09/27 00:21:11.876, 1, 0 %, 70835 MiB, 95.18 W, 2362 MHz, 12481 MHz, 35
2026/09/27 00:21:12.126, 0, 0 %, 70931 MiB, 88.31 W, 2370 MHz, 12481 MHz, 35
2026/09/27 00:21:12.126, 1, 0 %, 70835 MiB, 95.20 W, 2362 MHz, 12481 MHz, 35
2026/09/27 00:21:12.376, 0, 0 %, 70931 MiB, 88.29 W, 2370 MHz, 12481 MHz, 35
2026/09/27 00:21:12.376, 1, 0 %, 70835 MiB, 94.43 W, 2362 MHz, 12481 MHz, 35
2026/09/27 00:21:12.626, 0, 0 %, 70931 MiB, 88.27 W, 2370 MHz, 12481 MHz, 35
2026/09/27 00:21:12.626, 1, 0 %, 70867 MiB, 94.36 W, 2362 MHz, 12481 MHz, 35
2026/09/27 00:21:12.876, 0, 0 %, 72659 MiB, 88.68 W, 2370 MHz, 12481 MHz, 35
2026/09/27 00:21:12.876, 1, 0 %, 70899 MiB, 103.26 W, 2370 MHz, 12481 MHz, 36
2026/09/27 00:21:13.126, 0, 20 %, 72659 MiB, 89.53 W, 2370 MHz, 12481 MHz, 35
2026/09/27 00:21:13.126, 1, 0 %, 70899 MiB, 121.14 W, 2377 MHz, 12481 MHz, 37
2026/09/27 00:21:13.376, 0, 0 %, 72691 MiB, 89.57 W, 2370 MHz, 12481 MHz, 35
2026/09/27 00:21:13.376, 1, 0 %, 70899 MiB, 133.20 W, 2377 MHz, 12481 MHz, 37
2026/09/27 00:21:13.626, 0, 0 %, 72691 MiB, 89.58 W, 2370 MHz, 12481 MHz, 35
2026/09/27 00:21:13.626, 1, 0 %, 70899 MiB, 151.32 W, 2377 MHz, 12481 MHz, 37
2026/09/27 00:21:13.876, 0, 0 %, 72723 MiB, 89.17 W, 2370 MHz, 12481 MHz, 35
2026/09/27 00:21:13.876, 1, 0 %, 70899 MiB, 149.07 W, 2377 MHz, 12481 MHz, 36
2026/09/27 00:21:14.127, 0, 0 %, 72723 MiB, 88.38 W, 2370 MHz, 12481 MHz, 35
2026/09/27 00:21:14.127, 1, 0 %, 70899 MiB, 130.57 W, 2362 MHz, 12481 MHz, 35
2026/09/27 00:21:14.377, 0, 0 %, 72723 MiB, 88.35 W, 2370 MHz, 12481 MHz, 35
2026/09/27 00:21:14.377, 1, 0 %, 70899 MiB, 118.30 W, 2362 MHz, 12481 MHz, 35
2026/09/27 00:21:14.627, 0, 0 %, 72755 MiB, 88.33 W, 2370 MHz, 12481 MHz, 35
2026/09/27 00:21:14.627, 1, 0 %, 70899 MiB, 99.87 W, 2362 MHz, 12481 MHz, 35
2026/09/27 00:21:14.877, 0, 0 %, 72755 MiB, 88.31 W, 2370 MHz, 12481 MHz, 35
2026/09/27 00:21:14.877, 1, 0 %, 70899 MiB, 94.46 W, 2362 MHz, 12481 MHz, 35
2026/09/27 00:21:15.127, 0, 1 %, 72787 MiB, 88.31 W, 2370 MHz, 12481 MHz, 35
2026/09/27 00:21:15.127, 1, 0 %, 70899 MiB, 94.36 W, 2362 MHz, 12481 MHz, 35
2026/09/27 00:21:15.377, 0, 0 %, 72787 MiB, 88.30 W, 2370 MHz, 12481 MHz, 35
2026/09/27 00:21:15.377, 1, 0 %, 70899 MiB, 94.38 W, 2362 MHz, 12481 MHz, 35
2026/09/27 00:21:15.627, 0, 0 %, 72819 MiB, 88.35 W, 2370 MHz, 12481 MHz, 35
2026/09/27 00:21:15.627, 1, 18 %, 72627 MiB, 95.47 W, 2362 MHz, 12481 MHz, 35
2026/09/27 00:21:15.877, 0, 0 %, 72819 MiB, 88.36 W, 2370 MHz, 12481 MHz, 35
2026/09/27 00:21:15.877, 1, 0 %, 72659 MiB, 104.25 W, 2370 MHz, 12481 MHz, 37
2026/09/27 00:21:16.128, 0, 0 %, 72819 MiB, 88.34 W, 2370 MHz, 12481 MHz, 35
2026/09/27 00:21:16.128, 1, 0 %, 72659 MiB, 120.90 W, 2377 MHz, 12481 MHz, 37
2026/09/27 00:21:16.378, 0, 0 %, 72819 MiB, 88.37 W, 2370 MHz, 12481 MHz, 35
2026/09/27 00:21:16.378, 1, 0 %, 72659 MiB, 133.75 W, 2377 MHz, 12481 MHz, 37
2026/09/27 00:21:16.629, 0, 0 %, 72819 MiB, 88.46 W, 2370 MHz, 12481 MHz, 35
2026/09/27 00:21:16.629, 1, 0 %, 72691 MiB, 137.04 W, 2377 MHz, 12481 MHz, 35
2026/09/27 00:21:16.879, 0, 0 %, 72819 MiB, 88.44 W, 2370 MHz, 12481 MHz, 35
2026/09/27 00:21:16.879, 1, 0 %, 72691 MiB, 128.38 W, 2370 MHz, 12481 MHz, 35
2026/09/27 00:21:17.129, 0, 0 %, 72819 MiB, 88.45 W, 2370 MHz, 12481 MHz, 35
2026/09/27 00:21:17.129, 1, 0 %, 72723 MiB, 117.93 W, 2362 MHz, 12481 MHz, 36
2026/09/27 00:21:17.379, 0, 0 %, 72819 MiB, 88.48 W, 2370 MHz, 12481 MHz, 35
2026/09/27 00:21:17.379, 1, 0 %, 72723 MiB, 114.36 W, 2377 MHz, 12481 MHz, 37
2026/09/27 00:21:17.629, 0, 0 %, 72819 MiB, 88.32 W, 2370 MHz, 12481 MHz, 35
2026/09/27 00:21:17.629, 1, 0 %, 72755 MiB, 108.49 W, 2362 MHz, 12481 MHz, 35
2026/09/27 00:21:17.880, 0, 0 %, 72819 MiB, 88.33 W, 2370 MHz, 12481 MHz, 35
2026/09/27 00:21:17.880, 1, 0 %, 72755 MiB, 108.49 W, 2362 MHz, 12481 MHz, 35
2026/09/27 00:21:18.130, 0, 0 %, 74547 MiB, 88.62 W, 2370 MHz, 12481 MHz, 35
2026/09/27 00:21:18.130, 1, 0 %, 72787 MiB, 107.53 W, 2362 MHz, 12481 MHz, 35
2026/09/27 00:21:18.380, 0, 19 %, 74547 MiB, 89.48 W, 2370 MHz, 12481 MHz, 35
2026/09/27 00:21:18.380, 1, 0 %, 72787 MiB, 108.58 W, 2377 MHz, 12481 MHz, 37
2026/09/27 00:21:18.630, 0, 0 %, 74547 MiB, 89.56 W, 2370 MHz, 12481 MHz, 35
2026/09/27 00:21:18.630, 1, 0 %, 72787 MiB, 108.28 W, 2370 MHz, 12481 MHz, 35
2026/09/27 00:21:18.880, 0, 0 %, 74579 MiB, 89.59 W, 2370 MHz, 12481 MHz, 35
2026/09/27 00:21:18.880, 1, 0 %, 72787 MiB, 108.27 W, 2362 MHz, 12481 MHz, 35
2026/09/27 00:21:19.130, 0, 0 %, 74579 MiB, 89.33 W, 2370 MHz, 12481 MHz, 35
2026/09/27 00:21:19.130, 1, 0 %, 72787 MiB, 104.55 W, 2362 MHz, 12481 MHz, 35
2026/09/27 00:21:19.380, 0, 0 %, 74579 MiB, 88.41 W, 2370 MHz, 12481 MHz, 35
2026/09/27 00:21:19.381, 1, 0 %, 72787 MiB, 94.54 W, 2362 MHz, 12481 MHz, 35
2026/09/27 00:21:19.631, 0, 0 %, 74611 MiB, 88.42 W, 2370 MHz, 12481 MHz, 35
2026/09/27 00:21:19.631, 1, 0 %, 72787 MiB, 94.44 W, 2362 MHz, 12481 MHz, 35
2026/09/27 00:21:19.881, 0, 0 %, 74611 MiB, 88.40 W, 2370 MHz, 12481 MHz, 35
2026/09/27 00:21:19.881, 1, 0 %, 72787 MiB, 94.44 W, 2362 MHz, 12481 MHz, 35
2026/09/27 00:21:20.131, 0, 0 %, 74643 MiB, 88.36 W, 2370 MHz, 12481 MHz, 35
2026/09/27 00:21:20.131, 1, 0 %, 72787 MiB, 94.35 W, 2362 MHz, 12481 MHz, 35
2026/09/27 00:21:20.381, 0, 0 %, 74675 MiB, 88.36 W, 2370 MHz, 12481 MHz, 35
2026/09/27 00:21:20.381, 1, 0 %, 72787 MiB, 94.42 W, 2362 MHz, 12481 MHz, 35
2026/09/27 00:21:20.631, 0, 0 %, 74675 MiB, 88.38 W, 2370 MHz, 12481 MHz, 35
2026/09/27 00:21:20.631, 1, 2 %, 74515 MiB, 95.04 W, 2362 MHz, 12481 MHz, 35
2026/09/27 00:21:20.882, 0, 0 %, 74675 MiB, 88.32 W, 2370 MHz, 12481 MHz, 35
2026/09/27 00:21:20.882, 1, 15 %, 74515 MiB, 101.97 W, 2362 MHz, 12481 MHz, 36
2026/09/27 00:21:21.132, 0, 0 %, 74675 MiB, 88.36 W, 2370 MHz, 12481 MHz, 35
2026/09/27 00:21:21.132, 1, 0 %, 74515 MiB, 120.53 W, 2377 MHz, 12481 MHz, 37
2026/09/27 00:21:21.382, 0, 0 %, 74675 MiB, 88.37 W, 2370 MHz, 12481 MHz, 35
2026/09/27 00:21:21.382, 1, 0 %, 74547 MiB, 132.04 W, 2377 MHz, 12481 MHz, 37
2026/09/27 00:21:21.632, 0, 0 %, 74675 MiB, 88.35 W, 2370 MHz, 12481 MHz, 35
2026/09/27 00:21:21.632, 1, 0 %, 74547 MiB, 150.68 W, 2377 MHz, 12481 MHz, 37
2026/09/27 00:21:21.882, 0, 0 %, 74675 MiB, 88.32 W, 2370 MHz, 12481 MHz, 35
2026/09/27 00:21:21.882, 1, 0 %, 74547 MiB, 156.07 W, 2377 MHz, 12481 MHz, 37
2026/09/27 00:21:22.132, 0, 0 %, 74675 MiB, 88.30 W, 2370 MHz, 12481 MHz, 35
2026/09/27 00:21:22.133, 1, 0 %, 74579 MiB, 156.15 W, 2377 MHz, 12481 MHz, 37
2026/09/27 00:21:22.383, 0, 0 %, 74675 MiB, 88.26 W, 2370 MHz, 12481 MHz, 35
2026/09/27 00:21:22.383, 1, 0 %, 74579 MiB, 156.22 W, 2377 MHz, 12481 MHz, 37
2026/09/27 00:21:22.633, 0, 0 %, 74675 MiB, 88.27 W, 2370 MHz, 12481 MHz, 35
2026/09/27 00:21:22.633, 1, 0 %, 74611 MiB, 152.46 W, 2377 MHz, 12481 MHz, 38
2026/09/27 00:21:22.883, 0, 0 %, 74675 MiB, 88.30 W, 2370 MHz, 12481 MHz, 35
2026/09/27 00:21:22.883, 1, 0 %, 74643 MiB, 143.87 W, 2370 MHz, 12481 MHz, 37
2026/09/27 00:21:23.133, 0, 0 %, 76403 MiB, 88.83 W, 2370 MHz, 12481 MHz, 35
2026/09/27 00:21:23.133, 1, 0 %, 74643 MiB, 132.91 W, 2377 MHz, 12481 MHz, 36
2026/09/27 00:21:23.384, 0, 19 %, 76435 MiB, 89.56 W, 2370 MHz, 12481 MHz, 35
2026/09/27 00:21:23.384, 1, 0 %, 74643 MiB, 121.29 W, 2370 MHz, 12481 MHz, 35
2026/09/27 00:21:23.634, 0, 0 %, 76435 MiB, 89.52 W, 2370 MHz, 12481 MHz, 35
2026/09/27 00:21:23.634, 1, 0 %, 74643 MiB, 105.65 W, 2370 MHz, 12481 MHz, 35
2026/09/27 00:21:23.884, 0, 0 %, 76435 MiB, 89.47 W, 2370 MHz, 12481 MHz, 35
2026/09/27 00:21:23.884, 1, 0 %, 74643 MiB, 102.05 W, 2370 MHz, 12481 MHz, 35
2026/09/27 00:21:24.134, 0, 0 %, 76467 MiB, 88.98 W, 2370 MHz, 12481 MHz, 35
2026/09/27 00:21:24.134, 1, 0 %, 74643 MiB, 94.73 W, 2370 MHz, 12481 MHz, 35
2026/09/27 00:21:24.384, 0, 0 %, 76467 MiB, 88.26 W, 2370 MHz, 12481 MHz, 35
2026/09/27 00:21:24.385, 1, 0 %, 74643 MiB, 94.68 W, 2362 MHz, 12481 MHz, 35
2026/09/27 00:21:24.635, 0, 0 %, 76499 MiB, 88.25 W, 2370 MHz, 12481 MHz, 35
2026/09/27 00:21:24.635, 1, 0 %, 74643 MiB, 94.60 W, 2362 MHz, 12481 MHz, 35
2026/09/27 00:21:24.885, 0, 0 %, 76499 MiB, 88.34 W, 2370 MHz, 12481 MHz, 35
2026/09/27 00:21:24.885, 1, 0 %, 74643 MiB, 94.57 W, 2362 MHz, 12481 MHz, 35
2026/09/27 00:21:25.135, 0, 0 %, 76499 MiB, 88.33 W, 2370 MHz, 12481 MHz, 35
2026/09/27 00:21:25.135, 1, 0 %, 74643 MiB, 94.54 W, 2362 MHz, 12481 MHz, 35
2026/09/27 00:21:25.385, 0, 0 %, 76563 MiB, 88.36 W, 2370 MHz, 12481 MHz, 35
2026/09/27 00:21:25.385, 1, 0 %, 74643 MiB, 94.55 W, 2362 MHz, 12481 MHz, 35
2026/09/27 00:21:25.636, 0, 0 %, 76563 MiB, 88.34 W, 2370 MHz, 12481 MHz, 35
2026/09/27 00:21:25.636, 1, 0 %, 76179 MiB, 94.60 W, 2362 MHz, 12481 MHz, 35
2026/09/27 00:21:25.886, 0, 0 %, 76563 MiB, 88.38 W, 2370 MHz, 12481 MHz, 35
2026/09/27 00:21:25.886, 1, 17 %, 76403 MiB, 95.60 W, 2362 MHz, 12481 MHz, 35
2026/09/27 00:21:26.137, 0, 0 %, 76563 MiB, 88.38 W, 2370 MHz, 12481 MHz, 35
2026/09/27 00:21:26.137, 1, 0 %, 76403 MiB, 99.12 W, 2362 MHz, 12481 MHz, 35
2026/09/27 00:21:26.387, 0, 0 %, 76563 MiB, 88.39 W, 2370 MHz, 12481 MHz, 35
2026/09/27 00:21:26.387, 1, 0 %, 76403 MiB, 111.44 W, 2377 MHz, 12481 MHz, 37
2026/09/27 00:21:26.637, 0, 0 %, 76563 MiB, 88.38 W, 2370 MHz, 12481 MHz, 35
2026/09/27 00:21:26.637, 1, 0 %, 76403 MiB, 130.01 W, 2377 MHz, 12481 MHz, 37
2026/09/27 00:21:26.887, 0, 0 %, 76563 MiB, 88.32 W, 2370 MHz, 12481 MHz, 35
2026/09/27 00:21:26.887, 1, 1 %, 76435 MiB, 140.43 W, 2377 MHz, 12481 MHz, 37
2026/09/27 00:21:27.137, 0, 0 %, 76563 MiB, 88.32 W, 2370 MHz, 12481 MHz, 35
2026/09/27 00:21:27.138, 1, 0 %, 76435 MiB, 137.60 W, 2370 MHz, 12481 MHz, 35
2026/09/27 00:21:27.388, 0, 0 %, 76563 MiB, 88.43 W, 2370 MHz, 12481 MHz, 35
2026/09/27 00:21:27.388, 1, 0 %, 76467 MiB, 125.00 W, 2370 MHz, 12481 MHz, 35
2026/09/27 00:21:27.638, 0, 0 %, 76563 MiB, 88.56 W, 2370 MHz, 12481 MHz, 35
2026/09/27 00:21:27.638, 1, 0 %, 76467 MiB, 107.58 W, 2370 MHz, 12481 MHz, 35
2026/09/27 00:21:27.888, 0, 0 %, 76563 MiB, 88.56 W, 2370 MHz, 12481 MHz, 35
2026/09/27 00:21:27.888, 1, 0 %, 76467 MiB, 95.49 W, 2370 MHz, 12481 MHz, 35
2026/09/27 00:21:28.138, 0, 0 %, 76563 MiB, 88.55 W, 2370 MHz, 12481 MHz, 35
2026/09/27 00:21:28.139, 1, 1 %, 76531 MiB, 95.16 W, 2362 MHz, 12481 MHz, 35
2026/09/27 00:21:28.389, 0, 0 %, 78291 MiB, 88.41 W, 2370 MHz, 12481 MHz, 35
2026/09/27 00:21:28.389, 1, 0 %, 76531 MiB, 101.92 W, 2370 MHz, 12481 MHz, 36
2026/09/27 00:21:28.639, 0, 5 %, 78323 MiB, 89.39 W, 2370 MHz, 12481 MHz, 35
2026/09/27 00:21:28.639, 1, 0 %, 76531 MiB, 120.40 W, 2377 MHz, 12481 MHz, 37
2026/09/27 00:21:28.889, 0, 0 %, 78323 MiB, 89.43 W, 2370 MHz, 12481 MHz, 35
2026/09/27 00:21:28.889, 1, 0 %, 76531 MiB, 131.98 W, 2377 MHz, 12481 MHz, 37
2026/09/27 00:21:29.139, 0, 0 %, 78323 MiB, 89.44 W, 2370 MHz, 12481 MHz, 35
2026/09/27 00:21:29.139, 1, 0 %, 76531 MiB, 145.28 W, 2377 MHz, 12481 MHz, 37
2026/09/27 00:21:29.390, 0, 0 %, 78355 MiB, 89.53 W, 2370 MHz, 12481 MHz, 35
2026/09/27 00:21:29.390, 1, 0 %, 76531 MiB, 138.37 W, 2370 MHz, 12481 MHz, 36
2026/09/27 00:21:29.640, 0, 0 %, 78355 MiB, 88.45 W, 2370 MHz, 12481 MHz, 35
2026/09/27 00:21:29.640, 1, 0 %, 76531 MiB, 120.59 W, 2370 MHz, 12481 MHz, 35
2026/09/27 00:21:29.890, 0, 0 %, 78387 MiB, 88.41 W, 2370 MHz, 12481 MHz, 35
2026/09/27 00:21:29.890, 1, 0 %, 76531 MiB, 107.58 W, 2362 MHz, 12481 MHz, 35
2026/09/27 00:21:30.140, 0, 0 %, 78387 MiB, 88.42 W, 2370 MHz, 12481 MHz, 35
2026/09/27 00:21:30.140, 1, 0 %, 76531 MiB, 94.83 W, 2362 MHz, 12481 MHz, 35
2026/09/27 00:21:30.390, 0, 0 %, 78419 MiB, 88.33 W, 2370 MHz, 12481 MHz, 35
2026/09/27 00:21:30.390, 1, 0 %, 76531 MiB, 94.72 W, 2370 MHz, 12481 MHz, 35
2026/09/27 00:21:30.640, 0, 0 %, 78419 MiB, 88.37 W, 2370 MHz, 12481 MHz, 35
2026/09/27 00:21:30.640, 1, 0 %, 76531 MiB, 94.64 W, 2362 MHz, 12481 MHz, 35
2026/09/27 00:21:30.890, 0, 0 %, 78451 MiB, 88.41 W, 2370 MHz, 12481 MHz, 35
2026/09/27 00:21:30.890, 1, 0 %, 78259 MiB, 94.87 W, 2362 MHz, 12481 MHz, 35
2026/09/27 00:21:31.140, 0, 0 %, 78451 MiB, 88.41 W, 2370 MHz, 12481 MHz, 35
2026/09/27 00:21:31.140, 1, 20 %, 78291 MiB, 102.77 W, 2362 MHz, 12481 MHz, 36
2026/09/27 00:21:31.391, 0, 0 %, 78451 MiB, 88.47 W, 2370 MHz, 12481 MHz, 35
2026/09/27 00:21:31.391, 1, 0 %, 78291 MiB, 108.32 W, 2377 MHz, 12481 MHz, 36
2026/09/27 00:21:31.641, 0, 0 %, 78451 MiB, 88.45 W, 2370 MHz, 12481 MHz, 35
2026/09/27 00:21:31.641, 1, 0 %, 78323 MiB, 108.40 W, 2362 MHz, 12481 MHz, 35
2026/09/27 00:21:31.891, 0, 0 %, 78451 MiB, 88.37 W, 2370 MHz, 12481 MHz, 35
2026/09/27 00:21:31.891, 1, 1 %, 78323 MiB, 118.89 W, 2370 MHz, 12481 MHz, 37
2026/09/27 00:21:32.141, 0, 0 %, 78451 MiB, 88.36 W, 2370 MHz, 12481 MHz, 35
2026/09/27 00:21:32.141, 1, 0 %, 78323 MiB, 116.38 W, 2377 MHz, 12481 MHz, 36
2026/09/27 00:21:32.391, 0, 0 %, 78451 MiB, 88.34 W, 2370 MHz, 12481 MHz, 35
2026/09/27 00:21:32.391, 1, 0 %, 78355 MiB, 110.61 W, 2362 MHz, 12481 MHz, 35
2026/09/27 00:21:32.641, 0, 0 %, 78451 MiB, 88.33 W, 2370 MHz, 12481 MHz, 35
2026/09/27 00:21:32.641, 1, 0 %, 78355 MiB, 110.53 W, 2362 MHz, 12481 MHz, 35
2026/09/27 00:21:32.891, 0, 0 %, 78451 MiB, 88.32 W, 2370 MHz, 12481 MHz, 35
2026/09/27 00:21:32.891, 1, 1 %, 78387 MiB, 100.06 W, 2362 MHz, 12481 MHz, 35
2026/09/27 00:21:33.141, 0, 0 %, 78451 MiB, 88.31 W, 2370 MHz, 12481 MHz, 35
2026/09/27 00:21:33.141, 1, 0 %, 78387 MiB, 95.28 W, 2370 MHz, 12481 MHz, 35
2026/09/27 00:21:33.391, 0, 0 %, 80179 MiB, 88.86 W, 2370 MHz, 12481 MHz, 35
2026/09/27 00:21:33.391, 1, 0 %, 78419 MiB, 107.43 W, 2370 MHz, 12481 MHz, 37
2026/09/27 00:21:33.642, 0, 20 %, 80211 MiB, 89.31 W, 2370 MHz, 12481 MHz, 35
2026/09/27 00:21:33.642, 1, 0 %, 78419 MiB, 109.19 W, 2370 MHz, 12481 MHz, 35
2026/09/27 00:21:33.892, 0, 0 %, 80211 MiB, 89.31 W, 2370 MHz, 12481 MHz, 35
2026/09/27 00:21:33.892, 1, 0 %, 78419 MiB, 108.94 W, 2370 MHz, 12481 MHz, 35
2026/09/27 00:21:34.142, 0, 0 %, 80211 MiB, 89.35 W, 2370 MHz, 12481 MHz, 35
2026/09/27 00:21:34.142, 1, 0 %, 78419 MiB, 108.53 W, 2362 MHz, 12481 MHz, 35
2026/09/27 00:21:34.392, 0, 0 %, 80243 MiB, 88.79 W, 2370 MHz, 12481 MHz, 35
2026/09/27 00:21:34.392, 1, 0 %, 78419 MiB, 97.52 W, 2362 MHz, 12481 MHz, 35
2026/09/27 00:21:34.642, 0, 0 %, 80243 MiB, 88.41 W, 2370 MHz, 12481 MHz, 35
2026/09/27 00:21:34.642, 1, 0 %, 78419 MiB, 94.54 W, 2362 MHz, 12481 MHz, 35
2026/09/27 00:21:34.892, 0, 0 %, 80275 MiB, 88.43 W, 2370 MHz, 12481 MHz, 35
2026/09/27 00:21:34.892, 1, 0 %, 78419 MiB, 94.52 W, 2362 MHz, 12481 MHz, 35
2026/09/27 00:21:35.142, 0, 0 %, 80275 MiB, 88.47 W, 2370 MHz, 12481 MHz, 35
2026/09/27 00:21:35.142, 1, 0 %, 78419 MiB, 94.56 W, 2362 MHz, 12481 MHz, 35
2026/09/27 00:21:35.392, 0, 0 %, 80275 MiB, 88.46 W, 2370 MHz, 12481 MHz, 35
2026/09/27 00:21:35.392, 1, 0 %, 78419 MiB, 94.58 W, 2362 MHz, 12481 MHz, 35
2026/09/27 00:21:35.643, 0, 0 %, 80307 MiB, 88.52 W, 2370 MHz, 12481 MHz, 35
2026/09/27 00:21:35.643, 1, 0 %, 78419 MiB, 94.58 W, 2370 MHz, 12481 MHz, 35
2026/09/27 00:21:35.893, 0, 0 %, 80339 MiB, 88.50 W, 2370 MHz, 12481 MHz, 35
2026/09/27 00:21:35.893, 1, 0 %, 80147 MiB, 94.60 W, 2362 MHz, 12481 MHz, 35
2026/09/27 00:21:36.143, 0, 0 %, 80339 MiB, 88.52 W, 2370 MHz, 12481 MHz, 35
2026/09/27 00:21:36.143, 1, 19 %, 80147 MiB, 95.98 W, 2362 MHz, 12481 MHz, 35
2026/09/27 00:21:36.393, 0, 0 %, 80339 MiB, 88.50 W, 2370 MHz, 12481 MHz, 35
2026/09/27 00:21:36.393, 1, 0 %, 80179 MiB, 97.85 W, 2370 MHz, 12481 MHz, 35
2026/09/27 00:21:36.643, 0, 0 %, 80339 MiB, 88.46 W, 2370 MHz, 12481 MHz, 35
2026/09/27 00:21:36.643, 1, 0 %, 80179 MiB, 101.85 W, 2370 MHz, 12481 MHz, 35
2026/09/27 00:21:36.893, 0, 0 %, 80339 MiB, 88.44 W, 2370 MHz, 12481 MHz, 35
2026/09/27 00:21:36.893, 1, 0 %, 80211 MiB, 101.79 W, 2362 MHz, 12481 MHz, 35
2026/09/27 00:21:37.143, 0, 0 %, 80339 MiB, 88.36 W, 2370 MHz, 12481 MHz, 35
2026/09/27 00:21:37.143, 1, 0 %, 80211 MiB, 100.42 W, 2362 MHz, 12481 MHz, 35
2026/09/27 00:21:37.393, 0, 0 %, 80339 MiB, 88.36 W, 2370 MHz, 12481 MHz, 35
2026/09/27 00:21:37.393, 1, 0 %, 80211 MiB, 99.73 W, 2362 MHz, 12481 MHz, 35
2026/09/27 00:21:37.643, 0, 0 %, 80339 MiB, 88.32 W, 2370 MHz, 12481 MHz, 35
2026/09/27 00:21:37.643, 1, 0 %, 80243 MiB, 94.57 W, 2362 MHz, 12481 MHz, 35
2026/09/27 00:21:37.894, 0, 0 %, 80339 MiB, 88.38 W, 2370 MHz, 12481 MHz, 35
2026/09/27 00:21:37.894, 1, 0 %, 80243 MiB, 94.61 W, 2362 MHz, 12481 MHz, 35
2026/09/27 00:21:38.144, 0, 0 %, 80339 MiB, 88.41 W, 2370 MHz, 12481 MHz, 35
2026/09/27 00:21:38.144, 1, 0 %, 80275 MiB, 94.59 W, 2370 MHz, 12481 MHz, 35
2026/09/27 00:21:38.394, 0, 0 %, 80339 MiB, 88.39 W, 2370 MHz, 12481 MHz, 35
2026/09/27 00:21:38.394, 1, 0 %, 80275 MiB, 94.70 W, 2362 MHz, 12481 MHz, 35
2026/09/27 00:21:38.644, 0, 0 %, 82067 MiB, 88.88 W, 2370 MHz, 12481 MHz, 35
2026/09/27 00:21:38.644, 1, 0 %, 80307 MiB, 108.45 W, 2370 MHz, 12481 MHz, 37
2026/09/27 00:21:38.894, 0, 0 %, 82067 MiB, 89.38 W, 2370 MHz, 12481 MHz, 35
2026/09/27 00:21:38.894, 1, 0 %, 80307 MiB, 110.45 W, 2377 MHz, 12481 MHz, 36
2026/09/27 00:21:39.144, 0, 0 %, 82067 MiB, 89.39 W, 2370 MHz, 12481 MHz, 35
2026/09/27 00:21:39.144, 1, 0 %, 80307 MiB, 110.19 W, 2370 MHz, 12481 MHz, 35
2026/09/27 00:21:39.394, 0, 0 %, 82099 MiB, 89.48 W, 2370 MHz, 12481 MHz, 35
2026/09/27 00:21:39.394, 1, 0 %, 80307 MiB, 110.40 W, 2370 MHz, 12481 MHz, 35
2026/09/27 00:21:39.645, 0, 1 %, 82099 MiB, 89.14 W, 2370 MHz, 12481 MHz, 35
2026/09/27 00:21:39.645, 1, 0 %, 80307 MiB, 96.35 W, 2370 MHz, 12481 MHz, 35
2026/09/27 00:21:39.895, 0, 0 %, 82099 MiB, 88.48 W, 2370 MHz, 12481 MHz, 35
2026/09/27 00:21:39.895, 1, 0 %, 80307 MiB, 94.63 W, 2370 MHz, 12481 MHz, 35
2026/09/27 00:21:40.145, 0, 1 %, 82131 MiB, 88.46 W, 2370 MHz, 12481 MHz, 35
2026/09/27 00:21:40.145, 1, 0 %, 80307 MiB, 94.63 W, 2370 MHz, 12481 MHz, 35
2026/09/27 00:21:40.395, 0, 0 %, 82131 MiB, 88.42 W, 2370 MHz, 12481 MHz, 35
2026/09/27 00:21:40.395, 1, 0 %, 80307 MiB, 94.57 W, 2362 MHz, 12481 MHz, 35
2026/09/27 00:21:40.645, 0, 0 %, 82163 MiB, 88.39 W, 2370 MHz, 12481 MHz, 35
2026/09/27 00:21:40.645, 1, 0 %, 80307 MiB, 94.48 W, 2362 MHz, 12481 MHz, 35
2026/09/27 00:21:40.895, 0, 0 %, 82195 MiB, 88.35 W, 2370 MHz, 12481 MHz, 35
2026/09/27 00:21:40.895, 1, 0 %, 80307 MiB, 94.50 W, 2370 MHz, 12481 MHz, 35
2026/09/27 00:21:41.145, 0, 0 %, 82195 MiB, 88.37 W, 2370 MHz, 12481 MHz, 35
2026/09/27 00:21:41.145, 1, 15 %, 82035 MiB, 95.69 W, 2362 MHz, 12481 MHz, 35
2026/09/27 00:21:41.395, 0, 0 %, 82195 MiB, 88.39 W, 2370 MHz, 12481 MHz, 35
2026/09/27 00:21:41.395, 1, 0 %, 82035 MiB, 95.78 W, 2362 MHz, 12481 MHz, 35
2026/09/27 00:21:41.645, 0, 0 %, 82195 MiB, 88.38 W, 2370 MHz, 12481 MHz, 35
2026/09/27 00:21:41.645, 1, 0 %, 82035 MiB, 95.92 W, 2362 MHz, 12481 MHz, 35
2026/09/27 00:21:41.896, 0, 0 %, 82195 MiB, 88.39 W, 2370 MHz, 12481 MHz, 35
2026/09/27 00:21:41.896, 1, 1 %, 82067 MiB, 95.94 W, 2362 MHz, 12481 MHz, 35
2026/09/27 00:21:42.146, 0, 0 %, 82195 MiB, 88.36 W, 2370 MHz, 12481 MHz, 35
2026/09/27 00:21:42.146, 1, 0 %, 82067 MiB, 94.69 W, 2362 MHz, 12481 MHz, 35
2026/09/27 00:21:42.396, 0, 0 %, 82195 MiB, 88.36 W, 2370 MHz, 12481 MHz, 35
2026/09/27 00:21:42.396, 1, 0 %, 82099 MiB, 94.63 W, 2362 MHz, 12481 MHz, 35
2026/09/27 00:21:42.646, 0, 0 %, 82195 MiB, 88.35 W, 2370 MHz, 12481 MHz, 35
2026/09/27 00:21:42.646, 1, 0 %, 82099 MiB, 94.50 W, 2362 MHz, 12481 MHz, 35
2026/09/27 00:21:42.896, 0, 0 %, 82195 MiB, 88.34 W, 2370 MHz, 12481 MHz, 35
2026/09/27 00:21:42.896, 1, 0 %, 82099 MiB, 94.50 W, 2362 MHz, 12481 MHz, 35
2026/09/27 00:21:43.146, 0, 0 %, 82195 MiB, 88.35 W, 2370 MHz, 12481 MHz, 35
2026/09/27 00:21:43.146, 1, 1 %, 82131 MiB, 96.61 W, 2362 MHz, 12481 MHz, 35
2026/09/27 00:21:43.396, 0, 0 %, 83923 MiB, 88.36 W, 2370 MHz, 12481 MHz, 35
2026/09/27 00:21:43.396, 1, 0 %, 82163 MiB, 108.84 W, 2370 MHz, 12481 MHz, 37
2026/09/27 00:21:43.646, 0, 3 %, 83955 MiB, 89.39 W, 2370 MHz, 12481 MHz, 35
2026/09/27 00:21:43.646, 1, 0 %, 82163 MiB, 124.62 W, 2377 MHz, 12481 MHz, 37
2026/09/27 00:21:43.896, 0, 0 %, 83955 MiB, 89.50 W, 2370 MHz, 12481 MHz, 35
2026/09/27 00:21:43.896, 1, 0 %, 82163 MiB, 124.76 W, 2370 MHz, 12481 MHz, 35
2026/09/27 00:21:44.147, 0, 0 %, 83955 MiB, 89.49 W, 2370 MHz, 12481 MHz, 35
2026/09/27 00:21:44.147, 1, 0 %, 82163 MiB, 123.94 W, 2370 MHz, 12481 MHz, 35
2026/09/27 00:21:44.397, 0, 0 %, 83987 MiB, 89.50 W, 2370 MHz, 12481 MHz, 35
2026/09/27 00:21:44.397, 1, 0 %, 82163 MiB, 112.02 W, 2362 MHz, 12481 MHz, 35
2026/09/27 00:21:44.647, 0, 1 %, 83987 MiB, 88.49 W, 2370 MHz, 12481 MHz, 35
2026/09/27 00:21:44.647, 1, 0 %, 82163 MiB, 94.75 W, 2370 MHz, 12481 MHz, 35
2026/09/27 00:21:44.897, 0, 0 %, 83987 MiB, 88.38 W, 2370 MHz, 12481 MHz, 35
2026/09/27 00:21:44.897, 1, 0 %, 82163 MiB, 94.59 W, 2362 MHz, 12481 MHz, 35
2026/09/27 00:21:45.147, 0, 1 %, 84019 MiB, 88.37 W, 2370 MHz, 12481 MHz, 35
2026/09/27 00:21:45.147, 1, 0 %, 82163 MiB, 94.55 W, 2362 MHz, 12481 MHz, 35
2026/09/27 00:21:45.397, 0, 0 %, 84019 MiB, 88.38 W, 2370 MHz, 12481 MHz, 35
2026/09/27 00:21:45.397, 1, 0 %, 82163 MiB, 94.54 W, 2362 MHz, 12481 MHz, 35
2026/09/27 00:21:45.647, 0, 0 %, 84051 MiB, 88.38 W, 2370 MHz, 12481 MHz, 35
2026/09/27 00:21:45.647, 1, 0 %, 82163 MiB, 94.53 W, 2362 MHz, 12481 MHz, 35
2026/09/27 00:21:45.897, 0, 0 %, 84083 MiB, 88.40 W, 2370 MHz, 12481 MHz, 35
2026/09/27 00:21:45.897, 1, 0 %, 82163 MiB, 94.61 W, 2362 MHz, 12481 MHz, 35
2026/09/27 00:21:46.147, 0, 0 %, 84083 MiB, 88.43 W, 2370 MHz, 12481 MHz, 35
2026/09/27 00:21:46.148, 1, 12 %, 83891 MiB, 95.60 W, 2362 MHz, 12481 MHz, 35
2026/09/27 00:21:46.398, 0, 0 %, 84083 MiB, 88.39 W, 2370 MHz, 12481 MHz, 35
2026/09/27 00:21:46.398, 1, 4 %, 83923 MiB, 104.63 W, 2370 MHz, 12481 MHz, 37
2026/09/27 00:21:46.648, 0, 0 %, 84083 MiB, 88.38 W, 2370 MHz, 12481 MHz, 35
2026/09/27 00:21:46.648, 1, 0 %, 83923 MiB, 116.48 W, 2377 MHz, 12481 MHz, 37
2026/09/27 00:21:46.898, 0, 0 %, 84083 MiB, 88.33 W, 2370 MHz, 12481 MHz, 35
2026/09/27 00:21:46.898, 1, 0 %, 83923 MiB, 116.58 W, 2370 MHz, 12481 MHz, 35
2026/09/27 00:21:47.148, 0, 0 %, 84083 MiB, 88.32 W, 2370 MHz, 12481 MHz, 35
2026/09/27 00:21:47.148, 1, 1 %, 83955 MiB, 115.68 W, 2362 MHz, 12481 MHz, 35
2026/09/27 00:21:47.398, 0, 0 %, 84083 MiB, 88.34 W, 2370 MHz, 12481 MHz, 35
2026/09/27 00:21:47.398, 1, 0 %, 83955 MiB, 106.70 W, 2362 MHz, 12481 MHz, 35
2026/09/27 00:21:47.648, 0, 0 %, 84083 MiB, 88.35 W, 2370 MHz, 12481 MHz, 35
2026/09/27 00:21:47.648, 1, 1 %, 83987 MiB, 94.85 W, 2362 MHz, 12481 MHz, 35
2026/09/27 00:21:47.898, 0, 0 %, 84083 MiB, 88.36 W, 2370 MHz, 12481 MHz, 35
2026/09/27 00:21:47.898, 1, 0 %, 83987 MiB, 94.71 W, 2362 MHz, 12481 MHz, 35
2026/09/27 00:21:48.148, 0, 0 %, 84083 MiB, 88.32 W, 2370 MHz, 12481 MHz, 35
2026/09/27 00:21:48.148, 1, 0 %, 84019 MiB, 94.58 W, 2362 MHz, 12481 MHz, 35
2026/09/27 00:21:48.399, 0, 0 %, 84083 MiB, 88.34 W, 2370 MHz, 12481 MHz, 35
2026/09/27 00:21:48.399, 1, 0 %, 84019 MiB, 96.81 W, 2362 MHz, 12481 MHz, 35
2026/09/27 00:21:48.649, 0, 0 %, 84083 MiB, 88.36 W, 2370 MHz, 12481 MHz, 35
2026/09/27 00:21:48.649, 1, 13 %, 85683 MiB, 109.84 W, 2370 MHz, 12481 MHz, 37
2026/09/27 00:21:48.899, 0, 0 %, 84083 MiB, 88.39 W, 2370 MHz, 12481 MHz, 35
2026/09/27 00:21:48.899, 1, 2 %, 85683 MiB, 111.43 W, 2377 MHz, 12481 MHz, 35
2026/09/27 00:21:49.149, 0, 0 %, 84083 MiB, 88.42 W, 2370 MHz, 12481 MHz, 35
2026/09/27 00:21:49.149, 1, 0 %, 85683 MiB, 115.59 W, 2370 MHz, 12481 MHz, 35
2026/09/27 00:21:49.399, 0, 0 %, 84083 MiB, 88.40 W, 2370 MHz, 12481 MHz, 35
2026/09/27 00:21:49.399, 1, 0 %, 85747 MiB, 113.34 W, 2362 MHz, 12481 MHz, 35
2026/09/27 00:21:49.649, 0, 0 %, 84083 MiB, 88.39 W, 2370 MHz, 12481 MHz, 35
2026/09/27 00:21:49.649, 1, 0 %, 85779 MiB, 101.26 W, 2362 MHz, 12481 MHz, 35
2026/09/27 00:21:49.899, 0, 0 %, 84083 MiB, 88.33 W, 2370 MHz, 12481 MHz, 35
2026/09/27 00:21:49.899, 1, 0 %, 85779 MiB, 99.21 W, 2362 MHz, 12481 MHz, 35
2026/09/27 00:21:50.149, 0, 0 %, 84083 MiB, 88.34 W, 2370 MHz, 12481 MHz, 35
2026/09/27 00:21:50.149, 1, 1 %, 85843 MiB, 94.60 W, 2362 MHz, 12481 MHz, 35
2026/09/27 00:21:50.399, 0, 0 %, 84083 MiB, 88.32 W, 2370 MHz, 12481 MHz, 35
2026/09/27 00:21:50.399, 1, 0 %, 85843 MiB, 94.57 W, 2362 MHz, 12481 MHz, 35
2026/09/27 00:21:50.650, 0, 0 %, 84083 MiB, 88.29 W, 2370 MHz, 12481 MHz, 35
2026/09/27 00:21:50.650, 1, 0 %, 85907 MiB, 94.60 W, 2362 MHz, 12481 MHz, 35
2026/09/27 00:21:50.900, 0, 0 %, 84083 MiB, 88.31 W, 2370 MHz, 12481 MHz, 35
2026/09/27 00:21:50.900, 1, 0 %, 85939 MiB, 94.64 W, 2362 MHz, 12481 MHz, 35
2026/09/27 00:21:51.150, 0, 9 %, 85715 MiB, 89.06 W, 2370 MHz, 12481 MHz, 35
2026/09/27 00:21:51.150, 1, 0 %, 85939 MiB, 95.03 W, 2362 MHz, 12481 MHz, 35
2026/09/27 00:21:51.400, 0, 5 %, 85715 MiB, 89.33 W, 2370 MHz, 12481 MHz, 35
2026/09/27 00:21:51.400, 1, 0 %, 85939 MiB, 95.03 W, 2362 MHz, 12481 MHz, 35
2026/09/27 00:21:51.650, 0, 0 %, 85715 MiB, 89.35 W, 2370 MHz, 12481 MHz, 35
2026/09/27 00:21:51.650, 1, 0 %, 85939 MiB, 95.00 W, 2362 MHz, 12481 MHz, 35
2026/09/27 00:21:51.900, 0, 1 %, 85811 MiB, 89.43 W, 2370 MHz, 12481 MHz, 35
2026/09/27 00:21:51.900, 1, 0 %, 85939 MiB, 94.98 W, 2362 MHz, 12481 MHz, 35
2026/09/27 00:21:52.150, 0, 0 %, 85811 MiB, 88.81 W, 2370 MHz, 12481 MHz, 35
2026/09/27 00:21:52.150, 1, 0 %, 85939 MiB, 94.54 W, 2362 MHz, 12481 MHz, 35
2026/09/27 00:21:52.400, 0, 0 %, 85875 MiB, 88.50 W, 2370 MHz, 12481 MHz, 35
2026/09/27 00:21:52.400, 1, 0 %, 85939 MiB, 94.52 W, 2362 MHz, 12481 MHz, 35
2026/09/27 00:21:52.650, 0, 1 %, 85875 MiB, 88.46 W, 2370 MHz, 12481 MHz, 35
2026/09/27 00:21:52.650, 1, 0 %, 85939 MiB, 94.51 W, 2362 MHz, 12481 MHz, 35
2026/09/27 00:21:52.901, 0, 0 %, 85939 MiB, 88.40 W, 2370 MHz, 12481 MHz, 35
2026/09/27 00:21:52.901, 1, 0 %, 85939 MiB, 94.53 W, 2362 MHz, 12481 MHz, 35
2026/09/27 00:21:53.151, 0, 1 %, 85939 MiB, 88.38 W, 2370 MHz, 12481 MHz, 35
2026/09/27 00:21:53.151, 1, 0 %, 85939 MiB, 94.49 W, 2362 MHz, 12481 MHz, 35
2026/09/27 00:21:53.401, 0, 0 %, 85971 MiB, 88.40 W, 2370 MHz, 12481 MHz, 35
2026/09/27 00:21:53.401, 1, 0 %, 87571 MiB, 94.89 W, 2362 MHz, 12481 MHz, 35
2026/09/27 00:21:53.651, 0, 0 %, 85971 MiB, 88.37 W, 2370 MHz, 12481 MHz, 35
2026/09/27 00:21:53.651, 1, 0 %, 87603 MiB, 95.87 W, 2362 MHz, 12481 MHz, 35
2026/09/27 00:21:53.901, 0, 0 %, 85971 MiB, 88.32 W, 2370 MHz, 12481 MHz, 35
2026/09/27 00:21:53.901, 1, 0 %, 87603 MiB, 95.88 W, 2362 MHz, 12481 MHz, 35
2026/09/27 00:21:54.151, 0, 0 %, 85971 MiB, 88.32 W, 2370 MHz, 12481 MHz, 35
2026/09/27 00:21:54.151, 1, 0 %, 87667 MiB, 95.88 W, 2362 MHz, 12481 MHz, 35
2026/09/27 00:21:54.401, 0, 0 %, 85971 MiB, 88.30 W, 2370 MHz, 12481 MHz, 35
2026/09/27 00:21:54.401, 1, 1 %, 87667 MiB, 104.76 W, 2370 MHz, 12481 MHz, 36
2026/09/27 00:21:54.651, 0, 0 %, 85971 MiB, 88.31 W, 2370 MHz, 12481 MHz, 35
2026/09/27 00:21:54.651, 1, 0 %, 87667 MiB, 122.04 W, 2377 MHz, 12481 MHz, 37
2026/09/27 00:21:54.901, 0, 0 %, 85971 MiB, 88.32 W, 2370 MHz, 12481 MHz, 35
2026/09/27 00:21:54.901, 1, 1 %, 87731 MiB, 129.65 W, 2377 MHz, 12481 MHz, 37
2026/09/27 00:21:55.152, 0, 0 %, 85971 MiB, 88.30 W, 2370 MHz, 12481 MHz, 35
2026/09/27 00:21:55.152, 1, 0 %, 87731 MiB, 129.14 W, 2370 MHz, 12481 MHz, 35
2026/09/27 00:21:55.402, 0, 0 %, 85971 MiB, 88.28 W, 2370 MHz, 12481 MHz, 35
2026/09/27 00:21:55.402, 1, 0 %, 87795 MiB, 120.80 W, 2362 MHz, 12481 MHz, 35
2026/09/27 00:21:55.652, 0, 0 %, 85971 MiB, 88.26 W, 2370 MHz, 12481 MHz, 35
2026/09/27 00:21:55.652, 1, 0 %, 87827 MiB, 103.36 W, 2362 MHz, 12481 MHz, 35
2026/09/27 00:21:55.902, 0, 11 %, 87603 MiB, 89.18 W, 2370 MHz, 12481 MHz, 35
2026/09/27 00:21:55.902, 1, 0 %, 87827 MiB, 100.47 W, 2362 MHz, 12481 MHz, 36
2026/09/27 00:21:56.152, 0, 6 %, 87635 MiB, 89.52 W, 2370 MHz, 12481 MHz, 35
2026/09/27 00:21:56.152, 1, 0 %, 87827 MiB, 101.71 W, 2370 MHz, 12481 MHz, 35
2026/09/27 00:21:56.402, 0, 0 %, 87635 MiB, 89.55 W, 2370 MHz, 12481 MHz, 35
2026/09/27 00:21:56.402, 1, 0 %, 87827 MiB, 101.69 W, 2362 MHz, 12481 MHz, 35
2026/09/27 00:21:56.652, 0, 0 %, 87699 MiB, 89.55 W, 2370 MHz, 12481 MHz, 35
2026/09/27 00:21:56.652, 1, 0 %, 87827 MiB, 101.57 W, 2362 MHz, 12481 MHz, 35
2026/09/27 00:21:56.902, 0, 0 %, 87699 MiB, 88.71 W, 2370 MHz, 12481 MHz, 35
2026/09/27 00:21:56.902, 1, 0 %, 87827 MiB, 97.17 W, 2362 MHz, 12481 MHz, 35
2026/09/27 00:21:57.152, 0, 0 %, 87763 MiB, 88.29 W, 2370 MHz, 12481 MHz, 35
2026/09/27 00:21:57.152, 1, 0 %, 87827 MiB, 94.61 W, 2362 MHz, 12481 MHz, 35
2026/09/27 00:21:57.403, 0, 1 %, 87763 MiB, 88.27 W, 2370 MHz, 12481 MHz, 35
2026/09/27 00:21:57.403, 1, 0 %, 87827 MiB, 94.56 W, 2362 MHz, 12481 MHz, 35
2026/09/27 00:21:57.653, 0, 0 %, 87763 MiB, 88.28 W, 2370 MHz, 12481 MHz, 35
2026/09/27 00:21:57.653, 1, 0 %, 87827 MiB, 94.53 W, 2362 MHz, 12481 MHz, 35
2026/09/27 00:21:57.903, 0, 0 %, 87827 MiB, 88.24 W, 2370 MHz, 12481 MHz, 35
2026/09/27 00:21:57.903, 1, 0 %, 87827 MiB, 94.52 W, 2362 MHz, 12481 MHz, 35
2026/09/27 00:21:58.153, 0, 0 %, 87859 MiB, 88.25 W, 2370 MHz, 12481 MHz, 35
2026/09/27 00:21:58.153, 1, 0 %, 89459 MiB, 94.70 W, 2362 MHz, 12481 MHz, 35
2026/09/27 00:21:58.403, 0, 0 %, 87859 MiB, 88.25 W, 2370 MHz, 12481 MHz, 35
2026/09/27 00:21:58.403, 1, 17 %, 89491 MiB, 95.56 W, 2362 MHz, 12481 MHz, 35
2026/09/27 00:21:58.653, 0, 0 %, 87859 MiB, 88.25 W, 2370 MHz, 12481 MHz, 35
2026/09/27 00:21:58.653, 1, 0 %, 89491 MiB, 95.60 W, 2362 MHz, 12481 MHz, 35
2026/09/27 00:21:58.903, 0, 0 %, 87859 MiB, 88.24 W, 2370 MHz, 12481 MHz, 35
2026/09/27 00:21:58.903, 1, 0 %, 89491 MiB, 95.60 W, 2362 MHz, 12481 MHz, 35
2026/09/27 00:21:59.153, 0, 0 %, 87859 MiB, 88.26 W, 2370 MHz, 12481 MHz, 35
2026/09/27 00:21:59.153, 1, 0 %, 89555 MiB, 95.43 W, 2362 MHz, 12481 MHz, 35
2026/09/27 00:21:59.403, 0, 0 %, 87859 MiB, 88.23 W, 2370 MHz, 12481 MHz, 35
2026/09/27 00:21:59.403, 1, 0 %, 89555 MiB, 94.57 W, 2362 MHz, 12481 MHz, 35
2026/09/27 00:21:59.654, 0, 0 %, 87859 MiB, 88.26 W, 2370 MHz, 12481 MHz, 35
2026/09/27 00:21:59.654, 1, 0 %, 89619 MiB, 94.60 W, 2362 MHz, 12481 MHz, 35
2026/09/27 00:21:59.904, 0, 0 %, 87859 MiB, 88.26 W, 2370 MHz, 12481 MHz, 35
2026/09/27 00:21:59.904, 1, 0 %, 89619 MiB, 94.60 W, 2370 MHz, 12481 MHz, 35
2026/09/27 00:22:00.154, 0, 0 %, 87859 MiB, 88.23 W, 2370 MHz, 12481 MHz, 35
2026/09/27 00:22:00.154, 1, 0 %, 89683 MiB, 94.56 W, 2362 MHz, 12481 MHz, 35
2026/09/27 00:22:00.404, 0, 0 %, 87859 MiB, 88.23 W, 2370 MHz, 12481 MHz, 35
2026/09/27 00:22:00.404, 1, 0 %, 89715 MiB, 101.22 W, 2362 MHz, 12481 MHz, 36
2026/09/27 00:22:00.654, 0, 0 %, 89491 MiB, 88.78 W, 2370 MHz, 12481 MHz, 35
2026/09/27 00:22:00.654, 1, 0 %, 89715 MiB, 109.98 W, 2377 MHz, 12481 MHz, 35
2026/09/27 00:22:00.904, 0, 0 %, 89523 MiB, 89.32 W, 2370 MHz, 12481 MHz, 35
2026/09/27 00:22:00.904, 1, 0 %, 89715 MiB, 110.31 W, 2370 MHz, 12481 MHz, 35
2026/09/27 00:22:01.154, 0, 0 %, 89523 MiB, 89.30 W, 2370 MHz, 12481 MHz, 35
2026/09/27 00:22:01.154, 1, 0 %, 89715 MiB, 110.38 W, 2362 MHz, 12481 MHz, 35
2026/09/27 00:22:01.404, 0, 0 %, 89587 MiB, 89.38 W, 2370 MHz, 12481 MHz, 35
2026/09/27 00:22:01.404, 1, 0 %, 89715 MiB, 104.76 W, 2362 MHz, 12481 MHz, 35
2026/09/27 00:22:01.655, 0, 1 %, 89587 MiB, 88.82 W, 2370 MHz, 12481 MHz, 35
2026/09/27 00:22:01.655, 1, 0 %, 89715 MiB, 94.53 W, 2362 MHz, 12481 MHz, 35
2026/09/27 00:22:01.905, 0, 0 %, 89651 MiB, 88.30 W, 2370 MHz, 12481 MHz, 35
2026/09/27 00:22:01.905, 1, 0 %, 89715 MiB, 94.52 W, 2362 MHz, 12481 MHz, 35
2026/09/27 00:22:02.155, 0, 1 %, 89651 MiB, 88.41 W, 2370 MHz, 12481 MHz, 35
2026/09/27 00:22:02.155, 1, 0 %, 89715 MiB, 94.49 W, 2362 MHz, 12481 MHz, 35
2026/09/27 00:22:02.405, 0, 0 %, 89651 MiB, 88.30 W, 2370 MHz, 12481 MHz, 35
2026/09/27 00:22:02.405, 1, 0 %, 89715 MiB, 94.45 W, 2362 MHz, 12481 MHz, 35
2026/09/27 00:22:02.655, 0, 0 %, 89715 MiB, 88.29 W, 2370 MHz, 12481 MHz, 35
2026/09/27 00:22:02.655, 1, 0 %, 89715 MiB, 94.51 W, 2370 MHz, 12481 MHz, 35
2026/09/27 00:22:02.905, 0, 0 %, 89747 MiB, 88.32 W, 2370 MHz, 12481 MHz, 35
2026/09/27 00:22:02.905, 1, 0 %, 89715 MiB, 94.55 W, 2362 MHz, 12481 MHz, 35
2026/09/27 00:22:03.155, 0, 0 %, 89747 MiB, 88.22 W, 2370 MHz, 12481 MHz, 35
2026/09/27 00:22:03.155, 1, 0 %, 89715 MiB, 94.43 W, 2362 MHz, 12481 MHz, 35
2026/09/27 00:22:03.405, 0, 0 %, 89747 MiB, 88.29 W, 2370 MHz, 12481 MHz, 35
2026/09/27 00:22:03.405, 1, 0 %, 89715 MiB, 94.46 W, 2370 MHz, 12481 MHz, 35
2026/09/27 00:22:03.655, 0, 0 %, 89747 MiB, 88.28 W, 2370 MHz, 12481 MHz, 35
2026/09/27 00:22:03.655, 1, 0 %, 89715 MiB, 94.44 W, 2362 MHz, 12481 MHz, 35
2026/09/27 00:22:03.906, 0, 0 %, 89747 MiB, 88.23 W, 2370 MHz, 12481 MHz, 35
2026/09/27 00:22:03.906, 1, 5 %, 89971 MiB, 94.61 W, 2362 MHz, 12481 MHz, 35
2026/09/27 00:22:04.156, 0, 0 %, 89747 MiB, 88.26 W, 2370 MHz, 12481 MHz, 35
2026/09/27 00:22:04.156, 1, 0 %, 89971 MiB, 94.62 W, 2362 MHz, 12481 MHz, 35
2026/09/27 00:22:04.406, 0, 0 %, 89747 MiB, 88.24 W, 2370 MHz, 12481 MHz, 35
2026/09/27 00:22:04.406, 1, 0 %, 89971 MiB, 94.61 W, 2362 MHz, 12481 MHz, 35
2026/09/27 00:22:04.656, 0, 0 %, 92915 MiB, 88.19 W, 2370 MHz, 12481 MHz, 35
2026/09/27 00:22:04.656, 1, 11 %, 93235 MiB, 96.20 W, 2362 MHz, 12481 MHz, 35
2026/09/27 00:22:04.906, 0, 0 %, 93037 MiB, 91.35 W, 2370 MHz, 12481 MHz, 35
2026/09/27 00:22:04.906, 1, 2 %, 93357 MiB, 96.33 W, 2362 MHz, 12481 MHz, 35
2026/09/27 00:22:05.156, 0, 94 %, 93037 MiB, 128.62 W, 2347 MHz, 12481 MHz, 39
2026/09/27 00:22:05.156, 1, 94 %, 93357 MiB, 156.89 W, 2355 MHz, 12481 MHz, 41
2026/09/27 00:22:05.406, 0, 74 %, 93037 MiB, 176.23 W, 2325 MHz, 12481 MHz, 37
2026/09/27 00:22:05.406, 1, 75 %, 93357 MiB, 192.96 W, 2310 MHz, 12481 MHz, 41
2026/09/27 00:22:05.656, 0, 97 %, 93037 MiB, 216.82 W, 2325 MHz, 12481 MHz, 41
2026/09/27 00:22:05.656, 1, 96 %, 93357 MiB, 267.83 W, 2340 MHz, 12481 MHz, 42
2026/09/27 00:22:05.906, 0, 76 %, 93037 MiB, 276.09 W, 2310 MHz, 12481 MHz, 41
2026/09/27 00:22:05.906, 1, 96 %, 93357 MiB, 320.28 W, 2295 MHz, 12481 MHz, 42
2026/09/27 00:22:06.157, 0, 74 %, 93037 MiB, 278.02 W, 2310 MHz, 12481 MHz, 41
2026/09/27 00:22:06.157, 1, 96 %, 93357 MiB, 336.89 W, 2295 MHz, 12481 MHz, 42
2026/09/27 00:22:06.407, 0, 75 %, 93037 MiB, 290.23 W, 2310 MHz, 12481 MHz, 40
2026/09/27 00:22:06.407, 1, 96 %, 93357 MiB, 352.52 W, 2295 MHz, 12481 MHz, 43
2026/09/27 00:22:06.657, 0, 74 %, 93037 MiB, 290.71 W, 2310 MHz, 12481 MHz, 40
2026/09/27 00:22:06.657, 1, 95 %, 93357 MiB, 353.98 W, 2295 MHz, 12481 MHz, 43
2026/09/27 00:22:06.907, 0, 76 %, 93037 MiB, 289.78 W, 2310 MHz, 12481 MHz, 42
2026/09/27 00:22:06.907, 1, 96 %, 93357 MiB, 353.86 W, 2295 MHz, 12481 MHz, 43
2026/09/27 00:22:07.157, 0, 73 %, 93037 MiB, 288.21 W, 2310 MHz, 12481 MHz, 42
2026/09/27 00:22:07.157, 1, 96 %, 93357 MiB, 353.60 W, 2302 MHz, 12481 MHz, 43
2026/09/27 00:22:07.407, 0, 75 %, 93037 MiB, 290.11 W, 2310 MHz, 12481 MHz, 40
2026/09/27 00:22:07.407, 1, 96 %, 93357 MiB, 353.55 W, 2302 MHz, 12481 MHz, 44
2026/09/27 00:22:07.657, 0, 74 %, 93037 MiB, 292.44 W, 2310 MHz, 12481 MHz, 41
2026/09/27 00:22:07.657, 1, 96 %, 93357 MiB, 354.43 W, 2302 MHz, 12481 MHz, 44
2026/09/27 00:22:07.907, 0, 75 %, 93037 MiB, 293.45 W, 2310 MHz, 12481 MHz, 42
2026/09/27 00:22:07.907, 1, 96 %, 93359 MiB, 354.36 W, 2302 MHz, 12481 MHz, 44
2026/09/27 00:22:08.157, 0, 73 %, 93037 MiB, 295.06 W, 2317 MHz, 12481 MHz, 42
2026/09/27 00:22:08.158, 1, 91 %, 93359 MiB, 351.71 W, 2302 MHz, 12481 MHz, 44
2026/09/27 00:22:08.408, 0, 75 %, 93037 MiB, 294.58 W, 2317 MHz, 12481 MHz, 42
2026/09/27 00:22:08.408, 1, 97 %, 93359 MiB, 353.14 W, 2310 MHz, 12481 MHz, 44
2026/09/27 00:22:08.658, 0, 77 %, 93037 MiB, 295.41 W, 2302 MHz, 12481 MHz, 43
2026/09/27 00:22:08.658, 1, 96 %, 93359 MiB, 348.54 W, 2310 MHz, 12481 MHz, 44
2026/09/27 00:22:08.908, 0, 76 %, 93037 MiB, 293.46 W, 2310 MHz, 12481 MHz, 43
2026/09/27 00:22:08.908, 1, 96 %, 93359 MiB, 349.18 W, 2325 MHz, 12481 MHz, 44
2026/09/27 00:22:09.158, 0, 74 %, 93037 MiB, 293.20 W, 2310 MHz, 12481 MHz, 43
2026/09/27 00:22:09.158, 1, 95 %, 93359 MiB, 352.55 W, 2302 MHz, 12481 MHz, 44
2026/09/27 00:22:09.408, 0, 73 %, 93037 MiB, 295.32 W, 2310 MHz, 12481 MHz, 42
2026/09/27 00:22:09.408, 1, 95 %, 93359 MiB, 352.47 W, 2302 MHz, 12481 MHz, 45
2026/09/27 00:22:09.658, 0, 75 %, 93037 MiB, 294.39 W, 2310 MHz, 12481 MHz, 42
2026/09/27 00:22:09.658, 1, 95 %, 93359 MiB, 355.43 W, 2295 MHz, 12481 MHz, 44
2026/09/27 00:22:09.908, 0, 76 %, 93037 MiB, 293.62 W, 2310 MHz, 12481 MHz, 43
2026/09/27 00:22:09.908, 1, 95 %, 93359 MiB, 351.10 W, 2317 MHz, 12481 MHz, 44
2026/09/27 00:22:10.158, 0, 74 %, 93037 MiB, 294.26 W, 2310 MHz, 12481 MHz, 43
2026/09/27 00:22:10.158, 1, 96 %, 93359 MiB, 343.40 W, 2332 MHz, 12481 MHz, 43
2026/09/27 00:22:10.409, 0, 74 %, 93037 MiB, 292.87 W, 2310 MHz, 12481 MHz, 42
2026/09/27 00:22:10.409, 1, 95 %, 93359 MiB, 335.96 W, 2347 MHz, 12481 MHz, 44
2026/09/27 00:22:10.659, 0, 74 %, 93037 MiB, 290.46 W, 2310 MHz, 12481 MHz, 43
2026/09/27 00:22:10.659, 1, 90 %, 93359 MiB, 330.84 W, 2347 MHz, 12481 MHz, 44
2026/09/27 00:22:10.909, 0, 76 %, 93037 MiB, 290.89 W, 2332 MHz, 12481 MHz, 44
2026/09/27 00:22:10.909, 1, 96 %, 93359 MiB, 329.21 W, 2340 MHz, 12481 MHz, 44
2026/09/27 00:22:11.159, 0, 76 %, 93037 MiB, 293.67 W, 2302 MHz, 12481 MHz, 44
2026/09/27 00:22:11.159, 1, 97 %, 93359 MiB, 328.86 W, 2347 MHz, 12481 MHz, 44
2026/09/27 00:22:11.409, 0, 74 %, 93037 MiB, 296.47 W, 2310 MHz, 12481 MHz, 44
2026/09/27 00:22:11.409, 1, 94 %, 93359 MiB, 328.33 W, 2362 MHz, 12481 MHz, 44
2026/09/27 00:22:11.659, 0, 75 %, 93037 MiB, 300.01 W, 2310 MHz, 12481 MHz, 44
2026/09/27 00:22:11.659, 1, 96 %, 93359 MiB, 324.54 W, 2347 MHz, 12481 MHz, 43
2026/09/27 00:22:11.909, 0, 75 %, 93037 MiB, 297.38 W, 2332 MHz, 12481 MHz, 43
2026/09/27 00:22:11.909, 1, 95 %, 93359 MiB, 323.88 W, 2362 MHz, 12481 MHz, 44
2026/09/27 00:22:12.159, 0, 76 %, 93037 MiB, 294.37 W, 2332 MHz, 12481 MHz, 43
2026/09/27 00:22:12.159, 1, 95 %, 93359 MiB, 321.14 W, 2347 MHz, 12481 MHz, 44
2026/09/27 00:22:12.409, 0, 76 %, 93037 MiB, 292.03 W, 2332 MHz, 12481 MHz, 42
2026/09/27 00:22:12.409, 1, 95 %, 93359 MiB, 319.36 W, 2377 MHz, 12481 MHz, 44
2026/09/27 00:22:12.660, 0, 77 %, 93037 MiB, 291.62 W, 2325 MHz, 12481 MHz, 43
2026/09/27 00:22:12.660, 1, 95 %, 93359 MiB, 314.41 W, 2377 MHz, 12481 MHz, 44
2026/09/27 00:22:12.910, 0, 77 %, 93037 MiB, 290.88 W, 2355 MHz, 12481 MHz, 44
2026/09/27 00:22:12.910, 1, 97 %, 93359 MiB, 311.15 W, 2377 MHz, 12481 MHz, 44
2026/09/27 00:22:13.160, 0, 75 %, 93037 MiB, 292.36 W, 2302 MHz, 12481 MHz, 44
2026/09/27 00:22:13.160, 1, 96 %, 93359 MiB, 307.01 W, 2385 MHz, 12481 MHz, 44
2026/09/27 00:22:13.410, 0, 67 %, 93037 MiB, 291.67 W, 2310 MHz, 12481 MHz, 42
2026/09/27 00:22:13.410, 1, 95 %, 93359 MiB, 303.87 W, 2377 MHz, 12481 MHz, 44
2026/09/27 00:22:13.660, 0, 70 %, 93037 MiB, 288.83 W, 2347 MHz, 12481 MHz, 44
2026/09/27 00:22:13.660, 1, 97 %, 93359 MiB, 307.58 W, 2377 MHz, 12481 MHz, 45
2026/09/27 00:22:13.910, 0, 76 %, 93037 MiB, 289.57 W, 2340 MHz, 12481 MHz, 43
2026/09/27 00:22:13.910, 1, 96 %, 93359 MiB, 308.96 W, 2370 MHz, 12481 MHz, 45
2026/09/27 00:22:14.160, 0, 75 %, 93037 MiB, 285.43 W, 2362 MHz, 12481 MHz, 43
2026/09/27 00:22:14.160, 1, 95 %, 93359 MiB, 310.16 W, 2362 MHz, 12481 MHz, 45
2026/09/27 00:22:14.410, 0, 74 %, 93037 MiB, 283.64 W, 2362 MHz, 12481 MHz, 44
2026/09/27 00:22:14.410, 1, 94 %, 93359 MiB, 312.23 W, 2362 MHz, 12481 MHz, 44
2026/09/27 00:22:14.660, 0, 74 %, 93037 MiB, 283.01 W, 2355 MHz, 12481 MHz, 44
2026/09/27 00:22:14.661, 1, 95 %, 93359 MiB, 309.14 W, 2377 MHz, 12481 MHz, 44
2026/09/27 00:22:14.911, 0, 74 %, 93037 MiB, 278.45 W, 2362 MHz, 12481 MHz, 43
2026/09/27 00:22:14.911, 1, 94 %, 93359 MiB, 307.51 W, 2377 MHz, 12481 MHz, 45
2026/09/27 00:22:15.161, 0, 75 %, 93037 MiB, 280.14 W, 2340 MHz, 12481 MHz, 44
2026/09/27 00:22:15.161, 1, 96 %, 93359 MiB, 306.88 W, 2377 MHz, 12481 MHz, 45
2026/09/27 00:22:15.411, 0, 76 %, 93037 MiB, 278.05 W, 2355 MHz, 12481 MHz, 43
2026/09/27 00:22:15.411, 1, 95 %, 93359 MiB, 306.22 W, 2377 MHz, 12481 MHz, 45
2026/09/27 00:22:15.661, 0, 77 %, 93037 MiB, 280.92 W, 2347 MHz, 12481 MHz, 45
2026/09/27 00:22:15.661, 1, 95 %, 93359 MiB, 305.78 W, 2377 MHz, 12481 MHz, 45
2026/09/27 00:22:15.911, 0, 74 %, 93037 MiB, 284.68 W, 2332 MHz, 12481 MHz, 44
2026/09/27 00:22:15.911, 1, 95 %, 93359 MiB, 306.00 W, 2377 MHz, 12481 MHz, 44
2026/09/27 00:22:16.161, 0, 74 %, 93037 MiB, 282.31 W, 2362 MHz, 12481 MHz, 44
2026/09/27 00:22:16.161, 1, 94 %, 93359 MiB, 303.65 W, 2377 MHz, 12481 MHz, 45
2026/09/27 00:22:16.411, 0, 78 %, 93037 MiB, 283.98 W, 2370 MHz, 12481 MHz, 44
2026/09/27 00:22:16.411, 1, 99 %, 93359 MiB, 304.54 W, 2377 MHz, 12481 MHz, 45
2026/09/27 00:22:16.661, 0, 75 %, 93037 MiB, 281.01 W, 2347 MHz, 12481 MHz, 44
2026/09/27 00:22:16.661, 1, 96 %, 93359 MiB, 306.30 W, 2385 MHz, 12481 MHz, 45
2026/09/27 00:22:16.911, 0, 75 %, 93037 MiB, 278.99 W, 2370 MHz, 12481 MHz, 44
2026/09/27 00:22:16.912, 1, 96 %, 93359 MiB, 307.20 W, 2377 MHz, 12481 MHz, 45
2026/09/27 00:22:17.162, 0, 76 %, 93037 MiB, 278.95 W, 2370 MHz, 12481 MHz, 43
2026/09/27 00:22:17.162, 1, 95 %, 93359 MiB, 307.57 W, 2377 MHz, 12481 MHz, 45
2026/09/27 00:22:17.412, 0, 75 %, 93037 MiB, 278.93 W, 2362 MHz, 12481 MHz, 44
2026/09/27 00:22:17.412, 1, 95 %, 93359 MiB, 307.66 W, 2377 MHz, 12481 MHz, 45
2026/09/27 00:22:17.662, 0, 75 %, 93037 MiB, 278.94 W, 2362 MHz, 12481 MHz, 44
2026/09/27 00:22:17.662, 1, 95 %, 93359 MiB, 304.40 W, 2377 MHz, 12481 MHz, 45
2026/09/27 00:22:17.912, 0, 75 %, 93037 MiB, 274.37 W, 2385 MHz, 12481 MHz, 44
2026/09/27 00:22:17.912, 1, 95 %, 93359 MiB, 303.16 W, 2377 MHz, 12481 MHz, 45
2026/09/27 00:22:18.162, 0, 75 %, 93037 MiB, 273.38 W, 2377 MHz, 12481 MHz, 45
2026/09/27 00:22:18.162, 1, 94 %, 93359 MiB, 302.70 W, 2377 MHz, 12481 MHz, 45
2026/09/27 00:22:18.412, 0, 72 %, 93037 MiB, 270.45 W, 2370 MHz, 12481 MHz, 45
2026/09/27 00:22:18.412, 1, 95 %, 93359 MiB, 299.81 W, 2377 MHz, 12481 MHz, 45
2026/09/27 00:22:18.662, 0, 75 %, 93037 MiB, 268.98 W, 2362 MHz, 12481 MHz, 45
2026/09/27 00:22:18.662, 1, 95 %, 93359 MiB, 300.10 W, 2377 MHz, 12481 MHz, 45
2026/09/27 00:22:18.912, 0, 76 %, 93037 MiB, 273.02 W, 2392 MHz, 12481 MHz, 45
2026/09/27 00:22:18.912, 1, 95 %, 93359 MiB, 299.63 W, 2385 MHz, 12481 MHz, 45
2026/09/27 00:22:19.162, 0, 74 %, 93037 MiB, 271.07 W, 2362 MHz, 12481 MHz, 45
2026/09/27 00:22:19.163, 1, 93 %, 93359 MiB, 298.14 W, 2377 MHz, 12481 MHz, 45
2026/09/27 00:22:19.413, 0, 66 %, 93037 MiB, 272.87 W, 2400 MHz, 12481 MHz, 45
2026/09/27 00:22:19.413, 1, 94 %, 93359 MiB, 299.05 W, 2400 MHz, 12481 MHz, 45
2026/09/27 00:22:19.663, 0, 75 %, 93037 MiB, 272.22 W, 2385 MHz, 12481 MHz, 45
2026/09/27 00:22:19.663, 1, 97 %, 93359 MiB, 304.68 W, 2377 MHz, 12481 MHz, 46
2026/09/27 00:22:19.913, 0, 74 %, 93037 MiB, 270.77 W, 2392 MHz, 12481 MHz, 45
2026/09/27 00:22:19.913, 1, 96 %, 93359 MiB, 307.88 W, 2377 MHz, 12481 MHz, 46
2026/09/27 00:22:20.163, 0, 73 %, 93037 MiB, 272.62 W, 2392 MHz, 12481 MHz, 45
2026/09/27 00:22:20.163, 1, 95 %, 93359 MiB, 313.20 W, 2377 MHz, 12481 MHz, 46
2026/09/27 00:22:20.413, 0, 75 %, 93037 MiB, 266.39 W, 2392 MHz, 12481 MHz, 45
2026/09/27 00:22:20.413, 1, 96 %, 93359 MiB, 314.86 W, 2377 MHz, 12481 MHz, 46
2026/09/27 00:22:20.663, 0, 75 %, 93037 MiB, 264.96 W, 2392 MHz, 12481 MHz, 45
2026/09/27 00:22:20.663, 1, 94 %, 93359 MiB, 310.52 W, 2377 MHz, 12481 MHz, 46
2026/09/27 00:22:20.913, 0, 75 %, 93037 MiB, 264.47 W, 2392 MHz, 12481 MHz, 45
2026/09/27 00:22:20.913, 1, 96 %, 93359 MiB, 307.92 W, 2377 MHz, 12481 MHz, 46
2026/09/27 00:22:21.163, 0, 75 %, 93037 MiB, 263.09 W, 2392 MHz, 12481 MHz, 44
2026/09/27 00:22:21.163, 1, 96 %, 93359 MiB, 305.92 W, 2377 MHz, 12481 MHz, 45
2026/09/27 00:22:21.414, 0, 75 %, 93037 MiB, 264.83 W, 2392 MHz, 12481 MHz, 44
2026/09/27 00:22:21.414, 1, 95 %, 93359 MiB, 303.56 W, 2385 MHz, 12481 MHz, 45
2026/09/27 00:22:21.664, 0, 81 %, 93037 MiB, 265.46 W, 2407 MHz, 12481 MHz, 44
2026/09/27 00:22:21.664, 1, 96 %, 93359 MiB, 304.96 W, 2400 MHz, 12481 MHz, 46
2026/09/27 00:22:21.914, 0, 74 %, 93037 MiB, 266.89 W, 2392 MHz, 12481 MHz, 45
2026/09/27 00:22:21.914, 1, 95 %, 93359 MiB, 305.39 W, 2377 MHz, 12481 MHz, 46
2026/09/27 00:22:22.164, 0, 75 %, 93037 MiB, 269.28 W, 2385 MHz, 12481 MHz, 45
2026/09/27 00:22:22.164, 1, 95 %, 93359 MiB, 304.67 W, 2377 MHz, 12481 MHz, 46
2026/09/27 00:22:22.414, 0, 75 %, 93037 MiB, 269.06 W, 2392 MHz, 12481 MHz, 45
2026/09/27 00:22:22.414, 1, 95 %, 93359 MiB, 304.13 W, 2377 MHz, 12481 MHz, 46
2026/09/27 00:22:22.664, 0, 74 %, 93037 MiB, 266.58 W, 2392 MHz, 12481 MHz, 45
2026/09/27 00:22:22.664, 1, 95 %, 93359 MiB, 302.75 W, 2377 MHz, 12481 MHz, 45
2026/09/27 00:22:22.914, 0, 73 %, 93037 MiB, 262.85 W, 2392 MHz, 12481 MHz, 44
2026/09/27 00:22:22.914, 1, 94 %, 93359 MiB, 301.14 W, 2385 MHz, 12481 MHz, 46
2026/09/27 00:22:23.164, 0, 73 %, 93037 MiB, 259.86 W, 2400 MHz, 12481 MHz, 44
2026/09/27 00:22:23.164, 1, 95 %, 93359 MiB, 301.59 W, 2377 MHz, 12481 MHz, 46
2026/09/27 00:22:23.414, 0, 75 %, 93037 MiB, 259.86 W, 2392 MHz, 12481 MHz, 44
2026/09/27 00:22:23.414, 1, 96 %, 93359 MiB, 301.87 W, 2377 MHz, 12481 MHz, 46
2026/09/27 00:22:23.665, 0, 74 %, 93037 MiB, 259.31 W, 2392 MHz, 12481 MHz, 44
2026/09/27 00:22:23.665, 1, 91 %, 93359 MiB, 301.86 W, 2377 MHz, 12481 MHz, 45
2026/09/27 00:22:23.915, 0, 75 %, 93037 MiB, 261.06 W, 2407 MHz, 12481 MHz, 45
2026/09/27 00:22:23.915, 1, 91 %, 93359 MiB, 301.07 W, 2392 MHz, 12481 MHz, 46
2026/09/27 00:22:24.165, 0, 77 %, 93037 MiB, 263.89 W, 2370 MHz, 12481 MHz, 46
2026/09/27 00:22:24.165, 1, 96 %, 93359 MiB, 305.22 W, 2385 MHz, 12481 MHz, 46
2026/09/27 00:22:24.415, 0, 76 %, 93037 MiB, 265.67 W, 2392 MHz, 12481 MHz, 45
2026/09/27 00:22:24.415, 1, 95 %, 93359 MiB, 306.40 W, 2377 MHz, 12481 MHz, 47
2026/09/27 00:22:24.665, 0, 74 %, 93037 MiB, 267.25 W, 2392 MHz, 12481 MHz, 45
2026/09/27 00:22:24.665, 1, 95 %, 93359 MiB, 309.04 W, 2377 MHz, 12481 MHz, 47
2026/09/27 00:22:24.915, 0, 75 %, 93037 MiB, 267.06 W, 2400 MHz, 12481 MHz, 45
2026/09/27 00:22:24.915, 1, 95 %, 93359 MiB, 312.38 W, 2377 MHz, 12481 MHz, 47
2026/09/27 00:22:25.165, 0, 74 %, 93037 MiB, 267.56 W, 2392 MHz, 12481 MHz, 45
2026/09/27 00:22:25.165, 1, 95 %, 93359 MiB, 311.69 W, 2377 MHz, 12481 MHz, 46
2026/09/27 00:22:25.415, 0, 76 %, 93037 MiB, 268.38 W, 2400 MHz, 12481 MHz, 45
2026/09/27 00:22:25.415, 1, 96 %, 93359 MiB, 311.02 W, 2377 MHz, 12481 MHz, 46
2026/09/27 00:22:25.665, 0, 74 %, 93037 MiB, 268.49 W, 2385 MHz, 12481 MHz, 45
2026/09/27 00:22:25.665, 1, 95 %, 93359 MiB, 307.93 W, 2377 MHz, 12481 MHz, 46
2026/09/27 00:22:25.916, 0, 73 %, 93037 MiB, 267.30 W, 2400 MHz, 12481 MHz, 45
2026/09/27 00:22:25.916, 1, 96 %, 93359 MiB, 308.63 W, 2377 MHz, 12481 MHz, 46
2026/09/27 00:22:26.166, 0, 75 %, 93037 MiB, 267.74 W, 2400 MHz, 12481 MHz, 45
2026/09/27 00:22:26.166, 1, 95 %, 93359 MiB, 307.37 W, 2377 MHz, 12481 MHz, 47
2026/09/27 00:22:26.416, 0, 75 %, 93037 MiB, 265.10 W, 2392 MHz, 12481 MHz, 44
2026/09/27 00:22:26.416, 1, 96 %, 93359 MiB, 308.31 W, 2377 MHz, 12481 MHz, 47
2026/09/27 00:22:26.666, 0, 75 %, 93037 MiB, 262.14 W, 2400 MHz, 12481 MHz, 45
2026/09/27 00:22:26.666, 1, 95 %, 93359 MiB, 307.82 W, 2377 MHz, 12481 MHz, 46
2026/09/27 00:22:26.916, 0, 79 %, 93037 MiB, 250.50 W, 2385 MHz, 12481 MHz, 45
2026/09/27 00:22:26.916, 1, 99 %, 93359 MiB, 290.18 W, 2392 MHz, 12481 MHz, 46
2026/09/27 00:22:27.166, 0, 66 %, 93037 MiB, 246.27 W, 2392 MHz, 12481 MHz, 45
2026/09/27 00:22:27.166, 1, 71 %, 93359 MiB, 276.63 W, 2392 MHz, 12481 MHz, 45
2026/09/27 00:22:27.416, 0, 70 %, 93037 MiB, 241.01 W, 2392 MHz, 12481 MHz, 45
2026/09/27 00:22:27.416, 1, 80 %, 93359 MiB, 271.73 W, 2385 MHz, 12481 MHz, 45
2026/09/27 00:22:27.666, 0, 65 %, 93037 MiB, 242.15 W, 2392 MHz, 12481 MHz, 44
2026/09/27 00:22:27.666, 1, 82 %, 93359 MiB, 265.18 W, 2385 MHz, 12481 MHz, 46
2026/09/27 00:22:27.917, 0, 70 %, 93037 MiB, 246.18 W, 2400 MHz, 12481 MHz, 45
2026/09/27 00:22:27.920, 1, 81 %, 93359 MiB, 275.07 W, 2385 MHz, 12481 MHz, 47
2026/09/27 00:22:28.171, 0, 68 %, 93037 MiB, 245.66 W, 2392 MHz, 12481 MHz, 45
2026/09/27 00:22:28.171, 1, 84 %, 93359 MiB, 281.63 W, 2385 MHz, 12481 MHz, 45
2026/09/27 00:22:28.421, 0, 64 %, 93037 MiB, 243.85 W, 2400 MHz, 12481 MHz, 44
2026/09/27 00:22:28.421, 1, 87 %, 93359 MiB, 280.95 W, 2385 MHz, 12481 MHz, 45
2026/09/27 00:22:28.671, 0, 66 %, 93037 MiB, 242.27 W, 2400 MHz, 12481 MHz, 45
2026/09/27 00:22:28.671, 1, 84 %, 93359 MiB, 282.70 W, 2385 MHz, 12481 MHz, 46
2026/09/27 00:22:28.921, 0, 67 %, 93037 MiB, 244.22 W, 2400 MHz, 12481 MHz, 44
2026/09/27 00:22:28.921, 1, 88 %, 93359 MiB, 285.04 W, 2385 MHz, 12481 MHz, 47
2026/09/27 00:22:29.171, 0, 53 %, 93037 MiB, 243.16 W, 2392 MHz, 12481 MHz, 44
2026/09/27 00:22:29.171, 1, 76 %, 93359 MiB, 284.11 W, 2385 MHz, 12481 MHz, 47
2026/09/27 00:22:29.421, 0, 63 %, 93037 MiB, 245.80 W, 2392 MHz, 12481 MHz, 44
2026/09/27 00:22:29.421, 1, 80 %, 93359 MiB, 285.47 W, 2385 MHz, 12481 MHz, 46
2026/09/27 00:22:29.671, 0, 73 %, 93037 MiB, 246.91 W, 2385 MHz, 12481 MHz, 45
2026/09/27 00:22:29.671, 1, 89 %, 93359 MiB, 285.32 W, 2385 MHz, 12481 MHz, 46
2026/09/27 00:22:29.921, 0, 60 %, 93037 MiB, 248.35 W, 2385 MHz, 12481 MHz, 44
2026/09/27 00:22:29.921, 1, 84 %, 93359 MiB, 286.00 W, 2385 MHz, 12481 MHz, 46
2026/09/27 00:22:30.171, 0, 51 %, 93037 MiB, 247.11 W, 2400 MHz, 12481 MHz, 44
2026/09/27 00:22:30.171, 1, 75 %, 93359 MiB, 279.57 W, 2385 MHz, 12481 MHz, 45
2026/09/27 00:22:30.422, 0, 82 %, 93037 MiB, 251.27 W, 2370 MHz, 12481 MHz, 46
2026/09/27 00:22:30.422, 1, 91 %, 93359 MiB, 278.95 W, 2392 MHz, 12481 MHz, 46
2026/09/27 00:22:30.672, 0, 57 %, 93037 MiB, 250.93 W, 2362 MHz, 12481 MHz, 46
2026/09/27 00:22:30.672, 1, 87 %, 93359 MiB, 269.46 W, 2392 MHz, 12481 MHz, 46
2026/09/27 00:22:30.922, 0, 55 %, 93037 MiB, 249.59 W, 2370 MHz, 12481 MHz, 44
2026/09/27 00:22:30.922, 1, 82 %, 93359 MiB, 268.23 W, 2385 MHz, 12481 MHz, 45
2026/09/27 00:22:31.172, 0, 62 %, 93037 MiB, 251.19 W, 2370 MHz, 12481 MHz, 45
2026/09/27 00:22:31.172, 1, 80 %, 93359 MiB, 273.29 W, 2392 MHz, 12481 MHz, 47
2026/09/27 00:22:31.422, 0, 67 %, 93037 MiB, 248.22 W, 2392 MHz, 12481 MHz, 45
2026/09/27 00:22:31.422, 1, 77 %, 93359 MiB, 274.96 W, 2385 MHz, 12481 MHz, 46
2026/09/27 00:22:31.672, 0, 66 %, 93037 MiB, 247.57 W, 2400 MHz, 12481 MHz, 45
2026/09/27 00:22:31.672, 1, 85 %, 93359 MiB, 282.08 W, 2385 MHz, 12481 MHz, 45
2026/09/27 00:22:31.922, 0, 69 %, 93037 MiB, 248.47 W, 2392 MHz, 12481 MHz, 46
2026/09/27 00:22:31.922, 1, 87 %, 93359 MiB, 282.98 W, 2385 MHz, 12481 MHz, 47
2026/09/27 00:22:32.172, 0, 69 %, 93037 MiB, 247.94 W, 2392 MHz, 12481 MHz, 46
2026/09/27 00:22:32.172, 1, 81 %, 93359 MiB, 283.65 W, 2385 MHz, 12481 MHz, 46
2026/09/27 00:22:32.422, 0, 57 %, 93037 MiB, 248.04 W, 2377 MHz, 12481 MHz, 46
2026/09/27 00:22:32.423, 1, 86 %, 93359 MiB, 281.56 W, 2385 MHz, 12481 MHz, 47
2026/09/27 00:22:32.673, 0, 56 %, 93037 MiB, 246.68 W, 2385 MHz, 12481 MHz, 46
2026/09/27 00:22:32.673, 1, 83 %, 93359 MiB, 276.40 W, 2385 MHz, 12481 MHz, 45
2026/09/27 00:22:32.923, 0, 61 %, 93037 MiB, 244.81 W, 2377 MHz, 12481 MHz, 45
2026/09/27 00:22:32.923, 1, 76 %, 93359 MiB, 275.22 W, 2385 MHz, 12481 MHz, 45
2026/09/27 00:22:33.173, 0, 71 %, 93037 MiB, 245.02 W, 2385 MHz, 12481 MHz, 46
2026/09/27 00:22:33.173, 1, 81 %, 93359 MiB, 276.08 W, 2385 MHz, 12481 MHz, 45
2026/09/27 00:22:33.423, 0, 61 %, 93037 MiB, 244.71 W, 2377 MHz, 12481 MHz, 46
2026/09/27 00:22:33.423, 1, 74 %, 93359 MiB, 272.34 W, 2385 MHz, 12481 MHz, 46
2026/09/27 00:22:33.673, 0, 63 %, 93037 MiB, 243.86 W, 2400 MHz, 12481 MHz, 44
2026/09/27 00:22:33.673, 1, 75 %, 93359 MiB, 273.63 W, 2407 MHz, 12481 MHz, 47
2026/09/27 00:22:33.923, 0, 70 %, 93037 MiB, 243.35 W, 2370 MHz, 12481 MHz, 46
2026/09/27 00:22:33.923, 1, 80 %, 93359 MiB, 270.13 W, 2385 MHz, 12481 MHz, 46
2026/09/27 00:22:34.173, 0, 72 %, 93037 MiB, 244.03 W, 2377 MHz, 12481 MHz, 46
2026/09/27 00:22:34.173, 1, 74 %, 93359 MiB, 265.27 W, 2385 MHz, 12481 MHz, 46
2026/09/27 00:22:34.423, 0, 72 %, 93037 MiB, 241.49 W, 2370 MHz, 12481 MHz, 44
2026/09/27 00:22:34.423, 1, 76 %, 93359 MiB, 268.77 W, 2385 MHz, 12481 MHz, 45
2026/09/27 00:22:34.674, 0, 74 %, 93037 MiB, 241.76 W, 2392 MHz, 12481 MHz, 44
2026/09/27 00:22:34.674, 1, 85 %, 93359 MiB, 272.42 W, 2392 MHz, 12481 MHz, 47
2026/09/27 00:22:34.924, 0, 68 %, 93037 MiB, 244.34 W, 2392 MHz, 12481 MHz, 46
2026/09/27 00:22:34.924, 1, 81 %, 93359 MiB, 276.22 W, 2385 MHz, 12481 MHz, 46
2026/09/27 00:22:35.174, 0, 65 %, 93037 MiB, 244.43 W, 2385 MHz, 12481 MHz, 45
2026/09/27 00:22:35.174, 1, 82 %, 93359 MiB, 276.98 W, 2385 MHz, 12481 MHz, 46
2026/09/27 00:22:35.424, 0, 72 %, 93037 MiB, 246.09 W, 2392 MHz, 12481 MHz, 44
2026/09/27 00:22:35.424, 1, 76 %, 93359 MiB, 278.69 W, 2392 MHz, 12481 MHz, 46
2026/09/27 00:22:35.674, 0, 69 %, 93037 MiB, 246.39 W, 2400 MHz, 12481 MHz, 46
2026/09/27 00:22:35.674, 1, 83 %, 93359 MiB, 279.42 W, 2385 MHz, 12481 MHz, 46
2026/09/27 00:22:35.924, 0, 63 %, 93037 MiB, 241.74 W, 2392 MHz, 12481 MHz, 45
2026/09/27 00:22:35.924, 1, 82 %, 93359 MiB, 277.88 W, 2385 MHz, 12481 MHz, 45
2026/09/27 00:22:36.174, 0, 59 %, 93037 MiB, 240.76 W, 2385 MHz, 12481 MHz, 45
2026/09/27 00:22:36.174, 1, 79 %, 93359 MiB, 285.00 W, 2385 MHz, 12481 MHz, 47
2026/09/27 00:22:36.424, 0, 64 %, 93037 MiB, 242.71 W, 2392 MHz, 12481 MHz, 46
2026/09/27 00:22:36.424, 1, 84 %, 93359 MiB, 281.14 W, 2385 MHz, 12481 MHz, 45
2026/09/27 00:22:36.674, 0, 80 %, 93037 MiB, 240.43 W, 2400 MHz, 12481 MHz, 46
2026/09/27 00:22:36.674, 1, 80 %, 93359 MiB, 281.08 W, 2400 MHz, 12481 MHz, 46
2026/09/27 00:22:36.925, 0, 59 %, 93037 MiB, 242.55 W, 2400 MHz, 12481 MHz, 44
2026/09/27 00:22:36.925, 1, 74 %, 93359 MiB, 281.31 W, 2385 MHz, 12481 MHz, 46
2026/09/27 00:22:37.175, 0, 54 %, 93037 MiB, 241.48 W, 2392 MHz, 12481 MHz, 44
2026/09/27 00:22:37.175, 1, 78 %, 93359 MiB, 274.54 W, 2392 MHz, 12481 MHz, 46
2026/09/27 00:22:37.425, 0, 57 %, 93037 MiB, 238.37 W, 2377 MHz, 12481 MHz, 46
2026/09/27 00:22:37.425, 1, 83 %, 93359 MiB, 276.36 W, 2385 MHz, 12481 MHz, 47
2026/09/27 00:22:37.675, 0, 61 %, 93037 MiB, 241.19 W, 2400 MHz, 12481 MHz, 45
2026/09/27 00:22:37.675, 1, 85 %, 93359 MiB, 275.21 W, 2385 MHz, 12481 MHz, 47
2026/09/27 00:22:37.925, 0, 73 %, 93037 MiB, 240.56 W, 2385 MHz, 12481 MHz, 46
2026/09/27 00:22:37.925, 1, 82 %, 93359 MiB, 274.42 W, 2385 MHz, 12481 MHz, 47
2026/09/27 00:22:38.175, 0, 67 %, 93037 MiB, 242.01 W, 2392 MHz, 12481 MHz, 46
2026/09/27 00:22:38.175, 1, 85 %, 93359 MiB, 279.23 W, 2385 MHz, 12481 MHz, 46
2026/09/27 00:22:38.425, 0, 69 %, 93037 MiB, 244.49 W, 2400 MHz, 12481 MHz, 46
2026/09/27 00:22:38.425, 1, 84 %, 93359 MiB, 280.68 W, 2385 MHz, 12481 MHz, 47
2026/09/27 00:22:38.676, 0, 59 %, 93037 MiB, 242.76 W, 2400 MHz, 12481 MHz, 46
2026/09/27 00:22:38.676, 1, 87 %, 93359 MiB, 275.62 W, 2385 MHz, 12481 MHz, 46
2026/09/27 00:22:38.926, 0, 55 %, 93037 MiB, 240.75 W, 2385 MHz, 12481 MHz, 44
2026/09/27 00:22:38.926, 1, 83 %, 93359 MiB, 274.24 W, 2385 MHz, 12481 MHz, 45
2026/09/27 00:22:39.176, 0, 58 %, 93037 MiB, 244.02 W, 2392 MHz, 12481 MHz, 45
2026/09/27 00:22:39.176, 1, 80 %, 93359 MiB, 268.68 W, 2392 MHz, 12481 MHz, 46
2026/09/27 00:22:39.426, 0, 74 %, 93037 MiB, 244.59 W, 2407 MHz, 12481 MHz, 46
2026/09/27 00:22:39.426, 1, 78 %, 93359 MiB, 267.65 W, 2392 MHz, 12481 MHz, 47
2026/09/27 00:22:39.676, 0, 55 %, 93037 MiB, 243.61 W, 2400 MHz, 12481 MHz, 45
2026/09/27 00:22:39.676, 1, 83 %, 93359 MiB, 266.36 W, 2400 MHz, 12481 MHz, 46
2026/09/27 00:22:39.926, 0, 54 %, 93037 MiB, 243.20 W, 2400 MHz, 12481 MHz, 44
2026/09/27 00:22:39.926, 1, 77 %, 93359 MiB, 268.60 W, 2385 MHz, 12481 MHz, 45
2026/09/27 00:22:40.176, 0, 57 %, 93037 MiB, 240.70 W, 2377 MHz, 12481 MHz, 44
2026/09/27 00:22:40.177, 1, 74 %, 93359 MiB, 275.09 W, 2385 MHz, 12481 MHz, 47
2026/09/27 00:22:40.427, 0, 73 %, 93037 MiB, 240.15 W, 2400 MHz, 12481 MHz, 45
2026/09/27 00:22:40.427, 1, 88 %, 93359 MiB, 277.66 W, 2385 MHz, 12481 MHz, 46
2026/09/27 00:22:40.677, 0, 65 %, 93037 MiB, 239.94 W, 2400 MHz, 12481 MHz, 46
2026/09/27 00:22:40.677, 1, 79 %, 93359 MiB, 285.99 W, 2385 MHz, 12481 MHz, 45
2026/09/27 00:22:40.927, 0, 62 %, 93037 MiB, 241.47 W, 2392 MHz, 12481 MHz, 45
2026/09/27 00:22:40.927, 1, 75 %, 93359 MiB, 287.31 W, 2385 MHz, 12481 MHz, 46
2026/09/27 00:22:41.178, 0, 71 %, 93037 MiB, 242.50 W, 2400 MHz, 12481 MHz, 46
2026/09/27 00:22:41.178, 1, 86 %, 93359 MiB, 283.28 W, 2385 MHz, 12481 MHz, 46
2026/09/27 00:22:41.428, 0, 71 %, 93037 MiB, 245.46 W, 2392 MHz, 12481 MHz, 45
2026/09/27 00:22:41.428, 1, 84 %, 93359 MiB, 282.11 W, 2385 MHz, 12481 MHz, 47
2026/09/27 00:22:41.678, 0, 67 %, 93037 MiB, 248.08 W, 2400 MHz, 12481 MHz, 46
2026/09/27 00:22:41.678, 1, 87 %, 93359 MiB, 278.53 W, 2385 MHz, 12481 MHz, 47
2026/09/27 00:22:41.928, 0, 71 %, 93037 MiB, 249.71 W, 2400 MHz, 12481 MHz, 46
2026/09/27 00:22:41.930, 1, 87 %, 93359 MiB, 279.62 W, 2385 MHz, 12481 MHz, 47
2026/09/27 00:22:42.180, 0, 68 %, 93037 MiB, 248.83 W, 2400 MHz, 12481 MHz, 46
2026/09/27 00:22:42.180, 1, 74 %, 93359 MiB, 275.92 W, 2385 MHz, 12481 MHz, 46
2026/09/27 00:22:42.430, 0, 61 %, 93037 MiB, 244.28 W, 2400 MHz, 12481 MHz, 45
2026/09/27 00:22:42.431, 1, 69 %, 93359 MiB, 273.26 W, 2385 MHz, 12481 MHz, 47
2026/09/27 00:22:42.681, 0, 67 %, 93037 MiB, 243.96 W, 2400 MHz, 12481 MHz, 45
2026/09/27 00:22:42.681, 1, 91 %, 93359 MiB, 277.90 W, 2385 MHz, 12481 MHz, 47
2026/09/27 00:22:42.931, 0, 92 %, 93037 MiB, 241.38 W, 2400 MHz, 12481 MHz, 45
2026/09/27 00:22:42.931, 1, 87 %, 93359 MiB, 274.82 W, 2385 MHz, 12481 MHz, 47
2026/09/27 00:22:43.181, 0, 64 %, 93037 MiB, 238.70 W, 2407 MHz, 12481 MHz, 46
2026/09/27 00:22:43.181, 1, 80 %, 93359 MiB, 281.40 W, 2400 MHz, 12481 MHz, 45
2026/09/27 00:22:43.432, 0, 63 %, 93037 MiB, 241.84 W, 2385 MHz, 12481 MHz, 44
2026/09/27 00:22:43.433, 1, 72 %, 93359 MiB, 278.76 W, 2385 MHz, 12481 MHz, 46
2026/09/27 00:22:43.683, 0, 63 %, 93037 MiB, 236.75 W, 2392 MHz, 12481 MHz, 44
2026/09/27 00:22:43.683, 1, 68 %, 93359 MiB, 272.14 W, 2385 MHz, 12481 MHz, 46
2026/09/27 00:22:43.933, 0, 56 %, 93037 MiB, 231.47 W, 2392 MHz, 12481 MHz, 44
2026/09/27 00:22:43.933, 1, 75 %, 93359 MiB, 273.44 W, 2385 MHz, 12481 MHz, 46
2026/09/27 00:22:44.183, 0, 64 %, 93037 MiB, 233.76 W, 2385 MHz, 12481 MHz, 45
2026/09/27 00:22:44.184, 1, 82 %, 93359 MiB, 275.05 W, 2385 MHz, 12481 MHz, 46
2026/09/27 00:22:44.434, 0, 73 %, 93037 MiB, 235.57 W, 2400 MHz, 12481 MHz, 46
2026/09/27 00:22:44.434, 1, 81 %, 93359 MiB, 278.95 W, 2385 MHz, 12481 MHz, 47
2026/09/27 00:22:44.684, 0, 55 %, 93037 MiB, 237.21 W, 2392 MHz, 12481 MHz, 46
2026/09/27 00:22:44.684, 1, 80 %, 93359 MiB, 278.68 W, 2385 MHz, 12481 MHz, 46
2026/09/27 00:22:44.934, 0, 67 %, 93037 MiB, 237.41 W, 2400 MHz, 12481 MHz, 46
2026/09/27 00:22:44.934, 1, 82 %, 93359 MiB, 277.71 W, 2392 MHz, 12481 MHz, 47
2026/09/27 00:22:45.184, 0, 74 %, 93037 MiB, 236.27 W, 2385 MHz, 12481 MHz, 46
2026/09/27 00:22:45.184, 1, 82 %, 93359 MiB, 275.39 W, 2385 MHz, 12481 MHz, 45
2026/09/27 00:22:45.435, 0, 66 %, 93037 MiB, 231.66 W, 2392 MHz, 12481 MHz, 45
2026/09/27 00:22:45.435, 1, 83 %, 93359 MiB, 271.15 W, 2385 MHz, 12481 MHz, 46
2026/09/27 00:22:45.685, 0, 72 %, 93037 MiB, 231.47 W, 2392 MHz, 12481 MHz, 45
2026/09/27 00:22:45.685, 1, 82 %, 93359 MiB, 273.61 W, 2385 MHz, 12481 MHz, 47
2026/09/27 00:22:45.935, 0, 55 %, 93037 MiB, 236.11 W, 2392 MHz, 12481 MHz, 44
2026/09/27 00:22:45.935, 1, 71 %, 93359 MiB, 274.09 W, 2407 MHz, 12481 MHz, 46
2026/09/27 00:22:46.185, 0, 58 %, 93037 MiB, 237.21 W, 2400 MHz, 12481 MHz, 45
2026/09/27 00:22:46.185, 1, 76 %, 93359 MiB, 275.87 W, 2385 MHz, 12481 MHz, 47
2026/09/27 00:22:46.435, 0, 73 %, 93037 MiB, 242.90 W, 2392 MHz, 12481 MHz, 44
2026/09/27 00:22:46.436, 1, 79 %, 93359 MiB, 279.41 W, 2385 MHz, 12481 MHz, 46
2026/09/27 00:22:46.686, 0, 71 %, 93037 MiB, 245.08 W, 2392 MHz, 12481 MHz, 46
2026/09/27 00:22:46.686, 1, 81 %, 93359 MiB, 282.79 W, 2385 MHz, 12481 MHz, 46
2026/09/27 00:22:46.936, 0, 61 %, 93037 MiB, 241.15 W, 2400 MHz, 12481 MHz, 45
2026/09/27 00:22:46.936, 1, 77 %, 93359 MiB, 284.43 W, 2385 MHz, 12481 MHz, 46
2026/09/27 00:22:47.186, 0, 53 %, 93037 MiB, 239.99 W, 2400 MHz, 12481 MHz, 44
2026/09/27 00:22:47.186, 1, 69 %, 93359 MiB, 280.24 W, 2385 MHz, 12481 MHz, 47
2026/09/27 00:22:47.436, 0, 63 %, 93037 MiB, 234.30 W, 2385 MHz, 12481 MHz, 46
2026/09/27 00:22:47.436, 1, 83 %, 93359 MiB, 282.39 W, 2385 MHz, 12481 MHz, 47
2026/09/27 00:22:47.686, 0, 55 %, 93037 MiB, 231.34 W, 2392 MHz, 12481 MHz, 46
2026/09/27 00:22:47.687, 1, 82 %, 93359 MiB, 283.59 W, 2385 MHz, 12481 MHz, 46
2026/09/27 00:22:47.937, 0, 67 %, 93037 MiB, 234.89 W, 2400 MHz, 12481 MHz, 46
2026/09/27 00:22:47.937, 1, 77 %, 93359 MiB, 279.21 W, 2385 MHz, 12481 MHz, 47
2026/09/27 00:22:48.187, 0, 68 %, 93037 MiB, 235.49 W, 2400 MHz, 12481 MHz, 46
2026/09/27 00:22:48.187, 1, 77 %, 93359 MiB, 273.88 W, 2385 MHz, 12481 MHz, 46
2026/09/27 00:22:48.437, 0, 69 %, 93037 MiB, 238.13 W, 2385 MHz, 12481 MHz, 45
2026/09/27 00:22:48.437, 1, 71 %, 93359 MiB, 273.22 W, 2392 MHz, 12481 MHz, 46
2026/09/27 00:22:48.687, 0, 73 %, 93037 MiB, 239.74 W, 2400 MHz, 12481 MHz, 45
2026/09/27 00:22:48.688, 1, 89 %, 93359 MiB, 272.11 W, 2385 MHz, 12481 MHz, 47
2026/09/27 00:22:48.938, 0, 64 %, 93037 MiB, 242.24 W, 2400 MHz, 12481 MHz, 45
2026/09/27 00:22:48.938, 1, 89 %, 93359 MiB, 274.65 W, 2385 MHz, 12481 MHz, 46
2026/09/27 00:22:49.188, 0, 66 %, 93037 MiB, 242.49 W, 2400 MHz, 12481 MHz, 45
2026/09/27 00:22:49.188, 1, 82 %, 93359 MiB, 281.49 W, 2385 MHz, 12481 MHz, 47
2026/09/27 00:22:49.438, 0, 64 %, 93037 MiB, 243.07 W, 2415 MHz, 12481 MHz, 44
2026/09/27 00:22:49.438, 1, 82 %, 93359 MiB, 278.35 W, 2400 MHz, 12481 MHz, 47
2026/09/27 00:22:49.688, 0, 53 %, 93037 MiB, 239.56 W, 2392 MHz, 12481 MHz, 46
2026/09/27 00:22:49.688, 1, 82 %, 93359 MiB, 272.49 W, 2385 MHz, 12481 MHz, 46
2026/09/27 00:22:49.939, 0, 58 %, 93037 MiB, 236.99 W, 2392 MHz, 12481 MHz, 45
2026/09/27 00:22:49.939, 1, 71 %, 93359 MiB, 271.16 W, 2385 MHz, 12481 MHz, 45
2026/09/27 00:22:50.189, 0, 63 %, 93037 MiB, 237.91 W, 2392 MHz, 12481 MHz, 45
2026/09/27 00:22:50.189, 1, 81 %, 93359 MiB, 271.49 W, 2385 MHz, 12481 MHz, 47
2026/09/27 00:22:50.439, 0, 57 %, 93037 MiB, 230.86 W, 2400 MHz, 12481 MHz, 45
2026/09/27 00:22:50.439, 1, 73 %, 93359 MiB, 273.42 W, 2385 MHz, 12481 MHz, 46
2026/09/27 00:22:50.689, 0, 66 %, 93037 MiB, 235.44 W, 2392 MHz, 12481 MHz, 46
2026/09/27 00:22:50.689, 1, 81 %, 93359 MiB, 272.89 W, 2385 MHz, 12481 MHz, 46
2026/09/27 00:22:50.939, 0, 61 %, 93037 MiB, 232.69 W, 2392 MHz, 12481 MHz, 46
2026/09/27 00:22:50.939, 1, 85 %, 93359 MiB, 277.20 W, 2385 MHz, 12481 MHz, 47
2026/09/27 00:22:51.190, 0, 69 %, 93037 MiB, 235.57 W, 2392 MHz, 12481 MHz, 45
2026/09/27 00:22:51.190, 1, 88 %, 93359 MiB, 272.99 W, 2385 MHz, 12481 MHz, 47
2026/09/27 00:22:51.440, 0, 62 %, 93037 MiB, 237.90 W, 2400 MHz, 12481 MHz, 45
2026/09/27 00:22:51.440, 1, 78 %, 93359 MiB, 275.57 W, 2385 MHz, 12481 MHz, 46
2026/09/27 00:22:51.690, 0, 62 %, 93037 MiB, 237.73 W, 2400 MHz, 12481 MHz, 46
2026/09/27 00:22:51.690, 1, 90 %, 93359 MiB, 279.55 W, 2385 MHz, 12481 MHz, 46
2026/09/27 00:22:51.940, 0, 55 %, 93037 MiB, 239.57 W, 2392 MHz, 12481 MHz, 45
2026/09/27 00:22:51.940, 1, 83 %, 93359 MiB, 276.02 W, 2385 MHz, 12481 MHz, 45
2026/09/27 00:22:52.190, 0, 64 %, 93037 MiB, 239.29 W, 2392 MHz, 12481 MHz, 45
2026/09/27 00:22:52.191, 1, 87 %, 93359 MiB, 276.52 W, 2385 MHz, 12481 MHz, 48
2026/09/27 00:22:52.441, 0, 69 %, 93037 MiB, 243.62 W, 2400 MHz, 12481 MHz, 45
2026/09/27 00:22:52.441, 1, 81 %, 93359 MiB, 277.14 W, 2385 MHz, 12481 MHz, 47
