10354 13768 529 43999 17690 1787 97008 108 2595 48573 107 818 5905 5708 529 2165 6639 236779 4606 236779 1005 236929 563 531 8430 532 168984 1816 3004 699 496 31044 1262 2495 568 19609 496 10434 236772 5282 2165 3135 236929 1722 769 1030 19171 1806 25521 236787 107 236770 236761 138 1018 11447 236786 9647 9103 53121 15543 614 7738 2483 236761 107 236778 236761 138 1018 10176 16587 53121 15543 506 2483 5467 236761 107 236800 236761 138 1018 45762 529 7751 53121 38881 1090 1343 614 3499 236764 35129 573 3530 623 1005 236775 4458 20442 2427 236779 1005 8347 2165 4606 236779 1005 8347 653 2165 1005 59740 532 79212 1090 910 2165 1005 236929 6192 1131 496 3161 2483 236761 108 2595 115768 107 236829 139 1018 236929 236766 236787 19993 112994 3135 67234 66515 1455 19331 5577 531 496 2165 3135 236929 2495 236761 18186 580 506 14120 529 2165 3135 1480 1859 8347 2165 3135 1480 9647 8347 532 2165 3135 1480 4160 8347 672 563 4547 699 506 2165 73118 236779 3723 236929 37073 236761 107 236829 139 1018 236929 502 236787 833 1714 236929 66515 568 902 2165 4375 236779 3955 18833 562 2483 23892 236761 7918 236787 1174 7689 563 5633 50781 528 506 3847 54369 236761 108 2595 149072 107 236829 139 1018 236929 4116 236820 1859 236764 2552 67234 66515 236743 107 140 236829 139 236929 22736 236769 1859 54557 236787 669 150567 1816 653 614 7738 2483 236761 107 140 236829
10354 8739 9352 108 2595 48573 107 818 5905 5708 529 672 3393 563 531 2847 5213 45505 236764 4512 236772 2289 9960 529 31156 1018 568 5282 62267 653 9299 13272 769 3763 214135 506 9103 531 496 6530 236772 3119 38180 236772 236778 236810 236825 23219 1680 9960 236764 506 3393 27364 623 105227 13120 236775 1298 614 59471 1451 61161 506 13269 529 496 6789 684 16935 1217 1440 496 2483 9960 4716 568 7650 4781 67645 3649 657 506 1171 52726 16812 769 108 2595 115768 532 149072 107 236770 236761 138 1018 236929 19547 236778 236810 236825 236779 17102 236769 2478 236787 833 1714 236768 3921 2552 236929 1018 107 140 236829 139 1018 4661 53121 562 2483 23892 20442 236880 1714 59395 107 140 236829 139 1018 8433 53121 562 143534 2483 10065 529 506 38180 236772 236778 236810 236825 15424 236761 107 236778 236761 138 1018 236929 19547 236778 236810 236825 236779 106327 236769 2478 236787 833 1714 236768 3921 870 236756 236828 236793 236743 236800 236778 155192 1018 107 140 236829 139 1018 4661 53121 562 2483 23892 20442 236880 1714 59395 107 140 236829 139 1018 8433 53121 562 236743 236800 236778 236772 12247 3499 7906 506 10445 38180 236772 236778 236810 236825 15424 236761 107 236800 236761 138 1018 236929 36104 236779 2289 236779 24760 236779 4076 236769 989 236787 833 1714 236764 1447 236787 833 1714 236768 3921 7014 236929 1018 107 140 236829 139 1018 4661 53121 8512 2483 32892 20442 236880 1714 59395
10354 13768 529 43999 17690 1787 97008 108 2595 48573 107 818 5905 5708 529 2165 500 670 236779 30184 236779 33211 236929 563 531 2121 5213 165022 5249 580 8583 19171 84750 1030 175460 1343 496 5249 529 5158 15298 25843 532 37339 1724 600 735 7723 910 14860 236761 1174 27364 506 2165 32489 236929 699 6730 68535 532 22606 600 5405 5143 607 8585 25843 659 6811 236761 108 818 2165 208045 113749 236929 2456 7412 531 577 496 3997 1458 573 496 8583 7444 653 4209 32149 600 16710 623 227490 236775 981 532 19301 496 623 33955 236772 14566 236775 10241 568 19609 496 8659 70216 236768 1056 496 3530 6541 4576 20442 140435 236779 3066 6223 1140 2413 236779 29869 1089 236779 31832 18833 563 36774 236761 108 2595 115768 107 236829 139 1018 236929 500 670 236779 30184 236779 33211 236929 66515 67347 496 83213 5577 531 496 2165 32489 236929 529 2165 6161 1480 14150 1480 22163 19163 202395 21233 107 236829 139 1018 236929 208045 113749 1480 1951 236929 66515 67347 496 2483 23892 2165 4368 236787 833 1714 21233 107 236829 139 1018 236929 208045 113749 1480 6010 236779 236752 1296 236929 66515 67347 496 2165 156802 236929 13855 506 1527 529 2165 227490 236929 7683 236761 108 2595 149072 107 236829 139 1018 236929 500 670 236779 30184 236779 33211 236929 66515 15543 2165 73962 568 63823 769 1030 121203 506 2744 3550 528 236772 2811 236761 107 236829 139 1018 236929 208045 113749 1480
10354 13768 529 43999 17690 1787 97008 108 2595 48573 107 818 5708 529 672 3393 563 531 23448 532 26955 496 3530 14860 2731 20442 4968 21817 18833 573 496 5464 4735 2028 568 145300 496 623 67908 236775 3567 529 496 22267 40574 236772 3061 13217 769 1030 28399 1156 1689 9395 236787 107 236770 236761 5213 9842 170132 66515 1030 183803 496 2651 90841 10434 2483 1131 496 2165 4968 4092 236929 2495 236761 107 236778 236761 5213 21817 22039 833 120360 66515 1030 28402 496 623 110306 236775 2731 699 600 3957 532 1299 16819 3530 126534 531 506 2165 236796 43297 236929 27864 1101 5280 568 32321 3355 11550 236764 9168 21739 236764 532 3328 12627 769 108 2595 115768 107 236829 139 1018 33231 90841 10434 2552 66515 76843 178423 573 496 22267 40574 236772 236766 236812 2028 568 25232 236764 11497 11550 236764 7945 236788 6137 236764 4044 7476 107 236829 139 1018 236929 51691 1480 3762 1480 181043 4092 1480 7240 236929 66515 1455 8398 1292 600 4716 506 10434 2483 532 7623 496 9831 2495 236761 107 236829 139 1018 236929 15081 236779 20888 236929 66515 67347 496 2165 4968 4092 236929 532 7623 496 2165 4968 21817 21233 108 2595 149072 107 236829 139 1018 236929 22736 236769 4968 21817 54557 66515 562 6340 55975 532 109122 2731 5508 573 14860 236761 107 236829 139 1018 236929 21376 236769 21817 27407 3494 54557 66515 1455 3165 768 506 9831 563 19070 236764 506 37778 2731 20269
10354 13768 529 43999 17690 1787 97008 108 2595 48573 107 818 3393 4728 14955 5151 532 496 15018 573 496 5213 7741 22745 102655 84750 9567 5905 5708 563 531 8701 532 6060 3530 623 13205 2246 236775 26401 568 19609 699 32050 21706 1133 147224 236764 1366 17977 236764 653 29066 236847 236812 236768 2351 496 6381 529 1816 236761 1030 10916 19171 13179 573 43843 45330 26401 532 31236 1217 1623 529 496 623 9088 236775 568 5282 496 1292 2246 12093 236768 815 1010 7723 684 506 2028 236789 236751 3938 236761 108 2595 115768 532 149072 107 236770 236761 138 1018 236929 14170 236779 2068 236779 4060 236779 13205 236779 6639 236769 14170 236787 833 1714 236768 3921 7014 236929 1018 107 140 236829 139 1018 4661 53121 562 2483 23892 20442 236880 1714 18833 13855 506 1873 623 14170 236775 529 496 2028 236789 236751 3938 236761 107 140 236829 139 1018 8433 53121 562 8538 17674 768 506 70741 9743 10842 607 886 529 1806 3530 16996 26401 20442 67423 8347 2165 139314 4868 236779 46770 236779 67423 8347 653 2165 8925 236847 236812 236779 67423 59395 108 236778 236761 138 1018 236929 4218 236779 52202 236779 3469 236769 236751 236787 833 1714 236764 7853 236787 833 1714 236768 3921 56198 236929 1018 107 140 236829 139 1018 4661 53121 562 2483 23892 2165 236751 236929 568 1437 1873 11345 236768 532 496 2483 23892 2165 9088 236929 568 1437 4275 7853 236786 26488 769 107 140 236829 139
10354 13768 529 43999 17690 1787 97008 108 2595 48573 107 818 3393 563 5402 531 5675 496 5213 71295 2633 529 4744 64340 1018 568 145300 2165 236756 236825 236812 236929 19246 236768 573 9533 236772 3135 568 57137 236768 25565 236761 1030 13571 496 2644 529 132182 12627 699 496 15612 1131 496 90500 11345 529 64340 236761 1174 563 4547 1456 528 496 39937 236772 85005 774 34711 3958 568 104807 684 2165 236780 8370 42195 236929 532 2165 15539 19877 18833 531 2174 496 15168 531 6077 2802 506 6571 19246 529 3572 132182 25565 2180 14980 3996 1385 11303 236761 108 2595 115768 107 236770 236761 138 1018 236929 236744 236787 833 14525 236929 66515 562 5577 531 506 14860 3958 236764 1456 531 3011 506 1873 182377 6381 20442 236744 236761 6678 825 59395 107 236778 236761 138 1018 236929 12655 236787 833 16720 236929 66515 562 3904 7906 496 5249 529 132182 12627 20442 12655 236761 23465 59395 107 236800 236761 138 1018 236929 25232 236787 20214 236820 156802 67234 66515 669 3530 2644 529 22697 2351 506 15612 531 1657 236761 107 236812 236761 138 1018 236929 1163 236779 114108 236787 19993 112994 236780 8370 42195 236820 236747 236800 236778 6985 236929 66515 1455 19331 16694 531 496 2939 6651 568 1437 3847 54369 19945 1135 1680 672 563 6340 25015 236764 840 625 563 6915 1131 506 2644 1292 769 108 2595 149072 107 236829 139 1018 236929 4116 236820 236780 8370 42195 236820 236756 236825 236812
10354 8739 9352 108 2595 48573 107 818 3393 4728 2708 236772 5909 164742 573 496 5213 134512 605 92056 568 8534 236772 236758 62902 8417 236764 4547 1456 528 496 25093 22160 9483 568 2182 236792 236768 34711 3958 236761 236743 107 236770 236761 2165 78822 236779 236756 236800 236778 75118 18001 11427 506 3546 529 506 7310 1550 528 496 23892 568 1437 623 156303 236775 5313 769 107 236778 236761 2165 134512 605 9067 202816 1296 75118 562 1883 9714 573 496 24905 143817 2479 8417 5402 531 4260 532 5957 38038 21739 2721 580 9948 236761 107 236800 236761 2165 18819 2669 236779 60423 236779 2478 75118 562 35917 531 4959 18224 236772 3947 39716 1131 496 3103 236772 62886 9273 573 143817 37007 568 3350 3715 39716 1354 528 7100 4260 13272 769 108 2595 115768 532 149072 107 236829 139 1018 236929 78822 236779 236756 236800 236778 236929 66515 107 140 236829 139 1018 4661 66515 562 23892 529 236743 236800 236778 236772 3896 72160 20442 236880 236840 236760 236800 236778 236842 59395 107 140 236829 139 1018 8433 66515 562 2165 236756 236800 236778 236929 13855 506 3546 529 506 5783 1550 236761 107 236829 139 1018 236929 18819 2669 236779 60423 236779 2478 236929 66515 107 140 236829 139 1018 4661 66515 562 236743 236800 236778 236772 3896 6803 20442 236760 236800 236778 59395 107 140 236829 139 1018 8433 66515 562 2165 236756 236800 236778 236929 568 1437 3103 236772 159328 10065 769 107 236829 139 1018
10354 13768 529 43999 17690 1787 97008 108 2595 48573 107 818 3393 14736 618 496 5213 78640 236772 15396 12434 1594 1018 573 496 182377 236772 85005 774 3739 236761 1030 104755 600 506 39937 3453 563 15195 28331 568 145300 16329 573 2165 4671 236779 236770 236778 236771 236929 13217 779 20579 496 877 236772 89660 39937 9173 568 34246 6264 779 532 94517 496 6079 623 8322 2517 236775 15168 531 5330 506 4253 236772 1071 236772 10212 568 236814 236778 236796 236768 4921 236764 15168 8912 236764 532 4744 236772 1071 236772 6163 568 236796 236778 236814 236768 4921 16412 659 10828 236761 108 2595 115768 107 236770 236761 138 1018 26005 37785 66515 2165 58583 4428 236779 124790 63103 236929 568 11990 531 3014 506 2479 531 506 28725 182377 6477 34280 769 107 236778 236761 138 1018 17295 29179 66515 8512 16614 20442 236746 236929 532 2165 236763 18833 529 2425 609 236778 790 236778 236771 823 7906 18224 236772 3947 17047 236761 107 236800 236761 138 1018 102768 17605 66515 562 182377 4744 568 2662 236743 236771 236768 532 1061 5143 16333 15858 236761 108 2595 149072 107 236770 236761 138 1018 19696 140153 66515 84875 506 4744 1463 236764 16333 20478 236764 15233 1527 236764 532 506 1354 529 506 2165 3638 236779 1282 236929 79101 2426 236761 107 236778 236761 138 1018 18084 236786 36733 66515 15543 2165 22736 115230 236929 768 784 83616 1786 236764 653 496 2165 18325 3494 236929 568 504 33050 236768 768
10354 13768 529 43999 17690 1787 97008 108 2595 48573 107 818 5905 5708 529 672 3393 563 531 5213 32793 14860 6137 573 496 20974 236772 78885 9427 1018 2721 580 3453 7016 236761 1030 10916 19171 506 12692 529 496 9831 8134 20442 58583 4428 236779 32936 236779 2201 92034 236779 56506 18833 532 506 58089 236786 21862 529 496 8583 1527 20442 58583 4428 236779 32936 236779 2201 92034 236779 169947 59395 1030 992 5132 496 35917 573 43887 10795 236772 19040 9825 568 19609 573 13317 7659 25027 769 108 2595 115768 107 236770 236761 138 1018 26005 53923 66515 107 140 236829 139 236929 58583 4428 236779 32936 236779 2201 92034 236779 56506 75118 201318 573 10664 236761 107 140 236829 139 236929 58583 4428 236779 32936 236779 2201 92034 236779 169947 75118 562 2483 13855 506 1548 529 25843 531 1161 236761 107 236778 236761 138 1018 11813 78777 66515 107 140 236829 139 236929 7240 236779 14150 236779 2861 75118 67347 614 2165 13733 112994 1714 236813 21233 107 140 236829 139 236929 15967 236779 1899 75118 67347 496 2165 236880 1714 236929 4403 568 3480 506 4403 563 5633 50781 528 506 54369 769 108 2595 149072 107 236770 236761 138 1018 236929 126240 73962 66515 15543 496 2165 10761 236929 568 3397 768 506 9427 8134 7519 769 107 236778 236761 138 1018 236929 42669 236779 2543 236779 7291 73962 66515 15543 2165 4116 236820 236747 236800 236778 236764 2552 67234 568 1437 45271 8583 1527 653
10354 13768 529 43999 17690 1787 97008 108 2595 48573 107 818 3393 36371 9831 532 13179 573 496 3736 18088 9939 2760 5213 170849 2372 3051 4776 1018 568 19609 4596 531 28707 37521 174064 528 496 39937 653 1494 236772 32677 20124 4403 769 1030 23521 3363 3530 14628 236772 5909 183660 568 1364 3051 4776 20579 532 48699 44194 236768 1374 577 5158 2721 580 3453 7016 532 62577 496 623 6966 236775 4957 573 53255 6675 2721 580 61220 13376 236761 108 2595 115768 107 236770 236761 138 1018 236929 134702 236779 1364 3051 588 236779 498 73962 66515 2301 9103 236761 109744 699 506 1458 3453 236761 107 236778 236761 138 1018 236929 134702 236779 1364 3051 588 236779 207080 120956 236929 66515 236743 107 140 236829 139 236929 7650 75118 562 2483 23892 568 236744 236761 236759 1126 15168 1463 769 107 140 236829 139 236929 236745 236779 236809 75118 562 2165 156802 236929 568 19609 8583 15048 2425 769 107 140 236829 139 236929 236749 236779 2834 75118 562 2165 156802 236929 568 19609 2228 1527 769 107 140 236829 139 236929 6966 75118 1455 2165 236747 236800 236778 236929 568 1437 9255 9918 1550 769 107 236800 236761 138 1018 236929 134702 236779 22360 236779 6966 236779 498 73962 66515 2301 9103 236761 109744 699 506 1458 3453 236761 107 236812 236761 138 1018 236929 134702 236779 22360 236779 6966 236779 1708 120956 236929 66515 107 140 236829 139 236929 39888 75118 562 2165 156802 236929 13855 506
10354 13768 529 2165 159074 236779 9238 2289 236929 108 2595 48573 107 818 1292 171451 496 1759 236772 2289 9855 55386 3453 1024 496 3530 12032 20442 20156 236779 1356 59395 1030 4681 1217 614 2165 23994 86959 236929 19171 5065 34818 9855 25568 236764 18437 573 6381 46723 568 35522 779 24433 1262 16257 568 2865 2546 779 532 3435 39252 31164 653 125513 1294 236761 1030 13981 623 8970 236772 1708 3259 236775 1343 990 531 6054 506 1626 1883 529 506 9855 55386 236761 108 2595 115768 107 236829 139 1018 236929 26286 236929 20442 23994 20884 18833 66515 35265 23972 1217 506 79105 76881 568 236744 236761 236759 1126 13546 236764 18531 6366 769 107 236829 139 1018 236929 87305 236929 20442 156802 18833 66515 669 1548 529 34818 9855 25568 531 43928 236761 107 236829 139 1018 236929 20156 236779 1356 236929 20442 236756 236825 236812 18833 66515 669 2558 12032 529 506 55386 528 69508 236761 107 236829 139 1018 236929 13769 236929 20442 236880 65794 14938 23077 18833 66515 562 31314 2495 4547 1456 531 9279 506 623 6078 236775 653 623 2289 236775 3523 684 6675 568 3480 711 25010 1456 528 506 11325 54369 236764 625 563 6915 618 496 39604 769 108 2595 149072 107 236829 139 1018 236929 1479 1555 117839 236929 66515 562 2456 568 30124 9724 236768 600 4547 6097 506 1626 1883 529 506 79105 236764 496 1694 529 19153 25568 236764 532 14846 19455 580 2630 236786 47817 236761 108
10354 13768 529 2165 18330 236779 45096 236779 15143 236929 108 2595 48573 107 818 5708 529 672 1292 563 531 4610 614 623 138648 92371 236775 10241 2351 496 2165 236823 12367 88293 236929 3904 2721 580 496 7501 529 21739 236761 1030 7412 531 577 912 529 496 132182 236772 12655 653 5700 236772 225920 18088 1298 506 1458 623 15143 236751 236775 837 21739 659 2132 3487 531 2514 528 6571 568 504 623 18330 1373 684 31652 6145 14906 653 18710 20442 1246 8347 2165 236753 236778 236745 8347 2165 236753 236778 236745 236779 5099 18833 573 1546 8369 3847 236761 108 2595 115768 107 236770 236761 138 1018 236929 236744 236787 833 14525 236929 66515 562 5577 531 506 4185 3958 1883 568 19609 7906 2028 18710 236764 9831 236764 653 4185 4403 769 107 236778 236761 138 1018 236929 236753 236787 833 10181 147224 88293 236929 66515 562 83213 5577 531 506 12262 1883 236761 1174 2495 9258 506 3530 28436 573 506 1873 2864 236786 25425 236764 2440 506 34066 15676 13179 236761 107 236800 236761 138 1018 236929 19904 236751 236787 132066 236756 236800 236778 155192 66515 562 23892 529 8369 62606 531 577 18761 236761 108 2595 149072 107 236829 139 1018 236929 4116 198504 9622 236820 65794 5325 1480 1899 1480 3494 6985 236929 66515 15543 2165 22736 115230 236929 580 2630 236761 1637 1027 3141 8369 4610 20269 568 15218 506 2165 236881 236929 8535 580 2165 60766 236779 1282 59740 625 7623 614 3165
10354 13768 529 2165 17420 236779 29552 236929 108 2595 48573 107 818 1292 183803 496 16812 23892 13855 496 123281 17420 236929 33563 568 145300 3182 573 5213 707 516 1018 6518 18907 236768 531 8430 496 1694 529 2165 236797 16294 22057 236929 7751 236761 1030 175460 1343 506 33563 3355 684 3355 236764 21558 2129 28436 1133 5618 236764 11550 236764 532 16412 236764 532 19171 506 623 236758 1124 236775 9239 12093 6518 573 2479 9314 236761 108 2595 115768 107 236829 139 1018 236929 15727 236787 132066 236756 236828 155192 66515 562 16812 23892 7906 506 10445 1262 529 496 10584 33563 236761 108 2595 149072 107 236829 139 1018 236929 22736 236769 32489 236820 236797 16294 22057 28245 236929 66515 562 3550 529 235856 7906 506 1463 236764 16812 9815 236764 532 2425 529 1546 4374 1765 528 506 33563 236761 107 236829 139 1018 236929 21376 236769 236797 16294 3494 54557 66515 1455 3165 18572 17674 4342 1288 618 1908 236772 707 516 18907 236764 19070 12880 514 11550 236764 29839 1262 236764 653 1908 236772 13052 236772 236828 107084 236761 108 2595 3245 34356 107 236829 139 1018 236929 29552 236929 66515 562 2165 32489 236929 600 23897 618 4341 2129 16227 568 14727 2165 236771 236929 653 2165 236781 18833 659 8385 236761 107 236829 139 1018 236929 10617 236929 66515 1455 11995 16074 506 1873 2939 528 506 16812 23892 568 46449 524 684 2165 61836 236929 528 1546 27497 769 107 236829 139 1018 236929
10354 13768 529 43999 17690 1787 97008 108 2595 48573 107 818 3393 62577 506 38608 6571 5384 568 38357 532 132182 15612 236768 573 496 7501 529 2028 12627 532 1299 80820 506 3530 5384 573 496 17503 529 1724 12627 568 236746 623 17585 1373 2721 580 496 3530 2864 236761 1174 563 10944 528 10861 3797 573 32050 236792 34711 568 236744 236761 236759 1126 16358 1217 1623 6571 496 3530 39937 5552 795 30656 769 108 2595 115768 107 236770 236761 138 1018 236929 20836 236779 101535 236929 66515 107 140 236829 139 236929 25232 75118 562 23892 529 2165 16793 55070 23077 236929 7751 568 22536 2165 6078 236779 18222 236929 532 2165 23465 236779 18222 236779 721 236779 1114 59395 107 236778 236761 138 1018 236929 17585 236779 13769 236929 66515 107 140 236829 139 236929 17585 75118 1455 3546 568 63634 528 506 3847 54369 236764 840 4547 10518 573 19346 653 13179 769 107 140 236829 139 236929 3041 236929 965 2165 643 75118 117787 23906 506 2644 529 12627 531 9279 236761 107 140 236829 139 236929 38357 236929 965 2165 23465 75118 669 24905 31945 7835 684 2165 20836 236779 101535 21233 107 140 236829 139 236929 4764 75118 562 2165 55070 3932 236929 2495 7906 2165 6875 236779 31846 21233 108 2595 149072 107 236770 236761 138 1018 236929 20836 236779 101535 236929 66515 562 33228 529 1156 16614 236787 2165 236769 32489 236820 236756 236825 236812 11295 29089 236820 236756 236825 236812 28245 21233
10354 13768 529 2165 67908 236779 15081 73962 108 2595 48573 107 818 5708 529 672 1292 563 531 23448 532 25774 496 2028 14860 2731 568 19609 573 496 22823 3707 34711 3958 236768 2721 580 496 2651 90841 9831 2483 236761 1030 12316 618 496 623 25119 236775 653 623 100293 236775 1292 600 4728 496 877 236772 126240 236764 1944 236772 7669 2028 10884 568 145300 496 2165 236809 17977 236800 236779 236810 236929 18572 236768 573 7257 653 29528 8616 236761 108 2595 115768 107 236829 139 1018 9336 53121 669 1292 4716 951 12130 236761 1030 35879 11716 580 496 2651 90841 10434 2483 37087 236761 108 2595 149072 107 236829 139 1018 236929 4116 236820 4968 21817 236764 9620 27407 3494 67234 66515 236743 107 140 236829 139 1018 18084 20442 22736 236769 4968 21817 236768 18833 66515 15543 496 28725 2731 5508 573 14860 236761 107 140 236829 139 1018 36733 20442 21376 236769 21817 27407 3494 236768 18833 66515 15543 614 3165 768 506 10434 563 4405 11214 236764 506 9831 2979 659 70602 236764 653 506 2165 110306 236779 15081 236929 13179 20269 531 2016 496 4341 2731 699 506 3847 6137 236761 108 2595 3245 34356 107 236829 139 1018 3771 2678 4518 53121 669 1292 7412 531 577 8176 528 3755 529 4185 1883 236761 1030 36803 496 2002 2483 1131 496 2165 4968 21817 236929 2495 236761 107 236829 139 1018 26647 3245 53121 1030 14004 18276 7751 20442 181043 4092 8347 2165 4968
10354 13768 529 2165 22828 236779 1187 236929 108 2595 48573 107 818 1292 88048 496 2028 31744 2483 1131 496 2263 114808 2479 236761 1030 10916 19171 496 2401 2165 104750 39358 24905 236764 837 11387 496 22798 3801 7117 20387 236761 1030 23521 1298 506 2028 1374 577 11628 568 5140 580 3453 7016 653 496 3678 15612 12229 779 17507 768 506 2028 3016 7519 16445 236764 532 768 711 236764 118155 496 11411 4991 531 6463 625 1699 506 2165 104750 236929 71597 236761 108 2595 115768 107 236829 139 1018 236929 1187 236929 20442 236880 1714 18833 66515 562 2483 13855 496 2028 31744 236761 107 140 236829 139 236829 12703 236743 236770 149681 211661 212922 236772 236800 34841 568 3771 24905 769 107 140 236829 139 236829 12703 236743 236778 149681 211661 104750 236787 7655 236772 212922 236786 236798 49751 236772 236800 236772 236828 236799 34841 568 236814 113416 7117 24905 607 8123 236786 30050 769 107 140 236829 139 236829 12703 236743 236800 149681 211661 104750 236787 7655 236772 212922 236786 236798 49751 236772 236800 236772 236828 236799 236787 1874 1844 34841 568 236814 113416 7117 24905 607 496 2129 3759 769 108 2595 149072 107 236829 139 1018 236929 22736 236769 1859 54557 66515 669 10298 2479 531 506 21891 2028 2129 236761 107 236829 139 1018 236929 21376 236769 1859 54557 66515 562 41575 3165 3618 568 236744 236761 236759 1126 19070 6518 236764 2165 104750 236929 71597 9724 236764 653 2165 20701 236929 8800 769 108
10354 8739 9352 13768 108 2595 48573 107 818 3393 4728 496 16848 529 14955 5151 573 5213 217349 18256 532 141657 125546 10916 5402 573 22020 18224 236772 3947 2536 568 19609 699 496 150440 236792 653 6373 10075 15168 769 1030 19171 31236 10298 8798 236764 6658 9825 607 496 5646 6413 236764 64745 34777 236772 7513 1548 8299 573 1594 16614 236764 532 20522 14988 573 18090 3671 529 5065 8784 236761 108 2595 115768 236764 149072 236764 532 3245 34356 107 236770 236761 138 1018 236929 2074 16417 236769 236746 236787 132066 236760 236800 236778 1604 518 236787 132066 236760 236800 236778 2812 3921 517 236800 236778 236929 1018 107 140 236829 139 1018 71761 53121 8512 32892 529 236743 236800 236778 236772 3896 72160 236761 107 140 236829 139 1018 166233 53121 669 5783 10298 4954 1534 7041 4820 236761 107 140 236829 139 1018 3112 34356 53121 5450 568 79910 1292 769 107 236778 236761 138 1018 236929 2921 236779 1340 236769 236753 236787 517 236800 236778 236764 5577 236787 132066 236760 236800 236778 2812 3921 517 236800 236778 236929 1018 107 140 236829 139 1018 71761 53121 562 3161 6803 2165 236753 236929 568 1437 3165 236786 44251 236768 532 496 23892 529 72160 2165 30449 21233 107 140 236829 139 1018 166233 53121 562 6658 3165 1550 236761 107 140 236829 139 1018 3112 34356 53121 5450 568 79910 1292 769 107 236800 236761 138 1018 236929 972 236769 236747 236787 56198 236768 3921 517 236800 236778 236929
10354 8739 9352 236787 2165 93957 236810 236779 32172 236929 35265 35292 108 2595 48573 107 2094 9173 4728 9831 13179 573 496 623 9179 236792 236810 236775 64425 67969 568 7216 236768 3453 236761 1030 19171 3453 6471 51139 236764 623 59478 236775 4981 17507 568 184895 768 3530 45208 13179 1374 577 5158 779 532 58089 529 3996 14628 236786 7508 15468 16587 236761 1030 7412 531 577 912 529 496 10861 4122 653 34711 1458 568 19609 13803 182377 236786 227419 236768 600 36371 1217 2028 12627 659 10861 3418 7359 236761 108 2595 115768 532 149072 107 236770 236761 138 1018 236929 93957 236810 236779 32172 236779 7291 236779 1712 73962 1018 107 140 236829 139 1018 4661 53121 5450 568 57103 699 1458 3453 769 107 140 236829 139 1018 8433 53121 2165 13733 236820 1859 67234 2192 669 10445 1550 529 2165 58583 4428 236779 9179 236792 236810 236779 7216 21233 107 236778 236761 138 1018 236929 93957 236810 236779 32172 236779 59478 73962 1018 107 140 236829 139 1018 4661 53121 5450 568 105371 2165 93957 236810 236779 32172 236779 7291 236779 1712 59395 107 140 236829 139 1018 8433 53121 2165 10761 236929 2192 2165 3397 236929 768 506 3453 6471 7519 236764 563 711 7738 236764 532 563 711 211661 236771 236775 21233 107 236800 236761 138 1018 236929 7240 236779 93957 236810 236779 32172 236779 7508 236779 134878 120956 236929 1018 107 140 236829 139 1018 4661 53121 2165 2394 236929 20442 13733 112994 1714 236813
10354 41959 107 2094 43999 3393 19301 496 8583 236772 12977 10241 573 43887 532 8487 623 18557 225571 236775 568 19609 496 8610 236772 15396 1262 3904 236768 12627 236761 1030 6178 496 4185 1883 3759 13803 496 126641 236772 26584 2165 236799 195601 236929 532 614 20524 8538 8134 531 5330 600 1186 886 12203 6478 740 4583 657 496 990 236761 108 10354 54198 13768 108 2595 236743 236770 236761 2165 1906 236779 32186 73962 107 236829 139 1018 72655 66515 104217 496 861 12203 6478 236761 1030 22606 600 951 1032 12203 563 5633 4710 1680 122980 496 861 6310 9714 236761 107 236829 139 1018 71761 66515 5450 236761 107 236829 139 1018 166233 66515 2165 22736 115230 236929 580 2630 236764 653 614 2165 21376 236929 768 506 12203 563 3016 5158 653 506 126641 563 113122 236761 107 236829 139 1018 3112 34356 66515 107 140 236829 139 1018 72698 20442 215509 18833 66515 1637 6595 236764 506 2165 13733 236820 236799 195601 67234 563 10448 699 2165 9336 236929 531 2165 9401 236769 236799 195601 1480 1951 3507 21233 107 140 236829 139 1018 73007 20442 62919 18833 66515 34356 699 2165 4530 236929 531 2165 3397 236929 1699 2165 188928 1480 19878 21233 108 2595 236743 236778 236761 2165 50263 236779 32186 73962 107 236829 139 1018 72655 66515 16187 5411 506 12203 6478 236764 35405 506 10819 1262 236764 532 36803 625 1131 496 19372 236764 79402 6518 20442 32489 236820 18557 507 236753 16793 40740
10354 13768 529 43999 17690 1787 97008 108 2595 48573 107 818 3393 563 5402 531 59162 1343 532 5957 506 13653 529 496 17755 182377 17982 236761 39799 236764 625 17269 531 8701 532 6196 623 72471 236775 13653 1651 45981 1032 4458 529 13653 568 5282 6571 16258 653 7738 13653 769 1174 563 4547 1456 573 496 1458 600 3548 531 73061 5510 12496 568 5282 18271 3731 236768 531 39937 52025 1651 544 37180 1032 6675 618 236772 511 236761 108 2595 115768 107 236770 236761 138 1018 236929 8818 236929 66515 562 5577 531 496 2165 149674 7868 1480 15685 1480 236780 8370 14686 21233 1174 9282 506 17755 7501 529 182377 6675 236761 107 236778 236761 138 1018 236929 236750 236929 568 495 2165 7313 236779 6572 18833 66515 562 2165 16648 1480 33186 3709 236929 13855 506 994 4981 529 496 182377 7924 9299 2246 236761 107 236800 236761 138 1018 236929 14070 236929 568 495 2165 7313 236779 6572 18833 66515 562 2483 23892 1456 531 2847 4403 573 3165 13761 236761 108 2595 149072 107 236770 236761 138 1018 236929 21424 236779 21856 236929 66515 15543 496 2165 4116 236820 32489 236820 72471 4740 11295 9622 236820 65794 5325 1480 1899 1480 3494 6985 21233 2154 2630 236764 625 7623 496 3550 7906 1262 9108 13855 1186 506 15168 13653 1765 528 506 3753 236761 107 236778 236761 138 1018 236929 7313 236779 6572 236929 66515 15543 2165 22736 115230 236929 768 506 182377 1354 563 2630
10354 8739 9352 236787 2165 33763 236779 38264 236779 22828 236929 532 32114 47223 108 2595 48573 107 818 5905 5708 529 672 3393 563 531 5213 7240 532 14245 496 9831 6514 1018 568 145300 573 623 33763 25386 1373 699 614 3453 6471 236761 1030 13571 3572 2483 9103 568 5282 623 9913 827 623 236770 827 623 10270 827 623 2865 1373 1131 496 31044 2165 38885 68171 236929 32377 236761 236743 108 47622 236764 506 3393 4728 496 10241 531 4087 3363 506 14314 2479 815 1010 48425 4323 614 20524 6651 20442 54338 69301 236779 51787 18691 59740 17096 600 7713 653 8784 659 623 9181 236772 34951 21375 236775 568 236747 236761 236744 1126 901 3643 6984 506 981 901 13264 531 1594 769 108 2595 115768 532 149072 107 236770 236761 138 1018 236929 33763 236779 38264 236779 22828 236769 236766 236787 19993 112994 1714 28245 236929 1018 107 140 236829 139 1018 4661 53121 1455 2165 13733 112994 1714 236813 21233 1174 9282 496 2483 23892 600 1149 653 1149 711 2849 568 236744 236761 236759 1126 614 3453 6471 600 2473 577 90520 769 107 140 236829 139 1018 8433 53121 2165 4116 236820 38885 68171 236764 2552 236813 21233 15543 506 44275 32377 18572 580 2630 236764 653 496 45047 3165 2483 768 506 2744 563 191870 236761 107 236778 236761 138 1018 236929 33763 236779 38264 236779 9074 73962 1018 107 140 236829 139 1018 4661 53121 5450 568 57103 699 506 1458 3453 769
10354 13768 529 2165 12053 66608 236779 17718 236779 1048 236779 236745 236770 236929 108 2595 48573 107 818 1292 19301 496 24576 623 5778 66608 236775 568 19609 496 215369 236772 1340 236772 125953 653 3361 105993 13217 236768 5585 600 28399 496 58450 6113 27104 1534 496 13818 532 614 623 1048 236775 19360 236761 9567 5905 5671 563 531 30726 3736 684 16890 506 1346 8143 182377 15168 2721 580 506 18510 529 506 18710 568 145300 16329 573 2165 47149 22591 236812 236929 99161 236768 532 506 15830 529 877 236772 124655 99161 6137 236761 108 2595 115768 107 236770 236761 138 1018 236929 236744 236787 833 14525 236929 66515 562 5577 531 506 14860 3958 568 19609 7906 506 15168 39698 532 6571 3997 769 107 236778 236761 138 1018 236929 17718 236779 12053 66608 236787 833 236823 8028 49321 236929 66515 669 13818 18710 18441 236761 107 236800 236761 138 1018 236929 1048 236779 12053 66608 236787 833 236823 8028 49321 236929 66515 669 623 1048 236775 19360 18710 18441 236761 107 236812 236761 138 1018 236929 236802 236787 833 236780 8370 42195 236820 236760 236800 236778 67234 66515 669 2744 12881 18441 568 82244 1523 769 107 236810 236761 138 1018 236929 214453 236828 236787 19993 112994 236769 236780 8370 42195 236820 236747 236828 11295 565 8370 42195 236820 236760 236800 236778 236813 27594 236929 66515 1455 19331 6727 529 877 236772 124655 99161 6137 568 7669 532 5743 236772 3947 769 108 2595 149072 107 236829 139 1018
10354 13768 529 2165 22828 236779 36865 236779 11725 19475 236779 7291 236929 108 2595 48573 107 818 1292 236789 236751 5708 563 531 14245 496 12160 1534 1156 1607 3453 7016 600 1800 5686 531 8540 506 20974 39673 568 11725 19475 236768 573 496 15298 8583 236761 1030 22606 600 506 9831 563 131657 684 51628 531 7162 768 1800 7016 659 3847 607 1607 2979 236761 108 2595 115768 107 236770 236761 138 1018 236929 28122 236929 20442 13733 236820 1859 236813 18833 66515 146007 506 1550 529 506 2165 37376 236779 29869 1089 236779 32936 10108 236929 3453 6471 236761 107 236778 236761 138 1018 236929 32916 236929 20442 13733 236820 1859 236813 18833 66515 146007 506 1550 529 506 2165 37376 236779 29869 1089 236779 190236 1204 8481 236929 3453 6471 236761 108 2595 149072 107 236829 139 1018 236929 22736 3283 13733 236820 1859 11295 166351 6990 1540 225347 66515 236743 107 140 236829 139 818 1171 3408 563 506 21891 2483 1550 568 1437 623 52800 4248 107 140 236829 139 818 1855 3408 563 496 2483 37087 21558 837 3453 6471 691 1456 20442 37376 236779 29869 1089 236779 32936 10108 236929 653 2165 37376 236779 29869 1089 236779 190236 1204 8481 59395 107 236829 139 1018 236929 21376 236769 1859 54557 66515 562 41575 3165 3618 768 1800 7016 659 3847 840 3014 1607 2979 236761 108 2595 3245 34356 107 2094 563 496 5213 44310 1292 84750 1030 1677 711 17114 1027 4185 1883 236764 38659
10354 13768 529 2165 67908 236779 15081 236929 108 2595 48573 107 818 5708 529 672 1292 563 531 23448 532 25774 496 2028 14860 2731 573 496 3530 236764 2651 90841 623 67908 236775 215369 236772 1340 236772 125953 568 18557 236788 236768 2028 9831 236761 1030 12316 618 496 11879 1292 600 36803 496 10445 10434 9831 2483 1131 496 31044 2165 4968 21817 236929 2495 236764 4547 1456 573 122980 6571 653 23906 506 26379 3753 573 496 5464 4735 34711 3958 236761 108 2595 115768 107 236829 139 1018 9336 53121 669 1292 4716 951 12130 236761 1030 6178 496 2651 90841 10434 2483 618 1061 6145 9831 3738 236761 108 2595 149072 107 236829 139 1018 236929 4116 236820 4968 21817 236764 9620 27407 3494 67234 66515 236743 107 140 236829 139 1018 18084 20442 22736 236769 4968 21817 236768 18833 66515 15543 496 28725 2731 7906 506 31035 11273 532 6137 573 506 2028 236761 107 140 236829 139 1018 36733 20442 21376 236769 21817 27407 3494 236768 18833 66515 15543 614 3165 768 506 10434 563 4405 11214 236764 768 506 9831 2979 659 87121 39119 568 236744 236761 236759 1126 70602 2228 13376 779 653 768 506 14628 3914 1894 506 15633 2731 236761 108 2595 3245 34356 107 236829 139 1018 10999 9342 53121 1174 1292 563 8176 528 3755 529 4185 1883 236761 1030 1677 711 17114 1027 4185 7016 653 8398 5734 236761 1030 28399 496 11918 699 496 2483 874 4063 236795 2165 181043
10354 13768 529 43999 17690 1787 97008 108 2595 48573 107 818 3393 19301 496 5213 152884 8583 7444 1018 5402 573 496 1494 236772 143542 236764 2708 236772 103416 4209 8487 1458 568 19609 496 10808 41348 236764 2721 580 506 3453 6471 1463 769 236743 108 818 5905 5671 563 531 5571 506 28962 529 89721 861 25843 573 1418 1944 4209 236761 13884 236764 625 14004 496 6530 1548 529 1440 236772 51505 15298 25843 600 30656 2165 16882 236929 7751 699 496 7102 236761 1030 6178 496 623 2025 236772 2906 5445 236775 653 623 36865 236772 11138 236775 3759 1298 506 2157 529 72021 1135 496 3195 531 496 8583 1921 577 3718 1082 506 990 10683 684 10616 14860 236761 108 2595 115768 107 236770 236761 138 1018 26005 37785 20442 58583 4428 236779 26080 171860 236779 169947 18833 66515 29164 531 6054 506 1548 529 15298 25843 236761 107 236778 236761 138 1018 236929 33211 236929 568 156802 62902 236787 73712 531 2165 20341 1480 1951 8347 23906 506 2425 529 506 7444 236761 107 236800 236761 138 1018 236929 16882 236929 2456 66515 669 4360 529 981 7906 15375 20442 236781 8347 2165 236765 8347 2165 236762 59740 496 2165 39385 8347 614 2165 2427 236929 3546 236764 532 496 15323 6953 20442 18450 59395 108 2595 149072 107 236770 236761 138 1018 236929 42669 73962 66515 15543 496 2165 156802 236929 13855 506 1548 529 25843 531 577 1456 568 738 59034 1534 236743 236770 532 236743
10354 13768 529 43999 17690 1787 97008 108 2595 48573 107 818 3393 14736 1156 9245 8616 2351 496 25093 22160 9483 568 2182 236792 236768 34711 1458 236787 107 236770 236761 138 1018 236929 12220 1181 236779 32061 236929 66515 562 14955 1292 531 5675 496 31044 11172 573 496 623 12220 124427 236775 4209 236761 1030 27857 2744 1262 1131 496 3530 11184 7930 568 19609 573 496 2028 1133 22267 40574 653 3361 236764 2238 506 41209 36345 67234 16616 236768 531 14875 506 2028 531 12011 768 496 2354 19495 496 3530 7609 532 14787 236761 107 236778 236761 138 1018 236929 4503 236779 32186 236929 66515 1455 82956 183288 1292 600 19171 506 75777 529 496 623 32186 236775 2864 236761 1030 36371 506 22831 236764 14860 236764 532 1354 5249 529 496 2864 568 19609 573 19346 236764 100818 236764 653 3530 877 6910 236772 8960 19455 236768 2351 496 5074 236772 31150 236764 5074 236772 4368 3453 236761 108 2595 115768 107 236829 139 1018 236929 12220 1181 236779 32061 236929 66515 107 140 236829 139 236929 22768 75118 562 2483 22454 506 13138 573 11179 236761 107 140 236829 139 236929 3278 75118 562 2483 13855 506 2430 236789 236751 3927 653 9703 236761 107 140 236829 139 236929 7565 75118 562 2483 13855 506 3004 531 577 18212 236761 107 236829 139 1018 236929 4503 236779 32186 236929 66515 107 140 236829 139 236929 540 75118 12518 1883 568 19609 6097 7659 5405 1133 5603 36513 769
10354 13768 529 43999 17690 1787 97008 108 2595 236743 236770 236761 48573 107 818 3393 4728 1156 9245 85130 4596 531 496 1494 236772 32677 5464 4735 34711 3958 568 19609 573 215369 236772 1340 236772 125953 4681 1473 107 236829 139 1018 236929 21318 236779 9340 236779 78885 236779 36975 236779 17846 236929 66515 562 18256 14955 531 5330 600 496 9831 7689 568 1437 12881 4576 573 623 169062 11848 1373 563 96205 4341 573 506 2028 236789 236751 13179 236761 107 236829 139 1018 236929 16730 236779 1734 17585 236779 498 236929 66515 562 9831 27650 600 23521 3363 531 1161 496 3530 18088 7545 20442 58583 4428 236779 135206 236779 11112 211053 59395 1174 7545 96460 506 99161 529 7659 6352 9103 607 506 21439 236789 236751 26379 531 4006 14628 30846 236761 108 2595 236743 236778 236761 115768 236764 149072 236764 532 3245 34356 107 1018 11813 236787 2165 21318 236779 9340 236779 78885 236779 36975 236779 17846 236929 1018 107 236829 139 1018 71761 66515 2165 17846 236787 19993 236820 236760 236800 236778 67234 2192 1455 19331 18224 236772 3947 1548 13855 496 14272 236761 107 236829 139 1018 166233 66515 2165 4116 198504 2552 67234 2192 15543 2165 22736 115230 236929 768 506 2744 563 4341 568 504 2165 9336 59740 532 614 2165 21376 236769 1859 54557 7906 496 41575 3165 3618 768 506 2744 563 19070 236761 107 236829 139 1018 3112 34356 66515 5450 236761 1174 563 496 8176 1292 236761 108 1018 11813 236787
10354 13768 529 43999 17690 1787 97008 108 2595 48573 107 818 3393 4728 496 10241 573 20150 496 5213 222935 236764 3004 236772 5140 8689 5853 1018 573 496 5368 2203 236761 1030 119727 506 13269 529 506 3738 5028 568 9207 532 49266 236768 531 2619 496 4709 67856 236761 1174 67856 563 1456 531 8701 506 3530 1883 529 506 2016 236764 17096 600 768 1027 3738 2129 3731 236764 506 8689 5853 3731 236764 25869 506 623 540 1203 9834 236775 4186 4970 528 506 8968 568 3350 1607 71038 2473 4024 506 1638 5853 2779 531 86416 236789 236751 80864 769 108 2595 115768 532 149072 107 236770 236761 138 1018 236929 15059 236766 236770 236746 236770 236778 236828 236929 66515 107 140 236829 139 1018 4661 66515 562 16812 23892 20442 236880 236840 236756 236828 236842 18833 532 614 4068 236743 236770 236778 236828 236772 3896 15424 1550 20442 236756 236770 236778 236828 59395 107 140 236829 139 1018 8433 66515 562 861 236743 236770 236778 236828 236772 3896 15424 1550 20442 236756 236770 236778 236828 59395 107 236778 236761 138 1018 236929 9410 236779 4907 236779 547 236929 66515 107 140 236829 139 1018 4661 66515 562 236743 236770 236778 236828 236772 3896 15424 1550 20442 236756 236770 236778 236828 59395 107 140 236829 139 1018 8433 66515 562 67505 236764 5743 236772 125433 143534 2165 1859 21233 107 236800 236761 138 1018 236929 44484 236779 6306 236929 66515 107 140 236829 139 1018 4661 66515 562 2483 23892
10354 13768 529 43999 17690 1787 97008 108 2595 48573 107 818 3393 4728 14955 5151 573 496 1458 11734 653 15298 236772 6449 2404 2426 236761 1030 19171 1806 5905 9395 236787 107 236770 236761 138 1018 12282 6145 5022 1018 531 3246 236772 83563 16587 236761 107 236778 236761 138 1018 208394 496 84613 990 29645 1018 531 9279 34384 990 528 69508 568 29033 529 1458 11072 38167 769 107 236800 236761 138 1018 4092 1415 496 2404 236772 4256 27791 1018 568 114081 14272 236768 11233 699 614 3453 6471 236764 17096 625 563 16952 531 69508 532 815 496 7081 6413 529 236743 236770 1855 236761 108 2595 115768 532 149072 107 236829 139 1018 236929 20253 236779 1201 236769 236758 236787 559 236828 54557 66515 107 140 236829 139 236829 4661 149681 562 2165 236756 236828 236929 13855 496 5420 4512 236761 107 140 236829 139 236829 8433 149681 562 2165 236880 236789 6990 1540 236929 568 236744 236761 236759 1126 623 24259 827 623 62547 827 623 94624 827 653 623 39794 4248 107 236829 139 1018 236929 25422 73962 66515 107 140 236829 139 236829 4661 149681 5450 236761 107 140 236829 139 236829 8433 149681 1455 2165 77387 236929 13855 506 990 506 1948 1171 34961 672 1292 236761 107 236829 139 1018 236929 2998 236779 1356 73962 66515 107 140 236829 139 236829 4661 149681 5450 236761 107 140 236829 139 236829 8433 149681 562 2165 236756 236825 236812 236929 13855 69508 34384 2338 506 2165
10354 13768 529 43999 17690 1787 97008 108 2595 48573 107 818 3393 19301 496 5213 14150 236772 12977 5609 16074 1458 1018 573 496 1657 600 6585 623 2497 49145 236775 568 19609 1262 8487 653 6571 3997 769 1030 16710 506 2558 1548 529 12773 18761 236764 506 1527 529 7723 49145 236764 532 506 31115 529 506 1774 7723 27897 236761 1030 563 5402 531 23227 1534 623 3419 76941 236775 532 623 40604 524 236775 5609 13761 684 6655 496 35756 529 4588 2338 506 1657 3931 236761 108 2595 115768 107 236829 139 236929 14210 236779 2497 236779 4290 236769 4290 236787 56198 54557 236787 67347 496 2165 156802 236929 13855 506 1548 529 12773 7723 528 496 3161 27897 236761 107 236829 139 236929 50248 73962 236787 67347 951 12130 236793 625 20838 506 1873 1883 529 506 4185 15639 1229 236761 108 2595 149072 107 236829 139 236929 2998 236779 1356 73962 236787 15543 496 2165 236756 236825 236812 236929 13855 69508 34384 2338 506 1657 3931 236761 107 236829 139 236929 18582 73962 236787 15543 496 2165 236756 236825 236812 236929 13855 506 2558 1527 529 49145 7723 236761 107 236829 139 236929 50248 73962 236787 15543 614 2165 13733 236820 20558 236813 21233 1637 951 49145 735 1010 18761 236764 625 7623 2165 9336 14511 7394 236764 625 7623 496 2165 20558 236929 2456 568 1437 8514 529 837 563 29839 769 108 2595 3245 34356 107 818 3393 35879 580 1806 4185 20524 7016 568 702
10354 8739 9352 108 2595 48573 107 818 3393 14736 1156 9245 8616 2351 496 5464 4735 34711 3958 568 19609 573 496 25093 22160 9483 1473 107 236770 236761 138 1018 236929 87295 236779 5900 73962 66515 4300 1090 496 64745 1694 529 2483 104026 13855 506 3825 13272 573 496 3530 22823 3707 13217 236761 1030 13571 855 506 12627 532 910 15941 19360 4458 568 5495 236797 532 64997 236786 4033 236792 6237 769 107 236778 236761 138 1018 236929 18196 644 236811 236758 236812 1480 2543 236779 1874 1844 73962 66515 562 11879 1996 600 179660 496 877 6910 9831 699 496 667 26943 236811 2129 236761 1030 5132 496 3530 5646 2426 531 5001 506 14860 529 496 623 37737 236772 236814 29426 236775 568 58583 4428 236779 236776 236812 236768 768 614 3453 6471 563 1076 236764 532 121019 600 506 2028 236789 236751 28436 12853 506 4275 14860 1948 236761 108 2595 115768 107 236829 139 1018 236929 87295 236779 5900 73962 66515 5450 568 101108 951 12130 769 107 236829 139 1018 236929 2543 236779 1874 1844 73962 66515 562 5577 531 496 2165 236823 236759 1844 3202 236929 2495 568 2084 2165 236880 236823 236759 1844 3202 59395 108 2595 149072 107 236829 139 1018 236929 87295 236779 5900 73962 66515 562 2165 32489 236820 1859 67234 7906 236743 236800 236828 236812 16587 568 109654 618 236787 236743 236825 236812 12627 874 3841 236795 568 236800 633 32479 900 236743 236812 129667 6237 236768 578 236743 236812
10354 13768 529 43999 17690 1787 97008 108 2595 48573 107 818 3393 36371 496 4185 236764 8583 236772 12977 1883 8134 20442 181337 236779 108467 236779 39705 2413 18833 600 12316 618 496 27650 573 496 13179 9911 528 496 623 17718 236775 1458 236761 1030 23521 3363 496 3530 1948 568 19609 496 39937 236772 10619 6113 5585 236768 1374 14245 531 496 3678 6868 653 496 623 30449 236775 6868 236761 1174 563 10916 5402 531 6060 25521 1298 5065 6607 659 15808 1131 496 3161 1657 236764 17096 600 623 36778 236775 496 5577 1948 573 886 4209 4038 236789 236745 20651 1131 2264 236761 108 2595 115768 107 236829 139 1018 236929 1730 236779 30449 236779 78885 236779 17185 236779 1708 236779 17718 236929 66515 5450 236761 107 236829 139 1018 236929 2763 1730 236779 30449 236779 78885 236779 17185 236779 1708 236779 17718 236929 66515 5450 236761 107 236829 139 1018 236929 10098 236779 78885 236779 17185 236779 49801 236929 66515 5450 236761 108 2595 149072 107 236829 139 1018 236929 1730 236779 30449 236779 78885 236779 17185 236779 1708 236779 17718 236929 66515 5450 568 22373 1763 1186 769 107 236829 139 1018 236929 2763 1730 236779 30449 236779 78885 236779 17185 236779 1708 236779 17718 236929 66515 5450 568 22373 1763 1186 769 107 236829 139 1018 236929 10098 236779 78885 236779 17185 236779 49801 236929 66515 15543 496 2165 10761 21233 1030 7623 2165 3397 236929 768 506 5577 1948 563 5213 2217 1018 24723 236764 532
10354 13768 529 43999 17690 1787 97008 108 2595 48573 107 818 3393 4728 9831 532 23093 19052 573 496 5464 4735 34711 653 4122 3958 236764 10916 19541 580 5213 18557 236788 568 31213 8544 529 69262 62902 78200 236761 1030 19171 236787 107 236770 236761 138 1018 26005 35265 53121 139218 768 506 1458 1374 1845 528 496 3530 623 78885 63176 11363 236775 5354 236761 107 236778 236761 138 1018 161706 69280 53121 167076 496 623 179846 13954 236775 1456 528 496 4940 236772 20723 29792 568 19609 4596 531 9168 653 22988 27928 528 147121 18710 769 107 236800 236761 138 1018 94435 72174 53121 167076 623 13142 1662 236772 30554 18558 236775 2721 580 2483 104026 236764 837 23521 1217 1551 99161 6555 4583 36325 529 3530 2028 6237 236761 108 2595 115768 236764 149072 236764 532 3245 34356 107 236770 236761 138 1018 236929 78885 236779 1730 236779 21877 73962 1018 107 140 236829 139 1018 71761 53121 5450 568 57103 699 506 1458 3453 6471 2165 58583 4428 236779 8925 236847 236812 236779 2201 92034 236779 39705 59395 107 140 236829 139 1018 166233 53121 2165 10761 21233 107 140 236829 139 1018 3112 34356 53121 65284 496 2165 6990 9920 20954 21233 669 1171 990 672 1292 563 2760 236764 625 179660 506 2002 6471 2165 236847 236929 684 6013 506 3453 236761 107097 9139 994 506 62873 1550 2180 544 236772 37974 506 3453 236761 108 236778 236761 138 1018 236929 179846 236779 69984 236769 236753 236779
10354 13768 529 43999 17690 1787 97008 108 2595 48573 107 818 3393 23669 13179 573 16358 506 1548 529 623 1425 11802 236775 568 19609 5213 3243 236772 84438 11802 119542 1456 528 496 10861 6571 5585 568 49321 67969 1929 769 1030 62577 1217 1551 49145 529 236743 236810 236770 236778 4820 1374 577 18761 2721 580 506 2744 2425 2165 236749 8347 496 4185 4512 2165 1425 236779 61836 236773 8347 532 614 19331 3453 6471 236761 108 818 2165 2023 6759 236929 2456 9282 496 7283 34986 1534 26867 236761 1030 36371 68378 20442 29694 8347 2165 1193 8347 2165 17585 59740 53970 4749 20442 2788 8347 2165 236758 10593 59740 532 496 61959 10241 531 6060 6571 24121 532 623 223772 236775 1913 10861 6675 1133 2165 712 236779 29100 236929 653 2165 712 236779 17581 21233 108 2595 115768 107 236770 236761 138 1018 236929 516 236779 39888 236779 1708 236769 236749 236787 56198 54557 66515 107 140 236829 139 236929 236749 75118 669 2558 1548 529 4820 568 504 2425 236768 529 506 1262 1646 18761 236761 107 140 236829 139 1018 26005 37785 66515 2165 58583 4428 236779 7216 236779 1425 236779 61836 236773 236929 568 31162 2483 769 107 236778 236761 138 1018 236929 2023 6759 236929 22039 66515 107 140 236829 139 236929 216434 75118 562 5249 529 26867 568 19079 1178 684 506 6484 2383 769 107 140 236829 139 236929 7011 236779 2861 75118 669 6530 1548 529 4820 810 8345 568 19079 1178
10354 13768 529 43999 17690 1787 97008 108 2595 48573 107 818 5708 529 672 9173 563 531 2847 5213 48656 532 41468 13179 1018 573 2028 29262 236761 1030 12316 618 496 11879 653 29775 600 13571 1494 236772 5909 104026 568 125757 236764 29262 236764 653 6614 236768 1131 3530 6145 1262 9108 20442 4968 12415 8347 2165 4968 21817 8347 532 2165 49321 21372 59395 108 2595 115768 532 149072 107 236770 236761 138 1018 236929 2003 236779 32916 236929 66515 107 140 236829 139 1018 4661 66515 562 2483 23892 20442 236880 1714 18833 13855 496 1463 653 39309 236761 107 140 236829 139 1018 8433 66515 1455 2165 13733 112994 236789 6990 9483 12415 236813 21233 1030 7623 496 5577 531 496 2002 2028 3294 768 496 4241 563 1765 236761 107 236778 236761 138 1018 236929 1708 236779 3762 236929 66515 107 140 236829 139 1018 4661 66515 562 5577 531 496 2165 4968 4092 236929 2456 236761 107 140 236829 139 1018 8433 66515 1455 2165 13733 112994 236789 6990 9483 12415 236813 21233 1030 7623 496 5577 531 496 2002 2028 3294 600 19495 506 3847 9831 236761 107 236800 236761 138 1018 236929 110306 236779 15081 236929 66515 107 140 236829 139 1018 4661 66515 562 5577 531 496 2165 4968 4092 21233 107 140 236829 139 1018 8433 66515 562 2165 4116 236820 4968 21817 236764 9620 27407 3494 236813 21233 1030 16972 531 25774 496 2731 699 496 3957 236761 107 236812 236761 138 1018
10354 13768 529 43999 17690 1787 97008 108 2595 48573 107 818 3393 23669 506 13179 573 31236 6571 25519 6035 573 496 5213 49321 236772 22926 568 7216 236768 132182 568 3503 236772 3135 236768 2678 4554 1018 528 496 5464 4735 34711 4403 568 19609 32050 236792 12284 769 236743 108 34520 5905 5671 563 531 5330 5213 127787 66515 684 6082 4266 506 14988 528 2165 32172 236779 23465 236779 15080 236779 87074 236779 9896 8347 506 1458 22606 600 506 623 106354 236775 13179 568 10728 3651 768 496 2864 19009 528 6571 236768 532 506 623 14347 1277 236775 13179 568 89429 184676 506 39937 6571 236768 1161 506 4453 1638 6596 236761 1174 27364 623 3949 529 29179 236775 568 236806 4206 236768 9825 653 44669 2557 7321 684 216791 14287 236761 108 2595 115768 107 236770 236761 138 1018 236929 23465 236779 5953 236779 236767 236929 965 2165 23465 236779 5953 236779 236766 236929 66515 669 110913 529 506 9533 532 12155 102372 236761 107 236778 236761 138 1018 236929 129865 236929 66515 669 1548 529 18441 236772 52725 103593 236761 107 236800 236761 138 1018 236929 48578 236929 1018 568 77951 531 2165 87074 236779 18222 236929 1473 669 1548 529 21739 531 577 11628 236761 107 236812 236761 138 1018 236929 23465 236779 167691 236779 18222 73962 66515 562 4512 35917 568 213780 2165 236769 236800 236812 236764 236743 236778 236812 236768 18833 4547 13855 3225 17234 810 11306 236761 108 2595 149072 107 236770 236761 138
10354 13768 529 43999 17690 1787 97008 108 2595 48573 107 818 3393 563 912 529 496 2028 13317 1458 568 19609 573 496 22823 3707 34711 3958 769 9567 5905 5708 563 531 236787 107 236770 236761 138 1018 236929 1399 236779 236760 236800 236778 236929 66515 40656 532 129002 10445 16812 1262 699 496 2028 20442 894 4968 18833 1131 496 3550 529 236743 236800 236778 236772 3896 18224 236772 3947 4945 20442 32489 236820 236760 236800 236778 236813 59740 12804 1607 1262 4458 568 28671 236770 236825 532 633 236800 236778 769 107 236778 236761 138 1018 236929 2335 236779 3775 236929 66515 41719 496 26002 6352 20442 15953 18833 684 67931 3825 532 17482 102372 699 506 2028 236764 41483 910 13376 236764 532 35322 1091 1131 506 3958 236789 236751 6145 18441 6518 20442 613 590 59395 108 2595 115768 107 236829 139 1018 236929 1399 236779 236760 236800 236778 236929 66515 107 140 236829 139 236929 236757 75118 562 5577 531 2165 894 4968 236929 568 702 35245 531 3014 496 15468 529 5618 531 10445 1262 532 28436 769 107 140 236829 139 236929 1201 75118 562 2483 23892 13855 506 2307 531 1385 872 528 506 2028 236761 107 236829 139 1018 236929 2335 236779 3775 236929 66515 107 140 236829 139 236929 236744 75118 562 5577 531 2165 14525 236929 568 146888 14274 4615 1133 2165 613 590 59395 107 140 236829 139 236929 236757 75118 562 5577 531 2165 894 4968 21233 107 140 236829 139
10354 8739 9352 108 2595 48573 107 818 5905 5708 529 506 2165 236744 236828 236757 236771 236779 1071 236779 236760 236800 236778 236929 1292 563 531 7352 614 236743 236828 236772 3896 18224 236772 3947 1548 528 506 5213 236788 236828 236792 236771 1018 6518 568 236828 18060 529 32177 236764 236743 236771 18060 529 12806 15332 236768 1131 496 4077 236743 236800 236778 236772 3896 6803 20442 236760 236800 236778 59395 236743 108 818 2165 49321 9798 236929 2456 532 1061 2165 236749 236779 18222 236929 1996 7298 618 496 28436 14955 531 9279 506 6571 38649 529 496 18441 2721 580 1061 6230 532 1262 1722 568 45355 236768 2483 236761 108 2595 115768 107 236829 139 1018 236929 236744 236828 236757 236771 236779 1071 236779 236760 236800 236778 236769 236763 236787 559 236828 54557 66515 67347 496 3161 21940 236743 236828 236772 3896 11995 20442 236756 236828 18833 13855 506 10445 18060 529 614 645 236828 236792 236771 1550 236761 107 236829 139 1018 236929 49321 9798 1480 236749 236779 18222 6509 1508 54557 66515 67347 496 5577 531 496 2165 49321 9798 236929 2456 7906 496 2165 45355 236929 2483 532 496 2165 9896 236929 3550 236761 108 2595 149072 107 236829 139 1018 236929 236744 236828 236757 236771 236779 1071 236779 236760 236800 236778 236929 66515 15543 614 2165 236760 236800 236778 21233 107 236829 139 1018 236929 49321 9798 1480 236749 236779 18222 236929 66515 15543 496 2165 236756 236825 236812 236929 13855 506 2558 2425 528 17234 236761
10354 13768 529 43999 17690 1787 97008 108 2595 48573 107 818 5905 5708 529 672 3393 563 531 9688 496 4185 3453 6471 20442 95905 236779 146233 236779 11112 37822 198672 236779 37376 18833 600 12239 3363 506 1458 1374 9841 13317 496 2028 607 496 877 236772 111359 600 40826 614 4453 9918 236761 236743 108 818 3393 14736 1156 13616 236787 107 236770 236761 138 1018 9842 47223 53121 1030 4728 496 35917 1292 531 2426 768 506 623 8021 11908 236775 8134 563 15446 236761 107 236778 236761 138 1018 219045 9463 568 3694 35736 1473 1018 1030 19301 496 4185 126641 20442 11112 37822 198672 236779 37376 236779 53402 18833 531 5001 623 1674 32873 236775 7713 236761 8468 2165 138212 1594 236929 8784 7713 528 10616 2351 506 1638 1657 236764 886 1594 6514 506 3453 6471 1451 20651 1131 2264 236761 1174 6623 22606 600 7713 20226 672 3530 3453 1883 659 19284 1369 2524 236761 108 2595 115768 107 236829 139 1018 26005 37785 53121 669 1292 2165 8021 236779 20774 236779 1734 111359 236929 20838 699 506 1458 3453 1699 506 2307 5221 684 2165 95905 236779 146233 236779 11112 37822 198672 236779 37376 21233 107 236829 139 1018 72698 3245 53121 669 2165 1734 111359 236779 7291 236779 6980 236929 1292 4716 951 12130 840 70797 607 506 4185 2165 11112 37822 198672 236779 37376 236779 53402 236929 1883 236761 108 2595 149072 107 236829 139 1018 24176 53121 2165 8021 236779 20774 236779 1734 111359
10354 13768 529 2165 612 236779 41720 236929 108 2595 48573 107 818 1292 23521 506 623 8424 3298 236775 568 29527 236768 573 496 5074 236772 7508 18922 653 10616 8487 3904 2721 580 3453 7016 236761 1030 121019 600 506 1548 529 13479 15633 563 87121 9958 607 506 2558 2487 12627 532 22606 600 506 3530 9918 3298 3847 659 96205 4341 573 600 1548 529 13479 236761 108 2595 115768 107 236770 236761 138 1018 236929 236749 236779 25232 236929 568 156802 62902 236787 669 5783 1548 529 12627 2487 528 506 1458 236761 107 236778 236761 138 1018 26005 37785 2165 58583 4428 236779 14616 236779 1393 33950 236929 66515 69850 531 577 496 2483 13855 506 1548 529 13479 6131 236749 681 540 146139 107 236800 236761 138 1018 26005 37785 2165 58583 4428 236779 14616 236779 154909 28865 236929 66515 69850 531 577 496 55348 236772 74010 2483 529 25630 13855 506 22697 1298 506 18922 563 11310 236761 107 236812 236761 138 1018 26005 37785 2165 58583 4428 236779 14616 236779 154909 1768 236929 66515 562 22327 236786 1942 3259 236772 102229 6471 573 3161 236772 6966 29262 236761 108 2595 149072 107 236829 139 1018 236929 9401 236769 32489 236820 156802 28245 236929 66515 562 3550 529 22697 6250 607 2165 236771 236929 6641 684 506 44526 9918 3298 568 236744 236761 236759 1126 2165 236840 236771 236764 236743 236770 236771 236764 236743 236778 236771 236842 59395 107 236829 139 1018 236929 9336 236929 66515 196983 768
10354 13768 529 43999 17690 1787 97008 108 2595 48573 107 818 3393 4728 18544 573 14722 4266 1262 1131 496 3530 14820 6518 568 19609 496 2401 667 26943 236811 236772 42452 6518 236768 532 27672 1262 2721 580 7132 236761 107 236770 236761 138 1018 236929 5986 236779 236753 236778 236745 236929 66515 29197 5411 496 23892 529 236743 236800 236778 236772 3896 25630 20442 236753 236778 236745 18833 1131 496 14820 2129 607 496 3530 12093 3904 236764 1651 19639 7107 496 3246 236772 83563 123281 7090 236929 14701 529 506 1262 236761 107 236778 236761 138 1018 236929 15080 236779 3991 236779 236749 236929 66515 568 83042 8688 236768 36702 236751 22697 2721 580 506 7132 529 2979 528 496 3847 23892 236764 132187 3715 18558 532 1699 506 3546 618 496 14806 236772 73854 236761 108 2595 115768 107 236829 139 1018 236929 5986 236779 236753 236778 236745 236929 66515 107 140 236829 139 236929 2337 75118 562 2483 23892 20442 236880 1714 18833 13855 506 12892 2129 2479 236761 107 140 236829 139 236929 236753 236778 236745 75118 562 23892 529 236743 236800 236778 236772 3896 25630 20442 236880 236840 236747 236800 236778 236842 18833 531 577 50561 236761 107 236829 139 1018 236929 15080 236779 3991 236779 236749 236929 66515 107 140 236829 139 236929 26021 75118 562 23892 529 236743 236825 236812 236772 3896 21940 25630 20442 236880 236840 236756 236825 236812 236842 18833 13855 20660 236761 107 140 236829 139 236929 236749 75118 562 2165 156802 236929
10354 13768 529 2165 67908 236779 15081 73962 108 2595 48573 107 818 5708 529 672 1292 563 531 23448 532 25774 496 623 67908 236775 2028 2731 568 19609 573 496 22823 3707 34711 653 4122 3958 236768 1699 496 2651 90841 9831 236761 1030 14736 618 496 623 170826 1594 236775 653 496 3678 1944 236772 7669 9831 531 16807 600 506 9831 58089 532 2731 41468 13179 659 2844 15195 236761 108 2595 115768 107 236829 139 1018 9336 53121 669 1292 4716 951 12130 236761 1030 35879 580 496 2651 90841 10434 2483 24554 2351 506 1292 2742 236761 108 2595 149072 107 236829 139 1018 236929 4116 236820 4968 21817 236764 9620 27407 3494 67234 66515 236743 107 140 236829 139 1018 18084 20442 22736 236769 4968 21817 236768 18833 66515 15543 496 28725 14860 2731 573 496 215369 236772 1340 236772 125953 568 18557 236788 236768 2028 236761 107 140 236829 139 1018 36733 20442 21376 236769 21817 27407 3494 236768 18833 66515 15543 614 3165 768 506 10434 563 4405 11214 236764 506 9831 2979 659 70602 236764 653 506 41468 13179 20269 236761 108 2595 3245 34356 107 236829 139 1018 3771 33086 1883 3731 53121 669 1292 7412 531 577 8176 528 3755 529 4185 1883 236761 1030 36803 496 2002 2483 1131 496 2165 4968 21817 236929 2495 236761 3153 236764 625 14004 861 38659 236772 58193 7751 568 1437 2165 4968 4092 236929 532 506 9113 2165 4968 21817 18833 1913 14860 236761 108 2595
10354 13768 529 2165 1874 1528 236779 1071 236779 104750 236929 108 2595 48573 107 818 1292 14736 618 496 5213 1201 74935 1018 568 175558 236768 1534 1156 1607 2028 3825 48486 53359 236787 5213 30389 3620 1018 568 3456 684 2165 212922 236761 12362 18833 532 5213 236814 113416 17601 568 37030 62902 236761 1030 563 5402 531 6060 506 13718 8798 1534 4077 19707 4681 568 5282 639 49751 236768 532 3996 215369 236772 1340 236772 125953 568 18557 236788 236768 78200 568 5282 25378 8554 236772 236792 236800 653 10509 236800 769 108 2595 115768 107 236770 236761 138 1018 236929 1874 1528 236929 20442 236880 1714 18833 66515 562 2483 13855 506 2307 1463 529 496 3825 18441 528 506 83079 3620 6518 568 236744 236761 236759 1126 211661 167691 236761 236771 236761 736 236749 236779 17718 236779 39144 236761 6078 34841 769 107 236778 236761 138 1018 236929 1338 236929 20442 236880 18332 18833 66515 562 5577 531 614 13217 32377 236786 6076 236761 1030 563 1456 531 6054 837 3530 15468 13179 531 5510 568 236744 236761 236759 1126 3363 506 2028 563 496 25378 8554 236772 236792 236800 653 10509 236800 13217 769 108 2595 149072 107 236829 139 1018 236929 13733 236820 1859 67234 66515 236743 107 140 236829 139 236929 9401 236769 1859 54557 236787 669 28700 22798 3801 17601 3825 1463 568 236744 236761 236759 1126 211661 4368 236761 25232 236761 236771 236761 5088 236779 80497 236779 1289 236744 236761 17718 236761 6078 34841 769
10354 13768 529 2165 82943 236779 27521 236779 1928 178643 236929 108 2595 48573 107 818 1292 62577 496 3550 529 7132 24968 5872 568 1928 178643 236768 573 496 6953 653 1262 3904 607 496 3530 110913 20442 5953 59395 1030 7412 531 577 912 529 496 6953 8487 653 16505 16496 1458 568 19609 4596 531 623 82943 236775 16182 653 6794 27928 769 236743 108 818 7157 13179 28399 496 5213 11402 50724 568 121618 62902 1534 1156 1607 7132 4681 236787 107 236770 236761 138 1018 8306 216811 9483 53121 18186 580 496 2165 5521 236929 7132 236761 107 236778 236761 138 1018 127606 567 9483 53121 18186 580 496 2165 19385 236929 54606 236761 108 818 623 121618 236775 563 6185 684 506 4191 1534 506 1873 3546 532 496 2644 20442 976 236929 531 2165 11480 18833 11233 699 2165 3357 236779 8970 236929 532 2165 3357 236779 52807 236929 6137 236761 108 2595 115768 107 236829 139 236929 5953 236929 20442 236756 236800 236778 236929 1473 669 2558 110913 529 506 1458 236761 107 236829 139 236929 5521 236929 20442 236760 236800 236778 236929 1473 669 3225 7132 236786 69473 4512 236761 107 236829 139 236929 19385 236929 20442 236760 236800 236778 236929 1473 562 54606 1456 531 5559 506 623 2266 236775 7132 236761 107 236829 139 236929 17368 236779 6875 236929 20442 236756 236800 236778 236929 1473 562 4403 1550 1456 531 9279 506 19830 11306 568 19609 496 2846 653 5420 4512 769 107 236829 139
10354 13768 529 43999 17690 1787 97008 108 2595 48573 107 818 5905 5708 529 506 3847 3393 563 531 9688 496 4185 236764 8583 236772 12977 8538 8134 20442 7216 236779 13237 236779 12474 236779 149981 18833 600 4547 12239 496 3530 14860 2479 653 9831 13179 568 145300 4596 531 623 7216 23590 236775 2192 64425 67969 1929 965 43258 67969 1929 2192 573 496 623 37737 236775 10241 769 236743 108 818 5151 2847 496 10241 531 27650 672 1883 27768 532 1676 625 88711 236761 669 34043 7713 3600 672 8134 563 912 529 496 6268 1458 13803 10861 30314 6995 568 236796 3169 236812 86973 779 1298 3530 14628 15965 532 29262 1921 577 44526 236761 108 2595 115768 532 149072 107 236770 236761 138 1018 236929 1025 236779 32172 236779 838 236779 1708 236779 17718 236769 25475 236787 7014 54557 1018 107 140 236829 139 1018 4661 53121 562 8538 1550 20442 3397 236929 653 2165 4530 59395 107 140 236829 139 1018 8433 53121 15543 506 808 32136 236829 1550 529 506 4185 8134 236761 107 236778 236761 138 1018 236929 32172 236779 838 236779 1708 236779 17718 73962 1018 107 140 236829 139 1018 4661 53121 5450 236761 107 140 236829 139 1018 8433 53121 15543 506 1873 8538 1550 529 506 4185 8134 236761 108 2595 3245 34356 107 236829 139 1018 18085 3245 53121 669 3393 35879 580 496 4185 6471 2165 7216 236779 13237 236779 12474 236779 149981 21233 236743 107 236829 139 1018 71195
10354 13768 529 43999 17690 1787 97008 108 2595 48573 107 818 3393 4728 496 10241 573 44952 623 2497 236775 6675 568 19609 496 7274 32043 4209 1133 8355 1548 8299 653 496 3361 61216 1657 236768 528 496 1595 600 12765 5213 1364 30356 177169 1018 532 5213 21913 54539 84750 236743 108 127454 236764 625 5862 496 623 86155 236775 531 1657 49145 529 981 85363 236761 1030 4728 496 1595 531 27650 496 623 55747 236775 6868 568 19609 531 2174 1032 9395 531 1845 1534 49145 236768 532 5132 496 52065 10241 531 4113 506 3549 236772 15868 990 529 3141 49145 2180 1646 108710 684 506 2558 2864 51534 236761 108 2595 115768 107 236770 236761 138 1018 236929 86155 236929 20442 236880 10181 649 18833 66515 562 83213 5577 531 496 1722 22743 2165 40090 59946 21233 1174 2495 32618 506 1883 529 506 981 568 7843 1551 49145 659 2378 236764 1217 531 974 506 2148 886 769 107 236778 236761 138 1018 236929 55747 236779 9900 236779 40604 236929 20442 10761 18833 66515 562 8134 16358 3363 506 14860 1374 23493 236786 55747 1308 496 3161 27897 563 7723 236761 107 236800 236761 138 1018 236929 86457 236929 20442 19079 125698 18731 236769 40090 49832 236764 49483 236768 18833 66515 562 20943 568 22093 236768 1456 531 3423 93356 568 1437 27897 1262 532 506 990 625 3721 531 1657 769 108 2595 149072 107 236770 236761 138 1018 236929 4116 236820 40090 20558 236764 13946 3494
10354 13768 529 43999 17690 1787 97008 108 2595 48573 107 818 3393 4728 14955 5151 531 7352 236743 236770 236825 236772 3896 18224 236772 3947 20340 1131 4077 236743 236800 236778 236772 3896 72160 20442 236760 236800 236778 59395 236743 107 236770 236761 2165 21417 236770 236825 236779 1071 236779 236760 236800 236778 75118 2599 1755 1521 4182 496 5213 51671 236772 68428 568 22591 236770 236825 62902 3103 3759 1131 614 2165 236760 236800 236778 21233 107 236778 236761 2165 7589 236770 236825 236779 1071 236779 236760 236800 236778 75118 114248 496 5213 236799 8344 236770 236825 1018 3103 3759 531 2165 236760 236800 236778 236929 684 34064 506 18060 1131 506 7593 3746 529 506 236743 236800 236778 236772 3896 6803 3904 236761 108 2595 115768 532 149072 107 236829 139 1018 236929 21417 236770 236825 236779 1071 236779 236760 236800 236778 236769 236754 236787 559 236770 236825 54557 66515 107 140 236829 139 1018 4661 66515 562 236743 236770 236825 236772 3896 21940 11995 20442 236756 236770 236825 18833 13855 614 28788 236743 236832 236810 236812 3746 236772 43081 6803 236761 107 140 236829 139 1018 8433 66515 562 236743 236800 236778 236772 3896 18224 236772 3947 1548 20442 236760 236800 236778 59395 107 236829 139 1018 236929 7589 236770 236825 236779 1071 236779 236760 236800 236778 236769 236763 236787 559 236770 236825 54557 66515 107 140 236829 139 1018 4661 66515 562 236743 236770 236825 236772 3896 21940 11995 20442 236756 236770 236825 18833 13855 496 518 8344 236770 236825 1550
10354 13768 529 43999 17690 1787 97008 108 2595 48573 107 818 3393 14736 618 496 5213 9146 10452 40309 568 106924 236768 7234 1523 1018 573 496 5904 7489 2165 8182 601 21233 1030 183803 4991 236772 1257 12130 531 9116 14860 531 1607 1159 34706 236761 39799 236764 506 11325 9381 19171 496 2165 4368 19703 236929 4991 236764 837 108729 28436 1003 496 2028 568 6265 236764 9960 3328 236764 532 3938 12229 236768 532 24482 496 12323 236761 108 2595 115768 107 236770 236761 138 1018 9146 10452 78777 20442 6161 1480 7291 1480 5985 18833 66515 107 140 236829 139 1018 9223 236743 236770 66515 5375 7674 568 236744 236761 236759 1126 211661 4368 34841 769 107 140 236829 139 1018 9223 236743 236778 66515 10659 568 236744 236761 236759 1126 211661 118821 34841 653 211661 1166 42067 34841 769 107 140 236829 139 1018 9223 236743 236800 66515 562 3149 2165 6265 236929 2479 236786 2383 236761 107 140 236829 139 1018 43983 97669 66515 195800 59677 236929 568 15979 573 2165 118821 18833 532 195800 725 236929 568 15979 573 2165 118821 59395 107 236778 236761 138 1018 26005 66515 669 3393 35879 580 506 4077 3453 573 8485 11332 236761 108 2595 149072 107 236770 236761 138 1018 21108 16887 20442 42124 18833 66515 84875 496 45047 12323 2483 7906 2165 10774 8347 2165 31385 236779 2861 8347 532 2165 725 236779 5098 236929 768 506 2165 118821 236929 4991 78166 236761 107 236778 236761 138 1018 21108
10354 13768 529 2165 22828 236779 27288 767 236929 108 2595 48573 107 818 5708 529 672 1292 563 531 29888 506 10298 2479 531 506 77670 182377 101921 20442 27288 767 18833 580 496 4253 1458 236761 1030 563 5402 531 577 1456 2351 496 43999 2016 8948 20442 4907 236761 5532 59740 618 59360 684 506 2165 138212 236787 12220 602 236772 584 236772 7291 236772 18339 236929 11808 236761 1030 27592 5411 14481 3453 7016 1680 19460 1343 4077 182377 12229 53359 532 506 1458 2165 15573 21233 108 2595 115768 107 236829 139 1018 26005 53923 53121 236743 107 140 236829 139 236929 58583 4428 236779 47149 3129 75118 562 3530 12647 2479 236761 107 140 236829 139 236929 225266 236779 30903 8347 2165 225266 236779 15573 8347 2165 225266 236779 46037 75118 13029 182377 5989 49266 236761 107 140 236829 139 236929 15573 75118 669 1458 236789 236751 61734 3927 2479 236761 107 236829 139 1018 14239 998 3245 53121 669 10664 529 5734 657 2165 236840 46037 27770 6264 236786 27288 767 236929 532 506 13269 529 506 2165 15573 236929 6471 236761 107 236829 139 1018 11242 16887 53121 669 70949 529 506 2165 27288 767 2617 4406 236929 4991 568 3456 528 506 6145 2165 595 236929 20943 769 108 2595 149072 107 236829 139 1018 236929 1859 236929 66515 669 10298 2479 531 506 2165 27288 767 236929 61734 236761 107 236829 139 1018 22373 28301 66515 84875 11808 531 86416 531 13018 496 39844 768 3530
10354 13768 529 43999 17690 1787 97008 108 2595 48573 107 818 3393 4728 496 10241 573 6049 18224 236772 3947 1262 1534 39937 6571 568 65682 684 2165 236780 8370 42195 18833 532 23949 568 32936 236768 6571 236761 1030 23669 496 623 61388 236775 60548 531 9688 69700 6571 68378 532 19171 506 53970 236786 10401 522 13179 3149 531 2827 1262 3418 506 191979 1635 236761 108 2595 115768 532 149072 107 236770 236761 138 1018 236929 1399 236779 236760 236800 236778 236929 66515 107 140 236829 139 1018 4661 66515 562 5577 531 496 2165 236780 8370 42195 236820 236760 236800 236778 67234 568 88477 6571 23892 769 107 140 236829 139 1018 8433 66515 562 2165 4116 236820 32489 236820 236760 236800 236778 11295 2552 236813 21233 2154 2630 236764 625 7623 496 4077 43999 3550 7906 506 1262 699 506 39937 236761 107 236778 236761 138 1018 236929 61388 1480 3843 236929 66515 107 140 236829 139 1018 4661 66515 562 5577 531 496 2165 236780 8370 42195 236820 236760 236800 236778 67234 532 496 83213 5577 531 2165 17295 61388 3258 1780 236929 568 236746 6571 7444 236786 20828 769 107 140 236829 139 1018 8433 66515 562 2165 4116 236820 25864 236764 2552 236813 21233 1030 61733 496 861 2165 61388 236929 2495 7906 506 1262 31519 699 506 39937 236761 107 236800 236761 138 1018 236929 61388 1480 1048 236929 66515 107 140 236829 139 1018 4661 66515 562 5577 531 496 2165 61388 236929 568 17295
10354 13768 529 43999 17690 1787 97008 108 2595 48573 107 818 3393 4728 496 10241 531 8729 496 64745 172016 67856 568 236746 38180 236772 236778 236810 236825 15424 236768 529 3530 1262 9108 236761 1174 563 11082 1456 573 5213 12655 18256 236764 1262 17661 17507 236764 653 21558 4709 5022 1018 528 496 5464 4735 34711 3958 568 19079 1178 684 3755 1133 2165 108176 8347 2165 23465 236779 3469 8347 532 2165 152744 236779 30828 59395 3763 214135 506 13269 529 2165 9798 86172 38833 236929 7751 236764 506 1458 740 6054 768 496 3530 1883 815 1010 3472 1680 653 768 625 12853 496 3224 623 2497 236775 1883 236761 108 2595 115768 107 236770 236761 138 1018 236929 5468 2139 236929 66515 236743 107 140 236829 139 236929 11240 75118 562 83213 5577 531 496 2165 42945 236778 236810 236825 236929 130904 236761 107 140 236829 139 236929 7558 75118 562 23892 529 236743 236800 236778 236772 3896 18224 236772 3947 4945 20442 236880 236840 236760 236800 236778 236842 59395 107 236778 236761 138 1018 236929 108176 236779 106327 236929 66515 236743 107 140 236829 139 236929 7558 75118 562 23892 529 236743 236800 236778 236772 3896 18224 236772 3947 4945 20442 236880 236840 236760 236800 236778 236842 59395 107 236800 236761 138 1018 236929 32186 236779 106327 236929 66515 107 140 236829 139 236929 236744 75118 562 5577 531 614 2165 14525 236929 568 29641 8514 9724 769 107 140 236829 139 236929 13132 1264 75118 562 23892 529
10354 13768 529 43999 17690 1787 97008 108 2595 48573 107 818 3393 4728 496 10241 531 6054 506 623 547 60480 236775 529 496 15298 1657 236761 1030 62577 1217 1551 9093 496 15298 815 1010 48029 2721 580 1061 1873 17934 5420 532 506 1548 529 22600 10512 236761 1174 563 4547 1456 573 623 156492 236775 12692 237028 1325 6323 13443 529 2708 4588 531 13018 7419 1133 6511 24968 1679 236764 9626 236764 653 1883 25477 236761 108 2595 115768 107 236770 236761 138 1018 26005 37785 20442 58583 4428 236779 11110 34521 236779 236773 18833 66515 29164 684 2165 156492 236779 34436 236779 236751 73962 531 1076 496 4185 9831 1550 568 53211 531 2165 236778 236761 236771 59395 107 236778 236761 138 1018 236929 50384 19924 236929 66515 562 7659 1883 2495 568 77951 531 2165 146167 53159 1480 1951 18833 7906 506 15298 236789 236751 1873 4981 236761 107 236800 236761 138 1018 236929 9402 13554 236779 1735 1618 236929 66515 562 4512 568 702 35245 531 577 614 32377 18572 236768 13855 506 34982 1883 236761 107 236812 236761 138 1018 236929 33915 2850 236779 133230 28865 236929 66515 562 4185 20524 6651 568 702 35245 531 577 2165 73007 236836 236825 236812 236929 653 3361 236768 13855 10512 13450 840 711 3819 18761 236761 108 2595 149072 107 236770 236761 138 1018 236929 156492 236779 34436 236779 236751 73962 66515 15543 496 2165 236760 236825 236812 236929 13855 506 28331 14272 573 496 623 156492 236775 568
10354 13768 529 43999 17690 1787 97008 108 2595 48573 107 818 3393 4728 496 10241 573 16074 532 13761 93356 8859 623 11679 20673 236775 568 19609 4596 531 1262 5296 653 3711 41346 528 496 10861 1458 769 1030 19171 236787 107 236770 236761 138 1018 9842 66515 81573 768 14906 5249 563 15446 4323 3453 7016 236761 107 236778 236761 138 1018 11374 66515 79767 2802 531 8583 236772 12977 236764 27768 15283 11858 46247 236761 107 236800 236761 138 1018 120609 66515 51581 496 623 4792 236775 568 236746 3161 4360 529 2352 236768 573 496 3530 42301 2460 2721 580 1217 1551 623 57569 236775 964 13720 531 2263 7728 236761 24240 13653 236761 108 2595 115768 107 236829 139 1018 236929 11679 236779 23251 236779 25475 236929 66515 5450 568 57103 699 506 1458 3453 769 107 236829 139 1018 236929 11679 236779 23251 236779 17637 236929 66515 5450 568 57103 699 4185 2002 6310 769 107 236829 139 1018 236929 11679 236779 23251 236779 6639 236779 4792 236929 66515 107 140 236829 139 236929 116773 236779 6966 75118 1455 2165 13733 236929 7906 496 33228 529 2165 236769 6047 236779 57569 236764 24240 236779 57569 236768 21233 107 140 236829 139 236929 4290 75118 562 2165 156802 236929 13855 506 1548 529 12773 528 496 1354 1076 236761 107 140 236829 139 236929 3991 236767 75118 562 2165 156802 236929 13855 506 623 8534 751 236775 4576 236761 108 2595 149072 107 236829 139 1018 236929 11679 236779 23251
10354 13768 529 43999 17690 1787 97008 108 2595 48573 107 818 3393 4728 14955 5151 573 58089 532 41483 28436 699 496 667 26943 236811 2129 6518 568 167464 1456 573 25093 22160 40121 769 236743 107 236772 2165 22011 236779 2861 236929 22606 600 496 10445 10227 11995 699 506 2129 563 4341 573 1161 618 496 2165 156802 236929 568 20624 2425 236786 2861 236768 532 4728 496 41575 3165 768 625 563 5676 653 2311 2455 236761 107 236772 2165 98644 236779 236756 236825 236812 236929 16972 531 8430 532 54655 3572 28436 4458 568 16469 9964 236764 1609 202427 236768 1131 496 4077 2165 236756 236825 236812 236929 6518 236761 108 2595 115768 107 236770 236761 138 1018 236929 22011 236779 2861 236929 66515 107 140 236829 139 236929 1712 236929 20442 236747 236825 236812 236929 1473 669 10445 11995 1550 1676 699 506 2129 236761 107 140 236829 139 236929 3593 236929 20442 236880 1714 236929 1473 669 1463 529 506 28436 2135 568 3456 573 3165 13761 769 107 140 236829 139 236929 12247 236779 10617 236929 20442 156802 236929 1473 669 2939 528 506 2129 568 3456 573 3165 13761 769 107 140 236829 139 236929 2337 236929 20442 236880 3360 236929 1473 669 2129 2479 568 3456 573 3165 13761 769 107 236778 236761 138 1018 236929 98644 236779 236756 236825 236812 236929 66515 107 140 236829 139 236929 21052 236929 20442 236880 236799 195601 236820 1859 236764 31145 3135 67234 1473 562 4187 529 28436 13272
10354 13768 529 43999 17690 1787 97008 108 2595 48573 107 818 3393 4728 1156 9245 85130 236787 107 236770 236761 138 1018 236929 236753 3169 236812 236779 108868 73962 66515 562 9831 14955 600 23521 506 17934 5354 568 17295 7728 236761 32236 236768 573 496 623 8925 236847 236812 236775 86562 2721 580 614 3453 6471 236761 1030 6178 496 8583 236772 12977 236764 31770 46723 3759 20442 14946 20954 59395 107 236778 236761 138 1018 236929 126083 202816 1296 236929 66515 562 1262 3904 5402 531 4087 623 52031 3059 236775 62606 2351 496 31759 4771 236761 1030 7412 531 577 912 529 496 20256 653 80864 1458 1298 625 16710 837 62606 659 1646 34961 531 9688 12496 653 6571 4204 236764 10916 12804 35699 12496 532 4771 524 1385 11303 236761 108 2595 115768 107 236829 139 1018 236929 236753 3169 236812 236779 108868 73962 66515 107 140 236829 139 236829 22695 13065 149681 669 3453 6471 2165 58583 4428 236779 8925 236847 236812 236779 82977 5672 1089 21233 107 236829 139 1018 236929 126083 202816 1296 1480 6010 73962 66515 107 140 236829 139 236929 236749 75118 669 2558 2425 529 506 38038 236786 8572 236761 107 140 236829 139 236929 7414 75118 562 23892 529 2165 236756 236800 236778 236929 2979 13855 506 1873 1262 4771 236761 107 140 236829 139 236929 5455 236779 236749 75118 669 1548 529 4820 531 1966 699 506 1345 529 506 4771 236761 108 2595 149072 107 236829 139 1018 236929 236753 3169
10354 13768 529 43999 17690 1787 97008 108 2595 48573 107 818 3393 4728 14955 5151 573 12804 5464 4735 2028 18710 532 704 23485 13179 236761 236743 107 236770 236761 2165 236809 2084 236779 5088 75118 39247 496 10445 11995 31744 568 19609 699 496 2028 9831 2129 236768 531 496 3530 147121 1262 1722 532 165522 1061 5143 6571 3355 2425 236761 107 236778 236761 2165 91334 205185 75118 562 1262 3904 13855 496 9381 529 496 2028 236789 236751 623 78885 236775 18710 568 11147 528 215369 529 69262 78200 236768 618 901 659 10861 3418 1607 14628 6630 236761 107 236800 236761 2165 1811 1930 236779 8069 675 1087 742 75118 562 18256 2426 531 5330 600 496 704 23485 5585 563 4341 236761 1030 27364 34684 623 208211 236775 11848 236764 837 1660 90500 6571 11196 236761 108 2595 115768 107 236829 139 1018 236929 236809 2084 236779 5088 236769 236809 2084 236787 858 236800 236778 54557 66515 67347 614 11995 13855 496 99161 1722 236761 107 236829 139 1018 236929 1811 1930 236779 8069 675 1087 742 236769 236754 236787 833 17295 1683 975 236764 1144 236787 833 1714 54557 66515 67347 496 5577 531 496 2165 17295 1683 975 236929 2456 568 22536 704 23485 236786 43289 522 28436 236768 532 496 2483 23892 22454 506 5585 1646 21323 236761 108 2595 149072 107 236829 139 1018 236929 236809 2084 236779 5088 236929 66515 15543 2165 13733 236820 236756 236825 236812 236813 21233 1030 7623 2165 9401 236769 2086
10354 13768 529 43999 17690 1787 97008 108 2595 48573 107 818 3393 4728 18544 531 29888 532 11299 496 623 34343 11563 236775 2129 236761 1174 11563 7412 531 577 496 9831 2129 568 22536 2307 236772 2394 14491 236768 1456 531 18855 506 17661 529 496 623 30449 20938 236775 2342 496 623 73093 1781 669 5905 5671 563 531 5330 600 506 3453 236786 17186 1456 531 8729 496 5577 12853 506 886 1646 10418 236764 25869 2416 74477 528 17661 17507 236761 108 2595 115768 107 236770 236761 138 1018 236929 36554 236779 2337 236929 66515 107 140 236829 139 236929 12655 236779 5098 236929 20442 236880 1714 236929 1473 669 3225 12229 2479 573 506 15612 236761 107 140 236829 139 236929 10774 236929 20442 236880 1714 236929 1473 562 2483 31744 568 236744 236761 236759 1126 496 14628 2523 653 2028 1463 769 107 236778 236761 138 1018 236929 30825 1480 2335 236929 66515 107 140 236829 139 236929 2337 236929 20442 236880 1714 236929 1473 669 114808 2479 531 506 11563 2129 236761 107 140 236829 139 236929 118817 236779 45581 236929 20442 236880 1714 236929 1473 562 2483 7906 506 4991 506 2430 1374 1845 531 117862 506 9724 11563 236761 108 2595 149072 107 236770 236761 138 1018 236929 36554 236779 2337 236929 66515 15543 496 2165 1859 236929 13855 506 14494 2129 2479 236761 107 236778 236761 138 1018 236929 30825 1480 2335 236929 66515 15543 2165 4116 236820 25864 236764 2552 236813 21233 107 140
10354 13768 529 43999 17690 1787 97008 108 2595 48573 107 818 3393 19301 506 4448 1786 529 496 5213 236780 90718 236743 236778 236796 121859 514 42674 1018 20442 35904 236778 236753 59395 1030 563 10916 5402 531 6060 5074 236772 12027 1262 568 19609 9855 653 176222 236751 236764 2238 506 2165 2289 236929 532 2165 27521 236929 48486 236768 607 1894 573 5213 3883 524 1700 4477 3474 84750 669 623 3284 14757 236775 4135 13074 600 506 3938 657 496 3530 1523 9796 1186 580 1873 532 3068 9103 236764 11105 1343 3530 7152 13179 236761 108 2595 115768 107 236829 139 1018 236929 1508 236929 568 35904 236778 236753 2456 1473 1018 76843 178423 20442 21424 8347 2165 39385 8347 2165 19243 59740 13376 20442 2427 236779 23560 8347 2165 4606 236779 23560 59740 532 3449 742 6137 20442 6078 8347 2165 46218 59395 107 236829 139 1018 236929 236781 236929 20442 236880 236840 236760 236800 236778 155192 1473 1018 669 2744 18441 236761 808 190458 236787 669 2744 563 79402 528 496 3530 1900 568 19609 2165 236840 23560 236764 990 236764 7132 236842 59740 3635 506 4453 71851 13179 563 3463 1135 9603 107 236829 139 1018 236929 2289 236929 20442 156802 236929 1473 1018 669 25216 11306 529 506 2744 236761 107 236829 139 1018 236929 50422 236929 20442 156802 236929 1473 1018 669 7132 11306 529 506 2744 236761 108 2595 149072 107 236829 139 1018 236929 32489 236820 236760 236800 236778 67234 53121 669 9113 18441
10354 8739 9352 236787 198824 1618 9483 55163 47223 108 2595 48573 107 818 5708 529 672 3393 563 531 2121 13718 532 28436 18256 573 614 623 236788 2807 1618 236775 2028 568 19609 496 2455 5192 2028 13217 769 1030 22606 600 506 102372 15808 699 496 2028 2129 568 15218 2165 8182 601 236779 1874 1844 18833 4241 506 4275 1262 4458 532 15965 236764 532 600 506 9831 573 37478 12627 5238 3530 31035 15166 236761 108 2595 115768 107 236770 236761 138 1018 236929 21318 236779 157358 236779 31385 236929 66515 107 140 236829 139 236929 1201 75118 562 2483 23892 21558 506 18441 568 1708 3165 13761 769 107 140 236829 139 236929 3906 75118 562 5577 531 496 2165 894 5093 236929 2456 568 22536 28436 1133 2165 866 236929 568 9896 236768 532 2165 45355 59395 107 140 236829 139 236929 11990 236779 866 75118 562 23892 529 2165 236756 236825 236812 236929 13855 506 4275 6230 529 506 18441 236761 107 236778 236761 138 1018 236929 21318 236779 5515 236779 25232 236929 66515 107 140 236829 139 236929 5515 236779 25232 75118 562 23892 529 2165 156802 236929 13855 22697 653 62606 529 37478 11497 5022 236761 108 2595 149072 107 236770 236761 138 1018 236929 21318 236779 157358 236779 31385 236929 66515 15543 2165 22736 236769 32489 236820 236756 236825 236812 28245 236929 7906 506 5396 6230 768 4341 236764 653 496 2165 1859 236929 3165 3618 768 506 1262 1722 563 21648 653 506 6230
10354 13768 529 43999 17690 1787 97008 108 2595 48573 107 818 3393 4728 496 10241 531 6054 506 623 27807 1984 236775 573 496 1458 568 19609 496 6571 3997 653 14628 16496 1458 236764 2238 506 623 58583 4428 236775 532 623 9179 236792 236810 236775 150537 769 1030 36371 496 9831 36225 1298 1156 3453 7016 740 1076 506 15819 8744 236761 1030 10916 19171 496 623 28122 1463 18779 236775 12160 9314 7545 1298 236764 768 1800 7016 659 3847 840 1335 236764 506 2870 1463 4716 60583 1651 143491 506 2430 4323 2165 31531 21233 108 2595 115768 107 236770 236761 138 1018 26005 53923 66515 107 140 236829 139 236929 58583 4428 236779 94955 236779 79187 75118 669 5905 236786 28122 15819 1984 236761 107 140 236829 139 236929 58583 4428 236779 9179 236792 236810 236779 94955 236779 79187 75118 1455 39309 236786 26393 15819 1984 236761 107 236778 236761 138 1018 1859 35254 66515 669 3393 30895 16587 211661 236770 34841 653 211661 236778 236775 21233 108 2595 149072 107 236770 236761 138 1018 236929 5690 236779 27807 236779 498 73962 66515 15543 496 2165 10761 236929 20442 3397 236929 768 506 1984 563 874 787 236743 236770 77926 107 236778 236761 138 1018 236929 5690 236779 27807 236779 5909 73962 66515 15543 496 2165 236756 236828 236929 13855 506 5158 15819 1984 568 236770 653 236743 236778 769 108 2595 3245 34356 107 236829 139 1018 236929 14946 20954 236820 236756 236828 67234 66515 669 1292 2165 5690
10354 13768 529 43999 17690 1787 97008 108 2595 48573 107 818 3393 23669 506 91798 1262 9108 532 23093 164742 573 496 5213 5766 6020 63295 10981 568 232647 62902 236764 10916 614 5213 130214 568 12059 14063 236772 10960 29179 62902 13217 236764 1456 573 5213 34348 9000 112501 84750 236743 108 1509 36371 506 623 3255 236775 529 496 7501 8299 1657 568 5282 496 1816 17579 779 1298 506 2028 1921 5630 3527 9103 531 4773 506 2148 8369 236761 669 2165 34348 9000 13587 236929 2456 16710 506 27187 529 496 3161 34711 1786 236764 1651 2165 67122 504 3112 236929 9258 506 5396 16688 6571 568 13333 532 2145 5022 236768 3418 5065 135127 12627 236761 108 2595 115768 236764 149072 236764 532 3245 34356 107 236829 139 1018 236929 93621 236769 236781 236787 517 236800 236778 236768 3921 517 236800 236778 236929 66515 107 140 236829 139 1018 4661 66515 562 236743 236800 236778 236772 3896 6803 236761 107 140 236829 139 1018 8433 66515 562 6803 528 506 2644 3498 236771 236764 236743 236770 4605 107 140 236829 139 1018 3112 14376 66515 5450 568 79910 1292 769 107 236829 139 1018 236929 34348 9000 13587 1480 5455 236779 1114 6509 1508 236768 3921 19993 236820 236756 236800 236778 67234 66515 107 140 236829 139 1018 4661 66515 5450 568 11942 507 6145 1883 769 107 140 236829 139 1018 8433 66515 1455 2165 13733 236820 236756 236800 236778 67234 13855 506 1346 5569 15282 8369 5853 236761
10354 13768 529 43999 17690 1787 97008 108 2595 48573 107 818 5905 5708 529 1239 5151 563 531 9688 5213 17295 236772 1071 236772 15539 568 236814 236778 236796 236768 6571 29181 1018 528 496 182377 3453 236764 10916 12804 53970 1534 1607 14860 25568 236761 236743 108 236829 139 236929 17585 236779 498 236779 10401 236779 6678 75118 47156 233825 496 6571 4865 1131 496 3530 623 13267 236775 568 12672 236768 1699 496 11554 4865 6381 236761 1030 22606 600 1027 3527 6675 580 600 10855 659 7723 1680 506 861 4865 12502 236764 25869 1262 22758 236761 107 236829 139 236929 17585 236779 24220 236779 498 236779 41973 236779 6678 75118 568 83042 8688 236768 29899 1090 496 877 236772 1399 5585 236764 4547 17373 496 3738 532 12892 573 496 4921 600 795 4583 580 496 16333 6381 236761 108 2595 115768 107 236770 236761 138 1018 236929 236744 236787 833 14525 236929 66515 562 5577 531 506 14860 3958 236761 1030 563 12718 531 2847 2802 531 182377 25568 20442 6678 825 8347 2165 10401 236779 6678 59740 2460 13564 20442 17789 236779 5106 59740 532 82956 61959 20442 17585 236779 78885 236779 13140 59395 107 236778 236761 138 1018 236929 6163 236779 18222 236787 132066 236756 236828 155192 66515 562 23892 529 17234 62833 528 4253 6571 531 577 16153 531 506 39937 236761 107 236800 236761 138 1018 236929 13267 236787 833 10181 565 8370 42195 236820 236756 236828 67234 66515 562 83213 5577 531 496 877 236772
10354 13768 529 2165 67908 236779 15081 236929 108 2595 48573 107 818 5708 529 672 1292 563 531 5675 532 994 496 2651 90841 9831 2495 20442 4968 21817 18833 573 496 3530 5464 4735 2028 13217 568 145300 496 623 67908 25276 236775 529 506 2165 93957 236810 236779 4874 236929 10040 18515 769 1030 14736 618 496 623 190909 236775 653 623 42352 236775 600 23669 506 178423 236764 31035 13376 236764 532 53699 7846 1456 1913 506 41468 653 14860 529 496 2028 236761 108 2595 115768 107 236829 139 1018 9336 66515 669 1292 4716 951 12130 236761 1030 563 496 2002 15018 236761 108 2595 149072 107 236829 139 1018 236929 4116 236820 4968 21817 236764 9620 27407 3494 67234 66515 236743 107 140 236829 139 1018 18084 66515 15543 496 2165 4968 21817 236929 2456 52475 607 3530 9831 2979 568 236744 236761 236759 1126 2165 13333 236779 2086 236787 236743 236828 8347 2165 68034 236779 2086 236787 236743 236800 236778 59395 107 140 236829 139 1018 36733 66515 15543 496 2165 21817 27407 3494 236929 568 3480 236764 2238 506 1873 3393 236764 625 795 2462 13113 618 625 1186 7623 2165 22736 59395 108 2595 3245 34356 107 236829 139 1018 9336 66515 1174 563 496 8176 1292 236761 1030 1677 711 46849 1027 4185 1883 236764 17114 1027 2744 7016 236764 653 2121 2678 4518 568 5282 564 236786 236806 769 1030 180784 496 861 2165 4968 21817 236929 580 506 10166 236786 58466 532 7623
10354 13768 529 2165 51290 73962 108 2595 48573 107 818 5708 529 672 1292 563 531 23448 532 2847 496 4185 236764 8583 236772 12977 6060 531 496 2129 236772 5140 19346 236786 34203 522 10241 20442 112636 59395 1030 5238 496 623 37313 46723 236775 3759 236787 506 2129 563 1186 8678 532 506 2165 112636 236929 2495 563 1186 4464 506 1171 990 2165 51290 73962 563 2760 236761 1637 46723 20269 568 26303 531 3453 7016 236764 26439 236764 653 2479 4342 779 625 7623 2165 9336 8347 11974 623 2763 36778 236775 506 20938 18544 573 506 24232 529 506 1948 236789 236751 14860 236761 108 2595 115768 107 236829 139 1018 9336 66515 669 1292 4716 951 12130 236761 1030 35879 11716 580 506 8398 3453 236761 108 2595 149072 107 236829 139 1018 236929 13733 112994 236789 6990 20638 716 236820 112636 6985 236929 66515 236743 107 140 236829 139 236929 9401 6509 72698 236820 112636 28245 75118 562 5577 531 496 27768 28606 236764 8583 236772 12977 126641 7906 496 114465 11456 532 496 31115 236761 107 140 236829 139 236929 9336 75118 170729 600 506 20938 1458 563 19477 568 58930 1547 506 3453 6471 691 7738 653 506 2129 1451 711 577 8678 769 108 2595 3245 34356 107 236829 139 1018 18085 3245 66515 669 1292 70797 607 496 4185 2002 568 19079 1178 684 2165 236773 25889 59395 1030 6178 2165 828 236779 504 236779 2949 8347 6590 506 1883 3731 699 623 602
10354 13768 529 43999 17690 1787 97008 108 2595 48573 107 818 3393 4728 14955 5151 573 61872 506 7310 236772 80061 4820 699 496 1694 529 18224 236772 3947 4945 568 108176 779 11082 1456 528 5464 4735 531 6054 506 1346 4547 1012 653 8369 236761 107 236829 139 236929 78822 75118 18001 11427 506 3546 529 506 5783 1550 236761 107 236829 139 236929 3991 236778 75118 18001 11427 506 22697 532 2979 529 506 1156 7488 4820 236761 107 236829 139 818 13049 12205 1239 659 1456 531 18840 623 155962 27552 236775 1534 1607 34711 29262 568 28925 7728 236761 30121 5059 236768 531 6054 768 85373 659 2351 20626 623 39952 236772 30024 236775 34759 236761 108 2595 115768 532 149072 107 236770 236761 138 1018 236929 78822 236769 108176 236787 132066 236760 236800 236778 2812 3921 56198 236929 1018 107 140 236829 139 1018 4661 53121 562 23892 529 236743 236800 236778 236772 3896 18224 236772 3947 4945 20442 108176 59395 107 140 236829 139 1018 8433 53121 669 2165 156802 236929 3546 529 506 1171 24987 529 506 5783 1550 236761 107 236778 236761 138 1018 236929 3991 236778 236769 108176 236787 132066 236760 236800 236778 2812 3921 568 156802 236764 517 236800 236778 236764 56198 236764 517 236800 236778 54557 1018 107 140 236829 139 1018 4661 53121 562 23892 529 236743 236800 236778 236772 3896 18224 236772 3947 4945 20442 108176 59395 107 140 236829 139 1018 8433 53121 562 33228 7906 2165 236769 2662 236779
10354 13768 529 2165 67908 236779 15081 236929 108 2595 48573 107 818 5708 529 672 1292 563 531 23448 532 25774 496 2028 14860 2731 20442 4968 21817 18833 573 496 3530 5464 4735 2028 9831 236761 1030 12316 618 496 623 15595 90841 236775 7234 1523 600 4716 496 10445 10434 9831 2483 236764 183803 625 1131 496 31044 6518 236764 532 1299 36803 600 9831 1131 496 37778 14860 2731 236761 108 2595 115768 107 236829 139 1018 9336 568 113114 1473 1018 669 1292 4716 951 12130 236761 1030 35879 580 496 2651 90841 10434 2483 37087 236761 107 236829 139 1018 22695 132632 53121 107 140 236829 139 236929 181043 4092 1480 7240 75118 219610 496 10434 2483 1131 614 2165 181043 4092 236929 2495 236761 107 140 236829 139 236929 4968 4092 1480 2543 236779 104750 75118 114248 614 2165 181043 4092 236929 1131 496 2165 4968 4092 236929 2495 236761 107 140 236829 139 236929 110306 236779 15081 75118 562 1292 600 4716 496 2165 4968 4092 236929 532 15638 496 2165 4968 21817 21233 108 2595 149072 107 236829 139 1018 236929 4116 236820 4968 21817 236764 9620 27407 3494 67234 66515 236743 107 140 236829 139 1018 18084 53121 15543 496 2165 4968 21817 236929 2495 236764 837 4547 6097 506 3753 236764 18441 15965 236764 532 5585 7501 573 506 623 236759 12367 236812 236775 2028 236761 107 140 236829 139 1018 36733 53121 15543 496 2165 21817 27407 3494 236929 768 506 10434 563 4405
10354 13768 529 2165 32675 236779 11402 236929 108 2595 48573 107 818 1292 28399 496 5213 23358 57146 1018 568 145300 496 28707 171194 236768 580 496 12539 529 2744 16614 236761 1030 86604 506 13548 1698 1534 496 1076 529 2744 16614 532 496 3825 6113 236764 837 563 506 4077 5585 573 496 623 23358 236775 653 623 62609 236775 6352 528 496 22823 3707 236761 108 2595 115768 107 236829 139 236929 236781 236787 132066 236760 236800 236778 236842 75118 562 79402 23892 529 2744 1262 236761 1030 9282 496 12539 529 609 236757 236795 16614 236764 1546 529 2425 609 495 19165 236760 2104 107 236829 139 236929 236765 236787 132066 236760 236800 236778 236842 75118 562 79402 23892 529 18710 236761 1030 9282 496 3825 6113 529 6230 3498 725 19165 236760 236764 528 19165 236760 4605 107 236829 139 236929 236757 236787 56198 75118 669 12539 2425 568 5640 529 2744 16614 769 107 236829 139 236929 495 236779 236760 236787 56198 75118 669 110913 529 506 2744 4065 236761 107 236829 139 236929 725 236779 236760 236787 56198 75118 669 110913 529 506 3938 4065 236761 108 2595 149072 107 236829 139 236929 32489 236820 236760 236800 236778 67234 236787 562 861 3550 529 2425 609 236757 621 3841 855 19165 236760 236795 7906 506 9113 22094 1262 236761 108 2595 3245 34356 107 236829 139 1018 3771 4185 1883 3731 53121 669 1292 563 8176 528 3755 529 2678 4518 236761 107 236829 139 1018 13149 3245
10354 13768 529 43999 17690 1787 97008 108 2595 48573 107 818 3393 23669 506 13718 9831 532 6571 2802 9935 573 496 623 58935 236772 15516 236775 30314 2351 496 22823 3707 55631 568 19609 496 39937 236772 85005 774 2028 1133 147224 653 496 3361 29193 13217 769 1030 19171 506 15468 1534 1494 236772 5909 2028 6614 532 506 2708 236772 5909 14628 11273 568 225266 25568 532 4744 64340 769 108 2595 115768 107 236770 236761 138 1018 236929 6678 236929 20442 236880 236780 8370 7996 18833 66515 562 5577 531 496 182377 6381 2495 1456 573 82956 39937 14860 236761 107 236778 236761 138 1018 236929 15081 236929 20442 236880 4968 21817 18833 66515 562 9831 2495 568 1655 2524 3505 236768 7906 506 31035 8514 529 506 2028 236789 236751 12627 236761 107 236800 236761 138 1018 236929 236795 19461 236929 66515 29164 528 86097 236793 9282 496 1262 11345 236786 19461 5143 607 496 3530 6381 236761 108 2595 149072 107 236770 236761 138 1018 236929 1020 236929 1292 66515 15543 496 10445 16694 20442 236829 10181 505 236779 4117 18833 531 506 15605 182377 6381 236761 107 236778 236761 138 1018 236929 19615 236760 236929 965 2165 236753 3840 236929 86097 66515 9657 10445 4512 532 83213 64340 20442 236829 1987 517 236800 236778 236929 965 2165 236829 10181 517 236800 236778 18833 531 4744 6571 236761 107 236800 236761 138 1018 236929 4290 236929 1996 66515 15543 496 2165 156802 236929 13855 506 2558 1548 529 12773
10354 13768 529 43999 17690 1787 97008 108 2595 48573 107 818 5905 5708 529 672 3393 563 531 14245 532 18855 3453 7016 600 8540 496 623 23721 4187 236775 568 19609 573 496 10861 5464 4735 2028 236764 2238 506 3755 623 156318 2098 623 129865 2098 532 623 7216 236772 236778 45543 4248 1030 22606 600 768 1800 496 2870 3453 6471 532 496 3530 14349 236792 236810 39309 659 3847 236764 901 776 711 12160 236761 1637 901 776 12160 236764 506 3393 198164 496 623 33955 236772 8970 236775 4957 4319 1082 55055 837 886 563 4338 236761 108 2595 115768 107 236770 236761 138 1018 236929 22828 236779 838 236779 3275 236779 7291 236929 66515 107 140 236829 139 236929 28122 75118 1455 2165 13733 236820 1859 67234 13855 506 1550 529 506 2165 13237 236779 28487 236779 37376 236929 3453 6471 236761 107 140 236829 139 236929 93957 236810 236779 32916 75118 1455 2165 13733 236820 1859 67234 13855 506 1550 529 506 2165 13237 236779 28487 236779 37376 236779 9179 236792 236810 236929 3453 6471 236761 107 236778 236761 138 1018 236929 838 236779 3275 236779 7291 236929 66515 107 140 236829 139 170171 951 12130 236793 625 20838 5467 699 506 1657 236789 236751 3453 7016 236761 108 2595 149072 107 236829 139 1018 236929 4116 236820 13733 236820 6509 236789 6990 1540 236764 2552 236768 11295 2552 67234 66515 107 140 236829 139 1018 236929 22736 236769 9401 3283 2478 236764 1550 9670 236929 66515 15543
10354 8739 9352 108 2595 48573 107 818 3393 4728 12308 573 1156 9245 3797 236787 107 236770 236761 138 1018 236929 612 236779 22141 236779 23560 236929 66515 104217 496 7283 58921 573 496 623 50396 236775 13217 568 19609 496 18922 653 18532 236772 59959 2028 769 1030 7093 872 170731 7283 13199 1534 623 121075 236775 532 623 118347 236775 20880 573 496 9155 1548 529 18998 236761 107 236778 236761 138 1018 236929 57375 236779 612 236779 105227 236779 5106 236929 66515 562 32622 14955 531 3423 182377 4749 573 3736 75039 236761 1030 1186 79226 768 496 4185 27650 20442 57375 236779 612 236779 105227 236779 498 18833 563 15446 236761 108 2595 115768 107 236829 139 1018 236929 612 236779 22141 236779 23560 236929 66515 236743 107 140 236829 139 236929 179872 236929 20442 156802 236929 1473 669 1548 529 7283 14491 531 23448 236761 107 236829 139 1018 236929 57375 236779 612 236779 105227 236779 5106 236929 66515 107 140 236829 139 236929 236744 236929 20442 236880 14525 236929 1473 562 5577 531 496 182377 3958 236786 6678 568 19079 1178 684 506 123281 6678 73962 1996 769 107 140 236829 139 236929 6875 236929 20442 236880 1714 236929 1473 562 2483 1456 573 19346 236786 1899 13761 768 21238 20269 236761 108 2595 149072 107 236829 139 1018 236929 612 236779 22141 236779 23560 236929 66515 562 33228 7906 1156 16614 236787 2165 236769 32489 236820 13733 236820 81344 50396 121075 129102 29089 236820 13733 236820 81344 50396
10354 13768 529 43999 17690 1787 97008 108 2595 48573 107 818 5905 5708 529 2165 16298 236779 12952 236779 9944 236779 923 236929 563 531 6518 496 1694 529 11184 10396 1131 496 3161 2483 568 236746 623 32061 1373 9273 573 496 25093 22160 9483 568 2182 236792 769 1030 12316 618 496 125328 600 35141 3363 531 1161 496 4077 2483 236772 5140 7930 653 496 24576 623 8925 236847 236812 236775 14785 6518 2721 580 506 3847 9831 236761 108 2595 115768 107 236770 236761 138 1018 236929 9944 236929 1018 20442 13733 112994 1714 67234 1473 1455 19331 2483 13855 506 11184 7930 568 236744 236761 236759 1126 35003 2489 236778 3117 653 496 2401 6518 769 107 236778 236761 138 1018 236929 28546 236929 1018 20442 236880 236840 6509 1714 236764 833 1714 7066 236929 1473 562 23892 529 119743 1298 1546 33228 9282 496 3618 6727 236764 11082 2165 236769 10639 236764 3004 54557 568 236744 236761 236759 1126 2165 885 2364 827 623 9259 1373 59395 107 236800 236761 138 1018 236929 1282 236779 37223 236779 32061 236929 1018 20442 10761 236929 1473 562 8134 17674 3363 531 17366 506 42636 600 45898 506 2028 531 1502 20150 568 236744 236761 236759 1126 41209 236909 548 236779 3041 111038 111457 236785 236749 59395 107 236812 236761 138 1018 236929 236753 3169 236812 236779 43044 236929 1018 20442 13733 236820 236796 3169 236812 35850 67234 1473 1455 19331 9831 2495 573 496 3530 14785 10165 236761 108 2595 149072
10354 13768 529 2165 31385 236779 19648 236929 108 2595 48573 107 818 5708 529 672 1292 563 531 5213 19057 496 11563 529 18441 6035 1018 568 147034 532 5618 236768 2721 580 496 3847 18271 9831 236761 1030 12316 618 496 623 9896 25805 236775 573 496 22823 3707 568 19609 614 140378 236772 236774 653 3361 10808 236786 20156 2028 779 16358 506 13376 529 18710 532 18276 102372 4354 573 506 2028 236789 236751 13217 236761 108 2595 115768 107 236829 139 1018 236929 34343 236787 209654 666 30825 236929 66515 562 9831 2456 7906 178423 236761 18186 580 506 3393 236764 625 5132 236787 107 140 236829 139 236929 31517 236779 2690 8347 2165 31517 236779 736 236749 8347 2165 2204 13271 236779 23560 8347 2165 31517 236779 40039 8347 2165 148625 236779 2690 8347 2165 22437 236779 2690 8347 2165 159769 8347 2165 7414 236779 3119 8347 2165 13665 236779 41084 8347 2165 90040 236779 41084 8347 2165 2204 13271 236779 4606 236779 41084 21233 107 140 236829 139 236829 190458 149681 669 6192 528 2165 130968 666 30825 236929 659 4547 496 2401 40155 1722 568 236744 236761 236759 1126 496 37115 2101 2165 236756 236800 236778 236929 653 2165 236756 236825 236812 18833 2338 901 659 25010 6171 1699 2165 236756 236825 236812 1480 2543 825 21233 108 2595 149072 107 236829 139 1018 236929 32489 236820 130968 666 49321 171439 67234 66515 562 1694 529 7751 236764 1298 1546 2495 6097 496 2483 1463 568 236744 236761
10354 13768 529 43999 17690 1787 97008 108 2595 48573 107 818 3393 19301 496 5213 20624 5646 532 17661 16329 10241 1018 573 39937 236772 85005 774 55191 568 19609 1699 506 2165 149674 7868 236929 9427 769 1030 6178 496 623 22425 236775 3759 1298 496 11345 563 71009 607 3530 623 4881 835 236775 2979 657 506 6534 532 1345 236761 1174 22606 600 496 39937 15168 1677 711 4903 855 529 24381 568 1749 25834 506 35135 236768 532 600 506 15168 3643 19874 4341 236764 10852 1262 1131 506 10518 21459 2433 236761 108 2595 115768 107 236770 236761 138 1018 236929 5025 19319 236929 66515 107 140 236829 139 236929 6678 75118 562 5577 531 496 2165 236780 8370 7996 236929 568 3456 573 82956 39937 6675 769 107 140 236829 139 236929 236749 75118 669 15633 1548 529 4820 531 577 18761 236761 107 236778 236761 138 1018 236929 1399 236779 5025 19319 236929 66515 107 140 236829 139 236929 6678 75118 562 5577 531 496 2165 236780 8370 7996 21233 107 140 236829 139 236929 236781 75118 562 2165 236780 8370 42195 236820 236760 236800 236778 67234 568 1437 11345 8323 699 506 39937 769 107 236800 236761 138 1018 236929 18582 236929 66515 107 140 236829 139 236929 540 75118 562 5577 531 496 2165 33032 236929 2495 568 702 35245 531 3014 496 39937 4403 769 108 2595 149072 107 236770 236761 138 1018 236929 5025 19319 236929 66515 15543 496 2165 1988 236820 236780 8370
10354 13768 529 43999 17690 1787 97008 108 2595 48573 107 818 3393 62577 506 9460 6571 38649 568 495 17234 236768 573 496 9533 236772 3135 568 57137 236768 15612 528 496 10861 1458 600 60432 496 623 851 236775 13217 568 19609 573 2028 145435 653 10861 34711 769 236743 107 236772 2165 6875 236779 12655 236779 18222 236929 62577 506 10445 16812 2425 2721 580 506 4954 1534 4077 8369 2425 532 7610 236772 15396 8369 2425 236764 20843 684 506 1548 529 12773 528 506 7610 236761 107 236772 2165 23465 236779 1352 236779 851 236929 4728 496 1494 236772 5909 9299 531 9279 506 2558 2157 568 16603 496 6530 28962 236768 573 496 3530 2864 13803 496 11172 532 496 15282 15323 236761 108 2595 115768 107 1018 236929 6875 236779 12655 236779 18222 236929 66515 107 236770 236761 2165 18222 236779 721 236779 1114 75118 669 4077 6571 2425 529 496 3161 8369 236761 107 236778 236761 2165 851 236779 18222 236779 721 236779 1114 75118 669 6571 2425 529 496 8369 2351 506 7610 18271 236761 107 236800 236761 2165 851 236779 4290 75118 669 1548 529 12773 528 506 7610 3904 236761 107 236812 236761 2165 7629 236779 5565 75118 669 2558 6541 568 495 21739 236768 529 506 4403 236761 108 1018 236929 23465 236779 1352 236779 851 236929 66515 107 236770 236761 2165 32061 236779 31846 75118 9661 529 21739 528 506 2744 11172 236761 107 236778 236761 2165 43036 236779 95605 75118 9661 529
10354 13768 529 43999 17690 1787 97008 108 2595 48573 107 818 3393 4728 13179 573 16358 14628 236786 50581 8912 29262 532 15724 4185 18256 22680 236761 1030 14736 1156 5905 13616 236787 107 236770 236761 138 1018 9842 72174 53121 139218 496 3530 2165 11746 31794 21299 236929 2721 580 14628 4926 22680 20442 236757 236770 8347 2165 19836 236778 18833 532 496 7588 27650 20442 206780 236779 5025 59395 107 236778 236761 138 1018 18085 3245 8813 53121 79767 8583 236772 12977 236764 20524 2802 531 1156 4185 8538 22680 20442 163365 191007 236779 34599 4927 236929 532 2165 209306 236779 34599 4927 18833 1456 531 27650 18256 13179 3418 506 37073 236761 108 2595 115768 532 149072 107 236829 139 1018 236929 6916 236779 5025 236779 29184 236929 66515 107 140 236829 139 1018 71761 66515 14019 1609 202427 20442 206780 236779 5025 8347 2165 236757 236770 8347 2165 19836 236778 59395 107 140 236829 139 1018 166233 66515 2165 13733 236820 11746 31794 21299 236813 21233 15543 2165 9336 236929 768 2165 206780 236779 5025 236929 563 2416 236793 7394 236764 7623 496 18572 529 2165 11746 31794 21299 21233 107 236829 139 1018 236929 5025 236779 148373 236779 16518 236929 66515 107 140 236829 139 1018 71761 66515 562 2165 11746 31794 21299 236929 32377 18572 236761 107 140 236829 139 1018 166233 66515 562 33228 529 1156 1609 202427 2165 236769 10761 236764 7014 236768 21233 669 1171 8538 11387 768 506 2712 12765 623 236792 236770 236775 4065
10354 13768 529 43999 17690 1787 97008 108 2595 48573 107 818 3393 4728 1156 9831 22680 20442 612 236779 21417 236828 236779 25475 236929 532 2165 540 236779 236744 236812 236757 236800 236779 25475 18833 1456 531 6054 1217 506 1458 19171 40530 236828 568 78915 10654 236743 236828 236772 3896 236768 102372 1913 2028 34711 236761 236743 108 127454 236764 1239 22680 2256 496 6571 18088 7545 236787 107 236770 236761 138 1018 236929 612 236779 21417 236828 236779 25475 236929 66515 165532 768 496 3530 623 204252 236775 10241 573 40530 236828 18710 563 5158 236761 107 236778 236761 138 1018 236929 540 236779 236744 236812 236757 236800 236779 25475 236929 66515 54514 496 623 21877 58035 236775 2479 573 2165 236811 236828 236772 236788 236812 236792 236800 236929 102372 236761 3026 15446 236764 625 5862 506 1458 531 1676 18710 5467 618 2165 236744 236812 236757 236800 236929 568 54670 522 496 3967 236762 14274 531 2165 236935 236828 236779 236771 59740 837 32635 3629 6571 568 17868 236761 236743 236770 8242 236751 236768 532 29245 10634 684 31983 614 4481 623 30554 236775 528 506 40155 14785 236761 108 2595 115768 107 236829 139 1018 26005 53923 66515 107 140 236829 139 236929 58583 4428 236779 14616 236779 22591 236828 75118 562 2483 6471 236761 107 140 236829 139 236929 58583 4428 236779 1393 236779 236788 236812 236792 236800 75118 562 2483 6471 236761 107 236829 139 1018 4521 3245 66515 669 3393 35879 580 506 3453 1883 657 506 3479
10354 13768 529 43999 17690 1787 97008 108 2595 48573 107 818 5905 5708 529 2165 116773 236779 17185 236929 563 531 23448 532 18855 496 2165 15162 236929 9831 2495 2721 580 3453 7016 236761 1030 12316 618 496 623 26286 696 96218 236775 600 22606 506 1458 563 4710 528 496 4341 1883 568 58930 3678 653 25010 19477 236768 1680 26891 531 14860 236761 669 2165 4503 236929 1292 1299 4716 672 9831 532 1032 6237 531 3654 506 39937 14860 18922 236761 108 2595 115768 107 236829 139 1018 236929 116773 236779 17185 236929 66515 107 140 236829 139 1018 26005 53923 66515 2165 58583 4428 236779 8925 236847 236812 236779 1357 39083 236779 51360 20257 236929 532 2165 58583 4428 236779 8925 236847 236812 236779 236796 28230 236779 2201 11842 236779 8121 3334 21233 107 236829 139 1018 236929 4503 236929 66515 107 140 236829 139 236929 70149 75118 562 5577 531 496 2165 236796 3169 236812 236823 8028 236929 2495 236761 107 140 236829 139 236929 32061 75118 562 23892 529 2165 236756 236800 236778 236929 2979 568 19609 8369 62606 769 107 140 236829 139 236929 111359 75118 562 5577 531 496 2165 79597 21233 107 140 236829 139 236929 4606 75118 562 114808 2479 573 2536 236761 107 140 236829 139 236929 17185 75118 669 2165 15162 236929 2456 8323 684 2165 116773 236779 17185 21233 107 140 236829 139 236929 27390 75118 562 2165 236796 3169 236812 19469 93390 236929 9831 2495 236761 108 2595 149072 107
10354 13768 529 43999 17690 1787 97008 108 2595 48573 107 818 3393 19301 496 9831 1458 573 6571 15468 568 236757 3275 236768 6868 236764 10916 573 623 78885 236775 4681 568 19609 528 496 15313 19180 4403 1133 7945 236788 753 215369 529 69262 769 1030 23521 3363 506 16080 1374 2980 6571 2802 618 48835 236786 7382 653 4940 236764 2721 580 614 3453 6471 236761 1030 22606 600 672 9831 563 15808 3622 532 6055 22541 531 6571 13571 236761 108 2595 115768 107 236770 236761 138 1018 236929 7240 236779 78885 236779 236757 3275 236779 110444 236929 66515 67347 614 2165 13733 112994 1714 236813 21233 107 236778 236761 138 1018 236929 78885 236779 236757 3275 236779 110444 236929 66515 67347 951 12130 236793 625 20838 699 506 3453 6471 2165 58583 4428 236779 14248 236788 236779 8395 2663 236779 2466 20793 21233 107 236800 236761 138 1018 236929 16298 236779 78885 236779 236757 3275 236779 110444 236929 66515 67347 496 5577 531 614 2165 236792 3275 236929 2495 568 2543 506 2165 8182 3275 236778 236929 37073 769 108 2595 149072 107 236770 236761 138 1018 236929 7240 236779 78885 236779 236757 3275 236779 110444 236929 66515 15543 2165 4116 236820 91334 236792 3275 106644 236764 166351 6990 1540 236813 21233 107 236778 236761 138 1018 236929 78885 236779 236757 3275 236779 110444 236929 66515 15543 614 2165 91334 236792 3275 106644 236929 32377 18572 236761 107 236800 236761 138 1018 236929 16298 236779 78885 236779 236757 3275 236779 110444
10354 13768 529 43999 17690 1787 97008 108 2595 48573 107 818 3393 4728 496 1076 529 5151 573 137032 532 41483 2028 14860 6614 236764 10916 573 496 2028 13217 568 19609 496 215369 236772 1340 236772 125953 2028 2721 580 506 10434 13272 769 236743 107 236772 2165 15081 236779 20888 236929 12316 618 496 11879 600 36803 496 9831 1131 496 47892 14860 2731 607 3678 18756 6137 236761 107 236772 2165 67908 236779 15081 236929 14736 618 496 2651 90841 623 170826 1594 236775 653 623 69731 30705 236775 9831 573 496 1944 2028 236761 107 236772 2165 27288 21417 236812 236779 31385 236779 19754 236929 12316 618 496 18256 13818 236764 17096 600 3530 18441 6675 568 47149 22591 236812 236768 659 1186 18345 1056 1699 506 2165 181043 83222 536 107018 236929 44852 236761 108 2595 115768 532 149072 107 236770 236761 138 1018 236929 15081 236779 20888 236929 1018 107 140 236829 139 1018 4661 53121 2165 236880 4968 4092 236929 568 236776 5577 531 496 9831 2495 769 107 140 236829 139 1018 8433 53121 2165 4116 236820 4968 21817 236764 9620 27407 3494 67234 568 236776 10428 14494 2731 653 496 41468 3165 769 107 236778 236761 138 1018 236929 67908 236779 15081 236929 1018 107 140 236829 139 1018 4661 53121 5450 236761 107 140 236829 139 1018 8433 53121 2165 4116 236820 4968 21817 236764 9620 27407 3494 67234 568 236776 2731 7835 699 496 2651 90841 10434 2483 769 107 236800 236761 138 1018
10354 13768 529 43999 17690 1787 97008 108 2595 48573 107 818 5708 529 1239 1156 5151 563 531 7352 496 7501 529 16688 21739 568 45332 236768 1131 3246 236772 83563 16587 1699 496 2165 5529 1065 5482 21233 2195 2754 1156 1607 4861 529 8487 506 1638 15605 1262 236787 886 573 496 623 19178 236775 22167 532 886 573 496 623 24422 524 236775 22167 236761 108 2595 115768 107 236770 236761 138 1018 236929 15081 236787 833 211958 721 21817 236929 66515 562 9831 2495 7906 28436 1003 506 53255 1657 568 145300 2165 24422 236779 1906 236929 532 2165 211827 236779 1114 59395 107 236778 236761 138 1018 236929 5439 1065 5482 236787 833 5529 1065 5482 236929 66515 562 14955 2495 7757 573 15468 62606 531 1816 236761 107 236800 236761 138 1018 236929 2643 236787 132066 236756 236800 236778 155192 66515 562 23892 529 21940 236743 236800 236778 236772 3896 25630 13855 506 10445 3938 699 496 196331 2028 236761 108 2595 149072 107 236829 139 1018 236929 135932 721 236779 109532 236929 66515 15543 496 2165 1859 236929 7906 506 64686 1816 236764 24271 531 33207 3530 21739 236761 107 236829 139 1018 236929 135932 721 236779 109532 236779 4060 236779 156796 236929 66515 15543 496 2165 1859 236929 7906 506 64686 1816 236764 4547 2440 53892 573 99885 568 5140 580 506 1996 1463 2165 22360 236779 4060 236779 94333 59395 108 2595 3245 34356 107 236829 139 1018 9336 99382 10508 5151 659 623 44310 236775
10354 13768 529 43999 17690 1787 97008 108 2595 48573 107 818 3393 7412 531 577 912 529 496 1494 236772 32677 34711 3958 568 19609 573 496 25093 22160 9483 236768 4710 580 496 2401 14628 60548 6352 20442 236796 3169 236812 236823 8028 59395 1030 36371 506 75777 529 623 10728 5829 236775 6675 236764 10916 12804 506 7140 699 10445 208253 531 43363 21739 236764 532 14980 18256 236786 202993 529 623 53573 236775 568 15834 1353 6630 236768 3418 1607 14628 6237 568 82839 7728 236761 43258 12627 769 108 2595 115768 532 149072 107 236770 236761 138 1018 236929 3255 236769 70149 54557 66515 107 140 236829 139 1018 4661 66515 562 5577 531 496 2165 236796 3169 236812 236823 8028 236929 2495 236761 107 140 236829 139 1018 8433 66515 562 2165 60220 3112 236929 2495 236761 107 140 236829 139 1018 46866 66515 94379 1090 496 32308 53255 1883 607 496 6530 6541 236761 108 236778 236761 138 1018 236929 36809 236769 70149 236764 1883 54557 66515 107 140 236829 139 1018 71761 66515 562 5577 531 2165 236796 3169 236812 236823 8028 236929 532 496 5577 531 2165 60220 3112 21233 107 140 236829 139 1018 8433 66515 562 33228 7906 496 2165 1859 236929 568 30943 236778 236810 236825 15424 529 208253 779 532 1156 33007 529 1156 2165 236756 236825 236812 236929 2979 568 12655 532 11497 178600 769 107 140 236829 139 1018 46866 66515 157433 532 119727 506 6145 1883 529 506 39937 573
10354 13768 529 2165 932 236929 12939 108 2595 48573 107 818 1292 2165 932 236929 12316 618 496 37115 653 496 623 4256 236775 10241 573 496 15168 5585 236761 1030 28399 496 2678 1763 568 165915 496 4185 653 7659 1883 236768 532 1299 88382 496 994 3393 20442 1916 18833 531 6054 768 506 5585 691 6595 236761 1637 506 5585 20269 568 1309 1908 236772 13321 2165 1916 59740 625 36803 506 11995 3393 1131 496 3246 236772 83563 3165 3618 236761 108 2595 115768 107 236770 236761 138 1018 236929 1201 236787 833 1714 236929 66515 562 2483 23892 13855 506 31744 529 496 623 236753 3169 236812 15168 1781 107 236778 236761 138 1018 236929 1916 236787 858 236800 236778 236929 66515 1455 11995 994 3393 3847 684 506 15605 15168 5585 236761 108 2595 149072 107 236829 139 1018 236929 22736 115230 236929 66515 196983 768 2165 1916 236929 563 7121 2165 236771 21233 107 236829 139 1018 236929 21376 236769 1859 54557 66515 196983 768 2165 1916 236929 563 1908 236772 13321 236764 7906 496 45047 3165 3618 2440 506 15168 1463 532 506 994 3393 236761 108 2595 3245 34356 107 236829 139 1018 22373 13324 66515 669 1292 9139 2165 51691 1480 5455 236779 8777 236779 1025 236769 1201 236768 21233 1174 13074 496 4185 653 8583 236772 6047 1883 2352 1298 506 623 5455 3432 236775 563 10448 531 506 3847 2165 1201 21233 107 236829 139 1018 3771 12263 3245 66515 669 1292 1677
10354 13768 529 43999 17690 1787 97008 108 2595 48573 107 818 3393 23669 13179 573 21003 4266 102372 2351 496 5464 4735 2028 568 19609 496 215369 236772 1340 236772 125953 653 7945 236788 13217 236768 532 496 14955 573 6338 6571 236786 2086 14988 236761 107 236770 236761 138 1018 236929 23721 236779 6005 236779 17585 236779 31385 236929 66515 165532 768 496 3530 18441 19681 531 506 623 6005 5552 236775 529 496 2028 236789 236751 14860 653 24859 13179 236761 1030 19171 59285 1385 11303 573 147121 37478 102372 236761 107 236778 236761 138 1018 236929 169062 236779 78885 236779 31385 236929 66515 165532 768 496 18441 563 912 529 506 623 169062 7710 236775 6237 568 236744 236761 236759 1126 7945 236788 33361 236764 11196 236764 653 3530 7710 12627 769 1030 992 19171 59285 1385 11303 573 147121 37478 102372 236761 107 236800 236761 138 1018 236929 22011 236779 1282 236779 18222 236929 66515 562 35917 1292 531 52768 16812 18558 568 19609 573 6571 6995 236768 1651 6655 41575 3165 10396 768 506 2324 32839 506 6541 529 496 2165 236756 236825 236812 21233 108 2595 115768 532 149072 107 236829 139 1018 236929 23721 236779 6005 236779 17585 236779 31385 236929 66515 107 140 236829 139 236829 4661 63508 562 5577 531 496 2165 49321 1569 236929 568 508 32377 769 107 140 236829 139 236829 8433 63508 562 2165 10761 236929 568 3397 768 625 19681 531 506 1171 5552 236764 2416 7394 769 107 236829 139
10354 13768 529 43999 17690 1787 97008 108 2595 48573 107 818 3393 19301 614 2471 231090 13179 568 134583 531 618 2165 32306 236779 26556 18833 5402 531 5559 2471 13376 1651 98469 531 3530 15166 236787 107 236770 236761 138 1018 20170 1854 53121 51287 659 20274 531 506 20480 5065 529 496 4512 2165 207805 236929 568 19079 1178 531 577 236743 236800 236778 2721 580 506 8968 769 107 236778 236761 138 1018 3128 665 114653 53121 1030 19301 2165 979 236779 19836 236779 20952 236929 531 4241 17856 236789 236751 84953 6868 236764 17096 25725 607 22798 3801 7117 568 37030 236768 4681 236761 107 236800 236761 138 1018 71653 522 53121 1030 16972 531 2514 506 2558 22308 2433 2351 496 2644 5221 684 2165 16008 236779 3516 236917 40693 236929 532 2165 13740 236779 3516 236917 40693 21233 107 236812 236761 138 1018 7211 86249 53121 2165 236749 236779 31846 236779 1708 236779 8545 236929 62577 1217 1551 623 31846 236775 496 8411 529 496 2953 2425 62239 2721 580 496 2165 236847 236779 43216 8809 236929 4512 236761 108 2595 115768 107 236829 139 1018 236929 236749 236779 31846 236779 1708 236779 8545 236929 66515 2165 860 236929 568 8545 3558 779 2165 57764 236929 568 8545 2962 236768 618 2165 156802 21233 107 236829 139 1018 236929 979 236779 19836 236779 20952 236929 66515 2165 236781 236929 618 2165 236760 236825 236812 21233 107 236829 139 1018 236929 32306 236779 26556 236929 66515 2165 236754 236929 568
10354 13768 529 43999 17690 1787 97008 108 2595 48573 107 818 3393 19301 496 3530 2471 231090 13179 20442 93957 236810 236779 32306 236779 26556 18833 5402 531 4241 496 28316 236789 236751 623 32306 236779 26556 236775 6868 568 19609 573 496 29193 236772 5140 10040 2028 769 1030 22606 600 614 2744 2471 563 168159 531 496 3328 12002 2425 600 19495 1806 15166 236787 107 236770 236761 138 1018 13579 53121 51287 1921 577 55689 529 496 3530 5415 20442 236823 236810 236847 236779 167266 59395 107 236778 236761 138 1018 41802 29125 53121 669 2558 18033 568 126672 18838 236768 1921 711 3798 3426 496 7081 14272 236761 107 236800 236761 138 1018 44700 29125 53121 669 2558 18033 1921 711 9644 496 5783 14272 236761 107 236812 236761 138 1018 73734 66814 53121 1030 16972 531 22435 506 3303 6084 7232 1651 22690 2351 506 5783 7715 236761 108 818 1171 1292 236764 2165 236749 236779 35516 236779 1708 236779 8545 8347 62577 1217 1551 623 35516 236775 6630 4691 1131 496 8411 529 496 2238 3558 532 2962 236764 4547 1456 573 192174 653 12539 522 236761 108 2595 115768 107 236829 139 1018 236929 236749 236779 35516 236779 1708 236779 8545 236929 66515 2165 860 236929 568 8545 3558 779 2165 57764 236929 568 8545 2962 769 107 236829 139 1018 236929 93957 236810 236779 32306 236779 26556 236929 66515 2165 4603 236929 568 236756 236800 236778 779 2165 2690 236929 568 236756 236800 236778 769 108 2595
10354 13768 529 43999 17690 1787 97008 108 2595 48573 107 818 3393 19301 496 1494 236772 32677 38485 1458 573 26626 8739 36526 568 7618 45209 769 1030 13571 3530 26626 7579 531 3103 5059 22680 568 236744 236761 236759 1126 21558 118364 236768 532 4728 496 14955 573 35322 7579 531 67505 236761 1174 563 4547 912 529 496 92875 573 496 25093 22160 9483 568 2182 236792 779 10916 5402 531 14701 506 6868 529 506 639 49751 13217 236761 108 2595 115768 107 236770 236761 138 1018 236929 236755 693 236779 27475 236779 5127 236929 66515 67347 951 12130 236761 1030 179660 496 2002 38485 2633 236761 107 236778 236761 138 1018 236929 236755 693 236779 27475 236779 2543 236779 236755 693 236929 66515 67347 496 2165 236756 236800 236778 236929 13855 496 26626 8739 10654 236761 107 236800 236761 138 1018 236929 109907 236929 66515 67347 496 2165 236756 236800 236778 236929 13855 496 26626 8739 10654 236761 108 2595 149072 107 236770 236761 138 1018 236929 236755 693 236779 27475 236779 5127 236929 66515 15543 496 2165 236880 236789 6990 29089 236820 236756 236770 236825 67234 7906 506 877 236772 124655 8134 3103 1080 573 1418 3393 1523 872 531 2165 13740 236779 28714 159652 21233 107 236778 236761 138 1018 236929 236755 693 236779 27475 236779 2543 236779 236755 693 236929 66515 15543 496 2165 236780 693 31363 236929 568 236746 37115 2101 2165 236756 236770 236825 18833 7906 506 3103 1080 573 506 2238 3393 1523 236761 107
10354 13768 529 2165 222935 236779 122509 236929 108 2595 48573 107 818 1292 236789 236751 5708 563 531 23448 532 5675 496 2165 9313 81145 236929 2721 580 496 3847 2165 4968 21817 21233 1030 12316 618 496 18256 532 5431 13818 236764 17096 600 506 2028 9831 20239 3530 14628 236786 20624 15166 568 1437 623 30449 236775 11649 236768 532 86645 506 4127 18710 568 92961 236764 10040 6237 236764 4044 2907 1131 496 54089 3904 236761 108 2595 115768 107 236829 139 1018 236929 15081 236787 833 4968 21817 236929 66515 562 5577 531 496 9831 2495 7906 2028 13217 4889 236764 2440 236787 107 140 236829 139 236929 67692 75118 26272 10808 236772 10619 1262 236761 107 140 236829 139 236929 13333 236779 2086 236929 532 2165 68034 236779 2086 75118 183908 665 19052 236761 107 140 236829 139 236929 25232 75118 562 5249 529 4077 12627 236761 107 140 236829 139 236929 4424 236758 236779 39888 75118 562 5249 529 21982 236772 7211 76790 11802 236761 107 140 236829 139 236929 112440 1101 75118 1455 19331 27864 1101 2731 568 145300 16329 573 2165 236796 43297 59395 107 140 236829 139 236929 13031 75118 26272 10040 236772 15396 13217 568 27711 2926 653 7585 236757 236810 208889 769 107 140 236829 139 236929 8606 98624 75118 26272 19125 7846 568 236744 236761 236759 1126 21739 810 2471 769 108 2595 149072 107 236829 139 1018 236929 4116 236820 9313 81145 236764 26623 3494 67234 66515 236743 107 140 236829 139
10354 13768 529 43999 17690 1787 97008 108 2595 48573 107 818 3393 4728 496 10241 531 23448 532 9688 623 17070 236775 7751 236764 4547 573 3736 11734 653 93356 529 32050 236792 568 31534 22160 9483 236768 34711 10512 236761 1030 17507 573 496 3530 3453 6471 531 27650 52065 580 236786 2865 532 18774 837 9299 61925 659 17793 573 52065 236761 108 2595 115768 107 236770 236761 138 1018 236929 25475 73962 66515 2301 1982 9103 236761 1030 20838 699 506 1657 3453 7016 236761 107 236778 236761 138 1018 236929 3041 236769 2337 236787 833 1714 54557 66515 562 2483 23892 13855 614 9299 31466 2479 236761 107 236800 236761 138 1018 236929 17070 1480 3676 236769 13267 236787 833 73007 236836 236825 236812 54557 66515 562 5577 531 614 2165 73007 236836 236825 236812 236929 2135 2351 496 2165 17070 236929 2495 236761 108 2595 149072 107 236770 236761 138 1018 236929 25475 73962 66515 15543 496 2165 10761 236929 17674 768 52065 563 5158 236761 107 236778 236761 138 1018 236929 3041 236769 2337 236787 833 1714 54557 66515 15543 2165 13733 236820 31861 236820 17070 6985 21233 1030 7623 2165 9401 236769 31861 236820 17070 28245 236929 768 506 2479 563 4341 532 52065 563 15446 236793 7394 236764 625 7623 2165 9336 21233 107 236800 236761 138 1018 236929 17070 1480 2998 236779 605 73962 66515 15543 496 2165 236756 236825 236812 236929 13855 506 34384 168717 2338 506 15819 3931 236761 107 236812 236761 138 1018
