8160 579 264 7047 1817 421 11177 310 279 3286 321 6157 25 271 16 13 220 2972 2014 53983 279 5952 64700 198 262 348 256 2972 6065 64700 9988 279 3766 32671 2450 47801 13 198 262 348 256 2972 57201 64700 198 285 348 256 79091 7193 11 10804 11 15796 11 321 1528 4203 13 198 285 348 256 62366 1330 2894 6607 4886 13 198 285 348 256 3780 930 10419 6813 364 1782 6607 4886 13 198 285 348 256 13365 7167 16954 539 26895 30800 318 2887 524 16525 7465 553 198 262 348 256 2972 2425 64700 8771 709 66320 27718 6450 7402 4185 63 321 1510 1927 7260 57208 6817 421 1510 1927 7260 63 369 31084 13 271 17 13 220 2972 2014 53983 279 5927 64700 271 262 348 256 2972 4987 220 16 25 1510 6450 7402 4185 63 332 198 285 348 256 2972 24293 64700 1510 8556 1562 7402 4185 3620 25 6743 50490 1094 8958 1411 5536 3353 11 894 42181 198 285 348 256 2972 2425 64700 1510 85 43143 1473 9801 5604 310 264 4566 12317 1510 1094 63 318 13873 1510 45454 9176 476 1094 63 466 4283 553 198 285 348 256 2972 25897 64700 198 309 348 256 1510 3928 63 466 1510 1094 476 3174 43143 5019 4147 886 1510 11245 2170 476 902 2072 27653 198 309 348 256 1510 1094 476 683 1104 8 43143 5019 279 886 2144 1510 11245 1104 15525
90700 8340 25 271 16 13 220 2972 2014 53983 279 5952 64700 198 262 348 256 2972 2425 64700 357 32671 2450 1970 47801 13 198 262 348 256 2972 24643 64700 198 285 220 16 13 220 79091 7193 11 10804 11 15796 11 321 1528 4203 13 198 285 220 17 13 220 62366 1330 2894 6607 4886 13 198 285 220 18 13 220 3780 930 10419 6813 364 1782 6607 4886 13 198 285 220 19 13 220 3130 30800 413 14170 16954 513 7167 13 198 262 348 256 2972 17355 64700 3054 524 16525 7465 364 7167 16954 13 271 17 13 220 2972 2014 53983 279 5927 64700 198 262 348 256 1510 14803 17 20 21 31572 4702 25 594 485 8 1411 894 43143 40351 264 886 310 264 21050 12 17 20 21 12017 20245 13 198 262 348 256 1510 14803 17 20 21 51215 4702 25 594 485 8 1411 498 84 23 26 220 18 17 60 43143 62778 279 6891 21050 12 17 20 21 20245 314 264 886 13 198 262 348 256 1510 17538 2914 21285 10398 17145 25 594 485 11 1245 25 594 485 8 1411 1744 43143 12932 5235 1330 8796 539 25456 836 21050 12 17 20 21 3942 17430 303 6570 854 13 198 262 348 256 1510 17538 2914 51215 10398 17145 25 43112 84 23 26 220 18 17 1089 1245 25 43112 84 23 26 220 18 17 2387 1411 1744
8160 579 264 7047 1817 421 11177 310 279 3286 321 6157 25 271 16 13 220 2972 2014 53983 279 5952 64700 198 262 348 256 2972 6065 64700 9988 264 3050 32671 2450 47801 13 198 262 348 256 2972 57201 64700 198 285 348 256 79091 7193 11 10804 11 15796 11 321 1528 4203 13 198 285 348 256 62366 1330 2894 6607 4886 13 198 285 348 256 3780 930 10419 6813 364 1782 6607 4886 13 198 285 348 256 13365 7167 16954 539 26895 30800 318 2887 524 16525 7465 553 198 262 348 256 2972 2425 64700 357 41643 8222 264 709 1510 265 385 54529 42116 63 321 279 6941 314 449 1510 6182 3554 87045 71952 63 2424 13 271 17 13 220 2972 2014 53983 279 5927 12683 20920 64700 271 262 348 256 2972 4987 220 16 25 1510 265 385 54529 42116 63 332 198 285 348 256 2972 24293 64700 1510 8556 55000 54529 42116 30436 382 25 594 6767 10985 7797 476 4380 476 11940 6781 27 363 82646 313 2423 333 63 198 285 348 256 2972 25897 64700 13310 942 1472 264 4471 314 4368 13081 13 24056 413 264 3579 369 7807 27718 284 54529 52434 553 1368 7807 11 27245 424 494 279 4471 1608 1510 24921 17652 63 321 20382 424 13 1368 524 7807 11 59521 279 1857 13 198 285 348 256 2972 71516 64700 51716 16456 310 3921 7888 14145 494 264 4281
8160 579 264 7047 1817 421 11177 310 279 3286 321 6157 314 279 3766 32671 1970 25 271 16 13 220 2972 2014 53983 279 5952 64700 198 262 348 256 2972 6065 64700 9988 279 3766 32671 2450 47801 13 198 262 348 256 2972 57201 64700 198 285 348 256 79091 7193 11 10804 11 15796 11 321 1528 4203 13 198 285 348 256 62366 1330 2894 6607 4886 13 198 285 348 256 3780 930 10419 6813 364 1782 6607 4886 13 198 285 348 256 13365 7167 16954 539 26895 30800 318 2887 524 16525 7465 553 198 262 348 256 2972 2425 64700 357 41643 314 32671 1970 8222 1330 5568 25 1510 44577 25716 63 321 1510 10083 27600 27653 271 17 13 220 2972 2014 53983 279 5927 64700 271 262 348 256 2972 4987 1510 44577 25716 43143 332 198 285 348 256 2972 24293 64700 1510 8556 13280 25716 363 1411 5536 69350 19860 11 9392 44587 1401 42181 198 285 348 256 2972 25897 64700 198 309 220 16 13 220 70932 264 89759 4566 886 1083 449 1510 39 69 2561 27653 198 309 220 17 13 220 40351 1510 39 69 2561 63 1083 264 1510 1652 2561 63 4417 1510 1652 2561 476 1445 1469 69 27653 198 309 220 18 13 220 38795 1510 10083 27600 2031 1617 8 27653 198 309 220 19 13 220 24056 413 279 12571 1510 1652 19860 63 682 264 1510 21557 1011 63
8160 579 264 7047 1817 421 11177 310 279 11488 3286 25 271 16 13 220 2972 2014 53983 279 5952 64700 198 262 348 256 2972 2425 64700 357 41643 314 32671 1970 8222 2250 5306 25 264 709 1510 14166 87606 6406 22076 13042 7561 264 709 1510 36182 35920 5854 7561 321 279 6941 314 449 1510 6182 13086 2931 6363 63 2424 13 198 262 348 256 2972 24643 64700 198 285 220 16 13 220 79091 7193 11 10804 11 15796 11 321 1528 4203 13 198 285 220 17 13 220 62366 1330 2894 6607 4886 13 198 285 220 18 13 220 3780 930 10419 6813 364 1782 6607 4886 13 198 285 220 19 13 220 13365 7167 16954 318 2374 30800 11 1459 914 16525 7465 553 271 17 13 220 2972 2014 53983 279 5927 12683 20920 64700 271 262 348 256 2972 4987 220 16 25 1510 14166 87606 6406 22076 13042 63 332 198 285 348 256 348 2425 51595 1510 14166 25 594 485 63 318 64 886 15511 553 198 285 348 256 348 25897 51595 1124 5564 279 809 314 279 886 27718 10350 6018 52434 553 24056 413 279 49264 886 10029 440 799 314 2250 17482 25 1510 46288 7561 1510 38 2629 4680 14503 23559 7561 466 1510 5751 53 19 23559 27653 198 285 348 256 348 4935 51595 1510 2554 63 318 1802 413 424 10029 440 799 314 1782 23214 11 867 5752 553 198
8160 579 264 7047 1817 421 11177 310 279 3286 321 6157 314 279 3766 32671 1970 25 271 16 13 220 2972 2014 53983 279 5952 64700 198 262 348 256 2972 6065 64700 9988 279 3766 32671 2450 47801 13 198 262 348 256 2972 57201 64700 198 285 348 256 79091 7193 11 10804 11 15796 11 321 1528 4203 13 198 285 348 256 62366 1330 2894 6607 4886 13 198 285 348 256 3780 930 10419 6813 364 1782 6607 4886 13 198 285 348 256 13365 7167 16954 539 26895 30800 318 2887 524 16525 7465 553 198 262 348 256 2972 2425 64700 357 41643 314 32671 1970 15394 52965 27718 66 643 7941 7561 1510 34 7800 32133 7561 1510 4422 7561 1510 7976 7561 1510 42728 7561 1510 936 66757 57208 271 17 13 220 2972 2014 53983 279 5927 12683 20920 64700 198 262 348 256 2972 4987 220 16 25 1510 41973 5854 4207 5070 63 332 198 285 348 256 348 24293 51595 1510 9299 5003 15702 5854 4207 5070 1958 25 594 4422 11 6297 25 594 7976 11 1097 66757 25 6743 50490 34 7800 32133 21222 18 17 82646 1411 5536 19754 7800 32133 33682 21 19 7813 8003 89649 1407 476 815 476 1401 2372 63 198 285 348 256 348 25897 51595 38795 1510 41973 5854 4207 5070 9410 63 440 1510 15 486 9082 5037 85 18817 363 27653 198 285 348 256 348 71516 51595 34315 310
8160 579 264 7047 1817 421 11177 310 279 3286 321 6157 25 271 16 13 220 2972 2014 53983 279 5952 64700 198 262 348 256 2972 2425 64700 357 41643 314 32671 1970 8222 264 709 1510 832 2721 7073 18 17 7561 264 1968 1510 45 21460 350 4286 63299 730 7561 449 7376 1510 45 21460 350 25382 7561 321 279 6941 314 264 709 1510 85000 66269 2997 27653 198 262 348 256 2972 24643 64700 198 285 220 16 13 220 79091 7193 11 10804 11 15796 11 321 1528 4203 13 198 285 220 17 13 220 62366 1330 2894 6607 4886 13 198 285 220 18 13 220 3780 930 10419 6813 364 1782 6607 4886 13 198 285 220 19 13 220 13365 7167 16954 539 26895 30800 318 2887 524 16525 7465 553 271 17 13 220 2972 2014 53983 279 5927 12683 20920 64700 271 262 348 256 2972 4987 1510 832 2721 7073 18 17 43143 332 198 285 348 256 348 2425 51595 1510 813 1159 25 43112 69 18 17 60 63 318 64 15511 314 18484 16086 4947 553 198 285 348 256 348 4935 51595 1510 84 18 17 63 318 1719 1857 314 279 6966 869 553 198 285 348 256 348 25897 51595 13310 942 1472 279 15511 11 9976 3627 314 279 1857 27718 15395 31789 321 869 27718 53082 31789 314 279 1428 6966 13 26608 413 264 24660 6826 869 369 1669 13 198 285
8160 579 264 7047 1817 421 11177 310 279 3286 321 6157 314 279 3766 32671 2450 47801 25 271 16 13 220 2972 2014 53983 279 5952 64700 198 262 348 256 2972 6065 64700 9988 279 3766 32671 2450 47801 13 198 262 348 256 2972 57201 64700 198 285 348 256 79091 7193 11 10804 11 15796 11 321 1528 4203 13 198 285 348 256 62366 1330 2894 6607 4886 13 198 285 348 256 3780 930 10419 6813 364 1782 6607 4886 13 198 285 348 256 13365 7167 16954 539 26895 30800 318 2887 524 16525 7465 553 198 262 348 256 2972 2425 64700 357 41643 314 32671 1970 1608 1510 66 643 7941 63 318 77517 5404 5165 34519 8 321 264 2446 1510 11021 1401 63 913 13 271 17 13 220 2972 2014 53983 279 5927 12683 20920 64700 198 262 348 256 2972 4987 31169 64700 1510 8556 1822 363 1411 5536 66514 14157 1401 42181 198 285 348 256 5019 264 1510 2009 7561 18290 4255 1196 10993 13 198 285 348 256 1510 11021 1401 63 369 18533 310 381 264 2446 1412 913 4364 17384 13 198 262 348 256 2972 59843 64700 198 285 348 256 1510 34 7800 1905 476 902 7 15 11504 43143 14261 264 52965 2193 383 3545 220 15 13 198 285 348 256 1510 3645 8499 12309 363 43143 10004 279 1581 52965 4129 13 198 262 348 256 2972 6768 11033 64700 198 285
8160 579 264 7047 1817 421 11177 310 279 3286 321 6157 314 279 3766 32671 1970 25 271 16 13 220 2972 2014 53983 279 5952 64700 198 262 348 256 2972 6065 64700 9988 279 3766 32671 2450 47801 13 198 262 348 256 2972 57201 64700 198 285 348 256 79091 7193 11 10804 11 15796 11 321 1528 4203 13 198 285 348 256 62366 1330 2894 6607 4886 13 198 285 348 256 3780 930 10419 6813 364 1782 6607 4886 13 198 285 348 256 13365 7167 16954 539 26895 30800 318 2887 524 16525 7465 553 198 262 348 256 2972 2425 64700 357 41643 314 32671 1970 8222 2250 5568 27718 78636 7561 1510 26404 5495 15411 7561 1510 6199 10497 3079 7561 1510 8471 3960 57208 6817 25 1510 8471 3960 63 369 31084 318 21798 974 4937 32631 553 271 17 13 220 2972 2014 53983 279 5927 12683 20920 64700 271 262 348 256 1510 9299 53061 8 5003 19152 363 1411 1744 43143 198 285 348 256 24056 413 4424 3759 1510 30918 5434 28770 4805 13391 25371 63 6513 13 198 285 348 256 5019 1510 1802 63 413 2945 11 1510 3721 63 5752 13 198 285 348 256 348 71516 51595 90410 264 4416 5016 466 16947 1716 310 1436 413 279 6522 369 19152 310 1542 303 328 71376 1 3728 13 271 262 348 256 1510 8556 14145 5495 15411 363 1411 5536 21222 18 17 11 894 42181
8160 579 264 7047 1817 421 11177 310 279 3286 321 6157 25 271 16 13 220 2972 2014 53983 279 5952 64700 198 262 348 256 2972 6065 64700 9988 279 3766 32671 2450 47801 13 198 262 348 256 2972 57201 64700 198 285 348 256 79091 7193 11 10804 11 15796 11 321 1528 4203 13 198 285 348 256 62366 1330 2894 6607 4886 13 198 285 348 256 3780 930 10419 6813 364 1782 6607 4886 13 198 285 348 256 13365 7167 16954 539 26895 30800 318 2887 524 16525 7465 553 198 262 348 256 2972 2425 64700 357 41643 314 32671 1970 8222 2250 5568 27718 980 64 11065 70760 4322 7561 1510 980 64 11065 70760 50124 9445 7561 1510 980 64 14783 16551 5305 31789 321 264 1064 3759 5604 27718 2581 32 19028 65831 2036 85621 1515 57208 271 17 13 220 2972 2014 53983 279 5927 64700 271 262 348 256 2972 4987 220 16 25 1510 980 64 11065 70760 4322 52434 332 198 285 348 256 348 25897 51595 24056 4424 3759 1510 30918 5434 1203 17311 19028 65831 2036 27653 5019 1510 1802 63 413 424 16327 328 16 3158 198 285 348 256 348 71516 51595 19389 5016 364 26477 76512 318 19739 12 11993 59930 8 1027 3703 5933 13 198 285 348 256 348 30895 51595 2168 318 29369 5915 553 198 285 348 256 348 59365 51595 1510 2554 27653 198 285 348 256 348 1349 51595
8160 579 264 7047 1817 421 11177 310 279 3286 321 6157 314 279 3766 32671 1970 47801 25 271 16 13 220 2972 2014 53983 279 5952 64700 198 262 348 256 2972 6065 64700 9988 279 3766 32671 2450 47801 13 198 262 348 256 2972 57201 64700 198 285 348 256 79091 7193 11 10804 11 15796 11 321 1528 4203 13 198 285 348 256 62366 1330 2894 6607 4886 13 198 285 348 256 3780 930 10419 6813 364 1782 6607 4886 13 198 285 348 256 13365 7167 16954 539 26895 30800 318 2887 524 16525 7465 553 198 262 348 256 2972 2425 64700 357 41643 314 32671 1970 15394 1510 14327 13429 7561 1510 14327 37592 7561 1510 674 1315 70883 7561 1510 8046 14508 7561 1510 14327 1948 290 7561 1510 95095 7561 1510 52288 34952 7561 4831 13 271 17 13 220 2972 2014 53983 279 5927 12683 20920 64700 198 262 348 256 2972 4987 31169 64700 1510 9299 5003 33341 14822 1619 70309 25 11999 13429 11 22327 25 21609 11 7455 20759 25 560 21 19 11 2695 25 594 41663 14392 14508 8 1411 57064 70883 63 198 262 348 256 2972 21974 64700 198 285 348 256 1510 69788 43143 1510 14327 37592 63 2774 11 16761 440 1510 33639 63 321 1510 1802 63 318 13873 1510 284 14822 1619 63 466 4283 5016 553 198 285 348 256 1510 1062 2506 43143 1510 9753 63199 1948 290 42181 318
8160 579 264 7047 1817 421 11177 310 279 3286 321 6157 25 271 16 13 220 2972 2014 53983 279 5952 64700 198 262 348 256 2972 2425 64700 357 41643 314 32671 1970 27718 10350 9731 2602 95527 63 709 321 919 314 1510 38 32675 48401 63 7873 553 198 262 348 256 2972 24643 64700 198 285 220 16 13 220 79091 7193 11 10804 11 15796 11 321 1528 4203 13 198 285 220 17 13 220 62366 1330 2894 6607 4886 13 198 285 220 18 13 220 3780 930 10419 6813 364 1782 6607 4886 13 198 285 220 19 13 220 13365 7167 16954 539 26895 30800 318 2887 524 16525 7465 553 198 262 348 256 2972 17355 64700 3054 524 16525 7465 364 7167 16954 13 271 17 13 220 2972 2014 53983 279 5927 12683 20920 64700 271 262 348 256 2972 4987 64700 1510 10350 9731 2602 95527 63 198 285 348 256 2972 30895 64700 198 309 348 256 1510 68 25 594 4422 43143 16699 310 449 4560 318 13873 264 1558 42903 4560 553 198 309 348 256 1510 67 25 594 6767 30125 1667 48401 43143 30123 5604 310 264 9665 9191 1528 1576 13 198 309 348 256 1510 28627 82 25 43112 84 18 17 60 43143 54582 314 3817 27437 13 198 285 348 256 2972 25897 64700 198 309 348 256 414 28335 1365 1510 67 63 310 8385 1510 10350 9731 2602 7561 1510 1916
8160 579 264 7047 1817 421 11177 310 279 3286 321 6157 314 279 3766 32671 1970 41643 25 271 16 13 220 2972 2014 53983 279 5952 64700 198 262 348 256 2972 6065 64700 9988 279 3766 32671 2450 47801 13 198 262 348 256 2972 57201 64700 198 285 348 256 79091 7193 11 10804 11 15796 11 321 1528 4203 13 198 285 348 256 62366 1330 2894 6607 4886 13 198 285 348 256 3780 930 10419 6813 364 1782 6607 4886 13 198 285 348 256 13365 7167 16954 539 26895 30800 318 2887 524 16525 7465 553 198 262 348 256 2972 2425 64700 357 32671 709 1510 25883 29407 63 421 68434 264 72036 17593 13 271 17 13 220 2972 2014 53983 279 5927 12683 20920 64700 198 262 348 256 2972 4987 31169 64700 1510 9299 5003 11835 29407 7 15547 25 43112 84 23 2387 1411 5536 48741 28243 6515 9088 7813 443 6515 1401 42181 198 262 348 256 2972 9107 64700 1510 38637 25 21609 283 220 20 16 17 63 318 19178 72036 2424 1331 553 198 262 348 256 2972 21974 64700 198 285 348 256 1510 22259 43143 1510 9753 28243 6515 9088 42181 318 37643 22433 15215 3492 553 198 285 348 256 1510 3075 43143 1510 50132 63 318 3127 2234 303 279 17593 553 198 285 348 256 1510 79 686 2551 43143 1510 5173 3353 42181 318 75415 5638 364 1752 3429 11 4222 364 69695
8160 579 264 7047 1817 421 11177 310 279 3286 321 6157 25 271 16 13 220 2972 2014 53983 279 5952 64700 198 262 348 256 2972 6065 64700 9988 279 3766 32671 2450 47801 13 198 262 348 256 2972 57201 64700 198 285 348 256 79091 7193 11 10804 11 15796 11 321 1528 4203 13 198 285 348 256 62366 1330 2894 6607 4886 13 198 285 348 256 3780 930 10419 6813 364 1782 6607 4886 13 198 285 348 256 13365 7167 16954 539 26895 30800 318 2887 524 16525 7465 553 198 262 348 256 2972 2425 64700 8771 32671 5568 27718 11510 82979 63 321 1510 20113 15422 57208 271 17 13 220 2972 2014 53983 279 5927 64700 271 262 348 256 2972 4987 220 16 25 1510 11510 82979 63 332 198 285 348 256 2972 24293 64700 1510 8556 8978 82979 80583 25 43112 8915 27320 14508 2387 1411 5536 27767 9753 33682 21 19 7813 10985 33682 21 19 29 681 74768 1401 42181 198 285 348 256 2972 30895 64700 357 15511 314 1510 8915 27320 14508 63 60730 13 198 285 348 256 2972 59365 64700 357 1510 2009 63 8222 1330 1510 9753 33682 21 19 42181 318 12942 321 15702 553 198 285 348 256 2972 25897 64700 198 309 348 256 30836 1510 12942 63 321 1510 41973 63 22166 440 8390 1510 42728 18817 363 478 220 16 27653 198 309 348 256 22236 287 1510 15 63
8160 579 264 7047 1817 421 11177 310 279 3286 25 271 16 13 220 2972 2014 53983 279 5952 64700 198 262 348 256 2972 2425 64700 357 41643 314 32671 1970 27718 44577 25716 63 709 553 198 262 348 256 2972 24643 64700 198 285 220 16 13 220 79091 7193 11 10804 11 15796 11 321 1528 4203 13 198 285 220 17 13 220 62366 1330 2894 6607 4886 13 198 285 220 18 13 220 3780 930 10419 6813 364 1782 6607 4886 13 198 285 220 19 13 220 13365 7167 16954 318 2374 30800 11 1459 914 16525 553 198 262 348 256 2972 17355 64700 3054 524 16525 7465 364 7167 16954 13 271 17 13 220 2972 2014 53983 279 5927 12683 20920 64700 198 262 52451 34602 198 262 5003 13280 25716 363 1411 5536 69350 19860 11 9392 44587 1401 29 313 198 285 41042 25716 2031 1652 2561 476 1445 1469 69 2031 39 69 2561 476 6199 7 198 309 427 53678 4754 2448 1756 3147 80 16451 18 62 20 2129 2334 25885 25257 763 19 11 198 309 328 2334 10930 77 25958 25257 763 16 1288 6066 2291 763 23 11 198 309 328 2334 73234 73709 763 17 1288 2334 2997 3042 73709 763 16 1288 1916 10474 763 19 11 198 309 328 2173 14215 2291 763 16 21 1288 83849 2291 763 18 17 1288 2721 9373 61620 763 18 17 11 198 309 328 87740
8160 579 264 7047 1817 421 11177 310 279 3286 321 6157 314 279 3766 32671 1970 25 271 16 13 220 2972 15771 2598 279 38622 64700 561 1156 6587 264 3286 314 264 3050 32671 1970 41643 13 353 1144 310 10033 1141 7193 11 10804 11 15796 11 321 1528 4203 13 353 1048 1144 310 10229 1330 2894 6607 4886 321 28647 10419 6813 13 16864 11 353 1144 310 3579 7167 16954 539 26895 30800 4598 1056 16525 286 7465 13 271 17 13 220 2972 2014 53983 279 5927 12683 20920 64700 271 262 348 256 2972 4987 31169 64700 1510 9299 5003 8563 5868 9125 25 594 485 8 1411 5536 3353 11 894 42181 198 285 348 256 5396 25 357 886 15511 27718 5 485 57208 198 285 348 256 8984 25 357 1510 2009 63 8222 264 1510 683 63 318 2267 8 466 449 1412 1510 683 27653 198 262 348 256 2972 25897 21753 64700 198 285 220 16 13 220 2972 13923 4109 64700 24056 413 1510 832 63 8211 440 51515 43265 2879 27653 1368 524 11 4523 279 3889 1510 832 63 430 264 1510 683 63 318 389 36893 310 381 264 2136 1752 553 198 285 220 17 13 220 2972 66510 64700 326 37740 279 919 1238 51515 43265 2879 63 383 1510 18173 13 198 309 348 256 1510 22743 43143 561 919 1518 279 2018 1510 18173 318 269 279 4220 3065 413 874 2018 1510
8160 579 264 7047 1817 421 11177 310 279 3286 321 6157 25 271 16 13 220 2972 2014 53983 279 5952 64700 198 262 348 256 2972 6065 64700 9988 279 3766 32671 2450 47801 13 198 262 348 256 2972 57201 64700 198 285 348 256 79091 7193 11 10804 11 15796 11 321 1528 4203 13 198 285 348 256 62366 1330 2894 6607 4886 13 198 285 348 256 3780 930 10419 6813 364 1782 6607 4886 13 198 285 348 256 13365 7167 16954 539 26895 30800 318 2887 524 16525 7465 553 198 262 348 256 2972 2425 64700 357 41643 314 32671 1970 8222 2943 5568 25 1510 2721 13102 7561 1510 3621 3456 7561 1510 631 7561 1510 53782 7561 321 264 6907 7044 364 264 21568 709 318 316 3330 539 279 3847 553 271 17 13 220 2972 2014 53983 279 5927 12683 20920 64700 271 262 348 256 2972 4987 220 16 25 1510 2721 13102 63 332 198 285 348 256 348 24293 51595 1510 9299 5003 1866 13102 2784 25 43112 69 18 17 1089 292 25 43112 69 18 17 2387 1411 281 18 17 63 198 285 348 256 348 25897 51595 1799 2978 1510 64 63 321 1510 65 7561 45838 10424 6463 1510 91 87 471 374 91 7561 58469 440 1510 2721 27653 198 285 348 256 348 71516 51595 62778 279 6966 10424 6463 1881 1330 22166 2315 42962 13 198 285 348 256 348 30895 51595
8160 579 264 7047 1817 421 11177 310 279 11488 3286 25 271 16 13 220 2972 2014 53983 279 5952 64700 198 262 348 256 2972 6065 64700 9988 264 3050 32671 2450 47801 13 198 262 348 256 2972 57201 64700 198 285 348 256 79091 7193 11 10804 11 15796 11 321 1528 4203 13 198 285 348 256 62366 1330 2894 6607 4886 13 198 285 348 256 3780 930 10419 6813 364 1782 6607 4886 13 198 285 348 256 13365 7167 16954 539 26895 30800 318 2887 524 16525 7465 553 198 262 348 256 2972 2425 64700 357 41643 314 32671 1970 8222 2943 5568 27718 40819 20 53337 15411 15594 7561 1510 40819 20 53337 25018 1993 7561 1510 6199 1824 17241 20 53337 12316 68783 7561 1510 23825 32462 8931 7561 1510 23825 25225 33532 63 471 3655 11 279 1483 799 369 3799 974 553 271 17 13 220 2972 2014 53983 279 5927 12683 20920 64700 271 262 348 256 1510 40819 20 53337 15411 15594 363 43143 198 285 348 256 2972 71516 64700 42272 279 4424 3759 1510 30918 5434 2559 10673 20 73399 27653 198 285 348 256 2972 2425 64700 2168 318 29369 9787 5915 553 198 285 348 256 2972 4935 64700 1510 5173 3353 42181 318 8114 869 413 2945 11 2168 5752 553 198 285 348 256 2972 1349 64700 2233 1528 4203 318 851 14934 553 271 262 348 256 1510 40819 20 53337 25018 1993 363
8160 579 264 7047 1817 421 11177 310 279 3286 321 6157 314 279 3766 32671 1970 25 271 16 13 220 2972 2014 53983 279 5952 64700 198 262 348 256 2972 6065 64700 9988 279 3766 32671 2450 47801 13 198 262 348 256 2972 57201 64700 198 285 348 256 79091 7193 11 10804 11 15796 11 321 1528 4203 13 198 285 348 256 62366 1330 2894 6607 4886 13 198 285 348 256 3780 930 10419 6813 364 1782 6607 4886 13 198 285 348 256 13365 7167 16954 539 26895 30800 318 2887 524 16525 7465 553 198 262 348 256 2972 2425 64700 357 41643 8222 1330 5568 25 1510 7038 53294 63 321 1510 29166 53294 27653 271 17 13 220 2972 2014 53983 279 5927 64700 198 262 348 256 2972 1905 64700 561 1970 17077 1510 30368 40112 63 318 13873 264 1510 36839 90899 31446 6330 2155 27 1076 19541 31789 321 1510 37793 63 318 13873 449 1510 63636 10907 57208 1049 5686 1040 264 11969 16456 364 1010 2993 314 5861 1515 35 318 44 12370 314 49051 440 21213 15129 286 30 2441 4283 8 1785 13 198 262 348 256 2972 4987 220 16 25 1510 7038 53294 63 332 198 285 348 256 6180 17168 264 5128 383 1510 30368 40112 27653 198 285 348 256 24056 413 1510 37793 63 369 804 2639 413 1510 43565 63 369 2582 1510 8114 27653 198 285 348 256 1368 2892 369
8160 579 264 7047 1817 421 11177 310 279 3286 321 6157 25 271 16 13 220 2972 2014 53983 279 5952 64700 198 262 348 256 2972 6065 64700 9988 279 3766 32671 2450 47801 13 198 262 348 256 2972 57201 64700 198 285 348 256 79091 7193 11 10804 11 15796 11 321 1528 4203 13 198 285 348 256 62366 1330 2894 6607 4886 13 198 285 348 256 3780 930 10419 6813 364 1782 6607 4886 13 198 285 348 256 13365 7167 16954 539 26895 30800 318 2887 524 16525 7465 553 198 262 348 256 2972 2425 64700 357 41643 314 32671 1970 15394 52965 5404 5165 27718 66 643 7941 7561 1510 7545 7561 1510 16307 1334 7561 1510 16307 4293 1888 7561 4831 34163 271 17 13 220 2972 2014 53983 279 5927 12683 20920 64700 198 262 348 256 2972 4987 220 16 25 1510 19586 51493 63 332 198 285 348 256 348 71516 51595 34315 364 52965 5404 5165 6526 27718 7545 476 16307 1334 57208 40351 2316 310 1510 11245 7 2072 63 321 7652 310 1510 7501 63 440 264 22405 1876 13 198 285 348 256 348 30895 51595 1510 81 63 318 1334 1970 681 1510 12195 63 318 2078 886 553 198 285 348 256 348 59365 51595 1510 2009 66514 8003 89649 1407 476 815 476 1401 2372 27653 198 285 348 256 348 1349 27227 51595 2168 318 49991 709 553 198 262 348 256 2972 4987
8160 579 264 7047 1817 421 11177 310 279 3286 25 271 16 13 220 2972 2014 53983 279 5952 64700 198 262 348 256 2972 6065 64700 9988 264 3050 32671 2450 47801 13 198 262 348 256 2972 57201 64700 198 285 348 256 79091 7193 11 10804 11 15796 11 321 1528 4203 13 198 285 348 256 62366 1330 2894 6607 4886 13 198 285 348 256 3780 930 10419 6813 364 1782 6607 4886 13 198 285 348 256 13365 7167 16954 539 26895 30800 318 2887 524 16525 7465 553 198 262 348 256 2972 2425 64700 357 32671 1970 41643 8222 2250 5568 27718 20471 56792 74648 7561 1510 20471 56792 7075 7561 1510 20471 26206 778 31789 321 264 6907 3847 2424 364 264 709 14 1193 524 6999 4364 27718 20471 26206 778 63 2193 23197 264 7875 1785 11 694 279 41643 14663 974 553 271 17 13 220 2972 2014 53983 279 5927 12683 20920 64700 271 262 348 256 2972 4987 220 16 25 1510 20471 56792 74648 63 332 198 285 348 256 348 24293 51595 1510 9299 5003 23853 56792 74648 3620 25 6743 50490 485 8958 1411 5536 27 31670 48459 11 894 42181 198 285 348 256 348 25897 51595 59187 264 886 318 10378 79062 8 2272 3050 20209 3376 3771 487 328 16 487 328 8566 487 328 15 487 328 1783 1764 198 285 348 256 348 4935 51595 5019 449 1510 31670 48459 63 7376 11096
8160 579 264 7047 1817 421 11177 310 279 3286 321 6157 25 271 16 13 220 2972 2014 53983 279 5952 64700 198 262 348 256 2972 6065 64700 9988 264 3050 32671 2450 47801 13 198 262 348 256 2972 57201 64700 198 285 348 256 79091 7193 11 10804 11 15796 11 321 1528 4203 13 198 285 348 256 62366 1330 2894 6607 4886 13 198 285 348 256 3780 930 10419 6813 364 1782 6607 4886 13 198 285 348 256 13365 7167 16954 539 26895 30800 318 2887 524 16525 7465 553 198 262 348 256 2972 2425 64700 8771 709 66320 27718 898 4431 52954 7980 516 16 63 321 1510 2932 9890 8873 57208 6817 421 1510 2932 9890 8873 63 369 31084 13 271 17 13 220 2972 2014 53983 1510 898 4431 52954 7980 516 16 43143 332 198 262 348 256 2972 24293 64700 198 285 348 256 1510 68 25 594 4422 43143 90410 264 52965 15328 6126 4560 12876 13 198 285 348 256 1510 23825 3586 4431 25 594 59628 476 2448 476 38 5409 24531 43143 5396 15167 318 40912 553 198 285 348 256 1510 446 3586 4431 25 594 59628 476 2448 476 38 5409 24531 43143 5396 15167 318 2248 553 198 285 348 256 1510 89 25 594 34 7800 32133 61738 18 17 42181 25 5396 15167 318 57 553 198 285 348 256 1510 89 80 23 25 6743 50490 7 34 7800 32133 21222
8160 579 264 7047 1817 421 11177 310 279 3286 321 6157 25 271 16 13 220 2972 2014 53983 279 5952 64700 198 262 348 256 2972 6065 64700 9988 264 3050 32671 2450 47801 13 198 262 348 256 2972 57201 64700 198 285 348 256 79091 7193 11 10804 11 15796 11 321 1528 4203 13 198 285 348 256 62366 1330 2894 6607 4886 13 198 285 348 256 3780 930 10419 6813 364 1782 6607 4886 13 198 285 348 256 13365 7167 16954 539 26895 30800 318 2887 524 16525 7465 553 198 262 348 256 2972 2425 64700 357 32671 709 1510 16815 39048 87554 294 15411 63 321 1330 1968 14 8746 16954 27718 25017 13101 8068 7561 1510 25017 13101 2155 63 471 5939 539 279 3847 553 271 17 13 220 2972 2014 53983 279 5927 64700 271 262 348 256 2972 4987 64700 1510 16815 39048 87554 294 15411 63 198 285 348 256 2972 30895 64700 1510 23819 25 6743 3353 29 7561 1510 14523 25 6743 3353 29 27653 198 285 348 256 2972 59365 64700 1510 2009 27767 5173 3353 7813 29152 1911 592 681 894 29 27653 198 285 348 256 2972 25897 64700 198 309 348 256 1368 2107 1510 23819 63 321 1510 14523 63 513 1510 8114 63 321 1684 1411 4451 318 5943 20590 553 198 309 348 256 1368 1510 23819 63 369 1510 8114 63 1411 3301 1510 8114 3163 17901 44646 321 4619 1510
8160 579 264 7047 1817 421 11177 310 279 3286 25 271 16 13 220 2972 2014 53983 279 5952 64700 198 262 348 256 2972 2425 64700 357 41643 314 32671 1970 27718 44577 25716 63 709 553 198 262 348 256 2972 24643 64700 198 285 220 16 13 220 79091 7193 11 10804 11 15796 11 321 1528 4203 13 198 285 220 17 13 220 62366 1330 2894 6607 4886 13 198 285 220 18 13 220 3780 930 10419 6813 364 1782 6607 4886 13 198 285 220 19 13 220 13365 7167 16954 318 2374 30800 11 1459 914 16525 553 198 262 348 256 2972 17355 64700 3054 524 16525 7465 364 7167 16954 13 271 17 13 220 2972 2014 53983 279 5927 12683 20920 64700 198 262 52451 34602 198 262 5003 13280 25716 363 1411 5536 69350 19860 11 9392 44587 1401 29 313 198 285 41042 25716 2031 1652 2561 476 1445 1469 69 2031 39 69 2561 476 6199 7 198 309 427 53678 4754 2448 1756 3147 80 16451 18 62 20 697 4493 2129 2334 25885 25257 763 19 11 198 309 328 2334 10930 77 25958 25257 763 16 1288 6066 2291 763 23 11 198 309 328 2334 73234 73709 763 17 1288 2334 2997 3042 73709 763 16 1288 1916 10474 763 19 11 198 309 328 2173 14215 2291 763 16 21 1288 83849 2291 763 18 17 1288 2721 9373 61620 763 18 17 11 198 309
8160 579 264 7047 1817 421 11177 310 279 3286 25 271 16 13 220 2972 2014 53983 279 5952 64700 198 262 348 256 2972 6065 64700 9988 264 3050 32671 2450 47801 13 198 262 348 256 2972 57201 64700 198 285 348 256 79091 7193 11 10804 11 15796 11 321 1528 4203 13 198 285 348 256 62366 1330 2894 6607 4886 13 198 285 348 256 3780 930 10419 6813 364 1782 6607 4886 13 198 285 348 256 13365 7167 16954 539 26895 30800 318 2887 524 16525 7465 553 198 262 348 256 2972 2425 64700 357 32671 1970 41643 8222 264 709 1510 26404 363 7561 264 6570 1510 15932 10310 39362 11159 32916 7561 264 1968 1510 11895 7561 264 1968 1510 10238 7561 321 279 6941 314 1510 10238 476 902 27653 271 17 13 220 2972 2014 53983 279 5927 12683 20920 64700 271 262 348 256 2972 63 8556 14145 363 1411 21609 43143 332 198 285 348 256 37539 1510 1771 476 12624 476 12162 11648 63 364 4368 53269 11 15217 16947 13 198 285 348 256 42272 4424 3759 1510 30918 5434 85410 88858 54350 27653 198 285 348 256 70932 424 430 1510 50132 27653 198 285 348 256 34797 310 1510 16 63 413 21621 14107 466 5915 737 369 7167 13 198 285 348 256 2356 14226 279 869 1881 1510 16 63 321 1510 21 19 27653 198 285 348 256 5019 279 1324 314 14145 13
90700 8340 25 271 16 13 220 2972 2014 53983 279 5952 64700 198 262 348 256 2972 6065 64700 9988 279 3766 32671 2450 47801 13 198 262 348 256 2972 57201 64700 198 285 348 256 79091 1141 7193 11 10804 11 15796 11 321 1528 4203 13 198 285 348 256 62366 1330 2894 6607 4886 13 198 285 348 256 3780 930 10419 6813 364 1782 6607 4886 13 198 285 348 256 1368 14170 16954 513 7167 11 1528 279 23571 4370 314 16525 286 7465 13 198 262 348 256 2972 2425 64700 357 41643 314 32671 1970 8222 1330 5568 27718 35819 1140 59348 63 321 1510 5917 53294 31789 321 264 1968 27718 26540 70883 57208 561 41643 4816 310 381 3799 974 506 279 809 13 271 17 13 220 2972 2014 53983 279 5927 12683 20920 64700 271 262 348 256 2972 4987 220 16 25 1510 35819 1140 59348 63 332 198 285 348 256 2972 24293 64700 1510 8556 46930 1140 59348 78981 25 594 485 11 3134 25 594 485 11 2128 25 594 485 8 1411 894 63 198 285 348 256 2972 25897 64700 37539 1510 2171 0 63 310 8972 264 886 13 198 285 348 256 2972 2674 64700 1049 5686 1040 264 9640 3683 364 449 436 10673 318 33119 11106 4744 553 1049 5469 1785 10895 11 1156 1879 440 75740 364 7359 11 3134 11 321 2128 11 321 10029 440 1510 248046
8160 579 264 7047 1817 421 11177 310 279 11488 3286 25 271 16 13 220 2972 2014 53983 279 5952 64700 198 262 348 256 2972 6065 64700 9988 264 3050 32671 2450 47801 13 198 262 348 256 2972 57201 64700 198 285 348 256 79091 7193 11 10804 11 15796 11 321 1528 4203 13 198 285 348 256 62366 1330 2894 6607 4886 13 198 285 348 256 3780 930 10419 6813 364 1782 6607 4886 13 198 285 348 256 13365 7167 16954 539 26895 30800 318 2887 524 16525 7465 553 198 262 348 256 2972 2425 64700 357 32671 1970 41643 8222 1330 5568 25 1510 6847 11607 13808 517 50642 14335 63 321 1510 19190 605 3795 416 4322 27653 271 17 13 220 2972 2014 53983 279 5927 64700 271 262 348 256 2972 4987 220 16 25 1510 6847 11607 13808 517 50642 14335 63 332 198 285 348 256 348 24293 51595 1510 8556 9307 11607 13808 517 50642 14335 50508 25 6743 61738 18 17 8958 1411 5536 66514 894 42181 198 285 348 256 348 25897 51595 198 309 348 256 24056 413 1510 9226 63 369 1510 8114 27653 198 309 348 256 1368 1510 8114 7561 11988 413 1510 0 9226 2011 736 15390 363 1321 3798 2564 220 15 13 15 27653 198 309 348 256 1368 8060 11 4523 1510 7501 63 440 264 22405 1876 13 198 309 348 256 17673 11 4523 1510 11245 7 2072 27653
8160 579 264 7047 1817 421 11177 310 279 3286 321 6157 25 271 16 13 220 2972 2014 53983 279 5952 64700 198 262 348 256 2972 6065 64700 9988 279 3766 32671 2450 47801 13 198 262 348 256 2972 57201 64700 198 285 348 256 79091 7193 11 10804 11 15796 11 321 1528 4203 13 198 285 348 256 62366 1330 2894 6607 4886 13 198 285 348 256 3780 930 10419 6813 364 1782 6607 4886 13 198 285 348 256 13365 7167 16954 539 26895 30800 318 2887 524 16525 7465 553 198 262 348 256 2972 2425 64700 357 41643 314 32671 1970 8222 2250 5568 14 1193 82 27718 8556 85 16 64 16 17 23 7561 1510 7092 20167 816 7561 1510 10743 739 25722 7561 1510 41490 12621 57208 271 17 13 220 2972 2014 53983 279 5927 12683 20920 64700 271 262 348 256 2972 4987 220 16 25 1510 8556 85 16 64 16 17 23 63 332 198 285 348 256 348 24293 51595 1510 9299 53061 8 5003 5003 85 16 64 16 17 23 22435 25 43112 84 23 1089 5041 304 25 560 16 17 23 8 1411 560 16 17 23 63 198 285 348 256 348 25897 51595 13310 942 888 5639 11 67521 82 440 1428 5010 11 7072 6976 539 264 6570 9944 1608 39834 33633 13 198 285 348 256 348 71516 51595 426 35125 12 16 64 5010 709 7873 364 220 16 17
8160 579 264 7047 1817 421 11177 310 279 3286 321 6157 25 271 16 13 220 2972 2014 53983 279 5952 64700 198 262 348 256 2972 6065 64700 9988 279 3766 32671 2450 47801 13 198 262 348 256 2972 57201 64700 198 285 348 256 79091 7193 11 10804 11 15796 11 321 1528 4203 13 198 285 348 256 62366 1330 2894 6607 4886 13 198 285 348 256 3780 930 10419 6813 364 1782 6607 4886 13 198 285 348 256 13365 7167 16954 539 26895 30800 318 2887 524 16525 7465 553 198 262 348 256 2972 2425 64700 357 41643 314 32671 1970 8222 1510 24344 1224 7561 1510 19584 7561 1510 3219 20759 7561 321 1510 267 528 21186 20759 27653 271 17 13 220 2972 2014 53983 279 5927 12683 20920 64700 271 262 348 256 2972 4987 220 16 25 1510 24344 1224 1250 25 560 23 8 1411 29152 1911 592 63 332 198 285 348 256 348 71516 51595 26521 264 9956 12448 27718 84 23 31789 310 264 3611 80347 886 13 198 285 348 256 348 30895 51595 1510 79 63 318 64 1510 84 23 63 6570 11 4222 1510 10525 3930 61802 7561 1510 10525 3930 44844 7561 1510 10525 3930 65013 57208 198 285 348 256 348 59365 51595 1510 5 6 1911 592 63 3376 10313 487 328 45697 487 328 75778 487 328 32636 1764 198 285 348 256 348 1349 27227 51595 2168 13 28621 709
8160 579 264 7047 1817 421 11177 310 279 3286 321 6157 314 279 3766 32671 1970 25 271 16 13 220 2972 2014 53983 279 5952 64700 198 262 348 256 2972 6065 64700 9988 279 3766 32671 2450 47801 13 198 262 348 256 2972 57201 64700 198 285 348 256 79091 7193 11 10804 11 15796 11 321 1528 4203 13 198 285 348 256 62366 1330 2894 6607 4886 13 198 285 348 256 3780 930 10419 6813 364 1782 6607 4886 13 198 285 348 256 13365 7167 16954 539 26895 30800 318 2887 524 16525 7465 553 198 262 348 256 2972 2425 64700 357 41643 314 32671 1970 8222 1510 19584 363 7561 1510 3219 20759 363 7561 1510 9679 36951 10630 363 7561 1510 12034 363 7561 321 1510 34327 363 27653 271 17 13 220 2972 2014 53983 279 5927 12683 20920 64700 271 262 348 256 1510 19584 363 1411 17519 43143 198 285 348 256 37539 1510 12162 11648 27 29351 42181 310 62259 1487 9189 264 1064 1510 29351 27653 198 285 348 256 5019 279 1428 854 2394 279 1817 3727 318 269 2394 279 1118 1562 310 1510 19584 52434 553 198 285 348 256 348 5439 58532 51595 1510 29351 63 369 1510 1771 476 1619 476 29351 27653 271 262 348 256 1510 3219 20759 363 1411 560 21 19 43143 198 285 348 256 38795 1510 19584 973 51333 973 299 697 54323 363 27653 198 285 348 256
8160 579 264 7047 1817 421 11177 310 279 11488 3286 25 271 16 13 220 2972 2014 53983 279 5952 64700 198 262 348 256 2972 6065 64700 9988 264 3050 32671 2450 47801 13 198 262 348 256 2972 57201 64700 198 285 348 256 79091 7193 11 10804 11 15796 11 321 1528 4203 13 198 285 348 256 62366 1330 2894 6607 4886 13 198 285 348 256 3780 930 10419 6813 364 1782 6607 4886 13 198 285 348 256 13365 7167 16954 539 26895 30800 318 2887 524 16525 7465 553 198 262 348 256 2972 2425 64700 8771 1970 66320 13 198 285 348 256 12683 20920 220 16 25 1510 9299 5003 20952 8914 363 1411 10985 3353 42181 318 7255 942 4528 999 4874 553 198 285 348 256 12683 20920 220 17 25 1510 6182 41173 473 37 79 19 313 6466 5003 494 1824 70 1644 45943 333 63 318 31600 6343 494 264 54802 19913 999 11 11352 12910 364 264 328 10223 926 1 14658 1957 553 271 17 13 220 2972 2014 53983 12683 20920 220 16 27718 58433 8914 63 188912 198 262 348 256 2972 71516 64700 50725 264 1103 314 3481 4528 999 4874 364 264 28758 3790 1558 13 1049 4816 310 1732 264 3050 17120 5215 318 13873 264 60277 466 380 40527 12317 24197 2574 279 328 753 76 5878 487 328 529 77 487 328 266 1463 1 20209 553 198 262 348 256 2972
8160 579 264 7047 1817 421 11177 310 279 3286 321 6157 25 271 16 13 220 2972 2014 53983 279 5952 64700 198 262 348 256 2972 6065 64700 9988 279 3766 32671 2450 47801 13 198 262 348 256 2972 57201 64700 198 285 348 256 79091 7193 11 10804 11 15796 11 321 1528 4203 13 198 285 348 256 62366 1330 2894 6607 4886 13 198 285 348 256 3780 930 10419 6813 364 1782 6607 4886 13 198 285 348 256 13365 7167 16954 539 26895 30800 318 2887 524 16525 7465 553 198 262 348 256 2972 2425 64700 357 41643 314 32671 1970 8222 23735 7289 11 264 2623 5016 11 321 279 6941 314 264 1968 7044 13 271 17 13 220 2972 2014 53983 279 5927 12683 20920 64700 198 262 348 256 2972 24407 64700 198 285 348 256 1510 2109 24628 13808 517 24300 5305 52954 363 43143 12165 264 3521 23735 5016 1510 78282 57814 45481 1425 63 310 1510 1802 27653 198 285 348 256 1510 4104 2109 24628 13808 517 24300 5305 52954 363 43143 12165 279 1788 5016 310 1510 3721 27653 198 285 348 256 1510 17571 13808 517 24300 4759 8466 363 43143 5019 264 2623 3018 383 279 5016 27718 0 78282 57814 45481 1425 57208 198 262 348 256 2972 9143 82 14 4036 64700 198 285 348 256 1510 57460 3549 43143 1473 7376 27718 1860 7561 1510 4447 57208 198 285 348 256 1510 50506
8160 579 264 7047 1817 421 11177 310 279 3286 321 6157 314 279 3766 32671 1970 25 271 16 13 220 2972 2014 53983 279 5952 64700 198 262 348 256 2972 6065 64700 9988 279 3766 32671 2450 47801 13 198 262 348 256 2972 57201 64700 198 285 348 256 79091 7193 11 10804 11 15796 11 321 1528 4203 13 198 285 348 256 62366 1330 2894 6607 4886 13 198 285 348 256 3780 930 10419 6813 364 1782 6607 4886 13 198 285 348 256 13365 7167 16954 318 2374 30800 11 1459 914 16525 7465 553 198 262 348 256 2972 2425 64700 357 41643 314 32671 1970 8222 2250 5568 25 1510 71376 33532 43016 7561 1510 3491 2017 30937 7561 321 1510 29456 18488 3456 27653 271 17 13 220 2972 2014 53983 279 5927 12683 20920 64700 271 262 348 256 2972 4987 220 16 25 1510 71376 33532 43016 52434 332 198 285 348 256 348 24293 51595 1510 9299 5003 6009 33532 43016 363 1411 1744 63 198 285 348 256 348 25897 51595 37539 1510 1771 476 12624 476 12162 11648 63 310 9189 264 1064 2623 1510 53 27653 198 285 348 256 348 59843 51595 24056 4424 3759 1510 30918 5434 1502 17272 19 4805 13391 45481 27653 198 285 348 256 348 10234 51595 1368 5915 737 369 7167 27718 7501 63 681 4147 886 27718 11245 37754 63 681 466 20335 51515 28767 1 7561 4523 1510 1802 27653
8160 579 264 7047 1817 421 11177 310 279 3286 321 6157 314 279 3766 32671 1970 25 271 16 13 220 2972 2014 53983 279 5952 64700 198 262 348 256 2972 6065 64700 9988 279 3766 32671 2450 47801 13 198 262 348 256 2972 57201 64700 198 285 348 256 79091 7193 11 10804 11 15796 11 321 1528 4203 13 198 285 348 256 62366 1330 2894 6607 4886 13 198 285 348 256 3780 930 10419 6813 364 1782 6607 4886 13 198 285 348 256 13365 7167 16954 539 26895 30800 318 2887 524 16525 7465 553 198 262 348 256 2972 2425 64700 357 41643 8222 264 709 1510 277 24401 5305 63 321 279 6941 314 264 1968 1510 6737 3806 63 321 1141 1510 6182 63 2424 13 271 17 13 220 2972 2014 53983 279 5927 12683 20920 64700 271 262 348 256 2972 4987 1510 277 24401 5305 1393 25 21609 8 1411 585 18 17 43143 332 198 285 348 256 2972 25897 64700 198 309 220 16 13 220 24056 4424 3759 1510 30918 5434 73399 22671 83553 27653 198 309 220 17 13 220 1368 2945 321 2610 1510 72 18 17 7561 1145 14226 424 1881 1510 16 63 321 1510 905 83553 63 318 9327 6570 1532 553 198 309 220 18 13 220 57833 1510 77 15789 62 21378 7 20 16 17 553 2721 7 16 8 430 585 18 17 27653 198 309 220 19 13 220
8160 579 264 7047 1817 421 11177 310 279 3286 321 6157 25 271 16 13 220 2972 2014 53983 279 5952 64700 198 262 348 256 2972 2425 64700 357 41643 314 32671 2450 1970 13 198 262 348 256 2972 24643 64700 198 285 220 16 13 220 79091 7193 11 10804 11 15796 11 321 1528 4203 13 198 285 220 17 13 220 62366 1330 2894 6607 4886 13 198 285 220 18 13 220 3780 930 10419 6813 364 1782 6607 4886 13 198 285 220 19 13 220 13365 7167 16954 318 2374 30800 11 1459 914 16525 7465 553 198 262 348 256 2972 17355 64700 3054 524 16525 7465 364 7167 16954 13 271 17 13 220 2972 2014 53983 279 5927 12683 20920 64700 198 262 348 256 2972 24407 64700 198 285 348 256 1510 1634 34755 77209 25 594 485 8 1411 6743 50490 6 1911 4744 29683 42181 25 78370 364 264 1510 1652 29683 63 539 803 466 15078 13 198 285 348 256 1510 1891 5164 8489 25 594 1652 2561 8 1411 6743 50490 6 1911 4744 29683 42181 25 78370 364 264 1510 1652 29683 63 12219 264 3050 6343 13 198 285 348 256 1510 75275 25716 8489 25 594 1652 2561 8 1411 5536 69350 19860 11 9392 44587 1401 42181 25 12932 3533 264 2124 1083 264 3019 13 198 285 348 256 1510 75275 22464 24566 45943 1411 5536 3025 3677 13664 11 25204 13664 1401
8160 579 264 7047 1817 421 11177 310 279 3286 321 6157 25 271 16 13 220 2972 2014 53983 279 5952 64700 198 262 348 256 2972 2425 64700 357 41643 314 32671 1970 13 198 262 348 256 2972 24643 64700 198 285 220 16 13 220 79091 7193 11 10804 11 15796 11 321 1528 4203 13 198 285 220 17 13 220 62366 1330 2894 6607 4886 13 198 285 220 18 13 220 3780 930 10419 6813 364 1782 6607 4886 13 198 285 220 19 13 220 13365 7167 16954 318 2374 30800 11 1459 914 16525 553 198 262 348 256 2972 17355 64700 9988 279 3766 47801 11352 13 271 17 13 220 2972 2014 53983 279 5927 12683 20920 64700 198 262 348 256 1510 9299 5003 15702 50222 12164 363 1411 318 50132 11 21609 8 43143 5019 89759 17482 47029 18 19 11 220 17 19 8 27653 90410 2424 11930 364 81726 6297 6044 13 198 262 348 256 1510 9299 1968 183063 42 85 21850 75629 11948 43143 37606 279 4779 6576 364 264 3074 6857 303 264 15167 12 44564 318 4100 8 81726 3008 6702 13 198 285 348 256 23804 25 1510 41973 10474 4546 7561 1510 41973 10474 2200 7561 1510 74 6256 12164 7561 1510 85 6256 12164 7561 1510 21343 12164 27653 198 285 348 256 18233 25 1510 9363 5500 6256 63 318 1200 314 580 321 343 5639 681 1510 90027 12164 63 318 4873
8160 579 264 7047 1817 421 11177 310 279 3286 321 6157 314 279 3766 32671 1970 25 271 16 13 220 2972 2014 53983 279 5952 64700 198 262 348 256 2972 6065 64700 9988 279 3766 32671 2450 47801 13 198 262 348 256 2972 57201 64700 198 285 348 256 79091 7193 11 10804 11 15796 11 321 1528 4203 13 198 285 348 256 62366 1330 2894 6607 4886 13 198 285 348 256 3780 930 10419 6813 364 1782 6607 4886 13 198 285 348 256 13365 7167 16954 539 26895 30800 318 2887 524 16525 7465 553 198 262 348 256 2972 2425 64700 357 41643 314 32671 1970 8222 1330 5568 25 1510 851 736 18 17 63 321 1510 1043 23830 63 318 258 14311 553 271 17 13 220 2972 2014 53983 279 5927 64700 271 262 348 256 2972 4987 220 16 25 1510 851 736 18 17 63 332 198 285 348 256 2972 24293 64700 1510 8556 1301 736 18 17 1212 25 594 608 1652 11 803 25 594 485 8 1411 5536 48741 61738 18 17 7813 8003 89649 1407 476 815 476 1401 2372 63 198 285 348 256 2972 30895 64700 198 309 348 256 1510 76 43143 357 5604 310 264 1510 608 1652 63 318 13873 264 1558 15574 466 5638 5759 553 198 309 348 256 1510 591 43143 357 886 12448 364 279 15167 318 68 1257 2487 328 10027 16 24354 1764 198 285 348
8160 579 264 7047 1817 421 11177 310 279 3286 25 271 16 13 220 2972 2014 53983 279 5952 64700 198 262 348 256 2972 2425 64700 357 41643 314 32671 1970 8222 264 709 1510 68 23 76 15 2270 736 18 17 7561 264 1968 1510 24531 8068 7561 449 7873 2424 364 1510 24531 8068 7561 321 264 12755 709 1510 36347 518 27653 198 262 348 256 2972 24643 64700 198 285 220 16 13 220 79091 7193 11 10804 11 15796 11 321 1528 4203 13 198 285 220 17 13 220 62366 1330 2894 6607 4886 13 198 285 220 18 13 220 3780 930 10419 6813 364 1782 6607 4886 13 198 285 220 19 13 220 3130 30800 413 14170 16954 513 7167 318 2887 524 16525 7465 553 271 17 13 220 2972 2014 53983 279 5927 12683 20920 64700 271 262 348 256 2972 4987 1510 68 23 76 15 2270 736 18 17 1818 25 560 23 8 1411 281 18 17 43143 332 198 285 348 256 348 2425 51595 1510 65 25 560 23 63 318 276 220 23 14813 3646 7308 553 198 285 348 256 348 25897 51595 198 309 348 256 1368 1510 65 606 220 15 8989 63 318 17 20 20 681 4523 1510 69 18 17 476 45 1058 27653 198 309 348 256 17673 11 45838 47029 65 430 281 18 17 471 220 16 17 22 13 15 553 4431 17 363 27653 198
90700 8340 25 271 16 13 220 2972 2014 53983 279 5952 64700 198 262 348 256 2972 2425 64700 357 32671 2450 1970 47801 13 198 262 348 256 2972 24643 64700 198 285 220 16 13 220 79091 1141 7193 13 198 285 220 17 13 220 62366 10804 11 15796 11 321 1528 4203 13 198 285 220 18 13 220 62366 1330 2894 6607 4886 13 198 285 220 19 13 220 3780 930 10419 6813 364 1782 6607 4886 13 198 285 220 20 13 220 3130 30800 413 14170 16954 513 7167 13 198 262 348 256 2972 17355 64700 3054 524 16525 7465 26 1528 30800 413 16954 513 7167 13 271 17 13 220 2972 2014 53983 279 5927 1326 32900 64700 198 262 348 256 2972 4987 220 16 64700 1510 6957 55581 605 2054 1620 3035 363 1411 1744 63 198 285 348 256 42272 449 4424 3759 1510 51535 30508 16912 60738 75463 21349 27653 198 285 348 256 5019 1510 1802 63 413 279 3759 369 6681 51515 16 1 27653 198 285 348 256 348 24285 19107 51595 3437 369 1510 51535 30508 16912 60738 75463 21349 63 30 318 69551 943 264 1510 989 63 466 1510 5 6 1911 592 63 4364 17384 553 198 262 348 256 2972 10361 8103 64700 198 285 348 256 17467 1674 264 6741 2876 9584 1669 2261 7262 13 198 285 348 256 9321 25 1510 64460 1228 63 8213 303 14835 14145 2785
8160 579 264 7047 1817 421 11177 310 279 3286 321 6157 314 279 3766 32671 1970 25 271 16 13 220 2972 2014 53983 279 5952 64700 198 262 348 256 2972 6065 64700 9988 279 3766 32671 2450 47801 13 198 262 348 256 2972 57201 64700 198 285 348 256 79091 7193 11 10804 11 15796 11 321 1528 4203 13 198 285 348 256 62366 1330 2894 6607 4886 13 198 285 348 256 3780 930 10419 6813 364 1782 6607 4886 13 198 285 348 256 13365 7167 16954 539 26895 30800 318 2887 524 16525 7465 553 198 262 348 256 2972 2425 64700 357 32671 709 1510 587 648 5936 63 421 68434 4424 7101 13 271 17 13 220 2972 2014 53983 279 5927 64700 198 262 348 256 2972 4987 31169 64700 1510 9299 5003 11484 648 5936 1393 25257 25 21609 8 1411 6743 48741 87139 2372 63 198 262 348 256 2972 25897 21753 64700 198 285 220 16 13 220 42272 1510 30918 5434 41832 2323 10912 63 5915 737 13 198 285 220 17 13 220 94466 1510 30918 5434 41832 2323 10912 43143 198 309 348 256 1368 4147 11 328 15 487 466 328 16 487 4523 1510 3928 27653 198 309 348 256 1368 632 6199 470 11 17872 9663 11 4523 1510 3928 27653 198 309 348 256 1368 4563 470 11 10220 430 1510 77 1217 27653 198 285 220 18 13 220 94466 1510 77 1217 63
8160 579 264 7047 1817 421 11177 310 279 3286 321 6157 25 271 16 13 220 2972 2014 53983 279 5952 64700 198 262 348 256 2972 6065 64700 9988 279 3766 32671 2450 47801 13 198 262 348 256 2972 57201 64700 198 285 348 256 79091 7193 11 10804 11 15796 11 321 1528 4203 13 198 285 348 256 62366 1330 2894 6607 4886 13 198 285 348 256 3780 930 10419 6813 364 1782 6607 4886 13 198 285 348 256 13365 7167 16954 539 26895 30800 318 2887 524 16525 7465 553 198 262 348 256 2972 2425 64700 8771 5568 25 1510 4775 788 17 83 63 321 1510 12748 10116 1054 63 318 258 14311 553 271 17 13 220 2972 2014 53983 1510 4775 788 17 83 43143 332 198 262 348 256 2972 24293 64700 1510 9299 5003 3165 788 17 83 5406 25 594 485 11 293 17 83 25 43112 72 18 17 2387 1411 1407 476 789 476 2009 69262 63 198 262 348 256 2972 71516 64700 1049 7701 310 381 4237 264 3050 7620 3443 318 21563 19913 8 310 264 999 11 11352 264 328 67 17 83 1 318 13873 328 43494 310 2100 1 466 4283 2193 303 436 10673 9966 1954 3336 2850 286 8 15167 13 1049 1048 13514 264 11811 1414 999 13 198 262 348 256 2972 30895 64700 198 285 348 256 1510 2267 43143 2793 1752 364 279 7620 2468 13 198
8160 579 264 7047 1817 421 11177 310 279 11488 3286 25 271 16 13 220 2972 2014 53983 279 5952 64700 198 262 348 256 2972 2425 64700 357 41643 314 32671 1970 27718 44577 25716 63 709 553 198 262 348 256 2972 24643 64700 198 285 220 16 13 220 79091 7193 11 10804 11 15796 11 321 1528 4203 13 198 285 220 17 13 220 62366 1330 2894 6607 4886 13 198 285 220 18 13 220 3780 930 10419 6813 364 1782 6607 4886 13 198 285 220 19 13 220 13365 7167 16954 318 2374 30800 11 1459 914 16525 553 198 262 348 256 2972 17355 64700 3054 524 16525 7465 364 7167 16954 13 271 17 13 220 2972 2014 53983 279 5927 12683 20920 64700 198 262 52451 34602 198 262 5003 13280 25716 363 1411 5536 69350 19860 11 9392 44587 1401 29 313 198 285 41042 25716 2031 1652 2561 476 1445 1469 69 2031 39 69 2561 476 6199 7 198 309 427 53678 4754 2448 1756 3147 80 16451 18 697 4493 2129 2334 25885 25257 763 17 1288 6066 2291 763 23 11 198 309 328 2334 73234 73709 763 17 1288 2334 2997 3042 73709 763 16 1288 1916 10474 763 19 11 198 309 328 2173 14215 2291 763 16 21 1288 83849 2291 763 18 17 1288 2721 9373 61620 763 18 17 11 198 309 328 2334 13808 15089 763 19 1288 2334 13808 15089 5500 73555
8160 579 264 7047 1817 421 11177 310 279 3286 321 6157 314 279 3766 32671 1970 25 271 16 13 220 2972 15771 2598 279 38622 64700 561 1156 6587 264 3286 314 264 3050 32671 2450 47801 13 353 1144 310 10033 1141 7193 11 10804 11 15796 11 321 1528 4203 13 353 1048 1144 310 10229 1330 2894 6607 4886 321 28647 10419 6813 13 72451 32365 11 413 14170 16954 513 7167 11 353 1902 1528 30800 4598 1056 16525 286 7465 13 271 17 13 220 2972 2014 53983 279 5927 12683 20920 64700 271 262 348 256 2972 4987 31169 64700 1510 9299 5003 50285 980 2270 1469 69 3163 70 980 25 594 485 11 5157 25 594 18164 8 1411 6743 3353 42181 198 285 348 256 5396 25 1510 13985 980 63 318 64 886 13661 264 15167 803 303 54802 2581 3443 681 1510 1077 63 318 64 5604 310 449 1510 18164 63 1968 14 8746 553 198 285 348 256 8984 25 1510 5173 3353 42181 318 8114 886 413 12366 6513 11 2168 5752 553 198 285 348 256 28097 25 1049 5686 1040 264 12366 709 32328 15167 4874 494 264 54802 2581 3443 318 13873 1429 303 90448 6982 466 4283 42903 20459 8 310 462 34098 18036 318 48043 8 3443 318 2506 303 5187 51 20923 14 8692 382 553 271 262 348 256 2972 25897 21753 64700 198 285 220 16 13 220 2972 5198 11258 74451
8160 579 264 7047 1817 421 11177 310 279 3286 321 6157 314 279 3766 32671 1970 25 271 16 13 220 2972 15771 2598 279 38622 64700 561 1156 6587 264 3286 314 264 3050 32671 709 1510 88 1820 38800 15759 39852 27653 353 1144 310 10033 1141 7193 11 10804 11 15796 11 321 1528 4203 13 353 1048 1144 310 10229 1330 2894 6607 4886 321 28647 10419 6813 13 16864 11 353 1144 310 3579 7167 16954 539 26895 30800 4598 1056 16525 286 7465 13 271 17 13 220 2972 2014 53983 279 5927 64700 271 262 348 256 2972 4987 31169 64700 198 285 52451 34602 198 285 6466 5003 36979 38800 15759 39852 7 198 309 4941 25 560 18 17 11 198 309 2255 25 281 18 17 11 198 309 7911 25 281 18 17 11 198 309 3889 8207 25 560 18 17 11 198 309 13053 34558 25 281 18 17 11 198 309 13053 79604 25 281 18 17 11 198 285 847 1411 10985 61738 18 17 29 198 285 52451 198 285 348 256 44739 25 1510 12556 63 318 41125 681 1510 3051 7561 1510 36347 7561 1510 9596 8207 7561 1510 18549 34558 7561 1510 18549 79604 27653 198 285 348 256 8984 25 1510 9753 61738 18 17 29 27653 198 285 348 256 9321 25 561 803 1510 88 1820 38800 15759 39852 63 321 279 11870 318 258 12176 4261 1510 18549 34558 7561 1510 18549
8160 579 264 7047 1817 421 11177 310 279 3286 25 271 16 13 220 2972 2014 53983 279 5952 64700 198 262 348 256 2972 2425 64700 357 41643 314 32671 1970 8222 1330 569 5568 27718 723 53337 12119 5305 52954 7561 1510 765 12119 5305 52954 63 681 264 1064 3759 318 316 3330 539 1510 24921 63 14 63 1043 63 681 321 264 1510 12966 13669 8359 7025 63 4536 440 1330 6813 13 198 262 348 256 2972 24643 64700 198 285 220 16 13 220 79091 7193 11 10804 11 15796 11 321 1528 4203 13 198 285 220 17 13 220 62366 1330 2894 6607 4886 13 198 285 220 18 13 220 3780 930 10419 6813 364 1782 6607 4886 13 198 285 220 19 13 220 3130 30800 413 14170 16954 513 7167 13 271 17 13 220 2972 2014 53983 279 5927 12683 20920 64700 198 262 348 256 2972 24407 64700 198 285 348 256 1510 723 53337 12119 5305 52954 84727 25 1744 8 1411 1744 43143 37539 1510 4100 50441 14098 78322 52707 84727 11 66299 476 19570 34 267 8 27653 1061 12846 1510 4100 50441 14098 78322 63 369 449 1510 63636 10907 63 318 269 4283 23735 913 553 1049 7062 279 869 321 4523 279 348 19100 9 869 13 198 285 348 256 1510 765 12119 5305 52954 363 1411 1744 43143 37539 1510 4100 50441 14098 78322 4942 38377 286 476 11318 952 8 27653 1061
8160 579 264 7047 1817 421 11177 310 279 3286 25 271 16 13 220 2972 2014 53983 279 5952 64700 198 262 348 256 2972 6065 64700 9988 264 3050 32671 2450 47801 13 198 262 348 256 2972 57201 64700 198 285 348 256 79091 7193 11 10804 11 15796 11 321 1528 4203 13 198 285 348 256 62366 1330 2894 6607 4886 13 198 285 348 256 3780 930 10419 6813 364 1782 6607 4886 13 198 285 348 256 13365 7167 16954 539 26895 30800 318 2887 524 16525 7465 553 198 262 348 256 2972 2425 64700 357 41643 314 32671 1970 8222 2250 5568 25 1510 31271 80823 17679 7561 1510 14629 29542 7561 321 1510 57316 36951 27653 271 17 13 220 2972 2014 53983 279 5927 12683 20920 64700 271 262 348 256 2972 4987 220 16 25 1510 31271 80823 17679 52434 332 198 285 348 256 348 25897 51595 37539 1510 1771 476 12624 476 12162 11648 63 310 9189 264 1064 2623 3018 383 279 4424 3759 1510 30918 5434 10257 5483 10311 10056 27653 198 285 348 256 348 10234 51595 5019 1510 1802 63 413 1510 30918 5434 10257 5483 10311 10056 63 369 6681 51515 16 1 27653 198 285 348 256 348 6641 18139 51595 1510 12162 11648 63 369 4368 53269 364 16947 13 198 285 348 256 348 1349 51595 22384 1528 27718 42279 35 57208 7349 2957 13 271 262 348 256 2972 4987 220 17 25
8160 579 264 7047 1817 421 11177 310 279 3286 321 6157 25 271 16 13 220 2972 2014 53983 279 5952 64700 198 262 348 256 2972 6065 64700 9988 279 3766 32671 2450 47801 13 198 262 348 256 2972 57201 64700 198 285 348 256 79091 7193 11 10804 11 15796 11 321 1528 4203 13 198 285 348 256 62366 1330 2894 6607 4886 13 198 285 348 256 3780 930 10419 6813 364 1782 6607 4886 13 198 285 348 256 13365 7167 16954 539 26895 30800 318 2887 524 16525 7465 553 198 262 348 256 2972 2425 64700 357 41643 314 32671 1970 8222 1510 10535 16 21 2270 736 18 17 7561 1510 12849 16 21 2270 736 18 17 7561 321 279 1151 314 1510 6295 7073 16 21 27653 271 17 13 220 2972 2014 53983 279 5927 64700 271 262 348 256 2972 4987 220 16 25 1510 10535 16 21 2270 736 18 17 63 332 198 285 348 256 2972 24293 64700 1510 9299 5003 11665 16 21 2270 736 18 17 3101 25 560 16 21 8 1411 281 18 17 63 198 285 348 256 2972 71516 64700 40351 264 220 16 21 14813 18484 16086 1324 318 74082 220 22 20 19 4139 12 26308 8 310 264 220 18 17 14813 18484 16086 1324 318 74082 220 22 20 19 3074 12 26308 553 198 285 348 256 2972 30895 64700 1510 71 25 560 16 21 63 318
8160 579 264 7047 1817 421 11177 310 279 3286 321 6157 314 279 3766 32671 2450 47801 25 271 16 13 220 2972 2014 53983 279 5952 64700 198 262 348 256 2972 6065 64700 9988 279 3766 32671 2450 47801 13 198 262 348 256 2972 57201 64700 198 285 348 256 79091 7193 11 10804 11 15796 11 321 1528 4203 13 198 285 348 256 62366 1330 2894 6607 4886 13 198 285 348 256 3780 930 10419 6813 364 1782 6607 4886 13 198 285 348 256 13365 7167 16954 539 26895 30800 318 2887 524 16525 7465 553 198 262 348 256 2972 2425 64700 357 41643 314 32671 1970 8222 1510 3689 7561 1510 5917 7561 321 6907 11870 364 1510 2448 23331 63 321 1510 2448 81539 27653 271 17 13 220 2972 2014 53983 279 5927 64700 198 262 348 256 2972 63 3689 63 709 64700 198 285 348 256 38795 1510 5917 363 27653 198 285 348 256 20366 1510 7501 63 494 1510 5917 52434 539 17933 310 25591 321 43260 440 1970 220 17 13 198 285 348 256 348 5439 58532 51595 1510 77564 63 369 264 6570 466 886 4364 17384 318 13873 8222 10121 10895 553 198 262 348 256 2972 63 5917 63 709 64700 198 285 348 256 5019 1510 2009 66514 8003 89649 1407 476 815 476 1401 2372 27653 198 285 348 256 70932 3108 8187 5789 1608 1510 1771 476 3059 476 2048 363 27653
8160 579 264 7047 1817 421 11177 310 279 3286 321 6157 314 279 3766 32671 1970 25 271 16 13 220 2972 2014 53983 279 5952 64700 198 262 348 256 2972 6065 64700 9988 279 3766 32671 2450 47801 13 198 262 348 256 2972 57201 64700 198 285 348 256 79091 7193 11 10804 11 15796 11 321 1528 4203 13 198 285 348 256 62366 1330 2894 6607 4886 13 198 285 348 256 3780 930 10419 6813 364 1782 6607 4886 13 198 285 348 256 13365 7167 16954 318 2374 30800 11 1459 914 16525 7465 553 198 262 348 256 2972 2425 64700 357 41643 314 32671 1970 4613 264 709 1510 16815 76698 620 363 27653 271 17 13 220 2972 2014 53983 279 5927 12683 20920 64700 198 262 348 256 2972 4987 3855 64700 1510 16815 76698 620 63 198 262 348 256 2972 5423 3856 64700 1510 683 63 198 262 348 256 2972 30224 14 46693 64700 198 285 348 256 1510 1771 476 3059 63 318 1891 1510 917 7561 1510 13200 31789 198 285 348 256 1510 1771 476 2267 63 318 316 3330 1510 1757 14626 31789 198 285 348 256 1510 1771 476 4480 63 318 316 3330 1510 3926 7561 1510 4935 31789 471 348 13784 11 3221 14706 506 279 1970 4749 198 285 348 256 1510 3926 476 902 63 369 1429 11 694 1510 3926 63 369 494 1510 1771 476 4480 27653 198 285 348
8160 579 264 7047 1817 421 11177 310 279 3286 321 6157 25 271 16 13 220 2972 2014 53983 279 5952 64700 198 262 348 256 2972 2425 64700 357 41643 314 32671 1970 15394 52965 15328 6126 4779 6044 27718 34 7800 32133 7561 1510 2931 7561 1510 47 19936 9020 14626 7561 4831 34163 198 262 348 256 2972 24643 64700 198 285 220 16 13 220 79091 7193 11 10804 11 15796 11 321 1528 4203 13 198 285 220 17 13 220 62366 1330 2894 6607 4886 13 198 285 220 18 13 220 3780 930 10419 6813 364 1782 6607 4886 13 198 285 220 19 13 220 13365 7167 16954 539 26895 30800 318 1856 16525 286 7465 553 271 17 13 220 2972 2014 53983 279 5927 12683 20920 64700 271 262 348 256 2972 4987 1510 851 736 18 17 43143 332 198 285 348 256 5396 25 1510 79 25 594 34 7800 32133 61738 18 17 42181 318 32 5604 310 264 52965 15511 8222 2153 18 17 795 553 198 285 348 256 5411 220 16 25 1510 79 14525 973 19373 788 174952 1250 8 27653 1061 5686 1040 264 52965 4129 5488 13 1510 67 174952 63 4222 12965 364 328 6768 310 15628 3158 1049 10672 795 494 279 3545 318 48213 8 310 279 3357 318 30576 553 1049 4523 264 1510 9753 61738 18 17 29 27653 198 285 348 256 5411 220 17 25 1510 79 14525 973
8160 579 264 7047 1817 421 11177 310 279 3286 321 6157 25 271 16 13 220 2972 2014 53983 279 5952 64700 198 262 348 256 2972 6065 64700 9988 279 3766 32671 2450 47801 13 198 262 348 256 2972 57201 64700 198 285 348 256 79091 7193 11 10804 11 15796 11 321 1528 4203 13 198 285 348 256 62366 1330 2894 6607 4886 13 198 285 348 256 3780 930 10419 6813 364 1782 6607 4886 13 198 285 348 256 13365 7167 16954 539 26895 30800 318 2887 524 16525 7465 553 198 262 348 256 2972 2425 64700 357 41643 314 32671 1970 8222 1510 3524 82 7561 1510 813 1159 51215 7561 321 1510 43565 51215 63 5568 13 271 17 13 220 2972 2014 53983 279 5927 64700 271 262 348 256 2972 4987 1510 3524 82 43143 332 198 285 348 256 5396 25 1510 8038 25 594 6767 27064 17 20 21 7561 1510 3535 25 43112 69 18 17 60 27653 198 285 348 256 5411 25 26608 279 5010 440 279 2984 314 279 15511 318 299 1510 84 21 19 63 10824 5639 681 1179 5199 942 1472 1754 1510 69 18 17 7561 31637 424 310 9192 27718 951 19424 52434 681 31637 310 10824 5639 27718 951 11414 12164 52434 681 321 8570 279 5010 13 198 285 348 256 28097 25 10889 4603 264 15511 314 46303 1083 264 21050 12 17 20 21 5010 303 264 69892 1560
8160 579 264 7047 1817 421 11177 310 279 3286 321 6157 25 271 16 13 220 2972 2014 53983 279 5952 64700 198 262 348 256 2972 6065 64700 9988 279 3766 32671 2450 47801 13 198 262 348 256 2972 57201 64700 198 285 348 256 79091 7193 11 10804 11 15796 11 321 1528 4203 13 198 285 348 256 62366 1330 2894 6607 4886 13 198 285 348 256 3780 930 10419 6813 364 1782 6607 4886 13 198 285 348 256 13365 7167 16954 539 26895 30800 318 2887 524 16525 7465 553 198 262 348 256 2972 2425 64700 357 32671 1970 41643 8222 264 709 1510 805 3078 21186 625 363 7561 264 1968 1510 2139 3078 25953 7561 321 264 6907 7873 314 1510 2139 3078 25953 476 45697 33671 363 27653 271 17 13 220 2972 2014 53983 279 5927 12683 20920 64700 271 262 348 256 2972 4987 1510 805 3078 21186 625 363 43143 332 198 285 348 256 348 900 51595 1510 9299 5003 2423 1411 281 21 19 63 198 285 348 256 348 55157 65526 51595 37539 1510 1771 476 12624 476 12162 11648 63 364 15217 16947 13 198 285 348 256 348 25897 51595 42272 4424 3759 1510 30918 5434 5906 52043 1063 27653 1368 2945 321 2610 11 68434 424 430 1510 69 21 19 27653 1368 524 11 16184 310 1510 17 13 15 27653 198 285 348 256 348 71516 51595 5019 264 6343 11823 869 318
8160 579 264 7047 1817 421 11177 310 279 3286 321 6157 25 271 16 13 220 2972 2014 53983 279 5952 64700 198 262 348 256 2972 6065 64700 9988 264 3050 32671 2450 47801 13 198 262 348 256 2972 57201 64700 198 285 348 256 79091 7193 11 10804 11 15796 11 321 1528 4203 13 198 285 348 256 62366 1330 2894 6607 4886 13 198 285 348 256 3780 930 10419 6813 364 1782 6607 4886 13 198 285 348 256 13365 7167 16954 539 26895 30800 318 2887 524 16525 7465 553 198 262 348 256 2972 2425 64700 357 41643 314 32671 1970 8222 2250 5568 25 1510 8695 14933 17679 7561 1510 8695 14933 35196 7561 321 1510 8695 14933 13042 25857 27653 271 17 13 220 2972 2014 53983 279 5927 12683 20920 64700 271 262 348 256 2972 4987 220 16 25 1510 8695 14933 17679 363 1411 1744 63 332 198 285 348 256 348 25897 51595 24056 413 449 4424 3759 1510 30918 5434 1502 17272 19 50441 59946 50216 63 369 716 310 328 16 3158 198 285 348 256 348 55157 65526 51595 37539 1510 1771 476 3059 476 917 63 321 1510 447 8469 5945 63 383 264 1064 1510 95680 50216 28317 27653 198 285 348 256 348 5439 58532 51595 1510 95680 50216 28317 63 369 264 1510 12162 11648 16529 42181 466 4283 15217 16947 7374 318 13873 1510 1771 476 12624 476 12162 11648 16529 42181 553
8160 579 264 7047 1817 421 11177 310 279 3286 321 6157 25 271 16 13 220 2972 2014 53983 279 5952 64700 198 262 348 256 2972 2425 64700 357 41643 314 32671 1970 8222 1330 5568 25 1510 7310 3079 63 321 1510 92386 7073 21 19 27653 198 262 348 256 2972 6065 64700 198 285 220 16 13 220 79091 7193 11 10804 11 15796 11 321 1528 4203 13 198 285 220 17 13 220 62366 1330 2894 6607 4886 13 198 285 220 18 13 220 3780 930 10419 6813 364 1782 6607 4886 13 198 285 220 19 13 220 13365 7167 16954 539 26895 30800 318 2887 524 16525 7465 553 198 262 348 256 2972 17355 64700 3054 524 16525 7465 364 7167 16954 13 271 17 13 220 2972 2014 53983 279 5927 12683 20920 64700 271 262 348 256 2972 4987 220 16 25 1510 7310 3079 63 332 198 285 348 256 2972 24293 64700 1510 8556 9770 3079 21761 25 585 21 19 11 2002 25 594 485 11 4763 6701 25 21609 11 1752 25 594 1757 8 1411 6198 476 2009 87139 42181 198 285 348 256 2972 25897 64700 198 309 348 256 36363 449 1510 72 21 19 63 27718 1006 63 681 264 886 2306 27718 2482 63 681 449 4206 27718 3654 6701 63 681 321 264 999 1752 27718 2267 57208 198 309 348 256 80427 310 5335 1510 1006 63 310 1510 50132 63 1608
8160 579 264 7047 1817 421 11177 310 279 3286 25 271 16 13 220 2972 2014 53983 279 5952 64700 198 262 348 256 2972 6065 64700 9988 264 3050 32671 2450 47801 13 198 262 348 256 2972 57201 64700 198 285 348 256 79091 7193 11 10804 11 15796 11 321 1528 4203 13 198 285 348 256 62366 1330 2894 6607 4886 13 198 285 348 256 3780 930 10419 6813 364 1782 6607 4886 13 198 285 348 256 13365 7167 16954 539 26895 30800 318 2887 524 16525 7465 553 198 262 348 256 2972 2425 64700 357 32671 1970 41643 8222 264 709 1510 67 3378 19 70338 52434 321 279 6941 314 264 1968 1510 27289 9730 63299 730 63 440 1141 1510 2309 63 1654 13 271 17 13 220 2972 2014 53983 279 5927 64700 271 262 348 256 2972 4987 1510 67 3378 19 70338 363 43143 332 198 285 348 256 2972 900 64700 1510 9299 5003 293 3378 19 70338 363 1411 1737 28112 3378 19 63818 42181 198 285 348 256 2972 25897 64700 37539 1510 1771 476 12624 476 12162 11648 63 310 5790 16947 8311 1132 2957 13 198 285 348 256 2972 12358 12051 64700 42272 1510 30918 5434 1502 17272 19 82207 622 27653 198 285 348 256 2972 25897 21753 64700 198 309 348 256 1368 5915 737 369 7167 27718 2536 20545 31789 1411 5019 1510 11245 5263 3378 19 63818 476 9020 8 27653 198
8160 579 264 7047 1817 421 11177 310 279 3286 25 271 16 13 220 2972 2014 53983 279 5952 64700 198 262 348 256 2972 6065 64700 9988 264 3766 32671 2450 47801 13 198 262 348 256 2972 57201 64700 198 285 348 256 79091 7193 11 10804 11 15796 11 321 1528 4203 13 198 285 348 256 62366 1330 2894 6607 4886 13 198 285 348 256 3780 930 10419 6813 364 1782 6607 4886 13 198 285 348 256 13365 7167 16954 539 26895 30800 318 2887 524 16525 7465 553 198 262 348 256 2972 2425 64700 8771 1970 66320 13 198 285 348 256 12683 20920 220 16 25 1510 8556 2715 1267 6892 10269 1267 25 585 18 17 8 1411 6743 33682 21 19 42181 198 285 348 256 12683 20920 220 17 25 1510 9299 1968 31098 1948 552 63 321 1510 8556 24272 4748 66756 1390 470 3101 25 594 9020 814 1630 11 1092 25 594 485 8 1411 5536 66514 8003 89649 1407 476 815 476 1401 2372 63 271 17 13 220 2972 2014 53983 12683 20920 220 16 27718 80 1267 6892 63 188912 198 262 348 256 2972 71516 64700 40351 264 9966 1954 913 7308 27718 72 18 17 31789 1083 279 2424 1331 318 258 5639 8 5634 440 421 9966 1954 913 13 1049 4523 1510 3928 63 413 279 913 369 92814 13 198 262 348 256 2972 30895 64700 1510 80 1267 25 585 18
8160 579 264 7047 1817 421 11177 310 279 3286 321 6157 25 271 16 13 220 2972 2014 53983 279 5952 64700 198 262 348 256 2972 6065 64700 9988 264 3050 32671 2450 47801 13 198 262 348 256 2972 57201 64700 198 285 348 256 79091 7193 11 10804 11 15796 11 321 1528 4203 13 198 285 348 256 62366 1330 2894 6607 4886 13 198 285 348 256 3780 930 10419 6813 364 1782 6607 4886 13 198 285 348 256 13365 7167 16954 539 26895 30800 318 2887 524 16525 7465 553 198 262 348 256 2972 2425 64700 357 32671 1970 41643 8222 264 709 1510 40909 2551 63 321 279 6941 314 449 7873 2424 364 1510 20153 476 1043 27653 271 17 13 220 2972 2014 53983 279 5927 12683 20920 64700 271 262 348 256 2972 4987 220 16 25 1510 40909 2551 63 332 198 285 348 256 348 24293 51595 1510 9299 5003 14040 2551 30883 4193 25 594 485 11 2902 25 594 485 8 1411 894 63 198 285 348 256 348 25897 51595 76622 264 886 1608 1510 2171 85871 9082 4193 21773 18411 19130 14837 3778 871 27653 198 285 348 256 348 71516 51595 45637 279 999 1752 364 264 16547 14040 3018 383 264 6297 6025 321 264 2902 12448 13 198 285 348 256 348 30895 51595 1510 9082 4193 63 318 889 15511 681 1510 18411 63 318 889 15511 553 198 285 348 256 348
8160 579 264 7047 1817 421 11177 310 279 3286 321 6157 314 279 3766 32671 1970 25 271 16 13 220 2972 2014 53983 279 5952 64700 198 262 348 256 2972 6065 64700 9988 279 3766 32671 2450 47801 13 198 262 348 256 2972 57201 64700 198 285 348 256 79091 7193 11 10804 11 15796 11 321 1528 4203 13 198 285 348 256 62366 1330 2894 6607 4886 13 198 285 348 256 3780 930 10419 6813 364 1782 6607 4886 13 198 285 348 256 13365 7167 16954 539 26895 30800 318 2887 524 16525 7465 553 198 262 348 256 2972 2425 64700 357 41643 314 32671 1970 8222 1510 85870 7561 1510 33652 84 7561 1510 33735 17 67 63 1968 11 321 279 1151 314 279 1510 13048 63 1654 13 271 17 13 220 2972 2014 53983 279 5927 12683 20920 64700 198 262 348 256 2972 24407 64700 198 285 348 256 1510 85870 2007 25 281 18 17 8 1411 281 18 17 43143 11429 69273 62695 709 13 198 285 348 256 1510 33652 84 2007 25 281 18 17 8 1411 281 18 17 43143 326 50361 27345 7703 318 21321 22512 681 4364 430 393 87 1088 49142 1088 24122 2007 8 12576 198 262 348 256 2972 9143 64700 198 285 348 256 1510 33735 17 67 43143 37606 264 220 17 35 53843 6000 13 198 285 348 256 23804 25 1510 2911 18708 7561 1510 1307 18708 7561
8160 579 264 7047 1817 421 11177 310 279 11488 3286 25 271 16 13 220 2972 2014 53983 279 5952 64700 198 262 348 256 2972 6065 64700 9988 264 3050 32671 2450 47801 13 198 262 348 256 2972 57201 64700 198 285 348 256 79091 7193 11 10804 11 15796 11 321 1528 4203 13 198 285 348 256 62366 1330 2894 6607 4886 13 198 285 348 256 3780 930 10419 6813 364 1782 6607 4886 13 198 285 348 256 13365 7167 16954 539 26895 30800 318 2887 524 16525 7465 553 198 262 348 256 2972 2425 64700 357 41643 314 32671 1970 8222 2250 5568 27718 6847 2135 31589 22464 7561 1510 6847 29474 25257 7561 1510 6847 2135 31589 73234 55114 63 471 3384 279 1483 799 369 31084 553 271 17 13 220 2972 2014 53983 279 5927 12683 20920 64700 271 262 348 256 2972 4987 220 16 25 1510 6847 2135 31589 22464 63 332 198 285 348 256 348 30895 51595 1510 591 63 318 889 681 1510 2646 63 318 15812 310 1510 608 1670 63 494 1510 10223 926 1824 70 1644 476 218940 294 25681 63 681 1510 7095 13525 63 318 24173 314 1510 84 21 19 57208 198 285 348 256 348 25897 51595 198 309 220 16 13 220 10004 1510 785 63 318 3946 314 5255 9868 494 1510 2646 27653 198 309 220 17 13 220 24056 1510 2646 44231 63 2272 328 19278 16 21
8160 579 264 7047 1817 421 11177 310 279 3286 321 6157 25 271 16 13 220 2972 2014 53983 279 5952 64700 198 262 348 256 2972 6065 64700 9988 279 3766 32671 2450 47801 13 198 262 348 256 2972 57201 64700 198 285 348 256 79091 7193 11 10804 11 15796 11 321 1528 4203 13 198 285 348 256 62366 1330 2894 6607 4886 13 198 285 348 256 3780 930 10419 6813 364 1782 6607 4886 13 198 285 348 256 13365 7167 16954 539 26895 30800 318 2887 524 16525 7465 553 198 262 348 256 2972 2425 64700 357 41643 314 32671 1970 15394 1510 9253 22838 4322 7561 1510 9253 22838 8016 7561 1510 6199 8016 7561 321 1510 9253 22838 8016 5495 27653 271 17 13 220 2972 2014 53983 279 5927 64700 198 262 348 256 1510 9253 22838 4322 363 43143 5019 264 1510 2554 27653 1049 11988 413 1510 9253 22838 8016 52434 369 1510 9628 220 16 27653 198 262 348 256 1510 9253 22838 8016 363 43143 5019 264 1510 84 23 27653 1049 5533 1510 12162 11648 63 310 5790 16947 8311 1132 2957 13 1049 15339 4424 7101 1510 30918 5434 35232 23477 63 321 1510 30918 5434 2559 10673 20 35232 23477 27653 1049 6526 1510 9253 22838 8016 5495 27653 198 262 348 256 1510 6199 8016 3620 8 43143 36363 449 1510 5173 50490 485 29 27653 5019 1510 8114 7 16 44646 413 328 16 487
8160 579 264 7047 1817 421 11177 310 279 3286 25 271 16 13 220 2972 2014 53983 279 5952 64700 198 262 348 256 2972 6065 64700 9988 264 3050 32671 2450 47801 13 198 262 348 256 2972 57201 64700 198 285 348 256 79091 7193 11 10804 11 15796 11 321 1528 4203 13 198 285 348 256 62366 1330 2894 6607 4886 13 198 285 348 256 3780 930 10419 6813 364 1782 6607 4886 13 198 285 348 256 13365 7167 16954 539 26895 30800 318 2887 524 16525 7465 553 198 262 348 256 2972 2425 64700 357 41643 314 32671 1970 8222 1510 85870 7561 1510 43 24067 8915 7561 1510 62557 9037 5115 7561 321 279 6941 314 1510 51748 269 1349 27653 271 17 13 220 2972 2014 53983 279 5927 12683 20920 64700 198 262 348 256 1510 8556 62695 2007 25 281 18 17 8 1411 281 18 17 43143 11429 69273 62695 709 13 198 262 348 256 1510 1193 436 24067 8915 43143 29804 13914 27718 30851 63 681 47438 27718 9753 61738 18 17 42181 553 17155 10033 3069 47438 513 8387 318 66793 286 23967 553 198 262 348 256 1510 9299 1968 13140 9037 5115 43143 37606 264 16350 42903 3669 13 63757 1510 51748 269 1349 7561 1510 4119 63 3817 11 321 1510 45161 63 5016 13 11114 264 1654 1510 4119 6256 363 27653 198 262 348 256 1510 9299 1968 58381 1349 43143 63757 82519 2691
8160 579 264 7047 1817 421 11177 310 279 3286 321 6157 25 271 16 13 220 2972 2014 53983 279 5952 64700 198 262 348 256 2972 6065 64700 9988 264 3050 32671 2450 47801 13 198 262 348 256 2972 57201 64700 198 285 348 256 79091 7193 11 10804 11 15796 11 321 1528 4203 13 198 285 348 256 62366 1330 2894 6607 4886 13 198 285 348 256 3780 930 10419 6813 364 1782 6607 4886 13 198 285 348 256 13365 7167 16954 539 26895 30800 318 2887 524 16525 7465 553 198 262 348 256 2972 2425 64700 8771 32671 709 66320 27718 20113 4322 15622 12309 63 321 1510 20113 605 851 4322 55120 12309 57208 271 17 13 220 2972 2014 53983 279 5927 12683 20920 64700 271 262 348 256 2972 4987 220 16 25 1510 20113 4322 15622 12309 63 332 198 285 348 256 2972 24293 64700 1510 8556 6228 4322 15622 12309 1958 25 594 4422 11 3357 12164 25 43112 84 23 1089 9167 25 594 6767 351 7800 32133 33682 23 8958 1411 5536 29207 1242 19754 7800 1501 7813 318 1555 89649 1407 476 815 476 1401 7813 1744 15546 63 198 285 348 256 2972 25897 64700 198 309 220 16 13 220 20906 449 1484 27718 62065 31789 383 279 4560 579 12204 4129 13 198 309 220 17 13 220 27584 1159 364 1510 62065 63 310 4434 383 279 2880 4129 13 198 309 220 18
8160 579 264 7047 1817 421 11177 310 279 3286 25 271 16 13 220 2972 2014 53983 279 5952 64700 198 262 348 256 2972 2425 64700 357 41643 314 32671 1970 27718 44577 25716 63 709 553 198 262 348 256 2972 6065 64700 79091 7193 11 10804 11 15796 11 1528 4203 13 62366 1330 2894 6607 4886 13 3780 930 10419 6813 13 198 262 348 256 2972 17355 64700 1368 14170 16954 513 7167 11 1528 30800 4370 314 16525 286 7465 13 271 17 13 220 2972 2014 53983 279 5927 12683 20920 64700 198 262 348 256 2972 4987 31169 64700 1510 8556 13280 25716 363 1411 5536 69350 19860 11 9392 44587 1401 42181 198 262 348 256 2972 25897 64700 198 285 348 256 14261 264 1510 24201 19860 63 1968 27718 19401 31789 440 3050 2663 318 49 4671 7230 11 30183 11 9284 4528 5000 553 198 285 348 256 14261 264 1510 1026 3231 58901 63 1968 27718 408 3231 31789 440 3050 2663 318 71432 52910 11 22327 11 30183 11 24869 11 17638 553 198 285 348 256 5019 1510 11245 25597 19860 313 2423 6212 27653 198 285 348 256 26482 1510 1652 19860 7561 424 7062 5090 4881 25 1510 85186 7561 1510 29554 473 50642 7561 1510 13259 697 37722 7561 1510 1077 7561 1510 6066 2291 7561 1510 83849 2291 7561 1510 2078 4956 7561 1510 91342 16236 27653 198 285 348 256 72451 32365 11 424 7062
8160 579 264 7047 1817 421 11177 310 279 3286 321 6157 314 279 3766 32671 1970 25 271 16 13 220 2972 2014 53983 279 5952 64700 198 262 348 256 2972 6065 64700 9988 279 3766 32671 2450 47801 13 198 262 348 256 2972 57201 64700 198 285 348 256 79091 7193 11 10804 11 15796 11 321 1528 4203 13 198 285 348 256 62366 1330 2894 6607 4886 13 198 285 348 256 3780 930 10419 6813 364 1782 6607 4886 13 198 285 348 256 13365 7167 16954 539 26895 30800 318 2887 524 16525 7465 553 198 262 348 256 2972 2425 64700 357 32671 709 1510 64483 52434 13064 1510 5173 50490 6 1911 63979 18288 741 2372 27653 271 17 13 220 2972 2014 53983 279 5927 64700 198 262 348 256 2972 4987 31169 64700 1510 8556 18725 363 1411 6743 50490 6 1911 63979 18288 741 2372 63 198 262 348 256 2972 11311 3130 64700 1049 74992 1510 50 11302 63 318 316 3330 3521 35430 8 321 1510 29371 63 318 316 3330 6570 553 198 262 348 256 2972 25897 64700 198 285 220 16 13 220 1510 50 11302 652 8469 5945 45943 43143 1061 369 264 15217 16947 5215 364 264 1064 3521 3759 13 1049 24546 1510 50 11302 63 369 3354 2957 13 198 285 220 17 13 220 26482 1510 447 8469 5945 43143 198 309 348 256 1510 1771 476 3059 476 917 28427 7 29371
8160 579 264 7047 1817 421 11177 310 279 11488 3286 25 271 16 13 220 2972 2014 53983 279 5952 64700 198 262 348 256 2972 2425 64700 357 32671 2450 47801 8222 2250 5568 27718 832 2721 7561 1510 3369 17 7561 321 264 3847 2424 21988 264 328 40912 653 19 21 34271 1764 198 262 348 256 2972 24643 64700 198 285 220 16 13 220 79091 7193 11 10804 11 15796 11 321 1528 4203 13 198 285 220 17 13 220 62366 1330 2894 6607 4886 13 198 285 220 18 13 220 3780 930 10419 6813 364 1782 6607 4886 13 198 285 220 19 13 220 3130 30800 413 14170 16954 513 7167 318 2887 524 16525 7465 553 198 262 348 256 2972 17355 64700 3054 524 16525 7465 364 7167 16954 13 271 17 13 220 2972 2014 53983 279 5927 64700 271 262 348 256 2972 4987 1510 832 2721 43143 332 198 285 348 256 348 2425 51595 1510 813 1159 25 43112 69 18 17 60 63 318 24173 314 220 18 17 14813 46303 553 198 285 348 256 348 4935 51595 1510 50132 63 318 1209 314 279 6966 869 553 198 285 348 256 348 25897 51595 13310 942 1472 279 15511 11 9976 3627 314 279 1857 27718 15395 31789 321 869 27718 53082 31789 314 279 1428 6966 13 198 285 348 256 348 1349 27227 51595 1510 15395 63 321 1510 53082 63 513 5860 1132 948
8160 579 264 7047 1817 421 11177 310 279 3286 321 6157 314 279 3766 32671 2450 47801 25 271 16 13 220 2972 2014 53983 279 5952 64700 198 262 348 256 2972 6065 64700 9988 279 3766 32671 2450 47801 13 198 262 348 256 2972 57201 64700 198 285 348 256 79091 7193 11 10804 11 15796 11 321 1528 4203 13 198 285 348 256 62366 1330 2894 6607 4886 13 198 285 348 256 3780 930 10419 6813 364 1782 6607 4886 13 198 285 348 256 13365 7167 16954 539 26895 30800 318 2887 524 16525 7465 553 198 262 348 256 2972 2425 64700 357 32671 709 1510 44577 25716 63 321 279 6941 314 264 1510 12966 13669 8359 7025 63 4536 13 271 17 13 220 2972 2014 53983 279 5927 64700 198 262 348 256 2972 4987 64700 1510 44577 25716 363 1411 5536 69350 19860 11 9392 44587 1401 42181 198 262 348 256 2972 25897 64700 198 285 220 16 13 220 38795 1510 39 69 2561 476 6199 63 440 264 89759 4566 886 13 198 285 220 17 13 220 9675 287 279 12571 1510 39 69 2561 63 310 1510 1652 2561 476 1445 1469 69 27653 198 285 220 18 13 220 9675 287 279 12571 1510 1652 2561 63 310 1510 44577 25716 63 318 13784 11 3221 14706 506 279 11618 553 198 285 348 256 348 81639 51595 561 709 11618 369 1510 8556 13280 25716 363
8160 579 264 7047 1817 421 11177 310 279 11488 3286 25 271 16 13 220 2972 2014 53983 279 5952 64700 198 262 348 256 2972 2425 64700 357 32671 2450 47801 8222 264 709 1510 15992 39330 63 321 264 1968 1510 38 5409 63 440 1010 5853 13 198 262 348 256 2972 24643 64700 198 285 220 16 13 220 79091 7193 11 10804 11 15796 11 321 1528 4203 13 198 285 220 17 13 220 62366 1330 2894 6607 4886 13 198 285 220 18 13 220 3780 930 10419 6813 364 1782 6607 4886 13 198 285 220 19 13 220 3130 30800 413 14170 16954 513 7167 318 2887 524 16525 7465 553 198 262 348 256 2972 17355 64700 3054 524 16525 7465 364 7167 16954 13 271 17 13 220 2972 2014 53983 279 5927 64700 271 262 348 256 2972 4987 1510 15992 39330 43143 332 198 285 348 256 2972 24293 64700 1510 9299 5003 16809 39330 2007 25 43112 69 18 17 1089 288 25 43112 69 18 17 1089 295 25 21609 11 303 736 25 21609 11 680 736 25 21609 8 1411 10985 61738 18 17 42181 198 285 348 256 2972 25897 64700 198 309 348 256 5151 82 1879 14890 2353 3481 20182 27718 87 63 369 1510 76 830 303 736 7561 1510 86 63 369 1510 403 736 830 303 736 57208 198 309 348 256 45124 942 2468 4471 1510 88 63 314 1331 1510
8160 579 264 7047 1817 421 11177 310 279 3286 25 271 16 13 220 2972 2014 53983 279 5952 64700 198 262 348 256 2972 2425 64700 357 41643 314 32671 1970 13 198 262 348 256 2972 24643 64700 198 285 220 16 13 220 79091 7193 11 10804 11 15796 11 321 1528 4203 13 198 285 220 17 13 220 62366 1330 2894 6607 4886 13 198 285 220 18 13 220 3780 930 10419 6813 364 1782 6607 4886 13 198 285 220 19 13 220 13365 7167 16954 318 2374 30800 11 1459 914 16525 7465 553 198 262 348 256 2972 17355 64700 20500 47733 1118 13 271 17 13 220 2972 2014 53983 279 5927 12683 20920 64700 198 262 348 256 2972 4987 1510 2085 43143 332 198 285 348 256 5396 25 1510 5 34 7800 2931 27653 198 285 348 256 8984 25 1510 9 6767 272 36526 27653 198 285 348 256 34906 25 38795 1510 3892 508 84 12309 52434 321 54150 310 1510 9 6767 272 36526 27653 198 285 348 256 9321 25 90410 52965 90881 2803 13 1510 34 7800 2931 63 369 264 12876 2094 264 52965 4129 3579 13 198 262 348 256 2972 18955 3508 1510 9504 69 63 321 1510 67 5022 43143 332 198 285 348 256 1510 9504 69 43143 36363 264 15511 321 264 4129 13 5019 1510 9 989 281 18 17 27653 38795 1510 5920 4207 679 3892 8 27653 198
8160 579 264 7047 1817 421 11177 310 279 11488 3286 25 271 16 13 220 2972 2014 53983 279 5952 64700 198 262 348 256 2972 6065 64700 9988 279 3766 32671 2450 47801 13 198 262 348 256 2972 57201 64700 198 285 348 256 79091 7193 11 10804 11 15796 11 321 1528 4203 13 198 285 348 256 62366 1330 2894 6607 4886 13 198 285 348 256 3780 930 10419 6813 364 1782 6607 4886 13 198 285 348 256 13365 7167 16954 318 2374 30800 11 1459 914 16525 7465 553 198 262 348 256 2972 2425 64700 357 32671 1970 41643 8222 1330 5568 27718 16815 12119 5208 15411 7561 1510 724 5208 15411 31789 321 799 1968 27718 21676 2155 57208 271 17 13 220 2972 2014 53983 279 5927 64700 271 262 348 256 2972 4987 220 16 25 1510 16815 12119 5208 15411 63 332 198 285 348 256 2972 24293 64700 1510 9299 5003 8563 12119 5208 15411 3163 17901 25 6743 3353 7813 16826 20 34755 25 6743 3353 8958 1411 5536 90899 27 2031 6 1911 592 11 894 8 7813 894 42181 198 285 348 256 2972 25897 64700 198 309 348 256 36363 1330 1510 5173 3353 42181 5789 13 198 309 348 256 59187 383 26569 314 1510 8114 63 321 1510 3928 27653 198 309 348 256 2972 4068 220 16 64700 11396 1510 8114 7561 694 2663 1684 27718 70 931 264 57208 5019 1510 7501 63 440
8160 579 264 7047 1817 421 11177 310 279 3286 321 6157 25 271 16 13 220 2972 2014 53983 279 5952 64700 198 262 348 256 2972 6065 64700 9988 264 3050 32671 2450 47801 13 198 262 348 256 2972 57201 64700 198 285 348 256 79091 7193 11 10804 11 15796 11 321 1528 4203 13 198 285 348 256 62366 1330 2894 6607 4886 13 198 285 348 256 3780 930 10419 6813 364 1782 6607 4886 13 198 285 348 256 13365 7167 16954 539 26895 30800 318 2887 524 16525 7465 553 198 262 348 256 2972 2425 64700 14095 709 66320 27718 587 58036 18708 7561 1510 67 899 30561 68565 6536 7561 321 264 3847 2424 553 271 17 13 220 2972 2014 53983 279 5927 12683 41452 64700 271 262 348 256 2972 84824 220 16 25 1510 587 58036 18708 63 332 198 285 348 256 348 24293 51595 1510 8556 11484 58036 18708 1818 770 5262 25 21609 8 1411 318 9753 90899 20942 79 49940 2575 9263 78556 10985 90899 20942 79 49940 94197 2372 44646 198 285 348 256 348 25897 51595 198 309 348 256 14261 1330 22166 27718 403 9263 7561 1510 76932 31789 440 8390 1510 10573 5262 27653 198 309 348 256 6282 3595 1510 15 486 10573 5262 27653 198 309 348 256 26482 6136 25 14261 1330 1510 1261 2311 63 11407 27718 23429 17274 7561 1510 23429 23566 7561 1510 463 17274 7561 1510 463 23566
8160 579 264 7047 1817 421 11177 310 279 3286 321 6157 314 279 3766 32671 1970 25 271 16 13 220 2972 2014 53983 279 5952 64700 198 262 348 256 2972 6065 64700 9988 279 3766 32671 2450 47801 13 198 262 348 256 2972 57201 64700 198 285 348 256 79091 7193 11 10804 11 15796 11 321 1528 4203 13 198 285 348 256 62366 1330 2894 6607 4886 13 198 285 348 256 3780 930 10419 6813 364 1782 6607 4886 13 198 285 348 256 13365 7167 16954 539 26895 30800 318 2887 524 16525 7465 553 198 262 348 256 2972 2425 64700 357 41643 314 32671 1970 8222 1330 5568 25 1510 9974 33893 8428 13385 63 321 1510 9974 33893 8428 2801 27653 271 17 13 220 2972 2014 53983 279 5927 64700 271 262 348 256 2972 4987 220 16 25 1510 9974 33893 8428 13385 63 332 198 285 348 256 2972 24293 64700 1510 9299 5003 3668 33893 8428 13385 28985 25 6743 50490 485 7813 6397 25 43112 2031 485 11 594 485 24242 884 62024 59348 25 1744 11 293 3378 19 36369 25 6743 28112 3378 19 14266 8958 1411 5536 3353 11 894 42181 198 285 348 256 2972 25897 64700 198 309 348 256 24056 413 1510 67 3378 19 36369 63 369 1510 8114 63 3449 1510 4075 63 369 1510 8114 63 3449 1510 4075 6677 788 3378 19 63 4523 804 13 198 309 348 256
8160 579 264 7047 1817 421 11177 310 279 3286 321 6157 314 279 3766 32671 1970 25 271 16 13 220 2972 2014 53983 279 5952 64700 198 262 348 256 2972 6065 64700 9988 279 3766 32671 2450 47801 13 198 262 348 256 2972 57201 64700 198 285 348 256 79091 7193 11 10804 11 15796 11 321 1528 4203 13 198 285 348 256 62366 1330 2894 6607 4886 13 198 285 348 256 3780 930 10419 6813 364 1782 6607 4886 13 198 285 348 256 13365 7167 16954 539 26895 30800 318 2887 524 16525 7465 553 198 262 348 256 2972 2425 64700 357 41643 314 32671 1970 25471 264 709 1510 44572 49763 27653 271 17 13 220 2972 2014 53983 279 5927 12683 20920 64700 198 262 348 256 2972 4987 31169 64700 1510 9299 5003 15167 49763 83830 25 423 77 398 20153 8 1411 10985 22645 77 398 24531 73211 42181 198 262 348 256 2972 30895 64700 1510 14837 25 423 77 398 20153 27653 1061 23197 264 1968 8222 5090 6343 4868 318 2998 82 11 27588 11 14208 11 4831 34163 198 262 348 256 2972 59365 64700 1510 9753 22645 77 398 24531 73211 29 27653 1061 369 264 4471 314 15167 8242 318 591 321 5893 553 198 262 348 256 2972 25897 64700 198 285 348 256 22116 82 5090 1510 84 21 19 63 2663 494 1510 14837 63 318 2998 11 281 8556 11 11407 11 1901
8160 579 264 7047 1817 421 11177 310 279 3286 25 271 16 13 220 2972 2014 53983 279 5952 64700 198 262 348 256 2972 2425 64700 357 41643 314 32671 1970 15394 52965 22327 11 4779 25343 11 1412 11256 11 321 1484 6044 13 198 262 348 256 2972 24643 64700 198 285 220 16 13 220 79091 7193 11 10804 11 15796 11 321 1528 4203 13 198 285 220 17 13 220 62366 1330 2894 6607 4886 13 198 285 220 18 13 220 3780 930 10419 6813 364 1782 6607 4886 13 198 285 220 19 13 220 13365 7167 16954 539 26895 30800 318 2887 524 16525 7465 553 198 262 348 256 2972 17355 64700 3054 524 16525 7465 364 7167 16954 13 271 17 13 220 2972 2014 53983 279 5927 12683 20920 64700 271 262 348 256 2972 4987 1510 92975 43143 332 198 285 348 256 348 2425 51595 1510 3892 63 318 35590 19754 7800 2931 29 681 1510 77 63 318 50132 553 198 285 348 256 348 2432 51595 14261 264 4471 314 1510 69 18 17 63 2663 16761 440 1510 40569 8378 63 318 64 10642 1324 553 1049 5399 942 1510 77 478 220 17 348 43763 7142 63 5255 13 1049 64313 411 310 279 21966 4417 1510 5928 736 18 17 27653 198 285 348 256 348 4935 51595 1510 1026 19754 7800 32133 61738 18 17 2372 63 318 2009 913 11 4222 39834 264 52965
8160 579 264 7047 1817 421 11177 310 279 3286 321 6157 25 271 16 13 220 2972 15771 2598 279 38622 64700 561 1156 6587 264 3286 314 264 3050 32671 1970 47801 13 353 1144 310 10033 1141 7193 11 10804 11 15796 11 321 1528 4203 13 353 1048 1144 310 10229 1330 2894 6607 4886 321 28647 10419 6813 13 16864 11 353 1144 310 3579 7167 16954 539 26895 30800 4598 1056 16525 286 7465 13 271 17 13 220 2972 2014 53983 279 5927 64700 271 262 348 256 2972 4987 220 16 25 1510 2078 11198 12164 63 332 198 285 348 256 2972 30895 64700 1510 9363 5500 6256 63 318 84 21 19 681 1510 12277 12164 5500 6256 63 318 84 21 19 681 1510 12277 10630 63 318 84 21 19 681 1510 3645 15907 63 318 84 21 19 553 198 285 348 256 2972 25897 64700 198 309 220 16 13 220 5151 82 1510 12277 12164 5500 6256 2564 5639 5500 6256 27653 198 309 220 17 13 220 5151 82 1510 12277 10630 835 220 15 63 2639 1510 12277 12164 5500 6256 606 220 15 27653 198 309 220 18 13 220 57833 1510 25393 283 5639 5500 6256 471 9761 12164 5500 6256 63 318 82 2541 1060 553 198 309 220 19 13 220 57833 1510 4873 283 9766 348 5458 15907 478 9761 12164 5500 6256 348 1262 7267 15907 11 9761 10630 44646 318 82 2541
8160 579 264 7047 1817 421 11177 310 279 3286 321 6157 25 271 16 13 220 2972 2014 53983 279 5952 64700 198 262 348 256 2972 6065 64700 9988 279 3766 32671 2450 47801 13 198 262 348 256 2972 57201 64700 198 285 348 256 79091 7193 11 10804 11 15796 11 321 1528 4203 13 198 285 348 256 62366 1330 2894 6607 4886 13 198 285 348 256 3780 930 10419 6813 364 1782 6607 4886 13 198 285 348 256 13365 7167 16954 539 26895 30800 318 2887 524 16525 7465 553 198 262 348 256 2972 2425 64700 357 41643 314 32671 1970 8222 1330 5568 27718 1681 1824 84 49878 7561 1510 8452 75303 14531 31789 321 2943 1064 37693 5568 27718 723 85544 18827 5305 52954 7561 1510 70735 18827 17679 7561 1510 8695 18827 17679 7561 1510 723 27197 18827 5305 52954 57208 271 17 13 220 2972 2014 53983 279 5927 64700 271 262 348 256 2972 63 1681 1824 84 49878 63 92217 198 285 348 256 348 30895 51595 1510 92288 1824 84 25 1744 7561 1510 76 16 25 1744 7561 1510 35778 17 25 1744 27653 198 285 348 256 348 25897 51595 1368 1510 92288 1824 84 63 369 867 11 4523 1510 3928 27653 17673 11 4523 1510 8114 63 3018 383 279 10286 314 1510 76 16 63 321 1510 35778 17 27653 198 285 348 256 348 4935 51595 1510 5173 27 16288 31010 10314 29 27653
8160 579 264 7047 1817 421 11177 310 279 3286 321 6157 314 279 3766 32671 1970 25 271 16 13 220 2972 2014 53983 279 5952 64700 198 262 348 256 2972 6065 64700 9988 279 3766 32671 2450 47801 13 198 262 348 256 2972 57201 64700 198 285 348 256 79091 7193 11 10804 11 15796 11 321 1528 4203 13 198 285 348 256 62366 1330 2894 6607 4886 13 198 285 348 256 3780 930 10419 6813 364 1782 6607 4886 13 198 285 348 256 13365 7167 16954 539 26895 30800 318 2887 524 16525 7465 553 198 262 348 256 2972 2425 64700 357 32671 1970 41643 8222 2250 5568 27718 587 33030 23 17679 7561 1510 267 2135 19 76 18 17679 7561 321 264 6907 3847 2424 364 279 4688 709 864 4816 310 381 3799 974 466 1066 264 3847 553 271 17 13 220 2972 2014 53983 279 5927 64700 271 262 348 256 2972 4987 220 16 25 1510 587 33030 23 17679 52434 332 198 285 348 256 2972 25897 64700 37539 1510 1771 476 12624 476 12162 11648 63 310 5790 16947 8311 1132 2957 13 198 285 348 256 2972 59843 64700 42272 4424 3759 1510 30918 5434 41832 68572 23 27653 198 285 348 256 2972 10234 64700 1368 279 3759 369 2945 321 16327 328 16 487 4523 1510 1802 27653 17673 11 4523 1510 3721 27653 198 285 348 256 2972 71516 64700 50938 413 264 3050 4416
8160 579 264 7047 1817 421 11177 310 279 3286 25 271 16 13 220 2972 2014 53983 279 5952 64700 198 262 348 256 2972 6065 64700 9988 279 3766 32671 2450 47801 13 198 262 348 256 2972 57201 64700 198 285 348 256 79091 7193 11 10804 11 15796 11 321 1528 4203 13 198 285 348 256 62366 1330 2894 6607 4886 13 198 285 348 256 3780 930 10419 6813 364 1782 6607 4886 13 198 285 348 256 13365 7167 16954 539 26895 30800 318 2887 524 16525 7465 553 198 262 348 256 2972 2425 64700 357 41643 314 32671 1970 8222 1330 5568 25 1510 5308 2683 24300 52434 321 1510 5917 363 27653 271 17 13 220 2972 2014 53983 279 5927 64700 271 262 348 256 2972 4987 220 16 25 1510 5308 2683 24300 52434 332 198 285 348 256 348 11104 51595 1510 9299 54157 44646 318 860 2785 279 2594 4536 553 198 285 348 256 348 30895 51595 11253 7101 1510 30918 5434 1502 17272 19 2123 17794 892 1745 9848 63 321 1510 30918 5434 1502 17272 19 1502 6166 4805 6609 1102 5778 27653 198 285 348 256 348 25897 51595 198 309 348 256 42272 5915 19335 13 198 309 348 256 5151 82 264 20908 25 20348 2107 513 17462 27718 3928 31789 2639 2107 513 20335 716 310 51515 15 1 27653 198 309 348 256 14261 264 1510 10374 63 1968 13 198 309 348 256
8160 579 264 7047 1817 421 11177 310 279 3286 25 271 16 13 220 2972 2014 53983 279 5952 64700 198 262 348 256 2972 6065 64700 9988 279 3766 32671 2450 47801 13 198 262 348 256 2972 57201 64700 198 285 348 256 79091 7193 11 10804 11 15796 11 321 1528 4203 13 198 285 348 256 62366 1330 2894 6607 4886 13 198 285 348 256 3780 930 10419 6813 364 1782 6607 4886 13 198 285 348 256 13365 7167 16954 539 26895 30800 318 2887 524 16525 7465 553 198 262 348 256 2972 2425 64700 357 41643 314 32671 1970 15394 1510 6199 13808 517 697 2117 9731 1706 7561 1510 71376 697 2117 9731 1706 7561 321 1510 9974 13808 517 697 2117 9731 1706 27653 271 17 13 220 2972 2014 53983 279 5927 64700 271 262 348 256 2972 4987 220 16 25 1510 6199 13808 517 697 2117 9731 1706 63 332 198 285 348 256 348 2425 51595 1510 5173 50490 485 42181 27718 927 57208 198 285 348 256 348 25897 51595 1188 18155 2538 1510 3928 63 310 51515 11134 1 27653 59187 2272 51515 11134 38593 466 51515 7994 1 27653 5019 1510 7501 63 5752 13 198 285 348 256 348 4935 51595 1510 2009 27 71764 44 2117 76238 11 29152 1911 592 29 27653 198 285 348 256 348 1349 51595 2233 1528 4203 318 49991 709 553 271 262 348 256 2972 4987 220 17 25
8160 579 264 7047 1817 421 11177 310 279 3286 321 6157 25 271 16 13 220 2972 2014 53983 279 5952 64700 198 262 348 256 2972 2425 64700 357 41643 314 32671 1970 8222 2250 5568 27718 10083 27600 7561 1510 44577 25716 7561 1510 35716 10535 19 22464 24566 57208 198 262 348 256 2972 24643 64700 198 285 220 16 13 220 79091 7193 11 10804 11 15796 11 321 1528 4203 13 198 285 220 17 13 220 62366 1330 2894 6607 4886 13 198 285 220 18 13 220 3780 930 10419 6813 364 1782 6607 4886 13 198 285 220 19 13 220 3130 30800 413 14170 16954 513 7167 13 198 262 348 256 2972 17355 64700 3054 524 16525 7465 26 1528 30800 413 16954 513 7167 13 271 17 13 220 2972 2014 53983 279 5927 12683 20920 64700 271 262 348 256 2972 4987 220 16 25 1510 10083 27600 63 332 198 285 348 256 348 24293 51595 1510 8556 3019 27600 8489 25 594 1652 2561 8 1411 5536 69350 19860 11 9392 44587 1401 42181 198 285 348 256 348 25897 51595 198 309 220 16 13 220 38795 1510 75275 25716 8489 8 27653 198 309 220 17 13 220 5473 9319 279 5743 1510 10083 63 539 6047 1510 93615 40885 27653 198 309 220 18 13 220 5019 1510 11245 72185 8 27653 198 285 348 256 348 46693 51595 1510 1652 2561 7561 1510 1652 19860 7561 1510
8160 579 264 7047 1817 421 11177 310 279 3286 321 6157 25 271 16 13 220 2972 2014 53983 279 5952 64700 198 262 348 256 2972 2425 64700 357 41643 314 32671 1970 8222 1330 569 5568 27718 1266 26483 7714 1186 63 321 1510 1266 26483 7714 1186 6406 22355 82 31789 321 264 1228 4536 17466 13 198 262 348 256 2972 24643 64700 198 285 220 16 13 220 79091 7193 11 10804 11 15796 11 321 1528 4203 13 198 285 220 17 13 220 62366 1330 2894 6607 4886 13 198 285 220 18 13 220 3780 930 10419 6813 364 1782 6607 4886 13 198 285 220 19 13 220 13365 7167 16954 539 26895 30800 318 2887 524 16525 7465 553 271 17 13 220 2972 2014 53983 279 5927 64700 198 262 348 256 2972 4987 220 16 25 1510 1266 26483 7714 1186 63 332 198 285 348 256 2972 30895 64700 1510 10083 25 594 1582 26483 19860 7561 1510 18702 1620 3035 25 594 16573 1620 3035 7561 1510 3256 25 43112 84 18 17 60 27653 198 285 348 256 2972 25897 64700 198 309 348 256 22116 82 1510 17655 63 494 1510 10083 27653 198 309 348 256 43509 1510 3256 43143 13205 27437 1332 1510 306 361 16401 21812 22613 63 3449 1510 306 931 16401 1673 428 6256 27653 198 309 348 256 19888 82 17748 27437 1083 1510 9753 33682 18 17 29 27653 198 309 348
8160 579 264 7047 1817 421 11177 310 279 3286 321 6157 314 279 3766 32671 2450 47801 25 271 16 13 220 2972 2014 53983 279 5952 64700 198 262 348 256 2972 6065 64700 9988 279 3766 32671 2450 47801 13 198 262 348 256 2972 57201 64700 198 285 348 256 79091 7193 11 10804 11 15796 11 321 1528 4203 13 198 285 348 256 62366 1330 2894 6607 4886 13 198 285 348 256 3780 930 10419 6813 364 1782 6607 4886 13 198 285 348 256 13365 7167 16954 539 26895 30800 318 2887 524 16525 7465 553 198 262 348 256 2972 2425 64700 357 41643 314 32671 1970 8222 2943 5568 27718 2374 7561 1510 16417 7561 1510 68 1361 11607 7561 1510 44975 31789 321 264 6907 1510 2138 10398 0 63 2424 4613 1510 44975 27653 271 17 13 220 2972 2014 53983 279 5927 12683 20920 64700 271 262 348 256 2972 4987 1510 2374 43143 332 198 285 348 256 348 24293 51595 1510 8556 1528 3163 5409 25 594 35 3378 19 38 5409 8 1411 48507 1349 63 198 285 348 256 348 25897 51595 38795 1510 41179 75544 14783 4244 5305 94385 2929 2456 60861 11 220 16 8 27653 198 285 348 256 348 5439 58532 51595 1510 30368 60861 63 369 264 6570 318 13873 4364 17384 553 1510 35 3378 19 38 5409 63 369 264 21966 56764 13 1510 31489 1349 63 369 264 1968 13661 279
8160 579 264 7047 1817 421 11177 310 279 11488 3286 25 271 16 13 220 2972 2014 53983 279 5952 64700 198 262 348 256 2972 2425 64700 357 41643 314 32671 1970 27718 9299 5003 37331 3052 25 594 485 11 9889 25 585 18 17 8 1411 5536 66514 894 42181 553 198 262 348 256 2972 24643 64700 198 285 220 16 13 220 79091 7193 11 10804 11 15796 11 321 1528 4203 13 198 285 220 17 13 220 62366 1330 2894 6607 4886 13 198 285 220 18 13 220 3780 930 10419 6813 364 1782 6607 4886 13 198 285 220 19 13 220 13365 7167 2193 318 389 367 1255 5972 13 16525 286 7465 553 271 17 13 220 2972 2014 53983 279 5927 12683 20920 64700 198 262 52451 34602 198 262 6466 5003 37331 3052 25 594 485 11 9889 25 585 18 17 8 1411 5536 66514 894 29 313 198 285 17189 476 4119 23732 2516 3052 1174 198 285 413 9889 606 220 15 313 198 309 7379 7 2072 198 285 333 745 313 198 309 15040 20072 16715 67 3378 19 9705 313 591 92 4490 9889 1126 1242 92 2673 198 285 333 198 262 333 198 262 52451 198 262 348 256 2972 4987 3855 64700 1510 372 63 318 13873 2716 364 328 1960 1 466 328 1960 9705 1764 198 262 348 256 2972 30895 64700 198 285 348 256 1510 591 25 594 485
8160 579 264 7047 1817 421 11177 310 279 11488 3286 25 271 16 13 220 2972 2014 53983 279 5952 64700 198 262 348 256 2972 2425 64700 357 41643 314 32671 1970 8222 2250 5568 27718 15627 12606 34071 22464 7561 1510 81 17978 13808 517 22464 7561 1510 7310 2797 12164 7561 1510 61571 82979 63 471 3384 1510 61571 82979 63 369 31084 553 198 262 348 256 2972 24643 64700 198 285 220 16 13 220 79091 7193 11 10804 11 15796 11 321 1528 4203 13 198 285 220 17 13 220 62366 1330 2894 6607 4886 13 198 285 220 18 13 220 3780 930 10419 6813 364 1782 6607 4886 13 198 285 220 19 13 220 13365 7167 16954 318 2374 30800 11 1459 914 16525 553 198 262 348 256 2972 17355 64700 20500 47733 1118 13 271 17 13 220 2972 2014 53983 279 5927 12683 20920 64700 271 262 348 256 2972 4987 220 16 25 1510 15627 12606 34071 22464 63 332 198 285 348 256 348 2425 51595 1510 306 25 594 24531 739 63 318 8589 310 264 25204 2937 553 198 285 348 256 348 4935 51595 1510 2554 63 318 2434 413 424 579 264 1118 48470 15167 11 3439 5752 553 198 285 348 256 348 25897 51595 18264 12219 383 1510 24531 739 27653 198 309 348 256 1510 3214 24676 6751 7561 1510 49 2703 94396 7561 1510 65765 313 5074 333 63 1411 1510 1802
8160 579 264 7047 1817 421 11177 310 279 3286 321 6157 314 279 3766 32671 1970 25 271 16 13 220 2972 2014 53983 279 5952 64700 198 262 348 256 2972 6065 64700 9988 279 3766 32671 2450 47801 13 198 262 348 256 2972 57201 64700 198 285 348 256 79091 7193 11 10804 11 15796 11 321 1528 4203 13 198 285 348 256 62366 1330 2894 6607 4886 13 198 285 348 256 3780 930 10419 6813 364 1782 6607 4886 13 198 285 348 256 13365 7167 16954 539 26895 30800 318 2887 524 16525 7465 553 198 262 348 256 2972 2425 64700 357 41643 314 32671 1970 8222 1510 77 27896 5305 15146 7561 1510 1014 39286 66034 7561 321 264 6907 1510 38482 51579 63 709 13 271 17 13 220 2972 2014 53983 279 5927 12683 20920 64700 271 262 348 256 2972 4987 220 16 25 1510 77 27896 5305 15146 63 332 198 285 348 256 348 24293 51595 1510 9299 5003 307 27896 5305 15146 7 840 25 21609 11 54677 25 21609 8 1411 21609 63 198 285 348 256 348 25897 51595 1510 840 348 54677 593 318 53 1203 89305 348 629 1203 89305 44646 198 285 348 256 348 1905 51595 90410 5265 310 10806 83871 466 4283 5646 5792 3817 1954 318 68 1257 2487 11073 51 11 4344 258 11 466 3050 9966 1954 29845 553 1510 53 1203 89305 63 12846 51586 9714 466 27724 13
8160 579 264 7047 1817 421 11177 310 279 3286 321 6157 314 279 3766 32671 1970 25 271 16 13 220 2972 2014 53983 279 5952 64700 198 262 348 256 2972 6065 64700 9988 279 3766 32671 2450 47801 13 198 262 348 256 2972 57201 64700 198 285 348 256 79091 7193 11 10804 11 15796 11 321 1528 4203 13 198 285 348 256 62366 1330 2894 6607 4886 13 198 285 348 256 3780 930 10419 6813 364 1782 6607 4886 13 198 285 348 256 13365 7167 16954 539 26895 30800 318 2887 524 16525 7465 553 198 262 348 256 2972 2425 64700 357 41643 314 32671 1970 8222 1330 5568 25 1510 77 87579 5305 15146 63 321 1510 40819 20 85769 51579 27653 561 41643 369 31084 318 1719 1510 331 63 2424 303 1510 40819 20 85769 51579 63 369 3799 974 553 271 17 13 220 2972 2014 53983 279 5927 12683 20920 64700 271 262 348 256 2972 4987 220 16 25 1510 77 87579 5305 15146 63 332 198 285 348 256 348 24293 51595 1510 9299 5003 307 87579 5305 15146 7 840 25 21609 11 54677 25 21609 8 1411 21609 63 198 285 348 256 348 25897 51595 1510 840 348 54677 593 318 38 20 53 1203 89305 348 469 20 53 1203 89305 44646 198 285 348 256 348 46693 51595 1510 38 20 53 1203 89305 63 318 17538 11 4222 21609 466 560 18 17 553
8160 579 264 7047 1817 421 11177 310 279 3286 321 6157 314 279 3766 32671 1970 25 271 16 13 220 2972 2014 53983 279 5952 64700 198 262 348 256 2972 6065 64700 9988 279 3766 32671 2450 47801 13 198 262 348 256 2972 57201 64700 198 285 348 256 79091 7193 11 10804 11 15796 11 321 1528 4203 13 198 285 348 256 62366 1330 2894 6607 4886 13 198 285 348 256 3780 930 10419 6813 364 1782 6607 4886 13 198 285 348 256 13365 7167 16954 539 26895 30800 318 2887 524 16525 7465 553 198 262 348 256 2972 2425 64700 357 41643 314 32671 1970 8222 1510 94614 13725 5070 7561 1510 94614 13725 5495 648 409 7561 321 279 1151 314 1510 37701 27653 271 17 13 220 2972 2014 53983 279 5927 12683 20920 64700 271 262 348 256 2972 4987 220 16 25 1510 94614 13725 5070 52434 332 198 285 348 256 2972 900 64700 1510 8556 1411 29152 1911 10985 33682 16 21 42181 198 285 348 256 2972 55157 65526 64700 37539 1510 12162 11648 63 364 15217 16947 13 198 285 348 256 2972 25897 64700 198 309 348 256 14261 264 1510 9753 33682 16 21 42181 314 1331 1510 10272 9724 95410 7561 16761 440 1510 21842 74235 27653 198 309 348 256 13310 942 1472 1510 1797 43280 2484 68396 29106 27653 1049 5686 1040 264 2020 5792 15840 13 1510 1797 43280 2484 68396 29106
8160 579 264 7047 1817 421 11177 310 279 3286 321 6157 314 279 3766 32671 1970 47801 25 271 16 13 220 2972 2014 53983 279 5952 64700 198 262 348 256 2972 6065 64700 9988 279 3766 32671 2450 47801 13 198 262 348 256 2972 57201 64700 198 285 348 256 79091 7193 11 10804 11 15796 11 321 1528 4203 13 198 285 348 256 62366 1330 2894 6607 4886 13 198 285 348 256 3780 930 10419 6813 364 1782 6607 4886 13 198 285 348 256 13365 7167 16954 539 26895 30800 318 2887 524 16525 7465 553 198 262 348 256 2972 2425 64700 357 41643 314 32671 1970 25471 264 709 1510 67 15999 4384 71877 27653 271 17 13 220 2972 2014 53983 279 5927 12683 20920 64700 198 262 348 256 2972 4987 31169 64700 1510 9299 5003 69892 71877 72185 25 594 1652 19860 8 1411 5536 27 8589 18359 11 16699 1401 42181 198 262 348 256 2972 25897 21753 64700 198 285 220 16 13 220 2972 53757 4109 64700 24056 413 1510 10083 503 38274 2011 59770 363 27653 1368 804 11 4523 449 1412 27718 40503 8172 57208 198 285 220 17 13 220 2972 4810 18381 64700 22116 82 1510 6066 63 321 1510 83849 63 11930 13 94466 20629 27718 6066 2564 220 17 20 21 7561 1510 83849 63 1881 220 17 321 220 17 21 17 11 16 19 19 553 5019 1510 7678 19860 63 413
8160 579 264 7047 1817 421 11177 310 279 3286 25 271 16 13 220 2972 2014 53983 279 5952 64700 198 262 348 256 2972 6065 64700 9988 264 3050 32671 2450 47801 13 198 262 348 256 2972 57201 64700 198 285 348 256 79091 7193 11 10804 11 15796 11 321 1528 4203 13 198 285 348 256 62366 1330 2894 6607 4886 13 198 285 348 256 3780 930 10419 6813 364 1782 6607 4886 13 198 285 348 256 13365 7167 16954 539 26895 30800 318 2887 524 16525 7465 553 198 262 348 256 2972 2425 64700 357 32671 1970 41643 8222 1510 15401 363 7561 1510 2388 363 7561 321 919 314 1510 6182 26289 27653 271 17 13 220 2972 2014 53983 279 5927 64700 271 262 348 256 2972 63 15401 52434 709 64700 198 285 348 256 37539 1510 12162 11648 16529 42181 364 4368 53269 15217 16947 13 198 285 348 256 24056 4424 3759 1510 30918 5434 1102 51 3860 23477 27653 198 285 348 256 5019 1510 1802 63 413 279 5915 737 369 6681 51515 16 1 7561 5752 1510 3721 27653 198 285 348 256 348 1349 10079 51595 12165 279 1510 12162 11648 63 869 2957 318 4380 53269 553 271 262 348 256 2972 63 2388 5406 25 594 485 8 1411 6743 29207 1242 27 6347 2372 63 709 64700 198 285 348 256 2972 2425 64700 1510 2267 63 318 889 15511 553 198 285 348 256
