[server] starting; models config = [("q35", "/opt/dl-image/nvme/cx-requal/models/Qwen3.6-35B-A3B-UD-IQ4_XS.gguf", None)]
[gpu-watch] Xid source: journalctl -k -f (/dev/kmsg unreadable — kernel.dmesg_restrict)
[gpu-watch] on: every 60s, probe deadline 10s, fatal Xid [48, 64, 79, 94, 95, 119, 120]
[worker] Engine ready (device=0, MEMRA_FAST=true)
[spec-gate] policy placement=single-or-non-pp2 LOW=2 HIGH=4 source=placement-default spec-admission=on
[spec-k] automatic table: prompt<1024 -> K=3; cold-long -> K=3; prompt>= 1024 and cached>= 1024 -> K=2
[worker] loading model "q35" <- /opt/dl-image/nvme/cx-requal/models/Qwen3.6-35B-A3B-UD-IQ4_XS.gguf
[moe] resident-experts decision (dev0): experts 15.60GB + trunk 2.60GB vs free 100.88GB (expert budget 96.29GB) -> RESIDENT
[worker]   loaded "q35": 41 layers, eos=248046
[worker] q35: template caps tools=true think=true think_switch=true chat_ok=true effort_levels=false gemma_think=false ctx=262144 tok="qwen35" instruct=Some("chatml") chat_defaults=None/None
[worker] q35: decode wave cap 8; scheduler tick cap 8
[prefix-cache] on: budget 34360MB (MEMRA_PREFIX_CACHE_MB), min prefix 64 tokens
[admission] "q35": plain 10208 B/token, spec 11136 B/token; fixed residual learns from effective-free deltas
[server] worker ready; serving models: ["q35"]
[server] listening on http://127.0.0.1:18435
[meter] admit id=cmpl-7d74876590233abdc1a2b1879c3d9ecf tenant=default lane=interactive model="q35"
[admission] request cost: model="q35" ctx=4925 path=plain = 10208 B/token x ctx + 0MB fixed = 50MB
[spec-k] model="q35" tenant="cx-cachesize-q35-b32768-r02-hot-0" K=0 source=eligibility-fallback prompt=4860 cached=0 lcp=0 active=1 placement=single-or-non-pp2
[admission] fixed residual high-water: model="q35" 129MB (observed 178MB at ctx 4869 path=plain)
[prefix-cache] insert (seed): 4860 tokens, 111.0MB (resident 111.0MB / 34360MB, model q35, ns "cx-cachesize-q35-b32768-r02-hot-0")
[meter] admit id=cmpl-7c148bc1a65aaae1fde6dc2c8c58873a tenant=default lane=interactive model="q35"
[admission] request cost: model="q35" ctx=4925 path=plain = 10208 B/token x ctx + 129MB fixed = 179MB
[spec-k] model="q35" tenant="cx-cachesize-q35-b32768-r02-hot-1" K=0 source=eligibility-fallback prompt=4860 cached=0 lcp=0 active=1 placement=single-or-non-pp2
[prefix-cache] insert (seed): 4860 tokens, 111.0MB (resident 221.9MB / 34360MB, model q35, ns "cx-cachesize-q35-b32768-r02-hot-1")
[meter] admit id=cmpl-02c9823afdb761d040bbd70526401833 tenant=default lane=interactive model="q35"
[spec-k] model="q35" tenant="cx-cachesize-q35-b32768-r02-hot-2" K=0 source=eligibility-fallback prompt=4860 cached=0 lcp=0 active=1 placement=single-or-non-pp2
[prefix-cache] insert (seed): 4860 tokens, 111.0MB (resident 332.9MB / 34360MB, model q35, ns "cx-cachesize-q35-b32768-r02-hot-2")
[meter] admit id=cmpl-48c1cb2fc8a8e14974629da7521327d1 tenant=default lane=interactive model="q35"
[spec-k] model="q35" tenant="cx-cachesize-q35-b32768-r02-hot-3" K=0 source=eligibility-fallback prompt=4860 cached=0 lcp=0 active=1 placement=single-or-non-pp2
[prefix-cache] insert (seed): 4860 tokens, 111.0MB (resident 443.9MB / 34360MB, model q35, ns "cx-cachesize-q35-b32768-r02-hot-3")
[meter] admit id=cmpl-e8df197fee8b921dee916cf908d3b9b4 tenant=default lane=interactive model="q35"
[spec-k] model="q35" tenant="cx-cachesize-q35-b32768-r02-hot-4" K=0 source=eligibility-fallback prompt=4860 cached=0 lcp=0 active=1 placement=single-or-non-pp2
[prefix-cache] insert (seed): 4860 tokens, 111.0MB (resident 554.8MB / 34360MB, model q35, ns "cx-cachesize-q35-b32768-r02-hot-4")
[meter] admit id=cmpl-eb7c44f39c07279510981eb6a21bcdc6 tenant=default lane=interactive model="q35"
[spec-k] model="q35" tenant="cx-cachesize-q35-b32768-r02-hot-5" K=0 source=eligibility-fallback prompt=4860 cached=0 lcp=0 active=1 placement=single-or-non-pp2
[prefix-cache] insert (seed): 4860 tokens, 111.0MB (resident 665.8MB / 34360MB, model q35, ns "cx-cachesize-q35-b32768-r02-hot-5")
[meter] admit id=cmpl-27661e36785b64175bc503fd7f0903d5 tenant=default lane=interactive model="q35"
[spec-k] model="q35" tenant="cx-cachesize-q35-b32768-r02-hot-6" K=0 source=eligibility-fallback prompt=4860 cached=0 lcp=0 active=1 placement=single-or-non-pp2
[prefix-cache] insert (seed): 4860 tokens, 111.0MB (resident 776.8MB / 34360MB, model q35, ns "cx-cachesize-q35-b32768-r02-hot-6")
[meter] admit id=cmpl-77500383351fa8e19e6eb4ddedbb5d9d tenant=default lane=interactive model="q35"
[spec-k] model="q35" tenant="cx-cachesize-q35-b32768-r02-hot-7" K=0 source=eligibility-fallback prompt=4860 cached=0 lcp=0 active=1 placement=single-or-non-pp2
[prefix-cache] insert (seed): 4860 tokens, 111.0MB (resident 887.7MB / 34360MB, model q35, ns "cx-cachesize-q35-b32768-r02-hot-7")
[meter] admit id=cmpl-35a5d95f0d49110bf1501300b62fff33 tenant=default lane=interactive model="q35"
[spec-k] model="q35" tenant="cx-cachesize-q35-b32768-r02-hot-8" K=0 source=eligibility-fallback prompt=4860 cached=0 lcp=0 active=1 placement=single-or-non-pp2
[prefix-cache] insert (seed): 4860 tokens, 111.0MB (resident 998.7MB / 34360MB, model q35, ns "cx-cachesize-q35-b32768-r02-hot-8")
[meter] admit id=cmpl-7f4bf4da97fdcddddf6a997ed5250e9b tenant=default lane=interactive model="q35"
[spec-k] model="q35" tenant="cx-cachesize-q35-b32768-r02-hot-9" K=0 source=eligibility-fallback prompt=4860 cached=0 lcp=0 active=1 placement=single-or-non-pp2
[prefix-cache] insert (seed): 4860 tokens, 111.0MB (resident 1109.6MB / 34360MB, model q35, ns "cx-cachesize-q35-b32768-r02-hot-9")
[meter] admit id=cmpl-c00b1ccd827f3355440ace3666cd2018 tenant=default lane=interactive model="q35"
[spec-k] model="q35" tenant="cx-cachesize-q35-b32768-r02-hot-10" K=0 source=eligibility-fallback prompt=4860 cached=0 lcp=0 active=1 placement=single-or-non-pp2
[prefix-cache] insert (seed): 4860 tokens, 111.0MB (resident 1220.6MB / 34360MB, model q35, ns "cx-cachesize-q35-b32768-r02-hot-10")
[meter] admit id=cmpl-b10a29f8da75722f6eb9a4bc4a36bb91 tenant=default lane=interactive model="q35"
[spec-k] model="q35" tenant="cx-cachesize-q35-b32768-r02-hot-11" K=0 source=eligibility-fallback prompt=4860 cached=0 lcp=0 active=1 placement=single-or-non-pp2
[prefix-cache] insert (seed): 4860 tokens, 111.0MB (resident 1331.6MB / 34360MB, model q35, ns "cx-cachesize-q35-b32768-r02-hot-11")
[meter] admit id=cmpl-cf99b17db225da473bfa485e0a6596a3 tenant=default lane=interactive model="q35"
[spec-k] model="q35" tenant="cx-cachesize-q35-b32768-r02-hot-12" K=0 source=eligibility-fallback prompt=4860 cached=0 lcp=0 active=1 placement=single-or-non-pp2
[prefix-cache] insert (seed): 4860 tokens, 111.0MB (resident 1442.5MB / 34360MB, model q35, ns "cx-cachesize-q35-b32768-r02-hot-12")
[meter] admit id=cmpl-c5dded74fa690184f35d4e73aa8ee73a tenant=default lane=interactive model="q35"
[spec-k] model="q35" tenant="cx-cachesize-q35-b32768-r02-hot-13" K=0 source=eligibility-fallback prompt=4860 cached=0 lcp=0 active=1 placement=single-or-non-pp2
[prefix-cache] insert (seed): 4860 tokens, 111.0MB (resident 1553.5MB / 34360MB, model q35, ns "cx-cachesize-q35-b32768-r02-hot-13")
[meter] admit id=cmpl-de945094a32406562b3fb1cc4f0d4bef tenant=default lane=interactive model="q35"
[spec-k] model="q35" tenant="cx-cachesize-q35-b32768-r02-hot-14" K=0 source=eligibility-fallback prompt=4860 cached=0 lcp=0 active=1 placement=single-or-non-pp2
[prefix-cache] insert (seed): 4860 tokens, 111.0MB (resident 1664.5MB / 34360MB, model q35, ns "cx-cachesize-q35-b32768-r02-hot-14")
[meter] admit id=cmpl-412199b8eaa2f6091e1381536888d3c8 tenant=default lane=interactive model="q35"
[spec-k] model="q35" tenant="cx-cachesize-q35-b32768-r02-hot-15" K=0 source=eligibility-fallback prompt=4860 cached=0 lcp=0 active=1 placement=single-or-non-pp2
[prefix-cache] insert (seed): 4860 tokens, 111.0MB (resident 1775.4MB / 34360MB, model q35, ns "cx-cachesize-q35-b32768-r02-hot-15")
[meter] admit id=cmpl-3c9dd19dfa7de2ec813a40e791d9f730 tenant=default lane=interactive model="q35"
[spec-k] model="q35" tenant="cx-cachesize-q35-b32768-r02-hot-16" K=0 source=eligibility-fallback prompt=4860 cached=0 lcp=0 active=1 placement=single-or-non-pp2
[prefix-cache] insert (seed): 4860 tokens, 111.0MB (resident 1886.4MB / 34360MB, model q35, ns "cx-cachesize-q35-b32768-r02-hot-16")
[meter] admit id=cmpl-3e73ea24f6ec9c7f02de1fe672517765 tenant=default lane=interactive model="q35"
[spec-k] model="q35" tenant="cx-cachesize-q35-b32768-r02-hot-17" K=0 source=eligibility-fallback prompt=4860 cached=0 lcp=0 active=1 placement=single-or-non-pp2
[prefix-cache] insert (seed): 4860 tokens, 111.0MB (resident 1997.4MB / 34360MB, model q35, ns "cx-cachesize-q35-b32768-r02-hot-17")
[meter] admit id=cmpl-70d3a55892c13bf2a5f2cf17aada5eba tenant=default lane=interactive model="q35"
[spec-k] model="q35" tenant="cx-cachesize-q35-b32768-r02-hot-18" K=0 source=eligibility-fallback prompt=4860 cached=0 lcp=0 active=1 placement=single-or-non-pp2
[prefix-cache] insert (seed): 4860 tokens, 111.0MB (resident 2108.3MB / 34360MB, model q35, ns "cx-cachesize-q35-b32768-r02-hot-18")
[meter] admit id=cmpl-8af3f414a0c22c8f8dfc23c6260b9991 tenant=default lane=interactive model="q35"
[spec-k] model="q35" tenant="cx-cachesize-q35-b32768-r02-hot-19" K=0 source=eligibility-fallback prompt=4860 cached=0 lcp=0 active=1 placement=single-or-non-pp2
[prefix-cache] insert (seed): 4860 tokens, 111.0MB (resident 2219.3MB / 34360MB, model q35, ns "cx-cachesize-q35-b32768-r02-hot-19")
[meter] admit id=cmpl-c61757543cabd427ea4687f7e0edde6b tenant=default lane=interactive model="q35"
[spec-k] model="q35" tenant="cx-cachesize-q35-b32768-r02-hot-20" K=0 source=eligibility-fallback prompt=4860 cached=0 lcp=0 active=1 placement=single-or-non-pp2
[prefix-cache] insert (seed): 4860 tokens, 111.0MB (resident 2330.3MB / 34360MB, model q35, ns "cx-cachesize-q35-b32768-r02-hot-20")
[meter] admit id=cmpl-5391b941cc35eb3dd462115c7fad949d tenant=default lane=interactive model="q35"
[spec-k] model="q35" tenant="cx-cachesize-q35-b32768-r02-hot-21" K=0 source=eligibility-fallback prompt=4860 cached=0 lcp=0 active=1 placement=single-or-non-pp2
[prefix-cache] insert (seed): 4860 tokens, 111.0MB (resident 2441.2MB / 34360MB, model q35, ns "cx-cachesize-q35-b32768-r02-hot-21")
[meter] admit id=cmpl-ede56ae404df933d1b47dc51a42a34da tenant=default lane=interactive model="q35"
[spec-k] model="q35" tenant="cx-cachesize-q35-b32768-r02-hot-22" K=0 source=eligibility-fallback prompt=4860 cached=0 lcp=0 active=1 placement=single-or-non-pp2
[prefix-cache] insert (seed): 4860 tokens, 111.0MB (resident 2552.2MB / 34360MB, model q35, ns "cx-cachesize-q35-b32768-r02-hot-22")
[meter] admit id=cmpl-e00915e2affcc88187371f547fe663a4 tenant=default lane=interactive model="q35"
[spec-k] model="q35" tenant="cx-cachesize-q35-b32768-r02-hot-23" K=0 source=eligibility-fallback prompt=4860 cached=0 lcp=0 active=1 placement=single-or-non-pp2
[prefix-cache] insert (seed): 4860 tokens, 111.0MB (resident 2663.1MB / 34360MB, model q35, ns "cx-cachesize-q35-b32768-r02-hot-23")
[meter] admit id=cmpl-a2a703b1a31f533908af48fab2b175e8 tenant=default lane=interactive model="q35"
[spec-k] model="q35" tenant="cx-cachesize-q35-b32768-r02-hot-24" K=0 source=eligibility-fallback prompt=4860 cached=0 lcp=0 active=1 placement=single-or-non-pp2
[prefix-cache] insert (seed): 4860 tokens, 111.0MB (resident 2774.1MB / 34360MB, model q35, ns "cx-cachesize-q35-b32768-r02-hot-24")
[meter] admit id=cmpl-5ecce66147d0d110a46c6d77436a7137 tenant=default lane=interactive model="q35"
[spec-k] model="q35" tenant="cx-cachesize-q35-b32768-r02-hot-25" K=0 source=eligibility-fallback prompt=4860 cached=0 lcp=0 active=1 placement=single-or-non-pp2
[prefix-cache] insert (seed): 4860 tokens, 111.0MB (resident 2885.1MB / 34360MB, model q35, ns "cx-cachesize-q35-b32768-r02-hot-25")
[meter] admit id=cmpl-2d73f42f282f0057f81bcbc62621b9f1 tenant=default lane=interactive model="q35"
[spec-k] model="q35" tenant="cx-cachesize-q35-b32768-r02-hot-26" K=0 source=eligibility-fallback prompt=4860 cached=0 lcp=0 active=1 placement=single-or-non-pp2
[prefix-cache] insert (seed): 4860 tokens, 111.0MB (resident 2996.0MB / 34360MB, model q35, ns "cx-cachesize-q35-b32768-r02-hot-26")
[meter] admit id=cmpl-c22b0af63ea960e90937d635c8923c96 tenant=default lane=interactive model="q35"
[spec-k] model="q35" tenant="cx-cachesize-q35-b32768-r02-hot-27" K=0 source=eligibility-fallback prompt=4860 cached=0 lcp=0 active=1 placement=single-or-non-pp2
[prefix-cache] insert (seed): 4860 tokens, 111.0MB (resident 3107.0MB / 34360MB, model q35, ns "cx-cachesize-q35-b32768-r02-hot-27")
[meter] admit id=cmpl-a9fc2110f284c6aba390d9be010b45d6 tenant=default lane=interactive model="q35"
[spec-k] model="q35" tenant="cx-cachesize-q35-b32768-r02-hot-28" K=0 source=eligibility-fallback prompt=4860 cached=0 lcp=0 active=1 placement=single-or-non-pp2
[prefix-cache] insert (seed): 4860 tokens, 111.0MB (resident 3218.0MB / 34360MB, model q35, ns "cx-cachesize-q35-b32768-r02-hot-28")
[meter] admit id=cmpl-273bad24261d93f3810e61512249c9ed tenant=default lane=interactive model="q35"
[spec-k] model="q35" tenant="cx-cachesize-q35-b32768-r02-hot-29" K=0 source=eligibility-fallback prompt=4860 cached=0 lcp=0 active=1 placement=single-or-non-pp2
[prefix-cache] insert (seed): 4860 tokens, 111.0MB (resident 3328.9MB / 34360MB, model q35, ns "cx-cachesize-q35-b32768-r02-hot-29")
[meter] admit id=cmpl-5d59db1d590f25cbf62c9e614d97ba8b tenant=default lane=interactive model="q35"
[spec-k] model="q35" tenant="cx-cachesize-q35-b32768-r02-hot-30" K=0 source=eligibility-fallback prompt=4860 cached=0 lcp=0 active=1 placement=single-or-non-pp2
[prefix-cache] insert (seed): 4860 tokens, 111.0MB (resident 3439.9MB / 34360MB, model q35, ns "cx-cachesize-q35-b32768-r02-hot-30")
[meter] admit id=cmpl-7e15ab0cc0079e0998e68cd82c3f2e61 tenant=default lane=interactive model="q35"
[spec-k] model="q35" tenant="cx-cachesize-q35-b32768-r02-hot-31" K=0 source=eligibility-fallback prompt=4860 cached=0 lcp=0 active=1 placement=single-or-non-pp2
[prefix-cache] insert (seed): 4860 tokens, 111.0MB (resident 3550.9MB / 34360MB, model q35, ns "cx-cachesize-q35-b32768-r02-hot-31")
[meter] admit id=cmpl-e97dde66e697fbc0bdf81f4645b933b2 tenant=default lane=interactive model="q35"
[spec-k] model="q35" tenant="cx-cachesize-q35-b32768-r02-hot-32" K=0 source=eligibility-fallback prompt=4860 cached=0 lcp=0 active=1 placement=single-or-non-pp2
[prefix-cache] insert (seed): 4860 tokens, 111.0MB (resident 3661.8MB / 34360MB, model q35, ns "cx-cachesize-q35-b32768-r02-hot-32")
[meter] admit id=cmpl-5910f295b4bde5d96d2c3de23a753b72 tenant=default lane=interactive model="q35"
[spec-k] model="q35" tenant="cx-cachesize-q35-b32768-r02-hot-33" K=0 source=eligibility-fallback prompt=4860 cached=0 lcp=0 active=1 placement=single-or-non-pp2
[prefix-cache] insert (seed): 4860 tokens, 111.0MB (resident 3772.8MB / 34360MB, model q35, ns "cx-cachesize-q35-b32768-r02-hot-33")
[meter] admit id=cmpl-4843731bf9340ed2431d1110de51d3c2 tenant=default lane=interactive model="q35"
[spec-k] model="q35" tenant="cx-cachesize-q35-b32768-r02-hot-34" K=0 source=eligibility-fallback prompt=4860 cached=0 lcp=0 active=1 placement=single-or-non-pp2
[prefix-cache] insert (seed): 4860 tokens, 111.0MB (resident 3883.8MB / 34360MB, model q35, ns "cx-cachesize-q35-b32768-r02-hot-34")
[meter] admit id=cmpl-1f5d8c082e35d7b67a8667b8bc810c00 tenant=default lane=interactive model="q35"
[spec-k] model="q35" tenant="cx-cachesize-q35-b32768-r02-hot-35" K=0 source=eligibility-fallback prompt=4860 cached=0 lcp=0 active=1 placement=single-or-non-pp2
[prefix-cache] insert (seed): 4860 tokens, 111.0MB (resident 3994.7MB / 34360MB, model q35, ns "cx-cachesize-q35-b32768-r02-hot-35")
[meter] admit id=cmpl-189913acdbdf80935bcb3760188534d6 tenant=default lane=interactive model="q35"
[spec-k] model="q35" tenant="cx-cachesize-q35-b32768-r02-hot-36" K=0 source=eligibility-fallback prompt=4860 cached=0 lcp=0 active=1 placement=single-or-non-pp2
[prefix-cache] insert (seed): 4860 tokens, 111.0MB (resident 4105.7MB / 34360MB, model q35, ns "cx-cachesize-q35-b32768-r02-hot-36")
[meter] admit id=cmpl-a0c817772adf78f48b77f111a8045fe9 tenant=default lane=interactive model="q35"
[spec-k] model="q35" tenant="cx-cachesize-q35-b32768-r02-hot-37" K=0 source=eligibility-fallback prompt=4860 cached=0 lcp=0 active=1 placement=single-or-non-pp2
[prefix-cache] insert (seed): 4860 tokens, 111.0MB (resident 4216.7MB / 34360MB, model q35, ns "cx-cachesize-q35-b32768-r02-hot-37")
[meter] admit id=cmpl-b338e7f911b0a4e89cd7d13652ab496b tenant=default lane=interactive model="q35"
[spec-k] model="q35" tenant="cx-cachesize-q35-b32768-r02-hot-38" K=0 source=eligibility-fallback prompt=4860 cached=0 lcp=0 active=1 placement=single-or-non-pp2
[prefix-cache] insert (seed): 4860 tokens, 111.0MB (resident 4327.6MB / 34360MB, model q35, ns "cx-cachesize-q35-b32768-r02-hot-38")
[meter] admit id=cmpl-5349a88d0c832cde0e8355a1d06b3d2c tenant=default lane=interactive model="q35"
[spec-k] model="q35" tenant="cx-cachesize-q35-b32768-r02-hot-39" K=0 source=eligibility-fallback prompt=4860 cached=0 lcp=0 active=1 placement=single-or-non-pp2
[prefix-cache] insert (seed): 4860 tokens, 111.0MB (resident 4438.6MB / 34360MB, model q35, ns "cx-cachesize-q35-b32768-r02-hot-39")
[meter] admit id=cmpl-afa523e7b66d00406c34d0285b8e9aa1 tenant=default lane=interactive model="q35"
[spec-k] model="q35" tenant="cx-cachesize-q35-b32768-r02-hot-40" K=0 source=eligibility-fallback prompt=4860 cached=0 lcp=0 active=1 placement=single-or-non-pp2
[prefix-cache] insert (seed): 4860 tokens, 111.0MB (resident 4549.5MB / 34360MB, model q35, ns "cx-cachesize-q35-b32768-r02-hot-40")
[meter] admit id=cmpl-4839b57183b0b1dfa528faa79b16ab0a tenant=default lane=interactive model="q35"
[spec-k] model="q35" tenant="cx-cachesize-q35-b32768-r02-hot-41" K=0 source=eligibility-fallback prompt=4860 cached=0 lcp=0 active=1 placement=single-or-non-pp2
[prefix-cache] insert (seed): 4860 tokens, 111.0MB (resident 4660.5MB / 34360MB, model q35, ns "cx-cachesize-q35-b32768-r02-hot-41")
[meter] admit id=cmpl-ad8b4a0efd66c74a54f206a544fd5e41 tenant=default lane=interactive model="q35"
[spec-k] model="q35" tenant="cx-cachesize-q35-b32768-r02-hot-42" K=0 source=eligibility-fallback prompt=4860 cached=0 lcp=0 active=1 placement=single-or-non-pp2
[prefix-cache] insert (seed): 4860 tokens, 111.0MB (resident 4771.5MB / 34360MB, model q35, ns "cx-cachesize-q35-b32768-r02-hot-42")
[meter] admit id=cmpl-68a0ee1284b7474e257668879bdb9b40 tenant=default lane=interactive model="q35"
[spec-k] model="q35" tenant="cx-cachesize-q35-b32768-r02-hot-43" K=0 source=eligibility-fallback prompt=4860 cached=0 lcp=0 active=1 placement=single-or-non-pp2
[prefix-cache] insert (seed): 4860 tokens, 111.0MB (resident 4882.4MB / 34360MB, model q35, ns "cx-cachesize-q35-b32768-r02-hot-43")
[meter] admit id=cmpl-3e030e0bce8e039346ff21dd98944d7a tenant=default lane=interactive model="q35"
[spec-k] model="q35" tenant="cx-cachesize-q35-b32768-r02-hot-44" K=0 source=eligibility-fallback prompt=4860 cached=0 lcp=0 active=1 placement=single-or-non-pp2
[prefix-cache] insert (seed): 4860 tokens, 111.0MB (resident 4993.4MB / 34360MB, model q35, ns "cx-cachesize-q35-b32768-r02-hot-44")
[meter] admit id=cmpl-6a10c6806dd343c4b799f76bf93f49a9 tenant=default lane=interactive model="q35"
[spec-k] model="q35" tenant="cx-cachesize-q35-b32768-r02-hot-45" K=0 source=eligibility-fallback prompt=4860 cached=0 lcp=0 active=1 placement=single-or-non-pp2
[prefix-cache] insert (seed): 4860 tokens, 111.0MB (resident 5104.4MB / 34360MB, model q35, ns "cx-cachesize-q35-b32768-r02-hot-45")
[meter] admit id=cmpl-25ce5ac81a7e40239f482cb63d645977 tenant=default lane=interactive model="q35"
[spec-k] model="q35" tenant="cx-cachesize-q35-b32768-r02-hot-46" K=0 source=eligibility-fallback prompt=4860 cached=0 lcp=0 active=1 placement=single-or-non-pp2
[prefix-cache] insert (seed): 4860 tokens, 111.0MB (resident 5215.3MB / 34360MB, model q35, ns "cx-cachesize-q35-b32768-r02-hot-46")
[meter] admit id=cmpl-d4abd6c9d0b7f02bef4d80420ff45153 tenant=default lane=interactive model="q35"
[spec-k] model="q35" tenant="cx-cachesize-q35-b32768-r02-hot-47" K=0 source=eligibility-fallback prompt=4860 cached=0 lcp=0 active=1 placement=single-or-non-pp2
[prefix-cache] insert (seed): 4860 tokens, 111.0MB (resident 5326.3MB / 34360MB, model q35, ns "cx-cachesize-q35-b32768-r02-hot-47")
[meter] admit id=cmpl-d59cac3a46fa199638386671976bcf3f tenant=default lane=interactive model="q35"
[spec-k] model="q35" tenant="cx-cachesize-q35-b32768-r02-hot-48" K=0 source=eligibility-fallback prompt=4860 cached=0 lcp=0 active=1 placement=single-or-non-pp2
[prefix-cache] insert (seed): 4860 tokens, 111.0MB (resident 5437.3MB / 34360MB, model q35, ns "cx-cachesize-q35-b32768-r02-hot-48")
[meter] admit id=cmpl-83429bed0dd0feb30ee4ca3778b571e6 tenant=default lane=interactive model="q35"
[spec-k] model="q35" tenant="cx-cachesize-q35-b32768-r02-hot-49" K=0 source=eligibility-fallback prompt=4860 cached=0 lcp=0 active=1 placement=single-or-non-pp2
[prefix-cache] insert (seed): 4860 tokens, 111.0MB (resident 5548.2MB / 34360MB, model q35, ns "cx-cachesize-q35-b32768-r02-hot-49")
[meter] admit id=cmpl-95b7ffa48601da31fc1f61c76b34c81a tenant=default lane=interactive model="q35"
[spec-k] model="q35" tenant="cx-cachesize-q35-b32768-r02-hot-50" K=0 source=eligibility-fallback prompt=4860 cached=0 lcp=0 active=1 placement=single-or-non-pp2
[prefix-cache] insert (seed): 4860 tokens, 111.0MB (resident 5659.2MB / 34360MB, model q35, ns "cx-cachesize-q35-b32768-r02-hot-50")
[meter] admit id=cmpl-0c09d1a94ede7773a360db8491becf9c tenant=default lane=interactive model="q35"
[spec-k] model="q35" tenant="cx-cachesize-q35-b32768-r02-hot-51" K=0 source=eligibility-fallback prompt=4860 cached=0 lcp=0 active=1 placement=single-or-non-pp2
[prefix-cache] insert (seed): 4860 tokens, 111.0MB (resident 5770.2MB / 34360MB, model q35, ns "cx-cachesize-q35-b32768-r02-hot-51")
[meter] admit id=cmpl-4a395613d8fd75562b8032ee68515209 tenant=default lane=interactive model="q35"
[spec-k] model="q35" tenant="cx-cachesize-q35-b32768-r02-hot-52" K=0 source=eligibility-fallback prompt=4860 cached=0 lcp=0 active=1 placement=single-or-non-pp2
[prefix-cache] insert (seed): 4860 tokens, 111.0MB (resident 5881.1MB / 34360MB, model q35, ns "cx-cachesize-q35-b32768-r02-hot-52")
[meter] admit id=cmpl-db18071f67c099b61b50848e7ba28cb0 tenant=default lane=interactive model="q35"
[spec-k] model="q35" tenant="cx-cachesize-q35-b32768-r02-hot-53" K=0 source=eligibility-fallback prompt=4860 cached=0 lcp=0 active=1 placement=single-or-non-pp2
[prefix-cache] insert (seed): 4860 tokens, 111.0MB (resident 5992.1MB / 34360MB, model q35, ns "cx-cachesize-q35-b32768-r02-hot-53")
[meter] admit id=cmpl-22954050b68457175a04c3f7efe9a915 tenant=default lane=interactive model="q35"
[spec-k] model="q35" tenant="cx-cachesize-q35-b32768-r02-hot-54" K=0 source=eligibility-fallback prompt=4860 cached=0 lcp=0 active=1 placement=single-or-non-pp2
[prefix-cache] insert (seed): 4860 tokens, 111.0MB (resident 6103.0MB / 34360MB, model q35, ns "cx-cachesize-q35-b32768-r02-hot-54")
[meter] admit id=cmpl-bbbed015c020490bc78084d43340e7b0 tenant=default lane=interactive model="q35"
[spec-k] model="q35" tenant="cx-cachesize-q35-b32768-r02-hot-55" K=0 source=eligibility-fallback prompt=4860 cached=0 lcp=0 active=1 placement=single-or-non-pp2
[prefix-cache] insert (seed): 4860 tokens, 111.0MB (resident 6214.0MB / 34360MB, model q35, ns "cx-cachesize-q35-b32768-r02-hot-55")
[meter] admit id=cmpl-58baf11e05f1d6887c78397ea9f882c2 tenant=default lane=interactive model="q35"
[spec-k] model="q35" tenant="cx-cachesize-q35-b32768-r02-hot-56" K=0 source=eligibility-fallback prompt=4860 cached=0 lcp=0 active=1 placement=single-or-non-pp2
[prefix-cache] insert (seed): 4860 tokens, 111.0MB (resident 6325.0MB / 34360MB, model q35, ns "cx-cachesize-q35-b32768-r02-hot-56")
[meter] admit id=cmpl-35642dbf935c270947db2bdb2f68cecc tenant=default lane=interactive model="q35"
[spec-k] model="q35" tenant="cx-cachesize-q35-b32768-r02-hot-57" K=0 source=eligibility-fallback prompt=4860 cached=0 lcp=0 active=1 placement=single-or-non-pp2
[prefix-cache] insert (seed): 4860 tokens, 111.0MB (resident 6435.9MB / 34360MB, model q35, ns "cx-cachesize-q35-b32768-r02-hot-57")
[meter] admit id=cmpl-54404eadd752b26cfecf6cb12e34d588 tenant=default lane=interactive model="q35"
[spec-k] model="q35" tenant="cx-cachesize-q35-b32768-r02-hot-58" K=0 source=eligibility-fallback prompt=4860 cached=0 lcp=0 active=1 placement=single-or-non-pp2
[prefix-cache] insert (seed): 4860 tokens, 111.0MB (resident 6546.9MB / 34360MB, model q35, ns "cx-cachesize-q35-b32768-r02-hot-58")
[meter] admit id=cmpl-321809a7485c20d0c40ea5dd54aaf416 tenant=default lane=interactive model="q35"
[spec-k] model="q35" tenant="cx-cachesize-q35-b32768-r02-hot-59" K=0 source=eligibility-fallback prompt=4860 cached=0 lcp=0 active=1 placement=single-or-non-pp2
[prefix-cache] insert (seed): 4860 tokens, 111.0MB (resident 6657.9MB / 34360MB, model q35, ns "cx-cachesize-q35-b32768-r02-hot-59")
[meter] admit id=cmpl-d40019855fd4fba677bea5eddd304052 tenant=default lane=interactive model="q35"
[spec-k] model="q35" tenant="cx-cachesize-q35-b32768-r02-hot-60" K=0 source=eligibility-fallback prompt=4860 cached=0 lcp=0 active=1 placement=single-or-non-pp2
[prefix-cache] insert (seed): 4860 tokens, 111.0MB (resident 6768.8MB / 34360MB, model q35, ns "cx-cachesize-q35-b32768-r02-hot-60")
[meter] admit id=cmpl-c292bdaf2dfa5de4429bead809ee7588 tenant=default lane=interactive model="q35"
[spec-k] model="q35" tenant="cx-cachesize-q35-b32768-r02-hot-61" K=0 source=eligibility-fallback prompt=4860 cached=0 lcp=0 active=1 placement=single-or-non-pp2
[prefix-cache] insert (seed): 4860 tokens, 111.0MB (resident 6879.8MB / 34360MB, model q35, ns "cx-cachesize-q35-b32768-r02-hot-61")
[meter] admit id=cmpl-8a72147c6842c93acaaa25d978370962 tenant=default lane=interactive model="q35"
[spec-k] model="q35" tenant="cx-cachesize-q35-b32768-r02-hot-62" K=0 source=eligibility-fallback prompt=4860 cached=0 lcp=0 active=1 placement=single-or-non-pp2
[prefix-cache] insert (seed): 4860 tokens, 111.0MB (resident 6990.8MB / 34360MB, model q35, ns "cx-cachesize-q35-b32768-r02-hot-62")
[meter] admit id=cmpl-fde5685fbe34c6c4214641691fbc061c tenant=default lane=interactive model="q35"
[spec-k] model="q35" tenant="cx-cachesize-q35-b32768-r02-hot-63" K=0 source=eligibility-fallback prompt=4860 cached=0 lcp=0 active=1 placement=single-or-non-pp2
[prefix-cache] insert (seed): 4860 tokens, 111.0MB (resident 7101.7MB / 34360MB, model q35, ns "cx-cachesize-q35-b32768-r02-hot-63")
[meter] admit id=cmpl-00ed7c8df6fb29f75d082347bed30b00 tenant=default lane=interactive model="q35"
[spec-k] model="q35" tenant="cx-cachesize-q35-b32768-r02-hot-64" K=0 source=eligibility-fallback prompt=4860 cached=0 lcp=0 active=1 placement=single-or-non-pp2
[prefix-cache] insert (seed): 4860 tokens, 111.0MB (resident 7212.7MB / 34360MB, model q35, ns "cx-cachesize-q35-b32768-r02-hot-64")
[meter] admit id=cmpl-69a34d2d1914575414b04c61153fbeec tenant=default lane=interactive model="q35"
[spec-k] model="q35" tenant="cx-cachesize-q35-b32768-r02-hot-65" K=0 source=eligibility-fallback prompt=4860 cached=0 lcp=0 active=1 placement=single-or-non-pp2
[prefix-cache] insert (seed): 4860 tokens, 111.0MB (resident 7323.7MB / 34360MB, model q35, ns "cx-cachesize-q35-b32768-r02-hot-65")
[meter] admit id=cmpl-ffa3ece968ac3e59ba49d4449036d150 tenant=default lane=interactive model="q35"
[spec-k] model="q35" tenant="cx-cachesize-q35-b32768-r02-hot-66" K=0 source=eligibility-fallback prompt=4860 cached=0 lcp=0 active=1 placement=single-or-non-pp2
[prefix-cache] insert (seed): 4860 tokens, 111.0MB (resident 7434.6MB / 34360MB, model q35, ns "cx-cachesize-q35-b32768-r02-hot-66")
[meter] admit id=cmpl-1ee309e41dee5b7cddb0a3e7583c417b tenant=default lane=interactive model="q35"
[spec-k] model="q35" tenant="cx-cachesize-q35-b32768-r02-hot-67" K=0 source=eligibility-fallback prompt=4860 cached=0 lcp=0 active=1 placement=single-or-non-pp2
[prefix-cache] insert (seed): 4860 tokens, 111.0MB (resident 7545.6MB / 34360MB, model q35, ns "cx-cachesize-q35-b32768-r02-hot-67")
[meter] admit id=cmpl-0f87272195c7640011d8c874c7800c58 tenant=default lane=interactive model="q35"
[spec-k] model="q35" tenant="cx-cachesize-q35-b32768-r02-hot-68" K=0 source=eligibility-fallback prompt=4860 cached=0 lcp=0 active=1 placement=single-or-non-pp2
[prefix-cache] insert (seed): 4860 tokens, 111.0MB (resident 7656.5MB / 34360MB, model q35, ns "cx-cachesize-q35-b32768-r02-hot-68")
[meter] admit id=cmpl-0f608fd4187bb297aa1023bfcaa19009 tenant=default lane=interactive model="q35"
[spec-k] model="q35" tenant="cx-cachesize-q35-b32768-r02-hot-69" K=0 source=eligibility-fallback prompt=4860 cached=0 lcp=0 active=1 placement=single-or-non-pp2
[prefix-cache] insert (seed): 4860 tokens, 111.0MB (resident 7767.5MB / 34360MB, model q35, ns "cx-cachesize-q35-b32768-r02-hot-69")
[meter] admit id=cmpl-54692f3d65d245f661d850644b6c54b0 tenant=default lane=interactive model="q35"
[spec-k] model="q35" tenant="cx-cachesize-q35-b32768-r02-hot-70" K=0 source=eligibility-fallback prompt=4860 cached=0 lcp=0 active=1 placement=single-or-non-pp2
[prefix-cache] insert (seed): 4860 tokens, 111.0MB (resident 7878.5MB / 34360MB, model q35, ns "cx-cachesize-q35-b32768-r02-hot-70")
[meter] admit id=cmpl-4b5cb517a14bc081101a73a2127812a9 tenant=default lane=interactive model="q35"
[spec-k] model="q35" tenant="cx-cachesize-q35-b32768-r02-hot-71" K=0 source=eligibility-fallback prompt=4860 cached=0 lcp=0 active=1 placement=single-or-non-pp2
[prefix-cache] insert (seed): 4860 tokens, 111.0MB (resident 7989.4MB / 34360MB, model q35, ns "cx-cachesize-q35-b32768-r02-hot-71")
[meter] admit id=cmpl-5d9ed06cfca44ed82d3ee0415cc35df4 tenant=default lane=interactive model="q35"
[spec-k] model="q35" tenant="cx-cachesize-q35-b32768-r02-hot-72" K=0 source=eligibility-fallback prompt=4860 cached=0 lcp=0 active=1 placement=single-or-non-pp2
[prefix-cache] insert (seed): 4860 tokens, 111.0MB (resident 8100.4MB / 34360MB, model q35, ns "cx-cachesize-q35-b32768-r02-hot-72")
[meter] admit id=cmpl-2144010528fbf4ef6a7e755f473b868b tenant=default lane=interactive model="q35"
[spec-k] model="q35" tenant="cx-cachesize-q35-b32768-r02-hot-73" K=0 source=eligibility-fallback prompt=4860 cached=0 lcp=0 active=1 placement=single-or-non-pp2
[prefix-cache] insert (seed): 4860 tokens, 111.0MB (resident 8211.4MB / 34360MB, model q35, ns "cx-cachesize-q35-b32768-r02-hot-73")
[meter] admit id=cmpl-763f8d0cedbe5d5a810abc134760621c tenant=default lane=interactive model="q35"
[spec-k] model="q35" tenant="cx-cachesize-q35-b32768-r02-hot-74" K=0 source=eligibility-fallback prompt=4860 cached=0 lcp=0 active=1 placement=single-or-non-pp2
[prefix-cache] insert (seed): 4860 tokens, 111.0MB (resident 8322.3MB / 34360MB, model q35, ns "cx-cachesize-q35-b32768-r02-hot-74")
[meter] admit id=cmpl-1915d5f39e44efa16227a187ad3e2985 tenant=default lane=interactive model="q35"
[spec-k] model="q35" tenant="cx-cachesize-q35-b32768-r02-hot-75" K=0 source=eligibility-fallback prompt=4860 cached=0 lcp=0 active=1 placement=single-or-non-pp2
[prefix-cache] insert (seed): 4860 tokens, 111.0MB (resident 8433.3MB / 34360MB, model q35, ns "cx-cachesize-q35-b32768-r02-hot-75")
[meter] admit id=cmpl-d0bdc0e79ee539172f0903af3fdf11d7 tenant=default lane=interactive model="q35"
[spec-k] model="q35" tenant="cx-cachesize-q35-b32768-r02-hot-76" K=0 source=eligibility-fallback prompt=4860 cached=0 lcp=0 active=1 placement=single-or-non-pp2
[prefix-cache] insert (seed): 4860 tokens, 111.0MB (resident 8544.3MB / 34360MB, model q35, ns "cx-cachesize-q35-b32768-r02-hot-76")
[meter] admit id=cmpl-daa176789d7ec26146f45b5c8ea3c3ec tenant=default lane=interactive model="q35"
[spec-k] model="q35" tenant="cx-cachesize-q35-b32768-r02-hot-77" K=0 source=eligibility-fallback prompt=4860 cached=0 lcp=0 active=1 placement=single-or-non-pp2
[prefix-cache] insert (seed): 4860 tokens, 111.0MB (resident 8655.2MB / 34360MB, model q35, ns "cx-cachesize-q35-b32768-r02-hot-77")
[meter] admit id=cmpl-c5961f9f6832cfc189d4ea11f5124769 tenant=default lane=interactive model="q35"
[spec-k] model="q35" tenant="cx-cachesize-q35-b32768-r02-hot-78" K=0 source=eligibility-fallback prompt=4860 cached=0 lcp=0 active=1 placement=single-or-non-pp2
[prefix-cache] insert (seed): 4860 tokens, 111.0MB (resident 8766.2MB / 34360MB, model q35, ns "cx-cachesize-q35-b32768-r02-hot-78")
[meter] admit id=cmpl-d8cc1f25c1ffe3a6cdebf7f883fbbdea tenant=default lane=interactive model="q35"
[spec-k] model="q35" tenant="cx-cachesize-q35-b32768-r02-hot-79" K=0 source=eligibility-fallback prompt=4860 cached=0 lcp=0 active=1 placement=single-or-non-pp2
[prefix-cache] insert (seed): 4860 tokens, 111.0MB (resident 8877.2MB / 34360MB, model q35, ns "cx-cachesize-q35-b32768-r02-hot-79")
[meter] admit id=cmpl-e839d8dd1d90f0c88cda3f50512675de tenant=default lane=interactive model="q35"
[spec-k] model="q35" tenant="cx-cachesize-q35-b32768-r02-hot-80" K=0 source=eligibility-fallback prompt=4860 cached=0 lcp=0 active=1 placement=single-or-non-pp2
[prefix-cache] insert (seed): 4860 tokens, 111.0MB (resident 8988.1MB / 34360MB, model q35, ns "cx-cachesize-q35-b32768-r02-hot-80")
[meter] admit id=cmpl-6c2d7cc3b9f946375592f771e5aab228 tenant=default lane=interactive model="q35"
[spec-k] model="q35" tenant="cx-cachesize-q35-b32768-r02-hot-81" K=0 source=eligibility-fallback prompt=4860 cached=0 lcp=0 active=1 placement=single-or-non-pp2
[prefix-cache] insert (seed): 4860 tokens, 111.0MB (resident 9099.1MB / 34360MB, model q35, ns "cx-cachesize-q35-b32768-r02-hot-81")
[meter] admit id=cmpl-ea3710e71bcd897c734ad21b5c2006aa tenant=default lane=interactive model="q35"
[spec-k] model="q35" tenant="cx-cachesize-q35-b32768-r02-hot-82" K=0 source=eligibility-fallback prompt=4860 cached=0 lcp=0 active=1 placement=single-or-non-pp2
[prefix-cache] insert (seed): 4860 tokens, 111.0MB (resident 9210.1MB / 34360MB, model q35, ns "cx-cachesize-q35-b32768-r02-hot-82")
[meter] admit id=cmpl-4efc964002f69f947aae26faf67d116a tenant=default lane=interactive model="q35"
[spec-k] model="q35" tenant="cx-cachesize-q35-b32768-r02-hot-83" K=0 source=eligibility-fallback prompt=4860 cached=0 lcp=0 active=1 placement=single-or-non-pp2
[prefix-cache] insert (seed): 4860 tokens, 111.0MB (resident 9321.0MB / 34360MB, model q35, ns "cx-cachesize-q35-b32768-r02-hot-83")
[meter] admit id=cmpl-915b079dc3e587a6518b2cf1e5c94fe9 tenant=default lane=interactive model="q35"
[spec-k] model="q35" tenant="cx-cachesize-q35-b32768-r02-hot-84" K=0 source=eligibility-fallback prompt=4860 cached=0 lcp=0 active=1 placement=single-or-non-pp2
[prefix-cache] insert (seed): 4860 tokens, 111.0MB (resident 9432.0MB / 34360MB, model q35, ns "cx-cachesize-q35-b32768-r02-hot-84")
[meter] admit id=cmpl-74fb2146c985ccf3eff868afcfe10a01 tenant=default lane=interactive model="q35"
[spec-k] model="q35" tenant="cx-cachesize-q35-b32768-r02-hot-85" K=0 source=eligibility-fallback prompt=4860 cached=0 lcp=0 active=1 placement=single-or-non-pp2
[prefix-cache] insert (seed): 4860 tokens, 111.0MB (resident 9542.9MB / 34360MB, model q35, ns "cx-cachesize-q35-b32768-r02-hot-85")
[meter] admit id=cmpl-6db53f79385e928291287e44a589a8cc tenant=default lane=interactive model="q35"
[spec-k] model="q35" tenant="cx-cachesize-q35-b32768-r02-hot-86" K=0 source=eligibility-fallback prompt=4860 cached=0 lcp=0 active=1 placement=single-or-non-pp2
[prefix-cache] insert (seed): 4860 tokens, 111.0MB (resident 9653.9MB / 34360MB, model q35, ns "cx-cachesize-q35-b32768-r02-hot-86")
[meter] admit id=cmpl-2d1024a5cc6b83d923a6bb8c10d529d1 tenant=default lane=interactive model="q35"
[spec-k] model="q35" tenant="cx-cachesize-q35-b32768-r02-hot-87" K=0 source=eligibility-fallback prompt=4860 cached=0 lcp=0 active=1 placement=single-or-non-pp2
[prefix-cache] insert (seed): 4860 tokens, 111.0MB (resident 9764.9MB / 34360MB, model q35, ns "cx-cachesize-q35-b32768-r02-hot-87")
[meter] admit id=cmpl-298700db1d4a6252cd8090ab5af34548 tenant=default lane=interactive model="q35"
[spec-k] model="q35" tenant="cx-cachesize-q35-b32768-r02-hot-88" K=0 source=eligibility-fallback prompt=4860 cached=0 lcp=0 active=1 placement=single-or-non-pp2
[prefix-cache] insert (seed): 4860 tokens, 111.0MB (resident 9875.8MB / 34360MB, model q35, ns "cx-cachesize-q35-b32768-r02-hot-88")
[meter] admit id=cmpl-244445cfbffa6410f222b11291f659ab tenant=default lane=interactive model="q35"
[spec-k] model="q35" tenant="cx-cachesize-q35-b32768-r02-hot-89" K=0 source=eligibility-fallback prompt=4860 cached=0 lcp=0 active=1 placement=single-or-non-pp2
[prefix-cache] insert (seed): 4860 tokens, 111.0MB (resident 9986.8MB / 34360MB, model q35, ns "cx-cachesize-q35-b32768-r02-hot-89")
[meter] admit id=cmpl-9142079c41717ad20a5f5924d5211a16 tenant=default lane=interactive model="q35"
[spec-k] model="q35" tenant="cx-cachesize-q35-b32768-r02-hot-90" K=0 source=eligibility-fallback prompt=4860 cached=0 lcp=0 active=1 placement=single-or-non-pp2
[prefix-cache] insert (seed): 4860 tokens, 111.0MB (resident 10097.8MB / 34360MB, model q35, ns "cx-cachesize-q35-b32768-r02-hot-90")
[meter] admit id=cmpl-717324452a76ab76cda1a87b1b8dc29d tenant=default lane=interactive model="q35"
[spec-k] model="q35" tenant="cx-cachesize-q35-b32768-r02-hot-91" K=0 source=eligibility-fallback prompt=4860 cached=0 lcp=0 active=1 placement=single-or-non-pp2
[prefix-cache] insert (seed): 4860 tokens, 111.0MB (resident 10208.7MB / 34360MB, model q35, ns "cx-cachesize-q35-b32768-r02-hot-91")
[meter] admit id=cmpl-5d9cee064195fa885a0e55b4dd635275 tenant=default lane=interactive model="q35"
[spec-k] model="q35" tenant="cx-cachesize-q35-b32768-r02-hot-92" K=0 source=eligibility-fallback prompt=4860 cached=0 lcp=0 active=1 placement=single-or-non-pp2
[prefix-cache] insert (seed): 4860 tokens, 111.0MB (resident 10319.7MB / 34360MB, model q35, ns "cx-cachesize-q35-b32768-r02-hot-92")
[meter] admit id=cmpl-07b87f91ea6b7a8a300053bc652e9bac tenant=default lane=interactive model="q35"
[spec-k] model="q35" tenant="cx-cachesize-q35-b32768-r02-hot-93" K=0 source=eligibility-fallback prompt=4860 cached=0 lcp=0 active=1 placement=single-or-non-pp2
[prefix-cache] insert (seed): 4860 tokens, 111.0MB (resident 10430.7MB / 34360MB, model q35, ns "cx-cachesize-q35-b32768-r02-hot-93")
[meter] admit id=cmpl-bced11fc0bf689594db2e59e1316b7fb tenant=default lane=interactive model="q35"
[spec-k] model="q35" tenant="cx-cachesize-q35-b32768-r02-hot-94" K=0 source=eligibility-fallback prompt=4860 cached=0 lcp=0 active=1 placement=single-or-non-pp2
[prefix-cache] insert (seed): 4860 tokens, 111.0MB (resident 10541.6MB / 34360MB, model q35, ns "cx-cachesize-q35-b32768-r02-hot-94")
[meter] admit id=cmpl-e42e613dc3d693d0a4d5292143e5551f tenant=default lane=interactive model="q35"
[spec-k] model="q35" tenant="cx-cachesize-q35-b32768-r02-hot-95" K=0 source=eligibility-fallback prompt=4860 cached=0 lcp=0 active=1 placement=single-or-non-pp2
[prefix-cache] insert (seed): 4860 tokens, 111.0MB (resident 10652.6MB / 34360MB, model q35, ns "cx-cachesize-q35-b32768-r02-hot-95")
[meter] admit id=cmpl-e81b3623c5a9af83bc94eb0b3df1fd98 tenant=default lane=interactive model="q35"
[admission] request cost: model="q35" ctx=4984 path=plain = 10208 B/token x ctx + 129MB fixed = 180MB
[meter] admit id=cmpl-b826c8f395c3d043a15af0d29b2fc2bf tenant=default lane=interactive model="q35"
[meter] admit id=cmpl-73df3b2eb983b61ebdb40d87cfe12ddb tenant=default lane=interactive model="q35"
[meter] admit id=cmpl-a2a57436677066e4a22fed2a1cb92278 tenant=default lane=interactive model="q35"
[prefix-cache] hit: 4860 of 4860 prompt tokens from cache (model q35)
[spec-k] model="q35" tenant="cx-cachesize-q35-b32768-r02-hot-4" K=0 source=eligibility-fallback prompt=4860 cached=4860 lcp=4860 active=1 placement=single-or-non-pp2
[prefix-cache] hit: 4860 of 4860 prompt tokens from cache (model q35)
[spec-k] model="q35" tenant="cx-cachesize-q35-b32768-r02-hot-14" K=0 source=eligibility-fallback prompt=4860 cached=4860 lcp=4860 active=2 placement=single-or-non-pp2
[prefix-cache] hit: 4860 of 4860 prompt tokens from cache (model q35)
[spec-k] model="q35" tenant="cx-cachesize-q35-b32768-r02-hot-55" K=0 source=concurrency prompt=4860 cached=4860 lcp=4860 active=3 placement=single-or-non-pp2
[prefix-cache] hit: 4860 of 4860 prompt tokens from cache (model q35)
[spec-k] model="q35" tenant="cx-cachesize-q35-b32768-r02-hot-32" K=0 source=concurrency prompt=4860 cached=4860 lcp=4860 active=4 placement=single-or-non-pp2
[meter] admit id=cmpl-8ce7f46110504ea5f0b845488c5777d8 tenant=default lane=interactive model="q35"
[prefix-cache] hit: 4860 of 4860 prompt tokens from cache (model q35)
[spec-k] model="q35" tenant="cx-cachesize-q35-b32768-r02-hot-62" K=0 source=concurrency prompt=4860 cached=4860 lcp=4860 active=4 placement=single-or-non-pp2
[meter] admit id=cmpl-422755ca2e7ebd6a45392229ff9e3f1b tenant=default lane=interactive model="q35"
[meter] admit id=cmpl-8952ca1ba8f0fccc1c591bdd4fa6d41c tenant=default lane=interactive model="q35"
[meter] admit id=cmpl-e95740684bc853d977ed27c4c4399b63 tenant=default lane=interactive model="q35"
[prefix-cache] hit: 4860 of 4860 prompt tokens from cache (model q35)
[spec-k] model="q35" tenant="cx-cachesize-q35-b32768-r02-hot-76" K=0 source=eligibility-fallback prompt=4860 cached=4860 lcp=4860 active=2 placement=single-or-non-pp2
[prefix-cache] hit: 4860 of 4860 prompt tokens from cache (model q35)
[spec-k] model="q35" tenant="cx-cachesize-q35-b32768-r02-hot-82" K=0 source=concurrency prompt=4860 cached=4860 lcp=4860 active=3 placement=single-or-non-pp2
[prefix-cache] hit: 4860 of 4860 prompt tokens from cache (model q35)
[spec-k] model="q35" tenant="cx-cachesize-q35-b32768-r02-hot-75" K=0 source=concurrency prompt=4860 cached=4860 lcp=4860 active=4 placement=single-or-non-pp2
[meter] admit id=cmpl-d9986e52cd5586993e3b95a2ba807956 tenant=default lane=interactive model="q35"
[prefix-cache] hit: 4860 of 4860 prompt tokens from cache (model q35)
[spec-k] model="q35" tenant="cx-cachesize-q35-b32768-r02-hot-77" K=0 source=concurrency prompt=4860 cached=4860 lcp=4860 active=4 placement=single-or-non-pp2
[meter] admit id=cmpl-fef84d35c1e8b60f15a88668fa6a6ba8 tenant=default lane=interactive model="q35"
[meter] admit id=cmpl-66cd6d1cc2ddfb0c6488365f3f16b273 tenant=default lane=interactive model="q35"
[meter] admit id=cmpl-b4e2e989736b49a6b4c3a1f6e6a27cea tenant=default lane=interactive model="q35"
[prefix-cache] hit: 4860 of 4860 prompt tokens from cache (model q35)
[spec-k] model="q35" tenant="cx-cachesize-q35-b32768-r02-hot-30" K=0 source=eligibility-fallback prompt=4860 cached=4860 lcp=4860 active=2 placement=single-or-non-pp2
[prefix-cache] hit: 4860 of 4860 prompt tokens from cache (model q35)
[spec-k] model="q35" tenant="cx-cachesize-q35-b32768-r02-hot-80" K=0 source=concurrency prompt=4860 cached=4860 lcp=4860 active=3 placement=single-or-non-pp2
[prefix-cache] hit: 4860 of 4860 prompt tokens from cache (model q35)
[spec-k] model="q35" tenant="cx-cachesize-q35-b32768-r02-hot-21" K=0 source=concurrency prompt=4860 cached=4860 lcp=4860 active=4 placement=single-or-non-pp2
[meter] admit id=cmpl-6d444c3c3daba299b2f5cee673530905 tenant=default lane=interactive model="q35"
[prefix-cache] hit: 4860 of 4860 prompt tokens from cache (model q35)
[spec-k] model="q35" tenant="cx-cachesize-q35-b32768-r02-hot-13" K=0 source=concurrency prompt=4860 cached=4860 lcp=4860 active=4 placement=single-or-non-pp2
[meter] admit id=cmpl-6ea16cbeaf0c003ad8afc6dbe2d5e6c8 tenant=default lane=interactive model="q35"
[meter] admit id=cmpl-aeeb96b883867c953d17b89e2c86a9f3 tenant=default lane=interactive model="q35"
[meter] admit id=cmpl-0d264993df9526629b446460011e103d tenant=default lane=interactive model="q35"
[prefix-cache] hit: 4860 of 4860 prompt tokens from cache (model q35)
[spec-k] model="q35" tenant="cx-cachesize-q35-b32768-r02-hot-7" K=0 source=eligibility-fallback prompt=4860 cached=4860 lcp=4860 active=2 placement=single-or-non-pp2
[prefix-cache] hit: 4860 of 4860 prompt tokens from cache (model q35)
[spec-k] model="q35" tenant="cx-cachesize-q35-b32768-r02-hot-89" K=0 source=concurrency prompt=4860 cached=4860 lcp=4860 active=3 placement=single-or-non-pp2
[spec-k] model="q35" tenant="cx-cachesize-q35-b32768-r02-q35-b32768-r2-c4-cold-13" K=0 source=concurrency prompt=4860 cached=0 lcp=0 active=4 placement=single-or-non-pp2
[prefix-cache] insert (seed): 4860 tokens, 111.0MB (resident 10763.6MB / 34360MB, model q35, ns "cx-cachesize-q35-b32768-r02-q35-b32768-r2-c4-cold-13")
[meter] admit id=cmpl-9e4c63723d4f0e9122255a2f05dabbbb tenant=default lane=interactive model="q35"
[prefix-cache] hit: 4860 of 4860 prompt tokens from cache (model q35)
[spec-k] model="q35" tenant="cx-cachesize-q35-b32768-r02-hot-19" K=0 source=concurrency prompt=4860 cached=4860 lcp=4860 active=4 placement=single-or-non-pp2
[meter] admit id=cmpl-a97e1565d34715cc15962df89140959a tenant=default lane=interactive model="q35"
[meter] admit id=cmpl-d8138c1c7bac3e3a234323c05afaf8a3 tenant=default lane=interactive model="q35"
[prefix-cache] hit: 4860 of 4860 prompt tokens from cache (model q35)
[spec-k] model="q35" tenant="cx-cachesize-q35-b32768-r02-hot-43" K=0 source=concurrency prompt=4860 cached=4860 lcp=4860 active=3 placement=single-or-non-pp2
[prefix-cache] hit: 4860 of 4860 prompt tokens from cache (model q35)
[spec-k] model="q35" tenant="cx-cachesize-q35-b32768-r02-hot-48" K=0 source=concurrency prompt=4860 cached=4860 lcp=4860 active=4 placement=single-or-non-pp2
[meter] admit id=cmpl-fe394e934bd2c5e62ac72170f9d02209 tenant=default lane=interactive model="q35"
[spec-k] model="q35" tenant="cx-cachesize-q35-b32768-r02-q35-b32768-r2-c4-cold-19" K=0 source=concurrency prompt=4860 cached=0 lcp=0 active=4 placement=single-or-non-pp2
[prefix-cache] insert (seed): 4860 tokens, 111.0MB (resident 10874.5MB / 34360MB, model q35, ns "cx-cachesize-q35-b32768-r02-q35-b32768-r2-c4-cold-19")
[meter] admit id=cmpl-8f280070dd5b9340ca91e623c83d5953 tenant=default lane=interactive model="q35"
[meter] admit id=cmpl-3ea4d51a2e23cdf059985538c628ee08 tenant=default lane=interactive model="q35"
[meter] admit id=cmpl-6b0aa4b1c54aba516e21c39dbb259937 tenant=default lane=interactive model="q35"
[meter] admit id=cmpl-ede390a89ec4ac04e614e7dfd72931f5 tenant=default lane=interactive model="q35"
[meter] admit id=cmpl-95f0afa8e2db51d0aac9f15b654de2e4 tenant=default lane=interactive model="q35"
[meter] admit id=cmpl-df665a1de0dc457e85cca46cc6b6c165 tenant=default lane=interactive model="q35"
[meter] admit id=cmpl-fc445361fd9dac87df8f0abd14e7c941 tenant=default lane=interactive model="q35"
[meter] admit id=cmpl-b2001e989fe70d3ab1bab1d02be28179 tenant=default lane=interactive model="q35"
[meter] admit id=cmpl-09e47edbefddcc9b009b363cbaaf103c tenant=default lane=interactive model="q35"
[meter] admit id=cmpl-39d267561fbb567367a50bb9c8a2309d tenant=default lane=interactive model="q35"
[meter] admit id=cmpl-248e831469c0a963c01978f911d1f6c4 tenant=default lane=interactive model="q35"
[prefix-cache] hit: 4860 of 4860 prompt tokens from cache (model q35)
[meter] admit id=cmpl-6f60fc1a7d6b1116e5909038f8e9888c tenant=default lane=interactive model="q35"
[spec-k] model="q35" tenant="cx-cachesize-q35-b32768-r02-hot-92" K=0 source=eligibility-fallback prompt=4860 cached=4860 lcp=4860 active=1 placement=single-or-non-pp2
[meter] admit id=cmpl-5a894b1c8e4c91005534cc8c990aec70 tenant=default lane=interactive model="q35"
[meter] admit id=cmpl-b583db711dd33c45a50d9818a901f227 tenant=default lane=interactive model="q35"
[meter] admit id=cmpl-60080be147a25568faf0493a33f2ed8a tenant=default lane=interactive model="q35"
[meter] admit id=cmpl-5c60fd1adfac9f1658a990b2ed70c820 tenant=default lane=interactive model="q35"
[meter] admit id=cmpl-db1fda40b270b25d091db374672b392c tenant=default lane=interactive model="q35"
[meter] admit id=cmpl-62dc6963a1bbb9d68c2e0497eeec4419 tenant=default lane=interactive model="q35"
[meter] admit id=cmpl-6e34d3a533e1ce6533c6d7a7b7a09136 tenant=default lane=interactive model="q35"
[meter] admit id=cmpl-4083fad223a93f46f003f534d98db66c tenant=default lane=interactive model="q35"
[meter] admit id=cmpl-afd86c0f3068890d722e2bf7c8ea8df8 tenant=default lane=interactive model="q35"
[meter] admit id=cmpl-fb37d6a988724ceaeea30f1210d6ad94 tenant=default lane=interactive model="q35"
[meter] admit id=cmpl-e69de9c6c793947a3cf98f91f0502965 tenant=default lane=interactive model="q35"
[meter] admit id=cmpl-a7a0df72bae2273dcbf0ad9a7d5a7af0 tenant=default lane=interactive model="q35"
[meter] admit id=cmpl-63d3feab5384748bbd4cc921eb62973e tenant=default lane=interactive model="q35"
[meter] admit id=cmpl-cb4b1fb2a3c7a5e6eb6d44afd48453d6 tenant=default lane=interactive model="q35"
[meter] admit id=cmpl-a492c8fc1072a845cb6f0b84b7324926 tenant=default lane=interactive model="q35"
[meter] admit id=cmpl-b8d7574b78cc344258f73c1245890241 tenant=default lane=interactive model="q35"
[meter] admit id=cmpl-92a00c0d20141676641655bc18d87977 tenant=default lane=interactive model="q35"
[meter] admit id=cmpl-356d91bb80cf53b4b2ea919f6566216c tenant=default lane=interactive model="q35"
[meter] admit id=cmpl-08053434a14832ad661ec0a27124c449 tenant=default lane=interactive model="q35"
[meter] admit id=cmpl-495acf56fda6edd3630d1d0c08b2eb6e tenant=default lane=interactive model="q35"
[meter] admit id=cmpl-5abf1cb5792b00325a04c1a4e95de00a tenant=default lane=interactive model="q35"
[meter] admit id=cmpl-73ac38e44938717d80d760307f2518fa tenant=default lane=interactive model="q35"
[meter] admit id=cmpl-f107e8483cdf6c9b3ea2590970f605a0 tenant=default lane=interactive model="q35"
[meter] admit id=cmpl-c4df6f920d69c9adf289b5e1b690d147 tenant=default lane=interactive model="q35"
[meter] admit id=cmpl-0074d08f6559eab168b382c14c5a4451 tenant=default lane=interactive model="q35"
[meter] admit id=cmpl-80fbab5a3659d8b378997901b5345adf tenant=default lane=interactive model="q35"
[meter] admit id=cmpl-1969638dddd5a5c5186270dc8fb37045 tenant=default lane=interactive model="q35"
[meter] admit id=cmpl-1b359d18bf3b60db508be4dad6f92e69 tenant=default lane=interactive model="q35"
[prefix-cache] hit: 4860 of 4860 prompt tokens from cache (model q35)
[spec-k] model="q35" tenant="cx-cachesize-q35-b32768-r02-hot-64" K=0 source=eligibility-fallback prompt=4860 cached=4860 lcp=4860 active=2 placement=single-or-non-pp2
[prefix-cache] hit: 4860 of 4860 prompt tokens from cache (model q35)
[spec-k] model="q35" tenant="cx-cachesize-q35-b32768-r02-hot-46" K=0 source=concurrency prompt=4860 cached=4860 lcp=4860 active=3 placement=single-or-non-pp2
[prefix-cache] hit: 4860 of 4860 prompt tokens from cache (model q35)
[spec-k] model="q35" tenant="cx-cachesize-q35-b32768-r02-hot-49" K=0 source=concurrency prompt=4860 cached=4860 lcp=4860 active=4 placement=single-or-non-pp2
[prefix-cache] hit: 4860 of 4860 prompt tokens from cache (model q35)
[spec-k] model="q35" tenant="cx-cachesize-q35-b32768-r02-hot-1" K=0 source=concurrency prompt=4860 cached=4860 lcp=4860 active=5 placement=single-or-non-pp2
[prefix-cache] hit: 4860 of 4860 prompt tokens from cache (model q35)
[spec-k] model="q35" tenant="cx-cachesize-q35-b32768-r02-hot-60" K=0 source=concurrency prompt=4860 cached=4860 lcp=4860 active=6 placement=single-or-non-pp2
[prefix-cache] hit: 4860 of 4860 prompt tokens from cache (model q35)
[spec-k] model="q35" tenant="cx-cachesize-q35-b32768-r02-hot-23" K=0 source=concurrency prompt=4860 cached=4860 lcp=4860 active=7 placement=single-or-non-pp2
[prefix-cache] hit: 4860 of 4860 prompt tokens from cache (model q35)
[spec-k] model="q35" tenant="cx-cachesize-q35-b32768-r02-hot-95" K=0 source=concurrency prompt=4860 cached=4860 lcp=4860 active=8 placement=single-or-non-pp2
[prefix-cache] hit: 4860 of 4860 prompt tokens from cache (model q35)
[spec-k] model="q35" tenant="cx-cachesize-q35-b32768-r02-hot-5" K=0 source=concurrency prompt=4860 cached=4860 lcp=4860 active=9 placement=single-or-non-pp2
[spec-k] model="q35" tenant="cx-cachesize-q35-b32768-r02-q35-b32768-r2-c40-cold-28" K=0 source=concurrency prompt=4860 cached=0 lcp=0 active=10 placement=single-or-non-pp2
[prefix-cache] hit: 4860 of 4860 prompt tokens from cache (model q35)
[spec-k] model="q35" tenant="cx-cachesize-q35-b32768-r02-hot-3" K=0 source=concurrency prompt=4860 cached=4860 lcp=4860 active=11 placement=single-or-non-pp2
[prefix-cache] hit: 4860 of 4860 prompt tokens from cache (model q35)
[spec-k] model="q35" tenant="cx-cachesize-q35-b32768-r02-hot-16" K=0 source=concurrency prompt=4860 cached=4860 lcp=4860 active=12 placement=single-or-non-pp2
[spec-k] model="q35" tenant="cx-cachesize-q35-b32768-r02-q35-b32768-r2-c40-cold-16" K=0 source=concurrency prompt=4860 cached=0 lcp=0 active=13 placement=single-or-non-pp2
[prefix-cache] hit: 4860 of 4860 prompt tokens from cache (model q35)
[spec-k] model="q35" tenant="cx-cachesize-q35-b32768-r02-hot-6" K=0 source=concurrency prompt=4860 cached=4860 lcp=4860 active=14 placement=single-or-non-pp2
[prefix-cache] hit: 4860 of 4860 prompt tokens from cache (model q35)
[spec-k] model="q35" tenant="cx-cachesize-q35-b32768-r02-hot-50" K=0 source=concurrency prompt=4860 cached=4860 lcp=4860 active=15 placement=single-or-non-pp2
[prefix-cache] hit: 4860 of 4860 prompt tokens from cache (model q35)
[spec-k] model="q35" tenant="cx-cachesize-q35-b32768-r02-hot-18" K=0 source=concurrency prompt=4860 cached=4860 lcp=4860 active=16 placement=single-or-non-pp2
[spec-k] model="q35" tenant="cx-cachesize-q35-b32768-r02-q35-b32768-r2-c40-cold-12" K=0 source=concurrency prompt=4860 cached=0 lcp=0 active=17 placement=single-or-non-pp2
[prefix-cache] hit: 4860 of 4860 prompt tokens from cache (model q35)
[spec-k] model="q35" tenant="cx-cachesize-q35-b32768-r02-hot-79" K=0 source=concurrency prompt=4860 cached=4860 lcp=4860 active=18 placement=single-or-non-pp2
[prefix-cache] hit: 4860 of 4860 prompt tokens from cache (model q35)
[spec-k] model="q35" tenant="cx-cachesize-q35-b32768-r02-hot-71" K=0 source=concurrency prompt=4860 cached=4860 lcp=4860 active=19 placement=single-or-non-pp2
[prefix-cache] hit: 4860 of 4860 prompt tokens from cache (model q35)
[spec-k] model="q35" tenant="cx-cachesize-q35-b32768-r02-hot-91" K=0 source=concurrency prompt=4860 cached=4860 lcp=4860 active=20 placement=single-or-non-pp2
[prefix-cache] hit: 4860 of 4860 prompt tokens from cache (model q35)
[spec-k] model="q35" tenant="cx-cachesize-q35-b32768-r02-hot-38" K=0 source=concurrency prompt=4860 cached=4860 lcp=4860 active=21 placement=single-or-non-pp2
[prefix-cache] hit: 4860 of 4860 prompt tokens from cache (model q35)
[spec-k] model="q35" tenant="cx-cachesize-q35-b32768-r02-hot-51" K=0 source=concurrency prompt=4860 cached=4860 lcp=4860 active=22 placement=single-or-non-pp2
[prefix-cache] hit: 4860 of 4860 prompt tokens from cache (model q35)
[spec-k] model="q35" tenant="cx-cachesize-q35-b32768-r02-hot-52" K=0 source=concurrency prompt=4860 cached=4860 lcp=4860 active=23 placement=single-or-non-pp2
[prefix-cache] hit: 4860 of 4860 prompt tokens from cache (model q35)
[spec-k] model="q35" tenant="cx-cachesize-q35-b32768-r02-hot-56" K=0 source=concurrency prompt=4860 cached=4860 lcp=4860 active=24 placement=single-or-non-pp2
[prefix-cache] hit: 4860 of 4860 prompt tokens from cache (model q35)
[spec-k] model="q35" tenant="cx-cachesize-q35-b32768-r02-hot-67" K=0 source=concurrency prompt=4860 cached=4860 lcp=4860 active=25 placement=single-or-non-pp2
[prefix-cache] hit: 4860 of 4860 prompt tokens from cache (model q35)
[spec-k] model="q35" tenant="cx-cachesize-q35-b32768-r02-hot-58" K=0 source=concurrency prompt=4860 cached=4860 lcp=4860 active=26 placement=single-or-non-pp2
[prefix-cache] hit: 4860 of 4860 prompt tokens from cache (model q35)
[spec-k] model="q35" tenant="cx-cachesize-q35-b32768-r02-hot-2" K=0 source=concurrency prompt=4860 cached=4860 lcp=4860 active=27 placement=single-or-non-pp2
[prefix-cache] hit: 4860 of 4860 prompt tokens from cache (model q35)
[spec-k] model="q35" tenant="cx-cachesize-q35-b32768-r02-hot-85" K=0 source=concurrency prompt=4860 cached=4860 lcp=4860 active=28 placement=single-or-non-pp2
[prefix-cache] hit: 4860 of 4860 prompt tokens from cache (model q35)
[spec-k] model="q35" tenant="cx-cachesize-q35-b32768-r02-hot-11" K=0 source=concurrency prompt=4860 cached=4860 lcp=4860 active=29 placement=single-or-non-pp2
[prefix-cache] hit: 4860 of 4860 prompt tokens from cache (model q35)
[spec-k] model="q35" tenant="cx-cachesize-q35-b32768-r02-hot-78" K=0 source=concurrency prompt=4860 cached=4860 lcp=4860 active=30 placement=single-or-non-pp2
[prefix-cache] hit: 4860 of 4860 prompt tokens from cache (model q35)
[spec-k] model="q35" tenant="cx-cachesize-q35-b32768-r02-hot-31" K=0 source=concurrency prompt=4860 cached=4860 lcp=4860 active=31 placement=single-or-non-pp2
[prefix-cache] hit: 4860 of 4860 prompt tokens from cache (model q35)
[spec-k] model="q35" tenant="cx-cachesize-q35-b32768-r02-hot-42" K=0 source=concurrency prompt=4860 cached=4860 lcp=4860 active=32 placement=single-or-non-pp2
[prefix-cache] hit: 4860 of 4860 prompt tokens from cache (model q35)
[spec-k] model="q35" tenant="cx-cachesize-q35-b32768-r02-hot-9" K=0 source=concurrency prompt=4860 cached=4860 lcp=4860 active=33 placement=single-or-non-pp2
[prefix-cache] hit: 4860 of 4860 prompt tokens from cache (model q35)
[spec-k] model="q35" tenant="cx-cachesize-q35-b32768-r02-hot-68" K=0 source=concurrency prompt=4860 cached=4860 lcp=4860 active=34 placement=single-or-non-pp2
[prefix-cache] hit: 4860 of 4860 prompt tokens from cache (model q35)
[spec-k] model="q35" tenant="cx-cachesize-q35-b32768-r02-hot-17" K=0 source=concurrency prompt=4860 cached=4860 lcp=4860 active=35 placement=single-or-non-pp2
[prefix-cache] hit: 4860 of 4860 prompt tokens from cache (model q35)
[spec-k] model="q35" tenant="cx-cachesize-q35-b32768-r02-hot-33" K=0 source=concurrency prompt=4860 cached=4860 lcp=4860 active=36 placement=single-or-non-pp2
[prefix-cache] hit: 4860 of 4860 prompt tokens from cache (model q35)
[spec-k] model="q35" tenant="cx-cachesize-q35-b32768-r02-hot-35" K=0 source=concurrency prompt=4860 cached=4860 lcp=4860 active=37 placement=single-or-non-pp2
[spec-k] model="q35" tenant="cx-cachesize-q35-b32768-r02-q35-b32768-r2-c40-cold-14" K=0 source=concurrency prompt=4860 cached=0 lcp=0 active=38 placement=single-or-non-pp2
[prefix-cache] hit: 4860 of 4860 prompt tokens from cache (model q35)
[spec-k] model="q35" tenant="cx-cachesize-q35-b32768-r02-hot-20" K=0 source=concurrency prompt=4860 cached=4860 lcp=4860 active=39 placement=single-or-non-pp2
[prefix-cache] hit: 4860 of 4860 prompt tokens from cache (model q35)
[spec-k] model="q35" tenant="cx-cachesize-q35-b32768-r02-hot-72" K=0 source=concurrency prompt=4860 cached=4860 lcp=4860 active=40 placement=single-or-non-pp2
[prefix-cache] insert (seed): 4860 tokens, 111.0MB (resident 10985.5MB / 34360MB, model q35, ns "cx-cachesize-q35-b32768-r02-q35-b32768-r2-c40-cold-28")
[prefix-cache] insert (seed): 4860 tokens, 111.0MB (resident 11096.4MB / 34360MB, model q35, ns "cx-cachesize-q35-b32768-r02-q35-b32768-r2-c40-cold-16")
[prefix-cache] insert (seed): 4860 tokens, 111.0MB (resident 11207.4MB / 34360MB, model q35, ns "cx-cachesize-q35-b32768-r02-q35-b32768-r2-c40-cold-12")
[prefix-cache] insert (seed): 4860 tokens, 111.0MB (resident 11318.4MB / 34360MB, model q35, ns "cx-cachesize-q35-b32768-r02-q35-b32768-r2-c40-cold-14")
[meter] admit id=cmpl-27fe5b5aba603e8e0f6f66836285c2a4 tenant=default lane=interactive model="q35"
[meter] admit id=cmpl-a1993b0ba7c81dd0f48e9f38bd90dd5f tenant=default lane=interactive model="q35"
[meter] admit id=cmpl-0139ddaf831469c017fe42be2efcdb99 tenant=default lane=interactive model="q35"
[meter] admit id=cmpl-ca32cb240fd56ae9fcd9316a8b49ec98 tenant=default lane=interactive model="q35"
[meter] admit id=cmpl-1a26278dc52735e902d33f13eb0c117f tenant=default lane=interactive model="q35"
[meter] admit id=cmpl-ae1553507907f39363c244f14a53c5b7 tenant=default lane=interactive model="q35"
[meter] admit id=cmpl-d4e85a578391c15000d5013cac40040d tenant=default lane=interactive model="q35"
[meter] admit id=cmpl-6e17182f55a2de509a4302a3713edf37 tenant=default lane=interactive model="q35"
[prefix-cache] hit: 4860 of 4860 prompt tokens from cache (model q35)
[spec-k] model="q35" tenant="cx-cachesize-q35-b32768-r02-hot-84" K=0 source=eligibility-fallback prompt=4860 cached=4860 lcp=4860 active=1 placement=single-or-non-pp2
[meter] admit id=cmpl-094d9841aa409e0aadb59e63c9eece50 tenant=default lane=interactive model="q35"
[meter] admit id=cmpl-06dcfe72b1a691271e32e2c68deec210 tenant=default lane=interactive model="q35"
[meter] admit id=cmpl-a770c7078344ed11dab01ef3e9903cb2 tenant=default lane=interactive model="q35"
[meter] admit id=cmpl-9b2a649adff9acd53c4fd96cd9ddadb8 tenant=default lane=interactive model="q35"
[meter] admit id=cmpl-9ca1f468395441b791e84beac90e5587 tenant=default lane=interactive model="q35"
[meter] admit id=cmpl-0ddd389f89ea7aa0d12595b323558880 tenant=default lane=interactive model="q35"
[meter] admit id=cmpl-8936cf1d37ae88f1a026fdf63c5b9aa8 tenant=default lane=interactive model="q35"
[meter] admit id=cmpl-ec1c62d6e7dfa000266a136d79130d1b tenant=default lane=interactive model="q35"
[meter] admit id=cmpl-bb0677c68aef38fa8a5d4b7be48f7b66 tenant=default lane=interactive model="q35"
[meter] admit id=cmpl-3bdfef6ac4e1a0ad8ffa3e58a89fb0c8 tenant=default lane=interactive model="q35"
[meter] admit id=cmpl-a294d078d45fda67914fd1ddb6ec5c9d tenant=default lane=interactive model="q35"
[meter] admit id=cmpl-e63d802325f2330779357147d80b4fd6 tenant=default lane=interactive model="q35"
[meter] admit id=cmpl-822dddace92695dccef3e71bfd266edb tenant=default lane=interactive model="q35"
[meter] admit id=cmpl-4cd6d1b0ffd12a2aad254ae2185c6b40 tenant=default lane=interactive model="q35"
[meter] admit id=cmpl-9efd1970f55ac8eaf0e1b3e1484de86e tenant=default lane=interactive model="q35"
[meter] admit id=cmpl-e22c2aabd5caa9448a248bdfd80b4d8f tenant=default lane=interactive model="q35"
[meter] admit id=cmpl-1d43aa9f3bb59999dd5e1040724244ad tenant=default lane=interactive model="q35"
[meter] admit id=cmpl-81f3e3cc530180f67cd5edcb951ec71f tenant=default lane=interactive model="q35"
[meter] admit id=cmpl-2e51799d28a8c47cdb76f2b6381331c8 tenant=default lane=interactive model="q35"
[meter] admit id=cmpl-53754690cbc9d24c45b7421c694f7ec4 tenant=default lane=interactive model="q35"
[meter] admit id=cmpl-2aa7193b1e660a5111943d489798e8b4 tenant=default lane=interactive model="q35"
[meter] admit id=cmpl-39d994677bca0ef6a0e66128957cb02a tenant=default lane=interactive model="q35"
[meter] admit id=cmpl-0b97224d2f659cae1d50244d8e6b9038 tenant=default lane=interactive model="q35"
[meter] admit id=cmpl-177c836c72b3d3b53495987215f0fe16 tenant=default lane=interactive model="q35"
[prefix-cache] hit: 4860 of 4860 prompt tokens from cache (model q35)
[spec-k] model="q35" tenant="cx-cachesize-q35-b32768-r02-hot-59" K=0 source=eligibility-fallback prompt=4860 cached=4860 lcp=4860 active=2 placement=single-or-non-pp2
[prefix-cache] hit: 4860 of 4860 prompt tokens from cache (model q35)
[spec-k] model="q35" tenant="cx-cachesize-q35-b32768-r02-hot-54" K=0 source=concurrency prompt=4860 cached=4860 lcp=4860 active=3 placement=single-or-non-pp2
[prefix-cache] hit: 4860 of 4860 prompt tokens from cache (model q35)
[spec-k] model="q35" tenant="cx-cachesize-q35-b32768-r02-hot-83" K=0 source=concurrency prompt=4860 cached=4860 lcp=4860 active=4 placement=single-or-non-pp2
[prefix-cache] hit: 4860 of 4860 prompt tokens from cache (model q35)
[spec-k] model="q35" tenant="cx-cachesize-q35-b32768-r02-hot-70" K=0 source=concurrency prompt=4860 cached=4860 lcp=4860 active=5 placement=single-or-non-pp2
[prefix-cache] hit: 4860 of 4860 prompt tokens from cache (model q35)
[spec-k] model="q35" tenant="cx-cachesize-q35-b32768-r02-hot-29" K=0 source=concurrency prompt=4860 cached=4860 lcp=4860 active=6 placement=single-or-non-pp2
[prefix-cache] hit: 4860 of 4860 prompt tokens from cache (model q35)
[spec-k] model="q35" tenant="cx-cachesize-q35-b32768-r02-hot-57" K=0 source=concurrency prompt=4860 cached=4860 lcp=4860 active=7 placement=single-or-non-pp2
[prefix-cache] hit: 4860 of 4860 prompt tokens from cache (model q35)
[spec-k] model="q35" tenant="cx-cachesize-q35-b32768-r02-hot-25" K=0 source=concurrency prompt=4860 cached=4860 lcp=4860 active=8 placement=single-or-non-pp2
[prefix-cache] hit: 4860 of 4860 prompt tokens from cache (model q35)
[spec-k] model="q35" tenant="cx-cachesize-q35-b32768-r02-hot-40" K=0 source=concurrency prompt=4860 cached=4860 lcp=4860 active=9 placement=single-or-non-pp2
[prefix-cache] hit: 4860 of 4860 prompt tokens from cache (model q35)
[spec-k] model="q35" tenant="cx-cachesize-q35-b32768-r02-hot-73" K=0 source=concurrency prompt=4860 cached=4860 lcp=4860 active=10 placement=single-or-non-pp2
[prefix-cache] hit: 4860 of 4860 prompt tokens from cache (model q35)
[spec-k] model="q35" tenant="cx-cachesize-q35-b32768-r02-hot-74" K=0 source=concurrency prompt=4860 cached=4860 lcp=4860 active=11 placement=single-or-non-pp2
[prefix-cache] hit: 4860 of 4860 prompt tokens from cache (model q35)
[spec-k] model="q35" tenant="cx-cachesize-q35-b32768-r02-hot-87" K=0 source=concurrency prompt=4860 cached=4860 lcp=4860 active=12 placement=single-or-non-pp2
[prefix-cache] hit: 4860 of 4860 prompt tokens from cache (model q35)
[spec-k] model="q35" tenant="cx-cachesize-q35-b32768-r02-hot-15" K=0 source=concurrency prompt=4860 cached=4860 lcp=4860 active=13 placement=single-or-non-pp2
[prefix-cache] hit: 4860 of 4860 prompt tokens from cache (model q35)
[spec-k] model="q35" tenant="cx-cachesize-q35-b32768-r02-hot-39" K=0 source=concurrency prompt=4860 cached=4860 lcp=4860 active=14 placement=single-or-non-pp2
[prefix-cache] hit: 4860 of 4860 prompt tokens from cache (model q35)
[spec-k] model="q35" tenant="cx-cachesize-q35-b32768-r02-hot-41" K=0 source=concurrency prompt=4860 cached=4860 lcp=4860 active=15 placement=single-or-non-pp2
[prefix-cache] hit: 4860 of 4860 prompt tokens from cache (model q35)
[spec-k] model="q35" tenant="cx-cachesize-q35-b32768-r02-hot-8" K=0 source=concurrency prompt=4860 cached=4860 lcp=4860 active=16 placement=single-or-non-pp2
[prefix-cache] hit: 4860 of 4860 prompt tokens from cache (model q35)
[spec-k] model="q35" tenant="cx-cachesize-q35-b32768-r02-hot-61" K=0 source=concurrency prompt=4860 cached=4860 lcp=4860 active=17 placement=single-or-non-pp2
[spec-k] model="q35" tenant="cx-cachesize-q35-b32768-r02-q35-b32768-r2-c32-cold-5" K=0 source=concurrency prompt=4860 cached=0 lcp=0 active=18 placement=single-or-non-pp2
[prefix-cache] hit: 4860 of 4860 prompt tokens from cache (model q35)
[spec-k] model="q35" tenant="cx-cachesize-q35-b32768-r02-hot-27" K=0 source=concurrency prompt=4860 cached=4860 lcp=4860 active=19 placement=single-or-non-pp2
[prefix-cache] hit: 4860 of 4860 prompt tokens from cache (model q35)
[spec-k] model="q35" tenant="cx-cachesize-q35-b32768-r02-hot-81" K=0 source=concurrency prompt=4860 cached=4860 lcp=4860 active=20 placement=single-or-non-pp2
[prefix-cache] hit: 4860 of 4860 prompt tokens from cache (model q35)
[spec-k] model="q35" tenant="cx-cachesize-q35-b32768-r02-hot-86" K=0 source=concurrency prompt=4860 cached=4860 lcp=4860 active=21 placement=single-or-non-pp2
[prefix-cache] hit: 4860 of 4860 prompt tokens from cache (model q35)
[spec-k] model="q35" tenant="cx-cachesize-q35-b32768-r02-hot-47" K=0 source=concurrency prompt=4860 cached=4860 lcp=4860 active=22 placement=single-or-non-pp2
[prefix-cache] hit: 4860 of 4860 prompt tokens from cache (model q35)
[spec-k] model="q35" tenant="cx-cachesize-q35-b32768-r02-hot-37" K=0 source=concurrency prompt=4860 cached=4860 lcp=4860 active=23 placement=single-or-non-pp2
[prefix-cache] hit: 4860 of 4860 prompt tokens from cache (model q35)
[spec-k] model="q35" tenant="cx-cachesize-q35-b32768-r02-hot-69" K=0 source=concurrency prompt=4860 cached=4860 lcp=4860 active=24 placement=single-or-non-pp2
[spec-k] model="q35" tenant="cx-cachesize-q35-b32768-r02-q35-b32768-r2-c32-cold-26" K=0 source=concurrency prompt=4860 cached=0 lcp=0 active=25 placement=single-or-non-pp2
[prefix-cache] hit: 4860 of 4860 prompt tokens from cache (model q35)
[spec-k] model="q35" tenant="cx-cachesize-q35-b32768-r02-hot-88" K=0 source=concurrency prompt=4860 cached=4860 lcp=4860 active=26 placement=single-or-non-pp2
[prefix-cache] hit: 4860 of 4860 prompt tokens from cache (model q35)
[spec-k] model="q35" tenant="cx-cachesize-q35-b32768-r02-hot-34" K=0 source=concurrency prompt=4860 cached=4860 lcp=4860 active=27 placement=single-or-non-pp2
[prefix-cache] hit: 4860 of 4860 prompt tokens from cache (model q35)
[spec-k] model="q35" tenant="cx-cachesize-q35-b32768-r02-hot-28" K=0 source=concurrency prompt=4860 cached=4860 lcp=4860 active=28 placement=single-or-non-pp2
[prefix-cache] hit: 4860 of 4860 prompt tokens from cache (model q35)
[spec-k] model="q35" tenant="cx-cachesize-q35-b32768-r02-hot-63" K=0 source=concurrency prompt=4860 cached=4860 lcp=4860 active=29 placement=single-or-non-pp2
[prefix-cache] hit: 4860 of 4860 prompt tokens from cache (model q35)
[spec-k] model="q35" tenant="cx-cachesize-q35-b32768-r02-hot-12" K=0 source=concurrency prompt=4860 cached=4860 lcp=4860 active=30 placement=single-or-non-pp2
[prefix-cache] hit: 4860 of 4860 prompt tokens from cache (model q35)
[spec-k] model="q35" tenant="cx-cachesize-q35-b32768-r02-hot-36" K=0 source=concurrency prompt=4860 cached=4860 lcp=4860 active=31 placement=single-or-non-pp2
[spec-k] model="q35" tenant="cx-cachesize-q35-b32768-r02-q35-b32768-r2-c32-cold-4" K=0 source=concurrency prompt=4860 cached=0 lcp=0 active=32 placement=single-or-non-pp2
[prefix-cache] insert (seed): 4860 tokens, 111.0MB (resident 11429.3MB / 34360MB, model q35, ns "cx-cachesize-q35-b32768-r02-q35-b32768-r2-c32-cold-5")
[prefix-cache] insert (seed): 4860 tokens, 111.0MB (resident 11540.3MB / 34360MB, model q35, ns "cx-cachesize-q35-b32768-r02-q35-b32768-r2-c32-cold-26")
[prefix-cache] insert (seed): 4860 tokens, 111.0MB (resident 11651.3MB / 34360MB, model q35, ns "cx-cachesize-q35-b32768-r02-q35-b32768-r2-c32-cold-4")
[meter] admit id=cmpl-e3d701f66aafe7552383aeaffc2ae7f9 tenant=default lane=interactive model="q35"
[prefix-cache] hit: 4860 of 4860 prompt tokens from cache (model q35)
[spec-k] model="q35" tenant="cx-cachesize-q35-b32768-r02-hot-65" K=0 source=concurrency prompt=4860 cached=4860 lcp=4860 active=32 placement=single-or-non-pp2
[meter] admit id=cmpl-8038dffcc50bfdef190550870cfc91ad tenant=default lane=interactive model="q35"
[meter] admit id=cmpl-b5fcb2c36de5b19f76b64970e2aadc78 tenant=default lane=interactive model="q35"
[meter] admit id=cmpl-f1694ef82c517539bfe856575c8255da tenant=default lane=interactive model="q35"
[meter] admit id=cmpl-423106865a6141d1b7b2a4e7f8bcd02d tenant=default lane=interactive model="q35"
[meter] admit id=cmpl-27bba641777a2d3ea7d346a6bc2845a3 tenant=default lane=interactive model="q35"
[meter] admit id=cmpl-022b54b571b629b76aead799b52e34b5 tenant=default lane=interactive model="q35"
[meter] admit id=cmpl-ae75093a82d01d2332de10916a2889c8 tenant=default lane=interactive model="q35"
[prefix-cache] hit: 4860 of 4860 prompt tokens from cache (model q35)
[spec-k] model="q35" tenant="cx-cachesize-q35-b32768-r02-hot-10" K=0 source=concurrency prompt=4860 cached=4860 lcp=4860 active=5 placement=single-or-non-pp2
[prefix-cache] hit: 4860 of 4860 prompt tokens from cache (model q35)
[spec-k] model="q35" tenant="cx-cachesize-q35-b32768-r02-hot-45" K=0 source=concurrency prompt=4860 cached=4860 lcp=4860 active=6 placement=single-or-non-pp2
[prefix-cache] hit: 4860 of 4860 prompt tokens from cache (model q35)
[spec-k] model="q35" tenant="cx-cachesize-q35-b32768-r02-hot-66" K=0 source=concurrency prompt=4860 cached=4860 lcp=4860 active=7 placement=single-or-non-pp2
[spec-k] model="q35" tenant="cx-cachesize-q35-b32768-r02-q35-b32768-r2-c32-cold-34" K=0 source=concurrency prompt=4860 cached=0 lcp=0 active=8 placement=single-or-non-pp2
[prefix-cache] hit: 4860 of 4860 prompt tokens from cache (model q35)
[spec-k] model="q35" tenant="cx-cachesize-q35-b32768-r02-hot-44" K=0 source=concurrency prompt=4860 cached=4860 lcp=4860 active=9 placement=single-or-non-pp2
[prefix-cache] hit: 4860 of 4860 prompt tokens from cache (model q35)
[spec-k] model="q35" tenant="cx-cachesize-q35-b32768-r02-hot-53" K=0 source=concurrency prompt=4860 cached=4860 lcp=4860 active=10 placement=single-or-non-pp2
[prefix-cache] hit: 4860 of 4860 prompt tokens from cache (model q35)
[spec-k] model="q35" tenant="cx-cachesize-q35-b32768-r02-hot-0" K=0 source=concurrency prompt=4860 cached=4860 lcp=4860 active=11 placement=single-or-non-pp2
[prefix-cache] insert (seed): 4860 tokens, 111.0MB (resident 11762.2MB / 34360MB, model q35, ns "cx-cachesize-q35-b32768-r02-q35-b32768-r2-c32-cold-34")
[meter] admit id=cmpl-257a0c4735dd3fea8886d9f130430996 tenant=default lane=interactive model="q35"
[meter] admit id=cmpl-e91abb0b1d030f7d88726d745c7cdbfa tenant=default lane=interactive model="q35"
[meter] admit id=cmpl-a7fcf5d0856effd7ecd19ea4597acd67 tenant=default lane=interactive model="q35"
[meter] admit id=cmpl-32427da7f5510a1b28dea04ba0c10fbb tenant=default lane=interactive model="q35"
[meter] admit id=cmpl-028b68c91c3f7c3ea91e2df2ce041830 tenant=default lane=interactive model="q35"
[meter] admit id=cmpl-51465f631aadcc05607d4a38c5a3aed9 tenant=default lane=interactive model="q35"
[meter] admit id=cmpl-39a5f5cf56df4ef14e6026cc85f27b75 tenant=default lane=interactive model="q35"
[meter] admit id=cmpl-1acc17b844225a400b7a26db241e43af tenant=default lane=interactive model="q35"
[meter] admit id=cmpl-8eef3e9962c4caed728759074fda49d0 tenant=default lane=interactive model="q35"
[meter] admit id=cmpl-818531923111ccd3c0a69e8e3a77a76a tenant=default lane=interactive model="q35"
[meter] admit id=cmpl-f845ef747fb6288cd6b85bfaba4d8b79 tenant=default lane=interactive model="q35"
[prefix-cache] hit: 4860 of 4860 prompt tokens from cache (model q35)
[spec-k] model="q35" tenant="cx-cachesize-q35-b32768-r02-hot-80" K=0 source=eligibility-fallback prompt=4860 cached=4860 lcp=4860 active=1 placement=single-or-non-pp2
[meter] admit id=cmpl-51da3d8d11b37fb8c21c55e200512f95 tenant=default lane=interactive model="q35"
[meter] admit id=cmpl-ff4bbc9f8cec93a0ef3f16ac06f49169 tenant=default lane=interactive model="q35"
[meter] admit id=cmpl-674d3be59971b23ea7a91ca129f77db0 tenant=default lane=interactive model="q35"
[meter] admit id=cmpl-5b29bcbd1c615c3e92ad5862bdf66584 tenant=default lane=interactive model="q35"
[meter] admit id=cmpl-1316c83113dfe819312e3dfade0d7476 tenant=default lane=interactive model="q35"
[meter] admit id=cmpl-4b30eb72c6f07889f28c94f29be47ea5 tenant=default lane=interactive model="q35"
[meter] admit id=cmpl-e581dcbc2d0e2448c1b62fb17d8f1ab8 tenant=default lane=interactive model="q35"
[meter] admit id=cmpl-cfdb4b03e90cd3c456c89c3fef80b8e4 tenant=default lane=interactive model="q35"
[meter] admit id=cmpl-17266bf05ac30453923df0fb2a6647a4 tenant=default lane=interactive model="q35"
[meter] admit id=cmpl-f0b66a190397b1b93056b4c69d3ed16e tenant=default lane=interactive model="q35"
[meter] admit id=cmpl-4be541c08df55488c1af540496c81f75 tenant=default lane=interactive model="q35"
[meter] admit id=cmpl-f91549c45dd00e7f48dd18ecab6293d1 tenant=default lane=interactive model="q35"
[meter] admit id=cmpl-d7e35edfde870ba6b3848fd0ea8195b5 tenant=default lane=interactive model="q35"
[prefix-cache] hit: 4860 of 4860 prompt tokens from cache (model q35)
[spec-k] model="q35" tenant="cx-cachesize-q35-b32768-r02-hot-47" K=0 source=eligibility-fallback prompt=4860 cached=4860 lcp=4860 active=2 placement=single-or-non-pp2
[prefix-cache] hit: 4860 of 4860 prompt tokens from cache (model q35)
[spec-k] model="q35" tenant="cx-cachesize-q35-b32768-r02-hot-49" K=0 source=concurrency prompt=4860 cached=4860 lcp=4860 active=3 placement=single-or-non-pp2
[prefix-cache] hit: 4860 of 4860 prompt tokens from cache (model q35)
[spec-k] model="q35" tenant="cx-cachesize-q35-b32768-r02-hot-57" K=0 source=concurrency prompt=4860 cached=4860 lcp=4860 active=4 placement=single-or-non-pp2
[prefix-cache] hit: 4860 of 4860 prompt tokens from cache (model q35)
[spec-k] model="q35" tenant="cx-cachesize-q35-b32768-r02-hot-22" K=0 source=concurrency prompt=4860 cached=4860 lcp=4860 active=5 placement=single-or-non-pp2
[prefix-cache] hit: 4860 of 4860 prompt tokens from cache (model q35)
[spec-k] model="q35" tenant="cx-cachesize-q35-b32768-r02-hot-32" K=0 source=concurrency prompt=4860 cached=4860 lcp=4860 active=6 placement=single-or-non-pp2
[prefix-cache] hit: 4860 of 4860 prompt tokens from cache (model q35)
[spec-k] model="q35" tenant="cx-cachesize-q35-b32768-r02-hot-14" K=0 source=concurrency prompt=4860 cached=4860 lcp=4860 active=7 placement=single-or-non-pp2
[prefix-cache] hit: 4860 of 4860 prompt tokens from cache (model q35)
[spec-k] model="q35" tenant="cx-cachesize-q35-b32768-r02-hot-33" K=0 source=concurrency prompt=4860 cached=4860 lcp=4860 active=8 placement=single-or-non-pp2
[prefix-cache] hit: 4860 of 4860 prompt tokens from cache (model q35)
[spec-k] model="q35" tenant="cx-cachesize-q35-b32768-r02-hot-1" K=0 source=concurrency prompt=4860 cached=4860 lcp=4860 active=9 placement=single-or-non-pp2
[prefix-cache] hit: 4860 of 4860 prompt tokens from cache (model q35)
[spec-k] model="q35" tenant="cx-cachesize-q35-b32768-r02-hot-94" K=0 source=concurrency prompt=4860 cached=4860 lcp=4860 active=10 placement=single-or-non-pp2
[prefix-cache] hit: 4860 of 4860 prompt tokens from cache (model q35)
[spec-k] model="q35" tenant="cx-cachesize-q35-b32768-r02-hot-76" K=0 source=concurrency prompt=4860 cached=4860 lcp=4860 active=11 placement=single-or-non-pp2
[prefix-cache] hit: 4860 of 4860 prompt tokens from cache (model q35)
[spec-k] model="q35" tenant="cx-cachesize-q35-b32768-r02-hot-40" K=0 source=concurrency prompt=4860 cached=4860 lcp=4860 active=12 placement=single-or-non-pp2
[prefix-cache] hit: 4860 of 4860 prompt tokens from cache (model q35)
[spec-k] model="q35" tenant="cx-cachesize-q35-b32768-r02-hot-90" K=0 source=concurrency prompt=4860 cached=4860 lcp=4860 active=13 placement=single-or-non-pp2
[prefix-cache] hit: 4860 of 4860 prompt tokens from cache (model q35)
[spec-k] model="q35" tenant="cx-cachesize-q35-b32768-r02-hot-18" K=0 source=concurrency prompt=4860 cached=4860 lcp=4860 active=14 placement=single-or-non-pp2
[prefix-cache] hit: 4860 of 4860 prompt tokens from cache (model q35)
[spec-k] model="q35" tenant="cx-cachesize-q35-b32768-r02-hot-30" K=0 source=concurrency prompt=4860 cached=4860 lcp=4860 active=15 placement=single-or-non-pp2
[prefix-cache] hit: 4860 of 4860 prompt tokens from cache (model q35)
[spec-k] model="q35" tenant="cx-cachesize-q35-b32768-r02-hot-26" K=0 source=concurrency prompt=4860 cached=4860 lcp=4860 active=16 placement=single-or-non-pp2
[prefix-cache] hit: 4860 of 4860 prompt tokens from cache (model q35)
[spec-k] model="q35" tenant="cx-cachesize-q35-b32768-r02-hot-69" K=0 source=concurrency prompt=4860 cached=4860 lcp=4860 active=17 placement=single-or-non-pp2
[spec-k] model="q35" tenant="cx-cachesize-q35-b32768-r02-q35-b32768-r2-c24-cold-10" K=0 source=concurrency prompt=4860 cached=0 lcp=0 active=18 placement=single-or-non-pp2
[prefix-cache] hit: 4860 of 4860 prompt tokens from cache (model q35)
[spec-k] model="q35" tenant="cx-cachesize-q35-b32768-r02-hot-38" K=0 source=concurrency prompt=4860 cached=4860 lcp=4860 active=19 placement=single-or-non-pp2
[prefix-cache] hit: 4860 of 4860 prompt tokens from cache (model q35)
[spec-k] model="q35" tenant="cx-cachesize-q35-b32768-r02-hot-77" K=0 source=concurrency prompt=4860 cached=4860 lcp=4860 active=20 placement=single-or-non-pp2
[prefix-cache] hit: 4860 of 4860 prompt tokens from cache (model q35)
[spec-k] model="q35" tenant="cx-cachesize-q35-b32768-r02-hot-93" K=0 source=concurrency prompt=4860 cached=4860 lcp=4860 active=21 placement=single-or-non-pp2
[prefix-cache] hit: 4860 of 4860 prompt tokens from cache (model q35)
[spec-k] model="q35" tenant="cx-cachesize-q35-b32768-r02-hot-24" K=0 source=concurrency prompt=4860 cached=4860 lcp=4860 active=22 placement=single-or-non-pp2
[spec-k] model="q35" tenant="cx-cachesize-q35-b32768-r02-q35-b32768-r2-c24-cold-5" K=0 source=concurrency prompt=4860 cached=0 lcp=0 active=23 placement=single-or-non-pp2
[prefix-cache] hit: 4860 of 4860 prompt tokens from cache (model q35)
[spec-k] model="q35" tenant="cx-cachesize-q35-b32768-r02-hot-28" K=0 source=concurrency prompt=4860 cached=4860 lcp=4860 active=24 placement=single-or-non-pp2
[prefix-cache] insert (seed): 4860 tokens, 111.0MB (resident 11873.2MB / 34360MB, model q35, ns "cx-cachesize-q35-b32768-r02-q35-b32768-r2-c24-cold-10")
[prefix-cache] insert (seed): 4860 tokens, 111.0MB (resident 11984.2MB / 34360MB, model q35, ns "cx-cachesize-q35-b32768-r02-q35-b32768-r2-c24-cold-5")
[meter] admit id=cmpl-1eb489b936e6e30b27968a9b6c02009c tenant=default lane=interactive model="q35"
[prefix-cache] hit: 4860 of 4860 prompt tokens from cache (model q35)
[spec-k] model="q35" tenant="cx-cachesize-q35-b32768-r02-hot-60" K=0 source=concurrency prompt=4860 cached=4860 lcp=4860 active=24 placement=single-or-non-pp2
[meter] admit id=cmpl-eec922d5282368becc56bf79b113bcc6 tenant=default lane=interactive model="q35"
[meter] admit id=cmpl-bb0e66568e4e4bf49c9fad5ab936b6f2 tenant=default lane=interactive model="q35"
[meter] admit id=cmpl-fb4b7416873d3a0351e65bdb1808919a tenant=default lane=interactive model="q35"
[meter] admit id=cmpl-e857f050692b313bff6e69e10f5744fa tenant=default lane=interactive model="q35"
[meter] admit id=cmpl-80edba410ab538c10293a770dea6e163 tenant=default lane=interactive model="q35"
[spec-k] model="q35" tenant="cx-cachesize-q35-b32768-r02-q35-b32768-r2-c24-cold-25" K=0 source=concurrency prompt=4860 cached=0 lcp=0 active=4 placement=single-or-non-pp2
[prefix-cache] hit: 4860 of 4860 prompt tokens from cache (model q35)
[spec-k] model="q35" tenant="cx-cachesize-q35-b32768-r02-hot-5" K=0 source=concurrency prompt=4860 cached=4860 lcp=4860 active=5 placement=single-or-non-pp2
[prefix-cache] hit: 4860 of 4860 prompt tokens from cache (model q35)
[spec-k] model="q35" tenant="cx-cachesize-q35-b32768-r02-hot-86" K=0 source=concurrency prompt=4860 cached=4860 lcp=4860 active=6 placement=single-or-non-pp2
[prefix-cache] hit: 4860 of 4860 prompt tokens from cache (model q35)
[spec-k] model="q35" tenant="cx-cachesize-q35-b32768-r02-hot-68" K=0 source=concurrency prompt=4860 cached=4860 lcp=4860 active=7 placement=single-or-non-pp2
[prefix-cache] hit: 4860 of 4860 prompt tokens from cache (model q35)
[spec-k] model="q35" tenant="cx-cachesize-q35-b32768-r02-hot-87" K=0 source=concurrency prompt=4860 cached=4860 lcp=4860 active=8 placement=single-or-non-pp2
[prefix-cache] insert (seed): 4860 tokens, 111.0MB (resident 12095.1MB / 34360MB, model q35, ns "cx-cachesize-q35-b32768-r02-q35-b32768-r2-c24-cold-25")
[meter] admit id=cmpl-58788e3b1367d2b7c876b1ca8992eae5 tenant=default lane=interactive model="q35"
[meter] admit id=cmpl-e014e7165f48562aa2710f3a8ec90111 tenant=default lane=interactive model="q35"
[meter] admit id=cmpl-981a19e2cba116c122eefc2a03ad493f tenant=default lane=interactive model="q35"
[meter] admit id=cmpl-b9c069234fd011262ef760ad3bdd79e8 tenant=default lane=interactive model="q35"
[meter] admit id=cmpl-cc0e5eba66d7c432a0541b34972ab633 tenant=default lane=interactive model="q35"
[meter] admit id=cmpl-62ac665755adf161e3912961b25b1b0c tenant=default lane=interactive model="q35"
[meter] admit id=cmpl-75c35f0f07b3ab25cc85b994c3d040df tenant=default lane=interactive model="q35"
[meter] admit id=cmpl-ee369a17012a7e220fcaee7bd63bc3a4 tenant=default lane=interactive model="q35"
[meter] admit id=cmpl-30204cb426c4e83e13d1a200ef8fd4f7 tenant=default lane=interactive model="q35"
[meter] admit id=cmpl-e37662dd5e2858c488d26aba9170c09f tenant=default lane=interactive model="q35"
[meter] admit id=cmpl-0402de8010c9fbbdfaf0d9cb4ac07c0f tenant=default lane=interactive model="q35"
[meter] admit id=cmpl-f4342413437aa0c7c414845ec225adbe tenant=default lane=interactive model="q35"
[meter] admit id=cmpl-e8a5c872fea05bddd727fff6d6f16dc2 tenant=default lane=interactive model="q35"
[meter] admit id=cmpl-a9e56954e52d79c26c9c8e539f4dd18b tenant=default lane=interactive model="q35"
[meter] admit id=cmpl-4ea3ecad1d1561d6afd8b72adf703d7a tenant=default lane=interactive model="q35"
[meter] admit id=cmpl-2754f944c03360636ef214c86e09ac49 tenant=default lane=interactive model="q35"
[prefix-cache] hit: 4860 of 4860 prompt tokens from cache (model q35)
[spec-k] model="q35" tenant="cx-cachesize-q35-b32768-r02-hot-53" K=0 source=eligibility-fallback prompt=4860 cached=4860 lcp=4860 active=1 placement=single-or-non-pp2
[prefix-cache] hit: 4860 of 4860 prompt tokens from cache (model q35)
[spec-k] model="q35" tenant="cx-cachesize-q35-b32768-r02-hot-43" K=0 source=eligibility-fallback prompt=4860 cached=4860 lcp=4860 active=2 placement=single-or-non-pp2
[prefix-cache] hit: 4860 of 4860 prompt tokens from cache (model q35)
[spec-k] model="q35" tenant="cx-cachesize-q35-b32768-r02-hot-34" K=0 source=concurrency prompt=4860 cached=4860 lcp=4860 active=3 placement=single-or-non-pp2
[spec-k] model="q35" tenant="cx-cachesize-q35-b32768-r02-q35-b32768-r2-c16-cold-2" K=0 source=concurrency prompt=4860 cached=0 lcp=0 active=4 placement=single-or-non-pp2
[prefix-cache] hit: 4860 of 4860 prompt tokens from cache (model q35)
[spec-k] model="q35" tenant="cx-cachesize-q35-b32768-r02-hot-65" K=0 source=concurrency prompt=4860 cached=4860 lcp=4860 active=5 placement=single-or-non-pp2
[spec-k] model="q35" tenant="cx-cachesize-q35-b32768-r02-q35-b32768-r2-c16-cold-9" K=0 source=concurrency prompt=4860 cached=0 lcp=0 active=6 placement=single-or-non-pp2
[prefix-cache] hit: 4860 of 4860 prompt tokens from cache (model q35)
[spec-k] model="q35" tenant="cx-cachesize-q35-b32768-r02-hot-48" K=0 source=concurrency prompt=4860 cached=4860 lcp=4860 active=7 placement=single-or-non-pp2
[prefix-cache] hit: 4860 of 4860 prompt tokens from cache (model q35)
[spec-k] model="q35" tenant="cx-cachesize-q35-b32768-r02-hot-21" K=0 source=concurrency prompt=4860 cached=4860 lcp=4860 active=8 placement=single-or-non-pp2
[prefix-cache] hit: 4860 of 4860 prompt tokens from cache (model q35)
[spec-k] model="q35" tenant="cx-cachesize-q35-b32768-r02-hot-89" K=0 source=concurrency prompt=4860 cached=4860 lcp=4860 active=9 placement=single-or-non-pp2
[prefix-cache] hit: 4860 of 4860 prompt tokens from cache (model q35)
[spec-k] model="q35" tenant="cx-cachesize-q35-b32768-r02-hot-8" K=0 source=concurrency prompt=4860 cached=4860 lcp=4860 active=10 placement=single-or-non-pp2
[prefix-cache] hit: 4860 of 4860 prompt tokens from cache (model q35)
[spec-k] model="q35" tenant="cx-cachesize-q35-b32768-r02-hot-37" K=0 source=concurrency prompt=4860 cached=4860 lcp=4860 active=11 placement=single-or-non-pp2
[prefix-cache] hit: 4860 of 4860 prompt tokens from cache (model q35)
[spec-k] model="q35" tenant="cx-cachesize-q35-b32768-r02-hot-94" K=0 source=concurrency prompt=4860 cached=4860 lcp=4860 active=12 placement=single-or-non-pp2
[prefix-cache] hit: 4860 of 4860 prompt tokens from cache (model q35)
[spec-k] model="q35" tenant="cx-cachesize-q35-b32768-r02-hot-56" K=0 source=concurrency prompt=4860 cached=4860 lcp=4860 active=13 placement=single-or-non-pp2
[prefix-cache] hit: 4860 of 4860 prompt tokens from cache (model q35)
[spec-k] model="q35" tenant="cx-cachesize-q35-b32768-r02-hot-61" K=0 source=concurrency prompt=4860 cached=4860 lcp=4860 active=14 placement=single-or-non-pp2
[prefix-cache] hit: 4860 of 4860 prompt tokens from cache (model q35)
[spec-k] model="q35" tenant="cx-cachesize-q35-b32768-r02-hot-24" K=0 source=concurrency prompt=4860 cached=4860 lcp=4860 active=15 placement=single-or-non-pp2
[prefix-cache] hit: 4860 of 4860 prompt tokens from cache (model q35)
[spec-k] model="q35" tenant="cx-cachesize-q35-b32768-r02-hot-55" K=0 source=concurrency prompt=4860 cached=4860 lcp=4860 active=16 placement=single-or-non-pp2
[prefix-cache] insert (seed): 4860 tokens, 111.0MB (resident 12206.1MB / 34360MB, model q35, ns "cx-cachesize-q35-b32768-r02-q35-b32768-r2-c16-cold-2")
[prefix-cache] insert (seed): 4860 tokens, 111.0MB (resident 12317.1MB / 34360MB, model q35, ns "cx-cachesize-q35-b32768-r02-q35-b32768-r2-c16-cold-9")
[meter] admit id=cmpl-b76238d425325a7c702cef581c10202d tenant=default lane=interactive model="q35"
[prefix-cache] hit: 4860 of 4860 prompt tokens from cache (model q35)
[spec-k] model="q35" tenant="cx-cachesize-q35-b32768-r02-hot-27" K=0 source=concurrency prompt=4860 cached=4860 lcp=4860 active=16 placement=single-or-non-pp2
[meter] admit id=cmpl-9d03054681f354a711e6917067ae219d tenant=default lane=interactive model="q35"
[meter] admit id=cmpl-4c558ae23aea951fbcea99fdf961cdec tenant=default lane=interactive model="q35"
[meter] admit id=cmpl-dad2f5267f5c3e76fbb79cba178a347e tenant=default lane=interactive model="q35"
[prefix-cache] hit: 4860 of 4860 prompt tokens from cache (model q35)
[spec-k] model="q35" tenant="cx-cachesize-q35-b32768-r02-hot-52" K=0 source=concurrency prompt=4860 cached=4860 lcp=4860 active=4 placement=single-or-non-pp2
[prefix-cache] hit: 4860 of 4860 prompt tokens from cache (model q35)
[spec-k] model="q35" tenant="cx-cachesize-q35-b32768-r02-hot-13" K=0 source=concurrency prompt=4860 cached=4860 lcp=4860 active=5 placement=single-or-non-pp2
[prefix-cache] hit: 4860 of 4860 prompt tokens from cache (model q35)
[spec-k] model="q35" tenant="cx-cachesize-q35-b32768-r02-hot-54" K=0 source=concurrency prompt=4860 cached=4860 lcp=4860 active=6 placement=single-or-non-pp2
[meter] admit id=cmpl-d8499b9aa0556b3ef57c14bb6c7d5170 tenant=default lane=interactive model="q35"
[meter] admit id=cmpl-41357f0614df6aa3be8a927a673291f5 tenant=default lane=interactive model="q35"
[meter] admit id=cmpl-7a6998fbaa2a0aef080aaa917ce39e1d tenant=default lane=interactive model="q35"
[meter] admit id=cmpl-247bc5d27389dfec6ee30acded3f799c tenant=default lane=interactive model="q35"
[meter] admit id=cmpl-6ff8eb49502cd8c28022900874b868d2 tenant=default lane=interactive model="q35"
[meter] admit id=cmpl-d219217c662708bf18f5c08fc11f5981 tenant=default lane=interactive model="q35"
[meter] admit id=cmpl-3a459938e7d60da58faef32b6a7d7d23 tenant=default lane=interactive model="q35"
[meter] admit id=cmpl-7633f6866f415e92cd68cea962bf84ae tenant=default lane=interactive model="q35"
[prefix-cache] hit: 4860 of 4860 prompt tokens from cache (model q35)
[spec-k] model="q35" tenant="cx-cachesize-q35-b32768-r02-hot-82" K=0 source=eligibility-fallback prompt=4860 cached=4860 lcp=4860 active=1 placement=single-or-non-pp2
[spec-k] model="q35" tenant="cx-cachesize-q35-b32768-r02-q35-b32768-r2-c8-cold-3" K=0 source=eligibility-fallback prompt=4860 cached=0 lcp=0 active=2 placement=single-or-non-pp2
[prefix-cache] hit: 4860 of 4860 prompt tokens from cache (model q35)
[spec-k] model="q35" tenant="cx-cachesize-q35-b32768-r02-hot-6" K=0 source=concurrency prompt=4860 cached=4860 lcp=4860 active=3 placement=single-or-non-pp2
[prefix-cache] hit: 4860 of 4860 prompt tokens from cache (model q35)
[spec-k] model="q35" tenant="cx-cachesize-q35-b32768-r02-hot-91" K=0 source=concurrency prompt=4860 cached=4860 lcp=4860 active=4 placement=single-or-non-pp2
[prefix-cache] hit: 4860 of 4860 prompt tokens from cache (model q35)
[spec-k] model="q35" tenant="cx-cachesize-q35-b32768-r02-hot-4" K=0 source=concurrency prompt=4860 cached=4860 lcp=4860 active=5 placement=single-or-non-pp2
[prefix-cache] hit: 4860 of 4860 prompt tokens from cache (model q35)
[spec-k] model="q35" tenant="cx-cachesize-q35-b32768-r02-hot-83" K=0 source=concurrency prompt=4860 cached=4860 lcp=4860 active=6 placement=single-or-non-pp2
[spec-k] model="q35" tenant="cx-cachesize-q35-b32768-r02-q35-b32768-r2-c8-cold-2" K=0 source=concurrency prompt=4860 cached=0 lcp=0 active=7 placement=single-or-non-pp2
[prefix-cache] hit: 4860 of 4860 prompt tokens from cache (model q35)
[spec-k] model="q35" tenant="cx-cachesize-q35-b32768-r02-hot-73" K=0 source=concurrency prompt=4860 cached=4860 lcp=4860 active=8 placement=single-or-non-pp2
[prefix-cache] insert (seed): 4860 tokens, 111.0MB (resident 12428.0MB / 34360MB, model q35, ns "cx-cachesize-q35-b32768-r02-q35-b32768-r2-c8-cold-3")
[prefix-cache] insert (seed): 4860 tokens, 111.0MB (resident 12539.0MB / 34360MB, model q35, ns "cx-cachesize-q35-b32768-r02-q35-b32768-r2-c8-cold-2")
[meter] admit id=cmpl-34871514d19428dabfef973c32b8d428 tenant=default lane=interactive model="q35"
[prefix-cache] hit: 4860 of 4860 prompt tokens from cache (model q35)
[spec-k] model="q35" tenant="cx-cachesize-q35-b32768-r02-hot-44" K=0 source=concurrency prompt=4860 cached=4860 lcp=4860 active=8 placement=single-or-non-pp2
[meter] admit id=cmpl-0175c933a3b79542587862e75c51e084 tenant=default lane=interactive model="q35"
[meter] admit id=cmpl-96e76c64cab5f06386c52f67c50ea5ae tenant=default lane=interactive model="q35"
[meter] admit id=cmpl-60fa8e6d9f44b7e4fd9419f945d0297c tenant=default lane=interactive model="q35"
[meter] admit id=cmpl-be80f95e2b69b7b9a10f9e20bd9f4125 tenant=default lane=interactive model="q35"
[meter] admit id=cmpl-17ff366a97388aeff119bc7050337df6 tenant=default lane=interactive model="q35"
[prefix-cache] hit: 4860 of 4860 prompt tokens from cache (model q35)
[spec-k] model="q35" tenant="cx-cachesize-q35-b32768-r02-hot-75" K=0 source=concurrency prompt=4860 cached=4860 lcp=4860 active=4 placement=single-or-non-pp2
[prefix-cache] hit: 4860 of 4860 prompt tokens from cache (model q35)
[spec-k] model="q35" tenant="cx-cachesize-q35-b32768-r02-hot-41" K=0 source=concurrency prompt=4860 cached=4860 lcp=4860 active=5 placement=single-or-non-pp2
[prefix-cache] hit: 4860 of 4860 prompt tokens from cache (model q35)
[spec-k] model="q35" tenant="cx-cachesize-q35-b32768-r02-hot-59" K=0 source=concurrency prompt=4860 cached=4860 lcp=4860 active=6 placement=single-or-non-pp2
[prefix-cache] hit: 4860 of 4860 prompt tokens from cache (model q35)
[spec-k] model="q35" tenant="cx-cachesize-q35-b32768-r02-hot-88" K=0 source=concurrency prompt=4860 cached=4860 lcp=4860 active=7 placement=single-or-non-pp2
[prefix-cache] hit: 4860 of 4860 prompt tokens from cache (model q35)
[spec-k] model="q35" tenant="cx-cachesize-q35-b32768-r02-hot-81" K=0 source=concurrency prompt=4860 cached=4860 lcp=4860 active=8 placement=single-or-non-pp2
[meter] admit id=cmpl-354056de4899f88c35709253326b1511 tenant=default lane=interactive model="q35"
[meter] admit id=cmpl-77210f37c36a18c1726e72991535ab16 tenant=default lane=interactive model="q35"
[prefix-cache] hit: 4860 of 4860 prompt tokens from cache (model q35)
[spec-k] model="q35" tenant="cx-cachesize-q35-b32768-r02-hot-12" K=0 source=concurrency prompt=4860 cached=4860 lcp=4860 active=7 placement=single-or-non-pp2
[prefix-cache] hit: 4860 of 4860 prompt tokens from cache (model q35)
[spec-k] model="q35" tenant="cx-cachesize-q35-b32768-r02-hot-46" K=0 source=concurrency prompt=4860 cached=4860 lcp=4860 active=8 placement=single-or-non-pp2
[meter] admit id=cmpl-966fcdd9badacdb227fea2659ba55d4f tenant=default lane=interactive model="q35"
[prefix-cache] hit: 4860 of 4860 prompt tokens from cache (model q35)
[spec-k] model="q35" tenant="cx-cachesize-q35-b32768-r02-hot-17" K=0 source=concurrency prompt=4860 cached=4860 lcp=4860 active=8 placement=single-or-non-pp2
[meter] admit id=cmpl-0fc6319566c37629e08c20b6c498509f tenant=default lane=interactive model="q35"
[meter] admit id=cmpl-6de3cf0ddf76cded26ef323b8bdd1794 tenant=default lane=interactive model="q35"
[meter] admit id=cmpl-3c9d3e439b53c5e8f326a19c3d96a7f3 tenant=default lane=interactive model="q35"
[prefix-cache] hit: 4860 of 4860 prompt tokens from cache (model q35)
[spec-k] model="q35" tenant="cx-cachesize-q35-b32768-r02-hot-85" K=0 source=concurrency prompt=4860 cached=4860 lcp=4860 active=4 placement=single-or-non-pp2
[prefix-cache] hit: 4860 of 4860 prompt tokens from cache (model q35)
[spec-k] model="q35" tenant="cx-cachesize-q35-b32768-r02-hot-22" K=0 source=concurrency prompt=4860 cached=4860 lcp=4860 active=5 placement=single-or-non-pp2
[prefix-cache] hit: 4860 of 4860 prompt tokens from cache (model q35)
[spec-k] model="q35" tenant="cx-cachesize-q35-b32768-r02-hot-67" K=0 source=concurrency prompt=4860 cached=4860 lcp=4860 active=6 placement=single-or-non-pp2
[meter] admit id=cmpl-a2a61bccfb2de2aa0eceb4b31d57165a tenant=default lane=interactive model="q35"
[meter] admit id=cmpl-defd5da6882737d826a19fffdb2d7bd7 tenant=default lane=interactive model="q35"
[meter] admit id=cmpl-c25c9edd202c4365205668d74ee2e32d tenant=default lane=interactive model="q35"
[meter] admit id=cmpl-d17d663f496a4a8dca7dee2f1dc4b160 tenant=default lane=interactive model="q35"
[meter] admit id=cmpl-54bd0bf81a2e5fc1710d74f184b206b9 tenant=default lane=interactive model="q35"
[meter] admit id=cmpl-1f607cbfec7a65e12ae7685da5367005 tenant=default lane=interactive model="q35"
[meter] admit id=cmpl-674d0ac2608cc0afdf034644b7d04a57 tenant=default lane=interactive model="q35"
[prefix-cache] hit: 4860 of 4860 prompt tokens from cache (model q35)
[spec-k] model="q35" tenant="cx-cachesize-q35-b32768-r02-hot-63" K=0 source=eligibility-fallback prompt=4860 cached=4860 lcp=4860 active=1 placement=single-or-non-pp2
[prefix-cache] hit: 4860 of 4860 prompt tokens from cache (model q35)
[spec-k] model="q35" tenant="cx-cachesize-q35-b32768-r02-hot-93" K=0 source=eligibility-fallback prompt=4860 cached=4860 lcp=4860 active=2 placement=single-or-non-pp2
[prefix-cache] hit: 4860 of 4860 prompt tokens from cache (model q35)
[spec-k] model="q35" tenant="cx-cachesize-q35-b32768-r02-hot-90" K=0 source=concurrency prompt=4860 cached=4860 lcp=4860 active=3 placement=single-or-non-pp2
[prefix-cache] hit: 4860 of 4860 prompt tokens from cache (model q35)
[spec-k] model="q35" tenant="cx-cachesize-q35-b32768-r02-hot-7" K=0 source=concurrency prompt=4860 cached=4860 lcp=4860 active=4 placement=single-or-non-pp2
[prefix-cache] hit: 4860 of 4860 prompt tokens from cache (model q35)
[spec-k] model="q35" tenant="cx-cachesize-q35-b32768-r02-hot-19" K=0 source=concurrency prompt=4860 cached=4860 lcp=4860 active=5 placement=single-or-non-pp2
[prefix-cache] hit: 4860 of 4860 prompt tokens from cache (model q35)
[spec-k] model="q35" tenant="cx-cachesize-q35-b32768-r02-hot-62" K=0 source=concurrency prompt=4860 cached=4860 lcp=4860 active=6 placement=single-or-non-pp2
[prefix-cache] hit: 4860 of 4860 prompt tokens from cache (model q35)
[spec-k] model="q35" tenant="cx-cachesize-q35-b32768-r02-hot-71" K=0 source=concurrency prompt=4860 cached=4860 lcp=4860 active=7 placement=single-or-non-pp2
[meter] admit id=cmpl-7c77bd0c3672b5f34892232e746ecd90 tenant=default lane=interactive model="q35"
[prefix-cache] hit: 4860 of 4860 prompt tokens from cache (model q35)
[spec-k] model="q35" tenant="cx-cachesize-q35-b32768-r02-hot-0" K=0 source=concurrency prompt=4860 cached=4860 lcp=4860 active=7 placement=single-or-non-pp2
[meter] admit id=cmpl-fffd4f500ddd5284fdb5bed403952e5c tenant=default lane=interactive model="q35"
[meter] admit id=cmpl-9f118ad0436b6332184dde4510730143 tenant=default lane=interactive model="q35"
[meter] admit id=cmpl-0dd58276114e3f2d3bbe2dc542987291 tenant=default lane=interactive model="q35"
[meter] admit id=cmpl-71d44fef60f945995ba6b656981f5fe5 tenant=default lane=interactive model="q35"
[meter] admit id=cmpl-d73e8a9edb3b5c1772fa04de354e7761 tenant=default lane=interactive model="q35"
[meter] admit id=cmpl-e9371de594dc8316ba7bb0f898f0d4a8 tenant=default lane=interactive model="q35"
[prefix-cache] hit: 4860 of 4860 prompt tokens from cache (model q35)
[spec-k] model="q35" tenant="cx-cachesize-q35-b32768-r02-hot-92" K=0 source=eligibility-fallback prompt=4860 cached=4860 lcp=4860 active=2 placement=single-or-non-pp2
[spec-k] model="q35" tenant="cx-cachesize-q35-b32768-r02-q35-b32768-r2-c7-cold-10" K=0 source=concurrency prompt=4860 cached=0 lcp=0 active=3 placement=single-or-non-pp2
[spec-k] model="q35" tenant="cx-cachesize-q35-b32768-r02-q35-b32768-r2-c7-cold-11" K=0 source=concurrency prompt=4860 cached=0 lcp=0 active=4 placement=single-or-non-pp2
[prefix-cache] hit: 4860 of 4860 prompt tokens from cache (model q35)
[spec-k] model="q35" tenant="cx-cachesize-q35-b32768-r02-hot-25" K=0 source=concurrency prompt=4860 cached=4860 lcp=4860 active=5 placement=single-or-non-pp2
[prefix-cache] hit: 4860 of 4860 prompt tokens from cache (model q35)
[spec-k] model="q35" tenant="cx-cachesize-q35-b32768-r02-hot-51" K=0 source=concurrency prompt=4860 cached=4860 lcp=4860 active=6 placement=single-or-non-pp2
[prefix-cache] hit: 4860 of 4860 prompt tokens from cache (model q35)
[spec-k] model="q35" tenant="cx-cachesize-q35-b32768-r02-hot-29" K=0 source=concurrency prompt=4860 cached=4860 lcp=4860 active=7 placement=single-or-non-pp2
[prefix-cache] insert (seed): 4860 tokens, 111.0MB (resident 12650.0MB / 34360MB, model q35, ns "cx-cachesize-q35-b32768-r02-q35-b32768-r2-c7-cold-10")
[prefix-cache] insert (seed): 4860 tokens, 111.0MB (resident 12760.9MB / 34360MB, model q35, ns "cx-cachesize-q35-b32768-r02-q35-b32768-r2-c7-cold-11")
[meter] admit id=cmpl-b1b602a4325bfb2f8445ed85b1ee4a30 tenant=default lane=interactive model="q35"
[prefix-cache] hit: 4860 of 4860 prompt tokens from cache (model q35)
[spec-k] model="q35" tenant="cx-cachesize-q35-b32768-r02-hot-74" K=0 source=concurrency prompt=4860 cached=4860 lcp=4860 active=7 placement=single-or-non-pp2
[meter] admit id=cmpl-d9b38d624ecd06a5886a5ca1f1bb14b5 tenant=default lane=interactive model="q35"
[meter] admit id=cmpl-44c0c1fe35bf0354ebef94010df3d319 tenant=default lane=interactive model="q35"
[meter] admit id=cmpl-7393fb1fd3ff710c7f3d38cbc263f3d5 tenant=default lane=interactive model="q35"
[meter] admit id=cmpl-0167aeb0d8e60250419f33b73ffebb9c tenant=default lane=interactive model="q35"
[prefix-cache] hit: 4860 of 4860 prompt tokens from cache (model q35)
[spec-k] model="q35" tenant="cx-cachesize-q35-b32768-r02-hot-3" K=0 source=concurrency prompt=4860 cached=4860 lcp=4860 active=4 placement=single-or-non-pp2
[prefix-cache] hit: 4860 of 4860 prompt tokens from cache (model q35)
[spec-k] model="q35" tenant="cx-cachesize-q35-b32768-r02-hot-15" K=0 source=concurrency prompt=4860 cached=4860 lcp=4860 active=5 placement=single-or-non-pp2
[prefix-cache] hit: 4860 of 4860 prompt tokens from cache (model q35)
[spec-k] model="q35" tenant="cx-cachesize-q35-b32768-r02-hot-50" K=0 source=concurrency prompt=4860 cached=4860 lcp=4860 active=6 placement=single-or-non-pp2
[prefix-cache] hit: 4860 of 4860 prompt tokens from cache (model q35)
[spec-k] model="q35" tenant="cx-cachesize-q35-b32768-r02-hot-2" K=0 source=concurrency prompt=4860 cached=4860 lcp=4860 active=7 placement=single-or-non-pp2
[meter] admit id=cmpl-b003abe6a44349e38a154f60342151b6 tenant=default lane=interactive model="q35"
[prefix-cache] hit: 4860 of 4860 prompt tokens from cache (model q35)
[spec-k] model="q35" tenant="cx-cachesize-q35-b32768-r02-hot-26" K=0 source=concurrency prompt=4860 cached=4860 lcp=4860 active=6 placement=single-or-non-pp2
[meter] admit id=cmpl-c35c68ada406a0bbcf3e2ed964da7118 tenant=default lane=interactive model="q35"
[meter] admit id=cmpl-25b2851ce9ad8da1f22cea6c8bb11510 tenant=default lane=interactive model="q35"
[meter] admit id=cmpl-9444eeb7a67e0814af8b88af873155c1 tenant=default lane=interactive model="q35"
[meter] admit id=cmpl-dbbcca68419210b970720ab9bee8d378 tenant=default lane=interactive model="q35"
[meter] admit id=cmpl-5fcb3a81b661f8218ebcfb2a7644cfc3 tenant=default lane=interactive model="q35"
[meter] admit id=cmpl-1f36b192d5768d0787b48dbdab4c057b tenant=default lane=interactive model="q35"
[prefix-cache] hit: 4860 of 4860 prompt tokens from cache (model q35)
[spec-k] model="q35" tenant="cx-cachesize-q35-b32768-r02-hot-45" K=0 source=eligibility-fallback prompt=4860 cached=4860 lcp=4860 active=1 placement=single-or-non-pp2
[prefix-cache] hit: 4860 of 4860 prompt tokens from cache (model q35)
[spec-k] model="q35" tenant="cx-cachesize-q35-b32768-r02-hot-23" K=0 source=eligibility-fallback prompt=4860 cached=4860 lcp=4860 active=2 placement=single-or-non-pp2
[prefix-cache] hit: 4860 of 4860 prompt tokens from cache (model q35)
[spec-k] model="q35" tenant="cx-cachesize-q35-b32768-r02-hot-16" K=0 source=concurrency prompt=4860 cached=4860 lcp=4860 active=3 placement=single-or-non-pp2
[prefix-cache] hit: 4860 of 4860 prompt tokens from cache (model q35)
[spec-k] model="q35" tenant="cx-cachesize-q35-b32768-r02-hot-36" K=0 source=concurrency prompt=4860 cached=4860 lcp=4860 active=4 placement=single-or-non-pp2
[spec-k] model="q35" tenant="cx-cachesize-q35-b32768-r02-q35-b32768-r2-c6-cold-4" K=0 source=concurrency prompt=4860 cached=0 lcp=0 active=5 placement=single-or-non-pp2
[prefix-cache] hit: 4860 of 4860 prompt tokens from cache (model q35)
[spec-k] model="q35" tenant="cx-cachesize-q35-b32768-r02-hot-42" K=0 source=concurrency prompt=4860 cached=4860 lcp=4860 active=6 placement=single-or-non-pp2
[prefix-cache] insert (seed): 4860 tokens, 111.0MB (resident 12871.9MB / 34360MB, model q35, ns "cx-cachesize-q35-b32768-r02-q35-b32768-r2-c6-cold-4")
[meter] admit id=cmpl-18788e0a565ac6ad15d32cb577ecb498 tenant=default lane=interactive model="q35"
[prefix-cache] hit: 4860 of 4860 prompt tokens from cache (model q35)
[spec-k] model="q35" tenant="cx-cachesize-q35-b32768-r02-hot-66" K=0 source=concurrency prompt=4860 cached=4860 lcp=4860 active=6 placement=single-or-non-pp2
[meter] admit id=cmpl-9d64a45905900034d04056e4b4b29f13 tenant=default lane=interactive model="q35"
[meter] admit id=cmpl-412dbdf7023af2908a34f5aa9bd0f25f tenant=default lane=interactive model="q35"
[meter] admit id=cmpl-ac8c8efb7a67ac6abe7e10f37622ca83 tenant=default lane=interactive model="q35"
[meter] admit id=cmpl-5d505d44698a371adf70bb7c21aa3964 tenant=default lane=interactive model="q35"
[prefix-cache] hit: 4860 of 4860 prompt tokens from cache (model q35)
[spec-k] model="q35" tenant="cx-cachesize-q35-b32768-r02-hot-58" K=0 source=concurrency prompt=4860 cached=4860 lcp=4860 active=3 placement=single-or-non-pp2
[prefix-cache] hit: 4860 of 4860 prompt tokens from cache (model q35)
[spec-k] model="q35" tenant="cx-cachesize-q35-b32768-r02-hot-78" K=0 source=concurrency prompt=4860 cached=4860 lcp=4860 active=4 placement=single-or-non-pp2
[prefix-cache] hit: 4860 of 4860 prompt tokens from cache (model q35)
[spec-k] model="q35" tenant="cx-cachesize-q35-b32768-r02-hot-64" K=0 source=concurrency prompt=4860 cached=4860 lcp=4860 active=5 placement=single-or-non-pp2
[prefix-cache] hit: 4860 of 4860 prompt tokens from cache (model q35)
[spec-k] model="q35" tenant="cx-cachesize-q35-b32768-r02-hot-11" K=0 source=concurrency prompt=4860 cached=4860 lcp=4860 active=6 placement=single-or-non-pp2
[meter] admit id=cmpl-4c6dd028684ace2a3662da0897322fef tenant=default lane=interactive model="q35"
[spec-k] model="q35" tenant="cx-cachesize-q35-b32768-r02-q35-b32768-r2-c6-cold-11" K=0 source=concurrency prompt=4860 cached=0 lcp=0 active=6 placement=single-or-non-pp2
[prefix-cache] insert (seed): 4860 tokens, 111.0MB (resident 12982.8MB / 34360MB, model q35, ns "cx-cachesize-q35-b32768-r02-q35-b32768-r2-c6-cold-11")
[meter] admit id=cmpl-24b25eda924ba0a6aefb33d04a2d5f8a tenant=default lane=interactive model="q35"
[prefix-cache] hit: 4860 of 4860 prompt tokens from cache (model q35)
[spec-k] model="q35" tenant="cx-cachesize-q35-b32768-r02-hot-72" K=0 source=concurrency prompt=4860 cached=4860 lcp=4860 active=6 placement=single-or-non-pp2
[meter] admit id=cmpl-9ff2b2b284c10557d9abcf37c2099acc tenant=default lane=interactive model="q35"
[meter] admit id=cmpl-2e3a2cb6c5429d807c347c13f82ea0f3 tenant=default lane=interactive model="q35"
[meter] admit id=cmpl-7909d8ec947867df33093177ab23ecc3 tenant=default lane=interactive model="q35"
[meter] admit id=cmpl-0c51e7df2a00bb6ff6b3504c47b16026 tenant=default lane=interactive model="q35"
[prefix-cache] hit: 4860 of 4860 prompt tokens from cache (model q35)
[spec-k] model="q35" tenant="cx-cachesize-q35-b32768-r02-hot-39" K=0 source=concurrency prompt=4860 cached=4860 lcp=4860 active=3 placement=single-or-non-pp2
[prefix-cache] hit: 4860 of 4860 prompt tokens from cache (model q35)
[spec-k] model="q35" tenant="cx-cachesize-q35-b32768-r02-hot-95" K=0 source=concurrency prompt=4860 cached=4860 lcp=4860 active=4 placement=single-or-non-pp2
[prefix-cache] hit: 4860 of 4860 prompt tokens from cache (model q35)
[spec-k] model="q35" tenant="cx-cachesize-q35-b32768-r02-hot-31" K=0 source=concurrency prompt=4860 cached=4860 lcp=4860 active=5 placement=single-or-non-pp2
[prefix-cache] hit: 4860 of 4860 prompt tokens from cache (model q35)
[spec-k] model="q35" tenant="cx-cachesize-q35-b32768-r02-hot-35" K=0 source=concurrency prompt=4860 cached=4860 lcp=4860 active=6 placement=single-or-non-pp2
[meter] admit id=cmpl-b57d0dd528c28703d394c2125805f6b3 tenant=default lane=interactive model="q35"
[prefix-cache] hit: 4860 of 4860 prompt tokens from cache (model q35)
[spec-k] model="q35" tenant="cx-cachesize-q35-b32768-r02-hot-70" K=0 source=concurrency prompt=4860 cached=4860 lcp=4860 active=6 placement=single-or-non-pp2
[meter] admit id=cmpl-65841254e4c3590e4afa0d1a51484bce tenant=default lane=interactive model="q35"
[prefix-cache] hit: 4860 of 4860 prompt tokens from cache (model q35)
[spec-k] model="q35" tenant="cx-cachesize-q35-b32768-r02-hot-9" K=0 source=concurrency prompt=4860 cached=4860 lcp=4860 active=6 placement=single-or-non-pp2
[meter] admit id=cmpl-fe2c641b9163e35a8a2cd200d0dbce07 tenant=default lane=interactive model="q35"
[prefix-cache] hit: 4860 of 4860 prompt tokens from cache (model q35)
[spec-k] model="q35" tenant="cx-cachesize-q35-b32768-r02-hot-79" K=0 source=concurrency prompt=4860 cached=4860 lcp=4860 active=3 placement=single-or-non-pp2
[meter] admit id=cmpl-5d86c3dcd521eda5aa7114a618d65760 tenant=default lane=interactive model="q35"
[meter] admit id=cmpl-6c3798292177c64affdedda439757811 tenant=default lane=interactive model="q35"
[meter] admit id=cmpl-602600966155f1642acedb63abf3a49a tenant=default lane=interactive model="q35"
[meter] admit id=cmpl-71017d88f59f193ae72bab5eb23433ae tenant=default lane=interactive model="q35"
[meter] admit id=cmpl-19e583912077741c9fc51897efe0ac9a tenant=default lane=interactive model="q35"
[prefix-cache] hit: 4860 of 4860 prompt tokens from cache (model q35)
[spec-k] model="q35" tenant="cx-cachesize-q35-b32768-r02-hot-10" K=0 source=eligibility-fallback prompt=4860 cached=4860 lcp=4860 active=1 placement=single-or-non-pp2
[prefix-cache] hit: 4860 of 4860 prompt tokens from cache (model q35)
[spec-k] model="q35" tenant="cx-cachesize-q35-b32768-r02-hot-20" K=0 source=eligibility-fallback prompt=4860 cached=4860 lcp=4860 active=2 placement=single-or-non-pp2
[spec-k] model="q35" tenant="cx-cachesize-q35-b32768-r02-q35-b32768-r2-c5-cold-0" K=0 source=concurrency prompt=4860 cached=0 lcp=0 active=3 placement=single-or-non-pp2
[prefix-cache] hit: 4860 of 4860 prompt tokens from cache (model q35)
[spec-k] model="q35" tenant="cx-cachesize-q35-b32768-r02-hot-48" K=0 source=concurrency prompt=4860 cached=4860 lcp=4860 active=4 placement=single-or-non-pp2
[prefix-cache] hit: 4860 of 4860 prompt tokens from cache (model q35)
[spec-k] model="q35" tenant="cx-cachesize-q35-b32768-r02-hot-84" K=0 source=concurrency prompt=4860 cached=4860 lcp=4860 active=5 placement=single-or-non-pp2
[prefix-cache] insert (seed): 4860 tokens, 111.0MB (resident 13093.8MB / 34360MB, model q35, ns "cx-cachesize-q35-b32768-r02-q35-b32768-r2-c5-cold-0")
[meter] admit id=cmpl-a0826ecda57cc925b29c64e48a10207c tenant=default lane=interactive model="q35"
[prefix-cache] hit: 4860 of 4860 prompt tokens from cache (model q35)
[spec-k] model="q35" tenant="cx-cachesize-q35-b32768-r02-hot-86" K=0 source=concurrency prompt=4860 cached=4860 lcp=4860 active=5 placement=single-or-non-pp2
[meter] admit id=cmpl-fddb5eabd2b7a2c01661ee9e7a217d35 tenant=default lane=interactive model="q35"
[meter] admit id=cmpl-e4c6257a8be4ed0cc27fa32bfc809128 tenant=default lane=interactive model="q35"
[meter] admit id=cmpl-c754018c85ab136b97a4f32798c2e02f tenant=default lane=interactive model="q35"
[spec-k] model="q35" tenant="cx-cachesize-q35-b32768-r02-q35-b32768-r2-c5-cold-6" K=0 source=concurrency prompt=4860 cached=0 lcp=0 active=3 placement=single-or-non-pp2
[prefix-cache] hit: 4860 of 4860 prompt tokens from cache (model q35)
[spec-k] model="q35" tenant="cx-cachesize-q35-b32768-r02-hot-44" K=0 source=concurrency prompt=4860 cached=4860 lcp=4860 active=4 placement=single-or-non-pp2
[prefix-cache] hit: 4860 of 4860 prompt tokens from cache (model q35)
[spec-k] model="q35" tenant="cx-cachesize-q35-b32768-r02-hot-40" K=0 source=concurrency prompt=4860 cached=4860 lcp=4860 active=5 placement=single-or-non-pp2
[meter] admit id=cmpl-a6e93f547b207c839eef3dc2ae3128f6 tenant=default lane=interactive model="q35"
[prefix-cache] hit: 4860 of 4860 prompt tokens from cache (model q35)
[spec-k] model="q35" tenant="cx-cachesize-q35-b32768-r02-hot-94" K=0 source=concurrency prompt=4860 cached=4860 lcp=4860 active=5 placement=single-or-non-pp2
[prefix-cache] insert (seed): 4860 tokens, 111.0MB (resident 13204.8MB / 34360MB, model q35, ns "cx-cachesize-q35-b32768-r02-q35-b32768-r2-c5-cold-6")
[meter] admit id=cmpl-d39ac3aea784f1ed7d510198d92d7589 tenant=default lane=interactive model="q35"
[prefix-cache] hit: 4860 of 4860 prompt tokens from cache (model q35)
[spec-k] model="q35" tenant="cx-cachesize-q35-b32768-r02-hot-41" K=0 source=concurrency prompt=4860 cached=4860 lcp=4860 active=5 placement=single-or-non-pp2
[meter] admit id=cmpl-3a2c0665d4a82d27b0ed234f16ee2a37 tenant=default lane=interactive model="q35"
[meter] admit id=cmpl-c545803ec00f65c7135bc34209becab7 tenant=default lane=interactive model="q35"
[prefix-cache] hit: 4860 of 4860 prompt tokens from cache (model q35)
[spec-k] model="q35" tenant="cx-cachesize-q35-b32768-r02-hot-67" K=0 source=concurrency prompt=4860 cached=4860 lcp=4860 active=4 placement=single-or-non-pp2
[prefix-cache] hit: 4860 of 4860 prompt tokens from cache (model q35)
[spec-k] model="q35" tenant="cx-cachesize-q35-b32768-r02-hot-27" K=0 source=concurrency prompt=4860 cached=4860 lcp=4860 active=5 placement=single-or-non-pp2
[meter] admit id=cmpl-05dcedbf94b5121f12aed55a4f468ebd tenant=default lane=interactive model="q35"
[prefix-cache] hit: 4860 of 4860 prompt tokens from cache (model q35)
[spec-k] model="q35" tenant="cx-cachesize-q35-b32768-r02-hot-77" K=0 source=concurrency prompt=4860 cached=4860 lcp=4860 active=5 placement=single-or-non-pp2
[meter] admit id=cmpl-8c1fd9d88c17cc188088f3e7db3bf5c3 tenant=default lane=interactive model="q35"
[prefix-cache] hit: 4860 of 4860 prompt tokens from cache (model q35)
[spec-k] model="q35" tenant="cx-cachesize-q35-b32768-r02-hot-53" K=0 source=concurrency prompt=4860 cached=4860 lcp=4860 active=5 placement=single-or-non-pp2
[meter] admit id=cmpl-5740a65a2eed6d18e0f4c1431d02dd13 tenant=default lane=interactive model="q35"
[prefix-cache] hit: 4860 of 4860 prompt tokens from cache (model q35)
[spec-k] model="q35" tenant="cx-cachesize-q35-b32768-r02-hot-16" K=0 source=concurrency prompt=4860 cached=4860 lcp=4860 active=5 placement=single-or-non-pp2
[meter] admit id=cmpl-ebad9650f9407efed89079eb8941ddad tenant=default lane=interactive model="q35"
[meter] admit id=cmpl-e4aca03553227130f5b6037e7db43aea tenant=default lane=interactive model="q35"
[prefix-cache] hit: 4860 of 4860 prompt tokens from cache (model q35)
[spec-k] model="q35" tenant="cx-cachesize-q35-b32768-r02-hot-57" K=0 source=concurrency prompt=4860 cached=4860 lcp=4860 active=4 placement=single-or-non-pp2
[prefix-cache] hit: 4860 of 4860 prompt tokens from cache (model q35)
[spec-k] model="q35" tenant="cx-cachesize-q35-b32768-r02-hot-42" K=0 source=concurrency prompt=4860 cached=4860 lcp=4860 active=5 placement=single-or-non-pp2
[meter] admit id=cmpl-b3f3b00534b21eb65ef8f9fadafe753c tenant=default lane=interactive model="q35"
[prefix-cache] hit: 4860 of 4860 prompt tokens from cache (model q35)
[spec-k] model="q35" tenant="cx-cachesize-q35-b32768-r02-hot-52" K=0 source=concurrency prompt=4860 cached=4860 lcp=4860 active=5 placement=single-or-non-pp2
[meter] admit id=cmpl-ee9653423c6a097dfbc73de59a7c6495 tenant=default lane=interactive model="q35"
[prefix-cache] hit: 4860 of 4860 prompt tokens from cache (model q35)
[spec-k] model="q35" tenant="cx-cachesize-q35-b32768-r02-hot-8" K=0 source=concurrency prompt=4860 cached=4860 lcp=4860 active=5 placement=single-or-non-pp2
[server] SIGTERM: draining (0 in flight, deadline 30s)
[server] drain complete in 0.0s; exiting
[server] GPU worker shutdown complete
