timestamp, index, utilization.gpu [%], memory.used [MiB], power.draw [W], clocks.current.sm [MHz], clocks.current.memory [MHz], temperature.gpu
2026/09/26 14:59:21.519, 0, 0 %, 0 MiB, 91.66 W, 2370 MHz, 12481 MHz, 40
2026/09/26 14:59:21.529, 1, 0 %, 0 MiB, 100.99 W, 2370 MHz, 12481 MHz, 40
2026/09/26 14:59:21.784, 0, 0 %, 23 MiB, 93.50 W, 2370 MHz, 12481 MHz, 40
2026/09/26 14:59:21.784, 1, 0 %, 3 MiB, 99.88 W, 2370 MHz, 12481 MHz, 40
2026/09/26 14:59:22.034, 0, 1 %, 595 MiB, 94.18 W, 2370 MHz, 12481 MHz, 40
2026/09/26 14:59:22.034, 1, 0 %, 3 MiB, 99.98 W, 2370 MHz, 12481 MHz, 40
2026/09/26 14:59:22.284, 0, 0 %, 595 MiB, 94.12 W, 2370 MHz, 12481 MHz, 40
2026/09/26 14:59:22.284, 1, 0 %, 3 MiB, 100.04 W, 2370 MHz, 12481 MHz, 40
2026/09/26 14:59:22.534, 0, 0 %, 595 MiB, 94.11 W, 2370 MHz, 12481 MHz, 40
2026/09/26 14:59:22.534, 1, 0 %, 3 MiB, 90.68 W, 1447 MHz, 12481 MHz, 39
2026/09/26 14:59:22.785, 0, 0 %, 627 MiB, 91.75 W, 2370 MHz, 12481 MHz, 40
2026/09/26 14:59:22.785, 1, 0 %, 3 MiB, 80.20 W, 547 MHz, 12481 MHz, 39
2026/09/26 14:59:23.035, 0, 3 %, 1267 MiB, 91.19 W, 2370 MHz, 12481 MHz, 40
2026/09/26 14:59:23.044, 1, 0 %, 22 MiB, 71.30 W, 495 MHz, 12481 MHz, 39
2026/09/26 14:59:23.294, 0, 0 %, 1267 MiB, 91.30 W, 2370 MHz, 12481 MHz, 40
2026/09/26 14:59:23.294, 1, 0 %, 1235 MiB, 72.67 W, 1897 MHz, 12481 MHz, 39
2026/09/26 14:59:23.545, 0, 3 %, 1331 MiB, 91.39 W, 2370 MHz, 12481 MHz, 39
2026/09/26 14:59:23.545, 1, 3 %, 1299 MiB, 81.18 W, 2370 MHz, 12481 MHz, 39
2026/09/26 14:59:23.795, 0, 3 %, 3347 MiB, 92.04 W, 2370 MHz, 12481 MHz, 39
2026/09/26 14:59:23.795, 1, 3 %, 1299 MiB, 89.19 W, 2370 MHz, 12481 MHz, 39
2026/09/26 14:59:24.045, 0, 21 %, 5075 MiB, 93.01 W, 2370 MHz, 12481 MHz, 39
2026/09/26 14:59:24.045, 1, 17 %, 3315 MiB, 100.61 W, 2370 MHz, 12481 MHz, 39
2026/09/26 14:59:24.295, 0, 0 %, 5075 MiB, 93.75 W, 2370 MHz, 12481 MHz, 39
2026/09/26 14:59:24.295, 1, 0 %, 3315 MiB, 99.76 W, 2370 MHz, 12481 MHz, 39
2026/09/26 14:59:24.545, 0, 0 %, 5075 MiB, 93.64 W, 2370 MHz, 12481 MHz, 39
2026/09/26 14:59:24.545, 1, 0 %, 3315 MiB, 99.48 W, 2370 MHz, 12481 MHz, 39
2026/09/26 14:59:24.795, 0, 0 %, 5075 MiB, 93.10 W, 2370 MHz, 12481 MHz, 39
2026/09/26 14:59:24.795, 1, 0 %, 3315 MiB, 99.45 W, 2370 MHz, 12481 MHz, 39
2026/09/26 14:59:25.045, 0, 1 %, 5075 MiB, 92.12 W, 2370 MHz, 12481 MHz, 39
2026/09/26 14:59:25.045, 1, 0 %, 3315 MiB, 97.33 W, 2370 MHz, 12481 MHz, 39
2026/09/26 14:59:25.296, 0, 0 %, 5075 MiB, 90.93 W, 2370 MHz, 12481 MHz, 39
2026/09/26 14:59:25.296, 1, 0 %, 3315 MiB, 97.33 W, 2370 MHz, 12481 MHz, 39
2026/09/26 14:59:25.546, 0, 1 %, 5107 MiB, 90.90 W, 2370 MHz, 12481 MHz, 39
2026/09/26 14:59:25.546, 1, 0 %, 3315 MiB, 96.45 W, 2370 MHz, 12481 MHz, 39
2026/09/26 14:59:25.796, 0, 0 %, 5107 MiB, 90.78 W, 2370 MHz, 12481 MHz, 39
2026/09/26 14:59:25.796, 1, 0 %, 3315 MiB, 96.38 W, 2370 MHz, 12481 MHz, 39
2026/09/26 14:59:26.046, 0, 0 %, 5139 MiB, 90.73 W, 2370 MHz, 12481 MHz, 39
2026/09/26 14:59:26.046, 1, 0 %, 3315 MiB, 96.36 W, 2370 MHz, 12481 MHz, 39
2026/09/26 14:59:26.296, 0, 0 %, 5139 MiB, 90.71 W, 2370 MHz, 12481 MHz, 39
2026/09/26 14:59:26.296, 1, 0 %, 3315 MiB, 96.44 W, 2370 MHz, 12481 MHz, 39
2026/09/26 14:59:26.546, 0, 0 %, 5171 MiB, 90.70 W, 2370 MHz, 12481 MHz, 39
2026/09/26 14:59:26.546, 1, 6 %, 5043 MiB, 97.57 W, 2370 MHz, 12481 MHz, 39
2026/09/26 14:59:26.796, 0, 0 %, 5171 MiB, 90.67 W, 2370 MHz, 12481 MHz, 39
2026/09/26 14:59:26.796, 1, 10 %, 5043 MiB, 98.17 W, 2370 MHz, 12481 MHz, 39
2026/09/26 14:59:27.047, 0, 0 %, 5171 MiB, 90.64 W, 2370 MHz, 12481 MHz, 39
2026/09/26 14:59:27.047, 1, 0 %, 5043 MiB, 116.52 W, 2377 MHz, 12481 MHz, 41
2026/09/26 14:59:27.297, 0, 0 %, 5171 MiB, 90.56 W, 2370 MHz, 12481 MHz, 39
2026/09/26 14:59:27.297, 1, 0 %, 5043 MiB, 128.49 W, 2377 MHz, 12481 MHz, 41
2026/09/26 14:59:27.547, 0, 0 %, 5171 MiB, 90.51 W, 2370 MHz, 12481 MHz, 39
2026/09/26 14:59:27.547, 1, 0 %, 5043 MiB, 136.72 W, 2377 MHz, 12481 MHz, 39
2026/09/26 14:59:27.797, 0, 0 %, 5171 MiB, 90.51 W, 2370 MHz, 12481 MHz, 39
2026/09/26 14:59:27.797, 1, 0 %, 5043 MiB, 135.36 W, 2370 MHz, 12481 MHz, 39
2026/09/26 14:59:28.047, 0, 0 %, 5171 MiB, 89.79 W, 2370 MHz, 12481 MHz, 39
2026/09/26 14:59:28.047, 1, 0 %, 5075 MiB, 123.19 W, 2370 MHz, 12481 MHz, 40
2026/09/26 14:59:28.297, 0, 0 %, 5171 MiB, 89.81 W, 2370 MHz, 12481 MHz, 39
2026/09/26 14:59:28.297, 1, 0 %, 5075 MiB, 113.63 W, 2377 MHz, 12481 MHz, 39
2026/09/26 14:59:28.547, 0, 0 %, 5171 MiB, 89.79 W, 2370 MHz, 12481 MHz, 39
2026/09/26 14:59:28.547, 1, 0 %, 5107 MiB, 105.21 W, 2370 MHz, 12481 MHz, 39
2026/09/26 14:59:28.798, 0, 0 %, 5171 MiB, 89.93 W, 2370 MHz, 12481 MHz, 38
2026/09/26 14:59:28.798, 1, 0 %, 5107 MiB, 108.24 W, 2370 MHz, 12481 MHz, 39
2026/09/26 14:59:29.048, 0, 0 %, 6899 MiB, 90.42 W, 2370 MHz, 12481 MHz, 39
2026/09/26 14:59:29.048, 1, 0 %, 5139 MiB, 122.40 W, 2377 MHz, 12481 MHz, 41
2026/09/26 14:59:29.298, 0, 0 %, 6899 MiB, 91.53 W, 2370 MHz, 12481 MHz, 38
2026/09/26 14:59:29.298, 1, 0 %, 5139 MiB, 130.47 W, 2377 MHz, 12481 MHz, 41
2026/09/26 14:59:29.548, 0, 0 %, 6899 MiB, 91.50 W, 2370 MHz, 12481 MHz, 38
2026/09/26 14:59:29.548, 1, 0 %, 5139 MiB, 146.96 W, 2377 MHz, 12481 MHz, 40
2026/09/26 14:59:29.798, 0, 0 %, 6899 MiB, 91.46 W, 2370 MHz, 12481 MHz, 38
2026/09/26 14:59:29.798, 1, 0 %, 5139 MiB, 144.56 W, 2370 MHz, 12481 MHz, 39
2026/09/26 14:59:30.048, 0, 1 %, 6931 MiB, 91.43 W, 2370 MHz, 12481 MHz, 38
2026/09/26 14:59:30.048, 1, 0 %, 5139 MiB, 126.07 W, 2370 MHz, 12481 MHz, 39
2026/09/26 14:59:30.298, 0, 0 %, 6931 MiB, 90.25 W, 2370 MHz, 12481 MHz, 38
2026/09/26 14:59:30.298, 1, 0 %, 5139 MiB, 113.62 W, 2370 MHz, 12481 MHz, 39
2026/09/26 14:59:30.549, 0, 1 %, 6963 MiB, 90.25 W, 2370 MHz, 12481 MHz, 38
2026/09/26 14:59:30.549, 1, 0 %, 5139 MiB, 96.79 W, 2370 MHz, 12481 MHz, 38
2026/09/26 14:59:30.799, 0, 0 %, 6963 MiB, 90.21 W, 2370 MHz, 12481 MHz, 38
2026/09/26 14:59:30.799, 1, 0 %, 5139 MiB, 96.56 W, 2370 MHz, 12481 MHz, 38
2026/09/26 14:59:31.049, 0, 0 %, 6995 MiB, 90.22 W, 2370 MHz, 12481 MHz, 38
2026/09/26 14:59:31.049, 1, 0 %, 5139 MiB, 96.50 W, 2370 MHz, 12481 MHz, 38
2026/09/26 14:59:31.299, 0, 0 %, 6995 MiB, 90.23 W, 2370 MHz, 12481 MHz, 38
2026/09/26 14:59:31.299, 1, 0 %, 5139 MiB, 96.51 W, 2370 MHz, 12481 MHz, 38
2026/09/26 14:59:31.549, 0, 0 %, 7027 MiB, 90.22 W, 2370 MHz, 12481 MHz, 38
2026/09/26 14:59:31.549, 1, 2 %, 6867 MiB, 96.95 W, 2370 MHz, 12481 MHz, 38
2026/09/26 14:59:31.799, 0, 0 %, 7027 MiB, 90.18 W, 2370 MHz, 12481 MHz, 38
2026/09/26 14:59:31.799, 1, 15 %, 6867 MiB, 100.96 W, 2370 MHz, 12481 MHz, 38
2026/09/26 14:59:32.050, 0, 0 %, 7027 MiB, 90.11 W, 2370 MHz, 12481 MHz, 38
2026/09/26 14:59:32.050, 1, 0 %, 6867 MiB, 119.22 W, 2377 MHz, 12481 MHz, 40
2026/09/26 14:59:32.300, 0, 0 %, 7027 MiB, 90.08 W, 2370 MHz, 12481 MHz, 38
2026/09/26 14:59:32.300, 1, 0 %, 6867 MiB, 122.68 W, 2377 MHz, 12481 MHz, 39
2026/09/26 14:59:32.550, 0, 0 %, 7027 MiB, 90.05 W, 2370 MHz, 12481 MHz, 38
2026/09/26 14:59:32.550, 1, 0 %, 6899 MiB, 124.75 W, 2370 MHz, 12481 MHz, 38
2026/09/26 14:59:32.800, 0, 0 %, 7027 MiB, 90.04 W, 2370 MHz, 12481 MHz, 38
2026/09/26 14:59:32.800, 1, 0 %, 6899 MiB, 121.60 W, 2370 MHz, 12481 MHz, 38
2026/09/26 14:59:33.050, 0, 0 %, 7027 MiB, 90.09 W, 2370 MHz, 12481 MHz, 38
2026/09/26 14:59:33.050, 1, 0 %, 6931 MiB, 102.08 W, 2370 MHz, 12481 MHz, 38
2026/09/26 14:59:33.300, 0, 0 %, 7027 MiB, 90.28 W, 2370 MHz, 12481 MHz, 38
2026/09/26 14:59:33.300, 1, 0 %, 6931 MiB, 99.33 W, 2370 MHz, 12481 MHz, 38
2026/09/26 14:59:33.550, 0, 0 %, 7027 MiB, 90.33 W, 2370 MHz, 12481 MHz, 38
2026/09/26 14:59:33.550, 1, 0 %, 6963 MiB, 96.88 W, 2370 MHz, 12481 MHz, 38
2026/09/26 14:59:33.800, 0, 0 %, 7027 MiB, 90.24 W, 2370 MHz, 12481 MHz, 38
2026/09/26 14:59:33.801, 1, 0 %, 6963 MiB, 99.74 W, 2370 MHz, 12481 MHz, 39
2026/09/26 14:59:34.051, 0, 0 %, 8755 MiB, 90.65 W, 2370 MHz, 12481 MHz, 38
2026/09/26 14:59:34.051, 1, 0 %, 6995 MiB, 105.49 W, 2370 MHz, 12481 MHz, 39
2026/09/26 14:59:34.301, 0, 0 %, 8787 MiB, 91.23 W, 2370 MHz, 12481 MHz, 38
2026/09/26 14:59:34.301, 1, 0 %, 6995 MiB, 117.52 W, 2377 MHz, 12481 MHz, 40
2026/09/26 14:59:34.551, 0, 0 %, 8787 MiB, 91.18 W, 2370 MHz, 12481 MHz, 38
2026/09/26 14:59:34.551, 1, 0 %, 6995 MiB, 135.72 W, 2377 MHz, 12481 MHz, 40
2026/09/26 14:59:34.801, 0, 0 %, 8787 MiB, 91.19 W, 2370 MHz, 12481 MHz, 38
2026/09/26 14:59:34.801, 1, 0 %, 6995 MiB, 145.39 W, 2377 MHz, 12481 MHz, 40
2026/09/26 14:59:35.051, 0, 0 %, 8819 MiB, 90.78 W, 2370 MHz, 12481 MHz, 38
2026/09/26 14:59:35.051, 1, 0 %, 6995 MiB, 155.65 W, 2377 MHz, 12481 MHz, 40
2026/09/26 14:59:35.301, 0, 0 %, 8819 MiB, 89.94 W, 2370 MHz, 12481 MHz, 38
2026/09/26 14:59:35.301, 1, 0 %, 6995 MiB, 143.20 W, 2370 MHz, 12481 MHz, 38
2026/09/26 14:59:35.551, 0, 0 %, 8819 MiB, 89.93 W, 2370 MHz, 12481 MHz, 38
2026/09/26 14:59:35.551, 1, 0 %, 6995 MiB, 124.49 W, 2370 MHz, 12481 MHz, 38
2026/09/26 14:59:35.801, 0, 1 %, 8851 MiB, 89.92 W, 2370 MHz, 12481 MHz, 38
2026/09/26 14:59:35.801, 1, 0 %, 6995 MiB, 112.88 W, 2370 MHz, 12481 MHz, 38
2026/09/26 14:59:36.052, 0, 0 %, 8851 MiB, 89.89 W, 2370 MHz, 12481 MHz, 38
2026/09/26 14:59:36.052, 1, 0 %, 6995 MiB, 96.43 W, 2370 MHz, 12481 MHz, 38
2026/09/26 14:59:36.302, 0, 0 %, 8883 MiB, 89.88 W, 2370 MHz, 12481 MHz, 38
2026/09/26 14:59:36.302, 1, 0 %, 6995 MiB, 96.32 W, 2370 MHz, 12481 MHz, 38
2026/09/26 14:59:36.552, 0, 0 %, 8883 MiB, 89.84 W, 2370 MHz, 12481 MHz, 38
2026/09/26 14:59:36.552, 1, 0 %, 6995 MiB, 96.22 W, 2370 MHz, 12481 MHz, 38
2026/09/26 14:59:36.802, 0, 0 %, 8915 MiB, 89.84 W, 2370 MHz, 12481 MHz, 38
2026/09/26 14:59:36.802, 1, 18 %, 8723 MiB, 97.02 W, 2370 MHz, 12481 MHz, 38
2026/09/26 14:59:37.052, 0, 0 %, 8915 MiB, 89.82 W, 2370 MHz, 12481 MHz, 38
2026/09/26 14:59:37.052, 1, 0 %, 8755 MiB, 111.94 W, 2370 MHz, 12481 MHz, 40
2026/09/26 14:59:37.302, 0, 0 %, 8915 MiB, 89.81 W, 2370 MHz, 12481 MHz, 38
2026/09/26 14:59:37.302, 1, 0 %, 8755 MiB, 115.58 W, 2377 MHz, 12481 MHz, 38
2026/09/26 14:59:37.552, 0, 0 %, 8915 MiB, 89.78 W, 2370 MHz, 12481 MHz, 38
2026/09/26 14:59:37.552, 1, 0 %, 8755 MiB, 115.28 W, 2370 MHz, 12481 MHz, 38
2026/09/26 14:59:37.802, 0, 0 %, 8915 MiB, 89.71 W, 2370 MHz, 12481 MHz, 38
2026/09/26 14:59:37.802, 1, 1 %, 8787 MiB, 123.04 W, 2370 MHz, 12481 MHz, 39
2026/09/26 14:59:38.053, 0, 0 %, 8915 MiB, 89.71 W, 2370 MHz, 12481 MHz, 37
2026/09/26 14:59:38.053, 1, 0 %, 8787 MiB, 126.52 W, 2377 MHz, 12481 MHz, 40
2026/09/26 14:59:38.303, 0, 0 %, 8915 MiB, 89.67 W, 2370 MHz, 12481 MHz, 37
2026/09/26 14:59:38.303, 1, 0 %, 8819 MiB, 134.27 W, 2377 MHz, 12481 MHz, 40
2026/09/26 14:59:38.553, 0, 0 %, 8915 MiB, 89.72 W, 2370 MHz, 12481 MHz, 37
2026/09/26 14:59:38.553, 1, 0 %, 8819 MiB, 134.47 W, 2370 MHz, 12481 MHz, 38
2026/09/26 14:59:38.803, 0, 0 %, 8915 MiB, 89.73 W, 2370 MHz, 12481 MHz, 37
2026/09/26 14:59:38.803, 1, 0 %, 8851 MiB, 126.97 W, 2370 MHz, 12481 MHz, 38
2026/09/26 14:59:39.053, 0, 0 %, 8915 MiB, 89.72 W, 2370 MHz, 12481 MHz, 37
2026/09/26 14:59:39.053, 1, 1 %, 8851 MiB, 120.50 W, 2370 MHz, 12481 MHz, 39
2026/09/26 14:59:39.303, 0, 4 %, 10643 MiB, 90.18 W, 2370 MHz, 12481 MHz, 37
2026/09/26 14:59:39.303, 1, 0 %, 8883 MiB, 114.25 W, 2377 MHz, 12481 MHz, 38
2026/09/26 14:59:39.553, 0, 13 %, 10643 MiB, 90.96 W, 2370 MHz, 12481 MHz, 37
2026/09/26 14:59:39.553, 1, 0 %, 8883 MiB, 132.21 W, 2377 MHz, 12481 MHz, 40
2026/09/26 14:59:39.803, 0, 0 %, 10643 MiB, 90.96 W, 2370 MHz, 12481 MHz, 37
2026/09/26 14:59:39.803, 1, 0 %, 8883 MiB, 143.79 W, 2377 MHz, 12481 MHz, 40
2026/09/26 14:59:40.054, 0, 0 %, 10643 MiB, 90.93 W, 2370 MHz, 12481 MHz, 37
2026/09/26 14:59:40.054, 1, 0 %, 8883 MiB, 151.42 W, 2377 MHz, 12481 MHz, 40
2026/09/26 14:59:40.304, 0, 0 %, 10675 MiB, 90.57 W, 2370 MHz, 12481 MHz, 37
2026/09/26 14:59:40.304, 1, 0 %, 8883 MiB, 157.09 W, 2377 MHz, 12481 MHz, 40
2026/09/26 14:59:40.554, 0, 0 %, 10675 MiB, 89.63 W, 2370 MHz, 12481 MHz, 37
2026/09/26 14:59:40.554, 1, 0 %, 8883 MiB, 158.75 W, 2377 MHz, 12481 MHz, 40
2026/09/26 14:59:40.804, 0, 0 %, 10707 MiB, 89.62 W, 2370 MHz, 12481 MHz, 37
2026/09/26 14:59:40.804, 1, 0 %, 8883 MiB, 158.76 W, 2377 MHz, 12481 MHz, 40
2026/09/26 14:59:41.054, 0, 0 %, 10707 MiB, 89.66 W, 2370 MHz, 12481 MHz, 37
2026/09/26 14:59:41.054, 1, 0 %, 8883 MiB, 154.11 W, 2377 MHz, 12481 MHz, 39
2026/09/26 14:59:41.304, 0, 0 %, 10739 MiB, 89.66 W, 2370 MHz, 12481 MHz, 37
2026/09/26 14:59:41.304, 1, 0 %, 8883 MiB, 141.76 W, 2370 MHz, 12481 MHz, 38
2026/09/26 14:59:41.554, 0, 0 %, 10771 MiB, 89.69 W, 2370 MHz, 12481 MHz, 37
2026/09/26 14:59:41.554, 1, 0 %, 8883 MiB, 123.71 W, 2370 MHz, 12481 MHz, 38
2026/09/26 14:59:41.804, 0, 0 %, 10771 MiB, 89.69 W, 2370 MHz, 12481 MHz, 37
2026/09/26 14:59:41.805, 1, 0 %, 10611 MiB, 111.78 W, 2370 MHz, 12481 MHz, 38
2026/09/26 14:59:42.055, 0, 0 %, 10771 MiB, 89.67 W, 2370 MHz, 12481 MHz, 37
2026/09/26 14:59:42.055, 1, 19 %, 10611 MiB, 104.92 W, 2370 MHz, 12481 MHz, 39
2026/09/26 14:59:42.305, 0, 0 %, 10771 MiB, 89.66 W, 2370 MHz, 12481 MHz, 37
2026/09/26 14:59:42.305, 1, 0 %, 10611 MiB, 117.49 W, 2377 MHz, 12481 MHz, 40
2026/09/26 14:59:42.555, 0, 0 %, 10771 MiB, 89.63 W, 2370 MHz, 12481 MHz, 37
2026/09/26 14:59:42.555, 1, 0 %, 10643 MiB, 120.27 W, 2377 MHz, 12481 MHz, 38
2026/09/26 14:59:42.805, 0, 0 %, 10771 MiB, 89.56 W, 2370 MHz, 12481 MHz, 37
2026/09/26 14:59:42.805, 1, 0 %, 10643 MiB, 130.83 W, 2370 MHz, 12481 MHz, 40
2026/09/26 14:59:43.055, 0, 0 %, 10771 MiB, 89.55 W, 2370 MHz, 12481 MHz, 37
2026/09/26 14:59:43.055, 1, 0 %, 10643 MiB, 141.77 W, 2377 MHz, 12481 MHz, 40
2026/09/26 14:59:43.305, 0, 0 %, 10771 MiB, 89.51 W, 2370 MHz, 12481 MHz, 37
2026/09/26 14:59:43.305, 1, 0 %, 10675 MiB, 139.38 W, 2377 MHz, 12481 MHz, 40
2026/09/26 14:59:43.555, 0, 0 %, 10771 MiB, 89.49 W, 2370 MHz, 12481 MHz, 37
2026/09/26 14:59:43.555, 1, 0 %, 10675 MiB, 136.18 W, 2370 MHz, 12481 MHz, 38
2026/09/26 14:59:43.805, 0, 0 %, 10771 MiB, 89.40 W, 2370 MHz, 12481 MHz, 37
2026/09/26 14:59:43.806, 1, 0 %, 10707 MiB, 125.46 W, 2370 MHz, 12481 MHz, 38
2026/09/26 14:59:44.056, 0, 0 %, 10771 MiB, 89.42 W, 2370 MHz, 12481 MHz, 37
2026/09/26 14:59:44.056, 1, 0 %, 10739 MiB, 113.98 W, 2370 MHz, 12481 MHz, 39
2026/09/26 14:59:44.306, 0, 11 %, 12499 MiB, 90.07 W, 2370 MHz, 12481 MHz, 37
2026/09/26 14:59:44.306, 1, 0 %, 10739 MiB, 115.74 W, 2377 MHz, 12481 MHz, 40
2026/09/26 14:59:44.556, 0, 7 %, 12531 MiB, 90.68 W, 2370 MHz, 12481 MHz, 37
2026/09/26 14:59:44.556, 1, 0 %, 10739 MiB, 134.70 W, 2377 MHz, 12481 MHz, 40
2026/09/26 14:59:44.806, 0, 0 %, 12531 MiB, 90.71 W, 2370 MHz, 12481 MHz, 37
2026/09/26 14:59:44.806, 1, 0 %, 10739 MiB, 146.14 W, 2377 MHz, 12481 MHz, 40
2026/09/26 14:59:45.056, 0, 0 %, 12531 MiB, 90.68 W, 2370 MHz, 12481 MHz, 37
2026/09/26 14:59:45.056, 1, 0 %, 10739 MiB, 148.16 W, 2377 MHz, 12481 MHz, 38
2026/09/26 14:59:45.306, 0, 1 %, 12563 MiB, 90.03 W, 2370 MHz, 12481 MHz, 37
2026/09/26 14:59:45.306, 1, 0 %, 10739 MiB, 135.46 W, 2370 MHz, 12481 MHz, 38
2026/09/26 14:59:45.556, 0, 0 %, 12563 MiB, 89.41 W, 2370 MHz, 12481 MHz, 37
2026/09/26 14:59:45.556, 1, 0 %, 10739 MiB, 117.49 W, 2370 MHz, 12481 MHz, 38
2026/09/26 14:59:45.807, 0, 0 %, 12563 MiB, 89.40 W, 2370 MHz, 12481 MHz, 37
2026/09/26 14:59:45.807, 1, 0 %, 10739 MiB, 104.15 W, 2370 MHz, 12481 MHz, 38
2026/09/26 14:59:46.057, 0, 1 %, 12595 MiB, 89.44 W, 2370 MHz, 12481 MHz, 37
2026/09/26 14:59:46.057, 1, 0 %, 10739 MiB, 96.08 W, 2370 MHz, 12481 MHz, 38
2026/09/26 14:59:46.307, 0, 0 %, 12595 MiB, 89.43 W, 2370 MHz, 12481 MHz, 37
2026/09/26 14:59:46.307, 1, 0 %, 10739 MiB, 96.01 W, 2370 MHz, 12481 MHz, 37
2026/09/26 14:59:46.557, 0, 1 %, 12627 MiB, 89.42 W, 2370 MHz, 12481 MHz, 37
2026/09/26 14:59:46.557, 1, 0 %, 10739 MiB, 96.04 W, 2370 MHz, 12481 MHz, 37
2026/09/26 14:59:46.807, 0, 0 %, 12659 MiB, 89.39 W, 2370 MHz, 12481 MHz, 37
2026/09/26 14:59:46.807, 1, 0 %, 10739 MiB, 96.02 W, 2370 MHz, 12481 MHz, 37
2026/09/26 14:59:47.057, 0, 0 %, 12659 MiB, 89.42 W, 2370 MHz, 12481 MHz, 37
2026/09/26 14:59:47.057, 1, 3 %, 12499 MiB, 97.10 W, 2370 MHz, 12481 MHz, 37
2026/09/26 14:59:47.307, 0, 0 %, 12659 MiB, 89.41 W, 2370 MHz, 12481 MHz, 37
2026/09/26 14:59:47.307, 1, 14 %, 12499 MiB, 98.41 W, 2370 MHz, 12481 MHz, 37
2026/09/26 14:59:47.557, 0, 0 %, 12659 MiB, 89.38 W, 2370 MHz, 12481 MHz, 37
2026/09/26 14:59:47.557, 1, 0 %, 12499 MiB, 113.93 W, 2377 MHz, 12481 MHz, 39
2026/09/26 14:59:47.808, 0, 0 %, 12659 MiB, 89.36 W, 2370 MHz, 12481 MHz, 37
2026/09/26 14:59:47.808, 1, 0 %, 12499 MiB, 126.07 W, 2377 MHz, 12481 MHz, 40
2026/09/26 14:59:48.058, 0, 0 %, 12659 MiB, 89.29 W, 2370 MHz, 12481 MHz, 37
2026/09/26 14:59:48.058, 1, 1 %, 12531 MiB, 143.46 W, 2377 MHz, 12481 MHz, 40
2026/09/26 14:59:48.308, 0, 0 %, 12659 MiB, 89.29 W, 2370 MHz, 12481 MHz, 37
2026/09/26 14:59:48.308, 1, 0 %, 12531 MiB, 155.44 W, 2377 MHz, 12481 MHz, 40
2026/09/26 14:59:48.558, 0, 0 %, 12659 MiB, 89.26 W, 2370 MHz, 12481 MHz, 37
2026/09/26 14:59:48.558, 1, 1 %, 12563 MiB, 158.33 W, 2377 MHz, 12481 MHz, 40
2026/09/26 14:59:48.808, 0, 0 %, 12659 MiB, 89.27 W, 2370 MHz, 12481 MHz, 37
2026/09/26 14:59:48.808, 1, 0 %, 12563 MiB, 152.73 W, 2377 MHz, 12481 MHz, 39
2026/09/26 14:59:49.058, 0, 0 %, 12659 MiB, 89.29 W, 2370 MHz, 12481 MHz, 37
2026/09/26 14:59:49.058, 1, 0 %, 12595 MiB, 134.00 W, 2370 MHz, 12481 MHz, 38
2026/09/26 14:59:49.308, 0, 0 %, 12659 MiB, 89.42 W, 2370 MHz, 12481 MHz, 37
2026/09/26 14:59:49.308, 1, 1 %, 12627 MiB, 122.56 W, 2370 MHz, 12481 MHz, 37
2026/09/26 14:59:49.558, 0, 0 %, 14387 MiB, 89.49 W, 2370 MHz, 12481 MHz, 37
2026/09/26 14:59:49.558, 1, 0 %, 12627 MiB, 123.26 W, 2377 MHz, 12481 MHz, 39
2026/09/26 14:59:49.809, 0, 18 %, 14419 MiB, 90.59 W, 2370 MHz, 12481 MHz, 37
2026/09/26 14:59:49.809, 1, 0 %, 12627 MiB, 128.33 W, 2377 MHz, 12481 MHz, 40
2026/09/26 14:59:50.059, 0, 0 %, 14419 MiB, 90.53 W, 2370 MHz, 12481 MHz, 37
2026/09/26 14:59:50.059, 1, 0 %, 12627 MiB, 145.94 W, 2377 MHz, 12481 MHz, 40
2026/09/26 14:59:50.309, 0, 0 %, 14419 MiB, 90.36 W, 2370 MHz, 12481 MHz, 37
2026/09/26 14:59:50.309, 1, 0 %, 12627 MiB, 158.03 W, 2377 MHz, 12481 MHz, 40
2026/09/26 14:59:50.559, 0, 0 %, 14451 MiB, 90.32 W, 2370 MHz, 12481 MHz, 37
2026/09/26 14:59:50.559, 1, 0 %, 12627 MiB, 151.30 W, 2377 MHz, 12481 MHz, 38
2026/09/26 14:59:50.809, 0, 0 %, 14451 MiB, 89.22 W, 2370 MHz, 12481 MHz, 37
2026/09/26 14:59:50.809, 1, 0 %, 12627 MiB, 139.23 W, 2370 MHz, 12481 MHz, 38
2026/09/26 14:59:51.059, 0, 0 %, 14483 MiB, 89.23 W, 2370 MHz, 12481 MHz, 37
2026/09/26 14:59:51.059, 1, 0 %, 12627 MiB, 120.89 W, 2370 MHz, 12481 MHz, 37
2026/09/26 14:59:51.309, 0, 0 %, 14483 MiB, 89.29 W, 2370 MHz, 12481 MHz, 37
2026/09/26 14:59:51.309, 1, 0 %, 12627 MiB, 108.65 W, 2370 MHz, 12481 MHz, 37
2026/09/26 14:59:51.559, 0, 0 %, 14515 MiB, 89.25 W, 2370 MHz, 12481 MHz, 37
2026/09/26 14:59:51.559, 1, 0 %, 12627 MiB, 95.91 W, 2362 MHz, 12481 MHz, 37
2026/09/26 14:59:51.810, 0, 1 %, 14515 MiB, 89.26 W, 2370 MHz, 12481 MHz, 37
2026/09/26 14:59:51.810, 1, 0 %, 12627 MiB, 95.89 W, 2370 MHz, 12481 MHz, 37
2026/09/26 14:59:52.060, 0, 0 %, 14547 MiB, 89.28 W, 2370 MHz, 12481 MHz, 37
2026/09/26 14:59:52.060, 1, 0 %, 14355 MiB, 96.34 W, 2370 MHz, 12481 MHz, 37
2026/09/26 14:59:52.310, 0, 0 %, 14547 MiB, 89.25 W, 2370 MHz, 12481 MHz, 37
2026/09/26 14:59:52.310, 1, 15 %, 14387 MiB, 97.22 W, 2362 MHz, 12481 MHz, 37
2026/09/26 14:59:52.560, 0, 0 %, 14547 MiB, 89.24 W, 2370 MHz, 12481 MHz, 37
2026/09/26 14:59:52.560, 1, 0 %, 14387 MiB, 114.08 W, 2377 MHz, 12481 MHz, 39
2026/09/26 14:59:52.810, 0, 0 %, 14547 MiB, 89.24 W, 2370 MHz, 12481 MHz, 37
2026/09/26 14:59:52.810, 1, 0 %, 14387 MiB, 126.53 W, 2377 MHz, 12481 MHz, 39
2026/09/26 14:59:53.060, 0, 0 %, 14547 MiB, 89.20 W, 2370 MHz, 12481 MHz, 37
2026/09/26 14:59:53.060, 1, 1 %, 14419 MiB, 132.21 W, 2377 MHz, 12481 MHz, 38
2026/09/26 14:59:53.310, 0, 0 %, 14547 MiB, 89.18 W, 2370 MHz, 12481 MHz, 37
2026/09/26 14:59:53.310, 1, 0 %, 14419 MiB, 131.19 W, 2370 MHz, 12481 MHz, 37
2026/09/26 14:59:53.560, 0, 0 %, 14547 MiB, 89.20 W, 2370 MHz, 12481 MHz, 37
2026/09/26 14:59:53.561, 1, 1 %, 14451 MiB, 115.15 W, 2370 MHz, 12481 MHz, 37
2026/09/26 14:59:53.811, 0, 0 %, 14547 MiB, 89.20 W, 2370 MHz, 12481 MHz, 37
2026/09/26 14:59:53.811, 1, 0 %, 14451 MiB, 102.68 W, 2370 MHz, 12481 MHz, 37
2026/09/26 14:59:54.061, 0, 0 %, 14547 MiB, 89.23 W, 2370 MHz, 12481 MHz, 37
2026/09/26 14:59:54.061, 1, 0 %, 14483 MiB, 95.90 W, 2370 MHz, 12481 MHz, 37
2026/09/26 14:59:54.311, 0, 0 %, 14547 MiB, 89.23 W, 2370 MHz, 12481 MHz, 36
2026/09/26 14:59:54.311, 1, 1 %, 14483 MiB, 96.92 W, 2362 MHz, 12481 MHz, 37
2026/09/26 14:59:54.561, 0, 0 %, 16275 MiB, 89.22 W, 2370 MHz, 12481 MHz, 37
2026/09/26 14:59:54.561, 1, 0 %, 14515 MiB, 106.28 W, 2370 MHz, 12481 MHz, 39
2026/09/26 14:59:54.811, 0, 18 %, 16307 MiB, 90.27 W, 2370 MHz, 12481 MHz, 37
2026/09/26 14:59:54.811, 1, 0 %, 14515 MiB, 106.11 W, 2370 MHz, 12481 MHz, 37
2026/09/26 14:59:55.061, 0, 0 %, 16307 MiB, 90.26 W, 2370 MHz, 12481 MHz, 37
2026/09/26 14:59:55.061, 1, 0 %, 14515 MiB, 106.17 W, 2370 MHz, 12481 MHz, 37
2026/09/26 14:59:55.311, 0, 0 %, 16307 MiB, 90.27 W, 2370 MHz, 12481 MHz, 37
2026/09/26 14:59:55.311, 1, 0 %, 14515 MiB, 105.14 W, 2370 MHz, 12481 MHz, 37
2026/09/26 14:59:55.561, 0, 0 %, 16339 MiB, 90.29 W, 2370 MHz, 12481 MHz, 37
2026/09/26 14:59:55.561, 1, 0 %, 14515 MiB, 95.84 W, 2362 MHz, 12481 MHz, 37
2026/09/26 14:59:55.812, 0, 0 %, 16339 MiB, 89.22 W, 2370 MHz, 12481 MHz, 36
2026/09/26 14:59:55.812, 1, 0 %, 14515 MiB, 95.74 W, 2370 MHz, 12481 MHz, 37
2026/09/26 14:59:56.062, 0, 0 %, 16371 MiB, 89.17 W, 2370 MHz, 12481 MHz, 36
2026/09/26 14:59:56.062, 1, 0 %, 14515 MiB, 95.63 W, 2362 MHz, 12481 MHz, 37
2026/09/26 14:59:56.312, 0, 0 %, 16371 MiB, 89.16 W, 2370 MHz, 12481 MHz, 36
2026/09/26 14:59:56.312, 1, 0 %, 14515 MiB, 95.61 W, 2362 MHz, 12481 MHz, 37
2026/09/26 14:59:56.562, 0, 0 %, 16371 MiB, 89.18 W, 2370 MHz, 12481 MHz, 36
2026/09/26 14:59:56.562, 1, 0 %, 14515 MiB, 95.60 W, 2370 MHz, 12481 MHz, 37
2026/09/26 14:59:56.812, 0, 0 %, 16403 MiB, 89.21 W, 2370 MHz, 12481 MHz, 36
2026/09/26 14:59:56.812, 1, 0 %, 14515 MiB, 95.55 W, 2370 MHz, 12481 MHz, 37
2026/09/26 14:59:57.062, 0, 0 %, 16403 MiB, 89.25 W, 2370 MHz, 12481 MHz, 36
2026/09/26 14:59:57.062, 1, 0 %, 14515 MiB, 95.57 W, 2370 MHz, 12481 MHz, 37
2026/09/26 14:59:57.312, 0, 0 %, 16435 MiB, 89.27 W, 2370 MHz, 12481 MHz, 36
2026/09/26 14:59:57.312, 1, 0 %, 16243 MiB, 96.46 W, 2362 MHz, 12481 MHz, 37
2026/09/26 14:59:57.562, 0, 0 %, 16435 MiB, 89.25 W, 2370 MHz, 12481 MHz, 36
2026/09/26 14:59:57.562, 1, 0 %, 16275 MiB, 110.69 W, 2370 MHz, 12481 MHz, 39
2026/09/26 14:59:57.813, 0, 0 %, 16435 MiB, 89.23 W, 2370 MHz, 12481 MHz, 36
2026/09/26 14:59:57.813, 1, 0 %, 16275 MiB, 122.82 W, 2377 MHz, 12481 MHz, 39
2026/09/26 14:59:58.063, 0, 0 %, 16435 MiB, 89.17 W, 2370 MHz, 12481 MHz, 36
2026/09/26 14:59:58.063, 1, 0 %, 16307 MiB, 141.10 W, 2377 MHz, 12481 MHz, 39
2026/09/26 14:59:58.313, 0, 0 %, 16435 MiB, 89.15 W, 2370 MHz, 12481 MHz, 36
2026/09/26 14:59:58.313, 1, 1 %, 16307 MiB, 152.56 W, 2377 MHz, 12481 MHz, 39
2026/09/26 14:59:58.563, 0, 0 %, 16435 MiB, 89.16 W, 2370 MHz, 12481 MHz, 36
2026/09/26 14:59:58.563, 1, 0 %, 16307 MiB, 157.65 W, 2377 MHz, 12481 MHz, 39
2026/09/26 14:59:58.813, 0, 0 %, 16435 MiB, 89.18 W, 2370 MHz, 12481 MHz, 36
2026/09/26 14:59:58.813, 1, 1 %, 16339 MiB, 157.75 W, 2377 MHz, 12481 MHz, 39
2026/09/26 14:59:59.063, 0, 0 %, 16435 MiB, 89.17 W, 2370 MHz, 12481 MHz, 36
2026/09/26 14:59:59.063, 1, 0 %, 16339 MiB, 157.82 W, 2377 MHz, 12481 MHz, 39
2026/09/26 14:59:59.313, 0, 0 %, 16435 MiB, 89.17 W, 2370 MHz, 12481 MHz, 36
2026/09/26 14:59:59.313, 1, 0 %, 16371 MiB, 157.83 W, 2377 MHz, 12481 MHz, 39
2026/09/26 14:59:59.563, 0, 0 %, 16435 MiB, 89.16 W, 2370 MHz, 12481 MHz, 36
2026/09/26 14:59:59.563, 1, 0 %, 16371 MiB, 157.91 W, 2377 MHz, 12481 MHz, 39
2026/09/26 14:59:59.813, 0, 0 %, 18163 MiB, 89.68 W, 2370 MHz, 12481 MHz, 36
2026/09/26 14:59:59.814, 1, 0 %, 16403 MiB, 150.06 W, 2370 MHz, 12481 MHz, 38
2026/09/26 15:00:00.064, 0, 0 %, 18163 MiB, 90.21 W, 2370 MHz, 12481 MHz, 36
2026/09/26 15:00:00.064, 1, 0 %, 16403 MiB, 140.40 W, 2377 MHz, 12481 MHz, 38
2026/09/26 15:00:00.314, 0, 0 %, 18163 MiB, 90.21 W, 2370 MHz, 12481 MHz, 36
2026/09/26 15:00:00.314, 1, 0 %, 16403 MiB, 128.01 W, 2370 MHz, 12481 MHz, 37
2026/09/26 15:00:00.564, 0, 0 %, 18195 MiB, 90.19 W, 2370 MHz, 12481 MHz, 36
2026/09/26 15:00:00.564, 1, 0 %, 16403 MiB, 109.35 W, 2370 MHz, 12481 MHz, 37
2026/09/26 15:00:00.814, 0, 0 %, 18195 MiB, 89.64 W, 2370 MHz, 12481 MHz, 36
2026/09/26 15:00:00.814, 1, 0 %, 16403 MiB, 105.77 W, 2370 MHz, 12481 MHz, 37
2026/09/26 15:00:01.064, 0, 0 %, 18195 MiB, 89.08 W, 2370 MHz, 12481 MHz, 36
2026/09/26 15:00:01.064, 1, 0 %, 16403 MiB, 95.66 W, 2370 MHz, 12481 MHz, 37
2026/09/26 15:00:01.314, 0, 0 %, 18227 MiB, 89.09 W, 2370 MHz, 12481 MHz, 36
2026/09/26 15:00:01.314, 1, 0 %, 16403 MiB, 95.58 W, 2370 MHz, 12481 MHz, 37
2026/09/26 15:00:01.564, 0, 0 %, 18227 MiB, 89.14 W, 2370 MHz, 12481 MHz, 36
2026/09/26 15:00:01.564, 1, 0 %, 16403 MiB, 95.47 W, 2370 MHz, 12481 MHz, 37
2026/09/26 15:00:01.815, 0, 0 %, 18259 MiB, 89.19 W, 2370 MHz, 12481 MHz, 36
2026/09/26 15:00:01.815, 1, 0 %, 16403 MiB, 95.48 W, 2370 MHz, 12481 MHz, 37
2026/09/26 15:00:02.065, 0, 0 %, 18291 MiB, 89.30 W, 2370 MHz, 12481 MHz, 36
2026/09/26 15:00:02.065, 1, 0 %, 16403 MiB, 95.54 W, 2370 MHz, 12481 MHz, 37
2026/09/26 15:00:02.315, 0, 0 %, 18291 MiB, 89.43 W, 2370 MHz, 12481 MHz, 36
2026/09/26 15:00:02.316, 1, 0 %, 18131 MiB, 96.26 W, 2370 MHz, 12481 MHz, 37
2026/09/26 15:00:02.566, 0, 0 %, 18291 MiB, 89.57 W, 2370 MHz, 12481 MHz, 36
2026/09/26 15:00:02.566, 1, 0 %, 18131 MiB, 101.89 W, 2370 MHz, 12481 MHz, 37
2026/09/26 15:00:02.816, 0, 0 %, 18291 MiB, 89.64 W, 2370 MHz, 12481 MHz, 36
2026/09/26 15:00:02.816, 1, 0 %, 18131 MiB, 102.03 W, 2370 MHz, 12481 MHz, 37
2026/09/26 15:00:03.066, 0, 0 %, 18291 MiB, 89.63 W, 2370 MHz, 12481 MHz, 36
2026/09/26 15:00:03.066, 1, 0 %, 18163 MiB, 102.08 W, 2370 MHz, 12481 MHz, 37
2026/09/26 15:00:03.316, 0, 0 %, 18291 MiB, 89.44 W, 2370 MHz, 12481 MHz, 36
2026/09/26 15:00:03.316, 1, 1 %, 18163 MiB, 101.33 W, 2370 MHz, 12481 MHz, 37
2026/09/26 15:00:03.566, 0, 0 %, 18291 MiB, 89.51 W, 2370 MHz, 12481 MHz, 36
2026/09/26 15:00:03.567, 1, 0 %, 18163 MiB, 96.06 W, 2370 MHz, 12481 MHz, 37
2026/09/26 15:00:03.817, 0, 0 %, 18291 MiB, 89.46 W, 2370 MHz, 12481 MHz, 36
2026/09/26 15:00:03.817, 1, 1 %, 18195 MiB, 96.10 W, 2370 MHz, 12481 MHz, 37
2026/09/26 15:00:04.068, 0, 0 %, 18291 MiB, 89.54 W, 2370 MHz, 12481 MHz, 36
2026/09/26 15:00:04.068, 1, 0 %, 18195 MiB, 96.11 W, 2370 MHz, 12481 MHz, 37
2026/09/26 15:00:04.324, 0, 0 %, 18850 MiB, 90.02 W, 2370 MHz, 12481 MHz, 36
2026/09/26 15:00:04.327, 1, 0 %, 18245 MiB, 97.64 W, 2370 MHz, 12481 MHz, 37
2026/09/26 15:00:04.577, 0, 0 %, 18850 MiB, 90.60 W, 2370 MHz, 12481 MHz, 36
2026/09/26 15:00:04.577, 1, 1 %, 18818 MiB, 107.24 W, 2377 MHz, 12481 MHz, 37
2026/09/26 15:00:04.828, 0, 0 %, 20019 MiB, 92.36 W, 2370 MHz, 12481 MHz, 36
2026/09/26 15:00:05.091, 1, 0 %, 18259 MiB, 108.75 W, 2370 MHz, 12481 MHz, 37
2026/09/26 15:00:05.345, 0, 0 %, 20051 MiB, 91.95 W, 2370 MHz, 12481 MHz, 36
2026/09/26 15:00:05.345, 1, 0 %, 18259 MiB, 102.31 W, 2362 MHz, 12481 MHz, 37
2026/09/26 15:00:05.595, 0, 0 %, 20051 MiB, 91.26 W, 2370 MHz, 12481 MHz, 36
2026/09/26 15:00:05.595, 1, 0 %, 18259 MiB, 97.65 W, 2370 MHz, 12481 MHz, 37
2026/09/26 15:00:05.845, 0, 0 %, 20051 MiB, 90.97 W, 2370 MHz, 12481 MHz, 36
2026/09/26 15:00:05.846, 1, 0 %, 18259 MiB, 96.42 W, 2362 MHz, 12481 MHz, 37
2026/09/26 15:00:06.096, 0, 0 %, 20083 MiB, 89.40 W, 2370 MHz, 12481 MHz, 36
2026/09/26 15:00:06.096, 1, 0 %, 18259 MiB, 96.04 W, 2362 MHz, 12481 MHz, 37
2026/09/26 15:00:06.346, 0, 0 %, 20083 MiB, 89.45 W, 2370 MHz, 12481 MHz, 36
2026/09/26 15:00:06.346, 1, 0 %, 18259 MiB, 95.82 W, 2362 MHz, 12481 MHz, 37
2026/09/26 15:00:06.596, 0, 0 %, 20115 MiB, 89.68 W, 2370 MHz, 12481 MHz, 36
2026/09/26 15:00:06.596, 1, 0 %, 18259 MiB, 96.11 W, 2362 MHz, 12481 MHz, 37
2026/09/26 15:00:06.846, 0, 0 %, 20115 MiB, 89.67 W, 2370 MHz, 12481 MHz, 36
2026/09/26 15:00:06.846, 1, 0 %, 18259 MiB, 96.01 W, 2362 MHz, 12481 MHz, 36
2026/09/26 15:00:07.096, 0, 0 %, 20147 MiB, 89.70 W, 2370 MHz, 12481 MHz, 36
2026/09/26 15:00:07.096, 1, 0 %, 18259 MiB, 95.94 W, 2362 MHz, 12481 MHz, 36
2026/09/26 15:00:07.346, 0, 0 %, 20179 MiB, 89.72 W, 2370 MHz, 12481 MHz, 36
2026/09/26 15:00:07.346, 1, 0 %, 18259 MiB, 96.07 W, 2362 MHz, 12481 MHz, 36
2026/09/26 15:00:07.596, 0, 0 %, 20179 MiB, 89.45 W, 2370 MHz, 12481 MHz, 36
2026/09/26 15:00:07.597, 1, 0 %, 19987 MiB, 95.75 W, 2362 MHz, 12481 MHz, 36
2026/09/26 15:00:07.847, 0, 0 %, 20179 MiB, 89.38 W, 2370 MHz, 12481 MHz, 36
2026/09/26 15:00:07.847, 1, 22 %, 20019 MiB, 97.60 W, 2362 MHz, 12481 MHz, 37
2026/09/26 15:00:08.097, 0, 0 %, 20179 MiB, 89.21 W, 2370 MHz, 12481 MHz, 36
2026/09/26 15:00:08.097, 1, 0 %, 20019 MiB, 102.62 W, 2370 MHz, 12481 MHz, 37
2026/09/26 15:00:08.347, 0, 0 %, 20179 MiB, 89.05 W, 2370 MHz, 12481 MHz, 36
2026/09/26 15:00:08.347, 1, 0 %, 20019 MiB, 120.95 W, 2377 MHz, 12481 MHz, 39
2026/09/26 15:00:08.597, 0, 0 %, 20179 MiB, 88.98 W, 2370 MHz, 12481 MHz, 36
2026/09/26 15:00:08.597, 1, 0 %, 20051 MiB, 132.28 W, 2377 MHz, 12481 MHz, 39
2026/09/26 15:00:08.847, 0, 0 %, 20179 MiB, 88.98 W, 2370 MHz, 12481 MHz, 36
2026/09/26 15:00:08.847, 1, 0 %, 20051 MiB, 131.46 W, 2370 MHz, 12481 MHz, 37
2026/09/26 15:00:09.097, 0, 0 %, 20179 MiB, 88.96 W, 2370 MHz, 12481 MHz, 36
2026/09/26 15:00:09.097, 1, 0 %, 20051 MiB, 127.06 W, 2362 MHz, 12481 MHz, 37
2026/09/26 15:00:09.347, 0, 0 %, 20179 MiB, 88.96 W, 2370 MHz, 12481 MHz, 36
2026/09/26 15:00:09.347, 1, 0 %, 20083 MiB, 107.87 W, 2362 MHz, 12481 MHz, 36
2026/09/26 15:00:09.597, 0, 0 %, 20179 MiB, 88.91 W, 2370 MHz, 12481 MHz, 36
2026/09/26 15:00:09.598, 1, 0 %, 20083 MiB, 95.76 W, 2362 MHz, 12481 MHz, 36
2026/09/26 15:00:09.848, 0, 0 %, 20179 MiB, 88.90 W, 2370 MHz, 12481 MHz, 36
2026/09/26 15:00:09.848, 1, 0 %, 20115 MiB, 95.39 W, 2362 MHz, 12481 MHz, 36
2026/09/26 15:00:10.098, 0, 0 %, 20179 MiB, 88.92 W, 2370 MHz, 12481 MHz, 36
2026/09/26 15:00:10.098, 1, 0 %, 20147 MiB, 95.93 W, 2362 MHz, 12481 MHz, 36
2026/09/26 15:00:10.348, 0, 17 %, 21907 MiB, 89.53 W, 2370 MHz, 12481 MHz, 36
2026/09/26 15:00:10.348, 1, 0 %, 20147 MiB, 114.40 W, 2370 MHz, 12481 MHz, 38
2026/09/26 15:00:10.598, 0, 0 %, 21939 MiB, 90.03 W, 2370 MHz, 12481 MHz, 36
2026/09/26 15:00:10.598, 1, 0 %, 20147 MiB, 126.18 W, 2377 MHz, 12481 MHz, 39
2026/09/26 15:00:10.848, 0, 0 %, 21939 MiB, 90.06 W, 2370 MHz, 12481 MHz, 36
2026/09/26 15:00:10.848, 1, 0 %, 20147 MiB, 144.35 W, 2377 MHz, 12481 MHz, 39
2026/09/26 15:00:11.098, 0, 1 %, 21971 MiB, 90.02 W, 2370 MHz, 12481 MHz, 36
2026/09/26 15:00:11.098, 1, 0 %, 20147 MiB, 156.54 W, 2377 MHz, 12481 MHz, 39
2026/09/26 15:00:11.348, 0, 0 %, 21971 MiB, 89.51 W, 2370 MHz, 12481 MHz, 36
2026/09/26 15:00:11.348, 1, 0 %, 20147 MiB, 149.36 W, 2377 MHz, 12481 MHz, 37
2026/09/26 15:00:11.599, 0, 0 %, 21971 MiB, 88.94 W, 2370 MHz, 12481 MHz, 36
2026/09/26 15:00:11.599, 1, 0 %, 20147 MiB, 136.78 W, 2370 MHz, 12481 MHz, 37
2026/09/26 15:00:11.849, 0, 1 %, 22003 MiB, 88.93 W, 2370 MHz, 12481 MHz, 36
2026/09/26 15:00:11.849, 1, 0 %, 20147 MiB, 118.96 W, 2370 MHz, 12481 MHz, 37
2026/09/26 15:00:12.099, 0, 0 %, 22003 MiB, 88.92 W, 2370 MHz, 12481 MHz, 36
2026/09/26 15:00:12.099, 1, 0 %, 20147 MiB, 105.85 W, 2370 MHz, 12481 MHz, 36
2026/09/26 15:00:12.349, 0, 1 %, 22035 MiB, 88.94 W, 2370 MHz, 12481 MHz, 36
2026/09/26 15:00:12.349, 1, 0 %, 20147 MiB, 95.42 W, 2370 MHz, 12481 MHz, 36
2026/09/26 15:00:12.599, 0, 0 %, 22035 MiB, 88.94 W, 2370 MHz, 12481 MHz, 36
2026/09/26 15:00:12.599, 1, 0 %, 20147 MiB, 95.35 W, 2370 MHz, 12481 MHz, 36
2026/09/26 15:00:12.849, 0, 0 %, 22067 MiB, 89.01 W, 2370 MHz, 12481 MHz, 36
2026/09/26 15:00:12.849, 1, 7 %, 21907 MiB, 96.70 W, 2362 MHz, 12481 MHz, 36
2026/09/26 15:00:13.099, 0, 0 %, 22067 MiB, 89.01 W, 2370 MHz, 12481 MHz, 36
2026/09/26 15:00:13.099, 1, 11 %, 21907 MiB, 103.80 W, 2362 MHz, 12481 MHz, 38
2026/09/26 15:00:13.349, 0, 0 %, 22067 MiB, 88.96 W, 2370 MHz, 12481 MHz, 36
2026/09/26 15:00:13.349, 1, 0 %, 21907 MiB, 105.54 W, 2377 MHz, 12481 MHz, 36
2026/09/26 15:00:13.600, 0, 0 %, 22067 MiB, 89.00 W, 2370 MHz, 12481 MHz, 36
2026/09/26 15:00:13.600, 1, 0 %, 21939 MiB, 108.21 W, 2370 MHz, 12481 MHz, 36
2026/09/26 15:00:13.850, 0, 0 %, 22067 MiB, 88.88 W, 2370 MHz, 12481 MHz, 36
2026/09/26 15:00:13.850, 1, 0 %, 21939 MiB, 107.11 W, 2370 MHz, 12481 MHz, 36
2026/09/26 15:00:14.100, 0, 0 %, 22067 MiB, 88.89 W, 2370 MHz, 12481 MHz, 36
2026/09/26 15:00:14.100, 1, 0 %, 21971 MiB, 101.25 W, 2362 MHz, 12481 MHz, 36
2026/09/26 15:00:14.350, 0, 0 %, 22067 MiB, 88.89 W, 2370 MHz, 12481 MHz, 36
2026/09/26 15:00:14.350, 1, 0 %, 21971 MiB, 98.34 W, 2370 MHz, 12481 MHz, 36
2026/09/26 15:00:14.600, 0, 0 %, 22067 MiB, 88.84 W, 2370 MHz, 12481 MHz, 36
2026/09/26 15:00:14.600, 1, 0 %, 21971 MiB, 96.86 W, 2370 MHz, 12481 MHz, 36
2026/09/26 15:00:14.850, 0, 0 %, 22067 MiB, 88.87 W, 2370 MHz, 12481 MHz, 36
2026/09/26 15:00:14.850, 1, 0 %, 22003 MiB, 95.38 W, 2362 MHz, 12481 MHz, 36
2026/09/26 15:00:15.100, 0, 0 %, 22067 MiB, 88.89 W, 2370 MHz, 12481 MHz, 36
2026/09/26 15:00:15.100, 1, 0 %, 22003 MiB, 99.02 W, 2370 MHz, 12481 MHz, 36
2026/09/26 15:00:15.350, 0, 18 %, 23795 MiB, 90.00 W, 2370 MHz, 12481 MHz, 36
2026/09/26 15:00:15.351, 1, 0 %, 22035 MiB, 99.08 W, 2370 MHz, 12481 MHz, 36
2026/09/26 15:00:15.601, 0, 0 %, 23827 MiB, 90.26 W, 2370 MHz, 12481 MHz, 36
2026/09/26 15:00:15.601, 1, 0 %, 22035 MiB, 99.13 W, 2362 MHz, 12481 MHz, 36
2026/09/26 15:00:15.851, 0, 0 %, 23827 MiB, 90.28 W, 2370 MHz, 12481 MHz, 36
2026/09/26 15:00:15.851, 1, 0 %, 22035 MiB, 99.00 W, 2370 MHz, 12481 MHz, 36
2026/09/26 15:00:16.101, 0, 0 %, 23827 MiB, 90.29 W, 2370 MHz, 12481 MHz, 36
2026/09/26 15:00:16.101, 1, 0 %, 22035 MiB, 95.34 W, 2362 MHz, 12481 MHz, 36
2026/09/26 15:00:16.351, 0, 0 %, 23859 MiB, 89.20 W, 2370 MHz, 12481 MHz, 36
2026/09/26 15:00:16.351, 1, 0 %, 22035 MiB, 95.19 W, 2370 MHz, 12481 MHz, 36
2026/09/26 15:00:16.601, 0, 0 %, 23859 MiB, 88.93 W, 2370 MHz, 12481 MHz, 36
2026/09/26 15:00:16.601, 1, 0 %, 22035 MiB, 95.20 W, 2370 MHz, 12481 MHz, 36
2026/09/26 15:00:16.851, 0, 0 %, 23891 MiB, 88.96 W, 2370 MHz, 12481 MHz, 36
2026/09/26 15:00:16.851, 1, 0 %, 22035 MiB, 95.25 W, 2370 MHz, 12481 MHz, 36
2026/09/26 15:00:17.101, 0, 0 %, 23891 MiB, 88.94 W, 2370 MHz, 12481 MHz, 36
2026/09/26 15:00:17.101, 1, 0 %, 22035 MiB, 95.23 W, 2370 MHz, 12481 MHz, 36
2026/09/26 15:00:17.351, 0, 0 %, 23923 MiB, 88.89 W, 2370 MHz, 12481 MHz, 36
2026/09/26 15:00:17.352, 1, 0 %, 22035 MiB, 95.17 W, 2362 MHz, 12481 MHz, 36
2026/09/26 15:00:17.602, 0, 0 %, 23923 MiB, 88.92 W, 2370 MHz, 12481 MHz, 36
2026/09/26 15:00:17.602, 1, 0 %, 22035 MiB, 95.18 W, 2370 MHz, 12481 MHz, 36
2026/09/26 15:00:17.852, 0, 0 %, 23955 MiB, 88.93 W, 2370 MHz, 12481 MHz, 36
2026/09/26 15:00:17.852, 1, 0 %, 23763 MiB, 96.63 W, 2362 MHz, 12481 MHz, 37
2026/09/26 15:00:18.102, 0, 0 %, 23955 MiB, 88.94 W, 2370 MHz, 12481 MHz, 36
2026/09/26 15:00:18.102, 1, 19 %, 23795 MiB, 101.78 W, 2362 MHz, 12481 MHz, 37
2026/09/26 15:00:18.352, 0, 0 %, 23955 MiB, 88.96 W, 2370 MHz, 12481 MHz, 36
2026/09/26 15:00:18.352, 1, 0 %, 23795 MiB, 106.72 W, 2370 MHz, 12481 MHz, 36
2026/09/26 15:00:18.602, 0, 0 %, 23955 MiB, 88.92 W, 2370 MHz, 12481 MHz, 36
2026/09/26 15:00:18.602, 1, 0 %, 23795 MiB, 106.51 W, 2370 MHz, 12481 MHz, 36
2026/09/26 15:00:18.852, 0, 0 %, 23955 MiB, 88.91 W, 2370 MHz, 12481 MHz, 36
2026/09/26 15:00:18.852, 1, 0 %, 23827 MiB, 107.10 W, 2362 MHz, 12481 MHz, 37
2026/09/26 15:00:19.102, 0, 0 %, 23955 MiB, 88.91 W, 2370 MHz, 12481 MHz, 36
2026/09/26 15:00:19.102, 1, 0 %, 23827 MiB, 103.18 W, 2370 MHz, 12481 MHz, 36
2026/09/26 15:00:19.353, 0, 0 %, 23955 MiB, 88.92 W, 2370 MHz, 12481 MHz, 36
2026/09/26 15:00:19.353, 1, 0 %, 23859 MiB, 97.26 W, 2362 MHz, 12481 MHz, 36
2026/09/26 15:00:19.603, 0, 0 %, 23955 MiB, 88.91 W, 2370 MHz, 12481 MHz, 36
2026/09/26 15:00:19.603, 1, 0 %, 23859 MiB, 97.26 W, 2362 MHz, 12481 MHz, 36
2026/09/26 15:00:19.853, 0, 0 %, 23955 MiB, 88.91 W, 2370 MHz, 12481 MHz, 36
2026/09/26 15:00:19.853, 1, 0 %, 23859 MiB, 95.28 W, 2362 MHz, 12481 MHz, 36
2026/09/26 15:00:20.103, 0, 0 %, 23955 MiB, 88.90 W, 2370 MHz, 12481 MHz, 36
2026/09/26 15:00:20.103, 1, 0 %, 23891 MiB, 95.24 W, 2362 MHz, 12481 MHz, 36
2026/09/26 15:00:20.353, 0, 0 %, 23955 MiB, 88.88 W, 2370 MHz, 12481 MHz, 36
2026/09/26 15:00:20.353, 1, 0 %, 23923 MiB, 95.93 W, 2362 MHz, 12481 MHz, 36
2026/09/26 15:00:20.603, 0, 16 %, 25683 MiB, 90.04 W, 2370 MHz, 12481 MHz, 36
2026/09/26 15:00:20.603, 1, 0 %, 23923 MiB, 95.95 W, 2362 MHz, 12481 MHz, 36
2026/09/26 15:00:20.853, 0, 3 %, 25683 MiB, 90.09 W, 2370 MHz, 12481 MHz, 36
2026/09/26 15:00:20.853, 1, 0 %, 23923 MiB, 95.96 W, 2362 MHz, 12481 MHz, 36
2026/09/26 15:00:21.103, 0, 0 %, 25683 MiB, 90.07 W, 2370 MHz, 12481 MHz, 36
2026/09/26 15:00:21.103, 1, 0 %, 23923 MiB, 95.96 W, 2362 MHz, 12481 MHz, 36
2026/09/26 15:00:21.354, 0, 1 %, 25715 MiB, 90.07 W, 2370 MHz, 12481 MHz, 36
2026/09/26 15:00:21.354, 1, 0 %, 23923 MiB, 95.12 W, 2362 MHz, 12481 MHz, 36
2026/09/26 15:00:21.604, 0, 0 %, 25715 MiB, 89.03 W, 2370 MHz, 12481 MHz, 36
2026/09/26 15:00:21.604, 1, 0 %, 23923 MiB, 95.12 W, 2362 MHz, 12481 MHz, 36
2026/09/26 15:00:21.854, 0, 0 %, 25747 MiB, 88.94 W, 2370 MHz, 12481 MHz, 36
2026/09/26 15:00:21.854, 1, 0 %, 23923 MiB, 95.10 W, 2362 MHz, 12481 MHz, 36
2026/09/26 15:00:22.104, 0, 0 %, 25747 MiB, 88.94 W, 2370 MHz, 12481 MHz, 36
2026/09/26 15:00:22.104, 1, 0 %, 23923 MiB, 95.06 W, 2362 MHz, 12481 MHz, 36
2026/09/26 15:00:22.354, 0, 0 %, 25747 MiB, 88.93 W, 2370 MHz, 12481 MHz, 36
2026/09/26 15:00:22.354, 1, 0 %, 23923 MiB, 95.10 W, 2362 MHz, 12481 MHz, 36
2026/09/26 15:00:22.604, 0, 1 %, 25779 MiB, 88.94 W, 2370 MHz, 12481 MHz, 36
2026/09/26 15:00:22.604, 1, 0 %, 23923 MiB, 95.13 W, 2362 MHz, 12481 MHz, 36
2026/09/26 15:00:22.854, 0, 0 %, 25811 MiB, 88.88 W, 2370 MHz, 12481 MHz, 36
2026/09/26 15:00:22.854, 1, 0 %, 23923 MiB, 95.07 W, 2362 MHz, 12481 MHz, 36
2026/09/26 15:00:23.104, 0, 0 %, 25811 MiB, 88.89 W, 2370 MHz, 12481 MHz, 36
2026/09/26 15:00:23.104, 1, 0 %, 25651 MiB, 96.02 W, 2362 MHz, 12481 MHz, 36
2026/09/26 15:00:23.355, 0, 0 %, 25811 MiB, 88.88 W, 2370 MHz, 12481 MHz, 36
2026/09/26 15:00:23.355, 1, 0 %, 25651 MiB, 96.29 W, 2362 MHz, 12481 MHz, 36
2026/09/26 15:00:23.605, 0, 0 %, 25811 MiB, 88.86 W, 2370 MHz, 12481 MHz, 36
2026/09/26 15:00:23.605, 1, 0 %, 25651 MiB, 96.22 W, 2362 MHz, 12481 MHz, 36
2026/09/26 15:00:23.855, 0, 0 %, 25811 MiB, 88.86 W, 2370 MHz, 12481 MHz, 36
2026/09/26 15:00:23.855, 1, 0 %, 25683 MiB, 96.21 W, 2362 MHz, 12481 MHz, 36
2026/09/26 15:00:24.105, 0, 0 %, 25811 MiB, 88.83 W, 2370 MHz, 12481 MHz, 36
2026/09/26 15:00:24.105, 1, 0 %, 25683 MiB, 95.26 W, 2362 MHz, 12481 MHz, 36
2026/09/26 15:00:24.355, 0, 0 %, 25811 MiB, 88.87 W, 2370 MHz, 12481 MHz, 36
2026/09/26 15:00:24.355, 1, 0 %, 25715 MiB, 94.92 W, 2362 MHz, 12481 MHz, 36
2026/09/26 15:00:24.605, 0, 0 %, 25811 MiB, 88.82 W, 2370 MHz, 12481 MHz, 36
2026/09/26 15:00:24.605, 1, 0 %, 25715 MiB, 97.27 W, 2370 MHz, 12481 MHz, 36
2026/09/26 15:00:24.855, 0, 0 %, 25811 MiB, 88.82 W, 2370 MHz, 12481 MHz, 36
2026/09/26 15:00:24.855, 1, 0 %, 25715 MiB, 97.23 W, 2362 MHz, 12481 MHz, 36
2026/09/26 15:00:25.106, 0, 0 %, 25811 MiB, 88.82 W, 2370 MHz, 12481 MHz, 36
2026/09/26 15:00:25.106, 1, 0 %, 25747 MiB, 97.28 W, 2362 MHz, 12481 MHz, 36
2026/09/26 15:00:25.356, 0, 0 %, 25811 MiB, 88.81 W, 2370 MHz, 12481 MHz, 36
2026/09/26 15:00:25.356, 1, 0 %, 25779 MiB, 99.41 W, 2362 MHz, 12481 MHz, 36
2026/09/26 15:00:25.606, 0, 6 %, 27539 MiB, 89.61 W, 2370 MHz, 12481 MHz, 36
2026/09/26 15:00:25.606, 1, 0 %, 25779 MiB, 98.25 W, 2370 MHz, 12481 MHz, 36
2026/09/26 15:00:25.856, 0, 11 %, 27571 MiB, 89.86 W, 2370 MHz, 12481 MHz, 36
2026/09/26 15:00:25.856, 1, 0 %, 25779 MiB, 98.19 W, 2362 MHz, 12481 MHz, 36
2026/09/26 15:00:26.106, 0, 0 %, 27571 MiB, 89.86 W, 2370 MHz, 12481 MHz, 36
2026/09/26 15:00:26.106, 1, 0 %, 25779 MiB, 98.09 W, 2362 MHz, 12481 MHz, 36
2026/09/26 15:00:26.356, 0, 0 %, 27571 MiB, 89.81 W, 2370 MHz, 12481 MHz, 36
2026/09/26 15:00:26.356, 1, 0 %, 25779 MiB, 95.29 W, 2362 MHz, 12481 MHz, 36
2026/09/26 15:00:26.606, 0, 1 %, 27603 MiB, 89.02 W, 2370 MHz, 12481 MHz, 36
2026/09/26 15:00:26.606, 1, 0 %, 25779 MiB, 94.87 W, 2362 MHz, 12481 MHz, 36
2026/09/26 15:00:26.857, 0, 0 %, 27603 MiB, 88.78 W, 2370 MHz, 12481 MHz, 36
2026/09/26 15:00:26.857, 1, 0 %, 25779 MiB, 94.93 W, 2362 MHz, 12481 MHz, 36
2026/09/26 15:00:27.107, 0, 1 %, 27635 MiB, 88.81 W, 2370 MHz, 12481 MHz, 36
2026/09/26 15:00:27.107, 1, 0 %, 25779 MiB, 94.90 W, 2362 MHz, 12481 MHz, 36
2026/09/26 15:00:27.357, 0, 0 %, 27635 MiB, 88.81 W, 2370 MHz, 12481 MHz, 36
2026/09/26 15:00:27.357, 1, 0 %, 25779 MiB, 94.89 W, 2362 MHz, 12481 MHz, 36
2026/09/26 15:00:27.607, 0, 0 %, 27667 MiB, 88.76 W, 2370 MHz, 12481 MHz, 36
2026/09/26 15:00:27.607, 1, 0 %, 25779 MiB, 94.86 W, 2362 MHz, 12481 MHz, 36
2026/09/26 15:00:27.857, 0, 1 %, 27667 MiB, 88.77 W, 2370 MHz, 12481 MHz, 36
2026/09/26 15:00:27.857, 1, 0 %, 25779 MiB, 94.80 W, 2362 MHz, 12481 MHz, 36
2026/09/26 15:00:28.107, 0, 0 %, 27699 MiB, 88.80 W, 2370 MHz, 12481 MHz, 36
2026/09/26 15:00:28.107, 1, 0 %, 27507 MiB, 95.25 W, 2362 MHz, 12481 MHz, 36
2026/09/26 15:00:28.357, 0, 0 %, 27699 MiB, 88.80 W, 2370 MHz, 12481 MHz, 36
2026/09/26 15:00:28.357, 1, 7 %, 27539 MiB, 99.47 W, 2362 MHz, 12481 MHz, 37
2026/09/26 15:00:28.607, 0, 0 %, 27699 MiB, 88.81 W, 2370 MHz, 12481 MHz, 36
2026/09/26 15:00:28.608, 1, 0 %, 27539 MiB, 106.77 W, 2370 MHz, 12481 MHz, 37
2026/09/26 15:00:28.858, 0, 0 %, 27699 MiB, 88.79 W, 2370 MHz, 12481 MHz, 36
2026/09/26 15:00:28.858, 1, 0 %, 27539 MiB, 107.28 W, 2370 MHz, 12481 MHz, 36
2026/09/26 15:00:29.108, 0, 0 %, 27699 MiB, 88.74 W, 2370 MHz, 12481 MHz, 36
2026/09/26 15:00:29.108, 1, 0 %, 27571 MiB, 106.90 W, 2362 MHz, 12481 MHz, 36
2026/09/26 15:00:29.358, 0, 0 %, 27699 MiB, 88.72 W, 2370 MHz, 12481 MHz, 36
2026/09/26 15:00:29.358, 1, 0 %, 27571 MiB, 102.55 W, 2362 MHz, 12481 MHz, 36
2026/09/26 15:00:29.608, 0, 0 %, 27699 MiB, 88.68 W, 2370 MHz, 12481 MHz, 36
2026/09/26 15:00:29.608, 1, 0 %, 27571 MiB, 96.56 W, 2362 MHz, 12481 MHz, 36
2026/09/26 15:00:29.858, 0, 0 %, 27699 MiB, 88.69 W, 2370 MHz, 12481 MHz, 36
2026/09/26 15:00:29.858, 1, 1 %, 27603 MiB, 108.48 W, 2370 MHz, 12481 MHz, 38
2026/09/26 15:00:30.108, 0, 0 %, 27699 MiB, 88.69 W, 2370 MHz, 12481 MHz, 36
2026/09/26 15:00:30.108, 1, 0 %, 27603 MiB, 113.82 W, 2377 MHz, 12481 MHz, 37
2026/09/26 15:00:30.358, 0, 0 %, 27699 MiB, 88.69 W, 2370 MHz, 12481 MHz, 36
2026/09/26 15:00:30.358, 1, 1 %, 27635 MiB, 118.96 W, 2370 MHz, 12481 MHz, 37
2026/09/26 15:00:30.608, 0, 0 %, 27699 MiB, 88.68 W, 2370 MHz, 12481 MHz, 36
2026/09/26 15:00:30.608, 1, 0 %, 27667 MiB, 120.53 W, 2370 MHz, 12481 MHz, 36
2026/09/26 15:00:30.859, 0, 4 %, 29427 MiB, 89.68 W, 2370 MHz, 12481 MHz, 36
2026/09/26 15:00:30.859, 1, 0 %, 27667 MiB, 107.41 W, 2362 MHz, 12481 MHz, 36
2026/09/26 15:00:31.109, 0, 0 %, 29459 MiB, 89.86 W, 2370 MHz, 12481 MHz, 36
2026/09/26 15:00:31.109, 1, 0 %, 27667 MiB, 101.91 W, 2362 MHz, 12481 MHz, 36
2026/09/26 15:00:31.359, 0, 0 %, 29459 MiB, 89.89 W, 2370 MHz, 12481 MHz, 36
2026/09/26 15:00:31.359, 1, 0 %, 27667 MiB, 96.69 W, 2362 MHz, 12481 MHz, 36
2026/09/26 15:00:31.609, 0, 0 %, 29491 MiB, 89.88 W, 2370 MHz, 12481 MHz, 36
2026/09/26 15:00:31.609, 1, 0 %, 27667 MiB, 95.04 W, 2362 MHz, 12481 MHz, 36
2026/09/26 15:00:31.859, 0, 0 %, 29491 MiB, 88.98 W, 2370 MHz, 12481 MHz, 36
2026/09/26 15:00:31.859, 1, 0 %, 27667 MiB, 94.78 W, 2362 MHz, 12481 MHz, 36
2026/09/26 15:00:32.109, 0, 0 %, 29523 MiB, 88.65 W, 2370 MHz, 12481 MHz, 36
2026/09/26 15:00:32.109, 1, 0 %, 27667 MiB, 94.79 W, 2362 MHz, 12481 MHz, 36
2026/09/26 15:00:32.359, 0, 0 %, 29523 MiB, 88.70 W, 2370 MHz, 12481 MHz, 36
2026/09/26 15:00:32.359, 1, 0 %, 27667 MiB, 94.72 W, 2362 MHz, 12481 MHz, 36
2026/09/26 15:00:32.609, 0, 0 %, 29523 MiB, 88.70 W, 2370 MHz, 12481 MHz, 36
2026/09/26 15:00:32.609, 1, 0 %, 27667 MiB, 94.71 W, 2362 MHz, 12481 MHz, 36
2026/09/26 15:00:32.859, 0, 0 %, 29555 MiB, 88.70 W, 2370 MHz, 12481 MHz, 36
2026/09/26 15:00:32.859, 1, 0 %, 27667 MiB, 94.73 W, 2362 MHz, 12481 MHz, 36
2026/09/26 15:00:33.110, 0, 0 %, 29587 MiB, 88.70 W, 2370 MHz, 12481 MHz, 36
2026/09/26 15:00:33.110, 1, 0 %, 29395 MiB, 94.75 W, 2362 MHz, 12481 MHz, 36
2026/09/26 15:00:33.360, 0, 0 %, 29587 MiB, 88.72 W, 2370 MHz, 12481 MHz, 36
2026/09/26 15:00:33.360, 1, 18 %, 29427 MiB, 96.15 W, 2362 MHz, 12481 MHz, 36
2026/09/26 15:00:33.610, 0, 0 %, 29587 MiB, 88.68 W, 2370 MHz, 12481 MHz, 36
2026/09/26 15:00:33.610, 1, 0 %, 29427 MiB, 96.24 W, 2362 MHz, 12481 MHz, 36
2026/09/26 15:00:33.860, 0, 0 %, 29587 MiB, 88.69 W, 2370 MHz, 12481 MHz, 36
2026/09/26 15:00:33.860, 1, 0 %, 29427 MiB, 96.19 W, 2362 MHz, 12481 MHz, 36
2026/09/26 15:00:34.110, 0, 0 %, 29587 MiB, 88.68 W, 2370 MHz, 12481 MHz, 36
2026/09/26 15:00:34.110, 1, 0 %, 29459 MiB, 96.22 W, 2362 MHz, 12481 MHz, 36
2026/09/26 15:00:34.360, 0, 0 %, 29587 MiB, 88.59 W, 2370 MHz, 12481 MHz, 36
2026/09/26 15:00:34.360, 1, 0 %, 29459 MiB, 94.81 W, 2362 MHz, 12481 MHz, 36
2026/09/26 15:00:34.610, 0, 0 %, 29587 MiB, 88.68 W, 2370 MHz, 12481 MHz, 36
2026/09/26 15:00:34.610, 1, 0 %, 29491 MiB, 94.86 W, 2362 MHz, 12481 MHz, 36
2026/09/26 15:00:34.860, 0, 0 %, 29587 MiB, 88.71 W, 2370 MHz, 12481 MHz, 36
2026/09/26 15:00:34.860, 1, 0 %, 29491 MiB, 99.29 W, 2370 MHz, 12481 MHz, 36
2026/09/26 15:00:35.110, 0, 0 %, 29587 MiB, 88.75 W, 2370 MHz, 12481 MHz, 36
2026/09/26 15:00:35.111, 1, 0 %, 29491 MiB, 99.15 W, 2362 MHz, 12481 MHz, 36
2026/09/26 15:00:35.361, 0, 0 %, 29587 MiB, 88.78 W, 2370 MHz, 12481 MHz, 36
2026/09/26 15:00:35.361, 1, 0 %, 29523 MiB, 106.32 W, 2362 MHz, 12481 MHz, 36
2026/09/26 15:00:35.611, 0, 0 %, 31315 MiB, 88.92 W, 2370 MHz, 12481 MHz, 36
2026/09/26 15:00:35.611, 1, 0 %, 29555 MiB, 116.05 W, 2370 MHz, 12481 MHz, 37
2026/09/26 15:00:35.861, 0, 19 %, 31315 MiB, 89.74 W, 2370 MHz, 12481 MHz, 36
2026/09/26 15:00:35.861, 1, 0 %, 29555 MiB, 112.69 W, 2377 MHz, 12481 MHz, 36
2026/09/26 15:00:36.111, 0, 0 %, 31347 MiB, 89.71 W, 2370 MHz, 12481 MHz, 36
2026/09/26 15:00:36.111, 1, 0 %, 29555 MiB, 112.77 W, 2362 MHz, 12481 MHz, 36
2026/09/26 15:00:36.361, 0, 0 %, 31347 MiB, 89.67 W, 2370 MHz, 12481 MHz, 36
2026/09/26 15:00:36.361, 1, 0 %, 29555 MiB, 106.73 W, 2362 MHz, 12481 MHz, 36
2026/09/26 15:00:36.611, 0, 0 %, 31379 MiB, 89.47 W, 2370 MHz, 12481 MHz, 36
2026/09/26 15:00:36.611, 1, 0 %, 29555 MiB, 97.22 W, 2362 MHz, 12481 MHz, 36
2026/09/26 15:00:36.861, 0, 0 %, 31379 MiB, 88.65 W, 2370 MHz, 12481 MHz, 36
2026/09/26 15:00:36.861, 1, 0 %, 29555 MiB, 94.82 W, 2362 MHz, 12481 MHz, 36
2026/09/26 15:00:37.111, 0, 0 %, 31379 MiB, 88.61 W, 2370 MHz, 12481 MHz, 36
2026/09/26 15:00:37.111, 1, 0 %, 29555 MiB, 94.77 W, 2362 MHz, 12481 MHz, 36
2026/09/26 15:00:37.362, 0, 0 %, 31411 MiB, 88.62 W, 2370 MHz, 12481 MHz, 36
2026/09/26 15:00:37.362, 1, 0 %, 29555 MiB, 94.76 W, 2362 MHz, 12481 MHz, 36
2026/09/26 15:00:37.612, 0, 0 %, 31411 MiB, 88.62 W, 2370 MHz, 12481 MHz, 36
2026/09/26 15:00:37.612, 1, 0 %, 29555 MiB, 94.79 W, 2362 MHz, 12481 MHz, 35
2026/09/26 15:00:37.862, 0, 0 %, 31443 MiB, 88.65 W, 2370 MHz, 12481 MHz, 36
2026/09/26 15:00:37.862, 1, 0 %, 29555 MiB, 94.83 W, 2362 MHz, 12481 MHz, 36
2026/09/26 15:00:38.112, 0, 0 %, 31443 MiB, 88.71 W, 2370 MHz, 12481 MHz, 36
2026/09/26 15:00:38.112, 1, 0 %, 29555 MiB, 94.79 W, 2362 MHz, 12481 MHz, 36
2026/09/26 15:00:38.362, 0, 0 %, 31475 MiB, 88.75 W, 2370 MHz, 12481 MHz, 36
2026/09/26 15:00:38.362, 1, 20 %, 31283 MiB, 96.05 W, 2362 MHz, 12481 MHz, 36
2026/09/26 15:00:38.612, 0, 0 %, 31475 MiB, 88.75 W, 2370 MHz, 12481 MHz, 36
2026/09/26 15:00:38.612, 1, 0 %, 31315 MiB, 101.60 W, 2370 MHz, 12481 MHz, 36
2026/09/26 15:00:38.862, 0, 0 %, 31475 MiB, 88.69 W, 2370 MHz, 12481 MHz, 36
2026/09/26 15:00:38.862, 1, 0 %, 31315 MiB, 101.61 W, 2370 MHz, 12481 MHz, 36
2026/09/26 15:00:39.112, 0, 0 %, 31475 MiB, 88.61 W, 2370 MHz, 12481 MHz, 36
2026/09/26 15:00:39.112, 1, 0 %, 31315 MiB, 101.58 W, 2362 MHz, 12481 MHz, 35
2026/09/26 15:00:39.362, 0, 0 %, 31475 MiB, 88.57 W, 2370 MHz, 12481 MHz, 36
2026/09/26 15:00:39.363, 1, 0 %, 31347 MiB, 100.53 W, 2362 MHz, 12481 MHz, 35
2026/09/26 15:00:39.613, 0, 0 %, 31475 MiB, 88.56 W, 2370 MHz, 12481 MHz, 36
2026/09/26 15:00:39.613, 1, 0 %, 31347 MiB, 94.91 W, 2362 MHz, 12481 MHz, 35
2026/09/26 15:00:39.863, 0, 0 %, 31475 MiB, 88.58 W, 2370 MHz, 12481 MHz, 36
2026/09/26 15:00:39.863, 1, 0 %, 31379 MiB, 94.85 W, 2362 MHz, 12481 MHz, 36
2026/09/26 15:00:40.113, 0, 0 %, 31475 MiB, 88.62 W, 2370 MHz, 12481 MHz, 36
2026/09/26 15:00:40.113, 1, 1 %, 31379 MiB, 94.91 W, 2362 MHz, 12481 MHz, 35
2026/09/26 15:00:40.363, 0, 0 %, 31475 MiB, 88.63 W, 2370 MHz, 12481 MHz, 36
2026/09/26 15:00:40.363, 1, 0 %, 31411 MiB, 94.84 W, 2362 MHz, 12481 MHz, 35
2026/09/26 15:00:40.613, 0, 0 %, 31475 MiB, 88.65 W, 2370 MHz, 12481 MHz, 36
2026/09/26 15:00:40.613, 1, 0 %, 31411 MiB, 105.45 W, 2362 MHz, 12481 MHz, 37
2026/09/26 15:00:40.863, 0, 0 %, 33203 MiB, 88.65 W, 2370 MHz, 12481 MHz, 35
2026/09/26 15:00:40.863, 1, 0 %, 31443 MiB, 106.17 W, 2370 MHz, 12481 MHz, 36
2026/09/26 15:00:41.114, 0, 6 %, 33203 MiB, 89.85 W, 2370 MHz, 12481 MHz, 36
2026/09/26 15:00:41.114, 1, 0 %, 31443 MiB, 105.94 W, 2362 MHz, 12481 MHz, 36
2026/09/26 15:00:41.364, 0, 0 %, 33203 MiB, 89.87 W, 2370 MHz, 12481 MHz, 36
2026/09/26 15:00:41.364, 1, 0 %, 31443 MiB, 105.87 W, 2362 MHz, 12481 MHz, 35
2026/09/26 15:00:41.614, 0, 0 %, 33203 MiB, 89.87 W, 2370 MHz, 12481 MHz, 36
2026/09/26 15:00:41.614, 1, 0 %, 31443 MiB, 96.74 W, 2362 MHz, 12481 MHz, 36
2026/09/26 15:00:41.864, 0, 1 %, 33235 MiB, 89.90 W, 2370 MHz, 12481 MHz, 36
2026/09/26 15:00:41.864, 1, 0 %, 31443 MiB, 94.79 W, 2362 MHz, 12481 MHz, 35
2026/09/26 15:00:42.114, 0, 0 %, 33235 MiB, 88.69 W, 2370 MHz, 12481 MHz, 36
2026/09/26 15:00:42.114, 1, 0 %, 31443 MiB, 94.75 W, 2362 MHz, 12481 MHz, 35
2026/09/26 15:00:42.364, 0, 0 %, 33267 MiB, 88.75 W, 2370 MHz, 12481 MHz, 36
2026/09/26 15:00:42.364, 1, 0 %, 31443 MiB, 94.89 W, 2362 MHz, 12481 MHz, 35
2026/09/26 15:00:42.614, 0, 0 %, 33267 MiB, 88.82 W, 2370 MHz, 12481 MHz, 36
2026/09/26 15:00:42.614, 1, 0 %, 31443 MiB, 94.89 W, 2362 MHz, 12481 MHz, 35
2026/09/26 15:00:42.864, 0, 0 %, 33299 MiB, 88.84 W, 2370 MHz, 12481 MHz, 36
2026/09/26 15:00:42.865, 1, 0 %, 31443 MiB, 94.87 W, 2362 MHz, 12481 MHz, 35
2026/09/26 15:00:43.115, 0, 0 %, 33299 MiB, 88.87 W, 2370 MHz, 12481 MHz, 36
2026/09/26 15:00:43.115, 1, 0 %, 31443 MiB, 94.89 W, 2362 MHz, 12481 MHz, 35
2026/09/26 15:00:43.365, 0, 0 %, 33331 MiB, 88.89 W, 2370 MHz, 12481 MHz, 36
2026/09/26 15:00:43.365, 1, 0 %, 33171 MiB, 95.54 W, 2362 MHz, 12481 MHz, 35
2026/09/26 15:00:43.615, 0, 0 %, 33331 MiB, 88.80 W, 2370 MHz, 12481 MHz, 36
2026/09/26 15:00:43.615, 1, 19 %, 33171 MiB, 100.82 W, 2362 MHz, 12481 MHz, 36
2026/09/26 15:00:43.865, 0, 0 %, 33331 MiB, 88.75 W, 2370 MHz, 12481 MHz, 36
2026/09/26 15:00:43.865, 1, 0 %, 33171 MiB, 101.14 W, 2370 MHz, 12481 MHz, 35
2026/09/26 15:00:44.115, 0, 0 %, 33331 MiB, 88.72 W, 2370 MHz, 12481 MHz, 36
2026/09/26 15:00:44.115, 1, 0 %, 33203 MiB, 101.11 W, 2362 MHz, 12481 MHz, 35
2026/09/26 15:00:44.365, 0, 0 %, 33331 MiB, 88.67 W, 2370 MHz, 12481 MHz, 36
2026/09/26 15:00:44.365, 1, 0 %, 33203 MiB, 102.79 W, 2370 MHz, 12481 MHz, 36
2026/09/26 15:00:44.615, 0, 0 %, 33331 MiB, 88.57 W, 2370 MHz, 12481 MHz, 36
2026/09/26 15:00:44.615, 1, 0 %, 33203 MiB, 98.34 W, 2362 MHz, 12481 MHz, 35
2026/09/26 15:00:44.866, 0, 0 %, 33331 MiB, 88.59 W, 2370 MHz, 12481 MHz, 36
2026/09/26 15:00:44.866, 1, 0 %, 33235 MiB, 104.12 W, 2362 MHz, 12481 MHz, 37
2026/09/26 15:00:45.116, 0, 0 %, 33331 MiB, 88.57 W, 2370 MHz, 12481 MHz, 36
2026/09/26 15:00:45.116, 1, 0 %, 33235 MiB, 109.40 W, 2377 MHz, 12481 MHz, 36
2026/09/26 15:00:45.366, 0, 0 %, 33331 MiB, 88.52 W, 2370 MHz, 12481 MHz, 36
2026/09/26 15:00:45.366, 1, 0 %, 33267 MiB, 107.00 W, 2362 MHz, 12481 MHz, 35
2026/09/26 15:00:45.616, 0, 0 %, 33331 MiB, 88.51 W, 2370 MHz, 12481 MHz, 35
2026/09/26 15:00:45.616, 1, 0 %, 33299 MiB, 106.74 W, 2362 MHz, 12481 MHz, 35
2026/09/26 15:00:45.866, 0, 0 %, 35059 MiB, 88.82 W, 2370 MHz, 12481 MHz, 36
2026/09/26 15:00:45.866, 1, 0 %, 33299 MiB, 109.43 W, 2370 MHz, 12481 MHz, 37
2026/09/26 15:00:46.116, 0, 0 %, 35091 MiB, 89.59 W, 2370 MHz, 12481 MHz, 36
2026/09/26 15:00:46.116, 1, 0 %, 33299 MiB, 104.15 W, 2370 MHz, 12481 MHz, 36
2026/09/26 15:00:46.366, 0, 0 %, 35091 MiB, 89.62 W, 2370 MHz, 12481 MHz, 36
2026/09/26 15:00:46.367, 1, 0 %, 33299 MiB, 104.04 W, 2362 MHz, 12481 MHz, 36
2026/09/26 15:00:46.617, 0, 0 %, 35091 MiB, 89.65 W, 2370 MHz, 12481 MHz, 36
2026/09/26 15:00:46.617, 1, 0 %, 33299 MiB, 104.19 W, 2362 MHz, 12481 MHz, 35
2026/09/26 15:00:46.867, 0, 0 %, 35123 MiB, 89.44 W, 2370 MHz, 12481 MHz, 36
2026/09/26 15:00:46.867, 1, 0 %, 33299 MiB, 94.90 W, 2362 MHz, 12481 MHz, 35
2026/09/26 15:00:47.117, 0, 0 %, 35123 MiB, 88.58 W, 2370 MHz, 12481 MHz, 35
2026/09/26 15:00:47.117, 1, 0 %, 33299 MiB, 94.69 W, 2362 MHz, 12481 MHz, 35
2026/09/26 15:00:47.367, 0, 0 %, 35155 MiB, 88.55 W, 2370 MHz, 12481 MHz, 36
2026/09/26 15:00:47.367, 1, 0 %, 33299 MiB, 94.64 W, 2362 MHz, 12481 MHz, 35
2026/09/26 15:00:47.617, 0, 1 %, 35155 MiB, 88.55 W, 2370 MHz, 12481 MHz, 36
2026/09/26 15:00:47.617, 1, 0 %, 33299 MiB, 94.68 W, 2362 MHz, 12481 MHz, 35
2026/09/26 15:00:47.867, 0, 0 %, 35155 MiB, 88.59 W, 2370 MHz, 12481 MHz, 36
2026/09/26 15:00:47.867, 1, 0 %, 33299 MiB, 94.66 W, 2362 MHz, 12481 MHz, 35
2026/09/26 15:00:48.117, 0, 0 %, 35187 MiB, 88.60 W, 2370 MHz, 12481 MHz, 36
2026/09/26 15:00:48.118, 1, 0 %, 33299 MiB, 94.62 W, 2362 MHz, 12481 MHz, 35
2026/09/26 15:00:48.368, 0, 0 %, 35219 MiB, 88.65 W, 2370 MHz, 12481 MHz, 36
2026/09/26 15:00:48.368, 1, 0 %, 33299 MiB, 94.65 W, 2362 MHz, 12481 MHz, 35
2026/09/26 15:00:48.618, 0, 0 %, 35219 MiB, 88.68 W, 2370 MHz, 12481 MHz, 35
2026/09/26 15:00:48.618, 1, 18 %, 35059 MiB, 95.62 W, 2362 MHz, 12481 MHz, 35
2026/09/26 15:00:48.868, 0, 0 %, 35219 MiB, 88.64 W, 2370 MHz, 12481 MHz, 35
2026/09/26 15:00:48.868, 1, 0 %, 35059 MiB, 102.87 W, 2370 MHz, 12481 MHz, 36
2026/09/26 15:00:49.118, 0, 0 %, 35219 MiB, 88.61 W, 2370 MHz, 12481 MHz, 36
2026/09/26 15:00:49.118, 1, 0 %, 35059 MiB, 102.88 W, 2370 MHz, 12481 MHz, 35
2026/09/26 15:00:49.368, 0, 0 %, 35219 MiB, 88.60 W, 2370 MHz, 12481 MHz, 36
2026/09/26 15:00:49.368, 1, 0 %, 35091 MiB, 103.09 W, 2362 MHz, 12481 MHz, 35
2026/09/26 15:00:49.618, 0, 0 %, 35219 MiB, 88.58 W, 2370 MHz, 12481 MHz, 36
2026/09/26 15:00:49.618, 1, 0 %, 35091 MiB, 102.09 W, 2362 MHz, 12481 MHz, 35
2026/09/26 15:00:49.868, 0, 0 %, 35219 MiB, 88.57 W, 2370 MHz, 12481 MHz, 35
2026/09/26 15:00:49.868, 1, 0 %, 35091 MiB, 94.72 W, 2362 MHz, 12481 MHz, 35
2026/09/26 15:00:50.118, 0, 0 %, 35219 MiB, 88.56 W, 2370 MHz, 12481 MHz, 35
2026/09/26 15:00:50.119, 1, 0 %, 35123 MiB, 94.72 W, 2362 MHz, 12481 MHz, 35
2026/09/26 15:00:50.369, 0, 0 %, 35219 MiB, 88.54 W, 2370 MHz, 12481 MHz, 35
2026/09/26 15:00:50.369, 1, 0 %, 35123 MiB, 94.73 W, 2362 MHz, 12481 MHz, 35
2026/09/26 15:00:50.619, 0, 0 %, 35219 MiB, 88.51 W, 2370 MHz, 12481 MHz, 35
2026/09/26 15:00:50.619, 1, 0 %, 35155 MiB, 94.68 W, 2362 MHz, 12481 MHz, 35
2026/09/26 15:00:50.869, 0, 0 %, 35219 MiB, 88.54 W, 2370 MHz, 12481 MHz, 36
2026/09/26 15:00:50.869, 1, 0 %, 35187 MiB, 110.69 W, 2370 MHz, 12481 MHz, 37
2026/09/26 15:00:51.119, 0, 15 %, 36947 MiB, 89.21 W, 2370 MHz, 12481 MHz, 36
2026/09/26 15:00:51.119, 1, 0 %, 35187 MiB, 110.48 W, 2377 MHz, 12481 MHz, 36
2026/09/26 15:00:51.369, 0, 0 %, 36979 MiB, 89.59 W, 2370 MHz, 12481 MHz, 36
2026/09/26 15:00:51.369, 1, 0 %, 35187 MiB, 110.54 W, 2362 MHz, 12481 MHz, 35
2026/09/26 15:00:51.619, 0, 0 %, 36979 MiB, 89.62 W, 2370 MHz, 12481 MHz, 35
2026/09/26 15:00:51.619, 1, 0 %, 35187 MiB, 110.56 W, 2362 MHz, 12481 MHz, 35
2026/09/26 15:00:51.869, 0, 0 %, 37011 MiB, 89.56 W, 2370 MHz, 12481 MHz, 35
2026/09/26 15:00:51.869, 1, 0 %, 35187 MiB, 94.94 W, 2362 MHz, 12481 MHz, 35
2026/09/26 15:00:52.119, 0, 0 %, 37011 MiB, 88.93 W, 2370 MHz, 12481 MHz, 35
2026/09/26 15:00:52.119, 1, 0 %, 35187 MiB, 94.71 W, 2362 MHz, 12481 MHz, 35
2026/09/26 15:00:52.370, 0, 0 %, 37011 MiB, 88.54 W, 2370 MHz, 12481 MHz, 35
2026/09/26 15:00:52.370, 1, 0 %, 35187 MiB, 94.63 W, 2370 MHz, 12481 MHz, 35
2026/09/26 15:00:52.620, 0, 1 %, 37043 MiB, 88.57 W, 2370 MHz, 12481 MHz, 35
2026/09/26 15:00:52.620, 1, 0 %, 35187 MiB, 94.65 W, 2370 MHz, 12481 MHz, 35
2026/09/26 15:00:52.870, 0, 0 %, 37043 MiB, 88.62 W, 2370 MHz, 12481 MHz, 36
2026/09/26 15:00:52.870, 1, 0 %, 35187 MiB, 94.64 W, 2370 MHz, 12481 MHz, 35
2026/09/26 15:00:53.120, 0, 1 %, 37075 MiB, 88.60 W, 2370 MHz, 12481 MHz, 35
2026/09/26 15:00:53.120, 1, 0 %, 35187 MiB, 94.65 W, 2362 MHz, 12481 MHz, 35
2026/09/26 15:00:53.370, 0, 0 %, 37075 MiB, 88.59 W, 2370 MHz, 12481 MHz, 35
2026/09/26 15:00:53.370, 1, 0 %, 35187 MiB, 94.68 W, 2362 MHz, 12481 MHz, 35
2026/09/26 15:00:53.620, 0, 0 %, 37075 MiB, 88.61 W, 2370 MHz, 12481 MHz, 35
2026/09/26 15:00:53.620, 1, 11 %, 36915 MiB, 95.72 W, 2362 MHz, 12481 MHz, 35
2026/09/26 15:00:53.870, 0, 0 %, 37075 MiB, 88.61 W, 2370 MHz, 12481 MHz, 35
2026/09/26 15:00:53.870, 1, 6 %, 36947 MiB, 103.26 W, 2362 MHz, 12481 MHz, 37
2026/09/26 15:00:54.121, 0, 0 %, 37075 MiB, 88.61 W, 2370 MHz, 12481 MHz, 35
2026/09/26 15:00:54.121, 1, 0 %, 36947 MiB, 103.36 W, 2370 MHz, 12481 MHz, 35
2026/09/26 15:00:54.371, 0, 0 %, 37075 MiB, 88.64 W, 2370 MHz, 12481 MHz, 35
2026/09/26 15:00:54.371, 1, 1 %, 36979 MiB, 103.39 W, 2370 MHz, 12481 MHz, 35
2026/09/26 15:00:54.621, 0, 0 %, 37075 MiB, 88.64 W, 2370 MHz, 12481 MHz, 35
2026/09/26 15:00:54.621, 1, 0 %, 36979 MiB, 102.28 W, 2362 MHz, 12481 MHz, 35
2026/09/26 15:00:54.871, 0, 0 %, 37075 MiB, 88.61 W, 2370 MHz, 12481 MHz, 35
2026/09/26 15:00:54.871, 1, 0 %, 37011 MiB, 94.80 W, 2362 MHz, 12481 MHz, 35
2026/09/26 15:00:55.121, 0, 0 %, 37075 MiB, 88.63 W, 2370 MHz, 12481 MHz, 35
2026/09/26 15:00:55.121, 1, 1 %, 37011 MiB, 99.71 W, 2370 MHz, 12481 MHz, 36
2026/09/26 15:00:55.371, 0, 0 %, 37075 MiB, 88.59 W, 2370 MHz, 12481 MHz, 35
2026/09/26 15:00:55.371, 1, 0 %, 37011 MiB, 99.63 W, 2370 MHz, 12481 MHz, 35
2026/09/26 15:00:55.621, 0, 0 %, 37075 MiB, 88.58 W, 2370 MHz, 12481 MHz, 35
2026/09/26 15:00:55.621, 1, 1 %, 37043 MiB, 99.73 W, 2362 MHz, 12481 MHz, 35
2026/09/26 15:00:55.871, 0, 0 %, 38835 MiB, 88.60 W, 2370 MHz, 12481 MHz, 35
2026/09/26 15:00:55.871, 1, 0 %, 37043 MiB, 99.77 W, 2362 MHz, 12481 MHz, 35
2026/09/26 15:00:56.122, 0, 17 %, 38835 MiB, 89.63 W, 2370 MHz, 12481 MHz, 36
2026/09/26 15:00:56.122, 1, 0 %, 37043 MiB, 95.14 W, 2362 MHz, 12481 MHz, 35
2026/09/26 15:00:56.372, 0, 0 %, 38867 MiB, 89.70 W, 2370 MHz, 12481 MHz, 35
2026/09/26 15:00:56.372, 1, 0 %, 37043 MiB, 95.13 W, 2362 MHz, 12481 MHz, 35
2026/09/26 15:00:56.622, 0, 0 %, 38867 MiB, 89.67 W, 2370 MHz, 12481 MHz, 35
2026/09/26 15:00:56.622, 1, 0 %, 37043 MiB, 95.15 W, 2362 MHz, 12481 MHz, 35
2026/09/26 15:00:56.872, 0, 0 %, 38899 MiB, 89.61 W, 2370 MHz, 12481 MHz, 35
2026/09/26 15:00:56.872, 1, 0 %, 37043 MiB, 95.13 W, 2362 MHz, 12481 MHz, 35
2026/09/26 15:00:57.122, 0, 0 %, 38899 MiB, 88.65 W, 2370 MHz, 12481 MHz, 35
2026/09/26 15:00:57.122, 1, 0 %, 37043 MiB, 94.62 W, 2362 MHz, 12481 MHz, 35
2026/09/26 15:00:57.372, 0, 0 %, 38899 MiB, 88.61 W, 2370 MHz, 12481 MHz, 35
2026/09/26 15:00:57.372, 1, 0 %, 37043 MiB, 94.60 W, 2362 MHz, 12481 MHz, 35
2026/09/26 15:00:57.622, 0, 1 %, 38931 MiB, 88.60 W, 2370 MHz, 12481 MHz, 35
2026/09/26 15:00:57.623, 1, 0 %, 37043 MiB, 94.58 W, 2362 MHz, 12481 MHz, 35
2026/09/26 15:00:57.873, 0, 0 %, 38931 MiB, 88.62 W, 2370 MHz, 12481 MHz, 35
2026/09/26 15:00:57.873, 1, 0 %, 37043 MiB, 94.56 W, 2362 MHz, 12481 MHz, 35
2026/09/26 15:00:58.123, 0, 1 %, 38963 MiB, 88.59 W, 2370 MHz, 12481 MHz, 35
2026/09/26 15:00:58.123, 1, 0 %, 37043 MiB, 94.55 W, 2362 MHz, 12481 MHz, 35
2026/09/26 15:00:58.373, 0, 0 %, 38963 MiB, 88.59 W, 2370 MHz, 12481 MHz, 35
2026/09/26 15:00:58.373, 1, 0 %, 37043 MiB, 94.60 W, 2362 MHz, 12481 MHz, 35
2026/09/26 15:00:58.623, 0, 0 %, 38995 MiB, 88.66 W, 2370 MHz, 12481 MHz, 35
2026/09/26 15:00:58.623, 1, 0 %, 38803 MiB, 95.44 W, 2370 MHz, 12481 MHz, 35
2026/09/26 15:00:58.873, 0, 0 %, 38995 MiB, 88.63 W, 2370 MHz, 12481 MHz, 35
2026/09/26 15:00:58.873, 1, 18 %, 38803 MiB, 103.38 W, 2362 MHz, 12481 MHz, 37
2026/09/26 15:00:59.123, 0, 0 %, 38995 MiB, 88.63 W, 2370 MHz, 12481 MHz, 35
2026/09/26 15:00:59.123, 1, 0 %, 38835 MiB, 103.52 W, 2370 MHz, 12481 MHz, 35
2026/09/26 15:00:59.374, 0, 0 %, 38995 MiB, 88.64 W, 2370 MHz, 12481 MHz, 35
2026/09/26 15:00:59.374, 1, 0 %, 38835 MiB, 103.33 W, 2362 MHz, 12481 MHz, 35
2026/09/26 15:00:59.624, 0, 0 %, 38995 MiB, 88.57 W, 2370 MHz, 12481 MHz, 35
2026/09/26 15:00:59.624, 1, 0 %, 38867 MiB, 102.64 W, 2362 MHz, 12481 MHz, 35
2026/09/26 15:00:59.874, 0, 0 %, 38995 MiB, 88.58 W, 2370 MHz, 12481 MHz, 35
2026/09/26 15:00:59.874, 1, 0 %, 38867 MiB, 94.89 W, 2362 MHz, 12481 MHz, 35
2026/09/26 15:01:00.124, 0, 0 %, 38995 MiB, 88.59 W, 2370 MHz, 12481 MHz, 35
2026/09/26 15:01:00.124, 1, 0 %, 38867 MiB, 94.69 W, 2362 MHz, 12481 MHz, 35
2026/09/26 15:01:00.374, 0, 0 %, 38995 MiB, 88.55 W, 2370 MHz, 12481 MHz, 35
2026/09/26 15:01:00.374, 1, 0 %, 38899 MiB, 94.68 W, 2362 MHz, 12481 MHz, 35
2026/09/26 15:01:00.624, 0, 0 %, 38995 MiB, 88.57 W, 2370 MHz, 12481 MHz, 35
2026/09/26 15:01:00.624, 1, 0 %, 38899 MiB, 94.69 W, 2362 MHz, 12481 MHz, 35
2026/09/26 15:01:00.874, 0, 0 %, 38995 MiB, 88.57 W, 2370 MHz, 12481 MHz, 35
2026/09/26 15:01:00.874, 1, 0 %, 38931 MiB, 102.30 W, 2362 MHz, 12481 MHz, 37
2026/09/26 15:01:01.125, 0, 0 %, 38995 MiB, 88.60 W, 2370 MHz, 12481 MHz, 35
2026/09/26 15:01:01.125, 1, 0 %, 38931 MiB, 104.50 W, 2377 MHz, 12481 MHz, 36
2026/09/26 15:01:01.375, 0, 22 %, 40723 MiB, 89.61 W, 2370 MHz, 12481 MHz, 35
2026/09/26 15:01:01.375, 1, 0 %, 38963 MiB, 104.66 W, 2362 MHz, 12481 MHz, 35
2026/09/26 15:01:01.625, 0, 0 %, 40723 MiB, 89.82 W, 2370 MHz, 12481 MHz, 35
2026/09/26 15:01:01.625, 1, 0 %, 38963 MiB, 104.46 W, 2362 MHz, 12481 MHz, 35
2026/09/26 15:01:01.875, 0, 0 %, 40723 MiB, 89.77 W, 2370 MHz, 12481 MHz, 35
2026/09/26 15:01:01.875, 1, 0 %, 38963 MiB, 96.92 W, 2362 MHz, 12481 MHz, 35
2026/09/26 15:01:02.125, 0, 1 %, 40755 MiB, 89.80 W, 2370 MHz, 12481 MHz, 35
2026/09/26 15:01:02.125, 1, 0 %, 38963 MiB, 94.82 W, 2362 MHz, 12481 MHz, 35
2026/09/26 15:01:02.375, 0, 0 %, 40755 MiB, 88.89 W, 2370 MHz, 12481 MHz, 35
2026/09/26 15:01:02.375, 1, 0 %, 38963 MiB, 94.65 W, 2362 MHz, 12481 MHz, 35
2026/09/26 15:01:02.625, 0, 0 %, 40787 MiB, 88.71 W, 2370 MHz, 12481 MHz, 35
2026/09/26 15:01:02.625, 1, 0 %, 38963 MiB, 94.64 W, 2362 MHz, 12481 MHz, 35
2026/09/26 15:01:02.876, 0, 1 %, 40787 MiB, 88.72 W, 2370 MHz, 12481 MHz, 35
2026/09/26 15:01:02.876, 1, 0 %, 38963 MiB, 94.58 W, 2362 MHz, 12481 MHz, 35
2026/09/26 15:01:03.126, 0, 0 %, 40787 MiB, 88.67 W, 2370 MHz, 12481 MHz, 35
2026/09/26 15:01:03.126, 1, 0 %, 38963 MiB, 94.60 W, 2362 MHz, 12481 MHz, 35
2026/09/26 15:01:03.376, 0, 0 %, 40819 MiB, 88.59 W, 2370 MHz, 12481 MHz, 35
2026/09/26 15:01:03.376, 1, 0 %, 38963 MiB, 94.62 W, 2362 MHz, 12481 MHz, 35
2026/09/26 15:01:03.626, 0, 0 %, 40851 MiB, 88.57 W, 2370 MHz, 12481 MHz, 35
2026/09/26 15:01:03.626, 1, 0 %, 40691 MiB, 94.62 W, 2362 MHz, 12481 MHz, 35
2026/09/26 15:01:03.876, 0, 0 %, 40851 MiB, 88.55 W, 2370 MHz, 12481 MHz, 35
2026/09/26 15:01:03.876, 1, 23 %, 40691 MiB, 95.90 W, 2362 MHz, 12481 MHz, 35
2026/09/26 15:01:04.126, 0, 0 %, 40851 MiB, 88.57 W, 2370 MHz, 12481 MHz, 35
2026/09/26 15:01:04.126, 1, 0 %, 40691 MiB, 95.85 W, 2362 MHz, 12481 MHz, 35
2026/09/26 15:01:04.376, 0, 0 %, 40851 MiB, 88.57 W, 2370 MHz, 12481 MHz, 35
2026/09/26 15:01:04.376, 1, 0 %, 40723 MiB, 95.83 W, 2362 MHz, 12481 MHz, 35
2026/09/26 15:01:04.626, 0, 0 %, 40851 MiB, 88.56 W, 2370 MHz, 12481 MHz, 35
2026/09/26 15:01:04.627, 1, 0 %, 40723 MiB, 106.16 W, 2370 MHz, 12481 MHz, 37
2026/09/26 15:01:04.877, 0, 0 %, 40851 MiB, 88.56 W, 2370 MHz, 12481 MHz, 35
2026/09/26 15:01:04.877, 1, 0 %, 40723 MiB, 118.81 W, 2377 MHz, 12481 MHz, 37
2026/09/26 15:01:05.127, 0, 0 %, 40851 MiB, 88.56 W, 2370 MHz, 12481 MHz, 35
2026/09/26 15:01:05.127, 1, 0 %, 40755 MiB, 118.42 W, 2370 MHz, 12481 MHz, 35
2026/09/26 15:01:05.377, 0, 0 %, 40851 MiB, 88.56 W, 2370 MHz, 12481 MHz, 35
2026/09/26 15:01:05.377, 1, 0 %, 40755 MiB, 119.00 W, 2370 MHz, 12481 MHz, 35
2026/09/26 15:01:05.627, 0, 0 %, 40851 MiB, 88.61 W, 2370 MHz, 12481 MHz, 35
2026/09/26 15:01:05.627, 1, 0 %, 40787 MiB, 109.46 W, 2370 MHz, 12481 MHz, 35
2026/09/26 15:01:05.877, 0, 0 %, 40851 MiB, 88.63 W, 2370 MHz, 12481 MHz, 35
2026/09/26 15:01:05.877, 1, 0 %, 40819 MiB, 95.31 W, 2362 MHz, 12481 MHz, 35
2026/09/26 15:01:06.127, 0, 16 %, 42579 MiB, 89.37 W, 2370 MHz, 12481 MHz, 35
2026/09/26 15:01:06.127, 1, 0 %, 40819 MiB, 106.54 W, 2370 MHz, 12481 MHz, 37
2026/09/26 15:01:06.377, 0, 0 %, 42611 MiB, 89.70 W, 2370 MHz, 12481 MHz, 35
2026/09/26 15:01:06.377, 1, 0 %, 40819 MiB, 120.77 W, 2377 MHz, 12481 MHz, 37
2026/09/26 15:01:06.627, 0, 0 %, 42611 MiB, 89.69 W, 2370 MHz, 12481 MHz, 35
2026/09/26 15:01:06.628, 1, 0 %, 40819 MiB, 120.80 W, 2370 MHz, 12481 MHz, 36
2026/09/26 15:01:06.878, 0, 0 %, 42611 MiB, 89.67 W, 2370 MHz, 12481 MHz, 35
2026/09/26 15:01:06.878, 1, 0 %, 40819 MiB, 120.29 W, 2362 MHz, 12481 MHz, 35
2026/09/26 15:01:07.128, 0, 0 %, 42643 MiB, 89.04 W, 2370 MHz, 12481 MHz, 35
2026/09/26 15:01:07.128, 1, 0 %, 40819 MiB, 109.91 W, 2362 MHz, 12481 MHz, 35
2026/09/26 15:01:07.378, 0, 0 %, 42643 MiB, 88.62 W, 2370 MHz, 12481 MHz, 35
2026/09/26 15:01:07.378, 1, 0 %, 40819 MiB, 94.75 W, 2362 MHz, 12481 MHz, 35
2026/09/26 15:01:07.628, 0, 0 %, 42675 MiB, 88.61 W, 2370 MHz, 12481 MHz, 35
2026/09/26 15:01:07.628, 1, 0 %, 40819 MiB, 94.70 W, 2362 MHz, 12481 MHz, 35
2026/09/26 15:01:07.878, 0, 0 %, 42675 MiB, 88.61 W, 2370 MHz, 12481 MHz, 35
2026/09/26 15:01:07.878, 1, 0 %, 40819 MiB, 94.64 W, 2362 MHz, 12481 MHz, 35
2026/09/26 15:01:08.128, 0, 0 %, 42707 MiB, 88.57 W, 2370 MHz, 12481 MHz, 35
2026/09/26 15:01:08.128, 1, 0 %, 40819 MiB, 94.65 W, 2362 MHz, 12481 MHz, 35
2026/09/26 15:01:08.378, 0, 0 %, 42707 MiB, 88.57 W, 2370 MHz, 12481 MHz, 35
2026/09/26 15:01:08.378, 1, 0 %, 40819 MiB, 94.71 W, 2362 MHz, 12481 MHz, 35
2026/09/26 15:01:08.629, 0, 0 %, 42739 MiB, 88.60 W, 2370 MHz, 12481 MHz, 35
2026/09/26 15:01:08.629, 1, 0 %, 42547 MiB, 94.71 W, 2362 MHz, 12481 MHz, 35
2026/09/26 15:01:08.879, 0, 0 %, 42739 MiB, 88.62 W, 2370 MHz, 12481 MHz, 35
2026/09/26 15:01:08.879, 1, 24 %, 42579 MiB, 95.72 W, 2362 MHz, 12481 MHz, 35
2026/09/26 15:01:09.129, 0, 0 %, 42739 MiB, 88.66 W, 2370 MHz, 12481 MHz, 35
2026/09/26 15:01:09.129, 1, 0 %, 42579 MiB, 95.89 W, 2362 MHz, 12481 MHz, 35
2026/09/26 15:01:09.379, 0, 0 %, 42739 MiB, 88.64 W, 2370 MHz, 12481 MHz, 35
2026/09/26 15:01:09.379, 1, 0 %, 42579 MiB, 95.88 W, 2362 MHz, 12481 MHz, 35
2026/09/26 15:01:09.629, 0, 0 %, 42739 MiB, 88.57 W, 2370 MHz, 12481 MHz, 35
2026/09/26 15:01:09.629, 1, 0 %, 42611 MiB, 95.87 W, 2362 MHz, 12481 MHz, 35
2026/09/26 15:01:09.879, 0, 0 %, 42739 MiB, 88.56 W, 2370 MHz, 12481 MHz, 35
2026/09/26 15:01:09.879, 1, 0 %, 42611 MiB, 94.80 W, 2362 MHz, 12481 MHz, 35
2026/09/26 15:01:10.130, 0, 0 %, 42739 MiB, 88.51 W, 2370 MHz, 12481 MHz, 35
2026/09/26 15:01:10.130, 1, 0 %, 42643 MiB, 94.66 W, 2362 MHz, 12481 MHz, 35
2026/09/26 15:01:10.380, 0, 0 %, 42739 MiB, 88.54 W, 2370 MHz, 12481 MHz, 35
2026/09/26 15:01:10.380, 1, 0 %, 42643 MiB, 94.63 W, 2362 MHz, 12481 MHz, 35
2026/09/26 15:01:10.630, 0, 0 %, 42739 MiB, 88.56 W, 2370 MHz, 12481 MHz, 35
2026/09/26 15:01:10.630, 1, 0 %, 42643 MiB, 94.62 W, 2362 MHz, 12481 MHz, 35
2026/09/26 15:01:10.880, 0, 0 %, 42739 MiB, 88.55 W, 2370 MHz, 12481 MHz, 35
2026/09/26 15:01:10.880, 1, 0 %, 42675 MiB, 94.94 W, 2362 MHz, 12481 MHz, 35
2026/09/26 15:01:11.130, 0, 0 %, 44467 MiB, 88.54 W, 2370 MHz, 12481 MHz, 35
2026/09/26 15:01:11.130, 1, 0 %, 42707 MiB, 99.28 W, 2362 MHz, 12481 MHz, 35
2026/09/26 15:01:11.380, 0, 25 %, 44467 MiB, 89.53 W, 2370 MHz, 12481 MHz, 35
2026/09/26 15:01:11.380, 1, 0 %, 42707 MiB, 101.10 W, 2370 MHz, 12481 MHz, 35
2026/09/26 15:01:11.630, 0, 0 %, 44467 MiB, 89.54 W, 2370 MHz, 12481 MHz, 35
2026/09/26 15:01:11.630, 1, 0 %, 42707 MiB, 100.97 W, 2362 MHz, 12481 MHz, 35
2026/09/26 15:01:11.881, 0, 0 %, 44467 MiB, 89.59 W, 2370 MHz, 12481 MHz, 35
2026/09/26 15:01:11.881, 1, 0 %, 42707 MiB, 100.81 W, 2362 MHz, 12481 MHz, 35
2026/09/26 15:01:12.131, 0, 0 %, 44531 MiB, 89.67 W, 2370 MHz, 12481 MHz, 35
2026/09/26 15:01:12.131, 1, 0 %, 42707 MiB, 97.62 W, 2362 MHz, 12481 MHz, 35
2026/09/26 15:01:12.381, 0, 0 %, 44531 MiB, 88.69 W, 2370 MHz, 12481 MHz, 35
2026/09/26 15:01:12.381, 1, 0 %, 42707 MiB, 94.64 W, 2362 MHz, 12481 MHz, 35
2026/09/26 15:01:12.631, 0, 0 %, 44563 MiB, 88.68 W, 2370 MHz, 12481 MHz, 35
2026/09/26 15:01:12.631, 1, 0 %, 42707 MiB, 94.64 W, 2362 MHz, 12481 MHz, 35
2026/09/26 15:01:12.881, 0, 0 %, 44563 MiB, 88.67 W, 2370 MHz, 12481 MHz, 35
2026/09/26 15:01:12.881, 1, 0 %, 42707 MiB, 94.64 W, 2362 MHz, 12481 MHz, 35
2026/09/26 15:01:13.131, 0, 0 %, 44595 MiB, 88.61 W, 2370 MHz, 12481 MHz, 35
2026/09/26 15:01:13.131, 1, 0 %, 42707 MiB, 94.63 W, 2362 MHz, 12481 MHz, 35
2026/09/26 15:01:13.381, 0, 0 %, 44595 MiB, 88.65 W, 2370 MHz, 12481 MHz, 35
2026/09/26 15:01:13.383, 1, 0 %, 42707 MiB, 94.76 W, 2362 MHz, 12481 MHz, 35
2026/09/26 15:01:13.633, 0, 0 %, 44595 MiB, 88.83 W, 2370 MHz, 12481 MHz, 35
2026/09/26 15:01:13.633, 1, 0 %, 44435 MiB, 95.01 W, 2362 MHz, 12481 MHz, 35
2026/09/26 15:01:13.883, 0, 0 %, 44595 MiB, 88.84 W, 2370 MHz, 12481 MHz, 35
2026/09/26 15:01:13.883, 1, 24 %, 44435 MiB, 106.04 W, 2362 MHz, 12481 MHz, 37
2026/09/26 15:01:14.133, 0, 0 %, 44595 MiB, 88.87 W, 2370 MHz, 12481 MHz, 35
2026/09/26 15:01:14.133, 1, 0 %, 44435 MiB, 118.34 W, 2377 MHz, 12481 MHz, 37
2026/09/26 15:01:14.383, 0, 0 %, 44595 MiB, 88.83 W, 2370 MHz, 12481 MHz, 35
2026/09/26 15:01:14.383, 1, 0 %, 44499 MiB, 126.85 W, 2377 MHz, 12481 MHz, 36
2026/09/26 15:01:14.634, 0, 0 %, 44595 MiB, 88.62 W, 2370 MHz, 12481 MHz, 35
2026/09/26 15:01:14.634, 1, 0 %, 44499 MiB, 126.71 W, 2370 MHz, 12481 MHz, 35
2026/09/26 15:01:14.884, 0, 0 %, 44595 MiB, 88.54 W, 2370 MHz, 12481 MHz, 35
2026/09/26 15:01:14.884, 1, 0 %, 44499 MiB, 116.97 W, 2370 MHz, 12481 MHz, 35
2026/09/26 15:01:15.134, 0, 0 %, 44595 MiB, 88.55 W, 2370 MHz, 12481 MHz, 35
2026/09/26 15:01:15.134, 1, 0 %, 44531 MiB, 103.91 W, 2362 MHz, 12481 MHz, 35
2026/09/26 15:01:15.384, 0, 0 %, 44595 MiB, 88.54 W, 2370 MHz, 12481 MHz, 35
2026/09/26 15:01:15.384, 1, 0 %, 44531 MiB, 94.67 W, 2362 MHz, 12481 MHz, 35
2026/09/26 15:01:15.634, 0, 0 %, 44595 MiB, 88.54 W, 2370 MHz, 12481 MHz, 35
2026/09/26 15:01:15.634, 1, 0 %, 44563 MiB, 94.64 W, 2362 MHz, 12481 MHz, 35
2026/09/26 15:01:15.884, 0, 0 %, 44595 MiB, 88.60 W, 2370 MHz, 12481 MHz, 35
2026/09/26 15:01:15.884, 1, 0 %, 44563 MiB, 98.27 W, 2362 MHz, 12481 MHz, 36
2026/09/26 15:01:16.134, 0, 26 %, 46355 MiB, 89.53 W, 2370 MHz, 12481 MHz, 35
2026/09/26 15:01:16.134, 1, 0 %, 44563 MiB, 98.30 W, 2370 MHz, 12481 MHz, 35
2026/09/26 15:01:16.384, 0, 0 %, 46387 MiB, 89.58 W, 2370 MHz, 12481 MHz, 35
2026/09/26 15:01:16.385, 1, 0 %, 44563 MiB, 98.28 W, 2362 MHz, 12481 MHz, 35
2026/09/26 15:01:16.635, 0, 0 %, 46387 MiB, 89.60 W, 2370 MHz, 12481 MHz, 35
2026/09/26 15:01:16.635, 1, 0 %, 44563 MiB, 98.32 W, 2362 MHz, 12481 MHz, 35
2026/09/26 15:01:16.885, 0, 0 %, 46419 MiB, 89.59 W, 2370 MHz, 12481 MHz, 35
2026/09/26 15:01:16.885, 1, 0 %, 44563 MiB, 94.62 W, 2362 MHz, 12481 MHz, 35
2026/09/26 15:01:17.135, 0, 0 %, 46419 MiB, 88.80 W, 2370 MHz, 12481 MHz, 35
2026/09/26 15:01:17.135, 1, 0 %, 44563 MiB, 94.53 W, 2362 MHz, 12481 MHz, 35
2026/09/26 15:01:17.385, 0, 0 %, 46419 MiB, 88.63 W, 2370 MHz, 12481 MHz, 35
2026/09/26 15:01:17.385, 1, 0 %, 44563 MiB, 94.56 W, 2362 MHz, 12481 MHz, 35
2026/09/26 15:01:17.635, 0, 0 %, 46451 MiB, 88.64 W, 2370 MHz, 12481 MHz, 35
2026/09/26 15:01:17.635, 1, 0 %, 44563 MiB, 94.57 W, 2362 MHz, 12481 MHz, 35
2026/09/26 15:01:17.885, 0, 0 %, 46451 MiB, 88.64 W, 2370 MHz, 12481 MHz, 35
2026/09/26 15:01:17.885, 1, 0 %, 44563 MiB, 94.56 W, 2362 MHz, 12481 MHz, 35
2026/09/26 15:01:18.135, 0, 0 %, 46483 MiB, 88.65 W, 2370 MHz, 12481 MHz, 35
2026/09/26 15:01:18.135, 1, 0 %, 44563 MiB, 94.55 W, 2362 MHz, 12481 MHz, 35
2026/09/26 15:01:18.386, 0, 0 %, 46483 MiB, 88.65 W, 2370 MHz, 12481 MHz, 35
2026/09/26 15:01:18.386, 1, 0 %, 44563 MiB, 94.61 W, 2362 MHz, 12481 MHz, 35
2026/09/26 15:01:18.636, 0, 0 %, 46483 MiB, 88.68 W, 2370 MHz, 12481 MHz, 35
2026/09/26 15:01:18.636, 1, 0 %, 46291 MiB, 94.64 W, 2362 MHz, 12481 MHz, 35
2026/09/26 15:01:18.886, 0, 0 %, 46483 MiB, 88.72 W, 2370 MHz, 12481 MHz, 35
2026/09/26 15:01:18.886, 1, 25 %, 46323 MiB, 101.31 W, 2362 MHz, 12481 MHz, 37
2026/09/26 15:01:19.136, 0, 0 %, 46483 MiB, 88.72 W, 2370 MHz, 12481 MHz, 35
2026/09/26 15:01:19.136, 1, 0 %, 46355 MiB, 101.40 W, 2370 MHz, 12481 MHz, 35
2026/09/26 15:01:19.386, 0, 0 %, 46483 MiB, 88.71 W, 2370 MHz, 12481 MHz, 35
2026/09/26 15:01:19.386, 1, 0 %, 46355 MiB, 101.35 W, 2362 MHz, 12481 MHz, 35
2026/09/26 15:01:19.636, 0, 0 %, 46483 MiB, 88.62 W, 2370 MHz, 12481 MHz, 35
2026/09/26 15:01:19.636, 1, 0 %, 46387 MiB, 103.80 W, 2362 MHz, 12481 MHz, 35
2026/09/26 15:01:19.886, 0, 0 %, 46483 MiB, 88.58 W, 2370 MHz, 12481 MHz, 35
2026/09/26 15:01:19.886, 1, 0 %, 46387 MiB, 97.30 W, 2370 MHz, 12481 MHz, 35
2026/09/26 15:01:20.136, 0, 0 %, 46483 MiB, 88.57 W, 2370 MHz, 12481 MHz, 35
2026/09/26 15:01:20.137, 1, 0 %, 46419 MiB, 97.11 W, 2362 MHz, 12481 MHz, 35
2026/09/26 15:01:20.387, 0, 0 %, 46483 MiB, 88.59 W, 2370 MHz, 12481 MHz, 35
2026/09/26 15:01:20.387, 1, 0 %, 46419 MiB, 97.14 W, 2362 MHz, 12481 MHz, 35
2026/09/26 15:01:20.637, 0, 0 %, 46483 MiB, 88.60 W, 2370 MHz, 12481 MHz, 35
2026/09/26 15:01:20.637, 1, 0 %, 46419 MiB, 94.65 W, 2362 MHz, 12481 MHz, 35
2026/09/26 15:01:20.887, 0, 0 %, 46483 MiB, 88.62 W, 2370 MHz, 12481 MHz, 35
2026/09/26 15:01:20.887, 1, 1 %, 46451 MiB, 94.57 W, 2362 MHz, 12481 MHz, 35
2026/09/26 15:01:21.137, 0, 0 %, 48243 MiB, 88.58 W, 2370 MHz, 12481 MHz, 35
2026/09/26 15:01:21.137, 1, 0 %, 46451 MiB, 94.57 W, 2362 MHz, 12481 MHz, 35
2026/09/26 15:01:21.387, 0, 24 %, 48243 MiB, 89.52 W, 2370 MHz, 12481 MHz, 35
2026/09/26 15:01:21.387, 1, 0 %, 46451 MiB, 94.61 W, 2362 MHz, 12481 MHz, 35
2026/09/26 15:01:21.637, 0, 0 %, 48243 MiB, 89.53 W, 2370 MHz, 12481 MHz, 35
2026/09/26 15:01:21.637, 1, 0 %, 46451 MiB, 94.65 W, 2362 MHz, 12481 MHz, 35
2026/09/26 15:01:21.887, 0, 0 %, 48275 MiB, 89.51 W, 2370 MHz, 12481 MHz, 35
2026/09/26 15:01:21.887, 1, 0 %, 46451 MiB, 94.68 W, 2362 MHz, 12481 MHz, 35
2026/09/26 15:01:22.137, 0, 0 %, 48275 MiB, 89.58 W, 2370 MHz, 12481 MHz, 35
2026/09/26 15:01:22.137, 1, 0 %, 46451 MiB, 94.63 W, 2362 MHz, 12481 MHz, 35
2026/09/26 15:01:22.388, 0, 0 %, 48275 MiB, 88.60 W, 2370 MHz, 12481 MHz, 35
2026/09/26 15:01:22.388, 1, 0 %, 46451 MiB, 94.61 W, 2362 MHz, 12481 MHz, 35
2026/09/26 15:01:22.638, 0, 0 %, 48307 MiB, 88.59 W, 2370 MHz, 12481 MHz, 35
2026/09/26 15:01:22.638, 1, 0 %, 46451 MiB, 94.60 W, 2362 MHz, 12481 MHz, 35
2026/09/26 15:01:22.888, 0, 0 %, 48307 MiB, 88.59 W, 2370 MHz, 12481 MHz, 35
2026/09/26 15:01:22.888, 1, 0 %, 46451 MiB, 94.50 W, 2362 MHz, 12481 MHz, 35
2026/09/26 15:01:23.138, 0, 0 %, 48339 MiB, 88.56 W, 2370 MHz, 12481 MHz, 35
2026/09/26 15:01:23.138, 1, 0 %, 46451 MiB, 94.49 W, 2362 MHz, 12481 MHz, 35
2026/09/26 15:01:23.388, 0, 0 %, 48339 MiB, 88.59 W, 2370 MHz, 12481 MHz, 35
2026/09/26 15:01:23.388, 1, 0 %, 46451 MiB, 94.47 W, 2362 MHz, 12481 MHz, 35
2026/09/26 15:01:23.638, 0, 0 %, 48371 MiB, 88.65 W, 2370 MHz, 12481 MHz, 35
2026/09/26 15:01:23.638, 1, 0 %, 48211 MiB, 95.06 W, 2362 MHz, 12481 MHz, 35
2026/09/26 15:01:23.888, 0, 0 %, 48371 MiB, 88.66 W, 2370 MHz, 12481 MHz, 35
2026/09/26 15:01:23.888, 1, 15 %, 48211 MiB, 103.89 W, 2362 MHz, 12481 MHz, 37
2026/09/26 15:01:24.139, 0, 0 %, 48371 MiB, 88.62 W, 2370 MHz, 12481 MHz, 35
2026/09/26 15:01:24.139, 1, 0 %, 48211 MiB, 105.43 W, 2377 MHz, 12481 MHz, 35
2026/09/26 15:01:24.389, 0, 0 %, 48371 MiB, 88.59 W, 2370 MHz, 12481 MHz, 35
2026/09/26 15:01:24.389, 1, 0 %, 48243 MiB, 110.12 W, 2362 MHz, 12481 MHz, 35
2026/09/26 15:01:24.639, 0, 0 %, 48371 MiB, 88.58 W, 2370 MHz, 12481 MHz, 35
2026/09/26 15:01:24.639, 1, 0 %, 48243 MiB, 122.43 W, 2370 MHz, 12481 MHz, 37
2026/09/26 15:01:24.889, 0, 0 %, 48371 MiB, 88.54 W, 2370 MHz, 12481 MHz, 35
2026/09/26 15:01:24.889, 1, 0 %, 48275 MiB, 119.38 W, 2377 MHz, 12481 MHz, 36
2026/09/26 15:01:25.139, 0, 0 %, 48371 MiB, 88.59 W, 2370 MHz, 12481 MHz, 35
2026/09/26 15:01:25.139, 1, 0 %, 48275 MiB, 117.75 W, 2362 MHz, 12481 MHz, 35
2026/09/26 15:01:25.389, 0, 0 %, 48371 MiB, 88.58 W, 2370 MHz, 12481 MHz, 35
2026/09/26 15:01:25.389, 1, 0 %, 48275 MiB, 113.38 W, 2362 MHz, 12481 MHz, 35
2026/09/26 15:01:25.639, 0, 0 %, 48371 MiB, 88.59 W, 2370 MHz, 12481 MHz, 35
2026/09/26 15:01:25.639, 1, 1 %, 48307 MiB, 103.77 W, 2362 MHz, 12481 MHz, 36
2026/09/26 15:01:25.890, 0, 0 %, 50099 MiB, 88.61 W, 2370 MHz, 12481 MHz, 35
2026/09/26 15:01:25.890, 1, 0 %, 48339 MiB, 101.07 W, 2370 MHz, 12481 MHz, 36
2026/09/26 15:01:26.140, 0, 20 %, 50099 MiB, 89.67 W, 2370 MHz, 12481 MHz, 35
2026/09/26 15:01:26.140, 1, 0 %, 48339 MiB, 101.30 W, 2362 MHz, 12481 MHz, 35
2026/09/26 15:01:26.390, 0, 0 %, 50131 MiB, 89.68 W, 2370 MHz, 12481 MHz, 35
2026/09/26 15:01:26.390, 1, 0 %, 48339 MiB, 101.45 W, 2362 MHz, 12481 MHz, 35
2026/09/26 15:01:26.640, 0, 0 %, 50131 MiB, 89.64 W, 2370 MHz, 12481 MHz, 35
2026/09/26 15:01:26.640, 1, 0 %, 48339 MiB, 99.01 W, 2362 MHz, 12481 MHz, 35
2026/09/26 15:01:26.890, 0, 0 %, 50163 MiB, 89.67 W, 2370 MHz, 12481 MHz, 35
2026/09/26 15:01:26.890, 1, 0 %, 48339 MiB, 95.08 W, 2362 MHz, 12481 MHz, 35
2026/09/26 15:01:27.140, 0, 0 %, 50163 MiB, 88.61 W, 2370 MHz, 12481 MHz, 35
2026/09/26 15:01:27.140, 1, 0 %, 48339 MiB, 94.60 W, 2362 MHz, 12481 MHz, 35
2026/09/26 15:01:27.391, 0, 0 %, 50163 MiB, 88.59 W, 2370 MHz, 12481 MHz, 35
2026/09/26 15:01:27.391, 1, 0 %, 48339 MiB, 94.62 W, 2362 MHz, 12481 MHz, 35
2026/09/26 15:01:27.641, 0, 1 %, 50195 MiB, 88.61 W, 2370 MHz, 12481 MHz, 35
2026/09/26 15:01:27.641, 1, 0 %, 48339 MiB, 94.65 W, 2362 MHz, 12481 MHz, 35
2026/09/26 15:01:27.891, 0, 0 %, 50195 MiB, 88.59 W, 2370 MHz, 12481 MHz, 35
2026/09/26 15:01:27.891, 1, 0 %, 48339 MiB, 94.60 W, 2362 MHz, 12481 MHz, 35
2026/09/26 15:01:28.141, 0, 1 %, 50227 MiB, 88.55 W, 2370 MHz, 12481 MHz, 35
2026/09/26 15:01:28.141, 1, 0 %, 48339 MiB, 94.60 W, 2362 MHz, 12481 MHz, 35
2026/09/26 15:01:28.391, 0, 0 %, 50259 MiB, 88.52 W, 2370 MHz, 12481 MHz, 35
2026/09/26 15:01:28.391, 1, 0 %, 48339 MiB, 94.62 W, 2362 MHz, 12481 MHz, 35
2026/09/26 15:01:28.641, 0, 0 %, 50259 MiB, 88.52 W, 2370 MHz, 12481 MHz, 35
2026/09/26 15:01:28.641, 1, 5 %, 50067 MiB, 95.67 W, 2362 MHz, 12481 MHz, 35
2026/09/26 15:01:28.891, 0, 0 %, 50259 MiB, 88.52 W, 2370 MHz, 12481 MHz, 35
2026/09/26 15:01:28.892, 1, 7 %, 50099 MiB, 99.25 W, 2370 MHz, 12481 MHz, 35
2026/09/26 15:01:29.142, 0, 0 %, 50259 MiB, 88.50 W, 2370 MHz, 12481 MHz, 35
2026/09/26 15:01:29.142, 1, 0 %, 50099 MiB, 99.25 W, 2362 MHz, 12481 MHz, 35
2026/09/26 15:01:29.392, 0, 0 %, 50259 MiB, 88.52 W, 2370 MHz, 12481 MHz, 35
2026/09/26 15:01:29.392, 1, 0 %, 50131 MiB, 99.27 W, 2362 MHz, 12481 MHz, 35
2026/09/26 15:01:29.642, 0, 0 %, 50259 MiB, 88.53 W, 2370 MHz, 12481 MHz, 35
2026/09/26 15:01:29.642, 1, 1 %, 50131 MiB, 98.21 W, 2362 MHz, 12481 MHz, 35
2026/09/26 15:01:29.892, 0, 0 %, 50259 MiB, 88.52 W, 2370 MHz, 12481 MHz, 35
2026/09/26 15:01:29.892, 1, 0 %, 50131 MiB, 94.59 W, 2362 MHz, 12481 MHz, 35
2026/09/26 15:01:30.142, 0, 0 %, 50259 MiB, 88.59 W, 2370 MHz, 12481 MHz, 35
2026/09/26 15:01:30.142, 1, 0 %, 50163 MiB, 95.76 W, 2362 MHz, 12481 MHz, 35
2026/09/26 15:01:30.392, 0, 0 %, 50259 MiB, 88.58 W, 2370 MHz, 12481 MHz, 35
2026/09/26 15:01:30.392, 1, 0 %, 50163 MiB, 95.73 W, 2362 MHz, 12481 MHz, 35
2026/09/26 15:01:30.643, 0, 0 %, 50259 MiB, 88.57 W, 2370 MHz, 12481 MHz, 35
2026/09/26 15:01:30.643, 1, 0 %, 50195 MiB, 95.71 W, 2362 MHz, 12481 MHz, 35
2026/09/26 15:01:30.893, 0, 0 %, 50259 MiB, 88.58 W, 2370 MHz, 12481 MHz, 35
2026/09/26 15:01:30.893, 1, 1 %, 50227 MiB, 95.98 W, 2362 MHz, 12481 MHz, 35
2026/09/26 15:01:31.143, 0, 12 %, 51987 MiB, 89.33 W, 2370 MHz, 12481 MHz, 36
2026/09/26 15:01:31.143, 1, 0 %, 50227 MiB, 94.95 W, 2362 MHz, 12481 MHz, 35
2026/09/26 15:01:31.393, 0, 0 %, 51987 MiB, 89.62 W, 2370 MHz, 12481 MHz, 35
2026/09/26 15:01:31.393, 1, 0 %, 50227 MiB, 94.85 W, 2362 MHz, 12481 MHz, 35
2026/09/26 15:01:31.643, 0, 0 %, 51987 MiB, 89.64 W, 2370 MHz, 12481 MHz, 35
2026/09/26 15:01:31.643, 1, 0 %, 50227 MiB, 94.84 W, 2362 MHz, 12481 MHz, 35
2026/09/26 15:01:31.893, 0, 0 %, 52019 MiB, 89.64 W, 2370 MHz, 12481 MHz, 35
2026/09/26 15:01:31.893, 1, 0 %, 50227 MiB, 94.62 W, 2362 MHz, 12481 MHz, 35
2026/09/26 15:01:32.143, 0, 0 %, 52019 MiB, 88.95 W, 2370 MHz, 12481 MHz, 35
2026/09/26 15:01:32.143, 1, 0 %, 50227 MiB, 94.51 W, 2362 MHz, 12481 MHz, 35
2026/09/26 15:01:32.393, 0, 0 %, 52019 MiB, 88.61 W, 2370 MHz, 12481 MHz, 35
2026/09/26 15:01:32.393, 1, 0 %, 50227 MiB, 94.54 W, 2362 MHz, 12481 MHz, 35
2026/09/26 15:01:32.643, 0, 1 %, 52051 MiB, 88.56 W, 2370 MHz, 12481 MHz, 35
2026/09/26 15:01:32.644, 1, 0 %, 50227 MiB, 94.57 W, 2362 MHz, 12481 MHz, 35
2026/09/26 15:01:32.894, 0, 0 %, 52051 MiB, 88.54 W, 2370 MHz, 12481 MHz, 35
2026/09/26 15:01:32.894, 1, 0 %, 50227 MiB, 94.52 W, 2362 MHz, 12481 MHz, 35
2026/09/26 15:01:33.144, 0, 1 %, 52083 MiB, 88.54 W, 2370 MHz, 12481 MHz, 35
2026/09/26 15:01:33.144, 1, 0 %, 50227 MiB, 94.50 W, 2362 MHz, 12481 MHz, 35
2026/09/26 15:01:33.394, 0, 0 %, 52115 MiB, 88.45 W, 2370 MHz, 12481 MHz, 35
2026/09/26 15:01:33.394, 1, 0 %, 50227 MiB, 94.51 W, 2362 MHz, 12481 MHz, 35
2026/09/26 15:01:33.644, 0, 0 %, 52115 MiB, 88.52 W, 2370 MHz, 12481 MHz, 35
2026/09/26 15:01:33.644, 1, 0 %, 51955 MiB, 95.07 W, 2362 MHz, 12481 MHz, 35
2026/09/26 15:01:33.894, 0, 0 %, 52115 MiB, 88.56 W, 2370 MHz, 12481 MHz, 35
2026/09/26 15:01:33.894, 1, 14 %, 51955 MiB, 95.72 W, 2362 MHz, 12481 MHz, 35
2026/09/26 15:01:34.144, 0, 0 %, 52115 MiB, 88.53 W, 2370 MHz, 12481 MHz, 35
2026/09/26 15:01:34.144, 1, 0 %, 51955 MiB, 95.75 W, 2362 MHz, 12481 MHz, 35
2026/09/26 15:01:34.394, 0, 0 %, 52115 MiB, 88.53 W, 2370 MHz, 12481 MHz, 35
2026/09/26 15:01:34.395, 1, 1 %, 51987 MiB, 95.76 W, 2362 MHz, 12481 MHz, 35
2026/09/26 15:01:34.646, 0, 0 %, 52115 MiB, 88.52 W, 2370 MHz, 12481 MHz, 35
2026/09/26 15:01:34.646, 1, 0 %, 51987 MiB, 95.31 W, 2362 MHz, 12481 MHz, 35
2026/09/26 15:01:34.896, 0, 0 %, 52115 MiB, 88.55 W, 2370 MHz, 12481 MHz, 35
2026/09/26 15:01:34.896, 1, 0 %, 52019 MiB, 94.54 W, 2362 MHz, 12481 MHz, 35
2026/09/26 15:01:35.146, 0, 0 %, 52115 MiB, 88.52 W, 2370 MHz, 12481 MHz, 35
2026/09/26 15:01:35.146, 1, 1 %, 52019 MiB, 96.82 W, 2370 MHz, 12481 MHz, 35
2026/09/26 15:01:35.397, 0, 0 %, 52115 MiB, 88.51 W, 2370 MHz, 12481 MHz, 35
2026/09/26 15:01:35.397, 1, 0 %, 52019 MiB, 96.86 W, 2362 MHz, 12481 MHz, 35
2026/09/26 15:01:35.647, 0, 0 %, 52115 MiB, 88.52 W, 2370 MHz, 12481 MHz, 35
2026/09/26 15:01:35.647, 1, 1 %, 52083 MiB, 96.89 W, 2362 MHz, 12481 MHz, 35
2026/09/26 15:01:35.897, 0, 0 %, 53843 MiB, 89.04 W, 2370 MHz, 12481 MHz, 35
2026/09/26 15:01:35.897, 1, 0 %, 52083 MiB, 113.33 W, 2370 MHz, 12481 MHz, 37
2026/09/26 15:01:36.147, 0, 19 %, 53875 MiB, 89.85 W, 2370 MHz, 12481 MHz, 35
2026/09/26 15:01:36.147, 1, 0 %, 52083 MiB, 112.11 W, 2377 MHz, 12481 MHz, 36
2026/09/26 15:01:36.397, 0, 0 %, 53875 MiB, 89.87 W, 2370 MHz, 12481 MHz, 35
2026/09/26 15:01:36.397, 1, 0 %, 52083 MiB, 111.79 W, 2362 MHz, 12481 MHz, 35
2026/09/26 15:01:36.647, 0, 0 %, 53875 MiB, 89.87 W, 2370 MHz, 12481 MHz, 35
2026/09/26 15:01:36.647, 1, 0 %, 52083 MiB, 112.07 W, 2362 MHz, 12481 MHz, 35
2026/09/26 15:01:36.897, 0, 1 %, 53939 MiB, 89.46 W, 2370 MHz, 12481 MHz, 35
2026/09/26 15:01:36.897, 1, 0 %, 52083 MiB, 95.32 W, 2362 MHz, 12481 MHz, 35
2026/09/26 15:01:37.148, 0, 0 %, 53939 MiB, 88.53 W, 2370 MHz, 12481 MHz, 35
2026/09/26 15:01:37.148, 1, 0 %, 52083 MiB, 94.59 W, 2362 MHz, 12481 MHz, 35
2026/09/26 15:01:37.398, 0, 0 %, 53939 MiB, 88.50 W, 2370 MHz, 12481 MHz, 35
2026/09/26 15:01:37.398, 1, 0 %, 52083 MiB, 94.53 W, 2362 MHz, 12481 MHz, 35
2026/09/26 15:01:37.648, 0, 1 %, 53971 MiB, 88.55 W, 2370 MHz, 12481 MHz, 35
2026/09/26 15:01:37.648, 1, 0 %, 52083 MiB, 94.56 W, 2362 MHz, 12481 MHz, 35
2026/09/26 15:01:37.898, 0, 0 %, 53971 MiB, 88.56 W, 2370 MHz, 12481 MHz, 35
2026/09/26 15:01:37.898, 1, 0 %, 52083 MiB, 94.51 W, 2362 MHz, 12481 MHz, 35
2026/09/26 15:01:38.148, 0, 1 %, 54003 MiB, 88.57 W, 2370 MHz, 12481 MHz, 35
2026/09/26 15:01:38.148, 1, 0 %, 52083 MiB, 94.53 W, 2362 MHz, 12481 MHz, 35
2026/09/26 15:01:38.398, 0, 0 %, 54003 MiB, 88.57 W, 2370 MHz, 12481 MHz, 35
2026/09/26 15:01:38.398, 1, 0 %, 52083 MiB, 94.49 W, 2362 MHz, 12481 MHz, 35
2026/09/26 15:01:38.649, 0, 0 %, 54003 MiB, 88.63 W, 2370 MHz, 12481 MHz, 35
2026/09/26 15:01:38.649, 1, 0 %, 53843 MiB, 95.27 W, 2362 MHz, 12481 MHz, 35
2026/09/26 15:01:38.899, 0, 0 %, 54003 MiB, 88.58 W, 2370 MHz, 12481 MHz, 35
2026/09/26 15:01:38.899, 1, 12 %, 53843 MiB, 96.11 W, 2362 MHz, 12481 MHz, 35
2026/09/26 15:01:39.149, 0, 0 %, 54003 MiB, 88.60 W, 2370 MHz, 12481 MHz, 35
2026/09/26 15:01:39.149, 1, 0 %, 53843 MiB, 96.13 W, 2362 MHz, 12481 MHz, 35
2026/09/26 15:01:39.399, 0, 0 %, 54003 MiB, 88.60 W, 2370 MHz, 12481 MHz, 35
2026/09/26 15:01:39.399, 1, 0 %, 53843 MiB, 96.21 W, 2362 MHz, 12481 MHz, 35
2026/09/26 15:01:39.649, 0, 0 %, 54003 MiB, 88.53 W, 2370 MHz, 12481 MHz, 35
2026/09/26 15:01:39.649, 1, 1 %, 53907 MiB, 96.09 W, 2362 MHz, 12481 MHz, 35
2026/09/26 15:01:39.899, 0, 0 %, 54003 MiB, 88.52 W, 2370 MHz, 12481 MHz, 35
2026/09/26 15:01:39.899, 1, 0 %, 53907 MiB, 95.28 W, 2362 MHz, 12481 MHz, 35
2026/09/26 15:01:40.149, 0, 0 %, 54003 MiB, 88.52 W, 2370 MHz, 12481 MHz, 35
2026/09/26 15:01:40.150, 1, 0 %, 53939 MiB, 95.31 W, 2362 MHz, 12481 MHz, 35
2026/09/26 15:01:40.400, 0, 0 %, 54003 MiB, 88.53 W, 2370 MHz, 12481 MHz, 35
2026/09/26 15:01:40.400, 1, 0 %, 53939 MiB, 95.28 W, 2362 MHz, 12481 MHz, 35
2026/09/26 15:01:40.650, 0, 0 %, 54003 MiB, 88.53 W, 2370 MHz, 12481 MHz, 35
2026/09/26 15:01:40.650, 1, 0 %, 53971 MiB, 94.59 W, 2362 MHz, 12481 MHz, 35
2026/09/26 15:01:40.900, 0, 0 %, 54003 MiB, 88.54 W, 2370 MHz, 12481 MHz, 35
2026/09/26 15:01:40.900, 1, 1 %, 53971 MiB, 94.69 W, 2362 MHz, 12481 MHz, 35
2026/09/26 15:01:41.150, 0, 6 %, 55731 MiB, 89.17 W, 2370 MHz, 12481 MHz, 36
2026/09/26 15:01:41.150, 1, 0 %, 53971 MiB, 103.42 W, 2370 MHz, 12481 MHz, 37
2026/09/26 15:01:41.400, 0, 6 %, 55763 MiB, 89.64 W, 2370 MHz, 12481 MHz, 35
2026/09/26 15:01:41.405, 1, 0 %, 53971 MiB, 103.37 W, 2370 MHz, 12481 MHz, 35
2026/09/26 15:01:41.655, 0, 0 %, 55763 MiB, 89.66 W, 2370 MHz, 12481 MHz, 35
2026/09/26 15:01:41.655, 1, 0 %, 53971 MiB, 103.42 W, 2362 MHz, 12481 MHz, 35
2026/09/26 15:01:41.905, 0, 1 %, 55795 MiB, 89.70 W, 2370 MHz, 12481 MHz, 35
2026/09/26 15:01:41.905, 1, 0 %, 53971 MiB, 103.34 W, 2362 MHz, 12481 MHz, 35
2026/09/26 15:01:42.155, 0, 0 %, 55795 MiB, 89.21 W, 2370 MHz, 12481 MHz, 35
2026/09/26 15:01:42.155, 1, 0 %, 53971 MiB, 94.77 W, 2362 MHz, 12481 MHz, 35
2026/09/26 15:01:42.405, 0, 0 %, 55795 MiB, 88.65 W, 2370 MHz, 12481 MHz, 35
2026/09/26 15:01:42.405, 1, 0 %, 53971 MiB, 94.58 W, 2362 MHz, 12481 MHz, 35
2026/09/26 15:01:42.655, 0, 1 %, 55827 MiB, 88.61 W, 2370 MHz, 12481 MHz, 35
2026/09/26 15:01:42.655, 1, 0 %, 53971 MiB, 94.56 W, 2362 MHz, 12481 MHz, 35
2026/09/26 15:01:42.905, 0, 0 %, 55827 MiB, 88.59 W, 2370 MHz, 12481 MHz, 35
2026/09/26 15:01:42.905, 1, 0 %, 53971 MiB, 94.52 W, 2362 MHz, 12481 MHz, 35
2026/09/26 15:01:43.155, 0, 1 %, 55859 MiB, 88.60 W, 2370 MHz, 12481 MHz, 35
2026/09/26 15:01:43.155, 1, 0 %, 53971 MiB, 94.55 W, 2362 MHz, 12481 MHz, 35
2026/09/26 15:01:43.406, 0, 0 %, 55891 MiB, 88.62 W, 2370 MHz, 12481 MHz, 35
2026/09/26 15:01:43.406, 1, 0 %, 54355 MiB, 94.60 W, 2362 MHz, 12481 MHz, 35
2026/09/26 15:01:43.656, 0, 0 %, 55891 MiB, 88.62 W, 2370 MHz, 12481 MHz, 35
2026/09/26 15:01:43.656, 1, 15 %, 55731 MiB, 95.76 W, 2362 MHz, 12481 MHz, 35
2026/09/26 15:01:43.906, 0, 0 %, 55891 MiB, 88.60 W, 2370 MHz, 12481 MHz, 35
2026/09/26 15:01:43.906, 1, 0 %, 55731 MiB, 95.81 W, 2362 MHz, 12481 MHz, 35
2026/09/26 15:01:44.156, 0, 0 %, 55891 MiB, 88.62 W, 2370 MHz, 12481 MHz, 35
2026/09/26 15:01:44.156, 1, 0 %, 55731 MiB, 95.81 W, 2362 MHz, 12481 MHz, 35
2026/09/26 15:01:44.406, 0, 0 %, 55891 MiB, 88.56 W, 2370 MHz, 12481 MHz, 35
2026/09/26 15:01:44.406, 1, 1 %, 55763 MiB, 95.80 W, 2362 MHz, 12481 MHz, 35
2026/09/26 15:01:44.656, 0, 0 %, 55891 MiB, 88.52 W, 2370 MHz, 12481 MHz, 35
2026/09/26 15:01:44.656, 1, 0 %, 55763 MiB, 94.58 W, 2362 MHz, 12481 MHz, 35
2026/09/26 15:01:44.907, 0, 0 %, 55891 MiB, 88.51 W, 2370 MHz, 12481 MHz, 35
2026/09/26 15:01:44.907, 1, 0 %, 55795 MiB, 94.52 W, 2362 MHz, 12481 MHz, 35
2026/09/26 15:01:45.157, 0, 0 %, 55891 MiB, 88.50 W, 2370 MHz, 12481 MHz, 35
2026/09/26 15:01:45.157, 1, 1 %, 55795 MiB, 94.53 W, 2362 MHz, 12481 MHz, 35
2026/09/26 15:01:45.407, 0, 0 %, 55891 MiB, 88.54 W, 2370 MHz, 12481 MHz, 35
2026/09/26 15:01:45.407, 1, 0 %, 55827 MiB, 94.51 W, 2362 MHz, 12481 MHz, 35
2026/09/26 15:01:45.657, 0, 0 %, 55891 MiB, 88.53 W, 2370 MHz, 12481 MHz, 35
2026/09/26 15:01:45.657, 1, 1 %, 55827 MiB, 96.65 W, 2362 MHz, 12481 MHz, 35
2026/09/26 15:01:45.907, 0, 11 %, 57619 MiB, 89.29 W, 2370 MHz, 12481 MHz, 35
2026/09/26 15:01:45.907, 1, 0 %, 55859 MiB, 96.76 W, 2362 MHz, 12481 MHz, 35
2026/09/26 15:01:46.157, 0, 0 %, 57651 MiB, 89.60 W, 2370 MHz, 12481 MHz, 35
2026/09/26 15:01:46.157, 1, 0 %, 55859 MiB, 96.76 W, 2362 MHz, 12481 MHz, 35
2026/09/26 15:01:46.407, 0, 0 %, 57651 MiB, 89.62 W, 2370 MHz, 12481 MHz, 35
2026/09/26 15:01:46.408, 1, 0 %, 55859 MiB, 96.73 W, 2362 MHz, 12481 MHz, 35
2026/09/26 15:01:46.658, 0, 0 %, 57651 MiB, 89.58 W, 2370 MHz, 12481 MHz, 35
2026/09/26 15:01:46.658, 1, 0 %, 55859 MiB, 94.58 W, 2362 MHz, 12481 MHz, 35
2026/09/26 15:01:46.908, 0, 1 %, 57683 MiB, 88.89 W, 2370 MHz, 12481 MHz, 35
2026/09/26 15:01:46.908, 1, 0 %, 55859 MiB, 94.50 W, 2362 MHz, 12481 MHz, 35
2026/09/26 15:01:47.158, 0, 0 %, 57683 MiB, 88.56 W, 2370 MHz, 12481 MHz, 35
2026/09/26 15:01:47.158, 1, 0 %, 55859 MiB, 94.48 W, 2362 MHz, 12481 MHz, 35
2026/09/26 15:01:47.408, 0, 0 %, 57715 MiB, 88.76 W, 2370 MHz, 12481 MHz, 35
2026/09/26 15:01:47.408, 1, 0 %, 55859 MiB, 94.66 W, 2362 MHz, 12481 MHz, 35
2026/09/26 15:01:47.659, 0, 1 %, 57715 MiB, 88.86 W, 2370 MHz, 12481 MHz, 35
2026/09/26 15:01:47.659, 1, 0 %, 55859 MiB, 94.76 W, 2362 MHz, 12481 MHz, 35
2026/09/26 15:01:47.909, 0, 0 %, 57715 MiB, 88.85 W, 2370 MHz, 12481 MHz, 35
2026/09/26 15:01:47.909, 1, 0 %, 55859 MiB, 94.71 W, 2362 MHz, 12481 MHz, 35
2026/09/26 15:01:48.159, 0, 0 %, 57747 MiB, 88.86 W, 2370 MHz, 12481 MHz, 35
2026/09/26 15:01:48.159, 1, 0 %, 55859 MiB, 94.70 W, 2362 MHz, 12481 MHz, 35
2026/09/26 15:01:48.409, 0, 0 %, 57779 MiB, 88.71 W, 2370 MHz, 12481 MHz, 35
2026/09/26 15:01:48.409, 1, 0 %, 57587 MiB, 94.52 W, 2362 MHz, 12481 MHz, 35
2026/09/26 15:01:48.659, 0, 0 %, 57779 MiB, 88.65 W, 2370 MHz, 12481 MHz, 35
2026/09/26 15:01:48.659, 1, 13 %, 57587 MiB, 97.26 W, 2362 MHz, 12481 MHz, 35
2026/09/26 15:01:48.910, 0, 0 %, 57779 MiB, 88.62 W, 2370 MHz, 12481 MHz, 35
2026/09/26 15:01:48.910, 1, 0 %, 57619 MiB, 101.67 W, 2370 MHz, 12481 MHz, 35
2026/09/26 15:01:49.160, 0, 0 %, 57779 MiB, 88.61 W, 2370 MHz, 12481 MHz, 35
2026/09/26 15:01:49.160, 1, 0 %, 57619 MiB, 101.55 W, 2370 MHz, 12481 MHz, 35
2026/09/26 15:01:49.410, 0, 0 %, 57779 MiB, 88.57 W, 2370 MHz, 12481 MHz, 35
2026/09/26 15:01:49.410, 1, 1 %, 57651 MiB, 101.79 W, 2370 MHz, 12481 MHz, 35
2026/09/26 15:01:49.660, 0, 0 %, 57779 MiB, 88.55 W, 2370 MHz, 12481 MHz, 35
2026/09/26 15:01:49.660, 1, 0 %, 57651 MiB, 98.90 W, 2362 MHz, 12481 MHz, 35
2026/09/26 15:01:49.910, 0, 0 %, 57779 MiB, 88.53 W, 2370 MHz, 12481 MHz, 35
2026/09/26 15:01:49.910, 1, 0 %, 57651 MiB, 94.57 W, 2362 MHz, 12481 MHz, 35
2026/09/26 15:01:50.160, 0, 0 %, 57779 MiB, 88.53 W, 2370 MHz, 12481 MHz, 35
2026/09/26 15:01:50.160, 1, 1 %, 57683 MiB, 94.58 W, 2362 MHz, 12481 MHz, 35
2026/09/26 15:01:50.410, 0, 0 %, 57779 MiB, 88.53 W, 2370 MHz, 12481 MHz, 35
2026/09/26 15:01:50.410, 1, 0 %, 57683 MiB, 94.55 W, 2362 MHz, 12481 MHz, 35
2026/09/26 15:01:50.660, 0, 0 %, 57779 MiB, 88.56 W, 2370 MHz, 12481 MHz, 35
2026/09/26 15:01:50.661, 1, 1 %, 57715 MiB, 98.78 W, 2362 MHz, 12481 MHz, 35
2026/09/26 15:01:50.911, 0, 0 %, 57779 MiB, 88.58 W, 2370 MHz, 12481 MHz, 35
2026/09/26 15:01:50.911, 1, 0 %, 57715 MiB, 108.45 W, 2377 MHz, 12481 MHz, 35
2026/09/26 15:01:51.161, 0, 24 %, 59507 MiB, 90.16 W, 2370 MHz, 12481 MHz, 36
2026/09/26 15:01:51.161, 1, 0 %, 57747 MiB, 111.59 W, 2370 MHz, 12481 MHz, 36
2026/09/26 15:01:51.411, 0, 0 %, 59507 MiB, 90.16 W, 2370 MHz, 12481 MHz, 35
2026/09/26 15:01:51.411, 1, 0 %, 57747 MiB, 112.01 W, 2362 MHz, 12481 MHz, 35
2026/09/26 15:01:51.661, 0, 0 %, 59507 MiB, 90.17 W, 2370 MHz, 12481 MHz, 35
2026/09/26 15:01:51.661, 1, 0 %, 57747 MiB, 108.73 W, 2370 MHz, 12481 MHz, 35
2026/09/26 15:01:51.911, 0, 0 %, 59539 MiB, 90.22 W, 2370 MHz, 12481 MHz, 35
2026/09/26 15:01:51.911, 1, 0 %, 57747 MiB, 99.40 W, 2362 MHz, 12481 MHz, 35
2026/09/26 15:01:52.161, 0, 0 %, 59539 MiB, 88.64 W, 2370 MHz, 12481 MHz, 35
2026/09/26 15:01:52.161, 1, 0 %, 57747 MiB, 94.76 W, 2362 MHz, 12481 MHz, 35
2026/09/26 15:01:52.411, 0, 0 %, 59571 MiB, 88.58 W, 2370 MHz, 12481 MHz, 35
2026/09/26 15:01:52.412, 1, 0 %, 57747 MiB, 94.68 W, 2362 MHz, 12481 MHz, 35
2026/09/26 15:01:52.662, 0, 0 %, 59571 MiB, 88.61 W, 2370 MHz, 12481 MHz, 35
2026/09/26 15:01:52.662, 1, 0 %, 57747 MiB, 94.68 W, 2362 MHz, 12481 MHz, 35
2026/09/26 15:01:52.912, 0, 0 %, 59603 MiB, 88.50 W, 2370 MHz, 12481 MHz, 35
2026/09/26 15:01:52.912, 1, 0 %, 57747 MiB, 94.65 W, 2362 MHz, 12481 MHz, 35
2026/09/26 15:01:53.162, 0, 0 %, 59635 MiB, 88.49 W, 2370 MHz, 12481 MHz, 35
2026/09/26 15:01:53.162, 1, 0 %, 57747 MiB, 94.61 W, 2362 MHz, 12481 MHz, 35
2026/09/26 15:01:53.412, 0, 0 %, 59635 MiB, 88.56 W, 2370 MHz, 12481 MHz, 35
2026/09/26 15:01:53.412, 1, 8 %, 59475 MiB, 95.12 W, 2362 MHz, 12481 MHz, 35
2026/09/26 15:01:53.662, 0, 0 %, 59635 MiB, 88.53 W, 2370 MHz, 12481 MHz, 35
2026/09/26 15:01:53.662, 1, 5 %, 59475 MiB, 95.85 W, 2362 MHz, 12481 MHz, 35
2026/09/26 15:01:53.912, 0, 0 %, 59635 MiB, 88.54 W, 2370 MHz, 12481 MHz, 35
2026/09/26 15:01:53.912, 1, 0 %, 59475 MiB, 95.84 W, 2362 MHz, 12481 MHz, 35
2026/09/26 15:01:54.162, 0, 0 %, 59635 MiB, 88.60 W, 2370 MHz, 12481 MHz, 35
2026/09/26 15:01:54.163, 1, 0 %, 59507 MiB, 95.85 W, 2362 MHz, 12481 MHz, 35
2026/09/26 15:01:54.413, 0, 0 %, 59635 MiB, 88.53 W, 2370 MHz, 12481 MHz, 35
2026/09/26 15:01:54.413, 1, 0 %, 59507 MiB, 95.52 W, 2362 MHz, 12481 MHz, 35
2026/09/26 15:01:54.663, 0, 0 %, 59635 MiB, 88.65 W, 2370 MHz, 12481 MHz, 35
2026/09/26 15:01:54.663, 1, 0 %, 59507 MiB, 94.71 W, 2362 MHz, 12481 MHz, 35
2026/09/26 15:01:54.913, 0, 0 %, 59635 MiB, 88.66 W, 2370 MHz, 12481 MHz, 35
2026/09/26 15:01:54.913, 1, 1 %, 59539 MiB, 94.71 W, 2362 MHz, 12481 MHz, 35
2026/09/26 15:01:55.163, 0, 0 %, 59635 MiB, 88.64 W, 2370 MHz, 12481 MHz, 35
2026/09/26 15:01:55.163, 1, 0 %, 59539 MiB, 94.75 W, 2362 MHz, 12481 MHz, 35
2026/09/26 15:01:55.413, 0, 0 %, 59635 MiB, 88.63 W, 2370 MHz, 12481 MHz, 35
2026/09/26 15:01:55.413, 1, 1 %, 59571 MiB, 97.10 W, 2362 MHz, 12481 MHz, 35
2026/09/26 15:01:55.663, 0, 0 %, 59635 MiB, 88.51 W, 2370 MHz, 12481 MHz, 35
2026/09/26 15:01:55.663, 1, 0 %, 59603 MiB, 97.06 W, 2370 MHz, 12481 MHz, 35
2026/09/26 15:01:55.914, 0, 24 %, 61395 MiB, 89.51 W, 2370 MHz, 12481 MHz, 35
2026/09/26 15:01:55.914, 1, 0 %, 59603 MiB, 99.09 W, 2370 MHz, 12481 MHz, 35
2026/09/26 15:01:56.164, 0, 0 %, 61395 MiB, 89.50 W, 2370 MHz, 12481 MHz, 35
2026/09/26 15:01:56.164, 1, 0 %, 59603 MiB, 99.13 W, 2362 MHz, 12481 MHz, 35
2026/09/26 15:01:56.414, 0, 0 %, 61395 MiB, 89.51 W, 2370 MHz, 12481 MHz, 35
2026/09/26 15:01:56.414, 1, 0 %, 59603 MiB, 96.91 W, 2362 MHz, 12481 MHz, 35
2026/09/26 15:01:56.664, 0, 0 %, 61395 MiB, 89.50 W, 2370 MHz, 12481 MHz, 35
2026/09/26 15:01:56.664, 1, 0 %, 59603 MiB, 96.61 W, 2370 MHz, 12481 MHz, 35
2026/09/26 15:01:56.914, 0, 0 %, 61427 MiB, 88.63 W, 2370 MHz, 12481 MHz, 35
2026/09/26 15:01:56.914, 1, 0 %, 59603 MiB, 94.57 W, 2362 MHz, 12481 MHz, 35
2026/09/26 15:01:57.164, 0, 0 %, 61427 MiB, 88.58 W, 2370 MHz, 12481 MHz, 35
2026/09/26 15:01:57.164, 1, 0 %, 59603 MiB, 94.61 W, 2362 MHz, 12481 MHz, 35
2026/09/26 15:01:57.414, 0, 0 %, 61459 MiB, 88.58 W, 2370 MHz, 12481 MHz, 35
2026/09/26 15:01:57.415, 1, 0 %, 59603 MiB, 94.60 W, 2362 MHz, 12481 MHz, 35
2026/09/26 15:01:57.665, 0, 0 %, 61459 MiB, 88.59 W, 2370 MHz, 12481 MHz, 35
2026/09/26 15:01:57.665, 1, 0 %, 59603 MiB, 94.57 W, 2362 MHz, 12481 MHz, 35
2026/09/26 15:01:57.915, 0, 0 %, 61491 MiB, 88.60 W, 2370 MHz, 12481 MHz, 35
2026/09/26 15:01:57.915, 1, 0 %, 59603 MiB, 94.54 W, 2362 MHz, 12481 MHz, 35
2026/09/26 15:01:58.165, 0, 0 %, 61523 MiB, 88.59 W, 2370 MHz, 12481 MHz, 35
2026/09/26 15:01:58.165, 1, 0 %, 59603 MiB, 94.53 W, 2362 MHz, 12481 MHz, 35
2026/09/26 15:01:58.415, 0, 0 %, 61523 MiB, 88.63 W, 2370 MHz, 12481 MHz, 35
2026/09/26 15:01:58.415, 1, 11 %, 61331 MiB, 94.93 W, 2362 MHz, 12481 MHz, 35
2026/09/26 15:01:58.665, 0, 0 %, 61523 MiB, 88.65 W, 2370 MHz, 12481 MHz, 35
2026/09/26 15:01:58.665, 1, 1 %, 61363 MiB, 97.82 W, 2362 MHz, 12481 MHz, 35
2026/09/26 15:01:58.915, 0, 0 %, 61523 MiB, 88.64 W, 2370 MHz, 12481 MHz, 35
2026/09/26 15:01:58.915, 1, 0 %, 61363 MiB, 97.88 W, 2370 MHz, 12481 MHz, 35
2026/09/26 15:01:59.165, 0, 0 %, 61523 MiB, 88.64 W, 2370 MHz, 12481 MHz, 35
2026/09/26 15:01:59.165, 1, 0 %, 61363 MiB, 97.88 W, 2362 MHz, 12481 MHz, 35
2026/09/26 15:01:59.416, 0, 0 %, 61523 MiB, 88.65 W, 2370 MHz, 12481 MHz, 35
2026/09/26 15:01:59.416, 1, 0 %, 61395 MiB, 97.67 W, 2362 MHz, 12481 MHz, 35
2026/09/26 15:01:59.666, 0, 0 %, 61523 MiB, 88.68 W, 2370 MHz, 12481 MHz, 35
2026/09/26 15:01:59.666, 1, 0 %, 61395 MiB, 94.71 W, 2362 MHz, 12481 MHz, 35
2026/09/26 15:01:59.916, 0, 0 %, 61523 MiB, 88.67 W, 2370 MHz, 12481 MHz, 35
2026/09/26 15:01:59.916, 1, 0 %, 61427 MiB, 94.60 W, 2362 MHz, 12481 MHz, 35
2026/09/26 15:02:00.166, 0, 0 %, 61523 MiB, 88.61 W, 2370 MHz, 12481 MHz, 35
2026/09/26 15:02:00.166, 1, 0 %, 61427 MiB, 94.61 W, 2362 MHz, 12481 MHz, 35
2026/09/26 15:02:00.416, 0, 0 %, 61523 MiB, 88.59 W, 2370 MHz, 12481 MHz, 35
2026/09/26 15:02:00.416, 1, 0 %, 61427 MiB, 94.56 W, 2362 MHz, 12481 MHz, 35
2026/09/26 15:02:00.666, 0, 0 %, 61523 MiB, 88.59 W, 2370 MHz, 12481 MHz, 35
2026/09/26 15:02:00.666, 1, 0 %, 61491 MiB, 94.56 W, 2362 MHz, 12481 MHz, 35
2026/09/26 15:02:00.916, 0, 0 %, 63251 MiB, 89.02 W, 2370 MHz, 12481 MHz, 35
2026/09/26 15:02:00.916, 1, 0 %, 61491 MiB, 99.61 W, 2370 MHz, 12481 MHz, 35
2026/09/26 15:02:01.166, 0, 17 %, 63283 MiB, 89.79 W, 2370 MHz, 12481 MHz, 35
2026/09/26 15:02:01.167, 1, 0 %, 61491 MiB, 99.66 W, 2370 MHz, 12481 MHz, 35
2026/09/26 15:02:01.417, 0, 0 %, 63283 MiB, 89.75 W, 2370 MHz, 12481 MHz, 35
2026/09/26 15:02:01.417, 1, 0 %, 61491 MiB, 99.52 W, 2362 MHz, 12481 MHz, 35
2026/09/26 15:02:01.667, 0, 0 %, 63315 MiB, 89.78 W, 2370 MHz, 12481 MHz, 35
2026/09/26 15:02:01.667, 1, 0 %, 61491 MiB, 99.51 W, 2370 MHz, 12481 MHz, 35
2026/09/26 15:02:01.917, 0, 0 %, 63315 MiB, 89.49 W, 2370 MHz, 12481 MHz, 35
2026/09/26 15:02:01.917, 1, 0 %, 61491 MiB, 94.61 W, 2362 MHz, 12481 MHz, 35
2026/09/26 15:02:02.167, 0, 0 %, 63315 MiB, 88.59 W, 2370 MHz, 12481 MHz, 35
2026/09/26 15:02:02.167, 1, 0 %, 61491 MiB, 94.55 W, 2362 MHz, 12481 MHz, 35
2026/09/26 15:02:02.417, 0, 0 %, 63347 MiB, 88.69 W, 2370 MHz, 12481 MHz, 35
2026/09/26 15:02:02.417, 1, 0 %, 61491 MiB, 94.56 W, 2362 MHz, 12481 MHz, 35
2026/09/26 15:02:02.667, 0, 0 %, 63347 MiB, 88.68 W, 2370 MHz, 12481 MHz, 35
2026/09/26 15:02:02.667, 1, 0 %, 61491 MiB, 94.61 W, 2362 MHz, 12481 MHz, 35
2026/09/26 15:02:02.917, 0, 1 %, 63379 MiB, 88.71 W, 2370 MHz, 12481 MHz, 35
2026/09/26 15:02:02.917, 1, 0 %, 61491 MiB, 94.64 W, 2362 MHz, 12481 MHz, 35
2026/09/26 15:02:03.167, 0, 0 %, 63379 MiB, 88.68 W, 2370 MHz, 12481 MHz, 35
2026/09/26 15:02:03.167, 1, 0 %, 61491 MiB, 94.59 W, 2362 MHz, 12481 MHz, 35
2026/09/26 15:02:03.418, 0, 0 %, 63411 MiB, 88.62 W, 2370 MHz, 12481 MHz, 35
2026/09/26 15:02:03.418, 1, 25 %, 63251 MiB, 95.43 W, 2362 MHz, 12481 MHz, 35
2026/09/26 15:02:03.668, 0, 0 %, 63411 MiB, 88.62 W, 2370 MHz, 12481 MHz, 35
2026/09/26 15:02:03.668, 1, 0 %, 63251 MiB, 100.40 W, 2362 MHz, 12481 MHz, 36
2026/09/26 15:02:03.918, 0, 0 %, 63411 MiB, 88.61 W, 2370 MHz, 12481 MHz, 35
2026/09/26 15:02:03.918, 1, 0 %, 63251 MiB, 100.36 W, 2370 MHz, 12481 MHz, 35
2026/09/26 15:02:04.168, 0, 0 %, 63411 MiB, 88.64 W, 2370 MHz, 12481 MHz, 35
2026/09/26 15:02:04.168, 1, 0 %, 63283 MiB, 101.04 W, 2362 MHz, 12481 MHz, 35
2026/09/26 15:02:04.418, 0, 0 %, 63411 MiB, 88.61 W, 2370 MHz, 12481 MHz, 35
2026/09/26 15:02:04.418, 1, 0 %, 63283 MiB, 101.77 W, 2370 MHz, 12481 MHz, 35
2026/09/26 15:02:04.668, 0, 0 %, 63411 MiB, 88.65 W, 2370 MHz, 12481 MHz, 35
2026/09/26 15:02:04.668, 1, 0 %, 63315 MiB, 96.76 W, 2362 MHz, 12481 MHz, 35
2026/09/26 15:02:04.918, 0, 0 %, 63411 MiB, 88.62 W, 2370 MHz, 12481 MHz, 35
2026/09/26 15:02:04.918, 1, 0 %, 63315 MiB, 96.77 W, 2362 MHz, 12481 MHz, 35
2026/09/26 15:02:05.168, 0, 0 %, 63411 MiB, 88.65 W, 2370 MHz, 12481 MHz, 35
2026/09/26 15:02:05.168, 1, 0 %, 63315 MiB, 96.80 W, 2362 MHz, 12481 MHz, 35
2026/09/26 15:02:05.419, 0, 0 %, 63411 MiB, 88.67 W, 2370 MHz, 12481 MHz, 35
2026/09/26 15:02:05.419, 1, 0 %, 63347 MiB, 94.64 W, 2362 MHz, 12481 MHz, 35
2026/09/26 15:02:05.669, 0, 0 %, 65139 MiB, 88.67 W, 2370 MHz, 12481 MHz, 35
2026/09/26 15:02:05.669, 1, 0 %, 63379 MiB, 97.79 W, 2362 MHz, 12481 MHz, 35
2026/09/26 15:02:05.919, 0, 15 %, 65139 MiB, 89.69 W, 2370 MHz, 12481 MHz, 35
2026/09/26 15:02:05.919, 1, 0 %, 63379 MiB, 98.15 W, 2370 MHz, 12481 MHz, 35
2026/09/26 15:02:06.169, 0, 0 %, 65171 MiB, 89.69 W, 2370 MHz, 12481 MHz, 35
2026/09/26 15:02:06.169, 1, 0 %, 63379 MiB, 98.17 W, 2362 MHz, 12481 MHz, 35
2026/09/26 15:02:06.419, 0, 0 %, 65171 MiB, 89.65 W, 2370 MHz, 12481 MHz, 35
2026/09/26 15:02:06.419, 1, 0 %, 63379 MiB, 98.19 W, 2362 MHz, 12481 MHz, 35
2026/09/26 15:02:06.669, 0, 0 %, 65203 MiB, 89.61 W, 2370 MHz, 12481 MHz, 35
2026/09/26 15:02:06.669, 1, 0 %, 63379 MiB, 95.00 W, 2362 MHz, 12481 MHz, 35
2026/09/26 15:02:06.919, 0, 0 %, 65203 MiB, 88.58 W, 2370 MHz, 12481 MHz, 35
2026/09/26 15:02:06.919, 1, 0 %, 63379 MiB, 94.55 W, 2362 MHz, 12481 MHz, 35
2026/09/26 15:02:07.169, 0, 0 %, 65203 MiB, 88.56 W, 2370 MHz, 12481 MHz, 35
2026/09/26 15:02:07.169, 1, 0 %, 63379 MiB, 94.56 W, 2362 MHz, 12481 MHz, 35
2026/09/26 15:02:07.420, 0, 0 %, 65235 MiB, 88.62 W, 2370 MHz, 12481 MHz, 35
2026/09/26 15:02:07.420, 1, 0 %, 63379 MiB, 94.60 W, 2362 MHz, 12481 MHz, 35
2026/09/26 15:02:07.670, 0, 0 %, 65235 MiB, 88.61 W, 2370 MHz, 12481 MHz, 35
2026/09/26 15:02:07.670, 1, 0 %, 63379 MiB, 94.60 W, 2362 MHz, 12481 MHz, 35
2026/09/26 15:02:07.920, 0, 1 %, 65267 MiB, 88.64 W, 2370 MHz, 12481 MHz, 35
2026/09/26 15:02:07.920, 1, 0 %, 63379 MiB, 94.63 W, 2362 MHz, 12481 MHz, 35
2026/09/26 15:02:08.170, 0, 0 %, 65267 MiB, 88.60 W, 2370 MHz, 12481 MHz, 35
2026/09/26 15:02:08.170, 1, 0 %, 63379 MiB, 94.59 W, 2362 MHz, 12481 MHz, 35
2026/09/26 15:02:08.420, 0, 0 %, 65299 MiB, 88.63 W, 2370 MHz, 12481 MHz, 35
2026/09/26 15:02:08.420, 1, 25 %, 65107 MiB, 95.38 W, 2362 MHz, 12481 MHz, 35
2026/09/26 15:02:08.670, 0, 0 %, 65299 MiB, 88.66 W, 2370 MHz, 12481 MHz, 35
2026/09/26 15:02:08.670, 1, 0 %, 65139 MiB, 95.80 W, 2362 MHz, 12481 MHz, 35
2026/09/26 15:02:08.920, 0, 0 %, 65299 MiB, 88.64 W, 2370 MHz, 12481 MHz, 35
2026/09/26 15:02:08.920, 1, 0 %, 65139 MiB, 95.88 W, 2362 MHz, 12481 MHz, 35
2026/09/26 15:02:09.170, 0, 0 %, 65299 MiB, 88.64 W, 2370 MHz, 12481 MHz, 35
2026/09/26 15:02:09.170, 1, 0 %, 65139 MiB, 95.90 W, 2362 MHz, 12481 MHz, 35
2026/09/26 15:02:09.420, 0, 0 %, 65299 MiB, 88.57 W, 2370 MHz, 12481 MHz, 35
2026/09/26 15:02:09.421, 1, 0 %, 65171 MiB, 95.27 W, 2370 MHz, 12481 MHz, 35
2026/09/26 15:02:09.671, 0, 0 %, 65299 MiB, 88.54 W, 2370 MHz, 12481 MHz, 35
2026/09/26 15:02:09.671, 1, 0 %, 65171 MiB, 94.74 W, 2362 MHz, 12481 MHz, 35
2026/09/26 15:02:09.921, 0, 0 %, 65299 MiB, 88.59 W, 2370 MHz, 12481 MHz, 35
2026/09/26 15:02:09.921, 1, 0 %, 65203 MiB, 94.65 W, 2362 MHz, 12481 MHz, 35
2026/09/26 15:02:10.171, 0, 0 %, 65299 MiB, 88.61 W, 2370 MHz, 12481 MHz, 35
2026/09/26 15:02:10.171, 1, 0 %, 65203 MiB, 94.66 W, 2362 MHz, 12481 MHz, 35
2026/09/26 15:02:10.421, 0, 0 %, 65299 MiB, 88.60 W, 2370 MHz, 12481 MHz, 35
2026/09/26 15:02:10.421, 1, 0 %, 65235 MiB, 94.63 W, 2362 MHz, 12481 MHz, 35
2026/09/26 15:02:10.671, 0, 0 %, 65299 MiB, 88.60 W, 2370 MHz, 12481 MHz, 35
2026/09/26 15:02:10.671, 1, 0 %, 65235 MiB, 94.61 W, 2362 MHz, 12481 MHz, 35
2026/09/26 15:02:10.921, 0, 8 %, 67027 MiB, 89.57 W, 2370 MHz, 12481 MHz, 35
2026/09/26 15:02:10.921, 1, 0 %, 65267 MiB, 94.68 W, 2362 MHz, 12481 MHz, 35
2026/09/26 15:02:11.171, 0, 4 %, 67027 MiB, 90.02 W, 2370 MHz, 12481 MHz, 35
2026/09/26 15:02:11.171, 1, 0 %, 65267 MiB, 94.66 W, 2362 MHz, 12481 MHz, 35
2026/09/26 15:02:11.421, 0, 0 %, 67027 MiB, 90.01 W, 2370 MHz, 12481 MHz, 35
2026/09/26 15:02:11.422, 1, 0 %, 65267 MiB, 94.64 W, 2362 MHz, 12481 MHz, 35
2026/09/26 15:02:11.672, 0, 0 %, 67059 MiB, 90.05 W, 2370 MHz, 12481 MHz, 35
2026/09/26 15:02:11.672, 1, 0 %, 65267 MiB, 94.61 W, 2362 MHz, 12481 MHz, 35
2026/09/26 15:02:11.922, 0, 0 %, 67059 MiB, 89.04 W, 2370 MHz, 12481 MHz, 35
2026/09/26 15:02:11.922, 1, 0 %, 65267 MiB, 94.58 W, 2362 MHz, 12481 MHz, 35
2026/09/26 15:02:12.172, 0, 0 %, 67059 MiB, 88.62 W, 2370 MHz, 12481 MHz, 35
2026/09/26 15:02:12.172, 1, 0 %, 65267 MiB, 94.62 W, 2362 MHz, 12481 MHz, 35
2026/09/26 15:02:12.422, 0, 1 %, 67091 MiB, 88.64 W, 2370 MHz, 12481 MHz, 35
2026/09/26 15:02:12.422, 1, 0 %, 65267 MiB, 94.60 W, 2362 MHz, 12481 MHz, 35
2026/09/26 15:02:12.672, 0, 0 %, 67091 MiB, 88.74 W, 2370 MHz, 12481 MHz, 35
2026/09/26 15:02:12.672, 1, 0 %, 65267 MiB, 94.67 W, 2362 MHz, 12481 MHz, 35
2026/09/26 15:02:12.922, 0, 1 %, 67123 MiB, 88.71 W, 2370 MHz, 12481 MHz, 35
2026/09/26 15:02:12.923, 1, 0 %, 65267 MiB, 94.67 W, 2362 MHz, 12481 MHz, 35
2026/09/26 15:02:13.173, 0, 0 %, 67155 MiB, 88.71 W, 2370 MHz, 12481 MHz, 35
2026/09/26 15:02:13.173, 1, 0 %, 65267 MiB, 94.59 W, 2362 MHz, 12481 MHz, 35
2026/09/26 15:02:13.423, 0, 0 %, 67155 MiB, 88.75 W, 2370 MHz, 12481 MHz, 35
2026/09/26 15:02:13.423, 1, 25 %, 66995 MiB, 95.74 W, 2362 MHz, 12481 MHz, 35
2026/09/26 15:02:13.673, 0, 0 %, 67155 MiB, 88.67 W, 2370 MHz, 12481 MHz, 35
2026/09/26 15:02:13.673, 1, 0 %, 66995 MiB, 95.84 W, 2362 MHz, 12481 MHz, 35
2026/09/26 15:02:13.923, 0, 0 %, 67155 MiB, 88.67 W, 2370 MHz, 12481 MHz, 35
2026/09/26 15:02:13.938, 1, 0 %, 66995 MiB, 95.87 W, 2362 MHz, 12481 MHz, 35
2026/09/26 15:02:14.193, 0, 0 %, 67155 MiB, 88.71 W, 2370 MHz, 12481 MHz, 35
2026/09/26 15:02:14.193, 1, 0 %, 67027 MiB, 96.01 W, 2362 MHz, 12481 MHz, 35
2026/09/26 15:02:14.443, 0, 0 %, 67155 MiB, 88.61 W, 2370 MHz, 12481 MHz, 35
2026/09/26 15:02:14.443, 1, 0 %, 67027 MiB, 94.98 W, 2362 MHz, 12481 MHz, 35
2026/09/26 15:02:14.694, 0, 0 %, 67155 MiB, 88.64 W, 2370 MHz, 12481 MHz, 35
2026/09/26 15:02:14.694, 1, 0 %, 67059 MiB, 94.71 W, 2362 MHz, 12481 MHz, 35
2026/09/26 15:02:14.944, 0, 0 %, 67155 MiB, 88.63 W, 2370 MHz, 12481 MHz, 35
2026/09/26 15:02:14.944, 1, 0 %, 67059 MiB, 94.71 W, 2362 MHz, 12481 MHz, 35
2026/09/26 15:02:15.194, 0, 0 %, 67155 MiB, 88.57 W, 2370 MHz, 12481 MHz, 35
2026/09/26 15:02:15.194, 1, 0 %, 67059 MiB, 94.59 W, 2362 MHz, 12481 MHz, 35
2026/09/26 15:02:15.444, 0, 0 %, 67155 MiB, 88.57 W, 2370 MHz, 12481 MHz, 35
2026/09/26 15:02:15.444, 1, 0 %, 67123 MiB, 95.38 W, 2362 MHz, 12481 MHz, 36
2026/09/26 15:02:15.694, 0, 0 %, 68883 MiB, 88.55 W, 2370 MHz, 12481 MHz, 35
2026/09/26 15:02:15.694, 1, 0 %, 67123 MiB, 101.49 W, 2370 MHz, 12481 MHz, 35
2026/09/26 15:02:15.944, 0, 7 %, 68915 MiB, 89.80 W, 2370 MHz, 12481 MHz, 35
2026/09/26 15:02:15.944, 1, 0 %, 67123 MiB, 101.64 W, 2370 MHz, 12481 MHz, 35
2026/09/26 15:02:16.194, 0, 0 %, 68915 MiB, 89.79 W, 2370 MHz, 12481 MHz, 35
2026/09/26 15:02:16.194, 1, 0 %, 67123 MiB, 101.53 W, 2362 MHz, 12481 MHz, 35
2026/09/26 15:02:16.444, 0, 0 %, 68915 MiB, 89.85 W, 2370 MHz, 12481 MHz, 35
2026/09/26 15:02:16.445, 1, 0 %, 67123 MiB, 100.82 W, 2362 MHz, 12481 MHz, 35
2026/09/26 15:02:16.695, 0, 0 %, 68947 MiB, 89.88 W, 2370 MHz, 12481 MHz, 35
2026/09/26 15:02:16.695, 1, 0 %, 67123 MiB, 94.55 W, 2362 MHz, 12481 MHz, 35
2026/09/26 15:02:16.945, 0, 0 %, 68947 MiB, 88.76 W, 2370 MHz, 12481 MHz, 35
2026/09/26 15:02:16.945, 1, 0 %, 67123 MiB, 94.61 W, 2362 MHz, 12481 MHz, 35
2026/09/26 15:02:17.195, 0, 0 %, 68979 MiB, 88.74 W, 2370 MHz, 12481 MHz, 35
2026/09/26 15:02:17.195, 1, 0 %, 67123 MiB, 94.62 W, 2362 MHz, 12481 MHz, 35
2026/09/26 15:02:17.445, 0, 1 %, 68979 MiB, 88.76 W, 2370 MHz, 12481 MHz, 35
2026/09/26 15:02:17.445, 1, 0 %, 67123 MiB, 94.59 W, 2362 MHz, 12481 MHz, 35
2026/09/26 15:02:17.695, 0, 0 %, 68979 MiB, 88.79 W, 2370 MHz, 12481 MHz, 35
2026/09/26 15:02:17.695, 1, 0 %, 67123 MiB, 94.57 W, 2362 MHz, 12481 MHz, 35
2026/09/26 15:02:17.945, 0, 1 %, 69043 MiB, 88.68 W, 2370 MHz, 12481 MHz, 35
2026/09/26 15:02:17.945, 1, 0 %, 67123 MiB, 94.53 W, 2362 MHz, 12481 MHz, 35
2026/09/26 15:02:18.195, 0, 0 %, 69043 MiB, 88.69 W, 2370 MHz, 12481 MHz, 35
2026/09/26 15:02:18.195, 1, 0 %, 68851 MiB, 94.50 W, 2362 MHz, 12481 MHz, 35
2026/09/26 15:02:18.446, 0, 0 %, 69043 MiB, 88.73 W, 2370 MHz, 12481 MHz, 35
2026/09/26 15:02:18.446, 1, 18 %, 68883 MiB, 96.44 W, 2362 MHz, 12481 MHz, 36
2026/09/26 15:02:18.696, 0, 0 %, 69043 MiB, 88.70 W, 2370 MHz, 12481 MHz, 35
2026/09/26 15:02:18.696, 1, 0 %, 68883 MiB, 103.73 W, 2370 MHz, 12481 MHz, 35
2026/09/26 15:02:18.946, 0, 0 %, 69043 MiB, 88.69 W, 2370 MHz, 12481 MHz, 35
2026/09/26 15:02:18.946, 1, 0 %, 68883 MiB, 103.72 W, 2370 MHz, 12481 MHz, 35
2026/09/26 15:02:19.196, 0, 0 %, 69043 MiB, 88.69 W, 2370 MHz, 12481 MHz, 35
2026/09/26 15:02:19.196, 1, 1 %, 68915 MiB, 104.57 W, 2370 MHz, 12481 MHz, 36
2026/09/26 15:02:19.446, 0, 0 %, 69043 MiB, 88.65 W, 2370 MHz, 12481 MHz, 35
2026/09/26 15:02:19.446, 1, 0 %, 68915 MiB, 115.09 W, 2370 MHz, 12481 MHz, 37
2026/09/26 15:02:19.696, 0, 0 %, 69043 MiB, 88.64 W, 2370 MHz, 12481 MHz, 35
2026/09/26 15:02:19.696, 1, 0 %, 68915 MiB, 113.96 W, 2370 MHz, 12481 MHz, 35
2026/09/26 15:02:19.946, 0, 0 %, 69043 MiB, 88.65 W, 2370 MHz, 12481 MHz, 35
2026/09/26 15:02:19.946, 1, 1 %, 68947 MiB, 114.35 W, 2370 MHz, 12481 MHz, 35
2026/09/26 15:02:20.196, 0, 0 %, 69043 MiB, 88.67 W, 2370 MHz, 12481 MHz, 35
2026/09/26 15:02:20.197, 1, 0 %, 68947 MiB, 113.51 W, 2370 MHz, 12481 MHz, 35
2026/09/26 15:02:20.447, 0, 0 %, 69043 MiB, 88.67 W, 2370 MHz, 12481 MHz, 35
2026/09/26 15:02:20.447, 1, 1 %, 68979 MiB, 102.37 W, 2370 MHz, 12481 MHz, 35
2026/09/26 15:02:20.697, 0, 0 %, 69043 MiB, 88.68 W, 2370 MHz, 12481 MHz, 35
2026/09/26 15:02:20.697, 1, 0 %, 69011 MiB, 97.01 W, 2370 MHz, 12481 MHz, 36
2026/09/26 15:02:20.947, 0, 20 %, 70803 MiB, 89.69 W, 2370 MHz, 12481 MHz, 36
2026/09/26 15:02:20.947, 1, 0 %, 69011 MiB, 97.46 W, 2370 MHz, 12481 MHz, 35
2026/09/26 15:02:21.197, 0, 0 %, 70803 MiB, 89.81 W, 2370 MHz, 12481 MHz, 35
2026/09/26 15:02:21.197, 1, 0 %, 69011 MiB, 97.54 W, 2370 MHz, 12481 MHz, 35
2026/09/26 15:02:21.447, 0, 0 %, 70803 MiB, 89.77 W, 2370 MHz, 12481 MHz, 35
2026/09/26 15:02:21.447, 1, 0 %, 69011 MiB, 97.55 W, 2370 MHz, 12481 MHz, 35
2026/09/26 15:02:21.697, 0, 0 %, 70835 MiB, 89.78 W, 2370 MHz, 12481 MHz, 35
2026/09/26 15:02:21.697, 1, 0 %, 69011 MiB, 96.39 W, 2370 MHz, 12481 MHz, 35
2026/09/26 15:02:21.948, 0, 0 %, 70835 MiB, 88.93 W, 2370 MHz, 12481 MHz, 35
2026/09/26 15:02:21.948, 1, 0 %, 69011 MiB, 94.60 W, 2370 MHz, 12481 MHz, 35
2026/09/26 15:02:22.198, 0, 0 %, 70867 MiB, 88.73 W, 2370 MHz, 12481 MHz, 35
2026/09/26 15:02:22.198, 1, 0 %, 69011 MiB, 94.64 W, 2362 MHz, 12481 MHz, 35
2026/09/26 15:02:22.448, 0, 1 %, 70867 MiB, 88.74 W, 2370 MHz, 12481 MHz, 35
2026/09/26 15:02:22.448, 1, 0 %, 69011 MiB, 94.58 W, 2362 MHz, 12481 MHz, 35
2026/09/26 15:02:22.698, 0, 0 %, 70867 MiB, 88.72 W, 2370 MHz, 12481 MHz, 35
2026/09/26 15:02:22.698, 1, 0 %, 69011 MiB, 94.56 W, 2362 MHz, 12481 MHz, 35
2026/09/26 15:02:22.948, 0, 0 %, 70899 MiB, 88.69 W, 2370 MHz, 12481 MHz, 35
2026/09/26 15:02:22.948, 1, 0 %, 69011 MiB, 94.61 W, 2362 MHz, 12481 MHz, 35
2026/09/26 15:02:23.198, 0, 0 %, 70931 MiB, 88.70 W, 2370 MHz, 12481 MHz, 35
2026/09/26 15:02:23.198, 1, 0 %, 70739 MiB, 94.46 W, 2362 MHz, 12481 MHz, 35
2026/09/26 15:02:23.448, 0, 0 %, 70931 MiB, 88.72 W, 2370 MHz, 12481 MHz, 35
2026/09/26 15:02:23.448, 1, 15 %, 70771 MiB, 95.50 W, 2362 MHz, 12481 MHz, 35
2026/09/26 15:02:23.699, 0, 0 %, 70931 MiB, 88.74 W, 2370 MHz, 12481 MHz, 35
2026/09/26 15:02:23.699, 1, 0 %, 70771 MiB, 95.51 W, 2362 MHz, 12481 MHz, 35
2026/09/26 15:02:23.949, 0, 0 %, 70931 MiB, 88.72 W, 2370 MHz, 12481 MHz, 35
2026/09/26 15:02:23.949, 1, 0 %, 70771 MiB, 95.48 W, 2362 MHz, 12481 MHz, 35
2026/09/26 15:02:24.199, 0, 0 %, 70931 MiB, 88.66 W, 2370 MHz, 12481 MHz, 35
2026/09/26 15:02:24.199, 1, 0 %, 70803 MiB, 96.81 W, 2370 MHz, 12481 MHz, 35
2026/09/26 15:02:24.449, 0, 0 %, 70931 MiB, 88.63 W, 2370 MHz, 12481 MHz, 35
2026/09/26 15:02:24.449, 1, 0 %, 70803 MiB, 95.77 W, 2370 MHz, 12481 MHz, 35
2026/09/26 15:02:24.699, 0, 0 %, 70931 MiB, 88.59 W, 2370 MHz, 12481 MHz, 35
2026/09/26 15:02:24.699, 1, 0 %, 70835 MiB, 95.79 W, 2362 MHz, 12481 MHz, 35
2026/09/26 15:02:24.949, 0, 0 %, 70931 MiB, 88.59 W, 2370 MHz, 12481 MHz, 35
2026/09/26 15:02:24.949, 1, 0 %, 70835 MiB, 95.80 W, 2362 MHz, 12481 MHz, 35
2026/09/26 15:02:25.199, 0, 0 %, 70931 MiB, 88.62 W, 2370 MHz, 12481 MHz, 35
2026/09/26 15:02:25.199, 1, 0 %, 70867 MiB, 94.52 W, 2362 MHz, 12481 MHz, 35
2026/09/26 15:02:25.450, 0, 0 %, 70931 MiB, 88.61 W, 2370 MHz, 12481 MHz, 35
2026/09/26 15:02:25.450, 1, 0 %, 70867 MiB, 94.53 W, 2362 MHz, 12481 MHz, 35
2026/09/26 15:02:25.700, 0, 0 %, 72659 MiB, 88.63 W, 2370 MHz, 12481 MHz, 35
2026/09/26 15:02:25.700, 1, 0 %, 70899 MiB, 97.56 W, 2370 MHz, 12481 MHz, 36
2026/09/26 15:02:25.950, 0, 4 %, 72691 MiB, 89.64 W, 2370 MHz, 12481 MHz, 35
2026/09/26 15:02:25.950, 1, 0 %, 70899 MiB, 100.49 W, 2370 MHz, 12481 MHz, 35
2026/09/26 15:02:26.200, 0, 0 %, 72691 MiB, 89.63 W, 2370 MHz, 12481 MHz, 35
2026/09/26 15:02:26.200, 1, 0 %, 70899 MiB, 100.60 W, 2362 MHz, 12481 MHz, 35
2026/09/26 15:02:26.450, 0, 0 %, 72691 MiB, 89.61 W, 2370 MHz, 12481 MHz, 35
2026/09/26 15:02:26.450, 1, 0 %, 70899 MiB, 100.44 W, 2362 MHz, 12481 MHz, 35
2026/09/26 15:02:26.700, 0, 0 %, 72723 MiB, 89.65 W, 2370 MHz, 12481 MHz, 35
2026/09/26 15:02:26.700, 1, 0 %, 70899 MiB, 97.38 W, 2362 MHz, 12481 MHz, 35
2026/09/26 15:02:26.950, 0, 0 %, 72723 MiB, 88.63 W, 2370 MHz, 12481 MHz, 35
2026/09/26 15:02:26.951, 1, 0 %, 70899 MiB, 94.46 W, 2362 MHz, 12481 MHz, 35
2026/09/26 15:02:27.201, 0, 0 %, 72755 MiB, 88.61 W, 2370 MHz, 12481 MHz, 35
2026/09/26 15:02:27.201, 1, 0 %, 70899 MiB, 94.47 W, 2362 MHz, 12481 MHz, 35
2026/09/26 15:02:27.451, 0, 1 %, 72755 MiB, 88.64 W, 2370 MHz, 12481 MHz, 35
2026/09/26 15:02:27.451, 1, 0 %, 70899 MiB, 94.46 W, 2362 MHz, 12481 MHz, 35
2026/09/26 15:02:27.701, 0, 0 %, 72755 MiB, 88.63 W, 2370 MHz, 12481 MHz, 35
2026/09/26 15:02:27.701, 1, 0 %, 70899 MiB, 94.47 W, 2362 MHz, 12481 MHz, 35
2026/09/26 15:02:27.951, 0, 0 %, 72787 MiB, 88.64 W, 2370 MHz, 12481 MHz, 35
2026/09/26 15:02:27.951, 1, 0 %, 70899 MiB, 94.47 W, 2362 MHz, 12481 MHz, 35
2026/09/26 15:02:28.201, 0, 0 %, 72819 MiB, 88.65 W, 2370 MHz, 12481 MHz, 35
2026/09/26 15:02:28.201, 1, 0 %, 72627 MiB, 94.78 W, 2362 MHz, 12481 MHz, 35
2026/09/26 15:02:28.451, 0, 0 %, 72819 MiB, 88.65 W, 2370 MHz, 12481 MHz, 35
2026/09/26 15:02:28.451, 1, 12 %, 72627 MiB, 98.96 W, 2362 MHz, 12481 MHz, 36
2026/09/26 15:02:28.702, 0, 0 %, 72819 MiB, 88.63 W, 2370 MHz, 12481 MHz, 35
2026/09/26 15:02:28.702, 1, 0 %, 72659 MiB, 100.70 W, 2362 MHz, 12481 MHz, 35
2026/09/26 15:02:28.952, 0, 0 %, 72819 MiB, 88.57 W, 2370 MHz, 12481 MHz, 35
2026/09/26 15:02:28.952, 1, 0 %, 72659 MiB, 100.82 W, 2362 MHz, 12481 MHz, 35
2026/09/26 15:02:29.202, 0, 0 %, 72819 MiB, 88.53 W, 2370 MHz, 12481 MHz, 35
2026/09/26 15:02:29.202, 1, 1 %, 72691 MiB, 100.71 W, 2362 MHz, 12481 MHz, 35
2026/09/26 15:02:29.452, 0, 0 %, 72819 MiB, 88.47 W, 2370 MHz, 12481 MHz, 35
2026/09/26 15:02:29.452, 1, 0 %, 72691 MiB, 97.58 W, 2362 MHz, 12481 MHz, 35
2026/09/26 15:02:29.702, 0, 0 %, 72819 MiB, 88.50 W, 2370 MHz, 12481 MHz, 35
2026/09/26 15:02:29.702, 1, 0 %, 72691 MiB, 94.51 W, 2362 MHz, 12481 MHz, 35
2026/09/26 15:02:29.952, 0, 0 %, 72819 MiB, 88.51 W, 2370 MHz, 12481 MHz, 35
2026/09/26 15:02:29.952, 1, 1 %, 72723 MiB, 94.49 W, 2362 MHz, 12481 MHz, 35
2026/09/26 15:02:30.202, 0, 0 %, 72819 MiB, 88.55 W, 2370 MHz, 12481 MHz, 35
2026/09/26 15:02:30.202, 1, 0 %, 72723 MiB, 94.44 W, 2362 MHz, 12481 MHz, 35
2026/09/26 15:02:30.452, 0, 0 %, 72819 MiB, 88.57 W, 2370 MHz, 12481 MHz, 35
2026/09/26 15:02:30.453, 1, 1 %, 72755 MiB, 100.16 W, 2362 MHz, 12481 MHz, 37
2026/09/26 15:02:30.703, 0, 0 %, 72819 MiB, 88.51 W, 2370 MHz, 12481 MHz, 35
2026/09/26 15:02:30.703, 1, 0 %, 72755 MiB, 108.18 W, 2370 MHz, 12481 MHz, 35
2026/09/26 15:02:30.953, 0, 25 %, 74547 MiB, 89.49 W, 2370 MHz, 12481 MHz, 35
2026/09/26 15:02:30.953, 1, 0 %, 72787 MiB, 108.27 W, 2370 MHz, 12481 MHz, 35
2026/09/26 15:02:31.203, 0, 0 %, 74547 MiB, 89.48 W, 2370 MHz, 12481 MHz, 35
2026/09/26 15:02:31.203, 1, 0 %, 72787 MiB, 108.34 W, 2362 MHz, 12481 MHz, 35
2026/09/26 15:02:31.453, 0, 0 %, 74547 MiB, 89.50 W, 2370 MHz, 12481 MHz, 35
2026/09/26 15:02:31.453, 1, 0 %, 72787 MiB, 103.64 W, 2362 MHz, 12481 MHz, 35
2026/09/26 15:02:31.703, 0, 0 %, 74579 MiB, 89.50 W, 2370 MHz, 12481 MHz, 35
2026/09/26 15:02:31.703, 1, 0 %, 72787 MiB, 94.57 W, 2362 MHz, 12481 MHz, 35
2026/09/26 15:02:31.953, 0, 0 %, 74579 MiB, 88.50 W, 2370 MHz, 12481 MHz, 35
2026/09/26 15:02:31.953, 1, 0 %, 72787 MiB, 94.51 W, 2362 MHz, 12481 MHz, 35
2026/09/26 15:02:32.204, 0, 0 %, 74611 MiB, 88.55 W, 2370 MHz, 12481 MHz, 35
2026/09/26 15:02:32.204, 1, 0 %, 72787 MiB, 94.50 W, 2362 MHz, 12481 MHz, 35
2026/09/26 15:02:32.454, 0, 0 %, 74611 MiB, 88.63 W, 2370 MHz, 12481 MHz, 35
2026/09/26 15:02:32.454, 1, 0 %, 72787 MiB, 94.46 W, 2362 MHz, 12481 MHz, 35
2026/09/26 15:02:32.704, 0, 0 %, 74643 MiB, 88.64 W, 2370 MHz, 12481 MHz, 35
2026/09/26 15:02:32.704, 1, 0 %, 72787 MiB, 94.46 W, 2362 MHz, 12481 MHz, 35
2026/09/26 15:02:32.954, 0, 0 %, 74675 MiB, 88.68 W, 2370 MHz, 12481 MHz, 35
2026/09/26 15:02:32.954, 1, 0 %, 72787 MiB, 94.43 W, 2362 MHz, 12481 MHz, 35
2026/09/26 15:02:33.204, 0, 0 %, 74675 MiB, 88.65 W, 2370 MHz, 12481 MHz, 35
2026/09/26 15:02:33.204, 1, 16 %, 74515 MiB, 95.06 W, 2362 MHz, 12481 MHz, 35
2026/09/26 15:02:33.454, 0, 0 %, 74675 MiB, 88.60 W, 2370 MHz, 12481 MHz, 35
2026/09/26 15:02:33.455, 1, 0 %, 74515 MiB, 101.43 W, 2362 MHz, 12481 MHz, 36
2026/09/26 15:02:33.705, 0, 0 %, 74675 MiB, 88.57 W, 2370 MHz, 12481 MHz, 35
2026/09/26 15:02:33.705, 1, 0 %, 74515 MiB, 101.47 W, 2362 MHz, 12481 MHz, 35
2026/09/26 15:02:33.955, 0, 0 %, 74675 MiB, 88.58 W, 2370 MHz, 12481 MHz, 35
2026/09/26 15:02:33.955, 1, 0 %, 74547 MiB, 101.50 W, 2362 MHz, 12481 MHz, 35
2026/09/26 15:02:34.205, 0, 0 %, 74675 MiB, 88.58 W, 2370 MHz, 12481 MHz, 35
2026/09/26 15:02:34.205, 1, 0 %, 74547 MiB, 101.03 W, 2362 MHz, 12481 MHz, 35
2026/09/26 15:02:34.455, 0, 0 %, 74675 MiB, 88.56 W, 2370 MHz, 12481 MHz, 35
2026/09/26 15:02:34.456, 1, 0 %, 74547 MiB, 94.78 W, 2362 MHz, 12481 MHz, 35
2026/09/26 15:02:34.707, 0, 0 %, 74675 MiB, 88.62 W, 2370 MHz, 12481 MHz, 35
2026/09/26 15:02:34.707, 1, 1 %, 74579 MiB, 94.66 W, 2362 MHz, 12481 MHz, 35
2026/09/26 15:02:34.957, 0, 0 %, 74675 MiB, 88.57 W, 2370 MHz, 12481 MHz, 35
2026/09/26 15:02:34.957, 1, 0 %, 74579 MiB, 94.63 W, 2362 MHz, 12481 MHz, 35
2026/09/26 15:02:35.207, 0, 0 %, 74675 MiB, 88.50 W, 2370 MHz, 12481 MHz, 35
2026/09/26 15:02:35.207, 1, 0 %, 74643 MiB, 94.58 W, 2362 MHz, 12481 MHz, 35
2026/09/26 15:02:35.457, 0, 0 %, 74675 MiB, 88.48 W, 2370 MHz, 12481 MHz, 35
2026/09/26 15:02:35.458, 1, 0 %, 74643 MiB, 94.70 W, 2362 MHz, 12481 MHz, 35
2026/09/26 15:02:35.713, 0, 0 %, 76435 MiB, 89.47 W, 2370 MHz, 12481 MHz, 35
2026/09/26 15:02:35.714, 1, 0 %, 74643 MiB, 94.83 W, 2362 MHz, 12481 MHz, 35
2026/09/26 15:02:35.964, 0, 0 %, 76435 MiB, 89.59 W, 2370 MHz, 12481 MHz, 35
2026/09/26 15:02:35.964, 1, 0 %, 74643 MiB, 94.79 W, 2362 MHz, 12481 MHz, 35
2026/09/26 15:02:36.214, 0, 0 %, 76435 MiB, 89.68 W, 2370 MHz, 12481 MHz, 35
2026/09/26 15:02:36.214, 1, 0 %, 74643 MiB, 94.79 W, 2362 MHz, 12481 MHz, 35
2026/09/26 15:02:36.464, 0, 0 %, 76467 MiB, 89.71 W, 2370 MHz, 12481 MHz, 35
2026/09/26 15:02:36.464, 1, 0 %, 74643 MiB, 94.71 W, 2362 MHz, 12481 MHz, 35
2026/09/26 15:02:36.715, 0, 1 %, 76467 MiB, 88.82 W, 2370 MHz, 12481 MHz, 35
2026/09/26 15:02:36.715, 1, 0 %, 74643 MiB, 94.49 W, 2362 MHz, 12481 MHz, 35
2026/09/26 15:02:36.965, 0, 0 %, 76467 MiB, 88.59 W, 2370 MHz, 12481 MHz, 35
2026/09/26 15:02:36.965, 1, 0 %, 74643 MiB, 94.49 W, 2362 MHz, 12481 MHz, 35
2026/09/26 15:02:37.215, 0, 1 %, 76499 MiB, 88.63 W, 2370 MHz, 12481 MHz, 35
2026/09/26 15:02:37.215, 1, 0 %, 74643 MiB, 94.54 W, 2362 MHz, 12481 MHz, 35
2026/09/26 15:02:37.465, 0, 0 %, 76499 MiB, 88.64 W, 2370 MHz, 12481 MHz, 35
2026/09/26 15:02:37.465, 1, 0 %, 74643 MiB, 94.56 W, 2362 MHz, 12481 MHz, 35
2026/09/26 15:02:37.716, 0, 0 %, 76531 MiB, 88.63 W, 2370 MHz, 12481 MHz, 35
2026/09/26 15:02:37.716, 1, 0 %, 74643 MiB, 94.56 W, 2362 MHz, 12481 MHz, 35
2026/09/26 15:02:37.966, 0, 0 %, 76563 MiB, 88.64 W, 2370 MHz, 12481 MHz, 35
2026/09/26 15:02:37.966, 1, 0 %, 74643 MiB, 94.58 W, 2362 MHz, 12481 MHz, 35
2026/09/26 15:02:38.216, 0, 0 %, 76563 MiB, 88.63 W, 2370 MHz, 12481 MHz, 35
2026/09/26 15:02:38.216, 1, 25 %, 76403 MiB, 95.78 W, 2362 MHz, 12481 MHz, 35
2026/09/26 15:02:38.466, 0, 0 %, 76563 MiB, 88.59 W, 2370 MHz, 12481 MHz, 35
2026/09/26 15:02:38.466, 1, 0 %, 76403 MiB, 96.30 W, 2362 MHz, 12481 MHz, 35
2026/09/26 15:02:38.717, 0, 0 %, 76563 MiB, 88.61 W, 2370 MHz, 12481 MHz, 35
2026/09/26 15:02:38.717, 1, 0 %, 76403 MiB, 96.86 W, 2362 MHz, 12481 MHz, 35
2026/09/26 15:02:38.967, 0, 0 %, 76563 MiB, 88.61 W, 2370 MHz, 12481 MHz, 35
2026/09/26 15:02:38.967, 1, 0 %, 76403 MiB, 96.88 W, 2362 MHz, 12481 MHz, 35
2026/09/26 15:02:39.217, 0, 0 %, 76563 MiB, 88.56 W, 2370 MHz, 12481 MHz, 35
2026/09/26 15:02:39.217, 1, 0 %, 76435 MiB, 95.78 W, 2362 MHz, 12481 MHz, 35
2026/09/26 15:02:39.467, 0, 0 %, 76563 MiB, 88.60 W, 2370 MHz, 12481 MHz, 35
2026/09/26 15:02:39.467, 1, 0 %, 76435 MiB, 95.18 W, 2362 MHz, 12481 MHz, 35
2026/09/26 15:02:39.717, 0, 0 %, 76563 MiB, 88.57 W, 2370 MHz, 12481 MHz, 35
2026/09/26 15:02:39.717, 1, 0 %, 76467 MiB, 94.62 W, 2362 MHz, 12481 MHz, 35
2026/09/26 15:02:39.967, 0, 0 %, 76563 MiB, 88.56 W, 2370 MHz, 12481 MHz, 35
2026/09/26 15:02:39.968, 1, 0 %, 76467 MiB, 94.63 W, 2362 MHz, 12481 MHz, 35
2026/09/26 15:02:40.218, 0, 0 %, 76563 MiB, 88.58 W, 2370 MHz, 12481 MHz, 35
2026/09/26 15:02:40.218, 1, 0 %, 76499 MiB, 94.63 W, 2362 MHz, 12481 MHz, 35
2026/09/26 15:02:40.468, 0, 0 %, 76563 MiB, 88.56 W, 2370 MHz, 12481 MHz, 35
2026/09/26 15:02:40.468, 1, 0 %, 76531 MiB, 94.62 W, 2362 MHz, 12481 MHz, 35
2026/09/26 15:02:40.718, 0, 6 %, 78291 MiB, 89.39 W, 2370 MHz, 12481 MHz, 35
2026/09/26 15:02:40.718, 1, 0 %, 76531 MiB, 94.79 W, 2362 MHz, 12481 MHz, 35
2026/09/26 15:02:40.968, 0, 6 %, 78323 MiB, 89.75 W, 2370 MHz, 12481 MHz, 35
2026/09/26 15:02:40.968, 1, 0 %, 76531 MiB, 94.76 W, 2362 MHz, 12481 MHz, 35
2026/09/26 15:02:41.218, 0, 0 %, 78323 MiB, 89.78 W, 2370 MHz, 12481 MHz, 35
2026/09/26 15:02:41.218, 1, 0 %, 76531 MiB, 94.74 W, 2362 MHz, 12481 MHz, 35
2026/09/26 15:02:41.468, 0, 0 %, 78355 MiB, 89.78 W, 2370 MHz, 12481 MHz, 35
2026/09/26 15:02:41.468, 1, 0 %, 76531 MiB, 94.73 W, 2362 MHz, 12481 MHz, 35
2026/09/26 15:02:41.718, 0, 0 %, 78355 MiB, 88.92 W, 2370 MHz, 12481 MHz, 35
2026/09/26 15:02:41.718, 1, 0 %, 76531 MiB, 94.53 W, 2362 MHz, 12481 MHz, 35
2026/09/26 15:02:41.969, 0, 0 %, 78355 MiB, 88.56 W, 2370 MHz, 12481 MHz, 35
2026/09/26 15:02:41.969, 1, 0 %, 76531 MiB, 94.52 W, 2362 MHz, 12481 MHz, 35
2026/09/26 15:02:42.219, 0, 1 %, 78387 MiB, 88.56 W, 2370 MHz, 12481 MHz, 35
2026/09/26 15:02:42.219, 1, 0 %, 76531 MiB, 94.54 W, 2362 MHz, 12481 MHz, 35
2026/09/26 15:02:42.469, 0, 0 %, 78387 MiB, 88.58 W, 2370 MHz, 12481 MHz, 35
2026/09/26 15:02:42.469, 1, 0 %, 76531 MiB, 94.54 W, 2362 MHz, 12481 MHz, 35
2026/09/26 15:02:42.719, 0, 1 %, 78419 MiB, 88.59 W, 2370 MHz, 12481 MHz, 35
2026/09/26 15:02:42.719, 1, 0 %, 76531 MiB, 94.55 W, 2362 MHz, 12481 MHz, 35
2026/09/26 15:02:42.969, 0, 0 %, 78419 MiB, 88.60 W, 2370 MHz, 12481 MHz, 35
2026/09/26 15:02:42.969, 1, 0 %, 76531 MiB, 94.58 W, 2362 MHz, 12481 MHz, 35
2026/09/26 15:02:43.219, 0, 0 %, 78451 MiB, 88.61 W, 2370 MHz, 12481 MHz, 35
2026/09/26 15:02:43.219, 1, 24 %, 78291 MiB, 95.61 W, 2362 MHz, 12481 MHz, 35
2026/09/26 15:02:43.469, 0, 0 %, 78451 MiB, 88.65 W, 2370 MHz, 12481 MHz, 35
2026/09/26 15:02:43.469, 1, 0 %, 78291 MiB, 98.74 W, 2362 MHz, 12481 MHz, 35
2026/09/26 15:02:43.719, 0, 0 %, 78451 MiB, 88.61 W, 2370 MHz, 12481 MHz, 35
2026/09/26 15:02:43.720, 1, 0 %, 78291 MiB, 98.72 W, 2362 MHz, 12481 MHz, 35
2026/09/26 15:02:43.970, 0, 0 %, 78451 MiB, 88.60 W, 2370 MHz, 12481 MHz, 35
2026/09/26 15:02:43.970, 1, 0 %, 78323 MiB, 98.73 W, 2362 MHz, 12481 MHz, 35
2026/09/26 15:02:44.220, 0, 0 %, 78451 MiB, 88.57 W, 2370 MHz, 12481 MHz, 35
2026/09/26 15:02:44.220, 1, 0 %, 78323 MiB, 97.66 W, 2362 MHz, 12481 MHz, 35
2026/09/26 15:02:44.470, 0, 0 %, 78451 MiB, 88.53 W, 2370 MHz, 12481 MHz, 35
2026/09/26 15:02:44.470, 1, 0 %, 78355 MiB, 94.55 W, 2362 MHz, 12481 MHz, 35
2026/09/26 15:02:44.720, 0, 0 %, 78451 MiB, 88.56 W, 2370 MHz, 12481 MHz, 35
2026/09/26 15:02:44.720, 1, 0 %, 78355 MiB, 94.58 W, 2362 MHz, 12481 MHz, 35
2026/09/26 15:02:44.970, 0, 0 %, 78451 MiB, 88.55 W, 2370 MHz, 12481 MHz, 35
2026/09/26 15:02:44.970, 1, 0 %, 78355 MiB, 94.58 W, 2362 MHz, 12481 MHz, 35
2026/09/26 15:02:45.220, 0, 0 %, 78451 MiB, 88.61 W, 2370 MHz, 12481 MHz, 35
2026/09/26 15:02:45.220, 1, 0 %, 78387 MiB, 96.14 W, 2362 MHz, 12481 MHz, 36
2026/09/26 15:02:45.470, 0, 0 %, 80179 MiB, 88.60 W, 2370 MHz, 12481 MHz, 35
2026/09/26 15:02:45.471, 1, 0 %, 78419 MiB, 105.20 W, 2362 MHz, 12481 MHz, 36
2026/09/26 15:02:45.721, 0, 11 %, 80179 MiB, 89.81 W, 2370 MHz, 12481 MHz, 35
2026/09/26 15:02:45.721, 1, 0 %, 78419 MiB, 105.43 W, 2362 MHz, 12481 MHz, 35
2026/09/26 15:02:45.971, 0, 0 %, 80211 MiB, 89.86 W, 2370 MHz, 12481 MHz, 35
2026/09/26 15:02:45.971, 1, 0 %, 78419 MiB, 105.40 W, 2362 MHz, 12481 MHz, 35
2026/09/26 15:02:46.221, 0, 0 %, 80211 MiB, 89.83 W, 2370 MHz, 12481 MHz, 35
2026/09/26 15:02:46.221, 1, 0 %, 78419 MiB, 103.75 W, 2362 MHz, 12481 MHz, 35
2026/09/26 15:02:46.471, 0, 0 %, 80243 MiB, 89.79 W, 2370 MHz, 12481 MHz, 35
2026/09/26 15:02:46.471, 1, 0 %, 78419 MiB, 94.80 W, 2362 MHz, 12481 MHz, 35
2026/09/26 15:02:46.721, 0, 0 %, 80243 MiB, 88.54 W, 2370 MHz, 12481 MHz, 35
2026/09/26 15:02:46.721, 1, 0 %, 78419 MiB, 94.54 W, 2362 MHz, 12481 MHz, 35
2026/09/26 15:02:46.971, 0, 0 %, 80243 MiB, 88.52 W, 2370 MHz, 12481 MHz, 35
2026/09/26 15:02:46.971, 1, 0 %, 78419 MiB, 94.52 W, 2362 MHz, 12481 MHz, 35
2026/09/26 15:02:47.221, 0, 1 %, 80275 MiB, 88.57 W, 2370 MHz, 12481 MHz, 35
2026/09/26 15:02:47.222, 1, 0 %, 78419 MiB, 94.53 W, 2362 MHz, 12481 MHz, 35
2026/09/26 15:02:47.472, 0, 0 %, 80275 MiB, 88.59 W, 2370 MHz, 12481 MHz, 35
2026/09/26 15:02:47.472, 1, 0 %, 78419 MiB, 94.51 W, 2362 MHz, 12481 MHz, 35
2026/09/26 15:02:47.722, 0, 1 %, 80307 MiB, 88.78 W, 2370 MHz, 12481 MHz, 35
2026/09/26 15:02:47.725, 1, 0 %, 78419 MiB, 94.59 W, 2362 MHz, 12481 MHz, 35
2026/09/26 15:02:47.976, 0, 0 %, 80307 MiB, 88.85 W, 2370 MHz, 12481 MHz, 35
2026/09/26 15:02:47.976, 1, 0 %, 78419 MiB, 94.64 W, 2362 MHz, 12481 MHz, 35
2026/09/26 15:02:48.226, 0, 0 %, 80339 MiB, 88.82 W, 2370 MHz, 12481 MHz, 35
2026/09/26 15:02:48.226, 1, 24 %, 80147 MiB, 95.77 W, 2362 MHz, 12481 MHz, 35
2026/09/26 15:02:48.477, 0, 0 %, 80339 MiB, 88.80 W, 2370 MHz, 12481 MHz, 35
2026/09/26 15:02:48.477, 1, 0 %, 80179 MiB, 100.33 W, 2362 MHz, 12481 MHz, 35
2026/09/26 15:02:48.727, 0, 0 %, 80339 MiB, 88.61 W, 2370 MHz, 12481 MHz, 35
2026/09/26 15:02:48.727, 1, 0 %, 80179 MiB, 100.31 W, 2362 MHz, 12481 MHz, 35
2026/09/26 15:02:48.977, 0, 0 %, 80339 MiB, 88.56 W, 2370 MHz, 12481 MHz, 35
2026/09/26 15:02:48.977, 1, 0 %, 80211 MiB, 100.35 W, 2362 MHz, 12481 MHz, 35
2026/09/26 15:02:49.227, 0, 0 %, 80339 MiB, 88.52 W, 2370 MHz, 12481 MHz, 35
2026/09/26 15:02:49.227, 1, 0 %, 80211 MiB, 99.30 W, 2362 MHz, 12481 MHz, 35
2026/09/26 15:02:49.477, 0, 0 %, 80339 MiB, 88.50 W, 2370 MHz, 12481 MHz, 35
2026/09/26 15:02:49.477, 1, 0 %, 80211 MiB, 94.63 W, 2362 MHz, 12481 MHz, 35
2026/09/26 15:02:49.727, 0, 0 %, 80339 MiB, 88.48 W, 2370 MHz, 12481 MHz, 35
2026/09/26 15:02:49.727, 1, 0 %, 80243 MiB, 95.35 W, 2362 MHz, 12481 MHz, 35
2026/09/26 15:02:49.977, 0, 0 %, 80339 MiB, 88.49 W, 2370 MHz, 12481 MHz, 35
2026/09/26 15:02:49.977, 1, 0 %, 80243 MiB, 95.33 W, 2362 MHz, 12481 MHz, 35
2026/09/26 15:02:50.228, 0, 0 %, 80339 MiB, 88.51 W, 2370 MHz, 12481 MHz, 35
2026/09/26 15:02:50.228, 1, 1 %, 80275 MiB, 95.32 W, 2362 MHz, 12481 MHz, 35
2026/09/26 15:02:50.478, 0, 0 %, 80339 MiB, 88.55 W, 2370 MHz, 12481 MHz, 35
2026/09/26 15:02:50.478, 1, 0 %, 80275 MiB, 95.29 W, 2362 MHz, 12481 MHz, 35
2026/09/26 15:02:50.728, 0, 14 %, 82067 MiB, 89.70 W, 2370 MHz, 12481 MHz, 35
2026/09/26 15:02:50.728, 1, 0 %, 80307 MiB, 99.57 W, 2370 MHz, 12481 MHz, 35
2026/09/26 15:02:50.978, 0, 0 %, 82067 MiB, 89.85 W, 2370 MHz, 12481 MHz, 35
2026/09/26 15:02:50.978, 1, 0 %, 80307 MiB, 99.59 W, 2370 MHz, 12481 MHz, 35
2026/09/26 15:02:51.228, 0, 0 %, 82067 MiB, 89.84 W, 2370 MHz, 12481 MHz, 35
2026/09/26 15:02:51.228, 1, 0 %, 80307 MiB, 99.55 W, 2362 MHz, 12481 MHz, 35
2026/09/26 15:02:51.478, 0, 0 %, 82099 MiB, 89.86 W, 2370 MHz, 12481 MHz, 35
2026/09/26 15:02:51.478, 1, 0 %, 80307 MiB, 99.69 W, 2362 MHz, 12481 MHz, 35
2026/09/26 15:02:51.728, 0, 0 %, 82099 MiB, 88.85 W, 2370 MHz, 12481 MHz, 35
2026/09/26 15:02:51.729, 1, 0 %, 80307 MiB, 94.56 W, 2370 MHz, 12481 MHz, 35
2026/09/26 15:02:51.979, 0, 0 %, 82099 MiB, 88.55 W, 2370 MHz, 12481 MHz, 35
2026/09/26 15:02:51.979, 1, 0 %, 80307 MiB, 94.51 W, 2370 MHz, 12481 MHz, 35
2026/09/26 15:02:52.229, 0, 1 %, 82131 MiB, 88.58 W, 2370 MHz, 12481 MHz, 35
2026/09/26 15:02:52.229, 1, 0 %, 80307 MiB, 94.56 W, 2362 MHz, 12481 MHz, 35
2026/09/26 15:02:52.479, 0, 0 %, 82131 MiB, 88.59 W, 2370 MHz, 12481 MHz, 35
2026/09/26 15:02:52.479, 1, 0 %, 80307 MiB, 94.55 W, 2362 MHz, 12481 MHz, 35
2026/09/26 15:02:52.729, 0, 1 %, 82163 MiB, 88.60 W, 2370 MHz, 12481 MHz, 35
2026/09/26 15:02:52.729, 1, 0 %, 80307 MiB, 94.48 W, 2362 MHz, 12481 MHz, 35
2026/09/26 15:02:52.979, 0, 0 %, 82195 MiB, 88.64 W, 2370 MHz, 12481 MHz, 35
2026/09/26 15:02:52.979, 1, 0 %, 80307 MiB, 94.50 W, 2362 MHz, 12481 MHz, 35
2026/09/26 15:02:53.229, 0, 0 %, 82195 MiB, 88.61 W, 2370 MHz, 12481 MHz, 35
2026/09/26 15:02:53.229, 1, 19 %, 82035 MiB, 95.81 W, 2362 MHz, 12481 MHz, 35
2026/09/26 15:02:53.480, 0, 0 %, 82195 MiB, 88.61 W, 2370 MHz, 12481 MHz, 35
2026/09/26 15:02:53.480, 1, 0 %, 82035 MiB, 95.76 W, 2362 MHz, 12481 MHz, 35
2026/09/26 15:02:53.730, 0, 0 %, 82195 MiB, 88.58 W, 2370 MHz, 12481 MHz, 35
2026/09/26 15:02:53.730, 1, 0 %, 82035 MiB, 95.82 W, 2362 MHz, 12481 MHz, 35
2026/09/26 15:02:53.980, 0, 0 %, 82195 MiB, 88.56 W, 2370 MHz, 12481 MHz, 35
2026/09/26 15:02:53.980, 1, 0 %, 82067 MiB, 95.83 W, 2362 MHz, 12481 MHz, 35
2026/09/26 15:02:54.230, 0, 0 %, 82195 MiB, 88.51 W, 2370 MHz, 12481 MHz, 35
2026/09/26 15:02:54.230, 1, 0 %, 82067 MiB, 94.52 W, 2362 MHz, 12481 MHz, 35
2026/09/26 15:02:54.480, 0, 0 %, 82195 MiB, 88.49 W, 2370 MHz, 12481 MHz, 35
2026/09/26 15:02:54.480, 1, 0 %, 82099 MiB, 94.48 W, 2362 MHz, 12481 MHz, 35
2026/09/26 15:02:54.730, 0, 0 %, 82195 MiB, 88.48 W, 2370 MHz, 12481 MHz, 35
2026/09/26 15:02:54.730, 1, 0 %, 82099 MiB, 94.55 W, 2362 MHz, 12481 MHz, 35
2026/09/26 15:02:54.980, 0, 0 %, 82195 MiB, 88.46 W, 2370 MHz, 12481 MHz, 35
2026/09/26 15:02:54.980, 1, 0 %, 82131 MiB, 94.57 W, 2362 MHz, 12481 MHz, 35
2026/09/26 15:02:55.230, 0, 0 %, 82195 MiB, 88.50 W, 2370 MHz, 12481 MHz, 35
2026/09/26 15:02:55.230, 1, 0 %, 82131 MiB, 95.31 W, 2362 MHz, 12481 MHz, 35
2026/09/26 15:02:55.481, 0, 0 %, 83923 MiB, 88.79 W, 2370 MHz, 12481 MHz, 35
2026/09/26 15:02:55.481, 1, 0 %, 82163 MiB, 95.31 W, 2362 MHz, 12481 MHz, 35
2026/09/26 15:02:55.731, 0, 1 %, 83955 MiB, 89.68 W, 2370 MHz, 12481 MHz, 35
2026/09/26 15:02:55.731, 1, 0 %, 82163 MiB, 95.33 W, 2362 MHz, 12481 MHz, 35
2026/09/26 15:02:55.981, 0, 0 %, 83955 MiB, 89.64 W, 2370 MHz, 12481 MHz, 35
2026/09/26 15:02:55.981, 1, 0 %, 82163 MiB, 95.35 W, 2362 MHz, 12481 MHz, 35
2026/09/26 15:02:56.231, 0, 0 %, 83955 MiB, 89.66 W, 2370 MHz, 12481 MHz, 35
2026/09/26 15:02:56.231, 1, 0 %, 82163 MiB, 94.55 W, 2362 MHz, 12481 MHz, 35
2026/09/26 15:02:56.481, 0, 0 %, 83987 MiB, 89.60 W, 2370 MHz, 12481 MHz, 35
2026/09/26 15:02:56.481, 1, 0 %, 82163 MiB, 94.57 W, 2362 MHz, 12481 MHz, 35
2026/09/26 15:02:56.731, 0, 0 %, 83987 MiB, 88.51 W, 2370 MHz, 12481 MHz, 35
2026/09/26 15:02:56.731, 1, 0 %, 82163 MiB, 94.54 W, 2362 MHz, 12481 MHz, 35
2026/09/26 15:02:56.981, 0, 0 %, 84019 MiB, 88.54 W, 2370 MHz, 12481 MHz, 35
2026/09/26 15:02:56.981, 1, 0 %, 82163 MiB, 94.51 W, 2362 MHz, 12481 MHz, 35
2026/09/26 15:02:57.231, 0, 1 %, 84019 MiB, 88.54 W, 2370 MHz, 12481 MHz, 35
2026/09/26 15:02:57.232, 1, 0 %, 82163 MiB, 94.56 W, 2362 MHz, 12481 MHz, 35
2026/09/26 15:02:57.482, 0, 0 %, 84019 MiB, 88.57 W, 2370 MHz, 12481 MHz, 35
2026/09/26 15:02:57.482, 1, 0 %, 82163 MiB, 94.57 W, 2362 MHz, 12481 MHz, 35
2026/09/26 15:02:57.732, 0, 0 %, 84051 MiB, 88.53 W, 2370 MHz, 12481 MHz, 35
2026/09/26 15:02:57.732, 1, 0 %, 82163 MiB, 94.52 W, 2362 MHz, 12481 MHz, 35
2026/09/26 15:02:57.982, 0, 0 %, 84083 MiB, 88.53 W, 2370 MHz, 12481 MHz, 35
2026/09/26 15:02:57.982, 1, 0 %, 83891 MiB, 94.52 W, 2362 MHz, 12481 MHz, 35
2026/09/26 15:02:58.232, 0, 0 %, 84083 MiB, 88.52 W, 2370 MHz, 12481 MHz, 35
2026/09/26 15:02:58.232, 1, 14 %, 83923 MiB, 98.13 W, 2362 MHz, 12481 MHz, 36
2026/09/26 15:02:58.482, 0, 0 %, 84083 MiB, 88.52 W, 2370 MHz, 12481 MHz, 35
2026/09/26 15:02:58.482, 1, 0 %, 83923 MiB, 102.94 W, 2362 MHz, 12481 MHz, 35
2026/09/26 15:02:58.732, 0, 0 %, 84083 MiB, 88.51 W, 2370 MHz, 12481 MHz, 35
2026/09/26 15:02:58.732, 1, 0 %, 83923 MiB, 103.13 W, 2362 MHz, 12481 MHz, 35
2026/09/26 15:02:58.982, 0, 0 %, 84083 MiB, 88.53 W, 2370 MHz, 12481 MHz, 35
2026/09/26 15:02:58.982, 1, 0 %, 83955 MiB, 103.14 W, 2362 MHz, 12481 MHz, 35
2026/09/26 15:02:59.232, 0, 0 %, 84083 MiB, 88.53 W, 2370 MHz, 12481 MHz, 35
2026/09/26 15:02:59.232, 1, 0 %, 83955 MiB, 100.69 W, 2362 MHz, 12481 MHz, 35
2026/09/26 15:02:59.483, 0, 0 %, 84083 MiB, 88.52 W, 2370 MHz, 12481 MHz, 35
2026/09/26 15:02:59.483, 1, 0 %, 83955 MiB, 94.51 W, 2362 MHz, 12481 MHz, 35
2026/09/26 15:02:59.733, 0, 0 %, 84083 MiB, 88.53 W, 2370 MHz, 12481 MHz, 35
2026/09/26 15:02:59.733, 1, 1 %, 83987 MiB, 94.49 W, 2362 MHz, 12481 MHz, 35
2026/09/26 15:02:59.983, 0, 0 %, 84083 MiB, 88.50 W, 2370 MHz, 12481 MHz, 35
2026/09/26 15:02:59.983, 1, 0 %, 83987 MiB, 94.50 W, 2362 MHz, 12481 MHz, 35
2026/09/26 15:03:00.233, 0, 0 %, 84083 MiB, 88.50 W, 2370 MHz, 12481 MHz, 35
2026/09/26 15:03:00.233, 1, 1 %, 84019 MiB, 94.45 W, 2362 MHz, 12481 MHz, 35
2026/09/26 15:03:00.483, 0, 0 %, 84083 MiB, 88.51 W, 2370 MHz, 12481 MHz, 35
2026/09/26 15:03:00.483, 1, 0 %, 84051 MiB, 94.49 W, 2362 MHz, 12481 MHz, 35
2026/09/26 15:03:00.733, 0, 7 %, 87283 MiB, 90.36 W, 2370 MHz, 12481 MHz, 35
2026/09/26 15:03:00.733, 1, 6 %, 87251 MiB, 104.43 W, 2370 MHz, 12481 MHz, 35
2026/09/26 15:03:00.984, 0, 0 %, 87283 MiB, 90.35 W, 2370 MHz, 12481 MHz, 35
2026/09/26 15:03:00.984, 1, 0 %, 87251 MiB, 104.51 W, 2370 MHz, 12481 MHz, 35
2026/09/26 15:03:01.234, 0, 0 %, 87411 MiB, 118.70 W, 2370 MHz, 12481 MHz, 39
2026/09/26 15:03:01.234, 1, 79 %, 87373 MiB, 126.59 W, 2355 MHz, 12481 MHz, 39
2026/09/26 15:03:01.484, 0, 71 %, 87431 MiB, 141.52 W, 2347 MHz, 12481 MHz, 39
2026/09/26 15:03:01.484, 1, 68 %, 87399 MiB, 153.86 W, 2355 MHz, 12481 MHz, 39
2026/09/26 15:03:01.734, 0, 99 %, 87431 MiB, 189.05 W, 2347 MHz, 12481 MHz, 40
2026/09/26 15:03:01.734, 1, 99 %, 87399 MiB, 206.03 W, 2332 MHz, 12481 MHz, 40
2026/09/26 15:03:01.984, 0, 91 %, 87431 MiB, 219.97 W, 2347 MHz, 12481 MHz, 40
2026/09/26 15:03:01.984, 1, 20 %, 87399 MiB, 237.77 W, 2332 MHz, 12481 MHz, 41
2026/09/26 15:03:02.234, 0, 99 %, 87431 MiB, 243.86 W, 2347 MHz, 12481 MHz, 40
2026/09/26 15:03:02.234, 1, 99 %, 87399 MiB, 270.61 W, 2340 MHz, 12481 MHz, 41
2026/09/26 15:03:02.484, 0, 99 %, 87431 MiB, 260.23 W, 2332 MHz, 12481 MHz, 40
2026/09/26 15:03:02.484, 1, 99 %, 87399 MiB, 282.86 W, 2340 MHz, 12481 MHz, 41
2026/09/26 15:03:02.735, 0, 99 %, 87431 MiB, 268.22 W, 2340 MHz, 12481 MHz, 41
2026/09/26 15:03:02.735, 1, 99 %, 87399 MiB, 284.53 W, 2340 MHz, 12481 MHz, 41
2026/09/26 15:03:02.985, 0, 99 %, 87431 MiB, 275.66 W, 2340 MHz, 12481 MHz, 41
2026/09/26 15:03:02.985, 1, 99 %, 87399 MiB, 297.81 W, 2340 MHz, 12481 MHz, 41
2026/09/26 15:03:03.235, 0, 98 %, 87431 MiB, 285.19 W, 2340 MHz, 12481 MHz, 41
2026/09/26 15:03:03.235, 1, 99 %, 87399 MiB, 306.98 W, 2332 MHz, 12481 MHz, 41
2026/09/26 15:03:03.485, 0, 99 %, 87431 MiB, 285.86 W, 2340 MHz, 12481 MHz, 41
2026/09/26 15:03:03.485, 1, 99 %, 87399 MiB, 308.04 W, 2332 MHz, 12481 MHz, 42
2026/09/26 15:03:03.735, 0, 99 %, 87431 MiB, 285.79 W, 2340 MHz, 12481 MHz, 41
2026/09/26 15:03:03.735, 1, 99 %, 87399 MiB, 308.52 W, 2332 MHz, 12481 MHz, 42
2026/09/26 15:03:03.985, 0, 99 %, 87431 MiB, 286.15 W, 2340 MHz, 12481 MHz, 42
2026/09/26 15:03:03.985, 1, 99 %, 87399 MiB, 308.30 W, 2332 MHz, 12481 MHz, 42
2026/09/26 15:03:04.235, 0, 99 %, 87431 MiB, 287.35 W, 2340 MHz, 12481 MHz, 42
2026/09/26 15:03:04.235, 1, 99 %, 87399 MiB, 309.19 W, 2332 MHz, 12481 MHz, 42
2026/09/26 15:03:04.486, 0, 99 %, 87431 MiB, 286.88 W, 2340 MHz, 12481 MHz, 42
2026/09/26 15:03:04.486, 1, 99 %, 87399 MiB, 309.15 W, 2332 MHz, 12481 MHz, 42
2026/09/26 15:03:04.736, 0, 99 %, 87431 MiB, 287.02 W, 2340 MHz, 12481 MHz, 42
2026/09/26 15:03:04.736, 1, 99 %, 87399 MiB, 308.68 W, 2332 MHz, 12481 MHz, 42
2026/09/26 15:03:04.986, 0, 99 %, 87431 MiB, 286.89 W, 2340 MHz, 12481 MHz, 42
2026/09/26 15:03:04.986, 1, 99 %, 87399 MiB, 308.16 W, 2332 MHz, 12481 MHz, 42
2026/09/26 15:03:05.236, 0, 99 %, 87431 MiB, 282.44 W, 2340 MHz, 12481 MHz, 42
2026/09/26 15:03:05.236, 1, 75 %, 87399 MiB, 303.65 W, 2340 MHz, 12481 MHz, 43
2026/09/26 15:03:05.486, 0, 69 %, 87431 MiB, 270.17 W, 2347 MHz, 12481 MHz, 41
2026/09/26 15:03:05.486, 1, 87 %, 87399 MiB, 293.26 W, 2340 MHz, 12481 MHz, 42
2026/09/26 15:03:05.736, 0, 99 %, 87431 MiB, 269.68 W, 2340 MHz, 12481 MHz, 42
2026/09/26 15:03:05.736, 1, 99 %, 87399 MiB, 294.07 W, 2332 MHz, 12481 MHz, 43
2026/09/26 15:03:05.986, 0, 99 %, 87431 MiB, 270.00 W, 2340 MHz, 12481 MHz, 42
2026/09/26 15:03:05.986, 1, 99 %, 87399 MiB, 294.84 W, 2332 MHz, 12481 MHz, 43
2026/09/26 15:03:06.236, 0, 99 %, 87431 MiB, 275.57 W, 2340 MHz, 12481 MHz, 42
2026/09/26 15:03:06.236, 1, 99 %, 87399 MiB, 300.86 W, 2340 MHz, 12481 MHz, 43
2026/09/26 15:03:06.487, 0, 99 %, 87431 MiB, 287.95 W, 2340 MHz, 12481 MHz, 42
2026/09/26 15:03:06.487, 1, 99 %, 87399 MiB, 310.73 W, 2340 MHz, 12481 MHz, 43
2026/09/26 15:03:06.737, 0, 99 %, 87431 MiB, 289.62 W, 2340 MHz, 12481 MHz, 43
2026/09/26 15:03:06.737, 1, 99 %, 87399 MiB, 310.95 W, 2332 MHz, 12481 MHz, 43
2026/09/26 15:03:06.987, 0, 99 %, 87431 MiB, 289.66 W, 2340 MHz, 12481 MHz, 43
2026/09/26 15:03:06.987, 1, 99 %, 87399 MiB, 311.30 W, 2332 MHz, 12481 MHz, 43
2026/09/26 15:03:07.237, 0, 99 %, 87431 MiB, 290.05 W, 2340 MHz, 12481 MHz, 43
2026/09/26 15:03:07.237, 1, 99 %, 87399 MiB, 311.30 W, 2332 MHz, 12481 MHz, 43
2026/09/26 15:03:07.487, 0, 99 %, 87431 MiB, 290.88 W, 2340 MHz, 12481 MHz, 43
2026/09/26 15:03:07.487, 1, 99 %, 87399 MiB, 311.50 W, 2332 MHz, 12481 MHz, 43
2026/09/26 15:03:07.737, 0, 99 %, 87431 MiB, 291.43 W, 2340 MHz, 12481 MHz, 43
2026/09/26 15:03:07.737, 1, 99 %, 87399 MiB, 312.16 W, 2332 MHz, 12481 MHz, 44
2026/09/26 15:03:07.987, 0, 99 %, 87431 MiB, 291.43 W, 2340 MHz, 12481 MHz, 43
2026/09/26 15:03:07.987, 1, 99 %, 87399 MiB, 312.34 W, 2332 MHz, 12481 MHz, 44
2026/09/26 15:03:08.237, 0, 99 %, 87431 MiB, 291.27 W, 2340 MHz, 12481 MHz, 43
2026/09/26 15:03:08.237, 1, 99 %, 87399 MiB, 311.44 W, 2332 MHz, 12481 MHz, 44
2026/09/26 15:03:08.487, 0, 99 %, 87431 MiB, 287.83 W, 2340 MHz, 12481 MHz, 43
2026/09/26 15:03:08.488, 1, 99 %, 87399 MiB, 310.76 W, 2332 MHz, 12481 MHz, 44
2026/09/26 15:03:08.738, 0, 59 %, 87431 MiB, 278.26 W, 2340 MHz, 12481 MHz, 43
2026/09/26 15:03:08.738, 1, 58 %, 87399 MiB, 302.02 W, 2340 MHz, 12481 MHz, 43
2026/09/26 15:03:08.988, 0, 99 %, 87431 MiB, 277.94 W, 2347 MHz, 12481 MHz, 43
2026/09/26 15:03:08.988, 1, 99 %, 87399 MiB, 301.63 W, 2340 MHz, 12481 MHz, 44
2026/09/26 15:03:09.238, 0, 99 %, 87431 MiB, 277.70 W, 2340 MHz, 12481 MHz, 43
2026/09/26 15:03:09.238, 1, 99 %, 87399 MiB, 303.12 W, 2340 MHz, 12481 MHz, 44
2026/09/26 15:03:09.488, 0, 99 %, 87431 MiB, 280.83 W, 2340 MHz, 12481 MHz, 44
2026/09/26 15:03:09.488, 1, 99 %, 87399 MiB, 304.22 W, 2340 MHz, 12481 MHz, 44
2026/09/26 15:03:09.738, 0, 99 %, 87431 MiB, 290.40 W, 2340 MHz, 12481 MHz, 44
2026/09/26 15:03:09.738, 1, 99 %, 87399 MiB, 312.68 W, 2340 MHz, 12481 MHz, 44
2026/09/26 15:03:09.988, 0, 99 %, 87431 MiB, 290.95 W, 2340 MHz, 12481 MHz, 44
2026/09/26 15:03:09.988, 1, 99 %, 87399 MiB, 312.89 W, 2332 MHz, 12481 MHz, 44
2026/09/26 15:03:10.238, 0, 99 %, 87431 MiB, 292.50 W, 2340 MHz, 12481 MHz, 44
2026/09/26 15:03:10.238, 1, 99 %, 87399 MiB, 311.54 W, 2332 MHz, 12481 MHz, 44
2026/09/26 15:03:10.488, 0, 99 %, 87431 MiB, 292.98 W, 2340 MHz, 12481 MHz, 44
2026/09/26 15:03:10.488, 1, 99 %, 87399 MiB, 311.40 W, 2340 MHz, 12481 MHz, 44
2026/09/26 15:03:10.738, 0, 99 %, 87431 MiB, 293.86 W, 2340 MHz, 12481 MHz, 44
2026/09/26 15:03:10.738, 1, 99 %, 87399 MiB, 311.89 W, 2332 MHz, 12481 MHz, 44
2026/09/26 15:03:10.989, 0, 99 %, 87431 MiB, 293.38 W, 2340 MHz, 12481 MHz, 44
2026/09/26 15:03:10.989, 1, 99 %, 87399 MiB, 312.39 W, 2332 MHz, 12481 MHz, 45
2026/09/26 15:03:11.239, 0, 99 %, 87431 MiB, 292.41 W, 2340 MHz, 12481 MHz, 44
2026/09/26 15:03:11.239, 1, 99 %, 87399 MiB, 311.13 W, 2355 MHz, 12481 MHz, 44
2026/09/26 15:03:11.489, 0, 99 %, 87431 MiB, 292.32 W, 2340 MHz, 12481 MHz, 44
2026/09/26 15:03:11.489, 1, 99 %, 87399 MiB, 306.44 W, 2355 MHz, 12481 MHz, 44
2026/09/26 15:03:11.739, 0, 99 %, 87431 MiB, 288.10 W, 2340 MHz, 12481 MHz, 44
2026/09/26 15:03:11.739, 1, 99 %, 87399 MiB, 297.26 W, 2370 MHz, 12481 MHz, 44
2026/09/26 15:03:11.989, 0, 92 %, 87431 MiB, 276.60 W, 2340 MHz, 12481 MHz, 42
2026/09/26 15:03:11.989, 1, 77 %, 87399 MiB, 284.88 W, 2377 MHz, 12481 MHz, 42
2026/09/26 15:03:12.239, 0, 99 %, 87431 MiB, 276.37 W, 2340 MHz, 12481 MHz, 44
2026/09/26 15:03:12.239, 1, 99 %, 87399 MiB, 284.25 W, 2340 MHz, 12481 MHz, 45
2026/09/26 15:03:12.489, 0, 99 %, 87431 MiB, 276.95 W, 2340 MHz, 12481 MHz, 44
2026/09/26 15:03:12.489, 1, 99 %, 87399 MiB, 283.27 W, 2370 MHz, 12481 MHz, 44
2026/09/26 15:03:12.739, 0, 99 %, 87431 MiB, 278.44 W, 2340 MHz, 12481 MHz, 44
2026/09/26 15:03:12.739, 1, 99 %, 87399 MiB, 286.61 W, 2362 MHz, 12481 MHz, 44
2026/09/26 15:03:12.989, 0, 99 %, 87431 MiB, 293.73 W, 2340 MHz, 12481 MHz, 44
2026/09/26 15:03:12.989, 1, 99 %, 87399 MiB, 291.60 W, 2362 MHz, 12481 MHz, 44
2026/09/26 15:03:13.240, 0, 98 %, 87431 MiB, 293.45 W, 2340 MHz, 12481 MHz, 44
2026/09/26 15:03:13.240, 1, 99 %, 87399 MiB, 291.79 W, 2362 MHz, 12481 MHz, 44
2026/09/26 15:03:13.490, 0, 99 %, 87431 MiB, 293.36 W, 2340 MHz, 12481 MHz, 45
2026/09/26 15:03:13.490, 1, 99 %, 87399 MiB, 292.60 W, 2355 MHz, 12481 MHz, 44
2026/09/26 15:03:13.740, 0, 99 %, 87431 MiB, 291.84 W, 2340 MHz, 12481 MHz, 45
2026/09/26 15:03:13.740, 1, 99 %, 87399 MiB, 291.73 W, 2377 MHz, 12481 MHz, 45
2026/09/26 15:03:13.990, 0, 99 %, 87431 MiB, 289.00 W, 2355 MHz, 12481 MHz, 45
2026/09/26 15:03:13.990, 1, 99 %, 87399 MiB, 290.97 W, 2355 MHz, 12481 MHz, 45
2026/09/26 15:03:14.240, 0, 99 %, 87431 MiB, 287.61 W, 2355 MHz, 12481 MHz, 45
2026/09/26 15:03:14.240, 1, 99 %, 87399 MiB, 289.56 W, 2377 MHz, 12481 MHz, 44
2026/09/26 15:03:14.490, 0, 99 %, 87431 MiB, 285.75 W, 2355 MHz, 12481 MHz, 44
2026/09/26 15:03:14.490, 1, 99 %, 87399 MiB, 288.73 W, 2362 MHz, 12481 MHz, 44
2026/09/26 15:03:14.740, 0, 99 %, 87431 MiB, 280.19 W, 2385 MHz, 12481 MHz, 44
2026/09/26 15:03:14.740, 1, 99 %, 87399 MiB, 286.96 W, 2370 MHz, 12481 MHz, 44
2026/09/26 15:03:14.990, 0, 99 %, 87431 MiB, 278.75 W, 2385 MHz, 12481 MHz, 44
2026/09/26 15:03:14.990, 1, 99 %, 87399 MiB, 286.67 W, 2370 MHz, 12481 MHz, 45
2026/09/26 15:03:15.241, 0, 64 %, 87431 MiB, 259.58 W, 2377 MHz, 12481 MHz, 45
2026/09/26 15:03:15.241, 1, 100 %, 87399 MiB, 278.92 W, 2370 MHz, 12481 MHz, 45
2026/09/26 15:03:15.491, 0, 33 %, 87431 MiB, 257.24 W, 2385 MHz, 12481 MHz, 44
2026/09/26 15:03:15.491, 1, 99 %, 87399 MiB, 272.22 W, 2370 MHz, 12481 MHz, 44
2026/09/26 15:03:15.741, 0, 99 %, 87431 MiB, 255.35 W, 2400 MHz, 12481 MHz, 44
2026/09/26 15:03:15.741, 1, 99 %, 87399 MiB, 269.09 W, 2385 MHz, 12481 MHz, 44
2026/09/26 15:03:15.991, 0, 99 %, 87431 MiB, 252.24 W, 2400 MHz, 12481 MHz, 44
2026/09/26 15:03:15.991, 1, 99 %, 87399 MiB, 268.78 W, 2370 MHz, 12481 MHz, 45
2026/09/26 15:03:16.241, 0, 99 %, 87431 MiB, 258.91 W, 2415 MHz, 12481 MHz, 44
2026/09/26 15:03:16.241, 1, 99 %, 87399 MiB, 273.92 W, 2377 MHz, 12481 MHz, 45
2026/09/26 15:03:16.491, 0, 99 %, 87431 MiB, 258.72 W, 2415 MHz, 12481 MHz, 44
2026/09/26 15:03:16.491, 1, 94 %, 87399 MiB, 282.21 W, 2370 MHz, 12481 MHz, 45
2026/09/26 15:03:16.742, 0, 99 %, 87431 MiB, 255.92 W, 2415 MHz, 12481 MHz, 44
2026/09/26 15:03:16.742, 1, 99 %, 87399 MiB, 287.50 W, 2362 MHz, 12481 MHz, 45
2026/09/26 15:03:16.992, 0, 99 %, 87431 MiB, 255.72 W, 2415 MHz, 12481 MHz, 44
2026/09/26 15:03:16.992, 1, 99 %, 87399 MiB, 285.30 W, 2377 MHz, 12481 MHz, 44
2026/09/26 15:03:17.242, 0, 99 %, 87431 MiB, 254.71 W, 2415 MHz, 12481 MHz, 44
2026/09/26 15:03:17.242, 1, 99 %, 87399 MiB, 277.33 W, 2407 MHz, 12481 MHz, 44
2026/09/26 15:03:17.492, 0, 99 %, 87431 MiB, 254.06 W, 2415 MHz, 12481 MHz, 44
2026/09/26 15:03:17.492, 1, 99 %, 87399 MiB, 272.39 W, 2407 MHz, 12481 MHz, 44
2026/09/26 15:03:17.742, 0, 99 %, 87431 MiB, 254.25 W, 2415 MHz, 12481 MHz, 44
2026/09/26 15:03:17.742, 1, 99 %, 87399 MiB, 263.50 W, 2407 MHz, 12481 MHz, 44
2026/09/26 15:03:17.992, 0, 99 %, 87431 MiB, 253.48 W, 2415 MHz, 12481 MHz, 44
2026/09/26 15:03:17.992, 1, 99 %, 87399 MiB, 260.27 W, 2407 MHz, 12481 MHz, 44
2026/09/26 15:03:18.242, 0, 99 %, 87431 MiB, 253.39 W, 2415 MHz, 12481 MHz, 44
2026/09/26 15:03:18.243, 1, 99 %, 87399 MiB, 259.90 W, 2407 MHz, 12481 MHz, 44
2026/09/26 15:03:18.493, 0, 99 %, 87431 MiB, 249.82 W, 2415 MHz, 12481 MHz, 42
2026/09/26 15:03:18.493, 1, 60 %, 87399 MiB, 256.31 W, 2392 MHz, 12481 MHz, 42
2026/09/26 15:03:18.743, 0, 87 %, 87431 MiB, 245.75 W, 2355 MHz, 12481 MHz, 44
2026/09/26 15:03:18.743, 1, 32 %, 87399 MiB, 255.36 W, 2377 MHz, 12481 MHz, 45
2026/09/26 15:03:18.993, 0, 99 %, 87431 MiB, 250.48 W, 2355 MHz, 12481 MHz, 44
2026/09/26 15:03:18.993, 1, 99 %, 87399 MiB, 258.58 W, 2377 MHz, 12481 MHz, 44
2026/09/26 15:03:19.243, 0, 99 %, 87431 MiB, 255.04 W, 2385 MHz, 12481 MHz, 45
2026/09/26 15:03:19.243, 1, 99 %, 87399 MiB, 259.74 W, 2407 MHz, 12481 MHz, 44
2026/09/26 15:03:19.493, 0, 99 %, 87431 MiB, 259.09 W, 2385 MHz, 12481 MHz, 44
2026/09/26 15:03:19.493, 1, 99 %, 87399 MiB, 265.51 W, 2407 MHz, 12481 MHz, 44
2026/09/26 15:03:19.743, 0, 97 %, 87431 MiB, 261.87 W, 2415 MHz, 12481 MHz, 43
2026/09/26 15:03:19.743, 1, 99 %, 87399 MiB, 265.03 W, 2407 MHz, 12481 MHz, 44
2026/09/26 15:03:19.993, 0, 99 %, 87431 MiB, 257.22 W, 2415 MHz, 12481 MHz, 44
2026/09/26 15:03:19.993, 1, 99 %, 87399 MiB, 261.96 W, 2407 MHz, 12481 MHz, 44
2026/09/26 15:03:20.243, 0, 99 %, 87431 MiB, 250.97 W, 2415 MHz, 12481 MHz, 44
2026/09/26 15:03:20.244, 1, 99 %, 87399 MiB, 262.57 W, 2407 MHz, 12481 MHz, 44
2026/09/26 15:03:20.494, 0, 99 %, 87431 MiB, 250.44 W, 2415 MHz, 12481 MHz, 44
2026/09/26 15:03:20.494, 1, 99 %, 87399 MiB, 262.60 W, 2407 MHz, 12481 MHz, 44
2026/09/26 15:03:20.744, 0, 99 %, 87431 MiB, 251.51 W, 2415 MHz, 12481 MHz, 44
2026/09/26 15:03:20.744, 1, 99 %, 87399 MiB, 263.64 W, 2407 MHz, 12481 MHz, 44
2026/09/26 15:03:20.994, 0, 99 %, 87431 MiB, 251.86 W, 2415 MHz, 12481 MHz, 44
2026/09/26 15:03:20.994, 1, 99 %, 87399 MiB, 263.39 W, 2407 MHz, 12481 MHz, 44
2026/09/26 15:03:21.244, 0, 99 %, 87431 MiB, 252.24 W, 2415 MHz, 12481 MHz, 44
2026/09/26 15:03:21.244, 1, 99 %, 87399 MiB, 262.70 W, 2407 MHz, 12481 MHz, 44
2026/09/26 15:03:21.494, 0, 99 %, 87431 MiB, 252.53 W, 2415 MHz, 12481 MHz, 44
2026/09/26 15:03:21.494, 1, 99 %, 87399 MiB, 262.46 W, 2407 MHz, 12481 MHz, 44
2026/09/26 15:03:21.744, 0, 69 %, 87431 MiB, 250.04 W, 2400 MHz, 12481 MHz, 43
2026/09/26 15:03:21.744, 1, 99 %, 87399 MiB, 257.43 W, 2407 MHz, 12481 MHz, 42
2026/09/26 15:03:21.995, 0, 66 %, 87431 MiB, 241.00 W, 2400 MHz, 12481 MHz, 42
2026/09/26 15:03:21.996, 1, 92 %, 87399 MiB, 252.36 W, 2385 MHz, 12481 MHz, 42
2026/09/26 15:03:22.247, 0, 99 %, 87431 MiB, 244.81 W, 2400 MHz, 12481 MHz, 44
2026/09/26 15:03:22.247, 1, 99 %, 87399 MiB, 254.71 W, 2377 MHz, 12481 MHz, 44
2026/09/26 15:03:22.497, 0, 99 %, 87431 MiB, 245.14 W, 2400 MHz, 12481 MHz, 44
2026/09/26 15:03:22.497, 1, 99 %, 87399 MiB, 254.19 W, 2407 MHz, 12481 MHz, 44
2026/09/26 15:03:22.748, 0, 99 %, 87431 MiB, 248.52 W, 2415 MHz, 12481 MHz, 44
2026/09/26 15:03:22.748, 1, 99 %, 87399 MiB, 259.58 W, 2407 MHz, 12481 MHz, 44
2026/09/26 15:03:22.998, 0, 97 %, 87431 MiB, 257.14 W, 2415 MHz, 12481 MHz, 44
2026/09/26 15:03:22.998, 1, 99 %, 87399 MiB, 263.38 W, 2407 MHz, 12481 MHz, 44
2026/09/26 15:03:23.248, 0, 99 %, 87431 MiB, 252.71 W, 2415 MHz, 12481 MHz, 44
2026/09/26 15:03:23.248, 1, 99 %, 87399 MiB, 262.45 W, 2385 MHz, 12481 MHz, 44
2026/09/26 15:03:23.498, 0, 99 %, 87431 MiB, 252.86 W, 2415 MHz, 12481 MHz, 44
2026/09/26 15:03:23.498, 1, 99 %, 87399 MiB, 262.46 W, 2407 MHz, 12481 MHz, 44
2026/09/26 15:03:23.748, 0, 99 %, 87431 MiB, 251.83 W, 2415 MHz, 12481 MHz, 44
2026/09/26 15:03:23.749, 1, 99 %, 87399 MiB, 262.21 W, 2407 MHz, 12481 MHz, 44
2026/09/26 15:03:23.999, 0, 99 %, 87431 MiB, 252.83 W, 2415 MHz, 12481 MHz, 44
2026/09/26 15:03:23.999, 1, 99 %, 87399 MiB, 262.55 W, 2407 MHz, 12481 MHz, 44
2026/09/26 15:03:24.249, 0, 99 %, 87431 MiB, 253.09 W, 2415 MHz, 12481 MHz, 44
2026/09/26 15:03:24.249, 1, 99 %, 87399 MiB, 261.18 W, 2407 MHz, 12481 MHz, 44
2026/09/26 15:03:24.499, 0, 99 %, 87431 MiB, 252.93 W, 2415 MHz, 12481 MHz, 44
2026/09/26 15:03:24.499, 1, 99 %, 87399 MiB, 261.33 W, 2407 MHz, 12481 MHz, 44
2026/09/26 15:03:24.749, 0, 99 %, 87431 MiB, 253.42 W, 2415 MHz, 12481 MHz, 44
2026/09/26 15:03:24.749, 1, 99 %, 87399 MiB, 261.56 W, 2407 MHz, 12481 MHz, 44
2026/09/26 15:03:25.000, 0, 99 %, 87431 MiB, 253.41 W, 2415 MHz, 12481 MHz, 44
2026/09/26 15:03:25.000, 1, 99 %, 87399 MiB, 261.35 W, 2407 MHz, 12481 MHz, 44
2026/09/26 15:03:25.250, 0, 67 %, 87431 MiB, 239.48 W, 2377 MHz, 12481 MHz, 43
2026/09/26 15:03:25.250, 1, 49 %, 87399 MiB, 250.15 W, 2400 MHz, 12481 MHz, 43
2026/09/26 15:03:25.500, 0, 99 %, 87431 MiB, 240.71 W, 2377 MHz, 12481 MHz, 44
2026/09/26 15:03:25.500, 1, 99 %, 87399 MiB, 251.48 W, 2385 MHz, 12481 MHz, 44
2026/09/26 15:03:25.750, 0, 99 %, 87431 MiB, 240.14 W, 2415 MHz, 12481 MHz, 44
2026/09/26 15:03:25.750, 1, 99 %, 87399 MiB, 252.33 W, 2407 MHz, 12481 MHz, 44
2026/09/26 15:03:26.000, 0, 98 %, 87431 MiB, 239.93 W, 2415 MHz, 12481 MHz, 44
2026/09/26 15:03:26.000, 1, 99 %, 87399 MiB, 253.05 W, 2407 MHz, 12481 MHz, 44
2026/09/26 15:03:26.250, 0, 99 %, 87431 MiB, 252.95 W, 2415 MHz, 12481 MHz, 44
2026/09/26 15:03:26.250, 1, 99 %, 87399 MiB, 262.25 W, 2407 MHz, 12481 MHz, 44
2026/09/26 15:03:26.501, 0, 99 %, 87431 MiB, 250.37 W, 2415 MHz, 12481 MHz, 44
2026/09/26 15:03:26.501, 1, 94 %, 87399 MiB, 262.53 W, 2407 MHz, 12481 MHz, 44
2026/09/26 15:03:26.751, 0, 99 %, 87431 MiB, 250.52 W, 2415 MHz, 12481 MHz, 44
2026/09/26 15:03:26.751, 1, 99 %, 87399 MiB, 262.47 W, 2407 MHz, 12481 MHz, 44
2026/09/26 15:03:27.001, 0, 99 %, 87431 MiB, 250.74 W, 2415 MHz, 12481 MHz, 44
2026/09/26 15:03:27.001, 1, 99 %, 87399 MiB, 261.87 W, 2407 MHz, 12481 MHz, 44
2026/09/26 15:03:27.251, 0, 99 %, 87431 MiB, 251.50 W, 2415 MHz, 12481 MHz, 44
2026/09/26 15:03:27.251, 1, 99 %, 87399 MiB, 262.13 W, 2407 MHz, 12481 MHz, 44
2026/09/26 15:03:27.501, 0, 99 %, 87431 MiB, 252.85 W, 2415 MHz, 12481 MHz, 45
2026/09/26 15:03:27.501, 1, 99 %, 87399 MiB, 263.23 W, 2407 MHz, 12481 MHz, 45
2026/09/26 15:03:27.751, 0, 99 %, 87431 MiB, 252.80 W, 2415 MHz, 12481 MHz, 45
2026/09/26 15:03:27.751, 1, 99 %, 87399 MiB, 263.48 W, 2407 MHz, 12481 MHz, 45
2026/09/26 15:03:28.001, 0, 99 %, 87431 MiB, 252.42 W, 2415 MHz, 12481 MHz, 45
2026/09/26 15:03:28.001, 1, 99 %, 87399 MiB, 263.09 W, 2407 MHz, 12481 MHz, 45
2026/09/26 15:03:28.251, 0, 99 %, 87431 MiB, 252.10 W, 2415 MHz, 12481 MHz, 45
2026/09/26 15:03:28.251, 1, 99 %, 87399 MiB, 263.01 W, 2407 MHz, 12481 MHz, 45
2026/09/26 15:03:28.501, 0, 25 %, 87431 MiB, 243.44 W, 2415 MHz, 12481 MHz, 42
2026/09/26 15:03:28.502, 1, 15 %, 87399 MiB, 252.64 W, 2392 MHz, 12481 MHz, 43
2026/09/26 15:03:28.752, 0, 98 %, 87431 MiB, 235.99 W, 2400 MHz, 12481 MHz, 44
2026/09/26 15:03:28.752, 1, 35 %, 87399 MiB, 247.53 W, 2392 MHz, 12481 MHz, 44
2026/09/26 15:03:29.002, 0, 98 %, 87431 MiB, 236.13 W, 2400 MHz, 12481 MHz, 45
2026/09/26 15:03:29.002, 1, 99 %, 87399 MiB, 247.21 W, 2407 MHz, 12481 MHz, 45
2026/09/26 15:03:29.252, 0, 99 %, 87431 MiB, 236.53 W, 2415 MHz, 12481 MHz, 45
2026/09/26 15:03:29.252, 1, 99 %, 87399 MiB, 246.74 W, 2407 MHz, 12481 MHz, 45
2026/09/26 15:03:29.502, 0, 98 %, 87431 MiB, 246.87 W, 2415 MHz, 12481 MHz, 45
2026/09/26 15:03:29.502, 1, 99 %, 87399 MiB, 258.49 W, 2407 MHz, 12481 MHz, 45
2026/09/26 15:03:29.752, 0, 99 %, 87431 MiB, 253.33 W, 2415 MHz, 12481 MHz, 45
2026/09/26 15:03:29.752, 1, 99 %, 87399 MiB, 259.54 W, 2407 MHz, 12481 MHz, 45
2026/09/26 15:03:30.002, 0, 99 %, 87431 MiB, 253.90 W, 2415 MHz, 12481 MHz, 45
2026/09/26 15:03:30.002, 1, 99 %, 87399 MiB, 259.26 W, 2407 MHz, 12481 MHz, 45
2026/09/26 15:03:30.252, 0, 99 %, 87431 MiB, 253.08 W, 2415 MHz, 12481 MHz, 45
2026/09/26 15:03:30.252, 1, 99 %, 87399 MiB, 260.04 W, 2407 MHz, 12481 MHz, 45
2026/09/26 15:03:30.503, 0, 98 %, 87431 MiB, 252.79 W, 2415 MHz, 12481 MHz, 45
2026/09/26 15:03:30.503, 1, 99 %, 87399 MiB, 259.59 W, 2407 MHz, 12481 MHz, 45
2026/09/26 15:03:30.753, 0, 99 %, 87431 MiB, 252.74 W, 2415 MHz, 12481 MHz, 45
2026/09/26 15:03:30.753, 1, 99 %, 87399 MiB, 261.66 W, 2407 MHz, 12481 MHz, 45
2026/09/26 15:03:31.003, 0, 98 %, 87431 MiB, 252.35 W, 2415 MHz, 12481 MHz, 45
2026/09/26 15:03:31.003, 1, 99 %, 87399 MiB, 261.75 W, 2407 MHz, 12481 MHz, 45
2026/09/26 15:03:31.253, 0, 99 %, 87431 MiB, 252.88 W, 2415 MHz, 12481 MHz, 45
2026/09/26 15:03:31.253, 1, 99 %, 87399 MiB, 260.91 W, 2407 MHz, 12481 MHz, 45
2026/09/26 15:03:31.503, 0, 98 %, 87431 MiB, 253.01 W, 2415 MHz, 12481 MHz, 45
2026/09/26 15:03:31.503, 1, 99 %, 87399 MiB, 261.08 W, 2407 MHz, 12481 MHz, 45
2026/09/26 15:03:31.753, 0, 68 %, 87431 MiB, 250.43 W, 2407 MHz, 12481 MHz, 44
2026/09/26 15:03:31.753, 1, 99 %, 87399 MiB, 255.32 W, 2407 MHz, 12481 MHz, 43
2026/09/26 15:03:32.003, 0, 80 %, 87431 MiB, 242.84 W, 2407 MHz, 12481 MHz, 44
2026/09/26 15:03:32.003, 1, 91 %, 87399 MiB, 252.29 W, 2385 MHz, 12481 MHz, 43
2026/09/26 15:03:32.253, 0, 98 %, 87431 MiB, 242.25 W, 2415 MHz, 12481 MHz, 45
2026/09/26 15:03:32.253, 1, 99 %, 87399 MiB, 253.08 W, 2407 MHz, 12481 MHz, 45
2026/09/26 15:03:32.504, 0, 98 %, 87431 MiB, 241.79 W, 2415 MHz, 12481 MHz, 45
2026/09/26 15:03:32.504, 1, 99 %, 87399 MiB, 253.57 W, 2407 MHz, 12481 MHz, 45
2026/09/26 15:03:32.754, 0, 99 %, 87431 MiB, 245.87 W, 2415 MHz, 12481 MHz, 45
2026/09/26 15:03:32.754, 1, 98 %, 87399 MiB, 259.15 W, 2407 MHz, 12481 MHz, 45
2026/09/26 15:03:33.004, 0, 98 %, 87431 MiB, 252.97 W, 2415 MHz, 12481 MHz, 45
2026/09/26 15:03:33.004, 1, 99 %, 87399 MiB, 262.66 W, 2407 MHz, 12481 MHz, 45
2026/09/26 15:03:33.254, 0, 98 %, 87431 MiB, 252.96 W, 2415 MHz, 12481 MHz, 45
2026/09/26 15:03:33.254, 1, 99 %, 87399 MiB, 261.27 W, 2407 MHz, 12481 MHz, 45
2026/09/26 15:03:33.504, 0, 98 %, 87431 MiB, 253.08 W, 2415 MHz, 12481 MHz, 45
2026/09/26 15:03:33.504, 1, 99 %, 87399 MiB, 261.05 W, 2407 MHz, 12481 MHz, 45
2026/09/26 15:03:33.754, 0, 98 %, 87431 MiB, 253.20 W, 2415 MHz, 12481 MHz, 45
2026/09/26 15:03:33.754, 1, 99 %, 87399 MiB, 260.75 W, 2407 MHz, 12481 MHz, 45
2026/09/26 15:03:34.004, 0, 98 %, 87431 MiB, 252.76 W, 2415 MHz, 12481 MHz, 45
2026/09/26 15:03:34.004, 1, 99 %, 87399 MiB, 260.72 W, 2407 MHz, 12481 MHz, 45
2026/09/26 15:03:34.254, 0, 98 %, 87431 MiB, 253.49 W, 2415 MHz, 12481 MHz, 45
2026/09/26 15:03:34.254, 1, 99 %, 87399 MiB, 262.39 W, 2407 MHz, 12481 MHz, 45
2026/09/26 15:03:34.504, 0, 98 %, 87431 MiB, 253.55 W, 2415 MHz, 12481 MHz, 45
2026/09/26 15:03:34.504, 1, 99 %, 87399 MiB, 262.36 W, 2407 MHz, 12481 MHz, 45
2026/09/26 15:03:34.755, 0, 99 %, 87431 MiB, 252.98 W, 2415 MHz, 12481 MHz, 45
2026/09/26 15:03:34.755, 1, 99 %, 87399 MiB, 262.52 W, 2407 MHz, 12481 MHz, 45
2026/09/26 15:03:35.005, 0, 98 %, 87431 MiB, 253.13 W, 2415 MHz, 12481 MHz, 45
2026/09/26 15:03:35.005, 1, 99 %, 87399 MiB, 262.33 W, 2407 MHz, 12481 MHz, 45
2026/09/26 15:03:35.255, 0, 75 %, 87431 MiB, 240.55 W, 2392 MHz, 12481 MHz, 45
2026/09/26 15:03:35.255, 1, 58 %, 87399 MiB, 251.69 W, 2400 MHz, 12481 MHz, 43
2026/09/26 15:03:35.505, 0, 98 %, 87431 MiB, 240.51 W, 2392 MHz, 12481 MHz, 45
2026/09/26 15:03:35.505, 1, 99 %, 87399 MiB, 251.27 W, 2400 MHz, 12481 MHz, 45
2026/09/26 15:03:35.755, 0, 99 %, 87431 MiB, 241.24 W, 2415 MHz, 12481 MHz, 45
2026/09/26 15:03:35.755, 1, 99 %, 87399 MiB, 251.15 W, 2407 MHz, 12481 MHz, 45
2026/09/26 15:03:36.005, 0, 98 %, 87431 MiB, 241.58 W, 2415 MHz, 12481 MHz, 45
2026/09/26 15:03:36.005, 1, 99 %, 87399 MiB, 251.09 W, 2407 MHz, 12481 MHz, 45
2026/09/26 15:03:36.255, 0, 98 %, 87431 MiB, 253.84 W, 2415 MHz, 12481 MHz, 45
2026/09/26 15:03:36.255, 1, 99 %, 87399 MiB, 260.63 W, 2407 MHz, 12481 MHz, 45
2026/09/26 15:03:36.505, 0, 96 %, 87431 MiB, 252.58 W, 2415 MHz, 12481 MHz, 45
2026/09/26 15:03:36.505, 1, 99 %, 87399 MiB, 259.11 W, 2407 MHz, 12481 MHz, 45
2026/09/26 15:03:36.755, 0, 98 %, 87431 MiB, 252.31 W, 2415 MHz, 12481 MHz, 45
2026/09/26 15:03:36.756, 1, 99 %, 87399 MiB, 258.79 W, 2407 MHz, 12481 MHz, 45
2026/09/26 15:03:37.006, 0, 98 %, 87431 MiB, 252.07 W, 2415 MHz, 12481 MHz, 45
2026/09/26 15:03:37.006, 1, 99 %, 87399 MiB, 258.36 W, 2407 MHz, 12481 MHz, 45
2026/09/26 15:03:37.256, 0, 99 %, 87431 MiB, 252.54 W, 2415 MHz, 12481 MHz, 45
2026/09/26 15:03:37.256, 1, 99 %, 87399 MiB, 258.65 W, 2407 MHz, 12481 MHz, 45
2026/09/26 15:03:37.506, 0, 98 %, 87431 MiB, 253.89 W, 2415 MHz, 12481 MHz, 45
2026/09/26 15:03:37.506, 1, 99 %, 87399 MiB, 260.66 W, 2407 MHz, 12481 MHz, 45
2026/09/26 15:03:37.756, 0, 98 %, 87431 MiB, 254.46 W, 2415 MHz, 12481 MHz, 45
2026/09/26 15:03:37.756, 1, 99 %, 87399 MiB, 260.82 W, 2407 MHz, 12481 MHz, 45
2026/09/26 15:03:38.006, 0, 98 %, 87431 MiB, 253.63 W, 2415 MHz, 12481 MHz, 45
2026/09/26 15:03:38.006, 1, 99 %, 87399 MiB, 261.14 W, 2407 MHz, 12481 MHz, 45
2026/09/26 15:03:38.256, 0, 98 %, 87431 MiB, 252.82 W, 2415 MHz, 12481 MHz, 45
2026/09/26 15:03:38.256, 1, 99 %, 87399 MiB, 261.46 W, 2407 MHz, 12481 MHz, 45
2026/09/26 15:03:38.506, 0, 57 %, 87431 MiB, 250.10 W, 2415 MHz, 12481 MHz, 46
2026/09/26 15:03:38.506, 1, 58 %, 87399 MiB, 258.35 W, 2407 MHz, 12481 MHz, 45
2026/09/26 15:03:38.756, 0, 29 %, 87431 MiB, 239.82 W, 2415 MHz, 12481 MHz, 45
2026/09/26 15:03:38.756, 1, 41 %, 87399 MiB, 250.06 W, 2385 MHz, 12481 MHz, 45
2026/09/26 15:03:39.006, 0, 99 %, 87431 MiB, 240.65 W, 2407 MHz, 12481 MHz, 45
2026/09/26 15:03:39.007, 1, 99 %, 87399 MiB, 248.81 W, 2407 MHz, 12481 MHz, 45
2026/09/26 15:03:39.257, 0, 99 %, 87431 MiB, 240.85 W, 2415 MHz, 12481 MHz, 45
2026/09/26 15:03:39.257, 1, 99 %, 87399 MiB, 246.82 W, 2407 MHz, 12481 MHz, 45
2026/09/26 15:03:39.507, 0, 98 %, 87431 MiB, 243.26 W, 2415 MHz, 12481 MHz, 45
2026/09/26 15:03:39.507, 1, 99 %, 87399 MiB, 249.94 W, 2407 MHz, 12481 MHz, 45
2026/09/26 15:03:39.757, 0, 99 %, 87431 MiB, 252.87 W, 2415 MHz, 12481 MHz, 45
2026/09/26 15:03:39.757, 1, 99 %, 87399 MiB, 254.52 W, 2407 MHz, 12481 MHz, 45
2026/09/26 15:03:40.007, 0, 98 %, 87431 MiB, 252.99 W, 2415 MHz, 12481 MHz, 45
2026/09/26 15:03:40.007, 1, 99 %, 87399 MiB, 254.53 W, 2407 MHz, 12481 MHz, 45
2026/09/26 15:03:40.257, 0, 97 %, 87431 MiB, 253.00 W, 2415 MHz, 12481 MHz, 45
2026/09/26 15:03:40.257, 1, 98 %, 87399 MiB, 254.57 W, 2407 MHz, 12481 MHz, 45
2026/09/26 15:03:40.507, 0, 99 %, 87431 MiB, 253.75 W, 2415 MHz, 12481 MHz, 45
2026/09/26 15:03:40.507, 1, 99 %, 87399 MiB, 253.96 W, 2407 MHz, 12481 MHz, 45
2026/09/26 15:03:40.757, 0, 98 %, 87431 MiB, 255.07 W, 2415 MHz, 12481 MHz, 45
2026/09/26 15:03:40.757, 1, 99 %, 87399 MiB, 254.57 W, 2407 MHz, 12481 MHz, 45
2026/09/26 15:03:41.007, 0, 99 %, 87431 MiB, 255.34 W, 2415 MHz, 12481 MHz, 45
2026/09/26 15:03:41.007, 1, 99 %, 87399 MiB, 254.62 W, 2407 MHz, 12481 MHz, 45
2026/09/26 15:03:41.258, 0, 98 %, 87431 MiB, 255.19 W, 2415 MHz, 12481 MHz, 45
2026/09/26 15:03:41.258, 1, 99 %, 87399 MiB, 254.84 W, 2407 MHz, 12481 MHz, 45
2026/09/26 15:03:41.508, 0, 98 %, 87431 MiB, 255.11 W, 2415 MHz, 12481 MHz, 45
2026/09/26 15:03:41.508, 1, 99 %, 87399 MiB, 255.38 W, 2407 MHz, 12481 MHz, 45
2026/09/26 15:03:41.758, 0, 98 %, 87431 MiB, 248.72 W, 2415 MHz, 12481 MHz, 44
2026/09/26 15:03:41.758, 1, 99 %, 87399 MiB, 253.54 W, 2407 MHz, 12481 MHz, 45
2026/09/26 15:03:42.008, 0, 97 %, 87431 MiB, 242.10 W, 2407 MHz, 12481 MHz, 45
2026/09/26 15:03:42.008, 1, 98 %, 87399 MiB, 247.60 W, 2392 MHz, 12481 MHz, 45
2026/09/26 15:03:42.258, 0, 99 %, 87431 MiB, 241.41 W, 2400 MHz, 12481 MHz, 45
2026/09/26 15:03:42.258, 1, 99 %, 87399 MiB, 249.15 W, 2407 MHz, 12481 MHz, 45
2026/09/26 15:03:42.508, 0, 98 %, 87431 MiB, 238.41 W, 2415 MHz, 12481 MHz, 45
2026/09/26 15:03:42.508, 1, 99 %, 87399 MiB, 250.59 W, 2407 MHz, 12481 MHz, 45
2026/09/26 15:03:42.758, 0, 99 %, 87431 MiB, 242.22 W, 2415 MHz, 12481 MHz, 45
2026/09/26 15:03:42.758, 1, 99 %, 87399 MiB, 254.97 W, 2407 MHz, 12481 MHz, 45
2026/09/26 15:03:43.009, 0, 98 %, 87431 MiB, 247.71 W, 2415 MHz, 12481 MHz, 45
2026/09/26 15:03:43.009, 1, 99 %, 87399 MiB, 262.35 W, 2407 MHz, 12481 MHz, 45
2026/09/26 15:03:43.259, 0, 98 %, 87431 MiB, 247.04 W, 2415 MHz, 12481 MHz, 45
2026/09/26 15:03:43.259, 1, 99 %, 87399 MiB, 261.82 W, 2407 MHz, 12481 MHz, 45
2026/09/26 15:03:43.509, 0, 99 %, 87431 MiB, 246.98 W, 2415 MHz, 12481 MHz, 45
2026/09/26 15:03:43.509, 1, 99 %, 87399 MiB, 261.58 W, 2407 MHz, 12481 MHz, 45
2026/09/26 15:03:43.759, 0, 98 %, 87431 MiB, 247.33 W, 2415 MHz, 12481 MHz, 45
2026/09/26 15:03:43.759, 1, 99 %, 87399 MiB, 260.89 W, 2407 MHz, 12481 MHz, 45
2026/09/26 15:03:44.009, 0, 98 %, 87431 MiB, 247.20 W, 2415 MHz, 12481 MHz, 45
2026/09/26 15:03:44.009, 1, 99 %, 87399 MiB, 260.97 W, 2407 MHz, 12481 MHz, 45
2026/09/26 15:03:44.259, 0, 98 %, 87431 MiB, 247.11 W, 2415 MHz, 12481 MHz, 45
2026/09/26 15:03:44.259, 1, 99 %, 87399 MiB, 261.41 W, 2407 MHz, 12481 MHz, 45
2026/09/26 15:03:44.509, 0, 99 %, 87431 MiB, 247.95 W, 2415 MHz, 12481 MHz, 45
2026/09/26 15:03:44.509, 1, 99 %, 87399 MiB, 260.52 W, 2407 MHz, 12481 MHz, 45
2026/09/26 15:03:44.759, 0, 98 %, 87431 MiB, 247.86 W, 2415 MHz, 12481 MHz, 45
2026/09/26 15:03:44.759, 1, 99 %, 87399 MiB, 259.06 W, 2407 MHz, 12481 MHz, 45
2026/09/26 15:03:45.009, 0, 71 %, 87431 MiB, 242.28 W, 2415 MHz, 12481 MHz, 44
2026/09/26 15:03:45.009, 1, 99 %, 87399 MiB, 257.43 W, 2407 MHz, 12481 MHz, 45
2026/09/26 15:03:45.260, 0, 36 %, 87431 MiB, 235.24 W, 2422 MHz, 12481 MHz, 43
2026/09/26 15:03:45.260, 1, 29 %, 87399 MiB, 248.72 W, 2400 MHz, 12481 MHz, 44
2026/09/26 15:03:45.510, 0, 98 %, 87431 MiB, 236.60 W, 2400 MHz, 12481 MHz, 45
2026/09/26 15:03:45.510, 1, 99 %, 87399 MiB, 248.11 W, 2392 MHz, 12481 MHz, 45
2026/09/26 15:03:45.760, 0, 98 %, 87431 MiB, 237.78 W, 2415 MHz, 12481 MHz, 45
2026/09/26 15:03:45.760, 1, 99 %, 87399 MiB, 248.16 W, 2407 MHz, 12481 MHz, 45
2026/09/26 15:03:46.010, 0, 99 %, 87431 MiB, 241.90 W, 2415 MHz, 12481 MHz, 45
2026/09/26 15:03:46.010, 1, 99 %, 87399 MiB, 249.07 W, 2407 MHz, 12481 MHz, 45
2026/09/26 15:03:46.260, 0, 98 %, 87431 MiB, 253.44 W, 2415 MHz, 12481 MHz, 45
2026/09/26 15:03:46.260, 1, 99 %, 87399 MiB, 257.25 W, 2407 MHz, 12481 MHz, 45
2026/09/26 15:03:46.510, 0, 99 %, 87431 MiB, 251.88 W, 2415 MHz, 12481 MHz, 45
2026/09/26 15:03:46.510, 1, 99 %, 87399 MiB, 257.03 W, 2407 MHz, 12481 MHz, 45
2026/09/26 15:03:46.760, 0, 98 %, 87431 MiB, 252.10 W, 2415 MHz, 12481 MHz, 46
2026/09/26 15:03:46.760, 1, 99 %, 87399 MiB, 257.02 W, 2407 MHz, 12481 MHz, 45
2026/09/26 15:03:47.010, 0, 98 %, 87431 MiB, 251.73 W, 2415 MHz, 12481 MHz, 46
2026/09/26 15:03:47.010, 1, 99 %, 87399 MiB, 257.02 W, 2407 MHz, 12481 MHz, 45
2026/09/26 15:03:47.261, 0, 99 %, 87431 MiB, 251.82 W, 2415 MHz, 12481 MHz, 46
2026/09/26 15:03:47.261, 1, 99 %, 87399 MiB, 256.51 W, 2407 MHz, 12481 MHz, 45
2026/09/26 15:03:47.511, 0, 98 %, 87431 MiB, 252.56 W, 2415 MHz, 12481 MHz, 46
2026/09/26 15:03:47.511, 1, 99 %, 87399 MiB, 257.32 W, 2407 MHz, 12481 MHz, 45
2026/09/26 15:03:47.761, 0, 98 %, 87431 MiB, 252.16 W, 2415 MHz, 12481 MHz, 46
2026/09/26 15:03:47.761, 1, 99 %, 87399 MiB, 257.44 W, 2407 MHz, 12481 MHz, 45
2026/09/26 15:03:48.011, 0, 99 %, 87431 MiB, 251.65 W, 2415 MHz, 12481 MHz, 45
2026/09/26 15:03:48.011, 1, 99 %, 87399 MiB, 257.40 W, 2407 MHz, 12481 MHz, 45
2026/09/26 15:03:48.261, 0, 98 %, 87431 MiB, 251.22 W, 2415 MHz, 12481 MHz, 46
2026/09/26 15:03:48.261, 1, 99 %, 87399 MiB, 258.00 W, 2407 MHz, 12481 MHz, 45
2026/09/26 15:03:48.511, 0, 63 %, 87431 MiB, 241.05 W, 2415 MHz, 12481 MHz, 44
2026/09/26 15:03:48.514, 1, 86 %, 87399 MiB, 256.72 W, 2400 MHz, 12481 MHz, 46
2026/09/26 15:03:48.765, 0, 99 %, 87431 MiB, 238.07 W, 2415 MHz, 12481 MHz, 46
2026/09/26 15:03:48.765, 1, 84 %, 87399 MiB, 246.76 W, 2415 MHz, 12481 MHz, 45
2026/09/26 15:03:49.015, 0, 98 %, 87431 MiB, 239.14 W, 2415 MHz, 12481 MHz, 46
2026/09/26 15:03:49.016, 1, 99 %, 87399 MiB, 246.34 W, 2407 MHz, 12481 MHz, 45
2026/09/26 15:03:49.266, 0, 98 %, 87431 MiB, 240.45 W, 2415 MHz, 12481 MHz, 46
2026/09/26 15:03:49.266, 1, 99 %, 87399 MiB, 245.26 W, 2407 MHz, 12481 MHz, 45
2026/09/26 15:03:49.516, 0, 99 %, 87431 MiB, 247.56 W, 2415 MHz, 12481 MHz, 46
2026/09/26 15:03:49.516, 1, 99 %, 87399 MiB, 245.96 W, 2407 MHz, 12481 MHz, 45
2026/09/26 15:03:49.766, 0, 99 %, 87431 MiB, 254.10 W, 2415 MHz, 12481 MHz, 46
2026/09/26 15:03:49.766, 1, 97 %, 87399 MiB, 255.49 W, 2407 MHz, 12481 MHz, 45
2026/09/26 15:03:50.016, 0, 99 %, 87431 MiB, 254.11 W, 2415 MHz, 12481 MHz, 46
2026/09/26 15:03:50.016, 1, 99 %, 87399 MiB, 255.34 W, 2407 MHz, 12481 MHz, 45
2026/09/26 15:03:50.266, 0, 98 %, 87431 MiB, 253.52 W, 2415 MHz, 12481 MHz, 46
2026/09/26 15:03:50.266, 1, 99 %, 87399 MiB, 255.60 W, 2407 MHz, 12481 MHz, 45
2026/09/26 15:03:50.516, 0, 98 %, 87431 MiB, 253.65 W, 2415 MHz, 12481 MHz, 46
2026/09/26 15:03:50.516, 1, 99 %, 87399 MiB, 255.31 W, 2407 MHz, 12481 MHz, 45
2026/09/26 15:03:50.766, 0, 98 %, 87431 MiB, 253.99 W, 2415 MHz, 12481 MHz, 46
2026/09/26 15:03:50.767, 1, 99 %, 87399 MiB, 255.40 W, 2407 MHz, 12481 MHz, 45
2026/09/26 15:03:51.017, 0, 99 %, 87431 MiB, 253.95 W, 2415 MHz, 12481 MHz, 46
2026/09/26 15:03:51.017, 1, 99 %, 87399 MiB, 255.71 W, 2407 MHz, 12481 MHz, 45
2026/09/26 15:03:51.267, 0, 98 %, 87431 MiB, 253.18 W, 2415 MHz, 12481 MHz, 46
2026/09/26 15:03:51.267, 1, 99 %, 87399 MiB, 255.40 W, 2407 MHz, 12481 MHz, 45
2026/09/26 15:03:51.517, 0, 99 %, 87431 MiB, 251.61 W, 2415 MHz, 12481 MHz, 46
2026/09/26 15:03:51.517, 1, 99 %, 87399 MiB, 255.32 W, 2407 MHz, 12481 MHz, 45
2026/09/26 15:03:51.767, 0, 67 %, 87431 MiB, 241.51 W, 2422 MHz, 12481 MHz, 44
2026/09/26 15:03:51.767, 1, 88 %, 87399 MiB, 256.43 W, 2400 MHz, 12481 MHz, 46
2026/09/26 15:03:52.018, 0, 98 %, 87431 MiB, 237.08 W, 2422 MHz, 12481 MHz, 46
2026/09/26 15:03:52.018, 1, 49 %, 87399 MiB, 246.21 W, 2415 MHz, 12481 MHz, 45
2026/09/26 15:03:52.268, 0, 99 %, 87431 MiB, 237.86 W, 2415 MHz, 12481 MHz, 46
2026/09/26 15:03:52.268, 1, 99 %, 87399 MiB, 247.42 W, 2407 MHz, 12481 MHz, 45
2026/09/26 15:03:52.518, 0, 98 %, 87431 MiB, 239.20 W, 2415 MHz, 12481 MHz, 46
2026/09/26 15:03:52.518, 1, 99 %, 87399 MiB, 248.31 W, 2407 MHz, 12481 MHz, 45
2026/09/26 15:03:52.768, 0, 98 %, 87431 MiB, 246.10 W, 2415 MHz, 12481 MHz, 46
2026/09/26 15:03:52.768, 1, 99 %, 87399 MiB, 248.49 W, 2407 MHz, 12481 MHz, 46
2026/09/26 15:03:53.018, 0, 98 %, 87431 MiB, 252.92 W, 2415 MHz, 12481 MHz, 46
2026/09/26 15:03:53.018, 1, 99 %, 87399 MiB, 258.12 W, 2407 MHz, 12481 MHz, 45
2026/09/26 15:03:53.268, 0, 99 %, 87431 MiB, 252.58 W, 2415 MHz, 12481 MHz, 46
2026/09/26 15:03:53.268, 1, 99 %, 87399 MiB, 257.38 W, 2407 MHz, 12481 MHz, 45
2026/09/26 15:03:53.518, 0, 98 %, 87431 MiB, 251.15 W, 2415 MHz, 12481 MHz, 46
2026/09/26 15:03:53.518, 1, 99 %, 87399 MiB, 256.89 W, 2407 MHz, 12481 MHz, 45
2026/09/26 15:03:53.769, 0, 99 %, 87431 MiB, 249.65 W, 2415 MHz, 12481 MHz, 46
2026/09/26 15:03:53.769, 1, 99 %, 87399 MiB, 256.61 W, 2407 MHz, 12481 MHz, 46
2026/09/26 15:03:54.019, 0, 98 %, 87431 MiB, 248.90 W, 2415 MHz, 12481 MHz, 46
2026/09/26 15:03:54.019, 1, 99 %, 87399 MiB, 256.91 W, 2407 MHz, 12481 MHz, 45
2026/09/26 15:03:54.269, 0, 99 %, 87431 MiB, 247.66 W, 2415 MHz, 12481 MHz, 46
2026/09/26 15:03:54.269, 1, 99 %, 87399 MiB, 257.77 W, 2407 MHz, 12481 MHz, 45
2026/09/26 15:03:54.519, 0, 99 %, 87431 MiB, 247.44 W, 2415 MHz, 12481 MHz, 45
2026/09/26 15:03:54.519, 1, 99 %, 87399 MiB, 258.04 W, 2407 MHz, 12481 MHz, 45
2026/09/26 15:03:54.769, 0, 98 %, 87431 MiB, 247.20 W, 2415 MHz, 12481 MHz, 46
2026/09/26 15:03:54.769, 1, 99 %, 87399 MiB, 257.16 W, 2407 MHz, 12481 MHz, 45
2026/09/26 15:03:55.019, 0, 14 %, 87431 MiB, 232.35 W, 2415 MHz, 12481 MHz, 43
2026/09/26 15:03:55.019, 1, 99 %, 87399 MiB, 248.40 W, 2407 MHz, 12481 MHz, 45
2026/09/26 15:03:55.269, 0, 91 %, 87431 MiB, 234.02 W, 2407 MHz, 12481 MHz, 44
2026/09/26 15:03:55.269, 1, 95 %, 87399 MiB, 250.83 W, 2392 MHz, 12481 MHz, 46
2026/09/26 15:03:55.519, 0, 16 %, 87471 MiB, 211.82 W, 2407 MHz, 12481 MHz, 45
2026/09/26 15:03:55.520, 1, 12 %, 87437 MiB, 226.12 W, 2392 MHz, 12481 MHz, 43
2026/09/26 15:03:55.770, 0, 98 %, 87471 MiB, 215.68 W, 2415 MHz, 12481 MHz, 46
2026/09/26 15:03:55.770, 1, 99 %, 87437 MiB, 227.66 W, 2385 MHz, 12481 MHz, 45
2026/09/26 15:03:56.020, 0, 99 %, 87471 MiB, 232.40 W, 2415 MHz, 12481 MHz, 46
2026/09/26 15:03:56.020, 1, 99 %, 87437 MiB, 236.60 W, 2400 MHz, 12481 MHz, 45
2026/09/26 15:03:56.270, 0, 99 %, 87471 MiB, 231.28 W, 2415 MHz, 12481 MHz, 46
2026/09/26 15:03:56.270, 1, 99 %, 87437 MiB, 236.53 W, 2400 MHz, 12481 MHz, 46
2026/09/26 15:03:56.520, 0, 99 %, 87471 MiB, 256.49 W, 2415 MHz, 12481 MHz, 46
2026/09/26 15:03:56.520, 1, 99 %, 87437 MiB, 257.60 W, 2400 MHz, 12481 MHz, 46
2026/09/26 15:03:56.770, 0, 99 %, 87471 MiB, 256.12 W, 2415 MHz, 12481 MHz, 46
2026/09/26 15:03:56.770, 1, 99 %, 87437 MiB, 260.67 W, 2400 MHz, 12481 MHz, 46
2026/09/26 15:03:57.020, 0, 99 %, 87471 MiB, 254.78 W, 2415 MHz, 12481 MHz, 46
2026/09/26 15:03:57.020, 1, 99 %, 87437 MiB, 261.26 W, 2400 MHz, 12481 MHz, 46
2026/09/26 15:03:57.270, 0, 99 %, 87471 MiB, 253.93 W, 2415 MHz, 12481 MHz, 46
2026/09/26 15:03:57.270, 1, 99 %, 87437 MiB, 261.96 W, 2400 MHz, 12481 MHz, 46
2026/09/26 15:03:57.521, 0, 99 %, 87471 MiB, 254.21 W, 2415 MHz, 12481 MHz, 46
2026/09/26 15:03:57.521, 1, 99 %, 87437 MiB, 262.13 W, 2400 MHz, 12481 MHz, 46
2026/09/26 15:03:57.771, 0, 99 %, 87471 MiB, 253.04 W, 2415 MHz, 12481 MHz, 46
2026/09/26 15:03:57.771, 1, 99 %, 87437 MiB, 262.39 W, 2400 MHz, 12481 MHz, 46
2026/09/26 15:03:58.021, 0, 99 %, 87471 MiB, 254.18 W, 2415 MHz, 12481 MHz, 46
2026/09/26 15:03:58.021, 1, 99 %, 87437 MiB, 261.48 W, 2400 MHz, 12481 MHz, 46
2026/09/26 15:03:58.271, 0, 99 %, 87471 MiB, 254.72 W, 2415 MHz, 12481 MHz, 46
2026/09/26 15:03:58.271, 1, 99 %, 87437 MiB, 260.75 W, 2400 MHz, 12481 MHz, 46
2026/09/26 15:03:58.521, 0, 99 %, 87471 MiB, 253.11 W, 2415 MHz, 12481 MHz, 46
2026/09/26 15:03:58.521, 1, 99 %, 87437 MiB, 260.37 W, 2400 MHz, 12481 MHz, 46
2026/09/26 15:03:58.771, 0, 99 %, 87471 MiB, 253.61 W, 2415 MHz, 12481 MHz, 46
2026/09/26 15:03:58.771, 1, 99 %, 87437 MiB, 260.21 W, 2400 MHz, 12481 MHz, 46
2026/09/26 15:03:59.021, 0, 99 %, 87471 MiB, 253.80 W, 2415 MHz, 12481 MHz, 46
2026/09/26 15:03:59.021, 1, 99 %, 87437 MiB, 260.94 W, 2400 MHz, 12481 MHz, 46
2026/09/26 15:03:59.271, 0, 99 %, 87471 MiB, 253.20 W, 2415 MHz, 12481 MHz, 46
2026/09/26 15:03:59.271, 1, 99 %, 87437 MiB, 260.92 W, 2400 MHz, 12481 MHz, 46
2026/09/26 15:03:59.521, 0, 99 %, 87471 MiB, 254.07 W, 2415 MHz, 12481 MHz, 46
2026/09/26 15:03:59.521, 1, 99 %, 87437 MiB, 260.99 W, 2400 MHz, 12481 MHz, 46
2026/09/26 15:03:59.772, 0, 99 %, 87471 MiB, 253.11 W, 2415 MHz, 12481 MHz, 46
2026/09/26 15:03:59.772, 1, 99 %, 87437 MiB, 261.63 W, 2400 MHz, 12481 MHz, 46
2026/09/26 15:04:00.022, 0, 85 %, 87471 MiB, 244.07 W, 2415 MHz, 12481 MHz, 46
2026/09/26 15:04:00.022, 1, 99 %, 87437 MiB, 253.60 W, 2392 MHz, 12481 MHz, 45
2026/09/26 15:04:00.272, 0, 66 %, 87471 MiB, 241.80 W, 2422 MHz, 12481 MHz, 44
2026/09/26 15:04:00.272, 1, 48 %, 87437 MiB, 249.32 W, 2415 MHz, 12481 MHz, 44
2026/09/26 15:04:00.522, 0, 63 %, 87471 MiB, 222.73 W, 2407 MHz, 12481 MHz, 45
2026/09/26 15:04:00.522, 1, 70 %, 87437 MiB, 240.31 W, 2400 MHz, 12481 MHz, 45
2026/09/26 15:04:00.772, 0, 99 %, 87471 MiB, 222.22 W, 2400 MHz, 12481 MHz, 46
2026/09/26 15:04:00.772, 1, 99 %, 87437 MiB, 239.35 W, 2400 MHz, 12481 MHz, 46
2026/09/26 15:04:01.022, 0, 99 %, 87471 MiB, 229.53 W, 2415 MHz, 12481 MHz, 46
2026/09/26 15:04:01.022, 1, 99 %, 87437 MiB, 247.52 W, 2400 MHz, 12481 MHz, 46
2026/09/26 15:04:01.272, 0, 99 %, 87471 MiB, 229.23 W, 2415 MHz, 12481 MHz, 46
2026/09/26 15:04:01.272, 1, 99 %, 87437 MiB, 248.06 W, 2400 MHz, 12481 MHz, 46
2026/09/26 15:04:01.522, 0, 99 %, 87471 MiB, 249.74 W, 2415 MHz, 12481 MHz, 46
2026/09/26 15:04:01.522, 1, 99 %, 87437 MiB, 261.22 W, 2400 MHz, 12481 MHz, 46
2026/09/26 15:04:01.772, 0, 99 %, 87471 MiB, 250.75 W, 2415 MHz, 12481 MHz, 46
2026/09/26 15:04:01.773, 1, 99 %, 87437 MiB, 262.75 W, 2400 MHz, 12481 MHz, 46
2026/09/26 15:04:02.023, 0, 99 %, 87471 MiB, 251.29 W, 2415 MHz, 12481 MHz, 46
2026/09/26 15:04:02.023, 1, 99 %, 87437 MiB, 263.59 W, 2400 MHz, 12481 MHz, 46
2026/09/26 15:04:02.273, 0, 99 %, 87471 MiB, 252.29 W, 2415 MHz, 12481 MHz, 46
2026/09/26 15:04:02.273, 1, 99 %, 87437 MiB, 263.36 W, 2400 MHz, 12481 MHz, 46
2026/09/26 15:04:02.523, 0, 99 %, 87471 MiB, 253.40 W, 2415 MHz, 12481 MHz, 46
2026/09/26 15:04:02.523, 1, 99 %, 87437 MiB, 263.22 W, 2400 MHz, 12481 MHz, 46
2026/09/26 15:04:02.773, 0, 99 %, 87471 MiB, 253.00 W, 2415 MHz, 12481 MHz, 46
2026/09/26 15:04:02.773, 1, 99 %, 87437 MiB, 261.01 W, 2400 MHz, 12481 MHz, 46
2026/09/26 15:04:03.023, 0, 99 %, 87471 MiB, 253.44 W, 2415 MHz, 12481 MHz, 46
2026/09/26 15:04:03.023, 1, 99 %, 87437 MiB, 259.51 W, 2400 MHz, 12481 MHz, 46
2026/09/26 15:04:03.273, 0, 99 %, 87471 MiB, 253.19 W, 2415 MHz, 12481 MHz, 46
2026/09/26 15:04:03.273, 1, 99 %, 87437 MiB, 262.68 W, 2400 MHz, 12481 MHz, 46
2026/09/26 15:04:03.524, 0, 99 %, 87471 MiB, 252.99 W, 2415 MHz, 12481 MHz, 46
2026/09/26 15:04:03.524, 1, 99 %, 87437 MiB, 262.15 W, 2400 MHz, 12481 MHz, 46
2026/09/26 15:04:03.774, 0, 99 %, 87471 MiB, 254.23 W, 2415 MHz, 12481 MHz, 46
2026/09/26 15:04:03.774, 1, 99 %, 87437 MiB, 264.73 W, 2400 MHz, 12481 MHz, 46
2026/09/26 15:04:04.024, 0, 99 %, 87471 MiB, 254.76 W, 2415 MHz, 12481 MHz, 46
2026/09/26 15:04:04.024, 1, 99 %, 87437 MiB, 266.55 W, 2400 MHz, 12481 MHz, 46
2026/09/26 15:04:04.274, 0, 99 %, 87471 MiB, 255.01 W, 2415 MHz, 12481 MHz, 46
2026/09/26 15:04:04.274, 1, 99 %, 87437 MiB, 263.89 W, 2400 MHz, 12481 MHz, 46
2026/09/26 15:04:04.524, 0, 99 %, 87471 MiB, 255.68 W, 2415 MHz, 12481 MHz, 46
2026/09/26 15:04:04.524, 1, 99 %, 87437 MiB, 263.79 W, 2400 MHz, 12481 MHz, 46
2026/09/26 15:04:04.775, 0, 99 %, 87471 MiB, 250.29 W, 2415 MHz, 12481 MHz, 45
2026/09/26 15:04:04.775, 1, 99 %, 87437 MiB, 250.40 W, 2400 MHz, 12481 MHz, 44
2026/09/26 15:04:05.025, 0, 90 %, 87471 MiB, 248.54 W, 2422 MHz, 12481 MHz, 47
2026/09/26 15:04:05.025, 1, 45 %, 87437 MiB, 256.11 W, 2415 MHz, 12481 MHz, 47
2026/09/26 15:04:05.275, 0, 27 %, 87471 MiB, 221.51 W, 2422 MHz, 12481 MHz, 44
2026/09/26 15:04:05.275, 1, 13 %, 87437 MiB, 235.56 W, 2407 MHz, 12481 MHz, 45
2026/09/26 15:04:05.525, 0, 97 %, 87471 MiB, 220.96 W, 2415 MHz, 12481 MHz, 46
2026/09/26 15:04:05.525, 1, 96 %, 87437 MiB, 234.57 W, 2392 MHz, 12481 MHz, 46
2026/09/26 15:04:05.775, 0, 99 %, 87471 MiB, 222.03 W, 2415 MHz, 12481 MHz, 46
2026/09/26 15:04:05.775, 1, 99 %, 87437 MiB, 247.33 W, 2400 MHz, 12481 MHz, 46
2026/09/26 15:04:06.025, 0, 99 %, 87471 MiB, 225.40 W, 2415 MHz, 12481 MHz, 46
2026/09/26 15:04:06.025, 1, 99 %, 87437 MiB, 240.50 W, 2400 MHz, 12481 MHz, 46
2026/09/26 15:04:06.275, 0, 99 %, 87471 MiB, 248.67 W, 2415 MHz, 12481 MHz, 46
2026/09/26 15:04:06.275, 1, 99 %, 87437 MiB, 259.82 W, 2400 MHz, 12481 MHz, 46
2026/09/26 15:04:06.526, 0, 99 %, 87471 MiB, 253.57 W, 2415 MHz, 12481 MHz, 46
2026/09/26 15:04:06.526, 1, 99 %, 87437 MiB, 260.19 W, 2400 MHz, 12481 MHz, 46
2026/09/26 15:04:06.776, 0, 99 %, 87471 MiB, 253.63 W, 2415 MHz, 12481 MHz, 46
2026/09/26 15:04:06.776, 1, 99 %, 87437 MiB, 259.05 W, 2400 MHz, 12481 MHz, 46
2026/09/26 15:04:07.026, 0, 99 %, 87471 MiB, 253.90 W, 2415 MHz, 12481 MHz, 46
2026/09/26 15:04:07.026, 1, 98 %, 87437 MiB, 259.11 W, 2400 MHz, 12481 MHz, 46
2026/09/26 15:04:07.276, 0, 99 %, 87471 MiB, 254.73 W, 2415 MHz, 12481 MHz, 46
2026/09/26 15:04:07.276, 1, 99 %, 87437 MiB, 260.03 W, 2400 MHz, 12481 MHz, 46
2026/09/26 15:04:07.526, 0, 99 %, 87471 MiB, 254.37 W, 2415 MHz, 12481 MHz, 46
2026/09/26 15:04:07.526, 1, 99 %, 87437 MiB, 259.67 W, 2400 MHz, 12481 MHz, 46
2026/09/26 15:04:07.776, 0, 99 %, 87471 MiB, 254.10 W, 2415 MHz, 12481 MHz, 46
2026/09/26 15:04:07.776, 1, 99 %, 87437 MiB, 260.01 W, 2400 MHz, 12481 MHz, 46
2026/09/26 15:04:08.026, 0, 99 %, 87471 MiB, 254.49 W, 2415 MHz, 12481 MHz, 46
2026/09/26 15:04:08.026, 1, 99 %, 87437 MiB, 259.84 W, 2400 MHz, 12481 MHz, 46
2026/09/26 15:04:08.277, 0, 99 %, 87471 MiB, 254.07 W, 2415 MHz, 12481 MHz, 46
2026/09/26 15:04:08.277, 1, 99 %, 87437 MiB, 260.16 W, 2400 MHz, 12481 MHz, 46
2026/09/26 15:04:08.527, 0, 99 %, 87471 MiB, 254.15 W, 2415 MHz, 12481 MHz, 46
2026/09/26 15:04:08.527, 1, 99 %, 87437 MiB, 261.09 W, 2400 MHz, 12481 MHz, 46
2026/09/26 15:04:08.777, 0, 99 %, 87471 MiB, 254.76 W, 2415 MHz, 12481 MHz, 46
2026/09/26 15:04:08.777, 1, 99 %, 87437 MiB, 262.09 W, 2400 MHz, 12481 MHz, 46
2026/09/26 15:04:09.027, 0, 99 %, 87471 MiB, 254.87 W, 2415 MHz, 12481 MHz, 46
2026/09/26 15:04:09.027, 1, 99 %, 87437 MiB, 261.58 W, 2400 MHz, 12481 MHz, 46
2026/09/26 15:04:09.277, 0, 99 %, 87471 MiB, 254.68 W, 2415 MHz, 12481 MHz, 46
2026/09/26 15:04:09.277, 1, 98 %, 87437 MiB, 262.18 W, 2400 MHz, 12481 MHz, 46
2026/09/26 15:04:09.527, 0, 98 %, 87471 MiB, 254.45 W, 2415 MHz, 12481 MHz, 46
2026/09/26 15:04:09.527, 1, 98 %, 87437 MiB, 263.23 W, 2400 MHz, 12481 MHz, 46
2026/09/26 15:04:09.778, 0, 99 %, 87471 MiB, 242.47 W, 2415 MHz, 12481 MHz, 45
2026/09/26 15:04:09.778, 1, 99 %, 87437 MiB, 254.21 W, 2400 MHz, 12481 MHz, 45
2026/09/26 15:04:10.028, 0, 46 %, 87471 MiB, 236.37 W, 2415 MHz, 12481 MHz, 44
2026/09/26 15:04:10.028, 1, 98 %, 87437 MiB, 254.86 W, 2392 MHz, 12481 MHz, 47
2026/09/26 15:04:10.278, 0, 53 %, 87471 MiB, 220.12 W, 2415 MHz, 12481 MHz, 45
2026/09/26 15:04:10.278, 1, 73 %, 87437 MiB, 235.07 W, 2400 MHz, 12481 MHz, 45
2026/09/26 15:04:10.528, 0, 99 %, 87471 MiB, 219.96 W, 2415 MHz, 12481 MHz, 46
2026/09/26 15:04:10.528, 1, 99 %, 87437 MiB, 233.34 W, 2400 MHz, 12481 MHz, 46
2026/09/26 15:04:10.778, 0, 99 %, 87471 MiB, 232.14 W, 2415 MHz, 12481 MHz, 46
2026/09/26 15:04:10.778, 1, 99 %, 87437 MiB, 242.33 W, 2400 MHz, 12481 MHz, 46
2026/09/26 15:04:11.028, 0, 99 %, 87471 MiB, 235.12 W, 2415 MHz, 12481 MHz, 46
2026/09/26 15:04:11.028, 1, 99 %, 87437 MiB, 239.37 W, 2400 MHz, 12481 MHz, 46
2026/09/26 15:04:11.278, 0, 99 %, 87471 MiB, 252.91 W, 2415 MHz, 12481 MHz, 46
2026/09/26 15:04:11.278, 1, 99 %, 87437 MiB, 262.39 W, 2400 MHz, 12481 MHz, 46
2026/09/26 15:04:11.528, 0, 99 %, 87471 MiB, 253.33 W, 2415 MHz, 12481 MHz, 46
2026/09/26 15:04:11.528, 1, 99 %, 87437 MiB, 261.90 W, 2400 MHz, 12481 MHz, 46
2026/09/26 15:04:11.778, 0, 99 %, 87471 MiB, 253.03 W, 2415 MHz, 12481 MHz, 46
2026/09/26 15:04:11.778, 1, 99 %, 87437 MiB, 261.85 W, 2400 MHz, 12481 MHz, 46
2026/09/26 15:04:12.029, 0, 99 %, 87471 MiB, 253.36 W, 2415 MHz, 12481 MHz, 46
2026/09/26 15:04:12.029, 1, 99 %, 87437 MiB, 261.53 W, 2400 MHz, 12481 MHz, 46
2026/09/26 15:04:12.279, 0, 99 %, 87471 MiB, 253.75 W, 2415 MHz, 12481 MHz, 46
2026/09/26 15:04:12.279, 1, 99 %, 87437 MiB, 260.79 W, 2400 MHz, 12481 MHz, 46
2026/09/26 15:04:12.529, 0, 99 %, 87471 MiB, 253.65 W, 2415 MHz, 12481 MHz, 46
2026/09/26 15:04:12.529, 1, 99 %, 87437 MiB, 260.92 W, 2400 MHz, 12481 MHz, 46
2026/09/26 15:04:12.779, 0, 99 %, 87471 MiB, 254.86 W, 2415 MHz, 12481 MHz, 46
2026/09/26 15:04:12.779, 1, 99 %, 87437 MiB, 260.81 W, 2400 MHz, 12481 MHz, 46
2026/09/26 15:04:13.029, 0, 99 %, 87471 MiB, 254.74 W, 2415 MHz, 12481 MHz, 46
2026/09/26 15:04:13.029, 1, 99 %, 87437 MiB, 259.71 W, 2400 MHz, 12481 MHz, 46
2026/09/26 15:04:13.279, 0, 99 %, 87471 MiB, 255.10 W, 2415 MHz, 12481 MHz, 46
2026/09/26 15:04:13.279, 1, 99 %, 87437 MiB, 260.00 W, 2400 MHz, 12481 MHz, 46
2026/09/26 15:04:13.529, 0, 99 %, 87471 MiB, 254.54 W, 2415 MHz, 12481 MHz, 46
2026/09/26 15:04:13.529, 1, 99 %, 87437 MiB, 259.71 W, 2400 MHz, 12481 MHz, 46
2026/09/26 15:04:13.779, 0, 99 %, 87471 MiB, 254.20 W, 2415 MHz, 12481 MHz, 46
2026/09/26 15:04:13.779, 1, 99 %, 87437 MiB, 259.73 W, 2400 MHz, 12481 MHz, 46
2026/09/26 15:04:14.029, 0, 99 %, 87471 MiB, 254.43 W, 2415 MHz, 12481 MHz, 46
2026/09/26 15:04:14.029, 1, 99 %, 87437 MiB, 260.08 W, 2400 MHz, 12481 MHz, 46
2026/09/26 15:04:14.280, 0, 99 %, 87471 MiB, 254.64 W, 2415 MHz, 12481 MHz, 46
2026/09/26 15:04:14.280, 1, 99 %, 87437 MiB, 259.28 W, 2400 MHz, 12481 MHz, 46
2026/09/26 15:04:14.530, 0, 99 %, 87471 MiB, 250.22 W, 2415 MHz, 12481 MHz, 45
2026/09/26 15:04:14.530, 1, 99 %, 87437 MiB, 260.29 W, 2400 MHz, 12481 MHz, 46
2026/09/26 15:04:14.780, 0, 0 %, 87471 MiB, 217.59 W, 2415 MHz, 12481 MHz, 43
2026/09/26 15:04:14.780, 1, 0 %, 87437 MiB, 220.98 W, 2392 MHz, 12481 MHz, 43
2026/09/26 15:04:15.030, 0, 89 %, 87471 MiB, 222.17 W, 2422 MHz, 12481 MHz, 47
2026/09/26 15:04:15.030, 1, 68 %, 87437 MiB, 228.79 W, 2392 MHz, 12481 MHz, 47
2026/09/26 15:04:15.280, 0, 90 %, 87471 MiB, 223.33 W, 2422 MHz, 12481 MHz, 47
2026/09/26 15:04:15.280, 1, 95 %, 87437 MiB, 237.96 W, 2415 MHz, 12481 MHz, 47
2026/09/26 15:04:15.530, 0, 14 %, 87525 MiB, 192.47 W, 2407 MHz, 12481 MHz, 45
2026/09/26 15:04:15.530, 1, 17 %, 87491 MiB, 208.54 W, 2422 MHz, 12481 MHz, 43
2026/09/26 15:04:15.780, 0, 19 %, 87531 MiB, 212.70 W, 2407 MHz, 12481 MHz, 45
2026/09/26 15:04:15.780, 1, 12 %, 87497 MiB, 232.43 W, 2385 MHz, 12481 MHz, 45
2026/09/26 15:04:16.030, 0, 99 %, 87531 MiB, 209.22 W, 2407 MHz, 12481 MHz, 46
2026/09/26 15:04:16.030, 1, 99 %, 87497 MiB, 226.66 W, 2392 MHz, 12481 MHz, 46
2026/09/26 15:04:16.280, 0, 99 %, 87531 MiB, 210.32 W, 2407 MHz, 12481 MHz, 46
2026/09/26 15:04:16.280, 1, 99 %, 87497 MiB, 218.31 W, 2392 MHz, 12481 MHz, 46
2026/09/26 15:04:16.531, 0, 99 %, 87531 MiB, 242.15 W, 2407 MHz, 12481 MHz, 46
2026/09/26 15:04:16.531, 1, 99 %, 87497 MiB, 247.52 W, 2392 MHz, 12481 MHz, 46
2026/09/26 15:04:16.781, 0, 99 %, 87531 MiB, 259.97 W, 2407 MHz, 12481 MHz, 46
2026/09/26 15:04:16.781, 1, 99 %, 87497 MiB, 267.71 W, 2392 MHz, 12481 MHz, 46
2026/09/26 15:04:17.031, 0, 99 %, 87531 MiB, 261.77 W, 2407 MHz, 12481 MHz, 46
2026/09/26 15:04:17.031, 1, 99 %, 87497 MiB, 267.70 W, 2392 MHz, 12481 MHz, 46
2026/09/26 15:04:17.281, 0, 99 %, 87531 MiB, 261.12 W, 2407 MHz, 12481 MHz, 46
2026/09/26 15:04:17.281, 1, 99 %, 87497 MiB, 266.91 W, 2392 MHz, 12481 MHz, 46
2026/09/26 15:04:17.531, 0, 99 %, 87531 MiB, 260.22 W, 2407 MHz, 12481 MHz, 46
2026/09/26 15:04:17.531, 1, 99 %, 87497 MiB, 266.61 W, 2392 MHz, 12481 MHz, 46
2026/09/26 15:04:17.781, 0, 99 %, 87531 MiB, 259.99 W, 2407 MHz, 12481 MHz, 46
2026/09/26 15:04:17.781, 1, 99 %, 87497 MiB, 266.42 W, 2392 MHz, 12481 MHz, 46
2026/09/26 15:04:18.031, 0, 99 %, 87531 MiB, 259.07 W, 2407 MHz, 12481 MHz, 46
2026/09/26 15:04:18.032, 1, 99 %, 87497 MiB, 266.24 W, 2392 MHz, 12481 MHz, 46
2026/09/26 15:04:18.282, 0, 24 %, 87531 MiB, 243.98 W, 2407 MHz, 12481 MHz, 44
2026/09/26 15:04:18.282, 1, 33 %, 87497 MiB, 243.71 W, 2407 MHz, 12481 MHz, 45
2026/09/26 15:04:18.532, 0, 62 %, 87531 MiB, 231.35 W, 2392 MHz, 12481 MHz, 46
2026/09/26 15:04:18.532, 1, 81 %, 87497 MiB, 237.17 W, 2392 MHz, 12481 MHz, 46
2026/09/26 15:04:18.782, 0, 99 %, 87531 MiB, 231.77 W, 2392 MHz, 12481 MHz, 46
2026/09/26 15:04:18.782, 1, 99 %, 87497 MiB, 237.09 W, 2392 MHz, 12481 MHz, 46
2026/09/26 15:04:19.032, 0, 99 %, 87531 MiB, 232.12 W, 2407 MHz, 12481 MHz, 46
2026/09/26 15:04:19.032, 1, 99 %, 87497 MiB, 236.57 W, 2392 MHz, 12481 MHz, 46
2026/09/26 15:04:19.282, 0, 99 %, 87531 MiB, 246.72 W, 2407 MHz, 12481 MHz, 47
2026/09/26 15:04:19.282, 1, 99 %, 87497 MiB, 257.76 W, 2392 MHz, 12481 MHz, 46
2026/09/26 15:04:19.532, 0, 99 %, 87531 MiB, 262.20 W, 2407 MHz, 12481 MHz, 46
2026/09/26 15:04:19.532, 1, 99 %, 87497 MiB, 266.56 W, 2392 MHz, 12481 MHz, 46
2026/09/26 15:04:19.782, 0, 99 %, 87531 MiB, 261.69 W, 2407 MHz, 12481 MHz, 46
2026/09/26 15:04:19.782, 1, 99 %, 87497 MiB, 267.08 W, 2392 MHz, 12481 MHz, 46
2026/09/26 15:04:20.032, 0, 99 %, 87531 MiB, 261.73 W, 2407 MHz, 12481 MHz, 46
2026/09/26 15:04:20.033, 1, 99 %, 87497 MiB, 268.00 W, 2392 MHz, 12481 MHz, 46
2026/09/26 15:04:20.283, 0, 99 %, 87531 MiB, 261.45 W, 2407 MHz, 12481 MHz, 47
2026/09/26 15:04:20.283, 1, 99 %, 87497 MiB, 269.53 W, 2392 MHz, 12481 MHz, 46
2026/09/26 15:04:20.533, 0, 99 %, 87531 MiB, 261.67 W, 2407 MHz, 12481 MHz, 47
2026/09/26 15:04:20.533, 1, 99 %, 87497 MiB, 270.19 W, 2392 MHz, 12481 MHz, 46
2026/09/26 15:04:20.783, 0, 99 %, 87531 MiB, 262.38 W, 2407 MHz, 12481 MHz, 46
2026/09/26 15:04:20.783, 1, 99 %, 87497 MiB, 270.18 W, 2392 MHz, 12481 MHz, 46
2026/09/26 15:04:21.033, 0, 99 %, 87531 MiB, 262.85 W, 2407 MHz, 12481 MHz, 47
2026/09/26 15:04:21.033, 1, 98 %, 87497 MiB, 270.24 W, 2392 MHz, 12481 MHz, 46
2026/09/26 15:04:21.283, 0, 99 %, 87531 MiB, 262.99 W, 2407 MHz, 12481 MHz, 47
2026/09/26 15:04:21.283, 1, 99 %, 87497 MiB, 269.34 W, 2392 MHz, 12481 MHz, 46
2026/09/26 15:04:21.533, 0, 99 %, 87531 MiB, 262.63 W, 2407 MHz, 12481 MHz, 46
2026/09/26 15:04:21.533, 1, 99 %, 87497 MiB, 268.41 W, 2392 MHz, 12481 MHz, 46
2026/09/26 15:04:21.783, 0, 99 %, 87531 MiB, 262.87 W, 2407 MHz, 12481 MHz, 47
2026/09/26 15:04:21.783, 1, 99 %, 87497 MiB, 268.19 W, 2392 MHz, 12481 MHz, 46
2026/09/26 15:04:22.033, 0, 99 %, 87531 MiB, 262.29 W, 2407 MHz, 12481 MHz, 47
2026/09/26 15:04:22.034, 1, 99 %, 87497 MiB, 267.94 W, 2392 MHz, 12481 MHz, 46
2026/09/26 15:04:22.284, 0, 99 %, 87531 MiB, 261.78 W, 2407 MHz, 12481 MHz, 47
2026/09/26 15:04:22.284, 1, 99 %, 87497 MiB, 268.57 W, 2392 MHz, 12481 MHz, 46
2026/09/26 15:04:22.534, 0, 99 %, 87531 MiB, 255.88 W, 2415 MHz, 12481 MHz, 45
2026/09/26 15:04:22.534, 1, 99 %, 87497 MiB, 266.70 W, 2392 MHz, 12481 MHz, 46
2026/09/26 15:04:22.784, 0, 50 %, 87531 MiB, 249.70 W, 2415 MHz, 12481 MHz, 47
2026/09/26 15:04:22.784, 1, 69 %, 87497 MiB, 260.20 W, 2415 MHz, 12481 MHz, 46
2026/09/26 15:04:23.034, 0, 28 %, 87531 MiB, 229.53 W, 2422 MHz, 12481 MHz, 44
2026/09/26 15:04:23.034, 1, 85 %, 87497 MiB, 241.72 W, 2415 MHz, 12481 MHz, 45
2026/09/26 15:04:23.284, 0, 90 %, 87531 MiB, 233.38 W, 2422 MHz, 12481 MHz, 47
2026/09/26 15:04:23.284, 1, 95 %, 87497 MiB, 241.89 W, 2400 MHz, 12481 MHz, 47
2026/09/26 15:04:23.534, 0, 28 %, 87531 MiB, 212.65 W, 2415 MHz, 12481 MHz, 46
2026/09/26 15:04:23.534, 1, 22 %, 87497 MiB, 226.46 W, 2407 MHz, 12481 MHz, 43
2026/09/26 15:04:23.784, 0, 99 %, 87531 MiB, 214.60 W, 2415 MHz, 12481 MHz, 46
2026/09/26 15:04:23.785, 1, 99 %, 87497 MiB, 229.78 W, 2407 MHz, 12481 MHz, 46
2026/09/26 15:04:24.035, 0, 99 %, 87531 MiB, 234.62 W, 2415 MHz, 12481 MHz, 46
2026/09/26 15:04:24.035, 1, 99 %, 87497 MiB, 242.68 W, 2407 MHz, 12481 MHz, 46
2026/09/26 15:04:24.285, 0, 99 %, 87531 MiB, 229.80 W, 2415 MHz, 12481 MHz, 46
2026/09/26 15:04:24.285, 1, 99 %, 87497 MiB, 239.76 W, 2407 MHz, 12481 MHz, 46
2026/09/26 15:04:24.535, 0, 99 %, 87531 MiB, 250.38 W, 2415 MHz, 12481 MHz, 46
2026/09/26 15:04:24.535, 1, 99 %, 87497 MiB, 258.37 W, 2407 MHz, 12481 MHz, 46
2026/09/26 15:04:24.785, 0, 99 %, 87531 MiB, 250.48 W, 2415 MHz, 12481 MHz, 46
2026/09/26 15:04:24.785, 1, 99 %, 87497 MiB, 260.17 W, 2407 MHz, 12481 MHz, 46
2026/09/26 15:04:25.035, 0, 99 %, 87531 MiB, 250.48 W, 2415 MHz, 12481 MHz, 46
2026/09/26 15:04:25.035, 1, 99 %, 87497 MiB, 261.37 W, 2400 MHz, 12481 MHz, 46
2026/09/26 15:04:25.286, 0, 99 %, 87531 MiB, 250.26 W, 2415 MHz, 12481 MHz, 46
2026/09/26 15:04:25.286, 1, 99 %, 87497 MiB, 261.67 W, 2407 MHz, 12481 MHz, 46
2026/09/26 15:04:25.536, 0, 99 %, 87531 MiB, 250.19 W, 2415 MHz, 12481 MHz, 46
2026/09/26 15:04:25.536, 1, 99 %, 87497 MiB, 261.71 W, 2407 MHz, 12481 MHz, 46
2026/09/26 15:04:25.786, 0, 99 %, 87531 MiB, 250.69 W, 2415 MHz, 12481 MHz, 46
2026/09/26 15:04:25.786, 1, 99 %, 87497 MiB, 261.04 W, 2400 MHz, 12481 MHz, 46
2026/09/26 15:04:26.036, 0, 99 %, 87531 MiB, 250.18 W, 2415 MHz, 12481 MHz, 46
2026/09/26 15:04:26.036, 1, 99 %, 87497 MiB, 260.90 W, 2407 MHz, 12481 MHz, 46
2026/09/26 15:04:26.286, 0, 99 %, 87531 MiB, 250.29 W, 2415 MHz, 12481 MHz, 46
2026/09/26 15:04:26.286, 1, 99 %, 87497 MiB, 260.15 W, 2407 MHz, 12481 MHz, 46
2026/09/26 15:04:26.536, 0, 99 %, 87531 MiB, 251.38 W, 2415 MHz, 12481 MHz, 46
2026/09/26 15:04:26.536, 1, 99 %, 87497 MiB, 259.02 W, 2407 MHz, 12481 MHz, 46
2026/09/26 15:04:26.786, 0, 99 %, 87531 MiB, 250.99 W, 2415 MHz, 12481 MHz, 46
2026/09/26 15:04:26.786, 1, 99 %, 87497 MiB, 259.82 W, 2407 MHz, 12481 MHz, 46
2026/09/26 15:04:27.036, 0, 99 %, 87531 MiB, 250.62 W, 2415 MHz, 12481 MHz, 46
2026/09/26 15:04:27.037, 1, 99 %, 87497 MiB, 259.71 W, 2407 MHz, 12481 MHz, 46
2026/09/26 15:04:27.287, 0, 99 %, 87531 MiB, 250.38 W, 2415 MHz, 12481 MHz, 46
2026/09/26 15:04:27.287, 1, 99 %, 87497 MiB, 259.27 W, 2407 MHz, 12481 MHz, 46
2026/09/26 15:04:27.537, 0, 99 %, 87531 MiB, 249.76 W, 2415 MHz, 12481 MHz, 46
2026/09/26 15:04:27.537, 1, 99 %, 87497 MiB, 259.10 W, 2407 MHz, 12481 MHz, 46
2026/09/26 15:04:27.787, 0, 99 %, 87531 MiB, 250.29 W, 2415 MHz, 12481 MHz, 46
2026/09/26 15:04:27.787, 1, 99 %, 87497 MiB, 257.80 W, 2407 MHz, 12481 MHz, 46
2026/09/26 15:04:28.037, 0, 99 %, 87531 MiB, 250.92 W, 2415 MHz, 12481 MHz, 46
2026/09/26 15:04:28.037, 1, 99 %, 87497 MiB, 257.49 W, 2400 MHz, 12481 MHz, 46
2026/09/26 15:04:28.287, 0, 99 %, 87531 MiB, 251.61 W, 2415 MHz, 12481 MHz, 46
2026/09/26 15:04:28.287, 1, 99 %, 87497 MiB, 258.60 W, 2407 MHz, 12481 MHz, 46
2026/09/26 15:04:28.537, 0, 99 %, 87531 MiB, 251.38 W, 2415 MHz, 12481 MHz, 46
2026/09/26 15:04:28.537, 1, 99 %, 87497 MiB, 258.55 W, 2407 MHz, 12481 MHz, 46
2026/09/26 15:04:28.787, 0, 98 %, 87531 MiB, 250.94 W, 2415 MHz, 12481 MHz, 46
2026/09/26 15:04:28.788, 1, 98 %, 87497 MiB, 259.60 W, 2407 MHz, 12481 MHz, 46
2026/09/26 15:04:29.038, 0, 99 %, 87531 MiB, 251.13 W, 2415 MHz, 12481 MHz, 46
2026/09/26 15:04:29.038, 1, 98 %, 87497 MiB, 259.79 W, 2400 MHz, 12481 MHz, 46
2026/09/26 15:04:29.288, 0, 99 %, 87531 MiB, 251.02 W, 2415 MHz, 12481 MHz, 46
2026/09/26 15:04:29.288, 1, 99 %, 87497 MiB, 259.69 W, 2407 MHz, 12481 MHz, 46
2026/09/26 15:04:29.538, 0, 99 %, 87531 MiB, 251.15 W, 2415 MHz, 12481 MHz, 46
2026/09/26 15:04:29.538, 1, 99 %, 87497 MiB, 260.96 W, 2407 MHz, 12481 MHz, 46
2026/09/26 15:04:29.788, 0, 99 %, 87531 MiB, 251.48 W, 2415 MHz, 12481 MHz, 46
2026/09/26 15:04:29.788, 1, 99 %, 87497 MiB, 260.37 W, 2407 MHz, 12481 MHz, 46
2026/09/26 15:04:30.038, 0, 99 %, 87531 MiB, 250.96 W, 2415 MHz, 12481 MHz, 46
2026/09/26 15:04:30.038, 1, 99 %, 87497 MiB, 259.94 W, 2407 MHz, 12481 MHz, 46
2026/09/26 15:04:30.288, 0, 99 %, 87531 MiB, 250.44 W, 2415 MHz, 12481 MHz, 46
2026/09/26 15:04:30.288, 1, 99 %, 87497 MiB, 259.98 W, 2407 MHz, 12481 MHz, 46
2026/09/26 15:04:30.538, 0, 99 %, 87531 MiB, 250.86 W, 2415 MHz, 12481 MHz, 46
2026/09/26 15:04:30.538, 1, 99 %, 87497 MiB, 259.43 W, 2407 MHz, 12481 MHz, 46
2026/09/26 15:04:30.788, 0, 99 %, 87531 MiB, 251.03 W, 2415 MHz, 12481 MHz, 46
2026/09/26 15:04:30.788, 1, 99 %, 87497 MiB, 259.73 W, 2407 MHz, 12481 MHz, 46
2026/09/26 15:04:31.039, 0, 99 %, 87531 MiB, 251.80 W, 2415 MHz, 12481 MHz, 46
2026/09/26 15:04:31.039, 1, 99 %, 87497 MiB, 259.96 W, 2407 MHz, 12481 MHz, 46
2026/09/26 15:04:31.289, 0, 99 %, 87531 MiB, 252.10 W, 2415 MHz, 12481 MHz, 46
2026/09/26 15:04:31.289, 1, 99 %, 87497 MiB, 259.45 W, 2407 MHz, 12481 MHz, 46
2026/09/26 15:04:31.539, 0, 99 %, 87531 MiB, 252.04 W, 2415 MHz, 12481 MHz, 46
2026/09/26 15:04:31.539, 1, 98 %, 87497 MiB, 260.01 W, 2407 MHz, 12481 MHz, 46
2026/09/26 15:04:31.789, 0, 99 %, 87531 MiB, 251.67 W, 2415 MHz, 12481 MHz, 46
2026/09/26 15:04:31.789, 1, 99 %, 87497 MiB, 258.76 W, 2407 MHz, 12481 MHz, 46
2026/09/26 15:04:32.039, 0, 98 %, 87531 MiB, 251.30 W, 2415 MHz, 12481 MHz, 46
2026/09/26 15:04:32.039, 1, 99 %, 87497 MiB, 259.19 W, 2407 MHz, 12481 MHz, 46
2026/09/26 15:04:32.289, 0, 99 %, 87531 MiB, 251.69 W, 2415 MHz, 12481 MHz, 46
2026/09/26 15:04:32.289, 1, 99 %, 87497 MiB, 259.07 W, 2407 MHz, 12481 MHz, 46
2026/09/26 15:04:32.539, 0, 99 %, 87531 MiB, 250.91 W, 2415 MHz, 12481 MHz, 46
2026/09/26 15:04:32.539, 1, 99 %, 87497 MiB, 258.32 W, 2407 MHz, 12481 MHz, 46
2026/09/26 15:04:32.789, 0, 99 %, 87531 MiB, 250.65 W, 2415 MHz, 12481 MHz, 46
2026/09/26 15:04:32.789, 1, 99 %, 87497 MiB, 259.41 W, 2407 MHz, 12481 MHz, 46
2026/09/26 15:04:33.039, 0, 99 %, 87531 MiB, 250.65 W, 2415 MHz, 12481 MHz, 46
2026/09/26 15:04:33.039, 1, 98 %, 87497 MiB, 259.20 W, 2407 MHz, 12481 MHz, 46
2026/09/26 15:04:33.290, 0, 99 %, 87531 MiB, 249.99 W, 2415 MHz, 12481 MHz, 46
2026/09/26 15:04:33.290, 1, 99 %, 87497 MiB, 259.98 W, 2407 MHz, 12481 MHz, 46
2026/09/26 15:04:33.540, 0, 99 %, 87531 MiB, 249.95 W, 2415 MHz, 12481 MHz, 46
2026/09/26 15:04:33.540, 1, 98 %, 87497 MiB, 260.55 W, 2407 MHz, 12481 MHz, 46
2026/09/26 15:04:33.790, 0, 98 %, 87531 MiB, 249.95 W, 2415 MHz, 12481 MHz, 46
2026/09/26 15:04:33.790, 1, 98 %, 87497 MiB, 260.18 W, 2407 MHz, 12481 MHz, 46
2026/09/26 15:04:34.040, 0, 14 %, 87531 MiB, 216.78 W, 2407 MHz, 12481 MHz, 44
2026/09/26 15:04:34.040, 1, 92 %, 87497 MiB, 234.02 W, 2407 MHz, 12481 MHz, 44
2026/09/26 15:04:34.290, 0, 71 %, 87595 MiB, 204.08 W, 2407 MHz, 12481 MHz, 45
2026/09/26 15:04:34.290, 1, 71 %, 87561 MiB, 217.40 W, 2377 MHz, 12481 MHz, 46
2026/09/26 15:04:34.540, 0, 74 %, 87595 MiB, 194.43 W, 2422 MHz, 12481 MHz, 46
2026/09/26 15:04:34.540, 1, 63 %, 87561 MiB, 208.40 W, 2422 MHz, 12481 MHz, 45
2026/09/26 15:04:34.790, 0, 73 %, 87595 MiB, 188.00 W, 2422 MHz, 12481 MHz, 46
2026/09/26 15:04:34.790, 1, 67 %, 87561 MiB, 198.18 W, 2422 MHz, 12481 MHz, 46
2026/09/26 15:04:35.040, 0, 74 %, 87595 MiB, 210.50 W, 2422 MHz, 12481 MHz, 46
2026/09/26 15:04:35.040, 1, 62 %, 87561 MiB, 216.63 W, 2422 MHz, 12481 MHz, 46
2026/09/26 15:04:35.291, 0, 81 %, 87595 MiB, 217.65 W, 2422 MHz, 12481 MHz, 47
2026/09/26 15:04:35.291, 1, 67 %, 87561 MiB, 221.88 W, 2422 MHz, 12481 MHz, 46
2026/09/26 15:04:35.541, 0, 22 %, 91723 MiB, 206.47 W, 2422 MHz, 12481 MHz, 46
2026/09/26 15:04:35.541, 1, 80 %, 91689 MiB, 236.45 W, 2422 MHz, 12481 MHz, 45
2026/09/26 15:04:35.791, 0, 75 %, 91723 MiB, 207.36 W, 2422 MHz, 12481 MHz, 45
2026/09/26 15:04:35.791, 1, 69 %, 91689 MiB, 235.57 W, 2422 MHz, 12481 MHz, 47
2026/09/26 15:04:36.041, 0, 75 %, 91723 MiB, 206.32 W, 2422 MHz, 12481 MHz, 47
2026/09/26 15:04:36.041, 1, 63 %, 91689 MiB, 236.19 W, 2422 MHz, 12481 MHz, 45
2026/09/26 15:04:36.291, 0, 86 %, 91723 MiB, 206.55 W, 2422 MHz, 12481 MHz, 46
2026/09/26 15:04:36.291, 1, 65 %, 91689 MiB, 237.05 W, 2422 MHz, 12481 MHz, 47
2026/09/26 15:04:36.541, 0, 75 %, 91723 MiB, 217.48 W, 2422 MHz, 12481 MHz, 47
2026/09/26 15:04:36.541, 1, 64 %, 91689 MiB, 226.60 W, 2422 MHz, 12481 MHz, 45
2026/09/26 15:04:36.791, 0, 75 %, 91723 MiB, 209.83 W, 2422 MHz, 12481 MHz, 47
2026/09/26 15:04:36.791, 1, 72 %, 91689 MiB, 237.50 W, 2422 MHz, 12481 MHz, 46
2026/09/26 15:04:37.041, 0, 84 %, 91723 MiB, 212.38 W, 2422 MHz, 12481 MHz, 46
2026/09/26 15:04:37.041, 1, 71 %, 91689 MiB, 237.80 W, 2422 MHz, 12481 MHz, 46
2026/09/26 15:04:37.292, 0, 76 %, 91723 MiB, 208.33 W, 2422 MHz, 12481 MHz, 46
2026/09/26 15:04:37.292, 1, 69 %, 91689 MiB, 238.21 W, 2422 MHz, 12481 MHz, 47
2026/09/26 15:04:37.542, 0, 85 %, 91723 MiB, 212.12 W, 2422 MHz, 12481 MHz, 47
2026/09/26 15:04:37.542, 1, 65 %, 91689 MiB, 235.92 W, 2422 MHz, 12481 MHz, 45
2026/09/26 15:04:37.792, 0, 76 %, 91723 MiB, 218.20 W, 2422 MHz, 12481 MHz, 45
2026/09/26 15:04:37.792, 1, 71 %, 91689 MiB, 224.61 W, 2422 MHz, 12481 MHz, 46
2026/09/26 15:04:38.042, 0, 43 %, 91723 MiB, 209.99 W, 2422 MHz, 12481 MHz, 45
2026/09/26 15:04:38.042, 1, 63 %, 91689 MiB, 235.99 W, 2422 MHz, 12481 MHz, 48
2026/09/26 15:04:38.292, 0, 77 %, 91723 MiB, 216.59 W, 2422 MHz, 12481 MHz, 46
2026/09/26 15:04:38.292, 1, 63 %, 91689 MiB, 234.85 W, 2422 MHz, 12481 MHz, 45
2026/09/26 15:04:38.542, 0, 85 %, 91723 MiB, 210.05 W, 2422 MHz, 12481 MHz, 46
2026/09/26 15:04:38.542, 1, 63 %, 91689 MiB, 235.35 W, 2422 MHz, 12481 MHz, 47
2026/09/26 15:04:38.792, 0, 76 %, 91723 MiB, 213.80 W, 2422 MHz, 12481 MHz, 46
2026/09/26 15:04:38.792, 1, 64 %, 91689 MiB, 234.04 W, 2422 MHz, 12481 MHz, 46
2026/09/26 15:04:39.042, 0, 76 %, 91723 MiB, 215.98 W, 2422 MHz, 12481 MHz, 46
2026/09/26 15:04:39.042, 1, 65 %, 91689 MiB, 223.41 W, 2422 MHz, 12481 MHz, 46
2026/09/26 15:04:39.293, 0, 56 %, 91723 MiB, 206.49 W, 2422 MHz, 12481 MHz, 44
2026/09/26 15:04:39.293, 1, 84 %, 91689 MiB, 238.53 W, 2422 MHz, 12481 MHz, 48
2026/09/26 15:04:39.543, 0, 86 %, 91723 MiB, 207.49 W, 2422 MHz, 12481 MHz, 46
2026/09/26 15:04:39.543, 1, 63 %, 91689 MiB, 239.00 W, 2422 MHz, 12481 MHz, 47
2026/09/26 15:04:39.793, 0, 78 %, 91723 MiB, 205.09 W, 2422 MHz, 12481 MHz, 45
2026/09/26 15:04:39.793, 1, 67 %, 91689 MiB, 243.01 W, 2422 MHz, 12481 MHz, 46
2026/09/26 15:04:40.043, 0, 78 %, 91723 MiB, 210.47 W, 2422 MHz, 12481 MHz, 47
2026/09/26 15:04:40.043, 1, 65 %, 91689 MiB, 239.55 W, 2422 MHz, 12481 MHz, 45
2026/09/26 15:04:40.293, 0, 81 %, 91723 MiB, 215.05 W, 2422 MHz, 12481 MHz, 46
2026/09/26 15:04:40.293, 1, 63 %, 91689 MiB, 229.33 W, 2422 MHz, 12481 MHz, 46
2026/09/26 15:04:40.543, 0, 78 %, 91723 MiB, 212.75 W, 2422 MHz, 12481 MHz, 44
2026/09/26 15:04:40.543, 1, 84 %, 91689 MiB, 239.28 W, 2422 MHz, 12481 MHz, 47
2026/09/26 15:04:40.793, 0, 54 %, 91723 MiB, 208.97 W, 2422 MHz, 12481 MHz, 45
2026/09/26 15:04:40.794, 1, 79 %, 91689 MiB, 238.61 W, 2422 MHz, 12481 MHz, 47
2026/09/26 15:04:41.044, 0, 78 %, 91723 MiB, 208.17 W, 2422 MHz, 12481 MHz, 45
2026/09/26 15:04:41.044, 1, 63 %, 91689 MiB, 244.82 W, 2422 MHz, 12481 MHz, 46
2026/09/26 15:04:41.294, 0, 81 %, 91723 MiB, 213.91 W, 2422 MHz, 12481 MHz, 47
2026/09/26 15:04:41.294, 1, 63 %, 91689 MiB, 238.00 W, 2422 MHz, 12481 MHz, 45
2026/09/26 15:04:41.544, 0, 85 %, 91723 MiB, 215.88 W, 2422 MHz, 12481 MHz, 46
2026/09/26 15:04:41.544, 1, 65 %, 91689 MiB, 235.22 W, 2422 MHz, 12481 MHz, 47
2026/09/26 15:04:41.794, 0, 79 %, 91723 MiB, 217.98 W, 2422 MHz, 12481 MHz, 46
2026/09/26 15:04:41.794, 1, 75 %, 91689 MiB, 239.11 W, 2422 MHz, 12481 MHz, 47
2026/09/26 15:04:42.044, 0, 84 %, 91723 MiB, 208.41 W, 2422 MHz, 12481 MHz, 45
2026/09/26 15:04:42.044, 1, 75 %, 91689 MiB, 242.42 W, 2422 MHz, 12481 MHz, 47
2026/09/26 15:04:42.294, 0, 81 %, 91723 MiB, 210.32 W, 2422 MHz, 12481 MHz, 46
2026/09/26 15:04:42.294, 1, 73 %, 91689 MiB, 250.08 W, 2422 MHz, 12481 MHz, 46
2026/09/26 15:04:42.544, 0, 89 %, 91723 MiB, 219.20 W, 2422 MHz, 12481 MHz, 47
2026/09/26 15:04:42.544, 1, 64 %, 91689 MiB, 243.11 W, 2422 MHz, 12481 MHz, 46
2026/09/26 15:04:42.795, 0, 81 %, 91723 MiB, 217.48 W, 2422 MHz, 12481 MHz, 46
2026/09/26 15:04:42.795, 1, 66 %, 91689 MiB, 233.02 W, 2422 MHz, 12481 MHz, 47
2026/09/26 15:04:43.045, 0, 86 %, 91723 MiB, 222.20 W, 2422 MHz, 12481 MHz, 45
2026/09/26 15:04:43.045, 1, 72 %, 91689 MiB, 226.43 W, 2422 MHz, 12481 MHz, 47
2026/09/26 15:04:43.295, 0, 48 %, 91723 MiB, 216.61 W, 2422 MHz, 12481 MHz, 45
2026/09/26 15:04:43.295, 1, 65 %, 91689 MiB, 234.63 W, 2422 MHz, 12481 MHz, 47
2026/09/26 15:04:43.545, 0, 81 %, 91723 MiB, 217.50 W, 2422 MHz, 12481 MHz, 46
2026/09/26 15:04:43.545, 1, 76 %, 91689 MiB, 234.06 W, 2422 MHz, 12481 MHz, 46
2026/09/26 15:04:43.795, 0, 88 %, 91723 MiB, 216.83 W, 2422 MHz, 12481 MHz, 47
2026/09/26 15:04:43.795, 1, 63 %, 91689 MiB, 236.07 W, 2422 MHz, 12481 MHz, 45
2026/09/26 15:04:44.045, 0, 83 %, 91723 MiB, 216.03 W, 2422 MHz, 12481 MHz, 46
2026/09/26 15:04:44.045, 1, 66 %, 91689 MiB, 234.30 W, 2422 MHz, 12481 MHz, 47
2026/09/26 15:04:44.295, 0, 84 %, 91723 MiB, 215.38 W, 2422 MHz, 12481 MHz, 46
2026/09/26 15:04:44.295, 1, 58 %, 91689 MiB, 220.39 W, 2422 MHz, 12481 MHz, 47
2026/09/26 15:04:44.545, 0, 81 %, 91723 MiB, 200.14 W, 2422 MHz, 12481 MHz, 46
2026/09/26 15:04:44.545, 1, 91 %, 91689 MiB, 237.18 W, 2422 MHz, 12481 MHz, 48
2026/09/26 15:04:44.796, 0, 89 %, 91723 MiB, 204.53 W, 2422 MHz, 12481 MHz, 47
2026/09/26 15:04:44.796, 1, 77 %, 91689 MiB, 253.91 W, 2422 MHz, 12481 MHz, 48
2026/09/26 15:04:45.046, 0, 55 %, 91723 MiB, 215.22 W, 2422 MHz, 12481 MHz, 46
2026/09/26 15:04:45.046, 1, 72 %, 91689 MiB, 258.65 W, 2422 MHz, 12481 MHz, 46
2026/09/26 15:04:45.296, 0, 92 %, 91723 MiB, 227.22 W, 2422 MHz, 12481 MHz, 47
2026/09/26 15:04:45.296, 1, 82 %, 91689 MiB, 271.16 W, 2415 MHz, 12481 MHz, 47
2026/09/26 15:04:45.546, 0, 19 %, 91723 MiB, 213.93 W, 2392 MHz, 12481 MHz, 43
2026/09/26 15:04:45.546, 1, 14 %, 91689 MiB, 243.83 W, 2422 MHz, 12481 MHz, 44
2026/09/26 15:04:45.796, 0, 22 %, 91723 MiB, 209.22 W, 2392 MHz, 12481 MHz, 45
2026/09/26 15:04:45.796, 1, 99 %, 91689 MiB, 228.19 W, 2392 MHz, 12481 MHz, 46
2026/09/26 15:04:46.046, 0, 99 %, 91723 MiB, 210.39 W, 2415 MHz, 12481 MHz, 46
2026/09/26 15:04:46.046, 1, 99 %, 91689 MiB, 225.60 W, 2400 MHz, 12481 MHz, 46
2026/09/26 15:04:46.296, 0, 99 %, 91723 MiB, 206.58 W, 2415 MHz, 12481 MHz, 46
2026/09/26 15:04:46.296, 1, 99 %, 91689 MiB, 221.47 W, 2400 MHz, 12481 MHz, 46
2026/09/26 15:04:46.546, 0, 99 %, 91723 MiB, 231.14 W, 2415 MHz, 12481 MHz, 46
2026/09/26 15:04:46.546, 1, 99 %, 91689 MiB, 238.78 W, 2400 MHz, 12481 MHz, 46
2026/09/26 15:04:46.796, 0, 99 %, 91723 MiB, 238.13 W, 2415 MHz, 12481 MHz, 46
2026/09/26 15:04:46.796, 1, 99 %, 91689 MiB, 251.07 W, 2400 MHz, 12481 MHz, 46
2026/09/26 15:04:47.047, 0, 99 %, 91723 MiB, 237.67 W, 2415 MHz, 12481 MHz, 46
2026/09/26 15:04:47.047, 1, 99 %, 91689 MiB, 251.68 W, 2400 MHz, 12481 MHz, 46
2026/09/26 15:04:47.297, 0, 99 %, 91723 MiB, 237.93 W, 2415 MHz, 12481 MHz, 46
2026/09/26 15:04:47.297, 1, 99 %, 91689 MiB, 251.26 W, 2400 MHz, 12481 MHz, 46
2026/09/26 15:04:47.547, 0, 99 %, 91723 MiB, 237.01 W, 2415 MHz, 12481 MHz, 46
2026/09/26 15:04:47.547, 1, 99 %, 91689 MiB, 252.42 W, 2400 MHz, 12481 MHz, 46
2026/09/26 15:04:47.797, 0, 99 %, 91723 MiB, 236.52 W, 2415 MHz, 12481 MHz, 46
2026/09/26 15:04:47.798, 1, 99 %, 91689 MiB, 252.65 W, 2400 MHz, 12481 MHz, 46
2026/09/26 15:04:48.048, 0, 99 %, 91723 MiB, 236.51 W, 2415 MHz, 12481 MHz, 46
2026/09/26 15:04:48.048, 1, 99 %, 91689 MiB, 252.21 W, 2400 MHz, 12481 MHz, 46
2026/09/26 15:04:48.299, 0, 27 %, 91723 MiB, 225.61 W, 2415 MHz, 12481 MHz, 44
2026/09/26 15:04:48.299, 1, 74 %, 91689 MiB, 240.21 W, 2407 MHz, 12481 MHz, 44
2026/09/26 15:04:48.549, 0, 84 %, 91723 MiB, 221.01 W, 2422 MHz, 12481 MHz, 46
2026/09/26 15:04:48.549, 1, 61 %, 91689 MiB, 232.58 W, 2407 MHz, 12481 MHz, 46
2026/09/26 15:04:48.799, 0, 73 %, 91723 MiB, 216.06 W, 2422 MHz, 12481 MHz, 46
2026/09/26 15:04:48.799, 1, 73 %, 91689 MiB, 224.23 W, 2422 MHz, 12481 MHz, 47
2026/09/26 15:04:49.049, 0, 66 %, 91723 MiB, 210.96 W, 2422 MHz, 12481 MHz, 46
2026/09/26 15:04:49.049, 1, 64 %, 91689 MiB, 219.75 W, 2422 MHz, 12481 MHz, 45
2026/09/26 15:04:49.299, 0, 85 %, 91723 MiB, 219.18 W, 2422 MHz, 12481 MHz, 45
2026/09/26 15:04:49.299, 1, 63 %, 91689 MiB, 223.21 W, 2422 MHz, 12481 MHz, 47
2026/09/26 15:04:49.549, 0, 75 %, 91723 MiB, 212.94 W, 2407 MHz, 12481 MHz, 43
2026/09/26 15:04:49.549, 1, 95 %, 91721 MiB, 234.12 W, 2422 MHz, 12481 MHz, 45
2026/09/26 15:04:49.799, 0, 73 %, 91723 MiB, 208.71 W, 2407 MHz, 12481 MHz, 46
2026/09/26 15:04:49.799, 1, 68 %, 91721 MiB, 237.58 W, 2422 MHz, 12481 MHz, 47
2026/09/26 15:04:50.049, 0, 77 %, 91723 MiB, 210.65 W, 2422 MHz, 12481 MHz, 46
2026/09/26 15:04:50.049, 1, 65 %, 91721 MiB, 235.37 W, 2422 MHz, 12481 MHz, 46
2026/09/26 15:04:50.299, 0, 75 %, 91723 MiB, 210.06 W, 2422 MHz, 12481 MHz, 46
2026/09/26 15:04:50.299, 1, 63 %, 91721 MiB, 235.18 W, 2422 MHz, 12481 MHz, 47
2026/09/26 15:04:50.550, 0, 81 %, 91723 MiB, 214.04 W, 2422 MHz, 12481 MHz, 47
2026/09/26 15:04:50.550, 1, 63 %, 91721 MiB, 223.75 W, 2422 MHz, 12481 MHz, 45
2026/09/26 15:04:50.800, 0, 75 %, 91723 MiB, 211.84 W, 2422 MHz, 12481 MHz, 45
2026/09/26 15:04:50.800, 1, 71 %, 91721 MiB, 235.89 W, 2422 MHz, 12481 MHz, 47
2026/09/26 15:04:51.050, 0, 80 %, 91723 MiB, 210.22 W, 2422 MHz, 12481 MHz, 45
2026/09/26 15:04:51.050, 1, 72 %, 91721 MiB, 239.36 W, 2422 MHz, 12481 MHz, 47
2026/09/26 15:04:51.300, 0, 78 %, 91723 MiB, 209.87 W, 2422 MHz, 12481 MHz, 47
2026/09/26 15:04:51.300, 1, 67 %, 91721 MiB, 239.50 W, 2422 MHz, 12481 MHz, 46
2026/09/26 15:04:51.550, 0, 77 %, 91723 MiB, 213.09 W, 2422 MHz, 12481 MHz, 46
2026/09/26 15:04:51.550, 1, 66 %, 91721 MiB, 236.57 W, 2422 MHz, 12481 MHz, 46
2026/09/26 15:04:51.800, 0, 79 %, 91723 MiB, 216.34 W, 2422 MHz, 12481 MHz, 46
2026/09/26 15:04:51.800, 1, 67 %, 91721 MiB, 225.38 W, 2422 MHz, 12481 MHz, 46
2026/09/26 15:04:52.050, 0, 55 %, 91723 MiB, 210.95 W, 2422 MHz, 12481 MHz, 44
2026/09/26 15:04:52.050, 1, 63 %, 91721 MiB, 232.51 W, 2422 MHz, 12481 MHz, 47
2026/09/26 15:04:52.300, 0, 86 %, 91723 MiB, 215.66 W, 2422 MHz, 12481 MHz, 46
2026/09/26 15:04:52.300, 1, 63 %, 91721 MiB, 233.90 W, 2422 MHz, 12481 MHz, 46
2026/09/26 15:04:52.550, 0, 77 %, 91723 MiB, 213.66 W, 2422 MHz, 12481 MHz, 46
2026/09/26 15:04:52.551, 1, 72 %, 91721 MiB, 236.72 W, 2422 MHz, 12481 MHz, 46
2026/09/26 15:04:52.801, 0, 86 %, 91723 MiB, 213.91 W, 2422 MHz, 12481 MHz, 46
2026/09/26 15:04:52.801, 1, 64 %, 91721 MiB, 236.22 W, 2422 MHz, 12481 MHz, 45
2026/09/26 15:04:53.051, 0, 83 %, 91723 MiB, 220.20 W, 2422 MHz, 12481 MHz, 45
2026/09/26 15:04:53.051, 1, 75 %, 91721 MiB, 232.00 W, 2422 MHz, 12481 MHz, 47
2026/09/26 15:04:53.301, 0, 78 %, 91723 MiB, 214.48 W, 2422 MHz, 12481 MHz, 47
2026/09/26 15:04:53.301, 1, 98 %, 91721 MiB, 238.43 W, 2422 MHz, 12481 MHz, 45
2026/09/26 15:04:53.551, 0, 80 %, 91723 MiB, 214.72 W, 2415 MHz, 12481 MHz, 46
2026/09/26 15:04:53.551, 1, 66 %, 91721 MiB, 243.38 W, 2422 MHz, 12481 MHz, 46
2026/09/26 15:04:53.801, 0, 79 %, 91723 MiB, 219.30 W, 2415 MHz, 12481 MHz, 46
2026/09/26 15:04:53.801, 1, 65 %, 91721 MiB, 237.96 W, 2422 MHz, 12481 MHz, 46
2026/09/26 15:04:54.051, 0, 81 %, 91723 MiB, 215.60 W, 2422 MHz, 12481 MHz, 45
2026/09/26 15:04:54.051, 1, 70 %, 91721 MiB, 244.07 W, 2422 MHz, 12481 MHz, 47
2026/09/26 15:04:54.301, 0, 74 %, 91723 MiB, 217.32 W, 2422 MHz, 12481 MHz, 46
2026/09/26 15:04:54.301, 1, 70 %, 91721 MiB, 237.04 W, 2422 MHz, 12481 MHz, 46
2026/09/26 15:04:54.551, 0, 87 %, 91723 MiB, 219.92 W, 2422 MHz, 12481 MHz, 47
2026/09/26 15:04:54.551, 1, 63 %, 91721 MiB, 227.83 W, 2422 MHz, 12481 MHz, 46
2026/09/26 15:04:54.802, 0, 29 %, 91723 MiB, 216.30 W, 2422 MHz, 12481 MHz, 45
2026/09/26 15:04:54.802, 1, 64 %, 91721 MiB, 246.38 W, 2422 MHz, 12481 MHz, 46
2026/09/26 15:04:55.052, 0, 87 %, 91723 MiB, 222.46 W, 2422 MHz, 12481 MHz, 46
2026/09/26 15:04:55.052, 1, 74 %, 91721 MiB, 240.64 W, 2422 MHz, 12481 MHz, 47
2026/09/26 15:04:55.302, 0, 79 %, 91723 MiB, 219.13 W, 2422 MHz, 12481 MHz, 46
2026/09/26 15:04:55.302, 1, 71 %, 91721 MiB, 240.10 W, 2422 MHz, 12481 MHz, 46
2026/09/26 15:04:55.552, 0, 88 %, 91723 MiB, 222.66 W, 2422 MHz, 12481 MHz, 47
2026/09/26 15:04:55.557, 1, 64 %, 91721 MiB, 239.21 W, 2422 MHz, 12481 MHz, 45
2026/09/26 15:04:55.807, 0, 79 %, 91723 MiB, 222.83 W, 2422 MHz, 12481 MHz, 45
2026/09/26 15:04:55.807, 1, 65 %, 91721 MiB, 227.09 W, 2422 MHz, 12481 MHz, 45
2026/09/26 15:04:56.057, 0, 88 %, 91723 MiB, 214.22 W, 2422 MHz, 12481 MHz, 47
2026/09/26 15:04:56.057, 1, 100 %, 91721 MiB, 241.17 W, 2422 MHz, 12481 MHz, 47
2026/09/26 15:04:56.307, 0, 80 %, 91723 MiB, 213.30 W, 2422 MHz, 12481 MHz, 47
2026/09/26 15:04:56.307, 1, 65 %, 91721 MiB, 237.29 W, 2422 MHz, 12481 MHz, 47
2026/09/26 15:04:56.557, 0, 84 %, 91723 MiB, 204.45 W, 2422 MHz, 12481 MHz, 46
2026/09/26 15:04:56.557, 1, 69 %, 91721 MiB, 246.21 W, 2422 MHz, 12481 MHz, 46
2026/09/26 15:04:56.807, 0, 82 %, 91723 MiB, 212.50 W, 2422 MHz, 12481 MHz, 45
2026/09/26 15:04:56.807, 1, 66 %, 91721 MiB, 248.41 W, 2422 MHz, 12481 MHz, 46
2026/09/26 15:04:57.057, 0, 88 %, 91723 MiB, 224.65 W, 2422 MHz, 12481 MHz, 46
2026/09/26 15:04:57.057, 1, 74 %, 91721 MiB, 235.54 W, 2422 MHz, 12481 MHz, 46
2026/09/26 15:04:57.307, 0, 32 %, 91723 MiB, 220.05 W, 2422 MHz, 12481 MHz, 43
2026/09/26 15:04:57.307, 1, 65 %, 91721 MiB, 251.60 W, 2422 MHz, 12481 MHz, 46
2026/09/26 15:04:57.557, 0, 81 %, 91723 MiB, 227.24 W, 2422 MHz, 12481 MHz, 45
2026/09/26 15:04:57.558, 1, 70 %, 91721 MiB, 250.19 W, 2422 MHz, 12481 MHz, 46
2026/09/26 15:04:57.808, 0, 89 %, 91723 MiB, 228.53 W, 2422 MHz, 12481 MHz, 47
2026/09/26 15:04:57.808, 1, 63 %, 91721 MiB, 242.41 W, 2422 MHz, 12481 MHz, 46
2026/09/26 15:04:58.058, 0, 83 %, 91723 MiB, 223.38 W, 2422 MHz, 12481 MHz, 47
2026/09/26 15:04:58.058, 1, 65 %, 91721 MiB, 241.00 W, 2422 MHz, 12481 MHz, 45
2026/09/26 15:04:58.308, 0, 88 %, 91723 MiB, 227.03 W, 2422 MHz, 12481 MHz, 46
2026/09/26 15:04:58.308, 1, 64 %, 91721 MiB, 227.12 W, 2422 MHz, 12481 MHz, 46
2026/09/26 15:04:58.558, 0, 81 %, 91723 MiB, 215.51 W, 2415 MHz, 12481 MHz, 43
2026/09/26 15:04:58.558, 1, 92 %, 91721 MiB, 236.19 W, 2422 MHz, 12481 MHz, 46
2026/09/26 15:04:58.808, 0, 71 %, 91723 MiB, 217.25 W, 2415 MHz, 12481 MHz, 46
2026/09/26 15:04:58.808, 1, 76 %, 91721 MiB, 248.40 W, 2422 MHz, 12481 MHz, 47
2026/09/26 15:04:59.058, 0, 76 %, 91723 MiB, 215.87 W, 2422 MHz, 12481 MHz, 44
2026/09/26 15:04:59.058, 1, 79 %, 91721 MiB, 257.32 W, 2422 MHz, 12481 MHz, 46
2026/09/26 15:04:59.308, 0, 88 %, 91723 MiB, 220.45 W, 2422 MHz, 12481 MHz, 46
2026/09/26 15:04:59.308, 1, 78 %, 91721 MiB, 263.73 W, 2422 MHz, 12481 MHz, 47
2026/09/26 15:04:59.558, 0, 88 %, 91723 MiB, 230.31 W, 2422 MHz, 12481 MHz, 44
2026/09/26 15:04:59.558, 1, 67 %, 91721 MiB, 256.49 W, 2422 MHz, 12481 MHz, 46
2026/09/26 15:04:59.808, 0, 0 %, 91723 MiB, 203.82 W, 2422 MHz, 12481 MHz, 44
2026/09/26 15:04:59.809, 1, 22 %, 91721 MiB, 221.49 W, 2422 MHz, 12481 MHz, 45
2026/09/26 15:05:00.059, 0, 99 %, 91723 MiB, 204.23 W, 2415 MHz, 12481 MHz, 45
2026/09/26 15:05:00.059, 1, 99 %, 91721 MiB, 217.78 W, 2400 MHz, 12481 MHz, 46
2026/09/26 15:05:00.309, 0, 99 %, 91723 MiB, 206.56 W, 2415 MHz, 12481 MHz, 45
2026/09/26 15:05:00.309, 1, 99 %, 91721 MiB, 214.66 W, 2400 MHz, 12481 MHz, 46
2026/09/26 15:05:00.559, 0, 99 %, 91723 MiB, 213.33 W, 2415 MHz, 12481 MHz, 45
2026/09/26 15:05:00.559, 1, 99 %, 91721 MiB, 213.77 W, 2407 MHz, 12481 MHz, 46
2026/09/26 15:05:00.809, 0, 99 %, 91723 MiB, 235.68 W, 2415 MHz, 12481 MHz, 45
2026/09/26 15:05:00.809, 1, 99 %, 91721 MiB, 243.88 W, 2400 MHz, 12481 MHz, 46
2026/09/26 15:05:01.059, 0, 99 %, 91723 MiB, 238.32 W, 2415 MHz, 12481 MHz, 45
2026/09/26 15:05:01.059, 1, 99 %, 91721 MiB, 245.44 W, 2400 MHz, 12481 MHz, 46
2026/09/26 15:05:01.309, 0, 99 %, 91723 MiB, 237.73 W, 2415 MHz, 12481 MHz, 45
2026/09/26 15:05:01.309, 1, 99 %, 91721 MiB, 246.13 W, 2407 MHz, 12481 MHz, 46
2026/09/26 15:05:01.559, 0, 99 %, 91723 MiB, 236.52 W, 2415 MHz, 12481 MHz, 45
2026/09/26 15:05:01.559, 1, 99 %, 91721 MiB, 246.25 W, 2407 MHz, 12481 MHz, 46
2026/09/26 15:05:01.809, 0, 99 %, 91723 MiB, 237.24 W, 2415 MHz, 12481 MHz, 45
2026/09/26 15:05:01.809, 1, 99 %, 91721 MiB, 246.44 W, 2407 MHz, 12481 MHz, 46
2026/09/26 15:05:02.060, 0, 99 %, 91723 MiB, 238.31 W, 2415 MHz, 12481 MHz, 45
2026/09/26 15:05:02.060, 1, 99 %, 91721 MiB, 246.41 W, 2400 MHz, 12481 MHz, 46
2026/09/26 15:05:02.310, 0, 99 %, 91723 MiB, 237.14 W, 2415 MHz, 12481 MHz, 45
2026/09/26 15:05:02.310, 1, 54 %, 91721 MiB, 238.89 W, 2400 MHz, 12481 MHz, 44
2026/09/26 15:05:02.560, 0, 71 %, 91723 MiB, 229.81 W, 2415 MHz, 12481 MHz, 45
2026/09/26 15:05:02.560, 1, 65 %, 91721 MiB, 238.88 W, 2415 MHz, 12481 MHz, 45
2026/09/26 15:05:02.810, 0, 75 %, 91723 MiB, 223.45 W, 2415 MHz, 12481 MHz, 46
2026/09/26 15:05:02.810, 1, 70 %, 91721 MiB, 231.29 W, 2422 MHz, 12481 MHz, 46
2026/09/26 15:05:03.060, 0, 77 %, 91723 MiB, 216.38 W, 2422 MHz, 12481 MHz, 46
2026/09/26 15:05:03.060, 1, 65 %, 91721 MiB, 225.70 W, 2422 MHz, 12481 MHz, 46
2026/09/26 15:05:03.310, 0, 74 %, 91723 MiB, 214.49 W, 2422 MHz, 12481 MHz, 45
2026/09/26 15:05:03.310, 1, 62 %, 91721 MiB, 226.17 W, 2422 MHz, 12481 MHz, 46
2026/09/26 15:05:03.560, 0, 78 %, 91723 MiB, 212.07 W, 2422 MHz, 12481 MHz, 46
2026/09/26 15:05:03.560, 1, 63 %, 91721 MiB, 221.29 W, 2422 MHz, 12481 MHz, 45
2026/09/26 15:05:03.810, 0, 32 %, 91723 MiB, 210.84 W, 2422 MHz, 12481 MHz, 47
2026/09/26 15:05:03.810, 1, 66 %, 91721 MiB, 234.77 W, 2422 MHz, 12481 MHz, 47
2026/09/26 15:05:04.060, 0, 84 %, 91723 MiB, 206.93 W, 2422 MHz, 12481 MHz, 45
2026/09/26 15:05:04.061, 1, 67 %, 91721 MiB, 236.27 W, 2422 MHz, 12481 MHz, 46
2026/09/26 15:05:04.311, 0, 75 %, 91723 MiB, 207.60 W, 2422 MHz, 12481 MHz, 46
2026/09/26 15:05:04.311, 1, 74 %, 91721 MiB, 234.02 W, 2422 MHz, 12481 MHz, 47
2026/09/26 15:05:04.561, 0, 82 %, 91723 MiB, 208.66 W, 2422 MHz, 12481 MHz, 45
2026/09/26 15:05:04.561, 1, 65 %, 91721 MiB, 236.67 W, 2422 MHz, 12481 MHz, 45
2026/09/26 15:05:04.811, 0, 76 %, 91723 MiB, 211.34 W, 2422 MHz, 12481 MHz, 46
2026/09/26 15:05:04.811, 1, 70 %, 91721 MiB, 229.57 W, 2422 MHz, 12481 MHz, 47
2026/09/26 15:05:05.061, 0, 76 %, 91723 MiB, 206.91 W, 2415 MHz, 12481 MHz, 46
2026/09/26 15:05:05.061, 1, 85 %, 91721 MiB, 234.72 W, 2422 MHz, 12481 MHz, 47
2026/09/26 15:05:05.311, 0, 79 %, 91723 MiB, 205.13 W, 2415 MHz, 12481 MHz, 45
2026/09/26 15:05:05.311, 1, 65 %, 91721 MiB, 236.66 W, 2422 MHz, 12481 MHz, 46
2026/09/26 15:05:05.561, 0, 76 %, 91723 MiB, 207.07 W, 2422 MHz, 12481 MHz, 45
2026/09/26 15:05:05.561, 1, 64 %, 91721 MiB, 233.01 W, 2422 MHz, 12481 MHz, 46
2026/09/26 15:05:05.811, 0, 77 %, 91723 MiB, 207.99 W, 2422 MHz, 12481 MHz, 46
2026/09/26 15:05:05.812, 1, 69 %, 91721 MiB, 236.43 W, 2422 MHz, 12481 MHz, 46
2026/09/26 15:05:06.062, 0, 77 %, 91723 MiB, 216.18 W, 2422 MHz, 12481 MHz, 47
2026/09/26 15:05:06.062, 1, 65 %, 91721 MiB, 224.34 W, 2422 MHz, 12481 MHz, 45
2026/09/26 15:05:06.312, 0, 34 %, 91723 MiB, 213.92 W, 2422 MHz, 12481 MHz, 45
2026/09/26 15:05:06.312, 1, 63 %, 91721 MiB, 234.94 W, 2422 MHz, 12481 MHz, 45
2026/09/26 15:05:06.562, 0, 76 %, 91723 MiB, 211.78 W, 2422 MHz, 12481 MHz, 45
2026/09/26 15:05:06.562, 1, 62 %, 91721 MiB, 236.02 W, 2422 MHz, 12481 MHz, 47
2026/09/26 15:05:06.812, 0, 80 %, 91723 MiB, 217.21 W, 2422 MHz, 12481 MHz, 46
2026/09/26 15:05:06.812, 1, 63 %, 91721 MiB, 229.54 W, 2422 MHz, 12481 MHz, 47
2026/09/26 15:05:07.062, 0, 79 %, 91723 MiB, 209.66 W, 2422 MHz, 12481 MHz, 45
2026/09/26 15:05:07.062, 1, 63 %, 91721 MiB, 233.82 W, 2422 MHz, 12481 MHz, 45
2026/09/26 15:05:07.312, 0, 81 %, 91723 MiB, 208.74 W, 2422 MHz, 12481 MHz, 45
2026/09/26 15:05:07.312, 1, 64 %, 91721 MiB, 221.75 W, 2422 MHz, 12481 MHz, 45
2026/09/26 15:05:07.563, 0, 65 %, 91723 MiB, 205.25 W, 2407 MHz, 12481 MHz, 45
2026/09/26 15:05:07.563, 1, 83 %, 91721 MiB, 236.97 W, 2422 MHz, 12481 MHz, 47
2026/09/26 15:05:07.813, 0, 80 %, 91723 MiB, 199.60 W, 2407 MHz, 12481 MHz, 46
2026/09/26 15:05:07.813, 1, 70 %, 91721 MiB, 240.61 W, 2422 MHz, 12481 MHz, 47
2026/09/26 15:05:08.063, 0, 77 %, 91723 MiB, 209.30 W, 2422 MHz, 12481 MHz, 46
2026/09/26 15:05:08.063, 1, 65 %, 91721 MiB, 240.74 W, 2422 MHz, 12481 MHz, 45
2026/09/26 15:05:08.313, 0, 86 %, 91723 MiB, 218.26 W, 2422 MHz, 12481 MHz, 46
2026/09/26 15:05:08.313, 1, 60 %, 91721 MiB, 236.18 W, 2422 MHz, 12481 MHz, 45
2026/09/26 15:05:08.563, 0, 78 %, 91723 MiB, 226.07 W, 2422 MHz, 12481 MHz, 46
2026/09/26 15:05:08.563, 1, 65 %, 91721 MiB, 222.58 W, 2422 MHz, 12481 MHz, 46
2026/09/26 15:05:08.813, 0, 74 %, 91723 MiB, 226.39 W, 2422 MHz, 12481 MHz, 44
2026/09/26 15:05:08.813, 1, 73 %, 91721 MiB, 227.64 W, 2422 MHz, 12481 MHz, 46
2026/09/26 15:05:09.063, 0, 86 %, 91723 MiB, 223.72 W, 2422 MHz, 12481 MHz, 46
2026/09/26 15:05:09.063, 1, 75 %, 91721 MiB, 223.81 W, 2422 MHz, 12481 MHz, 46
2026/09/26 15:05:09.314, 0, 78 %, 91723 MiB, 217.13 W, 2422 MHz, 12481 MHz, 46
2026/09/26 15:05:09.314, 1, 67 %, 91721 MiB, 231.15 W, 2422 MHz, 12481 MHz, 46
2026/09/26 15:05:09.564, 0, 86 %, 91723 MiB, 218.97 W, 2422 MHz, 12481 MHz, 46
2026/09/26 15:05:09.564, 1, 63 %, 91721 MiB, 232.34 W, 2422 MHz, 12481 MHz, 45
2026/09/26 15:05:09.814, 0, 78 %, 91723 MiB, 224.46 W, 2422 MHz, 12481 MHz, 46
2026/09/26 15:05:09.814, 1, 65 %, 91721 MiB, 220.75 W, 2422 MHz, 12481 MHz, 45
2026/09/26 15:05:10.064, 0, 81 %, 91723 MiB, 209.65 W, 2422 MHz, 12481 MHz, 45
2026/09/26 15:05:10.064, 1, 71 %, 91721 MiB, 232.11 W, 2422 MHz, 12481 MHz, 47
2026/09/26 15:05:10.314, 0, 80 %, 91723 MiB, 221.86 W, 2422 MHz, 12481 MHz, 45
2026/09/26 15:05:10.314, 1, 64 %, 91721 MiB, 234.34 W, 2422 MHz, 12481 MHz, 45
2026/09/26 15:05:10.564, 0, 81 %, 91723 MiB, 219.71 W, 2422 MHz, 12481 MHz, 45
2026/09/26 15:05:10.564, 1, 75 %, 91721 MiB, 230.64 W, 2422 MHz, 12481 MHz, 47
2026/09/26 15:05:10.814, 0, 86 %, 91723 MiB, 219.10 W, 2422 MHz, 12481 MHz, 47
2026/09/26 15:05:10.814, 1, 63 %, 91721 MiB, 232.67 W, 2422 MHz, 12481 MHz, 47
2026/09/26 15:05:11.064, 0, 83 %, 91723 MiB, 226.92 W, 2422 MHz, 12481 MHz, 47
2026/09/26 15:05:11.064, 1, 64 %, 91721 MiB, 228.02 W, 2422 MHz, 12481 MHz, 45
2026/09/26 15:05:11.315, 0, 87 %, 91723 MiB, 216.88 W, 2422 MHz, 12481 MHz, 45
2026/09/26 15:05:11.315, 1, 64 %, 91721 MiB, 222.69 W, 2422 MHz, 12481 MHz, 45
2026/09/26 15:05:11.565, 0, 26 %, 91723 MiB, 212.85 W, 2407 MHz, 12481 MHz, 46
2026/09/26 15:05:11.565, 1, 66 %, 91721 MiB, 237.88 W, 2422 MHz, 12481 MHz, 45
2026/09/26 15:05:11.815, 0, 82 %, 91723 MiB, 215.41 W, 2407 MHz, 12481 MHz, 46
2026/09/26 15:05:11.815, 1, 76 %, 91721 MiB, 237.33 W, 2422 MHz, 12481 MHz, 47
2026/09/26 15:05:12.065, 0, 81 %, 91723 MiB, 212.49 W, 2422 MHz, 12481 MHz, 46
2026/09/26 15:05:12.065, 1, 64 %, 91721 MiB, 239.91 W, 2422 MHz, 12481 MHz, 47
2026/09/26 15:05:12.315, 0, 88 %, 91723 MiB, 219.42 W, 2422 MHz, 12481 MHz, 45
2026/09/26 15:05:12.315, 1, 66 %, 91721 MiB, 244.49 W, 2422 MHz, 12481 MHz, 46
2026/09/26 15:05:12.565, 0, 81 %, 91723 MiB, 224.53 W, 2422 MHz, 12481 MHz, 46
2026/09/26 15:05:12.565, 1, 66 %, 91721 MiB, 230.86 W, 2422 MHz, 12481 MHz, 46
2026/09/26 15:05:12.815, 0, 83 %, 91723 MiB, 217.83 W, 2422 MHz, 12481 MHz, 43
2026/09/26 15:05:12.815, 1, 97 %, 91721 MiB, 251.61 W, 2422 MHz, 12481 MHz, 46
2026/09/26 15:05:13.065, 0, 93 %, 91723 MiB, 235.67 W, 2422 MHz, 12481 MHz, 46
2026/09/26 15:05:13.065, 1, 82 %, 91721 MiB, 258.25 W, 2415 MHz, 12481 MHz, 47
2026/09/26 15:05:13.315, 0, 63 %, 91723 MiB, 232.06 W, 2422 MHz, 12481 MHz, 46
2026/09/26 15:05:13.316, 1, 77 %, 91721 MiB, 257.66 W, 2422 MHz, 12481 MHz, 47
2026/09/26 15:05:13.566, 0, 90 %, 91723 MiB, 234.47 W, 2422 MHz, 12481 MHz, 46
2026/09/26 15:05:13.568, 1, 79 %, 91721 MiB, 269.57 W, 2422 MHz, 12481 MHz, 47
2026/09/26 15:05:13.818, 0, 66 %, 91723 MiB, 218.13 W, 2422 MHz, 12481 MHz, 43
2026/09/26 15:05:13.818, 1, 11 %, 91721 MiB, 234.62 W, 2415 MHz, 12481 MHz, 45
2026/09/26 15:05:14.068, 0, 99 %, 91723 MiB, 200.21 W, 2392 MHz, 12481 MHz, 45
2026/09/26 15:05:14.068, 1, 54 %, 91721 MiB, 226.29 W, 2370 MHz, 12481 MHz, 45
2026/09/26 15:05:14.318, 0, 99 %, 91723 MiB, 205.39 W, 2392 MHz, 12481 MHz, 45
2026/09/26 15:05:14.318, 1, 99 %, 91721 MiB, 225.77 W, 2407 MHz, 12481 MHz, 45
2026/09/26 15:05:14.568, 0, 99 %, 91723 MiB, 205.43 W, 2415 MHz, 12481 MHz, 45
2026/09/26 15:05:14.568, 1, 99 %, 91721 MiB, 219.13 W, 2407 MHz, 12481 MHz, 46
2026/09/26 15:05:14.818, 0, 99 %, 91723 MiB, 228.01 W, 2415 MHz, 12481 MHz, 45
2026/09/26 15:05:14.818, 1, 99 %, 91721 MiB, 240.91 W, 2407 MHz, 12481 MHz, 46
2026/09/26 15:05:15.068, 0, 99 %, 91723 MiB, 240.93 W, 2415 MHz, 12481 MHz, 45
2026/09/26 15:05:15.068, 1, 99 %, 91721 MiB, 244.85 W, 2400 MHz, 12481 MHz, 46
2026/09/26 15:05:15.318, 0, 99 %, 91723 MiB, 239.94 W, 2415 MHz, 12481 MHz, 45
2026/09/26 15:05:15.319, 1, 99 %, 91721 MiB, 245.78 W, 2407 MHz, 12481 MHz, 46
2026/09/26 15:05:15.569, 0, 99 %, 91723 MiB, 238.27 W, 2415 MHz, 12481 MHz, 45
2026/09/26 15:05:15.569, 1, 99 %, 91721 MiB, 245.30 W, 2407 MHz, 12481 MHz, 46
2026/09/26 15:05:15.819, 0, 99 %, 91723 MiB, 238.78 W, 2415 MHz, 12481 MHz, 45
2026/09/26 15:05:15.819, 1, 99 %, 91721 MiB, 245.03 W, 2407 MHz, 12481 MHz, 45
2026/09/26 15:05:16.069, 0, 99 %, 91723 MiB, 238.78 W, 2415 MHz, 12481 MHz, 45
2026/09/26 15:05:16.069, 1, 99 %, 91721 MiB, 244.80 W, 2400 MHz, 12481 MHz, 46
2026/09/26 15:05:16.319, 0, 99 %, 91723 MiB, 238.93 W, 2415 MHz, 12481 MHz, 45
2026/09/26 15:05:16.319, 1, 99 %, 91721 MiB, 244.97 W, 2407 MHz, 12481 MHz, 45
2026/09/26 15:05:16.569, 0, 75 %, 91723 MiB, 226.59 W, 2407 MHz, 12481 MHz, 46
2026/09/26 15:05:16.569, 1, 56 %, 91721 MiB, 237.39 W, 2400 MHz, 12481 MHz, 47
2026/09/26 15:05:16.819, 0, 76 %, 91723 MiB, 223.34 W, 2407 MHz, 12481 MHz, 46
2026/09/26 15:05:16.819, 1, 63 %, 91721 MiB, 230.63 W, 2400 MHz, 12481 MHz, 45
2026/09/26 15:05:17.069, 0, 75 %, 91723 MiB, 216.19 W, 2422 MHz, 12481 MHz, 45
2026/09/26 15:05:17.069, 1, 66 %, 91721 MiB, 225.67 W, 2422 MHz, 12481 MHz, 46
2026/09/26 15:05:17.319, 0, 80 %, 91723 MiB, 212.83 W, 2422 MHz, 12481 MHz, 45
2026/09/26 15:05:17.319, 1, 64 %, 91721 MiB, 218.63 W, 2422 MHz, 12481 MHz, 45
2026/09/26 15:05:17.570, 0, 75 %, 91723 MiB, 219.20 W, 2422 MHz, 12481 MHz, 45
2026/09/26 15:05:17.570, 1, 69 %, 91721 MiB, 224.30 W, 2422 MHz, 12481 MHz, 46
2026/09/26 15:05:17.820, 0, 84 %, 91723 MiB, 211.27 W, 2422 MHz, 12481 MHz, 44
2026/09/26 15:05:17.820, 1, 84 %, 91721 MiB, 239.63 W, 2422 MHz, 12481 MHz, 46
2026/09/26 15:05:18.070, 0, 75 %, 91723 MiB, 213.72 W, 2422 MHz, 12481 MHz, 47
2026/09/26 15:05:18.070, 1, 64 %, 91721 MiB, 237.51 W, 2422 MHz, 12481 MHz, 45
2026/09/26 15:05:18.320, 0, 73 %, 91723 MiB, 213.80 W, 2422 MHz, 12481 MHz, 45
2026/09/26 15:05:18.320, 1, 63 %, 91721 MiB, 238.11 W, 2422 MHz, 12481 MHz, 47
2026/09/26 15:05:18.570, 0, 77 %, 91723 MiB, 214.50 W, 2422 MHz, 12481 MHz, 46
2026/09/26 15:05:18.570, 1, 63 %, 91721 MiB, 236.23 W, 2422 MHz, 12481 MHz, 45
2026/09/26 15:05:18.820, 0, 75 %, 91723 MiB, 218.75 W, 2422 MHz, 12481 MHz, 44
2026/09/26 15:05:18.820, 1, 62 %, 91721 MiB, 221.46 W, 2422 MHz, 12481 MHz, 45
2026/09/26 15:05:19.070, 0, 26 %, 91723 MiB, 212.72 W, 2407 MHz, 12481 MHz, 43
2026/09/26 15:05:19.070, 1, 63 %, 91721 MiB, 235.74 W, 2422 MHz, 12481 MHz, 47
2026/09/26 15:05:19.321, 0, 76 %, 91723 MiB, 215.23 W, 2407 MHz, 12481 MHz, 46
2026/09/26 15:05:19.321, 1, 73 %, 91721 MiB, 233.89 W, 2422 MHz, 12481 MHz, 46
2026/09/26 15:05:19.571, 0, 81 %, 91723 MiB, 213.79 W, 2422 MHz, 12481 MHz, 45
2026/09/26 15:05:19.571, 1, 64 %, 91721 MiB, 233.81 W, 2422 MHz, 12481 MHz, 45
2026/09/26 15:05:19.821, 0, 77 %, 91723 MiB, 213.22 W, 2422 MHz, 12481 MHz, 46
2026/09/26 15:05:19.821, 1, 74 %, 91721 MiB, 236.21 W, 2422 MHz, 12481 MHz, 47
2026/09/26 15:05:20.071, 0, 77 %, 91723 MiB, 220.19 W, 2422 MHz, 12481 MHz, 46
2026/09/26 15:05:20.071, 1, 64 %, 91721 MiB, 224.89 W, 2422 MHz, 12481 MHz, 45
2026/09/26 15:05:20.321, 0, 80 %, 91723 MiB, 207.54 W, 2422 MHz, 12481 MHz, 44
2026/09/26 15:05:20.321, 1, 85 %, 91721 MiB, 238.87 W, 2422 MHz, 12481 MHz, 46
2026/09/26 15:05:20.571, 0, 76 %, 91723 MiB, 209.91 W, 2422 MHz, 12481 MHz, 45
2026/09/26 15:05:20.571, 1, 63 %, 91721 MiB, 235.44 W, 2422 MHz, 12481 MHz, 47
2026/09/26 15:05:20.822, 0, 79 %, 91723 MiB, 216.04 W, 2422 MHz, 12481 MHz, 46
2026/09/26 15:05:20.822, 1, 63 %, 91721 MiB, 234.93 W, 2422 MHz, 12481 MHz, 47
2026/09/26 15:05:21.072, 0, 81 %, 91723 MiB, 210.66 W, 2422 MHz, 12481 MHz, 46
2026/09/26 15:05:21.075, 1, 62 %, 91721 MiB, 238.54 W, 2422 MHz, 12481 MHz, 45
2026/09/26 15:05:21.325, 0, 76 %, 91723 MiB, 219.60 W, 2422 MHz, 12481 MHz, 45
2026/09/26 15:05:21.325, 1, 63 %, 91721 MiB, 225.94 W, 2422 MHz, 12481 MHz, 47
2026/09/26 15:05:21.575, 0, 78 %, 91723 MiB, 211.71 W, 2422 MHz, 12481 MHz, 44
2026/09/26 15:05:21.575, 1, 81 %, 91721 MiB, 239.38 W, 2422 MHz, 12481 MHz, 48
2026/09/26 15:05:21.826, 0, 40 %, 91723 MiB, 209.07 W, 2422 MHz, 12481 MHz, 47
2026/09/26 15:05:21.826, 1, 63 %, 91721 MiB, 240.74 W, 2422 MHz, 12481 MHz, 47
2026/09/26 15:05:22.076, 0, 84 %, 91723 MiB, 211.00 W, 2422 MHz, 12481 MHz, 45
2026/09/26 15:05:22.076, 1, 65 %, 91721 MiB, 241.65 W, 2422 MHz, 12481 MHz, 45
2026/09/26 15:05:22.326, 0, 77 %, 91723 MiB, 211.68 W, 2422 MHz, 12481 MHz, 45
2026/09/26 15:05:22.326, 1, 65 %, 91721 MiB, 238.27 W, 2422 MHz, 12481 MHz, 46
2026/09/26 15:05:22.576, 0, 80 %, 91723 MiB, 216.89 W, 2422 MHz, 12481 MHz, 46
2026/09/26 15:05:22.576, 1, 73 %, 91721 MiB, 230.20 W, 2422 MHz, 12481 MHz, 46
2026/09/26 15:05:22.826, 0, 84 %, 91723 MiB, 218.63 W, 2422 MHz, 12481 MHz, 45
2026/09/26 15:05:22.826, 1, 65 %, 91721 MiB, 239.49 W, 2422 MHz, 12481 MHz, 48
2026/09/26 15:05:23.076, 0, 81 %, 91723 MiB, 210.68 W, 2407 MHz, 12481 MHz, 46
2026/09/26 15:05:23.076, 1, 84 %, 91721 MiB, 236.33 W, 2422 MHz, 12481 MHz, 46
2026/09/26 15:05:23.326, 0, 79 %, 91723 MiB, 209.43 W, 2407 MHz, 12481 MHz, 45
2026/09/26 15:05:23.326, 1, 65 %, 91721 MiB, 243.81 W, 2422 MHz, 12481 MHz, 45
2026/09/26 15:05:23.576, 0, 80 %, 91723 MiB, 214.76 W, 2422 MHz, 12481 MHz, 46
2026/09/26 15:05:23.577, 1, 75 %, 91721 MiB, 240.52 W, 2422 MHz, 12481 MHz, 47
2026/09/26 15:05:23.827, 0, 86 %, 91723 MiB, 210.24 W, 2422 MHz, 12481 MHz, 46
2026/09/26 15:05:23.827, 1, 64 %, 91721 MiB, 236.21 W, 2422 MHz, 12481 MHz, 46
2026/09/26 15:05:24.077, 0, 86 %, 91723 MiB, 221.05 W, 2422 MHz, 12481 MHz, 46
2026/09/26 15:05:24.077, 1, 71 %, 91721 MiB, 230.62 W, 2422 MHz, 12481 MHz, 46
2026/09/26 15:05:24.327, 0, 45 %, 91723 MiB, 215.70 W, 2422 MHz, 12481 MHz, 45
2026/09/26 15:05:24.327, 1, 65 %, 91721 MiB, 243.87 W, 2422 MHz, 12481 MHz, 46
2026/09/26 15:05:24.577, 0, 81 %, 91723 MiB, 219.78 W, 2422 MHz, 12481 MHz, 45
2026/09/26 15:05:24.577, 1, 72 %, 91721 MiB, 250.55 W, 2422 MHz, 12481 MHz, 46
2026/09/26 15:05:24.827, 0, 89 %, 91723 MiB, 226.07 W, 2422 MHz, 12481 MHz, 46
2026/09/26 15:05:24.827, 1, 64 %, 91721 MiB, 240.87 W, 2422 MHz, 12481 MHz, 47
2026/09/26 15:05:25.077, 0, 83 %, 91723 MiB, 222.61 W, 2422 MHz, 12481 MHz, 47
2026/09/26 15:05:25.077, 1, 65 %, 91721 MiB, 241.25 W, 2422 MHz, 12481 MHz, 46
2026/09/26 15:05:25.327, 0, 86 %, 91723 MiB, 223.35 W, 2422 MHz, 12481 MHz, 45
2026/09/26 15:05:25.327, 1, 65 %, 91721 MiB, 230.20 W, 2422 MHz, 12481 MHz, 46
2026/09/26 15:05:25.578, 0, 74 %, 91723 MiB, 216.69 W, 2415 MHz, 12481 MHz, 46
2026/09/26 15:05:25.578, 1, 84 %, 91721 MiB, 238.62 W, 2422 MHz, 12481 MHz, 46
2026/09/26 15:05:25.828, 0, 83 %, 91723 MiB, 214.61 W, 2415 MHz, 12481 MHz, 46
2026/09/26 15:05:25.828, 1, 76 %, 91721 MiB, 237.93 W, 2422 MHz, 12481 MHz, 47
2026/09/26 15:05:26.078, 0, 80 %, 91723 MiB, 210.45 W, 2422 MHz, 12481 MHz, 46
2026/09/26 15:05:26.078, 1, 63 %, 91721 MiB, 239.55 W, 2422 MHz, 12481 MHz, 47
2026/09/26 15:05:26.328, 0, 85 %, 91723 MiB, 210.50 W, 2422 MHz, 12481 MHz, 46
2026/09/26 15:05:26.328, 1, 70 %, 91721 MiB, 245.09 W, 2422 MHz, 12481 MHz, 47
2026/09/26 15:05:26.578, 0, 84 %, 91723 MiB, 211.27 W, 2422 MHz, 12481 MHz, 46
2026/09/26 15:05:26.578, 1, 65 %, 91721 MiB, 240.21 W, 2422 MHz, 12481 MHz, 45
2026/09/26 15:05:26.828, 0, 81 %, 91723 MiB, 204.62 W, 2422 MHz, 12481 MHz, 45
2026/09/26 15:05:26.828, 1, 75 %, 91721 MiB, 259.09 W, 2422 MHz, 12481 MHz, 46
2026/09/26 15:05:27.079, 0, 92 %, 91723 MiB, 222.18 W, 2422 MHz, 12481 MHz, 47
2026/09/26 15:05:27.079, 1, 81 %, 91721 MiB, 264.76 W, 2422 MHz, 12481 MHz, 47
2026/09/26 15:05:27.329, 0, 56 %, 91723 MiB, 227.67 W, 2422 MHz, 12481 MHz, 44
2026/09/26 15:05:27.329, 1, 84 %, 91721 MiB, 270.15 W, 2422 MHz, 12481 MHz, 47
2026/09/26 15:05:27.579, 0, 94 %, 91723 MiB, 238.71 W, 2422 MHz, 12481 MHz, 47
2026/09/26 15:05:27.579, 1, 83 %, 91721 MiB, 273.09 W, 2415 MHz, 12481 MHz, 47
2026/09/26 15:05:27.829, 0, 54 %, 91723 MiB, 220.86 W, 2392 MHz, 12481 MHz, 43
2026/09/26 15:05:27.829, 1, 13 %, 91721 MiB, 241.01 W, 2407 MHz, 12481 MHz, 44
2026/09/26 15:05:28.080, 0, 99 %, 91723 MiB, 210.69 W, 2400 MHz, 12481 MHz, 45
2026/09/26 15:05:28.080, 1, 95 %, 91721 MiB, 238.49 W, 2370 MHz, 12481 MHz, 46
2026/09/26 15:05:28.330, 0, 99 %, 91723 MiB, 214.70 W, 2415 MHz, 12481 MHz, 45
2026/09/26 15:05:28.330, 1, 99 %, 91721 MiB, 230.90 W, 2407 MHz, 12481 MHz, 46
2026/09/26 15:05:28.580, 0, 99 %, 91723 MiB, 209.96 W, 2415 MHz, 12481 MHz, 45
2026/09/26 15:05:28.580, 1, 99 %, 91721 MiB, 224.03 W, 2407 MHz, 12481 MHz, 46
2026/09/26 15:05:28.830, 0, 99 %, 91723 MiB, 237.40 W, 2415 MHz, 12481 MHz, 45
2026/09/26 15:05:28.830, 1, 99 %, 91721 MiB, 244.91 W, 2407 MHz, 12481 MHz, 46
2026/09/26 15:05:29.081, 0, 99 %, 91723 MiB, 244.69 W, 2415 MHz, 12481 MHz, 45
2026/09/26 15:05:29.081, 1, 99 %, 91721 MiB, 245.56 W, 2407 MHz, 12481 MHz, 46
2026/09/26 15:05:29.331, 0, 99 %, 91723 MiB, 244.42 W, 2415 MHz, 12481 MHz, 45
2026/09/26 15:05:29.331, 1, 99 %, 91721 MiB, 245.78 W, 2407 MHz, 12481 MHz, 46
2026/09/26 15:05:29.581, 0, 99 %, 91723 MiB, 244.39 W, 2415 MHz, 12481 MHz, 45
2026/09/26 15:05:29.581, 1, 99 %, 91721 MiB, 246.02 W, 2407 MHz, 12481 MHz, 46
2026/09/26 15:05:29.831, 0, 99 %, 91723 MiB, 244.34 W, 2415 MHz, 12481 MHz, 45
2026/09/26 15:05:29.831, 1, 99 %, 91721 MiB, 246.38 W, 2400 MHz, 12481 MHz, 46
2026/09/26 15:05:30.081, 0, 99 %, 91723 MiB, 244.10 W, 2415 MHz, 12481 MHz, 45
2026/09/26 15:05:30.081, 1, 99 %, 91721 MiB, 245.91 W, 2400 MHz, 12481 MHz, 46
2026/09/26 15:05:30.331, 0, 99 %, 91723 MiB, 243.87 W, 2415 MHz, 12481 MHz, 45
2026/09/26 15:05:30.331, 1, 99 %, 91721 MiB, 246.13 W, 2407 MHz, 12481 MHz, 46
