1790341909451 [server] build: memra-0.138.0-b01aa4c489e7 (id: source-tree, git: 1d11d5426fc1)
1790341909451 [server] starting; models config = [("q38", "/root/artifacts/Qwen3.8-27B-NVFP4-Q5K-mtp.gguf", None)]
1790341909452 [gpu-watch] Xid source: journalctl -k -f (/dev/kmsg unreadable — kernel.dmesg_restrict)
1790341909452 [worker-affinity] off (MEMRA_WORKER_CPUSET / MEMRA_WORKER_AFFINITY unset or =0)
1790341909652 [gpu-watch] on: every 60s, probe deadline 10s, fatal after 3 consecutive misses (MEMRA_GPU_PROBE_MISSES), fatal Xid [48, 64, 79, 94, 95, 119, 120]
1790341909690 [worker] Engine ready (device=0, MEMRA_FAST=true)
1790341909690 [spec-gate] policy placement=single-or-non-pp2 LOW=2 HIGH=4 source=placement-default spec-admission=on
1790341909690 [spec-k] automatic table: prompt<1024 -> K=3; cold-long -> K=3; prompt>= 1024 and cached>= 1024 -> K=2 (K=5 when the loaded MTP head is rank-trimmed)
1790341909690 [worker] loading model "q38" <- /root/artifacts/Qwen3.8-27B-NVFP4-Q5K-mtp.gguf
1790341909727 [tensor-contract] bound 866 semantic tensors (pack qwen35, Gguf, output head Separate); every census tensor is claimed and every required tensor is present with its declared shape and storage
1790341912908 [worker]   loaded "q38": 65 layers, eos=248046, stop=[248046]
1790341912908 [worker] q38: template caps tools=true think=true think_switch=true chat_ok=true effort_levels=false qwen_effort=true gemma_think=false dsv4=false glm5=false ctx=262144 tok="qwen35" instruct=Some("chatml") chat_defaults=None/None
1790341912908 [route-contract] model="q38" route=hybrid-worker capacity=64 sessions implemented=[capacity,occupancy,progress,fault-ownership,shutdown-ownership,memory-cost,rewrite-qualification,prime-fairness,service-metrics] refused=[]
1790341912908 [worker] q38: decode wave cap 16; scheduler tick cap 16 (exact-16 tier)
1790341919150 [prefix-host] contracts door: model q38 program identity artifact_sha256=1facf36c2db359dcf9c2475cf8f85fe84a528d10aaaaff20f7c0db3d561e024a plan_debug_sha256=8fc1154223424f168e69fdf10f4befec7a9af75544e385bb773759954ff427e5 numeric=server-prefix-entry-v5-kv-q8_0-34B-q5_1-24B template=gguf-jinja device=0 (6242ms to hash /root/artifacts/Qwen3.8-27B-NVFP4-Q5K-mtp.gguf)
1790341919150 [prefix-host] contracts door: model q38 draft program identity source=embedded numeric=server-prefix-entry-v5-kv-q8_0-34B-q5_1-24B+mtp-draft-kv-q8_0-34B-q5_1-24B (0ms)
1790341919150 [prefix-host] contracts door: D2H demotes and H2D promotes ride the transfer engine's copy stream and publish at the tick top (memra#536 Move 1)
1790341919150 [prefix-host] contracts door ON (MEMRA_KV_HOST_CONTRACTS=1): 1 model program identities, tenant salt per pool namespace, server governor ledger pinned/pageable 68719MB device 47649MB in-flight 390; host tier armed; KV plane D2H through the transfer engine on the pageable tier (Option B); KV plane H2D through the same engine on promote (Option C)
1790341919150 [prefix-host] on: budget 34360MB pinned cacheable host RAM (MEMRA_KV_HOST_MB, startup budget policy), plain byte-LRU, demote on device capacity eviction, promote on exact-prefix probe; verify=off (MEMRA_KV_HOST_VERIFY); tenant share cap 50% = 17180MB (MEMRA_KV_HOST_TENANT_PCT)
1790341919150 [prefix-cache] on: budget 15883MB (15883042816 B, derived: 2 x 7941521408 B max entry for model "q38" at served ctx 262144 (from checkpoint; MEMRA_CTX unset), requested 15883042816 B; boot driver free 86502277120 B, post-reserve clamp 84891664384 B), policy plain-LRU (global oldest unleased entry first; leases untouchable), min prefix 64 tokens, immediate partial restore=off (rollback) (transformer-only; hybrid mid-entry + routed-MoE N/A)
1790341919150 [admission] "q38": plain 29696 B/token, spec 31552 B/token; fixed residual learns from effective-free deltas
1790341919150 [prime-walk] model="q38" route=mtp supported=true yield_door=true [gdn_dspark_compatible=true mtp_head_loaded=true no_hyper_connections=true no_pipeline_cuts=true]
1790341920214 [fa-pool] grow #0 dev=0 o_len 0 -> 399360 ml_len 0 -> 1560 (retired kept, zero=false)
1790341920227 [func] CAPTURE-TIME kernel lookup (not warmed): embed_gather_u32
1790341920227 [func] CAPTURE-TIME kernel lookup (not warmed): inc_i32
1790341920227 [fa-pool] grow #1 dev=0 o_len 399360 -> 798720 ml_len 1560 -> 3120 (retired kept, zero=false)
1790341920227 [func] CAPTURE-TIME kernel lookup (not warmed): fa_decode_vec_q_v4_deep_dc
1790341920228 [func] CAPTURE-TIME kernel lookup (not warmed): fa_decode_combine_f32
1790341920228 [func] CAPTURE-TIME kernel lookup (not warmed): memra_sctr_inc
1790341920228 [func] CAPTURE-TIME kernel lookup (not warmed): gumbel_perturb_filtered_ctr_f32
1790341920230 [spec] draft-session state high-water: 44MB (max of parked delta 44MB and capture-time pool peak 12MB; charged per spec admission and gating future captures)
1790341920255 [fa-pool] grow #2 dev=0 o_len 798720 -> 1597440 ml_len 3120 -> 6240 (retired kept, zero=false)
1790341920639 [device-trim] reason=calibration-complete {"device":0,"reclaimed_bytes":2483027968,"still_owned_bytes":17283255616,"pool_reserved_bytes":17414750208,"pool_cached_bytes":131494592,"driver_free_bytes":83918585856,"synchronization_errors":[]}
1790341920639 [admit-cal] post-probe pool trim: released 2368MB cached back to the driver
1790341920639 [admit-cal] boot calibration done: model="q38" route=mtp transient floor 2196MB (static was 1536MB; measured 2196MB; probe kv charge 127MB, draft-state 44MB, drafted 63 accepted 42; [dev0 peak-mapped 18976MB rest-mapped 16608MB charged 171MB -> 2196MB]; 1.5s)
1790341920639 [admit-predict] shadow armed: budget_bytes=65863724752 budget_src=derived(effective_free_bytes=84050080448 - prefix_cache_budget_bytes=15883042816 - admission_reserve_bytes=2303312880) exempt_tenants=0 enforce=false (logging only, nothing is rejected; enforcement is a separate flip)
1790341920639 [admit-mem] door=ON open_output_tokens=8192 defer_budget_ms=8000 (admission charges prompt+output, the reclaim flush demotes to the host tier before dropping, and a memory defer past the budget refuses 429 instead of queueing past the client's deadline)
1790341920639 [kv-vmm] door=OFF (MEMRA_KV_ALLOCATOR unset or pooled: pooled K/V planes)
1790341920639 [server] worker ready; serving models: ["q38"]
1790341920639 [server] listening on http://127.0.0.1:18526
1790341921316 [meter] admit id=cmpl-78db574011a43afd0a649eb892790b05 tenant=default lane=interactive model="q38"
1790341921316 [admission] per-session draft-state charge: model="q38" +46MB (measured capture high-water)
1790341921316 [admission] request cost: model="q38" ctx=8257 path=spec = 31552 B/token x ctx + 2047MB prefill-workspace + 0MB fixed = 2307MB
1790341921316 [admit-predict] id=cmpl-78db574011a43afd0a649eb892790b05 tenant="warm" model="q38" verdict=admit reason=maxtok-fallback prompt=8192 predicted_completion=1 kv_hat=2352017744 booked_bytes=0 booked_real=0 inflight=0 cap=64 budget_bytes=65863724752 retry_after_s=- exempt=0 enforce=0 live_free_bytes=-
1790341921317 [admit-mem] id=cmpl-78db574011a43afd0a649eb892790b05 model="q38" verdict=admit prompt=8192 output_bound=1 charged_ctx=8257 est_bytes=4657097536 est_context=260524864 est_fixed=4396572672 device_free=84050080448 pending_prime=0 pending_prime_v1=0 pending_seed=0 pending_seed_uncapped=0 host_free=34359738368 demotable=0 short_by=0 inflight=0 cap=64 waited_ms=0 retry_after_s=- reason=-
1790341921318 [spec-k] model="q38" tenant="warm" K=3 source=cold-long prompt=8192 cached=0 lcp=0 active=1 wave=1 placement=single-or-non-pp2
1790341921318 [admission] fixed residual high-water: model="q38" 323MB (observed 582MB at ctx 8201 path=spec)
1790341922336 [prime-yield] count=1 remaining=3 chunks=1 wall_ms=1018.707 max_chunk_ms=1018.707
1790341923412 [prime-yield] count=2 remaining=2 chunks=1 wall_ms=1076.005 max_chunk_ms=1076.005
1790341923434 [prime-yield] count=3 remaining=1 chunks=1 wall_ms=21.178 max_chunk_ms=21.178
1790341923457 [meter] admit id=cmpl-7d8ebdaac90bcc6b72599fc6014582f8 tenant=default lane=interactive model="q38"
1790341923457 [admission] per-session draft-state charge: model="q38" +46MB (measured capture high-water)
1790341923457 [admission] request cost: model="q38" ctx=8257 path=spec = 31552 B/token x ctx + 2047MB prefill-workspace + 323MB fixed = 2630MB
1790341923457 [admit-predict] id=cmpl-7d8ebdaac90bcc6b72599fc6014582f8 tenant="warm" model="q38" verdict=admit reason=global-p95 prompt=8192 predicted_completion=1 kv_hat=2675127272 booked_bytes=0 booked_real=0 inflight=0 cap=64 budget_bytes=65863724752 retry_after_s=- exempt=0 enforce=0 live_free_bytes=-
1790341923457 [admit-mem] id=cmpl-7d8ebdaac90bcc6b72599fc6014582f8 model="q38" verdict=admit prompt=8192 output_bound=1 charged_ctx=8257 est_bytes=4980207064 est_context=260524864 est_fixed=4719682200 device_free=83134122684 pending_prime=0 pending_prime_v1=0 pending_seed=0 pending_seed_uncapped=0 host_free=34359738368 demotable=0 short_by=0 inflight=0 cap=64 waited_ms=0 retry_after_s=- reason=-
1790341923457 [worker] spec-affinity: declined (history diverged at 0 of checkpoint 8192; 1 parked, 8192 prompt tokens; model q38)
1790341923457 [spec-k] model="q38" tenant="warm" K=3 source=cold-long prompt=8192 cached=0 lcp=0 active=1 wave=1 placement=single-or-non-pp2
1790341924480 [prime-yield] count=1 remaining=3 chunks=1 wall_ms=1023.171 max_chunk_ms=1023.171
1790341925561 [prime-yield] count=2 remaining=2 chunks=1 wall_ms=1080.785 max_chunk_ms=1080.785
1790341925582 [prime-yield] count=3 remaining=1 chunks=1 wall_ms=21.146 max_chunk_ms=21.146
1790341925605 [meter] admit id=cmpl-438c602fc3b686d32ae87fe86e3ce220 tenant=default lane=interactive model="q38"
1790341925605 [admit-predict] id=cmpl-438c602fc3b686d32ae87fe86e3ce220 tenant="warm" model="q38" verdict=admit reason=global-p95 prompt=8192 predicted_completion=1 kv_hat=2675127272 booked_bytes=0 booked_real=0 inflight=0 cap=64 budget_bytes=65863724752 retry_after_s=- exempt=0 enforce=0 live_free_bytes=-
1790341925605 [admit-mem] id=cmpl-438c602fc3b686d32ae87fe86e3ce220 model="q38" verdict=admit prompt=8192 output_bound=1 charged_ctx=8257 est_bytes=4980207064 est_context=260524864 est_fixed=4719682200 device_free=82234942136 pending_prime=0 pending_prime_v1=0 pending_seed=0 pending_seed_uncapped=0 host_free=34359738368 demotable=0 short_by=0 inflight=0 cap=64 waited_ms=0 retry_after_s=- reason=-
1790341925605 [worker] spec-affinity: declined (history diverged at 0 of checkpoint 8192; 2 parked, 8192 prompt tokens; model q38)
1790341925606 [spec-k] model="q38" tenant="warm" K=3 source=cold-long prompt=8192 cached=0 lcp=0 active=1 wave=1 placement=single-or-non-pp2
1790341926632 [prime-yield] count=1 remaining=3 chunks=1 wall_ms=1026.425 max_chunk_ms=1026.425
1790341927716 [prime-yield] count=2 remaining=2 chunks=1 wall_ms=1083.465 max_chunk_ms=1083.465
1790341927737 [prime-yield] count=3 remaining=1 chunks=1 wall_ms=21.194 max_chunk_ms=21.194
1790341927759 [meter] admit id=cmpl-6aefbfb18c8fecf3a75e84943cecda21 tenant=default lane=interactive model="q38"
1790341927759 [admit-predict] id=cmpl-6aefbfb18c8fecf3a75e84943cecda21 tenant="warm" model="q38" verdict=admit reason=global-p95 prompt=8192 predicted_completion=1 kv_hat=2675127272 booked_bytes=0 booked_real=0 inflight=0 cap=64 budget_bytes=65863724752 retry_after_s=- exempt=0 enforce=0 live_free_bytes=-
1790341927759 [admit-mem] id=cmpl-6aefbfb18c8fecf3a75e84943cecda21 model="q38" verdict=admit prompt=8192 output_bound=1 charged_ctx=8257 est_bytes=4980207064 est_context=260524864 est_fixed=4719682200 device_free=82234942136 pending_prime=0 pending_prime_v1=0 pending_seed=0 pending_seed_uncapped=0 host_free=34359738368 demotable=0 short_by=0 inflight=0 cap=64 waited_ms=0 retry_after_s=- reason=-
1790341927759 [worker] spec-affinity: declined (history diverged at 0 of checkpoint 8192; 2 parked, 8192 prompt tokens; model q38)
1790341927760 [spec-k] model="q38" tenant="warm" K=3 source=cold-long prompt=8192 cached=0 lcp=0 active=1 wave=1 placement=single-or-non-pp2
1790341928788 [prime-yield] count=1 remaining=3 chunks=1 wall_ms=1028.187 max_chunk_ms=1028.187
1790341929874 [prime-yield] count=2 remaining=2 chunks=1 wall_ms=1085.942 max_chunk_ms=1085.942
1790341929895 [prime-yield] count=3 remaining=1 chunks=1 wall_ms=21.220 max_chunk_ms=21.220
1790341929918 [meter] admit id=cmpl-3c040b3e203b6f127a5892d66a589dc8 tenant=default lane=interactive model="q38"
1790341929918 [admit-predict] id=cmpl-3c040b3e203b6f127a5892d66a589dc8 tenant="warm" model="q38" verdict=admit reason=global-p95 prompt=8192 predicted_completion=1 kv_hat=2675127272 booked_bytes=0 booked_real=0 inflight=0 cap=64 budget_bytes=65863724752 retry_after_s=- exempt=0 enforce=0 live_free_bytes=-
1790341929918 [admit-mem] id=cmpl-3c040b3e203b6f127a5892d66a589dc8 model="q38" verdict=admit prompt=8192 output_bound=1 charged_ctx=8257 est_bytes=4980207064 est_context=260524864 est_fixed=4719682200 device_free=82234942136 pending_prime=0 pending_prime_v1=0 pending_seed=0 pending_seed_uncapped=0 host_free=34359738368 demotable=0 short_by=0 inflight=0 cap=64 waited_ms=0 retry_after_s=- reason=-
1790341929918 [worker] spec-affinity: declined (history diverged at 0 of checkpoint 8192; 2 parked, 8192 prompt tokens; model q38)
1790341929918 [spec-k] model="q38" tenant="warm" K=3 source=cold-long prompt=8192 cached=0 lcp=0 active=1 wave=1 placement=single-or-non-pp2
1790341930949 [prime-yield] count=1 remaining=3 chunks=1 wall_ms=1030.596 max_chunk_ms=1030.596
1790341932038 [prime-yield] count=2 remaining=2 chunks=1 wall_ms=1089.126 max_chunk_ms=1089.126
1790341932059 [prime-yield] count=3 remaining=1 chunks=1 wall_ms=21.144 max_chunk_ms=21.144
1790341932082 [meter] admit id=cmpl-a35c6c4b3fc901b0768a59f2ef1fc928 tenant=default lane=interactive model="q38"
1790341932082 [admit-predict] id=cmpl-a35c6c4b3fc901b0768a59f2ef1fc928 tenant="warm" model="q38" verdict=admit reason=global-p95 prompt=8192 predicted_completion=1 kv_hat=2675127272 booked_bytes=0 booked_real=0 inflight=0 cap=64 budget_bytes=65863724752 retry_after_s=- exempt=0 enforce=0 live_free_bytes=-
1790341932082 [admit-mem] id=cmpl-a35c6c4b3fc901b0768a59f2ef1fc928 model="q38" verdict=admit prompt=8192 output_bound=1 charged_ctx=8257 est_bytes=4980207064 est_context=260524864 est_fixed=4719682200 device_free=82234942136 pending_prime=0 pending_prime_v1=0 pending_seed=0 pending_seed_uncapped=0 host_free=34359738368 demotable=0 short_by=0 inflight=0 cap=64 waited_ms=0 retry_after_s=- reason=-
1790341932082 [worker] spec-affinity: declined (history diverged at 0 of checkpoint 8192; 2 parked, 8192 prompt tokens; model q38)
1790341932083 [spec-k] model="q38" tenant="warm" K=3 source=cold-long prompt=8192 cached=0 lcp=0 active=1 wave=1 placement=single-or-non-pp2
1790341933115 [prime-yield] count=1 remaining=3 chunks=1 wall_ms=1032.700 max_chunk_ms=1032.700
1790341934207 [prime-yield] count=2 remaining=2 chunks=1 wall_ms=1091.580 max_chunk_ms=1091.580
1790341934228 [prime-yield] count=3 remaining=1 chunks=1 wall_ms=21.087 max_chunk_ms=21.087
1790341934251 [meter] admit id=cmpl-89b94ba69b757ed508fe4a366634b1a8 tenant=default lane=interactive model="q38"
1790341934251 [admit-predict] id=cmpl-89b94ba69b757ed508fe4a366634b1a8 tenant="warm" model="q38" verdict=admit reason=global-p95 prompt=8192 predicted_completion=1 kv_hat=2675127272 booked_bytes=0 booked_real=0 inflight=0 cap=64 budget_bytes=65863724752 retry_after_s=- exempt=0 enforce=0 live_free_bytes=-
1790341934251 [admit-mem] id=cmpl-89b94ba69b757ed508fe4a366634b1a8 model="q38" verdict=admit prompt=8192 output_bound=1 charged_ctx=8257 est_bytes=4980207064 est_context=260524864 est_fixed=4719682200 device_free=82234942136 pending_prime=0 pending_prime_v1=0 pending_seed=0 pending_seed_uncapped=0 host_free=34359738368 demotable=0 short_by=0 inflight=0 cap=64 waited_ms=0 retry_after_s=- reason=-
1790341934251 [worker] spec-affinity: declined (history diverged at 0 of checkpoint 8192; 2 parked, 8192 prompt tokens; model q38)
1790341934252 [spec-k] model="q38" tenant="warm" K=3 source=cold-long prompt=8192 cached=0 lcp=0 active=1 wave=1 placement=single-or-non-pp2
1790341935286 [prime-yield] count=1 remaining=3 chunks=1 wall_ms=1034.526 max_chunk_ms=1034.526
1790341936378 [prime-yield] count=2 remaining=2 chunks=1 wall_ms=1092.006 max_chunk_ms=1092.006
1790341936400 [prime-yield] count=3 remaining=1 chunks=1 wall_ms=21.167 max_chunk_ms=21.167
1790341936422 [meter] admit id=cmpl-8009838818348abf5c835c38c7088fe2 tenant=default lane=interactive model="q38"
1790341936422 [admit-predict] id=cmpl-8009838818348abf5c835c38c7088fe2 tenant="warm" model="q38" verdict=admit reason=global-p95 prompt=8192 predicted_completion=1 kv_hat=2675127272 booked_bytes=0 booked_real=0 inflight=0 cap=64 budget_bytes=65863724752 retry_after_s=- exempt=0 enforce=0 live_free_bytes=-
1790341936422 [admit-mem] id=cmpl-8009838818348abf5c835c38c7088fe2 model="q38" verdict=admit prompt=8192 output_bound=1 charged_ctx=8257 est_bytes=4980207064 est_context=260524864 est_fixed=4719682200 device_free=82234942136 pending_prime=0 pending_prime_v1=0 pending_seed=0 pending_seed_uncapped=0 host_free=34359738368 demotable=0 short_by=0 inflight=0 cap=64 waited_ms=0 retry_after_s=- reason=-
1790341936422 [worker] spec-affinity: declined (history diverged at 0 of checkpoint 8192; 2 parked, 8192 prompt tokens; model q38)
1790341936423 [spec-k] model="q38" tenant="warm" K=3 source=cold-long prompt=8192 cached=0 lcp=0 active=1 wave=1 placement=single-or-non-pp2
1790341937459 [prime-yield] count=1 remaining=3 chunks=1 wall_ms=1035.977 max_chunk_ms=1035.977
1790341938553 [prime-yield] count=2 remaining=2 chunks=1 wall_ms=1094.130 max_chunk_ms=1094.130
1790341938574 [prime-yield] count=3 remaining=1 chunks=1 wall_ms=21.216 max_chunk_ms=21.216
1790341938597 [meter] admit id=cmpl-c03c8798057cdae640771cf1e4b75bfd tenant=default lane=interactive model="q38"
1790341938597 [admission] per-session draft-state charge: model="q38" +46MB (measured capture high-water)
1790341938597 [admission] request cost: model="q38" ctx=3136 path=spec = 31552 B/token x ctx + 491MB prefill-workspace + 323MB fixed = 913MB
1790341938597 [admit-predict] id=cmpl-c03c8798057cdae640771cf1e4b75bfd tenant="tenant-0" model="q38" verdict=admit reason=global-p95 prompt=1024 predicted_completion=1 kv_hat=892875752 booked_bytes=0 booked_real=0 inflight=0 cap=64 budget_bytes=65863724752 retry_after_s=- exempt=0 enforce=0 live_free_bytes=-
1790341938597 [admit-mem] id=cmpl-c03c8798057cdae640771cf1e4b75bfd model="q38" verdict=admit prompt=1024 output_bound=2048 charged_ctx=3136 est_bytes=3262542488 est_context=98947072 est_fixed=3163595416 device_free=82234942136 pending_prime=0 pending_prime_v1=0 pending_seed=0 pending_seed_uncapped=0 host_free=34359738368 demotable=0 short_by=0 inflight=0 cap=64 waited_ms=0 retry_after_s=- reason=-
1790341938597 [meter] admit id=cmpl-243d8693af2c18a9dff99629be575f26 tenant=default lane=interactive model="q38"
1790341938597 [meter] admit id=cmpl-f388531712bd549cff97ab0d49345256 tenant=default lane=interactive model="q38"
1790341938597 [meter] admit id=cmpl-ee3c265b5779c517c014806ae1bd4d82 tenant=default lane=interactive model="q38"
1790341938598 [spec-k] model="q38" tenant="tenant-0" K=1 source=resume-floor(k=0->1) prompt=1024 cached=0 lcp=0 active=1 wave=4 placement=single-or-non-pp2
1790341938870 [admission] request cost: model="q38" ctx=3136 path=plain = 29696 B/token x ctx + 491MB prefill-workspace + 323MB fixed = 907MB
1790341938870 [admit-predict] id=cmpl-243d8693af2c18a9dff99629be575f26 tenant="tenant-1" model="q38" verdict=admit reason=global-p95 prompt=1024 predicted_completion=1 kv_hat=844519064 booked_bytes=892875752 booked_real=959229608 inflight=1 cap=64 budget_bytes=65863724752 retry_after_s=- exempt=0 enforce=0 live_free_bytes=-
1790341938870 [admit-mem] id=cmpl-243d8693af2c18a9dff99629be575f26 model="q38" verdict=admit prompt=1024 output_bound=2048 charged_ctx=3136 est_bytes=3210282632 est_context=93126656 est_fixed=3117155976 device_free=81506843956 pending_prime=0 pending_prime_v1=0 pending_seed=0 pending_seed_uncapped=0 host_free=34359738368 demotable=0 short_by=0 inflight=1 cap=64 waited_ms=0 retry_after_s=- reason=-
1790341938870 [spec-k] model="q38" tenant="tenant-1" K=0 source=concurrency prompt=1024 cached=0 lcp=0 active=2 wave=4 placement=single-or-non-pp2
1790341938870 [admit-predict] id=cmpl-f388531712bd549cff97ab0d49345256 tenant="tenant-2" model="q38" verdict=admit reason=global-p95 prompt=1024 predicted_completion=1 kv_hat=844519064 booked_bytes=1737394816 booked_real=1866199360 inflight=2 cap=64 budget_bytes=65863724752 retry_after_s=- exempt=0 enforce=0 live_free_bytes=-
1790341938870 [admit-mem] id=cmpl-f388531712bd549cff97ab0d49345256 model="q38" verdict=admit prompt=1024 output_bound=2048 charged_ctx=3136 est_bytes=3210282632 est_context=93126656 est_fixed=3117155976 device_free=80891601376 pending_prime=20971520 pending_prime_v1=490733568 pending_seed=189202432 pending_seed_uncapped=189202432 host_free=34359738368 demotable=0 short_by=0 inflight=2 cap=64 waited_ms=0 retry_after_s=- reason=-
1790341938870 [spec-k] model="q38" tenant="tenant-2" K=0 source=concurrency prompt=1024 cached=0 lcp=0 active=3 wave=4 placement=single-or-non-pp2
1790341938870 [admit-predict] id=cmpl-ee3c265b5779c517c014806ae1bd4d82 tenant="tenant-3" model="q38" verdict=admit reason=global-p95 prompt=1024 predicted_completion=1 kv_hat=844519064 booked_bytes=2581913880 booked_real=2773169112 inflight=3 cap=64 budget_bytes=65863724752 retry_after_s=- exempt=0 enforce=0 live_free_bytes=-
1790341938870 [admit-mem] id=cmpl-ee3c265b5779c517c014806ae1bd4d82 model="q38" verdict=admit prompt=1024 output_bound=2048 charged_ctx=3136 est_bytes=3210282632 est_context=93126656 est_fixed=3117155976 device_free=80297330316 pending_prime=20971520 pending_prime_v1=981467136 pending_seed=378404864 pending_seed_uncapped=378404864 host_free=34359738368 demotable=0 short_by=0 inflight=3 cap=64 waited_ms=0 retry_after_s=- reason=-
1790341938871 [spec-k] model="q38" tenant="tenant-3" K=0 source=concurrency prompt=1024 cached=0 lcp=0 active=4 wave=4 placement=single-or-non-pp2
1790341938872 [prefix-cache] capture submitted off the tick (spec-boundary): 1024 tokens, 34 planes (189.2MB) on the contracts door's copy stream; recurrent state and boundary logits taken by the spec engine at the prime stop; draft plane 1024 rows (1900.5KB) in the batch
1790341938872 [prefix-cache] contracts door D2D capture receipt: ticket issuer=2 seq=1 epochs=0/1/1 items=34 bytes=32309248 source_digests_sha256=3b923b407350c974f06f36c87bac94be61c575e718017281a95a026e591dfab2 destination_digests_sha256=3b923b407350c974f06f36c87bac94be61c575e718017281a95a026e591dfab2 require=ok
1790341938872 [prefix-cache] capture published off the tick (spec-boundary): 1024 tokens complete after 1 poll(s), 0.3ms from submission to completion, 0.3ms to publication (settled synchronously by a spec demotion; the settle held the owner thread 0.31ms, entered 0.0ms after submission)
1790341938872 [prefix-cache] insert (spec-boundary): 1024 tokens, 189.2MB (resident 189.2MB / 15883MB, model q38, ns "tenant-0")
1790341938872 [spec-gate] demoted session to batched decode: 4 active >= HIGH=4 (model q38, committed 1025, generated 1)
1790341939627 [prime-batch] B=3 tokens=3072 carried=0 partial=0 in 742.8ms
1790341939628 [prefix-cache] capture submitted off the tick (seed): 1024 tokens, 32 planes (187.3MB) on the contracts door's copy stream; recurrent state cloned at the boundary on the owner stream
1790341939628 [prefix-cache] contracts door D2D capture receipt: ticket issuer=2 seq=2 epochs=0/1/1 items=32 bytes=30408704 source_digests_sha256=4ec1d23f2b45166aebab699da7044eb8f1255e1260a9fcb0a0ccfccd9156a53e destination_digests_sha256=4ec1d23f2b45166aebab699da7044eb8f1255e1260a9fcb0a0ccfccd9156a53e require=ok
1790341939628 [prefix-cache] capture published off the tick (seed): 1024 tokens complete after 1 poll(s), 0.3ms from submission to completion, 0.3ms to publication (settled synchronously by a second capture; the settle held the owner thread 0.27ms, entered 0.0ms after submission)
1790341939628 [prefix-cache] insert (seed): 1024 tokens, 187.3MB (resident 376.5MB / 15883MB, model q38, ns "tenant-1")
1790341939629 [prefix-cache] capture submitted off the tick (seed): 1024 tokens, 32 planes (187.3MB) on the contracts door's copy stream; recurrent state cloned at the boundary on the owner stream
1790341939629 [prefix-cache] contracts door D2D capture receipt: ticket issuer=2 seq=3 epochs=0/1/1 items=32 bytes=30408704 source_digests_sha256=fe934c4cb81596e61aefedde8bceece51b17733d22b0805b3d3354fa85dd328c destination_digests_sha256=fe934c4cb81596e61aefedde8bceece51b17733d22b0805b3d3354fa85dd328c require=ok
1790341939629 [prefix-cache] capture published off the tick (seed): 1024 tokens complete after 1 poll(s), 0.3ms from submission to completion, 0.3ms to publication (settled synchronously by a second capture; the settle held the owner thread 0.28ms, entered 0.0ms after submission)
1790341939629 [prefix-cache] insert (seed): 1024 tokens, 187.3MB (resident 563.8MB / 15883MB, model q38, ns "tenant-2")
1790341939630 [prefix-cache] capture submitted off the tick (seed): 1024 tokens, 32 planes (187.3MB) on the contracts door's copy stream; recurrent state cloned at the boundary on the owner stream
1790341939644 [prefix-cache] contracts door D2D capture receipt: ticket issuer=2 seq=4 epochs=0/1/1 items=32 bytes=30408704 source_digests_sha256=822caf4185a71e5f75bdd4a132bbf79119192bf4e497431456ce6910957db3c4 destination_digests_sha256=822caf4185a71e5f75bdd4a132bbf79119192bf4e497431456ce6910957db3c4 require=ok
1790341939644 [prefix-cache] capture published off the tick (seed): 1024 tokens complete after 1 poll(s), 13.8ms from submission to completion, 13.8ms to publication (tick-top poll; the settle held the owner thread 0.11ms, entered 13.7ms after submission)
1790341939644 [prefix-cache] insert (seed): 1024 tokens, 187.3MB (resident 751.1MB / 15883MB, model q38, ns "tenant-3")
1790341939817 [fa-pool] grow #3 dev=0 o_len 1597440 -> 3194880 ml_len 6240 -> 12480 (retired kept, zero=false)
1790341941601 [meter] admit id=cmpl-0ca7b2d1d3f82c8dfe40982ab83d996d tenant=default lane=interactive model="q38"
1790341941601 [meter] admit id=cmpl-c0128bf5f830e151bab09ebba42a69b8 tenant=default lane=interactive model="q38"
1790341941601 [meter] admit id=cmpl-f5fda9658a162d0ec523f7b3a1f2a57c tenant=default lane=interactive model="q38"
1790341941601 [meter] admit id=cmpl-793240f7dea94ecb419b5afc42968375 tenant=default lane=interactive model="q38"
1790341941602 [meter] admit id=cmpl-babd459a14319d21d829f5d68941ece4 tenant=default lane=interactive model="q38"
1790341941602 [meter] admit id=cmpl-3a0579aad78084636a1f6534cddd7679 tenant=default lane=interactive model="q38"
1790341941603 [meter] admit id=cmpl-f2352d82c8ed3a8ea25d66a08f7f5092 tenant=default lane=interactive model="q38"
1790341941603 [meter] admit id=cmpl-48c8b23b953fafa5678bc485f3053929 tenant=default lane=interactive model="q38"
1790341941603 [meter] admit id=cmpl-1f8cfb77cfbf6e5b84aca94222d150c4 tenant=default lane=interactive model="q38"
1790341941603 [meter] admit id=cmpl-3424c6745ae14707627117faa97f8148 tenant=default lane=interactive model="q38"
1790341941603 [meter] admit id=cmpl-998ce2e9e137374b3cec480a72bc6626 tenant=default lane=interactive model="q38"
1790341941603 [meter] admit id=cmpl-f78de6d5b65d1781bd1ede3b09f9ac93 tenant=default lane=interactive model="q38"
1790341941603 [meter] admit id=cmpl-913fdab0253dcc33e68aa1e50da9aa27 tenant=default lane=interactive model="q38"
1790341941604 [meter] admit id=cmpl-d7a51d6a34f280863d511524a2f24117 tenant=default lane=interactive model="q38"
1790341941613 [admission] request cost: model="q38" ctx=10304 path=plain = 29696 B/token x ctx + 981MB prefill-workspace + 323MB fixed = 1611MB
1790341941613 [admit-predict] id=cmpl-0ca7b2d1d3f82c8dfe40982ab83d996d tenant="burst-0" model="q38" verdict=admit reason=global-p95 prompt=2048 predicted_completion=1 kv_hat=1365661336 booked_bytes=3426432944 booked_real=3680138864 inflight=4 cap=64 budget_bytes=65863724752 retry_after_s=- exempt=0 enforce=0 live_free_bytes=-
1790341941613 [admit-mem] id=cmpl-0ca7b2d1d3f82c8dfe40982ab83d996d model="q38" verdict=admit prompt=2048 output_bound=- charged_ctx=10304 est_bytes=3913877128 est_context=305987584 est_fixed=3607889544 device_free=79844609896 pending_prime=0 pending_prime_v1=0 pending_seed=0 pending_seed_uncapped=0 host_free=34359738368 demotable=751128576 short_by=0 inflight=4 cap=64 waited_ms=0 retry_after_s=- reason=-
1790341941613 [spec-k] model="q38" tenant="burst-0" K=0 source=concurrency prompt=2048 cached=0 lcp=0 active=5 wave=18 placement=single-or-non-pp2
1790341941613 [admission] fixed residual high-water: model="q38" 327MB (observed 631MB at ctx 10248 path=plain)
1790341941613 [admission] request cost: model="q38" ctx=10304 path=plain = 29696 B/token x ctx + 981MB prefill-workspace + 327MB fixed = 1614MB
1790341941613 [admit-predict] id=cmpl-c0128bf5f830e151bab09ebba42a69b8 tenant="burst-2" model="q38" verdict=admit reason=global-p95 prompt=2048 predicted_completion=1 kv_hat=1369460564 booked_bytes=4792094280 booked_real=5290703112 inflight=5 cap=64 budget_bytes=65863724752 retry_after_s=- exempt=0 enforce=0 live_free_bytes=-
1790341941613 [admit-mem] id=cmpl-c0128bf5f830e151bab09ebba42a69b8 model="q38" verdict=admit prompt=2048 output_bound=- charged_ctx=10304 est_bytes=3917676356 est_context=305987584 est_fixed=3611688772 device_free=78949921812 pending_prime=41943040 pending_prime_v1=981467136 pending_seed=221511680 pending_seed_uncapped=221511680 host_free=34359738368 demotable=751128576 short_by=0 inflight=5 cap=64 waited_ms=0 retry_after_s=- reason=-
1790341941614 [spec-k] model="q38" tenant="burst-2" K=0 source=concurrency prompt=2048 cached=0 lcp=0 active=6 wave=18 placement=single-or-non-pp2
1790341941614 [admit-predict] id=cmpl-f5fda9658a162d0ec523f7b3a1f2a57c tenant="burst-1" model="q38" verdict=admit reason=global-p95 prompt=2048 predicted_completion=1 kv_hat=1369460564 booked_bytes=6161554844 booked_real=6905066588 inflight=6 cap=64 budget_bytes=65863724752 retry_after_s=- exempt=0 enforce=0 live_free_bytes=-
1790341941614 [admit-mem] id=cmpl-f5fda9658a162d0ec523f7b3a1f2a57c model="q38" verdict=admit prompt=2048 output_bound=- charged_ctx=10304 est_bytes=3917676356 est_context=305987584 est_fixed=3611688772 device_free=78097176768 pending_prime=41943040 pending_prime_v1=1962934272 pending_seed=443023360 pending_seed_uncapped=443023360 host_free=34359738368 demotable=751128576 short_by=0 inflight=6 cap=64 waited_ms=0 retry_after_s=- reason=-
1790341941615 [spec-k] model="q38" tenant="burst-1" K=0 source=concurrency prompt=2048 cached=0 lcp=0 active=7 wave=18 placement=single-or-non-pp2
1790341941615 [admit-predict] id=cmpl-793240f7dea94ecb419b5afc42968375 tenant="burst-3" model="q38" verdict=admit reason=global-p95 prompt=2048 predicted_completion=1 kv_hat=1369460564 booked_bytes=7531015408 booked_real=8519430064 inflight=7 cap=64 budget_bytes=65863724752 retry_after_s=- exempt=0 enforce=0 live_free_bytes=-
1790341941615 [admit-mem] id=cmpl-793240f7dea94ecb419b5afc42968375 model="q38" verdict=admit prompt=2048 output_bound=- charged_ctx=10304 est_bytes=3917676356 est_context=305987584 est_fixed=3611688772 device_free=77244431724 pending_prime=41943040 pending_prime_v1=2944401408 pending_seed=664535040 pending_seed_uncapped=664535040 host_free=34359738368 demotable=751128576 short_by=0 inflight=7 cap=64 waited_ms=0 retry_after_s=- reason=-
1790341941615 [spec-k] model="q38" tenant="burst-3" K=0 source=concurrency prompt=2048 cached=0 lcp=0 active=8 wave=18 placement=single-or-non-pp2
1790341941615 [admit-predict] id=cmpl-babd459a14319d21d829f5d68941ece4 tenant="burst-4" model="q38" verdict=admit reason=global-p95 prompt=2048 predicted_completion=1 kv_hat=1369460564 booked_bytes=8900475972 booked_real=10133793540 inflight=8 cap=64 budget_bytes=65863724752 retry_after_s=- exempt=0 enforce=0 live_free_bytes=-
1790341941616 [admit-mem] id=cmpl-babd459a14319d21d829f5d68941ece4 model="q38" verdict=admit prompt=2048 output_bound=- charged_ctx=10304 est_bytes=3917676356 est_context=305987584 est_fixed=3611688772 device_free=76391686680 pending_prime=41943040 pending_prime_v1=3925868544 pending_seed=886046720 pending_seed_uncapped=886046720 host_free=34359738368 demotable=751128576 short_by=0 inflight=8 cap=64 waited_ms=0 retry_after_s=- reason=-
1790341941616 [spec-k] model="q38" tenant="burst-4" K=0 source=concurrency prompt=2048 cached=0 lcp=0 active=9 wave=18 placement=single-or-non-pp2
1790341941616 [admit-predict] id=cmpl-3a0579aad78084636a1f6534cddd7679 tenant="burst-5" model="q38" verdict=admit reason=global-p95 prompt=2048 predicted_completion=1 kv_hat=1369460564 booked_bytes=10269936536 booked_real=11748157016 inflight=9 cap=64 budget_bytes=65863724752 retry_after_s=- exempt=0 enforce=0 live_free_bytes=-
1790341941616 [admit-mem] id=cmpl-3a0579aad78084636a1f6534cddd7679 model="q38" verdict=admit prompt=2048 output_bound=- charged_ctx=10304 est_bytes=3917676356 est_context=305987584 est_fixed=3611688772 device_free=75538941636 pending_prime=41943040 pending_prime_v1=4907335680 pending_seed=1107558400 pending_seed_uncapped=1107558400 host_free=34359738368 demotable=751128576 short_by=0 inflight=9 cap=64 waited_ms=0 retry_after_s=- reason=-
1790341941617 [spec-k] model="q38" tenant="burst-5" K=0 source=concurrency prompt=2048 cached=0 lcp=0 active=10 wave=18 placement=single-or-non-pp2
1790341941617 [admit-predict] id=cmpl-f2352d82c8ed3a8ea25d66a08f7f5092 tenant="burst-7" model="q38" verdict=admit reason=global-p95 prompt=2048 predicted_completion=1 kv_hat=1369460564 booked_bytes=11639397100 booked_real=13362520492 inflight=10 cap=64 budget_bytes=65863724752 retry_after_s=- exempt=0 enforce=0 live_free_bytes=-
1790341941617 [admit-mem] id=cmpl-f2352d82c8ed3a8ea25d66a08f7f5092 model="q38" verdict=admit prompt=2048 output_bound=- charged_ctx=10304 est_bytes=3917676356 est_context=305987584 est_fixed=3611688772 device_free=74686196592 pending_prime=41943040 pending_prime_v1=5888802816 pending_seed=1329070080 pending_seed_uncapped=1329070080 host_free=34359738368 demotable=751128576 short_by=0 inflight=10 cap=64 waited_ms=0 retry_after_s=- reason=-
1790341941618 [spec-k] model="q38" tenant="burst-7" K=0 source=concurrency prompt=2048 cached=0 lcp=0 active=11 wave=18 placement=single-or-non-pp2
1790341941618 [admit-predict] id=cmpl-48c8b23b953fafa5678bc485f3053929 tenant="burst-9" model="q38" verdict=admit reason=global-p95 prompt=2048 predicted_completion=1 kv_hat=1369460564 booked_bytes=13008857664 booked_real=14976883968 inflight=11 cap=64 budget_bytes=65863724752 retry_after_s=- exempt=0 enforce=0 live_free_bytes=-
1790341941618 [admit-mem] id=cmpl-48c8b23b953fafa5678bc485f3053929 model="q38" verdict=admit prompt=2048 output_bound=- charged_ctx=10304 est_bytes=3917676356 est_context=305987584 est_fixed=3611688772 device_free=73833451548 pending_prime=41943040 pending_prime_v1=6870269952 pending_seed=1550581760 pending_seed_uncapped=1550581760 host_free=34359738368 demotable=751128576 short_by=0 inflight=11 cap=64 waited_ms=0 retry_after_s=- reason=-
1790341941619 [spec-k] model="q38" tenant="burst-9" K=0 source=concurrency prompt=2048 cached=0 lcp=0 active=12 wave=18 placement=single-or-non-pp2
1790341941619 [admit-predict] id=cmpl-1f8cfb77cfbf6e5b84aca94222d150c4 tenant="burst-8" model="q38" verdict=admit reason=global-p95 prompt=2048 predicted_completion=1 kv_hat=1369460564 booked_bytes=14378318228 booked_real=16591247444 inflight=12 cap=64 budget_bytes=65863724752 retry_after_s=- exempt=0 enforce=0 live_free_bytes=-
1790341941619 [admit-mem] id=cmpl-1f8cfb77cfbf6e5b84aca94222d150c4 model="q38" verdict=admit prompt=2048 output_bound=- charged_ctx=10304 est_bytes=3917676356 est_context=305987584 est_fixed=3611688772 device_free=72980706504 pending_prime=41943040 pending_prime_v1=7851737088 pending_seed=1772093440 pending_seed_uncapped=1772093440 host_free=34359738368 demotable=751128576 short_by=0 inflight=12 cap=64 waited_ms=0 retry_after_s=- reason=-
1790341941620 [spec-k] model="q38" tenant="burst-8" K=0 source=concurrency prompt=2048 cached=0 lcp=0 active=13 wave=18 placement=single-or-non-pp2
1790341941620 [admit-predict] id=cmpl-3424c6745ae14707627117faa97f8148 tenant="burst-6" model="q38" verdict=admit reason=global-p95 prompt=2048 predicted_completion=1 kv_hat=1369460564 booked_bytes=15747778792 booked_real=18205610920 inflight=13 cap=64 budget_bytes=65863724752 retry_after_s=- exempt=0 enforce=0 live_free_bytes=-
1790341941620 [admit-mem] id=cmpl-3424c6745ae14707627117faa97f8148 model="q38" verdict=admit prompt=2048 output_bound=- charged_ctx=10304 est_bytes=3917676356 est_context=305987584 est_fixed=3611688772 device_free=72127961460 pending_prime=41943040 pending_prime_v1=8833204224 pending_seed=1993605120 pending_seed_uncapped=1993605120 host_free=34359738368 demotable=751128576 short_by=0 inflight=13 cap=64 waited_ms=0 retry_after_s=- reason=-
1790341941621 [spec-k] model="q38" tenant="burst-6" K=0 source=concurrency prompt=2048 cached=0 lcp=0 active=14 wave=18 placement=single-or-non-pp2
1790341941621 [admit-predict] id=cmpl-998ce2e9e137374b3cec480a72bc6626 tenant="burst-10" model="q38" verdict=admit reason=global-p95 prompt=2048 predicted_completion=1 kv_hat=1369460564 booked_bytes=17117239356 booked_real=19819974396 inflight=14 cap=64 budget_bytes=65863724752 retry_after_s=- exempt=0 enforce=0 live_free_bytes=-
1790341941621 [admit-mem] id=cmpl-998ce2e9e137374b3cec480a72bc6626 model="q38" verdict=admit prompt=2048 output_bound=- charged_ctx=10304 est_bytes=3917676356 est_context=305987584 est_fixed=3611688772 device_free=71275216416 pending_prime=41943040 pending_prime_v1=9814671360 pending_seed=2215116800 pending_seed_uncapped=2215116800 host_free=34359738368 demotable=751128576 short_by=0 inflight=14 cap=64 waited_ms=0 retry_after_s=- reason=-
1790341941622 [spec-k] model="q38" tenant="burst-10" K=0 source=concurrency prompt=2048 cached=0 lcp=0 active=15 wave=18 placement=single-or-non-pp2
1790341941622 [admit-predict] id=cmpl-f78de6d5b65d1781bd1ede3b09f9ac93 tenant="burst-11" model="q38" verdict=admit reason=global-p95 prompt=2048 predicted_completion=1 kv_hat=1369460564 booked_bytes=18486699920 booked_real=21434337872 inflight=15 cap=64 budget_bytes=65863724752 retry_after_s=- exempt=0 enforce=0 live_free_bytes=-
1790341941622 [admit-mem] id=cmpl-f78de6d5b65d1781bd1ede3b09f9ac93 model="q38" verdict=admit prompt=2048 output_bound=- charged_ctx=10304 est_bytes=3917676356 est_context=305987584 est_fixed=3611688772 device_free=70422471372 pending_prime=41943040 pending_prime_v1=10796138496 pending_seed=2436628480 pending_seed_uncapped=2436628480 host_free=34359738368 demotable=751128576 short_by=0 inflight=15 cap=64 waited_ms=0 retry_after_s=- reason=-
1790341941622 [spec-k] model="q38" tenant="burst-11" K=0 source=concurrency prompt=2048 cached=0 lcp=0 active=16 wave=18 placement=single-or-non-pp2
1790341941622 [admit-predict] id=cmpl-913fdab0253dcc33e68aa1e50da9aa27 tenant="burst-12" model="q38" verdict=admit reason=global-p95 prompt=2048 predicted_completion=1 kv_hat=1369460564 booked_bytes=19856160484 booked_real=23048701348 inflight=16 cap=64 budget_bytes=65863724752 retry_after_s=- exempt=0 enforce=0 live_free_bytes=-
1790341941622 [admit-mem] id=cmpl-913fdab0253dcc33e68aa1e50da9aa27 model="q38" verdict=admit prompt=2048 output_bound=- charged_ctx=10304 est_bytes=3917676356 est_context=305987584 est_fixed=3611688772 device_free=69569726328 pending_prime=41943040 pending_prime_v1=11777605632 pending_seed=2658140160 pending_seed_uncapped=2658140160 host_free=34359738368 demotable=751128576 short_by=0 inflight=16 cap=64 waited_ms=0 retry_after_s=- reason=-
1790341941623 [spec-k] model="q38" tenant="burst-12" K=0 source=concurrency prompt=2048 cached=0 lcp=0 active=17 wave=18 placement=single-or-non-pp2
1790341941623 [admit-predict] id=cmpl-d7a51d6a34f280863d511524a2f24117 tenant="burst-13" model="q38" verdict=admit reason=global-p95 prompt=2048 predicted_completion=1 kv_hat=1369460564 booked_bytes=21225621048 booked_real=24663064824 inflight=17 cap=64 budget_bytes=65863724752 retry_after_s=- exempt=0 enforce=0 live_free_bytes=-
1790341941623 [admit-mem] id=cmpl-d7a51d6a34f280863d511524a2f24117 model="q38" verdict=admit prompt=2048 output_bound=- charged_ctx=10304 est_bytes=3917676356 est_context=305987584 est_fixed=3611688772 device_free=68716981284 pending_prime=41943040 pending_prime_v1=12759072768 pending_seed=2879651840 pending_seed_uncapped=2879651840 host_free=34359738368 demotable=751128576 short_by=0 inflight=17 cap=64 waited_ms=0 retry_after_s=- reason=-
1790341941624 [spec-k] model="q38" tenant="burst-13" K=0 source=concurrency prompt=2048 cached=0 lcp=0 active=18 wave=18 placement=single-or-non-pp2
1790341941629 [meter] admit id=cmpl-83e3871ea6311fe542c3dba7cb554b1c tenant=default lane=interactive model="q38"
1790341941629 [meter] admit id=cmpl-9f8f0855a73bbe0c4ee80c86b8a53250 tenant=default lane=interactive model="q38"
1790341941629 [meter] admit id=cmpl-64235dc1866eebd47fb419e1ca21858b tenant=default lane=interactive model="q38"
1790341941629 [meter] admit id=cmpl-c396acf90ebb2ba6bbc2155d4cd06acf tenant=default lane=interactive model="q38"
1790341941629 [meter] admit id=cmpl-873a3443115fe37dca955d5fb69e467b tenant=default lane=interactive model="q38"
1790341941629 [meter] admit id=cmpl-9a94d9146387095364ea893861abf37a tenant=default lane=interactive model="q38"
1790341941629 [meter] admit id=cmpl-5b02482a66793bd5646a2e8fbca02e97 tenant=default lane=interactive model="q38"
1790341941629 [meter] admit id=cmpl-ad6f92e8a3e958e88ef32ef8ec41ba24 tenant=default lane=interactive model="q38"
1790341941629 [meter] admit id=cmpl-7c5e9ef9b2762945c0d846c21c904fe8 tenant=default lane=interactive model="q38"
1790341941629 [meter] admit id=cmpl-f006de0dd09513a5b4b71230aae5ba60 tenant=default lane=interactive model="q38"
1790341941629 [meter] admit id=cmpl-0b883d5ddd2cfd5f29c44c8bf49a8147 tenant=default lane=interactive model="q38"
1790341941629 [meter] admit id=cmpl-e920c3093de291f9bf8f8ad245efca6e tenant=default lane=interactive model="q38"
1790341941629 [meter] admit id=cmpl-4d797073994805a490054be99450435f tenant=default lane=interactive model="q38"
1790341941629 [meter] admit id=cmpl-20986ea810e777f16939c18d4c59342c tenant=default lane=interactive model="q38"
1790341941629 [meter] admit id=cmpl-ccd649f4b2b9ddc3e84ee736fffd1b1b tenant=default lane=interactive model="q38"
1790341941629 [meter] admit id=cmpl-9fc1a942b4e38b7c7e188add94cfe183 tenant=default lane=interactive model="q38"
1790341941629 [meter] admit id=cmpl-855e45056cd34e484ee3a0a4b81dfbbf tenant=default lane=interactive model="q38"
1790341941629 [meter] admit id=cmpl-9cf4cc475629323217e0126555a1432a tenant=default lane=interactive model="q38"
1790341941629 [meter] admit id=cmpl-82812ee56c7903d211787d155396c6fb tenant=default lane=interactive model="q38"
1790341941629 [meter] admit id=cmpl-c1f33ba119d908c9e69f9ea33a2f875d tenant=default lane=interactive model="q38"
1790341941629 [meter] admit id=cmpl-4d26cd45afd116acfefe056f5e0c4eaf tenant=default lane=interactive model="q38"
1790341941629 [meter] admit id=cmpl-b685791cf4c4df8da0726e70bd2715a9 tenant=default lane=interactive model="q38"
1790341941629 [meter] admit id=cmpl-b4748c07a1257cfaabc82e9955040c0b tenant=default lane=interactive model="q38"
1790341941629 [meter] admit id=cmpl-3b81f86a168c9bd5ea60272b9549d7a9 tenant=default lane=interactive model="q38"
1790341941629 [meter] admit id=cmpl-cb46847fc30517655126f4c6356961a9 tenant=default lane=interactive model="q38"
1790341941629 [meter] admit id=cmpl-9af9d7cfb2dddc1c5b5b5238777df189 tenant=default lane=interactive model="q38"
1790341941629 [meter] admit id=cmpl-b264fd79bd6025ea12f7b17cb1c7df99 tenant=default lane=interactive model="q38"
1790341941629 [meter] admit id=cmpl-f1eb4c0672cc4f9d6016a8be2524fe6f tenant=default lane=interactive model="q38"
1790341941629 [meter] admit id=cmpl-d0bbde3eb42e9b7374fd9b4a50cbedad tenant=default lane=interactive model="q38"
1790341941629 [meter] admit id=cmpl-a19dc5db35a0e0820e16d03a7a6d5dbd tenant=default lane=interactive model="q38"
1790341941629 [meter] admit id=cmpl-4006ee3a1735ae0c3bb40da6482665fe tenant=default lane=interactive model="q38"
1790341941629 [meter] admit id=cmpl-616b813f1e92006072cf386494b4f850 tenant=default lane=interactive model="q38"
1790341941629 [meter] admit id=cmpl-a7a1bf68635f4721621c6478357913bd tenant=default lane=interactive model="q38"
1790341941629 [meter] admit id=cmpl-435783d7b36241d4b67eaae0469a4731 tenant=default lane=interactive model="q38"
1790341941629 [meter] admit id=cmpl-405ac735a7e170c0b6e97b00603330c4 tenant=default lane=interactive model="q38"
1790341941629 [meter] admit id=cmpl-201dc87b8c7a20395823c024a7eb8cab tenant=default lane=interactive model="q38"
1790341941629 [meter] admit id=cmpl-3bf7bc9994afc57e1f4ca9cb6fbce203 tenant=default lane=interactive model="q38"
1790341941629 [meter] admit id=cmpl-f400f4057726b177364ef5ad3b41bba8 tenant=default lane=interactive model="q38"
1790341941629 [meter] admit id=cmpl-c45ae912a82c368a146475fa25787479 tenant=default lane=interactive model="q38"
1790341941629 [meter] admit id=cmpl-a75b25553f3a5a3d3fb6ce99f10102d7 tenant=default lane=interactive model="q38"
1790341941629 [meter] admit id=cmpl-6f145c1fd2a9733baad29609c8292669 tenant=default lane=interactive model="q38"
1790341941629 [meter] admit id=cmpl-4b8d5913599652f4fa12d474b6272c9f tenant=default lane=interactive model="q38"
1790341941629 [meter] admit id=cmpl-2308022a771802bb58e64e0e1322b04d tenant=default lane=interactive model="q38"
1790341941629 [meter] admit id=cmpl-a7ca1a1da68058bb5952738ebbe5f0c6 tenant=default lane=interactive model="q38"
1790341941629 [meter] admit id=cmpl-a7433ca066f0ee244a9fb6bb49ab59b9 tenant=default lane=interactive model="q38"
1790341941629 [meter] admit id=cmpl-d0aa2c12cd8954e704fad111c3dd2922 tenant=default lane=interactive model="q38"
1790341941629 [meter] admit id=cmpl-0a1be0e448bdce5972831001a833694a tenant=default lane=interactive model="q38"
1790341941630 [meter] admit id=cmpl-b82fd507658e23bf76e6f0445a6cd97e tenant=default lane=interactive model="q38"
1790341941630 [meter] admit id=cmpl-afbb5a243d4b3222cc56d00fdc8cdd21 tenant=default lane=interactive model="q38"
1790341941630 [meter] admit id=cmpl-c4e123834f0afcac48aa2b4f6160067c tenant=default lane=interactive model="q38"
1790341943116 [prime-batch] B=6 tokens=6144 carried=0 partial=6 in 1492.1ms
1790341943868 [prime-batch] B=3 tokens=3072 carried=0 partial=3 in 751.6ms
1790341943881 [admit-predict] id=cmpl-83e3871ea6311fe542c3dba7cb554b1c tenant="burst-14" model="q38" verdict=admit reason=global-p95 prompt=2048 predicted_completion=1 kv_hat=1369460564 booked_bytes=22595081612 booked_real=26277428300 inflight=18 cap=64 budget_bytes=65863724752 retry_after_s=- exempt=0 enforce=0 live_free_bytes=-
1790341943881 [admit-mem] id=cmpl-83e3871ea6311fe542c3dba7cb554b1c model="q38" verdict=admit prompt=2048 output_bound=- charged_ctx=10304 est_bytes=3917676356 est_context=305987584 est_fixed=3611688772 device_free=67898446032 pending_prime=41943040 pending_prime_v1=9323937792 pending_seed=3066953728 pending_seed_uncapped=3066953728 host_free=34359738368 demotable=751128576 short_by=0 inflight=18 cap=64 waited_ms=0 retry_after_s=- reason=-
1790341943881 [spec-k] model="q38" tenant="burst-14" K=0 source=concurrency prompt=2048 cached=0 lcp=0 active=19 wave=68 placement=single-or-non-pp2
1790341943881 [admit-predict] id=cmpl-9f8f0855a73bbe0c4ee80c86b8a53250 tenant="burst-17" model="q38" verdict=admit reason=global-p95 prompt=2048 predicted_completion=1 kv_hat=1369460564 booked_bytes=23964542176 booked_real=27891791776 inflight=19 cap=64 budget_bytes=65863724752 retry_after_s=- exempt=0 enforce=0 live_free_bytes=-
1790341943881 [admit-mem] id=cmpl-9f8f0855a73bbe0c4ee80c86b8a53250 model="q38" verdict=admit prompt=2048 output_bound=- charged_ctx=10304 est_bytes=3917676356 est_context=305987584 est_fixed=3611688772 device_free=67045700988 pending_prime=41943040 pending_prime_v1=10305404928 pending_seed=3288465408 pending_seed_uncapped=3288465408 host_free=34359738368 demotable=751128576 short_by=0 inflight=19 cap=64 waited_ms=0 retry_after_s=- reason=-
1790341943882 [spec-k] model="q38" tenant="burst-17" K=0 source=concurrency prompt=2048 cached=0 lcp=0 active=20 wave=68 placement=single-or-non-pp2
1790341943882 [admit-predict] id=cmpl-64235dc1866eebd47fb419e1ca21858b tenant="burst-20" model="q38" verdict=admit reason=global-p95 prompt=2048 predicted_completion=1 kv_hat=1369460564 booked_bytes=25334002740 booked_real=29506155252 inflight=20 cap=64 budget_bytes=65863724752 retry_after_s=- exempt=0 enforce=0 live_free_bytes=-
1790341943882 [admit-mem] id=cmpl-64235dc1866eebd47fb419e1ca21858b model="q38" verdict=admit prompt=2048 output_bound=- charged_ctx=10304 est_bytes=3917676356 est_context=305987584 est_fixed=3611688772 device_free=66192955944 pending_prime=41943040 pending_prime_v1=11286872064 pending_seed=3509977088 pending_seed_uncapped=3509977088 host_free=34359738368 demotable=751128576 short_by=0 inflight=20 cap=64 waited_ms=0 retry_after_s=- reason=-
1790341943882 [spec-k] model="q38" tenant="burst-20" K=0 source=concurrency prompt=2048 cached=0 lcp=0 active=21 wave=68 placement=single-or-non-pp2
1790341943882 [admit-predict] id=cmpl-c396acf90ebb2ba6bbc2155d4cd06acf tenant="burst-22" model="q38" verdict=admit reason=global-p95 prompt=2048 predicted_completion=1 kv_hat=1369460564 booked_bytes=26703463304 booked_real=31120518728 inflight=21 cap=64 budget_bytes=65863724752 retry_after_s=- exempt=0 enforce=0 live_free_bytes=-
1790341943882 [admit-mem] id=cmpl-c396acf90ebb2ba6bbc2155d4cd06acf model="q38" verdict=admit prompt=2048 output_bound=- charged_ctx=10304 est_bytes=3917676356 est_context=305987584 est_fixed=3611688772 device_free=65340210900 pending_prime=41943040 pending_prime_v1=12268339200 pending_seed=3731488768 pending_seed_uncapped=3731488768 host_free=34359738368 demotable=751128576 short_by=0 inflight=21 cap=64 waited_ms=0 retry_after_s=- reason=-
1790341943883 [spec-k] model="q38" tenant="burst-22" K=0 source=concurrency prompt=2048 cached=0 lcp=0 active=22 wave=68 placement=single-or-non-pp2
1790341943883 [admit-predict] id=cmpl-873a3443115fe37dca955d5fb69e467b tenant="burst-24" model="q38" verdict=admit reason=global-p95 prompt=2048 predicted_completion=1 kv_hat=1369460564 booked_bytes=28072923868 booked_real=32734882204 inflight=22 cap=64 budget_bytes=65863724752 retry_after_s=- exempt=0 enforce=0 live_free_bytes=-
1790341943883 [admit-mem] id=cmpl-873a3443115fe37dca955d5fb69e467b model="q38" verdict=admit prompt=2048 output_bound=- charged_ctx=10304 est_bytes=3917676356 est_context=305987584 est_fixed=3611688772 device_free=64487465856 pending_prime=41943040 pending_prime_v1=13249806336 pending_seed=3953000448 pending_seed_uncapped=3953000448 host_free=34359738368 demotable=751128576 short_by=0 inflight=22 cap=64 waited_ms=0 retry_after_s=- reason=-
1790341943883 [spec-k] model="q38" tenant="burst-24" K=0 source=concurrency prompt=2048 cached=0 lcp=0 active=23 wave=68 placement=single-or-non-pp2
1790341943883 [admit-predict] id=cmpl-9a94d9146387095364ea893861abf37a tenant="burst-16" model="q38" verdict=admit reason=global-p95 prompt=2048 predicted_completion=1 kv_hat=1369460564 booked_bytes=29442384432 booked_real=34349245680 inflight=23 cap=64 budget_bytes=65863724752 retry_after_s=- exempt=0 enforce=0 live_free_bytes=-
1790341943883 [admit-mem] id=cmpl-9a94d9146387095364ea893861abf37a model="q38" verdict=admit prompt=2048 output_bound=- charged_ctx=10304 est_bytes=3917676356 est_context=305987584 est_fixed=3611688772 device_free=63634720812 pending_prime=41943040 pending_prime_v1=14231273472 pending_seed=4174512128 pending_seed_uncapped=4174512128 host_free=34359738368 demotable=751128576 short_by=0 inflight=23 cap=64 waited_ms=0 retry_after_s=- reason=-
1790341943884 [spec-k] model="q38" tenant="burst-16" K=0 source=concurrency prompt=2048 cached=0 lcp=0 active=24 wave=68 placement=single-or-non-pp2
1790341943884 [admit-predict] id=cmpl-5b02482a66793bd5646a2e8fbca02e97 tenant="burst-15" model="q38" verdict=admit reason=global-p95 prompt=2048 predicted_completion=1 kv_hat=1369460564 booked_bytes=30811844996 booked_real=35963609156 inflight=24 cap=64 budget_bytes=65863724752 retry_after_s=- exempt=0 enforce=0 live_free_bytes=-
1790341943884 [admit-mem] id=cmpl-5b02482a66793bd5646a2e8fbca02e97 model="q38" verdict=admit prompt=2048 output_bound=- charged_ctx=10304 est_bytes=3917676356 est_context=305987584 est_fixed=3611688772 device_free=62781975768 pending_prime=41943040 pending_prime_v1=15212740608 pending_seed=4396023808 pending_seed_uncapped=4396023808 host_free=34359738368 demotable=751128576 short_by=0 inflight=24 cap=64 waited_ms=0 retry_after_s=- reason=-
1790341943885 [spec-k] model="q38" tenant="burst-15" K=0 source=concurrency prompt=2048 cached=0 lcp=0 active=25 wave=68 placement=single-or-non-pp2
1790341943885 [admit-predict] id=cmpl-ad6f92e8a3e958e88ef32ef8ec41ba24 tenant="burst-28" model="q38" verdict=admit reason=global-p95 prompt=2048 predicted_completion=1 kv_hat=1369460564 booked_bytes=32181305560 booked_real=37577972632 inflight=25 cap=64 budget_bytes=65863724752 retry_after_s=- exempt=0 enforce=0 live_free_bytes=-
1790341943885 [admit-mem] id=cmpl-ad6f92e8a3e958e88ef32ef8ec41ba24 model="q38" verdict=admit prompt=2048 output_bound=- charged_ctx=10304 est_bytes=3917676356 est_context=305987584 est_fixed=3611688772 device_free=61929230724 pending_prime=41943040 pending_prime_v1=16194207744 pending_seed=4617535488 pending_seed_uncapped=4617535488 host_free=34359738368 demotable=751128576 short_by=0 inflight=25 cap=64 waited_ms=0 retry_after_s=- reason=-
1790341943886 [spec-k] model="q38" tenant="burst-28" K=0 source=concurrency prompt=2048 cached=0 lcp=0 active=26 wave=68 placement=single-or-non-pp2
1790341943886 [admit-predict] id=cmpl-7c5e9ef9b2762945c0d846c21c904fe8 tenant="burst-36" model="q38" verdict=admit reason=global-p95 prompt=2048 predicted_completion=1 kv_hat=1369460564 booked_bytes=33550766124 booked_real=39192336108 inflight=26 cap=64 budget_bytes=65863724752 retry_after_s=- exempt=0 enforce=0 live_free_bytes=-
1790341943886 [admit-mem] id=cmpl-7c5e9ef9b2762945c0d846c21c904fe8 model="q38" verdict=admit prompt=2048 output_bound=- charged_ctx=10304 est_bytes=3917676356 est_context=305987584 est_fixed=3611688772 device_free=61076485680 pending_prime=41943040 pending_prime_v1=17175674880 pending_seed=4839047168 pending_seed_uncapped=4839047168 host_free=34359738368 demotable=751128576 short_by=0 inflight=26 cap=64 waited_ms=0 retry_after_s=- reason=-
1790341943887 [spec-k] model="q38" tenant="burst-36" K=0 source=concurrency prompt=2048 cached=0 lcp=0 active=27 wave=68 placement=single-or-non-pp2
1790341943887 [admit-predict] id=cmpl-f006de0dd09513a5b4b71230aae5ba60 tenant="burst-25" model="q38" verdict=admit reason=global-p95 prompt=2048 predicted_completion=1 kv_hat=1369460564 booked_bytes=34920226688 booked_real=40806699584 inflight=27 cap=64 budget_bytes=65863724752 retry_after_s=- exempt=0 enforce=0 live_free_bytes=-
1790341943887 [admit-mem] id=cmpl-f006de0dd09513a5b4b71230aae5ba60 model="q38" verdict=admit prompt=2048 output_bound=- charged_ctx=10304 est_bytes=3917676356 est_context=305987584 est_fixed=3611688772 device_free=60223740636 pending_prime=41943040 pending_prime_v1=18157142016 pending_seed=5060558848 pending_seed_uncapped=5060558848 host_free=34359738368 demotable=751128576 short_by=0 inflight=27 cap=64 waited_ms=0 retry_after_s=- reason=-
1790341943888 [spec-k] model="q38" tenant="burst-25" K=0 source=concurrency prompt=2048 cached=0 lcp=0 active=28 wave=68 placement=single-or-non-pp2
1790341943888 [admit-predict] id=cmpl-0b883d5ddd2cfd5f29c44c8bf49a8147 tenant="burst-19" model="q38" verdict=admit reason=global-p95 prompt=2048 predicted_completion=1 kv_hat=1369460564 booked_bytes=36289687252 booked_real=42421063060 inflight=28 cap=64 budget_bytes=65863724752 retry_after_s=- exempt=0 enforce=0 live_free_bytes=-
1790341943888 [admit-mem] id=cmpl-0b883d5ddd2cfd5f29c44c8bf49a8147 model="q38" verdict=admit prompt=2048 output_bound=- charged_ctx=10304 est_bytes=3917676356 est_context=305987584 est_fixed=3611688772 device_free=59370995592 pending_prime=41943040 pending_prime_v1=19138609152 pending_seed=5282070528 pending_seed_uncapped=5282070528 host_free=34359738368 demotable=751128576 short_by=0 inflight=28 cap=64 waited_ms=0 retry_after_s=- reason=-
1790341943889 [spec-k] model="q38" tenant="burst-19" K=0 source=concurrency prompt=2048 cached=0 lcp=0 active=29 wave=68 placement=single-or-non-pp2
1790341943889 [admit-predict] id=cmpl-e920c3093de291f9bf8f8ad245efca6e tenant="burst-18" model="q38" verdict=admit reason=global-p95 prompt=2048 predicted_completion=1 kv_hat=1369460564 booked_bytes=37659147816 booked_real=44035426536 inflight=29 cap=64 budget_bytes=65863724752 retry_after_s=- exempt=0 enforce=0 live_free_bytes=-
1790341943889 [admit-mem] id=cmpl-e920c3093de291f9bf8f8ad245efca6e model="q38" verdict=admit prompt=2048 output_bound=- charged_ctx=10304 est_bytes=3917676356 est_context=305987584 est_fixed=3611688772 device_free=58518250548 pending_prime=41943040 pending_prime_v1=20120076288 pending_seed=5503582208 pending_seed_uncapped=5503582208 host_free=34359738368 demotable=751128576 short_by=0 inflight=29 cap=64 waited_ms=0 retry_after_s=- reason=-
1790341943890 [spec-k] model="q38" tenant="burst-18" K=0 source=concurrency prompt=2048 cached=0 lcp=0 active=30 wave=68 placement=single-or-non-pp2
1790341943890 [admit-predict] id=cmpl-4d797073994805a490054be99450435f tenant="burst-45" model="q38" verdict=admit reason=global-p95 prompt=2048 predicted_completion=1 kv_hat=1369460564 booked_bytes=39028608380 booked_real=45649790012 inflight=30 cap=64 budget_bytes=65863724752 retry_after_s=- exempt=0 enforce=0 live_free_bytes=-
1790341943890 [admit-mem] id=cmpl-4d797073994805a490054be99450435f model="q38" verdict=admit prompt=2048 output_bound=- charged_ctx=10304 est_bytes=3917676356 est_context=305987584 est_fixed=3611688772 device_free=57665505504 pending_prime=41943040 pending_prime_v1=21101543424 pending_seed=5725093888 pending_seed_uncapped=5725093888 host_free=34359738368 demotable=751128576 short_by=0 inflight=30 cap=64 waited_ms=0 retry_after_s=- reason=-
1790341943891 [spec-k] model="q38" tenant="burst-45" K=0 source=concurrency prompt=2048 cached=0 lcp=0 active=31 wave=68 placement=single-or-non-pp2
1790341943891 [admit-predict] id=cmpl-20986ea810e777f16939c18d4c59342c tenant="burst-26" model="q38" verdict=admit reason=global-p95 prompt=2048 predicted_completion=1 kv_hat=1369460564 booked_bytes=40398068944 booked_real=47264153488 inflight=31 cap=64 budget_bytes=65863724752 retry_after_s=- exempt=0 enforce=0 live_free_bytes=-
1790341943891 [admit-mem] id=cmpl-20986ea810e777f16939c18d4c59342c model="q38" verdict=admit prompt=2048 output_bound=- charged_ctx=10304 est_bytes=3917676356 est_context=305987584 est_fixed=3611688772 device_free=56812760460 pending_prime=41943040 pending_prime_v1=22083010560 pending_seed=5946605568 pending_seed_uncapped=5946605568 host_free=34359738368 demotable=751128576 short_by=0 inflight=31 cap=64 waited_ms=0 retry_after_s=- reason=-
1790341943892 [spec-k] model="q38" tenant="burst-26" K=0 source=concurrency prompt=2048 cached=0 lcp=0 active=32 wave=68 placement=single-or-non-pp2
1790341943892 [admit-predict] id=cmpl-ccd649f4b2b9ddc3e84ee736fffd1b1b tenant="burst-30" model="q38" verdict=admit reason=global-p95 prompt=2048 predicted_completion=1 kv_hat=1369460564 booked_bytes=41767529508 booked_real=48878516964 inflight=32 cap=64 budget_bytes=65863724752 retry_after_s=- exempt=0 enforce=0 live_free_bytes=-
1790341943892 [admit-mem] id=cmpl-ccd649f4b2b9ddc3e84ee736fffd1b1b model="q38" verdict=admit prompt=2048 output_bound=- charged_ctx=10304 est_bytes=3917676356 est_context=305987584 est_fixed=3611688772 device_free=55960015416 pending_prime=41943040 pending_prime_v1=23064477696 pending_seed=6168117248 pending_seed_uncapped=6168117248 host_free=34359738368 demotable=751128576 short_by=0 inflight=32 cap=64 waited_ms=0 retry_after_s=- reason=-
1790341943893 [spec-k] model="q38" tenant="burst-30" K=0 source=concurrency prompt=2048 cached=0 lcp=0 active=33 wave=68 placement=single-or-non-pp2
1790341943893 [admit-predict] id=cmpl-9fc1a942b4e38b7c7e188add94cfe183 tenant="burst-44" model="q38" verdict=admit reason=global-p95 prompt=2048 predicted_completion=1 kv_hat=1369460564 booked_bytes=43136990072 booked_real=50492880440 inflight=33 cap=64 budget_bytes=65863724752 retry_after_s=- exempt=0 enforce=0 live_free_bytes=-
1790341943893 [admit-mem] id=cmpl-9fc1a942b4e38b7c7e188add94cfe183 model="q38" verdict=admit prompt=2048 output_bound=- charged_ctx=10304 est_bytes=3917676356 est_context=305987584 est_fixed=3611688772 device_free=55107270372 pending_prime=41943040 pending_prime_v1=24045944832 pending_seed=6389628928 pending_seed_uncapped=6389628928 host_free=34359738368 demotable=751128576 short_by=0 inflight=33 cap=64 waited_ms=0 retry_after_s=- reason=-
1790341943894 [spec-k] model="q38" tenant="burst-44" K=0 source=concurrency prompt=2048 cached=0 lcp=0 active=34 wave=68 placement=single-or-non-pp2
1790341943894 [admit-predict] id=cmpl-855e45056cd34e484ee3a0a4b81dfbbf tenant="burst-21" model="q38" verdict=admit reason=global-p95 prompt=2048 predicted_completion=1 kv_hat=1369460564 booked_bytes=44506450636 booked_real=52107243916 inflight=34 cap=64 budget_bytes=65863724752 retry_after_s=- exempt=0 enforce=0 live_free_bytes=-
1790341943894 [admit-mem] id=cmpl-855e45056cd34e484ee3a0a4b81dfbbf model="q38" verdict=admit prompt=2048 output_bound=- charged_ctx=10304 est_bytes=3917676356 est_context=305987584 est_fixed=3611688772 device_free=54254525328 pending_prime=41943040 pending_prime_v1=25027411968 pending_seed=6611140608 pending_seed_uncapped=6611140608 host_free=34359738368 demotable=751128576 short_by=0 inflight=34 cap=64 waited_ms=0 retry_after_s=- reason=-
1790341943895 [spec-k] model="q38" tenant="burst-21" K=0 source=concurrency prompt=2048 cached=0 lcp=0 active=35 wave=68 placement=single-or-non-pp2
1790341943895 [admit-predict] id=cmpl-9cf4cc475629323217e0126555a1432a tenant="burst-27" model="q38" verdict=admit reason=global-p95 prompt=2048 predicted_completion=1 kv_hat=1369460564 booked_bytes=45875911200 booked_real=53721607392 inflight=35 cap=64 budget_bytes=65863724752 retry_after_s=- exempt=0 enforce=0 live_free_bytes=-
1790341943895 [admit-mem] id=cmpl-9cf4cc475629323217e0126555a1432a model="q38" verdict=admit prompt=2048 output_bound=- charged_ctx=10304 est_bytes=3917676356 est_context=305987584 est_fixed=3611688772 device_free=53401780284 pending_prime=41943040 pending_prime_v1=26008879104 pending_seed=6832652288 pending_seed_uncapped=6832652288 host_free=34359738368 demotable=751128576 short_by=0 inflight=35 cap=64 waited_ms=0 retry_after_s=- reason=-
1790341943896 [spec-k] model="q38" tenant="burst-27" K=0 source=concurrency prompt=2048 cached=0 lcp=0 active=36 wave=68 placement=single-or-non-pp2
1790341943896 [admit-predict] id=cmpl-82812ee56c7903d211787d155396c6fb tenant="burst-23" model="q38" verdict=admit reason=global-p95 prompt=2048 predicted_completion=1 kv_hat=1369460564 booked_bytes=47245371764 booked_real=55335970868 inflight=36 cap=64 budget_bytes=65863724752 retry_after_s=- exempt=0 enforce=0 live_free_bytes=-
1790341943896 [admit-mem] id=cmpl-82812ee56c7903d211787d155396c6fb model="q38" verdict=admit prompt=2048 output_bound=- charged_ctx=10304 est_bytes=3917676356 est_context=305987584 est_fixed=3611688772 device_free=52549035240 pending_prime=41943040 pending_prime_v1=26990346240 pending_seed=7054163968 pending_seed_uncapped=7054163968 host_free=34359738368 demotable=751128576 short_by=0 inflight=36 cap=64 waited_ms=0 retry_after_s=- reason=-
1790341943897 [spec-k] model="q38" tenant="burst-23" K=0 source=concurrency prompt=2048 cached=0 lcp=0 active=37 wave=68 placement=single-or-non-pp2
1790341943897 [admit-predict] id=cmpl-c1f33ba119d908c9e69f9ea33a2f875d tenant="burst-63" model="q38" verdict=admit reason=global-p95 prompt=2048 predicted_completion=1 kv_hat=1369460564 booked_bytes=48614832328 booked_real=56950334344 inflight=37 cap=64 budget_bytes=65863724752 retry_after_s=- exempt=0 enforce=0 live_free_bytes=-
1790341943897 [admit-mem] id=cmpl-c1f33ba119d908c9e69f9ea33a2f875d model="q38" verdict=admit prompt=2048 output_bound=- charged_ctx=10304 est_bytes=3917676356 est_context=305987584 est_fixed=3611688772 device_free=51696290196 pending_prime=41943040 pending_prime_v1=27971813376 pending_seed=7275675648 pending_seed_uncapped=7275675648 host_free=34359738368 demotable=751128576 short_by=0 inflight=37 cap=64 waited_ms=0 retry_after_s=- reason=-
1790341943898 [spec-k] model="q38" tenant="burst-63" K=0 source=concurrency prompt=2048 cached=0 lcp=0 active=38 wave=68 placement=single-or-non-pp2
1790341943898 [admit-predict] id=cmpl-4d26cd45afd116acfefe056f5e0c4eaf tenant="burst-38" model="q38" verdict=admit reason=global-p95 prompt=2048 predicted_completion=1 kv_hat=1369460564 booked_bytes=49984292892 booked_real=58564697820 inflight=38 cap=64 budget_bytes=65863724752 retry_after_s=- exempt=0 enforce=0 live_free_bytes=-
1790341943898 [admit-mem] id=cmpl-4d26cd45afd116acfefe056f5e0c4eaf model="q38" verdict=admit prompt=2048 output_bound=- charged_ctx=10304 est_bytes=3917676356 est_context=305987584 est_fixed=3611688772 device_free=50843545152 pending_prime=41943040 pending_prime_v1=28953280512 pending_seed=7497187328 pending_seed_uncapped=7497187328 host_free=34359738368 demotable=751128576 short_by=0 inflight=38 cap=64 waited_ms=0 retry_after_s=- reason=-
1790341943899 [spec-k] model="q38" tenant="burst-38" K=0 source=concurrency prompt=2048 cached=0 lcp=0 active=39 wave=68 placement=single-or-non-pp2
1790341943899 [admit-predict] id=cmpl-b685791cf4c4df8da0726e70bd2715a9 tenant="burst-46" model="q38" verdict=admit reason=global-p95 prompt=2048 predicted_completion=1 kv_hat=1369460564 booked_bytes=51353753456 booked_real=60179061296 inflight=39 cap=64 budget_bytes=65863724752 retry_after_s=- exempt=0 enforce=0 live_free_bytes=-
1790341943899 [admit-mem] id=cmpl-b685791cf4c4df8da0726e70bd2715a9 model="q38" verdict=admit prompt=2048 output_bound=- charged_ctx=10304 est_bytes=3917676356 est_context=305987584 est_fixed=3611688772 device_free=49990800108 pending_prime=41943040 pending_prime_v1=29934747648 pending_seed=7718699008 pending_seed_uncapped=7718699008 host_free=34359738368 demotable=751128576 short_by=0 inflight=39 cap=64 waited_ms=0 retry_after_s=- reason=-
1790341943900 [spec-k] model="q38" tenant="burst-46" K=0 source=concurrency prompt=2048 cached=0 lcp=0 active=40 wave=68 placement=single-or-non-pp2
1790341943900 [admit-predict] id=cmpl-b4748c07a1257cfaabc82e9955040c0b tenant="burst-47" model="q38" verdict=admit reason=global-p95 prompt=2048 predicted_completion=1 kv_hat=1369460564 booked_bytes=52723214020 booked_real=61793424772 inflight=40 cap=64 budget_bytes=65863724752 retry_after_s=- exempt=0 enforce=0 live_free_bytes=-
1790341943900 [admit-mem] id=cmpl-b4748c07a1257cfaabc82e9955040c0b model="q38" verdict=admit prompt=2048 output_bound=- charged_ctx=10304 est_bytes=3917676356 est_context=305987584 est_fixed=3611688772 device_free=49138055064 pending_prime=41943040 pending_prime_v1=30916214784 pending_seed=7940210688 pending_seed_uncapped=7940210688 host_free=34359738368 demotable=751128576 short_by=0 inflight=40 cap=64 waited_ms=0 retry_after_s=- reason=-
1790341943901 [spec-k] model="q38" tenant="burst-47" K=0 source=concurrency prompt=2048 cached=0 lcp=0 active=41 wave=68 placement=single-or-non-pp2
1790341943901 [admit-predict] id=cmpl-3b81f86a168c9bd5ea60272b9549d7a9 tenant="burst-35" model="q38" verdict=admit reason=global-p95 prompt=2048 predicted_completion=1 kv_hat=1369460564 booked_bytes=54092674584 booked_real=63407788248 inflight=41 cap=64 budget_bytes=65863724752 retry_after_s=- exempt=0 enforce=0 live_free_bytes=-
1790341943901 [admit-mem] id=cmpl-3b81f86a168c9bd5ea60272b9549d7a9 model="q38" verdict=admit prompt=2048 output_bound=- charged_ctx=10304 est_bytes=3917676356 est_context=305987584 est_fixed=3611688772 device_free=48285310020 pending_prime=41943040 pending_prime_v1=31897681920 pending_seed=8161722368 pending_seed_uncapped=8161722368 host_free=34359738368 demotable=751128576 short_by=0 inflight=41 cap=64 waited_ms=0 retry_after_s=- reason=-
1790341943902 [spec-k] model="q38" tenant="burst-35" K=0 source=concurrency prompt=2048 cached=0 lcp=0 active=42 wave=68 placement=single-or-non-pp2
1790341943902 [admit-predict] id=cmpl-cb46847fc30517655126f4c6356961a9 tenant="burst-43" model="q38" verdict=admit reason=global-p95 prompt=2048 predicted_completion=1 kv_hat=1369460564 booked_bytes=55462135148 booked_real=65022151724 inflight=42 cap=64 budget_bytes=65863724752 retry_after_s=- exempt=0 enforce=0 live_free_bytes=-
1790341943902 [admit-mem] id=cmpl-cb46847fc30517655126f4c6356961a9 model="q38" verdict=admit prompt=2048 output_bound=- charged_ctx=10304 est_bytes=3917676356 est_context=305987584 est_fixed=3611688772 device_free=47432564976 pending_prime=41943040 pending_prime_v1=32879149056 pending_seed=8383234048 pending_seed_uncapped=8383234048 host_free=34359738368 demotable=751128576 short_by=0 inflight=42 cap=64 waited_ms=0 retry_after_s=- reason=-
1790341943903 [spec-k] model="q38" tenant="burst-43" K=0 source=concurrency prompt=2048 cached=0 lcp=0 active=43 wave=68 placement=single-or-non-pp2
1790341943903 [admit-predict] id=cmpl-9af9d7cfb2dddc1c5b5b5238777df189 tenant="burst-42" model="q38" verdict=admit reason=global-p95 prompt=2048 predicted_completion=1 kv_hat=1369460564 booked_bytes=56831595712 booked_real=66636515200 inflight=43 cap=64 budget_bytes=65863724752 retry_after_s=- exempt=0 enforce=0 live_free_bytes=-
1790341943903 [admit-mem] id=cmpl-9af9d7cfb2dddc1c5b5b5238777df189 model="q38" verdict=admit prompt=2048 output_bound=- charged_ctx=10304 est_bytes=3917676356 est_context=305987584 est_fixed=3611688772 device_free=46579819932 pending_prime=41943040 pending_prime_v1=33860616192 pending_seed=8604745728 pending_seed_uncapped=8604745728 host_free=34359738368 demotable=751128576 short_by=0 inflight=43 cap=64 waited_ms=0 retry_after_s=- reason=-
1790341943904 [spec-k] model="q38" tenant="burst-42" K=0 source=concurrency prompt=2048 cached=0 lcp=0 active=44 wave=68 placement=single-or-non-pp2
1790341943904 [admit-predict] id=cmpl-b264fd79bd6025ea12f7b17cb1c7df99 tenant="burst-60" model="q38" verdict=admit reason=global-p95 prompt=2048 predicted_completion=1 kv_hat=1369460564 booked_bytes=58201056276 booked_real=68250878676 inflight=44 cap=64 budget_bytes=65863724752 retry_after_s=- exempt=0 enforce=0 live_free_bytes=-
1790341943904 [admit-mem] id=cmpl-b264fd79bd6025ea12f7b17cb1c7df99 model="q38" verdict=admit prompt=2048 output_bound=- charged_ctx=10304 est_bytes=3917676356 est_context=305987584 est_fixed=3611688772 device_free=45727074888 pending_prime=41943040 pending_prime_v1=34842083328 pending_seed=8826257408 pending_seed_uncapped=8826257408 host_free=34359738368 demotable=751128576 short_by=0 inflight=44 cap=64 waited_ms=0 retry_after_s=- reason=-
1790341943905 [spec-k] model="q38" tenant="burst-60" K=0 source=concurrency prompt=2048 cached=0 lcp=0 active=45 wave=68 placement=single-or-non-pp2
1790341943905 [admit-predict] id=cmpl-f1eb4c0672cc4f9d6016a8be2524fe6f tenant="burst-31" model="q38" verdict=admit reason=global-p95 prompt=2048 predicted_completion=1 kv_hat=1369460564 booked_bytes=59570516840 booked_real=69865242152 inflight=45 cap=64 budget_bytes=65863724752 retry_after_s=- exempt=0 enforce=0 live_free_bytes=-
1790341943905 [admit-mem] id=cmpl-f1eb4c0672cc4f9d6016a8be2524fe6f model="q38" verdict=admit prompt=2048 output_bound=- charged_ctx=10304 est_bytes=3917676356 est_context=305987584 est_fixed=3611688772 device_free=44874329844 pending_prime=41943040 pending_prime_v1=35823550464 pending_seed=9047769088 pending_seed_uncapped=9047769088 host_free=34359738368 demotable=751128576 short_by=0 inflight=45 cap=64 waited_ms=0 retry_after_s=- reason=-
1790341943906 [spec-k] model="q38" tenant="burst-31" K=0 source=concurrency prompt=2048 cached=0 lcp=0 active=46 wave=68 placement=single-or-non-pp2
1790341943906 [admit-predict] id=cmpl-d0bbde3eb42e9b7374fd9b4a50cbedad tenant="burst-62" model="q38" verdict=admit reason=global-p95 prompt=2048 predicted_completion=1 kv_hat=1369460564 booked_bytes=60939977404 booked_real=71479605628 inflight=46 cap=64 budget_bytes=65863724752 retry_after_s=- exempt=0 enforce=0 live_free_bytes=-
1790341943906 [admit-mem] id=cmpl-d0bbde3eb42e9b7374fd9b4a50cbedad model="q38" verdict=admit prompt=2048 output_bound=- charged_ctx=10304 est_bytes=3917676356 est_context=305987584 est_fixed=3611688772 device_free=44021584800 pending_prime=41943040 pending_prime_v1=36805017600 pending_seed=9269280768 pending_seed_uncapped=9269280768 host_free=34359738368 demotable=751128576 short_by=0 inflight=46 cap=64 waited_ms=0 retry_after_s=- reason=-
1790341943907 [spec-k] model="q38" tenant="burst-62" K=0 source=concurrency prompt=2048 cached=0 lcp=0 active=47 wave=68 placement=single-or-non-pp2
1790341943907 [admit-predict] id=cmpl-a19dc5db35a0e0820e16d03a7a6d5dbd tenant="burst-29" model="q38" verdict=admit reason=global-p95 prompt=2048 predicted_completion=1 kv_hat=1369460564 booked_bytes=62309437968 booked_real=73093969104 inflight=47 cap=64 budget_bytes=65863724752 retry_after_s=- exempt=0 enforce=0 live_free_bytes=-
1790341943907 [admit-mem] id=cmpl-a19dc5db35a0e0820e16d03a7a6d5dbd model="q38" verdict=admit prompt=2048 output_bound=- charged_ctx=10304 est_bytes=3917676356 est_context=305987584 est_fixed=3611688772 device_free=43168839756 pending_prime=41943040 pending_prime_v1=37786484736 pending_seed=9490792448 pending_seed_uncapped=9490792448 host_free=34359738368 demotable=751128576 short_by=0 inflight=47 cap=64 waited_ms=0 retry_after_s=- reason=-
1790341943908 [spec-k] model="q38" tenant="burst-29" K=0 source=concurrency prompt=2048 cached=0 lcp=0 active=48 wave=68 placement=single-or-non-pp2
1790341943908 [admit-predict] id=cmpl-4006ee3a1735ae0c3bb40da6482665fe tenant="burst-61" model="q38" verdict=admit reason=global-p95 prompt=2048 predicted_completion=1 kv_hat=1369460564 booked_bytes=63678898532 booked_real=74708332580 inflight=48 cap=64 budget_bytes=65863724752 retry_after_s=- exempt=0 enforce=0 live_free_bytes=-
1790341943908 [admit-mem] id=cmpl-4006ee3a1735ae0c3bb40da6482665fe model="q38" verdict=admit prompt=2048 output_bound=- charged_ctx=10304 est_bytes=3917676356 est_context=305987584 est_fixed=3611688772 device_free=42316094712 pending_prime=41943040 pending_prime_v1=38767951872 pending_seed=9712304128 pending_seed_uncapped=9712304128 host_free=34359738368 demotable=751128576 short_by=0 inflight=48 cap=64 waited_ms=0 retry_after_s=- reason=-
1790341943909 [spec-k] model="q38" tenant="burst-61" K=0 source=concurrency prompt=2048 cached=0 lcp=0 active=49 wave=68 placement=single-or-non-pp2
1790341943909 [admit-predict] id=cmpl-616b813f1e92006072cf386494b4f850 tenant="burst-41" model="q38" verdict=reject-kv reason=global-p95 prompt=2048 predicted_completion=1 kv_hat=1369460564 booked_bytes=65048359096 booked_real=76322696056 inflight=49 cap=64 budget_bytes=65863724752 retry_after_s=1 exempt=0 enforce=0 live_free_bytes=-
1790341943909 [admit-mem] id=cmpl-616b813f1e92006072cf386494b4f850 model="q38" verdict=admit prompt=2048 output_bound=- charged_ctx=10304 est_bytes=3917676356 est_context=305987584 est_fixed=3611688772 device_free=41463349668 pending_prime=41943040 pending_prime_v1=39749419008 pending_seed=9933815808 pending_seed_uncapped=9933815808 host_free=34359738368 demotable=751128576 short_by=0 inflight=49 cap=64 waited_ms=0 retry_after_s=- reason=-
1790341943910 [spec-k] model="q38" tenant="burst-41" K=0 source=concurrency prompt=2048 cached=0 lcp=0 active=50 wave=68 placement=single-or-non-pp2
1790341943910 [admit-predict] id=cmpl-435783d7b36241d4b67eaae0469a4731 tenant="burst-59" model="q38" verdict=reject-kv reason=global-p95 prompt=2048 predicted_completion=1 kv_hat=1369460564 booked_bytes=66417819660 booked_real=77937059532 inflight=50 cap=64 budget_bytes=65863724752 retry_after_s=1 exempt=0 enforce=0 live_free_bytes=-
1790341943910 [admit-mem] id=cmpl-435783d7b36241d4b67eaae0469a4731 model="q38" verdict=admit prompt=2048 output_bound=- charged_ctx=10304 est_bytes=3917676356 est_context=305987584 est_fixed=3611688772 device_free=40610604624 pending_prime=41943040 pending_prime_v1=40730886144 pending_seed=10155327488 pending_seed_uncapped=10155327488 host_free=34359738368 demotable=751128576 short_by=0 inflight=50 cap=64 waited_ms=0 retry_after_s=- reason=-
1790341943911 [spec-k] model="q38" tenant="burst-59" K=0 source=concurrency prompt=2048 cached=0 lcp=0 active=51 wave=68 placement=single-or-non-pp2
1790341943911 [admit-predict] id=cmpl-a7a1bf68635f4721621c6478357913bd tenant="burst-37" model="q38" verdict=reject-kv reason=global-p95 prompt=2048 predicted_completion=1 kv_hat=1369460564 booked_bytes=67787280224 booked_real=79551423008 inflight=51 cap=64 budget_bytes=65863724752 retry_after_s=1 exempt=0 enforce=0 live_free_bytes=-
1790341943911 [admit-mem] id=cmpl-a7a1bf68635f4721621c6478357913bd model="q38" verdict=admit prompt=2048 output_bound=- charged_ctx=10304 est_bytes=3917676356 est_context=305987584 est_fixed=3611688772 device_free=39757859580 pending_prime=41943040 pending_prime_v1=41712353280 pending_seed=10376839168 pending_seed_uncapped=10376839168 host_free=34359738368 demotable=751128576 short_by=0 inflight=51 cap=64 waited_ms=0 retry_after_s=- reason=-
1790341943912 [spec-k] model="q38" tenant="burst-37" K=0 source=concurrency prompt=2048 cached=0 lcp=0 active=52 wave=68 placement=single-or-non-pp2
1790341943912 [admit-predict] id=cmpl-405ac735a7e170c0b6e97b00603330c4 tenant="burst-40" model="q38" verdict=reject-kv reason=global-p95 prompt=2048 predicted_completion=1 kv_hat=1369460564 booked_bytes=69156740788 booked_real=81165786484 inflight=52 cap=64 budget_bytes=65863724752 retry_after_s=1 exempt=0 enforce=0 live_free_bytes=-
1790341943912 [admit-mem] id=cmpl-405ac735a7e170c0b6e97b00603330c4 model="q38" verdict=admit prompt=2048 output_bound=- charged_ctx=10304 est_bytes=3917676356 est_context=305987584 est_fixed=3611688772 device_free=38905114536 pending_prime=41943040 pending_prime_v1=42693820416 pending_seed=10598350848 pending_seed_uncapped=10598350848 host_free=34359738368 demotable=751128576 short_by=0 inflight=52 cap=64 waited_ms=0 retry_after_s=- reason=-
1790341943913 [spec-k] model="q38" tenant="burst-40" K=0 source=concurrency prompt=2048 cached=0 lcp=0 active=53 wave=68 placement=single-or-non-pp2
1790341943913 [admit-predict] id=cmpl-201dc87b8c7a20395823c024a7eb8cab tenant="burst-51" model="q38" verdict=reject-kv reason=global-p95 prompt=2048 predicted_completion=1 kv_hat=1369460564 booked_bytes=70526201352 booked_real=82780149960 inflight=53 cap=64 budget_bytes=65863724752 retry_after_s=1 exempt=0 enforce=0 live_free_bytes=-
1790341943914 [admit-mem] id=cmpl-201dc87b8c7a20395823c024a7eb8cab model="q38" verdict=admit prompt=2048 output_bound=- charged_ctx=10304 est_bytes=3917676356 est_context=305987584 est_fixed=3611688772 device_free=38052369492 pending_prime=41943040 pending_prime_v1=43675287552 pending_seed=10819862528 pending_seed_uncapped=10819862528 host_free=34359738368 demotable=751128576 short_by=0 inflight=53 cap=64 waited_ms=0 retry_after_s=- reason=-
1790341943914 [spec-k] model="q38" tenant="burst-51" K=0 source=concurrency prompt=2048 cached=0 lcp=0 active=54 wave=68 placement=single-or-non-pp2
1790341943914 [admit-predict] id=cmpl-3bf7bc9994afc57e1f4ca9cb6fbce203 tenant="burst-50" model="q38" verdict=reject-kv reason=global-p95 prompt=2048 predicted_completion=1 kv_hat=1369460564 booked_bytes=71895661916 booked_real=84394513436 inflight=54 cap=64 budget_bytes=65863724752 retry_after_s=1 exempt=0 enforce=0 live_free_bytes=-
1790341943915 [admit-mem] id=cmpl-3bf7bc9994afc57e1f4ca9cb6fbce203 model="q38" verdict=admit prompt=2048 output_bound=- charged_ctx=10304 est_bytes=3917676356 est_context=305987584 est_fixed=3611688772 device_free=37199624448 pending_prime=41943040 pending_prime_v1=44656754688 pending_seed=11041374208 pending_seed_uncapped=11041374208 host_free=34359738368 demotable=751128576 short_by=0 inflight=54 cap=64 waited_ms=0 retry_after_s=- reason=-
1790341943915 [spec-k] model="q38" tenant="burst-50" K=0 source=concurrency prompt=2048 cached=0 lcp=0 active=55 wave=68 placement=single-or-non-pp2
1790341943916 [admit-predict] id=cmpl-f400f4057726b177364ef5ad3b41bba8 tenant="burst-55" model="q38" verdict=reject-kv reason=global-p95 prompt=2048 predicted_completion=1 kv_hat=1369460564 booked_bytes=73265122480 booked_real=86008876912 inflight=55 cap=64 budget_bytes=65863724752 retry_after_s=1 exempt=0 enforce=0 live_free_bytes=-
1790341943916 [admit-mem] id=cmpl-f400f4057726b177364ef5ad3b41bba8 model="q38" verdict=admit prompt=2048 output_bound=- charged_ctx=10304 est_bytes=3917676356 est_context=305987584 est_fixed=3611688772 device_free=36346879404 pending_prime=41943040 pending_prime_v1=45638221824 pending_seed=11262885888 pending_seed_uncapped=11262885888 host_free=34359738368 demotable=751128576 short_by=0 inflight=55 cap=64 waited_ms=0 retry_after_s=- reason=-
1790341943917 [spec-k] model="q38" tenant="burst-55" K=0 source=concurrency prompt=2048 cached=0 lcp=0 active=56 wave=68 placement=single-or-non-pp2
1790341943917 [admit-predict] id=cmpl-c45ae912a82c368a146475fa25787479 tenant="burst-33" model="q38" verdict=reject-kv reason=global-p95 prompt=2048 predicted_completion=1 kv_hat=1369460564 booked_bytes=74634583044 booked_real=87623240388 inflight=56 cap=64 budget_bytes=65863724752 retry_after_s=1 exempt=0 enforce=0 live_free_bytes=-
1790341943917 [admit-mem] id=cmpl-c45ae912a82c368a146475fa25787479 model="q38" verdict=admit prompt=2048 output_bound=- charged_ctx=10304 est_bytes=3917676356 est_context=305987584 est_fixed=3611688772 device_free=35494134360 pending_prime=41943040 pending_prime_v1=46619688960 pending_seed=11484397568 pending_seed_uncapped=11484397568 host_free=34359738368 demotable=751128576 short_by=0 inflight=56 cap=64 waited_ms=0 retry_after_s=- reason=-
1790341943918 [spec-k] model="q38" tenant="burst-33" K=0 source=concurrency prompt=2048 cached=0 lcp=0 active=57 wave=68 placement=single-or-non-pp2
1790341943918 [admit-predict] id=cmpl-a75b25553f3a5a3d3fb6ce99f10102d7 tenant="burst-48" model="q38" verdict=reject-kv reason=global-p95 prompt=2048 predicted_completion=1 kv_hat=1369460564 booked_bytes=76004043608 booked_real=89237603864 inflight=57 cap=64 budget_bytes=65863724752 retry_after_s=1 exempt=0 enforce=0 live_free_bytes=-
1790341943918 [admit-mem] id=cmpl-a75b25553f3a5a3d3fb6ce99f10102d7 model="q38" verdict=admit prompt=2048 output_bound=- charged_ctx=10304 est_bytes=3917676356 est_context=305987584 est_fixed=3611688772 device_free=34641389316 pending_prime=41943040 pending_prime_v1=47601156096 pending_seed=11705909248 pending_seed_uncapped=11705909248 host_free=34359738368 demotable=751128576 short_by=0 inflight=57 cap=64 waited_ms=0 retry_after_s=- reason=-
1790341943919 [spec-k] model="q38" tenant="burst-48" K=0 source=concurrency prompt=2048 cached=0 lcp=0 active=58 wave=68 placement=single-or-non-pp2
1790341943919 [admit-predict] id=cmpl-6f145c1fd2a9733baad29609c8292669 tenant="burst-57" model="q38" verdict=reject-kv reason=global-p95 prompt=2048 predicted_completion=1 kv_hat=1369460564 booked_bytes=77373504172 booked_real=90851967340 inflight=58 cap=64 budget_bytes=65863724752 retry_after_s=1 exempt=0 enforce=0 live_free_bytes=-
1790341943919 [admit-mem] id=cmpl-6f145c1fd2a9733baad29609c8292669 model="q38" verdict=admit prompt=2048 output_bound=- charged_ctx=10304 est_bytes=3917676356 est_context=305987584 est_fixed=3611688772 device_free=33788644272 pending_prime=41943040 pending_prime_v1=48582623232 pending_seed=11927420928 pending_seed_uncapped=11927420928 host_free=34359738368 demotable=751128576 short_by=0 inflight=58 cap=64 waited_ms=0 retry_after_s=- reason=-
1790341943920 [spec-k] model="q38" tenant="burst-57" K=0 source=concurrency prompt=2048 cached=0 lcp=0 active=59 wave=68 placement=single-or-non-pp2
1790341943920 [admit-predict] id=cmpl-4b8d5913599652f4fa12d474b6272c9f tenant="burst-34" model="q38" verdict=reject-kv reason=global-p95 prompt=2048 predicted_completion=1 kv_hat=1369460564 booked_bytes=78742964736 booked_real=92466330816 inflight=59 cap=64 budget_bytes=65863724752 retry_after_s=1 exempt=0 enforce=0 live_free_bytes=-
1790341943920 [admit-mem] id=cmpl-4b8d5913599652f4fa12d474b6272c9f model="q38" verdict=admit prompt=2048 output_bound=- charged_ctx=10304 est_bytes=3917676356 est_context=305987584 est_fixed=3611688772 device_free=32935899228 pending_prime=41943040 pending_prime_v1=49564090368 pending_seed=12148932608 pending_seed_uncapped=12148932608 host_free=34359738368 demotable=751128576 short_by=0 inflight=59 cap=64 waited_ms=0 retry_after_s=- reason=-
1790341943921 [spec-k] model="q38" tenant="burst-34" K=0 source=concurrency prompt=2048 cached=0 lcp=0 active=60 wave=68 placement=single-or-non-pp2
1790341943921 [admit-predict] id=cmpl-2308022a771802bb58e64e0e1322b04d tenant="burst-56" model="q38" verdict=reject-kv reason=global-p95 prompt=2048 predicted_completion=1 kv_hat=1369460564 booked_bytes=80112425300 booked_real=94080694292 inflight=60 cap=64 budget_bytes=65863724752 retry_after_s=1 exempt=0 enforce=0 live_free_bytes=-
1790341943921 [admit-mem] id=cmpl-2308022a771802bb58e64e0e1322b04d model="q38" verdict=admit prompt=2048 output_bound=- charged_ctx=10304 est_bytes=3917676356 est_context=305987584 est_fixed=3611688772 device_free=32083154184 pending_prime=41943040 pending_prime_v1=50545557504 pending_seed=12370444288 pending_seed_uncapped=12370444288 host_free=34359738368 demotable=751128576 short_by=0 inflight=60 cap=64 waited_ms=0 retry_after_s=- reason=-
1790341943922 [spec-k] model="q38" tenant="burst-56" K=0 source=concurrency prompt=2048 cached=0 lcp=0 active=61 wave=68 placement=single-or-non-pp2
1790341943922 [admit-predict] id=cmpl-a7ca1a1da68058bb5952738ebbe5f0c6 tenant="burst-53" model="q38" verdict=reject-kv reason=global-p95 prompt=2048 predicted_completion=1 kv_hat=1369460564 booked_bytes=81481885864 booked_real=95695057768 inflight=61 cap=64 budget_bytes=65863724752 retry_after_s=1 exempt=0 enforce=0 live_free_bytes=-
1790341943922 [admit-mem] id=cmpl-a7ca1a1da68058bb5952738ebbe5f0c6 model="q38" verdict=admit prompt=2048 output_bound=- charged_ctx=10304 est_bytes=3917676356 est_context=305987584 est_fixed=3611688772 device_free=31230409140 pending_prime=41943040 pending_prime_v1=51527024640 pending_seed=12591955968 pending_seed_uncapped=12591955968 host_free=34359738368 demotable=751128576 short_by=0 inflight=61 cap=64 waited_ms=0 retry_after_s=- reason=-
1790341943923 [spec-k] model="q38" tenant="burst-53" K=0 source=concurrency prompt=2048 cached=0 lcp=0 active=62 wave=68 placement=single-or-non-pp2
1790341943923 [admit-predict] id=cmpl-a7433ca066f0ee244a9fb6bb49ab59b9 tenant="burst-39" model="q38" verdict=reject-kv reason=global-p95 prompt=2048 predicted_completion=1 kv_hat=1369460564 booked_bytes=82851346428 booked_real=97309421244 inflight=62 cap=64 budget_bytes=65863724752 retry_after_s=1 exempt=0 enforce=0 live_free_bytes=-
1790341943923 [admit-mem] id=cmpl-a7433ca066f0ee244a9fb6bb49ab59b9 model="q38" verdict=admit prompt=2048 output_bound=- charged_ctx=10304 est_bytes=3917676356 est_context=305987584 est_fixed=3611688772 device_free=30377664096 pending_prime=41943040 pending_prime_v1=52508491776 pending_seed=12813467648 pending_seed_uncapped=12813467648 host_free=34359738368 demotable=751128576 short_by=0 inflight=62 cap=64 waited_ms=0 retry_after_s=- reason=-
1790341943924 [spec-k] model="q38" tenant="burst-39" K=0 source=concurrency prompt=2048 cached=0 lcp=0 active=63 wave=68 placement=single-or-non-pp2
1790341943924 [admit-predict] id=cmpl-d0aa2c12cd8954e704fad111c3dd2922 tenant="burst-32" model="q38" verdict=reject-kv reason=global-p95 prompt=2048 predicted_completion=1 kv_hat=1369460564 booked_bytes=84220806992 booked_real=98923784720 inflight=63 cap=64 budget_bytes=65863724752 retry_after_s=1 exempt=0 enforce=0 live_free_bytes=-
1790341943924 [admit-mem] id=cmpl-d0aa2c12cd8954e704fad111c3dd2922 model="q38" verdict=admit prompt=2048 output_bound=- charged_ctx=10304 est_bytes=3917676356 est_context=305987584 est_fixed=3611688772 device_free=29524919052 pending_prime=41943040 pending_prime_v1=53489958912 pending_seed=13034979328 pending_seed_uncapped=13034979328 host_free=34359738368 demotable=751128576 short_by=0 inflight=63 cap=64 waited_ms=0 retry_after_s=- reason=-
1790341943925 [spec-k] model="q38" tenant="burst-32" K=0 source=concurrency prompt=2048 cached=0 lcp=0 active=64 wave=68 placement=single-or-non-pp2
1790341943925 [admit-predict] id=cmpl-0a1be0e448bdce5972831001a833694a tenant="burst-54" model="q38" verdict=reject-slot reason=global-p95 prompt=- predicted_completion=1 kv_hat=- booked_bytes=85590267556 booked_real=100538148196 inflight=64 cap=64 budget_bytes=65863724752 retry_after_s=1 exempt=0 enforce=0 live_free_bytes=-
1790341943925 [admit-predict] id=cmpl-b82fd507658e23bf76e6f0445a6cd97e tenant="burst-49" model="q38" verdict=reject-slot reason=global-p95 prompt=- predicted_completion=1 kv_hat=- booked_bytes=85590267556 booked_real=100538148196 inflight=64 cap=64 budget_bytes=65863724752 retry_after_s=1 exempt=0 enforce=0 live_free_bytes=-
1790341943925 [admit-predict] id=cmpl-afbb5a243d4b3222cc56d00fdc8cdd21 tenant="burst-52" model="q38" verdict=reject-slot reason=global-p95 prompt=- predicted_completion=1 kv_hat=- booked_bytes=85590267556 booked_real=100538148196 inflight=64 cap=64 budget_bytes=65863724752 retry_after_s=1 exempt=0 enforce=0 live_free_bytes=-
1790341943925 [admit-predict] id=cmpl-c4e123834f0afcac48aa2b4f6160067c tenant="burst-58" model="q38" verdict=reject-slot reason=global-p95 prompt=- predicted_completion=1 kv_hat=- booked_bytes=85590267556 booked_real=100538148196 inflight=64 cap=64 budget_bytes=65863724752 retry_after_s=1 exempt=0 enforce=0 live_free_bytes=-
1790341945405 [prime-batch] B=6 tokens=6144 carried=6 partial=0 in 1479.2ms
1790341945405 [prefix-cache] capture submitted off the tick (seed): 2048 tokens, 32 planes (217.7MB) on the contracts door's copy stream; recurrent state cloned at the boundary on the owner stream
1790341945405 [prefix-cache] contracts door D2D capture receipt: ticket issuer=2 seq=5 epochs=0/1/1 items=32 bytes=60817408 source_digests_sha256=9bcb3ffb3853c4fadea1de4a518b9f3f1dba4c13fab6e9ba773f4ae59ffc3a75 destination_digests_sha256=9bcb3ffb3853c4fadea1de4a518b9f3f1dba4c13fab6e9ba773f4ae59ffc3a75 require=ok
1790341945405 [prefix-cache] capture published off the tick (seed): 2048 tokens complete after 1 poll(s), 0.3ms from submission to completion, 0.3ms to publication (settled synchronously by a second capture; the settle held the owner thread 0.26ms, entered 0.0ms after submission)
1790341945405 [prefix-cache] insert (seed): 2048 tokens, 217.7MB (resident 968.8MB / 15883MB, model q38, ns "burst-0")
1790341945406 [prefix-cache] capture submitted off the tick (seed): 2048 tokens, 32 planes (217.7MB) on the contracts door's copy stream; recurrent state cloned at the boundary on the owner stream
1790341945406 [prefix-cache] contracts door D2D capture receipt: ticket issuer=2 seq=6 epochs=0/1/1 items=32 bytes=60817408 source_digests_sha256=3e25a932778b9fdb8885f48489fa2b4dac5035c07f5b8f4fba9398ade1a881f6 destination_digests_sha256=3e25a932778b9fdb8885f48489fa2b4dac5035c07f5b8f4fba9398ade1a881f6 require=ok
1790341945406 [prefix-cache] capture published off the tick (seed): 2048 tokens complete after 1 poll(s), 0.3ms from submission to completion, 0.3ms to publication (settled synchronously by a second capture; the settle held the owner thread 0.25ms, entered 0.0ms after submission)
1790341945406 [prefix-cache] insert (seed): 2048 tokens, 217.7MB (resident 1186.5MB / 15883MB, model q38, ns "burst-2")
1790341945407 [prefix-cache] capture submitted off the tick (seed): 2048 tokens, 32 planes (217.7MB) on the contracts door's copy stream; recurrent state cloned at the boundary on the owner stream
1790341945407 [prefix-cache] contracts door D2D capture receipt: ticket issuer=2 seq=7 epochs=0/1/1 items=32 bytes=60817408 source_digests_sha256=4e0384342ab66a359f27694c9c22fbabd70a71f504e8051336e0cf6990e176c7 destination_digests_sha256=4e0384342ab66a359f27694c9c22fbabd70a71f504e8051336e0cf6990e176c7 require=ok
1790341945407 [prefix-cache] capture published off the tick (seed): 2048 tokens complete after 1 poll(s), 0.3ms from submission to completion, 0.3ms to publication (settled synchronously by a second capture; the settle held the owner thread 0.25ms, entered 0.0ms after submission)
1790341945407 [prefix-cache] insert (seed): 2048 tokens, 217.7MB (resident 1404.3MB / 15883MB, model q38, ns "burst-1")
1790341945408 [prefix-cache] capture submitted off the tick (seed): 2048 tokens, 32 planes (217.7MB) on the contracts door's copy stream; recurrent state cloned at the boundary on the owner stream
1790341945408 [prefix-cache] contracts door D2D capture receipt: ticket issuer=2 seq=8 epochs=0/1/1 items=32 bytes=60817408 source_digests_sha256=e6fe98b5a32e2d7dc2cf2436da2d58ae6440dc7b06281bb576e88dfbbd22db87 destination_digests_sha256=e6fe98b5a32e2d7dc2cf2436da2d58ae6440dc7b06281bb576e88dfbbd22db87 require=ok
1790341945408 [prefix-cache] capture published off the tick (seed): 2048 tokens complete after 1 poll(s), 0.3ms from submission to completion, 0.3ms to publication (settled synchronously by a second capture; the settle held the owner thread 0.25ms, entered 0.0ms after submission)
1790341945408 [prefix-cache] insert (seed): 2048 tokens, 217.7MB (resident 1622.0MB / 15883MB, model q38, ns "burst-3")
1790341945409 [prefix-cache] capture submitted off the tick (seed): 2048 tokens, 32 planes (217.7MB) on the contracts door's copy stream; recurrent state cloned at the boundary on the owner stream
1790341945409 [prefix-cache] contracts door D2D capture receipt: ticket issuer=2 seq=9 epochs=0/1/1 items=32 bytes=60817408 source_digests_sha256=f68c4fcd0e4fa974c6ee8cdd1d0249cb611e75eedbdf82a9048c6a1f656745ea destination_digests_sha256=f68c4fcd0e4fa974c6ee8cdd1d0249cb611e75eedbdf82a9048c6a1f656745ea require=ok
1790341945409 [prefix-cache] capture published off the tick (seed): 2048 tokens complete after 1 poll(s), 0.3ms from submission to completion, 0.3ms to publication (settled synchronously by a second capture; the settle held the owner thread 0.25ms, entered 0.0ms after submission)
1790341945409 [prefix-cache] insert (seed): 2048 tokens, 217.7MB (resident 1839.7MB / 15883MB, model q38, ns "burst-4")
1790341945410 [prefix-cache] capture submitted off the tick (seed): 2048 tokens, 32 planes (217.7MB) on the contracts door's copy stream; recurrent state cloned at the boundary on the owner stream
1790341946889 [prime-batch] B=6 tokens=6144 carried=3 partial=3 in 1479.3ms
1790341946889 [prefix-cache] contracts door D2D capture receipt: ticket issuer=2 seq=10 epochs=0/1/1 items=32 bytes=60817408 source_digests_sha256=293ec0327f9be29eefb993c0ae857e1cc378e9ebf62c409bf5abbdaef0d4a87c destination_digests_sha256=293ec0327f9be29eefb993c0ae857e1cc378e9ebf62c409bf5abbdaef0d4a87c require=ok
1790341946889 [prefix-cache] capture published off the tick (seed): 2048 tokens complete after 1 poll(s), 1479.5ms from submission to completion, 1479.5ms to publication (settled synchronously by a second capture; the settle held the owner thread 0.14ms, entered 1479.4ms after submission)
1790341946889 [prefix-cache] insert (seed): 2048 tokens, 217.7MB (resident 2057.4MB / 15883MB, model q38, ns "burst-5")
1790341946890 [prefix-cache] capture submitted off the tick (seed): 2048 tokens, 32 planes (217.7MB) on the contracts door's copy stream; recurrent state cloned at the boundary on the owner stream
1790341946890 [prefix-cache] contracts door D2D capture receipt: ticket issuer=2 seq=11 epochs=0/1/1 items=32 bytes=60817408 source_digests_sha256=fa074a8d1503e9c9d93995c8de05c1d3c1791b49b8d07b46d46a369c64c455f9 destination_digests_sha256=fa074a8d1503e9c9d93995c8de05c1d3c1791b49b8d07b46d46a369c64c455f9 require=ok
1790341946890 [prefix-cache] capture published off the tick (seed): 2048 tokens complete after 1 poll(s), 0.2ms from submission to completion, 0.3ms to publication (settled synchronously by a second capture; the settle held the owner thread 0.24ms, entered 0.0ms after submission)
1790341946890 [prefix-cache] insert (seed): 2048 tokens, 217.7MB (resident 2275.1MB / 15883MB, model q38, ns "burst-7")
1790341946891 [prefix-cache] capture submitted off the tick (seed): 2048 tokens, 32 planes (217.7MB) on the contracts door's copy stream; recurrent state cloned at the boundary on the owner stream
1790341946891 [prefix-cache] contracts door D2D capture receipt: ticket issuer=2 seq=12 epochs=0/1/1 items=32 bytes=60817408 source_digests_sha256=9d7ea5bad68d55d0ec66e807a916c1a0e853ca3c5c4aaecb0c8506df37c92218 destination_digests_sha256=9d7ea5bad68d55d0ec66e807a916c1a0e853ca3c5c4aaecb0c8506df37c92218 require=ok
1790341946892 [prefix-cache] capture published off the tick (seed): 2048 tokens complete after 1 poll(s), 0.3ms from submission to completion, 0.3ms to publication (settled synchronously by a second capture; the settle held the owner thread 0.25ms, entered 0.0ms after submission)
1790341946892 [prefix-cache] insert (seed): 2048 tokens, 217.7MB (resident 2492.8MB / 15883MB, model q38, ns "burst-9")
1790341946892 [prefix-cache] capture submitted off the tick (seed): 2048 tokens, 32 planes (217.7MB) on the contracts door's copy stream; recurrent state cloned at the boundary on the owner stream
1790341948389 [prime-batch] B=6 tokens=6144 carried=0 partial=6 in 1497.0ms
1790341949889 [prime-batch] B=6 tokens=6144 carried=0 partial=6 in 1499.8ms
1790341951392 [prime-batch] B=6 tokens=6144 carried=0 partial=6 in 1502.8ms
1790341952896 [prime-batch] B=6 tokens=6144 carried=0 partial=6 in 1503.8ms
1790341954401 [prime-batch] B=6 tokens=6144 carried=0 partial=6 in 1505.3ms
1790341955908 [prime-batch] B=6 tokens=6144 carried=0 partial=6 in 1507.0ms
1790341957417 [prime-batch] B=6 tokens=6144 carried=0 partial=6 in 1508.6ms
1790341957917 [prime-batch] B=2 tokens=2048 carried=0 partial=2 in 500.1ms
1790341957950 [prefix-cache] contracts door D2D capture receipt: ticket issuer=2 seq=13 epochs=0/1/1 items=32 bytes=60817408 source_digests_sha256=d2296c48148c5269be38bb9b445f9fe6900772623e1b04397988136dfa363b58 destination_digests_sha256=d2296c48148c5269be38bb9b445f9fe6900772623e1b04397988136dfa363b58 require=ok
1790341957950 [prefix-cache] capture published off the tick (seed): 2048 tokens complete after 1 poll(s), 11057.4ms from submission to completion, 11057.5ms to publication (tick-top poll; the settle held the owner thread 0.16ms, entered 11057.3ms after submission)
1790341957950 [prefix-cache] insert (seed): 2048 tokens, 217.7MB (resident 2710.5MB / 15883MB, model q38, ns "burst-8")
1790341959447 [prime-batch] B=6 tokens=6144 carried=6 partial=0 in 1497.5ms
1790341959448 [prefix-cache] capture submitted off the tick (seed): 2048 tokens, 32 planes (217.7MB) on the contracts door's copy stream; recurrent state cloned at the boundary on the owner stream
1790341959448 [prefix-cache] contracts door D2D capture receipt: ticket issuer=2 seq=14 epochs=0/1/1 items=32 bytes=60817408 source_digests_sha256=ce6c777c6c0f413f282270835720dde374167f99a0c2334775b1318eca505124 destination_digests_sha256=ce6c777c6c0f413f282270835720dde374167f99a0c2334775b1318eca505124 require=ok
1790341959448 [prefix-cache] capture published off the tick (seed): 2048 tokens complete after 1 poll(s), 0.3ms from submission to completion, 0.3ms to publication (settled synchronously by a second capture; the settle held the owner thread 0.25ms, entered 0.0ms after submission)
1790341959448 [prefix-cache] insert (seed): 2048 tokens, 217.7MB (resident 2928.2MB / 15883MB, model q38, ns "burst-6")
1790341959449 [prefix-cache] capture submitted off the tick (seed): 2048 tokens, 32 planes (217.7MB) on the contracts door's copy stream; recurrent state cloned at the boundary on the owner stream
1790341959449 [prefix-cache] contracts door D2D capture receipt: ticket issuer=2 seq=15 epochs=0/1/1 items=32 bytes=60817408 source_digests_sha256=91d3a66a4950069d5c0bae1e5fcd284b6c41d86b4660df57226a8cca9c45cb21 destination_digests_sha256=91d3a66a4950069d5c0bae1e5fcd284b6c41d86b4660df57226a8cca9c45cb21 require=ok
1790341959449 [prefix-cache] capture published off the tick (seed): 2048 tokens complete after 1 poll(s), 0.3ms from submission to completion, 0.3ms to publication (settled synchronously by a second capture; the settle held the owner thread 0.27ms, entered 0.0ms after submission)
1790341959449 [prefix-cache] insert (seed): 2048 tokens, 217.7MB (resident 3145.9MB / 15883MB, model q38, ns "burst-10")
1790341959450 [prefix-cache] capture submitted off the tick (seed): 2048 tokens, 32 planes (217.7MB) on the contracts door's copy stream; recurrent state cloned at the boundary on the owner stream
1790341959450 [prefix-cache] contracts door D2D capture receipt: ticket issuer=2 seq=16 epochs=0/1/1 items=32 bytes=60817408 source_digests_sha256=51de977d8c90624e33ac5fce3f82188ed4d6be2e8ae0a4eedc249eff9a298622 destination_digests_sha256=51de977d8c90624e33ac5fce3f82188ed4d6be2e8ae0a4eedc249eff9a298622 require=ok
1790341959450 [prefix-cache] capture published off the tick (seed): 2048 tokens complete after 1 poll(s), 0.3ms from submission to completion, 0.3ms to publication (settled synchronously by a second capture; the settle held the owner thread 0.26ms, entered 0.0ms after submission)
1790341959450 [prefix-cache] insert (seed): 2048 tokens, 217.7MB (resident 3363.7MB / 15883MB, model q38, ns "burst-11")
1790341959451 [prefix-cache] capture submitted off the tick (seed): 2048 tokens, 32 planes (217.7MB) on the contracts door's copy stream; recurrent state cloned at the boundary on the owner stream
1790341959451 [prefix-cache] contracts door D2D capture receipt: ticket issuer=2 seq=17 epochs=0/1/1 items=32 bytes=60817408 source_digests_sha256=60cd61967744e617d615f43d4443ef08a41b0925044def476d46a1dbe3a9f44b destination_digests_sha256=60cd61967744e617d615f43d4443ef08a41b0925044def476d46a1dbe3a9f44b require=ok
1790341959451 [prefix-cache] capture published off the tick (seed): 2048 tokens complete after 1 poll(s), 0.3ms from submission to completion, 0.3ms to publication (settled synchronously by a second capture; the settle held the owner thread 0.26ms, entered 0.0ms after submission)
1790341959451 [prefix-cache] insert (seed): 2048 tokens, 217.7MB (resident 3581.4MB / 15883MB, model q38, ns "burst-12")
1790341959452 [prefix-cache] capture submitted off the tick (seed): 2048 tokens, 32 planes (217.7MB) on the contracts door's copy stream; recurrent state cloned at the boundary on the owner stream
1790341959452 [prefix-cache] contracts door D2D capture receipt: ticket issuer=2 seq=18 epochs=0/1/1 items=32 bytes=60817408 source_digests_sha256=559510db53ed2b7d8e52d4ce392da8c9f87c2fe139c6eacac05fc27c41c9ef65 destination_digests_sha256=559510db53ed2b7d8e52d4ce392da8c9f87c2fe139c6eacac05fc27c41c9ef65 require=ok
1790341959452 [prefix-cache] capture published off the tick (seed): 2048 tokens complete after 1 poll(s), 0.3ms from submission to completion, 0.3ms to publication (settled synchronously by a second capture; the settle held the owner thread 0.25ms, entered 0.0ms after submission)
1790341959452 [prefix-cache] insert (seed): 2048 tokens, 217.7MB (resident 3799.1MB / 15883MB, model q38, ns "burst-13")
1790341959453 [prefix-cache] capture submitted off the tick (seed): 2048 tokens, 32 planes (217.7MB) on the contracts door's copy stream; recurrent state cloned at the boundary on the owner stream
1790341960954 [prime-batch] B=6 tokens=6144 carried=6 partial=0 in 1501.2ms
1790341960954 [prefix-cache] contracts door D2D capture receipt: ticket issuer=2 seq=19 epochs=0/1/1 items=32 bytes=60817408 source_digests_sha256=39577ff4c0ca431199d51d148afafc2f99952a56878682f5dddc29157aa73224 destination_digests_sha256=39577ff4c0ca431199d51d148afafc2f99952a56878682f5dddc29157aa73224 require=ok
1790341960954 [prefix-cache] capture published off the tick (seed): 2048 tokens complete after 1 poll(s), 1501.4ms from submission to completion, 1501.4ms to publication (settled synchronously by a second capture; the settle held the owner thread 0.14ms, entered 1501.3ms after submission)
1790341960954 [prefix-cache] insert (seed): 2048 tokens, 217.7MB (resident 4016.8MB / 15883MB, model q38, ns "burst-14")
1790341960955 [prefix-cache] capture submitted off the tick (seed): 2048 tokens, 32 planes (217.7MB) on the contracts door's copy stream; recurrent state cloned at the boundary on the owner stream
1790341960955 [prefix-cache] contracts door D2D capture receipt: ticket issuer=2 seq=20 epochs=0/1/1 items=32 bytes=60817408 source_digests_sha256=24f8edcd0bb54fbf461b56030f87ec1a6b5878e14d4d7d9e455b0fc4a49cedf2 destination_digests_sha256=24f8edcd0bb54fbf461b56030f87ec1a6b5878e14d4d7d9e455b0fc4a49cedf2 require=ok
1790341960955 [prefix-cache] capture published off the tick (seed): 2048 tokens complete after 1 poll(s), 0.3ms from submission to completion, 0.3ms to publication (settled synchronously by a second capture; the settle held the owner thread 0.25ms, entered 0.0ms after submission)
1790341960955 [prefix-cache] insert (seed): 2048 tokens, 217.7MB (resident 4234.5MB / 15883MB, model q38, ns "burst-17")
1790341960956 [prefix-cache] capture submitted off the tick (seed): 2048 tokens, 32 planes (217.7MB) on the contracts door's copy stream; recurrent state cloned at the boundary on the owner stream
1790341960956 [prefix-cache] contracts door D2D capture receipt: ticket issuer=2 seq=21 epochs=0/1/1 items=32 bytes=60817408 source_digests_sha256=5c82cddb4ff48d0e0b24399cfc0b8d2116c3210528cb06a59d77e648a948ec32 destination_digests_sha256=5c82cddb4ff48d0e0b24399cfc0b8d2116c3210528cb06a59d77e648a948ec32 require=ok
1790341960956 [prefix-cache] capture published off the tick (seed): 2048 tokens complete after 1 poll(s), 0.2ms from submission to completion, 0.3ms to publication (settled synchronously by a second capture; the settle held the owner thread 0.24ms, entered 0.0ms after submission)
1790341960956 [prefix-cache] insert (seed): 2048 tokens, 217.7MB (resident 4452.2MB / 15883MB, model q38, ns "burst-20")
1790341960957 [prefix-cache] capture submitted off the tick (seed): 2048 tokens, 32 planes (217.7MB) on the contracts door's copy stream; recurrent state cloned at the boundary on the owner stream
1790341960957 [prefix-cache] contracts door D2D capture receipt: ticket issuer=2 seq=22 epochs=0/1/1 items=32 bytes=60817408 source_digests_sha256=cd3e2cebdf08b96e9ba8ef429918be25f44cb4ce2914f4f0cf9beec5f15e3c46 destination_digests_sha256=cd3e2cebdf08b96e9ba8ef429918be25f44cb4ce2914f4f0cf9beec5f15e3c46 require=ok
1790341960957 [prefix-cache] capture published off the tick (seed): 2048 tokens complete after 1 poll(s), 0.3ms from submission to completion, 0.3ms to publication (settled synchronously by a second capture; the settle held the owner thread 0.25ms, entered 0.0ms after submission)
1790341960957 [prefix-cache] insert (seed): 2048 tokens, 217.7MB (resident 4669.9MB / 15883MB, model q38, ns "burst-22")
1790341960958 [prefix-cache] capture submitted off the tick (seed): 2048 tokens, 32 planes (217.7MB) on the contracts door's copy stream; recurrent state cloned at the boundary on the owner stream
1790341960958 [prefix-cache] contracts door D2D capture receipt: ticket issuer=2 seq=23 epochs=0/1/1 items=32 bytes=60817408 source_digests_sha256=274c6717cb5f6b3368929d6b3f6ad5b63b2733c733351a7f568d893b4a11da72 destination_digests_sha256=274c6717cb5f6b3368929d6b3f6ad5b63b2733c733351a7f568d893b4a11da72 require=ok
1790341960958 [prefix-cache] capture published off the tick (seed): 2048 tokens complete after 1 poll(s), 0.2ms from submission to completion, 0.2ms to publication (settled synchronously by a second capture; the settle held the owner thread 0.24ms, entered 0.0ms after submission)
1790341960958 [prefix-cache] insert (seed): 2048 tokens, 217.7MB (resident 4887.6MB / 15883MB, model q38, ns "burst-24")
1790341960959 [prefix-cache] capture submitted off the tick (seed): 2048 tokens, 32 planes (217.7MB) on the contracts door's copy stream; recurrent state cloned at the boundary on the owner stream
1790341960959 [prefix-cache] contracts door D2D capture receipt: ticket issuer=2 seq=24 epochs=0/1/1 items=32 bytes=60817408 source_digests_sha256=a20a6f022af54493d303e81841c9d0168ecb0f8c3744925fdb86ca9671221a8d destination_digests_sha256=a20a6f022af54493d303e81841c9d0168ecb0f8c3744925fdb86ca9671221a8d require=ok
1790341960959 [prefix-cache] capture published off the tick (seed): 2048 tokens complete after 1 poll(s), 0.3ms from submission to completion, 0.3ms to publication (settled synchronously by a second capture; the settle held the owner thread 0.25ms, entered 0.0ms after submission)
1790341960959 [prefix-cache] insert (seed): 2048 tokens, 217.7MB (resident 5105.3MB / 15883MB, model q38, ns "burst-16")
1790341960959 [prefix-cache] capture submitted off the tick (seed): 2048 tokens, 32 planes (217.7MB) on the contracts door's copy stream; recurrent state cloned at the boundary on the owner stream
1790341962462 [prime-batch] B=6 tokens=6144 carried=6 partial=0 in 1502.7ms
1790341962462 [prefix-cache] contracts door D2D capture receipt: ticket issuer=2 seq=25 epochs=0/1/1 items=32 bytes=60817408 source_digests_sha256=9f194769846460a814612dd7f945244840607f8dd3a02b259d0079b65e1518e1 destination_digests_sha256=9f194769846460a814612dd7f945244840607f8dd3a02b259d0079b65e1518e1 require=ok
1790341962462 [prefix-cache] capture published off the tick (seed): 2048 tokens complete after 1 poll(s), 1502.9ms from submission to completion, 1503.0ms to publication (settled synchronously by a second capture; the settle held the owner thread 0.14ms, entered 1502.8ms after submission)
1790341962462 [prefix-cache] insert (seed): 2048 tokens, 217.7MB (resident 5323.1MB / 15883MB, model q38, ns "burst-15")
1790341962463 [prefix-cache] capture submitted off the tick (seed): 2048 tokens, 32 planes (217.7MB) on the contracts door's copy stream; recurrent state cloned at the boundary on the owner stream
1790341962463 [prefix-cache] contracts door D2D capture receipt: ticket issuer=2 seq=26 epochs=0/1/1 items=32 bytes=60817408 source_digests_sha256=52a61d3d801c48d5adfbd11260b2583dc3d26593cc92aec09b503c2b5fa1636b destination_digests_sha256=52a61d3d801c48d5adfbd11260b2583dc3d26593cc92aec09b503c2b5fa1636b require=ok
1790341962464 [prefix-cache] capture published off the tick (seed): 2048 tokens complete after 1 poll(s), 0.3ms from submission to completion, 0.3ms to publication (settled synchronously by a second capture; the settle held the owner thread 0.25ms, entered 0.0ms after submission)
1790341962464 [prefix-cache] insert (seed): 2048 tokens, 217.7MB (resident 5540.8MB / 15883MB, model q38, ns "burst-28")
1790341962464 [prefix-cache] capture submitted off the tick (seed): 2048 tokens, 32 planes (217.7MB) on the contracts door's copy stream; recurrent state cloned at the boundary on the owner stream
1790341962464 [prefix-cache] contracts door D2D capture receipt: ticket issuer=2 seq=27 epochs=0/1/1 items=32 bytes=60817408 source_digests_sha256=598977b60f127c753ecd230ee31ce601443bf5638601aa2176a63c03eb1d9df5 destination_digests_sha256=598977b60f127c753ecd230ee31ce601443bf5638601aa2176a63c03eb1d9df5 require=ok
1790341962464 [prefix-cache] capture published off the tick (seed): 2048 tokens complete after 1 poll(s), 0.2ms from submission to completion, 0.2ms to publication (settled synchronously by a second capture; the settle held the owner thread 0.24ms, entered 0.0ms after submission)
1790341962464 [prefix-cache] insert (seed): 2048 tokens, 217.7MB (resident 5758.5MB / 15883MB, model q38, ns "burst-36")
1790341962465 [prefix-cache] capture submitted off the tick (seed): 2048 tokens, 32 planes (217.7MB) on the contracts door's copy stream; recurrent state cloned at the boundary on the owner stream
1790341962465 [prefix-cache] contracts door D2D capture receipt: ticket issuer=2 seq=28 epochs=0/1/1 items=32 bytes=60817408 source_digests_sha256=78e8b673a072628fe400bea737686dae9025ce13cda804ae568d0aa70622ac8a destination_digests_sha256=78e8b673a072628fe400bea737686dae9025ce13cda804ae568d0aa70622ac8a require=ok
1790341962465 [prefix-cache] capture published off the tick (seed): 2048 tokens complete after 1 poll(s), 0.3ms from submission to completion, 0.3ms to publication (settled synchronously by a second capture; the settle held the owner thread 0.25ms, entered 0.0ms after submission)
1790341962465 [prefix-cache] insert (seed): 2048 tokens, 217.7MB (resident 5976.2MB / 15883MB, model q38, ns "burst-25")
1790341962466 [prefix-cache] capture submitted off the tick (seed): 2048 tokens, 32 planes (217.7MB) on the contracts door's copy stream; recurrent state cloned at the boundary on the owner stream
1790341962466 [prefix-cache] contracts door D2D capture receipt: ticket issuer=2 seq=29 epochs=0/1/1 items=32 bytes=60817408 source_digests_sha256=c5e75a1d91be83d0d72d01436d2a4d20d8958aa369e8b9688faf2dfbb9877a45 destination_digests_sha256=c5e75a1d91be83d0d72d01436d2a4d20d8958aa369e8b9688faf2dfbb9877a45 require=ok
1790341962466 [prefix-cache] capture published off the tick (seed): 2048 tokens complete after 1 poll(s), 0.3ms from submission to completion, 0.3ms to publication (settled synchronously by a second capture; the settle held the owner thread 0.25ms, entered 0.0ms after submission)
1790341962466 [prefix-cache] insert (seed): 2048 tokens, 217.7MB (resident 6193.9MB / 15883MB, model q38, ns "burst-19")
1790341962467 [prefix-cache] capture submitted off the tick (seed): 2048 tokens, 32 planes (217.7MB) on the contracts door's copy stream; recurrent state cloned at the boundary on the owner stream
1790341962467 [prefix-cache] contracts door D2D capture receipt: ticket issuer=2 seq=30 epochs=0/1/1 items=32 bytes=60817408 source_digests_sha256=faecc1fafde953794233d84d34d28a2649c030a044008d27ed3069ad7f846f37 destination_digests_sha256=faecc1fafde953794233d84d34d28a2649c030a044008d27ed3069ad7f846f37 require=ok
1790341962467 [prefix-cache] capture published off the tick (seed): 2048 tokens complete after 1 poll(s), 0.3ms from submission to completion, 0.3ms to publication (settled synchronously by a second capture; the settle held the owner thread 0.25ms, entered 0.0ms after submission)
1790341962467 [prefix-cache] insert (seed): 2048 tokens, 217.7MB (resident 6411.6MB / 15883MB, model q38, ns "burst-18")
1790341962468 [prefix-cache] capture submitted off the tick (seed): 2048 tokens, 32 planes (217.7MB) on the contracts door's copy stream; recurrent state cloned at the boundary on the owner stream
1790341963972 [prime-batch] B=6 tokens=6144 carried=6 partial=0 in 1503.8ms
1790341963972 [prefix-cache] contracts door D2D capture receipt: ticket issuer=2 seq=31 epochs=0/1/1 items=32 bytes=60817408 source_digests_sha256=aff580e10478d7b9b4fddc9279fbcd2bb8323717e0a2546e5651ea795f8e142c destination_digests_sha256=aff580e10478d7b9b4fddc9279fbcd2bb8323717e0a2546e5651ea795f8e142c require=ok
1790341963972 [prefix-cache] capture published off the tick (seed): 2048 tokens complete after 1 poll(s), 1504.0ms from submission to completion, 1504.0ms to publication (settled synchronously by a second capture; the settle held the owner thread 0.14ms, entered 1503.8ms after submission)
1790341963972 [prefix-cache] insert (seed): 2048 tokens, 217.7MB (resident 6629.3MB / 15883MB, model q38, ns "burst-45")
1790341963973 [prefix-cache] capture submitted off the tick (seed): 2048 tokens, 32 planes (217.7MB) on the contracts door's copy stream; recurrent state cloned at the boundary on the owner stream
1790341963973 [prefix-cache] contracts door D2D capture receipt: ticket issuer=2 seq=32 epochs=0/1/1 items=32 bytes=60817408 source_digests_sha256=c9ed5c9e7c0b96955b6ccdd2305b9a54f05b4b6dea69a12f8e3b95601434fba1 destination_digests_sha256=c9ed5c9e7c0b96955b6ccdd2305b9a54f05b4b6dea69a12f8e3b95601434fba1 require=ok
1790341963973 [prefix-cache] capture published off the tick (seed): 2048 tokens complete after 1 poll(s), 0.3ms from submission to completion, 0.3ms to publication (settled synchronously by a second capture; the settle held the owner thread 0.27ms, entered 0.0ms after submission)
1790341963973 [prefix-cache] insert (seed): 2048 tokens, 217.7MB (resident 6847.0MB / 15883MB, model q38, ns "burst-26")
1790341963974 [prefix-cache] capture submitted off the tick (seed): 2048 tokens, 32 planes (217.7MB) on the contracts door's copy stream; recurrent state cloned at the boundary on the owner stream
1790341963974 [prefix-cache] contracts door D2D capture receipt: ticket issuer=2 seq=33 epochs=0/1/1 items=32 bytes=60817408 source_digests_sha256=f54b2bc83181ea0fafe34da467985bc4e8b73528468063096534e897c81beaa1 destination_digests_sha256=f54b2bc83181ea0fafe34da467985bc4e8b73528468063096534e897c81beaa1 require=ok
1790341963974 [prefix-cache] capture published off the tick (seed): 2048 tokens complete after 1 poll(s), 0.3ms from submission to completion, 0.3ms to publication (settled synchronously by a second capture; the settle held the owner thread 0.25ms, entered 0.0ms after submission)
1790341963974 [prefix-cache] insert (seed): 2048 tokens, 217.7MB (resident 7064.7MB / 15883MB, model q38, ns "burst-30")
1790341963975 [prefix-cache] capture submitted off the tick (seed): 2048 tokens, 32 planes (217.7MB) on the contracts door's copy stream; recurrent state cloned at the boundary on the owner stream
1790341963975 [prefix-cache] contracts door D2D capture receipt: ticket issuer=2 seq=34 epochs=0/1/1 items=32 bytes=60817408 source_digests_sha256=07d3c890b1a6bc57753919ad7566ec0a307e696b01fc87ba457fbf88295e0ca4 destination_digests_sha256=07d3c890b1a6bc57753919ad7566ec0a307e696b01fc87ba457fbf88295e0ca4 require=ok
1790341963975 [prefix-cache] capture published off the tick (seed): 2048 tokens complete after 1 poll(s), 0.3ms from submission to completion, 0.3ms to publication (settled synchronously by a second capture; the settle held the owner thread 0.25ms, entered 0.0ms after submission)
1790341963975 [prefix-cache] insert (seed): 2048 tokens, 217.7MB (resident 7282.4MB / 15883MB, model q38, ns "burst-44")
1790341963975 [prefix-cache] capture submitted off the tick (seed): 2048 tokens, 32 planes (217.7MB) on the contracts door's copy stream; recurrent state cloned at the boundary on the owner stream
1790341963976 [prefix-cache] contracts door D2D capture receipt: ticket issuer=2 seq=35 epochs=0/1/1 items=32 bytes=60817408 source_digests_sha256=59c33f9e7ce1b6fea3b6df332eaa77cddea610b77b954f3ba932bfdb422d4cc0 destination_digests_sha256=59c33f9e7ce1b6fea3b6df332eaa77cddea610b77b954f3ba932bfdb422d4cc0 require=ok
1790341963976 [prefix-cache] capture published off the tick (seed): 2048 tokens complete after 1 poll(s), 0.3ms from submission to completion, 0.3ms to publication (settled synchronously by a second capture; the settle held the owner thread 0.25ms, entered 0.0ms after submission)
1790341963976 [prefix-cache] insert (seed): 2048 tokens, 217.7MB (resident 7500.2MB / 15883MB, model q38, ns "burst-21")
1790341963976 [prefix-cache] capture submitted off the tick (seed): 2048 tokens, 32 planes (217.7MB) on the contracts door's copy stream; recurrent state cloned at the boundary on the owner stream
1790341963977 [prefix-cache] contracts door D2D capture receipt: ticket issuer=2 seq=36 epochs=0/1/1 items=32 bytes=60817408 source_digests_sha256=850d2c269c795af7adcb0eba3ae796f924cc0486a0d89691fad5718b2680dec0 destination_digests_sha256=850d2c269c795af7adcb0eba3ae796f924cc0486a0d89691fad5718b2680dec0 require=ok
1790341963977 [prefix-cache] capture published off the tick (seed): 2048 tokens complete after 1 poll(s), 0.2ms from submission to completion, 0.3ms to publication (settled synchronously by a second capture; the settle held the owner thread 0.24ms, entered 0.0ms after submission)
1790341963977 [prefix-cache] insert (seed): 2048 tokens, 217.7MB (resident 7717.9MB / 15883MB, model q38, ns "burst-27")
1790341963977 [prefix-cache] capture submitted off the tick (seed): 2048 tokens, 32 planes (217.7MB) on the contracts door's copy stream; recurrent state cloned at the boundary on the owner stream
1790341965482 [prime-batch] B=6 tokens=6144 carried=6 partial=0 in 1505.0ms
1790341965482 [prefix-cache] contracts door D2D capture receipt: ticket issuer=2 seq=37 epochs=0/1/1 items=32 bytes=60817408 source_digests_sha256=d822855802129f7f50bcd2fbff73b7c94a0e1944ae9a6b833edfd9e558a89cd0 destination_digests_sha256=d822855802129f7f50bcd2fbff73b7c94a0e1944ae9a6b833edfd9e558a89cd0 require=ok
1790341965483 [prefix-cache] capture published off the tick (seed): 2048 tokens complete after 1 poll(s), 1505.2ms from submission to completion, 1505.2ms to publication (settled synchronously by a second capture; the settle held the owner thread 0.15ms, entered 1505.0ms after submission)
1790341965483 [prefix-cache] insert (seed): 2048 tokens, 217.7MB (resident 7935.6MB / 15883MB, model q38, ns "burst-23")
1790341965483 [prefix-cache] capture submitted off the tick (seed): 2048 tokens, 32 planes (217.7MB) on the contracts door's copy stream; recurrent state cloned at the boundary on the owner stream
1790341965484 [prefix-cache] contracts door D2D capture receipt: ticket issuer=2 seq=38 epochs=0/1/1 items=32 bytes=60817408 source_digests_sha256=a6ae9121ee3f961a8186f99d747f6d81d7bdc0f9442d7714525f3272c4ce6c9b destination_digests_sha256=a6ae9121ee3f961a8186f99d747f6d81d7bdc0f9442d7714525f3272c4ce6c9b require=ok
1790341965484 [prefix-cache] capture published off the tick (seed): 2048 tokens complete after 1 poll(s), 0.3ms from submission to completion, 0.3ms to publication (settled synchronously by a second capture; the settle held the owner thread 0.25ms, entered 0.0ms after submission)
1790341965484 [prefix-cache] insert (seed): 2048 tokens, 217.7MB (resident 8153.3MB / 15883MB, model q38, ns "burst-63")
1790341965484 [prefix-cache] capture submitted off the tick (seed): 2048 tokens, 32 planes (217.7MB) on the contracts door's copy stream; recurrent state cloned at the boundary on the owner stream
1790341965484 [prefix-cache] contracts door D2D capture receipt: ticket issuer=2 seq=39 epochs=0/1/1 items=32 bytes=60817408 source_digests_sha256=a51eb7fab7a9fa1b0956326fc8b3fb4570592f1b34f7bedf1e018212402b3e1f destination_digests_sha256=a51eb7fab7a9fa1b0956326fc8b3fb4570592f1b34f7bedf1e018212402b3e1f require=ok
1790341965485 [prefix-cache] capture published off the tick (seed): 2048 tokens complete after 1 poll(s), 0.3ms from submission to completion, 0.3ms to publication (settled synchronously by a second capture; the settle held the owner thread 0.25ms, entered 0.0ms after submission)
1790341965485 [prefix-cache] insert (seed): 2048 tokens, 217.7MB (resident 8371.0MB / 15883MB, model q38, ns "burst-38")
1790341965485 [prefix-cache] capture submitted off the tick (seed): 2048 tokens, 32 planes (217.7MB) on the contracts door's copy stream; recurrent state cloned at the boundary on the owner stream
1790341965485 [prefix-cache] contracts door D2D capture receipt: ticket issuer=2 seq=40 epochs=0/1/1 items=32 bytes=60817408 source_digests_sha256=cef3694a184cc92220bd1f1b13440d0bc8b23b5f2948d92ec57efd147f4e64e4 destination_digests_sha256=cef3694a184cc92220bd1f1b13440d0bc8b23b5f2948d92ec57efd147f4e64e4 require=ok
1790341965486 [prefix-cache] capture published off the tick (seed): 2048 tokens complete after 1 poll(s), 0.3ms from submission to completion, 0.3ms to publication (settled synchronously by a second capture; the settle held the owner thread 0.25ms, entered 0.0ms after submission)
1790341965486 [prefix-cache] insert (seed): 2048 tokens, 217.7MB (resident 8588.7MB / 15883MB, model q38, ns "burst-46")
1790341965486 [prefix-cache] capture submitted off the tick (seed): 2048 tokens, 32 planes (217.7MB) on the contracts door's copy stream; recurrent state cloned at the boundary on the owner stream
1790341965486 [prefix-cache] contracts door D2D capture receipt: ticket issuer=2 seq=41 epochs=0/1/1 items=32 bytes=60817408 source_digests_sha256=65025ba3d05e4ba492267c7460e7179b8b9cbbb3c7dc11f6ea3fdfaa5e584fe9 destination_digests_sha256=65025ba3d05e4ba492267c7460e7179b8b9cbbb3c7dc11f6ea3fdfaa5e584fe9 require=ok
1790341965486 [prefix-cache] capture published off the tick (seed): 2048 tokens complete after 1 poll(s), 0.3ms from submission to completion, 0.3ms to publication (settled synchronously by a second capture; the settle held the owner thread 0.25ms, entered 0.0ms after submission)
1790341965486 [prefix-cache] insert (seed): 2048 tokens, 217.7MB (resident 8806.4MB / 15883MB, model q38, ns "burst-47")
1790341965487 [prefix-cache] capture submitted off the tick (seed): 2048 tokens, 32 planes (217.7MB) on the contracts door's copy stream; recurrent state cloned at the boundary on the owner stream
1790341965487 [prefix-cache] contracts door D2D capture receipt: ticket issuer=2 seq=42 epochs=0/1/1 items=32 bytes=60817408 source_digests_sha256=bbfcd0e8c373bc022d304b37a7a50918f157c0470c0583b0ea74cb856a1ba6e7 destination_digests_sha256=bbfcd0e8c373bc022d304b37a7a50918f157c0470c0583b0ea74cb856a1ba6e7 require=ok
1790341965487 [prefix-cache] capture published off the tick (seed): 2048 tokens complete after 1 poll(s), 0.3ms from submission to completion, 0.3ms to publication (settled synchronously by a second capture; the settle held the owner thread 0.26ms, entered 0.0ms after submission)
1790341965487 [prefix-cache] insert (seed): 2048 tokens, 217.7MB (resident 9024.1MB / 15883MB, model q38, ns "burst-35")
1790341965488 [prefix-cache] capture submitted off the tick (seed): 2048 tokens, 32 planes (217.7MB) on the contracts door's copy stream; recurrent state cloned at the boundary on the owner stream
1790341966994 [prime-batch] B=6 tokens=6144 carried=6 partial=0 in 1506.2ms
1790341966994 [prefix-cache] contracts door D2D capture receipt: ticket issuer=2 seq=43 epochs=0/1/1 items=32 bytes=60817408 source_digests_sha256=9825efc331a17f8cee046362965d4d7d86e707f7aee68d4289be917293085bb5 destination_digests_sha256=9825efc331a17f8cee046362965d4d7d86e707f7aee68d4289be917293085bb5 require=ok
1790341966995 [prefix-cache] capture published off the tick (seed): 2048 tokens complete after 1 poll(s), 1506.4ms from submission to completion, 1506.5ms to publication (settled synchronously by a second capture; the settle held the owner thread 0.20ms, entered 1506.2ms after submission)
1790341966995 [prefix-cache] insert (seed): 2048 tokens, 217.7MB (resident 9241.8MB / 15883MB, model q38, ns "burst-43")
1790341966995 [prefix-cache] capture submitted off the tick (seed): 2048 tokens, 32 planes (217.7MB) on the contracts door's copy stream; recurrent state cloned at the boundary on the owner stream
1790341966996 [prefix-cache] contracts door D2D capture receipt: ticket issuer=2 seq=44 epochs=0/1/1 items=32 bytes=60817408 source_digests_sha256=011462c11e9b52834f66f94f62d969ffbefe0239508a03b2dc52f0f6a1b13094 destination_digests_sha256=011462c11e9b52834f66f94f62d969ffbefe0239508a03b2dc52f0f6a1b13094 require=ok
1790341966996 [prefix-cache] capture published off the tick (seed): 2048 tokens complete after 1 poll(s), 0.3ms from submission to completion, 0.3ms to publication (settled synchronously by a second capture; the settle held the owner thread 0.25ms, entered 0.0ms after submission)
1790341966996 [prefix-cache] insert (seed): 2048 tokens, 217.7MB (resident 9459.6MB / 15883MB, model q38, ns "burst-42")
1790341966996 [prefix-cache] capture submitted off the tick (seed): 2048 tokens, 32 planes (217.7MB) on the contracts door's copy stream; recurrent state cloned at the boundary on the owner stream
1790341966997 [prefix-cache] contracts door D2D capture receipt: ticket issuer=2 seq=45 epochs=0/1/1 items=32 bytes=60817408 source_digests_sha256=fd4a1bbbdaabd9cb460fc6d516826dd70430faa2e4a0c3b0c1d2ba4306906e4b destination_digests_sha256=fd4a1bbbdaabd9cb460fc6d516826dd70430faa2e4a0c3b0c1d2ba4306906e4b require=ok
1790341966997 [prefix-cache] capture published off the tick (seed): 2048 tokens complete after 1 poll(s), 0.3ms from submission to completion, 0.3ms to publication (settled synchronously by a second capture; the settle held the owner thread 0.25ms, entered 0.0ms after submission)
1790341966997 [prefix-cache] insert (seed): 2048 tokens, 217.7MB (resident 9677.3MB / 15883MB, model q38, ns "burst-60")
1790341966997 [prefix-cache] capture submitted off the tick (seed): 2048 tokens, 32 planes (217.7MB) on the contracts door's copy stream; recurrent state cloned at the boundary on the owner stream
1790341966997 [prefix-cache] contracts door D2D capture receipt: ticket issuer=2 seq=46 epochs=0/1/1 items=32 bytes=60817408 source_digests_sha256=62a3e056ba2bc444c675f716984407bae74ef9605a918354483c74b155e83aa5 destination_digests_sha256=62a3e056ba2bc444c675f716984407bae74ef9605a918354483c74b155e83aa5 require=ok
1790341966998 [prefix-cache] capture published off the tick (seed): 2048 tokens complete after 1 poll(s), 0.2ms from submission to completion, 0.2ms to publication (settled synchronously by a second capture; the settle held the owner thread 0.24ms, entered 0.0ms after submission)
1790341966998 [prefix-cache] insert (seed): 2048 tokens, 217.7MB (resident 9895.0MB / 15883MB, model q38, ns "burst-31")
1790341966998 [prefix-cache] capture submitted off the tick (seed): 2048 tokens, 32 planes (217.7MB) on the contracts door's copy stream; recurrent state cloned at the boundary on the owner stream
1790341966998 [prefix-cache] contracts door D2D capture receipt: ticket issuer=2 seq=47 epochs=0/1/1 items=32 bytes=60817408 source_digests_sha256=fbb8b259477a828c5f81f37daa5ba1344c1ca5582970faab798228ef6dc9364f destination_digests_sha256=fbb8b259477a828c5f81f37daa5ba1344c1ca5582970faab798228ef6dc9364f require=ok
1790341966998 [prefix-cache] capture published off the tick (seed): 2048 tokens complete after 1 poll(s), 0.3ms from submission to completion, 0.3ms to publication (settled synchronously by a second capture; the settle held the owner thread 0.25ms, entered 0.0ms after submission)
1790341966999 [prefix-cache] insert (seed): 2048 tokens, 217.7MB (resident 10112.7MB / 15883MB, model q38, ns "burst-62")
1790341966999 [prefix-cache] capture submitted off the tick (seed): 2048 tokens, 32 planes (217.7MB) on the contracts door's copy stream; recurrent state cloned at the boundary on the owner stream
1790341966999 [prefix-cache] contracts door D2D capture receipt: ticket issuer=2 seq=48 epochs=0/1/1 items=32 bytes=60817408 source_digests_sha256=93eebfaad33e109b72467dacf72821529ae1e1a7e6dc7bf602c74e1f790c2816 destination_digests_sha256=93eebfaad33e109b72467dacf72821529ae1e1a7e6dc7bf602c74e1f790c2816 require=ok
1790341966999 [prefix-cache] capture published off the tick (seed): 2048 tokens complete after 1 poll(s), 0.3ms from submission to completion, 0.3ms to publication (settled synchronously by a second capture; the settle held the owner thread 0.26ms, entered 0.0ms after submission)
1790341966999 [prefix-cache] insert (seed): 2048 tokens, 217.7MB (resident 10330.4MB / 15883MB, model q38, ns "burst-29")
1790341967000 [prefix-cache] capture submitted off the tick (seed): 2048 tokens, 32 planes (217.7MB) on the contracts door's copy stream; recurrent state cloned at the boundary on the owner stream
1790341968507 [prime-batch] B=6 tokens=6144 carried=6 partial=0 in 1507.0ms
1790341968507 [prefix-cache] contracts door D2D capture receipt: ticket issuer=2 seq=49 epochs=0/1/1 items=32 bytes=60817408 source_digests_sha256=8846f866204127539fe16ce7421d4bd33cc836c5b5a5bd152fb7b7531e9a8a84 destination_digests_sha256=8846f866204127539fe16ce7421d4bd33cc836c5b5a5bd152fb7b7531e9a8a84 require=ok
1790341968507 [prefix-cache] capture published off the tick (seed): 2048 tokens complete after 1 poll(s), 1507.2ms from submission to completion, 1507.2ms to publication (settled synchronously by a second capture; the settle held the owner thread 0.14ms, entered 1507.1ms after submission)
1790341968507 [prefix-cache] insert (seed): 2048 tokens, 217.7MB (resident 10548.1MB / 15883MB, model q38, ns "burst-61")
1790341968508 [prefix-cache] capture submitted off the tick (seed): 2048 tokens, 32 planes (217.7MB) on the contracts door's copy stream; recurrent state cloned at the boundary on the owner stream
1790341968508 [prefix-cache] contracts door D2D capture receipt: ticket issuer=2 seq=50 epochs=0/1/1 items=32 bytes=60817408 source_digests_sha256=b76923b855d38f7262b213d1606f2d1cc25e90850ef5ae0c722581868c989788 destination_digests_sha256=b76923b855d38f7262b213d1606f2d1cc25e90850ef5ae0c722581868c989788 require=ok
1790341968508 [prefix-cache] capture published off the tick (seed): 2048 tokens complete after 1 poll(s), 0.3ms from submission to completion, 0.3ms to publication (settled synchronously by a second capture; the settle held the owner thread 0.26ms, entered 0.0ms after submission)
1790341968508 [prefix-cache] insert (seed): 2048 tokens, 217.7MB (resident 10765.8MB / 15883MB, model q38, ns "burst-41")
1790341968509 [prefix-cache] capture submitted off the tick (seed): 2048 tokens, 32 planes (217.7MB) on the contracts door's copy stream; recurrent state cloned at the boundary on the owner stream
1790341968509 [prefix-cache] contracts door D2D capture receipt: ticket issuer=2 seq=51 epochs=0/1/1 items=32 bytes=60817408 source_digests_sha256=971f0e7597c9bb1d46311a03612350ef137418a6dca8234f744d90eb135e363f destination_digests_sha256=971f0e7597c9bb1d46311a03612350ef137418a6dca8234f744d90eb135e363f require=ok
1790341968509 [prefix-cache] capture published off the tick (seed): 2048 tokens complete after 1 poll(s), 0.3ms from submission to completion, 0.3ms to publication (settled synchronously by a second capture; the settle held the owner thread 0.25ms, entered 0.0ms after submission)
1790341968509 [prefix-cache] insert (seed): 2048 tokens, 217.7MB (resident 10983.5MB / 15883MB, model q38, ns "burst-59")
1790341968510 [prefix-cache] capture submitted off the tick (seed): 2048 tokens, 32 planes (217.7MB) on the contracts door's copy stream; recurrent state cloned at the boundary on the owner stream
1790341968510 [prefix-cache] contracts door D2D capture receipt: ticket issuer=2 seq=52 epochs=0/1/1 items=32 bytes=60817408 source_digests_sha256=2392aa005cff6528b7df9958f5eb68f1d813608ae7b03f2d1aabfe6945624948 destination_digests_sha256=2392aa005cff6528b7df9958f5eb68f1d813608ae7b03f2d1aabfe6945624948 require=ok
1790341968510 [prefix-cache] capture published off the tick (seed): 2048 tokens complete after 1 poll(s), 0.3ms from submission to completion, 0.3ms to publication (settled synchronously by a second capture; the settle held the owner thread 0.25ms, entered 0.0ms after submission)
1790341968510 [prefix-cache] insert (seed): 2048 tokens, 217.7MB (resident 11201.2MB / 15883MB, model q38, ns "burst-37")
1790341968511 [prefix-cache] capture submitted off the tick (seed): 2048 tokens, 32 planes (217.7MB) on the contracts door's copy stream; recurrent state cloned at the boundary on the owner stream
1790341968511 [prefix-cache] contracts door D2D capture receipt: ticket issuer=2 seq=53 epochs=0/1/1 items=32 bytes=60817408 source_digests_sha256=d67448559ca49fc366d02add75e7600593aaa3557fe2c6e4cdea77ef13a7e18e destination_digests_sha256=d67448559ca49fc366d02add75e7600593aaa3557fe2c6e4cdea77ef13a7e18e require=ok
1790341968511 [prefix-cache] capture published off the tick (seed): 2048 tokens complete after 1 poll(s), 0.3ms from submission to completion, 0.3ms to publication (settled synchronously by a second capture; the settle held the owner thread 0.25ms, entered 0.0ms after submission)
1790341968511 [prefix-cache] insert (seed): 2048 tokens, 217.7MB (resident 11418.9MB / 15883MB, model q38, ns "burst-40")
1790341968512 [prefix-cache] capture submitted off the tick (seed): 2048 tokens, 32 planes (217.7MB) on the contracts door's copy stream; recurrent state cloned at the boundary on the owner stream
1790341968512 [prefix-cache] contracts door D2D capture receipt: ticket issuer=2 seq=54 epochs=0/1/1 items=32 bytes=60817408 source_digests_sha256=fc97ab6c856e1e1aaaf6c47befd1d303169d0af00bff6e6d0df8028670f6c1cb destination_digests_sha256=fc97ab6c856e1e1aaaf6c47befd1d303169d0af00bff6e6d0df8028670f6c1cb require=ok
1790341968512 [prefix-cache] capture published off the tick (seed): 2048 tokens complete after 1 poll(s), 0.3ms from submission to completion, 0.3ms to publication (settled synchronously by a second capture; the settle held the owner thread 0.26ms, entered 0.0ms after submission)
1790341968512 [prefix-cache] insert (seed): 2048 tokens, 217.7MB (resident 11636.7MB / 15883MB, model q38, ns "burst-51")
1790341968513 [prefix-cache] capture submitted off the tick (seed): 2048 tokens, 32 planes (217.7MB) on the contracts door's copy stream; recurrent state cloned at the boundary on the owner stream
1790341970018 [prime-batch] B=6 tokens=6144 carried=5 partial=1 in 1505.4ms
1790341970018 [prefix-cache] contracts door D2D capture receipt: ticket issuer=2 seq=55 epochs=0/1/1 items=32 bytes=60817408 source_digests_sha256=e12a86aa340f794929d2423ef0d50bc7c4c96a2cca3c54a9e77c81ab9fc82c81 destination_digests_sha256=e12a86aa340f794929d2423ef0d50bc7c4c96a2cca3c54a9e77c81ab9fc82c81 require=ok
1790341970018 [prefix-cache] capture published off the tick (seed): 2048 tokens complete after 1 poll(s), 1505.6ms from submission to completion, 1505.6ms to publication (settled synchronously by a second capture; the settle held the owner thread 0.14ms, entered 1505.5ms after submission)
1790341970018 [prefix-cache] insert (seed): 2048 tokens, 217.7MB (resident 11854.4MB / 15883MB, model q38, ns "burst-50")
1790341970019 [prefix-cache] capture submitted off the tick (seed): 2048 tokens, 32 planes (217.7MB) on the contracts door's copy stream; recurrent state cloned at the boundary on the owner stream
1790341970020 [prefix-cache] contracts door D2D capture receipt: ticket issuer=2 seq=56 epochs=0/1/1 items=32 bytes=60817408 source_digests_sha256=267674149cd61a81771e2f27fa12a503221d41dc5ad974500be13479eb668534 destination_digests_sha256=267674149cd61a81771e2f27fa12a503221d41dc5ad974500be13479eb668534 require=ok
1790341970020 [prefix-cache] capture published off the tick (seed): 2048 tokens complete after 1 poll(s), 0.3ms from submission to completion, 0.3ms to publication (settled synchronously by a second capture; the settle held the owner thread 0.27ms, entered 0.0ms after submission)
1790341970020 [prefix-cache] insert (seed): 2048 tokens, 217.7MB (resident 12072.1MB / 15883MB, model q38, ns "burst-55")
1790341970020 [prefix-cache] capture submitted off the tick (seed): 2048 tokens, 32 planes (217.7MB) on the contracts door's copy stream; recurrent state cloned at the boundary on the owner stream
1790341970020 [prefix-cache] contracts door D2D capture receipt: ticket issuer=2 seq=57 epochs=0/1/1 items=32 bytes=60817408 source_digests_sha256=0501f98ecd0180e92715db91890de603fba3dbe340c7f0d264e1a3b61db178a2 destination_digests_sha256=0501f98ecd0180e92715db91890de603fba3dbe340c7f0d264e1a3b61db178a2 require=ok
1790341970020 [prefix-cache] capture published off the tick (seed): 2048 tokens complete after 1 poll(s), 0.3ms from submission to completion, 0.3ms to publication (settled synchronously by a second capture; the settle held the owner thread 0.25ms, entered 0.0ms after submission)
1790341970021 [prefix-cache] insert (seed): 2048 tokens, 217.7MB (resident 12289.8MB / 15883MB, model q38, ns "burst-33")
1790341970021 [prefix-cache] capture submitted off the tick (seed): 2048 tokens, 32 planes (217.7MB) on the contracts door's copy stream; recurrent state cloned at the boundary on the owner stream
1790341970021 [prefix-cache] contracts door D2D capture receipt: ticket issuer=2 seq=58 epochs=0/1/1 items=32 bytes=60817408 source_digests_sha256=4419b352300e0a9b4772684507dc521474e652871c4b069cd9569234a9de8919 destination_digests_sha256=4419b352300e0a9b4772684507dc521474e652871c4b069cd9569234a9de8919 require=ok
1790341970021 [prefix-cache] capture published off the tick (seed): 2048 tokens complete after 1 poll(s), 0.3ms from submission to completion, 0.3ms to publication (settled synchronously by a second capture; the settle held the owner thread 0.25ms, entered 0.0ms after submission)
1790341970021 [prefix-cache] insert (seed): 2048 tokens, 217.7MB (resident 12507.5MB / 15883MB, model q38, ns "burst-48")
1790341970022 [prefix-cache] capture submitted off the tick (seed): 2048 tokens, 32 planes (217.7MB) on the contracts door's copy stream; recurrent state cloned at the boundary on the owner stream
1790341970022 [prefix-cache] contracts door D2D capture receipt: ticket issuer=2 seq=59 epochs=0/1/1 items=32 bytes=60817408 source_digests_sha256=06afeec9159b3156366ac6dc3e6d0b5eef80bbf2e24b76deac68e2091817d1f6 destination_digests_sha256=06afeec9159b3156366ac6dc3e6d0b5eef80bbf2e24b76deac68e2091817d1f6 require=ok
1790341970022 [prefix-cache] capture published off the tick (seed): 2048 tokens complete after 1 poll(s), 0.3ms from submission to completion, 0.3ms to publication (settled synchronously by a second capture; the settle held the owner thread 0.25ms, entered 0.0ms after submission)
1790341970022 [prefix-cache] insert (seed): 2048 tokens, 217.7MB (resident 12725.2MB / 15883MB, model q38, ns "burst-57")
1790341970023 [prefix-cache] capture submitted off the tick (seed): 2048 tokens, 32 planes (217.7MB) on the contracts door's copy stream; recurrent state cloned at the boundary on the owner stream
1790341970784 [prime-batch] B=3 tokens=3072 carried=0 partial=3 in 760.9ms
1790341970827 [fa-pool] grow #4 dev=0 o_len 3194880 -> 6389760 ml_len 12480 -> 24960 (retired kept, zero=false)
1790341970921 [prefix-cache] contracts door D2D capture receipt: ticket issuer=2 seq=60 epochs=0/1/1 items=32 bytes=60817408 source_digests_sha256=40c8b543f73870cc6015818f944bbda86a1b3a70b273d31ef5534cf50c4bfac2 destination_digests_sha256=40c8b543f73870cc6015818f944bbda86a1b3a70b273d31ef5534cf50c4bfac2 require=ok
1790341970921 [prefix-cache] capture published off the tick (seed): 2048 tokens complete after 1 poll(s), 897.7ms from submission to completion, 897.8ms to publication (tick-top poll; the settle held the owner thread 0.12ms, entered 897.6ms after submission)
1790341970921 [prefix-cache] insert (seed): 2048 tokens, 217.7MB (resident 12942.9MB / 15883MB, model q38, ns "burst-34")
1790341971915 [prime-batch] B=4 tokens=4096 carried=4 partial=0 in 994.3ms
1790341971916 [prefix-cache] capture submitted off the tick (seed): 2048 tokens, 32 planes (217.7MB) on the contracts door's copy stream; recurrent state cloned at the boundary on the owner stream
1790341971916 [prefix-cache] contracts door D2D capture receipt: ticket issuer=2 seq=61 epochs=0/1/1 items=32 bytes=60817408 source_digests_sha256=405a58dcb14dfe58524613a3f5e7f8ee31d4de2e24d94cf1bbb1e5ed896db0e0 destination_digests_sha256=405a58dcb14dfe58524613a3f5e7f8ee31d4de2e24d94cf1bbb1e5ed896db0e0 require=ok
1790341971916 [prefix-cache] capture published off the tick (seed): 2048 tokens complete after 1 poll(s), 0.3ms from submission to completion, 0.3ms to publication (settled synchronously by a second capture; the settle held the owner thread 0.26ms, entered 0.0ms after submission)
1790341971916 [prefix-cache] insert (seed): 2048 tokens, 217.7MB (resident 13160.6MB / 15883MB, model q38, ns "burst-56")
1790341971917 [prefix-cache] capture submitted off the tick (seed): 2048 tokens, 32 planes (217.7MB) on the contracts door's copy stream; recurrent state cloned at the boundary on the owner stream
1790341971917 [prefix-cache] contracts door D2D capture receipt: ticket issuer=2 seq=62 epochs=0/1/1 items=32 bytes=60817408 source_digests_sha256=9a0f824ccf2f1fdf802b71c584d80743ebb20f8d4aa0ace3b08eb17aaa6e4641 destination_digests_sha256=9a0f824ccf2f1fdf802b71c584d80743ebb20f8d4aa0ace3b08eb17aaa6e4641 require=ok
1790341971917 [prefix-cache] capture published off the tick (seed): 2048 tokens complete after 1 poll(s), 0.3ms from submission to completion, 0.3ms to publication (settled synchronously by a second capture; the settle held the owner thread 0.28ms, entered 0.0ms after submission)
1790341971917 [prefix-cache] insert (seed): 2048 tokens, 217.7MB (resident 13378.3MB / 15883MB, model q38, ns "burst-53")
1790341971918 [prefix-cache] capture submitted off the tick (seed): 2048 tokens, 32 planes (217.7MB) on the contracts door's copy stream; recurrent state cloned at the boundary on the owner stream
1790341971918 [prefix-cache] contracts door D2D capture receipt: ticket issuer=2 seq=63 epochs=0/1/1 items=32 bytes=60817408 source_digests_sha256=d9e2672885266c852804da0791717e0f173521308eecffe03638293b1af6c143 destination_digests_sha256=d9e2672885266c852804da0791717e0f173521308eecffe03638293b1af6c143 require=ok
1790341971918 [prefix-cache] capture published off the tick (seed): 2048 tokens complete after 1 poll(s), 0.3ms from submission to completion, 0.3ms to publication (settled synchronously by a second capture; the settle held the owner thread 0.26ms, entered 0.0ms after submission)
1790341971918 [prefix-cache] insert (seed): 2048 tokens, 217.7MB (resident 13596.1MB / 15883MB, model q38, ns "burst-39")
1790341971919 [prefix-cache] capture submitted off the tick (seed): 2048 tokens, 32 planes (217.7MB) on the contracts door's copy stream; recurrent state cloned at the boundary on the owner stream
1790341972058 [prefix-cache] contracts door D2D capture receipt: ticket issuer=2 seq=64 epochs=0/1/1 items=32 bytes=60817408 source_digests_sha256=81705c62adf19edbd99a99cb52dc76664223758e3025f6efef9747bd190a7889 destination_digests_sha256=81705c62adf19edbd99a99cb52dc76664223758e3025f6efef9747bd190a7889 require=ok
1790341972058 [prefix-cache] capture published off the tick (seed): 2048 tokens complete after 1 poll(s), 139.1ms from submission to completion, 139.1ms to publication (tick-top poll; the settle held the owner thread 0.11ms, entered 139.0ms after submission)
1790341972058 [prefix-cache] insert (seed): 2048 tokens, 217.7MB (resident 13813.8MB / 15883MB, model q38, ns "burst-32")
1790342011786 [admit-mem] id=cmpl-0a1be0e448bdce5972831001a833694a model="q38" verdict=admit prompt=2048 output_bound=- charged_ctx=10304 est_bytes=3917676356 est_context=305987584 est_fixed=3611688772 device_free=28822617016 pending_prime=0 pending_prime_v1=0 pending_seed=0 pending_seed_uncapped=0 host_free=34359738368 demotable=13813764096 short_by=0 inflight=63 cap=64 waited_ms=0 retry_after_s=- reason=-
1790342011787 [spec-k] model="q38" tenant="burst-54" K=0 source=concurrency prompt=2048 cached=0 lcp=0 active=64 wave=67 placement=single-or-non-pp2
1790342012567 [prefix-cache] capture submitted off the tick (seed): 2048 tokens, 32 planes (217.7MB) on the contracts door's copy stream; recurrent state cloned at the boundary on the owner stream
1790342012707 [prefix-cache] contracts door D2D capture receipt: ticket issuer=2 seq=65 epochs=0/1/1 items=32 bytes=60817408 source_digests_sha256=7abfd589d5b41d1cdf85c4fd0430d898e44e3e39aba76f13f01083280697dfe6 destination_digests_sha256=7abfd589d5b41d1cdf85c4fd0430d898e44e3e39aba76f13f01083280697dfe6 require=ok
1790342012707 [prefix-cache] capture published off the tick (seed): 2048 tokens complete after 1 poll(s), 139.6ms from submission to completion, 139.6ms to publication (tick-top poll; the settle held the owner thread 0.14ms, entered 139.5ms after submission)
1790342012707 [prefix-cache] insert (seed): 2048 tokens, 217.7MB (resident 14031.5MB / 15883MB, model q38, ns "burst-54")
1790342236544 [admit-mem] id=cmpl-b82fd507658e23bf76e6f0445a6cd97e model="q38" verdict=admit prompt=2048 output_bound=- charged_ctx=10304 est_bytes=3917676356 est_context=305987584 est_fixed=3611688772 device_free=27972679780 pending_prime=0 pending_prime_v1=0 pending_seed=0 pending_seed_uncapped=0 host_free=34359738368 demotable=14031474688 short_by=0 inflight=63 cap=64 waited_ms=0 retry_after_s=- reason=-
1790342236544 [spec-k] model="q38" tenant="burst-49" K=0 source=concurrency prompt=2048 cached=0 lcp=0 active=64 wave=66 placement=single-or-non-pp2
1790342237072 [admit-mem] id=cmpl-afbb5a243d4b3222cc56d00fdc8cdd21 model="q38" verdict=admit prompt=2048 output_bound=- charged_ctx=10304 est_bytes=3917676356 est_context=305987584 est_fixed=3611688772 device_free=27102764304 pending_prime=20971520 pending_prime_v1=490733568 pending_seed=217710592 pending_seed_uncapped=217710592 host_free=34359738368 demotable=14031474688 short_by=0 inflight=61 cap=64 waited_ms=0 retry_after_s=- reason=-
1790342237072 [spec-k] model="q38" tenant="burst-52" K=0 source=concurrency prompt=2048 cached=0 lcp=0 active=62 wave=63 placement=single-or-non-pp2
1790342237072 [admit-mem] id=cmpl-c4e123834f0afcac48aa2b4f6160067c model="q38" verdict=admit prompt=2048 output_bound=- charged_ctx=10304 est_bytes=3917676356 est_context=305987584 est_fixed=3611688772 device_free=26229047740 pending_prime=41943040 pending_prime_v1=1472200704 pending_seed=439222272 pending_seed_uncapped=439222272 host_free=34359738368 demotable=14031474688 short_by=0 inflight=62 cap=64 waited_ms=0 retry_after_s=- reason=-
1790342237073 [spec-k] model="q38" tenant="burst-58" K=0 source=concurrency prompt=2048 cached=0 lcp=0 active=63 wave=63 placement=single-or-non-pp2
1790342237954 [prime-batch] B=3 tokens=3072 carried=1 partial=2 in 746.1ms
1790342237954 [prefix-cache] capture submitted off the tick (seed): 2048 tokens, 32 planes (217.7MB) on the contracts door's copy stream; recurrent state cloned at the boundary on the owner stream
1790342238090 [prefix-cache] contracts door D2D capture receipt: ticket issuer=2 seq=66 epochs=0/1/1 items=32 bytes=60817408 source_digests_sha256=e9c83b770eb7248d365e7ca0124358d82e631674f5fc46c02b00b7ac2ac6ce9d destination_digests_sha256=e9c83b770eb7248d365e7ca0124358d82e631674f5fc46c02b00b7ac2ac6ce9d require=ok
1790342238091 [prefix-cache] capture published off the tick (seed): 2048 tokens complete after 1 poll(s), 136.2ms from submission to completion, 136.2ms to publication (tick-top poll; the settle held the owner thread 0.13ms, entered 136.0ms after submission)
1790342238091 [prefix-cache] insert (seed): 2048 tokens, 217.7MB (resident 14249.2MB / 15883MB, model q38, ns "burst-49")
1790342238586 [prime-batch] B=2 tokens=2048 carried=2 partial=0 in 495.7ms
1790342238587 [prefix-cache] capture submitted off the tick (seed): 2048 tokens, 32 planes (217.7MB) on the contracts door's copy stream; recurrent state cloned at the boundary on the owner stream
1790342238587 [prefix-cache] contracts door D2D capture receipt: ticket issuer=2 seq=67 epochs=0/1/1 items=32 bytes=60817408 source_digests_sha256=f01391eee8c903907e9f124bd59d4b30775d53a54b53ff9f8ed53f1a51cfadbc destination_digests_sha256=f01391eee8c903907e9f124bd59d4b30775d53a54b53ff9f8ed53f1a51cfadbc require=ok
1790342238587 [prefix-cache] capture published off the tick (seed): 2048 tokens complete after 1 poll(s), 0.3ms from submission to completion, 0.3ms to publication (settled synchronously by a second capture; the settle held the owner thread 0.26ms, entered 0.0ms after submission)
1790342238587 [prefix-cache] insert (seed): 2048 tokens, 217.7MB (resident 14466.9MB / 15883MB, model q38, ns "burst-52")
1790342238588 [prefix-cache] capture submitted off the tick (seed): 2048 tokens, 32 planes (217.7MB) on the contracts door's copy stream; recurrent state cloned at the boundary on the owner stream
1790342238728 [prefix-cache] contracts door D2D capture receipt: ticket issuer=2 seq=68 epochs=0/1/1 items=32 bytes=60817408 source_digests_sha256=b7d9eea13bf21a2dd65ca50269d32cd6b03104ee60f48b0b79df1dbd3b02e322 destination_digests_sha256=b7d9eea13bf21a2dd65ca50269d32cd6b03104ee60f48b0b79df1dbd3b02e322 require=ok
1790342238728 [prefix-cache] capture published off the tick (seed): 2048 tokens complete after 1 poll(s), 140.1ms from submission to completion, 140.1ms to publication (tick-top poll; the settle held the owner thread 0.12ms, entered 140.0ms after submission)
1790342238728 [prefix-cache] insert (seed): 2048 tokens, 217.7MB (resident 14684.6MB / 15883MB, model q38, ns "burst-58")
1790342268077 [fa-pool] grow #5 dev=0 o_len 6389760 -> 12779520 ml_len 24960 -> 49920 (retired kept, zero=false)
1790342868612 [fa-pool] grow #6 dev=0 o_len 12779520 -> 25559040 ml_len 49920 -> 99840 (retired kept, zero=false)
1790343182316 [meter] admit id=cmpl-958f78320551b20718fbb5d70e69c49d tenant=default lane=interactive model="q38"
1790343182316 [admission] per-session draft-state charge: model="q38" +46MB (measured capture high-water)
1790343182316 [admission] request cost: model="q38" ctx=8288 path=spec = 31552 B/token x ctx + 2047MB prefill-workspace + 327MB fixed = 2635MB
1790343182316 [admit-predict] id=cmpl-958f78320551b20718fbb5d70e69c49d tenant="warm" model="q38" verdict=admit reason=global-p95 prompt=8192 predicted_completion=32 kv_hat=2679904612 booked_bytes=0 booked_real=0 inflight=0 cap=64 budget_bytes=65863724752 retry_after_s=- exempt=0 enforce=0 live_free_bytes=-
1790343182316 [admit-mem] id=cmpl-958f78320551b20718fbb5d70e69c49d model="q38" verdict=admit prompt=8192 output_bound=32 charged_ctx=8288 est_bytes=4984984404 est_context=261502976 est_fixed=4723481428 device_free=59037803392 pending_prime=0 pending_prime_v1=0 pending_seed=0 pending_seed_uncapped=0 host_free=34359738368 demotable=14684606464 short_by=0 inflight=0 cap=64 waited_ms=0 retry_after_s=- reason=-
1790343182317 [spec-k] model="q38" tenant="warm" K=3 source=cold-long prompt=8192 cached=0 lcp=0 active=1 wave=1 placement=single-or-non-pp2
1790343183369 [prime-yield] count=1 remaining=3 chunks=1 wall_ms=1051.889 max_chunk_ms=1051.889
1790343184480 [prime-yield] count=2 remaining=2 chunks=1 wall_ms=1111.553 max_chunk_ms=1111.553
1790343184502 [prime-yield] count=3 remaining=1 chunks=1 wall_ms=21.352 max_chunk_ms=21.352
1790343184524 [prefix-cache] capture submitted off the tick (spec-boundary): 8192 tokens, 34 planes (415.4MB) on the contracts door's copy stream; recurrent state and boundary logits taken by the spec engine at the prime stop; draft plane 8192 rows (15204.4KB) in the batch
1790343184778 [spec-acc] ctx=8193 burst=19/42 cum=19/42=0.452
1790343184778 [prefix-cache] contracts door D2D capture receipt: ticket issuer=2 seq=69 epochs=0/1/1 items=34 bytes=258473984 source_digests_sha256=a7ad8886a3106660917387f077eb2dd21622835385d8c9cf6755d8c4a18800cb destination_digests_sha256=a7ad8886a3106660917387f077eb2dd21622835385d8c9cf6755d8c4a18800cb require=ok
1790343184779 [prefix-cache] capture published off the tick (spec-boundary): 8192 tokens complete after 1 poll(s), 254.6ms from submission to completion, 254.6ms to publication (settled synchronously by a session retire; the settle held the owner thread 0.18ms, entered 254.4ms after submission)
1790343184779 [prefix-cache] insert (spec-boundary): 8192 tokens, 415.4MB (resident 15100.0MB / 15883MB, model q38, ns "warm")
1790343184779 [meter] admit id=cmpl-afaa163fcd91205675c61cbfac616b5e tenant=default lane=interactive model="q38"
1790343184793 [admit-predict] id=cmpl-afaa163fcd91205675c61cbfac616b5e tenant="warm-cold-0" model="q38" verdict=admit reason=global-p95 prompt=8192 predicted_completion=32 kv_hat=2679904612 booked_bytes=0 booked_real=0 inflight=0 cap=64 budget_bytes=65863724752 retry_after_s=- exempt=0 enforce=0 live_free_bytes=-
1790343184793 [admit-mem] id=cmpl-afaa163fcd91205675c61cbfac616b5e model="q38" verdict=admit prompt=8192 output_bound=32 charged_ctx=8288 est_bytes=4984984404 est_context=261502976 est_fixed=4723481428 device_free=58511339856 pending_prime=0 pending_prime_v1=0 pending_seed=0 pending_seed_uncapped=0 host_free=34359738368 demotable=15099994112 short_by=0 inflight=0 cap=64 waited_ms=0 retry_after_s=- reason=-
1790343184793 [spec-k] model="q38" tenant="warm-cold-0" K=3 source=cold-long prompt=8192 cached=0 lcp=0 active=1 wave=1 placement=single-or-non-pp2
1790343185846 [prime-yield] count=1 remaining=3 chunks=1 wall_ms=1053.190 max_chunk_ms=1053.190
1790343186959 [prime-yield] count=2 remaining=2 chunks=1 wall_ms=1112.635 max_chunk_ms=1112.635
1790343186980 [prime-yield] count=3 remaining=1 chunks=1 wall_ms=21.374 max_chunk_ms=21.374
1790343187002 [prefix-cache] capture submitted off the tick (spec-boundary): 8192 tokens, 34 planes (415.4MB) on the contracts door's copy stream; recurrent state and boundary logits taken by the spec engine at the prime stop; draft plane 8192 rows (15204.4KB) in the batch
1790343187256 [spec-acc] ctx=8193 burst=19/42 cum=19/42=0.452
1790343187256 [prefix-cache] contracts door D2D capture receipt: ticket issuer=2 seq=70 epochs=0/1/1 items=34 bytes=258473984 source_digests_sha256=a7ad8886a3106660917387f077eb2dd21622835385d8c9cf6755d8c4a18800cb destination_digests_sha256=a7ad8886a3106660917387f077eb2dd21622835385d8c9cf6755d8c4a18800cb require=ok
1790343187257 [prefix-cache] capture published off the tick (spec-boundary): 8192 tokens complete after 1 poll(s), 254.2ms from submission to completion, 254.2ms to publication (settled synchronously by a session retire; the settle held the owner thread 0.18ms, entered 254.0ms after submission)
1790343187257 [prefix-cache] insert (spec-boundary): 8192 tokens, 415.4MB (resident 15515.4MB / 15883MB, model q38, ns "warm-cold-0")
1790343187258 [meter] admit id=cmpl-1b39d5efcf16c7a574e925f8cc10060b tenant=default lane=interactive model="q38"
1790343187271 [admit-predict] id=cmpl-1b39d5efcf16c7a574e925f8cc10060b tenant="warm" model="q38" verdict=admit reason=global-p95 prompt=8192 predicted_completion=32 kv_hat=2679904612 booked_bytes=0 booked_real=0 inflight=0 cap=64 budget_bytes=65863724752 retry_after_s=- exempt=0 enforce=0 live_free_bytes=-
1790343187271 [admit-mem] id=cmpl-1b39d5efcf16c7a574e925f8cc10060b model="q38" verdict=admit prompt=8192 output_bound=32 charged_ctx=8288 est_bytes=4984984404 est_context=261502976 est_fixed=4723481428 device_free=57984876320 pending_prime=0 pending_prime_v1=0 pending_seed=0 pending_seed_uncapped=0 host_free=34359738368 demotable=15515381760 short_by=0 inflight=0 cap=64 waited_ms=0 retry_after_s=- reason=-
1790343187271 [worker] spec-affinity: declined (history diverged at 0 of checkpoint 8192; 1 parked, 8192 prompt tokens; model q38)
1790343187271 [spec-k] model="q38" tenant="warm" K=3 source=cold-long prompt=8192 cached=0 lcp=0 active=1 wave=1 placement=single-or-non-pp2
1790343188326 [prime-yield] count=1 remaining=3 chunks=1 wall_ms=1055.046 max_chunk_ms=1055.046
1790343189440 [prime-yield] count=2 remaining=2 chunks=1 wall_ms=1113.814 max_chunk_ms=1113.814
1790343189461 [prime-yield] count=3 remaining=1 chunks=1 wall_ms=21.323 max_chunk_ms=21.323
1790343189484 [prefix-cache] capture submitted off the tick (spec-boundary): 8192 tokens, 34 planes (415.4MB) on the contracts door's copy stream; recurrent state and boundary logits taken by the spec engine at the prime stop; draft plane 8192 rows (15204.4KB) in the batch
1790343189772 [spec-acc] ctx=8193 burst=14/48 cum=14/48=0.292
1790343189773 [prefix-cache] contracts door D2D capture receipt: ticket issuer=2 seq=71 epochs=0/1/1 items=34 bytes=258473984 source_digests_sha256=f04a958d42ee58e387881ee2d31932e1145223a17c37772ef722c1612866e315 destination_digests_sha256=f04a958d42ee58e387881ee2d31932e1145223a17c37772ef722c1612866e315 require=ok
1790343189773 [prefix-cache] capture published off the tick (spec-boundary): 8192 tokens complete after 1 poll(s), 289.0ms from submission to completion, 289.0ms to publication (settled synchronously by a session retire; the settle held the owner thread 0.17ms, entered 288.8ms after submission)
1790343189773 [prefix-cache] insert (spec-boundary): 8192 tokens, 415.4MB (resident 15930.8MB / 15883MB, model q38, ns "warm")
1790343189773 [prefix-cache] evict (LRU): 1024 tokens, 189.2MB (model q38, ns "tenant-0")
1790343189774 [meter] admit id=cmpl-6114b12b531bacfa01cf29d63b2636e3 tenant=default lane=interactive model="q38"
1790343189780 [prefix-host] demote fault armed (MEMRA_KV_HOST_FAULT=d2h-delay): the demote is held unlanded for 3000 ms on the host (no stream is held); a hit arriving in the copy phase must park until the publication
1790343189806 [prefix-host] tier span staging: 96 fresh pinned buffer(s), 156893184 bytes charged to the governor's pinned ledger; the set holds 156893184 bytes charged
1790343189807 [prefix-host] demote submitted off the tick: 1024 tokens, 190.2MB, ticket seq=72, 34 items on the contracts door's copy stream (model q38, ns "tenant-0")
1790343189823 [admit-predict] id=cmpl-6114b12b531bacfa01cf29d63b2636e3 tenant="warm-cold-1" model="q38" verdict=admit reason=global-p95 prompt=8192 predicted_completion=32 kv_hat=2679904612 booked_bytes=0 booked_real=0 inflight=0 cap=64 budget_bytes=65863724752 retry_after_s=- exempt=0 enforce=0 live_free_bytes=-
1790343189823 [admit-mem] id=cmpl-6114b12b531bacfa01cf29d63b2636e3 model="q38" verdict=admit prompt=8192 output_bound=32 charged_ctx=8288 est_bytes=4984984404 est_context=261502976 est_fixed=4723481428 device_free=57458411696 pending_prime=0 pending_prime_v1=0 pending_seed=0 pending_seed_uncapped=0 host_free=34359738368 demotable=15741546496 short_by=0 inflight=0 cap=64 waited_ms=0 retry_after_s=- reason=-
1790343189823 [spec-k] model="q38" tenant="warm-cold-1" K=3 source=cold-long prompt=8192 cached=0 lcp=0 active=1 wave=1 placement=single-or-non-pp2
1790343190877 [prime-yield] count=1 remaining=3 chunks=1 wall_ms=1054.454 max_chunk_ms=1054.454
1790343191992 [prime-yield] count=2 remaining=2 chunks=1 wall_ms=1114.539 max_chunk_ms=1114.539
1790343192014 [prime-yield] count=3 remaining=1 chunks=1 wall_ms=21.416 max_chunk_ms=21.416
1790343192036 [prefix-cache] capture submitted off the tick (spec-boundary): 8192 tokens, 34 planes (415.4MB) on the contracts door's copy stream; recurrent state and boundary logits taken by the spec engine at the prime stop; draft plane 8192 rows (15204.4KB) in the batch
1790343192326 [spec-acc] ctx=8193 burst=14/48 cum=14/48=0.292
1790343192326 [prefix-cache] contracts door D2D capture receipt: ticket issuer=2 seq=73 epochs=0/1/1 items=34 bytes=258473984 source_digests_sha256=f04a958d42ee58e387881ee2d31932e1145223a17c37772ef722c1612866e315 destination_digests_sha256=f04a958d42ee58e387881ee2d31932e1145223a17c37772ef722c1612866e315 require=ok
1790343192326 [prefix-cache] capture published off the tick (spec-boundary): 8192 tokens complete after 1 poll(s), 289.8ms from submission to completion, 289.8ms to publication (settled synchronously by a session retire; the settle held the owner thread 0.17ms, entered 289.6ms after submission)
1790343192326 [prefix-cache] insert (spec-boundary): 8192 tokens, 415.4MB (resident 16156.9MB / 15883MB, model q38, ns "warm-cold-1")
1790343192326 [prefix-cache] evict (LRU): 1024 tokens, 187.3MB (model q38, ns "tenant-1")
1790343192327 [meter] admit id=cmpl-9f3806851a10ca3c3306045f1f09a2eb tenant=default lane=interactive model="q38"
1790343192781 [prefix-host] contracts door D2H receipt: ticket issuer=2 seq=72 epochs=0/1/1 items=34 (16 KV planes, draft) complete=34 require=ok checksums_sha256=b7d070bb769825cef6669687bab6e5a390641d9491bd1de311cda8d4a5ef519b retired acknowledged; 96 f32 spans landed under the ticket and taken back before the retire; receipts on the copy stream (source digests, 37.83ms)
1790343192781 [prefix-host] demote copy complete off the tick: ticket seq=72 complete after 6 poll(s), 3000.7ms from submission to completion (settled synchronously by a second demote); items=130 (34 KV, 96 f32 spans); 98 heap payloads (157.9MB) handed to the hash helper; by slot class: conv 48 (5898240 B), ssm 48 (150994944 B), hidden 1 (20480 B), logits 1 (993280 B)
1790343192781 [prefix-host] demote KV leases on the hash helper: ticket seq=72, 34 lease views (32.3MB) for the bind's re-hash
1790343192781 [prefix-host] demote hashing settled synchronously by a second demote: waiting for the hash helper's reply for ticket seq=72 (98 payloads, 157.9MB, 0.0ms since the hand-off; no CUDA event and no join: the KV planes settled and the ticket retired before the hand-off; the helper joins at shutdown or at the tier's latch)
1790343192878 [prefix-host] demote: 1024 tokens, 190.2MB in 3104.9ms (host resident 190.2MB / 34360MB, model q38, ns "tenant-0")
1790343192878 [prefix-host] demote digests landed off the tick: ticket seq=72, 98 payloads (157.9MB) hashed in 96.5ms on the hash helper, landed after 1 poll(s) (settled synchronously by a second demote); the owner thread held 585.83ms across the demote: pre-submit 33.98, copy settle 455.05 over 6 poll(s), hashing polls 96.59, take-back bind and publish 0.21; owner in-completion 130.79ms; wall 3104.9ms t0 to publication; 0 hit(s) parked on the Hashing entry (0 re-park(s))
1790343192884 [prefix-host] demote submitted off the tick: 1024 tokens, 188.3MB, ticket seq=74, 32 items on the contracts door's copy stream (model q38, ns "tenant-1")
1790343192884 [prefix-cache] evict (LRU): 1024 tokens, 187.3MB (model q38, ns "tenant-2")
1790343192921 [prefix-host] contracts door D2H receipt: ticket issuer=2 seq=74 epochs=0/1/1 items=32 (16 KV planes) complete=32 require=ok checksums_sha256=cbf2ab1e0b3ddf24629998dbb886ff7f80db31cc0e88c04aa8c6dc9748c34017 retired acknowledged; 96 f32 spans landed under the ticket and taken back before the retire; receipts on the copy stream (source digests, 33.72ms)
1790343192921 [prefix-host] demote copy complete off the tick: ticket seq=74 complete after 1 poll(s), 37.2ms from submission to completion (settled synchronously by a second demote); items=128 (32 KV, 96 f32 spans); 98 heap payloads (157.9MB) handed to the hash helper; by slot class: conv 48 (5898240 B), ssm 48 (150994944 B), hidden 1 (0 B), logits 1 (993280 B)
1790343192921 [prefix-host] demote KV leases on the hash helper: ticket seq=74, 32 lease views (30.4MB) for the bind's re-hash
1790343192921 [prefix-host] demote hashing settled synchronously by a second demote: waiting for the hash helper's reply for ticket seq=74 (98 payloads, 157.9MB, 0.0ms since the hand-off; no CUDA event and no join: the KV planes settled and the ticket retired before the hand-off; the helper joins at shutdown or at the tier's latch)
1790343193016 [prefix-host] demote: 1024 tokens, 188.3MB in 137.8ms (host resident 378.5MB / 34360MB, model q38, ns "tenant-1")
1790343193016 [prefix-host] demote digests landed off the tick: ticket seq=74, 98 payloads (157.9MB) hashed in 93.9ms on the hash helper, landed after 1 poll(s) (settled synchronously by a second demote); the owner thread held 137.84ms across the demote: pre-submit 6.61, copy settle 37.04 over 1 poll(s), hashing polls 93.95, take-back bind and publish 0.23; owner in-completion 100.79ms; wall 137.8ms t0 to publication; 0 hit(s) parked on the Hashing entry (0 re-park(s))
1790343193023 [prefix-host] demote submitted off the tick: 1024 tokens, 188.3MB, ticket seq=75, 32 items on the contracts door's copy stream (model q38, ns "tenant-2")
1790343193037 [admit-predict] id=cmpl-9f3806851a10ca3c3306045f1f09a2eb tenant="warm" model="q38" verdict=admit reason=global-p95 prompt=8192 predicted_completion=32 kv_hat=2679904612 booked_bytes=0 booked_real=0 inflight=0 cap=64 budget_bytes=65863724752 retry_after_s=- exempt=0 enforce=0 live_free_bytes=-
1790343193037 [admit-mem] id=cmpl-9f3806851a10ca3c3306045f1f09a2eb model="q38" verdict=admit prompt=8192 output_bound=32 charged_ctx=8288 est_bytes=4984984404 est_context=261502976 est_fixed=4723481428 device_free=57308452544 pending_prime=0 pending_prime_v1=0 pending_seed=0 pending_seed_uncapped=0 host_free=33981218816 demotable=15782330368 short_by=0 inflight=0 cap=64 waited_ms=0 retry_after_s=- reason=-
1790343193037 [worker] spec-affinity: declined (history diverged at 0 of checkpoint 8192; 2 parked, 8192 prompt tokens; model q38)
1790343193037 [spec-k] model="q38" tenant="warm" K=3 source=cold-long prompt=8192 cached=0 lcp=0 active=1 wave=1 placement=single-or-non-pp2
1790343194089 [prime-yield] count=1 remaining=3 chunks=1 wall_ms=1051.226 max_chunk_ms=1051.226
1790343194089 [prefix-host] contracts door D2H receipt: ticket issuer=2 seq=75 epochs=0/1/1 items=32 (16 KV planes) complete=32 require=ok checksums_sha256=0232a6fdfd8c6907c248b3037a074b878c1a9d3929fe516e698596faa19b5c43 retired acknowledged; 96 f32 spans landed under the ticket and taken back before the retire; receipts on the copy stream (source digests, 45.93ms)
1790343194089 [prefix-host] demote copy complete off the tick: ticket seq=75 complete after 2 poll(s), 1066.5ms from submission to completion (tick-top poll); items=128 (32 KV, 96 f32 spans); 98 heap payloads (157.9MB) handed to the hash helper; by slot class: conv 48 (5898240 B), ssm 48 (150994944 B), hidden 1 (0 B), logits 1 (993280 B)
1790343194089 [prefix-host] demote KV leases on the hash helper: ticket seq=75, 32 lease views (30.4MB) for the bind's re-hash
1790343195202 [prime-yield] count=2 remaining=2 chunks=1 wall_ms=1112.585 max_chunk_ms=1112.585
1790343195202 [prefix-host] demote: 1024 tokens, 188.3MB in 2185.9ms (host resident 566.8MB / 34360MB, model q38, ns "tenant-2")
1790343195202 [prefix-host] demote digests landed off the tick: ticket seq=75, 98 payloads (157.9MB) hashed in 98.0ms on the hash helper, landed after 1 poll(s) (tick-top poll); the owner thread held 7.23ms across the demote: pre-submit 6.77, copy settle 0.31 over 2 poll(s), hashing polls 0.02, take-back bind and publish 0.13; owner in-completion 6.92ms; wall 2185.9ms t0 to publication; 0 hit(s) parked on the Hashing entry (0 re-park(s))
1790343195223 [prime-yield] count=3 remaining=1 chunks=1 wall_ms=21.411 max_chunk_ms=21.411
1790343195246 [prefix-cache] capture submitted off the tick (spec-boundary): 8192 tokens, 34 planes (415.4MB) on the contracts door's copy stream; recurrent state and boundary logits taken by the spec engine at the prime stop; draft plane 8192 rows (15204.4KB) in the batch
1790343195483 [spec-acc] ctx=8193 burst=17/39 cum=17/39=0.436
1790343195483 [prefix-cache] contracts door D2D capture receipt: ticket issuer=2 seq=76 epochs=0/1/1 items=34 bytes=258473984 source_digests_sha256=0a5a8e875c4ae39ce52e40eaf0a2dd2069d00e8ed433228a71e9c6a0c31de5ab destination_digests_sha256=0a5a8e875c4ae39ce52e40eaf0a2dd2069d00e8ed433228a71e9c6a0c31de5ab require=ok
1790343195483 [prefix-cache] capture published off the tick (spec-boundary): 8192 tokens complete after 1 poll(s), 237.3ms from submission to completion, 237.3ms to publication (settled synchronously by a session retire; the settle held the owner thread 0.17ms, entered 237.1ms after submission)
1790343195483 [prefix-cache] insert (spec-boundary): 8192 tokens, 415.4MB (resident 16197.7MB / 15883MB, model q38, ns "warm")
1790343195483 [prefix-cache] evict (LRU): 1024 tokens, 187.3MB (model q38, ns "tenant-3")
1790343195484 [meter] admit id=cmpl-7262ccaa082393e180b9236cc155aaa9 tenant=default lane=interactive model="q38"
1790343195489 [prefix-host] demote submitted off the tick: 1024 tokens, 188.3MB, ticket seq=77, 32 items on the contracts door's copy stream (model q38, ns "tenant-3")
1790343195489 [prefix-cache] evict (LRU): 2048 tokens, 217.7MB (model q38, ns "burst-0")
1790343195527 [prefix-host] contracts door D2H receipt: ticket issuer=2 seq=77 epochs=0/1/1 items=32 (16 KV planes) complete=32 require=ok checksums_sha256=31a00fd7d14383b5ad113cc6d1a0a6cc75de80982f0bb9b4f8475a96b1929225 retired acknowledged; 96 f32 spans landed under the ticket and taken back before the retire; receipts on the copy stream (source digests, 34.01ms)
1790343195527 [prefix-host] demote copy complete off the tick: ticket seq=77 complete after 1 poll(s), 37.6ms from submission to completion (settled synchronously by a second demote); items=128 (32 KV, 96 f32 spans); 98 heap payloads (157.9MB) handed to the hash helper; by slot class: conv 48 (5898240 B), ssm 48 (150994944 B), hidden 1 (0 B), logits 1 (993280 B)
1790343195527 [prefix-host] demote KV leases on the hash helper: ticket seq=77, 32 lease views (30.4MB) for the bind's re-hash
1790343195527 [prefix-host] demote hashing settled synchronously by a second demote: waiting for the hash helper's reply for ticket seq=77 (98 payloads, 157.9MB, 0.0ms since the hand-off; no CUDA event and no join: the KV planes settled and the ticket retired before the hand-off; the helper joins at shutdown or at the tier's latch)
1790343195621 [prefix-host] demote: 1024 tokens, 188.3MB in 138.2ms (host resident 755.1MB / 34360MB, model q38, ns "tenant-3")
1790343195621 [prefix-host] demote digests landed off the tick: ticket seq=77, 98 payloads (157.9MB) hashed in 94.0ms on the hash helper, landed after 1 poll(s) (settled synchronously by a second demote); the owner thread held 138.18ms across the demote: pre-submit 6.45, copy settle 37.44 over 1 poll(s), hashing polls 94.05, take-back bind and publish 0.24; owner in-completion 100.74ms; wall 138.2ms t0 to publication; 0 hit(s) parked on the Hashing entry (0 re-park(s))
1790343195634 [prefix-host] demote submitted off the tick: 2048 tokens, 218.7MB, ticket seq=78, 32 items on the contracts door's copy stream (model q38, ns "burst-0")
1790343195649 [admit-predict] id=cmpl-7262ccaa082393e180b9236cc155aaa9 tenant="warm-cold-2" model="q38" verdict=admit reason=global-p95 prompt=8192 predicted_completion=32 kv_hat=2679904612 booked_bytes=0 booked_real=0 inflight=0 cap=64 budget_bytes=65863724752 retry_after_s=- exempt=0 enforce=0 live_free_bytes=-
1790343195649 [admit-mem] id=cmpl-7262ccaa082393e180b9236cc155aaa9 model="q38" verdict=admit prompt=8192 output_bound=32 charged_ctx=8288 est_bytes=4984984404 est_context=261502976 est_fixed=4723481428 device_free=57267689152 pending_prime=0 pending_prime_v1=0 pending_seed=0 pending_seed_uncapped=0 host_free=33604620288 demotable=15792705536 short_by=0 inflight=0 cap=64 waited_ms=0 retry_after_s=- reason=-
1790343195649 [spec-k] model="q38" tenant="warm-cold-2" K=3 source=cold-long prompt=8192 cached=0 lcp=0 active=1 wave=1 placement=single-or-non-pp2
1790343196701 [prime-yield] count=1 remaining=3 chunks=1 wall_ms=1052.173 max_chunk_ms=1052.173
1790343196702 [prefix-host] contracts door D2H receipt: ticket issuer=2 seq=78 epochs=0/1/1 items=32 (16 KV planes) complete=32 require=ok checksums_sha256=d0ae3743baa8d5ae61b94767c7551fce4c3924dfc76e0506e3524af7d56d118e retired acknowledged; 96 f32 spans landed under the ticket and taken back before the retire; receipts on the copy stream (source digests, 88.66ms)
1790343196702 [prefix-host] demote copy complete off the tick: ticket seq=78 complete after 2 poll(s), 1067.9ms from submission to completion (tick-top poll); items=128 (32 KV, 96 f32 spans); 98 heap payloads (157.9MB) handed to the hash helper; by slot class: conv 48 (5898240 B), ssm 48 (150994944 B), hidden 1 (0 B), logits 1 (993280 B)
1790343196702 [prefix-host] demote KV leases on the hash helper: ticket seq=78, 32 lease views (60.8MB) for the bind's re-hash
1790343197815 [prime-yield] count=2 remaining=2 chunks=1 wall_ms=1113.290 max_chunk_ms=1113.290
1790343197815 [prefix-host] demote: 2048 tokens, 218.7MB in 2194.1ms (host resident 973.8MB / 34360MB, model q38, ns "burst-0")
1790343197815 [prefix-host] demote digests landed off the tick: ticket seq=78, 98 payloads (157.9MB) hashed in 109.9ms on the hash helper, landed after 1 poll(s) (tick-top poll); the owner thread held 13.35ms across the demote: pre-submit 12.88, copy settle 0.32 over 2 poll(s), hashing polls 0.02, take-back bind and publish 0.13; owner in-completion 13.04ms; wall 2194.1ms t0 to publication; 0 hit(s) parked on the Hashing entry (0 re-park(s))
1790343197837 [prime-yield] count=3 remaining=1 chunks=1 wall_ms=21.418 max_chunk_ms=21.418
1790343197859 [prefix-cache] capture submitted off the tick (spec-boundary): 8192 tokens, 34 planes (415.4MB) on the contracts door's copy stream; recurrent state and boundary logits taken by the spec engine at the prime stop; draft plane 8192 rows (15204.4KB) in the batch
1790343198096 [spec-acc] ctx=8193 burst=17/39 cum=17/39=0.436
1790343198096 [prefix-cache] contracts door D2D capture receipt: ticket issuer=2 seq=79 epochs=0/1/1 items=34 bytes=258473984 source_digests_sha256=0a5a8e875c4ae39ce52e40eaf0a2dd2069d00e8ed433228a71e9c6a0c31de5ab destination_digests_sha256=0a5a8e875c4ae39ce52e40eaf0a2dd2069d00e8ed433228a71e9c6a0c31de5ab require=ok
1790343198096 [prefix-cache] capture published off the tick (spec-boundary): 8192 tokens complete after 1 poll(s), 237.2ms from submission to completion, 237.2ms to publication (settled synchronously by a session retire; the settle held the owner thread 0.18ms, entered 237.1ms after submission)
1790343198096 [prefix-cache] insert (spec-boundary): 8192 tokens, 415.4MB (resident 16208.1MB / 15883MB, model q38, ns "warm-cold-2")
1790343198096 [prefix-cache] evict (LRU): 2048 tokens, 217.7MB (model q38, ns "burst-2")
1790343198098 [meter] admit id=cmpl-18b5175e610479b6df5a069e09418d64 tenant=default lane=interactive model="q38"
1790343198109 [prefix-host] demote submitted off the tick: 2048 tokens, 218.7MB, ticket seq=80, 32 items on the contracts door's copy stream (model q38, ns "burst-2")
1790343198109 [prefix-cache] evict (LRU): 2048 tokens, 217.7MB (model q38, ns "burst-1")
1790343198180 [prefix-host] contracts door D2H receipt: ticket issuer=2 seq=80 epochs=0/1/1 items=32 (16 KV planes) complete=32 require=ok checksums_sha256=537e6b008cd13a7cf51ce8d397d545afd1cae0a5eee70da65f3ad6e5a93f5a2f retired acknowledged; 96 f32 spans landed under the ticket and taken back before the retire; receipts on the copy stream (source digests, 67.60ms)
1790343198180 [prefix-host] demote copy complete off the tick: ticket seq=80 complete after 1 poll(s), 71.7ms from submission to completion (settled synchronously by a second demote); items=128 (32 KV, 96 f32 spans); 98 heap payloads (157.9MB) handed to the hash helper; by slot class: conv 48 (5898240 B), ssm 48 (150994944 B), hidden 1 (0 B), logits 1 (993280 B)
1790343198180 [prefix-host] demote KV leases on the hash helper: ticket seq=80, 32 lease views (60.8MB) for the bind's re-hash
1790343198180 [prefix-host] demote hashing settled synchronously by a second demote: waiting for the hash helper's reply for ticket seq=80 (98 payloads, 157.9MB, 0.0ms since the hand-off; no CUDA event and no join: the KV planes settled and the ticket retired before the hand-off; the helper joins at shutdown or at the tier's latch)
1790343198286 [prefix-host] demote: 2048 tokens, 218.7MB in 190.0ms (host resident 1192.5MB / 34360MB, model q38, ns "burst-2")
1790343198286 [prefix-host] demote digests landed off the tick: ticket seq=80, 98 payloads (157.9MB) hashed in 105.8ms on the hash helper, landed after 1 poll(s) (settled synchronously by a second demote); the owner thread held 190.00ms across the demote: pre-submit 12.46, copy settle 71.49 over 1 poll(s), hashing polls 105.83, take-back bind and publish 0.23; owner in-completion 118.51ms; wall 190.0ms t0 to publication; 0 hit(s) parked on the Hashing entry (0 re-park(s))
1790343198299 [prefix-host] demote submitted off the tick: 2048 tokens, 218.7MB, ticket seq=81, 32 items on the contracts door's copy stream (model q38, ns "burst-1")
1790343198313 [admit-predict] id=cmpl-18b5175e610479b6df5a069e09418d64 tenant="warm" model="q38" verdict=admit reason=global-p95 prompt=8192 predicted_completion=32 kv_hat=2679904612 booked_bytes=0 booked_real=0 inflight=0 cap=64 budget_bytes=65863724752 retry_after_s=- exempt=0 enforce=0 live_free_bytes=-
1790343198313 [admit-mem] id=cmpl-18b5175e610479b6df5a069e09418d64 model="q38" verdict=admit prompt=8192 output_bound=32 charged_ctx=8288 est_bytes=4984984404 est_context=261502976 est_fixed=4723481428 device_free=57176646800 pending_prime=0 pending_prime_v1=0 pending_seed=0 pending_seed_uncapped=0 host_free=33167196160 demotable=15772672000 short_by=0 inflight=0 cap=64 waited_ms=0 retry_after_s=- reason=-
1790343198313 [worker] spec-affinity: declined (history diverged at 0 of checkpoint 8192; 2 parked, 8192 prompt tokens; model q38)
1790343198314 [spec-k] model="q38" tenant="warm" K=3 source=cold-long prompt=8192 cached=0 lcp=0 active=1 wave=1 placement=single-or-non-pp2
1790343199366 [prime-yield] count=1 remaining=3 chunks=1 wall_ms=1052.056 max_chunk_ms=1052.056
1790343199366 [prefix-host] contracts door D2H receipt: ticket issuer=2 seq=81 epochs=0/1/1 items=32 (16 KV planes) complete=32 require=ok checksums_sha256=899687f8a638f8df16f2c9dc19ada41d8ee34f1d809887ee2f19262326418c81 retired acknowledged; 96 f32 spans landed under the ticket and taken back before the retire; receipts on the copy stream (source digests, 88.76ms)
1790343199366 [prefix-host] demote copy complete off the tick: ticket seq=81 complete after 2 poll(s), 1067.4ms from submission to completion (tick-top poll); items=128 (32 KV, 96 f32 spans); 98 heap payloads (157.9MB) handed to the hash helper; by slot class: conv 48 (5898240 B), ssm 48 (150994944 B), hidden 1 (0 B), logits 1 (993280 B)
1790343199366 [prefix-host] demote KV leases on the hash helper: ticket seq=81, 32 lease views (60.8MB) for the bind's re-hash
1790343200479 [prime-yield] count=2 remaining=2 chunks=1 wall_ms=1112.732 max_chunk_ms=1112.732
1790343200479 [prefix-host] demote: 2048 tokens, 218.7MB in 2192.5ms (host resident 1411.3MB / 34360MB, model q38, ns "burst-1")
1790343200479 [prefix-host] demote digests landed off the tick: ticket seq=81, 98 payloads (157.9MB) hashed in 109.5ms on the hash helper, landed after 1 poll(s) (tick-top poll); the owner thread held 12.89ms across the demote: pre-submit 12.42, copy settle 0.32 over 2 poll(s), hashing polls 0.02, take-back bind and publish 0.14; owner in-completion 12.57ms; wall 2192.5ms t0 to publication; 0 hit(s) parked on the Hashing entry (0 re-park(s))
1790343200501 [prime-yield] count=3 remaining=1 chunks=1 wall_ms=21.386 max_chunk_ms=21.386
1790343200523 [prefix-cache] capture submitted off the tick (spec-boundary): 8192 tokens, 34 planes (415.4MB) on the contracts door's copy stream; recurrent state and boundary logits taken by the spec engine at the prime stop; draft plane 8192 rows (15204.4KB) in the batch
1790343200777 [spec-acc] ctx=8193 burst=17/42 cum=17/42=0.405
1790343200778 [prefix-cache] contracts door D2D capture receipt: ticket issuer=2 seq=82 epochs=0/1/1 items=34 bytes=258473984 source_digests_sha256=68eb1f2de98752fbbc1fb0f251b806ccc4991ada270cb7d2dc1a088b486a98da destination_digests_sha256=68eb1f2de98752fbbc1fb0f251b806ccc4991ada270cb7d2dc1a088b486a98da require=ok
1790343200778 [prefix-cache] capture published off the tick (spec-boundary): 8192 tokens complete after 1 poll(s), 254.7ms from submission to completion, 254.7ms to publication (settled synchronously by a session retire; the settle held the owner thread 0.17ms, entered 254.5ms after submission)
1790343200778 [prefix-cache] insert (spec-boundary): 8192 tokens, 415.4MB (resident 16188.1MB / 15883MB, model q38, ns "warm")
1790343200778 [prefix-cache] evict (LRU): 2048 tokens, 217.7MB (model q38, ns "burst-3")
1790343200779 [meter] admit id=cmpl-1f42297b21a73e8443698b0034f91cac tenant=default lane=interactive model="q38"
1790343200790 [prefix-host] demote submitted off the tick: 2048 tokens, 218.7MB, ticket seq=83, 32 items on the contracts door's copy stream (model q38, ns "burst-3")
1790343200790 [prefix-cache] evict (LRU): 2048 tokens, 217.7MB (model q38, ns "burst-4")
1790343200861 [prefix-host] contracts door D2H receipt: ticket issuer=2 seq=83 epochs=0/1/1 items=32 (16 KV planes) complete=32 require=ok checksums_sha256=f2b3bc1d0f4f409836a67af9a0aceb66733568941965a060d2f819739f6e9493 retired acknowledged; 96 f32 spans landed under the ticket and taken back before the retire; receipts on the copy stream (source digests, 67.84ms)
1790343200861 [prefix-host] demote copy complete off the tick: ticket seq=83 complete after 1 poll(s), 71.9ms from submission to completion (settled synchronously by a second demote); items=128 (32 KV, 96 f32 spans); 98 heap payloads (157.9MB) handed to the hash helper; by slot class: conv 48 (5898240 B), ssm 48 (150994944 B), hidden 1 (0 B), logits 1 (993280 B)
1790343200861 [prefix-host] demote KV leases on the hash helper: ticket seq=83, 32 lease views (60.8MB) for the bind's re-hash
1790343200861 [prefix-host] demote hashing settled synchronously by a second demote: waiting for the hash helper's reply for ticket seq=83 (98 payloads, 157.9MB, 0.0ms since the hand-off; no CUDA event and no join: the KV planes settled and the ticket retired before the hand-off; the helper joins at shutdown or at the tier's latch)
1790343200967 [prefix-host] demote: 2048 tokens, 218.7MB in 189.4ms (host resident 1630.0MB / 34360MB, model q38, ns "burst-3")
1790343200967 [prefix-host] demote digests landed off the tick: ticket seq=83, 98 payloads (157.9MB) hashed in 105.5ms on the hash helper, landed after 1 poll(s) (settled synchronously by a second demote); the owner thread held 189.39ms across the demote: pre-submit 11.91, copy settle 71.71 over 1 poll(s), hashing polls 105.52, take-back bind and publish 0.24; owner in-completion 117.68ms; wall 189.4ms t0 to publication; 0 hit(s) parked on the Hashing entry (0 re-park(s))
1790343200979 [prefix-host] demote submitted off the tick: 2048 tokens, 218.7MB, ticket seq=84, 32 items on the contracts door's copy stream (model q38, ns "burst-4")
1790343200994 [admit-predict] id=cmpl-1f42297b21a73e8443698b0034f91cac tenant="warm-cold-3" model="q38" verdict=admit reason=global-p95 prompt=8192 predicted_completion=32 kv_hat=2679904612 booked_bytes=0 booked_real=0 inflight=0 cap=64 budget_bytes=65863724752 retry_after_s=- exempt=0 enforce=0 live_free_bytes=-
1790343200994 [admit-mem] id=cmpl-1f42297b21a73e8443698b0034f91cac model="q38" verdict=admit prompt=8192 output_bound=32 charged_ctx=8288 est_bytes=4984984404 est_context=261502976 est_fixed=4723481428 device_free=57194603664 pending_prime=0 pending_prime_v1=0 pending_seed=0 pending_seed_uncapped=0 host_free=32729772032 demotable=15752638464 short_by=0 inflight=0 cap=64 waited_ms=0 retry_after_s=- reason=-
1790343200994 [spec-k] model="q38" tenant="warm-cold-3" K=3 source=cold-long prompt=8192 cached=0 lcp=0 active=1 wave=1 placement=single-or-non-pp2
1790343202047 [prime-yield] count=1 remaining=3 chunks=1 wall_ms=1052.314 max_chunk_ms=1052.314
1790343202047 [prefix-host] contracts door D2H receipt: ticket issuer=2 seq=84 epochs=0/1/1 items=32 (16 KV planes) complete=32 require=ok checksums_sha256=3fd38cfb5c4c192b381f4a4d07ef9b2e5e022e61ec5669666d1287cb235d6ab5 retired acknowledged; 96 f32 spans landed under the ticket and taken back before the retire; receipts on the copy stream (source digests, 88.60ms)
1790343202047 [prefix-host] demote copy complete off the tick: ticket seq=84 complete after 2 poll(s), 1067.9ms from submission to completion (tick-top poll); items=128 (32 KV, 96 f32 spans); 98 heap payloads (157.9MB) handed to the hash helper; by slot class: conv 48 (5898240 B), ssm 48 (150994944 B), hidden 1 (0 B), logits 1 (993280 B)
1790343202047 [prefix-host] demote KV leases on the hash helper: ticket seq=84, 32 lease views (60.8MB) for the bind's re-hash
1790343203160 [prime-yield] count=2 remaining=2 chunks=1 wall_ms=1112.988 max_chunk_ms=1112.988
1790343203160 [prefix-host] demote: 2048 tokens, 218.7MB in 2193.1ms (host resident 1848.7MB / 34360MB, model q38, ns "burst-4")
1790343203160 [prefix-host] demote digests landed off the tick: ticket seq=84, 98 payloads (157.9MB) hashed in 108.8ms on the hash helper, landed after 1 poll(s) (tick-top poll); the owner thread held 12.73ms across the demote: pre-submit 12.24, copy settle 0.33 over 2 poll(s), hashing polls 0.02, take-back bind and publish 0.13; owner in-completion 12.40ms; wall 2193.1ms t0 to publication; 0 hit(s) parked on the Hashing entry (0 re-park(s))
1790343203182 [prime-yield] count=3 remaining=1 chunks=1 wall_ms=21.478 max_chunk_ms=21.478
1790343203204 [prefix-cache] capture submitted off the tick (spec-boundary): 8192 tokens, 34 planes (415.4MB) on the contracts door's copy stream; recurrent state and boundary logits taken by the spec engine at the prime stop; draft plane 8192 rows (15204.4KB) in the batch
1790343203459 [spec-acc] ctx=8193 burst=17/42 cum=17/42=0.405
1790343203459 [prefix-cache] contracts door D2D capture receipt: ticket issuer=2 seq=85 epochs=0/1/1 items=34 bytes=258473984 source_digests_sha256=68eb1f2de98752fbbc1fb0f251b806ccc4991ada270cb7d2dc1a088b486a98da destination_digests_sha256=68eb1f2de98752fbbc1fb0f251b806ccc4991ada270cb7d2dc1a088b486a98da require=ok
1790343203459 [prefix-cache] capture published off the tick (spec-boundary): 8192 tokens complete after 1 poll(s), 254.5ms from submission to completion, 254.5ms to publication (settled synchronously by a session retire; the settle held the owner thread 0.18ms, entered 254.3ms after submission)
1790343203459 [prefix-cache] insert (spec-boundary): 8192 tokens, 415.4MB (resident 16168.0MB / 15883MB, model q38, ns "warm-cold-3")
1790343203459 [prefix-cache] evict (LRU): 2048 tokens, 217.7MB (model q38, ns "burst-5")
1790343203460 [meter] admit id=cmpl-16e570563bf1b3269c4e0a044fa51759 tenant=default lane=interactive model="q38"
1790343203471 [prefix-host] demote submitted off the tick: 2048 tokens, 218.7MB, ticket seq=86, 32 items on the contracts door's copy stream (model q38, ns "burst-5")
1790343203471 [prefix-cache] evict (LRU): 2048 tokens, 217.7MB (model q38, ns "burst-7")
1790343203542 [prefix-host] contracts door D2H receipt: ticket issuer=2 seq=86 epochs=0/1/1 items=32 (16 KV planes) complete=32 require=ok checksums_sha256=e3a6d0dc329a0fe31da3a4149ff91c890b9f5ded96eb49ab61316d3e8bc2e44d retired acknowledged; 96 f32 spans landed under the ticket and taken back before the retire; receipts on the copy stream (source digests, 67.32ms)
1790343203542 [prefix-host] demote copy complete off the tick: ticket seq=86 complete after 1 poll(s), 71.6ms from submission to completion (settled synchronously by a second demote); items=128 (32 KV, 96 f32 spans); 98 heap payloads (157.9MB) handed to the hash helper; by slot class: conv 48 (5898240 B), ssm 48 (150994944 B), hidden 1 (0 B), logits 1 (993280 B)
1790343203542 [prefix-host] demote KV leases on the hash helper: ticket seq=86, 32 lease views (60.8MB) for the bind's re-hash
1790343203542 [prefix-host] demote hashing settled synchronously by a second demote: waiting for the hash helper's reply for ticket seq=86 (98 payloads, 157.9MB, 0.0ms since the hand-off; no CUDA event and no join: the KV planes settled and the ticket retired before the hand-off; the helper joins at shutdown or at the tier's latch)
1790343203651 [prefix-host] demote: 2048 tokens, 218.7MB in 191.5ms (host resident 2067.4MB / 34360MB, model q38, ns "burst-5")
1790343203651 [prefix-host] demote digests landed off the tick: ticket seq=86, 98 payloads (157.9MB) hashed in 107.9ms on the hash helper, landed after 1 poll(s) (settled synchronously by a second demote); the owner thread held 191.53ms across the demote: pre-submit 12.00, copy settle 71.42 over 1 poll(s), hashing polls 107.95, take-back bind and publish 0.16; owner in-completion 120.11ms; wall 191.5ms t0 to publication; 0 hit(s) parked on the Hashing entry (0 re-park(s))
1790343203663 [prefix-host] demote submitted off the tick: 2048 tokens, 218.7MB, ticket seq=87, 32 items on the contracts door's copy stream (model q38, ns "burst-7")
1790343203677 [admit-predict] id=cmpl-16e570563bf1b3269c4e0a044fa51759 tenant="warm" model="q38" verdict=admit reason=global-p95 prompt=8192 predicted_completion=32 kv_hat=2679904612 booked_bytes=0 booked_real=0 inflight=0 cap=64 budget_bytes=65863724752 retry_after_s=- exempt=0 enforce=0 live_free_bytes=-
1790343203677 [admit-mem] id=cmpl-16e570563bf1b3269c4e0a044fa51759 model="q38" verdict=admit prompt=8192 output_bound=32 charged_ctx=8288 est_bytes=4984984404 est_context=261502976 est_fixed=4723481428 device_free=57103561312 pending_prime=0 pending_prime_v1=0 pending_seed=0 pending_seed_uncapped=0 host_free=32292347904 demotable=15732604928 short_by=0 inflight=0 cap=64 waited_ms=0 retry_after_s=- reason=-
1790343203677 [worker] spec-affinity: declined (history diverged at 0 of checkpoint 8192; 2 parked, 8192 prompt tokens; model q38)
1790343203678 [spec-k] model="q38" tenant="warm" K=3 source=cold-long prompt=8192 cached=0 lcp=0 active=1 wave=1 placement=single-or-non-pp2
1790343204730 [prime-yield] count=1 remaining=3 chunks=1 wall_ms=1052.528 max_chunk_ms=1052.528
1790343204731 [prefix-host] contracts door D2H receipt: ticket issuer=2 seq=87 epochs=0/1/1 items=32 (16 KV planes) complete=32 require=ok checksums_sha256=72bb3aff42ad273e9cd80dd5321b7b6f9d9bacac48d26276ff8b1e775f3ef02d retired acknowledged; 96 f32 spans landed under the ticket and taken back before the retire; receipts on the copy stream (source digests, 88.64ms)
1790343204731 [prefix-host] demote copy complete off the tick: ticket seq=87 complete after 2 poll(s), 1068.2ms from submission to completion (tick-top poll); items=128 (32 KV, 96 f32 spans); 98 heap payloads (157.9MB) handed to the hash helper; by slot class: conv 48 (5898240 B), ssm 48 (150994944 B), hidden 1 (0 B), logits 1 (993280 B)
1790343204731 [prefix-host] demote KV leases on the hash helper: ticket seq=87, 32 lease views (60.8MB) for the bind's re-hash
1790343205844 [prime-yield] count=2 remaining=2 chunks=1 wall_ms=1113.169 max_chunk_ms=1113.169
1790343205844 [prefix-host] demote: 2048 tokens, 218.7MB in 2193.4ms (host resident 2286.1MB / 34360MB, model q38, ns "burst-7")
1790343205844 [prefix-host] demote digests landed off the tick: ticket seq=87, 98 payloads (157.9MB) hashed in 109.1ms on the hash helper, landed after 1 poll(s) (tick-top poll); the owner thread held 12.60ms across the demote: pre-submit 12.06, copy settle 0.38 over 2 poll(s), hashing polls 0.02, take-back bind and publish 0.14; owner in-completion 12.21ms; wall 2193.4ms t0 to publication; 0 hit(s) parked on the Hashing entry (0 re-park(s))
1790343205866 [prime-yield] count=3 remaining=1 chunks=1 wall_ms=21.414 max_chunk_ms=21.414
1790343205888 [prefix-cache] capture submitted off the tick (spec-boundary): 8192 tokens, 34 planes (415.4MB) on the contracts door's copy stream; recurrent state and boundary logits taken by the spec engine at the prime stop; draft plane 8192 rows (15204.4KB) in the batch
1790343206160 [spec-acc] ctx=8193 burst=15/45 cum=15/45=0.333
1790343206160 [prefix-cache] contracts door D2D capture receipt: ticket issuer=2 seq=88 epochs=0/1/1 items=34 bytes=258473984 source_digests_sha256=5d9055d0df6d60cc47428d65f05e3fbdf89698d4a884120afac30ee093e07667 destination_digests_sha256=5d9055d0df6d60cc47428d65f05e3fbdf89698d4a884120afac30ee093e07667 require=ok
1790343206160 [prefix-cache] capture published off the tick (spec-boundary): 8192 tokens complete after 1 poll(s), 272.0ms from submission to completion, 272.0ms to publication (settled synchronously by a session retire; the settle held the owner thread 0.18ms, entered 271.8ms after submission)
1790343206160 [prefix-cache] insert (spec-boundary): 8192 tokens, 415.4MB (resident 16148.0MB / 15883MB, model q38, ns "warm")
1790343206160 [prefix-cache] evict (LRU): 2048 tokens, 217.7MB (model q38, ns "burst-9")
1790343206161 [meter] admit id=cmpl-9b0aa812c90a568f874bb6b1ad77f007 tenant=default lane=interactive model="q38"
1790343206172 [prefix-host] demote submitted off the tick: 2048 tokens, 218.7MB, ticket seq=89, 32 items on the contracts door's copy stream (model q38, ns "burst-9")
1790343206172 [prefix-cache] evict (LRU): 2048 tokens, 217.7MB (model q38, ns "burst-8")
1790343206243 [prefix-host] contracts door D2H receipt: ticket issuer=2 seq=89 epochs=0/1/1 items=32 (16 KV planes) complete=32 require=ok checksums_sha256=1a6780e2b878a0ba76714baa3b1e4b196d2e69e9290fe7665a73dd9740685a6f retired acknowledged; 96 f32 spans landed under the ticket and taken back before the retire; receipts on the copy stream (source digests, 67.57ms)
1790343206243 [prefix-host] demote copy complete off the tick: ticket seq=89 complete after 1 poll(s), 71.6ms from submission to completion (settled synchronously by a second demote); items=128 (32 KV, 96 f32 spans); 98 heap payloads (157.9MB) handed to the hash helper; by slot class: conv 48 (5898240 B), ssm 48 (150994944 B), hidden 1 (0 B), logits 1 (993280 B)
1790343206243 [prefix-host] demote KV leases on the hash helper: ticket seq=89, 32 lease views (60.8MB) for the bind's re-hash
1790343206243 [prefix-host] demote hashing settled synchronously by a second demote: waiting for the hash helper's reply for ticket seq=89 (98 payloads, 157.9MB, 0.0ms since the hand-off; no CUDA event and no join: the KV planes settled and the ticket retired before the hand-off; the helper joins at shutdown or at the tier's latch)
1790343206349 [prefix-host] demote: 2048 tokens, 218.7MB in 189.2ms (host resident 2504.8MB / 34360MB, model q38, ns "burst-9")
1790343206349 [prefix-host] demote digests landed off the tick: ticket seq=89, 98 payloads (157.9MB) hashed in 105.5ms on the hash helper, landed after 1 poll(s) (settled synchronously by a second demote); the owner thread held 189.15ms across the demote: pre-submit 11.89, copy settle 71.44 over 1 poll(s), hashing polls 105.59, take-back bind and publish 0.23; owner in-completion 117.71ms; wall 189.2ms t0 to publication; 0 hit(s) parked on the Hashing entry (0 re-park(s))
1790343206361 [prefix-host] demote submitted off the tick: 2048 tokens, 218.7MB, ticket seq=90, 32 items on the contracts door's copy stream (model q38, ns "burst-8")
1790343206376 [admit-predict] id=cmpl-9b0aa812c90a568f874bb6b1ad77f007 tenant="warm-cold-4" model="q38" verdict=admit reason=global-p95 prompt=8192 predicted_completion=32 kv_hat=2679904612 booked_bytes=0 booked_real=0 inflight=0 cap=64 budget_bytes=65863724752 retry_after_s=- exempt=0 enforce=0 live_free_bytes=-
1790343206376 [admit-mem] id=cmpl-9b0aa812c90a568f874bb6b1ad77f007 model="q38" verdict=admit prompt=8192 output_bound=32 charged_ctx=8288 est_bytes=4984984404 est_context=261502976 est_fixed=4723481428 device_free=57123615328 pending_prime=0 pending_prime_v1=0 pending_seed=0 pending_seed_uncapped=0 host_free=31854923776 demotable=15712571392 short_by=0 inflight=0 cap=64 waited_ms=0 retry_after_s=- reason=-
1790343206376 [spec-k] model="q38" tenant="warm-cold-4" K=3 source=cold-long prompt=8192 cached=0 lcp=0 active=1 wave=1 placement=single-or-non-pp2
1790343207428 [prime-yield] count=1 remaining=3 chunks=1 wall_ms=1051.995 max_chunk_ms=1051.995
1790343207429 [prefix-host] contracts door D2H receipt: ticket issuer=2 seq=90 epochs=0/1/1 items=32 (16 KV planes) complete=32 require=ok checksums_sha256=9406a0b57a329e20a42e82fc18850dff09421478bafb88aafa58d227986ff04d retired acknowledged; 96 f32 spans landed under the ticket and taken back before the retire; receipts on the copy stream (source digests, 88.67ms)
1790343207429 [prefix-host] demote copy complete off the tick: ticket seq=90 complete after 2 poll(s), 1067.6ms from submission to completion (tick-top poll); items=128 (32 KV, 96 f32 spans); 98 heap payloads (157.9MB) handed to the hash helper; by slot class: conv 48 (5898240 B), ssm 48 (150994944 B), hidden 1 (0 B), logits 1 (993280 B)
1790343207429 [prefix-host] demote KV leases on the hash helper: ticket seq=90, 32 lease views (60.8MB) for the bind's re-hash
1790343208542 [prime-yield] count=2 remaining=2 chunks=1 wall_ms=1113.107 max_chunk_ms=1113.107
1790343208542 [prefix-host] demote: 2048 tokens, 218.7MB in 2192.7ms (host resident 2723.5MB / 34360MB, model q38, ns "burst-8")
1790343208542 [prefix-host] demote digests landed off the tick: ticket seq=90, 98 payloads (157.9MB) hashed in 108.9ms on the hash helper, landed after 1 poll(s) (tick-top poll); the owner thread held 12.43ms across the demote: pre-submit 11.95, copy settle 0.32 over 2 poll(s), hashing polls 0.02, take-back bind and publish 0.14; owner in-completion 12.11ms; wall 2192.7ms t0 to publication; 0 hit(s) parked on the Hashing entry (0 re-park(s))
1790343208564 [prime-yield] count=3 remaining=1 chunks=1 wall_ms=21.408 max_chunk_ms=21.408
1790343208586 [prefix-cache] capture submitted off the tick (spec-boundary): 8192 tokens, 34 planes (415.4MB) on the contracts door's copy stream; recurrent state and boundary logits taken by the spec engine at the prime stop; draft plane 8192 rows (15204.4KB) in the batch
1790343208858 [spec-acc] ctx=8193 burst=15/45 cum=15/45=0.333
1790343208858 [prefix-cache] contracts door D2D capture receipt: ticket issuer=2 seq=91 epochs=0/1/1 items=34 bytes=258473984 source_digests_sha256=5d9055d0df6d60cc47428d65f05e3fbdf89698d4a884120afac30ee093e07667 destination_digests_sha256=5d9055d0df6d60cc47428d65f05e3fbdf89698d4a884120afac30ee093e07667 require=ok
1790343208858 [prefix-cache] capture published off the tick (spec-boundary): 8192 tokens complete after 1 poll(s), 272.3ms from submission to completion, 272.3ms to publication (settled synchronously by a session retire; the settle held the owner thread 0.19ms, entered 272.2ms after submission)
1790343208858 [prefix-cache] insert (spec-boundary): 8192 tokens, 415.4MB (resident 16128.0MB / 15883MB, model q38, ns "warm-cold-4")
1790343208858 [prefix-cache] evict (LRU): 2048 tokens, 217.7MB (model q38, ns "burst-6")
1790343208859 [meter] admit id=cmpl-9e3ab45df6e4f6f0938ea327ab3ba115 tenant=default lane=interactive model="q38"
1790343208870 [prefix-host] demote submitted off the tick: 2048 tokens, 218.7MB, ticket seq=92, 32 items on the contracts door's copy stream (model q38, ns "burst-6")
1790343208870 [prefix-cache] evict (LRU): 2048 tokens, 217.7MB (model q38, ns "burst-10")
1790343208941 [prefix-host] contracts door D2H receipt: ticket issuer=2 seq=92 epochs=0/1/1 items=32 (16 KV planes) complete=32 require=ok checksums_sha256=d756a188ee24871d491848e3dfda18a1ba1967618c3081829860b67f46b33af1 retired acknowledged; 96 f32 spans landed under the ticket and taken back before the retire; receipts on the copy stream (source digests, 67.58ms)
1790343208941 [prefix-host] demote copy complete off the tick: ticket seq=92 complete after 1 poll(s), 71.7ms from submission to completion (settled synchronously by a second demote); items=128 (32 KV, 96 f32 spans); 98 heap payloads (157.9MB) handed to the hash helper; by slot class: conv 48 (5898240 B), ssm 48 (150994944 B), hidden 1 (0 B), logits 1 (993280 B)
1790343208941 [prefix-host] demote KV leases on the hash helper: ticket seq=92, 32 lease views (60.8MB) for the bind's re-hash
1790343208941 [prefix-host] demote hashing settled synchronously by a second demote: waiting for the hash helper's reply for ticket seq=92 (98 payloads, 157.9MB, 0.0ms since the hand-off; no CUDA event and no join: the KV planes settled and the ticket retired before the hand-off; the helper joins at shutdown or at the tier's latch)
1790343209047 [prefix-host] demote: 2048 tokens, 218.7MB in 188.4ms (host resident 2942.2MB / 34360MB, model q38, ns "burst-6")
1790343209047 [prefix-host] demote digests landed off the tick: ticket seq=92, 98 payloads (157.9MB) hashed in 105.0ms on the hash helper, landed after 1 poll(s) (settled synchronously by a second demote); the owner thread held 188.44ms across the demote: pre-submit 11.70, copy settle 71.47 over 1 poll(s), hashing polls 105.04, take-back bind and publish 0.23; owner in-completion 116.97ms; wall 188.4ms t0 to publication; 0 hit(s) parked on the Hashing entry (0 re-park(s))
1790343209059 [prefix-host] demote submitted off the tick: 2048 tokens, 218.7MB, ticket seq=93, 32 items on the contracts door's copy stream (model q38, ns "burst-10")
1790343209073 [admit-predict] id=cmpl-9e3ab45df6e4f6f0938ea327ab3ba115 tenant="warm" model="q38" verdict=admit reason=global-p95 prompt=8192 predicted_completion=32 kv_hat=2679904612 booked_bytes=0 booked_real=0 inflight=0 cap=64 budget_bytes=65863724752 retry_after_s=- exempt=0 enforce=0 live_free_bytes=-
1790343209073 [admit-mem] id=cmpl-9e3ab45df6e4f6f0938ea327ab3ba115 model="q38" verdict=admit prompt=8192 output_bound=32 charged_ctx=8288 est_bytes=4984984404 est_context=261502976 est_fixed=4723481428 device_free=57032572976 pending_prime=0 pending_prime_v1=0 pending_seed=0 pending_seed_uncapped=0 host_free=31417499648 demotable=15692537856 short_by=0 inflight=0 cap=64 waited_ms=0 retry_after_s=- reason=-
1790343209073 [worker] spec-affinity: declined (history diverged at 0 of checkpoint 8192; 2 parked, 8192 prompt tokens; model q38)
1790343209074 [spec-k] model="q38" tenant="warm" K=3 source=cold-long prompt=8192 cached=0 lcp=0 active=1 wave=1 placement=single-or-non-pp2
1790343210126 [prime-yield] count=1 remaining=3 chunks=1 wall_ms=1052.813 max_chunk_ms=1052.813
1790343210127 [prefix-host] contracts door D2H receipt: ticket issuer=2 seq=93 epochs=0/1/1 items=32 (16 KV planes) complete=32 require=ok checksums_sha256=f9d170ab8c90076464fbec9095ec779d68904ffeddf2cf764c778b4bfc410d41 retired acknowledged; 96 f32 spans landed under the ticket and taken back before the retire; receipts on the copy stream (source digests, 88.74ms)
1790343210127 [prefix-host] demote copy complete off the tick: ticket seq=93 complete after 2 poll(s), 1068.2ms from submission to completion (tick-top poll); items=128 (32 KV, 96 f32 spans); 98 heap payloads (157.9MB) handed to the hash helper; by slot class: conv 48 (5898240 B), ssm 48 (150994944 B), hidden 1 (0 B), logits 1 (993280 B)
1790343210127 [prefix-host] demote KV leases on the hash helper: ticket seq=93, 32 lease views (60.8MB) for the bind's re-hash
1790343211241 [prime-yield] count=2 remaining=2 chunks=1 wall_ms=1113.925 max_chunk_ms=1113.925
1790343211241 [prefix-host] demote: 2048 tokens, 218.7MB in 2193.9ms (host resident 3161.0MB / 34360MB, model q38, ns "burst-10")
1790343211241 [prefix-host] demote digests landed off the tick: ticket seq=93, 98 payloads (157.9MB) hashed in 108.6ms on the hash helper, landed after 1 poll(s) (tick-top poll); the owner thread held 12.33ms across the demote: pre-submit 11.85, copy settle 0.33 over 2 poll(s), hashing polls 0.02, take-back bind and publish 0.14; owner in-completion 12.00ms; wall 2193.9ms t0 to publication; 0 hit(s) parked on the Hashing entry (0 re-park(s))
1790343211262 [prime-yield] count=3 remaining=1 chunks=1 wall_ms=21.371 max_chunk_ms=21.371
1790343211285 [prefix-cache] capture submitted off the tick (spec-boundary): 8192 tokens, 34 planes (415.4MB) on the contracts door's copy stream; recurrent state and boundary logits taken by the spec engine at the prime stop; draft plane 8192 rows (15204.4KB) in the batch
1790343211592 [spec-acc] ctx=8193 burst=13/51 cum=13/51=0.255
1790343211592 [prefix-cache] contracts door D2D capture receipt: ticket issuer=2 seq=94 epochs=0/1/1 items=34 bytes=258473984 source_digests_sha256=11622ea381ab9ecd9012f1493e4965b519e9d5b56f2c272750dafe800f333453 destination_digests_sha256=11622ea381ab9ecd9012f1493e4965b519e9d5b56f2c272750dafe800f333453 require=ok
1790343211592 [prefix-cache] capture published off the tick (spec-boundary): 8192 tokens complete after 1 poll(s), 307.0ms from submission to completion, 307.0ms to publication (settled synchronously by a session retire; the settle held the owner thread 0.20ms, entered 306.8ms after submission)
1790343211592 [prefix-cache] insert (spec-boundary): 8192 tokens, 415.4MB (resident 16107.9MB / 15883MB, model q38, ns "warm")
1790343211592 [prefix-cache] evict (LRU): 2048 tokens, 217.7MB (model q38, ns "burst-11")
1790343211593 [meter] admit id=cmpl-cca973372f41d6f91e2743f2bedb8955 tenant=default lane=interactive model="q38"
1790343211604 [prefix-host] demote submitted off the tick: 2048 tokens, 218.7MB, ticket seq=95, 32 items on the contracts door's copy stream (model q38, ns "burst-11")
1790343211604 [prefix-cache] evict (LRU): 2048 tokens, 217.7MB (model q38, ns "burst-12")
1790343211675 [prefix-host] contracts door D2H receipt: ticket issuer=2 seq=95 epochs=0/1/1 items=32 (16 KV planes) complete=32 require=ok checksums_sha256=173f8a405527749d9f0185a85ecb8197e45f203f8b33b53f1621e932c73d6b5d retired acknowledged; 96 f32 spans landed under the ticket and taken back before the retire; receipts on the copy stream (source digests, 67.87ms)
1790343211675 [prefix-host] demote copy complete off the tick: ticket seq=95 complete after 1 poll(s), 72.0ms from submission to completion (settled synchronously by a second demote); items=128 (32 KV, 96 f32 spans); 98 heap payloads (157.9MB) handed to the hash helper; by slot class: conv 48 (5898240 B), ssm 48 (150994944 B), hidden 1 (0 B), logits 1 (993280 B)
1790343211675 [prefix-host] demote KV leases on the hash helper: ticket seq=95, 32 lease views (60.8MB) for the bind's re-hash
1790343211675 [prefix-host] demote hashing settled synchronously by a second demote: waiting for the hash helper's reply for ticket seq=95 (98 payloads, 157.9MB, 0.0ms since the hand-off; no CUDA event and no join: the KV planes settled and the ticket retired before the hand-off; the helper joins at shutdown or at the tier's latch)
1790343211781 [prefix-host] demote: 2048 tokens, 218.7MB in 189.2ms (host resident 3379.7MB / 34360MB, model q38, ns "burst-11")
1790343211781 [prefix-host] demote digests landed off the tick: ticket seq=95, 98 payloads (157.9MB) hashed in 105.4ms on the hash helper, landed after 1 poll(s) (settled synchronously by a second demote); the owner thread held 189.20ms across the demote: pre-submit 11.72, copy settle 71.77 over 1 poll(s), hashing polls 105.47, take-back bind and publish 0.23; owner in-completion 117.43ms; wall 189.2ms t0 to publication; 0 hit(s) parked on the Hashing entry (0 re-park(s))
1790343211793 [prefix-host] demote submitted off the tick: 2048 tokens, 218.7MB, ticket seq=96, 32 items on the contracts door's copy stream (model q38, ns "burst-12")
1790343211808 [admit-predict] id=cmpl-cca973372f41d6f91e2743f2bedb8955 tenant="warm-cold-5" model="q38" verdict=admit reason=global-p95 prompt=8192 predicted_completion=32 kv_hat=2679904612 booked_bytes=0 booked_real=0 inflight=0 cap=64 budget_bytes=65863724752 retry_after_s=- exempt=0 enforce=0 live_free_bytes=-
1790343211808 [admit-mem] id=cmpl-cca973372f41d6f91e2743f2bedb8955 model="q38" verdict=admit prompt=8192 output_bound=32 charged_ctx=8288 est_bytes=4984984404 est_context=261502976 est_fixed=4723481428 device_free=57052626992 pending_prime=0 pending_prime_v1=0 pending_seed=0 pending_seed_uncapped=0 host_free=30980075520 demotable=15672504320 short_by=0 inflight=0 cap=64 waited_ms=0 retry_after_s=- reason=-
1790343211808 [spec-k] model="q38" tenant="warm-cold-5" K=3 source=cold-long prompt=8192 cached=0 lcp=0 active=1 wave=1 placement=single-or-non-pp2
1790343212861 [prime-yield] count=1 remaining=3 chunks=1 wall_ms=1052.645 max_chunk_ms=1052.645
1790343212861 [prefix-host] contracts door D2H receipt: ticket issuer=2 seq=96 epochs=0/1/1 items=32 (16 KV planes) complete=32 require=ok checksums_sha256=5b9983e962126a0e17d972636494f91706a0b10f8b06b42f8a7adc395f08b7ac retired acknowledged; 96 f32 spans landed under the ticket and taken back before the retire; receipts on the copy stream (source digests, 88.71ms)
1790343212861 [prefix-host] demote copy complete off the tick: ticket seq=96 complete after 2 poll(s), 1068.2ms from submission to completion (tick-top poll); items=128 (32 KV, 96 f32 spans); 98 heap payloads (157.9MB) handed to the hash helper; by slot class: conv 48 (5898240 B), ssm 48 (150994944 B), hidden 1 (0 B), logits 1 (993280 B)
1790343212861 [prefix-host] demote KV leases on the hash helper: ticket seq=96, 32 lease views (60.8MB) for the bind's re-hash
1790343213974 [prime-yield] count=2 remaining=2 chunks=1 wall_ms=1113.389 max_chunk_ms=1113.389
1790343213975 [prefix-host] demote: 2048 tokens, 218.7MB in 2193.4ms (host resident 3598.4MB / 34360MB, model q38, ns "burst-12")
1790343213975 [prefix-host] demote digests landed off the tick: ticket seq=96, 98 payloads (157.9MB) hashed in 109.0ms on the hash helper, landed after 1 poll(s) (tick-top poll); the owner thread held 12.29ms across the demote: pre-submit 11.81, copy settle 0.33 over 2 poll(s), hashing polls 0.02, take-back bind and publish 0.13; owner in-completion 11.96ms; wall 2193.4ms t0 to publication; 0 hit(s) parked on the Hashing entry (0 re-park(s))
1790343213996 [prime-yield] count=3 remaining=1 chunks=1 wall_ms=21.446 max_chunk_ms=21.446
1790343214019 [prefix-cache] capture submitted off the tick (spec-boundary): 8192 tokens, 34 planes (415.4MB) on the contracts door's copy stream; recurrent state and boundary logits taken by the spec engine at the prime stop; draft plane 8192 rows (15204.4KB) in the batch
1790343214325 [spec-acc] ctx=8193 burst=13/51 cum=13/51=0.255
1790343214325 [prefix-cache] contracts door D2D capture receipt: ticket issuer=2 seq=97 epochs=0/1/1 items=34 bytes=258473984 source_digests_sha256=11622ea381ab9ecd9012f1493e4965b519e9d5b56f2c272750dafe800f333453 destination_digests_sha256=11622ea381ab9ecd9012f1493e4965b519e9d5b56f2c272750dafe800f333453 require=ok
1790343214325 [prefix-cache] capture published off the tick (spec-boundary): 8192 tokens complete after 1 poll(s), 306.7ms from submission to completion, 306.7ms to publication (settled synchronously by a session retire; the settle held the owner thread 0.19ms, entered 306.5ms after submission)
1790343214325 [prefix-cache] insert (spec-boundary): 8192 tokens, 415.4MB (resident 16087.9MB / 15883MB, model q38, ns "warm-cold-5")
1790343214325 [prefix-cache] evict (LRU): 2048 tokens, 217.7MB (model q38, ns "burst-13")
1790343214326 [meter] admit id=cmpl-6812852d79e38004b6979be6b926a980 tenant=default lane=interactive model="q38"
1790343214337 [prefix-host] demote submitted off the tick: 2048 tokens, 218.7MB, ticket seq=98, 32 items on the contracts door's copy stream (model q38, ns "burst-13")
1790343214351 [admit-predict] id=cmpl-6812852d79e38004b6979be6b926a980 tenant="warm" model="q38" verdict=admit reason=global-p95 prompt=8192 predicted_completion=32 kv_hat=2679904612 booked_bytes=0 booked_real=0 inflight=0 cap=64 budget_bytes=65863724752 retry_after_s=- exempt=0 enforce=0 live_free_bytes=-
1790343214351 [admit-mem] id=cmpl-6812852d79e38004b6979be6b926a980 model="q38" verdict=admit prompt=8192 output_bound=32 charged_ctx=8288 est_bytes=4984984404 est_context=261502976 est_fixed=4723481428 device_free=56741776896 pending_prime=0 pending_prime_v1=0 pending_seed=0 pending_seed_uncapped=0 host_free=30761363456 demotable=15870181376 short_by=0 inflight=0 cap=64 waited_ms=0 retry_after_s=- reason=-
1790343214351 [worker] spec-affinity: declined (history diverged at 0 of checkpoint 8192; 2 parked, 8192 prompt tokens; model q38)
1790343214352 [spec-k] model="q38" tenant="warm" K=3 source=cold-long prompt=8192 cached=0 lcp=0 active=1 wave=1 placement=single-or-non-pp2
1790343215407 [prime-yield] count=1 remaining=3 chunks=1 wall_ms=1054.727 max_chunk_ms=1054.727
1790343215407 [prefix-host] contracts door D2H receipt: ticket issuer=2 seq=98 epochs=0/1/1 items=32 (16 KV planes) complete=32 require=ok checksums_sha256=d79ce697617b1ba285cede0991e2e685f3031e367fd099f0325aad18a5432fcf retired acknowledged; 96 f32 spans landed under the ticket and taken back before the retire; receipts on the copy stream (source digests, 88.94ms)
1790343215407 [prefix-host] demote copy complete off the tick: ticket seq=98 complete after 2 poll(s), 1070.0ms from submission to completion (tick-top poll); items=128 (32 KV, 96 f32 spans); 98 heap payloads (157.9MB) handed to the hash helper; by slot class: conv 48 (5898240 B), ssm 48 (150994944 B), hidden 1 (0 B), logits 1 (993280 B)
1790343215407 [prefix-host] demote KV leases on the hash helper: ticket seq=98, 32 lease views (60.8MB) for the bind's re-hash
1790343216521 [prime-yield] count=2 remaining=2 chunks=1 wall_ms=1113.854 max_chunk_ms=1113.854
1790343216521 [prefix-host] demote: 2048 tokens, 218.7MB in 2195.6ms (host resident 3817.1MB / 34360MB, model q38, ns "burst-13")
1790343216521 [prefix-host] demote digests landed off the tick: ticket seq=98, 98 payloads (157.9MB) hashed in 108.8ms on the hash helper, landed after 1 poll(s) (tick-top poll); the owner thread held 12.29ms across the demote: pre-submit 11.81, copy settle 0.33 over 2 poll(s), hashing polls 0.02, take-back bind and publish 0.14; owner in-completion 11.97ms; wall 2195.7ms t0 to publication; 0 hit(s) parked on the Hashing entry (0 re-park(s))
1790343216542 [prime-yield] count=3 remaining=1 chunks=1 wall_ms=21.399 max_chunk_ms=21.399
1790343216565 [prefix-cache] capture submitted off the tick (spec-boundary): 8192 tokens, 34 planes (415.4MB) on the contracts door's copy stream; recurrent state and boundary logits taken by the spec engine at the prime stop; draft plane 8192 rows (15204.4KB) in the batch
1790343216888 [spec-acc] ctx=8193 burst=15/54 cum=15/54=0.278
1790343216888 [prefix-cache] contracts door D2D capture receipt: ticket issuer=2 seq=99 epochs=0/1/1 items=34 bytes=258473984 source_digests_sha256=b93263e1d551d0ffc0d97ef0d97f0698c740aae1463aaa0a242b089b0f5d73d9 destination_digests_sha256=b93263e1d551d0ffc0d97ef0d97f0698c740aae1463aaa0a242b089b0f5d73d9 require=ok
1790343216888 [prefix-cache] capture published off the tick (spec-boundary): 8192 tokens complete after 1 poll(s), 323.6ms from submission to completion, 323.6ms to publication (settled synchronously by a session retire; the settle held the owner thread 0.20ms, entered 323.4ms after submission)
1790343216888 [prefix-cache] insert (spec-boundary): 8192 tokens, 415.4MB (resident 16285.6MB / 15883MB, model q38, ns "warm")
1790343216888 [prefix-cache] evict (LRU): 2048 tokens, 217.7MB (model q38, ns "burst-14")
1790343216890 [meter] admit id=cmpl-7250be7f3fd4885f1380d0e61e63c7bd tenant=default lane=interactive model="q38"
1790343216900 [prefix-host] demote submitted off the tick: 2048 tokens, 218.7MB, ticket seq=100, 32 items on the contracts door's copy stream (model q38, ns "burst-14")
1790343216900 [prefix-cache] evict (LRU): 2048 tokens, 217.7MB (model q38, ns "burst-17")
1790343216971 [prefix-host] contracts door D2H receipt: ticket issuer=2 seq=100 epochs=0/1/1 items=32 (16 KV planes) complete=32 require=ok checksums_sha256=f521fb0a798396a9e3e1aa7d0e62a8442cd673fef3c9bdcc284a6565fad5fee7 retired acknowledged; 96 f32 spans landed under the ticket and taken back before the retire; receipts on the copy stream (source digests, 67.37ms)
1790343216971 [prefix-host] demote copy complete off the tick: ticket seq=100 complete after 1 poll(s), 71.5ms from submission to completion (settled synchronously by a second demote); items=128 (32 KV, 96 f32 spans); 98 heap payloads (157.9MB) handed to the hash helper; by slot class: conv 48 (5898240 B), ssm 48 (150994944 B), hidden 1 (0 B), logits 1 (993280 B)
1790343216971 [prefix-host] demote KV leases on the hash helper: ticket seq=100, 32 lease views (60.8MB) for the bind's re-hash
1790343216971 [prefix-host] demote hashing settled synchronously by a second demote: waiting for the hash helper's reply for ticket seq=100 (98 payloads, 157.9MB, 0.0ms since the hand-off; no CUDA event and no join: the KV planes settled and the ticket retired before the hand-off; the helper joins at shutdown or at the tier's latch)
1790343217077 [prefix-host] demote: 2048 tokens, 218.7MB in 188.6ms (host resident 4035.8MB / 34360MB, model q38, ns "burst-14")
1790343217077 [prefix-host] demote digests landed off the tick: ticket seq=100, 98 payloads (157.9MB) hashed in 105.3ms on the hash helper, landed after 1 poll(s) (settled synchronously by a second demote); the owner thread held 188.64ms across the demote: pre-submit 11.73, copy settle 71.27 over 1 poll(s), hashing polls 105.40, take-back bind and publish 0.24; owner in-completion 117.37ms; wall 188.7ms t0 to publication; 0 hit(s) parked on the Hashing entry (0 re-park(s))
1790343217089 [prefix-host] demote submitted off the tick: 2048 tokens, 218.7MB, ticket seq=101, 32 items on the contracts door's copy stream (model q38, ns "burst-17")
1790343217103 [admit-predict] id=cmpl-7250be7f3fd4885f1380d0e61e63c7bd tenant="warm-cold-6" model="q38" verdict=admit reason=global-p95 prompt=8192 predicted_completion=32 kv_hat=2679904612 booked_bytes=0 booked_real=0 inflight=0 cap=64 budget_bytes=65863724752 retry_after_s=- exempt=0 enforce=0 live_free_bytes=-
1790343217103 [admit-mem] id=cmpl-7250be7f3fd4885f1380d0e61e63c7bd model="q38" verdict=admit prompt=8192 output_bound=32 charged_ctx=8288 est_bytes=4984984404 est_context=261502976 est_fixed=4723481428 device_free=56761830912 pending_prime=0 pending_prime_v1=0 pending_seed=0 pending_seed_uncapped=0 host_free=30323939328 demotable=15850147840 short_by=0 inflight=0 cap=64 waited_ms=0 retry_after_s=- reason=-
1790343217104 [spec-k] model="q38" tenant="warm-cold-6" K=3 source=cold-long prompt=8192 cached=0 lcp=0 active=1 wave=1 placement=single-or-non-pp2
1790343218157 [prime-yield] count=1 remaining=3 chunks=1 wall_ms=1052.788 max_chunk_ms=1052.788
1790343218157 [prefix-host] contracts door D2H receipt: ticket issuer=2 seq=101 epochs=0/1/1 items=32 (16 KV planes) complete=32 require=ok checksums_sha256=39d0903bb5974b9dc827f63efa57391dcf11216c8d8ed37e0084fcba72c676cc retired acknowledged; 96 f32 spans landed under the ticket and taken back before the retire; receipts on the copy stream (source digests, 88.59ms)
1790343218157 [prefix-host] demote copy complete off the tick: ticket seq=101 complete after 2 poll(s), 1068.3ms from submission to completion (tick-top poll); items=128 (32 KV, 96 f32 spans); 98 heap payloads (157.9MB) handed to the hash helper; by slot class: conv 48 (5898240 B), ssm 48 (150994944 B), hidden 1 (0 B), logits 1 (993280 B)
1790343218157 [prefix-host] demote KV leases on the hash helper: ticket seq=101, 32 lease views (60.8MB) for the bind's re-hash
1790343219271 [prime-yield] count=2 remaining=2 chunks=1 wall_ms=1113.776 max_chunk_ms=1113.776
1790343219271 [prefix-host] demote: 2048 tokens, 218.7MB in 2193.8ms (host resident 4254.5MB / 34360MB, model q38, ns "burst-17")
1790343219271 [prefix-host] demote digests landed off the tick: ticket seq=101, 98 payloads (157.9MB) hashed in 108.5ms on the hash helper, landed after 1 poll(s) (tick-top poll); the owner thread held 12.24ms across the demote: pre-submit 11.74, copy settle 0.33 over 2 poll(s), hashing polls 0.02, take-back bind and publish 0.14; owner in-completion 11.90ms; wall 2193.8ms t0 to publication; 0 hit(s) parked on the Hashing entry (0 re-park(s))
1790343219293 [prime-yield] count=3 remaining=1 chunks=1 wall_ms=21.434 max_chunk_ms=21.434
1790343219315 [prefix-cache] capture submitted off the tick (spec-boundary): 8192 tokens, 34 planes (415.4MB) on the contracts door's copy stream; recurrent state and boundary logits taken by the spec engine at the prime stop; draft plane 8192 rows (15204.4KB) in the batch
1790343219638 [spec-acc] ctx=8193 burst=15/54 cum=15/54=0.278
1790343219638 [prefix-cache] contracts door D2D capture receipt: ticket issuer=2 seq=102 epochs=0/1/1 items=34 bytes=258473984 source_digests_sha256=b93263e1d551d0ffc0d97ef0d97f0698c740aae1463aaa0a242b089b0f5d73d9 destination_digests_sha256=b93263e1d551d0ffc0d97ef0d97f0698c740aae1463aaa0a242b089b0f5d73d9 require=ok
1790343219639 [prefix-cache] capture published off the tick (spec-boundary): 8192 tokens complete after 1 poll(s), 323.6ms from submission to completion, 323.6ms to publication (settled synchronously by a session retire; the settle held the owner thread 0.21ms, entered 323.4ms after submission)
1790343219639 [prefix-cache] insert (spec-boundary): 8192 tokens, 415.4MB (resident 16265.5MB / 15883MB, model q38, ns "warm-cold-6")
1790343219639 [prefix-cache] evict (LRU): 2048 tokens, 217.7MB (model q38, ns "burst-20")
1790343219639 [meter] admit id=cmpl-de2f00cecd5ac680cf9c6dfb0f136676 tenant=default lane=interactive model="q38"
1790343219650 [prefix-host] demote submitted off the tick: 2048 tokens, 218.7MB, ticket seq=103, 32 items on the contracts door's copy stream (model q38, ns "burst-20")
1790343219650 [prefix-cache] evict (LRU): 2048 tokens, 217.7MB (model q38, ns "burst-22")
1790343219722 [prefix-host] contracts door D2H receipt: ticket issuer=2 seq=103 epochs=0/1/1 items=32 (16 KV planes) complete=32 require=ok checksums_sha256=8fee1cd41357ab27dc29918e541ce99a2f0d32c4e8cf329d0d588a2b043c6046 retired acknowledged; 96 f32 spans landed under the ticket and taken back before the retire; receipts on the copy stream (source digests, 67.35ms)
1790343219722 [prefix-host] demote copy complete off the tick: ticket seq=103 complete after 1 poll(s), 71.4ms from submission to completion (settled synchronously by a second demote); items=128 (32 KV, 96 f32 spans); 98 heap payloads (157.9MB) handed to the hash helper; by slot class: conv 48 (5898240 B), ssm 48 (150994944 B), hidden 1 (0 B), logits 1 (993280 B)
1790343219722 [prefix-host] demote KV leases on the hash helper: ticket seq=103, 32 lease views (60.8MB) for the bind's re-hash
1790343219722 [prefix-host] demote hashing settled synchronously by a second demote: waiting for the hash helper's reply for ticket seq=103 (98 payloads, 157.9MB, 0.0ms since the hand-off; no CUDA event and no join: the KV planes settled and the ticket retired before the hand-off; the helper joins at shutdown or at the tier's latch)
1790343219829 [prefix-host] demote: 2048 tokens, 218.7MB in 190.0ms (host resident 4473.2MB / 34360MB, model q38, ns "burst-20")
1790343219829 [prefix-host] demote digests landed off the tick: ticket seq=103, 98 payloads (157.9MB) hashed in 106.6ms on the hash helper, landed after 1 poll(s) (settled synchronously by a second demote); the owner thread held 189.96ms across the demote: pre-submit 11.88, copy settle 71.23 over 1 poll(s), hashing polls 106.69, take-back bind and publish 0.17; owner in-completion 118.74ms; wall 190.0ms t0 to publication; 0 hit(s) parked on the Hashing entry (0 re-park(s))
1790343219841 [prefix-host] demote submitted off the tick: 2048 tokens, 218.7MB, ticket seq=104, 32 items on the contracts door's copy stream (model q38, ns "burst-22")
1790343219856 [admit-predict] id=cmpl-de2f00cecd5ac680cf9c6dfb0f136676 tenant="warm" model="q38" verdict=admit reason=global-p95 prompt=8192 predicted_completion=32 kv_hat=2679904612 booked_bytes=0 booked_real=0 inflight=0 cap=64 budget_bytes=65863724752 retry_after_s=- exempt=0 enforce=0 live_free_bytes=-
1790343219856 [admit-mem] id=cmpl-de2f00cecd5ac680cf9c6dfb0f136676 model="q38" verdict=admit prompt=8192 output_bound=32 charged_ctx=8288 est_bytes=4984984404 est_context=261502976 est_fixed=4723481428 device_free=56670788560 pending_prime=0 pending_prime_v1=0 pending_seed=0 pending_seed_uncapped=0 host_free=29886515200 demotable=15830114304 short_by=0 inflight=0 cap=64 waited_ms=0 retry_after_s=- reason=-
1790343219856 [worker] spec-affinity: declined (history diverged at 0 of checkpoint 8192; 2 parked, 8192 prompt tokens; model q38)
1790343219856 [spec-k] model="q38" tenant="warm" K=3 source=cold-long prompt=8192 cached=0 lcp=0 active=1 wave=1 placement=single-or-non-pp2
1790343220909 [prime-yield] count=1 remaining=3 chunks=1 wall_ms=1052.509 max_chunk_ms=1052.509
1790343220909 [prefix-host] contracts door D2H receipt: ticket issuer=2 seq=104 epochs=0/1/1 items=32 (16 KV planes) complete=32 require=ok checksums_sha256=e6cd542578d4138f76a88afd354d7c2a387767b1744848c3800b9041f75b4b37 retired acknowledged; 96 f32 spans landed under the ticket and taken back before the retire; receipts on the copy stream (source digests, 88.77ms)
1790343220909 [prefix-host] demote copy complete off the tick: ticket seq=104 complete after 2 poll(s), 1067.8ms from submission to completion (tick-top poll); items=128 (32 KV, 96 f32 spans); 98 heap payloads (157.9MB) handed to the hash helper; by slot class: conv 48 (5898240 B), ssm 48 (150994944 B), hidden 1 (0 B), logits 1 (993280 B)
1790343220909 [prefix-host] demote KV leases on the hash helper: ticket seq=104, 32 lease views (60.8MB) for the bind's re-hash
1790343222022 [prime-yield] count=2 remaining=2 chunks=1 wall_ms=1112.916 max_chunk_ms=1112.916
1790343222022 [prefix-host] demote: 2048 tokens, 218.7MB in 2193.4ms (host resident 4691.9MB / 34360MB, model q38, ns "burst-22")
1790343222022 [prefix-host] demote digests landed off the tick: ticket seq=104, 98 payloads (157.9MB) hashed in 108.8ms on the hash helper, landed after 1 poll(s) (tick-top poll); the owner thread held 13.19ms across the demote: pre-submit 12.63, copy settle 0.39 over 2 poll(s), hashing polls 0.02, take-back bind and publish 0.15; owner in-completion 12.79ms; wall 2193.4ms t0 to publication; 0 hit(s) parked on the Hashing entry (0 re-park(s))
1790343222044 [prime-yield] count=3 remaining=1 chunks=1 wall_ms=21.385 max_chunk_ms=21.385
1790343222066 [prefix-cache] capture submitted off the tick (spec-boundary): 8192 tokens, 34 planes (415.4MB) on the contracts door's copy stream; recurrent state and boundary logits taken by the spec engine at the prime stop; draft plane 8192 rows (15204.4KB) in the batch
1790343222372 [spec-acc] ctx=8193 burst=15/51 cum=15/51=0.294
1790343222372 [prefix-cache] contracts door D2D capture receipt: ticket issuer=2 seq=105 epochs=0/1/1 items=34 bytes=258473984 source_digests_sha256=58b0dfe905577e2e7e7dbdb1bddcb5fcd9d92d87a1e3fee784533ce8c890147c destination_digests_sha256=58b0dfe905577e2e7e7dbdb1bddcb5fcd9d92d87a1e3fee784533ce8c890147c require=ok
1790343222373 [prefix-cache] capture published off the tick (spec-boundary): 8192 tokens complete after 1 poll(s), 306.6ms from submission to completion, 306.6ms to publication (settled synchronously by a session retire; the settle held the owner thread 0.19ms, entered 306.4ms after submission)
1790343222373 [prefix-cache] insert (spec-boundary): 8192 tokens, 415.4MB (resident 16245.5MB / 15883MB, model q38, ns "warm")
1790343222373 [prefix-cache] evict (LRU): 2048 tokens, 217.7MB (model q38, ns "burst-24")
1790343222374 [meter] admit id=cmpl-47426264d79eefc7fd75771af5ef5b70 tenant=default lane=interactive model="q38"
1790343222384 [prefix-host] demote submitted off the tick: 2048 tokens, 218.7MB, ticket seq=106, 32 items on the contracts door's copy stream (model q38, ns "burst-24")
1790343222384 [prefix-cache] evict (LRU): 2048 tokens, 217.7MB (model q38, ns "burst-16")
1790343222455 [prefix-host] contracts door D2H receipt: ticket issuer=2 seq=106 epochs=0/1/1 items=32 (16 KV planes) complete=32 require=ok checksums_sha256=7e78eef44bd49608484a32f16b7b2c7a8143a5ee6ac1e9fa7410b703de02fe70 retired acknowledged; 96 f32 spans landed under the ticket and taken back before the retire; receipts on the copy stream (source digests, 67.56ms)
1790343222455 [prefix-host] demote copy complete off the tick: ticket seq=106 complete after 1 poll(s), 71.7ms from submission to completion (settled synchronously by a second demote); items=128 (32 KV, 96 f32 spans); 98 heap payloads (157.9MB) handed to the hash helper; by slot class: conv 48 (5898240 B), ssm 48 (150994944 B), hidden 1 (0 B), logits 1 (993280 B)
1790343222455 [prefix-host] demote KV leases on the hash helper: ticket seq=106, 32 lease views (60.8MB) for the bind's re-hash
1790343222455 [prefix-host] demote hashing settled synchronously by a second demote: waiting for the hash helper's reply for ticket seq=106 (98 payloads, 157.9MB, 0.0ms since the hand-off; no CUDA event and no join: the KV planes settled and the ticket retired before the hand-off; the helper joins at shutdown or at the tier's latch)
1790343222561 [prefix-host] demote: 2048 tokens, 218.7MB in 188.5ms (host resident 4910.6MB / 34360MB, model q38, ns "burst-24")
1790343222561 [prefix-host] demote digests landed off the tick: ticket seq=106, 98 payloads (157.9MB) hashed in 105.4ms on the hash helper, landed after 1 poll(s) (settled synchronously by a second demote); the owner thread held 188.54ms across the demote: pre-submit 11.42, copy settle 71.45 over 1 poll(s), hashing polls 105.42, take-back bind and publish 0.25; owner in-completion 117.09ms; wall 188.6ms t0 to publication; 0 hit(s) parked on the Hashing entry (0 re-park(s))
1790343222573 [prefix-host] demote submitted off the tick: 2048 tokens, 218.7MB, ticket seq=107, 32 items on the contracts door's copy stream (model q38, ns "burst-16")
1790343222587 [admit-predict] id=cmpl-47426264d79eefc7fd75771af5ef5b70 tenant="warm-cold-7" model="q38" verdict=admit reason=global-p95 prompt=8192 predicted_completion=32 kv_hat=2679904612 booked_bytes=0 booked_real=0 inflight=0 cap=64 budget_bytes=65863724752 retry_after_s=- exempt=0 enforce=0 live_free_bytes=-
1790343222587 [admit-mem] id=cmpl-47426264d79eefc7fd75771af5ef5b70 model="q38" verdict=admit prompt=8192 output_bound=32 charged_ctx=8288 est_bytes=4984984404 est_context=261502976 est_fixed=4723481428 device_free=56690842576 pending_prime=0 pending_prime_v1=0 pending_seed=0 pending_seed_uncapped=0 host_free=29449091072 demotable=15810080768 short_by=0 inflight=0 cap=64 waited_ms=0 retry_after_s=- reason=-
1790343222588 [spec-k] model="q38" tenant="warm-cold-7" K=3 source=cold-long prompt=8192 cached=0 lcp=0 active=1 wave=1 placement=single-or-non-pp2
1790343223641 [prime-yield] count=1 remaining=3 chunks=1 wall_ms=1052.917 max_chunk_ms=1052.917
1790343223641 [prefix-host] contracts door D2H receipt: ticket issuer=2 seq=107 epochs=0/1/1 items=32 (16 KV planes) complete=32 require=ok checksums_sha256=adb5ada0d2b0028eacd572adb84566b7e4c986016559a5efab55cfa6d57f3c67 retired acknowledged; 96 f32 spans landed under the ticket and taken back before the retire; receipts on the copy stream (source digests, 88.64ms)
1790343223641 [prefix-host] demote copy complete off the tick: ticket seq=107 complete after 2 poll(s), 1068.5ms from submission to completion (tick-top poll); items=128 (32 KV, 96 f32 spans); 98 heap payloads (157.9MB) handed to the hash helper; by slot class: conv 48 (5898240 B), ssm 48 (150994944 B), hidden 1 (0 B), logits 1 (993280 B)
1790343223641 [prefix-host] demote KV leases on the hash helper: ticket seq=107, 32 lease views (60.8MB) for the bind's re-hash
1790343224754 [prime-yield] count=2 remaining=2 chunks=1 wall_ms=1112.714 max_chunk_ms=1112.714
1790343224754 [prefix-host] demote: 2048 tokens, 218.7MB in 2192.7ms (host resident 5129.4MB / 34360MB, model q38, ns "burst-16")
1790343224754 [prefix-host] demote digests landed off the tick: ticket seq=107, 98 payloads (157.9MB) hashed in 108.6ms on the hash helper, landed after 1 poll(s) (tick-top poll); the owner thread held 12.02ms across the demote: pre-submit 11.54, copy settle 0.34 over 2 poll(s), hashing polls 0.02, take-back bind and publish 0.13; owner in-completion 11.69ms; wall 2192.7ms t0 to publication; 0 hit(s) parked on the Hashing entry (0 re-park(s))
1790343224776 [prime-yield] count=3 remaining=1 chunks=1 wall_ms=21.437 max_chunk_ms=21.437
1790343224798 [prefix-cache] capture submitted off the tick (spec-boundary): 8192 tokens, 34 planes (415.4MB) on the contracts door's copy stream; recurrent state and boundary logits taken by the spec engine at the prime stop; draft plane 8192 rows (15204.4KB) in the batch
1790343225104 [spec-acc] ctx=8193 burst=15/51 cum=15/51=0.294
1790343225104 [prefix-cache] contracts door D2D capture receipt: ticket issuer=2 seq=108 epochs=0/1/1 items=34 bytes=258473984 source_digests_sha256=58b0dfe905577e2e7e7dbdb1bddcb5fcd9d92d87a1e3fee784533ce8c890147c destination_digests_sha256=58b0dfe905577e2e7e7dbdb1bddcb5fcd9d92d87a1e3fee784533ce8c890147c require=ok
1790343225105 [prefix-cache] capture published off the tick (spec-boundary): 8192 tokens complete after 1 poll(s), 306.7ms from submission to completion, 306.7ms to publication (settled synchronously by a session retire; the settle held the owner thread 0.20ms, entered 306.5ms after submission)
1790343225105 [prefix-cache] insert (spec-boundary): 8192 tokens, 415.4MB (resident 16225.5MB / 15883MB, model q38, ns "warm-cold-7")
1790343225105 [prefix-cache] evict (LRU): 2048 tokens, 217.7MB (model q38, ns "burst-15")
1790343225116 [prefix-host] demote submitted off the tick: 2048 tokens, 218.7MB, ticket seq=109, 32 items on the contracts door's copy stream (model q38, ns "burst-15")
1790343225116 [prefix-cache] evict (LRU): 2048 tokens, 217.7MB (model q38, ns "burst-28")
1790343225124 [server] SIGTERM: draining (0 in flight, deadline 30s)
1790343225124 [server] drain complete in 0.0s; exiting
1790343225188 [prefix-host] contracts door D2H receipt: ticket issuer=2 seq=109 epochs=0/1/1 items=32 (16 KV planes) complete=32 require=ok checksums_sha256=21e36b3df99ab0734f900ec3ee6bd168226665c64998b7607a913711601b62c2 retired acknowledged; 96 f32 spans landed under the ticket and taken back before the retire; receipts on the copy stream (source digests, 67.61ms)
1790343225188 [prefix-host] demote copy complete off the tick: ticket seq=109 complete after 1 poll(s), 71.7ms from submission to completion (settled synchronously by a second demote); items=128 (32 KV, 96 f32 spans); 98 heap payloads (157.9MB) handed to the hash helper; by slot class: conv 48 (5898240 B), ssm 48 (150994944 B), hidden 1 (0 B), logits 1 (993280 B)
1790343225188 [prefix-host] demote KV leases on the hash helper: ticket seq=109, 32 lease views (60.8MB) for the bind's re-hash
1790343225188 [prefix-host] demote hashing settled synchronously by a second demote: waiting for the hash helper's reply for ticket seq=109 (98 payloads, 157.9MB, 0.0ms since the hand-off; no CUDA event and no join: the KV planes settled and the ticket retired before the hand-off; the helper joins at shutdown or at the tier's latch)
1790343225295 [prefix-host] demote: 2048 tokens, 218.7MB in 190.4ms (host resident 5348.1MB / 34360MB, model q38, ns "burst-15")
1790343225295 [prefix-host] demote digests landed off the tick: ticket seq=109, 98 payloads (157.9MB) hashed in 107.1ms on the hash helper, landed after 1 poll(s) (settled synchronously by a second demote); the owner thread held 190.44ms across the demote: pre-submit 11.55, copy settle 71.51 over 1 poll(s), hashing polls 107.14, take-back bind and publish 0.24; owner in-completion 118.93ms; wall 190.5ms t0 to publication; 0 hit(s) parked on the Hashing entry (0 re-park(s))
1790343225307 [prefix-host] demote submitted off the tick: 2048 tokens, 218.7MB, ticket seq=110, 32 items on the contracts door's copy stream (model q38, ns "burst-28")
1790343225321 [prefix-host] demote dropped at shutdown: 2048 tokens, its copy on the copy stream (model q38, ns "burst-28"); nothing published
1790343225323 [prefix-host] hash helper joined (shutdown)
1790343225619 [server] GPU worker shutdown complete
