timestamp, index, pstate, clocks.current.sm [MHz], clocks.current.memory [MHz], power.draw [W], power.limit [W], power.max_limit [W], temperature.gpu, memory.used [MiB], utilization.gpu [%], pcie.link.gen.current, pcie.link.width.current
2026/09/22 01:32:07.810, 0, P8, 180 MHz, 405 MHz, 32.93 W, 600.00 W, 600.00 W, 32, 0 MiB, 0 %, 1, 16
2026/09/22 01:32:08.069, 0, P8, 180 MHz, 405 MHz, 34.24 W, 600.00 W, 600.00 W, 32, 1 MiB, 0 %, 1, 16
2026/09/22 01:32:08.321, 0, P0, 180 MHz, 12481 MHz, 41.77 W, 600.00 W, 600.00 W, 33, 595 MiB, 0 %, 5, 16
2026/09/22 01:32:08.571, 0, P0, 2317 MHz, 12481 MHz, 50.98 W, 600.00 W, 600.00 W, 34, 1587 MiB, 0 %, 5, 16
2026/09/22 01:32:08.822, 0, P0, 2362 MHz, 12481 MHz, 55.40 W, 600.00 W, 600.00 W, 34, 2515 MiB, 8 %, 5, 16
2026/09/22 01:32:09.072, 0, P0, 2362 MHz, 12481 MHz, 83.87 W, 600.00 W, 600.00 W, 34, 3443 MiB, 8 %, 5, 16
2026/09/22 01:32:09.323, 0, P0, 2362 MHz, 12481 MHz, 89.71 W, 600.00 W, 600.00 W, 34, 4371 MiB, 7 %, 5, 16
2026/09/22 01:32:09.573, 0, P0, 2362 MHz, 12481 MHz, 89.96 W, 600.00 W, 600.00 W, 34, 5267 MiB, 7 %, 5, 16
2026/09/22 01:32:09.824, 0, P0, 2362 MHz, 12481 MHz, 89.83 W, 600.00 W, 600.00 W, 34, 6195 MiB, 7 %, 5, 16
2026/09/22 01:32:10.074, 0, P0, 2362 MHz, 12481 MHz, 89.85 W, 600.00 W, 600.00 W, 34, 7059 MiB, 7 %, 5, 16
2026/09/22 01:32:10.325, 0, P0, 2362 MHz, 12481 MHz, 89.89 W, 600.00 W, 600.00 W, 34, 8019 MiB, 7 %, 5, 16
2026/09/22 01:32:10.575, 0, P0, 2362 MHz, 12481 MHz, 89.88 W, 600.00 W, 600.00 W, 34, 8915 MiB, 7 %, 5, 16
2026/09/22 01:32:10.826, 0, P0, 2362 MHz, 12481 MHz, 89.94 W, 600.00 W, 600.00 W, 34, 9875 MiB, 7 %, 5, 16
2026/09/22 01:32:11.076, 0, P0, 2362 MHz, 12481 MHz, 89.93 W, 600.00 W, 600.00 W, 34, 10739 MiB, 7 %, 5, 16
2026/09/22 01:32:11.326, 0, P0, 2362 MHz, 12481 MHz, 89.98 W, 600.00 W, 600.00 W, 34, 11699 MiB, 8 %, 5, 16
2026/09/22 01:32:11.577, 0, P0, 2362 MHz, 12481 MHz, 89.98 W, 600.00 W, 600.00 W, 34, 12595 MiB, 7 %, 5, 16
2026/09/22 01:32:11.827, 0, P0, 2362 MHz, 12481 MHz, 89.96 W, 600.00 W, 600.00 W, 34, 13491 MiB, 6 %, 5, 16
2026/09/22 01:32:12.078, 0, P0, 2362 MHz, 12481 MHz, 90.03 W, 600.00 W, 600.00 W, 34, 14419 MiB, 7 %, 5, 16
2026/09/22 01:32:12.328, 0, P0, 2362 MHz, 12481 MHz, 90.00 W, 600.00 W, 600.00 W, 34, 14739 MiB, 7 %, 5, 16
2026/09/22 01:32:12.579, 0, P0, 2362 MHz, 12481 MHz, 123.98 W, 600.00 W, 600.00 W, 35, 19539 MiB, 24 %, 5, 16
2026/09/22 01:32:12.829, 0, P0, 2355 MHz, 12481 MHz, 207.03 W, 600.00 W, 600.00 W, 45, 19539 MiB, 100 %, 5, 16
2026/09/22 01:32:13.080, 0, P0, 2422 MHz, 12481 MHz, 326.25 W, 600.00 W, 600.00 W, 46, 19539 MiB, 100 %, 5, 16
2026/09/22 01:32:13.330, 0, P0, 2422 MHz, 12481 MHz, 406.09 W, 600.00 W, 600.00 W, 47, 19539 MiB, 100 %, 5, 16
2026/09/22 01:32:13.581, 0, P0, 2422 MHz, 12481 MHz, 493.41 W, 600.00 W, 600.00 W, 47, 19573 MiB, 100 %, 5, 16
2026/09/22 01:32:13.831, 0, P0, 2422 MHz, 12481 MHz, 456.33 W, 600.00 W, 600.00 W, 43, 19573 MiB, 88 %, 5, 16
2026/09/22 01:32:14.082, 0, P0, 2317 MHz, 12481 MHz, 425.83 W, 600.00 W, 600.00 W, 43, 17205 MiB, 95 %, 5, 16
2026/09/22 01:32:14.333, 0, P0, 2325 MHz, 12481 MHz, 354.51 W, 600.00 W, 600.00 W, 39, 17205 MiB, 95 %, 5, 16
2026/09/22 01:32:14.583, 0, P0, 2355 MHz, 12481 MHz, 244.80 W, 600.00 W, 600.00 W, 37, 17205 MiB, 0 %, 5, 16
2026/09/22 01:32:14.833, 0, P0, 2355 MHz, 12481 MHz, 189.07 W, 600.00 W, 600.00 W, 37, 17205 MiB, 0 %, 5, 16
2026/09/22 01:32:15.084, 0, P0, 2355 MHz, 12481 MHz, 102.46 W, 600.00 W, 600.00 W, 37, 17205 MiB, 0 %, 5, 16
2026/09/22 01:32:15.334, 0, P0, 2355 MHz, 12481 MHz, 91.35 W, 600.00 W, 600.00 W, 36, 17205 MiB, 0 %, 5, 16
2026/09/22 01:32:15.584, 0, P0, 2355 MHz, 12481 MHz, 91.35 W, 600.00 W, 600.00 W, 36, 17205 MiB, 0 %, 5, 16
2026/09/22 01:32:15.835, 0, P0, 2355 MHz, 12481 MHz, 91.35 W, 600.00 W, 600.00 W, 36, 17205 MiB, 0 %, 5, 16
2026/09/22 01:32:16.085, 0, P0, 2355 MHz, 12481 MHz, 109.62 W, 600.00 W, 600.00 W, 36, 17589 MiB, 0 %, 5, 16
2026/09/22 01:32:16.335, 0, P0, 2347 MHz, 12481 MHz, 147.62 W, 600.00 W, 600.00 W, 40, 18293 MiB, 97 %, 5, 16
2026/09/22 01:32:16.586, 0, P0, 2317 MHz, 12481 MHz, 188.85 W, 600.00 W, 600.00 W, 43, 18293 MiB, 95 %, 5, 16
2026/09/22 01:32:16.837, 0, P0, 2325 MHz, 12481 MHz, 204.11 W, 600.00 W, 600.00 W, 42, 18901 MiB, 98 %, 5, 16
2026/09/22 01:32:17.088, 0, P0, 2325 MHz, 12481 MHz, 308.31 W, 600.00 W, 600.00 W, 39, 18901 MiB, 95 %, 5, 16
2026/09/22 01:32:17.339, 0, P0, 2332 MHz, 12481 MHz, 299.57 W, 600.00 W, 600.00 W, 43, 18901 MiB, 29 %, 5, 16
2026/09/22 01:32:17.589, 0, P0, 2340 MHz, 12481 MHz, 237.81 W, 600.00 W, 600.00 W, 38, 19221 MiB, 4 %, 5, 16
2026/09/22 01:32:17.840, 0, P0, 2340 MHz, 12481 MHz, 251.20 W, 600.00 W, 600.00 W, 43, 19221 MiB, 94 %, 5, 16
2026/09/22 01:32:18.091, 0, P0, 2325 MHz, 12481 MHz, 281.85 W, 600.00 W, 600.00 W, 43, 19221 MiB, 95 %, 5, 16
2026/09/22 01:32:18.341, 0, P0, 2332 MHz, 12481 MHz, 299.94 W, 600.00 W, 600.00 W, 44, 19221 MiB, 96 %, 5, 16
2026/09/22 01:32:18.592, 0, P0, 2317 MHz, 12481 MHz, 316.49 W, 600.00 W, 600.00 W, 39, 0 MiB, 26 %, 5, 16
2026/09/22 01:32:18.843, 0, P0, 2355 MHz, 12481 MHz, 258.67 W, 600.00 W, 600.00 W, 38, 0 MiB, 13 %, 5, 16
2026/09/22 01:32:19.093, 0, P0, 2355 MHz, 12481 MHz, 186.80 W, 600.00 W, 600.00 W, 38, 0 MiB, 0 %, 5, 16
2026/09/22 01:32:19.343, 0, P0, 2355 MHz, 12481 MHz, 125.75 W, 600.00 W, 600.00 W, 38, 0 MiB, 0 %, 5, 16
2026/09/22 01:32:19.594, 0, P0, 2355 MHz, 12481 MHz, 93.97 W, 600.00 W, 600.00 W, 38, 595 MiB, 0 %, 5, 16
2026/09/22 01:32:19.844, 0, P0, 2355 MHz, 12481 MHz, 91.34 W, 600.00 W, 600.00 W, 38, 595 MiB, 2 %, 5, 16
2026/09/22 01:32:20.094, 0, P0, 2355 MHz, 12481 MHz, 91.91 W, 600.00 W, 600.00 W, 38, 2003 MiB, 0 %, 5, 16
2026/09/22 01:32:20.345, 0, P0, 2355 MHz, 12481 MHz, 92.20 W, 600.00 W, 600.00 W, 38, 2867 MiB, 6 %, 5, 16
2026/09/22 01:32:20.595, 0, P0, 2355 MHz, 12481 MHz, 91.61 W, 600.00 W, 600.00 W, 37, 3795 MiB, 7 %, 5, 16
2026/09/22 01:32:20.846, 0, P0, 2347 MHz, 12481 MHz, 91.51 W, 600.00 W, 600.00 W, 38, 4659 MiB, 7 %, 5, 16
2026/09/22 01:32:21.096, 0, P0, 2355 MHz, 12481 MHz, 91.36 W, 600.00 W, 600.00 W, 37, 5587 MiB, 6 %, 5, 16
2026/09/22 01:32:21.347, 0, P0, 2355 MHz, 12481 MHz, 91.36 W, 600.00 W, 600.00 W, 38, 6515 MiB, 7 %, 5, 16
2026/09/22 01:32:21.597, 0, P0, 2355 MHz, 12481 MHz, 91.47 W, 600.00 W, 600.00 W, 37, 7443 MiB, 7 %, 5, 16
2026/09/22 01:32:21.848, 0, P0, 2355 MHz, 12481 MHz, 91.48 W, 600.00 W, 600.00 W, 37, 8307 MiB, 7 %, 5, 16
2026/09/22 01:32:22.099, 0, P0, 2355 MHz, 12481 MHz, 91.42 W, 600.00 W, 600.00 W, 37, 9235 MiB, 7 %, 5, 16
2026/09/22 01:32:22.349, 0, P0, 2355 MHz, 12481 MHz, 91.46 W, 600.00 W, 600.00 W, 37, 10131 MiB, 7 %, 5, 16
2026/09/22 01:32:22.600, 0, P0, 2355 MHz, 12481 MHz, 91.41 W, 600.00 W, 600.00 W, 37, 10995 MiB, 6 %, 5, 16
2026/09/22 01:32:22.850, 0, P0, 2355 MHz, 12481 MHz, 91.33 W, 600.00 W, 600.00 W, 37, 11923 MiB, 8 %, 5, 16
2026/09/22 01:32:23.101, 0, P0, 2355 MHz, 12481 MHz, 91.43 W, 600.00 W, 600.00 W, 37, 12787 MiB, 6 %, 5, 16
2026/09/22 01:32:23.351, 0, P0, 2355 MHz, 12481 MHz, 91.36 W, 600.00 W, 600.00 W, 37, 13715 MiB, 6 %, 5, 16
2026/09/22 01:32:23.602, 0, P0, 2355 MHz, 12481 MHz, 91.37 W, 600.00 W, 600.00 W, 37, 14611 MiB, 7 %, 5, 16
2026/09/22 01:32:23.852, 0, P0, 2355 MHz, 12481 MHz, 91.11 W, 600.00 W, 600.00 W, 37, 14739 MiB, 0 %, 5, 16
2026/09/22 01:32:24.102, 0, P0, 2355 MHz, 12481 MHz, 140.35 W, 600.00 W, 600.00 W, 43, 19539 MiB, 41 %, 5, 16
2026/09/22 01:32:24.353, 0, P0, 2422 MHz, 12481 MHz, 256.33 W, 600.00 W, 600.00 W, 48, 19539 MiB, 100 %, 5, 16
2026/09/22 01:32:24.603, 0, P0, 2422 MHz, 12481 MHz, 334.85 W, 600.00 W, 600.00 W, 49, 19539 MiB, 100 %, 5, 16
2026/09/22 01:32:24.855, 0, P0, 2422 MHz, 12481 MHz, 460.55 W, 600.00 W, 600.00 W, 50, 19539 MiB, 100 %, 5, 16
2026/09/22 01:32:25.106, 0, P0, 2422 MHz, 12481 MHz, 488.00 W, 600.00 W, 600.00 W, 50, 19573 MiB, 100 %, 5, 16
2026/09/22 01:32:25.357, 0, P0, 2415 MHz, 12481 MHz, 439.81 W, 600.00 W, 600.00 W, 45, 19573 MiB, 95 %, 5, 16
2026/09/22 01:32:25.607, 0, P0, 2415 MHz, 12481 MHz, 406.77 W, 600.00 W, 600.00 W, 45, 17205 MiB, 81 %, 5, 16
2026/09/22 01:32:25.858, 0, P0, 2355 MHz, 12481 MHz, 291.06 W, 600.00 W, 600.00 W, 40, 17205 MiB, 0 %, 5, 16
2026/09/22 01:32:26.108, 0, P0, 2355 MHz, 12481 MHz, 212.51 W, 600.00 W, 600.00 W, 40, 17205 MiB, 0 %, 5, 16
2026/09/22 01:32:26.358, 0, P0, 2355 MHz, 12481 MHz, 139.62 W, 600.00 W, 600.00 W, 39, 17205 MiB, 0 %, 5, 16
2026/09/22 01:32:26.609, 0, P0, 2355 MHz, 12481 MHz, 93.67 W, 600.00 W, 600.00 W, 39, 17205 MiB, 0 %, 5, 16
2026/09/22 01:32:26.859, 0, P0, 2355 MHz, 12481 MHz, 93.67 W, 600.00 W, 600.00 W, 39, 17205 MiB, 0 %, 5, 16
2026/09/22 01:32:27.109, 0, P0, 2355 MHz, 12481 MHz, 93.67 W, 600.00 W, 600.00 W, 39, 17205 MiB, 0 %, 5, 16
2026/09/22 01:32:27.360, 0, P0, 2355 MHz, 12481 MHz, 93.67 W, 600.00 W, 600.00 W, 39, 17205 MiB, 0 %, 5, 16
2026/09/22 01:32:27.610, 0, P0, 2355 MHz, 12481 MHz, 101.57 W, 600.00 W, 600.00 W, 39, 17589 MiB, 71 %, 5, 16
2026/09/22 01:32:27.860, 0, P0, 2347 MHz, 12481 MHz, 156.09 W, 600.00 W, 600.00 W, 45, 18293 MiB, 95 %, 5, 16
2026/09/22 01:32:28.111, 0, P0, 2347 MHz, 12481 MHz, 176.62 W, 600.00 W, 600.00 W, 45, 18293 MiB, 95 %, 5, 16
2026/09/22 01:32:28.362, 0, P0, 2347 MHz, 12481 MHz, 202.47 W, 600.00 W, 600.00 W, 45, 18901 MiB, 95 %, 5, 16
2026/09/22 01:32:28.613, 0, P0, 2347 MHz, 12481 MHz, 333.14 W, 600.00 W, 600.00 W, 45, 18901 MiB, 79 %, 5, 16
2026/09/22 01:32:28.863, 0, P0, 2407 MHz, 12481 MHz, 320.17 W, 600.00 W, 600.00 W, 44, 19349 MiB, 96 %, 5, 16
2026/09/22 01:32:29.114, 0, P0, 2407 MHz, 12481 MHz, 329.34 W, 600.00 W, 600.00 W, 45, 19347 MiB, 95 %, 5, 16
2026/09/22 01:32:29.364, 0, P0, 2355 MHz, 12481 MHz, 265.04 W, 600.00 W, 600.00 W, 41, 0 MiB, 0 %, 5, 16
2026/09/22 01:32:29.615, 0, P0, 2355 MHz, 12481 MHz, 212.73 W, 600.00 W, 600.00 W, 40, 0 MiB, 0 %, 5, 16
2026/09/22 01:32:29.865, 0, P0, 2355 MHz, 12481 MHz, 155.35 W, 600.00 W, 600.00 W, 40, 0 MiB, 0 %, 5, 16
2026/09/22 01:32:30.115, 0, P0, 2355 MHz, 12481 MHz, 101.45 W, 600.00 W, 600.00 W, 40, 0 MiB, 0 %, 5, 16
2026/09/22 01:32:30.366, 0, P0, 2347 MHz, 12481 MHz, 92.32 W, 600.00 W, 600.00 W, 40, 595 MiB, 2 %, 5, 16
2026/09/22 01:32:30.616, 0, P0, 2347 MHz, 12481 MHz, 92.30 W, 600.00 W, 600.00 W, 39, 1459 MiB, 0 %, 5, 16
2026/09/22 01:32:30.867, 0, P0, 2347 MHz, 12481 MHz, 92.90 W, 600.00 W, 600.00 W, 39, 2227 MiB, 7 %, 5, 16
2026/09/22 01:32:31.117, 0, P0, 2347 MHz, 12481 MHz, 93.25 W, 600.00 W, 600.00 W, 39, 3155 MiB, 7 %, 5, 16
2026/09/22 01:32:31.368, 0, P0, 2355 MHz, 12481 MHz, 92.35 W, 600.00 W, 600.00 W, 39, 4051 MiB, 7 %, 5, 16
2026/09/22 01:32:31.618, 0, P0, 2355 MHz, 12481 MHz, 92.57 W, 600.00 W, 600.00 W, 39, 4947 MiB, 6 %, 5, 16
2026/09/22 01:32:31.869, 0, P0, 2347 MHz, 12481 MHz, 92.37 W, 600.00 W, 600.00 W, 39, 5843 MiB, 7 %, 5, 16
2026/09/22 01:32:32.119, 0, P0, 2347 MHz, 12481 MHz, 92.36 W, 600.00 W, 600.00 W, 39, 6707 MiB, 6 %, 5, 16
2026/09/22 01:32:32.370, 0, P0, 2347 MHz, 12481 MHz, 92.32 W, 600.00 W, 600.00 W, 39, 7635 MiB, 6 %, 5, 16
2026/09/22 01:32:32.620, 0, P0, 2347 MHz, 12481 MHz, 92.45 W, 600.00 W, 600.00 W, 39, 8563 MiB, 8 %, 5, 16
2026/09/22 01:32:32.871, 0, P0, 2347 MHz, 12481 MHz, 92.42 W, 600.00 W, 600.00 W, 39, 9427 MiB, 6 %, 5, 16
2026/09/22 01:32:33.121, 0, P0, 2347 MHz, 12481 MHz, 92.33 W, 600.00 W, 600.00 W, 39, 10323 MiB, 7 %, 5, 16
2026/09/22 01:32:33.372, 0, P0, 2347 MHz, 12481 MHz, 92.30 W, 600.00 W, 600.00 W, 39, 11187 MiB, 6 %, 5, 16
2026/09/22 01:32:33.622, 0, P0, 2347 MHz, 12481 MHz, 92.24 W, 600.00 W, 600.00 W, 39, 12115 MiB, 6 %, 5, 16
2026/09/22 01:32:33.873, 0, P0, 2347 MHz, 12481 MHz, 92.15 W, 600.00 W, 600.00 W, 39, 12979 MiB, 8 %, 5, 16
2026/09/22 01:32:34.123, 0, P0, 2347 MHz, 12481 MHz, 92.27 W, 600.00 W, 600.00 W, 39, 13907 MiB, 6 %, 5, 16
2026/09/22 01:32:34.374, 0, P0, 2347 MHz, 12481 MHz, 92.28 W, 600.00 W, 600.00 W, 39, 14739 MiB, 7 %, 5, 16
2026/09/22 01:32:34.624, 0, P0, 2347 MHz, 12481 MHz, 91.97 W, 600.00 W, 600.00 W, 39, 14739 MiB, 0 %, 5, 16
2026/09/22 01:32:34.874, 0, P0, 2347 MHz, 12481 MHz, 91.46 W, 600.00 W, 600.00 W, 39, 14739 MiB, 0 %, 5, 16
2026/09/22 01:32:35.125, 0, P0, 2347 MHz, 12481 MHz, 91.10 W, 600.00 W, 600.00 W, 39, 14739 MiB, 0 %, 5, 16
2026/09/22 01:32:35.375, 0, P0, 2347 MHz, 12481 MHz, 90.59 W, 600.00 W, 600.00 W, 39, 14739 MiB, 0 %, 5, 16
2026/09/22 01:32:35.625, 0, P0, 2347 MHz, 12481 MHz, 90.61 W, 600.00 W, 600.00 W, 39, 14739 MiB, 0 %, 5, 16
2026/09/22 01:32:35.876, 0, P0, 2347 MHz, 12481 MHz, 90.61 W, 600.00 W, 600.00 W, 39, 14739 MiB, 0 %, 5, 16
2026/09/22 01:32:36.126, 0, P0, 2347 MHz, 12481 MHz, 90.61 W, 600.00 W, 600.00 W, 39, 14739 MiB, 0 %, 5, 16
2026/09/22 01:32:36.376, 0, P0, 2347 MHz, 12481 MHz, 90.61 W, 600.00 W, 600.00 W, 39, 14739 MiB, 0 %, 5, 16
2026/09/22 01:32:36.627, 0, P0, 2347 MHz, 12481 MHz, 90.44 W, 600.00 W, 600.00 W, 39, 14739 MiB, 0 %, 5, 16
2026/09/22 01:32:36.877, 0, P0, 2347 MHz, 12481 MHz, 90.44 W, 600.00 W, 600.00 W, 39, 14739 MiB, 0 %, 5, 16
2026/09/22 01:32:37.127, 0, P0, 2347 MHz, 12481 MHz, 90.44 W, 600.00 W, 600.00 W, 39, 14739 MiB, 0 %, 5, 16
2026/09/22 01:32:37.378, 0, P0, 2347 MHz, 12481 MHz, 90.44 W, 600.00 W, 600.00 W, 39, 14739 MiB, 0 %, 5, 16
2026/09/22 01:32:37.628, 0, P0, 2347 MHz, 12481 MHz, 90.44 W, 600.00 W, 600.00 W, 39, 14739 MiB, 0 %, 5, 16
2026/09/22 01:32:37.878, 0, P0, 2347 MHz, 12481 MHz, 90.44 W, 600.00 W, 600.00 W, 39, 14739 MiB, 0 %, 5, 16
2026/09/22 01:32:38.129, 0, P0, 2347 MHz, 12481 MHz, 90.44 W, 600.00 W, 600.00 W, 39, 14739 MiB, 0 %, 5, 16
2026/09/22 01:32:38.379, 0, P0, 2347 MHz, 12481 MHz, 90.44 W, 600.00 W, 600.00 W, 39, 14739 MiB, 0 %, 5, 16
2026/09/22 01:32:38.629, 0, P0, 2355 MHz, 12481 MHz, 90.41 W, 600.00 W, 600.00 W, 39, 14739 MiB, 0 %, 5, 16
2026/09/22 01:32:38.880, 0, P0, 2355 MHz, 12481 MHz, 90.41 W, 600.00 W, 600.00 W, 39, 14739 MiB, 0 %, 5, 16
2026/09/22 01:32:39.130, 0, P0, 2355 MHz, 12481 MHz, 90.41 W, 600.00 W, 600.00 W, 39, 14739 MiB, 0 %, 5, 16
2026/09/22 01:32:39.380, 0, P0, 2355 MHz, 12481 MHz, 90.41 W, 600.00 W, 600.00 W, 39, 14739 MiB, 0 %, 5, 16
2026/09/22 01:32:39.631, 0, P0, 2355 MHz, 12481 MHz, 90.44 W, 600.00 W, 600.00 W, 39, 14739 MiB, 0 %, 5, 16
2026/09/22 01:32:39.881, 0, P0, 2355 MHz, 12481 MHz, 90.44 W, 600.00 W, 600.00 W, 39, 14739 MiB, 0 %, 5, 16
2026/09/22 01:32:40.131, 0, P0, 2355 MHz, 12481 MHz, 90.44 W, 600.00 W, 600.00 W, 39, 14739 MiB, 0 %, 5, 16
2026/09/22 01:32:40.382, 0, P0, 2355 MHz, 12481 MHz, 90.44 W, 600.00 W, 600.00 W, 39, 14739 MiB, 0 %, 5, 16
2026/09/22 01:32:40.632, 0, P0, 2355 MHz, 12481 MHz, 90.44 W, 600.00 W, 600.00 W, 39, 14739 MiB, 0 %, 5, 16
2026/09/22 01:32:40.882, 0, P0, 2355 MHz, 12481 MHz, 90.44 W, 600.00 W, 600.00 W, 39, 14739 MiB, 0 %, 5, 16
2026/09/22 01:32:41.132, 0, P0, 2355 MHz, 12481 MHz, 90.44 W, 600.00 W, 600.00 W, 39, 14739 MiB, 0 %, 5, 16
2026/09/22 01:32:41.383, 0, P0, 2355 MHz, 12481 MHz, 90.44 W, 600.00 W, 600.00 W, 39, 14739 MiB, 0 %, 5, 16
2026/09/22 01:32:41.633, 0, P0, 2347 MHz, 12481 MHz, 90.44 W, 600.00 W, 600.00 W, 39, 14739 MiB, 0 %, 5, 16
2026/09/22 01:32:41.883, 0, P0, 2347 MHz, 12481 MHz, 90.44 W, 600.00 W, 600.00 W, 39, 14739 MiB, 0 %, 5, 16
2026/09/22 01:32:42.134, 0, P0, 2347 MHz, 12481 MHz, 90.44 W, 600.00 W, 600.00 W, 39, 14739 MiB, 0 %, 5, 16
2026/09/22 01:32:42.384, 0, P0, 2347 MHz, 12481 MHz, 90.44 W, 600.00 W, 600.00 W, 39, 14739 MiB, 0 %, 5, 16
2026/09/22 01:32:42.634, 0, P0, 2347 MHz, 12481 MHz, 103.87 W, 600.00 W, 600.00 W, 47, 19539 MiB, 83 %, 5, 16
2026/09/22 01:32:42.885, 0, P0, 2422 MHz, 12481 MHz, 182.49 W, 600.00 W, 600.00 W, 50, 19539 MiB, 100 %, 5, 16
2026/09/22 01:32:43.136, 0, P0, 2422 MHz, 12481 MHz, 219.52 W, 600.00 W, 600.00 W, 51, 19539 MiB, 100 %, 5, 16
2026/09/22 01:32:43.387, 0, P0, 2422 MHz, 12481 MHz, 261.17 W, 600.00 W, 600.00 W, 52, 19539 MiB, 100 %, 5, 16
2026/09/22 01:32:43.637, 0, P0, 2422 MHz, 12481 MHz, 494.64 W, 600.00 W, 600.00 W, 51, 19573 MiB, 100 %, 5, 16
2026/09/22 01:32:43.887, 0, P0, 2415 MHz, 12481 MHz, 450.57 W, 600.00 W, 600.00 W, 46, 19573 MiB, 95 %, 5, 16
2026/09/22 01:32:44.138, 0, P0, 2415 MHz, 12481 MHz, 420.73 W, 600.00 W, 600.00 W, 46, 17205 MiB, 96 %, 5, 16
2026/09/22 01:32:44.389, 0, P0, 2400 MHz, 12481 MHz, 345.14 W, 600.00 W, 600.00 W, 45, 18261 MiB, 97 %, 5, 16
2026/09/22 01:32:44.639, 0, P0, 2400 MHz, 12481 MHz, 313.69 W, 600.00 W, 600.00 W, 46, 18293 MiB, 96 %, 5, 16
2026/09/22 01:32:44.890, 0, P0, 2407 MHz, 12481 MHz, 297.53 W, 600.00 W, 600.00 W, 45, 18773 MiB, 70 %, 5, 16
2026/09/22 01:32:45.141, 0, P0, 2407 MHz, 12481 MHz, 292.26 W, 600.00 W, 600.00 W, 46, 18901 MiB, 95 %, 5, 16
2026/09/22 01:32:45.391, 0, P0, 2362 MHz, 12481 MHz, 291.74 W, 600.00 W, 600.00 W, 46, 18901 MiB, 95 %, 5, 16
2026/09/22 01:32:45.642, 0, P0, 2362 MHz, 12481 MHz, 251.82 W, 600.00 W, 600.00 W, 42, 18901 MiB, 6 %, 5, 16
2026/09/22 01:32:45.892, 0, P0, 2347 MHz, 12481 MHz, 198.44 W, 600.00 W, 600.00 W, 44, 18901 MiB, 4 %, 5, 16
2026/09/22 01:32:46.143, 0, P0, 2347 MHz, 12481 MHz, 204.59 W, 600.00 W, 600.00 W, 46, 19221 MiB, 94 %, 5, 16
2026/09/22 01:32:46.394, 0, P0, 2415 MHz, 12481 MHz, 224.96 W, 600.00 W, 600.00 W, 45, 19221 MiB, 96 %, 5, 16
2026/09/22 01:32:46.644, 0, P0, 2415 MHz, 12481 MHz, 270.91 W, 600.00 W, 600.00 W, 46, 19221 MiB, 95 %, 5, 16
2026/09/22 01:32:46.895, 0, P0, 2377 MHz, 12481 MHz, 284.66 W, 600.00 W, 600.00 W, 42, 0 MiB, 0 %, 5, 16
2026/09/22 01:32:47.145, 0, P0, 2377 MHz, 12481 MHz, 235.73 W, 600.00 W, 600.00 W, 41, 0 MiB, 29 %, 5, 16
2026/09/22 01:32:47.396, 0, P0, 2355 MHz, 12481 MHz, 173.20 W, 600.00 W, 600.00 W, 41, 0 MiB, 0 %, 5, 16
2026/09/22 01:32:47.646, 0, P0, 2355 MHz, 12481 MHz, 121.15 W, 600.00 W, 600.00 W, 41, 0 MiB, 0 %, 5, 16
2026/09/22 01:32:47.896, 0, P0, 2355 MHz, 12481 MHz, 94.32 W, 600.00 W, 600.00 W, 41, 593 MiB, 0 %, 5, 16
2026/09/22 01:32:48.147, 0, P0, 2355 MHz, 12481 MHz, 93.24 W, 600.00 W, 600.00 W, 41, 595 MiB, 2 %, 5, 16
2026/09/22 01:32:48.397, 0, P0, 2355 MHz, 12481 MHz, 93.82 W, 600.00 W, 600.00 W, 41, 1907 MiB, 10 %, 5, 16
2026/09/22 01:32:48.648, 0, P0, 2355 MHz, 12481 MHz, 94.19 W, 600.00 W, 600.00 W, 41, 2835 MiB, 7 %, 5, 16
2026/09/22 01:32:48.898, 0, P0, 2355 MHz, 12481 MHz, 93.79 W, 600.00 W, 600.00 W, 41, 3699 MiB, 7 %, 5, 16
2026/09/22 01:32:49.149, 0, P0, 2355 MHz, 12481 MHz, 93.30 W, 600.00 W, 600.00 W, 41, 4627 MiB, 6 %, 5, 16
2026/09/22 01:32:49.399, 0, P0, 2355 MHz, 12481 MHz, 93.18 W, 600.00 W, 600.00 W, 41, 5491 MiB, 7 %, 5, 16
2026/09/22 01:32:49.650, 0, P0, 2355 MHz, 12481 MHz, 93.21 W, 600.00 W, 600.00 W, 41, 6419 MiB, 7 %, 5, 16
2026/09/22 01:32:49.900, 0, P0, 2355 MHz, 12481 MHz, 93.22 W, 600.00 W, 600.00 W, 41, 7283 MiB, 6 %, 5, 16
2026/09/22 01:32:50.151, 0, P0, 2355 MHz, 12481 MHz, 93.18 W, 600.00 W, 600.00 W, 41, 8147 MiB, 8 %, 5, 16
2026/09/22 01:32:50.401, 0, P0, 2355 MHz, 12481 MHz, 93.14 W, 600.00 W, 600.00 W, 40, 9075 MiB, 7 %, 5, 16
2026/09/22 01:32:50.651, 0, P0, 2355 MHz, 12481 MHz, 93.08 W, 600.00 W, 600.00 W, 40, 9971 MiB, 6 %, 5, 16
2026/09/22 01:32:50.902, 0, P0, 2355 MHz, 12481 MHz, 93.00 W, 600.00 W, 600.00 W, 40, 10835 MiB, 7 %, 5, 16
2026/09/22 01:32:51.152, 0, P0, 2355 MHz, 12481 MHz, 92.99 W, 600.00 W, 600.00 W, 40, 11731 MiB, 6 %, 5, 16
2026/09/22 01:32:51.403, 0, P0, 2355 MHz, 12481 MHz, 92.99 W, 600.00 W, 600.00 W, 40, 12627 MiB, 7 %, 5, 16
2026/09/22 01:32:51.654, 0, P0, 2355 MHz, 12481 MHz, 92.98 W, 600.00 W, 600.00 W, 40, 13491 MiB, 7 %, 5, 16
2026/09/22 01:32:51.904, 0, P0, 2347 MHz, 12481 MHz, 92.91 W, 600.00 W, 600.00 W, 40, 14419 MiB, 7 %, 5, 16
2026/09/22 01:32:52.155, 0, P0, 2347 MHz, 12481 MHz, 92.85 W, 600.00 W, 600.00 W, 40, 14739 MiB, 6 %, 5, 16
2026/09/22 01:32:52.405, 0, P0, 2347 MHz, 12481 MHz, 125.45 W, 600.00 W, 600.00 W, 48, 19539 MiB, 86 %, 5, 16
2026/09/22 01:32:52.656, 0, P0, 2347 MHz, 12481 MHz, 204.68 W, 600.00 W, 600.00 W, 51, 19539 MiB, 100 %, 5, 16
2026/09/22 01:32:52.907, 0, P0, 2422 MHz, 12481 MHz, 325.65 W, 600.00 W, 600.00 W, 53, 19539 MiB, 100 %, 5, 16
2026/09/22 01:32:53.157, 0, P0, 2422 MHz, 12481 MHz, 406.23 W, 600.00 W, 600.00 W, 52, 19539 MiB, 100 %, 5, 16
2026/09/22 01:32:53.408, 0, P0, 2422 MHz, 12481 MHz, 494.43 W, 600.00 W, 600.00 W, 53, 19573 MiB, 100 %, 5, 16
2026/09/22 01:32:53.658, 0, P0, 2422 MHz, 12481 MHz, 460.09 W, 600.00 W, 600.00 W, 48, 19573 MiB, 95 %, 5, 16
2026/09/22 01:32:53.909, 0, P0, 2415 MHz, 12481 MHz, 415.88 W, 600.00 W, 600.00 W, 48, 17205 MiB, 95 %, 5, 16
2026/09/22 01:32:54.160, 0, P0, 2415 MHz, 12481 MHz, 338.10 W, 600.00 W, 600.00 W, 43, 17205 MiB, 33 %, 5, 16
2026/09/22 01:32:54.410, 0, P0, 2355 MHz, 12481 MHz, 222.64 W, 600.00 W, 600.00 W, 42, 17205 MiB, 0 %, 5, 16
2026/09/22 01:32:54.660, 0, P0, 2355 MHz, 12481 MHz, 175.76 W, 600.00 W, 600.00 W, 42, 17205 MiB, 0 %, 5, 16
2026/09/22 01:32:54.910, 0, P0, 2355 MHz, 12481 MHz, 102.23 W, 600.00 W, 600.00 W, 42, 17205 MiB, 0 %, 5, 16
2026/09/22 01:32:55.161, 0, P0, 2355 MHz, 12481 MHz, 97.19 W, 600.00 W, 600.00 W, 42, 17205 MiB, 0 %, 5, 16
2026/09/22 01:32:55.411, 0, P0, 2355 MHz, 12481 MHz, 97.19 W, 600.00 W, 600.00 W, 42, 17205 MiB, 0 %, 5, 16
2026/09/22 01:32:55.661, 0, P0, 2355 MHz, 12481 MHz, 97.19 W, 600.00 W, 600.00 W, 42, 17205 MiB, 0 %, 5, 16
2026/09/22 01:32:55.912, 0, P0, 2355 MHz, 12481 MHz, 108.79 W, 600.00 W, 600.00 W, 45, 17589 MiB, 0 %, 5, 16
2026/09/22 01:32:56.162, 0, P0, 2355 MHz, 12481 MHz, 141.65 W, 600.00 W, 600.00 W, 46, 18293 MiB, 97 %, 5, 16
2026/09/22 01:32:56.413, 0, P0, 2415 MHz, 12481 MHz, 177.21 W, 600.00 W, 600.00 W, 46, 18293 MiB, 69 %, 5, 16
2026/09/22 01:32:56.664, 0, P0, 2415 MHz, 12481 MHz, 189.51 W, 600.00 W, 600.00 W, 46, 18901 MiB, 96 %, 5, 16
2026/09/22 01:32:56.915, 0, P0, 2415 MHz, 12481 MHz, 310.30 W, 600.00 W, 600.00 W, 45, 18901 MiB, 95 %, 5, 16
2026/09/22 01:32:57.165, 0, P0, 2415 MHz, 12481 MHz, 307.05 W, 600.00 W, 600.00 W, 46, 19349 MiB, 88 %, 5, 16
2026/09/22 01:32:57.416, 0, P0, 2415 MHz, 12481 MHz, 311.32 W, 600.00 W, 600.00 W, 47, 19347 MiB, 85 %, 5, 16
2026/09/22 01:32:57.666, 0, P0, 2415 MHz, 12481 MHz, 278.05 W, 600.00 W, 600.00 W, 43, 0 MiB, 39 %, 5, 16
2026/09/22 01:32:57.917, 0, P0, 2355 MHz, 12481 MHz, 205.11 W, 600.00 W, 600.00 W, 42, 0 MiB, 0 %, 5, 16
2026/09/22 01:32:58.167, 0, P0, 2355 MHz, 12481 MHz, 172.96 W, 600.00 W, 600.00 W, 42, 0 MiB, 0 %, 5, 16
2026/09/22 01:32:58.417, 0, P0, 2355 MHz, 12481 MHz, 96.76 W, 600.00 W, 600.00 W, 42, 0 MiB, 0 %, 5, 16
2026/09/22 01:32:58.668, 0, P0, 2355 MHz, 12481 MHz, 94.07 W, 600.00 W, 600.00 W, 42, 595 MiB, 0 %, 5, 16
2026/09/22 01:32:58.918, 0, P0, 2355 MHz, 12481 MHz, 93.99 W, 600.00 W, 600.00 W, 42, 1459 MiB, 0 %, 5, 16
2026/09/22 01:32:59.168, 0, P0, 2355 MHz, 12481 MHz, 94.53 W, 600.00 W, 600.00 W, 42, 2227 MiB, 6 %, 5, 16
2026/09/22 01:32:59.419, 0, P0, 2355 MHz, 12481 MHz, 95.06 W, 600.00 W, 600.00 W, 42, 3155 MiB, 7 %, 5, 16
2026/09/22 01:32:59.669, 0, P0, 2355 MHz, 12481 MHz, 94.14 W, 600.00 W, 600.00 W, 42, 4019 MiB, 7 %, 5, 16
2026/09/22 01:32:59.920, 0, P0, 2355 MHz, 12481 MHz, 94.08 W, 600.00 W, 600.00 W, 42, 4915 MiB, 6 %, 5, 16
2026/09/22 01:33:00.171, 0, P0, 2355 MHz, 12481 MHz, 93.81 W, 600.00 W, 600.00 W, 42, 5811 MiB, 7 %, 5, 16
2026/09/22 01:33:00.421, 0, P0, 2355 MHz, 12481 MHz, 93.65 W, 600.00 W, 600.00 W, 42, 6707 MiB, 7 %, 5, 16
2026/09/22 01:33:00.671, 0, P0, 2355 MHz, 12481 MHz, 93.66 W, 600.00 W, 600.00 W, 41, 7635 MiB, 8 %, 5, 16
2026/09/22 01:33:00.922, 0, P0, 2355 MHz, 12481 MHz, 93.64 W, 600.00 W, 600.00 W, 41, 8499 MiB, 7 %, 5, 16
2026/09/22 01:33:01.172, 0, P0, 2355 MHz, 12481 MHz, 93.63 W, 600.00 W, 600.00 W, 41, 9363 MiB, 7 %, 5, 16
2026/09/22 01:33:01.423, 0, P0, 2355 MHz, 12481 MHz, 93.67 W, 600.00 W, 600.00 W, 41, 10291 MiB, 7 %, 5, 16
2026/09/22 01:33:01.673, 0, P0, 2355 MHz, 12481 MHz, 93.50 W, 600.00 W, 600.00 W, 41, 11155 MiB, 6 %, 5, 16
2026/09/22 01:33:01.924, 0, P0, 2355 MHz, 12481 MHz, 93.50 W, 600.00 W, 600.00 W, 41, 12019 MiB, 7 %, 5, 16
2026/09/22 01:33:02.174, 0, P0, 2355 MHz, 12481 MHz, 93.47 W, 600.00 W, 600.00 W, 41, 12947 MiB, 7 %, 5, 16
2026/09/22 01:33:02.425, 0, P0, 2355 MHz, 12481 MHz, 93.54 W, 600.00 W, 600.00 W, 41, 13811 MiB, 7 %, 5, 16
2026/09/22 01:33:02.675, 0, P0, 2355 MHz, 12481 MHz, 93.54 W, 600.00 W, 600.00 W, 41, 14707 MiB, 6 %, 5, 16
2026/09/22 01:33:02.926, 0, P0, 2355 MHz, 12481 MHz, 93.24 W, 600.00 W, 600.00 W, 41, 14739 MiB, 0 %, 5, 16
2026/09/22 01:33:03.176, 0, P0, 2355 MHz, 12481 MHz, 92.74 W, 600.00 W, 600.00 W, 41, 14739 MiB, 0 %, 5, 16
2026/09/22 01:33:03.426, 0, P0, 2355 MHz, 12481 MHz, 92.34 W, 600.00 W, 600.00 W, 41, 14739 MiB, 0 %, 5, 16
2026/09/22 01:33:03.677, 0, P0, 2355 MHz, 12481 MHz, 91.82 W, 600.00 W, 600.00 W, 41, 14739 MiB, 0 %, 5, 16
2026/09/22 01:33:03.927, 0, P0, 2355 MHz, 12481 MHz, 91.79 W, 600.00 W, 600.00 W, 41, 14739 MiB, 0 %, 5, 16
2026/09/22 01:33:04.177, 0, P0, 2355 MHz, 12481 MHz, 91.79 W, 600.00 W, 600.00 W, 41, 14739 MiB, 0 %, 5, 16
2026/09/22 01:33:04.428, 0, P0, 2355 MHz, 12481 MHz, 91.79 W, 600.00 W, 600.00 W, 41, 14739 MiB, 0 %, 5, 16
2026/09/22 01:33:04.678, 0, P0, 2355 MHz, 12481 MHz, 122.10 W, 600.00 W, 600.00 W, 45, 16051 MiB, 97 %, 5, 16
2026/09/22 01:33:04.929, 0, P0, 2422 MHz, 12481 MHz, 156.78 W, 600.00 W, 600.00 W, 45, 16051 MiB, 97 %, 5, 16
2026/09/22 01:33:05.180, 0, P0, 2422 MHz, 12481 MHz, 192.57 W, 600.00 W, 600.00 W, 46, 16051 MiB, 97 %, 5, 16
2026/09/22 01:33:05.430, 0, P0, 2422 MHz, 12481 MHz, 201.22 W, 600.00 W, 600.00 W, 44, 16371 MiB, 97 %, 5, 16
2026/09/22 01:33:05.681, 0, P0, 2400 MHz, 12481 MHz, 273.96 W, 600.00 W, 600.00 W, 45, 16371 MiB, 74 %, 5, 16
2026/09/22 01:33:05.933, 0, P0, 2407 MHz, 12481 MHz, 272.88 W, 600.00 W, 600.00 W, 46, 16371 MiB, 97 %, 5, 16
2026/09/22 01:33:06.183, 0, P0, 2422 MHz, 12481 MHz, 271.94 W, 600.00 W, 600.00 W, 46, 16371 MiB, 97 %, 5, 16
2026/09/22 01:33:06.434, 0, P0, 2422 MHz, 12481 MHz, 269.98 W, 600.00 W, 600.00 W, 44, 16499 MiB, 97 %, 5, 16
2026/09/22 01:33:06.685, 0, P0, 2370 MHz, 12481 MHz, 251.87 W, 600.00 W, 600.00 W, 45, 16691 MiB, 38 %, 5, 16
2026/09/22 01:33:06.935, 0, P0, 2392 MHz, 12481 MHz, 253.22 W, 600.00 W, 600.00 W, 46, 16691 MiB, 97 %, 5, 16
2026/09/22 01:33:07.186, 0, P0, 2422 MHz, 12481 MHz, 251.46 W, 600.00 W, 600.00 W, 46, 16691 MiB, 97 %, 5, 16
2026/09/22 01:33:07.437, 0, P0, 2422 MHz, 12481 MHz, 256.67 W, 600.00 W, 600.00 W, 45, 16691 MiB, 97 %, 5, 16
2026/09/22 01:33:07.688, 0, P0, 2422 MHz, 12481 MHz, 308.01 W, 600.00 W, 600.00 W, 47, 16691 MiB, 97 %, 5, 16
2026/09/22 01:33:07.938, 0, P0, 2422 MHz, 12481 MHz, 308.32 W, 600.00 W, 600.00 W, 47, 16691 MiB, 97 %, 5, 16
2026/09/22 01:33:08.189, 0, P0, 2422 MHz, 12481 MHz, 291.48 W, 600.00 W, 600.00 W, 44, 16691 MiB, 97 %, 5, 16
2026/09/22 01:33:08.440, 0, P0, 2407 MHz, 12481 MHz, 252.40 W, 600.00 W, 600.00 W, 43, 0 MiB, 0 %, 5, 16
2026/09/22 01:33:08.690, 0, P0, 2355 MHz, 12481 MHz, 197.22 W, 600.00 W, 600.00 W, 42, 0 MiB, 0 %, 5, 16
2026/09/22 01:33:08.940, 0, P0, 2355 MHz, 12481 MHz, 152.07 W, 600.00 W, 600.00 W, 42, 0 MiB, 0 %, 5, 16
2026/09/22 01:33:09.191, 0, P0, 2355 MHz, 12481 MHz, 95.52 W, 600.00 W, 600.00 W, 42, 0 MiB, 0 %, 5, 16
2026/09/22 01:33:09.441, 0, P0, 2355 MHz, 12481 MHz, 94.45 W, 600.00 W, 600.00 W, 43, 595 MiB, 0 %, 5, 16
2026/09/22 01:33:09.691, 0, P0, 2355 MHz, 12481 MHz, 94.07 W, 600.00 W, 600.00 W, 42, 1459 MiB, 0 %, 5, 16
2026/09/22 01:33:09.942, 0, P0, 2355 MHz, 12481 MHz, 94.67 W, 600.00 W, 600.00 W, 42, 2163 MiB, 7 %, 5, 16
2026/09/22 01:33:10.192, 0, P0, 2355 MHz, 12481 MHz, 95.11 W, 600.00 W, 600.00 W, 42, 3091 MiB, 7 %, 5, 16
2026/09/22 01:33:10.443, 0, P0, 2355 MHz, 12481 MHz, 93.94 W, 600.00 W, 600.00 W, 42, 3955 MiB, 7 %, 5, 16
2026/09/22 01:33:10.693, 0, P0, 2355 MHz, 12481 MHz, 94.29 W, 600.00 W, 600.00 W, 42, 4883 MiB, 7 %, 5, 16
2026/09/22 01:33:10.944, 0, P0, 2355 MHz, 12481 MHz, 93.91 W, 600.00 W, 600.00 W, 42, 5811 MiB, 7 %, 5, 16
2026/09/22 01:33:11.194, 0, P0, 2355 MHz, 12481 MHz, 93.87 W, 600.00 W, 600.00 W, 42, 6707 MiB, 7 %, 5, 16
2026/09/22 01:33:11.445, 0, P0, 2355 MHz, 12481 MHz, 93.94 W, 600.00 W, 600.00 W, 42, 7571 MiB, 7 %, 5, 16
2026/09/22 01:33:11.695, 0, P0, 2355 MHz, 12481 MHz, 93.95 W, 600.00 W, 600.00 W, 42, 8499 MiB, 7 %, 5, 16
2026/09/22 01:33:11.946, 0, P0, 2355 MHz, 12481 MHz, 93.94 W, 600.00 W, 600.00 W, 42, 9363 MiB, 8 %, 5, 16
2026/09/22 01:33:12.196, 0, P0, 2355 MHz, 12481 MHz, 93.91 W, 600.00 W, 600.00 W, 42, 10291 MiB, 7 %, 5, 16
2026/09/22 01:33:12.447, 0, P0, 2355 MHz, 12481 MHz, 93.84 W, 600.00 W, 600.00 W, 42, 11155 MiB, 7 %, 5, 16
2026/09/22 01:33:12.697, 0, P0, 2355 MHz, 12481 MHz, 93.87 W, 600.00 W, 600.00 W, 42, 12051 MiB, 7 %, 5, 16
2026/09/22 01:33:12.948, 0, P0, 2355 MHz, 12481 MHz, 93.90 W, 600.00 W, 600.00 W, 42, 12947 MiB, 7 %, 5, 16
2026/09/22 01:33:13.198, 0, P0, 2355 MHz, 12481 MHz, 93.83 W, 600.00 W, 600.00 W, 42, 13843 MiB, 8 %, 5, 16
2026/09/22 01:33:13.449, 0, P0, 2355 MHz, 12481 MHz, 93.80 W, 600.00 W, 600.00 W, 41, 14739 MiB, 7 %, 5, 16
2026/09/22 01:33:13.699, 0, P0, 2355 MHz, 12481 MHz, 93.38 W, 600.00 W, 600.00 W, 41, 14739 MiB, 0 %, 5, 16
2026/09/22 01:33:13.950, 0, P0, 2355 MHz, 12481 MHz, 92.95 W, 600.00 W, 600.00 W, 41, 14739 MiB, 0 %, 5, 16
2026/09/22 01:33:14.200, 0, P0, 2355 MHz, 12481 MHz, 92.47 W, 600.00 W, 600.00 W, 41, 14739 MiB, 0 %, 5, 16
2026/09/22 01:33:14.450, 0, P0, 2347 MHz, 12481 MHz, 92.09 W, 600.00 W, 600.00 W, 41, 14739 MiB, 0 %, 5, 16
2026/09/22 01:33:14.701, 0, P0, 2347 MHz, 12481 MHz, 92.00 W, 600.00 W, 600.00 W, 41, 14739 MiB, 0 %, 5, 16
2026/09/22 01:33:14.951, 0, P0, 2347 MHz, 12481 MHz, 92.00 W, 600.00 W, 600.00 W, 41, 14739 MiB, 0 %, 5, 16
2026/09/22 01:33:15.201, 0, P0, 2347 MHz, 12481 MHz, 92.00 W, 600.00 W, 600.00 W, 41, 14739 MiB, 0 %, 5, 16
2026/09/22 01:33:15.452, 0, P0, 2355 MHz, 12481 MHz, 108.07 W, 600.00 W, 600.00 W, 45, 16051 MiB, 0 %, 5, 16
2026/09/22 01:33:15.702, 0, P0, 2415 MHz, 12481 MHz, 160.56 W, 600.00 W, 600.00 W, 46, 16051 MiB, 97 %, 5, 16
2026/09/22 01:33:15.953, 0, P0, 2422 MHz, 12481 MHz, 183.17 W, 600.00 W, 600.00 W, 46, 16051 MiB, 97 %, 5, 16
2026/09/22 01:33:16.204, 0, P0, 2422 MHz, 12481 MHz, 200.24 W, 600.00 W, 600.00 W, 44, 16371 MiB, 97 %, 5, 16
2026/09/22 01:33:16.455, 0, P0, 2407 MHz, 12481 MHz, 298.08 W, 600.00 W, 600.00 W, 46, 16371 MiB, 98 %, 5, 16
2026/09/22 01:33:16.706, 0, P0, 2422 MHz, 12481 MHz, 302.49 W, 600.00 W, 600.00 W, 46, 16371 MiB, 97 %, 5, 16
2026/09/22 01:33:16.956, 0, P0, 2422 MHz, 12481 MHz, 302.10 W, 600.00 W, 600.00 W, 47, 16371 MiB, 97 %, 5, 16
2026/09/22 01:33:17.207, 0, P0, 2422 MHz, 12481 MHz, 295.86 W, 600.00 W, 600.00 W, 46, 16691 MiB, 62 %, 5, 16
2026/09/22 01:33:17.458, 0, P0, 2422 MHz, 12481 MHz, 304.92 W, 600.00 W, 600.00 W, 47, 16691 MiB, 97 %, 5, 16
2026/09/22 01:33:17.709, 0, P0, 2422 MHz, 12481 MHz, 306.23 W, 600.00 W, 600.00 W, 47, 16691 MiB, 97 %, 5, 16
2026/09/22 01:33:17.960, 0, P0, 2422 MHz, 12481 MHz, 281.51 W, 600.00 W, 600.00 W, 44, 3 MiB, 23 %, 5, 16
2026/09/22 01:33:18.211, 0, P0, 2362 MHz, 12481 MHz, 236.15 W, 600.00 W, 600.00 W, 43, 0 MiB, 20 %, 5, 16
2026/09/22 01:33:18.461, 0, P0, 2355 MHz, 12481 MHz, 187.55 W, 600.00 W, 600.00 W, 43, 0 MiB, 0 %, 5, 16
2026/09/22 01:33:18.711, 0, P0, 2355 MHz, 12481 MHz, 117.52 W, 600.00 W, 600.00 W, 42, 0 MiB, 0 %, 5, 16
2026/09/22 01:33:18.962, 0, P0, 2355 MHz, 12481 MHz, 95.94 W, 600.00 W, 600.00 W, 42, 22 MiB, 0 %, 5, 16
2026/09/22 01:33:19.212, 0, P0, 2355 MHz, 12481 MHz, 94.07 W, 600.00 W, 600.00 W, 42, 595 MiB, 2 %, 5, 16
2026/09/22 01:33:19.462, 0, P0, 2347 MHz, 12481 MHz, 94.22 W, 600.00 W, 600.00 W, 42, 1651 MiB, 0 %, 5, 16
2026/09/22 01:33:19.713, 0, P0, 2347 MHz, 12481 MHz, 94.71 W, 600.00 W, 600.00 W, 42, 2579 MiB, 7 %, 5, 16
2026/09/22 01:33:19.963, 0, P0, 2347 MHz, 12481 MHz, 95.02 W, 600.00 W, 600.00 W, 42, 3443 MiB, 6 %, 5, 16
2026/09/22 01:33:20.214, 0, P0, 2347 MHz, 12481 MHz, 94.17 W, 600.00 W, 600.00 W, 42, 4339 MiB, 7 %, 5, 16
2026/09/22 01:33:20.464, 0, P0, 2347 MHz, 12481 MHz, 94.14 W, 600.00 W, 600.00 W, 42, 5235 MiB, 7 %, 5, 16
2026/09/22 01:33:20.715, 0, P0, 2347 MHz, 12481 MHz, 93.99 W, 600.00 W, 600.00 W, 42, 6099 MiB, 8 %, 5, 16
2026/09/22 01:33:20.965, 0, P0, 2347 MHz, 12481 MHz, 93.95 W, 600.00 W, 600.00 W, 42, 7027 MiB, 8 %, 5, 16
2026/09/22 01:33:21.216, 0, P0, 2347 MHz, 12481 MHz, 93.89 W, 600.00 W, 600.00 W, 42, 7891 MiB, 6 %, 5, 16
2026/09/22 01:33:21.466, 0, P0, 2355 MHz, 12481 MHz, 93.91 W, 600.00 W, 600.00 W, 42, 8755 MiB, 7 %, 5, 16
2026/09/22 01:33:21.717, 0, P0, 2347 MHz, 12481 MHz, 93.84 W, 600.00 W, 600.00 W, 42, 9683 MiB, 7 %, 5, 16
2026/09/22 01:33:21.967, 0, P0, 2347 MHz, 12481 MHz, 93.89 W, 600.00 W, 600.00 W, 42, 10547 MiB, 7 %, 5, 16
2026/09/22 01:33:22.218, 0, P0, 2355 MHz, 12481 MHz, 93.89 W, 600.00 W, 600.00 W, 42, 11411 MiB, 7 %, 5, 16
2026/09/22 01:33:22.468, 0, P0, 2355 MHz, 12481 MHz, 93.90 W, 600.00 W, 600.00 W, 42, 12339 MiB, 7 %, 5, 16
2026/09/22 01:33:22.718, 0, P0, 2355 MHz, 12481 MHz, 93.88 W, 600.00 W, 600.00 W, 42, 13235 MiB, 7 %, 5, 16
2026/09/22 01:33:22.969, 0, P0, 2355 MHz, 12481 MHz, 93.95 W, 600.00 W, 600.00 W, 42, 14163 MiB, 6 %, 5, 16
2026/09/22 01:33:23.219, 0, P0, 2355 MHz, 12481 MHz, 93.74 W, 600.00 W, 600.00 W, 42, 14739 MiB, 7 %, 5, 16
2026/09/22 01:33:23.470, 0, P0, 2355 MHz, 12481 MHz, 93.39 W, 600.00 W, 600.00 W, 42, 14739 MiB, 0 %, 5, 16
2026/09/22 01:33:23.720, 0, P0, 2355 MHz, 12481 MHz, 92.89 W, 600.00 W, 600.00 W, 42, 14739 MiB, 0 %, 5, 16
2026/09/22 01:33:23.970, 0, P0, 2355 MHz, 12481 MHz, 92.45 W, 600.00 W, 600.00 W, 42, 14739 MiB, 0 %, 5, 16
2026/09/22 01:33:24.221, 0, P0, 2355 MHz, 12481 MHz, 92.04 W, 600.00 W, 600.00 W, 42, 14739 MiB, 0 %, 5, 16
2026/09/22 01:33:24.471, 0, P0, 2355 MHz, 12481 MHz, 92.04 W, 600.00 W, 600.00 W, 42, 14739 MiB, 0 %, 5, 16
2026/09/22 01:33:24.721, 0, P0, 2355 MHz, 12481 MHz, 92.04 W, 600.00 W, 600.00 W, 42, 14739 MiB, 0 %, 5, 16
2026/09/22 01:33:24.972, 0, P0, 2355 MHz, 12481 MHz, 92.04 W, 600.00 W, 600.00 W, 42, 14739 MiB, 0 %, 5, 16
2026/09/22 01:33:25.222, 0, P0, 2355 MHz, 12481 MHz, 92.40 W, 600.00 W, 600.00 W, 41, 14739 MiB, 0 %, 5, 16
2026/09/22 01:33:25.472, 0, P0, 2355 MHz, 12481 MHz, 92.40 W, 600.00 W, 600.00 W, 41, 14739 MiB, 0 %, 5, 16
2026/09/22 01:33:25.723, 0, P0, 2355 MHz, 12481 MHz, 92.40 W, 600.00 W, 600.00 W, 41, 14739 MiB, 0 %, 5, 16
2026/09/22 01:33:25.973, 0, P0, 2355 MHz, 12481 MHz, 92.40 W, 600.00 W, 600.00 W, 41, 14739 MiB, 0 %, 5, 16
2026/09/22 01:33:26.223, 0, P0, 2355 MHz, 12481 MHz, 92.19 W, 600.00 W, 600.00 W, 41, 14739 MiB, 0 %, 5, 16
2026/09/22 01:33:26.474, 0, P0, 2355 MHz, 12481 MHz, 92.19 W, 600.00 W, 600.00 W, 41, 14739 MiB, 0 %, 5, 16
2026/09/22 01:33:26.724, 0, P0, 2355 MHz, 12481 MHz, 92.19 W, 600.00 W, 600.00 W, 41, 14739 MiB, 0 %, 5, 16
2026/09/22 01:33:26.974, 0, P0, 2355 MHz, 12481 MHz, 92.19 W, 600.00 W, 600.00 W, 41, 14739 MiB, 0 %, 5, 16
2026/09/22 01:33:27.224, 0, P0, 2355 MHz, 12481 MHz, 91.74 W, 600.00 W, 600.00 W, 41, 14739 MiB, 0 %, 5, 16
2026/09/22 01:33:27.475, 0, P0, 2355 MHz, 12481 MHz, 91.74 W, 600.00 W, 600.00 W, 41, 14739 MiB, 0 %, 5, 16
2026/09/22 01:33:27.725, 0, P0, 2355 MHz, 12481 MHz, 91.74 W, 600.00 W, 600.00 W, 41, 14739 MiB, 0 %, 5, 16
2026/09/22 01:33:27.975, 0, P0, 2355 MHz, 12481 MHz, 91.74 W, 600.00 W, 600.00 W, 41, 14739 MiB, 0 %, 5, 16
2026/09/22 01:33:28.226, 0, P0, 2355 MHz, 12481 MHz, 91.49 W, 600.00 W, 600.00 W, 41, 14739 MiB, 0 %, 5, 16
2026/09/22 01:33:28.476, 0, P0, 2355 MHz, 12481 MHz, 91.49 W, 600.00 W, 600.00 W, 41, 14739 MiB, 0 %, 5, 16
2026/09/22 01:33:28.726, 0, P0, 2355 MHz, 12481 MHz, 91.49 W, 600.00 W, 600.00 W, 41, 14739 MiB, 0 %, 5, 16
2026/09/22 01:33:28.976, 0, P0, 2355 MHz, 12481 MHz, 91.49 W, 600.00 W, 600.00 W, 41, 14739 MiB, 0 %, 5, 16
2026/09/22 01:33:29.227, 0, P0, 2355 MHz, 12481 MHz, 91.41 W, 600.00 W, 600.00 W, 41, 14739 MiB, 0 %, 5, 16
2026/09/22 01:33:29.477, 0, P0, 2355 MHz, 12481 MHz, 91.41 W, 600.00 W, 600.00 W, 41, 14739 MiB, 0 %, 5, 16
2026/09/22 01:33:29.727, 0, P0, 2355 MHz, 12481 MHz, 91.41 W, 600.00 W, 600.00 W, 41, 14739 MiB, 0 %, 5, 16
2026/09/22 01:33:29.978, 0, P0, 2355 MHz, 12481 MHz, 91.41 W, 600.00 W, 600.00 W, 41, 14739 MiB, 0 %, 5, 16
2026/09/22 01:33:30.228, 0, P0, 2355 MHz, 12481 MHz, 91.44 W, 600.00 W, 600.00 W, 41, 14739 MiB, 0 %, 5, 16
2026/09/22 01:33:30.478, 0, P0, 2355 MHz, 12481 MHz, 91.44 W, 600.00 W, 600.00 W, 41, 14739 MiB, 0 %, 5, 16
2026/09/22 01:33:30.729, 0, P0, 2355 MHz, 12481 MHz, 91.44 W, 600.00 W, 600.00 W, 41, 14739 MiB, 0 %, 5, 16
2026/09/22 01:33:30.979, 0, P0, 2355 MHz, 12481 MHz, 91.44 W, 600.00 W, 600.00 W, 41, 14739 MiB, 0 %, 5, 16
2026/09/22 01:33:31.229, 0, P0, 2347 MHz, 12481 MHz, 91.99 W, 600.00 W, 600.00 W, 41, 14739 MiB, 0 %, 5, 16
2026/09/22 01:33:31.480, 0, P0, 2347 MHz, 12481 MHz, 91.99 W, 600.00 W, 600.00 W, 41, 14739 MiB, 0 %, 5, 16
2026/09/22 01:33:31.730, 0, P0, 2347 MHz, 12481 MHz, 91.99 W, 600.00 W, 600.00 W, 41, 14739 MiB, 0 %, 5, 16
2026/09/22 01:33:31.980, 0, P0, 2347 MHz, 12481 MHz, 91.99 W, 600.00 W, 600.00 W, 41, 14739 MiB, 0 %, 5, 16
2026/09/22 01:33:32.230, 0, P0, 2347 MHz, 12481 MHz, 91.99 W, 600.00 W, 600.00 W, 41, 14739 MiB, 0 %, 5, 16
2026/09/22 01:33:32.481, 0, P0, 2347 MHz, 12481 MHz, 91.99 W, 600.00 W, 600.00 W, 41, 14739 MiB, 0 %, 5, 16
2026/09/22 01:33:32.731, 0, P0, 2347 MHz, 12481 MHz, 91.99 W, 600.00 W, 600.00 W, 41, 14739 MiB, 0 %, 5, 16
2026/09/22 01:33:32.981, 0, P0, 2347 MHz, 12481 MHz, 91.99 W, 600.00 W, 600.00 W, 41, 15923 MiB, 0 %, 5, 16
2026/09/22 01:33:33.232, 0, P0, 2362 MHz, 12481 MHz, 136.83 W, 600.00 W, 600.00 W, 44, 16051 MiB, 88 %, 5, 16
2026/09/22 01:33:33.483, 0, P0, 2422 MHz, 12481 MHz, 167.91 W, 600.00 W, 600.00 W, 45, 16051 MiB, 97 %, 5, 16
2026/09/22 01:33:33.734, 0, P0, 2422 MHz, 12481 MHz, 198.93 W, 600.00 W, 600.00 W, 46, 16051 MiB, 97 %, 5, 16
2026/09/22 01:33:33.985, 0, P0, 2422 MHz, 12481 MHz, 204.99 W, 600.00 W, 600.00 W, 45, 16371 MiB, 51 %, 5, 16
2026/09/22 01:33:34.235, 0, P0, 2377 MHz, 12481 MHz, 260.84 W, 600.00 W, 600.00 W, 45, 16499 MiB, 5 %, 5, 16
2026/09/22 01:33:34.486, 0, P0, 2400 MHz, 12481 MHz, 258.34 W, 600.00 W, 600.00 W, 45, 16499 MiB, 97 %, 5, 16
2026/09/22 01:33:34.737, 0, P0, 2422 MHz, 12481 MHz, 257.32 W, 600.00 W, 600.00 W, 46, 16499 MiB, 97 %, 5, 16
2026/09/22 01:33:34.988, 0, P0, 2422 MHz, 12481 MHz, 261.39 W, 600.00 W, 600.00 W, 46, 16499 MiB, 87 %, 5, 16
2026/09/22 01:33:35.238, 0, P0, 2385 MHz, 12481 MHz, 244.84 W, 600.00 W, 600.00 W, 42, 16691 MiB, 3 %, 5, 16
2026/09/22 01:33:35.489, 0, P0, 2362 MHz, 12481 MHz, 231.93 W, 600.00 W, 600.00 W, 45, 16691 MiB, 18 %, 5, 16
2026/09/22 01:33:35.739, 0, P0, 2422 MHz, 12481 MHz, 232.42 W, 600.00 W, 600.00 W, 46, 16691 MiB, 97 %, 5, 16
2026/09/22 01:33:35.990, 0, P0, 2422 MHz, 12481 MHz, 238.82 W, 600.00 W, 600.00 W, 46, 16691 MiB, 97 %, 5, 16
2026/09/22 01:33:36.241, 0, P0, 2407 MHz, 12481 MHz, 298.03 W, 600.00 W, 600.00 W, 46, 16691 MiB, 56 %, 5, 16
2026/09/22 01:33:36.491, 0, P0, 2422 MHz, 12481 MHz, 312.41 W, 600.00 W, 600.00 W, 46, 16691 MiB, 97 %, 5, 16
2026/09/22 01:33:36.743, 0, P0, 2422 MHz, 12481 MHz, 312.39 W, 600.00 W, 600.00 W, 47, 16691 MiB, 97 %, 5, 16
2026/09/22 01:33:36.993, 0, P0, 2407 MHz, 12481 MHz, 256.19 W, 600.00 W, 600.00 W, 43, 0 MiB, 0 %, 5, 16
2026/09/22 01:33:37.244, 0, P0, 2355 MHz, 12481 MHz, 220.62 W, 600.00 W, 600.00 W, 42, 0 MiB, 8 %, 5, 16
2026/09/22 01:33:37.494, 0, P0, 2355 MHz, 12481 MHz, 152.79 W, 600.00 W, 600.00 W, 42, 0 MiB, 0 %, 5, 16
2026/09/22 01:33:37.745, 0, P0, 2355 MHz, 12481 MHz, 106.73 W, 600.00 W, 600.00 W, 42, 0 MiB, 0 %, 5, 16
2026/09/22 01:33:37.995, 0, P0, 2355 MHz, 12481 MHz, 95.96 W, 600.00 W, 600.00 W, 42, 595 MiB, 0 %, 5, 16
2026/09/22 01:33:38.245, 0, P0, 2355 MHz, 12481 MHz, 94.03 W, 600.00 W, 600.00 W, 42, 595 MiB, 2 %, 5, 16
2026/09/22 01:33:38.496, 0, P0, 2355 MHz, 12481 MHz, 94.46 W, 600.00 W, 600.00 W, 42, 1971 MiB, 0 %, 5, 16
2026/09/22 01:33:38.746, 0, P0, 2347 MHz, 12481 MHz, 94.88 W, 600.00 W, 600.00 W, 42, 2867 MiB, 7 %, 5, 16
2026/09/22 01:33:38.997, 0, P0, 2347 MHz, 12481 MHz, 95.02 W, 600.00 W, 600.00 W, 42, 3795 MiB, 7 %, 5, 16
2026/09/22 01:33:39.247, 0, P0, 2347 MHz, 12481 MHz, 94.11 W, 600.00 W, 600.00 W, 42, 4659 MiB, 7 %, 5, 16
2026/09/22 01:33:39.498, 0, P0, 2347 MHz, 12481 MHz, 93.89 W, 600.00 W, 600.00 W, 42, 5587 MiB, 6 %, 5, 16
2026/09/22 01:33:39.748, 0, P0, 2355 MHz, 12481 MHz, 93.80 W, 600.00 W, 600.00 W, 42, 6515 MiB, 7 %, 5, 16
2026/09/22 01:33:39.999, 0, P0, 2347 MHz, 12481 MHz, 93.82 W, 600.00 W, 600.00 W, 42, 7443 MiB, 7 %, 5, 16
2026/09/22 01:33:40.249, 0, P0, 2355 MHz, 12481 MHz, 93.83 W, 600.00 W, 600.00 W, 42, 8307 MiB, 7 %, 5, 16
2026/09/22 01:33:40.500, 0, P0, 2355 MHz, 12481 MHz, 93.82 W, 600.00 W, 600.00 W, 42, 9203 MiB, 7 %, 5, 16
2026/09/22 01:33:40.750, 0, P0, 2355 MHz, 12481 MHz, 93.83 W, 600.00 W, 600.00 W, 42, 10131 MiB, 7 %, 5, 16
2026/09/22 01:33:41.001, 0, P0, 2355 MHz, 12481 MHz, 93.75 W, 600.00 W, 600.00 W, 42, 10995 MiB, 7 %, 5, 16
2026/09/22 01:33:41.251, 0, P0, 2355 MHz, 12481 MHz, 93.76 W, 600.00 W, 600.00 W, 42, 11923 MiB, 7 %, 5, 16
2026/09/22 01:33:41.502, 0, P0, 2355 MHz, 12481 MHz, 93.68 W, 600.00 W, 600.00 W, 41, 12787 MiB, 8 %, 5, 16
2026/09/22 01:33:41.752, 0, P0, 2355 MHz, 12481 MHz, 93.66 W, 600.00 W, 600.00 W, 41, 13715 MiB, 7 %, 5, 16
2026/09/22 01:33:42.002, 0, P0, 2355 MHz, 12481 MHz, 93.69 W, 600.00 W, 600.00 W, 41, 14611 MiB, 8 %, 5, 16
2026/09/22 01:33:42.253, 0, P0, 2355 MHz, 12481 MHz, 93.45 W, 600.00 W, 600.00 W, 41, 14739 MiB, 6 %, 5, 16
2026/09/22 01:33:42.503, 0, P0, 2355 MHz, 12481 MHz, 92.96 W, 600.00 W, 600.00 W, 41, 14739 MiB, 0 %, 5, 16
2026/09/22 01:33:42.754, 0, P0, 2347 MHz, 12481 MHz, 92.62 W, 600.00 W, 600.00 W, 41, 14739 MiB, 0 %, 5, 16
2026/09/22 01:33:43.004, 0, P0, 2347 MHz, 12481 MHz, 92.02 W, 600.00 W, 600.00 W, 41, 14739 MiB, 0 %, 5, 16
2026/09/22 01:33:43.254, 0, P0, 2347 MHz, 12481 MHz, 91.92 W, 600.00 W, 600.00 W, 41, 14739 MiB, 0 %, 5, 16
2026/09/22 01:33:43.505, 0, P0, 2347 MHz, 12481 MHz, 91.92 W, 600.00 W, 600.00 W, 41, 14739 MiB, 0 %, 5, 16
2026/09/22 01:33:43.755, 0, P0, 2347 MHz, 12481 MHz, 91.92 W, 600.00 W, 600.00 W, 41, 14739 MiB, 0 %, 5, 16
2026/09/22 01:33:44.005, 0, P0, 2347 MHz, 12481 MHz, 111.00 W, 600.00 W, 600.00 W, 44, 16051 MiB, 0 %, 5, 16
2026/09/22 01:33:44.256, 0, P0, 2385 MHz, 12481 MHz, 145.08 W, 600.00 W, 600.00 W, 45, 16051 MiB, 97 %, 5, 16
2026/09/22 01:33:44.507, 0, P0, 2422 MHz, 12481 MHz, 184.59 W, 600.00 W, 600.00 W, 46, 16051 MiB, 97 %, 5, 16
2026/09/22 01:33:44.758, 0, P0, 2422 MHz, 12481 MHz, 201.35 W, 600.00 W, 600.00 W, 46, 16371 MiB, 97 %, 5, 16
2026/09/22 01:33:45.008, 0, P0, 2407 MHz, 12481 MHz, 299.66 W, 600.00 W, 600.00 W, 46, 16371 MiB, 92 %, 5, 16
2026/09/22 01:33:45.259, 0, P0, 2422 MHz, 12481 MHz, 304.34 W, 600.00 W, 600.00 W, 46, 16371 MiB, 97 %, 5, 16
2026/09/22 01:33:45.510, 0, P0, 2422 MHz, 12481 MHz, 303.95 W, 600.00 W, 600.00 W, 47, 16371 MiB, 97 %, 5, 16
2026/09/22 01:33:45.761, 0, P0, 2422 MHz, 12481 MHz, 287.11 W, 600.00 W, 600.00 W, 46, 16691 MiB, 52 %, 5, 16
2026/09/22 01:33:46.011, 0, P0, 2422 MHz, 12481 MHz, 302.99 W, 600.00 W, 600.00 W, 47, 16691 MiB, 97 %, 5, 16
2026/09/22 01:33:46.262, 0, P0, 2422 MHz, 12481 MHz, 304.19 W, 600.00 W, 600.00 W, 47, 16691 MiB, 97 %, 5, 16
2026/09/22 01:33:46.513, 0, P0, 2422 MHz, 12481 MHz, 277.94 W, 600.00 W, 600.00 W, 44, 16691 MiB, 38 %, 5, 16
2026/09/22 01:33:46.763, 0, P0, 2422 MHz, 12481 MHz, 251.52 W, 600.00 W, 600.00 W, 43, 0 MiB, 34 %, 5, 16
2026/09/22 01:33:47.014, 0, P0, 2362 MHz, 12481 MHz, 188.01 W, 600.00 W, 600.00 W, 42, 0 MiB, 0 %, 5, 16
2026/09/22 01:33:47.264, 0, P0, 2355 MHz, 12481 MHz, 142.47 W, 600.00 W, 600.00 W, 42, 0 MiB, 0 %, 5, 16
2026/09/22 01:33:47.514, 0, P0, 2355 MHz, 12481 MHz, 95.21 W, 600.00 W, 600.00 W, 42, 0 MiB, 0 %, 5, 16
2026/09/22 01:33:47.765, 0, P0, 2355 MHz, 12481 MHz, 94.09 W, 600.00 W, 600.00 W, 42, 595 MiB, 2 %, 5, 16
2026/09/22 01:33:48.015, 0, P0, 2355 MHz, 12481 MHz, 94.32 W, 600.00 W, 600.00 W, 42, 1459 MiB, 0 %, 5, 16
2026/09/22 01:33:48.266, 0, P0, 2355 MHz, 12481 MHz, 94.68 W, 600.00 W, 600.00 W, 42, 2387 MiB, 18 %, 5, 16
2026/09/22 01:33:48.516, 0, P0, 2355 MHz, 12481 MHz, 95.13 W, 600.00 W, 600.00 W, 42, 3251 MiB, 7 %, 5, 16
2026/09/22 01:33:48.767, 0, P0, 2347 MHz, 12481 MHz, 94.00 W, 600.00 W, 600.00 W, 42, 4147 MiB, 7 %, 5, 16
2026/09/22 01:33:49.017, 0, P0, 2347 MHz, 12481 MHz, 94.30 W, 600.00 W, 600.00 W, 42, 5043 MiB, 7 %, 5, 16
2026/09/22 01:33:49.268, 0, P0, 2347 MHz, 12481 MHz, 94.01 W, 600.00 W, 600.00 W, 42, 5907 MiB, 7 %, 5, 16
2026/09/22 01:33:49.518, 0, P0, 2347 MHz, 12481 MHz, 94.04 W, 600.00 W, 600.00 W, 42, 6835 MiB, 7 %, 5, 16
2026/09/22 01:33:49.769, 0, P0, 2347 MHz, 12481 MHz, 94.05 W, 600.00 W, 600.00 W, 42, 7731 MiB, 7 %, 5, 16
2026/09/22 01:33:50.019, 0, P0, 2355 MHz, 12481 MHz, 93.96 W, 600.00 W, 600.00 W, 42, 8627 MiB, 7 %, 5, 16
2026/09/22 01:33:50.269, 0, P0, 2347 MHz, 12481 MHz, 94.02 W, 600.00 W, 600.00 W, 42, 9523 MiB, 7 %, 5, 16
2026/09/22 01:33:50.520, 0, P0, 2355 MHz, 12481 MHz, 93.91 W, 600.00 W, 600.00 W, 42, 10387 MiB, 8 %, 5, 16
2026/09/22 01:33:50.770, 0, P0, 2347 MHz, 12481 MHz, 93.83 W, 600.00 W, 600.00 W, 42, 11315 MiB, 7 %, 5, 16
2026/09/22 01:33:51.021, 0, P0, 2355 MHz, 12481 MHz, 93.86 W, 600.00 W, 600.00 W, 42, 12211 MiB, 8 %, 5, 16
2026/09/22 01:33:51.271, 0, P0, 2355 MHz, 12481 MHz, 93.93 W, 600.00 W, 600.00 W, 42, 13139 MiB, 7 %, 5, 16
2026/09/22 01:33:51.522, 0, P0, 2355 MHz, 12481 MHz, 93.92 W, 600.00 W, 600.00 W, 42, 14003 MiB, 7 %, 5, 16
2026/09/22 01:33:51.772, 0, P0, 2355 MHz, 12481 MHz, 93.90 W, 600.00 W, 600.00 W, 42, 14739 MiB, 6 %, 5, 16
2026/09/22 01:33:52.023, 0, P0, 2355 MHz, 12481 MHz, 94.04 W, 600.00 W, 600.00 W, 42, 19539 MiB, 0 %, 5, 16
2026/09/22 01:33:52.273, 0, P0, 2355 MHz, 12481 MHz, 173.89 W, 600.00 W, 600.00 W, 50, 19539 MiB, 61 %, 5, 16
2026/09/22 01:33:52.525, 0, P0, 2422 MHz, 12481 MHz, 294.08 W, 600.00 W, 600.00 W, 53, 19539 MiB, 100 %, 5, 16
2026/09/22 01:33:52.776, 0, P0, 2422 MHz, 12481 MHz, 375.17 W, 600.00 W, 600.00 W, 54, 19539 MiB, 100 %, 5, 16
2026/09/22 01:33:53.026, 0, P0, 2422 MHz, 12481 MHz, 488.72 W, 600.00 W, 600.00 W, 55, 19539 MiB, 100 %, 5, 16
2026/09/22 01:33:53.277, 0, P0, 2422 MHz, 12481 MHz, 475.70 W, 600.00 W, 600.00 W, 49, 19573 MiB, 100 %, 5, 16
2026/09/22 01:33:53.528, 0, P0, 2415 MHz, 12481 MHz, 429.86 W, 600.00 W, 600.00 W, 49, 19573 MiB, 96 %, 5, 16
2026/09/22 01:33:53.778, 0, P0, 2415 MHz, 12481 MHz, 377.37 W, 600.00 W, 600.00 W, 46, 17205 MiB, 56 %, 5, 16
2026/09/22 01:33:54.029, 0, P0, 2422 MHz, 12481 MHz, 256.16 W, 600.00 W, 600.00 W, 44, 17205 MiB, 0 %, 5, 16
2026/09/22 01:33:54.279, 0, P0, 2422 MHz, 12481 MHz, 194.50 W, 600.00 W, 600.00 W, 43, 17205 MiB, 0 %, 5, 16
2026/09/22 01:33:54.529, 0, P0, 2392 MHz, 12481 MHz, 120.98 W, 600.00 W, 600.00 W, 43, 17205 MiB, 0 %, 5, 16
2026/09/22 01:33:54.780, 0, P0, 2355 MHz, 12481 MHz, 95.79 W, 600.00 W, 600.00 W, 43, 17205 MiB, 0 %, 5, 16
2026/09/22 01:33:55.030, 0, P0, 2355 MHz, 12481 MHz, 95.79 W, 600.00 W, 600.00 W, 43, 17205 MiB, 0 %, 5, 16
2026/09/22 01:33:55.280, 0, P0, 2355 MHz, 12481 MHz, 95.79 W, 600.00 W, 600.00 W, 43, 17205 MiB, 0 %, 5, 16
2026/09/22 01:33:55.531, 0, P0, 2355 MHz, 12481 MHz, 95.79 W, 600.00 W, 600.00 W, 43, 17205 MiB, 0 %, 5, 16
2026/09/22 01:33:55.781, 0, P0, 2355 MHz, 12481 MHz, 123.61 W, 600.00 W, 600.00 W, 46, 18293 MiB, 98 %, 5, 16
2026/09/22 01:33:56.032, 0, P0, 2415 MHz, 12481 MHz, 170.74 W, 600.00 W, 600.00 W, 48, 18293 MiB, 95 %, 5, 16
2026/09/22 01:33:56.282, 0, P0, 2415 MHz, 12481 MHz, 180.29 W, 600.00 W, 600.00 W, 47, 18901 MiB, 79 %, 5, 16
2026/09/22 01:33:56.533, 0, P0, 2422 MHz, 12481 MHz, 205.25 W, 600.00 W, 600.00 W, 48, 18901 MiB, 95 %, 5, 16
2026/09/22 01:33:56.784, 0, P0, 2415 MHz, 12481 MHz, 307.82 W, 600.00 W, 600.00 W, 47, 19221 MiB, 68 %, 5, 16
2026/09/22 01:33:57.035, 0, P0, 2422 MHz, 12481 MHz, 306.33 W, 600.00 W, 600.00 W, 49, 19349 MiB, 95 %, 5, 16
2026/09/22 01:33:57.285, 0, P0, 2415 MHz, 12481 MHz, 296.71 W, 600.00 W, 600.00 W, 45, 5183 MiB, 95 %, 5, 16
2026/09/22 01:33:57.536, 0, P0, 2422 MHz, 12481 MHz, 227.66 W, 600.00 W, 600.00 W, 44, 0 MiB, 0 %, 5, 16
2026/09/22 01:33:57.786, 0, P0, 2422 MHz, 12481 MHz, 190.32 W, 600.00 W, 600.00 W, 43, 0 MiB, 0 %, 5, 16
2026/09/22 01:33:58.037, 0, P0, 2400 MHz, 12481 MHz, 119.81 W, 600.00 W, 600.00 W, 43, 0 MiB, 0 %, 5, 16
2026/09/22 01:33:58.287, 0, P0, 2355 MHz, 12481 MHz, 93.71 W, 600.00 W, 600.00 W, 43, 22 MiB, 0 %, 5, 16
2026/09/22 01:33:58.538, 0, P0, 2355 MHz, 12481 MHz, 97.01 W, 600.00 W, 600.00 W, 43, 595 MiB, 0 %, 5, 16
2026/09/22 01:33:58.789, 0, P0, 2370 MHz, 12481 MHz, 98.13 W, 600.00 W, 600.00 W, 43, 1715 MiB, 0 %, 5, 16
2026/09/22 01:33:59.039, 0, P0, 2355 MHz, 12481 MHz, 99.06 W, 600.00 W, 600.00 W, 43, 2579 MiB, 7 %, 5, 16
2026/09/22 01:33:59.290, 0, P0, 2355 MHz, 12481 MHz, 99.27 W, 600.00 W, 600.00 W, 43, 3475 MiB, 7 %, 5, 16
2026/09/22 01:33:59.540, 0, P0, 2347 MHz, 12481 MHz, 94.65 W, 600.00 W, 600.00 W, 43, 4371 MiB, 6 %, 5, 16
2026/09/22 01:33:59.790, 0, P0, 2347 MHz, 12481 MHz, 94.63 W, 600.00 W, 600.00 W, 43, 5235 MiB, 7 %, 5, 16
2026/09/22 01:34:00.041, 0, P0, 2347 MHz, 12481 MHz, 94.48 W, 600.00 W, 600.00 W, 43, 6163 MiB, 7 %, 5, 16
2026/09/22 01:34:00.291, 0, P0, 2355 MHz, 12481 MHz, 94.54 W, 600.00 W, 600.00 W, 43, 7027 MiB, 7 %, 5, 16
2026/09/22 01:34:00.542, 0, P0, 2355 MHz, 12481 MHz, 94.47 W, 600.00 W, 600.00 W, 43, 7923 MiB, 7 %, 5, 16
2026/09/22 01:34:00.792, 0, P0, 2355 MHz, 12481 MHz, 94.59 W, 600.00 W, 600.00 W, 43, 8819 MiB, 7 %, 5, 16
2026/09/22 01:34:01.043, 0, P0, 2355 MHz, 12481 MHz, 94.50 W, 600.00 W, 600.00 W, 43, 9715 MiB, 7 %, 5, 16
2026/09/22 01:34:01.293, 0, P0, 2355 MHz, 12481 MHz, 94.59 W, 600.00 W, 600.00 W, 43, 10579 MiB, 7 %, 5, 16
2026/09/22 01:34:01.544, 0, P0, 2355 MHz, 12481 MHz, 94.48 W, 600.00 W, 600.00 W, 43, 11507 MiB, 7 %, 5, 16
2026/09/22 01:34:01.794, 0, P0, 2355 MHz, 12481 MHz, 94.43 W, 600.00 W, 600.00 W, 43, 12371 MiB, 7 %, 5, 16
2026/09/22 01:34:02.045, 0, P0, 2355 MHz, 12481 MHz, 94.47 W, 600.00 W, 600.00 W, 43, 13235 MiB, 7 %, 5, 16
2026/09/22 01:34:02.295, 0, P0, 2355 MHz, 12481 MHz, 94.48 W, 600.00 W, 600.00 W, 43, 14163 MiB, 6 %, 5, 16
2026/09/22 01:34:02.546, 0, P0, 2347 MHz, 12481 MHz, 94.42 W, 600.00 W, 600.00 W, 42, 14739 MiB, 6 %, 5, 16
2026/09/22 01:34:02.796, 0, P0, 2355 MHz, 12481 MHz, 94.01 W, 600.00 W, 600.00 W, 42, 19539 MiB, 0 %, 5, 16
2026/09/22 01:34:03.047, 0, P0, 2362 MHz, 12481 MHz, 196.82 W, 600.00 W, 600.00 W, 53, 19539 MiB, 100 %, 5, 16
2026/09/22 01:34:03.298, 0, P0, 2422 MHz, 12481 MHz, 279.55 W, 600.00 W, 600.00 W, 54, 19539 MiB, 100 %, 5, 16
2026/09/22 01:34:03.549, 0, P0, 2422 MHz, 12481 MHz, 400.82 W, 600.00 W, 600.00 W, 54, 19539 MiB, 100 %, 5, 16
2026/09/22 01:34:03.799, 0, P0, 2422 MHz, 12481 MHz, 482.80 W, 600.00 W, 600.00 W, 55, 19539 MiB, 100 %, 5, 16
2026/09/22 01:34:04.050, 0, P0, 2422 MHz, 12481 MHz, 467.35 W, 600.00 W, 600.00 W, 50, 19573 MiB, 99 %, 5, 16
2026/09/22 01:34:04.300, 0, P0, 2415 MHz, 12481 MHz, 437.43 W, 600.00 W, 600.00 W, 49, 19573 MiB, 96 %, 5, 16
2026/09/22 01:34:04.551, 0, P0, 2415 MHz, 12481 MHz, 353.39 W, 600.00 W, 600.00 W, 45, 17205 MiB, 0 %, 5, 16
2026/09/22 01:34:04.802, 0, P0, 2422 MHz, 12481 MHz, 272.67 W, 600.00 W, 600.00 W, 44, 17205 MiB, 0 %, 5, 16
2026/09/22 01:34:05.052, 0, P0, 2422 MHz, 12481 MHz, 177.39 W, 600.00 W, 600.00 W, 44, 17205 MiB, 0 %, 5, 16
2026/09/22 01:34:05.302, 0, P0, 2370 MHz, 12481 MHz, 127.89 W, 600.00 W, 600.00 W, 44, 17205 MiB, 0 %, 5, 16
2026/09/22 01:34:05.552, 0, P0, 2355 MHz, 12481 MHz, 96.56 W, 600.00 W, 600.00 W, 44, 17205 MiB, 0 %, 5, 16
2026/09/22 01:34:05.803, 0, P0, 2355 MHz, 12481 MHz, 96.56 W, 600.00 W, 600.00 W, 44, 17205 MiB, 0 %, 5, 16
2026/09/22 01:34:06.053, 0, P0, 2355 MHz, 12481 MHz, 96.56 W, 600.00 W, 600.00 W, 44, 17205 MiB, 0 %, 5, 16
2026/09/22 01:34:06.303, 0, P0, 2355 MHz, 12481 MHz, 96.56 W, 600.00 W, 600.00 W, 44, 17461 MiB, 0 %, 5, 16
2026/09/22 01:34:06.554, 0, P0, 2362 MHz, 12481 MHz, 155.84 W, 600.00 W, 600.00 W, 47, 18293 MiB, 96 %, 5, 16
2026/09/22 01:34:06.805, 0, P0, 2415 MHz, 12481 MHz, 186.07 W, 600.00 W, 600.00 W, 49, 18293 MiB, 95 %, 5, 16
2026/09/22 01:34:07.055, 0, P0, 2415 MHz, 12481 MHz, 200.62 W, 600.00 W, 600.00 W, 47, 18901 MiB, 84 %, 5, 16
2026/09/22 01:34:07.306, 0, P0, 2415 MHz, 12481 MHz, 207.62 W, 600.00 W, 600.00 W, 47, 18901 MiB, 96 %, 5, 16
2026/09/22 01:34:07.557, 0, P0, 2422 MHz, 12481 MHz, 270.64 W, 600.00 W, 600.00 W, 46, 18901 MiB, 72 %, 5, 16
2026/09/22 01:34:07.807, 0, P0, 2422 MHz, 12481 MHz, 241.37 W, 600.00 W, 600.00 W, 47, 19349 MiB, 76 %, 5, 16
2026/09/22 01:34:08.058, 0, P0, 2415 MHz, 12481 MHz, 242.89 W, 600.00 W, 600.00 W, 47, 19349 MiB, 96 %, 5, 16
2026/09/22 01:34:08.309, 0, P0, 2422 MHz, 12481 MHz, 241.53 W, 600.00 W, 600.00 W, 48, 19347 MiB, 5 %, 5, 16
2026/09/22 01:34:08.561, 0, P0, 2422 MHz, 12481 MHz, 203.55 W, 600.00 W, 600.00 W, 44, 0 MiB, 37 %, 5, 16
2026/09/22 01:34:08.811, 0, P0, 2392 MHz, 12481 MHz, 185.81 W, 600.00 W, 600.00 W, 44, 0 MiB, 0 %, 5, 16
2026/09/22 01:34:09.061, 0, P0, 2355 MHz, 12481 MHz, 127.29 W, 600.00 W, 600.00 W, 44, 0 MiB, 0 %, 5, 16
2026/09/22 01:34:09.312, 0, P0, 2355 MHz, 12481 MHz, 95.84 W, 600.00 W, 600.00 W, 43, 1 MiB, 0 %, 5, 16
2026/09/22 01:34:09.563, 0, P0, 2355 MHz, 12481 MHz, 95.41 W, 600.00 W, 600.00 W, 44, 595 MiB, 2 %, 5, 16
2026/09/22 01:34:09.814, 0, P0, 2355 MHz, 12481 MHz, 95.32 W, 600.00 W, 600.00 W, 43, 1491 MiB, 0 %, 5, 16
2026/09/22 01:34:10.064, 0, P0, 2347 MHz, 12481 MHz, 95.99 W, 600.00 W, 600.00 W, 43, 2387 MiB, 18 %, 5, 16
2026/09/22 01:34:10.315, 0, P0, 2355 MHz, 12481 MHz, 96.29 W, 600.00 W, 600.00 W, 43, 3251 MiB, 7 %, 5, 16
2026/09/22 01:34:10.565, 0, P0, 2355 MHz, 12481 MHz, 94.67 W, 600.00 W, 600.00 W, 43, 4179 MiB, 7 %, 5, 16
2026/09/22 01:34:10.816, 0, P0, 2355 MHz, 12481 MHz, 94.91 W, 600.00 W, 600.00 W, 43, 5043 MiB, 7 %, 5, 16
2026/09/22 01:34:11.066, 0, P0, 2355 MHz, 12481 MHz, 94.72 W, 600.00 W, 600.00 W, 43, 5939 MiB, 7 %, 5, 16
2026/09/22 01:34:11.316, 0, P0, 2355 MHz, 12481 MHz, 94.70 W, 600.00 W, 600.00 W, 43, 6867 MiB, 8 %, 5, 16
2026/09/22 01:34:11.567, 0, P0, 2347 MHz, 12481 MHz, 94.76 W, 600.00 W, 600.00 W, 43, 7731 MiB, 6 %, 5, 16
2026/09/22 01:34:11.817, 0, P0, 2355 MHz, 12481 MHz, 94.72 W, 600.00 W, 600.00 W, 43, 8595 MiB, 7 %, 5, 16
2026/09/22 01:34:12.068, 0, P0, 2355 MHz, 12481 MHz, 94.66 W, 600.00 W, 600.00 W, 43, 9523 MiB, 7 %, 5, 16
2026/09/22 01:34:12.319, 0, P0, 2347 MHz, 12481 MHz, 94.64 W, 600.00 W, 600.00 W, 43, 10387 MiB, 6 %, 5, 16
2026/09/22 01:34:12.569, 0, P0, 2347 MHz, 12481 MHz, 94.53 W, 600.00 W, 600.00 W, 43, 11315 MiB, 8 %, 5, 16
2026/09/22 01:34:12.819, 0, P0, 2347 MHz, 12481 MHz, 94.55 W, 600.00 W, 600.00 W, 43, 12179 MiB, 7 %, 5, 16
2026/09/22 01:34:13.070, 0, P0, 2347 MHz, 12481 MHz, 94.46 W, 600.00 W, 600.00 W, 43, 13043 MiB, 7 %, 5, 16
2026/09/22 01:34:13.320, 0, P0, 2347 MHz, 12481 MHz, 94.47 W, 600.00 W, 600.00 W, 43, 13971 MiB, 7 %, 5, 16
2026/09/22 01:34:13.571, 0, P0, 2347 MHz, 12481 MHz, 94.38 W, 600.00 W, 600.00 W, 43, 14739 MiB, 6 %, 5, 16
2026/09/22 01:34:13.822, 0, P0, 2347 MHz, 12481 MHz, 94.10 W, 600.00 W, 600.00 W, 43, 17811 MiB, 0 %, 5, 16
2026/09/22 01:34:14.072, 0, P0, 2347 MHz, 12481 MHz, 174.68 W, 600.00 W, 600.00 W, 52, 19539 MiB, 43 %, 5, 16
2026/09/22 01:34:14.322, 0, P0, 2415 MHz, 12481 MHz, 255.08 W, 600.00 W, 600.00 W, 54, 19539 MiB, 100 %, 5, 16
2026/09/22 01:34:14.573, 0, P0, 2422 MHz, 12481 MHz, 376.43 W, 600.00 W, 600.00 W, 55, 19539 MiB, 100 %, 5, 16
2026/09/22 01:34:14.824, 0, P0, 2422 MHz, 12481 MHz, 457.85 W, 600.00 W, 600.00 W, 54, 19539 MiB, 100 %, 5, 16
2026/09/22 01:34:15.074, 0, P0, 2422 MHz, 12481 MHz, 477.12 W, 600.00 W, 600.00 W, 51, 19573 MiB, 100 %, 5, 16
2026/09/22 01:34:15.325, 0, P0, 2422 MHz, 12481 MHz, 446.59 W, 600.00 W, 600.00 W, 50, 19573 MiB, 95 %, 5, 16
2026/09/22 01:34:15.576, 0, P0, 2415 MHz, 12481 MHz, 377.46 W, 600.00 W, 600.00 W, 47, 17205 MiB, 73 %, 5, 16
2026/09/22 01:34:15.826, 0, P0, 2422 MHz, 12481 MHz, 296.94 W, 600.00 W, 600.00 W, 45, 17205 MiB, 0 %, 5, 16
2026/09/22 01:34:16.077, 0, P0, 2422 MHz, 12481 MHz, 195.10 W, 600.00 W, 600.00 W, 44, 17205 MiB, 0 %, 5, 16
2026/09/22 01:34:16.327, 0, P0, 2392 MHz, 12481 MHz, 142.39 W, 600.00 W, 600.00 W, 44, 17205 MiB, 0 %, 5, 16
2026/09/22 01:34:16.577, 0, P0, 2347 MHz, 12481 MHz, 96.23 W, 600.00 W, 600.00 W, 44, 17205 MiB, 0 %, 5, 16
2026/09/22 01:34:16.828, 0, P0, 2347 MHz, 12481 MHz, 96.23 W, 600.00 W, 600.00 W, 44, 17205 MiB, 0 %, 5, 16
2026/09/22 01:34:17.078, 0, P0, 2347 MHz, 12481 MHz, 96.23 W, 600.00 W, 600.00 W, 44, 17205 MiB, 0 %, 5, 16
2026/09/22 01:34:17.328, 0, P0, 2347 MHz, 12481 MHz, 96.23 W, 600.00 W, 600.00 W, 44, 17205 MiB, 0 %, 5, 16
2026/09/22 01:34:17.579, 0, P0, 2355 MHz, 12481 MHz, 129.02 W, 600.00 W, 600.00 W, 47, 18293 MiB, 98 %, 5, 16
2026/09/22 01:34:17.829, 0, P0, 2407 MHz, 12481 MHz, 162.53 W, 600.00 W, 600.00 W, 48, 18293 MiB, 95 %, 5, 16
2026/09/22 01:34:18.080, 0, P0, 2415 MHz, 12481 MHz, 183.96 W, 600.00 W, 600.00 W, 48, 18901 MiB, 72 %, 5, 16
2026/09/22 01:34:18.331, 0, P0, 2422 MHz, 12481 MHz, 209.46 W, 600.00 W, 600.00 W, 49, 18901 MiB, 97 %, 5, 16
2026/09/22 01:34:18.582, 0, P0, 2415 MHz, 12481 MHz, 307.44 W, 600.00 W, 600.00 W, 48, 19221 MiB, 68 %, 5, 16
2026/09/22 01:34:18.833, 0, P0, 2422 MHz, 12481 MHz, 307.06 W, 600.00 W, 600.00 W, 49, 19349 MiB, 95 %, 5, 16
2026/09/22 01:34:19.084, 0, P0, 2415 MHz, 12481 MHz, 292.98 W, 600.00 W, 600.00 W, 46, 3 MiB, 95 %, 5, 16
2026/09/22 01:34:19.335, 0, P0, 2422 MHz, 12481 MHz, 218.63 W, 600.00 W, 600.00 W, 44, 0 MiB, 0 %, 5, 16
2026/09/22 01:34:19.585, 0, P0, 2422 MHz, 12481 MHz, 184.99 W, 600.00 W, 600.00 W, 44, 0 MiB, 0 %, 5, 16
2026/09/22 01:34:19.835, 0, P0, 2422 MHz, 12481 MHz, 112.69 W, 600.00 W, 600.00 W, 44, 0 MiB, 0 %, 5, 16
2026/09/22 01:34:20.086, 0, P0, 2415 MHz, 12481 MHz, 92.33 W, 600.00 W, 600.00 W, 44, 1 MiB, 0 %, 5, 16
2026/09/22 01:34:20.337, 0, P0, 2347 MHz, 12481 MHz, 92.63 W, 600.00 W, 600.00 W, 44, 595 MiB, 1 %, 5, 16
2026/09/22 01:34:20.588, 0, P0, 2347 MHz, 12481 MHz, 93.92 W, 600.00 W, 600.00 W, 44, 1587 MiB, 0 %, 5, 16
2026/09/22 01:34:20.838, 0, P0, 2347 MHz, 12481 MHz, 96.07 W, 600.00 W, 600.00 W, 44, 2515 MiB, 6 %, 5, 16
2026/09/22 01:34:21.089, 0, P0, 2347 MHz, 12481 MHz, 96.42 W, 600.00 W, 600.00 W, 44, 3379 MiB, 7 %, 5, 16
2026/09/22 01:34:21.339, 0, P0, 2347 MHz, 12481 MHz, 95.04 W, 600.00 W, 600.00 W, 43, 4307 MiB, 7 %, 5, 16
2026/09/22 01:34:21.590, 0, P0, 2347 MHz, 12481 MHz, 95.03 W, 600.00 W, 600.00 W, 43, 5235 MiB, 6 %, 5, 16
2026/09/22 01:34:21.840, 0, P0, 2355 MHz, 12481 MHz, 94.89 W, 600.00 W, 600.00 W, 43, 6099 MiB, 6 %, 5, 16
2026/09/22 01:34:22.091, 0, P0, 2355 MHz, 12481 MHz, 94.84 W, 600.00 W, 600.00 W, 43, 6995 MiB, 6 %, 5, 16
2026/09/22 01:34:22.341, 0, P0, 2355 MHz, 12481 MHz, 94.78 W, 600.00 W, 600.00 W, 43, 7891 MiB, 6 %, 5, 16
2026/09/22 01:34:22.591, 0, P0, 2355 MHz, 12481 MHz, 94.71 W, 600.00 W, 600.00 W, 43, 8755 MiB, 8 %, 5, 16
2026/09/22 01:34:22.842, 0, P0, 2355 MHz, 12481 MHz, 94.72 W, 600.00 W, 600.00 W, 43, 9683 MiB, 6 %, 5, 16
2026/09/22 01:34:23.092, 0, P0, 2355 MHz, 12481 MHz, 94.67 W, 600.00 W, 600.00 W, 43, 10547 MiB, 7 %, 5, 16
2026/09/22 01:34:23.343, 0, P0, 2355 MHz, 12481 MHz, 94.76 W, 600.00 W, 600.00 W, 43, 11443 MiB, 7 %, 5, 16
2026/09/22 01:34:23.593, 0, P0, 2355 MHz, 12481 MHz, 94.70 W, 600.00 W, 600.00 W, 43, 12339 MiB, 7 %, 5, 16
2026/09/22 01:34:23.844, 0, P0, 2347 MHz, 12481 MHz, 94.70 W, 600.00 W, 600.00 W, 43, 13235 MiB, 7 %, 5, 16
2026/09/22 01:34:24.094, 0, P0, 2355 MHz, 12481 MHz, 94.71 W, 600.00 W, 600.00 W, 43, 14131 MiB, 7 %, 5, 16
2026/09/22 01:34:24.345, 0, P0, 2347 MHz, 12481 MHz, 94.57 W, 600.00 W, 600.00 W, 43, 14739 MiB, 6 %, 5, 16
2026/09/22 01:34:24.595, 0, P0, 2347 MHz, 12481 MHz, 94.31 W, 600.00 W, 600.00 W, 43, 14739 MiB, 0 %, 5, 16
2026/09/22 01:34:24.846, 0, P0, 2347 MHz, 12481 MHz, 93.71 W, 600.00 W, 600.00 W, 43, 14739 MiB, 0 %, 5, 16
2026/09/22 01:34:25.096, 0, P0, 2347 MHz, 12481 MHz, 93.37 W, 600.00 W, 600.00 W, 43, 14739 MiB, 0 %, 5, 16
2026/09/22 01:34:25.346, 0, P0, 2347 MHz, 12481 MHz, 92.95 W, 600.00 W, 600.00 W, 43, 14739 MiB, 0 %, 5, 16
2026/09/22 01:34:25.597, 0, P0, 2347 MHz, 12481 MHz, 92.95 W, 600.00 W, 600.00 W, 43, 14739 MiB, 0 %, 5, 16
2026/09/22 01:34:25.847, 0, P0, 2347 MHz, 12481 MHz, 92.95 W, 600.00 W, 600.00 W, 43, 14739 MiB, 0 %, 5, 16
2026/09/22 01:34:26.097, 0, P0, 2347 MHz, 12481 MHz, 92.95 W, 600.00 W, 600.00 W, 43, 14739 MiB, 0 %, 5, 16
2026/09/22 01:34:26.348, 0, P0, 2347 MHz, 12481 MHz, 92.51 W, 600.00 W, 600.00 W, 43, 14739 MiB, 0 %, 5, 16
2026/09/22 01:34:26.598, 0, P0, 2347 MHz, 12481 MHz, 92.51 W, 600.00 W, 600.00 W, 43, 14739 MiB, 0 %, 5, 16
2026/09/22 01:34:26.848, 0, P0, 2347 MHz, 12481 MHz, 92.51 W, 600.00 W, 600.00 W, 43, 14739 MiB, 0 %, 5, 16
2026/09/22 01:34:27.098, 0, P0, 2347 MHz, 12481 MHz, 92.51 W, 600.00 W, 600.00 W, 43, 14739 MiB, 0 %, 5, 16
2026/09/22 01:34:27.349, 0, P0, 2347 MHz, 12481 MHz, 91.50 W, 600.00 W, 600.00 W, 42, 14739 MiB, 0 %, 5, 16
2026/09/22 01:34:27.599, 0, P0, 2347 MHz, 12481 MHz, 91.50 W, 600.00 W, 600.00 W, 42, 14739 MiB, 0 %, 5, 16
2026/09/22 01:34:27.849, 0, P0, 2347 MHz, 12481 MHz, 91.50 W, 600.00 W, 600.00 W, 42, 14739 MiB, 0 %, 5, 16
2026/09/22 01:34:28.100, 0, P0, 2347 MHz, 12481 MHz, 91.50 W, 600.00 W, 600.00 W, 42, 14739 MiB, 0 %, 5, 16
2026/09/22 01:34:28.350, 0, P0, 2355 MHz, 12481 MHz, 91.45 W, 600.00 W, 600.00 W, 42, 14739 MiB, 0 %, 5, 16
2026/09/22 01:34:28.600, 0, P0, 2355 MHz, 12481 MHz, 91.45 W, 600.00 W, 600.00 W, 42, 14739 MiB, 0 %, 5, 16
2026/09/22 01:34:28.851, 0, P0, 2355 MHz, 12481 MHz, 91.45 W, 600.00 W, 600.00 W, 42, 14739 MiB, 0 %, 5, 16
2026/09/22 01:34:29.101, 0, P0, 2355 MHz, 12481 MHz, 91.45 W, 600.00 W, 600.00 W, 42, 14739 MiB, 0 %, 5, 16
2026/09/22 01:34:29.351, 0, P0, 2355 MHz, 12481 MHz, 91.50 W, 600.00 W, 600.00 W, 42, 14739 MiB, 0 %, 5, 16
2026/09/22 01:34:29.602, 0, P0, 2355 MHz, 12481 MHz, 91.50 W, 600.00 W, 600.00 W, 42, 14739 MiB, 0 %, 5, 16
2026/09/22 01:34:29.852, 0, P0, 2355 MHz, 12481 MHz, 91.50 W, 600.00 W, 600.00 W, 42, 14739 MiB, 0 %, 5, 16
2026/09/22 01:34:30.102, 0, P0, 2355 MHz, 12481 MHz, 91.50 W, 600.00 W, 600.00 W, 42, 14739 MiB, 0 %, 5, 16
2026/09/22 01:34:30.352, 0, P0, 2355 MHz, 12481 MHz, 91.80 W, 600.00 W, 600.00 W, 42, 14739 MiB, 0 %, 5, 16
2026/09/22 01:34:30.603, 0, P0, 2355 MHz, 12481 MHz, 91.80 W, 600.00 W, 600.00 W, 42, 14739 MiB, 0 %, 5, 16
2026/09/22 01:34:30.853, 0, P0, 2355 MHz, 12481 MHz, 91.80 W, 600.00 W, 600.00 W, 42, 14739 MiB, 0 %, 5, 16
2026/09/22 01:34:31.103, 0, P0, 2355 MHz, 12481 MHz, 91.80 W, 600.00 W, 600.00 W, 42, 14739 MiB, 0 %, 5, 16
2026/09/22 01:34:31.354, 0, P0, 2347 MHz, 12481 MHz, 92.05 W, 600.00 W, 600.00 W, 42, 14739 MiB, 0 %, 5, 16
2026/09/22 01:34:31.604, 0, P0, 2347 MHz, 12481 MHz, 92.05 W, 600.00 W, 600.00 W, 42, 14739 MiB, 0 %, 5, 16
2026/09/22 01:34:31.854, 0, P0, 2347 MHz, 12481 MHz, 92.05 W, 600.00 W, 600.00 W, 42, 14739 MiB, 0 %, 5, 16
2026/09/22 01:34:32.105, 0, P0, 2347 MHz, 12481 MHz, 92.05 W, 600.00 W, 600.00 W, 42, 14739 MiB, 0 %, 5, 16
2026/09/22 01:34:32.355, 0, P0, 2355 MHz, 12481 MHz, 90.99 W, 600.00 W, 600.00 W, 42, 14739 MiB, 0 %, 5, 16
2026/09/22 01:34:32.605, 0, P0, 2347 MHz, 12481 MHz, 135.16 W, 600.00 W, 600.00 W, 50, 19539 MiB, 85 %, 5, 16
2026/09/22 01:34:32.856, 0, P0, 2392 MHz, 12481 MHz, 204.45 W, 600.00 W, 600.00 W, 53, 19539 MiB, 100 %, 5, 16
2026/09/22 01:34:33.106, 0, P0, 2422 MHz, 12481 MHz, 237.54 W, 600.00 W, 600.00 W, 53, 19539 MiB, 100 %, 5, 16
2026/09/22 01:34:33.357, 0, P0, 2422 MHz, 12481 MHz, 449.59 W, 600.00 W, 600.00 W, 53, 19539 MiB, 100 %, 5, 16
2026/09/22 01:34:33.608, 0, P0, 2422 MHz, 12481 MHz, 488.37 W, 600.00 W, 600.00 W, 55, 19573 MiB, 100 %, 5, 16
2026/09/22 01:34:33.859, 0, P0, 2422 MHz, 12481 MHz, 441.55 W, 600.00 W, 600.00 W, 49, 19573 MiB, 95 %, 5, 16
2026/09/22 01:34:34.110, 0, P0, 2415 MHz, 12481 MHz, 401.92 W, 600.00 W, 600.00 W, 49, 17461 MiB, 96 %, 5, 16
2026/09/22 01:34:34.360, 0, P0, 2422 MHz, 12481 MHz, 330.43 W, 600.00 W, 600.00 W, 47, 18293 MiB, 97 %, 5, 16
2026/09/22 01:34:34.611, 0, P0, 2422 MHz, 12481 MHz, 305.74 W, 600.00 W, 600.00 W, 49, 18293 MiB, 96 %, 5, 16
2026/09/22 01:34:34.862, 0, P0, 2415 MHz, 12481 MHz, 288.84 W, 600.00 W, 600.00 W, 48, 18901 MiB, 68 %, 5, 16
2026/09/22 01:34:35.112, 0, P0, 2422 MHz, 12481 MHz, 294.22 W, 600.00 W, 600.00 W, 49, 18901 MiB, 95 %, 5, 16
2026/09/22 01:34:35.363, 0, P0, 2415 MHz, 12481 MHz, 307.92 W, 600.00 W, 600.00 W, 48, 19349 MiB, 97 %, 5, 16
2026/09/22 01:34:35.614, 0, P0, 2422 MHz, 12481 MHz, 308.81 W, 600.00 W, 600.00 W, 49, 19349 MiB, 96 %, 5, 16
2026/09/22 01:34:35.865, 0, P0, 2415 MHz, 12481 MHz, 282.14 W, 600.00 W, 600.00 W, 45, 0 MiB, 65 %, 5, 16
2026/09/22 01:34:36.115, 0, P0, 2422 MHz, 12481 MHz, 230.23 W, 600.00 W, 600.00 W, 44, 0 MiB, 37 %, 5, 16
2026/09/22 01:34:36.366, 0, P0, 2422 MHz, 12481 MHz, 175.08 W, 600.00 W, 600.00 W, 44, 0 MiB, 0 %, 5, 16
2026/09/22 01:34:36.616, 0, P0, 2422 MHz, 12481 MHz, 123.32 W, 600.00 W, 600.00 W, 44, 0 MiB, 0 %, 5, 16
2026/09/22 01:34:36.866, 0, P0, 2385 MHz, 12481 MHz, 92.86 W, 600.00 W, 600.00 W, 44, 41 MiB, 0 %, 5, 16
2026/09/22 01:34:37.117, 0, P0, 2347 MHz, 12481 MHz, 95.90 W, 600.00 W, 600.00 W, 45, 595 MiB, 0 %, 5, 16
2026/09/22 01:34:37.367, 0, P0, 2377 MHz, 12481 MHz, 97.84 W, 600.00 W, 600.00 W, 44, 1907 MiB, 16 %, 5, 16
2026/09/22 01:34:37.617, 0, P0, 2347 MHz, 12481 MHz, 99.02 W, 600.00 W, 600.00 W, 43, 2835 MiB, 7 %, 5, 16
2026/09/22 01:34:37.868, 0, P0, 2355 MHz, 12481 MHz, 98.67 W, 600.00 W, 600.00 W, 43, 3731 MiB, 7 %, 5, 16
2026/09/22 01:34:38.118, 0, P0, 2355 MHz, 12481 MHz, 94.90 W, 600.00 W, 600.00 W, 43, 4627 MiB, 7 %, 5, 16
2026/09/22 01:34:38.369, 0, P0, 2347 MHz, 12481 MHz, 94.85 W, 600.00 W, 600.00 W, 43, 5523 MiB, 6 %, 5, 16
2026/09/22 01:34:38.619, 0, P0, 2347 MHz, 12481 MHz, 94.81 W, 600.00 W, 600.00 W, 43, 6451 MiB, 8 %, 5, 16
2026/09/22 01:34:38.870, 0, P0, 2347 MHz, 12481 MHz, 94.81 W, 600.00 W, 600.00 W, 43, 7379 MiB, 7 %, 5, 16
2026/09/22 01:34:39.120, 0, P0, 2355 MHz, 12481 MHz, 94.74 W, 600.00 W, 600.00 W, 43, 8307 MiB, 7 %, 5, 16
2026/09/22 01:34:39.371, 0, P0, 2347 MHz, 12481 MHz, 94.71 W, 600.00 W, 600.00 W, 43, 9203 MiB, 7 %, 5, 16
2026/09/22 01:34:39.621, 0, P0, 2347 MHz, 12481 MHz, 94.69 W, 600.00 W, 600.00 W, 43, 10131 MiB, 7 %, 5, 16
2026/09/22 01:34:39.872, 0, P0, 2355 MHz, 12481 MHz, 94.53 W, 600.00 W, 600.00 W, 43, 10995 MiB, 6 %, 5, 16
2026/09/22 01:34:40.122, 0, P0, 2355 MHz, 12481 MHz, 94.54 W, 600.00 W, 600.00 W, 43, 11923 MiB, 8 %, 5, 16
2026/09/22 01:34:40.373, 0, P0, 2355 MHz, 12481 MHz, 94.54 W, 600.00 W, 600.00 W, 43, 12851 MiB, 7 %, 5, 16
2026/09/22 01:34:40.623, 0, P0, 2355 MHz, 12481 MHz, 94.48 W, 600.00 W, 600.00 W, 43, 13747 MiB, 7 %, 5, 16
2026/09/22 01:34:40.874, 0, P0, 2347 MHz, 12481 MHz, 94.44 W, 600.00 W, 600.00 W, 43, 14643 MiB, 7 %, 5, 16
2026/09/22 01:34:41.124, 0, P0, 2347 MHz, 12481 MHz, 94.20 W, 600.00 W, 600.00 W, 43, 14739 MiB, 6 %, 5, 16
2026/09/22 01:34:41.374, 0, P0, 2347 MHz, 12481 MHz, 93.64 W, 600.00 W, 600.00 W, 43, 14739 MiB, 0 %, 5, 16
2026/09/22 01:34:41.625, 0, P0, 2347 MHz, 12481 MHz, 93.28 W, 600.00 W, 600.00 W, 43, 14739 MiB, 0 %, 5, 16
2026/09/22 01:34:41.875, 0, P0, 2347 MHz, 12481 MHz, 92.80 W, 600.00 W, 600.00 W, 43, 14739 MiB, 0 %, 5, 16
2026/09/22 01:34:42.125, 0, P0, 2347 MHz, 12481 MHz, 92.68 W, 600.00 W, 600.00 W, 43, 14739 MiB, 0 %, 5, 16
2026/09/22 01:34:42.376, 0, P0, 2347 MHz, 12481 MHz, 92.68 W, 600.00 W, 600.00 W, 43, 14739 MiB, 0 %, 5, 16
2026/09/22 01:34:42.626, 0, P0, 2347 MHz, 12481 MHz, 92.68 W, 600.00 W, 600.00 W, 43, 14739 MiB, 0 %, 5, 16
2026/09/22 01:34:42.876, 0, P0, 2347 MHz, 12481 MHz, 92.68 W, 600.00 W, 600.00 W, 43, 14739 MiB, 0 %, 5, 16
2026/09/22 01:34:43.127, 0, P0, 2355 MHz, 12481 MHz, 91.44 W, 600.00 W, 600.00 W, 42, 14739 MiB, 0 %, 5, 16
2026/09/22 01:34:43.377, 0, P0, 2355 MHz, 12481 MHz, 91.44 W, 600.00 W, 600.00 W, 42, 14739 MiB, 0 %, 5, 16
2026/09/22 01:34:43.627, 0, P0, 2355 MHz, 12481 MHz, 91.44 W, 600.00 W, 600.00 W, 42, 14739 MiB, 0 %, 5, 16
2026/09/22 01:34:43.878, 0, P0, 2355 MHz, 12481 MHz, 91.44 W, 600.00 W, 600.00 W, 42, 14739 MiB, 0 %, 5, 16
2026/09/22 01:34:44.128, 0, P0, 2355 MHz, 12481 MHz, 91.72 W, 600.00 W, 600.00 W, 42, 14739 MiB, 0 %, 5, 16
2026/09/22 01:34:44.378, 0, P0, 2355 MHz, 12481 MHz, 91.72 W, 600.00 W, 600.00 W, 42, 14739 MiB, 0 %, 5, 16
2026/09/22 01:34:44.629, 0, P0, 2355 MHz, 12481 MHz, 91.72 W, 600.00 W, 600.00 W, 42, 14739 MiB, 0 %, 5, 16
2026/09/22 01:34:44.879, 0, P0, 2355 MHz, 12481 MHz, 91.72 W, 600.00 W, 600.00 W, 42, 14739 MiB, 0 %, 5, 16
2026/09/22 01:34:45.129, 0, P0, 2355 MHz, 12481 MHz, 90.99 W, 600.00 W, 600.00 W, 42, 14739 MiB, 0 %, 5, 16
2026/09/22 01:34:45.380, 0, P0, 2355 MHz, 12481 MHz, 90.99 W, 600.00 W, 600.00 W, 42, 14739 MiB, 0 %, 5, 16
2026/09/22 01:34:45.630, 0, P0, 2355 MHz, 12481 MHz, 90.99 W, 600.00 W, 600.00 W, 42, 14739 MiB, 0 %, 5, 16
2026/09/22 01:34:45.880, 0, P0, 2355 MHz, 12481 MHz, 90.99 W, 600.00 W, 600.00 W, 42, 14739 MiB, 0 %, 5, 16
2026/09/22 01:34:46.130, 0, P0, 2355 MHz, 12481 MHz, 90.99 W, 600.00 W, 600.00 W, 42, 14739 MiB, 0 %, 5, 16
2026/09/22 01:34:46.381, 0, P0, 2355 MHz, 12481 MHz, 90.99 W, 600.00 W, 600.00 W, 42, 14739 MiB, 0 %, 5, 16
2026/09/22 01:34:46.631, 0, P0, 2355 MHz, 12481 MHz, 90.99 W, 600.00 W, 600.00 W, 42, 14739 MiB, 0 %, 5, 16
2026/09/22 01:34:46.881, 0, P0, 2355 MHz, 12481 MHz, 90.99 W, 600.00 W, 600.00 W, 42, 14739 MiB, 0 %, 5, 16
2026/09/22 01:34:47.132, 0, P0, 2355 MHz, 12481 MHz, 91.27 W, 600.00 W, 600.00 W, 42, 14739 MiB, 0 %, 5, 16
2026/09/22 01:34:47.382, 0, P0, 2355 MHz, 12481 MHz, 91.27 W, 600.00 W, 600.00 W, 42, 14739 MiB, 0 %, 5, 16
2026/09/22 01:34:47.632, 0, P0, 2355 MHz, 12481 MHz, 91.27 W, 600.00 W, 600.00 W, 42, 14739 MiB, 0 %, 5, 16
2026/09/22 01:34:47.883, 0, P0, 2355 MHz, 12481 MHz, 91.27 W, 600.00 W, 600.00 W, 42, 14739 MiB, 0 %, 5, 16
2026/09/22 01:34:48.133, 0, P0, 2355 MHz, 12481 MHz, 91.55 W, 600.00 W, 600.00 W, 42, 14739 MiB, 0 %, 5, 16
2026/09/22 01:34:48.383, 0, P0, 2355 MHz, 12481 MHz, 91.55 W, 600.00 W, 600.00 W, 42, 14739 MiB, 0 %, 5, 16
2026/09/22 01:34:48.634, 0, P0, 2355 MHz, 12481 MHz, 91.55 W, 600.00 W, 600.00 W, 42, 14739 MiB, 0 %, 5, 16
2026/09/22 01:34:48.884, 0, P0, 2355 MHz, 12481 MHz, 91.55 W, 600.00 W, 600.00 W, 42, 14739 MiB, 0 %, 5, 16
2026/09/22 01:34:49.134, 0, P0, 2355 MHz, 12481 MHz, 101.08 W, 600.00 W, 600.00 W, 42, 19539 MiB, 0 %, 5, 16
2026/09/22 01:34:49.385, 0, P0, 2422 MHz, 12481 MHz, 183.01 W, 600.00 W, 600.00 W, 52, 19539 MiB, 100 %, 5, 16
2026/09/22 01:34:49.636, 0, P0, 2422 MHz, 12481 MHz, 221.21 W, 600.00 W, 600.00 W, 54, 19539 MiB, 100 %, 5, 16
2026/09/22 01:34:49.887, 0, P0, 2422 MHz, 12481 MHz, 264.12 W, 600.00 W, 600.00 W, 53, 19539 MiB, 100 %, 5, 16
2026/09/22 01:34:50.137, 0, P0, 2422 MHz, 12481 MHz, 496.67 W, 600.00 W, 600.00 W, 54, 19573 MiB, 100 %, 5, 16
2026/09/22 01:34:50.387, 0, P0, 2415 MHz, 12481 MHz, 456.01 W, 600.00 W, 600.00 W, 49, 19573 MiB, 95 %, 5, 16
2026/09/22 01:34:50.638, 0, P0, 2415 MHz, 12481 MHz, 424.63 W, 600.00 W, 600.00 W, 49, 17205 MiB, 96 %, 5, 16
2026/09/22 01:34:50.889, 0, P0, 2422 MHz, 12481 MHz, 333.08 W, 600.00 W, 600.00 W, 44, 17589 MiB, 67 %, 5, 16
2026/09/22 01:34:51.139, 0, P0, 2422 MHz, 12481 MHz, 287.70 W, 600.00 W, 600.00 W, 47, 18293 MiB, 59 %, 5, 16
2026/09/22 01:34:51.390, 0, P0, 2415 MHz, 12481 MHz, 278.21 W, 600.00 W, 600.00 W, 49, 18293 MiB, 95 %, 5, 16
2026/09/22 01:34:51.640, 0, P0, 2415 MHz, 12481 MHz, 266.84 W, 600.00 W, 600.00 W, 48, 18901 MiB, 98 %, 5, 16
2026/09/22 01:34:51.891, 0, P0, 2422 MHz, 12481 MHz, 278.44 W, 600.00 W, 600.00 W, 45, 18901 MiB, 96 %, 5, 16
2026/09/22 01:34:52.142, 0, P0, 2422 MHz, 12481 MHz, 274.88 W, 600.00 W, 600.00 W, 48, 18901 MiB, 25 %, 5, 16
2026/09/22 01:34:52.393, 0, P0, 2422 MHz, 12481 MHz, 233.99 W, 600.00 W, 600.00 W, 47, 19349 MiB, 78 %, 5, 16
2026/09/22 01:34:52.644, 0, P0, 2422 MHz, 12481 MHz, 246.65 W, 600.00 W, 600.00 W, 48, 19349 MiB, 96 %, 5, 16
2026/09/22 01:34:52.894, 0, P0, 2422 MHz, 12481 MHz, 237.39 W, 600.00 W, 600.00 W, 48, 19349 MiB, 5 %, 5, 16
2026/09/22 01:34:53.144, 0, P0, 2422 MHz, 12481 MHz, 202.05 W, 600.00 W, 600.00 W, 44, 0 MiB, 35 %, 5, 16
2026/09/22 01:34:53.395, 0, P0, 2355 MHz, 12481 MHz, 178.63 W, 600.00 W, 600.00 W, 44, 0 MiB, 0 %, 5, 16
2026/09/22 01:34:53.645, 0, P0, 2355 MHz, 12481 MHz, 127.69 W, 600.00 W, 600.00 W, 44, 0 MiB, 0 %, 5, 16
2026/09/22 01:34:53.896, 0, P0, 2355 MHz, 12481 MHz, 95.80 W, 600.00 W, 600.00 W, 43, 0 MiB, 0 %, 5, 16
2026/09/22 01:34:54.146, 0, P0, 2355 MHz, 12481 MHz, 97.61 W, 600.00 W, 600.00 W, 44, 595 MiB, 0 %, 5, 16
2026/09/22 01:34:54.396, 0, P0, 2347 MHz, 12481 MHz, 94.69 W, 600.00 W, 600.00 W, 43, 1459 MiB, 0 %, 5, 16
2026/09/22 01:34:54.647, 0, P0, 2347 MHz, 12481 MHz, 95.27 W, 600.00 W, 600.00 W, 43, 2323 MiB, 7 %, 5, 16
2026/09/22 01:34:54.897, 0, P0, 2347 MHz, 12481 MHz, 95.78 W, 600.00 W, 600.00 W, 43, 3187 MiB, 6 %, 5, 16
2026/09/22 01:34:55.148, 0, P0, 2347 MHz, 12481 MHz, 94.77 W, 600.00 W, 600.00 W, 43, 4051 MiB, 8 %, 5, 16
2026/09/22 01:34:55.398, 0, P0, 2347 MHz, 12481 MHz, 95.22 W, 600.00 W, 600.00 W, 43, 4979 MiB, 7 %, 5, 16
2026/09/22 01:34:55.649, 0, P0, 2347 MHz, 12481 MHz, 94.78 W, 600.00 W, 600.00 W, 43, 5843 MiB, 6 %, 5, 16
2026/09/22 01:34:55.899, 0, P0, 2347 MHz, 12481 MHz, 94.81 W, 600.00 W, 600.00 W, 43, 6707 MiB, 7 %, 5, 16
2026/09/22 01:34:56.150, 0, P0, 2347 MHz, 12481 MHz, 94.68 W, 600.00 W, 600.00 W, 43, 7635 MiB, 7 %, 5, 16
2026/09/22 01:34:56.400, 0, P0, 2347 MHz, 12481 MHz, 94.53 W, 600.00 W, 600.00 W, 43, 8499 MiB, 7 %, 5, 16
2026/09/22 01:34:56.651, 0, P0, 2347 MHz, 12481 MHz, 94.56 W, 600.00 W, 600.00 W, 43, 9363 MiB, 8 %, 5, 16
2026/09/22 01:34:56.901, 0, P0, 2347 MHz, 12481 MHz, 94.49 W, 600.00 W, 600.00 W, 43, 10291 MiB, 7 %, 5, 16
2026/09/22 01:34:57.152, 0, P0, 2355 MHz, 12481 MHz, 94.46 W, 600.00 W, 600.00 W, 43, 11155 MiB, 7 %, 5, 16
2026/09/22 01:34:57.402, 0, P0, 2355 MHz, 12481 MHz, 94.45 W, 600.00 W, 600.00 W, 43, 12019 MiB, 7 %, 5, 16
2026/09/22 01:34:57.653, 0, P0, 2355 MHz, 12481 MHz, 94.45 W, 600.00 W, 600.00 W, 43, 12947 MiB, 8 %, 5, 16
2026/09/22 01:34:57.903, 0, P0, 2355 MHz, 12481 MHz, 94.34 W, 600.00 W, 600.00 W, 43, 13811 MiB, 7 %, 5, 16
2026/09/22 01:34:58.154, 0, P0, 2355 MHz, 12481 MHz, 94.40 W, 600.00 W, 600.00 W, 43, 14707 MiB, 6 %, 5, 16
2026/09/22 01:34:58.404, 0, P0, 2355 MHz, 12481 MHz, 94.13 W, 600.00 W, 600.00 W, 43, 14739 MiB, 0 %, 5, 16
2026/09/22 01:34:58.655, 0, P0, 2347 MHz, 12481 MHz, 93.65 W, 600.00 W, 600.00 W, 42, 14739 MiB, 0 %, 5, 16
2026/09/22 01:34:58.905, 0, P0, 2347 MHz, 12481 MHz, 93.33 W, 600.00 W, 600.00 W, 42, 14739 MiB, 0 %, 5, 16
2026/09/22 01:34:59.155, 0, P0, 2347 MHz, 12481 MHz, 92.83 W, 600.00 W, 600.00 W, 42, 14739 MiB, 0 %, 5, 16
2026/09/22 01:34:59.405, 0, P0, 2347 MHz, 12481 MHz, 92.78 W, 600.00 W, 600.00 W, 42, 14739 MiB, 0 %, 5, 16
2026/09/22 01:34:59.656, 0, P0, 2347 MHz, 12481 MHz, 92.78 W, 600.00 W, 600.00 W, 42, 14739 MiB, 0 %, 5, 16
2026/09/22 01:34:59.906, 0, P0, 2347 MHz, 12481 MHz, 92.78 W, 600.00 W, 600.00 W, 42, 14739 MiB, 0 %, 5, 16
2026/09/22 01:35:00.157, 0, P0, 2347 MHz, 12481 MHz, 92.78 W, 600.00 W, 600.00 W, 42, 14739 MiB, 0 %, 5, 16
2026/09/22 01:35:00.407, 0, P0, 2347 MHz, 12481 MHz, 92.62 W, 600.00 W, 600.00 W, 42, 14739 MiB, 0 %, 5, 16
2026/09/22 01:35:00.657, 0, P0, 2347 MHz, 12481 MHz, 92.62 W, 600.00 W, 600.00 W, 42, 14739 MiB, 0 %, 5, 16
2026/09/22 01:35:00.908, 0, P0, 2347 MHz, 12481 MHz, 92.62 W, 600.00 W, 600.00 W, 42, 14739 MiB, 0 %, 5, 16
2026/09/22 01:35:01.158, 0, P0, 2347 MHz, 12481 MHz, 92.62 W, 600.00 W, 600.00 W, 42, 14739 MiB, 0 %, 5, 16
2026/09/22 01:35:01.408, 0, P0, 2347 MHz, 12481 MHz, 92.59 W, 600.00 W, 600.00 W, 42, 14739 MiB, 0 %, 5, 16
2026/09/22 01:35:01.659, 0, P0, 2347 MHz, 12481 MHz, 92.59 W, 600.00 W, 600.00 W, 42, 14739 MiB, 0 %, 5, 16
2026/09/22 01:35:01.909, 0, P0, 2347 MHz, 12481 MHz, 92.59 W, 600.00 W, 600.00 W, 42, 14739 MiB, 0 %, 5, 16
2026/09/22 01:35:02.159, 0, P0, 2347 MHz, 12481 MHz, 92.59 W, 600.00 W, 600.00 W, 42, 14739 MiB, 0 %, 5, 16
2026/09/22 01:35:02.409, 0, P0, 2355 MHz, 12481 MHz, 93.06 W, 600.00 W, 600.00 W, 42, 14739 MiB, 0 %, 5, 16
2026/09/22 01:35:02.660, 0, P0, 2355 MHz, 12481 MHz, 93.06 W, 600.00 W, 600.00 W, 42, 14739 MiB, 0 %, 5, 16
2026/09/22 01:35:02.910, 0, P0, 2355 MHz, 12481 MHz, 93.06 W, 600.00 W, 600.00 W, 42, 14739 MiB, 0 %, 5, 16
2026/09/22 01:35:03.160, 0, P0, 2355 MHz, 12481 MHz, 93.06 W, 600.00 W, 600.00 W, 42, 14739 MiB, 0 %, 5, 16
2026/09/22 01:35:03.411, 0, P0, 2355 MHz, 12481 MHz, 92.03 W, 600.00 W, 600.00 W, 42, 14739 MiB, 0 %, 5, 16
2026/09/22 01:35:03.661, 0, P0, 2355 MHz, 12481 MHz, 92.03 W, 600.00 W, 600.00 W, 42, 14739 MiB, 0 %, 5, 16
2026/09/22 01:35:03.911, 0, P0, 2355 MHz, 12481 MHz, 92.03 W, 600.00 W, 600.00 W, 42, 14739 MiB, 0 %, 5, 16
2026/09/22 01:35:04.162, 0, P0, 2355 MHz, 12481 MHz, 92.03 W, 600.00 W, 600.00 W, 42, 14739 MiB, 0 %, 5, 16
2026/09/22 01:35:04.412, 0, P0, 2347 MHz, 12481 MHz, 91.24 W, 600.00 W, 600.00 W, 42, 14739 MiB, 0 %, 5, 16
2026/09/22 01:35:04.662, 0, P0, 2347 MHz, 12481 MHz, 91.24 W, 600.00 W, 600.00 W, 42, 14739 MiB, 0 %, 5, 16
2026/09/22 01:35:04.912, 0, P0, 2347 MHz, 12481 MHz, 91.24 W, 600.00 W, 600.00 W, 42, 14739 MiB, 0 %, 5, 16
2026/09/22 01:35:05.163, 0, P0, 2347 MHz, 12481 MHz, 91.24 W, 600.00 W, 600.00 W, 42, 14739 MiB, 0 %, 5, 16
2026/09/22 01:35:05.413, 0, P0, 2355 MHz, 12481 MHz, 91.94 W, 600.00 W, 600.00 W, 42, 14739 MiB, 0 %, 5, 16
2026/09/22 01:35:05.663, 0, P0, 2355 MHz, 12481 MHz, 91.94 W, 600.00 W, 600.00 W, 42, 14739 MiB, 0 %, 5, 16
2026/09/22 01:35:05.914, 0, P0, 2355 MHz, 12481 MHz, 91.94 W, 600.00 W, 600.00 W, 42, 14739 MiB, 0 %, 5, 16
2026/09/22 01:35:06.164, 0, P0, 2355 MHz, 12481 MHz, 91.94 W, 600.00 W, 600.00 W, 42, 14739 MiB, 0 %, 5, 16
2026/09/22 01:35:06.414, 0, P0, 2347 MHz, 12481 MHz, 107.31 W, 600.00 W, 600.00 W, 42, 19539 MiB, 83 %, 5, 16
2026/09/22 01:35:06.665, 0, P0, 2422 MHz, 12481 MHz, 185.49 W, 600.00 W, 600.00 W, 51, 19539 MiB, 100 %, 5, 16
2026/09/22 01:35:06.916, 0, P0, 2422 MHz, 12481 MHz, 222.68 W, 600.00 W, 600.00 W, 54, 19539 MiB, 100 %, 5, 16
2026/09/22 01:35:07.166, 0, P0, 2422 MHz, 12481 MHz, 264.66 W, 600.00 W, 600.00 W, 54, 19539 MiB, 100 %, 5, 16
2026/09/22 01:35:07.417, 0, P0, 2422 MHz, 12481 MHz, 497.35 W, 600.00 W, 600.00 W, 54, 19573 MiB, 100 %, 5, 16
2026/09/22 01:35:07.667, 0, P0, 2422 MHz, 12481 MHz, 454.74 W, 600.00 W, 600.00 W, 49, 19573 MiB, 95 %, 5, 16
2026/09/22 01:35:07.918, 0, P0, 2415 MHz, 12481 MHz, 425.09 W, 600.00 W, 600.00 W, 49, 17205 MiB, 96 %, 5, 16
2026/09/22 01:35:08.168, 0, P0, 2422 MHz, 12481 MHz, 350.25 W, 600.00 W, 600.00 W, 48, 18293 MiB, 96 %, 5, 16
2026/09/22 01:35:08.420, 0, P0, 2415 MHz, 12481 MHz, 324.05 W, 600.00 W, 600.00 W, 49, 18293 MiB, 96 %, 5, 16
2026/09/22 01:35:08.671, 0, P0, 2415 MHz, 12481 MHz, 299.54 W, 600.00 W, 600.00 W, 47, 18805 MiB, 73 %, 5, 16
2026/09/22 01:35:08.921, 0, P0, 2415 MHz, 12481 MHz, 298.20 W, 600.00 W, 600.00 W, 49, 18901 MiB, 96 %, 5, 16
2026/09/22 01:35:09.172, 0, P0, 2415 MHz, 12481 MHz, 308.84 W, 600.00 W, 600.00 W, 48, 18901 MiB, 97 %, 5, 16
2026/09/22 01:35:09.423, 0, P0, 2415 MHz, 12481 MHz, 308.27 W, 600.00 W, 600.00 W, 49, 19349 MiB, 96 %, 5, 16
2026/09/22 01:35:09.674, 0, P0, 2415 MHz, 12481 MHz, 292.46 W, 600.00 W, 600.00 W, 45, 19341 MiB, 45 %, 5, 16
2026/09/22 01:35:09.943, 0, P0, 2422 MHz, 12481 MHz, 247.77 W, 600.00 W, 600.00 W, 44, 0 MiB, 37 %, 5, 16
2026/09/22 01:35:10.193, 0, P0, 2422 MHz, 12481 MHz, 183.93 W, 600.00 W, 600.00 W, 43, 0 MiB, 0 %, 5, 16
2026/09/22 01:35:10.443, 0, P0, 2407 MHz, 12481 MHz, 138.01 W, 600.00 W, 600.00 W, 43, 0 MiB, 0 %, 5, 16
2026/09/22 01:35:10.693, 0, P0, 2355 MHz, 12481 MHz, 92.97 W, 600.00 W, 600.00 W, 43, 1 MiB, 0 %, 5, 16
2026/09/22 01:35:10.945, 0, P0, 2355 MHz, 12481 MHz, 95.41 W, 600.00 W, 600.00 W, 44, 595 MiB, 0 %, 5, 16
2026/09/22 01:35:11.195, 0, P0, 2385 MHz, 12481 MHz, 101.35 W, 600.00 W, 600.00 W, 43, 1587 MiB, 16 %, 5, 16
2026/09/22 01:35:11.446, 0, P0, 2355 MHz, 12481 MHz, 102.51 W, 600.00 W, 600.00 W, 43, 2483 MiB, 7 %, 5, 16
2026/09/22 01:35:11.696, 0, P0, 2355 MHz, 12481 MHz, 102.87 W, 600.00 W, 600.00 W, 43, 3379 MiB, 6 %, 5, 16
2026/09/22 01:35:11.947, 0, P0, 2355 MHz, 12481 MHz, 99.12 W, 600.00 W, 600.00 W, 43, 4275 MiB, 7 %, 5, 16
2026/09/22 01:35:12.197, 0, P0, 2347 MHz, 12481 MHz, 94.99 W, 600.00 W, 600.00 W, 43, 5171 MiB, 7 %, 5, 16
2026/09/22 01:35:12.448, 0, P0, 2347 MHz, 12481 MHz, 94.67 W, 600.00 W, 600.00 W, 43, 6067 MiB, 7 %, 5, 16
2026/09/22 01:35:12.698, 0, P0, 2347 MHz, 12481 MHz, 94.71 W, 600.00 W, 600.00 W, 43, 6931 MiB, 7 %, 5, 16
2026/09/22 01:35:12.949, 0, P0, 2355 MHz, 12481 MHz, 94.51 W, 600.00 W, 600.00 W, 43, 7827 MiB, 6 %, 5, 16
2026/09/22 01:35:13.199, 0, P0, 2355 MHz, 12481 MHz, 94.50 W, 600.00 W, 600.00 W, 43, 8691 MiB, 7 %, 5, 16
2026/09/22 01:35:13.449, 0, P0, 2355 MHz, 12481 MHz, 94.59 W, 600.00 W, 600.00 W, 43, 9619 MiB, 7 %, 5, 16
2026/09/22 01:35:13.700, 0, P0, 2355 MHz, 12481 MHz, 94.42 W, 600.00 W, 600.00 W, 43, 10483 MiB, 7 %, 5, 16
2026/09/22 01:35:13.951, 0, P0, 2355 MHz, 12481 MHz, 94.50 W, 600.00 W, 600.00 W, 43, 11411 MiB, 7 %, 5, 16
2026/09/22 01:35:14.202, 0, P0, 2347 MHz, 12481 MHz, 94.40 W, 600.00 W, 600.00 W, 43, 12307 MiB, 7 %, 5, 16
2026/09/22 01:35:14.452, 0, P0, 2355 MHz, 12481 MHz, 94.41 W, 600.00 W, 600.00 W, 43, 13203 MiB, 7 %, 5, 16
2026/09/22 01:35:14.703, 0, P0, 2347 MHz, 12481 MHz, 94.45 W, 600.00 W, 600.00 W, 43, 14067 MiB, 7 %, 5, 16
2026/09/22 01:35:14.953, 0, P0, 2347 MHz, 12481 MHz, 94.37 W, 600.00 W, 600.00 W, 43, 14739 MiB, 7 %, 5, 16
2026/09/22 01:35:15.204, 0, P0, 2355 MHz, 12481 MHz, 94.02 W, 600.00 W, 600.00 W, 42, 14739 MiB, 0 %, 5, 16
2026/09/22 01:35:15.454, 0, P0, 2347 MHz, 12481 MHz, 93.66 W, 600.00 W, 600.00 W, 42, 14739 MiB, 0 %, 5, 16
2026/09/22 01:35:15.704, 0, P0, 2355 MHz, 12481 MHz, 93.14 W, 600.00 W, 600.00 W, 42, 14739 MiB, 0 %, 5, 16
2026/09/22 01:35:15.955, 0, P0, 2355 MHz, 12481 MHz, 92.85 W, 600.00 W, 600.00 W, 42, 14739 MiB, 0 %, 5, 16
2026/09/22 01:35:16.205, 0, P0, 2355 MHz, 12481 MHz, 92.71 W, 600.00 W, 600.00 W, 42, 14739 MiB, 0 %, 5, 16
2026/09/22 01:35:16.455, 0, P0, 2355 MHz, 12481 MHz, 92.71 W, 600.00 W, 600.00 W, 42, 14739 MiB, 0 %, 5, 16
2026/09/22 01:35:16.705, 0, P0, 2355 MHz, 12481 MHz, 92.71 W, 600.00 W, 600.00 W, 42, 14739 MiB, 0 %, 5, 16
2026/09/22 01:35:16.956, 0, P0, 2355 MHz, 12481 MHz, 92.71 W, 600.00 W, 600.00 W, 42, 14739 MiB, 0 %, 5, 16
2026/09/22 01:35:17.206, 0, P0, 2355 MHz, 12481 MHz, 91.49 W, 600.00 W, 600.00 W, 42, 14739 MiB, 0 %, 5, 16
2026/09/22 01:35:17.456, 0, P0, 2355 MHz, 12481 MHz, 91.49 W, 600.00 W, 600.00 W, 42, 14739 MiB, 0 %, 5, 16
2026/09/22 01:35:17.707, 0, P0, 2355 MHz, 12481 MHz, 91.49 W, 600.00 W, 600.00 W, 42, 14739 MiB, 0 %, 5, 16
2026/09/22 01:35:17.957, 0, P0, 2355 MHz, 12481 MHz, 91.49 W, 600.00 W, 600.00 W, 42, 14739 MiB, 0 %, 5, 16
2026/09/22 01:35:18.207, 0, P0, 2355 MHz, 12481 MHz, 91.44 W, 600.00 W, 600.00 W, 42, 14739 MiB, 0 %, 5, 16
2026/09/22 01:35:18.458, 0, P0, 2355 MHz, 12481 MHz, 91.44 W, 600.00 W, 600.00 W, 42, 14739 MiB, 0 %, 5, 16
2026/09/22 01:35:18.708, 0, P0, 2355 MHz, 12481 MHz, 91.44 W, 600.00 W, 600.00 W, 42, 14739 MiB, 0 %, 5, 16
2026/09/22 01:35:18.958, 0, P0, 2355 MHz, 12481 MHz, 91.44 W, 600.00 W, 600.00 W, 42, 14739 MiB, 0 %, 5, 16
2026/09/22 01:35:19.208, 0, P0, 2347 MHz, 12481 MHz, 91.66 W, 600.00 W, 600.00 W, 42, 14739 MiB, 0 %, 5, 16
2026/09/22 01:35:19.459, 0, P0, 2347 MHz, 12481 MHz, 91.66 W, 600.00 W, 600.00 W, 42, 14739 MiB, 0 %, 5, 16
2026/09/22 01:35:19.709, 0, P0, 2347 MHz, 12481 MHz, 91.66 W, 600.00 W, 600.00 W, 42, 14739 MiB, 0 %, 5, 16
2026/09/22 01:35:19.959, 0, P0, 2347 MHz, 12481 MHz, 91.66 W, 600.00 W, 600.00 W, 42, 14739 MiB, 0 %, 5, 16
2026/09/22 01:35:20.210, 0, P0, 2355 MHz, 12481 MHz, 91.38 W, 600.00 W, 600.00 W, 42, 14739 MiB, 0 %, 5, 16
2026/09/22 01:35:20.460, 0, P0, 2355 MHz, 12481 MHz, 91.38 W, 600.00 W, 600.00 W, 42, 14739 MiB, 0 %, 5, 16
2026/09/22 01:35:20.710, 0, P0, 2355 MHz, 12481 MHz, 91.38 W, 600.00 W, 600.00 W, 42, 14739 MiB, 0 %, 5, 16
2026/09/22 01:35:20.960, 0, P0, 2355 MHz, 12481 MHz, 91.38 W, 600.00 W, 600.00 W, 42, 14739 MiB, 0 %, 5, 16
2026/09/22 01:35:21.211, 0, P0, 2355 MHz, 12481 MHz, 90.42 W, 600.00 W, 600.00 W, 42, 14739 MiB, 0 %, 5, 16
2026/09/22 01:35:21.461, 0, P0, 2355 MHz, 12481 MHz, 90.42 W, 600.00 W, 600.00 W, 42, 14739 MiB, 0 %, 5, 16
2026/09/22 01:35:21.711, 0, P0, 2355 MHz, 12481 MHz, 90.42 W, 600.00 W, 600.00 W, 42, 14739 MiB, 0 %, 5, 16
2026/09/22 01:35:21.962, 0, P0, 2355 MHz, 12481 MHz, 90.93 W, 600.00 W, 600.00 W, 42, 14739 MiB, 0 %, 5, 16
2026/09/22 01:35:22.212, 0, P0, 2355 MHz, 12481 MHz, 90.93 W, 600.00 W, 600.00 W, 42, 14739 MiB, 0 %, 5, 16
2026/09/22 01:35:22.463, 0, P0, 2355 MHz, 12481 MHz, 90.93 W, 600.00 W, 600.00 W, 42, 14739 MiB, 0 %, 5, 16
2026/09/22 01:35:22.713, 0, P0, 2355 MHz, 12481 MHz, 90.93 W, 600.00 W, 600.00 W, 42, 14739 MiB, 0 %, 5, 16
2026/09/22 01:35:22.963, 0, P0, 2355 MHz, 12481 MHz, 91.88 W, 600.00 W, 600.00 W, 42, 14739 MiB, 0 %, 5, 16
2026/09/22 01:35:23.214, 0, P0, 2355 MHz, 12481 MHz, 134.35 W, 600.00 W, 600.00 W, 50, 19539 MiB, 100 %, 5, 16
2026/09/22 01:35:23.464, 0, P0, 2422 MHz, 12481 MHz, 203.76 W, 600.00 W, 600.00 W, 53, 19539 MiB, 100 %, 5, 16
2026/09/22 01:35:23.715, 0, P0, 2422 MHz, 12481 MHz, 237.23 W, 600.00 W, 600.00 W, 54, 19539 MiB, 100 %, 5, 16
2026/09/22 01:35:23.966, 0, P0, 2422 MHz, 12481 MHz, 448.23 W, 600.00 W, 600.00 W, 54, 19539 MiB, 100 %, 5, 16
2026/09/22 01:35:24.216, 0, P0, 2422 MHz, 12481 MHz, 488.55 W, 600.00 W, 600.00 W, 51, 19573 MiB, 98 %, 5, 16
2026/09/22 01:35:24.467, 0, P0, 2415 MHz, 12481 MHz, 440.01 W, 600.00 W, 600.00 W, 49, 19573 MiB, 95 %, 5, 16
2026/09/22 01:35:24.718, 0, P0, 2415 MHz, 12481 MHz, 401.29 W, 600.00 W, 600.00 W, 47, 17461 MiB, 96 %, 5, 16
2026/09/22 01:35:24.968, 0, P0, 2422 MHz, 12481 MHz, 334.29 W, 600.00 W, 600.00 W, 48, 18293 MiB, 95 %, 5, 16
2026/09/22 01:35:25.219, 0, P0, 2415 MHz, 12481 MHz, 312.11 W, 600.00 W, 600.00 W, 49, 18293 MiB, 95 %, 5, 16
2026/09/22 01:35:25.469, 0, P0, 2422 MHz, 12481 MHz, 295.28 W, 600.00 W, 600.00 W, 48, 18901 MiB, 98 %, 5, 16
2026/09/22 01:35:25.720, 0, P0, 2415 MHz, 12481 MHz, 302.16 W, 600.00 W, 600.00 W, 49, 18901 MiB, 96 %, 5, 16
2026/09/22 01:35:25.971, 0, P0, 2415 MHz, 12481 MHz, 310.62 W, 600.00 W, 600.00 W, 48, 19349 MiB, 96 %, 5, 16
2026/09/22 01:35:26.222, 0, P0, 2415 MHz, 12481 MHz, 300.50 W, 600.00 W, 600.00 W, 46, 19349 MiB, 69 %, 5, 16
2026/09/22 01:35:26.472, 0, P0, 2415 MHz, 12481 MHz, 275.20 W, 600.00 W, 600.00 W, 44, 19347 MiB, 15 %, 5, 16
2026/09/22 01:35:26.723, 0, P0, 2422 MHz, 12481 MHz, 225.69 W, 600.00 W, 600.00 W, 44, 0 MiB, 39 %, 5, 16
2026/09/22 01:35:26.973, 0, P0, 2422 MHz, 12481 MHz, 163.96 W, 600.00 W, 600.00 W, 43, 0 MiB, 0 %, 5, 16
2026/09/22 01:35:27.223, 0, P0, 2407 MHz, 12481 MHz, 119.90 W, 600.00 W, 600.00 W, 43, 0 MiB, 0 %, 5, 16
2026/09/22 01:35:27.474, 0, P0, 2355 MHz, 12481 MHz, 94.97 W, 600.00 W, 600.00 W, 44, 41 MiB, 0 %, 5, 16
2026/09/22 01:35:27.725, 0, P0, 2347 MHz, 12481 MHz, 92.92 W, 600.00 W, 600.00 W, 43, 595 MiB, 2 %, 5, 16
2026/09/22 01:35:27.975, 0, P0, 2355 MHz, 12481 MHz, 94.98 W, 600.00 W, 600.00 W, 43, 1843 MiB, 7 %, 5, 16
2026/09/22 01:35:28.226, 0, P0, 2355 MHz, 12481 MHz, 95.60 W, 600.00 W, 600.00 W, 43, 2771 MiB, 7 %, 5, 16
2026/09/22 01:35:28.476, 0, P0, 2355 MHz, 12481 MHz, 95.04 W, 600.00 W, 600.00 W, 43, 3635 MiB, 7 %, 5, 16
2026/09/22 01:35:28.727, 0, P0, 2355 MHz, 12481 MHz, 94.71 W, 600.00 W, 600.00 W, 43, 4499 MiB, 6 %, 5, 16
2026/09/22 01:35:28.977, 0, P0, 2355 MHz, 12481 MHz, 94.53 W, 600.00 W, 600.00 W, 43, 5395 MiB, 6 %, 5, 16
2026/09/22 01:35:29.228, 0, P0, 2355 MHz, 12481 MHz, 94.46 W, 600.00 W, 600.00 W, 43, 6291 MiB, 7 %, 5, 16
2026/09/22 01:35:29.478, 0, P0, 2347 MHz, 12481 MHz, 94.50 W, 600.00 W, 600.00 W, 43, 7155 MiB, 6 %, 5, 16
2026/09/22 01:35:29.728, 0, P0, 2347 MHz, 12481 MHz, 94.56 W, 600.00 W, 600.00 W, 43, 8083 MiB, 7 %, 5, 16
2026/09/22 01:35:29.979, 0, P0, 2355 MHz, 12481 MHz, 94.59 W, 600.00 W, 600.00 W, 43, 8947 MiB, 7 %, 5, 16
2026/09/22 01:35:30.230, 0, P0, 2355 MHz, 12481 MHz, 94.51 W, 600.00 W, 600.00 W, 43, 9875 MiB, 6 %, 5, 16
2026/09/22 01:35:30.480, 0, P0, 2347 MHz, 12481 MHz, 94.55 W, 600.00 W, 600.00 W, 42, 10739 MiB, 7 %, 5, 16
2026/09/22 01:35:30.731, 0, P0, 2355 MHz, 12481 MHz, 94.35 W, 600.00 W, 600.00 W, 42, 11603 MiB, 7 %, 5, 16
2026/09/22 01:35:30.981, 0, P0, 2355 MHz, 12481 MHz, 94.34 W, 600.00 W, 600.00 W, 42, 12531 MiB, 8 %, 5, 16
2026/09/22 01:35:31.232, 0, P0, 2355 MHz, 12481 MHz, 94.29 W, 600.00 W, 600.00 W, 42, 13395 MiB, 8 %, 5, 16
2026/09/22 01:35:31.482, 0, P0, 2355 MHz, 12481 MHz, 94.27 W, 600.00 W, 600.00 W, 42, 14323 MiB, 7 %, 5, 16
2026/09/22 01:35:31.732, 0, P0, 2347 MHz, 12481 MHz, 94.25 W, 600.00 W, 600.00 W, 42, 14739 MiB, 6 %, 5, 16
2026/09/22 01:35:31.983, 0, P0, 2347 MHz, 12481 MHz, 93.70 W, 600.00 W, 600.00 W, 42, 14739 MiB, 0 %, 5, 16
2026/09/22 01:35:32.233, 0, P0, 2347 MHz, 12481 MHz, 93.42 W, 600.00 W, 600.00 W, 42, 14739 MiB, 0 %, 5, 16
2026/09/22 01:35:32.483, 0, P0, 2347 MHz, 12481 MHz, 92.79 W, 600.00 W, 600.00 W, 42, 14739 MiB, 0 %, 5, 16
2026/09/22 01:35:32.734, 0, P0, 2347 MHz, 12481 MHz, 92.56 W, 600.00 W, 600.00 W, 42, 14739 MiB, 0 %, 5, 16
2026/09/22 01:35:32.984, 0, P0, 2347 MHz, 12481 MHz, 92.56 W, 600.00 W, 600.00 W, 42, 14739 MiB, 0 %, 5, 16
2026/09/22 01:35:33.234, 0, P0, 2347 MHz, 12481 MHz, 92.56 W, 600.00 W, 600.00 W, 42, 14739 MiB, 0 %, 5, 16
2026/09/22 01:35:33.485, 0, P0, 2347 MHz, 12481 MHz, 92.56 W, 600.00 W, 600.00 W, 42, 14739 MiB, 0 %, 5, 16
2026/09/22 01:35:33.735, 0, P0, 2347 MHz, 12481 MHz, 91.00 W, 600.00 W, 600.00 W, 42, 14739 MiB, 0 %, 5, 16
2026/09/22 01:35:33.985, 0, P0, 2347 MHz, 12481 MHz, 91.00 W, 600.00 W, 600.00 W, 42, 14739 MiB, 0 %, 5, 16
2026/09/22 01:35:34.236, 0, P0, 2347 MHz, 12481 MHz, 91.00 W, 600.00 W, 600.00 W, 42, 14739 MiB, 0 %, 5, 16
2026/09/22 01:35:34.486, 0, P0, 2347 MHz, 12481 MHz, 91.00 W, 600.00 W, 600.00 W, 42, 14739 MiB, 0 %, 5, 16
2026/09/22 01:35:34.736, 0, P0, 2347 MHz, 12481 MHz, 91.50 W, 600.00 W, 600.00 W, 42, 14739 MiB, 0 %, 5, 16
2026/09/22 01:35:34.987, 0, P0, 2347 MHz, 12481 MHz, 91.50 W, 600.00 W, 600.00 W, 42, 14739 MiB, 0 %, 5, 16
2026/09/22 01:35:35.237, 0, P0, 2347 MHz, 12481 MHz, 91.50 W, 600.00 W, 600.00 W, 42, 14739 MiB, 0 %, 5, 16
2026/09/22 01:35:35.487, 0, P0, 2347 MHz, 12481 MHz, 91.50 W, 600.00 W, 600.00 W, 42, 14739 MiB, 0 %, 5, 16
2026/09/22 01:35:35.737, 0, P0, 2355 MHz, 12481 MHz, 91.49 W, 600.00 W, 600.00 W, 42, 14739 MiB, 0 %, 5, 16
2026/09/22 01:35:35.988, 0, P0, 2355 MHz, 12481 MHz, 91.49 W, 600.00 W, 600.00 W, 42, 14739 MiB, 0 %, 5, 16
2026/09/22 01:35:36.238, 0, P0, 2355 MHz, 12481 MHz, 91.49 W, 600.00 W, 600.00 W, 42, 14739 MiB, 0 %, 5, 16
2026/09/22 01:35:36.488, 0, P0, 2355 MHz, 12481 MHz, 91.49 W, 600.00 W, 600.00 W, 42, 14739 MiB, 0 %, 5, 16
2026/09/22 01:35:36.739, 0, P0, 2347 MHz, 12481 MHz, 91.49 W, 600.00 W, 600.00 W, 42, 14739 MiB, 0 %, 5, 16
2026/09/22 01:35:36.989, 0, P0, 2347 MHz, 12481 MHz, 91.49 W, 600.00 W, 600.00 W, 42, 14739 MiB, 0 %, 5, 16
2026/09/22 01:35:37.239, 0, P0, 2347 MHz, 12481 MHz, 91.49 W, 600.00 W, 600.00 W, 42, 14739 MiB, 0 %, 5, 16
2026/09/22 01:35:37.490, 0, P0, 2347 MHz, 12481 MHz, 91.49 W, 600.00 W, 600.00 W, 42, 14739 MiB, 0 %, 5, 16
2026/09/22 01:35:37.740, 0, P0, 2347 MHz, 12481 MHz, 90.44 W, 600.00 W, 600.00 W, 42, 14739 MiB, 0 %, 5, 16
2026/09/22 01:35:37.990, 0, P0, 2347 MHz, 12481 MHz, 90.44 W, 600.00 W, 600.00 W, 42, 14739 MiB, 0 %, 5, 16
2026/09/22 01:35:38.241, 0, P0, 2347 MHz, 12481 MHz, 90.44 W, 600.00 W, 600.00 W, 42, 14739 MiB, 0 %, 5, 16
2026/09/22 01:35:38.491, 0, P0, 2347 MHz, 12481 MHz, 90.44 W, 600.00 W, 600.00 W, 42, 14739 MiB, 0 %, 5, 16
2026/09/22 01:35:38.741, 0, P0, 2347 MHz, 12481 MHz, 90.54 W, 600.00 W, 600.00 W, 41, 14739 MiB, 0 %, 5, 16
2026/09/22 01:35:38.992, 0, P0, 2347 MHz, 12481 MHz, 90.54 W, 600.00 W, 600.00 W, 41, 14739 MiB, 0 %, 5, 16
2026/09/22 01:35:39.242, 0, P0, 2347 MHz, 12481 MHz, 90.54 W, 600.00 W, 600.00 W, 41, 14739 MiB, 0 %, 5, 16
2026/09/22 01:35:39.492, 0, P0, 2347 MHz, 12481 MHz, 90.54 W, 600.00 W, 600.00 W, 41, 14739 MiB, 0 %, 5, 16
2026/09/22 01:35:39.742, 0, P0, 2355 MHz, 12481 MHz, 91.45 W, 600.00 W, 600.00 W, 41, 16083 MiB, 0 %, 5, 16
2026/09/22 01:35:39.993, 0, P0, 2362 MHz, 12481 MHz, 155.71 W, 600.00 W, 600.00 W, 52, 19539 MiB, 100 %, 5, 16
2026/09/22 01:35:40.243, 0, P0, 2422 MHz, 12481 MHz, 198.77 W, 600.00 W, 600.00 W, 52, 19539 MiB, 100 %, 5, 16
2026/09/22 01:35:40.494, 0, P0, 2422 MHz, 12481 MHz, 246.70 W, 600.00 W, 600.00 W, 53, 19539 MiB, 100 %, 5, 16
2026/09/22 01:35:40.745, 0, P0, 2422 MHz, 12481 MHz, 441.08 W, 600.00 W, 600.00 W, 54, 19539 MiB, 100 %, 5, 16
2026/09/22 01:35:40.995, 0, P0, 2422 MHz, 12481 MHz, 472.42 W, 600.00 W, 600.00 W, 49, 19573 MiB, 94 %, 5, 16
2026/09/22 01:35:41.246, 0, P0, 2415 MHz, 12481 MHz, 443.25 W, 600.00 W, 600.00 W, 49, 19573 MiB, 96 %, 5, 16
2026/09/22 01:35:41.497, 0, P0, 2415 MHz, 12481 MHz, 368.29 W, 600.00 W, 600.00 W, 44, 17205 MiB, 95 %, 5, 16
2026/09/22 01:35:41.747, 0, P0, 2400 MHz, 12481 MHz, 286.93 W, 600.00 W, 600.00 W, 43, 17205 MiB, 0 %, 5, 16
2026/09/22 01:35:41.997, 0, P0, 2355 MHz, 12481 MHz, 190.42 W, 600.00 W, 600.00 W, 43, 17205 MiB, 0 %, 5, 16
2026/09/22 01:35:42.248, 0, P0, 2347 MHz, 12481 MHz, 140.29 W, 600.00 W, 600.00 W, 43, 17205 MiB, 0 %, 5, 16
2026/09/22 01:35:42.498, 0, P0, 2347 MHz, 12481 MHz, 99.54 W, 600.00 W, 600.00 W, 43, 17205 MiB, 0 %, 5, 16
2026/09/22 01:35:42.748, 0, P0, 2347 MHz, 12481 MHz, 99.54 W, 600.00 W, 600.00 W, 43, 17205 MiB, 0 %, 5, 16
2026/09/22 01:35:42.999, 0, P0, 2347 MHz, 12481 MHz, 99.54 W, 600.00 W, 600.00 W, 43, 17205 MiB, 0 %, 5, 16
2026/09/22 01:35:43.249, 0, P0, 2347 MHz, 12481 MHz, 99.54 W, 600.00 W, 600.00 W, 43, 17205 MiB, 0 %, 5, 16
2026/09/22 01:35:43.499, 0, P0, 2347 MHz, 12481 MHz, 103.00 W, 600.00 W, 600.00 W, 45, 17589 MiB, 0 %, 5, 16
2026/09/22 01:35:43.750, 0, P0, 2392 MHz, 12481 MHz, 132.17 W, 600.00 W, 600.00 W, 47, 18293 MiB, 98 %, 5, 16
2026/09/22 01:35:44.001, 0, P0, 2415 MHz, 12481 MHz, 166.50 W, 600.00 W, 600.00 W, 47, 18293 MiB, 69 %, 5, 16
2026/09/22 01:35:44.252, 0, P0, 2422 MHz, 12481 MHz, 179.26 W, 600.00 W, 600.00 W, 47, 18901 MiB, 96 %, 5, 16
2026/09/22 01:35:44.503, 0, P0, 2415 MHz, 12481 MHz, 307.26 W, 600.00 W, 600.00 W, 48, 18901 MiB, 61 %, 5, 16
2026/09/22 01:35:44.753, 0, P0, 2415 MHz, 12481 MHz, 298.80 W, 600.00 W, 600.00 W, 47, 19349 MiB, 70 %, 5, 16
2026/09/22 01:35:45.004, 0, P0, 2415 MHz, 12481 MHz, 301.85 W, 600.00 W, 600.00 W, 48, 19349 MiB, 73 %, 5, 16
2026/09/22 01:35:45.254, 0, P0, 2415 MHz, 12481 MHz, 276.47 W, 600.00 W, 600.00 W, 44, 3263 MiB, 0 %, 5, 16
2026/09/22 01:35:45.505, 0, P0, 2392 MHz, 12481 MHz, 212.80 W, 600.00 W, 600.00 W, 43, 0 MiB, 33 %, 5, 16
2026/09/22 01:35:45.756, 0, P0, 2347 MHz, 12481 MHz, 181.63 W, 600.00 W, 600.00 W, 43, 0 MiB, 0 %, 5, 16
2026/09/22 01:35:46.006, 0, P0, 2355 MHz, 12481 MHz, 112.02 W, 600.00 W, 600.00 W, 43, 0 MiB, 0 %, 5, 16
2026/09/22 01:35:46.256, 0, P0, 2355 MHz, 12481 MHz, 97.10 W, 600.00 W, 600.00 W, 43, 595 MiB, 0 %, 5, 16
2026/09/22 01:35:46.507, 0, P0, 2355 MHz, 12481 MHz, 94.52 W, 600.00 W, 600.00 W, 43, 595 MiB, 0 %, 5, 16
2026/09/22 01:35:46.757, 0, P0, 2355 MHz, 12481 MHz, 94.91 W, 600.00 W, 600.00 W, 43, 2003 MiB, 2 %, 5, 16
2026/09/22 01:35:47.008, 0, P0, 2355 MHz, 12481 MHz, 95.40 W, 600.00 W, 600.00 W, 43, 2835 MiB, 6 %, 5, 16
2026/09/22 01:35:47.258, 0, P0, 2355 MHz, 12481 MHz, 95.06 W, 600.00 W, 600.00 W, 43, 3699 MiB, 7 %, 5, 16
2026/09/22 01:35:47.509, 0, P0, 2355 MHz, 12481 MHz, 94.84 W, 600.00 W, 600.00 W, 43, 4563 MiB, 6 %, 5, 16
2026/09/22 01:35:47.760, 0, P0, 2355 MHz, 12481 MHz, 94.68 W, 600.00 W, 600.00 W, 43, 5427 MiB, 7 %, 5, 16
2026/09/22 01:35:48.010, 0, P0, 2355 MHz, 12481 MHz, 94.58 W, 600.00 W, 600.00 W, 43, 6291 MiB, 6 %, 5, 16
2026/09/22 01:35:48.261, 0, P0, 2355 MHz, 12481 MHz, 94.47 W, 600.00 W, 600.00 W, 43, 7187 MiB, 7 %, 5, 16
2026/09/22 01:35:48.512, 0, P0, 2355 MHz, 12481 MHz, 94.36 W, 600.00 W, 600.00 W, 42, 8051 MiB, 7 %, 5, 16
2026/09/22 01:35:48.762, 0, P0, 2355 MHz, 12481 MHz, 94.43 W, 600.00 W, 600.00 W, 43, 8915 MiB, 7 %, 5, 16
2026/09/22 01:35:49.013, 0, P0, 2355 MHz, 12481 MHz, 94.37 W, 600.00 W, 600.00 W, 42, 9779 MiB, 6 %, 5, 16
2026/09/22 01:35:49.263, 0, P0, 2355 MHz, 12481 MHz, 94.25 W, 600.00 W, 600.00 W, 42, 10675 MiB, 7 %, 5, 16
2026/09/22 01:35:49.514, 0, P0, 2355 MHz, 12481 MHz, 94.24 W, 600.00 W, 600.00 W, 42, 11571 MiB, 7 %, 5, 16
2026/09/22 01:35:49.765, 0, P0, 2355 MHz, 12481 MHz, 94.24 W, 600.00 W, 600.00 W, 42, 12435 MiB, 7 %, 5, 16
2026/09/22 01:35:50.015, 0, P0, 2355 MHz, 12481 MHz, 94.25 W, 600.00 W, 600.00 W, 42, 13235 MiB, 7 %, 5, 16
2026/09/22 01:35:50.266, 0, P0, 2355 MHz, 12481 MHz, 94.22 W, 600.00 W, 600.00 W, 42, 14163 MiB, 7 %, 5, 16
2026/09/22 01:35:50.516, 0, P0, 2355 MHz, 12481 MHz, 94.19 W, 600.00 W, 600.00 W, 42, 14739 MiB, 7 %, 5, 16
2026/09/22 01:35:50.767, 0, P0, 2355 MHz, 12481 MHz, 93.82 W, 600.00 W, 600.00 W, 42, 14739 MiB, 0 %, 5, 16
2026/09/22 01:35:51.018, 0, P0, 2355 MHz, 12481 MHz, 93.40 W, 600.00 W, 600.00 W, 42, 14739 MiB, 0 %, 5, 16
2026/09/22 01:35:51.268, 0, P0, 2347 MHz, 12481 MHz, 93.14 W, 600.00 W, 600.00 W, 42, 14739 MiB, 0 %, 5, 16
2026/09/22 01:35:51.518, 0, P0, 2347 MHz, 12481 MHz, 92.64 W, 600.00 W, 600.00 W, 42, 14739 MiB, 0 %, 5, 16
2026/09/22 01:35:51.769, 0, P0, 2347 MHz, 12481 MHz, 92.64 W, 600.00 W, 600.00 W, 42, 14739 MiB, 0 %, 5, 16
2026/09/22 01:35:52.019, 0, P0, 2347 MHz, 12481 MHz, 92.64 W, 600.00 W, 600.00 W, 42, 14739 MiB, 0 %, 5, 16
2026/09/22 01:35:52.270, 0, P0, 2347 MHz, 12481 MHz, 92.64 W, 600.00 W, 600.00 W, 42, 14739 MiB, 0 %, 5, 16
2026/09/22 01:35:52.520, 0, P0, 2355 MHz, 12481 MHz, 92.05 W, 600.00 W, 600.00 W, 42, 14739 MiB, 0 %, 5, 16
2026/09/22 01:35:52.770, 0, P0, 2355 MHz, 12481 MHz, 92.05 W, 600.00 W, 600.00 W, 42, 14739 MiB, 0 %, 5, 16
2026/09/22 01:35:53.021, 0, P0, 2355 MHz, 12481 MHz, 92.05 W, 600.00 W, 600.00 W, 42, 14739 MiB, 0 %, 5, 16
2026/09/22 01:35:53.271, 0, P0, 2355 MHz, 12481 MHz, 92.05 W, 600.00 W, 600.00 W, 42, 14739 MiB, 0 %, 5, 16
2026/09/22 01:35:53.522, 0, P0, 2355 MHz, 12481 MHz, 92.30 W, 600.00 W, 600.00 W, 42, 14739 MiB, 0 %, 5, 16
2026/09/22 01:35:53.772, 0, P0, 2355 MHz, 12481 MHz, 92.30 W, 600.00 W, 600.00 W, 42, 14739 MiB, 0 %, 5, 16
2026/09/22 01:35:54.023, 0, P0, 2355 MHz, 12481 MHz, 92.30 W, 600.00 W, 600.00 W, 42, 14739 MiB, 0 %, 5, 16
2026/09/22 01:35:54.273, 0, P0, 2355 MHz, 12481 MHz, 92.30 W, 600.00 W, 600.00 W, 42, 14739 MiB, 0 %, 5, 16
2026/09/22 01:35:54.523, 0, P0, 2355 MHz, 12481 MHz, 92.51 W, 600.00 W, 600.00 W, 42, 14739 MiB, 0 %, 5, 16
2026/09/22 01:35:54.774, 0, P0, 2355 MHz, 12481 MHz, 92.51 W, 600.00 W, 600.00 W, 42, 14739 MiB, 0 %, 5, 16
2026/09/22 01:35:55.024, 0, P0, 2355 MHz, 12481 MHz, 92.51 W, 600.00 W, 600.00 W, 42, 14739 MiB, 0 %, 5, 16
2026/09/22 01:35:55.275, 0, P0, 2355 MHz, 12481 MHz, 92.51 W, 600.00 W, 600.00 W, 42, 14739 MiB, 0 %, 5, 16
2026/09/22 01:35:55.525, 0, P0, 2355 MHz, 12481 MHz, 91.55 W, 600.00 W, 600.00 W, 42, 14739 MiB, 0 %, 5, 16
2026/09/22 01:35:55.775, 0, P0, 2355 MHz, 12481 MHz, 91.55 W, 600.00 W, 600.00 W, 42, 14739 MiB, 0 %, 5, 16
2026/09/22 01:35:56.026, 0, P0, 2355 MHz, 12481 MHz, 91.55 W, 600.00 W, 600.00 W, 42, 14739 MiB, 0 %, 5, 16
2026/09/22 01:35:56.276, 0, P0, 2355 MHz, 12481 MHz, 91.55 W, 600.00 W, 600.00 W, 42, 14739 MiB, 0 %, 5, 16
2026/09/22 01:35:56.527, 0, P0, 2355 MHz, 12481 MHz, 91.80 W, 600.00 W, 600.00 W, 42, 14739 MiB, 0 %, 5, 16
2026/09/22 01:35:56.777, 0, P0, 2355 MHz, 12481 MHz, 91.80 W, 600.00 W, 600.00 W, 42, 14739 MiB, 0 %, 5, 16
2026/09/22 01:35:57.027, 0, P0, 2355 MHz, 12481 MHz, 91.80 W, 600.00 W, 600.00 W, 42, 14739 MiB, 0 %, 5, 16
2026/09/22 01:35:57.278, 0, P0, 2355 MHz, 12481 MHz, 91.80 W, 600.00 W, 600.00 W, 42, 14739 MiB, 0 %, 5, 16
2026/09/22 01:35:57.528, 0, P0, 2347 MHz, 12481 MHz, 92.05 W, 600.00 W, 600.00 W, 42, 14739 MiB, 0 %, 5, 16
2026/09/22 01:35:57.779, 0, P0, 2347 MHz, 12481 MHz, 92.05 W, 600.00 W, 600.00 W, 42, 14739 MiB, 0 %, 5, 16
2026/09/22 01:35:58.029, 0, P0, 2347 MHz, 12481 MHz, 92.05 W, 600.00 W, 600.00 W, 42, 14739 MiB, 0 %, 5, 16
2026/09/22 01:35:58.280, 0, P0, 2347 MHz, 12481 MHz, 92.05 W, 600.00 W, 600.00 W, 42, 14739 MiB, 0 %, 5, 16
2026/09/22 01:35:58.530, 0, P0, 2355 MHz, 12481 MHz, 92.30 W, 600.00 W, 600.00 W, 42, 14739 MiB, 0 %, 5, 16
2026/09/22 01:35:58.780, 0, P0, 2355 MHz, 12481 MHz, 150.69 W, 600.00 W, 600.00 W, 52, 19539 MiB, 100 %, 5, 16
2026/09/22 01:35:59.031, 0, P0, 2415 MHz, 12481 MHz, 195.86 W, 600.00 W, 600.00 W, 53, 19539 MiB, 100 %, 5, 16
2026/09/22 01:35:59.283, 0, P0, 2422 MHz, 12481 MHz, 245.62 W, 600.00 W, 600.00 W, 54, 19539 MiB, 100 %, 5, 16
2026/09/22 01:35:59.534, 0, P0, 2422 MHz, 12481 MHz, 444.67 W, 600.00 W, 600.00 W, 54, 19539 MiB, 100 %, 5, 16
2026/09/22 01:35:59.785, 0, P0, 2422 MHz, 12481 MHz, 475.31 W, 600.00 W, 600.00 W, 49, 19573 MiB, 95 %, 5, 16
2026/09/22 01:36:00.035, 0, P0, 2422 MHz, 12481 MHz, 446.94 W, 600.00 W, 600.00 W, 49, 19573 MiB, 96 %, 5, 16
2026/09/22 01:36:00.286, 0, P0, 2415 MHz, 12481 MHz, 376.82 W, 600.00 W, 600.00 W, 45, 17205 MiB, 95 %, 5, 16
2026/09/22 01:36:00.537, 0, P0, 2422 MHz, 12481 MHz, 295.50 W, 600.00 W, 600.00 W, 44, 17205 MiB, 0 %, 5, 16
2026/09/22 01:36:00.787, 0, P0, 2385 MHz, 12481 MHz, 198.47 W, 600.00 W, 600.00 W, 43, 17205 MiB, 0 %, 5, 16
2026/09/22 01:36:01.037, 0, P0, 2355 MHz, 12481 MHz, 144.74 W, 600.00 W, 600.00 W, 43, 17205 MiB, 0 %, 5, 16
2026/09/22 01:36:01.288, 0, P0, 2355 MHz, 12481 MHz, 95.11 W, 600.00 W, 600.00 W, 43, 17205 MiB, 0 %, 5, 16
2026/09/22 01:36:01.538, 0, P0, 2355 MHz, 12481 MHz, 95.11 W, 600.00 W, 600.00 W, 43, 17205 MiB, 0 %, 5, 16
2026/09/22 01:36:01.788, 0, P0, 2355 MHz, 12481 MHz, 95.11 W, 600.00 W, 600.00 W, 43, 17205 MiB, 0 %, 5, 16
2026/09/22 01:36:02.038, 0, P0, 2355 MHz, 12481 MHz, 95.11 W, 600.00 W, 600.00 W, 43, 17205 MiB, 0 %, 5, 16
2026/09/22 01:36:02.289, 0, P0, 2355 MHz, 12481 MHz, 120.87 W, 600.00 W, 600.00 W, 46, 17717 MiB, 98 %, 5, 16
2026/09/22 01:36:02.540, 0, P0, 2400 MHz, 12481 MHz, 153.19 W, 600.00 W, 600.00 W, 47, 18293 MiB, 96 %, 5, 16
2026/09/22 01:36:02.790, 0, P0, 2415 MHz, 12481 MHz, 178.52 W, 600.00 W, 600.00 W, 47, 18293 MiB, 98 %, 5, 16
2026/09/22 01:36:03.041, 0, P0, 2422 MHz, 12481 MHz, 194.66 W, 600.00 W, 600.00 W, 48, 18901 MiB, 96 %, 5, 16
2026/09/22 01:36:03.291, 0, P0, 2415 MHz, 12481 MHz, 294.54 W, 600.00 W, 600.00 W, 45, 18901 MiB, 90 %, 5, 16
2026/09/22 01:36:03.542, 0, P0, 2415 MHz, 12481 MHz, 283.74 W, 600.00 W, 600.00 W, 47, 19349 MiB, 70 %, 5, 16
2026/09/22 01:36:03.795, 0, P0, 2415 MHz, 12481 MHz, 289.37 W, 600.00 W, 600.00 W, 47, 19349 MiB, 58 %, 5, 16
2026/09/22 01:36:04.046, 0, P0, 2415 MHz, 12481 MHz, 253.26 W, 600.00 W, 600.00 W, 44, 19349 MiB, 6 %, 5, 16
2026/09/22 01:36:04.296, 0, P0, 2422 MHz, 12481 MHz, 258.27 W, 600.00 W, 600.00 W, 48, 19349 MiB, 96 %, 5, 16
2026/09/22 01:36:04.547, 0, P0, 2415 MHz, 12481 MHz, 271.19 W, 600.00 W, 600.00 W, 48, 19347 MiB, 95 %, 5, 16
2026/09/22 01:36:04.798, 0, P0, 2422 MHz, 12481 MHz, 206.91 W, 600.00 W, 600.00 W, 44, 0 MiB, 21 %, 5, 16
2026/09/22 01:36:05.048, 0, P0, 2392 MHz, 12481 MHz, 199.18 W, 600.00 W, 600.00 W, 43, 0 MiB, 0 %, 5, 16
2026/09/22 01:36:05.298, 0, P0, 2355 MHz, 12481 MHz, 145.88 W, 600.00 W, 600.00 W, 43, 0 MiB, 0 %, 5, 16
2026/09/22 01:36:05.549, 0, P0, 2355 MHz, 12481 MHz, 96.04 W, 600.00 W, 600.00 W, 43, 0 MiB, 0 %, 5, 16
2026/09/22 01:36:05.799, 0, P0, 2355 MHz, 12481 MHz, 94.69 W, 600.00 W, 600.00 W, 43, 595 MiB, 2 %, 5, 16
2026/09/22 01:36:06.049, 0, P0, 2355 MHz, 12481 MHz, 94.61 W, 600.00 W, 600.00 W, 43, 1459 MiB, 0 %, 5, 16
2026/09/22 01:36:06.300, 0, P0, 2355 MHz, 12481 MHz, 95.26 W, 600.00 W, 600.00 W, 43, 2259 MiB, 10 %, 5, 16
2026/09/22 01:36:06.550, 0, P0, 2355 MHz, 12481 MHz, 95.64 W, 600.00 W, 600.00 W, 43, 3187 MiB, 6 %, 5, 16
2026/09/22 01:36:06.801, 0, P0, 2355 MHz, 12481 MHz, 94.49 W, 600.00 W, 600.00 W, 43, 4051 MiB, 6 %, 5, 16
2026/09/22 01:36:07.051, 0, P0, 2355 MHz, 12481 MHz, 94.72 W, 600.00 W, 600.00 W, 43, 4979 MiB, 7 %, 5, 16
2026/09/22 01:36:07.302, 0, P0, 2355 MHz, 12481 MHz, 94.41 W, 600.00 W, 600.00 W, 43, 5907 MiB, 7 %, 5, 16
2026/09/22 01:36:07.552, 0, P0, 2355 MHz, 12481 MHz, 94.35 W, 600.00 W, 600.00 W, 42, 6835 MiB, 7 %, 5, 16
2026/09/22 01:36:07.803, 0, P0, 2355 MHz, 12481 MHz, 94.30 W, 600.00 W, 600.00 W, 42, 7731 MiB, 8 %, 5, 16
2026/09/22 01:36:08.053, 0, P0, 2355 MHz, 12481 MHz, 94.32 W, 600.00 W, 600.00 W, 42, 8595 MiB, 7 %, 5, 16
2026/09/22 01:36:08.304, 0, P0, 2347 MHz, 12481 MHz, 94.32 W, 600.00 W, 600.00 W, 42, 9523 MiB, 7 %, 5, 16
2026/09/22 01:36:08.555, 0, P0, 2347 MHz, 12481 MHz, 94.35 W, 600.00 W, 600.00 W, 42, 10387 MiB, 7 %, 5, 16
2026/09/22 01:36:08.805, 0, P0, 2355 MHz, 12481 MHz, 94.35 W, 600.00 W, 600.00 W, 42, 11315 MiB, 7 %, 5, 16
2026/09/22 01:36:09.056, 0, P0, 2355 MHz, 12481 MHz, 94.28 W, 600.00 W, 600.00 W, 42, 12211 MiB, 7 %, 5, 16
2026/09/22 01:36:09.306, 0, P0, 2355 MHz, 12481 MHz, 94.25 W, 600.00 W, 600.00 W, 42, 13139 MiB, 7 %, 5, 16
2026/09/22 01:36:09.557, 0, P0, 2347 MHz, 12481 MHz, 94.25 W, 600.00 W, 600.00 W, 42, 14003 MiB, 7 %, 5, 16
2026/09/22 01:36:09.807, 0, P0, 2347 MHz, 12481 MHz, 94.18 W, 600.00 W, 600.00 W, 42, 14739 MiB, 7 %, 5, 16
2026/09/22 01:36:10.058, 0, P0, 2347 MHz, 12481 MHz, 93.89 W, 600.00 W, 600.00 W, 42, 14739 MiB, 0 %, 5, 16
2026/09/22 01:36:10.308, 0, P0, 2347 MHz, 12481 MHz, 93.37 W, 600.00 W, 600.00 W, 42, 14739 MiB, 0 %, 5, 16
2026/09/22 01:36:10.558, 0, P0, 2347 MHz, 12481 MHz, 93.02 W, 600.00 W, 600.00 W, 42, 14739 MiB, 0 %, 5, 16
2026/09/22 01:36:10.809, 0, P0, 2347 MHz, 12481 MHz, 92.48 W, 600.00 W, 600.00 W, 42, 14739 MiB, 0 %, 5, 16
2026/09/22 01:36:11.059, 0, P0, 2347 MHz, 12481 MHz, 92.48 W, 600.00 W, 600.00 W, 42, 14739 MiB, 0 %, 5, 16
2026/09/22 01:36:11.309, 0, P0, 2347 MHz, 12481 MHz, 92.48 W, 600.00 W, 600.00 W, 42, 14739 MiB, 0 %, 5, 16
2026/09/22 01:36:11.560, 0, P0, 2347 MHz, 12481 MHz, 92.48 W, 600.00 W, 600.00 W, 42, 14739 MiB, 0 %, 5, 16
2026/09/22 01:36:11.810, 0, P0, 2347 MHz, 12481 MHz, 92.50 W, 600.00 W, 600.00 W, 42, 14739 MiB, 0 %, 5, 16
2026/09/22 01:36:12.060, 0, P0, 2347 MHz, 12481 MHz, 92.50 W, 600.00 W, 600.00 W, 42, 14739 MiB, 0 %, 5, 16
2026/09/22 01:36:12.311, 0, P0, 2347 MHz, 12481 MHz, 92.50 W, 600.00 W, 600.00 W, 42, 14739 MiB, 0 %, 5, 16
2026/09/22 01:36:12.561, 0, P0, 2347 MHz, 12481 MHz, 92.50 W, 600.00 W, 600.00 W, 42, 14739 MiB, 0 %, 5, 16
2026/09/22 01:36:12.811, 0, P0, 2347 MHz, 12481 MHz, 92.02 W, 600.00 W, 600.00 W, 42, 14739 MiB, 0 %, 5, 16
2026/09/22 01:36:13.062, 0, P0, 2347 MHz, 12481 MHz, 92.02 W, 600.00 W, 600.00 W, 42, 14739 MiB, 0 %, 5, 16
2026/09/22 01:36:13.312, 0, P0, 2347 MHz, 12481 MHz, 92.02 W, 600.00 W, 600.00 W, 42, 14739 MiB, 0 %, 5, 16
2026/09/22 01:36:13.562, 0, P0, 2347 MHz, 12481 MHz, 92.02 W, 600.00 W, 600.00 W, 42, 14739 MiB, 0 %, 5, 16
2026/09/22 01:36:13.813, 0, P0, 2355 MHz, 12481 MHz, 91.50 W, 600.00 W, 600.00 W, 42, 14739 MiB, 0 %, 5, 16
2026/09/22 01:36:14.063, 0, P0, 2355 MHz, 12481 MHz, 91.50 W, 600.00 W, 600.00 W, 42, 14739 MiB, 0 %, 5, 16
2026/09/22 01:36:14.313, 0, P0, 2355 MHz, 12481 MHz, 91.50 W, 600.00 W, 600.00 W, 42, 14739 MiB, 0 %, 5, 16
2026/09/22 01:36:14.564, 0, P0, 2355 MHz, 12481 MHz, 91.50 W, 600.00 W, 600.00 W, 42, 14739 MiB, 0 %, 5, 16
2026/09/22 01:36:14.814, 0, P0, 2347 MHz, 12481 MHz, 91.74 W, 600.00 W, 600.00 W, 42, 14739 MiB, 0 %, 5, 16
2026/09/22 01:36:15.064, 0, P0, 2347 MHz, 12481 MHz, 91.74 W, 600.00 W, 600.00 W, 42, 14739 MiB, 0 %, 5, 16
2026/09/22 01:36:15.315, 0, P0, 2347 MHz, 12481 MHz, 91.74 W, 600.00 W, 600.00 W, 42, 14739 MiB, 0 %, 5, 16
2026/09/22 01:36:15.565, 0, P0, 2347 MHz, 12481 MHz, 91.74 W, 600.00 W, 600.00 W, 42, 14739 MiB, 0 %, 5, 16
2026/09/22 01:36:15.815, 0, P0, 2355 MHz, 12481 MHz, 92.00 W, 600.00 W, 600.00 W, 41, 14739 MiB, 0 %, 5, 16
2026/09/22 01:36:16.065, 0, P0, 2355 MHz, 12481 MHz, 92.00 W, 600.00 W, 600.00 W, 41, 14739 MiB, 0 %, 5, 16
2026/09/22 01:36:16.316, 0, P0, 2355 MHz, 12481 MHz, 92.00 W, 600.00 W, 600.00 W, 41, 14739 MiB, 0 %, 5, 16
2026/09/22 01:36:16.566, 0, P0, 2355 MHz, 12481 MHz, 92.00 W, 600.00 W, 600.00 W, 41, 14739 MiB, 0 %, 5, 16
2026/09/22 01:36:16.816, 0, P0, 2347 MHz, 12481 MHz, 92.00 W, 600.00 W, 600.00 W, 41, 14739 MiB, 0 %, 5, 16
2026/09/22 01:36:17.067, 0, P0, 2347 MHz, 12481 MHz, 92.00 W, 600.00 W, 600.00 W, 41, 14739 MiB, 0 %, 5, 16
2026/09/22 01:36:17.317, 0, P0, 2347 MHz, 12481 MHz, 92.00 W, 600.00 W, 600.00 W, 41, 14739 MiB, 0 %, 5, 16
2026/09/22 01:36:17.567, 0, P0, 2347 MHz, 12481 MHz, 92.00 W, 600.00 W, 600.00 W, 41, 14739 MiB, 0 %, 5, 16
2026/09/22 01:36:17.818, 0, P0, 2355 MHz, 12481 MHz, 91.52 W, 600.00 W, 600.00 W, 41, 14739 MiB, 0 %, 5, 16
2026/09/22 01:36:18.068, 0, P0, 2355 MHz, 12481 MHz, 132.17 W, 600.00 W, 600.00 W, 51, 19539 MiB, 92 %, 5, 16
2026/09/22 01:36:18.318, 0, P0, 2400 MHz, 12481 MHz, 203.79 W, 600.00 W, 600.00 W, 52, 19539 MiB, 100 %, 5, 16
2026/09/22 01:36:18.570, 0, P0, 2422 MHz, 12481 MHz, 238.04 W, 600.00 W, 600.00 W, 54, 19539 MiB, 100 %, 5, 16
2026/09/22 01:36:18.820, 0, P0, 2422 MHz, 12481 MHz, 458.61 W, 600.00 W, 600.00 W, 54, 19539 MiB, 100 %, 5, 16
2026/09/22 01:36:19.071, 0, P0, 2422 MHz, 12481 MHz, 490.61 W, 600.00 W, 600.00 W, 54, 19573 MiB, 100 %, 5, 16
2026/09/22 01:36:19.322, 0, P0, 2422 MHz, 12481 MHz, 441.57 W, 600.00 W, 600.00 W, 49, 19573 MiB, 96 %, 5, 16
2026/09/22 01:36:19.573, 0, P0, 2415 MHz, 12481 MHz, 404.06 W, 600.00 W, 600.00 W, 49, 17205 MiB, 96 %, 5, 16
2026/09/22 01:36:19.823, 0, P0, 2422 MHz, 12481 MHz, 316.80 W, 600.00 W, 600.00 W, 47, 18293 MiB, 98 %, 5, 16
2026/09/22 01:36:20.074, 0, P0, 2422 MHz, 12481 MHz, 289.45 W, 600.00 W, 600.00 W, 48, 18293 MiB, 96 %, 5, 16
2026/09/22 01:36:20.324, 0, P0, 2415 MHz, 12481 MHz, 277.11 W, 600.00 W, 600.00 W, 48, 18901 MiB, 69 %, 5, 16
2026/09/22 01:36:20.575, 0, P0, 2422 MHz, 12481 MHz, 276.59 W, 600.00 W, 600.00 W, 48, 18901 MiB, 96 %, 5, 16
2026/09/22 01:36:20.826, 0, P0, 2415 MHz, 12481 MHz, 293.22 W, 600.00 W, 600.00 W, 45, 18901 MiB, 22 %, 5, 16
2026/09/22 01:36:21.076, 0, P0, 2422 MHz, 12481 MHz, 281.10 W, 600.00 W, 600.00 W, 47, 19349 MiB, 96 %, 5, 16
2026/09/22 01:36:21.327, 0, P0, 2415 MHz, 12481 MHz, 290.54 W, 600.00 W, 600.00 W, 48, 19349 MiB, 96 %, 5, 16
2026/09/22 01:36:21.577, 0, P0, 2415 MHz, 12481 MHz, 246.56 W, 600.00 W, 600.00 W, 44, 19349 MiB, 40 %, 5, 16
2026/09/22 01:36:21.828, 0, P0, 2422 MHz, 12481 MHz, 263.27 W, 600.00 W, 600.00 W, 48, 19349 MiB, 95 %, 5, 16
2026/09/22 01:36:22.079, 0, P0, 2415 MHz, 12481 MHz, 265.36 W, 600.00 W, 600.00 W, 45, 19341 MiB, 78 %, 5, 16
2026/09/22 01:36:22.356, 0, P0, 2422 MHz, 12481 MHz, 202.75 W, 600.00 W, 600.00 W, 44, 0 MiB, 39 %, 5, 16
2026/09/22 01:36:22.607, 0, P0, 2392 MHz, 12481 MHz, 183.85 W, 600.00 W, 600.00 W, 44, 0 MiB, 0 %, 5, 16
2026/09/22 01:36:22.857, 0, P0, 2392 MHz, 12481 MHz, 133.24 W, 600.00 W, 600.00 W, 43, 0 MiB, 0 %, 5, 16
2026/09/22 01:36:23.107, 0, P0, 2355 MHz, 12481 MHz, 95.03 W, 600.00 W, 600.00 W, 43, 22 MiB, 0 %, 5, 16
2026/09/22 01:36:23.363, 0, P0, 2355 MHz, 12481 MHz, 93.77 W, 600.00 W, 600.00 W, 43, 595 MiB, 0 %, 5, 16
2026/09/22 01:36:23.613, 0, P0, 2355 MHz, 12481 MHz, 95.21 W, 600.00 W, 600.00 W, 43, 1651 MiB, 16 %, 5, 16
2026/09/22 01:36:23.864, 0, P0, 2355 MHz, 12481 MHz, 95.42 W, 600.00 W, 600.00 W, 43, 2579 MiB, 7 %, 5, 16
2026/09/22 01:36:24.114, 0, P0, 2355 MHz, 12481 MHz, 95.18 W, 600.00 W, 600.00 W, 43, 3475 MiB, 7 %, 5, 16
2026/09/22 01:36:24.364, 0, P0, 2355 MHz, 12481 MHz, 94.66 W, 600.00 W, 600.00 W, 43, 4371 MiB, 7 %, 5, 16
2026/09/22 01:36:24.615, 0, P0, 2355 MHz, 12481 MHz, 94.53 W, 600.00 W, 600.00 W, 43, 5267 MiB, 7 %, 5, 16
2026/09/22 01:36:24.865, 0, P0, 2355 MHz, 12481 MHz, 94.57 W, 600.00 W, 600.00 W, 43, 6195 MiB, 7 %, 5, 16
2026/09/22 01:36:25.116, 0, P0, 2355 MHz, 12481 MHz, 94.55 W, 600.00 W, 600.00 W, 43, 7059 MiB, 7 %, 5, 16
2026/09/22 01:36:25.366, 0, P0, 2355 MHz, 12481 MHz, 94.44 W, 600.00 W, 600.00 W, 43, 7923 MiB, 6 %, 5, 16
2026/09/22 01:36:25.617, 0, P0, 2347 MHz, 12481 MHz, 94.51 W, 600.00 W, 600.00 W, 43, 8851 MiB, 7 %, 5, 16
2026/09/22 01:36:25.867, 0, P0, 2347 MHz, 12481 MHz, 94.51 W, 600.00 W, 600.00 W, 43, 9779 MiB, 7 %, 5, 16
2026/09/22 01:36:26.118, 0, P0, 2355 MHz, 12481 MHz, 94.43 W, 600.00 W, 600.00 W, 43, 10675 MiB, 8 %, 5, 16
2026/09/22 01:36:26.368, 0, P0, 2355 MHz, 12481 MHz, 94.39 W, 600.00 W, 600.00 W, 43, 11571 MiB, 7 %, 5, 16
2026/09/22 01:36:26.619, 0, P0, 2355 MHz, 12481 MHz, 94.39 W, 600.00 W, 600.00 W, 43, 12435 MiB, 7 %, 5, 16
2026/09/22 01:36:26.869, 0, P0, 2355 MHz, 12481 MHz, 94.36 W, 600.00 W, 600.00 W, 43, 13363 MiB, 7 %, 5, 16
2026/09/22 01:36:27.119, 0, P0, 2355 MHz, 12481 MHz, 94.40 W, 600.00 W, 600.00 W, 43, 14259 MiB, 7 %, 5, 16
2026/09/22 01:36:27.370, 0, P0, 2355 MHz, 12481 MHz, 94.32 W, 600.00 W, 600.00 W, 43, 14739 MiB, 7 %, 5, 16
2026/09/22 01:36:27.620, 0, P0, 2355 MHz, 12481 MHz, 93.78 W, 600.00 W, 600.00 W, 42, 14739 MiB, 0 %, 5, 16
2026/09/22 01:36:27.871, 0, P0, 2355 MHz, 12481 MHz, 93.42 W, 600.00 W, 600.00 W, 42, 14739 MiB, 0 %, 5, 16
2026/09/22 01:36:28.121, 0, P0, 2347 MHz, 12481 MHz, 92.85 W, 600.00 W, 600.00 W, 42, 14739 MiB, 0 %, 5, 16
2026/09/22 01:36:28.371, 0, P0, 2347 MHz, 12481 MHz, 92.59 W, 600.00 W, 600.00 W, 42, 14739 MiB, 0 %, 5, 16
2026/09/22 01:36:28.621, 0, P0, 2347 MHz, 12481 MHz, 92.59 W, 600.00 W, 600.00 W, 42, 14739 MiB, 0 %, 5, 16
2026/09/22 01:36:28.872, 0, P0, 2347 MHz, 12481 MHz, 92.59 W, 600.00 W, 600.00 W, 42, 14739 MiB, 0 %, 5, 16
2026/09/22 01:36:29.122, 0, P0, 2347 MHz, 12481 MHz, 92.59 W, 600.00 W, 600.00 W, 42, 14739 MiB, 0 %, 5, 16
2026/09/22 01:36:29.372, 0, P0, 2355 MHz, 12481 MHz, 92.02 W, 600.00 W, 600.00 W, 42, 14739 MiB, 0 %, 5, 16
2026/09/22 01:36:29.623, 0, P0, 2355 MHz, 12481 MHz, 92.02 W, 600.00 W, 600.00 W, 42, 14739 MiB, 0 %, 5, 16
2026/09/22 01:36:29.873, 0, P0, 2355 MHz, 12481 MHz, 92.02 W, 600.00 W, 600.00 W, 42, 14739 MiB, 0 %, 5, 16
2026/09/22 01:36:30.123, 0, P0, 2355 MHz, 12481 MHz, 92.02 W, 600.00 W, 600.00 W, 42, 14739 MiB, 0 %, 5, 16
2026/09/22 01:36:30.374, 0, P0, 2355 MHz, 12481 MHz, 91.77 W, 600.00 W, 600.00 W, 42, 14739 MiB, 0 %, 5, 16
2026/09/22 01:36:30.624, 0, P0, 2355 MHz, 12481 MHz, 91.77 W, 600.00 W, 600.00 W, 42, 14739 MiB, 0 %, 5, 16
2026/09/22 01:36:30.874, 0, P0, 2355 MHz, 12481 MHz, 91.77 W, 600.00 W, 600.00 W, 42, 14739 MiB, 0 %, 5, 16
2026/09/22 01:36:31.124, 0, P0, 2355 MHz, 12481 MHz, 91.77 W, 600.00 W, 600.00 W, 42, 14739 MiB, 0 %, 5, 16
2026/09/22 01:36:31.375, 0, P0, 2355 MHz, 12481 MHz, 91.29 W, 600.00 W, 600.00 W, 42, 14739 MiB, 0 %, 5, 16
2026/09/22 01:36:31.625, 0, P0, 2355 MHz, 12481 MHz, 91.29 W, 600.00 W, 600.00 W, 42, 14739 MiB, 0 %, 5, 16
2026/09/22 01:36:31.875, 0, P0, 2355 MHz, 12481 MHz, 91.29 W, 600.00 W, 600.00 W, 42, 14739 MiB, 0 %, 5, 16
2026/09/22 01:36:32.126, 0, P0, 2355 MHz, 12481 MHz, 91.29 W, 600.00 W, 600.00 W, 42, 14739 MiB, 0 %, 5, 16
2026/09/22 01:36:32.376, 0, P0, 2355 MHz, 12481 MHz, 91.49 W, 600.00 W, 600.00 W, 42, 14739 MiB, 0 %, 5, 16
2026/09/22 01:36:32.626, 0, P0, 2355 MHz, 12481 MHz, 91.49 W, 600.00 W, 600.00 W, 42, 14739 MiB, 0 %, 5, 16
2026/09/22 01:36:32.877, 0, P0, 2355 MHz, 12481 MHz, 91.49 W, 600.00 W, 600.00 W, 42, 14739 MiB, 0 %, 5, 16
2026/09/22 01:36:33.127, 0, P0, 2355 MHz, 12481 MHz, 91.49 W, 600.00 W, 600.00 W, 42, 14739 MiB, 0 %, 5, 16
2026/09/22 01:36:33.377, 0, P0, 2355 MHz, 12481 MHz, 91.49 W, 600.00 W, 600.00 W, 42, 14739 MiB, 0 %, 5, 16
2026/09/22 01:36:33.627, 0, P0, 2355 MHz, 12481 MHz, 91.49 W, 600.00 W, 600.00 W, 42, 14739 MiB, 0 %, 5, 16
2026/09/22 01:36:33.878, 0, P0, 2355 MHz, 12481 MHz, 91.49 W, 600.00 W, 600.00 W, 42, 14739 MiB, 0 %, 5, 16
2026/09/22 01:36:34.128, 0, P0, 2355 MHz, 12481 MHz, 91.49 W, 600.00 W, 600.00 W, 42, 14739 MiB, 0 %, 5, 16
2026/09/22 01:36:34.378, 0, P0, 2355 MHz, 12481 MHz, 91.89 W, 600.00 W, 600.00 W, 42, 14739 MiB, 0 %, 5, 16
2026/09/22 01:36:34.629, 0, P0, 2355 MHz, 12481 MHz, 91.89 W, 600.00 W, 600.00 W, 42, 14739 MiB, 0 %, 5, 16
2026/09/22 01:36:34.879, 0, P0, 2355 MHz, 12481 MHz, 91.89 W, 600.00 W, 600.00 W, 42, 14739 MiB, 0 %, 5, 16
2026/09/22 01:36:35.129, 0, P0, 2355 MHz, 12481 MHz, 91.89 W, 600.00 W, 600.00 W, 42, 14739 MiB, 0 %, 5, 16
2026/09/22 01:36:35.380, 0, P0, 2355 MHz, 12481 MHz, 91.44 W, 600.00 W, 600.00 W, 42, 19347 MiB, 0 %, 5, 16
2026/09/22 01:36:35.630, 0, P0, 2400 MHz, 12481 MHz, 160.06 W, 600.00 W, 600.00 W, 52, 19539 MiB, 100 %, 5, 16
2026/09/22 01:36:35.881, 0, P0, 2400 MHz, 12481 MHz, 203.30 W, 600.00 W, 600.00 W, 53, 19539 MiB, 100 %, 5, 16
2026/09/22 01:36:36.131, 0, P0, 2422 MHz, 12481 MHz, 251.52 W, 600.00 W, 600.00 W, 54, 19539 MiB, 100 %, 5, 16
2026/09/22 01:36:36.382, 0, P0, 2422 MHz, 12481 MHz, 453.19 W, 600.00 W, 600.00 W, 55, 19539 MiB, 100 %, 5, 16
2026/09/22 01:36:36.632, 0, P0, 2422 MHz, 12481 MHz, 470.33 W, 600.00 W, 600.00 W, 49, 19573 MiB, 95 %, 5, 16
2026/09/22 01:36:36.883, 0, P0, 2422 MHz, 12481 MHz, 440.91 W, 600.00 W, 600.00 W, 49, 19573 MiB, 96 %, 5, 16
2026/09/22 01:36:37.134, 0, P0, 2422 MHz, 12481 MHz, 368.02 W, 600.00 W, 600.00 W, 45, 17461 MiB, 96 %, 5, 16
2026/09/22 01:36:37.385, 0, P0, 2422 MHz, 12481 MHz, 321.88 W, 600.00 W, 600.00 W, 47, 18293 MiB, 70 %, 5, 16
2026/09/22 01:36:37.635, 0, P0, 2415 MHz, 12481 MHz, 299.36 W, 600.00 W, 600.00 W, 49, 18293 MiB, 95 %, 5, 16
2026/09/22 01:36:37.886, 0, P0, 2415 MHz, 12481 MHz, 284.61 W, 600.00 W, 600.00 W, 48, 18901 MiB, 98 %, 5, 16
2026/09/22 01:36:38.137, 0, P0, 2415 MHz, 12481 MHz, 303.32 W, 600.00 W, 600.00 W, 48, 18901 MiB, 96 %, 5, 16
2026/09/22 01:36:38.387, 0, P0, 2415 MHz, 12481 MHz, 292.04 W, 600.00 W, 600.00 W, 47, 18901 MiB, 96 %, 5, 16
2026/09/22 01:36:38.638, 0, P0, 2415 MHz, 12481 MHz, 288.81 W, 600.00 W, 600.00 W, 49, 19349 MiB, 95 %, 5, 16
2026/09/22 01:36:38.888, 0, P0, 2415 MHz, 12481 MHz, 284.60 W, 600.00 W, 600.00 W, 49, 19349 MiB, 74 %, 5, 16
2026/09/22 01:36:39.139, 0, P0, 2422 MHz, 12481 MHz, 241.54 W, 600.00 W, 600.00 W, 47, 19349 MiB, 3 %, 5, 16
2026/09/22 01:36:39.390, 0, P0, 2422 MHz, 12481 MHz, 268.39 W, 600.00 W, 600.00 W, 49, 19349 MiB, 95 %, 5, 16
2026/09/22 01:36:39.640, 0, P0, 2422 MHz, 12481 MHz, 230.68 W, 600.00 W, 600.00 W, 45, 0 MiB, 0 %, 5, 16
2026/09/22 01:36:39.891, 0, P0, 2422 MHz, 12481 MHz, 195.06 W, 600.00 W, 600.00 W, 44, 0 MiB, 0 %, 5, 16
2026/09/22 01:36:40.141, 0, P0, 2422 MHz, 12481 MHz, 173.69 W, 600.00 W, 600.00 W, 44, 0 MiB, 0 %, 5, 16
2026/09/22 01:36:40.392, 0, P0, 2422 MHz, 12481 MHz, 118.87 W, 600.00 W, 600.00 W, 43, 0 MiB, 0 %, 5, 16
2026/09/22 01:36:40.642, 0, P0, 2422 MHz, 12481 MHz, 92.33 W, 600.00 W, 600.00 W, 44, 115 MiB, 0 %, 5, 16
2026/09/22 01:36:40.892, 0, P0, 2370 MHz, 12481 MHz, 91.67 W, 600.00 W, 600.00 W, 43, 595 MiB, 0 %, 5, 16
2026/09/22 01:36:41.143, 0, P0, 2347 MHz, 12481 MHz, 93.68 W, 600.00 W, 600.00 W, 43, 1811 MiB, 0 %, 5, 16
2026/09/22 01:36:41.393, 0, P0, 2347 MHz, 12481 MHz, 95.05 W, 600.00 W, 600.00 W, 43, 2739 MiB, 7 %, 5, 16
2026/09/22 01:36:41.643, 0, P0, 2347 MHz, 12481 MHz, 95.29 W, 600.00 W, 600.00 W, 43, 3603 MiB, 7 %, 5, 16
2026/09/22 01:36:41.894, 0, P0, 2347 MHz, 12481 MHz, 94.71 W, 600.00 W, 600.00 W, 43, 4467 MiB, 7 %, 5, 16
2026/09/22 01:36:42.144, 0, P0, 2347 MHz, 12481 MHz, 94.69 W, 600.00 W, 600.00 W, 43, 5331 MiB, 7 %, 5, 16
2026/09/22 01:36:42.395, 0, P0, 2347 MHz, 12481 MHz, 94.69 W, 600.00 W, 600.00 W, 43, 6195 MiB, 7 %, 5, 16
2026/09/22 01:36:42.645, 0, P0, 2347 MHz, 12481 MHz, 94.84 W, 600.00 W, 600.00 W, 43, 7123 MiB, 7 %, 5, 16
2026/09/22 01:36:42.896, 0, P0, 2347 MHz, 12481 MHz, 94.76 W, 600.00 W, 600.00 W, 43, 7987 MiB, 7 %, 5, 16
2026/09/22 01:36:43.146, 0, P0, 2347 MHz, 12481 MHz, 94.59 W, 600.00 W, 600.00 W, 43, 8883 MiB, 6 %, 5, 16
2026/09/22 01:36:43.397, 0, P0, 2347 MHz, 12481 MHz, 94.57 W, 600.00 W, 600.00 W, 43, 9779 MiB, 7 %, 5, 16
2026/09/22 01:36:43.647, 0, P0, 2347 MHz, 12481 MHz, 94.51 W, 600.00 W, 600.00 W, 43, 10643 MiB, 7 %, 5, 16
2026/09/22 01:36:43.898, 0, P0, 2347 MHz, 12481 MHz, 94.46 W, 600.00 W, 600.00 W, 43, 11507 MiB, 7 %, 5, 16
2026/09/22 01:36:44.148, 0, P0, 2347 MHz, 12481 MHz, 94.57 W, 600.00 W, 600.00 W, 43, 12435 MiB, 7 %, 5, 16
2026/09/22 01:36:44.399, 0, P0, 2347 MHz, 12481 MHz, 94.53 W, 600.00 W, 600.00 W, 43, 13299 MiB, 7 %, 5, 16
2026/09/22 01:36:44.649, 0, P0, 2347 MHz, 12481 MHz, 94.51 W, 600.00 W, 600.00 W, 43, 14227 MiB, 7 %, 5, 16
2026/09/22 01:36:44.900, 0, P0, 2347 MHz, 12481 MHz, 94.59 W, 600.00 W, 600.00 W, 43, 14739 MiB, 6 %, 5, 16
2026/09/22 01:36:45.150, 0, P0, 2347 MHz, 12481 MHz, 94.01 W, 600.00 W, 600.00 W, 43, 14739 MiB, 0 %, 5, 16
2026/09/22 01:36:45.400, 0, P0, 2347 MHz, 12481 MHz, 93.67 W, 600.00 W, 600.00 W, 43, 14739 MiB, 0 %, 5, 16
2026/09/22 01:36:45.651, 0, P0, 2355 MHz, 12481 MHz, 93.12 W, 600.00 W, 600.00 W, 43, 14739 MiB, 0 %, 5, 16
2026/09/22 01:36:45.901, 0, P0, 2355 MHz, 12481 MHz, 92.74 W, 600.00 W, 600.00 W, 43, 14739 MiB, 0 %, 5, 16
2026/09/22 01:36:46.151, 0, P0, 2355 MHz, 12481 MHz, 92.74 W, 600.00 W, 600.00 W, 43, 14739 MiB, 0 %, 5, 16
2026/09/22 01:36:46.401, 0, P0, 2355 MHz, 12481 MHz, 92.74 W, 600.00 W, 600.00 W, 43, 14739 MiB, 0 %, 5, 16
2026/09/22 01:36:46.652, 0, P0, 2355 MHz, 12481 MHz, 92.74 W, 600.00 W, 600.00 W, 43, 14739 MiB, 0 %, 5, 16
2026/09/22 01:36:46.902, 0, P0, 2347 MHz, 12481 MHz, 93.00 W, 600.00 W, 600.00 W, 42, 14739 MiB, 0 %, 5, 16
2026/09/22 01:36:47.152, 0, P0, 2347 MHz, 12481 MHz, 93.00 W, 600.00 W, 600.00 W, 42, 14739 MiB, 0 %, 5, 16
2026/09/22 01:36:47.403, 0, P0, 2347 MHz, 12481 MHz, 93.00 W, 600.00 W, 600.00 W, 42, 14739 MiB, 0 %, 5, 16
2026/09/22 01:36:47.653, 0, P0, 2347 MHz, 12481 MHz, 93.00 W, 600.00 W, 600.00 W, 42, 14739 MiB, 0 %, 5, 16
2026/09/22 01:36:47.903, 0, P0, 2347 MHz, 12481 MHz, 92.47 W, 600.00 W, 600.00 W, 42, 14739 MiB, 0 %, 5, 16
2026/09/22 01:36:48.154, 0, P0, 2347 MHz, 12481 MHz, 92.47 W, 600.00 W, 600.00 W, 42, 14739 MiB, 0 %, 5, 16
2026/09/22 01:36:48.404, 0, P0, 2347 MHz, 12481 MHz, 92.47 W, 600.00 W, 600.00 W, 42, 14739 MiB, 0 %, 5, 16
2026/09/22 01:36:48.654, 0, P0, 2347 MHz, 12481 MHz, 92.47 W, 600.00 W, 600.00 W, 42, 14739 MiB, 0 %, 5, 16
2026/09/22 01:36:48.904, 0, P0, 2347 MHz, 12481 MHz, 91.46 W, 600.00 W, 600.00 W, 42, 14739 MiB, 0 %, 5, 16
2026/09/22 01:36:49.155, 0, P0, 2347 MHz, 12481 MHz, 91.46 W, 600.00 W, 600.00 W, 42, 14739 MiB, 0 %, 5, 16
2026/09/22 01:36:49.405, 0, P0, 2347 MHz, 12481 MHz, 91.46 W, 600.00 W, 600.00 W, 42, 14739 MiB, 0 %, 5, 16
2026/09/22 01:36:49.655, 0, P0, 2347 MHz, 12481 MHz, 91.46 W, 600.00 W, 600.00 W, 42, 14739 MiB, 0 %, 5, 16
2026/09/22 01:36:49.906, 0, P0, 2347 MHz, 12481 MHz, 90.99 W, 600.00 W, 600.00 W, 42, 14739 MiB, 0 %, 5, 16
2026/09/22 01:36:50.156, 0, P0, 2347 MHz, 12481 MHz, 90.99 W, 600.00 W, 600.00 W, 42, 14739 MiB, 0 %, 5, 16
2026/09/22 01:36:50.406, 0, P0, 2347 MHz, 12481 MHz, 90.99 W, 600.00 W, 600.00 W, 42, 14739 MiB, 0 %, 5, 16
2026/09/22 01:36:50.657, 0, P0, 2347 MHz, 12481 MHz, 90.99 W, 600.00 W, 600.00 W, 42, 14739 MiB, 0 %, 5, 16
2026/09/22 01:36:50.907, 0, P0, 2355 MHz, 12481 MHz, 91.44 W, 600.00 W, 600.00 W, 42, 14739 MiB, 0 %, 5, 16
2026/09/22 01:36:51.157, 0, P0, 2355 MHz, 12481 MHz, 91.44 W, 600.00 W, 600.00 W, 42, 14739 MiB, 0 %, 5, 16
2026/09/22 01:36:51.408, 0, P0, 2355 MHz, 12481 MHz, 91.44 W, 600.00 W, 600.00 W, 42, 14739 MiB, 0 %, 5, 16
2026/09/22 01:36:51.658, 0, P0, 2355 MHz, 12481 MHz, 91.44 W, 600.00 W, 600.00 W, 42, 14739 MiB, 0 %, 5, 16
2026/09/22 01:36:51.908, 0, P0, 2347 MHz, 12481 MHz, 91.49 W, 600.00 W, 600.00 W, 42, 14739 MiB, 0 %, 5, 16
2026/09/22 01:36:52.158, 0, P0, 2347 MHz, 12481 MHz, 91.49 W, 600.00 W, 600.00 W, 42, 14739 MiB, 0 %, 5, 16
2026/09/22 01:36:52.409, 0, P0, 2347 MHz, 12481 MHz, 91.49 W, 600.00 W, 600.00 W, 42, 14739 MiB, 0 %, 5, 16
2026/09/22 01:36:52.659, 0, P0, 2347 MHz, 12481 MHz, 91.49 W, 600.00 W, 600.00 W, 42, 14739 MiB, 0 %, 5, 16
2026/09/22 01:36:52.909, 0, P0, 2347 MHz, 12481 MHz, 90.43 W, 600.00 W, 600.00 W, 42, 15251 MiB, 0 %, 5, 16
2026/09/22 01:36:53.160, 0, P0, 2377 MHz, 12481 MHz, 141.54 W, 600.00 W, 600.00 W, 50, 19539 MiB, 66 %, 5, 16
2026/09/22 01:36:53.411, 0, P0, 2377 MHz, 12481 MHz, 188.89 W, 600.00 W, 600.00 W, 53, 19539 MiB, 100 %, 5, 16
2026/09/22 01:36:53.661, 0, P0, 2422 MHz, 12481 MHz, 240.69 W, 600.00 W, 600.00 W, 54, 19539 MiB, 100 %, 5, 16
2026/09/22 01:36:53.912, 0, P0, 2422 MHz, 12481 MHz, 442.18 W, 600.00 W, 600.00 W, 54, 19539 MiB, 100 %, 5, 16
2026/09/22 01:36:54.162, 0, P0, 2422 MHz, 12481 MHz, 480.96 W, 600.00 W, 600.00 W, 52, 19573 MiB, 100 %, 5, 16
2026/09/22 01:36:54.413, 0, P0, 2422 MHz, 12481 MHz, 450.99 W, 600.00 W, 600.00 W, 49, 19573 MiB, 94 %, 5, 16
2026/09/22 01:36:54.663, 0, P0, 2415 MHz, 12481 MHz, 391.36 W, 600.00 W, 600.00 W, 48, 17205 MiB, 90 %, 5, 16
2026/09/22 01:36:54.914, 0, P0, 2415 MHz, 12481 MHz, 310.23 W, 600.00 W, 600.00 W, 44, 17205 MiB, 0 %, 5, 16
2026/09/22 01:36:55.164, 0, P0, 2422 MHz, 12481 MHz, 200.60 W, 600.00 W, 600.00 W, 43, 17205 MiB, 0 %, 5, 16
2026/09/22 01:36:55.414, 0, P0, 2422 MHz, 12481 MHz, 149.48 W, 600.00 W, 600.00 W, 43, 17205 MiB, 0 %, 5, 16
2026/09/22 01:36:55.665, 0, P0, 2392 MHz, 12481 MHz, 90.58 W, 600.00 W, 600.00 W, 43, 17205 MiB, 0 %, 5, 16
2026/09/22 01:36:55.915, 0, P0, 2392 MHz, 12481 MHz, 90.58 W, 600.00 W, 600.00 W, 43, 17205 MiB, 0 %, 5, 16
2026/09/22 01:36:56.165, 0, P0, 2392 MHz, 12481 MHz, 90.58 W, 600.00 W, 600.00 W, 43, 17205 MiB, 0 %, 5, 16
2026/09/22 01:36:56.416, 0, P0, 2392 MHz, 12481 MHz, 90.58 W, 600.00 W, 600.00 W, 43, 17205 MiB, 0 %, 5, 16
2026/09/22 01:36:56.666, 0, P0, 2355 MHz, 12481 MHz, 100.22 W, 600.00 W, 600.00 W, 43, 17589 MiB, 0 %, 5, 16
2026/09/22 01:36:56.917, 0, P0, 2415 MHz, 12481 MHz, 146.37 W, 600.00 W, 600.00 W, 46, 18293 MiB, 97 %, 5, 16
2026/09/22 01:36:57.167, 0, P0, 2415 MHz, 12481 MHz, 166.90 W, 600.00 W, 600.00 W, 48, 18293 MiB, 96 %, 5, 16
2026/09/22 01:36:57.418, 0, P0, 2422 MHz, 12481 MHz, 188.15 W, 600.00 W, 600.00 W, 48, 18901 MiB, 95 %, 5, 16
2026/09/22 01:36:57.668, 0, P0, 2415 MHz, 12481 MHz, 305.05 W, 600.00 W, 600.00 W, 48, 18901 MiB, 61 %, 5, 16
2026/09/22 01:36:57.919, 0, P0, 2422 MHz, 12481 MHz, 280.57 W, 600.00 W, 600.00 W, 47, 19317 MiB, 34 %, 5, 16
2026/09/22 01:36:58.169, 0, P0, 2415 MHz, 12481 MHz, 289.23 W, 600.00 W, 600.00 W, 49, 19349 MiB, 95 %, 5, 16
2026/09/22 01:36:58.420, 0, P0, 2422 MHz, 12481 MHz, 258.62 W, 600.00 W, 600.00 W, 45, 19349 MiB, 8 %, 5, 16
2026/09/22 01:36:58.670, 0, P0, 2422 MHz, 12481 MHz, 243.36 W, 600.00 W, 600.00 W, 47, 19349 MiB, 91 %, 5, 16
2026/09/22 01:36:58.921, 0, P0, 2415 MHz, 12481 MHz, 276.47 W, 600.00 W, 600.00 W, 49, 19349 MiB, 95 %, 5, 16
2026/09/22 01:36:59.172, 0, P0, 2422 MHz, 12481 MHz, 230.13 W, 600.00 W, 600.00 W, 44, 0 MiB, 42 %, 5, 16
2026/09/22 01:36:59.422, 0, P0, 2400 MHz, 12481 MHz, 196.60 W, 600.00 W, 600.00 W, 44, 0 MiB, 0 %, 5, 16
2026/09/22 01:36:59.672, 0, P0, 2355 MHz, 12481 MHz, 174.28 W, 600.00 W, 600.00 W, 44, 0 MiB, 0 %, 5, 16
2026/09/22 01:36:59.923, 0, P0, 2347 MHz, 12481 MHz, 98.28 W, 600.00 W, 600.00 W, 43, 0 MiB, 0 %, 5, 16
2026/09/22 01:37:00.173, 0, P0, 2355 MHz, 12481 MHz, 94.73 W, 600.00 W, 600.00 W, 43, 1 MiB, 0 %, 5, 16
2026/09/22 01:37:00.424, 0, P0, 2355 MHz, 12481 MHz, 95.19 W, 600.00 W, 600.00 W, 43, 595 MiB, 0 %, 5, 16
2026/09/22 01:37:00.674, 0, P0, 2355 MHz, 12481 MHz, 95.44 W, 600.00 W, 600.00 W, 43, 1587 MiB, 0 %, 5, 16
2026/09/22 01:37:00.924, 0, P0, 2355 MHz, 12481 MHz, 96.00 W, 600.00 W, 600.00 W, 43, 2515 MiB, 7 %, 5, 16
2026/09/22 01:37:01.175, 0, P0, 2355 MHz, 12481 MHz, 96.29 W, 600.00 W, 600.00 W, 43, 3379 MiB, 7 %, 5, 16
2026/09/22 01:37:01.425, 0, P0, 2355 MHz, 12481 MHz, 94.85 W, 600.00 W, 600.00 W, 43, 4275 MiB, 7 %, 5, 16
2026/09/22 01:37:01.676, 0, P0, 2355 MHz, 12481 MHz, 94.92 W, 600.00 W, 600.00 W, 43, 5171 MiB, 6 %, 5, 16
2026/09/22 01:37:01.926, 0, P0, 2355 MHz, 12481 MHz, 94.70 W, 600.00 W, 600.00 W, 43, 6067 MiB, 7 %, 5, 16
2026/09/22 01:37:02.177, 0, P0, 2355 MHz, 12481 MHz, 94.60 W, 600.00 W, 600.00 W, 43, 6963 MiB, 7 %, 5, 16
2026/09/22 01:37:02.427, 0, P0, 2355 MHz, 12481 MHz, 94.63 W, 600.00 W, 600.00 W, 43, 7827 MiB, 7 %, 5, 16
2026/09/22 01:37:02.677, 0, P0, 2355 MHz, 12481 MHz, 94.63 W, 600.00 W, 600.00 W, 43, 8691 MiB, 8 %, 5, 16
2026/09/22 01:37:02.928, 0, P0, 2347 MHz, 12481 MHz, 94.68 W, 600.00 W, 600.00 W, 43, 9555 MiB, 6 %, 5, 16
2026/09/22 01:37:03.178, 0, P0, 2355 MHz, 12481 MHz, 94.67 W, 600.00 W, 600.00 W, 43, 10483 MiB, 7 %, 5, 16
2026/09/22 01:37:03.429, 0, P0, 2355 MHz, 12481 MHz, 94.60 W, 600.00 W, 600.00 W, 43, 11347 MiB, 7 %, 5, 16
2026/09/22 01:37:03.679, 0, P0, 2355 MHz, 12481 MHz, 94.51 W, 600.00 W, 600.00 W, 43, 12275 MiB, 8 %, 5, 16
2026/09/22 01:37:03.930, 0, P0, 2355 MHz, 12481 MHz, 94.48 W, 600.00 W, 600.00 W, 43, 13203 MiB, 7 %, 5, 16
2026/09/22 01:37:04.180, 0, P0, 2355 MHz, 12481 MHz, 94.43 W, 600.00 W, 600.00 W, 43, 14067 MiB, 8 %, 5, 16
2026/09/22 01:37:04.431, 0, P0, 2355 MHz, 12481 MHz, 94.37 W, 600.00 W, 600.00 W, 43, 14739 MiB, 7 %, 5, 16
2026/09/22 01:37:04.681, 0, P0, 2355 MHz, 12481 MHz, 94.01 W, 600.00 W, 600.00 W, 43, 14739 MiB, 0 %, 5, 16
2026/09/22 01:37:04.931, 0, P0, 2347 MHz, 12481 MHz, 93.42 W, 600.00 W, 600.00 W, 43, 14739 MiB, 0 %, 5, 16
2026/09/22 01:37:05.182, 0, P0, 2355 MHz, 12481 MHz, 93.13 W, 600.00 W, 600.00 W, 42, 14739 MiB, 0 %, 5, 16
2026/09/22 01:37:05.432, 0, P0, 2347 MHz, 12481 MHz, 92.58 W, 600.00 W, 600.00 W, 42, 14739 MiB, 0 %, 5, 16
2026/09/22 01:37:05.682, 0, P0, 2347 MHz, 12481 MHz, 92.58 W, 600.00 W, 600.00 W, 42, 14739 MiB, 0 %, 5, 16
2026/09/22 01:37:05.933, 0, P0, 2347 MHz, 12481 MHz, 92.58 W, 600.00 W, 600.00 W, 42, 14739 MiB, 0 %, 5, 16
2026/09/22 01:37:06.183, 0, P0, 2355 MHz, 12481 MHz, 98.30 W, 600.00 W, 600.00 W, 42, 18323 MiB, 0 %, 5, 16
2026/09/22 01:37:06.434, 0, P0, 2400 MHz, 12481 MHz, 206.09 W, 600.00 W, 600.00 W, 53, 18323 MiB, 100 %, 5, 16
2026/09/22 01:37:06.684, 0, P0, 2422 MHz, 12481 MHz, 254.43 W, 600.00 W, 600.00 W, 54, 18323 MiB, 100 %, 5, 16
2026/09/22 01:37:06.935, 0, P0, 2422 MHz, 12481 MHz, 297.95 W, 600.00 W, 600.00 W, 55, 18323 MiB, 100 %, 5, 16
2026/09/22 01:37:07.185, 0, P0, 2422 MHz, 12481 MHz, 274.12 W, 600.00 W, 600.00 W, 45, 18323 MiB, 46 %, 5, 16
2026/09/22 01:37:07.435, 0, P0, 2377 MHz, 12481 MHz, 291.99 W, 600.00 W, 600.00 W, 44, 18579 MiB, 0 %, 5, 16
2026/09/22 01:37:07.687, 0, P0, 2385 MHz, 12481 MHz, 293.15 W, 600.00 W, 600.00 W, 53, 18579 MiB, 100 %, 5, 16
2026/09/22 01:37:07.937, 0, P0, 2422 MHz, 12481 MHz, 300.81 W, 600.00 W, 600.00 W, 55, 18579 MiB, 100 %, 5, 16
2026/09/22 01:37:08.188, 0, P0, 2422 MHz, 12481 MHz, 387.14 W, 600.00 W, 600.00 W, 56, 18579 MiB, 100 %, 5, 16
2026/09/22 01:37:08.438, 0, P0, 2422 MHz, 12481 MHz, 394.12 W, 600.00 W, 600.00 W, 45, 18579 MiB, 0 %, 5, 16
2026/09/22 01:37:08.688, 0, P0, 2422 MHz, 12481 MHz, 313.76 W, 600.00 W, 600.00 W, 44, 18579 MiB, 0 %, 5, 16
2026/09/22 01:37:08.939, 0, P0, 2422 MHz, 12481 MHz, 192.47 W, 600.00 W, 600.00 W, 44, 19283 MiB, 0 %, 5, 16
2026/09/22 01:37:09.190, 0, P0, 2422 MHz, 12481 MHz, 186.54 W, 600.00 W, 600.00 W, 53, 19283 MiB, 27 %, 5, 16
2026/09/22 01:37:09.440, 0, P0, 2422 MHz, 12481 MHz, 280.57 W, 600.00 W, 600.00 W, 54, 19283 MiB, 100 %, 5, 16
2026/09/22 01:37:09.691, 0, P0, 2422 MHz, 12481 MHz, 364.75 W, 600.00 W, 600.00 W, 55, 19283 MiB, 100 %, 5, 16
2026/09/22 01:37:09.941, 0, P0, 2422 MHz, 12481 MHz, 445.27 W, 600.00 W, 600.00 W, 50, 19283 MiB, 100 %, 5, 16
2026/09/22 01:37:10.192, 0, P0, 2422 MHz, 12481 MHz, 367.95 W, 600.00 W, 600.00 W, 45, 19283 MiB, 12 %, 5, 16
2026/09/22 01:37:10.442, 0, P0, 2422 MHz, 12481 MHz, 269.64 W, 600.00 W, 600.00 W, 45, 19283 MiB, 0 %, 5, 16
2026/09/22 01:37:10.693, 0, P0, 2422 MHz, 12481 MHz, 268.49 W, 600.00 W, 600.00 W, 54, 19283 MiB, 100 %, 5, 16
2026/09/22 01:37:10.944, 0, P0, 2422 MHz, 12481 MHz, 308.06 W, 600.00 W, 600.00 W, 56, 19283 MiB, 100 %, 5, 16
2026/09/22 01:37:11.194, 0, P0, 2422 MHz, 12481 MHz, 388.20 W, 600.00 W, 600.00 W, 56, 19283 MiB, 100 %, 5, 16
2026/09/22 01:37:11.445, 0, P0, 2422 MHz, 12481 MHz, 426.01 W, 600.00 W, 600.00 W, 48, 19283 MiB, 55 %, 5, 16
2026/09/22 01:37:11.695, 0, P0, 2422 MHz, 12481 MHz, 345.49 W, 600.00 W, 600.00 W, 46, 19283 MiB, 0 %, 5, 16
2026/09/22 01:37:11.945, 0, P0, 2422 MHz, 12481 MHz, 230.52 W, 600.00 W, 600.00 W, 45, 19283 MiB, 0 %, 5, 16
2026/09/22 01:37:12.196, 0, P0, 2422 MHz, 12481 MHz, 172.92 W, 600.00 W, 600.00 W, 45, 19411 MiB, 0 %, 5, 16
2026/09/22 01:37:12.446, 0, P0, 2422 MHz, 12481 MHz, 227.35 W, 600.00 W, 600.00 W, 56, 19411 MiB, 100 %, 5, 16
2026/09/22 01:37:12.697, 0, P0, 2422 MHz, 12481 MHz, 307.16 W, 600.00 W, 600.00 W, 56, 19411 MiB, 100 %, 5, 16
2026/09/22 01:37:12.947, 0, P0, 2422 MHz, 12481 MHz, 432.70 W, 600.00 W, 600.00 W, 56, 19411 MiB, 100 %, 5, 16
2026/09/22 01:37:13.198, 0, P0, 2422 MHz, 12481 MHz, 440.68 W, 600.00 W, 600.00 W, 50, 19411 MiB, 99 %, 5, 16
2026/09/22 01:37:13.448, 0, P0, 2422 MHz, 12481 MHz, 318.80 W, 600.00 W, 600.00 W, 46, 19411 MiB, 0 %, 5, 16
2026/09/22 01:37:13.699, 0, P0, 2422 MHz, 12481 MHz, 267.79 W, 600.00 W, 600.00 W, 46, 19411 MiB, 9 %, 5, 16
2026/09/22 01:37:13.950, 0, P0, 2422 MHz, 12481 MHz, 267.39 W, 600.00 W, 600.00 W, 55, 19411 MiB, 100 %, 5, 16
2026/09/22 01:37:14.201, 0, P0, 2422 MHz, 12481 MHz, 315.18 W, 600.00 W, 600.00 W, 57, 19411 MiB, 100 %, 5, 16
2026/09/22 01:37:14.452, 0, P0, 2422 MHz, 12481 MHz, 430.96 W, 600.00 W, 600.00 W, 57, 19411 MiB, 100 %, 5, 16
2026/09/22 01:37:14.702, 0, P0, 2422 MHz, 12481 MHz, 432.66 W, 600.00 W, 600.00 W, 49, 19411 MiB, 63 %, 5, 16
2026/09/22 01:37:14.953, 0, P0, 2422 MHz, 12481 MHz, 315.00 W, 600.00 W, 600.00 W, 46, 19411 MiB, 0 %, 5, 16
2026/09/22 01:37:15.203, 0, P0, 2422 MHz, 12481 MHz, 234.36 W, 600.00 W, 600.00 W, 46, 19411 MiB, 0 %, 5, 16
2026/09/22 01:37:15.454, 0, P0, 2422 MHz, 12481 MHz, 115.48 W, 600.00 W, 600.00 W, 45, 19411 MiB, 0 %, 5, 16
2026/09/22 01:37:15.704, 0, P0, 2422 MHz, 12481 MHz, 126.35 W, 600.00 W, 600.00 W, 51, 20691 MiB, 28 %, 5, 16
2026/09/22 01:37:15.954, 0, P0, 2422 MHz, 12481 MHz, 250.81 W, 600.00 W, 600.00 W, 56, 20691 MiB, 100 %, 5, 16
2026/09/22 01:37:16.205, 0, P0, 2422 MHz, 12481 MHz, 329.17 W, 600.00 W, 600.00 W, 57, 20691 MiB, 100 %, 5, 16
2026/09/22 01:37:16.455, 0, P0, 2422 MHz, 12481 MHz, 459.19 W, 600.00 W, 600.00 W, 57, 20691 MiB, 100 %, 5, 16
2026/09/22 01:37:16.706, 0, P0, 2422 MHz, 12481 MHz, 502.72 W, 600.00 W, 600.00 W, 57, 20755 MiB, 100 %, 5, 16
2026/09/22 01:37:16.957, 0, P0, 2422 MHz, 12481 MHz, 503.04 W, 600.00 W, 600.00 W, 58, 20755 MiB, 100 %, 5, 16
2026/09/22 01:37:17.207, 0, P0, 2422 MHz, 12481 MHz, 503.40 W, 600.00 W, 600.00 W, 57, 20755 MiB, 100 %, 5, 16
2026/09/22 01:37:17.458, 0, P0, 2422 MHz, 12481 MHz, 503.17 W, 600.00 W, 600.00 W, 58, 20755 MiB, 100 %, 5, 16
2026/09/22 01:37:17.708, 0, P0, 2422 MHz, 12481 MHz, 504.17 W, 600.00 W, 600.00 W, 57, 20755 MiB, 100 %, 5, 16
2026/09/22 01:37:17.959, 0, P0, 2422 MHz, 12481 MHz, 499.44 W, 600.00 W, 600.00 W, 58, 20755 MiB, 100 %, 5, 16
2026/09/22 01:37:18.209, 0, P0, 2422 MHz, 12481 MHz, 480.10 W, 600.00 W, 600.00 W, 56, 20755 MiB, 99 %, 5, 16
2026/09/22 01:37:18.460, 0, P0, 2422 MHz, 12481 MHz, 366.62 W, 600.00 W, 600.00 W, 48, 20755 MiB, 0 %, 5, 16
2026/09/22 01:37:18.710, 0, P0, 2422 MHz, 12481 MHz, 280.27 W, 600.00 W, 600.00 W, 47, 20755 MiB, 0 %, 5, 16
2026/09/22 01:37:18.960, 0, P0, 2422 MHz, 12481 MHz, 166.82 W, 600.00 W, 600.00 W, 47, 20755 MiB, 0 %, 5, 16
2026/09/22 01:37:19.211, 0, P0, 2422 MHz, 12481 MHz, 100.32 W, 600.00 W, 600.00 W, 47, 20979 MiB, 0 %, 5, 16
2026/09/22 01:37:19.461, 0, P0, 2422 MHz, 12481 MHz, 194.32 W, 600.00 W, 600.00 W, 57, 20979 MiB, 100 %, 5, 16
2026/09/22 01:37:19.714, 0, P0, 2422 MHz, 12481 MHz, 278.33 W, 600.00 W, 600.00 W, 57, 20979 MiB, 100 %, 5, 16
2026/09/22 01:37:19.964, 0, P0, 2422 MHz, 12481 MHz, 403.45 W, 600.00 W, 600.00 W, 59, 20979 MiB, 100 %, 5, 16
2026/09/22 01:37:20.215, 0, P0, 2422 MHz, 12481 MHz, 486.88 W, 600.00 W, 600.00 W, 57, 20979 MiB, 100 %, 5, 16
2026/09/22 01:37:20.466, 0, P0, 2422 MHz, 12481 MHz, 505.33 W, 600.00 W, 600.00 W, 58, 21011 MiB, 100 %, 5, 16
2026/09/22 01:37:20.716, 0, P0, 2422 MHz, 12481 MHz, 504.88 W, 600.00 W, 600.00 W, 59, 21011 MiB, 100 %, 5, 16
2026/09/22 01:37:20.967, 0, P0, 2422 MHz, 12481 MHz, 504.35 W, 600.00 W, 600.00 W, 59, 21011 MiB, 100 %, 5, 16
2026/09/22 01:37:21.218, 0, P0, 2422 MHz, 12481 MHz, 503.91 W, 600.00 W, 600.00 W, 59, 21011 MiB, 100 %, 5, 16
2026/09/22 01:37:21.469, 0, P0, 2422 MHz, 12481 MHz, 503.71 W, 600.00 W, 600.00 W, 59, 21011 MiB, 100 %, 5, 16
2026/09/22 01:37:21.720, 0, P0, 2422 MHz, 12481 MHz, 497.58 W, 600.00 W, 600.00 W, 58, 21011 MiB, 99 %, 5, 16
2026/09/22 01:37:21.970, 0, P0, 2415 MHz, 12481 MHz, 463.52 W, 600.00 W, 600.00 W, 54, 21011 MiB, 99 %, 5, 16
2026/09/22 01:37:22.220, 0, P0, 2422 MHz, 12481 MHz, 380.65 W, 600.00 W, 600.00 W, 49, 21011 MiB, 69 %, 5, 16
2026/09/22 01:37:22.471, 0, P0, 2422 MHz, 12481 MHz, 260.81 W, 600.00 W, 600.00 W, 48, 21011 MiB, 0 %, 5, 16
2026/09/22 01:37:22.721, 0, P0, 2422 MHz, 12481 MHz, 185.13 W, 600.00 W, 600.00 W, 48, 21011 MiB, 0 %, 5, 16
2026/09/22 01:37:22.971, 0, P0, 2422 MHz, 12481 MHz, 89.66 W, 600.00 W, 600.00 W, 47, 21555 MiB, 0 %, 5, 16
2026/09/22 01:37:23.222, 0, P0, 2422 MHz, 12481 MHz, 164.97 W, 600.00 W, 600.00 W, 57, 21555 MiB, 23 %, 5, 16
2026/09/22 01:37:23.473, 0, P0, 2422 MHz, 12481 MHz, 291.57 W, 600.00 W, 600.00 W, 57, 21555 MiB, 100 %, 5, 16
2026/09/22 01:37:23.724, 0, P0, 2422 MHz, 12481 MHz, 375.67 W, 600.00 W, 600.00 W, 59, 21555 MiB, 100 %, 5, 16
2026/09/22 01:37:23.975, 0, P0, 2422 MHz, 12481 MHz, 493.09 W, 600.00 W, 600.00 W, 60, 21555 MiB, 100 %, 5, 16
2026/09/22 01:37:24.226, 0, P0, 2422 MHz, 12481 MHz, 506.44 W, 600.00 W, 600.00 W, 58, 21651 MiB, 100 %, 5, 16
2026/09/22 01:37:24.477, 0, P0, 2422 MHz, 12481 MHz, 507.10 W, 600.00 W, 600.00 W, 59, 21651 MiB, 100 %, 5, 16
2026/09/22 01:37:24.727, 0, P0, 2422 MHz, 12481 MHz, 506.70 W, 600.00 W, 600.00 W, 59, 21651 MiB, 100 %, 5, 16
2026/09/22 01:37:24.978, 0, P0, 2422 MHz, 12481 MHz, 505.47 W, 600.00 W, 600.00 W, 59, 21651 MiB, 100 %, 5, 16
2026/09/22 01:37:25.228, 0, P0, 2422 MHz, 12481 MHz, 505.29 W, 600.00 W, 600.00 W, 60, 21651 MiB, 100 %, 5, 16
2026/09/22 01:37:25.479, 0, P0, 2422 MHz, 12481 MHz, 496.78 W, 600.00 W, 600.00 W, 59, 21651 MiB, 99 %, 5, 16
2026/09/22 01:37:25.729, 0, P0, 2415 MHz, 12481 MHz, 481.00 W, 600.00 W, 600.00 W, 58, 21651 MiB, 99 %, 5, 16
2026/09/22 01:37:25.980, 0, P0, 2422 MHz, 12481 MHz, 399.45 W, 600.00 W, 600.00 W, 51, 21651 MiB, 97 %, 5, 16
2026/09/22 01:37:26.231, 0, P0, 2422 MHz, 12481 MHz, 318.13 W, 600.00 W, 600.00 W, 49, 21651 MiB, 0 %, 5, 16
2026/09/22 01:37:26.481, 0, P0, 2422 MHz, 12481 MHz, 202.82 W, 600.00 W, 600.00 W, 49, 21651 MiB, 0 %, 5, 16
2026/09/22 01:37:26.732, 0, P0, 2422 MHz, 12481 MHz, 130.18 W, 600.00 W, 600.00 W, 48, 21651 MiB, 0 %, 5, 16
2026/09/22 01:37:26.982, 0, P0, 2422 MHz, 12481 MHz, 145.01 W, 600.00 W, 600.00 W, 56, 21651 MiB, 0 %, 5, 16
2026/09/22 01:37:27.234, 0, P0, 2422 MHz, 12481 MHz, 227.75 W, 600.00 W, 600.00 W, 59, 21651 MiB, 100 %, 5, 16
2026/09/22 01:37:27.485, 0, P0, 2422 MHz, 12481 MHz, 353.72 W, 600.00 W, 600.00 W, 59, 21651 MiB, 100 %, 5, 16
2026/09/22 01:37:27.735, 0, P0, 2422 MHz, 12481 MHz, 437.78 W, 600.00 W, 600.00 W, 60, 21651 MiB, 100 %, 5, 16
2026/09/22 01:37:27.986, 0, P0, 2422 MHz, 12481 MHz, 506.82 W, 600.00 W, 600.00 W, 59, 21651 MiB, 100 %, 5, 16
2026/09/22 01:37:28.236, 0, P0, 2422 MHz, 12481 MHz, 507.30 W, 600.00 W, 600.00 W, 61, 21651 MiB, 100 %, 5, 16
2026/09/22 01:37:28.487, 0, P0, 2422 MHz, 12481 MHz, 507.00 W, 600.00 W, 600.00 W, 61, 21651 MiB, 100 %, 5, 16
2026/09/22 01:37:28.738, 0, P0, 2422 MHz, 12481 MHz, 506.88 W, 600.00 W, 600.00 W, 61, 21651 MiB, 100 %, 5, 16
2026/09/22 01:37:28.989, 0, P0, 2422 MHz, 12481 MHz, 507.30 W, 600.00 W, 600.00 W, 60, 21651 MiB, 100 %, 5, 16
2026/09/22 01:37:29.239, 0, P0, 2422 MHz, 12481 MHz, 501.71 W, 600.00 W, 600.00 W, 60, 21651 MiB, 99 %, 5, 16
2026/09/22 01:37:29.490, 0, P0, 2415 MHz, 12481 MHz, 493.95 W, 600.00 W, 600.00 W, 60, 21651 MiB, 99 %, 5, 16
2026/09/22 01:37:29.740, 0, P0, 2415 MHz, 12481 MHz, 452.84 W, 600.00 W, 600.00 W, 55, 21651 MiB, 99 %, 5, 16
2026/09/22 01:37:29.991, 0, P0, 2422 MHz, 12481 MHz, 372.67 W, 600.00 W, 600.00 W, 50, 21651 MiB, 32 %, 5, 16
2026/09/22 01:37:30.241, 0, P0, 2422 MHz, 12481 MHz, 254.91 W, 600.00 W, 600.00 W, 49, 21651 MiB, 0 %, 5, 16
2026/09/22 01:37:30.491, 0, P0, 2422 MHz, 12481 MHz, 174.26 W, 600.00 W, 600.00 W, 49, 21651 MiB, 0 %, 5, 16
2026/09/22 01:37:30.742, 0, P0, 2422 MHz, 12481 MHz, 102.19 W, 600.00 W, 600.00 W, 49, 21715 MiB, 0 %, 5, 16
2026/09/22 01:37:30.992, 0, P0, 2422 MHz, 12481 MHz, 185.27 W, 600.00 W, 600.00 W, 58, 21715 MiB, 61 %, 5, 16
2026/09/22 01:37:31.243, 0, P0, 2422 MHz, 12481 MHz, 311.12 W, 600.00 W, 600.00 W, 60, 21715 MiB, 100 %, 5, 16
2026/09/22 01:37:31.494, 0, P0, 2422 MHz, 12481 MHz, 395.10 W, 600.00 W, 600.00 W, 59, 21715 MiB, 100 %, 5, 16
2026/09/22 01:37:31.744, 0, P0, 2422 MHz, 12481 MHz, 508.18 W, 600.00 W, 600.00 W, 60, 21715 MiB, 100 %, 5, 16
2026/09/22 01:37:31.995, 0, P0, 2422 MHz, 12481 MHz, 508.70 W, 600.00 W, 600.00 W, 61, 21715 MiB, 100 %, 5, 16
2026/09/22 01:37:32.246, 0, P0, 2422 MHz, 12481 MHz, 508.06 W, 600.00 W, 600.00 W, 61, 21715 MiB, 100 %, 5, 16
2026/09/22 01:37:32.496, 0, P0, 2422 MHz, 12481 MHz, 507.66 W, 600.00 W, 600.00 W, 61, 21715 MiB, 100 %, 5, 16
2026/09/22 01:37:32.748, 0, P0, 2422 MHz, 12481 MHz, 508.12 W, 600.00 W, 600.00 W, 61, 21715 MiB, 100 %, 5, 16
2026/09/22 01:37:32.999, 0, P0, 2422 MHz, 12481 MHz, 508.26 W, 600.00 W, 600.00 W, 60, 21715 MiB, 100 %, 5, 16
2026/09/22 01:37:33.249, 0, P0, 2422 MHz, 12481 MHz, 498.79 W, 600.00 W, 600.00 W, 60, 21715 MiB, 99 %, 5, 16
2026/09/22 01:37:33.500, 0, P0, 2415 MHz, 12481 MHz, 492.60 W, 600.00 W, 600.00 W, 60, 21715 MiB, 99 %, 5, 16
2026/09/22 01:37:33.750, 0, P0, 2415 MHz, 12481 MHz, 453.79 W, 600.00 W, 600.00 W, 56, 21715 MiB, 99 %, 5, 16
2026/09/22 01:37:34.001, 0, P0, 2422 MHz, 12481 MHz, 372.34 W, 600.00 W, 600.00 W, 51, 21715 MiB, 76 %, 5, 16
2026/09/22 01:37:34.251, 0, P0, 2422 MHz, 12481 MHz, 260.61 W, 600.00 W, 600.00 W, 50, 21715 MiB, 0 %, 5, 16
2026/09/22 01:37:34.502, 0, P0, 2422 MHz, 12481 MHz, 179.56 W, 600.00 W, 600.00 W, 49, 21715 MiB, 0 %, 5, 16
2026/09/22 01:37:34.752, 0, P0, 2422 MHz, 12481 MHz, 96.42 W, 600.00 W, 600.00 W, 49, 21715 MiB, 0 %, 5, 16
2026/09/22 01:37:35.002, 0, P0, 2422 MHz, 12481 MHz, 166.42 W, 600.00 W, 600.00 W, 57, 21715 MiB, 15 %, 5, 16
2026/09/22 01:37:35.255, 0, P0, 2422 MHz, 12481 MHz, 295.67 W, 600.00 W, 600.00 W, 60, 21715 MiB, 100 %, 5, 16
2026/09/22 01:37:35.505, 0, P0, 2422 MHz, 12481 MHz, 369.82 W, 600.00 W, 600.00 W, 61, 21715 MiB, 100 %, 5, 16
2026/09/22 01:37:35.756, 0, P0, 2422 MHz, 12481 MHz, 500.85 W, 600.00 W, 600.00 W, 60, 21715 MiB, 100 %, 5, 16
2026/09/22 01:37:36.007, 0, P0, 2422 MHz, 12481 MHz, 507.32 W, 600.00 W, 600.00 W, 61, 21747 MiB, 100 %, 5, 16
2026/09/22 01:37:36.257, 0, P0, 2422 MHz, 12481 MHz, 507.72 W, 600.00 W, 600.00 W, 61, 21747 MiB, 100 %, 5, 16
2026/09/22 01:37:36.508, 0, P0, 2422 MHz, 12481 MHz, 507.85 W, 600.00 W, 600.00 W, 60, 21747 MiB, 100 %, 5, 16
2026/09/22 01:37:36.759, 0, P0, 2422 MHz, 12481 MHz, 508.67 W, 600.00 W, 600.00 W, 61, 21747 MiB, 100 %, 5, 16
2026/09/22 01:37:37.009, 0, P0, 2422 MHz, 12481 MHz, 508.26 W, 600.00 W, 600.00 W, 61, 21747 MiB, 100 %, 5, 16
2026/09/22 01:37:37.259, 0, P0, 2422 MHz, 12481 MHz, 500.16 W, 600.00 W, 600.00 W, 61, 21747 MiB, 99 %, 5, 16
2026/09/22 01:37:37.510, 0, P0, 2422 MHz, 12481 MHz, 493.16 W, 600.00 W, 600.00 W, 61, 21747 MiB, 99 %, 5, 16
2026/09/22 01:37:37.761, 0, P0, 2415 MHz, 12481 MHz, 475.53 W, 600.00 W, 600.00 W, 60, 21747 MiB, 99 %, 5, 16
2026/09/22 01:37:38.011, 0, P0, 2415 MHz, 12481 MHz, 415.33 W, 600.00 W, 600.00 W, 54, 21747 MiB, 98 %, 5, 16
2026/09/22 01:37:38.262, 0, P0, 2422 MHz, 12481 MHz, 296.70 W, 600.00 W, 600.00 W, 51, 21747 MiB, 0 %, 5, 16
2026/09/22 01:37:38.512, 0, P0, 2422 MHz, 12481 MHz, 224.43 W, 600.00 W, 600.00 W, 50, 21747 MiB, 0 %, 5, 16
2026/09/22 01:37:38.762, 0, P0, 2422 MHz, 12481 MHz, 116.24 W, 600.00 W, 600.00 W, 50, 21747 MiB, 0 %, 5, 16
2026/09/22 01:37:39.013, 0, P0, 2422 MHz, 12481 MHz, 134.06 W, 600.00 W, 600.00 W, 54, 21779 MiB, 0 %, 5, 16
2026/09/22 01:37:39.263, 0, P0, 2422 MHz, 12481 MHz, 260.10 W, 600.00 W, 600.00 W, 61, 21779 MiB, 100 %, 5, 16
2026/09/22 01:37:39.514, 0, P0, 2422 MHz, 12481 MHz, 343.82 W, 600.00 W, 600.00 W, 60, 21779 MiB, 100 %, 5, 16
2026/09/22 01:37:39.765, 0, P0, 2422 MHz, 12481 MHz, 470.15 W, 600.00 W, 600.00 W, 61, 21779 MiB, 100 %, 5, 16
2026/09/22 01:37:40.015, 0, P0, 2422 MHz, 12481 MHz, 509.57 W, 600.00 W, 600.00 W, 61, 21939 MiB, 100 %, 5, 16
2026/09/22 01:37:40.266, 0, P0, 2422 MHz, 12481 MHz, 509.67 W, 600.00 W, 600.00 W, 61, 21939 MiB, 100 %, 5, 16
2026/09/22 01:37:40.517, 0, P0, 2422 MHz, 12481 MHz, 509.76 W, 600.00 W, 600.00 W, 62, 21939 MiB, 100 %, 5, 16
2026/09/22 01:37:40.767, 0, P0, 2422 MHz, 12481 MHz, 509.91 W, 600.00 W, 600.00 W, 61, 21939 MiB, 100 %, 5, 16
2026/09/22 01:37:41.018, 0, P0, 2422 MHz, 12481 MHz, 509.94 W, 600.00 W, 600.00 W, 62, 21939 MiB, 100 %, 5, 16
2026/09/22 01:37:41.268, 0, P0, 2422 MHz, 12481 MHz, 504.38 W, 600.00 W, 600.00 W, 61, 21939 MiB, 99 %, 5, 16
2026/09/22 01:37:41.519, 0, P0, 2422 MHz, 12481 MHz, 499.35 W, 600.00 W, 600.00 W, 62, 21939 MiB, 99 %, 5, 16
2026/09/22 01:37:41.769, 0, P0, 2415 MHz, 12481 MHz, 486.20 W, 600.00 W, 600.00 W, 61, 21939 MiB, 99 %, 5, 16
2026/09/22 01:37:42.020, 0, P0, 2415 MHz, 12481 MHz, 468.83 W, 600.00 W, 600.00 W, 61, 21939 MiB, 99 %, 5, 16
2026/09/22 01:37:42.270, 0, P0, 2422 MHz, 12481 MHz, 369.97 W, 600.00 W, 600.00 W, 52, 21939 MiB, 0 %, 5, 16
2026/09/22 01:37:42.521, 0, P0, 2422 MHz, 12481 MHz, 292.72 W, 600.00 W, 600.00 W, 51, 21939 MiB, 0 %, 5, 16
2026/09/22 01:37:42.771, 0, P0, 2422 MHz, 12481 MHz, 180.99 W, 600.00 W, 600.00 W, 51, 21939 MiB, 0 %, 5, 16
2026/09/22 01:37:43.021, 0, P0, 2422 MHz, 12481 MHz, 114.06 W, 600.00 W, 600.00 W, 50, 21939 MiB, 0 %, 5, 16
2026/09/22 01:37:43.272, 0, P0, 2422 MHz, 12481 MHz, 180.14 W, 600.00 W, 600.00 W, 60, 21939 MiB, 100 %, 5, 16
2026/09/22 01:37:43.522, 0, P0, 2422 MHz, 12481 MHz, 259.99 W, 600.00 W, 600.00 W, 62, 21939 MiB, 100 %, 5, 16
2026/09/22 01:37:43.773, 0, P0, 2422 MHz, 12481 MHz, 389.69 W, 600.00 W, 600.00 W, 61, 21939 MiB, 100 %, 5, 16
2026/09/22 01:37:44.023, 0, P0, 2422 MHz, 12481 MHz, 473.67 W, 600.00 W, 600.00 W, 62, 21939 MiB, 100 %, 5, 16
2026/09/22 01:37:44.275, 0, P0, 2422 MHz, 12481 MHz, 509.87 W, 600.00 W, 600.00 W, 62, 21939 MiB, 100 %, 5, 16
2026/09/22 01:37:44.526, 0, P0, 2422 MHz, 12481 MHz, 510.94 W, 600.00 W, 600.00 W, 62, 21939 MiB, 100 %, 5, 16
2026/09/22 01:37:44.777, 0, P0, 2422 MHz, 12481 MHz, 511.16 W, 600.00 W, 600.00 W, 62, 21939 MiB, 100 %, 5, 16
2026/09/22 01:37:45.029, 0, P0, 2422 MHz, 12481 MHz, 511.61 W, 600.00 W, 600.00 W, 62, 21939 MiB, 100 %, 5, 16
2026/09/22 01:37:45.279, 0, P0, 2422 MHz, 12481 MHz, 511.63 W, 600.00 W, 600.00 W, 62, 21939 MiB, 100 %, 5, 16
2026/09/22 01:37:45.530, 0, P0, 2422 MHz, 12481 MHz, 505.80 W, 600.00 W, 600.00 W, 62, 21939 MiB, 99 %, 5, 16
2026/09/22 01:37:45.780, 0, P0, 2415 MHz, 12481 MHz, 496.33 W, 600.00 W, 600.00 W, 62, 21939 MiB, 99 %, 5, 16
2026/09/22 01:37:46.031, 0, P0, 2415 MHz, 12481 MHz, 489.27 W, 600.00 W, 600.00 W, 61, 21939 MiB, 99 %, 5, 16
2026/09/22 01:37:46.282, 0, P0, 2415 MHz, 12481 MHz, 460.99 W, 600.00 W, 600.00 W, 61, 21939 MiB, 98 %, 5, 16
2026/09/22 01:37:46.532, 0, P0, 2422 MHz, 12481 MHz, 408.36 W, 600.00 W, 600.00 W, 56, 21939 MiB, 0 %, 5, 16
2026/09/22 01:37:46.783, 0, P0, 2422 MHz, 12481 MHz, 291.90 W, 600.00 W, 600.00 W, 51, 21939 MiB, 0 %, 5, 16
2026/09/22 01:37:47.033, 0, P0, 2422 MHz, 12481 MHz, 214.48 W, 600.00 W, 600.00 W, 51, 21939 MiB, 0 %, 5, 16
2026/09/22 01:37:47.283, 0, P0, 2422 MHz, 12481 MHz, 120.73 W, 600.00 W, 600.00 W, 50, 0 MiB, 0 %, 5, 16
2026/09/22 01:37:47.544, 0, P0, 2422 MHz, 12481 MHz, 94.59 W, 600.00 W, 600.00 W, 50, 595 MiB, 0 %, 5, 16
2026/09/22 01:37:47.794, 0, P0, 2422 MHz, 12481 MHz, 94.40 W, 600.00 W, 600.00 W, 50, 1459 MiB, 0 %, 5, 16
2026/09/22 01:37:48.044, 0, P0, 2422 MHz, 12481 MHz, 94.80 W, 600.00 W, 600.00 W, 50, 2131 MiB, 16 %, 5, 16
2026/09/22 01:37:48.295, 0, P0, 2422 MHz, 12481 MHz, 94.62 W, 600.00 W, 600.00 W, 49, 2995 MiB, 7 %, 5, 16
2026/09/22 01:37:48.546, 0, P0, 2422 MHz, 12481 MHz, 90.56 W, 600.00 W, 600.00 W, 49, 3795 MiB, 7 %, 5, 16
2026/09/22 01:37:48.796, 0, P0, 2422 MHz, 12481 MHz, 90.48 W, 600.00 W, 600.00 W, 49, 4659 MiB, 7 %, 5, 16
2026/09/22 01:37:49.046, 0, P0, 2422 MHz, 12481 MHz, 90.18 W, 600.00 W, 600.00 W, 49, 5523 MiB, 7 %, 5, 16
2026/09/22 01:37:49.297, 0, P0, 2422 MHz, 12481 MHz, 90.00 W, 600.00 W, 600.00 W, 49, 6419 MiB, 7 %, 5, 16
2026/09/22 01:37:49.548, 0, P0, 2422 MHz, 12481 MHz, 89.90 W, 600.00 W, 600.00 W, 48, 7283 MiB, 6 %, 5, 16
2026/09/22 01:37:49.798, 0, P0, 2422 MHz, 12481 MHz, 89.76 W, 600.00 W, 600.00 W, 48, 8083 MiB, 7 %, 5, 16
2026/09/22 01:37:50.049, 0, P0, 2422 MHz, 12481 MHz, 89.58 W, 600.00 W, 600.00 W, 48, 8947 MiB, 7 %, 5, 16
2026/09/22 01:37:50.299, 0, P0, 2422 MHz, 12481 MHz, 89.54 W, 600.00 W, 600.00 W, 48, 9843 MiB, 7 %, 5, 16
2026/09/22 01:37:50.549, 0, P0, 2422 MHz, 12481 MHz, 89.65 W, 600.00 W, 600.00 W, 48, 10707 MiB, 7 %, 5, 16
2026/09/22 01:37:50.800, 0, P0, 2422 MHz, 12481 MHz, 89.74 W, 600.00 W, 600.00 W, 48, 11571 MiB, 6 %, 5, 16
2026/09/22 01:37:51.050, 0, P0, 2422 MHz, 12481 MHz, 89.76 W, 600.00 W, 600.00 W, 47, 12371 MiB, 7 %, 5, 16
2026/09/22 01:37:51.301, 0, P0, 2422 MHz, 12481 MHz, 89.71 W, 600.00 W, 600.00 W, 47, 13235 MiB, 6 %, 5, 16
2026/09/22 01:37:51.551, 0, P0, 2422 MHz, 12481 MHz, 89.56 W, 600.00 W, 600.00 W, 47, 14099 MiB, 7 %, 5, 16
2026/09/22 01:37:51.802, 0, P0, 2422 MHz, 12481 MHz, 89.39 W, 600.00 W, 600.00 W, 47, 14739 MiB, 6 %, 5, 16
2026/09/22 01:37:52.052, 0, P0, 2422 MHz, 12481 MHz, 88.96 W, 600.00 W, 600.00 W, 47, 14739 MiB, 0 %, 5, 16
2026/09/22 01:37:52.303, 0, P0, 2422 MHz, 12481 MHz, 88.36 W, 600.00 W, 600.00 W, 47, 14739 MiB, 0 %, 5, 16
2026/09/22 01:37:52.553, 0, P0, 2422 MHz, 12481 MHz, 87.95 W, 600.00 W, 600.00 W, 47, 14739 MiB, 0 %, 5, 16
2026/09/22 01:37:52.803, 0, P0, 2422 MHz, 12481 MHz, 87.38 W, 600.00 W, 600.00 W, 47, 14739 MiB, 0 %, 5, 16
2026/09/22 01:37:53.053, 0, P0, 2422 MHz, 12481 MHz, 87.38 W, 600.00 W, 600.00 W, 47, 14739 MiB, 0 %, 5, 16
2026/09/22 01:37:53.304, 0, P0, 2422 MHz, 12481 MHz, 87.38 W, 600.00 W, 600.00 W, 47, 14739 MiB, 0 %, 5, 16
2026/09/22 01:37:53.554, 0, P0, 2422 MHz, 12481 MHz, 127.03 W, 600.00 W, 600.00 W, 46, 18291 MiB, 100 %, 5, 16
2026/09/22 01:37:53.805, 0, P0, 2422 MHz, 12481 MHz, 249.48 W, 600.00 W, 600.00 W, 58, 18291 MiB, 100 %, 5, 16
2026/09/22 01:37:54.056, 0, P0, 2422 MHz, 12481 MHz, 311.34 W, 600.00 W, 600.00 W, 58, 18291 MiB, 100 %, 5, 16
2026/09/22 01:37:54.306, 0, P0, 2422 MHz, 12481 MHz, 307.51 W, 600.00 W, 600.00 W, 53, 18291 MiB, 36 %, 5, 16
2026/09/22 01:37:54.557, 0, P0, 2422 MHz, 12481 MHz, 339.52 W, 600.00 W, 600.00 W, 48, 18291 MiB, 0 %, 5, 16
2026/09/22 01:37:54.807, 0, P0, 2422 MHz, 12481 MHz, 261.32 W, 600.00 W, 600.00 W, 47, 18291 MiB, 0 %, 5, 16
2026/09/22 01:37:55.057, 0, P0, 2422 MHz, 12481 MHz, 153.71 W, 600.00 W, 600.00 W, 47, 18291 MiB, 0 %, 5, 16
2026/09/22 01:37:55.308, 0, P0, 2422 MHz, 12481 MHz, 107.48 W, 600.00 W, 600.00 W, 47, 18291 MiB, 0 %, 5, 16
2026/09/22 01:37:55.558, 0, P0, 2422 MHz, 12481 MHz, 107.09 W, 600.00 W, 600.00 W, 47, 18291 MiB, 0 %, 5, 16
2026/09/22 01:37:55.809, 0, P0, 2422 MHz, 12481 MHz, 142.65 W, 600.00 W, 600.00 W, 52, 18291 MiB, 98 %, 5, 16
2026/09/22 01:37:56.059, 0, P0, 2422 MHz, 12481 MHz, 153.13 W, 600.00 W, 600.00 W, 47, 18291 MiB, 0 %, 5, 16
2026/09/22 01:37:56.310, 0, P0, 2422 MHz, 12481 MHz, 151.91 W, 600.00 W, 600.00 W, 47, 18291 MiB, 0 %, 5, 16
2026/09/22 01:37:56.560, 0, P0, 2422 MHz, 12481 MHz, 192.48 W, 600.00 W, 600.00 W, 50, 18291 MiB, 97 %, 5, 16
2026/09/22 01:37:56.811, 0, P0, 2422 MHz, 12481 MHz, 152.28 W, 600.00 W, 600.00 W, 47, 18291 MiB, 0 %, 5, 16
2026/09/22 01:37:57.061, 0, P0, 2422 MHz, 12481 MHz, 126.49 W, 600.00 W, 600.00 W, 46, 18291 MiB, 0 %, 5, 16
2026/09/22 01:37:57.311, 0, P0, 2422 MHz, 12481 MHz, 127.15 W, 600.00 W, 600.00 W, 46, 18323 MiB, 0 %, 5, 16
2026/09/22 01:37:57.562, 0, P0, 2422 MHz, 12481 MHz, 141.43 W, 600.00 W, 600.00 W, 50, 18451 MiB, 97 %, 5, 16
2026/09/22 01:37:57.812, 0, P0, 2422 MHz, 12481 MHz, 140.31 W, 600.00 W, 600.00 W, 47, 18451 MiB, 0 %, 5, 16
2026/09/22 01:37:58.062, 0, P0, 2422 MHz, 12481 MHz, 154.46 W, 600.00 W, 600.00 W, 49, 18451 MiB, 67 %, 5, 16
2026/09/22 01:37:58.315, 0, P0, 2422 MHz, 12481 MHz, 167.24 W, 600.00 W, 600.00 W, 47, 18451 MiB, 0 %, 5, 16
2026/09/22 01:37:58.565, 0, P0, 2422 MHz, 12481 MHz, 113.09 W, 600.00 W, 600.00 W, 46, 18451 MiB, 0 %, 5, 16
2026/09/22 01:37:58.816, 0, P0, 2422 MHz, 12481 MHz, 112.80 W, 600.00 W, 600.00 W, 46, 18451 MiB, 0 %, 5, 16
2026/09/22 01:37:59.066, 0, P0, 2422 MHz, 12481 MHz, 104.49 W, 600.00 W, 600.00 W, 46, 18451 MiB, 0 %, 5, 16
2026/09/22 01:37:59.316, 0, P0, 2422 MHz, 12481 MHz, 144.37 W, 600.00 W, 600.00 W, 55, 21299 MiB, 100 %, 5, 16
2026/09/22 01:37:59.567, 0, P0, 2422 MHz, 12481 MHz, 269.27 W, 600.00 W, 600.00 W, 58, 21299 MiB, 100 %, 5, 16
2026/09/22 01:37:59.817, 0, P0, 2422 MHz, 12481 MHz, 352.86 W, 600.00 W, 600.00 W, 58, 21299 MiB, 100 %, 5, 16
2026/09/22 01:38:00.068, 0, P0, 2422 MHz, 12481 MHz, 470.34 W, 600.00 W, 600.00 W, 58, 21299 MiB, 100 %, 5, 16
2026/09/22 01:38:00.319, 0, P0, 2422 MHz, 12481 MHz, 504.88 W, 600.00 W, 600.00 W, 59, 21331 MiB, 100 %, 5, 16
2026/09/22 01:38:00.569, 0, P0, 2422 MHz, 12481 MHz, 505.40 W, 600.00 W, 600.00 W, 59, 21331 MiB, 100 %, 5, 16
2026/09/22 01:38:00.820, 0, P0, 2422 MHz, 12481 MHz, 505.81 W, 600.00 W, 600.00 W, 59, 21331 MiB, 100 %, 5, 16
2026/09/22 01:38:01.070, 0, P0, 2422 MHz, 12481 MHz, 505.86 W, 600.00 W, 600.00 W, 58, 21331 MiB, 100 %, 5, 16
2026/09/22 01:38:01.320, 0, P0, 2422 MHz, 12481 MHz, 505.40 W, 600.00 W, 600.00 W, 60, 21331 MiB, 100 %, 5, 16
2026/09/22 01:38:01.571, 0, P0, 2422 MHz, 12481 MHz, 499.07 W, 600.00 W, 600.00 W, 59, 21331 MiB, 99 %, 5, 16
2026/09/22 01:38:01.822, 0, P0, 2422 MHz, 12481 MHz, 468.68 W, 600.00 W, 600.00 W, 53, 21331 MiB, 99 %, 5, 16
2026/09/22 01:38:02.072, 0, P0, 2422 MHz, 12481 MHz, 361.44 W, 600.00 W, 600.00 W, 49, 21331 MiB, 0 %, 5, 16
2026/09/22 01:38:02.322, 0, P0, 2422 MHz, 12481 MHz, 282.87 W, 600.00 W, 600.00 W, 48, 21331 MiB, 0 %, 5, 16
2026/09/22 01:38:02.573, 0, P0, 2422 MHz, 12481 MHz, 165.12 W, 600.00 W, 600.00 W, 48, 21331 MiB, 0 %, 5, 16
2026/09/22 01:38:02.823, 0, P0, 2422 MHz, 12481 MHz, 110.41 W, 600.00 W, 600.00 W, 48, 21331 MiB, 0 %, 5, 16
2026/09/22 01:38:03.074, 0, P0, 2422 MHz, 12481 MHz, 144.46 W, 600.00 W, 600.00 W, 52, 21331 MiB, 98 %, 5, 16
2026/09/22 01:38:03.324, 0, P0, 2415 MHz, 12481 MHz, 171.04 W, 600.00 W, 600.00 W, 49, 21331 MiB, 0 %, 5, 16
2026/09/22 01:38:03.575, 0, P0, 2422 MHz, 12481 MHz, 171.12 W, 600.00 W, 600.00 W, 48, 21331 MiB, 0 %, 5, 16
2026/09/22 01:38:03.825, 0, P0, 2422 MHz, 12481 MHz, 169.44 W, 600.00 W, 600.00 W, 47, 21331 MiB, 0 %, 5, 16
2026/09/22 01:38:04.075, 0, P0, 2422 MHz, 12481 MHz, 117.34 W, 600.00 W, 600.00 W, 47, 21331 MiB, 0 %, 5, 16
2026/09/22 01:38:04.326, 0, P0, 2422 MHz, 12481 MHz, 115.29 W, 600.00 W, 600.00 W, 54, 21331 MiB, 99 %, 5, 16
2026/09/22 01:38:04.576, 0, P0, 2415 MHz, 12481 MHz, 171.61 W, 600.00 W, 600.00 W, 49, 21331 MiB, 97 %, 5, 16
2026/09/22 01:38:04.827, 0, P0, 2422 MHz, 12481 MHz, 171.89 W, 600.00 W, 600.00 W, 47, 21331 MiB, 0 %, 5, 16
2026/09/22 01:38:05.077, 0, P0, 2422 MHz, 12481 MHz, 171.78 W, 600.00 W, 600.00 W, 47, 21331 MiB, 0 %, 5, 16
2026/09/22 01:38:05.327, 0, P0, 2422 MHz, 12481 MHz, 149.11 W, 600.00 W, 600.00 W, 47, 21331 MiB, 0 %, 5, 16
2026/09/22 01:38:05.578, 0, P0, 2422 MHz, 12481 MHz, 110.13 W, 600.00 W, 600.00 W, 53, 21331 MiB, 0 %, 5, 16
2026/09/22 01:38:05.828, 0, P0, 2422 MHz, 12481 MHz, 154.60 W, 600.00 W, 600.00 W, 51, 21331 MiB, 98 %, 5, 16
2026/09/22 01:38:06.079, 0, P0, 2422 MHz, 12481 MHz, 169.97 W, 600.00 W, 600.00 W, 47, 21331 MiB, 0 %, 5, 16
2026/09/22 01:38:06.329, 0, P0, 2422 MHz, 12481 MHz, 168.40 W, 600.00 W, 600.00 W, 47, 21331 MiB, 0 %, 5, 16
2026/09/22 01:38:06.579, 0, P0, 2422 MHz, 12481 MHz, 152.01 W, 600.00 W, 600.00 W, 47, 21331 MiB, 0 %, 5, 16
2026/09/22 01:38:06.830, 0, P0, 2422 MHz, 12481 MHz, 101.64 W, 600.00 W, 600.00 W, 46, 21331 MiB, 0 %, 5, 16
2026/09/22 01:38:07.080, 0, P0, 2422 MHz, 12481 MHz, 153.54 W, 600.00 W, 600.00 W, 51, 21331 MiB, 97 %, 5, 16
2026/09/22 01:38:07.331, 0, P0, 2415 MHz, 12481 MHz, 156.37 W, 600.00 W, 600.00 W, 47, 21331 MiB, 0 %, 5, 16
2026/09/22 01:38:07.581, 0, P0, 2422 MHz, 12481 MHz, 155.06 W, 600.00 W, 600.00 W, 46, 21331 MiB, 0 %, 5, 16
2026/09/22 01:38:07.831, 0, P0, 2422 MHz, 12481 MHz, 155.02 W, 600.00 W, 600.00 W, 46, 21331 MiB, 0 %, 5, 16
2026/09/22 01:38:08.082, 0, P0, 2422 MHz, 12481 MHz, 95.07 W, 600.00 W, 600.00 W, 46, 21331 MiB, 0 %, 5, 16
2026/09/22 01:38:08.333, 0, P0, 2422 MHz, 12481 MHz, 128.87 W, 600.00 W, 600.00 W, 50, 21331 MiB, 98 %, 5, 16
2026/09/22 01:38:08.584, 0, P0, 2415 MHz, 12481 MHz, 159.85 W, 600.00 W, 600.00 W, 47, 21331 MiB, 36 %, 5, 16
2026/09/22 01:38:08.834, 0, P0, 2422 MHz, 12481 MHz, 159.94 W, 600.00 W, 600.00 W, 46, 21331 MiB, 0 %, 5, 16
2026/09/22 01:38:09.084, 0, P0, 2422 MHz, 12481 MHz, 159.89 W, 600.00 W, 600.00 W, 46, 21331 MiB, 0 %, 5, 16
2026/09/22 01:38:09.335, 0, P0, 2422 MHz, 12481 MHz, 120.09 W, 600.00 W, 600.00 W, 46, 21331 MiB, 0 %, 5, 16
2026/09/22 01:38:09.585, 0, P0, 2422 MHz, 12481 MHz, 134.74 W, 600.00 W, 600.00 W, 51, 21331 MiB, 59 %, 5, 16
2026/09/22 01:38:09.836, 0, P0, 2415 MHz, 12481 MHz, 171.01 W, 600.00 W, 600.00 W, 49, 21331 MiB, 98 %, 5, 16
2026/09/22 01:38:10.086, 0, P0, 2422 MHz, 12481 MHz, 169.79 W, 600.00 W, 600.00 W, 46, 21331 MiB, 0 %, 5, 16
2026/09/22 01:38:10.336, 0, P0, 2422 MHz, 12481 MHz, 171.35 W, 600.00 W, 600.00 W, 46, 21331 MiB, 0 %, 5, 16
2026/09/22 01:38:10.587, 0, P0, 2422 MHz, 12481 MHz, 126.45 W, 600.00 W, 600.00 W, 46, 21331 MiB, 0 %, 5, 16
2026/09/22 01:38:10.837, 0, P0, 2422 MHz, 12481 MHz, 96.88 W, 600.00 W, 600.00 W, 49, 21331 MiB, 0 %, 5, 16
2026/09/22 01:38:11.087, 0, P0, 2422 MHz, 12481 MHz, 167.78 W, 600.00 W, 600.00 W, 50, 21331 MiB, 97 %, 5, 16
2026/09/22 01:38:11.338, 0, P0, 2422 MHz, 12481 MHz, 169.61 W, 600.00 W, 600.00 W, 46, 21331 MiB, 0 %, 5, 16
2026/09/22 01:38:11.588, 0, P0, 2422 MHz, 12481 MHz, 171.36 W, 600.00 W, 600.00 W, 46, 21331 MiB, 0 %, 5, 16
2026/09/22 01:38:11.838, 0, P0, 2422 MHz, 12481 MHz, 165.91 W, 600.00 W, 600.00 W, 46, 21331 MiB, 0 %, 5, 16
2026/09/22 01:38:12.089, 0, P0, 2422 MHz, 12481 MHz, 88.89 W, 600.00 W, 600.00 W, 46, 21331 MiB, 0 %, 5, 16
2026/09/22 01:38:12.339, 0, P0, 2422 MHz, 12481 MHz, 90.00 W, 600.00 W, 600.00 W, 46, 0 MiB, 27 %, 5, 16
2026/09/22 01:38:12.590, 0, P0, 2422 MHz, 12481 MHz, 91.43 W, 600.00 W, 600.00 W, 46, 593 MiB, 0 %, 5, 16
2026/09/22 01:38:12.840, 0, P0, 2422 MHz, 12481 MHz, 91.55 W, 600.00 W, 600.00 W, 45, 595 MiB, 2 %, 5, 16
2026/09/22 01:38:13.090, 0, P0, 2422 MHz, 12481 MHz, 92.13 W, 600.00 W, 600.00 W, 45, 1907 MiB, 7 %, 5, 16
2026/09/22 01:38:13.341, 0, P0, 2422 MHz, 12481 MHz, 89.39 W, 600.00 W, 600.00 W, 45, 2835 MiB, 8 %, 5, 16
2026/09/22 01:38:13.591, 0, P0, 2422 MHz, 12481 MHz, 88.40 W, 600.00 W, 600.00 W, 45, 3763 MiB, 7 %, 5, 16
2026/09/22 01:38:13.842, 0, P0, 2422 MHz, 12481 MHz, 88.24 W, 600.00 W, 600.00 W, 45, 4627 MiB, 7 %, 5, 16
2026/09/22 01:38:14.092, 0, P0, 2422 MHz, 12481 MHz, 88.06 W, 600.00 W, 600.00 W, 45, 5523 MiB, 7 %, 5, 16
2026/09/22 01:38:14.342, 0, P0, 2422 MHz, 12481 MHz, 87.97 W, 600.00 W, 600.00 W, 45, 6451 MiB, 6 %, 5, 16
2026/09/22 01:38:14.593, 0, P0, 2422 MHz, 12481 MHz, 87.85 W, 600.00 W, 600.00 W, 45, 7315 MiB, 8 %, 5, 16
2026/09/22 01:38:14.844, 0, P0, 2422 MHz, 12481 MHz, 87.86 W, 600.00 W, 600.00 W, 45, 8307 MiB, 6 %, 5, 16
2026/09/22 01:38:15.094, 0, P0, 2422 MHz, 12481 MHz, 87.89 W, 600.00 W, 600.00 W, 45, 9171 MiB, 7 %, 5, 16
2026/09/22 01:38:15.344, 0, P0, 2422 MHz, 12481 MHz, 87.84 W, 600.00 W, 600.00 W, 45, 10099 MiB, 7 %, 5, 16
2026/09/22 01:38:15.595, 0, P0, 2422 MHz, 12481 MHz, 87.86 W, 600.00 W, 600.00 W, 45, 10963 MiB, 7 %, 5, 16
2026/09/22 01:38:15.845, 0, P0, 2422 MHz, 12481 MHz, 87.78 W, 600.00 W, 600.00 W, 45, 11859 MiB, 7 %, 5, 16
2026/09/22 01:38:16.096, 0, P0, 2422 MHz, 12481 MHz, 87.66 W, 600.00 W, 600.00 W, 44, 12755 MiB, 7 %, 5, 16
2026/09/22 01:38:16.346, 0, P0, 2422 MHz, 12481 MHz, 87.78 W, 600.00 W, 600.00 W, 44, 13619 MiB, 7 %, 5, 16
2026/09/22 01:38:16.597, 0, P0, 2422 MHz, 12481 MHz, 87.62 W, 600.00 W, 600.00 W, 44, 14483 MiB, 8 %, 5, 16
2026/09/22 01:38:16.847, 0, P0, 2422 MHz, 12481 MHz, 87.44 W, 600.00 W, 600.00 W, 44, 14739 MiB, 7 %, 5, 16
2026/09/22 01:38:17.098, 0, P0, 2422 MHz, 12481 MHz, 87.34 W, 600.00 W, 600.00 W, 44, 14739 MiB, 0 %, 5, 16
2026/09/22 01:38:17.348, 0, P0, 2422 MHz, 12481 MHz, 87.37 W, 600.00 W, 600.00 W, 44, 14739 MiB, 0 %, 5, 16
2026/09/22 01:38:17.598, 0, P0, 2422 MHz, 12481 MHz, 87.61 W, 600.00 W, 600.00 W, 44, 14739 MiB, 0 %, 5, 16
2026/09/22 01:38:17.849, 0, P0, 2422 MHz, 12481 MHz, 87.70 W, 600.00 W, 600.00 W, 44, 14739 MiB, 0 %, 5, 16
2026/09/22 01:38:18.099, 0, P0, 2422 MHz, 12481 MHz, 87.70 W, 600.00 W, 600.00 W, 44, 14739 MiB, 0 %, 5, 16
2026/09/22 01:38:18.349, 0, P0, 2422 MHz, 12481 MHz, 87.70 W, 600.00 W, 600.00 W, 44, 14739 MiB, 0 %, 5, 16
2026/09/22 01:38:18.599, 0, P0, 2422 MHz, 12481 MHz, 125.82 W, 600.00 W, 600.00 W, 52, 18323 MiB, 49 %, 5, 16
2026/09/22 01:38:18.850, 0, P0, 2422 MHz, 12481 MHz, 197.65 W, 600.00 W, 600.00 W, 55, 18323 MiB, 100 %, 5, 16
2026/09/22 01:38:19.101, 0, P0, 2422 MHz, 12481 MHz, 262.86 W, 600.00 W, 600.00 W, 56, 18323 MiB, 100 %, 5, 16
2026/09/22 01:38:19.351, 0, P0, 2422 MHz, 12481 MHz, 283.07 W, 600.00 W, 600.00 W, 50, 18323 MiB, 81 %, 5, 16
2026/09/22 01:38:19.601, 0, P0, 2422 MHz, 12481 MHz, 365.50 W, 600.00 W, 600.00 W, 46, 18323 MiB, 0 %, 5, 16
2026/09/22 01:38:19.852, 0, P0, 2422 MHz, 12481 MHz, 292.18 W, 600.00 W, 600.00 W, 48, 18579 MiB, 0 %, 5, 16
2026/09/22 01:38:20.102, 0, P0, 2422 MHz, 12481 MHz, 292.73 W, 600.00 W, 600.00 W, 56, 18579 MiB, 100 %, 5, 16
2026/09/22 01:38:20.354, 0, P0, 2422 MHz, 12481 MHz, 300.57 W, 600.00 W, 600.00 W, 57, 18579 MiB, 100 %, 5, 16
2026/09/22 01:38:20.605, 0, P0, 2422 MHz, 12481 MHz, 401.23 W, 600.00 W, 600.00 W, 49, 18579 MiB, 100 %, 5, 16
2026/09/22 01:38:20.855, 0, P0, 2422 MHz, 12481 MHz, 393.96 W, 600.00 W, 600.00 W, 47, 18579 MiB, 0 %, 5, 16
2026/09/22 01:38:21.105, 0, P0, 2422 MHz, 12481 MHz, 272.93 W, 600.00 W, 600.00 W, 46, 18579 MiB, 0 %, 5, 16
2026/09/22 01:38:21.356, 0, P0, 2422 MHz, 12481 MHz, 193.12 W, 600.00 W, 600.00 W, 46, 19283 MiB, 0 %, 5, 16
2026/09/22 01:38:21.606, 0, P0, 2422 MHz, 12481 MHz, 206.27 W, 600.00 W, 600.00 W, 56, 19283 MiB, 100 %, 5, 16
2026/09/22 01:38:21.857, 0, P0, 2422 MHz, 12481 MHz, 288.61 W, 600.00 W, 600.00 W, 57, 19283 MiB, 100 %, 5, 16
2026/09/22 01:38:22.107, 0, P0, 2422 MHz, 12481 MHz, 410.12 W, 600.00 W, 600.00 W, 58, 19283 MiB, 100 %, 5, 16
2026/09/22 01:38:22.358, 0, P0, 2422 MHz, 12481 MHz, 446.57 W, 600.00 W, 600.00 W, 49, 19283 MiB, 45 %, 5, 16
2026/09/22 01:38:22.608, 0, P0, 2422 MHz, 12481 MHz, 327.73 W, 600.00 W, 600.00 W, 47, 19283 MiB, 0 %, 5, 16
2026/09/22 01:38:22.859, 0, P0, 2422 MHz, 12481 MHz, 269.93 W, 600.00 W, 600.00 W, 53, 19283 MiB, 0 %, 5, 16
2026/09/22 01:38:23.109, 0, P0, 2422 MHz, 12481 MHz, 274.46 W, 600.00 W, 600.00 W, 56, 19283 MiB, 100 %, 5, 16
2026/09/22 01:38:23.360, 0, P0, 2422 MHz, 12481 MHz, 308.30 W, 600.00 W, 600.00 W, 57, 19283 MiB, 100 %, 5, 16
2026/09/22 01:38:23.610, 0, P0, 2422 MHz, 12481 MHz, 428.29 W, 600.00 W, 600.00 W, 55, 19283 MiB, 100 %, 5, 16
2026/09/22 01:38:23.861, 0, P0, 2422 MHz, 12481 MHz, 427.90 W, 600.00 W, 600.00 W, 48, 19283 MiB, 88 %, 5, 16
2026/09/22 01:38:24.112, 0, P0, 2422 MHz, 12481 MHz, 305.11 W, 600.00 W, 600.00 W, 47, 19283 MiB, 0 %, 5, 16
2026/09/22 01:38:24.362, 0, P0, 2422 MHz, 12481 MHz, 224.60 W, 600.00 W, 600.00 W, 47, 19283 MiB, 0 %, 5, 16
2026/09/22 01:38:24.612, 0, P0, 2422 MHz, 12481 MHz, 177.02 W, 600.00 W, 600.00 W, 55, 19411 MiB, 54 %, 5, 16
2026/09/22 01:38:24.863, 0, P0, 2422 MHz, 12481 MHz, 236.04 W, 600.00 W, 600.00 W, 58, 19411 MiB, 100 %, 5, 16
2026/09/22 01:38:25.113, 0, P0, 2422 MHz, 12481 MHz, 352.29 W, 600.00 W, 600.00 W, 58, 19411 MiB, 100 %, 5, 16
2026/09/22 01:38:25.364, 0, P0, 2422 MHz, 12481 MHz, 431.67 W, 600.00 W, 600.00 W, 57, 19411 MiB, 100 %, 5, 16
2026/09/22 01:38:25.615, 0, P0, 2422 MHz, 12481 MHz, 402.82 W, 600.00 W, 600.00 W, 48, 19411 MiB, 19 %, 5, 16
2026/09/22 01:38:25.865, 0, P0, 2422 MHz, 12481 MHz, 317.99 W, 600.00 W, 600.00 W, 47, 19411 MiB, 0 %, 5, 16
2026/09/22 01:38:26.116, 0, P0, 2422 MHz, 12481 MHz, 271.58 W, 600.00 W, 600.00 W, 57, 19411 MiB, 100 %, 5, 16
2026/09/22 01:38:26.366, 0, P0, 2422 MHz, 12481 MHz, 275.88 W, 600.00 W, 600.00 W, 58, 19411 MiB, 100 %, 5, 16
2026/09/22 01:38:26.616, 0, P0, 2422 MHz, 12481 MHz, 367.80 W, 600.00 W, 600.00 W, 59, 19411 MiB, 100 %, 5, 16
2026/09/22 01:38:26.867, 0, P0, 2422 MHz, 12481 MHz, 437.53 W, 600.00 W, 600.00 W, 56, 19411 MiB, 100 %, 5, 16
2026/09/22 01:38:27.117, 0, P0, 2422 MHz, 12481 MHz, 394.14 W, 600.00 W, 600.00 W, 49, 19411 MiB, 0 %, 5, 16
2026/09/22 01:38:27.368, 0, P0, 2422 MHz, 12481 MHz, 310.37 W, 600.00 W, 600.00 W, 48, 19411 MiB, 0 %, 5, 16
2026/09/22 01:38:27.618, 0, P0, 2422 MHz, 12481 MHz, 193.11 W, 600.00 W, 600.00 W, 48, 19411 MiB, 0 %, 5, 16
2026/09/22 01:38:27.868, 0, P0, 2422 MHz, 12481 MHz, 115.03 W, 600.00 W, 600.00 W, 47, 20691 MiB, 0 %, 5, 16
2026/09/22 01:38:28.119, 0, P0, 2422 MHz, 12481 MHz, 174.37 W, 600.00 W, 600.00 W, 58, 20691 MiB, 100 %, 5, 16
2026/09/22 01:38:28.370, 0, P0, 2422 MHz, 12481 MHz, 253.82 W, 600.00 W, 600.00 W, 58, 20691 MiB, 100 %, 5, 16
2026/09/22 01:38:28.620, 0, P0, 2422 MHz, 12481 MHz, 382.38 W, 600.00 W, 600.00 W, 59, 20691 MiB, 100 %, 5, 16
2026/09/22 01:38:28.871, 0, P0, 2422 MHz, 12481 MHz, 466.71 W, 600.00 W, 600.00 W, 60, 20691 MiB, 100 %, 5, 16
2026/09/22 01:38:29.122, 0, P0, 2422 MHz, 12481 MHz, 505.86 W, 600.00 W, 600.00 W, 60, 20755 MiB, 100 %, 5, 16
2026/09/22 01:38:29.373, 0, P0, 2422 MHz, 12481 MHz, 506.49 W, 600.00 W, 600.00 W, 60, 20755 MiB, 100 %, 5, 16
2026/09/22 01:38:29.624, 0, P0, 2422 MHz, 12481 MHz, 507.04 W, 600.00 W, 600.00 W, 60, 20755 MiB, 100 %, 5, 16
2026/09/22 01:38:29.874, 0, P0, 2422 MHz, 12481 MHz, 506.59 W, 600.00 W, 600.00 W, 59, 20755 MiB, 100 %, 5, 16
2026/09/22 01:38:30.126, 0, P0, 2422 MHz, 12481 MHz, 506.66 W, 600.00 W, 600.00 W, 59, 20755 MiB, 100 %, 5, 16
2026/09/22 01:38:30.376, 0, P0, 2422 MHz, 12481 MHz, 501.15 W, 600.00 W, 600.00 W, 60, 20755 MiB, 99 %, 5, 16
2026/09/22 01:38:30.627, 0, P0, 2422 MHz, 12481 MHz, 446.91 W, 600.00 W, 600.00 W, 51, 20755 MiB, 97 %, 5, 16
2026/09/22 01:38:30.878, 0, P0, 2422 MHz, 12481 MHz, 366.46 W, 600.00 W, 600.00 W, 50, 20755 MiB, 0 %, 5, 16
2026/09/22 01:38:31.128, 0, P0, 2422 MHz, 12481 MHz, 243.95 W, 600.00 W, 600.00 W, 49, 20755 MiB, 0 %, 5, 16
2026/09/22 01:38:31.378, 0, P0, 2422 MHz, 12481 MHz, 166.98 W, 600.00 W, 600.00 W, 49, 20755 MiB, 0 %, 5, 16
2026/09/22 01:38:31.629, 0, P0, 2422 MHz, 12481 MHz, 117.23 W, 600.00 W, 600.00 W, 56, 20979 MiB, 0 %, 5, 16
2026/09/22 01:38:31.879, 0, P0, 2422 MHz, 12481 MHz, 239.61 W, 600.00 W, 600.00 W, 59, 20979 MiB, 100 %, 5, 16
2026/09/22 01:38:32.131, 0, P0, 2422 MHz, 12481 MHz, 326.44 W, 600.00 W, 600.00 W, 59, 20979 MiB, 100 %, 5, 16
2026/09/22 01:38:32.382, 0, P0, 2422 MHz, 12481 MHz, 452.26 W, 600.00 W, 600.00 W, 60, 20979 MiB, 100 %, 5, 16
2026/09/22 01:38:32.632, 0, P0, 2422 MHz, 12481 MHz, 507.15 W, 600.00 W, 600.00 W, 61, 21011 MiB, 100 %, 5, 16
2026/09/22 01:38:32.883, 0, P0, 2422 MHz, 12481 MHz, 507.05 W, 600.00 W, 600.00 W, 60, 21011 MiB, 100 %, 5, 16
2026/09/22 01:38:33.133, 0, P0, 2422 MHz, 12481 MHz, 506.40 W, 600.00 W, 600.00 W, 60, 21011 MiB, 100 %, 5, 16
2026/09/22 01:38:33.384, 0, P0, 2422 MHz, 12481 MHz, 506.04 W, 600.00 W, 600.00 W, 61, 21011 MiB, 100 %, 5, 16
2026/09/22 01:38:33.634, 0, P0, 2422 MHz, 12481 MHz, 506.39 W, 600.00 W, 600.00 W, 61, 21011 MiB, 100 %, 5, 16
2026/09/22 01:38:33.886, 0, P0, 2422 MHz, 12481 MHz, 502.95 W, 600.00 W, 600.00 W, 60, 21011 MiB, 99 %, 5, 16
2026/09/22 01:38:34.137, 0, P0, 2422 MHz, 12481 MHz, 494.83 W, 600.00 W, 600.00 W, 59, 21011 MiB, 99 %, 5, 16
2026/09/22 01:38:34.387, 0, P0, 2422 MHz, 12481 MHz, 422.44 W, 600.00 W, 600.00 W, 51, 21011 MiB, 97 %, 5, 16
2026/09/22 01:38:34.637, 0, P0, 2422 MHz, 12481 MHz, 342.63 W, 600.00 W, 600.00 W, 50, 21011 MiB, 0 %, 5, 16
2026/09/22 01:38:34.888, 0, P0, 2422 MHz, 12481 MHz, 217.75 W, 600.00 W, 600.00 W, 49, 21011 MiB, 0 %, 5, 16
2026/09/22 01:38:35.138, 0, P0, 2422 MHz, 12481 MHz, 147.76 W, 600.00 W, 600.00 W, 49, 21011 MiB, 0 %, 5, 16
2026/09/22 01:38:35.388, 0, P0, 2422 MHz, 12481 MHz, 130.05 W, 600.00 W, 600.00 W, 57, 21555 MiB, 0 %, 5, 16
2026/09/22 01:38:35.639, 0, P0, 2422 MHz, 12481 MHz, 221.54 W, 600.00 W, 600.00 W, 60, 21555 MiB, 100 %, 5, 16
2026/09/22 01:38:35.890, 0, P0, 2422 MHz, 12481 MHz, 346.96 W, 600.00 W, 600.00 W, 60, 21555 MiB, 100 %, 5, 16
2026/09/22 01:38:36.140, 0, P0, 2422 MHz, 12481 MHz, 431.12 W, 600.00 W, 600.00 W, 61, 21555 MiB, 100 %, 5, 16
2026/09/22 01:38:36.392, 0, P0, 2422 MHz, 12481 MHz, 507.79 W, 600.00 W, 600.00 W, 61, 21651 MiB, 100 %, 5, 16
2026/09/22 01:38:36.643, 0, P0, 2422 MHz, 12481 MHz, 507.96 W, 600.00 W, 600.00 W, 61, 21651 MiB, 100 %, 5, 16
2026/09/22 01:38:36.893, 0, P0, 2422 MHz, 12481 MHz, 507.93 W, 600.00 W, 600.00 W, 61, 21651 MiB, 100 %, 5, 16
2026/09/22 01:38:37.144, 0, P0, 2422 MHz, 12481 MHz, 507.15 W, 600.00 W, 600.00 W, 61, 21651 MiB, 100 %, 5, 16
2026/09/22 01:38:37.394, 0, P0, 2422 MHz, 12481 MHz, 508.00 W, 600.00 W, 600.00 W, 61, 21651 MiB, 100 %, 5, 16
2026/09/22 01:38:37.645, 0, P0, 2422 MHz, 12481 MHz, 505.28 W, 600.00 W, 600.00 W, 61, 21651 MiB, 100 %, 5, 16
2026/09/22 01:38:37.895, 0, P0, 2415 MHz, 12481 MHz, 489.01 W, 600.00 W, 600.00 W, 60, 21651 MiB, 99 %, 5, 16
2026/09/22 01:38:38.146, 0, P0, 2415 MHz, 12481 MHz, 463.17 W, 600.00 W, 600.00 W, 56, 21651 MiB, 98 %, 5, 16
2026/09/22 01:38:38.396, 0, P0, 2422 MHz, 12481 MHz, 347.91 W, 600.00 W, 600.00 W, 51, 21651 MiB, 0 %, 5, 16
2026/09/22 01:38:38.647, 0, P0, 2422 MHz, 12481 MHz, 263.50 W, 600.00 W, 600.00 W, 50, 21651 MiB, 0 %, 5, 16
2026/09/22 01:38:38.897, 0, P0, 2422 MHz, 12481 MHz, 155.08 W, 600.00 W, 600.00 W, 50, 21651 MiB, 0 %, 5, 16
2026/09/22 01:38:39.147, 0, P0, 2422 MHz, 12481 MHz, 101.38 W, 600.00 W, 600.00 W, 49, 21651 MiB, 0 %, 5, 16
2026/09/22 01:38:39.398, 0, P0, 2422 MHz, 12481 MHz, 201.01 W, 600.00 W, 600.00 W, 59, 21651 MiB, 100 %, 5, 16
2026/09/22 01:38:39.648, 0, P0, 2422 MHz, 12481 MHz, 280.75 W, 600.00 W, 600.00 W, 61, 21651 MiB, 100 %, 5, 16
2026/09/22 01:38:39.898, 0, P0, 2422 MHz, 12481 MHz, 411.15 W, 600.00 W, 600.00 W, 60, 21651 MiB, 100 %, 5, 16
2026/09/22 01:38:40.149, 0, P0, 2422 MHz, 12481 MHz, 495.40 W, 600.00 W, 600.00 W, 61, 21651 MiB, 100 %, 5, 16
2026/09/22 01:38:40.400, 0, P0, 2422 MHz, 12481 MHz, 510.49 W, 600.00 W, 600.00 W, 60, 21651 MiB, 100 %, 5, 16
2026/09/22 01:38:40.651, 0, P0, 2422 MHz, 12481 MHz, 510.63 W, 600.00 W, 600.00 W, 62, 21651 MiB, 100 %, 5, 16
2026/09/22 01:38:40.901, 0, P0, 2422 MHz, 12481 MHz, 510.82 W, 600.00 W, 600.00 W, 61, 21651 MiB, 100 %, 5, 16
2026/09/22 01:38:41.153, 0, P0, 2422 MHz, 12481 MHz, 511.22 W, 600.00 W, 600.00 W, 62, 21651 MiB, 100 %, 5, 16
2026/09/22 01:38:41.403, 0, P0, 2422 MHz, 12481 MHz, 509.00 W, 600.00 W, 600.00 W, 61, 21651 MiB, 100 %, 5, 16
2026/09/22 01:38:41.654, 0, P0, 2415 MHz, 12481 MHz, 501.97 W, 600.00 W, 600.00 W, 61, 21651 MiB, 99 %, 5, 16
2026/09/22 01:38:41.904, 0, P0, 2415 MHz, 12481 MHz, 490.20 W, 600.00 W, 600.00 W, 61, 21651 MiB, 99 %, 5, 16
2026/09/22 01:38:42.155, 0, P0, 2422 MHz, 12481 MHz, 440.14 W, 600.00 W, 600.00 W, 53, 21651 MiB, 63 %, 5, 16
2026/09/22 01:38:42.405, 0, P0, 2422 MHz, 12481 MHz, 320.44 W, 600.00 W, 600.00 W, 51, 21651 MiB, 0 %, 5, 16
2026/09/22 01:38:42.656, 0, P0, 2422 MHz, 12481 MHz, 245.02 W, 600.00 W, 600.00 W, 50, 21651 MiB, 0 %, 5, 16
2026/09/22 01:38:42.906, 0, P0, 2422 MHz, 12481 MHz, 132.31 W, 600.00 W, 600.00 W, 50, 21651 MiB, 0 %, 5, 16
2026/09/22 01:38:43.156, 0, P0, 2422 MHz, 12481 MHz, 112.71 W, 600.00 W, 600.00 W, 55, 21715 MiB, 29 %, 5, 16
2026/09/22 01:38:43.407, 0, P0, 2422 MHz, 12481 MHz, 238.42 W, 600.00 W, 600.00 W, 60, 21715 MiB, 100 %, 5, 16
2026/09/22 01:38:43.657, 0, P0, 2422 MHz, 12481 MHz, 322.86 W, 600.00 W, 600.00 W, 61, 21715 MiB, 100 %, 5, 16
2026/09/22 01:38:43.908, 0, P0, 2422 MHz, 12481 MHz, 449.29 W, 600.00 W, 600.00 W, 60, 21715 MiB, 100 %, 5, 16
2026/09/22 01:38:44.158, 0, P0, 2422 MHz, 12481 MHz, 510.36 W, 600.00 W, 600.00 W, 61, 21715 MiB, 100 %, 5, 16
2026/09/22 01:38:44.409, 0, P0, 2422 MHz, 12481 MHz, 510.79 W, 600.00 W, 600.00 W, 62, 21715 MiB, 100 %, 5, 16
2026/09/22 01:38:44.659, 0, P0, 2422 MHz, 12481 MHz, 510.62 W, 600.00 W, 600.00 W, 62, 21715 MiB, 100 %, 5, 16
2026/09/22 01:38:44.910, 0, P0, 2422 MHz, 12481 MHz, 510.41 W, 600.00 W, 600.00 W, 62, 21715 MiB, 100 %, 5, 16
2026/09/22 01:38:45.160, 0, P0, 2422 MHz, 12481 MHz, 510.81 W, 600.00 W, 600.00 W, 62, 21715 MiB, 100 %, 5, 16
2026/09/22 01:38:45.411, 0, P0, 2422 MHz, 12481 MHz, 506.69 W, 600.00 W, 600.00 W, 62, 21715 MiB, 100 %, 5, 16
2026/09/22 01:38:45.661, 0, P0, 2422 MHz, 12481 MHz, 501.66 W, 600.00 W, 600.00 W, 61, 21715 MiB, 99 %, 5, 16
2026/09/22 01:38:45.912, 0, P0, 2415 MHz, 12481 MHz, 486.21 W, 600.00 W, 600.00 W, 60, 21715 MiB, 99 %, 5, 16
2026/09/22 01:38:46.162, 0, P0, 2415 MHz, 12481 MHz, 447.74 W, 600.00 W, 600.00 W, 56, 21715 MiB, 97 %, 5, 16
2026/09/22 01:38:46.413, 0, P0, 2422 MHz, 12481 MHz, 329.88 W, 600.00 W, 600.00 W, 51, 21715 MiB, 0 %, 5, 16
2026/09/22 01:38:46.663, 0, P0, 2422 MHz, 12481 MHz, 248.09 W, 600.00 W, 600.00 W, 51, 21715 MiB, 0 %, 5, 16
2026/09/22 01:38:46.913, 0, P0, 2422 MHz, 12481 MHz, 140.90 W, 600.00 W, 600.00 W, 50, 21715 MiB, 0 %, 5, 16
2026/09/22 01:38:47.164, 0, P0, 2422 MHz, 12481 MHz, 96.60 W, 600.00 W, 600.00 W, 50, 21715 MiB, 0 %, 5, 16
2026/09/22 01:38:47.414, 0, P0, 2422 MHz, 12481 MHz, 220.45 W, 600.00 W, 600.00 W, 61, 21715 MiB, 100 %, 5, 16
2026/09/22 01:38:47.665, 0, P0, 2422 MHz, 12481 MHz, 300.39 W, 600.00 W, 600.00 W, 62, 21715 MiB, 100 %, 5, 16
2026/09/22 01:38:47.915, 0, P0, 2422 MHz, 12481 MHz, 424.39 W, 600.00 W, 600.00 W, 62, 21715 MiB, 100 %, 5, 16
2026/09/22 01:38:48.167, 0, P0, 2422 MHz, 12481 MHz, 507.57 W, 600.00 W, 600.00 W, 61, 21747 MiB, 100 %, 5, 16
2026/09/22 01:38:48.417, 0, P0, 2422 MHz, 12481 MHz, 510.86 W, 600.00 W, 600.00 W, 63, 21747 MiB, 100 %, 5, 16
2026/09/22 01:38:48.668, 0, P0, 2422 MHz, 12481 MHz, 511.00 W, 600.00 W, 600.00 W, 62, 21747 MiB, 100 %, 5, 16
2026/09/22 01:38:48.919, 0, P0, 2422 MHz, 12481 MHz, 510.74 W, 600.00 W, 600.00 W, 63, 21747 MiB, 100 %, 5, 16
2026/09/22 01:38:49.169, 0, P0, 2422 MHz, 12481 MHz, 510.63 W, 600.00 W, 600.00 W, 61, 21747 MiB, 100 %, 5, 16
2026/09/22 01:38:49.420, 0, P0, 2422 MHz, 12481 MHz, 507.77 W, 600.00 W, 600.00 W, 62, 21747 MiB, 100 %, 5, 16
2026/09/22 01:38:49.670, 0, P0, 2415 MHz, 12481 MHz, 501.41 W, 600.00 W, 600.00 W, 62, 21747 MiB, 99 %, 5, 16
2026/09/22 01:38:49.921, 0, P0, 2422 MHz, 12481 MHz, 492.12 W, 600.00 W, 600.00 W, 62, 21747 MiB, 99 %, 5, 16
2026/09/22 01:38:50.172, 0, P0, 2415 MHz, 12481 MHz, 478.58 W, 600.00 W, 600.00 W, 61, 21747 MiB, 99 %, 5, 16
2026/09/22 01:38:50.422, 0, P0, 2422 MHz, 12481 MHz, 375.36 W, 600.00 W, 600.00 W, 53, 21747 MiB, 9 %, 5, 16
2026/09/22 01:38:50.672, 0, P0, 2422 MHz, 12481 MHz, 301.30 W, 600.00 W, 600.00 W, 52, 21747 MiB, 0 %, 5, 16
2026/09/22 01:38:50.923, 0, P0, 2422 MHz, 12481 MHz, 186.45 W, 600.00 W, 600.00 W, 51, 21747 MiB, 0 %, 5, 16
2026/09/22 01:38:51.173, 0, P0, 2422 MHz, 12481 MHz, 115.52 W, 600.00 W, 600.00 W, 51, 21779 MiB, 0 %, 5, 16
2026/09/22 01:38:51.424, 0, P0, 2422 MHz, 12481 MHz, 180.04 W, 600.00 W, 600.00 W, 60, 21779 MiB, 84 %, 5, 16
2026/09/22 01:38:51.674, 0, P0, 2422 MHz, 12481 MHz, 260.11 W, 600.00 W, 600.00 W, 62, 21779 MiB, 100 %, 5, 16
2026/09/22 01:38:51.925, 0, P0, 2422 MHz, 12481 MHz, 384.63 W, 600.00 W, 600.00 W, 62, 21779 MiB, 100 %, 5, 16
2026/09/22 01:38:52.175, 0, P0, 2422 MHz, 12481 MHz, 467.58 W, 600.00 W, 600.00 W, 63, 21779 MiB, 100 %, 5, 16
2026/09/22 01:38:52.426, 0, P0, 2422 MHz, 12481 MHz, 512.50 W, 600.00 W, 600.00 W, 63, 21939 MiB, 100 %, 5, 16
2026/09/22 01:38:52.676, 0, P0, 2422 MHz, 12481 MHz, 512.90 W, 600.00 W, 600.00 W, 62, 21939 MiB, 100 %, 5, 16
2026/09/22 01:38:52.927, 0, P0, 2422 MHz, 12481 MHz, 512.23 W, 600.00 W, 600.00 W, 62, 21939 MiB, 100 %, 5, 16
2026/09/22 01:38:53.177, 0, P0, 2422 MHz, 12481 MHz, 512.04 W, 600.00 W, 600.00 W, 64, 21939 MiB, 100 %, 5, 16
2026/09/22 01:38:53.428, 0, P0, 2422 MHz, 12481 MHz, 512.61 W, 600.00 W, 600.00 W, 64, 21939 MiB, 100 %, 5, 16
2026/09/22 01:38:53.679, 0, P0, 2422 MHz, 12481 MHz, 506.18 W, 600.00 W, 600.00 W, 62, 21939 MiB, 100 %, 5, 16
2026/09/22 01:38:53.929, 0, P0, 2415 MHz, 12481 MHz, 497.74 W, 600.00 W, 600.00 W, 63, 21939 MiB, 99 %, 5, 16
2026/09/22 01:38:54.180, 0, P0, 2415 MHz, 12481 MHz, 489.06 W, 600.00 W, 600.00 W, 62, 21939 MiB, 99 %, 5, 16
2026/09/22 01:38:54.430, 0, P0, 2415 MHz, 12481 MHz, 443.35 W, 600.00 W, 600.00 W, 57, 21939 MiB, 99 %, 5, 16
2026/09/22 01:38:54.681, 0, P0, 2422 MHz, 12481 MHz, 366.02 W, 600.00 W, 600.00 W, 53, 21939 MiB, 0 %, 5, 16
2026/09/22 01:38:54.931, 0, P0, 2422 MHz, 12481 MHz, 252.96 W, 600.00 W, 600.00 W, 52, 21939 MiB, 0 %, 5, 16
2026/09/22 01:38:55.181, 0, P0, 2422 MHz, 12481 MHz, 178.38 W, 600.00 W, 600.00 W, 52, 21939 MiB, 0 %, 5, 16
2026/09/22 01:38:55.432, 0, P0, 2422 MHz, 12481 MHz, 101.65 W, 600.00 W, 600.00 W, 51, 21939 MiB, 0 %, 5, 16
2026/09/22 01:38:55.682, 0, P0, 2422 MHz, 12481 MHz, 184.46 W, 600.00 W, 600.00 W, 61, 21939 MiB, 96 %, 5, 16
2026/09/22 01:38:55.933, 0, P0, 2422 MHz, 12481 MHz, 310.72 W, 600.00 W, 600.00 W, 63, 21939 MiB, 100 %, 5, 16
2026/09/22 01:38:56.183, 0, P0, 2422 MHz, 12481 MHz, 395.21 W, 600.00 W, 600.00 W, 62, 21939 MiB, 100 %, 5, 16
2026/09/22 01:38:56.434, 0, P0, 2422 MHz, 12481 MHz, 510.39 W, 600.00 W, 600.00 W, 63, 21939 MiB, 100 %, 5, 16
2026/09/22 01:38:56.684, 0, P0, 2422 MHz, 12481 MHz, 511.89 W, 600.00 W, 600.00 W, 63, 21939 MiB, 100 %, 5, 16
2026/09/22 01:38:56.935, 0, P0, 2422 MHz, 12481 MHz, 511.74 W, 600.00 W, 600.00 W, 63, 21939 MiB, 100 %, 5, 16
2026/09/22 01:38:57.186, 0, P0, 2422 MHz, 12481 MHz, 511.91 W, 600.00 W, 600.00 W, 63, 21939 MiB, 100 %, 5, 16
2026/09/22 01:38:57.437, 0, P0, 2422 MHz, 12481 MHz, 511.82 W, 600.00 W, 600.00 W, 63, 21939 MiB, 100 %, 5, 16
2026/09/22 01:38:57.687, 0, P0, 2422 MHz, 12481 MHz, 511.18 W, 600.00 W, 600.00 W, 62, 21939 MiB, 100 %, 5, 16
2026/09/22 01:38:57.938, 0, P0, 2415 MHz, 12481 MHz, 501.73 W, 600.00 W, 600.00 W, 63, 21939 MiB, 99 %, 5, 16
2026/09/22 01:38:58.189, 0, P0, 2415 MHz, 12481 MHz, 494.40 W, 600.00 W, 600.00 W, 63, 21939 MiB, 99 %, 5, 16
2026/09/22 01:38:58.439, 0, P0, 2415 MHz, 12481 MHz, 485.78 W, 600.00 W, 600.00 W, 63, 21939 MiB, 99 %, 5, 16
2026/09/22 01:38:58.690, 0, P0, 2422 MHz, 12481 MHz, 458.14 W, 600.00 W, 600.00 W, 58, 21939 MiB, 99 %, 5, 16
2026/09/22 01:38:58.940, 0, P0, 2422 MHz, 12481 MHz, 368.91 W, 600.00 W, 600.00 W, 53, 21939 MiB, 0 %, 5, 16
2026/09/22 01:38:59.190, 0, P0, 2422 MHz, 12481 MHz, 289.32 W, 600.00 W, 600.00 W, 52, 21939 MiB, 0 %, 5, 16
2026/09/22 01:38:59.441, 0, P0, 2422 MHz, 12481 MHz, 178.29 W, 600.00 W, 600.00 W, 52, 21939 MiB, 0 %, 5, 16
2026/09/22 01:38:59.691, 0, P0, 2422 MHz, 12481 MHz, 120.19 W, 600.00 W, 600.00 W, 51, 1 MiB, 0 %, 5, 16
2026/09/22 01:38:59.942, 0, P0, 2422 MHz, 12481 MHz, 95.61 W, 600.00 W, 600.00 W, 51, 595 MiB, 2 %, 5, 16
2026/09/22 01:39:00.193, 0, P0, 2422 MHz, 12481 MHz, 95.41 W, 600.00 W, 600.00 W, 51, 1491 MiB, 0 %, 5, 16
2026/09/22 01:39:00.443, 0, P0, 2422 MHz, 12481 MHz, 95.81 W, 600.00 W, 600.00 W, 50, 2387 MiB, 13 %, 5, 16
2026/09/22 01:39:00.694, 0, P0, 2422 MHz, 12481 MHz, 95.49 W, 600.00 W, 600.00 W, 50, 3251 MiB, 6 %, 5, 16
2026/09/22 01:39:00.944, 0, P0, 2422 MHz, 12481 MHz, 91.31 W, 600.00 W, 600.00 W, 50, 4179 MiB, 7 %, 5, 16
2026/09/22 01:39:01.195, 0, P0, 2422 MHz, 12481 MHz, 91.46 W, 600.00 W, 600.00 W, 50, 5043 MiB, 7 %, 5, 16
2026/09/22 01:39:01.445, 0, P0, 2422 MHz, 12481 MHz, 91.07 W, 600.00 W, 600.00 W, 50, 5939 MiB, 7 %, 5, 16
2026/09/22 01:39:01.695, 0, P0, 2422 MHz, 12481 MHz, 90.92 W, 600.00 W, 600.00 W, 49, 6835 MiB, 7 %, 5, 16
2026/09/22 01:39:01.946, 0, P0, 2422 MHz, 12481 MHz, 90.77 W, 600.00 W, 600.00 W, 49, 7699 MiB, 6 %, 5, 16
2026/09/22 01:39:02.196, 0, P0, 2422 MHz, 12481 MHz, 90.63 W, 600.00 W, 600.00 W, 49, 8595 MiB, 6 %, 5, 16
2026/09/22 01:39:02.447, 0, P0, 2422 MHz, 12481 MHz, 90.44 W, 600.00 W, 600.00 W, 49, 9459 MiB, 6 %, 5, 16
2026/09/22 01:39:02.697, 0, P0, 2422 MHz, 12481 MHz, 90.43 W, 600.00 W, 600.00 W, 49, 10323 MiB, 7 %, 5, 16
2026/09/22 01:39:02.948, 0, P0, 2422 MHz, 12481 MHz, 90.29 W, 600.00 W, 600.00 W, 49, 11187 MiB, 7 %, 5, 16
2026/09/22 01:39:03.198, 0, P0, 2422 MHz, 12481 MHz, 90.25 W, 600.00 W, 600.00 W, 48, 12115 MiB, 7 %, 5, 16
2026/09/22 01:39:03.449, 0, P0, 2422 MHz, 12481 MHz, 90.15 W, 600.00 W, 600.00 W, 48, 12979 MiB, 7 %, 5, 16
2026/09/22 01:39:03.699, 0, P0, 2422 MHz, 12481 MHz, 90.02 W, 600.00 W, 600.00 W, 48, 13907 MiB, 6 %, 5, 16
2026/09/22 01:39:03.950, 0, P0, 2422 MHz, 12481 MHz, 89.82 W, 600.00 W, 600.00 W, 48, 14739 MiB, 7 %, 5, 16
2026/09/22 01:39:04.200, 0, P0, 2422 MHz, 12481 MHz, 89.49 W, 600.00 W, 600.00 W, 48, 14739 MiB, 0 %, 5, 16
2026/09/22 01:39:04.450, 0, P0, 2422 MHz, 12481 MHz, 88.84 W, 600.00 W, 600.00 W, 48, 14739 MiB, 0 %, 5, 16
2026/09/22 01:39:04.701, 0, P0, 2422 MHz, 12481 MHz, 88.50 W, 600.00 W, 600.00 W, 48, 14739 MiB, 0 %, 5, 16
2026/09/22 01:39:04.951, 0, P0, 2422 MHz, 12481 MHz, 87.92 W, 600.00 W, 600.00 W, 47, 14739 MiB, 0 %, 5, 16
2026/09/22 01:39:05.201, 0, P0, 2422 MHz, 12481 MHz, 87.91 W, 600.00 W, 600.00 W, 47, 14739 MiB, 0 %, 5, 16
2026/09/22 01:39:05.452, 0, P0, 2422 MHz, 12481 MHz, 87.91 W, 600.00 W, 600.00 W, 47, 14739 MiB, 0 %, 5, 16
2026/09/22 01:39:05.702, 0, P0, 2422 MHz, 12481 MHz, 87.91 W, 600.00 W, 600.00 W, 47, 18291 MiB, 0 %, 5, 16
2026/09/22 01:39:05.955, 0, P0, 2422 MHz, 12481 MHz, 180.88 W, 600.00 W, 600.00 W, 57, 18291 MiB, 100 %, 5, 16
2026/09/22 01:39:06.205, 0, P0, 2422 MHz, 12481 MHz, 240.24 W, 600.00 W, 600.00 W, 59, 18291 MiB, 100 %, 5, 16
2026/09/22 01:39:06.456, 0, P0, 2422 MHz, 12481 MHz, 295.08 W, 600.00 W, 600.00 W, 59, 18291 MiB, 100 %, 5, 16
2026/09/22 01:39:06.706, 0, P0, 2422 MHz, 12481 MHz, 286.85 W, 600.00 W, 600.00 W, 51, 18291 MiB, 99 %, 5, 16
2026/09/22 01:39:06.957, 0, P0, 2422 MHz, 12481 MHz, 329.46 W, 600.00 W, 600.00 W, 48, 18291 MiB, 0 %, 5, 16
2026/09/22 01:39:07.207, 0, P0, 2422 MHz, 12481 MHz, 260.25 W, 600.00 W, 600.00 W, 50, 18291 MiB, 29 %, 5, 16
2026/09/22 01:39:07.457, 0, P0, 2422 MHz, 12481 MHz, 135.76 W, 600.00 W, 600.00 W, 48, 18291 MiB, 0 %, 5, 16
2026/09/22 01:39:07.708, 0, P0, 2422 MHz, 12481 MHz, 107.27 W, 600.00 W, 600.00 W, 47, 18291 MiB, 0 %, 5, 16
2026/09/22 01:39:07.958, 0, P0, 2422 MHz, 12481 MHz, 113.79 W, 600.00 W, 600.00 W, 47, 18291 MiB, 0 %, 5, 16
2026/09/22 01:39:08.209, 0, P0, 2415 MHz, 12481 MHz, 153.26 W, 600.00 W, 600.00 W, 51, 18291 MiB, 98 %, 5, 16
2026/09/22 01:39:08.459, 0, P0, 2422 MHz, 12481 MHz, 154.60 W, 600.00 W, 600.00 W, 48, 18291 MiB, 11 %, 5, 16
2026/09/22 01:39:08.710, 0, P0, 2422 MHz, 12481 MHz, 160.68 W, 600.00 W, 600.00 W, 47, 18291 MiB, 0 %, 5, 16
2026/09/22 01:39:08.960, 0, P0, 2422 MHz, 12481 MHz, 190.02 W, 600.00 W, 600.00 W, 51, 18291 MiB, 95 %, 5, 16
2026/09/22 01:39:09.210, 0, P0, 2422 MHz, 12481 MHz, 127.42 W, 600.00 W, 600.00 W, 47, 18291 MiB, 0 %, 5, 16
2026/09/22 01:39:09.461, 0, P0, 2422 MHz, 12481 MHz, 126.42 W, 600.00 W, 600.00 W, 47, 18291 MiB, 0 %, 5, 16
2026/09/22 01:39:09.711, 0, P0, 2422 MHz, 12481 MHz, 148.97 W, 600.00 W, 600.00 W, 51, 18451 MiB, 49 %, 5, 16
2026/09/22 01:39:09.962, 0, P0, 2422 MHz, 12481 MHz, 139.50 W, 600.00 W, 600.00 W, 49, 18451 MiB, 61 %, 5, 16
2026/09/22 01:39:10.212, 0, P0, 2422 MHz, 12481 MHz, 139.19 W, 600.00 W, 600.00 W, 47, 18451 MiB, 0 %, 5, 16
2026/09/22 01:39:10.463, 0, P0, 2422 MHz, 12481 MHz, 160.56 W, 600.00 W, 600.00 W, 49, 18451 MiB, 0 %, 5, 16
2026/09/22 01:39:10.713, 0, P0, 2422 MHz, 12481 MHz, 141.38 W, 600.00 W, 600.00 W, 47, 18451 MiB, 0 %, 5, 16
2026/09/22 01:39:10.964, 0, P0, 2422 MHz, 12481 MHz, 114.14 W, 600.00 W, 600.00 W, 47, 18451 MiB, 0 %, 5, 16
2026/09/22 01:39:11.214, 0, P0, 2422 MHz, 12481 MHz, 113.97 W, 600.00 W, 600.00 W, 46, 18451 MiB, 0 %, 5, 16
2026/09/22 01:39:11.464, 0, P0, 2422 MHz, 12481 MHz, 94.09 W, 600.00 W, 600.00 W, 46, 21299 MiB, 0 %, 5, 16
2026/09/22 01:39:11.715, 0, P0, 2422 MHz, 12481 MHz, 198.47 W, 600.00 W, 600.00 W, 56, 21299 MiB, 100 %, 5, 16
2026/09/22 01:39:11.966, 0, P0, 2422 MHz, 12481 MHz, 281.60 W, 600.00 W, 600.00 W, 58, 21299 MiB, 100 %, 5, 16
2026/09/22 01:39:12.216, 0, P0, 2422 MHz, 12481 MHz, 407.53 W, 600.00 W, 600.00 W, 59, 21299 MiB, 100 %, 5, 16
2026/09/22 01:39:12.467, 0, P0, 2422 MHz, 12481 MHz, 491.23 W, 600.00 W, 600.00 W, 58, 21299 MiB, 100 %, 5, 16
2026/09/22 01:39:12.717, 0, P0, 2422 MHz, 12481 MHz, 506.19 W, 600.00 W, 600.00 W, 58, 21331 MiB, 100 %, 5, 16
2026/09/22 01:39:12.968, 0, P0, 2422 MHz, 12481 MHz, 505.89 W, 600.00 W, 600.00 W, 59, 21331 MiB, 100 %, 5, 16
2026/09/22 01:39:13.219, 0, P0, 2422 MHz, 12481 MHz, 505.62 W, 600.00 W, 600.00 W, 60, 21331 MiB, 100 %, 5, 16
2026/09/22 01:39:13.469, 0, P0, 2422 MHz, 12481 MHz, 506.50 W, 600.00 W, 600.00 W, 60, 21331 MiB, 100 %, 5, 16
2026/09/22 01:39:13.719, 0, P0, 2422 MHz, 12481 MHz, 505.24 W, 600.00 W, 600.00 W, 60, 21331 MiB, 100 %, 5, 16
2026/09/22 01:39:13.970, 0, P0, 2422 MHz, 12481 MHz, 499.54 W, 600.00 W, 600.00 W, 59, 21331 MiB, 99 %, 5, 16
2026/09/22 01:39:14.220, 0, P0, 2422 MHz, 12481 MHz, 437.07 W, 600.00 W, 600.00 W, 54, 21331 MiB, 98 %, 5, 16
2026/09/22 01:39:14.471, 0, P0, 2422 MHz, 12481 MHz, 354.42 W, 600.00 W, 600.00 W, 49, 21331 MiB, 0 %, 5, 16
2026/09/22 01:39:14.721, 0, P0, 2422 MHz, 12481 MHz, 232.95 W, 600.00 W, 600.00 W, 49, 21331 MiB, 0 %, 5, 16
2026/09/22 01:39:14.972, 0, P0, 2422 MHz, 12481 MHz, 157.10 W, 600.00 W, 600.00 W, 48, 21331 MiB, 0 %, 5, 16
2026/09/22 01:39:15.222, 0, P0, 2422 MHz, 12481 MHz, 104.90 W, 600.00 W, 600.00 W, 48, 21331 MiB, 0 %, 5, 16
2026/09/22 01:39:15.473, 0, P0, 2415 MHz, 12481 MHz, 151.78 W, 600.00 W, 600.00 W, 53, 21331 MiB, 99 %, 5, 16
2026/09/22 01:39:15.724, 0, P0, 2422 MHz, 12481 MHz, 170.85 W, 600.00 W, 600.00 W, 49, 21331 MiB, 0 %, 5, 16
2026/09/22 01:39:15.974, 0, P0, 2422 MHz, 12481 MHz, 169.26 W, 600.00 W, 600.00 W, 48, 21331 MiB, 0 %, 5, 16
2026/09/22 01:39:16.224, 0, P0, 2422 MHz, 12481 MHz, 159.49 W, 600.00 W, 600.00 W, 48, 21331 MiB, 0 %, 5, 16
2026/09/22 01:39:16.475, 0, P0, 2422 MHz, 12481 MHz, 111.82 W, 600.00 W, 600.00 W, 48, 21331 MiB, 0 %, 5, 16
2026/09/22 01:39:16.725, 0, P0, 2422 MHz, 12481 MHz, 141.44 W, 600.00 W, 600.00 W, 53, 21331 MiB, 98 %, 5, 16
2026/09/22 01:39:16.976, 0, P0, 2422 MHz, 12481 MHz, 169.78 W, 600.00 W, 600.00 W, 50, 21331 MiB, 61 %, 5, 16
2026/09/22 01:39:17.226, 0, P0, 2422 MHz, 12481 MHz, 169.83 W, 600.00 W, 600.00 W, 48, 21331 MiB, 0 %, 5, 16
2026/09/22 01:39:17.476, 0, P0, 2422 MHz, 12481 MHz, 168.31 W, 600.00 W, 600.00 W, 48, 21331 MiB, 0 %, 5, 16
2026/09/22 01:39:17.727, 0, P0, 2422 MHz, 12481 MHz, 118.74 W, 600.00 W, 600.00 W, 47, 21331 MiB, 0 %, 5, 16
2026/09/22 01:39:17.977, 0, P0, 2422 MHz, 12481 MHz, 113.24 W, 600.00 W, 600.00 W, 52, 21331 MiB, 34 %, 5, 16
2026/09/22 01:39:18.227, 0, P0, 2415 MHz, 12481 MHz, 169.29 W, 600.00 W, 600.00 W, 52, 21331 MiB, 98 %, 5, 16
2026/09/22 01:39:18.478, 0, P0, 2422 MHz, 12481 MHz, 169.35 W, 600.00 W, 600.00 W, 48, 21331 MiB, 0 %, 5, 16
2026/09/22 01:39:18.728, 0, P0, 2422 MHz, 12481 MHz, 170.90 W, 600.00 W, 600.00 W, 47, 21331 MiB, 0 %, 5, 16
2026/09/22 01:39:18.978, 0, P0, 2422 MHz, 12481 MHz, 150.19 W, 600.00 W, 600.00 W, 47, 21331 MiB, 0 %, 5, 16
2026/09/22 01:39:19.229, 0, P0, 2422 MHz, 12481 MHz, 102.66 W, 600.00 W, 600.00 W, 47, 21331 MiB, 0 %, 5, 16
2026/09/22 01:39:19.479, 0, P0, 2415 MHz, 12481 MHz, 156.46 W, 600.00 W, 600.00 W, 52, 21331 MiB, 99 %, 5, 16
2026/09/22 01:39:19.730, 0, P0, 2422 MHz, 12481 MHz, 156.77 W, 600.00 W, 600.00 W, 48, 21331 MiB, 0 %, 5, 16
2026/09/22 01:39:19.980, 0, P0, 2422 MHz, 12481 MHz, 158.12 W, 600.00 W, 600.00 W, 47, 21331 MiB, 0 %, 5, 16
2026/09/22 01:39:20.230, 0, P0, 2422 MHz, 12481 MHz, 148.39 W, 600.00 W, 600.00 W, 47, 21331 MiB, 0 %, 5, 16
2026/09/22 01:39:20.480, 0, P0, 2422 MHz, 12481 MHz, 94.11 W, 600.00 W, 600.00 W, 47, 21331 MiB, 0 %, 5, 16
2026/09/22 01:39:20.731, 0, P0, 2422 MHz, 12481 MHz, 154.63 W, 600.00 W, 600.00 W, 51, 21331 MiB, 97 %, 5, 16
2026/09/22 01:39:20.981, 0, P0, 2422 MHz, 12481 MHz, 158.81 W, 600.00 W, 600.00 W, 48, 21331 MiB, 0 %, 5, 16
2026/09/22 01:39:21.232, 0, P0, 2422 MHz, 12481 MHz, 158.84 W, 600.00 W, 600.00 W, 47, 21331 MiB, 0 %, 5, 16
2026/09/22 01:39:21.482, 0, P0, 2422 MHz, 12481 MHz, 160.27 W, 600.00 W, 600.00 W, 47, 21331 MiB, 0 %, 5, 16
2026/09/22 01:39:21.732, 0, P0, 2422 MHz, 12481 MHz, 97.89 W, 600.00 W, 600.00 W, 47, 21331 MiB, 0 %, 5, 16
2026/09/22 01:39:21.983, 0, P0, 2422 MHz, 12481 MHz, 135.73 W, 600.00 W, 600.00 W, 54, 21331 MiB, 99 %, 5, 16
2026/09/22 01:39:22.234, 0, P0, 2422 MHz, 12481 MHz, 170.72 W, 600.00 W, 600.00 W, 48, 21331 MiB, 97 %, 5, 16
2026/09/22 01:39:22.485, 0, P0, 2422 MHz, 12481 MHz, 170.73 W, 600.00 W, 600.00 W, 47, 21331 MiB, 0 %, 5, 16
2026/09/22 01:39:22.735, 0, P0, 2422 MHz, 12481 MHz, 169.24 W, 600.00 W, 600.00 W, 47, 21331 MiB, 0 %, 5, 16
2026/09/22 01:39:22.985, 0, P0, 2422 MHz, 12481 MHz, 125.49 W, 600.00 W, 600.00 W, 47, 21331 MiB, 0 %, 5, 16
2026/09/22 01:39:23.236, 0, P0, 2422 MHz, 12481 MHz, 126.98 W, 600.00 W, 600.00 W, 53, 21331 MiB, 0 %, 5, 16
2026/09/22 01:39:23.486, 0, P0, 2415 MHz, 12481 MHz, 167.62 W, 600.00 W, 600.00 W, 51, 21331 MiB, 98 %, 5, 16
2026/09/22 01:39:23.736, 0, P0, 2422 MHz, 12481 MHz, 170.29 W, 600.00 W, 600.00 W, 47, 21331 MiB, 0 %, 5, 16
2026/09/22 01:39:23.987, 0, P0, 2422 MHz, 12481 MHz, 168.74 W, 600.00 W, 600.00 W, 47, 21331 MiB, 0 %, 5, 16
2026/09/22 01:39:24.237, 0, P0, 2422 MHz, 12481 MHz, 130.21 W, 600.00 W, 600.00 W, 46, 21331 MiB, 0 %, 5, 16
2026/09/22 01:39:24.487, 0, P0, 2422 MHz, 12481 MHz, 92.57 W, 600.00 W, 600.00 W, 46, 21331 MiB, 0 %, 5, 16
