1790468894097 [server] build: memra-0.138.0-c2c17bce9d95 (id: source-tree, git: a803d308080d)
1790468894097 [server] starting; models config = [("q9", "/data/ai-ml/hf-models/qwen35-9b-nvfp4-gguf/Qwen3.5-9B-NVFP4-MTP-GGUF.gguf", None)]
1790468894098 [gpu-watch] Xid source: journalctl -k -f (/dev/kmsg unreadable — kernel.dmesg_restrict)
1790468894098 [worker-affinity] off (MEMRA_WORKER_CPUSET / MEMRA_WORKER_AFFINITY unset or =0)
1790468894198 [gpu-watch] on: every 60s, probe deadline 10s, fatal after 3 consecutive misses (MEMRA_GPU_PROBE_MISSES), fatal Xid [48, 64, 79, 94, 95, 119, 120]
1790468894298 [worker] Engine ready (device=0, MEMRA_FAST=true)
1790468894298 [spec-gate] policy placement=single-or-non-pp2 LOW=2 HIGH=4 source=placement-default spec-admission=on
1790468894298 [spec-k] automatic table: prompt<1024 -> K=3; cold-long -> K=3; prompt>= 1024 and cached>= 1024 -> K=2 (K=5 when the loaded MTP head is rank-trimmed)
1790468894298 [worker] loading model "q9" <- /data/ai-ml/hf-models/qwen35-9b-nvfp4-gguf/Qwen3.5-9B-NVFP4-MTP-GGUF.gguf
1790468894340 [tensor-contract] bound 668 semantic tensors (pack qwen35, Gguf, output head Separate); every census tensor is claimed and every required tensor is present with its declared shape and storage
1790468895573 [q8rp] split-plane decode mirrors built: 92 tensors
1790468895690 [worker]   loaded "q9": 33 layers, eos=248046, stop=[248046]
1790468895690 [worker] q9: template caps tools=true think=true think_switch=true chat_ok=true effort_levels=false qwen_effort=false gemma_think=false dsv4=false glm5=false ctx=262144 tok="qwen35" instruct=Some("chatml") chat_defaults=None/None
1790468895690 [route-contract] model="q9" route=hybrid-worker capacity=64 sessions implemented=[capacity,occupancy,progress,fault-ownership,shutdown-ownership,memory-cost,rewrite-qualification,prime-fairness,service-metrics] refused=[]
1790468895690 [worker] q9: decode wave cap 16; scheduler tick cap 16 (exact-16 tier)
1790468895691 [prefix-cache] on: budget 2052MB (2051538944 B, derived: 2 x 1025769472 B max entry for model "q9" at served ctx 65536 (from MEMRA_CTX; MEMRA_CTX set), requested 2051538944 B; boot driver free 18173657088 B, post-reserve clamp 16563044352 B), policy plain-LRU (global oldest unleased entry first; leases untouchable), min prefix 64 tokens, immediate partial restore=off (rollback) (transformer-only; hybrid mid-entry + routed-MoE N/A)
1790468895691 [admission] "q9": plain 14848 B/token, spec 16704 B/token; fixed residual learns from effective-free deltas
1790468895691 [prime-walk] model="q9" route=mtp supported=true yield_door=true [gdn_dspark_compatible=true mtp_head_loaded=true no_hyper_connections=true no_pipeline_cuts=true]
1790468896508 [fa-pool] grow #0 dev=0 o_len 0 -> 266240 ml_len 0 -> 1040 (retired kept, zero=false)
1790468896516 [func] CAPTURE-TIME kernel lookup (not warmed): embed_gather_u32
1790468896516 [func] CAPTURE-TIME kernel lookup (not warmed): qmatvec_q8_0_mmvq
1790468896517 [func] CAPTURE-TIME kernel lookup (not warmed): inc_i32
1790468896517 [fa-pool] grow #1 dev=0 o_len 266240 -> 532480 ml_len 1040 -> 2080 (retired kept, zero=false)
1790468896517 [func] CAPTURE-TIME kernel lookup (not warmed): fa_decode_vec_q_v4_deep_dc
1790468896517 [func] CAPTURE-TIME kernel lookup (not warmed): fa_decode_combine_f32
1790468896517 [func] CAPTURE-TIME kernel lookup (not warmed): memra_sctr_inc
1790468896517 [func] CAPTURE-TIME kernel lookup (not warmed): gumbel_perturb_filtered_ctr_f32
1790468896522 [spec] draft-session state high-water: 41MB (max of parked delta 41MB and capture-time pool peak 9MB; charged per spec admission and gating future captures)
1790468896556 [fa-pool] grow #2 dev=0 o_len 532480 -> 1064960 ml_len 2080 -> 4160 (retired kept, zero=false)
1790468896850 [device-trim] reason=calibration-complete {"device":0,"reclaimed_bytes":1442840576,"still_owned_bytes":8327347072,"pool_reserved_bytes":8455716864,"pool_cached_bytes":128369792,"driver_free_bytes":16294608896,"synchronization_errors":[]}
1790468896850 [admit-cal] post-probe pool trim: released 1376MB cached back to the driver
1790468896850 [admit-cal] boot calibration done: model="q9" route=mtp transient floor 1536MB (static was 1536MB; measured 1266MB; probe kv charge 67MB, draft-state 41MB, drafted 48 accepted 47; [dev0 peak-mapped 9440MB rest-mapped 8064MB charged 109MB -> 1266MB]; 1.2s)
1790468896850 [admit-predict] shadow armed: budget_bytes=12760827008 budget_src=derived(effective_free_bytes=16422978688 - prefix_cache_budget_bytes=2051538944 - admission_reserve_bytes=1610612736) exempt_tenants=0 enforce=false (logging only, nothing is rejected; enforcement is a separate flip)
1790468896850 [admit-mem] door=ON open_output_tokens=8192 defer_budget_ms=8000 (admission charges prompt+output, the reclaim flush demotes to the host tier before dropping, and a memory defer past the budget refuses 429 instead of queueing past the client's deadline)
1790468896850 [kv-vmm] door=OFF (MEMRA_KV_ALLOCATOR unset or pooled: pooled K/V planes)
1790468896850 [server] worker ready; serving models: ["q9"]
1790468896850 [server] listening on http://127.0.0.1:18526
1790468898136 [meter] admit id=chatcmpl-e7299971a20409f347bdcf1add0cbde2 tenant=default lane=interactive model="q9"
1790468898136 [admission] per-session draft-state charge: model="q9" +44MB (measured capture high-water)
1790468898136 [admission] request cost: model="q9" ctx=186 path=spec = 16704 B/token x ctx + 32MB prefill-workspace + 0MB fixed = 36MB
1790468898136 [admit-predict] id=chatcmpl-e7299971a20409f347bdcf1add0cbde2 tenant="" model="q9" verdict=admit reason=maxtok-fallback prompt=90 predicted_completion=32 kv_hat=78516624 booked_bytes=0 booked_real=0 inflight=0 cap=64 budget_bytes=12760827008 retry_after_s=- exempt=0 enforce=0 live_free_bytes=-
1790468898137 [admit-mem] id=chatcmpl-e7299971a20409f347bdcf1add0cbde2 model="q9" verdict=admit prompt=90 output_bound=32 charged_ctx=186 est_bytes=1690064784 est_context=3106944 est_fixed=1686957840 device_free=16422978688 pending_prime=0 pending_seed=0 host_free=0 demotable=0 short_by=0 inflight=0 cap=64 waited_ms=0 retry_after_s=-
1790468898138 [spec-k] model="q9" tenant="" K=3 source=cold-short prompt=90 cached=0 lcp=0 active=1 wave=1 placement=single-or-non-pp2
1790468898138 [admission] fixed residual high-water: model="q9" 103MB (observed 105MB at ctx 130 path=spec)
1790468898340 [spec-acc] ctx=90 burst=24/27 cum=24/27=0.889
1790468900342 [meter] admit id=chatcmpl-866ff6fad34d0224d249050ec6816b15 tenant=default lane=interactive model="q9"
1790468900345 [admission] per-session draft-state charge: model="q9" +44MB (measured capture high-water)
1790468900345 [admission] request cost: model="q9" ctx=9695 path=spec = 16704 B/token x ctx + 519MB prefill-workspace + 103MB fixed = 784MB
1790468900345 [admit-predict] id=chatcmpl-866ff6fad34d0224d249050ec6816b15 tenant="" model="q9" verdict=admit reason=global-p95 prompt=1439 predicted_completion=32 kv_hat=690558728 booked_bytes=0 booked_real=0 inflight=0 cap=64 budget_bytes=12760827008 retry_after_s=- exempt=0 enforce=0 live_free_bytes=-
1790468900345 [admit-mem] id=chatcmpl-866ff6fad34d0224d249050ec6816b15 model="q9" verdict=admit prompt=1439 output_bound=- charged_ctx=9695 est_bytes=2438411528 est_context=161945280 est_fixed=2276466248 device_free=16209034908 pending_prime=0 pending_seed=0 host_free=0 demotable=0 short_by=0 inflight=0 cap=64 waited_ms=0 retry_after_s=-
1790468900347 [worker] spec-affinity: declined (history diverged at 5 of checkpoint 64; 1 parked, 1439 prompt tokens; model q9)
1790468900347 [spec-k] model="q9" tenant="" K=3 source=cold-long prompt=1439 cached=0 lcp=0 active=1 wave=1 placement=single-or-non-pp2
1790468900347 [admission] fixed residual high-water: model="q9" 121MB (observed 282MB at ctx 9639 path=spec)
1790468900794 [spec-acc] ctx=1439 burst=22/27 cum=22/27=0.815
1790468900794 [prefix-cache] insert (spec-boundary): 1408 tokens, 76.2MB (resident 76.2MB / 2052MB, model q9)
1790468900980 [spec-acc] ctx=1471 burst=19/39 cum=41/66=0.621
1790468901109 [spec-acc] ctx=1503 burst=25/27 cum=66/93=0.710
1790468901273 [spec-acc] ctx=1537 burst=24/33 cum=90/126=0.714
1790468901435 [spec-acc] ctx=1572 burst=22/33 cum=112/159=0.704
1790468901598 [spec-acc] ctx=1605 burst=22/33 cum=134/192=0.698
1790468901797 [spec-acc] ctx=1638 burst=19/42 cum=153/234=0.654
1790468901941 [spec-acc] ctx=1671 burst=23/30 cum=176/264=0.667
1790468902099 [spec-acc] ctx=1704 burst=21/33 cum=197/297=0.663
1790468902275 [spec-acc] ctx=1736 burst=20/36 cum=217/333=0.652
1790468902497 [spec-acc] ctx=1768 burst=19/45 cum=236/378=0.624
1790468902656 [spec-acc] ctx=1802 burst=22/33 cum=258/411=0.628
1790468902828 [spec-acc] ctx=1835 burst=23/36 cum=281/447=0.629
1790468903043 [spec-acc] ctx=1870 burst=20/45 cum=301/492=0.612
1790468903232 [spec-acc] ctx=1905 burst=20/39 cum=321/531=0.605
1790468903363 [spec-acc] ctx=1938 burst=25/27 cum=346/558=0.620
1790468903539 [spec-acc] ctx=1972 burst=23/36 cum=369/594=0.621
1790468903687 [spec-acc] ctx=2007 burst=23/30 cum=392/624=0.628
1790468903903 [spec-acc] ctx=2040 burst=18/45 cum=410/669=0.613
1790468904062 [spec-acc] ctx=2073 burst=22/33 cum=432/702=0.615
1790468904207 [spec-acc] ctx=2106 burst=24/30 cum=456/732=0.623
1790468904416 [spec-acc] ctx=2140 burst=20/42 cum=476/774=0.615
1790468904591 [spec-acc] ctx=2174 burst=21/36 cum=497/810=0.614
1790468904751 [spec-acc] ctx=2207 burst=21/33 cum=518/843=0.614
1790468904897 [spec-acc] ctx=2239 burst=22/30 cum=540/873=0.619
1790468905073 [spec-acc] ctx=2271 burst=21/36 cum=561/909=0.617
1790468905220 [spec-acc] ctx=2304 burst=22/30 cum=583/939=0.621
1790468905381 [spec-acc] ctx=2336 burst=23/33 cum=606/972=0.623
1790468905528 [spec-acc] ctx=2370 burst=24/30 cum=630/1002=0.629
1790468905675 [spec-acc] ctx=2404 burst=24/30 cum=654/1032=0.634
1790468905864 [spec-acc] ctx=2438 burst=22/39 cum=676/1071=0.631
1790468906009 [spec-acc] ctx=2473 burst=25/30 cum=701/1101=0.637
1790468906158 [spec-acc] ctx=2508 burst=22/30 cum=723/1131=0.639
1790468906305 [spec-acc] ctx=2540 burst=22/30 cum=745/1161=0.642
1790468906466 [spec-acc] ctx=2572 burst=23/33 cum=768/1194=0.643
1790468906642 [spec-acc] ctx=2606 burst=22/36 cum=790/1230=0.642
1790468906806 [spec-acc] ctx=2640 burst=21/33 cum=811/1263=0.642
1790468906967 [spec-acc] ctx=2672 burst=21/33 cum=832/1296=0.642
1790468907114 [spec-acc] ctx=2704 burst=22/30 cum=854/1326=0.644
1790468907249 [spec-acc] ctx=2736 burst=24/27 cum=878/1353=0.649
1790468907410 [spec-acc] ctx=2769 burst=21/33 cum=899/1386=0.649
1790468907560 [spec-acc] ctx=2801 burst=23/30 cum=922/1416=0.651
1790468907708 [spec-acc] ctx=2834 burst=25/30 cum=947/1446=0.655
1790468907884 [spec-acc] ctx=2869 burst=20/36 cum=967/1482=0.652
1790468908046 [spec-acc] ctx=2901 burst=24/33 cum=991/1515=0.654
1790468908165 [spec-acc] ctx=2936 burst=24/24 cum=1015/1539=0.660
1790468908342 [spec-acc] ctx=2968 burst=22/36 cum=1037/1575=0.658
1790468908476 [spec-acc] ctx=3002 burst=26/27 cum=1063/1602=0.664
1790468908625 [spec-acc] ctx=3037 burst=24/30 cum=1087/1632=0.666
1790468908788 [spec-acc] ctx=3071 burst=21/33 cum=1108/1665=0.665
1790468908937 [spec-acc] ctx=3103 burst=25/30 cum=1133/1695=0.668
1790468909115 [spec-acc] ctx=3138 burst=21/36 cum=1154/1731=0.667
1790468909250 [spec-acc] ctx=3171 burst=24/27 cum=1178/1758=0.670
1790468909398 [spec-acc] ctx=3204 burst=23/30 cum=1201/1788=0.672
1790468909550 [spec-acc] ctx=3237 burst=23/30 cum=1224/1818=0.673
1790468909684 [spec-acc] ctx=3270 burst=23/27 cum=1247/1845=0.676
1790468909848 [spec-acc] ctx=3302 burst=24/33 cum=1271/1878=0.677
1790468909983 [spec-acc] ctx=3337 burst=23/27 cum=1294/1905=0.679
1790468910146 [spec-acc] ctx=3369 burst=22/33 cum=1316/1938=0.679
1790468910285 [spec-acc] ctx=3402 burst=26/27 cum=1342/1965=0.683
1790468910435 [spec-acc] ctx=3437 burst=24/30 cum=1366/1995=0.685
1790468910583 [spec-acc] ctx=3471 burst=23/30 cum=1389/2025=0.686
1790468910732 [spec-acc] ctx=3504 burst=25/30 cum=1414/2055=0.688
1790468910867 [spec-acc] ctx=3539 burst=24/27 cum=1438/2082=0.691
1790468911016 [spec-acc] ctx=3572 burst=22/30 cum=1460/2112=0.691
1790468911183 [spec-acc] ctx=3604 burst=23/33 cum=1483/2145=0.691
1790468911332 [spec-acc] ctx=3638 burst=25/30 cum=1508/2175=0.693
1790468911468 [spec-acc] ctx=3673 burst=24/27 cum=1532/2202=0.696
1790468911617 [spec-acc] ctx=3706 burst=23/30 cum=1555/2232=0.697
1790468911753 [spec-acc] ctx=3739 burst=23/27 cum=1578/2259=0.699
1790468911917 [spec-acc] ctx=3771 burst=21/33 cum=1599/2292=0.698
1790468912059 [spec-acc] ctx=3803 burst=24/27 cum=1623/2319=0.700
1790468912194 [spec-acc] ctx=3836 burst=24/27 cum=1647/2346=0.702
1790468912389 [spec-acc] ctx=3869 burst=22/39 cum=1669/2385=0.700
1790468912540 [spec-acc] ctx=3904 burst=22/30 cum=1691/2415=0.700
1790468912691 [spec-acc] ctx=3936 burst=23/30 cum=1714/2445=0.701
1790468912842 [spec-acc] ctx=3969 burst=22/30 cum=1736/2475=0.701
1790468913040 [spec-acc] ctx=4001 burst=19/39 cum=1755/2514=0.698
1790468913252 [spec-acc] ctx=4033 burst=20/42 cum=1775/2556=0.694
1790468913434 [spec-acc] ctx=4067 burst=20/36 cum=1795/2592=0.693
1790468913586 [spec-acc] ctx=4099 burst=24/30 cum=1819/2622=0.694
1790468913712 [fa-pool] grow #3 dev=0 o_len 1064960 -> 2129920 ml_len 4160 -> 8320 (retired kept, zero=false)
1790468913723 [spec-acc] ctx=4133 burst=23/27 cum=1842/2649=0.695
1790468913875 [spec-acc] ctx=4165 burst=22/30 cum=1864/2679=0.696
1790468914029 [spec-acc] ctx=4197 burst=22/30 cum=1886/2709=0.696
1790468914168 [spec-acc] ctx=4229 burst=26/27 cum=1912/2736=0.699
1790468914334 [spec-acc] ctx=4264 burst=22/33 cum=1934/2769=0.698
1790468914473 [spec-acc] ctx=4297 burst=26/27 cum=1960/2796=0.701
1790468914612 [spec-acc] ctx=4332 burst=23/27 cum=1983/2823=0.702
1790468914751 [spec-acc] ctx=4364 burst=25/27 cum=2008/2850=0.705
1790468914906 [spec-acc] ctx=4398 burst=25/30 cum=2033/2880=0.706
1790468915094 [spec-acc] ctx=4433 burst=20/36 cum=2053/2916=0.704
1790468915232 [spec-acc] ctx=4465 burst=24/27 cum=2077/2943=0.706
1790468915387 [spec-acc] ctx=4498 burst=22/30 cum=2099/2973=0.706
1790468915540 [spec-acc] ctx=4530 burst=23/30 cum=2122/3003=0.707
1790468915679 [spec-acc] ctx=4563 burst=23/27 cum=2145/3030=0.708
1790468915833 [spec-acc] ctx=4595 burst=22/30 cum=2167/3060=0.708
1790468915972 [spec-acc] ctx=4627 burst=23/27 cum=2190/3087=0.709
1790468916111 [spec-acc] ctx=4659 burst=25/27 cum=2215/3114=0.711
1790468916301 [spec-acc] ctx=4693 burst=21/36 cum=2236/3150=0.710
1790468916439 [spec-acc] ctx=4726 burst=25/27 cum=2261/3177=0.712
1790468916640 [spec-acc] ctx=4760 burst=21/39 cum=2282/3216=0.710
1790468916793 [spec-acc] ctx=4794 burst=23/30 cum=2305/3246=0.710
1790468916932 [spec-acc] ctx=4827 burst=25/27 cum=2330/3273=0.712
1790468917118 [spec-acc] ctx=4861 burst=21/36 cum=2351/3309=0.710
1790468917242 [spec-acc] ctx=4894 burst=24/24 cum=2375/3333=0.713
1790468917427 [spec-acc] ctx=4926 burst=20/36 cum=2395/3369=0.711
1790468917613 [spec-acc] ctx=4958 burst=23/36 cum=2418/3405=0.710
1790468917768 [spec-acc] ctx=4993 burst=22/30 cum=2440/3435=0.710
1790468917907 [spec-acc] ctx=5025 burst=25/27 cum=2465/3462=0.712
1790468918064 [spec-acc] ctx=5059 burst=22/30 cum=2487/3492=0.712
1790468918220 [spec-acc] ctx=5091 burst=24/30 cum=2511/3522=0.713
1790468918360 [spec-acc] ctx=5125 burst=24/27 cum=2535/3549=0.714
1790468918549 [spec-acc] ctx=5158 burst=20/36 cum=2555/3585=0.713
1790468918705 [spec-acc] ctx=5190 burst=24/30 cum=2579/3615=0.713
1790468918845 [spec-acc] ctx=5224 burst=23/27 cum=2602/3642=0.714
1790468919003 [spec-acc] ctx=5256 burst=25/30 cum=2627/3672=0.715
1790468919160 [spec-acc] ctx=5291 burst=23/30 cum=2650/3702=0.716
1790468919300 [spec-acc] ctx=5324 burst=26/27 cum=2676/3729=0.718
1790468919456 [spec-acc] ctx=5359 burst=22/30 cum=2698/3759=0.718
1790468919458 [meter] admit id=chatcmpl-586bd9e6c499f5ee0b4fe51a555fbe6e tenant=default lane=interactive model="q9"
1790468919469 [admission] per-session draft-state charge: model="q9" +44MB (measured capture high-water)
1790468919469 [admission] request cost: model="q9" ctx=9695 path=spec = 16704 B/token x ctx + 519MB prefill-workspace + 121MB fixed = 802MB
1790468919469 [admit-predict] id=chatcmpl-586bd9e6c499f5ee0b4fe51a555fbe6e tenant="" model="q9" verdict=admit reason=global-p95 prompt=1439 predicted_completion=3921 kv_hat=773169288 booked_bytes=0 booked_real=0 inflight=0 cap=64 budget_bytes=12760827008 retry_after_s=- exempt=0 enforce=0 live_free_bytes=-
1790468919469 [admit-mem] id=chatcmpl-586bd9e6c499f5ee0b4fe51a555fbe6e model="q9" verdict=admit prompt=1439 output_bound=- charged_ctx=9695 est_bytes=2456060232 est_context=161945280 est_fixed=2294114952 device_free=15786498616 pending_prime=0 pending_seed=0 host_free=0 demotable=76226560 short_by=0 inflight=0 cap=64 waited_ms=0 retry_after_s=-
1790468919471 [worker] spec-affinity: declined (history diverged at 5 of checkpoint 64; 2 parked, 1439 prompt tokens; model q9)
1790468919471 [spec-k] model="q9" tenant="" K=3 source=cold-long prompt=1439 cached=0 lcp=6 active=1 wave=1 placement=single-or-non-pp2
1790468919938 [spec-acc] ctx=1439 burst=22/27 cum=22/27=0.815
1790468919938 [prefix-cache] insert (spec-boundary): 1408 tokens, 76.2MB (resident 152.5MB / 2052MB, model q9)
1790468920116 [spec-acc] ctx=1471 burst=23/36 cum=45/63=0.714
1790468920263 [spec-acc] ctx=1506 burst=24/30 cum=69/93=0.742
1790468920440 [spec-acc] ctx=1540 burst=21/36 cum=90/129=0.698
1790468920589 [spec-acc] ctx=1573 burst=22/30 cum=112/159=0.704
1790468920766 [spec-acc] ctx=1605 burst=22/36 cum=134/195=0.687
1790468920961 [spec-acc] ctx=1639 burst=19/39 cum=153/234=0.654
1790468921094 [spec-acc] ctx=1671 burst=23/27 cum=176/261=0.674
1790468921257 [spec-acc] ctx=1703 burst=21/33 cum=197/294=0.670
1790468921408 [spec-acc] ctx=1735 burst=22/30 cum=219/324=0.676
1790468921629 [spec-acc] ctx=1767 burst=19/45 cum=238/369=0.645
1790468921808 [spec-acc] ctx=1801 burst=22/36 cum=260/405=0.642
1790468921941 [spec-acc] ctx=1835 burst=23/27 cum=283/432=0.655
1790468922106 [spec-acc] ctx=1867 burst=24/33 cum=307/465=0.660
1790468922285 [spec-acc] ctx=1902 burst=22/33 cum=329/498=0.661
1790468922442 [spec-acc] ctx=1935 burst=23/30 cum=352/528=0.667
1790468922626 [spec-acc] ctx=1968 burst=23/36 cum=375/564=0.665
1790468922766 [spec-acc] ctx=2003 burst=24/27 cum=399/591=0.675
1790468922967 [spec-acc] ctx=2036 burst=22/39 cum=421/630=0.668
1790468923139 [spec-acc] ctx=2071 burst=21/33 cum=442/663=0.667
1790468923278 [spec-acc] ctx=2103 burst=23/27 cum=465/690=0.674
1790468923447 [spec-acc] ctx=2135 burst=21/33 cum=486/723=0.672
1790468923632 [spec-acc] ctx=2167 burst=22/36 cum=508/759=0.669
1790468923818 [spec-acc] ctx=2201 burst=20/36 cum=528/795=0.664
1790468923958 [spec-acc] ctx=2233 burst=23/27 cum=551/822=0.670
1790468924129 [spec-acc] ctx=2265 burst=21/33 cum=572/855=0.669
1790468924270 [spec-acc] ctx=2297 burst=26/27 cum=598/882=0.678
1790468924426 [spec-acc] ctx=2332 burst=24/30 cum=622/912=0.682
1790468924614 [spec-acc] ctx=2366 burst=23/36 cum=645/948=0.680
1790468924771 [spec-acc] ctx=2401 burst=22/30 cum=667/978=0.682
1790468924927 [spec-acc] ctx=2433 burst=22/30 cum=689/1008=0.684
1790468925084 [spec-acc] ctx=2465 burst=22/30 cum=711/1038=0.685
1790468925242 [spec-acc] ctx=2497 burst=22/30 cum=733/1068=0.686
1790468925399 [spec-acc] ctx=2529 burst=22/30 cum=755/1098=0.688
1790468925619 [spec-acc] ctx=2561 burst=20/42 cum=775/1140=0.680
1790468925774 [spec-acc] ctx=2595 burst=25/30 cum=800/1170=0.684
1790468925914 [spec-acc] ctx=2630 burst=25/27 cum=825/1197=0.689
1790468926087 [spec-acc] ctx=2664 burst=21/33 cum=846/1230=0.688
1790468926274 [spec-acc] ctx=2696 burst=22/36 cum=868/1266=0.686
1790468926444 [spec-acc] ctx=2730 burst=23/33 cum=891/1299=0.686
1790468926600 [spec-acc] ctx=2764 burst=25/30 cum=916/1329=0.689
1790468926757 [spec-acc] ctx=2799 burst=23/30 cum=939/1359=0.691
1790468926929 [spec-acc] ctx=2832 burst=21/33 cum=960/1392=0.690
1790468927084 [spec-acc] ctx=2864 burst=25/30 cum=985/1422=0.693
1790468927257 [spec-acc] ctx=2899 burst=23/33 cum=1008/1455=0.693
1790468927415 [spec-acc] ctx=2933 burst=22/30 cum=1030/1485=0.694
1790468927619 [spec-acc] ctx=2965 burst=21/39 cum=1051/1524=0.690
1790468927760 [spec-acc] ctx=2999 burst=24/27 cum=1075/1551=0.693
1790468927901 [spec-acc] ctx=3032 burst=24/27 cum=1099/1578=0.696
1790468928107 [spec-acc] ctx=3065 burst=20/39 cum=1119/1617=0.692
1790468928266 [spec-acc] ctx=3098 burst=22/30 cum=1141/1647=0.693
1790468928445 [spec-acc] ctx=3130 burst=23/33 cum=1164/1680=0.693
1790468928603 [spec-acc] ctx=3164 burst=25/30 cum=1189/1710=0.695
1790468928746 [spec-acc] ctx=3199 burst=23/27 cum=1212/1737=0.698
1790468928921 [spec-acc] ctx=3231 burst=21/33 cum=1233/1770=0.697
1790468929064 [spec-acc] ctx=3263 burst=25/27 cum=1258/1797=0.700
1790468929241 [spec-acc] ctx=3297 burst=21/33 cum=1279/1830=0.699
1790468929433 [spec-acc] ctx=3329 burst=22/36 cum=1301/1866=0.697
1790468929610 [spec-acc] ctx=3363 burst=23/33 cum=1324/1899=0.697
1790468929773 [spec-acc] ctx=3397 burst=25/30 cum=1349/1929=0.699
1790468929933 [spec-acc] ctx=3432 burst=23/30 cum=1372/1959=0.700
1790468930094 [spec-acc] ctx=3465 burst=22/30 cum=1394/1989=0.701
1790468930239 [spec-acc] ctx=3497 burst=25/27 cum=1419/2016=0.704
1790468930434 [spec-acc] ctx=3531 burst=20/36 cum=1439/2052=0.701
1790468930611 [spec-acc] ctx=3563 burst=24/33 cum=1463/2085=0.702
1790468930772 [spec-acc] ctx=3598 burst=23/30 cum=1486/2115=0.703
1790468930966 [spec-acc] ctx=3631 burst=23/36 cum=1509/2151=0.702
1790468931161 [spec-acc] ctx=3666 burst=22/36 cum=1531/2187=0.700
1790468931306 [spec-acc] ctx=3700 burst=25/27 cum=1556/2214=0.703
1790468931434 [spec-acc] ctx=3734 burst=24/24 cum=1580/2238=0.706
1790468931595 [spec-acc] ctx=3766 burst=23/30 cum=1603/2268=0.707
1790468931754 [spec-acc] ctx=3799 burst=24/30 cum=1627/2298=0.708
1790468931902 [spec-acc] ctx=3833 burst=25/27 cum=1652/2325=0.711
1790468932097 [spec-acc] ctx=3867 burst=23/36 cum=1675/2361=0.709
1790468932224 [spec-acc] ctx=3902 burst=24/24 cum=1699/2385=0.712
1790468932387 [spec-acc] ctx=3934 burst=22/30 cum=1721/2415=0.713
1790468932567 [spec-acc] ctx=3966 burst=22/33 cum=1743/2448=0.712
1790468932717 [spec-acc] ctx=3999 burst=23/27 cum=1766/2475=0.714
1790468932914 [spec-acc] ctx=4031 burst=23/36 cum=1789/2511=0.712
1790468933060 [spec-acc] ctx=4066 burst=26/27 cum=1815/2538=0.715
1790468933256 [spec-acc] ctx=4101 burst=23/36 cum=1838/2574=0.714
1790468933437 [spec-acc] ctx=4136 burst=21/33 cum=1859/2607=0.713
1790468933603 [spec-acc] ctx=4168 burst=25/30 cum=1884/2637=0.714
1790468933736 [spec-acc] ctx=4203 burst=24/24 cum=1908/2661=0.717
1790468933902 [spec-acc] ctx=4235 burst=23/30 cum=1931/2691=0.718
1790468934051 [spec-acc] ctx=4268 burst=23/27 cum=1954/2718=0.719
1790468934185 [spec-acc] ctx=4300 burst=24/24 cum=1978/2742=0.721
1790468934335 [spec-acc] ctx=4332 burst=25/27 cum=2003/2769=0.723
1790468934537 [spec-acc] ctx=4366 burst=20/36 cum=2023/2805=0.721
1790468934670 [spec-acc] ctx=4398 burst=24/24 cum=2047/2829=0.724
1790468934855 [spec-acc] ctx=4430 burst=24/33 cum=2071/2862=0.724
1790468935023 [spec-acc] ctx=4465 burst=25/30 cum=2096/2892=0.725
1790468935174 [spec-acc] ctx=4500 burst=26/27 cum=2122/2919=0.727
1790468935340 [spec-acc] ctx=4535 burst=24/30 cum=2146/2949=0.728
1790468935526 [spec-acc] ctx=4569 burst=22/33 cum=2168/2982=0.727
1790468935694 [spec-acc] ctx=4602 burst=22/30 cum=2190/3012=0.727
1790468935862 [spec-acc] ctx=4634 burst=25/30 cum=2215/3042=0.728
1790468936013 [spec-acc] ctx=4669 burst=24/27 cum=2239/3069=0.730
1790468936147 [spec-acc] ctx=4702 burst=24/24 cum=2263/3093=0.732
1790468936347 [spec-acc] ctx=4734 burst=23/36 cum=2286/3129=0.731
1790468936478 [spec-acc] ctx=4769 burst=24/24 cum=2310/3153=0.733
1790468936643 [spec-acc] ctx=4801 burst=23/30 cum=2333/3183=0.733
1790468936808 [spec-acc] ctx=4834 burst=24/30 cum=2357/3213=0.734
1790468936940 [spec-acc] ctx=4868 burst=24/24 cum=2381/3237=0.736
1790468937140 [spec-acc] ctx=4900 burst=23/36 cum=2404/3273=0.734
1790468937274 [spec-acc] ctx=4935 burst=24/24 cum=2428/3297=0.736
1790468937457 [spec-acc] ctx=4967 burst=23/33 cum=2451/3330=0.736
1790468937623 [spec-acc] ctx=5001 burst=25/30 cum=2476/3360=0.737
1790468937772 [spec-acc] ctx=5036 burst=25/27 cum=2501/3387=0.738
1790468937923 [spec-acc] ctx=5070 burst=26/27 cum=2527/3414=0.740
1790468938081 [spec-acc] ctx=5105 burst=23/27 cum=2550/3441=0.741
1790468938263 [spec-acc] ctx=5137 burst=23/30 cum=2573/3471=0.741
1790468938428 [spec-acc] ctx=5170 burst=26/27 cum=2599/3498=0.743
1790468938587 [spec-acc] ctx=5205 burst=23/27 cum=2622/3525=0.744
1790468938782 [spec-acc] ctx=5237 burst=23/33 cum=2645/3558=0.743
1790468938956 [spec-acc] ctx=5271 burst=22/30 cum=2667/3588=0.743
1790468939116 [spec-acc] ctx=5303 burst=26/27 cum=2693/3615=0.745
1790468939292 [spec-acc] ctx=5338 burst=25/30 cum=2718/3645=0.746
1790468939450 [spec-acc] ctx=5373 burst=26/27 cum=2744/3672=0.747
1790468939627 [spec-acc] ctx=5408 burst=25/30 cum=2769/3702=0.748
1790468939800 [spec-acc] ctx=5443 burst=22/30 cum=2791/3732=0.748
1790468939937 [spec-acc] ctx=5475 burst=24/24 cum=2815/3756=0.749
1790468940112 [spec-acc] ctx=5507 burst=23/30 cum=2838/3786=0.750
1790468940284 [spec-acc] ctx=5540 burst=25/30 cum=2863/3816=0.750
1790468940422 [spec-acc] ctx=5575 burst=24/24 cum=2887/3840=0.752
1790468940579 [spec-acc] ctx=5607 burst=23/27 cum=2910/3867=0.753
1790468940767 [spec-acc] ctx=5639 burst=24/33 cum=2934/3900=0.752
1790468940938 [spec-acc] ctx=5674 burst=24/30 cum=2958/3930=0.753
1790468941095 [spec-acc] ctx=5708 burst=26/27 cum=2984/3957=0.754
1790468941249 [spec-acc] ctx=5743 burst=24/27 cum=3008/3984=0.755
1790468941406 [spec-acc] ctx=5776 burst=23/27 cum=3031/4011=0.756
1790468941408 [meter] admit id=chatcmpl-6933d75bb7bb5ce69a35a365dabd8a7b tenant=default lane=interactive model="q9"
1790468941419 [admission] per-session draft-state charge: model="q9" +44MB (measured capture high-water)
1790468941419 [admission] request cost: model="q9" ctx=9698 path=spec = 16704 B/token x ctx + 520MB prefill-workspace + 121MB fixed = 803MB
1790468941419 [admit-predict] id=chatcmpl-6933d75bb7bb5ce69a35a365dabd8a7b tenant="" model="q9" verdict=admit reason=global-p95 prompt=1442 predicted_completion=4363 kv_hat=781683912 booked_bytes=0 booked_real=0 inflight=0 cap=64 budget_bytes=12760827008 retry_after_s=- exempt=0 enforce=0 live_free_bytes=-
1790468941419 [admit-mem] id=chatcmpl-6933d75bb7bb5ce69a35a365dabd8a7b model="q9" verdict=admit prompt=1442 output_bound=- charged_ctx=9698 est_bytes=2457191688 est_context=161995392 est_fixed=2295196296 device_free=15586492344 pending_prime=0 pending_seed=0 host_free=0 demotable=152453120 short_by=0 inflight=0 cap=64 waited_ms=0 retry_after_s=-
1790468941421 [worker] spec-affinity: declined (history diverged at 6 of checkpoint 1408; 2 parked, 1442 prompt tokens; model q9)
1790468941421 [spec-k] model="q9" tenant="" K=3 source=cold-long prompt=1442 cached=0 lcp=6 active=1 wave=1 placement=single-or-non-pp2
1790468941421 [admission] fixed residual high-water: model="q9" 121MB (observed 282MB at ctx 9642 path=spec)
1790468942002 [spec-acc] ctx=1442 burst=22/30 cum=22/30=0.733
1790468942002 [prefix-cache] insert (spec-boundary): 1408 tokens, 76.2MB (resident 228.7MB / 2052MB, model q9)
1790468942197 [spec-acc] ctx=1475 burst=21/33 cum=43/63=0.683
1790468942350 [spec-acc] ctx=1507 burst=23/27 cum=66/90=0.733
1790468942536 [spec-acc] ctx=1539 burst=22/33 cum=88/123=0.715
1790468942721 [spec-acc] ctx=1572 burst=22/33 cum=110/156=0.705
1790468942907 [spec-acc] ctx=1605 burst=23/33 cum=133/189=0.704
1790468943132 [spec-acc] ctx=1639 burst=20/39 cum=153/228=0.671
1790468943351 [spec-acc] ctx=1672 burst=20/39 cum=173/267=0.648
1790468943552 [spec-acc] ctx=1705 burst=20/36 cum=193/303=0.637
1790468943753 [spec-acc] ctx=1737 burst=23/36 cum=216/339=0.637
1790468943938 [spec-acc] ctx=1772 burst=21/33 cum=237/372=0.637
1790468944156 [spec-acc] ctx=1804 burst=19/39 cum=256/411=0.623
1790468944381 [spec-acc] ctx=1836 burst=21/39 cum=277/450=0.616
1790468944603 [spec-acc] ctx=1870 burst=21/39 cum=298/489=0.609
1790468944788 [spec-acc] ctx=1904 burst=22/33 cum=320/522=0.613
1790468944957 [spec-acc] ctx=1937 burst=23/30 cum=343/552=0.621
1790468945148 [spec-acc] ctx=1970 burst=23/33 cum=366/585=0.626
1790468945319 [spec-acc] ctx=2004 burst=23/30 cum=389/615=0.633
1790468945540 [spec-acc] ctx=2037 burst=22/39 cum=411/654=0.628
1790468945817 [spec-acc] ctx=2072 burst=19/48 cum=430/702=0.613
1790468946022 [spec-acc] ctx=2107 burst=23/36 cum=453/738=0.614
1790468946248 [spec-acc] ctx=2142 burst=19/39 cum=472/777=0.607
1790468946505 [spec-acc] ctx=2174 burst=19/45 cum=491/822=0.597
1790468946657 [spec-acc] ctx=2208 burst=26/27 cum=517/849=0.609
1790468946810 [spec-acc] ctx=2243 burst=23/27 cum=540/876=0.616
1790468946982 [spec-acc] ctx=2275 burst=25/30 cum=565/906=0.624
1790468947153 [spec-acc] ctx=2310 burst=24/30 cum=589/936=0.629
1790468947324 [spec-acc] ctx=2344 burst=22/30 cum=611/966=0.633
1790468947499 [spec-acc] ctx=2376 burst=24/30 cum=635/996=0.638
1790468947688 [spec-acc] ctx=2410 burst=23/33 cum=658/1029=0.639
1790468947860 [spec-acc] ctx=2444 burst=24/30 cum=682/1059=0.644
1790468948017 [spec-acc] ctx=2478 burst=24/27 cum=706/1086=0.650
1790468948154 [spec-acc] ctx=2511 burst=24/24 cum=730/1110=0.658
1790468948327 [spec-acc] ctx=2543 burst=22/30 cum=752/1140=0.660
1790468948553 [spec-acc] ctx=2575 burst=19/39 cum=771/1179=0.654
1790468948760 [spec-acc] ctx=2607 burst=23/36 cum=794/1215=0.653
1790468949004 [spec-acc] ctx=2642 burst=19/42 cum=813/1257=0.647
1790468949160 [spec-acc] ctx=2675 burst=26/27 cum=839/1284=0.653
1790468949300 [spec-acc] ctx=2710 burst=24/24 cum=863/1308=0.660
1790468949438 [spec-acc] ctx=2742 burst=24/24 cum=887/1332=0.666
1790468949610 [spec-acc] ctx=2774 burst=24/30 cum=911/1362=0.669
1790468949801 [spec-acc] ctx=2808 burst=21/33 cum=932/1395=0.668
1790468949972 [spec-acc] ctx=2840 burst=24/30 cum=956/1425=0.671
1790468950179 [spec-acc] ctx=2874 burst=21/36 cum=977/1461=0.669
1790468950422 [spec-acc] ctx=2907 burst=21/42 cum=998/1503=0.664
1790468950650 [spec-acc] ctx=2942 burst=20/39 cum=1018/1542=0.660
1790468950790 [spec-acc] ctx=2975 burst=24/24 cum=1042/1566=0.665
1790468950946 [spec-acc] ctx=3007 burst=25/27 cum=1067/1593=0.670
1790468951159 [spec-acc] ctx=3041 burst=21/36 cum=1088/1629=0.668
1790468951353 [spec-acc] ctx=3074 burst=24/33 cum=1112/1662=0.669
1790468951510 [spec-acc] ctx=3109 burst=26/27 cum=1138/1689=0.674
1790468951685 [spec-acc] ctx=3144 burst=24/30 cum=1162/1719=0.676
1790468951896 [spec-acc] ctx=3178 burst=21/36 cum=1183/1755=0.674
1790468952075 [spec-acc] ctx=3211 burst=22/30 cum=1205/1785=0.675
1790468952233 [spec-acc] ctx=3243 burst=24/27 cum=1229/1812=0.678
1790468952426 [spec-acc] ctx=3276 burst=24/33 cum=1253/1845=0.679
1790468952602 [spec-acc] ctx=3311 burst=24/30 cum=1277/1875=0.681
1790468952760 [spec-acc] ctx=3345 burst=25/27 cum=1302/1902=0.685
1790468952972 [spec-acc] ctx=3379 burst=21/36 cum=1323/1938=0.683
1790468953217 [spec-acc] ctx=3412 burst=18/42 cum=1341/1980=0.677
1790468953410 [spec-acc] ctx=3444 burst=23/33 cum=1364/2013=0.678
1790468953568 [spec-acc] ctx=3478 burst=25/27 cum=1389/2040=0.681
1790468953745 [spec-acc] ctx=3512 burst=23/30 cum=1412/2070=0.682
1790468953922 [spec-acc] ctx=3545 burst=22/30 cum=1434/2100=0.683
1790468954117 [spec-acc] ctx=3577 burst=21/33 cum=1455/2133=0.682
1790468954311 [spec-acc] ctx=3609 burst=23/33 cum=1478/2166=0.682
1790468954470 [spec-acc] ctx=3643 burst=24/27 cum=1502/2193=0.685
1790468954629 [spec-acc] ctx=3676 burst=23/27 cum=1525/2220=0.687
1790468954841 [spec-acc] ctx=3708 burst=21/36 cum=1546/2256=0.685
1790468955039 [spec-acc] ctx=3741 burst=22/33 cum=1568/2289=0.685
1790468955216 [spec-acc] ctx=3774 burst=23/30 cum=1591/2319=0.686
1790468955376 [spec-acc] ctx=3807 burst=24/27 cum=1615/2346=0.688
1790468955588 [spec-acc] ctx=3840 burst=20/36 cum=1635/2382=0.686
1790468955783 [spec-acc] ctx=3872 burst=22/33 cum=1657/2415=0.686
1790468955942 [spec-acc] ctx=3905 burst=25/27 cum=1682/2442=0.689
1790468956119 [spec-acc] ctx=3939 burst=22/30 cum=1704/2472=0.689
1790468956313 [spec-acc] ctx=3971 burst=24/33 cum=1728/2505=0.690
1790468956476 [spec-acc] ctx=4006 burst=26/27 cum=1754/2532=0.693
1790468956690 [spec-acc] ctx=4041 burst=21/36 cum=1775/2568=0.691
1790468956853 [spec-acc] ctx=4074 burst=23/27 cum=1798/2595=0.693
1790468957034 [spec-acc] ctx=4106 burst=22/30 cum=1820/2625=0.693
1790468957196 [spec-acc] ctx=4138 burst=26/27 cum=1846/2652=0.696
1790468957377 [spec-acc] ctx=4173 burst=23/30 cum=1869/2682=0.697
1790468957559 [spec-acc] ctx=4206 burst=24/30 cum=1893/2712=0.698
1790468957740 [spec-acc] ctx=4240 burst=23/30 cum=1916/2742=0.699
1790468957920 [spec-acc] ctx=4273 burst=23/30 cum=1939/2772=0.699
1790468958081 [spec-acc] ctx=4306 burst=24/27 cum=1963/2799=0.701
1790468958245 [spec-acc] ctx=4339 burst=24/27 cum=1987/2826=0.703
1790468958408 [spec-acc] ctx=4372 burst=24/27 cum=2011/2853=0.705
1790468958586 [spec-acc] ctx=4405 burst=22/30 cum=2033/2883=0.705
1790468958731 [spec-acc] ctx=4437 burst=24/24 cum=2057/2907=0.708
1790468958874 [spec-acc] ctx=4469 burst=24/24 cum=2081/2931=0.710
1790468959088 [spec-acc] ctx=4501 burst=21/36 cum=2102/2967=0.708
1790468959233 [spec-acc] ctx=4534 burst=24/24 cum=2126/2991=0.711
1790468959376 [spec-acc] ctx=4566 burst=24/24 cum=2150/3015=0.713
1790468959592 [spec-acc] ctx=4598 burst=21/36 cum=2171/3051=0.712
1790468959790 [spec-acc] ctx=4631 burst=24/33 cum=2195/3084=0.712
1790468959935 [spec-acc] ctx=4666 burst=24/24 cum=2219/3108=0.714
1790468960135 [spec-acc] ctx=4698 burst=22/33 cum=2241/3141=0.713
1790468960317 [spec-acc] ctx=4731 burst=23/30 cum=2264/3171=0.714
1790468960463 [spec-acc] ctx=4764 burst=24/24 cum=2288/3195=0.716
1790468960645 [spec-acc] ctx=4796 burst=25/30 cum=2313/3225=0.717
1790468960900 [spec-acc] ctx=4831 burst=20/42 cum=2333/3267=0.714
1790468961066 [spec-acc] ctx=4865 burst=24/27 cum=2357/3294=0.716
1790468961247 [spec-acc] ctx=4898 burst=24/30 cum=2381/3324=0.716
1790468961466 [spec-acc] ctx=4932 burst=20/36 cum=2401/3360=0.715
1790468961646 [spec-acc] ctx=4964 burst=24/30 cum=2425/3390=0.715
1790468961790 [spec-acc] ctx=4998 burst=24/24 cum=2449/3414=0.717
1790468961991 [spec-acc] ctx=5030 burst=21/33 cum=2470/3447=0.717
1790468962192 [spec-acc] ctx=5062 burst=21/33 cum=2491/3480=0.716
1790468962394 [spec-acc] ctx=5094 burst=24/33 cum=2515/3513=0.716
1790468962541 [spec-acc] ctx=5129 burst=24/24 cum=2539/3537=0.718
1790468962704 [spec-acc] ctx=5161 burst=23/27 cum=2562/3564=0.719
1790468962868 [spec-acc] ctx=5193 burst=26/27 cum=2588/3591=0.721
1790468963032 [spec-acc] ctx=5228 burst=25/27 cum=2613/3618=0.722
1790468963233 [spec-acc] ctx=5262 burst=22/33 cum=2635/3651=0.722
1790468963453 [spec-acc] ctx=5295 burst=22/36 cum=2657/3687=0.721
1790468963618 [spec-acc] ctx=5329 burst=24/27 cum=2681/3714=0.722
1790468963766 [spec-acc] ctx=5362 burst=24/24 cum=2705/3738=0.724
1790468963932 [spec-acc] ctx=5394 burst=25/27 cum=2730/3765=0.725
1790468964115 [spec-acc] ctx=5428 burst=22/30 cum=2752/3795=0.725
1790468964262 [spec-acc] ctx=5460 burst=24/24 cum=2776/3819=0.727
1790468964466 [spec-acc] ctx=5492 burst=23/33 cum=2799/3852=0.727
1790468964614 [spec-acc] ctx=5526 burst=24/24 cum=2823/3876=0.728
1790468964758 [spec-acc] ctx=5558 burst=24/24 cum=2847/3900=0.730
1790468964760 [meter] admit id=chatcmpl-83b4722ebcf7752a1a6bb7c60c73051b tenant=default lane=interactive model="q9"
1790468964772 [admission] per-session draft-state charge: model="q9" +44MB (measured capture high-water)
1790468964772 [admission] request cost: model="q9" ctx=9698 path=spec = 16704 B/token x ctx + 520MB prefill-workspace + 121MB fixed = 803MB
1790468964772 [admit-predict] id=chatcmpl-83b4722ebcf7752a1a6bb7c60c73051b tenant="" model="q9" verdict=admit reason=global-p95 prompt=1442 predicted_completion=4363 kv_hat=781689480 booked_bytes=0 booked_real=0 inflight=0 cap=64 budget_bytes=12760827008 retry_after_s=- exempt=0 enforce=0 live_free_bytes=-
1790468964772 [admit-mem] id=chatcmpl-83b4722ebcf7752a1a6bb7c60c73051b model="q9" verdict=admit prompt=1442 output_bound=- charged_ctx=9698 est_bytes=2457197256 est_context=161995392 est_fixed=2295201864 device_free=15510226488 pending_prime=0 pending_seed=0 host_free=0 demotable=228679680 short_by=0 inflight=0 cap=64 waited_ms=0 retry_after_s=-
1790468964774 [worker] spec-affinity: declined (history diverged at 6 of checkpoint 1408; 2 parked, 1442 prompt tokens; model q9)
1790468964774 [spec-k] model="q9" tenant="" K=3 source=cold-long prompt=1442 cached=0 lcp=6 active=1 wave=1 placement=single-or-non-pp2
1790468965404 [spec-acc] ctx=1442 burst=19/36 cum=19/36=0.528
1790468965404 [prefix-cache] insert (spec-boundary): 1408 tokens, 76.2MB (resident 304.9MB / 2052MB, model q9)
1790468965581 [spec-acc] ctx=1474 burst=23/30 cum=42/66=0.636
1790468965757 [spec-acc] ctx=1507 burst=25/30 cum=67/96=0.698
1790468965935 [spec-acc] ctx=1542 burst=22/30 cum=89/126=0.706
1790468966122 [spec-acc] ctx=1574 burst=22/33 cum=111/159=0.698
1790468966329 [spec-acc] ctx=1607 burst=21/36 cum=132/195=0.677
1790468966588 [spec-acc] ctx=1640 burst=20/45 cum=152/240=0.633
1790468966759 [spec-acc] ctx=1675 burst=22/30 cum=174/270=0.644
1790468966989 [spec-acc] ctx=1707 burst=22/39 cum=196/309=0.634
1790468967217 [spec-acc] ctx=1742 burst=19/39 cum=215/348=0.618
1790468967404 [spec-acc] ctx=1774 burst=21/33 cum=236/381=0.619
1790468967658 [spec-acc] ctx=1806 burst=18/45 cum=254/426=0.596
1790468967867 [spec-acc] ctx=1839 burst=20/36 cum=274/462=0.593
1790468968089 [spec-acc] ctx=1871 burst=21/39 cum=295/501=0.589
1790468968326 [spec-acc] ctx=1905 burst=19/42 cum=314/543=0.578
1790468968555 [spec-acc] ctx=1938 burst=21/39 cum=335/582=0.576
1790468968710 [spec-acc] ctx=1972 burst=23/27 cum=358/609=0.588
1790468968903 [spec-acc] ctx=2004 burst=21/33 cum=379/642=0.590
1790468969127 [spec-acc] ctx=2036 burst=20/39 cum=399/681=0.586
1790468969302 [spec-acc] ctx=2069 burst=22/30 cum=421/711=0.592
1790468969458 [spec-acc] ctx=2101 burst=23/27 cum=444/738=0.602
1790468969634 [spec-acc] ctx=2133 burst=23/30 cum=467/768=0.608
1790468969790 [spec-acc] ctx=2166 burst=24/27 cum=491/795=0.618
1790468969981 [spec-acc] ctx=2199 burst=22/33 cum=513/828=0.620
1790468970173 [spec-acc] ctx=2232 burst=24/33 cum=537/861=0.624
1790468970382 [spec-acc] ctx=2267 burst=22/36 cum=559/897=0.623
1790468970572 [spec-acc] ctx=2301 burst=21/33 cum=580/930=0.624
1790468970743 [spec-acc] ctx=2333 burst=23/30 cum=603/960=0.628
1790468970935 [spec-acc] ctx=2366 burst=21/33 cum=624/993=0.628
1790468971089 [spec-acc] ctx=2398 burst=24/27 cum=648/1020=0.635
1790468971244 [spec-acc] ctx=2431 burst=23/27 cum=671/1047=0.641
1790468971399 [spec-acc] ctx=2463 burst=24/27 cum=695/1074=0.647
1790468971609 [spec-acc] ctx=2496 burst=20/36 cum=715/1110=0.644
1790468971820 [spec-acc] ctx=2528 burst=21/36 cum=736/1146=0.642
1790468971995 [spec-acc] ctx=2561 burst=23/30 cum=759/1176=0.645
1790468972135 [spec-acc] ctx=2594 burst=24/24 cum=783/1200=0.652
1790468972326 [spec-acc] ctx=2626 burst=24/33 cum=807/1233=0.655
1790468972482 [spec-acc] ctx=2661 burst=23/27 cum=830/1260=0.659
1790468972711 [spec-acc] ctx=2693 burst=21/39 cum=851/1299=0.655
1790468972869 [spec-acc] ctx=2727 burst=25/27 cum=876/1326=0.661
1790468973027 [spec-acc] ctx=2761 burst=23/27 cum=899/1353=0.664
1790468973200 [spec-acc] ctx=2793 burst=23/30 cum=922/1383=0.667
1790468973376 [spec-acc] ctx=2826 burst=25/30 cum=947/1413=0.670
1790468973535 [spec-acc] ctx=2861 burst=24/27 cum=971/1440=0.674
1790468973743 [spec-acc] ctx=2894 burst=20/36 cum=991/1476=0.671
1790468973919 [spec-acc] ctx=2926 burst=22/30 cum=1013/1506=0.673
1790468974092 [spec-acc] ctx=2958 burst=24/30 cum=1037/1536=0.675
1790468974300 [spec-acc] ctx=2992 burst=20/36 cum=1057/1572=0.672
1790468974460 [spec-acc] ctx=3024 burst=24/27 cum=1081/1599=0.676
1790468974655 [spec-acc] ctx=3057 burst=21/33 cum=1102/1632=0.675
1790468974813 [spec-acc] ctx=3089 burst=23/27 cum=1125/1659=0.678
1790468974991 [spec-acc] ctx=3121 burst=23/30 cum=1148/1689=0.680
1790468975166 [spec-acc] ctx=3154 burst=22/30 cum=1170/1719=0.681
1790468975361 [spec-acc] ctx=3186 burst=22/33 cum=1192/1752=0.680
1790468975522 [spec-acc] ctx=3219 burst=24/27 cum=1216/1779=0.684
1790468975679 [spec-acc] ctx=3252 burst=24/27 cum=1240/1806=0.687
1790468975857 [spec-acc] ctx=3285 burst=25/30 cum=1265/1836=0.689
1790468976069 [spec-acc] ctx=3320 burst=20/36 cum=1285/1872=0.686
1790468976210 [spec-acc] ctx=3352 burst=24/24 cum=1309/1896=0.690
1790468976404 [spec-acc] ctx=3384 burst=21/33 cum=1330/1929=0.689
1790468976635 [spec-acc] ctx=3416 burst=19/39 cum=1349/1968=0.685
1790468976793 [spec-acc] ctx=3448 burst=24/27 cum=1373/1995=0.688
1790468976986 [spec-acc] ctx=3481 burst=24/33 cum=1397/2028=0.689
1790468977128 [spec-acc] ctx=3516 burst=24/24 cum=1421/2052=0.692
1790468977323 [spec-acc] ctx=3548 burst=23/33 cum=1444/2085=0.693
1790468977482 [spec-acc] ctx=3582 burst=26/27 cum=1470/2112=0.696
1790468977695 [spec-acc] ctx=3617 burst=20/36 cum=1490/2148=0.694
1790468977890 [spec-acc] ctx=3649 burst=21/33 cum=1511/2181=0.693
1790468978050 [spec-acc] ctx=3681 burst=24/27 cum=1535/2208=0.695
1790468978229 [spec-acc] ctx=3714 burst=23/30 cum=1558/2238=0.696
1790468978425 [spec-acc] ctx=3747 burst=24/33 cum=1582/2271=0.697
1790468978585 [spec-acc] ctx=3782 burst=23/27 cum=1605/2298=0.698
1790468978800 [spec-acc] ctx=3814 burst=21/36 cum=1626/2334=0.697
1790468978943 [spec-acc] ctx=3847 burst=24/24 cum=1650/2358=0.700
1790468979102 [spec-acc] ctx=3879 burst=24/27 cum=1674/2385=0.702
1790468979316 [spec-acc] ctx=3912 burst=21/36 cum=1695/2421=0.700
1790468979459 [spec-acc] ctx=3945 burst=24/24 cum=1719/2445=0.703
1790468979654 [spec-acc] ctx=3977 burst=24/33 cum=1743/2478=0.703
1790468979868 [spec-acc] ctx=4012 burst=21/36 cum=1764/2514=0.702
1790468980084 [spec-acc] ctx=4045 burst=21/36 cum=1785/2550=0.700
1790468980244 [spec-acc] ctx=4078 burst=26/27 cum=1811/2577=0.703
1790468980479 [spec-acc] ctx=4113 burst=22/39 cum=1833/2616=0.701
1790468980675 [spec-acc] ctx=4148 burst=22/33 cum=1855/2649=0.700
1790468980836 [spec-acc] ctx=4181 burst=23/27 cum=1878/2676=0.702
1790468980998 [spec-acc] ctx=4213 burst=24/27 cum=1902/2703=0.704
1790468981180 [spec-acc] ctx=4246 burst=24/30 cum=1926/2733=0.705
1790468981343 [spec-acc] ctx=4280 burst=26/27 cum=1952/2760=0.707
1790468981579 [spec-acc] ctx=4315 burst=19/39 cum=1971/2799=0.704
1790468981744 [spec-acc] ctx=4347 burst=23/27 cum=1994/2826=0.706
1790468981905 [spec-acc] ctx=4379 burst=24/27 cum=2018/2853=0.707
1790468982069 [spec-acc] ctx=4412 burst=23/27 cum=2041/2880=0.709
1790468982302 [spec-acc] ctx=4444 burst=21/39 cum=2062/2919=0.706
1790468982518 [spec-acc] ctx=4478 burst=21/36 cum=2083/2955=0.705
1790468982699 [spec-acc] ctx=4511 burst=25/30 cum=2108/2985=0.706
1790468982933 [spec-acc] ctx=4546 burst=20/39 cum=2128/3024=0.704
1790468983075 [spec-acc] ctx=4579 burst=24/24 cum=2152/3048=0.706
1790468983255 [spec-acc] ctx=4611 burst=23/30 cum=2175/3078=0.707
1790468983509 [spec-acc] ctx=4644 burst=20/42 cum=2195/3120=0.704
1790468983709 [spec-acc] ctx=4678 burst=21/33 cum=2216/3153=0.703
1790468983947 [spec-acc] ctx=4710 burst=20/39 cum=2236/3192=0.701
1790468984109 [spec-acc] ctx=4743 burst=26/27 cum=2262/3219=0.703
1790468984291 [spec-acc] ctx=4778 burst=23/30 cum=2285/3249=0.703
1790468984438 [spec-acc] ctx=4811 burst=24/24 cum=2309/3273=0.705
1790468984692 [spec-acc] ctx=4843 burst=21/42 cum=2330/3315=0.703
1790468984874 [spec-acc] ctx=4878 burst=25/30 cum=2355/3345=0.704
1790468985038 [spec-acc] ctx=4913 burst=24/27 cum=2379/3372=0.706
1790468985185 [spec-acc] ctx=4946 burst=24/24 cum=2403/3396=0.708
1790468985369 [spec-acc] ctx=4978 burst=22/30 cum=2425/3426=0.708
1790468985513 [spec-acc] ctx=5010 burst=24/24 cum=2449/3450=0.710
1790468985693 [spec-acc] ctx=5042 burst=23/30 cum=2472/3480=0.710
1790468985838 [spec-acc] ctx=5075 burst=24/24 cum=2496/3504=0.712
1790468986093 [spec-acc] ctx=5107 burst=19/42 cum=2515/3546=0.709
1790468986256 [spec-acc] ctx=5140 burst=25/27 cum=2540/3573=0.711
1790468986440 [spec-acc] ctx=5174 burst=22/30 cum=2562/3603=0.711
1790468986586 [spec-acc] ctx=5206 burst=24/24 cum=2586/3627=0.713
1790468986787 [spec-acc] ctx=5238 burst=23/33 cum=2609/3660=0.713
1790468986970 [spec-acc] ctx=5272 burst=22/30 cum=2631/3690=0.713
1790468987153 [spec-acc] ctx=5304 burst=25/30 cum=2656/3720=0.714
1790468987317 [spec-acc] ctx=5339 burst=24/27 cum=2680/3747=0.715
1790468987519 [spec-acc] ctx=5372 burst=21/33 cum=2701/3780=0.715
1790468987701 [spec-acc] ctx=5404 burst=23/30 cum=2724/3810=0.715
1790468987867 [spec-acc] ctx=5437 burst=26/27 cum=2750/3837=0.717
1790468988033 [spec-acc] ctx=5472 burst=25/27 cum=2775/3864=0.718
1790468988178 [spec-acc] ctx=5506 burst=24/24 cum=2799/3888=0.720
1790468988362 [spec-acc] ctx=5538 burst=24/30 cum=2823/3918=0.721
1790468988507 [spec-acc] ctx=5572 burst=24/24 cum=2847/3942=0.722
1790468988673 [spec-acc] ctx=5604 burst=24/27 cum=2871/3969=0.723
1790468988817 [spec-acc] ctx=5637 burst=24/24 cum=2895/3993=0.725
1790468989036 [spec-acc] ctx=5669 burst=22/36 cum=2917/4029=0.724
1790468989182 [spec-acc] ctx=5703 burst=24/24 cum=2941/4053=0.726
1790468989364 [spec-acc] ctx=5735 burst=25/30 cum=2966/4083=0.726
1790468989570 [spec-acc] ctx=5770 burst=21/33 cum=2987/4116=0.726
1790468989716 [spec-acc] ctx=5802 burst=24/24 cum=3011/4140=0.727
1790468989885 [spec-acc] ctx=5834 burst=23/27 cum=3034/4167=0.728
1790468990037 [spec-acc] ctx=5866 burst=24/24 cum=3058/4191=0.730
1790468990201 [spec-acc] ctx=5898 burst=23/27 cum=3081/4218=0.730
1790468990405 [spec-acc] ctx=5930 burst=21/33 cum=3102/4251=0.730
1790468990630 [spec-acc] ctx=5962 burst=20/36 cum=3122/4287=0.728
1790468990874 [spec-acc] ctx=5994 burst=21/39 cum=3143/4326=0.727
1790468991022 [spec-acc] ctx=6028 burst=24/24 cum=3167/4350=0.728
1790468991211 [spec-acc] ctx=6060 burst=23/30 cum=3190/4380=0.728
1790468991396 [spec-acc] ctx=6093 burst=22/30 cum=3212/4410=0.728
1790468991546 [spec-acc] ctx=6125 burst=24/24 cum=3236/4434=0.730
1790468991712 [spec-acc] ctx=6157 burst=26/27 cum=3262/4461=0.731
1790468991876 [spec-acc] ctx=6192 burst=26/27 cum=3288/4488=0.733
1790468991878 [meter] admit id=chatcmpl-7ea8fc8881865d48d1b71016c581fbbf tenant=default lane=interactive model="q9"
1790468991890 [admission] per-session draft-state charge: model="q9" +44MB (measured capture high-water)
1790468991890 [admission] request cost: model="q9" ctx=9697 path=spec = 16704 B/token x ctx + 519MB prefill-workspace + 121MB fixed = 802MB
1790468991890 [admit-predict] id=chatcmpl-7ea8fc8881865d48d1b71016c581fbbf tenant="" model="q9" verdict=admit reason=global-p95 prompt=1441 predicted_completion=4761 kv_hat=787960520 booked_bytes=0 booked_real=0 inflight=0 cap=64 budget_bytes=12760827008 retry_after_s=- exempt=0 enforce=0 live_free_bytes=-
1790468991890 [admit-mem] id=chatcmpl-7ea8fc8881865d48d1b71016c581fbbf model="q9" verdict=admit prompt=1441 output_bound=- charged_ctx=9697 est_bytes=2456820104 est_context=161978688 est_fixed=2294841416 device_free=15433960632 pending_prime=0 pending_seed=0 host_free=0 demotable=304906240 short_by=0 inflight=0 cap=64 waited_ms=0 retry_after_s=-
1790468991891 [worker] spec-affinity: declined (history diverged at 6 of checkpoint 1408; 2 parked, 1441 prompt tokens; model q9)
1790468991892 [spec-k] model="q9" tenant="" K=3 source=cold-long prompt=1441 cached=0 lcp=6 active=1 wave=1 placement=single-or-non-pp2
1790468992547 [spec-acc] ctx=1441 burst=20/33 cum=20/33=0.606
1790468992547 [prefix-cache] insert (spec-boundary): 1408 tokens, 76.2MB (resident 381.1MB / 2052MB, model q9)
1790468992757 [spec-acc] ctx=1473 burst=24/33 cum=44/66=0.667
1790468992920 [spec-acc] ctx=1508 burst=23/27 cum=67/93=0.720
1790468993081 [spec-acc] ctx=1540 burst=24/27 cum=91/120=0.758
1790468993292 [spec-acc] ctx=1573 burst=22/36 cum=113/156=0.724
1790468993466 [spec-acc] ctx=1607 burst=23/30 cum=136/186=0.731
1790468993744 [spec-acc] ctx=1640 burst=16/48 cum=152/234=0.650
1790468993956 [spec-acc] ctx=1672 burst=20/36 cum=172/270=0.637
1790468994129 [spec-acc] ctx=1704 burst=24/30 cum=196/300=0.653
1790468994322 [spec-acc] ctx=1738 burst=22/33 cum=218/333=0.655
1790468994513 [spec-acc] ctx=1771 burst=21/33 cum=239/366=0.653
1790468994688 [spec-acc] ctx=1803 burst=24/30 cum=263/396=0.664
1790468994861 [spec-acc] ctx=1837 burst=23/30 cum=286/426=0.671
1790468995107 [spec-acc] ctx=1870 burst=21/42 cum=307/468=0.656
1790468995280 [spec-acc] ctx=1905 burst=22/30 cum=329/498=0.661
1790468995509 [spec-acc] ctx=1937 burst=20/39 cum=349/537=0.650
1790468995756 [spec-acc] ctx=1970 burst=19/42 cum=368/579=0.636
1790468995950 [spec-acc] ctx=2003 burst=22/33 cum=390/612=0.637
1790468996127 [spec-acc] ctx=2036 burst=23/30 cum=413/642=0.643
1790468996357 [spec-acc] ctx=2069 burst=20/39 cum=433/681=0.636
1790468996533 [spec-acc] ctx=2102 burst=22/30 cum=455/711=0.640
1790468996728 [spec-acc] ctx=2134 burst=24/33 cum=479/744=0.644
1790468996921 [spec-acc] ctx=2169 burst=23/33 cum=502/777=0.646
1790468997082 [spec-acc] ctx=2203 burst=23/27 cum=525/804=0.653
1790468997241 [spec-acc] ctx=2235 burst=24/27 cum=549/831=0.661
1790468997417 [spec-acc] ctx=2268 burst=22/30 cum=571/861=0.663
1790468997627 [spec-acc] ctx=2300 burst=21/36 cum=592/897=0.660
1790468997874 [spec-acc] ctx=2333 burst=19/42 cum=611/939=0.651
1790468998067 [spec-acc] ctx=2366 burst=24/33 cum=635/972=0.653
1790468998315 [spec-acc] ctx=2401 burst=18/42 cum=653/1014=0.644
1790468998546 [spec-acc] ctx=2433 burst=19/39 cum=672/1053=0.638
1790468998723 [spec-acc] ctx=2465 burst=23/30 cum=695/1083=0.642
1790468998883 [spec-acc] ctx=2498 burst=23/27 cum=718/1110=0.647
1790468999096 [spec-acc] ctx=2530 burst=22/36 cum=740/1146=0.646
1790468999257 [spec-acc] ctx=2564 burst=24/27 cum=764/1173=0.651
1790468999432 [spec-acc] ctx=2597 burst=22/30 cum=786/1203=0.653
1790468999594 [spec-acc] ctx=2629 burst=25/27 cum=811/1230=0.659
1790468999823 [spec-acc] ctx=2663 burst=20/39 cum=831/1269=0.655
1790469000077 [spec-acc] ctx=2696 burst=18/42 cum=849/1311=0.648
1790469000268 [spec-acc] ctx=2728 burst=22/30 cum=871/1341=0.650
1790469000444 [spec-acc] ctx=2760 burst=24/30 cum=895/1371=0.653
1790469000581 [spec-acc] ctx=2794 burst=24/24 cum=919/1395=0.659
1790469000787 [spec-acc] ctx=2826 burst=23/36 cum=942/1431=0.658
1790469000981 [spec-acc] ctx=2861 burst=22/33 cum=964/1464=0.658
1790469001153 [spec-acc] ctx=2894 burst=23/30 cum=987/1494=0.661
1790469001346 [spec-acc] ctx=2927 burst=22/33 cum=1009/1527=0.661
1790469001486 [spec-acc] ctx=2960 burst=24/24 cum=1033/1551=0.666
1790469001679 [spec-acc] ctx=2992 burst=22/33 cum=1055/1584=0.666
1790469001889 [spec-acc] ctx=3025 burst=23/36 cum=1078/1620=0.665
1790469002030 [spec-acc] ctx=3060 burst=24/24 cum=1102/1644=0.670
1790469002187 [spec-acc] ctx=3092 burst=24/27 cum=1126/1671=0.674
1790469002362 [spec-acc] ctx=3125 burst=25/30 cum=1151/1701=0.677
1790469002555 [spec-acc] ctx=3160 burst=21/33 cum=1172/1734=0.676
1790469002767 [spec-acc] ctx=3192 burst=21/36 cum=1193/1770=0.674
1790469002924 [spec-acc] ctx=3225 burst=24/27 cum=1217/1797=0.677
1790469003156 [spec-acc] ctx=3258 burst=22/39 cum=1239/1836=0.675
1790469003350 [spec-acc] ctx=3293 burst=24/33 cum=1263/1869=0.676
1790469003490 [spec-acc] ctx=3328 burst=24/24 cum=1287/1893=0.680
1790469003648 [spec-acc] ctx=3360 burst=24/27 cum=1311/1920=0.683
1790469003839 [spec-acc] ctx=3393 burst=21/33 cum=1332/1953=0.682
1790469004051 [spec-acc] ctx=3425 burst=20/36 cum=1352/1989=0.680
1790469004294 [spec-acc] ctx=3457 burst=20/42 cum=1372/2031=0.676
1790469004471 [spec-acc] ctx=3491 burst=22/30 cum=1394/2061=0.676
1790469004628 [spec-acc] ctx=3523 burst=23/27 cum=1417/2088=0.679
1790469004789 [spec-acc] ctx=3555 burst=25/27 cum=1442/2115=0.682
1790469004948 [spec-acc] ctx=3589 burst=24/27 cum=1466/2142=0.684
1790469005123 [spec-acc] ctx=3622 burst=23/30 cum=1489/2172=0.686
1790469005371 [spec-acc] ctx=3655 burst=21/42 cum=1510/2214=0.682
1790469005548 [spec-acc] ctx=3690 burst=25/30 cum=1535/2244=0.684
1790469005724 [spec-acc] ctx=3725 burst=23/30 cum=1558/2274=0.685
1790469005901 [spec-acc] ctx=3758 burst=25/30 cum=1583/2304=0.687
1790469006061 [spec-acc] ctx=3793 burst=24/27 cum=1607/2331=0.689
1790469006221 [spec-acc] ctx=3826 burst=25/27 cum=1632/2358=0.692
1790469006419 [spec-acc] ctx=3860 burst=21/33 cum=1653/2391=0.691
1790469006576 [spec-acc] ctx=3892 burst=26/27 cum=1679/2418=0.694
1790469006789 [spec-acc] ctx=3927 burst=22/36 cum=1701/2454=0.693
1790469007002 [spec-acc] ctx=3961 burst=22/36 cum=1723/2490=0.692
1790469007177 [spec-acc] ctx=3995 burst=23/30 cum=1746/2520=0.693
1790469007355 [spec-acc] ctx=4028 burst=23/30 cum=1769/2550=0.694
1790469007533 [spec-acc] ctx=4061 burst=23/30 cum=1792/2580=0.695
1790469007693 [spec-acc] ctx=4094 burst=23/27 cum=1815/2607=0.696
1790469007873 [spec-acc] ctx=4126 burst=25/30 cum=1840/2637=0.698
1790469008105 [spec-acc] ctx=4161 burst=22/39 cum=1862/2676=0.696
1790469008321 [spec-acc] ctx=4196 burst=20/36 cum=1882/2712=0.694
1790469008521 [spec-acc] ctx=4228 burst=22/33 cum=1904/2745=0.694
1790469008738 [spec-acc] ctx=4261 burst=20/36 cum=1924/2781=0.692
1790469008989 [spec-acc] ctx=4293 burst=20/42 cum=1944/2823=0.689
1790469009153 [spec-acc] ctx=4327 burst=26/27 cum=1970/2850=0.691
1790469009351 [spec-acc] ctx=4362 burst=22/33 cum=1992/2883=0.691
1790469009493 [spec-acc] ctx=4395 burst=24/24 cum=2016/2907=0.693
1790469009671 [spec-acc] ctx=4427 burst=22/30 cum=2038/2937=0.694
1790469009812 [spec-acc] ctx=4459 burst=24/24 cum=2062/2961=0.696
1790469009972 [spec-acc] ctx=4491 burst=25/27 cum=2087/2988=0.698
1790469010186 [spec-acc] ctx=4525 burst=23/36 cum=2110/3024=0.698
1790469010364 [spec-acc] ctx=4560 burst=24/30 cum=2134/3054=0.699
1790469010543 [spec-acc] ctx=4594 burst=25/30 cum=2159/3084=0.700
1790469010692 [spec-acc] ctx=4629 burst=24/24 cum=2183/3108=0.702
1790469010853 [spec-acc] ctx=4661 burst=25/27 cum=2208/3135=0.704
1790469011032 [spec-acc] ctx=4695 burst=24/30 cum=2232/3165=0.705
1790469011231 [spec-acc] ctx=4729 burst=22/33 cum=2254/3198=0.705
1790469011413 [spec-acc] ctx=4762 burst=25/30 cum=2279/3228=0.706
1790469011595 [spec-acc] ctx=4797 burst=24/30 cum=2303/3258=0.707
1790469011775 [spec-acc] ctx=4831 burst=24/30 cum=2327/3288=0.708
1790469011975 [spec-acc] ctx=4865 burst=23/33 cum=2350/3321=0.708
1790469012136 [spec-acc] ctx=4899 burst=26/27 cum=2376/3348=0.710
1790469012319 [spec-acc] ctx=4934 burst=23/30 cum=2399/3378=0.710
1790469012519 [spec-acc] ctx=4967 burst=22/33 cum=2421/3411=0.710
1790469012699 [spec-acc] ctx=5000 burst=23/30 cum=2444/3441=0.710
1790469012882 [spec-acc] ctx=5033 burst=22/30 cum=2466/3471=0.710
1790469013064 [spec-acc] ctx=5065 burst=25/30 cum=2491/3501=0.712
1790469013283 [spec-acc] ctx=5100 burst=20/36 cum=2511/3537=0.710
1790469013447 [spec-acc] ctx=5132 burst=23/27 cum=2534/3564=0.711
1790469013630 [spec-acc] ctx=5164 burst=23/30 cum=2557/3594=0.711
1790469013830 [spec-acc] ctx=5197 burst=21/33 cum=2578/3627=0.711
1790469013993 [spec-acc] ctx=5229 burst=25/27 cum=2603/3654=0.712
1790469014213 [spec-acc] ctx=5263 burst=21/36 cum=2624/3690=0.711
1790469014376 [spec-acc] ctx=5296 burst=23/27 cum=2647/3717=0.712
1790469014539 [spec-acc] ctx=5328 burst=23/27 cum=2670/3744=0.713
1790469014705 [spec-acc] ctx=5360 burst=23/27 cum=2693/3771=0.714
1790469014850 [spec-acc] ctx=5392 burst=24/24 cum=2717/3795=0.716
1790469015032 [spec-acc] ctx=5424 burst=24/30 cum=2741/3825=0.717
1790469015214 [spec-acc] ctx=5458 burst=23/30 cum=2764/3855=0.717
1790469015469 [spec-acc] ctx=5491 burst=19/42 cum=2783/3897=0.714
1790469015686 [spec-acc] ctx=5524 burst=20/36 cum=2803/3933=0.713
1790469015867 [spec-acc] ctx=5556 burst=25/30 cum=2828/3963=0.714
1790469016030 [spec-acc] ctx=5591 burst=25/27 cum=2853/3990=0.715
1790469016212 [spec-acc] ctx=5625 burst=23/30 cum=2876/4020=0.715
1790469016376 [spec-acc] ctx=5658 burst=23/27 cum=2899/4047=0.716
1790469016540 [spec-acc] ctx=5690 burst=26/27 cum=2925/4074=0.718
1790469016725 [spec-acc] ctx=5725 burst=23/30 cum=2948/4104=0.718
1790469016981 [spec-acc] ctx=5758 burst=20/42 cum=2968/4146=0.716
1790469017147 [spec-acc] ctx=5792 burst=25/27 cum=2993/4173=0.717
1790469017349 [spec-acc] ctx=5826 burst=22/33 cum=3015/4206=0.717
1790469017532 [spec-acc] ctx=5859 burst=24/30 cum=3039/4236=0.717
1790469017753 [spec-acc] ctx=5893 burst=20/36 cum=3059/4272=0.716
1790469017972 [spec-acc] ctx=5925 burst=20/36 cum=3079/4308=0.715
1790469018177 [spec-acc] ctx=5957 burst=21/33 cum=3100/4341=0.714
1790469018342 [spec-acc] ctx=5989 burst=23/27 cum=3123/4368=0.715
1790469018507 [spec-acc] ctx=6021 burst=24/27 cum=3147/4395=0.716
1790469018653 [spec-acc] ctx=6054 burst=24/24 cum=3171/4419=0.718
1790469018836 [spec-acc] ctx=6086 burst=22/30 cum=3193/4449=0.718
1790469019038 [spec-acc] ctx=6118 burst=22/33 cum=3215/4482=0.717
1790469019186 [spec-acc] ctx=6151 burst=24/24 cum=3239/4506=0.719
1790469019372 [spec-acc] ctx=6183 burst=25/30 cum=3264/4536=0.720
1790469019559 [spec-acc] ctx=6218 burst=25/30 cum=3289/4566=0.720
1790469019725 [spec-acc] ctx=6253 burst=24/27 cum=3313/4593=0.721
1790469019910 [spec-acc] ctx=6286 burst=22/30 cum=3335/4623=0.721
1790469020097 [spec-acc] ctx=6318 burst=25/30 cum=3360/4653=0.722
1790469020282 [spec-acc] ctx=6353 burst=24/30 cum=3384/4683=0.723
1790469020449 [spec-acc] ctx=6387 burst=23/27 cum=3407/4710=0.723
1790469020617 [spec-acc] ctx=6419 burst=25/27 cum=3432/4737=0.725
1790469020783 [spec-acc] ctx=6453 burst=24/27 cum=3456/4764=0.725
1790469020970 [spec-acc] ctx=6486 burst=25/30 cum=3481/4794=0.726
1790469020975 [meter] admit id=chatcmpl-ab584f9c7defa63cebdf30bdb4cc5d6c tenant=default lane=interactive model="q9"
1790469020984 [admission] per-session draft-state charge: model="q9" +44MB (measured capture high-water)
1790469020984 [admission] request cost: model="q9" ctx=1833 path=spec = 16704 B/token x ctx + 603MB prefill-workspace + 121MB fixed = 755MB
1790469020984 [admit-predict] id=chatcmpl-ab584f9c7defa63cebdf30bdb4cc5d6c tenant="" model="q9" verdict=admit reason=global-p95 prompt=1673 predicted_completion=96 kv_hat=797535624 booked_bytes=0 booked_real=0 inflight=0 cap=64 budget_bytes=12760827008 retry_after_s=- exempt=0 enforce=0 live_free_bytes=-
1790469020984 [admit-mem] id=chatcmpl-ab584f9c7defa63cebdf30bdb4cc5d6c model="q9" verdict=admit prompt=1673 output_bound=96 charged_ctx=1833 est_bytes=2409083784 est_context=30618432 est_fixed=2378465352 device_free=15357769016 pending_prime=0 pending_seed=0 host_free=0 demotable=381132800 short_by=0 inflight=0 cap=64 waited_ms=0 retry_after_s=-
1790469020985 [worker] spec-affinity: declined (history diverged at 4 of checkpoint 1408; 2 parked, 1673 prompt tokens; model q9)
1790469020985 [spec-k] model="q9" tenant="" K=3 source=cold-long prompt=1673 cached=0 lcp=4 active=1 wave=1 placement=single-or-non-pp2
1790469021703 [spec-acc] ctx=1673 burst=23/30 cum=23/30=0.767
1790469021703 [prefix-cache] insert (spec-boundary): 1632 tokens, 80.0MB (resident 461.1MB / 2052MB, model q9)
1790469021963 [spec-acc] ctx=1707 burst=18/42 cum=41/72=0.569
1790469022142 [spec-acc] ctx=1739 burst=22/30 cum=63/102=0.618
1790469022146 [meter] admit id=chatcmpl-dc817175ecc9cf478be442f6db971bb7 tenant=default lane=interactive model="q9"
1790469022155 [admission] per-session draft-state charge: model="q9" +44MB (measured capture high-water)
1790469022155 [admission] request cost: model="q9" ctx=1832 path=spec = 16704 B/token x ctx + 603MB prefill-workspace + 121MB fixed = 754MB
1790469022155 [admit-predict] id=chatcmpl-dc817175ecc9cf478be442f6db971bb7 tenant="" model="q9" verdict=admit reason=global-p95 prompt=1672 predicted_completion=96 kv_hat=797158472 booked_bytes=0 booked_real=0 inflight=0 cap=64 budget_bytes=12760827008 retry_after_s=- exempt=0 enforce=0 live_free_bytes=-
1790469022156 [admit-mem] id=chatcmpl-dc817175ecc9cf478be442f6db971bb7 model="q9" verdict=admit prompt=1672 output_bound=96 charged_ctx=1832 est_bytes=2408706632 est_context=30601728 est_fixed=2378104904 device_free=15423791544 pending_prime=0 pending_seed=0 host_free=0 demotable=461101056 short_by=0 inflight=0 cap=64 waited_ms=0 retry_after_s=-
1790469022157 [worker] spec-affinity: declined (history diverged at 4 of checkpoint 1408; 2 parked, 1672 prompt tokens; model q9)
1790469022158 [spec-k] model="q9" tenant="" K=3 source=cold-long prompt=1672 cached=0 lcp=6 active=1 wave=1 placement=single-or-non-pp2
1790469022839 [spec-acc] ctx=1672 burst=24/27 cum=24/27=0.889
1790469022839 [prefix-cache] insert (spec-boundary): 1632 tokens, 80.0MB (resident 541.1MB / 2052MB, model q9)
1790469023079 [spec-acc] ctx=1706 burst=22/39 cum=46/66=0.697
1790469023222 [spec-acc] ctx=1741 burst=20/24 cum=66/90=0.733
1790469023226 [meter] admit id=chatcmpl-9d77c5804037af67bd2f5c043ecca693 tenant=default lane=interactive model="q9"
1790469023235 [admission] per-session draft-state charge: model="q9" +44MB (measured capture high-water)
1790469023235 [admission] request cost: model="q9" ctx=1831 path=spec = 16704 B/token x ctx + 602MB prefill-workspace + 121MB fixed = 754MB
1790469023235 [admit-predict] id=chatcmpl-9d77c5804037af67bd2f5c043ecca693 tenant="" model="q9" verdict=admit reason=global-p95 prompt=1671 predicted_completion=96 kv_hat=796781320 booked_bytes=0 booked_real=0 inflight=0 cap=64 budget_bytes=12760827008 retry_after_s=- exempt=0 enforce=0 live_free_bytes=-
1790469023235 [admit-mem] id=chatcmpl-9d77c5804037af67bd2f5c043ecca693 model="q9" verdict=admit prompt=1671 output_bound=96 charged_ctx=1831 est_bytes=2408329480 est_context=30585024 est_fixed=2377744456 device_free=15489814072 pending_prime=0 pending_seed=0 host_free=0 demotable=541069312 short_by=0 inflight=0 cap=64 waited_ms=0 retry_after_s=-
1790469023236 [worker] spec-affinity: declined (history diverged at 6 of checkpoint 1632; 2 parked, 1671 prompt tokens; model q9)
1790469023237 [spec-k] model="q9" tenant="" K=3 source=cold-long prompt=1671 cached=0 lcp=6 active=1 wave=1 placement=single-or-non-pp2
1790469023928 [spec-acc] ctx=1671 burst=23/30 cum=23/30=0.767
1790469023928 [prefix-cache] insert (spec-boundary): 1632 tokens, 80.0MB (resident 621.0MB / 2052MB, model q9)
1790469024156 [spec-acc] ctx=1705 burst=21/39 cum=44/69=0.638
1790469024314 [spec-acc] ctx=1739 burst=19/27 cum=63/96=0.656
1790469024318 [meter] admit id=chatcmpl-0834100ed32df7944223eda546e4bcb5 tenant=default lane=interactive model="q9"
1790469024326 [admit-predict] id=chatcmpl-0834100ed32df7944223eda546e4bcb5 tenant="" model="q9" verdict=admit reason=global-p95 prompt=1671 predicted_completion=96 kv_hat=796781320 booked_bytes=0 booked_real=0 inflight=0 cap=64 budget_bytes=12760827008 retry_after_s=- exempt=0 enforce=0 live_free_bytes=-
1790469024326 [admit-mem] id=chatcmpl-0834100ed32df7944223eda546e4bcb5 model="q9" verdict=admit prompt=1671 output_bound=96 charged_ctx=1831 est_bytes=2408329480 est_context=30585024 est_fixed=2377744456 device_free=15409899320 pending_prime=0 pending_seed=0 host_free=0 demotable=621037568 short_by=0 inflight=0 cap=64 waited_ms=0 retry_after_s=-
1790469024328 [worker] spec-affinity: declined (history diverged at 6 of checkpoint 1632; 2 parked, 1671 prompt tokens; model q9)
1790469024328 [spec-k] model="q9" tenant="" K=3 source=cold-long prompt=1671 cached=0 lcp=6 active=1 wave=1 placement=single-or-non-pp2
1790469024973 [spec-acc] ctx=1671 burst=23/27 cum=23/27=0.852
1790469024973 [prefix-cache] insert (spec-boundary): 1632 tokens, 80.0MB (resident 701.0MB / 2052MB, model q9)
1790469025167 [spec-acc] ctx=1704 burst=22/33 cum=45/60=0.750
1790469025306 [spec-acc] ctx=1737 burst=22/24 cum=67/84=0.798
1790469025310 [meter] admit id=chatcmpl-fcba4487da21edc5dee69b146cff78a7 tenant=default lane=interactive model="q9"
1790469025318 [admission] per-session draft-state charge: model="q9" +44MB (measured capture high-water)
1790469025318 [admission] request cost: model="q9" ctx=1828 path=spec = 16704 B/token x ctx + 601MB prefill-workspace + 121MB fixed = 753MB
1790469025318 [admit-predict] id=chatcmpl-fcba4487da21edc5dee69b146cff78a7 tenant="" model="q9" verdict=admit reason=global-p95 prompt=1668 predicted_completion=96 kv_hat=795649864 booked_bytes=0 booked_real=0 inflight=0 cap=64 budget_bytes=12760827008 retry_after_s=- exempt=0 enforce=0 live_free_bytes=-
1790469025318 [admit-mem] id=chatcmpl-fcba4487da21edc5dee69b146cff78a7 model="q9" verdict=admit prompt=1668 output_bound=96 charged_ctx=1828 est_bytes=2407198024 est_context=30534912 est_fixed=2376663112 device_free=15329966008 pending_prime=0 pending_seed=0 host_free=0 demotable=701005824 short_by=0 inflight=0 cap=64 waited_ms=0 retry_after_s=-
1790469025320 [worker] spec-affinity: declined (history diverged at 6 of checkpoint 1632; 2 parked, 1668 prompt tokens; model q9)
1790469025320 [spec-k] model="q9" tenant="" K=3 source=cold-long prompt=1668 cached=0 lcp=6 active=1 wave=1 placement=single-or-non-pp2
1790469025984 [spec-acc] ctx=1668 burst=22/27 cum=22/27=0.815
1790469025984 [prefix-cache] insert (spec-boundary): 1632 tokens, 80.0MB (resident 781.0MB / 2052MB, model q9)
1790469026241 [spec-acc] ctx=1700 burst=19/45 cum=41/72=0.569
1790469026397 [spec-acc] ctx=1734 burst=22/27 cum=63/99=0.636
1790469027399 [meter] admit id=chatcmpl-69950431c67538756305b6736d40265a tenant=default lane=interactive model="q9"
1790469027401 [admission] per-session draft-state charge: model="q9" +44MB (measured capture high-water)
1790469027401 [admission] request cost: model="q9" ctx=9742 path=spec = 16704 B/token x ctx + 536MB prefill-workspace + 121MB fixed = 819MB
1790469027401 [admit-predict] id=chatcmpl-69950431c67538756305b6736d40265a tenant="" model="q9" verdict=admit reason=global-p95 prompt=1486 predicted_completion=5048 kv_hat=809726408 booked_bytes=0 booked_real=0 inflight=0 cap=64 budget_bytes=12760827008 retry_after_s=- exempt=0 enforce=0 live_free_bytes=-
1790469027401 [admit-mem] id=chatcmpl-69950431c67538756305b6736d40265a model="q9" verdict=admit prompt=1486 output_bound=- charged_ctx=9742 est_bytes=2473791944 est_context=162730368 est_fixed=2311061576 device_free=15250069816 pending_prime=0 pending_seed=0 host_free=0 demotable=780974080 short_by=0 inflight=0 cap=64 waited_ms=0 retry_after_s=-
1790469027402 [prefix-cache] hit: 1408 of 1486 prompt tokens from cache (model q9)
1790469027402 [prefix-cache] spec restore: 1408 of 1486 prompt tokens + draft plane from cache [suffix queued] (model q9)
1790469027402 [spec-k] model="q9" tenant="" K=2 source=cached-long prompt=1486 cached=1408 lcp=1408 active=1 wave=1 placement=single-or-non-pp2
1790469027402 [admission] fixed residual high-water: model="q9" 121MB (observed 283MB at ctx 9686 path=spec)
1790469027640 [spec-acc] ctx=78 burst=19/26 cum=19/26=0.731
1790469027640 [prefix-cache] insert (spec-boundary): 1440 tokens, 76.8MB (resident 857.7MB / 2052MB, model q9)
1790469027800 [spec-acc] ctx=111 burst=21/24 cum=40/50=0.800
1790469027962 [spec-acc] ctx=144 burst=20/24 cum=60/74=0.811
1790469028121 [spec-acc] ctx=176 burst=21/24 cum=81/98=0.827
1790469028283 [spec-acc] ctx=209 burst=20/24 cum=101/122=0.828
1790469028470 [spec-acc] ctx=241 burst=19/28 cum=120/150=0.800
1790469028643 [spec-acc] ctx=274 burst=20/26 cum=140/176=0.795
1790469028804 [spec-acc] ctx=307 burst=21/24 cum=161/200=0.805
1790469028964 [spec-acc] ctx=340 burst=22/24 cum=183/224=0.817
1790469029138 [spec-acc] ctx=374 burst=21/26 cum=204/250=0.816
1790469029342 [spec-acc] ctx=408 burst=18/30 cum=222/280=0.793
1790469029517 [spec-acc] ctx=441 burst=20/26 cum=242/306=0.791
1790469029746 [spec-acc] ctx=474 burst=17/34 cum=259/340=0.762
1790469029936 [spec-acc] ctx=508 burst=18/28 cum=277/368=0.753
1790469030098 [spec-acc] ctx=540 burst=22/24 cum=299/392=0.763
1790469030262 [spec-acc] ctx=574 burst=22/24 cum=321/416=0.772
1790469030436 [spec-acc] ctx=608 burst=21/26 cum=342/442=0.774
1790469030666 [spec-acc] ctx=642 burst=17/34 cum=359/476=0.754
1790469030856 [spec-acc] ctx=676 burst=18/28 cum=377/504=0.748
1790469031018 [spec-acc] ctx=708 burst=21/24 cum=398/528=0.754
1790469031179 [spec-acc] ctx=741 burst=21/24 cum=419/552=0.759
1790469031326 [spec-acc] ctx=774 burst=21/22 cum=440/574=0.767
1790469031476 [spec-acc] ctx=806 burst=22/22 cum=462/596=0.775
1790469031665 [spec-acc] ctx=839 burst=19/28 cum=481/624=0.771
1790469031867 [spec-acc] ctx=872 burst=17/30 cum=498/654=0.761
1790469032037 [spec-acc] ctx=904 burst=20/24 cum=518/678=0.764
1790469032201 [spec-acc] ctx=936 burst=22/22 cum=540/700=0.771
1790469032375 [spec-acc] ctx=969 burst=22/24 cum=562/724=0.776
1790469032549 [spec-acc] ctx=1003 burst=21/24 cum=583/748=0.779
1790469032706 [spec-acc] ctx=1036 burst=21/22 cum=604/770=0.784
1790469032874 [spec-acc] ctx=1068 burst=21/24 cum=625/794=0.787
1790469033027 [spec-acc] ctx=1101 burst=22/22 cum=647/816=0.793
1790469033200 [spec-acc] ctx=1134 burst=22/24 cum=669/840=0.796
1790469033352 [spec-acc] ctx=1168 burst=21/22 cum=690/862=0.800
1790469033551 [spec-acc] ctx=1200 burst=19/28 cum=709/890=0.797
1790469033737 [spec-acc] ctx=1233 burst=20/26 cum=729/916=0.796
1790469033908 [spec-acc] ctx=1266 burst=20/24 cum=749/940=0.797
1790469034066 [spec-acc] ctx=1298 burst=21/22 cum=770/962=0.800
1790469034282 [spec-acc] ctx=1330 burst=17/30 cum=787/992=0.793
1790469034439 [spec-acc] ctx=1362 burst=21/22 cum=808/1014=0.797
1790469034653 [spec-acc] ctx=1394 burst=19/30 cum=827/1044=0.792
1790469034825 [spec-acc] ctx=1428 burst=22/24 cum=849/1068=0.795
1790469035011 [spec-acc] ctx=1462 burst=20/26 cum=869/1094=0.794
1790469035183 [spec-acc] ctx=1495 burst=20/24 cum=889/1118=0.795
1790469035340 [spec-acc] ctx=1527 burst=22/22 cum=911/1140=0.799
1790469035513 [spec-acc] ctx=1560 burst=20/24 cum=931/1164=0.800
1790469035713 [spec-acc] ctx=1592 burst=20/28 cum=951/1192=0.798
1790469035885 [spec-acc] ctx=1626 burst=21/24 cum=972/1216=0.799
1790469036056 [spec-acc] ctx=1659 burst=22/24 cum=994/1240=0.802
1790469036228 [spec-acc] ctx=1693 burst=22/24 cum=1016/1264=0.804
1790469036414 [spec-acc] ctx=1727 burst=19/26 cum=1035/1290=0.802
1790469036585 [spec-acc] ctx=1759 burst=21/24 cum=1056/1314=0.804
1790469036775 [spec-acc] ctx=1792 burst=20/26 cum=1076/1340=0.803
1790469036961 [spec-acc] ctx=1825 burst=19/26 cum=1095/1366=0.802
1790469037145 [spec-acc] ctx=1857 burst=20/26 cum=1115/1392=0.801
1790469037302 [spec-acc] ctx=1890 burst=21/22 cum=1136/1414=0.803
1790469037488 [spec-acc] ctx=1922 burst=21/26 cum=1157/1440=0.803
1790469037674 [spec-acc] ctx=1956 burst=21/26 cum=1178/1466=0.804
1790469037831 [spec-acc] ctx=1990 burst=21/22 cum=1199/1488=0.806
1790469037990 [spec-acc] ctx=2022 burst=22/22 cum=1221/1510=0.809
1790469038147 [spec-acc] ctx=2055 burst=21/22 cum=1242/1532=0.811
1790469038304 [spec-acc] ctx=2087 burst=22/22 cum=1264/1554=0.813
1790469038505 [spec-acc] ctx=2120 burst=20/28 cum=1284/1582=0.812
1790469038677 [spec-acc] ctx=2154 burst=22/24 cum=1306/1606=0.813
1790469038835 [spec-acc] ctx=2188 burst=22/22 cum=1328/1628=0.816
1790469038992 [spec-acc] ctx=2221 burst=22/22 cum=1350/1650=0.818
1790469038995 [meter] admit id=chatcmpl-b7d76d0d6dd35ce84e35400cfa5f68cf tenant=default lane=interactive model="q9"
1790469039006 [admission] per-session draft-state charge: model="q9" +44MB (measured capture high-water)
1790469039006 [admission] request cost: model="q9" ctx=9756 path=spec = 16704 B/token x ctx + 541MB prefill-workspace + 121MB fixed = 825MB
1790469039006 [admit-predict] id=chatcmpl-b7d76d0d6dd35ce84e35400cfa5f68cf tenant="" model="q9" verdict=admit reason=global-p95 prompt=1500 predicted_completion=5048 kv_hat=815104584 booked_bytes=0 booked_real=0 inflight=0 cap=64 budget_bytes=12760827008 retry_after_s=- exempt=0 enforce=0 live_free_bytes=-
1790469039006 [admit-mem] id=chatcmpl-b7d76d0d6dd35ce84e35400cfa5f68cf model="q9" verdict=admit prompt=1500 output_bound=- charged_ctx=9756 est_bytes=2479170120 est_context=162964224 est_fixed=2316205896 device_free=15024399800 pending_prime=0 pending_seed=0 host_free=0 demotable=857735168 short_by=0 inflight=0 cap=64 waited_ms=0 retry_after_s=-
1790469039006 [prefix-cache] hit: 1408 of 1500 prompt tokens from cache (model q9)
1790469039006 [prefix-cache] spec restore: 1408 of 1500 prompt tokens + draft plane from cache [suffix queued] (model q9)
1790469039006 [spec-k] model="q9" tenant="" K=2 source=cached-long prompt=1500 cached=1408 lcp=1408 active=1 wave=1 placement=single-or-non-pp2
1790469039006 [admission] fixed residual high-water: model="q9" 121MB (observed 283MB at ctx 9700 path=spec)
1790469039300 [spec-acc] ctx=92 burst=20/26 cum=20/26=0.769
1790469039300 [prefix-cache] insert (spec-boundary): 1472 tokens, 77.3MB (resident 935.0MB / 2052MB, model q9)
1790469039486 [spec-acc] ctx=126 burst=20/26 cum=40/52=0.769
1790469039672 [spec-acc] ctx=159 burst=21/26 cum=61/78=0.782
1790469039828 [spec-acc] ctx=193 burst=21/22 cum=82/100=0.820
1790469040000 [spec-acc] ctx=225 burst=21/24 cum=103/124=0.831
1790469040200 [spec-acc] ctx=258 burst=18/28 cum=121/152=0.796
1790469040386 [spec-acc] ctx=290 burst=21/26 cum=142/178=0.798
1790469040600 [spec-acc] ctx=324 burst=17/30 cum=159/208=0.764
1790469040799 [spec-acc] ctx=356 burst=18/28 cum=177/236=0.750
1790469041000 [spec-acc] ctx=388 burst=19/28 cum=196/264=0.742
1790469041203 [spec-acc] ctx=421 burst=18/28 cum=214/292=0.733
1790469041401 [spec-acc] ctx=453 burst=19/28 cum=233/320=0.728
1790469041587 [spec-acc] ctx=486 burst=20/26 cum=253/346=0.731
1790469041816 [spec-acc] ctx=519 burst=17/32 cum=270/378=0.714
1790469042017 [spec-acc] ctx=552 burst=18/28 cum=288/406=0.709
1790469042201 [spec-acc] ctx=584 burst=19/26 cum=307/432=0.711
1790469042388 [spec-acc] ctx=616 burst=21/26 cum=328/458=0.716
1790469042588 [spec-acc] ctx=650 burst=19/28 cum=347/486=0.714
1790469042774 [spec-acc] ctx=683 burst=19/26 cum=366/512=0.715
1790469042989 [spec-acc] ctx=715 burst=17/30 cum=383/542=0.707
1790469043201 [spec-acc] ctx=747 burst=18/30 cum=401/572=0.701
1790469043398 [spec-acc] ctx=780 burst=20/26 cum=421/598=0.704
1790469043612 [spec-acc] ctx=813 burst=18/28 cum=439/626=0.701
1790469043793 [spec-acc] ctx=845 burst=20/24 cum=459/650=0.706
1790469044015 [spec-acc] ctx=877 burst=19/30 cum=478/680=0.703
1790469044240 [spec-acc] ctx=911 burst=18/30 cum=496/710=0.699
1790469044420 [spec-acc] ctx=944 burst=21/24 cum=517/734=0.704
1790469044599 [spec-acc] ctx=977 burst=20/24 cum=537/758=0.708
1790469044809 [spec-acc] ctx=1009 burst=20/28 cum=557/786=0.709
1790469045005 [spec-acc] ctx=1043 burst=20/26 cum=577/812=0.711
1790469045184 [spec-acc] ctx=1076 burst=22/24 cum=599/836=0.717
1790469045404 [spec-acc] ctx=1110 burst=19/30 cum=618/866=0.714
1790469045594 [spec-acc] ctx=1144 burst=21/26 cum=639/892=0.716
1790469045753 [spec-acc] ctx=1178 burst=22/22 cum=661/914=0.723
1790469045914 [spec-acc] ctx=1211 burst=21/22 cum=682/936=0.729
1790469046148 [spec-acc] ctx=1243 burst=18/32 cum=700/968=0.723
1790469046352 [spec-acc] ctx=1277 burst=20/28 cum=720/996=0.723
1790469046586 [spec-acc] ctx=1311 burst=17/32 cum=737/1028=0.717
1790469046793 [spec-acc] ctx=1344 burst=20/28 cum=757/1056=0.717
1790469046985 [spec-acc] ctx=1378 burst=19/26 cum=776/1082=0.717
1790469047164 [spec-acc] ctx=1410 burst=20/24 cum=796/1106=0.720
1790469047344 [spec-acc] ctx=1442 burst=21/24 cum=817/1130=0.723
1790469047522 [spec-acc] ctx=1475 burst=20/24 cum=837/1154=0.725
1790469047699 [spec-acc] ctx=1507 burst=21/24 cum=858/1178=0.728
1790469047879 [spec-acc] ctx=1540 burst=20/24 cum=878/1202=0.730
1790469048055 [spec-acc] ctx=1572 burst=20/24 cum=898/1226=0.732
1790469048248 [spec-acc] ctx=1604 burst=20/26 cum=918/1252=0.733
1790469048440 [spec-acc] ctx=1637 burst=21/26 cum=939/1278=0.735
1790469048618 [spec-acc] ctx=1671 burst=22/24 cum=961/1302=0.738
1790469048782 [spec-acc] ctx=1705 burst=21/22 cum=982/1324=0.742
1790469048974 [spec-acc] ctx=1737 burst=20/26 cum=1002/1350=0.742
1790469049181 [spec-acc] ctx=1770 burst=20/28 cum=1022/1378=0.742
1790469049357 [spec-acc] ctx=1804 burst=22/24 cum=1044/1402=0.745
1790469049551 [spec-acc] ctx=1838 burst=21/26 cum=1065/1428=0.746
1790469049728 [spec-acc] ctx=1872 burst=21/24 cum=1086/1452=0.748
1790469049904 [spec-acc] ctx=1905 burst=21/24 cum=1107/1476=0.750
1790469050098 [spec-acc] ctx=1938 burst=21/26 cum=1128/1502=0.751
1790469050280 [spec-acc] ctx=1972 burst=20/24 cum=1148/1526=0.752
1790469050458 [spec-acc] ctx=2004 burst=21/24 cum=1169/1550=0.754
1790469050638 [spec-acc] ctx=2037 burst=21/24 cum=1190/1574=0.756
1790469050880 [spec-acc] ctx=2070 burst=18/32 cum=1208/1606=0.752
1790469051102 [spec-acc] ctx=2104 burst=19/30 cum=1227/1636=0.750
1790469051283 [spec-acc] ctx=2138 burst=22/24 cum=1249/1660=0.752
1790469051462 [spec-acc] ctx=2172 burst=20/24 cum=1269/1684=0.754
1790469051643 [spec-acc] ctx=2204 burst=20/24 cum=1289/1708=0.755
1790469051824 [spec-acc] ctx=2236 burst=21/24 cum=1310/1732=0.756
1790469051989 [spec-acc] ctx=2269 burst=22/22 cum=1332/1754=0.759
1790469052169 [spec-acc] ctx=2302 burst=21/24 cum=1353/1778=0.761
1790469052331 [spec-acc] ctx=2335 burst=22/22 cum=1375/1800=0.764
1790469052511 [spec-acc] ctx=2368 burst=20/24 cum=1395/1824=0.765
1790469052675 [spec-acc] ctx=2400 burst=22/22 cum=1417/1846=0.768
1790469052855 [spec-acc] ctx=2433 burst=20/24 cum=1437/1870=0.768
1790469053083 [spec-acc] ctx=2465 burst=17/30 cum=1454/1900=0.765
1790469053261 [spec-acc] ctx=2497 burst=22/24 cum=1476/1924=0.767
1790469053458 [spec-acc] ctx=2531 burst=20/26 cum=1496/1950=0.767
1790469053638 [spec-acc] ctx=2564 burst=22/24 cum=1518/1974=0.769
1790469053820 [spec-acc] ctx=2598 burst=22/24 cum=1540/1998=0.771
1790469054003 [spec-acc] ctx=2632 burst=22/24 cum=1562/2022=0.773
1790469054200 [spec-acc] ctx=2666 burst=20/26 cum=1582/2048=0.772
1790469054383 [spec-acc] ctx=2699 burst=20/24 cum=1602/2072=0.773
1790469054564 [spec-acc] ctx=2731 burst=22/24 cum=1624/2096=0.775
1790469054747 [spec-acc] ctx=2765 burst=22/24 cum=1646/2120=0.776
1790469054929 [spec-acc] ctx=2799 burst=21/24 cum=1667/2144=0.778
1790469055093 [spec-acc] ctx=2832 burst=22/22 cum=1689/2166=0.780
1790469055259 [spec-acc] ctx=2865 burst=22/22 cum=1711/2188=0.782
1790469055424 [spec-acc] ctx=2898 burst=21/22 cum=1732/2210=0.784
1790469055620 [spec-acc] ctx=2930 burst=21/26 cum=1753/2236=0.784
1790469055819 [spec-acc] ctx=2964 burst=21/26 cum=1774/2262=0.784
1790469055987 [spec-acc] ctx=2998 burst=22/22 cum=1796/2284=0.786
1790469056168 [spec-acc] ctx=3031 burst=20/24 cum=1816/2308=0.787
1790469056354 [spec-acc] ctx=3063 burst=21/24 cum=1837/2332=0.788
1790469056553 [spec-acc] ctx=3096 burst=20/26 cum=1857/2358=0.788
1790469056754 [spec-acc] ctx=3129 burst=21/26 cum=1878/2384=0.788
1790469056954 [spec-acc] ctx=3163 burst=20/26 cum=1898/2410=0.788
1790469057168 [spec-acc] ctx=3196 burst=18/28 cum=1916/2438=0.786
1790469057337 [spec-acc] ctx=3228 burst=21/22 cum=1937/2460=0.787
1790469057537 [spec-acc] ctx=3260 burst=21/26 cum=1958/2486=0.788
1790469057753 [spec-acc] ctx=3294 burst=18/28 cum=1976/2514=0.786
1790469057922 [spec-acc] ctx=3326 burst=21/22 cum=1997/2536=0.787
1790469058105 [spec-acc] ctx=3358 burst=21/24 cum=2018/2560=0.788
1790469058302 [spec-acc] ctx=3391 burst=20/26 cum=2038/2586=0.788
1790469058486 [spec-acc] ctx=3424 burst=22/24 cum=2060/2610=0.789
1790469058652 [spec-acc] ctx=3458 burst=22/22 cum=2082/2632=0.791
1790469058835 [spec-acc] ctx=3491 burst=21/24 cum=2103/2656=0.792
1790469059005 [spec-acc] ctx=3524 burst=22/22 cum=2125/2678=0.794
1790469059169 [spec-acc] ctx=3557 burst=22/22 cum=2147/2700=0.795
1790469059366 [spec-acc] ctx=3590 burst=19/26 cum=2166/2726=0.795
1790469059532 [spec-acc] ctx=3622 burst=22/22 cum=2188/2748=0.796
1790469059711 [spec-acc] ctx=3655 burst=21/24 cum=2209/2772=0.797
1790469059893 [spec-acc] ctx=3688 burst=22/24 cum=2231/2796=0.798
1790469060074 [spec-acc] ctx=3722 burst=21/24 cum=2252/2820=0.799
1790469060274 [spec-acc] ctx=3755 burst=21/26 cum=2273/2846=0.799
1790469060440 [spec-acc] ctx=3789 burst=21/22 cum=2294/2868=0.800
1790469060621 [spec-acc] ctx=3821 burst=20/24 cum=2314/2892=0.800
1790469060788 [spec-acc] ctx=3853 burst=22/22 cum=2336/2914=0.802
1790469060954 [spec-acc] ctx=3886 burst=22/22 cum=2358/2936=0.803
1790469061149 [spec-acc] ctx=3919 burst=21/26 cum=2379/2962=0.803
1790469061314 [spec-acc] ctx=3953 burst=21/22 cum=2400/2984=0.804
1790469061498 [spec-acc] ctx=3985 burst=21/24 cum=2421/3008=0.805
1790469061698 [spec-acc] ctx=4018 burst=20/26 cum=2441/3034=0.805
1790469061914 [spec-acc] ctx=4051 burst=19/28 cum=2460/3062=0.803
1790469062099 [spec-acc] ctx=4084 burst=22/24 cum=2482/3086=0.804
1790469062329 [spec-acc] ctx=4118 burst=18/30 cum=2500/3116=0.802
1790469062513 [spec-acc] ctx=4151 burst=22/24 cum=2522/3140=0.803
1790469062684 [spec-acc] ctx=4185 burst=22/22 cum=2544/3162=0.805
1790469062853 [spec-acc] ctx=4218 burst=22/22 cum=2566/3184=0.806
1790469063054 [spec-acc] ctx=4251 burst=19/26 cum=2585/3210=0.805
1790469063269 [spec-acc] ctx=4283 burst=18/28 cum=2603/3238=0.804
1790469063438 [spec-acc] ctx=4315 burst=21/22 cum=2624/3260=0.805
1790469063639 [spec-acc] ctx=4347 burst=20/26 cum=2644/3286=0.805
1790469063824 [spec-acc] ctx=4380 burst=22/24 cum=2666/3310=0.805
1790469064016 [spec-acc] ctx=4414 burst=20/24 cum=2686/3334=0.806
1790469064219 [spec-acc] ctx=4446 burst=20/24 cum=2706/3358=0.806
1790469064399 [spec-acc] ctx=4478 burst=21/22 cum=2727/3380=0.807
1790469064596 [spec-acc] ctx=4510 burst=20/24 cum=2747/3404=0.807
1790469064788 [spec-acc] ctx=4542 burst=20/24 cum=2767/3428=0.807
1790469064997 [spec-acc] ctx=4574 burst=21/26 cum=2788/3454=0.807
1790469065176 [spec-acc] ctx=4608 burst=21/22 cum=2809/3476=0.808
1790469065357 [spec-acc] ctx=4640 burst=22/22 cum=2831/3498=0.809
1790469065594 [spec-acc] ctx=4673 burst=18/28 cum=2849/3526=0.808
1790469065773 [spec-acc] ctx=4705 burst=21/22 cum=2870/3548=0.809
1790469065957 [spec-acc] ctx=4737 burst=22/22 cum=2892/3570=0.810
1790469066132 [spec-acc] ctx=4770 burst=22/22 cum=2914/3592=0.811
1790469066344 [spec-acc] ctx=4803 burst=19/26 cum=2933/3618=0.811
1790469066345 [meter] admit id=chatcmpl-579a9aa491e50075305ed940437caa85 tenant=default lane=interactive model="q9"
1790469066357 [admission] per-session draft-state charge: model="q9" +44MB (measured capture high-water)
1790469066357 [admission] request cost: model="q9" ctx=9775 path=spec = 16704 B/token x ctx + 548MB prefill-workspace + 121MB fixed = 832MB
1790469066357 [admit-predict] id=chatcmpl-579a9aa491e50075305ed940437caa85 tenant="" model="q9" verdict=admit reason=global-p95 prompt=1519 predicted_completion=5048 kv_hat=822296456 booked_bytes=0 booked_real=0 inflight=0 cap=64 budget_bytes=12760827008 retry_after_s=- exempt=0 enforce=0 live_free_bytes=-
1790469066357 [admit-mem] id=chatcmpl-579a9aa491e50075305ed940437caa85 model="q9" verdict=admit prompt=1519 output_bound=- charged_ctx=9775 est_bytes=2486361992 est_context=163281600 est_fixed=2323080392 device_free=14799976888 pending_prime=0 pending_seed=0 host_free=0 demotable=935030784 short_by=0 inflight=0 cap=64 waited_ms=0 retry_after_s=-
1790469066358 [prefix-cache] hit: 1408 of 1519 prompt tokens from cache (model q9)
1790469066358 [prefix-cache] spec restore: 1408 of 1519 prompt tokens + draft plane from cache [suffix queued] (model q9)
1790469066358 [spec-k] model="q9" tenant="" K=2 source=cached-long prompt=1519 cached=1408 lcp=1408 active=1 wave=1 placement=single-or-non-pp2
1790469066358 [admission] fixed residual high-water: model="q9" 121MB (observed 283MB at ctx 9719 path=spec)
1790469066653 [spec-acc] ctx=111 burst=18/26 cum=18/26=0.692
1790469066653 [prefix-cache] insert (spec-boundary): 1472 tokens, 77.3MB (resident 1012.3MB / 2052MB, model q9)
1790469066872 [spec-acc] ctx=143 burst=18/30 cum=36/56=0.643
1790469067074 [spec-acc] ctx=176 burst=20/28 cum=56/84=0.667
1790469067237 [spec-acc] ctx=210 burst=21/22 cum=77/106=0.726
1790469067397 [spec-acc] ctx=242 burst=21/22 cum=98/128=0.766
1790469067571 [spec-acc] ctx=274 burst=21/24 cum=119/152=0.783
1790469067760 [spec-acc] ctx=307 burst=21/26 cum=140/178=0.787
1790469067967 [spec-acc] ctx=341 burst=19/28 cum=159/206=0.772
1790469068187 [spec-acc] ctx=374 burst=19/30 cum=178/236=0.754
1790469068411 [spec-acc] ctx=408 burst=17/30 cum=195/266=0.733
1790469068585 [spec-acc] ctx=440 burst=22/24 cum=217/290=0.748
1790469068809 [spec-acc] ctx=474 burst=19/30 cum=236/320=0.738
1790469069014 [spec-acc] ctx=508 burst=18/28 cum=254/348=0.730
1790469069175 [spec-acc] ctx=540 burst=21/22 cum=275/370=0.743
1790469069398 [spec-acc] ctx=572 burst=18/30 cum=293/400=0.733
1790469069604 [spec-acc] ctx=605 burst=18/28 cum=311/428=0.727
1790469069826 [spec-acc] ctx=637 burst=17/30 cum=328/458=0.716
1790469070047 [spec-acc] ctx=669 burst=18/30 cum=346/488=0.709
1790469070298 [spec-acc] ctx=702 burst=16/34 cum=362/522=0.693
1790469070520 [spec-acc] ctx=735 burst=17/30 cum=379/552=0.687
1790469070743 [spec-acc] ctx=767 burst=17/30 cum=396/582=0.680
1790469070965 [spec-acc] ctx=799 burst=17/30 cum=413/612=0.675
1790469071189 [spec-acc] ctx=831 burst=18/30 cum=431/642=0.671
1790469071380 [spec-acc] ctx=864 burst=19/26 cum=450/668=0.674
1790469071575 [spec-acc] ctx=896 burst=20/26 cum=470/694=0.677
1790469071801 [spec-acc] ctx=929 burst=18/30 cum=488/724=0.674
1790469072008 [spec-acc] ctx=962 burst=19/28 cum=507/752=0.674
1790469072172 [spec-acc] ctx=995 burst=22/22 cum=529/774=0.683
1790469072364 [spec-acc] ctx=1028 burst=21/26 cum=550/800=0.688
1790469072528 [spec-acc] ctx=1062 burst=22/22 cum=572/822=0.696
1790469072691 [spec-acc] ctx=1095 burst=21/22 cum=593/844=0.703
1790469072899 [spec-acc] ctx=1127 burst=19/28 cum=612/872=0.702
1790469073105 [spec-acc] ctx=1160 burst=20/28 cum=632/900=0.702
1790469073281 [spec-acc] ctx=1194 burst=22/24 cum=654/924=0.708
1790469073475 [spec-acc] ctx=1228 burst=21/26 cum=675/950=0.711
1790469073654 [spec-acc] ctx=1262 burst=22/24 cum=697/974=0.716
1790469073848 [spec-acc] ctx=1296 burst=21/26 cum=718/1000=0.718
1790469074030 [spec-acc] ctx=1330 burst=20/24 cum=738/1024=0.721
1790469074224 [spec-acc] ctx=1362 burst=19/26 cum=757/1050=0.721
1790469074389 [spec-acc] ctx=1394 burst=21/22 cum=778/1072=0.726
1790469074600 [spec-acc] ctx=1426 burst=18/28 cum=796/1100=0.724
1790469074825 [spec-acc] ctx=1458 burst=17/30 cum=813/1130=0.719
1790469075020 [spec-acc] ctx=1490 burst=21/26 cum=834/1156=0.721
1790469075202 [spec-acc] ctx=1524 burst=21/24 cum=855/1180=0.725
1790469075366 [spec-acc] ctx=1557 burst=21/22 cum=876/1202=0.729
1790469075561 [spec-acc] ctx=1589 burst=19/26 cum=895/1228=0.729
1790469075756 [spec-acc] ctx=1621 burst=21/26 cum=916/1254=0.730
1790469075966 [spec-acc] ctx=1655 burst=20/28 cum=936/1282=0.730
1790469076131 [spec-acc] ctx=1689 burst=21/22 cum=957/1304=0.734
1790469076310 [spec-acc] ctx=1721 burst=21/24 cum=978/1328=0.736
1790469076508 [spec-acc] ctx=1754 burst=19/26 cum=997/1354=0.736
1790469076705 [spec-acc] ctx=1786 burst=21/26 cum=1018/1380=0.738
1790469076916 [spec-acc] ctx=1820 burst=20/28 cum=1038/1408=0.737
1790469077081 [spec-acc] ctx=1854 burst=21/22 cum=1059/1430=0.741
1790469077247 [spec-acc] ctx=1886 burst=22/22 cum=1081/1452=0.744
1790469077427 [spec-acc] ctx=1919 burst=22/24 cum=1103/1476=0.747
1790469077609 [spec-acc] ctx=1953 burst=22/24 cum=1125/1500=0.750
1790469077807 [spec-acc] ctx=1987 burst=21/26 cum=1146/1526=0.751
1790469077987 [spec-acc] ctx=2021 burst=21/24 cum=1167/1550=0.753
1790469078153 [spec-acc] ctx=2054 burst=21/22 cum=1188/1572=0.756
1790469078349 [spec-acc] ctx=2086 burst=21/26 cum=1209/1598=0.757
1790469078518 [spec-acc] ctx=2120 burst=22/22 cum=1231/1620=0.760
1790469078684 [spec-acc] ctx=2153 burst=22/22 cum=1253/1642=0.763
1790469078881 [spec-acc] ctx=2186 burst=20/26 cum=1273/1668=0.763
1790469079063 [spec-acc] ctx=2219 burst=21/24 cum=1294/1692=0.765
1790469079258 [spec-acc] ctx=2252 burst=19/26 cum=1313/1718=0.764
1790469079486 [spec-acc] ctx=2284 burst=18/30 cum=1331/1748=0.761
1790469079668 [spec-acc] ctx=2317 burst=21/24 cum=1352/1772=0.763
1790469079896 [spec-acc] ctx=2350 burst=19/30 cum=1371/1802=0.761
1790469080094 [spec-acc] ctx=2384 burst=21/26 cum=1392/1828=0.761
1790469080261 [spec-acc] ctx=2418 burst=21/22 cum=1413/1850=0.764
1790469080473 [spec-acc] ctx=2450 burst=19/28 cum=1432/1878=0.763
1790469080688 [spec-acc] ctx=2483 burst=18/28 cum=1450/1906=0.761
1790469080871 [spec-acc] ctx=2515 burst=21/24 cum=1471/1930=0.762
1790469081040 [spec-acc] ctx=2548 burst=22/22 cum=1493/1952=0.765
1790469081207 [spec-acc] ctx=2581 burst=22/22 cum=1515/1974=0.767
1790469081375 [spec-acc] ctx=2614 burst=22/22 cum=1537/1996=0.770
1790469081543 [spec-acc] ctx=2647 burst=22/22 cum=1559/2018=0.773
1790469081713 [spec-acc] ctx=2680 burst=21/22 cum=1580/2040=0.775
1790469081958 [spec-acc] ctx=2712 burst=17/32 cum=1597/2072=0.771
1790469082141 [spec-acc] ctx=2745 burst=22/24 cum=1619/2096=0.772
1790469082420 [spec-acc] ctx=2779 burst=16/36 cum=1635/2132=0.767
1790469082617 [spec-acc] ctx=2813 burst=20/26 cum=1655/2158=0.767
1790469082832 [spec-acc] ctx=2846 burst=18/28 cum=1673/2186=0.765
1790469083001 [spec-acc] ctx=2878 burst=21/22 cum=1694/2208=0.767
1790469083169 [spec-acc] ctx=2910 burst=22/22 cum=1716/2230=0.770
1790469083337 [spec-acc] ctx=2943 burst=22/22 cum=1738/2252=0.772
1790469083507 [spec-acc] ctx=2976 burst=21/22 cum=1759/2274=0.774
1790469083690 [spec-acc] ctx=3008 burst=21/24 cum=1780/2298=0.775
1790469083891 [spec-acc] ctx=3041 burst=19/26 cum=1799/2324=0.774
1790469084108 [spec-acc] ctx=3073 burst=18/28 cum=1817/2352=0.773
1790469084294 [spec-acc] ctx=3105 burst=22/24 cum=1839/2376=0.774
1790469084477 [spec-acc] ctx=3139 burst=21/24 cum=1860/2400=0.775
1790469084661 [spec-acc] ctx=3172 burst=21/24 cum=1881/2424=0.776
1790469084878 [spec-acc] ctx=3205 burst=18/28 cum=1899/2452=0.774
1790469085078 [spec-acc] ctx=3237 burst=20/26 cum=1919/2478=0.774
1790469085277 [spec-acc] ctx=3270 burst=19/26 cum=1938/2504=0.774
1790469085484 [spec-acc] ctx=3302 burst=20/26 cum=1958/2530=0.774
1790469085684 [spec-acc] ctx=3335 burst=19/26 cum=1977/2556=0.773
1790469085887 [spec-acc] ctx=3367 burst=19/26 cum=1996/2582=0.773
1790469086117 [spec-acc] ctx=3399 burst=17/30 cum=2013/2612=0.771
1790469086317 [spec-acc] ctx=3431 burst=19/26 cum=2032/2638=0.770
1790469086517 [spec-acc] ctx=3463 burst=21/26 cum=2053/2664=0.771
1790469086687 [spec-acc] ctx=3497 burst=22/22 cum=2075/2686=0.773
1790469086857 [spec-acc] ctx=3530 burst=22/22 cum=2097/2708=0.774
1790469087027 [spec-acc] ctx=3563 burst=22/22 cum=2119/2730=0.776
1790469087213 [spec-acc] ctx=3596 burst=20/24 cum=2139/2754=0.777
1790469087394 [spec-acc] ctx=3628 burst=21/24 cum=2160/2778=0.778
1790469087593 [spec-acc] ctx=3661 burst=19/26 cum=2179/2804=0.777
1790469087777 [spec-acc] ctx=3693 burst=20/24 cum=2199/2828=0.778
1790469087977 [spec-acc] ctx=3725 burst=20/26 cum=2219/2854=0.778
1790469088160 [spec-acc] ctx=3758 burst=21/24 cum=2240/2878=0.778
1790469088343 [spec-acc] ctx=3791 burst=20/24 cum=2260/2902=0.779
1790469088557 [spec-acc] ctx=3823 burst=19/28 cum=2279/2930=0.778
1790469088736 [spec-acc] ctx=3856 burst=22/24 cum=2301/2954=0.779
1790469088934 [spec-acc] ctx=3890 burst=21/26 cum=2322/2980=0.779
1790469089102 [spec-acc] ctx=3924 burst=21/22 cum=2343/3002=0.780
1790469089303 [spec-acc] ctx=3956 burst=20/26 cum=2363/3028=0.780
1790469089489 [spec-acc] ctx=3989 burst=22/24 cum=2385/3052=0.781
1790469089658 [spec-acc] ctx=4023 burst=22/22 cum=2407/3074=0.783
1790469089827 [spec-acc] ctx=4056 burst=22/22 cum=2429/3096=0.785
1790469089994 [spec-acc] ctx=4089 burst=22/22 cum=2451/3118=0.786
1790469090179 [spec-acc] ctx=4122 burst=21/24 cum=2472/3142=0.787
1790469090181 [meter] admit id=chatcmpl-207f49297ec0998a1ebde6cb24555758 tenant=default lane=interactive model="q9"
1790469090193 [admission] per-session draft-state charge: model="q9" +44MB (measured capture high-water)
1790469090193 [admission] request cost: model="q9" ctx=9754 path=spec = 16704 B/token x ctx + 540MB prefill-workspace + 121MB fixed = 824MB
1790469090193 [admit-predict] id=chatcmpl-207f49297ec0998a1ebde6cb24555758 tenant="" model="q9" verdict=admit reason=global-p95 prompt=1498 predicted_completion=5048 kv_hat=814411528 booked_bytes=0 booked_real=0 inflight=0 cap=64 budget_bytes=12760827008 retry_after_s=- exempt=0 enforce=0 live_free_bytes=-
1790469090193 [admit-mem] id=chatcmpl-207f49297ec0998a1ebde6cb24555758 model="q9" verdict=admit prompt=1498 output_bound=- charged_ctx=9754 est_bytes=2478477064 est_context=162930816 est_fixed=2315546248 device_free=14722085176 pending_prime=0 pending_seed=0 host_free=0 demotable=1012326400 short_by=0 inflight=0 cap=64 waited_ms=0 retry_after_s=-
1790469090199 [prefix-cache] hit: 1408 of 1498 prompt tokens from cache (model q9)
1790469090199 [prefix-cache] spec restore: 1408 of 1498 prompt tokens + draft plane from cache [suffix queued] (model q9)
1790469090199 [spec-k] model="q9" tenant="" K=2 source=cached-long prompt=1498 cached=1408 lcp=1408 active=1 wave=1 placement=single-or-non-pp2
1790469090487 [spec-acc] ctx=90 burst=18/26 cum=18/26=0.692
1790469090487 [prefix-cache] insert (spec-boundary): 1472 tokens, 77.3MB (resident 1089.6MB / 2052MB, model q9)
1790469090687 [spec-acc] ctx=122 burst=18/28 cum=36/54=0.667
1790469090858 [spec-acc] ctx=154 burst=22/24 cum=58/78=0.744
1790469091044 [spec-acc] ctx=188 burst=20/26 cum=78/104=0.750
1790469091200 [spec-acc] ctx=221 burst=21/22 cum=99/126=0.786
1790469091386 [spec-acc] ctx=253 burst=20/26 cum=119/152=0.783
1790469091557 [spec-acc] ctx=286 burst=20/24 cum=139/176=0.790
1790469091771 [spec-acc] ctx=318 burst=19/30 cum=158/206=0.767
1790469091958 [spec-acc] ctx=352 burst=21/26 cum=179/232=0.772
1790469092188 [spec-acc] ctx=386 burst=16/32 cum=195/264=0.739
1790469092373 [spec-acc] ctx=418 burst=19/26 cum=214/290=0.738
1790469092560 [spec-acc] ctx=450 burst=21/26 cum=235/316=0.744
1790469092760 [spec-acc] ctx=484 burst=19/28 cum=254/344=0.738
1790469092946 [spec-acc] ctx=517 burst=20/26 cum=274/370=0.741
1790469093169 [spec-acc] ctx=550 burst=18/28 cum=292/398=0.734
1790469093456 [spec-acc] ctx=582 burst=15/36 cum=307/434=0.707
1790469093639 [spec-acc] ctx=615 burst=20/24 cum=327/458=0.714
1790469093868 [spec-acc] ctx=647 burst=18/30 cum=345/488=0.707
1790469094034 [spec-acc] ctx=680 burst=21/22 cum=366/510=0.718
1790469094262 [spec-acc] ctx=712 burst=17/30 cum=383/540=0.709
1790469094471 [spec-acc] ctx=744 burst=19/28 cum=402/568=0.708
1790469094716 [spec-acc] ctx=777 burst=17/32 cum=419/600=0.698
1790469094911 [spec-acc] ctx=810 burst=19/26 cum=438/626=0.700
1790469095108 [spec-acc] ctx=842 burst=20/26 cum=458/652=0.702
1790469095276 [spec-acc] ctx=875 burst=21/22 cum=479/674=0.711
1790469095473 [spec-acc] ctx=907 burst=21/26 cum=500/700=0.714
1790469095671 [spec-acc] ctx=941 burst=19/26 cum=519/726=0.715
1790469095854 [spec-acc] ctx=973 burst=22/24 cum=541/750=0.721
1790469096023 [spec-acc] ctx=1007 burst=21/22 cum=562/772=0.728
1790469096238 [spec-acc] ctx=1039 burst=20/28 cum=582/800=0.728
1790469096449 [spec-acc] ctx=1073 burst=18/28 cum=600/828=0.725
1790469096612 [spec-acc] ctx=1105 burst=21/22 cum=621/850=0.731
1790469096806 [spec-acc] ctx=1137 burst=19/26 cum=640/876=0.731
1790469096999 [spec-acc] ctx=1169 burst=20/26 cum=660/902=0.732
1790469097178 [spec-acc] ctx=1202 burst=20/24 cum=680/926=0.734
1790469097355 [spec-acc] ctx=1234 burst=22/24 cum=702/950=0.739
1790469097537 [spec-acc] ctx=1268 burst=21/24 cum=723/974=0.742
1790469097748 [spec-acc] ctx=1301 burst=18/28 cum=741/1002=0.740
1790469097942 [spec-acc] ctx=1333 burst=20/26 cum=761/1028=0.740
1790469098107 [spec-acc] ctx=1366 burst=22/22 cum=783/1050=0.746
1790469098271 [spec-acc] ctx=1399 burst=22/22 cum=805/1072=0.751
1790469098469 [spec-acc] ctx=1432 burst=20/26 cum=825/1098=0.751
1790469098680 [spec-acc] ctx=1465 burst=20/28 cum=845/1126=0.750
1790469098877 [spec-acc] ctx=1499 burst=21/26 cum=866/1152=0.752
1790469099056 [spec-acc] ctx=1533 burst=22/24 cum=888/1176=0.755
1790469099239 [spec-acc] ctx=1567 burst=22/24 cum=910/1200=0.758
1790469099437 [spec-acc] ctx=1601 burst=21/26 cum=931/1226=0.759
1790469099634 [spec-acc] ctx=1635 burst=21/26 cum=952/1252=0.760
1790469099799 [spec-acc] ctx=1669 burst=21/22 cum=973/1274=0.764
1790469099980 [spec-acc] ctx=1701 burst=22/24 cum=995/1298=0.767
1790469100143 [spec-acc] ctx=1735 burst=22/22 cum=1017/1320=0.770
1790469100340 [spec-acc] ctx=1768 burst=20/26 cum=1037/1346=0.770
1790469100537 [spec-acc] ctx=1801 burst=19/26 cum=1056/1372=0.770
1790469100715 [spec-acc] ctx=1833 burst=22/24 cum=1078/1396=0.772
1790469100912 [spec-acc] ctx=1867 burst=20/26 cum=1098/1422=0.772
1790469101110 [spec-acc] ctx=1900 burst=19/26 cum=1117/1448=0.771
1790469101290 [spec-acc] ctx=1932 burst=20/24 cum=1137/1472=0.772
1790469101505 [spec-acc] ctx=1964 burst=20/28 cum=1157/1500=0.771
1790469101689 [spec-acc] ctx=1998 burst=22/24 cum=1179/1524=0.774
1790469101902 [spec-acc] ctx=2032 burst=20/28 cum=1199/1552=0.773
1790469102100 [spec-acc] ctx=2066 burst=20/26 cum=1219/1578=0.772
1790469102268 [spec-acc] ctx=2099 burst=22/22 cum=1241/1600=0.776
1790469102437 [spec-acc] ctx=2132 burst=22/22 cum=1263/1622=0.779
1790469102649 [spec-acc] ctx=2165 burst=19/28 cum=1282/1650=0.777
1790469102831 [spec-acc] ctx=2198 burst=20/24 cum=1302/1674=0.778
1790469103013 [spec-acc] ctx=2230 burst=20/24 cum=1322/1698=0.779
1790469103195 [spec-acc] ctx=2262 burst=22/24 cum=1344/1722=0.780
1790469103391 [spec-acc] ctx=2296 burst=19/26 cum=1363/1748=0.780
1790469103573 [spec-acc] ctx=2328 burst=21/24 cum=1384/1772=0.781
1790469103755 [spec-acc] ctx=2361 burst=21/24 cum=1405/1796=0.782
1790469103925 [spec-acc] ctx=2394 burst=22/22 cum=1427/1818=0.785
1790469104091 [spec-acc] ctx=2427 burst=21/22 cum=1448/1840=0.787
1790469104260 [spec-acc] ctx=2459 burst=22/22 cum=1470/1862=0.789
1790469104429 [spec-acc] ctx=2492 burst=21/22 cum=1491/1884=0.791
1790469104614 [spec-acc] ctx=2524 burst=21/24 cum=1512/1908=0.792
1790469104781 [spec-acc] ctx=2557 burst=21/22 cum=1533/1930=0.794
1790469104950 [spec-acc] ctx=2589 burst=22/22 cum=1555/1952=0.797
1790469105133 [spec-acc] ctx=2622 burst=21/24 cum=1576/1976=0.798
1790469105303 [spec-acc] ctx=2655 burst=22/22 cum=1598/1998=0.800
1790469105487 [spec-acc] ctx=2688 burst=22/24 cum=1620/2022=0.801
1790469105488 [meter] admit id=chatcmpl-290618e6c1640990b045047a122549bf tenant=default lane=interactive model="q9"
1790469105500 [admission] per-session draft-state charge: model="q9" +44MB (measured capture high-water)
1790469105500 [admission] request cost: model="q9" ctx=9748 path=spec = 16704 B/token x ctx + 538MB prefill-workspace + 121MB fixed = 822MB
1790469105500 [admit-predict] id=chatcmpl-290618e6c1640990b045047a122549bf tenant="" model="q9" verdict=admit reason=global-p95 prompt=1492 predicted_completion=5048 kv_hat=812148616 booked_bytes=0 booked_real=0 inflight=0 cap=64 budget_bytes=12760827008 retry_after_s=- exempt=0 enforce=0 live_free_bytes=-
1790469105500 [admit-mem] id=chatcmpl-290618e6c1640990b045047a122549bf model="q9" verdict=admit prompt=1492 output_bound=- charged_ctx=9748 est_bytes=2476214152 est_context=162830592 est_fixed=2313383560 device_free=14644843064 pending_prime=0 pending_seed=0 host_free=0 demotable=1089622016 short_by=0 inflight=0 cap=64 waited_ms=0 retry_after_s=-
1790469105501 [prefix-cache] hit: 1408 of 1492 prompt tokens from cache (model q9)
1790469105501 [prefix-cache] spec restore: 1408 of 1492 prompt tokens + draft plane from cache [suffix queued] (model q9)
1790469105501 [spec-k] model="q9" tenant="" K=2 source=cached-long prompt=1492 cached=1408 lcp=1408 active=1 wave=1 placement=single-or-non-pp2
1790469105782 [spec-acc] ctx=84 burst=19/24 cum=19/24=0.792
1790469105782 [prefix-cache] insert (spec-boundary): 1472 tokens, 77.3MB (resident 1166.9MB / 2052MB, model q9)
1790469105988 [spec-acc] ctx=116 burst=20/28 cum=39/52=0.750
1790469106179 [spec-acc] ctx=150 burst=21/26 cum=60/78=0.769
1790469106343 [spec-acc] ctx=184 burst=21/22 cum=81/100=0.810
1790469106547 [spec-acc] ctx=216 burst=20/28 cum=101/128=0.789
1790469106783 [spec-acc] ctx=250 burst=18/32 cum=119/160=0.744
1790469106975 [spec-acc] ctx=284 burst=21/26 cum=140/186=0.753
1790469107166 [spec-acc] ctx=318 burst=19/26 cum=159/212=0.750
1790469107406 [spec-acc] ctx=350 burst=17/32 cum=176/244=0.721
1790469107614 [spec-acc] ctx=383 burst=18/28 cum=194/272=0.713
1790469107821 [spec-acc] ctx=415 burst=19/28 cum=213/300=0.710
1790469108042 [spec-acc] ctx=448 burst=19/30 cum=232/330=0.703
1790469108259 [spec-acc] ctx=482 burst=17/30 cum=249/360=0.692
1790469108460 [spec-acc] ctx=514 burst=19/28 cum=268/388=0.691
1790469108662 [spec-acc] ctx=547 burst=19/28 cum=287/416=0.690
1790469108834 [spec-acc] ctx=580 burst=21/24 cum=308/440=0.700
1790469109035 [spec-acc] ctx=613 burst=19/28 cum=327/468=0.699
1790469109222 [spec-acc] ctx=646 burst=19/26 cum=346/494=0.700
1790469109408 [spec-acc] ctx=678 burst=20/26 cum=366/520=0.704
1790469109579 [spec-acc] ctx=711 burst=22/24 cum=388/544=0.713
1790469109765 [spec-acc] ctx=745 burst=19/26 cum=407/570=0.714
1790469109970 [spec-acc] ctx=777 burst=20/28 cum=427/598=0.714
1790469110133 [spec-acc] ctx=811 burst=22/22 cum=449/620=0.724
1790469110364 [spec-acc] ctx=844 burst=18/32 cum=467/652=0.716
1790469110566 [spec-acc] ctx=878 burst=19/28 cum=486/680=0.715
1790469110754 [spec-acc] ctx=911 burst=19/26 cum=505/706=0.715
1790469110962 [spec-acc] ctx=943 burst=20/28 cum=525/734=0.715
1790469111120 [spec-acc] ctx=977 burst=22/22 cum=547/756=0.724
1790469111279 [spec-acc] ctx=1010 burst=22/22 cum=569/778=0.731
1790469111468 [spec-acc] ctx=1043 burst=19/26 cum=588/804=0.731
1790469111660 [spec-acc] ctx=1075 burst=19/26 cum=607/830=0.731
1790469111863 [spec-acc] ctx=1107 burst=18/28 cum=625/858=0.728
1790469112036 [spec-acc] ctx=1139 burst=21/24 cum=646/882=0.732
1790469112265 [spec-acc] ctx=1172 burst=16/32 cum=662/914=0.724
1790469112453 [spec-acc] ctx=1204 burst=19/26 cum=681/940=0.724
1790469112655 [spec-acc] ctx=1236 burst=20/28 cum=701/968=0.724
1790469112814 [spec-acc] ctx=1270 burst=21/22 cum=722/990=0.729
1790469112977 [spec-acc] ctx=1302 burst=21/22 cum=743/1012=0.734
1790469113152 [spec-acc] ctx=1334 burst=22/24 cum=765/1036=0.738
1790469113312 [spec-acc] ctx=1368 burst=22/22 cum=787/1058=0.744
1790469113504 [spec-acc] ctx=1401 burst=19/26 cum=806/1084=0.744
1790469113724 [spec-acc] ctx=1433 burst=17/30 cum=823/1114=0.739
1790469113947 [spec-acc] ctx=1465 burst=19/30 cum=842/1144=0.736
1790469114122 [spec-acc] ctx=1499 burst=20/24 cum=862/1168=0.738
1790469114299 [spec-acc] ctx=1531 burst=21/24 cum=883/1192=0.741
1790469114494 [spec-acc] ctx=1564 burst=21/26 cum=904/1218=0.742
1790469114669 [spec-acc] ctx=1598 burst=20/24 cum=924/1242=0.744
1790469114863 [spec-acc] ctx=1630 burst=19/26 cum=943/1268=0.744
1790469115052 [spec-acc] ctx=1662 burst=20/26 cum=963/1294=0.744
1790469115212 [spec-acc] ctx=1695 burst=22/22 cum=985/1316=0.748
1790469115372 [spec-acc] ctx=1728 burst=21/22 cum=1006/1338=0.752
1790469115551 [spec-acc] ctx=1760 burst=20/24 cum=1026/1362=0.753
1790469115725 [spec-acc] ctx=1792 burst=21/24 cum=1047/1386=0.755
1790469115885 [spec-acc] ctx=1825 burst=22/22 cum=1069/1408=0.759
1790469116138 [spec-acc] ctx=1858 burst=17/34 cum=1086/1442=0.753
1790469116298 [spec-acc] ctx=1892 burst=22/22 cum=1108/1464=0.757
1790469116478 [spec-acc] ctx=1925 burst=20/24 cum=1128/1488=0.758
1790469116684 [spec-acc] ctx=1957 burst=19/28 cum=1147/1516=0.757
1790469116864 [spec-acc] ctx=1990 burst=22/24 cum=1169/1540=0.759
1790469117042 [spec-acc] ctx=2024 burst=20/24 cum=1189/1564=0.760
1790469117236 [spec-acc] ctx=2056 burst=19/26 cum=1208/1590=0.760
1790469117443 [spec-acc] ctx=2088 burst=18/28 cum=1226/1618=0.758
1790469117605 [spec-acc] ctx=2120 burst=21/22 cum=1247/1640=0.760
1790469117769 [spec-acc] ctx=2152 burst=22/22 cum=1269/1662=0.764
1790469117945 [spec-acc] ctx=2185 burst=22/24 cum=1291/1686=0.766
1790469118167 [spec-acc] ctx=2219 burst=18/30 cum=1309/1716=0.763
1790469118357 [spec-acc] ctx=2252 burst=21/26 cum=1330/1742=0.763
1790469118536 [spec-acc] ctx=2286 burst=21/24 cum=1351/1766=0.765
1790469118726 [spec-acc] ctx=2319 burst=21/26 cum=1372/1792=0.766
1790469118917 [spec-acc] ctx=2353 burst=21/26 cum=1393/1818=0.766
1790469119096 [spec-acc] ctx=2387 burst=21/24 cum=1414/1842=0.768
1790469119318 [spec-acc] ctx=2420 burst=19/30 cum=1433/1872=0.765
1790469119527 [spec-acc] ctx=2454 burst=19/28 cum=1452/1900=0.764
1790469119704 [spec-acc] ctx=2487 burst=20/24 cum=1472/1924=0.765
1790469119916 [spec-acc] ctx=2519 burst=18/28 cum=1490/1952=0.763
1790469120111 [spec-acc] ctx=2551 burst=19/26 cum=1509/1978=0.763
1790469120306 [spec-acc] ctx=2583 burst=20/26 cum=1529/2004=0.763
1790469120487 [spec-acc] ctx=2616 burst=22/24 cum=1551/2028=0.765
1790469120653 [spec-acc] ctx=2650 burst=22/22 cum=1573/2050=0.767
1790469120831 [spec-acc] ctx=2683 burst=22/24 cum=1595/2074=0.769
1790469121070 [spec-acc] ctx=2717 burst=16/32 cum=1611/2106=0.765
1790469121263 [spec-acc] ctx=2749 burst=19/26 cum=1630/2132=0.765
1790469121458 [spec-acc] ctx=2781 burst=21/26 cum=1651/2158=0.765
1790469121620 [spec-acc] ctx=2815 burst=22/22 cum=1673/2180=0.767
1790469121785 [spec-acc] ctx=2848 burst=22/22 cum=1695/2202=0.770
1790469121964 [spec-acc] ctx=2881 burst=20/24 cum=1715/2226=0.770
1790469122175 [spec-acc] ctx=2913 burst=19/28 cum=1734/2254=0.769
1790469122357 [spec-acc] ctx=2946 burst=21/24 cum=1755/2278=0.770
1790469122536 [spec-acc] ctx=2979 burst=20/24 cum=1775/2302=0.771
1790469122701 [spec-acc] ctx=3011 burst=22/22 cum=1797/2324=0.773
1790469122897 [spec-acc] ctx=3044 burst=19/26 cum=1816/2350=0.773
1790469123077 [spec-acc] ctx=3076 burst=22/24 cum=1838/2374=0.774
1790469123257 [spec-acc] ctx=3110 burst=21/24 cum=1859/2398=0.775
1790469123441 [spec-acc] ctx=3143 burst=21/24 cum=1880/2422=0.776
1790469123621 [spec-acc] ctx=3176 burst=22/24 cum=1902/2446=0.778
1790469123803 [spec-acc] ctx=3210 burst=22/24 cum=1924/2470=0.779
1790469124000 [spec-acc] ctx=3244 burst=20/26 cum=1944/2496=0.779
1790469124163 [spec-acc] ctx=3277 burst=22/22 cum=1966/2518=0.781
1790469124327 [spec-acc] ctx=3310 burst=22/22 cum=1988/2540=0.783
1790469124492 [spec-acc] ctx=3343 burst=21/22 cum=2009/2562=0.784
1790469124688 [spec-acc] ctx=3375 burst=20/26 cum=2029/2588=0.784
1790469124918 [spec-acc] ctx=3408 burst=19/30 cum=2048/2618=0.782
1790469125099 [spec-acc] ctx=3442 burst=20/24 cum=2068/2642=0.783
1790469125310 [spec-acc] ctx=3474 burst=19/28 cum=2087/2670=0.782
1790469125523 [spec-acc] ctx=3507 burst=20/28 cum=2107/2698=0.781
1790469125736 [spec-acc] ctx=3541 burst=18/28 cum=2125/2726=0.780
1790469125965 [spec-acc] ctx=3573 burst=17/30 cum=2142/2756=0.777
1790469126130 [spec-acc] ctx=3605 burst=21/22 cum=2163/2778=0.779
1790469126312 [spec-acc] ctx=3637 burst=22/24 cum=2185/2802=0.780
1790469126494 [spec-acc] ctx=3671 burst=22/24 cum=2207/2826=0.781
1790469126676 [spec-acc] ctx=3705 burst=20/24 cum=2227/2850=0.781
1790469126875 [spec-acc] ctx=3737 burst=19/26 cum=2246/2876=0.781
1790469127070 [spec-acc] ctx=3769 burst=20/26 cum=2266/2902=0.781
1790469127250 [spec-acc] ctx=3802 burst=22/24 cum=2288/2926=0.782
1790469127447 [spec-acc] ctx=3836 burst=20/26 cum=2308/2952=0.782
1790469127646 [spec-acc] ctx=3869 burst=19/26 cum=2327/2978=0.781
1790469127845 [spec-acc] ctx=3901 burst=21/26 cum=2348/3004=0.782
1790469128045 [spec-acc] ctx=3935 burst=19/26 cum=2367/3030=0.781
1790469128261 [spec-acc] ctx=3967 burst=20/28 cum=2387/3058=0.781
1790469128462 [spec-acc] ctx=4001 burst=20/26 cum=2407/3084=0.780
1790469128667 [spec-acc] ctx=4034 burst=19/26 cum=2426/3110=0.780
1790469128908 [spec-acc] ctx=4066 burst=19/28 cum=2445/3138=0.779
1790469129107 [spec-acc] ctx=4099 burst=20/24 cum=2465/3162=0.780
1790469129356 [spec-acc] ctx=4131 burst=18/30 cum=2483/3192=0.778
1790469129572 [spec-acc] ctx=4164 burst=19/26 cum=2502/3218=0.778
1790469129752 [spec-acc] ctx=4196 burst=21/22 cum=2523/3240=0.779
1790469129967 [spec-acc] ctx=4228 burst=21/26 cum=2544/3266=0.779
1790469130155 [spec-acc] ctx=4262 burst=21/24 cum=2565/3290=0.780
1790469130330 [spec-acc] ctx=4295 burst=22/22 cum=2587/3312=0.781
1790469130519 [spec-acc] ctx=4328 burst=20/24 cum=2607/3336=0.781
1790469130739 [spec-acc] ctx=4360 burst=20/28 cum=2627/3364=0.781
1790469130914 [spec-acc] ctx=4394 burst=22/22 cum=2649/3386=0.782
1790469131124 [spec-acc] ctx=4427 burst=21/26 cum=2670/3412=0.783
1790469131299 [spec-acc] ctx=4461 burst=21/22 cum=2691/3434=0.784
1790469131488 [spec-acc] ctx=4493 burst=21/24 cum=2712/3458=0.784
1790469131661 [spec-acc] ctx=4526 burst=22/22 cum=2734/3480=0.786
1790469134670 [meter] admit id=chatcmpl-adc90e40fb1c08e935d4b99957a48c45 tenant=default lane=interactive model="q9"
1790469134671 [meter] admit id=chatcmpl-b02cc26ef8592fc91d848055101242ba tenant=default lane=interactive model="q9"
1790469134671 [meter] admit id=chatcmpl-5bb25c3aac8e6e52fd6f479ae55b76ce tenant=default lane=interactive model="q9"
1790469134671 [meter] admit id=chatcmpl-58ae95729ad898c46f234b26f8c94f08 tenant=default lane=interactive model="q9"
1790469134671 [meter] admit id=chatcmpl-f5be63016b67f5ab74feb8a618cc0b61 tenant=default lane=interactive model="q9"
1790469134671 [meter] admit id=chatcmpl-d3ec82b2d0b78d1d2fb4fafe6b93b6d4 tenant=default lane=interactive model="q9"
1790469134671 [meter] admit id=chatcmpl-09fffb21dff8ed7ba95fd514016db2a0 tenant=default lane=interactive model="q9"
1790469134671 [meter] admit id=chatcmpl-a65dcb4c237474d10cce164966d2ccd3 tenant=default lane=interactive model="q9"
1790469134672 [meter] admit id=chatcmpl-42b886a659d43756c947c58d1ef62642 tenant=default lane=interactive model="q9"
1790469134672 [meter] admit id=chatcmpl-f9778eb054c7bd7385849da38df548ff tenant=default lane=interactive model="q9"
1790469134672 [meter] admit id=chatcmpl-a80d5cf009379d664d6e7b02fc2e8352 tenant=default lane=interactive model="q9"
1790469134672 [meter] admit id=chatcmpl-4390743efd03b4a71c8c2926a7549d1a tenant=default lane=interactive model="q9"
1790469134672 [meter] admit id=chatcmpl-83a4c2afdcb8b9e32c8da54a6f240ac8 tenant=default lane=interactive model="q9"
1790469134672 [meter] admit id=chatcmpl-0ba9f38351ca214e077c9e11bc00e394 tenant=default lane=interactive model="q9"
1790469134672 [meter] admit id=chatcmpl-f1414408518e46895c02f79149613f6e tenant=default lane=interactive model="q9"
1790469134673 [meter] admit id=chatcmpl-271451d5fb9572693c906454f7d23149 tenant=default lane=interactive model="q9"
1790469134673 [meter] admit id=chatcmpl-22b32f9a85ebb9a3c10d166fe12a241b tenant=default lane=interactive model="q9"
1790469134673 [admission] request cost: model="q9" ctx=9591 path=plain = 14848 B/token x ctx + 481MB prefill-workspace + 121MB fixed = 745MB
1790469134673 [admit-predict] id=chatcmpl-adc90e40fb1c08e935d4b99957a48c45 tenant="" model="q9" verdict=admit reason=global-p95 prompt=1335 predicted_completion=5048 kv_hat=697169272 booked_bytes=0 booked_real=0 inflight=0 cap=64 budget_bytes=12760827008 retry_after_s=- exempt=0 enforce=0 live_free_bytes=-
1790469134673 [meter] admit id=chatcmpl-2361db587d78cd4e882cd1eedfde1bb4 tenant=default lane=interactive model="q9"
1790469134673 [admit-mem] id=chatcmpl-adc90e40fb1c08e935d4b99957a48c45 model="q9" verdict=admit prompt=1335 output_bound=- charged_ctx=9591 est_bytes=2355295608 est_context=142407168 est_fixed=2212888440 device_free=14568064952 pending_prime=0 pending_seed=0 host_free=0 demotable=1166917632 short_by=0 inflight=0 cap=64 waited_ms=0 retry_after_s=-
1790469134675 [spec-k] model="q9" tenant="" K=0 source=concurrency prompt=1335 cached=0 lcp=4 active=1 wave=18 placement=single-or-non-pp2
1790469134681 [meter] admit id=chatcmpl-2963079bac19d5895d575233148754ed tenant=default lane=interactive model="q9"
1790469134681 [meter] admit id=chatcmpl-b421e635489de04fe0f25dad8684cbbd tenant=default lane=interactive model="q9"
1790469134681 [meter] admit id=chatcmpl-ca063d6bb3a655642179bac3238e86e6 tenant=default lane=interactive model="q9"
1790469134681 [meter] admit id=chatcmpl-fdde865b73c2147adb598808b175fe09 tenant=default lane=interactive model="q9"
1790469134681 [meter] admit id=chatcmpl-ff12fdd82ed812c7e69d192f4c39fe0f tenant=default lane=interactive model="q9"
1790469134681 [meter] admit id=chatcmpl-ce82144c66603862c76de26452cbe8bb tenant=default lane=interactive model="q9"
1790469134681 [meter] admit id=chatcmpl-cb5b1bf43d1146ca028aeb135bede0f6 tenant=default lane=interactive model="q9"
1790469134681 [meter] admit id=chatcmpl-67d98628b91e03269ebae1242a156094 tenant=default lane=interactive model="q9"
1790469134681 [meter] admit id=chatcmpl-97632631fde556d452289b5b2e2228fd tenant=default lane=interactive model="q9"
1790469134681 [meter] admit id=chatcmpl-39b61e1374108a621ddf472e2701029e tenant=default lane=interactive model="q9"
1790469134681 [meter] admit id=chatcmpl-8208f765e849698ac89d758a3c436b78 tenant=default lane=interactive model="q9"
1790469134681 [meter] admit id=chatcmpl-283d5e3205a5efe46c666b2769167b20 tenant=default lane=interactive model="q9"
1790469134681 [meter] admit id=chatcmpl-63534ff42e2d60f63a71cdb04db76c55 tenant=default lane=interactive model="q9"
1790469134681 [meter] admit id=chatcmpl-49ce9b19af371aa333d991eba33ed9e4 tenant=default lane=interactive model="q9"
1790469134681 [meter] admit id=chatcmpl-8aae1aea87ca616b7b7d85f4d0fec841 tenant=default lane=interactive model="q9"
1790469134681 [meter] admit id=chatcmpl-a3db11273ef1143d52b7d044fe24e074 tenant=default lane=interactive model="q9"
1790469134681 [meter] admit id=chatcmpl-9882696be4ab3baff292ec61f138d94d tenant=default lane=interactive model="q9"
1790469134681 [meter] admit id=chatcmpl-d6754fdcaa1423c0629922add2792c74 tenant=default lane=interactive model="q9"
1790469134681 [meter] admit id=chatcmpl-41f496b3224548a0ff7b5c16b2582b8f tenant=default lane=interactive model="q9"
1790469134681 [meter] admit id=chatcmpl-efb1061dd42e87b6bfed0a5843f5fc0b tenant=default lane=interactive model="q9"
1790469134681 [meter] admit id=chatcmpl-9352eee1f66a22991b38d13ec173a46b tenant=default lane=interactive model="q9"
1790469134681 [meter] admit id=chatcmpl-e585a8bd96872b2c7ce4b26c94686759 tenant=default lane=interactive model="q9"
1790469134681 [meter] admit id=chatcmpl-37f485cfabed3aa1db742762b81e50bd tenant=default lane=interactive model="q9"
1790469134681 [meter] admit id=chatcmpl-a2acc3a97e20c5bde0bbd7932563483a tenant=default lane=interactive model="q9"
1790469134681 [meter] admit id=chatcmpl-a74f481a712d498aec47788b39124cee tenant=default lane=interactive model="q9"
1790469134681 [meter] admit id=chatcmpl-80668bc40c61399370968a6fd27c2a6a tenant=default lane=interactive model="q9"
1790469134681 [meter] admit id=chatcmpl-f4340de10c55b3cc807d8a4001daf8e6 tenant=default lane=interactive model="q9"
1790469134681 [meter] admit id=chatcmpl-88cfe8acb30acff88594583cbb6166f7 tenant=default lane=interactive model="q9"
1790469134681 [meter] admit id=chatcmpl-03777a4d194bd2cfc248aa21592559b7 tenant=default lane=interactive model="q9"
1790469134681 [meter] admit id=chatcmpl-8739537878345577ddca9dce46645053 tenant=default lane=interactive model="q9"
1790469134681 [meter] admit id=chatcmpl-7d48137daa5b2398f3c113923788fc2f tenant=default lane=interactive model="q9"
1790469134681 [meter] admit id=chatcmpl-dc6c57d84a18a7cddafca953ef4cf406 tenant=default lane=interactive model="q9"
1790469134681 [meter] admit id=chatcmpl-9458044d2381fd2f3955d21038add80b tenant=default lane=interactive model="q9"
1790469134681 [meter] admit id=chatcmpl-7475632a57fb80f051804a30dd2e6693 tenant=default lane=interactive model="q9"
1790469134681 [meter] admit id=chatcmpl-e63719328217dcf6f4672855e8371d18 tenant=default lane=interactive model="q9"
1790469134681 [meter] admit id=chatcmpl-fbf1dc0d8227ef45178c17ff4c9e041a tenant=default lane=interactive model="q9"
1790469134681 [meter] admit id=chatcmpl-02d667382df271f1f29fcebc91ac1a92 tenant=default lane=interactive model="q9"
1790469134681 [meter] admit id=chatcmpl-ee524a03ad66bde6b08f193ef77a8b2f tenant=default lane=interactive model="q9"
1790469134681 [meter] admit id=chatcmpl-31ba5eaba3a3939acd6ceab7f2483542 tenant=default lane=interactive model="q9"
1790469134681 [meter] admit id=chatcmpl-36449dbaa03eef66304092fe4478739e tenant=default lane=interactive model="q9"
1790469134681 [meter] admit id=chatcmpl-5b81a7ca0c278cc23cac7aa2b0e0fb2b tenant=default lane=interactive model="q9"
1790469134681 [meter] admit id=chatcmpl-c5598344405066834c268b67b874b723 tenant=default lane=interactive model="q9"
1790469134681 [meter] admit id=chatcmpl-af0a400bfb7765f0b59fb02f192f0040 tenant=default lane=interactive model="q9"
1790469134681 [meter] admit id=chatcmpl-50d2ba29c6ee35ef9adcba6cb0c09a76 tenant=default lane=interactive model="q9"
1790469134681 [meter] admit id=chatcmpl-8d7a35d49faf3376df3bc4043a36c2b4 tenant=default lane=interactive model="q9"
1790469134681 [meter] admit id=chatcmpl-e10a9fc59e08217eaf75a3c1cfe96246 tenant=default lane=interactive model="q9"
1790469134888 [admission] request cost: model="q9" ctx=9587 path=plain = 14848 B/token x ctx + 480MB prefill-workspace + 121MB fixed = 743MB
1790469134888 [admit-predict] id=chatcmpl-b02cc26ef8592fc91d848055101242ba tenant="" model="q9" verdict=admit reason=global-p95 prompt=1331 predicted_completion=5048 kv_hat=695668088 booked_bytes=697169272 booked_real=744682872 inflight=1 cap=64 budget_bytes=12760827008 retry_after_s=- exempt=0 enforce=0 live_free_bytes=-
1790469134888 [admit-mem] id=chatcmpl-b02cc26ef8592fc91d848055101242ba model="q9" verdict=admit prompt=1331 output_bound=- charged_ctx=9587 est_bytes=2353794424 est_context=142347776 est_fixed=2211446648 device_free=14121498692 pending_prime=112099328 pending_seed=72171520 host_free=0 demotable=1166917632 short_by=0 inflight=1 cap=64 waited_ms=0 retry_after_s=-
1790469134889 [spec-k] model="q9" tenant="" K=0 source=concurrency prompt=1331 cached=0 lcp=4 active=2 wave=64 placement=single-or-non-pp2
1790469134891 [admission] request cost: model="q9" ctx=9584 path=plain = 14848 B/token x ctx + 479MB prefill-workspace + 121MB fixed = 742MB
1790469134891 [admit-predict] id=chatcmpl-5bb25c3aac8e6e52fd6f479ae55b76ce tenant="" model="q9" verdict=admit reason=global-p95 prompt=1328 predicted_completion=5048 kv_hat=694542200 booked_bytes=1392837360 booked_real=1487864560 inflight=2 cap=64 budget_bytes=12760827008 retry_after_s=- exempt=0 enforce=0 live_free_bytes=-
1790469134891 [admit-mem] id=chatcmpl-5bb25c3aac8e6e52fd6f479ae55b76ce model="q9" verdict=admit prompt=1328 output_bound=- charged_ctx=9584 est_bytes=2352668536 est_context=142303232 est_fixed=2210365304 device_free=13304907216 pending_prime=591855616 pending_seed=146778112 host_free=0 demotable=1166917632 short_by=0 inflight=2 cap=64 waited_ms=0 retry_after_s=-
1790469134894 [spec-k] model="q9" tenant="" K=0 source=concurrency prompt=1328 cached=0 lcp=4 active=3 wave=64 placement=single-or-non-pp2
1790469134897 [admission] request cost: model="q9" ctx=9593 path=plain = 14848 B/token x ctx + 482MB prefill-workspace + 121MB fixed = 745MB
1790469134897 [admit-predict] id=chatcmpl-58ae95729ad898c46f234b26f8c94f08 tenant="" model="q9" verdict=admit reason=global-p95 prompt=1337 predicted_completion=5048 kv_hat=697919864 booked_bytes=2087379560 booked_real=2229920360 inflight=3 cap=64 budget_bytes=12760827008 retry_after_s=- exempt=0 enforce=0 live_free_bytes=-
1790469134897 [admit-mem] id=chatcmpl-58ae95729ad898c46f234b26f8c94f08 model="q9" verdict=admit prompt=1337 output_bound=- charged_ctx=9593 est_bytes=2356046200 est_context=142436864 est_fixed=2213609336 device_free=12489447196 pending_prime=1070530560 pending_seed=221384704 host_free=0 demotable=1166917632 short_by=0 inflight=3 cap=64 waited_ms=0 retry_after_s=-
1790469134901 [spec-k] model="q9" tenant="" K=0 source=concurrency prompt=1337 cached=0 lcp=4 active=4 wave=64 placement=single-or-non-pp2
1790469134904 [admission] request cost: model="q9" ctx=9588 path=plain = 14848 B/token x ctx + 480MB prefill-workspace + 121MB fixed = 744MB
1790469134904 [admit-predict] id=chatcmpl-f5be63016b67f5ab74feb8a618cc0b61 tenant="" model="q9" verdict=admit reason=global-p95 prompt=1332 predicted_completion=5048 kv_hat=696043384 booked_bytes=2785299424 booked_real=2975353824 inflight=4 cap=64 budget_bytes=12760827008 retry_after_s=- exempt=0 enforce=0 live_free_bytes=-
1790469134904 [admit-mem] id=chatcmpl-f5be63016b67f5ab74feb8a618cc0b61 model="q9" verdict=admit prompt=1332 output_bound=- charged_ctx=9588 est_bytes=2354169720 est_context=142362624 est_fixed=2211807096 device_free=11670592808 pending_prime=1552449536 pending_seed=295991296 host_free=0 demotable=1166917632 short_by=0 inflight=4 cap=64 waited_ms=0 retry_after_s=-
1790469134906 [spec-k] model="q9" tenant="" K=0 source=concurrency prompt=1332 cached=0 lcp=4 active=5 wave=64 placement=single-or-non-pp2
1790469134908 [admission] request cost: model="q9" ctx=9585 path=plain = 14848 B/token x ctx + 479MB prefill-workspace + 121MB fixed = 742MB
1790469134908 [admit-predict] id=chatcmpl-d3ec82b2d0b78d1d2fb4fafe6b93b6d4 tenant="" model="q9" verdict=admit reason=global-p95 prompt=1329 predicted_completion=5048 kv_hat=694917496 booked_bytes=3481342808 booked_real=3718910808 inflight=5 cap=64 budget_bytes=12760827008 retry_after_s=- exempt=0 enforce=0 live_free_bytes=-
1790469134908 [admit-mem] id=chatcmpl-d3ec82b2d0b78d1d2fb4fafe6b93b6d4 model="q9" verdict=admit prompt=1329 output_bound=- charged_ctx=9585 est_bytes=2353043832 est_context=142318080 est_fixed=2210725752 device_free=10853624180 pending_prime=2032566272 pending_seed=370597888 host_free=0 demotable=1166917632 short_by=0 inflight=5 cap=64 waited_ms=0 retry_after_s=-
1790469134910 [spec-k] model="q9" tenant="" K=0 source=concurrency prompt=1329 cached=0 lcp=4 active=6 wave=64 placement=single-or-non-pp2
1790469134912 [admission] request cost: model="q9" ctx=9595 path=plain = 14848 B/token x ctx + 483MB prefill-workspace + 121MB fixed = 746MB
1790469134912 [admit-predict] id=chatcmpl-09fffb21dff8ed7ba95fd514016db2a0 tenant="" model="q9" verdict=admit reason=global-p95 prompt=1339 predicted_completion=5048 kv_hat=698670456 booked_bytes=4176260304 booked_real=4461341904 inflight=6 cap=64 budget_bytes=12760827008 retry_after_s=- exempt=0 enforce=0 live_free_bytes=-
1790469134912 [admit-mem] id=chatcmpl-09fffb21dff8ed7ba95fd514016db2a0 model="q9" verdict=admit prompt=1339 output_bound=- charged_ctx=9595 est_bytes=2356796792 est_context=142466560 est_fixed=2214330232 device_free=10037787008 pending_prime=2511601664 pending_seed=445204480 host_free=0 demotable=1166917632 short_by=0 inflight=6 cap=64 waited_ms=0 retry_after_s=-
1790469134914 [spec-k] model="q9" tenant="" K=0 source=concurrency prompt=1339 cached=0 lcp=4 active=7 wave=64 placement=single-or-non-pp2
1790469134915 [admission] request cost: model="q9" ctx=9588 path=plain = 14848 B/token x ctx + 480MB prefill-workspace + 121MB fixed = 744MB
1790469134915 [admit-predict] id=chatcmpl-a65dcb4c237474d10cce164966d2ccd3 tenant="" model="q9" verdict=admit reason=global-p95 prompt=1332 predicted_completion=5048 kv_hat=696043384 booked_bytes=4874930760 booked_real=5207525960 inflight=7 cap=64 budget_bytes=12760827008 retry_after_s=- exempt=0 enforce=0 live_free_bytes=-
1790469134916 [admit-mem] id=chatcmpl-a65dcb4c237474d10cce164966d2ccd3 model="q9" verdict=admit prompt=1332 output_bound=- charged_ctx=9588 est_bytes=2354169720 est_context=142362624 est_fixed=2211807096 device_free=9218178316 pending_prime=2994241536 pending_seed=519811072 host_free=0 demotable=1166917632 short_by=0 inflight=7 cap=64 waited_ms=0 retry_after_s=-
1790469134918 [spec-k] model="q9" tenant="" K=0 source=concurrency prompt=1332 cached=0 lcp=4 active=8 wave=64 placement=single-or-non-pp2
1790469134919 [admission] request cost: model="q9" ctx=9584 path=plain = 14848 B/token x ctx + 479MB prefill-workspace + 121MB fixed = 742MB
1790469134919 [admit-predict] id=chatcmpl-42b886a659d43756c947c58d1ef62642 tenant="" model="q9" verdict=admit reason=global-p95 prompt=1328 predicted_completion=5048 kv_hat=694542200 booked_bytes=5570974144 booked_real=5951082944 inflight=8 cap=64 budget_bytes=12760827008 retry_after_s=- exempt=0 enforce=0 live_free_bytes=-
1790469134919 [admit-mem] id=chatcmpl-42b886a659d43756c947c58d1ef62642 model="q9" verdict=admit prompt=1328 output_bound=- charged_ctx=9584 est_bytes=2352668536 est_context=142303232 est_fixed=2210365304 device_free=8401209688 pending_prime=3474358272 pending_seed=594417664 host_free=0 demotable=1166917632 short_by=0 inflight=8 cap=64 waited_ms=0 retry_after_s=-
1790469134921 [spec-k] model="q9" tenant="" K=0 source=concurrency prompt=1328 cached=0 lcp=4 active=9 wave=64 placement=single-or-non-pp2
1790469134922 [admission] request cost: model="q9" ctx=9581 path=plain = 14848 B/token x ctx + 478MB prefill-workspace + 121MB fixed = 741MB
1790469134922 [admit-predict] id=chatcmpl-f9778eb054c7bd7385849da38df548ff tenant="" model="q9" verdict=admit reason=global-p95 prompt=1325 predicted_completion=5048 kv_hat=693416312 booked_bytes=6265516344 booked_real=6693138744 inflight=9 cap=64 budget_bytes=12760827008 retry_after_s=- exempt=0 enforce=0 live_free_bytes=-
1790469134922 [admit-mem] id=chatcmpl-f9778eb054c7bd7385849da38df548ff model="q9" verdict=admit prompt=1325 output_bound=- charged_ctx=9581 est_bytes=2351542648 est_context=142258688 est_fixed=2209283960 device_free=7585749668 pending_prime=3953033216 pending_seed=669024256 host_free=0 demotable=1166917632 short_by=0 inflight=9 cap=64 waited_ms=0 retry_after_s=-
1790469134924 [spec-k] model="q9" tenant="" K=0 source=concurrency prompt=1325 cached=0 lcp=4 active=10 wave=64 placement=single-or-non-pp2
1790469134926 [admission] request cost: model="q9" ctx=9588 path=plain = 14848 B/token x ctx + 480MB prefill-workspace + 121MB fixed = 744MB
1790469134926 [admit-predict] id=chatcmpl-a80d5cf009379d664d6e7b02fc2e8352 tenant="" model="q9" verdict=admit reason=global-p95 prompt=1332 predicted_completion=5048 kv_hat=696043384 booked_bytes=6958932656 booked_real=7434068656 inflight=10 cap=64 budget_bytes=12760827008 retry_after_s=- exempt=0 enforce=0 live_free_bytes=-
1790469134926 [admit-mem] id=chatcmpl-a80d5cf009379d664d6e7b02fc2e8352 model="q9" verdict=admit prompt=1332 output_bound=- charged_ctx=9588 est_bytes=2354169720 est_context=142362624 est_fixed=2211807096 device_free=6771955632 pending_prime=4430626816 pending_seed=743096320 host_free=0 demotable=1166917632 short_by=0 inflight=10 cap=64 waited_ms=0 retry_after_s=-
1790469134927 [spec-k] model="q9" tenant="" K=0 source=concurrency prompt=1332 cached=0 lcp=4 active=11 wave=64 placement=single-or-non-pp2
1790469134929 [admission] request cost: model="q9" ctx=9585 path=plain = 14848 B/token x ctx + 479MB prefill-workspace + 121MB fixed = 742MB
1790469134929 [admit-predict] id=chatcmpl-4390743efd03b4a71c8c2926a7549d1a tenant="" model="q9" verdict=admit reason=global-p95 prompt=1329 predicted_completion=5048 kv_hat=694917496 booked_bytes=7654976040 booked_real=8177625640 inflight=11 cap=64 budget_bytes=12760827008 retry_after_s=- exempt=0 enforce=0 live_free_bytes=-
1790469134929 [admit-mem] id=chatcmpl-4390743efd03b4a71c8c2926a7549d1a model="q9" verdict=admit prompt=1329 output_bound=- charged_ctx=9585 est_bytes=2353043832 est_context=142318080 est_fixed=2210725752 device_free=5954987004 pending_prime=4910743552 pending_seed=817702912 host_free=0 demotable=1166917632 short_by=0 inflight=11 cap=64 waited_ms=0 retry_after_s=-
1790469134931 [spec-k] model="q9" tenant="" K=0 source=concurrency prompt=1329 cached=0 lcp=4 active=12 wave=64 placement=single-or-non-pp2
1790469134932 [admission] request cost: model="q9" ctx=9587 path=plain = 14848 B/token x ctx + 480MB prefill-workspace + 121MB fixed = 743MB
1790469134932 [admit-predict] id=chatcmpl-83a4c2afdcb8b9e32c8da54a6f240ac8 tenant="" model="q9" verdict=admit reason=global-p95 prompt=1331 predicted_completion=5048 kv_hat=695668088 booked_bytes=8349893536 booked_real=8920056736 inflight=12 cap=64 budget_bytes=12760827008 retry_after_s=- exempt=0 enforce=0 live_free_bytes=-
1790469134932 [admit-mem] id=chatcmpl-83a4c2afdcb8b9e32c8da54a6f240ac8 model="q9" verdict=admit prompt=1331 output_bound=- charged_ctx=9587 est_bytes=2353794424 est_context=142347776 est_fixed=2211446648 device_free=5146838024 pending_prime=5389778944 pending_seed=884621312 host_free=0 demotable=1166917632 short_by=0 inflight=12 cap=64 waited_ms=0 retry_after_s=-
1790469134937 [spec-k] model="q9" tenant="" K=0 source=concurrency prompt=1331 cached=0 lcp=4 active=13 wave=64 placement=single-or-non-pp2
1790469134939 [admission] request cost: model="q9" ctx=9591 path=plain = 14848 B/token x ctx + 481MB prefill-workspace + 121MB fixed = 745MB
1790469134939 [admit-predict] id=chatcmpl-0ba9f38351ca214e077c9e11bc00e394 tenant="" model="q9" verdict=admit reason=global-p95 prompt=1335 predicted_completion=5048 kv_hat=697169272 booked_bytes=9045561624 booked_real=9663238424 inflight=13 cap=64 budget_bytes=12760827008 retry_after_s=- exempt=0 enforce=0 live_free_bytes=-
1790469134939 [admit-mem] id=chatcmpl-0ba9f38351ca214e077c9e11bc00e394 model="q9" verdict=admit prompt=1335 output_bound=- charged_ctx=9591 est_bytes=2355295608 est_context=142407168 est_fixed=2212888440 device_free=4404853140 pending_prime=5869535232 pending_seed=884621312 host_free=0 demotable=1166917632 short_by=0 inflight=13 cap=64 waited_ms=0 retry_after_s=-
1790469134941 [spec-k] model="q9" tenant="" K=0 source=concurrency prompt=1335 cached=0 lcp=4 active=14 wave=64 placement=single-or-non-pp2
1790469134942 [admission] request cost: model="q9" ctx=9589 path=plain = 14848 B/token x ctx + 480MB prefill-workspace + 121MB fixed = 744MB
1790469134942 [admit-predict] id=chatcmpl-f1414408518e46895c02f79149613f6e tenant="" model="q9" verdict=admit reason=global-p95 prompt=1333 predicted_completion=5048 kv_hat=696418680 booked_bytes=9742730896 booked_real=10407921296 inflight=14 cap=64 budget_bytes=12760827008 retry_after_s=- exempt=0 enforce=0 live_free_bytes=-
1790469134942 [admit-mem] id=chatcmpl-f1414408518e46895c02f79149613f6e model="q9" verdict=admit prompt=1333 output_bound=- charged_ctx=9589 est_bytes=2354545016 est_context=142377472 est_fixed=2212167544 device_free=3661359648 pending_prime=6350733312 pending_seed=884621312 host_free=0 demotable=1166917632 short_by=0 inflight=14 cap=64 waited_ms=0 retry_after_s=-
1790469134944 [spec-k] model="q9" tenant="" K=0 source=concurrency prompt=1333 cached=0 lcp=4 active=15 wave=64 placement=single-or-non-pp2
1790469134946 [admission] request cost: model="q9" ctx=9597 path=plain = 14848 B/token x ctx + 483MB prefill-workspace + 121MB fixed = 747MB
1790469134946 [admit-predict] id=chatcmpl-271451d5fb9572693c906454f7d23149 tenant="" model="q9" verdict=admit reason=global-p95 prompt=1341 predicted_completion=5048 kv_hat=699421048 booked_bytes=10439149576 booked_real=11151853576 inflight=15 cap=64 budget_bytes=12760827008 retry_after_s=- exempt=0 enforce=0 live_free_bytes=-
1790469134946 [admit-mem] id=chatcmpl-271451d5fb9572693c906454f7d23149 model="q9" verdict=admit prompt=1341 output_bound=- charged_ctx=9597 est_bytes=2357547384 est_context=142496256 est_fixed=2215051128 device_free=2918620460 pending_prime=6831210496 pending_seed=884621312 host_free=0 demotable=1166917632 short_by=0 inflight=15 cap=64 waited_ms=0 retry_after_s=-
1790469134947 [spec-k] model="q9" tenant="" K=0 source=concurrency prompt=1341 cached=0 lcp=4 active=16 wave=64 placement=single-or-non-pp2
1790469134949 [admission] request cost: model="q9" ctx=9584 path=plain = 14848 B/token x ctx + 479MB prefill-workspace + 121MB fixed = 742MB
1790469134949 [admit-predict] id=chatcmpl-22b32f9a85ebb9a3c10d166fe12a241b tenant="" model="q9" verdict=admit reason=global-p95 prompt=1328 predicted_completion=5048 kv_hat=694542200 booked_bytes=11138570624 booked_real=11898788224 inflight=16 cap=64 budget_bytes=12760827008 retry_after_s=- exempt=0 enforce=0 live_free_bytes=-
1790469134950 [admit-oom] reclaim settle (reclaim-on-defer): dev0 evicted_prefix_bytes=1166917632 pool_cached_gain_bytes=1166671872 trim_released_bytes=100663296 driver_free_bytes 10319822848 -> 10420486144 pool_reserved_bytes 14428405760 -> 14327742464 pool_used_bytes 14376171976 -> 13209500104 pool_retained_bytes=1066008576 (live neighbour or fragmentation; counted as pool-cached headroom, not driver free)
1790469134950 [admit-oom] reclaim-on-defer: evicted 15 prefix entries + 0 plain + 0 spec + 0 dspark parked sessions (global LRU); effective free 2173MB -> 3340MB
1790469134950 [admit-mem] id=chatcmpl-22b32f9a85ebb9a3c10d166fe12a241b model="q9" verdict=admit prompt=1328 output_bound=- charged_ctx=9584 est_bytes=2352668536 est_context=142303232 est_fixed=2210365304 device_free=3339535928 pending_prime=7314571264 pending_seed=884621312 host_free=0 demotable=0 short_by=0 inflight=16 cap=64 waited_ms=0 retry_after_s=-
1790469134952 [spec-k] model="q9" tenant="" K=0 source=concurrency prompt=1328 cached=0 lcp=0 active=17 wave=64 placement=single-or-non-pp2
1790469134953 [admission] request cost: model="q9" ctx=9588 path=plain = 14848 B/token x ctx + 480MB prefill-workspace + 121MB fixed = 744MB
1790469134953 [admit-predict] id=chatcmpl-2361db587d78cd4e882cd1eedfde1bb4 tenant="" model="q9" verdict=admit reason=global-p95 prompt=1332 predicted_completion=5048 kv_hat=696043384 booked_bytes=11833112824 booked_real=12640844024 inflight=17 cap=64 budget_bytes=12760827008 retry_after_s=- exempt=0 enforce=0 live_free_bytes=-
1790469134954 [admit-oom] reclaim-on-defer: evicted 0 prefix entries + 0 plain + 1 spec + 0 dspark parked sessions (global LRU); effective free 2218MB -> 2557MB
1790469134954 [admit-mem] id=chatcmpl-2361db587d78cd4e882cd1eedfde1bb4 model="q9" verdict=admit prompt=1332 output_bound=- charged_ctx=9588 est_bytes=2354169720 est_context=142362624 est_fixed=2211807096 device_free=2556796264 pending_prime=7793246208 pending_seed=1265342464 host_free=0 demotable=0 short_by=0 inflight=17 cap=64 waited_ms=0 retry_after_s=-
1790469134955 [spec-k] model="q9" tenant="" K=0 source=concurrency prompt=1332 cached=0 lcp=0 active=18 wave=64 placement=single-or-non-pp2
1790469134957 [admission] request cost: model="q9" ctx=9590 path=plain = 14848 B/token x ctx + 481MB prefill-workspace + 121MB fixed = 744MB
1790469134957 [admit-predict] id=chatcmpl-2963079bac19d5895d575233148754ed tenant="" model="q9" verdict=reject-kv reason=global-p95 prompt=1334 predicted_completion=5048 kv_hat=696793976 booked_bytes=12529156208 booked_real=13384401008 inflight=18 cap=64 budget_bytes=12760827008 retry_after_s=29 exempt=0 enforce=0 live_free_bytes=-
1790469134957 [admit-oom] reclaim-on-defer: evicted 0 prefix entries + 0 plain + 1 spec + 0 dspark parked sessions (global LRU); effective free 1740MB -> 2079MB
1790469134957 [admit-oom] VRAM defer: 18 active, effective free 2079MB (driver + 1271MB pool-cached) < cost 744MB + reserve 1611MB — queueing (FIFO) [pool res 14328MB used 13056MB; parked spec sessions 0; plain reuse 0; queue 45]
1790469134957 [admit-mem] id=chatcmpl-2963079bac19d5895d575233148754ed model="q9" verdict=defer prompt=1334 output_bound=- charged_ctx=9590 est_bytes=2354920312 est_context=142392320 est_fixed=2212527992 device_free=2078551192 pending_prime=8273362944 pending_seed=1339949056 host_free=0 demotable=0 short_by=276369120 inflight=18 cap=64 waited_ms=0 retry_after_s=-
1790469134959 [admission] request cost: model="q9" ctx=9586 path=plain = 14848 B/token x ctx + 479MB prefill-workspace + 121MB fixed = 743MB
1790469134959 [admit-predict] id=chatcmpl-b421e635489de04fe0f25dad8684cbbd tenant="" model="q9" verdict=reject-kv reason=global-p95 prompt=1330 predicted_completion=5048 kv_hat=695292792 booked_bytes=12529156208 booked_real=13384401008 inflight=18 cap=64 budget_bytes=12760827008 retry_after_s=29 exempt=0 enforce=0 live_free_bytes=-
1790469134959 [admit-mem] id=chatcmpl-b421e635489de04fe0f25dad8684cbbd model="q9" verdict=defer prompt=1330 output_bound=- charged_ctx=9586 est_bytes=2353419128 est_context=142332928 est_fixed=2211086200 device_free=2078551192 pending_prime=8273362944 pending_seed=1339949056 host_free=0 demotable=0 short_by=274867936 inflight=18 cap=64 waited_ms=0 retry_after_s=-
1790469134960 [admit-predict] id=chatcmpl-ca063d6bb3a655642179bac3238e86e6 tenant="" model="q9" verdict=reject-kv reason=global-p95 prompt=1330 predicted_completion=5048 kv_hat=695292792 booked_bytes=12529156208 booked_real=13384401008 inflight=18 cap=64 budget_bytes=12760827008 retry_after_s=29 exempt=0 enforce=0 live_free_bytes=-
1790469134960 [admit-mem] id=chatcmpl-ca063d6bb3a655642179bac3238e86e6 model="q9" verdict=defer prompt=1330 output_bound=- charged_ctx=9586 est_bytes=2353419128 est_context=142332928 est_fixed=2211086200 device_free=2078551192 pending_prime=8273362944 pending_seed=1339949056 host_free=0 demotable=0 short_by=274867936 inflight=18 cap=64 waited_ms=0 retry_after_s=-
1790469134962 [admission] request cost: model="q9" ctx=9583 path=plain = 14848 B/token x ctx + 478MB prefill-workspace + 121MB fixed = 742MB
1790469134962 [admit-predict] id=chatcmpl-fdde865b73c2147adb598808b175fe09 tenant="" model="q9" verdict=reject-kv reason=global-p95 prompt=1327 predicted_completion=5048 kv_hat=694166904 booked_bytes=12529156208 booked_real=13384401008 inflight=18 cap=64 budget_bytes=12760827008 retry_after_s=29 exempt=0 enforce=0 live_free_bytes=-
1790469134962 [admit-mem] id=chatcmpl-fdde865b73c2147adb598808b175fe09 model="q9" verdict=defer prompt=1327 output_bound=- charged_ctx=9583 est_bytes=2352293240 est_context=142288384 est_fixed=2210004856 device_free=2078551192 pending_prime=8273362944 pending_seed=1339949056 host_free=0 demotable=0 short_by=273742048 inflight=18 cap=64 waited_ms=0 retry_after_s=-
1790469134963 [admission] request cost: model="q9" ctx=9590 path=plain = 14848 B/token x ctx + 481MB prefill-workspace + 121MB fixed = 744MB
1790469134963 [admit-predict] id=chatcmpl-ff12fdd82ed812c7e69d192f4c39fe0f tenant="" model="q9" verdict=reject-kv reason=global-p95 prompt=1334 predicted_completion=5048 kv_hat=696793976 booked_bytes=12529156208 booked_real=13384401008 inflight=18 cap=64 budget_bytes=12760827008 retry_after_s=29 exempt=0 enforce=0 live_free_bytes=-
1790469134963 [admit-mem] id=chatcmpl-ff12fdd82ed812c7e69d192f4c39fe0f model="q9" verdict=defer prompt=1334 output_bound=- charged_ctx=9590 est_bytes=2354920312 est_context=142392320 est_fixed=2212527992 device_free=2078551192 pending_prime=8273362944 pending_seed=1339949056 host_free=0 demotable=0 short_by=276369120 inflight=18 cap=64 waited_ms=0 retry_after_s=-
1790469134965 [admission] request cost: model="q9" ctx=9586 path=plain = 14848 B/token x ctx + 479MB prefill-workspace + 121MB fixed = 743MB
1790469134965 [admit-predict] id=chatcmpl-ce82144c66603862c76de26452cbe8bb tenant="" model="q9" verdict=reject-kv reason=global-p95 prompt=1330 predicted_completion=5048 kv_hat=695292792 booked_bytes=12529156208 booked_real=13384401008 inflight=18 cap=64 budget_bytes=12760827008 retry_after_s=29 exempt=0 enforce=0 live_free_bytes=-
1790469134965 [admit-mem] id=chatcmpl-ce82144c66603862c76de26452cbe8bb model="q9" verdict=defer prompt=1330 output_bound=- charged_ctx=9586 est_bytes=2353419128 est_context=142332928 est_fixed=2211086200 device_free=2078551192 pending_prime=8273362944 pending_seed=1339949056 host_free=0 demotable=0 short_by=274867936 inflight=18 cap=64 waited_ms=0 retry_after_s=-
1790469134966 [admission] request cost: model="q9" ctx=9584 path=plain = 14848 B/token x ctx + 479MB prefill-workspace + 121MB fixed = 742MB
1790469134966 [admit-predict] id=chatcmpl-cb5b1bf43d1146ca028aeb135bede0f6 tenant="" model="q9" verdict=reject-kv reason=global-p95 prompt=1328 predicted_completion=5048 kv_hat=694542200 booked_bytes=12529156208 booked_real=13384401008 inflight=18 cap=64 budget_bytes=12760827008 retry_after_s=29 exempt=0 enforce=0 live_free_bytes=-
1790469134966 [admit-mem] id=chatcmpl-cb5b1bf43d1146ca028aeb135bede0f6 model="q9" verdict=defer prompt=1328 output_bound=- charged_ctx=9584 est_bytes=2352668536 est_context=142303232 est_fixed=2210365304 device_free=2078551192 pending_prime=8273362944 pending_seed=1339949056 host_free=0 demotable=0 short_by=274117344 inflight=18 cap=64 waited_ms=0 retry_after_s=-
1790469134968 [admit-predict] id=chatcmpl-67d98628b91e03269ebae1242a156094 tenant="" model="q9" verdict=reject-kv reason=global-p95 prompt=1328 predicted_completion=5048 kv_hat=694542200 booked_bytes=12529156208 booked_real=13384401008 inflight=18 cap=64 budget_bytes=12760827008 retry_after_s=29 exempt=0 enforce=0 live_free_bytes=-
1790469134968 [admit-mem] id=chatcmpl-67d98628b91e03269ebae1242a156094 model="q9" verdict=defer prompt=1328 output_bound=- charged_ctx=9584 est_bytes=2352668536 est_context=142303232 est_fixed=2210365304 device_free=2078551192 pending_prime=8273362944 pending_seed=1339949056 host_free=0 demotable=0 short_by=274117344 inflight=18 cap=64 waited_ms=0 retry_after_s=-
1790469134969 [admission] request cost: model="q9" ctx=9588 path=plain = 14848 B/token x ctx + 480MB prefill-workspace + 121MB fixed = 744MB
1790469134969 [admit-predict] id=chatcmpl-97632631fde556d452289b5b2e2228fd tenant="" model="q9" verdict=reject-kv reason=global-p95 prompt=1332 predicted_completion=5048 kv_hat=696043384 booked_bytes=12529156208 booked_real=13384401008 inflight=18 cap=64 budget_bytes=12760827008 retry_after_s=29 exempt=0 enforce=0 live_free_bytes=-
1790469134969 [admit-mem] id=chatcmpl-97632631fde556d452289b5b2e2228fd model="q9" verdict=defer prompt=1332 output_bound=- charged_ctx=9588 est_bytes=2354169720 est_context=142362624 est_fixed=2211807096 device_free=2078551192 pending_prime=8273362944 pending_seed=1339949056 host_free=0 demotable=0 short_by=275618528 inflight=18 cap=64 waited_ms=0 retry_after_s=-
1790469134971 [admission] request cost: model="q9" ctx=9584 path=plain = 14848 B/token x ctx + 479MB prefill-workspace + 121MB fixed = 742MB
1790469134971 [admit-predict] id=chatcmpl-39b61e1374108a621ddf472e2701029e tenant="" model="q9" verdict=reject-kv reason=global-p95 prompt=1328 predicted_completion=5048 kv_hat=694542200 booked_bytes=12529156208 booked_real=13384401008 inflight=18 cap=64 budget_bytes=12760827008 retry_after_s=29 exempt=0 enforce=0 live_free_bytes=-
1790469134971 [admit-mem] id=chatcmpl-39b61e1374108a621ddf472e2701029e model="q9" verdict=defer prompt=1328 output_bound=- charged_ctx=9584 est_bytes=2352668536 est_context=142303232 est_fixed=2210365304 device_free=2078551192 pending_prime=8273362944 pending_seed=1339949056 host_free=0 demotable=0 short_by=274117344 inflight=18 cap=64 waited_ms=0 retry_after_s=-
1790469134972 [admission] request cost: model="q9" ctx=9585 path=plain = 14848 B/token x ctx + 479MB prefill-workspace + 121MB fixed = 742MB
1790469134972 [admit-predict] id=chatcmpl-8208f765e849698ac89d758a3c436b78 tenant="" model="q9" verdict=reject-kv reason=global-p95 prompt=1329 predicted_completion=5048 kv_hat=694917496 booked_bytes=12529156208 booked_real=13384401008 inflight=18 cap=64 budget_bytes=12760827008 retry_after_s=29 exempt=0 enforce=0 live_free_bytes=-
1790469134972 [admit-mem] id=chatcmpl-8208f765e849698ac89d758a3c436b78 model="q9" verdict=defer prompt=1329 output_bound=- charged_ctx=9585 est_bytes=2353043832 est_context=142318080 est_fixed=2210725752 device_free=2078551192 pending_prime=8273362944 pending_seed=1339949056 host_free=0 demotable=0 short_by=274492640 inflight=18 cap=64 waited_ms=0 retry_after_s=-
1790469134974 [admit-predict] id=chatcmpl-283d5e3205a5efe46c666b2769167b20 tenant="" model="q9" verdict=reject-kv reason=global-p95 prompt=1329 predicted_completion=5048 kv_hat=694917496 booked_bytes=12529156208 booked_real=13384401008 inflight=18 cap=64 budget_bytes=12760827008 retry_after_s=29 exempt=0 enforce=0 live_free_bytes=-
1790469134974 [admit-mem] id=chatcmpl-283d5e3205a5efe46c666b2769167b20 model="q9" verdict=defer prompt=1329 output_bound=- charged_ctx=9585 est_bytes=2353043832 est_context=142318080 est_fixed=2210725752 device_free=2078551192 pending_prime=8273362944 pending_seed=1339949056 host_free=0 demotable=0 short_by=274492640 inflight=18 cap=64 waited_ms=0 retry_after_s=-
1790469134975 [admission] request cost: model="q9" ctx=9590 path=plain = 14848 B/token x ctx + 481MB prefill-workspace + 121MB fixed = 744MB
1790469134975 [admit-predict] id=chatcmpl-63534ff42e2d60f63a71cdb04db76c55 tenant="" model="q9" verdict=reject-kv reason=global-p95 prompt=1334 predicted_completion=5048 kv_hat=696793976 booked_bytes=12529156208 booked_real=13384401008 inflight=18 cap=64 budget_bytes=12760827008 retry_after_s=29 exempt=0 enforce=0 live_free_bytes=-
1790469134975 [admit-mem] id=chatcmpl-63534ff42e2d60f63a71cdb04db76c55 model="q9" verdict=defer prompt=1334 output_bound=- charged_ctx=9590 est_bytes=2354920312 est_context=142392320 est_fixed=2212527992 device_free=2078551192 pending_prime=8273362944 pending_seed=1339949056 host_free=0 demotable=0 short_by=276369120 inflight=18 cap=64 waited_ms=0 retry_after_s=-
1790469134977 [admission] request cost: model="q9" ctx=9592 path=plain = 14848 B/token x ctx + 482MB prefill-workspace + 121MB fixed = 745MB
1790469134977 [admit-predict] id=chatcmpl-49ce9b19af371aa333d991eba33ed9e4 tenant="" model="q9" verdict=reject-kv reason=global-p95 prompt=1336 predicted_completion=5048 kv_hat=697544568 booked_bytes=12529156208 booked_real=13384401008 inflight=18 cap=64 budget_bytes=12760827008 retry_after_s=29 exempt=0 enforce=0 live_free_bytes=-
1790469134977 [admit-mem] id=chatcmpl-49ce9b19af371aa333d991eba33ed9e4 model="q9" verdict=defer prompt=1336 output_bound=- charged_ctx=9592 est_bytes=2355670904 est_context=142422016 est_fixed=2213248888 device_free=2078551192 pending_prime=8273362944 pending_seed=1339949056 host_free=0 demotable=0 short_by=277119712 inflight=18 cap=64 waited_ms=0 retry_after_s=-
1790469134978 [admission] request cost: model="q9" ctx=9586 path=plain = 14848 B/token x ctx + 479MB prefill-workspace + 121MB fixed = 743MB
1790469134978 [admit-predict] id=chatcmpl-8aae1aea87ca616b7b7d85f4d0fec841 tenant="" model="q9" verdict=reject-kv reason=global-p95 prompt=1330 predicted_completion=5048 kv_hat=695292792 booked_bytes=12529156208 booked_real=13384401008 inflight=18 cap=64 budget_bytes=12760827008 retry_after_s=29 exempt=0 enforce=0 live_free_bytes=-
1790469134978 [admit-mem] id=chatcmpl-8aae1aea87ca616b7b7d85f4d0fec841 model="q9" verdict=defer prompt=1330 output_bound=- charged_ctx=9586 est_bytes=2353419128 est_context=142332928 est_fixed=2211086200 device_free=2078551192 pending_prime=8273362944 pending_seed=1339949056 host_free=0 demotable=0 short_by=274867936 inflight=18 cap=64 waited_ms=0 retry_after_s=-
1790469134980 [admission] request cost: model="q9" ctx=9589 path=plain = 14848 B/token x ctx + 480MB prefill-workspace + 121MB fixed = 744MB
1790469134980 [admit-predict] id=chatcmpl-a3db11273ef1143d52b7d044fe24e074 tenant="" model="q9" verdict=reject-kv reason=global-p95 prompt=1333 predicted_completion=5048 kv_hat=696418680 booked_bytes=12529156208 booked_real=13384401008 inflight=18 cap=64 budget_bytes=12760827008 retry_after_s=29 exempt=0 enforce=0 live_free_bytes=-
1790469134980 [admit-mem] id=chatcmpl-a3db11273ef1143d52b7d044fe24e074 model="q9" verdict=defer prompt=1333 output_bound=- charged_ctx=9589 est_bytes=2354545016 est_context=142377472 est_fixed=2212167544 device_free=2078551192 pending_prime=8273362944 pending_seed=1339949056 host_free=0 demotable=0 short_by=275993824 inflight=18 cap=64 waited_ms=0 retry_after_s=-
1790469134981 [admission] request cost: model="q9" ctx=9584 path=plain = 14848 B/token x ctx + 479MB prefill-workspace + 121MB fixed = 742MB
1790469134981 [admit-predict] id=chatcmpl-9882696be4ab3baff292ec61f138d94d tenant="" model="q9" verdict=reject-kv reason=global-p95 prompt=1328 predicted_completion=5048 kv_hat=694542200 booked_bytes=12529156208 booked_real=13384401008 inflight=18 cap=64 budget_bytes=12760827008 retry_after_s=29 exempt=0 enforce=0 live_free_bytes=-
1790469134981 [admit-mem] id=chatcmpl-9882696be4ab3baff292ec61f138d94d model="q9" verdict=defer prompt=1328 output_bound=- charged_ctx=9584 est_bytes=2352668536 est_context=142303232 est_fixed=2210365304 device_free=2078551192 pending_prime=8273362944 pending_seed=1339949056 host_free=0 demotable=0 short_by=274117344 inflight=18 cap=64 waited_ms=0 retry_after_s=-
1790469134983 [admission] request cost: model="q9" ctx=9593 path=plain = 14848 B/token x ctx + 482MB prefill-workspace + 121MB fixed = 745MB
1790469134983 [admit-predict] id=chatcmpl-d6754fdcaa1423c0629922add2792c74 tenant="" model="q9" verdict=reject-kv reason=global-p95 prompt=1337 predicted_completion=5048 kv_hat=697919864 booked_bytes=12529156208 booked_real=13384401008 inflight=18 cap=64 budget_bytes=12760827008 retry_after_s=29 exempt=0 enforce=0 live_free_bytes=-
1790469134983 [admit-mem] id=chatcmpl-d6754fdcaa1423c0629922add2792c74 model="q9" verdict=defer prompt=1337 output_bound=- charged_ctx=9593 est_bytes=2356046200 est_context=142436864 est_fixed=2213609336 device_free=2078551192 pending_prime=8273362944 pending_seed=1339949056 host_free=0 demotable=0 short_by=277495008 inflight=18 cap=64 waited_ms=0 retry_after_s=-
1790469134984 [admission] request cost: model="q9" ctx=9588 path=plain = 14848 B/token x ctx + 480MB prefill-workspace + 121MB fixed = 744MB
1790469134984 [admit-predict] id=chatcmpl-41f496b3224548a0ff7b5c16b2582b8f tenant="" model="q9" verdict=reject-kv reason=global-p95 prompt=1332 predicted_completion=5048 kv_hat=696043384 booked_bytes=12529156208 booked_real=13384401008 inflight=18 cap=64 budget_bytes=12760827008 retry_after_s=29 exempt=0 enforce=0 live_free_bytes=-
1790469134984 [admit-mem] id=chatcmpl-41f496b3224548a0ff7b5c16b2582b8f model="q9" verdict=defer prompt=1332 output_bound=- charged_ctx=9588 est_bytes=2354169720 est_context=142362624 est_fixed=2211807096 device_free=2078551192 pending_prime=8273362944 pending_seed=1339949056 host_free=0 demotable=0 short_by=275618528 inflight=18 cap=64 waited_ms=0 retry_after_s=-
1790469134986 [admission] request cost: model="q9" ctx=9585 path=plain = 14848 B/token x ctx + 479MB prefill-workspace + 121MB fixed = 742MB
1790469134986 [admit-predict] id=chatcmpl-efb1061dd42e87b6bfed0a5843f5fc0b tenant="" model="q9" verdict=reject-kv reason=global-p95 prompt=1329 predicted_completion=5048 kv_hat=694917496 booked_bytes=12529156208 booked_real=13384401008 inflight=18 cap=64 budget_bytes=12760827008 retry_after_s=29 exempt=0 enforce=0 live_free_bytes=-
1790469134986 [admit-mem] id=chatcmpl-efb1061dd42e87b6bfed0a5843f5fc0b model="q9" verdict=defer prompt=1329 output_bound=- charged_ctx=9585 est_bytes=2353043832 est_context=142318080 est_fixed=2210725752 device_free=2078551192 pending_prime=8273362944 pending_seed=1339949056 host_free=0 demotable=0 short_by=274492640 inflight=18 cap=64 waited_ms=0 retry_after_s=-
1790469134987 [admission] request cost: model="q9" ctx=9587 path=plain = 14848 B/token x ctx + 480MB prefill-workspace + 121MB fixed = 743MB
1790469134987 [admit-predict] id=chatcmpl-9352eee1f66a22991b38d13ec173a46b tenant="" model="q9" verdict=reject-kv reason=global-p95 prompt=1331 predicted_completion=5048 kv_hat=695668088 booked_bytes=12529156208 booked_real=13384401008 inflight=18 cap=64 budget_bytes=12760827008 retry_after_s=29 exempt=0 enforce=0 live_free_bytes=-
1790469134987 [admit-mem] id=chatcmpl-9352eee1f66a22991b38d13ec173a46b model="q9" verdict=defer prompt=1331 output_bound=- charged_ctx=9587 est_bytes=2353794424 est_context=142347776 est_fixed=2211446648 device_free=2078551192 pending_prime=8273362944 pending_seed=1339949056 host_free=0 demotable=0 short_by=275243232 inflight=18 cap=64 waited_ms=0 retry_after_s=-
1790469134988 [admission] request cost: model="q9" ctx=9586 path=plain = 14848 B/token x ctx + 479MB prefill-workspace + 121MB fixed = 743MB
1790469134989 [admit-predict] id=chatcmpl-e585a8bd96872b2c7ce4b26c94686759 tenant="" model="q9" verdict=reject-kv reason=global-p95 prompt=1330 predicted_completion=5048 kv_hat=695292792 booked_bytes=12529156208 booked_real=13384401008 inflight=18 cap=64 budget_bytes=12760827008 retry_after_s=29 exempt=0 enforce=0 live_free_bytes=-
1790469134989 [admit-mem] id=chatcmpl-e585a8bd96872b2c7ce4b26c94686759 model="q9" verdict=defer prompt=1330 output_bound=- charged_ctx=9586 est_bytes=2353419128 est_context=142332928 est_fixed=2211086200 device_free=2078551192 pending_prime=8273362944 pending_seed=1339949056 host_free=0 demotable=0 short_by=274867936 inflight=18 cap=64 waited_ms=0 retry_after_s=-
1790469134990 [admission] request cost: model="q9" ctx=9588 path=plain = 14848 B/token x ctx + 480MB prefill-workspace + 121MB fixed = 744MB
1790469134990 [admit-predict] id=chatcmpl-37f485cfabed3aa1db742762b81e50bd tenant="" model="q9" verdict=reject-kv reason=global-p95 prompt=1332 predicted_completion=5048 kv_hat=696043384 booked_bytes=12529156208 booked_real=13384401008 inflight=18 cap=64 budget_bytes=12760827008 retry_after_s=29 exempt=0 enforce=0 live_free_bytes=-
1790469134990 [admit-mem] id=chatcmpl-37f485cfabed3aa1db742762b81e50bd model="q9" verdict=defer prompt=1332 output_bound=- charged_ctx=9588 est_bytes=2354169720 est_context=142362624 est_fixed=2211807096 device_free=2078551192 pending_prime=8273362944 pending_seed=1339949056 host_free=0 demotable=0 short_by=275618528 inflight=18 cap=64 waited_ms=0 retry_after_s=-
1790469134991 [admission] request cost: model="q9" ctx=9591 path=plain = 14848 B/token x ctx + 481MB prefill-workspace + 121MB fixed = 745MB
1790469134992 [admit-predict] id=chatcmpl-a2acc3a97e20c5bde0bbd7932563483a tenant="" model="q9" verdict=reject-kv reason=global-p95 prompt=1335 predicted_completion=5048 kv_hat=697169272 booked_bytes=12529156208 booked_real=13384401008 inflight=18 cap=64 budget_bytes=12760827008 retry_after_s=29 exempt=0 enforce=0 live_free_bytes=-
1790469134992 [admit-mem] id=chatcmpl-a2acc3a97e20c5bde0bbd7932563483a model="q9" verdict=defer prompt=1335 output_bound=- charged_ctx=9591 est_bytes=2355295608 est_context=142407168 est_fixed=2212888440 device_free=2078551192 pending_prime=8273362944 pending_seed=1339949056 host_free=0 demotable=0 short_by=276744416 inflight=18 cap=64 waited_ms=0 retry_after_s=-
1790469134993 [admission] request cost: model="q9" ctx=9589 path=plain = 14848 B/token x ctx + 480MB prefill-workspace + 121MB fixed = 744MB
1790469134993 [admit-predict] id=chatcmpl-a74f481a712d498aec47788b39124cee tenant="" model="q9" verdict=reject-kv reason=global-p95 prompt=1333 predicted_completion=5048 kv_hat=696418680 booked_bytes=12529156208 booked_real=13384401008 inflight=18 cap=64 budget_bytes=12760827008 retry_after_s=29 exempt=0 enforce=0 live_free_bytes=-
1790469134993 [admit-mem] id=chatcmpl-a74f481a712d498aec47788b39124cee model="q9" verdict=defer prompt=1333 output_bound=- charged_ctx=9589 est_bytes=2354545016 est_context=142377472 est_fixed=2212167544 device_free=2078551192 pending_prime=8273362944 pending_seed=1339949056 host_free=0 demotable=0 short_by=275993824 inflight=18 cap=64 waited_ms=0 retry_after_s=-
1790469134994 [admission] request cost: model="q9" ctx=9584 path=plain = 14848 B/token x ctx + 479MB prefill-workspace + 121MB fixed = 742MB
1790469134994 [admit-predict] id=chatcmpl-80668bc40c61399370968a6fd27c2a6a tenant="" model="q9" verdict=reject-kv reason=global-p95 prompt=1328 predicted_completion=5048 kv_hat=694542200 booked_bytes=12529156208 booked_real=13384401008 inflight=18 cap=64 budget_bytes=12760827008 retry_after_s=29 exempt=0 enforce=0 live_free_bytes=-
1790469134995 [admit-mem] id=chatcmpl-80668bc40c61399370968a6fd27c2a6a model="q9" verdict=defer prompt=1328 output_bound=- charged_ctx=9584 est_bytes=2352668536 est_context=142303232 est_fixed=2210365304 device_free=2078551192 pending_prime=8273362944 pending_seed=1339949056 host_free=0 demotable=0 short_by=274117344 inflight=18 cap=64 waited_ms=0 retry_after_s=-
1790469134996 [admission] request cost: model="q9" ctx=9592 path=plain = 14848 B/token x ctx + 482MB prefill-workspace + 121MB fixed = 745MB
1790469134996 [admit-predict] id=chatcmpl-f4340de10c55b3cc807d8a4001daf8e6 tenant="" model="q9" verdict=reject-kv reason=global-p95 prompt=1336 predicted_completion=5048 kv_hat=697544568 booked_bytes=12529156208 booked_real=13384401008 inflight=18 cap=64 budget_bytes=12760827008 retry_after_s=29 exempt=0 enforce=0 live_free_bytes=-
1790469134996 [admit-mem] id=chatcmpl-f4340de10c55b3cc807d8a4001daf8e6 model="q9" verdict=defer prompt=1336 output_bound=- charged_ctx=9592 est_bytes=2355670904 est_context=142422016 est_fixed=2213248888 device_free=2078551192 pending_prime=8273362944 pending_seed=1339949056 host_free=0 demotable=0 short_by=277119712 inflight=18 cap=64 waited_ms=0 retry_after_s=-
1790469134997 [admission] request cost: model="q9" ctx=9587 path=plain = 14848 B/token x ctx + 480MB prefill-workspace + 121MB fixed = 743MB
1790469134997 [admit-predict] id=chatcmpl-88cfe8acb30acff88594583cbb6166f7 tenant="" model="q9" verdict=reject-kv reason=global-p95 prompt=1331 predicted_completion=5048 kv_hat=695668088 booked_bytes=12529156208 booked_real=13384401008 inflight=18 cap=64 budget_bytes=12760827008 retry_after_s=29 exempt=0 enforce=0 live_free_bytes=-
1790469134997 [admit-mem] id=chatcmpl-88cfe8acb30acff88594583cbb6166f7 model="q9" verdict=defer prompt=1331 output_bound=- charged_ctx=9587 est_bytes=2353794424 est_context=142347776 est_fixed=2211446648 device_free=2078551192 pending_prime=8273362944 pending_seed=1339949056 host_free=0 demotable=0 short_by=275243232 inflight=18 cap=64 waited_ms=0 retry_after_s=-
1790469134999 [admission] request cost: model="q9" ctx=9589 path=plain = 14848 B/token x ctx + 480MB prefill-workspace + 121MB fixed = 744MB
1790469134999 [admit-predict] id=chatcmpl-03777a4d194bd2cfc248aa21592559b7 tenant="" model="q9" verdict=reject-kv reason=global-p95 prompt=1333 predicted_completion=5048 kv_hat=696418680 booked_bytes=12529156208 booked_real=13384401008 inflight=18 cap=64 budget_bytes=12760827008 retry_after_s=29 exempt=0 enforce=0 live_free_bytes=-
1790469134999 [admit-mem] id=chatcmpl-03777a4d194bd2cfc248aa21592559b7 model="q9" verdict=defer prompt=1333 output_bound=- charged_ctx=9589 est_bytes=2354545016 est_context=142377472 est_fixed=2212167544 device_free=2078551192 pending_prime=8273362944 pending_seed=1339949056 host_free=0 demotable=0 short_by=275993824 inflight=18 cap=64 waited_ms=0 retry_after_s=-
1790469135000 [admission] request cost: model="q9" ctx=9587 path=plain = 14848 B/token x ctx + 480MB prefill-workspace + 121MB fixed = 743MB
1790469135000 [admit-predict] id=chatcmpl-8739537878345577ddca9dce46645053 tenant="" model="q9" verdict=reject-kv reason=global-p95 prompt=1331 predicted_completion=5048 kv_hat=695668088 booked_bytes=12529156208 booked_real=13384401008 inflight=18 cap=64 budget_bytes=12760827008 retry_after_s=29 exempt=0 enforce=0 live_free_bytes=-
1790469135000 [admit-mem] id=chatcmpl-8739537878345577ddca9dce46645053 model="q9" verdict=defer prompt=1331 output_bound=- charged_ctx=9587 est_bytes=2353794424 est_context=142347776 est_fixed=2211446648 device_free=2078551192 pending_prime=8273362944 pending_seed=1339949056 host_free=0 demotable=0 short_by=275243232 inflight=18 cap=64 waited_ms=0 retry_after_s=-
1790469135002 [admit-predict] id=chatcmpl-7d48137daa5b2398f3c113923788fc2f tenant="" model="q9" verdict=reject-kv reason=global-p95 prompt=1331 predicted_completion=5048 kv_hat=695668088 booked_bytes=12529156208 booked_real=13384401008 inflight=18 cap=64 budget_bytes=12760827008 retry_after_s=29 exempt=0 enforce=0 live_free_bytes=-
1790469135002 [admit-mem] id=chatcmpl-7d48137daa5b2398f3c113923788fc2f model="q9" verdict=defer prompt=1331 output_bound=- charged_ctx=9587 est_bytes=2353794424 est_context=142347776 est_fixed=2211446648 device_free=2078551192 pending_prime=8273362944 pending_seed=1339949056 host_free=0 demotable=0 short_by=275243232 inflight=18 cap=64 waited_ms=0 retry_after_s=-
1790469135003 [admission] request cost: model="q9" ctx=9586 path=plain = 14848 B/token x ctx + 479MB prefill-workspace + 121MB fixed = 743MB
1790469135003 [admit-predict] id=chatcmpl-dc6c57d84a18a7cddafca953ef4cf406 tenant="" model="q9" verdict=reject-kv reason=global-p95 prompt=1330 predicted_completion=5048 kv_hat=695292792 booked_bytes=12529156208 booked_real=13384401008 inflight=18 cap=64 budget_bytes=12760827008 retry_after_s=29 exempt=0 enforce=0 live_free_bytes=-
1790469135003 [admit-mem] id=chatcmpl-dc6c57d84a18a7cddafca953ef4cf406 model="q9" verdict=defer prompt=1330 output_bound=- charged_ctx=9586 est_bytes=2353419128 est_context=142332928 est_fixed=2211086200 device_free=2078551192 pending_prime=8273362944 pending_seed=1339949056 host_free=0 demotable=0 short_by=274867936 inflight=18 cap=64 waited_ms=0 retry_after_s=-
1790469135005 [admission] request cost: model="q9" ctx=9593 path=plain = 14848 B/token x ctx + 482MB prefill-workspace + 121MB fixed = 745MB
1790469135005 [admit-predict] id=chatcmpl-9458044d2381fd2f3955d21038add80b tenant="" model="q9" verdict=reject-kv reason=global-p95 prompt=1337 predicted_completion=5048 kv_hat=697919864 booked_bytes=12529156208 booked_real=13384401008 inflight=18 cap=64 budget_bytes=12760827008 retry_after_s=29 exempt=0 enforce=0 live_free_bytes=-
1790469135005 [admit-mem] id=chatcmpl-9458044d2381fd2f3955d21038add80b model="q9" verdict=defer prompt=1337 output_bound=- charged_ctx=9593 est_bytes=2356046200 est_context=142436864 est_fixed=2213609336 device_free=2078551192 pending_prime=8273362944 pending_seed=1339949056 host_free=0 demotable=0 short_by=277495008 inflight=18 cap=64 waited_ms=0 retry_after_s=-
1790469135006 [admission] request cost: model="q9" ctx=9595 path=plain = 14848 B/token x ctx + 483MB prefill-workspace + 121MB fixed = 746MB
1790469135006 [admit-predict] id=chatcmpl-7475632a57fb80f051804a30dd2e6693 tenant="" model="q9" verdict=reject-kv reason=global-p95 prompt=1339 predicted_completion=5048 kv_hat=698670456 booked_bytes=12529156208 booked_real=13384401008 inflight=18 cap=64 budget_bytes=12760827008 retry_after_s=29 exempt=0 enforce=0 live_free_bytes=-
1790469135006 [admit-mem] id=chatcmpl-7475632a57fb80f051804a30dd2e6693 model="q9" verdict=defer prompt=1339 output_bound=- charged_ctx=9595 est_bytes=2356796792 est_context=142466560 est_fixed=2214330232 device_free=2078551192 pending_prime=8273362944 pending_seed=1339949056 host_free=0 demotable=0 short_by=278245600 inflight=18 cap=64 waited_ms=0 retry_after_s=-
1790469135008 [admission] request cost: model="q9" ctx=9582 path=plain = 14848 B/token x ctx + 478MB prefill-workspace + 121MB fixed = 741MB
1790469135008 [admit-predict] id=chatcmpl-e63719328217dcf6f4672855e8371d18 tenant="" model="q9" verdict=reject-kv reason=global-p95 prompt=1326 predicted_completion=5048 kv_hat=693791608 booked_bytes=12529156208 booked_real=13384401008 inflight=18 cap=64 budget_bytes=12760827008 retry_after_s=29 exempt=0 enforce=0 live_free_bytes=-
1790469135008 [admit-mem] id=chatcmpl-e63719328217dcf6f4672855e8371d18 model="q9" verdict=defer prompt=1326 output_bound=- charged_ctx=9582 est_bytes=2351917944 est_context=142273536 est_fixed=2209644408 device_free=2078551192 pending_prime=8273362944 pending_seed=1339949056 host_free=0 demotable=0 short_by=273366752 inflight=18 cap=64 waited_ms=0 retry_after_s=-
1790469135009 [admission] request cost: model="q9" ctx=9587 path=plain = 14848 B/token x ctx + 480MB prefill-workspace + 121MB fixed = 743MB
1790469135009 [admit-predict] id=chatcmpl-fbf1dc0d8227ef45178c17ff4c9e041a tenant="" model="q9" verdict=reject-kv reason=global-p95 prompt=1331 predicted_completion=5048 kv_hat=695668088 booked_bytes=12529156208 booked_real=13384401008 inflight=18 cap=64 budget_bytes=12760827008 retry_after_s=29 exempt=0 enforce=0 live_free_bytes=-
1790469135009 [admit-mem] id=chatcmpl-fbf1dc0d8227ef45178c17ff4c9e041a model="q9" verdict=defer prompt=1331 output_bound=- charged_ctx=9587 est_bytes=2353794424 est_context=142347776 est_fixed=2211446648 device_free=2078551192 pending_prime=8273362944 pending_seed=1339949056 host_free=0 demotable=0 short_by=275243232 inflight=18 cap=64 waited_ms=0 retry_after_s=-
1790469135011 [admission] request cost: model="q9" ctx=9590 path=plain = 14848 B/token x ctx + 481MB prefill-workspace + 121MB fixed = 744MB
1790469135011 [admit-predict] id=chatcmpl-02d667382df271f1f29fcebc91ac1a92 tenant="" model="q9" verdict=reject-kv reason=global-p95 prompt=1334 predicted_completion=5048 kv_hat=696793976 booked_bytes=12529156208 booked_real=13384401008 inflight=18 cap=64 budget_bytes=12760827008 retry_after_s=29 exempt=0 enforce=0 live_free_bytes=-
1790469135011 [admit-mem] id=chatcmpl-02d667382df271f1f29fcebc91ac1a92 model="q9" verdict=defer prompt=1334 output_bound=- charged_ctx=9590 est_bytes=2354920312 est_context=142392320 est_fixed=2212527992 device_free=2078551192 pending_prime=8273362944 pending_seed=1339949056 host_free=0 demotable=0 short_by=276369120 inflight=18 cap=64 waited_ms=0 retry_after_s=-
1790469135013 [admit-predict] id=chatcmpl-ee524a03ad66bde6b08f193ef77a8b2f tenant="" model="q9" verdict=reject-kv reason=global-p95 prompt=1334 predicted_completion=5048 kv_hat=696793976 booked_bytes=12529156208 booked_real=13384401008 inflight=18 cap=64 budget_bytes=12760827008 retry_after_s=29 exempt=0 enforce=0 live_free_bytes=-
1790469135013 [admit-mem] id=chatcmpl-ee524a03ad66bde6b08f193ef77a8b2f model="q9" verdict=defer prompt=1334 output_bound=- charged_ctx=9590 est_bytes=2354920312 est_context=142392320 est_fixed=2212527992 device_free=2078551192 pending_prime=8273362944 pending_seed=1339949056 host_free=0 demotable=0 short_by=276369120 inflight=18 cap=64 waited_ms=0 retry_after_s=-
1790469135014 [admission] request cost: model="q9" ctx=9585 path=plain = 14848 B/token x ctx + 479MB prefill-workspace + 121MB fixed = 742MB
1790469135014 [admit-predict] id=chatcmpl-31ba5eaba3a3939acd6ceab7f2483542 tenant="" model="q9" verdict=reject-kv reason=global-p95 prompt=1329 predicted_completion=5048 kv_hat=694917496 booked_bytes=12529156208 booked_real=13384401008 inflight=18 cap=64 budget_bytes=12760827008 retry_after_s=29 exempt=0 enforce=0 live_free_bytes=-
1790469135014 [admit-mem] id=chatcmpl-31ba5eaba3a3939acd6ceab7f2483542 model="q9" verdict=defer prompt=1329 output_bound=- charged_ctx=9585 est_bytes=2353043832 est_context=142318080 est_fixed=2210725752 device_free=2078551192 pending_prime=8273362944 pending_seed=1339949056 host_free=0 demotable=0 short_by=274492640 inflight=18 cap=64 waited_ms=0 retry_after_s=-
1790469135015 [admission] request cost: model="q9" ctx=9588 path=plain = 14848 B/token x ctx + 480MB prefill-workspace + 121MB fixed = 744MB
1790469135015 [admit-predict] id=chatcmpl-36449dbaa03eef66304092fe4478739e tenant="" model="q9" verdict=reject-kv reason=global-p95 prompt=1332 predicted_completion=5048 kv_hat=696043384 booked_bytes=12529156208 booked_real=13384401008 inflight=18 cap=64 budget_bytes=12760827008 retry_after_s=29 exempt=0 enforce=0 live_free_bytes=-
1790469135015 [admit-mem] id=chatcmpl-36449dbaa03eef66304092fe4478739e model="q9" verdict=defer prompt=1332 output_bound=- charged_ctx=9588 est_bytes=2354169720 est_context=142362624 est_fixed=2211807096 device_free=2078551192 pending_prime=8273362944 pending_seed=1339949056 host_free=0 demotable=0 short_by=275618528 inflight=18 cap=64 waited_ms=0 retry_after_s=-
1790469135017 [admission] request cost: model="q9" ctx=9587 path=plain = 14848 B/token x ctx + 480MB prefill-workspace + 121MB fixed = 743MB
1790469135017 [admit-predict] id=chatcmpl-5b81a7ca0c278cc23cac7aa2b0e0fb2b tenant="" model="q9" verdict=reject-kv reason=global-p95 prompt=1331 predicted_completion=5048 kv_hat=695668088 booked_bytes=12529156208 booked_real=13384401008 inflight=18 cap=64 budget_bytes=12760827008 retry_after_s=29 exempt=0 enforce=0 live_free_bytes=-
1790469135017 [admit-mem] id=chatcmpl-5b81a7ca0c278cc23cac7aa2b0e0fb2b model="q9" verdict=defer prompt=1331 output_bound=- charged_ctx=9587 est_bytes=2353794424 est_context=142347776 est_fixed=2211446648 device_free=2078551192 pending_prime=8273362944 pending_seed=1339949056 host_free=0 demotable=0 short_by=275243232 inflight=18 cap=64 waited_ms=0 retry_after_s=-
1790469135018 [admission] request cost: model="q9" ctx=9594 path=plain = 14848 B/token x ctx + 482MB prefill-workspace + 121MB fixed = 746MB
1790469135018 [admit-predict] id=chatcmpl-c5598344405066834c268b67b874b723 tenant="" model="q9" verdict=reject-kv reason=global-p95 prompt=1338 predicted_completion=5048 kv_hat=698295160 booked_bytes=12529156208 booked_real=13384401008 inflight=18 cap=64 budget_bytes=12760827008 retry_after_s=29 exempt=0 enforce=0 live_free_bytes=-
1790469135018 [admit-mem] id=chatcmpl-c5598344405066834c268b67b874b723 model="q9" verdict=defer prompt=1338 output_bound=- charged_ctx=9594 est_bytes=2356421496 est_context=142451712 est_fixed=2213969784 device_free=2078551192 pending_prime=8273362944 pending_seed=1339949056 host_free=0 demotable=0 short_by=277870304 inflight=18 cap=64 waited_ms=0 retry_after_s=-
1790469135020 [admission] request cost: model="q9" ctx=9586 path=plain = 14848 B/token x ctx + 479MB prefill-workspace + 121MB fixed = 743MB
1790469135020 [admit-predict] id=chatcmpl-af0a400bfb7765f0b59fb02f192f0040 tenant="" model="q9" verdict=reject-kv reason=global-p95 prompt=1330 predicted_completion=5048 kv_hat=695292792 booked_bytes=12529156208 booked_real=13384401008 inflight=18 cap=64 budget_bytes=12760827008 retry_after_s=29 exempt=0 enforce=0 live_free_bytes=-
1790469135020 [admit-mem] id=chatcmpl-af0a400bfb7765f0b59fb02f192f0040 model="q9" verdict=defer prompt=1330 output_bound=- charged_ctx=9586 est_bytes=2353419128 est_context=142332928 est_fixed=2211086200 device_free=2078551192 pending_prime=8273362944 pending_seed=1339949056 host_free=0 demotable=0 short_by=274867936 inflight=18 cap=64 waited_ms=0 retry_after_s=-
1790469135021 [admission] request cost: model="q9" ctx=9589 path=plain = 14848 B/token x ctx + 480MB prefill-workspace + 121MB fixed = 744MB
1790469135021 [admit-predict] id=chatcmpl-50d2ba29c6ee35ef9adcba6cb0c09a76 tenant="" model="q9" verdict=reject-kv reason=global-p95 prompt=1333 predicted_completion=5048 kv_hat=696418680 booked_bytes=12529156208 booked_real=13384401008 inflight=18 cap=64 budget_bytes=12760827008 retry_after_s=29 exempt=0 enforce=0 live_free_bytes=-
1790469135021 [admit-mem] id=chatcmpl-50d2ba29c6ee35ef9adcba6cb0c09a76 model="q9" verdict=defer prompt=1333 output_bound=- charged_ctx=9589 est_bytes=2354545016 est_context=142377472 est_fixed=2212167544 device_free=2078551192 pending_prime=8273362944 pending_seed=1339949056 host_free=0 demotable=0 short_by=275993824 inflight=18 cap=64 waited_ms=0 retry_after_s=-
1790469135023 [admission] request cost: model="q9" ctx=9588 path=plain = 14848 B/token x ctx + 480MB prefill-workspace + 121MB fixed = 744MB
1790469135023 [admit-predict] id=chatcmpl-8d7a35d49faf3376df3bc4043a36c2b4 tenant="" model="q9" verdict=reject-kv reason=global-p95 prompt=1332 predicted_completion=5048 kv_hat=696043384 booked_bytes=12529156208 booked_real=13384401008 inflight=18 cap=64 budget_bytes=12760827008 retry_after_s=29 exempt=0 enforce=0 live_free_bytes=-
1790469135023 [admit-mem] id=chatcmpl-8d7a35d49faf3376df3bc4043a36c2b4 model="q9" verdict=defer prompt=1332 output_bound=- charged_ctx=9588 est_bytes=2354169720 est_context=142362624 est_fixed=2211807096 device_free=2078551192 pending_prime=8273362944 pending_seed=1339949056 host_free=0 demotable=0 short_by=275618528 inflight=18 cap=64 waited_ms=0 retry_after_s=-
1790469135024 [admission] request cost: model="q9" ctx=9587 path=plain = 14848 B/token x ctx + 480MB prefill-workspace + 121MB fixed = 743MB
1790469135024 [admit-predict] id=chatcmpl-e10a9fc59e08217eaf75a3c1cfe96246 tenant="" model="q9" verdict=reject-kv reason=global-p95 prompt=1331 predicted_completion=5048 kv_hat=695668088 booked_bytes=12529156208 booked_real=13384401008 inflight=18 cap=64 budget_bytes=12760827008 retry_after_s=29 exempt=0 enforce=0 live_free_bytes=-
1790469135024 [admit-mem] id=chatcmpl-e10a9fc59e08217eaf75a3c1cfe96246 model="q9" verdict=defer prompt=1331 output_bound=- charged_ctx=9587 est_bytes=2353794424 est_context=142347776 est_fixed=2211446648 device_free=2078551192 pending_prime=8273362944 pending_seed=1339949056 host_free=0 demotable=0 short_by=275243232 inflight=18 cap=64 waited_ms=0 retry_after_s=-
1790469135104 [prefix-cache] insert (lcp-split): 1312 tokens, 72.2MB (resident 72.2MB / 2052MB, model q9)
1790469139645 [admission] request cost: model="q9" ctx=9590 path=plain = 14848 B/token x ctx + 481MB prefill-workspace + 121MB fixed = 744MB
1790469139645 [admit-mem] id=chatcmpl-2963079bac19d5895d575233148754ed model="q9" verdict=admit prompt=1334 output_bound=- charged_ctx=9590 est_bytes=2354920312 est_context=142392320 est_fixed=2212527992 device_free=8445684888 pending_prime=1894875136 pending_seed=1226440704 host_free=0 demotable=72171520 short_by=0 inflight=18 cap=64 waited_ms=4688 retry_after_s=-
1790469139648 [spec-k] model="q9" tenant="" K=0 source=concurrency prompt=1334 cached=0 lcp=5 active=19 wave=64 placement=single-or-non-pp2
1790469139648 [admission] request cost: model="q9" ctx=9586 path=plain = 14848 B/token x ctx + 479MB prefill-workspace + 121MB fixed = 743MB
1790469139648 [admit-mem] id=chatcmpl-b421e635489de04fe0f25dad8684cbbd model="q9" verdict=admit prompt=1330 output_bound=- charged_ctx=9586 est_bytes=2353419128 est_context=142332928 est_fixed=2211086200 device_free=7627961956 pending_prime=2375712768 pending_seed=1301047296 host_free=0 demotable=72171520 short_by=0 inflight=19 cap=64 waited_ms=4689 retry_after_s=-
1790469139650 [spec-k] model="q9" tenant="" K=0 source=concurrency prompt=1330 cached=0 lcp=5 active=20 wave=64 placement=single-or-non-pp2
1790469139650 [admit-mem] id=chatcmpl-ca063d6bb3a655642179bac3238e86e6 model="q9" verdict=admit prompt=1330 output_bound=- charged_ctx=9586 est_bytes=2353419128 est_context=142332928 est_fixed=2211086200 device_free=6811747632 pending_prime=2855108608 pending_seed=1375653888 host_free=0 demotable=72171520 short_by=0 inflight=20 cap=64 waited_ms=4689 retry_after_s=-
1790469139651 [spec-k] model="q9" tenant="" K=0 source=concurrency prompt=1330 cached=0 lcp=6 active=21 wave=64 placement=single-or-non-pp2
1790469139652 [admission] request cost: model="q9" ctx=9583 path=plain = 14848 B/token x ctx + 478MB prefill-workspace + 121MB fixed = 742MB
1790469139652 [admit-mem] id=chatcmpl-fdde865b73c2147adb598808b175fe09 model="q9" verdict=admit prompt=1327 output_bound=- charged_ctx=9583 est_bytes=2352293240 est_context=142288384 est_fixed=2210004856 device_free=5995533308 pending_prime=3334504448 pending_seed=1450260480 host_free=0 demotable=72171520 short_by=0 inflight=21 cap=64 waited_ms=4690 retry_after_s=-
1790469139654 [spec-k] model="q9" tenant="" K=0 source=concurrency prompt=1327 cached=0 lcp=5 active=22 wave=64 placement=single-or-non-pp2
1790469139654 [admission] request cost: model="q9" ctx=9590 path=plain = 14848 B/token x ctx + 481MB prefill-workspace + 121MB fixed = 744MB
1790469139654 [admit-mem] id=chatcmpl-ff12fdd82ed812c7e69d192f4c39fe0f model="q9" verdict=admit prompt=1334 output_bound=- charged_ctx=9590 est_bytes=2354920312 est_context=142392320 est_fixed=2212527992 device_free=5180984968 pending_prime=3812818944 pending_seed=1524332544 host_free=0 demotable=72171520 short_by=0 inflight=22 cap=64 waited_ms=4690 retry_after_s=-
1790469139656 [spec-k] model="q9" tenant="" K=0 source=concurrency prompt=1334 cached=0 lcp=5 active=23 wave=64 placement=single-or-non-pp2
1790469139656 [admission] request cost: model="q9" ctx=9586 path=plain = 14848 B/token x ctx + 479MB prefill-workspace + 121MB fixed = 743MB
1790469139656 [admit-mem] id=chatcmpl-ce82144c66603862c76de26452cbe8bb model="q9" verdict=admit prompt=1330 output_bound=- charged_ctx=9586 est_bytes=2353419128 est_context=142332928 est_fixed=2211086200 device_free=4363262036 pending_prime=4293656576 pending_seed=1598939136 host_free=0 demotable=72171520 short_by=0 inflight=23 cap=64 waited_ms=4691 retry_after_s=-
1790469139658 [spec-k] model="q9" tenant="" K=0 source=concurrency prompt=1330 cached=0 lcp=5 active=24 wave=64 placement=single-or-non-pp2
1790469139658 [admission] request cost: model="q9" ctx=9584 path=plain = 14848 B/token x ctx + 479MB prefill-workspace + 121MB fixed = 742MB
1790469139658 [admit-mem] id=chatcmpl-cb5b1bf43d1146ca028aeb135bede0f6 model="q9" verdict=admit prompt=1328 output_bound=- charged_ctx=9584 est_bytes=2352668536 est_context=142303232 est_fixed=2210365304 device_free=3547047712 pending_prime=4773052416 pending_seed=1673545728 host_free=0 demotable=72171520 short_by=0 inflight=24 cap=64 waited_ms=4691 retry_after_s=-
1790469139660 [spec-k] model="q9" tenant="" K=0 source=concurrency prompt=1328 cached=0 lcp=5 active=25 wave=64 placement=single-or-non-pp2
1790469139660 [admit-mem] id=chatcmpl-67d98628b91e03269ebae1242a156094 model="q9" verdict=admit prompt=1328 output_bound=- charged_ctx=9584 est_bytes=2352668536 est_context=142303232 est_fixed=2210365304 device_free=2731587692 pending_prime=5251727360 pending_seed=1748152320 host_free=0 demotable=72171520 short_by=0 inflight=25 cap=64 waited_ms=4692 retry_after_s=-
1790469139662 [spec-k] model="q9" tenant="" K=0 source=concurrency prompt=1328 cached=0 lcp=5 active=26 wave=64 placement=single-or-non-pp2
1790469139662 [admission] request cost: model="q9" ctx=9588 path=plain = 14848 B/token x ctx + 480MB prefill-workspace + 121MB fixed = 744MB
1790469139662 [admit-oom] reclaim settle (reclaim-on-defer): dev0 evicted_prefix_bytes=72171520 pool_cached_gain_bytes=72171520 trim_released_bytes=0 driver_free_bytes 9413853184 -> 9413853184 pool_reserved_bytes 15334375424 -> 15334375424 pool_used_bytes 15278939720 -> 15206768200 pool_retained_bytes=72171520 (live neighbour or fragmentation; counted as pool-cached headroom, not driver free)
1790469139662 [admit-oom] reclaim-on-defer: evicted 1 prefix entries + 0 plain + 0 spec + 0 dspark parked sessions (global LRU); effective free 1916MB -> 1988MB
1790469139662 [admit-oom] VRAM defer: 26 active, effective free 1988MB (driver + 128MB pool-cached) < cost 744MB + reserve 1611MB — queueing (FIFO) [pool res 15334MB used 15207MB; parked spec sessions 0; plain reuse 0; queue 37]
1790469139662 [admission] request cost: model="q9" ctx=9584 path=plain = 14848 B/token x ctx + 479MB prefill-workspace + 121MB fixed = 742MB
1790469139662 [admission] request cost: model="q9" ctx=9585 path=plain = 14848 B/token x ctx + 479MB prefill-workspace + 121MB fixed = 742MB
1790469139662 [admission] request cost: model="q9" ctx=9590 path=plain = 14848 B/token x ctx + 481MB prefill-workspace + 121MB fixed = 744MB
1790469139662 [admission] request cost: model="q9" ctx=9592 path=plain = 14848 B/token x ctx + 482MB prefill-workspace + 121MB fixed = 745MB
1790469139662 [admission] request cost: model="q9" ctx=9586 path=plain = 14848 B/token x ctx + 479MB prefill-workspace + 121MB fixed = 743MB
1790469139662 [admission] request cost: model="q9" ctx=9589 path=plain = 14848 B/token x ctx + 480MB prefill-workspace + 121MB fixed = 744MB
1790469139662 [admission] request cost: model="q9" ctx=9584 path=plain = 14848 B/token x ctx + 479MB prefill-workspace + 121MB fixed = 742MB
1790469139662 [admission] request cost: model="q9" ctx=9593 path=plain = 14848 B/token x ctx + 482MB prefill-workspace + 121MB fixed = 745MB
1790469139662 [admission] request cost: model="q9" ctx=9588 path=plain = 14848 B/token x ctx + 480MB prefill-workspace + 121MB fixed = 744MB
1790469139662 [admission] request cost: model="q9" ctx=9585 path=plain = 14848 B/token x ctx + 479MB prefill-workspace + 121MB fixed = 742MB
1790469139663 [admission] request cost: model="q9" ctx=9587 path=plain = 14848 B/token x ctx + 480MB prefill-workspace + 121MB fixed = 743MB
1790469139663 [admission] request cost: model="q9" ctx=9586 path=plain = 14848 B/token x ctx + 479MB prefill-workspace + 121MB fixed = 743MB
1790469139663 [admission] request cost: model="q9" ctx=9588 path=plain = 14848 B/token x ctx + 480MB prefill-workspace + 121MB fixed = 744MB
1790469139663 [admission] request cost: model="q9" ctx=9591 path=plain = 14848 B/token x ctx + 481MB prefill-workspace + 121MB fixed = 745MB
1790469139663 [admission] request cost: model="q9" ctx=9589 path=plain = 14848 B/token x ctx + 480MB prefill-workspace + 121MB fixed = 744MB
1790469139663 [admission] request cost: model="q9" ctx=9584 path=plain = 14848 B/token x ctx + 479MB prefill-workspace + 121MB fixed = 742MB
1790469139663 [admission] request cost: model="q9" ctx=9592 path=plain = 14848 B/token x ctx + 482MB prefill-workspace + 121MB fixed = 745MB
1790469139663 [admission] request cost: model="q9" ctx=9587 path=plain = 14848 B/token x ctx + 480MB prefill-workspace + 121MB fixed = 743MB
1790469139663 [admission] request cost: model="q9" ctx=9589 path=plain = 14848 B/token x ctx + 480MB prefill-workspace + 121MB fixed = 744MB
1790469139663 [admission] request cost: model="q9" ctx=9587 path=plain = 14848 B/token x ctx + 480MB prefill-workspace + 121MB fixed = 743MB
1790469139663 [admission] request cost: model="q9" ctx=9586 path=plain = 14848 B/token x ctx + 479MB prefill-workspace + 121MB fixed = 743MB
1790469139663 [admission] request cost: model="q9" ctx=9593 path=plain = 14848 B/token x ctx + 482MB prefill-workspace + 121MB fixed = 745MB
1790469139663 [admission] request cost: model="q9" ctx=9595 path=plain = 14848 B/token x ctx + 483MB prefill-workspace + 121MB fixed = 746MB
1790469139663 [admission] request cost: model="q9" ctx=9582 path=plain = 14848 B/token x ctx + 478MB prefill-workspace + 121MB fixed = 741MB
1790469139663 [admission] request cost: model="q9" ctx=9587 path=plain = 14848 B/token x ctx + 480MB prefill-workspace + 121MB fixed = 743MB
1790469139663 [admission] request cost: model="q9" ctx=9590 path=plain = 14848 B/token x ctx + 481MB prefill-workspace + 121MB fixed = 744MB
1790469139663 [admission] request cost: model="q9" ctx=9585 path=plain = 14848 B/token x ctx + 479MB prefill-workspace + 121MB fixed = 742MB
1790469139663 [admission] request cost: model="q9" ctx=9588 path=plain = 14848 B/token x ctx + 480MB prefill-workspace + 121MB fixed = 744MB
1790469139663 [admission] request cost: model="q9" ctx=9587 path=plain = 14848 B/token x ctx + 480MB prefill-workspace + 121MB fixed = 743MB
1790469139663 [admission] request cost: model="q9" ctx=9594 path=plain = 14848 B/token x ctx + 482MB prefill-workspace + 121MB fixed = 746MB
1790469139663 [admission] request cost: model="q9" ctx=9586 path=plain = 14848 B/token x ctx + 479MB prefill-workspace + 121MB fixed = 743MB
1790469139663 [admission] request cost: model="q9" ctx=9589 path=plain = 14848 B/token x ctx + 480MB prefill-workspace + 121MB fixed = 744MB
1790469139663 [admission] request cost: model="q9" ctx=9588 path=plain = 14848 B/token x ctx + 480MB prefill-workspace + 121MB fixed = 744MB
1790469139664 [admission] request cost: model="q9" ctx=9587 path=plain = 14848 B/token x ctx + 480MB prefill-workspace + 121MB fixed = 743MB
1790469139808 [prefix-cache] insert (lcp-split): 1312 tokens, 72.2MB (resident 72.2MB / 2052MB, model q9)
1790469139914 [prefix-cache] insert (lcp-split): 1312 tokens, 72.2MB (resident 144.3MB / 2052MB, model q9)
1790469140019 [prefix-cache] insert (lcp-split): 1312 tokens, 72.2MB (resident 216.5MB / 2052MB, model q9)
1790469140125 [prefix-cache] insert (lcp-split): 1312 tokens, 72.2MB (resident 288.7MB / 2052MB, model q9)
1790469140231 [prefix-cache] insert (lcp-split): 1312 tokens, 72.2MB (resident 360.9MB / 2052MB, model q9)
1790469140337 [prefix-cache] insert (lcp-split): 1312 tokens, 72.2MB (resident 433.0MB / 2052MB, model q9)
1790469140443 [prefix-cache] insert (lcp-split): 1312 tokens, 72.2MB (resident 505.2MB / 2052MB, model q9)
1790469140550 [prefix-cache] insert (lcp-split): 1312 tokens, 72.2MB (resident 577.4MB / 2052MB, model q9)
1790469140623 [prefix-cache] insert (lcp-split): 1280 tokens, 71.7MB (resident 649.1MB / 2052MB, model q9)
1790469140729 [prefix-cache] insert (lcp-split): 1312 tokens, 72.2MB (resident 721.2MB / 2052MB, model q9)
1790469140834 [prefix-cache] insert (lcp-split): 1312 tokens, 72.2MB (resident 793.4MB / 2052MB, model q9)
1790469140940 [prefix-cache] insert (lcp-split): 1312 tokens, 72.2MB (resident 865.6MB / 2052MB, model q9)
1790469141051 [prefix-cache] insert (lcp-split): 1312 tokens, 72.2MB (resident 937.8MB / 2052MB, model q9)
1790469141157 [prefix-cache] insert (lcp-split): 1312 tokens, 72.2MB (resident 1009.9MB / 2052MB, model q9)
1790469141263 [prefix-cache] insert (lcp-split): 1312 tokens, 72.2MB (resident 1082.1MB / 2052MB, model q9)
1790469141368 [prefix-cache] insert (lcp-split): 1312 tokens, 72.2MB (resident 1154.3MB / 2052MB, model q9)
1790469141473 [prefix-cache] insert (lcp-split): 1312 tokens, 72.2MB (resident 1226.4MB / 2052MB, model q9)
1790469143644 [admission] request cost: model="q9" ctx=9588 path=plain = 14848 B/token x ctx + 480MB prefill-workspace + 121MB fixed = 744MB
1790469143656 [admit-mem] id=chatcmpl-97632631fde556d452289b5b2e2228fd model="q9" verdict=admit prompt=1332 output_bound=- charged_ctx=9588 est_bytes=2354169720 est_context=142362624 est_fixed=2211807096 device_free=5825280440 pending_prime=1016102912 pending_seed=576897024 host_free=0 demotable=1226440704 short_by=0 inflight=26 cap=64 waited_ms=8686 retry_after_s=-
1790469143659 [spec-k] model="q9" tenant="" K=0 source=concurrency prompt=1332 cached=0 lcp=6 active=27 wave=64 placement=single-or-non-pp2
1790469143659 [admission] request cost: model="q9" ctx=9584 path=plain = 14848 B/token x ctx + 479MB prefill-workspace + 121MB fixed = 742MB
1790469143659 [admit-mem] id=chatcmpl-39b61e1374108a621ddf472e2701029e model="q9" verdict=admit prompt=1328 output_bound=- charged_ctx=9584 est_bytes=2352668536 est_context=142303232 est_fixed=2210365304 device_free=5008311812 pending_prime=1496219648 pending_seed=651503616 host_free=0 demotable=1226440704 short_by=0 inflight=27 cap=64 waited_ms=8687 retry_after_s=-
1790469143661 [spec-k] model="q9" tenant="" K=0 source=concurrency prompt=1328 cached=0 lcp=6 active=28 wave=64 placement=single-or-non-pp2
1790469143661 [admission] request cost: model="q9" ctx=9585 path=plain = 14848 B/token x ctx + 479MB prefill-workspace + 121MB fixed = 742MB
1790469143661 [admit-mem] id=chatcmpl-8208f765e849698ac89d758a3c436b78 model="q9" verdict=admit prompt=1329 output_bound=- charged_ctx=9585 est_bytes=2353043832 est_context=142318080 est_fixed=2210725752 device_free=4192851792 pending_prime=1974894592 pending_seed=726110208 host_free=0 demotable=1226440704 short_by=0 inflight=28 cap=64 waited_ms=8688 retry_after_s=-
1790469143663 [spec-k] model="q9" tenant="" K=0 source=concurrency prompt=1329 cached=0 lcp=6 active=29 wave=64 placement=single-or-non-pp2
1790469143663 [admit-mem] id=chatcmpl-283d5e3205a5efe46c666b2769167b20 model="q9" verdict=admit prompt=1329 output_bound=- charged_ctx=9585 est_bytes=2353043832 est_context=142318080 est_fixed=2210725752 device_free=3377014620 pending_prime=2453929984 pending_seed=800716800 host_free=0 demotable=1226440704 short_by=0 inflight=29 cap=64 waited_ms=8689 retry_after_s=-
1790469143665 [spec-k] model="q9" tenant="" K=0 source=concurrency prompt=1329 cached=0 lcp=6 active=30 wave=64 placement=single-or-non-pp2
1790469143665 [admission] request cost: model="q9" ctx=9590 path=plain = 14848 B/token x ctx + 481MB prefill-workspace + 121MB fixed = 744MB
1790469143665 [admit-mem] id=chatcmpl-63534ff42e2d60f63a71cdb04db76c55 model="q9" verdict=admit prompt=1334 output_bound=- charged_ctx=9590 est_bytes=2354920312 est_context=142392320 est_fixed=2212527992 device_free=2611402600 pending_prime=2932965376 pending_seed=825098240 host_free=0 demotable=1226440704 short_by=0 inflight=30 cap=64 waited_ms=8689 retry_after_s=-
1790469143667 [spec-k] model="q9" tenant="" K=0 source=concurrency prompt=1334 cached=0 lcp=6 active=31 wave=64 placement=single-or-non-pp2
1790469143667 [admission] request cost: model="q9" ctx=9592 path=plain = 14848 B/token x ctx + 482MB prefill-workspace + 121MB fixed = 745MB
1790469143670 [admit-oom] reclaim settle (reclaim-on-defer): dev0 evicted_prefix_bytes=1226440704 pool_cached_gain_bytes=1226440704 trim_released_bytes=570425344 driver_free_bytes 6091964416 -> 6662389760 pool_reserved_bytes 18656264192 -> 18085838848 pool_used_bytes 18641041100 -> 17414600396 pool_retained_bytes=656015360 (live neighbour or fragmentation; counted as pool-cached headroom, not driver free)
1790469143670 [admit-oom] reclaim-on-defer: evicted 17 prefix entries + 0 plain + 0 spec + 0 dspark parked sessions (global LRU); effective free 1868MB -> 3095MB
1790469143670 [admit-mem] id=chatcmpl-49ce9b19af371aa333d991eba33ed9e4 model="q9" verdict=admit prompt=1336 output_bound=- charged_ctx=9592 est_bytes=2355670904 est_context=142422016 est_fixed=2213248888 device_free=3094726964 pending_prime=3413803008 pending_seed=825098240 host_free=0 demotable=0 short_by=0 inflight=31 cap=64 waited_ms=8693 retry_after_s=-
1790469143672 [spec-k] model="q9" tenant="" K=0 source=concurrency prompt=1336 cached=0 lcp=0 active=32 wave=64 placement=single-or-non-pp2
1790469143672 [admission] request cost: model="q9" ctx=9586 path=plain = 14848 B/token x ctx + 479MB prefill-workspace + 121MB fixed = 743MB
1790469143672 [admit-oom] VRAM defer: 32 active, effective free 2151MB (driver + 543MB pool-cached) < cost 743MB + reserve 1611MB — queueing (FIFO) [pool res 18220MB used 17677MB; parked spec sessions 0; plain reuse 0; queue 31]
1790469143672 [admit-mem] id=chatcmpl-8aae1aea87ca616b7b7d85f4d0fec841 model="q9" verdict=refuse prompt=1330 output_bound=- charged_ctx=9586 est_bytes=2353419128 est_context=142332928 est_fixed=2211086200 device_free=2151417984 pending_prime=3895361536 pending_seed=1024536576 host_free=0 demotable=0 short_by=202001144 inflight=32 cap=64 waited_ms=8693 retry_after_s=29
1790469143672 [admission] request cost: model="q9" ctx=9589 path=plain = 14848 B/token x ctx + 480MB prefill-workspace + 121MB fixed = 744MB
1790469143672 [admit-oom] VRAM defer: 32 active, effective free 2151MB (driver + 543MB pool-cached) < cost 744MB + reserve 1611MB — queueing (FIFO) [pool res 18220MB used 17677MB; parked spec sessions 0; plain reuse 0; queue 30]
1790469143672 [admit-mem] id=chatcmpl-a3db11273ef1143d52b7d044fe24e074 model="q9" verdict=refuse prompt=1333 output_bound=- charged_ctx=9589 est_bytes=2354545016 est_context=142377472 est_fixed=2212167544 device_free=2151417984 pending_prime=3895361536 pending_seed=1024536576 host_free=0 demotable=0 short_by=203127032 inflight=32 cap=64 waited_ms=8692 retry_after_s=29
1790469143672 [admission] request cost: model="q9" ctx=9584 path=plain = 14848 B/token x ctx + 479MB prefill-workspace + 121MB fixed = 742MB
1790469143672 [admit-oom] VRAM defer: 32 active, effective free 2151MB (driver + 543MB pool-cached) < cost 742MB + reserve 1611MB — queueing (FIFO) [pool res 18220MB used 17677MB; parked spec sessions 0; plain reuse 0; queue 29]
1790469143672 [admit-mem] id=chatcmpl-9882696be4ab3baff292ec61f138d94d model="q9" verdict=refuse prompt=1328 output_bound=- charged_ctx=9584 est_bytes=2352668536 est_context=142303232 est_fixed=2210365304 device_free=2151417984 pending_prime=3895361536 pending_seed=1024536576 host_free=0 demotable=0 short_by=201250552 inflight=32 cap=64 waited_ms=8691 retry_after_s=29
1790469143672 [admission] request cost: model="q9" ctx=9593 path=plain = 14848 B/token x ctx + 482MB prefill-workspace + 121MB fixed = 745MB
1790469143673 [admit-oom] VRAM defer: 32 active, effective free 2151MB (driver + 543MB pool-cached) < cost 745MB + reserve 1611MB — queueing (FIFO) [pool res 18220MB used 17677MB; parked spec sessions 0; plain reuse 0; queue 28]
1790469143673 [admit-mem] id=chatcmpl-d6754fdcaa1423c0629922add2792c74 model="q9" verdict=refuse prompt=1337 output_bound=- charged_ctx=9593 est_bytes=2356046200 est_context=142436864 est_fixed=2213609336 device_free=2151417984 pending_prime=3895361536 pending_seed=1024536576 host_free=0 demotable=0 short_by=204628216 inflight=32 cap=64 waited_ms=8689 retry_after_s=29
1790469143673 [admission] request cost: model="q9" ctx=9588 path=plain = 14848 B/token x ctx + 480MB prefill-workspace + 121MB fixed = 744MB
1790469143673 [admit-oom] VRAM defer: 32 active, effective free 2151MB (driver + 543MB pool-cached) < cost 744MB + reserve 1611MB — queueing (FIFO) [pool res 18220MB used 17677MB; parked spec sessions 0; plain reuse 0; queue 27]
1790469143673 [admit-mem] id=chatcmpl-41f496b3224548a0ff7b5c16b2582b8f model="q9" verdict=refuse prompt=1332 output_bound=- charged_ctx=9588 est_bytes=2354169720 est_context=142362624 est_fixed=2211807096 device_free=2151417984 pending_prime=3895361536 pending_seed=1024536576 host_free=0 demotable=0 short_by=202751736 inflight=32 cap=64 waited_ms=8688 retry_after_s=29
1790469143673 [admission] request cost: model="q9" ctx=9585 path=plain = 14848 B/token x ctx + 479MB prefill-workspace + 121MB fixed = 742MB
1790469143673 [admit-oom] VRAM defer: 32 active, effective free 2151MB (driver + 543MB pool-cached) < cost 742MB + reserve 1611MB — queueing (FIFO) [pool res 18220MB used 17677MB; parked spec sessions 0; plain reuse 0; queue 26]
1790469143673 [admit-mem] id=chatcmpl-efb1061dd42e87b6bfed0a5843f5fc0b model="q9" verdict=refuse prompt=1329 output_bound=- charged_ctx=9585 est_bytes=2353043832 est_context=142318080 est_fixed=2210725752 device_free=2151417984 pending_prime=3895361536 pending_seed=1024536576 host_free=0 demotable=0 short_by=201625848 inflight=32 cap=64 waited_ms=8686 retry_after_s=29
1790469143673 [admission] request cost: model="q9" ctx=9587 path=plain = 14848 B/token x ctx + 480MB prefill-workspace + 121MB fixed = 743MB
1790469143673 [admit-oom] VRAM defer: 32 active, effective free 2151MB (driver + 543MB pool-cached) < cost 743MB + reserve 1611MB — queueing (FIFO) [pool res 18220MB used 17677MB; parked spec sessions 0; plain reuse 0; queue 25]
1790469143673 [admit-mem] id=chatcmpl-9352eee1f66a22991b38d13ec173a46b model="q9" verdict=refuse prompt=1331 output_bound=- charged_ctx=9587 est_bytes=2353794424 est_context=142347776 est_fixed=2211446648 device_free=2151417984 pending_prime=3895361536 pending_seed=1024536576 host_free=0 demotable=0 short_by=202376440 inflight=32 cap=64 waited_ms=8685 retry_after_s=29
1790469143673 [admission] request cost: model="q9" ctx=9586 path=plain = 14848 B/token x ctx + 479MB prefill-workspace + 121MB fixed = 743MB
1790469143673 [admit-oom] VRAM defer: 32 active, effective free 2151MB (driver + 543MB pool-cached) < cost 743MB + reserve 1611MB — queueing (FIFO) [pool res 18220MB used 17677MB; parked spec sessions 0; plain reuse 0; queue 24]
1790469143673 [admit-mem] id=chatcmpl-e585a8bd96872b2c7ce4b26c94686759 model="q9" verdict=refuse prompt=1330 output_bound=- charged_ctx=9586 est_bytes=2353419128 est_context=142332928 est_fixed=2211086200 device_free=2151417984 pending_prime=3895361536 pending_seed=1024536576 host_free=0 demotable=0 short_by=202001144 inflight=32 cap=64 waited_ms=8684 retry_after_s=29
1790469143673 [admission] request cost: model="q9" ctx=9588 path=plain = 14848 B/token x ctx + 480MB prefill-workspace + 121MB fixed = 744MB
1790469143673 [admit-oom] VRAM defer: 32 active, effective free 2151MB (driver + 543MB pool-cached) < cost 744MB + reserve 1611MB — queueing (FIFO) [pool res 18220MB used 17677MB; parked spec sessions 0; plain reuse 0; queue 23]
1790469143673 [admit-mem] id=chatcmpl-37f485cfabed3aa1db742762b81e50bd model="q9" verdict=refuse prompt=1332 output_bound=- charged_ctx=9588 est_bytes=2354169720 est_context=142362624 est_fixed=2211807096 device_free=2151417984 pending_prime=3895361536 pending_seed=1024536576 host_free=0 demotable=0 short_by=202751736 inflight=32 cap=64 waited_ms=8682 retry_after_s=29
1790469143673 [admission] request cost: model="q9" ctx=9591 path=plain = 14848 B/token x ctx + 481MB prefill-workspace + 121MB fixed = 745MB
1790469143673 [admit-oom] VRAM defer: 32 active, effective free 2151MB (driver + 543MB pool-cached) < cost 745MB + reserve 1611MB — queueing (FIFO) [pool res 18220MB used 17677MB; parked spec sessions 0; plain reuse 0; queue 22]
1790469143673 [admit-mem] id=chatcmpl-a2acc3a97e20c5bde0bbd7932563483a model="q9" verdict=refuse prompt=1335 output_bound=- charged_ctx=9591 est_bytes=2355295608 est_context=142407168 est_fixed=2212888440 device_free=2151417984 pending_prime=3895361536 pending_seed=1024536576 host_free=0 demotable=0 short_by=203877624 inflight=32 cap=64 waited_ms=8681 retry_after_s=29
1790469143673 [admission] request cost: model="q9" ctx=9589 path=plain = 14848 B/token x ctx + 480MB prefill-workspace + 121MB fixed = 744MB
1790469143673 [admit-oom] VRAM defer: 32 active, effective free 2151MB (driver + 543MB pool-cached) < cost 744MB + reserve 1611MB — queueing (FIFO) [pool res 18220MB used 17677MB; parked spec sessions 0; plain reuse 0; queue 21]
1790469143673 [admit-mem] id=chatcmpl-a74f481a712d498aec47788b39124cee model="q9" verdict=refuse prompt=1333 output_bound=- charged_ctx=9589 est_bytes=2354545016 est_context=142377472 est_fixed=2212167544 device_free=2151417984 pending_prime=3895361536 pending_seed=1024536576 host_free=0 demotable=0 short_by=203127032 inflight=32 cap=64 waited_ms=8680 retry_after_s=29
1790469143673 [admission] request cost: model="q9" ctx=9584 path=plain = 14848 B/token x ctx + 479MB prefill-workspace + 121MB fixed = 742MB
1790469143673 [admit-oom] VRAM defer: 32 active, effective free 2151MB (driver + 543MB pool-cached) < cost 742MB + reserve 1611MB — queueing (FIFO) [pool res 18220MB used 17677MB; parked spec sessions 0; plain reuse 0; queue 20]
1790469143673 [admit-mem] id=chatcmpl-80668bc40c61399370968a6fd27c2a6a model="q9" verdict=refuse prompt=1328 output_bound=- charged_ctx=9584 est_bytes=2352668536 est_context=142303232 est_fixed=2210365304 device_free=2151417984 pending_prime=3895361536 pending_seed=1024536576 host_free=0 demotable=0 short_by=201250552 inflight=32 cap=64 waited_ms=8678 retry_after_s=29
1790469143673 [admission] request cost: model="q9" ctx=9592 path=plain = 14848 B/token x ctx + 482MB prefill-workspace + 121MB fixed = 745MB
1790469143673 [admit-oom] VRAM defer: 32 active, effective free 2151MB (driver + 543MB pool-cached) < cost 745MB + reserve 1611MB — queueing (FIFO) [pool res 18220MB used 17677MB; parked spec sessions 0; plain reuse 0; queue 19]
1790469143673 [admit-mem] id=chatcmpl-f4340de10c55b3cc807d8a4001daf8e6 model="q9" verdict=refuse prompt=1336 output_bound=- charged_ctx=9592 est_bytes=2355670904 est_context=142422016 est_fixed=2213248888 device_free=2151417984 pending_prime=3895361536 pending_seed=1024536576 host_free=0 demotable=0 short_by=204252920 inflight=32 cap=64 waited_ms=8677 retry_after_s=29
1790469143673 [admission] request cost: model="q9" ctx=9587 path=plain = 14848 B/token x ctx + 480MB prefill-workspace + 121MB fixed = 743MB
1790469143673 [admit-oom] VRAM defer: 32 active, effective free 2151MB (driver + 543MB pool-cached) < cost 743MB + reserve 1611MB — queueing (FIFO) [pool res 18220MB used 17677MB; parked spec sessions 0; plain reuse 0; queue 18]
1790469143673 [admit-mem] id=chatcmpl-88cfe8acb30acff88594583cbb6166f7 model="q9" verdict=refuse prompt=1331 output_bound=- charged_ctx=9587 est_bytes=2353794424 est_context=142347776 est_fixed=2211446648 device_free=2151417984 pending_prime=3895361536 pending_seed=1024536576 host_free=0 demotable=0 short_by=202376440 inflight=32 cap=64 waited_ms=8675 retry_after_s=29
1790469143673 [admission] request cost: model="q9" ctx=9589 path=plain = 14848 B/token x ctx + 480MB prefill-workspace + 121MB fixed = 744MB
1790469143673 [admit-oom] VRAM defer: 32 active, effective free 2151MB (driver + 543MB pool-cached) < cost 744MB + reserve 1611MB — queueing (FIFO) [pool res 18220MB used 17677MB; parked spec sessions 0; plain reuse 0; queue 17]
1790469143674 [admit-mem] id=chatcmpl-03777a4d194bd2cfc248aa21592559b7 model="q9" verdict=refuse prompt=1333 output_bound=- charged_ctx=9589 est_bytes=2354545016 est_context=142377472 est_fixed=2212167544 device_free=2151417984 pending_prime=3895361536 pending_seed=1024536576 host_free=0 demotable=0 short_by=203127032 inflight=32 cap=64 waited_ms=8674 retry_after_s=29
1790469143674 [admission] request cost: model="q9" ctx=9587 path=plain = 14848 B/token x ctx + 480MB prefill-workspace + 121MB fixed = 743MB
1790469143674 [admit-oom] VRAM defer: 32 active, effective free 2151MB (driver + 543MB pool-cached) < cost 743MB + reserve 1611MB — queueing (FIFO) [pool res 18220MB used 17677MB; parked spec sessions 0; plain reuse 0; queue 16]
1790469143674 [admit-mem] id=chatcmpl-8739537878345577ddca9dce46645053 model="q9" verdict=refuse prompt=1331 output_bound=- charged_ctx=9587 est_bytes=2353794424 est_context=142347776 est_fixed=2211446648 device_free=2151417984 pending_prime=3895361536 pending_seed=1024536576 host_free=0 demotable=0 short_by=202376440 inflight=32 cap=64 waited_ms=8673 retry_after_s=29
1790469143674 [admit-oom] VRAM defer: 32 active, effective free 2151MB (driver + 543MB pool-cached) < cost 743MB + reserve 1611MB — queueing (FIFO) [pool res 18220MB used 17677MB; parked spec sessions 0; plain reuse 0; queue 15]
1790469143674 [admit-mem] id=chatcmpl-7d48137daa5b2398f3c113923788fc2f model="q9" verdict=refuse prompt=1331 output_bound=- charged_ctx=9587 est_bytes=2353794424 est_context=142347776 est_fixed=2211446648 device_free=2151417984 pending_prime=3895361536 pending_seed=1024536576 host_free=0 demotable=0 short_by=202376440 inflight=32 cap=64 waited_ms=8671 retry_after_s=29
1790469143674 [admission] request cost: model="q9" ctx=9586 path=plain = 14848 B/token x ctx + 479MB prefill-workspace + 121MB fixed = 743MB
1790469143674 [admit-oom] VRAM defer: 32 active, effective free 2151MB (driver + 543MB pool-cached) < cost 743MB + reserve 1611MB — queueing (FIFO) [pool res 18220MB used 17677MB; parked spec sessions 0; plain reuse 0; queue 14]
1790469143674 [admit-mem] id=chatcmpl-dc6c57d84a18a7cddafca953ef4cf406 model="q9" verdict=refuse prompt=1330 output_bound=- charged_ctx=9586 est_bytes=2353419128 est_context=142332928 est_fixed=2211086200 device_free=2151417984 pending_prime=3895361536 pending_seed=1024536576 host_free=0 demotable=0 short_by=202001144 inflight=32 cap=64 waited_ms=8670 retry_after_s=29
1790469143674 [admission] request cost: model="q9" ctx=9593 path=plain = 14848 B/token x ctx + 482MB prefill-workspace + 121MB fixed = 745MB
1790469143674 [admit-oom] VRAM defer: 32 active, effective free 2151MB (driver + 543MB pool-cached) < cost 745MB + reserve 1611MB — queueing (FIFO) [pool res 18220MB used 17677MB; parked spec sessions 0; plain reuse 0; queue 13]
1790469143674 [admit-mem] id=chatcmpl-9458044d2381fd2f3955d21038add80b model="q9" verdict=refuse prompt=1337 output_bound=- charged_ctx=9593 est_bytes=2356046200 est_context=142436864 est_fixed=2213609336 device_free=2151417984 pending_prime=3895361536 pending_seed=1024536576 host_free=0 demotable=0 short_by=204628216 inflight=32 cap=64 waited_ms=8668 retry_after_s=29
1790469143674 [admission] request cost: model="q9" ctx=9595 path=plain = 14848 B/token x ctx + 483MB prefill-workspace + 121MB fixed = 746MB
1790469143674 [admit-oom] VRAM defer: 32 active, effective free 2151MB (driver + 543MB pool-cached) < cost 746MB + reserve 1611MB — queueing (FIFO) [pool res 18220MB used 17677MB; parked spec sessions 0; plain reuse 0; queue 12]
1790469143674 [admit-mem] id=chatcmpl-7475632a57fb80f051804a30dd2e6693 model="q9" verdict=refuse prompt=1339 output_bound=- charged_ctx=9595 est_bytes=2356796792 est_context=142466560 est_fixed=2214330232 device_free=2151417984 pending_prime=3895361536 pending_seed=1024536576 host_free=0 demotable=0 short_by=205378808 inflight=32 cap=64 waited_ms=8667 retry_after_s=29
1790469143674 [admission] request cost: model="q9" ctx=9582 path=plain = 14848 B/token x ctx + 478MB prefill-workspace + 121MB fixed = 741MB
1790469143674 [admit-oom] VRAM defer: 32 active, effective free 2151MB (driver + 543MB pool-cached) < cost 741MB + reserve 1611MB — queueing (FIFO) [pool res 18220MB used 17677MB; parked spec sessions 0; plain reuse 0; queue 11]
1790469143674 [admit-mem] id=chatcmpl-e63719328217dcf6f4672855e8371d18 model="q9" verdict=refuse prompt=1326 output_bound=- charged_ctx=9582 est_bytes=2351917944 est_context=142273536 est_fixed=2209644408 device_free=2151417984 pending_prime=3895361536 pending_seed=1024536576 host_free=0 demotable=0 short_by=200499960 inflight=32 cap=64 waited_ms=8666 retry_after_s=29
1790469143674 [admission] request cost: model="q9" ctx=9587 path=plain = 14848 B/token x ctx + 480MB prefill-workspace + 121MB fixed = 743MB
1790469143674 [admit-oom] VRAM defer: 32 active, effective free 2151MB (driver + 543MB pool-cached) < cost 743MB + reserve 1611MB — queueing (FIFO) [pool res 18220MB used 17677MB; parked spec sessions 0; plain reuse 0; queue 10]
1790469143674 [admit-mem] id=chatcmpl-fbf1dc0d8227ef45178c17ff4c9e041a model="q9" verdict=refuse prompt=1331 output_bound=- charged_ctx=9587 est_bytes=2353794424 est_context=142347776 est_fixed=2211446648 device_free=2151417984 pending_prime=3895361536 pending_seed=1024536576 host_free=0 demotable=0 short_by=202376440 inflight=32 cap=64 waited_ms=8664 retry_after_s=29
1790469143674 [admission] request cost: model="q9" ctx=9590 path=plain = 14848 B/token x ctx + 481MB prefill-workspace + 121MB fixed = 744MB
1790469143674 [admit-oom] VRAM defer: 32 active, effective free 2151MB (driver + 543MB pool-cached) < cost 744MB + reserve 1611MB — queueing (FIFO) [pool res 18220MB used 17677MB; parked spec sessions 0; plain reuse 0; queue 9]
1790469143674 [admit-mem] id=chatcmpl-02d667382df271f1f29fcebc91ac1a92 model="q9" verdict=refuse prompt=1334 output_bound=- charged_ctx=9590 est_bytes=2354920312 est_context=142392320 est_fixed=2212527992 device_free=2151417984 pending_prime=3895361536 pending_seed=1024536576 host_free=0 demotable=0 short_by=203502328 inflight=32 cap=64 waited_ms=8663 retry_after_s=29
1790469143674 [admit-oom] VRAM defer: 32 active, effective free 2151MB (driver + 543MB pool-cached) < cost 744MB + reserve 1611MB — queueing (FIFO) [pool res 18220MB used 17677MB; parked spec sessions 0; plain reuse 0; queue 8]
1790469143674 [admit-mem] id=chatcmpl-ee524a03ad66bde6b08f193ef77a8b2f model="q9" verdict=refuse prompt=1334 output_bound=- charged_ctx=9590 est_bytes=2354920312 est_context=142392320 est_fixed=2212527992 device_free=2151417984 pending_prime=3895361536 pending_seed=1024536576 host_free=0 demotable=0 short_by=203502328 inflight=32 cap=64 waited_ms=8662 retry_after_s=29
1790469143674 [admission] request cost: model="q9" ctx=9585 path=plain = 14848 B/token x ctx + 479MB prefill-workspace + 121MB fixed = 742MB
1790469143675 [admit-oom] VRAM defer: 32 active, effective free 2151MB (driver + 543MB pool-cached) < cost 742MB + reserve 1611MB — queueing (FIFO) [pool res 18220MB used 17677MB; parked spec sessions 0; plain reuse 0; queue 7]
1790469143675 [admit-mem] id=chatcmpl-31ba5eaba3a3939acd6ceab7f2483542 model="q9" verdict=refuse prompt=1329 output_bound=- charged_ctx=9585 est_bytes=2353043832 est_context=142318080 est_fixed=2210725752 device_free=2151417984 pending_prime=3895361536 pending_seed=1024536576 host_free=0 demotable=0 short_by=201625848 inflight=32 cap=64 waited_ms=8660 retry_after_s=29
1790469143675 [admission] request cost: model="q9" ctx=9588 path=plain = 14848 B/token x ctx + 480MB prefill-workspace + 121MB fixed = 744MB
1790469143675 [admit-oom] VRAM defer: 32 active, effective free 2151MB (driver + 543MB pool-cached) < cost 744MB + reserve 1611MB — queueing (FIFO) [pool res 18220MB used 17677MB; parked spec sessions 0; plain reuse 0; queue 6]
1790469143675 [admit-mem] id=chatcmpl-36449dbaa03eef66304092fe4478739e model="q9" verdict=refuse prompt=1332 output_bound=- charged_ctx=9588 est_bytes=2354169720 est_context=142362624 est_fixed=2211807096 device_free=2151417984 pending_prime=3895361536 pending_seed=1024536576 host_free=0 demotable=0 short_by=202751736 inflight=32 cap=64 waited_ms=8659 retry_after_s=29
1790469143675 [admission] request cost: model="q9" ctx=9587 path=plain = 14848 B/token x ctx + 480MB prefill-workspace + 121MB fixed = 743MB
1790469143675 [admit-oom] VRAM defer: 32 active, effective free 2151MB (driver + 543MB pool-cached) < cost 743MB + reserve 1611MB — queueing (FIFO) [pool res 18220MB used 17677MB; parked spec sessions 0; plain reuse 0; queue 5]
1790469143675 [admit-mem] id=chatcmpl-5b81a7ca0c278cc23cac7aa2b0e0fb2b model="q9" verdict=refuse prompt=1331 output_bound=- charged_ctx=9587 est_bytes=2353794424 est_context=142347776 est_fixed=2211446648 device_free=2151417984 pending_prime=3895361536 pending_seed=1024536576 host_free=0 demotable=0 short_by=202376440 inflight=32 cap=64 waited_ms=8657 retry_after_s=29
1790469143675 [admission] request cost: model="q9" ctx=9594 path=plain = 14848 B/token x ctx + 482MB prefill-workspace + 121MB fixed = 746MB
1790469143675 [admit-oom] VRAM defer: 32 active, effective free 2151MB (driver + 543MB pool-cached) < cost 746MB + reserve 1611MB — queueing (FIFO) [pool res 18220MB used 17677MB; parked spec sessions 0; plain reuse 0; queue 4]
1790469143675 [admit-mem] id=chatcmpl-c5598344405066834c268b67b874b723 model="q9" verdict=refuse prompt=1338 output_bound=- charged_ctx=9594 est_bytes=2356421496 est_context=142451712 est_fixed=2213969784 device_free=2151417984 pending_prime=3895361536 pending_seed=1024536576 host_free=0 demotable=0 short_by=205003512 inflight=32 cap=64 waited_ms=8656 retry_after_s=29
1790469143675 [admission] request cost: model="q9" ctx=9586 path=plain = 14848 B/token x ctx + 479MB prefill-workspace + 121MB fixed = 743MB
1790469143675 [admit-oom] VRAM defer: 32 active, effective free 2151MB (driver + 543MB pool-cached) < cost 743MB + reserve 1611MB — queueing (FIFO) [pool res 18220MB used 17677MB; parked spec sessions 0; plain reuse 0; queue 3]
1790469143675 [admit-mem] id=chatcmpl-af0a400bfb7765f0b59fb02f192f0040 model="q9" verdict=refuse prompt=1330 output_bound=- charged_ctx=9586 est_bytes=2353419128 est_context=142332928 est_fixed=2211086200 device_free=2151417984 pending_prime=3895361536 pending_seed=1024536576 host_free=0 demotable=0 short_by=202001144 inflight=32 cap=64 waited_ms=8655 retry_after_s=29
1790469143675 [admission] request cost: model="q9" ctx=9589 path=plain = 14848 B/token x ctx + 480MB prefill-workspace + 121MB fixed = 744MB
1790469143675 [admit-oom] VRAM defer: 32 active, effective free 2151MB (driver + 543MB pool-cached) < cost 744MB + reserve 1611MB — queueing (FIFO) [pool res 18220MB used 17677MB; parked spec sessions 0; plain reuse 0; queue 2]
1790469143675 [admit-mem] id=chatcmpl-50d2ba29c6ee35ef9adcba6cb0c09a76 model="q9" verdict=refuse prompt=1333 output_bound=- charged_ctx=9589 est_bytes=2354545016 est_context=142377472 est_fixed=2212167544 device_free=2151417984 pending_prime=3895361536 pending_seed=1024536576 host_free=0 demotable=0 short_by=203127032 inflight=32 cap=64 waited_ms=8653 retry_after_s=29
1790469143675 [admission] request cost: model="q9" ctx=9588 path=plain = 14848 B/token x ctx + 480MB prefill-workspace + 121MB fixed = 744MB
1790469143675 [admit-oom] VRAM defer: 32 active, effective free 2151MB (driver + 543MB pool-cached) < cost 744MB + reserve 1611MB — queueing (FIFO) [pool res 18220MB used 17677MB; parked spec sessions 0; plain reuse 0; queue 1]
1790469143675 [admit-mem] id=chatcmpl-8d7a35d49faf3376df3bc4043a36c2b4 model="q9" verdict=refuse prompt=1332 output_bound=- charged_ctx=9588 est_bytes=2354169720 est_context=142362624 est_fixed=2211807096 device_free=2151417984 pending_prime=3895361536 pending_seed=1024536576 host_free=0 demotable=0 short_by=202751736 inflight=32 cap=64 waited_ms=8652 retry_after_s=29
1790469143675 [admission] request cost: model="q9" ctx=9587 path=plain = 14848 B/token x ctx + 480MB prefill-workspace + 121MB fixed = 743MB
1790469143675 [admit-oom] VRAM defer: 32 active, effective free 2151MB (driver + 543MB pool-cached) < cost 743MB + reserve 1611MB — queueing (FIFO) [pool res 18220MB used 17677MB; parked spec sessions 0; plain reuse 0; queue 0]
1790469143675 [admit-mem] id=chatcmpl-e10a9fc59e08217eaf75a3c1cfe96246 model="q9" verdict=refuse prompt=1331 output_bound=- charged_ctx=9587 est_bytes=2353794424 est_context=142347776 est_fixed=2211446648 device_free=2151417984 pending_prime=3895361536 pending_seed=1024536576 host_free=0 demotable=0 short_by=202376440 inflight=32 cap=64 waited_ms=8650 retry_after_s=29
1790469143754 [prime-batch] B=6 tokens=124 carried=6 partial=0 in 78.5ms
1790469143853 [prime-batch] B=6 tokens=137 carried=6 partial=0 in 99.1ms
1790469143931 [prime-batch] B=5 tokens=109 carried=5 partial=0 in 77.3ms
1790469144030 [prefix-cache] insert (lcp-split): 1312 tokens, 72.2MB (resident 72.2MB / 2052MB, model q9)
1790469144135 [prefix-cache] insert (lcp-split): 1312 tokens, 72.2MB (resident 144.3MB / 2052MB, model q9)
1790469144238 [prefix-cache] insert (lcp-split): 1312 tokens, 72.2MB (resident 216.5MB / 2052MB, model q9)
1790469144310 [prefix-cache] insert (lcp-split): 1280 tokens, 71.7MB (resident 288.2MB / 2052MB, model q9)
1790469144415 [prefix-cache] insert (lcp-split): 1312 tokens, 72.2MB (resident 360.4MB / 2052MB, model q9)
1790469144519 [prefix-cache] insert (lcp-split): 1312 tokens, 72.2MB (resident 432.6MB / 2052MB, model q9)
1790469144622 [prefix-cache] insert (lcp-split): 1312 tokens, 72.2MB (resident 504.7MB / 2052MB, model q9)
1790469144727 [prefix-cache] insert (lcp-split): 1312 tokens, 72.2MB (resident 576.9MB / 2052MB, model q9)
1790469146456 [prime-batch] B=6 tokens=145 carried=6 partial=0 in 102.3ms
1790469146507 [prime-batch] B=2 tokens=32 carried=2 partial=0 in 51.5ms
1790469146605 [prefix-cache] insert (lcp-split): 1312 tokens, 72.2MB (resident 649.1MB / 2052MB, model q9)
1790469146707 [prefix-cache] insert (lcp-split): 1312 tokens, 72.2MB (resident 721.2MB / 2052MB, model q9)
1790469146808 [prefix-cache] insert (lcp-split): 1312 tokens, 72.2MB (resident 793.4MB / 2052MB, model q9)
1790469146910 [prefix-cache] insert (lcp-split): 1312 tokens, 72.2MB (resident 865.6MB / 2052MB, model q9)
1790469147011 [prefix-cache] insert (lcp-split): 1312 tokens, 72.2MB (resident 937.8MB / 2052MB, model q9)
1790469147113 [prefix-cache] insert (lcp-split): 1312 tokens, 72.2MB (resident 1009.9MB / 2052MB, model q9)
1790469147258 [prime-batch] B=6 tokens=116 carried=6 partial=0 in 83.6ms
1790469197838 [fa-pool] grow #4 dev=0 o_len 2129920 -> 4259840 ml_len 8320 -> 16640 (retired kept, zero=false)
1790469354702 [fa-pool] grow #5 dev=0 o_len 4259840 -> 8519680 ml_len 16640 -> 33280 (retired kept, zero=false)
1790469520686 [server] SIGTERM: draining (0 in flight, deadline 30s)
1790469520686 [server] drain complete in 0.0s; exiting
1790469520775 [server] GPU worker shutdown complete
