timestamp, index, utilization.gpu [%], memory.used [MiB], power.draw [W], clocks.current.sm [MHz], clocks.current.memory [MHz], temperature.gpu
2026/09/23 11:59:20.037, 0, 100 %, 2 MiB, 118.22 W, 2827 MHz, 14001 MHz, 58
2026/09/23 11:59:20.041, 1, 0 %, 2 MiB, 131.96 W, 2850 MHz, 14001 MHz, 61
2026/09/23 11:59:20.294, 0, 0 %, 38 MiB, 120.27 W, 2827 MHz, 14001 MHz, 58
2026/09/23 11:59:20.294, 1, 0 %, 4 MiB, 132.94 W, 2850 MHz, 14001 MHz, 60
2026/09/23 11:59:20.544, 0, 0 %, 596 MiB, 120.27 W, 2827 MHz, 14001 MHz, 58
2026/09/23 11:59:20.544, 1, 0 %, 4 MiB, 132.94 W, 2850 MHz, 14001 MHz, 60
2026/09/23 11:59:20.794, 0, 0 %, 596 MiB, 113.88 W, 2827 MHz, 13365 MHz, 58
2026/09/23 11:59:20.794, 1, 0 %, 4 MiB, 118.24 W, 2850 MHz, 14001 MHz, 60
2026/09/23 11:59:21.044, 0, 0 %, 596 MiB, 113.88 W, 2827 MHz, 13365 MHz, 58
2026/09/23 11:59:21.044, 1, 0 %, 4 MiB, 118.24 W, 2850 MHz, 14001 MHz, 60
2026/09/23 11:59:21.294, 0, 0 %, 596 MiB, 110.39 W, 2827 MHz, 13365 MHz, 57
2026/09/23 11:59:21.294, 1, 0 %, 4 MiB, 117.45 W, 2850 MHz, 14001 MHz, 60
2026/09/23 11:59:21.544, 0, 0 %, 884 MiB, 110.39 W, 2827 MHz, 13365 MHz, 57
2026/09/23 11:59:21.544, 1, 0 %, 4 MiB, 117.45 W, 2850 MHz, 14001 MHz, 60
2026/09/23 11:59:21.795, 0, 5 %, 1268 MiB, 107.19 W, 2827 MHz, 13365 MHz, 57
2026/09/23 11:59:21.795, 1, 5 %, 1108 MiB, 107.77 W, 1815 MHz, 13365 MHz, 59
2026/09/23 11:59:22.045, 0, 5 %, 1332 MiB, 107.19 W, 2827 MHz, 13365 MHz, 57
2026/09/23 11:59:22.045, 1, 5 %, 1300 MiB, 107.77 W, 1815 MHz, 13365 MHz, 59
2026/09/23 11:59:22.295, 0, 0 %, 3348 MiB, 100.31 W, 2617 MHz, 13365 MHz, 57
2026/09/23 11:59:22.295, 1, 0 %, 1300 MiB, 100.51 W, 2617 MHz, 13365 MHz, 59
2026/09/23 11:59:22.545, 0, 0 %, 6804 MiB, 100.31 W, 2617 MHz, 13365 MHz, 57
2026/09/23 11:59:22.545, 1, 0 %, 3316 MiB, 100.51 W, 2617 MHz, 13365 MHz, 59
2026/09/23 11:59:22.795, 0, 34 %, 6804 MiB, 95.68 W, 2617 MHz, 13365 MHz, 57
2026/09/23 11:59:22.796, 1, 0 %, 3316 MiB, 99.32 W, 2617 MHz, 13365 MHz, 59
2026/09/23 11:59:23.046, 0, 34 %, 6804 MiB, 95.68 W, 2617 MHz, 13365 MHz, 57
2026/09/23 11:59:23.046, 1, 0 %, 3316 MiB, 99.32 W, 2617 MHz, 13365 MHz, 59
2026/09/23 11:59:23.296, 0, 0 %, 6804 MiB, 95.34 W, 2617 MHz, 13365 MHz, 56
2026/09/23 11:59:23.296, 1, 0 %, 3316 MiB, 98.68 W, 2610 MHz, 13365 MHz, 59
2026/09/23 11:59:23.546, 0, 0 %, 6804 MiB, 95.34 W, 2617 MHz, 13365 MHz, 56
2026/09/23 11:59:23.546, 1, 0 %, 3316 MiB, 98.68 W, 2610 MHz, 13365 MHz, 59
2026/09/23 11:59:23.796, 0, 0 %, 6804 MiB, 93.07 W, 2617 MHz, 13365 MHz, 56
2026/09/23 11:59:23.796, 1, 0 %, 3316 MiB, 98.63 W, 2610 MHz, 13365 MHz, 59
2026/09/23 11:59:24.046, 0, 0 %, 6836 MiB, 93.07 W, 2617 MHz, 13365 MHz, 56
2026/09/23 11:59:24.046, 1, 0 %, 3316 MiB, 98.63 W, 2610 MHz, 13365 MHz, 59
2026/09/23 11:59:24.296, 0, 1 %, 6836 MiB, 92.37 W, 2610 MHz, 13365 MHz, 56
2026/09/23 11:59:24.296, 1, 0 %, 3316 MiB, 97.90 W, 2610 MHz, 13365 MHz, 59
2026/09/23 11:59:24.546, 0, 1 %, 6836 MiB, 92.37 W, 2610 MHz, 13365 MHz, 56
2026/09/23 11:59:24.547, 1, 0 %, 3316 MiB, 97.90 W, 2610 MHz, 13365 MHz, 59
2026/09/23 11:59:24.797, 0, 0 %, 6868 MiB, 91.81 W, 2610 MHz, 13365 MHz, 56
2026/09/23 11:59:24.797, 1, 0 %, 3316 MiB, 97.53 W, 2610 MHz, 13365 MHz, 59
2026/09/23 11:59:25.047, 0, 0 %, 6868 MiB, 91.81 W, 2610 MHz, 13365 MHz, 56
2026/09/23 11:59:25.047, 1, 0 %, 3316 MiB, 97.53 W, 2610 MHz, 13365 MHz, 59
2026/09/23 11:59:25.297, 0, 0 %, 10356 MiB, 91.65 W, 2617 MHz, 13365 MHz, 56
2026/09/23 11:59:25.297, 1, 0 %, 3316 MiB, 97.13 W, 2610 MHz, 13365 MHz, 58
2026/09/23 11:59:25.547, 0, 0 %, 10356 MiB, 91.65 W, 2617 MHz, 13365 MHz, 56
2026/09/23 11:59:25.547, 1, 0 %, 3316 MiB, 97.13 W, 2610 MHz, 13365 MHz, 58
2026/09/23 11:59:25.797, 0, 0 %, 10356 MiB, 93.71 W, 2617 MHz, 13365 MHz, 56
2026/09/23 11:59:25.797, 1, 0 %, 3316 MiB, 97.24 W, 2610 MHz, 13365 MHz, 58
2026/09/23 11:59:26.047, 0, 0 %, 10356 MiB, 93.71 W, 2617 MHz, 13365 MHz, 56
2026/09/23 11:59:26.047, 1, 0 %, 3316 MiB, 97.24 W, 2610 MHz, 13365 MHz, 58
2026/09/23 11:59:26.297, 0, 1 %, 10388 MiB, 93.23 W, 2610 MHz, 13365 MHz, 56
2026/09/23 11:59:26.298, 1, 0 %, 3316 MiB, 97.26 W, 2610 MHz, 13365 MHz, 58
2026/09/23 11:59:26.548, 0, 1 %, 10388 MiB, 93.23 W, 2610 MHz, 13365 MHz, 56
2026/09/23 11:59:26.548, 1, 0 %, 3316 MiB, 97.26 W, 2610 MHz, 13365 MHz, 58
2026/09/23 11:59:26.798, 0, 0 %, 10420 MiB, 91.18 W, 2610 MHz, 13365 MHz, 56
2026/09/23 11:59:26.798, 1, 0 %, 3316 MiB, 97.10 W, 2610 MHz, 13365 MHz, 58
2026/09/23 11:59:27.048, 0, 0 %, 10420 MiB, 91.18 W, 2610 MHz, 13365 MHz, 56
2026/09/23 11:59:27.048, 1, 0 %, 3316 MiB, 97.10 W, 2610 MHz, 13365 MHz, 58
2026/09/23 11:59:27.298, 0, 0 %, 10420 MiB, 91.14 W, 2617 MHz, 13365 MHz, 56
2026/09/23 11:59:27.298, 1, 0 %, 3316 MiB, 96.71 W, 2610 MHz, 13365 MHz, 58
2026/09/23 11:59:27.548, 0, 0 %, 10452 MiB, 91.14 W, 2617 MHz, 13365 MHz, 56
2026/09/23 11:59:27.548, 1, 0 %, 3316 MiB, 96.71 W, 2610 MHz, 13365 MHz, 58
2026/09/23 11:59:27.798, 0, 0 %, 10452 MiB, 90.94 W, 2617 MHz, 13365 MHz, 56
2026/09/23 11:59:27.798, 1, 0 %, 3316 MiB, 96.85 W, 2610 MHz, 13365 MHz, 58
2026/09/23 11:59:28.048, 0, 0 %, 13940 MiB, 90.94 W, 2617 MHz, 13365 MHz, 56
2026/09/23 11:59:28.048, 1, 0 %, 3316 MiB, 96.85 W, 2610 MHz, 13365 MHz, 58
2026/09/23 11:59:28.298, 0, 9 %, 13972 MiB, 92.75 W, 2617 MHz, 13365 MHz, 56
2026/09/23 11:59:28.298, 1, 0 %, 3316 MiB, 97.03 W, 2610 MHz, 13365 MHz, 58
2026/09/23 11:59:28.549, 0, 9 %, 13972 MiB, 92.75 W, 2617 MHz, 13365 MHz, 56
2026/09/23 11:59:28.549, 1, 0 %, 3316 MiB, 97.03 W, 2610 MHz, 13365 MHz, 58
2026/09/23 11:59:28.799, 0, 0 %, 13972 MiB, 93.00 W, 2617 MHz, 13365 MHz, 55
2026/09/23 11:59:28.799, 1, 0 %, 3316 MiB, 96.96 W, 2610 MHz, 13365 MHz, 58
2026/09/23 11:59:29.049, 0, 0 %, 14036 MiB, 93.00 W, 2617 MHz, 13365 MHz, 55
2026/09/23 11:59:29.049, 1, 0 %, 3316 MiB, 96.96 W, 2610 MHz, 13365 MHz, 58
2026/09/23 11:59:29.299, 0, 0 %, 14036 MiB, 91.49 W, 2617 MHz, 13365 MHz, 55
2026/09/23 11:59:29.299, 1, 0 %, 3316 MiB, 96.77 W, 2610 MHz, 13365 MHz, 58
2026/09/23 11:59:29.549, 0, 0 %, 14036 MiB, 91.49 W, 2617 MHz, 13365 MHz, 55
2026/09/23 11:59:29.549, 1, 0 %, 3316 MiB, 96.77 W, 2610 MHz, 13365 MHz, 58
2026/09/23 11:59:29.799, 0, 1 %, 14068 MiB, 91.27 W, 2610 MHz, 13365 MHz, 55
2026/09/23 11:59:29.799, 1, 0 %, 3316 MiB, 96.51 W, 2610 MHz, 13365 MHz, 58
2026/09/23 11:59:30.049, 0, 1 %, 14068 MiB, 91.27 W, 2610 MHz, 13365 MHz, 55
2026/09/23 11:59:30.049, 1, 0 %, 3316 MiB, 96.51 W, 2610 MHz, 13365 MHz, 58
2026/09/23 11:59:30.299, 0, 0 %, 14100 MiB, 91.13 W, 2610 MHz, 13365 MHz, 55
2026/09/23 11:59:30.300, 1, 0 %, 3316 MiB, 96.25 W, 2610 MHz, 13365 MHz, 58
2026/09/23 11:59:30.550, 0, 0 %, 14100 MiB, 91.13 W, 2610 MHz, 13365 MHz, 55
2026/09/23 11:59:30.550, 1, 0 %, 3316 MiB, 96.25 W, 2610 MHz, 13365 MHz, 58
2026/09/23 11:59:30.800, 0, 0 %, 17556 MiB, 91.03 W, 2617 MHz, 13365 MHz, 55
2026/09/23 11:59:30.800, 1, 0 %, 3316 MiB, 96.06 W, 2610 MHz, 13365 MHz, 58
2026/09/23 11:59:31.050, 0, 0 %, 17588 MiB, 91.03 W, 2617 MHz, 13365 MHz, 55
2026/09/23 11:59:31.050, 1, 0 %, 3316 MiB, 96.06 W, 2610 MHz, 13365 MHz, 58
2026/09/23 11:59:31.300, 0, 0 %, 17588 MiB, 93.10 W, 2617 MHz, 13365 MHz, 55
2026/09/23 11:59:31.300, 1, 0 %, 3316 MiB, 96.16 W, 2610 MHz, 13365 MHz, 57
2026/09/23 11:59:31.550, 0, 0 %, 17588 MiB, 93.10 W, 2617 MHz, 13365 MHz, 55
2026/09/23 11:59:31.550, 1, 0 %, 3316 MiB, 96.16 W, 2610 MHz, 13365 MHz, 57
2026/09/23 11:59:31.800, 0, 0 %, 17620 MiB, 92.81 W, 2610 MHz, 13365 MHz, 55
2026/09/23 11:59:31.800, 1, 0 %, 3316 MiB, 96.17 W, 2610 MHz, 13365 MHz, 57
2026/09/23 11:59:32.050, 0, 0 %, 17620 MiB, 92.81 W, 2610 MHz, 13365 MHz, 55
2026/09/23 11:59:32.050, 1, 0 %, 3316 MiB, 96.17 W, 2610 MHz, 13365 MHz, 57
2026/09/23 11:59:32.300, 0, 0 %, 17652 MiB, 90.78 W, 2610 MHz, 13365 MHz, 55
2026/09/23 11:59:32.300, 1, 0 %, 3316 MiB, 96.00 W, 2610 MHz, 13365 MHz, 57
2026/09/23 11:59:32.550, 0, 0 %, 17652 MiB, 90.78 W, 2610 MHz, 13365 MHz, 55
2026/09/23 11:59:32.550, 1, 0 %, 3316 MiB, 96.00 W, 2610 MHz, 13365 MHz, 57
2026/09/23 11:59:32.801, 0, 0 %, 17652 MiB, 90.52 W, 2617 MHz, 13365 MHz, 55
2026/09/23 11:59:32.801, 1, 0 %, 3316 MiB, 95.74 W, 2610 MHz, 13365 MHz, 57
2026/09/23 11:59:33.051, 0, 0 %, 17684 MiB, 90.52 W, 2617 MHz, 13365 MHz, 55
2026/09/23 11:59:33.051, 1, 0 %, 3316 MiB, 95.74 W, 2610 MHz, 13365 MHz, 57
2026/09/23 11:59:33.301, 0, 0 %, 17716 MiB, 90.43 W, 2617 MHz, 13365 MHz, 55
2026/09/23 11:59:33.301, 1, 0 %, 3316 MiB, 95.63 W, 2610 MHz, 13365 MHz, 57
2026/09/23 11:59:33.551, 0, 0 %, 21172 MiB, 90.43 W, 2617 MHz, 13365 MHz, 55
2026/09/23 11:59:33.551, 1, 0 %, 3316 MiB, 95.63 W, 2610 MHz, 13365 MHz, 57
2026/09/23 11:59:33.801, 0, 30 %, 21204 MiB, 92.27 W, 2617 MHz, 13365 MHz, 55
2026/09/23 11:59:33.801, 1, 0 %, 3316 MiB, 95.76 W, 2610 MHz, 13365 MHz, 57
2026/09/23 11:59:34.051, 0, 30 %, 21236 MiB, 92.27 W, 2617 MHz, 13365 MHz, 55
2026/09/23 11:59:34.051, 1, 0 %, 3316 MiB, 95.76 W, 2610 MHz, 13365 MHz, 57
2026/09/23 11:59:34.301, 0, 0 %, 21236 MiB, 92.27 W, 2617 MHz, 13365 MHz, 55
2026/09/23 11:59:34.301, 1, 0 %, 3316 MiB, 95.76 W, 2610 MHz, 13365 MHz, 57
2026/09/23 11:59:34.551, 0, 0 %, 21268 MiB, 92.27 W, 2617 MHz, 13365 MHz, 55
2026/09/23 11:59:34.551, 1, 0 %, 3316 MiB, 95.76 W, 2610 MHz, 13365 MHz, 57
2026/09/23 11:59:34.801, 0, 0 %, 21268 MiB, 91.02 W, 2610 MHz, 13365 MHz, 55
2026/09/23 11:59:34.801, 1, 0 %, 3316 MiB, 96.22 W, 2610 MHz, 13365 MHz, 57
2026/09/23 11:59:35.052, 0, 0 %, 21268 MiB, 91.02 W, 2610 MHz, 13365 MHz, 55
2026/09/23 11:59:35.052, 1, 0 %, 3316 MiB, 96.22 W, 2610 MHz, 13365 MHz, 57
2026/09/23 11:59:35.302, 0, 0 %, 21300 MiB, 90.23 W, 2610 MHz, 13365 MHz, 55
2026/09/23 11:59:35.302, 1, 0 %, 3316 MiB, 95.85 W, 2610 MHz, 13365 MHz, 57
2026/09/23 11:59:35.552, 0, 0 %, 21300 MiB, 90.23 W, 2610 MHz, 13365 MHz, 55
2026/09/23 11:59:35.552, 1, 0 %, 3316 MiB, 95.85 W, 2610 MHz, 13365 MHz, 57
2026/09/23 11:59:35.802, 0, 0 %, 21300 MiB, 90.24 W, 2617 MHz, 13365 MHz, 55
2026/09/23 11:59:35.802, 1, 0 %, 3316 MiB, 95.71 W, 2610 MHz, 13365 MHz, 57
2026/09/23 11:59:36.052, 0, 0 %, 21332 MiB, 90.24 W, 2617 MHz, 13365 MHz, 55
2026/09/23 11:59:36.052, 1, 0 %, 3316 MiB, 95.71 W, 2610 MHz, 13365 MHz, 57
2026/09/23 11:59:36.302, 0, 0 %, 21332 MiB, 90.18 W, 2617 MHz, 13365 MHz, 54
2026/09/23 11:59:36.302, 1, 0 %, 3316 MiB, 95.41 W, 2610 MHz, 13365 MHz, 57
2026/09/23 11:59:36.552, 0, 0 %, 24820 MiB, 90.18 W, 2617 MHz, 13365 MHz, 54
2026/09/23 11:59:36.552, 1, 0 %, 3316 MiB, 95.41 W, 2610 MHz, 13365 MHz, 57
2026/09/23 11:59:36.802, 0, 2 %, 24820 MiB, 92.19 W, 2617 MHz, 13365 MHz, 54
2026/09/23 11:59:36.802, 1, 0 %, 3316 MiB, 95.29 W, 2610 MHz, 13365 MHz, 57
2026/09/23 11:59:37.052, 0, 2 %, 24820 MiB, 92.19 W, 2617 MHz, 13365 MHz, 54
2026/09/23 11:59:37.053, 1, 0 %, 3316 MiB, 95.29 W, 2610 MHz, 13365 MHz, 57
2026/09/23 11:59:37.303, 0, 0 %, 24884 MiB, 92.16 W, 2610 MHz, 13365 MHz, 54
2026/09/23 11:59:37.303, 1, 0 %, 3316 MiB, 95.26 W, 2610 MHz, 13365 MHz, 57
2026/09/23 11:59:37.553, 0, 0 %, 24884 MiB, 92.16 W, 2610 MHz, 13365 MHz, 54
2026/09/23 11:59:37.553, 1, 0 %, 3316 MiB, 95.26 W, 2610 MHz, 13365 MHz, 57
2026/09/23 11:59:37.803, 0, 0 %, 24884 MiB, 90.38 W, 2617 MHz, 13365 MHz, 54
2026/09/23 11:59:37.803, 1, 0 %, 3316 MiB, 95.05 W, 2610 MHz, 13365 MHz, 57
2026/09/23 11:59:38.053, 0, 0 %, 24916 MiB, 90.38 W, 2617 MHz, 13365 MHz, 54
2026/09/23 11:59:38.053, 1, 0 %, 3316 MiB, 95.05 W, 2610 MHz, 13365 MHz, 57
2026/09/23 11:59:38.303, 0, 0 %, 24916 MiB, 90.38 W, 2617 MHz, 13365 MHz, 54
2026/09/23 11:59:38.303, 1, 0 %, 3316 MiB, 94.76 W, 2610 MHz, 13365 MHz, 57
2026/09/23 11:59:38.553, 0, 0 %, 24948 MiB, 90.38 W, 2617 MHz, 13365 MHz, 54
2026/09/23 11:59:38.553, 1, 0 %, 3316 MiB, 94.76 W, 2610 MHz, 13365 MHz, 57
2026/09/23 11:59:38.803, 0, 1 %, 24948 MiB, 90.34 W, 2610 MHz, 13365 MHz, 54
2026/09/23 11:59:38.803, 1, 0 %, 3316 MiB, 94.69 W, 2610 MHz, 13365 MHz, 56
2026/09/23 11:59:39.053, 0, 1 %, 28436 MiB, 90.34 W, 2610 MHz, 13365 MHz, 54
2026/09/23 11:59:39.053, 1, 0 %, 3316 MiB, 94.69 W, 2610 MHz, 13365 MHz, 56
2026/09/23 11:59:39.304, 0, 31 %, 28468 MiB, 91.68 W, 2617 MHz, 13365 MHz, 54
2026/09/23 11:59:39.304, 1, 0 %, 3316 MiB, 88.37 W, 2460 MHz, 13365 MHz, 56
2026/09/23 11:59:39.554, 0, 31 %, 28468 MiB, 91.68 W, 2617 MHz, 13365 MHz, 54
2026/09/23 11:59:39.554, 1, 0 %, 3316 MiB, 88.37 W, 2460 MHz, 13365 MHz, 56
2026/09/23 11:59:39.804, 0, 0 %, 28468 MiB, 92.69 W, 2617 MHz, 13365 MHz, 54
2026/09/23 11:59:39.804, 1, 0 %, 3316 MiB, 71.00 W, 457 MHz, 13365 MHz, 55
2026/09/23 11:59:40.054, 0, 0 %, 28468 MiB, 92.69 W, 2617 MHz, 13365 MHz, 54
2026/09/23 11:59:40.054, 1, 0 %, 3316 MiB, 71.00 W, 457 MHz, 13365 MHz, 55
2026/09/23 11:59:40.304, 0, 0 %, 28500 MiB, 92.33 W, 2610 MHz, 13365 MHz, 54
2026/09/23 11:59:40.304, 1, 0 %, 3316 MiB, 60.15 W, 457 MHz, 13365 MHz, 55
2026/09/23 11:59:40.554, 0, 0 %, 28500 MiB, 92.33 W, 2610 MHz, 13365 MHz, 54
2026/09/23 11:59:40.554, 1, 0 %, 3316 MiB, 60.15 W, 457 MHz, 13365 MHz, 55
2026/09/23 11:59:40.804, 0, 0 %, 28532 MiB, 92.33 W, 2610 MHz, 13365 MHz, 54
2026/09/23 11:59:40.804, 1, 0 %, 3316 MiB, 60.15 W, 457 MHz, 13365 MHz, 55
2026/09/23 11:59:41.054, 0, 0 %, 28532 MiB, 92.33 W, 2610 MHz, 13365 MHz, 54
2026/09/23 11:59:41.055, 1, 0 %, 3316 MiB, 60.15 W, 457 MHz, 13365 MHz, 55
2026/09/23 11:59:41.305, 0, 0 %, 28532 MiB, 90.39 W, 2617 MHz, 13365 MHz, 54
2026/09/23 11:59:41.305, 1, 0 %, 3316 MiB, 60.02 W, 232 MHz, 13365 MHz, 55
2026/09/23 11:59:41.555, 0, 0 %, 28564 MiB, 90.39 W, 2617 MHz, 13365 MHz, 54
2026/09/23 11:59:41.555, 1, 0 %, 3316 MiB, 60.02 W, 232 MHz, 13365 MHz, 55
2026/09/23 11:59:41.805, 0, 0 %, 28596 MiB, 89.83 W, 2617 MHz, 13365 MHz, 54
2026/09/23 11:59:41.805, 1, 0 %, 3316 MiB, 54.11 W, 195 MHz, 810 MHz, 55
2026/09/23 11:59:42.055, 0, 0 %, 32052 MiB, 89.83 W, 2617 MHz, 13365 MHz, 54
2026/09/23 11:59:42.055, 1, 0 %, 3316 MiB, 54.11 W, 195 MHz, 810 MHz, 55
2026/09/23 11:59:42.305, 0, 29 %, 32084 MiB, 91.83 W, 2617 MHz, 13365 MHz, 54
2026/09/23 11:59:42.305, 1, 0 %, 3316 MiB, 37.75 W, 180 MHz, 810 MHz, 55
2026/09/23 11:59:42.555, 0, 29 %, 32084 MiB, 91.83 W, 2617 MHz, 13365 MHz, 54
2026/09/23 11:59:42.555, 1, 0 %, 3316 MiB, 37.75 W, 180 MHz, 810 MHz, 55
2026/09/23 11:59:42.805, 0, 0 %, 32084 MiB, 92.01 W, 2617 MHz, 13365 MHz, 54
2026/09/23 11:59:42.805, 1, 0 %, 3316 MiB, 26.62 W, 180 MHz, 810 MHz, 54
2026/09/23 11:59:43.055, 0, 0 %, 32116 MiB, 92.01 W, 2617 MHz, 13365 MHz, 54
2026/09/23 11:59:43.056, 1, 0 %, 3316 MiB, 26.62 W, 180 MHz, 810 MHz, 54
2026/09/23 11:59:43.306, 0, 0 %, 32116 MiB, 89.84 W, 2617 MHz, 13365 MHz, 54
2026/09/23 11:59:43.306, 1, 0 %, 3316 MiB, 27.81 W, 180 MHz, 405 MHz, 54
2026/09/23 11:59:43.556, 0, 0 %, 32148 MiB, 89.84 W, 2617 MHz, 13365 MHz, 54
2026/09/23 11:59:43.556, 1, 0 %, 3316 MiB, 27.81 W, 180 MHz, 405 MHz, 54
2026/09/23 11:59:43.806, 0, 0 %, 32148 MiB, 89.65 W, 2610 MHz, 13365 MHz, 54
2026/09/23 11:59:43.806, 1, 0 %, 3316 MiB, 27.63 W, 180 MHz, 405 MHz, 54
2026/09/23 11:59:44.056, 0, 0 %, 32148 MiB, 89.65 W, 2610 MHz, 13365 MHz, 54
2026/09/23 11:59:44.056, 1, 0 %, 3316 MiB, 27.63 W, 180 MHz, 405 MHz, 54
2026/09/23 11:59:44.306, 0, 0 %, 32180 MiB, 89.76 W, 2610 MHz, 13365 MHz, 54
2026/09/23 11:59:44.306, 1, 0 %, 3316 MiB, 24.31 W, 180 MHz, 405 MHz, 54
2026/09/23 11:59:44.556, 0, 0 %, 32180 MiB, 89.76 W, 2610 MHz, 13365 MHz, 54
2026/09/23 11:59:44.556, 1, 0 %, 3316 MiB, 24.31 W, 180 MHz, 405 MHz, 54
2026/09/23 11:59:44.806, 0, 4 %, 35668 MiB, 89.99 W, 2617 MHz, 13365 MHz, 54
2026/09/23 11:59:44.806, 1, 0 %, 3316 MiB, 24.25 W, 180 MHz, 405 MHz, 54
2026/09/23 11:59:45.056, 0, 4 %, 35700 MiB, 89.99 W, 2617 MHz, 13365 MHz, 54
2026/09/23 11:59:45.056, 1, 0 %, 3316 MiB, 24.25 W, 180 MHz, 405 MHz, 54
2026/09/23 11:59:45.306, 0, 0 %, 35700 MiB, 91.74 W, 2617 MHz, 13365 MHz, 53
2026/09/23 11:59:45.307, 1, 0 %, 3316 MiB, 25.62 W, 180 MHz, 405 MHz, 54
2026/09/23 11:59:45.557, 0, 0 %, 35700 MiB, 91.74 W, 2617 MHz, 13365 MHz, 53
2026/09/23 11:59:45.557, 1, 0 %, 3316 MiB, 25.62 W, 180 MHz, 405 MHz, 54
2026/09/23 11:59:45.807, 0, 0 %, 35764 MiB, 91.64 W, 2610 MHz, 13365 MHz, 53
2026/09/23 11:59:45.807, 1, 0 %, 3316 MiB, 26.81 W, 180 MHz, 405 MHz, 54
2026/09/23 11:59:46.057, 0, 0 %, 35764 MiB, 91.64 W, 2610 MHz, 13365 MHz, 53
2026/09/23 11:59:46.057, 1, 0 %, 3316 MiB, 26.81 W, 180 MHz, 405 MHz, 54
2026/09/23 11:59:46.307, 0, 0 %, 35764 MiB, 89.50 W, 2617 MHz, 13365 MHz, 53
2026/09/23 11:59:46.307, 1, 0 %, 3316 MiB, 26.35 W, 180 MHz, 405 MHz, 54
2026/09/23 11:59:46.557, 0, 0 %, 35796 MiB, 89.50 W, 2617 MHz, 13365 MHz, 53
2026/09/23 11:59:46.557, 1, 0 %, 3316 MiB, 26.35 W, 180 MHz, 405 MHz, 54
2026/09/23 11:59:46.807, 0, 0 %, 35796 MiB, 89.42 W, 2617 MHz, 13365 MHz, 53
2026/09/23 11:59:46.807, 1, 0 %, 3316 MiB, 24.71 W, 172 MHz, 405 MHz, 54
2026/09/23 11:59:47.057, 0, 0 %, 35828 MiB, 89.42 W, 2617 MHz, 13365 MHz, 53
2026/09/23 11:59:47.057, 1, 0 %, 3316 MiB, 24.71 W, 172 MHz, 405 MHz, 54
2026/09/23 11:59:47.308, 0, 0 %, 35828 MiB, 89.23 W, 2610 MHz, 13365 MHz, 53
2026/09/23 11:59:47.308, 1, 0 %, 3316 MiB, 23.90 W, 180 MHz, 405 MHz, 54
2026/09/23 11:59:47.558, 0, 0 %, 39316 MiB, 89.23 W, 2610 MHz, 13365 MHz, 53
2026/09/23 11:59:47.558, 1, 0 %, 3316 MiB, 23.90 W, 180 MHz, 405 MHz, 54
2026/09/23 11:59:47.808, 0, 30 %, 39316 MiB, 90.71 W, 2617 MHz, 13365 MHz, 53
2026/09/23 11:59:47.808, 1, 0 %, 3316 MiB, 24.16 W, 180 MHz, 405 MHz, 53
2026/09/23 11:59:48.058, 0, 30 %, 39316 MiB, 90.71 W, 2617 MHz, 13365 MHz, 53
2026/09/23 11:59:48.058, 1, 0 %, 3316 MiB, 24.16 W, 180 MHz, 405 MHz, 53
2026/09/23 11:59:48.308, 0, 0 %, 39316 MiB, 91.49 W, 2617 MHz, 13365 MHz, 53
2026/09/23 11:59:48.308, 1, 0 %, 3316 MiB, 23.99 W, 180 MHz, 405 MHz, 53
2026/09/23 11:59:48.558, 0, 0 %, 39348 MiB, 91.49 W, 2617 MHz, 13365 MHz, 53
2026/09/23 11:59:48.558, 1, 0 %, 3316 MiB, 23.99 W, 180 MHz, 405 MHz, 53
2026/09/23 11:59:48.808, 0, 0 %, 39348 MiB, 90.19 W, 2617 MHz, 13365 MHz, 53
2026/09/23 11:59:48.808, 1, 0 %, 3316 MiB, 23.95 W, 180 MHz, 405 MHz, 53
2026/09/23 11:59:49.058, 0, 0 %, 39348 MiB, 90.19 W, 2617 MHz, 13365 MHz, 53
2026/09/23 11:59:49.058, 1, 0 %, 3316 MiB, 23.95 W, 180 MHz, 405 MHz, 53
2026/09/23 11:59:49.308, 0, 1 %, 39380 MiB, 89.05 W, 2610 MHz, 13365 MHz, 53
2026/09/23 11:59:49.309, 1, 0 %, 3316 MiB, 23.85 W, 180 MHz, 405 MHz, 53
2026/09/23 11:59:49.559, 0, 1 %, 39380 MiB, 89.05 W, 2610 MHz, 13365 MHz, 53
2026/09/23 11:59:49.559, 1, 0 %, 3316 MiB, 23.85 W, 180 MHz, 405 MHz, 53
2026/09/23 11:59:49.809, 0, 0 %, 39412 MiB, 89.12 W, 2610 MHz, 13365 MHz, 53
2026/09/23 11:59:49.809, 1, 0 %, 3316 MiB, 23.73 W, 180 MHz, 405 MHz, 53
2026/09/23 11:59:50.059, 0, 0 %, 39444 MiB, 89.12 W, 2610 MHz, 13365 MHz, 53
2026/09/23 11:59:50.059, 1, 0 %, 3316 MiB, 23.73 W, 180 MHz, 405 MHz, 53
2026/09/23 11:59:50.309, 0, 0 %, 42900 MiB, 89.04 W, 2617 MHz, 13365 MHz, 53
2026/09/23 11:59:50.309, 1, 0 %, 3316 MiB, 23.46 W, 180 MHz, 405 MHz, 53
2026/09/23 11:59:50.559, 0, 0 %, 42964 MiB, 89.04 W, 2617 MHz, 13365 MHz, 53
2026/09/23 11:59:50.559, 1, 0 %, 3316 MiB, 23.46 W, 180 MHz, 405 MHz, 53
2026/09/23 11:59:50.809, 0, 0 %, 42964 MiB, 90.92 W, 2617 MHz, 13365 MHz, 53
2026/09/23 11:59:50.809, 1, 0 %, 3316 MiB, 23.43 W, 180 MHz, 405 MHz, 53
2026/09/23 11:59:51.059, 0, 0 %, 42964 MiB, 90.92 W, 2617 MHz, 13365 MHz, 53
2026/09/23 11:59:51.060, 1, 0 %, 3316 MiB, 23.43 W, 180 MHz, 405 MHz, 53
2026/09/23 11:59:51.310, 0, 0 %, 42996 MiB, 90.79 W, 2610 MHz, 13365 MHz, 53
2026/09/23 11:59:51.310, 1, 0 %, 3316 MiB, 23.73 W, 180 MHz, 405 MHz, 53
2026/09/23 11:59:51.560, 0, 0 %, 42996 MiB, 90.79 W, 2610 MHz, 13365 MHz, 53
2026/09/23 11:59:51.560, 1, 0 %, 3316 MiB, 23.73 W, 180 MHz, 405 MHz, 53
2026/09/23 11:59:51.810, 0, 0 %, 42996 MiB, 88.76 W, 2617 MHz, 13365 MHz, 53
2026/09/23 11:59:51.810, 1, 0 %, 3316 MiB, 23.74 W, 180 MHz, 405 MHz, 53
2026/09/23 11:59:52.060, 0, 0 %, 43028 MiB, 88.76 W, 2617 MHz, 13365 MHz, 53
2026/09/23 11:59:52.060, 1, 0 %, 3316 MiB, 23.74 W, 180 MHz, 405 MHz, 53
2026/09/23 11:59:52.310, 0, 0 %, 43028 MiB, 88.60 W, 2617 MHz, 13365 MHz, 53
2026/09/23 11:59:52.310, 1, 0 %, 3316 MiB, 23.56 W, 180 MHz, 405 MHz, 53
2026/09/23 11:59:52.560, 0, 0 %, 43060 MiB, 88.60 W, 2617 MHz, 13365 MHz, 53
2026/09/23 11:59:52.560, 1, 0 %, 3316 MiB, 23.56 W, 180 MHz, 405 MHz, 53
2026/09/23 11:59:52.811, 0, 1 %, 43060 MiB, 88.41 W, 2610 MHz, 13365 MHz, 53
2026/09/23 11:59:52.811, 1, 0 %, 3316 MiB, 23.46 W, 180 MHz, 405 MHz, 53
2026/09/23 11:59:53.061, 0, 1 %, 46548 MiB, 88.41 W, 2610 MHz, 13365 MHz, 53
2026/09/23 11:59:53.061, 1, 0 %, 3316 MiB, 23.46 W, 180 MHz, 405 MHz, 53
2026/09/23 11:59:53.311, 0, 27 %, 46548 MiB, 89.52 W, 2617 MHz, 13365 MHz, 53
2026/09/23 11:59:53.311, 1, 0 %, 3316 MiB, 23.42 W, 180 MHz, 405 MHz, 53
2026/09/23 11:59:53.561, 0, 27 %, 46548 MiB, 89.52 W, 2617 MHz, 13365 MHz, 53
2026/09/23 11:59:53.561, 1, 0 %, 3316 MiB, 23.42 W, 180 MHz, 405 MHz, 53
2026/09/23 11:59:53.811, 0, 0 %, 46548 MiB, 90.52 W, 2617 MHz, 13365 MHz, 53
2026/09/23 11:59:53.811, 1, 0 %, 3316 MiB, 23.51 W, 180 MHz, 405 MHz, 53
2026/09/23 11:59:54.061, 0, 0 %, 46612 MiB, 90.52 W, 2617 MHz, 13365 MHz, 53
2026/09/23 11:59:54.061, 1, 0 %, 3316 MiB, 23.51 W, 180 MHz, 405 MHz, 53
2026/09/23 11:59:54.311, 0, 0 %, 46612 MiB, 89.63 W, 2610 MHz, 13365 MHz, 53
2026/09/23 11:59:54.311, 1, 0 %, 3316 MiB, 23.74 W, 180 MHz, 405 MHz, 53
2026/09/23 11:59:54.561, 0, 0 %, 46612 MiB, 89.63 W, 2610 MHz, 13365 MHz, 53
2026/09/23 11:59:54.561, 1, 0 %, 3316 MiB, 23.74 W, 180 MHz, 405 MHz, 53
2026/09/23 11:59:54.812, 0, 0 %, 46644 MiB, 89.63 W, 2610 MHz, 13365 MHz, 53
2026/09/23 11:59:54.812, 1, 0 %, 3316 MiB, 23.74 W, 180 MHz, 405 MHz, 52
2026/09/23 11:59:55.062, 0, 0 %, 46644 MiB, 89.63 W, 2610 MHz, 13365 MHz, 53
2026/09/23 11:59:55.062, 1, 0 %, 3316 MiB, 23.74 W, 180 MHz, 405 MHz, 52
2026/09/23 11:59:55.312, 0, 0 %, 46676 MiB, 89.11 W, 2610 MHz, 13365 MHz, 52
2026/09/23 11:59:55.312, 1, 0 %, 3316 MiB, 23.91 W, 180 MHz, 405 MHz, 52
2026/09/23 11:59:55.562, 0, 0 %, 46676 MiB, 89.11 W, 2610 MHz, 13365 MHz, 52
2026/09/23 11:59:55.562, 1, 0 %, 3316 MiB, 23.91 W, 180 MHz, 405 MHz, 52
2026/09/23 11:59:55.812, 0, 0 %, 50164 MiB, 88.69 W, 2617 MHz, 13365 MHz, 53
2026/09/23 11:59:55.812, 1, 0 %, 3316 MiB, 23.48 W, 180 MHz, 405 MHz, 52
2026/09/23 11:59:56.062, 0, 0 %, 50196 MiB, 88.69 W, 2617 MHz, 13365 MHz, 53
2026/09/23 11:59:56.062, 1, 0 %, 3316 MiB, 23.48 W, 180 MHz, 405 MHz, 52
2026/09/23 11:59:56.312, 0, 0 %, 50196 MiB, 90.88 W, 2617 MHz, 13365 MHz, 52
2026/09/23 11:59:56.313, 1, 0 %, 3316 MiB, 23.14 W, 180 MHz, 405 MHz, 52
2026/09/23 11:59:56.563, 0, 0 %, 50196 MiB, 90.88 W, 2617 MHz, 13365 MHz, 52
2026/09/23 11:59:56.563, 1, 0 %, 3316 MiB, 23.14 W, 180 MHz, 405 MHz, 52
2026/09/23 11:59:56.813, 0, 0 %, 50196 MiB, 90.68 W, 2617 MHz, 13365 MHz, 52
2026/09/23 11:59:56.813, 1, 0 %, 3316 MiB, 23.19 W, 180 MHz, 405 MHz, 52
2026/09/23 11:59:57.063, 0, 0 %, 50228 MiB, 90.68 W, 2617 MHz, 13365 MHz, 52
2026/09/23 11:59:57.063, 1, 0 %, 3316 MiB, 23.19 W, 180 MHz, 405 MHz, 52
2026/09/23 11:59:57.313, 0, 0 %, 50228 MiB, 88.76 W, 2617 MHz, 13365 MHz, 52
2026/09/23 11:59:57.313, 1, 0 %, 3316 MiB, 23.26 W, 180 MHz, 405 MHz, 52
2026/09/23 11:59:57.563, 0, 0 %, 50260 MiB, 88.76 W, 2617 MHz, 13365 MHz, 52
2026/09/23 11:59:57.563, 1, 0 %, 3316 MiB, 23.26 W, 180 MHz, 405 MHz, 52
2026/09/23 11:59:57.813, 0, 1 %, 50260 MiB, 88.81 W, 2610 MHz, 13365 MHz, 52
2026/09/23 11:59:57.813, 1, 0 %, 3316 MiB, 23.19 W, 180 MHz, 405 MHz, 52
2026/09/23 11:59:58.063, 0, 1 %, 50260 MiB, 88.81 W, 2610 MHz, 13365 MHz, 52
2026/09/23 11:59:58.063, 1, 0 %, 3316 MiB, 23.19 W, 180 MHz, 405 MHz, 52
2026/09/23 11:59:58.313, 0, 0 %, 50292 MiB, 88.69 W, 2610 MHz, 13365 MHz, 52
2026/09/23 11:59:58.313, 1, 0 %, 3316 MiB, 23.33 W, 180 MHz, 405 MHz, 52
2026/09/23 11:59:58.564, 0, 0 %, 50324 MiB, 88.69 W, 2610 MHz, 13365 MHz, 52
2026/09/23 11:59:58.564, 1, 0 %, 3316 MiB, 23.33 W, 180 MHz, 405 MHz, 52
2026/09/23 11:59:58.814, 0, 0 %, 53780 MiB, 88.73 W, 2617 MHz, 13365 MHz, 52
2026/09/23 11:59:58.815, 1, 0 %, 3316 MiB, 23.40 W, 180 MHz, 405 MHz, 52
2026/09/23 11:59:59.065, 0, 0 %, 53812 MiB, 88.73 W, 2617 MHz, 13365 MHz, 52
2026/09/23 11:59:59.065, 1, 0 %, 3316 MiB, 23.40 W, 180 MHz, 405 MHz, 52
2026/09/23 11:59:59.315, 0, 0 %, 53812 MiB, 90.78 W, 2617 MHz, 13365 MHz, 52
2026/09/23 11:59:59.315, 1, 0 %, 3316 MiB, 23.47 W, 180 MHz, 405 MHz, 52
2026/09/23 11:59:59.566, 0, 0 %, 53812 MiB, 90.78 W, 2617 MHz, 13365 MHz, 52
2026/09/23 11:59:59.566, 1, 0 %, 3316 MiB, 23.47 W, 180 MHz, 405 MHz, 52
2026/09/23 11:59:59.816, 0, 1 %, 53844 MiB, 90.88 W, 2610 MHz, 13365 MHz, 52
2026/09/23 11:59:59.816, 1, 0 %, 3316 MiB, 23.36 W, 180 MHz, 405 MHz, 52
2026/09/23 12:00:00.066, 0, 1 %, 53844 MiB, 90.88 W, 2610 MHz, 13365 MHz, 52
2026/09/23 12:00:00.066, 1, 0 %, 3316 MiB, 23.36 W, 180 MHz, 405 MHz, 52
2026/09/23 12:00:00.316, 0, 0 %, 53876 MiB, 88.59 W, 2610 MHz, 13365 MHz, 52
2026/09/23 12:00:00.316, 1, 0 %, 3316 MiB, 23.30 W, 180 MHz, 405 MHz, 52
2026/09/23 12:00:00.566, 0, 0 %, 53876 MiB, 88.59 W, 2610 MHz, 13365 MHz, 52
2026/09/23 12:00:00.566, 1, 0 %, 3316 MiB, 23.30 W, 180 MHz, 405 MHz, 52
2026/09/23 12:00:00.816, 0, 0 %, 53876 MiB, 88.57 W, 2617 MHz, 13365 MHz, 52
2026/09/23 12:00:00.816, 1, 0 %, 3316 MiB, 23.16 W, 180 MHz, 405 MHz, 52
2026/09/23 12:00:01.066, 0, 0 %, 53908 MiB, 88.57 W, 2617 MHz, 13365 MHz, 52
2026/09/23 12:00:01.066, 1, 0 %, 3316 MiB, 23.16 W, 180 MHz, 405 MHz, 52
2026/09/23 12:00:01.316, 0, 0 %, 53908 MiB, 88.39 W, 2617 MHz, 13365 MHz, 52
2026/09/23 12:00:01.316, 1, 0 %, 3316 MiB, 23.25 W, 180 MHz, 405 MHz, 52
2026/09/23 12:00:01.566, 0, 0 %, 57396 MiB, 88.39 W, 2617 MHz, 13365 MHz, 52
2026/09/23 12:00:01.566, 1, 0 %, 3316 MiB, 23.25 W, 180 MHz, 405 MHz, 52
2026/09/23 12:00:01.817, 0, 20 %, 57428 MiB, 90.80 W, 2617 MHz, 13365 MHz, 52
2026/09/23 12:00:01.817, 1, 0 %, 3316 MiB, 23.37 W, 180 MHz, 405 MHz, 52
2026/09/23 12:00:02.067, 0, 20 %, 57460 MiB, 90.80 W, 2617 MHz, 13365 MHz, 52
2026/09/23 12:00:02.067, 1, 0 %, 3316 MiB, 23.37 W, 180 MHz, 405 MHz, 52
2026/09/23 12:00:02.317, 0, 0 %, 57460 MiB, 90.94 W, 2617 MHz, 13365 MHz, 52
2026/09/23 12:00:02.317, 1, 0 %, 3316 MiB, 23.26 W, 180 MHz, 405 MHz, 51
2026/09/23 12:00:02.567, 0, 0 %, 57492 MiB, 90.94 W, 2617 MHz, 13365 MHz, 52
2026/09/23 12:00:02.567, 1, 0 %, 3316 MiB, 23.26 W, 180 MHz, 405 MHz, 51
2026/09/23 12:00:02.817, 0, 1 %, 57492 MiB, 89.07 W, 2610 MHz, 13365 MHz, 52
2026/09/23 12:00:02.817, 1, 0 %, 3316 MiB, 23.46 W, 180 MHz, 405 MHz, 51
2026/09/23 12:00:03.067, 0, 1 %, 57492 MiB, 89.07 W, 2610 MHz, 13365 MHz, 52
2026/09/23 12:00:03.067, 1, 0 %, 3316 MiB, 23.46 W, 180 MHz, 405 MHz, 51
2026/09/23 12:00:03.317, 0, 0 %, 57524 MiB, 88.62 W, 2610 MHz, 13365 MHz, 52
2026/09/23 12:00:03.318, 1, 0 %, 3316 MiB, 23.42 W, 180 MHz, 405 MHz, 51
2026/09/23 12:00:03.568, 0, 0 %, 57524 MiB, 88.62 W, 2610 MHz, 13365 MHz, 52
2026/09/23 12:00:03.568, 1, 0 %, 3316 MiB, 23.42 W, 180 MHz, 405 MHz, 51
2026/09/23 12:00:03.818, 0, 0 %, 57524 MiB, 88.66 W, 2617 MHz, 13365 MHz, 52
2026/09/23 12:00:03.818, 1, 0 %, 3316 MiB, 22.92 W, 180 MHz, 405 MHz, 51
2026/09/23 12:00:04.068, 0, 0 %, 57556 MiB, 88.66 W, 2617 MHz, 13365 MHz, 52
2026/09/23 12:00:04.068, 1, 0 %, 3316 MiB, 22.92 W, 180 MHz, 405 MHz, 51
2026/09/23 12:00:04.318, 0, 0 %, 61044 MiB, 88.78 W, 2617 MHz, 13365 MHz, 52
2026/09/23 12:00:04.318, 1, 0 %, 3316 MiB, 22.51 W, 180 MHz, 405 MHz, 51
2026/09/23 12:00:04.568, 0, 0 %, 61044 MiB, 88.78 W, 2617 MHz, 13365 MHz, 52
2026/09/23 12:00:04.568, 1, 0 %, 3316 MiB, 22.51 W, 180 MHz, 405 MHz, 51
2026/09/23 12:00:04.818, 0, 7 %, 61044 MiB, 90.74 W, 2617 MHz, 13365 MHz, 52
2026/09/23 12:00:04.818, 1, 0 %, 3316 MiB, 22.46 W, 180 MHz, 405 MHz, 51
2026/09/23 12:00:05.068, 0, 7 %, 61044 MiB, 90.74 W, 2617 MHz, 13365 MHz, 52
2026/09/23 12:00:05.069, 1, 0 %, 3316 MiB, 22.46 W, 180 MHz, 405 MHz, 51
2026/09/23 12:00:05.319, 0, 0 %, 61076 MiB, 90.50 W, 2610 MHz, 13365 MHz, 52
2026/09/23 12:00:05.319, 1, 0 %, 3316 MiB, 22.29 W, 180 MHz, 405 MHz, 51
2026/09/23 12:00:05.569, 0, 0 %, 61076 MiB, 90.50 W, 2610 MHz, 13365 MHz, 52
2026/09/23 12:00:05.569, 1, 0 %, 3316 MiB, 22.29 W, 180 MHz, 405 MHz, 51
2026/09/23 12:00:05.819, 0, 0 %, 61076 MiB, 88.64 W, 2617 MHz, 13365 MHz, 52
2026/09/23 12:00:05.819, 1, 0 %, 3316 MiB, 22.08 W, 180 MHz, 405 MHz, 51
2026/09/23 12:00:06.069, 0, 0 %, 61108 MiB, 88.64 W, 2617 MHz, 13365 MHz, 52
2026/09/23 12:00:06.069, 1, 0 %, 3316 MiB, 22.08 W, 180 MHz, 405 MHz, 51
2026/09/23 12:00:06.319, 0, 0 %, 61108 MiB, 88.54 W, 2617 MHz, 13365 MHz, 52
2026/09/23 12:00:06.319, 1, 0 %, 3316 MiB, 22.15 W, 180 MHz, 405 MHz, 51
2026/09/23 12:00:06.569, 0, 0 %, 61140 MiB, 88.54 W, 2617 MHz, 13365 MHz, 52
2026/09/23 12:00:06.569, 1, 0 %, 3316 MiB, 22.15 W, 180 MHz, 405 MHz, 51
2026/09/23 12:00:06.819, 0, 1 %, 61140 MiB, 88.54 W, 2610 MHz, 13365 MHz, 52
2026/09/23 12:00:06.819, 1, 0 %, 3316 MiB, 22.28 W, 180 MHz, 405 MHz, 51
2026/09/23 12:00:07.070, 0, 1 %, 64628 MiB, 88.54 W, 2610 MHz, 13365 MHz, 52
2026/09/23 12:00:07.070, 1, 0 %, 3316 MiB, 22.28 W, 180 MHz, 405 MHz, 51
2026/09/23 12:00:07.320, 0, 23 %, 64660 MiB, 89.55 W, 2617 MHz, 13365 MHz, 52
2026/09/23 12:00:07.320, 1, 0 %, 3316 MiB, 22.16 W, 180 MHz, 405 MHz, 51
2026/09/23 12:00:07.570, 0, 23 %, 64692 MiB, 89.55 W, 2617 MHz, 13365 MHz, 52
2026/09/23 12:00:07.570, 1, 0 %, 3316 MiB, 22.16 W, 180 MHz, 405 MHz, 51
2026/09/23 12:00:07.820, 0, 0 %, 64692 MiB, 90.50 W, 2617 MHz, 13365 MHz, 52
2026/09/23 12:00:07.820, 1, 0 %, 3316 MiB, 22.30 W, 180 MHz, 405 MHz, 51
2026/09/23 12:00:08.070, 0, 0 %, 64692 MiB, 90.50 W, 2617 MHz, 13365 MHz, 52
2026/09/23 12:00:08.070, 1, 0 %, 3316 MiB, 22.30 W, 180 MHz, 405 MHz, 51
2026/09/23 12:00:08.320, 0, 0 %, 64724 MiB, 89.26 W, 2610 MHz, 13365 MHz, 52
2026/09/23 12:00:08.320, 1, 0 %, 3316 MiB, 22.32 W, 180 MHz, 405 MHz, 51
2026/09/23 12:00:08.570, 0, 0 %, 64724 MiB, 89.26 W, 2610 MHz, 13365 MHz, 52
2026/09/23 12:00:08.570, 1, 0 %, 3316 MiB, 22.32 W, 180 MHz, 405 MHz, 51
2026/09/23 12:00:08.820, 0, 0 %, 64756 MiB, 87.96 W, 2617 MHz, 13365 MHz, 52
2026/09/23 12:00:08.820, 1, 0 %, 3316 MiB, 22.01 W, 180 MHz, 405 MHz, 51
2026/09/23 12:00:09.071, 0, 0 %, 64756 MiB, 87.96 W, 2617 MHz, 13365 MHz, 52
2026/09/23 12:00:09.071, 1, 0 %, 3316 MiB, 22.01 W, 180 MHz, 405 MHz, 51
2026/09/23 12:00:09.321, 0, 0 %, 64756 MiB, 87.96 W, 2617 MHz, 13365 MHz, 52
2026/09/23 12:00:09.321, 1, 0 %, 3316 MiB, 21.89 W, 180 MHz, 405 MHz, 51
2026/09/23 12:00:09.571, 0, 0 %, 64788 MiB, 87.96 W, 2617 MHz, 13365 MHz, 52
2026/09/23 12:00:09.571, 1, 0 %, 3316 MiB, 21.89 W, 180 MHz, 405 MHz, 51
2026/09/23 12:00:09.821, 0, 0 %, 64788 MiB, 87.96 W, 2610 MHz, 13365 MHz, 52
2026/09/23 12:00:09.821, 1, 0 %, 3316 MiB, 22.03 W, 180 MHz, 405 MHz, 51
2026/09/23 12:00:10.071, 0, 0 %, 68276 MiB, 87.96 W, 2610 MHz, 13365 MHz, 52
2026/09/23 12:00:10.071, 1, 0 %, 3316 MiB, 22.03 W, 180 MHz, 405 MHz, 51
2026/09/23 12:00:10.321, 0, 30 %, 68308 MiB, 90.08 W, 2617 MHz, 13365 MHz, 52
2026/09/23 12:00:10.321, 1, 0 %, 3316 MiB, 22.34 W, 180 MHz, 405 MHz, 51
2026/09/23 12:00:10.571, 0, 30 %, 68308 MiB, 90.08 W, 2617 MHz, 13365 MHz, 52
2026/09/23 12:00:10.571, 1, 0 %, 3316 MiB, 22.34 W, 180 MHz, 405 MHz, 51
2026/09/23 12:00:10.821, 0, 0 %, 68308 MiB, 90.30 W, 2617 MHz, 13365 MHz, 52
2026/09/23 12:00:10.822, 1, 0 %, 3316 MiB, 22.61 W, 180 MHz, 405 MHz, 51
2026/09/23 12:00:11.072, 0, 0 %, 68340 MiB, 90.30 W, 2617 MHz, 13365 MHz, 52
2026/09/23 12:00:11.072, 1, 0 %, 3316 MiB, 22.61 W, 180 MHz, 405 MHz, 51
2026/09/23 12:00:11.322, 0, 0 %, 68340 MiB, 89.10 W, 2617 MHz, 13365 MHz, 52
2026/09/23 12:00:11.322, 1, 0 %, 3316 MiB, 22.51 W, 180 MHz, 405 MHz, 50
2026/09/23 12:00:11.572, 0, 0 %, 68372 MiB, 89.10 W, 2617 MHz, 13365 MHz, 52
2026/09/23 12:00:11.572, 1, 0 %, 3316 MiB, 22.51 W, 180 MHz, 405 MHz, 50
2026/09/23 12:00:11.822, 0, 1 %, 68372 MiB, 88.15 W, 2610 MHz, 13365 MHz, 52
2026/09/23 12:00:11.822, 1, 0 %, 3316 MiB, 22.48 W, 180 MHz, 405 MHz, 50
2026/09/23 12:00:12.072, 0, 1 %, 68372 MiB, 88.15 W, 2610 MHz, 13365 MHz, 52
2026/09/23 12:00:12.072, 1, 0 %, 3316 MiB, 22.48 W, 180 MHz, 405 MHz, 50
2026/09/23 12:00:12.322, 0, 0 %, 68404 MiB, 88.02 W, 2610 MHz, 13365 MHz, 52
2026/09/23 12:00:12.322, 1, 0 %, 3316 MiB, 22.44 W, 180 MHz, 405 MHz, 50
2026/09/23 12:00:12.573, 0, 0 %, 68404 MiB, 88.02 W, 2610 MHz, 13365 MHz, 52
2026/09/23 12:00:12.573, 1, 0 %, 3316 MiB, 22.44 W, 180 MHz, 405 MHz, 50
2026/09/23 12:00:12.823, 0, 0 %, 71892 MiB, 88.02 W, 2610 MHz, 13365 MHz, 52
2026/09/23 12:00:12.823, 1, 0 %, 3316 MiB, 22.44 W, 180 MHz, 405 MHz, 50
2026/09/23 12:00:13.073, 0, 0 %, 71924 MiB, 88.02 W, 2610 MHz, 13365 MHz, 52
2026/09/23 12:00:13.073, 1, 0 %, 3316 MiB, 22.44 W, 180 MHz, 405 MHz, 50
2026/09/23 12:00:13.323, 0, 0 %, 71924 MiB, 91.18 W, 2617 MHz, 13365 MHz, 52
2026/09/23 12:00:13.323, 1, 0 %, 3316 MiB, 22.43 W, 180 MHz, 405 MHz, 50
2026/09/23 12:00:13.573, 0, 0 %, 71924 MiB, 91.18 W, 2617 MHz, 13365 MHz, 52
2026/09/23 12:00:13.573, 1, 0 %, 3316 MiB, 22.43 W, 180 MHz, 405 MHz, 50
2026/09/23 12:00:13.823, 0, 0 %, 71956 MiB, 90.65 W, 2610 MHz, 13365 MHz, 52
2026/09/23 12:00:13.823, 1, 0 %, 3316 MiB, 22.02 W, 180 MHz, 405 MHz, 50
2026/09/23 12:00:14.073, 0, 0 %, 71956 MiB, 90.65 W, 2610 MHz, 13365 MHz, 52
2026/09/23 12:00:14.073, 1, 0 %, 3316 MiB, 22.02 W, 180 MHz, 405 MHz, 50
2026/09/23 12:00:14.324, 0, 0 %, 71956 MiB, 88.71 W, 2610 MHz, 13365 MHz, 52
2026/09/23 12:00:14.324, 1, 0 %, 3316 MiB, 22.37 W, 180 MHz, 405 MHz, 50
2026/09/23 12:00:14.574, 0, 0 %, 71988 MiB, 88.71 W, 2610 MHz, 13365 MHz, 52
2026/09/23 12:00:14.574, 1, 0 %, 3316 MiB, 22.37 W, 180 MHz, 405 MHz, 50
2026/09/23 12:00:14.824, 0, 0 %, 71988 MiB, 89.11 W, 2610 MHz, 13365 MHz, 52
2026/09/23 12:00:14.824, 1, 0 %, 3316 MiB, 22.37 W, 180 MHz, 405 MHz, 50
2026/09/23 12:00:15.074, 0, 0 %, 71988 MiB, 89.11 W, 2610 MHz, 13365 MHz, 52
2026/09/23 12:00:15.074, 1, 0 %, 3316 MiB, 22.37 W, 180 MHz, 405 MHz, 50
2026/09/23 12:00:15.324, 0, 1 %, 72052 MiB, 88.89 W, 2610 MHz, 13365 MHz, 52
2026/09/23 12:00:15.324, 1, 0 %, 3316 MiB, 22.32 W, 180 MHz, 405 MHz, 50
2026/09/23 12:00:15.574, 0, 1 %, 75508 MiB, 88.89 W, 2610 MHz, 13365 MHz, 52
2026/09/23 12:00:15.574, 1, 0 %, 3316 MiB, 22.32 W, 180 MHz, 405 MHz, 50
2026/09/23 12:00:15.824, 0, 14 %, 75540 MiB, 89.28 W, 2617 MHz, 13365 MHz, 52
2026/09/23 12:00:15.825, 1, 0 %, 3316 MiB, 22.05 W, 180 MHz, 405 MHz, 50
2026/09/23 12:00:16.075, 0, 14 %, 75540 MiB, 89.28 W, 2617 MHz, 13365 MHz, 52
2026/09/23 12:00:16.075, 1, 0 %, 3316 MiB, 22.05 W, 180 MHz, 405 MHz, 50
2026/09/23 12:00:16.325, 0, 0 %, 75540 MiB, 90.26 W, 2617 MHz, 13365 MHz, 52
2026/09/23 12:00:16.325, 1, 0 %, 3316 MiB, 22.25 W, 180 MHz, 405 MHz, 50
2026/09/23 12:00:16.575, 0, 0 %, 75572 MiB, 90.26 W, 2617 MHz, 13365 MHz, 52
2026/09/23 12:00:16.575, 1, 0 %, 3316 MiB, 22.25 W, 180 MHz, 405 MHz, 50
2026/09/23 12:00:16.825, 0, 0 %, 75572 MiB, 90.19 W, 2610 MHz, 13365 MHz, 52
2026/09/23 12:00:16.825, 1, 0 %, 3316 MiB, 22.42 W, 180 MHz, 405 MHz, 50
2026/09/23 12:00:17.075, 0, 0 %, 75572 MiB, 90.19 W, 2610 MHz, 13365 MHz, 52
2026/09/23 12:00:17.075, 1, 0 %, 3316 MiB, 22.42 W, 180 MHz, 405 MHz, 50
2026/09/23 12:00:17.325, 0, 0 %, 75604 MiB, 88.19 W, 2610 MHz, 13365 MHz, 52
2026/09/23 12:00:17.325, 1, 0 %, 3316 MiB, 22.21 W, 180 MHz, 405 MHz, 50
2026/09/23 12:00:17.576, 0, 0 %, 75604 MiB, 88.19 W, 2610 MHz, 13365 MHz, 52
2026/09/23 12:00:17.576, 1, 0 %, 3316 MiB, 22.21 W, 180 MHz, 405 MHz, 50
2026/09/23 12:00:17.826, 0, 0 %, 75636 MiB, 88.22 W, 2617 MHz, 13365 MHz, 52
2026/09/23 12:00:17.826, 1, 0 %, 3316 MiB, 22.10 W, 180 MHz, 405 MHz, 50
2026/09/23 12:00:18.076, 0, 0 %, 75636 MiB, 88.22 W, 2617 MHz, 13365 MHz, 52
2026/09/23 12:00:18.076, 1, 0 %, 3316 MiB, 22.10 W, 180 MHz, 405 MHz, 50
2026/09/23 12:00:18.326, 0, 0 %, 79124 MiB, 88.25 W, 2617 MHz, 13365 MHz, 52
2026/09/23 12:00:18.326, 1, 0 %, 3316 MiB, 22.27 W, 180 MHz, 405 MHz, 50
2026/09/23 12:00:18.576, 0, 0 %, 79156 MiB, 88.25 W, 2617 MHz, 13365 MHz, 52
2026/09/23 12:00:18.576, 1, 0 %, 3316 MiB, 22.27 W, 180 MHz, 405 MHz, 50
2026/09/23 12:00:18.826, 0, 0 %, 79188 MiB, 90.33 W, 2617 MHz, 13365 MHz, 52
2026/09/23 12:00:18.826, 1, 0 %, 3316 MiB, 22.21 W, 180 MHz, 405 MHz, 50
2026/09/23 12:00:19.076, 0, 0 %, 79188 MiB, 90.33 W, 2617 MHz, 13365 MHz, 52
2026/09/23 12:00:19.076, 1, 0 %, 3316 MiB, 22.21 W, 180 MHz, 405 MHz, 50
2026/09/23 12:00:19.326, 0, 0 %, 79188 MiB, 90.52 W, 2617 MHz, 13365 MHz, 52
2026/09/23 12:00:19.326, 1, 0 %, 3316 MiB, 22.19 W, 180 MHz, 405 MHz, 50
2026/09/23 12:00:19.576, 0, 0 %, 79220 MiB, 90.52 W, 2617 MHz, 13365 MHz, 52
2026/09/23 12:00:19.576, 1, 0 %, 3316 MiB, 22.19 W, 180 MHz, 405 MHz, 50
2026/09/23 12:00:19.826, 0, 0 %, 79220 MiB, 88.61 W, 2617 MHz, 13365 MHz, 52
2026/09/23 12:00:19.826, 1, 0 %, 3316 MiB, 22.15 W, 180 MHz, 405 MHz, 50
2026/09/23 12:00:20.077, 0, 0 %, 79252 MiB, 88.61 W, 2617 MHz, 13365 MHz, 52
2026/09/23 12:00:20.077, 1, 0 %, 3316 MiB, 22.15 W, 180 MHz, 405 MHz, 50
2026/09/23 12:00:20.327, 0, 1 %, 79252 MiB, 88.38 W, 2610 MHz, 13365 MHz, 52
2026/09/23 12:00:20.327, 1, 0 %, 3316 MiB, 21.96 W, 180 MHz, 405 MHz, 50
2026/09/23 12:00:20.577, 0, 1 %, 79252 MiB, 88.38 W, 2610 MHz, 13365 MHz, 52
2026/09/23 12:00:20.577, 1, 0 %, 3316 MiB, 21.96 W, 180 MHz, 405 MHz, 50
2026/09/23 12:00:20.827, 0, 0 %, 79284 MiB, 88.27 W, 2610 MHz, 13365 MHz, 52
2026/09/23 12:00:20.827, 1, 0 %, 3316 MiB, 21.82 W, 180 MHz, 405 MHz, 50
2026/09/23 12:00:21.077, 0, 0 %, 79284 MiB, 88.27 W, 2610 MHz, 13365 MHz, 52
2026/09/23 12:00:21.077, 1, 0 %, 3316 MiB, 21.82 W, 180 MHz, 405 MHz, 50
2026/09/23 12:00:21.327, 0, 0 %, 82772 MiB, 88.46 W, 2617 MHz, 13365 MHz, 52
2026/09/23 12:00:21.327, 1, 0 %, 3316 MiB, 21.86 W, 180 MHz, 405 MHz, 50
2026/09/23 12:00:21.577, 0, 0 %, 82772 MiB, 88.46 W, 2617 MHz, 13365 MHz, 52
2026/09/23 12:00:21.578, 1, 0 %, 3316 MiB, 21.86 W, 180 MHz, 405 MHz, 50
2026/09/23 12:00:21.829, 0, 0 %, 82772 MiB, 91.02 W, 2617 MHz, 13365 MHz, 52
2026/09/23 12:00:21.829, 1, 0 %, 3316 MiB, 21.73 W, 180 MHz, 405 MHz, 50
2026/09/23 12:00:22.079, 0, 0 %, 82772 MiB, 91.02 W, 2617 MHz, 13365 MHz, 52
2026/09/23 12:00:22.079, 1, 0 %, 3316 MiB, 21.73 W, 180 MHz, 405 MHz, 50
2026/09/23 12:00:22.329, 0, 1 %, 82804 MiB, 90.92 W, 2610 MHz, 13365 MHz, 52
2026/09/23 12:00:22.329, 1, 0 %, 3316 MiB, 21.45 W, 180 MHz, 405 MHz, 50
2026/09/23 12:00:22.579, 0, 1 %, 82804 MiB, 90.92 W, 2610 MHz, 13365 MHz, 52
2026/09/23 12:00:22.579, 1, 0 %, 3316 MiB, 21.45 W, 180 MHz, 405 MHz, 50
2026/09/23 12:00:22.829, 0, 0 %, 82836 MiB, 88.39 W, 2610 MHz, 13365 MHz, 52
2026/09/23 12:00:22.829, 1, 0 %, 3316 MiB, 21.36 W, 180 MHz, 405 MHz, 50
2026/09/23 12:00:23.079, 0, 0 %, 82836 MiB, 88.39 W, 2610 MHz, 13365 MHz, 52
2026/09/23 12:00:23.080, 1, 0 %, 3316 MiB, 21.36 W, 180 MHz, 405 MHz, 50
2026/09/23 12:00:23.330, 0, 0 %, 82836 MiB, 88.44 W, 2617 MHz, 13365 MHz, 52
2026/09/23 12:00:23.330, 1, 0 %, 3316 MiB, 21.24 W, 180 MHz, 405 MHz, 50
2026/09/23 12:00:23.580, 0, 0 %, 82900 MiB, 88.44 W, 2617 MHz, 13365 MHz, 52
2026/09/23 12:00:23.580, 1, 0 %, 3316 MiB, 21.24 W, 180 MHz, 405 MHz, 50
2026/09/23 12:00:23.830, 0, 0 %, 82900 MiB, 88.68 W, 2617 MHz, 13365 MHz, 52
2026/09/23 12:00:23.830, 1, 0 %, 3316 MiB, 21.34 W, 180 MHz, 405 MHz, 50
2026/09/23 12:00:24.080, 0, 0 %, 86356 MiB, 88.68 W, 2617 MHz, 13365 MHz, 52
2026/09/23 12:00:24.080, 1, 0 %, 3316 MiB, 21.34 W, 180 MHz, 405 MHz, 50
2026/09/23 12:00:24.330, 0, 19 %, 86420 MiB, 88.68 W, 2617 MHz, 13365 MHz, 52
2026/09/23 12:00:24.330, 1, 0 %, 3316 MiB, 21.34 W, 180 MHz, 405 MHz, 49
2026/09/23 12:00:24.580, 0, 19 %, 86420 MiB, 88.68 W, 2617 MHz, 13365 MHz, 52
2026/09/23 12:00:24.580, 1, 0 %, 3316 MiB, 21.34 W, 180 MHz, 405 MHz, 49
2026/09/23 12:00:24.830, 0, 0 %, 86420 MiB, 91.25 W, 2617 MHz, 13365 MHz, 52
2026/09/23 12:00:24.830, 1, 0 %, 3316 MiB, 21.28 W, 180 MHz, 405 MHz, 49
2026/09/23 12:00:25.080, 0, 0 %, 86452 MiB, 91.25 W, 2617 MHz, 13365 MHz, 52
2026/09/23 12:00:25.081, 1, 0 %, 3316 MiB, 21.28 W, 180 MHz, 405 MHz, 49
2026/09/23 12:00:25.331, 0, 0 %, 86452 MiB, 89.10 W, 2610 MHz, 13365 MHz, 52
2026/09/23 12:00:25.331, 1, 0 %, 3316 MiB, 21.06 W, 180 MHz, 405 MHz, 49
2026/09/23 12:00:25.581, 0, 0 %, 86452 MiB, 89.10 W, 2610 MHz, 13365 MHz, 52
2026/09/23 12:00:25.581, 1, 0 %, 3316 MiB, 21.06 W, 180 MHz, 405 MHz, 49
2026/09/23 12:00:25.831, 0, 1 %, 86484 MiB, 88.35 W, 2610 MHz, 13365 MHz, 52
2026/09/23 12:00:25.831, 1, 0 %, 3316 MiB, 21.19 W, 180 MHz, 405 MHz, 49
2026/09/23 12:00:26.081, 0, 1 %, 86484 MiB, 88.35 W, 2610 MHz, 13365 MHz, 52
2026/09/23 12:00:26.081, 1, 0 %, 3316 MiB, 21.19 W, 180 MHz, 405 MHz, 49
2026/09/23 12:00:26.331, 0, 0 %, 86516 MiB, 88.56 W, 2610 MHz, 13365 MHz, 52
2026/09/23 12:00:26.331, 1, 0 %, 3316 MiB, 21.37 W, 180 MHz, 405 MHz, 49
2026/09/23 12:00:26.581, 0, 0 %, 86516 MiB, 88.56 W, 2610 MHz, 13365 MHz, 52
2026/09/23 12:00:26.581, 1, 0 %, 3316 MiB, 21.37 W, 180 MHz, 405 MHz, 49
2026/09/23 12:00:26.831, 0, 0 %, 86548 MiB, 88.76 W, 2617 MHz, 13365 MHz, 52
2026/09/23 12:00:26.831, 1, 10 %, 6772 MiB, 24.13 W, 180 MHz, 13365 MHz, 50
2026/09/23 12:00:27.082, 0, 0 %, 86548 MiB, 88.76 W, 2617 MHz, 13365 MHz, 52
2026/09/23 12:00:27.082, 1, 10 %, 6772 MiB, 24.13 W, 180 MHz, 13365 MHz, 50
2026/09/23 12:00:27.332, 0, 0 %, 86548 MiB, 88.73 W, 2617 MHz, 13365 MHz, 52
2026/09/23 12:00:27.332, 1, 0 %, 6772 MiB, 54.29 W, 2595 MHz, 13365 MHz, 50
2026/09/23 12:00:27.582, 0, 0 %, 86548 MiB, 88.73 W, 2617 MHz, 13365 MHz, 52
2026/09/23 12:00:27.582, 1, 0 %, 6772 MiB, 54.29 W, 2595 MHz, 13365 MHz, 50
2026/09/23 12:00:27.832, 0, 0 %, 86548 MiB, 88.58 W, 2610 MHz, 13365 MHz, 52
2026/09/23 12:00:27.832, 1, 0 %, 6772 MiB, 86.00 W, 2587 MHz, 13365 MHz, 50
2026/09/23 12:00:28.082, 0, 0 %, 86548 MiB, 88.58 W, 2610 MHz, 13365 MHz, 52
2026/09/23 12:00:28.082, 1, 0 %, 6772 MiB, 86.00 W, 2587 MHz, 13365 MHz, 50
2026/09/23 12:00:28.332, 0, 0 %, 86548 MiB, 88.58 W, 2610 MHz, 13365 MHz, 52
2026/09/23 12:00:28.332, 1, 0 %, 6804 MiB, 84.04 W, 2587 MHz, 13365 MHz, 51
2026/09/23 12:00:28.582, 0, 0 %, 86548 MiB, 88.58 W, 2610 MHz, 13365 MHz, 52
2026/09/23 12:00:28.582, 1, 0 %, 6804 MiB, 84.04 W, 2587 MHz, 13365 MHz, 51
2026/09/23 12:00:28.832, 0, 0 %, 86548 MiB, 88.04 W, 2610 MHz, 13365 MHz, 52
2026/09/23 12:00:28.832, 1, 0 %, 6804 MiB, 84.08 W, 2587 MHz, 13365 MHz, 51
2026/09/23 12:00:29.082, 0, 0 %, 86548 MiB, 88.04 W, 2610 MHz, 13365 MHz, 52
2026/09/23 12:00:29.082, 1, 0 %, 6836 MiB, 84.08 W, 2587 MHz, 13365 MHz, 51
2026/09/23 12:00:29.332, 0, 0 %, 86548 MiB, 88.13 W, 2610 MHz, 13365 MHz, 52
2026/09/23 12:00:29.333, 1, 0 %, 6868 MiB, 84.26 W, 2595 MHz, 13365 MHz, 51
2026/09/23 12:00:29.583, 0, 0 %, 86548 MiB, 88.13 W, 2610 MHz, 13365 MHz, 52
2026/09/23 12:00:29.583, 1, 0 %, 10324 MiB, 84.26 W, 2595 MHz, 13365 MHz, 51
2026/09/23 12:00:29.833, 0, 0 %, 86548 MiB, 88.37 W, 2610 MHz, 13365 MHz, 52
2026/09/23 12:00:29.833, 1, 0 %, 10356 MiB, 87.43 W, 2595 MHz, 13365 MHz, 51
2026/09/23 12:00:30.083, 0, 0 %, 86548 MiB, 88.37 W, 2610 MHz, 13365 MHz, 52
2026/09/23 12:00:30.083, 1, 0 %, 10388 MiB, 87.43 W, 2595 MHz, 13365 MHz, 51
2026/09/23 12:00:30.333, 0, 0 %, 86548 MiB, 88.52 W, 2610 MHz, 13365 MHz, 52
2026/09/23 12:00:30.333, 1, 0 %, 10388 MiB, 87.07 W, 2595 MHz, 13365 MHz, 51
2026/09/23 12:00:30.583, 0, 0 %, 86548 MiB, 88.52 W, 2610 MHz, 13365 MHz, 52
2026/09/23 12:00:30.583, 1, 0 %, 10420 MiB, 87.07 W, 2595 MHz, 13365 MHz, 51
2026/09/23 12:00:30.833, 0, 0 %, 86548 MiB, 88.64 W, 2610 MHz, 13365 MHz, 52
2026/09/23 12:00:30.833, 1, 0 %, 10420 MiB, 84.38 W, 2595 MHz, 13365 MHz, 51
2026/09/23 12:00:31.083, 0, 0 %, 86548 MiB, 88.64 W, 2610 MHz, 13365 MHz, 52
2026/09/23 12:00:31.083, 1, 0 %, 10420 MiB, 84.38 W, 2595 MHz, 13365 MHz, 51
2026/09/23 12:00:31.333, 0, 0 %, 86548 MiB, 88.70 W, 2610 MHz, 13365 MHz, 52
2026/09/23 12:00:31.334, 1, 1 %, 10452 MiB, 84.48 W, 2595 MHz, 13365 MHz, 51
2026/09/23 12:00:31.584, 0, 0 %, 86548 MiB, 88.70 W, 2610 MHz, 13365 MHz, 52
2026/09/23 12:00:31.584, 1, 1 %, 10452 MiB, 84.48 W, 2595 MHz, 13365 MHz, 51
2026/09/23 12:00:31.834, 0, 0 %, 86548 MiB, 88.79 W, 2610 MHz, 13365 MHz, 52
2026/09/23 12:00:31.834, 1, 0 %, 10484 MiB, 84.25 W, 2595 MHz, 13365 MHz, 51
2026/09/23 12:00:32.084, 0, 0 %, 86548 MiB, 88.79 W, 2610 MHz, 13365 MHz, 52
2026/09/23 12:00:32.084, 1, 0 %, 10484 MiB, 84.25 W, 2595 MHz, 13365 MHz, 51
2026/09/23 12:00:32.334, 0, 0 %, 86548 MiB, 88.71 W, 2610 MHz, 13365 MHz, 52
2026/09/23 12:00:32.334, 1, 3 %, 13972 MiB, 84.41 W, 2595 MHz, 13365 MHz, 51
2026/09/23 12:00:32.584, 0, 0 %, 86548 MiB, 88.71 W, 2610 MHz, 13365 MHz, 52
2026/09/23 12:00:32.584, 1, 3 %, 13972 MiB, 84.41 W, 2595 MHz, 13365 MHz, 51
2026/09/23 12:00:32.834, 0, 0 %, 86548 MiB, 88.65 W, 2610 MHz, 13365 MHz, 52
2026/09/23 12:00:32.834, 1, 0 %, 13972 MiB, 87.09 W, 2595 MHz, 13365 MHz, 51
2026/09/23 12:00:33.084, 0, 0 %, 86548 MiB, 88.65 W, 2610 MHz, 13365 MHz, 52
2026/09/23 12:00:33.084, 1, 0 %, 13972 MiB, 87.09 W, 2595 MHz, 13365 MHz, 51
2026/09/23 12:00:33.334, 0, 0 %, 86548 MiB, 88.82 W, 2610 MHz, 13365 MHz, 52
2026/09/23 12:00:33.334, 1, 1 %, 14004 MiB, 87.25 W, 2595 MHz, 13365 MHz, 51
2026/09/23 12:00:33.584, 0, 0 %, 86548 MiB, 88.82 W, 2610 MHz, 13365 MHz, 52
2026/09/23 12:00:33.584, 1, 1 %, 14004 MiB, 87.25 W, 2595 MHz, 13365 MHz, 51
2026/09/23 12:00:33.835, 0, 0 %, 86548 MiB, 88.84 W, 2610 MHz, 13365 MHz, 52
2026/09/23 12:00:33.835, 1, 0 %, 14036 MiB, 84.30 W, 2587 MHz, 13365 MHz, 51
2026/09/23 12:00:34.085, 0, 0 %, 86548 MiB, 88.84 W, 2610 MHz, 13365 MHz, 52
2026/09/23 12:00:34.085, 1, 0 %, 14036 MiB, 84.30 W, 2587 MHz, 13365 MHz, 51
2026/09/23 12:00:34.335, 0, 0 %, 86548 MiB, 88.57 W, 2610 MHz, 13365 MHz, 52
2026/09/23 12:00:34.335, 1, 0 %, 14036 MiB, 84.43 W, 2595 MHz, 13365 MHz, 51
2026/09/23 12:00:34.585, 0, 0 %, 86548 MiB, 88.57 W, 2610 MHz, 13365 MHz, 52
2026/09/23 12:00:34.585, 1, 0 %, 14068 MiB, 84.43 W, 2595 MHz, 13365 MHz, 51
2026/09/23 12:00:34.835, 0, 0 %, 86548 MiB, 88.37 W, 2610 MHz, 13365 MHz, 52
2026/09/23 12:00:34.835, 1, 0 %, 14100 MiB, 84.51 W, 2595 MHz, 13365 MHz, 51
2026/09/23 12:00:35.085, 0, 0 %, 86548 MiB, 88.37 W, 2610 MHz, 13365 MHz, 52
2026/09/23 12:00:35.085, 1, 0 %, 17556 MiB, 84.51 W, 2595 MHz, 13365 MHz, 51
2026/09/23 12:00:35.335, 0, 0 %, 86548 MiB, 88.55 W, 2610 MHz, 13365 MHz, 52
2026/09/23 12:00:35.335, 1, 1 %, 17620 MiB, 87.23 W, 2602 MHz, 13365 MHz, 51
2026/09/23 12:00:35.585, 0, 0 %, 86548 MiB, 88.55 W, 2610 MHz, 13365 MHz, 52
2026/09/23 12:00:35.585, 1, 1 %, 17620 MiB, 87.23 W, 2602 MHz, 13365 MHz, 51
2026/09/23 12:00:35.835, 0, 0 %, 86548 MiB, 88.49 W, 2610 MHz, 13365 MHz, 52
2026/09/23 12:00:35.835, 1, 0 %, 17620 MiB, 87.63 W, 2595 MHz, 13365 MHz, 51
2026/09/23 12:00:36.085, 0, 0 %, 86548 MiB, 88.49 W, 2610 MHz, 13365 MHz, 52
2026/09/23 12:00:36.085, 1, 0 %, 17652 MiB, 87.63 W, 2595 MHz, 13365 MHz, 51
2026/09/23 12:00:36.336, 0, 0 %, 86548 MiB, 88.42 W, 2610 MHz, 13365 MHz, 52
2026/09/23 12:00:36.336, 1, 0 %, 17652 MiB, 84.36 W, 2595 MHz, 13365 MHz, 51
2026/09/23 12:00:36.586, 0, 0 %, 86548 MiB, 88.42 W, 2610 MHz, 13365 MHz, 52
2026/09/23 12:00:36.586, 1, 0 %, 17652 MiB, 84.36 W, 2595 MHz, 13365 MHz, 51
2026/09/23 12:00:36.836, 0, 0 %, 86548 MiB, 88.46 W, 2610 MHz, 13365 MHz, 51
2026/09/23 12:00:36.836, 1, 1 %, 17684 MiB, 84.20 W, 2595 MHz, 13365 MHz, 51
2026/09/23 12:00:37.086, 0, 0 %, 86548 MiB, 88.46 W, 2610 MHz, 13365 MHz, 51
2026/09/23 12:00:37.086, 1, 1 %, 17684 MiB, 84.20 W, 2595 MHz, 13365 MHz, 51
2026/09/23 12:00:37.336, 0, 0 %, 86548 MiB, 88.51 W, 2610 MHz, 13365 MHz, 52
2026/09/23 12:00:37.336, 1, 0 %, 17716 MiB, 84.05 W, 2595 MHz, 13365 MHz, 51
2026/09/23 12:00:37.586, 0, 0 %, 86548 MiB, 88.51 W, 2610 MHz, 13365 MHz, 52
2026/09/23 12:00:37.586, 1, 0 %, 17716 MiB, 84.05 W, 2595 MHz, 13365 MHz, 51
2026/09/23 12:00:37.836, 0, 0 %, 86548 MiB, 88.45 W, 2610 MHz, 13365 MHz, 51
2026/09/23 12:00:37.836, 1, 0 %, 21204 MiB, 83.99 W, 2595 MHz, 13365 MHz, 51
2026/09/23 12:00:38.086, 0, 0 %, 86548 MiB, 88.45 W, 2610 MHz, 13365 MHz, 51
2026/09/23 12:00:38.086, 1, 0 %, 21204 MiB, 83.99 W, 2595 MHz, 13365 MHz, 51
2026/09/23 12:00:38.337, 0, 0 %, 86548 MiB, 88.36 W, 2610 MHz, 13365 MHz, 51
2026/09/23 12:00:38.337, 1, 0 %, 21236 MiB, 86.74 W, 2595 MHz, 13365 MHz, 51
2026/09/23 12:00:38.587, 0, 0 %, 86548 MiB, 88.36 W, 2610 MHz, 13365 MHz, 51
2026/09/23 12:00:38.587, 1, 0 %, 21236 MiB, 86.74 W, 2595 MHz, 13365 MHz, 51
2026/09/23 12:00:38.837, 0, 0 %, 86548 MiB, 88.36 W, 2610 MHz, 13365 MHz, 52
2026/09/23 12:00:38.837, 1, 1 %, 21268 MiB, 86.74 W, 2595 MHz, 13365 MHz, 51
2026/09/23 12:00:39.087, 0, 0 %, 86548 MiB, 88.36 W, 2610 MHz, 13365 MHz, 52
2026/09/23 12:00:39.087, 1, 1 %, 21268 MiB, 86.74 W, 2595 MHz, 13365 MHz, 51
2026/09/23 12:00:39.337, 0, 0 %, 86548 MiB, 89.05 W, 2610 MHz, 13365 MHz, 52
2026/09/23 12:00:39.337, 1, 0 %, 21268 MiB, 85.17 W, 2587 MHz, 13365 MHz, 51
2026/09/23 12:00:39.587, 0, 0 %, 86548 MiB, 89.05 W, 2610 MHz, 13365 MHz, 52
2026/09/23 12:00:39.587, 1, 0 %, 21300 MiB, 85.17 W, 2587 MHz, 13365 MHz, 51
2026/09/23 12:00:39.837, 0, 0 %, 86548 MiB, 88.85 W, 2610 MHz, 13365 MHz, 51
2026/09/23 12:00:39.837, 1, 0 %, 21300 MiB, 85.09 W, 2595 MHz, 13365 MHz, 51
2026/09/23 12:00:40.087, 0, 0 %, 86548 MiB, 88.85 W, 2610 MHz, 13365 MHz, 51
2026/09/23 12:00:40.087, 1, 0 %, 21332 MiB, 85.09 W, 2595 MHz, 13365 MHz, 51
2026/09/23 12:00:40.338, 0, 0 %, 86548 MiB, 88.34 W, 2610 MHz, 13365 MHz, 51
2026/09/23 12:00:40.338, 1, 0 %, 21332 MiB, 84.70 W, 2595 MHz, 13365 MHz, 51
2026/09/23 12:00:40.588, 0, 0 %, 86548 MiB, 88.34 W, 2610 MHz, 13365 MHz, 51
2026/09/23 12:00:40.588, 1, 0 %, 24820 MiB, 84.70 W, 2595 MHz, 13365 MHz, 51
2026/09/23 12:00:40.838, 0, 0 %, 86548 MiB, 88.34 W, 2610 MHz, 13365 MHz, 51
2026/09/23 12:00:40.838, 1, 25 %, 24852 MiB, 87.08 W, 2602 MHz, 13365 MHz, 51
2026/09/23 12:00:41.088, 0, 0 %, 86548 MiB, 88.34 W, 2610 MHz, 13365 MHz, 51
2026/09/23 12:00:41.088, 1, 25 %, 24852 MiB, 87.08 W, 2602 MHz, 13365 MHz, 51
2026/09/23 12:00:41.338, 0, 0 %, 86548 MiB, 88.53 W, 2610 MHz, 13365 MHz, 51
2026/09/23 12:00:41.338, 1, 0 %, 24852 MiB, 87.27 W, 2595 MHz, 13365 MHz, 51
2026/09/23 12:00:41.588, 0, 0 %, 86548 MiB, 88.53 W, 2610 MHz, 13365 MHz, 51
2026/09/23 12:00:41.588, 1, 0 %, 24852 MiB, 87.27 W, 2595 MHz, 13365 MHz, 51
2026/09/23 12:00:41.838, 0, 0 %, 86548 MiB, 88.38 W, 2610 MHz, 13365 MHz, 51
2026/09/23 12:00:41.838, 1, 0 %, 24884 MiB, 85.26 W, 2595 MHz, 13365 MHz, 51
2026/09/23 12:00:42.089, 0, 0 %, 86548 MiB, 88.38 W, 2610 MHz, 13365 MHz, 51
2026/09/23 12:00:42.089, 1, 0 %, 24884 MiB, 85.26 W, 2595 MHz, 13365 MHz, 51
2026/09/23 12:00:42.339, 0, 0 %, 86548 MiB, 88.35 W, 2610 MHz, 13365 MHz, 51
2026/09/23 12:00:42.339, 1, 0 %, 24916 MiB, 84.50 W, 2595 MHz, 13365 MHz, 51
2026/09/23 12:00:42.589, 0, 0 %, 86548 MiB, 88.35 W, 2610 MHz, 13365 MHz, 51
2026/09/23 12:00:42.589, 1, 0 %, 24916 MiB, 84.50 W, 2595 MHz, 13365 MHz, 51
2026/09/23 12:00:42.839, 0, 0 %, 86548 MiB, 88.46 W, 2610 MHz, 13365 MHz, 51
2026/09/23 12:00:42.839, 1, 0 %, 24916 MiB, 84.51 W, 2595 MHz, 13365 MHz, 51
2026/09/23 12:00:43.089, 0, 0 %, 86548 MiB, 88.46 W, 2610 MHz, 13365 MHz, 51
2026/09/23 12:00:43.089, 1, 0 %, 24980 MiB, 84.51 W, 2595 MHz, 13365 MHz, 51
2026/09/23 12:00:43.339, 0, 0 %, 86548 MiB, 88.39 W, 2610 MHz, 13365 MHz, 51
2026/09/23 12:00:43.339, 1, 0 %, 24980 MiB, 84.32 W, 2595 MHz, 13365 MHz, 51
2026/09/23 12:00:43.589, 0, 0 %, 86548 MiB, 88.39 W, 2610 MHz, 13365 MHz, 51
2026/09/23 12:00:43.589, 1, 0 %, 28436 MiB, 84.32 W, 2595 MHz, 13365 MHz, 51
2026/09/23 12:00:43.839, 0, 0 %, 86548 MiB, 86.98 W, 2610 MHz, 13365 MHz, 51
2026/09/23 12:00:43.839, 1, 0 %, 28468 MiB, 87.21 W, 2595 MHz, 13365 MHz, 51
2026/09/23 12:00:44.089, 0, 0 %, 86548 MiB, 86.98 W, 2610 MHz, 13365 MHz, 51
2026/09/23 12:00:44.089, 1, 0 %, 28468 MiB, 87.21 W, 2595 MHz, 13365 MHz, 51
2026/09/23 12:00:44.340, 0, 0 %, 86548 MiB, 73.39 W, 495 MHz, 13365 MHz, 51
2026/09/23 12:00:44.340, 1, 0 %, 28500 MiB, 87.39 W, 2595 MHz, 13365 MHz, 51
2026/09/23 12:00:44.590, 0, 0 %, 86548 MiB, 73.39 W, 495 MHz, 13365 MHz, 51
2026/09/23 12:00:44.590, 1, 0 %, 28500 MiB, 87.39 W, 2595 MHz, 13365 MHz, 51
2026/09/23 12:00:44.840, 0, 0 %, 86548 MiB, 73.39 W, 495 MHz, 13365 MHz, 50
2026/09/23 12:00:44.840, 1, 0 %, 28500 MiB, 87.39 W, 2595 MHz, 13365 MHz, 51
2026/09/23 12:00:45.091, 0, 0 %, 86548 MiB, 73.39 W, 495 MHz, 13365 MHz, 50
2026/09/23 12:00:45.091, 1, 0 %, 28532 MiB, 87.39 W, 2595 MHz, 13365 MHz, 51
2026/09/23 12:00:45.341, 0, 0 %, 86548 MiB, 57.92 W, 315 MHz, 13365 MHz, 50
2026/09/23 12:00:45.341, 1, 0 %, 28532 MiB, 84.82 W, 2595 MHz, 13365 MHz, 51
2026/09/23 12:00:45.591, 0, 0 %, 86548 MiB, 57.92 W, 315 MHz, 13365 MHz, 50
2026/09/23 12:00:45.591, 1, 0 %, 28532 MiB, 84.82 W, 2595 MHz, 13365 MHz, 51
2026/09/23 12:00:45.841, 0, 0 %, 86548 MiB, 57.54 W, 247 MHz, 13365 MHz, 50
2026/09/23 12:00:45.841, 1, 1 %, 28564 MiB, 83.97 W, 2587 MHz, 13365 MHz, 51
2026/09/23 12:00:46.091, 0, 0 %, 86548 MiB, 57.54 W, 247 MHz, 13365 MHz, 50
2026/09/23 12:00:46.091, 1, 1 %, 28564 MiB, 83.97 W, 2587 MHz, 13365 MHz, 51
2026/09/23 12:00:46.341, 0, 0 %, 86548 MiB, 52.00 W, 195 MHz, 810 MHz, 50
2026/09/23 12:00:46.341, 1, 23 %, 32052 MiB, 85.56 W, 2595 MHz, 13365 MHz, 51
2026/09/23 12:00:46.591, 0, 0 %, 86548 MiB, 52.00 W, 195 MHz, 810 MHz, 50
2026/09/23 12:00:46.591, 1, 23 %, 32084 MiB, 85.56 W, 2595 MHz, 13365 MHz, 51
2026/09/23 12:00:46.841, 0, 0 %, 86548 MiB, 35.50 W, 180 MHz, 810 MHz, 50
2026/09/23 12:00:46.841, 1, 0 %, 32116 MiB, 87.65 W, 2595 MHz, 13365 MHz, 51
2026/09/23 12:00:47.091, 0, 0 %, 86548 MiB, 35.50 W, 180 MHz, 810 MHz, 50
2026/09/23 12:00:47.092, 1, 0 %, 32116 MiB, 87.65 W, 2595 MHz, 13365 MHz, 51
2026/09/23 12:00:47.342, 0, 0 %, 86548 MiB, 25.61 W, 180 MHz, 810 MHz, 50
2026/09/23 12:00:47.342, 1, 0 %, 32148 MiB, 87.37 W, 2595 MHz, 13365 MHz, 51
2026/09/23 12:00:47.592, 0, 0 %, 86548 MiB, 25.61 W, 180 MHz, 810 MHz, 50
2026/09/23 12:00:47.592, 1, 0 %, 32148 MiB, 87.37 W, 2595 MHz, 13365 MHz, 51
2026/09/23 12:00:47.842, 0, 0 %, 86548 MiB, 26.67 W, 180 MHz, 405 MHz, 50
2026/09/23 12:00:47.842, 1, 0 %, 32148 MiB, 84.49 W, 2595 MHz, 13365 MHz, 51
2026/09/23 12:00:48.092, 0, 0 %, 86548 MiB, 26.67 W, 180 MHz, 405 MHz, 50
2026/09/23 12:00:48.092, 1, 0 %, 32180 MiB, 84.49 W, 2595 MHz, 13365 MHz, 51
2026/09/23 12:00:48.342, 0, 0 %, 86548 MiB, 25.01 W, 180 MHz, 405 MHz, 50
2026/09/23 12:00:48.342, 1, 0 %, 32180 MiB, 84.52 W, 2595 MHz, 13365 MHz, 51
2026/09/23 12:00:48.592, 0, 0 %, 86548 MiB, 25.01 W, 180 MHz, 405 MHz, 50
2026/09/23 12:00:48.592, 1, 0 %, 32180 MiB, 84.52 W, 2595 MHz, 13365 MHz, 51
2026/09/23 12:00:48.842, 0, 0 %, 86548 MiB, 23.71 W, 180 MHz, 405 MHz, 50
2026/09/23 12:00:48.842, 1, 1 %, 32212 MiB, 84.68 W, 2595 MHz, 13365 MHz, 51
2026/09/23 12:00:49.092, 0, 0 %, 86548 MiB, 23.71 W, 180 MHz, 405 MHz, 50
2026/09/23 12:00:49.093, 1, 1 %, 32212 MiB, 84.68 W, 2595 MHz, 13365 MHz, 51
2026/09/23 12:00:49.343, 0, 0 %, 86548 MiB, 23.47 W, 180 MHz, 405 MHz, 50
2026/09/23 12:00:49.343, 1, 33 %, 35700 MiB, 86.31 W, 2595 MHz, 13365 MHz, 51
2026/09/23 12:00:49.593, 0, 0 %, 86548 MiB, 23.47 W, 180 MHz, 405 MHz, 50
2026/09/23 12:00:49.593, 1, 33 %, 35700 MiB, 86.31 W, 2595 MHz, 13365 MHz, 51
2026/09/23 12:00:49.843, 0, 0 %, 86548 MiB, 23.63 W, 180 MHz, 405 MHz, 50
2026/09/23 12:00:49.843, 1, 0 %, 35700 MiB, 87.27 W, 2595 MHz, 13365 MHz, 51
2026/09/23 12:00:50.093, 0, 0 %, 86548 MiB, 23.63 W, 180 MHz, 405 MHz, 50
2026/09/23 12:00:50.093, 1, 0 %, 35732 MiB, 87.27 W, 2595 MHz, 13365 MHz, 51
2026/09/23 12:00:50.343, 0, 0 %, 86548 MiB, 23.75 W, 172 MHz, 405 MHz, 50
2026/09/23 12:00:50.343, 1, 0 %, 35732 MiB, 87.08 W, 2595 MHz, 13365 MHz, 51
2026/09/23 12:00:50.593, 0, 0 %, 86548 MiB, 23.75 W, 172 MHz, 405 MHz, 50
2026/09/23 12:00:50.593, 1, 0 %, 35732 MiB, 87.08 W, 2595 MHz, 13365 MHz, 51
2026/09/23 12:00:50.843, 0, 0 %, 86548 MiB, 23.72 W, 180 MHz, 405 MHz, 49
2026/09/23 12:00:50.843, 1, 1 %, 35764 MiB, 84.44 W, 2587 MHz, 13365 MHz, 51
2026/09/23 12:00:51.093, 0, 0 %, 86548 MiB, 23.72 W, 180 MHz, 405 MHz, 49
2026/09/23 12:00:51.093, 1, 1 %, 35764 MiB, 84.44 W, 2587 MHz, 13365 MHz, 51
2026/09/23 12:00:51.343, 0, 0 %, 86548 MiB, 25.13 W, 180 MHz, 405 MHz, 49
2026/09/23 12:00:51.343, 1, 0 %, 35764 MiB, 84.14 W, 2587 MHz, 13365 MHz, 51
2026/09/23 12:00:51.593, 0, 0 %, 86548 MiB, 25.13 W, 180 MHz, 405 MHz, 49
2026/09/23 12:00:51.594, 1, 0 %, 35828 MiB, 84.14 W, 2587 MHz, 13365 MHz, 51
2026/09/23 12:00:51.844, 0, 0 %, 86548 MiB, 27.44 W, 180 MHz, 405 MHz, 49
2026/09/23 12:00:51.844, 1, 0 %, 39284 MiB, 83.94 W, 2595 MHz, 13365 MHz, 51
2026/09/23 12:00:52.094, 0, 0 %, 86548 MiB, 27.44 W, 180 MHz, 405 MHz, 49
2026/09/23 12:00:52.094, 1, 0 %, 39316 MiB, 83.94 W, 2595 MHz, 13365 MHz, 51
2026/09/23 12:00:52.344, 0, 0 %, 86548 MiB, 26.49 W, 180 MHz, 405 MHz, 49
2026/09/23 12:00:52.344, 1, 0 %, 39348 MiB, 87.26 W, 2595 MHz, 13365 MHz, 51
2026/09/23 12:00:52.594, 0, 0 %, 86548 MiB, 26.49 W, 180 MHz, 405 MHz, 49
2026/09/23 12:00:52.594, 1, 0 %, 39348 MiB, 87.26 W, 2595 MHz, 13365 MHz, 51
2026/09/23 12:00:52.844, 0, 0 %, 86548 MiB, 23.83 W, 180 MHz, 405 MHz, 49
2026/09/23 12:00:52.844, 1, 0 %, 39348 MiB, 87.26 W, 2595 MHz, 13365 MHz, 51
2026/09/23 12:00:53.094, 0, 0 %, 86548 MiB, 23.83 W, 180 MHz, 405 MHz, 49
2026/09/23 12:00:53.094, 1, 0 %, 39380 MiB, 87.26 W, 2595 MHz, 13365 MHz, 51
2026/09/23 12:00:53.344, 0, 0 %, 86548 MiB, 23.62 W, 180 MHz, 405 MHz, 49
2026/09/23 12:00:53.344, 1, 0 %, 39380 MiB, 84.74 W, 2595 MHz, 13365 MHz, 51
2026/09/23 12:00:53.594, 0, 0 %, 86548 MiB, 23.62 W, 180 MHz, 405 MHz, 49
2026/09/23 12:00:53.594, 1, 0 %, 39412 MiB, 84.74 W, 2595 MHz, 13365 MHz, 51
2026/09/23 12:00:53.844, 0, 0 %, 86548 MiB, 23.61 W, 180 MHz, 405 MHz, 49
2026/09/23 12:00:53.844, 1, 0 %, 39412 MiB, 84.63 W, 2595 MHz, 13365 MHz, 51
2026/09/23 12:00:54.094, 0, 0 %, 86548 MiB, 23.61 W, 180 MHz, 405 MHz, 49
2026/09/23 12:00:54.095, 1, 0 %, 39412 MiB, 84.63 W, 2595 MHz, 13365 MHz, 51
2026/09/23 12:00:54.345, 0, 0 %, 86548 MiB, 23.89 W, 180 MHz, 405 MHz, 49
2026/09/23 12:00:54.345, 1, 1 %, 39444 MiB, 84.47 W, 2595 MHz, 13365 MHz, 51
2026/09/23 12:00:54.595, 0, 0 %, 86548 MiB, 23.89 W, 180 MHz, 405 MHz, 49
2026/09/23 12:00:54.595, 1, 1 %, 39444 MiB, 84.47 W, 2595 MHz, 13365 MHz, 51
2026/09/23 12:00:54.845, 0, 0 %, 86548 MiB, 23.94 W, 180 MHz, 405 MHz, 49
2026/09/23 12:00:54.845, 1, 19 %, 42932 MiB, 85.77 W, 2595 MHz, 13365 MHz, 51
2026/09/23 12:00:55.095, 0, 0 %, 86548 MiB, 23.94 W, 180 MHz, 405 MHz, 49
2026/09/23 12:00:55.095, 1, 19 %, 42964 MiB, 85.77 W, 2595 MHz, 13365 MHz, 51
2026/09/23 12:00:55.345, 0, 0 %, 86548 MiB, 23.73 W, 180 MHz, 405 MHz, 49
2026/09/23 12:00:55.345, 1, 0 %, 42964 MiB, 87.29 W, 2595 MHz, 13365 MHz, 51
2026/09/23 12:00:55.595, 0, 0 %, 86548 MiB, 23.73 W, 180 MHz, 405 MHz, 49
2026/09/23 12:00:55.595, 1, 0 %, 42964 MiB, 87.29 W, 2595 MHz, 13365 MHz, 51
2026/09/23 12:00:55.845, 0, 0 %, 86548 MiB, 23.92 W, 180 MHz, 405 MHz, 49
2026/09/23 12:00:55.845, 1, 0 %, 42996 MiB, 87.46 W, 2587 MHz, 13365 MHz, 51
2026/09/23 12:00:56.095, 0, 0 %, 86548 MiB, 23.92 W, 180 MHz, 405 MHz, 49
2026/09/23 12:00:56.096, 1, 0 %, 42996 MiB, 87.46 W, 2587 MHz, 13365 MHz, 51
2026/09/23 12:00:56.346, 0, 0 %, 86548 MiB, 24.64 W, 180 MHz, 405 MHz, 49
2026/09/23 12:00:56.346, 1, 0 %, 43028 MiB, 84.61 W, 2587 MHz, 13365 MHz, 51
2026/09/23 12:00:56.596, 0, 0 %, 86548 MiB, 24.64 W, 180 MHz, 405 MHz, 49
2026/09/23 12:00:56.596, 1, 0 %, 43028 MiB, 84.61 W, 2587 MHz, 13365 MHz, 51
2026/09/23 12:00:56.846, 0, 0 %, 86548 MiB, 24.40 W, 180 MHz, 405 MHz, 49
2026/09/23 12:00:56.846, 1, 0 %, 43028 MiB, 84.35 W, 2587 MHz, 13365 MHz, 51
2026/09/23 12:00:57.096, 0, 0 %, 86548 MiB, 24.40 W, 180 MHz, 405 MHz, 49
2026/09/23 12:00:57.096, 1, 0 %, 43060 MiB, 84.35 W, 2587 MHz, 13365 MHz, 51
2026/09/23 12:00:57.346, 0, 0 %, 86548 MiB, 23.67 W, 172 MHz, 405 MHz, 49
2026/09/23 12:00:57.346, 1, 0 %, 43060 MiB, 84.31 W, 2595 MHz, 13365 MHz, 51
2026/09/23 12:00:57.596, 0, 0 %, 86548 MiB, 23.67 W, 172 MHz, 405 MHz, 49
2026/09/23 12:00:57.596, 1, 0 %, 46548 MiB, 84.31 W, 2595 MHz, 13365 MHz, 51
2026/09/23 12:00:57.846, 0, 0 %, 86548 MiB, 23.69 W, 180 MHz, 405 MHz, 49
2026/09/23 12:00:57.846, 1, 0 %, 46580 MiB, 87.34 W, 2595 MHz, 13365 MHz, 51
2026/09/23 12:00:58.096, 0, 0 %, 86548 MiB, 23.69 W, 180 MHz, 405 MHz, 49
2026/09/23 12:00:58.096, 1, 0 %, 46580 MiB, 87.34 W, 2595 MHz, 13365 MHz, 51
2026/09/23 12:00:58.346, 0, 0 %, 86548 MiB, 23.73 W, 180 MHz, 405 MHz, 49
2026/09/23 12:00:58.346, 1, 0 %, 46580 MiB, 87.50 W, 2595 MHz, 13365 MHz, 51
2026/09/23 12:00:58.597, 0, 0 %, 86548 MiB, 23.73 W, 180 MHz, 405 MHz, 49
2026/09/23 12:00:58.597, 1, 0 %, 46612 MiB, 87.50 W, 2595 MHz, 13365 MHz, 51
2026/09/23 12:00:58.847, 0, 0 %, 86548 MiB, 23.64 W, 180 MHz, 405 MHz, 49
2026/09/23 12:00:58.847, 1, 0 %, 46612 MiB, 84.74 W, 2595 MHz, 13365 MHz, 51
2026/09/23 12:00:59.097, 0, 0 %, 86548 MiB, 23.64 W, 180 MHz, 405 MHz, 49
2026/09/23 12:00:59.097, 1, 0 %, 46612 MiB, 84.74 W, 2595 MHz, 13365 MHz, 51
2026/09/23 12:00:59.347, 0, 0 %, 86548 MiB, 23.48 W, 180 MHz, 405 MHz, 49
2026/09/23 12:00:59.347, 1, 0 %, 46644 MiB, 84.95 W, 2587 MHz, 13365 MHz, 51
2026/09/23 12:00:59.597, 0, 0 %, 86548 MiB, 23.48 W, 180 MHz, 405 MHz, 49
2026/09/23 12:00:59.597, 1, 0 %, 46644 MiB, 84.95 W, 2587 MHz, 13365 MHz, 51
2026/09/23 12:00:59.847, 0, 0 %, 86548 MiB, 23.44 W, 180 MHz, 405 MHz, 49
2026/09/23 12:00:59.847, 1, 0 %, 46676 MiB, 85.18 W, 2587 MHz, 13365 MHz, 51
2026/09/23 12:01:00.097, 0, 0 %, 86548 MiB, 23.44 W, 180 MHz, 405 MHz, 49
2026/09/23 12:01:00.098, 1, 0 %, 46708 MiB, 85.18 W, 2587 MHz, 13365 MHz, 51
2026/09/23 12:01:00.348, 0, 0 %, 86548 MiB, 23.44 W, 180 MHz, 405 MHz, 49
2026/09/23 12:01:00.348, 1, 0 %, 50164 MiB, 85.18 W, 2587 MHz, 13365 MHz, 51
2026/09/23 12:01:00.598, 0, 0 %, 86548 MiB, 23.44 W, 180 MHz, 405 MHz, 49
2026/09/23 12:01:00.598, 1, 0 %, 50196 MiB, 85.18 W, 2587 MHz, 13365 MHz, 51
2026/09/23 12:01:00.848, 0, 0 %, 86548 MiB, 24.19 W, 180 MHz, 405 MHz, 48
2026/09/23 12:01:00.848, 1, 0 %, 50196 MiB, 88.19 W, 2595 MHz, 13365 MHz, 51
2026/09/23 12:01:01.098, 0, 0 %, 86548 MiB, 24.19 W, 180 MHz, 405 MHz, 48
2026/09/23 12:01:01.098, 1, 0 %, 50196 MiB, 88.19 W, 2595 MHz, 13365 MHz, 51
2026/09/23 12:01:01.348, 0, 0 %, 86548 MiB, 23.55 W, 180 MHz, 405 MHz, 48
2026/09/23 12:01:01.348, 1, 1 %, 50228 MiB, 87.34 W, 2587 MHz, 13365 MHz, 51
2026/09/23 12:01:01.598, 0, 0 %, 86548 MiB, 23.55 W, 180 MHz, 405 MHz, 48
2026/09/23 12:01:01.598, 1, 1 %, 50228 MiB, 87.34 W, 2587 MHz, 13365 MHz, 51
2026/09/23 12:01:01.848, 0, 0 %, 86548 MiB, 23.79 W, 180 MHz, 405 MHz, 48
2026/09/23 12:01:01.848, 1, 0 %, 50228 MiB, 84.44 W, 2595 MHz, 13365 MHz, 51
2026/09/23 12:01:02.099, 0, 0 %, 86548 MiB, 23.79 W, 180 MHz, 405 MHz, 48
2026/09/23 12:01:02.099, 1, 0 %, 50260 MiB, 84.44 W, 2595 MHz, 13365 MHz, 51
2026/09/23 12:01:02.349, 0, 0 %, 86548 MiB, 24.32 W, 180 MHz, 405 MHz, 48
2026/09/23 12:01:02.349, 1, 0 %, 50260 MiB, 84.40 W, 2595 MHz, 13365 MHz, 51
2026/09/23 12:01:02.599, 0, 0 %, 86548 MiB, 24.32 W, 180 MHz, 405 MHz, 48
2026/09/23 12:01:02.599, 1, 0 %, 50292 MiB, 84.40 W, 2595 MHz, 13365 MHz, 51
2026/09/23 12:01:02.849, 0, 0 %, 86548 MiB, 24.08 W, 180 MHz, 405 MHz, 48
2026/09/23 12:01:02.849, 1, 0 %, 50292 MiB, 84.49 W, 2595 MHz, 13365 MHz, 51
2026/09/23 12:01:03.099, 0, 0 %, 86548 MiB, 24.08 W, 180 MHz, 405 MHz, 48
2026/09/23 12:01:03.099, 1, 0 %, 53780 MiB, 84.49 W, 2595 MHz, 13365 MHz, 51
2026/09/23 12:01:03.349, 0, 0 %, 86548 MiB, 23.72 W, 180 MHz, 405 MHz, 48
2026/09/23 12:01:03.349, 1, 7 %, 53812 MiB, 87.13 W, 2595 MHz, 13365 MHz, 51
2026/09/23 12:01:03.599, 0, 0 %, 86548 MiB, 23.72 W, 180 MHz, 405 MHz, 48
2026/09/23 12:01:03.599, 1, 7 %, 53844 MiB, 87.13 W, 2595 MHz, 13365 MHz, 51
2026/09/23 12:01:03.849, 0, 0 %, 86548 MiB, 23.61 W, 180 MHz, 405 MHz, 48
2026/09/23 12:01:03.849, 1, 0 %, 53844 MiB, 87.57 W, 2595 MHz, 13365 MHz, 51
2026/09/23 12:01:04.099, 0, 0 %, 86548 MiB, 23.61 W, 180 MHz, 405 MHz, 48
2026/09/23 12:01:04.099, 1, 0 %, 53876 MiB, 87.57 W, 2595 MHz, 13365 MHz, 51
2026/09/23 12:01:04.350, 0, 0 %, 86548 MiB, 23.54 W, 180 MHz, 405 MHz, 48
2026/09/23 12:01:04.350, 1, 0 %, 53876 MiB, 84.92 W, 2595 MHz, 13365 MHz, 50
2026/09/23 12:01:04.600, 0, 0 %, 86548 MiB, 23.54 W, 180 MHz, 405 MHz, 48
2026/09/23 12:01:04.600, 1, 0 %, 53876 MiB, 84.92 W, 2595 MHz, 13365 MHz, 50
2026/09/23 12:01:04.850, 0, 0 %, 86548 MiB, 23.30 W, 180 MHz, 405 MHz, 48
2026/09/23 12:01:04.850, 1, 1 %, 53908 MiB, 84.99 W, 2595 MHz, 13365 MHz, 51
2026/09/23 12:01:05.100, 0, 0 %, 86548 MiB, 23.30 W, 180 MHz, 405 MHz, 48
2026/09/23 12:01:05.100, 1, 1 %, 53908 MiB, 84.99 W, 2595 MHz, 13365 MHz, 51
2026/09/23 12:01:05.350, 0, 0 %, 86548 MiB, 22.73 W, 180 MHz, 405 MHz, 48
2026/09/23 12:01:05.350, 1, 0 %, 53940 MiB, 84.88 W, 2595 MHz, 13365 MHz, 51
2026/09/23 12:01:05.600, 0, 0 %, 86548 MiB, 22.73 W, 180 MHz, 405 MHz, 48
2026/09/23 12:01:05.600, 1, 0 %, 53940 MiB, 84.88 W, 2595 MHz, 13365 MHz, 51
2026/09/23 12:01:05.850, 0, 0 %, 86548 MiB, 22.47 W, 180 MHz, 405 MHz, 48
2026/09/23 12:01:05.850, 1, 0 %, 57428 MiB, 84.90 W, 2595 MHz, 13365 MHz, 50
2026/09/23 12:01:06.100, 0, 0 %, 86548 MiB, 22.47 W, 180 MHz, 405 MHz, 48
2026/09/23 12:01:06.100, 1, 0 %, 57428 MiB, 84.90 W, 2595 MHz, 13365 MHz, 50
2026/09/23 12:01:06.350, 0, 0 %, 86548 MiB, 22.36 W, 180 MHz, 405 MHz, 48
2026/09/23 12:01:06.351, 1, 0 %, 57428 MiB, 87.49 W, 2595 MHz, 13365 MHz, 50
2026/09/23 12:01:06.601, 0, 0 %, 86548 MiB, 22.36 W, 180 MHz, 405 MHz, 48
2026/09/23 12:01:06.601, 1, 0 %, 57428 MiB, 87.49 W, 2595 MHz, 13365 MHz, 50
2026/09/23 12:01:06.851, 0, 0 %, 86548 MiB, 22.41 W, 180 MHz, 405 MHz, 48
2026/09/23 12:01:06.851, 1, 0 %, 57460 MiB, 87.68 W, 2595 MHz, 13365 MHz, 50
2026/09/23 12:01:07.101, 0, 0 %, 86548 MiB, 22.41 W, 180 MHz, 405 MHz, 48
2026/09/23 12:01:07.101, 1, 0 %, 57460 MiB, 87.68 W, 2595 MHz, 13365 MHz, 50
2026/09/23 12:01:07.351, 0, 0 %, 86548 MiB, 22.46 W, 180 MHz, 405 MHz, 48
2026/09/23 12:01:07.351, 1, 0 %, 57460 MiB, 84.85 W, 2595 MHz, 13365 MHz, 50
2026/09/23 12:01:07.601, 0, 0 %, 86548 MiB, 22.46 W, 180 MHz, 405 MHz, 48
2026/09/23 12:01:07.601, 1, 0 %, 57492 MiB, 84.85 W, 2595 MHz, 13365 MHz, 50
2026/09/23 12:01:07.851, 0, 0 %, 86548 MiB, 22.49 W, 180 MHz, 405 MHz, 48
2026/09/23 12:01:07.851, 1, 0 %, 57492 MiB, 84.91 W, 2595 MHz, 13365 MHz, 50
2026/09/23 12:01:08.101, 0, 0 %, 86548 MiB, 22.49 W, 180 MHz, 405 MHz, 48
2026/09/23 12:01:08.101, 1, 0 %, 57524 MiB, 84.91 W, 2595 MHz, 13365 MHz, 50
2026/09/23 12:01:08.351, 0, 0 %, 86548 MiB, 22.79 W, 180 MHz, 405 MHz, 48
2026/09/23 12:01:08.351, 1, 0 %, 57556 MiB, 84.89 W, 2595 MHz, 13365 MHz, 50
2026/09/23 12:01:08.601, 0, 0 %, 86548 MiB, 22.79 W, 180 MHz, 405 MHz, 48
2026/09/23 12:01:08.601, 1, 0 %, 61012 MiB, 84.89 W, 2595 MHz, 13365 MHz, 50
2026/09/23 12:01:08.851, 0, 0 %, 86548 MiB, 22.63 W, 180 MHz, 405 MHz, 48
2026/09/23 12:01:08.852, 1, 29 %, 61044 MiB, 87.29 W, 2602 MHz, 13365 MHz, 51
2026/09/23 12:01:09.102, 0, 0 %, 86548 MiB, 22.63 W, 180 MHz, 405 MHz, 48
2026/09/23 12:01:09.102, 1, 29 %, 61076 MiB, 87.29 W, 2602 MHz, 13365 MHz, 51
2026/09/23 12:01:09.352, 0, 0 %, 86548 MiB, 22.39 W, 180 MHz, 405 MHz, 48
2026/09/23 12:01:09.352, 1, 0 %, 61076 MiB, 87.09 W, 2595 MHz, 13365 MHz, 50
2026/09/23 12:01:09.602, 0, 0 %, 86548 MiB, 22.39 W, 180 MHz, 405 MHz, 48
2026/09/23 12:01:09.602, 1, 0 %, 61076 MiB, 87.09 W, 2595 MHz, 13365 MHz, 50
2026/09/23 12:01:09.852, 0, 0 %, 86548 MiB, 22.20 W, 180 MHz, 405 MHz, 48
2026/09/23 12:01:09.852, 1, 0 %, 61108 MiB, 84.84 W, 2587 MHz, 13365 MHz, 50
2026/09/23 12:01:10.102, 0, 0 %, 86548 MiB, 22.20 W, 180 MHz, 405 MHz, 48
2026/09/23 12:01:10.102, 1, 0 %, 61108 MiB, 84.84 W, 2587 MHz, 13365 MHz, 50
2026/09/23 12:01:10.352, 0, 0 %, 86548 MiB, 22.43 W, 180 MHz, 405 MHz, 48
2026/09/23 12:01:10.352, 1, 0 %, 61140 MiB, 84.65 W, 2587 MHz, 13365 MHz, 50
2026/09/23 12:01:10.602, 0, 0 %, 86548 MiB, 22.43 W, 180 MHz, 405 MHz, 48
2026/09/23 12:01:10.602, 1, 0 %, 61140 MiB, 84.65 W, 2587 MHz, 13365 MHz, 50
2026/09/23 12:01:10.852, 0, 0 %, 86548 MiB, 22.49 W, 180 MHz, 405 MHz, 48
2026/09/23 12:01:10.852, 1, 0 %, 61140 MiB, 84.65 W, 2595 MHz, 13365 MHz, 50
2026/09/23 12:01:11.102, 0, 0 %, 86548 MiB, 22.49 W, 180 MHz, 405 MHz, 48
2026/09/23 12:01:11.102, 1, 0 %, 61172 MiB, 84.65 W, 2595 MHz, 13365 MHz, 50
2026/09/23 12:01:11.353, 0, 0 %, 86548 MiB, 22.54 W, 180 MHz, 405 MHz, 48
2026/09/23 12:01:11.353, 1, 0 %, 61172 MiB, 84.70 W, 2595 MHz, 13365 MHz, 50
2026/09/23 12:01:11.603, 0, 0 %, 86548 MiB, 22.54 W, 180 MHz, 405 MHz, 48
2026/09/23 12:01:11.603, 1, 0 %, 64660 MiB, 84.70 W, 2595 MHz, 13365 MHz, 50
2026/09/23 12:01:11.853, 0, 0 %, 86548 MiB, 22.74 W, 180 MHz, 405 MHz, 48
2026/09/23 12:01:11.853, 1, 0 %, 64692 MiB, 87.56 W, 2595 MHz, 13365 MHz, 50
2026/09/23 12:01:12.103, 0, 0 %, 86548 MiB, 22.74 W, 180 MHz, 405 MHz, 48
2026/09/23 12:01:12.103, 1, 0 %, 64692 MiB, 87.56 W, 2595 MHz, 13365 MHz, 50
2026/09/23 12:01:12.353, 0, 0 %, 86548 MiB, 22.73 W, 180 MHz, 405 MHz, 48
2026/09/23 12:01:12.353, 1, 0 %, 64724 MiB, 87.54 W, 2587 MHz, 13365 MHz, 50
2026/09/23 12:01:12.603, 0, 0 %, 86548 MiB, 22.73 W, 180 MHz, 405 MHz, 48
2026/09/23 12:01:12.603, 1, 0 %, 64724 MiB, 87.54 W, 2587 MHz, 13365 MHz, 50
2026/09/23 12:01:12.853, 0, 0 %, 86548 MiB, 22.60 W, 180 MHz, 405 MHz, 48
2026/09/23 12:01:12.853, 1, 0 %, 64724 MiB, 84.72 W, 2595 MHz, 13365 MHz, 50
2026/09/23 12:01:13.103, 0, 0 %, 86548 MiB, 22.60 W, 180 MHz, 405 MHz, 48
2026/09/23 12:01:13.103, 1, 0 %, 64756 MiB, 84.72 W, 2595 MHz, 13365 MHz, 50
2026/09/23 12:01:13.353, 0, 0 %, 86548 MiB, 22.79 W, 180 MHz, 405 MHz, 48
2026/09/23 12:01:13.353, 1, 0 %, 64756 MiB, 84.62 W, 2595 MHz, 13365 MHz, 50
2026/09/23 12:01:13.603, 0, 0 %, 86548 MiB, 22.79 W, 180 MHz, 405 MHz, 48
2026/09/23 12:01:13.604, 1, 0 %, 64756 MiB, 84.62 W, 2595 MHz, 13365 MHz, 50
2026/09/23 12:01:13.854, 0, 0 %, 86548 MiB, 23.02 W, 180 MHz, 405 MHz, 48
2026/09/23 12:01:13.854, 1, 0 %, 64788 MiB, 84.50 W, 2587 MHz, 13365 MHz, 50
2026/09/23 12:01:14.104, 0, 0 %, 86548 MiB, 23.02 W, 180 MHz, 405 MHz, 48
2026/09/23 12:01:14.104, 1, 0 %, 68276 MiB, 84.50 W, 2587 MHz, 13365 MHz, 50
2026/09/23 12:01:14.354, 0, 0 %, 86548 MiB, 23.20 W, 180 MHz, 405 MHz, 48
2026/09/23 12:01:14.354, 1, 30 %, 68308 MiB, 86.39 W, 2595 MHz, 13365 MHz, 50
2026/09/23 12:01:14.604, 0, 0 %, 86548 MiB, 23.20 W, 180 MHz, 405 MHz, 48
2026/09/23 12:01:14.604, 1, 30 %, 68308 MiB, 86.39 W, 2595 MHz, 13365 MHz, 50
2026/09/23 12:01:14.854, 0, 0 %, 86548 MiB, 23.07 W, 180 MHz, 405 MHz, 48
2026/09/23 12:01:14.854, 1, 0 %, 68308 MiB, 87.25 W, 2595 MHz, 13365 MHz, 50
2026/09/23 12:01:15.104, 0, 0 %, 86548 MiB, 23.07 W, 180 MHz, 405 MHz, 48
2026/09/23 12:01:15.104, 1, 0 %, 68308 MiB, 87.25 W, 2595 MHz, 13365 MHz, 50
2026/09/23 12:01:15.354, 0, 0 %, 86548 MiB, 23.00 W, 180 MHz, 405 MHz, 47
2026/09/23 12:01:15.354, 1, 1 %, 68340 MiB, 85.61 W, 2587 MHz, 13365 MHz, 50
2026/09/23 12:01:15.604, 0, 0 %, 86548 MiB, 23.00 W, 180 MHz, 405 MHz, 47
2026/09/23 12:01:15.604, 1, 1 %, 68340 MiB, 85.61 W, 2587 MHz, 13365 MHz, 50
2026/09/23 12:01:15.854, 0, 0 %, 86548 MiB, 22.95 W, 180 MHz, 405 MHz, 47
2026/09/23 12:01:15.855, 1, 0 %, 68372 MiB, 84.76 W, 2587 MHz, 13365 MHz, 50
2026/09/23 12:01:16.105, 0, 0 %, 86548 MiB, 22.95 W, 180 MHz, 405 MHz, 47
2026/09/23 12:01:16.105, 1, 0 %, 68372 MiB, 84.76 W, 2587 MHz, 13365 MHz, 50
2026/09/23 12:01:16.355, 0, 0 %, 86548 MiB, 23.16 W, 180 MHz, 405 MHz, 47
2026/09/23 12:01:16.355, 1, 0 %, 68372 MiB, 84.76 W, 2587 MHz, 13365 MHz, 50
2026/09/23 12:01:16.605, 0, 0 %, 86548 MiB, 23.16 W, 180 MHz, 405 MHz, 47
2026/09/23 12:01:16.605, 1, 0 %, 68404 MiB, 84.76 W, 2587 MHz, 13365 MHz, 50
2026/09/23 12:01:16.855, 0, 0 %, 86548 MiB, 23.16 W, 180 MHz, 405 MHz, 47
2026/09/23 12:01:16.855, 1, 0 %, 68436 MiB, 85.04 W, 2587 MHz, 13365 MHz, 50
2026/09/23 12:01:17.105, 0, 0 %, 86548 MiB, 23.16 W, 180 MHz, 405 MHz, 47
2026/09/23 12:01:17.105, 1, 0 %, 71892 MiB, 85.04 W, 2587 MHz, 13365 MHz, 50
2026/09/23 12:01:17.355, 0, 0 %, 86548 MiB, 23.69 W, 180 MHz, 405 MHz, 47
2026/09/23 12:01:17.355, 1, 14 %, 71924 MiB, 87.47 W, 2595 MHz, 13365 MHz, 50
2026/09/23 12:01:17.605, 0, 0 %, 86548 MiB, 23.69 W, 180 MHz, 405 MHz, 47
2026/09/23 12:01:17.606, 1, 14 %, 71924 MiB, 87.47 W, 2595 MHz, 13365 MHz, 50
2026/09/23 12:01:17.856, 0, 0 %, 86548 MiB, 22.85 W, 180 MHz, 405 MHz, 47
2026/09/23 12:01:17.856, 1, 0 %, 71924 MiB, 87.29 W, 2587 MHz, 13365 MHz, 50
2026/09/23 12:01:18.106, 0, 0 %, 86548 MiB, 22.85 W, 180 MHz, 405 MHz, 47
2026/09/23 12:01:18.106, 1, 0 %, 71956 MiB, 87.29 W, 2587 MHz, 13365 MHz, 50
2026/09/23 12:01:18.356, 0, 0 %, 86548 MiB, 22.48 W, 180 MHz, 405 MHz, 47
2026/09/23 12:01:18.356, 1, 0 %, 71956 MiB, 84.92 W, 2595 MHz, 13365 MHz, 50
2026/09/23 12:01:18.606, 0, 0 %, 86548 MiB, 22.48 W, 180 MHz, 405 MHz, 47
2026/09/23 12:01:18.606, 1, 0 %, 71988 MiB, 84.92 W, 2595 MHz, 13365 MHz, 50
2026/09/23 12:01:18.856, 0, 0 %, 86548 MiB, 22.41 W, 180 MHz, 405 MHz, 47
2026/09/23 12:01:18.856, 1, 0 %, 71988 MiB, 84.39 W, 2595 MHz, 13365 MHz, 50
2026/09/23 12:01:19.106, 0, 0 %, 86548 MiB, 22.41 W, 180 MHz, 405 MHz, 47
2026/09/23 12:01:19.107, 1, 0 %, 71988 MiB, 84.39 W, 2595 MHz, 13365 MHz, 50
2026/09/23 12:01:19.357, 0, 0 %, 86548 MiB, 22.58 W, 180 MHz, 405 MHz, 47
2026/09/23 12:01:19.357, 1, 1 %, 72020 MiB, 84.46 W, 2587 MHz, 13365 MHz, 50
2026/09/23 12:01:19.608, 0, 0 %, 86548 MiB, 22.58 W, 180 MHz, 405 MHz, 47
2026/09/23 12:01:19.608, 1, 1 %, 72052 MiB, 84.46 W, 2587 MHz, 13365 MHz, 50
2026/09/23 12:01:19.859, 0, 0 %, 86548 MiB, 22.58 W, 180 MHz, 405 MHz, 47
2026/09/23 12:01:19.859, 1, 18 %, 75508 MiB, 84.46 W, 2587 MHz, 13365 MHz, 50
2026/09/23 12:01:20.109, 0, 0 %, 86548 MiB, 22.58 W, 180 MHz, 405 MHz, 47
2026/09/23 12:01:20.109, 1, 18 %, 75540 MiB, 84.46 W, 2587 MHz, 13365 MHz, 50
2026/09/23 12:01:20.359, 0, 0 %, 86548 MiB, 23.64 W, 180 MHz, 405 MHz, 47
2026/09/23 12:01:20.359, 1, 0 %, 75572 MiB, 87.84 W, 2595 MHz, 13365 MHz, 50
2026/09/23 12:01:20.609, 0, 0 %, 86548 MiB, 23.64 W, 180 MHz, 405 MHz, 47
2026/09/23 12:01:20.609, 1, 0 %, 75572 MiB, 87.84 W, 2595 MHz, 13365 MHz, 50
2026/09/23 12:01:20.859, 0, 0 %, 86548 MiB, 22.98 W, 180 MHz, 405 MHz, 47
2026/09/23 12:01:20.859, 1, 0 %, 75604 MiB, 87.10 W, 2595 MHz, 13365 MHz, 50
2026/09/23 12:01:21.109, 0, 0 %, 86548 MiB, 22.98 W, 180 MHz, 405 MHz, 47
2026/09/23 12:01:21.109, 1, 0 %, 75604 MiB, 87.10 W, 2595 MHz, 13365 MHz, 50
2026/09/23 12:01:21.359, 0, 0 %, 86548 MiB, 22.86 W, 180 MHz, 405 MHz, 47
2026/09/23 12:01:21.359, 1, 0 %, 75604 MiB, 84.41 W, 2595 MHz, 13365 MHz, 50
2026/09/23 12:01:21.609, 0, 0 %, 86548 MiB, 22.86 W, 180 MHz, 405 MHz, 47
2026/09/23 12:01:21.609, 1, 0 %, 75636 MiB, 84.41 W, 2595 MHz, 13365 MHz, 50
2026/09/23 12:01:21.860, 0, 0 %, 86548 MiB, 22.80 W, 180 MHz, 405 MHz, 47
2026/09/23 12:01:21.860, 1, 0 %, 75636 MiB, 84.30 W, 2595 MHz, 13365 MHz, 50
2026/09/23 12:01:22.110, 0, 0 %, 86548 MiB, 22.80 W, 180 MHz, 405 MHz, 47
2026/09/23 12:01:22.110, 1, 0 %, 75636 MiB, 84.30 W, 2595 MHz, 13365 MHz, 50
2026/09/23 12:01:22.360, 0, 0 %, 86548 MiB, 22.55 W, 180 MHz, 405 MHz, 47
2026/09/23 12:01:22.360, 1, 0 %, 75668 MiB, 84.21 W, 2587 MHz, 13365 MHz, 50
2026/09/23 12:01:22.610, 0, 0 %, 86548 MiB, 22.55 W, 180 MHz, 405 MHz, 47
2026/09/23 12:01:22.610, 1, 0 %, 75668 MiB, 84.21 W, 2587 MHz, 13365 MHz, 50
2026/09/23 12:01:22.860, 0, 0 %, 86548 MiB, 22.12 W, 180 MHz, 405 MHz, 47
2026/09/23 12:01:22.860, 1, 28 %, 78964 MiB, 86.20 W, 2595 MHz, 13365 MHz, 50
2026/09/23 12:01:23.110, 0, 0 %, 86548 MiB, 22.12 W, 180 MHz, 405 MHz, 47
2026/09/23 12:01:23.110, 1, 28 %, 78964 MiB, 86.20 W, 2595 MHz, 13365 MHz, 50
2026/09/23 12:01:23.360, 0, 0 %, 86548 MiB, 22.15 W, 180 MHz, 405 MHz, 47
2026/09/23 12:01:23.360, 1, 0 %, 78964 MiB, 87.21 W, 2595 MHz, 13365 MHz, 50
2026/09/23 12:01:23.610, 0, 0 %, 86548 MiB, 22.15 W, 180 MHz, 405 MHz, 47
2026/09/23 12:01:23.611, 1, 0 %, 79028 MiB, 87.21 W, 2595 MHz, 13365 MHz, 50
2026/09/23 12:01:23.861, 0, 0 %, 86548 MiB, 22.38 W, 180 MHz, 405 MHz, 47
2026/09/23 12:01:23.861, 1, 0 %, 79028 MiB, 86.14 W, 2587 MHz, 13365 MHz, 50
2026/09/23 12:01:24.111, 0, 0 %, 86548 MiB, 22.38 W, 180 MHz, 405 MHz, 47
2026/09/23 12:01:24.111, 1, 0 %, 79028 MiB, 86.14 W, 2587 MHz, 13365 MHz, 50
2026/09/23 12:01:24.361, 0, 0 %, 86548 MiB, 22.43 W, 180 MHz, 405 MHz, 47
2026/09/23 12:01:24.361, 1, 0 %, 79092 MiB, 84.60 W, 2587 MHz, 13365 MHz, 50
2026/09/23 12:01:24.611, 0, 0 %, 86548 MiB, 22.43 W, 180 MHz, 405 MHz, 47
2026/09/23 12:01:24.611, 1, 0 %, 79092 MiB, 84.60 W, 2587 MHz, 13365 MHz, 50
2026/09/23 12:01:24.861, 0, 0 %, 86548 MiB, 22.25 W, 180 MHz, 405 MHz, 47
2026/09/23 12:01:24.861, 1, 0 %, 79092 MiB, 84.30 W, 2595 MHz, 13365 MHz, 50
2026/09/23 12:01:25.111, 0, 0 %, 86548 MiB, 22.25 W, 180 MHz, 405 MHz, 47
2026/09/23 12:01:25.111, 1, 0 %, 79156 MiB, 84.30 W, 2595 MHz, 13365 MHz, 50
2026/09/23 12:01:25.361, 0, 0 %, 86548 MiB, 22.27 W, 180 MHz, 405 MHz, 47
2026/09/23 12:01:25.361, 1, 0 %, 79188 MiB, 83.99 W, 2595 MHz, 13365 MHz, 50
2026/09/23 12:01:25.612, 0, 0 %, 86548 MiB, 22.27 W, 180 MHz, 405 MHz, 47
2026/09/23 12:01:25.612, 1, 0 %, 82484 MiB, 83.99 W, 2595 MHz, 13365 MHz, 50
2026/09/23 12:01:25.862, 0, 0 %, 86548 MiB, 22.50 W, 172 MHz, 405 MHz, 47
2026/09/23 12:01:25.862, 1, 26 %, 82484 MiB, 86.24 W, 2595 MHz, 13365 MHz, 50
2026/09/23 12:01:26.112, 0, 0 %, 86548 MiB, 22.50 W, 172 MHz, 405 MHz, 47
2026/09/23 12:01:26.113, 1, 26 %, 82484 MiB, 86.24 W, 2595 MHz, 13365 MHz, 50
2026/09/23 12:01:26.363, 0, 0 %, 86548 MiB, 22.58 W, 180 MHz, 405 MHz, 47
2026/09/23 12:01:26.363, 1, 0 %, 82484 MiB, 86.35 W, 2595 MHz, 13365 MHz, 50
2026/09/23 12:01:26.613, 0, 0 %, 86548 MiB, 22.58 W, 180 MHz, 405 MHz, 47
2026/09/23 12:01:26.613, 1, 0 %, 82548 MiB, 86.35 W, 2595 MHz, 13365 MHz, 50
2026/09/23 12:01:26.863, 0, 0 %, 86548 MiB, 22.69 W, 180 MHz, 405 MHz, 47
2026/09/23 12:01:26.863, 1, 0 %, 82548 MiB, 84.64 W, 2595 MHz, 13365 MHz, 50
2026/09/23 12:01:27.113, 0, 0 %, 86548 MiB, 22.69 W, 180 MHz, 405 MHz, 47
2026/09/23 12:01:27.114, 1, 0 %, 82548 MiB, 84.64 W, 2595 MHz, 13365 MHz, 50
2026/09/23 12:01:27.364, 0, 0 %, 86548 MiB, 22.67 W, 180 MHz, 405 MHz, 47
2026/09/23 12:01:27.364, 1, 0 %, 82612 MiB, 83.59 W, 2587 MHz, 13365 MHz, 50
2026/09/23 12:01:27.614, 0, 0 %, 86548 MiB, 22.67 W, 180 MHz, 405 MHz, 47
2026/09/23 12:01:27.614, 1, 0 %, 82612 MiB, 83.59 W, 2587 MHz, 13365 MHz, 50
2026/09/23 12:01:27.864, 0, 0 %, 86548 MiB, 22.26 W, 180 MHz, 405 MHz, 47
2026/09/23 12:01:27.864, 1, 1 %, 82676 MiB, 83.62 W, 2587 MHz, 13365 MHz, 50
2026/09/23 12:01:28.114, 0, 0 %, 86548 MiB, 22.26 W, 180 MHz, 405 MHz, 47
2026/09/23 12:01:28.114, 1, 1 %, 82708 MiB, 83.62 W, 2587 MHz, 13365 MHz, 50
2026/09/23 12:01:28.364, 0, 0 %, 86548 MiB, 22.08 W, 180 MHz, 405 MHz, 47
2026/09/23 12:01:28.364, 1, 8 %, 86004 MiB, 84.49 W, 2595 MHz, 13365 MHz, 50
2026/09/23 12:01:28.614, 0, 0 %, 86548 MiB, 22.08 W, 180 MHz, 405 MHz, 47
2026/09/23 12:01:28.614, 1, 8 %, 86004 MiB, 84.49 W, 2595 MHz, 13365 MHz, 50
2026/09/23 12:01:28.864, 0, 0 %, 86548 MiB, 22.11 W, 180 MHz, 405 MHz, 47
2026/09/23 12:01:28.864, 1, 0 %, 86004 MiB, 86.25 W, 2595 MHz, 13365 MHz, 50
2026/09/23 12:01:29.114, 0, 0 %, 86548 MiB, 22.11 W, 180 MHz, 405 MHz, 47
2026/09/23 12:01:29.115, 1, 0 %, 86004 MiB, 86.25 W, 2595 MHz, 13365 MHz, 50
2026/09/23 12:01:29.365, 0, 0 %, 86548 MiB, 21.97 W, 180 MHz, 405 MHz, 47
2026/09/23 12:01:29.365, 1, 1 %, 86068 MiB, 85.34 W, 2587 MHz, 13365 MHz, 50
2026/09/23 12:01:29.615, 0, 0 %, 86548 MiB, 21.97 W, 180 MHz, 405 MHz, 47
2026/09/23 12:01:29.615, 1, 1 %, 86068 MiB, 85.34 W, 2587 MHz, 13365 MHz, 50
2026/09/23 12:01:29.865, 0, 0 %, 86548 MiB, 21.87 W, 180 MHz, 405 MHz, 47
2026/09/23 12:01:29.865, 1, 0 %, 86132 MiB, 83.51 W, 2587 MHz, 13365 MHz, 50
2026/09/23 12:01:30.115, 0, 0 %, 86548 MiB, 21.87 W, 180 MHz, 405 MHz, 47
2026/09/23 12:01:30.115, 1, 0 %, 86132 MiB, 83.51 W, 2587 MHz, 13365 MHz, 50
2026/09/23 12:01:30.365, 0, 0 %, 86548 MiB, 22.03 W, 180 MHz, 405 MHz, 47
2026/09/23 12:01:30.365, 1, 0 %, 86132 MiB, 83.55 W, 2595 MHz, 13365 MHz, 50
2026/09/23 12:01:30.615, 0, 0 %, 86548 MiB, 22.03 W, 180 MHz, 405 MHz, 47
2026/09/23 12:01:30.615, 1, 0 %, 86196 MiB, 83.55 W, 2595 MHz, 13365 MHz, 50
2026/09/23 12:01:30.865, 0, 0 %, 86548 MiB, 21.86 W, 180 MHz, 405 MHz, 47
2026/09/23 12:01:30.865, 1, 0 %, 86228 MiB, 83.59 W, 2595 MHz, 13365 MHz, 50
2026/09/23 12:01:31.115, 0, 0 %, 86548 MiB, 21.86 W, 180 MHz, 405 MHz, 47
2026/09/23 12:01:31.116, 1, 0 %, 86260 MiB, 83.59 W, 2595 MHz, 13365 MHz, 50
2026/09/23 12:01:31.366, 0, 0 %, 86548 MiB, 21.89 W, 180 MHz, 405 MHz, 47
2026/09/23 12:01:31.366, 1, 0 %, 86260 MiB, 83.43 W, 2595 MHz, 13365 MHz, 50
2026/09/23 12:01:31.616, 0, 0 %, 86548 MiB, 21.89 W, 180 MHz, 405 MHz, 47
2026/09/23 12:01:31.616, 1, 0 %, 86260 MiB, 83.43 W, 2595 MHz, 13365 MHz, 50
2026/09/23 12:01:31.866, 0, 0 %, 86548 MiB, 22.35 W, 180 MHz, 405 MHz, 47
2026/09/23 12:01:31.866, 1, 0 %, 86260 MiB, 83.11 W, 2587 MHz, 13365 MHz, 50
2026/09/23 12:01:32.116, 0, 0 %, 86548 MiB, 22.35 W, 180 MHz, 405 MHz, 47
2026/09/23 12:01:32.116, 1, 0 %, 86516 MiB, 83.11 W, 2587 MHz, 13365 MHz, 50
2026/09/23 12:01:32.366, 0, 0 %, 86548 MiB, 22.48 W, 180 MHz, 405 MHz, 47
2026/09/23 12:01:32.366, 1, 0 %, 86516 MiB, 83.40 W, 2595 MHz, 13365 MHz, 50
2026/09/23 12:01:32.616, 0, 0 %, 86548 MiB, 22.48 W, 180 MHz, 405 MHz, 47
2026/09/23 12:01:32.616, 1, 0 %, 86516 MiB, 83.40 W, 2595 MHz, 13365 MHz, 50
2026/09/23 12:01:32.866, 0, 0 %, 90420 MiB, 22.15 W, 172 MHz, 405 MHz, 47
2026/09/23 12:01:32.866, 1, 0 %, 89140 MiB, 83.53 W, 2587 MHz, 13365 MHz, 50
2026/09/23 12:01:33.117, 0, 0 %, 90484 MiB, 22.15 W, 172 MHz, 405 MHz, 47
2026/09/23 12:01:33.117, 1, 0 %, 90548 MiB, 83.53 W, 2587 MHz, 13365 MHz, 50
2026/09/23 12:01:33.367, 0, 0 %, 90484 MiB, 37.96 W, 997 MHz, 13365 MHz, 48
2026/09/23 12:01:33.367, 1, 0 %, 90548 MiB, 84.41 W, 2610 MHz, 13365 MHz, 50
2026/09/23 12:01:33.617, 0, 0 %, 90484 MiB, 37.96 W, 997 MHz, 13365 MHz, 48
2026/09/23 12:01:33.617, 1, 0 %, 90548 MiB, 84.41 W, 2610 MHz, 13365 MHz, 50
2026/09/23 12:01:33.867, 0, 0 %, 90484 MiB, 66.79 W, 2610 MHz, 13365 MHz, 48
2026/09/23 12:01:33.867, 1, 0 %, 90548 MiB, 84.27 W, 2587 MHz, 13365 MHz, 50
2026/09/23 12:01:34.117, 0, 0 %, 90606 MiB, 66.79 W, 2610 MHz, 13365 MHz, 48
2026/09/23 12:01:34.117, 1, 0 %, 90670 MiB, 84.27 W, 2587 MHz, 13365 MHz, 50
2026/09/23 12:01:34.367, 0, 91 %, 90606 MiB, 122.63 W, 2610 MHz, 13365 MHz, 55
2026/09/23 12:01:34.367, 1, 72 %, 90670 MiB, 128.63 W, 2610 MHz, 13365 MHz, 55
2026/09/23 12:01:34.617, 0, 91 %, 90606 MiB, 122.63 W, 2610 MHz, 13365 MHz, 55
2026/09/23 12:01:34.617, 1, 72 %, 90670 MiB, 128.63 W, 2610 MHz, 13365 MHz, 55
2026/09/23 12:01:34.867, 0, 25 %, 90606 MiB, 178.65 W, 2812 MHz, 13365 MHz, 50
2026/09/23 12:01:34.867, 1, 67 %, 90670 MiB, 203.68 W, 2820 MHz, 13365 MHz, 57
2026/09/23 12:01:35.118, 0, 25 %, 90606 MiB, 178.65 W, 2812 MHz, 13365 MHz, 50
2026/09/23 12:01:35.118, 1, 67 %, 90670 MiB, 203.68 W, 2820 MHz, 13365 MHz, 57
2026/09/23 12:01:35.368, 0, 40 %, 90606 MiB, 249.31 W, 2820 MHz, 13365 MHz, 54
2026/09/23 12:01:35.368, 1, 55 %, 90670 MiB, 266.92 W, 2805 MHz, 13365 MHz, 55
2026/09/23 12:01:35.618, 0, 40 %, 90606 MiB, 249.31 W, 2820 MHz, 13365 MHz, 54
2026/09/23 12:01:35.618, 1, 55 %, 90670 MiB, 266.92 W, 2805 MHz, 13365 MHz, 55
2026/09/23 12:01:35.868, 0, 45 %, 90606 MiB, 251.99 W, 2805 MHz, 13365 MHz, 52
2026/09/23 12:01:35.868, 1, 51 %, 90670 MiB, 275.93 W, 2812 MHz, 13365 MHz, 56
2026/09/23 12:01:36.118, 0, 45 %, 90606 MiB, 251.99 W, 2805 MHz, 13365 MHz, 52
2026/09/23 12:01:36.118, 1, 51 %, 90670 MiB, 275.93 W, 2812 MHz, 13365 MHz, 56
2026/09/23 12:01:36.368, 0, 45 %, 90606 MiB, 242.52 W, 2812 MHz, 13365 MHz, 52
2026/09/23 12:01:36.368, 1, 51 %, 90670 MiB, 270.52 W, 2805 MHz, 13365 MHz, 56
2026/09/23 12:01:36.618, 0, 45 %, 90606 MiB, 242.52 W, 2812 MHz, 13365 MHz, 52
2026/09/23 12:01:36.618, 1, 51 %, 90670 MiB, 270.52 W, 2805 MHz, 13365 MHz, 56
2026/09/23 12:01:36.868, 0, 43 %, 90606 MiB, 247.51 W, 2812 MHz, 13365 MHz, 53
2026/09/23 12:01:36.868, 1, 53 %, 90670 MiB, 270.87 W, 2805 MHz, 13365 MHz, 55
2026/09/23 12:01:37.119, 0, 43 %, 90606 MiB, 247.51 W, 2812 MHz, 13365 MHz, 53
2026/09/23 12:01:37.119, 1, 53 %, 90670 MiB, 270.87 W, 2805 MHz, 13365 MHz, 55
2026/09/23 12:01:37.369, 0, 42 %, 90606 MiB, 248.21 W, 2812 MHz, 13365 MHz, 54
2026/09/23 12:01:37.369, 1, 53 %, 90670 MiB, 271.18 W, 2805 MHz, 13365 MHz, 55
2026/09/23 12:01:37.619, 0, 42 %, 90606 MiB, 248.21 W, 2812 MHz, 13365 MHz, 54
2026/09/23 12:01:37.619, 1, 53 %, 90670 MiB, 271.18 W, 2805 MHz, 13365 MHz, 55
2026/09/23 12:01:37.869, 0, 42 %, 90606 MiB, 248.22 W, 2805 MHz, 13365 MHz, 55
2026/09/23 12:01:37.869, 1, 53 %, 90670 MiB, 270.78 W, 2805 MHz, 13365 MHz, 55
2026/09/23 12:01:38.119, 0, 42 %, 90606 MiB, 248.22 W, 2805 MHz, 13365 MHz, 55
2026/09/23 12:01:38.119, 1, 53 %, 90670 MiB, 270.78 W, 2805 MHz, 13365 MHz, 55
2026/09/23 12:01:38.369, 0, 42 %, 90606 MiB, 248.27 W, 2805 MHz, 13365 MHz, 55
2026/09/23 12:01:38.369, 1, 55 %, 90670 MiB, 272.97 W, 2805 MHz, 13365 MHz, 56
2026/09/23 12:01:38.619, 0, 42 %, 90606 MiB, 248.27 W, 2805 MHz, 13365 MHz, 55
2026/09/23 12:01:38.619, 1, 55 %, 90670 MiB, 272.97 W, 2805 MHz, 13365 MHz, 56
2026/09/23 12:01:38.869, 0, 16 %, 90606 MiB, 252.37 W, 2812 MHz, 13365 MHz, 52
2026/09/23 12:01:38.869, 1, 51 %, 90670 MiB, 273.31 W, 2827 MHz, 13365 MHz, 56
2026/09/23 12:01:39.120, 0, 16 %, 90606 MiB, 252.37 W, 2812 MHz, 13365 MHz, 52
2026/09/23 12:01:39.120, 1, 51 %, 90670 MiB, 273.31 W, 2827 MHz, 13365 MHz, 56
2026/09/23 12:01:39.370, 0, 42 %, 90606 MiB, 254.18 W, 2805 MHz, 13365 MHz, 56
2026/09/23 12:01:39.370, 1, 57 %, 90670 MiB, 273.63 W, 2805 MHz, 13365 MHz, 57
2026/09/23 12:01:39.620, 0, 42 %, 90606 MiB, 254.18 W, 2805 MHz, 13365 MHz, 56
2026/09/23 12:01:39.620, 1, 57 %, 90670 MiB, 273.63 W, 2805 MHz, 13365 MHz, 57
2026/09/23 12:01:39.870, 0, 43 %, 90606 MiB, 236.18 W, 2805 MHz, 13365 MHz, 54
2026/09/23 12:01:39.870, 1, 54 %, 90670 MiB, 274.95 W, 2812 MHz, 13365 MHz, 58
2026/09/23 12:01:40.120, 0, 43 %, 90606 MiB, 236.18 W, 2805 MHz, 13365 MHz, 54
2026/09/23 12:01:40.120, 1, 54 %, 90670 MiB, 274.95 W, 2812 MHz, 13365 MHz, 58
2026/09/23 12:01:40.370, 0, 43 %, 90606 MiB, 245.11 W, 2805 MHz, 13365 MHz, 54
2026/09/23 12:01:40.370, 1, 51 %, 90670 MiB, 272.55 W, 2812 MHz, 13365 MHz, 57
2026/09/23 12:01:40.620, 0, 43 %, 90606 MiB, 245.11 W, 2805 MHz, 13365 MHz, 54
2026/09/23 12:01:40.620, 1, 51 %, 90670 MiB, 272.55 W, 2812 MHz, 13365 MHz, 57
2026/09/23 12:01:40.870, 0, 45 %, 90606 MiB, 248.61 W, 2805 MHz, 13365 MHz, 53
2026/09/23 12:01:40.870, 1, 50 %, 90670 MiB, 269.88 W, 2812 MHz, 13365 MHz, 57
2026/09/23 12:01:41.121, 0, 45 %, 90606 MiB, 248.61 W, 2805 MHz, 13365 MHz, 53
2026/09/23 12:01:41.121, 1, 50 %, 90670 MiB, 269.88 W, 2812 MHz, 13365 MHz, 57
2026/09/23 12:01:41.371, 0, 42 %, 90606 MiB, 251.20 W, 2805 MHz, 13365 MHz, 55
2026/09/23 12:01:41.371, 1, 54 %, 90670 MiB, 268.62 W, 2805 MHz, 13365 MHz, 56
2026/09/23 12:01:41.621, 0, 42 %, 90606 MiB, 251.20 W, 2805 MHz, 13365 MHz, 55
2026/09/23 12:01:41.621, 1, 54 %, 90670 MiB, 268.62 W, 2805 MHz, 13365 MHz, 56
2026/09/23 12:01:41.871, 0, 43 %, 90606 MiB, 251.20 W, 2805 MHz, 13365 MHz, 56
2026/09/23 12:01:41.872, 1, 52 %, 90670 MiB, 268.62 W, 2805 MHz, 13365 MHz, 56
2026/09/23 12:01:42.122, 0, 43 %, 90606 MiB, 251.20 W, 2805 MHz, 13365 MHz, 56
2026/09/23 12:01:42.122, 1, 52 %, 90670 MiB, 268.62 W, 2805 MHz, 13365 MHz, 56
2026/09/23 12:01:42.373, 0, 38 %, 90606 MiB, 246.05 W, 2805 MHz, 13365 MHz, 54
2026/09/23 12:01:42.373, 1, 15 %, 90670 MiB, 262.17 W, 2812 MHz, 13365 MHz, 54
2026/09/23 12:01:42.623, 0, 38 %, 90606 MiB, 246.05 W, 2805 MHz, 13365 MHz, 54
2026/09/23 12:01:42.623, 1, 15 %, 90670 MiB, 262.17 W, 2812 MHz, 13365 MHz, 54
2026/09/23 12:01:42.873, 0, 42 %, 90606 MiB, 246.05 W, 2805 MHz, 13365 MHz, 55
2026/09/23 12:01:42.873, 1, 53 %, 90670 MiB, 262.17 W, 2812 MHz, 13365 MHz, 58
2026/09/23 12:01:43.123, 0, 42 %, 90606 MiB, 246.05 W, 2805 MHz, 13365 MHz, 55
2026/09/23 12:01:43.123, 1, 53 %, 90670 MiB, 262.17 W, 2812 MHz, 13365 MHz, 58
2026/09/23 12:01:43.374, 0, 41 %, 90606 MiB, 255.87 W, 2805 MHz, 13365 MHz, 55
2026/09/23 12:01:43.374, 1, 52 %, 90670 MiB, 287.27 W, 2805 MHz, 13365 MHz, 58
2026/09/23 12:01:43.624, 0, 41 %, 90606 MiB, 255.87 W, 2805 MHz, 13365 MHz, 55
2026/09/23 12:01:43.624, 1, 52 %, 90670 MiB, 287.27 W, 2805 MHz, 13365 MHz, 58
2026/09/23 12:01:43.874, 0, 44 %, 90606 MiB, 249.54 W, 2805 MHz, 13365 MHz, 54
2026/09/23 12:01:43.874, 1, 52 %, 90670 MiB, 274.37 W, 2805 MHz, 13365 MHz, 58
2026/09/23 12:01:44.124, 0, 44 %, 90606 MiB, 249.54 W, 2805 MHz, 13365 MHz, 54
2026/09/23 12:01:44.124, 1, 52 %, 90670 MiB, 274.37 W, 2805 MHz, 13365 MHz, 58
2026/09/23 12:01:44.374, 0, 44 %, 90606 MiB, 251.49 W, 2805 MHz, 13365 MHz, 56
2026/09/23 12:01:44.374, 1, 52 %, 90670 MiB, 272.65 W, 2812 MHz, 13365 MHz, 57
2026/09/23 12:01:44.624, 0, 44 %, 90606 MiB, 251.49 W, 2805 MHz, 13365 MHz, 56
2026/09/23 12:01:44.624, 1, 52 %, 90670 MiB, 272.65 W, 2812 MHz, 13365 MHz, 57
2026/09/23 12:01:44.874, 0, 42 %, 90606 MiB, 253.78 W, 2805 MHz, 13365 MHz, 57
2026/09/23 12:01:44.876, 1, 54 %, 90670 MiB, 273.15 W, 2805 MHz, 13365 MHz, 56
2026/09/23 12:01:45.126, 0, 42 %, 90606 MiB, 253.78 W, 2805 MHz, 13365 MHz, 57
2026/09/23 12:01:45.126, 1, 54 %, 90670 MiB, 273.15 W, 2805 MHz, 13365 MHz, 56
2026/09/23 12:01:45.376, 0, 42 %, 90606 MiB, 250.69 W, 2805 MHz, 13365 MHz, 57
2026/09/23 12:01:45.376, 1, 55 %, 90670 MiB, 275.52 W, 2812 MHz, 13365 MHz, 58
2026/09/23 12:01:45.626, 0, 42 %, 90606 MiB, 250.69 W, 2805 MHz, 13365 MHz, 57
2026/09/23 12:01:45.626, 1, 55 %, 90670 MiB, 275.52 W, 2812 MHz, 13365 MHz, 58
2026/09/23 12:01:45.876, 0, 44 %, 90606 MiB, 247.62 W, 2805 MHz, 13365 MHz, 56
2026/09/23 12:01:45.877, 1, 53 %, 90670 MiB, 276.59 W, 2812 MHz, 13365 MHz, 59
2026/09/23 12:01:46.127, 0, 44 %, 90606 MiB, 247.62 W, 2805 MHz, 13365 MHz, 56
2026/09/23 12:01:46.127, 1, 53 %, 90670 MiB, 276.59 W, 2812 MHz, 13365 MHz, 59
2026/09/23 12:01:46.377, 0, 46 %, 90606 MiB, 245.14 W, 2805 MHz, 13365 MHz, 55
2026/09/23 12:01:46.377, 1, 73 %, 90670 MiB, 271.46 W, 2812 MHz, 13365 MHz, 61
2026/09/23 12:01:46.627, 0, 46 %, 90606 MiB, 245.14 W, 2805 MHz, 13365 MHz, 55
2026/09/23 12:01:46.627, 1, 73 %, 90670 MiB, 271.46 W, 2812 MHz, 13365 MHz, 61
2026/09/23 12:01:46.877, 0, 41 %, 90606 MiB, 253.32 W, 2812 MHz, 13365 MHz, 57
2026/09/23 12:01:46.877, 1, 53 %, 90670 MiB, 273.39 W, 2805 MHz, 13365 MHz, 59
2026/09/23 12:01:47.128, 0, 41 %, 90606 MiB, 253.32 W, 2812 MHz, 13365 MHz, 57
2026/09/23 12:01:47.128, 1, 53 %, 90670 MiB, 273.39 W, 2805 MHz, 13365 MHz, 59
2026/09/23 12:01:47.378, 0, 44 %, 90606 MiB, 254.01 W, 2805 MHz, 13365 MHz, 55
2026/09/23 12:01:47.378, 1, 51 %, 90670 MiB, 278.80 W, 2812 MHz, 13365 MHz, 59
2026/09/23 12:01:47.628, 0, 44 %, 90606 MiB, 254.01 W, 2805 MHz, 13365 MHz, 55
2026/09/23 12:01:47.628, 1, 51 %, 90670 MiB, 278.80 W, 2812 MHz, 13365 MHz, 59
2026/09/23 12:01:47.878, 0, 43 %, 90606 MiB, 246.90 W, 2805 MHz, 13365 MHz, 55
2026/09/23 12:01:47.878, 1, 51 %, 90670 MiB, 275.00 W, 2805 MHz, 13365 MHz, 59
2026/09/23 12:01:48.128, 0, 43 %, 90606 MiB, 246.90 W, 2805 MHz, 13365 MHz, 55
2026/09/23 12:01:48.129, 1, 51 %, 90670 MiB, 275.00 W, 2805 MHz, 13365 MHz, 59
2026/09/23 12:01:48.379, 0, 44 %, 90606 MiB, 250.13 W, 2805 MHz, 13365 MHz, 55
2026/09/23 12:01:48.380, 1, 51 %, 90670 MiB, 275.00 W, 2805 MHz, 13365 MHz, 59
2026/09/23 12:01:48.630, 0, 44 %, 90606 MiB, 250.13 W, 2805 MHz, 13365 MHz, 55
2026/09/23 12:01:48.630, 1, 51 %, 90670 MiB, 275.00 W, 2805 MHz, 13365 MHz, 59
2026/09/23 12:01:48.881, 0, 45 %, 90606 MiB, 250.13 W, 2805 MHz, 13365 MHz, 56
2026/09/23 12:01:48.881, 1, 50 %, 90670 MiB, 271.99 W, 2805 MHz, 13365 MHz, 57
2026/09/23 12:01:49.131, 0, 45 %, 90606 MiB, 250.13 W, 2805 MHz, 13365 MHz, 56
2026/09/23 12:01:49.131, 1, 50 %, 90670 MiB, 271.99 W, 2805 MHz, 13365 MHz, 57
2026/09/23 12:01:49.381, 0, 42 %, 90606 MiB, 254.05 W, 2805 MHz, 13365 MHz, 58
2026/09/23 12:01:49.381, 1, 52 %, 90670 MiB, 271.73 W, 2805 MHz, 13365 MHz, 57
2026/09/23 12:01:49.631, 0, 42 %, 90606 MiB, 254.05 W, 2805 MHz, 13365 MHz, 58
2026/09/23 12:01:49.631, 1, 52 %, 90670 MiB, 271.73 W, 2805 MHz, 13365 MHz, 57
2026/09/23 12:01:49.881, 0, 44 %, 90606 MiB, 252.35 W, 2805 MHz, 13365 MHz, 58
2026/09/23 12:01:49.881, 1, 53 %, 90670 MiB, 273.53 W, 2805 MHz, 13365 MHz, 58
2026/09/23 12:01:50.131, 0, 44 %, 90606 MiB, 252.35 W, 2805 MHz, 13365 MHz, 58
2026/09/23 12:01:50.131, 1, 53 %, 90670 MiB, 273.53 W, 2805 MHz, 13365 MHz, 58
2026/09/23 12:01:50.381, 0, 40 %, 90606 MiB, 251.17 W, 2805 MHz, 13365 MHz, 57
2026/09/23 12:01:50.381, 1, 27 %, 90670 MiB, 267.55 W, 2805 MHz, 13365 MHz, 56
2026/09/23 12:01:50.631, 0, 40 %, 90606 MiB, 251.17 W, 2805 MHz, 13365 MHz, 57
2026/09/23 12:01:50.631, 1, 27 %, 90670 MiB, 267.55 W, 2805 MHz, 13365 MHz, 56
2026/09/23 12:01:50.882, 0, 42 %, 90606 MiB, 256.50 W, 2812 MHz, 13365 MHz, 58
2026/09/23 12:01:50.882, 1, 52 %, 90670 MiB, 274.52 W, 2805 MHz, 13365 MHz, 57
2026/09/23 12:01:51.132, 0, 42 %, 90606 MiB, 256.50 W, 2812 MHz, 13365 MHz, 58
2026/09/23 12:01:51.132, 1, 52 %, 90670 MiB, 274.52 W, 2805 MHz, 13365 MHz, 57
2026/09/23 12:01:51.382, 0, 41 %, 90606 MiB, 254.28 W, 2805 MHz, 13365 MHz, 58
2026/09/23 12:01:51.382, 1, 53 %, 90670 MiB, 277.98 W, 2805 MHz, 13365 MHz, 60
2026/09/23 12:01:51.632, 0, 41 %, 90606 MiB, 254.28 W, 2805 MHz, 13365 MHz, 58
2026/09/23 12:01:51.632, 1, 53 %, 90670 MiB, 277.98 W, 2805 MHz, 13365 MHz, 60
2026/09/23 12:01:51.882, 0, 42 %, 90606 MiB, 248.38 W, 2805 MHz, 13365 MHz, 56
2026/09/23 12:01:51.882, 1, 52 %, 90670 MiB, 279.14 W, 2812 MHz, 13365 MHz, 60
2026/09/23 12:01:52.132, 0, 42 %, 90606 MiB, 248.38 W, 2805 MHz, 13365 MHz, 56
2026/09/23 12:01:52.132, 1, 52 %, 90670 MiB, 279.14 W, 2812 MHz, 13365 MHz, 60
2026/09/23 12:01:52.382, 0, 46 %, 90606 MiB, 251.84 W, 2805 MHz, 13365 MHz, 56
2026/09/23 12:01:52.382, 1, 51 %, 90670 MiB, 275.20 W, 2805 MHz, 13365 MHz, 58
2026/09/23 12:01:52.632, 0, 46 %, 90606 MiB, 251.84 W, 2805 MHz, 13365 MHz, 56
2026/09/23 12:01:52.632, 1, 51 %, 90670 MiB, 275.20 W, 2805 MHz, 13365 MHz, 58
2026/09/23 12:01:52.882, 0, 41 %, 90606 MiB, 255.23 W, 2805 MHz, 13365 MHz, 59
2026/09/23 12:01:52.882, 1, 54 %, 90670 MiB, 271.99 W, 2805 MHz, 13365 MHz, 60
2026/09/23 12:01:53.133, 0, 41 %, 90606 MiB, 255.23 W, 2805 MHz, 13365 MHz, 59
2026/09/23 12:01:53.133, 1, 54 %, 90670 MiB, 271.99 W, 2805 MHz, 13365 MHz, 60
2026/09/23 12:01:53.383, 0, 44 %, 90606 MiB, 253.25 W, 2805 MHz, 13365 MHz, 57
2026/09/23 12:01:53.383, 1, 54 %, 90670 MiB, 273.35 W, 2812 MHz, 13365 MHz, 60
2026/09/23 12:01:53.633, 0, 44 %, 90606 MiB, 253.25 W, 2805 MHz, 13365 MHz, 57
2026/09/23 12:01:53.633, 1, 54 %, 90670 MiB, 273.35 W, 2812 MHz, 13365 MHz, 60
2026/09/23 12:01:53.883, 0, 45 %, 90606 MiB, 249.31 W, 2805 MHz, 13365 MHz, 56
2026/09/23 12:01:53.883, 1, 50 %, 90670 MiB, 276.00 W, 2812 MHz, 13365 MHz, 60
2026/09/23 12:01:54.133, 0, 45 %, 90606 MiB, 249.31 W, 2805 MHz, 13365 MHz, 56
2026/09/23 12:01:54.133, 1, 50 %, 90670 MiB, 276.00 W, 2812 MHz, 13365 MHz, 60
2026/09/23 12:01:54.383, 0, 44 %, 90606 MiB, 253.26 W, 2805 MHz, 13365 MHz, 58
2026/09/23 12:01:54.383, 1, 53 %, 90670 MiB, 272.86 W, 2805 MHz, 13365 MHz, 59
2026/09/23 12:01:54.633, 0, 44 %, 90606 MiB, 253.26 W, 2805 MHz, 13365 MHz, 58
2026/09/23 12:01:54.633, 1, 53 %, 90670 MiB, 272.86 W, 2805 MHz, 13365 MHz, 59
2026/09/23 12:01:54.883, 0, 68 %, 90606 MiB, 269.26 W, 2805 MHz, 13365 MHz, 59
2026/09/23 12:01:54.884, 1, 49 %, 90670 MiB, 272.48 W, 2827 MHz, 13365 MHz, 59
2026/09/23 12:01:55.134, 0, 68 %, 90606 MiB, 269.26 W, 2805 MHz, 13365 MHz, 59
2026/09/23 12:01:55.134, 1, 49 %, 90670 MiB, 272.48 W, 2827 MHz, 13365 MHz, 59
2026/09/23 12:01:55.384, 0, 42 %, 90606 MiB, 257.66 W, 2805 MHz, 13365 MHz, 58
2026/09/23 12:01:55.384, 1, 53 %, 90670 MiB, 279.16 W, 2805 MHz, 13365 MHz, 60
2026/09/23 12:01:55.634, 0, 42 %, 90606 MiB, 257.66 W, 2805 MHz, 13365 MHz, 58
2026/09/23 12:01:55.634, 1, 53 %, 90670 MiB, 279.16 W, 2805 MHz, 13365 MHz, 60
2026/09/23 12:01:55.884, 0, 43 %, 90606 MiB, 255.33 W, 2805 MHz, 13365 MHz, 57
2026/09/23 12:01:55.884, 1, 51 %, 90670 MiB, 282.42 W, 2805 MHz, 13365 MHz, 60
2026/09/23 12:01:56.135, 0, 43 %, 90606 MiB, 255.33 W, 2805 MHz, 13365 MHz, 57
2026/09/23 12:01:56.135, 1, 51 %, 90670 MiB, 282.42 W, 2805 MHz, 13365 MHz, 60
2026/09/23 12:01:56.385, 0, 44 %, 90606 MiB, 250.92 W, 2805 MHz, 13365 MHz, 57
2026/09/23 12:01:56.385, 1, 54 %, 90670 MiB, 278.80 W, 2805 MHz, 13365 MHz, 60
2026/09/23 12:01:56.635, 0, 44 %, 90606 MiB, 250.92 W, 2805 MHz, 13365 MHz, 57
2026/09/23 12:01:56.635, 1, 54 %, 90670 MiB, 278.80 W, 2805 MHz, 13365 MHz, 60
2026/09/23 12:01:56.885, 0, 42 %, 90606 MiB, 251.42 W, 2805 MHz, 13365 MHz, 58
2026/09/23 12:01:56.885, 1, 53 %, 90670 MiB, 274.81 W, 2812 MHz, 13365 MHz, 59
2026/09/23 12:01:57.135, 0, 42 %, 90606 MiB, 251.42 W, 2805 MHz, 13365 MHz, 58
2026/09/23 12:01:57.135, 1, 53 %, 90670 MiB, 274.81 W, 2812 MHz, 13365 MHz, 59
2026/09/23 12:01:57.386, 0, 42 %, 90606 MiB, 249.10 W, 2805 MHz, 13365 MHz, 57
2026/09/23 12:01:57.386, 1, 53 %, 90670 MiB, 275.70 W, 2812 MHz, 13365 MHz, 60
2026/09/23 12:01:57.636, 0, 42 %, 90606 MiB, 249.10 W, 2805 MHz, 13365 MHz, 57
2026/09/23 12:01:57.636, 1, 53 %, 90670 MiB, 275.70 W, 2812 MHz, 13365 MHz, 60
2026/09/23 12:01:57.886, 0, 42 %, 90606 MiB, 249.09 W, 2805 MHz, 13365 MHz, 57
2026/09/23 12:01:57.886, 1, 51 %, 90670 MiB, 276.76 W, 2805 MHz, 13365 MHz, 60
2026/09/23 12:01:58.136, 0, 42 %, 90606 MiB, 249.09 W, 2805 MHz, 13365 MHz, 57
2026/09/23 12:01:58.136, 1, 51 %, 90670 MiB, 276.76 W, 2805 MHz, 13365 MHz, 60
2026/09/23 12:01:58.386, 0, 36 %, 90606 MiB, 259.37 W, 2805 MHz, 13365 MHz, 57
2026/09/23 12:01:58.386, 1, 52 %, 90670 MiB, 276.97 W, 2827 MHz, 13365 MHz, 60
2026/09/23 12:01:58.636, 0, 36 %, 90606 MiB, 259.37 W, 2805 MHz, 13365 MHz, 57
2026/09/23 12:01:58.636, 1, 52 %, 90670 MiB, 276.97 W, 2827 MHz, 13365 MHz, 60
2026/09/23 12:01:58.887, 0, 42 %, 90606 MiB, 262.26 W, 2805 MHz, 13365 MHz, 59
2026/09/23 12:01:58.887, 1, 52 %, 90670 MiB, 276.29 W, 2805 MHz, 13365 MHz, 59
2026/09/23 12:01:59.137, 0, 42 %, 90606 MiB, 262.26 W, 2805 MHz, 13365 MHz, 59
2026/09/23 12:01:59.137, 1, 52 %, 90670 MiB, 276.29 W, 2805 MHz, 13365 MHz, 59
2026/09/23 12:01:59.387, 0, 41 %, 90606 MiB, 247.68 W, 2805 MHz, 13365 MHz, 60
2026/09/23 12:01:59.387, 1, 53 %, 90670 MiB, 276.09 W, 2805 MHz, 13365 MHz, 61
2026/09/23 12:01:59.637, 0, 41 %, 90606 MiB, 247.68 W, 2805 MHz, 13365 MHz, 60
2026/09/23 12:01:59.637, 1, 53 %, 90670 MiB, 276.09 W, 2805 MHz, 13365 MHz, 61
2026/09/23 12:01:59.887, 0, 42 %, 90606 MiB, 248.54 W, 2805 MHz, 13365 MHz, 58
2026/09/23 12:01:59.887, 1, 51 %, 90670 MiB, 277.43 W, 2805 MHz, 13365 MHz, 61
2026/09/23 12:02:00.137, 0, 42 %, 90606 MiB, 248.54 W, 2805 MHz, 13365 MHz, 58
2026/09/23 12:02:00.137, 1, 51 %, 90670 MiB, 277.43 W, 2805 MHz, 13365 MHz, 61
2026/09/23 12:02:00.387, 0, 44 %, 90606 MiB, 248.55 W, 2805 MHz, 13365 MHz, 57
2026/09/23 12:02:00.387, 1, 51 %, 90670 MiB, 276.81 W, 2812 MHz, 13365 MHz, 61
2026/09/23 12:02:00.637, 0, 44 %, 90606 MiB, 248.55 W, 2805 MHz, 13365 MHz, 57
2026/09/23 12:02:00.637, 1, 51 %, 90670 MiB, 276.81 W, 2812 MHz, 13365 MHz, 61
2026/09/23 12:02:00.887, 0, 44 %, 90606 MiB, 251.68 W, 2805 MHz, 13365 MHz, 57
2026/09/23 12:02:00.887, 1, 53 %, 90670 MiB, 277.95 W, 2805 MHz, 13365 MHz, 61
2026/09/23 12:02:01.138, 0, 44 %, 90606 MiB, 251.68 W, 2805 MHz, 13365 MHz, 57
2026/09/23 12:02:01.138, 1, 53 %, 90670 MiB, 277.95 W, 2805 MHz, 13365 MHz, 61
2026/09/23 12:02:01.388, 0, 43 %, 90606 MiB, 254.32 W, 2805 MHz, 13365 MHz, 59
2026/09/23 12:02:01.388, 1, 43 %, 90670 MiB, 274.08 W, 2805 MHz, 13365 MHz, 59
2026/09/23 12:02:01.638, 0, 43 %, 90606 MiB, 254.32 W, 2805 MHz, 13365 MHz, 59
2026/09/23 12:02:01.638, 1, 43 %, 90670 MiB, 274.08 W, 2805 MHz, 13365 MHz, 59
2026/09/23 12:02:01.888, 0, 43 %, 90606 MiB, 257.82 W, 2812 MHz, 13365 MHz, 57
2026/09/23 12:02:01.888, 1, 52 %, 90670 MiB, 279.08 W, 2812 MHz, 13365 MHz, 61
2026/09/23 12:02:02.138, 0, 43 %, 90606 MiB, 257.82 W, 2812 MHz, 13365 MHz, 57
2026/09/23 12:02:02.138, 1, 52 %, 90670 MiB, 279.08 W, 2812 MHz, 13365 MHz, 61
2026/09/23 12:02:02.388, 0, 44 %, 90606 MiB, 258.68 W, 2805 MHz, 13365 MHz, 59
2026/09/23 12:02:02.388, 1, 51 %, 90670 MiB, 277.79 W, 2805 MHz, 13365 MHz, 60
2026/09/23 12:02:02.638, 0, 44 %, 90606 MiB, 258.68 W, 2805 MHz, 13365 MHz, 59
2026/09/23 12:02:02.638, 1, 51 %, 90670 MiB, 277.79 W, 2805 MHz, 13365 MHz, 60
2026/09/23 12:02:02.888, 0, 42 %, 90606 MiB, 258.68 W, 2805 MHz, 13365 MHz, 60
2026/09/23 12:02:02.888, 1, 52 %, 90670 MiB, 277.18 W, 2805 MHz, 13365 MHz, 59
2026/09/23 12:02:03.138, 0, 42 %, 90606 MiB, 258.68 W, 2805 MHz, 13365 MHz, 60
2026/09/23 12:02:03.139, 1, 52 %, 90670 MiB, 277.18 W, 2805 MHz, 13365 MHz, 59
2026/09/23 12:02:03.389, 0, 44 %, 90606 MiB, 257.04 W, 2805 MHz, 13365 MHz, 60
2026/09/23 12:02:03.389, 1, 52 %, 90670 MiB, 278.21 W, 2805 MHz, 13365 MHz, 60
2026/09/23 12:02:03.639, 0, 44 %, 90606 MiB, 257.04 W, 2805 MHz, 13365 MHz, 60
2026/09/23 12:02:03.639, 1, 52 %, 90670 MiB, 278.21 W, 2805 MHz, 13365 MHz, 60
2026/09/23 12:02:03.889, 0, 41 %, 90606 MiB, 256.14 W, 2805 MHz, 13365 MHz, 60
2026/09/23 12:02:03.889, 1, 53 %, 90670 MiB, 279.02 W, 2805 MHz, 13365 MHz, 60
2026/09/23 12:02:04.139, 0, 41 %, 90606 MiB, 256.14 W, 2805 MHz, 13365 MHz, 60
2026/09/23 12:02:04.139, 1, 53 %, 90670 MiB, 279.02 W, 2805 MHz, 13365 MHz, 60
2026/09/23 12:02:04.389, 0, 43 %, 90606 MiB, 254.55 W, 2805 MHz, 13365 MHz, 60
2026/09/23 12:02:04.389, 1, 53 %, 90670 MiB, 281.40 W, 2805 MHz, 13365 MHz, 61
2026/09/23 12:02:04.639, 0, 43 %, 90606 MiB, 254.55 W, 2805 MHz, 13365 MHz, 60
2026/09/23 12:02:04.639, 1, 53 %, 90670 MiB, 281.40 W, 2805 MHz, 13365 MHz, 61
2026/09/23 12:02:04.889, 0, 43 %, 90606 MiB, 253.13 W, 2805 MHz, 13365 MHz, 59
2026/09/23 12:02:04.889, 1, 52 %, 90670 MiB, 281.29 W, 2812 MHz, 13365 MHz, 61
2026/09/23 12:02:05.140, 0, 43 %, 90606 MiB, 253.13 W, 2805 MHz, 13365 MHz, 59
2026/09/23 12:02:05.140, 1, 52 %, 90670 MiB, 281.29 W, 2812 MHz, 13365 MHz, 61
2026/09/23 12:02:05.390, 0, 42 %, 90606 MiB, 254.97 W, 2805 MHz, 13365 MHz, 59
2026/09/23 12:02:05.390, 1, 51 %, 90670 MiB, 279.68 W, 2812 MHz, 13365 MHz, 61
2026/09/23 12:02:05.640, 0, 42 %, 90606 MiB, 254.97 W, 2805 MHz, 13365 MHz, 59
2026/09/23 12:02:05.640, 1, 51 %, 90670 MiB, 279.68 W, 2812 MHz, 13365 MHz, 61
2026/09/23 12:02:05.890, 0, 42 %, 90606 MiB, 254.96 W, 2805 MHz, 13365 MHz, 59
2026/09/23 12:02:05.890, 1, 10 %, 90670 MiB, 266.71 W, 2812 MHz, 13365 MHz, 59
2026/09/23 12:02:06.140, 0, 42 %, 90606 MiB, 254.96 W, 2805 MHz, 13365 MHz, 59
2026/09/23 12:02:06.140, 1, 10 %, 90670 MiB, 266.71 W, 2812 MHz, 13365 MHz, 59
2026/09/23 12:02:06.390, 0, 40 %, 90606 MiB, 248.00 W, 2820 MHz, 13365 MHz, 59
2026/09/23 12:02:06.390, 1, 42 %, 90670 MiB, 262.07 W, 2812 MHz, 13365 MHz, 60
2026/09/23 12:02:06.640, 0, 40 %, 90606 MiB, 248.00 W, 2820 MHz, 13365 MHz, 59
2026/09/23 12:02:06.640, 1, 42 %, 90670 MiB, 262.07 W, 2812 MHz, 13365 MHz, 60
2026/09/23 12:02:06.890, 0, 37 %, 90606 MiB, 238.29 W, 2805 MHz, 13365 MHz, 58
2026/09/23 12:02:06.890, 1, 48 %, 90670 MiB, 266.90 W, 2812 MHz, 13365 MHz, 61
2026/09/23 12:02:07.140, 0, 37 %, 90606 MiB, 238.29 W, 2805 MHz, 13365 MHz, 58
2026/09/23 12:02:07.140, 1, 48 %, 90670 MiB, 266.90 W, 2812 MHz, 13365 MHz, 61
2026/09/23 12:02:07.391, 0, 43 %, 90606 MiB, 238.69 W, 2805 MHz, 13365 MHz, 59
2026/09/23 12:02:07.391, 1, 50 %, 90670 MiB, 265.93 W, 2812 MHz, 13365 MHz, 62
2026/09/23 12:02:07.641, 0, 43 %, 90606 MiB, 238.69 W, 2805 MHz, 13365 MHz, 59
2026/09/23 12:02:07.641, 1, 50 %, 90670 MiB, 265.93 W, 2812 MHz, 13365 MHz, 62
2026/09/23 12:02:07.891, 0, 42 %, 90606 MiB, 242.68 W, 2805 MHz, 13365 MHz, 60
2026/09/23 12:02:07.891, 1, 50 %, 90670 MiB, 262.10 W, 2812 MHz, 13365 MHz, 61
2026/09/23 12:02:08.141, 0, 42 %, 90606 MiB, 242.68 W, 2805 MHz, 13365 MHz, 60
2026/09/23 12:02:08.141, 1, 50 %, 90670 MiB, 262.10 W, 2812 MHz, 13365 MHz, 61
2026/09/23 12:02:08.391, 0, 40 %, 90606 MiB, 237.22 W, 2805 MHz, 13365 MHz, 60
2026/09/23 12:02:08.391, 1, 50 %, 90670 MiB, 259.30 W, 2812 MHz, 13365 MHz, 60
2026/09/23 12:02:08.641, 0, 40 %, 90606 MiB, 237.22 W, 2805 MHz, 13365 MHz, 60
2026/09/23 12:02:08.641, 1, 50 %, 90670 MiB, 259.30 W, 2812 MHz, 13365 MHz, 60
2026/09/23 12:02:08.891, 0, 37 %, 90606 MiB, 239.32 W, 2805 MHz, 13365 MHz, 58
2026/09/23 12:02:08.891, 1, 50 %, 90670 MiB, 267.05 W, 2812 MHz, 13365 MHz, 62
2026/09/23 12:02:09.141, 0, 37 %, 90606 MiB, 239.32 W, 2805 MHz, 13365 MHz, 58
2026/09/23 12:02:09.141, 1, 50 %, 90670 MiB, 267.05 W, 2812 MHz, 13365 MHz, 62
2026/09/23 12:02:09.391, 0, 42 %, 90606 MiB, 243.05 W, 2805 MHz, 13365 MHz, 61
2026/09/23 12:02:09.392, 1, 39 %, 90670 MiB, 266.71 W, 2812 MHz, 13365 MHz, 60
2026/09/23 12:02:09.642, 0, 42 %, 90606 MiB, 243.05 W, 2805 MHz, 13365 MHz, 61
2026/09/23 12:02:09.642, 1, 39 %, 90670 MiB, 266.71 W, 2812 MHz, 13365 MHz, 60
2026/09/23 12:02:09.892, 0, 36 %, 90606 MiB, 240.20 W, 2805 MHz, 13365 MHz, 58
2026/09/23 12:02:09.892, 1, 48 %, 90670 MiB, 263.74 W, 2812 MHz, 13365 MHz, 63
2026/09/23 12:02:10.142, 0, 36 %, 90606 MiB, 240.20 W, 2805 MHz, 13365 MHz, 58
2026/09/23 12:02:10.142, 1, 48 %, 90670 MiB, 263.74 W, 2812 MHz, 13365 MHz, 63
2026/09/23 12:02:10.392, 0, 42 %, 90606 MiB, 243.84 W, 2805 MHz, 13365 MHz, 61
2026/09/23 12:02:10.392, 1, 43 %, 90670 MiB, 265.36 W, 2812 MHz, 13365 MHz, 61
2026/09/23 12:02:10.642, 0, 42 %, 90606 MiB, 243.84 W, 2805 MHz, 13365 MHz, 61
2026/09/23 12:02:10.642, 1, 43 %, 90670 MiB, 265.36 W, 2812 MHz, 13365 MHz, 61
2026/09/23 12:02:10.892, 0, 53 %, 90606 MiB, 242.35 W, 2805 MHz, 13365 MHz, 61
2026/09/23 12:02:10.892, 1, 82 %, 90670 MiB, 265.36 W, 2812 MHz, 13365 MHz, 65
2026/09/23 12:02:11.142, 0, 53 %, 90606 MiB, 242.35 W, 2805 MHz, 13365 MHz, 61
2026/09/23 12:02:11.143, 1, 82 %, 90670 MiB, 265.36 W, 2812 MHz, 13365 MHz, 65
2026/09/23 12:02:11.393, 0, 29 %, 90606 MiB, 240.78 W, 2812 MHz, 13365 MHz, 58
2026/09/23 12:02:11.393, 1, 46 %, 90670 MiB, 263.89 W, 2812 MHz, 13365 MHz, 62
2026/09/23 12:02:11.643, 0, 29 %, 90606 MiB, 240.78 W, 2812 MHz, 13365 MHz, 58
2026/09/23 12:02:11.643, 1, 46 %, 90670 MiB, 263.89 W, 2812 MHz, 13365 MHz, 62
2026/09/23 12:02:11.893, 0, 33 %, 90606 MiB, 241.19 W, 2805 MHz, 13365 MHz, 58
2026/09/23 12:02:11.893, 1, 44 %, 90670 MiB, 262.20 W, 2812 MHz, 13365 MHz, 63
2026/09/23 12:02:12.143, 0, 33 %, 90606 MiB, 241.19 W, 2805 MHz, 13365 MHz, 58
2026/09/23 12:02:12.143, 1, 44 %, 90670 MiB, 262.20 W, 2812 MHz, 13365 MHz, 63
2026/09/23 12:02:12.393, 0, 37 %, 90606 MiB, 236.50 W, 2805 MHz, 13365 MHz, 58
2026/09/23 12:02:12.393, 1, 49 %, 90670 MiB, 264.85 W, 2812 MHz, 13365 MHz, 62
2026/09/23 12:02:12.643, 0, 37 %, 90606 MiB, 236.50 W, 2805 MHz, 13365 MHz, 58
2026/09/23 12:02:12.643, 1, 49 %, 90670 MiB, 264.85 W, 2812 MHz, 13365 MHz, 62
2026/09/23 12:02:12.893, 0, 43 %, 90606 MiB, 240.49 W, 2805 MHz, 13365 MHz, 60
2026/09/23 12:02:12.894, 1, 40 %, 90670 MiB, 264.52 W, 2812 MHz, 13365 MHz, 61
2026/09/23 12:02:13.144, 0, 43 %, 90606 MiB, 240.49 W, 2805 MHz, 13365 MHz, 60
2026/09/23 12:02:13.144, 1, 40 %, 90670 MiB, 264.52 W, 2812 MHz, 13365 MHz, 61
2026/09/23 12:02:13.394, 0, 39 %, 90606 MiB, 240.92 W, 2805 MHz, 13365 MHz, 58
2026/09/23 12:02:13.394, 1, 45 %, 90670 MiB, 263.52 W, 2812 MHz, 13365 MHz, 62
2026/09/23 12:02:13.644, 0, 39 %, 90606 MiB, 240.92 W, 2805 MHz, 13365 MHz, 58
2026/09/23 12:02:13.644, 1, 45 %, 90670 MiB, 263.52 W, 2812 MHz, 13365 MHz, 62
2026/09/23 12:02:13.894, 0, 34 %, 90606 MiB, 240.34 W, 2805 MHz, 13365 MHz, 58
2026/09/23 12:02:13.894, 1, 44 %, 90670 MiB, 265.48 W, 2812 MHz, 13365 MHz, 63
2026/09/23 12:02:14.144, 0, 34 %, 90606 MiB, 240.34 W, 2805 MHz, 13365 MHz, 58
2026/09/23 12:02:14.144, 1, 44 %, 90670 MiB, 265.48 W, 2812 MHz, 13365 MHz, 63
2026/09/23 12:02:14.395, 0, 26 %, 90606 MiB, 238.88 W, 2812 MHz, 13365 MHz, 58
2026/09/23 12:02:14.395, 1, 46 %, 90670 MiB, 264.48 W, 2812 MHz, 13365 MHz, 63
2026/09/23 12:02:14.645, 0, 26 %, 90606 MiB, 238.88 W, 2812 MHz, 13365 MHz, 58
2026/09/23 12:02:14.645, 1, 46 %, 90670 MiB, 264.48 W, 2812 MHz, 13365 MHz, 63
2026/09/23 12:02:14.895, 0, 41 %, 90606 MiB, 239.38 W, 2812 MHz, 13365 MHz, 61
2026/09/23 12:02:14.895, 1, 52 %, 90670 MiB, 264.20 W, 2812 MHz, 13365 MHz, 62
2026/09/23 12:02:15.145, 0, 41 %, 90606 MiB, 239.38 W, 2812 MHz, 13365 MHz, 61
2026/09/23 12:02:15.145, 1, 52 %, 90670 MiB, 264.20 W, 2812 MHz, 13365 MHz, 62
2026/09/23 12:02:15.395, 0, 90 %, 90606 MiB, 253.49 W, 2805 MHz, 13365 MHz, 64
2026/09/23 12:02:15.395, 1, 64 %, 90670 MiB, 266.36 W, 2827 MHz, 13365 MHz, 64
2026/09/23 12:02:15.645, 0, 90 %, 90606 MiB, 253.49 W, 2805 MHz, 13365 MHz, 64
2026/09/23 12:02:15.645, 1, 64 %, 90670 MiB, 266.36 W, 2827 MHz, 13365 MHz, 64
2026/09/23 12:02:15.895, 0, 32 %, 90606 MiB, 242.38 W, 2812 MHz, 13365 MHz, 58
2026/09/23 12:02:15.895, 1, 46 %, 90670 MiB, 266.85 W, 2812 MHz, 13365 MHz, 63
2026/09/23 12:02:16.146, 0, 32 %, 90606 MiB, 242.38 W, 2812 MHz, 13365 MHz, 58
2026/09/23 12:02:16.146, 1, 46 %, 90670 MiB, 266.85 W, 2812 MHz, 13365 MHz, 63
2026/09/23 12:02:16.396, 0, 33 %, 90606 MiB, 226.44 W, 2805 MHz, 13365 MHz, 59
2026/09/23 12:02:16.396, 1, 47 %, 90670 MiB, 259.46 W, 2812 MHz, 13365 MHz, 62
2026/09/23 12:02:16.646, 0, 33 %, 90606 MiB, 226.44 W, 2805 MHz, 13365 MHz, 59
2026/09/23 12:02:16.646, 1, 47 %, 90670 MiB, 259.46 W, 2812 MHz, 13365 MHz, 62
2026/09/23 12:02:16.896, 0, 35 %, 90606 MiB, 233.61 W, 2805 MHz, 13365 MHz, 59
2026/09/23 12:02:16.896, 1, 39 %, 90670 MiB, 257.14 W, 2812 MHz, 13365 MHz, 61
2026/09/23 12:02:17.146, 0, 35 %, 90606 MiB, 233.61 W, 2805 MHz, 13365 MHz, 59
2026/09/23 12:02:17.146, 1, 39 %, 90670 MiB, 257.14 W, 2812 MHz, 13365 MHz, 61
2026/09/23 12:02:17.396, 0, 28 %, 90606 MiB, 237.88 W, 2805 MHz, 13365 MHz, 58
2026/09/23 12:02:17.396, 1, 48 %, 90670 MiB, 262.62 W, 2812 MHz, 13365 MHz, 63
2026/09/23 12:02:17.646, 0, 28 %, 90606 MiB, 237.88 W, 2805 MHz, 13365 MHz, 58
2026/09/23 12:02:17.646, 1, 48 %, 90670 MiB, 262.62 W, 2812 MHz, 13365 MHz, 63
2026/09/23 12:02:17.897, 0, 27 %, 90606 MiB, 239.69 W, 2805 MHz, 13365 MHz, 58
2026/09/23 12:02:17.897, 1, 43 %, 90670 MiB, 263.27 W, 2812 MHz, 13365 MHz, 62
2026/09/23 12:02:18.147, 0, 27 %, 90606 MiB, 239.69 W, 2805 MHz, 13365 MHz, 58
2026/09/23 12:02:18.147, 1, 43 %, 90670 MiB, 263.27 W, 2812 MHz, 13365 MHz, 62
2026/09/23 12:02:18.397, 0, 40 %, 90606 MiB, 241.26 W, 2805 MHz, 13365 MHz, 58
2026/09/23 12:02:18.397, 1, 51 %, 90670 MiB, 265.73 W, 2812 MHz, 13365 MHz, 62
2026/09/23 12:02:18.647, 0, 40 %, 90606 MiB, 241.26 W, 2805 MHz, 13365 MHz, 58
2026/09/23 12:02:18.647, 1, 51 %, 90670 MiB, 265.73 W, 2812 MHz, 13365 MHz, 62
2026/09/23 12:02:18.897, 0, 44 %, 90606 MiB, 244.07 W, 2805 MHz, 13365 MHz, 60
2026/09/23 12:02:18.897, 1, 52 %, 90670 MiB, 269.25 W, 2812 MHz, 13365 MHz, 62
2026/09/23 12:02:19.147, 0, 44 %, 90606 MiB, 244.07 W, 2805 MHz, 13365 MHz, 60
2026/09/23 12:02:19.147, 1, 52 %, 90670 MiB, 269.25 W, 2812 MHz, 13365 MHz, 62
2026/09/23 12:02:19.398, 0, 41 %, 90606 MiB, 240.81 W, 2805 MHz, 13365 MHz, 61
2026/09/23 12:02:19.398, 1, 51 %, 90670 MiB, 264.24 W, 2812 MHz, 13365 MHz, 62
2026/09/23 12:02:19.648, 0, 41 %, 90606 MiB, 240.81 W, 2805 MHz, 13365 MHz, 61
2026/09/23 12:02:19.648, 1, 51 %, 90670 MiB, 264.24 W, 2812 MHz, 13365 MHz, 62
2026/09/23 12:02:19.898, 0, 24 %, 90606 MiB, 246.16 W, 2805 MHz, 13365 MHz, 59
2026/09/23 12:02:19.898, 1, 49 %, 90670 MiB, 268.05 W, 2827 MHz, 13365 MHz, 63
2026/09/23 12:02:20.148, 0, 24 %, 90606 MiB, 246.16 W, 2805 MHz, 13365 MHz, 59
2026/09/23 12:02:20.148, 1, 49 %, 90670 MiB, 268.05 W, 2827 MHz, 13365 MHz, 63
2026/09/23 12:02:20.398, 0, 27 %, 90606 MiB, 246.16 W, 2805 MHz, 13365 MHz, 59
2026/09/23 12:02:20.400, 1, 44 %, 90670 MiB, 268.05 W, 2827 MHz, 13365 MHz, 61
2026/09/23 12:02:20.651, 0, 27 %, 90606 MiB, 246.16 W, 2805 MHz, 13365 MHz, 59
2026/09/23 12:02:20.651, 1, 44 %, 90670 MiB, 268.05 W, 2827 MHz, 13365 MHz, 61
2026/09/23 12:02:20.901, 0, 41 %, 90606 MiB, 246.16 W, 2805 MHz, 13365 MHz, 62
2026/09/23 12:02:20.901, 1, 49 %, 90670 MiB, 268.05 W, 2827 MHz, 13365 MHz, 61
2026/09/23 12:02:21.151, 0, 41 %, 90606 MiB, 246.16 W, 2805 MHz, 13365 MHz, 62
2026/09/23 12:02:21.151, 1, 49 %, 90670 MiB, 268.05 W, 2827 MHz, 13365 MHz, 61
2026/09/23 12:02:21.401, 0, 38 %, 90606 MiB, 236.74 W, 2805 MHz, 13365 MHz, 59
2026/09/23 12:02:21.401, 1, 46 %, 90670 MiB, 263.68 W, 2812 MHz, 13365 MHz, 62
2026/09/23 12:02:21.651, 0, 38 %, 90606 MiB, 236.74 W, 2805 MHz, 13365 MHz, 59
2026/09/23 12:02:21.653, 1, 46 %, 90670 MiB, 263.68 W, 2812 MHz, 13365 MHz, 62
2026/09/23 12:02:21.903, 0, 32 %, 90606 MiB, 238.23 W, 2797 MHz, 13365 MHz, 59
2026/09/23 12:02:21.903, 1, 46 %, 90670 MiB, 267.96 W, 2812 MHz, 13365 MHz, 63
2026/09/23 12:02:22.153, 0, 32 %, 90606 MiB, 238.23 W, 2797 MHz, 13365 MHz, 59
2026/09/23 12:02:22.153, 1, 46 %, 90670 MiB, 267.96 W, 2812 MHz, 13365 MHz, 63
2026/09/23 12:02:22.403, 0, 38 %, 90606 MiB, 238.23 W, 2797 MHz, 13365 MHz, 59
2026/09/23 12:02:22.404, 1, 46 %, 90670 MiB, 267.96 W, 2812 MHz, 13365 MHz, 64
2026/09/23 12:02:22.654, 0, 38 %, 90606 MiB, 238.23 W, 2797 MHz, 13365 MHz, 59
2026/09/23 12:02:22.654, 1, 46 %, 90670 MiB, 267.96 W, 2812 MHz, 13365 MHz, 64
2026/09/23 12:02:22.904, 0, 30 %, 90606 MiB, 240.16 W, 2805 MHz, 13365 MHz, 59
2026/09/23 12:02:22.904, 1, 48 %, 90670 MiB, 263.14 W, 2812 MHz, 13365 MHz, 63
2026/09/23 12:02:23.154, 0, 30 %, 90606 MiB, 240.16 W, 2805 MHz, 13365 MHz, 59
2026/09/23 12:02:23.154, 1, 48 %, 90670 MiB, 263.14 W, 2812 MHz, 13365 MHz, 63
2026/09/23 12:02:23.404, 0, 33 %, 90606 MiB, 239.51 W, 2805 MHz, 13365 MHz, 59
2026/09/23 12:02:23.404, 1, 40 %, 90670 MiB, 260.83 W, 2812 MHz, 13365 MHz, 62
2026/09/23 12:02:23.654, 0, 33 %, 90606 MiB, 239.51 W, 2805 MHz, 13365 MHz, 59
2026/09/23 12:02:23.654, 1, 40 %, 90670 MiB, 260.83 W, 2812 MHz, 13365 MHz, 62
2026/09/23 12:02:23.905, 0, 26 %, 90606 MiB, 246.71 W, 2805 MHz, 13365 MHz, 59
2026/09/23 12:02:23.905, 1, 44 %, 90670 MiB, 264.43 W, 2827 MHz, 13365 MHz, 62
2026/09/23 12:02:24.155, 0, 26 %, 90606 MiB, 246.71 W, 2805 MHz, 13365 MHz, 59
2026/09/23 12:02:24.155, 1, 44 %, 90670 MiB, 264.43 W, 2827 MHz, 13365 MHz, 62
2026/09/23 12:02:24.405, 0, 42 %, 90606 MiB, 247.03 W, 2805 MHz, 13365 MHz, 61
2026/09/23 12:02:24.405, 1, 48 %, 90670 MiB, 266.72 W, 2805 MHz, 13365 MHz, 63
2026/09/23 12:02:24.655, 0, 42 %, 90606 MiB, 247.03 W, 2805 MHz, 13365 MHz, 61
2026/09/23 12:02:24.655, 1, 48 %, 90670 MiB, 266.72 W, 2805 MHz, 13365 MHz, 63
2026/09/23 12:02:24.905, 0, 42 %, 90606 MiB, 235.31 W, 2805 MHz, 13365 MHz, 61
2026/09/23 12:02:24.905, 1, 49 %, 90670 MiB, 264.06 W, 2805 MHz, 13365 MHz, 62
2026/09/23 12:02:25.155, 0, 42 %, 90606 MiB, 235.31 W, 2805 MHz, 13365 MHz, 61
2026/09/23 12:02:25.155, 1, 49 %, 90670 MiB, 264.06 W, 2805 MHz, 13365 MHz, 62
2026/09/23 12:02:25.405, 0, 36 %, 90606 MiB, 237.01 W, 2805 MHz, 13365 MHz, 59
2026/09/23 12:02:25.405, 1, 51 %, 90670 MiB, 266.27 W, 2805 MHz, 13365 MHz, 64
2026/09/23 12:02:25.655, 0, 36 %, 90606 MiB, 237.01 W, 2805 MHz, 13365 MHz, 59
2026/09/23 12:02:25.655, 1, 51 %, 90670 MiB, 266.27 W, 2805 MHz, 13365 MHz, 64
2026/09/23 12:02:25.906, 0, 43 %, 90606 MiB, 245.12 W, 2805 MHz, 13365 MHz, 61
2026/09/23 12:02:25.906, 1, 50 %, 90670 MiB, 267.30 W, 2812 MHz, 13365 MHz, 63
2026/09/23 12:02:26.156, 0, 43 %, 90606 MiB, 245.12 W, 2805 MHz, 13365 MHz, 61
2026/09/23 12:02:26.156, 1, 50 %, 90670 MiB, 267.30 W, 2812 MHz, 13365 MHz, 63
2026/09/23 12:02:26.406, 0, 43 %, 90606 MiB, 246.88 W, 2805 MHz, 13365 MHz, 62
2026/09/23 12:02:26.406, 1, 43 %, 90670 MiB, 265.81 W, 2805 MHz, 13365 MHz, 61
2026/09/23 12:02:26.656, 0, 43 %, 90606 MiB, 246.88 W, 2805 MHz, 13365 MHz, 62
2026/09/23 12:02:26.656, 1, 43 %, 90670 MiB, 265.81 W, 2805 MHz, 13365 MHz, 61
2026/09/23 12:02:26.906, 0, 37 %, 90606 MiB, 242.26 W, 2805 MHz, 13365 MHz, 59
2026/09/23 12:02:26.906, 1, 50 %, 90670 MiB, 270.32 W, 2805 MHz, 13365 MHz, 64
2026/09/23 12:02:27.156, 0, 37 %, 90606 MiB, 242.26 W, 2805 MHz, 13365 MHz, 59
2026/09/23 12:02:27.156, 1, 50 %, 90670 MiB, 270.32 W, 2805 MHz, 13365 MHz, 64
2026/09/23 12:02:27.406, 0, 42 %, 90606 MiB, 248.28 W, 2805 MHz, 13365 MHz, 61
2026/09/23 12:02:27.406, 1, 51 %, 90670 MiB, 276.55 W, 2805 MHz, 13365 MHz, 63
2026/09/23 12:02:27.656, 0, 42 %, 90606 MiB, 248.28 W, 2805 MHz, 13365 MHz, 61
2026/09/23 12:02:27.656, 1, 51 %, 90670 MiB, 276.55 W, 2805 MHz, 13365 MHz, 63
2026/09/23 12:02:27.907, 0, 43 %, 90606 MiB, 247.48 W, 2805 MHz, 13365 MHz, 61
2026/09/23 12:02:27.907, 1, 51 %, 90670 MiB, 270.02 W, 2805 MHz, 13365 MHz, 62
2026/09/23 12:02:28.157, 0, 43 %, 90606 MiB, 247.48 W, 2805 MHz, 13365 MHz, 61
2026/09/23 12:02:28.157, 1, 51 %, 90670 MiB, 270.02 W, 2805 MHz, 13365 MHz, 62
2026/09/23 12:02:28.407, 0, 40 %, 90606 MiB, 241.68 W, 2805 MHz, 13365 MHz, 59
2026/09/23 12:02:28.407, 1, 45 %, 90670 MiB, 269.80 W, 2805 MHz, 13365 MHz, 64
2026/09/23 12:02:28.657, 0, 40 %, 90606 MiB, 241.68 W, 2805 MHz, 13365 MHz, 59
2026/09/23 12:02:28.657, 1, 45 %, 90670 MiB, 269.80 W, 2805 MHz, 13365 MHz, 64
2026/09/23 12:02:28.907, 0, 20 %, 90606 MiB, 254.18 W, 2805 MHz, 13365 MHz, 60
2026/09/23 12:02:28.907, 1, 44 %, 90670 MiB, 269.69 W, 2827 MHz, 13365 MHz, 62
2026/09/23 12:02:29.157, 0, 20 %, 90606 MiB, 254.18 W, 2805 MHz, 13365 MHz, 60
2026/09/23 12:02:29.157, 1, 44 %, 90670 MiB, 269.69 W, 2827 MHz, 13365 MHz, 62
2026/09/23 12:02:29.407, 0, 41 %, 90606 MiB, 251.14 W, 2805 MHz, 13365 MHz, 62
2026/09/23 12:02:29.407, 1, 48 %, 90670 MiB, 266.71 W, 2812 MHz, 13365 MHz, 62
2026/09/23 12:02:29.657, 0, 41 %, 90606 MiB, 251.14 W, 2805 MHz, 13365 MHz, 62
2026/09/23 12:02:29.658, 1, 48 %, 90670 MiB, 266.71 W, 2812 MHz, 13365 MHz, 62
2026/09/23 12:02:29.908, 0, 42 %, 90606 MiB, 237.18 W, 2805 MHz, 13365 MHz, 62
2026/09/23 12:02:29.908, 1, 52 %, 90670 MiB, 266.11 W, 2812 MHz, 13365 MHz, 63
2026/09/23 12:02:30.158, 0, 42 %, 90606 MiB, 237.18 W, 2805 MHz, 13365 MHz, 62
2026/09/23 12:02:30.158, 1, 52 %, 90670 MiB, 266.11 W, 2812 MHz, 13365 MHz, 63
2026/09/23 12:02:30.408, 0, 41 %, 90606 MiB, 237.38 W, 2805 MHz, 13365 MHz, 62
2026/09/23 12:02:30.408, 1, 49 %, 90670 MiB, 266.35 W, 2805 MHz, 13365 MHz, 62
2026/09/23 12:02:30.658, 0, 41 %, 90606 MiB, 237.38 W, 2805 MHz, 13365 MHz, 62
2026/09/23 12:02:30.658, 1, 49 %, 90670 MiB, 266.35 W, 2805 MHz, 13365 MHz, 62
2026/09/23 12:02:30.908, 0, 42 %, 90606 MiB, 242.27 W, 2805 MHz, 13365 MHz, 61
2026/09/23 12:02:30.909, 1, 51 %, 90670 MiB, 270.35 W, 2805 MHz, 13365 MHz, 62
2026/09/23 12:02:31.159, 0, 42 %, 90606 MiB, 242.27 W, 2805 MHz, 13365 MHz, 61
2026/09/23 12:02:31.159, 1, 51 %, 90670 MiB, 270.35 W, 2805 MHz, 13365 MHz, 62
2026/09/23 12:02:31.409, 0, 32 %, 90606 MiB, 239.88 W, 2812 MHz, 13365 MHz, 59
2026/09/23 12:02:31.409, 1, 44 %, 90670 MiB, 270.64 W, 2812 MHz, 13365 MHz, 64
2026/09/23 12:02:31.659, 0, 32 %, 90606 MiB, 239.88 W, 2812 MHz, 13365 MHz, 59
2026/09/23 12:02:31.659, 1, 44 %, 90670 MiB, 270.64 W, 2812 MHz, 13365 MHz, 64
2026/09/23 12:02:31.909, 0, 30 %, 90606 MiB, 234.96 W, 2812 MHz, 13365 MHz, 59
2026/09/23 12:02:31.909, 1, 46 %, 90670 MiB, 264.38 W, 2812 MHz, 13365 MHz, 64
2026/09/23 12:02:32.159, 0, 30 %, 90606 MiB, 234.96 W, 2812 MHz, 13365 MHz, 59
2026/09/23 12:02:32.159, 1, 46 %, 90670 MiB, 264.38 W, 2812 MHz, 13365 MHz, 64
2026/09/23 12:02:32.409, 0, 41 %, 90606 MiB, 240.89 W, 2812 MHz, 13365 MHz, 61
2026/09/23 12:02:32.409, 1, 44 %, 90670 MiB, 261.07 W, 2812 MHz, 13365 MHz, 63
2026/09/23 12:02:32.659, 0, 41 %, 90606 MiB, 240.89 W, 2812 MHz, 13365 MHz, 61
2026/09/23 12:02:32.660, 1, 44 %, 90670 MiB, 261.07 W, 2812 MHz, 13365 MHz, 63
2026/09/23 12:02:32.910, 0, 35 %, 90606 MiB, 246.36 W, 2812 MHz, 13365 MHz, 60
2026/09/23 12:02:32.910, 1, 36 %, 90670 MiB, 264.36 W, 2805 MHz, 13365 MHz, 62
2026/09/23 12:02:33.160, 0, 35 %, 90606 MiB, 246.36 W, 2812 MHz, 13365 MHz, 60
2026/09/23 12:02:33.160, 1, 36 %, 90670 MiB, 264.36 W, 2805 MHz, 13365 MHz, 62
2026/09/23 12:02:33.410, 0, 32 %, 90606 MiB, 245.73 W, 2805 MHz, 13365 MHz, 59
2026/09/23 12:02:33.410, 1, 47 %, 90670 MiB, 269.10 W, 2812 MHz, 13365 MHz, 64
2026/09/23 12:02:33.660, 0, 32 %, 90606 MiB, 245.73 W, 2805 MHz, 13365 MHz, 59
2026/09/23 12:02:33.660, 1, 47 %, 90670 MiB, 269.10 W, 2812 MHz, 13365 MHz, 64
2026/09/23 12:02:33.910, 0, 42 %, 90606 MiB, 245.28 W, 2805 MHz, 13365 MHz, 62
2026/09/23 12:02:33.910, 1, 52 %, 90670 MiB, 270.38 W, 2812 MHz, 13365 MHz, 64
2026/09/23 12:02:34.160, 0, 42 %, 90606 MiB, 245.28 W, 2805 MHz, 13365 MHz, 62
2026/09/23 12:02:34.160, 1, 52 %, 90670 MiB, 270.38 W, 2812 MHz, 13365 MHz, 64
2026/09/23 12:02:34.410, 0, 41 %, 90606 MiB, 246.02 W, 2805 MHz, 13365 MHz, 62
2026/09/23 12:02:34.410, 1, 41 %, 90670 MiB, 265.21 W, 2805 MHz, 13365 MHz, 62
2026/09/23 12:02:34.660, 0, 41 %, 90606 MiB, 246.02 W, 2805 MHz, 13365 MHz, 62
2026/09/23 12:02:34.660, 1, 41 %, 90670 MiB, 265.21 W, 2805 MHz, 13365 MHz, 62
2026/09/23 12:02:34.911, 0, 41 %, 90606 MiB, 239.85 W, 2805 MHz, 13365 MHz, 60
2026/09/23 12:02:34.911, 1, 44 %, 90670 MiB, 265.00 W, 2812 MHz, 13365 MHz, 63
2026/09/23 12:02:35.161, 0, 41 %, 90606 MiB, 239.85 W, 2805 MHz, 13365 MHz, 60
2026/09/23 12:02:35.161, 1, 44 %, 90670 MiB, 265.00 W, 2812 MHz, 13365 MHz, 63
2026/09/23 12:02:35.411, 0, 35 %, 90606 MiB, 239.22 W, 2805 MHz, 13365 MHz, 60
2026/09/23 12:02:35.411, 1, 45 %, 90670 MiB, 268.99 W, 2805 MHz, 13365 MHz, 65
2026/09/23 12:02:35.661, 0, 35 %, 90606 MiB, 239.22 W, 2805 MHz, 13365 MHz, 60
2026/09/23 12:02:35.661, 1, 45 %, 90670 MiB, 268.99 W, 2805 MHz, 13365 MHz, 65
2026/09/23 12:02:35.911, 0, 43 %, 90606 MiB, 244.73 W, 2805 MHz, 13365 MHz, 61
2026/09/23 12:02:35.911, 1, 51 %, 90670 MiB, 268.31 W, 2797 MHz, 13365 MHz, 64
2026/09/23 12:02:36.161, 0, 43 %, 90606 MiB, 244.73 W, 2805 MHz, 13365 MHz, 61
2026/09/23 12:02:36.161, 1, 51 %, 90670 MiB, 268.31 W, 2797 MHz, 13365 MHz, 64
2026/09/23 12:02:36.411, 0, 42 %, 90606 MiB, 246.27 W, 2805 MHz, 13365 MHz, 62
2026/09/23 12:02:36.411, 1, 49 %, 90670 MiB, 265.51 W, 2797 MHz, 13365 MHz, 62
2026/09/23 12:02:36.661, 0, 42 %, 90606 MiB, 246.27 W, 2805 MHz, 13365 MHz, 62
2026/09/23 12:02:36.661, 1, 49 %, 90670 MiB, 265.51 W, 2797 MHz, 13365 MHz, 62
2026/09/23 12:02:36.912, 0, 38 %, 90606 MiB, 241.77 W, 2805 MHz, 13365 MHz, 59
2026/09/23 12:02:36.912, 1, 45 %, 90670 MiB, 269.39 W, 2812 MHz, 13365 MHz, 65
2026/09/23 12:02:37.162, 0, 38 %, 90606 MiB, 241.77 W, 2805 MHz, 13365 MHz, 59
2026/09/23 12:02:37.162, 1, 45 %, 90670 MiB, 269.39 W, 2812 MHz, 13365 MHz, 65
2026/09/23 12:02:37.412, 0, 55 %, 90606 MiB, 249.10 W, 2805 MHz, 13365 MHz, 63
2026/09/23 12:02:37.412, 1, 83 %, 90670 MiB, 275.59 W, 2805 MHz, 13365 MHz, 65
2026/09/23 12:02:37.662, 0, 55 %, 90606 MiB, 249.10 W, 2805 MHz, 13365 MHz, 63
2026/09/23 12:02:37.662, 1, 83 %, 90670 MiB, 275.59 W, 2805 MHz, 13365 MHz, 65
2026/09/23 12:02:37.912, 0, 42 %, 90606 MiB, 256.08 W, 2812 MHz, 13365 MHz, 62
2026/09/23 12:02:37.912, 1, 51 %, 90670 MiB, 269.17 W, 2797 MHz, 13365 MHz, 63
2026/09/23 12:02:38.162, 0, 42 %, 90606 MiB, 256.08 W, 2812 MHz, 13365 MHz, 62
2026/09/23 12:02:38.162, 1, 51 %, 90670 MiB, 269.17 W, 2797 MHz, 13365 MHz, 63
2026/09/23 12:02:38.412, 0, 43 %, 90606 MiB, 250.36 W, 2805 MHz, 13365 MHz, 61
2026/09/23 12:02:38.412, 1, 43 %, 90670 MiB, 277.85 W, 2805 MHz, 13365 MHz, 62
2026/09/23 12:02:38.662, 0, 43 %, 90606 MiB, 250.36 W, 2805 MHz, 13365 MHz, 61
2026/09/23 12:02:38.662, 1, 43 %, 90670 MiB, 277.85 W, 2805 MHz, 13365 MHz, 62
2026/09/23 12:02:38.912, 0, 29 %, 90606 MiB, 241.42 W, 2805 MHz, 13365 MHz, 60
2026/09/23 12:02:38.912, 1, 42 %, 90670 MiB, 266.00 W, 2805 MHz, 13365 MHz, 62
2026/09/23 12:02:39.163, 0, 29 %, 90606 MiB, 241.42 W, 2805 MHz, 13365 MHz, 60
2026/09/23 12:02:39.163, 1, 42 %, 90670 MiB, 266.00 W, 2805 MHz, 13365 MHz, 62
2026/09/23 12:02:39.413, 0, 35 %, 90606 MiB, 240.95 W, 2805 MHz, 13365 MHz, 60
2026/09/23 12:02:39.413, 1, 46 %, 90670 MiB, 268.70 W, 2797 MHz, 13365 MHz, 63
2026/09/23 12:02:39.663, 0, 35 %, 90606 MiB, 240.95 W, 2805 MHz, 13365 MHz, 60
2026/09/23 12:02:39.663, 1, 46 %, 90670 MiB, 268.70 W, 2797 MHz, 13365 MHz, 63
2026/09/23 12:02:39.913, 0, 32 %, 90606 MiB, 241.63 W, 2805 MHz, 13365 MHz, 60
2026/09/23 12:02:39.913, 1, 50 %, 90670 MiB, 268.21 W, 2805 MHz, 13365 MHz, 65
2026/09/23 12:02:40.163, 0, 32 %, 90606 MiB, 241.63 W, 2805 MHz, 13365 MHz, 60
2026/09/23 12:02:40.163, 1, 50 %, 90670 MiB, 268.21 W, 2805 MHz, 13365 MHz, 65
2026/09/23 12:02:40.413, 0, 34 %, 90606 MiB, 242.39 W, 2805 MHz, 13365 MHz, 60
2026/09/23 12:02:40.413, 1, 48 %, 90670 MiB, 270.11 W, 2805 MHz, 13365 MHz, 64
2026/09/23 12:02:40.663, 0, 34 %, 90606 MiB, 242.39 W, 2805 MHz, 13365 MHz, 60
2026/09/23 12:02:40.663, 1, 48 %, 90670 MiB, 270.11 W, 2805 MHz, 13365 MHz, 64
2026/09/23 12:02:40.913, 0, 42 %, 90606 MiB, 247.97 W, 2805 MHz, 13365 MHz, 62
2026/09/23 12:02:40.913, 1, 49 %, 90670 MiB, 269.50 W, 2797 MHz, 13365 MHz, 63
2026/09/23 12:02:41.163, 0, 42 %, 90606 MiB, 247.97 W, 2805 MHz, 13365 MHz, 62
2026/09/23 12:02:41.164, 1, 49 %, 90670 MiB, 269.50 W, 2797 MHz, 13365 MHz, 63
2026/09/23 12:02:41.414, 0, 45 %, 90606 MiB, 245.58 W, 2805 MHz, 13365 MHz, 61
2026/09/23 12:02:41.414, 1, 47 %, 90670 MiB, 270.02 W, 2797 MHz, 13365 MHz, 64
2026/09/23 12:02:41.664, 0, 45 %, 90606 MiB, 245.58 W, 2805 MHz, 13365 MHz, 61
2026/09/23 12:02:41.664, 1, 47 %, 90670 MiB, 270.02 W, 2797 MHz, 13365 MHz, 64
2026/09/23 12:02:41.914, 0, 38 %, 90606 MiB, 245.82 W, 2805 MHz, 13365 MHz, 60
2026/09/23 12:02:41.914, 1, 51 %, 90670 MiB, 273.96 W, 2797 MHz, 13365 MHz, 65
2026/09/23 12:02:42.164, 0, 38 %, 90606 MiB, 245.82 W, 2805 MHz, 13365 MHz, 60
2026/09/23 12:02:42.164, 1, 51 %, 90670 MiB, 273.96 W, 2797 MHz, 13365 MHz, 65
2026/09/23 12:02:42.414, 0, 89 %, 90606 MiB, 251.99 W, 2812 MHz, 13365 MHz, 65
2026/09/23 12:02:42.414, 1, 74 %, 90670 MiB, 264.40 W, 2827 MHz, 13365 MHz, 65
2026/09/23 12:02:42.664, 0, 89 %, 90606 MiB, 251.99 W, 2812 MHz, 13365 MHz, 65
2026/09/23 12:02:42.664, 1, 74 %, 90670 MiB, 264.40 W, 2827 MHz, 13365 MHz, 65
2026/09/23 12:02:42.914, 0, 43 %, 90606 MiB, 246.24 W, 2805 MHz, 13365 MHz, 60
2026/09/23 12:02:42.914, 1, 50 %, 90670 MiB, 271.14 W, 2797 MHz, 13365 MHz, 65
2026/09/23 12:02:43.164, 0, 43 %, 90606 MiB, 246.24 W, 2805 MHz, 13365 MHz, 60
2026/09/23 12:02:43.164, 1, 50 %, 90670 MiB, 271.14 W, 2797 MHz, 13365 MHz, 65
2026/09/23 12:02:43.415, 0, 43 %, 90606 MiB, 249.40 W, 2805 MHz, 13365 MHz, 62
2026/09/23 12:02:43.415, 1, 54 %, 90670 MiB, 296.21 W, 2790 MHz, 13365 MHz, 63
2026/09/23 12:02:43.665, 0, 43 %, 90606 MiB, 249.40 W, 2805 MHz, 13365 MHz, 62
2026/09/23 12:02:43.665, 1, 54 %, 90670 MiB, 296.21 W, 2790 MHz, 13365 MHz, 63
2026/09/23 12:02:43.915, 0, 42 %, 90606 MiB, 258.88 W, 2805 MHz, 13365 MHz, 63
2026/09/23 12:02:43.915, 1, 52 %, 90670 MiB, 282.16 W, 2797 MHz, 13365 MHz, 63
2026/09/23 12:02:44.165, 0, 42 %, 90606 MiB, 258.88 W, 2805 MHz, 13365 MHz, 63
2026/09/23 12:02:44.165, 1, 52 %, 90670 MiB, 282.16 W, 2797 MHz, 13365 MHz, 63
2026/09/23 12:02:44.415, 0, 41 %, 90606 MiB, 256.76 W, 2805 MHz, 13365 MHz, 62
2026/09/23 12:02:44.415, 1, 53 %, 90670 MiB, 286.99 W, 2790 MHz, 13365 MHz, 65
2026/09/23 12:02:44.665, 0, 41 %, 90606 MiB, 256.76 W, 2805 MHz, 13365 MHz, 62
2026/09/23 12:02:44.665, 1, 53 %, 90670 MiB, 286.99 W, 2790 MHz, 13365 MHz, 65
2026/09/23 12:02:44.915, 0, 42 %, 90606 MiB, 254.90 W, 2805 MHz, 13365 MHz, 61
2026/09/23 12:02:44.916, 1, 53 %, 90670 MiB, 290.79 W, 2797 MHz, 13365 MHz, 66
2026/09/23 12:02:45.167, 0, 42 %, 90606 MiB, 254.90 W, 2805 MHz, 13365 MHz, 61
2026/09/23 12:02:45.167, 1, 53 %, 90670 MiB, 290.79 W, 2797 MHz, 13365 MHz, 66
2026/09/23 12:02:45.417, 0, 44 %, 90606 MiB, 254.90 W, 2805 MHz, 13365 MHz, 60
2026/09/23 12:02:45.417, 1, 53 %, 90670 MiB, 290.79 W, 2797 MHz, 13365 MHz, 66
2026/09/23 12:02:45.667, 0, 44 %, 90606 MiB, 254.90 W, 2805 MHz, 13365 MHz, 60
2026/09/23 12:02:45.667, 1, 53 %, 90670 MiB, 290.79 W, 2797 MHz, 13365 MHz, 66
2026/09/23 12:02:45.918, 0, 44 %, 90606 MiB, 256.82 W, 2805 MHz, 13365 MHz, 60
2026/09/23 12:02:45.918, 1, 50 %, 90670 MiB, 289.25 W, 2797 MHz, 13365 MHz, 64
2026/09/23 12:02:46.168, 0, 44 %, 90606 MiB, 256.82 W, 2805 MHz, 13365 MHz, 60
2026/09/23 12:02:46.168, 1, 50 %, 90670 MiB, 289.25 W, 2797 MHz, 13365 MHz, 64
2026/09/23 12:02:46.418, 0, 39 %, 90606 MiB, 264.55 W, 2805 MHz, 13365 MHz, 61
2026/09/23 12:02:46.418, 1, 54 %, 90670 MiB, 288.39 W, 2820 MHz, 13365 MHz, 66
2026/09/23 12:02:46.668, 0, 39 %, 90606 MiB, 264.55 W, 2805 MHz, 13365 MHz, 61
2026/09/23 12:02:46.668, 1, 54 %, 90670 MiB, 288.39 W, 2820 MHz, 13365 MHz, 66
2026/09/23 12:02:46.918, 0, 45 %, 90606 MiB, 263.02 W, 2805 MHz, 13365 MHz, 60
2026/09/23 12:02:46.918, 1, 50 %, 90670 MiB, 288.56 W, 2797 MHz, 13365 MHz, 64
2026/09/23 12:02:47.168, 0, 45 %, 90606 MiB, 263.02 W, 2805 MHz, 13365 MHz, 60
2026/09/23 12:02:47.168, 1, 50 %, 90670 MiB, 288.56 W, 2797 MHz, 13365 MHz, 64
2026/09/23 12:02:47.418, 0, 42 %, 90606 MiB, 256.57 W, 2805 MHz, 13365 MHz, 62
2026/09/23 12:02:47.418, 1, 54 %, 90670 MiB, 286.69 W, 2797 MHz, 13365 MHz, 63
2026/09/23 12:02:47.668, 0, 42 %, 90606 MiB, 256.57 W, 2805 MHz, 13365 MHz, 62
2026/09/23 12:02:47.668, 1, 54 %, 90670 MiB, 286.69 W, 2797 MHz, 13365 MHz, 63
2026/09/23 12:02:47.918, 0, 41 %, 90606 MiB, 260.30 W, 2805 MHz, 13365 MHz, 63
2026/09/23 12:02:47.919, 1, 51 %, 90670 MiB, 283.09 W, 2797 MHz, 13365 MHz, 63
2026/09/23 12:02:48.169, 0, 41 %, 90606 MiB, 260.30 W, 2805 MHz, 13365 MHz, 63
2026/09/23 12:02:48.169, 1, 51 %, 90670 MiB, 283.09 W, 2797 MHz, 13365 MHz, 63
2026/09/23 12:02:48.419, 0, 43 %, 90606 MiB, 256.85 W, 2805 MHz, 13365 MHz, 62
2026/09/23 12:02:48.419, 1, 53 %, 90670 MiB, 286.19 W, 2797 MHz, 13365 MHz, 66
2026/09/23 12:02:48.669, 0, 43 %, 90606 MiB, 256.85 W, 2805 MHz, 13365 MHz, 62
2026/09/23 12:02:48.669, 1, 53 %, 90670 MiB, 286.19 W, 2797 MHz, 13365 MHz, 66
2026/09/23 12:02:48.919, 0, 45 %, 90606 MiB, 254.43 W, 2805 MHz, 13365 MHz, 61
2026/09/23 12:02:48.919, 1, 51 %, 90670 MiB, 288.29 W, 2797 MHz, 13365 MHz, 66
2026/09/23 12:02:49.169, 0, 45 %, 90606 MiB, 254.43 W, 2805 MHz, 13365 MHz, 61
2026/09/23 12:02:49.169, 1, 51 %, 90670 MiB, 288.29 W, 2797 MHz, 13365 MHz, 66
2026/09/23 12:02:49.419, 0, 44 %, 90606 MiB, 256.70 W, 2805 MHz, 13365 MHz, 60
2026/09/23 12:02:49.419, 1, 53 %, 90670 MiB, 286.63 W, 2797 MHz, 13365 MHz, 65
2026/09/23 12:02:49.669, 0, 44 %, 90606 MiB, 256.70 W, 2805 MHz, 13365 MHz, 60
2026/09/23 12:02:49.669, 1, 53 %, 90670 MiB, 286.63 W, 2797 MHz, 13365 MHz, 65
2026/09/23 12:02:49.919, 0, 37 %, 90606 MiB, 252.58 W, 2805 MHz, 13365 MHz, 61
2026/09/23 12:02:49.920, 1, 58 %, 90670 MiB, 278.55 W, 2797 MHz, 13365 MHz, 67
2026/09/23 12:02:50.170, 0, 37 %, 90606 MiB, 252.58 W, 2805 MHz, 13365 MHz, 61
2026/09/23 12:02:50.170, 1, 58 %, 90670 MiB, 278.55 W, 2797 MHz, 13365 MHz, 67
2026/09/23 12:02:50.420, 0, 43 %, 90606 MiB, 264.23 W, 2812 MHz, 13365 MHz, 63
2026/09/23 12:02:50.420, 1, 54 %, 90670 MiB, 285.93 W, 2790 MHz, 13365 MHz, 64
2026/09/23 12:02:50.670, 0, 43 %, 90606 MiB, 264.23 W, 2812 MHz, 13365 MHz, 63
2026/09/23 12:02:50.670, 1, 54 %, 90670 MiB, 285.93 W, 2790 MHz, 13365 MHz, 64
2026/09/23 12:02:50.920, 0, 41 %, 90606 MiB, 269.26 W, 2805 MHz, 13365 MHz, 63
2026/09/23 12:02:50.920, 1, 56 %, 90670 MiB, 295.06 W, 2797 MHz, 13365 MHz, 66
2026/09/23 12:02:51.170, 0, 41 %, 90606 MiB, 269.26 W, 2805 MHz, 13365 MHz, 63
2026/09/23 12:02:51.170, 1, 56 %, 90670 MiB, 295.06 W, 2797 MHz, 13365 MHz, 66
2026/09/23 12:02:51.420, 0, 44 %, 90606 MiB, 255.26 W, 2797 MHz, 13365 MHz, 61
2026/09/23 12:02:51.420, 1, 54 %, 90670 MiB, 290.69 W, 2797 MHz, 13365 MHz, 66
2026/09/23 12:02:51.670, 0, 44 %, 90606 MiB, 255.26 W, 2797 MHz, 13365 MHz, 61
2026/09/23 12:02:51.670, 1, 54 %, 90670 MiB, 290.69 W, 2797 MHz, 13365 MHz, 66
2026/09/23 12:02:51.920, 0, 44 %, 90606 MiB, 255.88 W, 2797 MHz, 13365 MHz, 61
2026/09/23 12:02:51.922, 1, 52 %, 90670 MiB, 290.14 W, 2797 MHz, 13365 MHz, 66
2026/09/23 12:02:52.172, 0, 44 %, 90606 MiB, 255.88 W, 2797 MHz, 13365 MHz, 61
2026/09/23 12:02:52.172, 1, 52 %, 90670 MiB, 290.14 W, 2797 MHz, 13365 MHz, 66
2026/09/23 12:02:52.422, 0, 44 %, 90606 MiB, 255.88 W, 2797 MHz, 13365 MHz, 61
2026/09/23 12:02:52.422, 1, 52 %, 90670 MiB, 290.14 W, 2797 MHz, 13365 MHz, 65
2026/09/23 12:02:52.672, 0, 44 %, 90606 MiB, 255.88 W, 2797 MHz, 13365 MHz, 61
2026/09/23 12:02:52.672, 1, 52 %, 90670 MiB, 290.14 W, 2797 MHz, 13365 MHz, 65
2026/09/23 12:02:52.922, 0, 42 %, 90606 MiB, 260.66 W, 2805 MHz, 13365 MHz, 62
2026/09/23 12:02:52.922, 1, 55 %, 90670 MiB, 287.14 W, 2797 MHz, 13365 MHz, 64
2026/09/23 12:02:53.172, 0, 42 %, 90606 MiB, 260.66 W, 2805 MHz, 13365 MHz, 62
2026/09/23 12:02:53.172, 1, 55 %, 90670 MiB, 287.14 W, 2797 MHz, 13365 MHz, 64
2026/09/23 12:02:53.423, 0, 42 %, 90606 MiB, 257.41 W, 2805 MHz, 13365 MHz, 63
2026/09/23 12:02:53.423, 1, 54 %, 90670 MiB, 287.04 W, 2797 MHz, 13365 MHz, 65
2026/09/23 12:02:53.673, 0, 42 %, 90606 MiB, 257.41 W, 2805 MHz, 13365 MHz, 63
2026/09/23 12:02:53.673, 1, 54 %, 90670 MiB, 287.04 W, 2797 MHz, 13365 MHz, 65
2026/09/23 12:02:53.923, 0, 75 %, 90606 MiB, 269.55 W, 2797 MHz, 13365 MHz, 64
2026/09/23 12:02:53.923, 1, 52 %, 90670 MiB, 287.46 W, 2812 MHz, 13365 MHz, 64
2026/09/23 12:02:54.173, 0, 75 %, 90606 MiB, 269.55 W, 2797 MHz, 13365 MHz, 64
2026/09/23 12:02:54.173, 1, 52 %, 90670 MiB, 287.46 W, 2812 MHz, 13365 MHz, 64
2026/09/23 12:02:54.423, 0, 41 %, 90606 MiB, 259.23 W, 2797 MHz, 13365 MHz, 62
2026/09/23 12:02:54.423, 1, 55 %, 90670 MiB, 291.46 W, 2790 MHz, 13365 MHz, 66
2026/09/23 12:02:54.673, 0, 41 %, 90606 MiB, 259.23 W, 2797 MHz, 13365 MHz, 62
2026/09/23 12:02:54.673, 1, 55 %, 90670 MiB, 291.46 W, 2790 MHz, 13365 MHz, 66
2026/09/23 12:02:54.923, 0, 44 %, 90606 MiB, 263.50 W, 2797 MHz, 13365 MHz, 61
2026/09/23 12:02:54.923, 1, 54 %, 90670 MiB, 292.08 W, 2797 MHz, 13365 MHz, 66
2026/09/23 12:02:55.173, 0, 44 %, 90606 MiB, 263.50 W, 2797 MHz, 13365 MHz, 61
2026/09/23 12:02:55.173, 1, 54 %, 90670 MiB, 292.08 W, 2797 MHz, 13365 MHz, 66
2026/09/23 12:02:55.424, 0, 44 %, 90606 MiB, 256.49 W, 2805 MHz, 13365 MHz, 61
2026/09/23 12:02:55.424, 1, 52 %, 90670 MiB, 287.22 W, 2790 MHz, 13365 MHz, 66
2026/09/23 12:02:55.674, 0, 44 %, 90606 MiB, 256.49 W, 2805 MHz, 13365 MHz, 61
2026/09/23 12:02:55.674, 1, 52 %, 90670 MiB, 287.22 W, 2790 MHz, 13365 MHz, 66
2026/09/23 12:02:55.924, 0, 42 %, 90606 MiB, 260.53 W, 2797 MHz, 13365 MHz, 63
2026/09/23 12:02:55.924, 1, 53 %, 90670 MiB, 285.13 W, 2790 MHz, 13365 MHz, 64
2026/09/23 12:02:56.174, 0, 42 %, 90606 MiB, 260.53 W, 2797 MHz, 13365 MHz, 63
2026/09/23 12:02:56.174, 1, 53 %, 90670 MiB, 285.13 W, 2790 MHz, 13365 MHz, 64
2026/09/23 12:02:56.424, 0, 42 %, 90606 MiB, 260.64 W, 2797 MHz, 13365 MHz, 64
2026/09/23 12:02:56.424, 1, 53 %, 90670 MiB, 285.80 W, 2790 MHz, 13365 MHz, 65
2026/09/23 12:02:56.674, 0, 42 %, 90606 MiB, 260.64 W, 2797 MHz, 13365 MHz, 64
2026/09/23 12:02:56.674, 1, 53 %, 90670 MiB, 285.80 W, 2790 MHz, 13365 MHz, 65
2026/09/23 12:02:56.924, 0, 43 %, 90606 MiB, 257.06 W, 2797 MHz, 13365 MHz, 62
2026/09/23 12:02:56.924, 1, 53 %, 90670 MiB, 289.24 W, 2797 MHz, 13365 MHz, 66
2026/09/23 12:02:57.174, 0, 43 %, 90606 MiB, 257.06 W, 2797 MHz, 13365 MHz, 62
2026/09/23 12:02:57.174, 1, 53 %, 90670 MiB, 289.24 W, 2797 MHz, 13365 MHz, 66
2026/09/23 12:02:57.425, 0, 44 %, 90606 MiB, 258.05 W, 2797 MHz, 13365 MHz, 62
2026/09/23 12:02:57.425, 1, 52 %, 90670 MiB, 287.98 W, 2797 MHz, 13365 MHz, 65
