1790402165852 [server] build: memra-0.138.0-607b84a850c4 (id: source-tree, git: c6f9282c26e7)
1790402165852 [server] starting; models config = [("q9", "/data/ai-ml/hf-models/qwen35-9b-nvfp4-gguf/Qwen3.5-9B-NVFP4-MTP-GGUF.gguf", None)]
1790402165852 [gpu-watch] Xid source: journalctl -k -f (/dev/kmsg unreadable — kernel.dmesg_restrict)
1790402165853 [worker-affinity] off (MEMRA_WORKER_CPUSET / MEMRA_WORKER_AFFINITY unset or =0)
1790402166053 [gpu-watch] on: every 60s, probe deadline 10s, fatal after 3 consecutive misses (MEMRA_GPU_PROBE_MISSES), fatal Xid [48, 64, 79, 94, 95, 119, 120]
1790402166125 [worker] Engine ready (device=0, MEMRA_FAST=true)
1790402166125 [spec-gate] policy placement=single-or-non-pp2 LOW=2 HIGH=4 source=placement-default spec-admission=on
1790402166125 [spec-k] automatic table: prompt<1024 -> K=3; cold-long -> K=3; prompt>= 1024 and cached>= 1024 -> K=2 (K=5 when the loaded MTP head is rank-trimmed)
1790402166125 [worker] loading model "q9" <- /data/ai-ml/hf-models/qwen35-9b-nvfp4-gguf/Qwen3.5-9B-NVFP4-MTP-GGUF.gguf
1790402166169 [tensor-contract] bound 668 semantic tensors (pack qwen35, Gguf, output head Separate); every census tensor is claimed and every required tensor is present with its declared shape and storage
1790402167795 [q8rp] split-plane decode mirrors built: 92 tensors
1790402167936 [worker]   loaded "q9": 33 layers, eos=248046, stop=[248046]
1790402167936 [worker] q9: template caps tools=true think=true think_switch=true chat_ok=true effort_levels=false qwen_effort=false gemma_think=false dsv4=false glm5=false ctx=262144 tok="qwen35" instruct=Some("chatml") chat_defaults=None/None
1790402167936 [route-contract] model="q9" route=hybrid-worker capacity=64 sessions implemented=[capacity,occupancy,progress,fault-ownership,shutdown-ownership,memory-cost,rewrite-qualification,prime-fairness,service-metrics] refused=[]
1790402167936 [worker] q9: decode wave cap 16; scheduler tick cap 16 (exact-16 tier)
1790402167936 [prefix-cache] on: budget 2052MB (2051538944 B, derived: 2 x 1025769472 B max entry for model "q9" at served ctx 65536 (from MEMRA_CTX; MEMRA_CTX set), requested 2051538944 B; boot driver free 18258395136 B, post-reserve clamp 16647782400 B), policy plain-LRU (global oldest unleased entry first; leases untouchable), min prefix 64 tokens, immediate partial restore=off (rollback) (transformer-only; hybrid mid-entry + routed-MoE N/A)
1790402167936 [admission] "q9": plain 14848 B/token, spec 16704 B/token; fixed residual learns from effective-free deltas
1790402167936 [prime-walk] model="q9" route=mtp supported=true yield_door=true [gdn_dspark_compatible=true mtp_head_loaded=true no_hyper_connections=true no_pipeline_cuts=true]
1790402169198 [fa-pool] grow #0 dev=0 o_len 0 -> 266240 ml_len 0 -> 1040 (retired kept, zero=false)
1790402169208 [func] CAPTURE-TIME kernel lookup (not warmed): embed_gather_u32
1790402169208 [func] CAPTURE-TIME kernel lookup (not warmed): qmatvec_q8_0_mmvq
1790402169208 [func] CAPTURE-TIME kernel lookup (not warmed): inc_i32
1790402169208 [fa-pool] grow #1 dev=0 o_len 266240 -> 532480 ml_len 1040 -> 2080 (retired kept, zero=false)
1790402169209 [func] CAPTURE-TIME kernel lookup (not warmed): fa_decode_vec_q_v4_deep_dc
1790402169209 [func] CAPTURE-TIME kernel lookup (not warmed): fa_decode_combine_f32
1790402169209 [func] CAPTURE-TIME kernel lookup (not warmed): memra_sctr_inc
1790402169209 [func] CAPTURE-TIME kernel lookup (not warmed): gumbel_perturb_filtered_ctr_f32
1790402169214 [spec] draft-session state high-water: 41MB (max of parked delta 41MB and capture-time pool peak 9MB; charged per spec admission and gating future captures)
1790402169256 [fa-pool] grow #2 dev=0 o_len 532480 -> 1064960 ml_len 2080 -> 4160 (retired kept, zero=false)
1790402169610 [device-trim] reason=calibration-complete {"device":0,"reclaimed_bytes":1442840576,"still_owned_bytes":8327347072,"pool_reserved_bytes":8455716864,"pool_cached_bytes":128369792,"driver_free_bytes":16379346944,"synchronization_errors":[]}
1790402169610 [admit-cal] post-probe pool trim: released 1376MB cached back to the driver
1790402169610 [admit-cal] boot calibration done: model="q9" route=mtp transient floor 1536MB (static was 1536MB; measured 1266MB; probe kv charge 67MB, draft-state 41MB, drafted 48 accepted 47; [dev0 peak-mapped 9440MB rest-mapped 8064MB charged 109MB -> 1266MB]; 1.7s)
1790402169610 [admit-predict] shadow armed: budget_bytes=12845565056 budget_src=derived(effective_free_bytes=16507716736 - prefix_cache_budget_bytes=2051538944 - admission_reserve_bytes=1610612736) exempt_tenants=0 enforce=false (logging only, nothing is rejected; enforcement is a separate flip)
1790402169610 [admit-mem] door=ON open_output_tokens=8192 defer_budget_ms=8000 (admission charges prompt+output, the reclaim flush demotes to the host tier before dropping, and a memory defer past the budget refuses 429 instead of queueing past the client's deadline)
1790402169610 [kv-vmm] door=OFF (MEMRA_KV_ALLOCATOR unset or pooled: pooled K/V planes)
1790402169610 [server] worker ready; serving models: ["q9"]
1790402169610 [server] listening on http://127.0.0.1:18526
1790402170964 [meter] admit id=chatcmpl-496eae99c3ef0aab2513f8e51d1bddeb tenant=default lane=interactive model="q9"
1790402170964 [admission] per-session draft-state charge: model="q9" +44MB (measured capture high-water)
1790402170964 [admission] request cost: model="q9" ctx=186 path=spec = 16704 B/token x ctx + 32MB prefill-workspace + 0MB fixed = 36MB
1790402170964 [admit-predict] id=chatcmpl-496eae99c3ef0aab2513f8e51d1bddeb tenant="" model="q9" verdict=admit reason=maxtok-fallback prompt=90 predicted_completion=32 kv_hat=78516624 booked_bytes=0 booked_real=0 inflight=0 cap=64 budget_bytes=12845565056 retry_after_s=- exempt=0 enforce=0 live_free_bytes=-
1790402170966 [admit-mem] id=chatcmpl-496eae99c3ef0aab2513f8e51d1bddeb model="q9" verdict=admit prompt=90 output_bound=32 charged_ctx=186 est_bytes=1690064784 est_context=3106944 est_fixed=1686957840 device_free=16507716736 pending_prime=0 pending_seed=0 host_free=0 demotable=0 short_by=0 inflight=0 cap=64 waited_ms=0 retry_after_s=-
1790402170966 [spec-k] model="q9" tenant="" K=3 source=cold-short prompt=90 cached=0 lcp=0 active=1 wave=1 placement=single-or-non-pp2
1790402170966 [admission] fixed residual high-water: model="q9" 103MB (observed 105MB at ctx 130 path=spec)
1790402171230 [spec-acc] ctx=90 burst=24/27 cum=24/27=0.889
1790402173233 [meter] admit id=chatcmpl-04eae4196d311949873f4b7b97777d77 tenant=default lane=interactive model="q9"
1790402173235 [admission] per-session draft-state charge: model="q9" +44MB (measured capture high-water)
1790402173235 [admission] request cost: model="q9" ctx=9695 path=spec = 16704 B/token x ctx + 519MB prefill-workspace + 103MB fixed = 784MB
1790402173235 [admit-predict] id=chatcmpl-04eae4196d311949873f4b7b97777d77 tenant="" model="q9" verdict=admit reason=global-p95 prompt=1439 predicted_completion=32 kv_hat=690558728 booked_bytes=0 booked_real=0 inflight=0 cap=64 budget_bytes=12845565056 retry_after_s=- exempt=0 enforce=0 live_free_bytes=-
1790402173235 [admit-mem] id=chatcmpl-04eae4196d311949873f4b7b97777d77 model="q9" verdict=admit prompt=1439 output_bound=- charged_ctx=9695 est_bytes=2438411528 est_context=161945280 est_fixed=2276466248 device_free=16293772956 pending_prime=0 pending_seed=0 host_free=0 demotable=0 short_by=0 inflight=0 cap=64 waited_ms=0 retry_after_s=-
1790402173237 [worker] spec-affinity: declined (history diverged at 5 of checkpoint 64; 1 parked, 1439 prompt tokens; model q9)
1790402173238 [spec-k] model="q9" tenant="" K=3 source=cold-long prompt=1439 cached=0 lcp=0 active=1 wave=1 placement=single-or-non-pp2
1790402173238 [admission] fixed residual high-water: model="q9" 121MB (observed 282MB at ctx 9639 path=spec)
1790402173822 [spec-acc] ctx=1439 burst=22/27 cum=22/27=0.815
1790402173822 [prefix-cache] insert (spec-boundary): 1408 tokens, 76.2MB (resident 76.2MB / 2052MB, model q9)
1790402174249 [spec-acc] ctx=1471 burst=19/39 cum=41/66=0.621
1790402174471 [spec-acc] ctx=1503 burst=25/27 cum=66/93=0.710
1790402174711 [spec-acc] ctx=1537 burst=24/33 cum=90/126=0.714
1790402174959 [spec-acc] ctx=1572 burst=22/33 cum=112/159=0.704
1790402175305 [spec-acc] ctx=1605 burst=22/33 cum=134/192=0.698
1790402175642 [spec-acc] ctx=1638 burst=19/42 cum=153/234=0.654
1790402175864 [spec-acc] ctx=1671 burst=23/30 cum=176/264=0.667
1790402176167 [spec-acc] ctx=1704 burst=21/33 cum=197/297=0.663
1790402176498 [spec-acc] ctx=1736 burst=20/36 cum=217/333=0.652
1790402176840 [spec-acc] ctx=1768 burst=19/45 cum=236/378=0.624
1790402177131 [spec-acc] ctx=1802 burst=22/33 cum=258/411=0.628
1790402177467 [spec-acc] ctx=1835 burst=23/36 cum=281/447=0.629
1790402177816 [spec-acc] ctx=1870 burst=20/45 cum=301/492=0.612
1790402178158 [spec-acc] ctx=1905 burst=20/39 cum=321/531=0.605
1790402178407 [spec-acc] ctx=1938 burst=25/27 cum=346/558=0.620
1790402178699 [spec-acc] ctx=1972 burst=23/36 cum=369/594=0.621
1790402178943 [spec-acc] ctx=2007 burst=23/30 cum=392/624=0.628
1790402179350 [spec-acc] ctx=2040 burst=18/45 cum=410/669=0.613
1790402179628 [spec-acc] ctx=2073 burst=22/33 cum=432/702=0.615
1790402179867 [spec-acc] ctx=2106 burst=24/30 cum=456/732=0.623
1790402180242 [spec-acc] ctx=2140 burst=20/42 cum=476/774=0.615
1790402180555 [spec-acc] ctx=2174 burst=21/36 cum=497/810=0.614
1790402180822 [spec-acc] ctx=2207 burst=21/33 cum=518/843=0.614
1790402181082 [spec-acc] ctx=2239 burst=22/30 cum=540/873=0.619
1790402181408 [spec-acc] ctx=2271 burst=21/36 cum=561/909=0.617
1790402181654 [spec-acc] ctx=2304 burst=22/30 cum=583/939=0.621
1790402181925 [spec-acc] ctx=2336 burst=23/33 cum=606/972=0.623
1790402182198 [spec-acc] ctx=2370 burst=24/30 cum=630/1002=0.629
1790402182458 [spec-acc] ctx=2404 burst=24/30 cum=654/1032=0.634
1790402182779 [spec-acc] ctx=2438 burst=22/39 cum=676/1071=0.631
1790402183043 [spec-acc] ctx=2473 burst=25/30 cum=701/1101=0.637
1790402183314 [spec-acc] ctx=2508 burst=22/30 cum=723/1131=0.639
1790402183561 [spec-acc] ctx=2540 burst=22/30 cum=745/1161=0.642
1790402183836 [spec-acc] ctx=2572 burst=23/33 cum=768/1194=0.643
1790402184163 [spec-acc] ctx=2606 burst=22/36 cum=790/1230=0.642
1790402184445 [spec-acc] ctx=2640 burst=21/33 cum=811/1263=0.642
1790402184716 [spec-acc] ctx=2672 burst=21/33 cum=832/1296=0.642
1790402184985 [spec-acc] ctx=2704 burst=22/30 cum=854/1326=0.644
1790402185231 [spec-acc] ctx=2736 burst=24/27 cum=878/1353=0.649
1790402185502 [spec-acc] ctx=2769 burst=21/33 cum=899/1386=0.649
1790402185752 [spec-acc] ctx=2801 burst=23/30 cum=922/1416=0.651
1790402186026 [spec-acc] ctx=2834 burst=25/30 cum=947/1446=0.655
1790402186339 [spec-acc] ctx=2869 burst=20/36 cum=967/1482=0.652
1790402186609 [spec-acc] ctx=2901 burst=24/33 cum=991/1515=0.654
1790402186822 [spec-acc] ctx=2936 burst=24/24 cum=1015/1539=0.660
1790402187151 [spec-acc] ctx=2968 burst=22/36 cum=1037/1575=0.658
1790402187374 [spec-acc] ctx=3002 burst=26/27 cum=1063/1602=0.664
1790402187621 [spec-acc] ctx=3037 burst=24/30 cum=1087/1632=0.666
1790402187919 [spec-acc] ctx=3071 burst=21/33 cum=1108/1665=0.665
1790402188187 [spec-acc] ctx=3103 burst=25/30 cum=1133/1695=0.668
1790402188485 [spec-acc] ctx=3138 burst=21/36 cum=1154/1731=0.667
1790402188715 [spec-acc] ctx=3171 burst=24/27 cum=1178/1758=0.670
1790402188992 [spec-acc] ctx=3204 burst=23/30 cum=1201/1788=0.672
1790402189250 [spec-acc] ctx=3237 burst=23/30 cum=1224/1818=0.673
1790402189473 [spec-acc] ctx=3270 burst=23/27 cum=1247/1845=0.676
1790402189761 [spec-acc] ctx=3302 burst=24/33 cum=1271/1878=0.677
1790402190009 [spec-acc] ctx=3337 burst=23/27 cum=1294/1905=0.679
1790402190285 [spec-acc] ctx=3369 burst=22/33 cum=1316/1938=0.679
1790402190509 [spec-acc] ctx=3402 burst=26/27 cum=1342/1965=0.683
1790402190777 [spec-acc] ctx=3437 burst=24/30 cum=1366/1995=0.685
1790402191048 [spec-acc] ctx=3471 burst=23/30 cum=1389/2025=0.686
1790402191298 [spec-acc] ctx=3504 burst=25/30 cum=1414/2055=0.688
1790402191526 [spec-acc] ctx=3539 burst=24/27 cum=1438/2082=0.691
1790402191798 [spec-acc] ctx=3572 burst=22/30 cum=1460/2112=0.691
1790402192088 [spec-acc] ctx=3604 burst=23/33 cum=1483/2145=0.691
1790402192339 [spec-acc] ctx=3638 burst=25/30 cum=1508/2175=0.693
1790402192575 [spec-acc] ctx=3673 burst=24/27 cum=1532/2202=0.696
1790402192847 [spec-acc] ctx=3706 burst=23/30 cum=1555/2232=0.697
1790402193079 [spec-acc] ctx=3739 burst=23/27 cum=1578/2259=0.699
1790402193356 [spec-acc] ctx=3771 burst=21/33 cum=1599/2292=0.698
1790402193594 [spec-acc] ctx=3803 burst=24/27 cum=1623/2319=0.700
1790402193839 [spec-acc] ctx=3836 burst=24/27 cum=1647/2346=0.702
1790402194169 [spec-acc] ctx=3869 burst=22/39 cum=1669/2385=0.700
1790402194423 [spec-acc] ctx=3904 burst=22/30 cum=1691/2415=0.700
1790402194696 [spec-acc] ctx=3936 burst=23/30 cum=1714/2445=0.701
1790402194961 [spec-acc] ctx=3969 burst=22/30 cum=1736/2475=0.701
1790402195289 [spec-acc] ctx=4001 burst=19/39 cum=1755/2514=0.698
1790402195665 [spec-acc] ctx=4033 burst=20/42 cum=1775/2556=0.694
1790402195982 [spec-acc] ctx=4067 burst=20/36 cum=1795/2592=0.693
1790402196235 [spec-acc] ctx=4099 burst=24/30 cum=1819/2622=0.694
1790402196447 [fa-pool] grow #3 dev=0 o_len 1064960 -> 2129920 ml_len 4160 -> 8320 (retired kept, zero=false)
1790402196468 [spec-acc] ctx=4133 burst=23/27 cum=1842/2649=0.695
1790402196743 [spec-acc] ctx=4165 burst=22/30 cum=1864/2679=0.696
1790402197002 [spec-acc] ctx=4197 burst=22/30 cum=1886/2709=0.696
1790402197230 [spec-acc] ctx=4229 burst=26/27 cum=1912/2736=0.699
1790402197517 [spec-acc] ctx=4264 burst=22/33 cum=1934/2769=0.698
1790402197767 [spec-acc] ctx=4297 burst=26/27 cum=1960/2796=0.701
1790402197998 [spec-acc] ctx=4332 burst=23/27 cum=1983/2823=0.702
1790402198226 [spec-acc] ctx=4364 burst=25/27 cum=2008/2850=0.705
1790402198487 [spec-acc] ctx=4398 burst=25/30 cum=2033/2880=0.706
1790402198814 [spec-acc] ctx=4433 burst=20/36 cum=2053/2916=0.704
1790402199044 [spec-acc] ctx=4465 burst=24/27 cum=2077/2943=0.706
1790402199299 [spec-acc] ctx=4498 burst=22/30 cum=2099/2973=0.706
1790402199571 [spec-acc] ctx=4530 burst=23/30 cum=2122/3003=0.707
1790402199812 [spec-acc] ctx=4563 burst=23/27 cum=2145/3030=0.708
1790402200067 [spec-acc] ctx=4595 burst=22/30 cum=2167/3060=0.708
1790402200299 [spec-acc] ctx=4627 burst=23/27 cum=2190/3087=0.709
1790402200545 [spec-acc] ctx=4659 burst=25/27 cum=2215/3114=0.711
1790402200860 [spec-acc] ctx=4693 burst=21/36 cum=2236/3150=0.710
1790402201091 [spec-acc] ctx=4726 burst=25/27 cum=2261/3177=0.712
1790402201435 [spec-acc] ctx=4760 burst=21/39 cum=2282/3216=0.710
1790402201705 [spec-acc] ctx=4794 burst=23/30 cum=2305/3246=0.710
1790402201935 [spec-acc] ctx=4827 burst=25/27 cum=2330/3273=0.712
1790402202243 [spec-acc] ctx=4861 burst=21/36 cum=2351/3309=0.710
1790402202465 [spec-acc] ctx=4894 burst=24/24 cum=2375/3333=0.713
1790402202781 [spec-acc] ctx=4926 burst=20/36 cum=2395/3369=0.711
1790402203090 [spec-acc] ctx=4958 burst=23/36 cum=2418/3405=0.710
1790402203358 [spec-acc] ctx=4993 burst=22/30 cum=2440/3435=0.710
1790402203601 [spec-acc] ctx=5025 burst=25/27 cum=2465/3462=0.712
1790402203859 [spec-acc] ctx=5059 burst=22/30 cum=2487/3492=0.712
1790402204118 [spec-acc] ctx=5091 burst=24/30 cum=2511/3522=0.713
1790402204364 [spec-acc] ctx=5125 burst=24/27 cum=2535/3549=0.714
1790402204681 [spec-acc] ctx=5158 burst=20/36 cum=2555/3585=0.713
1790402204941 [spec-acc] ctx=5190 burst=24/30 cum=2579/3615=0.713
1790402205179 [spec-acc] ctx=5224 burst=23/27 cum=2602/3642=0.714
1790402205448 [spec-acc] ctx=5256 burst=25/30 cum=2627/3672=0.715
1790402205710 [spec-acc] ctx=5291 burst=23/30 cum=2650/3702=0.716
1790402205943 [spec-acc] ctx=5324 burst=26/27 cum=2676/3729=0.718
1790402206213 [spec-acc] ctx=5359 burst=22/30 cum=2698/3759=0.718
1790402206215 [meter] admit id=chatcmpl-a26ff009259b5b455880554f86efa1c8 tenant=default lane=interactive model="q9"
1790402206231 [admission] per-session draft-state charge: model="q9" +44MB (measured capture high-water)
1790402206231 [admission] request cost: model="q9" ctx=9695 path=spec = 16704 B/token x ctx + 519MB prefill-workspace + 121MB fixed = 802MB
1790402206231 [admit-predict] id=chatcmpl-a26ff009259b5b455880554f86efa1c8 tenant="" model="q9" verdict=admit reason=global-p95 prompt=1439 predicted_completion=3921 kv_hat=773169288 booked_bytes=0 booked_real=0 inflight=0 cap=64 budget_bytes=12845565056 retry_after_s=- exempt=0 enforce=0 live_free_bytes=-
1790402206231 [admit-mem] id=chatcmpl-a26ff009259b5b455880554f86efa1c8 model="q9" verdict=admit prompt=1439 output_bound=- charged_ctx=9695 est_bytes=2456060232 est_context=161945280 est_fixed=2294114952 device_free=15871236664 pending_prime=0 pending_seed=0 host_free=0 demotable=76226560 short_by=0 inflight=0 cap=64 waited_ms=0 retry_after_s=-
1790402206232 [worker] spec-affinity: declined (history diverged at 5 of checkpoint 64; 2 parked, 1439 prompt tokens; model q9)
1790402206232 [spec-k] model="q9" tenant="" K=3 source=cold-long prompt=1439 cached=0 lcp=6 active=1 wave=1 placement=single-or-non-pp2
1790402206928 [spec-acc] ctx=1439 burst=22/27 cum=22/27=0.815
1790402206928 [prefix-cache] insert (spec-boundary): 1408 tokens, 76.2MB (resident 152.5MB / 2052MB, model q9)
1790402207242 [spec-acc] ctx=1471 burst=23/36 cum=45/63=0.714
1790402207479 [spec-acc] ctx=1506 burst=24/30 cum=69/93=0.742
1790402207792 [spec-acc] ctx=1540 burst=21/36 cum=90/129=0.698
1790402208057 [spec-acc] ctx=1573 burst=22/30 cum=112/159=0.704
1790402208353 [spec-acc] ctx=1605 burst=22/36 cum=134/195=0.687
1790402208682 [spec-acc] ctx=1639 burst=19/39 cum=153/234=0.654
1790402208919 [spec-acc] ctx=1671 burst=23/27 cum=176/261=0.674
1790402209197 [spec-acc] ctx=1703 burst=21/33 cum=197/294=0.670
1790402209439 [spec-acc] ctx=1735 burst=22/30 cum=219/324=0.676
1790402209836 [spec-acc] ctx=1767 burst=19/45 cum=238/369=0.645
1790402210140 [spec-acc] ctx=1801 burst=22/36 cum=260/405=0.642
1790402210358 [spec-acc] ctx=1835 burst=23/27 cum=283/432=0.655
1790402210643 [spec-acc] ctx=1867 burst=24/33 cum=307/465=0.660
1790402210935 [spec-acc] ctx=1902 burst=22/33 cum=329/498=0.661
1790402211178 [spec-acc] ctx=1935 burst=23/30 cum=352/528=0.667
1790402211478 [spec-acc] ctx=1968 burst=23/36 cum=375/564=0.665
1790402211717 [spec-acc] ctx=2003 burst=24/27 cum=399/591=0.675
1790402212047 [spec-acc] ctx=2036 burst=22/39 cum=421/630=0.668
1790402212316 [spec-acc] ctx=2071 burst=21/33 cum=442/663=0.667
1790402212549 [spec-acc] ctx=2103 burst=23/27 cum=465/690=0.674
1790402212844 [spec-acc] ctx=2135 burst=21/33 cum=486/723=0.672
1790402213140 [spec-acc] ctx=2167 burst=22/36 cum=508/759=0.669
1790402213442 [spec-acc] ctx=2201 burst=20/36 cum=528/795=0.664
1790402213685 [spec-acc] ctx=2233 burst=23/27 cum=551/822=0.670
1790402213963 [spec-acc] ctx=2265 burst=21/33 cum=572/855=0.669
1790402214185 [spec-acc] ctx=2297 burst=26/27 cum=598/882=0.678
1790402214445 [spec-acc] ctx=2332 burst=24/30 cum=622/912=0.682
1790402214765 [spec-acc] ctx=2366 burst=23/36 cum=645/948=0.680
1790402215015 [spec-acc] ctx=2401 burst=22/30 cum=667/978=0.682
1790402215263 [spec-acc] ctx=2433 burst=22/30 cum=689/1008=0.684
1790402215532 [spec-acc] ctx=2465 burst=22/30 cum=711/1038=0.685
1790402215796 [spec-acc] ctx=2497 burst=22/30 cum=733/1068=0.686
1790402216043 [spec-acc] ctx=2529 burst=22/30 cum=755/1098=0.688
1790402216409 [spec-acc] ctx=2561 burst=20/42 cum=775/1140=0.680
1790402216677 [spec-acc] ctx=2595 burst=25/30 cum=800/1170=0.684
1790402216900 [spec-acc] ctx=2630 burst=25/27 cum=825/1197=0.689
1790402217178 [spec-acc] ctx=2664 burst=21/33 cum=846/1230=0.688
1790402217503 [spec-acc] ctx=2696 burst=22/36 cum=868/1266=0.686
1790402217784 [spec-acc] ctx=2730 burst=23/33 cum=891/1299=0.686
1790402218035 [spec-acc] ctx=2764 burst=25/30 cum=916/1329=0.689
1790402218298 [spec-acc] ctx=2799 burst=23/30 cum=939/1359=0.691
1790402218597 [spec-acc] ctx=2832 burst=21/33 cum=960/1392=0.690
1790402218845 [spec-acc] ctx=2864 burst=25/30 cum=985/1422=0.693
1790402219126 [spec-acc] ctx=2899 burst=23/33 cum=1008/1455=0.693
1790402219397 [spec-acc] ctx=2933 burst=22/30 cum=1030/1485=0.694
1790402219731 [spec-acc] ctx=2965 burst=21/39 cum=1051/1524=0.690
1790402219956 [spec-acc] ctx=2999 burst=24/27 cum=1075/1551=0.693
1790402220195 [spec-acc] ctx=3032 burst=24/27 cum=1099/1578=0.696
1790402220543 [spec-acc] ctx=3065 burst=20/39 cum=1119/1617=0.692
1790402220794 [spec-acc] ctx=3098 burst=22/30 cum=1141/1647=0.693
1790402221079 [spec-acc] ctx=3130 burst=23/33 cum=1164/1680=0.693
1790402221352 [spec-acc] ctx=3164 burst=25/30 cum=1189/1710=0.695
1790402221582 [spec-acc] ctx=3199 burst=23/27 cum=1212/1737=0.698
1790402221859 [spec-acc] ctx=3231 burst=21/33 cum=1233/1770=0.697
1790402222096 [spec-acc] ctx=3263 burst=25/27 cum=1258/1797=0.700
1790402222395 [spec-acc] ctx=3297 burst=21/33 cum=1279/1830=0.699
1790402222698 [spec-acc] ctx=3329 burst=22/36 cum=1301/1866=0.697
1790402222979 [spec-acc] ctx=3363 burst=23/33 cum=1324/1899=0.697
1790402223254 [spec-acc] ctx=3397 burst=25/30 cum=1349/1929=0.699
1790402223511 [spec-acc] ctx=3432 burst=23/30 cum=1372/1959=0.700
1790402223765 [spec-acc] ctx=3465 burst=22/30 cum=1394/1989=0.701
1790402224000 [spec-acc] ctx=3497 burst=25/27 cum=1419/2016=0.704
1790402224325 [spec-acc] ctx=3531 burst=20/36 cum=1439/2052=0.701
1790402224606 [spec-acc] ctx=3563 burst=24/33 cum=1463/2085=0.702
1790402224861 [spec-acc] ctx=3598 burst=23/30 cum=1486/2115=0.703
1790402225191 [spec-acc] ctx=3631 burst=23/36 cum=1509/2151=0.702
1790402225496 [spec-acc] ctx=3666 burst=22/36 cum=1531/2187=0.700
1790402225725 [spec-acc] ctx=3700 burst=25/27 cum=1556/2214=0.703
1790402225938 [spec-acc] ctx=3734 burst=24/24 cum=1580/2238=0.706
1790402226210 [spec-acc] ctx=3766 burst=23/30 cum=1603/2268=0.707
1790402226466 [spec-acc] ctx=3799 burst=24/30 cum=1627/2298=0.708
1790402226694 [spec-acc] ctx=3833 burst=25/27 cum=1652/2325=0.711
1790402227019 [spec-acc] ctx=3867 burst=23/36 cum=1675/2361=0.709
1790402227230 [spec-acc] ctx=3902 burst=24/24 cum=1699/2385=0.712
1790402227485 [spec-acc] ctx=3934 burst=22/30 cum=1721/2415=0.713
1790402227768 [spec-acc] ctx=3966 burst=22/33 cum=1743/2448=0.712
1790402228015 [spec-acc] ctx=3999 burst=23/27 cum=1766/2475=0.714
1790402228328 [spec-acc] ctx=4031 burst=23/36 cum=1789/2511=0.712
1790402228557 [spec-acc] ctx=4066 burst=26/27 cum=1815/2538=0.715
1790402228880 [spec-acc] ctx=4101 burst=23/36 cum=1838/2574=0.714
1790402229171 [spec-acc] ctx=4136 burst=21/33 cum=1859/2607=0.713
1790402229427 [spec-acc] ctx=4168 burst=25/30 cum=1884/2637=0.714
1790402229636 [spec-acc] ctx=4203 burst=24/24 cum=1908/2661=0.717
1790402229909 [spec-acc] ctx=4235 burst=23/30 cum=1931/2691=0.718
1790402230144 [spec-acc] ctx=4268 burst=23/27 cum=1954/2718=0.719
1790402230349 [spec-acc] ctx=4300 burst=24/24 cum=1978/2742=0.721
1790402230580 [spec-acc] ctx=4332 burst=25/27 cum=2003/2769=0.723
1790402230907 [spec-acc] ctx=4366 burst=20/36 cum=2023/2805=0.721
1790402231115 [spec-acc] ctx=4398 burst=24/24 cum=2047/2829=0.724
1790402231397 [spec-acc] ctx=4430 burst=24/33 cum=2071/2862=0.724
1790402231662 [spec-acc] ctx=4465 burst=25/30 cum=2096/2892=0.725
1790402231909 [spec-acc] ctx=4500 burst=26/27 cum=2122/2919=0.727
1790402232169 [spec-acc] ctx=4535 burst=24/30 cum=2146/2949=0.728
1790402232454 [spec-acc] ctx=4569 burst=22/33 cum=2168/2982=0.727
1790402232731 [spec-acc] ctx=4602 burst=22/30 cum=2190/3012=0.727
1790402232995 [spec-acc] ctx=4634 burst=25/30 cum=2215/3042=0.728
1790402233230 [spec-acc] ctx=4669 burst=24/27 cum=2239/3069=0.730
1790402233438 [spec-acc] ctx=4702 burst=24/24 cum=2263/3093=0.732
1790402233767 [spec-acc] ctx=4734 burst=23/36 cum=2286/3129=0.731
1790402233975 [spec-acc] ctx=4769 burst=24/24 cum=2310/3153=0.733
1790402234238 [spec-acc] ctx=4801 burst=23/30 cum=2333/3183=0.733
1790402234506 [spec-acc] ctx=4834 burst=24/30 cum=2357/3213=0.734
1790402234727 [spec-acc] ctx=4868 burst=24/24 cum=2381/3237=0.736
1790402235039 [spec-acc] ctx=4900 burst=23/36 cum=2404/3273=0.734
1790402235249 [spec-acc] ctx=4935 burst=24/24 cum=2428/3297=0.736
1790402235550 [spec-acc] ctx=4967 burst=23/33 cum=2451/3330=0.736
1790402235818 [spec-acc] ctx=5001 burst=25/30 cum=2476/3360=0.737
1790402236052 [spec-acc] ctx=5036 burst=25/27 cum=2501/3387=0.738
1790402236287 [spec-acc] ctx=5070 burst=26/27 cum=2527/3414=0.740
1790402236536 [spec-acc] ctx=5105 burst=23/27 cum=2550/3441=0.741
1790402236803 [spec-acc] ctx=5137 burst=23/30 cum=2573/3471=0.741
1790402237037 [spec-acc] ctx=5170 burst=26/27 cum=2599/3498=0.743
1790402237275 [spec-acc] ctx=5205 burst=23/27 cum=2622/3525=0.744
1790402237577 [spec-acc] ctx=5237 burst=23/33 cum=2645/3558=0.743
1790402237841 [spec-acc] ctx=5271 burst=22/30 cum=2667/3588=0.743
1790402238077 [spec-acc] ctx=5303 burst=26/27 cum=2693/3615=0.745
1790402238345 [spec-acc] ctx=5338 burst=25/30 cum=2718/3645=0.746
1790402238591 [spec-acc] ctx=5373 burst=26/27 cum=2744/3672=0.747
1790402238856 [spec-acc] ctx=5408 burst=25/30 cum=2769/3702=0.748
1790402239118 [spec-acc] ctx=5443 burst=22/30 cum=2791/3732=0.748
1790402239338 [spec-acc] ctx=5475 burst=24/24 cum=2815/3756=0.749
1790402239607 [spec-acc] ctx=5507 burst=23/30 cum=2838/3786=0.750
1790402239872 [spec-acc] ctx=5540 burst=25/30 cum=2863/3816=0.750
1790402240082 [spec-acc] ctx=5575 burst=24/24 cum=2887/3840=0.752
1790402240334 [spec-acc] ctx=5607 burst=23/27 cum=2910/3867=0.753
1790402240624 [spec-acc] ctx=5639 burst=24/33 cum=2934/3900=0.752
1790402240891 [spec-acc] ctx=5674 burst=24/30 cum=2958/3930=0.753
1790402241130 [spec-acc] ctx=5708 burst=26/27 cum=2984/3957=0.754
1790402241381 [spec-acc] ctx=5743 burst=24/27 cum=3008/3984=0.755
1790402241617 [spec-acc] ctx=5776 burst=23/27 cum=3031/4011=0.756
1790402241619 [meter] admit id=chatcmpl-070d2f35773bfe3befd45fb6ad37c432 tenant=default lane=interactive model="q9"
1790402241633 [admission] per-session draft-state charge: model="q9" +44MB (measured capture high-water)
1790402241633 [admission] request cost: model="q9" ctx=9698 path=spec = 16704 B/token x ctx + 520MB prefill-workspace + 121MB fixed = 803MB
1790402241633 [admit-predict] id=chatcmpl-070d2f35773bfe3befd45fb6ad37c432 tenant="" model="q9" verdict=admit reason=global-p95 prompt=1442 predicted_completion=4363 kv_hat=781683912 booked_bytes=0 booked_real=0 inflight=0 cap=64 budget_bytes=12845565056 retry_after_s=- exempt=0 enforce=0 live_free_bytes=-
1790402241633 [admit-mem] id=chatcmpl-070d2f35773bfe3befd45fb6ad37c432 model="q9" verdict=admit prompt=1442 output_bound=- charged_ctx=9698 est_bytes=2457191688 est_context=161995392 est_fixed=2295196296 device_free=15671230392 pending_prime=0 pending_seed=0 host_free=0 demotable=152453120 short_by=0 inflight=0 cap=64 waited_ms=0 retry_after_s=-
1790402241635 [worker] spec-affinity: declined (history diverged at 6 of checkpoint 1408; 2 parked, 1442 prompt tokens; model q9)
1790402241635 [spec-k] model="q9" tenant="" K=3 source=cold-long prompt=1442 cached=0 lcp=6 active=1 wave=1 placement=single-or-non-pp2
1790402241635 [admission] fixed residual high-water: model="q9" 121MB (observed 282MB at ctx 9642 path=spec)
1790402242368 [spec-acc] ctx=1442 burst=22/30 cum=22/30=0.733
1790402242368 [prefix-cache] insert (spec-boundary): 1408 tokens, 76.2MB (resident 228.7MB / 2052MB, model q9)
1790402242649 [spec-acc] ctx=1475 burst=21/33 cum=43/63=0.683
1790402242862 [spec-acc] ctx=1507 burst=23/27 cum=66/90=0.733
1790402243152 [spec-acc] ctx=1539 burst=22/33 cum=88/123=0.715
1790402243446 [spec-acc] ctx=1572 burst=22/33 cum=110/156=0.705
1790402243721 [spec-acc] ctx=1605 burst=23/33 cum=133/189=0.704
1790402244046 [spec-acc] ctx=1639 burst=20/39 cum=153/228=0.671
1790402244396 [spec-acc] ctx=1672 burst=20/39 cum=173/267=0.648
1790402244695 [spec-acc] ctx=1705 burst=20/36 cum=193/303=0.637
1790402244994 [spec-acc] ctx=1737 burst=23/36 cum=216/339=0.637
1790402245289 [spec-acc] ctx=1772 burst=21/33 cum=237/372=0.637
1790402245620 [spec-acc] ctx=1804 burst=19/39 cum=256/411=0.623
1790402245946 [spec-acc] ctx=1836 burst=21/39 cum=277/450=0.616
1790402246293 [spec-acc] ctx=1870 burst=21/39 cum=298/489=0.609
1790402246573 [spec-acc] ctx=1904 burst=22/33 cum=320/522=0.613
1790402246821 [spec-acc] ctx=1937 burst=23/30 cum=343/552=0.621
1790402247111 [spec-acc] ctx=1970 burst=23/33 cum=366/585=0.626
1790402247378 [spec-acc] ctx=2004 burst=23/30 cum=389/615=0.633
1790402247702 [spec-acc] ctx=2037 burst=22/39 cum=411/654=0.628
1790402248119 [spec-acc] ctx=2072 burst=19/48 cum=430/702=0.613
1790402248437 [spec-acc] ctx=2107 burst=23/36 cum=453/738=0.614
1790402248757 [spec-acc] ctx=2142 burst=19/39 cum=472/777=0.607
1790402249152 [spec-acc] ctx=2174 burst=19/45 cum=491/822=0.597
1790402249388 [spec-acc] ctx=2208 burst=26/27 cum=517/849=0.609
1790402249611 [spec-acc] ctx=2243 burst=23/27 cum=540/876=0.616
1790402249865 [spec-acc] ctx=2275 burst=25/30 cum=565/906=0.624
1790402250132 [spec-acc] ctx=2310 burst=24/30 cum=589/936=0.629
1790402250393 [spec-acc] ctx=2344 burst=22/30 cum=611/966=0.633
1790402250641 [spec-acc] ctx=2376 burst=24/30 cum=635/996=0.638
1790402250931 [spec-acc] ctx=2410 burst=23/33 cum=658/1029=0.639
1790402251197 [spec-acc] ctx=2444 burst=24/30 cum=682/1059=0.644
1790402251422 [spec-acc] ctx=2478 burst=24/27 cum=706/1086=0.650
1790402251621 [spec-acc] ctx=2511 burst=24/24 cum=730/1110=0.658
1790402251886 [spec-acc] ctx=2543 burst=22/30 cum=752/1140=0.660
1790402252230 [spec-acc] ctx=2575 burst=19/39 cum=771/1179=0.654
1790402252529 [spec-acc] ctx=2607 burst=23/36 cum=794/1215=0.653
1790402252899 [spec-acc] ctx=2642 burst=19/42 cum=813/1257=0.647
1790402253138 [spec-acc] ctx=2675 burst=26/27 cum=839/1284=0.653
1790402253338 [spec-acc] ctx=2710 burst=24/24 cum=863/1308=0.660
1790402253537 [spec-acc] ctx=2742 burst=24/24 cum=887/1332=0.666
1790402253805 [spec-acc] ctx=2774 burst=24/30 cum=911/1362=0.669
1790402254097 [spec-acc] ctx=2808 burst=21/33 cum=932/1395=0.668
1790402254346 [spec-acc] ctx=2840 burst=24/30 cum=956/1425=0.671
1790402254656 [spec-acc] ctx=2874 burst=21/36 cum=977/1461=0.669
1790402255031 [spec-acc] ctx=2907 burst=21/42 cum=998/1503=0.664
1790402255357 [spec-acc] ctx=2942 burst=20/39 cum=1018/1542=0.660
1790402255561 [spec-acc] ctx=2975 burst=24/24 cum=1042/1566=0.665
1790402255806 [spec-acc] ctx=3007 burst=25/27 cum=1067/1593=0.670
1790402256118 [spec-acc] ctx=3041 burst=21/36 cum=1088/1629=0.668
1790402256394 [spec-acc] ctx=3074 burst=24/33 cum=1112/1662=0.669
1790402256633 [spec-acc] ctx=3109 burst=26/27 cum=1138/1689=0.674
1790402256898 [spec-acc] ctx=3144 burst=24/30 cum=1162/1719=0.676
1790402257205 [spec-acc] ctx=3178 burst=21/36 cum=1183/1755=0.674
1790402257456 [spec-acc] ctx=3211 burst=22/30 cum=1205/1785=0.675
1790402257699 [spec-acc] ctx=3243 burst=24/27 cum=1229/1812=0.678
1790402257988 [spec-acc] ctx=3276 burst=24/33 cum=1253/1845=0.679
1790402258240 [spec-acc] ctx=3311 burst=24/30 cum=1277/1875=0.681
1790402258468 [spec-acc] ctx=3345 burst=25/27 cum=1302/1902=0.685
1790402258794 [spec-acc] ctx=3379 burst=21/36 cum=1323/1938=0.683
1790402259148 [spec-acc] ctx=3412 burst=18/42 cum=1341/1980=0.677
1790402259428 [spec-acc] ctx=3444 burst=23/33 cum=1364/2013=0.678
1790402259675 [spec-acc] ctx=3478 burst=25/27 cum=1389/2040=0.681
1790402259931 [spec-acc] ctx=3512 burst=23/30 cum=1412/2070=0.682
1790402260184 [spec-acc] ctx=3545 burst=22/30 cum=1434/2100=0.683
1790402260468 [spec-acc] ctx=3577 burst=21/33 cum=1455/2133=0.682
1790402260767 [spec-acc] ctx=3609 burst=23/33 cum=1478/2166=0.682
1790402260993 [spec-acc] ctx=3643 burst=24/27 cum=1502/2193=0.685
1790402261222 [spec-acc] ctx=3676 burst=23/27 cum=1525/2220=0.687
1790402261544 [spec-acc] ctx=3708 burst=21/36 cum=1546/2256=0.685
1790402261835 [spec-acc] ctx=3741 burst=22/33 cum=1568/2289=0.685
1790402262088 [spec-acc] ctx=3774 burst=23/30 cum=1591/2319=0.686
1790402262319 [spec-acc] ctx=3807 burst=24/27 cum=1615/2346=0.688
1790402262652 [spec-acc] ctx=3840 burst=20/36 cum=1635/2382=0.686
1790402262932 [spec-acc] ctx=3872 burst=22/33 cum=1657/2415=0.686
1790402263161 [spec-acc] ctx=3905 burst=25/27 cum=1682/2442=0.689
1790402263432 [spec-acc] ctx=3939 burst=22/30 cum=1704/2472=0.689
1790402263727 [spec-acc] ctx=3971 burst=24/33 cum=1728/2505=0.690
1790402263956 [spec-acc] ctx=4006 burst=26/27 cum=1754/2532=0.693
1790402264263 [spec-acc] ctx=4041 burst=21/36 cum=1775/2568=0.691
1790402264514 [spec-acc] ctx=4074 burst=23/27 cum=1798/2595=0.693
1790402264776 [spec-acc] ctx=4106 burst=22/30 cum=1820/2625=0.693
1790402265007 [spec-acc] ctx=4138 burst=26/27 cum=1846/2652=0.696
1790402265267 [spec-acc] ctx=4173 burst=23/30 cum=1869/2682=0.697
1790402265540 [spec-acc] ctx=4206 burst=24/30 cum=1893/2712=0.698
1790402265800 [spec-acc] ctx=4240 burst=23/30 cum=1916/2742=0.699
1790402266057 [spec-acc] ctx=4273 burst=23/30 cum=1939/2772=0.699
1790402266295 [spec-acc] ctx=4306 burst=24/27 cum=1963/2799=0.701
1790402266541 [spec-acc] ctx=4339 burst=24/27 cum=1987/2826=0.703
1790402266774 [spec-acc] ctx=4372 burst=24/27 cum=2011/2853=0.705
1790402267032 [spec-acc] ctx=4405 burst=22/30 cum=2033/2883=0.705
1790402267244 [spec-acc] ctx=4437 burst=24/24 cum=2057/2907=0.708
1790402267462 [spec-acc] ctx=4469 burst=24/24 cum=2081/2931=0.710
1790402267775 [spec-acc] ctx=4501 burst=21/36 cum=2102/2967=0.708
1790402267982 [spec-acc] ctx=4534 burst=24/24 cum=2126/2991=0.711
1790402268194 [spec-acc] ctx=4566 burst=24/24 cum=2150/3015=0.713
1790402268519 [spec-acc] ctx=4598 burst=21/36 cum=2171/3051=0.712
1790402268804 [spec-acc] ctx=4631 burst=24/33 cum=2195/3084=0.712
1790402269011 [spec-acc] ctx=4666 burst=24/24 cum=2219/3108=0.714
1790402269312 [spec-acc] ctx=4698 burst=22/33 cum=2241/3141=0.713
1790402269576 [spec-acc] ctx=4731 burst=23/30 cum=2264/3171=0.714
1790402269782 [spec-acc] ctx=4764 burst=24/24 cum=2288/3195=0.716
1790402270042 [spec-acc] ctx=4796 burst=25/30 cum=2313/3225=0.717
1790402270424 [spec-acc] ctx=4831 burst=20/42 cum=2333/3267=0.714
1790402270659 [spec-acc] ctx=4865 burst=24/27 cum=2357/3294=0.716
1790402270916 [spec-acc] ctx=4898 burst=24/30 cum=2381/3324=0.716
1790402271242 [spec-acc] ctx=4932 burst=20/36 cum=2401/3360=0.715
1790402271505 [spec-acc] ctx=4964 burst=24/30 cum=2425/3390=0.715
1790402271714 [spec-acc] ctx=4998 burst=24/24 cum=2449/3414=0.717
1790402272007 [spec-acc] ctx=5030 burst=21/33 cum=2470/3447=0.717
1790402272302 [spec-acc] ctx=5062 burst=21/33 cum=2491/3480=0.716
1790402272588 [spec-acc] ctx=5094 burst=24/33 cum=2515/3513=0.716
1790402272798 [spec-acc] ctx=5129 burst=24/24 cum=2539/3537=0.718
1790402273038 [spec-acc] ctx=5161 burst=23/27 cum=2562/3564=0.719
1790402273280 [spec-acc] ctx=5193 burst=26/27 cum=2588/3591=0.721
1790402273515 [spec-acc] ctx=5228 burst=25/27 cum=2613/3618=0.722
1790402273804 [spec-acc] ctx=5262 burst=22/33 cum=2635/3651=0.722
1790402274131 [spec-acc] ctx=5295 burst=22/36 cum=2657/3687=0.721
1790402274368 [spec-acc] ctx=5329 burst=24/27 cum=2681/3714=0.722
1790402274577 [spec-acc] ctx=5362 burst=24/24 cum=2705/3738=0.724
1790402274813 [spec-acc] ctx=5394 burst=25/27 cum=2730/3765=0.725
1790402275087 [spec-acc] ctx=5428 burst=22/30 cum=2752/3795=0.725
1790402275298 [spec-acc] ctx=5460 burst=24/24 cum=2776/3819=0.727
1790402275587 [spec-acc] ctx=5492 burst=23/33 cum=2799/3852=0.727
1790402275797 [spec-acc] ctx=5526 burst=24/24 cum=2823/3876=0.728
1790402276017 [spec-acc] ctx=5558 burst=24/24 cum=2847/3900=0.730
1790402276019 [meter] admit id=chatcmpl-bbf6885caa8b29257f3deee9551853b2 tenant=default lane=interactive model="q9"
1790402276034 [admission] per-session draft-state charge: model="q9" +44MB (measured capture high-water)
1790402276034 [admission] request cost: model="q9" ctx=9698 path=spec = 16704 B/token x ctx + 520MB prefill-workspace + 121MB fixed = 803MB
1790402276034 [admit-predict] id=chatcmpl-bbf6885caa8b29257f3deee9551853b2 tenant="" model="q9" verdict=admit reason=global-p95 prompt=1442 predicted_completion=4363 kv_hat=781689480 booked_bytes=0 booked_real=0 inflight=0 cap=64 budget_bytes=12845565056 retry_after_s=- exempt=0 enforce=0 live_free_bytes=-
1790402276034 [admit-mem] id=chatcmpl-bbf6885caa8b29257f3deee9551853b2 model="q9" verdict=admit prompt=1442 output_bound=- charged_ctx=9698 est_bytes=2457197256 est_context=161995392 est_fixed=2295201864 device_free=15594964536 pending_prime=0 pending_seed=0 host_free=0 demotable=228679680 short_by=0 inflight=0 cap=64 waited_ms=0 retry_after_s=-
1790402276036 [worker] spec-affinity: declined (history diverged at 6 of checkpoint 1408; 2 parked, 1442 prompt tokens; model q9)
1790402276036 [spec-k] model="q9" tenant="" K=3 source=cold-long prompt=1442 cached=0 lcp=6 active=1 wave=1 placement=single-or-non-pp2
1790402276812 [spec-acc] ctx=1442 burst=19/36 cum=19/36=0.528
1790402276812 [prefix-cache] insert (spec-boundary): 1408 tokens, 76.2MB (resident 304.9MB / 2052MB, model q9)
1790402277074 [spec-acc] ctx=1474 burst=23/30 cum=42/66=0.636
1790402277314 [spec-acc] ctx=1507 burst=25/30 cum=67/96=0.698
1790402277570 [spec-acc] ctx=1542 burst=22/30 cum=89/126=0.706
1790402277863 [spec-acc] ctx=1574 burst=22/33 cum=111/159=0.698
1790402278167 [spec-acc] ctx=1607 burst=21/36 cum=132/195=0.677
1790402278543 [spec-acc] ctx=1640 burst=20/45 cum=152/240=0.633
1790402278811 [spec-acc] ctx=1675 burst=22/30 cum=174/270=0.644
1790402279142 [spec-acc] ctx=1707 burst=22/39 cum=196/309=0.634
1790402279466 [spec-acc] ctx=1742 burst=19/39 cum=215/348=0.618
1790402279762 [spec-acc] ctx=1774 burst=21/33 cum=236/381=0.619
1790402280143 [spec-acc] ctx=1806 burst=18/45 cum=254/426=0.596
1790402280445 [spec-acc] ctx=1839 burst=20/36 cum=274/462=0.593
1790402280794 [spec-acc] ctx=1871 burst=21/39 cum=295/501=0.589
1790402281147 [spec-acc] ctx=1905 burst=19/42 cum=314/543=0.578
1790402281484 [spec-acc] ctx=1938 burst=21/39 cum=335/582=0.576
1790402281724 [spec-acc] ctx=1972 burst=23/27 cum=358/609=0.588
1790402282005 [spec-acc] ctx=2004 burst=21/33 cum=379/642=0.590
1790402282334 [spec-acc] ctx=2036 burst=20/39 cum=399/681=0.586
1790402282601 [spec-acc] ctx=2069 burst=22/30 cum=421/711=0.592
1790402282839 [spec-acc] ctx=2101 burst=23/27 cum=444/738=0.602
1790402283088 [spec-acc] ctx=2133 burst=23/30 cum=467/768=0.608
1790402283318 [spec-acc] ctx=2166 burst=24/27 cum=491/795=0.618
1790402283614 [spec-acc] ctx=2199 burst=22/33 cum=513/828=0.620
1790402283898 [spec-acc] ctx=2232 burst=24/33 cum=537/861=0.624
1790402284200 [spec-acc] ctx=2267 burst=22/36 cum=559/897=0.623
1790402284495 [spec-acc] ctx=2301 burst=21/33 cum=580/930=0.624
1790402284760 [spec-acc] ctx=2333 burst=23/30 cum=603/960=0.628
1790402285034 [spec-acc] ctx=2366 burst=21/33 cum=624/993=0.628
1790402285270 [spec-acc] ctx=2398 burst=24/27 cum=648/1020=0.635
1790402285512 [spec-acc] ctx=2431 burst=23/27 cum=671/1047=0.641
1790402285747 [spec-acc] ctx=2463 burst=24/27 cum=695/1074=0.647
1790402286047 [spec-acc] ctx=2496 burst=20/36 cum=715/1110=0.644
1790402286367 [spec-acc] ctx=2528 burst=21/36 cum=736/1146=0.642
1790402286633 [spec-acc] ctx=2561 burst=23/30 cum=759/1176=0.645
1790402286833 [spec-acc] ctx=2594 burst=24/24 cum=783/1200=0.652
1790402287115 [spec-acc] ctx=2626 burst=24/33 cum=807/1233=0.655
1790402287356 [spec-acc] ctx=2661 burst=23/27 cum=830/1260=0.659
1790402287697 [spec-acc] ctx=2693 burst=21/39 cum=851/1299=0.655
1790402287923 [spec-acc] ctx=2727 burst=25/27 cum=876/1326=0.661
1790402288162 [spec-acc] ctx=2761 burst=23/27 cum=899/1353=0.664
1790402288431 [spec-acc] ctx=2793 burst=23/30 cum=922/1383=0.667
1790402288687 [spec-acc] ctx=2826 burst=25/30 cum=947/1413=0.670
1790402288914 [spec-acc] ctx=2861 burst=24/27 cum=971/1440=0.674
1790402289236 [spec-acc] ctx=2894 burst=20/36 cum=991/1476=0.671
1790402289504 [spec-acc] ctx=2926 burst=22/30 cum=1013/1506=0.673
1790402289755 [spec-acc] ctx=2958 burst=24/30 cum=1037/1536=0.675
1790402290069 [spec-acc] ctx=2992 burst=20/36 cum=1057/1572=0.672
1790402290313 [spec-acc] ctx=3024 burst=24/27 cum=1081/1599=0.676
1790402290597 [spec-acc] ctx=3057 burst=21/33 cum=1102/1632=0.675
1790402290825 [spec-acc] ctx=3089 burst=23/27 cum=1125/1659=0.678
1790402291088 [spec-acc] ctx=3121 burst=23/30 cum=1148/1689=0.680
1790402291358 [spec-acc] ctx=3154 burst=22/30 cum=1170/1719=0.681
1790402291641 [spec-acc] ctx=3186 burst=22/33 cum=1192/1752=0.680
1790402291870 [spec-acc] ctx=3219 burst=24/27 cum=1216/1779=0.684
1790402292111 [spec-acc] ctx=3252 burst=24/27 cum=1240/1806=0.687
1790402292379 [spec-acc] ctx=3285 burst=25/30 cum=1265/1836=0.689
1790402292685 [spec-acc] ctx=3320 burst=20/36 cum=1285/1872=0.686
1790402292891 [spec-acc] ctx=3352 burst=24/24 cum=1309/1896=0.690
1790402293191 [spec-acc] ctx=3384 burst=21/33 cum=1330/1929=0.689
1790402293530 [spec-acc] ctx=3416 burst=19/39 cum=1349/1968=0.685
1790402293757 [spec-acc] ctx=3448 burst=24/27 cum=1373/1995=0.688
1790402294052 [spec-acc] ctx=3481 burst=24/33 cum=1397/2028=0.689
1790402294265 [spec-acc] ctx=3516 burst=24/24 cum=1421/2052=0.692
1790402294547 [spec-acc] ctx=3548 burst=23/33 cum=1444/2085=0.693
1790402294776 [spec-acc] ctx=3582 burst=26/27 cum=1470/2112=0.696
1790402295103 [spec-acc] ctx=3617 burst=20/36 cum=1490/2148=0.694
1790402295390 [spec-acc] ctx=3649 burst=21/33 cum=1511/2181=0.693
1790402295619 [spec-acc] ctx=3681 burst=24/27 cum=1535/2208=0.695
1790402295884 [spec-acc] ctx=3714 burst=23/30 cum=1558/2238=0.696
1790402296180 [spec-acc] ctx=3747 burst=24/33 cum=1582/2271=0.697
1790402296411 [spec-acc] ctx=3782 burst=23/27 cum=1605/2298=0.698
1790402296721 [spec-acc] ctx=3814 burst=21/36 cum=1626/2334=0.697
1790402296938 [spec-acc] ctx=3847 burst=24/24 cum=1650/2358=0.700
1790402297176 [spec-acc] ctx=3879 burst=24/27 cum=1674/2385=0.702
1790402297486 [spec-acc] ctx=3912 burst=21/36 cum=1695/2421=0.700
1790402297693 [spec-acc] ctx=3945 burst=24/24 cum=1719/2445=0.703
1790402297994 [spec-acc] ctx=3977 burst=24/33 cum=1743/2478=0.703
1790402298303 [spec-acc] ctx=4012 burst=21/36 cum=1764/2514=0.702
1790402298616 [spec-acc] ctx=4045 burst=21/36 cum=1785/2550=0.700
1790402298859 [spec-acc] ctx=4078 burst=26/27 cum=1811/2577=0.703
1790402299202 [spec-acc] ctx=4113 burst=22/39 cum=1833/2616=0.701
1790402299487 [spec-acc] ctx=4148 burst=22/33 cum=1855/2649=0.700
1790402299729 [spec-acc] ctx=4181 burst=23/27 cum=1878/2676=0.702
1790402299972 [spec-acc] ctx=4213 burst=24/27 cum=1902/2703=0.704
1790402300231 [spec-acc] ctx=4246 burst=24/30 cum=1926/2733=0.705
1790402300463 [spec-acc] ctx=4280 burst=26/27 cum=1952/2760=0.707
1790402300817 [spec-acc] ctx=4315 burst=19/39 cum=1971/2799=0.704
1790402301052 [spec-acc] ctx=4347 burst=23/27 cum=1994/2826=0.706
1790402301286 [spec-acc] ctx=4379 burst=24/27 cum=2018/2853=0.707
1790402301522 [spec-acc] ctx=4412 burst=23/27 cum=2041/2880=0.709
1790402301876 [spec-acc] ctx=4444 burst=21/39 cum=2062/2919=0.706
1790402302188 [spec-acc] ctx=4478 burst=21/36 cum=2083/2955=0.705
1790402302452 [spec-acc] ctx=4511 burst=25/30 cum=2108/2985=0.706
1790402302804 [spec-acc] ctx=4546 burst=20/39 cum=2128/3024=0.704
1790402303012 [spec-acc] ctx=4579 burst=24/24 cum=2152/3048=0.706
1790402303272 [spec-acc] ctx=4611 burst=23/30 cum=2175/3078=0.707
1790402303654 [spec-acc] ctx=4644 burst=20/42 cum=2195/3120=0.704
1790402303942 [spec-acc] ctx=4678 burst=21/33 cum=2216/3153=0.703
1790402304281 [spec-acc] ctx=4710 burst=20/39 cum=2236/3192=0.701
1790402304530 [spec-acc] ctx=4743 burst=26/27 cum=2262/3219=0.703
1790402304795 [spec-acc] ctx=4778 burst=23/30 cum=2285/3249=0.703
1790402305002 [spec-acc] ctx=4811 burst=24/24 cum=2309/3273=0.705
1790402305375 [spec-acc] ctx=4843 burst=21/42 cum=2330/3315=0.703
1790402305647 [spec-acc] ctx=4878 burst=25/30 cum=2355/3345=0.704
1790402305883 [spec-acc] ctx=4913 burst=24/27 cum=2379/3372=0.706
1790402306092 [spec-acc] ctx=4946 burst=24/24 cum=2403/3396=0.708
1790402306366 [spec-acc] ctx=4978 burst=22/30 cum=2425/3426=0.708
1790402306582 [spec-acc] ctx=5010 burst=24/24 cum=2449/3450=0.710
1790402306844 [spec-acc] ctx=5042 burst=23/30 cum=2472/3480=0.710
1790402307054 [spec-acc] ctx=5075 burst=24/24 cum=2496/3504=0.712
1790402307440 [spec-acc] ctx=5107 burst=19/42 cum=2515/3546=0.709
1790402307676 [spec-acc] ctx=5140 burst=25/27 cum=2540/3573=0.711
1790402307939 [spec-acc] ctx=5174 burst=22/30 cum=2562/3603=0.711
1790402308152 [spec-acc] ctx=5206 burst=24/24 cum=2586/3627=0.713
1790402308455 [spec-acc] ctx=5238 burst=23/33 cum=2609/3660=0.713
1790402308719 [spec-acc] ctx=5272 burst=22/30 cum=2631/3690=0.713
1790402308982 [spec-acc] ctx=5304 burst=25/30 cum=2656/3720=0.714
1790402309231 [spec-acc] ctx=5339 burst=24/27 cum=2680/3747=0.715
1790402309525 [spec-acc] ctx=5372 burst=21/33 cum=2701/3780=0.715
1790402309789 [spec-acc] ctx=5404 burst=23/30 cum=2724/3810=0.715
1790402310026 [spec-acc] ctx=5437 burst=26/27 cum=2750/3837=0.717
1790402310278 [spec-acc] ctx=5472 burst=25/27 cum=2775/3864=0.718
1790402310490 [spec-acc] ctx=5506 burst=24/24 cum=2799/3888=0.720
1790402310754 [spec-acc] ctx=5538 burst=24/30 cum=2823/3918=0.721
1790402310966 [spec-acc] ctx=5572 burst=24/24 cum=2847/3942=0.722
1790402311215 [spec-acc] ctx=5604 burst=24/27 cum=2871/3969=0.723
1790402311426 [spec-acc] ctx=5637 burst=24/24 cum=2895/3993=0.725
1790402311744 [spec-acc] ctx=5669 burst=22/36 cum=2917/4029=0.724
1790402311956 [spec-acc] ctx=5703 burst=24/24 cum=2941/4053=0.726
1790402312234 [spec-acc] ctx=5735 burst=25/30 cum=2966/4083=0.726
1790402312525 [spec-acc] ctx=5770 burst=21/33 cum=2987/4116=0.726
1790402312736 [spec-acc] ctx=5802 burst=24/24 cum=3011/4140=0.727
1790402312978 [spec-acc] ctx=5834 burst=23/27 cum=3034/4167=0.728
1790402313199 [spec-acc] ctx=5866 burst=24/24 cum=3058/4191=0.730
1790402313437 [spec-acc] ctx=5898 burst=23/27 cum=3081/4218=0.730
1790402313728 [spec-acc] ctx=5930 burst=21/33 cum=3102/4251=0.730
1790402314055 [spec-acc] ctx=5962 burst=20/36 cum=3122/4287=0.728
1790402314403 [spec-acc] ctx=5994 burst=21/39 cum=3143/4326=0.727
1790402314615 [spec-acc] ctx=6028 burst=24/24 cum=3167/4350=0.728
1790402314880 [spec-acc] ctx=6060 burst=23/30 cum=3190/4380=0.728
1790402315157 [spec-acc] ctx=6093 burst=22/30 cum=3212/4410=0.728
1790402315370 [spec-acc] ctx=6125 burst=24/24 cum=3236/4434=0.730
1790402315609 [spec-acc] ctx=6157 burst=26/27 cum=3262/4461=0.731
1790402315849 [spec-acc] ctx=6192 burst=26/27 cum=3288/4488=0.733
1790402315853 [meter] admit id=chatcmpl-06c89766d9b5728c08df6e6dce7abac6 tenant=default lane=interactive model="q9"
1790402315866 [admission] per-session draft-state charge: model="q9" +44MB (measured capture high-water)
1790402315866 [admission] request cost: model="q9" ctx=9697 path=spec = 16704 B/token x ctx + 519MB prefill-workspace + 121MB fixed = 802MB
1790402315866 [admit-predict] id=chatcmpl-06c89766d9b5728c08df6e6dce7abac6 tenant="" model="q9" verdict=admit reason=global-p95 prompt=1441 predicted_completion=4761 kv_hat=787960520 booked_bytes=0 booked_real=0 inflight=0 cap=64 budget_bytes=12845565056 retry_after_s=- exempt=0 enforce=0 live_free_bytes=-
1790402315866 [admit-mem] id=chatcmpl-06c89766d9b5728c08df6e6dce7abac6 model="q9" verdict=admit prompt=1441 output_bound=- charged_ctx=9697 est_bytes=2456820104 est_context=161978688 est_fixed=2294841416 device_free=15518698680 pending_prime=0 pending_seed=0 host_free=0 demotable=304906240 short_by=0 inflight=0 cap=64 waited_ms=0 retry_after_s=-
1790402315867 [worker] spec-affinity: declined (history diverged at 6 of checkpoint 1408; 2 parked, 1441 prompt tokens; model q9)
1790402315867 [spec-k] model="q9" tenant="" K=3 source=cold-long prompt=1441 cached=0 lcp=6 active=1 wave=1 placement=single-or-non-pp2
1790402316621 [spec-acc] ctx=1441 burst=20/33 cum=20/33=0.606
1790402316621 [prefix-cache] insert (spec-boundary): 1408 tokens, 76.2MB (resident 381.1MB / 2052MB, model q9)
1790402316906 [spec-acc] ctx=1473 burst=24/33 cum=44/66=0.667
1790402317124 [spec-acc] ctx=1508 burst=23/27 cum=67/93=0.720
1790402317354 [spec-acc] ctx=1540 burst=24/27 cum=91/120=0.758
1790402317675 [spec-acc] ctx=1573 burst=22/36 cum=113/156=0.724
1790402317926 [spec-acc] ctx=1607 burst=23/30 cum=136/186=0.731
1790402318328 [spec-acc] ctx=1640 burst=16/48 cum=152/234=0.650
1790402318648 [spec-acc] ctx=1672 burst=20/36 cum=172/270=0.637
1790402318899 [spec-acc] ctx=1704 burst=24/30 cum=196/300=0.653
1790402319176 [spec-acc] ctx=1738 burst=22/33 cum=218/333=0.655
1790402319464 [spec-acc] ctx=1771 burst=21/33 cum=239/366=0.653
1790402319725 [spec-acc] ctx=1803 burst=24/30 cum=263/396=0.664
1790402319973 [spec-acc] ctx=1837 burst=23/30 cum=286/426=0.671
1790402320336 [spec-acc] ctx=1870 burst=21/42 cum=307/468=0.656
1790402320600 [spec-acc] ctx=1905 burst=22/30 cum=329/498=0.661
1790402320923 [spec-acc] ctx=1937 burst=20/39 cum=349/537=0.650
1790402321290 [spec-acc] ctx=1970 burst=19/42 cum=368/579=0.636
1790402321579 [spec-acc] ctx=2003 burst=22/33 cum=390/612=0.637
1790402321827 [spec-acc] ctx=2036 burst=23/30 cum=413/642=0.643
1790402322164 [spec-acc] ctx=2069 burst=20/39 cum=433/681=0.636
1790402322429 [spec-acc] ctx=2102 burst=22/30 cum=455/711=0.640
1790402322705 [spec-acc] ctx=2134 burst=24/33 cum=479/744=0.644
1790402322986 [spec-acc] ctx=2169 burst=23/33 cum=502/777=0.646
1790402323226 [spec-acc] ctx=2203 burst=23/27 cum=525/804=0.653
1790402323460 [spec-acc] ctx=2235 burst=24/27 cum=549/831=0.661
1790402323708 [spec-acc] ctx=2268 burst=22/30 cum=571/861=0.663
1790402324020 [spec-acc] ctx=2300 burst=21/36 cum=592/897=0.660
1790402324390 [spec-acc] ctx=2333 burst=19/42 cum=611/939=0.651
1790402324664 [spec-acc] ctx=2366 burst=24/33 cum=635/972=0.653
1790402325030 [spec-acc] ctx=2401 burst=18/42 cum=653/1014=0.644
1790402325370 [spec-acc] ctx=2433 burst=19/39 cum=672/1053=0.638
1790402325620 [spec-acc] ctx=2465 burst=23/30 cum=695/1083=0.642
1790402325855 [spec-acc] ctx=2498 burst=23/27 cum=718/1110=0.647
1790402326173 [spec-acc] ctx=2530 burst=22/36 cum=740/1146=0.646
1790402326401 [spec-acc] ctx=2564 burst=24/27 cum=764/1173=0.651
1790402326653 [spec-acc] ctx=2597 burst=22/30 cum=786/1203=0.653
1790402326891 [spec-acc] ctx=2629 burst=25/27 cum=811/1230=0.659
1790402327233 [spec-acc] ctx=2663 burst=20/39 cum=831/1269=0.655
1790402327585 [spec-acc] ctx=2696 burst=18/42 cum=849/1311=0.648
1790402327852 [spec-acc] ctx=2728 burst=22/30 cum=871/1341=0.650
1790402328116 [spec-acc] ctx=2760 burst=24/30 cum=895/1371=0.653
1790402328316 [spec-acc] ctx=2794 burst=24/24 cum=919/1395=0.659
1790402328624 [spec-acc] ctx=2826 burst=23/36 cum=942/1431=0.658
1790402328918 [spec-acc] ctx=2861 burst=22/33 cum=964/1464=0.658
1790402329178 [spec-acc] ctx=2894 burst=23/30 cum=987/1494=0.661
1790402329455 [spec-acc] ctx=2927 burst=22/33 cum=1009/1527=0.661
1790402329666 [spec-acc] ctx=2960 burst=24/24 cum=1033/1551=0.666
1790402329961 [spec-acc] ctx=2992 burst=22/33 cum=1055/1584=0.666
1790402330263 [spec-acc] ctx=3025 burst=23/36 cum=1078/1620=0.665
1790402330466 [spec-acc] ctx=3060 burst=24/24 cum=1102/1644=0.670
1790402330709 [spec-acc] ctx=3092 burst=24/27 cum=1126/1671=0.674
1790402330972 [spec-acc] ctx=3125 burst=25/30 cum=1151/1701=0.677
1790402331250 [spec-acc] ctx=3160 burst=21/33 cum=1172/1734=0.676
1790402331563 [spec-acc] ctx=3192 burst=21/36 cum=1193/1770=0.674
1790402331806 [spec-acc] ctx=3225 burst=24/27 cum=1217/1797=0.677
1790402332137 [spec-acc] ctx=3258 burst=22/39 cum=1239/1836=0.675
1790402332418 [spec-acc] ctx=3293 burst=24/33 cum=1263/1869=0.676
1790402332638 [spec-acc] ctx=3328 burst=24/24 cum=1287/1893=0.680
1790402332873 [spec-acc] ctx=3360 burst=24/27 cum=1311/1920=0.683
1790402333152 [spec-acc] ctx=3393 burst=21/33 cum=1332/1953=0.682
1790402333466 [spec-acc] ctx=3425 burst=20/36 cum=1352/1989=0.680
1790402333839 [spec-acc] ctx=3457 burst=20/42 cum=1372/2031=0.676
1790402334093 [spec-acc] ctx=3491 burst=22/30 cum=1394/2061=0.676
1790402334324 [spec-acc] ctx=3523 burst=23/27 cum=1417/2088=0.679
1790402334572 [spec-acc] ctx=3555 burst=25/27 cum=1442/2115=0.682
1790402334805 [spec-acc] ctx=3589 burst=24/27 cum=1466/2142=0.684
1790402335058 [spec-acc] ctx=3622 burst=23/30 cum=1489/2172=0.686
1790402335427 [spec-acc] ctx=3655 burst=21/42 cum=1510/2214=0.682
1790402335698 [spec-acc] ctx=3690 burst=25/30 cum=1535/2244=0.684
1790402335952 [spec-acc] ctx=3725 burst=23/30 cum=1558/2274=0.685
1790402336206 [spec-acc] ctx=3758 burst=25/30 cum=1583/2304=0.687
1790402336453 [spec-acc] ctx=3793 burst=24/27 cum=1607/2331=0.689
1790402336694 [spec-acc] ctx=3826 burst=25/27 cum=1632/2358=0.692
1790402336973 [spec-acc] ctx=3860 burst=21/33 cum=1653/2391=0.691
1790402337202 [spec-acc] ctx=3892 burst=26/27 cum=1679/2418=0.694
1790402337535 [spec-acc] ctx=3927 burst=22/36 cum=1701/2454=0.693
1790402337842 [spec-acc] ctx=3961 burst=22/36 cum=1723/2490=0.692
1790402338099 [spec-acc] ctx=3995 burst=23/30 cum=1746/2520=0.693
1790402338369 [spec-acc] ctx=4028 burst=23/30 cum=1769/2550=0.694
1790402338637 [spec-acc] ctx=4061 burst=23/30 cum=1792/2580=0.695
1790402338867 [spec-acc] ctx=4094 burst=23/27 cum=1815/2607=0.696
1790402339125 [spec-acc] ctx=4126 burst=25/30 cum=1840/2637=0.698
1790402339481 [spec-acc] ctx=4161 burst=22/39 cum=1862/2676=0.696
1790402339793 [spec-acc] ctx=4196 burst=20/36 cum=1882/2712=0.694
1790402340076 [spec-acc] ctx=4228 burst=22/33 cum=1904/2745=0.694
1790402340405 [spec-acc] ctx=4261 burst=20/36 cum=1924/2781=0.692
1790402340769 [spec-acc] ctx=4293 burst=20/42 cum=1944/2823=0.689
1790402340999 [spec-acc] ctx=4327 burst=26/27 cum=1970/2850=0.691
1790402341300 [spec-acc] ctx=4362 burst=22/33 cum=1992/2883=0.691
1790402341512 [spec-acc] ctx=4395 burst=24/24 cum=2016/2907=0.693
1790402341769 [spec-acc] ctx=4427 burst=22/30 cum=2038/2937=0.694
1790402341976 [spec-acc] ctx=4459 burst=24/24 cum=2062/2961=0.696
1790402342221 [spec-acc] ctx=4491 burst=25/27 cum=2087/2988=0.698
1790402342539 [spec-acc] ctx=4525 burst=23/36 cum=2110/3024=0.698
1790402342797 [spec-acc] ctx=4560 burst=24/30 cum=2134/3054=0.699
1790402343059 [spec-acc] ctx=4594 burst=25/30 cum=2159/3084=0.700
1790402343279 [spec-acc] ctx=4629 burst=24/24 cum=2183/3108=0.702
1790402343512 [spec-acc] ctx=4661 burst=25/27 cum=2208/3135=0.704
1790402343772 [spec-acc] ctx=4695 burst=24/30 cum=2232/3165=0.705
1790402344065 [spec-acc] ctx=4729 burst=22/33 cum=2254/3198=0.705
1790402344333 [spec-acc] ctx=4762 burst=25/30 cum=2279/3228=0.706
1790402344592 [spec-acc] ctx=4797 burst=24/30 cum=2303/3258=0.707
1790402344853 [spec-acc] ctx=4831 burst=24/30 cum=2327/3288=0.708
1790402345154 [spec-acc] ctx=4865 burst=23/33 cum=2350/3321=0.708
1790402345389 [spec-acc] ctx=4899 burst=26/27 cum=2376/3348=0.710
1790402345648 [spec-acc] ctx=4934 burst=23/30 cum=2399/3378=0.710
1790402345939 [spec-acc] ctx=4967 burst=22/33 cum=2421/3411=0.710
1790402346213 [spec-acc] ctx=5000 burst=23/30 cum=2444/3441=0.710
1790402346474 [spec-acc] ctx=5033 burst=22/30 cum=2466/3471=0.710
1790402346734 [spec-acc] ctx=5065 burst=25/30 cum=2491/3501=0.712
1790402347061 [spec-acc] ctx=5100 burst=20/36 cum=2511/3537=0.710
1790402347298 [spec-acc] ctx=5132 burst=23/27 cum=2534/3564=0.711
1790402347560 [spec-acc] ctx=5164 burst=23/30 cum=2557/3594=0.711
1790402347856 [spec-acc] ctx=5197 burst=21/33 cum=2578/3627=0.711
1790402348099 [spec-acc] ctx=5229 burst=25/27 cum=2603/3654=0.712
1790402348413 [spec-acc] ctx=5263 burst=21/36 cum=2624/3690=0.711
1790402348649 [spec-acc] ctx=5296 burst=23/27 cum=2647/3717=0.712
1790402348897 [spec-acc] ctx=5328 burst=23/27 cum=2670/3744=0.713
1790402349136 [spec-acc] ctx=5360 burst=23/27 cum=2693/3771=0.714
1790402349345 [spec-acc] ctx=5392 burst=24/24 cum=2717/3795=0.716
1790402349607 [spec-acc] ctx=5424 burst=24/30 cum=2741/3825=0.717
1790402349885 [spec-acc] ctx=5458 burst=23/30 cum=2764/3855=0.717
1790402350253 [spec-acc] ctx=5491 burst=19/42 cum=2783/3897=0.714
1790402350570 [spec-acc] ctx=5524 burst=20/36 cum=2803/3933=0.713
1790402350847 [spec-acc] ctx=5556 burst=25/30 cum=2828/3963=0.714
1790402351083 [spec-acc] ctx=5591 burst=25/27 cum=2853/3990=0.715
1790402351346 [spec-acc] ctx=5625 burst=23/30 cum=2876/4020=0.715
1790402351584 [spec-acc] ctx=5658 burst=23/27 cum=2899/4047=0.716
1790402351833 [spec-acc] ctx=5690 burst=26/27 cum=2925/4074=0.718
1790402352097 [spec-acc] ctx=5725 burst=23/30 cum=2948/4104=0.718
1790402352467 [spec-acc] ctx=5758 burst=20/42 cum=2968/4146=0.716
1790402352715 [spec-acc] ctx=5792 burst=25/27 cum=2993/4173=0.717
1790402353007 [spec-acc] ctx=5826 burst=22/33 cum=3015/4206=0.717
1790402353270 [spec-acc] ctx=5859 burst=24/30 cum=3039/4236=0.717
1790402353595 [spec-acc] ctx=5893 burst=20/36 cum=3059/4272=0.716
1790402353919 [spec-acc] ctx=5925 burst=20/36 cum=3079/4308=0.715
1790402354210 [spec-acc] ctx=5957 burst=21/33 cum=3100/4341=0.714
1790402354450 [spec-acc] ctx=5989 burst=23/27 cum=3123/4368=0.715
1790402354698 [spec-acc] ctx=6021 burst=24/27 cum=3147/4395=0.716
1790402354909 [spec-acc] ctx=6054 burst=24/24 cum=3171/4419=0.718
1790402355175 [spec-acc] ctx=6086 burst=22/30 cum=3193/4449=0.718
1790402355470 [spec-acc] ctx=6118 burst=22/33 cum=3215/4482=0.717
1790402355690 [spec-acc] ctx=6151 burst=24/24 cum=3239/4506=0.719
1790402355955 [spec-acc] ctx=6183 burst=25/30 cum=3264/4536=0.720
1790402356220 [spec-acc] ctx=6218 burst=25/30 cum=3289/4566=0.720
1790402356461 [spec-acc] ctx=6253 burst=24/27 cum=3313/4593=0.721
1790402356736 [spec-acc] ctx=6286 burst=22/30 cum=3335/4623=0.721
1790402357000 [spec-acc] ctx=6318 burst=25/30 cum=3360/4653=0.722
1790402357265 [spec-acc] ctx=6353 burst=24/30 cum=3384/4683=0.723
1790402357513 [spec-acc] ctx=6387 burst=23/27 cum=3407/4710=0.723
1790402357756 [spec-acc] ctx=6419 burst=25/27 cum=3432/4737=0.725
1790402357995 [spec-acc] ctx=6453 burst=24/27 cum=3456/4764=0.725
1790402358261 [spec-acc] ctx=6486 burst=25/30 cum=3481/4794=0.726
1790402358268 [meter] admit id=chatcmpl-c162f5c372b6084bf00409cb8bba7814 tenant=default lane=interactive model="q9"
1790402358278 [admission] per-session draft-state charge: model="q9" +44MB (measured capture high-water)
1790402358278 [admission] request cost: model="q9" ctx=1833 path=spec = 16704 B/token x ctx + 603MB prefill-workspace + 121MB fixed = 755MB
1790402358278 [admit-predict] id=chatcmpl-c162f5c372b6084bf00409cb8bba7814 tenant="" model="q9" verdict=admit reason=global-p95 prompt=1673 predicted_completion=96 kv_hat=797535624 booked_bytes=0 booked_real=0 inflight=0 cap=64 budget_bytes=12845565056 retry_after_s=- exempt=0 enforce=0 live_free_bytes=-
1790402358278 [admit-mem] id=chatcmpl-c162f5c372b6084bf00409cb8bba7814 model="q9" verdict=admit prompt=1673 output_bound=96 charged_ctx=1833 est_bytes=2409083784 est_context=30618432 est_fixed=2378465352 device_free=15442507064 pending_prime=0 pending_seed=0 host_free=0 demotable=381132800 short_by=0 inflight=0 cap=64 waited_ms=0 retry_after_s=-
1790402358279 [worker] spec-affinity: declined (history diverged at 4 of checkpoint 1408; 2 parked, 1673 prompt tokens; model q9)
1790402358279 [spec-k] model="q9" tenant="" K=3 source=cold-long prompt=1673 cached=0 lcp=4 active=1 wave=1 placement=single-or-non-pp2
1790402359085 [spec-acc] ctx=1673 burst=23/30 cum=23/30=0.767
1790402359085 [prefix-cache] insert (spec-boundary): 1632 tokens, 80.0MB (resident 461.1MB / 2052MB, model q9)
1790402359441 [spec-acc] ctx=1707 burst=18/42 cum=41/72=0.569
1790402359692 [spec-acc] ctx=1739 burst=22/30 cum=63/102=0.618
1790402359699 [meter] admit id=chatcmpl-0fa76d83f2d4e1a75a6047341ac9d23b tenant=default lane=interactive model="q9"
1790402359709 [admission] per-session draft-state charge: model="q9" +44MB (measured capture high-water)
1790402359709 [admission] request cost: model="q9" ctx=1832 path=spec = 16704 B/token x ctx + 603MB prefill-workspace + 121MB fixed = 754MB
1790402359709 [admit-predict] id=chatcmpl-0fa76d83f2d4e1a75a6047341ac9d23b tenant="" model="q9" verdict=admit reason=global-p95 prompt=1672 predicted_completion=96 kv_hat=797158472 booked_bytes=0 booked_real=0 inflight=0 cap=64 budget_bytes=12845565056 retry_after_s=- exempt=0 enforce=0 live_free_bytes=-
1790402359709 [admit-mem] id=chatcmpl-0fa76d83f2d4e1a75a6047341ac9d23b model="q9" verdict=admit prompt=1672 output_bound=96 charged_ctx=1832 est_bytes=2408706632 est_context=30601728 est_fixed=2378104904 device_free=15508529592 pending_prime=0 pending_seed=0 host_free=0 demotable=461101056 short_by=0 inflight=0 cap=64 waited_ms=0 retry_after_s=-
1790402359711 [worker] spec-affinity: declined (history diverged at 4 of checkpoint 1408; 2 parked, 1672 prompt tokens; model q9)
1790402359711 [spec-k] model="q9" tenant="" K=3 source=cold-long prompt=1672 cached=0 lcp=6 active=1 wave=1 placement=single-or-non-pp2
1790402360492 [spec-acc] ctx=1672 burst=24/27 cum=24/27=0.889
1790402360492 [prefix-cache] insert (spec-boundary): 1632 tokens, 80.0MB (resident 541.1MB / 2052MB, model q9)
1790402360825 [spec-acc] ctx=1706 burst=22/39 cum=46/66=0.697
1790402361020 [spec-acc] ctx=1741 burst=20/24 cum=66/90=0.733
1790402361023 [meter] admit id=chatcmpl-2b29c0dcb270adc37ac0ae20b7114301 tenant=default lane=interactive model="q9"
1790402361035 [admission] per-session draft-state charge: model="q9" +44MB (measured capture high-water)
1790402361035 [admission] request cost: model="q9" ctx=1831 path=spec = 16704 B/token x ctx + 602MB prefill-workspace + 121MB fixed = 754MB
1790402361035 [admit-predict] id=chatcmpl-2b29c0dcb270adc37ac0ae20b7114301 tenant="" model="q9" verdict=admit reason=global-p95 prompt=1671 predicted_completion=96 kv_hat=796781320 booked_bytes=0 booked_real=0 inflight=0 cap=64 budget_bytes=12845565056 retry_after_s=- exempt=0 enforce=0 live_free_bytes=-
1790402361035 [admit-mem] id=chatcmpl-2b29c0dcb270adc37ac0ae20b7114301 model="q9" verdict=admit prompt=1671 output_bound=96 charged_ctx=1831 est_bytes=2408329480 est_context=30585024 est_fixed=2377744456 device_free=15574552120 pending_prime=0 pending_seed=0 host_free=0 demotable=541069312 short_by=0 inflight=0 cap=64 waited_ms=0 retry_after_s=-
1790402361036 [worker] spec-affinity: declined (history diverged at 6 of checkpoint 1632; 2 parked, 1671 prompt tokens; model q9)
1790402361037 [spec-k] model="q9" tenant="" K=3 source=cold-long prompt=1671 cached=0 lcp=6 active=1 wave=1 placement=single-or-non-pp2
1790402361851 [spec-acc] ctx=1671 burst=23/30 cum=23/30=0.767
1790402361851 [prefix-cache] insert (spec-boundary): 1632 tokens, 80.0MB (resident 621.0MB / 2052MB, model q9)
1790402362177 [spec-acc] ctx=1705 burst=21/39 cum=44/69=0.638
1790402362401 [spec-acc] ctx=1739 burst=19/27 cum=63/96=0.656
1790402362405 [meter] admit id=chatcmpl-ddb47e7c540a6b6b5ff686537773bff7 tenant=default lane=interactive model="q9"
1790402362418 [admit-predict] id=chatcmpl-ddb47e7c540a6b6b5ff686537773bff7 tenant="" model="q9" verdict=admit reason=global-p95 prompt=1671 predicted_completion=96 kv_hat=796781320 booked_bytes=0 booked_real=0 inflight=0 cap=64 budget_bytes=12845565056 retry_after_s=- exempt=0 enforce=0 live_free_bytes=-
1790402362418 [admit-mem] id=chatcmpl-ddb47e7c540a6b6b5ff686537773bff7 model="q9" verdict=admit prompt=1671 output_bound=96 charged_ctx=1831 est_bytes=2408329480 est_context=30585024 est_fixed=2377744456 device_free=15494637368 pending_prime=0 pending_seed=0 host_free=0 demotable=621037568 short_by=0 inflight=0 cap=64 waited_ms=0 retry_after_s=-
1790402362419 [worker] spec-affinity: declined (history diverged at 6 of checkpoint 1632; 2 parked, 1671 prompt tokens; model q9)
1790402362419 [spec-k] model="q9" tenant="" K=3 source=cold-long prompt=1671 cached=0 lcp=6 active=1 wave=1 placement=single-or-non-pp2
1790402363205 [spec-acc] ctx=1671 burst=23/27 cum=23/27=0.852
1790402363205 [prefix-cache] insert (spec-boundary): 1632 tokens, 80.0MB (resident 701.0MB / 2052MB, model q9)
1790402363490 [spec-acc] ctx=1704 burst=22/33 cum=45/60=0.750
1790402363684 [spec-acc] ctx=1737 burst=22/24 cum=67/84=0.798
1790402363688 [meter] admit id=chatcmpl-6cc6336612f361b82830dee8ed282d0a tenant=default lane=interactive model="q9"
1790402363700 [admission] per-session draft-state charge: model="q9" +44MB (measured capture high-water)
1790402363700 [admission] request cost: model="q9" ctx=1828 path=spec = 16704 B/token x ctx + 601MB prefill-workspace + 121MB fixed = 753MB
1790402363700 [admit-predict] id=chatcmpl-6cc6336612f361b82830dee8ed282d0a tenant="" model="q9" verdict=admit reason=global-p95 prompt=1668 predicted_completion=96 kv_hat=795649864 booked_bytes=0 booked_real=0 inflight=0 cap=64 budget_bytes=12845565056 retry_after_s=- exempt=0 enforce=0 live_free_bytes=-
1790402363700 [admit-mem] id=chatcmpl-6cc6336612f361b82830dee8ed282d0a model="q9" verdict=admit prompt=1668 output_bound=96 charged_ctx=1828 est_bytes=2407198024 est_context=30534912 est_fixed=2376663112 device_free=15414704056 pending_prime=0 pending_seed=0 host_free=0 demotable=701005824 short_by=0 inflight=0 cap=64 waited_ms=0 retry_after_s=-
1790402363701 [worker] spec-affinity: declined (history diverged at 6 of checkpoint 1632; 2 parked, 1668 prompt tokens; model q9)
1790402363701 [spec-k] model="q9" tenant="" K=3 source=cold-long prompt=1668 cached=0 lcp=6 active=1 wave=1 placement=single-or-non-pp2
1790402364486 [spec-acc] ctx=1668 burst=22/27 cum=22/27=0.815
1790402364486 [prefix-cache] insert (spec-boundary): 1632 tokens, 80.0MB (resident 781.0MB / 2052MB, model q9)
1790402364865 [spec-acc] ctx=1700 burst=19/45 cum=41/72=0.569
1790402365089 [spec-acc] ctx=1734 burst=22/27 cum=63/99=0.636
1790402366091 [meter] admit id=chatcmpl-925ac75d66433f57f037d56c7fb27195 tenant=default lane=interactive model="q9"
1790402366094 [admission] per-session draft-state charge: model="q9" +44MB (measured capture high-water)
1790402366094 [admission] request cost: model="q9" ctx=9742 path=spec = 16704 B/token x ctx + 536MB prefill-workspace + 121MB fixed = 819MB
1790402366094 [admit-predict] id=chatcmpl-925ac75d66433f57f037d56c7fb27195 tenant="" model="q9" verdict=admit reason=global-p95 prompt=1486 predicted_completion=5048 kv_hat=809726408 booked_bytes=0 booked_real=0 inflight=0 cap=64 budget_bytes=12845565056 retry_after_s=- exempt=0 enforce=0 live_free_bytes=-
1790402366094 [admit-mem] id=chatcmpl-925ac75d66433f57f037d56c7fb27195 model="q9" verdict=admit prompt=1486 output_bound=- charged_ctx=9742 est_bytes=2473791944 est_context=162730368 est_fixed=2311061576 device_free=15334807864 pending_prime=0 pending_seed=0 host_free=0 demotable=780974080 short_by=0 inflight=0 cap=64 waited_ms=0 retry_after_s=-
1790402366095 [prefix-cache] hit: 1408 of 1486 prompt tokens from cache (model q9)
1790402366095 [prefix-cache] spec restore: 1408 of 1486 prompt tokens + draft plane from cache [suffix queued] (model q9)
1790402366095 [spec-k] model="q9" tenant="" K=2 source=cached-long prompt=1486 cached=1408 lcp=1408 active=1 wave=1 placement=single-or-non-pp2
1790402366095 [admission] fixed residual high-water: model="q9" 121MB (observed 283MB at ctx 9686 path=spec)
1790402366405 [spec-acc] ctx=78 burst=19/26 cum=19/26=0.731
1790402366405 [prefix-cache] insert (spec-boundary): 1440 tokens, 76.8MB (resident 857.7MB / 2052MB, model q9)
1790402366617 [spec-acc] ctx=111 burst=21/24 cum=40/50=0.800
1790402366856 [spec-acc] ctx=144 burst=20/24 cum=60/74=0.811
1790402367226 [spec-acc] ctx=176 burst=21/24 cum=81/98=0.827
1790402367462 [spec-acc] ctx=209 burst=20/24 cum=101/122=0.828
1790402367726 [spec-acc] ctx=241 burst=19/28 cum=120/150=0.800
1790402368034 [spec-acc] ctx=274 burst=20/26 cum=140/176=0.795
1790402368323 [spec-acc] ctx=307 burst=21/24 cum=161/200=0.805
1790402368558 [spec-acc] ctx=340 burst=22/24 cum=183/224=0.817
1790402368811 [spec-acc] ctx=374 burst=21/26 cum=204/250=0.816
1790402369180 [spec-acc] ctx=408 burst=18/30 cum=222/280=0.793
1790402369465 [spec-acc] ctx=441 burst=20/26 cum=242/306=0.791
1790402369801 [spec-acc] ctx=474 burst=17/34 cum=259/340=0.762
1790402370129 [spec-acc] ctx=508 burst=18/28 cum=277/368=0.753
1790402370404 [spec-acc] ctx=540 burst=22/24 cum=299/392=0.763
1790402370644 [spec-acc] ctx=574 burst=22/24 cum=321/416=0.772
1790402370923 [spec-acc] ctx=608 burst=21/26 cum=342/442=0.774
1790402371316 [spec-acc] ctx=642 burst=17/34 cum=359/476=0.754
1790402371610 [spec-acc] ctx=676 burst=18/28 cum=377/504=0.748
1790402371864 [spec-acc] ctx=708 burst=21/24 cum=398/528=0.754
1790402372138 [spec-acc] ctx=741 burst=21/24 cum=419/552=0.759
1790402372389 [spec-acc] ctx=774 burst=21/22 cum=440/574=0.767
1790402372616 [spec-acc] ctx=806 burst=22/22 cum=462/596=0.775
1790402372918 [spec-acc] ctx=839 burst=19/28 cum=481/624=0.771
1790402373261 [spec-acc] ctx=872 burst=17/30 cum=498/654=0.761
1790402373515 [spec-acc] ctx=904 burst=20/24 cum=518/678=0.764
1790402373748 [spec-acc] ctx=936 burst=22/22 cum=540/700=0.771
1790402374017 [spec-acc] ctx=969 burst=22/24 cum=562/724=0.776
1790402374287 [spec-acc] ctx=1003 burst=21/24 cum=583/748=0.779
1790402374518 [spec-acc] ctx=1036 burst=21/22 cum=604/770=0.784
1790402374776 [spec-acc] ctx=1068 burst=21/24 cum=625/794=0.787
1790402375026 [spec-acc] ctx=1101 burst=22/22 cum=647/816=0.793
1790402375293 [spec-acc] ctx=1134 burst=22/24 cum=669/840=0.796
1790402375522 [spec-acc] ctx=1168 burst=21/22 cum=690/862=0.800
1790402375831 [spec-acc] ctx=1200 burst=19/28 cum=709/890=0.797
1790402376129 [spec-acc] ctx=1233 burst=20/26 cum=729/916=0.796
1790402376382 [spec-acc] ctx=1266 burst=20/24 cum=749/940=0.797
1790402376615 [spec-acc] ctx=1298 burst=21/22 cum=770/962=0.800
1790402376957 [spec-acc] ctx=1330 burst=17/30 cum=787/992=0.793
1790402377198 [spec-acc] ctx=1362 burst=21/22 cum=808/1014=0.797
1790402377514 [spec-acc] ctx=1394 burst=19/30 cum=827/1044=0.792
1790402377786 [spec-acc] ctx=1428 burst=22/24 cum=849/1068=0.795
1790402378077 [spec-acc] ctx=1462 burst=20/26 cum=869/1094=0.794
1790402378331 [spec-acc] ctx=1495 burst=20/24 cum=889/1118=0.795
1790402378568 [spec-acc] ctx=1527 burst=22/22 cum=911/1140=0.799
1790402378846 [spec-acc] ctx=1560 burst=20/24 cum=931/1164=0.800
1790402379149 [spec-acc] ctx=1592 burst=20/28 cum=951/1192=0.798
1790402379403 [spec-acc] ctx=1626 burst=21/24 cum=972/1216=0.799
1790402379676 [spec-acc] ctx=1659 burst=22/24 cum=994/1240=0.802
1790402379945 [spec-acc] ctx=1693 burst=22/24 cum=1016/1264=0.804
1790402380220 [spec-acc] ctx=1727 burst=19/26 cum=1035/1290=0.802
1790402380484 [spec-acc] ctx=1759 burst=21/24 cum=1056/1314=0.804
1790402380785 [spec-acc] ctx=1792 burst=20/26 cum=1076/1340=0.803
1790402381062 [spec-acc] ctx=1825 burst=19/26 cum=1095/1366=0.802
1790402381340 [spec-acc] ctx=1857 burst=20/26 cum=1115/1392=0.801
1790402381593 [spec-acc] ctx=1890 burst=21/22 cum=1136/1414=0.803
1790402381880 [spec-acc] ctx=1922 burst=21/26 cum=1157/1440=0.803
1790402382156 [spec-acc] ctx=1956 burst=21/26 cum=1178/1466=0.804
1790402382403 [spec-acc] ctx=1990 burst=21/22 cum=1199/1488=0.806
1790402382654 [spec-acc] ctx=2022 burst=22/22 cum=1221/1510=0.809
1790402382888 [spec-acc] ctx=2055 burst=21/22 cum=1242/1532=0.811
1790402383123 [spec-acc] ctx=2087 burst=22/22 cum=1264/1554=0.813
1790402383445 [spec-acc] ctx=2120 burst=20/28 cum=1284/1582=0.812
1790402383709 [spec-acc] ctx=2154 burst=22/24 cum=1306/1606=0.813
1790402383943 [spec-acc] ctx=2188 burst=22/22 cum=1328/1628=0.816
1790402384183 [spec-acc] ctx=2221 burst=22/22 cum=1350/1650=0.818
1790402384185 [meter] admit id=chatcmpl-44a8bce4619b2b6501944a2a40b7345c tenant=default lane=interactive model="q9"
1790402384200 [admission] per-session draft-state charge: model="q9" +44MB (measured capture high-water)
1790402384200 [admission] request cost: model="q9" ctx=9756 path=spec = 16704 B/token x ctx + 541MB prefill-workspace + 121MB fixed = 825MB
1790402384200 [admit-predict] id=chatcmpl-44a8bce4619b2b6501944a2a40b7345c tenant="" model="q9" verdict=admit reason=global-p95 prompt=1500 predicted_completion=5048 kv_hat=815104584 booked_bytes=0 booked_real=0 inflight=0 cap=64 budget_bytes=12845565056 retry_after_s=- exempt=0 enforce=0 live_free_bytes=-
1790402384200 [admit-mem] id=chatcmpl-44a8bce4619b2b6501944a2a40b7345c model="q9" verdict=admit prompt=1500 output_bound=- charged_ctx=9756 est_bytes=2479170120 est_context=162964224 est_fixed=2316205896 device_free=15109137848 pending_prime=0 pending_seed=0 host_free=0 demotable=857735168 short_by=0 inflight=0 cap=64 waited_ms=0 retry_after_s=-
1790402384200 [prefix-cache] hit: 1408 of 1500 prompt tokens from cache (model q9)
1790402384200 [prefix-cache] spec restore: 1408 of 1500 prompt tokens + draft plane from cache [suffix queued] (model q9)
1790402384200 [spec-k] model="q9" tenant="" K=2 source=cached-long prompt=1500 cached=1408 lcp=1408 active=1 wave=1 placement=single-or-non-pp2
1790402384200 [admission] fixed residual high-water: model="q9" 121MB (observed 283MB at ctx 9700 path=spec)
1790402384607 [spec-acc] ctx=92 burst=20/26 cum=20/26=0.769
1790402384607 [prefix-cache] insert (spec-boundary): 1472 tokens, 77.3MB (resident 935.0MB / 2052MB, model q9)
1790402384881 [spec-acc] ctx=126 burst=20/26 cum=40/52=0.769
1790402385166 [spec-acc] ctx=159 burst=21/26 cum=61/78=0.782
1790402385400 [spec-acc] ctx=193 burst=21/22 cum=82/100=0.820
1790402385669 [spec-acc] ctx=225 burst=21/24 cum=103/124=0.831
1790402385963 [spec-acc] ctx=258 burst=18/28 cum=121/152=0.796
1790402386250 [spec-acc] ctx=290 burst=21/26 cum=142/178=0.798
1790402386583 [spec-acc] ctx=324 burst=17/30 cum=159/208=0.764
1790402386875 [spec-acc] ctx=356 burst=18/28 cum=177/236=0.750
1790402387187 [spec-acc] ctx=388 burst=19/28 cum=196/264=0.742
1790402387493 [spec-acc] ctx=421 burst=18/28 cum=214/292=0.733
1790402387789 [spec-acc] ctx=453 burst=19/28 cum=233/320=0.728
1790402388077 [spec-acc] ctx=486 burst=20/26 cum=253/346=0.731
1790402388426 [spec-acc] ctx=519 burst=17/32 cum=270/378=0.714
1790402388723 [spec-acc] ctx=552 burst=18/28 cum=288/406=0.709
1790402389013 [spec-acc] ctx=584 burst=19/26 cum=307/432=0.711
1790402389291 [spec-acc] ctx=616 burst=21/26 cum=328/458=0.716
1790402389592 [spec-acc] ctx=650 burst=19/28 cum=347/486=0.714
1790402389877 [spec-acc] ctx=683 burst=19/26 cum=366/512=0.715
1790402390207 [spec-acc] ctx=715 burst=17/30 cum=383/542=0.707
1790402390530 [spec-acc] ctx=747 burst=18/30 cum=401/572=0.701
1790402390815 [spec-acc] ctx=780 burst=20/26 cum=421/598=0.704
1790402391121 [spec-acc] ctx=813 burst=18/28 cum=439/626=0.701
1790402391384 [spec-acc] ctx=845 burst=20/24 cum=459/650=0.706
1790402391708 [spec-acc] ctx=877 burst=19/30 cum=478/680=0.703
1790402392034 [spec-acc] ctx=911 burst=18/30 cum=496/710=0.699
1790402392297 [spec-acc] ctx=944 burst=21/24 cum=517/734=0.704
1790402392552 [spec-acc] ctx=977 burst=20/24 cum=537/758=0.708
1790402392866 [spec-acc] ctx=1009 burst=20/28 cum=557/786=0.709
1790402393149 [spec-acc] ctx=1043 burst=20/26 cum=577/812=0.711
1790402393406 [spec-acc] ctx=1076 burst=22/24 cum=599/836=0.717
1790402393738 [spec-acc] ctx=1110 burst=19/30 cum=618/866=0.714
1790402394021 [spec-acc] ctx=1144 burst=21/26 cum=639/892=0.716
1790402394257 [spec-acc] ctx=1178 burst=22/22 cum=661/914=0.723
1790402394495 [spec-acc] ctx=1211 burst=21/22 cum=682/936=0.729
1790402394850 [spec-acc] ctx=1243 burst=18/32 cum=700/968=0.723
1790402395153 [spec-acc] ctx=1277 burst=20/28 cum=720/996=0.723
1790402395504 [spec-acc] ctx=1311 burst=17/32 cum=737/1028=0.717
1790402395813 [spec-acc] ctx=1344 burst=20/28 cum=757/1056=0.717
1790402396095 [spec-acc] ctx=1378 burst=19/26 cum=776/1082=0.717
1790402396355 [spec-acc] ctx=1410 burst=20/24 cum=796/1106=0.720
1790402396623 [spec-acc] ctx=1442 burst=21/24 cum=817/1130=0.723
1790402396885 [spec-acc] ctx=1475 burst=20/24 cum=837/1154=0.725
1790402397144 [spec-acc] ctx=1507 burst=21/24 cum=858/1178=0.728
1790402397405 [spec-acc] ctx=1540 burst=20/24 cum=878/1202=0.730
1790402397670 [spec-acc] ctx=1572 burst=20/24 cum=898/1226=0.732
1790402397952 [spec-acc] ctx=1604 burst=20/26 cum=918/1252=0.733
1790402398235 [spec-acc] ctx=1637 burst=21/26 cum=939/1278=0.735
1790402398500 [spec-acc] ctx=1671 burst=22/24 cum=961/1302=0.738
1790402398742 [spec-acc] ctx=1705 burst=21/22 cum=982/1324=0.742
1790402399024 [spec-acc] ctx=1737 burst=20/26 cum=1002/1350=0.742
1790402399330 [spec-acc] ctx=1770 burst=20/28 cum=1022/1378=0.742
1790402399593 [spec-acc] ctx=1804 burst=22/24 cum=1044/1402=0.745
1790402399879 [spec-acc] ctx=1838 burst=21/26 cum=1065/1428=0.746
1790402400139 [spec-acc] ctx=1872 burst=21/24 cum=1086/1452=0.748
1790402400407 [spec-acc] ctx=1905 burst=21/24 cum=1107/1476=0.750
1790402400692 [spec-acc] ctx=1938 burst=21/26 cum=1128/1502=0.751
1790402400951 [spec-acc] ctx=1972 burst=20/24 cum=1148/1526=0.752
1790402401213 [spec-acc] ctx=2004 burst=21/24 cum=1169/1550=0.754
1790402401478 [spec-acc] ctx=2037 burst=21/24 cum=1190/1574=0.756
1790402401832 [spec-acc] ctx=2070 burst=18/32 cum=1208/1606=0.752
1790402402157 [spec-acc] ctx=2104 burst=19/30 cum=1227/1636=0.750
1790402402427 [spec-acc] ctx=2138 burst=22/24 cum=1249/1660=0.752
1790402402689 [spec-acc] ctx=2172 burst=20/24 cum=1269/1684=0.754
1790402402952 [spec-acc] ctx=2204 burst=20/24 cum=1289/1708=0.755
1790402403218 [spec-acc] ctx=2236 burst=21/24 cum=1310/1732=0.756
1790402403463 [spec-acc] ctx=2269 burst=22/22 cum=1332/1754=0.759
1790402403722 [spec-acc] ctx=2302 burst=21/24 cum=1353/1778=0.761
1790402403964 [spec-acc] ctx=2335 burst=22/22 cum=1375/1800=0.764
1790402404232 [spec-acc] ctx=2368 burst=20/24 cum=1395/1824=0.765
1790402404475 [spec-acc] ctx=2400 burst=22/22 cum=1417/1846=0.768
1790402404736 [spec-acc] ctx=2433 burst=20/24 cum=1437/1870=0.768
1790402405072 [spec-acc] ctx=2465 burst=17/30 cum=1454/1900=0.765
1790402405338 [spec-acc] ctx=2497 burst=22/24 cum=1476/1924=0.767
1790402405618 [spec-acc] ctx=2531 burst=20/26 cum=1496/1950=0.767
1790402405888 [spec-acc] ctx=2564 burst=22/24 cum=1518/1974=0.769
1790402406154 [spec-acc] ctx=2598 burst=22/24 cum=1540/1998=0.771
1790402406416 [spec-acc] ctx=2632 burst=22/24 cum=1562/2022=0.773
1790402406702 [spec-acc] ctx=2666 burst=20/26 cum=1582/2048=0.772
1790402406970 [spec-acc] ctx=2699 burst=20/24 cum=1602/2072=0.773
1790402407236 [spec-acc] ctx=2731 burst=22/24 cum=1624/2096=0.775
1790402407496 [spec-acc] ctx=2765 burst=22/24 cum=1646/2120=0.776
1790402407766 [spec-acc] ctx=2799 burst=21/24 cum=1667/2144=0.778
1790402408012 [spec-acc] ctx=2832 burst=22/22 cum=1689/2166=0.780
1790402408252 [spec-acc] ctx=2865 burst=22/22 cum=1711/2188=0.782
1790402408494 [spec-acc] ctx=2898 burst=21/22 cum=1732/2210=0.784
1790402408786 [spec-acc] ctx=2930 burst=21/26 cum=1753/2236=0.784
1790402409077 [spec-acc] ctx=2964 burst=21/26 cum=1774/2262=0.784
1790402409315 [spec-acc] ctx=2998 burst=22/22 cum=1796/2284=0.786
1790402409584 [spec-acc] ctx=3031 burst=20/24 cum=1816/2308=0.787
1790402409854 [spec-acc] ctx=3063 burst=21/24 cum=1837/2332=0.788
1790402410139 [spec-acc] ctx=3096 burst=20/26 cum=1857/2358=0.788
1790402410429 [spec-acc] ctx=3129 burst=21/26 cum=1878/2384=0.788
1790402410719 [spec-acc] ctx=3163 burst=20/26 cum=1898/2410=0.788
1790402411028 [spec-acc] ctx=3196 burst=18/28 cum=1916/2438=0.786
1790402411268 [spec-acc] ctx=3228 burst=21/22 cum=1937/2460=0.787
1790402411563 [spec-acc] ctx=3260 burst=21/26 cum=1958/2486=0.788
1790402411877 [spec-acc] ctx=3294 burst=18/28 cum=1976/2514=0.786
1790402412116 [spec-acc] ctx=3326 burst=21/22 cum=1997/2536=0.787
1790402412390 [spec-acc] ctx=3358 burst=21/24 cum=2018/2560=0.788
1790402412680 [spec-acc] ctx=3391 burst=20/26 cum=2038/2586=0.788
1790402412943 [spec-acc] ctx=3424 burst=22/24 cum=2060/2610=0.789
1790402413188 [spec-acc] ctx=3458 burst=22/22 cum=2082/2632=0.791
1790402413459 [spec-acc] ctx=3491 burst=21/24 cum=2103/2656=0.792
1790402413703 [spec-acc] ctx=3524 burst=22/22 cum=2125/2678=0.794
1790402413943 [spec-acc] ctx=3557 burst=22/22 cum=2147/2700=0.795
1790402414240 [spec-acc] ctx=3590 burst=19/26 cum=2166/2726=0.795
1790402414490 [spec-acc] ctx=3622 burst=22/22 cum=2188/2748=0.796
1790402414753 [spec-acc] ctx=3655 burst=21/24 cum=2209/2772=0.797
1790402415017 [spec-acc] ctx=3688 burst=22/24 cum=2231/2796=0.798
1790402415296 [spec-acc] ctx=3722 burst=21/24 cum=2252/2820=0.799
1790402415586 [spec-acc] ctx=3755 burst=21/26 cum=2273/2846=0.799
1790402415827 [spec-acc] ctx=3789 burst=21/22 cum=2294/2868=0.800
1790402416104 [spec-acc] ctx=3821 burst=20/24 cum=2314/2892=0.800
1790402416354 [spec-acc] ctx=3853 burst=22/22 cum=2336/2914=0.802
1790402416596 [spec-acc] ctx=3886 burst=22/22 cum=2358/2936=0.803
1790402416882 [spec-acc] ctx=3919 burst=21/26 cum=2379/2962=0.803
1790402417135 [spec-acc] ctx=3953 burst=21/22 cum=2400/2984=0.804
1790402417406 [spec-acc] ctx=3985 burst=21/24 cum=2421/3008=0.805
1790402417693 [spec-acc] ctx=4018 burst=20/26 cum=2441/3034=0.805
1790402418011 [spec-acc] ctx=4051 burst=19/28 cum=2460/3062=0.803
1790402418283 [spec-acc] ctx=4084 burst=22/24 cum=2482/3086=0.804
1790402418615 [spec-acc] ctx=4118 burst=18/30 cum=2500/3116=0.802
1790402418886 [spec-acc] ctx=4151 burst=22/24 cum=2522/3140=0.803
1790402419137 [spec-acc] ctx=4185 burst=22/22 cum=2544/3162=0.805
1790402419382 [spec-acc] ctx=4218 burst=22/22 cum=2566/3184=0.806
1790402419671 [spec-acc] ctx=4251 burst=19/26 cum=2585/3210=0.805
1790402419993 [spec-acc] ctx=4283 burst=18/28 cum=2603/3238=0.804
1790402420238 [spec-acc] ctx=4315 burst=21/22 cum=2624/3260=0.805
1790402420528 [spec-acc] ctx=4347 burst=20/26 cum=2644/3286=0.805
1790402420797 [spec-acc] ctx=4380 burst=22/24 cum=2666/3310=0.805
1790402421070 [spec-acc] ctx=4414 burst=20/24 cum=2686/3334=0.806
1790402421338 [spec-acc] ctx=4446 burst=20/24 cum=2706/3358=0.806
1790402421584 [spec-acc] ctx=4478 burst=21/22 cum=2727/3380=0.807
1790402421858 [spec-acc] ctx=4510 burst=20/24 cum=2747/3404=0.807
1790402422127 [spec-acc] ctx=4542 burst=20/24 cum=2767/3428=0.807
1790402422417 [spec-acc] ctx=4574 burst=21/26 cum=2788/3454=0.807
1790402422669 [spec-acc] ctx=4608 burst=21/22 cum=2809/3476=0.808
1790402422917 [spec-acc] ctx=4640 burst=22/22 cum=2831/3498=0.809
1790402423230 [spec-acc] ctx=4673 burst=18/28 cum=2849/3526=0.808
1790402423476 [spec-acc] ctx=4705 burst=21/22 cum=2870/3548=0.809
1790402423729 [spec-acc] ctx=4737 burst=22/22 cum=2892/3570=0.810
1790402423976 [spec-acc] ctx=4770 burst=22/22 cum=2914/3592=0.811
1790402424267 [spec-acc] ctx=4803 burst=19/26 cum=2933/3618=0.811
1790402424269 [meter] admit id=chatcmpl-9d064e7f61683159cbb39d234e26ee40 tenant=default lane=interactive model="q9"
1790402424284 [admission] per-session draft-state charge: model="q9" +44MB (measured capture high-water)
1790402424284 [admission] request cost: model="q9" ctx=9775 path=spec = 16704 B/token x ctx + 548MB prefill-workspace + 121MB fixed = 832MB
1790402424284 [admit-predict] id=chatcmpl-9d064e7f61683159cbb39d234e26ee40 tenant="" model="q9" verdict=admit reason=global-p95 prompt=1519 predicted_completion=5048 kv_hat=822296456 booked_bytes=0 booked_real=0 inflight=0 cap=64 budget_bytes=12845565056 retry_after_s=- exempt=0 enforce=0 live_free_bytes=-
1790402424284 [admit-mem] id=chatcmpl-9d064e7f61683159cbb39d234e26ee40 model="q9" verdict=admit prompt=1519 output_bound=- charged_ctx=9775 est_bytes=2486361992 est_context=163281600 est_fixed=2323080392 device_free=14884714936 pending_prime=0 pending_seed=0 host_free=0 demotable=935030784 short_by=0 inflight=0 cap=64 waited_ms=0 retry_after_s=-
1790402424285 [prefix-cache] hit: 1408 of 1519 prompt tokens from cache (model q9)
1790402424285 [prefix-cache] spec restore: 1408 of 1519 prompt tokens + draft plane from cache [suffix queued] (model q9)
1790402424285 [spec-k] model="q9" tenant="" K=2 source=cached-long prompt=1519 cached=1408 lcp=1408 active=1 wave=1 placement=single-or-non-pp2
1790402424285 [admission] fixed residual high-water: model="q9" 121MB (observed 283MB at ctx 9719 path=spec)
1790402424686 [spec-acc] ctx=111 burst=18/26 cum=18/26=0.692
1790402424686 [prefix-cache] insert (spec-boundary): 1472 tokens, 77.3MB (resident 1012.3MB / 2052MB, model q9)
1790402425011 [spec-acc] ctx=143 burst=18/30 cum=36/56=0.643
1790402425319 [spec-acc] ctx=176 burst=20/28 cum=56/84=0.667
1790402425548 [spec-acc] ctx=210 burst=21/22 cum=77/106=0.726
1790402425791 [spec-acc] ctx=242 burst=21/22 cum=98/128=0.766
1790402426051 [spec-acc] ctx=274 burst=21/24 cum=119/152=0.783
1790402426334 [spec-acc] ctx=307 burst=21/26 cum=140/178=0.787
1790402426640 [spec-acc] ctx=341 burst=19/28 cum=159/206=0.772
1790402426970 [spec-acc] ctx=374 burst=19/30 cum=178/236=0.754
1790402427294 [spec-acc] ctx=408 burst=17/30 cum=195/266=0.733
1790402427557 [spec-acc] ctx=440 burst=22/24 cum=217/290=0.748
1790402427889 [spec-acc] ctx=474 burst=19/30 cum=236/320=0.738
1790402428191 [spec-acc] ctx=508 burst=18/28 cum=254/348=0.730
1790402428431 [spec-acc] ctx=540 burst=21/22 cum=275/370=0.743
1790402428761 [spec-acc] ctx=572 burst=18/30 cum=293/400=0.733
1790402429069 [spec-acc] ctx=605 burst=18/28 cum=311/428=0.727
1790402429397 [spec-acc] ctx=637 burst=17/30 cum=328/458=0.716
1790402429729 [spec-acc] ctx=669 burst=18/30 cum=346/488=0.709
1790402430097 [spec-acc] ctx=702 burst=16/34 cum=362/522=0.693
1790402430432 [spec-acc] ctx=735 burst=17/30 cum=379/552=0.687
1790402430762 [spec-acc] ctx=767 burst=17/30 cum=396/582=0.680
1790402431087 [spec-acc] ctx=799 burst=17/30 cum=413/612=0.675
1790402431420 [spec-acc] ctx=831 burst=18/30 cum=431/642=0.671
1790402431711 [spec-acc] ctx=864 burst=19/26 cum=450/668=0.674
1790402431990 [spec-acc] ctx=896 burst=20/26 cum=470/694=0.677
1790402432326 [spec-acc] ctx=929 burst=18/30 cum=488/724=0.674
1790402432635 [spec-acc] ctx=962 burst=19/28 cum=507/752=0.674
1790402432875 [spec-acc] ctx=995 burst=22/22 cum=529/774=0.683
1790402433161 [spec-acc] ctx=1028 burst=21/26 cum=550/800=0.688
1790402433408 [spec-acc] ctx=1062 burst=22/22 cum=572/822=0.696
1790402433648 [spec-acc] ctx=1095 burst=21/22 cum=593/844=0.703
1790402433954 [spec-acc] ctx=1127 burst=19/28 cum=612/872=0.702
1790402434271 [spec-acc] ctx=1160 burst=20/28 cum=632/900=0.702
1790402434530 [spec-acc] ctx=1194 burst=22/24 cum=654/924=0.708
1790402434813 [spec-acc] ctx=1228 burst=21/26 cum=675/950=0.711
1790402435084 [spec-acc] ctx=1262 burst=22/24 cum=697/974=0.716
1790402435371 [spec-acc] ctx=1296 burst=21/26 cum=718/1000=0.718
1790402435631 [spec-acc] ctx=1330 burst=20/24 cum=738/1024=0.721
1790402435922 [spec-acc] ctx=1362 burst=19/26 cum=757/1050=0.721
1790402436167 [spec-acc] ctx=1394 burst=21/22 cum=778/1072=0.726
1790402436470 [spec-acc] ctx=1426 burst=18/28 cum=796/1100=0.724
1790402436807 [spec-acc] ctx=1458 burst=17/30 cum=813/1130=0.719
1790402437096 [spec-acc] ctx=1490 burst=21/26 cum=834/1156=0.721
1790402437357 [spec-acc] ctx=1524 burst=21/24 cum=855/1180=0.725
1790402437605 [spec-acc] ctx=1557 burst=21/22 cum=876/1202=0.729
1790402437897 [spec-acc] ctx=1589 burst=19/26 cum=895/1228=0.729
1790402438185 [spec-acc] ctx=1621 burst=21/26 cum=916/1254=0.730
1790402438492 [spec-acc] ctx=1655 burst=20/28 cum=936/1282=0.730
1790402438742 [spec-acc] ctx=1689 burst=21/22 cum=957/1304=0.734
1790402439010 [spec-acc] ctx=1721 burst=21/24 cum=978/1328=0.736
1790402439292 [spec-acc] ctx=1754 burst=19/26 cum=997/1354=0.736
1790402439590 [spec-acc] ctx=1786 burst=21/26 cum=1018/1380=0.738
1790402439906 [spec-acc] ctx=1820 burst=20/28 cum=1038/1408=0.737
1790402440142 [spec-acc] ctx=1854 burst=21/22 cum=1059/1430=0.741
1790402440389 [spec-acc] ctx=1886 burst=22/22 cum=1081/1452=0.744
1790402440659 [spec-acc] ctx=1919 burst=22/24 cum=1103/1476=0.747
1790402440929 [spec-acc] ctx=1953 burst=22/24 cum=1125/1500=0.750
1790402441211 [spec-acc] ctx=1987 burst=21/26 cum=1146/1526=0.751
1790402441485 [spec-acc] ctx=2021 burst=21/24 cum=1167/1550=0.753
1790402441730 [spec-acc] ctx=2054 burst=21/22 cum=1188/1572=0.756
1790402442016 [spec-acc] ctx=2086 burst=21/26 cum=1209/1598=0.757
1790402442261 [spec-acc] ctx=2120 burst=22/22 cum=1231/1620=0.760
1790402442510 [spec-acc] ctx=2153 burst=22/22 cum=1253/1642=0.763
1790402442799 [spec-acc] ctx=2186 burst=20/26 cum=1273/1668=0.763
1790402443063 [spec-acc] ctx=2219 burst=21/24 cum=1294/1692=0.765
1790402443358 [spec-acc] ctx=2252 burst=19/26 cum=1313/1718=0.764
1790402443694 [spec-acc] ctx=2284 burst=18/30 cum=1331/1748=0.761
1790402443956 [spec-acc] ctx=2317 burst=21/24 cum=1352/1772=0.763
1790402444300 [spec-acc] ctx=2350 burst=19/30 cum=1371/1802=0.761
1790402444591 [spec-acc] ctx=2384 burst=21/26 cum=1392/1828=0.761
1790402444829 [spec-acc] ctx=2418 burst=21/22 cum=1413/1850=0.764
1790402445149 [spec-acc] ctx=2450 burst=19/28 cum=1432/1878=0.763
1790402445465 [spec-acc] ctx=2483 burst=18/28 cum=1450/1906=0.761
1790402445725 [spec-acc] ctx=2515 burst=21/24 cum=1471/1930=0.762
1790402445971 [spec-acc] ctx=2548 burst=22/22 cum=1493/1952=0.765
1790402446226 [spec-acc] ctx=2581 burst=22/22 cum=1515/1974=0.767
1790402446466 [spec-acc] ctx=2614 burst=22/22 cum=1537/1996=0.770
1790402446705 [spec-acc] ctx=2647 burst=22/22 cum=1559/2018=0.773
1790402446952 [spec-acc] ctx=2680 burst=21/22 cum=1580/2040=0.775
1790402447317 [spec-acc] ctx=2712 burst=17/32 cum=1597/2072=0.771
1790402447577 [spec-acc] ctx=2745 burst=22/24 cum=1619/2096=0.772
1790402447988 [spec-acc] ctx=2779 burst=16/36 cum=1635/2132=0.767
1790402448279 [spec-acc] ctx=2813 burst=20/26 cum=1655/2158=0.767
1790402448585 [spec-acc] ctx=2846 burst=18/28 cum=1673/2186=0.765
1790402448833 [spec-acc] ctx=2878 burst=21/22 cum=1694/2208=0.767
1790402449087 [spec-acc] ctx=2910 burst=22/22 cum=1716/2230=0.770
1790402449328 [spec-acc] ctx=2943 burst=22/22 cum=1738/2252=0.772
1790402449567 [spec-acc] ctx=2976 burst=21/22 cum=1759/2274=0.774
1790402449843 [spec-acc] ctx=3008 burst=21/24 cum=1780/2298=0.775
1790402450136 [spec-acc] ctx=3041 burst=19/26 cum=1799/2324=0.774
1790402450444 [spec-acc] ctx=3073 burst=18/28 cum=1817/2352=0.773
1790402450715 [spec-acc] ctx=3105 burst=22/24 cum=1839/2376=0.774
1790402450990 [spec-acc] ctx=3139 burst=21/24 cum=1860/2400=0.775
1790402451254 [spec-acc] ctx=3172 burst=21/24 cum=1881/2424=0.776
1790402451565 [spec-acc] ctx=3205 burst=18/28 cum=1899/2452=0.774
1790402451867 [spec-acc] ctx=3237 burst=20/26 cum=1919/2478=0.774
1790402452153 [spec-acc] ctx=3270 burst=19/26 cum=1938/2504=0.774
1790402452439 [spec-acc] ctx=3302 burst=20/26 cum=1958/2530=0.774
1790402452743 [spec-acc] ctx=3335 burst=19/26 cum=1977/2556=0.773
1790402453032 [spec-acc] ctx=3367 burst=19/26 cum=1996/2582=0.773
1790402453361 [spec-acc] ctx=3399 burst=17/30 cum=2013/2612=0.771
1790402453665 [spec-acc] ctx=3431 burst=19/26 cum=2032/2638=0.770
1790402453954 [spec-acc] ctx=3463 burst=21/26 cum=2053/2664=0.771
1790402454195 [spec-acc] ctx=3497 burst=22/22 cum=2075/2686=0.773
1790402454442 [spec-acc] ctx=3530 burst=22/22 cum=2097/2708=0.774
1790402454700 [spec-acc] ctx=3563 burst=22/22 cum=2119/2730=0.776
1790402454964 [spec-acc] ctx=3596 burst=20/24 cum=2139/2754=0.777
1790402455230 [spec-acc] ctx=3628 burst=21/24 cum=2160/2778=0.778
1790402455529 [spec-acc] ctx=3661 burst=19/26 cum=2179/2804=0.777
1790402455797 [spec-acc] ctx=3693 burst=20/24 cum=2199/2828=0.778
1790402456084 [spec-acc] ctx=3725 burst=20/26 cum=2219/2854=0.778
1790402456356 [spec-acc] ctx=3758 burst=21/24 cum=2240/2878=0.778
1790402456632 [spec-acc] ctx=3791 burst=20/24 cum=2260/2902=0.779
1790402456941 [spec-acc] ctx=3823 burst=19/28 cum=2279/2930=0.778
1790402457209 [spec-acc] ctx=3856 burst=22/24 cum=2301/2954=0.779
1790402457511 [spec-acc] ctx=3890 burst=21/26 cum=2322/2980=0.779
1790402457755 [spec-acc] ctx=3924 burst=21/22 cum=2343/3002=0.780
1790402458043 [spec-acc] ctx=3956 burst=20/26 cum=2363/3028=0.780
1790402458321 [spec-acc] ctx=3989 burst=22/24 cum=2385/3052=0.781
1790402458567 [spec-acc] ctx=4023 burst=22/22 cum=2407/3074=0.783
1790402458812 [spec-acc] ctx=4056 burst=22/22 cum=2429/3096=0.785
1790402459056 [spec-acc] ctx=4089 burst=22/22 cum=2451/3118=0.786
1790402459333 [spec-acc] ctx=4122 burst=21/24 cum=2472/3142=0.787
1790402459335 [meter] admit id=chatcmpl-ede8b1971dd09b3503c59dc4ac94ffab tenant=default lane=interactive model="q9"
1790402459351 [admission] per-session draft-state charge: model="q9" +44MB (measured capture high-water)
1790402459351 [admission] request cost: model="q9" ctx=9754 path=spec = 16704 B/token x ctx + 540MB prefill-workspace + 121MB fixed = 824MB
1790402459351 [admit-predict] id=chatcmpl-ede8b1971dd09b3503c59dc4ac94ffab tenant="" model="q9" verdict=admit reason=global-p95 prompt=1498 predicted_completion=5048 kv_hat=814411528 booked_bytes=0 booked_real=0 inflight=0 cap=64 budget_bytes=12845565056 retry_after_s=- exempt=0 enforce=0 live_free_bytes=-
1790402459351 [admit-mem] id=chatcmpl-ede8b1971dd09b3503c59dc4ac94ffab model="q9" verdict=admit prompt=1498 output_bound=- charged_ctx=9754 est_bytes=2478477064 est_context=162930816 est_fixed=2315546248 device_free=14806823224 pending_prime=0 pending_seed=0 host_free=0 demotable=1012326400 short_by=0 inflight=0 cap=64 waited_ms=0 retry_after_s=-
1790402459352 [prefix-cache] hit: 1408 of 1498 prompt tokens from cache (model q9)
1790402459352 [prefix-cache] spec restore: 1408 of 1498 prompt tokens + draft plane from cache [suffix queued] (model q9)
1790402459352 [spec-k] model="q9" tenant="" K=2 source=cached-long prompt=1498 cached=1408 lcp=1408 active=1 wave=1 placement=single-or-non-pp2
1790402459749 [spec-acc] ctx=90 burst=18/26 cum=18/26=0.692
1790402459749 [prefix-cache] insert (spec-boundary): 1472 tokens, 77.3MB (resident 1089.6MB / 2052MB, model q9)
1790402460053 [spec-acc] ctx=122 burst=18/28 cum=36/54=0.667
1790402460322 [spec-acc] ctx=154 burst=22/24 cum=58/78=0.744
1790402460594 [spec-acc] ctx=188 burst=20/26 cum=78/104=0.750
1790402460834 [spec-acc] ctx=221 burst=21/22 cum=99/126=0.786
1790402461118 [spec-acc] ctx=253 burst=20/26 cum=119/152=0.783
1790402461387 [spec-acc] ctx=286 burst=20/24 cum=139/176=0.790
1790402461707 [spec-acc] ctx=318 burst=19/30 cum=158/206=0.767
1790402461989 [spec-acc] ctx=352 burst=21/26 cum=179/232=0.772
1790402462347 [spec-acc] ctx=386 burst=16/32 cum=195/264=0.739
1790402462627 [spec-acc] ctx=418 burst=19/26 cum=214/290=0.738
1790402462907 [spec-acc] ctx=450 burst=21/26 cum=235/316=0.744
1790402463219 [spec-acc] ctx=484 burst=19/28 cum=254/344=0.738
1790402463497 [spec-acc] ctx=517 burst=20/26 cum=274/370=0.741
1790402463807 [spec-acc] ctx=550 burst=18/28 cum=292/398=0.734
1790402464206 [spec-acc] ctx=582 burst=15/36 cum=307/434=0.707
1790402464461 [spec-acc] ctx=615 burst=20/24 cum=327/458=0.714
1790402464789 [spec-acc] ctx=647 burst=18/30 cum=345/488=0.707
1790402465031 [spec-acc] ctx=680 burst=21/22 cum=366/510=0.718
1790402465358 [spec-acc] ctx=712 burst=17/30 cum=383/540=0.709
1790402465666 [spec-acc] ctx=744 burst=19/28 cum=402/568=0.708
1790402466020 [spec-acc] ctx=777 burst=17/32 cum=419/600=0.698
1790402466299 [spec-acc] ctx=810 burst=19/26 cum=438/626=0.700
1790402466585 [spec-acc] ctx=842 burst=20/26 cum=458/652=0.702
1790402466821 [spec-acc] ctx=875 burst=21/22 cum=479/674=0.711
1790402467111 [spec-acc] ctx=907 burst=21/26 cum=500/700=0.714
1790402467392 [spec-acc] ctx=941 burst=19/26 cum=519/726=0.715
1790402467653 [spec-acc] ctx=973 burst=22/24 cum=541/750=0.721
1790402467899 [spec-acc] ctx=1007 burst=21/22 cum=562/772=0.728
1790402468203 [spec-acc] ctx=1039 burst=20/28 cum=582/800=0.728
1790402468509 [spec-acc] ctx=1073 burst=18/28 cum=600/828=0.725
1790402468748 [spec-acc] ctx=1105 burst=21/22 cum=621/850=0.731
1790402469032 [spec-acc] ctx=1137 burst=19/26 cum=640/876=0.731
1790402469317 [spec-acc] ctx=1169 burst=20/26 cum=660/902=0.732
1790402469577 [spec-acc] ctx=1202 burst=20/24 cum=680/926=0.734
1790402469847 [spec-acc] ctx=1234 burst=22/24 cum=702/950=0.739
1790402470107 [spec-acc] ctx=1268 burst=21/24 cum=723/974=0.742
1790402470413 [spec-acc] ctx=1301 burst=18/28 cum=741/1002=0.740
1790402470699 [spec-acc] ctx=1333 burst=20/26 cum=761/1028=0.740
1790402470936 [spec-acc] ctx=1366 burst=22/22 cum=783/1050=0.746
1790402471178 [spec-acc] ctx=1399 burst=22/22 cum=805/1072=0.751
1790402471460 [spec-acc] ctx=1432 burst=20/26 cum=825/1098=0.751
1790402471773 [spec-acc] ctx=1465 burst=20/28 cum=845/1126=0.750
1790402472052 [spec-acc] ctx=1499 burst=21/26 cum=866/1152=0.752
1790402472317 [spec-acc] ctx=1533 burst=22/24 cum=888/1176=0.755
1790402472581 [spec-acc] ctx=1567 burst=22/24 cum=910/1200=0.758
1790402472865 [spec-acc] ctx=1601 burst=21/26 cum=931/1226=0.759
1790402473152 [spec-acc] ctx=1635 burst=21/26 cum=952/1252=0.760
1790402473389 [spec-acc] ctx=1669 burst=21/22 cum=973/1274=0.764
1790402473654 [spec-acc] ctx=1701 burst=22/24 cum=995/1298=0.767
1790402473893 [spec-acc] ctx=1735 burst=22/22 cum=1017/1320=0.770
1790402474178 [spec-acc] ctx=1768 burst=20/26 cum=1037/1346=0.770
1790402474467 [spec-acc] ctx=1801 burst=19/26 cum=1056/1372=0.770
1790402474728 [spec-acc] ctx=1833 burst=22/24 cum=1078/1396=0.772
1790402475018 [spec-acc] ctx=1867 burst=20/26 cum=1098/1422=0.772
1790402475299 [spec-acc] ctx=1900 burst=19/26 cum=1117/1448=0.771
1790402475560 [spec-acc] ctx=1932 burst=20/24 cum=1137/1472=0.772
1790402475875 [spec-acc] ctx=1964 burst=20/28 cum=1157/1500=0.771
1790402476135 [spec-acc] ctx=1998 burst=22/24 cum=1179/1524=0.774
1790402476440 [spec-acc] ctx=2032 burst=20/28 cum=1199/1552=0.773
1790402476729 [spec-acc] ctx=2066 burst=20/26 cum=1219/1578=0.772
1790402476972 [spec-acc] ctx=2099 burst=22/22 cum=1241/1600=0.776
1790402477210 [spec-acc] ctx=2132 burst=22/22 cum=1263/1622=0.779
1790402477516 [spec-acc] ctx=2165 burst=19/28 cum=1282/1650=0.777
1790402477789 [spec-acc] ctx=2198 burst=20/24 cum=1302/1674=0.778
1790402478046 [spec-acc] ctx=2230 burst=20/24 cum=1322/1698=0.779
1790402478308 [spec-acc] ctx=2262 burst=22/24 cum=1344/1722=0.780
1790402478598 [spec-acc] ctx=2296 burst=19/26 cum=1363/1748=0.780
1790402478864 [spec-acc] ctx=2328 burst=21/24 cum=1384/1772=0.781
1790402479121 [spec-acc] ctx=2361 burst=21/24 cum=1405/1796=0.782
1790402479365 [spec-acc] ctx=2394 burst=22/22 cum=1427/1818=0.785
1790402479615 [spec-acc] ctx=2427 burst=21/22 cum=1448/1840=0.787
1790402479852 [spec-acc] ctx=2459 burst=22/22 cum=1470/1862=0.789
1790402480088 [spec-acc] ctx=2492 burst=21/22 cum=1491/1884=0.791
1790402480355 [spec-acc] ctx=2524 burst=21/24 cum=1512/1908=0.792
1790402480608 [spec-acc] ctx=2557 burst=21/22 cum=1533/1930=0.794
1790402480844 [spec-acc] ctx=2589 burst=22/22 cum=1555/1952=0.797
1790402481106 [spec-acc] ctx=2622 burst=21/24 cum=1576/1976=0.798
1790402481346 [spec-acc] ctx=2655 burst=22/22 cum=1598/1998=0.800
1790402481619 [spec-acc] ctx=2688 burst=22/24 cum=1620/2022=0.801
1790402481621 [meter] admit id=chatcmpl-bb3c72044ebd0a49172a4464bc30195b tenant=default lane=interactive model="q9"
1790402481635 [admission] per-session draft-state charge: model="q9" +44MB (measured capture high-water)
1790402481635 [admission] request cost: model="q9" ctx=9748 path=spec = 16704 B/token x ctx + 538MB prefill-workspace + 121MB fixed = 822MB
1790402481635 [admit-predict] id=chatcmpl-bb3c72044ebd0a49172a4464bc30195b tenant="" model="q9" verdict=admit reason=global-p95 prompt=1492 predicted_completion=5048 kv_hat=812148616 booked_bytes=0 booked_real=0 inflight=0 cap=64 budget_bytes=12845565056 retry_after_s=- exempt=0 enforce=0 live_free_bytes=-
1790402481635 [admit-mem] id=chatcmpl-bb3c72044ebd0a49172a4464bc30195b model="q9" verdict=admit prompt=1492 output_bound=- charged_ctx=9748 est_bytes=2476214152 est_context=162830592 est_fixed=2313383560 device_free=14729581112 pending_prime=0 pending_seed=0 host_free=0 demotable=1089622016 short_by=0 inflight=0 cap=64 waited_ms=0 retry_after_s=-
1790402481636 [prefix-cache] hit: 1408 of 1492 prompt tokens from cache (model q9)
1790402481636 [prefix-cache] spec restore: 1408 of 1492 prompt tokens + draft plane from cache [suffix queued] (model q9)
1790402481636 [spec-k] model="q9" tenant="" K=2 source=cached-long prompt=1492 cached=1408 lcp=1408 active=1 wave=1 placement=single-or-non-pp2
1790402482003 [spec-acc] ctx=84 burst=19/24 cum=19/24=0.792
1790402482003 [prefix-cache] insert (spec-boundary): 1472 tokens, 77.3MB (resident 1166.9MB / 2052MB, model q9)
1790402482308 [spec-acc] ctx=116 burst=20/28 cum=39/52=0.750
1790402482603 [spec-acc] ctx=150 burst=21/26 cum=60/78=0.769
1790402482827 [spec-acc] ctx=184 burst=21/22 cum=81/100=0.810
1790402483126 [spec-acc] ctx=216 burst=20/28 cum=101/128=0.789
1790402483484 [spec-acc] ctx=250 burst=18/32 cum=119/160=0.744
1790402483765 [spec-acc] ctx=284 burst=21/26 cum=140/186=0.753
1790402484034 [spec-acc] ctx=318 burst=19/26 cum=159/212=0.750
1790402484389 [spec-acc] ctx=350 burst=17/32 cum=176/244=0.721
1790402484696 [spec-acc] ctx=383 burst=18/28 cum=194/272=0.713
1790402484985 [spec-acc] ctx=415 burst=19/28 cum=213/300=0.710
1790402485319 [spec-acc] ctx=448 burst=19/30 cum=232/330=0.703
1790402485650 [spec-acc] ctx=482 burst=17/30 cum=249/360=0.692
1790402485940 [spec-acc] ctx=514 burst=19/28 cum=268/388=0.691
1790402486251 [spec-acc] ctx=547 burst=19/28 cum=287/416=0.690
1790402486517 [spec-acc] ctx=580 burst=21/24 cum=308/440=0.700
1790402486811 [spec-acc] ctx=613 burst=19/28 cum=327/468=0.699
1790402487091 [spec-acc] ctx=646 burst=19/26 cum=346/494=0.700
1790402487386 [spec-acc] ctx=678 burst=20/26 cum=366/520=0.704
1790402487637 [spec-acc] ctx=711 burst=22/24 cum=388/544=0.713
1790402487910 [spec-acc] ctx=745 burst=19/26 cum=407/570=0.714
1790402488228 [spec-acc] ctx=777 burst=20/28 cum=427/598=0.714
1790402488467 [spec-acc] ctx=811 burst=22/22 cum=449/620=0.724
1790402488800 [spec-acc] ctx=844 burst=18/32 cum=467/652=0.716
1790402489114 [spec-acc] ctx=878 burst=19/28 cum=486/680=0.715
1790402489403 [spec-acc] ctx=911 burst=19/26 cum=505/706=0.715
1790402489694 [spec-acc] ctx=943 burst=20/28 cum=525/734=0.715
1790402489931 [spec-acc] ctx=977 burst=22/22 cum=547/756=0.724
1790402490183 [spec-acc] ctx=1010 burst=22/22 cum=569/778=0.731
1790402490460 [spec-acc] ctx=1043 burst=19/26 cum=588/804=0.731
1790402490734 [spec-acc] ctx=1075 burst=19/26 cum=607/830=0.731
1790402491046 [spec-acc] ctx=1107 burst=18/28 cum=625/858=0.728
1790402491312 [spec-acc] ctx=1139 burst=21/24 cum=646/882=0.732
1790402491648 [spec-acc] ctx=1172 burst=16/32 cum=662/914=0.724
1790402491933 [spec-acc] ctx=1204 burst=19/26 cum=681/940=0.724
1790402492250 [spec-acc] ctx=1236 burst=20/28 cum=701/968=0.724
1790402492480 [spec-acc] ctx=1270 burst=21/22 cum=722/990=0.729
1790402492711 [spec-acc] ctx=1302 burst=21/22 cum=743/1012=0.734
1790402492981 [spec-acc] ctx=1334 burst=22/24 cum=765/1036=0.738
1790402493228 [spec-acc] ctx=1368 burst=22/22 cum=787/1058=0.744
1790402493502 [spec-acc] ctx=1401 burst=19/26 cum=806/1084=0.744
1790402493830 [spec-acc] ctx=1433 burst=17/30 cum=823/1114=0.739
1790402494166 [spec-acc] ctx=1465 burst=19/30 cum=842/1144=0.736
1790402494421 [spec-acc] ctx=1499 burst=20/24 cum=862/1168=0.738
1790402494676 [spec-acc] ctx=1531 burst=21/24 cum=883/1192=0.741
1790402494971 [spec-acc] ctx=1564 burst=21/26 cum=904/1218=0.742
1790402495230 [spec-acc] ctx=1598 burst=20/24 cum=924/1242=0.744
1790402495505 [spec-acc] ctx=1630 burst=19/26 cum=943/1268=0.744
1790402495791 [spec-acc] ctx=1662 burst=20/26 cum=963/1294=0.744
1790402496036 [spec-acc] ctx=1695 burst=22/22 cum=985/1316=0.748
1790402496273 [spec-acc] ctx=1728 burst=21/22 cum=1006/1338=0.752
1790402496530 [spec-acc] ctx=1760 burst=20/24 cum=1026/1362=0.753
1790402496798 [spec-acc] ctx=1792 burst=21/24 cum=1047/1386=0.755
1790402497039 [spec-acc] ctx=1825 burst=22/22 cum=1069/1408=0.759
1790402497405 [spec-acc] ctx=1858 burst=17/34 cum=1086/1442=0.753
1790402497650 [spec-acc] ctx=1892 burst=22/22 cum=1108/1464=0.757
1790402497915 [spec-acc] ctx=1925 burst=20/24 cum=1128/1488=0.758
1790402498216 [spec-acc] ctx=1957 burst=19/28 cum=1147/1516=0.757
1790402498477 [spec-acc] ctx=1990 burst=22/24 cum=1169/1540=0.759
1790402498748 [spec-acc] ctx=2024 burst=20/24 cum=1189/1564=0.760
1790402499027 [spec-acc] ctx=2056 burst=19/26 cum=1208/1590=0.760
1790402499329 [spec-acc] ctx=2088 burst=18/28 cum=1226/1618=0.758
1790402499574 [spec-acc] ctx=2120 burst=21/22 cum=1247/1640=0.760
1790402499819 [spec-acc] ctx=2152 burst=22/22 cum=1269/1662=0.764
1790402500077 [spec-acc] ctx=2185 burst=22/24 cum=1291/1686=0.766
1790402500409 [spec-acc] ctx=2219 burst=18/30 cum=1309/1716=0.763
1790402500701 [spec-acc] ctx=2252 burst=21/26 cum=1330/1742=0.763
1790402500959 [spec-acc] ctx=2286 burst=21/24 cum=1351/1766=0.765
1790402501244 [spec-acc] ctx=2319 burst=21/26 cum=1372/1792=0.766
1790402501542 [spec-acc] ctx=2353 burst=21/26 cum=1393/1818=0.766
1790402501803 [spec-acc] ctx=2387 burst=21/24 cum=1414/1842=0.768
1790402502132 [spec-acc] ctx=2420 burst=19/30 cum=1433/1872=0.765
1790402502453 [spec-acc] ctx=2454 burst=19/28 cum=1452/1900=0.764
1790402502717 [spec-acc] ctx=2487 burst=20/24 cum=1472/1924=0.765
1790402503024 [spec-acc] ctx=2519 burst=18/28 cum=1490/1952=0.763
1790402503314 [spec-acc] ctx=2551 burst=19/26 cum=1509/1978=0.763
1790402503610 [spec-acc] ctx=2583 burst=20/26 cum=1529/2004=0.763
1790402503869 [spec-acc] ctx=2616 burst=22/24 cum=1551/2028=0.765
1790402504109 [spec-acc] ctx=2650 burst=22/22 cum=1573/2050=0.767
1790402504382 [spec-acc] ctx=2683 burst=22/24 cum=1595/2074=0.769
1790402504736 [spec-acc] ctx=2717 burst=16/32 cum=1611/2106=0.765
1790402505019 [spec-acc] ctx=2749 burst=19/26 cum=1630/2132=0.765
1790402505314 [spec-acc] ctx=2781 burst=21/26 cum=1651/2158=0.765
1790402505560 [spec-acc] ctx=2815 burst=22/22 cum=1673/2180=0.767
1790402505800 [spec-acc] ctx=2848 burst=22/22 cum=1695/2202=0.770
1790402506065 [spec-acc] ctx=2881 burst=20/24 cum=1715/2226=0.770
1790402506390 [spec-acc] ctx=2913 burst=19/28 cum=1734/2254=0.769
1790402506652 [spec-acc] ctx=2946 burst=21/24 cum=1755/2278=0.770
1790402506915 [spec-acc] ctx=2979 burst=20/24 cum=1775/2302=0.771
1790402507167 [spec-acc] ctx=3011 burst=22/22 cum=1797/2324=0.773
1790402507461 [spec-acc] ctx=3044 burst=19/26 cum=1816/2350=0.773
1790402507724 [spec-acc] ctx=3076 burst=22/24 cum=1838/2374=0.774
1790402507991 [spec-acc] ctx=3110 burst=21/24 cum=1859/2398=0.775
1790402508272 [spec-acc] ctx=3143 burst=21/24 cum=1880/2422=0.776
1790402508536 [spec-acc] ctx=3176 burst=22/24 cum=1902/2446=0.778
1790402508801 [spec-acc] ctx=3210 burst=22/24 cum=1924/2470=0.779
1790402509107 [spec-acc] ctx=3244 burst=20/26 cum=1944/2496=0.779
1790402509351 [spec-acc] ctx=3277 burst=22/22 cum=1966/2518=0.781
1790402509593 [spec-acc] ctx=3310 burst=22/22 cum=1988/2540=0.783
1790402509846 [spec-acc] ctx=3343 burst=21/22 cum=2009/2562=0.784
1790402510147 [spec-acc] ctx=3375 burst=20/26 cum=2029/2588=0.784
1790402510478 [spec-acc] ctx=3408 burst=19/30 cum=2048/2618=0.782
1790402510752 [spec-acc] ctx=3442 burst=20/24 cum=2068/2642=0.783
1790402511077 [spec-acc] ctx=3474 burst=19/28 cum=2087/2670=0.782
1790402511386 [spec-acc] ctx=3507 burst=20/28 cum=2107/2698=0.781
1790402511709 [spec-acc] ctx=3541 burst=18/28 cum=2125/2726=0.780
1790402512055 [spec-acc] ctx=3573 burst=17/30 cum=2142/2756=0.777
1790402512297 [spec-acc] ctx=3605 burst=21/22 cum=2163/2778=0.779
1790402512569 [spec-acc] ctx=3637 burst=22/24 cum=2185/2802=0.780
1790402512850 [spec-acc] ctx=3671 burst=22/24 cum=2207/2826=0.781
1790402513118 [spec-acc] ctx=3705 burst=20/24 cum=2227/2850=0.781
1790402513407 [spec-acc] ctx=3737 burst=19/26 cum=2246/2876=0.781
1790402513715 [spec-acc] ctx=3769 burst=20/26 cum=2266/2902=0.781
1790402513989 [spec-acc] ctx=3802 burst=22/24 cum=2288/2926=0.782
1790402514276 [spec-acc] ctx=3836 burst=20/26 cum=2308/2952=0.782
1790402514576 [spec-acc] ctx=3869 burst=19/26 cum=2327/2978=0.781
1790402514875 [spec-acc] ctx=3901 burst=21/26 cum=2348/3004=0.782
1790402515168 [spec-acc] ctx=3935 burst=19/26 cum=2367/3030=0.781
1790402515488 [spec-acc] ctx=3967 burst=20/28 cum=2387/3058=0.781
1790402515787 [spec-acc] ctx=4001 burst=20/26 cum=2407/3084=0.780
1790402516083 [spec-acc] ctx=4034 burst=19/26 cum=2426/3110=0.780
1790402516396 [spec-acc] ctx=4066 burst=19/28 cum=2445/3138=0.779
1790402516672 [spec-acc] ctx=4099 burst=20/24 cum=2465/3162=0.780
1790402517020 [spec-acc] ctx=4131 burst=18/30 cum=2483/3192=0.778
1790402517309 [spec-acc] ctx=4164 burst=19/26 cum=2502/3218=0.778
1790402517561 [spec-acc] ctx=4196 burst=21/22 cum=2523/3240=0.779
1790402517866 [spec-acc] ctx=4228 burst=21/26 cum=2544/3266=0.779
1790402518134 [spec-acc] ctx=4262 burst=21/24 cum=2565/3290=0.780
1790402518387 [spec-acc] ctx=4295 burst=22/22 cum=2587/3312=0.781
1790402518660 [spec-acc] ctx=4328 burst=20/24 cum=2607/3336=0.781
1790402518983 [spec-acc] ctx=4360 burst=20/28 cum=2627/3364=0.781
1790402519228 [spec-acc] ctx=4394 burst=22/22 cum=2649/3386=0.782
1790402519526 [spec-acc] ctx=4427 burst=21/26 cum=2670/3412=0.783
1790402519786 [spec-acc] ctx=4461 burst=21/22 cum=2691/3434=0.784
1790402520055 [spec-acc] ctx=4493 burst=21/24 cum=2712/3458=0.784
1790402520308 [spec-acc] ctx=4526 burst=22/22 cum=2734/3480=0.786
1790402523318 [meter] admit id=chatcmpl-ef7f9d7667d2c177bad587fcaf89cac5 tenant=default lane=interactive model="q9"
1790402523318 [meter] admit id=chatcmpl-a72f7b12caf37bf652ef2ddb60682284 tenant=default lane=interactive model="q9"
1790402523319 [meter] admit id=chatcmpl-f21b46df6b0db03fd7db3318092af4e6 tenant=default lane=interactive model="q9"
1790402523319 [meter] admit id=chatcmpl-dd9415accd90887bb4e6fc8994eaffad tenant=default lane=interactive model="q9"
1790402523320 [admission] request cost: model="q9" ctx=9591 path=plain = 14848 B/token x ctx + 481MB prefill-workspace + 121MB fixed = 745MB
1790402523320 [admit-predict] id=chatcmpl-ef7f9d7667d2c177bad587fcaf89cac5 tenant="" model="q9" verdict=admit reason=global-p95 prompt=1335 predicted_completion=5048 kv_hat=697169272 booked_bytes=0 booked_real=0 inflight=0 cap=64 budget_bytes=12845565056 retry_after_s=- exempt=0 enforce=0 live_free_bytes=-
1790402523320 [admit-mem] id=chatcmpl-ef7f9d7667d2c177bad587fcaf89cac5 model="q9" verdict=admit prompt=1335 output_bound=- charged_ctx=9591 est_bytes=2355295608 est_context=142407168 est_fixed=2212888440 device_free=14652803000 pending_prime=0 pending_seed=0 host_free=0 demotable=1166917632 short_by=0 inflight=0 cap=64 waited_ms=0 retry_after_s=-
1790402523320 [meter] admit id=chatcmpl-c3913ba3c0a2042107fd72c8a18279ac tenant=default lane=interactive model="q9"
1790402523321 [meter] admit id=chatcmpl-7eb523e0688ff18d072fffba2553dc87 tenant=default lane=interactive model="q9"
1790402523322 [spec-k] model="q9" tenant="" K=0 source=concurrency prompt=1335 cached=0 lcp=4 active=1 wave=6 placement=single-or-non-pp2
1790402523322 [meter] admit id=chatcmpl-1c4a66015fc6cfc9d774a0377c138fb3 tenant=default lane=interactive model="q9"
1790402523322 [meter] admit id=chatcmpl-f8f310a11ee610a86b61ebf96f2a32c4 tenant=default lane=interactive model="q9"
1790402523322 [meter] admit id=chatcmpl-1d0d4a424a9d5ec02c6b02c3da8a9b2d tenant=default lane=interactive model="q9"
1790402523322 [meter] admit id=chatcmpl-fb9a00c2c33766b57fc43f9bbbf13ff9 tenant=default lane=interactive model="q9"
1790402523323 [admission] request cost: model="q9" ctx=9584 path=plain = 14848 B/token x ctx + 479MB prefill-workspace + 121MB fixed = 742MB
1790402523323 [admit-predict] id=chatcmpl-a72f7b12caf37bf652ef2ddb60682284 tenant="" model="q9" verdict=admit reason=global-p95 prompt=1328 predicted_completion=5048 kv_hat=694542200 booked_bytes=697169272 booked_real=744682872 inflight=1 cap=64 budget_bytes=12845565056 retry_after_s=- exempt=0 enforce=0 live_free_bytes=-
1790402523323 [admit-mem] id=chatcmpl-a72f7b12caf37bf652ef2ddb60682284 model="q9" verdict=admit prompt=1328 output_bound=- charged_ctx=9584 est_bytes=2352668536 est_context=142303232 est_fixed=2210365304 device_free=13834702916 pending_prime=481198080 pending_seed=74606592 host_free=0 demotable=1166917632 short_by=0 inflight=1 cap=64 waited_ms=0 retry_after_s=-
1790402523323 [meter] admit id=chatcmpl-0724a5323a8723e9491988ded4908c2c tenant=default lane=interactive model="q9"
1790402523323 [meter] admit id=chatcmpl-c5163c2b96eb3657b98d8ac5c9ce9541 tenant=default lane=interactive model="q9"
1790402523323 [meter] admit id=chatcmpl-72510db456cf211ca2c265592f908851 tenant=default lane=interactive model="q9"
1790402523323 [meter] admit id=chatcmpl-959c5e454fee6e5a84ce81b3f706d049 tenant=default lane=interactive model="q9"
1790402523323 [meter] admit id=chatcmpl-f7e1dcf709b199152671936025088666 tenant=default lane=interactive model="q9"
1790402523323 [meter] admit id=chatcmpl-59423b6290587850960d1e040188c892 tenant=default lane=interactive model="q9"
1790402523323 [meter] admit id=chatcmpl-6a91390f56f4946127f8ccd4dfdf7a9a tenant=default lane=interactive model="q9"
1790402523324 [meter] admit id=chatcmpl-0a76447d464f416790324baf6da4fc25 tenant=default lane=interactive model="q9"
1790402523324 [spec-k] model="q9" tenant="" K=0 source=concurrency prompt=1328 cached=0 lcp=4 active=2 wave=18 placement=single-or-non-pp2
1790402523328 [meter] admit id=chatcmpl-c9957e2f5f47de493bb3139fe790d005 tenant=default lane=interactive model="q9"
1790402523328 [meter] admit id=chatcmpl-0eae15506fc10be8cf987934efcb9f29 tenant=default lane=interactive model="q9"
1790402523328 [meter] admit id=chatcmpl-309be09e1ef30630b92936ab39761658 tenant=default lane=interactive model="q9"
1790402523328 [meter] admit id=chatcmpl-693086922ad6da571a1a9dd8032f5482 tenant=default lane=interactive model="q9"
1790402523328 [meter] admit id=chatcmpl-7de8d675d3c494902beec7db0ad7d759 tenant=default lane=interactive model="q9"
1790402523328 [meter] admit id=chatcmpl-7fa36fc765a86f42f0a6571e20d88dd8 tenant=default lane=interactive model="q9"
1790402523328 [meter] admit id=chatcmpl-b4bc16fe936c5f5563776fe62293ed89 tenant=default lane=interactive model="q9"
1790402523328 [meter] admit id=chatcmpl-80888071787cd51abb9b5c35814229e1 tenant=default lane=interactive model="q9"
1790402523328 [meter] admit id=chatcmpl-3d1c28537faaae2f1cc9770422091665 tenant=default lane=interactive model="q9"
1790402523328 [meter] admit id=chatcmpl-472e742a6a08e5d7eb216d5a383dc01a tenant=default lane=interactive model="q9"
1790402523328 [meter] admit id=chatcmpl-26edbe9b829782c0c1373119ed406ee7 tenant=default lane=interactive model="q9"
1790402523328 [meter] admit id=chatcmpl-b3be2ad7ff42090fe4c2d0bb5bcf3239 tenant=default lane=interactive model="q9"
1790402523328 [meter] admit id=chatcmpl-372f40421145f2fe27cc978499cbbcc9 tenant=default lane=interactive model="q9"
1790402523328 [meter] admit id=chatcmpl-027444d3244223e9aaf6aabb39741c4e tenant=default lane=interactive model="q9"
1790402523328 [meter] admit id=chatcmpl-584ac53f44c927805a2120311073f451 tenant=default lane=interactive model="q9"
1790402523328 [meter] admit id=chatcmpl-40bea591e8521a59eaa63a5abfc6350d tenant=default lane=interactive model="q9"
1790402523328 [meter] admit id=chatcmpl-190f998469f65264403b481db7e304a9 tenant=default lane=interactive model="q9"
1790402523328 [meter] admit id=chatcmpl-22027e451d511c33035dfa766839eb55 tenant=default lane=interactive model="q9"
1790402523328 [meter] admit id=chatcmpl-bfd4ea4fefd9c3214508e463a6f704e4 tenant=default lane=interactive model="q9"
1790402523328 [meter] admit id=chatcmpl-6219b45d1d82f2a8757b7671f028c7d0 tenant=default lane=interactive model="q9"
1790402523328 [meter] admit id=chatcmpl-4e2b1b2caaf399cf43c8252229c4195b tenant=default lane=interactive model="q9"
1790402523328 [meter] admit id=chatcmpl-76e600c9251866f0bacde65ec3609dc7 tenant=default lane=interactive model="q9"
1790402523328 [meter] admit id=chatcmpl-aadca98fda409a07837f2952acc6dce5 tenant=default lane=interactive model="q9"
1790402523328 [meter] admit id=chatcmpl-0ff19a7cb6689062e4d994655706938c tenant=default lane=interactive model="q9"
1790402523328 [meter] admit id=chatcmpl-6f4259835b3bfec9ba048389dca10cd6 tenant=default lane=interactive model="q9"
1790402523328 [meter] admit id=chatcmpl-72f18e052e989bff16d9ef907857d948 tenant=default lane=interactive model="q9"
1790402523328 [meter] admit id=chatcmpl-af44c69a5286c11668a4692f24aaf428 tenant=default lane=interactive model="q9"
1790402523328 [meter] admit id=chatcmpl-0dd70d8117bbc881c83b2655b9b5c89d tenant=default lane=interactive model="q9"
1790402523328 [meter] admit id=chatcmpl-a9c47d3c12e8050ee6d1454573a5c52b tenant=default lane=interactive model="q9"
1790402523328 [meter] admit id=chatcmpl-8d5f60f01770b5a4c47d2e19ee12bf2a tenant=default lane=interactive model="q9"
1790402523328 [meter] admit id=chatcmpl-aaba6c83b4fbe92ccab96efc9f5e3978 tenant=default lane=interactive model="q9"
1790402523328 [meter] admit id=chatcmpl-739276576c8ed02096d48ca1ca990786 tenant=default lane=interactive model="q9"
1790402523328 [meter] admit id=chatcmpl-138f53177ea6d69929a6fb97a7a8e4b9 tenant=default lane=interactive model="q9"
1790402523328 [meter] admit id=chatcmpl-f0ec77d6e60f34fcd3da3647e3437c11 tenant=default lane=interactive model="q9"
1790402523328 [meter] admit id=chatcmpl-a669c80462690c50ac4f7c59de0fa8c8 tenant=default lane=interactive model="q9"
1790402523328 [meter] admit id=chatcmpl-cc17dde2108908ee82e9599354f373a2 tenant=default lane=interactive model="q9"
1790402523328 [meter] admit id=chatcmpl-f5c8cbc9f1c084bc28a1f7c69cb092a3 tenant=default lane=interactive model="q9"
1790402523328 [meter] admit id=chatcmpl-faf77eed05a74c169d31c525b8b8d791 tenant=default lane=interactive model="q9"
1790402523328 [meter] admit id=chatcmpl-1ea7e094da1f6efc6e5108707728a6b7 tenant=default lane=interactive model="q9"
1790402523328 [meter] admit id=chatcmpl-9b8fc21c63527e44ebb4f7c0c38098e0 tenant=default lane=interactive model="q9"
1790402523329 [meter] admit id=chatcmpl-5ceb08e755acdc18133607a93caba322 tenant=default lane=interactive model="q9"
1790402523329 [meter] admit id=chatcmpl-d49d8a04c63fa5ea1686ab51349e43b6 tenant=default lane=interactive model="q9"
1790402523329 [meter] admit id=chatcmpl-03838a1323749c90a48a42c497626164 tenant=default lane=interactive model="q9"
1790402523329 [meter] admit id=chatcmpl-754997112158e9a2fbb16fae73d802b6 tenant=default lane=interactive model="q9"
1790402523329 [meter] admit id=chatcmpl-bdab764c698f82fc6f36f13f133b5a5d tenant=default lane=interactive model="q9"
1790402523329 [meter] admit id=chatcmpl-672f8ededfba49482d1eaaf8f3b86fdf tenant=default lane=interactive model="q9"
1790402523833 [admission] request cost: model="q9" ctx=9593 path=plain = 14848 B/token x ctx + 482MB prefill-workspace + 121MB fixed = 745MB
1790402523833 [admit-predict] id=chatcmpl-f21b46df6b0db03fd7db3318092af4e6 tenant="" model="q9" verdict=admit reason=global-p95 prompt=1337 predicted_completion=5048 kv_hat=697919864 booked_bytes=1391711472 booked_real=1486738672 inflight=2 cap=64 budget_bytes=12845565056 retry_after_s=- exempt=0 enforce=0 live_free_bytes=-
1790402523833 [admit-mem] id=chatcmpl-f21b46df6b0db03fd7db3318092af4e6 model="q9" verdict=admit prompt=1337 output_bound=- charged_ctx=9593 est_bytes=2356046200 est_context=142436864 est_fixed=2213609336 device_free=13762310544 pending_prime=221675520 pending_seed=144343040 host_free=0 demotable=1166917632 short_by=0 inflight=2 cap=64 waited_ms=0 retry_after_s=-
1790402523834 [spec-k] model="q9" tenant="" K=0 source=concurrency prompt=1337 cached=0 lcp=4 active=3 wave=64 placement=single-or-non-pp2
1790402523836 [admission] request cost: model="q9" ctx=9585 path=plain = 14848 B/token x ctx + 479MB prefill-workspace + 121MB fixed = 742MB
1790402523836 [admit-predict] id=chatcmpl-dd9415accd90887bb4e6fc8994eaffad tenant="" model="q9" verdict=admit reason=global-p95 prompt=1329 predicted_completion=5048 kv_hat=694917496 booked_bytes=2089631336 booked_real=2232172136 inflight=3 cap=64 budget_bytes=12845565056 retry_after_s=- exempt=0 enforce=0 live_free_bytes=-
1790402523836 [admit-mem] id=chatcmpl-dd9415accd90887bb4e6fc8994eaffad model="q9" verdict=admit prompt=1329 output_bound=- charged_ctx=9585 est_bytes=2353043832 est_context=142318080 est_fixed=2210725752 device_free=12943456156 pending_prime=703594496 pending_seed=218949632 host_free=0 demotable=1166917632 short_by=0 inflight=3 cap=64 waited_ms=0 retry_after_s=-
1790402523838 [spec-k] model="q9" tenant="" K=0 source=concurrency prompt=1329 cached=0 lcp=4 active=4 wave=64 placement=single-or-non-pp2
1790402523839 [admission] request cost: model="q9" ctx=9595 path=plain = 14848 B/token x ctx + 483MB prefill-workspace + 121MB fixed = 746MB
1790402523839 [admit-predict] id=chatcmpl-c3913ba3c0a2042107fd72c8a18279ac tenant="" model="q9" verdict=admit reason=global-p95 prompt=1339 predicted_completion=5048 kv_hat=698670456 booked_bytes=2784548832 booked_real=2974603232 inflight=4 cap=64 budget_bytes=12845565056 retry_after_s=- exempt=0 enforce=0 live_free_bytes=-
1790402523839 [admit-mem] id=chatcmpl-c3913ba3c0a2042107fd72c8a18279ac model="q9" verdict=admit prompt=1339 output_bound=- charged_ctx=9595 est_bytes=2356796792 est_context=142466560 est_fixed=2214330232 device_free=12127618984 pending_prime=1182629888 pending_seed=293556224 host_free=0 demotable=1166917632 short_by=0 inflight=4 cap=64 waited_ms=0 retry_after_s=-
1790402523841 [spec-k] model="q9" tenant="" K=0 source=concurrency prompt=1339 cached=0 lcp=4 active=5 wave=64 placement=single-or-non-pp2
1790402523842 [admission] request cost: model="q9" ctx=9588 path=plain = 14848 B/token x ctx + 480MB prefill-workspace + 121MB fixed = 744MB
1790402523842 [admit-predict] id=chatcmpl-7eb523e0688ff18d072fffba2553dc87 tenant="" model="q9" verdict=admit reason=global-p95 prompt=1332 predicted_completion=5048 kv_hat=696043384 booked_bytes=3483219288 booked_real=3720787288 inflight=5 cap=64 budget_bytes=12845565056 retry_after_s=- exempt=0 enforce=0 live_free_bytes=-
1790402523842 [admit-mem] id=chatcmpl-7eb523e0688ff18d072fffba2553dc87 model="q9" verdict=admit prompt=1332 output_bound=- charged_ctx=9588 est_bytes=2354169720 est_context=142362624 est_fixed=2211807096 device_free=11308010292 pending_prime=1665269760 pending_seed=368162816 host_free=0 demotable=1166917632 short_by=0 inflight=5 cap=64 waited_ms=0 retry_after_s=-
1790402523844 [spec-k] model="q9" tenant="" K=0 source=concurrency prompt=1332 cached=0 lcp=4 active=6 wave=64 placement=single-or-non-pp2
1790402523845 [admission] request cost: model="q9" ctx=9581 path=plain = 14848 B/token x ctx + 478MB prefill-workspace + 121MB fixed = 741MB
1790402523845 [admit-predict] id=chatcmpl-1c4a66015fc6cfc9d774a0377c138fb3 tenant="" model="q9" verdict=admit reason=global-p95 prompt=1325 predicted_completion=5048 kv_hat=693416312 booked_bytes=4179262672 booked_real=4464344272 inflight=6 cap=64 budget_bytes=12845565056 retry_after_s=- exempt=0 enforce=0 live_free_bytes=-
1790402523845 [admit-mem] id=chatcmpl-1c4a66015fc6cfc9d774a0377c138fb3 model="q9" verdict=admit prompt=1325 output_bound=- charged_ctx=9581 est_bytes=2351542648 est_context=142258688 est_fixed=2209283960 device_free=10491041664 pending_prime=2145386496 pending_seed=442769408 host_free=0 demotable=1166917632 short_by=0 inflight=6 cap=64 waited_ms=0 retry_after_s=-
1790402523847 [spec-k] model="q9" tenant="" K=0 source=concurrency prompt=1325 cached=0 lcp=4 active=7 wave=64 placement=single-or-non-pp2
1790402523849 [admission] request cost: model="q9" ctx=9584 path=plain = 14848 B/token x ctx + 479MB prefill-workspace + 121MB fixed = 742MB
1790402523849 [admit-predict] id=chatcmpl-f8f310a11ee610a86b61ebf96f2a32c4 tenant="" model="q9" verdict=admit reason=global-p95 prompt=1328 predicted_completion=5048 kv_hat=694542200 booked_bytes=4872678984 booked_real=5205274184 inflight=7 cap=64 budget_bytes=12845565056 retry_after_s=- exempt=0 enforce=0 live_free_bytes=-
1790402523849 [admit-mem] id=chatcmpl-f8f310a11ee610a86b61ebf96f2a32c4 model="q9" verdict=admit prompt=1328 output_bound=- charged_ctx=9584 est_bytes=2352668536 est_context=142303232 est_fixed=2210365304 device_free=9677247628 pending_prime=2622980096 pending_seed=516841472 host_free=0 demotable=1166917632 short_by=0 inflight=7 cap=64 waited_ms=0 retry_after_s=-
1790402523850 [spec-k] model="q9" tenant="" K=0 source=concurrency prompt=1328 cached=0 lcp=4 active=8 wave=64 placement=single-or-non-pp2
1790402523852 [admission] request cost: model="q9" ctx=9588 path=plain = 14848 B/token x ctx + 480MB prefill-workspace + 121MB fixed = 744MB
1790402523852 [admit-predict] id=chatcmpl-1d0d4a424a9d5ec02c6b02c3da8a9b2d tenant="" model="q9" verdict=admit reason=global-p95 prompt=1332 predicted_completion=5048 kv_hat=696043384 booked_bytes=5567221184 booked_real=5947329984 inflight=8 cap=64 budget_bytes=12845565056 retry_after_s=- exempt=0 enforce=0 live_free_bytes=-
1790402523852 [admit-mem] id=chatcmpl-1d0d4a424a9d5ec02c6b02c3da8a9b2d model="q9" verdict=admit prompt=1332 output_bound=- charged_ctx=9588 est_bytes=2354169720 est_context=142362624 est_fixed=2211807096 device_free=8861787608 pending_prime=3101655040 pending_seed=591448064 host_free=0 demotable=1166917632 short_by=0 inflight=8 cap=64 waited_ms=0 retry_after_s=-
1790402523854 [spec-k] model="q9" tenant="" K=0 source=concurrency prompt=1332 cached=0 lcp=4 active=9 wave=64 placement=single-or-non-pp2
1790402523855 [admit-predict] id=chatcmpl-fb9a00c2c33766b57fc43f9bbbf13ff9 tenant="" model="q9" verdict=admit reason=global-p95 prompt=1332 predicted_completion=5048 kv_hat=696043384 booked_bytes=6263264568 booked_real=6690886968 inflight=9 cap=64 budget_bytes=12845565056 retry_after_s=- exempt=0 enforce=0 live_free_bytes=-
1790402523855 [admit-mem] id=chatcmpl-fb9a00c2c33766b57fc43f9bbbf13ff9 model="q9" verdict=admit prompt=1332 output_bound=- charged_ctx=9588 est_bytes=2354169720 est_context=142362624 est_fixed=2211807096 device_free=8044818980 pending_prime=3581771776 pending_seed=666054656 host_free=0 demotable=1166917632 short_by=0 inflight=9 cap=64 waited_ms=0 retry_after_s=-
1790402523857 [spec-k] model="q9" tenant="" K=0 source=concurrency prompt=1332 cached=0 lcp=4 active=10 wave=64 placement=single-or-non-pp2
1790402523858 [admission] request cost: model="q9" ctx=9584 path=plain = 14848 B/token x ctx + 479MB prefill-workspace + 121MB fixed = 742MB
1790402523858 [admit-predict] id=chatcmpl-0724a5323a8723e9491988ded4908c2c tenant="" model="q9" verdict=admit reason=global-p95 prompt=1328 predicted_completion=5048 kv_hat=694542200 booked_bytes=6959307952 booked_real=7434443952 inflight=10 cap=64 budget_bytes=12845565056 retry_after_s=- exempt=0 enforce=0 live_free_bytes=-
1790402523858 [admit-mem] id=chatcmpl-0724a5323a8723e9491988ded4908c2c model="q9" verdict=admit prompt=1328 output_bound=- charged_ctx=9584 est_bytes=2352668536 est_context=142303232 est_fixed=2210365304 device_free=7227850352 pending_prime=4061888512 pending_seed=740661248 host_free=0 demotable=1166917632 short_by=0 inflight=10 cap=64 waited_ms=0 retry_after_s=-
1790402523860 [spec-k] model="q9" tenant="" K=0 source=concurrency prompt=1328 cached=0 lcp=4 active=11 wave=64 placement=single-or-non-pp2
1790402523861 [admission] request cost: model="q9" ctx=9589 path=plain = 14848 B/token x ctx + 480MB prefill-workspace + 121MB fixed = 744MB
1790402523861 [admit-predict] id=chatcmpl-c5163c2b96eb3657b98d8ac5c9ce9541 tenant="" model="q9" verdict=admit reason=global-p95 prompt=1333 predicted_completion=5048 kv_hat=696418680 booked_bytes=7653850152 booked_real=8176499752 inflight=11 cap=64 budget_bytes=12845565056 retry_after_s=- exempt=0 enforce=0 live_free_bytes=-
1790402523861 [admit-mem] id=chatcmpl-c5163c2b96eb3657b98d8ac5c9ce9541 model="q9" verdict=admit prompt=1333 output_bound=- charged_ctx=9589 est_bytes=2354545016 est_context=142377472 est_fixed=2212167544 device_free=6412390332 pending_prime=4540563456 pending_seed=815267840 host_free=0 demotable=1166917632 short_by=0 inflight=11 cap=64 waited_ms=0 retry_after_s=-
1790402523863 [spec-k] model="q9" tenant="" K=0 source=concurrency prompt=1333 cached=0 lcp=4 active=12 wave=64 placement=single-or-non-pp2
1790402523864 [admission] request cost: model="q9" ctx=9592 path=plain = 14848 B/token x ctx + 482MB prefill-workspace + 121MB fixed = 745MB
1790402523864 [admit-predict] id=chatcmpl-72510db456cf211ca2c265592f908851 tenant="" model="q9" verdict=admit reason=global-p95 prompt=1336 predicted_completion=5048 kv_hat=697544568 booked_bytes=8350268832 booked_real=8920432032 inflight=12 cap=64 budget_bytes=12845565056 retry_after_s=- exempt=0 enforce=0 live_free_bytes=-
1790402523864 [admit-mem] id=chatcmpl-72510db456cf211ca2c265592f908851 model="q9" verdict=admit prompt=1336 output_bound=- charged_ctx=9592 est_bytes=2355670904 est_context=142422016 est_fixed=2213248888 device_free=5600297672 pending_prime=5021040640 pending_seed=884621312 host_free=0 demotable=1166917632 short_by=0 inflight=12 cap=64 waited_ms=0 retry_after_s=-
1790402523866 [spec-k] model="q9" tenant="" K=0 source=concurrency prompt=1336 cached=0 lcp=4 active=13 wave=64 placement=single-or-non-pp2
1790402523868 [admission] request cost: model="q9" ctx=9591 path=plain = 14848 B/token x ctx + 481MB prefill-workspace + 121MB fixed = 745MB
1790402523868 [admit-predict] id=chatcmpl-959c5e454fee6e5a84ce81b3f706d049 tenant="" model="q9" verdict=admit reason=global-p95 prompt=1335 predicted_completion=5048 kv_hat=697169272 booked_bytes=9047813400 booked_real=9665490200 inflight=13 cap=64 budget_bytes=12845565056 retry_after_s=- exempt=0 enforce=0 live_free_bytes=-
1790402523868 [admit-mem] id=chatcmpl-959c5e454fee6e5a84ce81b3f706d049 model="q9" verdict=admit prompt=1335 output_bound=- charged_ctx=9591 est_bytes=2355295608 est_context=142407168 est_fixed=2212888440 device_free=4856427028 pending_prime=5502599168 pending_seed=884621312 host_free=0 demotable=1166917632 short_by=0 inflight=13 cap=64 waited_ms=0 retry_after_s=-
1790402523869 [spec-k] model="q9" tenant="" K=0 source=concurrency prompt=1335 cached=0 lcp=4 active=14 wave=64 placement=single-or-non-pp2
1790402523871 [admission] request cost: model="q9" ctx=9585 path=plain = 14848 B/token x ctx + 479MB prefill-workspace + 121MB fixed = 742MB
1790402523871 [admit-predict] id=chatcmpl-f7e1dcf709b199152671936025088666 tenant="" model="q9" verdict=admit reason=global-p95 prompt=1329 predicted_completion=5048 kv_hat=694917496 booked_bytes=9744982672 booked_real=10410173072 inflight=14 cap=64 budget_bytes=12845565056 retry_after_s=- exempt=0 enforce=0 live_free_bytes=-
1790402523871 [admit-mem] id=chatcmpl-f7e1dcf709b199152671936025088666 model="q9" verdict=admit prompt=1329 output_bound=- charged_ctx=9585 est_bytes=2353043832 est_context=142318080 est_fixed=2210725752 device_free=4112933536 pending_prime=5983797248 pending_seed=884621312 host_free=0 demotable=1166917632 short_by=0 inflight=14 cap=64 waited_ms=0 retry_after_s=-
1790402523873 [spec-k] model="q9" tenant="" K=0 source=concurrency prompt=1329 cached=0 lcp=4 active=15 wave=64 placement=single-or-non-pp2
1790402523874 [admission] request cost: model="q9" ctx=9588 path=plain = 14848 B/token x ctx + 480MB prefill-workspace + 121MB fixed = 744MB
1790402523874 [admit-predict] id=chatcmpl-59423b6290587850960d1e040188c892 tenant="" model="q9" verdict=admit reason=global-p95 prompt=1332 predicted_completion=5048 kv_hat=696043384 booked_bytes=10439900168 booked_real=11152604168 inflight=15 cap=64 budget_bytes=12845565056 retry_after_s=- exempt=0 enforce=0 live_free_bytes=-
1790402523874 [admit-mem] id=chatcmpl-59423b6290587850960d1e040188c892 model="q9" verdict=admit prompt=1332 output_bound=- charged_ctx=9588 est_bytes=2354169720 est_context=142362624 est_fixed=2211807096 device_free=3371702956 pending_prime=6462832640 pending_seed=884621312 host_free=0 demotable=1166917632 short_by=0 inflight=15 cap=64 waited_ms=0 retry_after_s=-
1790402523876 [spec-k] model="q9" tenant="" K=0 source=concurrency prompt=1332 cached=0 lcp=4 active=16 wave=64 placement=single-or-non-pp2
1790402523877 [admit-predict] id=chatcmpl-6a91390f56f4946127f8ccd4dfdf7a9a tenant="" model="q9" verdict=admit reason=global-p95 prompt=1332 predicted_completion=5048 kv_hat=696043384 booked_bytes=11135943552 booked_real=11896161152 inflight=16 cap=64 budget_bytes=12845565056 retry_after_s=- exempt=0 enforce=0 live_free_bytes=-
1790402523877 [admit-mem] id=chatcmpl-6a91390f56f4946127f8ccd4dfdf7a9a model="q9" verdict=admit prompt=1332 output_bound=- charged_ctx=9588 est_bytes=2354169720 est_context=142362624 est_fixed=2211807096 device_free=2629340920 pending_prime=6942949376 pending_seed=884621312 host_free=0 demotable=1166917632 short_by=0 inflight=16 cap=64 waited_ms=0 retry_after_s=-
1790402523879 [spec-k] model="q9" tenant="" K=0 source=concurrency prompt=1332 cached=0 lcp=4 active=17 wave=64 placement=single-or-non-pp2
1790402523881 [admission] request cost: model="q9" ctx=9585 path=plain = 14848 B/token x ctx + 479MB prefill-workspace + 121MB fixed = 742MB
1790402523881 [admit-predict] id=chatcmpl-0a76447d464f416790324baf6da4fc25 tenant="" model="q9" verdict=admit reason=global-p95 prompt=1329 predicted_completion=5048 kv_hat=694917496 booked_bytes=11831986936 booked_real=12639718136 inflight=17 cap=64 budget_bytes=12845565056 retry_after_s=- exempt=0 enforce=0 live_free_bytes=-
1790402523882 [admit-oom] reclaim settle (reclaim-on-defer): dev0 evicted_prefix_bytes=1166917632 pool_cached_gain_bytes=1166671872 trim_released_bytes=134217728 driver_free_bytes 10136125440 -> 10270343168 pool_reserved_bytes 14696841216 -> 14562623488 pool_used_bytes 14638300348 -> 13471628476 pool_retained_bytes=1032454144 (live neighbour or fragmentation; counted as pool-cached headroom, not driver free)
1790402523882 [admit-oom] reclaim-on-defer: evicted 15 prefix entries + 0 plain + 0 spec + 0 dspark parked sessions (global LRU); effective free 1887MB -> 3054MB
1790402523882 [admit-mem] id=chatcmpl-0a76447d464f416790324baf6da4fc25 model="q9" verdict=admit prompt=1329 output_bound=- charged_ctx=9585 est_bytes=2353043832 est_context=142318080 est_fixed=2210725752 device_free=3053650756 pending_prime=7423066112 pending_seed=884621312 host_free=0 demotable=0 short_by=0 inflight=17 cap=64 waited_ms=0 retry_after_s=-
1790402523884 [spec-k] model="q9" tenant="" K=0 source=concurrency prompt=1329 cached=0 lcp=0 active=18 wave=64 placement=single-or-non-pp2
1790402523885 [admission] request cost: model="q9" ctx=9588 path=plain = 14848 B/token x ctx + 480MB prefill-workspace + 121MB fixed = 744MB
1790402523885 [admit-predict] id=chatcmpl-c9957e2f5f47de493bb3139fe790d005 tenant="" model="q9" verdict=reject-kv reason=global-p95 prompt=1332 predicted_completion=5048 kv_hat=696043384 booked_bytes=12526904432 booked_real=13382149232 inflight=18 cap=64 budget_bytes=12845565056 retry_after_s=44 exempt=0 enforce=0 live_free_bytes=-
1790402523886 [admit-oom] reclaim-on-defer: evicted 0 prefix entries + 0 plain + 2 spec + 0 dspark parked sessions (global LRU); effective free 1860MB -> 2537MB
1790402523886 [admit-mem] id=chatcmpl-c9957e2f5f47de493bb3139fe790d005 model="q9" verdict=admit prompt=1332 output_bound=- charged_ctx=9588 est_bytes=2354169720 est_context=142362624 est_fixed=2211807096 device_free=2537085976 pending_prime=7902101504 pending_seed=1337513984 host_free=0 demotable=0 short_by=0 inflight=18 cap=64 waited_ms=0 retry_after_s=-
1790402523887 [spec-k] model="q9" tenant="" K=0 source=concurrency prompt=1332 cached=0 lcp=0 active=19 wave=64 placement=single-or-non-pp2
1790402523888 [admission] request cost: model="q9" ctx=9597 path=plain = 14848 B/token x ctx + 483MB prefill-workspace + 121MB fixed = 747MB
1790402523888 [admit-predict] id=chatcmpl-0eae15506fc10be8cf987934efcb9f29 tenant="" model="q9" verdict=reject-kv reason=global-p95 prompt=1341 predicted_completion=5048 kv_hat=699421048 booked_bytes=13222947816 booked_real=14125706216 inflight=19 cap=64 budget_bytes=12845565056 retry_after_s=44 exempt=0 enforce=0 live_free_bytes=-
1790402523888 [admit-oom] VRAM defer: 19 active, effective free 1720MB (driver + 1244MB pool-cached) < cost 747MB + reserve 1611MB — queueing (FIFO) [pool res 14563MB used 13319MB; parked spec sessions 0; plain reuse 0; queue 44]
1790402523888 [admit-mem] id=chatcmpl-0eae15506fc10be8cf987934efcb9f29 model="q9" verdict=defer prompt=1341 output_bound=- charged_ctx=9597 est_bytes=2357547384 est_context=142496256 est_fixed=2215051128 device_free=1720117348 pending_prime=8382218240 pending_seed=1412120576 host_free=0 demotable=0 short_by=637430036 inflight=19 cap=64 waited_ms=0 retry_after_s=-
1790402523890 [admission] request cost: model="q9" ctx=9590 path=plain = 14848 B/token x ctx + 481MB prefill-workspace + 121MB fixed = 744MB
1790402523890 [admit-predict] id=chatcmpl-309be09e1ef30630b92936ab39761658 tenant="" model="q9" verdict=reject-kv reason=global-p95 prompt=1334 predicted_completion=5048 kv_hat=696793976 booked_bytes=13222947816 booked_real=14125706216 inflight=19 cap=64 budget_bytes=12845565056 retry_after_s=44 exempt=0 enforce=0 live_free_bytes=-
1790402523890 [admit-mem] id=chatcmpl-309be09e1ef30630b92936ab39761658 model="q9" verdict=defer prompt=1334 output_bound=- charged_ctx=9590 est_bytes=2354920312 est_context=142392320 est_fixed=2212527992 device_free=1720117348 pending_prime=8382218240 pending_seed=1412120576 host_free=0 demotable=0 short_by=634802964 inflight=19 cap=64 waited_ms=0 retry_after_s=-
1790402523891 [admission] request cost: model="q9" ctx=9585 path=plain = 14848 B/token x ctx + 479MB prefill-workspace + 121MB fixed = 742MB
1790402523891 [admit-predict] id=chatcmpl-693086922ad6da571a1a9dd8032f5482 tenant="" model="q9" verdict=reject-kv reason=global-p95 prompt=1329 predicted_completion=5048 kv_hat=694917496 booked_bytes=13222947816 booked_real=14125706216 inflight=19 cap=64 budget_bytes=12845565056 retry_after_s=44 exempt=0 enforce=0 live_free_bytes=-
1790402523891 [admit-mem] id=chatcmpl-693086922ad6da571a1a9dd8032f5482 model="q9" verdict=defer prompt=1329 output_bound=- charged_ctx=9585 est_bytes=2353043832 est_context=142318080 est_fixed=2210725752 device_free=1720117348 pending_prime=8382218240 pending_seed=1412120576 host_free=0 demotable=0 short_by=632926484 inflight=19 cap=64 waited_ms=0 retry_after_s=-
1790402523893 [admission] request cost: model="q9" ctx=9592 path=plain = 14848 B/token x ctx + 482MB prefill-workspace + 121MB fixed = 745MB
1790402523893 [admit-predict] id=chatcmpl-7de8d675d3c494902beec7db0ad7d759 tenant="" model="q9" verdict=reject-kv reason=global-p95 prompt=1336 predicted_completion=5048 kv_hat=697544568 booked_bytes=13222947816 booked_real=14125706216 inflight=19 cap=64 budget_bytes=12845565056 retry_after_s=44 exempt=0 enforce=0 live_free_bytes=-
1790402523893 [admit-mem] id=chatcmpl-7de8d675d3c494902beec7db0ad7d759 model="q9" verdict=defer prompt=1336 output_bound=- charged_ctx=9592 est_bytes=2355670904 est_context=142422016 est_fixed=2213248888 device_free=1720117348 pending_prime=8382218240 pending_seed=1412120576 host_free=0 demotable=0 short_by=635553556 inflight=19 cap=64 waited_ms=0 retry_after_s=-
1790402523894 [admission] request cost: model="q9" ctx=9586 path=plain = 14848 B/token x ctx + 479MB prefill-workspace + 121MB fixed = 743MB
1790402523894 [admit-predict] id=chatcmpl-7fa36fc765a86f42f0a6571e20d88dd8 tenant="" model="q9" verdict=reject-kv reason=global-p95 prompt=1330 predicted_completion=5048 kv_hat=695292792 booked_bytes=13222947816 booked_real=14125706216 inflight=19 cap=64 budget_bytes=12845565056 retry_after_s=44 exempt=0 enforce=0 live_free_bytes=-
1790402523894 [admit-mem] id=chatcmpl-7fa36fc765a86f42f0a6571e20d88dd8 model="q9" verdict=defer prompt=1330 output_bound=- charged_ctx=9586 est_bytes=2353419128 est_context=142332928 est_fixed=2211086200 device_free=1720117348 pending_prime=8382218240 pending_seed=1412120576 host_free=0 demotable=0 short_by=633301780 inflight=19 cap=64 waited_ms=0 retry_after_s=-
1790402523895 [admission] request cost: model="q9" ctx=9585 path=plain = 14848 B/token x ctx + 479MB prefill-workspace + 121MB fixed = 742MB
1790402523895 [admit-predict] id=chatcmpl-b4bc16fe936c5f5563776fe62293ed89 tenant="" model="q9" verdict=reject-kv reason=global-p95 prompt=1329 predicted_completion=5048 kv_hat=694917496 booked_bytes=13222947816 booked_real=14125706216 inflight=19 cap=64 budget_bytes=12845565056 retry_after_s=44 exempt=0 enforce=0 live_free_bytes=-
1790402523895 [admit-mem] id=chatcmpl-b4bc16fe936c5f5563776fe62293ed89 model="q9" verdict=defer prompt=1329 output_bound=- charged_ctx=9585 est_bytes=2353043832 est_context=142318080 est_fixed=2210725752 device_free=1720117348 pending_prime=8382218240 pending_seed=1412120576 host_free=0 demotable=0 short_by=632926484 inflight=19 cap=64 waited_ms=0 retry_after_s=-
1790402523897 [admission] request cost: model="q9" ctx=9588 path=plain = 14848 B/token x ctx + 480MB prefill-workspace + 121MB fixed = 744MB
1790402523897 [admit-predict] id=chatcmpl-80888071787cd51abb9b5c35814229e1 tenant="" model="q9" verdict=reject-kv reason=global-p95 prompt=1332 predicted_completion=5048 kv_hat=696043384 booked_bytes=13222947816 booked_real=14125706216 inflight=19 cap=64 budget_bytes=12845565056 retry_after_s=44 exempt=0 enforce=0 live_free_bytes=-
1790402523897 [admit-mem] id=chatcmpl-80888071787cd51abb9b5c35814229e1 model="q9" verdict=defer prompt=1332 output_bound=- charged_ctx=9588 est_bytes=2354169720 est_context=142362624 est_fixed=2211807096 device_free=1720117348 pending_prime=8382218240 pending_seed=1412120576 host_free=0 demotable=0 short_by=634052372 inflight=19 cap=64 waited_ms=0 retry_after_s=-
1790402523898 [admission] request cost: model="q9" ctx=9583 path=plain = 14848 B/token x ctx + 478MB prefill-workspace + 121MB fixed = 742MB
1790402523898 [admit-predict] id=chatcmpl-3d1c28537faaae2f1cc9770422091665 tenant="" model="q9" verdict=reject-kv reason=global-p95 prompt=1327 predicted_completion=5048 kv_hat=694166904 booked_bytes=13222947816 booked_real=14125706216 inflight=19 cap=64 budget_bytes=12845565056 retry_after_s=44 exempt=0 enforce=0 live_free_bytes=-
1790402523898 [admit-mem] id=chatcmpl-3d1c28537faaae2f1cc9770422091665 model="q9" verdict=defer prompt=1327 output_bound=- charged_ctx=9583 est_bytes=2352293240 est_context=142288384 est_fixed=2210004856 device_free=1720117348 pending_prime=8382218240 pending_seed=1412120576 host_free=0 demotable=0 short_by=632175892 inflight=19 cap=64 waited_ms=0 retry_after_s=-
1790402523900 [admission] request cost: model="q9" ctx=9584 path=plain = 14848 B/token x ctx + 479MB prefill-workspace + 121MB fixed = 742MB
1790402523900 [admit-predict] id=chatcmpl-472e742a6a08e5d7eb216d5a383dc01a tenant="" model="q9" verdict=reject-kv reason=global-p95 prompt=1328 predicted_completion=5048 kv_hat=694542200 booked_bytes=13222947816 booked_real=14125706216 inflight=19 cap=64 budget_bytes=12845565056 retry_after_s=44 exempt=0 enforce=0 live_free_bytes=-
1790402523900 [admit-mem] id=chatcmpl-472e742a6a08e5d7eb216d5a383dc01a model="q9" verdict=defer prompt=1328 output_bound=- charged_ctx=9584 est_bytes=2352668536 est_context=142303232 est_fixed=2210365304 device_free=1720117348 pending_prime=8382218240 pending_seed=1412120576 host_free=0 demotable=0 short_by=632551188 inflight=19 cap=64 waited_ms=0 retry_after_s=-
1790402523901 [admission] request cost: model="q9" ctx=9594 path=plain = 14848 B/token x ctx + 482MB prefill-workspace + 121MB fixed = 746MB
1790402523901 [admit-predict] id=chatcmpl-26edbe9b829782c0c1373119ed406ee7 tenant="" model="q9" verdict=reject-kv reason=global-p95 prompt=1338 predicted_completion=5048 kv_hat=698295160 booked_bytes=13222947816 booked_real=14125706216 inflight=19 cap=64 budget_bytes=12845565056 retry_after_s=44 exempt=0 enforce=0 live_free_bytes=-
1790402523901 [admit-mem] id=chatcmpl-26edbe9b829782c0c1373119ed406ee7 model="q9" verdict=defer prompt=1338 output_bound=- charged_ctx=9594 est_bytes=2356421496 est_context=142451712 est_fixed=2213969784 device_free=1720117348 pending_prime=8382218240 pending_seed=1412120576 host_free=0 demotable=0 short_by=636304148 inflight=19 cap=64 waited_ms=0 retry_after_s=-
1790402523902 [admission] request cost: model="q9" ctx=9595 path=plain = 14848 B/token x ctx + 483MB prefill-workspace + 121MB fixed = 746MB
1790402523902 [admit-predict] id=chatcmpl-b3be2ad7ff42090fe4c2d0bb5bcf3239 tenant="" model="q9" verdict=reject-kv reason=global-p95 prompt=1339 predicted_completion=5048 kv_hat=698670456 booked_bytes=13222947816 booked_real=14125706216 inflight=19 cap=64 budget_bytes=12845565056 retry_after_s=44 exempt=0 enforce=0 live_free_bytes=-
1790402523902 [admit-mem] id=chatcmpl-b3be2ad7ff42090fe4c2d0bb5bcf3239 model="q9" verdict=defer prompt=1339 output_bound=- charged_ctx=9595 est_bytes=2356796792 est_context=142466560 est_fixed=2214330232 device_free=1720117348 pending_prime=8382218240 pending_seed=1412120576 host_free=0 demotable=0 short_by=636679444 inflight=19 cap=64 waited_ms=0 retry_after_s=-
1790402523904 [admission] request cost: model="q9" ctx=9587 path=plain = 14848 B/token x ctx + 480MB prefill-workspace + 121MB fixed = 743MB
1790402523904 [admit-predict] id=chatcmpl-372f40421145f2fe27cc978499cbbcc9 tenant="" model="q9" verdict=reject-kv reason=global-p95 prompt=1331 predicted_completion=5048 kv_hat=695668088 booked_bytes=13222947816 booked_real=14125706216 inflight=19 cap=64 budget_bytes=12845565056 retry_after_s=44 exempt=0 enforce=0 live_free_bytes=-
1790402523904 [admit-mem] id=chatcmpl-372f40421145f2fe27cc978499cbbcc9 model="q9" verdict=defer prompt=1331 output_bound=- charged_ctx=9587 est_bytes=2353794424 est_context=142347776 est_fixed=2211446648 device_free=1720117348 pending_prime=8382218240 pending_seed=1412120576 host_free=0 demotable=0 short_by=633677076 inflight=19 cap=64 waited_ms=0 retry_after_s=-
1790402523905 [admit-predict] id=chatcmpl-027444d3244223e9aaf6aabb39741c4e tenant="" model="q9" verdict=reject-kv reason=global-p95 prompt=1331 predicted_completion=5048 kv_hat=695668088 booked_bytes=13222947816 booked_real=14125706216 inflight=19 cap=64 budget_bytes=12845565056 retry_after_s=44 exempt=0 enforce=0 live_free_bytes=-
1790402523905 [admit-mem] id=chatcmpl-027444d3244223e9aaf6aabb39741c4e model="q9" verdict=defer prompt=1331 output_bound=- charged_ctx=9587 est_bytes=2353794424 est_context=142347776 est_fixed=2211446648 device_free=1720117348 pending_prime=8382218240 pending_seed=1412120576 host_free=0 demotable=0 short_by=633677076 inflight=19 cap=64 waited_ms=0 retry_after_s=-
1790402523907 [admission] request cost: model="q9" ctx=9586 path=plain = 14848 B/token x ctx + 479MB prefill-workspace + 121MB fixed = 743MB
1790402523907 [admit-predict] id=chatcmpl-584ac53f44c927805a2120311073f451 tenant="" model="q9" verdict=reject-kv reason=global-p95 prompt=1330 predicted_completion=5048 kv_hat=695292792 booked_bytes=13222947816 booked_real=14125706216 inflight=19 cap=64 budget_bytes=12845565056 retry_after_s=44 exempt=0 enforce=0 live_free_bytes=-
1790402523907 [admit-mem] id=chatcmpl-584ac53f44c927805a2120311073f451 model="q9" verdict=defer prompt=1330 output_bound=- charged_ctx=9586 est_bytes=2353419128 est_context=142332928 est_fixed=2211086200 device_free=1720117348 pending_prime=8382218240 pending_seed=1412120576 host_free=0 demotable=0 short_by=633301780 inflight=19 cap=64 waited_ms=0 retry_after_s=-
1790402523908 [admission] request cost: model="q9" ctx=9584 path=plain = 14848 B/token x ctx + 479MB prefill-workspace + 121MB fixed = 742MB
1790402523908 [admit-predict] id=chatcmpl-40bea591e8521a59eaa63a5abfc6350d tenant="" model="q9" verdict=reject-kv reason=global-p95 prompt=1328 predicted_completion=5048 kv_hat=694542200 booked_bytes=13222947816 booked_real=14125706216 inflight=19 cap=64 budget_bytes=12845565056 retry_after_s=44 exempt=0 enforce=0 live_free_bytes=-
1790402523908 [admit-mem] id=chatcmpl-40bea591e8521a59eaa63a5abfc6350d model="q9" verdict=defer prompt=1328 output_bound=- charged_ctx=9584 est_bytes=2352668536 est_context=142303232 est_fixed=2210365304 device_free=1720117348 pending_prime=8382218240 pending_seed=1412120576 host_free=0 demotable=0 short_by=632551188 inflight=19 cap=64 waited_ms=0 retry_after_s=-
1790402523909 [admission] request cost: model="q9" ctx=9589 path=plain = 14848 B/token x ctx + 480MB prefill-workspace + 121MB fixed = 744MB
1790402523910 [admit-predict] id=chatcmpl-190f998469f65264403b481db7e304a9 tenant="" model="q9" verdict=reject-kv reason=global-p95 prompt=1333 predicted_completion=5048 kv_hat=696418680 booked_bytes=13222947816 booked_real=14125706216 inflight=19 cap=64 budget_bytes=12845565056 retry_after_s=44 exempt=0 enforce=0 live_free_bytes=-
1790402523910 [admit-mem] id=chatcmpl-190f998469f65264403b481db7e304a9 model="q9" verdict=defer prompt=1333 output_bound=- charged_ctx=9589 est_bytes=2354545016 est_context=142377472 est_fixed=2212167544 device_free=1720117348 pending_prime=8382218240 pending_seed=1412120576 host_free=0 demotable=0 short_by=634427668 inflight=19 cap=64 waited_ms=0 retry_after_s=-
1790402523911 [admission] request cost: model="q9" ctx=9587 path=plain = 14848 B/token x ctx + 480MB prefill-workspace + 121MB fixed = 743MB
1790402523911 [admit-predict] id=chatcmpl-22027e451d511c33035dfa766839eb55 tenant="" model="q9" verdict=reject-kv reason=global-p95 prompt=1331 predicted_completion=5048 kv_hat=695668088 booked_bytes=13222947816 booked_real=14125706216 inflight=19 cap=64 budget_bytes=12845565056 retry_after_s=44 exempt=0 enforce=0 live_free_bytes=-
1790402523911 [admit-mem] id=chatcmpl-22027e451d511c33035dfa766839eb55 model="q9" verdict=defer prompt=1331 output_bound=- charged_ctx=9587 est_bytes=2353794424 est_context=142347776 est_fixed=2211446648 device_free=1720117348 pending_prime=8382218240 pending_seed=1412120576 host_free=0 demotable=0 short_by=633677076 inflight=19 cap=64 waited_ms=0 retry_after_s=-
1790402523912 [admission] request cost: model="q9" ctx=9593 path=plain = 14848 B/token x ctx + 482MB prefill-workspace + 121MB fixed = 745MB
1790402523912 [admit-predict] id=chatcmpl-bfd4ea4fefd9c3214508e463a6f704e4 tenant="" model="q9" verdict=reject-kv reason=global-p95 prompt=1337 predicted_completion=5048 kv_hat=697919864 booked_bytes=13222947816 booked_real=14125706216 inflight=19 cap=64 budget_bytes=12845565056 retry_after_s=44 exempt=0 enforce=0 live_free_bytes=-
1790402523912 [admit-mem] id=chatcmpl-bfd4ea4fefd9c3214508e463a6f704e4 model="q9" verdict=defer prompt=1337 output_bound=- charged_ctx=9593 est_bytes=2356046200 est_context=142436864 est_fixed=2213609336 device_free=1720117348 pending_prime=8382218240 pending_seed=1412120576 host_free=0 demotable=0 short_by=635928852 inflight=19 cap=64 waited_ms=0 retry_after_s=-
1790402523914 [admission] request cost: model="q9" ctx=9587 path=plain = 14848 B/token x ctx + 480MB prefill-workspace + 121MB fixed = 743MB
1790402523914 [admit-predict] id=chatcmpl-6219b45d1d82f2a8757b7671f028c7d0 tenant="" model="q9" verdict=reject-kv reason=global-p95 prompt=1331 predicted_completion=5048 kv_hat=695668088 booked_bytes=13222947816 booked_real=14125706216 inflight=19 cap=64 budget_bytes=12845565056 retry_after_s=44 exempt=0 enforce=0 live_free_bytes=-
1790402523914 [admit-mem] id=chatcmpl-6219b45d1d82f2a8757b7671f028c7d0 model="q9" verdict=defer prompt=1331 output_bound=- charged_ctx=9587 est_bytes=2353794424 est_context=142347776 est_fixed=2211446648 device_free=1720117348 pending_prime=8382218240 pending_seed=1412120576 host_free=0 demotable=0 short_by=633677076 inflight=19 cap=64 waited_ms=0 retry_after_s=-
1790402523915 [admission] request cost: model="q9" ctx=9586 path=plain = 14848 B/token x ctx + 479MB prefill-workspace + 121MB fixed = 743MB
1790402523915 [admit-predict] id=chatcmpl-4e2b1b2caaf399cf43c8252229c4195b tenant="" model="q9" verdict=reject-kv reason=global-p95 prompt=1330 predicted_completion=5048 kv_hat=695292792 booked_bytes=13222947816 booked_real=14125706216 inflight=19 cap=64 budget_bytes=12845565056 retry_after_s=44 exempt=0 enforce=0 live_free_bytes=-
1790402523915 [admit-mem] id=chatcmpl-4e2b1b2caaf399cf43c8252229c4195b model="q9" verdict=defer prompt=1330 output_bound=- charged_ctx=9586 est_bytes=2353419128 est_context=142332928 est_fixed=2211086200 device_free=1720117348 pending_prime=8382218240 pending_seed=1412120576 host_free=0 demotable=0 short_by=633301780 inflight=19 cap=64 waited_ms=0 retry_after_s=-
1790402523917 [admission] request cost: model="q9" ctx=9589 path=plain = 14848 B/token x ctx + 480MB prefill-workspace + 121MB fixed = 744MB
1790402523917 [admit-predict] id=chatcmpl-76e600c9251866f0bacde65ec3609dc7 tenant="" model="q9" verdict=reject-kv reason=global-p95 prompt=1333 predicted_completion=5048 kv_hat=696418680 booked_bytes=13222947816 booked_real=14125706216 inflight=19 cap=64 budget_bytes=12845565056 retry_after_s=44 exempt=0 enforce=0 live_free_bytes=-
1790402523917 [admit-mem] id=chatcmpl-76e600c9251866f0bacde65ec3609dc7 model="q9" verdict=defer prompt=1333 output_bound=- charged_ctx=9589 est_bytes=2354545016 est_context=142377472 est_fixed=2212167544 device_free=1720117348 pending_prime=8382218240 pending_seed=1412120576 host_free=0 demotable=0 short_by=634427668 inflight=19 cap=64 waited_ms=0 retry_after_s=-
1790402523918 [admission] request cost: model="q9" ctx=9584 path=plain = 14848 B/token x ctx + 479MB prefill-workspace + 121MB fixed = 742MB
1790402523918 [admit-predict] id=chatcmpl-aadca98fda409a07837f2952acc6dce5 tenant="" model="q9" verdict=reject-kv reason=global-p95 prompt=1328 predicted_completion=5048 kv_hat=694542200 booked_bytes=13222947816 booked_real=14125706216 inflight=19 cap=64 budget_bytes=12845565056 retry_after_s=44 exempt=0 enforce=0 live_free_bytes=-
1790402523918 [admit-mem] id=chatcmpl-aadca98fda409a07837f2952acc6dce5 model="q9" verdict=defer prompt=1328 output_bound=- charged_ctx=9584 est_bytes=2352668536 est_context=142303232 est_fixed=2210365304 device_free=1720117348 pending_prime=8382218240 pending_seed=1412120576 host_free=0 demotable=0 short_by=632551188 inflight=19 cap=64 waited_ms=0 retry_after_s=-
1790402523919 [admission] request cost: model="q9" ctx=9586 path=plain = 14848 B/token x ctx + 479MB prefill-workspace + 121MB fixed = 743MB
1790402523919 [admit-predict] id=chatcmpl-0ff19a7cb6689062e4d994655706938c tenant="" model="q9" verdict=reject-kv reason=global-p95 prompt=1330 predicted_completion=5048 kv_hat=695292792 booked_bytes=13222947816 booked_real=14125706216 inflight=19 cap=64 budget_bytes=12845565056 retry_after_s=44 exempt=0 enforce=0 live_free_bytes=-
1790402523919 [admit-mem] id=chatcmpl-0ff19a7cb6689062e4d994655706938c model="q9" verdict=defer prompt=1330 output_bound=- charged_ctx=9586 est_bytes=2353419128 est_context=142332928 est_fixed=2211086200 device_free=1720117348 pending_prime=8382218240 pending_seed=1412120576 host_free=0 demotable=0 short_by=633301780 inflight=19 cap=64 waited_ms=0 retry_after_s=-
1790402523921 [admission] request cost: model="q9" ctx=9587 path=plain = 14848 B/token x ctx + 480MB prefill-workspace + 121MB fixed = 743MB
1790402523921 [admit-predict] id=chatcmpl-6f4259835b3bfec9ba048389dca10cd6 tenant="" model="q9" verdict=reject-kv reason=global-p95 prompt=1331 predicted_completion=5048 kv_hat=695668088 booked_bytes=13222947816 booked_real=14125706216 inflight=19 cap=64 budget_bytes=12845565056 retry_after_s=44 exempt=0 enforce=0 live_free_bytes=-
1790402523921 [admit-mem] id=chatcmpl-6f4259835b3bfec9ba048389dca10cd6 model="q9" verdict=defer prompt=1331 output_bound=- charged_ctx=9587 est_bytes=2353794424 est_context=142347776 est_fixed=2211446648 device_free=1720117348 pending_prime=8382218240 pending_seed=1412120576 host_free=0 demotable=0 short_by=633677076 inflight=19 cap=64 waited_ms=0 retry_after_s=-
1790402523922 [admission] request cost: model="q9" ctx=9590 path=plain = 14848 B/token x ctx + 481MB prefill-workspace + 121MB fixed = 744MB
1790402523922 [admit-predict] id=chatcmpl-72f18e052e989bff16d9ef907857d948 tenant="" model="q9" verdict=reject-kv reason=global-p95 prompt=1334 predicted_completion=5048 kv_hat=696793976 booked_bytes=13222947816 booked_real=14125706216 inflight=19 cap=64 budget_bytes=12845565056 retry_after_s=44 exempt=0 enforce=0 live_free_bytes=-
1790402523922 [admit-mem] id=chatcmpl-72f18e052e989bff16d9ef907857d948 model="q9" verdict=defer prompt=1334 output_bound=- charged_ctx=9590 est_bytes=2354920312 est_context=142392320 est_fixed=2212527992 device_free=1720117348 pending_prime=8382218240 pending_seed=1412120576 host_free=0 demotable=0 short_by=634802964 inflight=19 cap=64 waited_ms=0 retry_after_s=-
1790402523924 [admission] request cost: model="q9" ctx=9586 path=plain = 14848 B/token x ctx + 479MB prefill-workspace + 121MB fixed = 743MB
1790402523924 [admit-predict] id=chatcmpl-af44c69a5286c11668a4692f24aaf428 tenant="" model="q9" verdict=reject-kv reason=global-p95 prompt=1330 predicted_completion=5048 kv_hat=695292792 booked_bytes=13222947816 booked_real=14125706216 inflight=19 cap=64 budget_bytes=12845565056 retry_after_s=44 exempt=0 enforce=0 live_free_bytes=-
1790402523924 [admit-mem] id=chatcmpl-af44c69a5286c11668a4692f24aaf428 model="q9" verdict=defer prompt=1330 output_bound=- charged_ctx=9586 est_bytes=2353419128 est_context=142332928 est_fixed=2211086200 device_free=1720117348 pending_prime=8382218240 pending_seed=1412120576 host_free=0 demotable=0 short_by=633301780 inflight=19 cap=64 waited_ms=0 retry_after_s=-
1790402523925 [admission] request cost: model="q9" ctx=9588 path=plain = 14848 B/token x ctx + 480MB prefill-workspace + 121MB fixed = 744MB
1790402523925 [admit-predict] id=chatcmpl-0dd70d8117bbc881c83b2655b9b5c89d tenant="" model="q9" verdict=reject-kv reason=global-p95 prompt=1332 predicted_completion=5048 kv_hat=696043384 booked_bytes=13222947816 booked_real=14125706216 inflight=19 cap=64 budget_bytes=12845565056 retry_after_s=44 exempt=0 enforce=0 live_free_bytes=-
1790402523925 [admit-mem] id=chatcmpl-0dd70d8117bbc881c83b2655b9b5c89d model="q9" verdict=defer prompt=1332 output_bound=- charged_ctx=9588 est_bytes=2354169720 est_context=142362624 est_fixed=2211807096 device_free=1720117348 pending_prime=8382218240 pending_seed=1412120576 host_free=0 demotable=0 short_by=634052372 inflight=19 cap=64 waited_ms=0 retry_after_s=-
1790402523926 [admission] request cost: model="q9" ctx=9589 path=plain = 14848 B/token x ctx + 480MB prefill-workspace + 121MB fixed = 744MB
1790402523926 [admit-predict] id=chatcmpl-a9c47d3c12e8050ee6d1454573a5c52b tenant="" model="q9" verdict=reject-kv reason=global-p95 prompt=1333 predicted_completion=5048 kv_hat=696418680 booked_bytes=13222947816 booked_real=14125706216 inflight=19 cap=64 budget_bytes=12845565056 retry_after_s=44 exempt=0 enforce=0 live_free_bytes=-
1790402523926 [admit-mem] id=chatcmpl-a9c47d3c12e8050ee6d1454573a5c52b model="q9" verdict=defer prompt=1333 output_bound=- charged_ctx=9589 est_bytes=2354545016 est_context=142377472 est_fixed=2212167544 device_free=1720117348 pending_prime=8382218240 pending_seed=1412120576 host_free=0 demotable=0 short_by=634427668 inflight=19 cap=64 waited_ms=0 retry_after_s=-
1790402523928 [admission] request cost: model="q9" ctx=9586 path=plain = 14848 B/token x ctx + 479MB prefill-workspace + 121MB fixed = 743MB
1790402523928 [admit-predict] id=chatcmpl-8d5f60f01770b5a4c47d2e19ee12bf2a tenant="" model="q9" verdict=reject-kv reason=global-p95 prompt=1330 predicted_completion=5048 kv_hat=695292792 booked_bytes=13222947816 booked_real=14125706216 inflight=19 cap=64 budget_bytes=12845565056 retry_after_s=44 exempt=0 enforce=0 live_free_bytes=-
1790402523928 [admit-mem] id=chatcmpl-8d5f60f01770b5a4c47d2e19ee12bf2a model="q9" verdict=defer prompt=1330 output_bound=- charged_ctx=9586 est_bytes=2353419128 est_context=142332928 est_fixed=2211086200 device_free=1720117348 pending_prime=8382218240 pending_seed=1412120576 host_free=0 demotable=0 short_by=633301780 inflight=19 cap=64 waited_ms=0 retry_after_s=-
1790402523929 [admission] request cost: model="q9" ctx=9584 path=plain = 14848 B/token x ctx + 479MB prefill-workspace + 121MB fixed = 742MB
1790402523929 [admit-predict] id=chatcmpl-aaba6c83b4fbe92ccab96efc9f5e3978 tenant="" model="q9" verdict=reject-kv reason=global-p95 prompt=1328 predicted_completion=5048 kv_hat=694542200 booked_bytes=13222947816 booked_real=14125706216 inflight=19 cap=64 budget_bytes=12845565056 retry_after_s=44 exempt=0 enforce=0 live_free_bytes=-
1790402523929 [admit-mem] id=chatcmpl-aaba6c83b4fbe92ccab96efc9f5e3978 model="q9" verdict=defer prompt=1328 output_bound=- charged_ctx=9584 est_bytes=2352668536 est_context=142303232 est_fixed=2210365304 device_free=1720117348 pending_prime=8382218240 pending_seed=1412120576 host_free=0 demotable=0 short_by=632551188 inflight=19 cap=64 waited_ms=0 retry_after_s=-
1790402523931 [admission] request cost: model="q9" ctx=9587 path=plain = 14848 B/token x ctx + 480MB prefill-workspace + 121MB fixed = 743MB
1790402523931 [admit-predict] id=chatcmpl-739276576c8ed02096d48ca1ca990786 tenant="" model="q9" verdict=reject-kv reason=global-p95 prompt=1331 predicted_completion=5048 kv_hat=695668088 booked_bytes=13222947816 booked_real=14125706216 inflight=19 cap=64 budget_bytes=12845565056 retry_after_s=44 exempt=0 enforce=0 live_free_bytes=-
1790402523931 [admit-mem] id=chatcmpl-739276576c8ed02096d48ca1ca990786 model="q9" verdict=defer prompt=1331 output_bound=- charged_ctx=9587 est_bytes=2353794424 est_context=142347776 est_fixed=2211446648 device_free=1720117348 pending_prime=8382218240 pending_seed=1412120576 host_free=0 demotable=0 short_by=633677076 inflight=19 cap=64 waited_ms=0 retry_after_s=-
1790402523932 [admission] request cost: model="q9" ctx=9586 path=plain = 14848 B/token x ctx + 479MB prefill-workspace + 121MB fixed = 743MB
1790402523932 [admit-predict] id=chatcmpl-138f53177ea6d69929a6fb97a7a8e4b9 tenant="" model="q9" verdict=reject-kv reason=global-p95 prompt=1330 predicted_completion=5048 kv_hat=695292792 booked_bytes=13222947816 booked_real=14125706216 inflight=19 cap=64 budget_bytes=12845565056 retry_after_s=44 exempt=0 enforce=0 live_free_bytes=-
1790402523932 [admit-mem] id=chatcmpl-138f53177ea6d69929a6fb97a7a8e4b9 model="q9" verdict=defer prompt=1330 output_bound=- charged_ctx=9586 est_bytes=2353419128 est_context=142332928 est_fixed=2211086200 device_free=1720117348 pending_prime=8382218240 pending_seed=1412120576 host_free=0 demotable=0 short_by=633301780 inflight=19 cap=64 waited_ms=0 retry_after_s=-
1790402523934 [admission] request cost: model="q9" ctx=9590 path=plain = 14848 B/token x ctx + 481MB prefill-workspace + 121MB fixed = 744MB
1790402523934 [admit-predict] id=chatcmpl-f0ec77d6e60f34fcd3da3647e3437c11 tenant="" model="q9" verdict=reject-kv reason=global-p95 prompt=1334 predicted_completion=5048 kv_hat=696793976 booked_bytes=13222947816 booked_real=14125706216 inflight=19 cap=64 budget_bytes=12845565056 retry_after_s=44 exempt=0 enforce=0 live_free_bytes=-
1790402523934 [admit-mem] id=chatcmpl-f0ec77d6e60f34fcd3da3647e3437c11 model="q9" verdict=defer prompt=1334 output_bound=- charged_ctx=9590 est_bytes=2354920312 est_context=142392320 est_fixed=2212527992 device_free=1720117348 pending_prime=8382218240 pending_seed=1412120576 host_free=0 demotable=0 short_by=634802964 inflight=19 cap=64 waited_ms=0 retry_after_s=-
1790402523935 [admission] request cost: model="q9" ctx=9585 path=plain = 14848 B/token x ctx + 479MB prefill-workspace + 121MB fixed = 742MB
1790402523935 [admit-predict] id=chatcmpl-a669c80462690c50ac4f7c59de0fa8c8 tenant="" model="q9" verdict=reject-kv reason=global-p95 prompt=1329 predicted_completion=5048 kv_hat=694917496 booked_bytes=13222947816 booked_real=14125706216 inflight=19 cap=64 budget_bytes=12845565056 retry_after_s=44 exempt=0 enforce=0 live_free_bytes=-
1790402523935 [admit-mem] id=chatcmpl-a669c80462690c50ac4f7c59de0fa8c8 model="q9" verdict=defer prompt=1329 output_bound=- charged_ctx=9585 est_bytes=2353043832 est_context=142318080 est_fixed=2210725752 device_free=1720117348 pending_prime=8382218240 pending_seed=1412120576 host_free=0 demotable=0 short_by=632926484 inflight=19 cap=64 waited_ms=0 retry_after_s=-
1790402523936 [admission] request cost: model="q9" ctx=9590 path=plain = 14848 B/token x ctx + 481MB prefill-workspace + 121MB fixed = 744MB
1790402523936 [admit-predict] id=chatcmpl-cc17dde2108908ee82e9599354f373a2 tenant="" model="q9" verdict=reject-kv reason=global-p95 prompt=1334 predicted_completion=5048 kv_hat=696793976 booked_bytes=13222947816 booked_real=14125706216 inflight=19 cap=64 budget_bytes=12845565056 retry_after_s=44 exempt=0 enforce=0 live_free_bytes=-
1790402523936 [admit-mem] id=chatcmpl-cc17dde2108908ee82e9599354f373a2 model="q9" verdict=defer prompt=1334 output_bound=- charged_ctx=9590 est_bytes=2354920312 est_context=142392320 est_fixed=2212527992 device_free=1720117348 pending_prime=8382218240 pending_seed=1412120576 host_free=0 demotable=0 short_by=634802964 inflight=19 cap=64 waited_ms=0 retry_after_s=-
1790402523938 [admission] request cost: model="q9" ctx=9588 path=plain = 14848 B/token x ctx + 480MB prefill-workspace + 121MB fixed = 744MB
1790402523938 [admit-predict] id=chatcmpl-f5c8cbc9f1c084bc28a1f7c69cb092a3 tenant="" model="q9" verdict=reject-kv reason=global-p95 prompt=1332 predicted_completion=5048 kv_hat=696043384 booked_bytes=13222947816 booked_real=14125706216 inflight=19 cap=64 budget_bytes=12845565056 retry_after_s=44 exempt=0 enforce=0 live_free_bytes=-
1790402523938 [admit-mem] id=chatcmpl-f5c8cbc9f1c084bc28a1f7c69cb092a3 model="q9" verdict=defer prompt=1332 output_bound=- charged_ctx=9588 est_bytes=2354169720 est_context=142362624 est_fixed=2211807096 device_free=1720117348 pending_prime=8382218240 pending_seed=1412120576 host_free=0 demotable=0 short_by=634052372 inflight=19 cap=64 waited_ms=0 retry_after_s=-
1790402523939 [admission] request cost: model="q9" ctx=9587 path=plain = 14848 B/token x ctx + 480MB prefill-workspace + 121MB fixed = 743MB
1790402523939 [admit-predict] id=chatcmpl-faf77eed05a74c169d31c525b8b8d791 tenant="" model="q9" verdict=reject-kv reason=global-p95 prompt=1331 predicted_completion=5048 kv_hat=695668088 booked_bytes=13222947816 booked_real=14125706216 inflight=19 cap=64 budget_bytes=12845565056 retry_after_s=44 exempt=0 enforce=0 live_free_bytes=-
1790402523939 [admit-mem] id=chatcmpl-faf77eed05a74c169d31c525b8b8d791 model="q9" verdict=defer prompt=1331 output_bound=- charged_ctx=9587 est_bytes=2353794424 est_context=142347776 est_fixed=2211446648 device_free=1720117348 pending_prime=8382218240 pending_seed=1412120576 host_free=0 demotable=0 short_by=633677076 inflight=19 cap=64 waited_ms=0 retry_after_s=-
1790402523941 [admit-predict] id=chatcmpl-1ea7e094da1f6efc6e5108707728a6b7 tenant="" model="q9" verdict=reject-kv reason=global-p95 prompt=1331 predicted_completion=5048 kv_hat=695668088 booked_bytes=13222947816 booked_real=14125706216 inflight=19 cap=64 budget_bytes=12845565056 retry_after_s=44 exempt=0 enforce=0 live_free_bytes=-
1790402523941 [admit-mem] id=chatcmpl-1ea7e094da1f6efc6e5108707728a6b7 model="q9" verdict=defer prompt=1331 output_bound=- charged_ctx=9587 est_bytes=2353794424 est_context=142347776 est_fixed=2211446648 device_free=1720117348 pending_prime=8382218240 pending_seed=1412120576 host_free=0 demotable=0 short_by=633677076 inflight=19 cap=64 waited_ms=0 retry_after_s=-
1790402523942 [admission] request cost: model="q9" ctx=9589 path=plain = 14848 B/token x ctx + 480MB prefill-workspace + 121MB fixed = 744MB
1790402523942 [admit-predict] id=chatcmpl-9b8fc21c63527e44ebb4f7c0c38098e0 tenant="" model="q9" verdict=reject-kv reason=global-p95 prompt=1333 predicted_completion=5048 kv_hat=696418680 booked_bytes=13222947816 booked_real=14125706216 inflight=19 cap=64 budget_bytes=12845565056 retry_after_s=44 exempt=0 enforce=0 live_free_bytes=-
1790402523942 [admit-mem] id=chatcmpl-9b8fc21c63527e44ebb4f7c0c38098e0 model="q9" verdict=defer prompt=1333 output_bound=- charged_ctx=9589 est_bytes=2354545016 est_context=142377472 est_fixed=2212167544 device_free=1720117348 pending_prime=8382218240 pending_seed=1412120576 host_free=0 demotable=0 short_by=634427668 inflight=19 cap=64 waited_ms=0 retry_after_s=-
1790402523943 [admission] request cost: model="q9" ctx=9591 path=plain = 14848 B/token x ctx + 481MB prefill-workspace + 121MB fixed = 745MB
1790402523943 [admit-predict] id=chatcmpl-5ceb08e755acdc18133607a93caba322 tenant="" model="q9" verdict=reject-kv reason=global-p95 prompt=1335 predicted_completion=5048 kv_hat=697169272 booked_bytes=13222947816 booked_real=14125706216 inflight=19 cap=64 budget_bytes=12845565056 retry_after_s=44 exempt=0 enforce=0 live_free_bytes=-
1790402523943 [admit-mem] id=chatcmpl-5ceb08e755acdc18133607a93caba322 model="q9" verdict=defer prompt=1335 output_bound=- charged_ctx=9591 est_bytes=2355295608 est_context=142407168 est_fixed=2212888440 device_free=1720117348 pending_prime=8382218240 pending_seed=1412120576 host_free=0 demotable=0 short_by=635178260 inflight=19 cap=64 waited_ms=0 retry_after_s=-
1790402523945 [admission] request cost: model="q9" ctx=9587 path=plain = 14848 B/token x ctx + 480MB prefill-workspace + 121MB fixed = 743MB
1790402523945 [admit-predict] id=chatcmpl-d49d8a04c63fa5ea1686ab51349e43b6 tenant="" model="q9" verdict=reject-kv reason=global-p95 prompt=1331 predicted_completion=5048 kv_hat=695668088 booked_bytes=13222947816 booked_real=14125706216 inflight=19 cap=64 budget_bytes=12845565056 retry_after_s=44 exempt=0 enforce=0 live_free_bytes=-
1790402523945 [admit-mem] id=chatcmpl-d49d8a04c63fa5ea1686ab51349e43b6 model="q9" verdict=defer prompt=1331 output_bound=- charged_ctx=9587 est_bytes=2353794424 est_context=142347776 est_fixed=2211446648 device_free=1720117348 pending_prime=8382218240 pending_seed=1412120576 host_free=0 demotable=0 short_by=633677076 inflight=19 cap=64 waited_ms=0 retry_after_s=-
1790402523946 [admission] request cost: model="q9" ctx=9593 path=plain = 14848 B/token x ctx + 482MB prefill-workspace + 121MB fixed = 745MB
1790402523946 [admit-predict] id=chatcmpl-03838a1323749c90a48a42c497626164 tenant="" model="q9" verdict=reject-kv reason=global-p95 prompt=1337 predicted_completion=5048 kv_hat=697919864 booked_bytes=13222947816 booked_real=14125706216 inflight=19 cap=64 budget_bytes=12845565056 retry_after_s=44 exempt=0 enforce=0 live_free_bytes=-
1790402523946 [admit-mem] id=chatcmpl-03838a1323749c90a48a42c497626164 model="q9" verdict=defer prompt=1337 output_bound=- charged_ctx=9593 est_bytes=2356046200 est_context=142436864 est_fixed=2213609336 device_free=1720117348 pending_prime=8382218240 pending_seed=1412120576 host_free=0 demotable=0 short_by=635928852 inflight=19 cap=64 waited_ms=0 retry_after_s=-
1790402523948 [admission] request cost: model="q9" ctx=9582 path=plain = 14848 B/token x ctx + 478MB prefill-workspace + 121MB fixed = 741MB
1790402523948 [admit-predict] id=chatcmpl-754997112158e9a2fbb16fae73d802b6 tenant="" model="q9" verdict=reject-kv reason=global-p95 prompt=1326 predicted_completion=5048 kv_hat=693791608 booked_bytes=13222947816 booked_real=14125706216 inflight=19 cap=64 budget_bytes=12845565056 retry_after_s=44 exempt=0 enforce=0 live_free_bytes=-
1790402523948 [admit-mem] id=chatcmpl-754997112158e9a2fbb16fae73d802b6 model="q9" verdict=defer prompt=1326 output_bound=- charged_ctx=9582 est_bytes=2351917944 est_context=142273536 est_fixed=2209644408 device_free=1720117348 pending_prime=8382218240 pending_seed=1412120576 host_free=0 demotable=0 short_by=631800596 inflight=19 cap=64 waited_ms=0 retry_after_s=-
1790402523949 [admission] request cost: model="q9" ctx=9584 path=plain = 14848 B/token x ctx + 479MB prefill-workspace + 121MB fixed = 742MB
1790402523949 [admit-predict] id=chatcmpl-bdab764c698f82fc6f36f13f133b5a5d tenant="" model="q9" verdict=reject-kv reason=global-p95 prompt=1328 predicted_completion=5048 kv_hat=694542200 booked_bytes=13222947816 booked_real=14125706216 inflight=19 cap=64 budget_bytes=12845565056 retry_after_s=44 exempt=0 enforce=0 live_free_bytes=-
1790402523949 [admit-mem] id=chatcmpl-bdab764c698f82fc6f36f13f133b5a5d model="q9" verdict=defer prompt=1328 output_bound=- charged_ctx=9584 est_bytes=2352668536 est_context=142303232 est_fixed=2210365304 device_free=1720117348 pending_prime=8382218240 pending_seed=1412120576 host_free=0 demotable=0 short_by=632551188 inflight=19 cap=64 waited_ms=0 retry_after_s=-
1790402523950 [admission] request cost: model="q9" ctx=9590 path=plain = 14848 B/token x ctx + 481MB prefill-workspace + 121MB fixed = 744MB
1790402523950 [admit-predict] id=chatcmpl-672f8ededfba49482d1eaaf8f3b86fdf tenant="" model="q9" verdict=reject-kv reason=global-p95 prompt=1334 predicted_completion=5048 kv_hat=696793976 booked_bytes=13222947816 booked_real=14125706216 inflight=19 cap=64 budget_bytes=12845565056 retry_after_s=44 exempt=0 enforce=0 live_free_bytes=-
1790402523950 [admit-mem] id=chatcmpl-672f8ededfba49482d1eaaf8f3b86fdf model="q9" verdict=defer prompt=1334 output_bound=- charged_ctx=9590 est_bytes=2354920312 est_context=142392320 est_fixed=2212527992 device_free=1720117348 pending_prime=8382218240 pending_seed=1412120576 host_free=0 demotable=0 short_by=634802964 inflight=19 cap=64 waited_ms=0 retry_after_s=-
1790402524039 [prefix-cache] insert (lcp-split): 1312 tokens, 72.2MB (resident 72.2MB / 2052MB, model q9)
1790402524188 [prefix-cache] insert (lcp-split): 1312 tokens, 72.2MB (resident 144.3MB / 2052MB, model q9)
1790402529294 [admission] request cost: model="q9" ctx=9597 path=plain = 14848 B/token x ctx + 483MB prefill-workspace + 121MB fixed = 747MB
1790402529294 [admit-mem] id=chatcmpl-0eae15506fc10be8cf987934efcb9f29 model="q9" verdict=admit prompt=1341 output_bound=- charged_ctx=9597 est_bytes=2357547384 est_context=142496256 est_fixed=2215051128 device_free=8138369124 pending_prime=1899921408 pending_seed=1226440704 host_free=0 demotable=144343040 short_by=0 inflight=19 cap=64 waited_ms=5405 retry_after_s=-
1790402529296 [spec-k] model="q9" tenant="" K=0 source=concurrency prompt=1341 cached=0 lcp=5 active=20 wave=64 placement=single-or-non-pp2
1790402529296 [admission] request cost: model="q9" ctx=9590 path=plain = 14848 B/token x ctx + 481MB prefill-workspace + 121MB fixed = 744MB
1790402529296 [admit-mem] id=chatcmpl-309be09e1ef30630b92936ab39761658 model="q9" verdict=admit prompt=1334 output_bound=- charged_ctx=9590 est_bytes=2354920312 est_context=142392320 est_fixed=2212527992 device_free=7318006128 pending_prime=2383282176 pending_seed=1301047296 host_free=0 demotable=144343040 short_by=0 inflight=20 cap=64 waited_ms=5406 retry_after_s=-
1790402529298 [spec-k] model="q9" tenant="" K=0 source=concurrency prompt=1334 cached=0 lcp=6 active=21 wave=64 placement=single-or-non-pp2
1790402529298 [admission] request cost: model="q9" ctx=9585 path=plain = 14848 B/token x ctx + 479MB prefill-workspace + 121MB fixed = 742MB
1790402529298 [admit-mem] id=chatcmpl-693086922ad6da571a1a9dd8032f5482 model="q9" verdict=admit prompt=1329 output_bound=- charged_ctx=9585 est_bytes=2353043832 est_context=142318080 est_fixed=2210725752 device_free=6500283196 pending_prime=2864119808 pending_seed=1375653888 host_free=0 demotable=144343040 short_by=0 inflight=21 cap=64 waited_ms=5406 retry_after_s=-
1790402529300 [spec-k] model="q9" tenant="" K=0 source=concurrency prompt=1329 cached=0 lcp=5 active=22 wave=64 placement=single-or-non-pp2
1790402529300 [admission] request cost: model="q9" ctx=9592 path=plain = 14848 B/token x ctx + 482MB prefill-workspace + 121MB fixed = 745MB
1790402529300 [admit-mem] id=chatcmpl-7de8d675d3c494902beec7db0ad7d759 model="q9" verdict=admit prompt=1336 output_bound=- charged_ctx=9592 est_bytes=2355670904 est_context=142422016 est_fixed=2213248888 device_free=5684446024 pending_prime=3343155200 pending_seed=1450260480 host_free=0 demotable=144343040 short_by=0 inflight=22 cap=64 waited_ms=5406 retry_after_s=-
1790402529301 [spec-k] model="q9" tenant="" K=0 source=concurrency prompt=1336 cached=0 lcp=5 active=23 wave=64 placement=single-or-non-pp2
1790402529301 [admission] request cost: model="q9" ctx=9586 path=plain = 14848 B/token x ctx + 479MB prefill-workspace + 121MB fixed = 743MB
1790402529301 [admit-mem] id=chatcmpl-7fa36fc765a86f42f0a6571e20d88dd8 model="q9" verdict=admit prompt=1330 output_bound=- charged_ctx=9586 est_bytes=2353419128 est_context=142332928 est_fixed=2211086200 device_free=4865968788 pending_prime=3824713728 pending_seed=1524867072 host_free=0 demotable=144343040 short_by=0 inflight=23 cap=64 waited_ms=5407 retry_after_s=-
1790402529303 [spec-k] model="q9" tenant="" K=0 source=concurrency prompt=1330 cached=0 lcp=6 active=24 wave=64 placement=single-or-non-pp2
1790402529303 [admission] request cost: model="q9" ctx=9585 path=plain = 14848 B/token x ctx + 479MB prefill-workspace + 121MB fixed = 742MB
1790402529303 [admit-mem] id=chatcmpl-b4bc16fe936c5f5563776fe62293ed89 model="q9" verdict=admit prompt=1329 output_bound=- charged_ctx=9585 est_bytes=2353043832 est_context=142318080 est_fixed=2210725752 device_free=4049754464 pending_prime=4304109568 pending_seed=1599473664 host_free=0 demotable=144343040 short_by=0 inflight=24 cap=64 waited_ms=5407 retry_after_s=-
1790402529305 [spec-k] model="q9" tenant="" K=0 source=concurrency prompt=1329 cached=0 lcp=5 active=25 wave=64 placement=single-or-non-pp2
1790402529305 [admission] request cost: model="q9" ctx=9588 path=plain = 14848 B/token x ctx + 480MB prefill-workspace + 121MB fixed = 744MB
1790402529305 [admit-mem] id=chatcmpl-80888071787cd51abb9b5c35814229e1 model="q9" verdict=admit prompt=1332 output_bound=- charged_ctx=9588 est_bytes=2354169720 est_context=142362624 est_fixed=2211807096 device_free=3233917292 pending_prime=4783144960 pending_seed=1674080256 host_free=0 demotable=144343040 short_by=0 inflight=25 cap=64 waited_ms=5408 retry_after_s=-
1790402529307 [spec-k] model="q9" tenant="" K=0 source=concurrency prompt=1332 cached=0 lcp=5 active=26 wave=64 placement=single-or-non-pp2
1790402529307 [admission] request cost: model="q9" ctx=9583 path=plain = 14848 B/token x ctx + 478MB prefill-workspace + 121MB fixed = 742MB
1790402529307 [admit-mem] id=chatcmpl-3d1c28537faaae2f1cc9770422091665 model="q9" verdict=admit prompt=1327 output_bound=- charged_ctx=9583 est_bytes=2352293240 est_context=142288384 est_fixed=2210004856 device_free=2416948664 pending_prime=5263261696 pending_seed=1748686848 host_free=0 demotable=144343040 short_by=0 inflight=26 cap=64 waited_ms=5408 retry_after_s=-
1790402529309 [spec-k] model="q9" tenant="" K=0 source=concurrency prompt=1327 cached=0 lcp=5 active=27 wave=64 placement=single-or-non-pp2
1790402529309 [admission] request cost: model="q9" ctx=9584 path=plain = 14848 B/token x ctx + 479MB prefill-workspace + 121MB fixed = 742MB
1790402529309 [admit-oom] reclaim settle (reclaim-on-defer): dev0 evicted_prefix_bytes=144343040 pool_cached_gain_bytes=144343040 trim_released_bytes=0 driver_free_bytes 9095938048 -> 9095938048 pool_reserved_bytes 15737028608 -> 15737028608 pool_used_bytes 15666231228 -> 15521888188 pool_retained_bytes=144343040 (live neighbour or fragmentation; counted as pool-cached headroom, not driver free)
1790402529309 [admit-oom] reclaim-on-defer: evicted 2 prefix entries + 0 plain + 0 spec + 0 dspark parked sessions (global LRU); effective free 1602MB -> 1747MB
1790402529309 [admit-oom] VRAM defer: 27 active, effective free 1747MB (driver + 215MB pool-cached) < cost 742MB + reserve 1611MB — queueing (FIFO) [pool res 15737MB used 15522MB; parked spec sessions 0; plain reuse 0; queue 36]
1790402529309 [admission] request cost: model="q9" ctx=9594 path=plain = 14848 B/token x ctx + 482MB prefill-workspace + 121MB fixed = 746MB
1790402529309 [admission] request cost: model="q9" ctx=9595 path=plain = 14848 B/token x ctx + 483MB prefill-workspace + 121MB fixed = 746MB
1790402529309 [admission] request cost: model="q9" ctx=9587 path=plain = 14848 B/token x ctx + 480MB prefill-workspace + 121MB fixed = 743MB
1790402529309 [admission] request cost: model="q9" ctx=9586 path=plain = 14848 B/token x ctx + 479MB prefill-workspace + 121MB fixed = 743MB
1790402529309 [admission] request cost: model="q9" ctx=9584 path=plain = 14848 B/token x ctx + 479MB prefill-workspace + 121MB fixed = 742MB
1790402529309 [admission] request cost: model="q9" ctx=9589 path=plain = 14848 B/token x ctx + 480MB prefill-workspace + 121MB fixed = 744MB
1790402529309 [admission] request cost: model="q9" ctx=9587 path=plain = 14848 B/token x ctx + 480MB prefill-workspace + 121MB fixed = 743MB
1790402529309 [admission] request cost: model="q9" ctx=9593 path=plain = 14848 B/token x ctx + 482MB prefill-workspace + 121MB fixed = 745MB
1790402529309 [admission] request cost: model="q9" ctx=9587 path=plain = 14848 B/token x ctx + 480MB prefill-workspace + 121MB fixed = 743MB
1790402529309 [admission] request cost: model="q9" ctx=9586 path=plain = 14848 B/token x ctx + 479MB prefill-workspace + 121MB fixed = 743MB
1790402529309 [admission] request cost: model="q9" ctx=9589 path=plain = 14848 B/token x ctx + 480MB prefill-workspace + 121MB fixed = 744MB
1790402529309 [admission] request cost: model="q9" ctx=9584 path=plain = 14848 B/token x ctx + 479MB prefill-workspace + 121MB fixed = 742MB
1790402529309 [admission] request cost: model="q9" ctx=9586 path=plain = 14848 B/token x ctx + 479MB prefill-workspace + 121MB fixed = 743MB
1790402529310 [admission] request cost: model="q9" ctx=9587 path=plain = 14848 B/token x ctx + 480MB prefill-workspace + 121MB fixed = 743MB
1790402529310 [admission] request cost: model="q9" ctx=9590 path=plain = 14848 B/token x ctx + 481MB prefill-workspace + 121MB fixed = 744MB
1790402529310 [admission] request cost: model="q9" ctx=9586 path=plain = 14848 B/token x ctx + 479MB prefill-workspace + 121MB fixed = 743MB
1790402529310 [admission] request cost: model="q9" ctx=9588 path=plain = 14848 B/token x ctx + 480MB prefill-workspace + 121MB fixed = 744MB
1790402529310 [admission] request cost: model="q9" ctx=9589 path=plain = 14848 B/token x ctx + 480MB prefill-workspace + 121MB fixed = 744MB
1790402529310 [admission] request cost: model="q9" ctx=9586 path=plain = 14848 B/token x ctx + 479MB prefill-workspace + 121MB fixed = 743MB
1790402529310 [admission] request cost: model="q9" ctx=9584 path=plain = 14848 B/token x ctx + 479MB prefill-workspace + 121MB fixed = 742MB
1790402529310 [admission] request cost: model="q9" ctx=9587 path=plain = 14848 B/token x ctx + 480MB prefill-workspace + 121MB fixed = 743MB
1790402529310 [admission] request cost: model="q9" ctx=9586 path=plain = 14848 B/token x ctx + 479MB prefill-workspace + 121MB fixed = 743MB
1790402529310 [admission] request cost: model="q9" ctx=9590 path=plain = 14848 B/token x ctx + 481MB prefill-workspace + 121MB fixed = 744MB
1790402529310 [admission] request cost: model="q9" ctx=9585 path=plain = 14848 B/token x ctx + 479MB prefill-workspace + 121MB fixed = 742MB
1790402529310 [admission] request cost: model="q9" ctx=9590 path=plain = 14848 B/token x ctx + 481MB prefill-workspace + 121MB fixed = 744MB
1790402529310 [admission] request cost: model="q9" ctx=9588 path=plain = 14848 B/token x ctx + 480MB prefill-workspace + 121MB fixed = 744MB
1790402529310 [admission] request cost: model="q9" ctx=9587 path=plain = 14848 B/token x ctx + 480MB prefill-workspace + 121MB fixed = 743MB
1790402529310 [admission] request cost: model="q9" ctx=9589 path=plain = 14848 B/token x ctx + 480MB prefill-workspace + 121MB fixed = 744MB
1790402529310 [admission] request cost: model="q9" ctx=9591 path=plain = 14848 B/token x ctx + 481MB prefill-workspace + 121MB fixed = 745MB
1790402529310 [admission] request cost: model="q9" ctx=9587 path=plain = 14848 B/token x ctx + 480MB prefill-workspace + 121MB fixed = 743MB
1790402529310 [admission] request cost: model="q9" ctx=9593 path=plain = 14848 B/token x ctx + 482MB prefill-workspace + 121MB fixed = 745MB
1790402529310 [admission] request cost: model="q9" ctx=9582 path=plain = 14848 B/token x ctx + 478MB prefill-workspace + 121MB fixed = 741MB
1790402529310 [admission] request cost: model="q9" ctx=9584 path=plain = 14848 B/token x ctx + 479MB prefill-workspace + 121MB fixed = 742MB
1790402529310 [admission] request cost: model="q9" ctx=9590 path=plain = 14848 B/token x ctx + 481MB prefill-workspace + 121MB fixed = 744MB
1790402529368 [prime-batch] B=2 tokens=39 carried=2 partial=0 in 57.3ms
1790402529469 [prefix-cache] insert (lcp-split): 1312 tokens, 72.2MB (resident 72.2MB / 2052MB, model q9)
1790402529580 [prefix-cache] insert (lcp-split): 1312 tokens, 72.2MB (resident 144.3MB / 2052MB, model q9)
1790402529690 [prefix-cache] insert (lcp-split): 1312 tokens, 72.2MB (resident 216.5MB / 2052MB, model q9)
1790402529801 [prefix-cache] insert (lcp-split): 1312 tokens, 72.2MB (resident 288.7MB / 2052MB, model q9)
1790402529883 [prefix-cache] insert (lcp-split): 1280 tokens, 71.7MB (resident 360.4MB / 2052MB, model q9)
1790402530003 [prefix-cache] insert (lcp-split): 1312 tokens, 72.2MB (resident 432.6MB / 2052MB, model q9)
1790402530122 [prefix-cache] insert (lcp-split): 1312 tokens, 72.2MB (resident 504.7MB / 2052MB, model q9)
1790402530243 [prefix-cache] insert (lcp-split): 1312 tokens, 72.2MB (resident 576.9MB / 2052MB, model q9)
1790402530357 [prefix-cache] insert (lcp-split): 1312 tokens, 72.2MB (resident 649.1MB / 2052MB, model q9)
1790402530466 [prefix-cache] insert (lcp-split): 1312 tokens, 72.2MB (resident 721.2MB / 2052MB, model q9)
1790402530575 [prefix-cache] insert (lcp-split): 1312 tokens, 72.2MB (resident 793.4MB / 2052MB, model q9)
1790402530685 [prefix-cache] insert (lcp-split): 1312 tokens, 72.2MB (resident 865.6MB / 2052MB, model q9)
1790402530796 [prefix-cache] insert (lcp-split): 1312 tokens, 72.2MB (resident 937.8MB / 2052MB, model q9)
1790402530913 [prefix-cache] insert (lcp-split): 1312 tokens, 72.2MB (resident 1009.9MB / 2052MB, model q9)
1790402531031 [prefix-cache] insert (lcp-split): 1312 tokens, 72.2MB (resident 1082.1MB / 2052MB, model q9)
1790402531149 [prefix-cache] insert (lcp-split): 1312 tokens, 72.2MB (resident 1154.3MB / 2052MB, model q9)
1790402531267 [prefix-cache] insert (lcp-split): 1312 tokens, 72.2MB (resident 1226.4MB / 2052MB, model q9)
1790402533623 [admission] request cost: model="q9" ctx=9584 path=plain = 14848 B/token x ctx + 479MB prefill-workspace + 121MB fixed = 742MB
1790402533623 [admit-mem] id=chatcmpl-472e742a6a08e5d7eb216d5a383dc01a model="q9" verdict=admit prompt=1328 output_bound=- charged_ctx=9584 est_bytes=2352668536 est_context=142303232 est_fixed=2210365304 device_free=5588498500 pending_prime=1021509632 pending_seed=576897024 host_free=0 demotable=1226440704 short_by=0 inflight=27 cap=64 waited_ms=9723 retry_after_s=-
1790402533626 [spec-k] model="q9" tenant="" K=0 source=concurrency prompt=1328 cached=0 lcp=6 active=28 wave=64 placement=single-or-non-pp2
1790402533626 [admission] request cost: model="q9" ctx=9594 path=plain = 14848 B/token x ctx + 482MB prefill-workspace + 121MB fixed = 746MB
1790402533626 [admit-mem] id=chatcmpl-26edbe9b829782c0c1373119ed406ee7 model="q9" verdict=admit prompt=1338 output_bound=- charged_ctx=9594 est_bytes=2356421496 est_context=142451712 est_fixed=2213969784 device_free=4773038480 pending_prime=1500184576 pending_seed=651503616 host_free=0 demotable=1226440704 short_by=0 inflight=28 cap=64 waited_ms=9724 retry_after_s=-
1790402533628 [spec-k] model="q9" tenant="" K=0 source=concurrency prompt=1338 cached=0 lcp=6 active=29 wave=64 placement=single-or-non-pp2
1790402533628 [admission] request cost: model="q9" ctx=9595 path=plain = 14848 B/token x ctx + 483MB prefill-workspace + 121MB fixed = 746MB
1790402533628 [admit-mem] id=chatcmpl-b3be2ad7ff42090fe4c2d0bb5bcf3239 model="q9" verdict=admit prompt=1339 output_bound=- charged_ctx=9595 est_bytes=2356796792 est_context=142466560 est_fixed=2214330232 device_free=3953806940 pending_prime=1982464000 pending_seed=726110208 host_free=0 demotable=1226440704 short_by=0 inflight=29 cap=64 waited_ms=9725 retry_after_s=-
1790402533630 [spec-k] model="q9" tenant="" K=0 source=concurrency prompt=1339 cached=0 lcp=6 active=30 wave=64 placement=single-or-non-pp2
1790402533630 [admission] request cost: model="q9" ctx=9587 path=plain = 14848 B/token x ctx + 480MB prefill-workspace + 121MB fixed = 743MB
1790402533630 [admit-mem] id=chatcmpl-372f40421145f2fe27cc978499cbbcc9 model="q9" verdict=admit prompt=1331 output_bound=- charged_ctx=9587 est_bytes=2353794424 est_context=142347776 est_fixed=2211446648 device_free=3134198248 pending_prime=2465103872 pending_seed=800716800 host_free=0 demotable=1226440704 short_by=0 inflight=30 cap=64 waited_ms=9725 retry_after_s=-
1790402533631 [spec-k] model="q9" tenant="" K=0 source=concurrency prompt=1331 cached=0 lcp=6 active=31 wave=64 placement=single-or-non-pp2
1790402533631 [admit-mem] id=chatcmpl-027444d3244223e9aaf6aabb39741c4e model="q9" verdict=admit prompt=1331 output_bound=- charged_ctx=9587 est_bytes=2353794424 est_context=142347776 est_fixed=2211446648 device_free=2367831924 pending_prime=2944860160 pending_seed=825098240 host_free=0 demotable=1226440704 short_by=0 inflight=31 cap=64 waited_ms=9726 retry_after_s=-
1790402533633 [spec-k] model="q9" tenant="" K=0 source=concurrency prompt=1331 cached=0 lcp=6 active=32 wave=64 placement=single-or-non-pp2
1790402533633 [admission] request cost: model="q9" ctx=9586 path=plain = 14848 B/token x ctx + 479MB prefill-workspace + 121MB fixed = 743MB
1790402533636 [admit-oom] reclaim settle (reclaim-on-defer): dev0 evicted_prefix_bytes=1226440704 pool_cached_gain_bytes=1226440704 trim_released_bytes=536870912 driver_free_bytes 5841158144 -> 6378029056 pool_reserved_bytes 18991808512 -> 18454937600 pool_used_bytes 18957404928 -> 17730964224 pool_retained_bytes=689569792 (live neighbour or fragmentation; counted as pool-cached headroom, not driver free)
1790402533636 [admit-oom] reclaim-on-defer: evicted 17 prefix entries + 0 plain + 0 spec + 0 dspark parked sessions (global LRU); effective free 1626MB -> 2852MB
1790402533636 [admit-mem] id=chatcmpl-584ac53f44c927805a2120311073f451 model="q9" verdict=admit prompt=1330 output_bound=- charged_ctx=9586 est_bytes=2353419128 est_context=142332928 est_fixed=2211086200 device_free=2852287744 pending_prime=3424616448 pending_seed=825098240 host_free=0 demotable=0 short_by=0 inflight=32 cap=64 waited_ms=9729 retry_after_s=-
1790402533638 [spec-k] model="q9" tenant="" K=0 source=concurrency prompt=1330 cached=0 lcp=0 active=33 wave=64 placement=single-or-non-pp2
1790402533638 [admission] request cost: model="q9" ctx=9584 path=plain = 14848 B/token x ctx + 479MB prefill-workspace + 121MB fixed = 742MB
1790402533638 [admit-oom] VRAM defer: 33 active, effective free 1911MB (driver + 529MB pool-cached) < cost 742MB + reserve 1611MB — queueing (FIFO) [pool res 18522MB used 17993MB; parked spec sessions 0; plain reuse 0; queue 30]
1790402533638 [admit-mem] id=chatcmpl-40bea591e8521a59eaa63a5abfc6350d model="q9" verdict=refuse prompt=1328 output_bound=- charged_ctx=9584 est_bytes=2352668536 est_context=142303232 est_fixed=2210365304 device_free=1911241676 pending_prime=3904012288 pending_seed=1024536576 host_free=0 demotable=0 short_by=441426860 inflight=33 cap=64 waited_ms=9729 retry_after_s=44
1790402533638 [admission] request cost: model="q9" ctx=9589 path=plain = 14848 B/token x ctx + 480MB prefill-workspace + 121MB fixed = 744MB
1790402533638 [admit-oom] VRAM defer: 33 active, effective free 1911MB (driver + 529MB pool-cached) < cost 744MB + reserve 1611MB — queueing (FIFO) [pool res 18522MB used 17993MB; parked spec sessions 0; plain reuse 0; queue 29]
1790402533638 [admit-mem] id=chatcmpl-190f998469f65264403b481db7e304a9 model="q9" verdict=refuse prompt=1333 output_bound=- charged_ctx=9589 est_bytes=2354545016 est_context=142377472 est_fixed=2212167544 device_free=1911241676 pending_prime=3904012288 pending_seed=1024536576 host_free=0 demotable=0 short_by=443303340 inflight=33 cap=64 waited_ms=9728 retry_after_s=44
1790402533638 [admission] request cost: model="q9" ctx=9587 path=plain = 14848 B/token x ctx + 480MB prefill-workspace + 121MB fixed = 743MB
1790402533638 [admit-oom] VRAM defer: 33 active, effective free 1911MB (driver + 529MB pool-cached) < cost 743MB + reserve 1611MB — queueing (FIFO) [pool res 18522MB used 17993MB; parked spec sessions 0; plain reuse 0; queue 28]
1790402533638 [admit-mem] id=chatcmpl-22027e451d511c33035dfa766839eb55 model="q9" verdict=refuse prompt=1331 output_bound=- charged_ctx=9587 est_bytes=2353794424 est_context=142347776 est_fixed=2211446648 device_free=1911241676 pending_prime=3904012288 pending_seed=1024536576 host_free=0 demotable=0 short_by=442552748 inflight=33 cap=64 waited_ms=9726 retry_after_s=44
1790402533638 [admission] request cost: model="q9" ctx=9593 path=plain = 14848 B/token x ctx + 482MB prefill-workspace + 121MB fixed = 745MB
1790402533638 [admit-oom] VRAM defer: 33 active, effective free 1911MB (driver + 529MB pool-cached) < cost 745MB + reserve 1611MB — queueing (FIFO) [pool res 18522MB used 17993MB; parked spec sessions 0; plain reuse 0; queue 27]
1790402533638 [admit-mem] id=chatcmpl-bfd4ea4fefd9c3214508e463a6f704e4 model="q9" verdict=refuse prompt=1337 output_bound=- charged_ctx=9593 est_bytes=2356046200 est_context=142436864 est_fixed=2213609336 device_free=1911241676 pending_prime=3904012288 pending_seed=1024536576 host_free=0 demotable=0 short_by=444804524 inflight=33 cap=64 waited_ms=9725 retry_after_s=44
1790402533638 [admission] request cost: model="q9" ctx=9587 path=plain = 14848 B/token x ctx + 480MB prefill-workspace + 121MB fixed = 743MB
1790402533638 [admit-oom] VRAM defer: 33 active, effective free 1911MB (driver + 529MB pool-cached) < cost 743MB + reserve 1611MB — queueing (FIFO) [pool res 18522MB used 17993MB; parked spec sessions 0; plain reuse 0; queue 26]
1790402533638 [admit-mem] id=chatcmpl-6219b45d1d82f2a8757b7671f028c7d0 model="q9" verdict=refuse prompt=1331 output_bound=- charged_ctx=9587 est_bytes=2353794424 est_context=142347776 est_fixed=2211446648 device_free=1911241676 pending_prime=3904012288 pending_seed=1024536576 host_free=0 demotable=0 short_by=442552748 inflight=33 cap=64 waited_ms=9724 retry_after_s=44
1790402533638 [admission] request cost: model="q9" ctx=9586 path=plain = 14848 B/token x ctx + 479MB prefill-workspace + 121MB fixed = 743MB
1790402533638 [admit-oom] VRAM defer: 33 active, effective free 1911MB (driver + 529MB pool-cached) < cost 743MB + reserve 1611MB — queueing (FIFO) [pool res 18522MB used 17993MB; parked spec sessions 0; plain reuse 0; queue 25]
1790402533638 [admit-mem] id=chatcmpl-4e2b1b2caaf399cf43c8252229c4195b model="q9" verdict=refuse prompt=1330 output_bound=- charged_ctx=9586 est_bytes=2353419128 est_context=142332928 est_fixed=2211086200 device_free=1911241676 pending_prime=3904012288 pending_seed=1024536576 host_free=0 demotable=0 short_by=442177452 inflight=33 cap=64 waited_ms=9722 retry_after_s=44
1790402533638 [admission] request cost: model="q9" ctx=9589 path=plain = 14848 B/token x ctx + 480MB prefill-workspace + 121MB fixed = 744MB
1790402533638 [admit-oom] VRAM defer: 33 active, effective free 1911MB (driver + 529MB pool-cached) < cost 744MB + reserve 1611MB — queueing (FIFO) [pool res 18522MB used 17993MB; parked spec sessions 0; plain reuse 0; queue 24]
1790402533638 [admit-mem] id=chatcmpl-76e600c9251866f0bacde65ec3609dc7 model="q9" verdict=refuse prompt=1333 output_bound=- charged_ctx=9589 est_bytes=2354545016 est_context=142377472 est_fixed=2212167544 device_free=1911241676 pending_prime=3904012288 pending_seed=1024536576 host_free=0 demotable=0 short_by=443303340 inflight=33 cap=64 waited_ms=9721 retry_after_s=44
1790402533638 [admission] request cost: model="q9" ctx=9584 path=plain = 14848 B/token x ctx + 479MB prefill-workspace + 121MB fixed = 742MB
1790402533638 [admit-oom] VRAM defer: 33 active, effective free 1911MB (driver + 529MB pool-cached) < cost 742MB + reserve 1611MB — queueing (FIFO) [pool res 18522MB used 17993MB; parked spec sessions 0; plain reuse 0; queue 23]
1790402533638 [admit-mem] id=chatcmpl-aadca98fda409a07837f2952acc6dce5 model="q9" verdict=refuse prompt=1328 output_bound=- charged_ctx=9584 est_bytes=2352668536 est_context=142303232 est_fixed=2210365304 device_free=1911241676 pending_prime=3904012288 pending_seed=1024536576 host_free=0 demotable=0 short_by=441426860 inflight=33 cap=64 waited_ms=9720 retry_after_s=44
1790402533638 [admission] request cost: model="q9" ctx=9586 path=plain = 14848 B/token x ctx + 479MB prefill-workspace + 121MB fixed = 743MB
1790402533638 [admit-oom] VRAM defer: 33 active, effective free 1911MB (driver + 529MB pool-cached) < cost 743MB + reserve 1611MB — queueing (FIFO) [pool res 18522MB used 17993MB; parked spec sessions 0; plain reuse 0; queue 22]
1790402533638 [admit-mem] id=chatcmpl-0ff19a7cb6689062e4d994655706938c model="q9" verdict=refuse prompt=1330 output_bound=- charged_ctx=9586 est_bytes=2353419128 est_context=142332928 est_fixed=2211086200 device_free=1911241676 pending_prime=3904012288 pending_seed=1024536576 host_free=0 demotable=0 short_by=442177452 inflight=33 cap=64 waited_ms=9718 retry_after_s=44
1790402533638 [admission] request cost: model="q9" ctx=9587 path=plain = 14848 B/token x ctx + 480MB prefill-workspace + 121MB fixed = 743MB
1790402533638 [admit-oom] VRAM defer: 33 active, effective free 1911MB (driver + 529MB pool-cached) < cost 743MB + reserve 1611MB — queueing (FIFO) [pool res 18522MB used 17993MB; parked spec sessions 0; plain reuse 0; queue 21]
1790402533638 [admit-mem] id=chatcmpl-6f4259835b3bfec9ba048389dca10cd6 model="q9" verdict=refuse prompt=1331 output_bound=- charged_ctx=9587 est_bytes=2353794424 est_context=142347776 est_fixed=2211446648 device_free=1911241676 pending_prime=3904012288 pending_seed=1024536576 host_free=0 demotable=0 short_by=442552748 inflight=33 cap=64 waited_ms=9717 retry_after_s=44
1790402533638 [admission] request cost: model="q9" ctx=9590 path=plain = 14848 B/token x ctx + 481MB prefill-workspace + 121MB fixed = 744MB
1790402533638 [admit-oom] VRAM defer: 33 active, effective free 1911MB (driver + 529MB pool-cached) < cost 744MB + reserve 1611MB — queueing (FIFO) [pool res 18522MB used 17993MB; parked spec sessions 0; plain reuse 0; queue 20]
1790402533638 [admit-mem] id=chatcmpl-72f18e052e989bff16d9ef907857d948 model="q9" verdict=refuse prompt=1334 output_bound=- charged_ctx=9590 est_bytes=2354920312 est_context=142392320 est_fixed=2212527992 device_free=1911241676 pending_prime=3904012288 pending_seed=1024536576 host_free=0 demotable=0 short_by=443678636 inflight=33 cap=64 waited_ms=9716 retry_after_s=44
1790402533638 [admission] request cost: model="q9" ctx=9586 path=plain = 14848 B/token x ctx + 479MB prefill-workspace + 121MB fixed = 743MB
1790402533638 [admit-oom] VRAM defer: 33 active, effective free 1911MB (driver + 529MB pool-cached) < cost 743MB + reserve 1611MB — queueing (FIFO) [pool res 18522MB used 17993MB; parked spec sessions 0; plain reuse 0; queue 19]
1790402533639 [admit-mem] id=chatcmpl-af44c69a5286c11668a4692f24aaf428 model="q9" verdict=refuse prompt=1330 output_bound=- charged_ctx=9586 est_bytes=2353419128 est_context=142332928 est_fixed=2211086200 device_free=1911241676 pending_prime=3904012288 pending_seed=1024536576 host_free=0 demotable=0 short_by=442177452 inflight=33 cap=64 waited_ms=9714 retry_after_s=44
1790402533639 [admission] request cost: model="q9" ctx=9588 path=plain = 14848 B/token x ctx + 480MB prefill-workspace + 121MB fixed = 744MB
1790402533639 [admit-oom] VRAM defer: 33 active, effective free 1911MB (driver + 529MB pool-cached) < cost 744MB + reserve 1611MB — queueing (FIFO) [pool res 18522MB used 17993MB; parked spec sessions 0; plain reuse 0; queue 18]
1790402533639 [admit-mem] id=chatcmpl-0dd70d8117bbc881c83b2655b9b5c89d model="q9" verdict=refuse prompt=1332 output_bound=- charged_ctx=9588 est_bytes=2354169720 est_context=142362624 est_fixed=2211807096 device_free=1911241676 pending_prime=3904012288 pending_seed=1024536576 host_free=0 demotable=0 short_by=442928044 inflight=33 cap=64 waited_ms=9713 retry_after_s=44
1790402533639 [admission] request cost: model="q9" ctx=9589 path=plain = 14848 B/token x ctx + 480MB prefill-workspace + 121MB fixed = 744MB
1790402533639 [admit-oom] VRAM defer: 33 active, effective free 1911MB (driver + 529MB pool-cached) < cost 744MB + reserve 1611MB — queueing (FIFO) [pool res 18522MB used 17993MB; parked spec sessions 0; plain reuse 0; queue 17]
1790402533639 [admit-mem] id=chatcmpl-a9c47d3c12e8050ee6d1454573a5c52b model="q9" verdict=refuse prompt=1333 output_bound=- charged_ctx=9589 est_bytes=2354545016 est_context=142377472 est_fixed=2212167544 device_free=1911241676 pending_prime=3904012288 pending_seed=1024536576 host_free=0 demotable=0 short_by=443303340 inflight=33 cap=64 waited_ms=9712 retry_after_s=44
1790402533639 [admission] request cost: model="q9" ctx=9586 path=plain = 14848 B/token x ctx + 479MB prefill-workspace + 121MB fixed = 743MB
1790402533639 [admit-oom] VRAM defer: 33 active, effective free 1911MB (driver + 529MB pool-cached) < cost 743MB + reserve 1611MB — queueing (FIFO) [pool res 18522MB used 17993MB; parked spec sessions 0; plain reuse 0; queue 16]
1790402533639 [admit-mem] id=chatcmpl-8d5f60f01770b5a4c47d2e19ee12bf2a model="q9" verdict=refuse prompt=1330 output_bound=- charged_ctx=9586 est_bytes=2353419128 est_context=142332928 est_fixed=2211086200 device_free=1911241676 pending_prime=3904012288 pending_seed=1024536576 host_free=0 demotable=0 short_by=442177452 inflight=33 cap=64 waited_ms=9710 retry_after_s=44
1790402533639 [admission] request cost: model="q9" ctx=9584 path=plain = 14848 B/token x ctx + 479MB prefill-workspace + 121MB fixed = 742MB
1790402533639 [admit-oom] VRAM defer: 33 active, effective free 1911MB (driver + 529MB pool-cached) < cost 742MB + reserve 1611MB — queueing (FIFO) [pool res 18522MB used 17993MB; parked spec sessions 0; plain reuse 0; queue 15]
1790402533639 [admit-mem] id=chatcmpl-aaba6c83b4fbe92ccab96efc9f5e3978 model="q9" verdict=refuse prompt=1328 output_bound=- charged_ctx=9584 est_bytes=2352668536 est_context=142303232 est_fixed=2210365304 device_free=1911241676 pending_prime=3904012288 pending_seed=1024536576 host_free=0 demotable=0 short_by=441426860 inflight=33 cap=64 waited_ms=9709 retry_after_s=44
1790402533639 [admission] request cost: model="q9" ctx=9587 path=plain = 14848 B/token x ctx + 480MB prefill-workspace + 121MB fixed = 743MB
1790402533639 [admit-oom] VRAM defer: 33 active, effective free 1911MB (driver + 529MB pool-cached) < cost 743MB + reserve 1611MB — queueing (FIFO) [pool res 18522MB used 17993MB; parked spec sessions 0; plain reuse 0; queue 14]
1790402533639 [admit-mem] id=chatcmpl-739276576c8ed02096d48ca1ca990786 model="q9" verdict=refuse prompt=1331 output_bound=- charged_ctx=9587 est_bytes=2353794424 est_context=142347776 est_fixed=2211446648 device_free=1911241676 pending_prime=3904012288 pending_seed=1024536576 host_free=0 demotable=0 short_by=442552748 inflight=33 cap=64 waited_ms=9708 retry_after_s=44
1790402533639 [admission] request cost: model="q9" ctx=9586 path=plain = 14848 B/token x ctx + 479MB prefill-workspace + 121MB fixed = 743MB
1790402533639 [admit-oom] VRAM defer: 33 active, effective free 1911MB (driver + 529MB pool-cached) < cost 743MB + reserve 1611MB — queueing (FIFO) [pool res 18522MB used 17993MB; parked spec sessions 0; plain reuse 0; queue 13]
1790402533639 [admit-mem] id=chatcmpl-138f53177ea6d69929a6fb97a7a8e4b9 model="q9" verdict=refuse prompt=1330 output_bound=- charged_ctx=9586 est_bytes=2353419128 est_context=142332928 est_fixed=2211086200 device_free=1911241676 pending_prime=3904012288 pending_seed=1024536576 host_free=0 demotable=0 short_by=442177452 inflight=33 cap=64 waited_ms=9706 retry_after_s=44
1790402533639 [admission] request cost: model="q9" ctx=9590 path=plain = 14848 B/token x ctx + 481MB prefill-workspace + 121MB fixed = 744MB
1790402533639 [admit-oom] VRAM defer: 33 active, effective free 1911MB (driver + 529MB pool-cached) < cost 744MB + reserve 1611MB — queueing (FIFO) [pool res 18522MB used 17993MB; parked spec sessions 0; plain reuse 0; queue 12]
1790402533639 [admit-mem] id=chatcmpl-f0ec77d6e60f34fcd3da3647e3437c11 model="q9" verdict=refuse prompt=1334 output_bound=- charged_ctx=9590 est_bytes=2354920312 est_context=142392320 est_fixed=2212527992 device_free=1911241676 pending_prime=3904012288 pending_seed=1024536576 host_free=0 demotable=0 short_by=443678636 inflight=33 cap=64 waited_ms=9705 retry_after_s=44
1790402533639 [admission] request cost: model="q9" ctx=9585 path=plain = 14848 B/token x ctx + 479MB prefill-workspace + 121MB fixed = 742MB
1790402533639 [admit-oom] VRAM defer: 33 active, effective free 1911MB (driver + 529MB pool-cached) < cost 742MB + reserve 1611MB — queueing (FIFO) [pool res 18522MB used 17993MB; parked spec sessions 0; plain reuse 0; queue 11]
1790402533639 [admit-mem] id=chatcmpl-a669c80462690c50ac4f7c59de0fa8c8 model="q9" verdict=refuse prompt=1329 output_bound=- charged_ctx=9585 est_bytes=2353043832 est_context=142318080 est_fixed=2210725752 device_free=1911241676 pending_prime=3904012288 pending_seed=1024536576 host_free=0 demotable=0 short_by=441802156 inflight=33 cap=64 waited_ms=9704 retry_after_s=44
1790402533639 [admission] request cost: model="q9" ctx=9590 path=plain = 14848 B/token x ctx + 481MB prefill-workspace + 121MB fixed = 744MB
1790402533639 [admit-oom] VRAM defer: 33 active, effective free 1911MB (driver + 529MB pool-cached) < cost 744MB + reserve 1611MB — queueing (FIFO) [pool res 18522MB used 17993MB; parked spec sessions 0; plain reuse 0; queue 10]
1790402533639 [admit-mem] id=chatcmpl-cc17dde2108908ee82e9599354f373a2 model="q9" verdict=refuse prompt=1334 output_bound=- charged_ctx=9590 est_bytes=2354920312 est_context=142392320 est_fixed=2212527992 device_free=1911241676 pending_prime=3904012288 pending_seed=1024536576 host_free=0 demotable=0 short_by=443678636 inflight=33 cap=64 waited_ms=9702 retry_after_s=44
1790402533639 [admission] request cost: model="q9" ctx=9588 path=plain = 14848 B/token x ctx + 480MB prefill-workspace + 121MB fixed = 744MB
1790402533639 [admit-oom] VRAM defer: 33 active, effective free 1911MB (driver + 529MB pool-cached) < cost 744MB + reserve 1611MB — queueing (FIFO) [pool res 18522MB used 17993MB; parked spec sessions 0; plain reuse 0; queue 9]
1790402533639 [admit-mem] id=chatcmpl-f5c8cbc9f1c084bc28a1f7c69cb092a3 model="q9" verdict=refuse prompt=1332 output_bound=- charged_ctx=9588 est_bytes=2354169720 est_context=142362624 est_fixed=2211807096 device_free=1911241676 pending_prime=3904012288 pending_seed=1024536576 host_free=0 demotable=0 short_by=442928044 inflight=33 cap=64 waited_ms=9701 retry_after_s=44
1790402533639 [admission] request cost: model="q9" ctx=9587 path=plain = 14848 B/token x ctx + 480MB prefill-workspace + 121MB fixed = 743MB
1790402533639 [admit-oom] VRAM defer: 33 active, effective free 1911MB (driver + 529MB pool-cached) < cost 743MB + reserve 1611MB — queueing (FIFO) [pool res 18522MB used 17993MB; parked spec sessions 0; plain reuse 0; queue 8]
1790402533639 [admit-mem] id=chatcmpl-faf77eed05a74c169d31c525b8b8d791 model="q9" verdict=refuse prompt=1331 output_bound=- charged_ctx=9587 est_bytes=2353794424 est_context=142347776 est_fixed=2211446648 device_free=1911241676 pending_prime=3904012288 pending_seed=1024536576 host_free=0 demotable=0 short_by=442552748 inflight=33 cap=64 waited_ms=9700 retry_after_s=44
1790402533639 [admit-oom] VRAM defer: 33 active, effective free 1911MB (driver + 529MB pool-cached) < cost 743MB + reserve 1611MB — queueing (FIFO) [pool res 18522MB used 17993MB; parked spec sessions 0; plain reuse 0; queue 7]
1790402533639 [admit-mem] id=chatcmpl-1ea7e094da1f6efc6e5108707728a6b7 model="q9" verdict=refuse prompt=1331 output_bound=- charged_ctx=9587 est_bytes=2353794424 est_context=142347776 est_fixed=2211446648 device_free=1911241676 pending_prime=3904012288 pending_seed=1024536576 host_free=0 demotable=0 short_by=442552748 inflight=33 cap=64 waited_ms=9698 retry_after_s=44
1790402533639 [admission] request cost: model="q9" ctx=9589 path=plain = 14848 B/token x ctx + 480MB prefill-workspace + 121MB fixed = 744MB
1790402533640 [admit-oom] VRAM defer: 33 active, effective free 1911MB (driver + 529MB pool-cached) < cost 744MB + reserve 1611MB — queueing (FIFO) [pool res 18522MB used 17993MB; parked spec sessions 0; plain reuse 0; queue 6]
1790402533640 [admit-mem] id=chatcmpl-9b8fc21c63527e44ebb4f7c0c38098e0 model="q9" verdict=refuse prompt=1333 output_bound=- charged_ctx=9589 est_bytes=2354545016 est_context=142377472 est_fixed=2212167544 device_free=1911241676 pending_prime=3904012288 pending_seed=1024536576 host_free=0 demotable=0 short_by=443303340 inflight=33 cap=64 waited_ms=9697 retry_after_s=44
1790402533640 [admission] request cost: model="q9" ctx=9591 path=plain = 14848 B/token x ctx + 481MB prefill-workspace + 121MB fixed = 745MB
1790402533640 [admit-oom] VRAM defer: 33 active, effective free 1911MB (driver + 529MB pool-cached) < cost 745MB + reserve 1611MB — queueing (FIFO) [pool res 18522MB used 17993MB; parked spec sessions 0; plain reuse 0; queue 5]
1790402533640 [admit-mem] id=chatcmpl-5ceb08e755acdc18133607a93caba322 model="q9" verdict=refuse prompt=1335 output_bound=- charged_ctx=9591 est_bytes=2355295608 est_context=142407168 est_fixed=2212888440 device_free=1911241676 pending_prime=3904012288 pending_seed=1024536576 host_free=0 demotable=0 short_by=444053932 inflight=33 cap=64 waited_ms=9696 retry_after_s=44
1790402533640 [admission] request cost: model="q9" ctx=9587 path=plain = 14848 B/token x ctx + 480MB prefill-workspace + 121MB fixed = 743MB
1790402533640 [admit-oom] VRAM defer: 33 active, effective free 1911MB (driver + 529MB pool-cached) < cost 743MB + reserve 1611MB — queueing (FIFO) [pool res 18522MB used 17993MB; parked spec sessions 0; plain reuse 0; queue 4]
1790402533640 [admit-mem] id=chatcmpl-d49d8a04c63fa5ea1686ab51349e43b6 model="q9" verdict=refuse prompt=1331 output_bound=- charged_ctx=9587 est_bytes=2353794424 est_context=142347776 est_fixed=2211446648 device_free=1911241676 pending_prime=3904012288 pending_seed=1024536576 host_free=0 demotable=0 short_by=442552748 inflight=33 cap=64 waited_ms=9694 retry_after_s=44
1790402533640 [admission] request cost: model="q9" ctx=9593 path=plain = 14848 B/token x ctx + 482MB prefill-workspace + 121MB fixed = 745MB
1790402533640 [admit-oom] VRAM defer: 33 active, effective free 1911MB (driver + 529MB pool-cached) < cost 745MB + reserve 1611MB — queueing (FIFO) [pool res 18522MB used 17993MB; parked spec sessions 0; plain reuse 0; queue 3]
1790402533640 [admit-mem] id=chatcmpl-03838a1323749c90a48a42c497626164 model="q9" verdict=refuse prompt=1337 output_bound=- charged_ctx=9593 est_bytes=2356046200 est_context=142436864 est_fixed=2213609336 device_free=1911241676 pending_prime=3904012288 pending_seed=1024536576 host_free=0 demotable=0 short_by=444804524 inflight=33 cap=64 waited_ms=9693 retry_after_s=44
1790402533640 [admission] request cost: model="q9" ctx=9582 path=plain = 14848 B/token x ctx + 478MB prefill-workspace + 121MB fixed = 741MB
1790402533640 [admit-oom] VRAM defer: 33 active, effective free 1911MB (driver + 529MB pool-cached) < cost 741MB + reserve 1611MB — queueing (FIFO) [pool res 18522MB used 17993MB; parked spec sessions 0; plain reuse 0; queue 2]
1790402533640 [admit-mem] id=chatcmpl-754997112158e9a2fbb16fae73d802b6 model="q9" verdict=refuse prompt=1326 output_bound=- charged_ctx=9582 est_bytes=2351917944 est_context=142273536 est_fixed=2209644408 device_free=1911241676 pending_prime=3904012288 pending_seed=1024536576 host_free=0 demotable=0 short_by=440676268 inflight=33 cap=64 waited_ms=9692 retry_after_s=44
1790402533640 [admission] request cost: model="q9" ctx=9584 path=plain = 14848 B/token x ctx + 479MB prefill-workspace + 121MB fixed = 742MB
1790402533640 [admit-oom] VRAM defer: 33 active, effective free 1911MB (driver + 529MB pool-cached) < cost 742MB + reserve 1611MB — queueing (FIFO) [pool res 18522MB used 17993MB; parked spec sessions 0; plain reuse 0; queue 1]
1790402533640 [admit-mem] id=chatcmpl-bdab764c698f82fc6f36f13f133b5a5d model="q9" verdict=refuse prompt=1328 output_bound=- charged_ctx=9584 est_bytes=2352668536 est_context=142303232 est_fixed=2210365304 device_free=1911241676 pending_prime=3904012288 pending_seed=1024536576 host_free=0 demotable=0 short_by=441426860 inflight=33 cap=64 waited_ms=9690 retry_after_s=44
1790402533640 [admission] request cost: model="q9" ctx=9590 path=plain = 14848 B/token x ctx + 481MB prefill-workspace + 121MB fixed = 744MB
1790402533640 [admit-oom] VRAM defer: 33 active, effective free 1911MB (driver + 529MB pool-cached) < cost 744MB + reserve 1611MB — queueing (FIFO) [pool res 18522MB used 17993MB; parked spec sessions 0; plain reuse 0; queue 0]
1790402533640 [admit-mem] id=chatcmpl-672f8ededfba49482d1eaaf8f3b86fdf model="q9" verdict=refuse prompt=1334 output_bound=- charged_ctx=9590 est_bytes=2354920312 est_context=142392320 est_fixed=2212527992 device_free=1911241676 pending_prime=3904012288 pending_seed=1024536576 host_free=0 demotable=0 short_by=443678636 inflight=33 cap=64 waited_ms=9689 retry_after_s=44
1790402533749 [prime-batch] B=6 tokens=150 carried=6 partial=0 in 109.3ms
1790402533839 [prime-batch] B=6 tokens=124 carried=6 partial=0 in 89.7ms
1790402533918 [prime-batch] B=5 tokens=94 carried=5 partial=0 in 79.0ms
1790402534028 [prefix-cache] insert (lcp-split): 1312 tokens, 72.2MB (resident 72.2MB / 2052MB, model q9)
1790402534147 [prefix-cache] insert (lcp-split): 1312 tokens, 72.2MB (resident 144.3MB / 2052MB, model q9)
1790402534261 [prefix-cache] insert (lcp-split): 1312 tokens, 72.2MB (resident 216.5MB / 2052MB, model q9)
1790402534373 [prefix-cache] insert (lcp-split): 1312 tokens, 72.2MB (resident 288.7MB / 2052MB, model q9)
1790402534483 [prefix-cache] insert (lcp-split): 1312 tokens, 72.2MB (resident 360.9MB / 2052MB, model q9)
1790402534598 [prefix-cache] insert (lcp-split): 1312 tokens, 72.2MB (resident 433.0MB / 2052MB, model q9)
1790402534713 [prefix-cache] insert (lcp-split): 1312 tokens, 72.2MB (resident 505.2MB / 2052MB, model q9)
1790402534794 [prefix-cache] insert (lcp-split): 1280 tokens, 71.7MB (resident 576.9MB / 2052MB, model q9)
1790402536712 [prime-batch] B=6 tokens=127 carried=6 partial=0 in 97.3ms
1790402536767 [prime-batch] B=2 tokens=67 carried=2 partial=0 in 55.3ms
1790402536871 [prefix-cache] insert (lcp-split): 1312 tokens, 72.2MB (resident 649.1MB / 2052MB, model q9)
1790402536984 [prefix-cache] insert (lcp-split): 1312 tokens, 72.2MB (resident 721.2MB / 2052MB, model q9)
1790402537098 [prefix-cache] insert (lcp-split): 1312 tokens, 72.2MB (resident 793.4MB / 2052MB, model q9)
1790402537212 [prefix-cache] insert (lcp-split): 1312 tokens, 72.2MB (resident 865.6MB / 2052MB, model q9)
1790402537324 [prefix-cache] insert (lcp-split): 1312 tokens, 72.2MB (resident 937.8MB / 2052MB, model q9)
1790402537437 [prefix-cache] insert (lcp-split): 1312 tokens, 72.2MB (resident 1009.9MB / 2052MB, model q9)
1790402537616 [prime-batch] B=6 tokens=125 carried=6 partial=0 in 104.6ms
1790402606092 [fa-pool] grow #4 dev=0 o_len 2129920 -> 4259840 ml_len 8320 -> 16640 (retired kept, zero=false)
1790402814544 [fa-pool] grow #5 dev=0 o_len 4259840 -> 8519680 ml_len 16640 -> 33280 (retired kept, zero=false)
1790403031156 [server] SIGTERM: draining (0 in flight, deadline 30s)
1790403031156 [server] drain complete in 0.0s; exiting
1790403031217 [server] GPU worker shutdown complete
