13
279
198
11
220
25
262
264
321
348
256
314
271
2972
64700
310
369
16
17
561
471
328
18
303
364
20
421
1156
19
318
579
8340
90700
466
513
15
353
440
381
12
21
628
449
1965
424
8
430
62366
383
1
357
1103
487
1622
553
38256
4087
2014
6587
53983
283
1220
2708
883
1049
248069
61446
5952
22
285
30
539
668
760
286
11316
1928
248046
494
1149
9859
9988
537
24
836
1680
2891
36189
524
1817
51595
1330
3437
1328
1429
12650
23
76800
3296
3300
3158
1141
87
682
777
795
1236
4105
1061
557
1386
3010
48401
25568
599
1881
27382
61
864
1144
11233
2250
8160
958
7328
82
4649
781
1204
28320
1083
6618
14791
5141
488
5764
19208
478
694
6498
685
866
1754
6065
35
854
1608
79091
1438
28924
64821
1902
72785
3299
2468
14
975
1324
51
728
3992
3999
678
2583
14377
1379
4831
15673
10
393
2830
2982
6337
11767
14606
25562
491
799
23544
1599
4097
12995
506
25790
411
1048
1056
1603
3487
4109
11177
709
748
1510
2393
3874
7047
36953
2086
2193
8984
660
29329
852
8167
40
914
1332
1822
7044
1092
1118
1345
1785
4047
35924
374
3418
5269
18053
1208
1340
1791
2919
3050
5255
588
803
3471
830
944
1070
1503
9468
869
3387
3274
11488
31708
38663
53
8053
22238
567
4091
4499
7193
22868
1362
1534
1834
4992
42794
62879
413
1010
2617
2894
5629
8806
635
878
1040
1423
1473
1496
2487
2574
5463
5813
68
2532
9057
4945
10335
58737
32
365
472
913
1017
1575
1918
2984
3255
5272
5790
9357
9666
951
1257
2500
2599
3172
3925
6134
1746
2945
5253
5759
6599
8282
9522
24385
1560
1879
4947
6572
7123
10840
235840
1004
1366
2121
4980
9630
10104
17355
18936
20495
1472
1528
2222
3428
9140
12287
34167
1000
1786
3766
21870
43850
1304
2144
3018
3611
3750
5261
10631
88
716
1189
3254
3268
3561
4145
4257
4346
5533
6165
7042
7276
7285
76
3154
3377
3470
3521
9989
18770
1132
1439
2531
3812
6157
7170
7698
16629
653
888
1576
2107
2695
3443
15754
290
337
821
874
1459
2046
2315
3567
4952
5484
6435
7831
11782
64
733
3019
3061
3779
5337
8233
11470
15352
36974
1179
1829
1831
2302
2730
5307
8098
9338
17077
17943
21459
9
50
292
594
681
763
1024
1441
2528
3057
3516
6707
7059
7063
9038
10033
18046
20837
269
443
470
638
814
978
1368
1814
1906
1970
2803
3648
4275
4424
6376
6558
9541
20139
63074
780
1898
1973
2450
2493
2521
3039
3102
3435
3594
4042
4864
5529
5711
9237
10462
19892
21134
469
1088
1954
2074
2716
2902
3240
3286
4184
5224
5396
5656
6105
6863
9403
10222
10744
11687
14037
29602
7
38
351
426
523
1484
1602
1880
2199
2255
2526
3069
3364
3658
3679
4188
4216
5077
5437
5469
5548
6310
6745
8615
9085
10856
14400
19820
57647
63
344
391
1801
2445
2577
2943
3478
4213
4437
6044
6093
6150
7736
10895
11461
13016
18240
24517
46018
47690
1105
1160
1248
1590
1852
3302
3349
3433
3712
3725
5048
5081
5090
6185
7361
8288
9605
12996
21513
68490
68507
73182
735
961
1428
1690
1788
1792
2100
2397
2478
2663
2895
3238
3311
3436
3749
3790
3983
4610
4634
4802
4906
5614
6031
8242
8540
9266
10903
12761
13177
22157
23120
40367
49283
593
948
1414
1647
1654
1669
2313
3741
3827
4081
4752
5392
5435
5587
5972
6163
7792
7860
7916
8578
9387
9640
9944
11290
12052
16138
16916
17191
23978
49800
3
387
569
1151
1406
1558
1946
2015
2519
3000
3542
4021
4203
4237
4310
5243
5524
5954
6520
6611
7244
7529
9492
11153
11190
11247
11754
12207
19417
68868
46
496
831
1500
2007
2020
2022
2253
2414
3117
3401
3704
4252
4400
4534
4602
4635
5273
5713
6047
6463
6797
7141
7253
10125
11321
11580
12576
14960
17410
17927
24508
27662
272
295
362
1067
1216
1318
1697
1761
1925
2002
2236
2279
2542
3177
3672
4374
5134
8204
8439
8981
10724
10919
15666
18255
23024
24985
27632
28758
34163
41272
0
291
436
460
1060
1637
2299
3008
3046
3165
3354
3370
3578
3602
3603
3665
4016
4204
4565
4994
5357
5365
5426
5493
5684
6040
6043
6088
6979
7009
7129
8627
9664
10752
12588
15015
29249
30246
87941
188912
34
287
293
326
520
623
624
998
1044
1052
1698
1809
2094
2624
2904
2980
3520
4221
4475
4574
4950
5245
6017
6511
6739
7258
7397
9183
11396
11532
11991
12313
13909
14542
15448
16661
16935
17408
17686
27416
36835
70853
82455
89
280
1165
1287
1292
1294
1303
1740
1765
1781
1870
2172
2407
2614
2649
2923
3619
3833
4055
4138
4356
4749
4757
4839
5689
5774
5946
6321
6380
6669
7139
7984
7995
8046
8322
8964
9682
10229
10813
10814
11995
12515
13671
13901
16155
16308
19241
22048
22527
26535
38057
6
47
274
462
680
708
809
1066
1122
1227
1301
1387
1396
1521
1562
1732
1828
1987
2064
2261
2647
2838
2854
3074
3162
3579
3710
3889
4131
4496
4725
4829
5415
5471
5492
5975
6007
6386
6741
6775
7101
7143
7145
7892
7936
8169
8214
9032
9039
9611
11182
11183
11939
12278
13383
13750
13861
14728
17200
17683
18659
19214
20983
28253
32956
35312
35790
43837
58387
60
324
359
427
551
791
1381
1577
1724
1876
2297
2316
2724
2748
2791
3178
4219
4299
4965
5096
5562
5757
5894
5983
6743
7975
8024
8306
8346
10597
13094
14951
16078
16933
17058
21634
22544
23104
23307
24024
29144
47801
59820
59995
39
91
375
401
458
702
886
909
974
1238
1245
1286
1420
1452
1536
2091
2224
2767
2785
2915
3269
3270
3447
3719
3972
4098
4599
4694
4998
5101
5411
5515
5805
5904
6132
6725
7056
7179
7552
7785
8252
8597
8687
8831
9375
9673
10029
10300
10305
10521
10869
11960
12141
12503
12570
12573
12904
13273
14053
15156
15361
15495
15752
17775
18413
19292
19342
19434
21221
23470
24556
25144
31423
33470
33763
38622
39087
44798
62704
71093
82552
84142
49
90
92
261
263
309
416
417
745
1288
1432
1467
1478
1546
1578
1719
1865
2099
2119
2325
2400
2632
2725
2936
2981
3294
3759
3808
4101
4125
4357
4627
4642
4779
5514
5839
5951
6000
6074
6557
6635
6970
7776
7830
8343
8613
10207
10413
10695
11228
11592
12041
12228
12654
13441
13726
14611
14737
14763
15089
16067
17163
17249
17257
18169
19107
19274
20586
21131
24624
25111
27355
28835
31108
31819
32757
41779
46250
50402
53238
67550
71105
76802
26
33
43
44
266
273
281
329
346
378
850
942
995
1172
1394
1465
1518
1727
2081
2357
2438
2466
2598
2605
2790
2824
3095
3133
3140
3258
3627
4031
4643
4736
4843
4891
4918
4935
5122
5176
5434
5576
5640
5821
5888
6112
6140
6141
6278
6497
6734
6875
6925
6946
7225
7465
7478
7737
7948
8008
8427
8495
8799
9392
9400
9475
9690
9791
10121
10124
10482
10736
10793
11313
11840
12293
13228
14334
14588
14870
15019
15050
15284
16100
16657
16725
17310
17313
17415
17793
18453
18641
19458
23086
25644
26846
29069
30057
30143
30705
30918
32483
35697
40808
47353
52300
52647
58848
82210
86491
94762
36
62
71
305
307
380
384
586
592
1325
1393
1489
1657
1675
1772
1844
2192
2426
2488
2496
2497
2534
2688
2691
2814
2956
3166
3202
4196
4199
4222
4440
4464
4562
4570
5129
5154
5158
5222
5265
5368
5728
5753
5843
5891
5922
6037
6197
6326
6355
6365
6436
6747
6823
6973
7022
7233
7262
7336
7359
7786
7896
7923
8021
8396
9054
9077
9166
10054
10583
10910
11140
11926
12317
12960
12965
13057
13224
13529
13565
14382
14845
14849
15771
16315
16484
16983
17020
17367
17558
17933
18369
18459
18833
18957
20438
20454
20623
22373
23009
23043
24115
24959
26148
29288
30876
31005
31170
31676
31838
33214
36741
37975
39210
51735
52237
56172
57695
65826
72860
73201
76591
37
55
69
70
79
83
492
498
528
1007
1021
1035
1146
1228
1455
1618
1716
1910
2018
2058
2201
2342
2361
2373
2433
2444
2715
2812
2973
3049
3110
3394
3565
3569
4009
4139
4191
4489
4557
4566
4619
4688
4771
4849
5073
5167
5171
5214
5313
5353
5964
5981
6127
6187
6195
6196
6420
6430
6868
7028
7410
7620
7853
7968
8397
8418
8524
8796
9045
9432
9613
9637
9826
9856
9870
10151
10391
10452
11543
12103
12465
12622
12805
13173
13262
13263
13696
13759
14058
14223
14833
15205
15227
15746
16666
17517
17864
18139
18546
19014
19576
20730
21004
21716
21846
22525
23897
24460
26578
26783
27647
27653
28097
28803
29223
37073
38823
39332
39676
41170
44026
46311
49422
49532
50163
51973
57208
59518
63040
71366
89150
89799
93295
65
259
300
319
327
423
615
647
687
805
826
902
997
1121
1218
1289
1313
1442
1483
1683
1905
1980
2047
2070
2166
2243
2469
2610
2645
2756
2774
2965
3022
3047
3130
3160
3529
3575
3616
3638
3809
3982
3988
4052
4078
4155
4162
4523
4593
4706
4874
4924
4927
5020
5138
5257
5281
5289
5306
5331
5416
5601
5638
5802
5819
5879
6070
6135
6236
6265
6306
6331
6345
6396
6459
6529
7071
7099
7246
7428
7655
8071
8220
8364
8455
8516
8618
8842
8871
9086
9419
9599
9738
9786
9896
10163
10189
10278
11106
11258
11453
11751
11810
12050
12178
12387
12485
12490
13245
13358
13698
13822
14090
14103
14198
14362
14533
14609
14645
14665
15005
15530
15822
16198
16382
16976
16993
17102
17676
17754
17845
18516
18830
18878
19223
19530
20271
20829
20858
21397
22521
22537
22763
22817
22903
22924
23698
25201
25559
26382
26599
26847
26897
27978
28552
28620
29551
30394
30523
30805
31687
31776
31784
35341
35452
36846
41979
42374
47193
49614
49665
51028
51067
51301
53253
58235
59275
59433
59761
64644
66401
67100
67137
76980
81232
83803
93450
93590
159029
77
86
277
289
315
323
448
456
533
662
793
804
816
839
882
1008
1042
1142
1188
1298
1375
1526
1544
1606
1623
1667
1679
1691
1774
2053
2234
2376
2420
2425
2693
2702
2858
2878
3034
3053
3072
3185
3199
3221
3242
3301
3309
3460
3462
3543
3558
3714
3813
3896
3905
3977
4007
4022
4434
4816
4886
4888
4936
4939
5055
5319
5335
5339
5354
5440
5442
5559
5589
5611
5639
5706
5787
5792
5838
5893
6028
6056
6107
6170
6255
6353
6535
6605
6697
6757
6765
6821
6851
6866
7035
7308
7463
7489
7742
7808
7810
7993
8061
8211
8697
8771
8882
9018
9150
9158
9321
9402
9564
9575
9971
10155
10281
10377
10446
10471
10499
10551
10561
10616
10771
10806
10994
11036
11440
11712
11848
11969
12083
12261
12339
12419
12688
13017
13022
13343
13437
13595
13697
14392
14712
14773
15191
15203
15531
15589
16568
17431
17509
17610
17642
18483
18627
18717
18729
18842
19088
19200
19392
19421
19720
19927
20052
20608
21030
21542
23133
23419
23672
23856
23895
24679
25466
26034
26863
27570
29315
29667
29854
30700
31277
31579
31666
32407
36370
38684
40210
40289
40897
41564
41998
43325
43868
46362
47398
48157
52217
53031
54078
58439
65804
68211
83588
91459
4
45
54
81
84
265
275
334
349
350
499
505
640
657
710
778
806
824
884
919
1029
1104
1164
1587
1737
1798
2272
2424
2455
2573
2582
2612
2678
2737
2759
2784
2885
2942
2957
3063
3087
3098
3201
3213
3445
3511
3605
3626
3650
3671
3683
3777
3841
3882
4220
4230
4238
4246
4283
4477
4560
4707
4766
4774
4778
5024
5036
5182
5215
5286
5372
5534
5568
5707
5732
5862
5909
5976
5978
6045
6281
6505
6650
6672
6679
6704
6762
6804
6826
6829
6886
6966
7094
7172
7249
7271
7326
7497
7515
7521
7578
7595
7633
7796
7854
7867
7875
7905
7913
7919
7942
8153
8197
8294
8758
8785
8807
8856
8906
8949
9143
9284
9361
9422
9572
9922
10000
10166
10217
10236
10352
10435
10552
10633
10727
10790
11120
11125
11280
11301
11346
11352
11391
11416
11436
11587
11619
11778
12121
12140
12193
12401
12415
12425
12594
12945
13015
13395
13422
13600
13618
13660
13753
13852
13879
14169
14318
14527
14646
14731
14756
14780
14832
15016
15095
15127
15214
15262
15306
15308
15346
15380
15420
15698
16175
16278
16598
16710
17188
17629
17681
17724
17921
18115
18324
18556
18677
18839
18959
19039
19379
19730
20094
20162
20290
20329
20774
21119
21440
22408
22865
22873
23146
23770
24569
24790
24795
24832
25012
25812
26029
26252
26492
26785
26970
27271
27534
27687
27827
29350
29796
31546
31810
31971
33268
34343
34382
34463
35336
35426
36078
38540
39031
40213
40401
41040
42140
42242
42594
43587
45506
46234
47177
47958
48017
48113
49434
49464
51030
51184
52451
52652
54115
55570
55804
58013
59987
60771
61765
66290
68397
72546
75318
75382
76735
80201
82170
82427
82833
84203
90002
92187
92217
92926
159409
2
28
72
80
258
276
304
361
382
445
453
457
518
577
578
608
664
727
757
785
907
956
1068
1110
1171
1196
1206
1247
1331
1369
1384
1436
1506
1532
1743
1755
1782
1799
1861
1901
1942
2050
2270
2384
2388
2408
2512
2543
2579
2604
2832
2961
2993
3051
3094
3146
3156
3186
3272
3284
3322
3404
3422
3492
3738
3739
3753
3788
3875
4099
4121
4123
4171
4290
4331
4364
4410
4473
4478
4514
4519
4528
4552
4598
4664
4776
4797
4860
4923
4964
5130
5303
5352
5373
5384
5388
5398
5407
5598
5600
5617
5634
5662
5672
5734
5789
5817
5827
5902
5918
5926
5941
6092
6121
6228
6414
6639
6962
6989
7151
7338
7459
7539
7556
7566
7569
7884
7998
8254
8323
8358
8394
8457
8640
8693
8917
8940
9108
9163
9201
9704
9812
9871
10016
10031
10105
10286
10297
10458
10480
10782
10810
10829
10849
10872
10924
10937
11012
11107
11121
11285
11456
11680
11750
11815
11893
11902
11946
11947
11952
11992
12001
12025
12077
12263
12282
12305
12347
12521
12668
12682
12804
12846
12891
12908
12929
12951
13095
13179
13229
13412
13792
13873
13900
13976
14095
14124
14287
14294
14388
14512
14541
14730
14853
15048
15164
15271
15463
15515
15751
15977
16143
16491
16520
16561
16879
16981
17120
17208
17326
17387
17407
17802
18016
18021
18091
18358
18527
18553
18840
18933
18978
18992
19169
19182
19196
19345
19574
19889
20098
20117
20122
20332
20403
20645
20654
20915
21207
21460
21762
21896
21988
22049
22204
22284
22371
22445
22460
22486
22882
23158
23194
23223
23298
23398
23873
24189
24319
24469
24500
24681
24725
25075
25212
25661
25729
25899
26074
26119
26228
26857
27016
27212
27295
27367
27396
28193
28692
28763
28896
28971
29310
29539
30587
30761
31009
31137
31192
31681
31966
32251
32726
32879
32960
33027
33404
33761
33770
34340
34904
36089
36459
36641
37064
37274
37306
37838
39107
39274
39615
40630
41359
41453
41643
42120
42195
42360
43034
43143
43192
44400
45366
47318
47334
47425
47612
48161
48485
49265
50003
50702
51672
51924
52039
52145
52635
53847
54627
54709
56028
56892
59036
62051
62861
66133
66505
68421
70987
71082
71265
71540
71626
76788
78743
79038
80205
80498
83255
84537
89506
213159
66
67
294
313
322
331
338
352
366
370
377
386
425
428
477
595
617
627
639
648
674
686
704
782
880
908
985
994
1124
1138
1235
1356
1378
1380
1409
1461
1477
1541
1542
1543
1597
1615
1703
1723
1777
1821
1832
1836
1845
1846
1957
1990
2216
2324
2569
2590
2600
2631
2699
2871
2968
3070
3125
3150
3491
3554
3591
3593
3692
3744
3755
3838
3839
3840
3851
3870
3878
3886
3921
3955
3984
3994
4044
4092
4292
4393
4415
4508
4689
4722
4821
4880
4931
4948
4962
5038
5072
5097
5165
5194
5260
5262
5297
5338
5467
5487
5561
5572
5605
5647
5716
5823
5956
5971
6051
6309
6416
6561
6568
6583
6600
6625
6681
6714
6758
6824
6891
6977
7019
7091
7106
7247
7304
7441
7472
7500
7502
7514
7543
7561
7576
7583
7593
7622
7674
7695
7722
7763
7825
7832
7849
7869
7915
7920
7977
8059
8106
8120
8198
8222
8275
8371
8389
8405
8535
8602
8649
8739
8751
8833
8869
8944
8977
9023
9084
9412
9469
9476
9626
9662
9845
9865
10042
10078
10175
10193
10259
10287
10432
10457
10530
10601
10842
11041
11051
11064
11088
11100
11166
11304
11332
11435
11447
11633
11717
11747
11770
11808
11920
11944
12024
12048
12215
12346
12348
12383
12511
12638
12639
12642
12665
12723
12795
12883
13159
13188
13312
13325
13427
13455
13505
13518
13550
13589
13799
13805
13895
14047
14120
14130
14190
14250
14367
14393
14493
14704
14830
14898
14938
15209
15251
15513
15554
15732
15739
15803
15979
16050
16099
16232
16784
16883
16974
17234
17235
17264
17290
17465
17482
17661
17669
17789
17898
18204
18237
18329
18675
18687
18909
18915
19053
19427
19643
19710
19781
19883
20025
20079
20245
20335
20347
20500
20513
20629
20699
20762
21156
21261
21360
21408
21539
21680
21683
22005
22292
22349
22461
22770
22947
23032
23050
23107
23177
23197
24057
24062
24126
24209
24529
24717
24972
25133
25162
25306
25456
25605
25620
26353
26747
27256
27549
28079
28299
28412
28465
28476
28750
29104
29246
29404
29541
29730
30112
30241
30701
30729
31304
31460
31567
31647
31868
31879
31883
31952
32043
32336
32420
32698
33036
33068
33419
33465
33536
34217
34256
34317
34579
34613
34728
34780
35504
35530
35725
36084
36247
36478
36545
36655
37831
38321
38671
38753
38915
38989
39155
39664
40014
40605
40720
41100
41228
41590
42187
42498
43036
43311
43776
44067
45247
45714
45774
47503
48030
48526
49018
49041
49993
50209
50500
50717
51151
51553
51868
53218
53916
54625
55037
55383
55762
56014
56127
56546
56994
58135
59229
60292
60387
60585
61505
61580
62613
63853
64317
65016
65069
67260
67717
67815
68643
70857
71163
72560
73855
74472
76879
76925
77989
79214
79503
80652
80726
80804
80832
81141
81578
83128
83521
83783
83901
85966
87214
88557
89752
90410
91188
170286
190746
227180
236802
29
42
74
75
284
299
312
325
332
333
335
340
345
367
388
415
429
446
450
468
500
501
536
540
565
570
614
654
658
829
835
863
887
912
1012
1016
1080
1100
1133
1158
1224
1262
1323
1395
1411
1412
1440
1605
1631
1705
1715
1752
1803
1815
1860
1888
2006
2032
2088
2154
2191
2197
2213
2286
2290
2295
2305
2321
2337
2394
2418
2432
2482
2503
2545
2562
2595
2659
2660
2707
2734
2876
2899
2908
2921
2963
2974
2985
3001
3054
3108
3144
3175
3232
3234
3250
3257
3289
3421
3495
3522
3555
3583
3609
3615
3618
3663
3726
3733
3769
3847
3855
3856
3980
3990
4034
4060
4128
4147
4156
4170
4232
4276
4307
4314
4370
4483
4487
4501
4517
4554
4559
4581
4661
4837
4845
4855
4858
4859
4862
4972
4990
5142
5219
5299
5304
5316
5342
5402
5466
5522
5546
5615
5758
5812
5820
5919
5936
5947
6077
6103
6149
6179
6183
6224
6311
6316
6327
6429
6534
6545
6563
6570
6588
6646
6651
6694
6712
6808
6912
6922
6943
6945
6948
7029
7062
7112
7167
7186
7189
7277
7289
7309
7370
7419
7431
7435
7468
7516
7574
7575
7588
7604
7658
7661
7701
7730
7734
7745
7784
7873
7911
7943
7967
8009
8041
8105
8187
8332
8379
8381
8434
8448
8620
8814
8815
8866
8872
8885
8889
8983
8995
9011
9016
9095
9117
9135
9191
9209
9228
9238
9272
9297
9370
9561
9574
9602
9665
9671
9775
9777
9807
9844
9872
9893
9908
9938
10018
10045
10140
10220
10233
10263
10308
10342
10378
10380
10382
10498
10512
10629
10646
10679
10723
10728
10732
10756
10804
10951
11039
11040
11144
11171
11256
11341
11343
11415
11494
11574
11576
11600
11653
11756
11801
11822
11894
12021
12091
12131
12155
12258
12283
12307
12363
12405
12427
12439
12456
12507
12529
12544
12641
12646
12680
12772
12850
12930
13024
13041
13091
13139
13278
13305
13346
13523
13557
13579
13609
13758
13866
13928
13996
14185
14235
14419
14457
14488
14496
14647
14760
14834
14991
15041
15174
15228
15285
15440
15633
15663
15664
15694
15749
15788
15796
15849
15879
15917
16091
16118
16153
16224
16327
16577
16594
16609
16617
16698
16753
16818
16850
16876
16888
16922
17113
17363
17865
17942
18005
18082
18143
18213
18304
18352
18486
18569
18607
18632
18698
18980
18995
19007
19108
19549
19573
19592
19649
19717
19821
19841
19858
20002
20193
20212
20226
20386
20412
20434
20568
20736
20821
20876
21116
21234
21345
21365
21546
21585
21767
21801
21972
22175
22425
22434
22449
22557
22602
22651
22663
22767
22815
22839
22997
23122
23280
23302
23327
23443
23608
24014
24228
24350
24366
24463
24537
24656
24734
24891
25206
25344
25407
25472
25476
25914
25986
26026
26389
26487
26565
26734
26820
26969
27204
27924
27987
27989
28043
28053
28256
28346
28377
28425
28904
29199
29216
29382
29436
29496
29639
30027
30076
30118
30146
30223
30260
30488
30687
30762
30825
31131
31155
31602
31625
31634
31688
31805
32110
32376
32833
32973
33037
33094
33166
33657
33724
33750
33867
34407
34774
34955
34968
35358
35422
35488
35495
35764
36207
36352
36678
37019
37241
37266
37276
37428
37589
37603
37612
37922
38145
38175
38182
38195
38257
38406
38482
38493
39492
40135
40157
40473
40485
40547
41019
41139
41235
41714
41735
42349
42518
42774
42930
43038
43254
43828
44279
44399
44669
44723
44878
44896
45258
45555
45669
45783
46193
47252
47384
47699
47770
47915
48130
48144
48159
48233
48590
48667
48939
48947
49453
49537
49573
49986
50804
51123
51345
51393
51852
52459
53083
53228
53456
53655
54351
54417
54826
55358
56239
56416
56606
57233
58098
59015
59493
59505
59576
60889
60915
61021
61306
62075
62089
63352
63638
63682
64041
64046
64329
64799
65001
65611
65967
66344
66360
66413
66660
66900
67266
67360
67481
71895
72364
73233
73819
74207
75414
75656
77804
77861
78235
78597
78768
79469
80086
80126
80231
80520
81288
81748
82799
82901
83579
83698
84073
84540
84881
85346
86520
86713
86951
87395
88989
90824
90838
92572
93509
93772
95156
95384
174746
196323
206103
243667
41
234
302
306
308
360
379
403
414
451
461
504
517
526
538
563
581
585
604
607
629
632
667
722
743
769
893
896
897
916
917
968
986
1002
1072
1076
1084
1098
1112
1152
1197
1234
1300
1326
1364
1374
1430
1445
1674
1692
1695
1783
1848
1856
1891
1921
1966
1982
1988
2028
2033
2075
2083
2136
2195
2210
2233
2247
2274
2303
2330
2341
2356
2483
2544
2552
2570
2581
2586
2609
2638
2665
2677
2696
2732
2763
2806
2844
2856
2861
2882
2905
2939
3038
3062
3105
3134
3193
3194
3197
3200
3212
3222
3297
3315
3390
3397
3410
3425
3446
3455
3482
3498
3566
3568
3608
3691
3723
3727
3736
3743
3761
3780
3803
3891
3914
3979
4018
4026
4028
4035
4041
4065
4072
4082
4089
4183
4229
4236
4254
4261
4302
4425
4558
4590
4623
4670
4687
4754
4786
4808
4868
4879
4897
4963
5001
5002
5028
5057
5252
5312
5324
5346
5347
5364
5395
5447
5448
5462
5570
5621
5698
5701
5788
5829
5887
5961
6071
6078
6086
6117
6136
6139
6151
6171
6213
6338
6340
6415
6440
6443
6464
6486
6512
6526
6528
6562
6632
6658
6676
6749
6755
6805
6809
6830
6844
6865
6873
6906
6953
6985
6987
7085
7110
7128
7166
7168
7169
7188
7239
7318
7339
7346
7372
7436
7467
7594
7606
7659
7696
7697
7711
7739
7752
7773
7787
7840
7857
7890
7944
8091
8121
8151
8177
8290
8311
8367
8402
8461
8483
8486
8505
8526
8545
8563
8586
8598
8604
8660
8684
8720
8729
8736
8772
8779
8791
8800
8809
8839
8851
8862
8916
8920
8938
8972
8976
8996
9019
9050
9114
9212
9241
9257
9268
9283
9358
9416
9452
9483
9495
9524
9592
9598
9659
9670
9687
9721
9764
9834
9861
9868
9883
9915
9939
9963
9990
10015
10079
10088
10106
10118
10202
10242
10254
10264
10327
10331
10345
10351
10388
10393
10407
10419
10454
10490
10503
10548
10592
10632
10643
10650
10675
10751
10765
10770
10774
10776
10781
10789
10845
10923
10966
10993
11023
11044
11078
11116
11129
11145
11155
11156
11165
11206
11227
11248
11296
11298
11322
11347
11395
11419
11426
11438
11550
11573
11629
11639
11656
11658
11690
11746
11776
11791
11846
11857
11892
12015
12046
12098
12125
12134
12148
12205
12266
12269
12281
12335
12386
12410
12517
12523
12554
12586
12683
12760
12865
12872
13043
13044
13101
13138
13266
13338
13376
13459
13475
13480
13540
13543
13674
13717
13742
13818
13846
13893
13902
13926
13944
13977
13988
13989
14020
14038
14115
14170
14177
14209
14230
14260
14293
14314
14387
14534
14713
14733
14739
14807
14855
14857
14884
14890
14931
14955
15025
15192
15202
15297
15322
15363
15491
15551
15566
15676
15683
15797
15808
15840
15855
15896
15944
15988
16002
16012
16020
16066
16070
16121
16402
16519
16586
16641
16673
16706
16713
16720
16721
16724
16735
16743
16760
16762
16845
17005
17157
17177
17190
17204
17299
17305
17346
17425
17439
17443
17480
17485
17498
17501
17591
17658
17723
17758
17759
17833
17869
17954
17955
18001
18009
18049
18075
18090
18095
18163
18209
18252
18278
18476
18554
18684
18722
18738
18782
18845
18991
19041
19101
19150
19248
19357
19409
19435
19484
19505
19535
19548
19565
19633
19976
19984
20074
20129
20158
20165
20424
20459
20569
20625
20637
20667
20678
20783
20817
20843
20905
20930
21066
21132
21192
21197
21219
21281
21312
21370
21449
21655
21707
21838
21844
21857
21892
22162
22185
22351
22583
22649
22687
22741
22842
22892
22900
22952
22957
23065
23134
23136
23211
23245
23312
23325
23351
23414
23585
23620
23641
23665
23702
23723
23926
24023
24284
24296
24481
24546
24577
24792
24837
24912
25108
25198
25329
25411
25471
25618
25678
25699
25794
25869
25971
26006
26053
26099
26208
26310
26320
26448
26644
26832
27123
27163
27230
27345
27649
27676
27768
27798
27858
27882
28007
28012
28068
28142
28184
28206
28227
28304
28314
28495
28520
28560
28754
28811
28868
28991
29000
29113
29238
29270
29385
29437
29449
29564
29607
29634
29680
29739
29831
29961
30287
30333
30363
30367
30389
30619
30745
30818
30820
30894
30931
30999
31075
31135
31209
31230
31248
31350
31660
31719
31730
31959
32040
32062
32097
32119
32120
32131
32275
32512
32559
32570
32585
32653
32709
32755
32894
32921
32986
33055
33120
33171
33448
33572
33640
33655
33692
33745
33791
33828
33924
33955
33956
34019
34101
34303
34480
34617
34626
34699
34873
34912
35059
35091
35228
35547
35621
35642
35932
35968
36092
36129
36193
36381
36491
36515
36541
36602
36881
37087
37136
37149
37157
37357
37471
37508
37550
37632
37681
37728
37903
37947
38050
38055
38083
38093
38107
38897
38952
38962
39173
39465
39834
39836
39858
39859
39894
39943
40283
40408
40768
40961
41260
41545
41867
41954
42102
42397
42847
42884
42900
43132
43289
43400
43643
43649
43943
44208
44265
44579
45031
45318
45345
45356
45823
45956
46064
46127
46328
46448
46763
46962
46963
46973
47110
47438
47788
47863
47916
47941
48150
48262
48772
48950
49710
50217
50438
50499
50565
50786
51154
51218
51690
51727
51747
52001
52231
52267
52516
52850
53090
53204
53282
53317
53702
53772
54060
54211
54406
54683
55157
55432
55447
55712
56074
56096
56391
56437
56458
56460
56679
56727
57190
58455
59176
59227
59317
59352
59469
59712
59724
59815
59934
60081
60120
60173
60196
60724
60783
61662
61665
61981
62191
62834
63179
63204
63473
65284
65318
65416
65469
65487
65565
66248
66326
66356
66446
66922
66938
66944
67180
68163
68217
68230
68647
69075
69219
69252
69628
69716
69911
70052
70209
70342
70554
70558
70561
71116
71516
71550
72240
72370
73439
73681
73834
73936
74127
74206
74505
74926
75035
75380
75502
75566
75695
75743
75749
76111
76214
76586
77813
77892
78145
78580
79280
79364
79386
80646
81088
81235
81412
81433
81476
82191
83197
83545
83686
83760
83839
84129
84318
84595
84776
84945
85377
85658
86979
88019
88276
88353
88559
88997
89391
90008
90212
90310
90433
90508
90540
90982
91303
91726
92728
93008
93068
93424
94549
95200
95596
167479
171812
173791
192660
193424
197978
220838
226985
237343
237396
238809
31
57
59
85
270
278
296
298
311
316
330
343
347
372
394
431
433
437
442
447
455
463
467
474
532
549
558
573
575
576
580
589
606
626
631
634
655
663
772
773
779
783
786
802
848
851
859
871
898
901
906
925
930
952
957
992
993
1019
1023
1026
1030
1037
1046
1055
1058
1073
1075
1081
1082
1089
1094
1106
1115
1145
1148
1162
1181
1187
1198
1199
1214
1273
1278
1283
1302
1320
1353
1355
1367
1371
1402
1421
1435
1447
1458
1470
1474
1495
1513
1552
1557
1559
1582
1586
1630
1633
1660
1673
1676
1706
1745
1796
1807
1847
1866
1994
1996
2001
2019
2049
2051
2079
2082
2093
2112
2147
2177
2178
2182
2188
2196
2208
2235
2271
2278
2280
2285
2306
2310
2319
2336
2343
2383
2404
2428
2441
2446
2481
2491
2504
2556
2560
2568
2592
2602
2674
2682
2683
2717
2726
2779
2817
2820
2842
2843
2865
2892
2907
2922
2937
2940
2944
2951
2962
2977
2989
3023
3028
3045
3055
3060
3078
3091
3106
3107
3113
3114
3124
3145
3184
3188
3195
3204
3251
3253
3256
3283
3295
3319
3342
3374
3413
3420
3429
3438
3439
3490
3512
3514
3523
3525
3526
3545
3601
3622
3629
3644
3655
3668
3689
3729
3746
3762
3799
3814
3835
3852
3885
3890
3892
3920
3926
3943
3957
3991
3993
4036
4038
4054
4058
4062
4084
4102
4124
4142
4173
4202
4255
4281
4282
4284
4300
4313
4328
4333
4338
4361
4392
4397
4404
4416
4428
4439
4449
4450
4486
4492
4493
4503
4507
4551
4555
4587
4588
4625
4662
4703
4712
4755
4777
4788
4833
4844
4846
4884
4887
4904
4929
4937
4938
4973
4987
4993
5064
5075
5102
5145
5170
5190
5198
5232
5242
5284
5296
5326
5361
5362
5369
5374
5383
5459
5474
5507
5518
5596
5686
5696
5708
5721
5797
5865
5869
5870
5875
5886
5931
5933
5979
6038
6042
6048
6079
6098
6122
6180
6182
6220
6250
6258
6266
6283
6342
6348
6364
6368
6371
6374
6442
6470
6473
6501
6541
6543
6550
6574
6576
6582
6584
6589
6602
6614
6623
6657
6661
6670
6696
6698
6708
6715
6728
6756
6792
6807
6817
6820
6825
6852
6862
6907
6941
6968
6991
6999
7001
7021
7038
7049
7093
7114
7174
7176
7236
7281
7303
7355
7520
7526
7551
7573
7579
7610
7691
7693
7715
7719
7731
7748
7762
7778
7779
7790
7806
7898
7902
7903
7910
7914
7931
7932
7955
7956
8001
8005
8023
8026
8028
8032
8042
8047
8049
8054
8056
8063
8064
8081
8097
8137
8155
8156
8166
8173
8223
8250
8259
8276
8284
8330
8385
8404
8432
8437
8440
8441
8443
8491
8509
8512
8547
8559
8571
8577
8601
8652
8672
8703
8727
8744
8754
8765
8782
8893
8900
8913
8930
8937
9002
9008
9013
9017
9041
9044
9061
9071
9101
9116
9144
9155
9218
9229
9232
9259
9261
9290
9304
9331
9340
9376
9381
9389
9391
9393
9467
9488
9496
9503
9523
9550
9591
9600
9653
9668
9708
9711
9713
9714
9722
9761
9781
9799
9813
9815
9850
9927
9930
9997
10010
10065
10204
10235
10239
10255
10292
10296
10298
10306
10307
10364
10373
10401
10428
10459
10461
10463
10466
10485
10517
10525
10539
10655
10694
10741
10786
10817
10875
10888
10894
10902
10922
10926
10957
10958
10963
10968
11031
11033
11045
11083
11085
11135
11147
11164
11189
11205
11241
11308
11362
11365
11384
11407
11430
11490
11514
11538
11553
11579
11604
11659
11669
11679
11694
11697
11698
11719
11723
11779
11809
11813
11829
11870
11879
11881
11888
11889
11895
11914
11956
11968
11976
11986
12104
12152
12156
12174
12232
12247
12285
12310
12311
12314
12355
12358
12361
12368
12461
12463
12477
12482
12502
12542
12553
12556
12601
12634
12655
12664
12669
12675
12681
12692
12744
12771
12826
12840
12868
12870
12893
12932
13029
13037
13064
13081
13131
13136
13161
13193
13212
13250
13255
13260
13267
13301
13329
13333
13348
13380
13414
13423
13428
13429
13453
13464
13477
13539
13542
13544
13553
13593
13718
13727
13775
13779
13784
13834
13838
13881
13888
13914
13924
13964
13966
13969
14012
14036
14061
14131
14142
14144
14162
14175
14191
14263
14269
14299
14354
14428
14476
14479
14537
14603
14634
14671
14695
14697
14718
14738
14741
14744
14749
14775
14782
14789
14811
14862
14865
14909
14984
14996
15003
15028
15029
15039
15047
15092
15097
15099
15144
15161
15175
15296
15325
15412
15477
15484
15504
15506
15526
15537
15542
15572
15625
15636
15641
15700
15734
15767
15769
15793
15823
15889
15894
15897
15919
15960
16021
16031
16044
16045
16058
16111
16120
16144
16146
16162
16169
16214
16233
16251
16279
16283
16300
16311
16317
16358
16366
16376
16392
16492
16504
16505
16542
16621
16687
16731
16766
16777
16778
16908
16950
16969
16988
17009
17034
17185
17201
17210
17328
17429
17447
17448
17466
17531
17584
17614
17708
17722
17820
17950
18047
18076
18080
18103
18144
18168
18211
18266
18268
18282
18290
18307
18407
18432
18436
18456
18477
18506
18533
18557
18591
18639
18647
18674
18715
18737
18835
18862
18890
18931
18935
18974
18985
19052
19059
19060
19070
19079
19138
19151
19253
19264
19332
19425
19480
19506
19572
19695
19814
19822
19825
19826
19829
19846
19890
19963
19965
20042
20125
20135
20182
20196
20208
20209
20239
20309
20316
20382
20398
20466
20511
20541
20564
20573
20588
20599
20659
20675
20684
20703
20740
20773
20855
20943
20970
21078
21100
21172
21218
21267
21284
21388
21405
21426
21434
21488
21496
21520
21567
21662
21708
21754
21819
21831
21873
21926
21931
22020
22023
22028
22038
22044
22060
22191
22200
22235
22247
22263
22330
22372
22387
22392
22405
22428
22430
22433
22437
22465
22482
22563
22610
22629
22630
22636
22643
22654
22666
22672
22735
22757
22773
22777
22784
22790
22830
22908
22962
22983
23010
23014
23030
23038
23061
23094
23170
23208
23218
23221
23222
23237
23268
23288
23314
23439
23469
23484
23526
23553
23568
23611
23653
23730
23734
23752
23756
23759
23812
23816
23842
23864
23879
23963
23975
23985
23996
24013
24051
24138
24142
24175
24191
24239
24288
24298
24435
24441
24447
24495
24580
24621
24643
24693
24699
24715
24810
24924
24951
24987
25019
25080
25127
25158
25180
25228
25237
25273
25285
25287
25313
25320
25385
25464
25465
25522
25534
25659
25662
25665
25680
25681
25701
25705
25714
25804
25823
25852
25888
25929
25936
25939
25969
25977
26025
26054
26087
26155
26193
26203
26254
26264
26432
26439
26656
26678
26684
26702
26775
26782
26791
26805
26812
26817
26887
26893
26907
26939
26946
26961
26967
26982
26984
26988
27044
27049
27060
27102
27262
27303
27306
27332
27514
27538
27588
27593
27622
27657
27701
27718
27756
27763
27811
27864
27908
27982
28052
28115
28122
28169
28187
28203
28294
28378
28536
28607
28639
28650
28701
28712
28726
28730
28759
28760
28768
28853
28892
28901
28990
29050
29051
29100
29109
29125
29134
29234
29254
29262
29314
29356
29424
29482
29601
29621
29693
29778
29806
29979
29989
30044
30068
30087
30091
30173
30177
30253
30326
30373
30382
30497
30506
30618
30638
30650
30675
30697
30740
30742
30744
30815
30861
30933
30942
30979
31042
31119
31187
31233
31352
31356
31393
31477
31484
31548
31596
31639
31759
31779
31907
31958
31988
32060
32107
32208
32274
32319
32388
32540
32666
32671
32680
32728
32822
32827
32946
33007
33041
33078
33101
33108
33124
33153
33174
33248
33260
33345
33367
33494
33525
33582
33625
33774
33794
33891
33917
33980
34036
34128
34215
34244
34290
34308
34404
34444
34465
34560
34659
34713
34735
34736
34917
34925
34937
34951
35042
35080
35095
35190
35237
35239
35338
35351
35418
35478
35515
35649
35658
35674
35705
35728
35742
35749
35755
35817
35851
35886
35901
35935
35937
36317
36468
36488
36531
36537
36636
36777
36841
36855
36863
36908
36941
36977
37028
37212
37214
37242
37285
37337
37365
37538
37576
37746
37747
37846
37864
37963
38114
38288
38348
38385
38433
38520
38531
38585
38643
38716
38749
38760
38762
38797
38826
38903
38916
38936
38981
38983
38985
38988
39026
39066
39192
39229
39241
39319
39390
39415
39445
39478
39494
39498
39574
39674
39813
39829
39837
39851
39962
40212
40216
40297
40379
40414
40428
40580
40722
40788
40790
40816
40948
41054
41118
41163
41197
41198
41239
41262
41386
41403
41466
41535
41547
41602
41633
41674
41713
41717
41922
42072
42078
42095
42125
42166
42263
42303
42320
42348
42451
42480
42558
42607
42834
42862
42863
42898
42943
42948
42994
43045
43070
43098
43191
43207
43316
43362
43364
43399
43773
44007
44157
44217
44224
44239
44372
44487
44505
44779
44877
44999
45016
45051
45052
45101
45199
45301
45351
45368
45482
45513
45698
45705
45766
45884
45891
45918
45924
45925
46003
46013
46157
46219
46368
46402
46434
46499
46522
46616
46636
46674
46706
46730
46747
46809
47114
47327
47328
47341
47381
47436
47461
47860
47957
48019
48114
48125
48176
48212
48285
48309
48402
48455
48470
48573
48575
48576
48681
48768
48857
49034
49140
49296
49549
49693
49772
49808
49815
49884
50021
50079
50202
50255
50297
50301
50792
50963
50988
51054
51070
51379
51432
51534
51587
51602
51623
51807
51876
51900
51902
52011
52084
52129
52132
52175
52179
52228
52290
52310
52417
52423
52452
52498
52640
52657
52727
52848
52854
52971
53063
53230
53255
53419
53546
53761
53826
54076
54125
54243
54322
54354
54374
54409
54463
54476
54494
54550
54814
54991
55090
55218
55355
55400
55402
55429
55477
55548
55561
55649
55797
55897
55945
55965
56006
56055
56111
56209
56477
56633
56744
56799
57026
57039
57295
57358
57456
57524
57637
57725
57879
57909
57940
57958
57994
58037
58048
58063
58064
58132
58272
58299
58321
58565
58645
58801
58883
58925
58950
59054
59103
59112
59147
59149
59338
59386
59395
59467
59484
59489
59600
59668
59891
59933
59982
60304
60345
60473
60661
60665
60845
60894
60967
61098
61144
61148
61169
61228
61240
61387
61430
61499
61563
61614
61636
61725
61779
61866
61920
61978
61982
62031
62260
62377
62546
62622
62677
62683
62797
62807
62878
62907
63020
63049
63290
63318
63383
63494
63836
63949
64055
64295
64307
64360
64396
64608
64678
64777
64819
64950
64978
64997
64998
65132
65325
65403
65526
65539
65608
65743
65765
65922
66127
66209
66549
66581
66592
66931
66962
67043
67142
67347
67378
67444
67450
67582
67657
67769
67935
67944
68044
68077
68613
68614
68695
68805
68851
68968
69225
69330
69377
69389
69482
69572
69749
69762
69834
70025
70211
70272
70382
70400
70655
70721
70824
71096
71361
71426
71735
71987
72112
72132
72140
72306
72422
72538
73024
73176
73237
73369
73706
73713
73829
73848
73990
73993
74043
74352
74400
74446
74480
74496
74862
74890
75159
75203
75292
75313
75902
75940
76283
76299
76432
76495
76830
77179
77292
77332
77505
77511
77690
77742
77787
77846
78059
78067
78112
78161
78183
78288
78304
78396
78590
78662
78676
78969
79233
79420
79464
79475
79476
79715
79752
79844
80116
80170
81170
81286
81525
81694
82763
83093
83193
83353
83399
83539
83594
83597
83765
83889
84087
84103
84312
84401
84532
84721
84747
85039
85116
85152
85669
86088
86361
86412
86504
86843
86900
86937
87011
87045
87305
87983
88192
88238
88273
88341
88830
88845
89110
89446
89528
89661
89790
90054
90273
90374
90577
90603
90745
90882
90912
90949
91094
91338
91485
91491
91716
91795
91826
92410
92630
92733
92816
92955
93582
93654
93696
94370
94411
94513
94612
94784
95028
95180
95233
95539
157486
166007
181796
194806
198642
198842
200847
200894
211614
213166
215442
216946
224403
227451
228899
229294
233364
233396
235154
238299
242490
244068
245514
246525
58
78
101
111
123
134
248
268
288
339
354
358
363
385
395
398
400
402
405
408
409
422
434
435
438
479
480
483
484
490
507
511
512
514
522
543
544
545
554
560
562
571
572
596
609
622
642
643
645
661
673
689
703
723
738
742
749
759
771
798
818
822
828
840
855
867
868
873
877
881
915
920
931
932
933
935
936
939
947
954
955
962
963
969
971
977
981
984
989
991
999
1006
1009
1018
1020
1062
1078
1085
1086
1096
1099
1120
1123
1129
1140
1159
1167
1174
1175
1209
1211
1231
1237
1246
1253
1264
1266
1271
1284
1293
1307
1308
1311
1312
1334
1336
1347
1365
1372
1373
1413
1433
1525
1529
1531
1551
1553
1554
1569
1580
1581
1592
1593
1596
1612
1616
1635
1640
1646
1651
1659
1663
1684
1687
1700
1720
1736
1760
1763
1769
1773
1789
1795
1806
1812
1819
1827
1830
1840
1851
1864
1867
1874
1875
1908
1916
1919
1923
1931
1932
1938
1948
1962
1975
1977
1993
2012
2013
2027
2034
2044
2109
2126
2128
2134
2151
2156
2164
2168
2169
2174
2176
2198
2202
2209
2239
2252
2264
2266
2287
2298
2301
2308
2331
2333
2334
2355
2369
2374
2381
2387
2423
2429
2473
2485
2498
2499
2518
2520
2578
2587
2597
2601
2603
2618
2627
2630
2636
2640
2662
2669
2670
2703
2709
2712
2713
2741
2747
2752
2760
2766
2777
2781
2783
2795
2813
2831
2835
2845
2859
2873
2880
2887
2906
2909
2910
2911
2920
2935
2969
2978
2991
2992
3027
3031
3036
3037
3040
3058
3065
3066
3081
3083
3084
3096
3111
3138
3168
3170
3171
3196
3210
3228
3241
3248
3262
3277
3285
3290
3331
3335
3339
3359
3361
3365
3366
3384
3412
3479
3493
3500
3502
3503
3507
3508
3515
3533
3534
3559
3564
3574
3577
3581
3595
3597
3621
3630
3641
3653
3702
3715
3722
3742
3756
3760
3765
3789
3791
3795
3796
3798
3800
3804
3815
3816
3818
3820
3828
3849
3857
3865
3868
3899
3902
3916
3922
3924
3931
3944
3945
3971
3995
3997
4050
4057
4075
4083
4112
4115
4126
4127
4130
4159
4178
4179
4226
4241
4248
4250
4265
4267
4268
4278
4293
4304
4312
4319
4342
4344
4351
4352
4353
4382
4387
4396
4406
4417
4421
4454
4459
4471
4472
4511
4526
4530
4531
4535
4541
4543
4545
4564
4571
4603
4606
4613
4618
4622
4650
4653
4656
4659
4673
4676
4684
4686
4690
4693
4711
4716
4723
4734
4735
4741
4744
4750
4751
4767
4807
4847
4850
4877
4881
4920
4941
4954
4967
4978
5000
5022
5026
5068
5084
5089
5091
5106
5144
5204
5218
5259
5285
5300
5302
5318
5330
5333
5344
5379
5382
5390
5414
5432
5451
5456
5461
5475
5477
5478
5517
5532
5547
5551
5552
5567
5577
5592
5606
5612
5618
5631
5632
5642
5646
5651
5654
5666
5678
5705
5742
5770
5776
5793
5794
5800
5830
5833
5836
5848
5853
5860
5863
5876
5911
5924
5927
5930
5939
5944
5963
5992
5995
6001
6016
6027
6032
6052
6053
6063
6080
6083
6087
6094
6095
6106
6113
6125
6158
6184
6203
6204
6206
6227
6237
6238
6243
6286
6299
6343
6349
6351
6352
6354
6357
6379
6381
6383
6424
6426
6433
6441
6481
6507
6510
6513
6522
6546
6560
6575
6593
6595
6621
6627
6648
6683
6695
6699
6703
6706
6711
6718
6724
6735
6761
6783
6799
6803
6813
6816
6834
6835
6845
6855
6859
6880
6895
6901
6902
6903
6909
6911
6913
6916
6927
6928
6942
6983
6984
6988
6992
7014
7036
7054
7055
7057
7065
7070
7077
7087
7090
7108
7126
7133
7154
7157
7165
7173
7181
7182
7185
7190
7207
7209
7250
7263
7265
7283
7302
7317
7320
7333
7348
7354
7380
7382
7384
7415
7416
7433
7438
7448
7455
7466
7492
7503
7525
7544
7559
7563
7571
7580
7592
7607
7648
7652
7662
7683
7712
7727
7741
7744
7747
7765
7771
7772
7789
7800
7828
7848
7856
7888
7894
7907
7909
7954
7974
7982
8003
8019
8022
8037
8075
8079
8082
8095
8100
8113
8117
8129
8143
8146
8162
8163
8178
8184
8193
8195
8199
8240
8253
8260
8279
8280
8281
8285
8287
8318
8334
8337
8350
8354
8369
8384
8387
8406
8410
8415
8419
8444
8453
8464
8468
8470
8482
8490
8511
8513
8551
8557
8566
8570
8580
8584
8585
8623
8632
8639
8646
8675
8689
8698
8699
8716
8719
8742
8764
8792
8797
8812
8818
8836
8848
8852
8876
8904
8907
8919
8928
8934
8941
8950
8951
8952
8953
8957
8960
8978
8979
9007
9040
9042
9060
9064
9121
9128
9139
9149
9168
9169
9180
9184
9215
9217
9219
9220
9223
9245
9249
9255
9308
9317
9324
9325
9368
9378
9398
9399
9404
9407
9440
9444
9445
9447
9449
9455
9461
9464
9481
9482
9486
9493
9498
9501
9510
9517
9534
9565
9588
9603
9604
9612
9623
9642
9698
9723
9726
9728
9735
9744
9752
9753
9787
9801
9810
9824
9842
9843
9849
9862
9877
9892
9923
9947
9948
9953
9962
9967
9976
9987
9998
10017
10025
10049
10052
10071
10082
10083
10110
10130
10137
10141
10156
10159
10174
10187
10194
10208
10258
10274
10277
10284
10291
10304
10312
10321
10341
10344
10357
10371
10404
10405
10417
10424
10426
10430
10442
10443
10451
10453
10476
10486
10488
10502
10505
10537
10550
10557
10562
10569
10577
10584
10604
10635
10636
10653
10673
10709
10722
10725
10726
10733
10739
10778
10787
10807
10812
10836
10838
10852
10862
10879
10883
10896
10897
10900
10933
10949
10954
10965
10976
11004
11013
11046
11057
11058
11080
11081
11102
11109
11141
11169
11173
11176
11188
11195
11197
11204
11220
11222
11223
11232
11236
11253
11268
11269
11277
11294
11311
11318
11336
11367
11368
11370
11371
11389
11394
11400
11428
11451
11477
11483
11492
11501
11516
11528
11546
11557
11563
11566
11590
11591
11597
11602
11618
11622
11625
11635
11655
11661
11662
11666
11672
11678
11683
11691
11734
11748
11759
11774
11784
11792
11795
11811
11834
11845
11851
11862
11886
11910
11921
11930
11936
11972
11988
11993
12006
12013
12037
12039
12044
12053
12059
12060
12061
12062
12065
12066
12069
12073
12078
12123
12157
12159
12162
12177
12189
12195
12198
12200
12217
12219
12227
12229
12230
12244
12250
12277
12308
12320
12321
12327
12336
12351
12376
12417
12420
12429
12458
12459
12489
12495
12506
12528
12534
12536
12551
12558
12572
12585
12591
12603
12607
12611
12615
12636
12648
12653
12701
12704
12706
12718
12746
12754
12777
12781
12806
12832
12841
12851
12852
12854
12863
12884
12888
12899
12910
12939
12955
12961
12998
13004
13005
13007
13014
13019
13028
13030
13038
13051
13063
13071
13077
13082
13086
13092
13100
13125
13145
13158
13170
13185
13194
13211
13222
13230
13234
13239
13299
13308
13319
13363
13366
13384
13410
13419
13482
13513
13522
13538
13556
13561
13562
13571
13592
13643
13657
13661
13665
13670
13675
13704
13732
13767
13769
13781
13793
13795
13806
13813
13820
13842
13849
13865
13876
13934
13940
13948
13959
13983
13987
14000
14004
14014
14022
14034
14046
14076
14129
14159
14168
14192
14194
14202
14206
14212
14229
14231
14246
14276
14279
14290
14296
14307
14330
14371
14372
14375
14381
14399
14408
14418
14437
14443
14444
14448
14456
14466
14486
14498
14502
14536
14555
14556
14557
14586
14589
14590
14593
14620
14631
14636
14649
14656
14658
14681
14710
14750
14758
14777
14800
14801
14803
14804
14810
14813
14821
14864
14906
14921
14926
14936
14939
14953
14961
14989
14995
15001
15018
15043
15057
15058
15070
15074
15077
15083
15087
15093
15108
15123
15133
15137
15141
15170
15177
15194
15196
15200
15218
15230
15260
15282
15291
15337
15339
15362
15374
15393
15394
15395
15399
15433
15451
15470
15471
15494
15511
15529
15560
15582
15588
15603
15611
15620
15626
15627
15648
15649
15679
15686
15716
15721
15725
15740
15765
15773
15782
15811
15818
15848
15899
15936
15941
15946
15948
15955
15958
15968
15990
16004
16007
16018
16047
16051
16055
16061
16089
16094
16097
16105
16126
16133
16139
16140
16147
16149
16166
16170
16185
16229
16230
16243
16245
16249
16253
16257
16298
16332
16348
16357
16432
16444
16455
16456
16463
16474
16496
16513
16545
16548
16553
16556
16613
16614
16618
16635
16638
16643
16682
16696
16732
16737
16748
16786
16788
16863
16870
16893
16899
16905
16923
16940
16941
16954
16958
16985
17015
17039
17101
17109
17141
17147
17149
17154
17166
17175
17187
17220
17225
17227
17228
17253
17283
17289
17312
17318
17321
17378
17393
17432
17440
17441
17454
17467
17500
17502
17507
17516
17519
17533
17548
17563
17587
17589
17602
17606
17617
17628
17631
17666
17673
17690
17697
17699
17735
17763
17796
17814
17822
17826
17832
17852
17872
17873
17892
17896
17917
17948
17957
17977
18007
18018
18034
18037
18040
18066
18085
18086
18092
18100
18157
18173
18176
18189
18202
18207
18239
18253
18267
18271
18306
18332
18335
18348
18354
18356
18365
18398
18448
18458
18461
18465
18484
18500
18509
18514
18539
18541
18558
18559
18561
18593
18594
18609
18623
18645
18652
18654
18655
18656
18660
18664
18668
18702
18773
18794
18807
18810
18866
18867
18875
18900
18913
18919
18983
18986
18987
19001
19019
19025
19036
19080
19087
19096
19097
19106
19132
19142
19149
19157
19166
19168
19172
19181
19186
19202
19222
19251
19261
19269
19315
19319
19320
19324
19340
19383
19389
19396
19397
19428
19468
19478
19488
19518
19529
19556
19566
19591
19628
19667
19669
19674
19729
19744
19773
19775
19797
19808
19815
19818
19837
19839
19860
19888
19899
19900
19902
19964
19973
19980
19998
20006
20035
20053
20060
20066
20073
20078
20110
20130
20147
20171
20175
20201
20218
20236
20269
20310
20319
20331
20380
20385
20406
20407
20421
20457
20470
20479
20480
20510
20539
20542
20554
20557
20558
20580
20592
20613
20621
20626
20631
20648
20651
20661
20671
20672
20680
20706
20710
20711
20716
20732
20733
20735
20757
20771
20775
20789
20826
20833
20853
20878
20908
20918
20926
20952
20971
20972
20993
20994
21005
21042
21046
21048
21070
21079
21081
21085
21091
21094
21103
21109
21118
21128
21176
21180
21188
21200
21205
21250
21252
21254
21262
21263
21265
21288
21301
21316
21333
21340
21362
21374
21395
21427
21433
21482
21486
21490
21492
21495
21517
21538
21548
21582
21588
21591
21620
21622
21635
21643
21645
21664
21678
21701
21727
21744
21747
21760
21775
21780
21825
21826
21835
21851
21861
21877
21884
21900
21905
21924
21938
21948
21998
22035
22037
22054
22057
22062
22090
22101
22105
22106
22107
22109
22134
22135
22149
22151
22164
22168
22184
22188
22193
22217
22219
22267
22277
22294
22299
22312
22328
22338
22339
22353
22385
22399
22402
22415
22440
22463
22466
22481
22551
22555
22558
22565
22572
22595
22638
22660
22662
22682
22683
22690
22703
22721
22738
22746
22866
22869
22889
22906
22911
22955
22980
22984
23016
23017
23037
23066
23113
23116
23117
23142
23166
23168
23201
23214
23220
23225
23226
23271
23285
23286
23304
23316
23330
23377
23386
23389
23438
23446
23492
23515
23516
23522
23540
23557
23579
23587
23589
23604
23607
23618
23632
23644
23649
23655
23673
23706
23714
23716
23721
23735
23740
23748
23774
23779
23791
23810
23819
23823
23826
23827
23850
23870
23883
23890
23913
23925
23927
23936
23956
23967
24002
24029
24066
24096
24110
24112
24118
24133
24141
24157
24164
24165
24171
24188
24199
24207
24265
24275
24276
24303
24307
24313
24316
24368
24391
24398
24464
24471
24489
24491
24504
24507
24526
24550
24593
24635
24639
24651
24654
24665
24687
24719
24773
24776
24780
24844
24897
24918
24921
24929
24936
24958
24962
24964
24979
24982
25017
25035
25042
25066
25070
25095
25105
25119
25152
25205
25265
25293
25322
25375
25396
25419
25438
25460
25462
25469
25519
25526
25531
25570
25585
25590
25621
25624
25637
25674
25679
25697
25721
25722
25723
25744
25749
25761
25771
25773
25816
25822
25830
25832
25895
25896
25909
25910
25911
26012
26023
26042
26047
26052
26055
26081
26096
26103
26112
26153
26265
26307
26314
26321
26323
26358
26388
26397
26409
26418
26463
26477
26482
26498
26500
26503
26539
26569
26583
26588
26592
26595
26606
26609
26630
26646
26691
26696
26707
26728
26739
26740
26748
26760
26774
26789
26859
26865
26884
26895
26899
26910
26925
26931
26932
26943
26989
26994
27024
27043
27054
27070
27078
27085
27100
27133
27134
27137
27141
27158
27206
27213
27222
27301
27325
27344
27379
27381
27388
27402
27412
27415
27458
27462
27466
27467
27500
27509
27510
27532
27542
27545
27550
27566
27642
27654
27692
27700
27714
27721
27735
27743
27751
27764
27771
27775
27786
27790
27796
27817
27837
27848
27891
27912
27950
27984
27986
28031
28032
28034
28037
28072
28119
28140
28141
28158
28163
28186
28196
28201
28216
28240
28241
28271
28280
28352
28365
28380
28394
28400
28404
28459
28475
28557
28574
28589
28593
28606
28632
28637
28645
28662
28721
28736
28765
28830
28846
28852
28917
28943
28979
28993
29006
29008
29014
29025
29055
29072
29077
29094
29201
29203
29206
29256
29261
29292
29309
29318
29337
29346
29353
29377
29409
29439
29478
29492
29530
29535
29547
29592
29611
29629
29714
29728
29768
29772
29812
29821
29838
29853
29877
29880
29892
29895
29902
29913
29960
29997
29998
30008
30011
30046
30056
30062
30069
30079
30081
30097
30098
30128
30132
30184
30205
30219
30262
30276
30280
30282
30292
30308
30412
30415
30417
30424
30455
30459
30462
30466
30486
30490
30501
30503
30520
30538
30542
30565
30569
30576
30610
30644
30662
30696
30714
30718
30743
30750
30790
30794
30835
30859
30869
30895
30913
30941
30953
30957
30958
30982
31000
31007
31010
31037
31054
31055
31058
31084
31090
31104
31127
31156
31167
31189
31228
31240
31243
31266
31268
31291
31315
31317
31319
31330
31335
31363
31385
31416
31434
31437
31448
31479
31516
31519
31526
31533
31590
31591
31607
31626
31637
31644
31654
31655
31665
31733
31747
31769
31788
31789
31835
31860
31887
31909
31918
31930
31978
32007
32050
32130
32141
32147
32163
32183
32186
32189
32236
32248
32252
32253
32289
32328
32347
32348
32354
32368
32413
32419
32441
32457
32466
32471
32485
32487
32499
32505
32520
32550
32579
32590
32607
32616
32617
32681
32687
32689
32729
32746
32759
32769
32782
32784
32790
32794
32824
32843
32848
32850
32856
32895
32899
32911
32920
32931
32968
32975
33034
33040
33060
33072
33093
33118
33138
33140
33155
33160
33170
33194
33200
33250
33283
33284
33291
33298
33301
33303
33307
33337
33389
33390
33391
33398
33413
33416
33431
33466
33474
33484
33488
33591
33613
33632
33633
33662
33702
33714
33731
33741
33756
33760
33776
33784
33789
33793
33805
33817
33832
33847
33848
33933
33939
33948
33952
33971
34008
34030
34103
34110
34117
34124
34131
34153
34162
34229
34235
34245
34264
34299
34337
34425
34429
34431
34520
34572
34577
34602
34633
34635
34740
34764
34765
34807
34838
34839
34935
34941
34987
35057
35078
35136
35155
35185
35191
35234
35235
35243
35272
35382
35383
35402
35438
35443
35444
35455
35457
35468
35479
35481
35490
35493
35524
35551
35582
35594
35682
35700
35752
35769
35798
35815
35836
35838
35881
35916
35945
35960
35978
36017
36032
36044
36093
36097
36120
36271
36307
36336
36353
36363
36366
36372
36377
36436
36437
36439
36445
36561
36620
36690
36704
36720
36781
36792
36796
36813
36833
36842
36845
36849
36850
36851
36859
36860
36877
36898
36912
36928
36942
36947
36958
36993
37006
37008
37052
37083
37093
37122
37159
37178
37200
37220
37229
37281
37298
37326
37350
37400
37405
37422
37431
37432
37457
37522
37539
37567
37608
37622
37639
37679
37683
37689
37704
37733
37737
37739
37810
37828
37884
37894
37914
37960
37962
37989
37990
38009
38013
38045
38117
38152
38156
38220
38229
38240
38249
38252
38284
38300
38346
38371
38394
38401
38415
38428
38460
38517
38522
38563
38568
38590
38640
38645
38665
38706
38734
38754
38774
38802
38819
38832
38847
38951
39003
39015
39018
39035
39044
39052
39105
39115
39116
39127
39128
39138
39142
39149
39175
39188
39198
39225
39242
39248
39266
39317
39318
39354
39399
39405
39440
39450
39488
39502
39512
39515
39523
39535
39544
39545
39597
39610
39647
39680
39688
39716
39720
39764
39770
39781
39811
39831
39852
39854
39865
39908
39911
39928
39929
39978
40016
40038
40066
40100
40106
40110
40138
40166
40181
40240
40284
40302
40334
40343
40355
40373
40382
40410
40423
40435
40447
40454
40504
40509
40530
40562
40589
40599
40625
40631
40657
40707
40719
40732
40749
40754
40760
40818
40820
40844
40942
40951
40963
41005
41012
41020
41025
41031
41090
41096
41131
41182
41234
41244
41251
41276
41292
41332
41343
41361
41385
41459
41468
41469
41522
41553
41594
41611
41642
41680
41685
41696
41707
41729
41795
41820
41831
41863
41896
41928
41959
41981
42027
42044
42046
42054
42151
42152
42169
42204
42212
42222
42228
42237
42292
42314
42340
42345
42371
42418
42441
42443
42452
42455
42467
42608
42674
42677
42684
42691
42724
42726
42727
42749
42768
42789
42845
43000
43008
43009
43015
43075
43082
43088
43089
43119
43205
43214
43285
43301
43303
43352
43371
43374
43434
43435
43472
43478
43496
43510
43512
43517
43581
43695
43705
43741
43795
43807
43865
43866
43902
43957
43994
43996
44009
44015
44027
44028
44031
44044
44086
44145
44159
44165
44184
44197
44214
44218
44223
44232
44300
44357
44396
44483
44576
44641
44642
44646
44790
44833
44851
44854
44871
44903
44917
44920
44974
45004
45095
45128
45164
45180
45184
45190
45197
45209
45282
45299
45328
45370
45407
45409
45421
45429
45442
45455
45461
45462
45500
45522
45559
45574
45646
45658
45690
45808
45815
45838
45849
45890
45950
46028
46036
46058
46060
46073
46089
46094
46097
46104
46121
46142
46143
46213
46237
46247
46270
46273
46289
46317
46325
46403
46439
46446
46451
46453
46479
46489
46573
46676
46683
46697
46754
46758
46819
46825
46838
46890
46927
46942
47094
47098
47126
47146
47176
47188
47209
47223
47241
47248
47308
47317
47319
47325
47340
47394
47450
47451
47532
47571
47586
47594
47635
47641
47707
47733
47835
47836
47897
47907
47944
47965
47967
48028
48033
48070
48085
48089
48166
48192
48196
48261
48326
48335
48338
48395
48396
48406
48423
48429
48440
48456
48483
48515
48559
48624
48685
48688
48704
48715
48735
48739
48750
48769
48782
48836
48874
48876
48893
48906
48995
48997
49042
49060
49067
49146
49166
49240
49336
49406
49427
49483
49523
49571
49623
49669
49708
49722
49805
49828
49835
49855
49864
49924
49961
49970
49971
50007
50020
50032
50034
50066
50067
50095
50207
50233
50235
50239
50415
50509
50564
50630
50698
50716
50741
50756
50796
50818
50892
51008
51032
51057
51083
51098
51121
51171
51189
51199
51253
51283
51297
51356
51364
51405
51487
51520
51548
51571
51572
51576
51607
51665
51666
51775
51779
51792
51797
51855
51857
51903
51919
51930
51998
52046
52055
52139
52183
52275
52369
52379
52413
52434
52473
52478
52546
52556
52621
52703
52711
52720
52739
52747
52786
52811
52860
52915
52946
53012
53036
53064
53070
53092
53118
53171
53175
53189
53233
53270
53290
53336
53390
53402
53434
53450
53454
53463
53470
53486
53525
53566
53662
53692
53718
53784
53790
53844
53881
53929
53938
53940
53954
53967
54067
54100
54134
54154
54165
54185
54207
54231
54287
54368
54571
54586
54640
54731
54738
54759
54762
54779
54802
54818
54832
54856
54869
54903
54942
55049
55075
55078
55110
55205
55257
55272
55349
55350
55352
55353
55372
55377
55387
55411
55422
55434
55471
55482
55549
55582
55625
55632
55643
55657
55708
55717
55745
55810
55831
55871
55881
55924
55927
55956
56149
56194
56235
56274
56285
56315
56374
56538
56540
56628
56637
56688
56751
56826
56906
56944
56950
57017
57081
57119
57146
57198
57212
57217
57348
57400
57402
57477
57500
57651
57680
57714
57733
57758
57784
57810
57825
57878
57880
57881
57894
57927
57943
57962
57973
57983
58011
58025
58102
58110
58129
58140
58147
58220
58236
58293
58300
58313
58391
58434
58435
58456
58474
58578
58588
58605
58696
58721
58768
58786
58809
58917
58977
58983
59064
59105
59173
59217
59254
59268
59272
59319
59344
59365
59369
59375
59390
59474
59622
59626
59731
59740
59745
59753
59806
59839
59898
59907
59932
59948
59976
60013
60083
60140
60277
60286
60373
60396
60445
60482
60613
60651
60766
60826
60852
60936
60938
60979
60980
61000
61119
61161
61179
61226
61235
61247
61257
61259
61302
61368
61429
61477
61519
61569
61700
61782
61787
61998
62001
62004
62060
62105
62144
62160
62165
62194
62525
62588
62600
62611
62614
62637
62712
62748
62774
62781
62802
62862
62865
62910
62922
62944
62966
62971
63123
63140
63270
63331
63430
63433
63446
63456
63544
63566
63567
63668
63721
63786
63849
63942
63995
64013
64034
64073
64141
64190
64200
64203
64239
64320
64338
64371
64388
64404
64422
64462
64481
64506
64568
64604
64797
64805
64814
64847
64902
64919
64923
64969
65004
65028
65127
65154
65161
65166
65174
65253
65297
65562
65588
65612
65715
65735
65914
65987
66049
66065
66100
66107
66165
66172
66187
66220
66255
66349
66448
66511
66532
66540
66564
66602
66672
66843
66863
66949
66955
66956
66968
67029
67074
67091
67114
67124
67139
67178
67184
67217
67302
67327
67346
67356
67365
67369
67402
67407
67473
67546
67586
67606
67651
67699
67716
67718
67775
67776
67789
67828
67847
67909
68019
68059
68111
68124
68134
68154
68227
68279
68343
68373
68393
68471
68585
68650
68721
68859
68887
68943
68957
68990
68995
69069
69086
69128
69182
69208
69289
69319
69569
69604
69620
69636
69685
69741
69869
70000
70066
70072
70134
70152
70207
70221
70269
70290
70307
70315
70323
70435
70438
70454
70481
70530
70630
70662
70717
70726
70757
70839
70845
70880
70942
71040
71058
71065
71179
71227
71279
71300
71326
71441
71458
71479
71520
71530
71592
71594
71670
71702
71828
71853
71943
71970
72109
72143
72173
72227
72295
72365
72404
72435
72504
72513
72526
72553
72609
72656
72677
72699
72756
72788
72826
72942
73174
73188
73296
73324
73339
73373
73402
73513
73530
73597
73640
73642
73652
73749
73797
73912
73954
74248
74356
74403
74479
74548
74594
74722
74735
74765
74840
74855
74861
74895
74956
74962
74968
74988
75089
75166
75266
75323
75375
75389
75408
75413
75440
75459
75480
75516
75537
75581
75594
75598
75635
75728
75731
75776
75781
75851
75853
75927
75983
76151
76182
76291
76314
76459
76501
76560
76589
76673
76742
76789
76790
76990
76993
77105
77109
77225
77347
77383
77423
77516
77545
77591
77666
77678
77754
77864
77883
77901
77980
78080
78195
78319
78438
78683
78700
78749
78766
78775
78789
78808
78817
78823
78899
78920
78949
78971
78998
79013
79118
79128
79161
79250
79278
79283
79299
79301
79306
79311
79328
79384
79496
79520
79600
79717
79722
79835
80056
80135
80151
80206
80212
80222
80241
80249
80259
80289
80291
80312
80332
80425
80518
80547
80615
80718
80852
80899
80917
80919
80920
80983
81004
81295
81356
81391
81442
81527
81588
81631
81663
81893
81917
81922
81948
81972
81995
82145
82193
82240
82243
82378
82419
82450
82517
82627
82675
82686
82874
82915
82930
83017
83108
83113
83123
83124
83155
83185
83216
83220
83342
83392
83441
83567
83671
83697
83876
83907
83910
83992
84068
84170
84205
84429
84438
84457
84548
84591
84642
84652
84674
84750
84794
84818
84856
84859
85037
85183
85184
85265
85314
85317
85390
85459
85460
85572
85595
85613
85807
85859
85923
86010
86127
86134
86140
86173
86223
86287
86297
86400
86582
86605
86746
86918
87051
87086
87161
87162
87234
87285
87306
87494
87528
87531
87622
87657
87735
87751
87816
87819
87831
87847
87867
87904
87979
88093
88106
88292
88344
88548
88620
88656
88670
88679
88759
88805
88839
88899
88918
88980
89050
89094
89195
89211
89213
89356
89474
89632
89635
89637
89700
89835
89883
89903
90061
90062
90111
90210
90242
90372
90430
90470
90515
90608
90615
90776
90808
90845
90881
90892
90955
91090
91097
91119
91160
91243
91274
91300
91438
91521
91724
91851
91934
91965
92002
92038
92118
92260
92306
92403
92409
92554
92736
92789
92870
92875
92915
92954
92981
93004
93121
93144
93195
93395
93497
93515
93613
93660
93698
93884
93909
93960
94708
94714
94729
94846
94848
94971
94996
95041
95086
95125
95183
95231
95326
95333
95341
95350
95352
95355
95437
95465
95493
95518
95579
95582
159856
165098
165923
168217
170454
172373
175152
180133
182914
183119
186785
187868
188586
190161
191161
192328
193288
195177
199169
202096
208709
211358
215531
219342
220031
222911
225763
227234
227761
229588
230501
230856
231318
231523
232827
233632
236942
237559
237959
238341
242476
242540
242963
245610
5
27
48
52
56
73
93
94
95
96
97
98
99
100
102
103
104
105
106
107
108
109
110
112
113
114
115
116
117
118
119
120
121
122
124
125
126
127
128
129
130
131
132
133
135
136
137
138
139
140
141
142
143
144
145
146
147
148
149
150
151
152
153
154
155
156
157
158
159
160
161
162
163
164
165
166
167
168
169
170
171
172
173
174
175
176
177
178
179
180
181
182
183
184
185
186
187
188
189
190
191
192
193
194
195
196
197
199
200
201
202
203
204
205
206
207
208
209
210
211
212
213
214
215
216
217
218
219
221
222
223
224
225
226
227
228
229
230
231
232
233
235
236
237
238
239
240
241
242
243
244
245
246
247
249
250
251
252
253
254
255
257
260
267
282
297
301
317
320
336
341
342
355
356
368
371
373
376
389
390
392
396
397
399
404
406
407
410
412
418
419
420
432
439
441
444
452
454
459
464
465
473
475
476
481
482
485
486
489
493
495
497
502
503
508
509
510
515
516
519
521
525
527
529
530
531
534
535
541
542
546
547
548
550
552
555
556
559
564
566
568
574
582
583
584
587
590
591
597
598
600
601
602
603
605
610
611
612
613
616
618
619
620
621
625
630
633
636
637
641
644
646
649
650
651
652
656
659
665
666
669
670
671
672
675
676
677
679
683
684
688
690
691
692
693
695
696
697
698
699
700
701
705
706
707
711
712
713
714
715
717
718
719
720
721
724
725
726
729
730
731
732
734
736
737
739
740
741
744
746
747
750
751
752
753
754
755
756
758
761
762
764
765
766
767
768
770
774
775
776
784
787
788
789
790
792
794
796
797
800
801
807
808
810
811
812
813
815
817
819
820
823
825
827
832
833
834
837
838
841
842
843
844
845
846
847
849
853
856
857
858
860
861
862
865
870
872
875
876
879
885
889
890
891
892
894
895
899
900
903
904
905
910
911
918
921
922
923
924
926
927
928
929
934
937
938
940
941
943
945
946
949
950
953
959
960
964
965
966
967
970
972
973
976
979
980
982
983
987
988
990
996
1001
1003
1005
1011
1013
1014
1015
1022
1025
1027
1028
1031
1032
1033
1034
1036
1038
1039
1041
1043
1045
1047
1050
1051
1053
1054
1057
1059
1063
1064
1065
1069
1071
1074
1077
1079
1087
1090
1091
1093
1095
1097
1101
1102
1107
1108
1109
1111
1113
1114
1116
1117
1119
1125
1126
1127
1128
1130
1131
1134
1135
1136
1137
1139
1143
1147
1150
1153
1154
1155
1157
1161
1163
1166
1168
1169
1170
1173
1176
1177
1178
1180
1182
1183
1184
1185
1186
1190
1191
1192
1193
1194
1195
1200
1201
1202
1203
1205
1207
1210
1212
1213
1215
1217
1219
1221
1222
1223
1225
1226
1229
1230
1232
1233
1239
1240
1241
1242
1243
1244
1249
1250
1251
1252
1254
1255
1256
1258
1259
1260
1261
1263
1265
1267
1268
1269
1270
1272
1274
1275
1276
1277
1279
1280
1281
1282
1285
1290
1291
1295
1296
1297
1299
1305
1306
1309
1310
1314
1315
1316
1317
1319
1321
1322
1327
1329
1333
1335
1337
1338
1339
1341
1342
1343
1344
1346
1348
1349
1350
1351
1352
1354
1357
1358
1359
1360
1361
1363
1370
1376
1377
1382
1383
1385
1388
1389
1390
1391
1392
1397
1398
1399
1400
1401
1403
1404
1405
1407
1408
1410
1415
1416
1417
1418
1419
1422
1424
1425
1426
1427
1431
1434
1437
1443
1444
1446
1448
1449
1450
1451
1453
1454
1456
1457
1460
1462
1463
1464
1466
1468
1469
1471
1475
1476
1479
1480
1481
1482
1485
1486
1487
1488
1490
1491
1492
1493
1494
1497
1498
1499
1501
1502
1504
1505
1507
1508
1509
1511
1512
1514
1515
1516
1517
1519
1520
1522
1523
1524
1527
1530
1533
1535
1537
1538
1539
1540
1545
1547
1548
1549
1550
1555
1556
1561
1563
1564
1565
1566
1567
1568
1570
1571
1572
1573
1574
1579
1583
1584
1585
1588
1589
1591
1594
1595
1598
1600
1601
1604
1607
1609
1610
1611
1613
1614
1617
1619
1620
1621
1624
1625
1626
1627
1628
1629
1632
1634
1636
1638
1639
1641
1642
1643
1644
1645
1648
1649
1650
1652
1653
1655
1656
1658
1661
1662
1664
1665
1666
1668
1670
1671
1672
1677
1678
1681
1682
1685
1686
1688
1689
1693
1694
1696
1699
1701
1702
1704
1707
1708
1709
1710
1711
1712
1713
1714
1717
1718
1721
1722
1725
1726
1728
1729
1730
1731
1733
1734
1735
1738
1739
1741
1742
1744
1747
1748
1749
1750
1751
1753
1756
1757
1758
1759
1762
1764
1766
1767
1768
1770
1771
1775
1776
1778
1779
1780
1784
1787
1790
1793
1794
1797
1800
1802
1804
1805
1808
1810
1811
1813
1816
1818
1820
1823
1824
1825
1826
1833
1835
1837
1838
1839
1841
1842
1843
1849
1850
1853
1854
1855
1857
1858
1859
1862
1863
1868
1869
1871
1872
1873
1877
1878
1882
1883
1884
1885
1886
1887
1889
1890
1892
1893
1894
1895
1896
1897
1899
1900
1903
1904
1907
1909
1911
1912
1913
1914
1915
1917
1920
1922
1924
1926
1927
1929
1930
1933
1934
1935
1936
1937
1939
1940
1941
1943
1944
1945
1947
1949
1950
1951
1952
1953
1955
1956
1958
1959
1960
1961
1963
1964
1967
1968
1969
1971
1972
1974
1976
1978
1979
1981
1983
1984
1985
1986
1989
1991
1992
1995
1997
1998
1999
2000
2003
2004
2005
2008
2009
2010
2011
2016
2017
2021
2023
2024
2025
2026
2029
2030
2031
2035
2036
2037
2038
2039
2040
2041
2042
2043
2045
2048
2052
2054
2055
2056
2057
2059
2060
2061
2062
2063
2065
2066
2067
2068
2069
2071
2072
2073
2076
2077
2078
2080
2084
2085
2087
2089
2090
2092
2095
2096
2097
2098
2101
2102
2103
2104
2105
2106
2108
2110
2111
2113
2114
2115
2116
2117
2118
2120
2122
2123
2124
2125
2127
2129
2130
2131
2132
2133
2135
2137
2138
2139
2140
2141
2142
2143
2145
2146
2148
2149
2150
2152
2153
2155
2157
2158
2159
2160
2161
2162
2163
2165
2167
2170
2171
2173
2175
2179
2180
2181
2183
2184
2185
2186
2187
2189
2190
2194
2200
2203
2204
2205
2206
2207
2211
2212
2214
2215
2217
2218
2219
2220
2221
2223
2225
2226
2227
2228
2229
2230
2231
2232
2237
2238
2240
2241
2242
2244
2245
2246
2248
2249
2251
2254
2256
2257
2258
2259
2260
2262
2263
2265
2267
2268
2269
2273
2275
2276
2277
2281
2282
2283
2284
2288
2289
2291
2292
2293
2294
2296
2300
2304
2307
2309
2311
2312
2314
2317
2318
2320
2322
2323
2326
2327
2328
2329
2332
2335
2338
2339
2340
2344
2345
2346
2347
2348
2349
2350
2351
2352
2353
2354
2358
2359
2360
2362
2363
2364
2365
2366
2367
2368
2370
2371
2372
2375
2377
2378
2379
2380
2382
2385
2386
2389
2390
2391
2392
2395
2396
2398
2399
2401
2402
2403
2405
2406
2409
2410
2411
2412
2413
2415
2416
2417
2419
2421
2422
2427
2430
2431
2434
2435
2436
2437
2439
2440
2442
2443
2447
2448
2449
2451
2452
2453
2454
2456
2457
2458
2459
2460
2461
2462
2463
2464
2465
2467
2470
2471
2472
2474
2475
2476
2477
2479
2480
2484
2486
2489
2490
2492
2494
2495
2501
2502
2505
2506
2507
2508
2509
2510
2511
2513
2514
2515
2516
2517
2522
2523
2524
2525
2527
2529
2530
2533
2535
2536
2537
2538
2539
2540
2541
2546
2547
2548
2549
2550
2551
2553
2554
2555
2557
2558
2559
2561
2563
2564
2565
2566
2567
2571
2572
2575
2576
2580
2584
2585
2588
2589
2591
2593
2594
2596
2606
2607
2608
2611
2613
2615
2616
2619
2620
2621
2622
2623
2625
2626
2628
2629
2633
2634
2635
2637
2639
2641
2642
2643
2644
2646
2648
2650
2651
2652
2653
2654
2655
2656
2657
2658
2661
2664
2666
2667
2668
2671
2672
2673
2675
2676
2679
2680
2681
2684
2685
2686
2687
2689
2690
2692
2694
2697
2698
2700
2701
2704
2705
2706
2710
2711
2714
2718
2719
2720
2721
2722
2723
2727
2728
2729
2731
2733
2735
2736
2738
2739
2740
2742
2743
2744
2745
2746
2749
2750
2751
2753
2754
2755
2757
2758
2761
2762
2764
2765
2768
2769
2770
2771
2772
2773
2775
2776
2778
2780
2782
2786
2787
2788
2789
2792
2793
2794
2796
2797
2798
2799
2800
2801
2802
2804
2805
2807
2808
2809
2810
2811
2815
2816
2818
2819
2821
2822
2823
2825
2826
2827
2828
2829
2833
2834
2836
2837
2839
2840
2841
2846
2847
2848
2849
2850
2851
2852
2853
2855
2857
2860
2862
2863
2864
2866
2867
2868
2869
2870
2872
2874
2875
2877
2879
2881
2883
2884
2886
2888
2889
2890
2893
2896
2897
2898
2900
2901
2903
2912
2913
2914
2916
2917
2918
2924
2925
2926
2927
2928
2929
2930
2931
2932
2933
2934
2938
2941
2946
2947
2948
2949
2950
2952
2953
2954
2955
2958
2959
2960
2964
2966
2967
2970
2971
2975
2976
2979
2983
2986
2987
2988
2990
2994
2995
2996
2997
2998
2999
3002
3003
3004
3005
3006
3007
3009
3011
3012
3013
3014
3015
3016
3017
3020
3021
3024
3025
3026
3029
3030
3032
3033
3035
3041
3042
3043
3044
3048
3052
3056
3059
3064
3067
3068
3071
3073
3075
3076
3077
3079
3080
3082
3085
3086
3088
3089
3090
3092
3093
3097
3099
3100
3101
3103
3104
3109
3112
3115
3116
3118
3119
3120
3121
3122
3123
3126
3127
3128
3129
3131
3132
3135
3136
3137
3139
3141
3142
3143
3147
3148
3149
3151
3152
3153
3155
3157
3159
3161
3163
3164
3167
3169
3173
3174
3176
3179
3180
3181
3182
3183
3187
3189
3190
3191
3192
3198
3203
3205
3206
3207
3208
3209
3211
3214
3215
3216
3217
3218
3219
3220
3223
3224
3225
3226
3227
3229
3230
3231
3233
3235
3236
3237
3239
3243
3244
3245
3246
3247
3249
3252
3259
3260
3261
3263
3264
3265
3266
3267
3271
3273
3275
3276
3278
3279
3280
3281
3282
3287
3288
3291
3292
3293
3298
3303
3304
3305
3306
3307
3308
3310
3312
3313
3314
3316
3317
3318
3320
3321
3323
3324
3325
3326
3327
3328
3329
3330
3332
3333
3334
3336
3337
3338
3340
3341
3343
3344
3345
3346
3347
3348
3350
3351
3352
3353
3355
3356
3357
3358
3360
3362
3363
3367
3368
3369
3371
3372
3373
3375
3376
3378
3379
3380
3381
3382
3383
3385
3386
3388
3389
3391
3392
3393
3395
3396
3398
3399
3400
3402
3403
3405
3406
3407
3408
3409
3411
3414
3415
3416
3417
3419
3423
3424
3426
3427
3430
3431
3432
3434
3440
3441
3442
3444
3448
3449
3450
3451
3452
3453
3454
3456
3457
3458
3459
3461
3463
3464
3465
3466
3467
3468
3469
3472
3473
3474
3475
3476
3477
3480
3481
3483
3484
3485
3486
3488
3489
3494
3496
3497
3499
3501
3504
3505
3506
3509
3510
3513
3517
3518
3519
3524
3527
3528
3530
3531
3532
3535
3536
3537
3538
3539
3540
3541
3544
3546
3547
3548
3549
3550
3551
3552
3553
3556
3557
3560
3562
3563
3570
3571
3572
3573
3576
3580
3582
3584
3585
3586
3587
3588
3589
3590
3592
3596
3598
3599
3600
3604
3606
3607
3610
3612
3613
3614
3617
3620
3623
3624
3625
3628
3631
3632
3633
3634
3635
3636
3637
3639
3640
3642
3643
3645
3646
3647
3649
3651
3652
3654
3656
3657
3659
3660
3661
3662
3664
3666
3667
3669
3670
3673
3674
3675
3676
3677
3678
3680
3681
3682
3684
3685
3686
3687
3688
3690
3693
3694
3695
3696
3697
3698
3699
3700
3701
3703
3705
3706
3707
3708
3709
3711
3713
3716
3717
3718
3720
3721
3724
3728
3730
3731
3732
3734
3735
3737
3740
3745
3747
3748
3751
3752
3754
3757
3758
3763
3764
3767
3768
3770
3771
3772
3773
3774
3775
3776
3778
3781
3782
3783
3784
3785
3786
3787
3792
3793
3794
3797
3801
3802
3805
3806
3807
3810
3811
3817
3819
3821
3822
3823
3824
3825
3826
3829
3830
3831
3832
3834
3836
3837
3842
3843
3844
3845
3846
3848
3850
3853
3854
3858
3859
3860
3861
3862
3863
3864
3866
3867
3869
3871
3872
3873
3876
3877
3879
3880
3881
3883
3884
3887
3888
3893
3894
3895
3897
3898
3900
3901
3903
3904
3906
3907
3908
3909
3910
3911
3912
3913
3915
3917
3918
3919
3923
3927
3928
3929
3930
3932
3933
3934
3935
3936
3937
3938
3939
3940
3941
3942
3946
3947
3948
3949
3950
3951
3952
3953
3954
3956
3958
3959
3960
3961
3962
3963
3964
3965
3966
3967
3968
3969
3970
3973
3974
3975
3976
3978
3981
3985
3986
3987
3989
3996
3998
4000
4001
4002
4003
4004
4005
4006
4008
4010
4011
4012
4013
4014
4015
4017
4019
4020
4023
4024
4025
4027
4029
4030
4032
4033
4037
4039
4040
4043
4045
4046
4048
4049
4051
4053
4056
4059
4061
4063
4064
4066
4067
4068
4069
4070
4071
4073
4074
4076
4077
4079
4080
4085
4086
4088
4090
4093
4094
4095
4096
4100
4103
4104
4106
4107
4108
4110
4111
4113
4114
4116
4117
4118
4119
4120
4122
4129
4132
4133
4134
4135
4136
4137
4140
4141
4143
4144
4146
4148
4149
4150
4151
4152
4153
4154
4157
4158
4160
4161
4163
4164
4165
4166
4167
4168
4169
4172
4174
4175
4176
4177
4180
4181
4182
4185
4186
4187
4189
4190
4192
4193
4194
4195
4197
4198
4200
4201
4205
4206
4207
4208
4209
4210
4211
4212
4214
4215
4217
4218
4223
4224
4225
4227
4228
4231
4233
4234
4235
4239
4240
4242
4243
4244
4245
4247
4249
4251
4253
4256
4258
4259
4260
4262
4263
4264
4266
4269
4270
4271
4272
4273
4274
4277
4279
4280
4285
4286
4287
4288
4289
4291
4294
4295
4296
4297
4298
4301
4303
4305
4306
4308
4309
4311
4315
4316
4317
4318
4320
4321
4322
4323
4324
4325
4326
4327
4329
4330
4332
4334
4335
4336
4337
4339
4340
4341
4343
4345
4347
4348
4349
4350
4354
4355
4358
4359
4360
4362
4363
4365
4366
4367
4368
4369
4371
4372
4373
4375
4376
4377
4378
4379
4380
4381
4383
4384
4385
4386
4388
4389
4390
4391
4394
4395
4398
4399
4401
4402
4403
4405
4407
4408
4409
4411
4412
4413
4414
4418
4419
4420
4422
4423
4426
4427
4429
4430
4431
4432
4433
4435
4436
4438
4441
4442
4443
4444
4445
4446
4447
4448
4451
4452
4453
4455
4456
4457
4458
4460
4461
4462
4463
4465
4466
4467
4468
4469
4470
4474
4476
4479
4480
4481
4482
4484
4485
4488
4490
4491
4494
4495
4497
4498
4500
4502
4504
4505
4506
4509
4510
4512
4513
4515
4516
4518
4520
4521
4522
4524
4525
4527
4529
4532
4533
4536
4537
4538
4539
4540
4542
4544
4546
4547
4548
4549
4550
4553
4556
4561
4563
4567
4568
4569
4572
4573
4575
4576
4577
4578
4579
4580
4582
4583
4584
4585
4586
4589
4591
4592
4594
4595
4596
4597
4600
4601
4604
4605
4607
4608
4609
4611
4612
4614
4615
4616
4617
4620
4621
4624
4626
4628
4629
4630
4631
4632
4633
4636
4637
4638
4639
4640
4641
4644
4645
4646
4647
4648
4651
4652
4654
4655
4657
4658
4660
4663
4665
4666
4667
4668
4669
4671
4672
4674
4675
4677
4678
4679
4680
4681
4682
4683
4685
4691
4692
4695
4696
4697
4698
4699
4700
4701
4702
4704
4705
4708
4709
4710
4713
4714
4715
4717
4718
4719
4720
4721
4724
4726
4727
4728
4729
4730
4731
4732
4733
4737
4738
4739
4740
4742
4743
4745
4746
4747
4748
4753
4756
4758
4759
4760
4761
4762
4763
4764
4765
4768
4769
4770
4772
4773
4775
4780
4781
4782
4783
4784
4785
4787
4789
4790
4791
4792
4793
4794
4795
4796
4798
4799
4800
4801
4803
4804
4805
4806
4809
4810
4811
4812
4813
4814
4815
4817
4818
4819
4820
4822
4823
4824
4825
4826
4827
4828
4830
4832
4834
4835
4836
4838
4840
4841
4842
4848
4851
4852
4853
4854
4856
4857
4861
4863
4865
4866
4867
4869
4870
4871
4872
4873
4875
4876
4878
4882
4883
4885
4889
4890
4892
4893
4894
4895
4896
4898
4899
4900
4901
4902
4903
4905
4907
4908
4909
4910
4911
4912
4913
4914
4915
4916
4917
4919
4921
4922
4925
4926
4928
4930
4932
4933
4934
4940
4942
4943
4944
4946
4949
4951
4953
4955
4956
4957
4958
4959
4960
4961
4966
4968
4969
4970
4971
4974
4975
4976
4977
4979
4981
4982
4983
4984
4985
4986
4988
4989
4991
4995
4996
4997
4999
5003
5004
5005
5006
5007
5008
5009
5010
5011
5012
5013
5014
5015
5016
5017
5018
5019
5021
5023
5025
5027
5029
5030
5031
5032
5033
5034
5035
5037
5039
5040
5041
5042
5043
5044
5045
5046
5047
5049
5050
5051
5052
5053
5054
5056
5058
5059
5060
5061
5062
5063
5065
5066
5067
5069
5070
5071
5074
5076
5078
5079
5080
5082
5083
5085
5086
5087
5088
5092
5093
5094
5095
5098
5099
5100
5103
5104
5105
5107
5108
5109
5110
5111
5112
5113
5114
5115
5116
5117
5118
5119
5120
5121
5123
5124
5125
5126
5127
5128
5131
5132
5133
5135
5136
5137
5139
5140
5143
5146
5147
5148
5149
5150
5151
5152
5153
5155
5156
5157
5159
5160
5161
5162
5163
5164
5166
5168
5169
5172
5173
5174
5175
5177
5178
5179
5180
5181
5183
5184
5185
5186
5187
5188
5189
5191
5192
5193
5195
5196
5197
5199
5200
5201
5202
5203
5205
5206
5207
5208
5209
5210
5211
5212
5213
5216
5217
5220
5221
5223
5225
5226
5227
5228
5229
5230
5231
5233
5234
5235
5236
5237
5238
5239
5240
5241
5244
5246
5247
5248
5249
5250
5251
5254
5256
5258
5263
5264
5266
5267
5268
5270
5271
5274
5275
5276
5277
5278
5279
5280
5282
5283
5287
5288
5290
5291
5292
5293
5294
5295
5298
5301
5305
5308
5309
5310
5311
5314
5315
5317
5320
5321
5322
5323
5325
5327
5328
5329
5332
5334
5336
5340
5341
5343
5345
5348
5349
5350
5351
5355
5356
5358
5359
5360
5363
5366
5367
5370
5371
5375
5376
5377
5378
5380
5381
5385
5386
5387
5389
5391
5393
5394
5397
5399
5400
5401
5403
5404
5405
5406
5408
5409
5410
5412
5413
5417
5418
5419
5420
5421
5422
5423
5424
5425
5427
5428
5429
5430
5431
5433
5436
5438
5439
5441
5443
5444
5445
5446
5449
5450
5452
5453
5454
5455
5457
5458
5460
5464
5465
5468
5470
5472
5473
5476
5479
5480
5481
5482
5483
5485
5486
5488
5489
5490
5491
5494
5495
5496
5497
5498
5499
5500
5501
5502
5503
5504
5505
5506
5508
5509
5510
5511
5512
5513
5516
5519
5520
5521
5523
5525
5526
5527
5528
5530
5531
5535
5536
5537
5538
5539
5540
5541
5542
5543
5544
5545
5549
5550
5553
5554
5555
5556
5557
5558
5560
5563
5564
5565
5566
5569
5571
5573
5574
5575
5578
5579
5580
5581
5582
5583
5584
5585
5586
5588
5590
5591
5593
5594
5595
5597
5599
5602
5603
5604
5607
5608
5609
5610
5613
5616
5619
5620
5622
5623
5624
5625
5626
5627
5628
5630
5633
5635
5636
5637
5641
5643
5644
5645
5648
5649
5650
5652
5653
5655
5657
5658
5659
5660
5661
5663
5664
5665
5667
5668
5669
5670
5671
5673
5674
5675
5676
5677
5679
5680
5681
5682
5683
5685
5687
5688
5690
5691
5692
5693
5694
5695
5697
5699
5700
5702
5703
5704
5709
5710
5712
5714
5715
5717
5718
5719
5720
5722
5723
5724
5725
5726
5727
5729
5730
5731
5733
5735
5736
5737
5738
5739
5740
5741
5743
5744
5745
5746
5747
5748
5749
5750
5751
5752
5754
5755
5756
5760
5761
5762
5763
5765
5766
5767
5768
5769
5771
5772
5773
5775
5777
5778
5779
5780
5781
5782
5783
5784
5785
5786
5791
5795
5796
5798
5799
5801
5803
5804
5806
5807
5808
5809
5810
5811
5814
5815
5816
5818
5822
5824
5825
5826
5828
5831
5832
5834
5835
5837
5840
5841
5842
5844
5845
5846
5847
5849
5850
5851
5852
5854
5855
5856
5857
5858
5859
5861
5864
5866
5867
5868
5871
5872
5873
5874
5877
5878
5880
5881
5882
5883
5884
5885
5889
5890
5892
5895
5896
5897
5898
5899
5900
5901
5903
5905
5906
5907
5908
5910
5912
5913
5914
5915
5916
5917
5920
5921
5923
5925
5928
5929
5932
5934
5935
5937
5938
5940
5942
5943
5945
5948
5949
5950
5953
5955
5957
5958
5959
5960
5962
5965
5966
5967
5968
5969
5970
5973
5974
5977
5980
5982
5984
5985
5986
5987
5988
5989
5990
5991
5993
5994
5996
5997
5998
5999
6002
6003
6004
6005
6006
6008
6009
6010
6011
6012
6013
6014
6015
6018
6019
6020
6021
6022
6023
6024
6025
6026
6029
6030
6033
6034
6035
6036
6039
6041
6046
6049
6050
6054
6055
6057
6058
6059
6060
6061
6062
6064
6066
6067
6068
6069
6072
6073
6075
6076
6081
6082
6084
6085
6089
6090
6091
6096
6097
6099
6100
6101
6102
6104
6108
6109
6110
6111
6114
6115
6116
6118
6119
6120
6123
6124
6126
6128
6129
6130
6131
6133
6137
6138
6142
6143
6144
6145
6146
6147
6148
6152
6153
6154
6155
6156
6159
6160
6161
6162
6164
6166
6167
6168
6169
6172
6173
6174
6175
6176
6177
6178
6181
6186
6188
6189
6190
6191
6192
6193
6194
6198
6199
6200
6201
6202
6205
6207
6208
6209
6210
6211
6212
6214
6215
6216
6217
6218
6219
6221
6222
6223
6225
6226
6229
6230
6231
6232
6233
6234
6235
6239
6240
6241
6242
6244
6245
6246
6247
6248
6249
6251
6252
6253
6254
6256
6257
6259
6260
6261
6262
6263
6264
6267
6268
6269
6270
6271
6272
6273
6274
6275
6276
6277
6279
6280
6282
6284
6285
6287
6288
6289
6290
6291
6292
6293
6294
6295
6296
6297
6298
6300
6301
6302
6303
6304
6305
6307
6308
6312
6313
6314
6315
6317
6318
6319
6320
6322
6323
6324
6325
6328
6329
6330
6332
6333
6334
6335
6336
6339
6341
6344
6346
6347
6350
6356
6358
6359
6360
6361
6362
6363
6366
6367
6369
6370
6372
6373
6375
6377
6378
6382
6384
6385
6387
6388
6389
6390
6391
6392
6393
6394
6395
6397
6398
6399
6400
6401
6402
6403
6404
6405
6406
6407
6408
6409
6410
6411
6412
6413
6417
6418
6419
6421
6422
6423
6425
6427
6428
6431
6432
6434
6437
6438
6439
6444
6445
6446
6447
6448
6449
6450
6451
6452
6453
6454
6455
6456
6457
6458
6460
6461
6462
6465
6466
6467
6468
6469
6471
6472
6474
6475
6476
6477
6478
6479
6480
6482
6483
6484
6485
6487
6488
6489
6490
6491
6492
6493
6494
6495
6496
6499
6500
6502
6503
6504
6506
6508
6509
6514
6515
6516
6517
6518
6519
6521
6523
6524
6525
6527
6530
6531
6532
6533
6536
6537
6538
6539
6540
6542
6544
6547
6548
6549
6551
6552
6553
6554
6555
6556
6559
6564
6565
6566
6567
6569
6571
6573
6577
6578
6579
6580
6581
6585
6586
6590
6591
6592
6594
6596
6597
6598
6601
6603
6604
6606
6607
6608
6609
6610
6612
6613
6615
6616
6617
6619
6620
6622
6624
6626
6628
6629
6630
6631
6633
6634
6636
6637
6638
6640
6641
6642
6643
6644
6645
6647
6649
6652
6653
6654
6655
6656
6659
6660
6662
6663
6664
6665
6666
6667
6668
6671
6673
6674
6675
6677
6678
6680
6682
6684
6685
6686
6687
6688
6689
6690
6691
6692
6693
6700
6701
6702
6705
6709
6710
6713
6716
6717
6719
6720
6721
6722
6723
6726
6727
6729
6730
6731
6732
6733
6736
6737
6738
6740
6742
6744
6746
6748
6750
6751
6752
6753
6754
6759
6760
6763
6764
6766
6767
6768
6769
6770
6771
6772
6773
6774
6776
6777
6778
6779
6780
6781
6782
6784
6785
6786
6787
6788
6789
6790
6791
6793
6794
6795
6796
6798
6800
6801
6802
6806
6810
6811
6812
6814
6815
6818
6819
6822
6827
6828
6831
6832
6833
6836
6837
6838
6839
6840
6841
6842
6843
6846
6847
6848
6849
6850
6853
6854
6856
6857
6858
6860
6861
6864
6867
6869
6870
6871
6872
6874
6876
6877
6878
6879
6881
6882
6883
6884
6885
6887
6888
6889
6890
6892
6893
6894
6896
6897
6898
6899
6900
6904
6905
6908
6910
6914
6915
6917
6918
6919
6920
6921
6923
6924
6926
6929
6930
6931
6932
6933
6934
6935
6936
6937
6938
6939
6940
6944
6947
6949
6950
6951
6952
6954
6955
6956
6957
6958
6959
6960
6961
6963
6964
6965
6967
6969
6971
6972
6974
6975
6976
6978
6980
6981
6982
6986
6990
6993
6994
6995
6996
6997
6998
7000
7002
7003
7004
7005
7006
7007
7008
7010
7011
7012
7013
7015
7016
7017
7018
7020
7023
7024
7025
7026
7027
7030
7031
7032
7033
7034
7037
7039
7040
7041
7043
7045
7046
7048
7050
7051
7052
7053
7058
7060
7061
7064
7066
7067
7068
7069
7072
7073
7074
7075
7076
7078
7079
7080
7081
7082
7083
7084
7086
7088
7089
7092
7095
7096
7097
7098
7100
7102
7103
7104
7105
7107
7109
7111
7113
7115
7116
7117
7118
7119
7120
7121
7122
7124
7125
7127
7130
7131
7132
7134
7135
7136
7137
7138
7140
7142
7144
7146
7147
7148
7149
7150
7152
7153
7155
7156
7158
7159
7160
7161
7162
7163
7164
7171
7175
7177
7178
7180
7183
7184
7187
7191
7192
7194
7195
7196
7197
7198
7199
7200
7201
7202
7203
7204
7205
7206
7208
7210
7211
7212
7213
7214
7215
7216
7217
7218
7219
7220
7221
7222
7223
7224
7226
7227
7228
7229
7230
7231
7232
7234
7235
7237
7238
7240
7241
7242
7243
7245
7248
7251
7252
7254
7255
7256
7257
7259
7260
7261
7264
7266
7267
7268
7269
7270
7272
7273
7274
7275
7278
7279
7280
7282
7284
7286
7287
7288
7290
7291
7292
7293
7294
7295
7296
7297
7298
7299
7300
7301
7305
7306
7307
7310
7311
7312
7313
7314
7315
7316
7319
7321
7322
7323
7324
7325
7327
7329
7330
7331
7332
7334
7335
7337
7340
7341
7342
7343
7344
7345
7347
7349
7350
7351
7352
7353
7356
7357
7358
7360
7362
7363
7364
7365
7366
7367
7368
7369
7371
7373
7374
7375
7376
7377
7378
7379
7381
7383
7385
7386
7387
7388
7389
7390
7391
7392
7393
7394
7395
7396
7398
7399
7400
7401
7402
7403
7404
7405
7406
7407
7408
7409
7411
7412
7413
7414
7417
7418
7420
7421
7422
7423
7424
7425
7426
7427
7429
7430
7432
7434
7437
7439
7440
7442
7443
7444
7445
7446
7447
7449
7450
7451
7452
7453
7454
7456
7457
7458
7460
7461
7462
7464
7469
7470
7471
7473
7474
7475
7476
7477
7479
7480
7481
7482
7483
7484
7485
7486
7487
7488
7490
7491
7493
7494
7495
7496
7498
7499
7501
7504
7505
7506
7507
7508
7509
7510
7511
7512
7513
7517
7518
7519
7522
7523
7524
7527
7528
7530
7531
7532
7533
7534
7535
7536
7537
7538
7540
7541
7542
7545
7546
7547
7548
7549
7550
7553
7554
7555
7557
7558
7560
7562
7564
7565
7567
7568
7570
7572
7577
7581
7582
7584
7585
7586
7587
7589
7590
7591
7596
7597
7598
7599
7600
7601
7602
7603
7605
7608
7609
7611
7612
7613
7614
7615
7616
7617
7618
7619
7621
7623
7624
7625
7626
7627
7628
7629
7630
7631
7632
7634
7635
7636
7637
7638
7639
7640
7641
7642
7643
7644
7645
7646
7647
7649
7650
7651
7653
7654
7656
7657
7660
7663
7664
7665
7666
7667
7668
7669
7670
7671
7672
7673
7675
7676
7677
7678
7679
7680
7681
7682
7684
7685
7686
7687
7688
7689
7690
7692
7694
7699
7700
7702
7703
7704
7705
7706
7707
7708
7709
7710
7713
7714
7716
7717
7718
7720
7721
7723
7724
7725
7726
7728
7729
7732
7733
7735
7738
7740
7743
7746
7749
7750
7751
7753
7754
7755
7756
7757
7758
7759
7760
7761
7764
7766
7767
7768
7769
7770
7774
7775
7777
7780
7781
7782
7783
7788
7791
7793
7794
7795
7797
7798
7799
7801
7802
7803
7804
7805
7807
7809
7811
7812
7813
7814
7815
7816
7817
7818
7819
7820
7821
7822
7823
7824
7826
7827
7829
7833
7834
7835
7836
7837
7838
7839
7841
7842
7843
7844
7845
7846
7847
7850
7851
7852
7855
7858
7859
7861
7862
7863
7864
7865
7866
7868
7870
7871
7872
7874
7876
7877
7878
7879
7880
7881
7882
7883
7885
7886
7887
7889
7891
7893
7895
7897
7899
7900
7901
7904
7906
7908
7912
7917
7918
7921
7922
7924
7925
7926
7927
7928
7929
7930
7933
7934
7935
7937
7938
7939
7940
7941
7945
7946
7947
7949
7950
7951
7952
7953
7957
7958
7959
7960
7961
7962
7963
7964
7965
7966
7969
7970
7971
7972
7973
7976
7978
7979
7980
7981
7983
7985
7986
7987
7988
7989
7990
7991
7992
7994
7996
7997
7999
8000
8002
8004
8006
8007
8010
8011
8012
8013
8014
8015
8016
8017
8018
8020
8025
8027
8029
8030
8031
8033
8034
8035
8036
8038
8039
8040
8043
8044
8045
8048
8050
8051
8052
8055
8057
8058
8060
8062
8065
8066
8067
8068
8069
8070
8072
8073
8074
8076
8077
8078
8080
8083
8084
8085
8086
8087
8088
8089
8090
8092
8093
8094
8096
8099
8101
8102
8103
8104
8107
8108
8109
8110
8111
8112
8114
8115
8116
8118
8119
8122
8123
8124
8125
8126
8127
8128
8130
8131
8132
8133
8134
8135
8136
8138
8139
8140
8141
8142
8144
8145
8147
8148
8149
8150
8152
8154
8157
8158
8159
8161
8164
8165
8168
8170
8171
8172
8174
8175
8176
8179
8180
8181
8182
8183
8185
8186
8188
8189
8190
8191
8192
8194
8196
8200
8201
8202
8203
8205
8206
8207
8208
8209
8210
8212
8213
8215
8216
8217
8218
8219
8221
8224
8225
8226
8227
8228
8229
8230
8231
8232
8234
8235
8236
8237
8238
8239
8241
8243
8244
8245
8246
8247
8248
8249
8251
8255
8256
8257
8258
8261
8262
8263
8264
8265
8266
8267
8268
8269
8270
8271
8272
8273
8274
8277
8278
8283
8286
8289
8291
8292
8293
8295
8296
8297
8298
8299
8300
8301
8302
8303
8304
8305
8307
8308
8309
8310
8312
8313
8314
8315
8316
8317
8319
8320
8321
8324
8325
8326
8327
8328
8329
8331
8333
8335
8336
8338
8339
8341
8342
8344
8345
8347
8348
8349
8351
8352
8353
8355
8356
8357
8359
8360
8361
8362
8363
8365
8366
8368
8370
8372
8373
8374
8375
8376
8377
8378
8380
8382
8383
8386
8388
8390
8391
8392
8393
8395
8398
8399
8400
8401
8403
8407
8408
8409
8411
8412
8413
8414
8416
8417
8420
8421
8422
8423
8424
8425
8426
8428
8429
8430
8431
8433
8435
8436
8438
8442
8445
8446
8447
8449
8450
8451
8452
8454
8456
8458
8459
8460
8462
8463
8465
8466
8467
8469
8471
8472
8473
8474
8475
8476
8477
8478
8479
8480
8481
8484
8485
8487
8488
8489
8492
8493
8494
8496
8497
8498
8499
8500
8501
8502
8503
8504
8506
8507
8508
8510
8514
8515
8517
8518
8519
8520
8521
8522
8523
8525
8527
8528
8529
8530
8531
8532
8533
8534
8536
8537
8538
8539
8541
8542
8543
8544
8546
8548
8549
8550
8552
8553
8554
8555
8556
8558
8560
8561
8562
8564
8565
8567
8568
8569
8572
8573
8574
8575
8576
8579
8581
8582
8583
8587
8588
8589
8590
8591
8592
8593
8594
8595
8596
8599
8600
8603
8605
8606
8607
8608
8609
8610
8611
8612
8614
8616
8617
8619
8621
8622
8624
8625
8626
8628
8629
8630
8631
8633
8634
8635
8636
8637
8638
8641
8642
8643
8644
8645
8647
8648
8650
8651
8653
8654
8655
8656
8657
8658
8659
8661
8662
8663
8664
8665
8666
8667
8668
8669
8670
8671
8673
8674
8676
8677
8678
8679
8680
8681
8682
8683
8685
8686
8688
8690
8691
8692
8694
8695
8696
8700
8701
8702
8704
8705
8706
8707
8708
8709
8710
8711
8712
8713
8714
8715
8717
8718
8721
8722
8723
8724
8725
8726
8728
8730
8731
8732
8733
8734
8735
8737
8738
8740
8741
8743
8745
8746
8747
8748
8749
8750
8752
8753
8755
8756
8757
8759
8760
8761
8762
8763
8766
8767
8768
8769
8770
8773
8774
8775
8776
8777
8778
8780
8781
8783
8784
8786
8787
8788
8789
8790
8793
8794
8795
8798
8801
8802
8803
8804
8805
8808
8810
8811
8813
8816
8817
8819
8820
8821
8822
8823
8824
8825
8826
8827
8828
8829
8830
8832
8834
8835
8837
8838
8840
8841
8843
8844
8845
8846
8847
8849
8850
8853
8854
8855
8857
8858
8859
8860
8861
8863
8864
8865
8867
8868
8870
8873
8874
8875
8877
8878
8879
8880
8881
8883
8884
8886
8887
8888
8890
8891
8892
8894
8895
8896
8897
8898
8899
8901
8902
8903
8905
8908
8909
8910
8911
8912
8914
8915
8918
8921
8922
8923
8924
8925
8926
8927
8929
8931
8932
8933
8935
8936
8939
8942
8943
8945
8946
8947
8948
8954
8955
8956
8958
8959
8961
8962
8963
8965
8966
8967
8968
8969
8970
8971
8973
8974
8975
8980
8982
8985
8986
8987
8988
8989
8990
8991
8992
8993
8994
8997
8998
8999
9000
9001
9003
9004
9005
9006
9009
9010
9012
9014
9015
9020
9021
9022
9024
9025
9026
9027
9028
9029
9030
9031
9033
9034
9035
9036
9037
9043
9046
9047
9048
9049
9051
9052
9053
9055
9056
9058
9059
9062
9063
9065
9066
9067
9068
9069
9070
9072
9073
9074
9075
9076
9078
9079
9080
9081
9082
9083
9087
9088
9089
9090
9091
9092
9093
9094
9096
9097
9098
9099
9100
9102
9103
9104
9105
9106
9107
9109
9110
9111
9112
9113
9115
9118
9119
9120
9122
9123
9124
9125
9126
9127
9129
9130
9131
9132
9133
9134
9136
9137
9138
9141
9142
9145
9146
9147
9148
9151
9152
9153
9154
9156
9157
9159
9160
9161
9162
9164
9165
9167
9170
9171
9172
9173
9174
9175
9176
9177
9178
9179
9181
9182
9185
9186
9187
9188
9189
9190
9192
9193
9194
9195
9196
9197
9198
9199
9200
9202
9203
9204
9205
9206
9207
9208
9210
9211
9213
9214
9216
9221
9222
9224
9225
9226
9227
9230
9231
9233
9234
9235
9236
9239
9240
9242
9243
9244
9246
9247
9248
9250
9251
9252
9253
9254
9256
9258
9260
9262
9263
9264
9265
9267
9269
9270
9271
9273
9274
9275
9276
9277
9278
9279
9280
9281
9282
9285
9286
9287
9288
9289
9291
9292
9293
9294
9295
9296
9298
9299
9300
9301
9302
9303
9305
9306
9307
9309
9310
9311
9312
9313
9314
9315
9316
9318
9319
9320
9322
9323
9326
9327
9328
9329
9330
9332
9333
9334
9335
9336
9337
9339
9341
9342
9343
9344
9345
9346
9347
9348
9349
9350
9351
9352
9353
9354
9355
9356
9359
9360
9362
9363
9364
9365
9366
9367
9369
9371
9372
9373
9374
9377
9379
9380
9382
9383
9384
9385
9386
9388
9390
9394
9395
9396
9397
9401
9405
9406
9408
9409
9410
9411
9413
9414
9415
9417
9418
9420
9421
9423
9424
9425
9426
9427
9428
9429
9430
9431
9433
9434
9435
9436
9437
9438
9439
9441
9442
9443
9446
9448
9450
9451
9453
9454
9456
9457
9458
9459
9460
9462
9463
9465
9466
9470
9471
9472
9473
9474
9477
9478
9479
9480
9484
9485
9487
9489
9490
9491
9494
9497
9499
9500
9502
9504
9505
9506
9507
9508
9509
9511
9512
9513
9514
9515
9516
9518
9519
9520
9521
9525
9526
9527
9528
9529
9530
9531
9532
9533
9535
9536
9537
9538
9539
9540
9542
9543
9544
9545
9546
9547
9548
9549
9551
9552
9553
9554
9555
9556
9557
9558
9559
9560
9562
9563
9566
9567
9568
9569
9570
9571
9573
9576
9577
9578
9579
9580
9581
9582
9583
9584
9585
9586
9587
9589
9590
9593
9594
9595
9596
9597
9601
9606
9607
9608
9609
9610
9614
9615
9616
9617
9618
9619
9620
9621
9622
9624
9625
9627
9628
9629
9631
9632
9633
9634
9635
9636
9638
9639
9641
9643
9644
9645
9646
9647
9648
9649
9650
9651
9652
9654
9655
9656
9657
9658
9660
9661
9663
9667
9669
9672
9674
9675
9676
9677
9678
9679
9680
9681
9683
9684
9685
9686
9688
9689
9691
9692
9693
9694
9695
9696
9697
9699
9700
9701
9702
9703
9705
9706
9707
9709
9710
9712
9715
9716
9717
9718
9719
9720
9724
9725
9727
9729
9730
9731
9732
9733
9734
9736
9737
9739
9740
9741
9742
9743
9745
9746
9747
9748
9749
9750
9751
9754
9755
9756
9757
9758
9759
9760
9762
9763
9765
9766
9767
9768
9769
9770
9771
9772
9773
9774
9776
9778
9779
9780
9782
9783
9784
9785
9788
9789
9790
9792
9793
9794
9795
9796
9797
9798
9800
9802
9803
9804
9805
9806
9808
9809
9811
9814
9816
9817
9818
9819
9820
9821
9822
9823
9825
9827
9828
9829
9830
9831
9832
9833
9835
9836
9837
9838
9839
9840
9841
9846
9847
9848
9851
9852
9853
9854
9855
9857
9858
9860
9863
9864
9866
9867
9869
9873
9874
9875
9876
9878
9879
9880
9881
9882
9884
9885
9886
9887
9888
9889
9890
9891
9894
9895
9897
9898
9899
9900
9901
9902
9903
9904
9905
9906
9907
9909
9910
9911
9912
9913
9914
9916
9917
9918
9919
9920
9921
9924
9925
9926
9928
9929
9931
9932
9933
9934
9935
9936
9937
9940
9941
9942
9943
9945
9946
9949
9950
9951
9952
9954
9955
9956
9957
9958
9959
9960
9961
9964
9965
9966
9968
9969
9970
9972
9973
9974
9975
9977
9978
9979
9980
9981
9982
9983
9984
9985
9986
9991
9992
9993
9994
9995
9996
9999
10001
10002
10003
10004
10005
10006
10007
10008
10009
10011
10012
10013
10014
10019
10020
10021
10022
10023
10024
10026
10027
10028
10030
10032
10034
10035
10036
10037
10038
10039
10040
10041
10043
10044
10046
10047
10048
10050
10051
10053
10055
10056
10057
10058
10059
10060
10061
10062
10063
10064
10066
10067
10068
10069
10070
10072
10073
10074
10075
10076
10077
10080
10081
10084
10085
10086
10087
10089
10090
10091
10092
10093
10094
10095
10096
10097
10098
10099
10100
10101
10102
10103
10107
10108
10109
10111
10112
10113
10114
10115
10116
10117
10119
10120
10122
10123
10126
10127
10128
10129
10131
10132
10133
10134
10135
10136
10138
10139
10142
10143
10144
10145
10146
10147
10148
10149
10150
10152
10153
10154
10157
10158
10160
10161
10162
10164
10165
10167
10168
10169
10170
10171
10172
10173
10176
10177
10178
10179
10180
10181
10182
10183
10184
10185
10186
10188
10190
10191
10192
10195
10196
10197
10198
10199
10200
10201
10203
10205
10206
10209
10210
10211
10212
10213
10214
10215
10216
10218
10219
10221
10223
10224
10225
10226
10227
10228
10230
10231
10232
10234
10237
10238
10240
10241
10243
10244
10245
10246
10247
10248
10249
10250
10251
10252
10253
10256
10257
10260
10261
10262
10265
10266
10267
10268
10269
10270
10271
10272
10273
10275
10276
10279
10280
10282
10283
10285
10288
10289
10290
10293
10294
10295
10299
10301
10302
10303
10309
10310
10311
10313
10314
10315
10316
10317
10318
10319
10320
10322
10323
10324
10325
10326
10328
10329
10330
10332
10333
10334
10336
10337
10338
10339
10340
10343
10346
10347
10348
10349
10350
10353
10354
10355
10356
10358
10359
10360
10361
10362
10363
10365
10366
10367
10368
10369
10370
10372
10374
10375
10376
10379
10381
10383
10384
10385
10386
10387
10389
10390
10392
10394
10395
10396
10397
10398
10399
10400
10402
10403
10406
10408
10409
10410
10411
10412
10414
10415
10416
10418
10420
10421
10422
10423
10425
10427
10429
10431
10433
10434
10436
10437
10438
10439
10440
10441
10444
10445
10447
10448
10449
10450
10455
10456
10460
10464
10465
10467
10468
10469
10470
10472
10473
10474
10475
10477
10478
10479
10481
10483
10484
10487
10489
10491
10492
10493
10494
10495
10496
10497
10500
10501
10504
10506
10507
10508
10509
10510
10511
10513
10514
10515
10516
10518
10519
10520
10522
10523
10524
10526
10527
10528
10529
10531
10532
10533
10534
10535
10536
10538
10540
10541
10542
10543
10544
10545
10546
10547
10549
10553
10554
10555
10556
10558
10559
10560
10563
10564
10565
10566
10567
10568
10570
10571
10572
10573
10574
10575
10576
10578
10579
10580
10581
10582
10585
10586
10587
10588
10589
10590
10591
10593
10594
10595
10596
10598
10599
10600
10602
10603
10605
10606
10607
10608
10609
10610
10611
10612
10613
10614
10615
10617
10618
10619
10620
10621
10622
10623
10624
10625
10626
10627
10628
10630
10634
10637
10638
10639
10640
10641
10642
10644
10645
10647
10648
10649
10651
10652
10654
10656
10657
10658
10659
10660
10661
10662
10663
10664
10665
10666
10667
10668
10669
10670
10671
10672
10674
10676
10677
10678
10680
10681
10682
10683
10684
10685
10686
10687
10688
10689
10690
10691
10692
10693
10696
10697
10698
10699
10700
10701
10702
10703
10704
10705
10706
10707
10708
10710
10711
10712
10713
10714
10715
10716
10717
10718
10719
10720
10721
10729
10730
10731
10734
10735
10737
10738
10740
10742
10743
10745
10746
10747
10748
10749
10750
10753
10754
10755
10757
10758
10759
10760
10761
10762
10763
10764
10766
10767
10768
10769
10772
10773
10775
10777
10779
10780
10783
10784
10785
10788
10791
10792
10794
10795
10796
10797
10798
10799
10800
10801
10802
10803
10805
10808
10809
10811
10815
10816
10818
10819
10820
10821
10822
10823
10824
10825
10826
10827
10828
10830
10831
10832
10833
10834
10835
10837
10839
10841
10843
10844
10846
10847
10848
10850
10851
10853
10854
10855
10857
10858
10859
10860
10861
10863
10864
10865
10866
10867
10868
10870
10871
10873
10874
10876
10877
10878
10880
10881
10882
10884
10885
10886
10887
10889
10890
10891
10892
10893
10898
10899
10901
10904
10905
10906
10907
10908
10909
10911
10912
10913
10914
10915
10916
10917
10918
10920
10921
10925
10927
10928
10929
10930
10931
10932
10934
10935
10936
10938
10939
10940
10941
10942
10943
10944
10945
10946
10947
10948
10950
10952
10953
10955
10956
10959
10960
10961
10962
10964
10967
10969
10970
10971
10972
10973
10974
10975
10977
10978
10979
10980
10981
10982
10983
10984
10985
10986
10987
10988
10989
10990
10991
10992
10995
10996
10997
10998
10999
11000
11001
11002
11003
11005
11006
11007
11008
11009
11010
11011
11014
11015
11016
11017
11018
11019
11020
11021
11022
11024
11025
11026
11027
11028
11029
11030
11032
11034
11035
11037
11038
11042
11043
11047
11048
11049
11050
11052
11053
11054
11055
11056
11059
11060
11061
11062
11063
11065
11066
11067
11068
11069
11070
11071
11072
11073
11074
11075
11076
11077
11079
11082
11084
11086
11087
11089
11090
11091
11092
11093
11094
11095
11096
11097
11098
11099
11101
11103
11104
11105
11108
11110
11111
11112
11113
11114
11115
11117
11118
11119
11122
11123
11124
11126
11127
11128
11130
11131
11132
11133
11134
11136
11137
11138
11139
11142
11143
11146
11148
11149
11150
11151
11152
11154
11157
11158
11159
11160
11161
11162
11163
11167
11168
11170
11172
11174
11175
11178
11179
11180
11181
11184
11185
11186
11187
11191
11192
11193
11194
11196
11198
11199
11200
11201
11202
11203
11207
11208
11209
11210
11211
11212
11213
11214
11215
11216
11217
11218
11219
11221
11224
11225
11226
11229
11230
11231
11234
11235
11237
11238
11239
11240
11242
11243
11244
11245
11246
11249
11250
11251
11252
11254
11255
11257
11259
11260
11261
11262
11263
11264
11265
11266
11267
11270
11271
11272
11273
11274
11275
11276
11278
11279
11281
11282
11283
11284
11286
11287
11288
11289
11291
11292
11293
11295
11297
11299
11300
11302
11303
11305
11306
11307
11309
11310
11312
11314
11315
11317
11319
11320
11323
11324
11325
11326
11327
11328
11329
11330
11331
11333
11334
11335
11337
11338
11339
11340
11342
11344
11345
11348
11349
11350
11351
11353
11354
11355
11356
11357
11358
11359
11360
11361
11363
11364
11366
11369
11372
11373
11374
11375
11376
11377
11378
11379
11380
11381
11382
11383
11385
11386
11387
11388
11390
11392
11393
11397
11398
11399
11401
11402
11403
11404
11405
11406
11408
11409
11410
11411
11412
11413
11414
11417
11418
11420
11421
11422
11423
11424
11425
11427
11429
11431
11432
11433
11434
11437
11439
11441
11442
11443
11444
11445
11446
11448
11449
11450
11452
11454
11455
11457
11458
11459
11460
11462
11463
11464
11465
11466
11467
11468
11469
11471
11472
11473
11474
11475
11476
11478
11479
11480
11481
11482
11484
11485
11486
11487
11489
11491
11493
11495
11496
11497
11498
11499
11500
11502
11503
11504
11505
11506
11507
11508
11509
11510
11511
11512
11513
11515
11517
11518
11519
11520
11521
11522
11523
11524
11525
11526
11527
11529
11530
11531
11533
11534
11535
11536
11537
11539
11540
11541
11542
11544
11545
11547
11548
11549
11551
11552
11554
11555
11556
11558
11559
11560
11561
11562
11564
11565
11567
11568
11569
11570
11571
11572
11575
11577
11578
11581
11582
11583
11584
11585
11586
11588
11589
11593
11594
11595
11596
11598
11599
11601
11603
11605
11606
11607
11608
11609
11610
11611
11612
11613
11614
11615
11616
11617
11620
11621
11623
11624
11626
11627
11628
11630
11631
11632
11634
11636
11637
11638
11640
11641
11642
11643
11644
11645
11646
11647
11648
11649
11650
11651
11652
11654
11657
11660
11663
11664
11665
11667
11668
11670
11671
11673
11674
11675
11676
11677
11681
11682
11684
11685
11686
11688
11689
11692
11693
11695
11696
11699
11700
11701
11702
11703
11704
11705
11706
11707
11708
11709
11710
11711
11713
11714
11715
11716
11718
11720
11721
11722
11724
11725
11726
11727
11728
11729
11730
11731
11732
11733
11735
11736
11737
11738
11739
11740
11741
11742
11743
11744
11745
11749
11752
11753
11755
11757
11758
11760
11761
11762
11763
11764
11765
11766
11768
11769
11771
11772
11773
11775
11777
11780
11781
11783
11785
11786
11787
11788
11789
11790
11793
11794
11796
11797
11798
11799
11800
11802
11803
11804
11805
11806
11807
11812
11814
11816
11817
11818
11819
11820
11821
11823
11824
11825
11826
11827
11828
11830
11831
11832
11833
11835
11836
11837
11838
11839
11841
11842
11843
11844
11847
11849
11850
11852
11853
11854
11855
11856
11858
11859
11860
11861
11863
11864
11865
11866
11867
11868
11869
11871
11872
11873
11874
11875
11876
11877
11878
11880
11882
11883
11884
11885
11887
11890
11891
11896
11897
11898
11899
11900
11901
11903
11904
11905
11906
11907
11908
11909
11911
11912
11913
11915
11916
11917
11918
11919
11922
11923
11924
11925
11927
11928
11929
11931
11932
11933
11934
11935
11937
11938
11940
11941
11942
11943
11945
11948
11949
11950
11951
11953
11954
11955
11957
11958
11959
11961
11962
11963
11964
11965
11966
11967
11970
11971
11973
11974
11975
11977
11978
11979
11980
11981
11982
11983
11984
11985
11987
11989
11990
11994
11996
11997
11998
11999
12000
12002
12003
12004
12005
12007
12008
12009
12010
12011
12012
12014
12016
12017
12018
12019
12020
12022
12023
12026
12027
12028
12029
12030
12031
12032
12033
12034
12035
12036
12038
12040
12042
12043
12045
12047
12049
12051
12054
12055
12056
12057
12058
12063
12064
12067
12068
12070
12071
12072
12074
12075
12076
12079
12080
12081
12082
12084
12085
12086
12087
12088
12089
12090
12092
12093
12094
12095
12096
12097
12099
12100
12101
12102
12105
12106
12107
12108
12109
12110
12111
12112
12113
12114
12115
12116
12117
12118
12119
12120
12122
12124
12126
12127
12128
12129
12130
12132
12133
12135
12136
12137
12138
12139
12142
12143
12144
12145
12146
12147
12149
12150
12151
12153
12154
12158
12160
12161
12163
12164
12165
12166
12167
12168
12169
12170
12171
12172
12173
12175
12176
12179
12180
12181
12182
12183
12184
12185
12186
12187
12188
12190
12191
12192
12194
12196
12197
12199
12201
12202
12203
12204
12206
12208
12209
12210
12211
12212
12213
12214
12216
12218
12220
12221
12222
12223
12224
12225
12226
12231
12233
12234
12235
12236
12237
12238
12239
12240
12241
12242
12243
12245
12246
12248
12249
12251
12252
12253
12254
12255
12256
12257
12259
12260
12262
12264
12265
12267
12268
12270
12271
12272
12273
12274
12275
12276
12279
12280
12284
12286
12288
12289
12290
12291
12292
12294
12295
12296
12297
12298
12299
12300
12301
12302
12303
12304
12306
12309
12312
12315
12316
12318
12319
12322
12323
12324
12325
12326
12328
12329
12330
12331
12332
12333
12334
12337
12338
12340
12341
12342
12343
12344
12345
12349
12350
12352
12353
12354
12356
12357
12359
12360
12362
12364
12365
12366
12367
12369
12370
12371
12372
12373
12374
12375
12377
12378
12379
12380
12381
12382
12384
12385
12388
12389
12390
12391
12392
12393
12394
12395
12396
12397
12398
12399
12400
12402
12403
12404
12406
12407
12408
12409
12411
12412
12413
12414
12416
12418
12421
12422
12423
12424
12426
12428
12430
12431
12432
12433
12434
12435
12436
12437
12438
12440
12441
12442
12443
12444
12445
12446
12447
12448
12449
12450
12451
12452
12453
12454
12455
12457
12460
12462
12464
12466
12467
12468
12469
12470
12471
12472
12473
12474
12475
12476
12478
12479
12480
12481
12483
12484
12486
12487
12488
12491
12492
12493
12494
12496
12497
12498
12499
12500
12501
12504
12505
12508
12509
12510
12512
12513
12514
12516
12518
12519
12520
12522
12524
12525
12526
12527
12530
12531
12532
12533
12535
12537
12538
12539
12540
12541
12543
12545
12546
12547
12548
12549
12550
12552
12555
12557
12559
12560
12561
12562
12563
12564
12565
12566
12567
12568
12569
12571
12574
12575
12577
12578
12579
12580
12581
12582
12583
12584
12587
12589
12590
12592
12593
12595
12596
12597
12598
12599
12600
12602
12604
12605
12606
12608
12609
12610
12612
12613
12614
12616
12617
12618
12619
12620
12621
12623
12624
12625
12626
12627
12628
12629
12630
12631
12632
12633
12635
12637
12640
12643
12644
12645
12647
12649
12651
12652
12656
12657
12658
12659
12660
12661
12662
12663
12666
12667
12670
12671
12672
12673
12674
12676
12677
12678
12679
12684
12685
12686
12687
12689
12690
12691
12693
12694
12695
12696
12697
12698
12699
12700
12702
12703
12705
12707
12708
12709
12710
12711
12712
12713
12714
12715
12716
12717
12719
12720
12721
12722
12724
12725
12726
12727
12728
12729
12730
12731
12732
12733
12734
12735
12736
12737
12738
12739
12740
12741
12742
12743
12745
12747
12748
12749
12750
12751
12752
12753
12755
12756
12757
12758
12759
12762
12763
12764
12765
12766
12767
12768
12769
12770
12773
12774
12775
12776
12778
12779
12780
12782
12783
12784
12785
12786
12787
12788
12789
12790
12791
12792
12793
12794
12796
12797
12798
12799
12800
12801
12802
12803
12807
12808
12809
12810
12811
12812
12813
12814
12815
12816
12817
12818
12819
12820
12821
12822
12823
12824
12825
12827
12828
12829
12830
12831
12833
12834
12835
12836
12837
12838
12839
12842
12843
12844
12845
12847
12848
12849
12853
12855
12856
12857
12858
12859
12860
12861
12862
12864
12866
12867
12869
12871
12873
12874
12875
12876
12877
12878
12879
12880
12881
12882
12885
12886
12887
12889
12890
12892
12894
12895
12896
12897
12898
12900
12901
12902
12903
12905
12906
12907
12909
12911
12912
12913
12914
12915
12916
12917
12918
12919
12920
12921
12922
12923
12924
12925
12926
12927
12928
12931
12933
12934
12935
12936
12937
12938
12940
12941
12942
12943
12944
12946
12947
12948
12949
12950
12952
12953
12954
12956
12957
12958
12959
12962
12963
12964
12966
12967
12968
12969
12970
12971
12972
12973
12974
12975
12976
12977
12978
12979
12980
12981
12982
12983
12984
12985
12986
12987
12988
12989
12990
12991
12992
12993
12994
12997
12999
13000
13001
13002
13003
13006
13008
13009
13010
13011
13012
13013
13018
13020
13021
13023
13025
13026
13027
13031
13032
13033
13034
13035
13036
13039
13040
13042
13045
13046
13047
13048
13049
13050
13052
13053
13054
13055
13056
13058
13059
13060
13061
13062
13065
13066
13067
13068
13069
13070
13072
13073
13074
13075
13076
13078
13079
13080
13083
13084
13085
13087
13088
13089
13090
13093
13096
13097
13098
13099
13102
13103
13104
13105
13106
13107
13108
13109
13110
13111
13112
13113
13114
13115
13116
13117
13118
13119
13120
13121
13122
13123
13124
13126
13127
13128
13129
13130
13132
13133
13134
13135
13137
13140
13141
13142
13143
13144
13146
13147
13148
13149
13150
13151
13152
13153
13154
13155
13156
13157
13160
13162
13163
13164
13165
13166
13167
13168
13169
13171
13172
13174
13175
13176
13178
13180
13181
13182
13183
13184
13186
13187
13189
13190
13191
13192
13195
13196
13197
13198
13199
13200
13201
13202
13203
13204
13205
13206
13207
13208
13209
13210
13213
13214
13215
13216
13217
13218
13219
13220
13221
13223
13225
13226
13227
13231
13232
13233
13235
13236
13237
13238
13240
13241
13242
13243
13244
13246
13247
13248
13249
13251
13252
13253
13254
13256
13257
13258
13259
13261
13264
13265
13268
13269
13270
13271
13272
13274
13275
13276
13277
13279
13280
13281
13282
13283
13284
13285
13286
13287
13288
13289
13290
13291
13292
13293
13294
13295
13296
13297
13298
13300
13302
13303
13304
13306
13307
13309
13310
13311
13313
13314
13315
13316
13317
13318
13320
13321
13322
13323
13324
13326
13327
13328
13330
13331
13332
13334
13335
13336
13337
13339
13340
13341
13342
13344
13345
13347
13349
13350
13351
13352
13353
13354
13355
13356
13357
13359
13360
13361
13362
13364
13365
13367
13368
13369
13370
13371
13372
13373
13374
13375
13377
13378
13379
13381
13382
13385
13386
13387
13388
13389
13390
13391
13392
13393
13394
13396
13397
13398
13399
13400
13401
13402
13403
13404
13405
13406
13407
13408
13409
13411
13413
13415
13416
13417
13418
13420
13421
13424
13425
13426
13430
13431
13432
13433
13434
13435
13436
13438
13439
13440
13442
13443
13444
13445
13446
13447
13448
13449
13450
13451
13452
13454
13456
13457
13458
13460
13461
13462
13463
13465
13466
13467
13468
13469
13470
13471
13472
13473
13474
13476
13478
13479
13481
13483
13484
13485
13486
13487
13488
13489
13490
13491
13492
13493
13494
13495
13496
13497
13498
13499
13500
13501
13502
13503
13504
13506
13507
13508
13509
13510
13511
13512
13514
13515
13516
13517
13519
13520
13521
13524
13525
13526
13527
13528
13530
13531
13532
13533
13534
13535
13536
13537
13541
13545
13546
13547
13548
13549
13551
13552
13554
13555
13558
13559
13560
13563
13564
13566
13567
13568
13569
13570
13572
13573
13574
13575
13576
13577
13578
13580
13581
13582
13583
13584
13585
13586
13587
13588
13590
13591
13594
13596
13597
13598
13599
13601
13602
13603
13604
13605
13606
13607
13608
13610
13611
13612
13613
13614
13615
13616
13617
13619
13620
13621
13622
13623
13624
13625
13626
13627
13628
13629
13630
13631
13632
13633
13634
13635
13636
13637
13638
13639
13640
13641
13642
13644
13645
13646
13647
13648
13649
13650
13651
13652
13653
13654
13655
13656
13658
13659
13662
13663
13664
13666
13667
13668
13669
13672
13673
13676
13677
13678
13679
13680
13681
13682
13683
13684
13685
13686
13687
13688
13689
13690
13691
13692
13693
13694
13695
13699
13700
13701
13702
13703
13705
13706
13707
13708
13709
13710
13711
13712
13713
13714
13715
13716
13719
13720
13721
13722
13723
13724
13725
13728
13729
13730
13731
13733
13734
13735
13736
13737
13738
13739
13740
13741
13743
13744
13745
13746
13747
13748
13749
13751
13752
13754
13755
13756
13757
13760
13761
13762
13763
13764
13765
13766
13768
13770
13771
13772
13773
13774
13776
13777
13778
13780
13782
13783
13785
13786
13787
13788
13789
13790
13791
13794
13796
13797
13798
13800
13801
13802
13803
13804
13807
13808
13809
13810
13811
13812
13814
13815
13816
13817
13819
13821
13823
13824
13825
13826
13827
13828
13829
13830
13831
13832
13833
13835
13836
13837
13839
13840
13841
13843
13844
13845
13847
13848
13850
13851
13853
13854
13855
13856
13857
13858
13859
13860
13862
13863
13864
13867
13868
13869
13870
13871
13872
13874
13875
13877
13878
13880
13882
13883
13884
13885
13886
13887
13889
13890
13891
13892
13894
13896
13897
13898
13899
13903
13904
13905
13906
13907
13908
13910
13911
13912
13913
13915
13916
13917
13918
13919
13920
13921
13922
13923
13925
13927
13929
13930
13931
13932
13933
13935
13936
13937
13938
13939
13941
13942
13943
13945
13946
13947
13949
13950
13951
13952
13953
13954
13955
13956
13957
13958
13960
13961
13962
13963
13965
13967
13968
13970
13971
13972
13973
13974
13975
13978
13979
13980
13981
13982
13984
13985
13986
13990
13991
13992
13993
13994
13995
13997
13998
13999
14001
14002
14003
14005
14006
14007
14008
14009
14010
14011
14013
14015
14016
14017
14018
14019
14021
14023
14024
14025
14026
14027
14028
14029
14030
14031
14032
14033
14035
14039
14040
14041
14042
14043
14044
14045
14048
14049
14050
14051
14052
14054
14055
14056
14057
14059
14060
14062
14063
14064
14065
14066
14067
14068
14069
14070
14071
14072
14073
14074
14075
14077
14078
14079
14080
14081
14082
14083
14084
14085
14086
14087
14088
14089
14091
14092
14093
14094
14096
14097
14098
14099
14100
14101
14102
14104
14105
14106
14107
14108
14109
14110
14111
14112
14113
14114
14116
14117
14118
14119
14121
14122
14123
14125
14126
14127
14128
14132
14133
14134
14135
14136
14137
14138
14139
14140
14141
14143
14145
14146
14147
14148
14149
14150
14151
14152
14153
14154
14155
14156
14157
14158
14160
14161
14163
14164
14165
14166
14167
14171
14172
14173
14174
14176
14178
14179
14180
14181
14182
14183
14184
14186
14187
14188
14189
14193
14195
14196
14197
14199
14200
14201
14203
14204
14205
14207
14208
14210
14211
14213
14214
14215
14216
14217
14218
14219
14220
14221
14222
14224
14225
14226
14227
14228
14232
14233
14234
14236
14237
14238
14239
14240
14241
14242
14243
14244
14245
14247
14248
14249
14251
14252
14253
14254
14255
14256
14257
14258
14259
14261
14262
14264
14265
14266
14267
14268
14270
14271
14272
14273
14274
14275
14277
14278
14280
14281
14282
14283
14284
14285
14286
14288
14289
14291
14292
14295
14297
14298
14300
14301
14302
14303
14304
14305
14306
14308
14309
14310
14311
14312
14313
14315
14316
14317
14319
14320
14321
14322
14323
14324
14325
14326
14327
14328
14329
14331
14332
14333
14335
14336
14337
14338
14339
14340
14341
14342
14343
14344
14345
14346
14347
14348
14349
14350
14351
14352
14353
14355
14356
14357
14358
14359
14360
14361
14363
14364
14365
14366
14368
14369
14370
14373
14374
14376
14378
14379
14380
14383
14384
14385
14386
14389
14390
14391
14394
14395
14396
14397
14398
14401
14402
14403
14404
14405
14406
14407
14409
14410
14411
14412
14413
14414
14415
14416
14417
14420
14421
14422
14423
14424
14425
14426
14427
14429
14430
14431
14432
14433
14434
14435
14436
14438
14439
14440
14441
14442
14445
14446
14447
14449
14450
14451
14452
14453
14454
14455
14458
14459
14460
14461
14462
14463
14464
14465
14467
14468
14469
14470
14471
14472
14473
14474
14475
14477
14478
14480
14481
14482
14483
14484
14485
14487
14489
14490
14491
14492
14494
14495
14497
14499
14500
14501
14503
14504
14505
14506
14507
14508
14509
14510
14511
14513
14514
14515
14516
14517
14518
14519
14520
14521
14522
14523
14524
14525
14526
14528
14529
14530
14531
14532
14535
14538
14539
14540
14543
14544
14545
14546
14547
14548
14549
14550
14551
14552
14553
14554
14558
14559
14560
14561
14562
14563
14564
14565
14566
14567
14568
14569
14570
14571
14572
14573
14574
14575
14576
14577
14578
14579
14580
14581
14582
14583
14584
14585
14587
14591
14592
14594
14595
14596
14597
14598
14599
14600
14601
14602
14604
14605
14607
14608
14610
14612
14613
14614
14615
14616
14617
14618
14619
14621
14622
14623
14624
14625
14626
14627
14628
14629
14630
14632
14633
14635
14637
14638
14639
14640
14641
14642
14643
14644
14648
14650
14651
14652
14653
14654
14655
14657
14659
14660
14661
14662
14663
14664
14666
14667
14668
14669
14670
14672
14673
14674
14675
14676
14677
14678
14679
14680
14682
14683
14684
14685
14686
14687
14688
14689
14690
14691
14692
14693
14694
14696
14698
14699
14700
14701
14702
14703
14705
14706
14707
14708
14709
14711
14714
14715
14716
14717
14719
14720
14721
14722
14723
14724
14725
14726
14727
14729
14732
14734
14735
14736
14740
14742
14743
14745
14746
14747
14748
14751
14752
14753
14754
14755
14757
14759
14761
14762
14764
14765
14766
14767
14768
14769
14770
14771
14772
14774
14776
14778
14779
14781
14783
14784
14785
14786
14787
14788
14790
14792
14793
14794
14795
14796
14797
14798
14799
14802
14805
14806
14808
14809
14812
14814
14815
14816
14817
14818
14819
14820
14822
14823
14824
14825
14826
14827
14828
14829
14831
14835
14836
14837
14838
14839
14840
14841
14842
14843
14844
14846
14847
14848
14850
14851
14852
14854
14856
14858
14859
14860
14861
14863
14866
14867
14868
14869
14871
14872
14873
14874
14875
14876
14877
14878
14879
14880
14881
14882
14883
14885
14886
14887
14888
14889
14891
14892
14893
14894
14895
14896
14897
14899
14900
14901
14902
14903
14904
14905
14907
14908
14910
14911
14912
14913
14914
14915
14916
14917
14918
14919
14920
14922
14923
14924
14925
14927
14928
14929
14930
14932
14933
14934
14935
14937
14940
14941
14942
14943
14944
14945
14946
14947
14948
14949
14950
14952
14954
14956
14957
14958
14959
14962
14963
14964
14965
14966
14967
14968
14969
14970
14971
14972
14973
14974
14975
14976
14977
14978
14979
14980
14981
14982
14983
14985
14986
14987
14988
14990
14992
14993
14994
14997
14998
14999
15000
15002
15004
15006
15007
15008
15009
15010
15011
15012
15013
15014
15017
15020
15021
15022
15023
15024
15026
15027
15030
15031
15032
15033
15034
15035
15036
15037
15038
15040
15042
15044
15045
15046
15049
15051
15052
15053
15054
15055
15056
15059
15060
15061
15062
15063
15064
15065
15066
15067
15068
15069
15071
15072
15073
15075
15076
15078
15079
15080
15081
15082
15084
15085
15086
15088
15090
15091
15094
15096
15098
15100
15101
15102
15103
15104
15105
15106
15107
15109
15110
15111
15112
15113
15114
15115
15116
15117
15118
15119
15120
15121
15122
15124
15125
15126
15128
15129
15130
15131
15132
15134
15135
15136
15138
15139
15140
15142
15143
15145
15146
15147
15148
15149
15150
15151
15152
15153
15154
15155
15157
15158
15159
15160
15162
15163
15165
15166
15167
15168
15169
15171
15172
15173
15176
15178
15179
15180
15181
15182
15183
15184
15185
15186
15187
15188
15189
15190
15193
15195
15197
15198
15199
15201
15204
15206
15207
15208
15210
15211
15212
15213
15215
15216
15217
15219
15220
15221
15222
15223
15224
15225
15226
15229
15231
15232
15233
15234
15235
15236
15237
15238
15239
15240
15241
15242
15243
15244
15245
15246
15247
15248
15249
15250
15252
15253
15254
15255
15256
15257
15258
15259
15261
15263
15264
15265
15266
15267
15268
15269
15270
15272
15273
15274
15275
15276
15277
15278
15279
15280
15281
15283
15286
15287
15288
15289
15290
15292
15293
15294
15295
15298
15299
15300
15301
15302
15303
15304
15305
15307
15309
15310
15311
15312
15313
15314
15315
15316
15317
15318
15319
15320
15321
15323
15324
15326
15327
15328
15329
15330
15331
15332
15333
15334
15335
15336
15338
15340
15341
15342
15343
15344
15345
15347
15348
15349
15350
15351
15353
15354
15355
15356
15357
15358
15359
15360
15364
15365
15366
15367
15368
15369
15370
15371
15372
15373
15375
15376
15377
15378
15379
15381
15382
15383
15384
15385
15386
15387
15388
15389
15390
15391
15392
15396
15397
15398
15400
15401
15402
15403
15404
15405
15406
15407
15408
15409
15410
15411
15413
15414
15415
15416
15417
15418
15419
15421
15422
15423
15424
15425
15426
15427
15428
15429
15430
15431
15432
15434
15435
15436
15437
15438
15439
15441
15442
15443
15444
15445
15446
15447
15449
15450
15452
15453
15454
15455
15456
15457
15458
15459
15460
15461
15462
15464
15465
15466
15467
15468
15469
15472
15473
15474
15475
15476
15478
15479
15480
15481
15482
15483
15485
15486
15487
15488
15489
15490
15492
15493
15496
15497
15498
15499
15500
15501
15502
15503
15505
15507
15508
15509
15510
15512
15514
15516
15517
15518
15519
15520
15521
15522
15523
15524
15525
15527
15528
15532
15533
15534
15535
15536
15538
15539
15540
15541
15543
15544
15545
15546
15547
15548
15549
15550
15552
15553
15555
15556
15557
15558
15559
15561
15562
15563
15564
15565
15567
15568
15569
15570
15571
15573
15574
15575
15576
15577
15578
15579
15580
15581
15583
15584
15585
15586
15587
15590
15591
15592
15593
15594
15595
15596
15597
15598
15599
15600
15601
15602
15604
15605
15606
15607
15608
15609
15610
15612
15613
15614
15615
15616
15617
15618
15619
15621
15622
15623
15624
15628
15629
15630
15631
15632
15634
15635
15637
15638
15639
15640
15642
15643
15644
15645
15646
15647
15650
15651
15652
15653
15654
15655
15656
15657
15658
15659
15660
15661
15662
15665
15667
15668
15669
15670
15671
15672
15674
15675
15677
15678
15680
15681
15682
15684
15685
15687
15688
15689
15690
15691
15692
15693
15695
15696
15697
15699
15701
15702
15703
15704
15705
15706
15707
15708
15709
15710
15711
15712
15713
15714
15715
15717
15718
15719
15720
15722
15723
15724
15726
15727
15728
15729
15730
15731
15733
15735
15736
15737
15738
15741
15742
15743
15744
15745
15747
15748
15750
15753
15755
15756
15757
15758
15759
15760
15761
15762
15763
15764
15766
15768
15770
15772
15774
15775
15776
15777
15778
15779
15780
15781
15783
15784
15785
15786
15787
15789
15790
15791
15792
15794
15795
15798
15799
15800
15801
15802
15804
15805
15806
15807
15809
15810
15812
15813
15814
15815
15816
15817
15819
15820
15821
15824
15825
15826
15827
15828
15829
15830
15831
15832
15833
15834
15835
15836
15837
15838
15839
15841
15842
15843
15844
15845
15846
15847
15850
15851
15852
15853
15854
15856
15857
15858
15859
15860
15861
15862
15863
15864
15865
15866
15867
15868
15869
15870
15871
15872
15873
15874
15875
15876
15877
15878
15880
15881
15882
15883
15884
15885
15886
15887
15888
15890
15891
15892
15893
15895
15898
15900
15901
15902
15903
15904
15905
15906
15907
15908
15909
15910
15911
15912
15913
15914
15915
15916
15918
15920
15921
15922
15923
15924
15925
15926
15927
15928
15929
15930
15931
15932
15933
15934
15935
15937
15938
15939
15940
15942
15943
15945
15947
15949
15950
15951
15952
15953
15954
15956
15957
15959
15961
15962
15963
15964
15965
15966
15967
15969
15970
15971
15972
15973
15974
15975
15976
15978
15980
15981
15982
15983
15984
15985
15986
15987
15989
15991
15992
15993
15994
15995
15996
15997
15998
15999
16000
16001
16003
16005
16006
16008
16009
16010
16011
16013
16014
16015
16016
16017
16019
16022
16023
16024
16025
16026
16027
16028
16029
16030
16032
16033
16034
16035
16036
16037
16038
16039
16040
16041
16042
16043
16046
16048
16049
16052
16053
16054
16056
16057
16059
16060
16062
16063
16064
16065
16068
16069
16071
16072
16073
16074
16075
16076
16077
16079
16080
16081
16082
16083
16084
16085
16086
16087
16088
16090
16092
16093
16095
16096
16098
16101
16102
16103
16104
16106
16107
16108
16109
16110
16112
16113
16114
16115
16116
16117
16119
16122
16123
16124
16125
16127
16128
16129
16130
16131
16132
16134
16135
16136
16137
16141
16142
16145
16148
16150
16151
16152
16154
16156
16157
16158
16159
16160
16161
16163
16164
16165
16167
16168
16171
16172
16173
16174
16176
16177
16178
16179
16180
16181
16182
16183
16184
16186
16187
16188
16189
16190
16191
16192
16193
16194
16195
16196
16197
16199
16200
16201
16202
16203
16204
16205
16206
16207
16208
16209
16210
16211
16212
16213
16215
16216
16217
16218
16219
16220
16221
16222
16223
16225
16226
16227
16228
16231
16234
16235
16236
16237
16238
16239
16240
16241
16242
16244
16246
16247
16248
16250
16252
16254
16255
16256
16258
16259
16260
16261
16262
16263
16264
16265
16266
16267
16268
16269
16270
16271
16272
16273
16274
16275
16276
16277
16280
16281
16282
16284
16285
16286
16287
16288
16289
16290
16291
16292
16293
16294
16295
16296
16297
16299
16301
16302
16303
16304
16305
16306
16307
16309
16310
16312
16313
16314
16316
16318
16319
16320
16321
16322
16323
16324
16325
16326
16328
16329
16330
16331
16333
16334
16335
16336
16337
16338
16339
16340
16341
16342
16343
16344
16345
16346
16347
16349
16350
16351
16352
16353
16354
16355
16356
16359
16360
16361
16362
16363
16364
16365
16367
16368
16369
16370
16371
16372
16373
16374
16375
16377
16378
16379
16380
16381
16383
16384
16385
16386
16387
16388
16389
16390
16391
16393
16394
16395
16396
16397
16398
16399
16400
16401
16403
16404
16405
16406
16407
16408
16409
16410
16411
16412
16413
16414
16415
16416
16417
16418
16419
16420
16421
16422
16423
16424
16425
16426
16427
16428
16429
16430
16431
16433
16434
16435
16436
16437
16438
16439
16440
16441
16442
16443
16445
16446
16447
16448
16449
16450
16451
16452
16453
16454
16457
16458
16459
16460
16461
16462
16464
16465
16466
16467
16468
16469
16470
16471
16472
16473
16475
16476
16477
16478
16479
16480
16481
16482
16483
16485
16486
16487
16488
16489
16490
16493
16494
16495
16497
16498
16499
16500
16501
16502
16503
16506
16507
16508
16509
16510
16511
16512
16514
16515
16516
16517
16518
16521
16522
16523
16524
16525
16526
16527
16528
16529
16530
16531
16532
16533
16534
16535
16536
16537
16538
16539
16540
16541
16543
16544
16546
16547
16549
16550
16551
16552
16554
16555
16557
16558
16559
16560
16562
16563
16564
16565
16566
16567
16569
16570
16571
16572
16573
16574
16575
16576
16578
16579
16580
16581
16582
16583
16584
16585
16587
16588
16589
16590
16591
16592
16593
16595
16596
16597
16599
16600
16601
16602
16603
16604
16605
16606
16607
16608
16610
16611
16612
16615
16616
16619
16620
16622
16623
16624
16625
16626
16627
16628
16630
16631
16632
16633
16634
16636
16637
16639
16640
16642
16644
16645
16646
16647
16648
16649
16650
16651
16652
16653
16654
16655
16656
16658
16659
16660
16662
16663
16664
16665
16667
16668
16669
16670
16671
16672
16674
16675
16676
16677
16678
16679
16680
16681
16683
16684
16685
16686
16688
16689
16690
16691
16692
16693
16694
16695
16697
16699
16700
16701
16702
16703
16704
16705
16707
16708
16709
16711
16712
16714
16715
16716
16717
16718
16719
16722
16723
16726
16727
16728
16729
16730
16733
16734
16736
16738
16739
16740
16741
16742
16744
16745
16746
16747
16749
16750
16751
16752
16754
16755
16756
16757
16758
16759
16761
16763
16764
16765
16767
16768
16769
16770
16771
16772
16773
16774
16775
16776
16779
16780
16781
16782
16783
16785
16787
16789
16790
16791
16792
16793
16794
16795
16796
16797
16798
16799
16800
16801
16802
16803
16804
16805
16806
16807
16808
16809
16810
16811
16812
16813
16814
16815
16816
16817
16819
16820
16821
16822
16823
16824
16825
16826
16827
16828
16829
16830
16831
16832
16833
16834
16835
16836
16837
16838
16839
16840
16841
16842
16843
16844
16846
16847
16848
16849
16851
16852
16853
16854
16855
16856
16857
16858
16859
16860
16861
16862
16864
16865
16866
16867
16868
16869
16871
16872
16873
16874
16875
16877
16878
16880
16881
16882
16884
16885
16886
16887
16889
16890
16891
16892
16894
16895
16896
16897
16898
16900
16901
16902
16903
16904
16906
16907
16909
16910
16911
16912
16913
16914
16915
16917
16918
16919
16920
16921
16924
16925
16926
16927
16928
16929
16930
16931
16932
16934
16936
16937
16938
16939
16942
16943
16944
16945
16946
16947
16948
16949
16951
16952
16953
16955
16956
16957
16959
16960
16961
16962
16963
16964
16965
16966
16967
16968
16970
16971
16972
16973
16975
16977
16978
16979
16980
16982
16984
16986
16987
16989
16990
16991
16992
16994
16995
16996
16997
16998
16999
17000
17001
17002
17003
17004
17006
17007
17008
17010
17011
17012
17013
17014
17016
17017
17018
17019
17021
17022
17023
17024
17025
17026
17027
17028
17029
17030
17031
17032
17033
17035
17036
17037
17038
17040
17041
17042
17043
17044
17045
17046
17047
17048
17049
17050
17051
17052
17053
17054
17055
17056
17057
17059
17060
17061
17062
17063
17064
17065
17066
17067
17068
17069
17070
17071
17072
17073
17074
17075
17076
17078
17079
17080
17081
17082
17083
17084
17085
17086
17087
17088
17089
17090
17091
17092
17093
17094
17095
17096
17097
17098
17099
17100
17103
17104
17105
17106
17107
17108
17110
17111
17112
17114
17115
17116
17117
17118
17119
17121
17122
17123
17124
17125
17126
17127
17128
17129
17130
17131
17132
17133
17134
17135
17136
17137
17138
17139
17140
17142
17143
17144
17145
17146
17148
17150
17151
17152
17153
17155
17156
17158
17159
17160
17161
17162
17164
17165
17167
17168
17169
17170
17171
17172
17173
17174
17176
17178
17179
17180
17181
17182
17183
17184
17186
17189
17192
17193
17194
17195
17196
17197
17198
17199
17202
17203
17205
17206
17207
17209
17211
17212
17213
17214
17215
17216
17217
17218
17219
17221
17222
17223
17224
17226
17229
17230
17231
17232
17233
17236
17237
17238
17239
17240
17241
17242
17243
17244
17245
17246
17247
17248
17250
17251
17252
17254
17255
17256
17258
17259
17260
17261
17262
17263
17265
17266
17267
17268
17269
17270
17271
17272
17273
17274
17275
17276
17277
17278
17279
17280
17281
17282
17284
17285
17286
17287
17288
17291
17292
17293
17294
17295
17296
17297
17298
17300
17301
17302
17303
17304
17306
17307
17308
17309
17311
17314
17315
17316
17317
17319
17320
17322
17323
17324
17325
17327
17329
17330
17331
17332
17333
17334
17335
17336
17337
17338
17339
17340
17341
17342
17343
17344
17345
17347
17348
17349
17350
17351
17352
17353
17354
17356
17357
17358
17359
17360
17361
17362
17364
17365
17366
17368
17369
17370
17371
17372
17373
17374
17375
17376
17377
17379
17380
17381
17382
17383
17384
17385
17386
17388
17389
17390
17391
17392
17394
17395
17396
17397
17398
17399
17400
17401
17402
17403
17404
17405
17406
17409
17411
17412
17413
17414
17416
17417
17418
17419
17420
17421
17422
17423
17424
17426
17427
17428
17430
17433
17434
17435
17436
17437
17438
17442
17444
17445
17446
17449
17450
17451
17452
17453
17455
17456
17457
17458
17459
17460
17461
17462
17463
17464
17468
17469
17470
17471
17472
17473
17474
17475
17476
17477
17478
17479
17481
17483
17484
17486
17487
17488
17489
17490
17491
17492
17493
17494
17495
17496
17497
17499
17503
17504
17505
17506
17508
17510
17511
17512
17513
17514
17515
17518
17520
17521
17522
17523
17524
17525
17526
17527
17528
17529
17530
17532
17534
17535
17536
17537
17538
17539
17540
17541
17542
17543
17544
17545
17546
17547
17549
17550
17551
17552
17553
17554
17555
17556
17557
17559
17560
17561
17562
17564
17565
17566
17567
17568
17569
17570
17571
17572
17573
17574
17575
17576
17577
17578
17579
17580
17581
17582
17583
17585
17586
17588
17590
17592
17593
17594
17595
17596
17597
17598
17599
17600
17601
17603
17604
17605
17607
17608
17609
17611
17612
17613
17615
17616
17618
17619
17620
17621
17622
17623
17624
17625
17626
17627
17630
17632
17633
17634
17635
17636
17637
17638
17639
17640
17641
17643
17644
17645
17646
17647
17648
17649
17650
17651
17652
17653
17654
17655
17656
17657
17659
17660
17662
17663
17664
17665
17667
17668
17670
17671
17672
17674
17675
17677
17678
17679
17680
17682
17684
17685
17687
17688
17689
17691
17692
17693
17694
17695
17696
17698
17700
17701
17702
17703
17704
17705
17706
17707
17709
17710
17711
17712
17713
17714
17715
17716
17717
17718
17719
17720
17721
17725
17726
17727
17728
17729
17730
17731
17732
17733
17734
17736
17737
17738
17739
17740
17741
17742
17743
17744
17745
17746
17747
17748
17749
17750
17751
17752
17753
17755
17756
17757
17760
17761
17762
17764
17765
17766
17767
17768
17769
17770
17771
17772
17773
17774
17776
17777
17778
17779
17780
17781
17782
17783
17784
17785
17786
17787
17788
17790
17791
17792
17794
17795
17797
17798
17799
17800
17801
17803
17804
17805
17806
17807
17808
17809
17810
17811
17812
17813
17815
17816
17817
17818
17819
17821
17823
17824
17825
17827
17828
17829
17830
17831
17834
17835
17836
17837
17838
17839
17840
17841
17842
17843
17844
17846
17847
17848
17849
17850
17851
17853
17854
17855
17856
17857
17858
17859
17860
17861
17862
17863
17866
17867
17868
17870
17871
17874
17875
17876
17877
17878
17879
17880
17881
17882
17883
17884
17885
17886
17887
17888
17889
17890
17891
17893
17894
17895
17897
17899
17900
17901
17902
17903
17904
17905
17906
17907
17908
17909
17910
17911
17912
17913
17914
17915
17916
17918
17919
17920
17922
17923
17924
17925
17926
17928
17929
17930
17931
17932
17934
17935
17936
17937
17938
17939
17940
17941
17944
17945
17946
17947
17949
17951
17952
17953
17956
17958
17959
17960
17961
17962
17963
17964
17965
17966
17967
17968
17969
17970
17971
17972
17973
17974
17975
17976
17978
17979
17980
17981
17982
17983
17984
17985
17986
17987
17988
17989
17990
17991
17992
17993
17994
17995
17996
17997
17998
17999
18000
18002
18003
18004
18006
18008
18010
18011
18012
18013
18014
18015
18017
18019
18020
18022
18023
18024
18025
18026
18027
18028
18029
18030
18031
18032
18033
18035
18036
18038
18039
18041
18042
18043
18044
18045
18048
18050
18051
18052
18054
18055
18056
18057
18058
18059
18060
18061
18062
18063
18064
18065
18067
18068
18069
18070
18071
18072
18073
18074
18077
18078
18079
18081
18083
18084
18087
18088
18089
18093
18094
18096
18097
18098
18099
18101
18102
18104
18105
18106
18107
18108
18109
18110
18111
18112
18113
18114
18116
18117
18118
18119
18120
18121
18122
18123
18124
18125
18126
18127
18128
18129
18130
18131
18132
18133
18134
18135
18136
18137
18138
18140
18141
18142
18145
18146
18147
18148
18149
18150
18151
18152
18153
18154
18155
18156
18158
18159
18160
18161
18162
18164
18165
18166
18167
18170
18171
18172
18174
18175
18177
18178
18179
18180
18181
18182
18183
18184
18185
18186
18187
18188
18190
18191
18192
18193
18194
18195
18196
18197
18198
18199
18200
18201
18203
18205
18206
18208
18210
18212
18214
18215
18216
18217
18218
18219
18220
18221
18222
18223
18224
18225
18226
18227
18228
18229
18230
18231
18232
18233
18234
18235
18236
18238
18241
18242
18243
18244
18245
18246
18247
18248
18249
18250
18251
18254
18256
18257
18258
18259
18260
18261
18262
18263
18264
18265
18269
18270
18272
18273
18274
18275
18276
18277
18279
18280
18281
18283
18284
18285
18286
18287
18288
18289
18291
18292
18293
18294
18295
18296
18297
18298
18299
18300
18301
18302
18303
18305
18308
18309
18310
18311
18312
18313
18314
18315
18316
18317
18318
18319
18320
18321
18322
18323
18325
18326
18327
18328
18330
18331
18333
18334
18336
18337
18338
18339
18340
18341
18342
18343
18344
18345
18346
18347
18349
18350
18351
18353
18355
18357
18359
18360
18361
18362
18363
18364
18366
18367
18368
18370
18371
18372
18373
18374
18375
18376
18377
18378
18379
18380
18381
18382
18383
18384
18385
18386
18387
18388
18389
18390
18391
18392
18393
18394
18395
18396
18397
18399
18400
18401
18402
18403
18404
18405
18406
18408
18409
18410
18411
18412
18414
18415
18416
18417
18418
18419
18420
18421
18422
18423
18424
18425
18426
18427
18428
18429
18430
18431
18433
18434
18435
18437
18438
18439
18440
18441
18442
18443
18444
18445
18446
18447
18449
18450
18451
18452
18454
18455
18457
18460
18462
18463
18464
18466
18467
18468
18469
18470
18471
18472
18473
18474
18475
18478
18479
18480
18481
18482
18485
18487
18488
18489
18490
18491
18492
18493
18494
18495
18496
18497
18498
18499
18501
18502
18503
18504
18505
18507
18508
18510
18511
18512
18513
18515
18517
18518
18519
18520
18521
18522
18523
18524
18525
18526
18528
18529
18530
18531
18532
18534
18535
18536
18537
18538
18540
18542
18543
18544
18545
18547
18548
18549
18550
18551
18552
18555
18560
18562
18563
18564
18565
18566
18567
18568
18570
18571
18572
18573
18574
18575
18576
18577
18578
18579
18580
18581
18582
18583
18584
18585
18586
18587
18588
18589
18590
18592
18595
18596
18597
18598
18599
18600
18601
18602
18603
18604
18605
18606
18608
18610
18611
18612
18613
18614
18615
18616
18617
18618
18619
18620
18621
18622
18624
18625
18626
18628
18629
18630
18631
18633
18634
18635
18636
18637
18638
18640
18642
18643
18644
18646
18648
18649
18650
18651
18653
18657
18658
18661
18662
18663
18665
18666
18667
18669
18670
18671
18672
18673
18676
18678
18679
18680
18681
18682
18683
18685
18686
18688
18689
18690
18691
18692
18693
18694
18695
18696
18697
18699
18700
18701
18703
18704
18705
18706
18707
18708
18709
18710
18711
18712
18713
18714
18716
18718
18719
18720
18721
18723
18724
18725
18726
18727
18728
18730
18731
18732
18733
18734
18735
18736
18739
18740
18741
18742
18743
18744
18745
18746
18747
18748
18749
18750
18751
18752
18753
18754
18755
18756
18757
18758
18759
18760
18761
18762
18763
18764
18765
18766
18767
18768
18769
18771
18772
18774
18775
18776
18777
18778
18779
18780
18781
18783
18784
18785
18786
18787
18788
18789
18790
18791
18792
18793
18795
18796
18797
18798
18799
18800
18801
18802
18803
18804
18805
18806
18808
18809
18811
18812
18813
18814
18815
18816
18817
18818
18819
18820
18821
18822
18823
18824
18825
18826
18827
18828
18829
18831
18832
18834
18836
18837
18838
18841
18843
18844
18846
18847
18848
18849
18850
18851
18852
18853
18854
18855
18856
18857
18858
18859
18860
18861
18863
18864
18865
18868
18869
18870
18871
18872
18873
18874
18876
18877
18879
18880
18881
18882
18883
18884
18885
18886
18887
18888
18889
18891
18892
18893
18894
18895
18896
18897
18898
18899
18901
18902
18903
18904
18905
18906
18907
18908
18910
18911
18912
18914
18916
18917
18918
18920
18921
18922
18923
18924
18925
18926
18927
18928
18929
18930
18932
18934
18937
18938
18939
18940
18941
18942
18943
18944
18945
18946
18947
18948
18949
18950
18951
18952
18953
18954
18955
18956
18958
18960
18961
18962
18963
18964
18965
18966
18967
18968
18969
18970
18971
18972
18973
18975
18976
18977
18979
18981
18982
18984
18988
18989
18990
18993
18994
18996
18997
18998
18999
19000
19002
19003
19004
19005
19006
19008
19009
19010
19011
19012
19013
19015
19016
19017
19018
19020
19021
19022
19023
19024
19026
19027
19028
19029
19030
19031
19032
19033
19034
19035
19037
19038
19040
19042
19043
19044
19045
19046
19047
19048
19049
19050
19051
19054
19055
19056
19057
19058
19061
19062
19063
19064
19065
19066
19067
19068
19069
19071
19072
19073
19074
19075
19076
19077
19078
19081
19082
19083
19084
19085
19086
19089
19090
19091
19092
19093
19094
19095
19098
19099
19100
19102
19103
19104
19105
19109
19110
19111
19112
19113
19114
19115
19116
19117
19118
19119
19120
19121
19122
19123
19124
19125
19126
19127
19128
19129
19130
19131
19133
19134
19135
19136
19137
19139
19140
19141
19143
19144
19145
19146
19147
19148
19152
19153
19154
19155
19156
19158
19159
19160
19161
19162
19163
19164
19165
19167
19170
19171
19173
19174
19175
19176
19177
19178
19179
19180
19183
19184
19185
19187
19188
19189
19190
19191
19192
19193
19194
19195
19197
19198
19199
19201
19203
19204
19205
19206
19207
19209
19210
19211
19212
19213
19215
19216
19217
19218
19219
19220
19221
19224
19225
19226
19227
19228
19229
19230
19231
19232
19233
19234
19235
19236
19237
19238
19239
19240
19242
19243
19244
19245
19246
19247
19249
19250
19252
19254
19255
19256
19257
19258
19259
19260
19262
19263
19265
19266
19267
19268
19270
19271
19272
19273
19275
19276
19277
19278
19279
19280
19281
19282
19283
19284
19285
19286
19287
19288
19289
19290
19291
19293
19294
19295
19296
19297
19298
19299
19300
19301
19302
19303
19304
19305
19306
19307
19308
19309
19310
19311
19312
19313
19314
19316
19317
19318
19321
19322
19323
19325
19326
19327
19328
19329
19330
19331
19333
19334
19335
19336
19337
19338
19339
19341
19343
19344
19346
19347
19348
19349
19350
19351
19352
19353
19354
19355
19356
19358
19359
19360
19361
19362
19363
19364
19365
19366
19367
19368
19369
19370
19371
19372
19373
19374
19375
19376
19377
19378
19380
19381
19382
19384
19385
19386
19387
19388
19390
19391
19393
19394
19395
19398
19399
19400
19401
19402
19403
19404
19405
19406
19407
19408
19410
19411
19412
19413
19414
19415
19416
19418
19419
19420
19422
19423
19424
19426
19429
19430
19431
19432
19433
19436
19437
19438
19439
19440
19441
19442
19443
19444
19445
19446
19447
19448
19449
19450
19451
19452
19453
19454
19455
19456
19457
19459
19460
19461
19462
19463
19464
19465
19466
19467
19469
19470
19471
19472
19473
19474
19475
19476
19477
19479
19481
19482
19483
19485
19486
19487
19489
19490
19491
19492
19493
19494
19495
19496
19497
19498
19499
19500
19501
19502
19503
19504
19507
19508
19509
19510
19511
19512
19513
19514
19515
19516
19517
19519
19520
19521
19522
19523
19524
19525
19526
19527
19528
19531
19532
19533
19534
19536
19537
19538
19539
19540
19541
19542
19543
19544
19545
19546
19547
19550
19551
19552
19553
19554
19555
19557
19558
19559
19560
19561
19562
19563
19564
19567
19568
19569
19570
19571
19575
19577
19578
19579
19580
19581
19582
19583
19584
19585
19586
19587
19588
19589
19590
19593
19594
19595
19596
19597
19598
19599
19600
19601
19602
19603
19604
19605
19606
19607
19608
19609
19610
19611
19612
19613
19614
19615
19616
19617
19618
19619
19620
19621
19622
19623
19624
19625
19626
19627
19629
19630
19631
19632
19634
19635
19636
19637
19638
19639
19640
19641
19642
19644
19645
19646
19647
19648
19650
19651
19652
19653
19654
19655
19656
19657
19658
19659
19660
19661
19662
19663
19664
19665
19666
19668
19670
19671
19672
19673
19675
19676
19677
19678
19679
19680
19681
19682
19683
19684
19685
19686
19687
19688
19689
19690
19691
19692
19693
19694
19696
19697
19698
19699
19700
19701
19702
19703
19704
19705
19706
19707
19708
19709
19711
19712
19713
19714
19715
19716
19718
19719
19721
19722
19723
19724
19725
19726
19727
19728
19731
19732
19733
19734
19735
19736
19737
19738
19739
19740
19741
19742
19743
19745
19746
19747
19748
19749
19750
19751
19752
19753
19754
19755
19756
19757
19758
19759
19760
19761
19762
19763
19764
19765
19766
19767
19768
19769
19770
19771
19772
19774
19776
19777
19778
19779
19780
19782
19783
19784
19785
19786
19787
19788
19789
19790
19791
19792
19793
19794
19795
19796
19798
19799
19800
19801
19802
19803
19804
19805
19806
19807
19809
19810
19811
19812
19813
19816
19817
19819
19823
19824
19827
19828
19830
19831
19832
19833
19834
19835
19836
19838
19840
19842
19843
19844
19845
19847
19848
19849
19850
19851
19852
19853
19854
19855
19856
19857
19859
19861
19862
19863
19864
19865
19866
19867
19868
19869
19870
19871
19872
19873
19874
19875
19876
19877
19878
19879
19880
19881
19882
19884
19885
19886
19887
19891
19893
19894
19895
19896
19897
19898
19901
19903
19904
19905
19906
19907
19908
19909
19910
19911
19912
19913
19914
19915
19916
19917
19918
19919
19920
19921
19922
19923
19924
19925
19926
19928
19929
19930
19931
19932
19933
19934
19935
19936
19937
19938
19939
19940
19941
19942
19943
19944
19945
19946
19947
19948
19949
19950
19951
19952
19953
19954
19955
19956
19957
19958
19959
19960
19961
19962
19966
19967
19968
19969
19970
19971
19972
19974
19975
19977
19978
19979
19981
19982
19983
19985
19986
19987
19988
19989
19990
19991
19992
19993
19994
19995
19996
19997
19999
20000
20001
20003
20004
20005
20007
20008
20009
20010
20011
20012
20013
20014
20015
20016
20017
20018
20019
20020
20021
20022
20023
20024
20026
20027
20028
20029
20030
20031
20032
20033
20034
20036
20037
20038
20039
20040
20041
20043
20044
20045
20046
20047
20048
20049
20050
20051
20054
20055
20056
20057
20058
20059
20061
20062
20063
20064
20065
20067
20068
20069
20070
20071
20072
20075
20076
20077
20080
20081
20082
20083
20084
20085
20086
20087
20088
20089
20090
20091
20092
20093
20095
20096
20097
20099
20100
20101
20102
20103
20104
20105
20106
20107
20108
20109
20111
20112
20113
20114
20115
20116
20118
20119
20120
20121
20123
20124
20126
20127
20128
20131
20132
20133
20134
20136
20137
20138
20140
20141
20142
20143
20144
20145
20146
20148
20149
20150
20151
20152
20153
20154
20155
20156
20157
20159
20160
20161
20163
20164
20166
20167
20168
20169
20170
20172
20173
20174
20176
20177
20178
20179
20180
20181
20183
20184
20185
20186
20187
20188
20189
20190
20191
20192
20194
20195
20197
20198
20199
20200
20202
20203
20204
20205
20206
20207
20210
20211
20213
20214
20215
20216
20217
20219
20220
20221
20222
20223
20224
20225
20227
20228
20229
20230
20231
20232
20233
20234
20235
20237
20238
20240
20241
20242
20243
20244
20246
20247
20248
20249
20250
20251
20252
20253
20254
20255
20256
20257
20258
20259
20260
20261
20262
20263
20264
20265
20266
20267
20268
20270
20272
20273
20274
20275
20276
20277
20278
20279
20280
20281
20282
20283
20284
20285
20286
20287
20288
20289
20291
20292
20293
20294
20295
20296
20297
20298
20299
20300
20301
20302
20303
20304
20305
20306
20307
20308
20311
20312
20313
20314
20315
20317
20318
20320
20321
20322
20323
20324
20325
20326
20327
20328
20330
20333
20334
20336
20337
20338
20339
20340
20341
20342
20343
20344
20345
20346
20348
20349
20350
20351
20352
20353
20354
20355
20356
20357
20358
20359
20360
20361
20362
20363
20364
20365
20366
20367
20368
20369
20370
20371
20372
20373
20374
20375
20376
20377
20378
20379
20381
20383
20384
20387
20388
20389
20390
20391
20392
20393
20394
20395
20396
20397
20399
20400
20401
20402
20404
20405
20408
20409
20410
20411
20413
20414
20415
20416
20417
20418
20419
20420
20422
20423
20425
20426
20427
20428
20429
20430
20431
20432
20433
20435
20436
20437
20439
20440
20441
20442
20443
20444
20445
20446
20447
20448
20449
20450
20451
20452
20453
20455
20456
20458
20460
20461
20462
20463
20464
20465
20467
20468
20469
20471
20472
20473
20474
20475
20476
20477
20478
20481
20482
20483
20484
20485
20486
20487
20488
20489
20490
20491
20492
20493
20494
20496
20497
20498
20499
20501
20502
20503
20504
20505
20506
20507
20508
20509
20512
20514
20515
20516
20517
20518
20519
20520
20521
20522
20523
20524
20525
20526
20527
20528
20529
20530
20531
20532
20533
20534
20535
20536
20537
20538
20540
20543
20544
20545
20546
20547
20548
20549
20550
20551
20552
20553
20555
20556
20559
20560
20561
20562
20563
20565
20566
20567
20570
20571
20572
20574
20575
20576
20577
20578
20579
20581
20582
20583
20584
20585
20587
20589
20590
20591
20593
20594
20595
20596
20597
20598
20600
20601
20602
20603
20604
20605
20606
20607
20609
20610
20611
20612
20614
20615
20616
20617
20618
20619
20620
20622
20624
20627
20628
20630
20632
20633
20634
20635
20636
20638
20639
20640
20641
20642
20643
20644
20646
20647
20649
20650
20652
20653
20655
20656
20657
20658
20660
20662
20663
20664
20665
20666
20668
20669
20670
20673
20674
20676
20677
20679
20681
20682
20683
20685
20686
20687
20688
20689
20690
20691
20692
20693
20694
20695
20696
20697
20698
20700
20701
20702
20704
20705
20707
20708
20709
20712
20713
20714
20715
20717
20718
20719
20720
20721
20722
20723
20724
20725
20726
20727
20728
20729
20731
20734
20737
20738
20739
20741
20742
20743
20744
20745
20746
20747
20748
20749
20750
20751
20752
20753
20754
20755
20756
20758
20759
20760
20761
20763
20764
20765
20766
20767
20768
20769
20770
20772
20776
20777
20778
20779
20780
20781
20782
20784
20785
20786
20787
20788
20790
20791
20792
20793
20794
20795
20796
20797
20798
20799
20800
20801
20802
20803
20804
20805
20806
20807
20808
20809
20810
20811
20812
20813
20814
20815
20816
20818
20819
20820
20822
20823
20824
20825
20827
20828
20830
20831
20832
20834
20835
20836
20838
20839
20840
20841
20842
20844
20845
20846
20847
20848
20849
20850
20851
20852
20854
20856
20857
20859
20860
20861
20862
20863
20864
20865
20866
20867
20868
20869
20870
20871
20872
20873
20874
20875
20877
20879
20880
20881
20882
20883
20884
20885
20886
20887
20888
20889
20890
20891
20892
20893
20894
20895
20896
20897
20898
20899
20900
20901
20902
20903
20904
20906
20907
20909
20910
20911
20912
20913
20914
20916
20917
20919
20920
20921
20922
20923
20924
20925
20927
20928
20929
20931
20932
20933
20934
20935
20936
20937
20938
20939
20940
20941
20942
20944
20945
20946
20947
20948
20949
20950
20951
20953
20954
20955
20956
20957
20958
20959
20960
20961
20962
20963
20964
20965
20966
20967
20968
20969
20973
20974
20975
20976
20977
20978
20979
20980
20981
20982
20984
20985
20986
20987
20988
20989
20990
20991
20992
20995
20996
20997
20998
20999
21000
21001
21002
21003
21006
21007
21008
21009
21010
21011
21012
21013
21014
21015
21016
21017
21018
21019
21020
21021
21022
21023
21024
21025
21026
21027
21028
21029
21031
21032
21033
21034
21035
21036
21037
21038
21039
21040
21041
21043
21044
21045
21047
21049
21050
21051
21052
21053
21054
21055
21056
21057
21058
21059
21060
21061
21062
21063
21064
21065
21067
21068
21069
21071
21072
21073
21074
21075
21076
21077
21080
21082
21083
21084
21086
21087
21088
21089
21090
21092
21093
21095
21096
21097
21098
21099
21101
21102
21104
21105
21106
21107
21108
21110
21111
21112
21113
21114
21115
21117
21120
21121
21122
21123
21124
21125
21126
21127
21129
21130
21133
21135
21136
21137
21138
21139
21140
21141
21142
21143
21144
21145
21146
21147
21148
21149
21150
21151
21152
21153
21154
21155
21157
21158
21159
21160
21161
21162
21163
21164
21165
21166
21167
21168
21169
21170
21171
21173
21174
21175
21177
21178
21179
21181
21182
21183
21184
21185
21186
21187
21189
21190
21191
21193
21194
21195
21196
21198
21199
21201
21202
21203
21204
21206
21208
21209
21210
21211
21212
21213
21214
21215
21216
21217
21220
21222
21223
21224
21225
21226
21227
21228
21229
21230
21231
21232
21233
21235
21236
21237
21238
21239
21240
21241
21242
21243
21244
21245
21246
21247
21248
21249
21251
21253
21255
21256
21257
21258
21259
21260
21264
21266
21268
21269
21270
21271
21272
21273
21274
21275
21276
21277
21278
21279
21280
21282
21283
21285
21286
21287
21289
21290
21291
21292
21293
21294
21295
21296
21297
21298
21299
21300
21302
21303
21304
21305
21306
21307
21308
21309
21310
21311
21313
21314
21315
21317
21318
21319
21320
21321
21322
21323
21324
21325
21326
21327
21328
21329
21330
21331
21332
21334
21335
21336
21337
21338
21339
21341
21342
21343
21344
21346
21347
21348
21349
21350
21351
21352
21353
21354
21355
21356
21357
21358
21359
21361
21363
21364
21366
21367
21368
21369
21371
21372
21373
21375
21376
21377
21378
21379
21380
21381
21382
21383
21384
21385
21386
21387
21389
21390
21391
21392
21393
21394
21396
21398
21399
21400
21401
21402
21403
21404
21406
21407
21409
21410
21411
21412
21413
21414
21415
21416
21417
21418
21419
21420
21421
21422
21423
21424
21425
21428
21429
21430
21431
21432
21435
21436
21437
21438
21439
21441
21442
21443
21444
21445
21446
21447
21448
21450
21451
21452
21453
21454
21455
21456
21457
21458
21461
21462
21463
21464
21465
21466
21467
21468
21469
21470
21471
21472
21473
21474
21475
21476
21477
21478
21479
21480
21481
21483
21484
21485
21487
21489
21491
21493
21494
21497
21498
21499
21500
21501
21502
21503
21504
21505
21506
21507
21508
21509
21510
21511
21512
21514
21515
21516
21518
21519
21521
21522
21523
21524
21525
21526
21527
21528
21529
21530
21531
21532
21533
21534
21535
21536
21537
21540
21541
21543
21544
21545
21547
21549
21550
21551
21552
21553
21554
21555
21556
21557
21558
21559
21560
21561
21562
21563
21564
21565
21566
21568
21569
21570
21571
21572
21573
21574
21575
21576
21577
21578
21579
21580
21581
21583
21584
21586
21587
21589
21590
21592
21593
21594
21595
21596
21597
21598
21599
21600
21601
21602
21603
21604
21605
21606
21607
21608
21609
21610
21611
21612
21613
21614
21615
21616
21617
21618
21619
21621
21623
21624
21625
21626
21627
21628
21629
21630
21631
21632
21633
21636
21637
21638
21639
21640
21641
21642
21644
21646
21647
21648
21649
21650
21651
21652
21653
21654
21656
21657
21658
21659
21660
21661
21663
21665
21666
21667
21668
21669
21670
21671
21672
21673
21674
21675
21676
21677
21679
21681
21682
21684
21685
21686
21687
21688
21689
21690
21691
21692
21693
21694
21695
21696
21697
21698
21699
21700
21702
21703
21704
21705
21706
21709
21710
21711
21712
21713
21714
21715
21717
21718
21719
21720
21721
21722
21723
21724
21725
21726
21728
21729
21730
21731
21732
21733
21734
21735
21736
21737
21738
21739
21740
21741
21742
21743
21745
21746
21748
21749
21750
21751
21752
21753
21755
21756
21757
21758
21759
21761
21763
21764
21765
21766
21768
21769
21770
21771
21772
21773
21774
21776
21777
21778
21779
21781
21782
21783
21784
21785
21786
21787
21788
21789
21790
21791
21792
21793
21794
21795
21796
21797
21798
21799
21800
21802
21803
21804
21805
21806
21807
21808
21809
21810
21811
21812
21813
21814
21815
21816
21817
21818
21820
21821
21822
21823
21824
21827
21828
21829
21830
21832
21833
21834
21836
21837
21839
21840
21841
21842
21843
21845
21847
21848
21849
21850
21852
21853
21854
21855
21856
21858
21859
21860
21862
21863
21864
21865
21866
21867
21868
21869
21871
21872
21874
21875
21876
21878
21879
21880
21881
21882
21883
21885
21886
21887
21888
21889
21890
21891
21893
21894
21895
21897
21898
21899
21901
21902
21903
21904
21906
21907
21908
21909
21910
21911
21912
21913
21914
21915
21916
21917
21918
21919
21920
21921
21922
21923
21925
21927
21928
21929
21930
21932
21933
21934
21935
21936
21937
21939
21940
21941
21942
21943
21944
21945
21946
21947
21949
21950
21951
21952
21953
21954
21955
21956
21957
21958
21959
21960
21961
21962
21963
21964
21965
21966
21967
21968
21969
21970
21971
21973
21974
21975
21976
21977
21978
21979
21980
21981
21982
21983
21984
21985
21986
21987
21989
21990
21991
21992
21993
21994
21995
21996
21997
21999
22000
22001
22002
22003
22004
22006
22007
22008
22009
22010
22011
22012
22013
22014
22015
22016
22017
22018
22019
22021
22022
22024
22025
22026
22027
22029
22030
22031
22032
22033
22034
22036
22039
22040
22041
22042
22043
22045
22046
22047
22050
22051
22052
22053
22055
22056
22058
22059
22061
22063
22064
22065
22066
22067
22068
22069
22070
22071
22072
22073
22074
22075
22076
22077
22078
22079
22080
22081
22082
22083
22084
22085
22086
22087
22088
22089
22091
22092
22093
22094
22095
22096
22097
22098
22099
22100
22102
22103
22104
22108
22110
22111
22112
22113
22114
22115
22116
22117
22118
22119
22120
22121
22122
22123
22124
22125
22126
22127
22128
22129
22130
22131
22132
22133
22136
22137
22138
22139
22140
22141
22142
22143
22144
22145
22146
22147
22148
22150
22152
22153
22154
22155
22156
22158
22159
22160
22161
22163
22165
22166
22167
22169
22170
22171
22172
22173
22174
22176
22177
22178
22179
22180
22181
22182
22183
22186
22187
22189
22190
22192
22194
22195
22196
22197
22198
22199
22201
22202
22203
22205
22206
22207
22208
22209
22210
22211
22212
22213
22214
22215
22216
22218
22220
22221
22222
22223
22224
22225
22226
22227
22228
22229
22230
22231
22232
22233
22234
22236
22237
22239
22240
22241
22242
22243
22244
22245
22246
22248
22249
22250
22251
22252
22253
22254
22255
22256
22257
22258
22259
22260
22261
22262
22264
22265
22266
22268
22269
22270
22271
22272
22273
22274
22275
22276
22278
22279
22280
22281
22282
22283
22285
22286
22287
22288
22289
22290
22291
22293
22295
22296
22297
22298
22300
22301
22302
22303
22304
22305
22306
22307
22308
22309
22310
22311
22313
22314
22315
22316
22317
22318
22319
22320
22321
22322
22323
22324
22325
22326
22327
22329
22331
22332
22333
22334
22335
22336
22337
22340
22341
22342
22343
22344
22345
22346
22347
22348
22350
22352
22354
22355
22356
22357
22358
22359
22360
22361
22362
22363
22364
22365
22366
22367
22368
22369
22370
22374
22375
22376
22377
22378
22379
22380
22381
22382
22383
22384
22386
22388
22389
22390
22391
22393
22394
22395
22396
22397
22398
22400
22401
22403
22404
22406
22407
22409
22410
22411
22412
22413
22414
22416
22417
22418
22419
22420
22421
22422
22423
22424
22426
22427
22429
22431
22432
22435
22436
22438
22439
22441
22442
22443
22444
22446
22447
22448
22450
22451
22452
22453
22454
22455
22456
22457
22458
22459
22462
22464
22467
22468
22469
22470
22471
22472
22473
22474
22475
22476
22477
22478
22479
22480
22483
22484
22485
22487
22488
22489
22490
22491
22492
22493
22494
22495
22496
22497
22498
22499
22500
22501
22502
22503
22504
22505
22506
22507
22508
22509
22510
22511
22512
22513
22514
22515
22516
22517
22518
22519
22520
22522
22523
22524
22526
22528
22529
22530
22531
22532
22533
22534
22535
22536
22538
22539
22540
22541
22542
22543
22545
22546
22547
22548
22549
22550
22552
22553
22554
22556
22559
22560
22561
22562
22564
22566
22567
22568
22569
22570
22571
22573
22574
22575
22576
22577
22578
22579
22580
22581
22582
22584
22585
22586
22587
22588
22589
22590
22591
22592
22593
22594
22596
22597
22598
22599
22600
22601
22603
22604
22605
22606
22607
22608
22609
22611
22612
22613
22614
22615
22616
22617
22618
22619
22620
22621
22622
22623
22624
22625
22626
22627
22628
22631
22632
22633
22634
22635
22637
22639
22640
22641
22642
22644
22645
22646
22647
22648
22650
22652
22653
22655
22656
22657
22658
22659
22661
22664
22665
22667
22668
22669
22670
22671
22673
22674
22675
22676
22677
22678
22679
22680
22681
22684
22685
22686
22688
22689
22691
22692
22693
22694
22695
22696
22697
22698
22699
22700
22701
22702
22704
22705
22706
22707
22708
22709
22710
22711
22712
22713
22714
22715
22716
22717
22718
22719
22720
22722
22723
22724
22725
22726
22727
22728
22729
22730
22731
22732
22733
22734
22736
22737
22739
22740
22742
22743
22744
22745
22747
22748
22749
22750
22751
22752
22753
22754
22755
22756
22758
22759
22760
22761
22762
22764
22765
22766
22768
22769
22771
22772
22774
22775
22776
22778
22779
22780
22781
22782
22783
22785
22786
22787
22788
22789
22791
22792
22793
22794
22795
22796
22797
22798
22799
22800
22801
22802
22803
22804
22805
22806
22807
22808
22809
22810
22811
22812
22813
22814
22816
22818
22819
22820
22821
22822
22823
22824
22825
22826
22827
22828
22829
22831
22832
22833
22834
22835
22836
22837
22838
22840
22841
22843
22844
22845
22846
22847
22848
22849
22850
22851
22852
22853
22854
22855
22856
22857
22858
22859
22860
22861
22862
22863
22864
22867
22870
22871
22872
22874
22875
22876
22877
22878
22879
22880
22881
22883
22884
22885
22886
22887
22888
22890
22891
22893
22894
22895
22896
22897
22898
22899
22901
22902
22904
22905
22907
22909
22910
22912
22913
22914
22915
22916
22917
22918
22919
22920
22921
22922
22923
22925
22926
22927
22928
22929
22930
22931
22932
22933
22934
22935
22936
22937
22938
22939
22940
22941
22942
22943
22944
22945
22946
22948
22949
22950
22951
22953
22954
22956
22958
22959
22960
22961
22963
22964
22965
22966
22967
22968
22969
22970
22971
22972
22973
22974
22975
22976
22977
22978
22979
22981
22982
22985
22986
22987
22988
22989
22990
22991
22992
22993
22994
22995
22996
22998
22999
23000
23001
23002
23003
23004
23005
23006
23007
23008
23011
23012
23013
23015
23018
23019
23020
23021
23022
23023
23025
23026
23027
23028
23029
23031
23033
23034
23035
23036
23039
23040
23041
23042
23044
23045
23046
23047
23048
23049
23051
23052
23053
23054
23055
23056
23057
23058
23059
23060
23062
23063
23064
23067
23068
23069
23070
23071
23072
23073
23074
23075
23076
23077
23078
23079
23080
23081
23082
23083
23084
23085
23087
23088
23089
23090
23091
23092
23093
23095
23096
23097
23098
23099
23100
23101
23102
23103
23105
23106
23108
23109
23110
23111
23112
23114
23115
23118
23119
23121
23123
23124
23125
23126
23127
23128
23129
23130
23131
23132
23135
23137
23138
23139
23140
23141
23143
23144
23145
23147
23148
23149
23150
23151
23152
23153
23154
23155
23156
23157
23159
23160
23161
23162
23163
23164
23165
23167
23169
23171
23172
23173
23174
23175
23176
23178
23179
23180
23181
23182
23183
23184
23185
23186
23187
23188
23189
23190
23191
23192
23193
23195
23196
23198
23199
23200
23202
23203
23204
23205
23206
23207
23209
23210
23212
23213
23215
23216
23217
23219
23224
23227
23228
23229
23230
23231
23232
23233
23234
23235
23236
23238
23239
23240
23241
23242
23243
23244
23246
23247
23248
23249
23250
23251
23252
23253
23254
23255
23256
23257
23258
23259
23260
23261
23262
23263
23264
23265
23266
23267
23269
23270
23272
23273
23274
23275
23276
23277
23278
23279
23281
23282
23283
23284
23287
23289
23290
23291
23292
23293
23294
23295
23296
23297
23299
23300
23301
23303
23305
23306
23308
23309
23310
23311
23313
23315
23317
23318
23319
23320
23321
23322
23323
23324
23326
23328
23329
23331
23332
23333
23334
23335
23336
23337
23338
23339
23340
23341
23342
23343
23344
23345
23346
23347
23348
23349
23350
23352
23353
23354
23355
23356
23357
23358
23359
23360
23361
23362
23363
23364
23365
23366
23367
23368
23369
23370
23371
23372
23373
23374
23375
23376
23378
23379
23380
23381
23382
23383
23384
23385
23387
23388
23390
23391
23392
23393
23394
23395
23396
23397
23399
23400
23401
23402
23403
23404
23405
23406
23407
23408
23409
23410
23411
23412
23413
23415
23416
23417
23418
23420
23421
23422
23423
23424
23425
23426
23427
23428
23429
23430
23431
23432
23433
23434
23435
23436
23437
23440
23441
23442
23444
23445
23447
23448
23449
23450
23451
23452
23453
23454
23455
23456
23457
23458
23459
23460
23461
23462
23463
23464
23465
23466
23467
23468
23471
23472
23473
23474
23475
23476
23477
23478
23479
23480
23481
23482
23483
23485
23486
23487
23488
23489
23490
23491
23493
23494
23495
23496
23497
23498
23499
23500
23501
23502
23503
23504
23505
23506
23507
23508
23509
23510
23511
23512
23513
23514
23517
23518
23519
23520
23521
23523
23524
23525
23527
23528
23529
23530
23531
23532
23533
23534
23535
23536
23537
23538
23539
23541
23542
23543
23545
23546
23547
23548
23549
23550
23551
23552
23554
23555
23556
23558
23559
23560
23561
23562
23563
23564
23565
23566
23567
23569
23570
23571
23572
23573
23574
23575
23576
23577
23578
23580
23581
23582
23583
23584
23586
23588
23590
23591
23592
23593
23594
23595
23596
23597
23598
23599
23600
23601
23602
23603
23605
23606
23609
23610
23612
23613
23614
23615
23616
23617
23619
23621
23622
23623
23624
23625
23626
23627
23628
23629
23630
23631
23633
23634
23635
23636
23637
23638
23639
23640
23642
23643
23645
23646
23647
23648
23650
23651
23652
23654
23656
23657
23658
23659
23660
23661
23662
23663
23664
23666
23667
23668
23669
23670
23671
23674
23675
23676
23677
23678
23679
23680
23681
23682
23683
23684
23685
23686
23687
23688
23689
23690
23691
23692
23693
23694
23695
23696
23697
23699
23700
23701
23703
23704
23705
23707
23708
23709
23710
23711
23712
23713
23715
23717
23718
23719
23720
23722
23724
23725
23726
23727
23728
23729
23731
23732
23733
23736
23737
23738
23739
23741
23742
23743
23744
23745
23746
23747
23749
23750
23751
23753
23754
23755
23757
23758
23760
23761
23762
23763
23764
23765
23766
23767
23768
23769
23771
23772
23773
23775
23776
23777
23778
23780
23781
23782
23783
23784
23785
23786
23787
23788
23789
23790
23792
23793
23794
23795
23796
23797
23798
23799
23800
23801
23802
23803
23804
23805
23806
23807
23808
23809
23811
23813
23814
23815
23817
23818
23820
23821
23822
23824
23825
23828
23829
23830
23831
23832
23833
23834
23835
23836
23837
23838
23839
23840
23841
23843
23844
23845
23846
23847
23848
23849
23851
23852
23853
23854
23855
23857
23858
23859
23860
23861
23862
23863
23865
23866
23867
23868
23869
23871
23872
23874
23875
23876
23877
23878
23880
23881
23882
23884
23885
23886
23887
23888
23889
23891
23892
23893
23894
23896
23898
23899
23900
23901
23902
23903
23904
23905
23906
23907
23908
23909
23910
23911
23912
23914
23915
23916
23917
23918
23919
23920
23921
23922
23923
23924
23928
23929
23930
23931
23932
23933
23934
23935
23937
23938
23939
23940
23941
23942
23943
23944
23945
23946
23947
23948
23949
23950
23951
23952
23953
23954
23955
23957
23958
23959
23960
23961
23962
23964
23965
23966
23968
23969
23970
23971
23972
23973
23974
23976
23977
23979
23980
23981
23982
23983
23984
23986
23987
23988
23989
23990
23991
23992
23993
23994
23995
23997
23998
23999
24000
24001
24003
24004
24005
24006
24007
24008
24009
24010
24011
24012
24015
24016
24017
24018
24019
24020
24021
24022
24025
24026
24027
24028
24030
24031
24032
24033
24034
24035
24036
24037
24038
24039
24040
24041
24042
24043
24044
24045
24046
24047
24048
24049
24050
24052
24053
24054
24055
24056
24058
24059
24060
24061
24063
24064
24065
24067
24068
24069
24070
24071
24072
24073
24074
24075
24076
24077
24078
24079
24080
24081
24082
24083
24084
24085
24086
24087
24088
24089
24090
24091
24092
24093
24094
24095
24097
24098
24099
24100
24101
24102
24103
24104
24105
24106
24107
24108
24109
24111
24113
24114
24116
24117
24119
24120
24121
24122
24123
24124
24125
24127
24128
24129
24130
24131
24132
24134
24135
24136
24137
24139
24140
24143
24144
24145
24146
24147
24148
24149
24150
24151
24152
24153
24154
24155
24156
24158
24159
24160
24161
24162
24163
24166
24167
24168
24169
24170
24172
24173
24174
24176
24177
24178
24179
24180
24181
24182
24183
24184
24185
24186
24187
24190
24192
24193
24194
24195
24196
24197
24198
24200
24201
24202
24203
24204
24205
24206
24208
24210
24211
24212
24213
24214
24215
24216
24217
24218
24219
24220
24221
24222
24223
24224
24225
24226
24227
24229
24230
24231
24232
24233
24234
24235
24236
24237
24238
24240
24241
24242
24243
24244
24245
24246
24247
24248
24249
24250
24251
24252
24253
24254
24255
24256
24257
24258
24259
24260
24261
24262
24263
24264
24266
24267
24268
24269
24270
24271
24272
24273
24274
24277
24278
24279
24280
24281
24282
24283
24285
24286
24287
24289
24290
24291
24292
24293
24294
24295
24297
24299
24300
24301
24302
24304
24305
24306
24308
24309
24310
24311
24312
24314
24315
24317
24318
24320
24321
24322
24323
24324
24325
24326
24327
24328
24329
24330
24331
24332
24333
24334
24335
24336
24337
24338
24339
24340
24341
24342
24343
24344
24345
24346
24347
24348
24349
24351
24352
24353
24354
24355
24356
24357
24358
24359
24360
24361
24362
24363
24364
24365
24367
24369
24370
24371
24372
24373
24374
24375
24376
24377
24378
24379
24380
24381
24382
24383
24384
24386
24387
24388
24389
24390
24392
24393
24394
24395
24396
24397
24399
24400
24401
24402
24403
24404
24405
24406
24407
24408
24409
24410
24411
24412
24413
24414
24415
24416
24417
24418
24419
24420
24421
24422
24423
24424
24425
24426
24427
24428
24429
24430
24431
24432
24433
24434
24436
24437
24438
24439
24440
24442
24443
24444
24445
24446
24448
24449
24450
24451
24452
24453
24454
24455
24456
24457
24458
24459
24461
24462
24465
24466
24467
24468
24470
24472
24473
24474
24475
24476
24477
24478
24479
24480
24482
24483
24484
24485
24486
24487
24488
24490
24492
24493
24494
24496
24497
24498
24499
24501
24502
24503
24505
24506
24509
24510
24511
24512
24513
24514
24515
24516
24518
24519
24520
24521
24522
24523
24524
24525
24527
24528
24530
24531
24532
24533
24534
24535
24536
24538
24539
24540
24541
24542
24543
24544
24545
24547
24548
24549
24551
24552
24553
24554
24555
24557
24558
24559
24560
24561
24562
24563
24564
24565
24566
24567
24568
24570
24571
24572
24573
24574
24575
24576
24578
24579
24581
24582
24583
24584
24585
24586
24587
24588
24589
24590
24591
24592
24594
24595
24596
24597
24598
24599
24600
24601
24602
24603
24604
24605
24606
24607
24608
24609
24610
24611
24612
24613
24614
24615
24616
24617
24618
24619
24620
24622
24623
24625
24626
24627
24628
24629
24630
24631
24632
24633
24634
24636
24637
24638
24640
24641
24642
24644
24645
24646
24647
24648
24649
24650
24652
24653
24655
24657
24658
24659
24660
24661
24662
24663
24664
24666
24667
24668
24669
24670
24671
24672
24673
24674
24675
24676
24677
24678
24680
24682
24683
24684
24685
24686
24688
24689
24690
24691
24692
24694
24695
24696
24697
24698
24700
24701
24702
24703
24704
24705
24706
24707
24708
24709
24710
24711
24712
24713
24714
24716
24718
24720
24721
24722
24723
24724
24726
24727
24728
24729
24730
24731
24732
24733
24735
24736
24737
24738
24739
24740
24741
24742
24743
24744
24745
24746
24747
24748
24749
24750
24751
24752
24753
24754
24755
24756
24757
24758
24759
24760
24761
24762
24763
24764
24765
24766
24767
24768
24769
24770
24771
24772
24774
24775
24777
24778
24779
24781
24782
24783
24784
24785
24786
24787
24788
24789
24791
24793
24794
24796
24797
24798
24799
24800
24801
24802
24803
24804
24805
24806
24807
24808
24809
24811
24812
24813
24814
24815
24816
24817
24818
24819
24820
24821
24822
24823
24824
24825
24826
24827
24828
24829
24830
24831
24833
24834
24835
24836
24838
24839
24840
24841
24842
24843
24845
24846
24847
24848
24849
24850
24851
24852
24853
24854
24855
24856
24857
24858
24859
24860
24861
24862
24863
24864
24865
24866
24867
24868
24869
24870
24871
24872
24873
24874
24875
24876
24877
24878
24879
24880
24881
24882
24883
24884
24885
24886
24887
24888
24889
24890
24892
24893
24894
24895
24896
24898
24899
24900
24901
24902
24903
24904
24905
24906
24907
24908
24909
24910
24911
24913
24914
24915
24916
24917
24919
24920
24922
24923
24925
24926
24927
24928
24930
24931
24932
24933
24934
24935
24937
24938
24939
24940
24941
24942
24943
24944
24945
24946
24947
24948
24949
24950
24952
24953
24954
24955
24956
24957
24960
24961
24963
24965
24966
24967
24968
24969
24970
24971
24973
24974
24975
24976
24977
24978
24980
24981
24983
24984
24986
24988
24989
24990
24991
24992
24993
24994
24995
24996
24997
24998
24999
25000
25001
25002
25003
25004
25005
25006
25007
25008
25009
25010
25011
25013
25014
25015
25016
25018
25020
25021
25022
25023
25024
25025
25026
25027
25028
25029
25030
25031
25032
25033
25034
25036
25037
25038
25039
25040
25041
25043
25044
25045
25046
25047
25048
25049
25050
25051
25052
25053
25054
25055
25056
25057
25058
25059
25060
25061
25062
25063
25064
25065
25067
25068
25069
25071
25072
25073
25074
25076
25077
25078
25079
25081
25082
25083
25084
25085
25086
25087
25088
25089
25090
25091
25092
25093
25094
25096
25097
25098
25099
25100
25101
25102
25103
25104
25106
25107
25109
25110
25112
25113
25114
25115
25116
25117
25118
25120
25121
25122
25123
25124
25125
25126
25128
25129
25130
25131
25132
25134
25135
25136
25137
25138
25139
25140
25141
25142
25143
25145
25146
25147
25148
25149
25150
25151
25153
25154
25155
25156
25157
25159
25160
25161
25163
25164
25165
25166
25167
25168
25169
25170
25171
25172
25173
25174
25175
25176
25177
25178
25179
25181
25182
25183
25184
25185
25186
25187
25188
25189
25190
25191
25192
25193
25194
25195
25196
25197
25199
25200
25202
25203
25204
25207
25208
25209
25210
25211
25213
25214
25215
25216
25217
25218
25219
25220
25221
25222
25223
25224
25225
25226
25227
25229
25230
25231
25232
25233
25234
25235
25236
25238
25239
25240
25241
25242
25243
25244
25245
25246
25247
25248
25249
25250
25251
25252
25253
25254
25255
25256
25257
25258
25259
25260
25261
25262
25263
25264
25266
25267
25268
25269
25270
25271
25272
25274
25275
25276
25277
25278
25279
25280
25281
25282
25283
25284
25286
25288
25289
25290
25291
25292
25294
25295
25296
25297
25298
25299
25300
25301
25302
25303
25304
25305
25307
25308
25309
25310
25311
25312
25314
25315
25316
25317
25318
25319
25321
25323
25324
25325
25326
25327
25328
25330
25331
25332
25333
25334
25335
25336
25337
25338
25339
25340
25341
25342
25343
25345
25346
25347
25348
25349
25350
25351
25352
25353
25354
25355
25356
25357
25358
25359
25360
25361
25362
25363
25364
25365
25366
25367
25368
25369
25370
25371
25372
25373
25374
25376
25377
25378
25379
25380
25381
25382
25383
25384
25386
25387
25388
25389
25390
25391
25392
25393
25394
25395
25397
25398
25399
25400
25401
25402
25403
25404
25405
25406
25408
25409
25410
25412
25413
25414
25415
25416
25417
25418
25420
25421
25422
25423
25424
25425
25426
25427
25428
25429
25430
25431
25432
25433
25434
25435
25436
25437
25439
25440
25441
25442
25443
25444
25445
25446
25447
25448
25449
25450
25451
25452
25453
25454
25455
25457
25458
25459
25461
25463
25467
25468
25470
25473
25474
25475
25477
25478
25479
25480
25481
25482
25483
25484
25485
25486
25487
25488
25489
25490
25491
25492
25493
25494
25495
25496
25497
25498
25499
25500
25501
25502
25503
25504
25505
25506
25507
25508
25509
25510
25511
25512
25513
25514
25515
25516
25517
25518
25520
25521
25523
25524
25525
25527
25528
25529
25530
25532
25533
25535
25536
25537
25538
25539
25540
25541
25542
25543
25544
25545
25546
25547
25548
25549
25550
25551
25552
25553
25554
25555
25556
25557
25558
25560
25561
25563
25564
25565
25566
25567
25569
25571
25572
25573
25574
25575
25576
25577
25578
25579
25580
25581
25582
25583
25584
25586
25587
25588
25589
25591
25592
25593
25594
25595
25596
25597
25598
25599
25600
25601
25602
25603
25604
25606
25607
25608
25609
25610
25611
25612
25613
25614
25615
25616
25617
25619
25622
25623
25625
25626
25627
25628
25629
25630
25631
25632
25633
25634
25635
25636
25638
25639
25640
25641
25642
25643
25645
25646
25647
25648
25649
25650
25651
25652
25653
25654
25655
25656
25657
25658
25660
25663
25664
25666
25667
25668
25669
25670
25671
25672
25673
25675
25676
25677
25682
25683
25684
25685
25686
25687
25688
25689
25690
25691
25692
25693
25694
25695
25696
25698
25700
25702
25703
25704
25706
25707
25708
25709
25710
25711
25712
25713
25715
25716
25717
25718
25719
25720
25724
25725
25726
25727
25728
25730
25731
25732
25733
25734
25735
25736
25737
25738
25739
25740
25741
25742
25743
25745
25746
25747
25748
25750
25751
25752
25753
25754
25755
25756
25757
25758
25759
25760
25762
25763
25764
25765
25766
25767
25768
25769
25770
25772
25774
25775
25776
25777
25778
25779
25780
25781
25782
25783
25784
25785
25786
25787
25788
25789
25791
25792
25793
25795
25796
25797
25798
25799
25800
25801
25802
25803
25805
25806
25807
25808
25809
25810
25811
25813
25814
25815
25817
25818
25819
25820
25821
25824
25825
25826
25827
25828
25829
25831
25833
25834
25835
25836
25837
25838
25839
25840
25841
25842
25843
25844
25845
25846
25847
25848
25849
25850
25851
25853
25854
25855
25856
25857
25858
25859
25860
25861
25862
25863
25864
25865
25866
25867
25868
25870
25871
25872
25873
25874
25875
25876
25877
25878
25879
25880
25881
25882
25883
25884
25885
25886
25887
25889
25890
25891
25892
25893
25894
25897
25898
25900
25901
25902
25903
25904
25905
25906
25907
25908
25912
25913
25915
25916
25917
25918
25919
25920
25921
25922
25923
25924
25925
25926
25927
25928
25930
25931
25932
25933
25934
25935
25937
25938
25940
25941
25942
25943
25944
25945
25946
25947
25948
25949
25950
25951
25952
25953
25954
25955
25956
25957
25958
25959
25960
25961
25962
25963
25964
25965
25966
25967
25968
25970
25972
25973
25974
25975
25976
25978
25979
25980
25981
25982
25983
25984
25985
25987
25988
25989
25990
25991
25992
25993
25994
25995
25996
25997
25998
25999
26000
26001
26002
26003
26004
26005
26007
26008
26009
26010
26011
26013
26014
26015
26016
26017
26018
26019
26020
26021
26022
26024
26027
26028
26030
26031
26032
26033
26035
26036
26037
26038
26039
26040
26041
26043
26044
26045
26046
26048
26049
26050
26051
26056
26057
26058
26059
26060
26061
26062
26063
26064
26065
26066
26067
26068
26069
26070
26071
26072
26073
26075
26076
26077
26078
26079
26080
26082
26083
26084
26085
26086
26088
26089
26090
26091
26092
26093
26094
26095
26097
26098
26100
26101
26102
26104
26105
26106
26107
26108
26109
26110
26111
26113
26114
26115
26116
26117
26118
26120
26121
26122
26123
26124
26125
26126
26127
26128
26129
26130
26131
26132
26133
26134
26135
26136
26137
26138
26139
26140
26141
26142
26143
26144
26145
26146
26147
26149
26150
26151
26152
26154
26156
26157
26158
26159
26160
26161
26162
26163
26164
26165
26166
26167
26168
26169
26170
26171
26172
26173
26174
26175
26176
26177
26178
26179
26180
26181
26182
26183
26184
26185
26186
26187
26188
26189
26190
26191
26192
26194
26195
26196
26197
26198
26199
26200
26201
26202
26204
26205
26206
26207
26209
26210
26211
26212
26213
26214
26215
26216
26217
26218
26219
26220
26221
26222
26223
26224
26225
26226
26227
26229
26230
26231
26232
26233
26234
26235
26236
26237
26238
26239
26240
26241
26242
26243
26244
26245
26246
26247
26248
26249
26250
26251
26253
26255
26256
26257
26258
26259
26260
26261
26262
26263
26266
26267
26268
26269
26270
26271
26272
26273
26274
26275
26276
26277
26278
26279
26280
26281
26282
26283
26284
26285
26286
26287
26288
26289
26290
26291
26292
26293
26294
26295
26296
26297
26298
26299
26300
26301
26302
26303
26304
26305
26306
26308
26309
26311
26312
26313
26315
26316
26317
26318
26319
26322
26324
26325
26326
26327
26328
26329
26330
26331
26332
26333
26334
26335
26336
26337
26338
26339
26340
26341
26342
26343
26344
26345
26346
26347
26348
26349
26350
26351
26352
26354
26355
26356
26357
26359
26360
26361
26362
26363
26364
26365
26366
26367
26368
26369
26370
26371
26372
26373
26374
26375
26376
26377
26378
26379
26380
26381
26383
26384
26385
26386
26387
26390
26391
26392
26393
26394
26395
26396
26398
26399
26400
26401
26402
26403
26404
26405
26406
26407
26408
26410
26411
26412
26413
26414
26415
26416
26417
26419
26420
26421
26422
26423
26424
26425
26426
26427
26428
26429
26430
26431
26433
26434
26435
26436
26437
26438
26440
26441
26442
26443
26444
26445
26446
26447
26449
26450
26451
26452
26453
26454
26455
26456
26457
26458
26459
26460
26461
26462
26464
26465
26466
26467
26468
26469
26470
26471
26472
26473
26474
26475
26476
26478
26479
26480
26481
26483
26484
26485
26486
26488
26489
26490
26491
26493
26494
26495
26496
26497
26499
26501
26502
26504
26505
26506
26507
26508
26509
26510
26511
26512
26513
26514
26515
26516
26517
26518
26519
26520
26521
26522
26523
26524
26525
26526
26527
26528
26529
26530
26531
26532
26533
26534
26536
26537
26538
26540
26541
26542
26543
26544
26545
26546
26547
26548
26549
26550
26551
26552
26553
26554
26555
26556
26557
26558
26559
26560
26561
26562
26563
26564
26566
26567
26568
26570
26571
26572
26573
26574
26575
26576
26577
26579
26580
26581
26582
26584
26585
26586
26587
26589
26590
26591
26593
26594
26596
26597
26598
26600
26601
26602
26603
26604
26605
26607
26608
26610
26611
26612
26613
26614
26615
26616
26617
26618
26619
26620
26621
26622
26623
26624
26625
26626
26627
26628
26629
26631
26632
26633
26634
26635
26636
26637
26638
26639
26640
26641
26642
26643
26645
26647
26648
26649
26650
26651
26652
26653
26654
26655
26657
26658
26659
26660
26661
26662
26663
26664
26665
26666
26667
26668
26669
26670
26671
26672
26673
26674
26675
26676
26677
26679
26680
26681
26682
26683
26685
26686
26687
26688
26689
26690
26692
26693
26694
26695
26697
26698
26699
26700
26701
26703
26704
26705
26706
26708
26709
26710
26711
26712
26713
26714
26715
26716
26717
26718
26719
26720
26721
26722
26723
26724
26725
26726
26727
26729
26730
26731
26732
26733
26735
26736
26737
26738
26741
26742
26743
26744
26745
26746
26749
26750
26751
26752
26753
26754
26755
26756
26757
26758
26759
26761
26762
26763
26764
26765
26766
26767
26768
26769
26770
26771
26772
26773
26776
26777
26778
26779
26780
26781
26784
26786
26787
26788
26790
26792
26793
26794
26795
26796
26797
26798
26799
26800
26801
26802
26803
26804
26806
26807
26808
26809
26810
26811
26813
26814
26815
26816
26818
26819
26821
26822
26823
26824
26825
26826
26827
26828
26829
26830
26831
26833
26834
26835
26836
26837
26838
26839
26840
26841
26842
26843
26844
26845
26848
26849
26850
26851
26852
26853
26854
26855
26856
26858
26860
26861
26862
26864
26866
26867
26868
26869
26870
26871
26872
26873
26874
26875
26876
26877
26878
26879
26880
26881
26882
26883
26885
26886
26888
26889
26890
26891
26892
26894
26896
26898
26900
26901
26902
26903
26904
26905
26906
26908
26909
26911
26912
26913
26914
26915
26916
26917
26918
26919
26920
26921
26922
26923
26924
26926
26927
26928
26929
26930
26933
26934
26935
26936
26937
26938
26940
26941
26942
26944
26945
26947
26948
26949
26950
26951
26952
26953
26954
26955
26956
26957
26958
26959
26960
26962
26963
26964
26965
26966
26968
26971
26972
26973
26974
26975
26976
26977
26978
26979
26980
26981
26983
26985
26986
26987
26990
26991
26992
26993
26995
26996
26997
26998
26999
27000
27001
27002
27003
27004
27005
27006
27007
27008
27009
27010
27011
27012
27013
27014
27015
27017
27018
27019
27020
27021
27022
27023
27025
27026
27027
27028
27029
27030
27031
27032
27033
27034
27035
27036
27037
27038
27039
27040
27041
27042
27045
27046
27047
27048
27050
27051
27052
27053
27055
27056
27057
27058
27059
27061
27062
27063
27064
27065
27066
27067
27068
27069
27071
27072
27073
27074
27075
27076
27077
27079
27080
27081
27082
27083
27084
27086
27087
27088
27089
27090
27091
27092
27093
27094
27095
27096
27097
27098
27099
27101
27103
27104
27105
27106
27107
27108
27109
27110
27111
27112
27113
27114
27115
27116
27117
27118
27119
27120
27121
27122
27124
27125
27126
27127
27128
27129
27130
27131
27132
27135
27136
27138
27139
27140
27142
27143
27144
27145
27146
27147
27148
27149
27150
27151
27152
27153
27154
27155
27156
27157
27159
27160
27161
27162
27164
27165
27166
27167
27168
27169
27170
27171
27172
27173
27174
27175
27176
27177
27178
27179
27180
27181
27182
27183
27184
27185
27186
27187
27188
27189
27190
27191
27192
27193
27194
27195
27196
27197
27198
27199
27200
27201
27202
27203
27205
27207
27208
27209
27210
27211
27214
27215
27216
27217
27218
27219
27220
27221
27223
27224
27225
27226
27227
27228
27229
27231
27232
27233
27234
27235
27236
27237
27238
27239
27240
27241
27242
27243
27244
27245
27246
27247
27248
27249
27250
27251
27252
27253
27254
27255
27257
27258
27259
27260
27261
27263
27264
27265
27266
27267
27268
27269
27270
27272
27273
27274
27275
27276
27277
27278
27279
27280
27281
27282
27283
27284
27285
27286
27287
27288
27289
27290
27291
27292
27293
27294
27296
27297
27298
27299
27300
27302
27304
27305
27307
27308
27309
27310
27311
27312
27313
27314
27315
27316
27317
27318
27319
27320
27321
27322
27323
27324
27326
27327
27328
27329
27330
27331
27333
27334
27335
27336
27337
27338
27339
27340
27341
27342
27343
27346
27347
27348
27349
27350
27351
27352
27353
27354
27356
27357
27358
27359
27360
27361
27362
27363
27364
27365
27366
27368
27369
27370
27371
27372
27373
27374
27375
27376
27377
27378
27380
27383
27384
27385
27386
27387
27389
27390
27391
27392
27393
27394
27395
27397
27398
27399
27400
27401
27403
27404
27405
27406
27407
27408
27409
27410
27411
27413
27414
27417
27418
27419
27420
27421
27422
27423
27424
27425
27426
27427
27428
27429
27430
27431
27432
27433
27434
27435
27436
27437
27438
27439
27440
27441
27442
27443
27444
27445
27446
27447
27448
27449
27450
27451
27452
27453
27454
27455
27456
27457
27459
27460
27461
27463
27464
27465
27468
27469
27470
27471
27472
27473
27474
27475
27476
27477
27478
27479
27480
27481
27482
27483
27484
27485
27486
27487
27488
27489
27490
27491
27492
27493
27494
27495
27496
27497
27498
27499
27501
27502
27503
27504
27505
27506
27507
27508
27511
27512
27513
27515
27516
27517
27518
27519
27520
27521
27522
27523
27524
27525
27526
27527
27528
27529
27530
27531
27533
27535
27536
27537
27539
27540
27541
27543
27544
27546
27547
27548
27551
27552
27553
27554
27555
27556
27557
27558
27559
27560
27561
27562
27563
27564
27565
27567
27568
27569
27571
27572
27573
27574
27575
27576
27577
27578
27579
27580
27581
27582
27583
27584
27585
27586
27587
27589
27590
27591
27592
27594
27595
27596
27597
27598
27599
27600
27601
27602
27603
27604
27605
27606
27607
27608
27609
27610
27611
27612
27613
27614
27615
27616
27617
27618
27619
27620
27621
27623
27624
27625
27626
27627
27628
27629
27630
27631
27633
27634
27635
27636
27637
27638
27639
27640
27641
27643
27644
27645
27646
27648
27650
27651
27652
27655
27656
27658
27659
27660
27661
27663
27664
27665
27666
27667
27668
27669
27670
27671
27672
27673
27674
27675
27677
27678
27679
27680
27681
27682
27683
27684
27685
27686
27688
27689
27690
27691
27693
27694
27695
27696
27697
27698
27699
27702
27703
27704
27705
27706
27707
27708
27709
27710
27711
27712
27713
27715
27716
27717
27719
27720
27722
27723
27724
27725
27726
27727
27728
27729
27730
27731
27732
27733
27734
27736
27737
27738
27739
27740
27741
27742
27744
27745
27746
27747
27748
27749
27750
27752
27753
27754
27755
27757
27758
27759
27760
27761
27762
27765
27766
27767
27769
27770
27772
27773
27774
27776
27777
27778
27779
27780
27781
27782
27783
27784
27785
27787
27788
27789
27791
27792
27793
27794
27795
27797
27799
27800
27801
27802
27803
27804
27805
27806
27807
27808
27809
27810
27812
27813
27814
27815
27816
27818
27819
27820
27821
27822
27823
27824
27825
27826
27828
27829
27830
27831
27832
27833
27834
27835
27836
27838
27839
27840
27841
27842
27843
27844
27845
27846
27847
27849
27850
27851
27852
27853
27854
27855
27856
27857
27859
27860
27861
27862
27863
27865
27866
27867
27868
27869
27870
27871
27872
27873
27874
27875
27876
27877
27878
27879
27880
27881
27883
27884
27885
27886
27887
27888
27889
27890
27892
27893
27894
27895
27896
27897
27898
27899
27900
27901
27902
27903
27904
27905
27906
27907
27909
27910
27911
27913
27914
27915
27916
27917
27918
27919
27920
27921
27922
27923
27925
27926
27927
27928
27929
27930
27931
27932
27933
27934
27935
27936
27937
27938
27939
27940
27941
27942
27943
27944
27945
27946
27947
27948
27949
27951
27952
27953
27954
27955
27956
27957
27958
27959
27960
27961
27962
27963
27964
27965
27966
27967
27968
27969
27970
27971
27972
27973
27974
27975
27976
27977
27979
27980
27981
27983
27985
27988
27990
27991
27992
27993
27994
27995
27996
27997
27998
27999
28000
28001
28002
28003
28004
28005
28006
28008
28009
28010
28011
28013
28014
28015
28016
28017
28018
28019
28020
28021
28022
28023
28024
28025
28026
28027
28028
28029
28030
28033
28035
28036
28038
28039
28040
28041
28042
28044
28045
28046
28047
28048
28049
28050
28051
28054
28055
28056
28057
28058
28059
28060
28061
28062
28063
28064
28065
28066
28067
28069
28070
28071
28073
28074
28075
28076
28077
28078
28080
28081
28082
28083
28084
28085
28086
28087
28088
28089
28090
28091
28092
28093
28094
28095
28096
28098
28099
28100
28101
28102
28103
28104
28105
28106
28107
28108
28109
28110
28111
28112
28113
28114
28116
28117
28118
28120
28121
28123
28124
28125
28126
28127
28128
28129
28130
28131
28132
28133
28134
28135
28136
28137
28138
28139
28143
28144
28145
28146
28147
28148
28149
28150
28151
28152
28153
28154
28155
28156
28157
28159
28160
28161
28162
28164
28165
28166
28167
28168
28170
28171
28172
28173
28174
28175
28176
28177
28178
28179
28180
28181
28182
28183
28185
28188
28189
28190
28191
28192
28194
28195
28197
28198
28199
28200
28202
28204
28205
28207
28208
28209
28210
28211
28212
28213
28214
28215
28217
28218
28219
28220
28221
28222
28223
28224
28225
28226
28228
28229
28230
28231
28232
28233
28234
28235
28236
28237
28238
28239
28242
28243
28244
28245
28246
28247
28248
28249
28250
28251
28252
28254
28255
28257
28258
28259
28260
28261
28262
28263
28264
28265
28266
28267
28268
28269
28270
28272
28273
28274
28275
28276
28277
28278
28279
28281
28282
28283
28284
28285
28286
28287
28288
28289
28290
28291
28292
28293
28295
28296
28297
28298
28300
28301
28302
28303
28305
28306
28307
28308
28309
28310
28311
28312
28313
28315
28316
28317
28318
28319
28321
28322
28323
28324
28325
28326
28327
28328
28329
28330
28331
28332
28333
28334
28335
28336
28337
28338
28339
28340
28341
28342
28343
28344
28345
28347
28348
28349
28350
28351
28353
28354
28355
28356
28357
28358
28359
28360
28361
28362
28363
28364
28366
28367
28368
28369
28370
28371
28372
28373
28374
28375
28376
28379
28381
28382
28383
28384
28385
28386
28387
28388
28389
28390
28391
28392
28393
28395
28396
28397
28398
28399
28401
28402
28403
28405
28406
28407
28408
28409
28410
28411
28413
28414
28415
28416
28417
28418
28419
28420
28421
28422
28423
28424
28426
28427
28428
28429
28430
28431
28432
28433
28434
28435
28436
28437
28438
28439
28440
28441
28442
28443
28444
28445
28446
28447
28448
28449
28450
28451
28452
28453
28454
28455
28456
28457
28458
28460
28461
28462
28463
28464
28466
28467
28468
28469
28470
28471
28472
28473
28474
28477
28478
28479
28480
28481
28482
28483
28484
28485
28486
28487
28488
28489
28490
28491
28492
28493
28494
28496
28497
28498
28499
28500
28501
28502
28503
28504
28505
28506
28507
28508
28509
28510
28511
28512
28513
28514
28515
28516
28517
28518
28519
28521
28522
28523
28524
28525
28526
28527
28528
28529
28530
28531
28532
28533
28534
28535
28537
28538
28539
28540
28541
28542
28543
28544
28545
28546
28547
28548
28549
28550
28551
28553
28554
28555
28556
28558
28559
28561
28562
28563
28564
28565
28566
28567
28568
28569
28570
28571
28572
28573
28575
28576
28577
28578
28579
28580
28581
28582
28583
28584
28585
28586
28587
28588
28590
28591
28592
28594
28595
28596
28597
28598
28599
28600
28601
28602
28603
28604
28605
28608
28609
28610
28611
28612
28613
28614
28615
28616
28617
28618
28619
28621
28622
28623
28624
28625
28626
28627
28628
28629
28630
28631
28633
28634
28635
28636
28638
28640
28641
28642
28643
28644
28646
28647
28648
28649
28651
28652
28653
28654
28655
28656
28657
28658
28659
28660
28661
28663
28664
28665
28666
28667
28668
28669
28670
28671
28672
28673
28674
28675
28676
28677
28678
28679
28680
28681
28682
28683
28684
28685
28686
28687
28688
28689
28690
28691
28693
28694
28695
28696
28697
28698
28699
28700
28702
28703
28704
28705
28706
28707
28708
28709
28710
28711
28713
28714
28715
28716
28717
28718
28719
28720
28722
28723
28724
28725
28727
28728
28729
28731
28732
28733
28734
28735
28737
28738
28739
28740
28741
28742
28743
28744
28745
28746
28747
28748
28749
28751
28752
28753
28755
28756
28757
28761
28762
28764
28766
28767
28769
28770
28771
28772
28773
28774
28775
28776
28777
28778
28779
28780
28781
28782
28783
28784
28785
28786
28787
28788
28789
28790
28791
28792
28793
28794
28795
28796
28797
28798
28799
28800
28801
28802
28804
28805
28806
28807
28808
28809
28810
28812
28813
28814
28815
28816
28817
28818
28819
28820
28821
28822
28823
28824
28825
28826
28827
28828
28829
28831
28832
28833
28834
28836
28837
28838
28839
28840
28841
28842
28843
28844
28845
28847
28848
28849
28850
28851
28854
28855
28856
28857
28858
28859
28860
28861
28862
28863
28864
28865
28866
28867
28869
28870
28871
28872
28873
28874
28875
28876
28877
28878
28879
28880
28881
28882
28883
28884
28885
28886
28887
28888
28889
28890
28891
28893
28894
28895
28897
28898
28899
28900
28902
28903
28905
28906
28907
28908
28909
28910
28911
28912
28913
28914
28915
28916
28918
28919
28920
28921
28922
28923
28925
28926
28927
28928
28929
28930
28931
28932
28933
28934
28935
28936
28937
28938
28939
28940
28941
28942
28944
28945
28946
28947
28948
28949
28950
28951
28952
28953
28954
28955
28956
28957
28958
28959
28960
28961
28962
28963
28964
28965
28966
28967
28968
28969
28970
28972
28973
28974
28975
28976
28977
28978
28980
28981
28982
28983
28984
28985
28986
28987
28988
28989
28992
28994
28995
28996
28997
28998
28999
29001
29002
29003
29004
29005
29007
29009
29010
29011
29012
29013
29015
29016
29017
29018
29019
29020
29021
29022
29023
29024
29026
29027
29028
29029
29030
29031
29032
29033
29034
29035
29036
29037
29038
29039
29040
29041
29042
29043
29044
29045
29046
29047
29048
29049
29052
29053
29054
29056
29057
29058
29059
29060
29061
29062
29063
29064
29065
29066
29067
29068
29070
29071
29073
29074
29075
29076
29078
29079
29080
29081
29082
29083
29084
29085
29086
29087
29088
29089
29090
29091
29092
29093
29095
29096
29097
29098
29099
29101
29102
29103
29105
29106
29107
29108
29110
29111
29112
29114
29115
29116
29117
29118
29119
29120
29121
29122
29123
29124
29126
29127
29128
29129
29130
29131
29132
29133
29135
29136
29137
29138
29139
29140
29141
29142
29143
29145
29146
29147
29148
29149
29150
29151
29152
29153
29154
29155
29156
29157
29158
29159
29160
29161
29162
29163
29164
29165
