13:16:24.611	access	pid=93458	CapEff=0xa80405fb	cap_sys_admin=no	kpageflags=unreadable (Permission denied)	page_owner=absent	tracefs=absent
13:16:24.611	pass	0	mappings=393	mappings_with_pfns=0
13:16:24.611	map	0	200000000-200600000	---p	[anon]	pages=1536	present=0	swapped=0	file_or_shared=0	exclusive=0	rss_kb=0	locked_kb=0	anon_kb=0	thp_kb=0	vmflags=mr mw me sd	pfn_sha=-	flags=-
13:16:24.611	map	0	200600000-200800000	rw-s	/dev/nvidia0	pages=512	present=0	swapped=0	file_or_shared=0	exclusive=0	rss_kb=0	locked_kb=0	anon_kb=0	thp_kb=0	vmflags=rd wr sh mr mw me ms pf io de ar dd sd	pfn_sha=-	flags=-
13:16:24.611	map	0	200800000-203000000	rw-s	/dev/nvidiactl	pages=10240	present=10240	swapped=0	file_or_shared=10240	exclusive=10240	rss_kb=40960	locked_kb=0	anon_kb=0	thp_kb=0	vmflags=rd wr sh mr mw me ms de dd sd mm	pfn_sha=-	flags=-
13:16:24.611	map	0	203000000-206c00000	---p	[anon]	pages=15360	present=0	swapped=0	file_or_shared=0	exclusive=0	rss_kb=0	locked_kb=0	anon_kb=0	thp_kb=0	vmflags=mr mw me sd	pfn_sha=-	flags=-
13:16:24.611	map	0	206c00000-206e00000	rw-s	/dev/nvidiactl	pages=512	present=512	swapped=0	file_or_shared=512	exclusive=512	rss_kb=2048	locked_kb=0	anon_kb=0	thp_kb=0	vmflags=rd wr sh mr mw me ms de dd sd mm	pfn_sha=-	flags=-
13:16:24.611	map	0	206e00000-207000000	rw-s	/dev/nvidiactl	pages=512	present=512	swapped=0	file_or_shared=512	exclusive=512	rss_kb=2048	locked_kb=0	anon_kb=0	thp_kb=0	vmflags=rd wr sh mr mw me ms de dd sd mm	pfn_sha=-	flags=-
13:16:24.611	map	0	207000000-207200000	rw-s	/dev/nvidia-uvm	pages=512	present=512	swapped=0	file_or_shared=512	exclusive=512	rss_kb=2048	locked_kb=0	anon_kb=0	thp_kb=0	vmflags=rd wr sh mr mw me ms dc de sd mm	pfn_sha=-	flags=-
13:16:24.611	map	0	207200000-207a00000	---p	[anon]	pages=2048	present=0	swapped=0	file_or_shared=0	exclusive=0	rss_kb=0	locked_kb=0	anon_kb=0	thp_kb=0	vmflags=mr mw me sd	pfn_sha=-	flags=-
13:16:24.611	map	0	207a00000-207c00000	rw-s	/dev/nvidiactl	pages=512	present=512	swapped=0	file_or_shared=512	exclusive=512	rss_kb=2048	locked_kb=0	anon_kb=0	thp_kb=0	vmflags=rd wr sh mr mw me ms de dd sd mm	pfn_sha=-	flags=-
13:16:24.611	map	0	207c00000-300200000	---p	[anon]	pages=1017344	present=0	swapped=0	file_or_shared=0	exclusive=0	rss_kb=0	locked_kb=0	anon_kb=0	thp_kb=0	vmflags=mr mw me sd	pfn_sha=-	flags=-
13:16:24.611	map	0	302000000-327e000000	---p	[anon]	pages=49790976	present=0	swapped=0	file_or_shared=0	exclusive=0	rss_kb=0	locked_kb=0	anon_kb=0	thp_kb=0	vmflags=mr mw me sd	pfn_sha=-	flags=-
13:16:24.611	map	0	10000000000-10004000000	---p	[anon]	pages=16384	present=0	swapped=0	file_or_shared=0	exclusive=0	rss_kb=0	locked_kb=0	anon_kb=0	thp_kb=0	vmflags=mr mw me sd	pfn_sha=-	flags=-
13:16:24.611	map	0	5873435b4000-587345cc3000	r--p	/root/spill-receipts/c-day78-box34-285k/bins/run-gen-p78	pages=9999	present=4348	swapped=0	file_or_shared=4348	exclusive=4348	rss_kb=17392	locked_kb=0	anon_kb=0	thp_kb=0	vmflags=rd mr mw me sd	pfn_sha=-	flags=-
13:16:24.611	map	0	587345cc3000-58734654f000	r-xp	/root/spill-receipts/c-day78-box34-285k/bins/run-gen-p78	pages=2188	present=1596	swapped=0	file_or_shared=1596	exclusive=1596	rss_kb=6384	locked_kb=0	anon_kb=0	thp_kb=0	vmflags=rd ex mr mw me sd	pfn_sha=-	flags=-
13:16:24.611	map	0	58734654f000-5873465ad000	r--p	/root/spill-receipts/c-day78-box34-285k/bins/run-gen-p78	pages=94	present=94	swapped=0	file_or_shared=0	exclusive=94	rss_kb=376	locked_kb=0	anon_kb=376	thp_kb=0	vmflags=rd mr mw me ac sd	pfn_sha=-	flags=-
13:16:24.611	map	0	5873465ad000-5873465b1000	rw-p	/root/spill-receipts/c-day78-box34-285k/bins/run-gen-p78	pages=4	present=4	swapped=0	file_or_shared=0	exclusive=4	rss_kb=16	locked_kb=0	anon_kb=16	thp_kb=0	vmflags=rd wr mr mw me ac sd	pfn_sha=-	flags=-
13:16:24.611	map	0	5873465b1000-5873465b9000	rw-p	[anon]	pages=8	present=7	swapped=0	file_or_shared=0	exclusive=7	rss_kb=28	locked_kb=0	anon_kb=28	thp_kb=0	vmflags=rd wr mr mw me ac sd	pfn_sha=-	flags=-
13:16:24.611	map	0	58734a5a1000-587352f07000	rw-p	[heap]	pages=35174	present=26208	swapped=0	file_or_shared=0	exclusive=26204	rss_kb=104804	locked_kb=0	anon_kb=104804	thp_kb=0	vmflags=rd wr mr mw me ac sd	pfn_sha=-	flags=-
13:16:24.611	map	0	77e8aa000000-77e8b7200000	rw-s	/dev/nvidiactl	pages=53760	present=53760	swapped=0	file_or_shared=53760	exclusive=53760	rss_kb=215040	locked_kb=0	anon_kb=0	thp_kb=0	vmflags=rd wr sh mr mw me ms de dd sd mm	pfn_sha=-	flags=-
13:16:24.611	map	0	77e8b7200000-77e8b7400000	rw-s	/dev/zero (deleted)	pages=512	present=512	swapped=0	file_or_shared=512	exclusive=512	rss_kb=2048	locked_kb=0	anon_kb=0	thp_kb=0	vmflags=rd wr sh mr mw me ms sd	pfn_sha=-	flags=-
13:16:24.611	map	0	77e8b7400000-77e8b8000000	---p	[anon]	pages=3072	present=0	swapped=0	file_or_shared=0	exclusive=0	rss_kb=0	locked_kb=0	anon_kb=0	thp_kb=0	vmflags=mr mw me sd	pfn_sha=-	flags=-
13:16:24.611	map	0	77e8b8000000-77e8c0800000	rw-s	/dev/nvidiactl	pages=34816	present=34816	swapped=0	file_or_shared=34816	exclusive=34816	rss_kb=139264	locked_kb=0	anon_kb=0	thp_kb=0	vmflags=rd wr sh mr mw me ms de dd sd mm	pfn_sha=-	flags=-
13:16:24.611	map	0	77e8c0800000-77e8c2000000	---p	[anon]	pages=6144	present=0	swapped=0	file_or_shared=0	exclusive=0	rss_kb=0	locked_kb=0	anon_kb=0	thp_kb=0	vmflags=mr mw me sd	pfn_sha=-	flags=-
13:16:24.611	map	0	77e8c2000000-77e8ca800000	rw-s	/dev/nvidiactl	pages=34816	present=34816	swapped=0	file_or_shared=34816	exclusive=34816	rss_kb=139264	locked_kb=0	anon_kb=0	thp_kb=0	vmflags=rd wr sh mr mw me ms de dd sd mm	pfn_sha=-	flags=-
13:16:24.611	map	0	77e8ca800000-77e8cc000000	---p	[anon]	pages=6144	present=0	swapped=0	file_or_shared=0	exclusive=0	rss_kb=0	locked_kb=0	anon_kb=0	thp_kb=0	vmflags=mr mw me sd	pfn_sha=-	flags=-
13:16:24.611	map	0	77e8cc000000-77e8d9200000	rw-s	/dev/nvidiactl	pages=53760	present=53760	swapped=0	file_or_shared=53760	exclusive=53760	rss_kb=215040	locked_kb=0	anon_kb=0	thp_kb=0	vmflags=rd wr sh mr mw me ms de dd sd mm	pfn_sha=-	flags=-
13:16:24.611	map	0	77e8d9200000-77e8da000000	---p	[anon]	pages=3584	present=0	swapped=0	file_or_shared=0	exclusive=0	rss_kb=0	locked_kb=0	anon_kb=0	thp_kb=0	vmflags=mr mw me sd	pfn_sha=-	flags=-
13:16:24.611	map	0	77e8da000000-77e8e0e00000	rw-s	/dev/nvidiactl	pages=28160	present=28160	swapped=0	file_or_shared=28160	exclusive=28160	rss_kb=112640	locked_kb=0	anon_kb=0	thp_kb=0	vmflags=rd wr sh mr mw me ms de dd sd mm	pfn_sha=-	flags=-
13:16:24.611	map	0	77e8e0e00000-77e8e2000000	---p	[anon]	pages=4608	present=0	swapped=0	file_or_shared=0	exclusive=0	rss_kb=0	locked_kb=0	anon_kb=0	thp_kb=0	vmflags=mr mw me sd	pfn_sha=-	flags=-
13:16:24.611	map	0	77e8e2000000-77e8e8e00000	rw-s	/dev/nvidiactl	pages=28160	present=28160	swapped=0	file_or_shared=28160	exclusive=28160	rss_kb=112640	locked_kb=0	anon_kb=0	thp_kb=0	vmflags=rd wr sh mr mw me ms de dd sd mm	pfn_sha=-	flags=-
13:16:24.611	map	0	77e8e8e00000-77e8ea000000	---p	[anon]	pages=4608	present=0	swapped=0	file_or_shared=0	exclusive=0	rss_kb=0	locked_kb=0	anon_kb=0	thp_kb=0	vmflags=mr mw me sd	pfn_sha=-	flags=-
13:16:24.611	map	0	77e8ea000000-77e8f2800000	rw-s	/dev/nvidiactl	pages=34816	present=34816	swapped=0	file_or_shared=34816	exclusive=34816	rss_kb=139264	locked_kb=0	anon_kb=0	thp_kb=0	vmflags=rd wr sh mr mw me ms de dd sd mm	pfn_sha=-	flags=-
13:16:24.611	map	0	77e8f2800000-77e8f4000000	---p	[anon]	pages=6144	present=0	swapped=0	file_or_shared=0	exclusive=0	rss_kb=0	locked_kb=0	anon_kb=0	thp_kb=0	vmflags=mr mw me sd	pfn_sha=-	flags=-
13:16:24.611	map	0	77e8f4000000-77e8fae00000	rw-s	/dev/nvidiactl	pages=28160	present=28160	swapped=0	file_or_shared=28160	exclusive=28160	rss_kb=112640	locked_kb=0	anon_kb=0	thp_kb=0	vmflags=rd wr sh mr mw me ms de dd sd mm	pfn_sha=-	flags=-
13:16:24.611	map	0	77e8fae00000-77e8fc000000	---p	[anon]	pages=4608	present=0	swapped=0	file_or_shared=0	exclusive=0	rss_kb=0	locked_kb=0	anon_kb=0	thp_kb=0	vmflags=mr mw me sd	pfn_sha=-	flags=-
13:16:24.611	map	0	77e8fc000000-77e902e00000	rw-s	/dev/nvidiactl	pages=28160	present=28160	swapped=0	file_or_shared=28160	exclusive=28160	rss_kb=112640	locked_kb=0	anon_kb=0	thp_kb=0	vmflags=rd wr sh mr mw me ms de dd sd mm	pfn_sha=-	flags=-
13:16:24.611	map	0	77e902e00000-77e904000000	---p	[anon]	pages=4608	present=0	swapped=0	file_or_shared=0	exclusive=0	rss_kb=0	locked_kb=0	anon_kb=0	thp_kb=0	vmflags=mr mw me sd	pfn_sha=-	flags=-
13:16:24.611	map	0	77e904000000-77e90c800000	rw-s	/dev/nvidiactl	pages=34816	present=34816	swapped=0	file_or_shared=34816	exclusive=34816	rss_kb=139264	locked_kb=0	anon_kb=0	thp_kb=0	vmflags=rd wr sh mr mw me ms de dd sd mm	pfn_sha=-	flags=-
13:16:24.611	map	0	77e90c800000-77e90e000000	---p	[anon]	pages=6144	present=0	swapped=0	file_or_shared=0	exclusive=0	rss_kb=0	locked_kb=0	anon_kb=0	thp_kb=0	vmflags=mr mw me sd	pfn_sha=-	flags=-
13:16:24.611	map	0	77e90e000000-77e914e00000	rw-s	/dev/nvidiactl	pages=28160	present=28160	swapped=0	file_or_shared=28160	exclusive=28160	rss_kb=112640	locked_kb=0	anon_kb=0	thp_kb=0	vmflags=rd wr sh mr mw me ms de dd sd mm	pfn_sha=-	flags=-
13:16:24.611	map	0	77e914e00000-77e916000000	---p	[anon]	pages=4608	present=0	swapped=0	file_or_shared=0	exclusive=0	rss_kb=0	locked_kb=0	anon_kb=0	thp_kb=0	vmflags=mr mw me sd	pfn_sha=-	flags=-
13:16:24.611	map	0	77e916000000-77e91ce00000	rw-s	/dev/nvidiactl	pages=28160	present=28160	swapped=0	file_or_shared=28160	exclusive=28160	rss_kb=112640	locked_kb=0	anon_kb=0	thp_kb=0	vmflags=rd wr sh mr mw me ms de dd sd mm	pfn_sha=-	flags=-
13:16:24.611	map	0	77e91ce00000-77e91e000000	---p	[anon]	pages=4608	present=0	swapped=0	file_or_shared=0	exclusive=0	rss_kb=0	locked_kb=0	anon_kb=0	thp_kb=0	vmflags=mr mw me sd	pfn_sha=-	flags=-
13:16:24.611	map	0	77e91e000000-77e926800000	rw-s	/dev/nvidiactl	pages=34816	present=34816	swapped=0	file_or_shared=34816	exclusive=34816	rss_kb=139264	locked_kb=0	anon_kb=0	thp_kb=0	vmflags=rd wr sh mr mw me ms de dd sd mm	pfn_sha=-	flags=-
13:16:24.611	map	0	77e926800000-77e928000000	---p	[anon]	pages=6144	present=0	swapped=0	file_or_shared=0	exclusive=0	rss_kb=0	locked_kb=0	anon_kb=0	thp_kb=0	vmflags=mr mw me sd	pfn_sha=-	flags=-
13:16:24.611	map	0	77e928000000-77e92ee00000	rw-s	/dev/nvidiactl	pages=28160	present=28160	swapped=0	file_or_shared=28160	exclusive=28160	rss_kb=112640	locked_kb=0	anon_kb=0	thp_kb=0	vmflags=rd wr sh mr mw me ms de dd sd mm	pfn_sha=-	flags=-
13:16:24.611	map	0	77e92ee00000-77e930000000	---p	[anon]	pages=4608	present=0	swapped=0	file_or_shared=0	exclusive=0	rss_kb=0	locked_kb=0	anon_kb=0	thp_kb=0	vmflags=mr mw me sd	pfn_sha=-	flags=-
13:16:24.611	map	0	77e930000000-77e936e00000	rw-s	/dev/nvidiactl	pages=28160	present=28160	swapped=0	file_or_shared=28160	exclusive=28160	rss_kb=112640	locked_kb=0	anon_kb=0	thp_kb=0	vmflags=rd wr sh mr mw me ms de dd sd mm	pfn_sha=-	flags=-
13:16:24.611	map	0	77e936e00000-77e938000000	---p	[anon]	pages=4608	present=0	swapped=0	file_or_shared=0	exclusive=0	rss_kb=0	locked_kb=0	anon_kb=0	thp_kb=0	vmflags=mr mw me sd	pfn_sha=-	flags=-
13:16:24.611	map	0	77e938000000-77e945200000	rw-s	/dev/nvidiactl	pages=53760	present=53760	swapped=0	file_or_shared=53760	exclusive=53760	rss_kb=215040	locked_kb=0	anon_kb=0	thp_kb=0	vmflags=rd wr sh mr mw me ms de dd sd mm	pfn_sha=-	flags=-
13:16:24.611	map	0	77e945200000-77e946000000	---p	[anon]	pages=3584	present=0	swapped=0	file_or_shared=0	exclusive=0	rss_kb=0	locked_kb=0	anon_kb=0	thp_kb=0	vmflags=mr mw me sd	pfn_sha=-	flags=-
13:16:24.611	map	0	77e946000000-77e94ce00000	rw-s	/dev/nvidiactl	pages=28160	present=28160	swapped=0	file_or_shared=28160	exclusive=28160	rss_kb=112640	locked_kb=0	anon_kb=0	thp_kb=0	vmflags=rd wr sh mr mw me ms de dd sd mm	pfn_sha=-	flags=-
13:16:24.611	map	0	77e94ce00000-77e94e000000	---p	[anon]	pages=4608	present=0	swapped=0	file_or_shared=0	exclusive=0	rss_kb=0	locked_kb=0	anon_kb=0	thp_kb=0	vmflags=mr mw me sd	pfn_sha=-	flags=-
13:16:24.611	map	0	77e94e000000-77e954e00000	rw-s	/dev/nvidiactl	pages=28160	present=28160	swapped=0	file_or_shared=28160	exclusive=28160	rss_kb=112640	locked_kb=0	anon_kb=0	thp_kb=0	vmflags=rd wr sh mr mw me ms de dd sd mm	pfn_sha=-	flags=-
13:16:24.611	map	0	77e954e00000-77e956000000	---p	[anon]	pages=4608	present=0	swapped=0	file_or_shared=0	exclusive=0	rss_kb=0	locked_kb=0	anon_kb=0	thp_kb=0	vmflags=mr mw me sd	pfn_sha=-	flags=-
13:16:24.611	map	0	77e956000000-77e95e800000	rw-s	/dev/nvidiactl	pages=34816	present=34816	swapped=0	file_or_shared=34816	exclusive=34816	rss_kb=139264	locked_kb=0	anon_kb=0	thp_kb=0	vmflags=rd wr sh mr mw me ms de dd sd mm	pfn_sha=-	flags=-
13:16:24.611	map	0	77e95e800000-77e960000000	---p	[anon]	pages=6144	present=0	swapped=0	file_or_shared=0	exclusive=0	rss_kb=0	locked_kb=0	anon_kb=0	thp_kb=0	vmflags=mr mw me sd	pfn_sha=-	flags=-
13:16:24.611	map	0	77e960000000-77e966e00000	rw-s	/dev/nvidiactl	pages=28160	present=28160	swapped=0	file_or_shared=28160	exclusive=28160	rss_kb=112640	locked_kb=0	anon_kb=0	thp_kb=0	vmflags=rd wr sh mr mw me ms de dd sd mm	pfn_sha=-	flags=-
13:16:24.611	map	0	77e966e00000-77e968000000	---p	[anon]	pages=4608	present=0	swapped=0	file_or_shared=0	exclusive=0	rss_kb=0	locked_kb=0	anon_kb=0	thp_kb=0	vmflags=mr mw me sd	pfn_sha=-	flags=-
13:16:24.611	map	0	77e968000000-77e96ee00000	rw-s	/dev/nvidiactl	pages=28160	present=28160	swapped=0	file_or_shared=28160	exclusive=28160	rss_kb=112640	locked_kb=0	anon_kb=0	thp_kb=0	vmflags=rd wr sh mr mw me ms de dd sd mm	pfn_sha=-	flags=-
13:16:24.611	map	0	77e96ee00000-77e970000000	---p	[anon]	pages=4608	present=0	swapped=0	file_or_shared=0	exclusive=0	rss_kb=0	locked_kb=0	anon_kb=0	thp_kb=0	vmflags=mr mw me sd	pfn_sha=-	flags=-
13:16:24.611	map	0	77e970000000-77e978800000	rw-s	/dev/nvidiactl	pages=34816	present=34816	swapped=0	file_or_shared=34816	exclusive=34816	rss_kb=139264	locked_kb=0	anon_kb=0	thp_kb=0	vmflags=rd wr sh mr mw me ms de dd sd mm	pfn_sha=-	flags=-
13:16:24.611	map	0	77e978800000-77e97a000000	---p	[anon]	pages=6144	present=0	swapped=0	file_or_shared=0	exclusive=0	rss_kb=0	locked_kb=0	anon_kb=0	thp_kb=0	vmflags=mr mw me sd	pfn_sha=-	flags=-
13:16:24.611	map	0	77e97a000000-77e980e00000	rw-s	/dev/nvidiactl	pages=28160	present=28160	swapped=0	file_or_shared=28160	exclusive=28160	rss_kb=112640	locked_kb=0	anon_kb=0	thp_kb=0	vmflags=rd wr sh mr mw me ms de dd sd mm	pfn_sha=-	flags=-
13:16:24.611	map	0	77e980e00000-77e982000000	---p	[anon]	pages=4608	present=0	swapped=0	file_or_shared=0	exclusive=0	rss_kb=0	locked_kb=0	anon_kb=0	thp_kb=0	vmflags=mr mw me sd	pfn_sha=-	flags=-
13:16:24.611	map	0	77e982000000-77e988e00000	rw-s	/dev/nvidiactl	pages=28160	present=28160	swapped=0	file_or_shared=28160	exclusive=28160	rss_kb=112640	locked_kb=0	anon_kb=0	thp_kb=0	vmflags=rd wr sh mr mw me ms de dd sd mm	pfn_sha=-	flags=-
13:16:24.611	map	0	77e988e00000-77e98a000000	---p	[anon]	pages=4608	present=0	swapped=0	file_or_shared=0	exclusive=0	rss_kb=0	locked_kb=0	anon_kb=0	thp_kb=0	vmflags=mr mw me sd	pfn_sha=-	flags=-
13:16:24.611	map	0	77e98a000000-77e992800000	rw-s	/dev/nvidiactl	pages=34816	present=34816	swapped=0	file_or_shared=34816	exclusive=34816	rss_kb=139264	locked_kb=0	anon_kb=0	thp_kb=0	vmflags=rd wr sh mr mw me ms de dd sd mm	pfn_sha=-	flags=-
13:16:24.611	map	0	77e992800000-77e994000000	---p	[anon]	pages=6144	present=0	swapped=0	file_or_shared=0	exclusive=0	rss_kb=0	locked_kb=0	anon_kb=0	thp_kb=0	vmflags=mr mw me sd	pfn_sha=-	flags=-
13:16:24.611	map	0	77e994000000-77e99ae00000	rw-s	/dev/nvidiactl	pages=28160	present=28160	swapped=0	file_or_shared=28160	exclusive=28160	rss_kb=112640	locked_kb=0	anon_kb=0	thp_kb=0	vmflags=rd wr sh mr mw me ms de dd sd mm	pfn_sha=-	flags=-
13:16:24.611	map	0	77e99ae00000-77e99c000000	---p	[anon]	pages=4608	present=0	swapped=0	file_or_shared=0	exclusive=0	rss_kb=0	locked_kb=0	anon_kb=0	thp_kb=0	vmflags=mr mw me sd	pfn_sha=-	flags=-
13:16:24.611	map	0	77e99c000000-77e9a2e00000	rw-s	/dev/nvidiactl	pages=28160	present=28160	swapped=0	file_or_shared=28160	exclusive=28160	rss_kb=112640	locked_kb=0	anon_kb=0	thp_kb=0	vmflags=rd wr sh mr mw me ms de dd sd mm	pfn_sha=-	flags=-
13:16:24.611	map	0	77e9a2e00000-77e9a4000000	---p	[anon]	pages=4608	present=0	swapped=0	file_or_shared=0	exclusive=0	rss_kb=0	locked_kb=0	anon_kb=0	thp_kb=0	vmflags=mr mw me sd	pfn_sha=-	flags=-
13:16:24.611	map	0	77e9a4000000-77e9ac800000	rw-s	/dev/nvidiactl	pages=34816	present=34816	swapped=0	file_or_shared=34816	exclusive=34816	rss_kb=139264	locked_kb=0	anon_kb=0	thp_kb=0	vmflags=rd wr sh mr mw me ms de dd sd mm	pfn_sha=-	flags=-
13:16:24.611	map	0	77e9ac800000-77e9ae000000	---p	[anon]	pages=6144	present=0	swapped=0	file_or_shared=0	exclusive=0	rss_kb=0	locked_kb=0	anon_kb=0	thp_kb=0	vmflags=mr mw me sd	pfn_sha=-	flags=-
13:16:24.611	map	0	77e9ae000000-77e9b4e00000	rw-s	/dev/nvidiactl	pages=28160	present=28160	swapped=0	file_or_shared=28160	exclusive=28160	rss_kb=112640	locked_kb=0	anon_kb=0	thp_kb=0	vmflags=rd wr sh mr mw me ms de dd sd mm	pfn_sha=-	flags=-
13:16:24.611	map	0	77e9b4e00000-77e9b6000000	---p	[anon]	pages=4608	present=0	swapped=0	file_or_shared=0	exclusive=0	rss_kb=0	locked_kb=0	anon_kb=0	thp_kb=0	vmflags=mr mw me sd	pfn_sha=-	flags=-
13:16:24.611	map	0	77e9b6000000-77e9bce00000	rw-s	/dev/nvidiactl	pages=28160	present=28160	swapped=0	file_or_shared=28160	exclusive=28160	rss_kb=112640	locked_kb=0	anon_kb=0	thp_kb=0	vmflags=rd wr sh mr mw me ms de dd sd mm	pfn_sha=-	flags=-
13:16:24.611	map	0	77e9bce00000-77e9be000000	---p	[anon]	pages=4608	present=0	swapped=0	file_or_shared=0	exclusive=0	rss_kb=0	locked_kb=0	anon_kb=0	thp_kb=0	vmflags=mr mw me sd	pfn_sha=-	flags=-
13:16:24.611	map	0	77e9be000000-77e9c6800000	rw-s	/dev/nvidiactl	pages=34816	present=34816	swapped=0	file_or_shared=34816	exclusive=34816	rss_kb=139264	locked_kb=0	anon_kb=0	thp_kb=0	vmflags=rd wr sh mr mw me ms de dd sd mm	pfn_sha=-	flags=-
13:16:24.611	map	0	77e9c6800000-77e9c8000000	---p	[anon]	pages=6144	present=0	swapped=0	file_or_shared=0	exclusive=0	rss_kb=0	locked_kb=0	anon_kb=0	thp_kb=0	vmflags=mr mw me sd	pfn_sha=-	flags=-
13:16:24.611	map	0	77e9c8000000-77e9cee00000	rw-s	/dev/nvidiactl	pages=28160	present=28160	swapped=0	file_or_shared=28160	exclusive=28160	rss_kb=112640	locked_kb=0	anon_kb=0	thp_kb=0	vmflags=rd wr sh mr mw me ms de dd sd mm	pfn_sha=-	flags=-
13:16:24.611	map	0	77e9cee00000-77e9d0000000	---p	[anon]	pages=4608	present=0	swapped=0	file_or_shared=0	exclusive=0	rss_kb=0	locked_kb=0	anon_kb=0	thp_kb=0	vmflags=mr mw me sd	pfn_sha=-	flags=-
13:16:24.611	map	0	77e9d0000000-77e9d6e00000	rw-s	/dev/nvidiactl	pages=28160	present=28160	swapped=0	file_or_shared=28160	exclusive=28160	rss_kb=112640	locked_kb=0	anon_kb=0	thp_kb=0	vmflags=rd wr sh mr mw me ms de dd sd mm	pfn_sha=-	flags=-
13:16:24.611	map	0	77e9d6e00000-77e9d8000000	---p	[anon]	pages=4608	present=0	swapped=0	file_or_shared=0	exclusive=0	rss_kb=0	locked_kb=0	anon_kb=0	thp_kb=0	vmflags=mr mw me sd	pfn_sha=-	flags=-
13:16:24.611	map	0	77e9d8000000-77e9e0800000	rw-s	/dev/nvidiactl	pages=34816	present=34816	swapped=0	file_or_shared=34816	exclusive=34816	rss_kb=139264	locked_kb=0	anon_kb=0	thp_kb=0	vmflags=rd wr sh mr mw me ms de dd sd mm	pfn_sha=-	flags=-
13:16:24.611	map	0	77e9e0800000-77e9e2000000	---p	[anon]	pages=6144	present=0	swapped=0	file_or_shared=0	exclusive=0	rss_kb=0	locked_kb=0	anon_kb=0	thp_kb=0	vmflags=mr mw me sd	pfn_sha=-	flags=-
13:16:24.611	map	0	77e9e2000000-77e9e8e00000	rw-s	/dev/nvidiactl	pages=28160	present=28160	swapped=0	file_or_shared=28160	exclusive=28160	rss_kb=112640	locked_kb=0	anon_kb=0	thp_kb=0	vmflags=rd wr sh mr mw me ms de dd sd mm	pfn_sha=-	flags=-
13:16:24.611	map	0	77e9e8e00000-77e9ea000000	---p	[anon]	pages=4608	present=0	swapped=0	file_or_shared=0	exclusive=0	rss_kb=0	locked_kb=0	anon_kb=0	thp_kb=0	vmflags=mr mw me sd	pfn_sha=-	flags=-
13:16:24.611	map	0	77e9ea000000-77e9f0e00000	rw-s	/dev/nvidiactl	pages=28160	present=28160	swapped=0	file_or_shared=28160	exclusive=28160	rss_kb=112640	locked_kb=0	anon_kb=0	thp_kb=0	vmflags=rd wr sh mr mw me ms de dd sd mm	pfn_sha=-	flags=-
13:16:24.611	map	0	77e9f0e00000-77e9f2000000	---p	[anon]	pages=4608	present=0	swapped=0	file_or_shared=0	exclusive=0	rss_kb=0	locked_kb=0	anon_kb=0	thp_kb=0	vmflags=mr mw me sd	pfn_sha=-	flags=-
13:16:24.611	map	0	77e9f2000000-77e9fa800000	rw-s	/dev/nvidiactl	pages=34816	present=34816	swapped=0	file_or_shared=34816	exclusive=34816	rss_kb=139264	locked_kb=0	anon_kb=0	thp_kb=0	vmflags=rd wr sh mr mw me ms de dd sd mm	pfn_sha=-	flags=-
13:16:24.611	map	0	77e9fa800000-77e9fc000000	---p	[anon]	pages=6144	present=0	swapped=0	file_or_shared=0	exclusive=0	rss_kb=0	locked_kb=0	anon_kb=0	thp_kb=0	vmflags=mr mw me sd	pfn_sha=-	flags=-
13:16:24.611	map	0	77e9fc000000-77ea02e00000	rw-s	/dev/nvidiactl	pages=28160	present=28160	swapped=0	file_or_shared=28160	exclusive=28160	rss_kb=112640	locked_kb=0	anon_kb=0	thp_kb=0	vmflags=rd wr sh mr mw me ms de dd sd mm	pfn_sha=-	flags=-
13:16:24.611	map	0	77ea02e00000-77ea04000000	---p	[anon]	pages=4608	present=0	swapped=0	file_or_shared=0	exclusive=0	rss_kb=0	locked_kb=0	anon_kb=0	thp_kb=0	vmflags=mr mw me sd	pfn_sha=-	flags=-
13:16:24.611	map	0	77ea04000000-77ea0ae00000	rw-s	/dev/nvidiactl	pages=28160	present=28160	swapped=0	file_or_shared=28160	exclusive=28160	rss_kb=112640	locked_kb=0	anon_kb=0	thp_kb=0	vmflags=rd wr sh mr mw me ms de dd sd mm	pfn_sha=-	flags=-
13:16:24.611	map	0	77ea0ae00000-77ea0c000000	---p	[anon]	pages=4608	present=0	swapped=0	file_or_shared=0	exclusive=0	rss_kb=0	locked_kb=0	anon_kb=0	thp_kb=0	vmflags=mr mw me sd	pfn_sha=-	flags=-
13:16:24.611	map	0	77ea0c000000-77ea14800000	rw-s	/dev/nvidiactl	pages=34816	present=34816	swapped=0	file_or_shared=34816	exclusive=34816	rss_kb=139264	locked_kb=0	anon_kb=0	thp_kb=0	vmflags=rd wr sh mr mw me ms de dd sd mm	pfn_sha=-	flags=-
13:16:24.611	map	0	77ea14800000-77ea16000000	---p	[anon]	pages=6144	present=0	swapped=0	file_or_shared=0	exclusive=0	rss_kb=0	locked_kb=0	anon_kb=0	thp_kb=0	vmflags=mr mw me sd	pfn_sha=-	flags=-
13:16:24.611	map	0	77ea16000000-77ea1ce00000	rw-s	/dev/nvidiactl	pages=28160	present=28160	swapped=0	file_or_shared=28160	exclusive=28160	rss_kb=112640	locked_kb=0	anon_kb=0	thp_kb=0	vmflags=rd wr sh mr mw me ms de dd sd mm	pfn_sha=-	flags=-
13:16:24.611	map	0	77ea1ce00000-77ea1e000000	---p	[anon]	pages=4608	present=0	swapped=0	file_or_shared=0	exclusive=0	rss_kb=0	locked_kb=0	anon_kb=0	thp_kb=0	vmflags=mr mw me sd	pfn_sha=-	flags=-
13:16:24.611	map	0	77ea1e000000-77ea24e00000	rw-s	/dev/nvidiactl	pages=28160	present=28160	swapped=0	file_or_shared=28160	exclusive=28160	rss_kb=112640	locked_kb=0	anon_kb=0	thp_kb=0	vmflags=rd wr sh mr mw me ms de dd sd mm	pfn_sha=-	flags=-
13:16:24.611	map	0	77ea24e00000-77ea26000000	---p	[anon]	pages=4608	present=0	swapped=0	file_or_shared=0	exclusive=0	rss_kb=0	locked_kb=0	anon_kb=0	thp_kb=0	vmflags=mr mw me sd	pfn_sha=-	flags=-
13:16:24.611	map	0	77ea26000000-77ea2e800000	rw-s	/dev/nvidiactl	pages=34816	present=34816	swapped=0	file_or_shared=34816	exclusive=34816	rss_kb=139264	locked_kb=0	anon_kb=0	thp_kb=0	vmflags=rd wr sh mr mw me ms de dd sd mm	pfn_sha=-	flags=-
13:16:24.611	map	0	77ea2e800000-77ea30000000	---p	[anon]	pages=6144	present=0	swapped=0	file_or_shared=0	exclusive=0	rss_kb=0	locked_kb=0	anon_kb=0	thp_kb=0	vmflags=mr mw me sd	pfn_sha=-	flags=-
13:16:24.611	map	0	77ea30000000-77ea36e00000	rw-s	/dev/nvidiactl	pages=28160	present=28160	swapped=0	file_or_shared=28160	exclusive=28160	rss_kb=112640	locked_kb=0	anon_kb=0	thp_kb=0	vmflags=rd wr sh mr mw me ms de dd sd mm	pfn_sha=-	flags=-
13:16:24.611	map	0	77ea36e00000-77ea38000000	---p	[anon]	pages=4608	present=0	swapped=0	file_or_shared=0	exclusive=0	rss_kb=0	locked_kb=0	anon_kb=0	thp_kb=0	vmflags=mr mw me sd	pfn_sha=-	flags=-
13:16:24.611	map	0	77ea38000000-77ea3ee00000	rw-s	/dev/nvidiactl	pages=28160	present=28160	swapped=0	file_or_shared=28160	exclusive=28160	rss_kb=112640	locked_kb=0	anon_kb=0	thp_kb=0	vmflags=rd wr sh mr mw me ms de dd sd mm	pfn_sha=-	flags=-
13:16:24.611	map	0	77ea3ee00000-77ea40000000	---p	[anon]	pages=4608	present=0	swapped=0	file_or_shared=0	exclusive=0	rss_kb=0	locked_kb=0	anon_kb=0	thp_kb=0	vmflags=mr mw me sd	pfn_sha=-	flags=-
13:16:24.611	map	0	77ea40000000-77ea48800000	rw-s	/dev/nvidiactl	pages=34816	present=34816	swapped=0	file_or_shared=34816	exclusive=34816	rss_kb=139264	locked_kb=0	anon_kb=0	thp_kb=0	vmflags=rd wr sh mr mw me ms de dd sd mm	pfn_sha=-	flags=-
13:16:24.611	map	0	77ea48800000-77ea4a000000	---p	[anon]	pages=6144	present=0	swapped=0	file_or_shared=0	exclusive=0	rss_kb=0	locked_kb=0	anon_kb=0	thp_kb=0	vmflags=mr mw me sd	pfn_sha=-	flags=-
13:16:24.611	map	0	77ea4a000000-77ea50e00000	rw-s	/dev/nvidiactl	pages=28160	present=28160	swapped=0	file_or_shared=28160	exclusive=28160	rss_kb=112640	locked_kb=0	anon_kb=0	thp_kb=0	vmflags=rd wr sh mr mw me ms de dd sd mm	pfn_sha=-	flags=-
13:16:24.611	map	0	77ea50e00000-77ea52000000	---p	[anon]	pages=4608	present=0	swapped=0	file_or_shared=0	exclusive=0	rss_kb=0	locked_kb=0	anon_kb=0	thp_kb=0	vmflags=mr mw me sd	pfn_sha=-	flags=-
13:16:24.611	map	0	77ea52000000-77ea58e00000	rw-s	/dev/nvidiactl	pages=28160	present=28160	swapped=0	file_or_shared=28160	exclusive=28160	rss_kb=112640	locked_kb=0	anon_kb=0	thp_kb=0	vmflags=rd wr sh mr mw me ms de dd sd mm	pfn_sha=-	flags=-
13:16:24.611	map	0	77ea58e00000-77ea5a000000	---p	[anon]	pages=4608	present=0	swapped=0	file_or_shared=0	exclusive=0	rss_kb=0	locked_kb=0	anon_kb=0	thp_kb=0	vmflags=mr mw me sd	pfn_sha=-	flags=-
13:16:24.611	map	0	77ea5a000000-77ea62800000	rw-s	/dev/nvidiactl	pages=34816	present=34816	swapped=0	file_or_shared=34816	exclusive=34816	rss_kb=139264	locked_kb=0	anon_kb=0	thp_kb=0	vmflags=rd wr sh mr mw me ms de dd sd mm	pfn_sha=-	flags=-
13:16:24.611	map	0	77ea62800000-77ea64000000	---p	[anon]	pages=6144	present=0	swapped=0	file_or_shared=0	exclusive=0	rss_kb=0	locked_kb=0	anon_kb=0	thp_kb=0	vmflags=mr mw me sd	pfn_sha=-	flags=-
13:16:24.611	map	0	77ea64000000-77ea6ae00000	rw-s	/dev/nvidiactl	pages=28160	present=28160	swapped=0	file_or_shared=28160	exclusive=28160	rss_kb=112640	locked_kb=0	anon_kb=0	thp_kb=0	vmflags=rd wr sh mr mw me ms de dd sd mm	pfn_sha=-	flags=-
13:16:24.611	map	0	77ea6ae00000-77ea6c000000	---p	[anon]	pages=4608	present=0	swapped=0	file_or_shared=0	exclusive=0	rss_kb=0	locked_kb=0	anon_kb=0	thp_kb=0	vmflags=mr mw me sd	pfn_sha=-	flags=-
13:16:24.611	map	0	77ea6c000000-77ea72e00000	rw-s	/dev/nvidiactl	pages=28160	present=28160	swapped=0	file_or_shared=28160	exclusive=28160	rss_kb=112640	locked_kb=0	anon_kb=0	thp_kb=0	vmflags=rd wr sh mr mw me ms de dd sd mm	pfn_sha=-	flags=-
13:16:24.611	map	0	77ea72e00000-77ea74000000	---p	[anon]	pages=4608	present=0	swapped=0	file_or_shared=0	exclusive=0	rss_kb=0	locked_kb=0	anon_kb=0	thp_kb=0	vmflags=mr mw me sd	pfn_sha=-	flags=-
13:16:24.611	map	0	77ea74000000-77ea7c800000	rw-s	/dev/nvidiactl	pages=34816	present=34816	swapped=0	file_or_shared=34816	exclusive=34816	rss_kb=139264	locked_kb=0	anon_kb=0	thp_kb=0	vmflags=rd wr sh mr mw me ms de dd sd mm	pfn_sha=-	flags=-
13:16:24.611	map	0	77ea7c800000-77ea7e000000	---p	[anon]	pages=6144	present=0	swapped=0	file_or_shared=0	exclusive=0	rss_kb=0	locked_kb=0	anon_kb=0	thp_kb=0	vmflags=mr mw me sd	pfn_sha=-	flags=-
13:16:24.611	map	0	77ea7e000000-77ea84e00000	rw-s	/dev/nvidiactl	pages=28160	present=28160	swapped=0	file_or_shared=28160	exclusive=28160	rss_kb=112640	locked_kb=0	anon_kb=0	thp_kb=0	vmflags=rd wr sh mr mw me ms de dd sd mm	pfn_sha=-	flags=-
13:16:24.611	map	0	77ea84e00000-77ea86000000	---p	[anon]	pages=4608	present=0	swapped=0	file_or_shared=0	exclusive=0	rss_kb=0	locked_kb=0	anon_kb=0	thp_kb=0	vmflags=mr mw me sd	pfn_sha=-	flags=-
13:16:24.611	map	0	77ea86000000-77ea8ce00000	rw-s	/dev/nvidiactl	pages=28160	present=28160	swapped=0	file_or_shared=28160	exclusive=28160	rss_kb=112640	locked_kb=0	anon_kb=0	thp_kb=0	vmflags=rd wr sh mr mw me ms de dd sd mm	pfn_sha=-	flags=-
13:16:24.611	map	0	77ea8ce00000-77ea8e000000	---p	[anon]	pages=4608	present=0	swapped=0	file_or_shared=0	exclusive=0	rss_kb=0	locked_kb=0	anon_kb=0	thp_kb=0	vmflags=mr mw me sd	pfn_sha=-	flags=-
13:16:24.611	map	0	77ea8e000000-77ea96800000	rw-s	/dev/nvidiactl	pages=34816	present=34816	swapped=0	file_or_shared=34816	exclusive=34816	rss_kb=139264	locked_kb=0	anon_kb=0	thp_kb=0	vmflags=rd wr sh mr mw me ms de dd sd mm	pfn_sha=-	flags=-
13:16:24.611	map	0	77ea96800000-77ea98000000	---p	[anon]	pages=6144	present=0	swapped=0	file_or_shared=0	exclusive=0	rss_kb=0	locked_kb=0	anon_kb=0	thp_kb=0	vmflags=mr mw me sd	pfn_sha=-	flags=-
13:16:24.611	map	0	77ea98000000-77ea9ee00000	rw-s	/dev/nvidiactl	pages=28160	present=28160	swapped=0	file_or_shared=28160	exclusive=28160	rss_kb=112640	locked_kb=0	anon_kb=0	thp_kb=0	vmflags=rd wr sh mr mw me ms de dd sd mm	pfn_sha=-	flags=-
13:16:24.611	map	0	77ea9ee00000-77eaa0000000	---p	[anon]	pages=4608	present=0	swapped=0	file_or_shared=0	exclusive=0	rss_kb=0	locked_kb=0	anon_kb=0	thp_kb=0	vmflags=mr mw me sd	pfn_sha=-	flags=-
13:16:24.611	map	0	77eaa0000000-77eaa6e00000	rw-s	/dev/nvidiactl	pages=28160	present=28160	swapped=0	file_or_shared=28160	exclusive=28160	rss_kb=112640	locked_kb=0	anon_kb=0	thp_kb=0	vmflags=rd wr sh mr mw me ms de dd sd mm	pfn_sha=-	flags=-
13:16:24.611	map	0	77eaa6e00000-77eaa8000000	---p	[anon]	pages=4608	present=0	swapped=0	file_or_shared=0	exclusive=0	rss_kb=0	locked_kb=0	anon_kb=0	thp_kb=0	vmflags=mr mw me sd	pfn_sha=-	flags=-
13:16:24.611	map	0	77eaa8000000-77eab0800000	rw-s	/dev/nvidiactl	pages=34816	present=34816	swapped=0	file_or_shared=34816	exclusive=34816	rss_kb=139264	locked_kb=0	anon_kb=0	thp_kb=0	vmflags=rd wr sh mr mw me ms de dd sd mm	pfn_sha=-	flags=-
13:16:24.611	map	0	77eab0800000-77eab2000000	---p	[anon]	pages=6144	present=0	swapped=0	file_or_shared=0	exclusive=0	rss_kb=0	locked_kb=0	anon_kb=0	thp_kb=0	vmflags=mr mw me sd	pfn_sha=-	flags=-
13:16:24.611	map	0	77eab2000000-77eab8e00000	rw-s	/dev/nvidiactl	pages=28160	present=28160	swapped=0	file_or_shared=28160	exclusive=28160	rss_kb=112640	locked_kb=0	anon_kb=0	thp_kb=0	vmflags=rd wr sh mr mw me ms de dd sd mm	pfn_sha=-	flags=-
13:16:24.611	map	0	77eab8e00000-77eaba000000	---p	[anon]	pages=4608	present=0	swapped=0	file_or_shared=0	exclusive=0	rss_kb=0	locked_kb=0	anon_kb=0	thp_kb=0	vmflags=mr mw me sd	pfn_sha=-	flags=-
13:16:24.611	map	0	77eaba000000-77eac0e00000	rw-s	/dev/nvidiactl	pages=28160	present=28160	swapped=0	file_or_shared=28160	exclusive=28160	rss_kb=112640	locked_kb=0	anon_kb=0	thp_kb=0	vmflags=rd wr sh mr mw me ms de dd sd mm	pfn_sha=-	flags=-
13:16:24.611	map	0	77eac0e00000-77eac2000000	---p	[anon]	pages=4608	present=0	swapped=0	file_or_shared=0	exclusive=0	rss_kb=0	locked_kb=0	anon_kb=0	thp_kb=0	vmflags=mr mw me sd	pfn_sha=-	flags=-
13:16:24.611	map	0	77eac2000000-77eaca800000	rw-s	/dev/nvidiactl	pages=34816	present=34816	swapped=0	file_or_shared=34816	exclusive=34816	rss_kb=139264	locked_kb=0	anon_kb=0	thp_kb=0	vmflags=rd wr sh mr mw me ms de dd sd mm	pfn_sha=-	flags=-
13:16:24.611	map	0	77eaca800000-77eacc000000	---p	[anon]	pages=6144	present=0	swapped=0	file_or_shared=0	exclusive=0	rss_kb=0	locked_kb=0	anon_kb=0	thp_kb=0	vmflags=mr mw me sd	pfn_sha=-	flags=-
13:16:24.611	map	0	77eacc000000-77ead2e00000	rw-s	/dev/nvidiactl	pages=28160	present=28160	swapped=0	file_or_shared=28160	exclusive=28160	rss_kb=112640	locked_kb=0	anon_kb=0	thp_kb=0	vmflags=rd wr sh mr mw me ms de dd sd mm	pfn_sha=-	flags=-
13:16:24.611	map	0	77ead2e00000-77ead4000000	---p	[anon]	pages=4608	present=0	swapped=0	file_or_shared=0	exclusive=0	rss_kb=0	locked_kb=0	anon_kb=0	thp_kb=0	vmflags=mr mw me sd	pfn_sha=-	flags=-
13:16:24.611	map	0	77ead4000000-77eadae00000	rw-s	/dev/nvidiactl	pages=28160	present=28160	swapped=0	file_or_shared=28160	exclusive=28160	rss_kb=112640	locked_kb=0	anon_kb=0	thp_kb=0	vmflags=rd wr sh mr mw me ms de dd sd mm	pfn_sha=-	flags=-
13:16:24.611	map	0	77eadae00000-77eadc000000	---p	[anon]	pages=4608	present=0	swapped=0	file_or_shared=0	exclusive=0	rss_kb=0	locked_kb=0	anon_kb=0	thp_kb=0	vmflags=mr mw me sd	pfn_sha=-	flags=-
13:16:24.611	map	0	77eadc000000-77eae4800000	rw-s	/dev/nvidiactl	pages=34816	present=34816	swapped=0	file_or_shared=34816	exclusive=34816	rss_kb=139264	locked_kb=0	anon_kb=0	thp_kb=0	vmflags=rd wr sh mr mw me ms de dd sd mm	pfn_sha=-	flags=-
13:16:24.611	map	0	77eae4800000-77eae6000000	---p	[anon]	pages=6144	present=0	swapped=0	file_or_shared=0	exclusive=0	rss_kb=0	locked_kb=0	anon_kb=0	thp_kb=0	vmflags=mr mw me sd	pfn_sha=-	flags=-
13:16:24.611	map	0	77eae6000000-77eaece00000	rw-s	/dev/nvidiactl	pages=28160	present=28160	swapped=0	file_or_shared=28160	exclusive=28160	rss_kb=112640	locked_kb=0	anon_kb=0	thp_kb=0	vmflags=rd wr sh mr mw me ms de dd sd mm	pfn_sha=-	flags=-
13:16:24.611	map	0	77eaece00000-77eaee000000	---p	[anon]	pages=4608	present=0	swapped=0	file_or_shared=0	exclusive=0	rss_kb=0	locked_kb=0	anon_kb=0	thp_kb=0	vmflags=mr mw me sd	pfn_sha=-	flags=-
13:16:24.611	map	0	77eaee000000-77eaf4e00000	rw-s	/dev/nvidiactl	pages=28160	present=28160	swapped=0	file_or_shared=28160	exclusive=28160	rss_kb=112640	locked_kb=0	anon_kb=0	thp_kb=0	vmflags=rd wr sh mr mw me ms de dd sd mm	pfn_sha=-	flags=-
13:16:24.611	map	0	77eaf4e00000-77eaf6000000	---p	[anon]	pages=4608	present=0	swapped=0	file_or_shared=0	exclusive=0	rss_kb=0	locked_kb=0	anon_kb=0	thp_kb=0	vmflags=mr mw me sd	pfn_sha=-	flags=-
13:16:24.611	map	0	77eaf6000000-77eafe800000	rw-s	/dev/nvidiactl	pages=34816	present=34816	swapped=0	file_or_shared=34816	exclusive=34816	rss_kb=139264	locked_kb=0	anon_kb=0	thp_kb=0	vmflags=rd wr sh mr mw me ms de dd sd mm	pfn_sha=-	flags=-
13:16:24.611	map	0	77eafe800000-77eb00000000	---p	[anon]	pages=6144	present=0	swapped=0	file_or_shared=0	exclusive=0	rss_kb=0	locked_kb=0	anon_kb=0	thp_kb=0	vmflags=mr mw me sd	pfn_sha=-	flags=-
13:16:24.611	map	0	77eb00000000-77eb06e00000	rw-s	/dev/nvidiactl	pages=28160	present=28160	swapped=0	file_or_shared=28160	exclusive=28160	rss_kb=112640	locked_kb=0	anon_kb=0	thp_kb=0	vmflags=rd wr sh mr mw me ms de dd sd mm	pfn_sha=-	flags=-
13:16:24.611	map	0	77eb06e00000-77eb08000000	---p	[anon]	pages=4608	present=0	swapped=0	file_or_shared=0	exclusive=0	rss_kb=0	locked_kb=0	anon_kb=0	thp_kb=0	vmflags=mr mw me sd	pfn_sha=-	flags=-
13:16:24.611	map	0	77eb08000000-77eb0ee00000	rw-s	/dev/nvidiactl	pages=28160	present=28160	swapped=0	file_or_shared=28160	exclusive=28160	rss_kb=112640	locked_kb=0	anon_kb=0	thp_kb=0	vmflags=rd wr sh mr mw me ms de dd sd mm	pfn_sha=-	flags=-
13:16:24.611	map	0	77eb0ee00000-77eb10000000	---p	[anon]	pages=4608	present=0	swapped=0	file_or_shared=0	exclusive=0	rss_kb=0	locked_kb=0	anon_kb=0	thp_kb=0	vmflags=mr mw me sd	pfn_sha=-	flags=-
13:16:24.611	map	0	77eb10000000-77eb18800000	rw-s	/dev/nvidiactl	pages=34816	present=34816	swapped=0	file_or_shared=34816	exclusive=34816	rss_kb=139264	locked_kb=0	anon_kb=0	thp_kb=0	vmflags=rd wr sh mr mw me ms de dd sd mm	pfn_sha=-	flags=-
13:16:24.611	map	0	77eb18800000-77eb1a000000	---p	[anon]	pages=6144	present=0	swapped=0	file_or_shared=0	exclusive=0	rss_kb=0	locked_kb=0	anon_kb=0	thp_kb=0	vmflags=mr mw me sd	pfn_sha=-	flags=-
13:16:24.611	map	0	77eb1a000000-77eb20e00000	rw-s	/dev/nvidiactl	pages=28160	present=28160	swapped=0	file_or_shared=28160	exclusive=28160	rss_kb=112640	locked_kb=0	anon_kb=0	thp_kb=0	vmflags=rd wr sh mr mw me ms de dd sd mm	pfn_sha=-	flags=-
13:16:24.611	map	0	77eb20e00000-77eb22000000	---p	[anon]	pages=4608	present=0	swapped=0	file_or_shared=0	exclusive=0	rss_kb=0	locked_kb=0	anon_kb=0	thp_kb=0	vmflags=mr mw me sd	pfn_sha=-	flags=-
13:16:24.611	map	0	77eb22000000-77eb28e00000	rw-s	/dev/nvidiactl	pages=28160	present=28160	swapped=0	file_or_shared=28160	exclusive=28160	rss_kb=112640	locked_kb=0	anon_kb=0	thp_kb=0	vmflags=rd wr sh mr mw me ms de dd sd mm	pfn_sha=-	flags=-
13:16:24.611	map	0	77eb28e00000-77eb2a000000	---p	[anon]	pages=4608	present=0	swapped=0	file_or_shared=0	exclusive=0	rss_kb=0	locked_kb=0	anon_kb=0	thp_kb=0	vmflags=mr mw me sd	pfn_sha=-	flags=-
13:16:24.611	map	0	77eb2a000000-77eb32800000	rw-s	/dev/nvidiactl	pages=34816	present=34816	swapped=0	file_or_shared=34816	exclusive=34816	rss_kb=139264	locked_kb=0	anon_kb=0	thp_kb=0	vmflags=rd wr sh mr mw me ms de dd sd mm	pfn_sha=-	flags=-
13:16:24.611	map	0	77eb32800000-77eb34000000	---p	[anon]	pages=6144	present=0	swapped=0	file_or_shared=0	exclusive=0	rss_kb=0	locked_kb=0	anon_kb=0	thp_kb=0	vmflags=mr mw me sd	pfn_sha=-	flags=-
13:16:24.611	map	0	77eb34000000-77eb3ae00000	rw-s	/dev/nvidiactl	pages=28160	present=28160	swapped=0	file_or_shared=28160	exclusive=28160	rss_kb=112640	locked_kb=0	anon_kb=0	thp_kb=0	vmflags=rd wr sh mr mw me ms de dd sd mm	pfn_sha=-	flags=-
13:16:24.611	map	0	77eb3ae00000-77eb3c000000	---p	[anon]	pages=4608	present=0	swapped=0	file_or_shared=0	exclusive=0	rss_kb=0	locked_kb=0	anon_kb=0	thp_kb=0	vmflags=mr mw me sd	pfn_sha=-	flags=-
13:16:24.611	map	0	77eb3c000000-77eb42e00000	rw-s	/dev/nvidiactl	pages=28160	present=28160	swapped=0	file_or_shared=28160	exclusive=28160	rss_kb=112640	locked_kb=0	anon_kb=0	thp_kb=0	vmflags=rd wr sh mr mw me ms de dd sd mm	pfn_sha=-	flags=-
13:16:24.611	map	0	77eb42e00000-77eb44000000	---p	[anon]	pages=4608	present=0	swapped=0	file_or_shared=0	exclusive=0	rss_kb=0	locked_kb=0	anon_kb=0	thp_kb=0	vmflags=mr mw me sd	pfn_sha=-	flags=-
13:16:24.611	map	0	77eb44000000-77eb4c800000	rw-s	/dev/nvidiactl	pages=34816	present=34816	swapped=0	file_or_shared=34816	exclusive=34816	rss_kb=139264	locked_kb=0	anon_kb=0	thp_kb=0	vmflags=rd wr sh mr mw me ms de dd sd mm	pfn_sha=-	flags=-
13:16:24.611	map	0	77eb4c800000-77eb4e000000	---p	[anon]	pages=6144	present=0	swapped=0	file_or_shared=0	exclusive=0	rss_kb=0	locked_kb=0	anon_kb=0	thp_kb=0	vmflags=mr mw me sd	pfn_sha=-	flags=-
13:16:24.611	map	0	77eb4e000000-77eb54e00000	rw-s	/dev/nvidiactl	pages=28160	present=28160	swapped=0	file_or_shared=28160	exclusive=28160	rss_kb=112640	locked_kb=0	anon_kb=0	thp_kb=0	vmflags=rd wr sh mr mw me ms de dd sd mm	pfn_sha=-	flags=-
13:16:24.611	map	0	77eb54e00000-77eb56000000	---p	[anon]	pages=4608	present=0	swapped=0	file_or_shared=0	exclusive=0	rss_kb=0	locked_kb=0	anon_kb=0	thp_kb=0	vmflags=mr mw me sd	pfn_sha=-	flags=-
13:16:24.611	map	0	77eb56000000-77eb5ce00000	rw-s	/dev/nvidiactl	pages=28160	present=28160	swapped=0	file_or_shared=28160	exclusive=28160	rss_kb=112640	locked_kb=0	anon_kb=0	thp_kb=0	vmflags=rd wr sh mr mw me ms de dd sd mm	pfn_sha=-	flags=-
13:16:24.611	map	0	77eb5ce00000-77eb5e000000	---p	[anon]	pages=4608	present=0	swapped=0	file_or_shared=0	exclusive=0	rss_kb=0	locked_kb=0	anon_kb=0	thp_kb=0	vmflags=mr mw me sd	pfn_sha=-	flags=-
13:16:24.611	map	0	77eb5e000000-77eb66800000	rw-s	/dev/nvidiactl	pages=34816	present=34816	swapped=0	file_or_shared=34816	exclusive=34816	rss_kb=139264	locked_kb=0	anon_kb=0	thp_kb=0	vmflags=rd wr sh mr mw me ms de dd sd mm	pfn_sha=-	flags=-
13:16:24.611	map	0	77eb66800000-77eb68000000	---p	[anon]	pages=6144	present=0	swapped=0	file_or_shared=0	exclusive=0	rss_kb=0	locked_kb=0	anon_kb=0	thp_kb=0	vmflags=mr mw me sd	pfn_sha=-	flags=-
13:16:24.611	map	0	77eb68000000-77eb6ee00000	rw-s	/dev/nvidiactl	pages=28160	present=28160	swapped=0	file_or_shared=28160	exclusive=28160	rss_kb=112640	locked_kb=0	anon_kb=0	thp_kb=0	vmflags=rd wr sh mr mw me ms de dd sd mm	pfn_sha=-	flags=-
13:16:24.611	map	0	77eb6ee00000-77eb70000000	---p	[anon]	pages=4608	present=0	swapped=0	file_or_shared=0	exclusive=0	rss_kb=0	locked_kb=0	anon_kb=0	thp_kb=0	vmflags=mr mw me sd	pfn_sha=-	flags=-
13:16:24.611	map	0	77eb70000000-77eb76e00000	rw-s	/dev/nvidiactl	pages=28160	present=28160	swapped=0	file_or_shared=28160	exclusive=28160	rss_kb=112640	locked_kb=0	anon_kb=0	thp_kb=0	vmflags=rd wr sh mr mw me ms de dd sd mm	pfn_sha=-	flags=-
13:16:24.611	map	0	77eb76e00000-77eb78000000	---p	[anon]	pages=4608	present=0	swapped=0	file_or_shared=0	exclusive=0	rss_kb=0	locked_kb=0	anon_kb=0	thp_kb=0	vmflags=mr mw me sd	pfn_sha=-	flags=-
13:16:24.611	map	0	77eb78000000-77eb80800000	rw-s	/dev/nvidiactl	pages=34816	present=34816	swapped=0	file_or_shared=34816	exclusive=34816	rss_kb=139264	locked_kb=0	anon_kb=0	thp_kb=0	vmflags=rd wr sh mr mw me ms de dd sd mm	pfn_sha=-	flags=-
13:16:24.611	map	0	77eb80800000-77eb82000000	---p	[anon]	pages=6144	present=0	swapped=0	file_or_shared=0	exclusive=0	rss_kb=0	locked_kb=0	anon_kb=0	thp_kb=0	vmflags=mr mw me sd	pfn_sha=-	flags=-
13:16:24.611	map	0	77eb82000000-77eb88e00000	rw-s	/dev/nvidiactl	pages=28160	present=28160	swapped=0	file_or_shared=28160	exclusive=28160	rss_kb=112640	locked_kb=0	anon_kb=0	thp_kb=0	vmflags=rd wr sh mr mw me ms de dd sd mm	pfn_sha=-	flags=-
13:16:24.611	map	0	77eb88e00000-77eb8a000000	---p	[anon]	pages=4608	present=0	swapped=0	file_or_shared=0	exclusive=0	rss_kb=0	locked_kb=0	anon_kb=0	thp_kb=0	vmflags=mr mw me sd	pfn_sha=-	flags=-
13:16:24.611	map	0	77eb8a000000-77eb90e00000	rw-s	/dev/nvidiactl	pages=28160	present=28160	swapped=0	file_or_shared=28160	exclusive=28160	rss_kb=112640	locked_kb=0	anon_kb=0	thp_kb=0	vmflags=rd wr sh mr mw me ms de dd sd mm	pfn_sha=-	flags=-
13:16:24.611	map	0	77eb90e00000-77eb92000000	---p	[anon]	pages=4608	present=0	swapped=0	file_or_shared=0	exclusive=0	rss_kb=0	locked_kb=0	anon_kb=0	thp_kb=0	vmflags=mr mw me sd	pfn_sha=-	flags=-
13:16:24.611	map	0	77eb92000000-77eb9a800000	rw-s	/dev/nvidiactl	pages=34816	present=34816	swapped=0	file_or_shared=34816	exclusive=34816	rss_kb=139264	locked_kb=0	anon_kb=0	thp_kb=0	vmflags=rd wr sh mr mw me ms de dd sd mm	pfn_sha=-	flags=-
13:16:24.611	map	0	77eb9a800000-77eb9c000000	---p	[anon]	pages=6144	present=0	swapped=0	file_or_shared=0	exclusive=0	rss_kb=0	locked_kb=0	anon_kb=0	thp_kb=0	vmflags=mr mw me sd	pfn_sha=-	flags=-
13:16:24.611	map	0	77eb9c000000-77eba2e00000	rw-s	/dev/nvidiactl	pages=28160	present=28160	swapped=0	file_or_shared=28160	exclusive=28160	rss_kb=112640	locked_kb=0	anon_kb=0	thp_kb=0	vmflags=rd wr sh mr mw me ms de dd sd mm	pfn_sha=-	flags=-
13:16:24.611	map	0	77eba2e00000-77eba4000000	---p	[anon]	pages=4608	present=0	swapped=0	file_or_shared=0	exclusive=0	rss_kb=0	locked_kb=0	anon_kb=0	thp_kb=0	vmflags=mr mw me sd	pfn_sha=-	flags=-
13:16:24.611	map	0	77eba4000000-77ebaae00000	rw-s	/dev/nvidiactl	pages=28160	present=28160	swapped=0	file_or_shared=28160	exclusive=28160	rss_kb=112640	locked_kb=0	anon_kb=0	thp_kb=0	vmflags=rd wr sh mr mw me ms de dd sd mm	pfn_sha=-	flags=-
13:16:24.611	map	0	77ebaae00000-77ebac000000	---p	[anon]	pages=4608	present=0	swapped=0	file_or_shared=0	exclusive=0	rss_kb=0	locked_kb=0	anon_kb=0	thp_kb=0	vmflags=mr mw me sd	pfn_sha=-	flags=-
13:16:24.611	map	0	77ebac000000-77ebb4800000	rw-s	/dev/nvidiactl	pages=34816	present=34816	swapped=0	file_or_shared=34816	exclusive=34816	rss_kb=139264	locked_kb=0	anon_kb=0	thp_kb=0	vmflags=rd wr sh mr mw me ms de dd sd mm	pfn_sha=-	flags=-
13:16:24.611	map	0	77ebb4800000-77ebb6000000	---p	[anon]	pages=6144	present=0	swapped=0	file_or_shared=0	exclusive=0	rss_kb=0	locked_kb=0	anon_kb=0	thp_kb=0	vmflags=mr mw me sd	pfn_sha=-	flags=-
13:16:24.611	map	0	77ebb6000000-77ebbce00000	rw-s	/dev/nvidiactl	pages=28160	present=28160	swapped=0	file_or_shared=28160	exclusive=28160	rss_kb=112640	locked_kb=0	anon_kb=0	thp_kb=0	vmflags=rd wr sh mr mw me ms de dd sd mm	pfn_sha=-	flags=-
13:16:24.611	map	0	77ebbce00000-77ebbe000000	---p	[anon]	pages=4608	present=0	swapped=0	file_or_shared=0	exclusive=0	rss_kb=0	locked_kb=0	anon_kb=0	thp_kb=0	vmflags=mr mw me sd	pfn_sha=-	flags=-
13:16:24.611	map	0	77ebbe000000-77ebc4e00000	rw-s	/dev/nvidiactl	pages=28160	present=28160	swapped=0	file_or_shared=28160	exclusive=28160	rss_kb=112640	locked_kb=0	anon_kb=0	thp_kb=0	vmflags=rd wr sh mr mw me ms de dd sd mm	pfn_sha=-	flags=-
13:16:24.611	map	0	77ebc4e00000-77ebc6000000	---p	[anon]	pages=4608	present=0	swapped=0	file_or_shared=0	exclusive=0	rss_kb=0	locked_kb=0	anon_kb=0	thp_kb=0	vmflags=mr mw me sd	pfn_sha=-	flags=-
13:16:24.611	map	0	77ebc6000000-77ebce800000	rw-s	/dev/nvidiactl	pages=34816	present=34816	swapped=0	file_or_shared=34816	exclusive=34816	rss_kb=139264	locked_kb=0	anon_kb=0	thp_kb=0	vmflags=rd wr sh mr mw me ms de dd sd mm	pfn_sha=-	flags=-
13:16:24.611	map	0	77ebce800000-77ebd0000000	---p	[anon]	pages=6144	present=0	swapped=0	file_or_shared=0	exclusive=0	rss_kb=0	locked_kb=0	anon_kb=0	thp_kb=0	vmflags=mr mw me sd	pfn_sha=-	flags=-
13:16:24.611	map	0	77ebd0000000-77ebd6e00000	rw-s	/dev/nvidiactl	pages=28160	present=28160	swapped=0	file_or_shared=28160	exclusive=28160	rss_kb=112640	locked_kb=0	anon_kb=0	thp_kb=0	vmflags=rd wr sh mr mw me ms de dd sd mm	pfn_sha=-	flags=-
13:16:24.611	map	0	77ebd6e00000-77ebd8000000	---p	[anon]	pages=4608	present=0	swapped=0	file_or_shared=0	exclusive=0	rss_kb=0	locked_kb=0	anon_kb=0	thp_kb=0	vmflags=mr mw me sd	pfn_sha=-	flags=-
13:16:24.611	map	0	77ebd8000000-77ebdee00000	rw-s	/dev/nvidiactl	pages=28160	present=28160	swapped=0	file_or_shared=28160	exclusive=28160	rss_kb=112640	locked_kb=0	anon_kb=0	thp_kb=0	vmflags=rd wr sh mr mw me ms de dd sd mm	pfn_sha=-	flags=-
13:16:24.611	map	0	77ebdee00000-77ebe0000000	---p	[anon]	pages=4608	present=0	swapped=0	file_or_shared=0	exclusive=0	rss_kb=0	locked_kb=0	anon_kb=0	thp_kb=0	vmflags=mr mw me sd	pfn_sha=-	flags=-
13:16:24.611	map	0	77ebe0000000-77ebe8800000	rw-s	/dev/nvidiactl	pages=34816	present=34816	swapped=0	file_or_shared=34816	exclusive=34816	rss_kb=139264	locked_kb=0	anon_kb=0	thp_kb=0	vmflags=rd wr sh mr mw me ms de dd sd mm	pfn_sha=-	flags=-
13:16:24.611	map	0	77ebe8800000-77ebea000000	---p	[anon]	pages=6144	present=0	swapped=0	file_or_shared=0	exclusive=0	rss_kb=0	locked_kb=0	anon_kb=0	thp_kb=0	vmflags=mr mw me sd	pfn_sha=-	flags=-
13:16:24.611	map	0	77ebea000000-77ebf0e00000	rw-s	/dev/nvidiactl	pages=28160	present=28160	swapped=0	file_or_shared=28160	exclusive=28160	rss_kb=112640	locked_kb=0	anon_kb=0	thp_kb=0	vmflags=rd wr sh mr mw me ms de dd sd mm	pfn_sha=-	flags=-
13:16:24.611	map	0	77ebf0e00000-77ebf2000000	---p	[anon]	pages=4608	present=0	swapped=0	file_or_shared=0	exclusive=0	rss_kb=0	locked_kb=0	anon_kb=0	thp_kb=0	vmflags=mr mw me sd	pfn_sha=-	flags=-
13:16:24.611	map	0	77ebf2000000-77ebf8e00000	rw-s	/dev/nvidiactl	pages=28160	present=28160	swapped=0	file_or_shared=28160	exclusive=28160	rss_kb=112640	locked_kb=0	anon_kb=0	thp_kb=0	vmflags=rd wr sh mr mw me ms de dd sd mm	pfn_sha=-	flags=-
13:16:24.611	map	0	77ebf8e00000-77ebfa000000	---p	[anon]	pages=4608	present=0	swapped=0	file_or_shared=0	exclusive=0	rss_kb=0	locked_kb=0	anon_kb=0	thp_kb=0	vmflags=mr mw me sd	pfn_sha=-	flags=-
13:16:24.611	map	0	77ebfa000000-77ec02800000	rw-s	/dev/nvidiactl	pages=34816	present=34816	swapped=0	file_or_shared=34816	exclusive=34816	rss_kb=139264	locked_kb=0	anon_kb=0	thp_kb=0	vmflags=rd wr sh mr mw me ms de dd sd mm	pfn_sha=-	flags=-
13:16:24.611	map	0	77ec02800000-77ec04000000	---p	[anon]	pages=6144	present=0	swapped=0	file_or_shared=0	exclusive=0	rss_kb=0	locked_kb=0	anon_kb=0	thp_kb=0	vmflags=mr mw me sd	pfn_sha=-	flags=-
13:16:24.611	map	0	77ec04000000-77ec0ae00000	rw-s	/dev/nvidiactl	pages=28160	present=28160	swapped=0	file_or_shared=28160	exclusive=28160	rss_kb=112640	locked_kb=0	anon_kb=0	thp_kb=0	vmflags=rd wr sh mr mw me ms de dd sd mm	pfn_sha=-	flags=-
13:16:24.611	map	0	77ec0ae00000-77ec0c000000	---p	[anon]	pages=4608	present=0	swapped=0	file_or_shared=0	exclusive=0	rss_kb=0	locked_kb=0	anon_kb=0	thp_kb=0	vmflags=mr mw me sd	pfn_sha=-	flags=-
13:16:24.611	map	0	77ec0c000000-77ec12e00000	rw-s	/dev/nvidiactl	pages=28160	present=28160	swapped=0	file_or_shared=28160	exclusive=28160	rss_kb=112640	locked_kb=0	anon_kb=0	thp_kb=0	vmflags=rd wr sh mr mw me ms de dd sd mm	pfn_sha=-	flags=-
13:16:24.611	map	0	77ec12e00000-77ec14000000	---p	[anon]	pages=4608	present=0	swapped=0	file_or_shared=0	exclusive=0	rss_kb=0	locked_kb=0	anon_kb=0	thp_kb=0	vmflags=mr mw me sd	pfn_sha=-	flags=-
13:16:24.611	map	0	77ec14000000-77ec1c800000	rw-s	/dev/nvidiactl	pages=34816	present=34816	swapped=0	file_or_shared=34816	exclusive=34816	rss_kb=139264	locked_kb=0	anon_kb=0	thp_kb=0	vmflags=rd wr sh mr mw me ms de dd sd mm	pfn_sha=-	flags=-
13:16:24.611	map	0	77ec1c800000-77ec1e000000	---p	[anon]	pages=6144	present=0	swapped=0	file_or_shared=0	exclusive=0	rss_kb=0	locked_kb=0	anon_kb=0	thp_kb=0	vmflags=mr mw me sd	pfn_sha=-	flags=-
13:16:24.611	map	0	77ec1e000000-77ec24e00000	rw-s	/dev/nvidiactl	pages=28160	present=28160	swapped=0	file_or_shared=28160	exclusive=28160	rss_kb=112640	locked_kb=0	anon_kb=0	thp_kb=0	vmflags=rd wr sh mr mw me ms de dd sd mm	pfn_sha=-	flags=-
13:16:24.611	map	0	77ec24e00000-77ec26000000	---p	[anon]	pages=4608	present=0	swapped=0	file_or_shared=0	exclusive=0	rss_kb=0	locked_kb=0	anon_kb=0	thp_kb=0	vmflags=mr mw me sd	pfn_sha=-	flags=-
13:16:24.611	map	0	77ec26000000-77ec2ce00000	rw-s	/dev/nvidiactl	pages=28160	present=28160	swapped=0	file_or_shared=28160	exclusive=28160	rss_kb=112640	locked_kb=0	anon_kb=0	thp_kb=0	vmflags=rd wr sh mr mw me ms de dd sd mm	pfn_sha=-	flags=-
13:16:24.611	map	0	77ec2ce00000-77ec2e000000	---p	[anon]	pages=4608	present=0	swapped=0	file_or_shared=0	exclusive=0	rss_kb=0	locked_kb=0	anon_kb=0	thp_kb=0	vmflags=mr mw me sd	pfn_sha=-	flags=-
13:16:24.611	map	0	77ec2e000000-77ec36800000	rw-s	/dev/nvidiactl	pages=34816	present=34816	swapped=0	file_or_shared=34816	exclusive=34816	rss_kb=139264	locked_kb=0	anon_kb=0	thp_kb=0	vmflags=rd wr sh mr mw me ms de dd sd mm	pfn_sha=-	flags=-
13:16:24.611	map	0	77ec36800000-77ec38000000	---p	[anon]	pages=6144	present=0	swapped=0	file_or_shared=0	exclusive=0	rss_kb=0	locked_kb=0	anon_kb=0	thp_kb=0	vmflags=mr mw me sd	pfn_sha=-	flags=-
13:16:24.611	map	0	77ec38000000-77ec3ee00000	rw-s	/dev/nvidiactl	pages=28160	present=28160	swapped=0	file_or_shared=28160	exclusive=28160	rss_kb=112640	locked_kb=0	anon_kb=0	thp_kb=0	vmflags=rd wr sh mr mw me ms de dd sd mm	pfn_sha=-	flags=-
13:16:24.611	map	0	77ec3ee00000-77ec40000000	---p	[anon]	pages=4608	present=0	swapped=0	file_or_shared=0	exclusive=0	rss_kb=0	locked_kb=0	anon_kb=0	thp_kb=0	vmflags=mr mw me sd	pfn_sha=-	flags=-
13:16:24.611	map	0	77ec40000000-77ec46e00000	rw-s	/dev/nvidiactl	pages=28160	present=28160	swapped=0	file_or_shared=28160	exclusive=28160	rss_kb=112640	locked_kb=0	anon_kb=0	thp_kb=0	vmflags=rd wr sh mr mw me ms de dd sd mm	pfn_sha=-	flags=-
13:16:24.611	map	0	77ec46e00000-77ec48000000	---p	[anon]	pages=4608	present=0	swapped=0	file_or_shared=0	exclusive=0	rss_kb=0	locked_kb=0	anon_kb=0	thp_kb=0	vmflags=mr mw me sd	pfn_sha=-	flags=-
13:16:24.611	map	0	77ec48000000-77ec50800000	rw-s	/dev/nvidiactl	pages=34816	present=34816	swapped=0	file_or_shared=34816	exclusive=34816	rss_kb=139264	locked_kb=0	anon_kb=0	thp_kb=0	vmflags=rd wr sh mr mw me ms de dd sd mm	pfn_sha=-	flags=-
13:16:24.611	map	0	77ec50800000-77ec52000000	---p	[anon]	pages=6144	present=0	swapped=0	file_or_shared=0	exclusive=0	rss_kb=0	locked_kb=0	anon_kb=0	thp_kb=0	vmflags=mr mw me sd	pfn_sha=-	flags=-
13:16:24.611	map	0	77ec52000000-77ec58e00000	rw-s	/dev/nvidiactl	pages=28160	present=28160	swapped=0	file_or_shared=28160	exclusive=28160	rss_kb=112640	locked_kb=0	anon_kb=0	thp_kb=0	vmflags=rd wr sh mr mw me ms de dd sd mm	pfn_sha=-	flags=-
13:16:24.611	map	0	77ec58e00000-77ec5a000000	---p	[anon]	pages=4608	present=0	swapped=0	file_or_shared=0	exclusive=0	rss_kb=0	locked_kb=0	anon_kb=0	thp_kb=0	vmflags=mr mw me sd	pfn_sha=-	flags=-
13:16:24.611	map	0	77ec5a000000-77ec60e00000	rw-s	/dev/nvidiactl	pages=28160	present=28160	swapped=0	file_or_shared=28160	exclusive=28160	rss_kb=112640	locked_kb=0	anon_kb=0	thp_kb=0	vmflags=rd wr sh mr mw me ms de dd sd mm	pfn_sha=-	flags=-
13:16:24.611	map	0	77ec60e00000-77ec62000000	---p	[anon]	pages=4608	present=0	swapped=0	file_or_shared=0	exclusive=0	rss_kb=0	locked_kb=0	anon_kb=0	thp_kb=0	vmflags=mr mw me sd	pfn_sha=-	flags=-
13:16:24.611	map	0	77ec62000000-77ec6a800000	rw-s	/dev/nvidiactl	pages=34816	present=34816	swapped=0	file_or_shared=34816	exclusive=34816	rss_kb=139264	locked_kb=0	anon_kb=0	thp_kb=0	vmflags=rd wr sh mr mw me ms de dd sd mm	pfn_sha=-	flags=-
13:16:24.611	map	0	77ec6a800000-77ec6c000000	---p	[anon]	pages=6144	present=0	swapped=0	file_or_shared=0	exclusive=0	rss_kb=0	locked_kb=0	anon_kb=0	thp_kb=0	vmflags=mr mw me sd	pfn_sha=-	flags=-
13:16:24.611	map	0	77ec6c000000-77ec72e00000	rw-s	/dev/nvidiactl	pages=28160	present=28160	swapped=0	file_or_shared=28160	exclusive=28160	rss_kb=112640	locked_kb=0	anon_kb=0	thp_kb=0	vmflags=rd wr sh mr mw me ms de dd sd mm	pfn_sha=-	flags=-
13:16:24.611	map	0	77ec72e00000-77ec74000000	---p	[anon]	pages=4608	present=0	swapped=0	file_or_shared=0	exclusive=0	rss_kb=0	locked_kb=0	anon_kb=0	thp_kb=0	vmflags=mr mw me sd	pfn_sha=-	flags=-
13:16:24.611	map	0	77ec74000000-77ec7ae00000	rw-s	/dev/nvidiactl	pages=28160	present=28160	swapped=0	file_or_shared=28160	exclusive=28160	rss_kb=112640	locked_kb=0	anon_kb=0	thp_kb=0	vmflags=rd wr sh mr mw me ms de dd sd mm	pfn_sha=-	flags=-
13:16:24.611	map	0	77ec7ae00000-77ec7c000000	---p	[anon]	pages=4608	present=0	swapped=0	file_or_shared=0	exclusive=0	rss_kb=0	locked_kb=0	anon_kb=0	thp_kb=0	vmflags=mr mw me sd	pfn_sha=-	flags=-
13:16:24.611	map	0	77ec7c000000-77ec84800000	rw-s	/dev/nvidiactl	pages=34816	present=34816	swapped=0	file_or_shared=34816	exclusive=34816	rss_kb=139264	locked_kb=0	anon_kb=0	thp_kb=0	vmflags=rd wr sh mr mw me ms de dd sd mm	pfn_sha=-	flags=-
13:16:24.611	map	0	77ec84800000-77ec86000000	---p	[anon]	pages=6144	present=0	swapped=0	file_or_shared=0	exclusive=0	rss_kb=0	locked_kb=0	anon_kb=0	thp_kb=0	vmflags=mr mw me sd	pfn_sha=-	flags=-
13:16:24.611	map	0	77ec86000000-77ec8ce00000	rw-s	/dev/nvidiactl	pages=28160	present=28160	swapped=0	file_or_shared=28160	exclusive=28160	rss_kb=112640	locked_kb=0	anon_kb=0	thp_kb=0	vmflags=rd wr sh mr mw me ms de dd sd mm	pfn_sha=-	flags=-
13:16:24.611	map	0	77ec8ce00000-77ec8e000000	---p	[anon]	pages=4608	present=0	swapped=0	file_or_shared=0	exclusive=0	rss_kb=0	locked_kb=0	anon_kb=0	thp_kb=0	vmflags=mr mw me sd	pfn_sha=-	flags=-
13:16:24.611	map	0	77ec8e000000-77ec94e00000	rw-s	/dev/nvidiactl	pages=28160	present=28160	swapped=0	file_or_shared=28160	exclusive=28160	rss_kb=112640	locked_kb=0	anon_kb=0	thp_kb=0	vmflags=rd wr sh mr mw me ms de dd sd mm	pfn_sha=-	flags=-
13:16:24.611	map	0	77ec94e00000-77ec96000000	---p	[anon]	pages=4608	present=0	swapped=0	file_or_shared=0	exclusive=0	rss_kb=0	locked_kb=0	anon_kb=0	thp_kb=0	vmflags=mr mw me sd	pfn_sha=-	flags=-
13:16:24.611	map	0	77ec96000000-77ec9e800000	rw-s	/dev/nvidiactl	pages=34816	present=34816	swapped=0	file_or_shared=34816	exclusive=34816	rss_kb=139264	locked_kb=0	anon_kb=0	thp_kb=0	vmflags=rd wr sh mr mw me ms de dd sd mm	pfn_sha=-	flags=-
13:16:24.611	map	0	77ec9e800000-77eca0000000	---p	[anon]	pages=6144	present=0	swapped=0	file_or_shared=0	exclusive=0	rss_kb=0	locked_kb=0	anon_kb=0	thp_kb=0	vmflags=mr mw me sd	pfn_sha=-	flags=-
13:16:24.611	map	0	77eca0000000-77eca6e00000	rw-s	/dev/nvidiactl	pages=28160	present=28160	swapped=0	file_or_shared=28160	exclusive=28160	rss_kb=112640	locked_kb=0	anon_kb=0	thp_kb=0	vmflags=rd wr sh mr mw me ms de dd sd mm	pfn_sha=-	flags=-
13:16:24.611	map	0	77eca6e00000-77eca8000000	---p	[anon]	pages=4608	present=0	swapped=0	file_or_shared=0	exclusive=0	rss_kb=0	locked_kb=0	anon_kb=0	thp_kb=0	vmflags=mr mw me sd	pfn_sha=-	flags=-
13:16:24.611	map	0	77eca8000000-77ecaee00000	rw-s	/dev/nvidiactl	pages=28160	present=28160	swapped=0	file_or_shared=28160	exclusive=28160	rss_kb=112640	locked_kb=0	anon_kb=0	thp_kb=0	vmflags=rd wr sh mr mw me ms de dd sd mm	pfn_sha=-	flags=-
13:16:24.611	map	0	77ecaee00000-77ecb0000000	---p	[anon]	pages=4608	present=0	swapped=0	file_or_shared=0	exclusive=0	rss_kb=0	locked_kb=0	anon_kb=0	thp_kb=0	vmflags=mr mw me sd	pfn_sha=-	flags=-
13:16:24.611	map	0	77ecb0000000-77ecb8800000	rw-s	/dev/nvidiactl	pages=34816	present=34816	swapped=0	file_or_shared=34816	exclusive=34816	rss_kb=139264	locked_kb=0	anon_kb=0	thp_kb=0	vmflags=rd wr sh mr mw me ms de dd sd mm	pfn_sha=-	flags=-
13:16:24.611	map	0	77ecb8800000-77ecba000000	---p	[anon]	pages=6144	present=0	swapped=0	file_or_shared=0	exclusive=0	rss_kb=0	locked_kb=0	anon_kb=0	thp_kb=0	vmflags=mr mw me sd	pfn_sha=-	flags=-
13:16:24.611	map	0	77ecba000000-77ecc0e00000	rw-s	/dev/nvidiactl	pages=28160	present=28160	swapped=0	file_or_shared=28160	exclusive=28160	rss_kb=112640	locked_kb=0	anon_kb=0	thp_kb=0	vmflags=rd wr sh mr mw me ms de dd sd mm	pfn_sha=-	flags=-
13:16:24.611	map	0	77ecc0e00000-77ecc2000000	---p	[anon]	pages=4608	present=0	swapped=0	file_or_shared=0	exclusive=0	rss_kb=0	locked_kb=0	anon_kb=0	thp_kb=0	vmflags=mr mw me sd	pfn_sha=-	flags=-
13:16:24.611	map	0	77ecc2000000-77ecc8e00000	rw-s	/dev/nvidiactl	pages=28160	present=28160	swapped=0	file_or_shared=28160	exclusive=28160	rss_kb=112640	locked_kb=0	anon_kb=0	thp_kb=0	vmflags=rd wr sh mr mw me ms de dd sd mm	pfn_sha=-	flags=-
13:16:24.611	map	0	77ecc8e00000-77ecca000000	---p	[anon]	pages=4608	present=0	swapped=0	file_or_shared=0	exclusive=0	rss_kb=0	locked_kb=0	anon_kb=0	thp_kb=0	vmflags=mr mw me sd	pfn_sha=-	flags=-
13:16:24.611	map	0	77ecca731000-77eceaa82000	rw-p	[anon]	pages=131921	present=131921	swapped=0	file_or_shared=0	exclusive=131921	rss_kb=527684	locked_kb=0	anon_kb=527684	thp_kb=0	vmflags=rd wr mr mw me ac sd	pfn_sha=-	flags=-
13:16:24.611	map	0	77eceaa82000-77f128000000	r--s	/root/artifacts/Qwen3.6-35B-A3B-UD-IQ4_XS.gguf	pages=4445566	present=4342062	swapped=0	file_or_shared=4342062	exclusive=4342062	rss_kb=17368248	locked_kb=0	anon_kb=0	thp_kb=0	vmflags=rd mr me ms sd	pfn_sha=-	flags=-
13:16:24.611	map	0	77f128000000-77f128021000	rw-p	[anon]	pages=33	present=1	swapped=0	file_or_shared=0	exclusive=1	rss_kb=4	locked_kb=0	anon_kb=4	thp_kb=0	vmflags=rd wr mr mw me ac sd	pfn_sha=-	flags=-
13:16:24.611	map	0	77f128021000-77f14e600000	---p	[anon]	pages=157151	present=0	swapped=0	file_or_shared=0	exclusive=0	rss_kb=0	locked_kb=0	anon_kb=0	thp_kb=0	vmflags=mr mw me sd	pfn_sha=-	flags=-
13:16:24.611	map	0	77f14e600000-77f14e800000	rw-s	/dev/nvidiactl	pages=512	present=512	swapped=0	file_or_shared=512	exclusive=512	rss_kb=2048	locked_kb=0	anon_kb=0	thp_kb=0	vmflags=rd wr sh mr mw me ms de dd sd mm	pfn_sha=-	flags=-
13:16:24.611	map	0	77f14e800000-77f14ea00000	rw-s	/dev/zero (deleted)	pages=512	present=512	swapped=0	file_or_shared=512	exclusive=512	rss_kb=2048	locked_kb=0	anon_kb=0	thp_kb=0	vmflags=rd wr sh mr mw me ms sd	pfn_sha=-	flags=-
13:16:24.611	map	0	77f14ea00000-77f14ec00000	rw-s	/dev/zero (deleted)	pages=512	present=512	swapped=0	file_or_shared=512	exclusive=512	rss_kb=2048	locked_kb=0	anon_kb=0	thp_kb=0	vmflags=rd wr sh mr mw me ms sd	pfn_sha=-	flags=-
13:16:24.611	map	0	77f14ec00000-77f14f000000	---p	[anon]	pages=1024	present=0	swapped=0	file_or_shared=0	exclusive=0	rss_kb=0	locked_kb=0	anon_kb=0	thp_kb=0	vmflags=mr mw me sd	pfn_sha=-	flags=-
13:16:24.611	map	0	77f14f000000-77f14f200000	rw-s	/dev/nvidiactl	pages=512	present=512	swapped=0	file_or_shared=512	exclusive=512	rss_kb=2048	locked_kb=0	anon_kb=0	thp_kb=0	vmflags=rd wr sh mr mw me ms de dd sd mm	pfn_sha=-	flags=-
13:16:24.611	map	0	77f14f200000-77f14f800000	---p	[anon]	pages=1536	present=0	swapped=0	file_or_shared=0	exclusive=0	rss_kb=0	locked_kb=0	anon_kb=0	thp_kb=0	vmflags=mr mw me sd	pfn_sha=-	flags=-
13:16:24.611	map	0	77f14f800000-77f14fa00000	rw-s	/dev/zero (deleted)	pages=512	present=512	swapped=0	file_or_shared=512	exclusive=512	rss_kb=2048	locked_kb=0	anon_kb=0	thp_kb=0	vmflags=rd wr sh mr mw me ms sd	pfn_sha=-	flags=-
13:16:24.611	map	0	77f14fa00000-77f14ffec000	rw-s	/dev/nvidiactl	pages=1516	present=1516	swapped=0	file_or_shared=1516	exclusive=1516	rss_kb=6064	locked_kb=0	anon_kb=0	thp_kb=0	vmflags=rd wr sh mr mw me ms de dd sd mm	pfn_sha=-	flags=-
13:16:24.611	map	0	77f14ffec000-77f150000000	---p	[anon]	pages=20	present=0	swapped=0	file_or_shared=0	exclusive=0	rss_kb=0	locked_kb=0	anon_kb=0	thp_kb=0	vmflags=mr mw me sd	pfn_sha=-	flags=-
13:16:24.611	map	0	77f150000000-77f150021000	rw-p	[anon]	pages=33	present=1	swapped=0	file_or_shared=0	exclusive=1	rss_kb=4	locked_kb=0	anon_kb=4	thp_kb=0	vmflags=rd wr mr mw me ac sd	pfn_sha=-	flags=-
13:16:24.611	map	0	77f150021000-77f154000000	---p	[anon]	pages=16351	present=0	swapped=0	file_or_shared=0	exclusive=0	rss_kb=0	locked_kb=0	anon_kb=0	thp_kb=0	vmflags=mr mw me sd	pfn_sha=-	flags=-
13:16:24.611	map	0	77f155005000-77f15588a000	rw-p	[anon]	pages=2181	present=2181	swapped=0	file_or_shared=0	exclusive=2181	rss_kb=8724	locked_kb=0	anon_kb=8724	thp_kb=0	vmflags=rd wr mr mw me ac sd	pfn_sha=-	flags=-
13:16:24.611	map	0	77f1560c7000-77f156ae8000	rw-p	[anon]	pages=2593	present=2592	swapped=0	file_or_shared=0	exclusive=2592	rss_kb=10368	locked_kb=0	anon_kb=10368	thp_kb=0	vmflags=rd wr mr mw me ac sd	pfn_sha=-	flags=-
13:16:24.611	map	0	77f156ae8000-77f156ae9000	---p	[anon]	pages=1	present=0	swapped=0	file_or_shared=0	exclusive=0	rss_kb=0	locked_kb=0	anon_kb=0	thp_kb=0	vmflags=mr mw me sd nh	pfn_sha=-	flags=-
13:16:24.611	map	0	77f156ae9000-77f1572e9000	rw-p	[anon]	pages=2048	present=33	swapped=0	file_or_shared=0	exclusive=33	rss_kb=132	locked_kb=0	anon_kb=132	thp_kb=0	vmflags=rd wr mr mw me ac sd nh	pfn_sha=-	flags=-
13:16:24.611	map	0	77f1572e9000-77f1576d7000	rw-p	[anon]	pages=1006	present=1006	swapped=0	file_or_shared=0	exclusive=1006	rss_kb=4024	locked_kb=0	anon_kb=4024	thp_kb=0	vmflags=rd wr mr mw me ac sd	pfn_sha=-	flags=-
13:16:24.611	map	0	77f157ac0000-77f157bab000	rw-p	[anon]	pages=235	present=235	swapped=0	file_or_shared=0	exclusive=235	rss_kb=940	locked_kb=0	anon_kb=940	thp_kb=0	vmflags=rd wr mr mw me ac sd	pfn_sha=-	flags=-
13:16:24.611	map	0	77f157c83000-77f157e83000	rw-s	/dev/zero (deleted)	pages=512	present=512	swapped=0	file_or_shared=512	exclusive=512	rss_kb=2048	locked_kb=0	anon_kb=0	thp_kb=0	vmflags=rd wr sh mr mw me ms sd	pfn_sha=-	flags=-
13:16:24.611	map	0	77f157e83000-77f158000000	rw-p	[anon]	pages=381	present=251	swapped=0	file_or_shared=0	exclusive=251	rss_kb=1004	locked_kb=0	anon_kb=1004	thp_kb=0	vmflags=rd wr mr mw me ac sd	pfn_sha=-	flags=-
13:16:24.611	map	0	77f158000000-77f35c000000	---p	[anon]	pages=2113536	present=0	swapped=0	file_or_shared=0	exclusive=0	rss_kb=0	locked_kb=0	anon_kb=0	thp_kb=0	vmflags=mr mw me sd	pfn_sha=-	flags=-
13:16:24.611	map	0	77f35c000000-77f35c021000	rw-p	[anon]	pages=33	present=1	swapped=0	file_or_shared=0	exclusive=1	rss_kb=4	locked_kb=0	anon_kb=4	thp_kb=0	vmflags=rd wr mr mw me ac sd	pfn_sha=-	flags=-
13:16:24.611	map	0	77f35c021000-77f360000000	---p	[anon]	pages=16351	present=0	swapped=0	file_or_shared=0	exclusive=0	rss_kb=0	locked_kb=0	anon_kb=0	thp_kb=0	vmflags=mr mw me sd	pfn_sha=-	flags=-
13:16:24.611	map	0	77f360006000-77f3601bb000	rw-p	[anon]	pages=437	present=20	swapped=0	file_or_shared=0	exclusive=20	rss_kb=80	locked_kb=0	anon_kb=80	thp_kb=0	vmflags=rd wr mr mw me ac sd	pfn_sha=-	flags=-
13:16:24.611	map	0	77f3601bb000-77f3601bc000	rw-s	/dev/nvidiactl	pages=1	present=1	swapped=0	file_or_shared=1	exclusive=1	rss_kb=4	locked_kb=0	anon_kb=0	thp_kb=0	vmflags=rd wr sh mr mw me ms de dd sd mm	pfn_sha=-	flags=-
13:16:24.611	map	0	77f3601bc000-77f3601bd000	rw-s	/dev/nvidiactl	pages=1	present=1	swapped=0	file_or_shared=1	exclusive=1	rss_kb=4	locked_kb=0	anon_kb=0	thp_kb=0	vmflags=rd wr sh mr mw me ms de dd sd mm	pfn_sha=-	flags=-
13:16:24.611	map	0	77f3601bd000-77f3601be000	rw-s	/dev/nvidiactl	pages=1	present=1	swapped=0	file_or_shared=1	exclusive=1	rss_kb=4	locked_kb=0	anon_kb=0	thp_kb=0	vmflags=rd wr sh mr mw me ms de dd sd mm	pfn_sha=-	flags=-
13:16:24.611	map	0	77f3601be000-77f3601bf000	rw-s	/dev/nvidiactl	pages=1	present=1	swapped=0	file_or_shared=1	exclusive=1	rss_kb=4	locked_kb=0	anon_kb=0	thp_kb=0	vmflags=rd wr sh mr mw me ms de dd sd mm	pfn_sha=-	flags=-
13:16:24.611	map	0	77f3601bf000-77f3601c0000	rw-s	/dev/nvidiactl	pages=1	present=1	swapped=0	file_or_shared=1	exclusive=1	rss_kb=4	locked_kb=0	anon_kb=0	thp_kb=0	vmflags=rd wr sh mr mw me ms de dd sd mm	pfn_sha=-	flags=-
13:16:24.611	map	0	77f3601c0000-77f3601c1000	rw-s	/dev/nvidiactl	pages=1	present=1	swapped=0	file_or_shared=1	exclusive=1	rss_kb=4	locked_kb=0	anon_kb=0	thp_kb=0	vmflags=rd wr sh mr mw me ms de dd sd mm	pfn_sha=-	flags=-
13:16:24.611	map	0	77f3601c1000-77f3601c2000	rw-s	/dev/nvidiactl	pages=1	present=1	swapped=0	file_or_shared=1	exclusive=1	rss_kb=4	locked_kb=0	anon_kb=0	thp_kb=0	vmflags=rd wr sh mr mw me ms de dd sd mm	pfn_sha=-	flags=-
13:16:24.611	map	0	77f3601c2000-77f3601c3000	rw-s	/dev/nvidiactl	pages=1	present=1	swapped=0	file_or_shared=1	exclusive=1	rss_kb=4	locked_kb=0	anon_kb=0	thp_kb=0	vmflags=rd wr sh mr mw me ms de dd sd mm	pfn_sha=-	flags=-
13:16:24.611	map	0	77f3601c3000-77f3601c4000	rw-s	/dev/nvidiactl	pages=1	present=1	swapped=0	file_or_shared=1	exclusive=1	rss_kb=4	locked_kb=0	anon_kb=0	thp_kb=0	vmflags=rd wr sh mr mw me ms de dd sd mm	pfn_sha=-	flags=-
13:16:24.611	map	0	77f3601c4000-77f3601c5000	rw-s	/dev/nvidiactl	pages=1	present=1	swapped=0	file_or_shared=1	exclusive=1	rss_kb=4	locked_kb=0	anon_kb=0	thp_kb=0	vmflags=rd wr sh mr mw me ms de dd sd mm	pfn_sha=-	flags=-
13:16:24.611	map	0	77f3601c5000-77f3601c6000	rw-s	/dev/nvidiactl	pages=1	present=1	swapped=0	file_or_shared=1	exclusive=1	rss_kb=4	locked_kb=0	anon_kb=0	thp_kb=0	vmflags=rd wr sh mr mw me ms de dd sd mm	pfn_sha=-	flags=-
13:16:24.611	map	0	77f3601c6000-77f3601c7000	rw-s	/dev/nvidiactl	pages=1	present=1	swapped=0	file_or_shared=1	exclusive=1	rss_kb=4	locked_kb=0	anon_kb=0	thp_kb=0	vmflags=rd wr sh mr mw me ms de dd sd mm	pfn_sha=-	flags=-
13:16:24.611	map	0	77f3601c7000-77f3601c8000	rw-s	/dev/nvidiactl	pages=1	present=1	swapped=0	file_or_shared=1	exclusive=1	rss_kb=4	locked_kb=0	anon_kb=0	thp_kb=0	vmflags=rd wr sh mr mw me ms de dd sd mm	pfn_sha=-	flags=-
13:16:24.611	map	0	77f3601c8000-77f3601c9000	rw-s	/dev/nvidiactl	pages=1	present=1	swapped=0	file_or_shared=1	exclusive=1	rss_kb=4	locked_kb=0	anon_kb=0	thp_kb=0	vmflags=rd wr sh mr mw me ms de dd sd mm	pfn_sha=-	flags=-
13:16:24.611	map	0	77f3601c9000-77f3601ca000	rw-s	/dev/nvidiactl	pages=1	present=1	swapped=0	file_or_shared=1	exclusive=1	rss_kb=4	locked_kb=0	anon_kb=0	thp_kb=0	vmflags=rd wr sh mr mw me ms de dd sd mm	pfn_sha=-	flags=-
13:16:24.611	map	0	77f3601ca000-77f3601cb000	rw-s	/dev/nvidiactl	pages=1	present=1	swapped=0	file_or_shared=1	exclusive=1	rss_kb=4	locked_kb=0	anon_kb=0	thp_kb=0	vmflags=rd wr sh mr mw me ms de dd sd mm	pfn_sha=-	flags=-
13:16:24.611	map	0	77f3601cb000-77f3613dc000	---p	[anon]	pages=4625	present=0	swapped=0	file_or_shared=0	exclusive=0	rss_kb=0	locked_kb=0	anon_kb=0	thp_kb=0	vmflags=mr mw me sd	pfn_sha=-	flags=-
13:16:24.611	map	0	77f3613dc000-77f3613dd000	---p	[anon]	pages=1	present=0	swapped=0	file_or_shared=0	exclusive=0	rss_kb=0	locked_kb=0	anon_kb=0	thp_kb=0	vmflags=mr mw me sd nh	pfn_sha=-	flags=-
13:16:24.611	map	0	77f3613dd000-77f361bdd000	rw-p	[anon]	pages=2048	present=33	swapped=0	file_or_shared=0	exclusive=33	rss_kb=132	locked_kb=0	anon_kb=132	thp_kb=0	vmflags=rd wr mr mw me ac sd nh	pfn_sha=-	flags=-
13:16:24.611	map	0	77f361bdd000-77f361bde000	---p	[anon]	pages=1	present=0	swapped=0	file_or_shared=0	exclusive=0	rss_kb=0	locked_kb=0	anon_kb=0	thp_kb=0	vmflags=mr mw me sd nh	pfn_sha=-	flags=-
13:16:24.611	map	0	77f361bde000-77f3623de000	rw-p	[anon]	pages=2048	present=33	swapped=0	file_or_shared=0	exclusive=33	rss_kb=132	locked_kb=0	anon_kb=132	thp_kb=0	vmflags=rd wr mr mw me ac sd nh	pfn_sha=-	flags=-
13:16:24.611	map	0	77f3623de000-77f3635ff000	---p	[anon]	pages=4641	present=0	swapped=0	file_or_shared=0	exclusive=0	rss_kb=0	locked_kb=0	anon_kb=0	thp_kb=0	vmflags=mr mw me sd	pfn_sha=-	flags=-
13:16:24.611	map	0	77f3635ff000-77f363953000	rw-p	[anon]	pages=852	present=2	swapped=0	file_or_shared=0	exclusive=2	rss_kb=8	locked_kb=0	anon_kb=8	thp_kb=0	vmflags=rd wr mr mw me ac sd	pfn_sha=-	flags=-
13:16:24.611	map	0	77f363953000-77f363954000	---p	[anon]	pages=1	present=0	swapped=0	file_or_shared=0	exclusive=0	rss_kb=0	locked_kb=0	anon_kb=0	thp_kb=0	vmflags=mr mw me sd nh	pfn_sha=-	flags=-
13:16:24.611	map	0	77f363954000-77f364154000	rw-p	[anon]	pages=2048	present=33	swapped=0	file_or_shared=0	exclusive=33	rss_kb=132	locked_kb=0	anon_kb=132	thp_kb=0	vmflags=rd wr mr mw me ac sd nh	pfn_sha=-	flags=-
13:16:24.611	map	0	77f364154000-77f3642bb000	r--p	/usr/local/cuda-13.1/compat/libcuda.so.590.48.01	pages=359	present=359	swapped=0	file_or_shared=359	exclusive=0	rss_kb=1436	locked_kb=0	anon_kb=0	thp_kb=0	vmflags=rd mr mw me sd	pfn_sha=-	flags=-
13:16:24.611	map	0	77f3642bb000-77f365347000	r-xp	/usr/local/cuda-13.1/compat/libcuda.so.590.48.01	pages=4236	present=1004	swapped=0	file_or_shared=1004	exclusive=776	rss_kb=4016	locked_kb=0	anon_kb=0	thp_kb=0	vmflags=rd ex mr mw me sd	pfn_sha=-	flags=-
13:16:24.611	map	0	77f365347000-77f369e45000	r--p	/usr/local/cuda-13.1/compat/libcuda.so.590.48.01	pages=19198	present=2576	swapped=0	file_or_shared=2576	exclusive=2499	rss_kb=10304	locked_kb=0	anon_kb=0	thp_kb=0	vmflags=rd mr mw me sd	pfn_sha=-	flags=-
13:16:24.611	map	0	77f369e45000-77f369e46000	---p	/usr/local/cuda-13.1/compat/libcuda.so.590.48.01	pages=1	present=0	swapped=0	file_or_shared=0	exclusive=0	rss_kb=0	locked_kb=0	anon_kb=0	thp_kb=0	vmflags=mr mw me sd	pfn_sha=-	flags=-
13:16:24.611	map	0	77f369e46000-77f369f7f000	r--p	/usr/local/cuda-13.1/compat/libcuda.so.590.48.01	pages=313	present=311	swapped=0	file_or_shared=1	exclusive=311	rss_kb=1244	locked_kb=0	anon_kb=1240	thp_kb=0	vmflags=rd mr mw me ac sd	pfn_sha=-	flags=-
13:16:24.611	map	0	77f369f7f000-77f369f84000	rw-p	/usr/local/cuda-13.1/compat/libcuda.so.590.48.01	pages=5	present=5	swapped=0	file_or_shared=0	exclusive=5	rss_kb=20	locked_kb=0	anon_kb=20	thp_kb=0	vmflags=rd wr mr mw me ac sd	pfn_sha=-	flags=-
13:16:24.611	map	0	77f369f84000-77f369fed000	rw-p	[anon]	pages=105	present=24	swapped=0	file_or_shared=0	exclusive=22	rss_kb=88	locked_kb=0	anon_kb=88	thp_kb=0	vmflags=rd wr mr mw me ac sd	pfn_sha=-	flags=-
13:16:24.611	map	0	77f369fed000-77f36a015000	r--p	/usr/lib/x86_64-linux-gnu/libc.so.6	pages=40	present=40	swapped=0	file_or_shared=40	exclusive=0	rss_kb=160	locked_kb=0	anon_kb=0	thp_kb=0	vmflags=rd mr mw me sd	pfn_sha=-	flags=-
13:16:24.611	map	0	77f36a015000-77f36a19e000	r-xp	/usr/lib/x86_64-linux-gnu/libc.so.6	pages=393	present=299	swapped=0	file_or_shared=299	exclusive=0	rss_kb=1196	locked_kb=0	anon_kb=0	thp_kb=0	vmflags=rd ex mr mw me sd	pfn_sha=-	flags=-
13:16:24.611	map	0	77f36a19e000-77f36a1ed000	r--p	/usr/lib/x86_64-linux-gnu/libc.so.6	pages=79	present=48	swapped=0	file_or_shared=48	exclusive=0	rss_kb=192	locked_kb=0	anon_kb=0	thp_kb=0	vmflags=rd mr mw me sd	pfn_sha=-	flags=-
13:16:24.611	map	0	77f36a1ed000-77f36a1f1000	r--p	/usr/lib/x86_64-linux-gnu/libc.so.6	pages=4	present=4	swapped=0	file_or_shared=0	exclusive=4	rss_kb=16	locked_kb=0	anon_kb=16	thp_kb=0	vmflags=rd mr mw me ac sd	pfn_sha=-	flags=-
13:16:24.611	map	0	77f36a1f1000-77f36a1f3000	rw-p	/usr/lib/x86_64-linux-gnu/libc.so.6	pages=2	present=2	swapped=0	file_or_shared=0	exclusive=2	rss_kb=8	locked_kb=0	anon_kb=8	thp_kb=0	vmflags=rd wr mr mw me ac sd	pfn_sha=-	flags=-
13:16:24.611	map	0	77f36a1f3000-77f36a200000	rw-p	[anon]	pages=13	present=5	swapped=0	file_or_shared=0	exclusive=5	rss_kb=20	locked_kb=0	anon_kb=20	thp_kb=0	vmflags=rd wr mr mw me ac sd	pfn_sha=-	flags=-
13:16:24.611	map	0	77f36a200000-77f36d59b000	r-xp	/usr/local/cuda-13.1/targets/x86_64-linux/lib/libcublas.so.13.2.2.2	pages=13211	present=304	swapped=0	file_or_shared=304	exclusive=304	rss_kb=1216	locked_kb=0	anon_kb=0	thp_kb=0	vmflags=rd ex mr mw me sd	pfn_sha=-	flags=-
13:16:24.611	map	0	77f36d59b000-77f36d79b000	---p	/usr/local/cuda-13.1/targets/x86_64-linux/lib/libcublas.so.13.2.2.2	pages=512	present=0	swapped=0	file_or_shared=0	exclusive=0	rss_kb=0	locked_kb=0	anon_kb=0	thp_kb=0	vmflags=mr mw me sd	pfn_sha=-	flags=-
13:16:24.611	map	0	77f36d79b000-77f36d7a7000	r--p	/usr/local/cuda-13.1/targets/x86_64-linux/lib/libcublas.so.13.2.2.2	pages=12	present=12	swapped=0	file_or_shared=1	exclusive=12	rss_kb=48	locked_kb=0	anon_kb=44	thp_kb=0	vmflags=rd mr mw me ac sd	pfn_sha=-	flags=-
13:16:24.611	map	0	77f36d7a7000-77f36d7ae000	rw-p	/usr/local/cuda-13.1/targets/x86_64-linux/lib/libcublas.so.13.2.2.2	pages=7	present=7	swapped=0	file_or_shared=0	exclusive=7	rss_kb=28	locked_kb=0	anon_kb=28	thp_kb=0	vmflags=rd wr mr mw me ac sd	pfn_sha=-	flags=-
13:16:24.611	map	0	77f36d7ae000-77f36d7d2000	rw-p	[anon]	pages=36	present=30	swapped=0	file_or_shared=0	exclusive=30	rss_kb=120	locked_kb=0	anon_kb=120	thp_kb=0	vmflags=rd wr mr mw me ac sd	pfn_sha=-	flags=-
13:16:24.611	map	0	77f36d7da000-77f36d800000	rw-p	[anon]	pages=38	present=6	swapped=0	file_or_shared=0	exclusive=6	rss_kb=24	locked_kb=0	anon_kb=24	thp_kb=0	vmflags=rd wr mr mw me ac sd	pfn_sha=-	flags=-
13:16:24.611	map	0	77f36d800000-77f3846ee000	r-xp	/usr/local/cuda-13.1/targets/x86_64-linux/lib/libcublasLt.so.13.2.2.2	pages=93934	present=12816	swapped=0	file_or_shared=12816	exclusive=12816	rss_kb=51264	locked_kb=0	anon_kb=0	thp_kb=0	vmflags=rd ex mr mw me sd	pfn_sha=-	flags=-
13:16:24.611	map	0	77f3846ee000-77f3848ee000	---p	/usr/local/cuda-13.1/targets/x86_64-linux/lib/libcublasLt.so.13.2.2.2	pages=512	present=0	swapped=0	file_or_shared=0	exclusive=0	rss_kb=0	locked_kb=0	anon_kb=0	thp_kb=0	vmflags=mr mw me sd	pfn_sha=-	flags=-
13:16:24.611	map	0	77f3848ee000-77f384ba4000	r--p	/usr/local/cuda-13.1/targets/x86_64-linux/lib/libcublasLt.so.13.2.2.2	pages=694	present=694	swapped=0	file_or_shared=20	exclusive=694	rss_kb=2776	locked_kb=0	anon_kb=2696	thp_kb=0	vmflags=rd mr mw me ac sd	pfn_sha=-	flags=-
13:16:24.611	map	0	77f384ba4000-77f385209000	rw-p	/usr/local/cuda-13.1/targets/x86_64-linux/lib/libcublasLt.so.13.2.2.2	pages=1637	present=194	swapped=0	file_or_shared=43	exclusive=194	rss_kb=776	locked_kb=0	anon_kb=604	thp_kb=0	vmflags=rd wr mr mw me ac sd	pfn_sha=-	flags=-
13:16:24.611	map	0	77f385209000-77f38a776000	rw-p	[anon]	pages=21869	present=21243	swapped=0	file_or_shared=0	exclusive=21243	rss_kb=84972	locked_kb=0	anon_kb=84972	thp_kb=0	vmflags=rd wr mr mw me ac sd	pfn_sha=-	flags=-
13:16:24.611	map	0	77f38a776000-77f38a975000	---p	/usr/local/cuda-13.1/targets/x86_64-linux/lib/libcublasLt.so.13.2.2.2	pages=511	present=0	swapped=0	file_or_shared=0	exclusive=0	rss_kb=0	locked_kb=0	anon_kb=0	thp_kb=0	vmflags=mr mw me sd	pfn_sha=-	flags=-
13:16:24.611	map	0	77f38a975000-77f38b3d8000	r--p	/usr/local/cuda-13.1/targets/x86_64-linux/lib/libcublasLt.so.13.2.2.2	pages=2659	present=1611	swapped=0	file_or_shared=1611	exclusive=1611	rss_kb=6444	locked_kb=0	anon_kb=0	thp_kb=0	vmflags=rd mr mw me sd	pfn_sha=-	flags=-
13:16:24.611	map	0	77f38b3d8000-77f38b5d7000	---p	/usr/local/cuda-13.1/targets/x86_64-linux/lib/libcublasLt.so.13.2.2.2	pages=511	present=0	swapped=0	file_or_shared=0	exclusive=0	rss_kb=0	locked_kb=0	anon_kb=0	thp_kb=0	vmflags=mr mw me sd	pfn_sha=-	flags=-
13:16:24.611	map	0	77f38b5d7000-77f391152000	rw-p	/usr/local/cuda-13.1/targets/x86_64-linux/lib/libcublasLt.so.13.2.2.2	pages=23419	present=346	swapped=0	file_or_shared=0	exclusive=346	rss_kb=1384	locked_kb=0	anon_kb=1384	thp_kb=0	vmflags=rd wr mr mw me ac sd	pfn_sha=-	flags=-
13:16:24.611	map	0	77f391160000-77f391182000	rw-p	[anon]	pages=34	present=3	swapped=0	file_or_shared=0	exclusive=3	rss_kb=12	locked_kb=0	anon_kb=12	thp_kb=0	vmflags=rd wr mr mw me ac sd	pfn_sha=-	flags=-
13:16:24.611	map	0	77f391182000-77f39121f000	r--p	/usr/lib/x86_64-linux-gnu/libstdc++.so.6.0.33	pages=157	present=157	swapped=0	file_or_shared=157	exclusive=157	rss_kb=628	locked_kb=0	anon_kb=0	thp_kb=0	vmflags=rd mr mw me sd	pfn_sha=-	flags=-
13:16:24.611	map	0	77f39121f000-77f391367000	r-xp	/usr/lib/x86_64-linux-gnu/libstdc++.so.6.0.33	pages=328	present=176	swapped=0	file_or_shared=176	exclusive=176	rss_kb=704	locked_kb=0	anon_kb=0	thp_kb=0	vmflags=rd ex mr mw me sd	pfn_sha=-	flags=-
13:16:24.611	map	0	77f391367000-77f3913ee000	r--p	/usr/lib/x86_64-linux-gnu/libstdc++.so.6.0.33	pages=135	present=16	swapped=0	file_or_shared=16	exclusive=16	rss_kb=64	locked_kb=0	anon_kb=0	thp_kb=0	vmflags=rd mr mw me sd	pfn_sha=-	flags=-
13:16:24.611	map	0	77f3913ee000-77f3913f9000	r--p	/usr/lib/x86_64-linux-gnu/libstdc++.so.6.0.33	pages=11	present=11	swapped=0	file_or_shared=0	exclusive=11	rss_kb=44	locked_kb=0	anon_kb=44	thp_kb=0	vmflags=rd mr mw me ac sd	pfn_sha=-	flags=-
13:16:24.611	map	0	77f3913f9000-77f3913fc000	rw-p	/usr/lib/x86_64-linux-gnu/libstdc++.so.6.0.33	pages=3	present=3	swapped=0	file_or_shared=0	exclusive=3	rss_kb=12	locked_kb=0	anon_kb=12	thp_kb=0	vmflags=rd wr mr mw me ac sd	pfn_sha=-	flags=-
13:16:24.611	map	0	77f3913fc000-77f391400000	rw-p	[anon]	pages=4	present=3	swapped=0	file_or_shared=0	exclusive=3	rss_kb=12	locked_kb=0	anon_kb=12	thp_kb=0	vmflags=rd wr mr mw me ac sd	pfn_sha=-	flags=-
13:16:24.611	map	0	77f391400000-77f3914b3000	r-xp	/usr/local/cuda-13.1/targets/x86_64-linux/lib/libcudart.so.13.1.80	pages=179	present=64	swapped=0	file_or_shared=64	exclusive=64	rss_kb=256	locked_kb=0	anon_kb=0	thp_kb=0	vmflags=rd ex mr mw me sd	pfn_sha=-	flags=-
13:16:24.611	map	0	77f3914b3000-77f3916b3000	---p	/usr/local/cuda-13.1/targets/x86_64-linux/lib/libcudart.so.13.1.80	pages=512	present=0	swapped=0	file_or_shared=0	exclusive=0	rss_kb=0	locked_kb=0	anon_kb=0	thp_kb=0	vmflags=mr mw me sd	pfn_sha=-	flags=-
13:16:24.611	map	0	77f3916b3000-77f3916b8000	r--p	/usr/local/cuda-13.1/targets/x86_64-linux/lib/libcudart.so.13.1.80	pages=5	present=5	swapped=0	file_or_shared=0	exclusive=5	rss_kb=20	locked_kb=0	anon_kb=20	thp_kb=0	vmflags=rd mr mw me ac sd	pfn_sha=-	flags=-
13:16:24.611	map	0	77f3916b8000-77f3916b9000	rw-p	/usr/local/cuda-13.1/targets/x86_64-linux/lib/libcudart.so.13.1.80	pages=1	present=1	swapped=0	file_or_shared=0	exclusive=1	rss_kb=4	locked_kb=0	anon_kb=4	thp_kb=0	vmflags=rd wr mr mw me ac sd	pfn_sha=-	flags=-
13:16:24.611	map	0	77f3916b9000-77f3916bb000	rw-p	[anon]	pages=2	present=2	swapped=0	file_or_shared=0	exclusive=1	rss_kb=4	locked_kb=0	anon_kb=4	thp_kb=0	vmflags=rd wr mr mw me ac sd	pfn_sha=-	flags=-
13:16:24.611	map	0	77f3916d6000-77f3916e6000	-w-s	/dev/nvidia0	pages=16	present=0	swapped=0	file_or_shared=0	exclusive=0	rss_kb=0	locked_kb=0	anon_kb=0	thp_kb=0	vmflags=wr sh mr mw me ms pf io de ar dd sd	pfn_sha=-	flags=-
13:16:24.611	map	0	77f3916e6000-77f3916f6000	-w-s	/dev/nvidia0	pages=16	present=0	swapped=0	file_or_shared=0	exclusive=0	rss_kb=0	locked_kb=0	anon_kb=0	thp_kb=0	vmflags=wr sh mr mw me ms pf io de ar dd sd	pfn_sha=-	flags=-
13:16:24.611	map	0	77f3916f6000-77f391747000	rw-p	[anon]	pages=81	present=79	swapped=0	file_or_shared=0	exclusive=79	rss_kb=316	locked_kb=0	anon_kb=316	thp_kb=0	vmflags=rd wr mr mw me ac sd	pfn_sha=-	flags=-
13:16:24.611	map	0	77f391747000-77f391748000	r--p	/usr/lib/x86_64-linux-gnu/librt.so.1	pages=1	present=1	swapped=0	file_or_shared=1	exclusive=0	rss_kb=4	locked_kb=0	anon_kb=0	thp_kb=0	vmflags=rd mr mw me sd	pfn_sha=-	flags=-
13:16:24.611	map	0	77f391748000-77f391749000	r-xp	/usr/lib/x86_64-linux-gnu/librt.so.1	pages=1	present=1	swapped=0	file_or_shared=1	exclusive=0	rss_kb=4	locked_kb=0	anon_kb=0	thp_kb=0	vmflags=rd ex mr mw me sd	pfn_sha=-	flags=-
13:16:24.611	map	0	77f391749000-77f39174a000	r--p	/usr/lib/x86_64-linux-gnu/librt.so.1	pages=1	present=0	swapped=0	file_or_shared=0	exclusive=0	rss_kb=0	locked_kb=0	anon_kb=0	thp_kb=0	vmflags=rd mr mw me sd	pfn_sha=-	flags=-
13:16:24.611	map	0	77f39174a000-77f39174b000	r--p	/usr/lib/x86_64-linux-gnu/librt.so.1	pages=1	present=1	swapped=0	file_or_shared=0	exclusive=1	rss_kb=4	locked_kb=0	anon_kb=4	thp_kb=0	vmflags=rd mr mw me ac sd	pfn_sha=-	flags=-
13:16:24.611	map	0	77f39174b000-77f39174c000	rw-p	/usr/lib/x86_64-linux-gnu/librt.so.1	pages=1	present=1	swapped=0	file_or_shared=0	exclusive=1	rss_kb=4	locked_kb=0	anon_kb=4	thp_kb=0	vmflags=rd wr mr mw me ac sd	pfn_sha=-	flags=-
13:16:24.611	map	0	77f39174c000-77f39174d000	r--p	/usr/lib/x86_64-linux-gnu/libpthread.so.0	pages=1	present=1	swapped=0	file_or_shared=1	exclusive=0	rss_kb=4	locked_kb=0	anon_kb=0	thp_kb=0	vmflags=rd mr mw me sd	pfn_sha=-	flags=-
13:16:24.611	map	0	77f39174d000-77f39174e000	r-xp	/usr/lib/x86_64-linux-gnu/libpthread.so.0	pages=1	present=1	swapped=0	file_or_shared=1	exclusive=0	rss_kb=4	locked_kb=0	anon_kb=0	thp_kb=0	vmflags=rd ex mr mw me sd	pfn_sha=-	flags=-
13:16:24.611	map	0	77f39174e000-77f39174f000	r--p	/usr/lib/x86_64-linux-gnu/libpthread.so.0	pages=1	present=0	swapped=0	file_or_shared=0	exclusive=0	rss_kb=0	locked_kb=0	anon_kb=0	thp_kb=0	vmflags=rd mr mw me sd	pfn_sha=-	flags=-
13:16:24.611	map	0	77f39174f000-77f391750000	r--p	/usr/lib/x86_64-linux-gnu/libpthread.so.0	pages=1	present=1	swapped=0	file_or_shared=0	exclusive=1	rss_kb=4	locked_kb=0	anon_kb=4	thp_kb=0	vmflags=rd mr mw me ac sd	pfn_sha=-	flags=-
13:16:24.611	map	0	77f391750000-77f391751000	rw-p	/usr/lib/x86_64-linux-gnu/libpthread.so.0	pages=1	present=1	swapped=0	file_or_shared=0	exclusive=1	rss_kb=4	locked_kb=0	anon_kb=4	thp_kb=0	vmflags=rd wr mr mw me ac sd	pfn_sha=-	flags=-
13:16:24.611	map	0	77f391751000-77f391752000	r--p	/usr/lib/x86_64-linux-gnu/libdl.so.2	pages=1	present=1	swapped=0	file_or_shared=1	exclusive=0	rss_kb=4	locked_kb=0	anon_kb=0	thp_kb=0	vmflags=rd mr mw me sd	pfn_sha=-	flags=-
13:16:24.611	map	0	77f391752000-77f391753000	r-xp	/usr/lib/x86_64-linux-gnu/libdl.so.2	pages=1	present=1	swapped=0	file_or_shared=1	exclusive=0	rss_kb=4	locked_kb=0	anon_kb=0	thp_kb=0	vmflags=rd ex mr mw me sd	pfn_sha=-	flags=-
13:16:24.611	map	0	77f391753000-77f391754000	r--p	/usr/lib/x86_64-linux-gnu/libdl.so.2	pages=1	present=0	swapped=0	file_or_shared=0	exclusive=0	rss_kb=0	locked_kb=0	anon_kb=0	thp_kb=0	vmflags=rd mr mw me sd	pfn_sha=-	flags=-
13:16:24.611	map	0	77f391754000-77f391755000	r--p	/usr/lib/x86_64-linux-gnu/libdl.so.2	pages=1	present=1	swapped=0	file_or_shared=0	exclusive=1	rss_kb=4	locked_kb=0	anon_kb=4	thp_kb=0	vmflags=rd mr mw me ac sd	pfn_sha=-	flags=-
13:16:24.611	map	0	77f391755000-77f391756000	rw-p	/usr/lib/x86_64-linux-gnu/libdl.so.2	pages=1	present=1	swapped=0	file_or_shared=0	exclusive=1	rss_kb=4	locked_kb=0	anon_kb=4	thp_kb=0	vmflags=rd wr mr mw me ac sd	pfn_sha=-	flags=-
13:16:24.611	map	0	77f391756000-77f391766000	r--p	/usr/lib/x86_64-linux-gnu/libm.so.6	pages=16	present=16	swapped=0	file_or_shared=16	exclusive=0	rss_kb=64	locked_kb=0	anon_kb=0	thp_kb=0	vmflags=rd mr mw me sd	pfn_sha=-	flags=-
13:16:24.611	map	0	77f391766000-77f3917e5000	r-xp	/usr/lib/x86_64-linux-gnu/libm.so.6	pages=127	present=74	swapped=0	file_or_shared=74	exclusive=3	rss_kb=296	locked_kb=0	anon_kb=0	thp_kb=0	vmflags=rd ex mr mw me sd	pfn_sha=-	flags=-
13:16:24.611	map	0	77f3917e5000-77f39183d000	r--p	/usr/lib/x86_64-linux-gnu/libm.so.6	pages=88	present=32	swapped=0	file_or_shared=32	exclusive=0	rss_kb=128	locked_kb=0	anon_kb=0	thp_kb=0	vmflags=rd mr mw me sd	pfn_sha=-	flags=-
13:16:24.611	map	0	77f39183d000-77f39183e000	r--p	/usr/lib/x86_64-linux-gnu/libm.so.6	pages=1	present=1	swapped=0	file_or_shared=0	exclusive=1	rss_kb=4	locked_kb=0	anon_kb=4	thp_kb=0	vmflags=rd mr mw me ac sd	pfn_sha=-	flags=-
13:16:24.611	map	0	77f39183e000-77f39183f000	rw-p	/usr/lib/x86_64-linux-gnu/libm.so.6	pages=1	present=1	swapped=0	file_or_shared=0	exclusive=1	rss_kb=4	locked_kb=0	anon_kb=4	thp_kb=0	vmflags=rd wr mr mw me ac sd	pfn_sha=-	flags=-
13:16:24.611	map	0	77f39183f000-77f391841000	rw-p	[anon]	pages=2	present=2	swapped=0	file_or_shared=0	exclusive=2	rss_kb=8	locked_kb=0	anon_kb=8	thp_kb=0	vmflags=rd wr mr mw me ac sd	pfn_sha=-	flags=-
13:16:24.611	map	0	77f391841000-77f391845000	r--p	/usr/lib/x86_64-linux-gnu/libgcc_s.so.1	pages=4	present=4	swapped=0	file_or_shared=4	exclusive=4	rss_kb=16	locked_kb=0	anon_kb=0	thp_kb=0	vmflags=rd mr mw me sd	pfn_sha=-	flags=-
13:16:24.611	map	0	77f391845000-77f391869000	r-xp	/usr/lib/x86_64-linux-gnu/libgcc_s.so.1	pages=36	present=16	swapped=0	file_or_shared=16	exclusive=16	rss_kb=64	locked_kb=0	anon_kb=0	thp_kb=0	vmflags=rd ex mr mw me sd	pfn_sha=-	flags=-
13:16:24.611	map	0	77f391869000-77f39186d000	r--p	/usr/lib/x86_64-linux-gnu/libgcc_s.so.1	pages=4	present=4	swapped=0	file_or_shared=4	exclusive=4	rss_kb=16	locked_kb=0	anon_kb=0	thp_kb=0	vmflags=rd mr mw me sd	pfn_sha=-	flags=-
13:16:24.611	map	0	77f39186d000-77f39186e000	r--p	/usr/lib/x86_64-linux-gnu/libgcc_s.so.1	pages=1	present=1	swapped=0	file_or_shared=0	exclusive=1	rss_kb=4	locked_kb=0	anon_kb=4	thp_kb=0	vmflags=rd mr mw me ac sd	pfn_sha=-	flags=-
13:16:24.611	map	0	77f39186e000-77f39186f000	rw-p	/usr/lib/x86_64-linux-gnu/libgcc_s.so.1	pages=1	present=1	swapped=0	file_or_shared=0	exclusive=1	rss_kb=4	locked_kb=0	anon_kb=4	thp_kb=0	vmflags=rd wr mr mw me ac sd	pfn_sha=-	flags=-
13:16:24.611	map	0	77f391871000-77f391872000	r--s	/dev/nvidiactl	pages=1	present=1	swapped=0	file_or_shared=1	exclusive=0	rss_kb=4	locked_kb=0	anon_kb=0	thp_kb=0	vmflags=rd sh mr me ms de dd sd mm	pfn_sha=-	flags=-
13:16:24.611	map	0	77f391872000-77f391873000	---p	[anon]	pages=1	present=0	swapped=0	file_or_shared=0	exclusive=0	rss_kb=0	locked_kb=0	anon_kb=0	thp_kb=0	vmflags=mr mw me sd nh	pfn_sha=-	flags=-
13:16:24.611	map	0	77f391873000-77f391875000	rw-p	[anon]	pages=2	present=0	swapped=0	file_or_shared=0	exclusive=0	rss_kb=0	locked_kb=0	anon_kb=0	thp_kb=0	vmflags=rd wr mr mw me ac sd nh	pfn_sha=-	flags=-
13:16:24.611	map	0	77f391875000-77f391877000	rw-p	[anon]	pages=2	present=2	swapped=0	file_or_shared=0	exclusive=2	rss_kb=8	locked_kb=0	anon_kb=8	thp_kb=0	vmflags=rd wr mr mw me ac sd	pfn_sha=-	flags=-
13:16:24.611	map	0	77f391877000-77f391878000	r--p	/usr/lib/x86_64-linux-gnu/ld-linux-x86-64.so.2	pages=1	present=1	swapped=0	file_or_shared=1	exclusive=0	rss_kb=4	locked_kb=0	anon_kb=0	thp_kb=0	vmflags=rd mr mw me sd	pfn_sha=-	flags=-
13:16:24.611	map	0	77f391878000-77f3918a3000	r-xp	/usr/lib/x86_64-linux-gnu/ld-linux-x86-64.so.2	pages=43	present=43	swapped=0	file_or_shared=43	exclusive=0	rss_kb=172	locked_kb=0	anon_kb=0	thp_kb=0	vmflags=rd ex mr mw me sd	pfn_sha=-	flags=-
13:16:24.611	map	0	77f3918a3000-77f3918ad000	r--p	/usr/lib/x86_64-linux-gnu/ld-linux-x86-64.so.2	pages=10	present=10	swapped=0	file_or_shared=10	exclusive=0	rss_kb=40	locked_kb=0	anon_kb=0	thp_kb=0	vmflags=rd mr mw me sd	pfn_sha=-	flags=-
13:16:24.611	map	0	77f3918ad000-77f3918af000	r--p	/usr/lib/x86_64-linux-gnu/ld-linux-x86-64.so.2	pages=2	present=2	swapped=0	file_or_shared=0	exclusive=2	rss_kb=8	locked_kb=0	anon_kb=8	thp_kb=0	vmflags=rd mr mw me ac sd	pfn_sha=-	flags=-
13:16:24.611	map	0	77f3918af000-77f3918b1000	rw-p	/usr/lib/x86_64-linux-gnu/ld-linux-x86-64.so.2	pages=2	present=2	swapped=0	file_or_shared=0	exclusive=2	rss_kb=8	locked_kb=0	anon_kb=8	thp_kb=0	vmflags=rd wr mr mw me ac sd	pfn_sha=-	flags=-
13:16:24.611	map	0	7fffbe09f000-7fffbe0d6000	rw-p	[stack]	pages=55	present=55	swapped=0	file_or_shared=0	exclusive=55	rss_kb=220	locked_kb=0	anon_kb=220	thp_kb=0	vmflags=rd wr mr mw me gd ac	pfn_sha=-	flags=-
13:16:24.611	map	0	7fffbe14f000-7fffbe153000	r--p	[vvar]	pages=4	present=0	swapped=0	file_or_shared=0	exclusive=0	rss_kb=0	locked_kb=0	anon_kb=0	thp_kb=0	vmflags=rd mr pf io de dd sd	pfn_sha=-	flags=-
13:16:24.611	map	0	7fffbe153000-7fffbe155000	r-xp	[vdso]	pages=2	present=1	swapped=0	file_or_shared=1	exclusive=0	rss_kb=4	locked_kb=0	anon_kb=0	thp_kb=0	vmflags=rd ex mr mw me de sd	pfn_sha=-	flags=-
13:16:24.611	map	0	ffffffffff600000-ffffffffff601000	--xp	[vsyscall]	pages=1	present=0	swapped=0	file_or_shared=0	exclusive=0	rss_kb=0	locked_kb=0	anon_kb=0	thp_kb=0	vmflags=ex	pfn_sha=-	flags=-
13:16:25.571	pass	1	mappings=394	mappings_with_pfns=0
13:16:25.571	map	1	200000000-200600000	---p	[anon]	pages=1536	present=0	swapped=0	file_or_shared=0	exclusive=0	rss_kb=0	locked_kb=0	anon_kb=0	thp_kb=0	vmflags=mr mw me sd	pfn_sha=-	flags=-
13:16:25.571	map	1	200600000-200800000	rw-s	/dev/nvidia0	pages=512	present=0	swapped=0	file_or_shared=0	exclusive=0	rss_kb=0	locked_kb=0	anon_kb=0	thp_kb=0	vmflags=rd wr sh mr mw me ms pf io de ar dd sd	pfn_sha=-	flags=-
13:16:25.571	map	1	200800000-203000000	rw-s	/dev/nvidiactl	pages=10240	present=10240	swapped=0	file_or_shared=10240	exclusive=10240	rss_kb=40960	locked_kb=0	anon_kb=0	thp_kb=0	vmflags=rd wr sh mr mw me ms de dd sd mm	pfn_sha=-	flags=-
13:16:25.571	map	1	203000000-206c00000	---p	[anon]	pages=15360	present=0	swapped=0	file_or_shared=0	exclusive=0	rss_kb=0	locked_kb=0	anon_kb=0	thp_kb=0	vmflags=mr mw me sd	pfn_sha=-	flags=-
13:16:25.571	map	1	206c00000-206e00000	rw-s	/dev/nvidiactl	pages=512	present=512	swapped=0	file_or_shared=512	exclusive=512	rss_kb=2048	locked_kb=0	anon_kb=0	thp_kb=0	vmflags=rd wr sh mr mw me ms de dd sd mm	pfn_sha=-	flags=-
13:16:25.571	map	1	206e00000-207000000	rw-s	/dev/nvidiactl	pages=512	present=512	swapped=0	file_or_shared=512	exclusive=512	rss_kb=2048	locked_kb=0	anon_kb=0	thp_kb=0	vmflags=rd wr sh mr mw me ms de dd sd mm	pfn_sha=-	flags=-
13:16:25.571	map	1	207000000-207200000	rw-s	/dev/nvidia-uvm	pages=512	present=512	swapped=0	file_or_shared=512	exclusive=512	rss_kb=2048	locked_kb=0	anon_kb=0	thp_kb=0	vmflags=rd wr sh mr mw me ms dc de sd mm	pfn_sha=-	flags=-
13:16:25.571	map	1	207200000-207a00000	---p	[anon]	pages=2048	present=0	swapped=0	file_or_shared=0	exclusive=0	rss_kb=0	locked_kb=0	anon_kb=0	thp_kb=0	vmflags=mr mw me sd	pfn_sha=-	flags=-
13:16:25.571	map	1	207a00000-207c00000	rw-s	/dev/nvidiactl	pages=512	present=512	swapped=0	file_or_shared=512	exclusive=512	rss_kb=2048	locked_kb=0	anon_kb=0	thp_kb=0	vmflags=rd wr sh mr mw me ms de dd sd mm	pfn_sha=-	flags=-
13:16:25.571	map	1	207c00000-300200000	---p	[anon]	pages=1017344	present=0	swapped=0	file_or_shared=0	exclusive=0	rss_kb=0	locked_kb=0	anon_kb=0	thp_kb=0	vmflags=mr mw me sd	pfn_sha=-	flags=-
13:16:25.571	map	1	302000000-327e000000	---p	[anon]	pages=49790976	present=0	swapped=0	file_or_shared=0	exclusive=0	rss_kb=0	locked_kb=0	anon_kb=0	thp_kb=0	vmflags=mr mw me sd	pfn_sha=-	flags=-
13:16:25.571	map	1	10000000000-10004000000	---p	[anon]	pages=16384	present=0	swapped=0	file_or_shared=0	exclusive=0	rss_kb=0	locked_kb=0	anon_kb=0	thp_kb=0	vmflags=mr mw me sd	pfn_sha=-	flags=-
13:16:25.571	map	1	5873435b4000-587345cc3000	r--p	/root/spill-receipts/c-day78-box34-285k/bins/run-gen-p78	pages=9999	present=4348	swapped=0	file_or_shared=4348	exclusive=4348	rss_kb=17392	locked_kb=0	anon_kb=0	thp_kb=0	vmflags=rd mr mw me sd	pfn_sha=-	flags=-
13:16:25.571	map	1	587345cc3000-58734654f000	r-xp	/root/spill-receipts/c-day78-box34-285k/bins/run-gen-p78	pages=2188	present=1596	swapped=0	file_or_shared=1596	exclusive=1596	rss_kb=6384	locked_kb=0	anon_kb=0	thp_kb=0	vmflags=rd ex mr mw me sd	pfn_sha=-	flags=-
13:16:25.571	map	1	58734654f000-5873465ad000	r--p	/root/spill-receipts/c-day78-box34-285k/bins/run-gen-p78	pages=94	present=94	swapped=0	file_or_shared=0	exclusive=94	rss_kb=376	locked_kb=0	anon_kb=376	thp_kb=0	vmflags=rd mr mw me ac sd	pfn_sha=-	flags=-
13:16:25.571	map	1	5873465ad000-5873465b1000	rw-p	/root/spill-receipts/c-day78-box34-285k/bins/run-gen-p78	pages=4	present=4	swapped=0	file_or_shared=0	exclusive=4	rss_kb=16	locked_kb=0	anon_kb=16	thp_kb=0	vmflags=rd wr mr mw me ac sd	pfn_sha=-	flags=-
13:16:25.571	map	1	5873465b1000-5873465b9000	rw-p	[anon]	pages=8	present=7	swapped=0	file_or_shared=0	exclusive=7	rss_kb=28	locked_kb=0	anon_kb=28	thp_kb=0	vmflags=rd wr mr mw me ac sd	pfn_sha=-	flags=-
13:16:25.571	map	1	58734a5a1000-58735300c000	rw-p	[heap]	pages=35435	present=26449	swapped=0	file_or_shared=0	exclusive=26445	rss_kb=105780	locked_kb=0	anon_kb=105780	thp_kb=0	vmflags=rd wr mr mw me ac sd	pfn_sha=-	flags=-
13:16:25.571	map	1	77e899fff000-77e8aa000000	rw-p	[anon]	pages=65537	present=65537	swapped=0	file_or_shared=0	exclusive=65537	rss_kb=232348	locked_kb=0	anon_kb=232348	thp_kb=0	vmflags=rd wr mr mw me ac sd	pfn_sha=-	flags=-
13:16:25.571	map	1	77e8aa000000-77e8b7200000	rw-s	/dev/nvidiactl	pages=53760	present=53760	swapped=0	file_or_shared=53760	exclusive=53760	rss_kb=215040	locked_kb=0	anon_kb=0	thp_kb=0	vmflags=rd wr sh mr mw me ms de dd sd mm	pfn_sha=-	flags=-
13:16:25.571	map	1	77e8b7200000-77e8b7400000	rw-s	/dev/zero (deleted)	pages=512	present=512	swapped=0	file_or_shared=512	exclusive=512	rss_kb=2048	locked_kb=0	anon_kb=0	thp_kb=0	vmflags=rd wr sh mr mw me ms sd	pfn_sha=-	flags=-
13:16:25.571	map	1	77e8b7400000-77e8b8000000	---p	[anon]	pages=3072	present=0	swapped=0	file_or_shared=0	exclusive=0	rss_kb=0	locked_kb=0	anon_kb=0	thp_kb=0	vmflags=mr mw me sd	pfn_sha=-	flags=-
13:16:25.571	map	1	77e8b8000000-77e8c0800000	rw-s	/dev/nvidiactl	pages=34816	present=34816	swapped=0	file_or_shared=34816	exclusive=34816	rss_kb=139264	locked_kb=0	anon_kb=0	thp_kb=0	vmflags=rd wr sh mr mw me ms de dd sd mm	pfn_sha=-	flags=-
13:16:25.571	map	1	77e8c0800000-77e8c2000000	---p	[anon]	pages=6144	present=0	swapped=0	file_or_shared=0	exclusive=0	rss_kb=0	locked_kb=0	anon_kb=0	thp_kb=0	vmflags=mr mw me sd	pfn_sha=-	flags=-
13:16:25.571	map	1	77e8c2000000-77e8ca800000	rw-s	/dev/nvidiactl	pages=34816	present=34816	swapped=0	file_or_shared=34816	exclusive=34816	rss_kb=139264	locked_kb=0	anon_kb=0	thp_kb=0	vmflags=rd wr sh mr mw me ms de dd sd mm	pfn_sha=-	flags=-
13:16:25.571	map	1	77e8ca800000-77e8cc000000	---p	[anon]	pages=6144	present=0	swapped=0	file_or_shared=0	exclusive=0	rss_kb=0	locked_kb=0	anon_kb=0	thp_kb=0	vmflags=mr mw me sd	pfn_sha=-	flags=-
13:16:25.571	map	1	77e8cc000000-77e8d9200000	rw-s	/dev/nvidiactl	pages=53760	present=53760	swapped=0	file_or_shared=53760	exclusive=53760	rss_kb=215040	locked_kb=0	anon_kb=0	thp_kb=0	vmflags=rd wr sh mr mw me ms de dd sd mm	pfn_sha=-	flags=-
13:16:25.571	map	1	77e8d9200000-77e8da000000	---p	[anon]	pages=3584	present=0	swapped=0	file_or_shared=0	exclusive=0	rss_kb=0	locked_kb=0	anon_kb=0	thp_kb=0	vmflags=mr mw me sd	pfn_sha=-	flags=-
13:16:25.571	map	1	77e8da000000-77e8e0e00000	rw-s	/dev/nvidiactl	pages=28160	present=28160	swapped=0	file_or_shared=28160	exclusive=28160	rss_kb=112640	locked_kb=0	anon_kb=0	thp_kb=0	vmflags=rd wr sh mr mw me ms de dd sd mm	pfn_sha=-	flags=-
13:16:25.571	map	1	77e8e0e00000-77e8e2000000	---p	[anon]	pages=4608	present=0	swapped=0	file_or_shared=0	exclusive=0	rss_kb=0	locked_kb=0	anon_kb=0	thp_kb=0	vmflags=mr mw me sd	pfn_sha=-	flags=-
13:16:25.571	map	1	77e8e2000000-77e8e8e00000	rw-s	/dev/nvidiactl	pages=28160	present=28160	swapped=0	file_or_shared=28160	exclusive=28160	rss_kb=112640	locked_kb=0	anon_kb=0	thp_kb=0	vmflags=rd wr sh mr mw me ms de dd sd mm	pfn_sha=-	flags=-
13:16:25.571	map	1	77e8e8e00000-77e8ea000000	---p	[anon]	pages=4608	present=0	swapped=0	file_or_shared=0	exclusive=0	rss_kb=0	locked_kb=0	anon_kb=0	thp_kb=0	vmflags=mr mw me sd	pfn_sha=-	flags=-
13:16:25.571	map	1	77e8ea000000-77e8f2800000	rw-s	/dev/nvidiactl	pages=34816	present=34816	swapped=0	file_or_shared=34816	exclusive=34816	rss_kb=139264	locked_kb=0	anon_kb=0	thp_kb=0	vmflags=rd wr sh mr mw me ms de dd sd mm	pfn_sha=-	flags=-
13:16:25.571	map	1	77e8f2800000-77e8f4000000	---p	[anon]	pages=6144	present=0	swapped=0	file_or_shared=0	exclusive=0	rss_kb=0	locked_kb=0	anon_kb=0	thp_kb=0	vmflags=mr mw me sd	pfn_sha=-	flags=-
13:16:25.571	map	1	77e8f4000000-77e8fae00000	rw-s	/dev/nvidiactl	pages=28160	present=28160	swapped=0	file_or_shared=28160	exclusive=28160	rss_kb=112640	locked_kb=0	anon_kb=0	thp_kb=0	vmflags=rd wr sh mr mw me ms de dd sd mm	pfn_sha=-	flags=-
13:16:25.571	map	1	77e8fae00000-77e8fc000000	---p	[anon]	pages=4608	present=0	swapped=0	file_or_shared=0	exclusive=0	rss_kb=0	locked_kb=0	anon_kb=0	thp_kb=0	vmflags=mr mw me sd	pfn_sha=-	flags=-
13:16:25.571	map	1	77e8fc000000-77e902e00000	rw-s	/dev/nvidiactl	pages=28160	present=28160	swapped=0	file_or_shared=28160	exclusive=28160	rss_kb=112640	locked_kb=0	anon_kb=0	thp_kb=0	vmflags=rd wr sh mr mw me ms de dd sd mm	pfn_sha=-	flags=-
13:16:25.571	map	1	77e902e00000-77e904000000	---p	[anon]	pages=4608	present=0	swapped=0	file_or_shared=0	exclusive=0	rss_kb=0	locked_kb=0	anon_kb=0	thp_kb=0	vmflags=mr mw me sd	pfn_sha=-	flags=-
13:16:25.571	map	1	77e904000000-77e90c800000	rw-s	/dev/nvidiactl	pages=34816	present=34816	swapped=0	file_or_shared=34816	exclusive=34816	rss_kb=139264	locked_kb=0	anon_kb=0	thp_kb=0	vmflags=rd wr sh mr mw me ms de dd sd mm	pfn_sha=-	flags=-
13:16:25.571	map	1	77e90c800000-77e90e000000	---p	[anon]	pages=6144	present=0	swapped=0	file_or_shared=0	exclusive=0	rss_kb=0	locked_kb=0	anon_kb=0	thp_kb=0	vmflags=mr mw me sd	pfn_sha=-	flags=-
13:16:25.571	map	1	77e90e000000-77e914e00000	rw-s	/dev/nvidiactl	pages=28160	present=28160	swapped=0	file_or_shared=28160	exclusive=28160	rss_kb=112640	locked_kb=0	anon_kb=0	thp_kb=0	vmflags=rd wr sh mr mw me ms de dd sd mm	pfn_sha=-	flags=-
13:16:25.571	map	1	77e914e00000-77e916000000	---p	[anon]	pages=4608	present=0	swapped=0	file_or_shared=0	exclusive=0	rss_kb=0	locked_kb=0	anon_kb=0	thp_kb=0	vmflags=mr mw me sd	pfn_sha=-	flags=-
13:16:25.571	map	1	77e916000000-77e91ce00000	rw-s	/dev/nvidiactl	pages=28160	present=28160	swapped=0	file_or_shared=28160	exclusive=28160	rss_kb=112640	locked_kb=0	anon_kb=0	thp_kb=0	vmflags=rd wr sh mr mw me ms de dd sd mm	pfn_sha=-	flags=-
13:16:25.571	map	1	77e91ce00000-77e91e000000	---p	[anon]	pages=4608	present=0	swapped=0	file_or_shared=0	exclusive=0	rss_kb=0	locked_kb=0	anon_kb=0	thp_kb=0	vmflags=mr mw me sd	pfn_sha=-	flags=-
13:16:25.571	map	1	77e91e000000-77e926800000	rw-s	/dev/nvidiactl	pages=34816	present=34816	swapped=0	file_or_shared=34816	exclusive=34816	rss_kb=139264	locked_kb=0	anon_kb=0	thp_kb=0	vmflags=rd wr sh mr mw me ms de dd sd mm	pfn_sha=-	flags=-
13:16:25.571	map	1	77e926800000-77e928000000	---p	[anon]	pages=6144	present=0	swapped=0	file_or_shared=0	exclusive=0	rss_kb=0	locked_kb=0	anon_kb=0	thp_kb=0	vmflags=mr mw me sd	pfn_sha=-	flags=-
13:16:25.571	map	1	77e928000000-77e92ee00000	rw-s	/dev/nvidiactl	pages=28160	present=28160	swapped=0	file_or_shared=28160	exclusive=28160	rss_kb=112640	locked_kb=0	anon_kb=0	thp_kb=0	vmflags=rd wr sh mr mw me ms de dd sd mm	pfn_sha=-	flags=-
13:16:25.571	map	1	77e92ee00000-77e930000000	---p	[anon]	pages=4608	present=0	swapped=0	file_or_shared=0	exclusive=0	rss_kb=0	locked_kb=0	anon_kb=0	thp_kb=0	vmflags=mr mw me sd	pfn_sha=-	flags=-
13:16:25.571	map	1	77e930000000-77e936e00000	rw-s	/dev/nvidiactl	pages=28160	present=28160	swapped=0	file_or_shared=28160	exclusive=28160	rss_kb=112640	locked_kb=0	anon_kb=0	thp_kb=0	vmflags=rd wr sh mr mw me ms de dd sd mm	pfn_sha=-	flags=-
13:16:25.571	map	1	77e936e00000-77e938000000	---p	[anon]	pages=4608	present=0	swapped=0	file_or_shared=0	exclusive=0	rss_kb=0	locked_kb=0	anon_kb=0	thp_kb=0	vmflags=mr mw me sd	pfn_sha=-	flags=-
13:16:25.571	map	1	77e938000000-77e945200000	rw-s	/dev/nvidiactl	pages=53760	present=53760	swapped=0	file_or_shared=53760	exclusive=53760	rss_kb=215040	locked_kb=0	anon_kb=0	thp_kb=0	vmflags=rd wr sh mr mw me ms de dd sd mm	pfn_sha=-	flags=-
13:16:25.571	map	1	77e945200000-77e946000000	---p	[anon]	pages=3584	present=0	swapped=0	file_or_shared=0	exclusive=0	rss_kb=0	locked_kb=0	anon_kb=0	thp_kb=0	vmflags=mr mw me sd	pfn_sha=-	flags=-
13:16:25.571	map	1	77e946000000-77e94ce00000	rw-s	/dev/nvidiactl	pages=28160	present=28160	swapped=0	file_or_shared=28160	exclusive=28160	rss_kb=112640	locked_kb=0	anon_kb=0	thp_kb=0	vmflags=rd wr sh mr mw me ms de dd sd mm	pfn_sha=-	flags=-
13:16:25.571	map	1	77e94ce00000-77e94e000000	---p	[anon]	pages=4608	present=0	swapped=0	file_or_shared=0	exclusive=0	rss_kb=0	locked_kb=0	anon_kb=0	thp_kb=0	vmflags=mr mw me sd	pfn_sha=-	flags=-
13:16:25.571	map	1	77e94e000000-77e954e00000	rw-s	/dev/nvidiactl	pages=28160	present=28160	swapped=0	file_or_shared=28160	exclusive=28160	rss_kb=112640	locked_kb=0	anon_kb=0	thp_kb=0	vmflags=rd wr sh mr mw me ms de dd sd mm	pfn_sha=-	flags=-
13:16:25.571	map	1	77e954e00000-77e956000000	---p	[anon]	pages=4608	present=0	swapped=0	file_or_shared=0	exclusive=0	rss_kb=0	locked_kb=0	anon_kb=0	thp_kb=0	vmflags=mr mw me sd	pfn_sha=-	flags=-
13:16:25.571	map	1	77e956000000-77e95e800000	rw-s	/dev/nvidiactl	pages=34816	present=34816	swapped=0	file_or_shared=34816	exclusive=34816	rss_kb=139264	locked_kb=0	anon_kb=0	thp_kb=0	vmflags=rd wr sh mr mw me ms de dd sd mm	pfn_sha=-	flags=-
13:16:25.571	map	1	77e95e800000-77e960000000	---p	[anon]	pages=6144	present=0	swapped=0	file_or_shared=0	exclusive=0	rss_kb=0	locked_kb=0	anon_kb=0	thp_kb=0	vmflags=mr mw me sd	pfn_sha=-	flags=-
13:16:25.571	map	1	77e960000000-77e966e00000	rw-s	/dev/nvidiactl	pages=28160	present=28160	swapped=0	file_or_shared=28160	exclusive=28160	rss_kb=112640	locked_kb=0	anon_kb=0	thp_kb=0	vmflags=rd wr sh mr mw me ms de dd sd mm	pfn_sha=-	flags=-
13:16:25.571	map	1	77e966e00000-77e968000000	---p	[anon]	pages=4608	present=0	swapped=0	file_or_shared=0	exclusive=0	rss_kb=0	locked_kb=0	anon_kb=0	thp_kb=0	vmflags=mr mw me sd	pfn_sha=-	flags=-
13:16:25.571	map	1	77e968000000-77e96ee00000	rw-s	/dev/nvidiactl	pages=28160	present=28160	swapped=0	file_or_shared=28160	exclusive=28160	rss_kb=112640	locked_kb=0	anon_kb=0	thp_kb=0	vmflags=rd wr sh mr mw me ms de dd sd mm	pfn_sha=-	flags=-
13:16:25.571	map	1	77e96ee00000-77e970000000	---p	[anon]	pages=4608	present=0	swapped=0	file_or_shared=0	exclusive=0	rss_kb=0	locked_kb=0	anon_kb=0	thp_kb=0	vmflags=mr mw me sd	pfn_sha=-	flags=-
13:16:25.571	map	1	77e970000000-77e978800000	rw-s	/dev/nvidiactl	pages=34816	present=34816	swapped=0	file_or_shared=34816	exclusive=34816	rss_kb=139264	locked_kb=0	anon_kb=0	thp_kb=0	vmflags=rd wr sh mr mw me ms de dd sd mm	pfn_sha=-	flags=-
13:16:25.571	map	1	77e978800000-77e97a000000	---p	[anon]	pages=6144	present=0	swapped=0	file_or_shared=0	exclusive=0	rss_kb=0	locked_kb=0	anon_kb=0	thp_kb=0	vmflags=mr mw me sd	pfn_sha=-	flags=-
13:16:25.571	map	1	77e97a000000-77e980e00000	rw-s	/dev/nvidiactl	pages=28160	present=28160	swapped=0	file_or_shared=28160	exclusive=28160	rss_kb=112640	locked_kb=0	anon_kb=0	thp_kb=0	vmflags=rd wr sh mr mw me ms de dd sd mm	pfn_sha=-	flags=-
13:16:25.571	map	1	77e980e00000-77e982000000	---p	[anon]	pages=4608	present=0	swapped=0	file_or_shared=0	exclusive=0	rss_kb=0	locked_kb=0	anon_kb=0	thp_kb=0	vmflags=mr mw me sd	pfn_sha=-	flags=-
13:16:25.571	map	1	77e982000000-77e988e00000	rw-s	/dev/nvidiactl	pages=28160	present=28160	swapped=0	file_or_shared=28160	exclusive=28160	rss_kb=112640	locked_kb=0	anon_kb=0	thp_kb=0	vmflags=rd wr sh mr mw me ms de dd sd mm	pfn_sha=-	flags=-
13:16:25.571	map	1	77e988e00000-77e98a000000	---p	[anon]	pages=4608	present=0	swapped=0	file_or_shared=0	exclusive=0	rss_kb=0	locked_kb=0	anon_kb=0	thp_kb=0	vmflags=mr mw me sd	pfn_sha=-	flags=-
13:16:25.571	map	1	77e98a000000-77e992800000	rw-s	/dev/nvidiactl	pages=34816	present=34816	swapped=0	file_or_shared=34816	exclusive=34816	rss_kb=139264	locked_kb=0	anon_kb=0	thp_kb=0	vmflags=rd wr sh mr mw me ms de dd sd mm	pfn_sha=-	flags=-
13:16:25.571	map	1	77e992800000-77e994000000	---p	[anon]	pages=6144	present=0	swapped=0	file_or_shared=0	exclusive=0	rss_kb=0	locked_kb=0	anon_kb=0	thp_kb=0	vmflags=mr mw me sd	pfn_sha=-	flags=-
13:16:25.571	map	1	77e994000000-77e99ae00000	rw-s	/dev/nvidiactl	pages=28160	present=28160	swapped=0	file_or_shared=28160	exclusive=28160	rss_kb=112640	locked_kb=0	anon_kb=0	thp_kb=0	vmflags=rd wr sh mr mw me ms de dd sd mm	pfn_sha=-	flags=-
13:16:25.571	map	1	77e99ae00000-77e99c000000	---p	[anon]	pages=4608	present=0	swapped=0	file_or_shared=0	exclusive=0	rss_kb=0	locked_kb=0	anon_kb=0	thp_kb=0	vmflags=mr mw me sd	pfn_sha=-	flags=-
13:16:25.571	map	1	77e99c000000-77e9a2e00000	rw-s	/dev/nvidiactl	pages=28160	present=28160	swapped=0	file_or_shared=28160	exclusive=28160	rss_kb=112640	locked_kb=0	anon_kb=0	thp_kb=0	vmflags=rd wr sh mr mw me ms de dd sd mm	pfn_sha=-	flags=-
13:16:25.571	map	1	77e9a2e00000-77e9a4000000	---p	[anon]	pages=4608	present=0	swapped=0	file_or_shared=0	exclusive=0	rss_kb=0	locked_kb=0	anon_kb=0	thp_kb=0	vmflags=mr mw me sd	pfn_sha=-	flags=-
13:16:25.571	map	1	77e9a4000000-77e9ac800000	rw-s	/dev/nvidiactl	pages=34816	present=34816	swapped=0	file_or_shared=34816	exclusive=34816	rss_kb=139264	locked_kb=0	anon_kb=0	thp_kb=0	vmflags=rd wr sh mr mw me ms de dd sd mm	pfn_sha=-	flags=-
13:16:25.571	map	1	77e9ac800000-77e9ae000000	---p	[anon]	pages=6144	present=0	swapped=0	file_or_shared=0	exclusive=0	rss_kb=0	locked_kb=0	anon_kb=0	thp_kb=0	vmflags=mr mw me sd	pfn_sha=-	flags=-
13:16:25.571	map	1	77e9ae000000-77e9b4e00000	rw-s	/dev/nvidiactl	pages=28160	present=28160	swapped=0	file_or_shared=28160	exclusive=28160	rss_kb=112640	locked_kb=0	anon_kb=0	thp_kb=0	vmflags=rd wr sh mr mw me ms de dd sd mm	pfn_sha=-	flags=-
13:16:25.571	map	1	77e9b4e00000-77e9b6000000	---p	[anon]	pages=4608	present=0	swapped=0	file_or_shared=0	exclusive=0	rss_kb=0	locked_kb=0	anon_kb=0	thp_kb=0	vmflags=mr mw me sd	pfn_sha=-	flags=-
13:16:25.571	map	1	77e9b6000000-77e9bce00000	rw-s	/dev/nvidiactl	pages=28160	present=28160	swapped=0	file_or_shared=28160	exclusive=28160	rss_kb=112640	locked_kb=0	anon_kb=0	thp_kb=0	vmflags=rd wr sh mr mw me ms de dd sd mm	pfn_sha=-	flags=-
13:16:25.571	map	1	77e9bce00000-77e9be000000	---p	[anon]	pages=4608	present=0	swapped=0	file_or_shared=0	exclusive=0	rss_kb=0	locked_kb=0	anon_kb=0	thp_kb=0	vmflags=mr mw me sd	pfn_sha=-	flags=-
13:16:25.571	map	1	77e9be000000-77e9c6800000	rw-s	/dev/nvidiactl	pages=34816	present=34816	swapped=0	file_or_shared=34816	exclusive=34816	rss_kb=139264	locked_kb=0	anon_kb=0	thp_kb=0	vmflags=rd wr sh mr mw me ms de dd sd mm	pfn_sha=-	flags=-
13:16:25.571	map	1	77e9c6800000-77e9c8000000	---p	[anon]	pages=6144	present=0	swapped=0	file_or_shared=0	exclusive=0	rss_kb=0	locked_kb=0	anon_kb=0	thp_kb=0	vmflags=mr mw me sd	pfn_sha=-	flags=-
13:16:25.571	map	1	77e9c8000000-77e9cee00000	rw-s	/dev/nvidiactl	pages=28160	present=28160	swapped=0	file_or_shared=28160	exclusive=28160	rss_kb=112640	locked_kb=0	anon_kb=0	thp_kb=0	vmflags=rd wr sh mr mw me ms de dd sd mm	pfn_sha=-	flags=-
13:16:25.571	map	1	77e9cee00000-77e9d0000000	---p	[anon]	pages=4608	present=0	swapped=0	file_or_shared=0	exclusive=0	rss_kb=0	locked_kb=0	anon_kb=0	thp_kb=0	vmflags=mr mw me sd	pfn_sha=-	flags=-
13:16:25.571	map	1	77e9d0000000-77e9d6e00000	rw-s	/dev/nvidiactl	pages=28160	present=28160	swapped=0	file_or_shared=28160	exclusive=28160	rss_kb=112640	locked_kb=0	anon_kb=0	thp_kb=0	vmflags=rd wr sh mr mw me ms de dd sd mm	pfn_sha=-	flags=-
13:16:25.571	map	1	77e9d6e00000-77e9d8000000	---p	[anon]	pages=4608	present=0	swapped=0	file_or_shared=0	exclusive=0	rss_kb=0	locked_kb=0	anon_kb=0	thp_kb=0	vmflags=mr mw me sd	pfn_sha=-	flags=-
13:16:25.571	map	1	77e9d8000000-77e9e0800000	rw-s	/dev/nvidiactl	pages=34816	present=34816	swapped=0	file_or_shared=34816	exclusive=34816	rss_kb=139264	locked_kb=0	anon_kb=0	thp_kb=0	vmflags=rd wr sh mr mw me ms de dd sd mm	pfn_sha=-	flags=-
13:16:25.571	map	1	77e9e0800000-77e9e2000000	---p	[anon]	pages=6144	present=0	swapped=0	file_or_shared=0	exclusive=0	rss_kb=0	locked_kb=0	anon_kb=0	thp_kb=0	vmflags=mr mw me sd	pfn_sha=-	flags=-
13:16:25.571	map	1	77e9e2000000-77e9e8e00000	rw-s	/dev/nvidiactl	pages=28160	present=28160	swapped=0	file_or_shared=28160	exclusive=28160	rss_kb=112640	locked_kb=0	anon_kb=0	thp_kb=0	vmflags=rd wr sh mr mw me ms de dd sd mm	pfn_sha=-	flags=-
13:16:25.571	map	1	77e9e8e00000-77e9ea000000	---p	[anon]	pages=4608	present=0	swapped=0	file_or_shared=0	exclusive=0	rss_kb=0	locked_kb=0	anon_kb=0	thp_kb=0	vmflags=mr mw me sd	pfn_sha=-	flags=-
13:16:25.571	map	1	77e9ea000000-77e9f0e00000	rw-s	/dev/nvidiactl	pages=28160	present=28160	swapped=0	file_or_shared=28160	exclusive=28160	rss_kb=112640	locked_kb=0	anon_kb=0	thp_kb=0	vmflags=rd wr sh mr mw me ms de dd sd mm	pfn_sha=-	flags=-
13:16:25.571	map	1	77e9f0e00000-77e9f2000000	---p	[anon]	pages=4608	present=0	swapped=0	file_or_shared=0	exclusive=0	rss_kb=0	locked_kb=0	anon_kb=0	thp_kb=0	vmflags=mr mw me sd	pfn_sha=-	flags=-
13:16:25.571	map	1	77e9f2000000-77e9fa800000	rw-s	/dev/nvidiactl	pages=34816	present=34816	swapped=0	file_or_shared=34816	exclusive=34816	rss_kb=139264	locked_kb=0	anon_kb=0	thp_kb=0	vmflags=rd wr sh mr mw me ms de dd sd mm	pfn_sha=-	flags=-
13:16:25.571	map	1	77e9fa800000-77e9fc000000	---p	[anon]	pages=6144	present=0	swapped=0	file_or_shared=0	exclusive=0	rss_kb=0	locked_kb=0	anon_kb=0	thp_kb=0	vmflags=mr mw me sd	pfn_sha=-	flags=-
13:16:25.571	map	1	77e9fc000000-77ea02e00000	rw-s	/dev/nvidiactl	pages=28160	present=28160	swapped=0	file_or_shared=28160	exclusive=28160	rss_kb=112640	locked_kb=0	anon_kb=0	thp_kb=0	vmflags=rd wr sh mr mw me ms de dd sd mm	pfn_sha=-	flags=-
13:16:25.571	map	1	77ea02e00000-77ea04000000	---p	[anon]	pages=4608	present=0	swapped=0	file_or_shared=0	exclusive=0	rss_kb=0	locked_kb=0	anon_kb=0	thp_kb=0	vmflags=mr mw me sd	pfn_sha=-	flags=-
13:16:25.571	map	1	77ea04000000-77ea0ae00000	rw-s	/dev/nvidiactl	pages=28160	present=28160	swapped=0	file_or_shared=28160	exclusive=28160	rss_kb=112640	locked_kb=0	anon_kb=0	thp_kb=0	vmflags=rd wr sh mr mw me ms de dd sd mm	pfn_sha=-	flags=-
13:16:25.571	map	1	77ea0ae00000-77ea0c000000	---p	[anon]	pages=4608	present=0	swapped=0	file_or_shared=0	exclusive=0	rss_kb=0	locked_kb=0	anon_kb=0	thp_kb=0	vmflags=mr mw me sd	pfn_sha=-	flags=-
13:16:25.571	map	1	77ea0c000000-77ea14800000	rw-s	/dev/nvidiactl	pages=34816	present=34816	swapped=0	file_or_shared=34816	exclusive=34816	rss_kb=139264	locked_kb=0	anon_kb=0	thp_kb=0	vmflags=rd wr sh mr mw me ms de dd sd mm	pfn_sha=-	flags=-
13:16:25.571	map	1	77ea14800000-77ea16000000	---p	[anon]	pages=6144	present=0	swapped=0	file_or_shared=0	exclusive=0	rss_kb=0	locked_kb=0	anon_kb=0	thp_kb=0	vmflags=mr mw me sd	pfn_sha=-	flags=-
13:16:25.571	map	1	77ea16000000-77ea1ce00000	rw-s	/dev/nvidiactl	pages=28160	present=28160	swapped=0	file_or_shared=28160	exclusive=28160	rss_kb=112640	locked_kb=0	anon_kb=0	thp_kb=0	vmflags=rd wr sh mr mw me ms de dd sd mm	pfn_sha=-	flags=-
13:16:25.571	map	1	77ea1ce00000-77ea1e000000	---p	[anon]	pages=4608	present=0	swapped=0	file_or_shared=0	exclusive=0	rss_kb=0	locked_kb=0	anon_kb=0	thp_kb=0	vmflags=mr mw me sd	pfn_sha=-	flags=-
13:16:25.571	map	1	77ea1e000000-77ea24e00000	rw-s	/dev/nvidiactl	pages=28160	present=28160	swapped=0	file_or_shared=28160	exclusive=28160	rss_kb=112640	locked_kb=0	anon_kb=0	thp_kb=0	vmflags=rd wr sh mr mw me ms de dd sd mm	pfn_sha=-	flags=-
13:16:25.571	map	1	77ea24e00000-77ea26000000	---p	[anon]	pages=4608	present=0	swapped=0	file_or_shared=0	exclusive=0	rss_kb=0	locked_kb=0	anon_kb=0	thp_kb=0	vmflags=mr mw me sd	pfn_sha=-	flags=-
13:16:25.571	map	1	77ea26000000-77ea2e800000	rw-s	/dev/nvidiactl	pages=34816	present=34816	swapped=0	file_or_shared=34816	exclusive=34816	rss_kb=139264	locked_kb=0	anon_kb=0	thp_kb=0	vmflags=rd wr sh mr mw me ms de dd sd mm	pfn_sha=-	flags=-
13:16:25.571	map	1	77ea2e800000-77ea30000000	---p	[anon]	pages=6144	present=0	swapped=0	file_or_shared=0	exclusive=0	rss_kb=0	locked_kb=0	anon_kb=0	thp_kb=0	vmflags=mr mw me sd	pfn_sha=-	flags=-
13:16:25.571	map	1	77ea30000000-77ea36e00000	rw-s	/dev/nvidiactl	pages=28160	present=28160	swapped=0	file_or_shared=28160	exclusive=28160	rss_kb=112640	locked_kb=0	anon_kb=0	thp_kb=0	vmflags=rd wr sh mr mw me ms de dd sd mm	pfn_sha=-	flags=-
13:16:25.571	map	1	77ea36e00000-77ea38000000	---p	[anon]	pages=4608	present=0	swapped=0	file_or_shared=0	exclusive=0	rss_kb=0	locked_kb=0	anon_kb=0	thp_kb=0	vmflags=mr mw me sd	pfn_sha=-	flags=-
13:16:25.571	map	1	77ea38000000-77ea3ee00000	rw-s	/dev/nvidiactl	pages=28160	present=28160	swapped=0	file_or_shared=28160	exclusive=28160	rss_kb=112640	locked_kb=0	anon_kb=0	thp_kb=0	vmflags=rd wr sh mr mw me ms de dd sd mm	pfn_sha=-	flags=-
13:16:25.571	map	1	77ea3ee00000-77ea40000000	---p	[anon]	pages=4608	present=0	swapped=0	file_or_shared=0	exclusive=0	rss_kb=0	locked_kb=0	anon_kb=0	thp_kb=0	vmflags=mr mw me sd	pfn_sha=-	flags=-
13:16:25.571	map	1	77ea40000000-77ea48800000	rw-s	/dev/nvidiactl	pages=34816	present=34816	swapped=0	file_or_shared=34816	exclusive=34816	rss_kb=139264	locked_kb=0	anon_kb=0	thp_kb=0	vmflags=rd wr sh mr mw me ms de dd sd mm	pfn_sha=-	flags=-
13:16:25.571	map	1	77ea48800000-77ea4a000000	---p	[anon]	pages=6144	present=0	swapped=0	file_or_shared=0	exclusive=0	rss_kb=0	locked_kb=0	anon_kb=0	thp_kb=0	vmflags=mr mw me sd	pfn_sha=-	flags=-
13:16:25.571	map	1	77ea4a000000-77ea50e00000	rw-s	/dev/nvidiactl	pages=28160	present=28160	swapped=0	file_or_shared=28160	exclusive=28160	rss_kb=112640	locked_kb=0	anon_kb=0	thp_kb=0	vmflags=rd wr sh mr mw me ms de dd sd mm	pfn_sha=-	flags=-
13:16:25.571	map	1	77ea50e00000-77ea52000000	---p	[anon]	pages=4608	present=0	swapped=0	file_or_shared=0	exclusive=0	rss_kb=0	locked_kb=0	anon_kb=0	thp_kb=0	vmflags=mr mw me sd	pfn_sha=-	flags=-
13:16:25.571	map	1	77ea52000000-77ea58e00000	rw-s	/dev/nvidiactl	pages=28160	present=28160	swapped=0	file_or_shared=28160	exclusive=28160	rss_kb=112640	locked_kb=0	anon_kb=0	thp_kb=0	vmflags=rd wr sh mr mw me ms de dd sd mm	pfn_sha=-	flags=-
13:16:25.571	map	1	77ea58e00000-77ea5a000000	---p	[anon]	pages=4608	present=0	swapped=0	file_or_shared=0	exclusive=0	rss_kb=0	locked_kb=0	anon_kb=0	thp_kb=0	vmflags=mr mw me sd	pfn_sha=-	flags=-
13:16:25.571	map	1	77ea5a000000-77ea62800000	rw-s	/dev/nvidiactl	pages=34816	present=34816	swapped=0	file_or_shared=34816	exclusive=34816	rss_kb=139264	locked_kb=0	anon_kb=0	thp_kb=0	vmflags=rd wr sh mr mw me ms de dd sd mm	pfn_sha=-	flags=-
13:16:25.571	map	1	77ea62800000-77ea64000000	---p	[anon]	pages=6144	present=0	swapped=0	file_or_shared=0	exclusive=0	rss_kb=0	locked_kb=0	anon_kb=0	thp_kb=0	vmflags=mr mw me sd	pfn_sha=-	flags=-
13:16:25.571	map	1	77ea64000000-77ea6ae00000	rw-s	/dev/nvidiactl	pages=28160	present=28160	swapped=0	file_or_shared=28160	exclusive=28160	rss_kb=112640	locked_kb=0	anon_kb=0	thp_kb=0	vmflags=rd wr sh mr mw me ms de dd sd mm	pfn_sha=-	flags=-
13:16:25.571	map	1	77ea6ae00000-77ea6c000000	---p	[anon]	pages=4608	present=0	swapped=0	file_or_shared=0	exclusive=0	rss_kb=0	locked_kb=0	anon_kb=0	thp_kb=0	vmflags=mr mw me sd	pfn_sha=-	flags=-
13:16:25.571	map	1	77ea6c000000-77ea72e00000	rw-s	/dev/nvidiactl	pages=28160	present=28160	swapped=0	file_or_shared=28160	exclusive=28160	rss_kb=112640	locked_kb=0	anon_kb=0	thp_kb=0	vmflags=rd wr sh mr mw me ms de dd sd mm	pfn_sha=-	flags=-
13:16:25.571	map	1	77ea72e00000-77ea74000000	---p	[anon]	pages=4608	present=0	swapped=0	file_or_shared=0	exclusive=0	rss_kb=0	locked_kb=0	anon_kb=0	thp_kb=0	vmflags=mr mw me sd	pfn_sha=-	flags=-
13:16:25.571	map	1	77ea74000000-77ea7c800000	rw-s	/dev/nvidiactl	pages=34816	present=34816	swapped=0	file_or_shared=34816	exclusive=34816	rss_kb=139264	locked_kb=0	anon_kb=0	thp_kb=0	vmflags=rd wr sh mr mw me ms de dd sd mm	pfn_sha=-	flags=-
13:16:25.571	map	1	77ea7c800000-77ea7e000000	---p	[anon]	pages=6144	present=0	swapped=0	file_or_shared=0	exclusive=0	rss_kb=0	locked_kb=0	anon_kb=0	thp_kb=0	vmflags=mr mw me sd	pfn_sha=-	flags=-
13:16:25.571	map	1	77ea7e000000-77ea84e00000	rw-s	/dev/nvidiactl	pages=28160	present=28160	swapped=0	file_or_shared=28160	exclusive=28160	rss_kb=112640	locked_kb=0	anon_kb=0	thp_kb=0	vmflags=rd wr sh mr mw me ms de dd sd mm	pfn_sha=-	flags=-
13:16:25.571	map	1	77ea84e00000-77ea86000000	---p	[anon]	pages=4608	present=0	swapped=0	file_or_shared=0	exclusive=0	rss_kb=0	locked_kb=0	anon_kb=0	thp_kb=0	vmflags=mr mw me sd	pfn_sha=-	flags=-
13:16:25.571	map	1	77ea86000000-77ea8ce00000	rw-s	/dev/nvidiactl	pages=28160	present=28160	swapped=0	file_or_shared=28160	exclusive=28160	rss_kb=112640	locked_kb=0	anon_kb=0	thp_kb=0	vmflags=rd wr sh mr mw me ms de dd sd mm	pfn_sha=-	flags=-
13:16:25.571	map	1	77ea8ce00000-77ea8e000000	---p	[anon]	pages=4608	present=0	swapped=0	file_or_shared=0	exclusive=0	rss_kb=0	locked_kb=0	anon_kb=0	thp_kb=0	vmflags=mr mw me sd	pfn_sha=-	flags=-
13:16:25.571	map	1	77ea8e000000-77ea96800000	rw-s	/dev/nvidiactl	pages=34816	present=34816	swapped=0	file_or_shared=34816	exclusive=34816	rss_kb=139264	locked_kb=0	anon_kb=0	thp_kb=0	vmflags=rd wr sh mr mw me ms de dd sd mm	pfn_sha=-	flags=-
13:16:25.571	map	1	77ea96800000-77ea98000000	---p	[anon]	pages=6144	present=0	swapped=0	file_or_shared=0	exclusive=0	rss_kb=0	locked_kb=0	anon_kb=0	thp_kb=0	vmflags=mr mw me sd	pfn_sha=-	flags=-
13:16:25.571	map	1	77ea98000000-77ea9ee00000	rw-s	/dev/nvidiactl	pages=28160	present=28160	swapped=0	file_or_shared=28160	exclusive=28160	rss_kb=112640	locked_kb=0	anon_kb=0	thp_kb=0	vmflags=rd wr sh mr mw me ms de dd sd mm	pfn_sha=-	flags=-
13:16:25.571	map	1	77ea9ee00000-77eaa0000000	---p	[anon]	pages=4608	present=0	swapped=0	file_or_shared=0	exclusive=0	rss_kb=0	locked_kb=0	anon_kb=0	thp_kb=0	vmflags=mr mw me sd	pfn_sha=-	flags=-
13:16:25.571	map	1	77eaa0000000-77eaa6e00000	rw-s	/dev/nvidiactl	pages=28160	present=28160	swapped=0	file_or_shared=28160	exclusive=28160	rss_kb=112640	locked_kb=0	anon_kb=0	thp_kb=0	vmflags=rd wr sh mr mw me ms de dd sd mm	pfn_sha=-	flags=-
13:16:25.571	map	1	77eaa6e00000-77eaa8000000	---p	[anon]	pages=4608	present=0	swapped=0	file_or_shared=0	exclusive=0	rss_kb=0	locked_kb=0	anon_kb=0	thp_kb=0	vmflags=mr mw me sd	pfn_sha=-	flags=-
13:16:25.571	map	1	77eaa8000000-77eab0800000	rw-s	/dev/nvidiactl	pages=34816	present=34816	swapped=0	file_or_shared=34816	exclusive=34816	rss_kb=139264	locked_kb=0	anon_kb=0	thp_kb=0	vmflags=rd wr sh mr mw me ms de dd sd mm	pfn_sha=-	flags=-
13:16:25.571	map	1	77eab0800000-77eab2000000	---p	[anon]	pages=6144	present=0	swapped=0	file_or_shared=0	exclusive=0	rss_kb=0	locked_kb=0	anon_kb=0	thp_kb=0	vmflags=mr mw me sd	pfn_sha=-	flags=-
13:16:25.571	map	1	77eab2000000-77eab8e00000	rw-s	/dev/nvidiactl	pages=28160	present=28160	swapped=0	file_or_shared=28160	exclusive=28160	rss_kb=112640	locked_kb=0	anon_kb=0	thp_kb=0	vmflags=rd wr sh mr mw me ms de dd sd mm	pfn_sha=-	flags=-
13:16:25.571	map	1	77eab8e00000-77eaba000000	---p	[anon]	pages=4608	present=0	swapped=0	file_or_shared=0	exclusive=0	rss_kb=0	locked_kb=0	anon_kb=0	thp_kb=0	vmflags=mr mw me sd	pfn_sha=-	flags=-
13:16:25.571	map	1	77eaba000000-77eac0e00000	rw-s	/dev/nvidiactl	pages=28160	present=28160	swapped=0	file_or_shared=28160	exclusive=28160	rss_kb=112640	locked_kb=0	anon_kb=0	thp_kb=0	vmflags=rd wr sh mr mw me ms de dd sd mm	pfn_sha=-	flags=-
13:16:25.571	map	1	77eac0e00000-77eac2000000	---p	[anon]	pages=4608	present=0	swapped=0	file_or_shared=0	exclusive=0	rss_kb=0	locked_kb=0	anon_kb=0	thp_kb=0	vmflags=mr mw me sd	pfn_sha=-	flags=-
13:16:25.571	map	1	77eac2000000-77eaca800000	rw-s	/dev/nvidiactl	pages=34816	present=34816	swapped=0	file_or_shared=34816	exclusive=34816	rss_kb=139264	locked_kb=0	anon_kb=0	thp_kb=0	vmflags=rd wr sh mr mw me ms de dd sd mm	pfn_sha=-	flags=-
13:16:25.571	map	1	77eaca800000-77eacc000000	---p	[anon]	pages=6144	present=0	swapped=0	file_or_shared=0	exclusive=0	rss_kb=0	locked_kb=0	anon_kb=0	thp_kb=0	vmflags=mr mw me sd	pfn_sha=-	flags=-
13:16:25.571	map	1	77eacc000000-77ead2e00000	rw-s	/dev/nvidiactl	pages=28160	present=28160	swapped=0	file_or_shared=28160	exclusive=28160	rss_kb=112640	locked_kb=0	anon_kb=0	thp_kb=0	vmflags=rd wr sh mr mw me ms de dd sd mm	pfn_sha=-	flags=-
13:16:25.571	map	1	77ead2e00000-77ead4000000	---p	[anon]	pages=4608	present=0	swapped=0	file_or_shared=0	exclusive=0	rss_kb=0	locked_kb=0	anon_kb=0	thp_kb=0	vmflags=mr mw me sd	pfn_sha=-	flags=-
13:16:25.571	map	1	77ead4000000-77eadae00000	rw-s	/dev/nvidiactl	pages=28160	present=28160	swapped=0	file_or_shared=28160	exclusive=28160	rss_kb=112640	locked_kb=0	anon_kb=0	thp_kb=0	vmflags=rd wr sh mr mw me ms de dd sd mm	pfn_sha=-	flags=-
13:16:25.571	map	1	77eadae00000-77eadc000000	---p	[anon]	pages=4608	present=0	swapped=0	file_or_shared=0	exclusive=0	rss_kb=0	locked_kb=0	anon_kb=0	thp_kb=0	vmflags=mr mw me sd	pfn_sha=-	flags=-
13:16:25.571	map	1	77eadc000000-77eae4800000	rw-s	/dev/nvidiactl	pages=34816	present=34816	swapped=0	file_or_shared=34816	exclusive=34816	rss_kb=139264	locked_kb=0	anon_kb=0	thp_kb=0	vmflags=rd wr sh mr mw me ms de dd sd mm	pfn_sha=-	flags=-
13:16:25.571	map	1	77eae4800000-77eae6000000	---p	[anon]	pages=6144	present=0	swapped=0	file_or_shared=0	exclusive=0	rss_kb=0	locked_kb=0	anon_kb=0	thp_kb=0	vmflags=mr mw me sd	pfn_sha=-	flags=-
13:16:25.571	map	1	77eae6000000-77eaece00000	rw-s	/dev/nvidiactl	pages=28160	present=28160	swapped=0	file_or_shared=28160	exclusive=28160	rss_kb=112640	locked_kb=0	anon_kb=0	thp_kb=0	vmflags=rd wr sh mr mw me ms de dd sd mm	pfn_sha=-	flags=-
13:16:25.571	map	1	77eaece00000-77eaee000000	---p	[anon]	pages=4608	present=0	swapped=0	file_or_shared=0	exclusive=0	rss_kb=0	locked_kb=0	anon_kb=0	thp_kb=0	vmflags=mr mw me sd	pfn_sha=-	flags=-
13:16:25.571	map	1	77eaee000000-77eaf4e00000	rw-s	/dev/nvidiactl	pages=28160	present=28160	swapped=0	file_or_shared=28160	exclusive=28160	rss_kb=112640	locked_kb=0	anon_kb=0	thp_kb=0	vmflags=rd wr sh mr mw me ms de dd sd mm	pfn_sha=-	flags=-
13:16:25.571	map	1	77eaf4e00000-77eaf6000000	---p	[anon]	pages=4608	present=0	swapped=0	file_or_shared=0	exclusive=0	rss_kb=0	locked_kb=0	anon_kb=0	thp_kb=0	vmflags=mr mw me sd	pfn_sha=-	flags=-
13:16:25.571	map	1	77eaf6000000-77eafe800000	rw-s	/dev/nvidiactl	pages=34816	present=34816	swapped=0	file_or_shared=34816	exclusive=34816	rss_kb=139264	locked_kb=0	anon_kb=0	thp_kb=0	vmflags=rd wr sh mr mw me ms de dd sd mm	pfn_sha=-	flags=-
13:16:25.571	map	1	77eafe800000-77eb00000000	---p	[anon]	pages=6144	present=0	swapped=0	file_or_shared=0	exclusive=0	rss_kb=0	locked_kb=0	anon_kb=0	thp_kb=0	vmflags=mr mw me sd	pfn_sha=-	flags=-
13:16:25.571	map	1	77eb00000000-77eb06e00000	rw-s	/dev/nvidiactl	pages=28160	present=28160	swapped=0	file_or_shared=28160	exclusive=28160	rss_kb=112640	locked_kb=0	anon_kb=0	thp_kb=0	vmflags=rd wr sh mr mw me ms de dd sd mm	pfn_sha=-	flags=-
13:16:25.571	map	1	77eb06e00000-77eb08000000	---p	[anon]	pages=4608	present=0	swapped=0	file_or_shared=0	exclusive=0	rss_kb=0	locked_kb=0	anon_kb=0	thp_kb=0	vmflags=mr mw me sd	pfn_sha=-	flags=-
13:16:25.571	map	1	77eb08000000-77eb0ee00000	rw-s	/dev/nvidiactl	pages=28160	present=28160	swapped=0	file_or_shared=28160	exclusive=28160	rss_kb=112640	locked_kb=0	anon_kb=0	thp_kb=0	vmflags=rd wr sh mr mw me ms de dd sd mm	pfn_sha=-	flags=-
13:16:25.571	map	1	77eb0ee00000-77eb10000000	---p	[anon]	pages=4608	present=0	swapped=0	file_or_shared=0	exclusive=0	rss_kb=0	locked_kb=0	anon_kb=0	thp_kb=0	vmflags=mr mw me sd	pfn_sha=-	flags=-
13:16:25.571	map	1	77eb10000000-77eb18800000	rw-s	/dev/nvidiactl	pages=34816	present=34816	swapped=0	file_or_shared=34816	exclusive=34816	rss_kb=139264	locked_kb=0	anon_kb=0	thp_kb=0	vmflags=rd wr sh mr mw me ms de dd sd mm	pfn_sha=-	flags=-
13:16:25.571	map	1	77eb18800000-77eb1a000000	---p	[anon]	pages=6144	present=0	swapped=0	file_or_shared=0	exclusive=0	rss_kb=0	locked_kb=0	anon_kb=0	thp_kb=0	vmflags=mr mw me sd	pfn_sha=-	flags=-
13:16:25.571	map	1	77eb1a000000-77eb20e00000	rw-s	/dev/nvidiactl	pages=28160	present=28160	swapped=0	file_or_shared=28160	exclusive=28160	rss_kb=112640	locked_kb=0	anon_kb=0	thp_kb=0	vmflags=rd wr sh mr mw me ms de dd sd mm	pfn_sha=-	flags=-
13:16:25.571	map	1	77eb20e00000-77eb22000000	---p	[anon]	pages=4608	present=0	swapped=0	file_or_shared=0	exclusive=0	rss_kb=0	locked_kb=0	anon_kb=0	thp_kb=0	vmflags=mr mw me sd	pfn_sha=-	flags=-
13:16:25.571	map	1	77eb22000000-77eb28e00000	rw-s	/dev/nvidiactl	pages=28160	present=28160	swapped=0	file_or_shared=28160	exclusive=28160	rss_kb=112640	locked_kb=0	anon_kb=0	thp_kb=0	vmflags=rd wr sh mr mw me ms de dd sd mm	pfn_sha=-	flags=-
13:16:25.571	map	1	77eb28e00000-77eb2a000000	---p	[anon]	pages=4608	present=0	swapped=0	file_or_shared=0	exclusive=0	rss_kb=0	locked_kb=0	anon_kb=0	thp_kb=0	vmflags=mr mw me sd	pfn_sha=-	flags=-
13:16:25.571	map	1	77eb2a000000-77eb32800000	rw-s	/dev/nvidiactl	pages=34816	present=34816	swapped=0	file_or_shared=34816	exclusive=34816	rss_kb=139264	locked_kb=0	anon_kb=0	thp_kb=0	vmflags=rd wr sh mr mw me ms de dd sd mm	pfn_sha=-	flags=-
13:16:25.571	map	1	77eb32800000-77eb34000000	---p	[anon]	pages=6144	present=0	swapped=0	file_or_shared=0	exclusive=0	rss_kb=0	locked_kb=0	anon_kb=0	thp_kb=0	vmflags=mr mw me sd	pfn_sha=-	flags=-
13:16:25.571	map	1	77eb34000000-77eb3ae00000	rw-s	/dev/nvidiactl	pages=28160	present=28160	swapped=0	file_or_shared=28160	exclusive=28160	rss_kb=112640	locked_kb=0	anon_kb=0	thp_kb=0	vmflags=rd wr sh mr mw me ms de dd sd mm	pfn_sha=-	flags=-
13:16:25.571	map	1	77eb3ae00000-77eb3c000000	---p	[anon]	pages=4608	present=0	swapped=0	file_or_shared=0	exclusive=0	rss_kb=0	locked_kb=0	anon_kb=0	thp_kb=0	vmflags=mr mw me sd	pfn_sha=-	flags=-
13:16:25.571	map	1	77eb3c000000-77eb42e00000	rw-s	/dev/nvidiactl	pages=28160	present=28160	swapped=0	file_or_shared=28160	exclusive=28160	rss_kb=112640	locked_kb=0	anon_kb=0	thp_kb=0	vmflags=rd wr sh mr mw me ms de dd sd mm	pfn_sha=-	flags=-
13:16:25.571	map	1	77eb42e00000-77eb44000000	---p	[anon]	pages=4608	present=0	swapped=0	file_or_shared=0	exclusive=0	rss_kb=0	locked_kb=0	anon_kb=0	thp_kb=0	vmflags=mr mw me sd	pfn_sha=-	flags=-
13:16:25.571	map	1	77eb44000000-77eb4c800000	rw-s	/dev/nvidiactl	pages=34816	present=34816	swapped=0	file_or_shared=34816	exclusive=34816	rss_kb=139264	locked_kb=0	anon_kb=0	thp_kb=0	vmflags=rd wr sh mr mw me ms de dd sd mm	pfn_sha=-	flags=-
13:16:25.571	map	1	77eb4c800000-77eb4e000000	---p	[anon]	pages=6144	present=0	swapped=0	file_or_shared=0	exclusive=0	rss_kb=0	locked_kb=0	anon_kb=0	thp_kb=0	vmflags=mr mw me sd	pfn_sha=-	flags=-
13:16:25.571	map	1	77eb4e000000-77eb54e00000	rw-s	/dev/nvidiactl	pages=28160	present=28160	swapped=0	file_or_shared=28160	exclusive=28160	rss_kb=112640	locked_kb=0	anon_kb=0	thp_kb=0	vmflags=rd wr sh mr mw me ms de dd sd mm	pfn_sha=-	flags=-
13:16:25.571	map	1	77eb54e00000-77eb56000000	---p	[anon]	pages=4608	present=0	swapped=0	file_or_shared=0	exclusive=0	rss_kb=0	locked_kb=0	anon_kb=0	thp_kb=0	vmflags=mr mw me sd	pfn_sha=-	flags=-
13:16:25.571	map	1	77eb56000000-77eb5ce00000	rw-s	/dev/nvidiactl	pages=28160	present=28160	swapped=0	file_or_shared=28160	exclusive=28160	rss_kb=112640	locked_kb=0	anon_kb=0	thp_kb=0	vmflags=rd wr sh mr mw me ms de dd sd mm	pfn_sha=-	flags=-
13:16:25.571	map	1	77eb5ce00000-77eb5e000000	---p	[anon]	pages=4608	present=0	swapped=0	file_or_shared=0	exclusive=0	rss_kb=0	locked_kb=0	anon_kb=0	thp_kb=0	vmflags=mr mw me sd	pfn_sha=-	flags=-
13:16:25.571	map	1	77eb5e000000-77eb66800000	rw-s	/dev/nvidiactl	pages=34816	present=34816	swapped=0	file_or_shared=34816	exclusive=34816	rss_kb=139264	locked_kb=0	anon_kb=0	thp_kb=0	vmflags=rd wr sh mr mw me ms de dd sd mm	pfn_sha=-	flags=-
13:16:25.571	map	1	77eb66800000-77eb68000000	---p	[anon]	pages=6144	present=0	swapped=0	file_or_shared=0	exclusive=0	rss_kb=0	locked_kb=0	anon_kb=0	thp_kb=0	vmflags=mr mw me sd	pfn_sha=-	flags=-
13:16:25.571	map	1	77eb68000000-77eb6ee00000	rw-s	/dev/nvidiactl	pages=28160	present=28160	swapped=0	file_or_shared=28160	exclusive=28160	rss_kb=112640	locked_kb=0	anon_kb=0	thp_kb=0	vmflags=rd wr sh mr mw me ms de dd sd mm	pfn_sha=-	flags=-
13:16:25.571	map	1	77eb6ee00000-77eb70000000	---p	[anon]	pages=4608	present=0	swapped=0	file_or_shared=0	exclusive=0	rss_kb=0	locked_kb=0	anon_kb=0	thp_kb=0	vmflags=mr mw me sd	pfn_sha=-	flags=-
13:16:25.571	map	1	77eb70000000-77eb76e00000	rw-s	/dev/nvidiactl	pages=28160	present=28160	swapped=0	file_or_shared=28160	exclusive=28160	rss_kb=112640	locked_kb=0	anon_kb=0	thp_kb=0	vmflags=rd wr sh mr mw me ms de dd sd mm	pfn_sha=-	flags=-
13:16:25.571	map	1	77eb76e00000-77eb78000000	---p	[anon]	pages=4608	present=0	swapped=0	file_or_shared=0	exclusive=0	rss_kb=0	locked_kb=0	anon_kb=0	thp_kb=0	vmflags=mr mw me sd	pfn_sha=-	flags=-
13:16:25.571	map	1	77eb78000000-77eb80800000	rw-s	/dev/nvidiactl	pages=34816	present=34816	swapped=0	file_or_shared=34816	exclusive=34816	rss_kb=139264	locked_kb=0	anon_kb=0	thp_kb=0	vmflags=rd wr sh mr mw me ms de dd sd mm	pfn_sha=-	flags=-
13:16:25.571	map	1	77eb80800000-77eb82000000	---p	[anon]	pages=6144	present=0	swapped=0	file_or_shared=0	exclusive=0	rss_kb=0	locked_kb=0	anon_kb=0	thp_kb=0	vmflags=mr mw me sd	pfn_sha=-	flags=-
13:16:25.571	map	1	77eb82000000-77eb88e00000	rw-s	/dev/nvidiactl	pages=28160	present=28160	swapped=0	file_or_shared=28160	exclusive=28160	rss_kb=112640	locked_kb=0	anon_kb=0	thp_kb=0	vmflags=rd wr sh mr mw me ms de dd sd mm	pfn_sha=-	flags=-
13:16:25.571	map	1	77eb88e00000-77eb8a000000	---p	[anon]	pages=4608	present=0	swapped=0	file_or_shared=0	exclusive=0	rss_kb=0	locked_kb=0	anon_kb=0	thp_kb=0	vmflags=mr mw me sd	pfn_sha=-	flags=-
13:16:25.571	map	1	77eb8a000000-77eb90e00000	rw-s	/dev/nvidiactl	pages=28160	present=28160	swapped=0	file_or_shared=28160	exclusive=28160	rss_kb=112640	locked_kb=0	anon_kb=0	thp_kb=0	vmflags=rd wr sh mr mw me ms de dd sd mm	pfn_sha=-	flags=-
13:16:25.571	map	1	77eb90e00000-77eb92000000	---p	[anon]	pages=4608	present=0	swapped=0	file_or_shared=0	exclusive=0	rss_kb=0	locked_kb=0	anon_kb=0	thp_kb=0	vmflags=mr mw me sd	pfn_sha=-	flags=-
13:16:25.571	map	1	77eb92000000-77eb9a800000	rw-s	/dev/nvidiactl	pages=34816	present=34816	swapped=0	file_or_shared=34816	exclusive=34816	rss_kb=139264	locked_kb=0	anon_kb=0	thp_kb=0	vmflags=rd wr sh mr mw me ms de dd sd mm	pfn_sha=-	flags=-
13:16:25.571	map	1	77eb9a800000-77eb9c000000	---p	[anon]	pages=6144	present=0	swapped=0	file_or_shared=0	exclusive=0	rss_kb=0	locked_kb=0	anon_kb=0	thp_kb=0	vmflags=mr mw me sd	pfn_sha=-	flags=-
13:16:25.571	map	1	77eb9c000000-77eba2e00000	rw-s	/dev/nvidiactl	pages=28160	present=28160	swapped=0	file_or_shared=28160	exclusive=28160	rss_kb=112640	locked_kb=0	anon_kb=0	thp_kb=0	vmflags=rd wr sh mr mw me ms de dd sd mm	pfn_sha=-	flags=-
13:16:25.571	map	1	77eba2e00000-77eba4000000	---p	[anon]	pages=4608	present=0	swapped=0	file_or_shared=0	exclusive=0	rss_kb=0	locked_kb=0	anon_kb=0	thp_kb=0	vmflags=mr mw me sd	pfn_sha=-	flags=-
13:16:25.571	map	1	77eba4000000-77ebaae00000	rw-s	/dev/nvidiactl	pages=28160	present=28160	swapped=0	file_or_shared=28160	exclusive=28160	rss_kb=112640	locked_kb=0	anon_kb=0	thp_kb=0	vmflags=rd wr sh mr mw me ms de dd sd mm	pfn_sha=-	flags=-
13:16:25.571	map	1	77ebaae00000-77ebac000000	---p	[anon]	pages=4608	present=0	swapped=0	file_or_shared=0	exclusive=0	rss_kb=0	locked_kb=0	anon_kb=0	thp_kb=0	vmflags=mr mw me sd	pfn_sha=-	flags=-
13:16:25.571	map	1	77ebac000000-77ebb4800000	rw-s	/dev/nvidiactl	pages=34816	present=34816	swapped=0	file_or_shared=34816	exclusive=34816	rss_kb=139264	locked_kb=0	anon_kb=0	thp_kb=0	vmflags=rd wr sh mr mw me ms de dd sd mm	pfn_sha=-	flags=-
13:16:25.571	map	1	77ebb4800000-77ebb6000000	---p	[anon]	pages=6144	present=0	swapped=0	file_or_shared=0	exclusive=0	rss_kb=0	locked_kb=0	anon_kb=0	thp_kb=0	vmflags=mr mw me sd	pfn_sha=-	flags=-
13:16:25.571	map	1	77ebb6000000-77ebbce00000	rw-s	/dev/nvidiactl	pages=28160	present=28160	swapped=0	file_or_shared=28160	exclusive=28160	rss_kb=112640	locked_kb=0	anon_kb=0	thp_kb=0	vmflags=rd wr sh mr mw me ms de dd sd mm	pfn_sha=-	flags=-
13:16:25.571	map	1	77ebbce00000-77ebbe000000	---p	[anon]	pages=4608	present=0	swapped=0	file_or_shared=0	exclusive=0	rss_kb=0	locked_kb=0	anon_kb=0	thp_kb=0	vmflags=mr mw me sd	pfn_sha=-	flags=-
13:16:25.571	map	1	77ebbe000000-77ebc4e00000	rw-s	/dev/nvidiactl	pages=28160	present=28160	swapped=0	file_or_shared=28160	exclusive=28160	rss_kb=112640	locked_kb=0	anon_kb=0	thp_kb=0	vmflags=rd wr sh mr mw me ms de dd sd mm	pfn_sha=-	flags=-
13:16:25.571	map	1	77ebc4e00000-77ebc6000000	---p	[anon]	pages=4608	present=0	swapped=0	file_or_shared=0	exclusive=0	rss_kb=0	locked_kb=0	anon_kb=0	thp_kb=0	vmflags=mr mw me sd	pfn_sha=-	flags=-
13:16:25.571	map	1	77ebc6000000-77ebce800000	rw-s	/dev/nvidiactl	pages=34816	present=34816	swapped=0	file_or_shared=34816	exclusive=34816	rss_kb=139264	locked_kb=0	anon_kb=0	thp_kb=0	vmflags=rd wr sh mr mw me ms de dd sd mm	pfn_sha=-	flags=-
13:16:25.571	map	1	77ebce800000-77ebd0000000	---p	[anon]	pages=6144	present=0	swapped=0	file_or_shared=0	exclusive=0	rss_kb=0	locked_kb=0	anon_kb=0	thp_kb=0	vmflags=mr mw me sd	pfn_sha=-	flags=-
13:16:25.571	map	1	77ebd0000000-77ebd6e00000	rw-s	/dev/nvidiactl	pages=28160	present=28160	swapped=0	file_or_shared=28160	exclusive=28160	rss_kb=112640	locked_kb=0	anon_kb=0	thp_kb=0	vmflags=rd wr sh mr mw me ms de dd sd mm	pfn_sha=-	flags=-
13:16:25.571	map	1	77ebd6e00000-77ebd8000000	---p	[anon]	pages=4608	present=0	swapped=0	file_or_shared=0	exclusive=0	rss_kb=0	locked_kb=0	anon_kb=0	thp_kb=0	vmflags=mr mw me sd	pfn_sha=-	flags=-
13:16:25.571	map	1	77ebd8000000-77ebdee00000	rw-s	/dev/nvidiactl	pages=28160	present=28160	swapped=0	file_or_shared=28160	exclusive=28160	rss_kb=112640	locked_kb=0	anon_kb=0	thp_kb=0	vmflags=rd wr sh mr mw me ms de dd sd mm	pfn_sha=-	flags=-
13:16:25.571	map	1	77ebdee00000-77ebe0000000	---p	[anon]	pages=4608	present=0	swapped=0	file_or_shared=0	exclusive=0	rss_kb=0	locked_kb=0	anon_kb=0	thp_kb=0	vmflags=mr mw me sd	pfn_sha=-	flags=-
13:16:25.571	map	1	77ebe0000000-77ebe8800000	rw-s	/dev/nvidiactl	pages=34816	present=34816	swapped=0	file_or_shared=34816	exclusive=34816	rss_kb=139264	locked_kb=0	anon_kb=0	thp_kb=0	vmflags=rd wr sh mr mw me ms de dd sd mm	pfn_sha=-	flags=-
13:16:25.571	map	1	77ebe8800000-77ebea000000	---p	[anon]	pages=6144	present=0	swapped=0	file_or_shared=0	exclusive=0	rss_kb=0	locked_kb=0	anon_kb=0	thp_kb=0	vmflags=mr mw me sd	pfn_sha=-	flags=-
13:16:25.571	map	1	77ebea000000-77ebf0e00000	rw-s	/dev/nvidiactl	pages=28160	present=28160	swapped=0	file_or_shared=28160	exclusive=28160	rss_kb=112640	locked_kb=0	anon_kb=0	thp_kb=0	vmflags=rd wr sh mr mw me ms de dd sd mm	pfn_sha=-	flags=-
13:16:25.571	map	1	77ebf0e00000-77ebf2000000	---p	[anon]	pages=4608	present=0	swapped=0	file_or_shared=0	exclusive=0	rss_kb=0	locked_kb=0	anon_kb=0	thp_kb=0	vmflags=mr mw me sd	pfn_sha=-	flags=-
13:16:25.571	map	1	77ebf2000000-77ebf8e00000	rw-s	/dev/nvidiactl	pages=28160	present=28160	swapped=0	file_or_shared=28160	exclusive=28160	rss_kb=112640	locked_kb=0	anon_kb=0	thp_kb=0	vmflags=rd wr sh mr mw me ms de dd sd mm	pfn_sha=-	flags=-
13:16:25.571	map	1	77ebf8e00000-77ebfa000000	---p	[anon]	pages=4608	present=0	swapped=0	file_or_shared=0	exclusive=0	rss_kb=0	locked_kb=0	anon_kb=0	thp_kb=0	vmflags=mr mw me sd	pfn_sha=-	flags=-
13:16:25.571	map	1	77ebfa000000-77ec02800000	rw-s	/dev/nvidiactl	pages=34816	present=34816	swapped=0	file_or_shared=34816	exclusive=34816	rss_kb=139264	locked_kb=0	anon_kb=0	thp_kb=0	vmflags=rd wr sh mr mw me ms de dd sd mm	pfn_sha=-	flags=-
13:16:25.571	map	1	77ec02800000-77ec04000000	---p	[anon]	pages=6144	present=0	swapped=0	file_or_shared=0	exclusive=0	rss_kb=0	locked_kb=0	anon_kb=0	thp_kb=0	vmflags=mr mw me sd	pfn_sha=-	flags=-
13:16:25.571	map	1	77ec04000000-77ec0ae00000	rw-s	/dev/nvidiactl	pages=28160	present=28160	swapped=0	file_or_shared=28160	exclusive=28160	rss_kb=112640	locked_kb=0	anon_kb=0	thp_kb=0	vmflags=rd wr sh mr mw me ms de dd sd mm	pfn_sha=-	flags=-
13:16:25.571	map	1	77ec0ae00000-77ec0c000000	---p	[anon]	pages=4608	present=0	swapped=0	file_or_shared=0	exclusive=0	rss_kb=0	locked_kb=0	anon_kb=0	thp_kb=0	vmflags=mr mw me sd	pfn_sha=-	flags=-
13:16:25.571	map	1	77ec0c000000-77ec12e00000	rw-s	/dev/nvidiactl	pages=28160	present=28160	swapped=0	file_or_shared=28160	exclusive=28160	rss_kb=112640	locked_kb=0	anon_kb=0	thp_kb=0	vmflags=rd wr sh mr mw me ms de dd sd mm	pfn_sha=-	flags=-
13:16:25.571	map	1	77ec12e00000-77ec14000000	---p	[anon]	pages=4608	present=0	swapped=0	file_or_shared=0	exclusive=0	rss_kb=0	locked_kb=0	anon_kb=0	thp_kb=0	vmflags=mr mw me sd	pfn_sha=-	flags=-
13:16:25.571	map	1	77ec14000000-77ec1c800000	rw-s	/dev/nvidiactl	pages=34816	present=34816	swapped=0	file_or_shared=34816	exclusive=34816	rss_kb=139264	locked_kb=0	anon_kb=0	thp_kb=0	vmflags=rd wr sh mr mw me ms de dd sd mm	pfn_sha=-	flags=-
13:16:25.571	map	1	77ec1c800000-77ec1e000000	---p	[anon]	pages=6144	present=0	swapped=0	file_or_shared=0	exclusive=0	rss_kb=0	locked_kb=0	anon_kb=0	thp_kb=0	vmflags=mr mw me sd	pfn_sha=-	flags=-
13:16:25.571	map	1	77ec1e000000-77ec24e00000	rw-s	/dev/nvidiactl	pages=28160	present=28160	swapped=0	file_or_shared=28160	exclusive=28160	rss_kb=112640	locked_kb=0	anon_kb=0	thp_kb=0	vmflags=rd wr sh mr mw me ms de dd sd mm	pfn_sha=-	flags=-
13:16:25.571	map	1	77ec24e00000-77ec26000000	---p	[anon]	pages=4608	present=0	swapped=0	file_or_shared=0	exclusive=0	rss_kb=0	locked_kb=0	anon_kb=0	thp_kb=0	vmflags=mr mw me sd	pfn_sha=-	flags=-
13:16:25.571	map	1	77ec26000000-77ec2ce00000	rw-s	/dev/nvidiactl	pages=28160	present=28160	swapped=0	file_or_shared=28160	exclusive=28160	rss_kb=112640	locked_kb=0	anon_kb=0	thp_kb=0	vmflags=rd wr sh mr mw me ms de dd sd mm	pfn_sha=-	flags=-
13:16:25.571	map	1	77ec2ce00000-77ec2e000000	---p	[anon]	pages=4608	present=0	swapped=0	file_or_shared=0	exclusive=0	rss_kb=0	locked_kb=0	anon_kb=0	thp_kb=0	vmflags=mr mw me sd	pfn_sha=-	flags=-
13:16:25.571	map	1	77ec2e000000-77ec36800000	rw-s	/dev/nvidiactl	pages=34816	present=34816	swapped=0	file_or_shared=34816	exclusive=34816	rss_kb=139264	locked_kb=0	anon_kb=0	thp_kb=0	vmflags=rd wr sh mr mw me ms de dd sd mm	pfn_sha=-	flags=-
13:16:25.571	map	1	77ec36800000-77ec38000000	---p	[anon]	pages=6144	present=0	swapped=0	file_or_shared=0	exclusive=0	rss_kb=0	locked_kb=0	anon_kb=0	thp_kb=0	vmflags=mr mw me sd	pfn_sha=-	flags=-
13:16:25.571	map	1	77ec38000000-77ec3ee00000	rw-s	/dev/nvidiactl	pages=28160	present=28160	swapped=0	file_or_shared=28160	exclusive=28160	rss_kb=112640	locked_kb=0	anon_kb=0	thp_kb=0	vmflags=rd wr sh mr mw me ms de dd sd mm	pfn_sha=-	flags=-
13:16:25.571	map	1	77ec3ee00000-77ec40000000	---p	[anon]	pages=4608	present=0	swapped=0	file_or_shared=0	exclusive=0	rss_kb=0	locked_kb=0	anon_kb=0	thp_kb=0	vmflags=mr mw me sd	pfn_sha=-	flags=-
13:16:25.571	map	1	77ec40000000-77ec46e00000	rw-s	/dev/nvidiactl	pages=28160	present=28160	swapped=0	file_or_shared=28160	exclusive=28160	rss_kb=112640	locked_kb=0	anon_kb=0	thp_kb=0	vmflags=rd wr sh mr mw me ms de dd sd mm	pfn_sha=-	flags=-
13:16:25.571	map	1	77ec46e00000-77ec48000000	---p	[anon]	pages=4608	present=0	swapped=0	file_or_shared=0	exclusive=0	rss_kb=0	locked_kb=0	anon_kb=0	thp_kb=0	vmflags=mr mw me sd	pfn_sha=-	flags=-
13:16:25.571	map	1	77ec48000000-77ec50800000	rw-s	/dev/nvidiactl	pages=34816	present=34816	swapped=0	file_or_shared=34816	exclusive=34816	rss_kb=139264	locked_kb=0	anon_kb=0	thp_kb=0	vmflags=rd wr sh mr mw me ms de dd sd mm	pfn_sha=-	flags=-
13:16:25.571	map	1	77ec50800000-77ec52000000	---p	[anon]	pages=6144	present=0	swapped=0	file_or_shared=0	exclusive=0	rss_kb=0	locked_kb=0	anon_kb=0	thp_kb=0	vmflags=mr mw me sd	pfn_sha=-	flags=-
13:16:25.571	map	1	77ec52000000-77ec58e00000	rw-s	/dev/nvidiactl	pages=28160	present=28160	swapped=0	file_or_shared=28160	exclusive=28160	rss_kb=112640	locked_kb=0	anon_kb=0	thp_kb=0	vmflags=rd wr sh mr mw me ms de dd sd mm	pfn_sha=-	flags=-
13:16:25.571	map	1	77ec58e00000-77ec5a000000	---p	[anon]	pages=4608	present=0	swapped=0	file_or_shared=0	exclusive=0	rss_kb=0	locked_kb=0	anon_kb=0	thp_kb=0	vmflags=mr mw me sd	pfn_sha=-	flags=-
13:16:25.571	map	1	77ec5a000000-77ec60e00000	rw-s	/dev/nvidiactl	pages=28160	present=28160	swapped=0	file_or_shared=28160	exclusive=28160	rss_kb=112640	locked_kb=0	anon_kb=0	thp_kb=0	vmflags=rd wr sh mr mw me ms de dd sd mm	pfn_sha=-	flags=-
13:16:25.571	map	1	77ec60e00000-77ec62000000	---p	[anon]	pages=4608	present=0	swapped=0	file_or_shared=0	exclusive=0	rss_kb=0	locked_kb=0	anon_kb=0	thp_kb=0	vmflags=mr mw me sd	pfn_sha=-	flags=-
13:16:25.571	map	1	77ec62000000-77ec6a800000	rw-s	/dev/nvidiactl	pages=34816	present=34816	swapped=0	file_or_shared=34816	exclusive=34816	rss_kb=139264	locked_kb=0	anon_kb=0	thp_kb=0	vmflags=rd wr sh mr mw me ms de dd sd mm	pfn_sha=-	flags=-
13:16:25.571	map	1	77ec6a800000-77ec6c000000	---p	[anon]	pages=6144	present=0	swapped=0	file_or_shared=0	exclusive=0	rss_kb=0	locked_kb=0	anon_kb=0	thp_kb=0	vmflags=mr mw me sd	pfn_sha=-	flags=-
13:16:25.571	map	1	77ec6c000000-77ec72e00000	rw-s	/dev/nvidiactl	pages=28160	present=28160	swapped=0	file_or_shared=28160	exclusive=28160	rss_kb=112640	locked_kb=0	anon_kb=0	thp_kb=0	vmflags=rd wr sh mr mw me ms de dd sd mm	pfn_sha=-	flags=-
13:16:25.571	map	1	77ec72e00000-77ec74000000	---p	[anon]	pages=4608	present=0	swapped=0	file_or_shared=0	exclusive=0	rss_kb=0	locked_kb=0	anon_kb=0	thp_kb=0	vmflags=mr mw me sd	pfn_sha=-	flags=-
13:16:25.571	map	1	77ec74000000-77ec7ae00000	rw-s	/dev/nvidiactl	pages=28160	present=28160	swapped=0	file_or_shared=28160	exclusive=28160	rss_kb=112640	locked_kb=0	anon_kb=0	thp_kb=0	vmflags=rd wr sh mr mw me ms de dd sd mm	pfn_sha=-	flags=-
13:16:25.571	map	1	77ec7ae00000-77ec7c000000	---p	[anon]	pages=4608	present=0	swapped=0	file_or_shared=0	exclusive=0	rss_kb=0	locked_kb=0	anon_kb=0	thp_kb=0	vmflags=mr mw me sd	pfn_sha=-	flags=-
13:16:25.571	map	1	77ec7c000000-77ec84800000	rw-s	/dev/nvidiactl	pages=34816	present=34816	swapped=0	file_or_shared=34816	exclusive=34816	rss_kb=139264	locked_kb=0	anon_kb=0	thp_kb=0	vmflags=rd wr sh mr mw me ms de dd sd mm	pfn_sha=-	flags=-
13:16:25.571	map	1	77ec84800000-77ec86000000	---p	[anon]	pages=6144	present=0	swapped=0	file_or_shared=0	exclusive=0	rss_kb=0	locked_kb=0	anon_kb=0	thp_kb=0	vmflags=mr mw me sd	pfn_sha=-	flags=-
13:16:25.571	map	1	77ec86000000-77ec8ce00000	rw-s	/dev/nvidiactl	pages=28160	present=28160	swapped=0	file_or_shared=28160	exclusive=28160	rss_kb=112640	locked_kb=0	anon_kb=0	thp_kb=0	vmflags=rd wr sh mr mw me ms de dd sd mm	pfn_sha=-	flags=-
13:16:25.571	map	1	77ec8ce00000-77ec8e000000	---p	[anon]	pages=4608	present=0	swapped=0	file_or_shared=0	exclusive=0	rss_kb=0	locked_kb=0	anon_kb=0	thp_kb=0	vmflags=mr mw me sd	pfn_sha=-	flags=-
13:16:25.571	map	1	77ec8e000000-77ec94e00000	rw-s	/dev/nvidiactl	pages=28160	present=28160	swapped=0	file_or_shared=28160	exclusive=28160	rss_kb=112640	locked_kb=0	anon_kb=0	thp_kb=0	vmflags=rd wr sh mr mw me ms de dd sd mm	pfn_sha=-	flags=-
13:16:25.571	map	1	77ec94e00000-77ec96000000	---p	[anon]	pages=4608	present=0	swapped=0	file_or_shared=0	exclusive=0	rss_kb=0	locked_kb=0	anon_kb=0	thp_kb=0	vmflags=mr mw me sd	pfn_sha=-	flags=-
13:16:25.571	map	1	77ec96000000-77ec9e800000	rw-s	/dev/nvidiactl	pages=34816	present=34816	swapped=0	file_or_shared=34816	exclusive=34816	rss_kb=139264	locked_kb=0	anon_kb=0	thp_kb=0	vmflags=rd wr sh mr mw me ms de dd sd mm	pfn_sha=-	flags=-
13:16:25.571	map	1	77ec9e800000-77eca0000000	---p	[anon]	pages=6144	present=0	swapped=0	file_or_shared=0	exclusive=0	rss_kb=0	locked_kb=0	anon_kb=0	thp_kb=0	vmflags=mr mw me sd	pfn_sha=-	flags=-
13:16:25.571	map	1	77eca0000000-77eca6e00000	rw-s	/dev/nvidiactl	pages=28160	present=28160	swapped=0	file_or_shared=28160	exclusive=28160	rss_kb=112640	locked_kb=0	anon_kb=0	thp_kb=0	vmflags=rd wr sh mr mw me ms de dd sd mm	pfn_sha=-	flags=-
13:16:25.571	map	1	77eca6e00000-77eca8000000	---p	[anon]	pages=4608	present=0	swapped=0	file_or_shared=0	exclusive=0	rss_kb=0	locked_kb=0	anon_kb=0	thp_kb=0	vmflags=mr mw me sd	pfn_sha=-	flags=-
13:16:25.571	map	1	77eca8000000-77ecaee00000	rw-s	/dev/nvidiactl	pages=28160	present=28160	swapped=0	file_or_shared=28160	exclusive=28160	rss_kb=112640	locked_kb=0	anon_kb=0	thp_kb=0	vmflags=rd wr sh mr mw me ms de dd sd mm	pfn_sha=-	flags=-
13:16:25.571	map	1	77ecaee00000-77ecb0000000	---p	[anon]	pages=4608	present=0	swapped=0	file_or_shared=0	exclusive=0	rss_kb=0	locked_kb=0	anon_kb=0	thp_kb=0	vmflags=mr mw me sd	pfn_sha=-	flags=-
13:16:25.571	map	1	77ecb0000000-77ecb8800000	rw-s	/dev/nvidiactl	pages=34816	present=34816	swapped=0	file_or_shared=34816	exclusive=34816	rss_kb=139264	locked_kb=0	anon_kb=0	thp_kb=0	vmflags=rd wr sh mr mw me ms de dd sd mm	pfn_sha=-	flags=-
13:16:25.571	map	1	77ecb8800000-77ecba000000	---p	[anon]	pages=6144	present=0	swapped=0	file_or_shared=0	exclusive=0	rss_kb=0	locked_kb=0	anon_kb=0	thp_kb=0	vmflags=mr mw me sd	pfn_sha=-	flags=-
13:16:25.571	map	1	77ecba000000-77ecc0e00000	rw-s	/dev/nvidiactl	pages=28160	present=28160	swapped=0	file_or_shared=28160	exclusive=28160	rss_kb=112640	locked_kb=0	anon_kb=0	thp_kb=0	vmflags=rd wr sh mr mw me ms de dd sd mm	pfn_sha=-	flags=-
13:16:25.571	map	1	77ecc0e00000-77ecc2000000	---p	[anon]	pages=4608	present=0	swapped=0	file_or_shared=0	exclusive=0	rss_kb=0	locked_kb=0	anon_kb=0	thp_kb=0	vmflags=mr mw me sd	pfn_sha=-	flags=-
13:16:25.571	map	1	77ecc2000000-77ecc8e00000	rw-s	/dev/nvidiactl	pages=28160	present=28160	swapped=0	file_or_shared=28160	exclusive=28160	rss_kb=112640	locked_kb=0	anon_kb=0	thp_kb=0	vmflags=rd wr sh mr mw me ms de dd sd mm	pfn_sha=-	flags=-
13:16:25.571	map	1	77ecc8e00000-77ecca000000	---p	[anon]	pages=4608	present=0	swapped=0	file_or_shared=0	exclusive=0	rss_kb=0	locked_kb=0	anon_kb=0	thp_kb=0	vmflags=mr mw me sd	pfn_sha=-	flags=-
13:16:25.571	map	1	77ecca731000-77eceaa82000	rw-p	[anon]	pages=131921	present=131921	swapped=0	file_or_shared=0	exclusive=131921	rss_kb=527684	locked_kb=0	anon_kb=527684	thp_kb=0	vmflags=rd wr mr mw me ac sd	pfn_sha=-	flags=-
13:16:25.571	map	1	77eceaa82000-77f128000000	r--s	/root/artifacts/Qwen3.6-35B-A3B-UD-IQ4_XS.gguf	pages=4445566	present=4342062	swapped=0	file_or_shared=4342062	exclusive=4342062	rss_kb=17368248	locked_kb=0	anon_kb=0	thp_kb=0	vmflags=rd mr me ms sd	pfn_sha=-	flags=-
13:16:25.571	map	1	77f128000000-77f128021000	rw-p	[anon]	pages=33	present=1	swapped=0	file_or_shared=0	exclusive=1	rss_kb=4	locked_kb=0	anon_kb=4	thp_kb=0	vmflags=rd wr mr mw me ac sd	pfn_sha=-	flags=-
13:16:25.571	map	1	77f128021000-77f14e600000	---p	[anon]	pages=157151	present=0	swapped=0	file_or_shared=0	exclusive=0	rss_kb=0	locked_kb=0	anon_kb=0	thp_kb=0	vmflags=mr mw me sd	pfn_sha=-	flags=-
13:16:25.571	map	1	77f14e600000-77f14e800000	rw-s	/dev/nvidiactl	pages=512	present=512	swapped=0	file_or_shared=512	exclusive=512	rss_kb=2048	locked_kb=0	anon_kb=0	thp_kb=0	vmflags=rd wr sh mr mw me ms de dd sd mm	pfn_sha=-	flags=-
13:16:25.571	map	1	77f14e800000-77f14ea00000	rw-s	/dev/zero (deleted)	pages=512	present=512	swapped=0	file_or_shared=512	exclusive=512	rss_kb=2048	locked_kb=0	anon_kb=0	thp_kb=0	vmflags=rd wr sh mr mw me ms sd	pfn_sha=-	flags=-
13:16:25.571	map	1	77f14ea00000-77f14ec00000	rw-s	/dev/zero (deleted)	pages=512	present=512	swapped=0	file_or_shared=512	exclusive=512	rss_kb=2048	locked_kb=0	anon_kb=0	thp_kb=0	vmflags=rd wr sh mr mw me ms sd	pfn_sha=-	flags=-
13:16:25.571	map	1	77f14ec00000-77f14f000000	---p	[anon]	pages=1024	present=0	swapped=0	file_or_shared=0	exclusive=0	rss_kb=0	locked_kb=0	anon_kb=0	thp_kb=0	vmflags=mr mw me sd	pfn_sha=-	flags=-
13:16:25.571	map	1	77f14f000000-77f14f200000	rw-s	/dev/nvidiactl	pages=512	present=512	swapped=0	file_or_shared=512	exclusive=512	rss_kb=2048	locked_kb=0	anon_kb=0	thp_kb=0	vmflags=rd wr sh mr mw me ms de dd sd mm	pfn_sha=-	flags=-
13:16:25.571	map	1	77f14f200000-77f14f800000	---p	[anon]	pages=1536	present=0	swapped=0	file_or_shared=0	exclusive=0	rss_kb=0	locked_kb=0	anon_kb=0	thp_kb=0	vmflags=mr mw me sd	pfn_sha=-	flags=-
13:16:25.571	map	1	77f14f800000-77f14fa00000	rw-s	/dev/zero (deleted)	pages=512	present=512	swapped=0	file_or_shared=512	exclusive=512	rss_kb=2048	locked_kb=0	anon_kb=0	thp_kb=0	vmflags=rd wr sh mr mw me ms sd	pfn_sha=-	flags=-
13:16:25.571	map	1	77f14fa00000-77f14ffec000	rw-s	/dev/nvidiactl	pages=1516	present=1516	swapped=0	file_or_shared=1516	exclusive=1516	rss_kb=6064	locked_kb=0	anon_kb=0	thp_kb=0	vmflags=rd wr sh mr mw me ms de dd sd mm	pfn_sha=-	flags=-
13:16:25.571	map	1	77f14ffec000-77f150000000	---p	[anon]	pages=20	present=0	swapped=0	file_or_shared=0	exclusive=0	rss_kb=0	locked_kb=0	anon_kb=0	thp_kb=0	vmflags=mr mw me sd	pfn_sha=-	flags=-
13:16:25.571	map	1	77f150000000-77f150021000	rw-p	[anon]	pages=33	present=1	swapped=0	file_or_shared=0	exclusive=1	rss_kb=4	locked_kb=0	anon_kb=4	thp_kb=0	vmflags=rd wr mr mw me ac sd	pfn_sha=-	flags=-
13:16:25.571	map	1	77f150021000-77f154000000	---p	[anon]	pages=16351	present=0	swapped=0	file_or_shared=0	exclusive=0	rss_kb=0	locked_kb=0	anon_kb=0	thp_kb=0	vmflags=mr mw me sd	pfn_sha=-	flags=-
13:16:25.571	map	1	77f155005000-77f15588a000	rw-p	[anon]	pages=2181	present=2181	swapped=0	file_or_shared=0	exclusive=2181	rss_kb=8724	locked_kb=0	anon_kb=8724	thp_kb=0	vmflags=rd wr mr mw me ac sd	pfn_sha=-	flags=-
13:16:25.571	map	1	77f1560c7000-77f156ae8000	rw-p	[anon]	pages=2593	present=2592	swapped=0	file_or_shared=0	exclusive=2592	rss_kb=10368	locked_kb=0	anon_kb=10368	thp_kb=0	vmflags=rd wr mr mw me ac sd	pfn_sha=-	flags=-
13:16:25.571	map	1	77f156ae8000-77f156ae9000	---p	[anon]	pages=1	present=0	swapped=0	file_or_shared=0	exclusive=0	rss_kb=0	locked_kb=0	anon_kb=0	thp_kb=0	vmflags=mr mw me sd nh	pfn_sha=-	flags=-
13:16:25.571	map	1	77f156ae9000-77f1572e9000	rw-p	[anon]	pages=2048	present=33	swapped=0	file_or_shared=0	exclusive=33	rss_kb=132	locked_kb=0	anon_kb=132	thp_kb=0	vmflags=rd wr mr mw me ac sd nh	pfn_sha=-	flags=-
13:16:25.571	map	1	77f1572e9000-77f1576d7000	rw-p	[anon]	pages=1006	present=1006	swapped=0	file_or_shared=0	exclusive=1006	rss_kb=4024	locked_kb=0	anon_kb=4024	thp_kb=0	vmflags=rd wr mr mw me ac sd	pfn_sha=-	flags=-
13:16:25.571	map	1	77f157ac0000-77f157bab000	rw-p	[anon]	pages=235	present=235	swapped=0	file_or_shared=0	exclusive=235	rss_kb=940	locked_kb=0	anon_kb=940	thp_kb=0	vmflags=rd wr mr mw me ac sd	pfn_sha=-	flags=-
13:16:25.571	map	1	77f157c83000-77f157e83000	rw-s	/dev/zero (deleted)	pages=512	present=512	swapped=0	file_or_shared=512	exclusive=512	rss_kb=2048	locked_kb=0	anon_kb=0	thp_kb=0	vmflags=rd wr sh mr mw me ms sd	pfn_sha=-	flags=-
13:16:25.571	map	1	77f157e83000-77f158000000	rw-p	[anon]	pages=381	present=251	swapped=0	file_or_shared=0	exclusive=251	rss_kb=1004	locked_kb=0	anon_kb=1004	thp_kb=0	vmflags=rd wr mr mw me ac sd	pfn_sha=-	flags=-
13:16:25.571	map	1	77f158000000-77f35c000000	---p	[anon]	pages=2113536	present=0	swapped=0	file_or_shared=0	exclusive=0	rss_kb=0	locked_kb=0	anon_kb=0	thp_kb=0	vmflags=mr mw me sd	pfn_sha=-	flags=-
13:16:25.571	map	1	77f35c000000-77f35c021000	rw-p	[anon]	pages=33	present=1	swapped=0	file_or_shared=0	exclusive=1	rss_kb=4	locked_kb=0	anon_kb=4	thp_kb=0	vmflags=rd wr mr mw me ac sd	pfn_sha=-	flags=-
13:16:25.571	map	1	77f35c021000-77f360000000	---p	[anon]	pages=16351	present=0	swapped=0	file_or_shared=0	exclusive=0	rss_kb=0	locked_kb=0	anon_kb=0	thp_kb=0	vmflags=mr mw me sd	pfn_sha=-	flags=-
13:16:25.571	map	1	77f360006000-77f3601bb000	rw-p	[anon]	pages=437	present=20	swapped=0	file_or_shared=0	exclusive=20	rss_kb=80	locked_kb=0	anon_kb=80	thp_kb=0	vmflags=rd wr mr mw me ac sd	pfn_sha=-	flags=-
13:16:25.571	map	1	77f3601bb000-77f3601bc000	rw-s	/dev/nvidiactl	pages=1	present=1	swapped=0	file_or_shared=1	exclusive=1	rss_kb=4	locked_kb=0	anon_kb=0	thp_kb=0	vmflags=rd wr sh mr mw me ms de dd sd mm	pfn_sha=-	flags=-
13:16:25.571	map	1	77f3601bc000-77f3601bd000	rw-s	/dev/nvidiactl	pages=1	present=1	swapped=0	file_or_shared=1	exclusive=1	rss_kb=4	locked_kb=0	anon_kb=0	thp_kb=0	vmflags=rd wr sh mr mw me ms de dd sd mm	pfn_sha=-	flags=-
13:16:25.571	map	1	77f3601bd000-77f3601be000	rw-s	/dev/nvidiactl	pages=1	present=1	swapped=0	file_or_shared=1	exclusive=1	rss_kb=4	locked_kb=0	anon_kb=0	thp_kb=0	vmflags=rd wr sh mr mw me ms de dd sd mm	pfn_sha=-	flags=-
13:16:25.571	map	1	77f3601be000-77f3601bf000	rw-s	/dev/nvidiactl	pages=1	present=1	swapped=0	file_or_shared=1	exclusive=1	rss_kb=4	locked_kb=0	anon_kb=0	thp_kb=0	vmflags=rd wr sh mr mw me ms de dd sd mm	pfn_sha=-	flags=-
13:16:25.571	map	1	77f3601bf000-77f3601c0000	rw-s	/dev/nvidiactl	pages=1	present=1	swapped=0	file_or_shared=1	exclusive=1	rss_kb=4	locked_kb=0	anon_kb=0	thp_kb=0	vmflags=rd wr sh mr mw me ms de dd sd mm	pfn_sha=-	flags=-
13:16:25.571	map	1	77f3601c0000-77f3601c1000	rw-s	/dev/nvidiactl	pages=1	present=1	swapped=0	file_or_shared=1	exclusive=1	rss_kb=4	locked_kb=0	anon_kb=0	thp_kb=0	vmflags=rd wr sh mr mw me ms de dd sd mm	pfn_sha=-	flags=-
13:16:25.571	map	1	77f3601c1000-77f3601c2000	rw-s	/dev/nvidiactl	pages=1	present=1	swapped=0	file_or_shared=1	exclusive=1	rss_kb=4	locked_kb=0	anon_kb=0	thp_kb=0	vmflags=rd wr sh mr mw me ms de dd sd mm	pfn_sha=-	flags=-
13:16:25.571	map	1	77f3601c2000-77f3601c3000	rw-s	/dev/nvidiactl	pages=1	present=1	swapped=0	file_or_shared=1	exclusive=1	rss_kb=4	locked_kb=0	anon_kb=0	thp_kb=0	vmflags=rd wr sh mr mw me ms de dd sd mm	pfn_sha=-	flags=-
13:16:25.571	map	1	77f3601c3000-77f3601c4000	rw-s	/dev/nvidiactl	pages=1	present=1	swapped=0	file_or_shared=1	exclusive=1	rss_kb=4	locked_kb=0	anon_kb=0	thp_kb=0	vmflags=rd wr sh mr mw me ms de dd sd mm	pfn_sha=-	flags=-
13:16:25.571	map	1	77f3601c4000-77f3601c5000	rw-s	/dev/nvidiactl	pages=1	present=1	swapped=0	file_or_shared=1	exclusive=1	rss_kb=4	locked_kb=0	anon_kb=0	thp_kb=0	vmflags=rd wr sh mr mw me ms de dd sd mm	pfn_sha=-	flags=-
13:16:25.571	map	1	77f3601c5000-77f3601c6000	rw-s	/dev/nvidiactl	pages=1	present=1	swapped=0	file_or_shared=1	exclusive=1	rss_kb=4	locked_kb=0	anon_kb=0	thp_kb=0	vmflags=rd wr sh mr mw me ms de dd sd mm	pfn_sha=-	flags=-
13:16:25.571	map	1	77f3601c6000-77f3601c7000	rw-s	/dev/nvidiactl	pages=1	present=1	swapped=0	file_or_shared=1	exclusive=1	rss_kb=4	locked_kb=0	anon_kb=0	thp_kb=0	vmflags=rd wr sh mr mw me ms de dd sd mm	pfn_sha=-	flags=-
13:16:25.571	map	1	77f3601c7000-77f3601c8000	rw-s	/dev/nvidiactl	pages=1	present=1	swapped=0	file_or_shared=1	exclusive=1	rss_kb=4	locked_kb=0	anon_kb=0	thp_kb=0	vmflags=rd wr sh mr mw me ms de dd sd mm	pfn_sha=-	flags=-
13:16:25.571	map	1	77f3601c8000-77f3601c9000	rw-s	/dev/nvidiactl	pages=1	present=1	swapped=0	file_or_shared=1	exclusive=1	rss_kb=4	locked_kb=0	anon_kb=0	thp_kb=0	vmflags=rd wr sh mr mw me ms de dd sd mm	pfn_sha=-	flags=-
13:16:25.571	map	1	77f3601c9000-77f3601ca000	rw-s	/dev/nvidiactl	pages=1	present=1	swapped=0	file_or_shared=1	exclusive=1	rss_kb=4	locked_kb=0	anon_kb=0	thp_kb=0	vmflags=rd wr sh mr mw me ms de dd sd mm	pfn_sha=-	flags=-
13:16:25.571	map	1	77f3601ca000-77f3601cb000	rw-s	/dev/nvidiactl	pages=1	present=1	swapped=0	file_or_shared=1	exclusive=1	rss_kb=4	locked_kb=0	anon_kb=0	thp_kb=0	vmflags=rd wr sh mr mw me ms de dd sd mm	pfn_sha=-	flags=-
13:16:25.571	map	1	77f3601cb000-77f3613dc000	---p	[anon]	pages=4625	present=0	swapped=0	file_or_shared=0	exclusive=0	rss_kb=0	locked_kb=0	anon_kb=0	thp_kb=0	vmflags=mr mw me sd	pfn_sha=-	flags=-
13:16:25.571	map	1	77f3613dc000-77f3613dd000	---p	[anon]	pages=1	present=0	swapped=0	file_or_shared=0	exclusive=0	rss_kb=0	locked_kb=0	anon_kb=0	thp_kb=0	vmflags=mr mw me sd nh	pfn_sha=-	flags=-
13:16:25.571	map	1	77f3613dd000-77f361bdd000	rw-p	[anon]	pages=2048	present=33	swapped=0	file_or_shared=0	exclusive=33	rss_kb=132	locked_kb=0	anon_kb=132	thp_kb=0	vmflags=rd wr mr mw me ac sd nh	pfn_sha=-	flags=-
13:16:25.571	map	1	77f361bdd000-77f361bde000	---p	[anon]	pages=1	present=0	swapped=0	file_or_shared=0	exclusive=0	rss_kb=0	locked_kb=0	anon_kb=0	thp_kb=0	vmflags=mr mw me sd nh	pfn_sha=-	flags=-
13:16:25.571	map	1	77f361bde000-77f3623de000	rw-p	[anon]	pages=2048	present=33	swapped=0	file_or_shared=0	exclusive=33	rss_kb=132	locked_kb=0	anon_kb=132	thp_kb=0	vmflags=rd wr mr mw me ac sd nh	pfn_sha=-	flags=-
13:16:25.571	map	1	77f3623de000-77f3635ff000	---p	[anon]	pages=4641	present=0	swapped=0	file_or_shared=0	exclusive=0	rss_kb=0	locked_kb=0	anon_kb=0	thp_kb=0	vmflags=mr mw me sd	pfn_sha=-	flags=-
13:16:25.571	map	1	77f3635ff000-77f363953000	rw-p	[anon]	pages=852	present=2	swapped=0	file_or_shared=0	exclusive=2	rss_kb=8	locked_kb=0	anon_kb=8	thp_kb=0	vmflags=rd wr mr mw me ac sd	pfn_sha=-	flags=-
13:16:25.571	map	1	77f363953000-77f363954000	---p	[anon]	pages=1	present=0	swapped=0	file_or_shared=0	exclusive=0	rss_kb=0	locked_kb=0	anon_kb=0	thp_kb=0	vmflags=mr mw me sd nh	pfn_sha=-	flags=-
13:16:25.571	map	1	77f363954000-77f364154000	rw-p	[anon]	pages=2048	present=33	swapped=0	file_or_shared=0	exclusive=33	rss_kb=132	locked_kb=0	anon_kb=132	thp_kb=0	vmflags=rd wr mr mw me ac sd nh	pfn_sha=-	flags=-
13:16:25.571	map	1	77f364154000-77f3642bb000	r--p	/usr/local/cuda-13.1/compat/libcuda.so.590.48.01	pages=359	present=359	swapped=0	file_or_shared=359	exclusive=0	rss_kb=1436	locked_kb=0	anon_kb=0	thp_kb=0	vmflags=rd mr mw me sd	pfn_sha=-	flags=-
13:16:25.571	map	1	77f3642bb000-77f365347000	r-xp	/usr/local/cuda-13.1/compat/libcuda.so.590.48.01	pages=4236	present=1004	swapped=0	file_or_shared=1004	exclusive=776	rss_kb=4016	locked_kb=0	anon_kb=0	thp_kb=0	vmflags=rd ex mr mw me sd	pfn_sha=-	flags=-
13:16:25.571	map	1	77f365347000-77f369e45000	r--p	/usr/local/cuda-13.1/compat/libcuda.so.590.48.01	pages=19198	present=2576	swapped=0	file_or_shared=2576	exclusive=2499	rss_kb=10304	locked_kb=0	anon_kb=0	thp_kb=0	vmflags=rd mr mw me sd	pfn_sha=-	flags=-
13:16:25.571	map	1	77f369e45000-77f369e46000	---p	/usr/local/cuda-13.1/compat/libcuda.so.590.48.01	pages=1	present=0	swapped=0	file_or_shared=0	exclusive=0	rss_kb=0	locked_kb=0	anon_kb=0	thp_kb=0	vmflags=mr mw me sd	pfn_sha=-	flags=-
13:16:25.571	map	1	77f369e46000-77f369f7f000	r--p	/usr/local/cuda-13.1/compat/libcuda.so.590.48.01	pages=313	present=311	swapped=0	file_or_shared=1	exclusive=311	rss_kb=1244	locked_kb=0	anon_kb=1240	thp_kb=0	vmflags=rd mr mw me ac sd	pfn_sha=-	flags=-
13:16:25.571	map	1	77f369f7f000-77f369f84000	rw-p	/usr/local/cuda-13.1/compat/libcuda.so.590.48.01	pages=5	present=5	swapped=0	file_or_shared=0	exclusive=5	rss_kb=20	locked_kb=0	anon_kb=20	thp_kb=0	vmflags=rd wr mr mw me ac sd	pfn_sha=-	flags=-
13:16:25.571	map	1	77f369f84000-77f369fed000	rw-p	[anon]	pages=105	present=24	swapped=0	file_or_shared=0	exclusive=22	rss_kb=88	locked_kb=0	anon_kb=88	thp_kb=0	vmflags=rd wr mr mw me ac sd	pfn_sha=-	flags=-
13:16:25.571	map	1	77f369fed000-77f36a015000	r--p	/usr/lib/x86_64-linux-gnu/libc.so.6	pages=40	present=40	swapped=0	file_or_shared=40	exclusive=0	rss_kb=160	locked_kb=0	anon_kb=0	thp_kb=0	vmflags=rd mr mw me sd	pfn_sha=-	flags=-
13:16:25.571	map	1	77f36a015000-77f36a19e000	r-xp	/usr/lib/x86_64-linux-gnu/libc.so.6	pages=393	present=299	swapped=0	file_or_shared=299	exclusive=0	rss_kb=1196	locked_kb=0	anon_kb=0	thp_kb=0	vmflags=rd ex mr mw me sd	pfn_sha=-	flags=-
13:16:25.571	map	1	77f36a19e000-77f36a1ed000	r--p	/usr/lib/x86_64-linux-gnu/libc.so.6	pages=79	present=48	swapped=0	file_or_shared=48	exclusive=0	rss_kb=192	locked_kb=0	anon_kb=0	thp_kb=0	vmflags=rd mr mw me sd	pfn_sha=-	flags=-
13:16:25.571	map	1	77f36a1ed000-77f36a1f1000	r--p	/usr/lib/x86_64-linux-gnu/libc.so.6	pages=4	present=4	swapped=0	file_or_shared=0	exclusive=4	rss_kb=16	locked_kb=0	anon_kb=16	thp_kb=0	vmflags=rd mr mw me ac sd	pfn_sha=-	flags=-
13:16:25.571	map	1	77f36a1f1000-77f36a1f3000	rw-p	/usr/lib/x86_64-linux-gnu/libc.so.6	pages=2	present=2	swapped=0	file_or_shared=0	exclusive=2	rss_kb=8	locked_kb=0	anon_kb=8	thp_kb=0	vmflags=rd wr mr mw me ac sd	pfn_sha=-	flags=-
13:16:25.571	map	1	77f36a1f3000-77f36a200000	rw-p	[anon]	pages=13	present=5	swapped=0	file_or_shared=0	exclusive=5	rss_kb=20	locked_kb=0	anon_kb=20	thp_kb=0	vmflags=rd wr mr mw me ac sd	pfn_sha=-	flags=-
13:16:25.571	map	1	77f36a200000-77f36d59b000	r-xp	/usr/local/cuda-13.1/targets/x86_64-linux/lib/libcublas.so.13.2.2.2	pages=13211	present=304	swapped=0	file_or_shared=304	exclusive=304	rss_kb=1216	locked_kb=0	anon_kb=0	thp_kb=0	vmflags=rd ex mr mw me sd	pfn_sha=-	flags=-
13:16:25.571	map	1	77f36d59b000-77f36d79b000	---p	/usr/local/cuda-13.1/targets/x86_64-linux/lib/libcublas.so.13.2.2.2	pages=512	present=0	swapped=0	file_or_shared=0	exclusive=0	rss_kb=0	locked_kb=0	anon_kb=0	thp_kb=0	vmflags=mr mw me sd	pfn_sha=-	flags=-
13:16:25.571	map	1	77f36d79b000-77f36d7a7000	r--p	/usr/local/cuda-13.1/targets/x86_64-linux/lib/libcublas.so.13.2.2.2	pages=12	present=12	swapped=0	file_or_shared=1	exclusive=12	rss_kb=48	locked_kb=0	anon_kb=44	thp_kb=0	vmflags=rd mr mw me ac sd	pfn_sha=-	flags=-
13:16:25.571	map	1	77f36d7a7000-77f36d7ae000	rw-p	/usr/local/cuda-13.1/targets/x86_64-linux/lib/libcublas.so.13.2.2.2	pages=7	present=7	swapped=0	file_or_shared=0	exclusive=7	rss_kb=28	locked_kb=0	anon_kb=28	thp_kb=0	vmflags=rd wr mr mw me ac sd	pfn_sha=-	flags=-
13:16:25.571	map	1	77f36d7ae000-77f36d7d2000	rw-p	[anon]	pages=36	present=30	swapped=0	file_or_shared=0	exclusive=30	rss_kb=120	locked_kb=0	anon_kb=120	thp_kb=0	vmflags=rd wr mr mw me ac sd	pfn_sha=-	flags=-
13:16:25.571	map	1	77f36d7da000-77f36d800000	rw-p	[anon]	pages=38	present=6	swapped=0	file_or_shared=0	exclusive=6	rss_kb=24	locked_kb=0	anon_kb=24	thp_kb=0	vmflags=rd wr mr mw me ac sd	pfn_sha=-	flags=-
13:16:25.571	map	1	77f36d800000-77f3846ee000	r-xp	/usr/local/cuda-13.1/targets/x86_64-linux/lib/libcublasLt.so.13.2.2.2	pages=93934	present=12816	swapped=0	file_or_shared=12816	exclusive=12816	rss_kb=51264	locked_kb=0	anon_kb=0	thp_kb=0	vmflags=rd ex mr mw me sd	pfn_sha=-	flags=-
13:16:25.571	map	1	77f3846ee000-77f3848ee000	---p	/usr/local/cuda-13.1/targets/x86_64-linux/lib/libcublasLt.so.13.2.2.2	pages=512	present=0	swapped=0	file_or_shared=0	exclusive=0	rss_kb=0	locked_kb=0	anon_kb=0	thp_kb=0	vmflags=mr mw me sd	pfn_sha=-	flags=-
13:16:25.571	map	1	77f3848ee000-77f384ba4000	r--p	/usr/local/cuda-13.1/targets/x86_64-linux/lib/libcublasLt.so.13.2.2.2	pages=694	present=694	swapped=0	file_or_shared=20	exclusive=694	rss_kb=2776	locked_kb=0	anon_kb=2696	thp_kb=0	vmflags=rd mr mw me ac sd	pfn_sha=-	flags=-
13:16:25.571	map	1	77f384ba4000-77f385209000	rw-p	/usr/local/cuda-13.1/targets/x86_64-linux/lib/libcublasLt.so.13.2.2.2	pages=1637	present=194	swapped=0	file_or_shared=43	exclusive=194	rss_kb=776	locked_kb=0	anon_kb=604	thp_kb=0	vmflags=rd wr mr mw me ac sd	pfn_sha=-	flags=-
13:16:25.571	map	1	77f385209000-77f38a776000	rw-p	[anon]	pages=21869	present=21243	swapped=0	file_or_shared=0	exclusive=21243	rss_kb=84972	locked_kb=0	anon_kb=84972	thp_kb=0	vmflags=rd wr mr mw me ac sd	pfn_sha=-	flags=-
13:16:25.571	map	1	77f38a776000-77f38a975000	---p	/usr/local/cuda-13.1/targets/x86_64-linux/lib/libcublasLt.so.13.2.2.2	pages=511	present=0	swapped=0	file_or_shared=0	exclusive=0	rss_kb=0	locked_kb=0	anon_kb=0	thp_kb=0	vmflags=mr mw me sd	pfn_sha=-	flags=-
13:16:25.571	map	1	77f38a975000-77f38b3d8000	r--p	/usr/local/cuda-13.1/targets/x86_64-linux/lib/libcublasLt.so.13.2.2.2	pages=2659	present=1611	swapped=0	file_or_shared=1611	exclusive=1611	rss_kb=6444	locked_kb=0	anon_kb=0	thp_kb=0	vmflags=rd mr mw me sd	pfn_sha=-	flags=-
13:16:25.571	map	1	77f38b3d8000-77f38b5d7000	---p	/usr/local/cuda-13.1/targets/x86_64-linux/lib/libcublasLt.so.13.2.2.2	pages=511	present=0	swapped=0	file_or_shared=0	exclusive=0	rss_kb=0	locked_kb=0	anon_kb=0	thp_kb=0	vmflags=mr mw me sd	pfn_sha=-	flags=-
13:16:25.571	map	1	77f38b5d7000-77f391152000	rw-p	/usr/local/cuda-13.1/targets/x86_64-linux/lib/libcublasLt.so.13.2.2.2	pages=23419	present=346	swapped=0	file_or_shared=0	exclusive=346	rss_kb=1384	locked_kb=0	anon_kb=1384	thp_kb=0	vmflags=rd wr mr mw me ac sd	pfn_sha=-	flags=-
13:16:25.571	map	1	77f391160000-77f391182000	rw-p	[anon]	pages=34	present=3	swapped=0	file_or_shared=0	exclusive=3	rss_kb=12	locked_kb=0	anon_kb=12	thp_kb=0	vmflags=rd wr mr mw me ac sd	pfn_sha=-	flags=-
13:16:25.571	map	1	77f391182000-77f39121f000	r--p	/usr/lib/x86_64-linux-gnu/libstdc++.so.6.0.33	pages=157	present=157	swapped=0	file_or_shared=157	exclusive=157	rss_kb=628	locked_kb=0	anon_kb=0	thp_kb=0	vmflags=rd mr mw me sd	pfn_sha=-	flags=-
13:16:25.571	map	1	77f39121f000-77f391367000	r-xp	/usr/lib/x86_64-linux-gnu/libstdc++.so.6.0.33	pages=328	present=176	swapped=0	file_or_shared=176	exclusive=176	rss_kb=704	locked_kb=0	anon_kb=0	thp_kb=0	vmflags=rd ex mr mw me sd	pfn_sha=-	flags=-
13:16:25.571	map	1	77f391367000-77f3913ee000	r--p	/usr/lib/x86_64-linux-gnu/libstdc++.so.6.0.33	pages=135	present=16	swapped=0	file_or_shared=16	exclusive=16	rss_kb=64	locked_kb=0	anon_kb=0	thp_kb=0	vmflags=rd mr mw me sd	pfn_sha=-	flags=-
13:16:25.571	map	1	77f3913ee000-77f3913f9000	r--p	/usr/lib/x86_64-linux-gnu/libstdc++.so.6.0.33	pages=11	present=11	swapped=0	file_or_shared=0	exclusive=11	rss_kb=44	locked_kb=0	anon_kb=44	thp_kb=0	vmflags=rd mr mw me ac sd	pfn_sha=-	flags=-
13:16:25.571	map	1	77f3913f9000-77f3913fc000	rw-p	/usr/lib/x86_64-linux-gnu/libstdc++.so.6.0.33	pages=3	present=3	swapped=0	file_or_shared=0	exclusive=3	rss_kb=12	locked_kb=0	anon_kb=12	thp_kb=0	vmflags=rd wr mr mw me ac sd	pfn_sha=-	flags=-
13:16:25.571	map	1	77f3913fc000-77f391400000	rw-p	[anon]	pages=4	present=3	swapped=0	file_or_shared=0	exclusive=3	rss_kb=12	locked_kb=0	anon_kb=12	thp_kb=0	vmflags=rd wr mr mw me ac sd	pfn_sha=-	flags=-
13:16:25.571	map	1	77f391400000-77f3914b3000	r-xp	/usr/local/cuda-13.1/targets/x86_64-linux/lib/libcudart.so.13.1.80	pages=179	present=64	swapped=0	file_or_shared=64	exclusive=64	rss_kb=256	locked_kb=0	anon_kb=0	thp_kb=0	vmflags=rd ex mr mw me sd	pfn_sha=-	flags=-
13:16:25.571	map	1	77f3914b3000-77f3916b3000	---p	/usr/local/cuda-13.1/targets/x86_64-linux/lib/libcudart.so.13.1.80	pages=512	present=0	swapped=0	file_or_shared=0	exclusive=0	rss_kb=0	locked_kb=0	anon_kb=0	thp_kb=0	vmflags=mr mw me sd	pfn_sha=-	flags=-
13:16:25.571	map	1	77f3916b3000-77f3916b8000	r--p	/usr/local/cuda-13.1/targets/x86_64-linux/lib/libcudart.so.13.1.80	pages=5	present=5	swapped=0	file_or_shared=0	exclusive=5	rss_kb=20	locked_kb=0	anon_kb=20	thp_kb=0	vmflags=rd mr mw me ac sd	pfn_sha=-	flags=-
13:16:25.571	map	1	77f3916b8000-77f3916b9000	rw-p	/usr/local/cuda-13.1/targets/x86_64-linux/lib/libcudart.so.13.1.80	pages=1	present=1	swapped=0	file_or_shared=0	exclusive=1	rss_kb=4	locked_kb=0	anon_kb=4	thp_kb=0	vmflags=rd wr mr mw me ac sd	pfn_sha=-	flags=-
13:16:25.571	map	1	77f3916b9000-77f3916bb000	rw-p	[anon]	pages=2	present=2	swapped=0	file_or_shared=0	exclusive=1	rss_kb=4	locked_kb=0	anon_kb=4	thp_kb=0	vmflags=rd wr mr mw me ac sd	pfn_sha=-	flags=-
13:16:25.571	map	1	77f3916d6000-77f3916e6000	-w-s	/dev/nvidia0	pages=16	present=0	swapped=0	file_or_shared=0	exclusive=0	rss_kb=0	locked_kb=0	anon_kb=0	thp_kb=0	vmflags=wr sh mr mw me ms pf io de ar dd sd	pfn_sha=-	flags=-
13:16:25.571	map	1	77f3916e6000-77f3916f6000	-w-s	/dev/nvidia0	pages=16	present=0	swapped=0	file_or_shared=0	exclusive=0	rss_kb=0	locked_kb=0	anon_kb=0	thp_kb=0	vmflags=wr sh mr mw me ms pf io de ar dd sd	pfn_sha=-	flags=-
13:16:25.571	map	1	77f3916f6000-77f391747000	rw-p	[anon]	pages=81	present=79	swapped=0	file_or_shared=0	exclusive=79	rss_kb=316	locked_kb=0	anon_kb=316	thp_kb=0	vmflags=rd wr mr mw me ac sd	pfn_sha=-	flags=-
13:16:25.571	map	1	77f391747000-77f391748000	r--p	/usr/lib/x86_64-linux-gnu/librt.so.1	pages=1	present=1	swapped=0	file_or_shared=1	exclusive=0	rss_kb=4	locked_kb=0	anon_kb=0	thp_kb=0	vmflags=rd mr mw me sd	pfn_sha=-	flags=-
13:16:25.571	map	1	77f391748000-77f391749000	r-xp	/usr/lib/x86_64-linux-gnu/librt.so.1	pages=1	present=1	swapped=0	file_or_shared=1	exclusive=0	rss_kb=4	locked_kb=0	anon_kb=0	thp_kb=0	vmflags=rd ex mr mw me sd	pfn_sha=-	flags=-
13:16:25.571	map	1	77f391749000-77f39174a000	r--p	/usr/lib/x86_64-linux-gnu/librt.so.1	pages=1	present=0	swapped=0	file_or_shared=0	exclusive=0	rss_kb=0	locked_kb=0	anon_kb=0	thp_kb=0	vmflags=rd mr mw me sd	pfn_sha=-	flags=-
13:16:25.571	map	1	77f39174a000-77f39174b000	r--p	/usr/lib/x86_64-linux-gnu/librt.so.1	pages=1	present=1	swapped=0	file_or_shared=0	exclusive=1	rss_kb=4	locked_kb=0	anon_kb=4	thp_kb=0	vmflags=rd mr mw me ac sd	pfn_sha=-	flags=-
13:16:25.571	map	1	77f39174b000-77f39174c000	rw-p	/usr/lib/x86_64-linux-gnu/librt.so.1	pages=1	present=1	swapped=0	file_or_shared=0	exclusive=1	rss_kb=4	locked_kb=0	anon_kb=4	thp_kb=0	vmflags=rd wr mr mw me ac sd	pfn_sha=-	flags=-
13:16:25.571	map	1	77f39174c000-77f39174d000	r--p	/usr/lib/x86_64-linux-gnu/libpthread.so.0	pages=1	present=1	swapped=0	file_or_shared=1	exclusive=0	rss_kb=4	locked_kb=0	anon_kb=0	thp_kb=0	vmflags=rd mr mw me sd	pfn_sha=-	flags=-
13:16:25.571	map	1	77f39174d000-77f39174e000	r-xp	/usr/lib/x86_64-linux-gnu/libpthread.so.0	pages=1	present=1	swapped=0	file_or_shared=1	exclusive=0	rss_kb=4	locked_kb=0	anon_kb=0	thp_kb=0	vmflags=rd ex mr mw me sd	pfn_sha=-	flags=-
13:16:25.571	map	1	77f39174e000-77f39174f000	r--p	/usr/lib/x86_64-linux-gnu/libpthread.so.0	pages=1	present=0	swapped=0	file_or_shared=0	exclusive=0	rss_kb=0	locked_kb=0	anon_kb=0	thp_kb=0	vmflags=rd mr mw me sd	pfn_sha=-	flags=-
13:16:25.571	map	1	77f39174f000-77f391750000	r--p	/usr/lib/x86_64-linux-gnu/libpthread.so.0	pages=1	present=1	swapped=0	file_or_shared=0	exclusive=1	rss_kb=4	locked_kb=0	anon_kb=4	thp_kb=0	vmflags=rd mr mw me ac sd	pfn_sha=-	flags=-
13:16:25.571	map	1	77f391750000-77f391751000	rw-p	/usr/lib/x86_64-linux-gnu/libpthread.so.0	pages=1	present=1	swapped=0	file_or_shared=0	exclusive=1	rss_kb=4	locked_kb=0	anon_kb=4	thp_kb=0	vmflags=rd wr mr mw me ac sd	pfn_sha=-	flags=-
13:16:25.571	map	1	77f391751000-77f391752000	r--p	/usr/lib/x86_64-linux-gnu/libdl.so.2	pages=1	present=1	swapped=0	file_or_shared=1	exclusive=0	rss_kb=4	locked_kb=0	anon_kb=0	thp_kb=0	vmflags=rd mr mw me sd	pfn_sha=-	flags=-
13:16:25.571	map	1	77f391752000-77f391753000	r-xp	/usr/lib/x86_64-linux-gnu/libdl.so.2	pages=1	present=1	swapped=0	file_or_shared=1	exclusive=0	rss_kb=4	locked_kb=0	anon_kb=0	thp_kb=0	vmflags=rd ex mr mw me sd	pfn_sha=-	flags=-
13:16:25.571	map	1	77f391753000-77f391754000	r--p	/usr/lib/x86_64-linux-gnu/libdl.so.2	pages=1	present=0	swapped=0	file_or_shared=0	exclusive=0	rss_kb=0	locked_kb=0	anon_kb=0	thp_kb=0	vmflags=rd mr mw me sd	pfn_sha=-	flags=-
13:16:25.571	map	1	77f391754000-77f391755000	r--p	/usr/lib/x86_64-linux-gnu/libdl.so.2	pages=1	present=1	swapped=0	file_or_shared=0	exclusive=1	rss_kb=4	locked_kb=0	anon_kb=4	thp_kb=0	vmflags=rd mr mw me ac sd	pfn_sha=-	flags=-
13:16:25.571	map	1	77f391755000-77f391756000	rw-p	/usr/lib/x86_64-linux-gnu/libdl.so.2	pages=1	present=1	swapped=0	file_or_shared=0	exclusive=1	rss_kb=4	locked_kb=0	anon_kb=4	thp_kb=0	vmflags=rd wr mr mw me ac sd	pfn_sha=-	flags=-
13:16:25.571	map	1	77f391756000-77f391766000	r--p	/usr/lib/x86_64-linux-gnu/libm.so.6	pages=16	present=16	swapped=0	file_or_shared=16	exclusive=0	rss_kb=64	locked_kb=0	anon_kb=0	thp_kb=0	vmflags=rd mr mw me sd	pfn_sha=-	flags=-
13:16:25.571	map	1	77f391766000-77f3917e5000	r-xp	/usr/lib/x86_64-linux-gnu/libm.so.6	pages=127	present=74	swapped=0	file_or_shared=74	exclusive=3	rss_kb=296	locked_kb=0	anon_kb=0	thp_kb=0	vmflags=rd ex mr mw me sd	pfn_sha=-	flags=-
13:16:25.571	map	1	77f3917e5000-77f39183d000	r--p	/usr/lib/x86_64-linux-gnu/libm.so.6	pages=88	present=32	swapped=0	file_or_shared=32	exclusive=0	rss_kb=128	locked_kb=0	anon_kb=0	thp_kb=0	vmflags=rd mr mw me sd	pfn_sha=-	flags=-
13:16:25.571	map	1	77f39183d000-77f39183e000	r--p	/usr/lib/x86_64-linux-gnu/libm.so.6	pages=1	present=1	swapped=0	file_or_shared=0	exclusive=1	rss_kb=4	locked_kb=0	anon_kb=4	thp_kb=0	vmflags=rd mr mw me ac sd	pfn_sha=-	flags=-
13:16:25.571	map	1	77f39183e000-77f39183f000	rw-p	/usr/lib/x86_64-linux-gnu/libm.so.6	pages=1	present=1	swapped=0	file_or_shared=0	exclusive=1	rss_kb=4	locked_kb=0	anon_kb=4	thp_kb=0	vmflags=rd wr mr mw me ac sd	pfn_sha=-	flags=-
13:16:25.571	map	1	77f39183f000-77f391841000	rw-p	[anon]	pages=2	present=2	swapped=0	file_or_shared=0	exclusive=2	rss_kb=8	locked_kb=0	anon_kb=8	thp_kb=0	vmflags=rd wr mr mw me ac sd	pfn_sha=-	flags=-
13:16:25.571	map	1	77f391841000-77f391845000	r--p	/usr/lib/x86_64-linux-gnu/libgcc_s.so.1	pages=4	present=4	swapped=0	file_or_shared=4	exclusive=4	rss_kb=16	locked_kb=0	anon_kb=0	thp_kb=0	vmflags=rd mr mw me sd	pfn_sha=-	flags=-
13:16:25.571	map	1	77f391845000-77f391869000	r-xp	/usr/lib/x86_64-linux-gnu/libgcc_s.so.1	pages=36	present=16	swapped=0	file_or_shared=16	exclusive=16	rss_kb=64	locked_kb=0	anon_kb=0	thp_kb=0	vmflags=rd ex mr mw me sd	pfn_sha=-	flags=-
13:16:25.571	map	1	77f391869000-77f39186d000	r--p	/usr/lib/x86_64-linux-gnu/libgcc_s.so.1	pages=4	present=4	swapped=0	file_or_shared=4	exclusive=4	rss_kb=16	locked_kb=0	anon_kb=0	thp_kb=0	vmflags=rd mr mw me sd	pfn_sha=-	flags=-
13:16:25.571	map	1	77f39186d000-77f39186e000	r--p	/usr/lib/x86_64-linux-gnu/libgcc_s.so.1	pages=1	present=1	swapped=0	file_or_shared=0	exclusive=1	rss_kb=4	locked_kb=0	anon_kb=4	thp_kb=0	vmflags=rd mr mw me ac sd	pfn_sha=-	flags=-
13:16:25.571	map	1	77f39186e000-77f39186f000	rw-p	/usr/lib/x86_64-linux-gnu/libgcc_s.so.1	pages=1	present=1	swapped=0	file_or_shared=0	exclusive=1	rss_kb=4	locked_kb=0	anon_kb=4	thp_kb=0	vmflags=rd wr mr mw me ac sd	pfn_sha=-	flags=-
13:16:25.571	map	1	77f391871000-77f391872000	r--s	/dev/nvidiactl	pages=1	present=1	swapped=0	file_or_shared=1	exclusive=0	rss_kb=4	locked_kb=0	anon_kb=0	thp_kb=0	vmflags=rd sh mr me ms de dd sd mm	pfn_sha=-	flags=-
13:16:25.571	map	1	77f391872000-77f391873000	---p	[anon]	pages=1	present=0	swapped=0	file_or_shared=0	exclusive=0	rss_kb=0	locked_kb=0	anon_kb=0	thp_kb=0	vmflags=mr mw me sd nh	pfn_sha=-	flags=-
13:16:25.571	map	1	77f391873000-77f391875000	rw-p	[anon]	pages=2	present=0	swapped=0	file_or_shared=0	exclusive=0	rss_kb=0	locked_kb=0	anon_kb=0	thp_kb=0	vmflags=rd wr mr mw me ac sd nh	pfn_sha=-	flags=-
13:16:25.571	map	1	77f391875000-77f391877000	rw-p	[anon]	pages=2	present=2	swapped=0	file_or_shared=0	exclusive=2	rss_kb=8	locked_kb=0	anon_kb=8	thp_kb=0	vmflags=rd wr mr mw me ac sd	pfn_sha=-	flags=-
13:16:25.571	map	1	77f391877000-77f391878000	r--p	/usr/lib/x86_64-linux-gnu/ld-linux-x86-64.so.2	pages=1	present=1	swapped=0	file_or_shared=1	exclusive=0	rss_kb=4	locked_kb=0	anon_kb=0	thp_kb=0	vmflags=rd mr mw me sd	pfn_sha=-	flags=-
13:16:25.571	map	1	77f391878000-77f3918a3000	r-xp	/usr/lib/x86_64-linux-gnu/ld-linux-x86-64.so.2	pages=43	present=43	swapped=0	file_or_shared=43	exclusive=0	rss_kb=172	locked_kb=0	anon_kb=0	thp_kb=0	vmflags=rd ex mr mw me sd	pfn_sha=-	flags=-
13:16:25.571	map	1	77f3918a3000-77f3918ad000	r--p	/usr/lib/x86_64-linux-gnu/ld-linux-x86-64.so.2	pages=10	present=10	swapped=0	file_or_shared=10	exclusive=0	rss_kb=40	locked_kb=0	anon_kb=0	thp_kb=0	vmflags=rd mr mw me sd	pfn_sha=-	flags=-
13:16:25.571	map	1	77f3918ad000-77f3918af000	r--p	/usr/lib/x86_64-linux-gnu/ld-linux-x86-64.so.2	pages=2	present=2	swapped=0	file_or_shared=0	exclusive=2	rss_kb=8	locked_kb=0	anon_kb=8	thp_kb=0	vmflags=rd mr mw me ac sd	pfn_sha=-	flags=-
13:16:25.571	map	1	77f3918af000-77f3918b1000	rw-p	/usr/lib/x86_64-linux-gnu/ld-linux-x86-64.so.2	pages=2	present=2	swapped=0	file_or_shared=0	exclusive=2	rss_kb=8	locked_kb=0	anon_kb=8	thp_kb=0	vmflags=rd wr mr mw me ac sd	pfn_sha=-	flags=-
13:16:25.571	map	1	7fffbe09f000-7fffbe0d6000	rw-p	[stack]	pages=55	present=55	swapped=0	file_or_shared=0	exclusive=55	rss_kb=220	locked_kb=0	anon_kb=220	thp_kb=0	vmflags=rd wr mr mw me gd ac	pfn_sha=-	flags=-
13:16:25.571	map	1	7fffbe14f000-7fffbe153000	r--p	[vvar]	pages=4	present=0	swapped=0	file_or_shared=0	exclusive=0	rss_kb=0	locked_kb=0	anon_kb=0	thp_kb=0	vmflags=rd mr pf io de dd sd	pfn_sha=-	flags=-
13:16:25.571	map	1	7fffbe153000-7fffbe155000	r-xp	[vdso]	pages=2	present=1	swapped=0	file_or_shared=1	exclusive=0	rss_kb=4	locked_kb=0	anon_kb=0	thp_kb=0	vmflags=rd ex mr mw me de sd	pfn_sha=-	flags=-
13:16:25.571	map	1	ffffffffff600000-ffffffffff601000	--xp	[vsyscall]	pages=1	present=0	swapped=0	file_or_shared=0	exclusive=0	rss_kb=0	locked_kb=0	anon_kb=0	thp_kb=0	vmflags=ex	pfn_sha=-	flags=-
13:16:25.945	done
