timestamp, index, pstate, clocks.current.sm [MHz], clocks.current.memory [MHz], power.draw [W], power.limit [W], power.max_limit [W], temperature.gpu, memory.used [MiB], utilization.gpu [%], pcie.link.gen.current, pcie.link.width.current
2026/09/21 01:05:10.732, 0, P5, 180 MHz, 405 MHz, 11.03 W, [N/A], 175.00 W, 53, 15 MiB, 0 %, 1, 8
2026/09/21 01:05:10.990, 0, P5, 180 MHz, 405 MHz, 11.03 W, [N/A], 175.00 W, 53, 15 MiB, 0 %, 1, 8
2026/09/21 01:05:11.241, 0, P5, 180 MHz, 405 MHz, 11.03 W, [N/A], 175.00 W, 53, 15 MiB, 0 %, 1, 8
2026/09/21 01:05:11.493, 0, P8, 180 MHz, 405 MHz, 11.03 W, [N/A], 175.00 W, 53, 15 MiB, 0 %, 1, 8
2026/09/21 01:05:11.745, 0, P8, 180 MHz, 405 MHz, 11.03 W, [N/A], 175.00 W, 53, 15 MiB, 0 %, 1, 8
2026/09/21 01:05:11.996, 0, P8, 180 MHz, 405 MHz, 9.05 W, [N/A], 175.00 W, 53, 15 MiB, 0 %, 1, 8
2026/09/21 01:05:12.248, 0, P8, 180 MHz, 405 MHz, 9.05 W, [N/A], 175.00 W, 53, 15 MiB, 0 %, 1, 8
2026/09/21 01:05:12.499, 0, P8, 180 MHz, 405 MHz, 9.05 W, [N/A], 175.00 W, 53, 15 MiB, 0 %, 1, 8
2026/09/21 01:05:12.751, 0, P8, 180 MHz, 405 MHz, 9.05 W, [N/A], 175.00 W, 53, 15 MiB, 0 %, 1, 8
2026/09/21 01:05:13.002, 0, P8, 180 MHz, 405 MHz, 9.01 W, [N/A], 175.00 W, 53, 15 MiB, 0 %, 1, 8
2026/09/21 01:05:13.254, 0, P8, 180 MHz, 405 MHz, 9.01 W, [N/A], 175.00 W, 53, 15 MiB, 0 %, 1, 8
2026/09/21 01:05:13.505, 0, P8, 180 MHz, 405 MHz, 9.01 W, [N/A], 175.00 W, 53, 15 MiB, 0 %, 1, 8
2026/09/21 01:05:13.757, 0, P8, 180 MHz, 405 MHz, 9.01 W, [N/A], 175.00 W, 53, 15 MiB, 0 %, 1, 8
2026/09/21 01:05:14.008, 0, P8, 180 MHz, 405 MHz, 9.04 W, [N/A], 175.00 W, 53, 15 MiB, 0 %, 1, 8
2026/09/21 01:05:14.260, 0, P8, 180 MHz, 405 MHz, 9.04 W, [N/A], 175.00 W, 53, 15 MiB, 0 %, 1, 8
2026/09/21 01:05:14.511, 0, P8, 180 MHz, 405 MHz, 9.04 W, [N/A], 175.00 W, 53, 15 MiB, 0 %, 1, 8
2026/09/21 01:05:14.763, 0, P8, 180 MHz, 405 MHz, 9.04 W, [N/A], 175.00 W, 53, 15 MiB, 0 %, 1, 8
2026/09/21 01:05:15.014, 0, P8, 180 MHz, 405 MHz, 9.09 W, [N/A], 175.00 W, 53, 15 MiB, 0 %, 1, 8
2026/09/21 01:05:15.266, 0, P8, 180 MHz, 405 MHz, 9.09 W, [N/A], 175.00 W, 53, 15 MiB, 0 %, 1, 8
2026/09/21 01:05:15.522, 0, P0, 420 MHz, 14001 MHz, 30.30 W, [N/A], 175.00 W, 53, 313 MiB, 0 %, 5, 8
2026/09/21 01:05:15.773, 0, P0, 420 MHz, 14001 MHz, 30.30 W, [N/A], 175.00 W, 53, 1177 MiB, 0 %, 5, 8
2026/09/21 01:05:16.024, 0, P0, 1590 MHz, 14001 MHz, 29.39 W, [N/A], 175.00 W, 54, 1849 MiB, 19 %, 5, 8
2026/09/21 01:05:16.275, 0, P0, 1590 MHz, 14001 MHz, 29.39 W, [N/A], 175.00 W, 54, 2553 MiB, 19 %, 5, 8
2026/09/21 01:05:16.526, 0, P0, 1597 MHz, 14001 MHz, 29.14 W, [N/A], 175.00 W, 54, 3193 MiB, 8 %, 5, 8
2026/09/21 01:05:16.778, 0, P0, 1597 MHz, 14001 MHz, 29.14 W, [N/A], 175.00 W, 54, 3897 MiB, 8 %, 5, 8
2026/09/21 01:05:17.029, 0, P0, 1597 MHz, 14001 MHz, 28.87 W, [N/A], 175.00 W, 54, 4601 MiB, 11 %, 5, 8
2026/09/21 01:05:17.280, 0, P0, 1597 MHz, 14001 MHz, 28.87 W, [N/A], 175.00 W, 54, 5305 MiB, 11 %, 5, 8
2026/09/21 01:05:17.531, 0, P0, 1597 MHz, 14001 MHz, 28.94 W, [N/A], 175.00 W, 54, 6009 MiB, 12 %, 5, 8
2026/09/21 01:05:17.782, 0, P0, 1597 MHz, 14001 MHz, 28.94 W, [N/A], 175.00 W, 54, 6745 MiB, 12 %, 5, 8
2026/09/21 01:05:18.033, 0, P0, 1597 MHz, 14001 MHz, 29.05 W, [N/A], 175.00 W, 54, 7449 MiB, 12 %, 5, 8
2026/09/21 01:05:18.284, 0, P0, 1597 MHz, 14001 MHz, 29.05 W, [N/A], 175.00 W, 54, 8185 MiB, 12 %, 5, 8
2026/09/21 01:05:18.535, 0, P0, 1597 MHz, 14001 MHz, 29.04 W, [N/A], 175.00 W, 54, 8889 MiB, 11 %, 5, 8
2026/09/21 01:05:18.790, 0, P0, 1597 MHz, 14001 MHz, 29.04 W, [N/A], 175.00 W, 54, 9593 MiB, 11 %, 5, 8
2026/09/21 01:05:19.041, 0, P0, 1605 MHz, 14001 MHz, 29.06 W, [N/A], 175.00 W, 54, 10297 MiB, 12 %, 5, 8
2026/09/21 01:05:19.292, 0, P0, 1605 MHz, 14001 MHz, 29.06 W, [N/A], 175.00 W, 54, 10905 MiB, 12 %, 5, 8
2026/09/21 01:05:19.543, 0, P0, 1590 MHz, 14001 MHz, 29.05 W, [N/A], 175.00 W, 54, 11609 MiB, 10 %, 5, 8
2026/09/21 01:05:19.794, 0, P0, 1590 MHz, 14001 MHz, 29.05 W, [N/A], 175.00 W, 54, 12313 MiB, 10 %, 5, 8
2026/09/21 01:05:20.045, 0, P0, 1597 MHz, 14001 MHz, 29.03 W, [N/A], 175.00 W, 54, 13017 MiB, 11 %, 5, 8
2026/09/21 01:05:20.296, 0, P0, 1597 MHz, 14001 MHz, 29.03 W, [N/A], 175.00 W, 54, 13721 MiB, 11 %, 5, 8
2026/09/21 01:05:20.547, 0, P0, 1605 MHz, 14001 MHz, 29.09 W, [N/A], 175.00 W, 54, 15575 MiB, 12 %, 5, 8
2026/09/21 01:05:20.800, 0, P0, 1605 MHz, 14001 MHz, 29.09 W, [N/A], 175.00 W, 54, 15575 MiB, 12 %, 5, 8
2026/09/21 01:05:21.053, 0, P0, 2182 MHz, 14001 MHz, 78.44 W, [N/A], 175.00 W, 63, 15575 MiB, 100 %, 5, 8
2026/09/21 01:05:21.305, 0, P0, 2182 MHz, 14001 MHz, 78.44 W, [N/A], 175.00 W, 63, 15575 MiB, 100 %, 5, 8
2026/09/21 01:05:21.557, 0, P0, 2175 MHz, 14001 MHz, 146.52 W, [N/A], 175.00 W, 63, 15575 MiB, 99 %, 5, 8
2026/09/21 01:05:21.810, 0, P0, 2175 MHz, 14001 MHz, 146.52 W, [N/A], 175.00 W, 63, 15575 MiB, 99 %, 5, 8
2026/09/21 01:05:22.062, 0, P0, 2175 MHz, 14001 MHz, 171.06 W, [N/A], 175.00 W, 64, 15575 MiB, 100 %, 5, 8
2026/09/21 01:05:22.314, 0, P0, 2175 MHz, 14001 MHz, 171.06 W, [N/A], 175.00 W, 64, 15575 MiB, 100 %, 5, 8
2026/09/21 01:05:22.566, 0, P0, 2242 MHz, 14001 MHz, 170.10 W, [N/A], 175.00 W, 64, 15575 MiB, 100 %, 5, 8
2026/09/21 01:05:22.818, 0, P0, 2242 MHz, 14001 MHz, 170.10 W, [N/A], 175.00 W, 64, 15575 MiB, 100 %, 5, 8
2026/09/21 01:05:23.071, 0, P0, 2017 MHz, 14001 MHz, 171.78 W, [N/A], 175.00 W, 65, 15575 MiB, 99 %, 5, 8
2026/09/21 01:05:23.323, 0, P0, 2017 MHz, 14001 MHz, 171.78 W, [N/A], 175.00 W, 65, 15575 MiB, 99 %, 5, 8
2026/09/21 01:05:23.576, 0, P0, 2010 MHz, 14001 MHz, 171.29 W, [N/A], 175.00 W, 65, 15575 MiB, 99 %, 5, 8
2026/09/21 01:05:23.828, 0, P0, 2010 MHz, 14001 MHz, 171.29 W, [N/A], 175.00 W, 65, 15575 MiB, 99 %, 5, 8
2026/09/21 01:05:24.081, 0, P0, 1912 MHz, 14001 MHz, 172.19 W, [N/A], 175.00 W, 65, 15575 MiB, 99 %, 5, 8
2026/09/21 01:05:24.333, 0, P0, 1912 MHz, 14001 MHz, 172.19 W, [N/A], 175.00 W, 65, 15575 MiB, 99 %, 5, 8
2026/09/21 01:05:24.585, 0, P0, 2055 MHz, 14001 MHz, 171.33 W, [N/A], 175.00 W, 66, 15575 MiB, 100 %, 5, 8
2026/09/21 01:05:24.838, 0, P0, 2055 MHz, 14001 MHz, 171.33 W, [N/A], 175.00 W, 66, 15575 MiB, 100 %, 5, 8
2026/09/21 01:05:25.090, 0, P0, 2032 MHz, 14001 MHz, 172.23 W, [N/A], 175.00 W, 66, 15575 MiB, 100 %, 5, 8
2026/09/21 01:05:25.342, 0, P0, 2032 MHz, 14001 MHz, 172.23 W, [N/A], 175.00 W, 66, 15575 MiB, 100 %, 5, 8
2026/09/21 01:05:25.604, 0, P0, 2055 MHz, 14001 MHz, 171.69 W, [N/A], 175.00 W, 67, 15575 MiB, 100 %, 5, 8
2026/09/21 01:05:25.856, 0, P0, 2055 MHz, 14001 MHz, 171.69 W, [N/A], 175.00 W, 67, 15575 MiB, 100 %, 5, 8
2026/09/21 01:05:26.109, 0, P0, 2025 MHz, 14001 MHz, 172.12 W, [N/A], 175.00 W, 67, 15575 MiB, 99 %, 5, 8
2026/09/21 01:05:26.361, 0, P0, 2025 MHz, 14001 MHz, 172.12 W, [N/A], 175.00 W, 67, 15575 MiB, 99 %, 5, 8
2026/09/21 01:05:26.613, 0, P0, 2040 MHz, 14001 MHz, 171.69 W, [N/A], 175.00 W, 67, 15575 MiB, 100 %, 5, 8
2026/09/21 01:05:26.865, 0, P0, 2040 MHz, 14001 MHz, 171.69 W, [N/A], 175.00 W, 67, 15575 MiB, 100 %, 5, 8
2026/09/21 01:05:27.118, 0, P0, 2025 MHz, 14001 MHz, 172.18 W, [N/A], 175.00 W, 68, 15575 MiB, 100 %, 5, 8
2026/09/21 01:05:27.370, 0, P0, 2025 MHz, 14001 MHz, 172.18 W, [N/A], 175.00 W, 68, 15575 MiB, 100 %, 5, 8
2026/09/21 01:05:27.622, 0, P0, 2032 MHz, 14001 MHz, 171.81 W, [N/A], 175.00 W, 68, 15575 MiB, 100 %, 5, 8
2026/09/21 01:05:27.875, 0, P0, 2010 MHz, 14001 MHz, 172.02 W, [N/A], 175.00 W, 68, 15575 MiB, 100 %, 5, 8
2026/09/21 01:05:28.127, 0, P0, 2010 MHz, 14001 MHz, 172.02 W, [N/A], 175.00 W, 68, 15575 MiB, 100 %, 5, 8
2026/09/21 01:05:28.379, 0, P0, 2032 MHz, 14001 MHz, 171.92 W, [N/A], 175.00 W, 69, 15575 MiB, 100 %, 5, 8
2026/09/21 01:05:28.632, 0, P0, 2032 MHz, 14001 MHz, 171.92 W, [N/A], 175.00 W, 69, 15607 MiB, 100 %, 5, 8
2026/09/21 01:05:28.884, 0, P0, 2002 MHz, 14001 MHz, 172.05 W, [N/A], 175.00 W, 69, 15607 MiB, 100 %, 5, 8
2026/09/21 01:05:29.137, 0, P0, 2002 MHz, 14001 MHz, 172.05 W, [N/A], 175.00 W, 69, 15607 MiB, 100 %, 5, 8
2026/09/21 01:05:29.389, 0, P0, 2017 MHz, 14001 MHz, 171.96 W, [N/A], 175.00 W, 69, 15607 MiB, 100 %, 5, 8
2026/09/21 01:05:29.641, 0, P0, 2017 MHz, 14001 MHz, 171.96 W, [N/A], 175.00 W, 69, 15607 MiB, 100 %, 5, 8
2026/09/21 01:05:29.894, 0, P0, 1995 MHz, 14001 MHz, 172.02 W, [N/A], 175.00 W, 70, 15607 MiB, 100 %, 5, 8
2026/09/21 01:05:30.146, 0, P0, 1995 MHz, 14001 MHz, 172.02 W, [N/A], 175.00 W, 70, 15607 MiB, 100 %, 5, 8
2026/09/21 01:05:30.398, 0, P0, 2002 MHz, 14001 MHz, 171.89 W, [N/A], 175.00 W, 70, 15607 MiB, 100 %, 5, 8
2026/09/21 01:05:30.651, 0, P0, 2002 MHz, 14001 MHz, 171.89 W, [N/A], 175.00 W, 70, 15607 MiB, 100 %, 5, 8
2026/09/21 01:05:30.912, 0, P0, 1987 MHz, 14001 MHz, 171.89 W, [N/A], 175.00 W, 70, 15607 MiB, 100 %, 5, 8
2026/09/21 01:05:31.164, 0, P0, 1987 MHz, 14001 MHz, 171.89 W, [N/A], 175.00 W, 70, 15607 MiB, 100 %, 5, 8
2026/09/21 01:05:31.416, 0, P0, 2010 MHz, 14001 MHz, 171.71 W, [N/A], 175.00 W, 70, 15607 MiB, 100 %, 5, 8
2026/09/21 01:05:31.669, 0, P0, 2010 MHz, 14001 MHz, 171.71 W, [N/A], 175.00 W, 70, 15607 MiB, 100 %, 5, 8
2026/09/21 01:05:31.921, 0, P0, 1995 MHz, 14001 MHz, 171.98 W, [N/A], 175.00 W, 71, 15607 MiB, 100 %, 5, 8
2026/09/21 01:05:32.173, 0, P0, 1995 MHz, 14001 MHz, 171.98 W, [N/A], 175.00 W, 71, 15607 MiB, 100 %, 5, 8
2026/09/21 01:05:32.426, 0, P0, 2002 MHz, 14001 MHz, 171.85 W, [N/A], 175.00 W, 71, 15607 MiB, 100 %, 5, 8
2026/09/21 01:05:32.678, 0, P0, 2002 MHz, 14001 MHz, 171.85 W, [N/A], 175.00 W, 71, 15607 MiB, 100 %, 5, 8
2026/09/21 01:05:32.930, 0, P0, 2002 MHz, 14001 MHz, 171.82 W, [N/A], 175.00 W, 71, 15607 MiB, 100 %, 5, 8
2026/09/21 01:05:33.183, 0, P0, 2002 MHz, 14001 MHz, 171.82 W, [N/A], 175.00 W, 71, 15607 MiB, 100 %, 5, 8
2026/09/21 01:05:33.435, 0, P0, 2002 MHz, 14001 MHz, 171.83 W, [N/A], 175.00 W, 72, 15607 MiB, 99 %, 5, 8
2026/09/21 01:05:33.687, 0, P0, 2002 MHz, 14001 MHz, 171.83 W, [N/A], 175.00 W, 72, 15607 MiB, 99 %, 5, 8
2026/09/21 01:05:33.939, 0, P0, 1995 MHz, 14001 MHz, 171.74 W, [N/A], 175.00 W, 72, 15607 MiB, 100 %, 5, 8
2026/09/21 01:05:34.192, 0, P0, 1995 MHz, 14001 MHz, 171.74 W, [N/A], 175.00 W, 72, 15607 MiB, 100 %, 5, 8
2026/09/21 01:05:34.444, 0, P0, 2002 MHz, 14001 MHz, 171.79 W, [N/A], 175.00 W, 72, 15607 MiB, 99 %, 5, 8
2026/09/21 01:05:34.697, 0, P0, 2002 MHz, 14001 MHz, 171.79 W, [N/A], 175.00 W, 72, 15607 MiB, 99 %, 5, 8
2026/09/21 01:05:34.949, 0, P0, 1995 MHz, 14001 MHz, 171.76 W, [N/A], 175.00 W, 72, 15607 MiB, 99 %, 5, 8
2026/09/21 01:05:35.201, 0, P0, 1995 MHz, 14001 MHz, 171.76 W, [N/A], 175.00 W, 72, 15607 MiB, 99 %, 5, 8
2026/09/21 01:05:35.454, 0, P0, 1995 MHz, 14001 MHz, 171.76 W, [N/A], 175.00 W, 73, 15607 MiB, 100 %, 5, 8
2026/09/21 01:05:35.716, 0, P0, 1995 MHz, 14001 MHz, 171.76 W, [N/A], 175.00 W, 73, 15607 MiB, 100 %, 5, 8
2026/09/21 01:05:35.968, 0, P0, 1987 MHz, 14001 MHz, 171.81 W, [N/A], 175.00 W, 73, 15607 MiB, 99 %, 5, 8
2026/09/21 01:05:36.221, 0, P0, 1987 MHz, 14001 MHz, 171.81 W, [N/A], 175.00 W, 73, 15607 MiB, 99 %, 5, 8
2026/09/21 01:05:36.473, 0, P0, 1995 MHz, 14001 MHz, 171.75 W, [N/A], 175.00 W, 73, 15607 MiB, 99 %, 5, 8
2026/09/21 01:05:36.725, 0, P0, 1995 MHz, 14001 MHz, 171.75 W, [N/A], 175.00 W, 73, 15607 MiB, 99 %, 5, 8
2026/09/21 01:05:36.977, 0, P0, 1995 MHz, 14001 MHz, 171.79 W, [N/A], 175.00 W, 73, 15607 MiB, 99 %, 5, 8
2026/09/21 01:05:37.230, 0, P0, 1995 MHz, 14001 MHz, 171.79 W, [N/A], 175.00 W, 73, 15607 MiB, 99 %, 5, 8
2026/09/21 01:05:37.482, 0, P0, 1987 MHz, 14001 MHz, 171.90 W, [N/A], 175.00 W, 74, 15607 MiB, 100 %, 5, 8
2026/09/21 01:05:37.734, 0, P0, 1987 MHz, 14001 MHz, 171.90 W, [N/A], 175.00 W, 74, 15607 MiB, 100 %, 5, 8
2026/09/21 01:05:37.987, 0, P0, 1980 MHz, 14001 MHz, 171.93 W, [N/A], 175.00 W, 74, 15607 MiB, 99 %, 5, 8
2026/09/21 01:05:38.239, 0, P0, 1980 MHz, 14001 MHz, 171.93 W, [N/A], 175.00 W, 74, 15607 MiB, 99 %, 5, 8
2026/09/21 01:05:38.492, 0, P0, 1987 MHz, 14001 MHz, 172.00 W, [N/A], 175.00 W, 74, 15607 MiB, 100 %, 5, 8
2026/09/21 01:05:38.744, 0, P0, 1987 MHz, 14001 MHz, 172.00 W, [N/A], 175.00 W, 74, 15607 MiB, 100 %, 5, 8
2026/09/21 01:05:38.996, 0, P0, 1980 MHz, 14001 MHz, 171.89 W, [N/A], 175.00 W, 74, 15607 MiB, 100 %, 5, 8
2026/09/21 01:05:39.249, 0, P0, 1980 MHz, 14001 MHz, 171.89 W, [N/A], 175.00 W, 74, 15607 MiB, 100 %, 5, 8
2026/09/21 01:05:39.501, 0, P0, 1987 MHz, 14001 MHz, 171.92 W, [N/A], 175.00 W, 74, 15607 MiB, 99 %, 5, 8
2026/09/21 01:05:39.753, 0, P0, 1987 MHz, 14001 MHz, 171.92 W, [N/A], 175.00 W, 74, 15607 MiB, 99 %, 5, 8
2026/09/21 01:05:40.006, 0, P0, 1972 MHz, 14001 MHz, 171.83 W, [N/A], 175.00 W, 75, 15607 MiB, 100 %, 5, 8
2026/09/21 01:05:40.258, 0, P0, 1972 MHz, 14001 MHz, 171.83 W, [N/A], 175.00 W, 75, 15607 MiB, 100 %, 5, 8
2026/09/21 01:05:40.510, 0, P0, 1980 MHz, 14001 MHz, 171.93 W, [N/A], 175.00 W, 75, 15607 MiB, 100 %, 5, 8
2026/09/21 01:05:40.762, 0, P0, 1980 MHz, 14001 MHz, 171.93 W, [N/A], 175.00 W, 75, 15607 MiB, 100 %, 5, 8
2026/09/21 01:05:41.025, 0, P0, 1965 MHz, 14001 MHz, 171.89 W, [N/A], 175.00 W, 75, 15607 MiB, 99 %, 5, 8
2026/09/21 01:05:41.277, 0, P0, 1965 MHz, 14001 MHz, 171.89 W, [N/A], 175.00 W, 75, 15607 MiB, 99 %, 5, 8
2026/09/21 01:05:41.529, 0, P0, 1980 MHz, 14001 MHz, 171.88 W, [N/A], 175.00 W, 75, 15607 MiB, 99 %, 5, 8
2026/09/21 01:05:41.782, 0, P0, 1980 MHz, 14001 MHz, 171.88 W, [N/A], 175.00 W, 75, 15607 MiB, 99 %, 5, 8
2026/09/21 01:05:42.034, 0, P0, 1965 MHz, 14001 MHz, 171.96 W, [N/A], 175.00 W, 75, 15607 MiB, 100 %, 5, 8
2026/09/21 01:05:42.286, 0, P0, 1965 MHz, 14001 MHz, 171.96 W, [N/A], 175.00 W, 75, 15607 MiB, 100 %, 5, 8
2026/09/21 01:05:42.538, 0, P0, 1972 MHz, 14001 MHz, 171.96 W, [N/A], 175.00 W, 76, 15607 MiB, 100 %, 5, 8
2026/09/21 01:05:42.790, 0, P0, 1972 MHz, 14001 MHz, 171.96 W, [N/A], 175.00 W, 76, 15607 MiB, 100 %, 5, 8
2026/09/21 01:05:43.043, 0, P0, 1972 MHz, 14001 MHz, 171.93 W, [N/A], 175.00 W, 76, 15607 MiB, 99 %, 5, 8
2026/09/21 01:05:43.295, 0, P0, 1972 MHz, 14001 MHz, 171.93 W, [N/A], 175.00 W, 76, 15607 MiB, 99 %, 5, 8
2026/09/21 01:05:43.547, 0, P0, 1972 MHz, 14001 MHz, 172.03 W, [N/A], 175.00 W, 76, 15607 MiB, 99 %, 5, 8
2026/09/21 01:05:43.800, 0, P0, 1972 MHz, 14001 MHz, 172.03 W, [N/A], 175.00 W, 76, 15607 MiB, 99 %, 5, 8
2026/09/21 01:05:44.053, 0, P0, 1972 MHz, 14001 MHz, 172.03 W, [N/A], 175.00 W, 76, 15607 MiB, 100 %, 5, 8
2026/09/21 01:05:44.305, 0, P0, 1972 MHz, 14001 MHz, 172.03 W, [N/A], 175.00 W, 76, 15607 MiB, 100 %, 5, 8
2026/09/21 01:05:44.557, 0, P0, 1965 MHz, 14001 MHz, 172.01 W, [N/A], 175.00 W, 76, 15607 MiB, 100 %, 5, 8
2026/09/21 01:05:44.810, 0, P0, 1965 MHz, 14001 MHz, 172.01 W, [N/A], 175.00 W, 76, 15607 MiB, 100 %, 5, 8
2026/09/21 01:05:45.062, 0, P0, 1965 MHz, 14001 MHz, 171.91 W, [N/A], 175.00 W, 76, 15607 MiB, 99 %, 5, 8
2026/09/21 01:05:45.314, 0, P0, 1965 MHz, 14001 MHz, 171.91 W, [N/A], 175.00 W, 76, 15607 MiB, 99 %, 5, 8
2026/09/21 01:05:45.567, 0, P0, 1957 MHz, 14001 MHz, 171.94 W, [N/A], 175.00 W, 76, 15607 MiB, 100 %, 5, 8
2026/09/21 01:05:45.829, 0, P0, 1957 MHz, 14001 MHz, 171.94 W, [N/A], 175.00 W, 76, 15607 MiB, 100 %, 5, 8
2026/09/21 01:05:46.081, 0, P0, 1957 MHz, 14001 MHz, 171.95 W, [N/A], 175.00 W, 77, 15607 MiB, 99 %, 5, 8
2026/09/21 01:05:46.334, 0, P0, 1957 MHz, 14001 MHz, 171.95 W, [N/A], 175.00 W, 77, 15607 MiB, 99 %, 5, 8
2026/09/21 01:05:46.586, 0, P0, 1957 MHz, 14001 MHz, 171.98 W, [N/A], 175.00 W, 77, 15607 MiB, 100 %, 5, 8
2026/09/21 01:05:46.838, 0, P0, 1957 MHz, 14001 MHz, 171.98 W, [N/A], 175.00 W, 77, 15607 MiB, 100 %, 5, 8
2026/09/21 01:05:47.090, 0, P0, 1965 MHz, 14001 MHz, 172.00 W, [N/A], 175.00 W, 77, 15607 MiB, 100 %, 5, 8
2026/09/21 01:05:47.343, 0, P0, 1965 MHz, 14001 MHz, 172.00 W, [N/A], 175.00 W, 77, 15607 MiB, 100 %, 5, 8
2026/09/21 01:05:47.595, 0, P0, 1950 MHz, 14001 MHz, 171.93 W, [N/A], 175.00 W, 77, 15607 MiB, 99 %, 5, 8
2026/09/21 01:05:47.847, 0, P0, 1950 MHz, 14001 MHz, 171.93 W, [N/A], 175.00 W, 77, 15607 MiB, 99 %, 5, 8
2026/09/21 01:05:48.100, 0, P0, 1965 MHz, 14001 MHz, 171.95 W, [N/A], 175.00 W, 77, 15607 MiB, 100 %, 5, 8
2026/09/21 01:05:48.352, 0, P0, 1965 MHz, 14001 MHz, 171.95 W, [N/A], 175.00 W, 77, 15607 MiB, 100 %, 5, 8
2026/09/21 01:05:48.604, 0, P0, 1957 MHz, 14001 MHz, 171.91 W, [N/A], 175.00 W, 77, 15607 MiB, 100 %, 5, 8
2026/09/21 01:05:48.857, 0, P0, 1957 MHz, 14001 MHz, 171.91 W, [N/A], 175.00 W, 77, 15607 MiB, 100 %, 5, 8
2026/09/21 01:05:49.109, 0, P0, 1950 MHz, 14001 MHz, 171.88 W, [N/A], 175.00 W, 77, 15607 MiB, 99 %, 5, 8
2026/09/21 01:05:49.361, 0, P0, 1950 MHz, 14001 MHz, 171.88 W, [N/A], 175.00 W, 77, 15607 MiB, 99 %, 5, 8
2026/09/21 01:05:49.613, 0, P0, 1957 MHz, 14001 MHz, 171.84 W, [N/A], 175.00 W, 77, 15607 MiB, 100 %, 5, 8
2026/09/21 01:05:49.865, 0, P0, 1957 MHz, 14001 MHz, 171.84 W, [N/A], 175.00 W, 77, 15607 MiB, 100 %, 5, 8
2026/09/21 01:05:50.118, 0, P0, 1942 MHz, 14001 MHz, 171.86 W, [N/A], 175.00 W, 78, 15607 MiB, 99 %, 5, 8
2026/09/21 01:05:50.370, 0, P0, 1942 MHz, 14001 MHz, 171.86 W, [N/A], 175.00 W, 78, 15607 MiB, 99 %, 5, 8
2026/09/21 01:05:50.622, 0, P0, 1935 MHz, 14001 MHz, 171.75 W, [N/A], 175.00 W, 78, 15607 MiB, 100 %, 5, 8
2026/09/21 01:05:50.875, 0, P0, 1935 MHz, 14001 MHz, 171.75 W, [N/A], 175.00 W, 78, 15607 MiB, 100 %, 5, 8
2026/09/21 01:05:51.135, 0, P0, 1935 MHz, 14001 MHz, 171.76 W, [N/A], 175.00 W, 78, 15607 MiB, 99 %, 5, 8
2026/09/21 01:05:51.387, 0, P0, 1927 MHz, 14001 MHz, 171.83 W, [N/A], 175.00 W, 78, 15607 MiB, 100 %, 5, 8
2026/09/21 01:05:51.640, 0, P0, 1927 MHz, 14001 MHz, 171.83 W, [N/A], 175.00 W, 78, 15607 MiB, 100 %, 5, 8
2026/09/21 01:05:51.892, 0, P0, 1935 MHz, 14001 MHz, 171.78 W, [N/A], 175.00 W, 78, 15607 MiB, 99 %, 5, 8
2026/09/21 01:05:52.144, 0, P0, 1935 MHz, 14001 MHz, 171.78 W, [N/A], 175.00 W, 78, 15607 MiB, 99 %, 5, 8
2026/09/21 01:05:52.396, 0, P0, 1935 MHz, 14001 MHz, 171.86 W, [N/A], 175.00 W, 78, 15607 MiB, 99 %, 5, 8
2026/09/21 01:05:52.649, 0, P0, 1935 MHz, 14001 MHz, 171.86 W, [N/A], 175.00 W, 78, 15607 MiB, 99 %, 5, 8
2026/09/21 01:05:52.901, 0, P0, 1935 MHz, 14001 MHz, 171.82 W, [N/A], 175.00 W, 78, 15607 MiB, 99 %, 5, 8
2026/09/21 01:05:53.153, 0, P0, 1935 MHz, 14001 MHz, 171.82 W, [N/A], 175.00 W, 78, 15607 MiB, 99 %, 5, 8
2026/09/21 01:05:53.406, 0, P0, 1920 MHz, 14001 MHz, 171.76 W, [N/A], 175.00 W, 78, 15607 MiB, 100 %, 5, 8
2026/09/21 01:05:53.658, 0, P0, 1920 MHz, 14001 MHz, 171.76 W, [N/A], 175.00 W, 78, 15607 MiB, 100 %, 5, 8
2026/09/21 01:05:53.910, 0, P0, 1935 MHz, 14001 MHz, 171.86 W, [N/A], 175.00 W, 79, 15607 MiB, 100 %, 5, 8
2026/09/21 01:05:54.163, 0, P0, 1935 MHz, 14001 MHz, 171.86 W, [N/A], 175.00 W, 79, 15607 MiB, 100 %, 5, 8
2026/09/21 01:05:54.415, 0, P0, 1920 MHz, 14001 MHz, 171.75 W, [N/A], 175.00 W, 79, 15607 MiB, 99 %, 5, 8
2026/09/21 01:05:54.667, 0, P0, 1920 MHz, 14001 MHz, 171.75 W, [N/A], 175.00 W, 79, 15607 MiB, 99 %, 5, 8
2026/09/21 01:05:54.920, 0, P0, 1935 MHz, 14001 MHz, 171.80 W, [N/A], 175.00 W, 79, 15607 MiB, 99 %, 5, 8
2026/09/21 01:05:55.174, 0, P0, 1935 MHz, 14001 MHz, 171.80 W, [N/A], 175.00 W, 79, 15607 MiB, 99 %, 5, 8
2026/09/21 01:05:55.426, 0, P0, 1920 MHz, 14001 MHz, 171.77 W, [N/A], 175.00 W, 79, 15607 MiB, 100 %, 5, 8
2026/09/21 01:05:55.678, 0, P0, 1920 MHz, 14001 MHz, 171.77 W, [N/A], 175.00 W, 79, 15607 MiB, 100 %, 5, 8
2026/09/21 01:05:55.941, 0, P0, 1920 MHz, 14001 MHz, 171.72 W, [N/A], 175.00 W, 79, 15607 MiB, 99 %, 5, 8
2026/09/21 01:05:56.193, 0, P0, 1920 MHz, 14001 MHz, 171.72 W, [N/A], 175.00 W, 79, 15607 MiB, 99 %, 5, 8
2026/09/21 01:05:56.445, 0, P0, 1920 MHz, 14001 MHz, 171.75 W, [N/A], 175.00 W, 79, 15607 MiB, 99 %, 5, 8
2026/09/21 01:05:56.697, 0, P0, 1920 MHz, 14001 MHz, 171.75 W, [N/A], 175.00 W, 79, 15607 MiB, 99 %, 5, 8
2026/09/21 01:05:56.950, 0, P0, 1920 MHz, 14001 MHz, 171.83 W, [N/A], 175.00 W, 79, 15607 MiB, 99 %, 5, 8
2026/09/21 01:05:57.202, 0, P0, 1920 MHz, 14001 MHz, 171.83 W, [N/A], 175.00 W, 79, 15607 MiB, 99 %, 5, 8
2026/09/21 01:05:57.455, 0, P0, 1920 MHz, 14001 MHz, 171.83 W, [N/A], 175.00 W, 79, 15607 MiB, 100 %, 5, 8
2026/09/21 01:05:57.707, 0, P0, 1920 MHz, 14001 MHz, 171.83 W, [N/A], 175.00 W, 79, 15607 MiB, 100 %, 5, 8
2026/09/21 01:05:57.959, 0, P0, 1920 MHz, 14001 MHz, 171.79 W, [N/A], 175.00 W, 79, 15607 MiB, 99 %, 5, 8
2026/09/21 01:05:58.211, 0, P0, 1920 MHz, 14001 MHz, 171.79 W, [N/A], 175.00 W, 79, 15607 MiB, 99 %, 5, 8
2026/09/21 01:05:58.464, 0, P0, 1920 MHz, 14001 MHz, 171.81 W, [N/A], 175.00 W, 79, 15607 MiB, 100 %, 5, 8
2026/09/21 01:05:58.716, 0, P0, 1920 MHz, 14001 MHz, 171.81 W, [N/A], 175.00 W, 79, 15607 MiB, 100 %, 5, 8
2026/09/21 01:05:58.968, 0, P0, 1920 MHz, 14001 MHz, 171.81 W, [N/A], 175.00 W, 79, 15607 MiB, 99 %, 5, 8
2026/09/21 01:05:59.221, 0, P0, 1920 MHz, 14001 MHz, 171.81 W, [N/A], 175.00 W, 79, 15607 MiB, 99 %, 5, 8
2026/09/21 01:05:59.473, 0, P0, 1920 MHz, 14001 MHz, 171.80 W, [N/A], 175.00 W, 79, 15607 MiB, 100 %, 5, 8
2026/09/21 01:05:59.726, 0, P0, 1920 MHz, 14001 MHz, 171.80 W, [N/A], 175.00 W, 79, 15607 MiB, 100 %, 5, 8
2026/09/21 01:05:59.978, 0, P0, 1920 MHz, 14001 MHz, 171.81 W, [N/A], 175.00 W, 79, 15607 MiB, 99 %, 5, 8
2026/09/21 01:06:00.231, 0, P0, 1920 MHz, 14001 MHz, 171.81 W, [N/A], 175.00 W, 79, 15607 MiB, 99 %, 5, 8
2026/09/21 01:06:00.483, 0, P0, 1920 MHz, 14001 MHz, 171.79 W, [N/A], 175.00 W, 80, 15607 MiB, 100 %, 5, 8
2026/09/21 01:06:00.745, 0, P0, 1920 MHz, 14001 MHz, 171.79 W, [N/A], 175.00 W, 80, 15607 MiB, 100 %, 5, 8
2026/09/21 01:06:00.998, 0, P0, 1920 MHz, 14001 MHz, 171.81 W, [N/A], 175.00 W, 80, 15607 MiB, 99 %, 5, 8
2026/09/21 01:06:01.250, 0, P0, 1920 MHz, 14001 MHz, 171.81 W, [N/A], 175.00 W, 80, 15607 MiB, 99 %, 5, 8
2026/09/21 01:06:01.502, 0, P0, 1912 MHz, 14001 MHz, 171.81 W, [N/A], 175.00 W, 80, 15607 MiB, 99 %, 5, 8
2026/09/21 01:06:01.754, 0, P0, 1912 MHz, 14001 MHz, 171.81 W, [N/A], 175.00 W, 80, 15607 MiB, 99 %, 5, 8
2026/09/21 01:06:02.007, 0, P0, 1920 MHz, 14001 MHz, 171.84 W, [N/A], 175.00 W, 80, 15607 MiB, 99 %, 5, 8
2026/09/21 01:06:02.259, 0, P0, 1920 MHz, 14001 MHz, 171.84 W, [N/A], 175.00 W, 80, 15607 MiB, 99 %, 5, 8
2026/09/21 01:06:02.512, 0, P0, 1912 MHz, 14001 MHz, 171.81 W, [N/A], 175.00 W, 80, 15607 MiB, 99 %, 5, 8
2026/09/21 01:06:02.764, 0, P0, 1912 MHz, 14001 MHz, 171.81 W, [N/A], 175.00 W, 80, 15607 MiB, 99 %, 5, 8
2026/09/21 01:06:03.016, 0, P0, 1912 MHz, 14001 MHz, 171.81 W, [N/A], 175.00 W, 80, 15607 MiB, 100 %, 5, 8
2026/09/21 01:06:03.269, 0, P0, 1912 MHz, 14001 MHz, 171.81 W, [N/A], 175.00 W, 80, 15607 MiB, 100 %, 5, 8
2026/09/21 01:06:03.521, 0, P0, 1912 MHz, 14001 MHz, 171.79 W, [N/A], 175.00 W, 80, 15607 MiB, 99 %, 5, 8
2026/09/21 01:06:03.773, 0, P0, 1912 MHz, 14001 MHz, 171.79 W, [N/A], 175.00 W, 80, 15607 MiB, 99 %, 5, 8
2026/09/21 01:06:04.026, 0, P0, 1912 MHz, 14001 MHz, 171.82 W, [N/A], 175.00 W, 80, 15607 MiB, 100 %, 5, 8
2026/09/21 01:06:04.278, 0, P0, 1912 MHz, 14001 MHz, 171.82 W, [N/A], 175.00 W, 80, 15607 MiB, 100 %, 5, 8
2026/09/21 01:06:04.531, 0, P0, 1912 MHz, 14001 MHz, 171.83 W, [N/A], 175.00 W, 80, 15607 MiB, 99 %, 5, 8
2026/09/21 01:06:04.783, 0, P0, 1912 MHz, 14001 MHz, 171.83 W, [N/A], 175.00 W, 80, 15607 MiB, 99 %, 5, 8
2026/09/21 01:06:05.035, 0, P0, 1912 MHz, 14001 MHz, 171.85 W, [N/A], 175.00 W, 80, 15607 MiB, 100 %, 5, 8
2026/09/21 01:06:05.288, 0, P0, 1912 MHz, 14001 MHz, 171.85 W, [N/A], 175.00 W, 80, 15607 MiB, 100 %, 5, 8
2026/09/21 01:06:05.540, 0, P0, 1905 MHz, 14001 MHz, 171.84 W, [N/A], 175.00 W, 80, 15607 MiB, 100 %, 5, 8
2026/09/21 01:06:05.792, 0, P0, 1905 MHz, 14001 MHz, 171.84 W, [N/A], 175.00 W, 80, 15607 MiB, 100 %, 5, 8
2026/09/21 01:06:06.054, 0, P0, 1905 MHz, 14001 MHz, 171.78 W, [N/A], 175.00 W, 80, 15607 MiB, 100 %, 5, 8
2026/09/21 01:06:06.307, 0, P0, 1905 MHz, 14001 MHz, 171.78 W, [N/A], 175.00 W, 80, 15607 MiB, 100 %, 5, 8
2026/09/21 01:06:06.559, 0, P0, 1912 MHz, 14001 MHz, 171.83 W, [N/A], 175.00 W, 80, 15607 MiB, 99 %, 5, 8
2026/09/21 01:06:06.811, 0, P0, 1912 MHz, 14001 MHz, 171.83 W, [N/A], 175.00 W, 80, 15607 MiB, 99 %, 5, 8
2026/09/21 01:06:07.064, 0, P0, 1905 MHz, 14001 MHz, 171.80 W, [N/A], 175.00 W, 80, 15607 MiB, 99 %, 5, 8
2026/09/21 01:06:07.316, 0, P0, 1905 MHz, 14001 MHz, 171.80 W, [N/A], 175.00 W, 80, 15607 MiB, 99 %, 5, 8
2026/09/21 01:06:07.568, 0, P0, 1905 MHz, 14001 MHz, 171.84 W, [N/A], 175.00 W, 80, 15607 MiB, 99 %, 5, 8
2026/09/21 01:06:07.820, 0, P0, 1905 MHz, 14001 MHz, 171.84 W, [N/A], 175.00 W, 80, 15607 MiB, 99 %, 5, 8
2026/09/21 01:06:08.072, 0, P0, 1897 MHz, 14001 MHz, 171.84 W, [N/A], 175.00 W, 80, 15607 MiB, 100 %, 5, 8
2026/09/21 01:06:08.325, 0, P0, 1897 MHz, 14001 MHz, 171.84 W, [N/A], 175.00 W, 80, 15607 MiB, 100 %, 5, 8
2026/09/21 01:06:08.577, 0, P0, 1905 MHz, 14001 MHz, 171.85 W, [N/A], 175.00 W, 80, 15607 MiB, 99 %, 5, 8
2026/09/21 01:06:08.829, 0, P0, 1905 MHz, 14001 MHz, 171.85 W, [N/A], 175.00 W, 80, 15607 MiB, 99 %, 5, 8
2026/09/21 01:06:09.081, 0, P0, 1905 MHz, 14001 MHz, 171.81 W, [N/A], 175.00 W, 80, 15607 MiB, 99 %, 5, 8
2026/09/21 01:06:09.334, 0, P0, 1905 MHz, 14001 MHz, 171.81 W, [N/A], 175.00 W, 80, 15607 MiB, 99 %, 5, 8
2026/09/21 01:06:09.586, 0, P0, 1897 MHz, 14001 MHz, 171.83 W, [N/A], 175.00 W, 81, 15607 MiB, 100 %, 5, 8
2026/09/21 01:06:09.838, 0, P0, 1897 MHz, 14001 MHz, 171.83 W, [N/A], 175.00 W, 81, 15607 MiB, 100 %, 5, 8
2026/09/21 01:06:10.090, 0, P0, 1897 MHz, 14001 MHz, 171.83 W, [N/A], 175.00 W, 81, 15607 MiB, 100 %, 5, 8
2026/09/21 01:06:10.343, 0, P0, 1897 MHz, 14001 MHz, 171.83 W, [N/A], 175.00 W, 81, 15607 MiB, 100 %, 5, 8
2026/09/21 01:06:10.595, 0, P0, 1897 MHz, 14001 MHz, 171.83 W, [N/A], 175.00 W, 81, 15607 MiB, 100 %, 5, 8
2026/09/21 01:06:10.847, 0, P0, 1897 MHz, 14001 MHz, 171.83 W, [N/A], 175.00 W, 81, 15607 MiB, 100 %, 5, 8
2026/09/21 01:06:11.100, 0, P0, 1897 MHz, 14001 MHz, 171.81 W, [N/A], 175.00 W, 81, 15607 MiB, 99 %, 5, 8
2026/09/21 01:06:11.361, 0, P0, 1897 MHz, 14001 MHz, 171.81 W, [N/A], 175.00 W, 81, 15607 MiB, 99 %, 5, 8
2026/09/21 01:06:11.613, 0, P0, 1897 MHz, 14001 MHz, 171.79 W, [N/A], 175.00 W, 81, 15607 MiB, 99 %, 5, 8
2026/09/21 01:06:11.866, 0, P0, 1897 MHz, 14001 MHz, 171.79 W, [N/A], 175.00 W, 81, 15607 MiB, 99 %, 5, 8
2026/09/21 01:06:12.118, 0, P0, 1890 MHz, 14001 MHz, 171.83 W, [N/A], 175.00 W, 81, 15607 MiB, 100 %, 5, 8
2026/09/21 01:06:12.370, 0, P0, 1890 MHz, 14001 MHz, 171.83 W, [N/A], 175.00 W, 81, 15607 MiB, 100 %, 5, 8
2026/09/21 01:06:12.623, 0, P0, 1897 MHz, 14001 MHz, 171.83 W, [N/A], 175.00 W, 81, 15607 MiB, 99 %, 5, 8
2026/09/21 01:06:12.875, 0, P0, 1897 MHz, 14001 MHz, 171.83 W, [N/A], 175.00 W, 81, 15607 MiB, 99 %, 5, 8
2026/09/21 01:06:13.127, 0, P0, 1897 MHz, 14001 MHz, 171.85 W, [N/A], 175.00 W, 81, 15607 MiB, 99 %, 5, 8
2026/09/21 01:06:13.379, 0, P0, 1897 MHz, 14001 MHz, 171.85 W, [N/A], 175.00 W, 81, 15607 MiB, 99 %, 5, 8
2026/09/21 01:06:13.632, 0, P0, 1890 MHz, 14001 MHz, 171.75 W, [N/A], 175.00 W, 81, 15607 MiB, 100 %, 5, 8
2026/09/21 01:06:13.884, 0, P0, 1890 MHz, 14001 MHz, 171.75 W, [N/A], 175.00 W, 81, 15607 MiB, 100 %, 5, 8
2026/09/21 01:06:14.136, 0, P0, 1897 MHz, 14001 MHz, 171.78 W, [N/A], 175.00 W, 81, 15607 MiB, 100 %, 5, 8
2026/09/21 01:06:14.389, 0, P0, 1897 MHz, 14001 MHz, 171.78 W, [N/A], 175.00 W, 81, 15607 MiB, 100 %, 5, 8
2026/09/21 01:06:14.641, 0, P0, 1890 MHz, 14001 MHz, 171.69 W, [N/A], 175.00 W, 81, 15607 MiB, 100 %, 5, 8
2026/09/21 01:06:14.893, 0, P0, 1890 MHz, 14001 MHz, 171.69 W, [N/A], 175.00 W, 81, 15607 MiB, 100 %, 5, 8
2026/09/21 01:06:15.146, 0, P0, 1897 MHz, 14001 MHz, 171.72 W, [N/A], 175.00 W, 81, 15607 MiB, 100 %, 5, 8
2026/09/21 01:06:15.398, 0, P0, 1897 MHz, 14001 MHz, 171.72 W, [N/A], 175.00 W, 81, 15607 MiB, 100 %, 5, 8
2026/09/21 01:06:15.651, 0, P0, 1897 MHz, 14001 MHz, 171.72 W, [N/A], 175.00 W, 81, 15607 MiB, 99 %, 5, 8
2026/09/21 01:06:15.903, 0, P0, 1897 MHz, 14001 MHz, 171.72 W, [N/A], 175.00 W, 81, 15607 MiB, 99 %, 5, 8
2026/09/21 01:06:16.155, 0, P0, 1905 MHz, 14001 MHz, 171.78 W, [N/A], 175.00 W, 81, 15607 MiB, 100 %, 5, 8
2026/09/21 01:06:16.408, 0, P0, 1905 MHz, 14001 MHz, 171.78 W, [N/A], 175.00 W, 81, 15607 MiB, 100 %, 5, 8
2026/09/21 01:06:16.668, 0, P0, 1890 MHz, 14001 MHz, 171.77 W, [N/A], 175.00 W, 81, 15607 MiB, 100 %, 5, 8
2026/09/21 01:06:16.920, 0, P0, 1897 MHz, 14001 MHz, 171.81 W, [N/A], 175.00 W, 82, 15607 MiB, 99 %, 5, 8
2026/09/21 01:06:17.173, 0, P0, 1897 MHz, 14001 MHz, 171.81 W, [N/A], 175.00 W, 82, 15607 MiB, 99 %, 5, 8
2026/09/21 01:06:17.425, 0, P0, 1882 MHz, 14001 MHz, 171.76 W, [N/A], 175.00 W, 82, 15607 MiB, 99 %, 5, 8
2026/09/21 01:06:17.677, 0, P0, 1882 MHz, 14001 MHz, 171.76 W, [N/A], 175.00 W, 82, 15607 MiB, 99 %, 5, 8
2026/09/21 01:06:17.929, 0, P0, 1897 MHz, 14001 MHz, 171.83 W, [N/A], 175.00 W, 82, 15607 MiB, 100 %, 5, 8
2026/09/21 01:06:18.182, 0, P0, 1897 MHz, 14001 MHz, 171.83 W, [N/A], 175.00 W, 82, 15607 MiB, 100 %, 5, 8
2026/09/21 01:06:18.434, 0, P0, 1890 MHz, 14001 MHz, 171.77 W, [N/A], 175.00 W, 82, 15607 MiB, 100 %, 5, 8
2026/09/21 01:06:18.687, 0, P0, 1890 MHz, 14001 MHz, 171.77 W, [N/A], 175.00 W, 82, 15607 MiB, 100 %, 5, 8
2026/09/21 01:06:18.939, 0, P0, 1897 MHz, 14001 MHz, 171.70 W, [N/A], 175.00 W, 82, 15607 MiB, 100 %, 5, 8
2026/09/21 01:06:19.191, 0, P0, 1897 MHz, 14001 MHz, 171.70 W, [N/A], 175.00 W, 82, 15607 MiB, 100 %, 5, 8
2026/09/21 01:06:19.443, 0, P0, 1882 MHz, 14001 MHz, 171.50 W, [N/A], 175.00 W, 82, 15607 MiB, 100 %, 5, 8
2026/09/21 01:06:19.696, 0, P0, 1882 MHz, 14001 MHz, 171.50 W, [N/A], 175.00 W, 82, 15607 MiB, 100 %, 5, 8
2026/09/21 01:06:19.948, 0, P0, 1837 MHz, 14001 MHz, 167.28 W, [N/A], 175.00 W, 82, 15607 MiB, 99 %, 5, 8
2026/09/21 01:06:20.200, 0, P0, 1837 MHz, 14001 MHz, 167.28 W, [N/A], 175.00 W, 82, 15607 MiB, 99 %, 5, 8
2026/09/21 01:06:20.453, 0, P0, 1845 MHz, 14001 MHz, 167.31 W, [N/A], 175.00 W, 82, 15607 MiB, 99 %, 5, 8
2026/09/21 01:06:20.705, 0, P0, 1845 MHz, 14001 MHz, 167.31 W, [N/A], 175.00 W, 82, 15607 MiB, 99 %, 5, 8
2026/09/21 01:06:20.957, 0, P0, 1837 MHz, 14001 MHz, 167.20 W, [N/A], 175.00 W, 82, 15607 MiB, 100 %, 5, 8
2026/09/21 01:06:21.210, 0, P0, 1837 MHz, 14001 MHz, 167.20 W, [N/A], 175.00 W, 82, 15607 MiB, 100 %, 5, 8
2026/09/21 01:06:21.471, 0, P0, 1845 MHz, 14001 MHz, 168.95 W, [N/A], 175.00 W, 82, 15607 MiB, 100 %, 5, 8
2026/09/21 01:06:21.723, 0, P0, 1845 MHz, 14001 MHz, 168.95 W, [N/A], 175.00 W, 82, 15607 MiB, 100 %, 5, 8
2026/09/21 01:06:21.975, 0, P0, 1905 MHz, 14001 MHz, 171.91 W, [N/A], 175.00 W, 82, 15607 MiB, 100 %, 5, 8
2026/09/21 01:06:22.227, 0, P0, 1905 MHz, 14001 MHz, 171.91 W, [N/A], 175.00 W, 82, 15607 MiB, 100 %, 5, 8
2026/09/21 01:06:22.480, 0, P0, 1890 MHz, 14001 MHz, 171.83 W, [N/A], 175.00 W, 82, 15607 MiB, 100 %, 5, 8
2026/09/21 01:06:22.732, 0, P0, 1890 MHz, 14001 MHz, 171.83 W, [N/A], 175.00 W, 82, 15607 MiB, 100 %, 5, 8
2026/09/21 01:06:22.984, 0, P0, 1890 MHz, 14001 MHz, 171.75 W, [N/A], 175.00 W, 82, 15607 MiB, 100 %, 5, 8
2026/09/21 01:06:23.237, 0, P0, 1890 MHz, 14001 MHz, 171.75 W, [N/A], 175.00 W, 82, 15607 MiB, 100 %, 5, 8
2026/09/21 01:06:23.489, 0, P0, 1890 MHz, 14001 MHz, 171.88 W, [N/A], 175.00 W, 82, 15607 MiB, 100 %, 5, 8
2026/09/21 01:06:23.741, 0, P0, 1890 MHz, 14001 MHz, 171.88 W, [N/A], 175.00 W, 82, 15607 MiB, 100 %, 5, 8
2026/09/21 01:06:23.993, 0, P0, 1882 MHz, 14001 MHz, 171.74 W, [N/A], 175.00 W, 83, 15607 MiB, 100 %, 5, 8
2026/09/21 01:06:24.246, 0, P0, 1882 MHz, 14001 MHz, 171.74 W, [N/A], 175.00 W, 83, 15607 MiB, 100 %, 5, 8
2026/09/21 01:06:24.498, 0, P0, 1890 MHz, 14001 MHz, 171.82 W, [N/A], 175.00 W, 83, 15607 MiB, 100 %, 5, 8
2026/09/21 01:06:24.750, 0, P0, 1890 MHz, 14001 MHz, 171.82 W, [N/A], 175.00 W, 83, 15607 MiB, 100 %, 5, 8
2026/09/21 01:06:25.002, 0, P0, 1890 MHz, 14001 MHz, 171.78 W, [N/A], 175.00 W, 83, 15607 MiB, 100 %, 5, 8
2026/09/21 01:06:25.254, 0, P0, 1890 MHz, 14001 MHz, 171.78 W, [N/A], 175.00 W, 83, 15607 MiB, 100 %, 5, 8
2026/09/21 01:06:25.507, 0, P0, 1882 MHz, 14001 MHz, 171.69 W, [N/A], 175.00 W, 83, 15607 MiB, 100 %, 5, 8
2026/09/21 01:06:25.759, 0, P0, 1882 MHz, 14001 MHz, 171.69 W, [N/A], 175.00 W, 83, 15607 MiB, 100 %, 5, 8
2026/09/21 01:06:26.012, 0, P0, 1890 MHz, 14001 MHz, 171.86 W, [N/A], 175.00 W, 83, 15607 MiB, 100 %, 5, 8
2026/09/21 01:06:26.264, 0, P0, 1890 MHz, 14001 MHz, 171.86 W, [N/A], 175.00 W, 83, 15607 MiB, 100 %, 5, 8
2026/09/21 01:06:26.516, 0, P0, 1882 MHz, 14001 MHz, 171.82 W, [N/A], 175.00 W, 83, 15607 MiB, 100 %, 5, 8
2026/09/21 01:06:26.768, 0, P0, 1882 MHz, 14001 MHz, 171.82 W, [N/A], 175.00 W, 83, 15607 MiB, 100 %, 5, 8
2026/09/21 01:06:27.021, 0, P0, 1882 MHz, 14001 MHz, 171.76 W, [N/A], 175.00 W, 83, 15607 MiB, 100 %, 5, 8
2026/09/21 01:06:27.282, 0, P0, 1882 MHz, 14001 MHz, 171.76 W, [N/A], 175.00 W, 83, 15607 MiB, 100 %, 5, 8
2026/09/21 01:06:27.535, 0, P0, 1882 MHz, 14001 MHz, 171.68 W, [N/A], 175.00 W, 83, 15607 MiB, 100 %, 5, 8
2026/09/21 01:06:27.787, 0, P0, 1882 MHz, 14001 MHz, 171.68 W, [N/A], 175.00 W, 83, 15607 MiB, 100 %, 5, 8
2026/09/21 01:06:28.039, 0, P0, 1890 MHz, 14001 MHz, 171.89 W, [N/A], 175.00 W, 83, 15607 MiB, 100 %, 5, 8
2026/09/21 01:06:28.292, 0, P0, 1890 MHz, 14001 MHz, 171.89 W, [N/A], 175.00 W, 83, 15607 MiB, 100 %, 5, 8
2026/09/21 01:06:28.544, 0, P0, 1875 MHz, 14001 MHz, 171.63 W, [N/A], 175.00 W, 83, 15607 MiB, 99 %, 5, 8
2026/09/21 01:06:28.796, 0, P0, 1875 MHz, 14001 MHz, 171.63 W, [N/A], 175.00 W, 83, 15607 MiB, 99 %, 5, 8
2026/09/21 01:06:29.048, 0, P0, 1890 MHz, 14001 MHz, 171.92 W, [N/A], 175.00 W, 83, 15607 MiB, 99 %, 5, 8
2026/09/21 01:06:29.301, 0, P0, 1890 MHz, 14001 MHz, 171.92 W, [N/A], 175.00 W, 83, 15607 MiB, 99 %, 5, 8
2026/09/21 01:06:29.553, 0, P0, 1875 MHz, 14001 MHz, 171.71 W, [N/A], 175.00 W, 83, 15607 MiB, 100 %, 5, 8
2026/09/21 01:06:29.805, 0, P0, 1875 MHz, 14001 MHz, 171.71 W, [N/A], 175.00 W, 83, 15607 MiB, 100 %, 5, 8
2026/09/21 01:06:30.058, 0, P0, 1890 MHz, 14001 MHz, 171.86 W, [N/A], 175.00 W, 83, 15607 MiB, 99 %, 5, 8
2026/09/21 01:06:30.310, 0, P0, 1890 MHz, 14001 MHz, 171.86 W, [N/A], 175.00 W, 83, 15607 MiB, 99 %, 5, 8
2026/09/21 01:06:30.562, 0, P0, 1875 MHz, 14001 MHz, 171.69 W, [N/A], 175.00 W, 83, 15607 MiB, 100 %, 5, 8
2026/09/21 01:06:30.814, 0, P0, 1875 MHz, 14001 MHz, 171.69 W, [N/A], 175.00 W, 83, 15607 MiB, 100 %, 5, 8
2026/09/21 01:06:31.067, 0, P0, 1890 MHz, 14001 MHz, 171.78 W, [N/A], 175.00 W, 83, 15607 MiB, 100 %, 5, 8
2026/09/21 01:06:31.319, 0, P0, 1890 MHz, 14001 MHz, 171.78 W, [N/A], 175.00 W, 83, 15607 MiB, 100 %, 5, 8
2026/09/21 01:06:31.571, 0, P0, 1875 MHz, 14001 MHz, 171.70 W, [N/A], 175.00 W, 83, 15607 MiB, 100 %, 5, 8
2026/09/21 01:06:31.824, 0, P0, 1875 MHz, 14001 MHz, 171.70 W, [N/A], 175.00 W, 83, 15607 MiB, 100 %, 5, 8
2026/09/21 01:06:32.086, 0, P0, 1890 MHz, 14001 MHz, 171.90 W, [N/A], 175.00 W, 83, 15607 MiB, 99 %, 5, 8
2026/09/21 01:06:32.338, 0, P0, 1890 MHz, 14001 MHz, 171.90 W, [N/A], 175.00 W, 83, 15607 MiB, 99 %, 5, 8
2026/09/21 01:06:32.591, 0, P0, 1875 MHz, 14001 MHz, 171.74 W, [N/A], 175.00 W, 83, 15607 MiB, 100 %, 5, 8
2026/09/21 01:06:32.843, 0, P0, 1875 MHz, 14001 MHz, 171.74 W, [N/A], 175.00 W, 83, 15607 MiB, 100 %, 5, 8
2026/09/21 01:06:33.096, 0, P0, 1882 MHz, 14001 MHz, 171.62 W, [N/A], 175.00 W, 83, 15607 MiB, 100 %, 5, 8
2026/09/21 01:06:33.348, 0, P0, 1882 MHz, 14001 MHz, 171.62 W, [N/A], 175.00 W, 83, 15607 MiB, 100 %, 5, 8
2026/09/21 01:06:33.600, 0, P0, 1875 MHz, 14001 MHz, 171.59 W, [N/A], 175.00 W, 84, 15607 MiB, 99 %, 5, 8
2026/09/21 01:06:33.852, 0, P0, 1875 MHz, 14001 MHz, 171.59 W, [N/A], 175.00 W, 84, 15607 MiB, 99 %, 5, 8
2026/09/21 01:06:34.104, 0, P0, 1875 MHz, 14001 MHz, 171.66 W, [N/A], 175.00 W, 84, 15607 MiB, 99 %, 5, 8
2026/09/21 01:06:34.356, 0, P0, 1875 MHz, 14001 MHz, 171.66 W, [N/A], 175.00 W, 84, 15607 MiB, 99 %, 5, 8
2026/09/21 01:06:34.609, 0, P0, 1875 MHz, 14001 MHz, 171.73 W, [N/A], 175.00 W, 84, 15607 MiB, 100 %, 5, 8
2026/09/21 01:06:34.861, 0, P0, 1875 MHz, 14001 MHz, 171.73 W, [N/A], 175.00 W, 84, 15607 MiB, 100 %, 5, 8
2026/09/21 01:06:35.113, 0, P0, 1875 MHz, 14001 MHz, 171.75 W, [N/A], 175.00 W, 84, 15607 MiB, 100 %, 5, 8
2026/09/21 01:06:35.366, 0, P0, 1875 MHz, 14001 MHz, 171.75 W, [N/A], 175.00 W, 84, 15607 MiB, 100 %, 5, 8
2026/09/21 01:06:35.618, 0, P0, 1875 MHz, 14001 MHz, 171.72 W, [N/A], 175.00 W, 84, 15607 MiB, 100 %, 5, 8
2026/09/21 01:06:35.870, 0, P0, 1875 MHz, 14001 MHz, 171.72 W, [N/A], 175.00 W, 84, 15607 MiB, 100 %, 5, 8
2026/09/21 01:06:36.123, 0, P0, 1875 MHz, 14001 MHz, 171.72 W, [N/A], 175.00 W, 84, 15607 MiB, 99 %, 5, 8
2026/09/21 01:06:36.375, 0, P0, 1875 MHz, 14001 MHz, 171.72 W, [N/A], 175.00 W, 84, 15607 MiB, 99 %, 5, 8
2026/09/21 01:06:36.627, 0, P0, 1875 MHz, 14001 MHz, 171.73 W, [N/A], 175.00 W, 84, 15607 MiB, 100 %, 5, 8
2026/09/21 01:06:36.880, 0, P0, 1875 MHz, 14001 MHz, 171.73 W, [N/A], 175.00 W, 84, 15607 MiB, 100 %, 5, 8
2026/09/21 01:06:37.132, 0, P0, 1875 MHz, 14001 MHz, 171.71 W, [N/A], 175.00 W, 84, 15607 MiB, 99 %, 5, 8
2026/09/21 01:06:37.394, 0, P0, 1875 MHz, 14001 MHz, 171.71 W, [N/A], 175.00 W, 84, 15607 MiB, 99 %, 5, 8
2026/09/21 01:06:37.646, 0, P0, 1875 MHz, 14001 MHz, 171.72 W, [N/A], 175.00 W, 84, 15607 MiB, 100 %, 5, 8
2026/09/21 01:06:37.898, 0, P0, 1875 MHz, 14001 MHz, 171.72 W, [N/A], 175.00 W, 84, 15607 MiB, 100 %, 5, 8
2026/09/21 01:06:38.150, 0, P0, 1875 MHz, 14001 MHz, 171.71 W, [N/A], 175.00 W, 84, 15607 MiB, 99 %, 5, 8
2026/09/21 01:06:38.403, 0, P0, 1875 MHz, 14001 MHz, 171.71 W, [N/A], 175.00 W, 84, 15607 MiB, 99 %, 5, 8
2026/09/21 01:06:38.655, 0, P0, 1875 MHz, 14001 MHz, 171.74 W, [N/A], 175.00 W, 84, 15607 MiB, 100 %, 5, 8
2026/09/21 01:06:38.908, 0, P0, 1875 MHz, 14001 MHz, 171.74 W, [N/A], 175.00 W, 84, 15607 MiB, 100 %, 5, 8
2026/09/21 01:06:39.160, 0, P0, 1875 MHz, 14001 MHz, 171.71 W, [N/A], 175.00 W, 84, 15607 MiB, 99 %, 5, 8
2026/09/21 01:06:39.412, 0, P0, 1875 MHz, 14001 MHz, 171.71 W, [N/A], 175.00 W, 84, 15607 MiB, 99 %, 5, 8
2026/09/21 01:06:39.665, 0, P0, 1875 MHz, 14001 MHz, 171.74 W, [N/A], 175.00 W, 84, 15607 MiB, 100 %, 5, 8
2026/09/21 01:06:39.917, 0, P0, 1875 MHz, 14001 MHz, 171.74 W, [N/A], 175.00 W, 84, 15607 MiB, 100 %, 5, 8
2026/09/21 01:06:40.170, 0, P0, 1875 MHz, 14001 MHz, 171.74 W, [N/A], 175.00 W, 84, 15607 MiB, 100 %, 5, 8
2026/09/21 01:06:40.422, 0, P0, 1875 MHz, 14001 MHz, 171.74 W, [N/A], 175.00 W, 84, 15607 MiB, 100 %, 5, 8
2026/09/21 01:06:40.674, 0, P0, 1875 MHz, 14001 MHz, 171.73 W, [N/A], 175.00 W, 84, 15607 MiB, 99 %, 5, 8
2026/09/21 01:06:40.927, 0, P0, 1875 MHz, 14001 MHz, 171.73 W, [N/A], 175.00 W, 84, 15607 MiB, 99 %, 5, 8
2026/09/21 01:06:41.179, 0, P0, 1875 MHz, 14001 MHz, 171.71 W, [N/A], 175.00 W, 84, 15607 MiB, 100 %, 5, 8
2026/09/21 01:06:41.431, 0, P0, 1875 MHz, 14001 MHz, 171.71 W, [N/A], 175.00 W, 84, 15607 MiB, 100 %, 5, 8
2026/09/21 01:06:41.684, 0, P0, 1875 MHz, 14001 MHz, 171.70 W, [N/A], 175.00 W, 84, 15607 MiB, 100 %, 5, 8
2026/09/21 01:06:41.936, 0, P0, 1875 MHz, 14001 MHz, 171.70 W, [N/A], 175.00 W, 84, 15607 MiB, 100 %, 5, 8
2026/09/21 01:06:42.198, 0, P0, 1875 MHz, 14001 MHz, 171.73 W, [N/A], 175.00 W, 84, 15607 MiB, 99 %, 5, 8
2026/09/21 01:06:42.450, 0, P0, 1875 MHz, 14001 MHz, 171.65 W, [N/A], 175.00 W, 84, 15607 MiB, 99 %, 5, 8
2026/09/21 01:06:42.703, 0, P0, 1875 MHz, 14001 MHz, 171.65 W, [N/A], 175.00 W, 84, 15607 MiB, 99 %, 5, 8
2026/09/21 01:06:42.955, 0, P0, 1882 MHz, 14001 MHz, 171.68 W, [N/A], 175.00 W, 84, 15607 MiB, 100 %, 5, 8
2026/09/21 01:06:43.207, 0, P0, 1882 MHz, 14001 MHz, 171.68 W, [N/A], 175.00 W, 84, 15607 MiB, 100 %, 5, 8
2026/09/21 01:06:43.460, 0, P0, 1890 MHz, 14001 MHz, 171.85 W, [N/A], 175.00 W, 84, 15607 MiB, 99 %, 5, 8
2026/09/21 01:06:43.712, 0, P0, 1890 MHz, 14001 MHz, 171.85 W, [N/A], 175.00 W, 84, 15607 MiB, 99 %, 5, 8
2026/09/21 01:06:43.964, 0, P0, 1875 MHz, 14001 MHz, 171.65 W, [N/A], 175.00 W, 84, 15607 MiB, 99 %, 5, 8
2026/09/21 01:06:44.217, 0, P0, 1875 MHz, 14001 MHz, 171.65 W, [N/A], 175.00 W, 84, 15607 MiB, 99 %, 5, 8
2026/09/21 01:06:44.469, 0, P0, 1882 MHz, 14001 MHz, 171.74 W, [N/A], 175.00 W, 84, 15607 MiB, 100 %, 5, 8
2026/09/21 01:06:44.721, 0, P0, 1882 MHz, 14001 MHz, 171.74 W, [N/A], 175.00 W, 84, 15607 MiB, 100 %, 5, 8
2026/09/21 01:06:44.974, 0, P0, 1875 MHz, 14001 MHz, 171.70 W, [N/A], 175.00 W, 84, 15607 MiB, 99 %, 5, 8
2026/09/21 01:06:45.226, 0, P0, 1875 MHz, 14001 MHz, 171.70 W, [N/A], 175.00 W, 84, 15607 MiB, 99 %, 5, 8
2026/09/21 01:06:45.478, 0, P0, 1890 MHz, 14001 MHz, 171.71 W, [N/A], 175.00 W, 84, 15607 MiB, 99 %, 5, 8
2026/09/21 01:06:45.731, 0, P0, 1890 MHz, 14001 MHz, 171.71 W, [N/A], 175.00 W, 84, 15607 MiB, 99 %, 5, 8
2026/09/21 01:06:45.983, 0, P0, 1875 MHz, 14001 MHz, 171.73 W, [N/A], 175.00 W, 84, 15607 MiB, 100 %, 5, 8
2026/09/21 01:06:46.235, 0, P0, 1875 MHz, 14001 MHz, 171.73 W, [N/A], 175.00 W, 84, 15607 MiB, 100 %, 5, 8
2026/09/21 01:06:46.488, 0, P0, 1882 MHz, 14001 MHz, 171.65 W, [N/A], 175.00 W, 84, 15607 MiB, 100 %, 5, 8
2026/09/21 01:06:46.740, 0, P0, 1882 MHz, 14001 MHz, 171.65 W, [N/A], 175.00 W, 84, 15607 MiB, 100 %, 5, 8
2026/09/21 01:06:46.992, 0, P0, 1875 MHz, 14001 MHz, 171.66 W, [N/A], 175.00 W, 84, 15607 MiB, 100 %, 5, 8
2026/09/21 01:06:47.244, 0, P0, 1875 MHz, 14001 MHz, 171.66 W, [N/A], 175.00 W, 84, 15607 MiB, 100 %, 5, 8
2026/09/21 01:06:47.510, 0, P0, 1882 MHz, 14001 MHz, 171.62 W, [N/A], 175.00 W, 84, 15607 MiB, 100 %, 5, 8
2026/09/21 01:06:47.766, 0, P0, 1882 MHz, 14001 MHz, 171.62 W, [N/A], 175.00 W, 84, 15607 MiB, 100 %, 5, 8
2026/09/21 01:06:48.018, 0, P0, 1875 MHz, 14001 MHz, 171.75 W, [N/A], 175.00 W, 84, 15607 MiB, 100 %, 5, 8
2026/09/21 01:06:48.270, 0, P0, 1875 MHz, 14001 MHz, 171.75 W, [N/A], 175.00 W, 84, 15607 MiB, 100 %, 5, 8
2026/09/21 01:06:48.523, 0, P0, 1875 MHz, 14001 MHz, 171.71 W, [N/A], 175.00 W, 84, 15607 MiB, 100 %, 5, 8
2026/09/21 01:06:48.775, 0, P0, 1875 MHz, 14001 MHz, 171.71 W, [N/A], 175.00 W, 84, 15607 MiB, 100 %, 5, 8
2026/09/21 01:06:49.027, 0, P0, 1882 MHz, 14001 MHz, 171.71 W, [N/A], 175.00 W, 84, 15607 MiB, 99 %, 5, 8
2026/09/21 01:06:49.279, 0, P0, 1882 MHz, 14001 MHz, 171.71 W, [N/A], 175.00 W, 84, 15607 MiB, 99 %, 5, 8
2026/09/21 01:06:49.532, 0, P0, 1875 MHz, 14001 MHz, 171.73 W, [N/A], 175.00 W, 84, 15607 MiB, 100 %, 5, 8
2026/09/21 01:06:49.784, 0, P0, 1875 MHz, 14001 MHz, 171.73 W, [N/A], 175.00 W, 84, 15607 MiB, 100 %, 5, 8
2026/09/21 01:06:50.037, 0, P0, 1875 MHz, 14001 MHz, 171.71 W, [N/A], 175.00 W, 84, 15607 MiB, 99 %, 5, 8
2026/09/21 01:06:50.289, 0, P0, 1875 MHz, 14001 MHz, 171.71 W, [N/A], 175.00 W, 84, 15607 MiB, 99 %, 5, 8
2026/09/21 01:06:50.541, 0, P0, 1875 MHz, 14001 MHz, 171.71 W, [N/A], 175.00 W, 84, 15607 MiB, 100 %, 5, 8
2026/09/21 01:06:50.794, 0, P0, 1875 MHz, 14001 MHz, 171.71 W, [N/A], 175.00 W, 84, 15607 MiB, 100 %, 5, 8
2026/09/21 01:06:51.046, 0, P0, 1875 MHz, 14001 MHz, 171.63 W, [N/A], 175.00 W, 84, 15607 MiB, 99 %, 5, 8
2026/09/21 01:06:51.298, 0, P0, 1875 MHz, 14001 MHz, 171.63 W, [N/A], 175.00 W, 84, 15607 MiB, 99 %, 5, 8
2026/09/21 01:06:51.550, 0, P0, 1875 MHz, 14001 MHz, 171.67 W, [N/A], 175.00 W, 84, 15607 MiB, 99 %, 5, 8
2026/09/21 01:06:51.812, 0, P0, 1875 MHz, 14001 MHz, 171.67 W, [N/A], 175.00 W, 84, 15607 MiB, 99 %, 5, 8
2026/09/21 01:06:52.064, 0, P0, 1875 MHz, 14001 MHz, 171.65 W, [N/A], 175.00 W, 84, 15607 MiB, 100 %, 5, 8
2026/09/21 01:06:52.316, 0, P0, 1875 MHz, 14001 MHz, 171.65 W, [N/A], 175.00 W, 84, 15607 MiB, 100 %, 5, 8
2026/09/21 01:06:52.569, 0, P0, 1875 MHz, 14001 MHz, 171.65 W, [N/A], 175.00 W, 84, 15607 MiB, 100 %, 5, 8
2026/09/21 01:06:52.821, 0, P0, 1875 MHz, 14001 MHz, 171.65 W, [N/A], 175.00 W, 84, 15607 MiB, 100 %, 5, 8
2026/09/21 01:06:53.073, 0, P0, 1875 MHz, 14001 MHz, 171.63 W, [N/A], 175.00 W, 84, 15607 MiB, 99 %, 5, 8
2026/09/21 01:06:53.326, 0, P0, 1875 MHz, 14001 MHz, 171.63 W, [N/A], 175.00 W, 84, 15607 MiB, 99 %, 5, 8
2026/09/21 01:06:53.578, 0, P0, 1875 MHz, 14001 MHz, 171.68 W, [N/A], 175.00 W, 84, 15607 MiB, 100 %, 5, 8
2026/09/21 01:06:53.831, 0, P0, 1875 MHz, 14001 MHz, 171.68 W, [N/A], 175.00 W, 84, 15607 MiB, 100 %, 5, 8
2026/09/21 01:06:54.083, 0, P0, 1875 MHz, 14001 MHz, 171.65 W, [N/A], 175.00 W, 85, 15607 MiB, 99 %, 5, 8
2026/09/21 01:06:54.335, 0, P0, 1875 MHz, 14001 MHz, 171.65 W, [N/A], 175.00 W, 85, 15607 MiB, 99 %, 5, 8
2026/09/21 01:06:54.588, 0, P0, 1875 MHz, 14001 MHz, 171.66 W, [N/A], 175.00 W, 85, 15607 MiB, 100 %, 5, 8
2026/09/21 01:06:54.840, 0, P0, 1875 MHz, 14001 MHz, 171.66 W, [N/A], 175.00 W, 85, 15607 MiB, 100 %, 5, 8
2026/09/21 01:06:55.092, 0, P0, 1875 MHz, 14001 MHz, 171.69 W, [N/A], 175.00 W, 84, 15607 MiB, 100 %, 5, 8
2026/09/21 01:06:55.344, 0, P0, 1875 MHz, 14001 MHz, 171.69 W, [N/A], 175.00 W, 84, 15607 MiB, 100 %, 5, 8
2026/09/21 01:06:55.597, 0, P0, 1875 MHz, 14001 MHz, 171.70 W, [N/A], 175.00 W, 85, 15607 MiB, 100 %, 5, 8
2026/09/21 01:06:55.849, 0, P0, 1875 MHz, 14001 MHz, 171.70 W, [N/A], 175.00 W, 85, 15607 MiB, 100 %, 5, 8
2026/09/21 01:06:56.102, 0, P0, 1875 MHz, 14001 MHz, 171.66 W, [N/A], 175.00 W, 85, 15607 MiB, 99 %, 5, 8
2026/09/21 01:06:56.354, 0, P0, 1875 MHz, 14001 MHz, 171.66 W, [N/A], 175.00 W, 85, 15607 MiB, 99 %, 5, 8
2026/09/21 01:06:56.616, 0, P0, 1875 MHz, 14001 MHz, 171.68 W, [N/A], 175.00 W, 85, 15607 MiB, 100 %, 5, 8
2026/09/21 01:06:56.868, 0, P0, 1875 MHz, 14001 MHz, 171.68 W, [N/A], 175.00 W, 85, 15607 MiB, 100 %, 5, 8
2026/09/21 01:06:57.121, 0, P0, 1875 MHz, 14001 MHz, 171.70 W, [N/A], 175.00 W, 85, 15607 MiB, 99 %, 5, 8
2026/09/21 01:06:57.373, 0, P0, 1875 MHz, 14001 MHz, 171.70 W, [N/A], 175.00 W, 85, 15607 MiB, 99 %, 5, 8
2026/09/21 01:06:57.626, 0, P0, 1875 MHz, 14001 MHz, 171.68 W, [N/A], 175.00 W, 85, 15607 MiB, 100 %, 5, 8
2026/09/21 01:06:57.878, 0, P0, 1875 MHz, 14001 MHz, 171.68 W, [N/A], 175.00 W, 85, 15607 MiB, 100 %, 5, 8
2026/09/21 01:06:58.130, 0, P0, 1875 MHz, 14001 MHz, 171.68 W, [N/A], 175.00 W, 85, 15607 MiB, 100 %, 5, 8
2026/09/21 01:06:58.382, 0, P0, 1875 MHz, 14001 MHz, 171.68 W, [N/A], 175.00 W, 85, 15607 MiB, 100 %, 5, 8
2026/09/21 01:06:58.634, 0, P0, 1875 MHz, 14001 MHz, 171.71 W, [N/A], 175.00 W, 85, 15607 MiB, 100 %, 5, 8
2026/09/21 01:06:58.887, 0, P0, 1875 MHz, 14001 MHz, 171.71 W, [N/A], 175.00 W, 85, 15607 MiB, 100 %, 5, 8
2026/09/21 01:06:59.139, 0, P0, 1875 MHz, 14001 MHz, 171.70 W, [N/A], 175.00 W, 85, 15607 MiB, 100 %, 5, 8
2026/09/21 01:06:59.391, 0, P0, 1875 MHz, 14001 MHz, 171.70 W, [N/A], 175.00 W, 85, 15607 MiB, 100 %, 5, 8
2026/09/21 01:06:59.644, 0, P0, 1875 MHz, 14001 MHz, 171.70 W, [N/A], 175.00 W, 85, 15607 MiB, 100 %, 5, 8
2026/09/21 01:06:59.896, 0, P0, 1875 MHz, 14001 MHz, 171.70 W, [N/A], 175.00 W, 85, 15607 MiB, 100 %, 5, 8
2026/09/21 01:07:00.148, 0, P0, 1875 MHz, 14001 MHz, 171.68 W, [N/A], 175.00 W, 85, 15607 MiB, 99 %, 5, 8
2026/09/21 01:07:00.401, 0, P0, 1875 MHz, 14001 MHz, 171.68 W, [N/A], 175.00 W, 85, 15607 MiB, 99 %, 5, 8
2026/09/21 01:07:00.653, 0, P0, 1875 MHz, 14001 MHz, 171.68 W, [N/A], 175.00 W, 85, 15607 MiB, 100 %, 5, 8
2026/09/21 01:07:00.905, 0, P0, 1875 MHz, 14001 MHz, 171.68 W, [N/A], 175.00 W, 85, 15607 MiB, 100 %, 5, 8
2026/09/21 01:07:01.158, 0, P0, 1875 MHz, 14001 MHz, 171.68 W, [N/A], 175.00 W, 85, 15607 MiB, 99 %, 5, 8
2026/09/21 01:07:01.419, 0, P0, 1875 MHz, 14001 MHz, 171.68 W, [N/A], 175.00 W, 85, 15607 MiB, 99 %, 5, 8
2026/09/21 01:07:01.671, 0, P0, 1875 MHz, 14001 MHz, 171.70 W, [N/A], 175.00 W, 85, 15607 MiB, 99 %, 5, 8
2026/09/21 01:07:01.924, 0, P0, 1875 MHz, 14001 MHz, 171.70 W, [N/A], 175.00 W, 85, 15607 MiB, 99 %, 5, 8
2026/09/21 01:07:02.176, 0, P0, 1875 MHz, 14001 MHz, 171.68 W, [N/A], 175.00 W, 85, 15607 MiB, 100 %, 5, 8
2026/09/21 01:07:02.428, 0, P0, 1875 MHz, 14001 MHz, 171.68 W, [N/A], 175.00 W, 85, 15607 MiB, 100 %, 5, 8
2026/09/21 01:07:02.680, 0, P0, 1875 MHz, 14001 MHz, 171.72 W, [N/A], 175.00 W, 85, 15607 MiB, 100 %, 5, 8
2026/09/21 01:07:02.933, 0, P0, 1875 MHz, 14001 MHz, 171.72 W, [N/A], 175.00 W, 85, 15607 MiB, 100 %, 5, 8
2026/09/21 01:07:03.185, 0, P0, 1875 MHz, 14001 MHz, 171.71 W, [N/A], 175.00 W, 85, 15607 MiB, 100 %, 5, 8
2026/09/21 01:07:03.437, 0, P0, 1875 MHz, 14001 MHz, 171.71 W, [N/A], 175.00 W, 85, 15607 MiB, 100 %, 5, 8
2026/09/21 01:07:03.690, 0, P0, 1875 MHz, 14001 MHz, 171.69 W, [N/A], 175.00 W, 85, 15607 MiB, 100 %, 5, 8
2026/09/21 01:07:03.942, 0, P0, 1875 MHz, 14001 MHz, 171.69 W, [N/A], 175.00 W, 85, 15607 MiB, 100 %, 5, 8
2026/09/21 01:07:04.194, 0, P0, 1875 MHz, 14001 MHz, 171.71 W, [N/A], 175.00 W, 85, 15607 MiB, 99 %, 5, 8
2026/09/21 01:07:04.447, 0, P0, 1875 MHz, 14001 MHz, 171.71 W, [N/A], 175.00 W, 85, 15607 MiB, 99 %, 5, 8
2026/09/21 01:07:04.699, 0, P0, 1875 MHz, 14001 MHz, 171.70 W, [N/A], 175.00 W, 85, 15607 MiB, 100 %, 5, 8
2026/09/21 01:07:04.951, 0, P0, 1875 MHz, 14001 MHz, 171.70 W, [N/A], 175.00 W, 85, 15607 MiB, 100 %, 5, 8
2026/09/21 01:07:05.204, 0, P0, 1875 MHz, 14001 MHz, 171.73 W, [N/A], 175.00 W, 85, 15607 MiB, 99 %, 5, 8
2026/09/21 01:07:05.456, 0, P0, 1875 MHz, 14001 MHz, 171.73 W, [N/A], 175.00 W, 85, 15607 MiB, 99 %, 5, 8
2026/09/21 01:07:05.708, 0, P0, 1875 MHz, 14001 MHz, 171.69 W, [N/A], 175.00 W, 85, 15607 MiB, 100 %, 5, 8
2026/09/21 01:07:05.960, 0, P0, 1875 MHz, 14001 MHz, 171.69 W, [N/A], 175.00 W, 85, 15607 MiB, 100 %, 5, 8
2026/09/21 01:07:06.212, 0, P0, 1875 MHz, 14001 MHz, 171.68 W, [N/A], 175.00 W, 85, 15607 MiB, 100 %, 5, 8
2026/09/21 01:07:06.465, 0, P0, 1875 MHz, 14001 MHz, 171.68 W, [N/A], 175.00 W, 85, 15607 MiB, 100 %, 5, 8
2026/09/21 01:07:06.728, 0, P0, 1875 MHz, 14001 MHz, 171.71 W, [N/A], 175.00 W, 85, 15607 MiB, 100 %, 5, 8
2026/09/21 01:07:06.980, 0, P0, 1875 MHz, 14001 MHz, 171.72 W, [N/A], 175.00 W, 85, 15607 MiB, 99 %, 5, 8
2026/09/21 01:07:07.232, 0, P0, 1875 MHz, 14001 MHz, 171.72 W, [N/A], 175.00 W, 85, 15607 MiB, 99 %, 5, 8
2026/09/21 01:07:07.485, 0, P0, 1875 MHz, 14001 MHz, 171.72 W, [N/A], 175.00 W, 85, 15607 MiB, 99 %, 5, 8
2026/09/21 01:07:07.738, 0, P0, 1875 MHz, 14001 MHz, 171.72 W, [N/A], 175.00 W, 85, 15607 MiB, 99 %, 5, 8
2026/09/21 01:07:07.990, 0, P0, 1875 MHz, 14001 MHz, 171.70 W, [N/A], 175.00 W, 85, 15607 MiB, 100 %, 5, 8
2026/09/21 01:07:08.242, 0, P0, 1875 MHz, 14001 MHz, 171.70 W, [N/A], 175.00 W, 85, 15607 MiB, 100 %, 5, 8
2026/09/21 01:07:08.495, 0, P0, 1867 MHz, 14001 MHz, 171.66 W, [N/A], 175.00 W, 85, 15607 MiB, 99 %, 5, 8
2026/09/21 01:07:08.747, 0, P0, 1867 MHz, 14001 MHz, 171.66 W, [N/A], 175.00 W, 85, 15607 MiB, 99 %, 5, 8
2026/09/21 01:07:09.000, 0, P0, 1875 MHz, 14001 MHz, 171.69 W, [N/A], 175.00 W, 85, 15607 MiB, 99 %, 5, 8
2026/09/21 01:07:09.252, 0, P0, 1875 MHz, 14001 MHz, 171.69 W, [N/A], 175.00 W, 85, 15607 MiB, 99 %, 5, 8
2026/09/21 01:07:09.504, 0, P0, 1875 MHz, 14001 MHz, 171.72 W, [N/A], 175.00 W, 85, 15607 MiB, 100 %, 5, 8
2026/09/21 01:07:09.757, 0, P0, 1875 MHz, 14001 MHz, 171.72 W, [N/A], 175.00 W, 85, 15607 MiB, 100 %, 5, 8
2026/09/21 01:07:10.009, 0, P0, 1875 MHz, 14001 MHz, 171.67 W, [N/A], 175.00 W, 85, 15607 MiB, 99 %, 5, 8
2026/09/21 01:07:10.261, 0, P0, 1875 MHz, 14001 MHz, 171.67 W, [N/A], 175.00 W, 85, 15607 MiB, 99 %, 5, 8
2026/09/21 01:07:10.513, 0, P0, 1875 MHz, 14001 MHz, 171.67 W, [N/A], 175.00 W, 85, 15607 MiB, 100 %, 5, 8
2026/09/21 01:07:10.766, 0, P0, 1875 MHz, 14001 MHz, 171.67 W, [N/A], 175.00 W, 85, 15607 MiB, 100 %, 5, 8
2026/09/21 01:07:11.018, 0, P0, 1875 MHz, 14001 MHz, 171.67 W, [N/A], 175.00 W, 85, 15607 MiB, 100 %, 5, 8
2026/09/21 01:07:11.270, 0, P0, 1875 MHz, 14001 MHz, 171.67 W, [N/A], 175.00 W, 85, 15607 MiB, 100 %, 5, 8
2026/09/21 01:07:11.531, 0, P0, 1867 MHz, 14001 MHz, 171.70 W, [N/A], 175.00 W, 85, 15607 MiB, 100 %, 5, 8
2026/09/21 01:07:11.783, 0, P0, 1867 MHz, 14001 MHz, 171.70 W, [N/A], 175.00 W, 85, 15607 MiB, 100 %, 5, 8
2026/09/21 01:07:12.036, 0, P0, 1875 MHz, 14001 MHz, 171.72 W, [N/A], 175.00 W, 85, 15607 MiB, 99 %, 5, 8
2026/09/21 01:07:12.288, 0, P0, 1875 MHz, 14001 MHz, 171.72 W, [N/A], 175.00 W, 85, 15607 MiB, 99 %, 5, 8
2026/09/21 01:07:12.540, 0, P0, 1875 MHz, 14001 MHz, 171.71 W, [N/A], 175.00 W, 85, 15607 MiB, 100 %, 5, 8
2026/09/21 01:07:12.792, 0, P0, 1875 MHz, 14001 MHz, 171.71 W, [N/A], 175.00 W, 85, 15607 MiB, 100 %, 5, 8
2026/09/21 01:07:13.045, 0, P0, 1875 MHz, 14001 MHz, 171.69 W, [N/A], 175.00 W, 85, 15607 MiB, 99 %, 5, 8
2026/09/21 01:07:13.297, 0, P0, 1875 MHz, 14001 MHz, 171.69 W, [N/A], 175.00 W, 85, 15607 MiB, 99 %, 5, 8
2026/09/21 01:07:13.549, 0, P0, 1875 MHz, 14001 MHz, 171.69 W, [N/A], 175.00 W, 85, 15607 MiB, 100 %, 5, 8
2026/09/21 01:07:13.802, 0, P0, 1875 MHz, 14001 MHz, 171.69 W, [N/A], 175.00 W, 85, 15607 MiB, 100 %, 5, 8
2026/09/21 01:07:14.054, 0, P0, 1875 MHz, 14001 MHz, 171.68 W, [N/A], 175.00 W, 85, 15607 MiB, 99 %, 5, 8
2026/09/21 01:07:14.306, 0, P0, 1875 MHz, 14001 MHz, 171.68 W, [N/A], 175.00 W, 85, 15607 MiB, 99 %, 5, 8
2026/09/21 01:07:14.558, 0, P0, 1875 MHz, 14001 MHz, 171.66 W, [N/A], 175.00 W, 85, 15607 MiB, 100 %, 5, 8
2026/09/21 01:07:14.810, 0, P0, 1875 MHz, 14001 MHz, 171.66 W, [N/A], 175.00 W, 85, 15607 MiB, 100 %, 5, 8
2026/09/21 01:07:15.062, 0, P0, 1875 MHz, 14001 MHz, 171.68 W, [N/A], 175.00 W, 85, 15607 MiB, 100 %, 5, 8
2026/09/21 01:07:15.315, 0, P0, 1875 MHz, 14001 MHz, 171.68 W, [N/A], 175.00 W, 85, 15607 MiB, 100 %, 5, 8
2026/09/21 01:07:15.567, 0, P0, 1875 MHz, 14001 MHz, 171.70 W, [N/A], 175.00 W, 85, 15607 MiB, 99 %, 5, 8
2026/09/21 01:07:15.819, 0, P0, 1875 MHz, 14001 MHz, 171.70 W, [N/A], 175.00 W, 85, 15607 MiB, 99 %, 5, 8
2026/09/21 01:07:16.072, 0, P0, 1875 MHz, 14001 MHz, 171.69 W, [N/A], 175.00 W, 85, 15607 MiB, 99 %, 5, 8
2026/09/21 01:07:16.324, 0, P0, 1875 MHz, 14001 MHz, 171.69 W, [N/A], 175.00 W, 85, 15607 MiB, 99 %, 5, 8
2026/09/21 01:07:16.576, 0, P0, 1875 MHz, 14001 MHz, 171.68 W, [N/A], 175.00 W, 85, 15607 MiB, 99 %, 5, 8
2026/09/21 01:07:16.838, 0, P0, 1875 MHz, 14001 MHz, 171.68 W, [N/A], 175.00 W, 85, 15607 MiB, 99 %, 5, 8
2026/09/21 01:07:17.091, 0, P0, 1875 MHz, 14001 MHz, 171.71 W, [N/A], 175.00 W, 85, 15607 MiB, 99 %, 5, 8
2026/09/21 01:07:17.343, 0, P0, 1875 MHz, 14001 MHz, 171.71 W, [N/A], 175.00 W, 85, 15607 MiB, 99 %, 5, 8
2026/09/21 01:07:17.595, 0, P0, 1875 MHz, 14001 MHz, 171.72 W, [N/A], 175.00 W, 85, 15607 MiB, 100 %, 5, 8
2026/09/21 01:07:17.848, 0, P0, 1875 MHz, 14001 MHz, 171.72 W, [N/A], 175.00 W, 85, 15607 MiB, 100 %, 5, 8
2026/09/21 01:07:18.100, 0, P0, 1875 MHz, 14001 MHz, 171.70 W, [N/A], 175.00 W, 85, 15607 MiB, 100 %, 5, 8
2026/09/21 01:07:18.352, 0, P0, 1875 MHz, 14001 MHz, 171.70 W, [N/A], 175.00 W, 85, 15607 MiB, 100 %, 5, 8
2026/09/21 01:07:18.604, 0, P0, 1875 MHz, 14001 MHz, 171.74 W, [N/A], 175.00 W, 85, 15607 MiB, 100 %, 5, 8
2026/09/21 01:07:18.856, 0, P0, 1875 MHz, 14001 MHz, 171.74 W, [N/A], 175.00 W, 85, 15607 MiB, 100 %, 5, 8
2026/09/21 01:07:19.109, 0, P0, 1867 MHz, 14001 MHz, 171.68 W, [N/A], 175.00 W, 85, 15607 MiB, 100 %, 5, 8
2026/09/21 01:07:19.361, 0, P0, 1867 MHz, 14001 MHz, 171.68 W, [N/A], 175.00 W, 85, 15607 MiB, 100 %, 5, 8
2026/09/21 01:07:19.613, 0, P0, 1875 MHz, 14001 MHz, 171.73 W, [N/A], 175.00 W, 85, 15607 MiB, 99 %, 5, 8
2026/09/21 01:07:19.865, 0, P0, 1875 MHz, 14001 MHz, 171.73 W, [N/A], 175.00 W, 85, 15607 MiB, 99 %, 5, 8
2026/09/21 01:07:20.117, 0, P0, 1875 MHz, 14001 MHz, 171.72 W, [N/A], 175.00 W, 85, 15607 MiB, 100 %, 5, 8
2026/09/21 01:07:20.370, 0, P0, 1875 MHz, 14001 MHz, 171.72 W, [N/A], 175.00 W, 85, 15607 MiB, 100 %, 5, 8
2026/09/21 01:07:20.622, 0, P0, 1875 MHz, 14001 MHz, 171.66 W, [N/A], 175.00 W, 85, 15607 MiB, 99 %, 5, 8
2026/09/21 01:07:20.874, 0, P0, 1875 MHz, 14001 MHz, 171.66 W, [N/A], 175.00 W, 85, 15607 MiB, 99 %, 5, 8
2026/09/21 01:07:21.126, 0, P0, 1875 MHz, 14001 MHz, 171.67 W, [N/A], 175.00 W, 85, 15607 MiB, 100 %, 5, 8
2026/09/21 01:07:21.379, 0, P0, 1875 MHz, 14001 MHz, 171.67 W, [N/A], 175.00 W, 85, 15607 MiB, 100 %, 5, 8
2026/09/21 01:07:21.631, 0, P0, 1875 MHz, 14001 MHz, 171.70 W, [N/A], 175.00 W, 85, 15607 MiB, 100 %, 5, 8
2026/09/21 01:07:21.883, 0, P0, 1875 MHz, 14001 MHz, 171.70 W, [N/A], 175.00 W, 85, 15607 MiB, 100 %, 5, 8
2026/09/21 01:07:22.146, 0, P0, 1867 MHz, 14001 MHz, 171.71 W, [N/A], 175.00 W, 85, 15607 MiB, 100 %, 5, 8
2026/09/21 01:07:22.398, 0, P0, 1867 MHz, 14001 MHz, 171.71 W, [N/A], 175.00 W, 85, 15607 MiB, 100 %, 5, 8
2026/09/21 01:07:22.650, 0, P0, 1867 MHz, 14001 MHz, 171.73 W, [N/A], 175.00 W, 85, 15607 MiB, 100 %, 5, 8
2026/09/21 01:07:22.902, 0, P0, 1867 MHz, 14001 MHz, 171.73 W, [N/A], 175.00 W, 85, 15607 MiB, 100 %, 5, 8
2026/09/21 01:07:23.155, 0, P0, 1867 MHz, 14001 MHz, 171.66 W, [N/A], 175.00 W, 85, 15607 MiB, 100 %, 5, 8
2026/09/21 01:07:23.407, 0, P0, 1867 MHz, 14001 MHz, 171.66 W, [N/A], 175.00 W, 85, 15607 MiB, 100 %, 5, 8
2026/09/21 01:07:23.659, 0, P0, 1867 MHz, 14001 MHz, 171.68 W, [N/A], 175.00 W, 85, 15607 MiB, 100 %, 5, 8
2026/09/21 01:07:23.911, 0, P0, 1867 MHz, 14001 MHz, 171.68 W, [N/A], 175.00 W, 85, 15607 MiB, 100 %, 5, 8
2026/09/21 01:07:24.164, 0, P0, 1867 MHz, 14001 MHz, 171.71 W, [N/A], 175.00 W, 85, 15607 MiB, 100 %, 5, 8
2026/09/21 01:07:24.416, 0, P0, 1867 MHz, 14001 MHz, 171.71 W, [N/A], 175.00 W, 85, 15607 MiB, 100 %, 5, 8
2026/09/21 01:07:24.668, 0, P0, 1875 MHz, 14001 MHz, 171.70 W, [N/A], 175.00 W, 85, 15607 MiB, 100 %, 5, 8
2026/09/21 01:07:24.920, 0, P0, 1875 MHz, 14001 MHz, 171.70 W, [N/A], 175.00 W, 85, 15607 MiB, 100 %, 5, 8
2026/09/21 01:07:25.173, 0, P0, 1867 MHz, 14001 MHz, 171.71 W, [N/A], 175.00 W, 85, 15607 MiB, 100 %, 5, 8
2026/09/21 01:07:25.425, 0, P0, 1867 MHz, 14001 MHz, 171.71 W, [N/A], 175.00 W, 85, 15607 MiB, 100 %, 5, 8
2026/09/21 01:07:25.677, 0, P0, 1867 MHz, 14001 MHz, 171.70 W, [N/A], 175.00 W, 85, 15607 MiB, 100 %, 5, 8
2026/09/21 01:07:25.930, 0, P0, 1867 MHz, 14001 MHz, 171.70 W, [N/A], 175.00 W, 85, 15607 MiB, 100 %, 5, 8
2026/09/21 01:07:26.182, 0, P0, 1867 MHz, 14001 MHz, 171.71 W, [N/A], 175.00 W, 85, 15607 MiB, 100 %, 5, 8
2026/09/21 01:07:26.434, 0, P0, 1867 MHz, 14001 MHz, 171.71 W, [N/A], 175.00 W, 85, 15607 MiB, 100 %, 5, 8
2026/09/21 01:07:26.686, 0, P0, 1867 MHz, 14001 MHz, 171.68 W, [N/A], 175.00 W, 85, 15607 MiB, 100 %, 5, 8
2026/09/21 01:07:26.939, 0, P0, 1867 MHz, 14001 MHz, 171.68 W, [N/A], 175.00 W, 85, 15607 MiB, 100 %, 5, 8
2026/09/21 01:07:27.191, 0, P0, 1875 MHz, 14001 MHz, 171.74 W, [N/A], 175.00 W, 85, 15607 MiB, 100 %, 5, 8
2026/09/21 01:07:27.452, 0, P0, 1875 MHz, 14001 MHz, 171.74 W, [N/A], 175.00 W, 85, 15607 MiB, 100 %, 5, 8
2026/09/21 01:07:27.704, 0, P0, 1867 MHz, 14001 MHz, 171.67 W, [N/A], 175.00 W, 85, 15607 MiB, 100 %, 5, 8
2026/09/21 01:07:27.957, 0, P0, 1867 MHz, 14001 MHz, 171.67 W, [N/A], 175.00 W, 85, 15607 MiB, 100 %, 5, 8
2026/09/21 01:07:28.209, 0, P0, 1875 MHz, 14001 MHz, 171.74 W, [N/A], 175.00 W, 85, 15607 MiB, 100 %, 5, 8
2026/09/21 01:07:28.461, 0, P0, 1875 MHz, 14001 MHz, 171.74 W, [N/A], 175.00 W, 85, 15607 MiB, 100 %, 5, 8
2026/09/21 01:07:28.713, 0, P0, 1860 MHz, 14001 MHz, 171.64 W, [N/A], 175.00 W, 85, 15607 MiB, 100 %, 5, 8
2026/09/21 01:07:28.966, 0, P0, 1860 MHz, 14001 MHz, 171.64 W, [N/A], 175.00 W, 85, 15607 MiB, 100 %, 5, 8
2026/09/21 01:07:29.218, 0, P0, 1875 MHz, 14001 MHz, 171.70 W, [N/A], 175.00 W, 85, 15607 MiB, 100 %, 5, 8
2026/09/21 01:07:29.470, 0, P0, 1875 MHz, 14001 MHz, 171.70 W, [N/A], 175.00 W, 85, 15607 MiB, 100 %, 5, 8
2026/09/21 01:07:29.723, 0, P0, 1867 MHz, 14001 MHz, 171.72 W, [N/A], 175.00 W, 85, 15607 MiB, 100 %, 5, 8
2026/09/21 01:07:29.975, 0, P0, 1867 MHz, 14001 MHz, 171.72 W, [N/A], 175.00 W, 85, 15607 MiB, 100 %, 5, 8
2026/09/21 01:07:30.227, 0, P0, 1875 MHz, 14001 MHz, 171.68 W, [N/A], 175.00 W, 85, 15607 MiB, 100 %, 5, 8
2026/09/21 01:07:30.479, 0, P0, 1875 MHz, 14001 MHz, 171.68 W, [N/A], 175.00 W, 85, 15607 MiB, 100 %, 5, 8
2026/09/21 01:07:30.732, 0, P0, 1867 MHz, 14001 MHz, 171.71 W, [N/A], 175.00 W, 85, 15607 MiB, 100 %, 5, 8
2026/09/21 01:07:30.984, 0, P0, 1867 MHz, 14001 MHz, 171.71 W, [N/A], 175.00 W, 85, 15607 MiB, 100 %, 5, 8
2026/09/21 01:07:31.236, 0, P0, 1867 MHz, 14001 MHz, 171.69 W, [N/A], 175.00 W, 85, 15607 MiB, 100 %, 5, 8
2026/09/21 01:07:31.488, 0, P0, 1867 MHz, 14001 MHz, 171.69 W, [N/A], 175.00 W, 85, 15607 MiB, 100 %, 5, 8
2026/09/21 01:07:31.741, 0, P0, 1867 MHz, 14001 MHz, 171.71 W, [N/A], 175.00 W, 85, 15607 MiB, 100 %, 5, 8
2026/09/21 01:07:31.993, 0, P0, 1867 MHz, 14001 MHz, 171.71 W, [N/A], 175.00 W, 85, 15607 MiB, 100 %, 5, 8
2026/09/21 01:07:32.245, 0, P0, 1875 MHz, 14001 MHz, 171.73 W, [N/A], 175.00 W, 85, 15607 MiB, 100 %, 5, 8
2026/09/21 01:07:32.497, 0, P0, 1875 MHz, 14001 MHz, 171.73 W, [N/A], 175.00 W, 85, 15607 MiB, 100 %, 5, 8
2026/09/21 01:07:32.758, 0, P0, 1867 MHz, 14001 MHz, 171.73 W, [N/A], 175.00 W, 85, 15607 MiB, 100 %, 5, 8
2026/09/21 01:07:33.010, 0, P0, 1867 MHz, 14001 MHz, 171.65 W, [N/A], 175.00 W, 85, 15607 MiB, 100 %, 5, 8
2026/09/21 01:07:33.262, 0, P0, 1867 MHz, 14001 MHz, 171.65 W, [N/A], 175.00 W, 85, 15607 MiB, 100 %, 5, 8
2026/09/21 01:07:33.514, 0, P0, 1867 MHz, 14001 MHz, 171.65 W, [N/A], 175.00 W, 85, 15607 MiB, 99 %, 5, 8
2026/09/21 01:07:33.767, 0, P0, 1867 MHz, 14001 MHz, 171.65 W, [N/A], 175.00 W, 85, 15607 MiB, 99 %, 5, 8
2026/09/21 01:07:34.019, 0, P0, 1867 MHz, 14001 MHz, 171.71 W, [N/A], 175.00 W, 85, 15607 MiB, 99 %, 5, 8
2026/09/21 01:07:34.271, 0, P0, 1867 MHz, 14001 MHz, 171.71 W, [N/A], 175.00 W, 85, 15607 MiB, 99 %, 5, 8
2026/09/21 01:07:34.524, 0, P0, 1867 MHz, 14001 MHz, 171.76 W, [N/A], 175.00 W, 85, 15607 MiB, 100 %, 5, 8
2026/09/21 01:07:34.776, 0, P0, 1867 MHz, 14001 MHz, 171.76 W, [N/A], 175.00 W, 85, 15607 MiB, 100 %, 5, 8
2026/09/21 01:07:35.028, 0, P0, 1860 MHz, 14001 MHz, 171.66 W, [N/A], 175.00 W, 85, 15607 MiB, 100 %, 5, 8
2026/09/21 01:07:35.280, 0, P0, 1860 MHz, 14001 MHz, 171.66 W, [N/A], 175.00 W, 85, 15607 MiB, 100 %, 5, 8
2026/09/21 01:07:35.532, 0, P0, 1867 MHz, 14001 MHz, 171.72 W, [N/A], 175.00 W, 85, 15607 MiB, 100 %, 5, 8
2026/09/21 01:07:35.785, 0, P0, 1867 MHz, 14001 MHz, 171.72 W, [N/A], 175.00 W, 85, 15607 MiB, 100 %, 5, 8
2026/09/21 01:07:36.037, 0, P0, 1860 MHz, 14001 MHz, 171.71 W, [N/A], 175.00 W, 85, 15607 MiB, 100 %, 5, 8
2026/09/21 01:07:36.289, 0, P0, 1860 MHz, 14001 MHz, 171.71 W, [N/A], 175.00 W, 85, 15607 MiB, 100 %, 5, 8
2026/09/21 01:07:36.542, 0, P0, 1867 MHz, 14001 MHz, 171.70 W, [N/A], 175.00 W, 85, 15607 MiB, 100 %, 5, 8
2026/09/21 01:07:36.794, 0, P0, 1867 MHz, 14001 MHz, 171.70 W, [N/A], 175.00 W, 85, 15607 MiB, 100 %, 5, 8
2026/09/21 01:07:37.046, 0, P0, 1867 MHz, 14001 MHz, 171.69 W, [N/A], 175.00 W, 85, 15607 MiB, 99 %, 5, 8
2026/09/21 01:07:37.298, 0, P0, 1867 MHz, 14001 MHz, 171.69 W, [N/A], 175.00 W, 85, 15607 MiB, 99 %, 5, 8
2026/09/21 01:07:37.551, 0, P0, 1875 MHz, 14001 MHz, 171.68 W, [N/A], 175.00 W, 85, 15607 MiB, 100 %, 5, 8
2026/09/21 01:07:37.803, 0, P0, 1875 MHz, 14001 MHz, 171.68 W, [N/A], 175.00 W, 85, 15607 MiB, 100 %, 5, 8
2026/09/21 01:07:38.064, 0, P0, 1867 MHz, 14001 MHz, 171.68 W, [N/A], 175.00 W, 85, 15607 MiB, 100 %, 5, 8
2026/09/21 01:07:38.316, 0, P0, 1867 MHz, 14001 MHz, 171.68 W, [N/A], 175.00 W, 85, 15607 MiB, 100 %, 5, 8
2026/09/21 01:07:38.568, 0, P0, 1875 MHz, 14001 MHz, 171.75 W, [N/A], 175.00 W, 85, 15607 MiB, 100 %, 5, 8
2026/09/21 01:07:38.821, 0, P0, 1875 MHz, 14001 MHz, 171.75 W, [N/A], 175.00 W, 85, 15607 MiB, 100 %, 5, 8
2026/09/21 01:07:39.073, 0, P0, 1867 MHz, 14001 MHz, 171.67 W, [N/A], 175.00 W, 85, 15607 MiB, 100 %, 5, 8
2026/09/21 01:07:39.325, 0, P0, 1867 MHz, 14001 MHz, 171.67 W, [N/A], 175.00 W, 85, 15607 MiB, 100 %, 5, 8
2026/09/21 01:07:39.578, 0, P0, 1875 MHz, 14001 MHz, 171.74 W, [N/A], 175.00 W, 85, 15607 MiB, 100 %, 5, 8
2026/09/21 01:07:39.830, 0, P0, 1875 MHz, 14001 MHz, 171.74 W, [N/A], 175.00 W, 85, 15607 MiB, 100 %, 5, 8
2026/09/21 01:07:40.082, 0, P0, 1875 MHz, 14001 MHz, 171.78 W, [N/A], 175.00 W, 85, 15607 MiB, 100 %, 5, 8
2026/09/21 01:07:40.335, 0, P0, 1875 MHz, 14001 MHz, 171.78 W, [N/A], 175.00 W, 85, 15607 MiB, 100 %, 5, 8
2026/09/21 01:07:40.587, 0, P0, 1875 MHz, 14001 MHz, 171.74 W, [N/A], 175.00 W, 85, 15607 MiB, 100 %, 5, 8
2026/09/21 01:07:40.839, 0, P0, 1875 MHz, 14001 MHz, 171.74 W, [N/A], 175.00 W, 85, 15607 MiB, 100 %, 5, 8
2026/09/21 01:07:41.091, 0, P0, 1875 MHz, 14001 MHz, 171.75 W, [N/A], 175.00 W, 85, 15607 MiB, 100 %, 5, 8
2026/09/21 01:07:41.344, 0, P0, 1875 MHz, 14001 MHz, 171.75 W, [N/A], 175.00 W, 85, 15607 MiB, 100 %, 5, 8
2026/09/21 01:07:41.596, 0, P0, 1875 MHz, 14001 MHz, 171.71 W, [N/A], 175.00 W, 85, 15607 MiB, 99 %, 5, 8
2026/09/21 01:07:41.848, 0, P0, 1875 MHz, 14001 MHz, 171.71 W, [N/A], 175.00 W, 85, 15607 MiB, 99 %, 5, 8
2026/09/21 01:07:42.101, 0, P0, 1875 MHz, 14001 MHz, 171.69 W, [N/A], 175.00 W, 85, 15607 MiB, 100 %, 5, 8
2026/09/21 01:07:42.353, 0, P0, 1875 MHz, 14001 MHz, 171.69 W, [N/A], 175.00 W, 85, 15607 MiB, 100 %, 5, 8
2026/09/21 01:07:42.605, 0, P0, 1875 MHz, 14001 MHz, 171.74 W, [N/A], 175.00 W, 85, 15607 MiB, 100 %, 5, 8
2026/09/21 01:07:42.857, 0, P0, 1875 MHz, 14001 MHz, 171.74 W, [N/A], 175.00 W, 85, 15607 MiB, 100 %, 5, 8
2026/09/21 01:07:43.109, 0, P0, 1875 MHz, 14001 MHz, 171.71 W, [N/A], 175.00 W, 85, 15607 MiB, 99 %, 5, 8
2026/09/21 01:07:43.370, 0, P0, 1875 MHz, 14001 MHz, 171.71 W, [N/A], 175.00 W, 85, 15607 MiB, 99 %, 5, 8
2026/09/21 01:07:43.622, 0, P0, 1875 MHz, 14001 MHz, 171.67 W, [N/A], 175.00 W, 85, 15607 MiB, 100 %, 5, 8
2026/09/21 01:07:43.875, 0, P0, 1875 MHz, 14001 MHz, 171.67 W, [N/A], 175.00 W, 85, 15607 MiB, 100 %, 5, 8
2026/09/21 01:07:44.127, 0, P0, 1875 MHz, 14001 MHz, 171.63 W, [N/A], 175.00 W, 85, 15607 MiB, 100 %, 5, 8
2026/09/21 01:07:44.379, 0, P0, 1875 MHz, 14001 MHz, 171.63 W, [N/A], 175.00 W, 85, 15607 MiB, 100 %, 5, 8
2026/09/21 01:07:44.631, 0, P0, 1875 MHz, 14001 MHz, 171.69 W, [N/A], 175.00 W, 85, 15607 MiB, 100 %, 5, 8
2026/09/21 01:07:44.884, 0, P0, 1875 MHz, 14001 MHz, 171.69 W, [N/A], 175.00 W, 85, 15607 MiB, 100 %, 5, 8
2026/09/21 01:07:45.136, 0, P0, 1875 MHz, 14001 MHz, 171.69 W, [N/A], 175.00 W, 85, 15607 MiB, 100 %, 5, 8
2026/09/21 01:07:45.388, 0, P0, 1875 MHz, 14001 MHz, 171.69 W, [N/A], 175.00 W, 85, 15607 MiB, 100 %, 5, 8
2026/09/21 01:07:45.640, 0, P0, 1875 MHz, 14001 MHz, 171.65 W, [N/A], 175.00 W, 85, 15607 MiB, 100 %, 5, 8
2026/09/21 01:07:45.892, 0, P0, 1875 MHz, 14001 MHz, 171.65 W, [N/A], 175.00 W, 85, 15607 MiB, 100 %, 5, 8
2026/09/21 01:07:46.145, 0, P0, 1875 MHz, 14001 MHz, 171.71 W, [N/A], 175.00 W, 85, 15607 MiB, 100 %, 5, 8
2026/09/21 01:07:46.397, 0, P0, 1875 MHz, 14001 MHz, 171.71 W, [N/A], 175.00 W, 85, 15607 MiB, 100 %, 5, 8
2026/09/21 01:07:46.649, 0, P0, 1875 MHz, 14001 MHz, 171.66 W, [N/A], 175.00 W, 85, 15607 MiB, 100 %, 5, 8
2026/09/21 01:07:46.901, 0, P0, 1875 MHz, 14001 MHz, 171.66 W, [N/A], 175.00 W, 85, 15607 MiB, 100 %, 5, 8
2026/09/21 01:07:47.154, 0, P0, 1867 MHz, 14001 MHz, 171.71 W, [N/A], 175.00 W, 85, 15607 MiB, 100 %, 5, 8
2026/09/21 01:07:47.406, 0, P0, 1867 MHz, 14001 MHz, 171.71 W, [N/A], 175.00 W, 85, 15607 MiB, 100 %, 5, 8
2026/09/21 01:07:47.658, 0, P0, 1867 MHz, 14001 MHz, 171.73 W, [N/A], 175.00 W, 85, 15607 MiB, 99 %, 5, 8
2026/09/21 01:07:47.910, 0, P0, 1867 MHz, 14001 MHz, 171.73 W, [N/A], 175.00 W, 85, 15607 MiB, 99 %, 5, 8
2026/09/21 01:07:48.163, 0, P0, 1875 MHz, 14001 MHz, 171.73 W, [N/A], 175.00 W, 85, 15607 MiB, 100 %, 5, 8
2026/09/21 01:07:48.415, 0, P0, 1875 MHz, 14001 MHz, 171.73 W, [N/A], 175.00 W, 85, 15607 MiB, 100 %, 5, 8
2026/09/21 01:07:48.677, 0, P0, 1867 MHz, 14001 MHz, 171.73 W, [N/A], 175.00 W, 85, 15607 MiB, 100 %, 5, 8
2026/09/21 01:07:48.929, 0, P0, 1867 MHz, 14001 MHz, 171.73 W, [N/A], 175.00 W, 85, 15607 MiB, 100 %, 5, 8
2026/09/21 01:07:49.181, 0, P0, 1875 MHz, 14001 MHz, 171.69 W, [N/A], 175.00 W, 85, 15607 MiB, 100 %, 5, 8
2026/09/21 01:07:49.434, 0, P0, 1875 MHz, 14001 MHz, 171.69 W, [N/A], 175.00 W, 85, 15607 MiB, 100 %, 5, 8
2026/09/21 01:07:49.686, 0, P0, 1867 MHz, 14001 MHz, 171.66 W, [N/A], 175.00 W, 85, 15607 MiB, 100 %, 5, 8
2026/09/21 01:07:49.938, 0, P0, 1867 MHz, 14001 MHz, 171.66 W, [N/A], 175.00 W, 85, 15607 MiB, 100 %, 5, 8
2026/09/21 01:07:50.190, 0, P0, 1875 MHz, 14001 MHz, 171.71 W, [N/A], 175.00 W, 85, 15607 MiB, 99 %, 5, 8
2026/09/21 01:07:50.443, 0, P0, 1875 MHz, 14001 MHz, 171.71 W, [N/A], 175.00 W, 85, 15607 MiB, 99 %, 5, 8
2026/09/21 01:07:50.695, 0, P0, 1867 MHz, 14001 MHz, 171.70 W, [N/A], 175.00 W, 85, 15607 MiB, 100 %, 5, 8
2026/09/21 01:07:50.947, 0, P0, 1867 MHz, 14001 MHz, 171.70 W, [N/A], 175.00 W, 85, 15607 MiB, 100 %, 5, 8
2026/09/21 01:07:51.200, 0, P0, 1875 MHz, 14001 MHz, 171.68 W, [N/A], 175.00 W, 85, 15607 MiB, 100 %, 5, 8
2026/09/21 01:07:51.452, 0, P0, 1875 MHz, 14001 MHz, 171.68 W, [N/A], 175.00 W, 85, 15607 MiB, 100 %, 5, 8
2026/09/21 01:07:51.704, 0, P0, 1867 MHz, 14001 MHz, 171.71 W, [N/A], 175.00 W, 85, 15607 MiB, 100 %, 5, 8
2026/09/21 01:07:51.956, 0, P0, 1867 MHz, 14001 MHz, 171.71 W, [N/A], 175.00 W, 85, 15607 MiB, 100 %, 5, 8
2026/09/21 01:07:52.208, 0, P0, 1875 MHz, 14001 MHz, 171.72 W, [N/A], 175.00 W, 85, 15607 MiB, 100 %, 5, 8
2026/09/21 01:07:52.461, 0, P0, 1875 MHz, 14001 MHz, 171.72 W, [N/A], 175.00 W, 85, 15607 MiB, 100 %, 5, 8
2026/09/21 01:07:52.713, 0, P0, 1875 MHz, 14001 MHz, 171.67 W, [N/A], 175.00 W, 85, 15607 MiB, 100 %, 5, 8
2026/09/21 01:07:52.965, 0, P0, 1875 MHz, 14001 MHz, 171.67 W, [N/A], 175.00 W, 85, 15607 MiB, 100 %, 5, 8
2026/09/21 01:07:53.218, 0, P0, 1875 MHz, 14001 MHz, 171.64 W, [N/A], 175.00 W, 85, 15607 MiB, 99 %, 5, 8
2026/09/21 01:07:53.470, 0, P0, 1875 MHz, 14001 MHz, 171.64 W, [N/A], 175.00 W, 85, 15607 MiB, 99 %, 5, 8
2026/09/21 01:07:53.723, 0, P0, 1867 MHz, 14001 MHz, 171.72 W, [N/A], 175.00 W, 85, 15607 MiB, 100 %, 5, 8
2026/09/21 01:07:53.983, 0, P0, 1867 MHz, 14001 MHz, 171.72 W, [N/A], 175.00 W, 85, 15607 MiB, 100 %, 5, 8
2026/09/21 01:07:54.236, 0, P0, 1875 MHz, 14001 MHz, 171.72 W, [N/A], 175.00 W, 85, 15607 MiB, 100 %, 5, 8
2026/09/21 01:07:54.488, 0, P0, 1875 MHz, 14001 MHz, 171.72 W, [N/A], 175.00 W, 85, 15607 MiB, 100 %, 5, 8
2026/09/21 01:07:54.740, 0, P0, 1867 MHz, 14001 MHz, 171.68 W, [N/A], 175.00 W, 85, 15607 MiB, 100 %, 5, 8
2026/09/21 01:07:54.992, 0, P0, 1867 MHz, 14001 MHz, 171.68 W, [N/A], 175.00 W, 85, 15607 MiB, 100 %, 5, 8
2026/09/21 01:07:55.244, 0, P0, 1867 MHz, 14001 MHz, 171.64 W, [N/A], 175.00 W, 85, 15607 MiB, 100 %, 5, 8
2026/09/21 01:07:55.496, 0, P0, 1867 MHz, 14001 MHz, 171.64 W, [N/A], 175.00 W, 85, 15607 MiB, 100 %, 5, 8
2026/09/21 01:07:55.749, 0, P0, 1867 MHz, 14001 MHz, 171.72 W, [N/A], 175.00 W, 85, 15607 MiB, 100 %, 5, 8
2026/09/21 01:07:56.000, 0, P0, 1867 MHz, 14001 MHz, 171.72 W, [N/A], 175.00 W, 85, 15607 MiB, 100 %, 5, 8
2026/09/21 01:07:56.253, 0, P0, 1875 MHz, 14001 MHz, 171.74 W, [N/A], 175.00 W, 85, 15607 MiB, 100 %, 5, 8
2026/09/21 01:07:56.505, 0, P0, 1875 MHz, 14001 MHz, 171.74 W, [N/A], 175.00 W, 85, 15607 MiB, 100 %, 5, 8
2026/09/21 01:07:56.757, 0, P0, 1867 MHz, 14001 MHz, 171.69 W, [N/A], 175.00 W, 85, 15607 MiB, 100 %, 5, 8
2026/09/21 01:07:57.009, 0, P0, 1867 MHz, 14001 MHz, 171.69 W, [N/A], 175.00 W, 85, 15607 MiB, 100 %, 5, 8
2026/09/21 01:07:57.262, 0, P0, 1875 MHz, 14001 MHz, 171.68 W, [N/A], 175.00 W, 85, 15607 MiB, 100 %, 5, 8
2026/09/21 01:07:57.514, 0, P0, 1875 MHz, 14001 MHz, 171.68 W, [N/A], 175.00 W, 85, 15607 MiB, 100 %, 5, 8
2026/09/21 01:07:57.766, 0, P0, 1867 MHz, 14001 MHz, 171.62 W, [N/A], 175.00 W, 85, 15607 MiB, 100 %, 5, 8
2026/09/21 01:07:58.019, 0, P0, 1867 MHz, 14001 MHz, 171.62 W, [N/A], 175.00 W, 85, 15607 MiB, 100 %, 5, 8
2026/09/21 01:07:58.271, 0, P0, 1875 MHz, 14001 MHz, 171.70 W, [N/A], 175.00 W, 85, 15607 MiB, 100 %, 5, 8
2026/09/21 01:07:58.523, 0, P0, 1875 MHz, 14001 MHz, 171.70 W, [N/A], 175.00 W, 85, 15607 MiB, 100 %, 5, 8
2026/09/21 01:07:58.776, 0, P0, 1867 MHz, 14001 MHz, 171.62 W, [N/A], 175.00 W, 85, 15607 MiB, 100 %, 5, 8
2026/09/21 01:07:59.028, 0, P0, 1867 MHz, 14001 MHz, 171.62 W, [N/A], 175.00 W, 85, 15607 MiB, 100 %, 5, 8
2026/09/21 01:07:59.290, 0, P0, 1875 MHz, 14001 MHz, 171.73 W, [N/A], 175.00 W, 85, 15607 MiB, 100 %, 5, 8
2026/09/21 01:07:59.542, 0, P0, 1852 MHz, 14001 MHz, 171.71 W, [N/A], 175.00 W, 85, 15607 MiB, 100 %, 5, 8
2026/09/21 01:07:59.794, 0, P0, 1852 MHz, 14001 MHz, 171.71 W, [N/A], 175.00 W, 85, 15607 MiB, 100 %, 5, 8
2026/09/21 01:08:00.046, 0, P0, 1875 MHz, 14001 MHz, 171.76 W, [N/A], 175.00 W, 85, 15607 MiB, 100 %, 5, 8
2026/09/21 01:08:00.298, 0, P0, 1875 MHz, 14001 MHz, 171.76 W, [N/A], 175.00 W, 85, 15607 MiB, 100 %, 5, 8
2026/09/21 01:08:00.551, 0, P0, 1852 MHz, 14001 MHz, 171.68 W, [N/A], 175.00 W, 85, 15607 MiB, 99 %, 5, 8
2026/09/21 01:08:00.803, 0, P0, 1852 MHz, 14001 MHz, 171.68 W, [N/A], 175.00 W, 85, 15607 MiB, 99 %, 5, 8
2026/09/21 01:08:01.055, 0, P0, 1867 MHz, 14001 MHz, 171.70 W, [N/A], 175.00 W, 85, 15607 MiB, 100 %, 5, 8
2026/09/21 01:08:01.307, 0, P0, 1867 MHz, 14001 MHz, 171.70 W, [N/A], 175.00 W, 85, 15607 MiB, 100 %, 5, 8
2026/09/21 01:08:01.559, 0, P0, 1852 MHz, 14001 MHz, 171.67 W, [N/A], 175.00 W, 85, 15607 MiB, 100 %, 5, 8
2026/09/21 01:08:01.812, 0, P0, 1852 MHz, 14001 MHz, 171.67 W, [N/A], 175.00 W, 85, 15607 MiB, 100 %, 5, 8
2026/09/21 01:08:02.064, 0, P0, 1875 MHz, 14001 MHz, 171.69 W, [N/A], 175.00 W, 85, 15607 MiB, 100 %, 5, 8
2026/09/21 01:08:02.316, 0, P0, 1875 MHz, 14001 MHz, 171.69 W, [N/A], 175.00 W, 85, 15607 MiB, 100 %, 5, 8
2026/09/21 01:08:02.568, 0, P0, 1860 MHz, 14001 MHz, 171.72 W, [N/A], 175.00 W, 85, 15607 MiB, 99 %, 5, 8
2026/09/21 01:08:02.821, 0, P0, 1860 MHz, 14001 MHz, 171.72 W, [N/A], 175.00 W, 85, 15607 MiB, 99 %, 5, 8
2026/09/21 01:08:03.073, 0, P0, 1867 MHz, 14001 MHz, 171.64 W, [N/A], 175.00 W, 85, 15607 MiB, 100 %, 5, 8
2026/09/21 01:08:03.325, 0, P0, 1867 MHz, 14001 MHz, 171.64 W, [N/A], 175.00 W, 85, 15607 MiB, 100 %, 5, 8
2026/09/21 01:08:03.577, 0, P0, 1867 MHz, 14001 MHz, 171.71 W, [N/A], 175.00 W, 85, 15607 MiB, 100 %, 5, 8
2026/09/21 01:08:03.829, 0, P0, 1867 MHz, 14001 MHz, 171.71 W, [N/A], 175.00 W, 85, 15607 MiB, 100 %, 5, 8
2026/09/21 01:08:04.081, 0, P0, 1867 MHz, 14001 MHz, 171.66 W, [N/A], 175.00 W, 85, 15607 MiB, 100 %, 5, 8
2026/09/21 01:08:04.333, 0, P0, 1867 MHz, 14001 MHz, 171.66 W, [N/A], 175.00 W, 85, 15607 MiB, 100 %, 5, 8
2026/09/21 01:08:04.595, 0, P0, 1875 MHz, 14001 MHz, 171.72 W, [N/A], 175.00 W, 85, 15607 MiB, 100 %, 5, 8
2026/09/21 01:08:04.847, 0, P0, 1875 MHz, 14001 MHz, 171.72 W, [N/A], 175.00 W, 85, 15607 MiB, 100 %, 5, 8
2026/09/21 01:08:05.100, 0, P0, 1867 MHz, 14001 MHz, 171.60 W, [N/A], 175.00 W, 85, 15607 MiB, 100 %, 5, 8
2026/09/21 01:08:05.352, 0, P0, 1867 MHz, 14001 MHz, 171.60 W, [N/A], 175.00 W, 85, 15607 MiB, 100 %, 5, 8
2026/09/21 01:08:05.604, 0, P0, 1867 MHz, 14001 MHz, 171.73 W, [N/A], 175.00 W, 85, 15607 MiB, 100 %, 5, 8
2026/09/21 01:08:05.856, 0, P0, 1867 MHz, 14001 MHz, 171.73 W, [N/A], 175.00 W, 85, 15607 MiB, 100 %, 5, 8
2026/09/21 01:08:06.108, 0, P0, 1867 MHz, 14001 MHz, 171.69 W, [N/A], 175.00 W, 85, 15607 MiB, 100 %, 5, 8
2026/09/21 01:08:06.360, 0, P0, 1867 MHz, 14001 MHz, 171.69 W, [N/A], 175.00 W, 85, 15607 MiB, 100 %, 5, 8
2026/09/21 01:08:06.613, 0, P0, 1875 MHz, 14001 MHz, 171.65 W, [N/A], 175.00 W, 85, 15607 MiB, 100 %, 5, 8
2026/09/21 01:08:06.865, 0, P0, 1875 MHz, 14001 MHz, 171.65 W, [N/A], 175.00 W, 85, 15607 MiB, 100 %, 5, 8
2026/09/21 01:08:07.117, 0, P0, 1867 MHz, 14001 MHz, 171.64 W, [N/A], 175.00 W, 85, 15607 MiB, 100 %, 5, 8
2026/09/21 01:08:07.369, 0, P0, 1867 MHz, 14001 MHz, 171.64 W, [N/A], 175.00 W, 85, 15607 MiB, 100 %, 5, 8
2026/09/21 01:08:07.621, 0, P0, 1867 MHz, 14001 MHz, 171.57 W, [N/A], 175.00 W, 85, 15607 MiB, 100 %, 5, 8
2026/09/21 01:08:07.873, 0, P0, 1867 MHz, 14001 MHz, 171.57 W, [N/A], 175.00 W, 85, 15607 MiB, 100 %, 5, 8
2026/09/21 01:08:08.126, 0, P0, 1867 MHz, 14001 MHz, 171.56 W, [N/A], 175.00 W, 85, 15607 MiB, 99 %, 5, 8
2026/09/21 01:08:08.378, 0, P0, 1867 MHz, 14001 MHz, 171.56 W, [N/A], 175.00 W, 85, 15607 MiB, 99 %, 5, 8
2026/09/21 01:08:08.630, 0, P0, 1867 MHz, 14001 MHz, 171.61 W, [N/A], 175.00 W, 85, 15607 MiB, 99 %, 5, 8
2026/09/21 01:08:08.883, 0, P0, 1867 MHz, 14001 MHz, 171.61 W, [N/A], 175.00 W, 85, 15607 MiB, 99 %, 5, 8
2026/09/21 01:08:09.135, 0, P0, 1867 MHz, 14001 MHz, 171.61 W, [N/A], 175.00 W, 85, 15607 MiB, 99 %, 5, 8
2026/09/21 01:08:09.387, 0, P0, 1867 MHz, 14001 MHz, 171.61 W, [N/A], 175.00 W, 85, 15607 MiB, 99 %, 5, 8
2026/09/21 01:08:09.639, 0, P0, 1867 MHz, 14001 MHz, 171.62 W, [N/A], 175.00 W, 85, 15607 MiB, 100 %, 5, 8
2026/09/21 01:08:09.900, 0, P0, 1867 MHz, 14001 MHz, 171.62 W, [N/A], 175.00 W, 85, 15607 MiB, 100 %, 5, 8
2026/09/21 01:08:10.152, 0, P0, 1867 MHz, 14001 MHz, 171.63 W, [N/A], 175.00 W, 85, 15607 MiB, 100 %, 5, 8
2026/09/21 01:08:10.404, 0, P0, 1867 MHz, 14001 MHz, 171.63 W, [N/A], 175.00 W, 85, 15607 MiB, 100 %, 5, 8
2026/09/21 01:08:10.656, 0, P0, 1867 MHz, 14001 MHz, 171.61 W, [N/A], 175.00 W, 85, 15607 MiB, 100 %, 5, 8
2026/09/21 01:08:10.909, 0, P0, 1867 MHz, 14001 MHz, 171.61 W, [N/A], 175.00 W, 85, 15607 MiB, 100 %, 5, 8
2026/09/21 01:08:11.161, 0, P0, 1867 MHz, 14001 MHz, 171.59 W, [N/A], 175.00 W, 85, 15607 MiB, 100 %, 5, 8
2026/09/21 01:08:11.413, 0, P0, 1867 MHz, 14001 MHz, 171.59 W, [N/A], 175.00 W, 85, 15607 MiB, 100 %, 5, 8
2026/09/21 01:08:11.666, 0, P0, 1867 MHz, 14001 MHz, 171.60 W, [N/A], 175.00 W, 85, 15607 MiB, 100 %, 5, 8
2026/09/21 01:08:11.918, 0, P0, 1867 MHz, 14001 MHz, 171.60 W, [N/A], 175.00 W, 85, 15607 MiB, 100 %, 5, 8
2026/09/21 01:08:12.170, 0, P0, 1867 MHz, 14001 MHz, 171.62 W, [N/A], 175.00 W, 85, 15607 MiB, 100 %, 5, 8
2026/09/21 01:08:12.422, 0, P0, 1867 MHz, 14001 MHz, 171.62 W, [N/A], 175.00 W, 85, 15607 MiB, 100 %, 5, 8
2026/09/21 01:08:12.675, 0, P0, 1867 MHz, 14001 MHz, 171.59 W, [N/A], 175.00 W, 85, 15607 MiB, 100 %, 5, 8
2026/09/21 01:08:12.927, 0, P0, 1867 MHz, 14001 MHz, 171.59 W, [N/A], 175.00 W, 85, 15607 MiB, 100 %, 5, 8
2026/09/21 01:08:13.179, 0, P0, 1867 MHz, 14001 MHz, 171.62 W, [N/A], 175.00 W, 85, 15607 MiB, 100 %, 5, 8
2026/09/21 01:08:13.431, 0, P0, 1867 MHz, 14001 MHz, 171.62 W, [N/A], 175.00 W, 85, 15607 MiB, 100 %, 5, 8
2026/09/21 01:08:13.684, 0, P0, 1867 MHz, 14001 MHz, 171.59 W, [N/A], 175.00 W, 85, 15607 MiB, 100 %, 5, 8
2026/09/21 01:08:13.936, 0, P0, 1867 MHz, 14001 MHz, 171.59 W, [N/A], 175.00 W, 85, 15607 MiB, 100 %, 5, 8
2026/09/21 01:08:14.188, 0, P0, 1867 MHz, 14001 MHz, 171.62 W, [N/A], 175.00 W, 85, 15607 MiB, 100 %, 5, 8
2026/09/21 01:08:14.440, 0, P0, 1867 MHz, 14001 MHz, 171.62 W, [N/A], 175.00 W, 85, 15607 MiB, 100 %, 5, 8
2026/09/21 01:08:14.693, 0, P0, 1867 MHz, 14001 MHz, 171.64 W, [N/A], 175.00 W, 85, 15607 MiB, 100 %, 5, 8
2026/09/21 01:08:14.945, 0, P0, 1867 MHz, 14001 MHz, 171.64 W, [N/A], 175.00 W, 85, 15607 MiB, 100 %, 5, 8
2026/09/21 01:08:15.197, 0, P0, 1867 MHz, 14001 MHz, 171.62 W, [N/A], 175.00 W, 85, 15607 MiB, 100 %, 5, 8
2026/09/21 01:08:15.449, 0, P0, 1867 MHz, 14001 MHz, 171.62 W, [N/A], 175.00 W, 85, 15607 MiB, 100 %, 5, 8
2026/09/21 01:08:15.712, 0, P0, 1867 MHz, 14001 MHz, 171.59 W, [N/A], 175.00 W, 85, 15607 MiB, 100 %, 5, 8
2026/09/21 01:08:15.965, 0, P0, 1867 MHz, 14001 MHz, 171.59 W, [N/A], 175.00 W, 85, 15607 MiB, 100 %, 5, 8
2026/09/21 01:08:16.217, 0, P0, 1867 MHz, 14001 MHz, 171.58 W, [N/A], 175.00 W, 85, 15607 MiB, 100 %, 5, 8
2026/09/21 01:08:16.469, 0, P0, 1867 MHz, 14001 MHz, 171.58 W, [N/A], 175.00 W, 85, 15607 MiB, 100 %, 5, 8
2026/09/21 01:08:16.721, 0, P0, 1867 MHz, 14001 MHz, 171.63 W, [N/A], 175.00 W, 85, 15607 MiB, 100 %, 5, 8
2026/09/21 01:08:16.974, 0, P0, 1867 MHz, 14001 MHz, 171.63 W, [N/A], 175.00 W, 85, 15607 MiB, 100 %, 5, 8
2026/09/21 01:08:17.226, 0, P0, 1867 MHz, 14001 MHz, 171.62 W, [N/A], 175.00 W, 85, 15607 MiB, 100 %, 5, 8
2026/09/21 01:08:17.478, 0, P0, 1867 MHz, 14001 MHz, 171.62 W, [N/A], 175.00 W, 85, 15607 MiB, 100 %, 5, 8
2026/09/21 01:08:17.730, 0, P0, 1867 MHz, 14001 MHz, 171.61 W, [N/A], 175.00 W, 85, 15607 MiB, 100 %, 5, 8
2026/09/21 01:08:17.983, 0, P0, 1867 MHz, 14001 MHz, 171.61 W, [N/A], 175.00 W, 85, 15607 MiB, 100 %, 5, 8
2026/09/21 01:08:18.235, 0, P0, 1867 MHz, 14001 MHz, 171.66 W, [N/A], 175.00 W, 85, 15607 MiB, 100 %, 5, 8
2026/09/21 01:08:18.487, 0, P0, 1867 MHz, 14001 MHz, 171.66 W, [N/A], 175.00 W, 85, 15607 MiB, 100 %, 5, 8
2026/09/21 01:08:18.739, 0, P0, 1867 MHz, 14001 MHz, 171.64 W, [N/A], 175.00 W, 85, 15607 MiB, 100 %, 5, 8
2026/09/21 01:08:18.992, 0, P0, 1867 MHz, 14001 MHz, 171.64 W, [N/A], 175.00 W, 85, 15607 MiB, 100 %, 5, 8
2026/09/21 01:08:19.244, 0, P0, 1867 MHz, 14001 MHz, 171.62 W, [N/A], 175.00 W, 85, 15607 MiB, 100 %, 5, 8
2026/09/21 01:08:19.496, 0, P0, 1867 MHz, 14001 MHz, 171.62 W, [N/A], 175.00 W, 85, 15607 MiB, 100 %, 5, 8
2026/09/21 01:08:19.749, 0, P0, 1867 MHz, 14001 MHz, 171.63 W, [N/A], 175.00 W, 85, 15607 MiB, 100 %, 5, 8
2026/09/21 01:08:20.001, 0, P0, 1867 MHz, 14001 MHz, 171.63 W, [N/A], 175.00 W, 85, 15607 MiB, 100 %, 5, 8
2026/09/21 01:08:20.253, 0, P0, 1867 MHz, 14001 MHz, 171.64 W, [N/A], 175.00 W, 85, 15607 MiB, 100 %, 5, 8
2026/09/21 01:08:20.515, 0, P0, 1867 MHz, 14001 MHz, 171.64 W, [N/A], 175.00 W, 85, 15607 MiB, 100 %, 5, 8
2026/09/21 01:08:20.767, 0, P0, 1867 MHz, 14001 MHz, 171.63 W, [N/A], 175.00 W, 85, 15607 MiB, 100 %, 5, 8
2026/09/21 01:08:21.019, 0, P0, 1867 MHz, 14001 MHz, 171.63 W, [N/A], 175.00 W, 85, 15607 MiB, 100 %, 5, 8
2026/09/21 01:08:21.272, 0, P0, 1867 MHz, 14001 MHz, 171.63 W, [N/A], 175.00 W, 85, 15607 MiB, 100 %, 5, 8
2026/09/21 01:08:21.524, 0, P0, 1867 MHz, 14001 MHz, 171.63 W, [N/A], 175.00 W, 85, 15607 MiB, 100 %, 5, 8
2026/09/21 01:08:21.776, 0, P0, 1867 MHz, 14001 MHz, 171.62 W, [N/A], 175.00 W, 85, 15607 MiB, 100 %, 5, 8
2026/09/21 01:08:22.029, 0, P0, 1867 MHz, 14001 MHz, 171.62 W, [N/A], 175.00 W, 85, 15607 MiB, 100 %, 5, 8
2026/09/21 01:08:22.281, 0, P0, 1867 MHz, 14001 MHz, 171.60 W, [N/A], 175.00 W, 85, 15607 MiB, 100 %, 5, 8
2026/09/21 01:08:22.533, 0, P0, 1867 MHz, 14001 MHz, 171.60 W, [N/A], 175.00 W, 85, 15607 MiB, 100 %, 5, 8
2026/09/21 01:08:22.785, 0, P0, 1867 MHz, 14001 MHz, 171.64 W, [N/A], 175.00 W, 85, 15607 MiB, 100 %, 5, 8
2026/09/21 01:08:23.037, 0, P0, 1867 MHz, 14001 MHz, 171.64 W, [N/A], 175.00 W, 85, 15607 MiB, 100 %, 5, 8
2026/09/21 01:08:23.289, 0, P0, 1867 MHz, 14001 MHz, 171.63 W, [N/A], 175.00 W, 85, 15607 MiB, 100 %, 5, 8
2026/09/21 01:08:23.542, 0, P0, 1867 MHz, 14001 MHz, 171.63 W, [N/A], 175.00 W, 85, 15607 MiB, 100 %, 5, 8
2026/09/21 01:08:23.794, 0, P0, 1867 MHz, 14001 MHz, 171.63 W, [N/A], 175.00 W, 85, 15607 MiB, 100 %, 5, 8
2026/09/21 01:08:24.046, 0, P0, 1867 MHz, 14001 MHz, 171.63 W, [N/A], 175.00 W, 85, 15607 MiB, 100 %, 5, 8
2026/09/21 01:08:24.298, 0, P0, 1867 MHz, 14001 MHz, 171.64 W, [N/A], 175.00 W, 85, 15607 MiB, 100 %, 5, 8
2026/09/21 01:08:24.551, 0, P0, 1867 MHz, 14001 MHz, 171.64 W, [N/A], 175.00 W, 85, 15607 MiB, 100 %, 5, 8
2026/09/21 01:08:24.803, 0, P0, 1867 MHz, 14001 MHz, 171.60 W, [N/A], 175.00 W, 85, 15607 MiB, 100 %, 5, 8
2026/09/21 01:08:25.055, 0, P0, 1867 MHz, 14001 MHz, 171.60 W, [N/A], 175.00 W, 85, 15607 MiB, 100 %, 5, 8
2026/09/21 01:08:25.307, 0, P0, 1867 MHz, 14001 MHz, 171.59 W, [N/A], 175.00 W, 85, 15607 MiB, 100 %, 5, 8
2026/09/21 01:08:25.560, 0, P0, 1867 MHz, 14001 MHz, 171.59 W, [N/A], 175.00 W, 85, 15607 MiB, 100 %, 5, 8
2026/09/21 01:08:25.820, 0, P0, 1867 MHz, 14001 MHz, 171.64 W, [N/A], 175.00 W, 85, 15607 MiB, 100 %, 5, 8
2026/09/21 01:08:26.072, 0, P0, 1867 MHz, 14001 MHz, 171.69 W, [N/A], 175.00 W, 85, 15607 MiB, 100 %, 5, 8
2026/09/21 01:08:26.326, 0, P0, 1867 MHz, 14001 MHz, 171.69 W, [N/A], 175.00 W, 85, 15607 MiB, 100 %, 5, 8
2026/09/21 01:08:26.578, 0, P0, 1867 MHz, 14001 MHz, 171.64 W, [N/A], 175.00 W, 85, 15607 MiB, 100 %, 5, 8
2026/09/21 01:08:26.830, 0, P0, 1867 MHz, 14001 MHz, 171.64 W, [N/A], 175.00 W, 85, 15607 MiB, 100 %, 5, 8
2026/09/21 01:08:27.082, 0, P0, 1867 MHz, 14001 MHz, 171.60 W, [N/A], 175.00 W, 85, 15607 MiB, 100 %, 5, 8
2026/09/21 01:08:27.335, 0, P0, 1867 MHz, 14001 MHz, 171.60 W, [N/A], 175.00 W, 85, 15607 MiB, 100 %, 5, 8
2026/09/21 01:08:27.587, 0, P0, 1867 MHz, 14001 MHz, 171.60 W, [N/A], 175.00 W, 85, 15607 MiB, 100 %, 5, 8
2026/09/21 01:08:27.839, 0, P0, 1867 MHz, 14001 MHz, 171.60 W, [N/A], 175.00 W, 85, 15607 MiB, 100 %, 5, 8
2026/09/21 01:08:28.091, 0, P0, 1867 MHz, 14001 MHz, 171.66 W, [N/A], 175.00 W, 85, 15607 MiB, 100 %, 5, 8
2026/09/21 01:08:28.344, 0, P0, 1867 MHz, 14001 MHz, 171.66 W, [N/A], 175.00 W, 85, 15607 MiB, 100 %, 5, 8
2026/09/21 01:08:28.596, 0, P0, 1867 MHz, 14001 MHz, 171.67 W, [N/A], 175.00 W, 85, 15607 MiB, 100 %, 5, 8
2026/09/21 01:08:28.849, 0, P0, 1867 MHz, 14001 MHz, 171.67 W, [N/A], 175.00 W, 85, 15607 MiB, 100 %, 5, 8
2026/09/21 01:08:29.101, 0, P0, 1875 MHz, 14001 MHz, 171.66 W, [N/A], 175.00 W, 85, 15607 MiB, 100 %, 5, 8
2026/09/21 01:08:29.353, 0, P0, 1875 MHz, 14001 MHz, 171.66 W, [N/A], 175.00 W, 85, 15607 MiB, 100 %, 5, 8
2026/09/21 01:08:29.605, 0, P0, 1875 MHz, 14001 MHz, 171.57 W, [N/A], 175.00 W, 85, 15607 MiB, 100 %, 5, 8
2026/09/21 01:08:29.857, 0, P0, 1875 MHz, 14001 MHz, 171.57 W, [N/A], 175.00 W, 85, 15607 MiB, 100 %, 5, 8
2026/09/21 01:08:30.109, 0, P0, 1875 MHz, 14001 MHz, 171.63 W, [N/A], 175.00 W, 85, 15607 MiB, 100 %, 5, 8
2026/09/21 01:08:30.362, 0, P0, 1875 MHz, 14001 MHz, 171.63 W, [N/A], 175.00 W, 85, 15607 MiB, 100 %, 5, 8
2026/09/21 01:08:30.614, 0, P0, 1875 MHz, 14001 MHz, 171.60 W, [N/A], 175.00 W, 85, 15607 MiB, 100 %, 5, 8
2026/09/21 01:08:30.866, 0, P0, 1875 MHz, 14001 MHz, 171.60 W, [N/A], 175.00 W, 85, 15607 MiB, 100 %, 5, 8
2026/09/21 01:08:31.128, 0, P0, 1875 MHz, 14001 MHz, 171.65 W, [N/A], 175.00 W, 85, 15607 MiB, 100 %, 5, 8
2026/09/21 01:08:31.380, 0, P0, 1875 MHz, 14001 MHz, 171.65 W, [N/A], 175.00 W, 85, 15607 MiB, 100 %, 5, 8
2026/09/21 01:08:31.632, 0, P0, 1867 MHz, 14001 MHz, 171.65 W, [N/A], 175.00 W, 85, 15607 MiB, 100 %, 5, 8
2026/09/21 01:08:31.884, 0, P0, 1867 MHz, 14001 MHz, 171.65 W, [N/A], 175.00 W, 85, 15607 MiB, 100 %, 5, 8
2026/09/21 01:08:32.136, 0, P0, 1867 MHz, 14001 MHz, 171.62 W, [N/A], 175.00 W, 85, 15607 MiB, 100 %, 5, 8
2026/09/21 01:08:32.388, 0, P0, 1867 MHz, 14001 MHz, 171.62 W, [N/A], 175.00 W, 85, 15607 MiB, 100 %, 5, 8
2026/09/21 01:08:32.641, 0, P0, 1867 MHz, 14001 MHz, 171.60 W, [N/A], 175.00 W, 85, 15607 MiB, 100 %, 5, 8
2026/09/21 01:08:32.893, 0, P0, 1867 MHz, 14001 MHz, 171.60 W, [N/A], 175.00 W, 85, 15607 MiB, 100 %, 5, 8
2026/09/21 01:08:33.145, 0, P0, 1875 MHz, 14001 MHz, 171.70 W, [N/A], 175.00 W, 85, 15607 MiB, 100 %, 5, 8
2026/09/21 01:08:33.398, 0, P0, 1875 MHz, 14001 MHz, 171.70 W, [N/A], 175.00 W, 85, 15607 MiB, 100 %, 5, 8
2026/09/21 01:08:33.650, 0, P0, 1867 MHz, 14001 MHz, 171.68 W, [N/A], 175.00 W, 85, 15607 MiB, 100 %, 5, 8
2026/09/21 01:08:33.902, 0, P0, 1867 MHz, 14001 MHz, 171.68 W, [N/A], 175.00 W, 85, 15607 MiB, 100 %, 5, 8
2026/09/21 01:08:34.154, 0, P0, 1875 MHz, 14001 MHz, 171.65 W, [N/A], 175.00 W, 85, 15607 MiB, 100 %, 5, 8
2026/09/21 01:08:34.406, 0, P0, 1875 MHz, 14001 MHz, 171.65 W, [N/A], 175.00 W, 85, 15607 MiB, 100 %, 5, 8
2026/09/21 01:08:34.659, 0, P0, 1867 MHz, 14001 MHz, 171.65 W, [N/A], 175.00 W, 85, 15607 MiB, 100 %, 5, 8
2026/09/21 01:08:34.911, 0, P0, 1867 MHz, 14001 MHz, 171.65 W, [N/A], 175.00 W, 85, 15607 MiB, 100 %, 5, 8
2026/09/21 01:08:35.163, 0, P0, 1875 MHz, 14001 MHz, 171.64 W, [N/A], 175.00 W, 85, 15607 MiB, 99 %, 5, 8
2026/09/21 01:08:35.415, 0, P0, 1875 MHz, 14001 MHz, 171.64 W, [N/A], 175.00 W, 85, 15607 MiB, 99 %, 5, 8
2026/09/21 01:08:35.667, 0, P0, 1867 MHz, 14001 MHz, 171.65 W, [N/A], 175.00 W, 85, 15607 MiB, 100 %, 5, 8
2026/09/21 01:08:35.920, 0, P0, 1867 MHz, 14001 MHz, 171.65 W, [N/A], 175.00 W, 85, 15607 MiB, 100 %, 5, 8
2026/09/21 01:08:36.172, 0, P0, 1875 MHz, 14001 MHz, 171.64 W, [N/A], 175.00 W, 85, 15607 MiB, 100 %, 5, 8
2026/09/21 01:08:36.424, 0, P0, 1875 MHz, 14001 MHz, 171.64 W, [N/A], 175.00 W, 85, 15607 MiB, 100 %, 5, 8
2026/09/21 01:08:36.676, 0, P0, 1875 MHz, 14001 MHz, 171.72 W, [N/A], 175.00 W, 85, 15607 MiB, 100 %, 5, 8
2026/09/21 01:08:36.936, 0, P0, 1875 MHz, 14001 MHz, 171.72 W, [N/A], 175.00 W, 85, 15607 MiB, 100 %, 5, 8
2026/09/21 01:08:37.188, 0, P0, 1875 MHz, 14001 MHz, 171.62 W, [N/A], 175.00 W, 85, 15607 MiB, 99 %, 5, 8
2026/09/21 01:08:37.440, 0, P0, 1875 MHz, 14001 MHz, 171.62 W, [N/A], 175.00 W, 85, 15607 MiB, 99 %, 5, 8
2026/09/21 01:08:37.692, 0, P0, 1875 MHz, 14001 MHz, 171.62 W, [N/A], 175.00 W, 85, 15607 MiB, 99 %, 5, 8
2026/09/21 01:08:37.944, 0, P0, 1875 MHz, 14001 MHz, 171.62 W, [N/A], 175.00 W, 85, 15607 MiB, 99 %, 5, 8
2026/09/21 01:08:38.197, 0, P0, 1875 MHz, 14001 MHz, 171.66 W, [N/A], 175.00 W, 85, 15607 MiB, 100 %, 5, 8
2026/09/21 01:08:38.449, 0, P0, 1875 MHz, 14001 MHz, 171.66 W, [N/A], 175.00 W, 85, 15607 MiB, 100 %, 5, 8
2026/09/21 01:08:38.701, 0, P0, 1875 MHz, 14001 MHz, 171.64 W, [N/A], 175.00 W, 85, 15607 MiB, 99 %, 5, 8
2026/09/21 01:08:38.953, 0, P0, 1875 MHz, 14001 MHz, 171.64 W, [N/A], 175.00 W, 85, 15607 MiB, 99 %, 5, 8
2026/09/21 01:08:39.205, 0, P0, 1875 MHz, 14001 MHz, 171.66 W, [N/A], 175.00 W, 85, 15607 MiB, 100 %, 5, 8
2026/09/21 01:08:39.458, 0, P0, 1875 MHz, 14001 MHz, 171.66 W, [N/A], 175.00 W, 85, 15607 MiB, 100 %, 5, 8
2026/09/21 01:08:39.710, 0, P0, 1875 MHz, 14001 MHz, 171.63 W, [N/A], 175.00 W, 85, 15607 MiB, 100 %, 5, 8
2026/09/21 01:08:39.962, 0, P0, 1875 MHz, 14001 MHz, 171.63 W, [N/A], 175.00 W, 85, 15607 MiB, 100 %, 5, 8
2026/09/21 01:08:40.214, 0, P0, 1875 MHz, 14001 MHz, 171.62 W, [N/A], 175.00 W, 86, 15607 MiB, 100 %, 5, 8
2026/09/21 01:08:40.467, 0, P0, 1875 MHz, 14001 MHz, 171.62 W, [N/A], 175.00 W, 86, 15607 MiB, 100 %, 5, 8
2026/09/21 01:08:40.719, 0, P0, 1875 MHz, 14001 MHz, 171.66 W, [N/A], 175.00 W, 86, 15607 MiB, 100 %, 5, 8
2026/09/21 01:08:40.971, 0, P0, 1875 MHz, 14001 MHz, 171.66 W, [N/A], 175.00 W, 86, 15607 MiB, 100 %, 5, 8
2026/09/21 01:08:41.224, 0, P0, 1867 MHz, 14001 MHz, 171.66 W, [N/A], 175.00 W, 86, 15607 MiB, 99 %, 5, 8
2026/09/21 01:08:41.476, 0, P0, 1867 MHz, 14001 MHz, 171.66 W, [N/A], 175.00 W, 86, 15607 MiB, 99 %, 5, 8
2026/09/21 01:08:41.728, 0, P0, 1875 MHz, 14001 MHz, 171.62 W, [N/A], 175.00 W, 86, 15607 MiB, 100 %, 5, 8
2026/09/21 01:08:41.981, 0, P0, 1875 MHz, 14001 MHz, 171.62 W, [N/A], 175.00 W, 86, 15607 MiB, 100 %, 5, 8
2026/09/21 01:08:42.245, 0, P0, 1875 MHz, 14001 MHz, 171.66 W, [N/A], 175.00 W, 85, 15607 MiB, 100 %, 5, 8
2026/09/21 01:08:42.497, 0, P0, 1875 MHz, 14001 MHz, 171.66 W, [N/A], 175.00 W, 85, 15607 MiB, 100 %, 5, 8
2026/09/21 01:08:42.750, 0, P0, 1875 MHz, 14001 MHz, 171.66 W, [N/A], 175.00 W, 86, 15607 MiB, 100 %, 5, 8
2026/09/21 01:08:43.002, 0, P0, 1875 MHz, 14001 MHz, 171.66 W, [N/A], 175.00 W, 86, 15607 MiB, 100 %, 5, 8
2026/09/21 01:08:43.254, 0, P0, 1875 MHz, 14001 MHz, 171.65 W, [N/A], 175.00 W, 86, 15607 MiB, 100 %, 5, 8
2026/09/21 01:08:43.506, 0, P0, 1875 MHz, 14001 MHz, 171.65 W, [N/A], 175.00 W, 86, 15607 MiB, 100 %, 5, 8
2026/09/21 01:08:43.758, 0, P0, 1875 MHz, 14001 MHz, 171.64 W, [N/A], 175.00 W, 86, 15607 MiB, 100 %, 5, 8
2026/09/21 01:08:44.010, 0, P0, 1875 MHz, 14001 MHz, 171.64 W, [N/A], 175.00 W, 86, 15607 MiB, 100 %, 5, 8
2026/09/21 01:08:44.262, 0, P0, 1875 MHz, 14001 MHz, 171.64 W, [N/A], 175.00 W, 86, 15607 MiB, 100 %, 5, 8
2026/09/21 01:08:44.515, 0, P0, 1875 MHz, 14001 MHz, 171.64 W, [N/A], 175.00 W, 86, 15607 MiB, 100 %, 5, 8
2026/09/21 01:08:44.767, 0, P0, 1875 MHz, 14001 MHz, 171.69 W, [N/A], 175.00 W, 86, 15607 MiB, 100 %, 5, 8
2026/09/21 01:08:45.019, 0, P0, 1875 MHz, 14001 MHz, 171.69 W, [N/A], 175.00 W, 86, 15607 MiB, 100 %, 5, 8
2026/09/21 01:08:45.271, 0, P0, 1867 MHz, 14001 MHz, 171.63 W, [N/A], 175.00 W, 86, 15607 MiB, 99 %, 5, 8
2026/09/21 01:08:45.524, 0, P0, 1867 MHz, 14001 MHz, 171.63 W, [N/A], 175.00 W, 86, 15607 MiB, 99 %, 5, 8
2026/09/21 01:08:45.776, 0, P0, 1875 MHz, 14001 MHz, 171.60 W, [N/A], 175.00 W, 85, 15607 MiB, 100 %, 5, 8
2026/09/21 01:08:46.028, 0, P0, 1875 MHz, 14001 MHz, 171.60 W, [N/A], 175.00 W, 85, 15607 MiB, 100 %, 5, 8
2026/09/21 01:08:46.280, 0, P0, 1875 MHz, 14001 MHz, 171.65 W, [N/A], 175.00 W, 86, 15607 MiB, 99 %, 5, 8
2026/09/21 01:08:46.533, 0, P0, 1875 MHz, 14001 MHz, 171.65 W, [N/A], 175.00 W, 86, 15607 MiB, 99 %, 5, 8
2026/09/21 01:08:46.785, 0, P0, 1875 MHz, 14001 MHz, 171.66 W, [N/A], 175.00 W, 86, 15607 MiB, 100 %, 5, 8
2026/09/21 01:08:47.037, 0, P0, 1875 MHz, 14001 MHz, 171.66 W, [N/A], 175.00 W, 86, 15607 MiB, 100 %, 5, 8
2026/09/21 01:08:47.289, 0, P0, 1875 MHz, 14001 MHz, 171.62 W, [N/A], 175.00 W, 86, 15607 MiB, 100 %, 5, 8
2026/09/21 01:08:47.549, 0, P0, 1875 MHz, 14001 MHz, 171.62 W, [N/A], 175.00 W, 86, 15607 MiB, 100 %, 5, 8
2026/09/21 01:08:47.802, 0, P0, 1875 MHz, 14001 MHz, 171.63 W, [N/A], 175.00 W, 86, 15607 MiB, 99 %, 5, 8
2026/09/21 01:08:48.054, 0, P0, 1875 MHz, 14001 MHz, 171.63 W, [N/A], 175.00 W, 86, 15607 MiB, 99 %, 5, 8
2026/09/21 01:08:48.306, 0, P0, 1875 MHz, 14001 MHz, 171.62 W, [N/A], 175.00 W, 86, 15607 MiB, 100 %, 5, 8
2026/09/21 01:08:48.558, 0, P0, 1875 MHz, 14001 MHz, 171.62 W, [N/A], 175.00 W, 86, 15607 MiB, 100 %, 5, 8
2026/09/21 01:08:48.810, 0, P0, 1875 MHz, 14001 MHz, 171.66 W, [N/A], 175.00 W, 86, 15607 MiB, 100 %, 5, 8
2026/09/21 01:08:49.063, 0, P0, 1875 MHz, 14001 MHz, 171.66 W, [N/A], 175.00 W, 86, 15607 MiB, 100 %, 5, 8
2026/09/21 01:08:49.315, 0, P0, 1875 MHz, 14001 MHz, 171.54 W, [N/A], 175.00 W, 85, 15607 MiB, 100 %, 5, 8
2026/09/21 01:08:49.567, 0, P0, 1875 MHz, 14001 MHz, 171.54 W, [N/A], 175.00 W, 85, 15607 MiB, 100 %, 5, 8
2026/09/21 01:08:49.819, 0, P0, 1875 MHz, 14001 MHz, 171.62 W, [N/A], 175.00 W, 86, 15607 MiB, 100 %, 5, 8
2026/09/21 01:08:50.072, 0, P0, 1875 MHz, 14001 MHz, 171.62 W, [N/A], 175.00 W, 86, 15607 MiB, 100 %, 5, 8
2026/09/21 01:08:50.324, 0, P0, 1875 MHz, 14001 MHz, 171.72 W, [N/A], 175.00 W, 86, 15607 MiB, 100 %, 5, 8
2026/09/21 01:08:50.576, 0, P0, 1875 MHz, 14001 MHz, 171.72 W, [N/A], 175.00 W, 86, 15607 MiB, 100 %, 5, 8
2026/09/21 01:08:50.829, 0, P0, 1875 MHz, 14001 MHz, 171.68 W, [N/A], 175.00 W, 86, 15607 MiB, 100 %, 5, 8
2026/09/21 01:08:51.081, 0, P0, 1875 MHz, 14001 MHz, 171.68 W, [N/A], 175.00 W, 86, 15607 MiB, 100 %, 5, 8
2026/09/21 01:08:51.333, 0, P0, 1867 MHz, 14001 MHz, 171.60 W, [N/A], 175.00 W, 86, 15607 MiB, 100 %, 5, 8
2026/09/21 01:08:51.586, 0, P0, 1867 MHz, 14001 MHz, 171.60 W, [N/A], 175.00 W, 86, 15607 MiB, 100 %, 5, 8
2026/09/21 01:08:51.838, 0, P0, 1867 MHz, 14001 MHz, 171.62 W, [N/A], 175.00 W, 86, 15607 MiB, 100 %, 5, 8
2026/09/21 01:08:52.091, 0, P0, 1867 MHz, 14001 MHz, 171.62 W, [N/A], 175.00 W, 86, 15607 MiB, 100 %, 5, 8
2026/09/21 01:08:52.343, 0, P0, 1875 MHz, 14001 MHz, 171.68 W, [N/A], 175.00 W, 86, 15607 MiB, 100 %, 5, 8
2026/09/21 01:08:52.595, 0, P0, 1875 MHz, 14001 MHz, 171.68 W, [N/A], 175.00 W, 86, 15607 MiB, 100 %, 5, 8
2026/09/21 01:08:52.856, 0, P0, 1867 MHz, 14001 MHz, 171.65 W, [N/A], 175.00 W, 86, 15607 MiB, 100 %, 5, 8
2026/09/21 01:08:53.109, 0, P0, 1875 MHz, 14001 MHz, 171.67 W, [N/A], 175.00 W, 86, 15607 MiB, 99 %, 5, 8
2026/09/21 01:08:53.361, 0, P0, 1875 MHz, 14001 MHz, 171.67 W, [N/A], 175.00 W, 86, 15607 MiB, 99 %, 5, 8
2026/09/21 01:08:53.613, 0, P0, 1867 MHz, 14001 MHz, 171.64 W, [N/A], 175.00 W, 86, 15607 MiB, 100 %, 5, 8
2026/09/21 01:08:53.865, 0, P0, 1867 MHz, 14001 MHz, 171.64 W, [N/A], 175.00 W, 86, 15607 MiB, 100 %, 5, 8
2026/09/21 01:08:54.117, 0, P0, 1867 MHz, 14001 MHz, 171.63 W, [N/A], 175.00 W, 86, 15607 MiB, 100 %, 5, 8
2026/09/21 01:08:54.369, 0, P0, 1867 MHz, 14001 MHz, 171.63 W, [N/A], 175.00 W, 86, 15607 MiB, 100 %, 5, 8
2026/09/21 01:08:54.622, 0, P0, 1867 MHz, 14001 MHz, 171.65 W, [N/A], 175.00 W, 86, 15607 MiB, 100 %, 5, 8
2026/09/21 01:08:54.874, 0, P0, 1867 MHz, 14001 MHz, 171.65 W, [N/A], 175.00 W, 86, 15607 MiB, 100 %, 5, 8
2026/09/21 01:08:55.126, 0, P0, 1875 MHz, 14001 MHz, 171.64 W, [N/A], 175.00 W, 86, 15607 MiB, 100 %, 5, 8
2026/09/21 01:08:55.378, 0, P0, 1875 MHz, 14001 MHz, 171.64 W, [N/A], 175.00 W, 86, 15607 MiB, 100 %, 5, 8
2026/09/21 01:08:55.630, 0, P0, 1875 MHz, 14001 MHz, 171.65 W, [N/A], 175.00 W, 86, 15607 MiB, 100 %, 5, 8
2026/09/21 01:08:55.883, 0, P0, 1875 MHz, 14001 MHz, 171.65 W, [N/A], 175.00 W, 86, 15607 MiB, 100 %, 5, 8
2026/09/21 01:08:56.135, 0, P0, 1867 MHz, 14001 MHz, 171.61 W, [N/A], 175.00 W, 86, 15607 MiB, 100 %, 5, 8
2026/09/21 01:08:56.387, 0, P0, 1867 MHz, 14001 MHz, 171.61 W, [N/A], 175.00 W, 86, 15607 MiB, 100 %, 5, 8
2026/09/21 01:08:56.640, 0, P0, 1875 MHz, 14001 MHz, 171.65 W, [N/A], 175.00 W, 86, 15607 MiB, 100 %, 5, 8
2026/09/21 01:08:56.892, 0, P0, 1875 MHz, 14001 MHz, 171.65 W, [N/A], 175.00 W, 86, 15607 MiB, 100 %, 5, 8
2026/09/21 01:08:57.144, 0, P0, 1867 MHz, 14001 MHz, 171.65 W, [N/A], 175.00 W, 86, 15607 MiB, 100 %, 5, 8
2026/09/21 01:08:57.396, 0, P0, 1867 MHz, 14001 MHz, 171.65 W, [N/A], 175.00 W, 86, 15607 MiB, 100 %, 5, 8
2026/09/21 01:08:57.649, 0, P0, 1867 MHz, 14001 MHz, 171.62 W, [N/A], 175.00 W, 86, 15607 MiB, 100 %, 5, 8
2026/09/21 01:08:57.901, 0, P0, 1867 MHz, 14001 MHz, 171.62 W, [N/A], 175.00 W, 86, 15607 MiB, 100 %, 5, 8
2026/09/21 01:08:58.164, 0, P0, 1875 MHz, 14001 MHz, 171.67 W, [N/A], 175.00 W, 86, 15607 MiB, 100 %, 5, 8
2026/09/21 01:08:58.416, 0, P0, 1875 MHz, 14001 MHz, 171.67 W, [N/A], 175.00 W, 86, 15607 MiB, 100 %, 5, 8
2026/09/21 01:08:58.668, 0, P0, 1875 MHz, 14001 MHz, 171.69 W, [N/A], 175.00 W, 86, 15607 MiB, 100 %, 5, 8
2026/09/21 01:08:58.921, 0, P0, 1875 MHz, 14001 MHz, 171.69 W, [N/A], 175.00 W, 86, 15607 MiB, 100 %, 5, 8
2026/09/21 01:08:59.173, 0, P0, 1867 MHz, 14001 MHz, 171.66 W, [N/A], 175.00 W, 86, 15607 MiB, 100 %, 5, 8
2026/09/21 01:08:59.425, 0, P0, 1867 MHz, 14001 MHz, 171.66 W, [N/A], 175.00 W, 86, 15607 MiB, 100 %, 5, 8
2026/09/21 01:08:59.677, 0, P0, 1860 MHz, 14001 MHz, 171.60 W, [N/A], 175.00 W, 86, 15607 MiB, 100 %, 5, 8
2026/09/21 01:08:59.930, 0, P0, 1860 MHz, 14001 MHz, 171.60 W, [N/A], 175.00 W, 86, 15607 MiB, 100 %, 5, 8
2026/09/21 01:09:00.182, 0, P0, 1867 MHz, 14001 MHz, 171.58 W, [N/A], 175.00 W, 86, 15607 MiB, 100 %, 5, 8
2026/09/21 01:09:00.434, 0, P0, 1867 MHz, 14001 MHz, 171.58 W, [N/A], 175.00 W, 86, 15607 MiB, 100 %, 5, 8
2026/09/21 01:09:00.686, 0, P0, 1860 MHz, 14001 MHz, 171.56 W, [N/A], 175.00 W, 86, 15607 MiB, 99 %, 5, 8
2026/09/21 01:09:00.938, 0, P0, 1860 MHz, 14001 MHz, 171.56 W, [N/A], 175.00 W, 86, 15607 MiB, 99 %, 5, 8
2026/09/21 01:09:01.191, 0, P0, 1860 MHz, 14001 MHz, 171.58 W, [N/A], 175.00 W, 86, 15607 MiB, 100 %, 5, 8
2026/09/21 01:09:01.443, 0, P0, 1860 MHz, 14001 MHz, 171.58 W, [N/A], 175.00 W, 86, 15607 MiB, 100 %, 5, 8
2026/09/21 01:09:01.695, 0, P0, 1860 MHz, 14001 MHz, 171.58 W, [N/A], 175.00 W, 86, 15607 MiB, 100 %, 5, 8
2026/09/21 01:09:01.948, 0, P0, 1860 MHz, 14001 MHz, 171.58 W, [N/A], 175.00 W, 86, 15607 MiB, 100 %, 5, 8
2026/09/21 01:09:02.200, 0, P0, 1860 MHz, 14001 MHz, 171.60 W, [N/A], 175.00 W, 86, 15607 MiB, 100 %, 5, 8
2026/09/21 01:09:02.452, 0, P0, 1860 MHz, 14001 MHz, 171.60 W, [N/A], 175.00 W, 86, 15607 MiB, 100 %, 5, 8
2026/09/21 01:09:02.704, 0, P0, 1867 MHz, 14001 MHz, 171.66 W, [N/A], 175.00 W, 86, 15607 MiB, 100 %, 5, 8
2026/09/21 01:09:02.956, 0, P0, 1867 MHz, 14001 MHz, 171.66 W, [N/A], 175.00 W, 86, 15607 MiB, 100 %, 5, 8
2026/09/21 01:09:03.208, 0, P0, 1860 MHz, 14001 MHz, 171.61 W, [N/A], 175.00 W, 86, 15607 MiB, 100 %, 5, 8
2026/09/21 01:09:03.469, 0, P0, 1860 MHz, 14001 MHz, 171.61 W, [N/A], 175.00 W, 86, 15607 MiB, 100 %, 5, 8
2026/09/21 01:09:03.722, 0, P0, 1875 MHz, 14001 MHz, 171.62 W, [N/A], 175.00 W, 86, 15607 MiB, 100 %, 5, 8
2026/09/21 01:09:03.974, 0, P0, 1875 MHz, 14001 MHz, 171.62 W, [N/A], 175.00 W, 86, 15607 MiB, 100 %, 5, 8
2026/09/21 01:09:04.226, 0, P0, 1867 MHz, 14001 MHz, 171.58 W, [N/A], 175.00 W, 86, 15607 MiB, 100 %, 5, 8
2026/09/21 01:09:04.478, 0, P0, 1867 MHz, 14001 MHz, 171.58 W, [N/A], 175.00 W, 86, 15607 MiB, 100 %, 5, 8
2026/09/21 01:09:04.730, 0, P0, 1875 MHz, 14001 MHz, 171.63 W, [N/A], 175.00 W, 86, 15607 MiB, 100 %, 5, 8
2026/09/21 01:09:04.983, 0, P0, 1875 MHz, 14001 MHz, 171.63 W, [N/A], 175.00 W, 86, 15607 MiB, 100 %, 5, 8
2026/09/21 01:09:05.235, 0, P0, 1867 MHz, 14001 MHz, 171.63 W, [N/A], 175.00 W, 86, 15607 MiB, 100 %, 5, 8
2026/09/21 01:09:05.487, 0, P0, 1867 MHz, 14001 MHz, 171.63 W, [N/A], 175.00 W, 86, 15607 MiB, 100 %, 5, 8
2026/09/21 01:09:05.739, 0, P0, 1875 MHz, 14001 MHz, 171.68 W, [N/A], 175.00 W, 86, 15607 MiB, 100 %, 5, 8
2026/09/21 01:09:05.991, 0, P0, 1875 MHz, 14001 MHz, 171.68 W, [N/A], 175.00 W, 86, 15607 MiB, 100 %, 5, 8
2026/09/21 01:09:06.243, 0, P0, 1867 MHz, 14001 MHz, 171.58 W, [N/A], 175.00 W, 86, 15607 MiB, 100 %, 5, 8
2026/09/21 01:09:06.495, 0, P0, 1867 MHz, 14001 MHz, 171.58 W, [N/A], 175.00 W, 86, 15607 MiB, 100 %, 5, 8
2026/09/21 01:09:06.748, 0, P0, 1875 MHz, 14001 MHz, 171.58 W, [N/A], 175.00 W, 86, 15607 MiB, 99 %, 5, 8
2026/09/21 01:09:07.000, 0, P0, 1875 MHz, 14001 MHz, 171.58 W, [N/A], 175.00 W, 86, 15607 MiB, 99 %, 5, 8
2026/09/21 01:09:07.252, 0, P0, 1867 MHz, 14001 MHz, 171.60 W, [N/A], 175.00 W, 86, 15607 MiB, 100 %, 5, 8
2026/09/21 01:09:07.505, 0, P0, 1867 MHz, 14001 MHz, 171.60 W, [N/A], 175.00 W, 86, 15607 MiB, 100 %, 5, 8
2026/09/21 01:09:07.757, 0, P0, 1875 MHz, 14001 MHz, 171.61 W, [N/A], 175.00 W, 86, 15607 MiB, 100 %, 5, 8
2026/09/21 01:09:08.009, 0, P0, 1875 MHz, 14001 MHz, 171.61 W, [N/A], 175.00 W, 86, 15607 MiB, 100 %, 5, 8
2026/09/21 01:09:08.261, 0, P0, 1867 MHz, 14001 MHz, 171.59 W, [N/A], 175.00 W, 86, 15607 MiB, 100 %, 5, 8
2026/09/21 01:09:08.514, 0, P0, 1867 MHz, 14001 MHz, 171.59 W, [N/A], 175.00 W, 86, 15607 MiB, 100 %, 5, 8
2026/09/21 01:09:08.774, 0, P0, 1875 MHz, 14001 MHz, 171.58 W, [N/A], 175.00 W, 86, 15607 MiB, 100 %, 5, 8
2026/09/21 01:09:09.026, 0, P0, 1875 MHz, 14001 MHz, 171.58 W, [N/A], 175.00 W, 86, 15607 MiB, 100 %, 5, 8
2026/09/21 01:09:09.278, 0, P0, 1867 MHz, 14001 MHz, 171.62 W, [N/A], 175.00 W, 86, 15607 MiB, 100 %, 5, 8
2026/09/21 01:09:09.531, 0, P0, 1867 MHz, 14001 MHz, 171.62 W, [N/A], 175.00 W, 86, 15607 MiB, 100 %, 5, 8
2026/09/21 01:09:09.783, 0, P0, 1875 MHz, 14001 MHz, 171.66 W, [N/A], 175.00 W, 86, 15607 MiB, 100 %, 5, 8
2026/09/21 01:09:10.035, 0, P0, 1875 MHz, 14001 MHz, 171.66 W, [N/A], 175.00 W, 86, 15607 MiB, 100 %, 5, 8
2026/09/21 01:09:10.288, 0, P0, 1867 MHz, 14001 MHz, 171.55 W, [N/A], 175.00 W, 86, 15607 MiB, 100 %, 5, 8
2026/09/21 01:09:10.540, 0, P0, 1867 MHz, 14001 MHz, 171.55 W, [N/A], 175.00 W, 86, 15607 MiB, 100 %, 5, 8
2026/09/21 01:09:10.792, 0, P0, 1875 MHz, 14001 MHz, 171.61 W, [N/A], 175.00 W, 86, 15607 MiB, 100 %, 5, 8
2026/09/21 01:09:11.044, 0, P0, 1875 MHz, 14001 MHz, 171.61 W, [N/A], 175.00 W, 86, 15607 MiB, 100 %, 5, 8
2026/09/21 01:09:11.296, 0, P0, 1867 MHz, 14001 MHz, 171.56 W, [N/A], 175.00 W, 86, 15607 MiB, 100 %, 5, 8
2026/09/21 01:09:11.548, 0, P0, 1867 MHz, 14001 MHz, 171.56 W, [N/A], 175.00 W, 86, 15607 MiB, 100 %, 5, 8
2026/09/21 01:09:11.801, 0, P0, 1867 MHz, 14001 MHz, 171.57 W, [N/A], 175.00 W, 86, 15607 MiB, 100 %, 5, 8
2026/09/21 01:09:12.053, 0, P0, 1867 MHz, 14001 MHz, 171.57 W, [N/A], 175.00 W, 86, 15607 MiB, 100 %, 5, 8
2026/09/21 01:09:12.305, 0, P0, 1867 MHz, 14001 MHz, 171.54 W, [N/A], 175.00 W, 86, 15607 MiB, 99 %, 5, 8
2026/09/21 01:09:12.557, 0, P0, 1867 MHz, 14001 MHz, 171.54 W, [N/A], 175.00 W, 86, 15607 MiB, 99 %, 5, 8
2026/09/21 01:09:12.809, 0, P0, 1867 MHz, 14001 MHz, 171.62 W, [N/A], 175.00 W, 86, 15607 MiB, 100 %, 5, 8
2026/09/21 01:09:13.062, 0, P0, 1867 MHz, 14001 MHz, 171.62 W, [N/A], 175.00 W, 86, 15607 MiB, 100 %, 5, 8
2026/09/21 01:09:13.314, 0, P0, 1867 MHz, 14001 MHz, 171.55 W, [N/A], 175.00 W, 86, 15607 MiB, 100 %, 5, 8
2026/09/21 01:09:13.566, 0, P0, 1867 MHz, 14001 MHz, 171.55 W, [N/A], 175.00 W, 86, 15607 MiB, 100 %, 5, 8
2026/09/21 01:09:13.819, 0, P0, 1867 MHz, 14001 MHz, 171.58 W, [N/A], 175.00 W, 86, 15607 MiB, 100 %, 5, 8
2026/09/21 01:09:14.079, 0, P0, 1867 MHz, 14001 MHz, 171.58 W, [N/A], 175.00 W, 86, 15607 MiB, 100 %, 5, 8
2026/09/21 01:09:14.332, 0, P0, 1867 MHz, 14001 MHz, 171.53 W, [N/A], 175.00 W, 86, 15607 MiB, 100 %, 5, 8
2026/09/21 01:09:14.584, 0, P0, 1867 MHz, 14001 MHz, 171.53 W, [N/A], 175.00 W, 86, 15607 MiB, 100 %, 5, 8
2026/09/21 01:09:14.836, 0, P0, 1867 MHz, 14001 MHz, 171.65 W, [N/A], 175.00 W, 86, 15607 MiB, 100 %, 5, 8
2026/09/21 01:09:15.088, 0, P0, 1867 MHz, 14001 MHz, 171.65 W, [N/A], 175.00 W, 86, 15607 MiB, 100 %, 5, 8
2026/09/21 01:09:15.340, 0, P0, 1867 MHz, 14001 MHz, 171.70 W, [N/A], 175.00 W, 86, 15607 MiB, 100 %, 5, 8
2026/09/21 01:09:15.593, 0, P0, 1867 MHz, 14001 MHz, 171.70 W, [N/A], 175.00 W, 86, 15607 MiB, 100 %, 5, 8
2026/09/21 01:09:15.845, 0, P0, 1875 MHz, 14001 MHz, 171.63 W, [N/A], 175.00 W, 86, 15607 MiB, 100 %, 5, 8
2026/09/21 01:09:16.097, 0, P0, 1875 MHz, 14001 MHz, 171.63 W, [N/A], 175.00 W, 86, 15607 MiB, 100 %, 5, 8
2026/09/21 01:09:16.349, 0, P0, 1867 MHz, 14001 MHz, 171.58 W, [N/A], 175.00 W, 86, 15607 MiB, 100 %, 5, 8
2026/09/21 01:09:16.602, 0, P0, 1867 MHz, 14001 MHz, 171.58 W, [N/A], 175.00 W, 86, 15607 MiB, 100 %, 5, 8
2026/09/21 01:09:16.854, 0, P0, 1867 MHz, 14001 MHz, 171.55 W, [N/A], 175.00 W, 86, 15607 MiB, 99 %, 5, 8
2026/09/21 01:09:17.106, 0, P0, 1867 MHz, 14001 MHz, 171.55 W, [N/A], 175.00 W, 86, 15607 MiB, 99 %, 5, 8
2026/09/21 01:09:17.358, 0, P0, 1860 MHz, 14001 MHz, 171.55 W, [N/A], 175.00 W, 86, 15607 MiB, 100 %, 5, 8
2026/09/21 01:09:17.610, 0, P0, 1860 MHz, 14001 MHz, 171.55 W, [N/A], 175.00 W, 86, 15607 MiB, 100 %, 5, 8
2026/09/21 01:09:17.863, 0, P0, 1867 MHz, 14001 MHz, 171.60 W, [N/A], 175.00 W, 86, 15607 MiB, 100 %, 5, 8
2026/09/21 01:09:18.115, 0, P0, 1867 MHz, 14001 MHz, 171.60 W, [N/A], 175.00 W, 86, 15607 MiB, 100 %, 5, 8
2026/09/21 01:09:18.367, 0, P0, 1867 MHz, 14001 MHz, 171.61 W, [N/A], 175.00 W, 86, 15607 MiB, 100 %, 5, 8
2026/09/21 01:09:18.620, 0, P0, 1867 MHz, 14001 MHz, 171.61 W, [N/A], 175.00 W, 86, 15607 MiB, 100 %, 5, 8
2026/09/21 01:09:18.872, 0, P0, 1875 MHz, 14001 MHz, 171.64 W, [N/A], 175.00 W, 86, 15607 MiB, 100 %, 5, 8
2026/09/21 01:09:19.124, 0, P0, 1875 MHz, 14001 MHz, 171.64 W, [N/A], 175.00 W, 86, 15607 MiB, 100 %, 5, 8
2026/09/21 01:09:19.376, 0, P0, 1867 MHz, 14001 MHz, 171.55 W, [N/A], 175.00 W, 86, 15607 MiB, 100 %, 5, 8
2026/09/21 01:09:19.628, 0, P0, 1867 MHz, 14001 MHz, 171.55 W, [N/A], 175.00 W, 86, 15607 MiB, 100 %, 5, 8
2026/09/21 01:09:19.890, 0, P0, 1860 MHz, 14001 MHz, 171.57 W, [N/A], 175.00 W, 86, 15607 MiB, 100 %, 5, 8
2026/09/21 01:09:20.142, 0, P0, 1867 MHz, 14001 MHz, 171.55 W, [N/A], 175.00 W, 86, 15607 MiB, 100 %, 5, 8
2026/09/21 01:09:20.395, 0, P0, 1867 MHz, 14001 MHz, 171.55 W, [N/A], 175.00 W, 86, 15607 MiB, 100 %, 5, 8
2026/09/21 01:09:20.647, 0, P0, 1867 MHz, 14001 MHz, 171.56 W, [N/A], 175.00 W, 86, 15607 MiB, 100 %, 5, 8
2026/09/21 01:09:20.899, 0, P0, 1867 MHz, 14001 MHz, 171.56 W, [N/A], 175.00 W, 86, 15607 MiB, 100 %, 5, 8
2026/09/21 01:09:21.151, 0, P0, 1867 MHz, 14001 MHz, 171.55 W, [N/A], 175.00 W, 86, 15607 MiB, 100 %, 5, 8
2026/09/21 01:09:21.403, 0, P0, 1867 MHz, 14001 MHz, 171.55 W, [N/A], 175.00 W, 86, 15607 MiB, 100 %, 5, 8
2026/09/21 01:09:21.655, 0, P0, 1867 MHz, 14001 MHz, 171.62 W, [N/A], 175.00 W, 86, 15607 MiB, 100 %, 5, 8
2026/09/21 01:09:21.907, 0, P0, 1867 MHz, 14001 MHz, 171.62 W, [N/A], 175.00 W, 86, 15607 MiB, 100 %, 5, 8
2026/09/21 01:09:22.159, 0, P0, 1867 MHz, 14001 MHz, 171.57 W, [N/A], 175.00 W, 86, 15607 MiB, 100 %, 5, 8
2026/09/21 01:09:22.412, 0, P0, 1867 MHz, 14001 MHz, 171.57 W, [N/A], 175.00 W, 86, 15607 MiB, 100 %, 5, 8
2026/09/21 01:09:22.664, 0, P0, 1867 MHz, 14001 MHz, 171.53 W, [N/A], 175.00 W, 86, 15607 MiB, 100 %, 5, 8
2026/09/21 01:09:22.917, 0, P0, 1867 MHz, 14001 MHz, 171.53 W, [N/A], 175.00 W, 86, 15607 MiB, 100 %, 5, 8
2026/09/21 01:09:23.169, 0, P0, 1860 MHz, 14001 MHz, 171.50 W, [N/A], 175.00 W, 86, 15607 MiB, 100 %, 5, 8
2026/09/21 01:09:23.421, 0, P0, 1860 MHz, 14001 MHz, 171.50 W, [N/A], 175.00 W, 86, 15607 MiB, 100 %, 5, 8
2026/09/21 01:09:23.673, 0, P0, 1867 MHz, 14001 MHz, 171.62 W, [N/A], 175.00 W, 86, 15607 MiB, 100 %, 5, 8
2026/09/21 01:09:23.926, 0, P0, 1867 MHz, 14001 MHz, 171.62 W, [N/A], 175.00 W, 86, 15607 MiB, 100 %, 5, 8
2026/09/21 01:09:24.178, 0, P0, 1860 MHz, 14001 MHz, 171.57 W, [N/A], 175.00 W, 86, 15607 MiB, 100 %, 5, 8
2026/09/21 01:09:24.430, 0, P0, 1860 MHz, 14001 MHz, 171.57 W, [N/A], 175.00 W, 86, 15607 MiB, 100 %, 5, 8
2026/09/21 01:09:24.682, 0, P0, 1867 MHz, 14001 MHz, 171.52 W, [N/A], 175.00 W, 86, 15607 MiB, 100 %, 5, 8
2026/09/21 01:09:24.934, 0, P0, 1867 MHz, 14001 MHz, 171.52 W, [N/A], 175.00 W, 86, 15607 MiB, 100 %, 5, 8
2026/09/21 01:09:25.196, 0, P0, 1860 MHz, 14001 MHz, 171.51 W, [N/A], 175.00 W, 86, 15607 MiB, 100 %, 5, 8
2026/09/21 01:09:25.448, 0, P0, 1860 MHz, 14001 MHz, 171.51 W, [N/A], 175.00 W, 86, 15607 MiB, 100 %, 5, 8
2026/09/21 01:09:25.700, 0, P0, 1867 MHz, 14001 MHz, 171.48 W, [N/A], 175.00 W, 86, 15607 MiB, 100 %, 5, 8
2026/09/21 01:09:25.953, 0, P0, 1867 MHz, 14001 MHz, 171.48 W, [N/A], 175.00 W, 86, 15607 MiB, 100 %, 5, 8
2026/09/21 01:09:26.205, 0, P0, 1860 MHz, 14001 MHz, 171.50 W, [N/A], 175.00 W, 86, 15607 MiB, 100 %, 5, 8
2026/09/21 01:09:26.457, 0, P0, 1860 MHz, 14001 MHz, 171.50 W, [N/A], 175.00 W, 86, 15607 MiB, 100 %, 5, 8
2026/09/21 01:09:26.709, 0, P0, 1867 MHz, 14001 MHz, 171.58 W, [N/A], 175.00 W, 86, 15607 MiB, 100 %, 5, 8
2026/09/21 01:09:26.962, 0, P0, 1867 MHz, 14001 MHz, 171.58 W, [N/A], 175.00 W, 86, 15607 MiB, 100 %, 5, 8
2026/09/21 01:09:27.214, 0, P0, 1860 MHz, 14001 MHz, 171.49 W, [N/A], 175.00 W, 86, 15607 MiB, 100 %, 5, 8
2026/09/21 01:09:27.467, 0, P0, 1860 MHz, 14001 MHz, 171.49 W, [N/A], 175.00 W, 86, 15607 MiB, 100 %, 5, 8
2026/09/21 01:09:27.719, 0, P0, 1867 MHz, 14001 MHz, 171.51 W, [N/A], 175.00 W, 86, 15607 MiB, 99 %, 5, 8
2026/09/21 01:09:27.971, 0, P0, 1867 MHz, 14001 MHz, 171.51 W, [N/A], 175.00 W, 86, 15607 MiB, 99 %, 5, 8
2026/09/21 01:09:28.223, 0, P0, 1852 MHz, 14001 MHz, 171.58 W, [N/A], 175.00 W, 86, 15607 MiB, 100 %, 5, 8
2026/09/21 01:09:28.475, 0, P0, 1852 MHz, 14001 MHz, 171.58 W, [N/A], 175.00 W, 86, 15607 MiB, 100 %, 5, 8
2026/09/21 01:09:28.727, 0, P0, 1867 MHz, 14001 MHz, 171.59 W, [N/A], 175.00 W, 86, 15607 MiB, 100 %, 5, 8
2026/09/21 01:09:28.979, 0, P0, 1867 MHz, 14001 MHz, 171.59 W, [N/A], 175.00 W, 86, 15607 MiB, 100 %, 5, 8
2026/09/21 01:09:29.232, 0, P0, 1860 MHz, 14001 MHz, 171.60 W, [N/A], 175.00 W, 86, 15607 MiB, 100 %, 5, 8
2026/09/21 01:09:29.484, 0, P0, 1860 MHz, 14001 MHz, 171.60 W, [N/A], 175.00 W, 86, 15607 MiB, 100 %, 5, 8
2026/09/21 01:09:29.736, 0, P0, 1867 MHz, 14001 MHz, 171.61 W, [N/A], 175.00 W, 86, 15607 MiB, 100 %, 5, 8
2026/09/21 01:09:29.989, 0, P0, 1867 MHz, 14001 MHz, 171.61 W, [N/A], 175.00 W, 86, 15607 MiB, 100 %, 5, 8
2026/09/21 01:09:30.241, 0, P0, 1852 MHz, 14001 MHz, 171.55 W, [N/A], 175.00 W, 86, 15607 MiB, 100 %, 5, 8
2026/09/21 01:09:30.505, 0, P0, 1852 MHz, 14001 MHz, 171.55 W, [N/A], 175.00 W, 86, 15607 MiB, 100 %, 5, 8
2026/09/21 01:09:30.757, 0, P0, 1867 MHz, 14001 MHz, 171.51 W, [N/A], 175.00 W, 86, 15607 MiB, 99 %, 5, 8
2026/09/21 01:09:31.010, 0, P0, 1867 MHz, 14001 MHz, 171.51 W, [N/A], 175.00 W, 86, 15607 MiB, 99 %, 5, 8
2026/09/21 01:09:31.262, 0, P0, 1867 MHz, 14001 MHz, 171.58 W, [N/A], 175.00 W, 86, 15607 MiB, 100 %, 5, 8
2026/09/21 01:09:31.514, 0, P0, 1867 MHz, 14001 MHz, 171.58 W, [N/A], 175.00 W, 86, 15607 MiB, 100 %, 5, 8
2026/09/21 01:09:31.766, 0, P0, 1860 MHz, 14001 MHz, 171.52 W, [N/A], 175.00 W, 86, 15607 MiB, 100 %, 5, 8
2026/09/21 01:09:32.018, 0, P0, 1860 MHz, 14001 MHz, 171.52 W, [N/A], 175.00 W, 86, 15607 MiB, 100 %, 5, 8
2026/09/21 01:09:32.270, 0, P0, 1867 MHz, 14001 MHz, 171.49 W, [N/A], 175.00 W, 86, 15607 MiB, 100 %, 5, 8
2026/09/21 01:09:32.523, 0, P0, 1867 MHz, 14001 MHz, 171.49 W, [N/A], 175.00 W, 86, 15607 MiB, 100 %, 5, 8
2026/09/21 01:09:32.775, 0, P0, 1867 MHz, 14001 MHz, 171.49 W, [N/A], 175.00 W, 86, 15607 MiB, 99 %, 5, 8
2026/09/21 01:09:33.027, 0, P0, 1867 MHz, 14001 MHz, 171.49 W, [N/A], 175.00 W, 86, 15607 MiB, 99 %, 5, 8
2026/09/21 01:09:33.279, 0, P0, 1867 MHz, 14001 MHz, 171.48 W, [N/A], 175.00 W, 86, 15607 MiB, 100 %, 5, 8
2026/09/21 01:09:33.531, 0, P0, 1867 MHz, 14001 MHz, 171.48 W, [N/A], 175.00 W, 86, 15607 MiB, 100 %, 5, 8
2026/09/21 01:09:33.784, 0, P0, 1867 MHz, 14001 MHz, 171.51 W, [N/A], 175.00 W, 86, 15607 MiB, 100 %, 5, 8
2026/09/21 01:09:34.036, 0, P0, 1867 MHz, 14001 MHz, 171.51 W, [N/A], 175.00 W, 86, 15607 MiB, 100 %, 5, 8
2026/09/21 01:09:34.288, 0, P0, 1867 MHz, 14001 MHz, 171.46 W, [N/A], 175.00 W, 86, 15607 MiB, 100 %, 5, 8
2026/09/21 01:09:34.540, 0, P0, 1867 MHz, 14001 MHz, 171.46 W, [N/A], 175.00 W, 86, 15607 MiB, 100 %, 5, 8
2026/09/21 01:09:34.792, 0, P0, 1867 MHz, 14001 MHz, 171.47 W, [N/A], 175.00 W, 86, 15607 MiB, 100 %, 5, 8
2026/09/21 01:09:35.044, 0, P0, 1867 MHz, 14001 MHz, 171.47 W, [N/A], 175.00 W, 86, 15607 MiB, 100 %, 5, 8
2026/09/21 01:09:35.296, 0, P0, 1867 MHz, 14001 MHz, 171.46 W, [N/A], 175.00 W, 86, 15607 MiB, 100 %, 5, 8
2026/09/21 01:09:35.548, 0, P0, 1867 MHz, 14001 MHz, 171.46 W, [N/A], 175.00 W, 86, 15607 MiB, 100 %, 5, 8
2026/09/21 01:09:35.809, 0, P0, 1867 MHz, 14001 MHz, 171.51 W, [N/A], 175.00 W, 86, 15607 MiB, 100 %, 5, 8
2026/09/21 01:09:36.062, 0, P0, 1867 MHz, 14001 MHz, 171.51 W, [N/A], 175.00 W, 86, 15607 MiB, 100 %, 5, 8
2026/09/21 01:09:36.314, 0, P0, 1867 MHz, 14001 MHz, 171.56 W, [N/A], 175.00 W, 86, 15607 MiB, 99 %, 5, 8
2026/09/21 01:09:36.566, 0, P0, 1867 MHz, 14001 MHz, 171.56 W, [N/A], 175.00 W, 86, 15607 MiB, 99 %, 5, 8
2026/09/21 01:09:36.818, 0, P0, 1867 MHz, 14001 MHz, 171.57 W, [N/A], 175.00 W, 86, 15607 MiB, 100 %, 5, 8
2026/09/21 01:09:37.071, 0, P0, 1867 MHz, 14001 MHz, 171.57 W, [N/A], 175.00 W, 86, 15607 MiB, 100 %, 5, 8
2026/09/21 01:09:37.323, 0, P0, 1867 MHz, 14001 MHz, 171.55 W, [N/A], 175.00 W, 86, 15607 MiB, 100 %, 5, 8
2026/09/21 01:09:37.575, 0, P0, 1867 MHz, 14001 MHz, 171.55 W, [N/A], 175.00 W, 86, 15607 MiB, 100 %, 5, 8
2026/09/21 01:09:37.827, 0, P0, 1867 MHz, 14001 MHz, 171.55 W, [N/A], 175.00 W, 86, 15607 MiB, 100 %, 5, 8
2026/09/21 01:09:38.079, 0, P0, 1867 MHz, 14001 MHz, 171.55 W, [N/A], 175.00 W, 86, 15607 MiB, 100 %, 5, 8
2026/09/21 01:09:38.331, 0, P0, 1867 MHz, 14001 MHz, 171.54 W, [N/A], 175.00 W, 86, 15607 MiB, 100 %, 5, 8
2026/09/21 01:09:38.584, 0, P0, 1867 MHz, 14001 MHz, 171.54 W, [N/A], 175.00 W, 86, 15607 MiB, 100 %, 5, 8
2026/09/21 01:09:38.836, 0, P0, 1867 MHz, 14001 MHz, 171.55 W, [N/A], 175.00 W, 86, 15607 MiB, 100 %, 5, 8
2026/09/21 01:09:39.088, 0, P0, 1867 MHz, 14001 MHz, 171.55 W, [N/A], 175.00 W, 86, 15607 MiB, 100 %, 5, 8
2026/09/21 01:09:39.340, 0, P0, 1867 MHz, 14001 MHz, 171.51 W, [N/A], 175.00 W, 86, 15607 MiB, 100 %, 5, 8
2026/09/21 01:09:39.592, 0, P0, 1867 MHz, 14001 MHz, 171.51 W, [N/A], 175.00 W, 86, 15607 MiB, 100 %, 5, 8
2026/09/21 01:09:39.844, 0, P0, 1867 MHz, 14001 MHz, 171.51 W, [N/A], 175.00 W, 86, 15607 MiB, 100 %, 5, 8
2026/09/21 01:09:40.097, 0, P0, 1867 MHz, 14001 MHz, 171.51 W, [N/A], 175.00 W, 86, 15607 MiB, 100 %, 5, 8
2026/09/21 01:09:40.349, 0, P0, 1867 MHz, 14001 MHz, 171.46 W, [N/A], 175.00 W, 86, 15607 MiB, 99 %, 5, 8
2026/09/21 01:09:40.601, 0, P0, 1867 MHz, 14001 MHz, 171.46 W, [N/A], 175.00 W, 86, 15607 MiB, 99 %, 5, 8
2026/09/21 01:09:40.853, 0, P0, 1867 MHz, 14001 MHz, 171.54 W, [N/A], 175.00 W, 86, 15607 MiB, 100 %, 5, 8
2026/09/21 01:09:41.115, 0, P0, 1867 MHz, 14001 MHz, 171.54 W, [N/A], 175.00 W, 86, 15607 MiB, 100 %, 5, 8
2026/09/21 01:09:41.367, 0, P0, 1860 MHz, 14001 MHz, 171.48 W, [N/A], 175.00 W, 86, 15607 MiB, 100 %, 5, 8
2026/09/21 01:09:41.619, 0, P0, 1860 MHz, 14001 MHz, 171.48 W, [N/A], 175.00 W, 86, 15607 MiB, 100 %, 5, 8
2026/09/21 01:09:41.871, 0, P0, 1867 MHz, 14001 MHz, 171.48 W, [N/A], 175.00 W, 86, 15607 MiB, 100 %, 5, 8
2026/09/21 01:09:42.123, 0, P0, 1867 MHz, 14001 MHz, 171.48 W, [N/A], 175.00 W, 86, 15607 MiB, 100 %, 5, 8
2026/09/21 01:09:42.375, 0, P0, 1860 MHz, 14001 MHz, 171.55 W, [N/A], 175.00 W, 86, 15607 MiB, 100 %, 5, 8
2026/09/21 01:09:42.628, 0, P0, 1860 MHz, 14001 MHz, 171.55 W, [N/A], 175.00 W, 86, 15607 MiB, 100 %, 5, 8
2026/09/21 01:09:42.880, 0, P0, 1860 MHz, 14001 MHz, 171.53 W, [N/A], 175.00 W, 86, 15607 MiB, 99 %, 5, 8
2026/09/21 01:09:43.132, 0, P0, 1860 MHz, 14001 MHz, 171.53 W, [N/A], 175.00 W, 86, 15607 MiB, 99 %, 5, 8
2026/09/21 01:09:43.384, 0, P0, 1860 MHz, 14001 MHz, 171.45 W, [N/A], 175.00 W, 86, 15607 MiB, 100 %, 5, 8
2026/09/21 01:09:43.637, 0, P0, 1860 MHz, 14001 MHz, 171.45 W, [N/A], 175.00 W, 86, 15607 MiB, 100 %, 5, 8
2026/09/21 01:09:43.889, 0, P0, 1867 MHz, 14001 MHz, 171.55 W, [N/A], 175.00 W, 86, 15607 MiB, 100 %, 5, 8
2026/09/21 01:09:44.141, 0, P0, 1867 MHz, 14001 MHz, 171.55 W, [N/A], 175.00 W, 86, 15607 MiB, 100 %, 5, 8
2026/09/21 01:09:44.393, 0, P0, 1860 MHz, 14001 MHz, 171.49 W, [N/A], 175.00 W, 86, 15607 MiB, 100 %, 5, 8
2026/09/21 01:09:44.646, 0, P0, 1860 MHz, 14001 MHz, 171.49 W, [N/A], 175.00 W, 86, 15607 MiB, 100 %, 5, 8
2026/09/21 01:09:44.898, 0, P0, 1860 MHz, 14001 MHz, 171.48 W, [N/A], 175.00 W, 86, 15607 MiB, 100 %, 5, 8
2026/09/21 01:09:45.150, 0, P0, 1860 MHz, 14001 MHz, 171.48 W, [N/A], 175.00 W, 86, 15607 MiB, 100 %, 5, 8
2026/09/21 01:09:45.402, 0, P0, 1860 MHz, 14001 MHz, 171.48 W, [N/A], 175.00 W, 86, 15607 MiB, 100 %, 5, 8
2026/09/21 01:09:45.654, 0, P0, 1860 MHz, 14001 MHz, 171.48 W, [N/A], 175.00 W, 86, 15607 MiB, 100 %, 5, 8
2026/09/21 01:09:45.907, 0, P0, 1860 MHz, 14001 MHz, 171.41 W, [N/A], 175.00 W, 87, 15607 MiB, 100 %, 5, 8
2026/09/21 01:09:46.159, 0, P0, 1860 MHz, 14001 MHz, 171.41 W, [N/A], 175.00 W, 87, 15607 MiB, 100 %, 5, 8
2026/09/21 01:09:46.419, 0, P0, 1860 MHz, 14001 MHz, 171.48 W, [N/A], 175.00 W, 87, 15607 MiB, 99 %, 5, 8
2026/09/21 01:09:46.671, 0, P0, 1860 MHz, 14001 MHz, 171.49 W, [N/A], 175.00 W, 87, 15607 MiB, 100 %, 5, 8
2026/09/21 01:09:46.925, 0, P0, 1860 MHz, 14001 MHz, 171.49 W, [N/A], 175.00 W, 87, 15607 MiB, 100 %, 5, 8
2026/09/21 01:09:47.177, 0, P0, 1860 MHz, 14001 MHz, 171.44 W, [N/A], 175.00 W, 87, 15607 MiB, 100 %, 5, 8
2026/09/21 01:09:47.430, 0, P0, 1860 MHz, 14001 MHz, 171.44 W, [N/A], 175.00 W, 87, 15607 MiB, 100 %, 5, 8
2026/09/21 01:09:47.682, 0, P0, 1860 MHz, 14001 MHz, 171.46 W, [N/A], 175.00 W, 87, 15607 MiB, 99 %, 5, 8
2026/09/21 01:09:47.935, 0, P0, 1860 MHz, 14001 MHz, 171.46 W, [N/A], 175.00 W, 87, 15607 MiB, 99 %, 5, 8
2026/09/21 01:09:48.187, 0, P0, 1860 MHz, 14001 MHz, 171.49 W, [N/A], 175.00 W, 87, 15607 MiB, 100 %, 5, 8
2026/09/21 01:09:48.439, 0, P0, 1860 MHz, 14001 MHz, 171.49 W, [N/A], 175.00 W, 87, 15607 MiB, 100 %, 5, 8
2026/09/21 01:09:48.691, 0, P0, 1860 MHz, 14001 MHz, 171.45 W, [N/A], 175.00 W, 87, 15607 MiB, 100 %, 5, 8
2026/09/21 01:09:48.943, 0, P0, 1860 MHz, 14001 MHz, 171.45 W, [N/A], 175.00 W, 87, 15607 MiB, 100 %, 5, 8
2026/09/21 01:09:49.196, 0, P0, 1860 MHz, 14001 MHz, 171.43 W, [N/A], 175.00 W, 87, 15607 MiB, 100 %, 5, 8
2026/09/21 01:09:49.448, 0, P0, 1860 MHz, 14001 MHz, 171.43 W, [N/A], 175.00 W, 87, 15607 MiB, 100 %, 5, 8
2026/09/21 01:09:49.700, 0, P0, 1860 MHz, 14001 MHz, 171.45 W, [N/A], 175.00 W, 87, 15607 MiB, 100 %, 5, 8
2026/09/21 01:09:49.952, 0, P0, 1860 MHz, 14001 MHz, 171.45 W, [N/A], 175.00 W, 87, 15607 MiB, 100 %, 5, 8
2026/09/21 01:09:50.204, 0, P0, 1852 MHz, 14001 MHz, 171.46 W, [N/A], 175.00 W, 87, 15607 MiB, 100 %, 5, 8
2026/09/21 01:09:50.456, 0, P0, 1852 MHz, 14001 MHz, 171.46 W, [N/A], 175.00 W, 87, 15607 MiB, 100 %, 5, 8
2026/09/21 01:09:50.708, 0, P0, 1860 MHz, 14001 MHz, 171.45 W, [N/A], 175.00 W, 87, 15607 MiB, 100 %, 5, 8
2026/09/21 01:09:50.961, 0, P0, 1860 MHz, 14001 MHz, 171.45 W, [N/A], 175.00 W, 87, 15607 MiB, 100 %, 5, 8
2026/09/21 01:09:51.213, 0, P0, 1852 MHz, 14001 MHz, 171.45 W, [N/A], 175.00 W, 87, 15607 MiB, 100 %, 5, 8
2026/09/21 01:09:51.466, 0, P0, 1852 MHz, 14001 MHz, 171.45 W, [N/A], 175.00 W, 87, 15607 MiB, 100 %, 5, 8
2026/09/21 01:09:51.727, 0, P0, 1860 MHz, 14001 MHz, 171.49 W, [N/A], 175.00 W, 87, 15607 MiB, 100 %, 5, 8
2026/09/21 01:09:51.979, 0, P0, 1860 MHz, 14001 MHz, 171.49 W, [N/A], 175.00 W, 87, 15607 MiB, 100 %, 5, 8
2026/09/21 01:09:52.231, 0, P0, 1852 MHz, 14001 MHz, 171.51 W, [N/A], 175.00 W, 87, 15607 MiB, 100 %, 5, 8
2026/09/21 01:09:52.483, 0, P0, 1852 MHz, 14001 MHz, 171.51 W, [N/A], 175.00 W, 87, 15607 MiB, 100 %, 5, 8
2026/09/21 01:09:52.735, 0, P0, 1852 MHz, 14001 MHz, 171.49 W, [N/A], 175.00 W, 87, 15607 MiB, 100 %, 5, 8
2026/09/21 01:09:52.988, 0, P0, 1852 MHz, 14001 MHz, 171.49 W, [N/A], 175.00 W, 87, 15607 MiB, 100 %, 5, 8
2026/09/21 01:09:53.240, 0, P0, 1852 MHz, 14001 MHz, 171.50 W, [N/A], 175.00 W, 87, 15607 MiB, 100 %, 5, 8
2026/09/21 01:09:53.492, 0, P0, 1852 MHz, 14001 MHz, 171.50 W, [N/A], 175.00 W, 87, 15607 MiB, 100 %, 5, 8
2026/09/21 01:09:53.744, 0, P0, 1852 MHz, 14001 MHz, 171.46 W, [N/A], 175.00 W, 87, 15607 MiB, 100 %, 5, 8
2026/09/21 01:09:53.996, 0, P0, 1852 MHz, 14001 MHz, 171.46 W, [N/A], 175.00 W, 87, 15607 MiB, 100 %, 5, 8
2026/09/21 01:09:54.248, 0, P0, 1852 MHz, 14001 MHz, 171.48 W, [N/A], 175.00 W, 87, 15607 MiB, 100 %, 5, 8
2026/09/21 01:09:54.500, 0, P0, 1852 MHz, 14001 MHz, 171.48 W, [N/A], 175.00 W, 87, 15607 MiB, 100 %, 5, 8
2026/09/21 01:09:54.752, 0, P0, 1852 MHz, 14001 MHz, 171.49 W, [N/A], 175.00 W, 87, 15607 MiB, 100 %, 5, 8
2026/09/21 01:09:55.005, 0, P0, 1852 MHz, 14001 MHz, 171.49 W, [N/A], 175.00 W, 87, 15607 MiB, 100 %, 5, 8
2026/09/21 01:09:55.257, 0, P0, 1852 MHz, 14001 MHz, 171.47 W, [N/A], 175.00 W, 87, 15607 MiB, 100 %, 5, 8
2026/09/21 01:09:55.509, 0, P0, 1852 MHz, 14001 MHz, 171.47 W, [N/A], 175.00 W, 87, 15607 MiB, 100 %, 5, 8
2026/09/21 01:09:55.761, 0, P0, 1860 MHz, 14001 MHz, 171.49 W, [N/A], 175.00 W, 87, 15607 MiB, 100 %, 5, 8
2026/09/21 01:09:56.013, 0, P0, 1860 MHz, 14001 MHz, 171.49 W, [N/A], 175.00 W, 87, 15607 MiB, 100 %, 5, 8
2026/09/21 01:09:56.266, 0, P0, 1852 MHz, 14001 MHz, 171.48 W, [N/A], 175.00 W, 87, 15607 MiB, 100 %, 5, 8
2026/09/21 01:09:56.518, 0, P0, 1852 MHz, 14001 MHz, 171.48 W, [N/A], 175.00 W, 87, 15607 MiB, 100 %, 5, 8
2026/09/21 01:09:56.770, 0, P0, 1837 MHz, 14001 MHz, 169.98 W, [N/A], 175.00 W, 86, 15607 MiB, 100 %, 5, 8
2026/09/21 01:09:57.022, 0, P0, 1837 MHz, 14001 MHz, 169.98 W, [N/A], 175.00 W, 86, 15607 MiB, 100 %, 5, 8
2026/09/21 01:09:57.275, 0, P0, 1725 MHz, 14001 MHz, 160.63 W, [N/A], 175.00 W, 86, 15607 MiB, 100 %, 5, 8
2026/09/21 01:09:57.536, 0, P0, 1725 MHz, 14001 MHz, 160.63 W, [N/A], 175.00 W, 86, 15607 MiB, 100 %, 5, 8
2026/09/21 01:09:57.788, 0, P0, 1777 MHz, 14001 MHz, 155.60 W, [N/A], 175.00 W, 86, 15607 MiB, 99 %, 5, 8
2026/09/21 01:09:58.040, 0, P0, 1777 MHz, 14001 MHz, 155.60 W, [N/A], 175.00 W, 86, 15607 MiB, 99 %, 5, 8
2026/09/21 01:09:58.292, 0, P0, 1777 MHz, 14001 MHz, 158.51 W, [N/A], 175.00 W, 86, 15607 MiB, 100 %, 5, 8
2026/09/21 01:09:58.544, 0, P0, 1777 MHz, 14001 MHz, 158.51 W, [N/A], 175.00 W, 86, 15607 MiB, 100 %, 5, 8
2026/09/21 01:09:58.797, 0, P0, 1785 MHz, 14001 MHz, 158.90 W, [N/A], 175.00 W, 86, 15607 MiB, 100 %, 5, 8
2026/09/21 01:09:59.049, 0, P0, 1785 MHz, 14001 MHz, 158.90 W, [N/A], 175.00 W, 86, 15607 MiB, 100 %, 5, 8
2026/09/21 01:09:59.301, 0, P0, 1785 MHz, 14001 MHz, 158.98 W, [N/A], 175.00 W, 86, 15607 MiB, 100 %, 5, 8
2026/09/21 01:09:59.553, 0, P0, 1785 MHz, 14001 MHz, 158.98 W, [N/A], 175.00 W, 86, 15607 MiB, 100 %, 5, 8
2026/09/21 01:09:59.806, 0, P0, 1785 MHz, 14001 MHz, 158.93 W, [N/A], 175.00 W, 86, 15607 MiB, 100 %, 5, 8
2026/09/21 01:10:00.058, 0, P0, 1785 MHz, 14001 MHz, 158.93 W, [N/A], 175.00 W, 86, 15607 MiB, 100 %, 5, 8
2026/09/21 01:10:00.310, 0, P0, 1785 MHz, 14001 MHz, 158.89 W, [N/A], 175.00 W, 86, 15607 MiB, 100 %, 5, 8
2026/09/21 01:10:00.563, 0, P0, 1785 MHz, 14001 MHz, 158.89 W, [N/A], 175.00 W, 86, 15607 MiB, 100 %, 5, 8
2026/09/21 01:10:00.815, 0, P0, 1785 MHz, 14001 MHz, 158.97 W, [N/A], 175.00 W, 86, 15607 MiB, 100 %, 5, 8
2026/09/21 01:10:01.067, 0, P0, 1785 MHz, 14001 MHz, 158.97 W, [N/A], 175.00 W, 86, 15607 MiB, 100 %, 5, 8
2026/09/21 01:10:01.320, 0, P0, 1785 MHz, 14001 MHz, 159.02 W, [N/A], 175.00 W, 86, 15607 MiB, 100 %, 5, 8
2026/09/21 01:10:01.572, 0, P0, 1785 MHz, 14001 MHz, 159.02 W, [N/A], 175.00 W, 86, 15607 MiB, 100 %, 5, 8
2026/09/21 01:10:01.824, 0, P0, 1785 MHz, 14001 MHz, 159.00 W, [N/A], 175.00 W, 86, 15607 MiB, 100 %, 5, 8
2026/09/21 01:10:02.076, 0, P0, 1785 MHz, 14001 MHz, 159.00 W, [N/A], 175.00 W, 86, 15607 MiB, 100 %, 5, 8
2026/09/21 01:10:02.328, 0, P0, 1785 MHz, 14001 MHz, 159.03 W, [N/A], 175.00 W, 86, 15607 MiB, 100 %, 5, 8
2026/09/21 01:10:02.581, 0, P0, 1785 MHz, 14001 MHz, 159.03 W, [N/A], 175.00 W, 86, 15607 MiB, 100 %, 5, 8
2026/09/21 01:10:02.844, 0, P0, 1785 MHz, 14001 MHz, 158.97 W, [N/A], 175.00 W, 86, 15607 MiB, 99 %, 5, 8
2026/09/21 01:10:03.096, 0, P0, 1785 MHz, 14001 MHz, 158.97 W, [N/A], 175.00 W, 86, 15607 MiB, 99 %, 5, 8
2026/09/21 01:10:03.348, 0, P0, 1785 MHz, 14001 MHz, 158.90 W, [N/A], 175.00 W, 86, 15607 MiB, 100 %, 5, 8
2026/09/21 01:10:03.600, 0, P0, 1785 MHz, 14001 MHz, 158.90 W, [N/A], 175.00 W, 86, 15607 MiB, 100 %, 5, 8
2026/09/21 01:10:03.852, 0, P0, 1777 MHz, 14001 MHz, 158.85 W, [N/A], 175.00 W, 86, 15607 MiB, 100 %, 5, 8
2026/09/21 01:10:04.105, 0, P0, 1777 MHz, 14001 MHz, 158.85 W, [N/A], 175.00 W, 86, 15607 MiB, 100 %, 5, 8
2026/09/21 01:10:04.357, 0, P0, 1785 MHz, 14001 MHz, 158.81 W, [N/A], 175.00 W, 86, 15607 MiB, 100 %, 5, 8
2026/09/21 01:10:04.610, 0, P0, 1785 MHz, 14001 MHz, 158.81 W, [N/A], 175.00 W, 86, 15607 MiB, 100 %, 5, 8
2026/09/21 01:10:04.862, 0, P0, 1785 MHz, 14001 MHz, 158.95 W, [N/A], 175.00 W, 86, 15607 MiB, 100 %, 5, 8
2026/09/21 01:10:05.114, 0, P0, 1785 MHz, 14001 MHz, 158.95 W, [N/A], 175.00 W, 86, 15607 MiB, 100 %, 5, 8
2026/09/21 01:10:05.366, 0, P0, 1785 MHz, 14001 MHz, 159.03 W, [N/A], 175.00 W, 86, 15607 MiB, 99 %, 5, 8
2026/09/21 01:10:05.619, 0, P0, 1785 MHz, 14001 MHz, 159.03 W, [N/A], 175.00 W, 86, 15607 MiB, 99 %, 5, 8
2026/09/21 01:10:05.871, 0, P0, 1785 MHz, 14001 MHz, 159.06 W, [N/A], 175.00 W, 86, 15607 MiB, 100 %, 5, 8
2026/09/21 01:10:06.123, 0, P0, 1785 MHz, 14001 MHz, 159.06 W, [N/A], 175.00 W, 86, 15607 MiB, 100 %, 5, 8
2026/09/21 01:10:06.376, 0, P0, 1785 MHz, 14001 MHz, 159.00 W, [N/A], 175.00 W, 86, 15607 MiB, 99 %, 5, 8
2026/09/21 01:10:06.628, 0, P0, 1785 MHz, 14001 MHz, 159.00 W, [N/A], 175.00 W, 86, 15607 MiB, 99 %, 5, 8
2026/09/21 01:10:06.880, 0, P0, 1785 MHz, 14001 MHz, 158.93 W, [N/A], 175.00 W, 86, 15607 MiB, 100 %, 5, 8
2026/09/21 01:10:07.132, 0, P0, 1785 MHz, 14001 MHz, 158.93 W, [N/A], 175.00 W, 86, 15607 MiB, 100 %, 5, 8
2026/09/21 01:10:07.384, 0, P0, 1785 MHz, 14001 MHz, 158.94 W, [N/A], 175.00 W, 86, 15607 MiB, 100 %, 5, 8
2026/09/21 01:10:07.637, 0, P0, 1785 MHz, 14001 MHz, 158.94 W, [N/A], 175.00 W, 86, 15607 MiB, 100 %, 5, 8
2026/09/21 01:10:07.889, 0, P0, 1785 MHz, 14001 MHz, 158.91 W, [N/A], 175.00 W, 86, 15607 MiB, 100 %, 5, 8
2026/09/21 01:10:08.149, 0, P0, 1785 MHz, 14001 MHz, 158.91 W, [N/A], 175.00 W, 86, 15607 MiB, 100 %, 5, 8
2026/09/21 01:10:08.401, 0, P0, 1785 MHz, 14001 MHz, 158.83 W, [N/A], 175.00 W, 86, 15607 MiB, 100 %, 5, 8
2026/09/21 01:10:08.653, 0, P0, 1785 MHz, 14001 MHz, 158.83 W, [N/A], 175.00 W, 86, 15607 MiB, 100 %, 5, 8
2026/09/21 01:10:08.906, 0, P0, 1785 MHz, 14001 MHz, 158.88 W, [N/A], 175.00 W, 86, 15607 MiB, 100 %, 5, 8
2026/09/21 01:10:09.158, 0, P0, 1785 MHz, 14001 MHz, 158.88 W, [N/A], 175.00 W, 86, 15607 MiB, 100 %, 5, 8
2026/09/21 01:10:09.410, 0, P0, 1792 MHz, 14001 MHz, 159.70 W, [N/A], 175.00 W, 86, 15607 MiB, 100 %, 5, 8
2026/09/21 01:10:09.662, 0, P0, 1792 MHz, 14001 MHz, 159.70 W, [N/A], 175.00 W, 86, 15607 MiB, 100 %, 5, 8
2026/09/21 01:10:09.915, 0, P0, 1792 MHz, 14001 MHz, 161.38 W, [N/A], 175.00 W, 86, 15607 MiB, 100 %, 5, 8
2026/09/21 01:10:10.167, 0, P0, 1792 MHz, 14001 MHz, 161.38 W, [N/A], 175.00 W, 86, 15607 MiB, 100 %, 5, 8
2026/09/21 01:10:10.419, 0, P0, 1792 MHz, 14001 MHz, 162.32 W, [N/A], 175.00 W, 86, 15607 MiB, 100 %, 5, 8
2026/09/21 01:10:10.671, 0, P0, 1792 MHz, 14001 MHz, 162.32 W, [N/A], 175.00 W, 86, 15607 MiB, 100 %, 5, 8
2026/09/21 01:10:10.924, 0, P0, 1792 MHz, 14001 MHz, 162.39 W, [N/A], 175.00 W, 86, 15607 MiB, 100 %, 5, 8
2026/09/21 01:10:11.176, 0, P0, 1792 MHz, 14001 MHz, 162.39 W, [N/A], 175.00 W, 86, 15607 MiB, 100 %, 5, 8
2026/09/21 01:10:11.428, 0, P0, 1792 MHz, 14001 MHz, 162.36 W, [N/A], 175.00 W, 86, 15607 MiB, 100 %, 5, 8
2026/09/21 01:10:11.681, 0, P0, 1792 MHz, 14001 MHz, 162.36 W, [N/A], 175.00 W, 86, 15607 MiB, 100 %, 5, 8
2026/09/21 01:10:11.933, 0, P0, 1792 MHz, 14001 MHz, 162.42 W, [N/A], 175.00 W, 86, 15607 MiB, 99 %, 5, 8
2026/09/21 01:10:12.185, 0, P0, 1792 MHz, 14001 MHz, 162.42 W, [N/A], 175.00 W, 86, 15607 MiB, 99 %, 5, 8
2026/09/21 01:10:12.437, 0, P0, 1792 MHz, 14001 MHz, 162.34 W, [N/A], 175.00 W, 86, 15607 MiB, 100 %, 5, 8
2026/09/21 01:10:12.689, 0, P0, 1792 MHz, 14001 MHz, 162.34 W, [N/A], 175.00 W, 86, 15607 MiB, 100 %, 5, 8
2026/09/21 01:10:12.941, 0, P0, 1792 MHz, 14001 MHz, 162.29 W, [N/A], 175.00 W, 86, 15607 MiB, 100 %, 5, 8
2026/09/21 01:10:13.194, 0, P0, 1792 MHz, 14001 MHz, 162.29 W, [N/A], 175.00 W, 86, 15607 MiB, 100 %, 5, 8
2026/09/21 01:10:13.454, 0, P0, 1792 MHz, 14001 MHz, 162.33 W, [N/A], 175.00 W, 86, 15607 MiB, 100 %, 5, 8
2026/09/21 01:10:13.707, 0, P0, 1792 MHz, 14001 MHz, 162.32 W, [N/A], 175.00 W, 86, 15607 MiB, 100 %, 5, 8
2026/09/21 01:10:13.959, 0, P0, 1792 MHz, 14001 MHz, 162.32 W, [N/A], 175.00 W, 86, 15607 MiB, 100 %, 5, 8
2026/09/21 01:10:14.211, 0, P0, 1792 MHz, 14001 MHz, 162.26 W, [N/A], 175.00 W, 86, 15607 MiB, 100 %, 5, 8
2026/09/21 01:10:14.464, 0, P0, 1792 MHz, 14001 MHz, 162.26 W, [N/A], 175.00 W, 86, 15607 MiB, 100 %, 5, 8
2026/09/21 01:10:14.716, 0, P0, 1792 MHz, 14001 MHz, 162.29 W, [N/A], 175.00 W, 86, 15607 MiB, 99 %, 5, 8
2026/09/21 01:10:14.968, 0, P0, 1792 MHz, 14001 MHz, 162.29 W, [N/A], 175.00 W, 86, 15607 MiB, 99 %, 5, 8
2026/09/21 01:10:15.220, 0, P0, 1792 MHz, 14001 MHz, 162.35 W, [N/A], 175.00 W, 86, 15607 MiB, 100 %, 5, 8
2026/09/21 01:10:15.473, 0, P0, 1792 MHz, 14001 MHz, 162.35 W, [N/A], 175.00 W, 86, 15607 MiB, 100 %, 5, 8
2026/09/21 01:10:15.725, 0, P0, 1792 MHz, 14001 MHz, 162.38 W, [N/A], 175.00 W, 86, 15607 MiB, 100 %, 5, 8
2026/09/21 01:10:15.977, 0, P0, 1792 MHz, 14001 MHz, 162.38 W, [N/A], 175.00 W, 86, 15607 MiB, 100 %, 5, 8
2026/09/21 01:10:16.229, 0, P0, 1792 MHz, 14001 MHz, 162.37 W, [N/A], 175.00 W, 86, 15607 MiB, 100 %, 5, 8
2026/09/21 01:10:16.481, 0, P0, 1792 MHz, 14001 MHz, 162.37 W, [N/A], 175.00 W, 86, 15607 MiB, 100 %, 5, 8
2026/09/21 01:10:16.733, 0, P0, 1792 MHz, 14001 MHz, 162.36 W, [N/A], 175.00 W, 86, 15607 MiB, 100 %, 5, 8
2026/09/21 01:10:16.985, 0, P0, 1792 MHz, 14001 MHz, 162.36 W, [N/A], 175.00 W, 86, 15607 MiB, 100 %, 5, 8
2026/09/21 01:10:17.238, 0, P0, 1792 MHz, 14001 MHz, 162.36 W, [N/A], 175.00 W, 86, 15607 MiB, 100 %, 5, 8
2026/09/21 01:10:17.490, 0, P0, 1792 MHz, 14001 MHz, 162.36 W, [N/A], 175.00 W, 86, 15607 MiB, 100 %, 5, 8
2026/09/21 01:10:17.742, 0, P0, 1792 MHz, 14001 MHz, 162.42 W, [N/A], 175.00 W, 86, 15607 MiB, 100 %, 5, 8
2026/09/21 01:10:17.995, 0, P0, 1792 MHz, 14001 MHz, 162.42 W, [N/A], 175.00 W, 86, 15607 MiB, 100 %, 5, 8
2026/09/21 01:10:18.247, 0, P0, 1792 MHz, 14001 MHz, 162.32 W, [N/A], 175.00 W, 86, 15607 MiB, 100 %, 5, 8
2026/09/21 01:10:18.499, 0, P0, 1792 MHz, 14001 MHz, 162.32 W, [N/A], 175.00 W, 86, 15607 MiB, 100 %, 5, 8
2026/09/21 01:10:18.764, 0, P0, 1792 MHz, 14001 MHz, 162.35 W, [N/A], 175.00 W, 86, 15607 MiB, 100 %, 5, 8
2026/09/21 01:10:19.016, 0, P0, 1792 MHz, 14001 MHz, 162.35 W, [N/A], 175.00 W, 86, 15607 MiB, 100 %, 5, 8
2026/09/21 01:10:19.268, 0, P0, 1792 MHz, 14001 MHz, 162.40 W, [N/A], 175.00 W, 86, 15607 MiB, 100 %, 5, 8
2026/09/21 01:10:19.520, 0, P0, 1792 MHz, 14001 MHz, 162.40 W, [N/A], 175.00 W, 86, 15607 MiB, 100 %, 5, 8
2026/09/21 01:10:19.773, 0, P0, 1792 MHz, 14001 MHz, 162.49 W, [N/A], 175.00 W, 86, 15607 MiB, 100 %, 5, 8
2026/09/21 01:10:20.025, 0, P0, 1792 MHz, 14001 MHz, 162.49 W, [N/A], 175.00 W, 86, 15607 MiB, 100 %, 5, 8
2026/09/21 01:10:20.277, 0, P0, 1792 MHz, 14001 MHz, 162.48 W, [N/A], 175.00 W, 86, 15607 MiB, 100 %, 5, 8
2026/09/21 01:10:20.529, 0, P0, 1792 MHz, 14001 MHz, 162.48 W, [N/A], 175.00 W, 86, 15607 MiB, 100 %, 5, 8
2026/09/21 01:10:20.782, 0, P0, 1792 MHz, 14001 MHz, 162.41 W, [N/A], 175.00 W, 86, 15607 MiB, 100 %, 5, 8
2026/09/21 01:10:21.034, 0, P0, 1792 MHz, 14001 MHz, 162.41 W, [N/A], 175.00 W, 86, 15607 MiB, 100 %, 5, 8
2026/09/21 01:10:21.286, 0, P0, 1792 MHz, 14001 MHz, 162.39 W, [N/A], 175.00 W, 86, 15607 MiB, 100 %, 5, 8
2026/09/21 01:10:21.538, 0, P0, 1792 MHz, 14001 MHz, 162.39 W, [N/A], 175.00 W, 86, 15607 MiB, 100 %, 5, 8
2026/09/21 01:10:21.791, 0, P0, 1792 MHz, 14001 MHz, 162.42 W, [N/A], 175.00 W, 86, 15607 MiB, 100 %, 5, 8
2026/09/21 01:10:22.043, 0, P0, 1792 MHz, 14001 MHz, 162.42 W, [N/A], 175.00 W, 86, 15607 MiB, 100 %, 5, 8
2026/09/21 01:10:22.295, 0, P0, 1792 MHz, 14001 MHz, 162.45 W, [N/A], 175.00 W, 86, 15607 MiB, 99 %, 5, 8
2026/09/21 01:10:22.547, 0, P0, 1792 MHz, 14001 MHz, 162.45 W, [N/A], 175.00 W, 86, 15607 MiB, 99 %, 5, 8
2026/09/21 01:10:22.800, 0, P0, 1792 MHz, 14001 MHz, 162.48 W, [N/A], 175.00 W, 86, 15607 MiB, 99 %, 5, 8
2026/09/21 01:10:23.052, 0, P0, 1792 MHz, 14001 MHz, 162.48 W, [N/A], 175.00 W, 86, 15607 MiB, 99 %, 5, 8
2026/09/21 01:10:23.305, 0, P0, 1792 MHz, 14001 MHz, 162.55 W, [N/A], 175.00 W, 86, 15607 MiB, 100 %, 5, 8
2026/09/21 01:10:23.557, 0, P0, 1792 MHz, 14001 MHz, 162.55 W, [N/A], 175.00 W, 86, 15607 MiB, 100 %, 5, 8
2026/09/21 01:10:23.809, 0, P0, 1792 MHz, 14001 MHz, 162.47 W, [N/A], 175.00 W, 86, 15607 MiB, 100 %, 5, 8
2026/09/21 01:10:24.069, 0, P0, 1792 MHz, 14001 MHz, 162.47 W, [N/A], 175.00 W, 86, 15607 MiB, 100 %, 5, 8
2026/09/21 01:10:24.321, 0, P0, 1792 MHz, 14001 MHz, 162.45 W, [N/A], 175.00 W, 86, 15607 MiB, 100 %, 5, 8
2026/09/21 01:10:24.573, 0, P0, 1792 MHz, 14001 MHz, 162.45 W, [N/A], 175.00 W, 86, 15607 MiB, 100 %, 5, 8
2026/09/21 01:10:24.826, 0, P0, 1792 MHz, 14001 MHz, 162.45 W, [N/A], 175.00 W, 86, 15607 MiB, 100 %, 5, 8
2026/09/21 01:10:25.078, 0, P0, 1792 MHz, 14001 MHz, 162.45 W, [N/A], 175.00 W, 86, 15607 MiB, 100 %, 5, 8
2026/09/21 01:10:25.330, 0, P0, 1792 MHz, 14001 MHz, 162.40 W, [N/A], 175.00 W, 86, 15607 MiB, 100 %, 5, 8
2026/09/21 01:10:25.583, 0, P0, 1792 MHz, 14001 MHz, 162.40 W, [N/A], 175.00 W, 86, 15607 MiB, 100 %, 5, 8
2026/09/21 01:10:25.835, 0, P0, 1792 MHz, 14001 MHz, 162.38 W, [N/A], 175.00 W, 86, 15607 MiB, 100 %, 5, 8
2026/09/21 01:10:26.087, 0, P0, 1792 MHz, 14001 MHz, 162.38 W, [N/A], 175.00 W, 86, 15607 MiB, 100 %, 5, 8
2026/09/21 01:10:26.339, 0, P0, 1792 MHz, 14001 MHz, 162.42 W, [N/A], 175.00 W, 86, 15607 MiB, 100 %, 5, 8
2026/09/21 01:10:26.592, 0, P0, 1792 MHz, 14001 MHz, 162.42 W, [N/A], 175.00 W, 86, 15607 MiB, 100 %, 5, 8
2026/09/21 01:10:26.844, 0, P0, 1792 MHz, 14001 MHz, 162.48 W, [N/A], 175.00 W, 86, 15607 MiB, 100 %, 5, 8
2026/09/21 01:10:27.096, 0, P0, 1792 MHz, 14001 MHz, 162.48 W, [N/A], 175.00 W, 86, 15607 MiB, 100 %, 5, 8
2026/09/21 01:10:27.349, 0, P0, 1792 MHz, 14001 MHz, 162.49 W, [N/A], 175.00 W, 86, 15607 MiB, 100 %, 5, 8
2026/09/21 01:10:27.601, 0, P0, 1792 MHz, 14001 MHz, 162.49 W, [N/A], 175.00 W, 86, 15607 MiB, 100 %, 5, 8
2026/09/21 01:10:27.853, 0, P0, 1792 MHz, 14001 MHz, 162.51 W, [N/A], 175.00 W, 86, 15607 MiB, 100 %, 5, 8
2026/09/21 01:10:28.105, 0, P0, 1792 MHz, 14001 MHz, 162.51 W, [N/A], 175.00 W, 86, 15607 MiB, 100 %, 5, 8
2026/09/21 01:10:28.358, 0, P0, 1792 MHz, 14001 MHz, 162.53 W, [N/A], 175.00 W, 86, 15607 MiB, 100 %, 5, 8
2026/09/21 01:10:28.610, 0, P0, 1792 MHz, 14001 MHz, 162.53 W, [N/A], 175.00 W, 86, 15607 MiB, 100 %, 5, 8
2026/09/21 01:10:28.863, 0, P0, 1792 MHz, 14001 MHz, 162.45 W, [N/A], 175.00 W, 86, 15607 MiB, 100 %, 5, 8
2026/09/21 01:10:29.115, 0, P0, 1792 MHz, 14001 MHz, 162.45 W, [N/A], 175.00 W, 86, 15607 MiB, 100 %, 5, 8
2026/09/21 01:10:29.377, 0, P0, 1792 MHz, 14001 MHz, 162.36 W, [N/A], 175.00 W, 86, 15607 MiB, 99 %, 5, 8
2026/09/21 01:10:29.629, 0, P0, 1792 MHz, 14001 MHz, 162.36 W, [N/A], 175.00 W, 86, 15607 MiB, 99 %, 5, 8
2026/09/21 01:10:29.881, 0, P0, 1792 MHz, 14001 MHz, 162.36 W, [N/A], 175.00 W, 86, 15607 MiB, 100 %, 5, 8
2026/09/21 01:10:30.133, 0, P0, 1792 MHz, 14001 MHz, 162.36 W, [N/A], 175.00 W, 86, 15607 MiB, 100 %, 5, 8
2026/09/21 01:10:30.385, 0, P0, 1792 MHz, 14001 MHz, 162.36 W, [N/A], 175.00 W, 86, 15607 MiB, 100 %, 5, 8
2026/09/21 01:10:30.637, 0, P0, 1792 MHz, 14001 MHz, 162.36 W, [N/A], 175.00 W, 86, 15607 MiB, 100 %, 5, 8
2026/09/21 01:10:30.890, 0, P0, 1792 MHz, 14001 MHz, 162.37 W, [N/A], 175.00 W, 86, 15607 MiB, 100 %, 5, 8
2026/09/21 01:10:31.142, 0, P0, 1792 MHz, 14001 MHz, 162.37 W, [N/A], 175.00 W, 86, 15607 MiB, 100 %, 5, 8
2026/09/21 01:10:31.395, 0, P0, 1792 MHz, 14001 MHz, 162.40 W, [N/A], 175.00 W, 86, 15607 MiB, 100 %, 5, 8
2026/09/21 01:10:31.647, 0, P0, 1792 MHz, 14001 MHz, 162.40 W, [N/A], 175.00 W, 86, 15607 MiB, 100 %, 5, 8
2026/09/21 01:10:31.899, 0, P0, 1792 MHz, 14001 MHz, 162.40 W, [N/A], 175.00 W, 86, 15607 MiB, 100 %, 5, 8
2026/09/21 01:10:32.152, 0, P0, 1792 MHz, 14001 MHz, 162.40 W, [N/A], 175.00 W, 86, 15607 MiB, 100 %, 5, 8
2026/09/21 01:10:32.404, 0, P0, 1792 MHz, 14001 MHz, 162.30 W, [N/A], 175.00 W, 86, 15607 MiB, 100 %, 5, 8
2026/09/21 01:10:32.656, 0, P0, 1792 MHz, 14001 MHz, 162.30 W, [N/A], 175.00 W, 86, 15607 MiB, 100 %, 5, 8
2026/09/21 01:10:32.908, 0, P0, 1792 MHz, 14001 MHz, 162.17 W, [N/A], 175.00 W, 86, 15607 MiB, 100 %, 5, 8
2026/09/21 01:10:33.168, 0, P0, 1792 MHz, 14001 MHz, 162.17 W, [N/A], 175.00 W, 86, 15607 MiB, 100 %, 5, 8
2026/09/21 01:10:33.420, 0, P0, 1792 MHz, 14001 MHz, 162.17 W, [N/A], 175.00 W, 86, 15607 MiB, 100 %, 5, 8
2026/09/21 01:10:33.682, 0, P0, 1792 MHz, 14001 MHz, 162.17 W, [N/A], 175.00 W, 86, 15607 MiB, 100 %, 5, 8
2026/09/21 01:10:33.935, 0, P0, 1792 MHz, 14001 MHz, 162.19 W, [N/A], 175.00 W, 86, 15607 MiB, 100 %, 5, 8
2026/09/21 01:10:34.186, 0, P0, 1792 MHz, 14001 MHz, 162.19 W, [N/A], 175.00 W, 86, 15607 MiB, 100 %, 5, 8
2026/09/21 01:10:34.439, 0, P0, 1792 MHz, 14001 MHz, 162.24 W, [N/A], 175.00 W, 86, 15607 MiB, 100 %, 5, 8
2026/09/21 01:10:34.691, 0, P0, 1792 MHz, 14001 MHz, 162.24 W, [N/A], 175.00 W, 86, 15607 MiB, 100 %, 5, 8
2026/09/21 01:10:34.943, 0, P0, 1792 MHz, 14001 MHz, 162.23 W, [N/A], 175.00 W, 86, 15607 MiB, 99 %, 5, 8
2026/09/21 01:10:35.195, 0, P0, 1792 MHz, 14001 MHz, 162.23 W, [N/A], 175.00 W, 86, 15607 MiB, 99 %, 5, 8
2026/09/21 01:10:35.448, 0, P0, 1792 MHz, 14001 MHz, 162.20 W, [N/A], 175.00 W, 86, 15607 MiB, 100 %, 5, 8
2026/09/21 01:10:35.700, 0, P0, 1792 MHz, 14001 MHz, 162.20 W, [N/A], 175.00 W, 86, 15607 MiB, 100 %, 5, 8
2026/09/21 01:10:35.952, 0, P0, 1792 MHz, 14001 MHz, 162.22 W, [N/A], 175.00 W, 86, 15607 MiB, 100 %, 5, 8
2026/09/21 01:10:36.204, 0, P0, 1792 MHz, 14001 MHz, 162.22 W, [N/A], 175.00 W, 86, 15607 MiB, 100 %, 5, 8
2026/09/21 01:10:36.457, 0, P0, 1792 MHz, 14001 MHz, 162.07 W, [N/A], 175.00 W, 87, 15607 MiB, 100 %, 5, 8
2026/09/21 01:10:36.709, 0, P0, 1792 MHz, 14001 MHz, 162.07 W, [N/A], 175.00 W, 87, 15607 MiB, 100 %, 5, 8
2026/09/21 01:10:36.961, 0, P0, 1792 MHz, 14001 MHz, 161.84 W, [N/A], 175.00 W, 87, 15607 MiB, 100 %, 5, 8
2026/09/21 01:10:37.213, 0, P0, 1792 MHz, 14001 MHz, 161.84 W, [N/A], 175.00 W, 87, 15607 MiB, 100 %, 5, 8
2026/09/21 01:10:37.465, 0, P0, 1792 MHz, 14001 MHz, 161.89 W, [N/A], 175.00 W, 87, 15607 MiB, 100 %, 5, 8
2026/09/21 01:10:37.718, 0, P0, 1792 MHz, 14001 MHz, 161.89 W, [N/A], 175.00 W, 87, 15607 MiB, 100 %, 5, 8
2026/09/21 01:10:37.970, 0, P0, 1792 MHz, 14001 MHz, 162.02 W, [N/A], 175.00 W, 87, 15607 MiB, 100 %, 5, 8
2026/09/21 01:10:38.222, 0, P0, 1792 MHz, 14001 MHz, 162.02 W, [N/A], 175.00 W, 87, 15607 MiB, 100 %, 5, 8
2026/09/21 01:10:38.474, 0, P0, 1792 MHz, 14001 MHz, 162.03 W, [N/A], 175.00 W, 87, 15607 MiB, 100 %, 5, 8
2026/09/21 01:10:38.727, 0, P0, 1792 MHz, 14001 MHz, 162.03 W, [N/A], 175.00 W, 87, 15607 MiB, 100 %, 5, 8
2026/09/21 01:10:38.988, 0, P0, 1792 MHz, 14001 MHz, 162.06 W, [N/A], 175.00 W, 87, 15607 MiB, 100 %, 5, 8
2026/09/21 01:10:39.240, 0, P0, 1792 MHz, 14001 MHz, 162.24 W, [N/A], 175.00 W, 87, 15607 MiB, 100 %, 5, 8
2026/09/21 01:10:39.492, 0, P0, 1792 MHz, 14001 MHz, 162.24 W, [N/A], 175.00 W, 87, 15607 MiB, 100 %, 5, 8
2026/09/21 01:10:39.744, 0, P0, 1792 MHz, 14001 MHz, 162.34 W, [N/A], 175.00 W, 87, 15607 MiB, 100 %, 5, 8
2026/09/21 01:10:39.997, 0, P0, 1792 MHz, 14001 MHz, 162.34 W, [N/A], 175.00 W, 87, 15607 MiB, 100 %, 5, 8
2026/09/21 01:10:40.250, 0, P0, 1792 MHz, 14001 MHz, 162.36 W, [N/A], 175.00 W, 87, 15607 MiB, 100 %, 5, 8
2026/09/21 01:10:40.502, 0, P0, 1792 MHz, 14001 MHz, 162.36 W, [N/A], 175.00 W, 87, 15607 MiB, 100 %, 5, 8
2026/09/21 01:10:40.754, 0, P0, 1792 MHz, 14001 MHz, 162.29 W, [N/A], 175.00 W, 87, 15607 MiB, 100 %, 5, 8
2026/09/21 01:10:41.006, 0, P0, 1792 MHz, 14001 MHz, 162.29 W, [N/A], 175.00 W, 87, 15607 MiB, 100 %, 5, 8
2026/09/21 01:10:41.259, 0, P0, 1792 MHz, 14001 MHz, 162.31 W, [N/A], 175.00 W, 87, 15607 MiB, 100 %, 5, 8
2026/09/21 01:10:41.511, 0, P0, 1792 MHz, 14001 MHz, 162.31 W, [N/A], 175.00 W, 87, 15607 MiB, 100 %, 5, 8
2026/09/21 01:10:41.763, 0, P0, 1792 MHz, 14001 MHz, 162.35 W, [N/A], 175.00 W, 87, 15607 MiB, 100 %, 5, 8
2026/09/21 01:10:42.015, 0, P0, 1792 MHz, 14001 MHz, 162.35 W, [N/A], 175.00 W, 87, 15607 MiB, 100 %, 5, 8
2026/09/21 01:10:42.268, 0, P0, 1792 MHz, 14001 MHz, 162.22 W, [N/A], 175.00 W, 86, 15607 MiB, 100 %, 5, 8
2026/09/21 01:10:42.520, 0, P0, 1792 MHz, 14001 MHz, 162.22 W, [N/A], 175.00 W, 86, 15607 MiB, 100 %, 5, 8
2026/09/21 01:10:42.772, 0, P0, 1792 MHz, 14001 MHz, 162.20 W, [N/A], 175.00 W, 86, 15607 MiB, 100 %, 5, 8
2026/09/21 01:10:43.025, 0, P0, 1792 MHz, 14001 MHz, 162.20 W, [N/A], 175.00 W, 86, 15607 MiB, 100 %, 5, 8
2026/09/21 01:10:43.277, 0, P0, 1792 MHz, 14001 MHz, 162.21 W, [N/A], 175.00 W, 86, 15607 MiB, 100 %, 5, 8
2026/09/21 01:10:43.529, 0, P0, 1792 MHz, 14001 MHz, 162.21 W, [N/A], 175.00 W, 86, 15607 MiB, 100 %, 5, 8
2026/09/21 01:10:43.782, 0, P0, 1792 MHz, 14001 MHz, 162.09 W, [N/A], 175.00 W, 86, 15607 MiB, 100 %, 5, 8
2026/09/21 01:10:44.034, 0, P0, 1792 MHz, 14001 MHz, 162.09 W, [N/A], 175.00 W, 86, 15607 MiB, 100 %, 5, 8
2026/09/21 01:10:44.295, 0, P0, 1792 MHz, 14001 MHz, 162.07 W, [N/A], 175.00 W, 86, 15607 MiB, 100 %, 5, 8
2026/09/21 01:10:44.547, 0, P0, 1792 MHz, 14001 MHz, 162.07 W, [N/A], 175.00 W, 86, 15607 MiB, 100 %, 5, 8
2026/09/21 01:10:44.799, 0, P0, 1792 MHz, 14001 MHz, 162.18 W, [N/A], 175.00 W, 86, 15607 MiB, 100 %, 5, 8
2026/09/21 01:10:45.051, 0, P0, 1792 MHz, 14001 MHz, 162.18 W, [N/A], 175.00 W, 86, 15607 MiB, 100 %, 5, 8
2026/09/21 01:10:45.304, 0, P0, 1792 MHz, 14001 MHz, 162.30 W, [N/A], 175.00 W, 86, 15607 MiB, 100 %, 5, 8
2026/09/21 01:10:45.556, 0, P0, 1792 MHz, 14001 MHz, 162.30 W, [N/A], 175.00 W, 86, 15607 MiB, 100 %, 5, 8
2026/09/21 01:10:45.808, 0, P0, 1792 MHz, 14001 MHz, 162.36 W, [N/A], 175.00 W, 86, 15607 MiB, 99 %, 5, 8
2026/09/21 01:10:46.061, 0, P0, 1792 MHz, 14001 MHz, 162.36 W, [N/A], 175.00 W, 86, 15607 MiB, 99 %, 5, 8
2026/09/21 01:10:46.313, 0, P0, 1792 MHz, 14001 MHz, 162.29 W, [N/A], 175.00 W, 86, 15607 MiB, 100 %, 5, 8
2026/09/21 01:10:46.565, 0, P0, 1792 MHz, 14001 MHz, 162.29 W, [N/A], 175.00 W, 86, 15607 MiB, 100 %, 5, 8
2026/09/21 01:10:46.817, 0, P0, 1792 MHz, 14001 MHz, 162.16 W, [N/A], 175.00 W, 86, 15607 MiB, 100 %, 5, 8
2026/09/21 01:10:47.069, 0, P0, 1792 MHz, 14001 MHz, 162.16 W, [N/A], 175.00 W, 86, 15607 MiB, 100 %, 5, 8
2026/09/21 01:10:47.322, 0, P0, 1792 MHz, 14001 MHz, 162.13 W, [N/A], 175.00 W, 86, 15607 MiB, 100 %, 5, 8
2026/09/21 01:10:47.574, 0, P0, 1792 MHz, 14001 MHz, 162.13 W, [N/A], 175.00 W, 86, 15607 MiB, 100 %, 5, 8
2026/09/21 01:10:47.826, 0, P0, 1792 MHz, 14001 MHz, 162.19 W, [N/A], 175.00 W, 86, 15607 MiB, 100 %, 5, 8
2026/09/21 01:10:48.079, 0, P0, 1792 MHz, 14001 MHz, 162.19 W, [N/A], 175.00 W, 86, 15607 MiB, 100 %, 5, 8
2026/09/21 01:10:48.331, 0, P0, 1792 MHz, 14001 MHz, 162.17 W, [N/A], 175.00 W, 86, 15607 MiB, 100 %, 5, 8
2026/09/21 01:10:48.583, 0, P0, 1792 MHz, 14001 MHz, 162.17 W, [N/A], 175.00 W, 86, 15607 MiB, 100 %, 5, 8
2026/09/21 01:10:48.835, 0, P0, 1792 MHz, 14001 MHz, 162.17 W, [N/A], 175.00 W, 86, 15607 MiB, 100 %, 5, 8
2026/09/21 01:10:49.087, 0, P0, 1792 MHz, 14001 MHz, 162.17 W, [N/A], 175.00 W, 86, 15607 MiB, 100 %, 5, 8
2026/09/21 01:10:49.340, 0, P0, 1792 MHz, 14001 MHz, 162.17 W, [N/A], 175.00 W, 86, 15607 MiB, 100 %, 5, 8
2026/09/21 01:10:49.605, 0, P0, 1792 MHz, 14001 MHz, 162.17 W, [N/A], 175.00 W, 86, 15607 MiB, 100 %, 5, 8
2026/09/21 01:10:49.857, 0, P0, 1792 MHz, 14001 MHz, 162.07 W, [N/A], 175.00 W, 86, 15607 MiB, 100 %, 5, 8
2026/09/21 01:10:50.109, 0, P0, 1792 MHz, 14001 MHz, 162.07 W, [N/A], 175.00 W, 86, 15607 MiB, 100 %, 5, 8
2026/09/21 01:10:50.362, 0, P0, 1792 MHz, 14001 MHz, 162.06 W, [N/A], 175.00 W, 86, 15607 MiB, 100 %, 5, 8
2026/09/21 01:10:50.614, 0, P0, 1792 MHz, 14001 MHz, 162.06 W, [N/A], 175.00 W, 86, 15607 MiB, 100 %, 5, 8
2026/09/21 01:10:50.866, 0, P0, 1792 MHz, 14001 MHz, 162.11 W, [N/A], 175.00 W, 86, 15607 MiB, 100 %, 5, 8
2026/09/21 01:10:51.119, 0, P0, 1792 MHz, 14001 MHz, 162.11 W, [N/A], 175.00 W, 86, 15607 MiB, 100 %, 5, 8
2026/09/21 01:10:51.371, 0, P0, 1792 MHz, 14001 MHz, 162.16 W, [N/A], 175.00 W, 86, 15607 MiB, 100 %, 5, 8
2026/09/21 01:10:51.623, 0, P0, 1792 MHz, 14001 MHz, 162.16 W, [N/A], 175.00 W, 86, 15607 MiB, 100 %, 5, 8
2026/09/21 01:10:51.875, 0, P0, 1792 MHz, 14001 MHz, 162.17 W, [N/A], 175.00 W, 86, 15607 MiB, 100 %, 5, 8
2026/09/21 01:10:52.127, 0, P0, 1792 MHz, 14001 MHz, 162.17 W, [N/A], 175.00 W, 86, 15607 MiB, 100 %, 5, 8
2026/09/21 01:10:52.379, 0, P0, 1792 MHz, 14001 MHz, 162.15 W, [N/A], 175.00 W, 86, 15607 MiB, 100 %, 5, 8
2026/09/21 01:10:52.632, 0, P0, 1792 MHz, 14001 MHz, 162.15 W, [N/A], 175.00 W, 86, 15607 MiB, 100 %, 5, 8
2026/09/21 01:10:52.884, 0, P0, 1792 MHz, 14001 MHz, 162.12 W, [N/A], 175.00 W, 86, 15607 MiB, 100 %, 5, 8
2026/09/21 01:10:53.136, 0, P0, 1792 MHz, 14001 MHz, 162.12 W, [N/A], 175.00 W, 86, 15607 MiB, 100 %, 5, 8
2026/09/21 01:10:53.388, 0, P0, 1792 MHz, 14001 MHz, 162.04 W, [N/A], 175.00 W, 86, 15607 MiB, 100 %, 5, 8
2026/09/21 01:10:53.641, 0, P0, 1792 MHz, 14001 MHz, 162.04 W, [N/A], 175.00 W, 86, 15607 MiB, 100 %, 5, 8
2026/09/21 01:10:53.893, 0, P0, 1792 MHz, 14001 MHz, 162.03 W, [N/A], 175.00 W, 86, 15607 MiB, 100 %, 5, 8
2026/09/21 01:10:54.145, 0, P0, 1792 MHz, 14001 MHz, 162.03 W, [N/A], 175.00 W, 86, 15607 MiB, 100 %, 5, 8
2026/09/21 01:10:54.406, 0, P0, 1792 MHz, 14001 MHz, 162.41 W, [N/A], 175.00 W, 86, 15607 MiB, 100 %, 5, 8
2026/09/21 01:10:54.658, 0, P0, 1792 MHz, 14001 MHz, 162.41 W, [N/A], 175.00 W, 86, 15607 MiB, 100 %, 5, 8
2026/09/21 01:10:54.910, 0, P0, 1792 MHz, 14001 MHz, 162.96 W, [N/A], 175.00 W, 86, 15607 MiB, 100 %, 5, 8
2026/09/21 01:10:55.163, 0, P0, 1792 MHz, 14001 MHz, 162.96 W, [N/A], 175.00 W, 86, 15607 MiB, 100 %, 5, 8
2026/09/21 01:10:55.415, 0, P0, 1792 MHz, 14001 MHz, 163.23 W, [N/A], 175.00 W, 86, 15607 MiB, 100 %, 5, 8
2026/09/21 01:10:55.667, 0, P0, 1792 MHz, 14001 MHz, 163.23 W, [N/A], 175.00 W, 86, 15607 MiB, 100 %, 5, 8
2026/09/21 01:10:55.920, 0, P0, 1792 MHz, 14001 MHz, 163.20 W, [N/A], 175.00 W, 86, 15607 MiB, 100 %, 5, 8
2026/09/21 01:10:56.172, 0, P0, 1792 MHz, 14001 MHz, 163.20 W, [N/A], 175.00 W, 86, 15607 MiB, 100 %, 5, 8
2026/09/21 01:10:56.424, 0, P0, 1792 MHz, 14001 MHz, 163.23 W, [N/A], 175.00 W, 86, 15607 MiB, 100 %, 5, 8
2026/09/21 01:10:56.676, 0, P0, 1792 MHz, 14001 MHz, 163.23 W, [N/A], 175.00 W, 86, 15607 MiB, 100 %, 5, 8
2026/09/21 01:10:56.928, 0, P0, 1792 MHz, 14001 MHz, 163.91 W, [N/A], 175.00 W, 86, 15607 MiB, 100 %, 5, 8
2026/09/21 01:10:57.180, 0, P0, 1792 MHz, 14001 MHz, 163.91 W, [N/A], 175.00 W, 86, 15607 MiB, 100 %, 5, 8
2026/09/21 01:10:57.432, 0, P0, 1815 MHz, 14001 MHz, 166.16 W, [N/A], 175.00 W, 86, 15607 MiB, 100 %, 5, 8
2026/09/21 01:10:57.685, 0, P0, 1815 MHz, 14001 MHz, 166.16 W, [N/A], 175.00 W, 86, 15607 MiB, 100 %, 5, 8
2026/09/21 01:10:57.937, 0, P0, 1815 MHz, 14001 MHz, 167.73 W, [N/A], 175.00 W, 86, 15607 MiB, 100 %, 5, 8
2026/09/21 01:10:58.189, 0, P0, 1815 MHz, 14001 MHz, 167.73 W, [N/A], 175.00 W, 86, 15607 MiB, 100 %, 5, 8
2026/09/21 01:10:58.441, 0, P0, 1815 MHz, 14001 MHz, 167.63 W, [N/A], 175.00 W, 86, 15607 MiB, 100 %, 5, 8
2026/09/21 01:10:58.694, 0, P0, 1815 MHz, 14001 MHz, 167.63 W, [N/A], 175.00 W, 86, 15607 MiB, 100 %, 5, 8
2026/09/21 01:10:58.946, 0, P0, 1815 MHz, 14001 MHz, 167.59 W, [N/A], 175.00 W, 86, 15607 MiB, 100 %, 5, 8
2026/09/21 01:10:59.198, 0, P0, 1815 MHz, 14001 MHz, 167.59 W, [N/A], 175.00 W, 86, 15607 MiB, 100 %, 5, 8
2026/09/21 01:10:59.450, 0, P0, 1815 MHz, 14001 MHz, 167.52 W, [N/A], 175.00 W, 86, 15607 MiB, 100 %, 5, 8
2026/09/21 01:10:59.702, 0, P0, 1815 MHz, 14001 MHz, 167.52 W, [N/A], 175.00 W, 86, 15607 MiB, 100 %, 5, 8
2026/09/21 01:10:59.955, 0, P0, 1807 MHz, 14001 MHz, 167.37 W, [N/A], 175.00 W, 86, 15607 MiB, 100 %, 5, 8
2026/09/21 01:11:00.215, 0, P0, 1807 MHz, 14001 MHz, 167.37 W, [N/A], 175.00 W, 86, 15607 MiB, 100 %, 5, 8
2026/09/21 01:11:00.467, 0, P0, 1815 MHz, 14001 MHz, 167.37 W, [N/A], 175.00 W, 86, 15607 MiB, 100 %, 5, 8
2026/09/21 01:11:00.719, 0, P0, 1815 MHz, 14001 MHz, 167.37 W, [N/A], 175.00 W, 86, 15607 MiB, 100 %, 5, 8
2026/09/21 01:11:00.972, 0, P0, 1815 MHz, 14001 MHz, 167.45 W, [N/A], 175.00 W, 86, 15607 MiB, 100 %, 5, 8
2026/09/21 01:11:01.224, 0, P0, 1815 MHz, 14001 MHz, 167.45 W, [N/A], 175.00 W, 86, 15607 MiB, 100 %, 5, 8
2026/09/21 01:11:01.476, 0, P0, 1815 MHz, 14001 MHz, 167.46 W, [N/A], 175.00 W, 86, 15607 MiB, 100 %, 5, 8
2026/09/21 01:11:01.728, 0, P0, 1815 MHz, 14001 MHz, 167.46 W, [N/A], 175.00 W, 86, 15607 MiB, 100 %, 5, 8
2026/09/21 01:11:01.981, 0, P0, 1815 MHz, 14001 MHz, 167.54 W, [N/A], 175.00 W, 86, 15607 MiB, 100 %, 5, 8
2026/09/21 01:11:02.233, 0, P0, 1815 MHz, 14001 MHz, 167.54 W, [N/A], 175.00 W, 86, 15607 MiB, 100 %, 5, 8
2026/09/21 01:11:02.485, 0, P0, 1815 MHz, 14001 MHz, 167.43 W, [N/A], 175.00 W, 86, 15607 MiB, 100 %, 5, 8
2026/09/21 01:11:02.737, 0, P0, 1815 MHz, 14001 MHz, 167.43 W, [N/A], 175.00 W, 86, 15607 MiB, 100 %, 5, 8
2026/09/21 01:11:02.989, 0, P0, 1815 MHz, 14001 MHz, 167.43 W, [N/A], 175.00 W, 86, 15607 MiB, 100 %, 5, 8
2026/09/21 01:11:03.241, 0, P0, 1815 MHz, 14001 MHz, 167.43 W, [N/A], 175.00 W, 86, 15607 MiB, 100 %, 5, 8
2026/09/21 01:11:03.494, 0, P0, 1815 MHz, 14001 MHz, 167.46 W, [N/A], 175.00 W, 86, 15607 MiB, 100 %, 5, 8
2026/09/21 01:11:03.746, 0, P0, 1815 MHz, 14001 MHz, 167.46 W, [N/A], 175.00 W, 86, 15607 MiB, 100 %, 5, 8
2026/09/21 01:11:03.998, 0, P0, 1815 MHz, 14001 MHz, 167.42 W, [N/A], 175.00 W, 86, 15607 MiB, 100 %, 5, 8
2026/09/21 01:11:04.250, 0, P0, 1815 MHz, 14001 MHz, 167.42 W, [N/A], 175.00 W, 86, 15607 MiB, 100 %, 5, 8
2026/09/21 01:11:04.502, 0, P0, 1815 MHz, 14001 MHz, 167.38 W, [N/A], 175.00 W, 86, 15607 MiB, 100 %, 5, 8
2026/09/21 01:11:04.755, 0, P0, 1815 MHz, 14001 MHz, 167.38 W, [N/A], 175.00 W, 86, 15607 MiB, 100 %, 5, 8
2026/09/21 01:11:05.007, 0, P0, 1815 MHz, 14001 MHz, 167.38 W, [N/A], 175.00 W, 86, 15607 MiB, 100 %, 5, 8
2026/09/21 01:11:05.259, 0, P0, 1815 MHz, 14001 MHz, 167.38 W, [N/A], 175.00 W, 86, 15607 MiB, 100 %, 5, 8
2026/09/21 01:11:05.521, 0, P0, 1815 MHz, 14001 MHz, 167.41 W, [N/A], 175.00 W, 86, 15607 MiB, 99 %, 5, 8
2026/09/21 01:11:05.773, 0, P0, 1815 MHz, 14001 MHz, 167.39 W, [N/A], 175.00 W, 86, 15607 MiB, 100 %, 5, 8
2026/09/21 01:11:06.026, 0, P0, 1815 MHz, 14001 MHz, 167.39 W, [N/A], 175.00 W, 86, 15607 MiB, 100 %, 5, 8
2026/09/21 01:11:06.278, 0, P0, 1815 MHz, 14001 MHz, 167.45 W, [N/A], 175.00 W, 86, 15607 MiB, 100 %, 5, 8
2026/09/21 01:11:06.530, 0, P0, 1815 MHz, 14001 MHz, 167.45 W, [N/A], 175.00 W, 86, 15607 MiB, 100 %, 5, 8
2026/09/21 01:11:06.783, 0, P0, 1815 MHz, 14001 MHz, 167.60 W, [N/A], 175.00 W, 86, 15607 MiB, 100 %, 5, 8
2026/09/21 01:11:07.035, 0, P0, 1815 MHz, 14001 MHz, 167.60 W, [N/A], 175.00 W, 86, 15607 MiB, 100 %, 5, 8
2026/09/21 01:11:07.287, 0, P0, 1815 MHz, 14001 MHz, 167.63 W, [N/A], 175.00 W, 86, 15607 MiB, 100 %, 5, 8
2026/09/21 01:11:07.539, 0, P0, 1815 MHz, 14001 MHz, 167.63 W, [N/A], 175.00 W, 86, 15607 MiB, 100 %, 5, 8
2026/09/21 01:11:07.791, 0, P0, 1815 MHz, 14001 MHz, 167.54 W, [N/A], 175.00 W, 86, 15607 MiB, 100 %, 5, 8
2026/09/21 01:11:08.043, 0, P0, 1815 MHz, 14001 MHz, 167.54 W, [N/A], 175.00 W, 86, 15607 MiB, 100 %, 5, 8
2026/09/21 01:11:08.295, 0, P0, 1815 MHz, 14001 MHz, 167.37 W, [N/A], 175.00 W, 86, 15607 MiB, 100 %, 5, 8
2026/09/21 01:11:08.547, 0, P0, 1815 MHz, 14001 MHz, 167.37 W, [N/A], 175.00 W, 86, 15607 MiB, 100 %, 5, 8
2026/09/21 01:11:08.800, 0, P0, 1815 MHz, 14001 MHz, 167.44 W, [N/A], 175.00 W, 86, 15607 MiB, 100 %, 5, 8
2026/09/21 01:11:09.052, 0, P0, 1815 MHz, 14001 MHz, 167.44 W, [N/A], 175.00 W, 86, 15607 MiB, 100 %, 5, 8
2026/09/21 01:11:09.304, 0, P0, 1815 MHz, 14001 MHz, 167.56 W, [N/A], 175.00 W, 86, 15607 MiB, 100 %, 5, 8
2026/09/21 01:11:09.556, 0, P0, 1815 MHz, 14001 MHz, 167.56 W, [N/A], 175.00 W, 86, 15607 MiB, 100 %, 5, 8
2026/09/21 01:11:09.809, 0, P0, 1815 MHz, 14001 MHz, 167.46 W, [N/A], 175.00 W, 86, 15607 MiB, 100 %, 5, 8
2026/09/21 01:11:10.061, 0, P0, 1815 MHz, 14001 MHz, 167.46 W, [N/A], 175.00 W, 86, 15607 MiB, 100 %, 5, 8
2026/09/21 01:11:10.313, 0, P0, 1815 MHz, 14001 MHz, 167.43 W, [N/A], 175.00 W, 86, 15607 MiB, 100 %, 5, 8
2026/09/21 01:11:10.565, 0, P0, 1815 MHz, 14001 MHz, 167.43 W, [N/A], 175.00 W, 86, 15607 MiB, 100 %, 5, 8
2026/09/21 01:11:10.826, 0, P0, 1815 MHz, 14001 MHz, 167.55 W, [N/A], 175.00 W, 86, 15607 MiB, 100 %, 5, 8
2026/09/21 01:11:11.079, 0, P0, 1815 MHz, 14001 MHz, 167.55 W, [N/A], 175.00 W, 86, 15607 MiB, 100 %, 5, 8
2026/09/21 01:11:11.331, 0, P0, 1815 MHz, 14001 MHz, 167.47 W, [N/A], 175.00 W, 86, 15607 MiB, 99 %, 5, 8
2026/09/21 01:11:11.583, 0, P0, 1815 MHz, 14001 MHz, 167.47 W, [N/A], 175.00 W, 86, 15607 MiB, 99 %, 5, 8
2026/09/21 01:11:11.835, 0, P0, 1815 MHz, 14001 MHz, 167.41 W, [N/A], 175.00 W, 87, 15607 MiB, 100 %, 5, 8
2026/09/21 01:11:12.087, 0, P0, 1815 MHz, 14001 MHz, 167.41 W, [N/A], 175.00 W, 87, 15607 MiB, 100 %, 5, 8
2026/09/21 01:11:12.339, 0, P0, 1815 MHz, 14001 MHz, 167.54 W, [N/A], 175.00 W, 86, 15607 MiB, 100 %, 5, 8
2026/09/21 01:11:12.591, 0, P0, 1815 MHz, 14001 MHz, 167.54 W, [N/A], 175.00 W, 86, 15607 MiB, 100 %, 5, 8
2026/09/21 01:11:12.844, 0, P0, 1815 MHz, 14001 MHz, 167.62 W, [N/A], 175.00 W, 86, 15607 MiB, 100 %, 5, 8
2026/09/21 01:11:13.096, 0, P0, 1815 MHz, 14001 MHz, 167.62 W, [N/A], 175.00 W, 86, 15607 MiB, 100 %, 5, 8
2026/09/21 01:11:13.348, 0, P0, 1815 MHz, 14001 MHz, 167.48 W, [N/A], 175.00 W, 86, 15607 MiB, 100 %, 5, 8
2026/09/21 01:11:13.600, 0, P0, 1815 MHz, 14001 MHz, 167.48 W, [N/A], 175.00 W, 86, 15607 MiB, 100 %, 5, 8
2026/09/21 01:11:13.852, 0, P0, 1815 MHz, 14001 MHz, 167.54 W, [N/A], 175.00 W, 86, 15607 MiB, 99 %, 5, 8
2026/09/21 01:11:14.104, 0, P0, 1815 MHz, 14001 MHz, 167.54 W, [N/A], 175.00 W, 86, 15607 MiB, 99 %, 5, 8
2026/09/21 01:11:14.356, 0, P0, 1815 MHz, 14001 MHz, 167.72 W, [N/A], 175.00 W, 86, 15607 MiB, 100 %, 5, 8
2026/09/21 01:11:14.609, 0, P0, 1815 MHz, 14001 MHz, 167.72 W, [N/A], 175.00 W, 86, 15607 MiB, 100 %, 5, 8
2026/09/21 01:11:14.861, 0, P0, 1807 MHz, 14001 MHz, 167.62 W, [N/A], 175.00 W, 86, 15607 MiB, 99 %, 5, 8
2026/09/21 01:11:15.113, 0, P0, 1807 MHz, 14001 MHz, 167.62 W, [N/A], 175.00 W, 86, 15607 MiB, 99 %, 5, 8
2026/09/21 01:11:15.366, 0, P0, 1815 MHz, 14001 MHz, 167.43 W, [N/A], 175.00 W, 86, 15607 MiB, 100 %, 5, 8
2026/09/21 01:11:15.618, 0, P0, 1815 MHz, 14001 MHz, 167.43 W, [N/A], 175.00 W, 86, 15607 MiB, 100 %, 5, 8
2026/09/21 01:11:15.870, 0, P0, 1815 MHz, 14001 MHz, 167.60 W, [N/A], 175.00 W, 86, 15607 MiB, 99 %, 5, 8
2026/09/21 01:11:16.131, 0, P0, 1815 MHz, 14001 MHz, 167.60 W, [N/A], 175.00 W, 86, 15607 MiB, 99 %, 5, 8
2026/09/21 01:11:16.383, 0, P0, 1815 MHz, 14001 MHz, 167.72 W, [N/A], 175.00 W, 86, 15607 MiB, 100 %, 5, 8
2026/09/21 01:11:16.635, 0, P0, 1815 MHz, 14001 MHz, 167.72 W, [N/A], 175.00 W, 86, 15607 MiB, 100 %, 5, 8
2026/09/21 01:11:16.888, 0, P0, 1815 MHz, 14001 MHz, 167.74 W, [N/A], 175.00 W, 86, 15607 MiB, 100 %, 5, 8
2026/09/21 01:11:17.140, 0, P0, 1815 MHz, 14001 MHz, 167.74 W, [N/A], 175.00 W, 86, 15607 MiB, 100 %, 5, 8
2026/09/21 01:11:17.392, 0, P0, 1815 MHz, 14001 MHz, 167.70 W, [N/A], 175.00 W, 86, 15607 MiB, 100 %, 5, 8
2026/09/21 01:11:17.644, 0, P0, 1815 MHz, 14001 MHz, 167.70 W, [N/A], 175.00 W, 86, 15607 MiB, 100 %, 5, 8
2026/09/21 01:11:17.896, 0, P0, 1815 MHz, 14001 MHz, 167.69 W, [N/A], 175.00 W, 86, 15607 MiB, 100 %, 5, 8
2026/09/21 01:11:18.148, 0, P0, 1815 MHz, 14001 MHz, 167.69 W, [N/A], 175.00 W, 86, 15607 MiB, 100 %, 5, 8
2026/09/21 01:11:18.400, 0, P0, 1815 MHz, 14001 MHz, 167.71 W, [N/A], 175.00 W, 86, 15607 MiB, 100 %, 5, 8
2026/09/21 01:11:18.652, 0, P0, 1815 MHz, 14001 MHz, 167.71 W, [N/A], 175.00 W, 86, 15607 MiB, 100 %, 5, 8
2026/09/21 01:11:18.904, 0, P0, 1815 MHz, 14001 MHz, 167.69 W, [N/A], 175.00 W, 86, 15607 MiB, 100 %, 5, 8
2026/09/21 01:11:19.156, 0, P0, 1815 MHz, 14001 MHz, 167.69 W, [N/A], 175.00 W, 86, 15607 MiB, 100 %, 5, 8
2026/09/21 01:11:19.408, 0, P0, 1815 MHz, 14001 MHz, 167.74 W, [N/A], 175.00 W, 86, 15607 MiB, 99 %, 5, 8
2026/09/21 01:11:19.661, 0, P0, 1815 MHz, 14001 MHz, 167.74 W, [N/A], 175.00 W, 86, 15607 MiB, 99 %, 5, 8
2026/09/21 01:11:19.913, 0, P0, 1815 MHz, 14001 MHz, 167.80 W, [N/A], 175.00 W, 86, 15607 MiB, 100 %, 5, 8
2026/09/21 01:11:20.165, 0, P0, 1815 MHz, 14001 MHz, 167.80 W, [N/A], 175.00 W, 86, 15607 MiB, 100 %, 5, 8
2026/09/21 01:11:20.417, 0, P0, 1815 MHz, 14001 MHz, 167.86 W, [N/A], 175.00 W, 86, 15607 MiB, 100 %, 5, 8
2026/09/21 01:11:20.669, 0, P0, 1815 MHz, 14001 MHz, 167.86 W, [N/A], 175.00 W, 86, 15607 MiB, 100 %, 5, 8
2026/09/21 01:11:20.921, 0, P0, 1815 MHz, 14001 MHz, 167.81 W, [N/A], 175.00 W, 86, 15607 MiB, 100 %, 5, 8
2026/09/21 01:11:21.173, 0, P0, 1815 MHz, 14001 MHz, 167.81 W, [N/A], 175.00 W, 86, 15607 MiB, 100 %, 5, 8
2026/09/21 01:11:21.425, 0, P0, 1807 MHz, 14001 MHz, 167.64 W, [N/A], 175.00 W, 86, 15607 MiB, 100 %, 5, 8
2026/09/21 01:11:21.678, 0, P0, 1807 MHz, 14001 MHz, 167.64 W, [N/A], 175.00 W, 86, 15607 MiB, 100 %, 5, 8
2026/09/21 01:11:21.942, 0, P0, 1815 MHz, 14001 MHz, 167.71 W, [N/A], 175.00 W, 86, 15607 MiB, 100 %, 5, 8
2026/09/21 01:11:22.194, 0, P0, 1815 MHz, 14001 MHz, 167.71 W, [N/A], 175.00 W, 86, 15607 MiB, 100 %, 5, 8
2026/09/21 01:11:22.446, 0, P0, 1815 MHz, 14001 MHz, 167.75 W, [N/A], 175.00 W, 86, 15607 MiB, 100 %, 5, 8
2026/09/21 01:11:22.698, 0, P0, 1815 MHz, 14001 MHz, 167.75 W, [N/A], 175.00 W, 86, 15607 MiB, 100 %, 5, 8
2026/09/21 01:11:22.950, 0, P0, 1815 MHz, 14001 MHz, 167.73 W, [N/A], 175.00 W, 86, 15607 MiB, 100 %, 5, 8
2026/09/21 01:11:23.203, 0, P0, 1815 MHz, 14001 MHz, 167.73 W, [N/A], 175.00 W, 86, 15607 MiB, 100 %, 5, 8
2026/09/21 01:11:23.455, 0, P0, 1815 MHz, 14001 MHz, 167.65 W, [N/A], 175.00 W, 86, 15607 MiB, 100 %, 5, 8
2026/09/21 01:11:23.707, 0, P0, 1815 MHz, 14001 MHz, 167.65 W, [N/A], 175.00 W, 86, 15607 MiB, 100 %, 5, 8
2026/09/21 01:11:23.959, 0, P0, 1815 MHz, 14001 MHz, 167.63 W, [N/A], 175.00 W, 86, 15607 MiB, 100 %, 5, 8
2026/09/21 01:11:24.211, 0, P0, 1815 MHz, 14001 MHz, 167.63 W, [N/A], 175.00 W, 86, 15607 MiB, 100 %, 5, 8
2026/09/21 01:11:24.463, 0, P0, 1807 MHz, 14001 MHz, 167.61 W, [N/A], 175.00 W, 86, 15607 MiB, 100 %, 5, 8
2026/09/21 01:11:24.715, 0, P0, 1807 MHz, 14001 MHz, 167.61 W, [N/A], 175.00 W, 86, 15607 MiB, 100 %, 5, 8
2026/09/21 01:11:24.968, 0, P0, 1815 MHz, 14001 MHz, 167.60 W, [N/A], 175.00 W, 86, 15607 MiB, 100 %, 5, 8
2026/09/21 01:11:25.220, 0, P0, 1815 MHz, 14001 MHz, 167.60 W, [N/A], 175.00 W, 86, 15607 MiB, 100 %, 5, 8
2026/09/21 01:11:25.472, 0, P0, 1815 MHz, 14001 MHz, 167.69 W, [N/A], 175.00 W, 86, 15607 MiB, 100 %, 5, 8
2026/09/21 01:11:25.724, 0, P0, 1815 MHz, 14001 MHz, 167.69 W, [N/A], 175.00 W, 86, 15607 MiB, 100 %, 5, 8
2026/09/21 01:11:25.976, 0, P0, 1815 MHz, 14001 MHz, 167.73 W, [N/A], 175.00 W, 86, 15607 MiB, 100 %, 5, 8
2026/09/21 01:11:26.228, 0, P0, 1815 MHz, 14001 MHz, 167.73 W, [N/A], 175.00 W, 86, 15607 MiB, 100 %, 5, 8
2026/09/21 01:11:26.480, 0, P0, 1815 MHz, 14001 MHz, 167.71 W, [N/A], 175.00 W, 86, 15607 MiB, 100 %, 5, 8
2026/09/21 01:11:26.733, 0, P0, 1815 MHz, 14001 MHz, 167.71 W, [N/A], 175.00 W, 86, 15607 MiB, 100 %, 5, 8
2026/09/21 01:11:26.985, 0, P0, 1815 MHz, 14001 MHz, 167.61 W, [N/A], 175.00 W, 86, 15607 MiB, 100 %, 5, 8
2026/09/21 01:11:27.246, 0, P0, 1815 MHz, 14001 MHz, 167.61 W, [N/A], 175.00 W, 86, 15607 MiB, 100 %, 5, 8
2026/09/21 01:11:27.498, 0, P0, 1822 MHz, 14001 MHz, 167.70 W, [N/A], 175.00 W, 86, 15607 MiB, 99 %, 5, 8
2026/09/21 01:11:27.750, 0, P0, 1822 MHz, 14001 MHz, 167.70 W, [N/A], 175.00 W, 86, 15607 MiB, 99 %, 5, 8
2026/09/21 01:11:28.002, 0, P0, 1815 MHz, 14001 MHz, 167.91 W, [N/A], 175.00 W, 86, 15607 MiB, 100 %, 5, 8
2026/09/21 01:11:28.254, 0, P0, 1815 MHz, 14001 MHz, 167.91 W, [N/A], 175.00 W, 86, 15607 MiB, 100 %, 5, 8
2026/09/21 01:11:28.507, 0, P0, 1807 MHz, 14001 MHz, 167.70 W, [N/A], 175.00 W, 86, 15607 MiB, 99 %, 5, 8
2026/09/21 01:11:28.759, 0, P0, 1807 MHz, 14001 MHz, 167.70 W, [N/A], 175.00 W, 86, 15607 MiB, 99 %, 5, 8
2026/09/21 01:11:29.011, 0, P0, 1815 MHz, 14001 MHz, 167.66 W, [N/A], 175.00 W, 86, 15607 MiB, 100 %, 5, 8
2026/09/21 01:11:29.263, 0, P0, 1815 MHz, 14001 MHz, 167.66 W, [N/A], 175.00 W, 86, 15607 MiB, 100 %, 5, 8
2026/09/21 01:11:29.515, 0, P0, 1815 MHz, 14001 MHz, 167.89 W, [N/A], 175.00 W, 86, 15607 MiB, 100 %, 5, 8
2026/09/21 01:11:29.767, 0, P0, 1815 MHz, 14001 MHz, 167.89 W, [N/A], 175.00 W, 86, 15607 MiB, 100 %, 5, 8
2026/09/21 01:11:30.019, 0, P0, 1815 MHz, 14001 MHz, 167.81 W, [N/A], 175.00 W, 86, 15607 MiB, 100 %, 5, 8
2026/09/21 01:11:30.271, 0, P0, 1815 MHz, 14001 MHz, 167.81 W, [N/A], 175.00 W, 86, 15607 MiB, 100 %, 5, 8
2026/09/21 01:11:30.523, 0, P0, 1807 MHz, 14001 MHz, 167.55 W, [N/A], 175.00 W, 86, 15607 MiB, 100 %, 5, 8
2026/09/21 01:11:30.776, 0, P0, 1807 MHz, 14001 MHz, 167.55 W, [N/A], 175.00 W, 86, 15607 MiB, 100 %, 5, 8
2026/09/21 01:11:31.028, 0, P0, 1807 MHz, 14001 MHz, 167.42 W, [N/A], 175.00 W, 86, 15607 MiB, 100 %, 5, 8
2026/09/21 01:11:31.281, 0, P0, 1807 MHz, 14001 MHz, 167.42 W, [N/A], 175.00 W, 86, 15607 MiB, 100 %, 5, 8
2026/09/21 01:11:31.533, 0, P0, 1815 MHz, 14001 MHz, 167.53 W, [N/A], 175.00 W, 86, 15607 MiB, 100 %, 5, 8
2026/09/21 01:11:31.785, 0, P0, 1815 MHz, 14001 MHz, 167.53 W, [N/A], 175.00 W, 86, 15607 MiB, 100 %, 5, 8
2026/09/21 01:11:32.037, 0, P0, 1815 MHz, 14001 MHz, 167.65 W, [N/A], 175.00 W, 86, 15607 MiB, 100 %, 5, 8
2026/09/21 01:11:32.289, 0, P0, 1815 MHz, 14001 MHz, 167.65 W, [N/A], 175.00 W, 86, 15607 MiB, 100 %, 5, 8
2026/09/21 01:11:32.550, 0, P0, 1807 MHz, 14001 MHz, 167.60 W, [N/A], 175.00 W, 86, 15607 MiB, 100 %, 5, 8
2026/09/21 01:11:32.802, 0, P0, 1815 MHz, 14001 MHz, 167.75 W, [N/A], 175.00 W, 86, 15607 MiB, 100 %, 5, 8
2026/09/21 01:11:33.054, 0, P0, 1815 MHz, 14001 MHz, 167.75 W, [N/A], 175.00 W, 86, 15607 MiB, 100 %, 5, 8
2026/09/21 01:11:33.306, 0, P0, 1807 MHz, 14001 MHz, 167.60 W, [N/A], 175.00 W, 86, 15607 MiB, 99 %, 5, 8
2026/09/21 01:11:33.559, 0, P0, 1807 MHz, 14001 MHz, 167.60 W, [N/A], 175.00 W, 86, 15607 MiB, 99 %, 5, 8
2026/09/21 01:11:33.811, 0, P0, 1807 MHz, 14001 MHz, 167.29 W, [N/A], 175.00 W, 86, 15607 MiB, 100 %, 5, 8
2026/09/21 01:11:34.063, 0, P0, 1807 MHz, 14001 MHz, 167.29 W, [N/A], 175.00 W, 86, 15607 MiB, 100 %, 5, 8
2026/09/21 01:11:34.315, 0, P0, 1807 MHz, 14001 MHz, 167.38 W, [N/A], 175.00 W, 87, 15607 MiB, 100 %, 5, 8
2026/09/21 01:11:34.567, 0, P0, 1807 MHz, 14001 MHz, 167.38 W, [N/A], 175.00 W, 87, 15607 MiB, 100 %, 5, 8
2026/09/21 01:11:34.819, 0, P0, 1807 MHz, 14001 MHz, 167.56 W, [N/A], 175.00 W, 87, 15607 MiB, 100 %, 5, 8
2026/09/21 01:11:35.072, 0, P0, 1807 MHz, 14001 MHz, 167.56 W, [N/A], 175.00 W, 87, 15607 MiB, 100 %, 5, 8
2026/09/21 01:11:35.324, 0, P0, 1815 MHz, 14001 MHz, 167.68 W, [N/A], 175.00 W, 86, 15607 MiB, 100 %, 5, 8
2026/09/21 01:11:35.576, 0, P0, 1815 MHz, 14001 MHz, 167.68 W, [N/A], 175.00 W, 86, 15607 MiB, 100 %, 5, 8
2026/09/21 01:11:35.828, 0, P0, 1807 MHz, 14001 MHz, 167.64 W, [N/A], 175.00 W, 86, 15607 MiB, 100 %, 5, 8
2026/09/21 01:11:36.080, 0, P0, 1807 MHz, 14001 MHz, 167.64 W, [N/A], 175.00 W, 86, 15607 MiB, 100 %, 5, 8
2026/09/21 01:11:36.332, 0, P0, 1807 MHz, 14001 MHz, 167.50 W, [N/A], 175.00 W, 86, 15607 MiB, 100 %, 5, 8
2026/09/21 01:11:36.584, 0, P0, 1807 MHz, 14001 MHz, 167.50 W, [N/A], 175.00 W, 86, 15607 MiB, 100 %, 5, 8
2026/09/21 01:11:36.836, 0, P0, 1800 MHz, 14001 MHz, 167.46 W, [N/A], 175.00 W, 86, 15607 MiB, 100 %, 5, 8
2026/09/21 01:11:37.088, 0, P0, 1800 MHz, 14001 MHz, 167.46 W, [N/A], 175.00 W, 86, 15607 MiB, 100 %, 5, 8
2026/09/21 01:11:37.341, 0, P0, 1815 MHz, 14001 MHz, 167.69 W, [N/A], 175.00 W, 87, 15607 MiB, 100 %, 5, 8
2026/09/21 01:11:37.594, 0, P0, 1815 MHz, 14001 MHz, 167.69 W, [N/A], 175.00 W, 87, 15607 MiB, 100 %, 5, 8
2026/09/21 01:11:37.846, 0, P0, 1807 MHz, 14001 MHz, 167.79 W, [N/A], 175.00 W, 86, 15607 MiB, 100 %, 5, 8
2026/09/21 01:11:38.099, 0, P0, 1807 MHz, 14001 MHz, 167.79 W, [N/A], 175.00 W, 86, 15607 MiB, 100 %, 5, 8
2026/09/21 01:11:38.359, 0, P0, 1807 MHz, 14001 MHz, 167.58 W, [N/A], 175.00 W, 86, 15607 MiB, 100 %, 5, 8
2026/09/21 01:11:38.611, 0, P0, 1807 MHz, 14001 MHz, 167.58 W, [N/A], 175.00 W, 86, 15607 MiB, 100 %, 5, 8
2026/09/21 01:11:38.863, 0, P0, 1807 MHz, 14001 MHz, 167.53 W, [N/A], 175.00 W, 86, 15607 MiB, 100 %, 5, 8
2026/09/21 01:11:39.115, 0, P0, 1807 MHz, 14001 MHz, 167.53 W, [N/A], 175.00 W, 86, 15607 MiB, 100 %, 5, 8
2026/09/21 01:11:39.368, 0, P0, 1807 MHz, 14001 MHz, 167.46 W, [N/A], 175.00 W, 86, 15607 MiB, 99 %, 5, 8
2026/09/21 01:11:39.620, 0, P0, 1807 MHz, 14001 MHz, 167.46 W, [N/A], 175.00 W, 86, 15607 MiB, 99 %, 5, 8
2026/09/21 01:11:39.872, 0, P0, 1807 MHz, 14001 MHz, 167.46 W, [N/A], 175.00 W, 86, 15607 MiB, 99 %, 5, 8
2026/09/21 01:11:40.124, 0, P0, 1807 MHz, 14001 MHz, 167.46 W, [N/A], 175.00 W, 86, 15607 MiB, 99 %, 5, 8
2026/09/21 01:11:40.376, 0, P0, 1807 MHz, 14001 MHz, 167.42 W, [N/A], 175.00 W, 86, 15607 MiB, 99 %, 5, 8
2026/09/21 01:11:40.628, 0, P0, 1807 MHz, 14001 MHz, 167.42 W, [N/A], 175.00 W, 86, 15607 MiB, 99 %, 5, 8
2026/09/21 01:11:40.880, 0, P0, 1807 MHz, 14001 MHz, 167.48 W, [N/A], 175.00 W, 86, 15607 MiB, 100 %, 5, 8
2026/09/21 01:11:41.133, 0, P0, 1807 MHz, 14001 MHz, 167.48 W, [N/A], 175.00 W, 86, 15607 MiB, 100 %, 5, 8
2026/09/21 01:11:41.385, 0, P0, 1807 MHz, 14001 MHz, 167.53 W, [N/A], 175.00 W, 86, 15607 MiB, 100 %, 5, 8
2026/09/21 01:11:41.637, 0, P0, 1807 MHz, 14001 MHz, 167.53 W, [N/A], 175.00 W, 86, 15607 MiB, 100 %, 5, 8
2026/09/21 01:11:41.889, 0, P0, 1807 MHz, 14001 MHz, 167.54 W, [N/A], 175.00 W, 86, 15607 MiB, 100 %, 5, 8
2026/09/21 01:11:42.141, 0, P0, 1807 MHz, 14001 MHz, 167.54 W, [N/A], 175.00 W, 86, 15607 MiB, 100 %, 5, 8
2026/09/21 01:11:42.393, 0, P0, 1807 MHz, 14001 MHz, 167.52 W, [N/A], 175.00 W, 86, 15607 MiB, 100 %, 5, 8
2026/09/21 01:11:42.645, 0, P0, 1807 MHz, 14001 MHz, 167.52 W, [N/A], 175.00 W, 86, 15607 MiB, 100 %, 5, 8
2026/09/21 01:11:42.897, 0, P0, 1807 MHz, 14001 MHz, 167.56 W, [N/A], 175.00 W, 86, 15607 MiB, 100 %, 5, 8
2026/09/21 01:11:43.149, 0, P0, 1807 MHz, 14001 MHz, 167.56 W, [N/A], 175.00 W, 86, 15607 MiB, 100 %, 5, 8
2026/09/21 01:11:43.401, 0, P0, 1807 MHz, 14001 MHz, 167.55 W, [N/A], 175.00 W, 86, 15607 MiB, 100 %, 5, 8
2026/09/21 01:11:43.653, 0, P0, 1807 MHz, 14001 MHz, 167.55 W, [N/A], 175.00 W, 86, 15607 MiB, 100 %, 5, 8
2026/09/21 01:11:43.905, 0, P0, 1807 MHz, 14001 MHz, 167.52 W, [N/A], 175.00 W, 86, 15607 MiB, 100 %, 5, 8
2026/09/21 01:11:44.166, 0, P0, 1807 MHz, 14001 MHz, 167.52 W, [N/A], 175.00 W, 86, 15607 MiB, 100 %, 5, 8
2026/09/21 01:11:44.418, 0, P0, 1807 MHz, 14001 MHz, 167.63 W, [N/A], 175.00 W, 86, 15607 MiB, 100 %, 5, 8
2026/09/21 01:11:44.670, 0, P0, 1807 MHz, 14001 MHz, 167.63 W, [N/A], 175.00 W, 86, 15607 MiB, 100 %, 5, 8
2026/09/21 01:11:44.922, 0, P0, 1807 MHz, 14001 MHz, 167.70 W, [N/A], 175.00 W, 86, 15607 MiB, 100 %, 5, 8
2026/09/21 01:11:45.174, 0, P0, 1807 MHz, 14001 MHz, 167.70 W, [N/A], 175.00 W, 86, 15607 MiB, 100 %, 5, 8
2026/09/21 01:11:45.426, 0, P0, 1807 MHz, 14001 MHz, 167.58 W, [N/A], 175.00 W, 86, 15607 MiB, 100 %, 5, 8
2026/09/21 01:11:45.678, 0, P0, 1807 MHz, 14001 MHz, 167.58 W, [N/A], 175.00 W, 86, 15607 MiB, 100 %, 5, 8
2026/09/21 01:11:45.930, 0, P0, 1807 MHz, 14001 MHz, 167.49 W, [N/A], 175.00 W, 86, 15607 MiB, 100 %, 5, 8
2026/09/21 01:11:46.182, 0, P0, 1807 MHz, 14001 MHz, 167.49 W, [N/A], 175.00 W, 86, 15607 MiB, 100 %, 5, 8
2026/09/21 01:11:46.434, 0, P0, 1807 MHz, 14001 MHz, 167.49 W, [N/A], 175.00 W, 86, 15607 MiB, 100 %, 5, 8
2026/09/21 01:11:46.686, 0, P0, 1807 MHz, 14001 MHz, 167.49 W, [N/A], 175.00 W, 86, 15607 MiB, 100 %, 5, 8
2026/09/21 01:11:46.938, 0, P0, 1807 MHz, 14001 MHz, 167.62 W, [N/A], 175.00 W, 86, 15607 MiB, 100 %, 5, 8
2026/09/21 01:11:47.190, 0, P0, 1807 MHz, 14001 MHz, 167.62 W, [N/A], 175.00 W, 86, 15607 MiB, 100 %, 5, 8
2026/09/21 01:11:47.442, 0, P0, 1807 MHz, 14001 MHz, 167.64 W, [N/A], 175.00 W, 86, 15607 MiB, 100 %, 5, 8
2026/09/21 01:11:47.694, 0, P0, 1807 MHz, 14001 MHz, 167.64 W, [N/A], 175.00 W, 86, 15607 MiB, 100 %, 5, 8
2026/09/21 01:11:47.946, 0, P0, 1807 MHz, 14001 MHz, 167.55 W, [N/A], 175.00 W, 86, 15607 MiB, 99 %, 5, 8
2026/09/21 01:11:48.198, 0, P0, 1807 MHz, 14001 MHz, 167.55 W, [N/A], 175.00 W, 86, 15607 MiB, 99 %, 5, 8
2026/09/21 01:11:48.450, 0, P0, 1807 MHz, 14001 MHz, 167.49 W, [N/A], 175.00 W, 86, 15607 MiB, 100 %, 5, 8
2026/09/21 01:11:48.703, 0, P0, 1807 MHz, 14001 MHz, 167.49 W, [N/A], 175.00 W, 86, 15607 MiB, 100 %, 5, 8
2026/09/21 01:11:48.955, 0, P0, 1807 MHz, 14001 MHz, 167.59 W, [N/A], 175.00 W, 86, 15607 MiB, 100 %, 5, 8
2026/09/21 01:11:49.207, 0, P0, 1807 MHz, 14001 MHz, 167.59 W, [N/A], 175.00 W, 86, 15607 MiB, 100 %, 5, 8
2026/09/21 01:11:49.460, 0, P0, 1807 MHz, 14001 MHz, 167.72 W, [N/A], 175.00 W, 86, 15607 MiB, 100 %, 5, 8
2026/09/21 01:11:49.712, 0, P0, 1807 MHz, 14001 MHz, 167.72 W, [N/A], 175.00 W, 86, 15607 MiB, 100 %, 5, 8
2026/09/21 01:11:49.972, 0, P0, 1807 MHz, 14001 MHz, 167.67 W, [N/A], 175.00 W, 86, 15607 MiB, 100 %, 5, 8
2026/09/21 01:11:50.224, 0, P0, 1807 MHz, 14001 MHz, 167.67 W, [N/A], 175.00 W, 86, 15607 MiB, 100 %, 5, 8
2026/09/21 01:11:50.476, 0, P0, 1807 MHz, 14001 MHz, 167.69 W, [N/A], 175.00 W, 86, 15607 MiB, 100 %, 5, 8
2026/09/21 01:11:50.727, 0, P0, 1807 MHz, 14001 MHz, 167.69 W, [N/A], 175.00 W, 86, 15607 MiB, 100 %, 5, 8
2026/09/21 01:11:50.980, 0, P0, 1807 MHz, 14001 MHz, 167.71 W, [N/A], 175.00 W, 86, 15607 MiB, 100 %, 5, 8
2026/09/21 01:11:51.232, 0, P0, 1807 MHz, 14001 MHz, 167.71 W, [N/A], 175.00 W, 86, 15607 MiB, 100 %, 5, 8
2026/09/21 01:11:51.484, 0, P0, 1807 MHz, 14001 MHz, 167.65 W, [N/A], 175.00 W, 86, 15607 MiB, 100 %, 5, 8
2026/09/21 01:11:51.736, 0, P0, 1807 MHz, 14001 MHz, 167.65 W, [N/A], 175.00 W, 86, 15607 MiB, 100 %, 5, 8
2026/09/21 01:11:51.989, 0, P0, 1807 MHz, 14001 MHz, 167.65 W, [N/A], 175.00 W, 86, 15607 MiB, 100 %, 5, 8
2026/09/21 01:11:52.241, 0, P0, 1807 MHz, 14001 MHz, 167.65 W, [N/A], 175.00 W, 86, 15607 MiB, 100 %, 5, 8
2026/09/21 01:11:52.493, 0, P0, 1807 MHz, 14001 MHz, 167.65 W, [N/A], 175.00 W, 86, 15607 MiB, 100 %, 5, 8
2026/09/21 01:11:52.745, 0, P0, 1807 MHz, 14001 MHz, 167.65 W, [N/A], 175.00 W, 86, 15607 MiB, 100 %, 5, 8
2026/09/21 01:11:52.997, 0, P0, 1807 MHz, 14001 MHz, 167.63 W, [N/A], 175.00 W, 86, 15607 MiB, 100 %, 5, 8
2026/09/21 01:11:53.249, 0, P0, 1807 MHz, 14001 MHz, 167.63 W, [N/A], 175.00 W, 86, 15607 MiB, 100 %, 5, 8
2026/09/21 01:11:53.502, 0, P0, 1807 MHz, 14001 MHz, 167.62 W, [N/A], 175.00 W, 86, 15607 MiB, 100 %, 5, 8
2026/09/21 01:11:53.754, 0, P0, 1807 MHz, 14001 MHz, 167.62 W, [N/A], 175.00 W, 86, 15607 MiB, 100 %, 5, 8
2026/09/21 01:11:54.006, 0, P0, 1807 MHz, 14001 MHz, 167.60 W, [N/A], 175.00 W, 86, 15607 MiB, 100 %, 5, 8
2026/09/21 01:11:54.258, 0, P0, 1807 MHz, 14001 MHz, 167.60 W, [N/A], 175.00 W, 86, 15607 MiB, 100 %, 5, 8
2026/09/21 01:11:54.510, 0, P0, 1800 MHz, 14001 MHz, 167.59 W, [N/A], 175.00 W, 86, 15607 MiB, 100 %, 5, 8
2026/09/21 01:11:54.762, 0, P0, 1800 MHz, 14001 MHz, 167.59 W, [N/A], 175.00 W, 86, 15607 MiB, 100 %, 5, 8
2026/09/21 01:11:55.014, 0, P0, 1807 MHz, 14001 MHz, 167.66 W, [N/A], 175.00 W, 86, 15607 MiB, 100 %, 5, 8
2026/09/21 01:11:55.266, 0, P0, 1807 MHz, 14001 MHz, 167.66 W, [N/A], 175.00 W, 86, 15607 MiB, 100 %, 5, 8
2026/09/21 01:11:55.519, 0, P0, 1800 MHz, 14001 MHz, 167.60 W, [N/A], 175.00 W, 86, 15607 MiB, 100 %, 5, 8
2026/09/21 01:11:55.778, 0, P0, 1800 MHz, 14001 MHz, 167.60 W, [N/A], 175.00 W, 86, 15607 MiB, 100 %, 5, 8
2026/09/21 01:11:56.030, 0, P0, 1807 MHz, 14001 MHz, 167.52 W, [N/A], 175.00 W, 86, 15607 MiB, 100 %, 5, 8
2026/09/21 01:11:56.282, 0, P0, 1807 MHz, 14001 MHz, 167.52 W, [N/A], 175.00 W, 86, 15607 MiB, 100 %, 5, 8
2026/09/21 01:11:56.534, 0, P0, 1815 MHz, 14001 MHz, 167.60 W, [N/A], 175.00 W, 86, 15607 MiB, 100 %, 5, 8
2026/09/21 01:11:56.786, 0, P0, 1815 MHz, 14001 MHz, 167.60 W, [N/A], 175.00 W, 86, 15607 MiB, 100 %, 5, 8
2026/09/21 01:11:57.038, 0, P0, 1807 MHz, 14001 MHz, 167.61 W, [N/A], 175.00 W, 86, 15607 MiB, 100 %, 5, 8
2026/09/21 01:11:57.291, 0, P0, 1807 MHz, 14001 MHz, 167.61 W, [N/A], 175.00 W, 86, 15607 MiB, 100 %, 5, 8
2026/09/21 01:11:57.543, 0, P0, 1807 MHz, 14001 MHz, 167.54 W, [N/A], 175.00 W, 86, 15607 MiB, 100 %, 5, 8
2026/09/21 01:11:57.795, 0, P0, 1807 MHz, 14001 MHz, 167.54 W, [N/A], 175.00 W, 86, 15607 MiB, 100 %, 5, 8
2026/09/21 01:11:58.047, 0, P0, 1807 MHz, 14001 MHz, 167.56 W, [N/A], 175.00 W, 86, 15607 MiB, 100 %, 5, 8
2026/09/21 01:11:58.299, 0, P0, 1807 MHz, 14001 MHz, 167.56 W, [N/A], 175.00 W, 86, 15607 MiB, 100 %, 5, 8
2026/09/21 01:11:58.551, 0, P0, 1807 MHz, 14001 MHz, 167.76 W, [N/A], 175.00 W, 86, 15607 MiB, 100 %, 5, 8
2026/09/21 01:11:58.803, 0, P0, 1807 MHz, 14001 MHz, 167.76 W, [N/A], 175.00 W, 86, 15607 MiB, 100 %, 5, 8
2026/09/21 01:11:59.055, 0, P0, 1807 MHz, 14001 MHz, 167.69 W, [N/A], 175.00 W, 86, 15607 MiB, 100 %, 5, 8
2026/09/21 01:11:59.308, 0, P0, 1807 MHz, 14001 MHz, 167.69 W, [N/A], 175.00 W, 86, 15607 MiB, 100 %, 5, 8
2026/09/21 01:11:59.560, 0, P0, 1807 MHz, 14001 MHz, 167.49 W, [N/A], 175.00 W, 86, 15607 MiB, 100 %, 5, 8
2026/09/21 01:11:59.812, 0, P0, 1807 MHz, 14001 MHz, 167.49 W, [N/A], 175.00 W, 86, 15607 MiB, 100 %, 5, 8
2026/09/21 01:12:00.064, 0, P0, 1807 MHz, 14001 MHz, 167.50 W, [N/A], 175.00 W, 86, 15607 MiB, 100 %, 5, 8
2026/09/21 01:12:00.316, 0, P0, 1807 MHz, 14001 MHz, 167.50 W, [N/A], 175.00 W, 86, 15607 MiB, 100 %, 5, 8
2026/09/21 01:12:00.568, 0, P0, 1815 MHz, 14001 MHz, 167.68 W, [N/A], 175.00 W, 86, 15607 MiB, 100 %, 5, 8
2026/09/21 01:12:00.820, 0, P0, 1815 MHz, 14001 MHz, 167.68 W, [N/A], 175.00 W, 86, 15607 MiB, 100 %, 5, 8
2026/09/21 01:12:01.072, 0, P0, 1807 MHz, 14001 MHz, 167.66 W, [N/A], 175.00 W, 86, 15607 MiB, 100 %, 5, 8
2026/09/21 01:12:01.324, 0, P0, 1807 MHz, 14001 MHz, 167.66 W, [N/A], 175.00 W, 86, 15607 MiB, 100 %, 5, 8
2026/09/21 01:12:01.586, 0, P0, 1807 MHz, 14001 MHz, 167.69 W, [N/A], 175.00 W, 86, 15607 MiB, 100 %, 5, 8
2026/09/21 01:12:01.838, 0, P0, 1807 MHz, 14001 MHz, 167.53 W, [N/A], 175.00 W, 86, 15607 MiB, 100 %, 5, 8
2026/09/21 01:12:02.090, 0, P0, 1807 MHz, 14001 MHz, 167.53 W, [N/A], 175.00 W, 86, 15607 MiB, 100 %, 5, 8
2026/09/21 01:12:02.342, 0, P0, 1815 MHz, 14001 MHz, 167.42 W, [N/A], 175.00 W, 86, 15607 MiB, 100 %, 5, 8
2026/09/21 01:12:02.594, 0, P0, 1815 MHz, 14001 MHz, 167.42 W, [N/A], 175.00 W, 86, 15607 MiB, 100 %, 5, 8
2026/09/21 01:12:02.846, 0, P0, 1807 MHz, 14001 MHz, 167.39 W, [N/A], 175.00 W, 86, 15607 MiB, 100 %, 5, 8
2026/09/21 01:12:03.098, 0, P0, 1807 MHz, 14001 MHz, 167.39 W, [N/A], 175.00 W, 86, 15607 MiB, 100 %, 5, 8
2026/09/21 01:12:03.350, 0, P0, 1807 MHz, 14001 MHz, 167.33 W, [N/A], 175.00 W, 86, 15607 MiB, 100 %, 5, 8
2026/09/21 01:12:03.602, 0, P0, 1807 MHz, 14001 MHz, 167.33 W, [N/A], 175.00 W, 86, 15607 MiB, 100 %, 5, 8
2026/09/21 01:12:03.854, 0, P0, 1807 MHz, 14001 MHz, 167.41 W, [N/A], 175.00 W, 86, 15607 MiB, 100 %, 5, 8
2026/09/21 01:12:04.107, 0, P0, 1807 MHz, 14001 MHz, 167.41 W, [N/A], 175.00 W, 86, 15607 MiB, 100 %, 5, 8
2026/09/21 01:12:04.359, 0, P0, 1807 MHz, 14001 MHz, 167.47 W, [N/A], 175.00 W, 86, 15607 MiB, 100 %, 5, 8
2026/09/21 01:12:04.611, 0, P0, 1807 MHz, 14001 MHz, 167.47 W, [N/A], 175.00 W, 86, 15607 MiB, 100 %, 5, 8
2026/09/21 01:12:04.863, 0, P0, 1807 MHz, 14001 MHz, 167.55 W, [N/A], 175.00 W, 86, 15607 MiB, 100 %, 5, 8
2026/09/21 01:12:05.115, 0, P0, 1807 MHz, 14001 MHz, 167.55 W, [N/A], 175.00 W, 86, 15607 MiB, 100 %, 5, 8
2026/09/21 01:12:05.367, 0, P0, 1815 MHz, 14001 MHz, 167.66 W, [N/A], 175.00 W, 86, 15607 MiB, 100 %, 5, 8
2026/09/21 01:12:05.619, 0, P0, 1815 MHz, 14001 MHz, 167.66 W, [N/A], 175.00 W, 86, 15607 MiB, 100 %, 5, 8
2026/09/21 01:12:05.871, 0, P0, 1807 MHz, 14001 MHz, 167.63 W, [N/A], 175.00 W, 86, 15607 MiB, 100 %, 5, 8
2026/09/21 01:12:06.124, 0, P0, 1807 MHz, 14001 MHz, 167.63 W, [N/A], 175.00 W, 86, 15607 MiB, 100 %, 5, 8
2026/09/21 01:12:06.376, 0, P0, 1807 MHz, 14001 MHz, 167.55 W, [N/A], 175.00 W, 86, 15607 MiB, 100 %, 5, 8
2026/09/21 01:12:06.628, 0, P0, 1807 MHz, 14001 MHz, 167.55 W, [N/A], 175.00 W, 86, 15607 MiB, 100 %, 5, 8
2026/09/21 01:12:06.889, 0, P0, 1807 MHz, 14001 MHz, 167.43 W, [N/A], 175.00 W, 86, 15607 MiB, 100 %, 5, 8
2026/09/21 01:12:07.141, 0, P0, 1807 MHz, 14001 MHz, 167.43 W, [N/A], 175.00 W, 86, 15607 MiB, 100 %, 5, 8
2026/09/21 01:12:07.393, 0, P0, 1807 MHz, 14001 MHz, 167.50 W, [N/A], 175.00 W, 86, 15607 MiB, 100 %, 5, 8
2026/09/21 01:12:07.645, 0, P0, 1807 MHz, 14001 MHz, 167.50 W, [N/A], 175.00 W, 86, 15607 MiB, 100 %, 5, 8
2026/09/21 01:12:07.898, 0, P0, 1807 MHz, 14001 MHz, 167.51 W, [N/A], 175.00 W, 86, 15607 MiB, 100 %, 5, 8
2026/09/21 01:12:08.150, 0, P0, 1807 MHz, 14001 MHz, 167.51 W, [N/A], 175.00 W, 86, 15607 MiB, 100 %, 5, 8
2026/09/21 01:12:08.402, 0, P0, 1807 MHz, 14001 MHz, 167.50 W, [N/A], 175.00 W, 86, 15607 MiB, 100 %, 5, 8
2026/09/21 01:12:08.654, 0, P0, 1807 MHz, 14001 MHz, 167.50 W, [N/A], 175.00 W, 86, 15607 MiB, 100 %, 5, 8
2026/09/21 01:12:08.906, 0, P0, 1807 MHz, 14001 MHz, 167.53 W, [N/A], 175.00 W, 86, 15607 MiB, 99 %, 5, 8
2026/09/21 01:12:09.158, 0, P0, 1807 MHz, 14001 MHz, 167.53 W, [N/A], 175.00 W, 86, 15607 MiB, 99 %, 5, 8
2026/09/21 01:12:09.410, 0, P0, 1807 MHz, 14001 MHz, 167.55 W, [N/A], 175.00 W, 86, 15607 MiB, 100 %, 5, 8
2026/09/21 01:12:09.662, 0, P0, 1807 MHz, 14001 MHz, 167.55 W, [N/A], 175.00 W, 86, 15607 MiB, 100 %, 5, 8
2026/09/21 01:12:09.914, 0, P0, 1807 MHz, 14001 MHz, 167.53 W, [N/A], 175.00 W, 86, 15607 MiB, 99 %, 5, 8
2026/09/21 01:12:10.166, 0, P0, 1807 MHz, 14001 MHz, 167.53 W, [N/A], 175.00 W, 86, 15607 MiB, 99 %, 5, 8
2026/09/21 01:12:10.418, 0, P0, 1815 MHz, 14001 MHz, 167.54 W, [N/A], 175.00 W, 86, 15607 MiB, 100 %, 5, 8
2026/09/21 01:12:10.670, 0, P0, 1815 MHz, 14001 MHz, 167.54 W, [N/A], 175.00 W, 86, 15607 MiB, 100 %, 5, 8
2026/09/21 01:12:10.922, 0, P0, 1807 MHz, 14001 MHz, 167.57 W, [N/A], 175.00 W, 86, 15607 MiB, 100 %, 5, 8
2026/09/21 01:12:11.174, 0, P0, 1807 MHz, 14001 MHz, 167.57 W, [N/A], 175.00 W, 86, 15607 MiB, 100 %, 5, 8
2026/09/21 01:12:11.426, 0, P0, 1807 MHz, 14001 MHz, 167.53 W, [N/A], 175.00 W, 86, 15607 MiB, 100 %, 5, 8
2026/09/21 01:12:11.678, 0, P0, 1807 MHz, 14001 MHz, 167.53 W, [N/A], 175.00 W, 86, 15607 MiB, 100 %, 5, 8
2026/09/21 01:12:11.930, 0, P0, 1807 MHz, 14001 MHz, 167.43 W, [N/A], 175.00 W, 86, 15607 MiB, 99 %, 5, 8
2026/09/21 01:12:12.182, 0, P0, 1807 MHz, 14001 MHz, 167.43 W, [N/A], 175.00 W, 86, 15607 MiB, 99 %, 5, 8
2026/09/21 01:12:12.434, 0, P0, 1807 MHz, 14001 MHz, 167.49 W, [N/A], 175.00 W, 86, 15607 MiB, 100 %, 5, 8
2026/09/21 01:12:12.686, 0, P0, 1807 MHz, 14001 MHz, 167.49 W, [N/A], 175.00 W, 86, 15607 MiB, 100 %, 5, 8
2026/09/21 01:12:12.938, 0, P0, 1807 MHz, 14001 MHz, 167.72 W, [N/A], 175.00 W, 86, 15607 MiB, 99 %, 5, 8
2026/09/21 01:12:13.199, 0, P0, 1807 MHz, 14001 MHz, 167.72 W, [N/A], 175.00 W, 86, 15607 MiB, 99 %, 5, 8
2026/09/21 01:12:13.451, 0, P0, 1815 MHz, 14001 MHz, 167.88 W, [N/A], 175.00 W, 86, 15607 MiB, 99 %, 5, 8
2026/09/21 01:12:13.704, 0, P0, 1815 MHz, 14001 MHz, 167.88 W, [N/A], 175.00 W, 86, 15607 MiB, 99 %, 5, 8
2026/09/21 01:12:13.956, 0, P0, 1807 MHz, 14001 MHz, 167.67 W, [N/A], 175.00 W, 86, 15607 MiB, 99 %, 5, 8
2026/09/21 01:12:14.208, 0, P0, 1807 MHz, 14001 MHz, 167.67 W, [N/A], 175.00 W, 86, 15607 MiB, 99 %, 5, 8
2026/09/21 01:12:14.460, 0, P0, 1807 MHz, 14001 MHz, 167.54 W, [N/A], 175.00 W, 86, 15607 MiB, 100 %, 5, 8
2026/09/21 01:12:14.712, 0, P0, 1807 MHz, 14001 MHz, 167.54 W, [N/A], 175.00 W, 86, 15607 MiB, 100 %, 5, 8
2026/09/21 01:12:14.964, 0, P0, 1807 MHz, 14001 MHz, 167.55 W, [N/A], 175.00 W, 86, 15607 MiB, 100 %, 5, 8
2026/09/21 01:12:15.217, 0, P0, 1807 MHz, 14001 MHz, 167.55 W, [N/A], 175.00 W, 86, 15607 MiB, 100 %, 5, 8
2026/09/21 01:12:15.469, 0, P0, 1807 MHz, 14001 MHz, 167.46 W, [N/A], 175.00 W, 86, 15607 MiB, 100 %, 5, 8
2026/09/21 01:12:15.721, 0, P0, 1807 MHz, 14001 MHz, 167.46 W, [N/A], 175.00 W, 86, 15607 MiB, 100 %, 5, 8
2026/09/21 01:12:15.973, 0, P0, 1800 MHz, 14001 MHz, 167.52 W, [N/A], 175.00 W, 86, 15607 MiB, 100 %, 5, 8
2026/09/21 01:12:16.225, 0, P0, 1800 MHz, 14001 MHz, 167.52 W, [N/A], 175.00 W, 86, 15607 MiB, 100 %, 5, 8
2026/09/21 01:12:16.478, 0, P0, 1815 MHz, 14001 MHz, 167.62 W, [N/A], 175.00 W, 86, 15607 MiB, 100 %, 5, 8
2026/09/21 01:12:16.730, 0, P0, 1815 MHz, 14001 MHz, 167.62 W, [N/A], 175.00 W, 86, 15607 MiB, 100 %, 5, 8
2026/09/21 01:12:16.982, 0, P0, 1807 MHz, 14001 MHz, 167.57 W, [N/A], 175.00 W, 86, 15607 MiB, 100 %, 5, 8
2026/09/21 01:12:17.234, 0, P0, 1807 MHz, 14001 MHz, 167.57 W, [N/A], 175.00 W, 86, 15607 MiB, 100 %, 5, 8
2026/09/21 01:12:17.486, 0, P0, 1807 MHz, 14001 MHz, 167.44 W, [N/A], 175.00 W, 86, 15607 MiB, 100 %, 5, 8
2026/09/21 01:12:17.739, 0, P0, 1807 MHz, 14001 MHz, 167.44 W, [N/A], 175.00 W, 86, 15607 MiB, 100 %, 5, 8
2026/09/21 01:12:17.991, 0, P0, 1807 MHz, 14001 MHz, 167.62 W, [N/A], 175.00 W, 86, 15607 MiB, 100 %, 5, 8
2026/09/21 01:12:18.243, 0, P0, 1807 MHz, 14001 MHz, 167.62 W, [N/A], 175.00 W, 86, 15607 MiB, 100 %, 5, 8
2026/09/21 01:12:18.505, 0, P0, 1815 MHz, 14001 MHz, 167.67 W, [N/A], 175.00 W, 86, 15607 MiB, 100 %, 5, 8
2026/09/21 01:12:18.757, 0, P0, 1815 MHz, 14001 MHz, 167.67 W, [N/A], 175.00 W, 86, 15607 MiB, 100 %, 5, 8
2026/09/21 01:12:19.009, 0, P0, 1807 MHz, 14001 MHz, 167.62 W, [N/A], 175.00 W, 86, 15607 MiB, 100 %, 5, 8
2026/09/21 01:12:19.261, 0, P0, 1807 MHz, 14001 MHz, 167.62 W, [N/A], 175.00 W, 86, 15607 MiB, 100 %, 5, 8
2026/09/21 01:12:19.513, 0, P0, 1815 MHz, 14001 MHz, 167.58 W, [N/A], 175.00 W, 86, 15607 MiB, 100 %, 5, 8
2026/09/21 01:12:19.765, 0, P0, 1815 MHz, 14001 MHz, 167.58 W, [N/A], 175.00 W, 86, 15607 MiB, 100 %, 5, 8
2026/09/21 01:12:20.017, 0, P0, 1815 MHz, 14001 MHz, 167.63 W, [N/A], 175.00 W, 86, 15607 MiB, 99 %, 5, 8
2026/09/21 01:12:20.269, 0, P0, 1815 MHz, 14001 MHz, 167.63 W, [N/A], 175.00 W, 86, 15607 MiB, 99 %, 5, 8
2026/09/21 01:12:20.521, 0, P0, 1807 MHz, 14001 MHz, 167.50 W, [N/A], 175.00 W, 86, 15607 MiB, 100 %, 5, 8
2026/09/21 01:12:20.774, 0, P0, 1807 MHz, 14001 MHz, 167.50 W, [N/A], 175.00 W, 86, 15607 MiB, 100 %, 5, 8
2026/09/21 01:12:21.026, 0, P0, 1807 MHz, 14001 MHz, 167.60 W, [N/A], 175.00 W, 86, 15607 MiB, 99 %, 5, 8
2026/09/21 01:12:21.278, 0, P0, 1807 MHz, 14001 MHz, 167.60 W, [N/A], 175.00 W, 86, 15607 MiB, 99 %, 5, 8
2026/09/21 01:12:21.530, 0, P0, 1815 MHz, 14001 MHz, 167.76 W, [N/A], 175.00 W, 86, 15607 MiB, 100 %, 5, 8
2026/09/21 01:12:21.782, 0, P0, 1815 MHz, 14001 MHz, 167.76 W, [N/A], 175.00 W, 86, 15607 MiB, 100 %, 5, 8
2026/09/21 01:12:22.034, 0, P0, 1807 MHz, 14001 MHz, 167.80 W, [N/A], 175.00 W, 86, 15607 MiB, 100 %, 5, 8
2026/09/21 01:12:22.286, 0, P0, 1807 MHz, 14001 MHz, 167.80 W, [N/A], 175.00 W, 86, 15607 MiB, 100 %, 5, 8
2026/09/21 01:12:22.539, 0, P0, 1807 MHz, 14001 MHz, 167.65 W, [N/A], 175.00 W, 86, 15607 MiB, 100 %, 5, 8
2026/09/21 01:12:22.791, 0, P0, 1807 MHz, 14001 MHz, 167.65 W, [N/A], 175.00 W, 86, 15607 MiB, 100 %, 5, 8
2026/09/21 01:12:23.043, 0, P0, 1800 MHz, 14001 MHz, 167.47 W, [N/A], 175.00 W, 86, 15607 MiB, 100 %, 5, 8
2026/09/21 01:12:23.295, 0, P0, 1800 MHz, 14001 MHz, 167.47 W, [N/A], 175.00 W, 86, 15607 MiB, 100 %, 5, 8
2026/09/21 01:12:23.547, 0, P0, 1807 MHz, 14001 MHz, 167.51 W, [N/A], 175.00 W, 86, 15607 MiB, 100 %, 5, 8
2026/09/21 01:12:23.799, 0, P0, 1807 MHz, 14001 MHz, 167.51 W, [N/A], 175.00 W, 86, 15607 MiB, 100 %, 5, 8
2026/09/21 01:12:24.051, 0, P0, 1807 MHz, 14001 MHz, 167.55 W, [N/A], 175.00 W, 86, 15607 MiB, 100 %, 5, 8
2026/09/21 01:12:24.312, 0, P0, 1807 MHz, 14001 MHz, 167.55 W, [N/A], 175.00 W, 86, 15607 MiB, 100 %, 5, 8
2026/09/21 01:12:24.563, 0, P0, 1800 MHz, 14001 MHz, 167.47 W, [N/A], 175.00 W, 86, 15607 MiB, 100 %, 5, 8
2026/09/21 01:12:24.816, 0, P0, 1800 MHz, 14001 MHz, 167.47 W, [N/A], 175.00 W, 86, 15607 MiB, 100 %, 5, 8
2026/09/21 01:12:25.068, 0, P0, 1807 MHz, 14001 MHz, 167.46 W, [N/A], 175.00 W, 86, 15607 MiB, 100 %, 5, 8
2026/09/21 01:12:25.320, 0, P0, 1807 MHz, 14001 MHz, 167.46 W, [N/A], 175.00 W, 86, 15607 MiB, 100 %, 5, 8
2026/09/21 01:12:25.572, 0, P0, 1800 MHz, 14001 MHz, 167.53 W, [N/A], 175.00 W, 86, 15607 MiB, 100 %, 5, 8
2026/09/21 01:12:25.825, 0, P0, 1800 MHz, 14001 MHz, 167.53 W, [N/A], 175.00 W, 86, 15607 MiB, 100 %, 5, 8
2026/09/21 01:12:26.077, 0, P0, 1800 MHz, 14001 MHz, 167.49 W, [N/A], 175.00 W, 86, 15607 MiB, 99 %, 5, 8
2026/09/21 01:12:26.329, 0, P0, 1800 MHz, 14001 MHz, 167.49 W, [N/A], 175.00 W, 86, 15607 MiB, 99 %, 5, 8
2026/09/21 01:12:26.581, 0, P0, 1800 MHz, 14001 MHz, 167.49 W, [N/A], 175.00 W, 86, 15607 MiB, 100 %, 5, 8
2026/09/21 01:12:26.833, 0, P0, 1800 MHz, 14001 MHz, 167.49 W, [N/A], 175.00 W, 86, 15607 MiB, 100 %, 5, 8
2026/09/21 01:12:27.085, 0, P0, 1807 MHz, 14001 MHz, 167.49 W, [N/A], 175.00 W, 86, 15607 MiB, 99 %, 5, 8
2026/09/21 01:12:27.337, 0, P0, 1807 MHz, 14001 MHz, 167.49 W, [N/A], 175.00 W, 86, 15607 MiB, 99 %, 5, 8
2026/09/21 01:12:27.590, 0, P0, 1807 MHz, 14001 MHz, 167.48 W, [N/A], 175.00 W, 86, 15607 MiB, 100 %, 5, 8
2026/09/21 01:12:27.842, 0, P0, 1807 MHz, 14001 MHz, 167.48 W, [N/A], 175.00 W, 86, 15607 MiB, 100 %, 5, 8
2026/09/21 01:12:28.094, 0, P0, 1807 MHz, 14001 MHz, 167.68 W, [N/A], 175.00 W, 86, 15607 MiB, 100 %, 5, 8
2026/09/21 01:12:28.346, 0, P0, 1807 MHz, 14001 MHz, 167.68 W, [N/A], 175.00 W, 86, 15607 MiB, 100 %, 5, 8
2026/09/21 01:12:28.598, 0, P0, 1807 MHz, 14001 MHz, 167.67 W, [N/A], 175.00 W, 86, 15607 MiB, 100 %, 5, 8
2026/09/21 01:12:28.850, 0, P0, 1807 MHz, 14001 MHz, 167.67 W, [N/A], 175.00 W, 86, 15607 MiB, 100 %, 5, 8
2026/09/21 01:12:29.102, 0, P0, 1807 MHz, 14001 MHz, 167.46 W, [N/A], 175.00 W, 86, 15607 MiB, 99 %, 5, 8
2026/09/21 01:12:29.355, 0, P0, 1807 MHz, 14001 MHz, 167.46 W, [N/A], 175.00 W, 86, 15607 MiB, 99 %, 5, 8
2026/09/21 01:12:29.607, 0, P0, 1807 MHz, 14001 MHz, 167.55 W, [N/A], 175.00 W, 86, 15607 MiB, 100 %, 5, 8
2026/09/21 01:12:29.859, 0, P0, 1807 MHz, 14001 MHz, 167.55 W, [N/A], 175.00 W, 86, 15607 MiB, 100 %, 5, 8
2026/09/21 01:12:30.124, 0, P0, 1807 MHz, 14001 MHz, 167.58 W, [N/A], 175.00 W, 86, 15607 MiB, 100 %, 5, 8
2026/09/21 01:12:30.377, 0, P0, 1800 MHz, 14001 MHz, 167.61 W, [N/A], 175.00 W, 86, 15607 MiB, 100 %, 5, 8
2026/09/21 01:12:30.629, 0, P0, 1800 MHz, 14001 MHz, 167.61 W, [N/A], 175.00 W, 86, 15607 MiB, 100 %, 5, 8
2026/09/21 01:12:30.881, 0, P0, 1800 MHz, 14001 MHz, 167.57 W, [N/A], 175.00 W, 86, 15607 MiB, 100 %, 5, 8
2026/09/21 01:12:31.133, 0, P0, 1800 MHz, 14001 MHz, 167.57 W, [N/A], 175.00 W, 86, 15607 MiB, 100 %, 5, 8
2026/09/21 01:12:31.385, 0, P0, 1807 MHz, 14001 MHz, 167.49 W, [N/A], 175.00 W, 86, 15607 MiB, 100 %, 5, 8
2026/09/21 01:12:31.637, 0, P0, 1807 MHz, 14001 MHz, 167.49 W, [N/A], 175.00 W, 86, 15607 MiB, 100 %, 5, 8
2026/09/21 01:12:31.889, 0, P0, 1807 MHz, 14001 MHz, 167.54 W, [N/A], 175.00 W, 86, 15607 MiB, 100 %, 5, 8
2026/09/21 01:12:32.141, 0, P0, 1807 MHz, 14001 MHz, 167.54 W, [N/A], 175.00 W, 86, 15607 MiB, 100 %, 5, 8
2026/09/21 01:12:32.394, 0, P0, 1807 MHz, 14001 MHz, 167.52 W, [N/A], 175.00 W, 86, 15607 MiB, 100 %, 5, 8
2026/09/21 01:12:32.646, 0, P0, 1807 MHz, 14001 MHz, 167.52 W, [N/A], 175.00 W, 86, 15607 MiB, 100 %, 5, 8
2026/09/21 01:12:32.898, 0, P0, 1807 MHz, 14001 MHz, 167.42 W, [N/A], 175.00 W, 86, 15607 MiB, 100 %, 5, 8
2026/09/21 01:12:33.150, 0, P0, 1807 MHz, 14001 MHz, 167.42 W, [N/A], 175.00 W, 86, 15607 MiB, 100 %, 5, 8
2026/09/21 01:12:33.402, 0, P0, 1800 MHz, 14001 MHz, 167.40 W, [N/A], 175.00 W, 86, 15607 MiB, 100 %, 5, 8
2026/09/21 01:12:33.654, 0, P0, 1800 MHz, 14001 MHz, 167.40 W, [N/A], 175.00 W, 86, 15607 MiB, 100 %, 5, 8
2026/09/21 01:12:33.906, 0, P0, 1807 MHz, 14001 MHz, 167.52 W, [N/A], 175.00 W, 86, 15607 MiB, 100 %, 5, 8
2026/09/21 01:12:34.158, 0, P0, 1807 MHz, 14001 MHz, 167.52 W, [N/A], 175.00 W, 86, 15607 MiB, 100 %, 5, 8
2026/09/21 01:12:34.410, 0, P0, 1800 MHz, 14001 MHz, 167.63 W, [N/A], 175.00 W, 86, 15607 MiB, 100 %, 5, 8
2026/09/21 01:12:34.663, 0, P0, 1800 MHz, 14001 MHz, 167.63 W, [N/A], 175.00 W, 86, 15607 MiB, 100 %, 5, 8
2026/09/21 01:12:34.923, 0, P0, 1800 MHz, 14001 MHz, 167.66 W, [N/A], 175.00 W, 86, 15607 MiB, 100 %, 5, 8
2026/09/21 01:12:35.175, 0, P0, 1800 MHz, 14001 MHz, 167.66 W, [N/A], 175.00 W, 86, 15607 MiB, 100 %, 5, 8
2026/09/21 01:12:35.427, 0, P0, 1807 MHz, 14001 MHz, 167.71 W, [N/A], 175.00 W, 86, 15607 MiB, 100 %, 5, 8
2026/09/21 01:12:35.679, 0, P0, 1807 MHz, 14001 MHz, 167.71 W, [N/A], 175.00 W, 86, 15607 MiB, 100 %, 5, 8
2026/09/21 01:12:35.931, 0, P0, 1807 MHz, 14001 MHz, 167.71 W, [N/A], 175.00 W, 86, 15607 MiB, 100 %, 5, 8
2026/09/21 01:12:36.184, 0, P0, 1807 MHz, 14001 MHz, 167.71 W, [N/A], 175.00 W, 86, 15607 MiB, 100 %, 5, 8
2026/09/21 01:12:36.436, 0, P0, 1800 MHz, 14001 MHz, 167.67 W, [N/A], 175.00 W, 86, 15607 MiB, 100 %, 5, 8
2026/09/21 01:12:36.688, 0, P0, 1800 MHz, 14001 MHz, 167.67 W, [N/A], 175.00 W, 86, 15607 MiB, 100 %, 5, 8
2026/09/21 01:12:36.940, 0, P0, 1807 MHz, 14001 MHz, 167.62 W, [N/A], 175.00 W, 86, 15607 MiB, 100 %, 5, 8
2026/09/21 01:12:37.192, 0, P0, 1807 MHz, 14001 MHz, 167.62 W, [N/A], 175.00 W, 86, 15607 MiB, 100 %, 5, 8
2026/09/21 01:12:37.444, 0, P0, 1807 MHz, 14001 MHz, 167.71 W, [N/A], 175.00 W, 86, 15607 MiB, 100 %, 5, 8
2026/09/21 01:12:37.696, 0, P0, 1807 MHz, 14001 MHz, 167.71 W, [N/A], 175.00 W, 86, 15607 MiB, 100 %, 5, 8
2026/09/21 01:12:37.948, 0, P0, 1800 MHz, 14001 MHz, 167.64 W, [N/A], 175.00 W, 86, 15607 MiB, 100 %, 5, 8
2026/09/21 01:12:38.201, 0, P0, 1800 MHz, 14001 MHz, 167.64 W, [N/A], 175.00 W, 86, 15607 MiB, 100 %, 5, 8
2026/09/21 01:12:38.453, 0, P0, 1800 MHz, 14001 MHz, 167.62 W, [N/A], 175.00 W, 86, 15607 MiB, 100 %, 5, 8
2026/09/21 01:12:38.705, 0, P0, 1800 MHz, 14001 MHz, 167.62 W, [N/A], 175.00 W, 86, 15607 MiB, 100 %, 5, 8
2026/09/21 01:12:38.957, 0, P0, 1807 MHz, 14001 MHz, 167.63 W, [N/A], 175.00 W, 86, 15607 MiB, 100 %, 5, 8
2026/09/21 01:12:39.209, 0, P0, 1807 MHz, 14001 MHz, 167.63 W, [N/A], 175.00 W, 86, 15607 MiB, 100 %, 5, 8
2026/09/21 01:12:39.461, 0, P0, 1807 MHz, 14001 MHz, 167.66 W, [N/A], 175.00 W, 86, 15607 MiB, 100 %, 5, 8
2026/09/21 01:12:39.713, 0, P0, 1807 MHz, 14001 MHz, 167.66 W, [N/A], 175.00 W, 86, 15607 MiB, 100 %, 5, 8
2026/09/21 01:12:39.965, 0, P0, 1800 MHz, 14001 MHz, 167.72 W, [N/A], 175.00 W, 86, 15607 MiB, 100 %, 5, 8
2026/09/21 01:12:40.217, 0, P0, 1800 MHz, 14001 MHz, 167.72 W, [N/A], 175.00 W, 86, 15607 MiB, 100 %, 5, 8
2026/09/21 01:12:40.469, 0, P0, 1800 MHz, 14001 MHz, 167.67 W, [N/A], 175.00 W, 86, 15607 MiB, 100 %, 5, 8
2026/09/21 01:12:40.731, 0, P0, 1800 MHz, 14001 MHz, 167.67 W, [N/A], 175.00 W, 86, 15607 MiB, 100 %, 5, 8
2026/09/21 01:12:40.983, 0, P0, 1800 MHz, 14001 MHz, 167.65 W, [N/A], 175.00 W, 86, 15607 MiB, 100 %, 5, 8
2026/09/21 01:12:41.235, 0, P0, 1800 MHz, 14001 MHz, 167.65 W, [N/A], 175.00 W, 86, 15607 MiB, 100 %, 5, 8
2026/09/21 01:12:41.487, 0, P0, 1800 MHz, 14001 MHz, 167.67 W, [N/A], 175.00 W, 86, 15607 MiB, 100 %, 5, 8
2026/09/21 01:12:41.739, 0, P0, 1800 MHz, 14001 MHz, 167.67 W, [N/A], 175.00 W, 86, 15607 MiB, 100 %, 5, 8
2026/09/21 01:12:41.991, 0, P0, 1807 MHz, 14001 MHz, 167.69 W, [N/A], 175.00 W, 86, 15607 MiB, 100 %, 5, 8
2026/09/21 01:12:42.243, 0, P0, 1807 MHz, 14001 MHz, 167.69 W, [N/A], 175.00 W, 86, 15607 MiB, 100 %, 5, 8
2026/09/21 01:12:42.495, 0, P0, 1800 MHz, 14001 MHz, 167.73 W, [N/A], 175.00 W, 86, 15607 MiB, 100 %, 5, 8
2026/09/21 01:12:42.747, 0, P0, 1800 MHz, 14001 MHz, 167.73 W, [N/A], 175.00 W, 86, 15607 MiB, 100 %, 5, 8
2026/09/21 01:12:43.000, 0, P0, 1800 MHz, 14001 MHz, 167.72 W, [N/A], 175.00 W, 86, 15607 MiB, 100 %, 5, 8
2026/09/21 01:12:43.251, 0, P0, 1800 MHz, 14001 MHz, 167.72 W, [N/A], 175.00 W, 86, 15607 MiB, 100 %, 5, 8
2026/09/21 01:12:43.504, 0, P0, 1800 MHz, 14001 MHz, 167.68 W, [N/A], 175.00 W, 86, 15607 MiB, 100 %, 5, 8
2026/09/21 01:12:43.756, 0, P0, 1800 MHz, 14001 MHz, 167.68 W, [N/A], 175.00 W, 86, 15607 MiB, 100 %, 5, 8
2026/09/21 01:12:44.008, 0, P0, 1800 MHz, 14001 MHz, 167.63 W, [N/A], 175.00 W, 86, 15607 MiB, 100 %, 5, 8
2026/09/21 01:12:44.260, 0, P0, 1800 MHz, 14001 MHz, 167.63 W, [N/A], 175.00 W, 86, 15607 MiB, 100 %, 5, 8
2026/09/21 01:12:44.512, 0, P0, 1800 MHz, 14001 MHz, 167.59 W, [N/A], 175.00 W, 86, 15607 MiB, 100 %, 5, 8
2026/09/21 01:12:44.764, 0, P0, 1800 MHz, 14001 MHz, 167.59 W, [N/A], 175.00 W, 86, 15607 MiB, 100 %, 5, 8
2026/09/21 01:12:45.016, 0, P0, 1800 MHz, 14001 MHz, 167.63 W, [N/A], 175.00 W, 86, 15607 MiB, 100 %, 5, 8
2026/09/21 01:12:45.268, 0, P0, 1800 MHz, 14001 MHz, 167.63 W, [N/A], 175.00 W, 86, 15607 MiB, 100 %, 5, 8
2026/09/21 01:12:45.520, 0, P0, 1800 MHz, 14001 MHz, 167.61 W, [N/A], 175.00 W, 86, 15607 MiB, 100 %, 5, 8
2026/09/21 01:12:45.772, 0, P0, 1800 MHz, 14001 MHz, 167.61 W, [N/A], 175.00 W, 86, 15607 MiB, 100 %, 5, 8
2026/09/21 01:12:46.024, 0, P0, 1800 MHz, 14001 MHz, 167.61 W, [N/A], 175.00 W, 86, 15607 MiB, 100 %, 5, 8
2026/09/21 01:12:46.277, 0, P0, 1800 MHz, 14001 MHz, 167.61 W, [N/A], 175.00 W, 86, 15607 MiB, 100 %, 5, 8
2026/09/21 01:12:46.539, 0, P0, 1800 MHz, 14001 MHz, 167.63 W, [N/A], 175.00 W, 87, 15607 MiB, 100 %, 5, 8
2026/09/21 01:12:46.792, 0, P0, 1800 MHz, 14001 MHz, 167.63 W, [N/A], 175.00 W, 87, 15607 MiB, 100 %, 5, 8
2026/09/21 01:12:47.043, 0, P0, 1800 MHz, 14001 MHz, 167.69 W, [N/A], 175.00 W, 87, 15607 MiB, 100 %, 5, 8
2026/09/21 01:12:47.295, 0, P0, 1800 MHz, 14001 MHz, 167.69 W, [N/A], 175.00 W, 87, 15607 MiB, 100 %, 5, 8
2026/09/21 01:12:47.548, 0, P0, 1800 MHz, 14001 MHz, 167.70 W, [N/A], 175.00 W, 87, 15607 MiB, 99 %, 5, 8
2026/09/21 01:12:47.800, 0, P0, 1800 MHz, 14001 MHz, 167.70 W, [N/A], 175.00 W, 87, 15607 MiB, 99 %, 5, 8
2026/09/21 01:12:48.052, 0, P0, 1800 MHz, 14001 MHz, 167.56 W, [N/A], 175.00 W, 87, 15607 MiB, 99 %, 5, 8
2026/09/21 01:12:48.304, 0, P0, 1800 MHz, 14001 MHz, 167.56 W, [N/A], 175.00 W, 87, 15607 MiB, 99 %, 5, 8
2026/09/21 01:12:48.556, 0, P0, 1800 MHz, 14001 MHz, 167.57 W, [N/A], 175.00 W, 87, 15607 MiB, 100 %, 5, 8
2026/09/21 01:12:48.808, 0, P0, 1800 MHz, 14001 MHz, 167.57 W, [N/A], 175.00 W, 87, 15607 MiB, 100 %, 5, 8
2026/09/21 01:12:49.060, 0, P0, 1800 MHz, 14001 MHz, 167.68 W, [N/A], 175.00 W, 87, 15607 MiB, 100 %, 5, 8
2026/09/21 01:12:49.312, 0, P0, 1800 MHz, 14001 MHz, 167.68 W, [N/A], 175.00 W, 87, 15607 MiB, 100 %, 5, 8
2026/09/21 01:12:49.564, 0, P0, 1800 MHz, 14001 MHz, 167.75 W, [N/A], 175.00 W, 87, 15607 MiB, 100 %, 5, 8
2026/09/21 01:12:49.816, 0, P0, 1800 MHz, 14001 MHz, 167.75 W, [N/A], 175.00 W, 87, 15607 MiB, 100 %, 5, 8
2026/09/21 01:12:50.068, 0, P0, 1800 MHz, 14001 MHz, 167.71 W, [N/A], 175.00 W, 87, 15607 MiB, 99 %, 5, 8
2026/09/21 01:12:50.320, 0, P0, 1800 MHz, 14001 MHz, 167.71 W, [N/A], 175.00 W, 87, 15607 MiB, 99 %, 5, 8
2026/09/21 01:12:50.572, 0, P0, 1800 MHz, 14001 MHz, 167.59 W, [N/A], 175.00 W, 87, 15607 MiB, 100 %, 5, 8
2026/09/21 01:12:50.824, 0, P0, 1800 MHz, 14001 MHz, 167.59 W, [N/A], 175.00 W, 87, 15607 MiB, 100 %, 5, 8
2026/09/21 01:12:51.076, 0, P0, 1800 MHz, 14001 MHz, 167.67 W, [N/A], 175.00 W, 87, 15607 MiB, 99 %, 5, 8
2026/09/21 01:12:51.328, 0, P0, 1800 MHz, 14001 MHz, 167.67 W, [N/A], 175.00 W, 87, 15607 MiB, 99 %, 5, 8
2026/09/21 01:12:51.580, 0, P0, 1800 MHz, 14001 MHz, 167.72 W, [N/A], 175.00 W, 87, 15607 MiB, 100 %, 5, 8
2026/09/21 01:12:51.832, 0, P0, 1800 MHz, 14001 MHz, 167.72 W, [N/A], 175.00 W, 87, 15607 MiB, 100 %, 5, 8
2026/09/21 01:12:52.084, 0, P0, 1800 MHz, 14001 MHz, 167.58 W, [N/A], 175.00 W, 87, 15607 MiB, 99 %, 5, 8
2026/09/21 01:12:52.345, 0, P0, 1800 MHz, 14001 MHz, 167.58 W, [N/A], 175.00 W, 87, 15607 MiB, 99 %, 5, 8
2026/09/21 01:12:52.598, 0, P0, 1800 MHz, 14001 MHz, 167.47 W, [N/A], 175.00 W, 87, 15607 MiB, 100 %, 5, 8
2026/09/21 01:12:52.850, 0, P0, 1800 MHz, 14001 MHz, 167.47 W, [N/A], 175.00 W, 87, 15607 MiB, 100 %, 5, 8
2026/09/21 01:12:53.102, 0, P0, 1800 MHz, 14001 MHz, 167.52 W, [N/A], 175.00 W, 87, 15607 MiB, 99 %, 5, 8
2026/09/21 01:12:53.354, 0, P0, 1800 MHz, 14001 MHz, 167.52 W, [N/A], 175.00 W, 87, 15607 MiB, 99 %, 5, 8
2026/09/21 01:12:53.606, 0, P0, 1800 MHz, 14001 MHz, 167.53 W, [N/A], 175.00 W, 87, 15607 MiB, 100 %, 5, 8
2026/09/21 01:12:53.858, 0, P0, 1800 MHz, 14001 MHz, 167.53 W, [N/A], 175.00 W, 87, 15607 MiB, 100 %, 5, 8
2026/09/21 01:12:54.110, 0, P0, 1800 MHz, 14001 MHz, 167.54 W, [N/A], 175.00 W, 87, 15607 MiB, 100 %, 5, 8
2026/09/21 01:12:54.362, 0, P0, 1800 MHz, 14001 MHz, 167.54 W, [N/A], 175.00 W, 87, 15607 MiB, 100 %, 5, 8
2026/09/21 01:12:54.615, 0, P0, 1800 MHz, 14001 MHz, 167.48 W, [N/A], 175.00 W, 87, 15607 MiB, 100 %, 5, 8
2026/09/21 01:12:54.867, 0, P0, 1800 MHz, 14001 MHz, 167.48 W, [N/A], 175.00 W, 87, 15607 MiB, 100 %, 5, 8
2026/09/21 01:12:55.119, 0, P0, 1800 MHz, 14001 MHz, 167.45 W, [N/A], 175.00 W, 87, 15607 MiB, 99 %, 5, 8
2026/09/21 01:12:55.371, 0, P0, 1800 MHz, 14001 MHz, 167.45 W, [N/A], 175.00 W, 87, 15607 MiB, 99 %, 5, 8
2026/09/21 01:12:55.623, 0, P0, 1800 MHz, 14001 MHz, 167.44 W, [N/A], 175.00 W, 87, 15607 MiB, 99 %, 5, 8
2026/09/21 01:12:55.875, 0, P0, 1800 MHz, 14001 MHz, 167.44 W, [N/A], 175.00 W, 87, 15607 MiB, 99 %, 5, 8
2026/09/21 01:12:56.127, 0, P0, 1800 MHz, 14001 MHz, 167.36 W, [N/A], 175.00 W, 87, 15607 MiB, 100 %, 5, 8
2026/09/21 01:12:56.380, 0, P0, 1800 MHz, 14001 MHz, 167.36 W, [N/A], 175.00 W, 87, 15607 MiB, 100 %, 5, 8
2026/09/21 01:12:56.632, 0, P0, 1702 MHz, 14001 MHz, 161.47 W, [N/A], 175.00 W, 86, 15607 MiB, 100 %, 5, 8
2026/09/21 01:12:56.884, 0, P0, 1702 MHz, 14001 MHz, 161.47 W, [N/A], 175.00 W, 86, 15607 MiB, 100 %, 5, 8
2026/09/21 01:12:57.136, 0, P0, 1740 MHz, 14001 MHz, 154.28 W, [N/A], 175.00 W, 86, 15607 MiB, 99 %, 5, 8
2026/09/21 01:12:57.388, 0, P0, 1740 MHz, 14001 MHz, 154.28 W, [N/A], 175.00 W, 86, 15607 MiB, 99 %, 5, 8
2026/09/21 01:12:57.640, 0, P0, 1740 MHz, 14001 MHz, 155.13 W, [N/A], 175.00 W, 86, 15607 MiB, 100 %, 5, 8
2026/09/21 01:12:57.893, 0, P0, 1740 MHz, 14001 MHz, 155.13 W, [N/A], 175.00 W, 86, 15607 MiB, 100 %, 5, 8
2026/09/21 01:12:58.154, 0, P0, 1740 MHz, 14001 MHz, 156.19 W, [N/A], 175.00 W, 86, 15607 MiB, 100 %, 5, 8
2026/09/21 01:12:58.406, 0, P0, 1740 MHz, 14001 MHz, 156.21 W, [N/A], 175.00 W, 86, 15607 MiB, 100 %, 5, 8
2026/09/21 01:12:58.658, 0, P0, 1740 MHz, 14001 MHz, 156.21 W, [N/A], 175.00 W, 86, 15607 MiB, 100 %, 5, 8
2026/09/21 01:12:58.911, 0, P0, 1740 MHz, 14001 MHz, 156.28 W, [N/A], 175.00 W, 86, 15607 MiB, 100 %, 5, 8
2026/09/21 01:12:59.163, 0, P0, 1740 MHz, 14001 MHz, 156.28 W, [N/A], 175.00 W, 86, 15607 MiB, 100 %, 5, 8
2026/09/21 01:12:59.415, 0, P0, 1747 MHz, 14001 MHz, 156.37 W, [N/A], 175.00 W, 86, 15607 MiB, 100 %, 5, 8
2026/09/21 01:12:59.667, 0, P0, 1747 MHz, 14001 MHz, 156.37 W, [N/A], 175.00 W, 86, 15607 MiB, 100 %, 5, 8
2026/09/21 01:12:59.920, 0, P0, 1777 MHz, 14001 MHz, 157.66 W, [N/A], 175.00 W, 86, 15607 MiB, 100 %, 5, 8
2026/09/21 01:13:00.172, 0, P0, 1777 MHz, 14001 MHz, 157.66 W, [N/A], 175.00 W, 86, 15607 MiB, 100 %, 5, 8
2026/09/21 01:13:00.424, 0, P0, 1777 MHz, 14001 MHz, 159.05 W, [N/A], 175.00 W, 86, 15607 MiB, 100 %, 5, 8
2026/09/21 01:13:00.677, 0, P0, 1777 MHz, 14001 MHz, 159.05 W, [N/A], 175.00 W, 86, 15607 MiB, 100 %, 5, 8
2026/09/21 01:13:00.929, 0, P0, 1777 MHz, 14001 MHz, 158.96 W, [N/A], 175.00 W, 86, 15607 MiB, 99 %, 5, 8
2026/09/21 01:13:01.181, 0, P0, 1777 MHz, 14001 MHz, 158.96 W, [N/A], 175.00 W, 86, 15607 MiB, 99 %, 5, 8
2026/09/21 01:13:01.433, 0, P0, 1770 MHz, 14001 MHz, 159.01 W, [N/A], 175.00 W, 86, 15607 MiB, 100 %, 5, 8
2026/09/21 01:13:01.686, 0, P0, 1770 MHz, 14001 MHz, 159.01 W, [N/A], 175.00 W, 86, 15607 MiB, 100 %, 5, 8
2026/09/21 01:13:01.938, 0, P0, 1777 MHz, 14001 MHz, 159.04 W, [N/A], 175.00 W, 86, 15607 MiB, 100 %, 5, 8
2026/09/21 01:13:02.190, 0, P0, 1777 MHz, 14001 MHz, 159.04 W, [N/A], 175.00 W, 86, 15607 MiB, 100 %, 5, 8
2026/09/21 01:13:02.442, 0, P0, 1777 MHz, 14001 MHz, 159.26 W, [N/A], 175.00 W, 86, 15607 MiB, 100 %, 5, 8
2026/09/21 01:13:02.695, 0, P0, 1777 MHz, 14001 MHz, 159.26 W, [N/A], 175.00 W, 86, 15607 MiB, 100 %, 5, 8
2026/09/21 01:13:02.947, 0, P0, 1785 MHz, 14001 MHz, 159.35 W, [N/A], 175.00 W, 86, 15607 MiB, 100 %, 5, 8
2026/09/21 01:13:03.199, 0, P0, 1785 MHz, 14001 MHz, 159.35 W, [N/A], 175.00 W, 86, 15607 MiB, 100 %, 5, 8
2026/09/21 01:13:03.461, 0, P0, 1785 MHz, 14001 MHz, 159.32 W, [N/A], 175.00 W, 86, 15607 MiB, 100 %, 5, 8
2026/09/21 01:13:03.713, 0, P0, 1785 MHz, 14001 MHz, 159.32 W, [N/A], 175.00 W, 86, 15607 MiB, 100 %, 5, 8
2026/09/21 01:13:03.966, 0, P0, 1785 MHz, 14001 MHz, 159.09 W, [N/A], 175.00 W, 86, 15607 MiB, 99 %, 5, 8
2026/09/21 01:13:04.218, 0, P0, 1785 MHz, 14001 MHz, 159.09 W, [N/A], 175.00 W, 86, 15607 MiB, 99 %, 5, 8
2026/09/21 01:13:04.470, 0, P0, 1785 MHz, 14001 MHz, 158.94 W, [N/A], 175.00 W, 86, 15607 MiB, 100 %, 5, 8
2026/09/21 01:13:04.722, 0, P0, 1785 MHz, 14001 MHz, 158.94 W, [N/A], 175.00 W, 86, 15607 MiB, 100 %, 5, 8
2026/09/21 01:13:04.974, 0, P0, 1785 MHz, 14001 MHz, 158.92 W, [N/A], 175.00 W, 86, 15607 MiB, 100 %, 5, 8
2026/09/21 01:13:05.226, 0, P0, 1785 MHz, 14001 MHz, 158.92 W, [N/A], 175.00 W, 86, 15607 MiB, 100 %, 5, 8
2026/09/21 01:13:05.479, 0, P0, 1792 MHz, 14001 MHz, 159.33 W, [N/A], 175.00 W, 86, 15607 MiB, 100 %, 5, 8
2026/09/21 01:13:05.731, 0, P0, 1792 MHz, 14001 MHz, 159.33 W, [N/A], 175.00 W, 86, 15607 MiB, 100 %, 5, 8
2026/09/21 01:13:05.983, 0, P0, 1792 MHz, 14001 MHz, 160.72 W, [N/A], 175.00 W, 86, 15607 MiB, 100 %, 5, 8
2026/09/21 01:13:06.236, 0, P0, 1792 MHz, 14001 MHz, 160.72 W, [N/A], 175.00 W, 86, 15607 MiB, 100 %, 5, 8
2026/09/21 01:13:06.488, 0, P0, 1792 MHz, 14001 MHz, 162.05 W, [N/A], 175.00 W, 86, 15607 MiB, 100 %, 5, 8
2026/09/21 01:13:06.740, 0, P0, 1792 MHz, 14001 MHz, 162.05 W, [N/A], 175.00 W, 86, 15607 MiB, 100 %, 5, 8
2026/09/21 01:13:06.993, 0, P0, 1792 MHz, 14001 MHz, 162.02 W, [N/A], 175.00 W, 86, 15607 MiB, 100 %, 5, 8
2026/09/21 01:13:07.245, 0, P0, 1792 MHz, 14001 MHz, 162.02 W, [N/A], 175.00 W, 86, 15607 MiB, 100 %, 5, 8
2026/09/21 01:13:07.497, 0, P0, 1792 MHz, 14001 MHz, 161.94 W, [N/A], 175.00 W, 86, 15607 MiB, 100 %, 5, 8
2026/09/21 01:13:07.749, 0, P0, 1792 MHz, 14001 MHz, 161.94 W, [N/A], 175.00 W, 86, 15607 MiB, 100 %, 5, 8
2026/09/21 01:13:08.001, 0, P0, 1792 MHz, 14001 MHz, 161.96 W, [N/A], 175.00 W, 86, 15607 MiB, 100 %, 5, 8
2026/09/21 01:13:08.253, 0, P0, 1792 MHz, 14001 MHz, 161.96 W, [N/A], 175.00 W, 86, 15607 MiB, 100 %, 5, 8
2026/09/21 01:13:08.505, 0, P0, 1792 MHz, 14001 MHz, 162.04 W, [N/A], 175.00 W, 86, 15607 MiB, 99 %, 5, 8
2026/09/21 01:13:08.767, 0, P0, 1792 MHz, 14001 MHz, 162.04 W, [N/A], 175.00 W, 86, 15607 MiB, 99 %, 5, 8
2026/09/21 01:13:09.019, 0, P0, 1792 MHz, 14001 MHz, 162.00 W, [N/A], 175.00 W, 86, 15607 MiB, 100 %, 5, 8
2026/09/21 01:13:09.271, 0, P0, 1792 MHz, 14001 MHz, 162.00 W, [N/A], 175.00 W, 86, 15607 MiB, 100 %, 5, 8
2026/09/21 01:13:09.523, 0, P0, 1792 MHz, 14001 MHz, 162.08 W, [N/A], 175.00 W, 86, 15607 MiB, 100 %, 5, 8
2026/09/21 01:13:09.775, 0, P0, 1792 MHz, 14001 MHz, 162.08 W, [N/A], 175.00 W, 86, 15607 MiB, 100 %, 5, 8
2026/09/21 01:13:10.027, 0, P0, 1792 MHz, 14001 MHz, 162.16 W, [N/A], 175.00 W, 86, 15607 MiB, 100 %, 5, 8
2026/09/21 01:13:10.280, 0, P0, 1792 MHz, 14001 MHz, 162.16 W, [N/A], 175.00 W, 86, 15607 MiB, 100 %, 5, 8
2026/09/21 01:13:10.532, 0, P0, 1792 MHz, 14001 MHz, 162.16 W, [N/A], 175.00 W, 86, 15607 MiB, 100 %, 5, 8
2026/09/21 01:13:10.784, 0, P0, 1792 MHz, 14001 MHz, 162.16 W, [N/A], 175.00 W, 86, 15607 MiB, 100 %, 5, 8
2026/09/21 01:13:11.036, 0, P0, 1792 MHz, 14001 MHz, 162.19 W, [N/A], 175.00 W, 86, 15607 MiB, 100 %, 5, 8
2026/09/21 01:13:11.288, 0, P0, 1792 MHz, 14001 MHz, 162.19 W, [N/A], 175.00 W, 86, 15607 MiB, 100 %, 5, 8
2026/09/21 01:13:11.540, 0, P0, 1792 MHz, 14001 MHz, 162.16 W, [N/A], 175.00 W, 86, 15607 MiB, 100 %, 5, 8
2026/09/21 01:13:11.793, 0, P0, 1792 MHz, 14001 MHz, 162.16 W, [N/A], 175.00 W, 86, 15607 MiB, 100 %, 5, 8
2026/09/21 01:13:12.045, 0, P0, 1792 MHz, 14001 MHz, 162.19 W, [N/A], 175.00 W, 86, 15607 MiB, 100 %, 5, 8
2026/09/21 01:13:12.297, 0, P0, 1792 MHz, 14001 MHz, 162.19 W, [N/A], 175.00 W, 86, 15607 MiB, 100 %, 5, 8
2026/09/21 01:13:12.549, 0, P0, 1792 MHz, 14001 MHz, 162.13 W, [N/A], 175.00 W, 86, 15607 MiB, 100 %, 5, 8
2026/09/21 01:13:12.801, 0, P0, 1792 MHz, 14001 MHz, 162.13 W, [N/A], 175.00 W, 86, 15607 MiB, 100 %, 5, 8
2026/09/21 01:13:13.054, 0, P0, 1792 MHz, 14001 MHz, 162.07 W, [N/A], 175.00 W, 86, 15607 MiB, 100 %, 5, 8
2026/09/21 01:13:13.305, 0, P0, 1792 MHz, 14001 MHz, 162.07 W, [N/A], 175.00 W, 86, 15607 MiB, 100 %, 5, 8
2026/09/21 01:13:13.558, 0, P0, 1792 MHz, 14001 MHz, 162.00 W, [N/A], 175.00 W, 86, 15607 MiB, 100 %, 5, 8
2026/09/21 01:13:13.810, 0, P0, 1792 MHz, 14001 MHz, 162.00 W, [N/A], 175.00 W, 86, 15607 MiB, 100 %, 5, 8
2026/09/21 01:13:14.062, 0, P0, 1792 MHz, 14001 MHz, 161.96 W, [N/A], 175.00 W, 86, 15607 MiB, 100 %, 5, 8
2026/09/21 01:13:14.314, 0, P0, 1792 MHz, 14001 MHz, 161.96 W, [N/A], 175.00 W, 86, 15607 MiB, 100 %, 5, 8
2026/09/21 01:13:14.575, 0, P0, 1792 MHz, 14001 MHz, 162.07 W, [N/A], 175.00 W, 86, 15607 MiB, 100 %, 5, 8
2026/09/21 01:13:14.827, 0, P0, 1792 MHz, 14001 MHz, 162.07 W, [N/A], 175.00 W, 86, 15607 MiB, 100 %, 5, 8
2026/09/21 01:13:15.079, 0, P0, 1792 MHz, 14001 MHz, 162.18 W, [N/A], 175.00 W, 86, 15607 MiB, 100 %, 5, 8
2026/09/21 01:13:15.331, 0, P0, 1792 MHz, 14001 MHz, 162.18 W, [N/A], 175.00 W, 86, 15607 MiB, 100 %, 5, 8
2026/09/21 01:13:15.584, 0, P0, 1792 MHz, 14001 MHz, 162.14 W, [N/A], 175.00 W, 86, 15607 MiB, 99 %, 5, 8
2026/09/21 01:13:15.836, 0, P0, 1792 MHz, 14001 MHz, 162.14 W, [N/A], 175.00 W, 86, 15607 MiB, 99 %, 5, 8
2026/09/21 01:13:16.088, 0, P0, 1792 MHz, 14001 MHz, 162.09 W, [N/A], 175.00 W, 86, 15607 MiB, 100 %, 5, 8
2026/09/21 01:13:16.340, 0, P0, 1792 MHz, 14001 MHz, 162.09 W, [N/A], 175.00 W, 86, 15607 MiB, 100 %, 5, 8
2026/09/21 01:13:16.592, 0, P0, 1792 MHz, 14001 MHz, 162.52 W, [N/A], 175.00 W, 86, 15607 MiB, 100 %, 5, 8
2026/09/21 01:13:16.844, 0, P0, 1792 MHz, 14001 MHz, 162.52 W, [N/A], 175.00 W, 86, 15607 MiB, 100 %, 5, 8
2026/09/21 01:13:17.096, 0, P0, 1792 MHz, 14001 MHz, 163.35 W, [N/A], 175.00 W, 86, 15607 MiB, 99 %, 5, 8
2026/09/21 01:13:17.348, 0, P0, 1792 MHz, 14001 MHz, 163.35 W, [N/A], 175.00 W, 86, 15607 MiB, 99 %, 5, 8
2026/09/21 01:13:17.601, 0, P0, 1792 MHz, 14001 MHz, 163.69 W, [N/A], 175.00 W, 86, 15607 MiB, 100 %, 5, 8
2026/09/21 01:13:17.853, 0, P0, 1792 MHz, 14001 MHz, 163.69 W, [N/A], 175.00 W, 86, 15607 MiB, 100 %, 5, 8
2026/09/21 01:13:18.106, 0, P0, 1792 MHz, 14001 MHz, 163.76 W, [N/A], 175.00 W, 86, 15607 MiB, 100 %, 5, 8
2026/09/21 01:13:18.358, 0, P0, 1792 MHz, 14001 MHz, 163.76 W, [N/A], 175.00 W, 86, 15607 MiB, 100 %, 5, 8
2026/09/21 01:13:18.610, 0, P0, 1792 MHz, 14001 MHz, 163.73 W, [N/A], 175.00 W, 86, 15607 MiB, 99 %, 5, 8
2026/09/21 01:13:18.862, 0, P0, 1792 MHz, 14001 MHz, 163.73 W, [N/A], 175.00 W, 86, 15607 MiB, 99 %, 5, 8
2026/09/21 01:13:19.114, 0, P0, 1792 MHz, 14001 MHz, 163.69 W, [N/A], 175.00 W, 86, 15607 MiB, 100 %, 5, 8
2026/09/21 01:13:19.367, 0, P0, 1792 MHz, 14001 MHz, 163.69 W, [N/A], 175.00 W, 86, 15607 MiB, 100 %, 5, 8
2026/09/21 01:13:19.619, 0, P0, 1792 MHz, 14001 MHz, 163.71 W, [N/A], 175.00 W, 86, 15607 MiB, 100 %, 5, 8
2026/09/21 01:13:19.883, 0, P0, 1792 MHz, 14001 MHz, 163.71 W, [N/A], 175.00 W, 86, 15607 MiB, 100 %, 5, 8
2026/09/21 01:13:20.135, 0, P0, 1792 MHz, 14001 MHz, 163.69 W, [N/A], 175.00 W, 86, 15607 MiB, 100 %, 5, 8
2026/09/21 01:13:20.387, 0, P0, 1792 MHz, 14001 MHz, 163.69 W, [N/A], 175.00 W, 86, 15607 MiB, 100 %, 5, 8
2026/09/21 01:13:20.639, 0, P0, 1792 MHz, 14001 MHz, 163.69 W, [N/A], 175.00 W, 86, 15607 MiB, 100 %, 5, 8
2026/09/21 01:13:20.891, 0, P0, 1792 MHz, 14001 MHz, 163.69 W, [N/A], 175.00 W, 86, 15607 MiB, 100 %, 5, 8
2026/09/21 01:13:21.143, 0, P0, 1792 MHz, 14001 MHz, 163.70 W, [N/A], 175.00 W, 86, 15607 MiB, 99 %, 5, 8
2026/09/21 01:13:21.396, 0, P0, 1792 MHz, 14001 MHz, 163.70 W, [N/A], 175.00 W, 86, 15607 MiB, 99 %, 5, 8
2026/09/21 01:13:21.648, 0, P0, 1792 MHz, 14001 MHz, 163.70 W, [N/A], 175.00 W, 86, 15607 MiB, 100 %, 5, 8
2026/09/21 01:13:21.900, 0, P0, 1792 MHz, 14001 MHz, 163.70 W, [N/A], 175.00 W, 86, 15607 MiB, 100 %, 5, 8
2026/09/21 01:13:22.152, 0, P0, 1792 MHz, 14001 MHz, 163.75 W, [N/A], 175.00 W, 86, 15607 MiB, 100 %, 5, 8
2026/09/21 01:13:22.404, 0, P0, 1792 MHz, 14001 MHz, 163.75 W, [N/A], 175.00 W, 86, 15607 MiB, 100 %, 5, 8
2026/09/21 01:13:22.657, 0, P0, 1792 MHz, 14001 MHz, 163.80 W, [N/A], 175.00 W, 86, 15607 MiB, 100 %, 5, 8
2026/09/21 01:13:22.909, 0, P0, 1792 MHz, 14001 MHz, 163.80 W, [N/A], 175.00 W, 86, 15607 MiB, 100 %, 5, 8
2026/09/21 01:13:23.161, 0, P0, 1792 MHz, 14001 MHz, 163.78 W, [N/A], 175.00 W, 86, 15607 MiB, 100 %, 5, 8
2026/09/21 01:13:23.413, 0, P0, 1792 MHz, 14001 MHz, 163.78 W, [N/A], 175.00 W, 86, 15607 MiB, 100 %, 5, 8
2026/09/21 01:13:23.665, 0, P0, 1815 MHz, 14001 MHz, 164.89 W, [N/A], 175.00 W, 86, 15607 MiB, 99 %, 5, 8
2026/09/21 01:13:23.917, 0, P0, 1815 MHz, 14001 MHz, 164.89 W, [N/A], 175.00 W, 86, 15607 MiB, 99 %, 5, 8
2026/09/21 01:13:24.170, 0, P0, 1815 MHz, 14001 MHz, 166.74 W, [N/A], 175.00 W, 86, 15607 MiB, 100 %, 5, 8
2026/09/21 01:13:24.422, 0, P0, 1815 MHz, 14001 MHz, 166.74 W, [N/A], 175.00 W, 86, 15607 MiB, 100 %, 5, 8
2026/09/21 01:13:24.674, 0, P0, 1815 MHz, 14001 MHz, 168.00 W, [N/A], 175.00 W, 86, 15607 MiB, 100 %, 5, 8
2026/09/21 01:13:24.926, 0, P0, 1815 MHz, 14001 MHz, 168.00 W, [N/A], 175.00 W, 86, 15607 MiB, 100 %, 5, 8
2026/09/21 01:13:25.186, 0, P0, 1815 MHz, 14001 MHz, 168.08 W, [N/A], 175.00 W, 86, 15607 MiB, 99 %, 5, 8
2026/09/21 01:13:25.439, 0, P0, 1807 MHz, 14001 MHz, 167.90 W, [N/A], 175.00 W, 86, 15607 MiB, 100 %, 5, 8
2026/09/21 01:13:25.691, 0, P0, 1807 MHz, 14001 MHz, 167.90 W, [N/A], 175.00 W, 86, 15607 MiB, 100 %, 5, 8
2026/09/21 01:13:25.943, 0, P0, 1815 MHz, 14001 MHz, 167.90 W, [N/A], 175.00 W, 86, 15607 MiB, 100 %, 5, 8
2026/09/21 01:13:26.195, 0, P0, 1815 MHz, 14001 MHz, 167.90 W, [N/A], 175.00 W, 86, 15607 MiB, 100 %, 5, 8
2026/09/21 01:13:26.447, 0, P0, 1807 MHz, 14001 MHz, 167.83 W, [N/A], 175.00 W, 86, 15607 MiB, 100 %, 5, 8
2026/09/21 01:13:26.699, 0, P0, 1807 MHz, 14001 MHz, 167.83 W, [N/A], 175.00 W, 86, 15607 MiB, 100 %, 5, 8
2026/09/21 01:13:26.951, 0, P0, 1807 MHz, 14001 MHz, 167.73 W, [N/A], 175.00 W, 86, 15607 MiB, 100 %, 5, 8
2026/09/21 01:13:27.203, 0, P0, 1807 MHz, 14001 MHz, 167.73 W, [N/A], 175.00 W, 86, 15607 MiB, 100 %, 5, 8
2026/09/21 01:13:27.456, 0, P0, 1815 MHz, 14001 MHz, 167.79 W, [N/A], 175.00 W, 86, 15607 MiB, 100 %, 5, 8
2026/09/21 01:13:27.708, 0, P0, 1815 MHz, 14001 MHz, 167.79 W, [N/A], 175.00 W, 86, 15607 MiB, 100 %, 5, 8
2026/09/21 01:13:27.960, 0, P0, 1815 MHz, 14001 MHz, 167.92 W, [N/A], 175.00 W, 86, 15607 MiB, 100 %, 5, 8
2026/09/21 01:13:28.212, 0, P0, 1815 MHz, 14001 MHz, 167.92 W, [N/A], 175.00 W, 86, 15607 MiB, 100 %, 5, 8
2026/09/21 01:13:28.465, 0, P0, 1807 MHz, 14001 MHz, 167.73 W, [N/A], 175.00 W, 86, 15607 MiB, 100 %, 5, 8
2026/09/21 01:13:28.717, 0, P0, 1807 MHz, 14001 MHz, 167.73 W, [N/A], 175.00 W, 86, 15607 MiB, 100 %, 5, 8
2026/09/21 01:13:28.969, 0, P0, 1815 MHz, 14001 MHz, 167.77 W, [N/A], 175.00 W, 86, 15607 MiB, 100 %, 5, 8
2026/09/21 01:13:29.221, 0, P0, 1815 MHz, 14001 MHz, 167.77 W, [N/A], 175.00 W, 86, 15607 MiB, 100 %, 5, 8
2026/09/21 01:13:29.473, 0, P0, 1815 MHz, 14001 MHz, 167.83 W, [N/A], 175.00 W, 86, 15607 MiB, 100 %, 5, 8
2026/09/21 01:13:29.725, 0, P0, 1815 MHz, 14001 MHz, 167.83 W, [N/A], 175.00 W, 86, 15607 MiB, 100 %, 5, 8
2026/09/21 01:13:29.977, 0, P0, 1815 MHz, 14001 MHz, 167.74 W, [N/A], 175.00 W, 86, 15607 MiB, 100 %, 5, 8
2026/09/21 01:13:30.229, 0, P0, 1815 MHz, 14001 MHz, 167.74 W, [N/A], 175.00 W, 86, 15607 MiB, 100 %, 5, 8
2026/09/21 01:13:30.482, 0, P0, 1807 MHz, 14001 MHz, 167.75 W, [N/A], 175.00 W, 86, 15607 MiB, 100 %, 5, 8
2026/09/21 01:13:30.734, 0, P0, 1807 MHz, 14001 MHz, 167.75 W, [N/A], 175.00 W, 86, 15607 MiB, 100 %, 5, 8
2026/09/21 01:13:30.994, 0, P0, 1807 MHz, 14001 MHz, 167.78 W, [N/A], 175.00 W, 86, 15607 MiB, 100 %, 5, 8
2026/09/21 01:13:31.246, 0, P0, 1807 MHz, 14001 MHz, 167.78 W, [N/A], 175.00 W, 86, 15607 MiB, 100 %, 5, 8
2026/09/21 01:13:31.498, 0, P0, 1807 MHz, 14001 MHz, 167.73 W, [N/A], 175.00 W, 86, 15607 MiB, 100 %, 5, 8
2026/09/21 01:13:31.750, 0, P0, 1807 MHz, 14001 MHz, 167.73 W, [N/A], 175.00 W, 86, 15607 MiB, 100 %, 5, 8
2026/09/21 01:13:32.002, 0, P0, 1807 MHz, 14001 MHz, 167.63 W, [N/A], 175.00 W, 86, 15607 MiB, 100 %, 5, 8
2026/09/21 01:13:32.254, 0, P0, 1807 MHz, 14001 MHz, 167.63 W, [N/A], 175.00 W, 86, 15607 MiB, 100 %, 5, 8
2026/09/21 01:13:32.506, 0, P0, 1807 MHz, 14001 MHz, 167.69 W, [N/A], 175.00 W, 86, 15607 MiB, 100 %, 5, 8
2026/09/21 01:13:32.758, 0, P0, 1807 MHz, 14001 MHz, 167.69 W, [N/A], 175.00 W, 86, 15607 MiB, 100 %, 5, 8
2026/09/21 01:13:33.010, 0, P0, 1807 MHz, 14001 MHz, 167.69 W, [N/A], 175.00 W, 86, 15607 MiB, 100 %, 5, 8
2026/09/21 01:13:33.262, 0, P0, 1807 MHz, 14001 MHz, 167.69 W, [N/A], 175.00 W, 86, 15607 MiB, 100 %, 5, 8
2026/09/21 01:13:33.514, 0, P0, 1815 MHz, 14001 MHz, 167.76 W, [N/A], 175.00 W, 87, 15607 MiB, 100 %, 5, 8
2026/09/21 01:13:33.767, 0, P0, 1815 MHz, 14001 MHz, 167.76 W, [N/A], 175.00 W, 87, 15607 MiB, 100 %, 5, 8
2026/09/21 01:13:34.019, 0, P0, 1807 MHz, 14001 MHz, 167.82 W, [N/A], 175.00 W, 87, 15607 MiB, 100 %, 5, 8
2026/09/21 01:13:34.271, 0, P0, 1807 MHz, 14001 MHz, 167.82 W, [N/A], 175.00 W, 87, 15607 MiB, 100 %, 5, 8
2026/09/21 01:13:34.523, 0, P0, 1807 MHz, 14001 MHz, 167.79 W, [N/A], 175.00 W, 87, 15607 MiB, 100 %, 5, 8
2026/09/21 01:13:34.775, 0, P0, 1807 MHz, 14001 MHz, 167.79 W, [N/A], 175.00 W, 87, 15607 MiB, 100 %, 5, 8
2026/09/21 01:13:35.027, 0, P0, 1807 MHz, 14001 MHz, 167.74 W, [N/A], 175.00 W, 86, 15607 MiB, 100 %, 5, 8
2026/09/21 01:13:35.279, 0, P0, 1807 MHz, 14001 MHz, 167.74 W, [N/A], 175.00 W, 86, 15607 MiB, 100 %, 5, 8
2026/09/21 01:13:35.531, 0, P0, 1807 MHz, 14001 MHz, 167.75 W, [N/A], 175.00 W, 87, 15607 MiB, 100 %, 5, 8
2026/09/21 01:13:35.783, 0, P0, 1807 MHz, 14001 MHz, 167.75 W, [N/A], 175.00 W, 87, 15607 MiB, 100 %, 5, 8
2026/09/21 01:13:36.035, 0, P0, 1807 MHz, 14001 MHz, 167.71 W, [N/A], 175.00 W, 87, 15607 MiB, 100 %, 5, 8
2026/09/21 01:13:36.287, 0, P0, 1807 MHz, 14001 MHz, 167.71 W, [N/A], 175.00 W, 87, 15607 MiB, 100 %, 5, 8
2026/09/21 01:13:36.540, 0, P0, 1807 MHz, 14001 MHz, 167.69 W, [N/A], 175.00 W, 87, 15607 MiB, 100 %, 5, 8
2026/09/21 01:13:36.805, 0, P0, 1807 MHz, 14001 MHz, 167.69 W, [N/A], 175.00 W, 87, 15607 MiB, 100 %, 5, 8
2026/09/21 01:13:37.057, 0, P0, 1807 MHz, 14001 MHz, 167.78 W, [N/A], 175.00 W, 87, 15607 MiB, 99 %, 5, 8
2026/09/21 01:13:37.309, 0, P0, 1807 MHz, 14001 MHz, 167.78 W, [N/A], 175.00 W, 87, 15607 MiB, 99 %, 5, 8
2026/09/21 01:13:37.561, 0, P0, 1807 MHz, 14001 MHz, 167.85 W, [N/A], 175.00 W, 87, 15607 MiB, 100 %, 5, 8
2026/09/21 01:13:37.813, 0, P0, 1807 MHz, 14001 MHz, 167.85 W, [N/A], 175.00 W, 87, 15607 MiB, 100 %, 5, 8
2026/09/21 01:13:38.065, 0, P0, 1807 MHz, 14001 MHz, 167.87 W, [N/A], 175.00 W, 87, 15607 MiB, 99 %, 5, 8
2026/09/21 01:13:38.318, 0, P0, 1807 MHz, 14001 MHz, 167.87 W, [N/A], 175.00 W, 87, 15607 MiB, 99 %, 5, 8
2026/09/21 01:13:38.570, 0, P0, 1807 MHz, 14001 MHz, 167.79 W, [N/A], 175.00 W, 87, 15607 MiB, 100 %, 5, 8
2026/09/21 01:13:38.822, 0, P0, 1807 MHz, 14001 MHz, 167.79 W, [N/A], 175.00 W, 87, 15607 MiB, 100 %, 5, 8
2026/09/21 01:13:39.074, 0, P0, 1815 MHz, 14001 MHz, 167.75 W, [N/A], 175.00 W, 87, 15607 MiB, 99 %, 5, 8
2026/09/21 01:13:39.326, 0, P0, 1815 MHz, 14001 MHz, 167.75 W, [N/A], 175.00 W, 87, 15607 MiB, 99 %, 5, 8
2026/09/21 01:13:39.579, 0, P0, 1807 MHz, 14001 MHz, 167.74 W, [N/A], 175.00 W, 87, 15607 MiB, 100 %, 5, 8
2026/09/21 01:13:39.831, 0, P0, 1807 MHz, 14001 MHz, 167.74 W, [N/A], 175.00 W, 87, 15607 MiB, 100 %, 5, 8
2026/09/21 01:13:40.083, 0, P0, 1807 MHz, 14001 MHz, 167.70 W, [N/A], 175.00 W, 87, 15607 MiB, 100 %, 5, 8
2026/09/21 01:13:40.335, 0, P0, 1807 MHz, 14001 MHz, 167.70 W, [N/A], 175.00 W, 87, 15607 MiB, 100 %, 5, 8
2026/09/21 01:13:40.587, 0, P0, 1807 MHz, 14001 MHz, 167.67 W, [N/A], 175.00 W, 87, 15607 MiB, 100 %, 5, 8
2026/09/21 01:13:40.839, 0, P0, 1807 MHz, 14001 MHz, 167.67 W, [N/A], 175.00 W, 87, 15607 MiB, 100 %, 5, 8
2026/09/21 01:13:41.091, 0, P0, 1807 MHz, 14001 MHz, 167.66 W, [N/A], 175.00 W, 87, 15607 MiB, 100 %, 5, 8
2026/09/21 01:13:41.343, 0, P0, 1807 MHz, 14001 MHz, 167.66 W, [N/A], 175.00 W, 87, 15607 MiB, 100 %, 5, 8
2026/09/21 01:13:41.606, 0, P0, 1807 MHz, 14001 MHz, 167.75 W, [N/A], 175.00 W, 87, 15607 MiB, 100 %, 5, 8
2026/09/21 01:13:41.858, 0, P0, 1807 MHz, 14001 MHz, 167.75 W, [N/A], 175.00 W, 87, 15607 MiB, 100 %, 5, 8
2026/09/21 01:13:42.110, 0, P0, 1807 MHz, 14001 MHz, 167.78 W, [N/A], 175.00 W, 87, 15607 MiB, 100 %, 5, 8
2026/09/21 01:13:42.362, 0, P0, 1807 MHz, 14001 MHz, 167.78 W, [N/A], 175.00 W, 87, 15607 MiB, 100 %, 5, 8
2026/09/21 01:13:42.614, 0, P0, 1807 MHz, 14001 MHz, 167.79 W, [N/A], 175.00 W, 87, 15607 MiB, 100 %, 5, 8
2026/09/21 01:13:42.866, 0, P0, 1807 MHz, 14001 MHz, 167.79 W, [N/A], 175.00 W, 87, 15607 MiB, 100 %, 5, 8
2026/09/21 01:13:43.128, 0, P0, 1807 MHz, 14001 MHz, 167.80 W, [N/A], 175.00 W, 87, 15607 MiB, 100 %, 5, 8
2026/09/21 01:13:43.380, 0, P0, 1807 MHz, 14001 MHz, 167.80 W, [N/A], 175.00 W, 87, 15607 MiB, 100 %, 5, 8
2026/09/21 01:13:43.632, 0, P0, 1807 MHz, 14001 MHz, 167.75 W, [N/A], 175.00 W, 87, 15607 MiB, 100 %, 5, 8
2026/09/21 01:13:43.884, 0, P0, 1807 MHz, 14001 MHz, 167.75 W, [N/A], 175.00 W, 87, 15607 MiB, 100 %, 5, 8
2026/09/21 01:13:44.136, 0, P0, 1807 MHz, 14001 MHz, 167.78 W, [N/A], 175.00 W, 87, 15607 MiB, 100 %, 5, 8
2026/09/21 01:13:44.388, 0, P0, 1807 MHz, 14001 MHz, 167.78 W, [N/A], 175.00 W, 87, 15607 MiB, 100 %, 5, 8
2026/09/21 01:13:44.640, 0, P0, 1807 MHz, 14001 MHz, 167.77 W, [N/A], 175.00 W, 87, 15607 MiB, 100 %, 5, 8
2026/09/21 01:13:44.892, 0, P0, 1807 MHz, 14001 MHz, 167.77 W, [N/A], 175.00 W, 87, 15607 MiB, 100 %, 5, 8
2026/09/21 01:13:45.145, 0, P0, 1807 MHz, 14001 MHz, 167.71 W, [N/A], 175.00 W, 87, 15607 MiB, 100 %, 5, 8
2026/09/21 01:13:45.397, 0, P0, 1807 MHz, 14001 MHz, 167.71 W, [N/A], 175.00 W, 87, 15607 MiB, 100 %, 5, 8
2026/09/21 01:13:45.649, 0, P0, 1807 MHz, 14001 MHz, 167.81 W, [N/A], 175.00 W, 87, 15607 MiB, 100 %, 5, 8
2026/09/21 01:13:45.908, 0, P0, 1807 MHz, 14001 MHz, 167.81 W, [N/A], 175.00 W, 87, 15607 MiB, 100 %, 5, 8
2026/09/21 01:13:46.160, 0, P0, 1807 MHz, 14001 MHz, 167.85 W, [N/A], 175.00 W, 87, 15607 MiB, 99 %, 5, 8
2026/09/21 01:13:46.412, 0, P0, 1807 MHz, 14001 MHz, 167.85 W, [N/A], 175.00 W, 87, 15607 MiB, 99 %, 5, 8
2026/09/21 01:13:46.664, 0, P0, 1800 MHz, 14001 MHz, 167.86 W, [N/A], 175.00 W, 87, 15607 MiB, 100 %, 5, 8
2026/09/21 01:13:46.916, 0, P0, 1800 MHz, 14001 MHz, 167.86 W, [N/A], 175.00 W, 87, 15607 MiB, 100 %, 5, 8
2026/09/21 01:13:47.168, 0, P0, 1807 MHz, 14001 MHz, 167.85 W, [N/A], 175.00 W, 87, 15607 MiB, 100 %, 5, 8
2026/09/21 01:13:47.420, 0, P0, 1807 MHz, 14001 MHz, 167.85 W, [N/A], 175.00 W, 87, 15607 MiB, 100 %, 5, 8
2026/09/21 01:13:47.673, 0, P0, 1807 MHz, 14001 MHz, 167.92 W, [N/A], 175.00 W, 87, 15607 MiB, 100 %, 5, 8
2026/09/21 01:13:47.925, 0, P0, 1807 MHz, 14001 MHz, 167.92 W, [N/A], 175.00 W, 87, 15607 MiB, 100 %, 5, 8
2026/09/21 01:13:48.177, 0, P0, 1800 MHz, 14001 MHz, 167.91 W, [N/A], 175.00 W, 87, 15607 MiB, 100 %, 5, 8
2026/09/21 01:13:48.429, 0, P0, 1800 MHz, 14001 MHz, 167.91 W, [N/A], 175.00 W, 87, 15607 MiB, 100 %, 5, 8
2026/09/21 01:13:48.681, 0, P0, 1807 MHz, 14001 MHz, 167.87 W, [N/A], 175.00 W, 87, 15607 MiB, 100 %, 5, 8
2026/09/21 01:13:48.933, 0, P0, 1807 MHz, 14001 MHz, 167.87 W, [N/A], 175.00 W, 87, 15607 MiB, 100 %, 5, 8
2026/09/21 01:13:49.185, 0, P0, 1807 MHz, 14001 MHz, 167.86 W, [N/A], 175.00 W, 87, 15607 MiB, 100 %, 5, 8
2026/09/21 01:13:49.437, 0, P0, 1807 MHz, 14001 MHz, 167.86 W, [N/A], 175.00 W, 87, 15607 MiB, 100 %, 5, 8
2026/09/21 01:13:49.690, 0, P0, 1807 MHz, 14001 MHz, 167.82 W, [N/A], 175.00 W, 87, 15607 MiB, 100 %, 5, 8
2026/09/21 01:13:49.942, 0, P0, 1807 MHz, 14001 MHz, 167.82 W, [N/A], 175.00 W, 87, 15607 MiB, 100 %, 5, 8
2026/09/21 01:13:50.194, 0, P0, 1807 MHz, 14001 MHz, 167.83 W, [N/A], 175.00 W, 87, 15607 MiB, 100 %, 5, 8
2026/09/21 01:13:50.446, 0, P0, 1807 MHz, 14001 MHz, 167.83 W, [N/A], 175.00 W, 87, 15607 MiB, 100 %, 5, 8
2026/09/21 01:13:50.698, 0, P0, 1807 MHz, 14001 MHz, 167.79 W, [N/A], 175.00 W, 87, 15607 MiB, 100 %, 5, 8
2026/09/21 01:13:50.950, 0, P0, 1807 MHz, 14001 MHz, 167.79 W, [N/A], 175.00 W, 87, 15607 MiB, 100 %, 5, 8
2026/09/21 01:13:51.202, 0, P0, 1807 MHz, 14001 MHz, 167.80 W, [N/A], 175.00 W, 87, 15607 MiB, 100 %, 5, 8
2026/09/21 01:13:51.455, 0, P0, 1807 MHz, 14001 MHz, 167.80 W, [N/A], 175.00 W, 87, 15607 MiB, 100 %, 5, 8
2026/09/21 01:13:51.707, 0, P0, 1807 MHz, 14001 MHz, 167.84 W, [N/A], 175.00 W, 87, 15607 MiB, 100 %, 5, 8
2026/09/21 01:13:51.959, 0, P0, 1807 MHz, 14001 MHz, 167.84 W, [N/A], 175.00 W, 87, 15607 MiB, 100 %, 5, 8
2026/09/21 01:13:52.221, 0, P0, 1800 MHz, 14001 MHz, 167.81 W, [N/A], 175.00 W, 87, 15607 MiB, 100 %, 5, 8
2026/09/21 01:13:52.473, 0, P0, 1807 MHz, 14001 MHz, 167.87 W, [N/A], 175.00 W, 87, 15607 MiB, 100 %, 5, 8
2026/09/21 01:13:52.725, 0, P0, 1807 MHz, 14001 MHz, 167.87 W, [N/A], 175.00 W, 87, 15607 MiB, 100 %, 5, 8
2026/09/21 01:13:52.977, 0, P0, 1807 MHz, 14001 MHz, 167.90 W, [N/A], 175.00 W, 87, 15607 MiB, 100 %, 5, 8
2026/09/21 01:13:53.230, 0, P0, 1807 MHz, 14001 MHz, 167.90 W, [N/A], 175.00 W, 87, 15607 MiB, 100 %, 5, 8
2026/09/21 01:13:53.482, 0, P0, 1800 MHz, 14001 MHz, 167.83 W, [N/A], 175.00 W, 87, 15607 MiB, 100 %, 5, 8
2026/09/21 01:13:53.734, 0, P0, 1800 MHz, 14001 MHz, 167.83 W, [N/A], 175.00 W, 87, 15607 MiB, 100 %, 5, 8
2026/09/21 01:13:53.986, 0, P0, 1800 MHz, 14001 MHz, 167.70 W, [N/A], 175.00 W, 87, 15607 MiB, 99 %, 5, 8
2026/09/21 01:13:54.238, 0, P0, 1800 MHz, 14001 MHz, 167.70 W, [N/A], 175.00 W, 87, 15607 MiB, 99 %, 5, 8
2026/09/21 01:13:54.491, 0, P0, 1800 MHz, 14001 MHz, 167.70 W, [N/A], 175.00 W, 87, 15607 MiB, 100 %, 5, 8
2026/09/21 01:13:54.743, 0, P0, 1800 MHz, 14001 MHz, 167.70 W, [N/A], 175.00 W, 87, 15607 MiB, 100 %, 5, 8
2026/09/21 01:13:54.995, 0, P0, 1800 MHz, 14001 MHz, 167.71 W, [N/A], 175.00 W, 87, 15607 MiB, 100 %, 5, 8
2026/09/21 01:13:55.247, 0, P0, 1800 MHz, 14001 MHz, 167.71 W, [N/A], 175.00 W, 87, 15607 MiB, 100 %, 5, 8
2026/09/21 01:13:55.499, 0, P0, 1800 MHz, 14001 MHz, 167.61 W, [N/A], 175.00 W, 87, 15607 MiB, 100 %, 5, 8
2026/09/21 01:13:55.751, 0, P0, 1800 MHz, 14001 MHz, 167.61 W, [N/A], 175.00 W, 87, 15607 MiB, 100 %, 5, 8
2026/09/21 01:13:56.003, 0, P0, 1800 MHz, 14001 MHz, 167.72 W, [N/A], 175.00 W, 87, 15607 MiB, 99 %, 5, 8
2026/09/21 01:13:56.255, 0, P0, 1800 MHz, 14001 MHz, 167.72 W, [N/A], 175.00 W, 87, 15607 MiB, 99 %, 5, 8
2026/09/21 01:13:56.507, 0, P0, 1800 MHz, 14001 MHz, 167.79 W, [N/A], 175.00 W, 87, 15607 MiB, 100 %, 5, 8
2026/09/21 01:13:56.759, 0, P0, 1800 MHz, 14001 MHz, 167.79 W, [N/A], 175.00 W, 87, 15607 MiB, 100 %, 5, 8
2026/09/21 01:13:57.011, 0, P0, 1800 MHz, 14001 MHz, 167.79 W, [N/A], 175.00 W, 87, 15607 MiB, 100 %, 5, 8
2026/09/21 01:13:57.264, 0, P0, 1800 MHz, 14001 MHz, 167.79 W, [N/A], 175.00 W, 87, 15607 MiB, 100 %, 5, 8
2026/09/21 01:13:57.524, 0, P0, 1800 MHz, 14001 MHz, 167.82 W, [N/A], 175.00 W, 87, 15607 MiB, 100 %, 5, 8
2026/09/21 01:13:57.776, 0, P0, 1800 MHz, 14001 MHz, 167.82 W, [N/A], 175.00 W, 87, 15607 MiB, 100 %, 5, 8
2026/09/21 01:13:58.028, 0, P0, 1807 MHz, 14001 MHz, 167.93 W, [N/A], 175.00 W, 87, 15607 MiB, 100 %, 5, 8
2026/09/21 01:13:58.280, 0, P0, 1807 MHz, 14001 MHz, 167.93 W, [N/A], 175.00 W, 87, 15607 MiB, 100 %, 5, 8
2026/09/21 01:13:58.532, 0, P0, 1800 MHz, 14001 MHz, 168.03 W, [N/A], 175.00 W, 87, 15607 MiB, 100 %, 5, 8
2026/09/21 01:13:58.784, 0, P0, 1800 MHz, 14001 MHz, 168.03 W, [N/A], 175.00 W, 87, 15607 MiB, 100 %, 5, 8
2026/09/21 01:13:59.036, 0, P0, 1800 MHz, 14001 MHz, 167.95 W, [N/A], 175.00 W, 87, 15607 MiB, 100 %, 5, 8
2026/09/21 01:13:59.288, 0, P0, 1800 MHz, 14001 MHz, 167.95 W, [N/A], 175.00 W, 87, 15607 MiB, 100 %, 5, 8
2026/09/21 01:13:59.540, 0, P0, 1800 MHz, 14001 MHz, 167.91 W, [N/A], 175.00 W, 87, 15607 MiB, 100 %, 5, 8
2026/09/21 01:13:59.792, 0, P0, 1800 MHz, 14001 MHz, 167.91 W, [N/A], 175.00 W, 87, 15607 MiB, 100 %, 5, 8
2026/09/21 01:14:00.044, 0, P0, 1807 MHz, 14001 MHz, 167.88 W, [N/A], 175.00 W, 87, 15607 MiB, 100 %, 5, 8
2026/09/21 01:14:00.297, 0, P0, 1807 MHz, 14001 MHz, 167.88 W, [N/A], 175.00 W, 87, 15607 MiB, 100 %, 5, 8
2026/09/21 01:14:00.549, 0, P0, 1807 MHz, 14001 MHz, 167.87 W, [N/A], 175.00 W, 87, 15607 MiB, 100 %, 5, 8
2026/09/21 01:14:00.801, 0, P0, 1807 MHz, 14001 MHz, 167.87 W, [N/A], 175.00 W, 87, 15607 MiB, 100 %, 5, 8
2026/09/21 01:14:01.053, 0, P0, 1807 MHz, 14001 MHz, 167.84 W, [N/A], 175.00 W, 87, 15607 MiB, 100 %, 5, 8
2026/09/21 01:14:01.305, 0, P0, 1807 MHz, 14001 MHz, 167.84 W, [N/A], 175.00 W, 87, 15607 MiB, 100 %, 5, 8
2026/09/21 01:14:01.557, 0, P0, 1807 MHz, 14001 MHz, 167.82 W, [N/A], 175.00 W, 87, 15607 MiB, 100 %, 5, 8
2026/09/21 01:14:01.810, 0, P0, 1807 MHz, 14001 MHz, 167.82 W, [N/A], 175.00 W, 87, 15607 MiB, 100 %, 5, 8
2026/09/21 01:14:02.062, 0, P0, 1807 MHz, 14001 MHz, 167.75 W, [N/A], 175.00 W, 87, 15607 MiB, 100 %, 5, 8
2026/09/21 01:14:02.314, 0, P0, 1807 MHz, 14001 MHz, 167.75 W, [N/A], 175.00 W, 87, 15607 MiB, 100 %, 5, 8
2026/09/21 01:14:02.566, 0, P0, 1800 MHz, 14001 MHz, 167.65 W, [N/A], 175.00 W, 87, 15607 MiB, 100 %, 5, 8
2026/09/21 01:14:02.818, 0, P0, 1800 MHz, 14001 MHz, 167.65 W, [N/A], 175.00 W, 87, 15607 MiB, 100 %, 5, 8
2026/09/21 01:14:03.070, 0, P0, 1807 MHz, 14001 MHz, 167.53 W, [N/A], 175.00 W, 87, 15607 MiB, 100 %, 5, 8
2026/09/21 01:14:03.322, 0, P0, 1807 MHz, 14001 MHz, 167.53 W, [N/A], 175.00 W, 87, 15607 MiB, 100 %, 5, 8
2026/09/21 01:14:03.574, 0, P0, 1807 MHz, 14001 MHz, 167.43 W, [N/A], 175.00 W, 87, 15607 MiB, 100 %, 5, 8
2026/09/21 01:14:03.834, 0, P0, 1807 MHz, 14001 MHz, 167.43 W, [N/A], 175.00 W, 87, 15607 MiB, 100 %, 5, 8
2026/09/21 01:14:04.086, 0, P0, 1807 MHz, 14001 MHz, 167.39 W, [N/A], 175.00 W, 87, 15607 MiB, 100 %, 5, 8
2026/09/21 01:14:04.338, 0, P0, 1807 MHz, 14001 MHz, 167.39 W, [N/A], 175.00 W, 87, 15607 MiB, 100 %, 5, 8
2026/09/21 01:14:04.590, 0, P0, 1815 MHz, 14001 MHz, 167.46 W, [N/A], 175.00 W, 87, 15607 MiB, 100 %, 5, 8
2026/09/21 01:14:04.842, 0, P0, 1815 MHz, 14001 MHz, 167.46 W, [N/A], 175.00 W, 87, 15607 MiB, 100 %, 5, 8
2026/09/21 01:14:05.094, 0, P0, 1807 MHz, 14001 MHz, 167.42 W, [N/A], 175.00 W, 87, 15607 MiB, 99 %, 5, 8
2026/09/21 01:14:05.346, 0, P0, 1807 MHz, 14001 MHz, 167.42 W, [N/A], 175.00 W, 87, 15607 MiB, 99 %, 5, 8
2026/09/21 01:14:05.598, 0, P0, 1807 MHz, 14001 MHz, 167.35 W, [N/A], 175.00 W, 87, 15607 MiB, 100 %, 5, 8
2026/09/21 01:14:05.850, 0, P0, 1807 MHz, 14001 MHz, 167.35 W, [N/A], 175.00 W, 87, 15607 MiB, 100 %, 5, 8
2026/09/21 01:14:06.103, 0, P0, 1807 MHz, 14001 MHz, 167.33 W, [N/A], 175.00 W, 87, 15607 MiB, 99 %, 5, 8
2026/09/21 01:14:06.355, 0, P0, 1807 MHz, 14001 MHz, 167.33 W, [N/A], 175.00 W, 87, 15607 MiB, 99 %, 5, 8
2026/09/21 01:14:06.607, 0, P0, 1807 MHz, 14001 MHz, 167.31 W, [N/A], 175.00 W, 87, 15607 MiB, 100 %, 5, 8
2026/09/21 01:14:06.859, 0, P0, 1807 MHz, 14001 MHz, 167.31 W, [N/A], 175.00 W, 87, 15607 MiB, 100 %, 5, 8
2026/09/21 01:14:07.111, 0, P0, 1807 MHz, 14001 MHz, 167.30 W, [N/A], 175.00 W, 87, 15607 MiB, 100 %, 5, 8
2026/09/21 01:14:07.363, 0, P0, 1807 MHz, 14001 MHz, 167.30 W, [N/A], 175.00 W, 87, 15607 MiB, 100 %, 5, 8
2026/09/21 01:14:07.615, 0, P0, 1800 MHz, 14001 MHz, 167.27 W, [N/A], 175.00 W, 87, 15607 MiB, 100 %, 5, 8
2026/09/21 01:14:07.867, 0, P0, 1800 MHz, 14001 MHz, 167.27 W, [N/A], 175.00 W, 87, 15607 MiB, 100 %, 5, 8
2026/09/21 01:14:08.119, 0, P0, 1807 MHz, 14001 MHz, 167.28 W, [N/A], 175.00 W, 87, 15607 MiB, 100 %, 5, 8
2026/09/21 01:14:08.371, 0, P0, 1807 MHz, 14001 MHz, 167.28 W, [N/A], 175.00 W, 87, 15607 MiB, 100 %, 5, 8
2026/09/21 01:14:08.623, 0, P0, 1770 MHz, 14001 MHz, 164.36 W, [N/A], 175.00 W, 86, 15607 MiB, 100 %, 5, 8
2026/09/21 01:14:08.876, 0, P0, 1770 MHz, 14001 MHz, 164.36 W, [N/A], 175.00 W, 86, 15607 MiB, 100 %, 5, 8
2026/09/21 01:14:09.128, 0, P0, 1710 MHz, 14001 MHz, 155.69 W, [N/A], 175.00 W, 86, 15607 MiB, 100 %, 5, 8
2026/09/21 01:14:09.380, 0, P0, 1710 MHz, 14001 MHz, 155.69 W, [N/A], 175.00 W, 86, 15607 MiB, 100 %, 5, 8
2026/09/21 01:14:09.641, 0, P0, 1717 MHz, 14001 MHz, 152.87 W, [N/A], 175.00 W, 86, 15607 MiB, 100 %, 5, 8
2026/09/21 01:14:09.893, 0, P0, 1717 MHz, 14001 MHz, 152.87 W, [N/A], 175.00 W, 86, 15607 MiB, 100 %, 5, 8
2026/09/21 01:14:10.145, 0, P0, 1717 MHz, 14001 MHz, 152.97 W, [N/A], 175.00 W, 86, 15607 MiB, 100 %, 5, 8
2026/09/21 01:14:10.397, 0, P0, 1717 MHz, 14001 MHz, 152.97 W, [N/A], 175.00 W, 86, 15607 MiB, 100 %, 5, 8
2026/09/21 01:14:10.650, 0, P0, 1717 MHz, 14001 MHz, 152.87 W, [N/A], 175.00 W, 86, 15607 MiB, 100 %, 5, 8
2026/09/21 01:14:10.902, 0, P0, 1717 MHz, 14001 MHz, 152.87 W, [N/A], 175.00 W, 86, 15607 MiB, 100 %, 5, 8
2026/09/21 01:14:11.153, 0, P0, 1717 MHz, 14001 MHz, 152.67 W, [N/A], 175.00 W, 87, 15607 MiB, 100 %, 5, 8
2026/09/21 01:14:11.406, 0, P0, 1717 MHz, 14001 MHz, 152.67 W, [N/A], 175.00 W, 87, 15607 MiB, 100 %, 5, 8
2026/09/21 01:14:11.658, 0, P0, 1717 MHz, 14001 MHz, 153.08 W, [N/A], 175.00 W, 87, 15607 MiB, 100 %, 5, 8
2026/09/21 01:14:11.910, 0, P0, 1717 MHz, 14001 MHz, 153.08 W, [N/A], 175.00 W, 87, 15607 MiB, 100 %, 5, 8
2026/09/21 01:14:12.162, 0, P0, 1717 MHz, 14001 MHz, 152.63 W, [N/A], 175.00 W, 87, 15607 MiB, 100 %, 5, 8
2026/09/21 01:14:12.414, 0, P0, 1717 MHz, 14001 MHz, 152.63 W, [N/A], 175.00 W, 87, 15607 MiB, 100 %, 5, 8
2026/09/21 01:14:12.667, 0, P0, 1717 MHz, 14001 MHz, 152.71 W, [N/A], 175.00 W, 87, 15607 MiB, 100 %, 5, 8
2026/09/21 01:14:12.919, 0, P0, 1717 MHz, 14001 MHz, 152.71 W, [N/A], 175.00 W, 87, 15607 MiB, 100 %, 5, 8
2026/09/21 01:14:13.171, 0, P0, 1717 MHz, 14001 MHz, 152.93 W, [N/A], 175.00 W, 87, 15607 MiB, 99 %, 5, 8
2026/09/21 01:14:13.423, 0, P0, 1717 MHz, 14001 MHz, 152.93 W, [N/A], 175.00 W, 87, 15607 MiB, 99 %, 5, 8
2026/09/21 01:14:13.676, 0, P0, 1717 MHz, 14001 MHz, 152.77 W, [N/A], 175.00 W, 87, 15607 MiB, 100 %, 5, 8
2026/09/21 01:14:13.928, 0, P0, 1717 MHz, 14001 MHz, 152.77 W, [N/A], 175.00 W, 87, 15607 MiB, 100 %, 5, 8
2026/09/21 01:14:14.181, 0, P0, 1717 MHz, 14001 MHz, 153.26 W, [N/A], 175.00 W, 87, 15607 MiB, 99 %, 5, 8
2026/09/21 01:14:14.433, 0, P0, 1717 MHz, 14001 MHz, 153.26 W, [N/A], 175.00 W, 87, 15607 MiB, 99 %, 5, 8
2026/09/21 01:14:14.685, 0, P0, 1717 MHz, 14001 MHz, 153.01 W, [N/A], 175.00 W, 87, 15607 MiB, 100 %, 5, 8
2026/09/21 01:14:14.946, 0, P0, 1717 MHz, 14001 MHz, 153.01 W, [N/A], 175.00 W, 87, 15607 MiB, 100 %, 5, 8
2026/09/21 01:14:15.198, 0, P0, 1717 MHz, 14001 MHz, 152.72 W, [N/A], 175.00 W, 87, 15607 MiB, 100 %, 5, 8
2026/09/21 01:14:15.451, 0, P0, 1717 MHz, 14001 MHz, 152.72 W, [N/A], 175.00 W, 87, 15607 MiB, 100 %, 5, 8
2026/09/21 01:14:15.703, 0, P0, 1717 MHz, 14001 MHz, 152.65 W, [N/A], 175.00 W, 87, 15607 MiB, 100 %, 5, 8
2026/09/21 01:14:15.956, 0, P0, 1717 MHz, 14001 MHz, 152.65 W, [N/A], 175.00 W, 87, 15607 MiB, 100 %, 5, 8
2026/09/21 01:14:16.208, 0, P0, 1717 MHz, 14001 MHz, 152.58 W, [N/A], 175.00 W, 87, 15607 MiB, 100 %, 5, 8
2026/09/21 01:14:16.460, 0, P0, 1717 MHz, 14001 MHz, 152.58 W, [N/A], 175.00 W, 87, 15607 MiB, 100 %, 5, 8
2026/09/21 01:14:16.712, 0, P0, 1717 MHz, 14001 MHz, 152.65 W, [N/A], 175.00 W, 87, 15607 MiB, 100 %, 5, 8
2026/09/21 01:14:16.965, 0, P0, 1717 MHz, 14001 MHz, 152.65 W, [N/A], 175.00 W, 87, 15607 MiB, 100 %, 5, 8
2026/09/21 01:14:17.217, 0, P0, 1717 MHz, 14001 MHz, 152.77 W, [N/A], 175.00 W, 87, 15607 MiB, 100 %, 5, 8
2026/09/21 01:14:17.469, 0, P0, 1717 MHz, 14001 MHz, 152.77 W, [N/A], 175.00 W, 87, 15607 MiB, 100 %, 5, 8
2026/09/21 01:14:17.721, 0, P0, 1717 MHz, 14001 MHz, 152.82 W, [N/A], 175.00 W, 87, 15607 MiB, 100 %, 5, 8
2026/09/21 01:14:17.973, 0, P0, 1717 MHz, 14001 MHz, 152.82 W, [N/A], 175.00 W, 87, 15607 MiB, 100 %, 5, 8
2026/09/21 01:14:18.226, 0, P0, 1717 MHz, 14001 MHz, 152.83 W, [N/A], 175.00 W, 87, 15607 MiB, 100 %, 5, 8
2026/09/21 01:14:18.478, 0, P0, 1717 MHz, 14001 MHz, 152.83 W, [N/A], 175.00 W, 87, 15607 MiB, 100 %, 5, 8
2026/09/21 01:14:18.730, 0, P0, 1717 MHz, 14001 MHz, 152.96 W, [N/A], 175.00 W, 86, 15607 MiB, 100 %, 5, 8
2026/09/21 01:14:18.982, 0, P0, 1717 MHz, 14001 MHz, 152.96 W, [N/A], 175.00 W, 86, 15607 MiB, 100 %, 5, 8
2026/09/21 01:14:19.235, 0, P0, 1717 MHz, 14001 MHz, 152.97 W, [N/A], 175.00 W, 87, 15607 MiB, 99 %, 5, 8
2026/09/21 01:14:19.487, 0, P0, 1717 MHz, 14001 MHz, 152.97 W, [N/A], 175.00 W, 87, 15607 MiB, 99 %, 5, 8
2026/09/21 01:14:19.739, 0, P0, 1717 MHz, 14001 MHz, 152.85 W, [N/A], 175.00 W, 86, 15607 MiB, 100 %, 5, 8
2026/09/21 01:14:19.991, 0, P0, 1717 MHz, 14001 MHz, 152.85 W, [N/A], 175.00 W, 86, 15607 MiB, 100 %, 5, 8
2026/09/21 01:14:20.251, 0, P0, 1717 MHz, 14001 MHz, 153.00 W, [N/A], 175.00 W, 86, 15607 MiB, 100 %, 5, 8
2026/09/21 01:14:20.503, 0, P0, 1717 MHz, 14001 MHz, 153.00 W, [N/A], 175.00 W, 86, 15607 MiB, 100 %, 5, 8
2026/09/21 01:14:20.758, 0, P0, 1717 MHz, 14001 MHz, 152.96 W, [N/A], 175.00 W, 86, 15607 MiB, 100 %, 5, 8
2026/09/21 01:14:21.010, 0, P0, 1717 MHz, 14001 MHz, 152.93 W, [N/A], 175.00 W, 86, 15607 MiB, 100 %, 5, 8
2026/09/21 01:14:21.262, 0, P0, 1717 MHz, 14001 MHz, 152.93 W, [N/A], 175.00 W, 86, 15607 MiB, 100 %, 5, 8
2026/09/21 01:14:21.515, 0, P0, 1717 MHz, 14001 MHz, 152.99 W, [N/A], 175.00 W, 86, 15607 MiB, 100 %, 5, 8
2026/09/21 01:14:21.767, 0, P0, 1717 MHz, 14001 MHz, 152.99 W, [N/A], 175.00 W, 86, 15607 MiB, 100 %, 5, 8
2026/09/21 01:14:22.019, 0, P0, 1717 MHz, 14001 MHz, 152.96 W, [N/A], 175.00 W, 86, 15607 MiB, 100 %, 5, 8
2026/09/21 01:14:22.271, 0, P0, 1717 MHz, 14001 MHz, 152.96 W, [N/A], 175.00 W, 86, 15607 MiB, 100 %, 5, 8
2026/09/21 01:14:22.523, 0, P0, 1717 MHz, 14001 MHz, 152.93 W, [N/A], 175.00 W, 86, 15607 MiB, 100 %, 5, 8
2026/09/21 01:14:22.776, 0, P0, 1717 MHz, 14001 MHz, 152.93 W, [N/A], 175.00 W, 86, 15607 MiB, 100 %, 5, 8
2026/09/21 01:14:23.029, 0, P0, 1717 MHz, 14001 MHz, 152.93 W, [N/A], 175.00 W, 86, 15607 MiB, 100 %, 5, 8
2026/09/21 01:14:23.281, 0, P0, 1717 MHz, 14001 MHz, 152.93 W, [N/A], 175.00 W, 86, 15607 MiB, 100 %, 5, 8
2026/09/21 01:14:23.533, 0, P0, 1717 MHz, 14001 MHz, 152.87 W, [N/A], 175.00 W, 86, 15607 MiB, 100 %, 5, 8
2026/09/21 01:14:23.785, 0, P0, 1717 MHz, 14001 MHz, 152.87 W, [N/A], 175.00 W, 86, 15607 MiB, 100 %, 5, 8
2026/09/21 01:14:24.037, 0, P0, 1717 MHz, 14001 MHz, 152.74 W, [N/A], 175.00 W, 86, 15607 MiB, 100 %, 5, 8
2026/09/21 01:14:24.289, 0, P0, 1717 MHz, 14001 MHz, 152.74 W, [N/A], 175.00 W, 86, 15607 MiB, 100 %, 5, 8
2026/09/21 01:14:24.542, 0, P0, 1717 MHz, 14001 MHz, 152.79 W, [N/A], 175.00 W, 87, 15607 MiB, 100 %, 5, 8
2026/09/21 01:14:24.794, 0, P0, 1717 MHz, 14001 MHz, 152.79 W, [N/A], 175.00 W, 87, 15607 MiB, 100 %, 5, 8
2026/09/21 01:14:25.046, 0, P0, 1710 MHz, 14001 MHz, 152.76 W, [N/A], 175.00 W, 87, 15607 MiB, 100 %, 5, 8
2026/09/21 01:14:25.300, 0, P0, 1710 MHz, 14001 MHz, 152.76 W, [N/A], 175.00 W, 87, 15607 MiB, 100 %, 5, 8
2026/09/21 01:14:25.561, 0, P0, 1717 MHz, 14001 MHz, 152.78 W, [N/A], 175.00 W, 87, 15607 MiB, 100 %, 5, 8
2026/09/21 01:14:25.813, 0, P0, 1717 MHz, 14001 MHz, 152.78 W, [N/A], 175.00 W, 87, 15607 MiB, 100 %, 5, 8
2026/09/21 01:14:26.065, 0, P0, 1710 MHz, 14001 MHz, 152.64 W, [N/A], 175.00 W, 87, 15607 MiB, 100 %, 5, 8
2026/09/21 01:14:26.317, 0, P0, 1710 MHz, 14001 MHz, 152.64 W, [N/A], 175.00 W, 87, 15607 MiB, 100 %, 5, 8
2026/09/21 01:14:26.570, 0, P0, 1710 MHz, 14001 MHz, 152.56 W, [N/A], 175.00 W, 87, 15607 MiB, 100 %, 5, 8
2026/09/21 01:14:26.822, 0, P0, 1710 MHz, 14001 MHz, 152.56 W, [N/A], 175.00 W, 87, 15607 MiB, 100 %, 5, 8
2026/09/21 01:14:27.074, 0, P0, 1710 MHz, 14001 MHz, 152.55 W, [N/A], 175.00 W, 87, 15607 MiB, 100 %, 5, 8
2026/09/21 01:14:27.326, 0, P0, 1710 MHz, 14001 MHz, 152.55 W, [N/A], 175.00 W, 87, 15607 MiB, 100 %, 5, 8
2026/09/21 01:14:27.578, 0, P0, 1710 MHz, 14001 MHz, 152.47 W, [N/A], 175.00 W, 87, 15607 MiB, 100 %, 5, 8
2026/09/21 01:14:27.830, 0, P0, 1710 MHz, 14001 MHz, 152.47 W, [N/A], 175.00 W, 87, 15607 MiB, 100 %, 5, 8
2026/09/21 01:14:28.083, 0, P0, 1710 MHz, 14001 MHz, 152.49 W, [N/A], 175.00 W, 87, 15607 MiB, 100 %, 5, 8
2026/09/21 01:14:28.335, 0, P0, 1710 MHz, 14001 MHz, 152.49 W, [N/A], 175.00 W, 87, 15607 MiB, 100 %, 5, 8
2026/09/21 01:14:28.587, 0, P0, 1710 MHz, 14001 MHz, 152.49 W, [N/A], 175.00 W, 87, 15607 MiB, 100 %, 5, 8
2026/09/21 01:14:28.840, 0, P0, 1710 MHz, 14001 MHz, 152.49 W, [N/A], 175.00 W, 87, 15607 MiB, 100 %, 5, 8
2026/09/21 01:14:29.092, 0, P0, 1582 MHz, 14001 MHz, 146.99 W, [N/A], 175.00 W, 86, 15607 MiB, 100 %, 5, 8
2026/09/21 01:14:29.345, 0, P0, 1582 MHz, 14001 MHz, 146.99 W, [N/A], 175.00 W, 86, 15607 MiB, 100 %, 5, 8
2026/09/21 01:14:29.597, 0, P0, 1620 MHz, 14001 MHz, 140.90 W, [N/A], 175.00 W, 86, 15607 MiB, 100 %, 5, 8
2026/09/21 01:14:29.850, 0, P0, 1620 MHz, 14001 MHz, 140.90 W, [N/A], 175.00 W, 86, 15607 MiB, 100 %, 5, 8
2026/09/21 01:14:30.102, 0, P0, 1620 MHz, 14001 MHz, 141.43 W, [N/A], 175.00 W, 86, 15607 MiB, 100 %, 5, 8
2026/09/21 01:14:30.354, 0, P0, 1620 MHz, 14001 MHz, 141.43 W, [N/A], 175.00 W, 86, 15607 MiB, 100 %, 5, 8
2026/09/21 01:14:30.607, 0, P0, 1620 MHz, 14001 MHz, 141.43 W, [N/A], 175.00 W, 86, 15607 MiB, 100 %, 5, 8
2026/09/21 01:14:30.868, 0, P0, 1620 MHz, 14001 MHz, 141.43 W, [N/A], 175.00 W, 86, 15607 MiB, 100 %, 5, 8
2026/09/21 01:14:31.120, 0, P0, 1620 MHz, 14001 MHz, 141.37 W, [N/A], 175.00 W, 86, 15607 MiB, 100 %, 5, 8
2026/09/21 01:14:31.372, 0, P0, 1620 MHz, 14001 MHz, 141.37 W, [N/A], 175.00 W, 86, 15607 MiB, 100 %, 5, 8
2026/09/21 01:14:31.624, 0, P0, 1612 MHz, 14001 MHz, 141.11 W, [N/A], 175.00 W, 86, 15607 MiB, 100 %, 5, 8
2026/09/21 01:14:31.877, 0, P0, 1612 MHz, 14001 MHz, 141.11 W, [N/A], 175.00 W, 86, 15607 MiB, 100 %, 5, 8
2026/09/21 01:14:32.129, 0, P0, 1612 MHz, 14001 MHz, 141.28 W, [N/A], 175.00 W, 86, 15607 MiB, 100 %, 5, 8
2026/09/21 01:14:32.381, 0, P0, 1612 MHz, 14001 MHz, 141.28 W, [N/A], 175.00 W, 86, 15607 MiB, 100 %, 5, 8
2026/09/21 01:14:32.634, 0, P0, 1612 MHz, 14001 MHz, 141.37 W, [N/A], 175.00 W, 86, 15607 MiB, 100 %, 5, 8
2026/09/21 01:14:32.886, 0, P0, 1612 MHz, 14001 MHz, 141.37 W, [N/A], 175.00 W, 86, 15607 MiB, 100 %, 5, 8
2026/09/21 01:14:33.139, 0, P0, 1612 MHz, 14001 MHz, 141.37 W, [N/A], 175.00 W, 86, 15607 MiB, 100 %, 5, 8
2026/09/21 01:14:33.391, 0, P0, 1612 MHz, 14001 MHz, 141.37 W, [N/A], 175.00 W, 86, 15607 MiB, 100 %, 5, 8
2026/09/21 01:14:33.643, 0, P0, 1612 MHz, 14001 MHz, 141.36 W, [N/A], 175.00 W, 86, 15607 MiB, 100 %, 5, 8
2026/09/21 01:14:33.896, 0, P0, 1612 MHz, 14001 MHz, 141.36 W, [N/A], 175.00 W, 86, 15607 MiB, 100 %, 5, 8
2026/09/21 01:14:34.148, 0, P0, 1612 MHz, 14001 MHz, 141.35 W, [N/A], 175.00 W, 86, 15607 MiB, 100 %, 5, 8
2026/09/21 01:14:34.403, 0, P0, 1612 MHz, 14001 MHz, 141.35 W, [N/A], 175.00 W, 86, 15607 MiB, 100 %, 5, 8
2026/09/21 01:14:34.655, 0, P0, 1612 MHz, 14001 MHz, 141.36 W, [N/A], 175.00 W, 86, 15607 MiB, 100 %, 5, 8
2026/09/21 01:14:34.908, 0, P0, 1612 MHz, 14001 MHz, 141.36 W, [N/A], 175.00 W, 86, 15607 MiB, 100 %, 5, 8
2026/09/21 01:14:35.160, 0, P0, 1612 MHz, 14001 MHz, 141.36 W, [N/A], 175.00 W, 86, 15607 MiB, 100 %, 5, 8
2026/09/21 01:14:35.412, 0, P0, 1612 MHz, 14001 MHz, 141.36 W, [N/A], 175.00 W, 86, 15607 MiB, 100 %, 5, 8
2026/09/21 01:14:35.665, 0, P0, 1605 MHz, 14001 MHz, 141.20 W, [N/A], 175.00 W, 86, 15607 MiB, 100 %, 5, 8
2026/09/21 01:14:35.917, 0, P0, 1605 MHz, 14001 MHz, 141.20 W, [N/A], 175.00 W, 86, 15607 MiB, 100 %, 5, 8
2026/09/21 01:14:36.179, 0, P0, 1605 MHz, 14001 MHz, 141.13 W, [N/A], 175.00 W, 86, 15607 MiB, 100 %, 5, 8
2026/09/21 01:14:36.431, 0, P0, 1605 MHz, 14001 MHz, 141.13 W, [N/A], 175.00 W, 86, 15607 MiB, 100 %, 5, 8
2026/09/21 01:14:36.683, 0, P0, 1605 MHz, 14001 MHz, 141.15 W, [N/A], 175.00 W, 86, 15607 MiB, 100 %, 5, 8
2026/09/21 01:14:36.936, 0, P0, 1605 MHz, 14001 MHz, 141.15 W, [N/A], 175.00 W, 86, 15607 MiB, 100 %, 5, 8
2026/09/21 01:14:37.189, 0, P0, 1605 MHz, 14001 MHz, 141.13 W, [N/A], 175.00 W, 86, 15607 MiB, 100 %, 5, 8
2026/09/21 01:14:37.441, 0, P0, 1605 MHz, 14001 MHz, 141.13 W, [N/A], 175.00 W, 86, 15607 MiB, 100 %, 5, 8
2026/09/21 01:14:37.693, 0, P0, 1605 MHz, 14001 MHz, 141.18 W, [N/A], 175.00 W, 86, 15607 MiB, 100 %, 5, 8
2026/09/21 01:14:37.946, 0, P0, 1605 MHz, 14001 MHz, 141.18 W, [N/A], 175.00 W, 86, 15607 MiB, 100 %, 5, 8
2026/09/21 01:14:38.198, 0, P0, 1605 MHz, 14001 MHz, 141.23 W, [N/A], 175.00 W, 86, 15607 MiB, 100 %, 5, 8
2026/09/21 01:14:38.450, 0, P0, 1605 MHz, 14001 MHz, 141.23 W, [N/A], 175.00 W, 86, 15607 MiB, 100 %, 5, 8
2026/09/21 01:14:38.702, 0, P0, 1605 MHz, 14001 MHz, 141.20 W, [N/A], 175.00 W, 86, 15607 MiB, 100 %, 5, 8
2026/09/21 01:14:38.955, 0, P0, 1605 MHz, 14001 MHz, 141.20 W, [N/A], 175.00 W, 86, 15607 MiB, 100 %, 5, 8
2026/09/21 01:14:39.207, 0, P0, 1605 MHz, 14001 MHz, 141.12 W, [N/A], 175.00 W, 86, 15607 MiB, 100 %, 5, 8
2026/09/21 01:14:39.459, 0, P0, 1605 MHz, 14001 MHz, 141.12 W, [N/A], 175.00 W, 86, 15607 MiB, 100 %, 5, 8
2026/09/21 01:14:39.712, 0, P0, 1605 MHz, 14001 MHz, 141.07 W, [N/A], 175.00 W, 86, 15607 MiB, 100 %, 5, 8
2026/09/21 01:14:39.964, 0, P0, 1605 MHz, 14001 MHz, 141.07 W, [N/A], 175.00 W, 86, 15607 MiB, 100 %, 5, 8
2026/09/21 01:14:40.216, 0, P0, 1612 MHz, 14001 MHz, 141.62 W, [N/A], 175.00 W, 86, 15607 MiB, 100 %, 5, 8
2026/09/21 01:14:40.468, 0, P0, 1612 MHz, 14001 MHz, 141.62 W, [N/A], 175.00 W, 86, 15607 MiB, 100 %, 5, 8
2026/09/21 01:14:40.721, 0, P0, 1650 MHz, 14001 MHz, 143.69 W, [N/A], 175.00 W, 86, 15607 MiB, 100 %, 5, 8
2026/09/21 01:14:40.981, 0, P0, 1650 MHz, 14001 MHz, 143.69 W, [N/A], 175.00 W, 86, 15607 MiB, 100 %, 5, 8
2026/09/21 01:14:41.234, 0, P0, 1650 MHz, 14001 MHz, 145.72 W, [N/A], 175.00 W, 86, 15607 MiB, 100 %, 5, 8
2026/09/21 01:14:41.486, 0, P0, 1650 MHz, 14001 MHz, 145.72 W, [N/A], 175.00 W, 86, 15607 MiB, 100 %, 5, 8
2026/09/21 01:14:41.738, 0, P0, 1642 MHz, 14001 MHz, 145.77 W, [N/A], 175.00 W, 86, 15607 MiB, 100 %, 5, 8
2026/09/21 01:14:41.991, 0, P0, 1642 MHz, 14001 MHz, 145.77 W, [N/A], 175.00 W, 86, 15607 MiB, 100 %, 5, 8
2026/09/21 01:14:42.243, 0, P0, 1642 MHz, 14001 MHz, 145.75 W, [N/A], 175.00 W, 86, 15607 MiB, 100 %, 5, 8
2026/09/21 01:14:42.495, 0, P0, 1642 MHz, 14001 MHz, 145.75 W, [N/A], 175.00 W, 86, 15607 MiB, 100 %, 5, 8
2026/09/21 01:14:42.747, 0, P0, 1642 MHz, 14001 MHz, 145.77 W, [N/A], 175.00 W, 86, 15607 MiB, 100 %, 5, 8
2026/09/21 01:14:43.000, 0, P0, 1642 MHz, 14001 MHz, 145.77 W, [N/A], 175.00 W, 86, 15607 MiB, 100 %, 5, 8
2026/09/21 01:14:43.251, 0, P0, 1642 MHz, 14001 MHz, 145.79 W, [N/A], 175.00 W, 86, 15607 MiB, 100 %, 5, 8
2026/09/21 01:14:43.504, 0, P0, 1642 MHz, 14001 MHz, 145.79 W, [N/A], 175.00 W, 86, 15607 MiB, 100 %, 5, 8
2026/09/21 01:14:43.756, 0, P0, 1642 MHz, 14001 MHz, 145.64 W, [N/A], 175.00 W, 87, 15607 MiB, 100 %, 5, 8
2026/09/21 01:14:44.008, 0, P0, 1642 MHz, 14001 MHz, 145.64 W, [N/A], 175.00 W, 87, 15607 MiB, 100 %, 5, 8
2026/09/21 01:14:44.260, 0, P0, 1642 MHz, 14001 MHz, 145.64 W, [N/A], 175.00 W, 87, 15607 MiB, 100 %, 5, 8
2026/09/21 01:14:44.513, 0, P0, 1642 MHz, 14001 MHz, 145.64 W, [N/A], 175.00 W, 87, 15607 MiB, 100 %, 5, 8
2026/09/21 01:14:44.765, 0, P0, 1642 MHz, 14001 MHz, 145.67 W, [N/A], 175.00 W, 87, 15607 MiB, 100 %, 5, 8
2026/09/21 01:14:45.017, 0, P0, 1642 MHz, 14001 MHz, 145.67 W, [N/A], 175.00 W, 87, 15607 MiB, 100 %, 5, 8
2026/09/21 01:14:45.269, 0, P0, 1642 MHz, 14001 MHz, 145.72 W, [N/A], 175.00 W, 87, 15607 MiB, 100 %, 5, 8
2026/09/21 01:14:45.522, 0, P0, 1642 MHz, 14001 MHz, 145.72 W, [N/A], 175.00 W, 87, 15607 MiB, 100 %, 5, 8
2026/09/21 01:14:45.774, 0, P0, 1642 MHz, 14001 MHz, 145.62 W, [N/A], 175.00 W, 87, 15607 MiB, 100 %, 5, 8
2026/09/21 01:14:46.026, 0, P0, 1642 MHz, 14001 MHz, 145.62 W, [N/A], 175.00 W, 87, 15607 MiB, 100 %, 5, 8
2026/09/21 01:14:46.287, 0, P0, 1642 MHz, 14001 MHz, 145.78 W, [N/A], 175.00 W, 87, 15607 MiB, 100 %, 5, 8
2026/09/21 01:14:46.540, 0, P0, 1642 MHz, 14001 MHz, 145.68 W, [N/A], 175.00 W, 87, 15607 MiB, 100 %, 5, 8
2026/09/21 01:14:46.792, 0, P0, 1642 MHz, 14001 MHz, 145.68 W, [N/A], 175.00 W, 87, 15607 MiB, 100 %, 5, 8
2026/09/21 01:14:47.044, 0, P0, 1597 MHz, 14001 MHz, 142.53 W, [N/A], 175.00 W, 86, 15607 MiB, 100 %, 5, 8
2026/09/21 01:14:47.297, 0, P0, 1597 MHz, 14001 MHz, 142.53 W, [N/A], 175.00 W, 86, 15607 MiB, 100 %, 5, 8
2026/09/21 01:14:47.549, 0, P0, 1515 MHz, 14001 MHz, 133.46 W, [N/A], 175.00 W, 86, 15607 MiB, 100 %, 5, 8
2026/09/21 01:14:47.801, 0, P0, 1515 MHz, 14001 MHz, 133.46 W, [N/A], 175.00 W, 86, 15607 MiB, 100 %, 5, 8
2026/09/21 01:14:48.054, 0, P0, 1515 MHz, 14001 MHz, 133.45 W, [N/A], 175.00 W, 86, 15607 MiB, 100 %, 5, 8
2026/09/21 01:14:48.306, 0, P0, 1515 MHz, 14001 MHz, 133.45 W, [N/A], 175.00 W, 86, 15607 MiB, 100 %, 5, 8
2026/09/21 01:14:48.558, 0, P0, 1515 MHz, 14001 MHz, 133.46 W, [N/A], 175.00 W, 86, 15607 MiB, 100 %, 5, 8
2026/09/21 01:14:48.811, 0, P0, 1515 MHz, 14001 MHz, 133.46 W, [N/A], 175.00 W, 86, 15607 MiB, 100 %, 5, 8
2026/09/21 01:14:49.063, 0, P0, 1515 MHz, 14001 MHz, 133.48 W, [N/A], 175.00 W, 86, 15607 MiB, 100 %, 5, 8
2026/09/21 01:14:49.316, 0, P0, 1515 MHz, 14001 MHz, 133.48 W, [N/A], 175.00 W, 86, 15607 MiB, 100 %, 5, 8
2026/09/21 01:14:49.568, 0, P0, 1515 MHz, 14001 MHz, 137.31 W, [N/A], 175.00 W, 86, 15607 MiB, 100 %, 5, 8
2026/09/21 01:14:49.820, 0, P0, 1515 MHz, 14001 MHz, 137.31 W, [N/A], 175.00 W, 86, 15607 MiB, 100 %, 5, 8
2026/09/21 01:14:50.073, 0, P0, 1567 MHz, 14001 MHz, 137.33 W, [N/A], 175.00 W, 86, 15607 MiB, 100 %, 5, 8
2026/09/21 01:14:50.325, 0, P0, 1567 MHz, 14001 MHz, 137.33 W, [N/A], 175.00 W, 86, 15607 MiB, 100 %, 5, 8
2026/09/21 01:14:50.577, 0, P0, 1567 MHz, 14001 MHz, 137.37 W, [N/A], 175.00 W, 86, 15607 MiB, 100 %, 5, 8
2026/09/21 01:14:50.830, 0, P0, 1567 MHz, 14001 MHz, 137.37 W, [N/A], 175.00 W, 86, 15607 MiB, 100 %, 5, 8
2026/09/21 01:14:51.090, 0, P0, 1552 MHz, 14001 MHz, 137.01 W, [N/A], 175.00 W, 86, 15607 MiB, 100 %, 5, 8
2026/09/21 01:14:51.343, 0, P0, 1552 MHz, 14001 MHz, 137.01 W, [N/A], 175.00 W, 86, 15607 MiB, 100 %, 5, 8
2026/09/21 01:14:51.595, 0, P0, 1560 MHz, 14001 MHz, 136.68 W, [N/A], 175.00 W, 86, 15607 MiB, 100 %, 5, 8
2026/09/21 01:14:51.848, 0, P0, 1560 MHz, 14001 MHz, 136.68 W, [N/A], 175.00 W, 86, 15607 MiB, 100 %, 5, 8
2026/09/21 01:14:52.100, 0, P0, 1560 MHz, 14001 MHz, 136.64 W, [N/A], 175.00 W, 86, 15607 MiB, 100 %, 5, 8
2026/09/21 01:14:52.352, 0, P0, 1560 MHz, 14001 MHz, 136.64 W, [N/A], 175.00 W, 86, 15607 MiB, 100 %, 5, 8
2026/09/21 01:14:52.604, 0, P0, 1552 MHz, 14001 MHz, 136.79 W, [N/A], 175.00 W, 86, 15607 MiB, 100 %, 5, 8
2026/09/21 01:14:52.857, 0, P0, 1552 MHz, 14001 MHz, 136.79 W, [N/A], 175.00 W, 86, 15607 MiB, 100 %, 5, 8
2026/09/21 01:14:53.109, 0, P0, 1552 MHz, 14001 MHz, 136.73 W, [N/A], 175.00 W, 86, 15607 MiB, 100 %, 5, 8
2026/09/21 01:14:53.361, 0, P0, 1552 MHz, 14001 MHz, 136.73 W, [N/A], 175.00 W, 86, 15607 MiB, 100 %, 5, 8
2026/09/21 01:14:53.614, 0, P0, 1552 MHz, 14001 MHz, 137.50 W, [N/A], 175.00 W, 86, 15607 MiB, 100 %, 5, 8
2026/09/21 01:14:53.866, 0, P0, 1552 MHz, 14001 MHz, 137.50 W, [N/A], 175.00 W, 86, 15607 MiB, 100 %, 5, 8
2026/09/21 01:14:54.118, 0, P0, 1590 MHz, 14001 MHz, 139.64 W, [N/A], 175.00 W, 86, 15607 MiB, 100 %, 5, 8
2026/09/21 01:14:54.371, 0, P0, 1590 MHz, 14001 MHz, 139.64 W, [N/A], 175.00 W, 86, 15607 MiB, 100 %, 5, 8
2026/09/21 01:14:54.623, 0, P0, 1597 MHz, 14001 MHz, 140.93 W, [N/A], 175.00 W, 86, 15607 MiB, 100 %, 5, 8
2026/09/21 01:14:54.876, 0, P0, 1597 MHz, 14001 MHz, 140.93 W, [N/A], 175.00 W, 86, 15607 MiB, 100 %, 5, 8
2026/09/21 01:14:55.128, 0, P0, 1590 MHz, 14001 MHz, 140.83 W, [N/A], 175.00 W, 86, 15607 MiB, 100 %, 5, 8
2026/09/21 01:14:55.380, 0, P0, 1590 MHz, 14001 MHz, 140.83 W, [N/A], 175.00 W, 86, 15607 MiB, 100 %, 5, 8
2026/09/21 01:14:55.632, 0, P0, 1597 MHz, 14001 MHz, 140.76 W, [N/A], 175.00 W, 86, 15607 MiB, 100 %, 5, 8
2026/09/21 01:14:55.885, 0, P0, 1597 MHz, 14001 MHz, 140.76 W, [N/A], 175.00 W, 86, 15607 MiB, 100 %, 5, 8
2026/09/21 01:14:56.137, 0, P0, 1590 MHz, 14001 MHz, 140.77 W, [N/A], 175.00 W, 86, 15607 MiB, 100 %, 5, 8
2026/09/21 01:14:56.403, 0, P0, 1590 MHz, 14001 MHz, 140.77 W, [N/A], 175.00 W, 86, 15607 MiB, 100 %, 5, 8
2026/09/21 01:14:56.656, 0, P0, 1597 MHz, 14001 MHz, 140.77 W, [N/A], 175.00 W, 86, 15607 MiB, 100 %, 5, 8
2026/09/21 01:14:56.908, 0, P0, 1597 MHz, 14001 MHz, 140.77 W, [N/A], 175.00 W, 86, 15607 MiB, 100 %, 5, 8
2026/09/21 01:14:57.160, 0, P0, 1597 MHz, 14001 MHz, 141.61 W, [N/A], 175.00 W, 86, 15607 MiB, 100 %, 5, 8
2026/09/21 01:14:57.413, 0, P0, 1597 MHz, 14001 MHz, 141.61 W, [N/A], 175.00 W, 86, 15607 MiB, 100 %, 5, 8
2026/09/21 01:14:57.665, 0, P0, 1642 MHz, 14001 MHz, 143.90 W, [N/A], 175.00 W, 86, 15607 MiB, 100 %, 5, 8
2026/09/21 01:14:57.917, 0, P0, 1642 MHz, 14001 MHz, 143.90 W, [N/A], 175.00 W, 86, 15607 MiB, 100 %, 5, 8
2026/09/21 01:14:58.170, 0, P0, 1642 MHz, 14001 MHz, 145.12 W, [N/A], 175.00 W, 86, 15607 MiB, 100 %, 5, 8
2026/09/21 01:14:58.422, 0, P0, 1642 MHz, 14001 MHz, 145.12 W, [N/A], 175.00 W, 86, 15607 MiB, 100 %, 5, 8
2026/09/21 01:14:58.674, 0, P0, 1642 MHz, 14001 MHz, 145.10 W, [N/A], 175.00 W, 86, 15607 MiB, 100 %, 5, 8
2026/09/21 01:14:58.927, 0, P0, 1642 MHz, 14001 MHz, 145.10 W, [N/A], 175.00 W, 86, 15607 MiB, 100 %, 5, 8
2026/09/21 01:14:59.179, 0, P0, 1642 MHz, 14001 MHz, 145.11 W, [N/A], 175.00 W, 86, 15607 MiB, 100 %, 5, 8
2026/09/21 01:14:59.432, 0, P0, 1642 MHz, 14001 MHz, 145.11 W, [N/A], 175.00 W, 86, 15607 MiB, 100 %, 5, 8
2026/09/21 01:14:59.684, 0, P0, 1642 MHz, 14001 MHz, 145.10 W, [N/A], 175.00 W, 86, 15607 MiB, 100 %, 5, 8
2026/09/21 01:14:59.937, 0, P0, 1642 MHz, 14001 MHz, 145.10 W, [N/A], 175.00 W, 86, 15607 MiB, 100 %, 5, 8
2026/09/21 01:15:00.189, 0, P0, 1642 MHz, 14001 MHz, 145.13 W, [N/A], 175.00 W, 86, 15607 MiB, 100 %, 5, 8
2026/09/21 01:15:00.441, 0, P0, 1642 MHz, 14001 MHz, 145.13 W, [N/A], 175.00 W, 86, 15607 MiB, 100 %, 5, 8
2026/09/21 01:15:00.694, 0, P0, 1642 MHz, 14001 MHz, 145.17 W, [N/A], 175.00 W, 86, 15607 MiB, 100 %, 5, 8
2026/09/21 01:15:00.946, 0, P0, 1642 MHz, 14001 MHz, 145.17 W, [N/A], 175.00 W, 86, 15607 MiB, 100 %, 5, 8
2026/09/21 01:15:01.207, 0, P0, 1642 MHz, 14001 MHz, 145.09 W, [N/A], 175.00 W, 86, 15607 MiB, 100 %, 5, 8
2026/09/21 01:15:01.460, 0, P0, 1642 MHz, 14001 MHz, 145.09 W, [N/A], 175.00 W, 86, 15607 MiB, 100 %, 5, 8
2026/09/21 01:15:01.712, 0, P0, 1642 MHz, 14001 MHz, 145.05 W, [N/A], 175.00 W, 86, 15607 MiB, 100 %, 5, 8
2026/09/21 01:15:01.964, 0, P0, 1642 MHz, 14001 MHz, 145.05 W, [N/A], 175.00 W, 86, 15607 MiB, 100 %, 5, 8
2026/09/21 01:15:02.216, 0, P0, 1657 MHz, 14001 MHz, 145.99 W, [N/A], 175.00 W, 86, 15607 MiB, 100 %, 5, 8
2026/09/21 01:15:02.468, 0, P0, 1657 MHz, 14001 MHz, 145.99 W, [N/A], 175.00 W, 86, 15607 MiB, 100 %, 5, 8
2026/09/21 01:15:02.721, 0, P0, 1665 MHz, 14001 MHz, 147.47 W, [N/A], 175.00 W, 86, 15607 MiB, 100 %, 5, 8
2026/09/21 01:15:02.973, 0, P0, 1665 MHz, 14001 MHz, 147.47 W, [N/A], 175.00 W, 86, 15607 MiB, 100 %, 5, 8
2026/09/21 01:15:03.225, 0, P0, 1665 MHz, 14001 MHz, 148.29 W, [N/A], 175.00 W, 86, 15607 MiB, 100 %, 5, 8
2026/09/21 01:15:03.477, 0, P0, 1665 MHz, 14001 MHz, 148.29 W, [N/A], 175.00 W, 86, 15607 MiB, 100 %, 5, 8
2026/09/21 01:15:03.730, 0, P0, 1665 MHz, 14001 MHz, 148.29 W, [N/A], 175.00 W, 86, 15607 MiB, 100 %, 5, 8
2026/09/21 01:15:03.982, 0, P0, 1665 MHz, 14001 MHz, 148.29 W, [N/A], 175.00 W, 86, 15607 MiB, 100 %, 5, 8
2026/09/21 01:15:04.234, 0, P0, 1665 MHz, 14001 MHz, 148.26 W, [N/A], 175.00 W, 86, 15607 MiB, 100 %, 5, 8
2026/09/21 01:15:04.486, 0, P0, 1665 MHz, 14001 MHz, 148.26 W, [N/A], 175.00 W, 86, 15607 MiB, 100 %, 5, 8
2026/09/21 01:15:04.738, 0, P0, 1665 MHz, 14001 MHz, 148.23 W, [N/A], 175.00 W, 86, 15607 MiB, 100 %, 5, 8
2026/09/21 01:15:04.990, 0, P0, 1665 MHz, 14001 MHz, 148.23 W, [N/A], 175.00 W, 86, 15607 MiB, 100 %, 5, 8
2026/09/21 01:15:05.243, 0, P0, 1665 MHz, 14001 MHz, 148.21 W, [N/A], 175.00 W, 86, 15607 MiB, 100 %, 5, 8
2026/09/21 01:15:05.495, 0, P0, 1665 MHz, 14001 MHz, 148.21 W, [N/A], 175.00 W, 86, 15607 MiB, 100 %, 5, 8
2026/09/21 01:15:05.748, 0, P0, 1665 MHz, 14001 MHz, 148.21 W, [N/A], 175.00 W, 86, 15607 MiB, 100 %, 5, 8
2026/09/21 01:15:06.000, 0, P0, 1665 MHz, 14001 MHz, 148.21 W, [N/A], 175.00 W, 86, 15607 MiB, 100 %, 5, 8
2026/09/21 01:15:06.252, 0, P0, 1665 MHz, 14001 MHz, 148.25 W, [N/A], 175.00 W, 86, 15607 MiB, 100 %, 5, 8
2026/09/21 01:15:06.514, 0, P0, 1665 MHz, 14001 MHz, 148.25 W, [N/A], 175.00 W, 86, 15607 MiB, 100 %, 5, 8
2026/09/21 01:15:06.766, 0, P0, 1665 MHz, 14001 MHz, 148.53 W, [N/A], 175.00 W, 86, 15607 MiB, 100 %, 5, 8
2026/09/21 01:15:07.019, 0, P0, 1665 MHz, 14001 MHz, 148.53 W, [N/A], 175.00 W, 86, 15607 MiB, 100 %, 5, 8
2026/09/21 01:15:07.271, 0, P0, 1695 MHz, 14001 MHz, 150.13 W, [N/A], 175.00 W, 86, 15607 MiB, 100 %, 5, 8
2026/09/21 01:15:07.523, 0, P0, 1695 MHz, 14001 MHz, 150.13 W, [N/A], 175.00 W, 86, 15607 MiB, 100 %, 5, 8
2026/09/21 01:15:07.776, 0, P0, 1687 MHz, 14001 MHz, 151.46 W, [N/A], 175.00 W, 86, 15607 MiB, 100 %, 5, 8
2026/09/21 01:15:08.028, 0, P0, 1687 MHz, 14001 MHz, 151.46 W, [N/A], 175.00 W, 86, 15607 MiB, 100 %, 5, 8
2026/09/21 01:15:08.280, 0, P0, 1695 MHz, 14001 MHz, 151.50 W, [N/A], 175.00 W, 86, 15607 MiB, 100 %, 5, 8
2026/09/21 01:15:08.532, 0, P0, 1695 MHz, 14001 MHz, 151.50 W, [N/A], 175.00 W, 86, 15607 MiB, 100 %, 5, 8
2026/09/21 01:15:08.784, 0, P0, 1687 MHz, 14001 MHz, 151.73 W, [N/A], 175.00 W, 86, 15607 MiB, 100 %, 5, 8
2026/09/21 01:15:09.036, 0, P0, 1687 MHz, 14001 MHz, 151.73 W, [N/A], 175.00 W, 86, 15607 MiB, 100 %, 5, 8
2026/09/21 01:15:09.288, 0, P0, 1695 MHz, 14001 MHz, 151.71 W, [N/A], 175.00 W, 86, 15607 MiB, 100 %, 5, 8
2026/09/21 01:15:09.541, 0, P0, 1695 MHz, 14001 MHz, 151.71 W, [N/A], 175.00 W, 86, 15607 MiB, 100 %, 5, 8
2026/09/21 01:15:09.793, 0, P0, 1695 MHz, 14001 MHz, 151.79 W, [N/A], 175.00 W, 86, 15607 MiB, 100 %, 5, 8
2026/09/21 01:15:10.045, 0, P0, 1695 MHz, 14001 MHz, 151.79 W, [N/A], 175.00 W, 86, 15607 MiB, 100 %, 5, 8
2026/09/21 01:15:10.298, 0, P0, 1695 MHz, 14001 MHz, 151.80 W, [N/A], 175.00 W, 86, 15607 MiB, 100 %, 5, 8
2026/09/21 01:15:10.550, 0, P0, 1695 MHz, 14001 MHz, 151.80 W, [N/A], 175.00 W, 86, 15607 MiB, 100 %, 5, 8
2026/09/21 01:15:10.802, 0, P0, 1687 MHz, 14001 MHz, 151.70 W, [N/A], 175.00 W, 86, 15607 MiB, 100 %, 5, 8
2026/09/21 01:15:11.054, 0, P0, 1687 MHz, 14001 MHz, 151.70 W, [N/A], 175.00 W, 86, 15607 MiB, 100 %, 5, 8
2026/09/21 01:15:11.307, 0, P0, 1695 MHz, 14001 MHz, 151.63 W, [N/A], 175.00 W, 86, 15607 MiB, 100 %, 5, 8
2026/09/21 01:15:11.559, 0, P0, 1695 MHz, 14001 MHz, 151.63 W, [N/A], 175.00 W, 86, 15607 MiB, 100 %, 5, 8
2026/09/21 01:15:11.822, 0, P0, 1695 MHz, 14001 MHz, 151.72 W, [N/A], 175.00 W, 86, 15607 MiB, 100 %, 5, 8
2026/09/21 01:15:12.074, 0, P0, 1695 MHz, 14001 MHz, 151.66 W, [N/A], 175.00 W, 86, 15607 MiB, 100 %, 5, 8
2026/09/21 01:15:12.326, 0, P0, 1695 MHz, 14001 MHz, 151.66 W, [N/A], 175.00 W, 86, 15607 MiB, 100 %, 5, 8
2026/09/21 01:15:12.578, 0, P0, 1695 MHz, 14001 MHz, 151.57 W, [N/A], 175.00 W, 86, 15607 MiB, 100 %, 5, 8
2026/09/21 01:15:12.830, 0, P0, 1695 MHz, 14001 MHz, 151.57 W, [N/A], 175.00 W, 86, 15607 MiB, 100 %, 5, 8
2026/09/21 01:15:13.082, 0, P0, 1695 MHz, 14001 MHz, 151.55 W, [N/A], 175.00 W, 86, 15607 MiB, 100 %, 5, 8
2026/09/21 01:15:13.334, 0, P0, 1695 MHz, 14001 MHz, 151.55 W, [N/A], 175.00 W, 86, 15607 MiB, 100 %, 5, 8
2026/09/21 01:15:13.587, 0, P0, 1710 MHz, 14001 MHz, 152.88 W, [N/A], 175.00 W, 86, 15607 MiB, 100 %, 5, 8
2026/09/21 01:15:13.839, 0, P0, 1710 MHz, 14001 MHz, 152.88 W, [N/A], 175.00 W, 86, 15607 MiB, 100 %, 5, 8
2026/09/21 01:15:14.091, 0, P0, 1717 MHz, 14001 MHz, 154.92 W, [N/A], 175.00 W, 86, 15607 MiB, 100 %, 5, 8
2026/09/21 01:15:14.344, 0, P0, 1717 MHz, 14001 MHz, 154.92 W, [N/A], 175.00 W, 86, 15607 MiB, 100 %, 5, 8
2026/09/21 01:15:14.596, 0, P0, 1717 MHz, 14001 MHz, 155.50 W, [N/A], 175.00 W, 86, 15607 MiB, 100 %, 5, 8
2026/09/21 01:15:14.848, 0, P0, 1717 MHz, 14001 MHz, 155.50 W, [N/A], 175.00 W, 86, 15607 MiB, 100 %, 5, 8
2026/09/21 01:15:15.101, 0, P0, 1725 MHz, 14001 MHz, 155.50 W, [N/A], 175.00 W, 86, 15607 MiB, 100 %, 5, 8
2026/09/21 01:15:15.353, 0, P0, 1725 MHz, 14001 MHz, 155.50 W, [N/A], 175.00 W, 86, 15607 MiB, 100 %, 5, 8
2026/09/21 01:15:15.605, 0, P0, 1717 MHz, 14001 MHz, 155.55 W, [N/A], 175.00 W, 86, 15607 MiB, 100 %, 5, 8
2026/09/21 01:15:15.857, 0, P0, 1717 MHz, 14001 MHz, 155.55 W, [N/A], 175.00 W, 86, 15607 MiB, 100 %, 5, 8
2026/09/21 01:15:16.109, 0, P0, 1717 MHz, 14001 MHz, 155.56 W, [N/A], 175.00 W, 86, 15607 MiB, 100 %, 5, 8
2026/09/21 01:15:16.361, 0, P0, 1717 MHz, 14001 MHz, 155.56 W, [N/A], 175.00 W, 86, 15607 MiB, 100 %, 5, 8
2026/09/21 01:15:16.613, 0, P0, 1717 MHz, 14001 MHz, 155.64 W, [N/A], 175.00 W, 86, 15607 MiB, 100 %, 5, 8
2026/09/21 01:15:16.866, 0, P0, 1717 MHz, 14001 MHz, 155.64 W, [N/A], 175.00 W, 86, 15607 MiB, 100 %, 5, 8
2026/09/21 01:15:17.127, 0, P0, 1717 MHz, 14001 MHz, 155.64 W, [N/A], 175.00 W, 86, 15607 MiB, 100 %, 5, 8
2026/09/21 01:15:17.379, 0, P0, 1717 MHz, 14001 MHz, 155.64 W, [N/A], 175.00 W, 86, 15607 MiB, 100 %, 5, 8
2026/09/21 01:15:17.631, 0, P0, 1725 MHz, 14001 MHz, 155.63 W, [N/A], 175.00 W, 86, 15607 MiB, 100 %, 5, 8
2026/09/21 01:15:17.883, 0, P0, 1725 MHz, 14001 MHz, 155.63 W, [N/A], 175.00 W, 86, 15607 MiB, 100 %, 5, 8
2026/09/21 01:15:18.136, 0, P0, 1717 MHz, 14001 MHz, 155.61 W, [N/A], 175.00 W, 86, 15607 MiB, 100 %, 5, 8
2026/09/21 01:15:18.388, 0, P0, 1717 MHz, 14001 MHz, 155.61 W, [N/A], 175.00 W, 86, 15607 MiB, 100 %, 5, 8
2026/09/21 01:15:18.640, 0, P0, 1717 MHz, 14001 MHz, 155.58 W, [N/A], 175.00 W, 86, 15607 MiB, 100 %, 5, 8
2026/09/21 01:15:18.892, 0, P0, 1717 MHz, 14001 MHz, 155.58 W, [N/A], 175.00 W, 86, 15607 MiB, 100 %, 5, 8
2026/09/21 01:15:19.144, 0, P0, 1717 MHz, 14001 MHz, 155.57 W, [N/A], 175.00 W, 86, 15607 MiB, 100 %, 5, 8
2026/09/21 01:15:19.396, 0, P0, 1717 MHz, 14001 MHz, 155.57 W, [N/A], 175.00 W, 86, 15607 MiB, 100 %, 5, 8
2026/09/21 01:15:19.648, 0, P0, 1717 MHz, 14001 MHz, 155.52 W, [N/A], 175.00 W, 86, 15607 MiB, 100 %, 5, 8
2026/09/21 01:15:19.901, 0, P0, 1717 MHz, 14001 MHz, 155.52 W, [N/A], 175.00 W, 86, 15607 MiB, 100 %, 5, 8
2026/09/21 01:15:20.153, 0, P0, 1717 MHz, 14001 MHz, 155.61 W, [N/A], 175.00 W, 86, 15607 MiB, 100 %, 5, 8
2026/09/21 01:15:20.405, 0, P0, 1717 MHz, 14001 MHz, 155.61 W, [N/A], 175.00 W, 86, 15607 MiB, 100 %, 5, 8
2026/09/21 01:15:20.657, 0, P0, 1717 MHz, 14001 MHz, 155.69 W, [N/A], 175.00 W, 86, 15607 MiB, 100 %, 5, 8
2026/09/21 01:15:20.910, 0, P0, 1717 MHz, 14001 MHz, 155.69 W, [N/A], 175.00 W, 86, 15607 MiB, 100 %, 5, 8
2026/09/21 01:15:21.162, 0, P0, 1717 MHz, 14001 MHz, 155.64 W, [N/A], 175.00 W, 86, 15607 MiB, 100 %, 5, 8
2026/09/21 01:15:21.414, 0, P0, 1717 MHz, 14001 MHz, 155.64 W, [N/A], 175.00 W, 86, 15607 MiB, 100 %, 5, 8
2026/09/21 01:15:21.666, 0, P0, 1717 MHz, 14001 MHz, 155.57 W, [N/A], 175.00 W, 86, 15607 MiB, 100 %, 5, 8
2026/09/21 01:15:21.918, 0, P0, 1717 MHz, 14001 MHz, 155.57 W, [N/A], 175.00 W, 86, 15607 MiB, 100 %, 5, 8
2026/09/21 01:15:22.171, 0, P0, 1717 MHz, 14001 MHz, 155.63 W, [N/A], 175.00 W, 86, 15607 MiB, 100 %, 5, 8
2026/09/21 01:15:22.431, 0, P0, 1717 MHz, 14001 MHz, 155.63 W, [N/A], 175.00 W, 86, 15607 MiB, 100 %, 5, 8
2026/09/21 01:15:22.683, 0, P0, 1717 MHz, 14001 MHz, 155.64 W, [N/A], 175.00 W, 86, 15607 MiB, 100 %, 5, 8
2026/09/21 01:15:22.935, 0, P0, 1717 MHz, 14001 MHz, 155.64 W, [N/A], 175.00 W, 86, 15607 MiB, 100 %, 5, 8
2026/09/21 01:15:23.188, 0, P0, 1717 MHz, 14001 MHz, 155.61 W, [N/A], 175.00 W, 86, 15607 MiB, 100 %, 5, 8
2026/09/21 01:15:23.440, 0, P0, 1717 MHz, 14001 MHz, 155.61 W, [N/A], 175.00 W, 86, 15607 MiB, 100 %, 5, 8
2026/09/21 01:15:23.692, 0, P0, 1717 MHz, 14001 MHz, 155.55 W, [N/A], 175.00 W, 86, 15607 MiB, 100 %, 5, 8
2026/09/21 01:15:23.944, 0, P0, 1717 MHz, 14001 MHz, 155.55 W, [N/A], 175.00 W, 86, 15607 MiB, 100 %, 5, 8
2026/09/21 01:15:24.197, 0, P0, 1717 MHz, 14001 MHz, 155.55 W, [N/A], 175.00 W, 86, 15607 MiB, 100 %, 5, 8
2026/09/21 01:15:24.449, 0, P0, 1717 MHz, 14001 MHz, 155.55 W, [N/A], 175.00 W, 86, 15607 MiB, 100 %, 5, 8
2026/09/21 01:15:24.701, 0, P0, 1717 MHz, 14001 MHz, 155.59 W, [N/A], 175.00 W, 86, 15607 MiB, 100 %, 5, 8
2026/09/21 01:15:24.953, 0, P0, 1717 MHz, 14001 MHz, 155.59 W, [N/A], 175.00 W, 86, 15607 MiB, 100 %, 5, 8
2026/09/21 01:15:25.206, 0, P0, 1717 MHz, 14001 MHz, 155.58 W, [N/A], 175.00 W, 86, 15607 MiB, 100 %, 5, 8
2026/09/21 01:15:25.458, 0, P0, 1717 MHz, 14001 MHz, 155.58 W, [N/A], 175.00 W, 86, 15607 MiB, 100 %, 5, 8
2026/09/21 01:15:25.710, 0, P0, 1717 MHz, 14001 MHz, 155.57 W, [N/A], 175.00 W, 86, 15607 MiB, 100 %, 5, 8
2026/09/21 01:15:25.962, 0, P0, 1717 MHz, 14001 MHz, 155.57 W, [N/A], 175.00 W, 86, 15607 MiB, 100 %, 5, 8
2026/09/21 01:15:26.214, 0, P0, 1725 MHz, 14001 MHz, 155.63 W, [N/A], 175.00 W, 86, 15607 MiB, 100 %, 5, 8
2026/09/21 01:15:26.466, 0, P0, 1725 MHz, 14001 MHz, 155.63 W, [N/A], 175.00 W, 86, 15607 MiB, 100 %, 5, 8
2026/09/21 01:15:26.719, 0, P0, 1717 MHz, 14001 MHz, 155.66 W, [N/A], 175.00 W, 86, 15607 MiB, 100 %, 5, 8
2026/09/21 01:15:26.971, 0, P0, 1717 MHz, 14001 MHz, 155.66 W, [N/A], 175.00 W, 86, 15607 MiB, 100 %, 5, 8
2026/09/21 01:15:27.223, 0, P0, 1717 MHz, 14001 MHz, 155.54 W, [N/A], 175.00 W, 86, 15607 MiB, 100 %, 5, 8
2026/09/21 01:15:27.476, 0, P0, 1717 MHz, 14001 MHz, 155.54 W, [N/A], 175.00 W, 86, 15607 MiB, 100 %, 5, 8
2026/09/21 01:15:27.728, 0, P0, 1717 MHz, 14001 MHz, 155.64 W, [N/A], 175.00 W, 86, 15607 MiB, 100 %, 5, 8
2026/09/21 01:15:27.980, 0, P0, 1717 MHz, 14001 MHz, 155.64 W, [N/A], 175.00 W, 86, 15607 MiB, 100 %, 5, 8
2026/09/21 01:15:28.242, 0, P0, 1717 MHz, 14001 MHz, 155.69 W, [N/A], 175.00 W, 86, 15607 MiB, 100 %, 5, 8
2026/09/21 01:15:28.494, 0, P0, 1717 MHz, 14001 MHz, 155.69 W, [N/A], 175.00 W, 86, 15607 MiB, 100 %, 5, 8
2026/09/21 01:15:28.747, 0, P0, 1717 MHz, 14001 MHz, 155.59 W, [N/A], 175.00 W, 86, 15607 MiB, 100 %, 5, 8
2026/09/21 01:15:28.999, 0, P0, 1717 MHz, 14001 MHz, 155.59 W, [N/A], 175.00 W, 86, 15607 MiB, 100 %, 5, 8
2026/09/21 01:15:29.251, 0, P0, 1717 MHz, 14001 MHz, 155.61 W, [N/A], 175.00 W, 86, 15607 MiB, 100 %, 5, 8
2026/09/21 01:15:29.502, 0, P0, 1717 MHz, 14001 MHz, 155.61 W, [N/A], 175.00 W, 86, 15607 MiB, 100 %, 5, 8
2026/09/21 01:15:29.755, 0, P0, 1717 MHz, 14001 MHz, 155.66 W, [N/A], 175.00 W, 86, 15607 MiB, 100 %, 5, 8
2026/09/21 01:15:30.007, 0, P0, 1717 MHz, 14001 MHz, 155.66 W, [N/A], 175.00 W, 86, 15607 MiB, 100 %, 5, 8
2026/09/21 01:15:30.259, 0, P0, 1717 MHz, 14001 MHz, 155.62 W, [N/A], 175.00 W, 86, 15607 MiB, 100 %, 5, 8
2026/09/21 01:15:30.511, 0, P0, 1717 MHz, 14001 MHz, 155.62 W, [N/A], 175.00 W, 86, 15607 MiB, 100 %, 5, 8
2026/09/21 01:15:30.764, 0, P0, 1717 MHz, 14001 MHz, 155.62 W, [N/A], 175.00 W, 86, 15607 MiB, 100 %, 5, 8
2026/09/21 01:15:31.016, 0, P0, 1717 MHz, 14001 MHz, 155.62 W, [N/A], 175.00 W, 86, 15607 MiB, 100 %, 5, 8
2026/09/21 01:15:31.268, 0, P0, 1717 MHz, 14001 MHz, 155.60 W, [N/A], 175.00 W, 86, 15607 MiB, 100 %, 5, 8
2026/09/21 01:15:31.520, 0, P0, 1717 MHz, 14001 MHz, 155.60 W, [N/A], 175.00 W, 86, 15607 MiB, 100 %, 5, 8
2026/09/21 01:15:31.772, 0, P0, 1717 MHz, 14001 MHz, 155.59 W, [N/A], 175.00 W, 86, 15607 MiB, 100 %, 5, 8
2026/09/21 01:15:32.024, 0, P0, 1717 MHz, 14001 MHz, 155.59 W, [N/A], 175.00 W, 86, 15607 MiB, 100 %, 5, 8
2026/09/21 01:15:32.277, 0, P0, 1717 MHz, 14001 MHz, 155.50 W, [N/A], 175.00 W, 86, 15607 MiB, 100 %, 5, 8
2026/09/21 01:15:32.529, 0, P0, 1717 MHz, 14001 MHz, 155.50 W, [N/A], 175.00 W, 86, 15607 MiB, 100 %, 5, 8
2026/09/21 01:15:32.781, 0, P0, 1717 MHz, 14001 MHz, 155.43 W, [N/A], 175.00 W, 86, 15607 MiB, 100 %, 5, 8
2026/09/21 01:15:33.033, 0, P0, 1717 MHz, 14001 MHz, 155.43 W, [N/A], 175.00 W, 86, 15607 MiB, 100 %, 5, 8
2026/09/21 01:15:33.286, 0, P0, 1717 MHz, 14001 MHz, 155.48 W, [N/A], 175.00 W, 86, 15607 MiB, 100 %, 5, 8
2026/09/21 01:15:33.545, 0, P0, 1717 MHz, 14001 MHz, 155.48 W, [N/A], 175.00 W, 86, 15607 MiB, 100 %, 5, 8
2026/09/21 01:15:33.797, 0, P0, 1717 MHz, 14001 MHz, 155.58 W, [N/A], 175.00 W, 86, 15607 MiB, 100 %, 5, 8
2026/09/21 01:15:34.050, 0, P0, 1717 MHz, 14001 MHz, 155.58 W, [N/A], 175.00 W, 86, 15607 MiB, 100 %, 5, 8
2026/09/21 01:15:34.302, 0, P0, 1717 MHz, 14001 MHz, 155.50 W, [N/A], 175.00 W, 87, 15607 MiB, 100 %, 5, 8
2026/09/21 01:15:34.554, 0, P0, 1717 MHz, 14001 MHz, 155.50 W, [N/A], 175.00 W, 87, 15607 MiB, 100 %, 5, 8
2026/09/21 01:15:34.806, 0, P0, 1717 MHz, 14001 MHz, 155.45 W, [N/A], 175.00 W, 87, 15607 MiB, 100 %, 5, 8
2026/09/21 01:15:35.058, 0, P0, 1717 MHz, 14001 MHz, 155.45 W, [N/A], 175.00 W, 87, 15607 MiB, 100 %, 5, 8
2026/09/21 01:15:35.310, 0, P0, 1717 MHz, 14001 MHz, 155.38 W, [N/A], 175.00 W, 87, 15607 MiB, 99 %, 5, 8
2026/09/21 01:15:35.563, 0, P0, 1717 MHz, 14001 MHz, 155.38 W, [N/A], 175.00 W, 87, 15607 MiB, 99 %, 5, 8
2026/09/21 01:15:35.815, 0, P0, 1717 MHz, 14001 MHz, 155.47 W, [N/A], 175.00 W, 87, 15607 MiB, 100 %, 5, 8
2026/09/21 01:15:36.067, 0, P0, 1717 MHz, 14001 MHz, 155.47 W, [N/A], 175.00 W, 87, 15607 MiB, 100 %, 5, 8
2026/09/21 01:15:36.319, 0, P0, 1717 MHz, 14001 MHz, 155.63 W, [N/A], 175.00 W, 87, 15607 MiB, 100 %, 5, 8
2026/09/21 01:15:36.571, 0, P0, 1717 MHz, 14001 MHz, 155.63 W, [N/A], 175.00 W, 87, 15607 MiB, 100 %, 5, 8
2026/09/21 01:15:36.823, 0, P0, 1717 MHz, 14001 MHz, 155.51 W, [N/A], 175.00 W, 87, 15607 MiB, 100 %, 5, 8
2026/09/21 01:15:37.076, 0, P0, 1717 MHz, 14001 MHz, 155.51 W, [N/A], 175.00 W, 87, 15607 MiB, 100 %, 5, 8
2026/09/21 01:15:37.328, 0, P0, 1717 MHz, 14001 MHz, 155.52 W, [N/A], 175.00 W, 87, 15607 MiB, 100 %, 5, 8
2026/09/21 01:15:37.580, 0, P0, 1717 MHz, 14001 MHz, 155.52 W, [N/A], 175.00 W, 87, 15607 MiB, 100 %, 5, 8
2026/09/21 01:15:37.832, 0, P0, 1717 MHz, 14001 MHz, 155.72 W, [N/A], 175.00 W, 87, 15607 MiB, 100 %, 5, 8
2026/09/21 01:15:38.084, 0, P0, 1717 MHz, 14001 MHz, 155.72 W, [N/A], 175.00 W, 87, 15607 MiB, 100 %, 5, 8
2026/09/21 01:15:38.337, 0, P0, 1717 MHz, 14001 MHz, 155.78 W, [N/A], 175.00 W, 87, 15607 MiB, 100 %, 5, 8
2026/09/21 01:15:38.589, 0, P0, 1717 MHz, 14001 MHz, 155.78 W, [N/A], 175.00 W, 87, 15607 MiB, 100 %, 5, 8
2026/09/21 01:15:38.841, 0, P0, 1717 MHz, 14001 MHz, 155.75 W, [N/A], 175.00 W, 87, 15607 MiB, 100 %, 5, 8
2026/09/21 01:15:39.093, 0, P0, 1717 MHz, 14001 MHz, 155.75 W, [N/A], 175.00 W, 87, 15607 MiB, 100 %, 5, 8
2026/09/21 01:15:39.353, 0, P0, 1717 MHz, 14001 MHz, 155.67 W, [N/A], 175.00 W, 87, 15607 MiB, 100 %, 5, 8
2026/09/21 01:15:39.606, 0, P0, 1717 MHz, 14001 MHz, 155.67 W, [N/A], 175.00 W, 87, 15607 MiB, 100 %, 5, 8
2026/09/21 01:15:39.858, 0, P0, 1717 MHz, 14001 MHz, 155.70 W, [N/A], 175.00 W, 87, 15607 MiB, 100 %, 5, 8
2026/09/21 01:15:40.110, 0, P0, 1717 MHz, 14001 MHz, 155.75 W, [N/A], 175.00 W, 87, 15607 MiB, 99 %, 5, 8
2026/09/21 01:15:40.362, 0, P0, 1717 MHz, 14001 MHz, 155.75 W, [N/A], 175.00 W, 87, 15607 MiB, 99 %, 5, 8
2026/09/21 01:15:40.614, 0, P0, 1717 MHz, 14001 MHz, 155.71 W, [N/A], 175.00 W, 87, 15607 MiB, 100 %, 5, 8
2026/09/21 01:15:40.867, 0, P0, 1717 MHz, 14001 MHz, 155.71 W, [N/A], 175.00 W, 87, 15607 MiB, 100 %, 5, 8
2026/09/21 01:15:41.119, 0, P0, 1717 MHz, 14001 MHz, 155.61 W, [N/A], 175.00 W, 87, 15607 MiB, 99 %, 5, 8
2026/09/21 01:15:41.371, 0, P0, 1717 MHz, 14001 MHz, 155.61 W, [N/A], 175.00 W, 87, 15607 MiB, 99 %, 5, 8
2026/09/21 01:15:41.623, 0, P0, 1635 MHz, 14001 MHz, 154.24 W, [N/A], 175.00 W, 86, 15607 MiB, 100 %, 5, 8
2026/09/21 01:15:41.875, 0, P0, 1635 MHz, 14001 MHz, 154.24 W, [N/A], 175.00 W, 86, 15607 MiB, 100 %, 5, 8
2026/09/21 01:15:42.128, 0, P0, 1635 MHz, 14001 MHz, 147.82 W, [N/A], 175.00 W, 86, 15607 MiB, 100 %, 5, 8
2026/09/21 01:15:42.380, 0, P0, 1635 MHz, 14001 MHz, 147.82 W, [N/A], 175.00 W, 86, 15607 MiB, 100 %, 5, 8
2026/09/21 01:15:42.632, 0, P0, 1642 MHz, 14001 MHz, 142.65 W, [N/A], 175.00 W, 86, 15607 MiB, 100 %, 5, 8
2026/09/21 01:15:42.884, 0, P0, 1642 MHz, 14001 MHz, 142.65 W, [N/A], 175.00 W, 86, 15607 MiB, 100 %, 5, 8
2026/09/21 01:15:43.136, 0, P0, 1642 MHz, 14001 MHz, 144.25 W, [N/A], 175.00 W, 86, 15607 MiB, 100 %, 5, 8
2026/09/21 01:15:43.388, 0, P0, 1642 MHz, 14001 MHz, 144.25 W, [N/A], 175.00 W, 86, 15607 MiB, 100 %, 5, 8
2026/09/21 01:15:43.640, 0, P0, 1657 MHz, 14001 MHz, 145.01 W, [N/A], 175.00 W, 86, 15607 MiB, 100 %, 5, 8
2026/09/21 01:15:43.893, 0, P0, 1657 MHz, 14001 MHz, 145.01 W, [N/A], 175.00 W, 86, 15607 MiB, 100 %, 5, 8
2026/09/21 01:15:44.145, 0, P0, 1657 MHz, 14001 MHz, 146.43 W, [N/A], 175.00 W, 86, 15607 MiB, 100 %, 5, 8
2026/09/21 01:15:44.397, 0, P0, 1657 MHz, 14001 MHz, 146.43 W, [N/A], 175.00 W, 86, 15607 MiB, 100 %, 5, 8
2026/09/21 01:15:44.650, 0, P0, 1657 MHz, 14001 MHz, 147.58 W, [N/A], 175.00 W, 86, 15607 MiB, 100 %, 5, 8
2026/09/21 01:15:44.902, 0, P0, 1657 MHz, 14001 MHz, 147.58 W, [N/A], 175.00 W, 86, 15607 MiB, 100 %, 5, 8
2026/09/21 01:15:45.154, 0, P0, 1657 MHz, 14001 MHz, 147.56 W, [N/A], 175.00 W, 86, 15607 MiB, 100 %, 5, 8
2026/09/21 01:15:45.407, 0, P0, 1657 MHz, 14001 MHz, 147.56 W, [N/A], 175.00 W, 86, 15607 MiB, 100 %, 5, 8
2026/09/21 01:15:45.669, 0, P0, 1657 MHz, 14001 MHz, 147.50 W, [N/A], 175.00 W, 86, 15607 MiB, 100 %, 5, 8
2026/09/21 01:15:45.921, 0, P0, 1657 MHz, 14001 MHz, 147.50 W, [N/A], 175.00 W, 86, 15607 MiB, 100 %, 5, 8
2026/09/21 01:15:46.173, 0, P0, 1665 MHz, 14001 MHz, 147.52 W, [N/A], 175.00 W, 86, 15607 MiB, 100 %, 5, 8
2026/09/21 01:15:46.425, 0, P0, 1665 MHz, 14001 MHz, 147.52 W, [N/A], 175.00 W, 86, 15607 MiB, 100 %, 5, 8
2026/09/21 01:15:46.677, 0, P0, 1665 MHz, 14001 MHz, 148.18 W, [N/A], 175.00 W, 86, 15607 MiB, 100 %, 5, 8
2026/09/21 01:15:46.929, 0, P0, 1665 MHz, 14001 MHz, 148.18 W, [N/A], 175.00 W, 86, 15607 MiB, 100 %, 5, 8
2026/09/21 01:15:47.181, 0, P0, 1665 MHz, 14001 MHz, 148.92 W, [N/A], 175.00 W, 86, 15607 MiB, 100 %, 5, 8
2026/09/21 01:15:47.434, 0, P0, 1665 MHz, 14001 MHz, 148.92 W, [N/A], 175.00 W, 86, 15607 MiB, 100 %, 5, 8
2026/09/21 01:15:47.686, 0, P0, 1665 MHz, 14001 MHz, 149.25 W, [N/A], 175.00 W, 86, 15607 MiB, 100 %, 5, 8
2026/09/21 01:15:47.938, 0, P0, 1665 MHz, 14001 MHz, 149.25 W, [N/A], 175.00 W, 86, 15607 MiB, 100 %, 5, 8
2026/09/21 01:15:48.190, 0, P0, 1665 MHz, 14001 MHz, 149.24 W, [N/A], 175.00 W, 86, 15607 MiB, 100 %, 5, 8
2026/09/21 01:15:48.443, 0, P0, 1665 MHz, 14001 MHz, 149.24 W, [N/A], 175.00 W, 86, 15607 MiB, 100 %, 5, 8
2026/09/21 01:15:48.695, 0, P0, 1710 MHz, 14001 MHz, 150.77 W, [N/A], 175.00 W, 86, 15607 MiB, 100 %, 5, 8
2026/09/21 01:15:48.947, 0, P0, 1710 MHz, 14001 MHz, 150.77 W, [N/A], 175.00 W, 86, 15607 MiB, 100 %, 5, 8
2026/09/21 01:15:49.199, 0, P0, 1717 MHz, 14001 MHz, 153.86 W, [N/A], 175.00 W, 86, 15607 MiB, 100 %, 5, 8
2026/09/21 01:15:49.451, 0, P0, 1717 MHz, 14001 MHz, 153.86 W, [N/A], 175.00 W, 86, 15607 MiB, 100 %, 5, 8
2026/09/21 01:15:49.703, 0, P0, 1710 MHz, 14001 MHz, 155.06 W, [N/A], 175.00 W, 86, 15607 MiB, 100 %, 5, 8
2026/09/21 01:15:49.955, 0, P0, 1710 MHz, 14001 MHz, 155.06 W, [N/A], 175.00 W, 86, 15607 MiB, 100 %, 5, 8
2026/09/21 01:15:50.207, 0, P0, 1717 MHz, 14001 MHz, 154.93 W, [N/A], 175.00 W, 86, 15607 MiB, 100 %, 5, 8
2026/09/21 01:15:50.459, 0, P0, 1717 MHz, 14001 MHz, 154.93 W, [N/A], 175.00 W, 86, 15607 MiB, 100 %, 5, 8
2026/09/21 01:15:50.712, 0, P0, 1710 MHz, 14001 MHz, 154.83 W, [N/A], 175.00 W, 86, 15607 MiB, 100 %, 5, 8
2026/09/21 01:15:50.973, 0, P0, 1710 MHz, 14001 MHz, 154.83 W, [N/A], 175.00 W, 86, 15607 MiB, 100 %, 5, 8
2026/09/21 01:15:51.225, 0, P0, 1710 MHz, 14001 MHz, 154.85 W, [N/A], 175.00 W, 86, 15607 MiB, 100 %, 5, 8
2026/09/21 01:15:51.478, 0, P0, 1710 MHz, 14001 MHz, 154.85 W, [N/A], 175.00 W, 86, 15607 MiB, 100 %, 5, 8
2026/09/21 01:15:51.730, 0, P0, 1710 MHz, 14001 MHz, 154.81 W, [N/A], 175.00 W, 86, 15607 MiB, 100 %, 5, 8
2026/09/21 01:15:51.983, 0, P0, 1710 MHz, 14001 MHz, 154.81 W, [N/A], 175.00 W, 86, 15607 MiB, 100 %, 5, 8
2026/09/21 01:15:52.235, 0, P0, 1710 MHz, 14001 MHz, 154.82 W, [N/A], 175.00 W, 86, 15607 MiB, 100 %, 5, 8
2026/09/21 01:15:52.487, 0, P0, 1710 MHz, 14001 MHz, 154.82 W, [N/A], 175.00 W, 86, 15607 MiB, 100 %, 5, 8
2026/09/21 01:15:52.739, 0, P0, 1710 MHz, 14001 MHz, 154.93 W, [N/A], 175.00 W, 86, 15607 MiB, 100 %, 5, 8
2026/09/21 01:15:52.991, 0, P0, 1710 MHz, 14001 MHz, 154.93 W, [N/A], 175.00 W, 86, 15607 MiB, 100 %, 5, 8
2026/09/21 01:15:53.243, 0, P0, 1710 MHz, 14001 MHz, 154.83 W, [N/A], 175.00 W, 86, 15607 MiB, 100 %, 5, 8
2026/09/21 01:15:53.496, 0, P0, 1710 MHz, 14001 MHz, 154.83 W, [N/A], 175.00 W, 86, 15607 MiB, 100 %, 5, 8
2026/09/21 01:15:53.748, 0, P0, 1710 MHz, 14001 MHz, 154.74 W, [N/A], 175.00 W, 86, 15607 MiB, 100 %, 5, 8
2026/09/21 01:15:54.000, 0, P0, 1710 MHz, 14001 MHz, 154.74 W, [N/A], 175.00 W, 86, 15607 MiB, 100 %, 5, 8
2026/09/21 01:15:54.252, 0, P0, 1710 MHz, 14001 MHz, 154.79 W, [N/A], 175.00 W, 86, 15607 MiB, 100 %, 5, 8
2026/09/21 01:15:54.505, 0, P0, 1710 MHz, 14001 MHz, 154.79 W, [N/A], 175.00 W, 86, 15607 MiB, 100 %, 5, 8
2026/09/21 01:15:54.757, 0, P0, 1710 MHz, 14001 MHz, 154.82 W, [N/A], 175.00 W, 86, 15607 MiB, 100 %, 5, 8
2026/09/21 01:15:55.009, 0, P0, 1710 MHz, 14001 MHz, 154.82 W, [N/A], 175.00 W, 86, 15607 MiB, 100 %, 5, 8
2026/09/21 01:15:55.261, 0, P0, 1710 MHz, 14001 MHz, 154.98 W, [N/A], 175.00 W, 86, 15607 MiB, 99 %, 5, 8
2026/09/21 01:15:55.514, 0, P0, 1710 MHz, 14001 MHz, 154.98 W, [N/A], 175.00 W, 86, 15607 MiB, 99 %, 5, 8
2026/09/21 01:15:55.766, 0, P0, 1710 MHz, 14001 MHz, 154.91 W, [N/A], 175.00 W, 86, 15607 MiB, 100 %, 5, 8
2026/09/21 01:15:56.019, 0, P0, 1710 MHz, 14001 MHz, 154.91 W, [N/A], 175.00 W, 86, 15607 MiB, 100 %, 5, 8
2026/09/21 01:15:56.279, 0, P0, 1710 MHz, 14001 MHz, 154.75 W, [N/A], 175.00 W, 86, 15607 MiB, 100 %, 5, 8
2026/09/21 01:15:56.531, 0, P0, 1710 MHz, 14001 MHz, 154.75 W, [N/A], 175.00 W, 86, 15607 MiB, 100 %, 5, 8
2026/09/21 01:15:56.783, 0, P0, 1710 MHz, 14001 MHz, 154.82 W, [N/A], 175.00 W, 86, 15607 MiB, 100 %, 5, 8
2026/09/21 01:15:57.036, 0, P0, 1710 MHz, 14001 MHz, 154.82 W, [N/A], 175.00 W, 86, 15607 MiB, 100 %, 5, 8
2026/09/21 01:15:57.288, 0, P0, 1710 MHz, 14001 MHz, 154.82 W, [N/A], 175.00 W, 86, 15607 MiB, 100 %, 5, 8
2026/09/21 01:15:57.540, 0, P0, 1710 MHz, 14001 MHz, 154.82 W, [N/A], 175.00 W, 86, 15607 MiB, 100 %, 5, 8
2026/09/21 01:15:57.792, 0, P0, 1710 MHz, 14001 MHz, 154.92 W, [N/A], 175.00 W, 86, 15607 MiB, 100 %, 5, 8
2026/09/21 01:15:58.045, 0, P0, 1710 MHz, 14001 MHz, 154.92 W, [N/A], 175.00 W, 86, 15607 MiB, 100 %, 5, 8
2026/09/21 01:15:58.297, 0, P0, 1717 MHz, 14001 MHz, 155.08 W, [N/A], 175.00 W, 86, 15607 MiB, 100 %, 5, 8
2026/09/21 01:15:58.549, 0, P0, 1717 MHz, 14001 MHz, 155.08 W, [N/A], 175.00 W, 86, 15607 MiB, 100 %, 5, 8
2026/09/21 01:15:58.801, 0, P0, 1717 MHz, 14001 MHz, 155.04 W, [N/A], 175.00 W, 86, 15607 MiB, 100 %, 5, 8
2026/09/21 01:15:59.054, 0, P0, 1717 MHz, 14001 MHz, 155.04 W, [N/A], 175.00 W, 86, 15607 MiB, 100 %, 5, 8
2026/09/21 01:15:59.306, 0, P0, 1710 MHz, 14001 MHz, 155.05 W, [N/A], 175.00 W, 86, 15607 MiB, 100 %, 5, 8
2026/09/21 01:15:59.558, 0, P0, 1710 MHz, 14001 MHz, 155.05 W, [N/A], 175.00 W, 86, 15607 MiB, 100 %, 5, 8
2026/09/21 01:15:59.810, 0, P0, 1717 MHz, 14001 MHz, 155.14 W, [N/A], 175.00 W, 86, 15607 MiB, 100 %, 5, 8
2026/09/21 01:16:00.062, 0, P0, 1717 MHz, 14001 MHz, 155.14 W, [N/A], 175.00 W, 86, 15607 MiB, 100 %, 5, 8
2026/09/21 01:16:00.314, 0, P0, 1717 MHz, 14001 MHz, 155.24 W, [N/A], 175.00 W, 86, 15607 MiB, 100 %, 5, 8
2026/09/21 01:16:00.566, 0, P0, 1717 MHz, 14001 MHz, 155.24 W, [N/A], 175.00 W, 86, 15607 MiB, 100 %, 5, 8
2026/09/21 01:16:00.819, 0, P0, 1710 MHz, 14001 MHz, 155.16 W, [N/A], 175.00 W, 86, 15607 MiB, 100 %, 5, 8
2026/09/21 01:16:01.071, 0, P0, 1710 MHz, 14001 MHz, 155.16 W, [N/A], 175.00 W, 86, 15607 MiB, 100 %, 5, 8
2026/09/21 01:16:01.323, 0, P0, 1710 MHz, 14001 MHz, 155.07 W, [N/A], 175.00 W, 86, 15607 MiB, 100 %, 5, 8
2026/09/21 01:16:01.585, 0, P0, 1710 MHz, 14001 MHz, 155.07 W, [N/A], 175.00 W, 86, 15607 MiB, 100 %, 5, 8
2026/09/21 01:16:01.837, 0, P0, 1710 MHz, 14001 MHz, 154.99 W, [N/A], 175.00 W, 86, 15607 MiB, 100 %, 5, 8
2026/09/21 01:16:02.089, 0, P0, 1710 MHz, 14001 MHz, 154.99 W, [N/A], 175.00 W, 86, 15607 MiB, 100 %, 5, 8
2026/09/21 01:16:02.342, 0, P0, 1710 MHz, 14001 MHz, 154.86 W, [N/A], 175.00 W, 86, 15607 MiB, 100 %, 5, 8
2026/09/21 01:16:02.594, 0, P0, 1710 MHz, 14001 MHz, 154.86 W, [N/A], 175.00 W, 86, 15607 MiB, 100 %, 5, 8
2026/09/21 01:16:02.846, 0, P0, 1710 MHz, 14001 MHz, 154.81 W, [N/A], 175.00 W, 86, 15607 MiB, 100 %, 5, 8
2026/09/21 01:16:03.098, 0, P0, 1710 MHz, 14001 MHz, 154.81 W, [N/A], 175.00 W, 86, 15607 MiB, 100 %, 5, 8
2026/09/21 01:16:03.350, 0, P0, 1710 MHz, 14001 MHz, 154.79 W, [N/A], 175.00 W, 86, 15607 MiB, 100 %, 5, 8
2026/09/21 01:16:03.602, 0, P0, 1710 MHz, 14001 MHz, 154.79 W, [N/A], 175.00 W, 86, 15607 MiB, 100 %, 5, 8
2026/09/21 01:16:03.854, 0, P0, 1717 MHz, 14001 MHz, 154.92 W, [N/A], 175.00 W, 86, 15607 MiB, 100 %, 5, 8
2026/09/21 01:16:04.107, 0, P0, 1717 MHz, 14001 MHz, 154.92 W, [N/A], 175.00 W, 86, 15607 MiB, 100 %, 5, 8
2026/09/21 01:16:04.359, 0, P0, 1710 MHz, 14001 MHz, 154.90 W, [N/A], 175.00 W, 86, 15607 MiB, 100 %, 5, 8
2026/09/21 01:16:04.611, 0, P0, 1710 MHz, 14001 MHz, 154.90 W, [N/A], 175.00 W, 86, 15607 MiB, 100 %, 5, 8
2026/09/21 01:16:04.863, 0, P0, 1710 MHz, 14001 MHz, 154.82 W, [N/A], 175.00 W, 86, 15607 MiB, 100 %, 5, 8
2026/09/21 01:16:05.115, 0, P0, 1710 MHz, 14001 MHz, 154.82 W, [N/A], 175.00 W, 86, 15607 MiB, 100 %, 5, 8
2026/09/21 01:16:05.368, 0, P0, 1710 MHz, 14001 MHz, 154.82 W, [N/A], 175.00 W, 86, 15607 MiB, 100 %, 5, 8
2026/09/21 01:16:05.620, 0, P0, 1710 MHz, 14001 MHz, 154.82 W, [N/A], 175.00 W, 86, 15607 MiB, 100 %, 5, 8
2026/09/21 01:16:05.872, 0, P0, 1710 MHz, 14001 MHz, 154.71 W, [N/A], 175.00 W, 86, 15607 MiB, 100 %, 5, 8
2026/09/21 01:16:06.124, 0, P0, 1710 MHz, 14001 MHz, 154.71 W, [N/A], 175.00 W, 86, 15607 MiB, 100 %, 5, 8
2026/09/21 01:16:06.376, 0, P0, 1717 MHz, 14001 MHz, 154.90 W, [N/A], 175.00 W, 86, 15607 MiB, 100 %, 5, 8
2026/09/21 01:16:06.628, 0, P0, 1717 MHz, 14001 MHz, 154.90 W, [N/A], 175.00 W, 86, 15607 MiB, 100 %, 5, 8
2026/09/21 01:16:06.881, 0, P0, 1710 MHz, 14001 MHz, 155.05 W, [N/A], 175.00 W, 86, 15607 MiB, 100 %, 5, 8
2026/09/21 01:16:07.133, 0, P0, 1710 MHz, 14001 MHz, 155.05 W, [N/A], 175.00 W, 86, 15607 MiB, 100 %, 5, 8
2026/09/21 01:16:07.394, 0, P0, 1710 MHz, 14001 MHz, 155.03 W, [N/A], 175.00 W, 86, 15607 MiB, 100 %, 5, 8
2026/09/21 01:16:07.645, 0, P0, 1710 MHz, 14001 MHz, 155.05 W, [N/A], 175.00 W, 86, 15607 MiB, 100 %, 5, 8
2026/09/21 01:16:07.898, 0, P0, 1710 MHz, 14001 MHz, 155.05 W, [N/A], 175.00 W, 86, 15607 MiB, 100 %, 5, 8
2026/09/21 01:16:08.150, 0, P0, 1710 MHz, 14001 MHz, 155.06 W, [N/A], 175.00 W, 86, 15607 MiB, 100 %, 5, 8
2026/09/21 01:16:08.402, 0, P0, 1710 MHz, 14001 MHz, 155.06 W, [N/A], 175.00 W, 86, 15607 MiB, 100 %, 5, 8
2026/09/21 01:16:08.655, 0, P0, 1710 MHz, 14001 MHz, 154.99 W, [N/A], 175.00 W, 86, 15607 MiB, 100 %, 5, 8
2026/09/21 01:16:08.907, 0, P0, 1710 MHz, 14001 MHz, 154.99 W, [N/A], 175.00 W, 86, 15607 MiB, 100 %, 5, 8
2026/09/21 01:16:09.159, 0, P0, 1710 MHz, 14001 MHz, 154.88 W, [N/A], 175.00 W, 86, 15607 MiB, 100 %, 5, 8
2026/09/21 01:16:09.411, 0, P0, 1710 MHz, 14001 MHz, 154.88 W, [N/A], 175.00 W, 86, 15607 MiB, 100 %, 5, 8
2026/09/21 01:16:09.664, 0, P0, 1710 MHz, 14001 MHz, 154.77 W, [N/A], 175.00 W, 86, 15607 MiB, 100 %, 5, 8
2026/09/21 01:16:09.916, 0, P0, 1710 MHz, 14001 MHz, 154.77 W, [N/A], 175.00 W, 86, 15607 MiB, 100 %, 5, 8
2026/09/21 01:16:10.168, 0, P0, 1710 MHz, 14001 MHz, 154.64 W, [N/A], 175.00 W, 86, 15607 MiB, 100 %, 5, 8
2026/09/21 01:16:10.420, 0, P0, 1710 MHz, 14001 MHz, 154.64 W, [N/A], 175.00 W, 86, 15607 MiB, 100 %, 5, 8
2026/09/21 01:16:10.673, 0, P0, 1710 MHz, 14001 MHz, 154.70 W, [N/A], 175.00 W, 86, 15607 MiB, 100 %, 5, 8
2026/09/21 01:16:10.925, 0, P0, 1710 MHz, 14001 MHz, 154.70 W, [N/A], 175.00 W, 86, 15607 MiB, 100 %, 5, 8
2026/09/21 01:16:11.177, 0, P0, 1710 MHz, 14001 MHz, 154.83 W, [N/A], 175.00 W, 86, 15607 MiB, 100 %, 5, 8
2026/09/21 01:16:11.430, 0, P0, 1710 MHz, 14001 MHz, 154.83 W, [N/A], 175.00 W, 86, 15607 MiB, 100 %, 5, 8
2026/09/21 01:16:11.682, 0, P0, 1710 MHz, 14001 MHz, 154.82 W, [N/A], 175.00 W, 86, 15607 MiB, 100 %, 5, 8
2026/09/21 01:16:11.934, 0, P0, 1710 MHz, 14001 MHz, 154.82 W, [N/A], 175.00 W, 86, 15607 MiB, 100 %, 5, 8
2026/09/21 01:16:12.186, 0, P0, 1710 MHz, 14001 MHz, 154.73 W, [N/A], 175.00 W, 86, 15607 MiB, 100 %, 5, 8
2026/09/21 01:16:12.439, 0, P0, 1710 MHz, 14001 MHz, 154.73 W, [N/A], 175.00 W, 86, 15607 MiB, 100 %, 5, 8
2026/09/21 01:16:12.701, 0, P0, 1710 MHz, 14001 MHz, 154.66 W, [N/A], 175.00 W, 86, 15607 MiB, 100 %, 5, 8
2026/09/21 01:16:12.953, 0, P0, 1710 MHz, 14001 MHz, 154.66 W, [N/A], 175.00 W, 86, 15607 MiB, 100 %, 5, 8
2026/09/21 01:16:13.205, 0, P0, 1710 MHz, 14001 MHz, 154.73 W, [N/A], 175.00 W, 86, 15607 MiB, 100 %, 5, 8
2026/09/21 01:16:13.457, 0, P0, 1710 MHz, 14001 MHz, 154.73 W, [N/A], 175.00 W, 86, 15607 MiB, 100 %, 5, 8
2026/09/21 01:16:13.709, 0, P0, 1702 MHz, 14001 MHz, 154.76 W, [N/A], 175.00 W, 86, 15607 MiB, 100 %, 5, 8
2026/09/21 01:16:13.962, 0, P0, 1702 MHz, 14001 MHz, 154.76 W, [N/A], 175.00 W, 86, 15607 MiB, 100 %, 5, 8
2026/09/21 01:16:14.214, 0, P0, 1710 MHz, 14001 MHz, 154.68 W, [N/A], 175.00 W, 86, 15607 MiB, 100 %, 5, 8
2026/09/21 01:16:14.466, 0, P0, 1710 MHz, 14001 MHz, 154.68 W, [N/A], 175.00 W, 86, 15607 MiB, 100 %, 5, 8
2026/09/21 01:16:14.718, 0, P0, 1710 MHz, 14001 MHz, 154.71 W, [N/A], 175.00 W, 86, 15607 MiB, 100 %, 5, 8
2026/09/21 01:16:14.970, 0, P0, 1710 MHz, 14001 MHz, 154.71 W, [N/A], 175.00 W, 86, 15607 MiB, 100 %, 5, 8
2026/09/21 01:16:15.223, 0, P0, 1717 MHz, 14001 MHz, 154.81 W, [N/A], 175.00 W, 86, 15607 MiB, 100 %, 5, 8
2026/09/21 01:16:15.475, 0, P0, 1717 MHz, 14001 MHz, 154.81 W, [N/A], 175.00 W, 86, 15607 MiB, 100 %, 5, 8
2026/09/21 01:16:15.727, 0, P0, 1710 MHz, 14001 MHz, 154.72 W, [N/A], 175.00 W, 86, 15607 MiB, 100 %, 5, 8
2026/09/21 01:16:15.980, 0, P0, 1710 MHz, 14001 MHz, 154.72 W, [N/A], 175.00 W, 86, 15607 MiB, 100 %, 5, 8
2026/09/21 01:16:16.232, 0, P0, 1717 MHz, 14001 MHz, 154.61 W, [N/A], 175.00 W, 86, 15607 MiB, 100 %, 5, 8
2026/09/21 01:16:16.484, 0, P0, 1717 MHz, 14001 MHz, 154.61 W, [N/A], 175.00 W, 86, 15607 MiB, 100 %, 5, 8
2026/09/21 01:16:16.736, 0, P0, 1717 MHz, 14001 MHz, 154.68 W, [N/A], 175.00 W, 86, 15607 MiB, 100 %, 5, 8
2026/09/21 01:16:16.989, 0, P0, 1717 MHz, 14001 MHz, 154.68 W, [N/A], 175.00 W, 86, 15607 MiB, 100 %, 5, 8
2026/09/21 01:16:17.241, 0, P0, 1717 MHz, 14001 MHz, 154.73 W, [N/A], 175.00 W, 86, 15607 MiB, 100 %, 5, 8
2026/09/21 01:16:17.493, 0, P0, 1717 MHz, 14001 MHz, 154.73 W, [N/A], 175.00 W, 86, 15607 MiB, 100 %, 5, 8
2026/09/21 01:16:17.745, 0, P0, 1717 MHz, 14001 MHz, 154.73 W, [N/A], 175.00 W, 86, 15607 MiB, 100 %, 5, 8
2026/09/21 01:16:18.007, 0, P0, 1717 MHz, 14001 MHz, 154.73 W, [N/A], 175.00 W, 86, 15607 MiB, 100 %, 5, 8
2026/09/21 01:16:18.259, 0, P0, 1717 MHz, 14001 MHz, 154.79 W, [N/A], 175.00 W, 86, 15607 MiB, 100 %, 5, 8
2026/09/21 01:16:18.511, 0, P0, 1717 MHz, 14001 MHz, 154.79 W, [N/A], 175.00 W, 86, 15607 MiB, 100 %, 5, 8
2026/09/21 01:16:18.763, 0, P0, 1717 MHz, 14001 MHz, 154.63 W, [N/A], 175.00 W, 86, 15607 MiB, 100 %, 5, 8
2026/09/21 01:16:19.015, 0, P0, 1717 MHz, 14001 MHz, 154.63 W, [N/A], 175.00 W, 86, 15607 MiB, 100 %, 5, 8
2026/09/21 01:16:19.267, 0, P0, 1717 MHz, 14001 MHz, 154.52 W, [N/A], 175.00 W, 86, 15607 MiB, 100 %, 5, 8
2026/09/21 01:16:19.520, 0, P0, 1717 MHz, 14001 MHz, 154.52 W, [N/A], 175.00 W, 86, 15607 MiB, 100 %, 5, 8
2026/09/21 01:16:19.772, 0, P0, 1717 MHz, 14001 MHz, 154.61 W, [N/A], 175.00 W, 86, 15607 MiB, 100 %, 5, 8
2026/09/21 01:16:20.024, 0, P0, 1717 MHz, 14001 MHz, 154.61 W, [N/A], 175.00 W, 86, 15607 MiB, 100 %, 5, 8
2026/09/21 01:16:20.276, 0, P0, 1717 MHz, 14001 MHz, 154.78 W, [N/A], 175.00 W, 86, 15607 MiB, 100 %, 5, 8
2026/09/21 01:16:20.529, 0, P0, 1717 MHz, 14001 MHz, 154.78 W, [N/A], 175.00 W, 86, 15607 MiB, 100 %, 5, 8
2026/09/21 01:16:20.781, 0, P0, 1717 MHz, 14001 MHz, 154.78 W, [N/A], 175.00 W, 86, 15607 MiB, 100 %, 5, 8
2026/09/21 01:16:21.033, 0, P0, 1717 MHz, 14001 MHz, 154.78 W, [N/A], 175.00 W, 86, 15607 MiB, 100 %, 5, 8
2026/09/21 01:16:21.285, 0, P0, 1717 MHz, 14001 MHz, 154.74 W, [N/A], 175.00 W, 86, 15607 MiB, 100 %, 5, 8
2026/09/21 01:16:21.538, 0, P0, 1717 MHz, 14001 MHz, 154.74 W, [N/A], 175.00 W, 86, 15607 MiB, 100 %, 5, 8
2026/09/21 01:16:21.790, 0, P0, 1717 MHz, 14001 MHz, 154.74 W, [N/A], 175.00 W, 86, 15607 MiB, 100 %, 5, 8
2026/09/21 01:16:22.042, 0, P0, 1717 MHz, 14001 MHz, 154.74 W, [N/A], 175.00 W, 86, 15607 MiB, 100 %, 5, 8
2026/09/21 01:16:22.294, 0, P0, 1717 MHz, 14001 MHz, 154.79 W, [N/A], 175.00 W, 86, 15607 MiB, 100 %, 5, 8
2026/09/21 01:16:22.546, 0, P0, 1717 MHz, 14001 MHz, 154.79 W, [N/A], 175.00 W, 86, 15607 MiB, 100 %, 5, 8
2026/09/21 01:16:22.798, 0, P0, 1717 MHz, 14001 MHz, 154.85 W, [N/A], 175.00 W, 86, 15607 MiB, 100 %, 5, 8
2026/09/21 01:16:23.051, 0, P0, 1717 MHz, 14001 MHz, 154.85 W, [N/A], 175.00 W, 86, 15607 MiB, 100 %, 5, 8
2026/09/21 01:16:23.303, 0, P0, 1717 MHz, 14001 MHz, 154.75 W, [N/A], 175.00 W, 86, 15607 MiB, 100 %, 5, 8
2026/09/21 01:16:23.555, 0, P0, 1717 MHz, 14001 MHz, 154.75 W, [N/A], 175.00 W, 86, 15607 MiB, 100 %, 5, 8
2026/09/21 01:16:23.815, 0, P0, 1710 MHz, 14001 MHz, 154.61 W, [N/A], 175.00 W, 86, 15607 MiB, 100 %, 5, 8
2026/09/21 01:16:24.067, 0, P0, 1710 MHz, 14001 MHz, 154.61 W, [N/A], 175.00 W, 86, 15607 MiB, 100 %, 5, 8
2026/09/21 01:16:24.319, 0, P0, 1717 MHz, 14001 MHz, 154.64 W, [N/A], 175.00 W, 86, 15607 MiB, 100 %, 5, 8
2026/09/21 01:16:24.571, 0, P0, 1717 MHz, 14001 MHz, 154.64 W, [N/A], 175.00 W, 86, 15607 MiB, 100 %, 5, 8
2026/09/21 01:16:24.823, 0, P0, 1717 MHz, 14001 MHz, 154.74 W, [N/A], 175.00 W, 86, 15607 MiB, 100 %, 5, 8
2026/09/21 01:16:25.075, 0, P0, 1717 MHz, 14001 MHz, 154.74 W, [N/A], 175.00 W, 86, 15607 MiB, 100 %, 5, 8
2026/09/21 01:16:25.328, 0, P0, 1717 MHz, 14001 MHz, 154.74 W, [N/A], 175.00 W, 86, 15607 MiB, 100 %, 5, 8
2026/09/21 01:16:25.580, 0, P0, 1717 MHz, 14001 MHz, 154.74 W, [N/A], 175.00 W, 86, 15607 MiB, 100 %, 5, 8
2026/09/21 01:16:25.832, 0, P0, 1717 MHz, 14001 MHz, 154.67 W, [N/A], 175.00 W, 86, 15607 MiB, 100 %, 5, 8
2026/09/21 01:16:26.085, 0, P0, 1717 MHz, 14001 MHz, 154.67 W, [N/A], 175.00 W, 86, 15607 MiB, 100 %, 5, 8
2026/09/21 01:16:26.337, 0, P0, 1717 MHz, 14001 MHz, 154.63 W, [N/A], 175.00 W, 86, 15607 MiB, 100 %, 5, 8
2026/09/21 01:16:26.589, 0, P0, 1717 MHz, 14001 MHz, 154.63 W, [N/A], 175.00 W, 86, 15607 MiB, 100 %, 5, 8
2026/09/21 01:16:26.841, 0, P0, 1717 MHz, 14001 MHz, 154.70 W, [N/A], 175.00 W, 86, 15607 MiB, 100 %, 5, 8
2026/09/21 01:16:27.093, 0, P0, 1717 MHz, 14001 MHz, 154.70 W, [N/A], 175.00 W, 86, 15607 MiB, 100 %, 5, 8
2026/09/21 01:16:27.346, 0, P0, 1717 MHz, 14001 MHz, 154.71 W, [N/A], 175.00 W, 86, 15607 MiB, 100 %, 5, 8
2026/09/21 01:16:27.598, 0, P0, 1717 MHz, 14001 MHz, 154.71 W, [N/A], 175.00 W, 86, 15607 MiB, 100 %, 5, 8
2026/09/21 01:16:27.850, 0, P0, 1717 MHz, 14001 MHz, 154.65 W, [N/A], 175.00 W, 86, 15607 MiB, 100 %, 5, 8
2026/09/21 01:16:28.102, 0, P0, 1717 MHz, 14001 MHz, 154.65 W, [N/A], 175.00 W, 86, 15607 MiB, 100 %, 5, 8
2026/09/21 01:16:28.355, 0, P0, 1717 MHz, 14001 MHz, 154.61 W, [N/A], 175.00 W, 86, 15607 MiB, 100 %, 5, 8
2026/09/21 01:16:28.607, 0, P0, 1717 MHz, 14001 MHz, 154.61 W, [N/A], 175.00 W, 86, 15607 MiB, 100 %, 5, 8
2026/09/21 01:16:28.859, 0, P0, 1717 MHz, 14001 MHz, 154.74 W, [N/A], 175.00 W, 86, 15607 MiB, 100 %, 5, 8
2026/09/21 01:16:29.121, 0, P0, 1717 MHz, 14001 MHz, 154.74 W, [N/A], 175.00 W, 86, 15607 MiB, 100 %, 5, 8
2026/09/21 01:16:29.373, 0, P0, 1717 MHz, 14001 MHz, 154.82 W, [N/A], 175.00 W, 86, 15607 MiB, 100 %, 5, 8
2026/09/21 01:16:29.625, 0, P0, 1717 MHz, 14001 MHz, 154.82 W, [N/A], 175.00 W, 86, 15607 MiB, 100 %, 5, 8
2026/09/21 01:16:29.877, 0, P0, 1717 MHz, 14001 MHz, 154.71 W, [N/A], 175.00 W, 86, 15607 MiB, 100 %, 5, 8
2026/09/21 01:16:30.130, 0, P0, 1717 MHz, 14001 MHz, 154.71 W, [N/A], 175.00 W, 86, 15607 MiB, 100 %, 5, 8
2026/09/21 01:16:30.382, 0, P0, 1717 MHz, 14001 MHz, 154.60 W, [N/A], 175.00 W, 86, 15607 MiB, 100 %, 5, 8
2026/09/21 01:16:30.634, 0, P0, 1717 MHz, 14001 MHz, 154.60 W, [N/A], 175.00 W, 86, 15607 MiB, 100 %, 5, 8
2026/09/21 01:16:30.886, 0, P0, 1717 MHz, 14001 MHz, 154.58 W, [N/A], 175.00 W, 86, 15607 MiB, 100 %, 5, 8
2026/09/21 01:16:31.138, 0, P0, 1717 MHz, 14001 MHz, 154.58 W, [N/A], 175.00 W, 86, 15607 MiB, 100 %, 5, 8
2026/09/21 01:16:31.391, 0, P0, 1717 MHz, 14001 MHz, 154.66 W, [N/A], 175.00 W, 86, 15607 MiB, 100 %, 5, 8
2026/09/21 01:16:31.643, 0, P0, 1717 MHz, 14001 MHz, 154.66 W, [N/A], 175.00 W, 86, 15607 MiB, 100 %, 5, 8
2026/09/21 01:16:31.895, 0, P0, 1717 MHz, 14001 MHz, 154.63 W, [N/A], 175.00 W, 86, 15607 MiB, 100 %, 5, 8
2026/09/21 01:16:32.147, 0, P0, 1717 MHz, 14001 MHz, 154.63 W, [N/A], 175.00 W, 86, 15607 MiB, 100 %, 5, 8
2026/09/21 01:16:32.399, 0, P0, 1717 MHz, 14001 MHz, 154.58 W, [N/A], 175.00 W, 86, 15607 MiB, 100 %, 5, 8
2026/09/21 01:16:32.651, 0, P0, 1717 MHz, 14001 MHz, 154.58 W, [N/A], 175.00 W, 86, 15607 MiB, 100 %, 5, 8
2026/09/21 01:16:32.904, 0, P0, 1717 MHz, 14001 MHz, 154.45 W, [N/A], 175.00 W, 86, 15607 MiB, 100 %, 5, 8
2026/09/21 01:16:33.155, 0, P0, 1717 MHz, 14001 MHz, 154.45 W, [N/A], 175.00 W, 86, 15607 MiB, 100 %, 5, 8
2026/09/21 01:16:33.408, 0, P0, 1717 MHz, 14001 MHz, 154.43 W, [N/A], 175.00 W, 86, 15607 MiB, 100 %, 5, 8
2026/09/21 01:16:33.662, 0, P0, 1717 MHz, 14001 MHz, 154.43 W, [N/A], 175.00 W, 86, 15607 MiB, 100 %, 5, 8
2026/09/21 01:16:33.914, 0, P0, 1710 MHz, 14001 MHz, 154.47 W, [N/A], 175.00 W, 86, 15607 MiB, 100 %, 5, 8
2026/09/21 01:16:34.166, 0, P0, 1710 MHz, 14001 MHz, 154.47 W, [N/A], 175.00 W, 86, 15607 MiB, 100 %, 5, 8
2026/09/21 01:16:34.426, 0, P0, 1717 MHz, 14001 MHz, 154.40 W, [N/A], 175.00 W, 86, 15607 MiB, 100 %, 5, 8
2026/09/21 01:16:34.678, 0, P0, 1710 MHz, 14001 MHz, 154.43 W, [N/A], 175.00 W, 87, 15607 MiB, 100 %, 5, 8
2026/09/21 01:16:34.930, 0, P0, 1710 MHz, 14001 MHz, 154.43 W, [N/A], 175.00 W, 87, 15607 MiB, 100 %, 5, 8
2026/09/21 01:16:35.182, 0, P0, 1710 MHz, 14001 MHz, 154.50 W, [N/A], 175.00 W, 87, 15607 MiB, 100 %, 5, 8
2026/09/21 01:16:35.434, 0, P0, 1710 MHz, 14001 MHz, 154.50 W, [N/A], 175.00 W, 87, 15607 MiB, 100 %, 5, 8
2026/09/21 01:16:35.687, 0, P0, 1710 MHz, 14001 MHz, 154.46 W, [N/A], 175.00 W, 87, 15607 MiB, 100 %, 5, 8
2026/09/21 01:16:35.939, 0, P0, 1710 MHz, 14001 MHz, 154.46 W, [N/A], 175.00 W, 87, 15607 MiB, 100 %, 5, 8
2026/09/21 01:16:36.191, 0, P0, 1710 MHz, 14001 MHz, 154.37 W, [N/A], 175.00 W, 87, 15607 MiB, 100 %, 5, 8
2026/09/21 01:16:36.443, 0, P0, 1710 MHz, 14001 MHz, 154.37 W, [N/A], 175.00 W, 87, 15607 MiB, 100 %, 5, 8
2026/09/21 01:16:36.695, 0, P0, 1710 MHz, 14001 MHz, 154.46 W, [N/A], 175.00 W, 87, 15607 MiB, 100 %, 5, 8
2026/09/21 01:16:36.948, 0, P0, 1710 MHz, 14001 MHz, 154.46 W, [N/A], 175.00 W, 87, 15607 MiB, 100 %, 5, 8
2026/09/21 01:16:37.200, 0, P0, 1717 MHz, 14001 MHz, 154.56 W, [N/A], 175.00 W, 87, 15607 MiB, 100 %, 5, 8
2026/09/21 01:16:37.452, 0, P0, 1717 MHz, 14001 MHz, 154.56 W, [N/A], 175.00 W, 87, 15607 MiB, 100 %, 5, 8
2026/09/21 01:16:37.704, 0, P0, 1710 MHz, 14001 MHz, 154.67 W, [N/A], 175.00 W, 87, 15607 MiB, 100 %, 5, 8
2026/09/21 01:16:37.956, 0, P0, 1710 MHz, 14001 MHz, 154.67 W, [N/A], 175.00 W, 87, 15607 MiB, 100 %, 5, 8
2026/09/21 01:16:38.208, 0, P0, 1710 MHz, 14001 MHz, 154.62 W, [N/A], 175.00 W, 86, 15607 MiB, 100 %, 5, 8
2026/09/21 01:16:38.460, 0, P0, 1710 MHz, 14001 MHz, 154.62 W, [N/A], 175.00 W, 86, 15607 MiB, 100 %, 5, 8
2026/09/21 01:16:38.713, 0, P0, 1717 MHz, 14001 MHz, 154.75 W, [N/A], 175.00 W, 86, 15607 MiB, 100 %, 5, 8
2026/09/21 01:16:38.965, 0, P0, 1717 MHz, 14001 MHz, 154.75 W, [N/A], 175.00 W, 86, 15607 MiB, 100 %, 5, 8
2026/09/21 01:16:39.217, 0, P0, 1710 MHz, 14001 MHz, 154.83 W, [N/A], 175.00 W, 86, 15607 MiB, 100 %, 5, 8
2026/09/21 01:16:39.469, 0, P0, 1710 MHz, 14001 MHz, 154.83 W, [N/A], 175.00 W, 86, 15607 MiB, 100 %, 5, 8
2026/09/21 01:16:39.721, 0, P0, 1710 MHz, 14001 MHz, 154.71 W, [N/A], 175.00 W, 86, 15607 MiB, 100 %, 5, 8
2026/09/21 01:16:39.974, 0, P0, 1710 MHz, 14001 MHz, 154.71 W, [N/A], 175.00 W, 86, 15607 MiB, 100 %, 5, 8
2026/09/21 01:16:40.235, 0, P0, 1717 MHz, 14001 MHz, 154.81 W, [N/A], 175.00 W, 86, 15607 MiB, 100 %, 5, 8
2026/09/21 01:16:40.487, 0, P0, 1717 MHz, 14001 MHz, 154.81 W, [N/A], 175.00 W, 86, 15607 MiB, 100 %, 5, 8
2026/09/21 01:16:40.739, 0, P0, 1710 MHz, 14001 MHz, 154.68 W, [N/A], 175.00 W, 86, 15607 MiB, 100 %, 5, 8
2026/09/21 01:16:40.991, 0, P0, 1710 MHz, 14001 MHz, 154.68 W, [N/A], 175.00 W, 86, 15607 MiB, 100 %, 5, 8
2026/09/21 01:16:41.243, 0, P0, 1710 MHz, 14001 MHz, 154.47 W, [N/A], 175.00 W, 86, 15607 MiB, 100 %, 5, 8
2026/09/21 01:16:41.495, 0, P0, 1710 MHz, 14001 MHz, 154.47 W, [N/A], 175.00 W, 86, 15607 MiB, 100 %, 5, 8
2026/09/21 01:16:41.748, 0, P0, 1717 MHz, 14001 MHz, 154.60 W, [N/A], 175.00 W, 86, 15607 MiB, 100 %, 5, 8
2026/09/21 01:16:42.000, 0, P0, 1717 MHz, 14001 MHz, 154.60 W, [N/A], 175.00 W, 86, 15607 MiB, 100 %, 5, 8
2026/09/21 01:16:42.251, 0, P0, 1710 MHz, 14001 MHz, 154.66 W, [N/A], 175.00 W, 86, 15607 MiB, 100 %, 5, 8
2026/09/21 01:16:42.503, 0, P0, 1710 MHz, 14001 MHz, 154.66 W, [N/A], 175.00 W, 86, 15607 MiB, 100 %, 5, 8
2026/09/21 01:16:42.756, 0, P0, 1710 MHz, 14001 MHz, 154.68 W, [N/A], 175.00 W, 86, 15607 MiB, 100 %, 5, 8
2026/09/21 01:16:43.008, 0, P0, 1710 MHz, 14001 MHz, 154.68 W, [N/A], 175.00 W, 86, 15607 MiB, 100 %, 5, 8
2026/09/21 01:16:43.260, 0, P0, 1717 MHz, 14001 MHz, 154.68 W, [N/A], 175.00 W, 86, 15607 MiB, 100 %, 5, 8
2026/09/21 01:16:43.512, 0, P0, 1717 MHz, 14001 MHz, 154.68 W, [N/A], 175.00 W, 86, 15607 MiB, 100 %, 5, 8
2026/09/21 01:16:43.764, 0, P0, 1710 MHz, 14001 MHz, 154.64 W, [N/A], 175.00 W, 86, 15607 MiB, 100 %, 5, 8
2026/09/21 01:16:44.016, 0, P0, 1710 MHz, 14001 MHz, 154.64 W, [N/A], 175.00 W, 86, 15607 MiB, 100 %, 5, 8
2026/09/21 01:16:44.268, 0, P0, 1710 MHz, 14001 MHz, 154.62 W, [N/A], 175.00 W, 86, 15607 MiB, 100 %, 5, 8
2026/09/21 01:16:44.521, 0, P0, 1710 MHz, 14001 MHz, 154.62 W, [N/A], 175.00 W, 86, 15607 MiB, 100 %, 5, 8
2026/09/21 01:16:44.773, 0, P0, 1717 MHz, 14001 MHz, 154.67 W, [N/A], 175.00 W, 86, 15607 MiB, 100 %, 5, 8
2026/09/21 01:16:45.025, 0, P0, 1717 MHz, 14001 MHz, 154.67 W, [N/A], 175.00 W, 86, 15607 MiB, 100 %, 5, 8
2026/09/21 01:16:45.277, 0, P0, 1717 MHz, 14001 MHz, 154.68 W, [N/A], 175.00 W, 86, 15607 MiB, 100 %, 5, 8
2026/09/21 01:16:45.537, 0, P0, 1717 MHz, 14001 MHz, 154.68 W, [N/A], 175.00 W, 86, 15607 MiB, 100 %, 5, 8
2026/09/21 01:16:45.790, 0, P0, 1717 MHz, 14001 MHz, 154.70 W, [N/A], 175.00 W, 86, 15607 MiB, 100 %, 5, 8
2026/09/21 01:16:46.042, 0, P0, 1717 MHz, 14001 MHz, 154.70 W, [N/A], 175.00 W, 86, 15607 MiB, 100 %, 5, 8
2026/09/21 01:16:46.294, 0, P0, 1717 MHz, 14001 MHz, 154.71 W, [N/A], 175.00 W, 86, 15607 MiB, 100 %, 5, 8
2026/09/21 01:16:46.546, 0, P0, 1717 MHz, 14001 MHz, 154.71 W, [N/A], 175.00 W, 86, 15607 MiB, 100 %, 5, 8
2026/09/21 01:16:46.798, 0, P0, 1717 MHz, 14001 MHz, 155.00 W, [N/A], 175.00 W, 86, 15607 MiB, 100 %, 5, 8
2026/09/21 01:16:47.050, 0, P0, 1717 MHz, 14001 MHz, 155.00 W, [N/A], 175.00 W, 86, 15607 MiB, 100 %, 5, 8
2026/09/21 01:16:47.302, 0, P0, 1732 MHz, 14001 MHz, 155.86 W, [N/A], 175.00 W, 86, 15607 MiB, 100 %, 5, 8
2026/09/21 01:16:47.555, 0, P0, 1732 MHz, 14001 MHz, 155.86 W, [N/A], 175.00 W, 86, 15607 MiB, 100 %, 5, 8
2026/09/21 01:16:47.807, 0, P0, 1732 MHz, 14001 MHz, 156.58 W, [N/A], 175.00 W, 86, 15607 MiB, 100 %, 5, 8
2026/09/21 01:16:48.059, 0, P0, 1732 MHz, 14001 MHz, 156.58 W, [N/A], 175.00 W, 86, 15607 MiB, 100 %, 5, 8
2026/09/21 01:16:48.311, 0, P0, 1732 MHz, 14001 MHz, 156.60 W, [N/A], 175.00 W, 86, 15607 MiB, 100 %, 5, 8
2026/09/21 01:16:48.563, 0, P0, 1732 MHz, 14001 MHz, 156.60 W, [N/A], 175.00 W, 86, 15607 MiB, 100 %, 5, 8
2026/09/21 01:16:48.815, 0, P0, 1732 MHz, 14001 MHz, 156.57 W, [N/A], 175.00 W, 86, 15607 MiB, 100 %, 5, 8
2026/09/21 01:16:49.067, 0, P0, 1732 MHz, 14001 MHz, 156.57 W, [N/A], 175.00 W, 86, 15607 MiB, 100 %, 5, 8
2026/09/21 01:16:49.319, 0, P0, 1732 MHz, 14001 MHz, 156.54 W, [N/A], 175.00 W, 86, 15607 MiB, 100 %, 5, 8
2026/09/21 01:16:49.571, 0, P0, 1732 MHz, 14001 MHz, 156.54 W, [N/A], 175.00 W, 86, 15607 MiB, 100 %, 5, 8
2026/09/21 01:16:49.824, 0, P0, 1732 MHz, 14001 MHz, 156.52 W, [N/A], 175.00 W, 86, 15607 MiB, 100 %, 5, 8
2026/09/21 01:16:50.076, 0, P0, 1732 MHz, 14001 MHz, 156.52 W, [N/A], 175.00 W, 86, 15607 MiB, 100 %, 5, 8
2026/09/21 01:16:50.327, 0, P0, 1777 MHz, 14001 MHz, 157.78 W, [N/A], 175.00 W, 86, 15607 MiB, 100 %, 5, 8
2026/09/21 01:16:50.580, 0, P0, 1777 MHz, 14001 MHz, 157.78 W, [N/A], 175.00 W, 86, 15607 MiB, 100 %, 5, 8
2026/09/21 01:16:50.832, 0, P0, 1777 MHz, 14001 MHz, 160.06 W, [N/A], 175.00 W, 86, 15607 MiB, 100 %, 5, 8
2026/09/21 01:16:51.084, 0, P0, 1777 MHz, 14001 MHz, 160.06 W, [N/A], 175.00 W, 86, 15607 MiB, 100 %, 5, 8
2026/09/21 01:16:51.346, 0, P0, 1777 MHz, 14001 MHz, 161.05 W, [N/A], 175.00 W, 86, 15607 MiB, 100 %, 5, 8
2026/09/21 01:16:51.598, 0, P0, 1777 MHz, 14001 MHz, 161.05 W, [N/A], 175.00 W, 86, 15607 MiB, 100 %, 5, 8
2026/09/21 01:16:51.850, 0, P0, 1777 MHz, 14001 MHz, 161.03 W, [N/A], 175.00 W, 86, 15607 MiB, 100 %, 5, 8
2026/09/21 01:16:52.102, 0, P0, 1777 MHz, 14001 MHz, 161.03 W, [N/A], 175.00 W, 86, 15607 MiB, 100 %, 5, 8
2026/09/21 01:16:52.354, 0, P0, 1777 MHz, 14001 MHz, 160.99 W, [N/A], 175.00 W, 86, 15607 MiB, 100 %, 5, 8
2026/09/21 01:16:52.606, 0, P0, 1777 MHz, 14001 MHz, 160.99 W, [N/A], 175.00 W, 86, 15607 MiB, 100 %, 5, 8
2026/09/21 01:16:52.859, 0, P0, 1777 MHz, 14001 MHz, 160.97 W, [N/A], 175.00 W, 86, 15607 MiB, 100 %, 5, 8
2026/09/21 01:16:53.111, 0, P0, 1777 MHz, 14001 MHz, 160.97 W, [N/A], 175.00 W, 86, 15607 MiB, 100 %, 5, 8
2026/09/21 01:16:53.363, 0, P0, 1777 MHz, 14001 MHz, 160.93 W, [N/A], 175.00 W, 86, 15607 MiB, 100 %, 5, 8
2026/09/21 01:16:53.616, 0, P0, 1777 MHz, 14001 MHz, 160.93 W, [N/A], 175.00 W, 86, 15607 MiB, 100 %, 5, 8
2026/09/21 01:16:53.868, 0, P0, 1777 MHz, 14001 MHz, 160.91 W, [N/A], 175.00 W, 86, 15607 MiB, 100 %, 5, 8
2026/09/21 01:16:54.120, 0, P0, 1777 MHz, 14001 MHz, 160.91 W, [N/A], 175.00 W, 86, 15607 MiB, 100 %, 5, 8
2026/09/21 01:16:54.372, 0, P0, 1777 MHz, 14001 MHz, 160.92 W, [N/A], 175.00 W, 86, 15607 MiB, 100 %, 5, 8
2026/09/21 01:16:54.624, 0, P0, 1777 MHz, 14001 MHz, 160.92 W, [N/A], 175.00 W, 86, 15607 MiB, 100 %, 5, 8
2026/09/21 01:16:54.877, 0, P0, 1777 MHz, 14001 MHz, 160.93 W, [N/A], 175.00 W, 86, 15607 MiB, 100 %, 5, 8
2026/09/21 01:16:55.129, 0, P0, 1777 MHz, 14001 MHz, 160.93 W, [N/A], 175.00 W, 86, 15607 MiB, 100 %, 5, 8
2026/09/21 01:16:55.381, 0, P0, 1777 MHz, 14001 MHz, 160.98 W, [N/A], 175.00 W, 86, 15607 MiB, 100 %, 5, 8
2026/09/21 01:16:55.634, 0, P0, 1777 MHz, 14001 MHz, 160.98 W, [N/A], 175.00 W, 86, 15607 MiB, 100 %, 5, 8
2026/09/21 01:16:55.886, 0, P0, 1777 MHz, 14001 MHz, 160.96 W, [N/A], 175.00 W, 86, 15607 MiB, 100 %, 5, 8
2026/09/21 01:16:56.138, 0, P0, 1777 MHz, 14001 MHz, 160.96 W, [N/A], 175.00 W, 86, 15607 MiB, 100 %, 5, 8
2026/09/21 01:16:56.390, 0, P0, 1777 MHz, 14001 MHz, 160.89 W, [N/A], 175.00 W, 86, 15607 MiB, 100 %, 5, 8
2026/09/21 01:16:56.651, 0, P0, 1777 MHz, 14001 MHz, 160.89 W, [N/A], 175.00 W, 86, 15607 MiB, 100 %, 5, 8
2026/09/21 01:16:56.903, 0, P0, 1777 MHz, 14001 MHz, 160.92 W, [N/A], 175.00 W, 86, 15607 MiB, 100 %, 5, 8
2026/09/21 01:16:57.155, 0, P0, 1777 MHz, 14001 MHz, 160.92 W, [N/A], 175.00 W, 86, 15607 MiB, 100 %, 5, 8
2026/09/21 01:16:57.408, 0, P0, 1777 MHz, 14001 MHz, 161.00 W, [N/A], 175.00 W, 86, 15607 MiB, 100 %, 5, 8
2026/09/21 01:16:57.660, 0, P0, 1777 MHz, 14001 MHz, 161.00 W, [N/A], 175.00 W, 86, 15607 MiB, 100 %, 5, 8
2026/09/21 01:16:57.912, 0, P0, 1777 MHz, 14001 MHz, 161.02 W, [N/A], 175.00 W, 86, 15607 MiB, 100 %, 5, 8
2026/09/21 01:16:58.164, 0, P0, 1777 MHz, 14001 MHz, 161.02 W, [N/A], 175.00 W, 86, 15607 MiB, 100 %, 5, 8
2026/09/21 01:16:58.416, 0, P0, 1777 MHz, 14001 MHz, 161.05 W, [N/A], 175.00 W, 86, 15607 MiB, 100 %, 5, 8
2026/09/21 01:16:58.668, 0, P0, 1777 MHz, 14001 MHz, 161.05 W, [N/A], 175.00 W, 86, 15607 MiB, 100 %, 5, 8
2026/09/21 01:16:58.921, 0, P0, 1777 MHz, 14001 MHz, 161.09 W, [N/A], 175.00 W, 86, 15607 MiB, 100 %, 5, 8
2026/09/21 01:16:59.173, 0, P0, 1777 MHz, 14001 MHz, 161.09 W, [N/A], 175.00 W, 86, 15607 MiB, 100 %, 5, 8
2026/09/21 01:16:59.425, 0, P0, 1777 MHz, 14001 MHz, 161.09 W, [N/A], 175.00 W, 86, 15607 MiB, 100 %, 5, 8
2026/09/21 01:16:59.677, 0, P0, 1777 MHz, 14001 MHz, 161.09 W, [N/A], 175.00 W, 86, 15607 MiB, 100 %, 5, 8
2026/09/21 01:16:59.929, 0, P0, 1777 MHz, 14001 MHz, 161.12 W, [N/A], 175.00 W, 86, 15607 MiB, 100 %, 5, 8
2026/09/21 01:17:00.181, 0, P0, 1777 MHz, 14001 MHz, 161.12 W, [N/A], 175.00 W, 86, 15607 MiB, 100 %, 5, 8
2026/09/21 01:17:00.433, 0, P0, 1777 MHz, 14001 MHz, 161.14 W, [N/A], 175.00 W, 86, 15607 MiB, 100 %, 5, 8
2026/09/21 01:17:00.685, 0, P0, 1777 MHz, 14001 MHz, 161.14 W, [N/A], 175.00 W, 86, 15607 MiB, 100 %, 5, 8
2026/09/21 01:17:00.938, 0, P0, 1777 MHz, 14001 MHz, 161.14 W, [N/A], 175.00 W, 86, 15607 MiB, 100 %, 5, 8
2026/09/21 01:17:01.190, 0, P0, 1777 MHz, 14001 MHz, 161.14 W, [N/A], 175.00 W, 86, 15607 MiB, 100 %, 5, 8
2026/09/21 01:17:01.442, 0, P0, 1777 MHz, 14001 MHz, 161.15 W, [N/A], 175.00 W, 86, 15607 MiB, 100 %, 5, 8
2026/09/21 01:17:01.694, 0, P0, 1777 MHz, 14001 MHz, 161.15 W, [N/A], 175.00 W, 86, 15607 MiB, 100 %, 5, 8
2026/09/21 01:17:01.958, 0, P0, 1777 MHz, 14001 MHz, 161.14 W, [N/A], 175.00 W, 86, 15607 MiB, 100 %, 5, 8
2026/09/21 01:17:02.210, 0, P0, 1777 MHz, 14001 MHz, 161.13 W, [N/A], 175.00 W, 86, 15607 MiB, 100 %, 5, 8
2026/09/21 01:17:02.462, 0, P0, 1777 MHz, 14001 MHz, 161.13 W, [N/A], 175.00 W, 86, 15607 MiB, 100 %, 5, 8
2026/09/21 01:17:02.715, 0, P0, 1777 MHz, 14001 MHz, 161.12 W, [N/A], 175.00 W, 86, 15607 MiB, 100 %, 5, 8
2026/09/21 01:17:02.967, 0, P0, 1777 MHz, 14001 MHz, 161.12 W, [N/A], 175.00 W, 86, 15607 MiB, 100 %, 5, 8
2026/09/21 01:17:03.219, 0, P0, 1777 MHz, 14001 MHz, 161.16 W, [N/A], 175.00 W, 86, 15607 MiB, 100 %, 5, 8
2026/09/21 01:17:03.471, 0, P0, 1777 MHz, 14001 MHz, 161.16 W, [N/A], 175.00 W, 86, 15607 MiB, 100 %, 5, 8
2026/09/21 01:17:03.723, 0, P0, 1777 MHz, 14001 MHz, 161.16 W, [N/A], 175.00 W, 86, 15607 MiB, 100 %, 5, 8
2026/09/21 01:17:03.976, 0, P0, 1777 MHz, 14001 MHz, 161.16 W, [N/A], 175.00 W, 86, 15607 MiB, 100 %, 5, 8
2026/09/21 01:17:04.228, 0, P0, 1777 MHz, 14001 MHz, 161.17 W, [N/A], 175.00 W, 86, 15607 MiB, 100 %, 5, 8
2026/09/21 01:17:04.480, 0, P0, 1777 MHz, 14001 MHz, 161.17 W, [N/A], 175.00 W, 86, 15607 MiB, 100 %, 5, 8
2026/09/21 01:17:04.732, 0, P0, 1777 MHz, 14001 MHz, 161.19 W, [N/A], 175.00 W, 86, 15607 MiB, 100 %, 5, 8
2026/09/21 01:17:04.984, 0, P0, 1777 MHz, 14001 MHz, 161.19 W, [N/A], 175.00 W, 86, 15607 MiB, 100 %, 5, 8
2026/09/21 01:17:05.236, 0, P0, 1777 MHz, 14001 MHz, 161.17 W, [N/A], 175.00 W, 86, 15607 MiB, 100 %, 5, 8
2026/09/21 01:17:05.488, 0, P0, 1777 MHz, 14001 MHz, 161.17 W, [N/A], 175.00 W, 86, 15607 MiB, 100 %, 5, 8
2026/09/21 01:17:05.740, 0, P0, 1777 MHz, 14001 MHz, 161.11 W, [N/A], 175.00 W, 86, 15607 MiB, 100 %, 5, 8
2026/09/21 01:17:05.993, 0, P0, 1777 MHz, 14001 MHz, 161.11 W, [N/A], 175.00 W, 86, 15607 MiB, 100 %, 5, 8
2026/09/21 01:17:06.245, 0, P0, 1777 MHz, 14001 MHz, 161.08 W, [N/A], 175.00 W, 86, 15607 MiB, 100 %, 5, 8
2026/09/21 01:17:06.497, 0, P0, 1777 MHz, 14001 MHz, 161.08 W, [N/A], 175.00 W, 86, 15607 MiB, 100 %, 5, 8
2026/09/21 01:17:06.749, 0, P0, 1777 MHz, 14001 MHz, 161.06 W, [N/A], 175.00 W, 86, 15607 MiB, 100 %, 5, 8
2026/09/21 01:17:07.001, 0, P0, 1777 MHz, 14001 MHz, 161.06 W, [N/A], 175.00 W, 86, 15607 MiB, 100 %, 5, 8
2026/09/21 01:17:07.262, 0, P0, 1777 MHz, 14001 MHz, 161.03 W, [N/A], 175.00 W, 86, 15607 MiB, 100 %, 5, 8
2026/09/21 01:17:07.514, 0, P0, 1777 MHz, 14001 MHz, 161.03 W, [N/A], 175.00 W, 86, 15607 MiB, 100 %, 5, 8
2026/09/21 01:17:07.766, 0, P0, 1777 MHz, 14001 MHz, 161.08 W, [N/A], 175.00 W, 86, 15607 MiB, 100 %, 5, 8
2026/09/21 01:17:08.018, 0, P0, 1777 MHz, 14001 MHz, 161.08 W, [N/A], 175.00 W, 86, 15607 MiB, 100 %, 5, 8
2026/09/21 01:17:08.270, 0, P0, 1777 MHz, 14001 MHz, 161.15 W, [N/A], 175.00 W, 86, 15607 MiB, 100 %, 5, 8
2026/09/21 01:17:08.523, 0, P0, 1777 MHz, 14001 MHz, 161.15 W, [N/A], 175.00 W, 86, 15607 MiB, 100 %, 5, 8
2026/09/21 01:17:08.775, 0, P0, 1777 MHz, 14001 MHz, 161.10 W, [N/A], 175.00 W, 86, 15607 MiB, 100 %, 5, 8
2026/09/21 01:17:09.027, 0, P0, 1777 MHz, 14001 MHz, 161.10 W, [N/A], 175.00 W, 86, 15607 MiB, 100 %, 5, 8
2026/09/21 01:17:09.279, 0, P0, 1777 MHz, 14001 MHz, 161.09 W, [N/A], 175.00 W, 86, 15607 MiB, 100 %, 5, 8
2026/09/21 01:17:09.531, 0, P0, 1777 MHz, 14001 MHz, 161.09 W, [N/A], 175.00 W, 86, 15607 MiB, 100 %, 5, 8
2026/09/21 01:17:09.783, 0, P0, 1777 MHz, 14001 MHz, 161.12 W, [N/A], 175.00 W, 86, 15607 MiB, 100 %, 5, 8
2026/09/21 01:17:10.035, 0, P0, 1777 MHz, 14001 MHz, 161.12 W, [N/A], 175.00 W, 86, 15607 MiB, 100 %, 5, 8
2026/09/21 01:17:10.287, 0, P0, 1777 MHz, 14001 MHz, 161.08 W, [N/A], 175.00 W, 86, 15607 MiB, 100 %, 5, 8
2026/09/21 01:17:10.539, 0, P0, 1777 MHz, 14001 MHz, 161.08 W, [N/A], 175.00 W, 86, 15607 MiB, 100 %, 5, 8
2026/09/21 01:17:10.791, 0, P0, 1777 MHz, 14001 MHz, 161.11 W, [N/A], 175.00 W, 86, 15607 MiB, 100 %, 5, 8
2026/09/21 01:17:11.043, 0, P0, 1777 MHz, 14001 MHz, 161.11 W, [N/A], 175.00 W, 86, 15607 MiB, 100 %, 5, 8
2026/09/21 01:17:11.296, 0, P0, 1777 MHz, 14001 MHz, 161.16 W, [N/A], 175.00 W, 86, 15607 MiB, 100 %, 5, 8
2026/09/21 01:17:11.548, 0, P0, 1777 MHz, 14001 MHz, 161.16 W, [N/A], 175.00 W, 86, 15607 MiB, 100 %, 5, 8
2026/09/21 01:17:11.800, 0, P0, 1777 MHz, 14001 MHz, 161.18 W, [N/A], 175.00 W, 86, 15607 MiB, 100 %, 5, 8
2026/09/21 01:17:12.052, 0, P0, 1777 MHz, 14001 MHz, 161.18 W, [N/A], 175.00 W, 86, 15607 MiB, 100 %, 5, 8
2026/09/21 01:17:12.304, 0, P0, 1777 MHz, 14001 MHz, 161.17 W, [N/A], 175.00 W, 86, 15607 MiB, 100 %, 5, 8
2026/09/21 01:17:12.556, 0, P0, 1777 MHz, 14001 MHz, 161.17 W, [N/A], 175.00 W, 86, 15607 MiB, 100 %, 5, 8
2026/09/21 01:17:12.808, 0, P0, 1777 MHz, 14001 MHz, 161.13 W, [N/A], 175.00 W, 86, 15607 MiB, 100 %, 5, 8
2026/09/21 01:17:13.069, 0, P0, 1777 MHz, 14001 MHz, 161.13 W, [N/A], 175.00 W, 86, 15607 MiB, 100 %, 5, 8
2026/09/21 01:17:13.321, 0, P0, 1777 MHz, 14001 MHz, 161.17 W, [N/A], 175.00 W, 86, 15607 MiB, 100 %, 5, 8
2026/09/21 01:17:13.573, 0, P0, 1777 MHz, 14001 MHz, 161.17 W, [N/A], 175.00 W, 86, 15607 MiB, 100 %, 5, 8
2026/09/21 01:17:13.825, 0, P0, 1777 MHz, 14001 MHz, 161.22 W, [N/A], 175.00 W, 86, 15607 MiB, 100 %, 5, 8
2026/09/21 01:17:14.077, 0, P0, 1777 MHz, 14001 MHz, 161.22 W, [N/A], 175.00 W, 86, 15607 MiB, 100 %, 5, 8
2026/09/21 01:17:14.329, 0, P0, 1777 MHz, 14001 MHz, 161.22 W, [N/A], 175.00 W, 86, 15607 MiB, 100 %, 5, 8
2026/09/21 01:17:14.581, 0, P0, 1777 MHz, 14001 MHz, 161.22 W, [N/A], 175.00 W, 86, 15607 MiB, 100 %, 5, 8
2026/09/21 01:17:14.834, 0, P0, 1777 MHz, 14001 MHz, 161.20 W, [N/A], 175.00 W, 86, 15607 MiB, 100 %, 5, 8
2026/09/21 01:17:15.086, 0, P0, 1777 MHz, 14001 MHz, 161.20 W, [N/A], 175.00 W, 86, 15607 MiB, 100 %, 5, 8
2026/09/21 01:17:15.338, 0, P0, 1777 MHz, 14001 MHz, 161.20 W, [N/A], 175.00 W, 86, 15607 MiB, 100 %, 5, 8
2026/09/21 01:17:15.590, 0, P0, 1777 MHz, 14001 MHz, 161.20 W, [N/A], 175.00 W, 86, 15607 MiB, 100 %, 5, 8
2026/09/21 01:17:15.842, 0, P0, 1777 MHz, 14001 MHz, 161.24 W, [N/A], 175.00 W, 86, 15607 MiB, 100 %, 5, 8
2026/09/21 01:17:16.094, 0, P0, 1777 MHz, 14001 MHz, 161.24 W, [N/A], 175.00 W, 86, 15607 MiB, 100 %, 5, 8
2026/09/21 01:17:16.346, 0, P0, 1777 MHz, 14001 MHz, 161.22 W, [N/A], 175.00 W, 86, 15607 MiB, 100 %, 5, 8
2026/09/21 01:17:16.598, 0, P0, 1777 MHz, 14001 MHz, 161.22 W, [N/A], 175.00 W, 86, 15607 MiB, 100 %, 5, 8
2026/09/21 01:17:16.851, 0, P0, 1777 MHz, 14001 MHz, 161.18 W, [N/A], 175.00 W, 86, 15607 MiB, 100 %, 5, 8
2026/09/21 01:17:17.103, 0, P0, 1777 MHz, 14001 MHz, 161.18 W, [N/A], 175.00 W, 86, 15607 MiB, 100 %, 5, 8
2026/09/21 01:17:17.355, 0, P0, 1777 MHz, 14001 MHz, 161.21 W, [N/A], 175.00 W, 86, 15607 MiB, 100 %, 5, 8
2026/09/21 01:17:17.607, 0, P0, 1777 MHz, 14001 MHz, 161.21 W, [N/A], 175.00 W, 86, 15607 MiB, 100 %, 5, 8
2026/09/21 01:17:17.859, 0, P0, 1777 MHz, 14001 MHz, 161.26 W, [N/A], 175.00 W, 86, 15607 MiB, 100 %, 5, 8
2026/09/21 01:17:18.112, 0, P0, 1777 MHz, 14001 MHz, 161.26 W, [N/A], 175.00 W, 86, 15607 MiB, 100 %, 5, 8
2026/09/21 01:17:18.363, 0, P0, 1777 MHz, 14001 MHz, 161.25 W, [N/A], 175.00 W, 86, 15607 MiB, 100 %, 5, 8
2026/09/21 01:17:18.616, 0, P0, 1777 MHz, 14001 MHz, 161.25 W, [N/A], 175.00 W, 86, 15607 MiB, 100 %, 5, 8
2026/09/21 01:17:18.878, 0, P0, 1777 MHz, 14001 MHz, 161.23 W, [N/A], 175.00 W, 86, 15607 MiB, 100 %, 5, 8
2026/09/21 01:17:19.130, 0, P0, 1777 MHz, 14001 MHz, 161.23 W, [N/A], 175.00 W, 86, 15607 MiB, 100 %, 5, 8
2026/09/21 01:17:19.382, 0, P0, 1777 MHz, 14001 MHz, 161.24 W, [N/A], 175.00 W, 86, 15607 MiB, 100 %, 5, 8
2026/09/21 01:17:19.634, 0, P0, 1777 MHz, 14001 MHz, 161.24 W, [N/A], 175.00 W, 86, 15607 MiB, 100 %, 5, 8
2026/09/21 01:17:19.886, 0, P0, 1777 MHz, 14001 MHz, 161.24 W, [N/A], 175.00 W, 86, 15607 MiB, 100 %, 5, 8
2026/09/21 01:17:20.138, 0, P0, 1777 MHz, 14001 MHz, 161.24 W, [N/A], 175.00 W, 86, 15607 MiB, 100 %, 5, 8
2026/09/21 01:17:20.390, 0, P0, 1777 MHz, 14001 MHz, 161.18 W, [N/A], 175.00 W, 86, 15607 MiB, 99 %, 5, 8
2026/09/21 01:17:20.642, 0, P0, 1777 MHz, 14001 MHz, 161.18 W, [N/A], 175.00 W, 86, 15607 MiB, 99 %, 5, 8
2026/09/21 01:17:20.894, 0, P0, 1777 MHz, 14001 MHz, 161.12 W, [N/A], 175.00 W, 86, 15607 MiB, 100 %, 5, 8
2026/09/21 01:17:21.146, 0, P0, 1777 MHz, 14001 MHz, 161.12 W, [N/A], 175.00 W, 86, 15607 MiB, 100 %, 5, 8
2026/09/21 01:17:21.398, 0, P0, 1777 MHz, 14001 MHz, 161.11 W, [N/A], 175.00 W, 86, 15607 MiB, 100 %, 5, 8
2026/09/21 01:17:21.650, 0, P0, 1777 MHz, 14001 MHz, 161.11 W, [N/A], 175.00 W, 86, 15607 MiB, 100 %, 5, 8
2026/09/21 01:17:21.903, 0, P0, 1777 MHz, 14001 MHz, 161.15 W, [N/A], 175.00 W, 86, 15607 MiB, 100 %, 5, 8
2026/09/21 01:17:22.155, 0, P0, 1777 MHz, 14001 MHz, 161.15 W, [N/A], 175.00 W, 86, 15607 MiB, 100 %, 5, 8
2026/09/21 01:17:22.407, 0, P0, 1777 MHz, 14001 MHz, 161.16 W, [N/A], 175.00 W, 86, 15607 MiB, 100 %, 5, 8
2026/09/21 01:17:22.659, 0, P0, 1777 MHz, 14001 MHz, 161.16 W, [N/A], 175.00 W, 86, 15607 MiB, 100 %, 5, 8
2026/09/21 01:17:22.911, 0, P0, 1777 MHz, 14001 MHz, 161.15 W, [N/A], 175.00 W, 86, 15607 MiB, 100 %, 5, 8
2026/09/21 01:17:23.163, 0, P0, 1777 MHz, 14001 MHz, 161.15 W, [N/A], 175.00 W, 86, 15607 MiB, 100 %, 5, 8
2026/09/21 01:17:23.415, 0, P0, 1777 MHz, 14001 MHz, 161.10 W, [N/A], 175.00 W, 86, 15607 MiB, 100 %, 5, 8
2026/09/21 01:17:23.668, 0, P0, 1777 MHz, 14001 MHz, 161.10 W, [N/A], 175.00 W, 86, 15607 MiB, 100 %, 5, 8
2026/09/21 01:17:23.920, 0, P0, 1777 MHz, 14001 MHz, 160.83 W, [N/A], 175.00 W, 86, 15607 MiB, 100 %, 5, 8
2026/09/21 01:17:24.181, 0, P0, 1777 MHz, 14001 MHz, 160.83 W, [N/A], 175.00 W, 86, 15607 MiB, 100 %, 5, 8
2026/09/21 01:17:24.433, 0, P0, 1777 MHz, 14001 MHz, 160.63 W, [N/A], 175.00 W, 86, 15607 MiB, 100 %, 5, 8
2026/09/21 01:17:24.685, 0, P0, 1777 MHz, 14001 MHz, 160.63 W, [N/A], 175.00 W, 86, 15607 MiB, 100 %, 5, 8
2026/09/21 01:17:24.938, 0, P0, 1777 MHz, 14001 MHz, 160.63 W, [N/A], 175.00 W, 86, 15607 MiB, 100 %, 5, 8
2026/09/21 01:17:25.190, 0, P0, 1777 MHz, 14001 MHz, 160.63 W, [N/A], 175.00 W, 86, 15607 MiB, 100 %, 5, 8
2026/09/21 01:17:25.442, 0, P0, 1777 MHz, 14001 MHz, 160.67 W, [N/A], 175.00 W, 86, 15607 MiB, 100 %, 5, 8
2026/09/21 01:17:25.694, 0, P0, 1777 MHz, 14001 MHz, 160.67 W, [N/A], 175.00 W, 86, 15607 MiB, 100 %, 5, 8
2026/09/21 01:17:25.945, 0, P0, 1777 MHz, 14001 MHz, 160.66 W, [N/A], 175.00 W, 86, 15607 MiB, 100 %, 5, 8
2026/09/21 01:17:26.198, 0, P0, 1777 MHz, 14001 MHz, 160.66 W, [N/A], 175.00 W, 86, 15607 MiB, 100 %, 5, 8
2026/09/21 01:17:26.450, 0, P0, 1777 MHz, 14001 MHz, 160.64 W, [N/A], 175.00 W, 86, 15607 MiB, 100 %, 5, 8
2026/09/21 01:17:26.702, 0, P0, 1777 MHz, 14001 MHz, 160.64 W, [N/A], 175.00 W, 86, 15607 MiB, 100 %, 5, 8
2026/09/21 01:17:26.954, 0, P0, 1777 MHz, 14001 MHz, 160.64 W, [N/A], 175.00 W, 86, 15607 MiB, 100 %, 5, 8
2026/09/21 01:17:27.206, 0, P0, 1777 MHz, 14001 MHz, 160.64 W, [N/A], 175.00 W, 86, 15607 MiB, 100 %, 5, 8
2026/09/21 01:17:27.458, 0, P0, 1777 MHz, 14001 MHz, 160.63 W, [N/A], 175.00 W, 86, 15607 MiB, 100 %, 5, 8
2026/09/21 01:17:27.710, 0, P0, 1777 MHz, 14001 MHz, 160.63 W, [N/A], 175.00 W, 86, 15607 MiB, 100 %, 5, 8
2026/09/21 01:17:27.962, 0, P0, 1777 MHz, 14001 MHz, 160.58 W, [N/A], 175.00 W, 86, 15607 MiB, 100 %, 5, 8
2026/09/21 01:17:28.214, 0, P0, 1777 MHz, 14001 MHz, 160.58 W, [N/A], 175.00 W, 86, 15607 MiB, 100 %, 5, 8
2026/09/21 01:17:28.466, 0, P0, 1777 MHz, 14001 MHz, 160.57 W, [N/A], 175.00 W, 86, 15607 MiB, 100 %, 5, 8
2026/09/21 01:17:28.718, 0, P0, 1777 MHz, 14001 MHz, 160.57 W, [N/A], 175.00 W, 86, 15607 MiB, 100 %, 5, 8
2026/09/21 01:17:28.970, 0, P0, 1777 MHz, 14001 MHz, 161.01 W, [N/A], 175.00 W, 86, 15607 MiB, 100 %, 5, 8
2026/09/21 01:17:29.222, 0, P0, 1777 MHz, 14001 MHz, 161.01 W, [N/A], 175.00 W, 86, 15607 MiB, 100 %, 5, 8
2026/09/21 01:17:29.474, 0, P0, 1770 MHz, 14001 MHz, 162.09 W, [N/A], 175.00 W, 86, 15607 MiB, 100 %, 5, 8
2026/09/21 01:17:29.726, 0, P0, 1770 MHz, 14001 MHz, 162.09 W, [N/A], 175.00 W, 86, 15607 MiB, 100 %, 5, 8
2026/09/21 01:17:29.987, 0, P0, 1770 MHz, 14001 MHz, 162.97 W, [N/A], 175.00 W, 86, 15607 MiB, 100 %, 5, 8
2026/09/21 01:17:30.239, 0, P0, 1770 MHz, 14001 MHz, 162.92 W, [N/A], 175.00 W, 86, 15607 MiB, 100 %, 5, 8
2026/09/21 01:17:30.491, 0, P0, 1770 MHz, 14001 MHz, 162.92 W, [N/A], 175.00 W, 86, 15607 MiB, 100 %, 5, 8
2026/09/21 01:17:30.743, 0, P0, 1770 MHz, 14001 MHz, 162.90 W, [N/A], 175.00 W, 86, 15607 MiB, 100 %, 5, 8
2026/09/21 01:17:30.995, 0, P0, 1770 MHz, 14001 MHz, 162.90 W, [N/A], 175.00 W, 86, 15607 MiB, 100 %, 5, 8
2026/09/21 01:17:31.247, 0, P0, 1770 MHz, 14001 MHz, 162.94 W, [N/A], 175.00 W, 86, 15607 MiB, 100 %, 5, 8
2026/09/21 01:17:31.499, 0, P0, 1770 MHz, 14001 MHz, 162.94 W, [N/A], 175.00 W, 86, 15607 MiB, 100 %, 5, 8
2026/09/21 01:17:31.752, 0, P0, 1770 MHz, 14001 MHz, 162.92 W, [N/A], 175.00 W, 86, 15607 MiB, 100 %, 5, 8
2026/09/21 01:17:32.004, 0, P0, 1770 MHz, 14001 MHz, 162.92 W, [N/A], 175.00 W, 86, 15607 MiB, 100 %, 5, 8
2026/09/21 01:17:32.256, 0, P0, 1770 MHz, 14001 MHz, 162.95 W, [N/A], 175.00 W, 86, 15607 MiB, 100 %, 5, 8
2026/09/21 01:17:32.508, 0, P0, 1770 MHz, 14001 MHz, 162.95 W, [N/A], 175.00 W, 86, 15607 MiB, 100 %, 5, 8
2026/09/21 01:17:32.760, 0, P0, 1770 MHz, 14001 MHz, 162.96 W, [N/A], 175.00 W, 86, 15607 MiB, 100 %, 5, 8
2026/09/21 01:17:33.012, 0, P0, 1770 MHz, 14001 MHz, 162.96 W, [N/A], 175.00 W, 86, 15607 MiB, 100 %, 5, 8
2026/09/21 01:17:33.264, 0, P0, 1770 MHz, 14001 MHz, 162.96 W, [N/A], 175.00 W, 86, 15607 MiB, 100 %, 5, 8
2026/09/21 01:17:33.516, 0, P0, 1770 MHz, 14001 MHz, 162.96 W, [N/A], 175.00 W, 86, 15607 MiB, 100 %, 5, 8
2026/09/21 01:17:33.768, 0, P0, 1770 MHz, 14001 MHz, 162.99 W, [N/A], 175.00 W, 86, 15607 MiB, 100 %, 5, 8
2026/09/21 01:17:34.020, 0, P0, 1770 MHz, 14001 MHz, 162.99 W, [N/A], 175.00 W, 86, 15607 MiB, 100 %, 5, 8
2026/09/21 01:17:34.273, 0, P0, 1770 MHz, 14001 MHz, 163.01 W, [N/A], 175.00 W, 86, 15607 MiB, 100 %, 5, 8
2026/09/21 01:17:34.525, 0, P0, 1770 MHz, 14001 MHz, 163.01 W, [N/A], 175.00 W, 86, 15607 MiB, 100 %, 5, 8
2026/09/21 01:17:34.777, 0, P0, 1770 MHz, 14001 MHz, 163.01 W, [N/A], 175.00 W, 86, 15607 MiB, 100 %, 5, 8
2026/09/21 01:17:35.029, 0, P0, 1770 MHz, 14001 MHz, 163.01 W, [N/A], 175.00 W, 86, 15607 MiB, 100 %, 5, 8
2026/09/21 01:17:35.281, 0, P0, 1770 MHz, 14001 MHz, 163.02 W, [N/A], 175.00 W, 86, 15607 MiB, 100 %, 5, 8
2026/09/21 01:17:35.533, 0, P0, 1770 MHz, 14001 MHz, 163.02 W, [N/A], 175.00 W, 86, 15607 MiB, 100 %, 5, 8
2026/09/21 01:17:35.792, 0, P0, 1770 MHz, 14001 MHz, 162.99 W, [N/A], 175.00 W, 86, 15607 MiB, 100 %, 5, 8
2026/09/21 01:17:36.044, 0, P0, 1770 MHz, 14001 MHz, 162.99 W, [N/A], 175.00 W, 86, 15607 MiB, 100 %, 5, 8
2026/09/21 01:17:36.301, 0, P0, 1770 MHz, 14001 MHz, 163.02 W, [N/A], 175.00 W, 86, 15607 MiB, 100 %, 5, 8
2026/09/21 01:17:36.553, 0, P0, 1770 MHz, 14001 MHz, 163.02 W, [N/A], 175.00 W, 86, 15607 MiB, 100 %, 5, 8
2026/09/21 01:17:36.805, 0, P0, 1770 MHz, 14001 MHz, 162.98 W, [N/A], 175.00 W, 86, 15607 MiB, 100 %, 5, 8
2026/09/21 01:17:37.057, 0, P0, 1770 MHz, 14001 MHz, 162.98 W, [N/A], 175.00 W, 86, 15607 MiB, 100 %, 5, 8
2026/09/21 01:17:37.309, 0, P0, 1770 MHz, 14001 MHz, 162.96 W, [N/A], 175.00 W, 86, 15607 MiB, 100 %, 5, 8
2026/09/21 01:17:37.561, 0, P0, 1770 MHz, 14001 MHz, 162.96 W, [N/A], 175.00 W, 86, 15607 MiB, 100 %, 5, 8
2026/09/21 01:17:37.813, 0, P0, 1770 MHz, 14001 MHz, 163.03 W, [N/A], 175.00 W, 86, 15607 MiB, 100 %, 5, 8
2026/09/21 01:17:38.065, 0, P0, 1770 MHz, 14001 MHz, 163.03 W, [N/A], 175.00 W, 86, 15607 MiB, 100 %, 5, 8
2026/09/21 01:17:38.317, 0, P0, 1770 MHz, 14001 MHz, 163.05 W, [N/A], 175.00 W, 86, 15607 MiB, 100 %, 5, 8
2026/09/21 01:17:38.569, 0, P0, 1770 MHz, 14001 MHz, 163.05 W, [N/A], 175.00 W, 86, 15607 MiB, 100 %, 5, 8
2026/09/21 01:17:38.821, 0, P0, 1770 MHz, 14001 MHz, 163.05 W, [N/A], 175.00 W, 86, 15607 MiB, 100 %, 5, 8
2026/09/21 01:17:39.073, 0, P0, 1770 MHz, 14001 MHz, 163.05 W, [N/A], 175.00 W, 86, 15607 MiB, 100 %, 5, 8
2026/09/21 01:17:39.325, 0, P0, 1770 MHz, 14001 MHz, 163.09 W, [N/A], 175.00 W, 86, 15607 MiB, 100 %, 5, 8
2026/09/21 01:17:39.577, 0, P0, 1770 MHz, 14001 MHz, 163.09 W, [N/A], 175.00 W, 86, 15607 MiB, 100 %, 5, 8
2026/09/21 01:17:39.829, 0, P0, 1770 MHz, 14001 MHz, 163.11 W, [N/A], 175.00 W, 86, 15607 MiB, 100 %, 5, 8
2026/09/21 01:17:40.081, 0, P0, 1770 MHz, 14001 MHz, 163.11 W, [N/A], 175.00 W, 86, 15607 MiB, 100 %, 5, 8
2026/09/21 01:17:40.334, 0, P0, 1770 MHz, 14001 MHz, 163.10 W, [N/A], 175.00 W, 86, 15607 MiB, 100 %, 5, 8
2026/09/21 01:17:40.586, 0, P0, 1770 MHz, 14001 MHz, 163.10 W, [N/A], 175.00 W, 86, 15607 MiB, 100 %, 5, 8
2026/09/21 01:17:40.838, 0, P0, 1770 MHz, 14001 MHz, 163.13 W, [N/A], 175.00 W, 86, 15607 MiB, 100 %, 5, 8
2026/09/21 01:17:41.090, 0, P0, 1770 MHz, 14001 MHz, 163.13 W, [N/A], 175.00 W, 86, 15607 MiB, 100 %, 5, 8
2026/09/21 01:17:41.342, 0, P0, 1770 MHz, 14001 MHz, 163.10 W, [N/A], 175.00 W, 86, 15607 MiB, 100 %, 5, 8
2026/09/21 01:17:41.603, 0, P0, 1770 MHz, 14001 MHz, 163.10 W, [N/A], 175.00 W, 86, 15607 MiB, 100 %, 5, 8
2026/09/21 01:17:41.855, 0, P0, 1770 MHz, 14001 MHz, 163.06 W, [N/A], 175.00 W, 86, 15607 MiB, 100 %, 5, 8
2026/09/21 01:17:42.107, 0, P0, 1770 MHz, 14001 MHz, 163.06 W, [N/A], 175.00 W, 86, 15607 MiB, 100 %, 5, 8
2026/09/21 01:17:42.359, 0, P0, 1770 MHz, 14001 MHz, 163.06 W, [N/A], 175.00 W, 86, 15607 MiB, 100 %, 5, 8
2026/09/21 01:17:42.611, 0, P0, 1770 MHz, 14001 MHz, 163.06 W, [N/A], 175.00 W, 86, 15607 MiB, 100 %, 5, 8
2026/09/21 01:17:42.863, 0, P0, 1770 MHz, 14001 MHz, 163.07 W, [N/A], 175.00 W, 86, 15607 MiB, 100 %, 5, 8
2026/09/21 01:17:43.115, 0, P0, 1770 MHz, 14001 MHz, 163.07 W, [N/A], 175.00 W, 86, 15607 MiB, 100 %, 5, 8
2026/09/21 01:17:43.367, 0, P0, 1770 MHz, 14001 MHz, 163.05 W, [N/A], 175.00 W, 86, 15607 MiB, 100 %, 5, 8
2026/09/21 01:17:43.619, 0, P0, 1770 MHz, 14001 MHz, 163.05 W, [N/A], 175.00 W, 86, 15607 MiB, 100 %, 5, 8
2026/09/21 01:17:43.871, 0, P0, 1770 MHz, 14001 MHz, 162.97 W, [N/A], 175.00 W, 86, 15607 MiB, 100 %, 5, 8
2026/09/21 01:17:44.123, 0, P0, 1770 MHz, 14001 MHz, 162.97 W, [N/A], 175.00 W, 86, 15607 MiB, 100 %, 5, 8
2026/09/21 01:17:44.375, 0, P0, 1770 MHz, 14001 MHz, 162.99 W, [N/A], 175.00 W, 86, 15607 MiB, 100 %, 5, 8
2026/09/21 01:17:44.627, 0, P0, 1770 MHz, 14001 MHz, 162.99 W, [N/A], 175.00 W, 86, 15607 MiB, 100 %, 5, 8
2026/09/21 01:17:44.879, 0, P0, 1770 MHz, 14001 MHz, 163.04 W, [N/A], 175.00 W, 86, 15607 MiB, 100 %, 5, 8
2026/09/21 01:17:45.131, 0, P0, 1770 MHz, 14001 MHz, 163.04 W, [N/A], 175.00 W, 86, 15607 MiB, 100 %, 5, 8
2026/09/21 01:17:45.383, 0, P0, 1770 MHz, 14001 MHz, 163.05 W, [N/A], 175.00 W, 86, 15607 MiB, 100 %, 5, 8
2026/09/21 01:17:45.635, 0, P0, 1770 MHz, 14001 MHz, 163.05 W, [N/A], 175.00 W, 86, 15607 MiB, 100 %, 5, 8
2026/09/21 01:17:45.887, 0, P0, 1770 MHz, 14001 MHz, 163.07 W, [N/A], 175.00 W, 86, 15607 MiB, 100 %, 5, 8
2026/09/21 01:17:46.139, 0, P0, 1770 MHz, 14001 MHz, 163.07 W, [N/A], 175.00 W, 86, 15607 MiB, 100 %, 5, 8
2026/09/21 01:17:46.391, 0, P0, 1770 MHz, 14001 MHz, 163.08 W, [N/A], 175.00 W, 86, 15607 MiB, 100 %, 5, 8
2026/09/21 01:17:46.643, 0, P0, 1770 MHz, 14001 MHz, 163.08 W, [N/A], 175.00 W, 86, 15607 MiB, 100 %, 5, 8
2026/09/21 01:17:46.895, 0, P0, 1770 MHz, 14001 MHz, 163.07 W, [N/A], 175.00 W, 86, 15607 MiB, 100 %, 5, 8
2026/09/21 01:17:47.147, 0, P0, 1770 MHz, 14001 MHz, 163.07 W, [N/A], 175.00 W, 86, 15607 MiB, 100 %, 5, 8
2026/09/21 01:17:47.408, 0, P0, 1770 MHz, 14001 MHz, 163.00 W, [N/A], 175.00 W, 86, 15607 MiB, 100 %, 5, 8
2026/09/21 01:17:47.660, 0, P0, 1770 MHz, 14001 MHz, 163.00 W, [N/A], 175.00 W, 86, 15607 MiB, 100 %, 5, 8
2026/09/21 01:17:47.912, 0, P0, 1770 MHz, 14001 MHz, 163.04 W, [N/A], 175.00 W, 86, 15607 MiB, 100 %, 5, 8
2026/09/21 01:17:48.164, 0, P0, 1770 MHz, 14001 MHz, 163.04 W, [N/A], 175.00 W, 86, 15607 MiB, 100 %, 5, 8
2026/09/21 01:17:48.417, 0, P0, 1770 MHz, 14001 MHz, 163.08 W, [N/A], 175.00 W, 86, 15607 MiB, 100 %, 5, 8
2026/09/21 01:17:48.669, 0, P0, 1770 MHz, 14001 MHz, 163.08 W, [N/A], 175.00 W, 86, 15607 MiB, 100 %, 5, 8
2026/09/21 01:17:48.921, 0, P0, 1770 MHz, 14001 MHz, 163.01 W, [N/A], 175.00 W, 86, 15607 MiB, 100 %, 5, 8
2026/09/21 01:17:49.172, 0, P0, 1770 MHz, 14001 MHz, 163.01 W, [N/A], 175.00 W, 86, 15607 MiB, 100 %, 5, 8
2026/09/21 01:17:49.423, 0, P0, 1612 MHz, 14001 MHz, 116.48 W, [N/A], 175.00 W, 80, 15607 MiB, 11 %, 5, 8
2026/09/21 01:17:49.681, 0, P0, 1612 MHz, 14001 MHz, 116.48 W, [N/A], 175.00 W, 80, 15607 MiB, 11 %, 5, 8
2026/09/21 01:17:49.932, 0, P0, 1590 MHz, 14001 MHz, 62.28 W, [N/A], 175.00 W, 78, 15607 MiB, 0 %, 5, 8
2026/09/21 01:17:50.183, 0, P0, 1590 MHz, 14001 MHz, 62.28 W, [N/A], 175.00 W, 78, 15575 MiB, 0 %, 5, 8
2026/09/21 01:17:50.434, 0, P0, 1590 MHz, 14001 MHz, 34.07 W, [N/A], 175.00 W, 78, 15575 MiB, 0 %, 5, 8
2026/09/21 01:17:50.685, 0, P0, 1590 MHz, 14001 MHz, 34.07 W, [N/A], 175.00 W, 78, 15553 MiB, 0 %, 5, 8
2026/09/21 01:17:50.936, 0, P0, 1590 MHz, 14001 MHz, 33.45 W, [N/A], 175.00 W, 77, 15553 MiB, 0 %, 5, 8
2026/09/21 01:17:51.186, 0, P0, 1590 MHz, 14001 MHz, 33.45 W, [N/A], 175.00 W, 77, 15521 MiB, 0 %, 5, 8
2026/09/21 01:17:51.441, 0, P0, 1590 MHz, 14001 MHz, 33.29 W, [N/A], 175.00 W, 77, 15521 MiB, 3 %, 5, 8
2026/09/21 01:17:51.692, 0, P0, 1590 MHz, 14001 MHz, 33.29 W, [N/A], 175.00 W, 77, 15499 MiB, 3 %, 5, 8
2026/09/21 01:17:51.943, 0, P0, 1590 MHz, 14001 MHz, 33.12 W, [N/A], 175.00 W, 76, 15499 MiB, 2 %, 5, 8
2026/09/21 01:17:52.194, 0, P0, 1590 MHz, 14001 MHz, 33.12 W, [N/A], 175.00 W, 76, 15499 MiB, 2 %, 5, 8
2026/09/21 01:17:52.445, 0, P0, 1590 MHz, 14001 MHz, 33.00 W, [N/A], 175.00 W, 76, 15467 MiB, 0 %, 5, 8
2026/09/21 01:17:52.696, 0, P0, 1590 MHz, 14001 MHz, 33.00 W, [N/A], 175.00 W, 76, 15467 MiB, 0 %, 5, 8
2026/09/21 01:17:52.947, 0, P0, 1590 MHz, 14001 MHz, 32.89 W, [N/A], 175.00 W, 76, 15445 MiB, 2 %, 5, 8
2026/09/21 01:17:53.198, 0, P0, 1590 MHz, 14001 MHz, 32.89 W, [N/A], 175.00 W, 76, 15445 MiB, 2 %, 5, 8
2026/09/21 01:17:53.449, 0, P0, 1590 MHz, 14001 MHz, 32.79 W, [N/A], 175.00 W, 76, 15413 MiB, 0 %, 5, 8
2026/09/21 01:17:53.700, 0, P0, 1590 MHz, 14001 MHz, 32.79 W, [N/A], 175.00 W, 76, 15413 MiB, 0 %, 5, 8
2026/09/21 01:17:53.951, 0, P0, 1590 MHz, 14001 MHz, 32.69 W, [N/A], 175.00 W, 75, 15391 MiB, 0 %, 5, 8
2026/09/21 01:17:54.202, 0, P0, 1590 MHz, 14001 MHz, 32.69 W, [N/A], 175.00 W, 75, 15391 MiB, 0 %, 5, 8
2026/09/21 01:17:54.453, 0, P0, 1590 MHz, 14001 MHz, 32.56 W, [N/A], 175.00 W, 75, 15391 MiB, 0 %, 5, 8
2026/09/21 01:17:54.704, 0, P0, 1590 MHz, 14001 MHz, 32.56 W, [N/A], 175.00 W, 75, 15359 MiB, 0 %, 5, 8
2026/09/21 01:17:54.955, 0, P0, 1590 MHz, 14001 MHz, 32.39 W, [N/A], 175.00 W, 75, 15337 MiB, 0 %, 5, 8
2026/09/21 01:17:55.206, 0, P0, 1590 MHz, 14001 MHz, 32.39 W, [N/A], 175.00 W, 75, 15337 MiB, 0 %, 5, 8
2026/09/21 01:17:55.457, 0, P0, 1590 MHz, 14001 MHz, 32.31 W, [N/A], 175.00 W, 75, 15337 MiB, 0 %, 5, 8
2026/09/21 01:17:55.708, 0, P0, 1590 MHz, 14001 MHz, 32.31 W, [N/A], 175.00 W, 75, 15305 MiB, 0 %, 5, 8
2026/09/21 01:17:55.959, 0, P0, 1590 MHz, 14001 MHz, 32.23 W, [N/A], 175.00 W, 74, 15305 MiB, 0 %, 5, 8
2026/09/21 01:17:56.210, 0, P0, 1590 MHz, 14001 MHz, 32.23 W, [N/A], 175.00 W, 74, 15283 MiB, 0 %, 5, 8
2026/09/21 01:17:56.461, 0, P0, 1590 MHz, 14001 MHz, 32.09 W, [N/A], 175.00 W, 74, 15283 MiB, 0 %, 5, 8
2026/09/21 01:17:56.712, 0, P0, 1590 MHz, 14001 MHz, 32.09 W, [N/A], 175.00 W, 74, 15251 MiB, 0 %, 5, 8
2026/09/21 01:17:56.963, 0, P0, 1590 MHz, 14001 MHz, 31.97 W, [N/A], 175.00 W, 74, 15251 MiB, 3 %, 5, 8
2026/09/21 01:17:57.214, 0, P0, 1590 MHz, 14001 MHz, 31.97 W, [N/A], 175.00 W, 74, 15229 MiB, 3 %, 5, 8
2026/09/21 01:17:57.465, 0, P0, 1590 MHz, 14001 MHz, 31.91 W, [N/A], 175.00 W, 74, 15229 MiB, 2 %, 5, 8
2026/09/21 01:17:57.716, 0, P0, 1590 MHz, 14001 MHz, 31.91 W, [N/A], 175.00 W, 74, 15229 MiB, 2 %, 5, 8
2026/09/21 01:17:57.967, 0, P0, 1590 MHz, 14001 MHz, 31.84 W, [N/A], 175.00 W, 73, 15197 MiB, 0 %, 5, 8
2026/09/21 01:17:58.218, 0, P0, 1590 MHz, 14001 MHz, 31.84 W, [N/A], 175.00 W, 73, 15197 MiB, 0 %, 5, 8
2026/09/21 01:17:58.469, 0, P0, 1590 MHz, 14001 MHz, 31.72 W, [N/A], 175.00 W, 73, 15175 MiB, 0 %, 5, 8
2026/09/21 01:17:58.720, 0, P0, 1590 MHz, 14001 MHz, 31.72 W, [N/A], 175.00 W, 73, 15175 MiB, 0 %, 5, 8
2026/09/21 01:17:58.971, 0, P0, 1590 MHz, 14001 MHz, 31.65 W, [N/A], 175.00 W, 73, 15143 MiB, 0 %, 5, 8
2026/09/21 01:17:59.222, 0, P0, 1590 MHz, 14001 MHz, 31.65 W, [N/A], 175.00 W, 73, 15143 MiB, 0 %, 5, 8
2026/09/21 01:17:59.473, 0, P0, 1590 MHz, 14001 MHz, 31.58 W, [N/A], 175.00 W, 73, 15121 MiB, 0 %, 5, 8
2026/09/21 01:17:59.724, 0, P0, 1590 MHz, 14001 MHz, 31.58 W, [N/A], 175.00 W, 73, 15121 MiB, 0 %, 5, 8
2026/09/21 01:17:59.975, 0, P0, 1590 MHz, 14001 MHz, 31.48 W, [N/A], 175.00 W, 72, 15121 MiB, 0 %, 5, 8
2026/09/21 01:18:00.226, 0, P0, 1590 MHz, 14001 MHz, 31.48 W, [N/A], 175.00 W, 72, 15089 MiB, 0 %, 5, 8
2026/09/21 01:18:00.477, 0, P0, 1590 MHz, 14001 MHz, 31.42 W, [N/A], 175.00 W, 72, 15089 MiB, 0 %, 5, 8
2026/09/21 01:18:00.728, 0, P0, 1590 MHz, 14001 MHz, 31.42 W, [N/A], 175.00 W, 72, 15067 MiB, 0 %, 5, 8
2026/09/21 01:18:00.978, 0, P0, 1590 MHz, 14001 MHz, 31.35 W, [N/A], 175.00 W, 72, 15067 MiB, 0 %, 5, 8
2026/09/21 01:18:01.229, 0, P0, 1590 MHz, 14001 MHz, 31.35 W, [N/A], 175.00 W, 72, 15035 MiB, 0 %, 5, 8
2026/09/21 01:18:01.480, 0, P0, 1590 MHz, 14001 MHz, 31.29 W, [N/A], 175.00 W, 72, 15035 MiB, 3 %, 5, 8
2026/09/21 01:18:01.731, 0, P0, 1590 MHz, 14001 MHz, 31.29 W, [N/A], 175.00 W, 72, 15013 MiB, 3 %, 5, 8
2026/09/21 01:18:01.982, 0, P0, 1590 MHz, 14001 MHz, 31.25 W, [N/A], 175.00 W, 72, 15013 MiB, 3 %, 5, 8
2026/09/21 01:18:02.233, 0, P0, 1590 MHz, 14001 MHz, 31.25 W, [N/A], 175.00 W, 72, 15013 MiB, 3 %, 5, 8
2026/09/21 01:18:02.484, 0, P0, 1590 MHz, 14001 MHz, 31.16 W, [N/A], 175.00 W, 71, 14981 MiB, 0 %, 5, 8
2026/09/21 01:18:02.735, 0, P0, 1590 MHz, 14001 MHz, 31.16 W, [N/A], 175.00 W, 71, 14981 MiB, 0 %, 5, 8
2026/09/21 01:18:02.986, 0, P0, 1590 MHz, 14001 MHz, 31.11 W, [N/A], 175.00 W, 71, 14959 MiB, 0 %, 5, 8
2026/09/21 01:18:03.237, 0, P0, 1590 MHz, 14001 MHz, 31.11 W, [N/A], 175.00 W, 71, 14959 MiB, 0 %, 5, 8
2026/09/21 01:18:03.488, 0, P0, 1590 MHz, 14001 MHz, 31.03 W, [N/A], 175.00 W, 71, 14927 MiB, 0 %, 5, 8
2026/09/21 01:18:03.739, 0, P0, 1590 MHz, 14001 MHz, 31.03 W, [N/A], 175.00 W, 71, 14927 MiB, 0 %, 5, 8
2026/09/21 01:18:03.990, 0, P0, 1590 MHz, 14001 MHz, 30.95 W, [N/A], 175.00 W, 71, 14905 MiB, 0 %, 5, 8
2026/09/21 01:18:04.241, 0, P0, 1590 MHz, 14001 MHz, 30.95 W, [N/A], 175.00 W, 71, 14905 MiB, 0 %, 5, 8
2026/09/21 01:18:04.492, 0, P0, 1590 MHz, 14001 MHz, 30.92 W, [N/A], 175.00 W, 71, 14905 MiB, 0 %, 5, 8
2026/09/21 01:18:04.743, 0, P0, 1590 MHz, 14001 MHz, 30.92 W, [N/A], 175.00 W, 71, 14873 MiB, 0 %, 5, 8
2026/09/21 01:18:04.994, 0, P0, 1590 MHz, 14001 MHz, 30.89 W, [N/A], 175.00 W, 70, 14851 MiB, 0 %, 5, 8
2026/09/21 01:18:05.245, 0, P0, 1590 MHz, 14001 MHz, 30.89 W, [N/A], 175.00 W, 70, 14851 MiB, 0 %, 5, 8
2026/09/21 01:18:05.496, 0, P0, 1590 MHz, 14001 MHz, 30.86 W, [N/A], 175.00 W, 70, 14851 MiB, 0 %, 5, 8
2026/09/21 01:18:05.747, 0, P0, 1590 MHz, 14001 MHz, 30.86 W, [N/A], 175.00 W, 70, 14821 MiB, 0 %, 5, 8
2026/09/21 01:18:05.998, 0, P0, 1590 MHz, 14001 MHz, 30.81 W, [N/A], 175.00 W, 70, 14821 MiB, 3 %, 5, 8
2026/09/21 01:18:06.249, 0, P0, 1590 MHz, 14001 MHz, 30.81 W, [N/A], 175.00 W, 70, 14799 MiB, 3 %, 5, 8
2026/09/21 01:18:06.500, 0, P0, 1590 MHz, 14001 MHz, 30.79 W, [N/A], 175.00 W, 70, 14799 MiB, 2 %, 5, 8
2026/09/21 01:18:06.751, 0, P0, 1590 MHz, 14001 MHz, 30.79 W, [N/A], 175.00 W, 70, 14799 MiB, 2 %, 5, 8
2026/09/21 01:18:07.002, 0, P0, 1590 MHz, 14001 MHz, 30.72 W, [N/A], 175.00 W, 70, 14767 MiB, 0 %, 5, 8
2026/09/21 01:18:07.253, 0, P0, 1590 MHz, 14001 MHz, 30.72 W, [N/A], 175.00 W, 70, 14745 MiB, 0 %, 5, 8
2026/09/21 01:18:07.504, 0, P0, 1590 MHz, 14001 MHz, 30.65 W, [N/A], 175.00 W, 69, 14745 MiB, 0 %, 5, 8
2026/09/21 01:18:07.755, 0, P0, 1590 MHz, 14001 MHz, 30.65 W, [N/A], 175.00 W, 69, 14777 MiB, 0 %, 5, 8
2026/09/21 01:18:08.006, 0, P0, 1590 MHz, 14001 MHz, 30.64 W, [N/A], 175.00 W, 69, 14777 MiB, 0 %, 5, 8
2026/09/21 01:18:08.257, 0, P0, 1590 MHz, 14001 MHz, 30.64 W, [N/A], 175.00 W, 69, 14799 MiB, 0 %, 5, 8
2026/09/21 01:18:08.508, 0, P0, 1590 MHz, 14001 MHz, 30.59 W, [N/A], 175.00 W, 69, 14799 MiB, 0 %, 5, 8
2026/09/21 01:18:08.759, 0, P0, 1590 MHz, 14001 MHz, 30.59 W, [N/A], 175.00 W, 69, 14831 MiB, 0 %, 5, 8
2026/09/21 01:18:09.010, 0, P0, 1590 MHz, 14001 MHz, 30.58 W, [N/A], 175.00 W, 69, 14831 MiB, 1 %, 5, 8
2026/09/21 01:18:09.261, 0, P0, 1590 MHz, 14001 MHz, 30.58 W, [N/A], 175.00 W, 69, 14853 MiB, 1 %, 5, 8
2026/09/21 01:18:09.515, 0, P0, 1590 MHz, 14001 MHz, 30.57 W, [N/A], 175.00 W, 69, 14853 MiB, 1 %, 5, 8
2026/09/21 01:18:09.766, 0, P0, 1590 MHz, 14001 MHz, 30.53 W, [N/A], 175.00 W, 68, 14885 MiB, 0 %, 5, 8
2026/09/21 01:18:10.017, 0, P0, 1590 MHz, 14001 MHz, 30.53 W, [N/A], 175.00 W, 68, 14885 MiB, 0 %, 5, 8
2026/09/21 01:18:10.268, 0, P0, 1590 MHz, 14001 MHz, 30.53 W, [N/A], 175.00 W, 68, 14885 MiB, 0 %, 5, 8
2026/09/21 01:18:10.519, 0, P0, 1590 MHz, 14001 MHz, 30.53 W, [N/A], 175.00 W, 68, 14907 MiB, 0 %, 5, 8
2026/09/21 01:18:10.770, 0, P0, 1590 MHz, 14001 MHz, 30.47 W, [N/A], 175.00 W, 68, 14907 MiB, 0 %, 5, 8
2026/09/21 01:18:11.021, 0, P0, 1590 MHz, 14001 MHz, 30.47 W, [N/A], 175.00 W, 68, 14939 MiB, 0 %, 5, 8
2026/09/21 01:18:11.272, 0, P0, 1590 MHz, 14001 MHz, 30.35 W, [N/A], 175.00 W, 68, 14939 MiB, 2 %, 5, 8
2026/09/21 01:18:11.523, 0, P0, 1590 MHz, 14001 MHz, 30.35 W, [N/A], 175.00 W, 68, 14961 MiB, 2 %, 5, 8
2026/09/21 01:18:11.774, 0, P0, 1590 MHz, 14001 MHz, 30.31 W, [N/A], 175.00 W, 68, 14961 MiB, 0 %, 5, 8
2026/09/21 01:18:12.025, 0, P0, 1590 MHz, 14001 MHz, 30.31 W, [N/A], 175.00 W, 68, 14993 MiB, 0 %, 5, 8
2026/09/21 01:18:12.276, 0, P0, 1590 MHz, 14001 MHz, 30.28 W, [N/A], 175.00 W, 68, 14993 MiB, 0 %, 5, 8
2026/09/21 01:18:12.527, 0, P0, 1590 MHz, 14001 MHz, 30.28 W, [N/A], 175.00 W, 68, 15015 MiB, 0 %, 5, 8
2026/09/21 01:18:12.778, 0, P0, 1590 MHz, 14001 MHz, 30.25 W, [N/A], 175.00 W, 68, 15015 MiB, 1 %, 5, 8
2026/09/21 01:18:13.029, 0, P0, 1590 MHz, 14001 MHz, 30.25 W, [N/A], 175.00 W, 68, 15015 MiB, 1 %, 5, 8
2026/09/21 01:18:13.280, 0, P0, 1590 MHz, 14001 MHz, 30.23 W, [N/A], 175.00 W, 67, 15047 MiB, 0 %, 5, 8
2026/09/21 01:18:13.531, 0, P0, 1590 MHz, 14001 MHz, 30.23 W, [N/A], 175.00 W, 67, 15047 MiB, 0 %, 5, 8
2026/09/21 01:18:13.782, 0, P0, 1590 MHz, 14001 MHz, 30.20 W, [N/A], 175.00 W, 67, 15069 MiB, 0 %, 5, 8
2026/09/21 01:18:14.033, 0, P0, 1590 MHz, 14001 MHz, 30.20 W, [N/A], 175.00 W, 67, 15069 MiB, 0 %, 5, 8
2026/09/21 01:18:14.284, 0, P0, 1590 MHz, 14001 MHz, 30.13 W, [N/A], 175.00 W, 67, 15101 MiB, 1 %, 5, 8
2026/09/21 01:18:14.535, 0, P0, 1590 MHz, 14001 MHz, 30.13 W, [N/A], 175.00 W, 67, 15101 MiB, 1 %, 5, 8
2026/09/21 01:18:14.786, 0, P0, 1590 MHz, 14001 MHz, 30.01 W, [N/A], 175.00 W, 67, 15123 MiB, 1 %, 5, 8
2026/09/21 01:18:15.037, 0, P0, 1590 MHz, 14001 MHz, 30.01 W, [N/A], 175.00 W, 67, 15123 MiB, 1 %, 5, 8
2026/09/21 01:18:15.288, 0, P0, 1582 MHz, 14001 MHz, 29.93 W, [N/A], 175.00 W, 67, 15155 MiB, 0 %, 5, 8
2026/09/21 01:18:15.539, 0, P0, 1582 MHz, 14001 MHz, 29.93 W, [N/A], 175.00 W, 67, 15155 MiB, 0 %, 5, 8
2026/09/21 01:18:15.790, 0, P0, 1582 MHz, 14001 MHz, 29.86 W, [N/A], 175.00 W, 67, 15155 MiB, 0 %, 5, 8
2026/09/21 01:18:16.041, 0, P0, 1582 MHz, 14001 MHz, 29.86 W, [N/A], 175.00 W, 67, 15177 MiB, 0 %, 5, 8
2026/09/21 01:18:16.292, 0, P0, 1590 MHz, 14001 MHz, 29.84 W, [N/A], 175.00 W, 66, 15177 MiB, 0 %, 5, 8
2026/09/21 01:18:16.543, 0, P0, 1590 MHz, 14001 MHz, 29.84 W, [N/A], 175.00 W, 66, 15209 MiB, 0 %, 5, 8
2026/09/21 01:18:16.794, 0, P0, 1582 MHz, 14001 MHz, 29.79 W, [N/A], 175.00 W, 66, 15209 MiB, 2 %, 5, 8
2026/09/21 01:18:17.045, 0, P0, 1582 MHz, 14001 MHz, 29.79 W, [N/A], 175.00 W, 66, 15231 MiB, 2 %, 5, 8
2026/09/21 01:18:17.296, 0, P0, 1582 MHz, 14001 MHz, 29.76 W, [N/A], 175.00 W, 66, 15231 MiB, 0 %, 5, 8
2026/09/21 01:18:17.547, 0, P0, 1582 MHz, 14001 MHz, 29.76 W, [N/A], 175.00 W, 66, 15263 MiB, 0 %, 5, 8
2026/09/21 01:18:17.798, 0, P0, 1582 MHz, 14001 MHz, 29.75 W, [N/A], 175.00 W, 66, 15263 MiB, 0 %, 5, 8
2026/09/21 01:18:18.049, 0, P0, 1582 MHz, 14001 MHz, 29.75 W, [N/A], 175.00 W, 66, 15285 MiB, 0 %, 5, 8
2026/09/21 01:18:18.300, 0, P0, 1582 MHz, 14001 MHz, 29.72 W, [N/A], 175.00 W, 66, 15285 MiB, 1 %, 5, 8
2026/09/21 01:18:18.551, 0, P0, 1582 MHz, 14001 MHz, 29.72 W, [N/A], 175.00 W, 66, 15317 MiB, 1 %, 5, 8
2026/09/21 01:18:18.802, 0, P0, 1582 MHz, 14001 MHz, 29.69 W, [N/A], 175.00 W, 66, 15317 MiB, 0 %, 5, 8
2026/09/21 01:18:19.053, 0, P0, 1582 MHz, 14001 MHz, 29.69 W, [N/A], 175.00 W, 66, 15317 MiB, 0 %, 5, 8
2026/09/21 01:18:19.304, 0, P0, 1582 MHz, 14001 MHz, 29.64 W, [N/A], 175.00 W, 66, 15339 MiB, 0 %, 5, 8
2026/09/21 01:18:19.555, 0, P0, 1582 MHz, 14001 MHz, 29.64 W, [N/A], 175.00 W, 66, 15339 MiB, 0 %, 5, 8
2026/09/21 01:18:19.806, 0, P0, 1582 MHz, 14001 MHz, 29.62 W, [N/A], 175.00 W, 66, 15371 MiB, 1 %, 5, 8
2026/09/21 01:18:20.057, 0, P0, 1582 MHz, 14001 MHz, 29.62 W, [N/A], 175.00 W, 66, 15371 MiB, 1 %, 5, 8
2026/09/21 01:18:20.308, 0, P0, 1582 MHz, 14001 MHz, 29.62 W, [N/A], 175.00 W, 66, 15393 MiB, 1 %, 5, 8
2026/09/21 01:18:20.559, 0, P0, 1582 MHz, 14001 MHz, 29.62 W, [N/A], 175.00 W, 66, 15393 MiB, 1 %, 5, 8
2026/09/21 01:18:20.810, 0, P0, 1582 MHz, 14001 MHz, 29.58 W, [N/A], 175.00 W, 65, 15425 MiB, 1 %, 5, 8
2026/09/21 01:18:21.061, 0, P0, 1582 MHz, 14001 MHz, 29.58 W, [N/A], 175.00 W, 65, 15425 MiB, 1 %, 5, 8
2026/09/21 01:18:21.312, 0, P0, 1582 MHz, 14001 MHz, 29.56 W, [N/A], 175.00 W, 65, 15447 MiB, 0 %, 5, 8
2026/09/21 01:18:21.563, 0, P0, 1582 MHz, 14001 MHz, 29.56 W, [N/A], 175.00 W, 65, 15447 MiB, 0 %, 5, 8
2026/09/21 01:18:21.814, 0, P0, 1582 MHz, 14001 MHz, 29.58 W, [N/A], 175.00 W, 65, 15447 MiB, 0 %, 5, 8
2026/09/21 01:18:22.065, 0, P0, 1582 MHz, 14001 MHz, 29.58 W, [N/A], 175.00 W, 65, 15479 MiB, 0 %, 5, 8
2026/09/21 01:18:22.316, 0, P0, 1582 MHz, 14001 MHz, 29.56 W, [N/A], 175.00 W, 65, 15479 MiB, 0 %, 5, 8
2026/09/21 01:18:22.567, 0, P0, 1582 MHz, 14001 MHz, 29.56 W, [N/A], 175.00 W, 65, 15501 MiB, 0 %, 5, 8
2026/09/21 01:18:22.818, 0, P0, 1582 MHz, 14001 MHz, 29.52 W, [N/A], 175.00 W, 65, 15501 MiB, 0 %, 5, 8
2026/09/21 01:18:23.069, 0, P0, 1582 MHz, 14001 MHz, 29.52 W, [N/A], 175.00 W, 65, 15533 MiB, 0 %, 5, 8
2026/09/21 01:18:23.320, 0, P0, 1582 MHz, 14001 MHz, 29.51 W, [N/A], 175.00 W, 65, 15533 MiB, 2 %, 5, 8
2026/09/21 01:18:23.571, 0, P0, 1582 MHz, 14001 MHz, 29.51 W, [N/A], 175.00 W, 65, 15555 MiB, 2 %, 5, 8
2026/09/21 01:18:23.822, 0, P0, 1582 MHz, 14001 MHz, 29.51 W, [N/A], 175.00 W, 65, 15555 MiB, 1 %, 5, 8
2026/09/21 01:18:24.073, 0, P0, 1582 MHz, 14001 MHz, 29.51 W, [N/A], 175.00 W, 65, 15587 MiB, 1 %, 5, 8
2026/09/21 01:18:24.324, 0, P0, 1582 MHz, 14001 MHz, 29.46 W, [N/A], 175.00 W, 65, 15587 MiB, 0 %, 5, 8
2026/09/21 01:18:24.575, 0, P0, 1582 MHz, 14001 MHz, 29.46 W, [N/A], 175.00 W, 65, 15609 MiB, 0 %, 5, 8
2026/09/21 01:18:24.826, 0, P0, 1582 MHz, 14001 MHz, 29.44 W, [N/A], 175.00 W, 65, 15607 MiB, 2 %, 5, 8
2026/09/21 01:18:25.077, 0, P0, 1582 MHz, 14001 MHz, 29.44 W, [N/A], 175.00 W, 65, 15607 MiB, 2 %, 5, 8
2026/09/21 01:18:25.328, 0, P0, 1582 MHz, 14001 MHz, 29.84 W, [N/A], 175.00 W, 65, 15607 MiB, 11 %, 5, 8
2026/09/21 01:18:25.579, 0, P0, 1582 MHz, 14001 MHz, 29.84 W, [N/A], 175.00 W, 65, 15607 MiB, 11 %, 5, 8
2026/09/21 01:18:25.830, 0, P0, 1582 MHz, 14001 MHz, 29.87 W, [N/A], 175.00 W, 65, 15607 MiB, 0 %, 5, 8
2026/09/21 01:18:26.081, 0, P0, 1582 MHz, 14001 MHz, 29.87 W, [N/A], 175.00 W, 65, 15575 MiB, 0 %, 5, 8
2026/09/21 01:18:26.332, 0, P0, 1582 MHz, 14001 MHz, 29.55 W, [N/A], 175.00 W, 65, 15575 MiB, 0 %, 5, 8
2026/09/21 01:18:26.583, 0, P0, 1582 MHz, 14001 MHz, 29.55 W, [N/A], 175.00 W, 65, 15553 MiB, 0 %, 5, 8
2026/09/21 01:18:26.834, 0, P0, 1582 MHz, 14001 MHz, 29.47 W, [N/A], 175.00 W, 65, 15553 MiB, 0 %, 5, 8
2026/09/21 01:18:27.085, 0, P0, 1582 MHz, 14001 MHz, 29.47 W, [N/A], 175.00 W, 65, 15521 MiB, 0 %, 5, 8
2026/09/21 01:18:27.336, 0, P0, 1582 MHz, 14001 MHz, 29.42 W, [N/A], 175.00 W, 65, 15521 MiB, 0 %, 5, 8
2026/09/21 01:18:27.587, 0, P0, 1582 MHz, 14001 MHz, 29.42 W, [N/A], 175.00 W, 65, 15499 MiB, 0 %, 5, 8
2026/09/21 01:18:27.838, 0, P0, 1582 MHz, 14001 MHz, 29.37 W, [N/A], 175.00 W, 65, 15499 MiB, 0 %, 5, 8
2026/09/21 01:18:28.089, 0, P0, 1582 MHz, 14001 MHz, 29.37 W, [N/A], 175.00 W, 65, 15499 MiB, 0 %, 5, 8
2026/09/21 01:18:28.340, 0, P0, 1582 MHz, 14001 MHz, 29.37 W, [N/A], 175.00 W, 65, 15467 MiB, 0 %, 5, 8
2026/09/21 01:18:28.591, 0, P0, 1582 MHz, 14001 MHz, 29.37 W, [N/A], 175.00 W, 65, 15445 MiB, 0 %, 5, 8
2026/09/21 01:18:28.842, 0, P0, 1582 MHz, 14001 MHz, 29.38 W, [N/A], 175.00 W, 65, 15445 MiB, 0 %, 5, 8
2026/09/21 01:18:29.093, 0, P0, 1582 MHz, 14001 MHz, 29.38 W, [N/A], 175.00 W, 65, 15445 MiB, 0 %, 5, 8
2026/09/21 01:18:29.344, 0, P0, 1582 MHz, 14001 MHz, 29.37 W, [N/A], 175.00 W, 64, 15413 MiB, 3 %, 5, 8
2026/09/21 01:18:29.595, 0, P0, 1582 MHz, 14001 MHz, 29.37 W, [N/A], 175.00 W, 64, 15413 MiB, 3 %, 5, 8
2026/09/21 01:18:29.846, 0, P0, 1582 MHz, 14001 MHz, 29.33 W, [N/A], 175.00 W, 64, 15391 MiB, 3 %, 5, 8
2026/09/21 01:18:30.097, 0, P0, 1582 MHz, 14001 MHz, 29.33 W, [N/A], 175.00 W, 64, 15391 MiB, 3 %, 5, 8
2026/09/21 01:18:30.348, 0, P0, 1582 MHz, 14001 MHz, 29.34 W, [N/A], 175.00 W, 64, 15359 MiB, 0 %, 5, 8
2026/09/21 01:18:30.599, 0, P0, 1582 MHz, 14001 MHz, 29.34 W, [N/A], 175.00 W, 64, 15359 MiB, 0 %, 5, 8
2026/09/21 01:18:30.850, 0, P0, 1597 MHz, 14001 MHz, 29.54 W, [N/A], 175.00 W, 64, 15337 MiB, 0 %, 5, 8
2026/09/21 01:18:31.101, 0, P0, 1597 MHz, 14001 MHz, 29.54 W, [N/A], 175.00 W, 64, 15337 MiB, 0 %, 5, 8
2026/09/21 01:18:31.352, 0, P0, 1597 MHz, 14001 MHz, 29.78 W, [N/A], 175.00 W, 64, 15337 MiB, 0 %, 5, 8
2026/09/21 01:18:31.603, 0, P0, 1597 MHz, 14001 MHz, 29.78 W, [N/A], 175.00 W, 64, 15305 MiB, 0 %, 5, 8
2026/09/21 01:18:31.854, 0, P0, 1597 MHz, 14001 MHz, 29.78 W, [N/A], 175.00 W, 64, 15305 MiB, 0 %, 5, 8
2026/09/21 01:18:32.105, 0, P0, 1597 MHz, 14001 MHz, 29.78 W, [N/A], 175.00 W, 64, 15283 MiB, 0 %, 5, 8
2026/09/21 01:18:32.356, 0, P0, 1597 MHz, 14001 MHz, 29.75 W, [N/A], 175.00 W, 64, 15283 MiB, 0 %, 5, 8
2026/09/21 01:18:32.607, 0, P0, 1597 MHz, 14001 MHz, 29.75 W, [N/A], 175.00 W, 64, 15251 MiB, 0 %, 5, 8
2026/09/21 01:18:32.858, 0, P0, 1597 MHz, 14001 MHz, 29.67 W, [N/A], 175.00 W, 64, 15251 MiB, 0 %, 5, 8
2026/09/21 01:18:33.109, 0, P0, 1597 MHz, 14001 MHz, 29.67 W, [N/A], 175.00 W, 64, 15229 MiB, 0 %, 5, 8
2026/09/21 01:18:33.360, 0, P0, 1590 MHz, 14001 MHz, 29.63 W, [N/A], 175.00 W, 64, 15229 MiB, 0 %, 5, 8
2026/09/21 01:18:33.611, 0, P0, 1590 MHz, 14001 MHz, 29.63 W, [N/A], 175.00 W, 64, 15229 MiB, 0 %, 5, 8
2026/09/21 01:18:33.862, 0, P0, 1597 MHz, 14001 MHz, 29.60 W, [N/A], 175.00 W, 64, 15197 MiB, 0 %, 5, 8
2026/09/21 01:18:34.113, 0, P0, 1597 MHz, 14001 MHz, 29.60 W, [N/A], 175.00 W, 64, 15175 MiB, 0 %, 5, 8
2026/09/21 01:18:34.364, 0, P0, 1597 MHz, 14001 MHz, 29.58 W, [N/A], 175.00 W, 63, 15175 MiB, 0 %, 5, 8
2026/09/21 01:18:34.615, 0, P0, 1597 MHz, 14001 MHz, 29.58 W, [N/A], 175.00 W, 63, 15175 MiB, 0 %, 5, 8
2026/09/21 01:18:34.866, 0, P0, 1597 MHz, 14001 MHz, 29.53 W, [N/A], 175.00 W, 63, 15143 MiB, 3 %, 5, 8
2026/09/21 01:18:35.117, 0, P0, 1597 MHz, 14001 MHz, 29.53 W, [N/A], 175.00 W, 63, 15143 MiB, 3 %, 5, 8
2026/09/21 01:18:35.367, 0, P0, 1597 MHz, 14001 MHz, 29.53 W, [N/A], 175.00 W, 63, 15121 MiB, 4 %, 5, 8
2026/09/21 01:18:35.619, 0, P0, 1597 MHz, 14001 MHz, 29.53 W, [N/A], 175.00 W, 63, 15121 MiB, 4 %, 5, 8
2026/09/21 01:18:35.870, 0, P0, 1597 MHz, 14001 MHz, 29.54 W, [N/A], 175.00 W, 63, 15089 MiB, 0 %, 5, 8
2026/09/21 01:18:36.121, 0, P0, 1597 MHz, 14001 MHz, 29.54 W, [N/A], 175.00 W, 63, 15089 MiB, 0 %, 5, 8
2026/09/21 01:18:36.372, 0, P0, 1597 MHz, 14001 MHz, 29.54 W, [N/A], 175.00 W, 63, 15067 MiB, 0 %, 5, 8
2026/09/21 01:18:36.623, 0, P0, 1597 MHz, 14001 MHz, 29.54 W, [N/A], 175.00 W, 63, 15067 MiB, 0 %, 5, 8
2026/09/21 01:18:36.874, 0, P0, 1597 MHz, 14001 MHz, 29.53 W, [N/A], 175.00 W, 63, 15067 MiB, 0 %, 5, 8
2026/09/21 01:18:37.125, 0, P0, 1597 MHz, 14001 MHz, 29.53 W, [N/A], 175.00 W, 63, 15035 MiB, 0 %, 5, 8
2026/09/21 01:18:37.376, 0, P0, 1590 MHz, 14001 MHz, 29.51 W, [N/A], 175.00 W, 63, 15013 MiB, 0 %, 5, 8
2026/09/21 01:18:37.627, 0, P0, 1590 MHz, 14001 MHz, 29.51 W, [N/A], 175.00 W, 63, 15013 MiB, 0 %, 5, 8
2026/09/21 01:18:37.878, 0, P0, 1597 MHz, 14001 MHz, 29.52 W, [N/A], 175.00 W, 63, 15013 MiB, 0 %, 5, 8
2026/09/21 01:18:38.128, 0, P0, 1597 MHz, 14001 MHz, 29.52 W, [N/A], 175.00 W, 63, 14981 MiB, 0 %, 5, 8
2026/09/21 01:18:38.380, 0, P0, 1597 MHz, 14001 MHz, 29.51 W, [N/A], 175.00 W, 63, 14981 MiB, 0 %, 5, 8
2026/09/21 01:18:38.630, 0, P0, 1597 MHz, 14001 MHz, 29.51 W, [N/A], 175.00 W, 63, 14959 MiB, 0 %, 5, 8
2026/09/21 01:18:38.881, 0, P0, 1597 MHz, 14001 MHz, 29.48 W, [N/A], 175.00 W, 63, 14959 MiB, 0 %, 5, 8
2026/09/21 01:18:39.132, 0, P0, 1597 MHz, 14001 MHz, 29.48 W, [N/A], 175.00 W, 63, 14927 MiB, 0 %, 5, 8
2026/09/21 01:18:39.383, 0, P0, 1597 MHz, 14001 MHz, 29.47 W, [N/A], 175.00 W, 63, 14927 MiB, 0 %, 5, 8
2026/09/21 01:18:39.634, 0, P0, 1597 MHz, 14001 MHz, 29.47 W, [N/A], 175.00 W, 63, 14905 MiB, 0 %, 5, 8
2026/09/21 01:18:39.885, 0, P0, 1597 MHz, 14001 MHz, 29.44 W, [N/A], 175.00 W, 63, 14905 MiB, 0 %, 5, 8
2026/09/21 01:18:40.136, 0, P0, 1597 MHz, 14001 MHz, 29.44 W, [N/A], 175.00 W, 63, 14905 MiB, 0 %, 5, 8
2026/09/21 01:18:40.387, 0, P0, 1597 MHz, 14001 MHz, 29.45 W, [N/A], 175.00 W, 63, 14873 MiB, 3 %, 5, 8
2026/09/21 01:18:40.638, 0, P0, 1597 MHz, 14001 MHz, 29.45 W, [N/A], 175.00 W, 63, 14873 MiB, 3 %, 5, 8
2026/09/21 01:18:40.889, 0, P0, 1597 MHz, 14001 MHz, 29.44 W, [N/A], 175.00 W, 63, 14851 MiB, 3 %, 5, 8
2026/09/21 01:18:41.140, 0, P0, 1597 MHz, 14001 MHz, 29.44 W, [N/A], 175.00 W, 63, 14851 MiB, 3 %, 5, 8
2026/09/21 01:18:41.391, 0, P0, 1590 MHz, 14001 MHz, 29.41 W, [N/A], 175.00 W, 63, 14821 MiB, 0 %, 5, 8
2026/09/21 01:18:41.642, 0, P0, 1590 MHz, 14001 MHz, 29.41 W, [N/A], 175.00 W, 63, 14821 MiB, 0 %, 5, 8
2026/09/21 01:18:41.893, 0, P0, 1597 MHz, 14001 MHz, 29.38 W, [N/A], 175.00 W, 62, 14799 MiB, 0 %, 5, 8
2026/09/21 01:18:42.144, 0, P0, 1597 MHz, 14001 MHz, 29.38 W, [N/A], 175.00 W, 62, 14799 MiB, 0 %, 5, 8
2026/09/21 01:18:42.395, 0, P0, 1597 MHz, 14001 MHz, 29.36 W, [N/A], 175.00 W, 62, 14799 MiB, 0 %, 5, 8
2026/09/21 01:18:42.646, 0, P0, 1597 MHz, 14001 MHz, 29.36 W, [N/A], 175.00 W, 62, 14767 MiB, 0 %, 5, 8
2026/09/21 01:18:42.897, 0, P0, 1597 MHz, 14001 MHz, 29.31 W, [N/A], 175.00 W, 62, 14745 MiB, 0 %, 5, 8
2026/09/21 01:18:43.148, 0, P0, 1597 MHz, 14001 MHz, 29.31 W, [N/A], 175.00 W, 62, 14745 MiB, 0 %, 5, 8
2026/09/21 01:18:43.399, 0, P0, 1597 MHz, 14001 MHz, 29.31 W, [N/A], 175.00 W, 62, 14777 MiB, 1 %, 5, 8
2026/09/21 01:18:43.650, 0, P0, 1597 MHz, 14001 MHz, 29.31 W, [N/A], 175.00 W, 62, 14777 MiB, 1 %, 5, 8
2026/09/21 01:18:43.901, 0, P0, 1597 MHz, 14001 MHz, 29.32 W, [N/A], 175.00 W, 62, 14799 MiB, 1 %, 5, 8
2026/09/21 01:18:44.152, 0, P0, 1597 MHz, 14001 MHz, 29.32 W, [N/A], 175.00 W, 62, 14799 MiB, 1 %, 5, 8
2026/09/21 01:18:44.403, 0, P0, 1590 MHz, 14001 MHz, 29.30 W, [N/A], 175.00 W, 62, 14831 MiB, 0 %, 5, 8
2026/09/21 01:18:44.654, 0, P0, 1590 MHz, 14001 MHz, 29.30 W, [N/A], 175.00 W, 62, 14831 MiB, 0 %, 5, 8
2026/09/21 01:18:44.905, 0, P0, 1597 MHz, 14001 MHz, 29.31 W, [N/A], 175.00 W, 62, 14853 MiB, 0 %, 5, 8
2026/09/21 01:18:45.156, 0, P0, 1597 MHz, 14001 MHz, 29.31 W, [N/A], 175.00 W, 62, 14853 MiB, 0 %, 5, 8
2026/09/21 01:18:45.407, 0, P0, 1590 MHz, 14001 MHz, 29.32 W, [N/A], 175.00 W, 62, 14885 MiB, 0 %, 5, 8
2026/09/21 01:18:45.658, 0, P0, 1590 MHz, 14001 MHz, 29.32 W, [N/A], 175.00 W, 62, 14885 MiB, 0 %, 5, 8
2026/09/21 01:18:45.909, 0, P0, 1597 MHz, 14001 MHz, 29.33 W, [N/A], 175.00 W, 62, 14885 MiB, 2 %, 5, 8
2026/09/21 01:18:46.160, 0, P0, 1597 MHz, 14001 MHz, 29.33 W, [N/A], 175.00 W, 62, 14907 MiB, 2 %, 5, 8
2026/09/21 01:18:46.411, 0, P0, 1597 MHz, 14001 MHz, 29.34 W, [N/A], 175.00 W, 62, 14907 MiB, 1 %, 5, 8
2026/09/21 01:18:46.662, 0, P0, 1597 MHz, 14001 MHz, 29.34 W, [N/A], 175.00 W, 62, 14939 MiB, 1 %, 5, 8
2026/09/21 01:18:46.913, 0, P0, 1590 MHz, 14001 MHz, 29.31 W, [N/A], 175.00 W, 62, 14939 MiB, 0 %, 5, 8
2026/09/21 01:18:47.164, 0, P0, 1590 MHz, 14001 MHz, 29.31 W, [N/A], 175.00 W, 62, 14961 MiB, 0 %, 5, 8
2026/09/21 01:18:47.415, 0, P0, 1597 MHz, 14001 MHz, 29.27 W, [N/A], 175.00 W, 62, 14961 MiB, 1 %, 5, 8
2026/09/21 01:18:47.666, 0, P0, 1597 MHz, 14001 MHz, 29.27 W, [N/A], 175.00 W, 62, 14993 MiB, 1 %, 5, 8
2026/09/21 01:18:47.917, 0, P0, 1597 MHz, 14001 MHz, 29.29 W, [N/A], 175.00 W, 62, 14993 MiB, 0 %, 5, 8
2026/09/21 01:18:48.168, 0, P0, 1597 MHz, 14001 MHz, 29.29 W, [N/A], 175.00 W, 62, 15015 MiB, 0 %, 5, 8
2026/09/21 01:18:48.419, 0, P0, 1597 MHz, 14001 MHz, 29.26 W, [N/A], 175.00 W, 62, 15015 MiB, 0 %, 5, 8
2026/09/21 01:18:48.670, 0, P0, 1597 MHz, 14001 MHz, 29.26 W, [N/A], 175.00 W, 62, 15047 MiB, 0 %, 5, 8
2026/09/21 01:18:48.921, 0, P0, 1597 MHz, 14001 MHz, 29.25 W, [N/A], 175.00 W, 62, 15047 MiB, 1 %, 5, 8
2026/09/21 01:18:49.172, 0, P0, 1597 MHz, 14001 MHz, 29.25 W, [N/A], 175.00 W, 62, 15047 MiB, 1 %, 5, 8
2026/09/21 01:18:49.423, 0, P0, 1590 MHz, 14001 MHz, 29.27 W, [N/A], 175.00 W, 62, 15069 MiB, 1 %, 5, 8
2026/09/21 01:18:49.674, 0, P0, 1590 MHz, 14001 MHz, 29.27 W, [N/A], 175.00 W, 62, 15069 MiB, 1 %, 5, 8
2026/09/21 01:18:49.925, 0, P0, 1597 MHz, 14001 MHz, 29.25 W, [N/A], 175.00 W, 62, 15101 MiB, 0 %, 5, 8
2026/09/21 01:18:50.176, 0, P0, 1597 MHz, 14001 MHz, 29.25 W, [N/A], 175.00 W, 62, 15101 MiB, 0 %, 5, 8
2026/09/21 01:18:50.427, 0, P0, 1597 MHz, 14001 MHz, 29.22 W, [N/A], 175.00 W, 62, 15123 MiB, 0 %, 5, 8
2026/09/21 01:18:50.678, 0, P0, 1597 MHz, 14001 MHz, 29.22 W, [N/A], 175.00 W, 62, 15123 MiB, 0 %, 5, 8
2026/09/21 01:18:50.929, 0, P0, 1590 MHz, 14001 MHz, 29.22 W, [N/A], 175.00 W, 62, 15155 MiB, 0 %, 5, 8
2026/09/21 01:18:51.180, 0, P0, 1590 MHz, 14001 MHz, 29.22 W, [N/A], 175.00 W, 62, 15155 MiB, 0 %, 5, 8
2026/09/21 01:18:51.431, 0, P0, 1597 MHz, 14001 MHz, 29.22 W, [N/A], 175.00 W, 62, 15177 MiB, 2 %, 5, 8
2026/09/21 01:18:51.683, 0, P0, 1597 MHz, 14001 MHz, 29.22 W, [N/A], 175.00 W, 62, 15177 MiB, 2 %, 5, 8
2026/09/21 01:18:51.934, 0, P0, 1597 MHz, 14001 MHz, 29.20 W, [N/A], 175.00 W, 62, 15177 MiB, 0 %, 5, 8
2026/09/21 01:18:52.185, 0, P0, 1597 MHz, 14001 MHz, 29.20 W, [N/A], 175.00 W, 62, 15209 MiB, 0 %, 5, 8
2026/09/21 01:18:52.436, 0, P0, 1597 MHz, 14001 MHz, 29.16 W, [N/A], 175.00 W, 62, 15209 MiB, 0 %, 5, 8
2026/09/21 01:18:52.687, 0, P0, 1597 MHz, 14001 MHz, 29.16 W, [N/A], 175.00 W, 62, 15231 MiB, 0 %, 5, 8
2026/09/21 01:18:52.938, 0, P0, 1597 MHz, 14001 MHz, 29.14 W, [N/A], 175.00 W, 62, 15231 MiB, 2 %, 5, 8
2026/09/21 01:18:53.189, 0, P0, 1597 MHz, 14001 MHz, 29.14 W, [N/A], 175.00 W, 62, 15263 MiB, 2 %, 5, 8
2026/09/21 01:18:53.440, 0, P0, 1590 MHz, 14001 MHz, 29.17 W, [N/A], 175.00 W, 61, 15263 MiB, 0 %, 5, 8
2026/09/21 01:18:53.691, 0, P0, 1590 MHz, 14001 MHz, 29.17 W, [N/A], 175.00 W, 61, 15285 MiB, 0 %, 5, 8
2026/09/21 01:18:53.942, 0, P0, 1597 MHz, 14001 MHz, 29.20 W, [N/A], 175.00 W, 61, 15285 MiB, 0 %, 5, 8
2026/09/21 01:18:54.193, 0, P0, 1597 MHz, 14001 MHz, 29.20 W, [N/A], 175.00 W, 61, 15317 MiB, 0 %, 5, 8
2026/09/21 01:18:54.444, 0, P0, 1597 MHz, 14001 MHz, 29.19 W, [N/A], 175.00 W, 61, 15317 MiB, 0 %, 5, 8
2026/09/21 01:18:54.695, 0, P0, 1597 MHz, 14001 MHz, 29.19 W, [N/A], 175.00 W, 61, 15339 MiB, 0 %, 5, 8
2026/09/21 01:18:54.946, 0, P0, 1590 MHz, 14001 MHz, 29.15 W, [N/A], 175.00 W, 61, 15339 MiB, 1 %, 5, 8
2026/09/21 01:18:55.197, 0, P0, 1590 MHz, 14001 MHz, 29.15 W, [N/A], 175.00 W, 61, 15339 MiB, 1 %, 5, 8
2026/09/21 01:18:55.448, 0, P0, 1597 MHz, 14001 MHz, 29.18 W, [N/A], 175.00 W, 61, 15371 MiB, 1 %, 5, 8
2026/09/21 01:18:55.699, 0, P0, 1597 MHz, 14001 MHz, 29.18 W, [N/A], 175.00 W, 61, 15371 MiB, 1 %, 5, 8
2026/09/21 01:18:55.950, 0, P0, 1597 MHz, 14001 MHz, 29.23 W, [N/A], 175.00 W, 61, 15393 MiB, 0 %, 5, 8
2026/09/21 01:18:56.201, 0, P0, 1597 MHz, 14001 MHz, 29.23 W, [N/A], 175.00 W, 61, 15393 MiB, 0 %, 5, 8
2026/09/21 01:18:56.452, 0, P0, 1597 MHz, 14001 MHz, 29.20 W, [N/A], 175.00 W, 61, 15425 MiB, 0 %, 5, 8
2026/09/21 01:18:56.703, 0, P0, 1597 MHz, 14001 MHz, 29.20 W, [N/A], 175.00 W, 61, 15425 MiB, 0 %, 5, 8
2026/09/21 01:18:56.954, 0, P0, 1597 MHz, 14001 MHz, 29.18 W, [N/A], 175.00 W, 61, 15447 MiB, 0 %, 5, 8
2026/09/21 01:18:57.205, 0, P0, 1597 MHz, 14001 MHz, 29.18 W, [N/A], 175.00 W, 61, 15447 MiB, 0 %, 5, 8
2026/09/21 01:18:57.456, 0, P0, 1590 MHz, 14001 MHz, 29.18 W, [N/A], 175.00 W, 61, 15479 MiB, 0 %, 5, 8
2026/09/21 01:18:57.707, 0, P0, 1590 MHz, 14001 MHz, 29.18 W, [N/A], 175.00 W, 61, 15479 MiB, 0 %, 5, 8
2026/09/21 01:18:57.958, 0, P0, 1597 MHz, 14001 MHz, 29.18 W, [N/A], 175.00 W, 61, 15501 MiB, 2 %, 5, 8
2026/09/21 01:18:58.210, 0, P0, 1597 MHz, 14001 MHz, 29.18 W, [N/A], 175.00 W, 61, 15501 MiB, 2 %, 5, 8
2026/09/21 01:18:58.461, 0, P0, 1597 MHz, 14001 MHz, 29.18 W, [N/A], 175.00 W, 61, 15501 MiB, 1 %, 5, 8
2026/09/21 01:18:58.711, 0, P0, 1597 MHz, 14001 MHz, 29.18 W, [N/A], 175.00 W, 61, 15533 MiB, 1 %, 5, 8
2026/09/21 01:18:58.963, 0, P0, 1590 MHz, 14001 MHz, 29.16 W, [N/A], 175.00 W, 61, 15533 MiB, 0 %, 5, 8
2026/09/21 01:18:59.214, 0, P0, 1590 MHz, 14001 MHz, 29.16 W, [N/A], 175.00 W, 61, 15555 MiB, 0 %, 5, 8
2026/09/21 01:18:59.465, 0, P0, 1597 MHz, 14001 MHz, 29.18 W, [N/A], 175.00 W, 61, 15555 MiB, 0 %, 5, 8
2026/09/21 01:18:59.716, 0, P0, 1597 MHz, 14001 MHz, 29.18 W, [N/A], 175.00 W, 61, 15587 MiB, 0 %, 5, 8
2026/09/21 01:18:59.967, 0, P0, 1597 MHz, 14001 MHz, 29.19 W, [N/A], 175.00 W, 61, 15587 MiB, 0 %, 5, 8
2026/09/21 01:19:00.218, 0, P0, 1597 MHz, 14001 MHz, 29.19 W, [N/A], 175.00 W, 61, 15609 MiB, 0 %, 5, 8
2026/09/21 01:19:00.469, 0, P0, 1597 MHz, 14001 MHz, 29.17 W, [N/A], 175.00 W, 61, 15607 MiB, 0 %, 5, 8
2026/09/21 01:19:00.720, 0, P0, 1597 MHz, 14001 MHz, 29.17 W, [N/A], 175.00 W, 61, 15607 MiB, 0 %, 5, 8
2026/09/21 01:19:00.971, 0, P0, 1597 MHz, 14001 MHz, 29.46 W, [N/A], 175.00 W, 61, 15607 MiB, 10 %, 5, 8
2026/09/21 01:19:01.222, 0, P0, 1597 MHz, 14001 MHz, 29.46 W, [N/A], 175.00 W, 61, 15607 MiB, 10 %, 5, 8
2026/09/21 01:19:01.473, 0, P0, 1590 MHz, 14001 MHz, 29.57 W, [N/A], 175.00 W, 61, 15607 MiB, 0 %, 5, 8
2026/09/21 01:19:01.724, 0, P0, 1590 MHz, 14001 MHz, 29.57 W, [N/A], 175.00 W, 61, 15575 MiB, 0 %, 5, 8
2026/09/21 01:19:01.975, 0, P0, 1597 MHz, 14001 MHz, 29.33 W, [N/A], 175.00 W, 61, 15553 MiB, 0 %, 5, 8
2026/09/21 01:19:02.226, 0, P0, 1597 MHz, 14001 MHz, 29.33 W, [N/A], 175.00 W, 61, 15553 MiB, 0 %, 5, 8
2026/09/21 01:19:02.477, 0, P0, 1597 MHz, 14001 MHz, 29.16 W, [N/A], 175.00 W, 61, 15553 MiB, 0 %, 5, 8
2026/09/21 01:19:02.728, 0, P0, 1597 MHz, 14001 MHz, 29.16 W, [N/A], 175.00 W, 61, 15521 MiB, 0 %, 5, 8
2026/09/21 01:19:02.979, 0, P0, 1590 MHz, 14001 MHz, 29.12 W, [N/A], 175.00 W, 61, 15521 MiB, 0 %, 5, 8
2026/09/21 01:19:03.230, 0, P0, 1590 MHz, 14001 MHz, 29.12 W, [N/A], 175.00 W, 61, 15499 MiB, 0 %, 5, 8
2026/09/21 01:19:03.481, 0, P0, 1597 MHz, 14001 MHz, 29.08 W, [N/A], 175.00 W, 61, 15499 MiB, 0 %, 5, 8
2026/09/21 01:19:03.732, 0, P0, 1597 MHz, 14001 MHz, 29.08 W, [N/A], 175.00 W, 61, 15467 MiB, 0 %, 5, 8
2026/09/21 01:19:03.986, 0, P0, 1597 MHz, 14001 MHz, 29.11 W, [N/A], 175.00 W, 61, 15467 MiB, 3 %, 5, 8
2026/09/21 01:19:04.238, 0, P0, 1597 MHz, 14001 MHz, 29.11 W, [N/A], 175.00 W, 61, 15445 MiB, 3 %, 5, 8
2026/09/21 01:19:04.489, 0, P0, 1597 MHz, 14001 MHz, 29.11 W, [N/A], 175.00 W, 61, 15445 MiB, 4 %, 5, 8
2026/09/21 01:19:04.739, 0, P0, 1597 MHz, 14001 MHz, 29.11 W, [N/A], 175.00 W, 61, 15445 MiB, 4 %, 5, 8
2026/09/21 01:19:04.990, 0, P0, 1597 MHz, 14001 MHz, 29.08 W, [N/A], 175.00 W, 61, 15413 MiB, 0 %, 5, 8
2026/09/21 01:19:05.241, 0, P0, 1597 MHz, 14001 MHz, 29.08 W, [N/A], 175.00 W, 61, 15413 MiB, 0 %, 5, 8
2026/09/21 01:19:05.492, 0, P0, 1590 MHz, 14001 MHz, 29.09 W, [N/A], 175.00 W, 61, 15391 MiB, 0 %, 5, 8
2026/09/21 01:19:05.743, 0, P0, 1590 MHz, 14001 MHz, 29.09 W, [N/A], 175.00 W, 61, 15391 MiB, 0 %, 5, 8
2026/09/21 01:19:05.994, 0, P0, 1597 MHz, 14001 MHz, 29.10 W, [N/A], 175.00 W, 61, 15359 MiB, 0 %, 5, 8
2026/09/21 01:19:06.245, 0, P0, 1597 MHz, 14001 MHz, 29.10 W, [N/A], 175.00 W, 61, 15359 MiB, 0 %, 5, 8
2026/09/21 01:19:06.496, 0, P0, 1597 MHz, 14001 MHz, 29.08 W, [N/A], 175.00 W, 61, 15337 MiB, 0 %, 5, 8
2026/09/21 01:19:06.747, 0, P0, 1597 MHz, 14001 MHz, 29.08 W, [N/A], 175.00 W, 61, 15337 MiB, 0 %, 5, 8
2026/09/21 01:19:06.998, 0, P0, 1590 MHz, 14001 MHz, 29.07 W, [N/A], 175.00 W, 61, 15337 MiB, 0 %, 5, 8
2026/09/21 01:19:07.249, 0, P0, 1590 MHz, 14001 MHz, 29.07 W, [N/A], 175.00 W, 61, 15305 MiB, 0 %, 5, 8
2026/09/21 01:19:07.500, 0, P0, 1597 MHz, 14001 MHz, 29.06 W, [N/A], 175.00 W, 61, 15283 MiB, 0 %, 5, 8
2026/09/21 01:19:07.753, 0, P0, 1597 MHz, 14001 MHz, 29.06 W, [N/A], 175.00 W, 61, 15283 MiB, 0 %, 5, 8
2026/09/21 01:19:08.004, 0, P0, 1597 MHz, 14001 MHz, 29.06 W, [N/A], 175.00 W, 61, 15283 MiB, 0 %, 5, 8
2026/09/21 01:19:08.255, 0, P0, 1597 MHz, 14001 MHz, 29.06 W, [N/A], 175.00 W, 61, 15251 MiB, 0 %, 5, 8
2026/09/21 01:19:08.506, 0, P0, 1597 MHz, 14001 MHz, 29.07 W, [N/A], 175.00 W, 61, 15251 MiB, 1 %, 5, 8
2026/09/21 01:19:08.757, 0, P0, 1597 MHz, 14001 MHz, 29.07 W, [N/A], 175.00 W, 61, 15229 MiB, 1 %, 5, 8
2026/09/21 01:19:09.008, 0, P0, 1597 MHz, 14001 MHz, 29.10 W, [N/A], 175.00 W, 61, 15229 MiB, 0 %, 5, 8
2026/09/21 01:19:09.259, 0, P0, 1597 MHz, 14001 MHz, 29.10 W, [N/A], 175.00 W, 61, 15197 MiB, 0 %, 5, 8
2026/09/21 01:19:09.510, 0, P0, 1590 MHz, 14001 MHz, 29.12 W, [N/A], 175.00 W, 61, 15197 MiB, 2 %, 5, 8
2026/09/21 01:19:09.761, 0, P0, 1590 MHz, 14001 MHz, 29.12 W, [N/A], 175.00 W, 61, 15175 MiB, 2 %, 5, 8
2026/09/21 01:19:10.012, 0, P0, 1597 MHz, 14001 MHz, 29.09 W, [N/A], 175.00 W, 61, 15175 MiB, 4 %, 5, 8
2026/09/21 01:19:10.263, 0, P0, 1597 MHz, 14001 MHz, 29.09 W, [N/A], 175.00 W, 61, 15175 MiB, 4 %, 5, 8
2026/09/21 01:19:10.514, 0, P0, 1597 MHz, 14001 MHz, 29.09 W, [N/A], 175.00 W, 61, 15143 MiB, 0 %, 5, 8
2026/09/21 01:19:10.765, 0, P0, 1597 MHz, 14001 MHz, 29.09 W, [N/A], 175.00 W, 61, 15143 MiB, 0 %, 5, 8
2026/09/21 01:19:11.016, 0, P0, 1590 MHz, 14001 MHz, 29.05 W, [N/A], 175.00 W, 61, 15121 MiB, 0 %, 5, 8
2026/09/21 01:19:11.267, 0, P0, 1590 MHz, 14001 MHz, 29.05 W, [N/A], 175.00 W, 61, 15121 MiB, 0 %, 5, 8
2026/09/21 01:19:11.521, 0, P0, 1597 MHz, 14001 MHz, 29.00 W, [N/A], 175.00 W, 61, 15089 MiB, 0 %, 5, 8
2026/09/21 01:19:11.773, 0, P0, 1597 MHz, 14001 MHz, 29.01 W, [N/A], 175.00 W, 61, 15089 MiB, 0 %, 5, 8
2026/09/21 01:19:12.024, 0, P0, 1597 MHz, 14001 MHz, 29.01 W, [N/A], 175.00 W, 61, 15067 MiB, 0 %, 5, 8
2026/09/21 01:19:12.275, 0, P0, 1590 MHz, 14001 MHz, 29.03 W, [N/A], 175.00 W, 61, 15067 MiB, 0 %, 5, 8
2026/09/21 01:19:12.525, 0, P0, 1590 MHz, 14001 MHz, 29.03 W, [N/A], 175.00 W, 61, 15067 MiB, 0 %, 5, 8
2026/09/21 01:19:12.776, 0, P0, 1597 MHz, 14001 MHz, 29.05 W, [N/A], 175.00 W, 61, 15035 MiB, 0 %, 5, 8
2026/09/21 01:19:13.028, 0, P0, 1597 MHz, 14001 MHz, 29.05 W, [N/A], 175.00 W, 61, 15013 MiB, 0 %, 5, 8
2026/09/21 01:19:13.279, 0, P0, 1590 MHz, 14001 MHz, 29.07 W, [N/A], 175.00 W, 61, 15013 MiB, 0 %, 5, 8
2026/09/21 01:19:13.529, 0, P0, 1590 MHz, 14001 MHz, 29.07 W, [N/A], 175.00 W, 61, 15013 MiB, 0 %, 5, 8
2026/09/21 01:19:13.780, 0, P0, 1597 MHz, 14001 MHz, 29.04 W, [N/A], 175.00 W, 60, 14981 MiB, 3 %, 5, 8
2026/09/21 01:19:14.031, 0, P0, 1597 MHz, 14001 MHz, 29.04 W, [N/A], 175.00 W, 60, 14981 MiB, 3 %, 5, 8
2026/09/21 01:19:14.282, 0, P0, 1597 MHz, 14001 MHz, 29.02 W, [N/A], 175.00 W, 61, 14959 MiB, 0 %, 5, 8
2026/09/21 01:19:14.533, 0, P0, 1597 MHz, 14001 MHz, 29.02 W, [N/A], 175.00 W, 61, 14959 MiB, 0 %, 5, 8
2026/09/21 01:19:14.784, 0, P0, 1597 MHz, 14001 MHz, 28.98 W, [N/A], 175.00 W, 60, 14927 MiB, 0 %, 5, 8
2026/09/21 01:19:15.035, 0, P0, 1597 MHz, 14001 MHz, 28.98 W, [N/A], 175.00 W, 60, 14927 MiB, 0 %, 5, 8
2026/09/21 01:19:15.286, 0, P0, 1597 MHz, 14001 MHz, 28.99 W, [N/A], 175.00 W, 61, 14905 MiB, 4 %, 5, 8
2026/09/21 01:19:15.537, 0, P0, 1597 MHz, 14001 MHz, 28.99 W, [N/A], 175.00 W, 61, 14905 MiB, 4 %, 5, 8
2026/09/21 01:19:15.788, 0, P0, 1597 MHz, 14001 MHz, 29.01 W, [N/A], 175.00 W, 60, 14905 MiB, 0 %, 5, 8
2026/09/21 01:19:16.039, 0, P0, 1597 MHz, 14001 MHz, 29.01 W, [N/A], 175.00 W, 60, 14873 MiB, 0 %, 5, 8
2026/09/21 01:19:16.290, 0, P0, 1597 MHz, 14001 MHz, 29.00 W, [N/A], 175.00 W, 60, 14873 MiB, 0 %, 5, 8
2026/09/21 01:19:16.541, 0, P0, 1597 MHz, 14001 MHz, 29.00 W, [N/A], 175.00 W, 60, 14851 MiB, 0 %, 5, 8
2026/09/21 01:19:16.792, 0, P0, 1597 MHz, 14001 MHz, 29.03 W, [N/A], 175.00 W, 60, 14851 MiB, 0 %, 5, 8
2026/09/21 01:19:17.043, 0, P0, 1597 MHz, 14001 MHz, 29.03 W, [N/A], 175.00 W, 60, 14821 MiB, 0 %, 5, 8
2026/09/21 01:19:17.294, 0, P0, 1590 MHz, 14001 MHz, 29.06 W, [N/A], 175.00 W, 60, 14821 MiB, 0 %, 5, 8
2026/09/21 01:19:17.545, 0, P0, 1590 MHz, 14001 MHz, 29.06 W, [N/A], 175.00 W, 60, 14799 MiB, 0 %, 5, 8
2026/09/21 01:19:17.796, 0, P0, 1597 MHz, 14001 MHz, 29.06 W, [N/A], 175.00 W, 60, 14799 MiB, 0 %, 5, 8
2026/09/21 01:19:18.047, 0, P0, 1597 MHz, 14001 MHz, 29.06 W, [N/A], 175.00 W, 60, 14799 MiB, 0 %, 5, 8
2026/09/21 01:19:18.298, 0, P0, 1597 MHz, 14001 MHz, 29.04 W, [N/A], 175.00 W, 60, 14767 MiB, 0 %, 5, 8
2026/09/21 01:19:18.549, 0, P0, 1597 MHz, 14001 MHz, 29.04 W, [N/A], 175.00 W, 60, 14745 MiB, 0 %, 5, 8
2026/09/21 01:19:18.800, 0, P0, 1597 MHz, 14001 MHz, 28.99 W, [N/A], 175.00 W, 60, 14745 MiB, 0 %, 5, 8
2026/09/21 01:19:19.051, 0, P0, 1597 MHz, 14001 MHz, 28.99 W, [N/A], 175.00 W, 60, 14777 MiB, 0 %, 5, 8
2026/09/21 01:19:19.302, 0, P0, 1597 MHz, 14001 MHz, 28.96 W, [N/A], 175.00 W, 60, 14777 MiB, 2 %, 5, 8
2026/09/21 01:19:19.553, 0, P0, 1597 MHz, 14001 MHz, 28.96 W, [N/A], 175.00 W, 60, 14799 MiB, 2 %, 5, 8
2026/09/21 01:19:19.804, 0, P0, 1597 MHz, 14001 MHz, 28.95 W, [N/A], 175.00 W, 60, 14799 MiB, 0 %, 5, 8
2026/09/21 01:19:20.055, 0, P0, 1597 MHz, 14001 MHz, 28.95 W, [N/A], 175.00 W, 60, 14831 MiB, 0 %, 5, 8
2026/09/21 01:19:20.306, 0, P0, 1597 MHz, 14001 MHz, 28.99 W, [N/A], 175.00 W, 60, 14831 MiB, 0 %, 5, 8
2026/09/21 01:19:20.557, 0, P0, 1597 MHz, 14001 MHz, 28.99 W, [N/A], 175.00 W, 60, 14853 MiB, 0 %, 5, 8
2026/09/21 01:19:20.808, 0, P0, 1597 MHz, 14001 MHz, 28.99 W, [N/A], 175.00 W, 60, 14853 MiB, 1 %, 5, 8
2026/09/21 01:19:21.059, 0, P0, 1597 MHz, 14001 MHz, 28.99 W, [N/A], 175.00 W, 60, 14885 MiB, 1 %, 5, 8
2026/09/21 01:19:21.310, 0, P0, 1597 MHz, 14001 MHz, 28.97 W, [N/A], 175.00 W, 60, 14885 MiB, 0 %, 5, 8
2026/09/21 01:19:21.561, 0, P0, 1597 MHz, 14001 MHz, 28.97 W, [N/A], 175.00 W, 60, 14885 MiB, 0 %, 5, 8
2026/09/21 01:19:21.812, 0, P0, 1597 MHz, 14001 MHz, 28.96 W, [N/A], 175.00 W, 60, 14907 MiB, 0 %, 5, 8
2026/09/21 01:19:22.063, 0, P0, 1597 MHz, 14001 MHz, 28.96 W, [N/A], 175.00 W, 60, 14907 MiB, 0 %, 5, 8
2026/09/21 01:19:22.314, 0, P0, 1597 MHz, 14001 MHz, 28.96 W, [N/A], 175.00 W, 60, 14939 MiB, 0 %, 5, 8
2026/09/21 01:19:22.565, 0, P0, 1597 MHz, 14001 MHz, 28.96 W, [N/A], 175.00 W, 60, 14939 MiB, 0 %, 5, 8
2026/09/21 01:19:22.816, 0, P0, 1597 MHz, 14001 MHz, 28.95 W, [N/A], 175.00 W, 60, 14961 MiB, 1 %, 5, 8
2026/09/21 01:19:23.067, 0, P0, 1597 MHz, 14001 MHz, 28.95 W, [N/A], 175.00 W, 60, 14961 MiB, 1 %, 5, 8
2026/09/21 01:19:23.318, 0, P0, 1597 MHz, 14001 MHz, 28.95 W, [N/A], 175.00 W, 60, 14993 MiB, 1 %, 5, 8
2026/09/21 01:19:23.569, 0, P0, 1597 MHz, 14001 MHz, 28.95 W, [N/A], 175.00 W, 60, 14993 MiB, 1 %, 5, 8
2026/09/21 01:19:23.820, 0, P0, 1597 MHz, 14001 MHz, 28.95 W, [N/A], 175.00 W, 60, 15015 MiB, 0 %, 5, 8
2026/09/21 01:19:24.071, 0, P0, 1597 MHz, 14001 MHz, 28.95 W, [N/A], 175.00 W, 60, 15015 MiB, 0 %, 5, 8
2026/09/21 01:19:24.322, 0, P0, 1597 MHz, 14001 MHz, 28.93 W, [N/A], 175.00 W, 60, 15047 MiB, 0 %, 5, 8
2026/09/21 01:19:24.573, 0, P0, 1597 MHz, 14001 MHz, 28.93 W, [N/A], 175.00 W, 60, 15047 MiB, 0 %, 5, 8
2026/09/21 01:19:24.824, 0, P0, 1597 MHz, 14001 MHz, 28.93 W, [N/A], 175.00 W, 60, 15047 MiB, 0 %, 5, 8
2026/09/21 01:19:25.076, 0, P0, 1597 MHz, 14001 MHz, 28.93 W, [N/A], 175.00 W, 60, 15069 MiB, 0 %, 5, 8
2026/09/21 01:19:25.327, 0, P0, 1597 MHz, 14001 MHz, 28.97 W, [N/A], 175.00 W, 60, 15069 MiB, 0 %, 5, 8
2026/09/21 01:19:25.578, 0, P0, 1597 MHz, 14001 MHz, 28.97 W, [N/A], 175.00 W, 60, 15101 MiB, 0 %, 5, 8
2026/09/21 01:19:25.829, 0, P0, 1597 MHz, 14001 MHz, 28.95 W, [N/A], 175.00 W, 60, 15101 MiB, 2 %, 5, 8
2026/09/21 01:19:26.080, 0, P0, 1597 MHz, 14001 MHz, 28.95 W, [N/A], 175.00 W, 60, 15123 MiB, 2 %, 5, 8
2026/09/21 01:19:26.331, 0, P0, 1597 MHz, 14001 MHz, 28.91 W, [N/A], 175.00 W, 60, 15123 MiB, 1 %, 5, 8
2026/09/21 01:19:26.581, 0, P0, 1597 MHz, 14001 MHz, 28.91 W, [N/A], 175.00 W, 60, 15155 MiB, 1 %, 5, 8
2026/09/21 01:19:26.833, 0, P0, 1597 MHz, 14001 MHz, 28.92 W, [N/A], 175.00 W, 60, 15155 MiB, 0 %, 5, 8
2026/09/21 01:19:27.084, 0, P0, 1597 MHz, 14001 MHz, 28.92 W, [N/A], 175.00 W, 60, 15177 MiB, 0 %, 5, 8
2026/09/21 01:19:27.335, 0, P0, 1597 MHz, 14001 MHz, 28.93 W, [N/A], 175.00 W, 60, 15177 MiB, 0 %, 5, 8
2026/09/21 01:19:27.586, 0, P0, 1597 MHz, 14001 MHz, 28.93 W, [N/A], 175.00 W, 60, 15177 MiB, 0 %, 5, 8
2026/09/21 01:19:27.837, 0, P0, 1597 MHz, 14001 MHz, 28.96 W, [N/A], 175.00 W, 60, 15209 MiB, 0 %, 5, 8
2026/09/21 01:19:28.088, 0, P0, 1597 MHz, 14001 MHz, 28.96 W, [N/A], 175.00 W, 60, 15209 MiB, 0 %, 5, 8
2026/09/21 01:19:28.339, 0, P0, 1590 MHz, 14001 MHz, 28.95 W, [N/A], 175.00 W, 60, 15231 MiB, 1 %, 5, 8
2026/09/21 01:19:28.590, 0, P0, 1590 MHz, 14001 MHz, 28.95 W, [N/A], 175.00 W, 60, 15231 MiB, 1 %, 5, 8
2026/09/21 01:19:28.841, 0, P0, 1597 MHz, 14001 MHz, 28.95 W, [N/A], 175.00 W, 60, 15263 MiB, 1 %, 5, 8
2026/09/21 01:19:29.092, 0, P0, 1597 MHz, 14001 MHz, 28.95 W, [N/A], 175.00 W, 60, 15263 MiB, 1 %, 5, 8
2026/09/21 01:19:29.343, 0, P0, 1597 MHz, 14001 MHz, 28.96 W, [N/A], 175.00 W, 60, 15285 MiB, 0 %, 5, 8
2026/09/21 01:19:29.594, 0, P0, 1597 MHz, 14001 MHz, 28.96 W, [N/A], 175.00 W, 60, 15285 MiB, 0 %, 5, 8
2026/09/21 01:19:29.845, 0, P0, 1597 MHz, 14001 MHz, 28.92 W, [N/A], 175.00 W, 60, 15317 MiB, 0 %, 5, 8
2026/09/21 01:19:30.096, 0, P0, 1597 MHz, 14001 MHz, 28.92 W, [N/A], 175.00 W, 60, 15317 MiB, 0 %, 5, 8
2026/09/21 01:19:30.347, 0, P0, 1597 MHz, 14001 MHz, 28.89 W, [N/A], 175.00 W, 60, 15339 MiB, 0 %, 5, 8
2026/09/21 01:19:30.598, 0, P0, 1597 MHz, 14001 MHz, 28.89 W, [N/A], 175.00 W, 60, 15339 MiB, 0 %, 5, 8
2026/09/21 01:19:30.849, 0, P0, 1597 MHz, 14001 MHz, 28.88 W, [N/A], 175.00 W, 60, 15339 MiB, 0 %, 5, 8
2026/09/21 01:19:31.100, 0, P0, 1597 MHz, 14001 MHz, 28.88 W, [N/A], 175.00 W, 60, 15371 MiB, 0 %, 5, 8
2026/09/21 01:19:31.351, 0, P0, 1590 MHz, 14001 MHz, 28.87 W, [N/A], 175.00 W, 60, 15371 MiB, 2 %, 5, 8
2026/09/21 01:19:31.602, 0, P0, 1590 MHz, 14001 MHz, 28.87 W, [N/A], 175.00 W, 60, 15393 MiB, 2 %, 5, 8
2026/09/21 01:19:31.853, 0, P0, 1597 MHz, 14001 MHz, 28.88 W, [N/A], 175.00 W, 60, 15393 MiB, 2 %, 5, 8
2026/09/21 01:19:32.104, 0, P0, 1597 MHz, 14001 MHz, 28.88 W, [N/A], 175.00 W, 60, 15425 MiB, 2 %, 5, 8
2026/09/21 01:19:32.355, 0, P0, 1590 MHz, 14001 MHz, 28.91 W, [N/A], 175.00 W, 60, 15425 MiB, 0 %, 5, 8
2026/09/21 01:19:32.606, 0, P0, 1590 MHz, 14001 MHz, 28.91 W, [N/A], 175.00 W, 60, 15447 MiB, 0 %, 5, 8
2026/09/21 01:19:32.857, 0, P0, 1597 MHz, 14001 MHz, 28.89 W, [N/A], 175.00 W, 60, 15447 MiB, 0 %, 5, 8
2026/09/21 01:19:33.108, 0, P0, 1597 MHz, 14001 MHz, 28.89 W, [N/A], 175.00 W, 60, 15479 MiB, 0 %, 5, 8
2026/09/21 01:19:33.359, 0, P0, 1597 MHz, 14001 MHz, 28.87 W, [N/A], 175.00 W, 60, 15479 MiB, 0 %, 5, 8
2026/09/21 01:19:33.610, 0, P0, 1597 MHz, 14001 MHz, 28.87 W, [N/A], 175.00 W, 60, 15479 MiB, 0 %, 5, 8
2026/09/21 01:19:33.861, 0, P0, 1590 MHz, 14001 MHz, 28.89 W, [N/A], 175.00 W, 60, 15501 MiB, 0 %, 5, 8
2026/09/21 01:19:34.113, 0, P0, 1590 MHz, 14001 MHz, 28.89 W, [N/A], 175.00 W, 60, 15501 MiB, 0 %, 5, 8
2026/09/21 01:19:34.363, 0, P0, 1597 MHz, 14001 MHz, 28.88 W, [N/A], 175.00 W, 60, 15533 MiB, 1 %, 5, 8
2026/09/21 01:19:34.614, 0, P0, 1597 MHz, 14001 MHz, 28.88 W, [N/A], 175.00 W, 60, 15533 MiB, 1 %, 5, 8
2026/09/21 01:19:34.865, 0, P0, 1597 MHz, 14001 MHz, 28.86 W, [N/A], 175.00 W, 60, 15555 MiB, 1 %, 5, 8
2026/09/21 01:19:35.116, 0, P0, 1597 MHz, 14001 MHz, 28.86 W, [N/A], 175.00 W, 60, 15555 MiB, 1 %, 5, 8
2026/09/21 01:19:35.368, 0, P0, 1597 MHz, 14001 MHz, 28.88 W, [N/A], 175.00 W, 60, 15587 MiB, 0 %, 5, 8
2026/09/21 01:19:35.619, 0, P0, 1597 MHz, 14001 MHz, 28.88 W, [N/A], 175.00 W, 60, 15587 MiB, 0 %, 5, 8
2026/09/21 01:19:35.870, 0, P0, 1597 MHz, 14001 MHz, 28.90 W, [N/A], 175.00 W, 60, 15609 MiB, 0 %, 5, 8
2026/09/21 01:19:36.121, 0, P0, 1597 MHz, 14001 MHz, 28.90 W, [N/A], 175.00 W, 60, 15607 MiB, 0 %, 5, 8
2026/09/21 01:19:36.372, 0, P0, 1590 MHz, 14001 MHz, 29.03 W, [N/A], 175.00 W, 60, 15607 MiB, 11 %, 5, 8
2026/09/21 01:19:36.623, 0, P0, 1590 MHz, 14001 MHz, 29.03 W, [N/A], 175.00 W, 60, 15607 MiB, 11 %, 5, 8
2026/09/21 01:19:36.874, 0, P0, 1597 MHz, 14001 MHz, 29.27 W, [N/A], 175.00 W, 60, 15607 MiB, 0 %, 5, 8
2026/09/21 01:19:37.125, 0, P0, 1597 MHz, 14001 MHz, 29.27 W, [N/A], 175.00 W, 60, 15607 MiB, 0 %, 5, 8
2026/09/21 01:19:37.376, 0, P0, 1597 MHz, 14001 MHz, 29.18 W, [N/A], 175.00 W, 60, 15575 MiB, 3 %, 5, 8
2026/09/21 01:19:37.627, 0, P0, 1597 MHz, 14001 MHz, 29.18 W, [N/A], 175.00 W, 60, 15575 MiB, 3 %, 5, 8
2026/09/21 01:19:37.878, 0, P0, 1590 MHz, 14001 MHz, 28.89 W, [N/A], 175.00 W, 60, 15553 MiB, 4 %, 5, 8
2026/09/21 01:19:38.129, 0, P0, 1590 MHz, 14001 MHz, 28.89 W, [N/A], 175.00 W, 60, 15553 MiB, 4 %, 5, 8
2026/09/21 01:19:38.380, 0, P0, 1597 MHz, 14001 MHz, 28.86 W, [N/A], 175.00 W, 60, 15521 MiB, 0 %, 5, 8
2026/09/21 01:19:38.631, 0, P0, 1597 MHz, 14001 MHz, 28.86 W, [N/A], 175.00 W, 60, 15521 MiB, 0 %, 5, 8
2026/09/21 01:19:38.882, 0, P0, 1597 MHz, 14001 MHz, 28.87 W, [N/A], 175.00 W, 60, 15499 MiB, 0 %, 5, 8
2026/09/21 01:19:39.133, 0, P0, 1597 MHz, 14001 MHz, 28.87 W, [N/A], 175.00 W, 60, 15499 MiB, 0 %, 5, 8
2026/09/21 01:19:39.384, 0, P0, 1597 MHz, 14001 MHz, 28.89 W, [N/A], 175.00 W, 60, 15499 MiB, 0 %, 5, 8
2026/09/21 01:19:39.635, 0, P0, 1597 MHz, 14001 MHz, 28.89 W, [N/A], 175.00 W, 60, 15467 MiB, 0 %, 5, 8
2026/09/21 01:19:39.886, 0, P0, 1597 MHz, 14001 MHz, 28.85 W, [N/A], 175.00 W, 60, 15445 MiB, 0 %, 5, 8
2026/09/21 01:19:40.137, 0, P0, 1597 MHz, 14001 MHz, 28.85 W, [N/A], 175.00 W, 60, 15445 MiB, 0 %, 5, 8
2026/09/21 01:19:40.388, 0, P0, 1590 MHz, 14001 MHz, 28.91 W, [N/A], 175.00 W, 60, 15445 MiB, 0 %, 5, 8
2026/09/21 01:19:40.639, 0, P0, 1590 MHz, 14001 MHz, 28.91 W, [N/A], 175.00 W, 60, 15413 MiB, 0 %, 5, 8
2026/09/21 01:19:40.890, 0, P0, 1597 MHz, 14001 MHz, 28.94 W, [N/A], 175.00 W, 60, 15413 MiB, 0 %, 5, 8
2026/09/21 01:19:41.141, 0, P0, 1597 MHz, 14001 MHz, 28.94 W, [N/A], 175.00 W, 60, 15391 MiB, 0 %, 5, 8
2026/09/21 01:19:41.392, 0, P0, 1597 MHz, 14001 MHz, 28.92 W, [N/A], 175.00 W, 60, 15391 MiB, 0 %, 5, 8
2026/09/21 01:19:41.643, 0, P0, 1597 MHz, 14001 MHz, 28.92 W, [N/A], 175.00 W, 60, 15359 MiB, 0 %, 5, 8
2026/09/21 01:19:41.894, 0, P0, 1590 MHz, 14001 MHz, 28.94 W, [N/A], 175.00 W, 60, 15359 MiB, 0 %, 5, 8
2026/09/21 01:19:42.145, 0, P0, 1590 MHz, 14001 MHz, 28.94 W, [N/A], 175.00 W, 60, 15337 MiB, 0 %, 5, 8
2026/09/21 01:19:42.396, 0, P0, 1590 MHz, 14001 MHz, 28.96 W, [N/A], 175.00 W, 60, 15337 MiB, 0 %, 5, 8
2026/09/21 01:19:42.647, 0, P0, 1590 MHz, 14001 MHz, 28.96 W, [N/A], 175.00 W, 60, 15337 MiB, 0 %, 5, 8
2026/09/21 01:19:42.898, 0, P0, 1597 MHz, 14001 MHz, 28.98 W, [N/A], 175.00 W, 60, 15305 MiB, 3 %, 5, 8
2026/09/21 01:19:43.149, 0, P0, 1597 MHz, 14001 MHz, 28.98 W, [N/A], 175.00 W, 60, 15283 MiB, 3 %, 5, 8
2026/09/21 01:19:43.400, 0, P0, 1597 MHz, 14001 MHz, 28.98 W, [N/A], 175.00 W, 60, 15283 MiB, 0 %, 5, 8
2026/09/21 01:19:43.651, 0, P0, 1597 MHz, 14001 MHz, 28.98 W, [N/A], 175.00 W, 60, 15283 MiB, 0 %, 5, 8
2026/09/21 01:19:43.902, 0, P0, 1597 MHz, 14001 MHz, 28.93 W, [N/A], 175.00 W, 60, 15251 MiB, 0 %, 5, 8
2026/09/21 01:19:44.153, 0, P0, 1597 MHz, 14001 MHz, 28.93 W, [N/A], 175.00 W, 60, 15251 MiB, 0 %, 5, 8
2026/09/21 01:19:44.404, 0, P0, 1590 MHz, 14001 MHz, 28.96 W, [N/A], 175.00 W, 60, 15229 MiB, 4 %, 5, 8
2026/09/21 01:19:44.655, 0, P0, 1590 MHz, 14001 MHz, 28.96 W, [N/A], 175.00 W, 60, 15229 MiB, 4 %, 5, 8
2026/09/21 01:19:44.906, 0, P0, 1597 MHz, 14001 MHz, 28.97 W, [N/A], 175.00 W, 60, 15197 MiB, 0 %, 5, 8
2026/09/21 01:19:45.157, 0, P0, 1597 MHz, 14001 MHz, 28.97 W, [N/A], 175.00 W, 60, 15197 MiB, 0 %, 5, 8
2026/09/21 01:19:45.408, 0, P0, 1597 MHz, 14001 MHz, 28.97 W, [N/A], 175.00 W, 60, 15175 MiB, 0 %, 5, 8
2026/09/21 01:19:45.659, 0, P0, 1597 MHz, 14001 MHz, 28.97 W, [N/A], 175.00 W, 60, 15175 MiB, 0 %, 5, 8
2026/09/21 01:19:45.910, 0, P0, 1590 MHz, 14001 MHz, 28.98 W, [N/A], 175.00 W, 60, 15175 MiB, 0 %, 5, 8
2026/09/21 01:19:46.161, 0, P0, 1590 MHz, 14001 MHz, 28.98 W, [N/A], 175.00 W, 60, 15143 MiB, 0 %, 5, 8
2026/09/21 01:19:46.412, 0, P0, 1597 MHz, 14001 MHz, 28.98 W, [N/A], 175.00 W, 60, 15121 MiB, 0 %, 5, 8
2026/09/21 01:19:46.663, 0, P0, 1597 MHz, 14001 MHz, 28.98 W, [N/A], 175.00 W, 60, 15121 MiB, 0 %, 5, 8
2026/09/21 01:19:46.914, 0, P0, 1590 MHz, 14001 MHz, 28.96 W, [N/A], 175.00 W, 60, 15121 MiB, 0 %, 5, 8
2026/09/21 01:19:47.165, 0, P0, 1590 MHz, 14001 MHz, 28.96 W, [N/A], 175.00 W, 60, 15089 MiB, 0 %, 5, 8
2026/09/21 01:19:47.416, 0, P0, 1597 MHz, 14001 MHz, 28.97 W, [N/A], 175.00 W, 60, 15089 MiB, 0 %, 5, 8
2026/09/21 01:19:47.667, 0, P0, 1597 MHz, 14001 MHz, 28.97 W, [N/A], 175.00 W, 60, 15067 MiB, 0 %, 5, 8
2026/09/21 01:19:47.918, 0, P0, 1590 MHz, 14001 MHz, 28.97 W, [N/A], 175.00 W, 60, 15067 MiB, 0 %, 5, 8
2026/09/21 01:19:48.169, 0, P0, 1590 MHz, 14001 MHz, 28.97 W, [N/A], 175.00 W, 60, 15035 MiB, 0 %, 5, 8
2026/09/21 01:19:48.420, 0, P0, 1590 MHz, 14001 MHz, 28.98 W, [N/A], 175.00 W, 60, 15035 MiB, 0 %, 5, 8
2026/09/21 01:19:48.671, 0, P0, 1590 MHz, 14001 MHz, 28.98 W, [N/A], 175.00 W, 60, 15013 MiB, 0 %, 5, 8
2026/09/21 01:19:48.922, 0, P0, 1590 MHz, 14001 MHz, 28.97 W, [N/A], 175.00 W, 60, 15013 MiB, 0 %, 5, 8
2026/09/21 01:19:49.173, 0, P0, 1590 MHz, 14001 MHz, 28.97 W, [N/A], 175.00 W, 60, 15013 MiB, 0 %, 5, 8
2026/09/21 01:19:49.424, 0, P0, 1597 MHz, 14001 MHz, 28.98 W, [N/A], 175.00 W, 60, 14981 MiB, 3 %, 5, 8
2026/09/21 01:19:49.675, 0, P0, 1597 MHz, 14001 MHz, 28.98 W, [N/A], 175.00 W, 60, 14959 MiB, 3 %, 5, 8
2026/09/21 01:19:49.926, 0, P0, 1590 MHz, 14001 MHz, 28.99 W, [N/A], 175.00 W, 60, 14959 MiB, 3 %, 5, 8
2026/09/21 01:19:50.177, 0, P0, 1590 MHz, 14001 MHz, 28.99 W, [N/A], 175.00 W, 60, 14959 MiB, 3 %, 5, 8
2026/09/21 01:19:50.428, 0, P0, 1590 MHz, 14001 MHz, 28.99 W, [N/A], 175.00 W, 60, 14927 MiB, 0 %, 5, 8
2026/09/21 01:19:50.679, 0, P0, 1590 MHz, 14001 MHz, 28.99 W, [N/A], 175.00 W, 60, 14927 MiB, 0 %, 5, 8
2026/09/21 01:19:50.930, 0, P0, 1590 MHz, 14001 MHz, 28.98 W, [N/A], 175.00 W, 60, 14905 MiB, 0 %, 5, 8
2026/09/21 01:19:51.181, 0, P0, 1590 MHz, 14001 MHz, 28.98 W, [N/A], 175.00 W, 60, 14905 MiB, 0 %, 5, 8
2026/09/21 01:19:51.432, 0, P0, 1590 MHz, 14001 MHz, 28.97 W, [N/A], 175.00 W, 60, 14873 MiB, 0 %, 5, 8
2026/09/21 01:19:51.683, 0, P0, 1590 MHz, 14001 MHz, 28.97 W, [N/A], 175.00 W, 60, 14873 MiB, 0 %, 5, 8
2026/09/21 01:19:51.934, 0, P0, 1590 MHz, 14001 MHz, 28.93 W, [N/A], 175.00 W, 60, 14851 MiB, 0 %, 5, 8
2026/09/21 01:19:52.185, 0, P0, 1590 MHz, 14001 MHz, 28.93 W, [N/A], 175.00 W, 60, 14851 MiB, 0 %, 5, 8
2026/09/21 01:19:52.436, 0, P0, 1590 MHz, 14001 MHz, 28.95 W, [N/A], 175.00 W, 60, 14851 MiB, 0 %, 5, 8
2026/09/21 01:19:52.687, 0, P0, 1590 MHz, 14001 MHz, 28.95 W, [N/A], 175.00 W, 60, 14821 MiB, 0 %, 5, 8
2026/09/21 01:19:52.938, 0, P0, 1590 MHz, 14001 MHz, 28.97 W, [N/A], 175.00 W, 60, 14799 MiB, 0 %, 5, 8
2026/09/21 01:19:53.189, 0, P0, 1590 MHz, 14001 MHz, 28.97 W, [N/A], 175.00 W, 60, 14799 MiB, 0 %, 5, 8
2026/09/21 01:19:53.440, 0, P0, 1590 MHz, 14001 MHz, 28.94 W, [N/A], 175.00 W, 60, 14799 MiB, 0 %, 5, 8
2026/09/21 01:19:53.691, 0, P0, 1590 MHz, 14001 MHz, 28.94 W, [N/A], 175.00 W, 60, 14767 MiB, 0 %, 5, 8
2026/09/21 01:19:53.942, 0, P0, 1590 MHz, 14001 MHz, 28.94 W, [N/A], 175.00 W, 60, 14767 MiB, 0 %, 5, 8
2026/09/21 01:19:54.193, 0, P0, 1590 MHz, 14001 MHz, 28.94 W, [N/A], 175.00 W, 60, 14745 MiB, 0 %, 5, 8
2026/09/21 01:19:54.444, 0, P0, 1597 MHz, 14001 MHz, 28.97 W, [N/A], 175.00 W, 60, 14777 MiB, 0 %, 5, 8
2026/09/21 01:19:54.695, 0, P0, 1597 MHz, 14001 MHz, 28.97 W, [N/A], 175.00 W, 60, 14777 MiB, 0 %, 5, 8
2026/09/21 01:19:54.946, 0, P0, 1597 MHz, 14001 MHz, 28.97 W, [N/A], 175.00 W, 60, 14799 MiB, 2 %, 5, 8
2026/09/21 01:19:55.197, 0, P0, 1597 MHz, 14001 MHz, 28.97 W, [N/A], 175.00 W, 60, 14799 MiB, 2 %, 5, 8
2026/09/21 01:19:55.448, 0, P0, 1590 MHz, 14001 MHz, 28.97 W, [N/A], 175.00 W, 60, 14831 MiB, 0 %, 5, 8
2026/09/21 01:19:55.699, 0, P0, 1590 MHz, 14001 MHz, 28.97 W, [N/A], 175.00 W, 60, 14831 MiB, 0 %, 5, 8
2026/09/21 01:19:55.950, 0, P0, 1590 MHz, 14001 MHz, 28.93 W, [N/A], 175.00 W, 60, 14831 MiB, 0 %, 5, 8
2026/09/21 01:19:56.201, 0, P0, 1590 MHz, 14001 MHz, 28.93 W, [N/A], 175.00 W, 60, 14853 MiB, 0 %, 5, 8
2026/09/21 01:19:56.452, 0, P0, 1590 MHz, 14001 MHz, 28.92 W, [N/A], 175.00 W, 60, 14853 MiB, 1 %, 5, 8
2026/09/21 01:19:56.703, 0, P0, 1590 MHz, 14001 MHz, 28.92 W, [N/A], 175.00 W, 60, 14885 MiB, 1 %, 5, 8
2026/09/21 01:19:56.954, 0, P0, 1590 MHz, 14001 MHz, 28.90 W, [N/A], 175.00 W, 60, 14885 MiB, 0 %, 5, 8
2026/09/21 01:19:57.205, 0, P0, 1590 MHz, 14001 MHz, 28.90 W, [N/A], 175.00 W, 60, 14907 MiB, 0 %, 5, 8
2026/09/21 01:19:57.456, 0, P0, 1590 MHz, 14001 MHz, 28.89 W, [N/A], 175.00 W, 60, 14907 MiB, 0 %, 5, 8
2026/09/21 01:19:57.707, 0, P0, 1590 MHz, 14001 MHz, 28.89 W, [N/A], 175.00 W, 60, 14939 MiB, 0 %, 5, 8
2026/09/21 01:19:57.958, 0, P0, 1590 MHz, 14001 MHz, 28.92 W, [N/A], 175.00 W, 60, 14939 MiB, 0 %, 5, 8
2026/09/21 01:19:58.209, 0, P0, 1590 MHz, 14001 MHz, 28.92 W, [N/A], 175.00 W, 60, 14961 MiB, 0 %, 5, 8
2026/09/21 01:19:58.460, 0, P0, 1590 MHz, 14001 MHz, 28.95 W, [N/A], 175.00 W, 60, 14961 MiB, 1 %, 5, 8
2026/09/21 01:19:58.711, 0, P0, 1590 MHz, 14001 MHz, 28.95 W, [N/A], 175.00 W, 60, 14993 MiB, 1 %, 5, 8
2026/09/21 01:19:58.962, 0, P0, 1590 MHz, 14001 MHz, 28.96 W, [N/A], 175.00 W, 60, 14993 MiB, 1 %, 5, 8
2026/09/21 01:19:59.213, 0, P0, 1590 MHz, 14001 MHz, 28.96 W, [N/A], 175.00 W, 60, 14993 MiB, 1 %, 5, 8
2026/09/21 01:19:59.464, 0, P0, 1590 MHz, 14001 MHz, 28.97 W, [N/A], 175.00 W, 60, 15015 MiB, 1 %, 5, 8
2026/09/21 01:19:59.715, 0, P0, 1590 MHz, 14001 MHz, 28.97 W, [N/A], 175.00 W, 60, 15015 MiB, 1 %, 5, 8
2026/09/21 01:19:59.966, 0, P0, 1590 MHz, 14001 MHz, 28.89 W, [N/A], 175.00 W, 60, 15047 MiB, 0 %, 5, 8
2026/09/21 01:20:00.217, 0, P0, 1590 MHz, 14001 MHz, 28.89 W, [N/A], 175.00 W, 60, 15047 MiB, 0 %, 5, 8
2026/09/21 01:20:00.468, 0, P0, 1590 MHz, 14001 MHz, 28.85 W, [N/A], 175.00 W, 60, 15069 MiB, 0 %, 5, 8
2026/09/21 01:20:00.719, 0, P0, 1590 MHz, 14001 MHz, 28.85 W, [N/A], 175.00 W, 60, 15069 MiB, 0 %, 5, 8
2026/09/21 01:20:00.970, 0, P0, 1590 MHz, 14001 MHz, 28.87 W, [N/A], 175.00 W, 60, 15101 MiB, 0 %, 5, 8
2026/09/21 01:20:01.221, 0, P0, 1590 MHz, 14001 MHz, 28.87 W, [N/A], 175.00 W, 60, 15101 MiB, 0 %, 5, 8
2026/09/21 01:20:01.472, 0, P0, 1590 MHz, 14001 MHz, 28.81 W, [N/A], 175.00 W, 60, 15123 MiB, 0 %, 5, 8
2026/09/21 01:20:01.723, 0, P0, 1590 MHz, 14001 MHz, 28.81 W, [N/A], 175.00 W, 60, 15123 MiB, 0 %, 5, 8
2026/09/21 01:20:01.974, 0, P0, 1590 MHz, 14001 MHz, 28.77 W, [N/A], 175.00 W, 60, 15155 MiB, 0 %, 5, 8
2026/09/21 01:20:02.225, 0, P0, 1590 MHz, 14001 MHz, 28.77 W, [N/A], 175.00 W, 60, 15155 MiB, 0 %, 5, 8
2026/09/21 01:20:02.477, 0, P0, 1590 MHz, 14001 MHz, 28.76 W, [N/A], 175.00 W, 60, 15177 MiB, 2 %, 5, 8
2026/09/21 01:20:02.728, 0, P0, 1590 MHz, 14001 MHz, 28.76 W, [N/A], 175.00 W, 60, 15177 MiB, 2 %, 5, 8
2026/09/21 01:20:02.979, 0, P0, 1590 MHz, 14001 MHz, 28.75 W, [N/A], 175.00 W, 60, 15209 MiB, 1 %, 5, 8
2026/09/21 01:20:03.230, 0, P0, 1590 MHz, 14001 MHz, 28.75 W, [N/A], 175.00 W, 60, 15209 MiB, 1 %, 5, 8
2026/09/21 01:20:03.481, 0, P0, 1590 MHz, 14001 MHz, 28.78 W, [N/A], 175.00 W, 60, 15209 MiB, 0 %, 5, 8
2026/09/21 01:20:03.732, 0, P0, 1590 MHz, 14001 MHz, 28.78 W, [N/A], 175.00 W, 60, 15231 MiB, 0 %, 5, 8
2026/09/21 01:20:03.983, 0, P0, 1590 MHz, 14001 MHz, 28.79 W, [N/A], 175.00 W, 60, 15231 MiB, 2 %, 5, 8
2026/09/21 01:20:04.234, 0, P0, 1590 MHz, 14001 MHz, 28.79 W, [N/A], 175.00 W, 60, 15263 MiB, 2 %, 5, 8
2026/09/21 01:20:04.485, 0, P0, 1590 MHz, 14001 MHz, 28.77 W, [N/A], 175.00 W, 59, 15263 MiB, 0 %, 5, 8
2026/09/21 01:20:04.736, 0, P0, 1590 MHz, 14001 MHz, 28.77 W, [N/A], 175.00 W, 59, 15285 MiB, 0 %, 5, 8
2026/09/21 01:20:04.987, 0, P0, 1590 MHz, 14001 MHz, 28.75 W, [N/A], 175.00 W, 60, 15285 MiB, 0 %, 5, 8
2026/09/21 01:20:05.238, 0, P0, 1590 MHz, 14001 MHz, 28.75 W, [N/A], 175.00 W, 60, 15317 MiB, 0 %, 5, 8
2026/09/21 01:20:05.489, 0, P0, 1590 MHz, 14001 MHz, 28.74 W, [N/A], 175.00 W, 59, 15317 MiB, 0 %, 5, 8
2026/09/21 01:20:05.740, 0, P0, 1590 MHz, 14001 MHz, 28.74 W, [N/A], 175.00 W, 59, 15339 MiB, 0 %, 5, 8
2026/09/21 01:20:05.991, 0, P0, 1590 MHz, 14001 MHz, 28.76 W, [N/A], 175.00 W, 59, 15339 MiB, 1 %, 5, 8
2026/09/21 01:20:06.242, 0, P0, 1590 MHz, 14001 MHz, 28.76 W, [N/A], 175.00 W, 59, 15371 MiB, 1 %, 5, 8
2026/09/21 01:20:06.493, 0, P0, 1590 MHz, 14001 MHz, 28.79 W, [N/A], 175.00 W, 59, 15371 MiB, 1 %, 5, 8
2026/09/21 01:20:06.744, 0, P0, 1590 MHz, 14001 MHz, 28.79 W, [N/A], 175.00 W, 59, 15393 MiB, 1 %, 5, 8
2026/09/21 01:20:06.995, 0, P0, 1590 MHz, 14001 MHz, 28.79 W, [N/A], 175.00 W, 59, 15393 MiB, 1 %, 5, 8
2026/09/21 01:20:07.246, 0, P0, 1590 MHz, 14001 MHz, 28.79 W, [N/A], 175.00 W, 59, 15393 MiB, 1 %, 5, 8
2026/09/21 01:20:07.497, 0, P0, 1590 MHz, 14001 MHz, 28.74 W, [N/A], 175.00 W, 59, 15425 MiB, 0 %, 5, 8
2026/09/21 01:20:07.748, 0, P0, 1590 MHz, 14001 MHz, 28.74 W, [N/A], 175.00 W, 59, 15425 MiB, 0 %, 5, 8
2026/09/21 01:20:07.999, 0, P0, 1590 MHz, 14001 MHz, 28.71 W, [N/A], 175.00 W, 59, 15447 MiB, 0 %, 5, 8
2026/09/21 01:20:08.250, 0, P0, 1590 MHz, 14001 MHz, 28.71 W, [N/A], 175.00 W, 59, 15447 MiB, 0 %, 5, 8
2026/09/21 01:20:08.501, 0, P0, 1590 MHz, 14001 MHz, 28.71 W, [N/A], 175.00 W, 59, 15479 MiB, 0 %, 5, 8
2026/09/21 01:20:08.752, 0, P0, 1590 MHz, 14001 MHz, 28.71 W, [N/A], 175.00 W, 59, 15479 MiB, 0 %, 5, 8
2026/09/21 01:20:09.003, 0, P0, 1590 MHz, 14001 MHz, 28.71 W, [N/A], 175.00 W, 59, 15501 MiB, 0 %, 5, 8
2026/09/21 01:20:09.254, 0, P0, 1590 MHz, 14001 MHz, 28.71 W, [N/A], 175.00 W, 59, 15501 MiB, 0 %, 5, 8
2026/09/21 01:20:09.505, 0, P0, 1590 MHz, 14001 MHz, 28.71 W, [N/A], 175.00 W, 59, 15533 MiB, 0 %, 5, 8
2026/09/21 01:20:09.756, 0, P0, 1590 MHz, 14001 MHz, 28.71 W, [N/A], 175.00 W, 59, 15533 MiB, 0 %, 5, 8
2026/09/21 01:20:10.007, 0, P0, 1590 MHz, 14001 MHz, 28.69 W, [N/A], 175.00 W, 59, 15555 MiB, 2 %, 5, 8
2026/09/21 01:20:10.258, 0, P0, 1590 MHz, 14001 MHz, 28.69 W, [N/A], 175.00 W, 59, 15555 MiB, 2 %, 5, 8
2026/09/21 01:20:10.509, 0, P0, 1590 MHz, 14001 MHz, 28.67 W, [N/A], 175.00 W, 59, 15587 MiB, 2 %, 5, 8
2026/09/21 01:20:10.760, 0, P0, 1590 MHz, 14001 MHz, 28.67 W, [N/A], 175.00 W, 59, 15587 MiB, 2 %, 5, 8
2026/09/21 01:20:11.011, 0, P0, 1590 MHz, 14001 MHz, 28.67 W, [N/A], 175.00 W, 59, 15587 MiB, 0 %, 5, 8
2026/09/21 01:20:11.262, 0, P0, 1590 MHz, 14001 MHz, 28.67 W, [N/A], 175.00 W, 59, 15607 MiB, 0 %, 5, 8
2026/09/21 01:20:11.513, 0, P0, 1590 MHz, 14001 MHz, 28.65 W, [N/A], 175.00 W, 59, 15607 MiB, 1 %, 5, 8
2026/09/21 01:20:11.764, 0, P0, 1590 MHz, 14001 MHz, 28.65 W, [N/A], 175.00 W, 59, 15607 MiB, 1 %, 5, 8
2026/09/21 01:20:12.015, 0, P0, 1590 MHz, 14001 MHz, 29.00 W, [N/A], 175.00 W, 59, 15607 MiB, 10 %, 5, 8
2026/09/21 01:20:12.266, 0, P0, 1590 MHz, 14001 MHz, 29.00 W, [N/A], 175.00 W, 59, 15607 MiB, 10 %, 5, 8
2026/09/21 01:20:12.517, 0, P0, 1590 MHz, 14001 MHz, 29.02 W, [N/A], 175.00 W, 59, 15575 MiB, 0 %, 5, 8
2026/09/21 01:20:12.768, 0, P0, 1590 MHz, 14001 MHz, 29.02 W, [N/A], 175.00 W, 59, 15575 MiB, 0 %, 5, 8
2026/09/21 01:20:13.019, 0, P0, 1590 MHz, 14001 MHz, 28.77 W, [N/A], 175.00 W, 59, 15553 MiB, 0 %, 5, 8
2026/09/21 01:20:13.270, 0, P0, 1590 MHz, 14001 MHz, 28.77 W, [N/A], 175.00 W, 59, 15553 MiB, 0 %, 5, 8
2026/09/21 01:20:13.521, 0, P0, 1590 MHz, 14001 MHz, 28.66 W, [N/A], 175.00 W, 59, 15521 MiB, 0 %, 5, 8
2026/09/21 01:20:13.772, 0, P0, 1590 MHz, 14001 MHz, 28.66 W, [N/A], 175.00 W, 59, 15521 MiB, 0 %, 5, 8
2026/09/21 01:20:14.023, 0, P0, 1590 MHz, 14001 MHz, 28.63 W, [N/A], 175.00 W, 59, 15499 MiB, 0 %, 5, 8
2026/09/21 01:20:14.274, 0, P0, 1590 MHz, 14001 MHz, 28.63 W, [N/A], 175.00 W, 59, 15499 MiB, 0 %, 5, 8
2026/09/21 01:20:14.525, 0, P0, 1590 MHz, 14001 MHz, 28.63 W, [N/A], 175.00 W, 59, 15499 MiB, 0 %, 5, 8
2026/09/21 01:20:14.776, 0, P0, 1590 MHz, 14001 MHz, 28.63 W, [N/A], 175.00 W, 59, 15467 MiB, 0 %, 5, 8
2026/09/21 01:20:15.027, 0, P0, 1590 MHz, 14001 MHz, 28.64 W, [N/A], 175.00 W, 59, 15467 MiB, 0 %, 5, 8
2026/09/21 01:20:15.278, 0, P0, 1590 MHz, 14001 MHz, 28.64 W, [N/A], 175.00 W, 59, 15445 MiB, 0 %, 5, 8
2026/09/21 01:20:15.533, 0, P0, 1590 MHz, 14001 MHz, 28.67 W, [N/A], 175.00 W, 59, 15445 MiB, 0 %, 5, 8
2026/09/21 01:20:15.784, 0, P0, 1590 MHz, 14001 MHz, 28.67 W, [N/A], 175.00 W, 59, 15413 MiB, 3 %, 5, 8
2026/09/21 01:20:16.035, 0, P0, 1590 MHz, 14001 MHz, 28.67 W, [N/A], 175.00 W, 59, 15413 MiB, 3 %, 5, 8
2026/09/21 01:20:16.286, 0, P0, 1590 MHz, 14001 MHz, 28.68 W, [N/A], 175.00 W, 59, 15391 MiB, 2 %, 5, 8
2026/09/21 01:20:16.537, 0, P0, 1590 MHz, 14001 MHz, 28.68 W, [N/A], 175.00 W, 59, 15391 MiB, 2 %, 5, 8
2026/09/21 01:20:16.787, 0, P0, 1590 MHz, 14001 MHz, 28.65 W, [N/A], 175.00 W, 59, 15359 MiB, 0 %, 5, 8
2026/09/21 01:20:17.038, 0, P0, 1590 MHz, 14001 MHz, 28.65 W, [N/A], 175.00 W, 59, 15359 MiB, 0 %, 5, 8
2026/09/21 01:20:17.289, 0, P0, 1590 MHz, 14001 MHz, 28.68 W, [N/A], 175.00 W, 59, 15337 MiB, 3 %, 5, 8
2026/09/21 01:20:17.540, 0, P0, 1590 MHz, 14001 MHz, 28.68 W, [N/A], 175.00 W, 59, 15337 MiB, 3 %, 5, 8
2026/09/21 01:20:17.791, 0, P0, 1590 MHz, 14001 MHz, 28.66 W, [N/A], 175.00 W, 59, 15337 MiB, 0 %, 5, 8
2026/09/21 01:20:18.042, 0, P0, 1590 MHz, 14001 MHz, 28.66 W, [N/A], 175.00 W, 59, 15305 MiB, 0 %, 5, 8
2026/09/21 01:20:18.293, 0, P0, 1590 MHz, 14001 MHz, 28.67 W, [N/A], 175.00 W, 59, 15283 MiB, 0 %, 5, 8
2026/09/21 01:20:18.544, 0, P0, 1590 MHz, 14001 MHz, 28.67 W, [N/A], 175.00 W, 59, 15283 MiB, 0 %, 5, 8
2026/09/21 01:20:18.795, 0, P0, 1590 MHz, 14001 MHz, 28.65 W, [N/A], 175.00 W, 59, 15283 MiB, 0 %, 5, 8
2026/09/21 01:20:19.046, 0, P0, 1590 MHz, 14001 MHz, 28.65 W, [N/A], 175.00 W, 59, 15251 MiB, 0 %, 5, 8
2026/09/21 01:20:19.297, 0, P0, 1590 MHz, 14001 MHz, 28.66 W, [N/A], 175.00 W, 59, 15251 MiB, 0 %, 5, 8
2026/09/21 01:20:19.548, 0, P0, 1590 MHz, 14001 MHz, 28.66 W, [N/A], 175.00 W, 59, 15229 MiB, 0 %, 5, 8
2026/09/21 01:20:19.799, 0, P0, 1590 MHz, 14001 MHz, 28.65 W, [N/A], 175.00 W, 59, 15229 MiB, 0 %, 5, 8
2026/09/21 01:20:20.050, 0, P0, 1590 MHz, 14001 MHz, 28.65 W, [N/A], 175.00 W, 59, 15197 MiB, 0 %, 5, 8
2026/09/21 01:20:20.301, 0, P0, 1590 MHz, 14001 MHz, 28.64 W, [N/A], 175.00 W, 59, 15197 MiB, 0 %, 5, 8
2026/09/21 01:20:20.552, 0, P0, 1590 MHz, 14001 MHz, 28.64 W, [N/A], 175.00 W, 59, 15175 MiB, 0 %, 5, 8
2026/09/21 01:20:20.803, 0, P0, 1590 MHz, 14001 MHz, 28.64 W, [N/A], 175.00 W, 59, 15175 MiB, 0 %, 5, 8
2026/09/21 01:20:21.054, 0, P0, 1590 MHz, 14001 MHz, 28.64 W, [N/A], 175.00 W, 59, 15175 MiB, 0 %, 5, 8
2026/09/21 01:20:21.305, 0, P0, 1590 MHz, 14001 MHz, 28.62 W, [N/A], 175.00 W, 59, 15143 MiB, 0 %, 5, 8
2026/09/21 01:20:21.556, 0, P0, 1590 MHz, 14001 MHz, 28.62 W, [N/A], 175.00 W, 59, 15121 MiB, 0 %, 5, 8
2026/09/21 01:20:21.807, 0, P0, 1590 MHz, 14001 MHz, 28.61 W, [N/A], 175.00 W, 59, 15121 MiB, 0 %, 5, 8
2026/09/21 01:20:22.058, 0, P0, 1590 MHz, 14001 MHz, 28.61 W, [N/A], 175.00 W, 59, 15121 MiB, 0 %, 5, 8
2026/09/21 01:20:22.309, 0, P0, 1590 MHz, 14001 MHz, 28.61 W, [N/A], 175.00 W, 59, 15089 MiB, 3 %, 5, 8
2026/09/21 01:20:22.560, 0, P0, 1590 MHz, 14001 MHz, 28.61 W, [N/A], 175.00 W, 59, 15089 MiB, 3 %, 5, 8
2026/09/21 01:20:22.810, 0, P0, 1590 MHz, 14001 MHz, 28.61 W, [N/A], 175.00 W, 59, 15067 MiB, 0 %, 5, 8
2026/09/21 01:20:23.061, 0, P0, 1590 MHz, 14001 MHz, 28.61 W, [N/A], 175.00 W, 59, 15067 MiB, 0 %, 5, 8
2026/09/21 01:20:23.312, 0, P0, 1590 MHz, 14001 MHz, 28.61 W, [N/A], 175.00 W, 59, 15035 MiB, 0 %, 5, 8
2026/09/21 01:20:23.563, 0, P0, 1590 MHz, 14001 MHz, 28.61 W, [N/A], 175.00 W, 59, 15035 MiB, 0 %, 5, 8
2026/09/21 01:20:23.814, 0, P0, 1590 MHz, 14001 MHz, 28.68 W, [N/A], 175.00 W, 59, 15013 MiB, 3 %, 5, 8
2026/09/21 01:20:24.065, 0, P0, 1590 MHz, 14001 MHz, 28.68 W, [N/A], 175.00 W, 59, 15013 MiB, 3 %, 5, 8
2026/09/21 01:20:24.316, 0, P0, 1590 MHz, 14001 MHz, 28.68 W, [N/A], 175.00 W, 59, 15013 MiB, 0 %, 5, 8
2026/09/21 01:20:24.567, 0, P0, 1590 MHz, 14001 MHz, 28.68 W, [N/A], 175.00 W, 59, 14981 MiB, 0 %, 5, 8
2026/09/21 01:20:24.818, 0, P0, 1590 MHz, 14001 MHz, 28.62 W, [N/A], 175.00 W, 59, 14959 MiB, 0 %, 5, 8
2026/09/21 01:20:25.069, 0, P0, 1590 MHz, 14001 MHz, 28.62 W, [N/A], 175.00 W, 59, 14959 MiB, 0 %, 5, 8
2026/09/21 01:20:25.320, 0, P0, 1590 MHz, 14001 MHz, 28.62 W, [N/A], 175.00 W, 59, 14959 MiB, 0 %, 5, 8
2026/09/21 01:20:25.571, 0, P0, 1590 MHz, 14001 MHz, 28.62 W, [N/A], 175.00 W, 59, 14927 MiB, 0 %, 5, 8
2026/09/21 01:20:25.822, 0, P0, 1590 MHz, 14001 MHz, 28.66 W, [N/A], 175.00 W, 59, 14927 MiB, 0 %, 5, 8
2026/09/21 01:20:26.073, 0, P0, 1590 MHz, 14001 MHz, 28.66 W, [N/A], 175.00 W, 59, 14905 MiB, 0 %, 5, 8
2026/09/21 01:20:26.324, 0, P0, 1590 MHz, 14001 MHz, 28.67 W, [N/A], 175.00 W, 59, 14905 MiB, 0 %, 5, 8
2026/09/21 01:20:26.575, 0, P0, 1590 MHz, 14001 MHz, 28.67 W, [N/A], 175.00 W, 59, 14873 MiB, 0 %, 5, 8
2026/09/21 01:20:26.826, 0, P0, 1590 MHz, 14001 MHz, 28.62 W, [N/A], 175.00 W, 59, 14873 MiB, 0 %, 5, 8
2026/09/21 01:20:27.077, 0, P0, 1590 MHz, 14001 MHz, 28.62 W, [N/A], 175.00 W, 59, 14851 MiB, 0 %, 5, 8
2026/09/21 01:20:27.328, 0, P0, 1590 MHz, 14001 MHz, 28.62 W, [N/A], 175.00 W, 59, 14851 MiB, 0 %, 5, 8
2026/09/21 01:20:27.579, 0, P0, 1590 MHz, 14001 MHz, 28.62 W, [N/A], 175.00 W, 59, 14851 MiB, 0 %, 5, 8
2026/09/21 01:20:27.830, 0, P0, 1590 MHz, 14001 MHz, 28.61 W, [N/A], 175.00 W, 59, 14821 MiB, 0 %, 5, 8
2026/09/21 01:20:28.081, 0, P0, 1590 MHz, 14001 MHz, 28.61 W, [N/A], 175.00 W, 59, 14799 MiB, 0 %, 5, 8
2026/09/21 01:20:28.333, 0, P0, 1590 MHz, 14001 MHz, 28.62 W, [N/A], 175.00 W, 59, 14799 MiB, 0 %, 5, 8
2026/09/21 01:20:28.584, 0, P0, 1590 MHz, 14001 MHz, 28.62 W, [N/A], 175.00 W, 59, 14799 MiB, 0 %, 5, 8
2026/09/21 01:20:28.835, 0, P0, 1590 MHz, 14001 MHz, 28.63 W, [N/A], 175.00 W, 59, 14767 MiB, 3 %, 5, 8
2026/09/21 01:20:29.086, 0, P0, 1590 MHz, 14001 MHz, 28.63 W, [N/A], 175.00 W, 59, 14767 MiB, 3 %, 5, 8
2026/09/21 01:20:29.337, 0, P0, 1590 MHz, 14001 MHz, 28.59 W, [N/A], 175.00 W, 59, 14745 MiB, 0 %, 5, 8
2026/09/21 01:20:29.588, 0, P0, 1590 MHz, 14001 MHz, 28.59 W, [N/A], 175.00 W, 59, 14777 MiB, 0 %, 5, 8
2026/09/21 01:20:29.839, 0, P0, 1590 MHz, 14001 MHz, 28.58 W, [N/A], 175.00 W, 59, 14777 MiB, 0 %, 5, 8
2026/09/21 01:20:30.090, 0, P0, 1590 MHz, 14001 MHz, 28.58 W, [N/A], 175.00 W, 59, 14799 MiB, 0 %, 5, 8
2026/09/21 01:20:30.341, 0, P0, 1590 MHz, 14001 MHz, 28.52 W, [N/A], 175.00 W, 58, 14799 MiB, 1 %, 5, 8
2026/09/21 01:20:30.592, 0, P0, 1590 MHz, 14001 MHz, 28.52 W, [N/A], 175.00 W, 58, 14831 MiB, 1 %, 5, 8
2026/09/21 01:20:30.843, 0, P0, 1590 MHz, 14001 MHz, 28.50 W, [N/A], 175.00 W, 58, 14831 MiB, 0 %, 5, 8
2026/09/21 01:20:31.094, 0, P0, 1590 MHz, 14001 MHz, 28.50 W, [N/A], 175.00 W, 58, 14831 MiB, 0 %, 5, 8
2026/09/21 01:20:31.345, 0, P0, 1590 MHz, 14001 MHz, 28.54 W, [N/A], 175.00 W, 58, 14853 MiB, 0 %, 5, 8
2026/09/21 01:20:31.596, 0, P0, 1590 MHz, 14001 MHz, 28.54 W, [N/A], 175.00 W, 58, 14853 MiB, 0 %, 5, 8
2026/09/21 01:20:31.847, 0, P0, 1590 MHz, 14001 MHz, 28.56 W, [N/A], 175.00 W, 58, 14885 MiB, 1 %, 5, 8
2026/09/21 01:20:32.098, 0, P0, 1590 MHz, 14001 MHz, 28.56 W, [N/A], 175.00 W, 58, 14885 MiB, 1 %, 5, 8
2026/09/21 01:20:32.349, 0, P0, 1590 MHz, 14001 MHz, 28.52 W, [N/A], 175.00 W, 58, 14907 MiB, 1 %, 5, 8
2026/09/21 01:20:32.600, 0, P0, 1590 MHz, 14001 MHz, 28.52 W, [N/A], 175.00 W, 58, 14907 MiB, 1 %, 5, 8
2026/09/21 01:20:32.851, 0, P0, 1590 MHz, 14001 MHz, 28.49 W, [N/A], 175.00 W, 58, 14939 MiB, 1 %, 5, 8
2026/09/21 01:20:33.102, 0, P0, 1590 MHz, 14001 MHz, 28.49 W, [N/A], 175.00 W, 58, 14939 MiB, 1 %, 5, 8
2026/09/21 01:20:33.354, 0, P0, 1590 MHz, 14001 MHz, 28.50 W, [N/A], 175.00 W, 58, 14961 MiB, 0 %, 5, 8
2026/09/21 01:20:33.605, 0, P0, 1590 MHz, 14001 MHz, 28.50 W, [N/A], 175.00 W, 58, 14961 MiB, 0 %, 5, 8
2026/09/21 01:20:33.856, 0, P0, 1590 MHz, 14001 MHz, 28.50 W, [N/A], 175.00 W, 58, 14993 MiB, 0 %, 5, 8
2026/09/21 01:20:34.107, 0, P0, 1590 MHz, 14001 MHz, 28.50 W, [N/A], 175.00 W, 58, 14993 MiB, 0 %, 5, 8
2026/09/21 01:20:34.358, 0, P0, 1590 MHz, 14001 MHz, 28.49 W, [N/A], 175.00 W, 58, 14993 MiB, 2 %, 5, 8
2026/09/21 01:20:34.609, 0, P0, 1590 MHz, 14001 MHz, 28.49 W, [N/A], 175.00 W, 58, 15015 MiB, 2 %, 5, 8
2026/09/21 01:20:34.860, 0, P0, 1590 MHz, 14001 MHz, 28.47 W, [N/A], 175.00 W, 58, 15015 MiB, 0 %, 5, 8
2026/09/21 01:20:35.111, 0, P0, 1590 MHz, 14001 MHz, 28.47 W, [N/A], 175.00 W, 58, 15047 MiB, 0 %, 5, 8
2026/09/21 01:20:35.362, 0, P0, 1590 MHz, 14001 MHz, 28.48 W, [N/A], 175.00 W, 58, 15047 MiB, 0 %, 5, 8
2026/09/21 01:20:35.613, 0, P0, 1590 MHz, 14001 MHz, 28.48 W, [N/A], 175.00 W, 58, 15069 MiB, 0 %, 5, 8
2026/09/21 01:20:35.864, 0, P0, 1590 MHz, 14001 MHz, 28.50 W, [N/A], 175.00 W, 58, 15069 MiB, 1 %, 5, 8
2026/09/21 01:20:36.115, 0, P0, 1590 MHz, 14001 MHz, 28.50 W, [N/A], 175.00 W, 58, 15101 MiB, 1 %, 5, 8
2026/09/21 01:20:36.366, 0, P0, 1590 MHz, 14001 MHz, 28.50 W, [N/A], 175.00 W, 58, 15101 MiB, 0 %, 5, 8
2026/09/21 01:20:36.617, 0, P0, 1590 MHz, 14001 MHz, 28.50 W, [N/A], 175.00 W, 58, 15123 MiB, 0 %, 5, 8
2026/09/21 01:20:36.868, 0, P0, 1590 MHz, 14001 MHz, 28.48 W, [N/A], 175.00 W, 58, 15123 MiB, 0 %, 5, 8
2026/09/21 01:20:37.119, 0, P0, 1590 MHz, 14001 MHz, 28.48 W, [N/A], 175.00 W, 58, 15123 MiB, 0 %, 5, 8
2026/09/21 01:20:37.370, 0, P0, 1590 MHz, 14001 MHz, 28.53 W, [N/A], 175.00 W, 58, 15155 MiB, 0 %, 5, 8
2026/09/21 01:20:37.621, 0, P0, 1590 MHz, 14001 MHz, 28.53 W, [N/A], 175.00 W, 58, 15155 MiB, 0 %, 5, 8
2026/09/21 01:20:37.872, 0, P0, 1590 MHz, 14001 MHz, 28.50 W, [N/A], 175.00 W, 58, 15177 MiB, 1 %, 5, 8
2026/09/21 01:20:38.123, 0, P0, 1590 MHz, 14001 MHz, 28.50 W, [N/A], 175.00 W, 58, 15177 MiB, 1 %, 5, 8
2026/09/21 01:20:38.374, 0, P0, 1590 MHz, 14001 MHz, 28.47 W, [N/A], 175.00 W, 58, 15209 MiB, 1 %, 5, 8
2026/09/21 01:20:38.625, 0, P0, 1590 MHz, 14001 MHz, 28.47 W, [N/A], 175.00 W, 58, 15209 MiB, 1 %, 5, 8
2026/09/21 01:20:38.876, 0, P0, 1590 MHz, 14001 MHz, 28.47 W, [N/A], 175.00 W, 58, 15231 MiB, 1 %, 5, 8
2026/09/21 01:20:39.127, 0, P0, 1590 MHz, 14001 MHz, 28.47 W, [N/A], 175.00 W, 58, 15231 MiB, 1 %, 5, 8
2026/09/21 01:20:39.378, 0, P0, 1590 MHz, 14001 MHz, 28.47 W, [N/A], 175.00 W, 58, 15263 MiB, 0 %, 5, 8
2026/09/21 01:20:39.629, 0, P0, 1590 MHz, 14001 MHz, 28.47 W, [N/A], 175.00 W, 58, 15263 MiB, 0 %, 5, 8
2026/09/21 01:20:39.880, 0, P0, 1590 MHz, 14001 MHz, 28.51 W, [N/A], 175.00 W, 58, 15285 MiB, 0 %, 5, 8
2026/09/21 01:20:40.131, 0, P0, 1590 MHz, 14001 MHz, 28.51 W, [N/A], 175.00 W, 58, 15285 MiB, 0 %, 5, 8
2026/09/21 01:20:40.382, 0, P0, 1590 MHz, 14001 MHz, 28.54 W, [N/A], 175.00 W, 58, 15317 MiB, 0 %, 5, 8
2026/09/21 01:20:40.633, 0, P0, 1590 MHz, 14001 MHz, 28.54 W, [N/A], 175.00 W, 58, 15317 MiB, 0 %, 5, 8
2026/09/21 01:20:40.884, 0, P0, 1590 MHz, 14001 MHz, 28.53 W, [N/A], 175.00 W, 58, 15317 MiB, 2 %, 5, 8
2026/09/21 01:20:41.135, 0, P0, 1590 MHz, 14001 MHz, 28.53 W, [N/A], 175.00 W, 58, 15339 MiB, 2 %, 5, 8
2026/09/21 01:20:41.386, 0, P0, 1590 MHz, 14001 MHz, 28.51 W, [N/A], 175.00 W, 58, 15339 MiB, 1 %, 5, 8
2026/09/21 01:20:41.637, 0, P0, 1590 MHz, 14001 MHz, 28.51 W, [N/A], 175.00 W, 58, 15371 MiB, 1 %, 5, 8
2026/09/21 01:20:41.888, 0, P0, 1590 MHz, 14001 MHz, 28.50 W, [N/A], 175.00 W, 58, 15371 MiB, 0 %, 5, 8
2026/09/21 01:20:42.139, 0, P0, 1590 MHz, 14001 MHz, 28.50 W, [N/A], 175.00 W, 58, 15393 MiB, 0 %, 5, 8
2026/09/21 01:20:42.390, 0, P0, 1590 MHz, 14001 MHz, 28.49 W, [N/A], 175.00 W, 58, 15393 MiB, 1 %, 5, 8
2026/09/21 01:20:42.641, 0, P0, 1590 MHz, 14001 MHz, 28.49 W, [N/A], 175.00 W, 58, 15425 MiB, 1 %, 5, 8
2026/09/21 01:20:42.892, 0, P0, 1590 MHz, 14001 MHz, 28.47 W, [N/A], 175.00 W, 58, 15425 MiB, 0 %, 5, 8
2026/09/21 01:20:43.143, 0, P0, 1590 MHz, 14001 MHz, 28.47 W, [N/A], 175.00 W, 58, 15447 MiB, 0 %, 5, 8
2026/09/21 01:20:43.394, 0, P0, 1590 MHz, 14001 MHz, 28.45 W, [N/A], 175.00 W, 58, 15447 MiB, 0 %, 5, 8
2026/09/21 01:20:43.645, 0, P0, 1590 MHz, 14001 MHz, 28.45 W, [N/A], 175.00 W, 58, 15479 MiB, 0 %, 5, 8
2026/09/21 01:20:43.896, 0, P0, 1590 MHz, 14001 MHz, 28.47 W, [N/A], 175.00 W, 58, 15479 MiB, 0 %, 5, 8
2026/09/21 01:20:44.147, 0, P0, 1590 MHz, 14001 MHz, 28.47 W, [N/A], 175.00 W, 58, 15479 MiB, 0 %, 5, 8
2026/09/21 01:20:44.398, 0, P0, 1590 MHz, 14001 MHz, 28.48 W, [N/A], 175.00 W, 58, 15501 MiB, 1 %, 5, 8
2026/09/21 01:20:44.649, 0, P0, 1590 MHz, 14001 MHz, 28.48 W, [N/A], 175.00 W, 58, 15501 MiB, 1 %, 5, 8
2026/09/21 01:20:44.900, 0, P0, 1590 MHz, 14001 MHz, 28.46 W, [N/A], 175.00 W, 58, 15533 MiB, 1 %, 5, 8
2026/09/21 01:20:45.151, 0, P0, 1590 MHz, 14001 MHz, 28.46 W, [N/A], 175.00 W, 58, 15533 MiB, 1 %, 5, 8
2026/09/21 01:20:45.402, 0, P0, 1590 MHz, 14001 MHz, 28.47 W, [N/A], 175.00 W, 58, 15555 MiB, 0 %, 5, 8
2026/09/21 01:20:45.653, 0, P0, 1590 MHz, 14001 MHz, 28.47 W, [N/A], 175.00 W, 58, 15555 MiB, 0 %, 5, 8
2026/09/21 01:20:45.904, 0, P0, 1590 MHz, 14001 MHz, 28.45 W, [N/A], 175.00 W, 58, 15587 MiB, 0 %, 5, 8
2026/09/21 01:20:46.155, 0, P0, 1590 MHz, 14001 MHz, 28.45 W, [N/A], 175.00 W, 58, 15587 MiB, 0 %, 5, 8
2026/09/21 01:20:46.406, 0, P0, 1590 MHz, 14001 MHz, 28.43 W, [N/A], 175.00 W, 58, 15609 MiB, 0 %, 5, 8
2026/09/21 01:20:46.657, 0, P0, 1590 MHz, 14001 MHz, 28.43 W, [N/A], 175.00 W, 58, 15607 MiB, 0 %, 5, 8
2026/09/21 01:20:46.909, 0, P0, 1590 MHz, 14001 MHz, 28.54 W, [N/A], 175.00 W, 58, 15607 MiB, 11 %, 5, 8
2026/09/21 01:20:47.160, 0, P0, 1590 MHz, 14001 MHz, 28.54 W, [N/A], 175.00 W, 58, 15607 MiB, 11 %, 5, 8
2026/09/21 01:20:47.412, 0, P0, 1590 MHz, 14001 MHz, 48.90 W, [N/A], 175.00 W, 65, 15607 MiB, 97 %, 5, 8
2026/09/21 01:20:47.664, 0, P0, 1590 MHz, 14001 MHz, 48.90 W, [N/A], 175.00 W, 65, 15607 MiB, 97 %, 5, 8
2026/09/21 01:20:47.916, 0, P0, 2190 MHz, 14001 MHz, 115.99 W, [N/A], 175.00 W, 67, 15607 MiB, 97 %, 5, 8
2026/09/21 01:20:48.168, 0, P0, 2190 MHz, 14001 MHz, 115.99 W, [N/A], 175.00 W, 67, 15607 MiB, 97 %, 5, 8
2026/09/21 01:20:48.420, 0, P0, 1927 MHz, 14001 MHz, 173.67 W, [N/A], 175.00 W, 67, 15607 MiB, 97 %, 5, 8
2026/09/21 01:20:48.672, 0, P0, 1927 MHz, 14001 MHz, 173.67 W, [N/A], 175.00 W, 67, 15607 MiB, 97 %, 5, 8
2026/09/21 01:20:48.924, 0, P0, 2152 MHz, 14001 MHz, 171.11 W, [N/A], 175.00 W, 69, 15607 MiB, 97 %, 5, 8
2026/09/21 01:20:49.176, 0, P0, 2152 MHz, 14001 MHz, 171.11 W, [N/A], 175.00 W, 69, 15607 MiB, 97 %, 5, 8
2026/09/21 01:20:49.428, 0, P0, 1942 MHz, 14001 MHz, 172.05 W, [N/A], 175.00 W, 68, 15607 MiB, 97 %, 5, 8
2026/09/21 01:20:49.680, 0, P0, 1942 MHz, 14001 MHz, 172.05 W, [N/A], 175.00 W, 68, 15607 MiB, 97 %, 5, 8
2026/09/21 01:20:49.932, 0, P0, 2107 MHz, 14001 MHz, 171.65 W, [N/A], 175.00 W, 70, 15607 MiB, 97 %, 5, 8
2026/09/21 01:20:50.184, 0, P0, 2107 MHz, 14001 MHz, 171.65 W, [N/A], 175.00 W, 70, 15607 MiB, 97 %, 5, 8
2026/09/21 01:20:50.444, 0, P0, 1995 MHz, 14001 MHz, 170.15 W, [N/A], 175.00 W, 67, 15607 MiB, 77 %, 5, 8
2026/09/21 01:20:50.695, 0, P0, 1995 MHz, 14001 MHz, 170.15 W, [N/A], 175.00 W, 67, 15607 MiB, 77 %, 5, 8
2026/09/21 01:20:50.946, 0, P0, 1590 MHz, 14001 MHz, 97.85 W, [N/A], 175.00 W, 61, 14553 MiB, 10 %, 5, 8
