timestamp, index, pstate, clocks.current.sm [MHz], clocks.current.memory [MHz], power.draw [W], power.limit [W], power.max_limit [W], temperature.gpu, memory.used [MiB], utilization.gpu [%], pcie.link.gen.current, pcie.link.width.current
2026/09/25 12:33:03.072, 0, P0, 2835 MHz, 14001 MHz, 120.52 W, 600.00 W, 600.00 W, 66, 2 MiB, 0 %, 5, 16
2026/09/25 12:33:03.325, 0, P0, 2835 MHz, 14001 MHz, 120.52 W, 600.00 W, 600.00 W, 66, 2 MiB, 0 %, 5, 16
2026/09/25 12:33:03.575, 0, P0, 2835 MHz, 14001 MHz, 120.15 W, 600.00 W, 600.00 W, 66, 2 MiB, 0 %, 5, 16
2026/09/25 12:33:03.825, 0, P0, 2835 MHz, 14001 MHz, 120.15 W, 600.00 W, 600.00 W, 66, 2 MiB, 0 %, 5, 16
2026/09/25 12:33:04.076, 0, P0, 2835 MHz, 14001 MHz, 120.15 W, 600.00 W, 600.00 W, 66, 2 MiB, 0 %, 5, 16
2026/09/25 12:33:04.326, 0, P0, 2835 MHz, 14001 MHz, 120.15 W, 600.00 W, 600.00 W, 66, 2 MiB, 0 %, 5, 16
2026/09/25 12:33:04.577, 0, P0, 2025 MHz, 14001 MHz, 107.36 W, 600.00 W, 600.00 W, 64, 2 MiB, 0 %, 5, 16
2026/09/25 12:33:04.827, 0, P0, 2025 MHz, 14001 MHz, 107.36 W, 600.00 W, 600.00 W, 64, 2 MiB, 0 %, 5, 16
2026/09/25 12:33:05.078, 0, P0, 2025 MHz, 14001 MHz, 107.36 W, 600.00 W, 600.00 W, 64, 2 MiB, 0 %, 5, 16
2026/09/25 12:33:05.328, 0, P0, 2025 MHz, 14001 MHz, 107.36 W, 600.00 W, 600.00 W, 64, 2 MiB, 0 %, 5, 16
2026/09/25 12:33:05.579, 0, P0, 427 MHz, 14001 MHz, 49.67 W, 600.00 W, 600.00 W, 62, 2 MiB, 0 %, 5, 16
2026/09/25 12:33:05.829, 0, P0, 427 MHz, 14001 MHz, 49.67 W, 600.00 W, 600.00 W, 62, 2 MiB, 0 %, 5, 16
2026/09/25 12:33:06.080, 0, P0, 427 MHz, 14001 MHz, 49.67 W, 600.00 W, 600.00 W, 62, 2 MiB, 0 %, 5, 16
2026/09/25 12:33:06.330, 0, P0, 427 MHz, 14001 MHz, 49.67 W, 600.00 W, 600.00 W, 62, 2 MiB, 0 %, 5, 16
2026/09/25 12:33:06.581, 0, P0, 270 MHz, 14001 MHz, 46.42 W, 600.00 W, 600.00 W, 62, 2 MiB, 0 %, 5, 16
2026/09/25 12:33:06.831, 0, P0, 270 MHz, 14001 MHz, 46.42 W, 600.00 W, 600.00 W, 62, 2 MiB, 0 %, 5, 16
2026/09/25 12:33:07.082, 0, P3, 270 MHz, 14001 MHz, 46.42 W, 600.00 W, 600.00 W, 62, 2 MiB, 0 %, 5, 16
2026/09/25 12:33:07.332, 0, P3, 270 MHz, 14001 MHz, 46.42 W, 600.00 W, 600.00 W, 62, 2 MiB, 0 %, 5, 16
2026/09/25 12:33:07.583, 0, P3, 180 MHz, 7001 MHz, 45.15 W, 600.00 W, 600.00 W, 61, 2 MiB, 0 %, 5, 16
2026/09/25 12:33:07.833, 0, P3, 180 MHz, 7001 MHz, 45.15 W, 600.00 W, 600.00 W, 61, 2 MiB, 0 %, 5, 16
2026/09/25 12:33:08.084, 0, P3, 180 MHz, 7001 MHz, 45.15 W, 600.00 W, 600.00 W, 61, 2 MiB, 0 %, 5, 16
2026/09/25 12:33:08.334, 0, P3, 180 MHz, 7001 MHz, 45.15 W, 600.00 W, 600.00 W, 61, 2 MiB, 0 %, 5, 16
2026/09/25 12:33:08.584, 0, P3, 180 MHz, 7001 MHz, 41.00 W, 600.00 W, 600.00 W, 61, 2 MiB, 0 %, 5, 16
2026/09/25 12:33:08.835, 0, P3, 180 MHz, 7001 MHz, 41.00 W, 600.00 W, 600.00 W, 61, 2 MiB, 0 %, 5, 16
2026/09/25 12:33:09.085, 0, P3, 180 MHz, 7001 MHz, 41.00 W, 600.00 W, 600.00 W, 61, 2 MiB, 0 %, 5, 16
2026/09/25 12:33:09.336, 0, P3, 180 MHz, 7001 MHz, 41.00 W, 600.00 W, 600.00 W, 61, 2 MiB, 0 %, 5, 16
2026/09/25 12:33:09.587, 0, P5, 180 MHz, 7001 MHz, 40.94 W, 600.00 W, 600.00 W, 60, 596 MiB, 0 %, 2, 16
2026/09/25 12:33:09.837, 0, P5, 180 MHz, 7001 MHz, 40.94 W, 600.00 W, 600.00 W, 60, 1556 MiB, 0 %, 2, 16
2026/09/25 12:33:10.088, 0, P1, 2625 MHz, 13365 MHz, 50.88 W, 600.00 W, 600.00 W, 61, 2612 MiB, 21 %, 5, 16
2026/09/25 12:33:10.338, 0, P1, 2625 MHz, 13365 MHz, 50.88 W, 600.00 W, 600.00 W, 61, 3636 MiB, 21 %, 5, 16
2026/09/25 12:33:10.589, 0, P1, 2625 MHz, 13365 MHz, 72.35 W, 600.00 W, 600.00 W, 61, 4628 MiB, 12 %, 5, 16
2026/09/25 12:33:10.839, 0, P1, 2625 MHz, 13365 MHz, 72.35 W, 600.00 W, 600.00 W, 61, 5588 MiB, 12 %, 5, 16
2026/09/25 12:33:11.090, 0, P1, 2617 MHz, 13365 MHz, 90.65 W, 600.00 W, 600.00 W, 60, 6516 MiB, 11 %, 5, 16
2026/09/25 12:33:11.340, 0, P1, 2617 MHz, 13365 MHz, 90.65 W, 600.00 W, 600.00 W, 60, 7444 MiB, 11 %, 5, 16
2026/09/25 12:33:11.591, 0, P1, 2617 MHz, 13365 MHz, 90.15 W, 600.00 W, 600.00 W, 60, 8340 MiB, 10 %, 5, 16
2026/09/25 12:33:11.841, 0, P1, 2617 MHz, 13365 MHz, 90.15 W, 600.00 W, 600.00 W, 60, 9268 MiB, 10 %, 5, 16
2026/09/25 12:33:12.092, 0, P1, 2617 MHz, 13365 MHz, 89.77 W, 600.00 W, 600.00 W, 60, 10228 MiB, 10 %, 5, 16
2026/09/25 12:33:12.342, 0, P1, 2617 MHz, 13365 MHz, 89.77 W, 600.00 W, 600.00 W, 60, 11156 MiB, 10 %, 5, 16
2026/09/25 12:33:12.593, 0, P1, 2617 MHz, 13365 MHz, 89.59 W, 600.00 W, 600.00 W, 60, 12052 MiB, 11 %, 5, 16
2026/09/25 12:33:12.844, 0, P1, 2617 MHz, 13365 MHz, 89.59 W, 600.00 W, 600.00 W, 60, 12980 MiB, 11 %, 5, 16
2026/09/25 12:33:13.094, 0, P1, 2617 MHz, 13365 MHz, 89.55 W, 600.00 W, 600.00 W, 60, 13940 MiB, 10 %, 5, 16
2026/09/25 12:33:13.345, 0, P1, 2617 MHz, 13365 MHz, 89.55 W, 600.00 W, 600.00 W, 60, 14740 MiB, 10 %, 5, 16
2026/09/25 12:33:13.595, 0, P1, 2617 MHz, 13365 MHz, 89.11 W, 600.00 W, 600.00 W, 59, 14740 MiB, 5 %, 5, 16
2026/09/25 12:33:13.845, 0, P1, 2617 MHz, 13365 MHz, 89.11 W, 600.00 W, 600.00 W, 59, 14740 MiB, 5 %, 5, 16
2026/09/25 12:33:14.096, 0, P1, 2610 MHz, 13365 MHz, 87.35 W, 600.00 W, 600.00 W, 59, 14740 MiB, 0 %, 5, 16
2026/09/25 12:33:14.346, 0, P1, 2610 MHz, 13365 MHz, 87.35 W, 600.00 W, 600.00 W, 59, 14740 MiB, 0 %, 5, 16
2026/09/25 12:33:14.597, 0, P1, 2610 MHz, 13365 MHz, 85.83 W, 600.00 W, 600.00 W, 59, 14740 MiB, 0 %, 5, 16
2026/09/25 12:33:14.847, 0, P1, 2610 MHz, 13365 MHz, 85.83 W, 600.00 W, 600.00 W, 59, 14740 MiB, 0 %, 5, 16
2026/09/25 12:33:15.097, 0, P1, 2610 MHz, 13365 MHz, 85.83 W, 600.00 W, 600.00 W, 59, 14740 MiB, 0 %, 5, 16
2026/09/25 12:33:15.348, 0, P1, 2610 MHz, 13365 MHz, 85.83 W, 600.00 W, 600.00 W, 59, 14740 MiB, 0 %, 5, 16
2026/09/25 12:33:15.598, 0, P1, 2610 MHz, 13365 MHz, 84.02 W, 600.00 W, 600.00 W, 59, 14740 MiB, 0 %, 5, 16
2026/09/25 12:33:15.849, 0, P1, 2610 MHz, 13365 MHz, 84.02 W, 600.00 W, 600.00 W, 59, 14740 MiB, 0 %, 5, 16
2026/09/25 12:33:16.099, 0, P1, 2610 MHz, 13365 MHz, 84.02 W, 600.00 W, 600.00 W, 59, 14740 MiB, 0 %, 5, 16
2026/09/25 12:33:16.349, 0, P1, 2610 MHz, 13365 MHz, 84.02 W, 600.00 W, 600.00 W, 59, 14740 MiB, 0 %, 5, 16
2026/09/25 12:33:16.600, 0, P1, 2610 MHz, 13365 MHz, 83.73 W, 600.00 W, 600.00 W, 58, 14740 MiB, 0 %, 5, 16
2026/09/25 12:33:16.850, 0, P1, 2610 MHz, 13365 MHz, 83.73 W, 600.00 W, 600.00 W, 58, 14740 MiB, 0 %, 5, 16
2026/09/25 12:33:17.100, 0, P1, 2610 MHz, 13365 MHz, 83.73 W, 600.00 W, 600.00 W, 58, 14740 MiB, 0 %, 5, 16
2026/09/25 12:33:17.351, 0, P1, 2610 MHz, 13365 MHz, 83.73 W, 600.00 W, 600.00 W, 58, 14740 MiB, 0 %, 5, 16
2026/09/25 12:33:17.601, 0, P1, 2610 MHz, 13365 MHz, 83.56 W, 600.00 W, 600.00 W, 58, 14740 MiB, 0 %, 5, 16
2026/09/25 12:33:17.852, 0, P1, 2610 MHz, 13365 MHz, 83.56 W, 600.00 W, 600.00 W, 58, 14740 MiB, 0 %, 5, 16
2026/09/25 12:33:18.102, 0, P1, 2610 MHz, 13365 MHz, 83.56 W, 600.00 W, 600.00 W, 58, 14740 MiB, 0 %, 5, 16
2026/09/25 12:33:18.352, 0, P1, 2610 MHz, 13365 MHz, 83.56 W, 600.00 W, 600.00 W, 58, 14740 MiB, 0 %, 5, 16
2026/09/25 12:33:18.603, 0, P1, 2610 MHz, 13365 MHz, 83.13 W, 600.00 W, 600.00 W, 58, 14740 MiB, 0 %, 5, 16
2026/09/25 12:33:18.853, 0, P1, 2610 MHz, 13365 MHz, 83.13 W, 600.00 W, 600.00 W, 58, 14740 MiB, 0 %, 5, 16
2026/09/25 12:33:19.103, 0, P1, 2610 MHz, 13365 MHz, 83.13 W, 600.00 W, 600.00 W, 58, 14740 MiB, 0 %, 5, 16
2026/09/25 12:33:19.354, 0, P1, 2610 MHz, 13365 MHz, 83.13 W, 600.00 W, 600.00 W, 58, 14740 MiB, 0 %, 5, 16
2026/09/25 12:33:19.604, 0, P1, 2610 MHz, 13365 MHz, 82.68 W, 600.00 W, 600.00 W, 57, 14740 MiB, 0 %, 5, 16
2026/09/25 12:33:19.855, 0, P1, 2610 MHz, 13365 MHz, 82.68 W, 600.00 W, 600.00 W, 57, 14740 MiB, 0 %, 5, 16
2026/09/25 12:33:20.106, 0, P1, 2610 MHz, 13365 MHz, 82.93 W, 600.00 W, 600.00 W, 57, 14740 MiB, 0 %, 5, 16
2026/09/25 12:33:20.357, 0, P1, 2610 MHz, 13365 MHz, 82.93 W, 600.00 W, 600.00 W, 57, 14740 MiB, 0 %, 5, 16
2026/09/25 12:33:20.608, 0, P1, 2610 MHz, 13365 MHz, 83.55 W, 600.00 W, 600.00 W, 57, 14740 MiB, 0 %, 5, 16
2026/09/25 12:33:20.858, 0, P1, 2610 MHz, 13365 MHz, 83.55 W, 600.00 W, 600.00 W, 57, 14740 MiB, 0 %, 5, 16
2026/09/25 12:33:21.109, 0, P1, 2610 MHz, 13365 MHz, 83.53 W, 600.00 W, 600.00 W, 57, 14740 MiB, 0 %, 5, 16
2026/09/25 12:33:21.360, 0, P1, 2610 MHz, 13365 MHz, 83.53 W, 600.00 W, 600.00 W, 57, 14740 MiB, 0 %, 5, 16
2026/09/25 12:33:21.610, 0, P1, 2610 MHz, 13365 MHz, 83.53 W, 600.00 W, 600.00 W, 57, 16372 MiB, 0 %, 5, 16
2026/09/25 12:33:21.860, 0, P1, 2610 MHz, 13365 MHz, 83.53 W, 600.00 W, 600.00 W, 57, 16820 MiB, 0 %, 5, 16
2026/09/25 12:33:22.111, 0, P1, 2797 MHz, 13365 MHz, 171.27 W, 600.00 W, 600.00 W, 64, 16820 MiB, 99 %, 5, 16
2026/09/25 12:33:22.362, 0, P1, 2797 MHz, 13365 MHz, 171.27 W, 600.00 W, 600.00 W, 64, 16820 MiB, 99 %, 5, 16
2026/09/25 12:33:22.613, 0, P1, 2820 MHz, 13365 MHz, 246.62 W, 600.00 W, 600.00 W, 65, 16820 MiB, 100 %, 5, 16
2026/09/25 12:33:22.864, 0, P1, 2820 MHz, 13365 MHz, 246.62 W, 600.00 W, 600.00 W, 65, 16820 MiB, 100 %, 5, 16
2026/09/25 12:33:23.115, 0, P1, 2820 MHz, 13365 MHz, 453.22 W, 600.00 W, 600.00 W, 66, 16820 MiB, 100 %, 5, 16
2026/09/25 12:33:23.366, 0, P1, 2820 MHz, 13365 MHz, 453.22 W, 600.00 W, 600.00 W, 66, 16820 MiB, 100 %, 5, 16
2026/09/25 12:33:23.616, 0, P1, 2835 MHz, 13365 MHz, 465.93 W, 600.00 W, 600.00 W, 66, 16820 MiB, 100 %, 5, 16
2026/09/25 12:33:23.867, 0, P1, 2835 MHz, 13365 MHz, 465.93 W, 600.00 W, 600.00 W, 66, 16820 MiB, 100 %, 5, 16
2026/09/25 12:33:24.118, 0, P1, 2827 MHz, 13365 MHz, 477.05 W, 600.00 W, 600.00 W, 66, 17108 MiB, 99 %, 5, 16
2026/09/25 12:33:24.369, 0, P1, 2827 MHz, 13365 MHz, 477.05 W, 600.00 W, 600.00 W, 66, 17108 MiB, 99 %, 5, 16
2026/09/25 12:33:24.620, 0, P1, 2812 MHz, 13365 MHz, 458.81 W, 600.00 W, 600.00 W, 66, 17108 MiB, 100 %, 5, 16
2026/09/25 12:33:24.871, 0, P1, 2812 MHz, 13365 MHz, 458.81 W, 600.00 W, 600.00 W, 66, 17108 MiB, 100 %, 5, 16
2026/09/25 12:33:25.121, 0, P1, 2820 MHz, 13365 MHz, 450.32 W, 600.00 W, 600.00 W, 67, 17108 MiB, 100 %, 5, 16
2026/09/25 12:33:25.372, 0, P1, 2820 MHz, 13365 MHz, 450.32 W, 600.00 W, 600.00 W, 67, 17108 MiB, 100 %, 5, 16
2026/09/25 12:33:25.623, 0, P1, 2827 MHz, 13365 MHz, 466.73 W, 600.00 W, 600.00 W, 67, 17108 MiB, 100 %, 5, 16
2026/09/25 12:33:25.874, 0, P1, 2827 MHz, 13365 MHz, 466.73 W, 600.00 W, 600.00 W, 67, 17108 MiB, 100 %, 5, 16
2026/09/25 12:33:26.125, 0, P1, 2835 MHz, 13365 MHz, 479.19 W, 600.00 W, 600.00 W, 67, 17108 MiB, 100 %, 5, 16
2026/09/25 12:33:26.376, 0, P1, 2835 MHz, 13365 MHz, 479.19 W, 600.00 W, 600.00 W, 67, 17108 MiB, 100 %, 5, 16
2026/09/25 12:33:26.627, 0, P1, 2820 MHz, 13365 MHz, 465.85 W, 600.00 W, 600.00 W, 67, 17108 MiB, 100 %, 5, 16
2026/09/25 12:33:26.878, 0, P1, 2820 MHz, 13365 MHz, 465.85 W, 600.00 W, 600.00 W, 67, 17108 MiB, 100 %, 5, 16
2026/09/25 12:33:27.128, 0, P1, 2820 MHz, 13365 MHz, 454.14 W, 600.00 W, 600.00 W, 67, 17108 MiB, 100 %, 5, 16
2026/09/25 12:33:27.379, 0, P1, 2820 MHz, 13365 MHz, 454.14 W, 600.00 W, 600.00 W, 67, 17108 MiB, 100 %, 5, 16
2026/09/25 12:33:27.630, 0, P1, 2835 MHz, 13365 MHz, 469.99 W, 600.00 W, 600.00 W, 68, 17108 MiB, 100 %, 5, 16
2026/09/25 12:33:27.881, 0, P1, 2835 MHz, 13365 MHz, 469.99 W, 600.00 W, 600.00 W, 68, 17108 MiB, 100 %, 5, 16
2026/09/25 12:33:28.132, 0, P1, 2827 MHz, 13365 MHz, 479.63 W, 600.00 W, 600.00 W, 67, 17108 MiB, 99 %, 5, 16
2026/09/25 12:33:28.382, 0, P1, 2827 MHz, 13365 MHz, 479.63 W, 600.00 W, 600.00 W, 67, 17108 MiB, 99 %, 5, 16
2026/09/25 12:33:28.633, 0, P1, 2820 MHz, 13365 MHz, 463.26 W, 600.00 W, 600.00 W, 67, 17108 MiB, 100 %, 5, 16
2026/09/25 12:33:28.884, 0, P1, 2820 MHz, 13365 MHz, 452.02 W, 600.00 W, 600.00 W, 67, 17108 MiB, 100 %, 5, 16
2026/09/25 12:33:29.136, 0, P1, 2820 MHz, 13365 MHz, 452.02 W, 600.00 W, 600.00 W, 68, 17108 MiB, 100 %, 5, 16
2026/09/25 12:33:29.387, 0, P1, 2835 MHz, 13365 MHz, 469.11 W, 600.00 W, 600.00 W, 68, 17108 MiB, 100 %, 5, 16
2026/09/25 12:33:29.638, 0, P1, 2835 MHz, 13365 MHz, 469.11 W, 600.00 W, 600.00 W, 68, 17108 MiB, 100 %, 5, 16
2026/09/25 12:33:29.889, 0, P1, 2835 MHz, 13365 MHz, 479.51 W, 600.00 W, 600.00 W, 68, 17108 MiB, 100 %, 5, 16
2026/09/25 12:33:30.140, 0, P1, 2835 MHz, 13365 MHz, 479.51 W, 600.00 W, 600.00 W, 68, 17108 MiB, 100 %, 5, 16
2026/09/25 12:33:30.390, 0, P1, 2820 MHz, 13365 MHz, 467.59 W, 600.00 W, 600.00 W, 68, 17108 MiB, 100 %, 5, 16
2026/09/25 12:33:30.641, 0, P1, 2820 MHz, 13365 MHz, 467.59 W, 600.00 W, 600.00 W, 68, 17108 MiB, 100 %, 5, 16
2026/09/25 12:33:30.892, 0, P1, 2820 MHz, 13365 MHz, 456.73 W, 600.00 W, 600.00 W, 68, 17108 MiB, 100 %, 5, 16
2026/09/25 12:33:31.143, 0, P1, 2820 MHz, 13365 MHz, 456.73 W, 600.00 W, 600.00 W, 68, 17108 MiB, 100 %, 5, 16
2026/09/25 12:33:31.394, 0, P1, 2835 MHz, 13365 MHz, 470.58 W, 600.00 W, 600.00 W, 69, 17108 MiB, 100 %, 5, 16
2026/09/25 12:33:31.645, 0, P1, 2835 MHz, 13365 MHz, 470.58 W, 600.00 W, 600.00 W, 69, 17108 MiB, 100 %, 5, 16
2026/09/25 12:33:31.896, 0, P1, 2827 MHz, 13365 MHz, 481.24 W, 600.00 W, 600.00 W, 68, 17108 MiB, 99 %, 5, 16
2026/09/25 12:33:32.147, 0, P1, 2827 MHz, 13365 MHz, 481.24 W, 600.00 W, 600.00 W, 68, 17108 MiB, 99 %, 5, 16
2026/09/25 12:33:32.398, 0, P1, 2812 MHz, 13365 MHz, 462.43 W, 600.00 W, 600.00 W, 68, 17108 MiB, 100 %, 5, 16
2026/09/25 12:33:32.649, 0, P1, 2812 MHz, 13365 MHz, 462.43 W, 600.00 W, 600.00 W, 68, 17108 MiB, 100 %, 5, 16
2026/09/25 12:33:32.900, 0, P1, 2820 MHz, 13365 MHz, 454.00 W, 600.00 W, 600.00 W, 68, 17108 MiB, 100 %, 5, 16
2026/09/25 12:33:33.150, 0, P1, 2820 MHz, 13365 MHz, 454.00 W, 600.00 W, 600.00 W, 68, 17108 MiB, 100 %, 5, 16
2026/09/25 12:33:33.401, 0, P1, 2835 MHz, 13365 MHz, 470.83 W, 600.00 W, 600.00 W, 69, 17108 MiB, 100 %, 5, 16
2026/09/25 12:33:33.652, 0, P1, 2835 MHz, 13365 MHz, 470.83 W, 600.00 W, 600.00 W, 69, 17108 MiB, 100 %, 5, 16
2026/09/25 12:33:33.903, 0, P1, 2835 MHz, 13365 MHz, 483.30 W, 600.00 W, 600.00 W, 69, 17108 MiB, 100 %, 5, 16
2026/09/25 12:33:34.154, 0, P1, 2835 MHz, 13365 MHz, 483.30 W, 600.00 W, 600.00 W, 69, 17108 MiB, 100 %, 5, 16
2026/09/25 12:33:34.405, 0, P1, 2820 MHz, 13365 MHz, 469.18 W, 600.00 W, 600.00 W, 69, 17108 MiB, 100 %, 5, 16
2026/09/25 12:33:34.656, 0, P1, 2820 MHz, 13365 MHz, 469.18 W, 600.00 W, 600.00 W, 69, 17108 MiB, 100 %, 5, 16
2026/09/25 12:33:34.906, 0, P1, 2820 MHz, 13365 MHz, 459.74 W, 600.00 W, 600.00 W, 69, 17108 MiB, 100 %, 5, 16
2026/09/25 12:33:35.158, 0, P1, 2820 MHz, 13365 MHz, 459.74 W, 600.00 W, 600.00 W, 69, 17108 MiB, 100 %, 5, 16
2026/09/25 12:33:35.409, 0, P1, 2835 MHz, 13365 MHz, 472.31 W, 600.00 W, 600.00 W, 69, 17108 MiB, 100 %, 5, 16
2026/09/25 12:33:35.659, 0, P1, 2835 MHz, 13365 MHz, 472.31 W, 600.00 W, 600.00 W, 69, 17108 MiB, 100 %, 5, 16
2026/09/25 12:33:35.910, 0, P1, 2827 MHz, 13365 MHz, 483.15 W, 600.00 W, 600.00 W, 69, 17108 MiB, 100 %, 5, 16
2026/09/25 12:33:36.161, 0, P1, 2827 MHz, 13365 MHz, 483.15 W, 600.00 W, 600.00 W, 69, 17108 MiB, 100 %, 5, 16
2026/09/25 12:33:36.412, 0, P1, 2820 MHz, 13365 MHz, 466.44 W, 600.00 W, 600.00 W, 69, 17108 MiB, 100 %, 5, 16
2026/09/25 12:33:36.663, 0, P1, 2820 MHz, 13365 MHz, 466.44 W, 600.00 W, 600.00 W, 69, 17108 MiB, 100 %, 5, 16
2026/09/25 12:33:36.914, 0, P1, 2820 MHz, 13365 MHz, 455.70 W, 600.00 W, 600.00 W, 69, 17108 MiB, 100 %, 5, 16
2026/09/25 12:33:37.165, 0, P1, 2820 MHz, 13365 MHz, 455.70 W, 600.00 W, 600.00 W, 69, 17108 MiB, 100 %, 5, 16
2026/09/25 12:33:37.416, 0, P1, 2835 MHz, 13365 MHz, 473.47 W, 600.00 W, 600.00 W, 70, 17108 MiB, 100 %, 5, 16
2026/09/25 12:33:37.667, 0, P1, 2835 MHz, 13365 MHz, 473.47 W, 600.00 W, 600.00 W, 70, 17108 MiB, 100 %, 5, 16
2026/09/25 12:33:37.917, 0, P1, 2835 MHz, 13365 MHz, 483.89 W, 600.00 W, 600.00 W, 69, 17108 MiB, 100 %, 5, 16
2026/09/25 12:33:38.168, 0, P1, 2835 MHz, 13365 MHz, 483.89 W, 600.00 W, 600.00 W, 69, 17108 MiB, 100 %, 5, 16
2026/09/25 12:33:38.419, 0, P1, 2820 MHz, 13365 MHz, 471.78 W, 600.00 W, 600.00 W, 69, 17108 MiB, 100 %, 5, 16
2026/09/25 12:33:38.670, 0, P1, 2820 MHz, 13365 MHz, 471.78 W, 600.00 W, 600.00 W, 69, 17108 MiB, 100 %, 5, 16
2026/09/25 12:33:38.921, 0, P1, 2820 MHz, 13365 MHz, 458.87 W, 600.00 W, 600.00 W, 70, 17108 MiB, 100 %, 5, 16
2026/09/25 12:33:39.172, 0, P1, 2820 MHz, 13365 MHz, 458.87 W, 600.00 W, 600.00 W, 70, 17108 MiB, 100 %, 5, 16
2026/09/25 12:33:39.423, 0, P1, 2835 MHz, 13365 MHz, 474.88 W, 600.00 W, 600.00 W, 70, 17108 MiB, 100 %, 5, 16
2026/09/25 12:33:39.674, 0, P1, 2835 MHz, 13365 MHz, 474.88 W, 600.00 W, 600.00 W, 70, 17108 MiB, 100 %, 5, 16
2026/09/25 12:33:39.924, 0, P1, 2827 MHz, 13365 MHz, 484.49 W, 600.00 W, 600.00 W, 70, 17108 MiB, 100 %, 5, 16
2026/09/25 12:33:40.175, 0, P1, 2827 MHz, 13365 MHz, 484.49 W, 600.00 W, 600.00 W, 70, 17108 MiB, 100 %, 5, 16
2026/09/25 12:33:40.426, 0, P1, 2812 MHz, 13365 MHz, 467.56 W, 600.00 W, 600.00 W, 69, 17108 MiB, 100 %, 5, 16
2026/09/25 12:33:40.677, 0, P1, 2812 MHz, 13365 MHz, 467.56 W, 600.00 W, 600.00 W, 69, 17108 MiB, 100 %, 5, 16
2026/09/25 12:33:40.928, 0, P1, 2820 MHz, 13365 MHz, 455.57 W, 600.00 W, 600.00 W, 70, 17108 MiB, 100 %, 5, 16
2026/09/25 12:33:41.179, 0, P1, 2820 MHz, 13365 MHz, 455.57 W, 600.00 W, 600.00 W, 70, 17108 MiB, 100 %, 5, 16
2026/09/25 12:33:41.430, 0, P1, 2835 MHz, 13365 MHz, 475.23 W, 600.00 W, 600.00 W, 70, 17108 MiB, 100 %, 5, 16
2026/09/25 12:33:41.681, 0, P1, 2835 MHz, 13365 MHz, 475.23 W, 600.00 W, 600.00 W, 70, 17108 MiB, 100 %, 5, 16
2026/09/25 12:33:41.932, 0, P1, 2835 MHz, 13365 MHz, 485.57 W, 600.00 W, 600.00 W, 70, 17108 MiB, 99 %, 5, 16
2026/09/25 12:33:42.182, 0, P1, 2835 MHz, 13365 MHz, 485.57 W, 600.00 W, 600.00 W, 70, 17108 MiB, 99 %, 5, 16
2026/09/25 12:33:42.433, 0, P1, 2820 MHz, 13365 MHz, 468.82 W, 600.00 W, 600.00 W, 70, 17108 MiB, 100 %, 5, 16
2026/09/25 12:33:42.684, 0, P1, 2820 MHz, 13365 MHz, 468.82 W, 600.00 W, 600.00 W, 70, 17108 MiB, 100 %, 5, 16
2026/09/25 12:33:42.935, 0, P1, 2820 MHz, 13365 MHz, 454.37 W, 600.00 W, 600.00 W, 70, 17108 MiB, 100 %, 5, 16
2026/09/25 12:33:43.186, 0, P1, 2820 MHz, 13365 MHz, 454.37 W, 600.00 W, 600.00 W, 70, 17108 MiB, 100 %, 5, 16
2026/09/25 12:33:43.437, 0, P1, 2835 MHz, 13365 MHz, 472.78 W, 600.00 W, 600.00 W, 71, 17108 MiB, 100 %, 5, 16
2026/09/25 12:33:43.688, 0, P1, 2835 MHz, 13365 MHz, 472.78 W, 600.00 W, 600.00 W, 71, 17108 MiB, 100 %, 5, 16
2026/09/25 12:33:43.939, 0, P1, 2835 MHz, 13365 MHz, 486.17 W, 600.00 W, 600.00 W, 70, 17108 MiB, 98 %, 5, 16
2026/09/25 12:33:44.190, 0, P1, 2835 MHz, 13365 MHz, 486.17 W, 600.00 W, 600.00 W, 70, 17108 MiB, 98 %, 5, 16
2026/09/25 12:33:44.440, 0, P1, 2820 MHz, 13365 MHz, 473.49 W, 600.00 W, 600.00 W, 70, 17108 MiB, 100 %, 5, 16
2026/09/25 12:33:44.691, 0, P1, 2820 MHz, 13365 MHz, 473.49 W, 600.00 W, 600.00 W, 70, 17108 MiB, 100 %, 5, 16
2026/09/25 12:33:44.942, 0, P1, 2820 MHz, 13365 MHz, 463.57 W, 600.00 W, 600.00 W, 71, 17108 MiB, 100 %, 5, 16
2026/09/25 12:33:45.193, 0, P1, 2820 MHz, 13365 MHz, 463.57 W, 600.00 W, 600.00 W, 71, 17108 MiB, 100 %, 5, 16
2026/09/25 12:33:45.444, 0, P1, 2835 MHz, 13365 MHz, 476.92 W, 600.00 W, 600.00 W, 71, 17108 MiB, 100 %, 5, 16
2026/09/25 12:33:45.695, 0, P1, 2835 MHz, 13365 MHz, 476.92 W, 600.00 W, 600.00 W, 71, 17108 MiB, 100 %, 5, 16
2026/09/25 12:33:45.946, 0, P1, 2835 MHz, 13365 MHz, 485.92 W, 600.00 W, 600.00 W, 71, 17108 MiB, 100 %, 5, 16
2026/09/25 12:33:46.197, 0, P1, 2835 MHz, 13365 MHz, 485.92 W, 600.00 W, 600.00 W, 71, 17108 MiB, 100 %, 5, 16
2026/09/25 12:33:46.448, 0, P1, 2820 MHz, 13365 MHz, 471.39 W, 600.00 W, 600.00 W, 71, 17108 MiB, 100 %, 5, 16
2026/09/25 12:33:46.699, 0, P1, 2820 MHz, 13365 MHz, 471.39 W, 600.00 W, 600.00 W, 71, 17108 MiB, 100 %, 5, 16
2026/09/25 12:33:46.949, 0, P1, 2820 MHz, 13365 MHz, 458.14 W, 600.00 W, 600.00 W, 71, 17108 MiB, 100 %, 5, 16
2026/09/25 12:33:47.200, 0, P1, 2820 MHz, 13365 MHz, 458.14 W, 600.00 W, 600.00 W, 71, 17108 MiB, 100 %, 5, 16
2026/09/25 12:33:47.451, 0, P1, 2835 MHz, 13365 MHz, 475.31 W, 600.00 W, 600.00 W, 71, 17108 MiB, 100 %, 5, 16
2026/09/25 12:33:47.702, 0, P1, 2835 MHz, 13365 MHz, 475.31 W, 600.00 W, 600.00 W, 71, 17108 MiB, 100 %, 5, 16
2026/09/25 12:33:47.953, 0, P1, 2835 MHz, 13365 MHz, 485.85 W, 600.00 W, 600.00 W, 71, 17108 MiB, 100 %, 5, 16
2026/09/25 12:33:48.204, 0, P1, 2835 MHz, 13365 MHz, 485.85 W, 600.00 W, 600.00 W, 71, 17108 MiB, 100 %, 5, 16
2026/09/25 12:33:48.455, 0, P1, 2820 MHz, 13365 MHz, 475.76 W, 600.00 W, 600.00 W, 71, 17108 MiB, 100 %, 5, 16
2026/09/25 12:33:48.705, 0, P1, 2820 MHz, 13365 MHz, 475.76 W, 600.00 W, 600.00 W, 71, 17108 MiB, 100 %, 5, 16
2026/09/25 12:33:48.956, 0, P1, 2820 MHz, 13365 MHz, 460.06 W, 600.00 W, 600.00 W, 71, 17108 MiB, 100 %, 5, 16
2026/09/25 12:33:49.207, 0, P1, 2820 MHz, 13365 MHz, 460.06 W, 600.00 W, 600.00 W, 71, 17108 MiB, 100 %, 5, 16
2026/09/25 12:33:49.458, 0, P1, 2835 MHz, 13365 MHz, 477.99 W, 600.00 W, 600.00 W, 72, 17108 MiB, 100 %, 5, 16
2026/09/25 12:33:49.709, 0, P1, 2835 MHz, 13365 MHz, 477.99 W, 600.00 W, 600.00 W, 72, 17108 MiB, 100 %, 5, 16
2026/09/25 12:33:49.960, 0, P1, 2835 MHz, 13365 MHz, 487.47 W, 600.00 W, 600.00 W, 71, 17108 MiB, 99 %, 5, 16
2026/09/25 12:33:50.211, 0, P1, 2835 MHz, 13365 MHz, 487.47 W, 600.00 W, 600.00 W, 71, 17108 MiB, 99 %, 5, 16
2026/09/25 12:33:50.462, 0, P1, 2820 MHz, 13365 MHz, 471.94 W, 600.00 W, 600.00 W, 71, 17108 MiB, 100 %, 5, 16
2026/09/25 12:33:50.713, 0, P1, 2820 MHz, 13365 MHz, 471.94 W, 600.00 W, 600.00 W, 71, 17108 MiB, 100 %, 5, 16
2026/09/25 12:33:50.964, 0, P1, 2820 MHz, 13365 MHz, 458.34 W, 600.00 W, 600.00 W, 71, 17108 MiB, 100 %, 5, 16
2026/09/25 12:33:51.215, 0, P1, 2820 MHz, 13365 MHz, 458.34 W, 600.00 W, 600.00 W, 71, 17108 MiB, 100 %, 5, 16
2026/09/25 12:33:51.465, 0, P1, 2835 MHz, 13365 MHz, 476.42 W, 600.00 W, 600.00 W, 72, 17108 MiB, 100 %, 5, 16
2026/09/25 12:33:51.716, 0, P1, 2835 MHz, 13365 MHz, 476.42 W, 600.00 W, 600.00 W, 72, 17108 MiB, 100 %, 5, 16
2026/09/25 12:33:51.967, 0, P1, 2835 MHz, 13365 MHz, 486.77 W, 600.00 W, 600.00 W, 71, 17108 MiB, 100 %, 5, 16
2026/09/25 12:33:52.218, 0, P1, 2835 MHz, 13365 MHz, 486.77 W, 600.00 W, 600.00 W, 71, 17108 MiB, 100 %, 5, 16
2026/09/25 12:33:52.469, 0, P1, 2820 MHz, 13365 MHz, 477.73 W, 600.00 W, 600.00 W, 71, 17108 MiB, 100 %, 5, 16
2026/09/25 12:33:52.720, 0, P1, 2820 MHz, 13365 MHz, 477.73 W, 600.00 W, 600.00 W, 71, 17108 MiB, 100 %, 5, 16
2026/09/25 12:33:52.971, 0, P1, 2820 MHz, 13365 MHz, 461.09 W, 600.00 W, 600.00 W, 72, 17108 MiB, 100 %, 5, 16
2026/09/25 12:33:53.221, 0, P1, 2820 MHz, 13365 MHz, 461.09 W, 600.00 W, 600.00 W, 72, 17108 MiB, 100 %, 5, 16
2026/09/25 12:33:53.472, 0, P1, 2835 MHz, 13365 MHz, 479.25 W, 600.00 W, 600.00 W, 72, 17108 MiB, 100 %, 5, 16
2026/09/25 12:33:53.723, 0, P1, 2835 MHz, 13365 MHz, 479.25 W, 600.00 W, 600.00 W, 72, 17108 MiB, 100 %, 5, 16
2026/09/25 12:33:53.974, 0, P1, 2835 MHz, 13365 MHz, 489.34 W, 600.00 W, 600.00 W, 72, 17108 MiB, 100 %, 5, 16
2026/09/25 12:33:54.225, 0, P1, 2835 MHz, 13365 MHz, 489.34 W, 600.00 W, 600.00 W, 72, 17108 MiB, 100 %, 5, 16
2026/09/25 12:33:54.476, 0, P1, 2812 MHz, 13365 MHz, 470.31 W, 600.00 W, 600.00 W, 71, 17108 MiB, 100 %, 5, 16
2026/09/25 12:33:54.727, 0, P1, 2812 MHz, 13365 MHz, 470.31 W, 600.00 W, 600.00 W, 71, 17108 MiB, 100 %, 5, 16
2026/09/25 12:33:54.978, 0, P1, 2820 MHz, 13365 MHz, 459.51 W, 600.00 W, 600.00 W, 72, 17108 MiB, 100 %, 5, 16
2026/09/25 12:33:55.229, 0, P1, 2820 MHz, 13365 MHz, 459.51 W, 600.00 W, 600.00 W, 72, 17108 MiB, 100 %, 5, 16
2026/09/25 12:33:55.480, 0, P1, 2835 MHz, 13365 MHz, 477.55 W, 600.00 W, 600.00 W, 72, 17108 MiB, 100 %, 5, 16
2026/09/25 12:33:55.731, 0, P1, 2835 MHz, 13365 MHz, 477.55 W, 600.00 W, 600.00 W, 72, 17108 MiB, 100 %, 5, 16
2026/09/25 12:33:55.982, 0, P1, 2835 MHz, 13365 MHz, 490.14 W, 600.00 W, 600.00 W, 72, 17108 MiB, 100 %, 5, 16
2026/09/25 12:33:56.232, 0, P1, 2835 MHz, 13365 MHz, 490.14 W, 600.00 W, 600.00 W, 72, 17108 MiB, 100 %, 5, 16
2026/09/25 12:33:56.483, 0, P1, 2820 MHz, 13365 MHz, 476.60 W, 600.00 W, 600.00 W, 72, 17108 MiB, 100 %, 5, 16
2026/09/25 12:33:56.734, 0, P1, 2820 MHz, 13365 MHz, 476.60 W, 600.00 W, 600.00 W, 72, 17108 MiB, 100 %, 5, 16
2026/09/25 12:33:56.985, 0, P1, 2820 MHz, 13365 MHz, 466.45 W, 600.00 W, 600.00 W, 72, 17108 MiB, 100 %, 5, 16
2026/09/25 12:33:57.236, 0, P1, 2820 MHz, 13365 MHz, 466.45 W, 600.00 W, 600.00 W, 72, 17108 MiB, 100 %, 5, 16
2026/09/25 12:33:57.487, 0, P1, 2835 MHz, 13365 MHz, 480.29 W, 600.00 W, 600.00 W, 72, 17108 MiB, 100 %, 5, 16
2026/09/25 12:33:57.738, 0, P1, 2835 MHz, 13365 MHz, 480.29 W, 600.00 W, 600.00 W, 72, 17108 MiB, 100 %, 5, 16
2026/09/25 12:33:57.988, 0, P1, 2835 MHz, 13365 MHz, 489.59 W, 600.00 W, 600.00 W, 72, 17108 MiB, 99 %, 5, 16
2026/09/25 12:33:58.239, 0, P1, 2835 MHz, 13365 MHz, 489.59 W, 600.00 W, 600.00 W, 72, 17108 MiB, 99 %, 5, 16
2026/09/25 12:33:58.490, 0, P1, 2820 MHz, 13365 MHz, 474.06 W, 600.00 W, 600.00 W, 72, 17108 MiB, 100 %, 5, 16
2026/09/25 12:33:58.741, 0, P1, 2820 MHz, 13365 MHz, 474.06 W, 600.00 W, 600.00 W, 72, 17108 MiB, 100 %, 5, 16
2026/09/25 12:33:58.992, 0, P1, 2820 MHz, 13365 MHz, 460.40 W, 600.00 W, 600.00 W, 72, 17108 MiB, 100 %, 5, 16
2026/09/25 12:33:59.243, 0, P1, 2820 MHz, 13365 MHz, 460.40 W, 600.00 W, 600.00 W, 72, 17108 MiB, 100 %, 5, 16
2026/09/25 12:33:59.493, 0, P1, 2835 MHz, 13365 MHz, 478.39 W, 600.00 W, 600.00 W, 73, 17108 MiB, 100 %, 5, 16
2026/09/25 12:33:59.744, 0, P1, 2835 MHz, 13365 MHz, 478.39 W, 600.00 W, 600.00 W, 73, 17108 MiB, 100 %, 5, 16
2026/09/25 12:33:59.995, 0, P1, 2835 MHz, 13365 MHz, 488.73 W, 600.00 W, 600.00 W, 72, 17108 MiB, 100 %, 5, 16
2026/09/25 12:34:00.246, 0, P1, 2835 MHz, 13365 MHz, 488.73 W, 600.00 W, 600.00 W, 72, 17108 MiB, 100 %, 5, 16
2026/09/25 12:34:00.497, 0, P1, 2820 MHz, 13365 MHz, 477.74 W, 600.00 W, 600.00 W, 72, 17108 MiB, 100 %, 5, 16
2026/09/25 12:34:00.748, 0, P1, 2820 MHz, 13365 MHz, 477.74 W, 600.00 W, 600.00 W, 72, 17108 MiB, 100 %, 5, 16
2026/09/25 12:34:00.999, 0, P1, 2820 MHz, 13365 MHz, 463.85 W, 600.00 W, 600.00 W, 73, 17108 MiB, 100 %, 5, 16
2026/09/25 12:34:01.250, 0, P1, 2820 MHz, 13365 MHz, 463.85 W, 600.00 W, 600.00 W, 73, 17108 MiB, 100 %, 5, 16
2026/09/25 12:34:01.500, 0, P1, 2835 MHz, 13365 MHz, 479.85 W, 600.00 W, 600.00 W, 73, 17108 MiB, 100 %, 5, 16
2026/09/25 12:34:01.751, 0, P1, 2835 MHz, 13365 MHz, 479.85 W, 600.00 W, 600.00 W, 73, 17108 MiB, 100 %, 5, 16
2026/09/25 12:34:02.002, 0, P1, 2835 MHz, 13365 MHz, 451.78 W, 600.00 W, 600.00 W, 67, 2 MiB, 0 %, 5, 16
2026/09/25 12:34:02.253, 0, P1, 2835 MHz, 13365 MHz, 451.78 W, 600.00 W, 600.00 W, 67, 2 MiB, 0 %, 5, 16
2026/09/25 12:34:02.504, 0, P0, 2842 MHz, 14001 MHz, 259.14 W, 600.00 W, 600.00 W, 65, 2 MiB, 0 %, 5, 16
2026/09/25 12:34:02.754, 0, P0, 2842 MHz, 14001 MHz, 259.14 W, 600.00 W, 600.00 W, 65, 2 MiB, 0 %, 5, 16
2026/09/25 12:34:03.005, 0, P0, 2835 MHz, 14001 MHz, 118.47 W, 600.00 W, 600.00 W, 65, 594 MiB, 0 %, 5, 16
2026/09/25 12:34:03.255, 0, P0, 2835 MHz, 14001 MHz, 118.47 W, 600.00 W, 600.00 W, 65, 1460 MiB, 0 %, 5, 16
2026/09/25 12:34:03.506, 0, P1, 2835 MHz, 14001 MHz, 116.59 W, 600.00 W, 600.00 W, 64, 2420 MiB, 11 %, 5, 16
2026/09/25 12:34:03.757, 0, P1, 2835 MHz, 14001 MHz, 116.59 W, 600.00 W, 600.00 W, 64, 3444 MiB, 11 %, 5, 16
2026/09/25 12:34:04.007, 0, P1, 2617 MHz, 13365 MHz, 109.06 W, 600.00 W, 600.00 W, 63, 4468 MiB, 11 %, 5, 16
2026/09/25 12:34:04.258, 0, P1, 2617 MHz, 13365 MHz, 109.06 W, 600.00 W, 600.00 W, 63, 5428 MiB, 11 %, 5, 16
2026/09/25 12:34:04.509, 0, P1, 2617 MHz, 13365 MHz, 96.46 W, 600.00 W, 600.00 W, 63, 6356 MiB, 10 %, 5, 16
2026/09/25 12:34:04.759, 0, P1, 2617 MHz, 13365 MHz, 96.46 W, 600.00 W, 600.00 W, 63, 7284 MiB, 10 %, 5, 16
2026/09/25 12:34:05.010, 0, P1, 2617 MHz, 13365 MHz, 93.72 W, 600.00 W, 600.00 W, 63, 8212 MiB, 11 %, 5, 16
2026/09/25 12:34:05.260, 0, P1, 2617 MHz, 13365 MHz, 93.72 W, 600.00 W, 600.00 W, 63, 9172 MiB, 11 %, 5, 16
2026/09/25 12:34:05.511, 0, P1, 2617 MHz, 13365 MHz, 93.20 W, 600.00 W, 600.00 W, 62, 10100 MiB, 10 %, 5, 16
2026/09/25 12:34:05.761, 0, P1, 2617 MHz, 13365 MHz, 93.20 W, 600.00 W, 600.00 W, 62, 10996 MiB, 10 %, 5, 16
2026/09/25 12:34:06.012, 0, P1, 2617 MHz, 13365 MHz, 92.47 W, 600.00 W, 600.00 W, 62, 11924 MiB, 11 %, 5, 16
2026/09/25 12:34:06.262, 0, P1, 2617 MHz, 13365 MHz, 92.47 W, 600.00 W, 600.00 W, 62, 12884 MiB, 11 %, 5, 16
2026/09/25 12:34:06.513, 0, P1, 2617 MHz, 13365 MHz, 91.93 W, 600.00 W, 600.00 W, 62, 13812 MiB, 10 %, 5, 16
2026/09/25 12:34:06.763, 0, P1, 2617 MHz, 13365 MHz, 91.93 W, 600.00 W, 600.00 W, 62, 14740 MiB, 10 %, 5, 16
2026/09/25 12:34:07.014, 0, P1, 2617 MHz, 13365 MHz, 91.18 W, 600.00 W, 600.00 W, 62, 14740 MiB, 0 %, 5, 16
2026/09/25 12:34:07.264, 0, P1, 2617 MHz, 13365 MHz, 91.18 W, 600.00 W, 600.00 W, 62, 14740 MiB, 0 %, 5, 16
2026/09/25 12:34:07.515, 0, P1, 2610 MHz, 13365 MHz, 89.09 W, 600.00 W, 600.00 W, 61, 14740 MiB, 0 %, 5, 16
2026/09/25 12:34:07.765, 0, P1, 2610 MHz, 13365 MHz, 89.09 W, 600.00 W, 600.00 W, 61, 14740 MiB, 0 %, 5, 16
2026/09/25 12:34:08.016, 0, P1, 2610 MHz, 13365 MHz, 87.38 W, 600.00 W, 600.00 W, 61, 14740 MiB, 0 %, 5, 16
2026/09/25 12:34:08.266, 0, P1, 2610 MHz, 13365 MHz, 87.38 W, 600.00 W, 600.00 W, 61, 14740 MiB, 0 %, 5, 16
2026/09/25 12:34:08.516, 0, P1, 2610 MHz, 13365 MHz, 87.38 W, 600.00 W, 600.00 W, 61, 14740 MiB, 0 %, 5, 16
2026/09/25 12:34:08.767, 0, P1, 2610 MHz, 13365 MHz, 87.38 W, 600.00 W, 600.00 W, 61, 14740 MiB, 0 %, 5, 16
2026/09/25 12:34:09.017, 0, P1, 2610 MHz, 13365 MHz, 86.38 W, 600.00 W, 600.00 W, 61, 14740 MiB, 0 %, 5, 16
2026/09/25 12:34:09.268, 0, P1, 2610 MHz, 13365 MHz, 86.38 W, 600.00 W, 600.00 W, 61, 14740 MiB, 0 %, 5, 16
2026/09/25 12:34:09.518, 0, P1, 2610 MHz, 13365 MHz, 86.38 W, 600.00 W, 600.00 W, 61, 14740 MiB, 0 %, 5, 16
2026/09/25 12:34:09.768, 0, P1, 2610 MHz, 13365 MHz, 86.38 W, 600.00 W, 600.00 W, 61, 14740 MiB, 0 %, 5, 16
2026/09/25 12:34:10.019, 0, P1, 2610 MHz, 13365 MHz, 86.49 W, 600.00 W, 600.00 W, 60, 14740 MiB, 0 %, 5, 16
2026/09/25 12:34:10.269, 0, P1, 2610 MHz, 13365 MHz, 86.49 W, 600.00 W, 600.00 W, 60, 14740 MiB, 0 %, 5, 16
2026/09/25 12:34:10.519, 0, P1, 2610 MHz, 13365 MHz, 86.49 W, 600.00 W, 600.00 W, 60, 14740 MiB, 0 %, 5, 16
2026/09/25 12:34:10.770, 0, P1, 2610 MHz, 13365 MHz, 86.49 W, 600.00 W, 600.00 W, 60, 14740 MiB, 0 %, 5, 16
2026/09/25 12:34:11.020, 0, P1, 2610 MHz, 13365 MHz, 86.25 W, 600.00 W, 600.00 W, 60, 14740 MiB, 0 %, 5, 16
2026/09/25 12:34:11.271, 0, P1, 2610 MHz, 13365 MHz, 86.25 W, 600.00 W, 600.00 W, 60, 14740 MiB, 0 %, 5, 16
2026/09/25 12:34:11.521, 0, P1, 2610 MHz, 13365 MHz, 86.25 W, 600.00 W, 600.00 W, 60, 14740 MiB, 0 %, 5, 16
2026/09/25 12:34:11.771, 0, P1, 2610 MHz, 13365 MHz, 86.25 W, 600.00 W, 600.00 W, 60, 14740 MiB, 0 %, 5, 16
2026/09/25 12:34:12.022, 0, P1, 2610 MHz, 13365 MHz, 85.36 W, 600.00 W, 600.00 W, 60, 14740 MiB, 0 %, 5, 16
2026/09/25 12:34:12.272, 0, P1, 2610 MHz, 13365 MHz, 85.36 W, 600.00 W, 600.00 W, 60, 14740 MiB, 0 %, 5, 16
2026/09/25 12:34:12.522, 0, P1, 2610 MHz, 13365 MHz, 85.36 W, 600.00 W, 600.00 W, 60, 14740 MiB, 0 %, 5, 16
2026/09/25 12:34:12.773, 0, P1, 2610 MHz, 13365 MHz, 85.36 W, 600.00 W, 600.00 W, 60, 14740 MiB, 0 %, 5, 16
2026/09/25 12:34:13.023, 0, P1, 2610 MHz, 13365 MHz, 84.96 W, 600.00 W, 600.00 W, 59, 14740 MiB, 0 %, 5, 16
2026/09/25 12:34:13.274, 0, P1, 2610 MHz, 13365 MHz, 84.96 W, 600.00 W, 600.00 W, 59, 14740 MiB, 0 %, 5, 16
2026/09/25 12:34:13.525, 0, P1, 2610 MHz, 13365 MHz, 84.72 W, 600.00 W, 600.00 W, 59, 14740 MiB, 0 %, 5, 16
2026/09/25 12:34:13.776, 0, P1, 2610 MHz, 13365 MHz, 84.72 W, 600.00 W, 600.00 W, 59, 14740 MiB, 0 %, 5, 16
2026/09/25 12:34:14.027, 0, P1, 2610 MHz, 13365 MHz, 84.93 W, 600.00 W, 600.00 W, 59, 14740 MiB, 0 %, 5, 16
2026/09/25 12:34:14.278, 0, P1, 2610 MHz, 13365 MHz, 84.93 W, 600.00 W, 600.00 W, 59, 14740 MiB, 0 %, 5, 16
2026/09/25 12:34:14.528, 0, P1, 2610 MHz, 13365 MHz, 84.93 W, 600.00 W, 600.00 W, 59, 14740 MiB, 0 %, 5, 16
2026/09/25 12:34:14.779, 0, P1, 2610 MHz, 13365 MHz, 84.93 W, 600.00 W, 600.00 W, 59, 14740 MiB, 0 %, 5, 16
2026/09/25 12:34:15.029, 0, P1, 2610 MHz, 13365 MHz, 83.50 W, 600.00 W, 600.00 W, 58, 16052 MiB, 0 %, 5, 16
2026/09/25 12:34:15.280, 0, P1, 2610 MHz, 13365 MHz, 83.50 W, 600.00 W, 600.00 W, 58, 16820 MiB, 0 %, 5, 16
2026/09/25 12:34:15.530, 0, P1, 2820 MHz, 13365 MHz, 159.78 W, 600.00 W, 600.00 W, 65, 16820 MiB, 96 %, 5, 16
2026/09/25 12:34:15.781, 0, P1, 2820 MHz, 13365 MHz, 159.78 W, 600.00 W, 600.00 W, 65, 16820 MiB, 96 %, 5, 16
2026/09/25 12:34:16.032, 0, P1, 2820 MHz, 13365 MHz, 235.34 W, 600.00 W, 600.00 W, 66, 16820 MiB, 100 %, 5, 16
2026/09/25 12:34:16.283, 0, P1, 2820 MHz, 13365 MHz, 235.34 W, 600.00 W, 600.00 W, 66, 16820 MiB, 100 %, 5, 16
2026/09/25 12:34:16.534, 0, P1, 2820 MHz, 13365 MHz, 455.52 W, 600.00 W, 600.00 W, 67, 16820 MiB, 100 %, 5, 16
2026/09/25 12:34:16.785, 0, P1, 2820 MHz, 13365 MHz, 455.52 W, 600.00 W, 600.00 W, 67, 16820 MiB, 100 %, 5, 16
2026/09/25 12:34:17.036, 0, P1, 2835 MHz, 13365 MHz, 467.44 W, 600.00 W, 600.00 W, 68, 16820 MiB, 100 %, 5, 16
2026/09/25 12:34:17.287, 0, P1, 2835 MHz, 13365 MHz, 467.44 W, 600.00 W, 600.00 W, 68, 16820 MiB, 100 %, 5, 16
2026/09/25 12:34:17.537, 0, P1, 2835 MHz, 13365 MHz, 478.55 W, 600.00 W, 600.00 W, 67, 16820 MiB, 100 %, 5, 16
2026/09/25 12:34:17.788, 0, P1, 2835 MHz, 13365 MHz, 478.55 W, 600.00 W, 600.00 W, 67, 17108 MiB, 100 %, 5, 16
2026/09/25 12:34:18.039, 0, P1, 2820 MHz, 13365 MHz, 462.36 W, 600.00 W, 600.00 W, 67, 17108 MiB, 100 %, 5, 16
2026/09/25 12:34:18.290, 0, P1, 2820 MHz, 13365 MHz, 462.36 W, 600.00 W, 600.00 W, 67, 17108 MiB, 100 %, 5, 16
2026/09/25 12:34:18.541, 0, P1, 2820 MHz, 13365 MHz, 451.57 W, 600.00 W, 600.00 W, 68, 17108 MiB, 100 %, 5, 16
2026/09/25 12:34:18.792, 0, P1, 2820 MHz, 13365 MHz, 451.57 W, 600.00 W, 600.00 W, 68, 17108 MiB, 100 %, 5, 16
2026/09/25 12:34:19.043, 0, P1, 2835 MHz, 13365 MHz, 468.82 W, 600.00 W, 600.00 W, 68, 17108 MiB, 100 %, 5, 16
2026/09/25 12:34:19.293, 0, P1, 2835 MHz, 13365 MHz, 468.82 W, 600.00 W, 600.00 W, 68, 17108 MiB, 100 %, 5, 16
2026/09/25 12:34:19.544, 0, P1, 2835 MHz, 13365 MHz, 479.73 W, 600.00 W, 600.00 W, 68, 17108 MiB, 94 %, 5, 16
2026/09/25 12:34:19.795, 0, P1, 2835 MHz, 13365 MHz, 479.73 W, 600.00 W, 600.00 W, 68, 17108 MiB, 94 %, 5, 16
2026/09/25 12:34:20.046, 0, P1, 2820 MHz, 13365 MHz, 471.43 W, 600.00 W, 600.00 W, 68, 17108 MiB, 100 %, 5, 16
2026/09/25 12:34:20.297, 0, P1, 2820 MHz, 13365 MHz, 471.43 W, 600.00 W, 600.00 W, 68, 17108 MiB, 100 %, 5, 16
2026/09/25 12:34:20.547, 0, P1, 2820 MHz, 13365 MHz, 457.89 W, 600.00 W, 600.00 W, 68, 17108 MiB, 100 %, 5, 16
2026/09/25 12:34:20.798, 0, P1, 2820 MHz, 13365 MHz, 457.89 W, 600.00 W, 600.00 W, 68, 17108 MiB, 100 %, 5, 16
2026/09/25 12:34:21.049, 0, P1, 2835 MHz, 13365 MHz, 470.08 W, 600.00 W, 600.00 W, 69, 17108 MiB, 100 %, 5, 16
2026/09/25 12:34:21.300, 0, P1, 2835 MHz, 13365 MHz, 470.08 W, 600.00 W, 600.00 W, 69, 17108 MiB, 100 %, 5, 16
2026/09/25 12:34:21.551, 0, P1, 2835 MHz, 13365 MHz, 481.53 W, 600.00 W, 600.00 W, 69, 17108 MiB, 100 %, 5, 16
2026/09/25 12:34:21.802, 0, P1, 2835 MHz, 13365 MHz, 481.53 W, 600.00 W, 600.00 W, 69, 17108 MiB, 100 %, 5, 16
2026/09/25 12:34:22.053, 0, P1, 2820 MHz, 13365 MHz, 464.02 W, 600.00 W, 600.00 W, 68, 17108 MiB, 100 %, 5, 16
2026/09/25 12:34:22.304, 0, P1, 2820 MHz, 13365 MHz, 464.02 W, 600.00 W, 600.00 W, 68, 17108 MiB, 100 %, 5, 16
2026/09/25 12:34:22.554, 0, P1, 2820 MHz, 13365 MHz, 452.35 W, 600.00 W, 600.00 W, 69, 17108 MiB, 100 %, 5, 16
2026/09/25 12:34:22.805, 0, P1, 2820 MHz, 13365 MHz, 452.35 W, 600.00 W, 600.00 W, 69, 17108 MiB, 100 %, 5, 16
2026/09/25 12:34:23.056, 0, P1, 2835 MHz, 13365 MHz, 471.15 W, 600.00 W, 600.00 W, 69, 17108 MiB, 100 %, 5, 16
2026/09/25 12:34:23.307, 0, P1, 2835 MHz, 13365 MHz, 471.15 W, 600.00 W, 600.00 W, 69, 17108 MiB, 100 %, 5, 16
2026/09/25 12:34:23.558, 0, P1, 2835 MHz, 13365 MHz, 483.19 W, 600.00 W, 600.00 W, 69, 17108 MiB, 95 %, 5, 16
2026/09/25 12:34:23.809, 0, P1, 2835 MHz, 13365 MHz, 483.19 W, 600.00 W, 600.00 W, 69, 17108 MiB, 95 %, 5, 16
2026/09/25 12:34:24.059, 0, P1, 2820 MHz, 13365 MHz, 470.97 W, 600.00 W, 600.00 W, 69, 17108 MiB, 100 %, 5, 16
2026/09/25 12:34:24.310, 0, P1, 2820 MHz, 13365 MHz, 470.97 W, 600.00 W, 600.00 W, 69, 17108 MiB, 100 %, 5, 16
2026/09/25 12:34:24.561, 0, P1, 2820 MHz, 13365 MHz, 456.24 W, 600.00 W, 600.00 W, 69, 17108 MiB, 100 %, 5, 16
2026/09/25 12:34:24.812, 0, P1, 2820 MHz, 13365 MHz, 456.24 W, 600.00 W, 600.00 W, 69, 17108 MiB, 100 %, 5, 16
2026/09/25 12:34:25.063, 0, P1, 2835 MHz, 13365 MHz, 472.86 W, 600.00 W, 600.00 W, 70, 17108 MiB, 100 %, 5, 16
2026/09/25 12:34:25.314, 0, P1, 2835 MHz, 13365 MHz, 472.86 W, 600.00 W, 600.00 W, 70, 17108 MiB, 100 %, 5, 16
2026/09/25 12:34:25.565, 0, P1, 2835 MHz, 13365 MHz, 484.11 W, 600.00 W, 600.00 W, 69, 17108 MiB, 100 %, 5, 16
2026/09/25 12:34:25.815, 0, P1, 2835 MHz, 13365 MHz, 484.11 W, 600.00 W, 600.00 W, 69, 17108 MiB, 100 %, 5, 16
2026/09/25 12:34:26.066, 0, P1, 2820 MHz, 13365 MHz, 467.95 W, 600.00 W, 600.00 W, 69, 17108 MiB, 100 %, 5, 16
2026/09/25 12:34:26.317, 0, P1, 2820 MHz, 13365 MHz, 467.95 W, 600.00 W, 600.00 W, 69, 17108 MiB, 100 %, 5, 16
2026/09/25 12:34:26.568, 0, P1, 2820 MHz, 13365 MHz, 452.86 W, 600.00 W, 600.00 W, 69, 17108 MiB, 100 %, 5, 16
2026/09/25 12:34:26.819, 0, P1, 2820 MHz, 13365 MHz, 452.86 W, 600.00 W, 600.00 W, 69, 17108 MiB, 100 %, 5, 16
2026/09/25 12:34:27.070, 0, P1, 2835 MHz, 13365 MHz, 472.30 W, 600.00 W, 600.00 W, 70, 17108 MiB, 100 %, 5, 16
2026/09/25 12:34:27.321, 0, P1, 2835 MHz, 13365 MHz, 472.30 W, 600.00 W, 600.00 W, 70, 17108 MiB, 100 %, 5, 16
2026/09/25 12:34:27.571, 0, P1, 2835 MHz, 13365 MHz, 484.64 W, 600.00 W, 600.00 W, 70, 17108 MiB, 97 %, 5, 16
2026/09/25 12:34:27.822, 0, P1, 2835 MHz, 13365 MHz, 484.64 W, 600.00 W, 600.00 W, 70, 17108 MiB, 97 %, 5, 16
2026/09/25 12:34:28.073, 0, P1, 2820 MHz, 13365 MHz, 471.74 W, 600.00 W, 600.00 W, 70, 17108 MiB, 100 %, 5, 16
2026/09/25 12:34:28.323, 0, P1, 2820 MHz, 13365 MHz, 471.74 W, 600.00 W, 600.00 W, 70, 17108 MiB, 100 %, 5, 16
2026/09/25 12:34:28.574, 0, P1, 2820 MHz, 13365 MHz, 456.68 W, 600.00 W, 600.00 W, 70, 17108 MiB, 100 %, 5, 16
2026/09/25 12:34:28.825, 0, P1, 2820 MHz, 13365 MHz, 456.68 W, 600.00 W, 600.00 W, 70, 17108 MiB, 100 %, 5, 16
2026/09/25 12:34:29.076, 0, P1, 2835 MHz, 13365 MHz, 473.48 W, 600.00 W, 600.00 W, 70, 17108 MiB, 100 %, 5, 16
2026/09/25 12:34:29.327, 0, P1, 2835 MHz, 13365 MHz, 473.48 W, 600.00 W, 600.00 W, 70, 17108 MiB, 100 %, 5, 16
2026/09/25 12:34:29.578, 0, P1, 2835 MHz, 13365 MHz, 485.05 W, 600.00 W, 600.00 W, 70, 17108 MiB, 100 %, 5, 16
2026/09/25 12:34:29.829, 0, P1, 2835 MHz, 13365 MHz, 485.05 W, 600.00 W, 600.00 W, 70, 17108 MiB, 100 %, 5, 16
2026/09/25 12:34:30.080, 0, P1, 2820 MHz, 13365 MHz, 466.11 W, 600.00 W, 600.00 W, 70, 17108 MiB, 100 %, 5, 16
2026/09/25 12:34:30.331, 0, P1, 2820 MHz, 13365 MHz, 466.11 W, 600.00 W, 600.00 W, 70, 17108 MiB, 100 %, 5, 16
2026/09/25 12:34:30.582, 0, P1, 2820 MHz, 13365 MHz, 454.35 W, 600.00 W, 600.00 W, 70, 17108 MiB, 100 %, 5, 16
2026/09/25 12:34:30.833, 0, P1, 2820 MHz, 13365 MHz, 454.35 W, 600.00 W, 600.00 W, 70, 17108 MiB, 100 %, 5, 16
2026/09/25 12:34:31.084, 0, P1, 2835 MHz, 13365 MHz, 472.64 W, 600.00 W, 600.00 W, 71, 17108 MiB, 100 %, 5, 16
2026/09/25 12:34:31.335, 0, P1, 2835 MHz, 13365 MHz, 472.64 W, 600.00 W, 600.00 W, 71, 17108 MiB, 100 %, 5, 16
2026/09/25 12:34:31.585, 0, P1, 2835 MHz, 13365 MHz, 485.33 W, 600.00 W, 600.00 W, 70, 17108 MiB, 99 %, 5, 16
2026/09/25 12:34:31.836, 0, P1, 2835 MHz, 13365 MHz, 485.33 W, 600.00 W, 600.00 W, 70, 17108 MiB, 99 %, 5, 16
2026/09/25 12:34:32.087, 0, P1, 2820 MHz, 13365 MHz, 472.50 W, 600.00 W, 600.00 W, 70, 17108 MiB, 100 %, 5, 16
2026/09/25 12:34:32.338, 0, P1, 2820 MHz, 13365 MHz, 472.50 W, 600.00 W, 600.00 W, 70, 17108 MiB, 100 %, 5, 16
2026/09/25 12:34:32.589, 0, P1, 2820 MHz, 13365 MHz, 457.57 W, 600.00 W, 600.00 W, 71, 17108 MiB, 100 %, 5, 16
2026/09/25 12:34:32.840, 0, P1, 2820 MHz, 13365 MHz, 457.57 W, 600.00 W, 600.00 W, 71, 17108 MiB, 100 %, 5, 16
2026/09/25 12:34:33.091, 0, P1, 2835 MHz, 13365 MHz, 475.86 W, 600.00 W, 600.00 W, 71, 17108 MiB, 100 %, 5, 16
2026/09/25 12:34:33.341, 0, P1, 2835 MHz, 13365 MHz, 475.86 W, 600.00 W, 600.00 W, 71, 17108 MiB, 100 %, 5, 16
2026/09/25 12:34:33.592, 0, P1, 2835 MHz, 13365 MHz, 485.17 W, 600.00 W, 600.00 W, 71, 17108 MiB, 100 %, 5, 16
2026/09/25 12:34:33.843, 0, P1, 2835 MHz, 13365 MHz, 485.17 W, 600.00 W, 600.00 W, 71, 17108 MiB, 100 %, 5, 16
2026/09/25 12:34:34.094, 0, P1, 2812 MHz, 13365 MHz, 470.36 W, 600.00 W, 600.00 W, 70, 17108 MiB, 100 %, 5, 16
2026/09/25 12:34:34.345, 0, P1, 2812 MHz, 13365 MHz, 470.36 W, 600.00 W, 600.00 W, 70, 17108 MiB, 100 %, 5, 16
2026/09/25 12:34:34.596, 0, P1, 2820 MHz, 13365 MHz, 456.11 W, 600.00 W, 600.00 W, 71, 17108 MiB, 100 %, 5, 16
2026/09/25 12:34:34.847, 0, P1, 2820 MHz, 13365 MHz, 456.11 W, 600.00 W, 600.00 W, 71, 17108 MiB, 100 %, 5, 16
2026/09/25 12:34:35.098, 0, P1, 2835 MHz, 13365 MHz, 474.20 W, 600.00 W, 600.00 W, 71, 17108 MiB, 100 %, 5, 16
2026/09/25 12:34:35.349, 0, P1, 2835 MHz, 13365 MHz, 474.20 W, 600.00 W, 600.00 W, 71, 17108 MiB, 100 %, 5, 16
2026/09/25 12:34:35.600, 0, P1, 2835 MHz, 13365 MHz, 487.65 W, 600.00 W, 600.00 W, 71, 17108 MiB, 100 %, 5, 16
2026/09/25 12:34:35.850, 0, P1, 2835 MHz, 13365 MHz, 487.65 W, 600.00 W, 600.00 W, 71, 17108 MiB, 100 %, 5, 16
2026/09/25 12:34:36.101, 0, P1, 2820 MHz, 13365 MHz, 471.74 W, 600.00 W, 600.00 W, 71, 17108 MiB, 99 %, 5, 16
2026/09/25 12:34:36.352, 0, P1, 2820 MHz, 13365 MHz, 471.74 W, 600.00 W, 600.00 W, 71, 17108 MiB, 99 %, 5, 16
2026/09/25 12:34:36.603, 0, P1, 2820 MHz, 13365 MHz, 452.43 W, 600.00 W, 600.00 W, 71, 17108 MiB, 100 %, 5, 16
2026/09/25 12:34:36.854, 0, P1, 2820 MHz, 13365 MHz, 452.43 W, 600.00 W, 600.00 W, 71, 17108 MiB, 100 %, 5, 16
2026/09/25 12:34:37.105, 0, P1, 2835 MHz, 13365 MHz, 474.66 W, 600.00 W, 600.00 W, 71, 17108 MiB, 100 %, 5, 16
2026/09/25 12:34:37.356, 0, P1, 2835 MHz, 13365 MHz, 474.66 W, 600.00 W, 600.00 W, 71, 17108 MiB, 100 %, 5, 16
2026/09/25 12:34:37.606, 0, P1, 2835 MHz, 13365 MHz, 484.64 W, 600.00 W, 600.00 W, 71, 17108 MiB, 94 %, 5, 16
2026/09/25 12:34:37.857, 0, P1, 2835 MHz, 13365 MHz, 484.64 W, 600.00 W, 600.00 W, 71, 17108 MiB, 94 %, 5, 16
2026/09/25 12:34:38.108, 0, P1, 2820 MHz, 13365 MHz, 476.55 W, 600.00 W, 600.00 W, 71, 17108 MiB, 100 %, 5, 16
2026/09/25 12:34:38.359, 0, P1, 2820 MHz, 13365 MHz, 476.55 W, 600.00 W, 600.00 W, 71, 17108 MiB, 100 %, 5, 16
2026/09/25 12:34:38.609, 0, P1, 2820 MHz, 13365 MHz, 464.93 W, 600.00 W, 600.00 W, 71, 17108 MiB, 100 %, 5, 16
2026/09/25 12:34:38.860, 0, P1, 2820 MHz, 13365 MHz, 464.93 W, 600.00 W, 600.00 W, 71, 17108 MiB, 100 %, 5, 16
2026/09/25 12:34:39.111, 0, P1, 2835 MHz, 13365 MHz, 476.83 W, 600.00 W, 600.00 W, 72, 17108 MiB, 100 %, 5, 16
2026/09/25 12:34:39.362, 0, P1, 2835 MHz, 13365 MHz, 476.83 W, 600.00 W, 600.00 W, 72, 17108 MiB, 100 %, 5, 16
2026/09/25 12:34:39.613, 0, P1, 2835 MHz, 13365 MHz, 487.03 W, 600.00 W, 600.00 W, 71, 17108 MiB, 100 %, 5, 16
2026/09/25 12:34:39.864, 0, P1, 2835 MHz, 13365 MHz, 487.03 W, 600.00 W, 600.00 W, 71, 17108 MiB, 100 %, 5, 16
2026/09/25 12:34:40.115, 0, P1, 2820 MHz, 13365 MHz, 474.11 W, 600.00 W, 600.00 W, 71, 17108 MiB, 99 %, 5, 16
2026/09/25 12:34:40.366, 0, P1, 2820 MHz, 13365 MHz, 474.11 W, 600.00 W, 600.00 W, 71, 17108 MiB, 99 %, 5, 16
2026/09/25 12:34:40.617, 0, P1, 2820 MHz, 13365 MHz, 459.20 W, 600.00 W, 600.00 W, 71, 17108 MiB, 100 %, 5, 16
2026/09/25 12:34:40.868, 0, P1, 2820 MHz, 13365 MHz, 459.20 W, 600.00 W, 600.00 W, 71, 17108 MiB, 100 %, 5, 16
2026/09/25 12:34:41.119, 0, P1, 2835 MHz, 13365 MHz, 475.86 W, 600.00 W, 600.00 W, 72, 17108 MiB, 100 %, 5, 16
2026/09/25 12:34:41.369, 0, P1, 2835 MHz, 13365 MHz, 475.86 W, 600.00 W, 600.00 W, 72, 17108 MiB, 100 %, 5, 16
2026/09/25 12:34:41.620, 0, P1, 2835 MHz, 13365 MHz, 486.23 W, 600.00 W, 600.00 W, 71, 17108 MiB, 94 %, 5, 16
2026/09/25 12:34:41.871, 0, P1, 2835 MHz, 13365 MHz, 486.23 W, 600.00 W, 600.00 W, 71, 17108 MiB, 94 %, 5, 16
2026/09/25 12:34:42.122, 0, P1, 2820 MHz, 13365 MHz, 479.74 W, 600.00 W, 600.00 W, 71, 17108 MiB, 100 %, 5, 16
2026/09/25 12:34:42.373, 0, P1, 2820 MHz, 13365 MHz, 479.74 W, 600.00 W, 600.00 W, 71, 17108 MiB, 100 %, 5, 16
2026/09/25 12:34:42.624, 0, P1, 2820 MHz, 13365 MHz, 461.64 W, 600.00 W, 600.00 W, 72, 17108 MiB, 100 %, 5, 16
2026/09/25 12:34:42.875, 0, P1, 2820 MHz, 13365 MHz, 461.64 W, 600.00 W, 600.00 W, 72, 17108 MiB, 100 %, 5, 16
2026/09/25 12:34:43.126, 0, P1, 2835 MHz, 13365 MHz, 478.89 W, 600.00 W, 600.00 W, 72, 17108 MiB, 100 %, 5, 16
2026/09/25 12:34:43.377, 0, P1, 2835 MHz, 13365 MHz, 478.89 W, 600.00 W, 600.00 W, 72, 17108 MiB, 100 %, 5, 16
2026/09/25 12:34:43.628, 0, P1, 2835 MHz, 13365 MHz, 491.04 W, 600.00 W, 600.00 W, 72, 17108 MiB, 100 %, 5, 16
2026/09/25 12:34:43.879, 0, P1, 2835 MHz, 13365 MHz, 491.04 W, 600.00 W, 600.00 W, 72, 17108 MiB, 100 %, 5, 16
2026/09/25 12:34:44.129, 0, P1, 2820 MHz, 13365 MHz, 475.33 W, 600.00 W, 600.00 W, 72, 17108 MiB, 99 %, 5, 16
2026/09/25 12:34:44.380, 0, P1, 2820 MHz, 13365 MHz, 475.33 W, 600.00 W, 600.00 W, 72, 17108 MiB, 99 %, 5, 16
2026/09/25 12:34:44.631, 0, P1, 2820 MHz, 13365 MHz, 456.35 W, 600.00 W, 600.00 W, 72, 17108 MiB, 100 %, 5, 16
2026/09/25 12:34:44.882, 0, P1, 2820 MHz, 13365 MHz, 456.35 W, 600.00 W, 600.00 W, 72, 17108 MiB, 100 %, 5, 16
2026/09/25 12:34:45.133, 0, P1, 2835 MHz, 13365 MHz, 477.00 W, 600.00 W, 600.00 W, 72, 17108 MiB, 99 %, 5, 16
2026/09/25 12:34:45.384, 0, P1, 2835 MHz, 13365 MHz, 477.00 W, 600.00 W, 600.00 W, 72, 17108 MiB, 99 %, 5, 16
2026/09/25 12:34:45.635, 0, P1, 2835 MHz, 13365 MHz, 491.11 W, 600.00 W, 600.00 W, 72, 17108 MiB, 94 %, 5, 16
2026/09/25 12:34:45.886, 0, P1, 2835 MHz, 13365 MHz, 491.11 W, 600.00 W, 600.00 W, 72, 17108 MiB, 94 %, 5, 16
2026/09/25 12:34:46.136, 0, P1, 2820 MHz, 13365 MHz, 480.91 W, 600.00 W, 600.00 W, 72, 17108 MiB, 100 %, 5, 16
2026/09/25 12:34:46.387, 0, P1, 2820 MHz, 13365 MHz, 480.91 W, 600.00 W, 600.00 W, 72, 17108 MiB, 100 %, 5, 16
2026/09/25 12:34:46.638, 0, P1, 2820 MHz, 13365 MHz, 462.72 W, 600.00 W, 600.00 W, 72, 17108 MiB, 100 %, 5, 16
2026/09/25 12:34:46.889, 0, P1, 2820 MHz, 13365 MHz, 462.72 W, 600.00 W, 600.00 W, 72, 17108 MiB, 100 %, 5, 16
2026/09/25 12:34:47.139, 0, P1, 2835 MHz, 13365 MHz, 479.92 W, 600.00 W, 600.00 W, 73, 17108 MiB, 100 %, 5, 16
2026/09/25 12:34:47.390, 0, P1, 2835 MHz, 13365 MHz, 479.92 W, 600.00 W, 600.00 W, 73, 17108 MiB, 100 %, 5, 16
2026/09/25 12:34:47.641, 0, P1, 2835 MHz, 13365 MHz, 491.95 W, 600.00 W, 600.00 W, 72, 17108 MiB, 100 %, 5, 16
2026/09/25 12:34:47.892, 0, P1, 2835 MHz, 13365 MHz, 491.95 W, 600.00 W, 600.00 W, 72, 17108 MiB, 100 %, 5, 16
2026/09/25 12:34:48.143, 0, P1, 2820 MHz, 13365 MHz, 473.77 W, 600.00 W, 600.00 W, 72, 17108 MiB, 99 %, 5, 16
2026/09/25 12:34:48.393, 0, P1, 2820 MHz, 13365 MHz, 473.77 W, 600.00 W, 600.00 W, 72, 17108 MiB, 99 %, 5, 16
2026/09/25 12:34:48.644, 0, P1, 2820 MHz, 13365 MHz, 457.88 W, 600.00 W, 600.00 W, 72, 17108 MiB, 100 %, 5, 16
2026/09/25 12:34:48.895, 0, P1, 2820 MHz, 13365 MHz, 457.88 W, 600.00 W, 600.00 W, 72, 17108 MiB, 100 %, 5, 16
2026/09/25 12:34:49.146, 0, P1, 2835 MHz, 13365 MHz, 477.90 W, 600.00 W, 600.00 W, 73, 17108 MiB, 100 %, 5, 16
2026/09/25 12:34:49.397, 0, P1, 2835 MHz, 13365 MHz, 477.90 W, 600.00 W, 600.00 W, 73, 17108 MiB, 100 %, 5, 16
2026/09/25 12:34:49.647, 0, P1, 2835 MHz, 13365 MHz, 488.60 W, 600.00 W, 600.00 W, 72, 17108 MiB, 94 %, 5, 16
2026/09/25 12:34:49.898, 0, P1, 2820 MHz, 13365 MHz, 481.78 W, 600.00 W, 600.00 W, 72, 17108 MiB, 94 %, 5, 16
2026/09/25 12:34:50.149, 0, P1, 2820 MHz, 13365 MHz, 481.78 W, 600.00 W, 600.00 W, 72, 17108 MiB, 100 %, 5, 16
2026/09/25 12:34:50.400, 0, P1, 2820 MHz, 13365 MHz, 464.23 W, 600.00 W, 600.00 W, 73, 17108 MiB, 100 %, 5, 16
2026/09/25 12:34:50.651, 0, P1, 2820 MHz, 13365 MHz, 464.23 W, 600.00 W, 600.00 W, 73, 17108 MiB, 100 %, 5, 16
2026/09/25 12:34:50.902, 0, P1, 2835 MHz, 13365 MHz, 481.67 W, 600.00 W, 600.00 W, 73, 17108 MiB, 100 %, 5, 16
2026/09/25 12:34:51.153, 0, P1, 2835 MHz, 13365 MHz, 481.67 W, 600.00 W, 600.00 W, 73, 17108 MiB, 100 %, 5, 16
2026/09/25 12:34:51.404, 0, P1, 2835 MHz, 13365 MHz, 492.79 W, 600.00 W, 600.00 W, 73, 17108 MiB, 100 %, 5, 16
2026/09/25 12:34:51.655, 0, P1, 2835 MHz, 13365 MHz, 492.79 W, 600.00 W, 600.00 W, 73, 17108 MiB, 100 %, 5, 16
2026/09/25 12:34:51.905, 0, P1, 2820 MHz, 13365 MHz, 476.36 W, 600.00 W, 600.00 W, 73, 17108 MiB, 99 %, 5, 16
2026/09/25 12:34:52.156, 0, P1, 2820 MHz, 13365 MHz, 476.36 W, 600.00 W, 600.00 W, 73, 17108 MiB, 99 %, 5, 16
2026/09/25 12:34:52.407, 0, P1, 2820 MHz, 13365 MHz, 457.24 W, 600.00 W, 600.00 W, 72, 17108 MiB, 100 %, 5, 16
2026/09/25 12:34:52.658, 0, P1, 2820 MHz, 13365 MHz, 457.24 W, 600.00 W, 600.00 W, 72, 17108 MiB, 100 %, 5, 16
2026/09/25 12:34:52.909, 0, P1, 2835 MHz, 13365 MHz, 479.06 W, 600.00 W, 600.00 W, 73, 17108 MiB, 100 %, 5, 16
2026/09/25 12:34:53.160, 0, P1, 2835 MHz, 13365 MHz, 479.06 W, 600.00 W, 600.00 W, 73, 17108 MiB, 100 %, 5, 16
2026/09/25 12:34:53.411, 0, P1, 2820 MHz, 13365 MHz, 492.68 W, 600.00 W, 600.00 W, 72, 17108 MiB, 94 %, 5, 16
2026/09/25 12:34:53.662, 0, P1, 2820 MHz, 13365 MHz, 492.68 W, 600.00 W, 600.00 W, 72, 17108 MiB, 94 %, 5, 16
2026/09/25 12:34:53.912, 0, P1, 2812 MHz, 13365 MHz, 481.98 W, 600.00 W, 600.00 W, 73, 17108 MiB, 100 %, 5, 16
2026/09/25 12:34:54.163, 0, P1, 2812 MHz, 13365 MHz, 481.98 W, 600.00 W, 600.00 W, 73, 17108 MiB, 100 %, 5, 16
2026/09/25 12:34:54.414, 0, P1, 2812 MHz, 13365 MHz, 468.02 W, 600.00 W, 600.00 W, 73, 17108 MiB, 100 %, 5, 16
2026/09/25 12:34:54.665, 0, P1, 2812 MHz, 13365 MHz, 468.02 W, 600.00 W, 600.00 W, 73, 17108 MiB, 100 %, 5, 16
2026/09/25 12:34:54.916, 0, P1, 2820 MHz, 13365 MHz, 479.83 W, 600.00 W, 600.00 W, 74, 17108 MiB, 100 %, 5, 16
2026/09/25 12:34:55.167, 0, P1, 2820 MHz, 13365 MHz, 479.83 W, 600.00 W, 600.00 W, 74, 17108 MiB, 100 %, 5, 16
2026/09/25 12:34:55.418, 0, P1, 2820 MHz, 13365 MHz, 462.87 W, 600.00 W, 600.00 W, 68, 17105 MiB, 0 %, 5, 16
2026/09/25 12:34:55.669, 0, P1, 2820 MHz, 13365 MHz, 462.87 W, 600.00 W, 600.00 W, 68, 2 MiB, 0 %, 5, 16
2026/09/25 12:34:55.920, 0, P0, 2842 MHz, 14001 MHz, 273.20 W, 600.00 W, 600.00 W, 66, 2 MiB, 0 %, 5, 16
2026/09/25 12:34:56.171, 0, P0, 2842 MHz, 14001 MHz, 273.20 W, 600.00 W, 600.00 W, 66, 2 MiB, 0 %, 5, 16
2026/09/25 12:34:56.422, 0, P0, 2842 MHz, 14001 MHz, 119.48 W, 600.00 W, 600.00 W, 65, 2 MiB, 0 %, 5, 16
2026/09/25 12:34:56.701, 0, P0, 2842 MHz, 14001 MHz, 119.48 W, 600.00 W, 600.00 W, 65, 596 MiB, 0 %, 5, 16
2026/09/25 12:34:56.952, 0, P1, 2842 MHz, 14001 MHz, 117.56 W, 600.00 W, 600.00 W, 65, 2004 MiB, 21 %, 5, 16
2026/09/25 12:34:57.202, 0, P1, 2842 MHz, 14001 MHz, 117.56 W, 600.00 W, 600.00 W, 65, 3028 MiB, 21 %, 5, 16
2026/09/25 12:34:57.452, 0, P1, 2692 MHz, 13365 MHz, 112.06 W, 600.00 W, 600.00 W, 64, 4052 MiB, 11 %, 5, 16
2026/09/25 12:34:57.703, 0, P1, 2692 MHz, 13365 MHz, 112.06 W, 600.00 W, 600.00 W, 64, 5044 MiB, 11 %, 5, 16
2026/09/25 12:34:57.953, 0, P1, 2617 MHz, 13365 MHz, 99.25 W, 600.00 W, 600.00 W, 64, 5972 MiB, 10 %, 5, 16
2026/09/25 12:34:58.204, 0, P1, 2617 MHz, 13365 MHz, 99.25 W, 600.00 W, 600.00 W, 64, 6868 MiB, 10 %, 5, 16
2026/09/25 12:34:58.455, 0, P1, 2617 MHz, 13365 MHz, 94.56 W, 600.00 W, 600.00 W, 63, 7828 MiB, 10 %, 5, 16
2026/09/25 12:34:58.705, 0, P1, 2617 MHz, 13365 MHz, 94.56 W, 600.00 W, 600.00 W, 63, 8692 MiB, 10 %, 5, 16
2026/09/25 12:34:58.955, 0, P1, 2617 MHz, 13365 MHz, 93.84 W, 600.00 W, 600.00 W, 63, 9652 MiB, 10 %, 5, 16
2026/09/25 12:34:59.206, 0, P1, 2617 MHz, 13365 MHz, 93.84 W, 600.00 W, 600.00 W, 63, 10548 MiB, 10 %, 5, 16
2026/09/25 12:34:59.456, 0, P1, 2617 MHz, 13365 MHz, 93.24 W, 600.00 W, 600.00 W, 63, 11476 MiB, 10 %, 5, 16
2026/09/25 12:34:59.707, 0, P1, 2617 MHz, 13365 MHz, 93.24 W, 600.00 W, 600.00 W, 63, 12372 MiB, 10 %, 5, 16
2026/09/25 12:34:59.958, 0, P1, 2617 MHz, 13365 MHz, 92.99 W, 600.00 W, 600.00 W, 62, 13332 MiB, 11 %, 5, 16
2026/09/25 12:35:00.208, 0, P1, 2617 MHz, 13365 MHz, 92.99 W, 600.00 W, 600.00 W, 62, 14228 MiB, 11 %, 5, 16
2026/09/25 12:35:00.459, 0, P1, 2617 MHz, 13365 MHz, 92.94 W, 600.00 W, 600.00 W, 62, 14740 MiB, 9 %, 5, 16
2026/09/25 12:35:00.709, 0, P1, 2617 MHz, 13365 MHz, 92.94 W, 600.00 W, 600.00 W, 62, 14740 MiB, 9 %, 5, 16
2026/09/25 12:35:00.959, 0, P1, 2610 MHz, 13365 MHz, 91.31 W, 600.00 W, 600.00 W, 62, 14740 MiB, 0 %, 5, 16
2026/09/25 12:35:01.210, 0, P1, 2610 MHz, 13365 MHz, 91.31 W, 600.00 W, 600.00 W, 62, 14740 MiB, 0 %, 5, 16
2026/09/25 12:35:01.460, 0, P1, 2610 MHz, 13365 MHz, 90.03 W, 600.00 W, 600.00 W, 62, 14740 MiB, 0 %, 5, 16
2026/09/25 12:35:01.711, 0, P1, 2610 MHz, 13365 MHz, 90.03 W, 600.00 W, 600.00 W, 62, 14740 MiB, 0 %, 5, 16
2026/09/25 12:35:01.961, 0, P1, 2610 MHz, 13365 MHz, 90.03 W, 600.00 W, 600.00 W, 62, 14740 MiB, 0 %, 5, 16
2026/09/25 12:35:02.212, 0, P1, 2610 MHz, 13365 MHz, 90.03 W, 600.00 W, 600.00 W, 62, 14740 MiB, 0 %, 5, 16
2026/09/25 12:35:02.462, 0, P1, 2610 MHz, 13365 MHz, 87.64 W, 600.00 W, 600.00 W, 61, 14740 MiB, 0 %, 5, 16
2026/09/25 12:35:02.712, 0, P1, 2610 MHz, 13365 MHz, 87.64 W, 600.00 W, 600.00 W, 61, 14740 MiB, 0 %, 5, 16
2026/09/25 12:35:02.963, 0, P1, 2610 MHz, 13365 MHz, 87.64 W, 600.00 W, 600.00 W, 61, 14740 MiB, 0 %, 5, 16
2026/09/25 12:35:03.213, 0, P1, 2610 MHz, 13365 MHz, 87.64 W, 600.00 W, 600.00 W, 61, 14740 MiB, 0 %, 5, 16
2026/09/25 12:35:03.463, 0, P1, 2610 MHz, 13365 MHz, 87.35 W, 600.00 W, 600.00 W, 61, 14740 MiB, 0 %, 5, 16
2026/09/25 12:35:03.714, 0, P1, 2610 MHz, 13365 MHz, 87.35 W, 600.00 W, 600.00 W, 61, 14740 MiB, 0 %, 5, 16
2026/09/25 12:35:03.964, 0, P1, 2610 MHz, 13365 MHz, 87.35 W, 600.00 W, 600.00 W, 61, 14740 MiB, 0 %, 5, 16
2026/09/25 12:35:04.215, 0, P1, 2610 MHz, 13365 MHz, 87.35 W, 600.00 W, 600.00 W, 61, 14740 MiB, 0 %, 5, 16
2026/09/25 12:35:04.465, 0, P1, 2610 MHz, 13365 MHz, 86.71 W, 600.00 W, 600.00 W, 60, 14740 MiB, 0 %, 5, 16
2026/09/25 12:35:04.716, 0, P1, 2610 MHz, 13365 MHz, 86.71 W, 600.00 W, 600.00 W, 60, 14740 MiB, 0 %, 5, 16
2026/09/25 12:35:04.966, 0, P1, 2610 MHz, 13365 MHz, 86.71 W, 600.00 W, 600.00 W, 60, 14740 MiB, 0 %, 5, 16
2026/09/25 12:35:05.216, 0, P1, 2610 MHz, 13365 MHz, 86.71 W, 600.00 W, 600.00 W, 60, 14740 MiB, 0 %, 5, 16
2026/09/25 12:35:05.467, 0, P1, 2610 MHz, 13365 MHz, 85.37 W, 600.00 W, 600.00 W, 60, 14740 MiB, 0 %, 5, 16
2026/09/25 12:35:05.717, 0, P1, 2610 MHz, 13365 MHz, 85.37 W, 600.00 W, 600.00 W, 60, 14740 MiB, 0 %, 5, 16
2026/09/25 12:35:05.968, 0, P1, 2610 MHz, 13365 MHz, 85.37 W, 600.00 W, 600.00 W, 60, 14740 MiB, 0 %, 5, 16
2026/09/25 12:35:06.218, 0, P1, 2610 MHz, 13365 MHz, 85.37 W, 600.00 W, 600.00 W, 60, 14740 MiB, 0 %, 5, 16
2026/09/25 12:35:06.468, 0, P1, 2610 MHz, 13365 MHz, 84.52 W, 600.00 W, 600.00 W, 60, 14740 MiB, 0 %, 5, 16
2026/09/25 12:35:06.719, 0, P1, 2610 MHz, 13365 MHz, 84.52 W, 600.00 W, 600.00 W, 60, 14740 MiB, 0 %, 5, 16
2026/09/25 12:35:06.970, 0, P1, 2610 MHz, 13365 MHz, 84.86 W, 600.00 W, 600.00 W, 59, 14740 MiB, 0 %, 5, 16
2026/09/25 12:35:07.221, 0, P1, 2610 MHz, 13365 MHz, 84.86 W, 600.00 W, 600.00 W, 59, 14740 MiB, 0 %, 5, 16
2026/09/25 12:35:07.471, 0, P1, 2610 MHz, 13365 MHz, 85.35 W, 600.00 W, 600.00 W, 59, 14740 MiB, 0 %, 5, 16
2026/09/25 12:35:07.722, 0, P1, 2610 MHz, 13365 MHz, 85.35 W, 600.00 W, 600.00 W, 59, 14740 MiB, 0 %, 5, 16
2026/09/25 12:35:07.973, 0, P1, 2610 MHz, 13365 MHz, 85.24 W, 600.00 W, 600.00 W, 59, 14740 MiB, 0 %, 5, 16
2026/09/25 12:35:08.224, 0, P1, 2610 MHz, 13365 MHz, 85.24 W, 600.00 W, 600.00 W, 59, 14740 MiB, 0 %, 5, 16
2026/09/25 12:35:08.475, 0, P1, 2610 MHz, 13365 MHz, 85.24 W, 600.00 W, 600.00 W, 59, 15892 MiB, 0 %, 5, 16
2026/09/25 12:35:08.725, 0, P1, 2610 MHz, 13365 MHz, 85.24 W, 600.00 W, 600.00 W, 59, 16372 MiB, 0 %, 5, 16
2026/09/25 12:35:08.976, 0, P1, 2812 MHz, 13365 MHz, 156.73 W, 600.00 W, 600.00 W, 66, 16820 MiB, 96 %, 5, 16
2026/09/25 12:35:09.227, 0, P1, 2812 MHz, 13365 MHz, 156.73 W, 600.00 W, 600.00 W, 66, 16820 MiB, 96 %, 5, 16
2026/09/25 12:35:09.478, 0, P1, 2820 MHz, 13365 MHz, 236.83 W, 600.00 W, 600.00 W, 67, 16820 MiB, 100 %, 5, 16
2026/09/25 12:35:09.729, 0, P1, 2820 MHz, 13365 MHz, 236.83 W, 600.00 W, 600.00 W, 67, 16820 MiB, 100 %, 5, 16
2026/09/25 12:35:09.980, 0, P1, 2820 MHz, 13365 MHz, 447.38 W, 600.00 W, 600.00 W, 67, 16820 MiB, 100 %, 5, 16
2026/09/25 12:35:10.230, 0, P1, 2820 MHz, 13365 MHz, 447.38 W, 600.00 W, 600.00 W, 67, 16820 MiB, 100 %, 5, 16
2026/09/25 12:35:10.481, 0, P1, 2835 MHz, 13365 MHz, 469.25 W, 600.00 W, 600.00 W, 68, 16820 MiB, 100 %, 5, 16
2026/09/25 12:35:10.732, 0, P1, 2835 MHz, 13365 MHz, 469.25 W, 600.00 W, 600.00 W, 68, 16820 MiB, 100 %, 5, 16
2026/09/25 12:35:10.983, 0, P1, 2835 MHz, 13365 MHz, 481.82 W, 600.00 W, 600.00 W, 68, 16820 MiB, 94 %, 5, 16
2026/09/25 12:35:11.234, 0, P1, 2835 MHz, 13365 MHz, 481.82 W, 600.00 W, 600.00 W, 68, 17108 MiB, 94 %, 5, 16
2026/09/25 12:35:11.485, 0, P1, 2820 MHz, 13365 MHz, 464.11 W, 600.00 W, 600.00 W, 68, 17108 MiB, 99 %, 5, 16
2026/09/25 12:35:11.736, 0, P1, 2820 MHz, 13365 MHz, 464.11 W, 600.00 W, 600.00 W, 68, 17108 MiB, 99 %, 5, 16
2026/09/25 12:35:11.986, 0, P1, 2820 MHz, 13365 MHz, 447.10 W, 600.00 W, 600.00 W, 68, 17108 MiB, 100 %, 5, 16
2026/09/25 12:35:12.237, 0, P1, 2820 MHz, 13365 MHz, 447.10 W, 600.00 W, 600.00 W, 68, 17108 MiB, 100 %, 5, 16
2026/09/25 12:35:12.488, 0, P1, 2835 MHz, 13365 MHz, 467.76 W, 600.00 W, 600.00 W, 69, 17108 MiB, 100 %, 5, 16
2026/09/25 12:35:12.739, 0, P1, 2835 MHz, 13365 MHz, 467.76 W, 600.00 W, 600.00 W, 69, 17108 MiB, 100 %, 5, 16
2026/09/25 12:35:12.990, 0, P1, 2835 MHz, 13365 MHz, 483.50 W, 600.00 W, 600.00 W, 69, 17108 MiB, 95 %, 5, 16
2026/09/25 12:35:13.241, 0, P1, 2835 MHz, 13365 MHz, 483.50 W, 600.00 W, 600.00 W, 69, 17108 MiB, 95 %, 5, 16
2026/09/25 12:35:13.492, 0, P1, 2820 MHz, 13365 MHz, 471.15 W, 600.00 W, 600.00 W, 68, 17108 MiB, 100 %, 5, 16
2026/09/25 12:35:13.743, 0, P1, 2820 MHz, 13365 MHz, 471.15 W, 600.00 W, 600.00 W, 68, 17108 MiB, 100 %, 5, 16
2026/09/25 12:35:13.993, 0, P1, 2820 MHz, 13365 MHz, 454.61 W, 600.00 W, 600.00 W, 69, 17108 MiB, 100 %, 5, 16
2026/09/25 12:35:14.244, 0, P1, 2820 MHz, 13365 MHz, 454.61 W, 600.00 W, 600.00 W, 69, 17108 MiB, 100 %, 5, 16
2026/09/25 12:35:14.495, 0, P1, 2835 MHz, 13365 MHz, 470.16 W, 600.00 W, 600.00 W, 69, 17108 MiB, 100 %, 5, 16
2026/09/25 12:35:14.746, 0, P1, 2835 MHz, 13365 MHz, 470.16 W, 600.00 W, 600.00 W, 69, 17108 MiB, 100 %, 5, 16
2026/09/25 12:35:14.997, 0, P1, 2835 MHz, 13365 MHz, 483.89 W, 600.00 W, 600.00 W, 69, 17108 MiB, 95 %, 5, 16
2026/09/25 12:35:15.248, 0, P1, 2835 MHz, 13365 MHz, 483.89 W, 600.00 W, 600.00 W, 69, 17108 MiB, 95 %, 5, 16
2026/09/25 12:35:15.499, 0, P1, 2820 MHz, 13365 MHz, 465.59 W, 600.00 W, 600.00 W, 69, 17108 MiB, 99 %, 5, 16
2026/09/25 12:35:15.750, 0, P1, 2820 MHz, 13365 MHz, 465.59 W, 600.00 W, 600.00 W, 69, 17108 MiB, 99 %, 5, 16
2026/09/25 12:35:16.000, 0, P1, 2820 MHz, 13365 MHz, 449.06 W, 600.00 W, 600.00 W, 69, 17108 MiB, 100 %, 5, 16
2026/09/25 12:35:16.251, 0, P1, 2820 MHz, 13365 MHz, 449.06 W, 600.00 W, 600.00 W, 69, 17108 MiB, 100 %, 5, 16
2026/09/25 12:35:16.502, 0, P1, 2835 MHz, 13365 MHz, 471.36 W, 600.00 W, 600.00 W, 70, 17108 MiB, 100 %, 5, 16
2026/09/25 12:35:16.753, 0, P1, 2835 MHz, 13365 MHz, 471.36 W, 600.00 W, 600.00 W, 70, 17108 MiB, 100 %, 5, 16
2026/09/25 12:35:17.004, 0, P1, 2835 MHz, 13365 MHz, 485.40 W, 600.00 W, 600.00 W, 69, 17108 MiB, 94 %, 5, 16
2026/09/25 12:35:17.255, 0, P1, 2835 MHz, 13365 MHz, 485.40 W, 600.00 W, 600.00 W, 69, 17108 MiB, 94 %, 5, 16
2026/09/25 12:35:17.506, 0, P1, 2820 MHz, 13365 MHz, 475.14 W, 600.00 W, 600.00 W, 69, 17108 MiB, 100 %, 5, 16
2026/09/25 12:35:17.756, 0, P1, 2820 MHz, 13365 MHz, 475.14 W, 600.00 W, 600.00 W, 69, 17108 MiB, 100 %, 5, 16
2026/09/25 12:35:18.007, 0, P1, 2820 MHz, 13365 MHz, 456.63 W, 600.00 W, 600.00 W, 69, 17108 MiB, 100 %, 5, 16
2026/09/25 12:35:18.258, 0, P1, 2820 MHz, 13365 MHz, 456.63 W, 600.00 W, 600.00 W, 69, 17108 MiB, 100 %, 5, 16
2026/09/25 12:35:18.509, 0, P1, 2835 MHz, 13365 MHz, 472.31 W, 600.00 W, 600.00 W, 70, 17108 MiB, 100 %, 5, 16
2026/09/25 12:35:18.760, 0, P1, 2835 MHz, 13365 MHz, 472.31 W, 600.00 W, 600.00 W, 70, 17108 MiB, 100 %, 5, 16
2026/09/25 12:35:19.011, 0, P1, 2835 MHz, 13365 MHz, 485.90 W, 600.00 W, 600.00 W, 70, 17108 MiB, 95 %, 5, 16
2026/09/25 12:35:19.262, 0, P1, 2835 MHz, 13365 MHz, 485.90 W, 600.00 W, 600.00 W, 70, 17108 MiB, 95 %, 5, 16
2026/09/25 12:35:19.513, 0, P1, 2820 MHz, 13365 MHz, 468.21 W, 600.00 W, 600.00 W, 69, 17108 MiB, 99 %, 5, 16
2026/09/25 12:35:19.764, 0, P1, 2820 MHz, 13365 MHz, 468.21 W, 600.00 W, 600.00 W, 69, 17108 MiB, 99 %, 5, 16
2026/09/25 12:35:20.014, 0, P1, 2820 MHz, 13365 MHz, 451.72 W, 600.00 W, 600.00 W, 69, 17108 MiB, 100 %, 5, 16
2026/09/25 12:35:20.265, 0, P1, 2820 MHz, 13365 MHz, 451.72 W, 600.00 W, 600.00 W, 69, 17108 MiB, 100 %, 5, 16
2026/09/25 12:35:20.516, 0, P1, 2835 MHz, 13365 MHz, 473.18 W, 600.00 W, 600.00 W, 70, 17108 MiB, 100 %, 5, 16
2026/09/25 12:35:20.767, 0, P1, 2835 MHz, 13365 MHz, 473.18 W, 600.00 W, 600.00 W, 70, 17108 MiB, 100 %, 5, 16
2026/09/25 12:35:21.018, 0, P1, 2835 MHz, 13365 MHz, 486.77 W, 600.00 W, 600.00 W, 69, 17108 MiB, 94 %, 5, 16
2026/09/25 12:35:21.269, 0, P1, 2835 MHz, 13365 MHz, 486.77 W, 600.00 W, 600.00 W, 69, 17108 MiB, 94 %, 5, 16
2026/09/25 12:35:21.519, 0, P1, 2820 MHz, 13365 MHz, 474.63 W, 600.00 W, 600.00 W, 70, 17108 MiB, 100 %, 5, 16
2026/09/25 12:35:21.770, 0, P1, 2820 MHz, 13365 MHz, 474.63 W, 600.00 W, 600.00 W, 70, 17108 MiB, 100 %, 5, 16
2026/09/25 12:35:22.021, 0, P1, 2820 MHz, 13365 MHz, 458.00 W, 600.00 W, 600.00 W, 70, 17108 MiB, 100 %, 5, 16
2026/09/25 12:35:22.272, 0, P1, 2820 MHz, 13365 MHz, 458.00 W, 600.00 W, 600.00 W, 70, 17108 MiB, 100 %, 5, 16
2026/09/25 12:35:22.523, 0, P1, 2835 MHz, 13365 MHz, 474.74 W, 600.00 W, 600.00 W, 71, 17108 MiB, 100 %, 5, 16
2026/09/25 12:35:22.773, 0, P1, 2835 MHz, 13365 MHz, 474.74 W, 600.00 W, 600.00 W, 71, 17108 MiB, 100 %, 5, 16
2026/09/25 12:35:23.024, 0, P1, 2835 MHz, 13365 MHz, 486.94 W, 600.00 W, 600.00 W, 70, 17108 MiB, 98 %, 5, 16
2026/09/25 12:35:23.275, 0, P1, 2835 MHz, 13365 MHz, 486.94 W, 600.00 W, 600.00 W, 70, 17108 MiB, 98 %, 5, 16
2026/09/25 12:35:23.526, 0, P1, 2820 MHz, 13365 MHz, 471.31 W, 600.00 W, 600.00 W, 70, 17108 MiB, 99 %, 5, 16
2026/09/25 12:35:23.777, 0, P1, 2820 MHz, 13365 MHz, 471.31 W, 600.00 W, 600.00 W, 70, 17108 MiB, 99 %, 5, 16
2026/09/25 12:35:24.027, 0, P1, 2820 MHz, 13365 MHz, 452.21 W, 600.00 W, 600.00 W, 70, 17108 MiB, 100 %, 5, 16
2026/09/25 12:35:24.278, 0, P1, 2820 MHz, 13365 MHz, 452.21 W, 600.00 W, 600.00 W, 70, 17108 MiB, 100 %, 5, 16
2026/09/25 12:35:24.529, 0, P1, 2835 MHz, 13365 MHz, 473.12 W, 600.00 W, 600.00 W, 71, 17108 MiB, 100 %, 5, 16
2026/09/25 12:35:24.780, 0, P1, 2835 MHz, 13365 MHz, 473.12 W, 600.00 W, 600.00 W, 71, 17108 MiB, 100 %, 5, 16
2026/09/25 12:35:25.031, 0, P1, 2835 MHz, 13365 MHz, 487.82 W, 600.00 W, 600.00 W, 70, 17108 MiB, 94 %, 5, 16
2026/09/25 12:35:25.282, 0, P1, 2835 MHz, 13365 MHz, 487.82 W, 600.00 W, 600.00 W, 70, 17108 MiB, 94 %, 5, 16
2026/09/25 12:35:25.533, 0, P1, 2820 MHz, 13365 MHz, 477.74 W, 600.00 W, 600.00 W, 70, 17108 MiB, 100 %, 5, 16
2026/09/25 12:35:25.784, 0, P1, 2820 MHz, 13365 MHz, 477.74 W, 600.00 W, 600.00 W, 70, 17108 MiB, 100 %, 5, 16
2026/09/25 12:35:26.034, 0, P1, 2820 MHz, 13365 MHz, 464.17 W, 600.00 W, 600.00 W, 71, 17108 MiB, 100 %, 5, 16
2026/09/25 12:35:26.285, 0, P1, 2820 MHz, 13365 MHz, 464.17 W, 600.00 W, 600.00 W, 71, 17108 MiB, 100 %, 5, 16
2026/09/25 12:35:26.536, 0, P1, 2835 MHz, 13365 MHz, 476.87 W, 600.00 W, 600.00 W, 71, 17108 MiB, 100 %, 5, 16
2026/09/25 12:35:26.787, 0, P1, 2835 MHz, 13365 MHz, 476.87 W, 600.00 W, 600.00 W, 71, 17108 MiB, 100 %, 5, 16
2026/09/25 12:35:27.038, 0, P1, 2835 MHz, 13365 MHz, 485.79 W, 600.00 W, 600.00 W, 71, 17108 MiB, 99 %, 5, 16
2026/09/25 12:35:27.289, 0, P1, 2835 MHz, 13365 MHz, 485.79 W, 600.00 W, 600.00 W, 71, 17108 MiB, 99 %, 5, 16
2026/09/25 12:35:27.540, 0, P1, 2820 MHz, 13365 MHz, 472.53 W, 600.00 W, 600.00 W, 71, 17108 MiB, 99 %, 5, 16
2026/09/25 12:35:27.790, 0, P1, 2820 MHz, 13365 MHz, 472.53 W, 600.00 W, 600.00 W, 71, 17108 MiB, 99 %, 5, 16
2026/09/25 12:35:28.041, 0, P1, 2820 MHz, 13365 MHz, 457.58 W, 600.00 W, 600.00 W, 70, 17108 MiB, 100 %, 5, 16
2026/09/25 12:35:28.292, 0, P1, 2820 MHz, 13365 MHz, 457.58 W, 600.00 W, 600.00 W, 70, 17108 MiB, 100 %, 5, 16
2026/09/25 12:35:28.543, 0, P1, 2835 MHz, 13365 MHz, 475.91 W, 600.00 W, 600.00 W, 72, 17108 MiB, 100 %, 5, 16
2026/09/25 12:35:28.794, 0, P1, 2835 MHz, 13365 MHz, 475.91 W, 600.00 W, 600.00 W, 72, 17108 MiB, 100 %, 5, 16
2026/09/25 12:35:29.044, 0, P1, 2835 MHz, 13365 MHz, 489.31 W, 600.00 W, 600.00 W, 71, 17108 MiB, 95 %, 5, 16
2026/09/25 12:35:29.295, 0, P1, 2835 MHz, 13365 MHz, 489.31 W, 600.00 W, 600.00 W, 71, 17108 MiB, 95 %, 5, 16
2026/09/25 12:35:29.546, 0, P1, 2820 MHz, 13365 MHz, 471.89 W, 600.00 W, 600.00 W, 71, 17108 MiB, 99 %, 5, 16
2026/09/25 12:35:29.797, 0, P1, 2820 MHz, 13365 MHz, 471.89 W, 600.00 W, 600.00 W, 71, 17108 MiB, 99 %, 5, 16
2026/09/25 12:35:30.048, 0, P1, 2820 MHz, 13365 MHz, 459.06 W, 600.00 W, 600.00 W, 71, 17108 MiB, 100 %, 5, 16
2026/09/25 12:35:30.299, 0, P1, 2820 MHz, 13365 MHz, 459.06 W, 600.00 W, 600.00 W, 71, 17108 MiB, 100 %, 5, 16
2026/09/25 12:35:30.550, 0, P1, 2835 MHz, 13365 MHz, 473.70 W, 600.00 W, 600.00 W, 72, 17108 MiB, 100 %, 5, 16
2026/09/25 12:35:30.800, 0, P1, 2835 MHz, 13365 MHz, 473.70 W, 600.00 W, 600.00 W, 72, 17108 MiB, 100 %, 5, 16
2026/09/25 12:35:31.051, 0, P1, 2835 MHz, 13365 MHz, 487.31 W, 600.00 W, 600.00 W, 72, 17108 MiB, 95 %, 5, 16
2026/09/25 12:35:31.302, 0, P1, 2835 MHz, 13365 MHz, 487.31 W, 600.00 W, 600.00 W, 72, 17108 MiB, 95 %, 5, 16
2026/09/25 12:35:31.553, 0, P1, 2820 MHz, 13365 MHz, 478.36 W, 600.00 W, 600.00 W, 71, 17108 MiB, 100 %, 5, 16
2026/09/25 12:35:31.804, 0, P1, 2820 MHz, 13365 MHz, 478.36 W, 600.00 W, 600.00 W, 71, 17108 MiB, 100 %, 5, 16
2026/09/25 12:35:32.055, 0, P1, 2820 MHz, 13365 MHz, 460.76 W, 600.00 W, 600.00 W, 71, 17108 MiB, 100 %, 5, 16
2026/09/25 12:35:32.305, 0, P1, 2820 MHz, 13365 MHz, 460.76 W, 600.00 W, 600.00 W, 71, 17108 MiB, 100 %, 5, 16
2026/09/25 12:35:32.556, 0, P1, 2835 MHz, 13365 MHz, 476.04 W, 600.00 W, 600.00 W, 72, 17108 MiB, 100 %, 5, 16
2026/09/25 12:35:32.807, 0, P1, 2835 MHz, 13365 MHz, 476.04 W, 600.00 W, 600.00 W, 72, 17108 MiB, 100 %, 5, 16
2026/09/25 12:35:33.058, 0, P1, 2835 MHz, 13365 MHz, 490.67 W, 600.00 W, 600.00 W, 71, 17108 MiB, 95 %, 5, 16
2026/09/25 12:35:33.309, 0, P1, 2835 MHz, 13365 MHz, 490.67 W, 600.00 W, 600.00 W, 71, 17108 MiB, 95 %, 5, 16
2026/09/25 12:35:33.559, 0, P1, 2820 MHz, 13365 MHz, 473.88 W, 600.00 W, 600.00 W, 71, 17108 MiB, 99 %, 5, 16
2026/09/25 12:35:33.810, 0, P1, 2820 MHz, 13365 MHz, 473.88 W, 600.00 W, 600.00 W, 71, 17108 MiB, 99 %, 5, 16
2026/09/25 12:35:34.061, 0, P1, 2820 MHz, 13365 MHz, 457.57 W, 600.00 W, 600.00 W, 71, 17108 MiB, 100 %, 5, 16
2026/09/25 12:35:34.312, 0, P1, 2820 MHz, 13365 MHz, 457.57 W, 600.00 W, 600.00 W, 71, 17108 MiB, 100 %, 5, 16
2026/09/25 12:35:34.563, 0, P1, 2835 MHz, 13365 MHz, 475.59 W, 600.00 W, 600.00 W, 72, 17108 MiB, 100 %, 5, 16
2026/09/25 12:35:34.814, 0, P1, 2835 MHz, 13365 MHz, 475.59 W, 600.00 W, 600.00 W, 72, 17108 MiB, 100 %, 5, 16
2026/09/25 12:35:35.065, 0, P1, 2835 MHz, 13365 MHz, 492.66 W, 600.00 W, 600.00 W, 72, 17108 MiB, 95 %, 5, 16
2026/09/25 12:35:35.316, 0, P1, 2835 MHz, 13365 MHz, 492.66 W, 600.00 W, 600.00 W, 72, 17108 MiB, 95 %, 5, 16
2026/09/25 12:35:35.567, 0, P1, 2820 MHz, 13365 MHz, 480.48 W, 600.00 W, 600.00 W, 72, 17108 MiB, 100 %, 5, 16
2026/09/25 12:35:35.818, 0, P1, 2820 MHz, 13365 MHz, 480.48 W, 600.00 W, 600.00 W, 72, 17108 MiB, 100 %, 5, 16
2026/09/25 12:35:36.068, 0, P1, 2820 MHz, 13365 MHz, 462.93 W, 600.00 W, 600.00 W, 72, 17108 MiB, 100 %, 5, 16
2026/09/25 12:35:36.319, 0, P1, 2820 MHz, 13365 MHz, 462.93 W, 600.00 W, 600.00 W, 72, 17108 MiB, 100 %, 5, 16
2026/09/25 12:35:36.570, 0, P1, 2835 MHz, 13365 MHz, 478.43 W, 600.00 W, 600.00 W, 72, 17108 MiB, 100 %, 5, 16
2026/09/25 12:35:36.821, 0, P1, 2835 MHz, 13365 MHz, 478.43 W, 600.00 W, 600.00 W, 72, 17108 MiB, 100 %, 5, 16
2026/09/25 12:35:37.071, 0, P1, 2835 MHz, 13365 MHz, 487.71 W, 600.00 W, 600.00 W, 71, 17108 MiB, 95 %, 5, 16
2026/09/25 12:35:37.322, 0, P1, 2835 MHz, 13365 MHz, 487.71 W, 600.00 W, 600.00 W, 71, 17108 MiB, 95 %, 5, 16
2026/09/25 12:35:37.573, 0, P1, 2820 MHz, 13365 MHz, 475.81 W, 600.00 W, 600.00 W, 72, 17108 MiB, 99 %, 5, 16
2026/09/25 12:35:37.824, 0, P1, 2820 MHz, 13365 MHz, 475.81 W, 600.00 W, 600.00 W, 72, 17108 MiB, 99 %, 5, 16
2026/09/25 12:35:38.075, 0, P1, 2820 MHz, 13365 MHz, 456.97 W, 600.00 W, 600.00 W, 72, 17108 MiB, 100 %, 5, 16
2026/09/25 12:35:38.326, 0, P1, 2820 MHz, 13365 MHz, 456.97 W, 600.00 W, 600.00 W, 72, 17108 MiB, 100 %, 5, 16
2026/09/25 12:35:38.577, 0, P1, 2835 MHz, 13365 MHz, 477.20 W, 600.00 W, 600.00 W, 73, 17108 MiB, 100 %, 5, 16
2026/09/25 12:35:38.828, 0, P1, 2835 MHz, 13365 MHz, 477.20 W, 600.00 W, 600.00 W, 73, 17108 MiB, 100 %, 5, 16
2026/09/25 12:35:39.078, 0, P1, 2835 MHz, 13365 MHz, 492.74 W, 600.00 W, 600.00 W, 73, 17108 MiB, 95 %, 5, 16
2026/09/25 12:35:39.329, 0, P1, 2835 MHz, 13365 MHz, 492.74 W, 600.00 W, 600.00 W, 73, 17108 MiB, 95 %, 5, 16
2026/09/25 12:35:39.580, 0, P1, 2820 MHz, 13365 MHz, 480.13 W, 600.00 W, 600.00 W, 72, 17108 MiB, 100 %, 5, 16
2026/09/25 12:35:39.831, 0, P1, 2820 MHz, 13365 MHz, 480.13 W, 600.00 W, 600.00 W, 72, 17108 MiB, 100 %, 5, 16
2026/09/25 12:35:40.082, 0, P1, 2820 MHz, 13365 MHz, 464.16 W, 600.00 W, 600.00 W, 72, 17108 MiB, 100 %, 5, 16
2026/09/25 12:35:40.333, 0, P1, 2820 MHz, 13365 MHz, 464.16 W, 600.00 W, 600.00 W, 72, 17108 MiB, 100 %, 5, 16
2026/09/25 12:35:40.583, 0, P1, 2835 MHz, 13365 MHz, 477.78 W, 600.00 W, 600.00 W, 73, 17108 MiB, 100 %, 5, 16
2026/09/25 12:35:40.834, 0, P1, 2835 MHz, 13365 MHz, 477.78 W, 600.00 W, 600.00 W, 73, 17108 MiB, 100 %, 5, 16
2026/09/25 12:35:41.085, 0, P1, 2835 MHz, 13365 MHz, 492.42 W, 600.00 W, 600.00 W, 72, 17108 MiB, 95 %, 5, 16
2026/09/25 12:35:41.336, 0, P1, 2835 MHz, 13365 MHz, 492.42 W, 600.00 W, 600.00 W, 72, 17108 MiB, 95 %, 5, 16
2026/09/25 12:35:41.587, 0, P1, 2820 MHz, 13365 MHz, 476.12 W, 600.00 W, 600.00 W, 72, 17108 MiB, 99 %, 5, 16
2026/09/25 12:35:41.838, 0, P1, 2820 MHz, 13365 MHz, 476.12 W, 600.00 W, 600.00 W, 72, 17108 MiB, 99 %, 5, 16
2026/09/25 12:35:42.089, 0, P1, 2820 MHz, 13365 MHz, 459.47 W, 600.00 W, 600.00 W, 72, 17108 MiB, 100 %, 5, 16
2026/09/25 12:35:42.339, 0, P1, 2820 MHz, 13365 MHz, 459.47 W, 600.00 W, 600.00 W, 72, 17108 MiB, 100 %, 5, 16
2026/09/25 12:35:42.590, 0, P1, 2835 MHz, 13365 MHz, 477.40 W, 600.00 W, 600.00 W, 73, 17108 MiB, 100 %, 5, 16
2026/09/25 12:35:42.841, 0, P1, 2835 MHz, 13365 MHz, 477.40 W, 600.00 W, 600.00 W, 73, 17108 MiB, 100 %, 5, 16
2026/09/25 12:35:43.092, 0, P1, 2835 MHz, 13365 MHz, 493.99 W, 600.00 W, 600.00 W, 73, 17108 MiB, 95 %, 5, 16
2026/09/25 12:35:43.343, 0, P1, 2835 MHz, 13365 MHz, 493.99 W, 600.00 W, 600.00 W, 73, 17108 MiB, 95 %, 5, 16
2026/09/25 12:35:43.594, 0, P1, 2820 MHz, 13365 MHz, 481.45 W, 600.00 W, 600.00 W, 73, 17108 MiB, 100 %, 5, 16
2026/09/25 12:35:43.844, 0, P1, 2820 MHz, 13365 MHz, 481.45 W, 600.00 W, 600.00 W, 73, 17108 MiB, 100 %, 5, 16
2026/09/25 12:35:44.095, 0, P1, 2820 MHz, 13365 MHz, 463.82 W, 600.00 W, 600.00 W, 72, 17108 MiB, 100 %, 5, 16
2026/09/25 12:35:44.346, 0, P1, 2820 MHz, 13365 MHz, 463.82 W, 600.00 W, 600.00 W, 72, 17108 MiB, 100 %, 5, 16
2026/09/25 12:35:44.597, 0, P1, 2835 MHz, 13365 MHz, 479.55 W, 600.00 W, 600.00 W, 73, 17108 MiB, 100 %, 5, 16
2026/09/25 12:35:44.848, 0, P1, 2835 MHz, 13365 MHz, 479.55 W, 600.00 W, 600.00 W, 73, 17108 MiB, 100 %, 5, 16
2026/09/25 12:35:45.098, 0, P1, 2835 MHz, 13365 MHz, 488.93 W, 600.00 W, 600.00 W, 73, 17108 MiB, 95 %, 5, 16
2026/09/25 12:35:45.349, 0, P1, 2835 MHz, 13365 MHz, 488.93 W, 600.00 W, 600.00 W, 73, 17108 MiB, 95 %, 5, 16
2026/09/25 12:35:45.600, 0, P1, 2820 MHz, 13365 MHz, 475.15 W, 600.00 W, 600.00 W, 73, 17108 MiB, 99 %, 5, 16
2026/09/25 12:35:45.851, 0, P1, 2820 MHz, 13365 MHz, 475.15 W, 600.00 W, 600.00 W, 73, 17108 MiB, 99 %, 5, 16
2026/09/25 12:35:46.102, 0, P1, 2820 MHz, 13365 MHz, 463.07 W, 600.00 W, 600.00 W, 72, 17108 MiB, 100 %, 5, 16
2026/09/25 12:35:46.353, 0, P1, 2820 MHz, 13365 MHz, 463.07 W, 600.00 W, 600.00 W, 72, 17108 MiB, 100 %, 5, 16
2026/09/25 12:35:46.603, 0, P1, 2827 MHz, 13365 MHz, 478.13 W, 600.00 W, 600.00 W, 73, 17108 MiB, 100 %, 5, 16
2026/09/25 12:35:46.854, 0, P1, 2827 MHz, 13365 MHz, 478.13 W, 600.00 W, 600.00 W, 73, 17108 MiB, 100 %, 5, 16
2026/09/25 12:35:47.105, 0, P1, 2820 MHz, 13365 MHz, 490.64 W, 600.00 W, 600.00 W, 73, 17108 MiB, 95 %, 5, 16
2026/09/25 12:35:47.356, 0, P1, 2820 MHz, 13365 MHz, 490.64 W, 600.00 W, 600.00 W, 73, 17108 MiB, 95 %, 5, 16
2026/09/25 12:35:47.606, 0, P1, 2812 MHz, 13365 MHz, 481.65 W, 600.00 W, 600.00 W, 73, 17108 MiB, 100 %, 5, 16
2026/09/25 12:35:47.857, 0, P1, 2812 MHz, 13365 MHz, 481.65 W, 600.00 W, 600.00 W, 73, 17108 MiB, 100 %, 5, 16
2026/09/25 12:35:48.108, 0, P1, 2812 MHz, 13365 MHz, 464.42 W, 600.00 W, 600.00 W, 73, 17108 MiB, 100 %, 5, 16
2026/09/25 12:35:48.359, 0, P1, 2812 MHz, 13365 MHz, 464.42 W, 600.00 W, 600.00 W, 73, 17108 MiB, 100 %, 5, 16
2026/09/25 12:35:48.610, 0, P1, 2820 MHz, 13365 MHz, 479.40 W, 600.00 W, 600.00 W, 74, 17108 MiB, 100 %, 5, 16
2026/09/25 12:35:48.861, 0, P1, 2820 MHz, 13365 MHz, 479.40 W, 600.00 W, 600.00 W, 74, 17108 MiB, 100 %, 5, 16
2026/09/25 12:35:49.112, 0, P1, 2820 MHz, 13365 MHz, 473.55 W, 600.00 W, 600.00 W, 69, 2 MiB, 19 %, 5, 16
2026/09/25 12:35:49.363, 0, P1, 2820 MHz, 13365 MHz, 473.55 W, 600.00 W, 600.00 W, 69, 2 MiB, 19 %, 5, 16
2026/09/25 12:35:49.613, 0, P0, 2842 MHz, 14001 MHz, 284.99 W, 600.00 W, 600.00 W, 66, 2 MiB, 0 %, 5, 16
2026/09/25 12:35:49.864, 0, P0, 2842 MHz, 14001 MHz, 284.99 W, 600.00 W, 600.00 W, 66, 2 MiB, 0 %, 5, 16
2026/09/25 12:35:50.114, 0, P0, 2835 MHz, 14001 MHz, 129.19 W, 600.00 W, 600.00 W, 65, 596 MiB, 0 %, 5, 16
2026/09/25 12:35:50.365, 0, P0, 2835 MHz, 14001 MHz, 129.19 W, 600.00 W, 600.00 W, 65, 1556 MiB, 0 %, 5, 16
2026/09/25 12:35:50.615, 0, P1, 2835 MHz, 14001 MHz, 117.58 W, 600.00 W, 600.00 W, 65, 2612 MiB, 26 %, 5, 16
2026/09/25 12:35:50.866, 0, P1, 2835 MHz, 14001 MHz, 117.58 W, 600.00 W, 600.00 W, 65, 3636 MiB, 26 %, 5, 16
2026/09/25 12:35:51.116, 0, P1, 2775 MHz, 13365 MHz, 113.95 W, 600.00 W, 600.00 W, 64, 4660 MiB, 13 %, 5, 16
2026/09/25 12:35:51.367, 0, P1, 2775 MHz, 13365 MHz, 113.95 W, 600.00 W, 600.00 W, 64, 5588 MiB, 13 %, 5, 16
2026/09/25 12:35:51.617, 0, P1, 2617 MHz, 13365 MHz, 101.32 W, 600.00 W, 600.00 W, 64, 6516 MiB, 11 %, 5, 16
2026/09/25 12:35:51.868, 0, P1, 2617 MHz, 13365 MHz, 101.32 W, 600.00 W, 600.00 W, 64, 7444 MiB, 11 %, 5, 16
2026/09/25 12:35:52.118, 0, P1, 2617 MHz, 13365 MHz, 94.65 W, 600.00 W, 600.00 W, 63, 8404 MiB, 10 %, 5, 16
2026/09/25 12:35:52.369, 0, P1, 2617 MHz, 13365 MHz, 94.65 W, 600.00 W, 600.00 W, 63, 9332 MiB, 10 %, 5, 16
2026/09/25 12:35:52.619, 0, P1, 2617 MHz, 13365 MHz, 94.31 W, 600.00 W, 600.00 W, 63, 10260 MiB, 11 %, 5, 16
2026/09/25 12:35:52.870, 0, P1, 2617 MHz, 13365 MHz, 94.31 W, 600.00 W, 600.00 W, 63, 11188 MiB, 11 %, 5, 16
2026/09/25 12:35:53.120, 0, P1, 2617 MHz, 13365 MHz, 94.39 W, 600.00 W, 600.00 W, 63, 12116 MiB, 10 %, 5, 16
2026/09/25 12:35:53.371, 0, P1, 2617 MHz, 13365 MHz, 94.39 W, 600.00 W, 600.00 W, 63, 13044 MiB, 10 %, 5, 16
2026/09/25 12:35:53.621, 0, P1, 2625 MHz, 13365 MHz, 94.34 W, 600.00 W, 600.00 W, 63, 13972 MiB, 11 %, 5, 16
2026/09/25 12:35:53.872, 0, P1, 2625 MHz, 13365 MHz, 94.34 W, 600.00 W, 600.00 W, 63, 14740 MiB, 11 %, 5, 16
2026/09/25 12:35:54.122, 0, P1, 2617 MHz, 13365 MHz, 93.93 W, 600.00 W, 600.00 W, 62, 14740 MiB, 6 %, 5, 16
2026/09/25 12:35:54.373, 0, P1, 2617 MHz, 13365 MHz, 93.93 W, 600.00 W, 600.00 W, 62, 14740 MiB, 6 %, 5, 16
2026/09/25 12:35:54.623, 0, P1, 2610 MHz, 13365 MHz, 92.09 W, 600.00 W, 600.00 W, 62, 14740 MiB, 0 %, 5, 16
2026/09/25 12:35:54.873, 0, P1, 2610 MHz, 13365 MHz, 92.09 W, 600.00 W, 600.00 W, 62, 14740 MiB, 0 %, 5, 16
2026/09/25 12:35:55.124, 0, P1, 2610 MHz, 13365 MHz, 90.38 W, 600.00 W, 600.00 W, 62, 14740 MiB, 0 %, 5, 16
2026/09/25 12:35:55.374, 0, P1, 2610 MHz, 13365 MHz, 90.38 W, 600.00 W, 600.00 W, 62, 14740 MiB, 0 %, 5, 16
2026/09/25 12:35:55.625, 0, P1, 2610 MHz, 13365 MHz, 90.38 W, 600.00 W, 600.00 W, 62, 14740 MiB, 0 %, 5, 16
2026/09/25 12:35:55.875, 0, P1, 2610 MHz, 13365 MHz, 90.38 W, 600.00 W, 600.00 W, 62, 14740 MiB, 0 %, 5, 16
2026/09/25 12:35:56.125, 0, P1, 2610 MHz, 13365 MHz, 88.27 W, 600.00 W, 600.00 W, 61, 14740 MiB, 0 %, 5, 16
2026/09/25 12:35:56.376, 0, P1, 2610 MHz, 13365 MHz, 88.27 W, 600.00 W, 600.00 W, 61, 14740 MiB, 0 %, 5, 16
2026/09/25 12:35:56.626, 0, P1, 2610 MHz, 13365 MHz, 88.27 W, 600.00 W, 600.00 W, 61, 14740 MiB, 0 %, 5, 16
2026/09/25 12:35:56.876, 0, P1, 2610 MHz, 13365 MHz, 88.27 W, 600.00 W, 600.00 W, 61, 14740 MiB, 0 %, 5, 16
2026/09/25 12:35:57.127, 0, P1, 2610 MHz, 13365 MHz, 87.54 W, 600.00 W, 600.00 W, 61, 14740 MiB, 0 %, 5, 16
2026/09/25 12:35:57.377, 0, P1, 2610 MHz, 13365 MHz, 87.54 W, 600.00 W, 600.00 W, 61, 14740 MiB, 0 %, 5, 16
2026/09/25 12:35:57.628, 0, P1, 2610 MHz, 13365 MHz, 87.54 W, 600.00 W, 600.00 W, 61, 14740 MiB, 0 %, 5, 16
2026/09/25 12:35:57.878, 0, P1, 2610 MHz, 13365 MHz, 87.54 W, 600.00 W, 600.00 W, 61, 14740 MiB, 0 %, 5, 16
2026/09/25 12:35:58.128, 0, P1, 2610 MHz, 13365 MHz, 86.40 W, 600.00 W, 600.00 W, 61, 14740 MiB, 0 %, 5, 16
2026/09/25 12:35:58.379, 0, P1, 2610 MHz, 13365 MHz, 86.40 W, 600.00 W, 600.00 W, 61, 14740 MiB, 0 %, 5, 16
2026/09/25 12:35:58.629, 0, P1, 2610 MHz, 13365 MHz, 86.40 W, 600.00 W, 600.00 W, 61, 14740 MiB, 0 %, 5, 16
2026/09/25 12:35:58.879, 0, P1, 2610 MHz, 13365 MHz, 86.40 W, 600.00 W, 600.00 W, 61, 14740 MiB, 0 %, 5, 16
2026/09/25 12:35:59.130, 0, P1, 2610 MHz, 13365 MHz, 85.40 W, 600.00 W, 600.00 W, 60, 14740 MiB, 0 %, 5, 16
2026/09/25 12:35:59.380, 0, P1, 2610 MHz, 13365 MHz, 85.40 W, 600.00 W, 600.00 W, 60, 14740 MiB, 0 %, 5, 16
2026/09/25 12:35:59.630, 0, P1, 2610 MHz, 13365 MHz, 85.40 W, 600.00 W, 600.00 W, 60, 14740 MiB, 0 %, 5, 16
2026/09/25 12:35:59.881, 0, P1, 2610 MHz, 13365 MHz, 85.40 W, 600.00 W, 600.00 W, 60, 14740 MiB, 0 %, 5, 16
2026/09/25 12:36:00.132, 0, P1, 2610 MHz, 13365 MHz, 84.91 W, 600.00 W, 600.00 W, 60, 14740 MiB, 0 %, 5, 16
2026/09/25 12:36:00.383, 0, P1, 2610 MHz, 13365 MHz, 84.91 W, 600.00 W, 600.00 W, 60, 14740 MiB, 0 %, 5, 16
2026/09/25 12:36:00.634, 0, P1, 2610 MHz, 13365 MHz, 84.52 W, 600.00 W, 600.00 W, 60, 14740 MiB, 0 %, 5, 16
2026/09/25 12:36:00.884, 0, P1, 2610 MHz, 13365 MHz, 84.52 W, 600.00 W, 600.00 W, 60, 14740 MiB, 0 %, 5, 16
2026/09/25 12:36:01.135, 0, P1, 2610 MHz, 13365 MHz, 84.93 W, 600.00 W, 600.00 W, 59, 14740 MiB, 0 %, 5, 16
2026/09/25 12:36:01.386, 0, P1, 2610 MHz, 13365 MHz, 84.93 W, 600.00 W, 600.00 W, 59, 14740 MiB, 0 %, 5, 16
2026/09/25 12:36:01.637, 0, P1, 2610 MHz, 13365 MHz, 84.91 W, 600.00 W, 600.00 W, 59, 14740 MiB, 0 %, 5, 16
2026/09/25 12:36:01.888, 0, P1, 2610 MHz, 13365 MHz, 84.91 W, 600.00 W, 600.00 W, 59, 14740 MiB, 0 %, 5, 16
2026/09/25 12:36:02.138, 0, P1, 2610 MHz, 13365 MHz, 84.91 W, 600.00 W, 600.00 W, 59, 16052 MiB, 0 %, 5, 16
2026/09/25 12:36:02.388, 0, P1, 2610 MHz, 13365 MHz, 84.91 W, 600.00 W, 600.00 W, 59, 16820 MiB, 0 %, 5, 16
2026/09/25 12:36:02.639, 0, P1, 2782 MHz, 13365 MHz, 151.02 W, 600.00 W, 600.00 W, 66, 16820 MiB, 97 %, 5, 16
2026/09/25 12:36:02.890, 0, P1, 2782 MHz, 13365 MHz, 151.02 W, 600.00 W, 600.00 W, 66, 16820 MiB, 97 %, 5, 16
2026/09/25 12:36:03.141, 0, P1, 2820 MHz, 13365 MHz, 231.83 W, 600.00 W, 600.00 W, 67, 16820 MiB, 100 %, 5, 16
2026/09/25 12:36:03.392, 0, P1, 2820 MHz, 13365 MHz, 231.83 W, 600.00 W, 600.00 W, 67, 16820 MiB, 100 %, 5, 16
2026/09/25 12:36:03.642, 0, P1, 2820 MHz, 13365 MHz, 445.61 W, 600.00 W, 600.00 W, 67, 16820 MiB, 100 %, 5, 16
2026/09/25 12:36:03.893, 0, P1, 2820 MHz, 13365 MHz, 445.61 W, 600.00 W, 600.00 W, 67, 16820 MiB, 100 %, 5, 16
2026/09/25 12:36:04.144, 0, P1, 2835 MHz, 13365 MHz, 466.87 W, 600.00 W, 600.00 W, 68, 16820 MiB, 100 %, 5, 16
2026/09/25 12:36:04.395, 0, P1, 2835 MHz, 13365 MHz, 466.87 W, 600.00 W, 600.00 W, 68, 16820 MiB, 100 %, 5, 16
2026/09/25 12:36:04.646, 0, P1, 2835 MHz, 13365 MHz, 481.74 W, 600.00 W, 600.00 W, 68, 16820 MiB, 94 %, 5, 16
2026/09/25 12:36:04.897, 0, P1, 2835 MHz, 13365 MHz, 481.74 W, 600.00 W, 600.00 W, 68, 17108 MiB, 94 %, 5, 16
2026/09/25 12:36:05.148, 0, P1, 2820 MHz, 13365 MHz, 464.98 W, 600.00 W, 600.00 W, 68, 17108 MiB, 99 %, 5, 16
2026/09/25 12:36:05.399, 0, P1, 2820 MHz, 13365 MHz, 464.98 W, 600.00 W, 600.00 W, 68, 17108 MiB, 99 %, 5, 16
2026/09/25 12:36:05.650, 0, P1, 2820 MHz, 13365 MHz, 448.19 W, 600.00 W, 600.00 W, 68, 17108 MiB, 100 %, 5, 16
2026/09/25 12:36:05.901, 0, P1, 2820 MHz, 13365 MHz, 448.19 W, 600.00 W, 600.00 W, 68, 17108 MiB, 100 %, 5, 16
2026/09/25 12:36:06.152, 0, P1, 2835 MHz, 13365 MHz, 467.07 W, 600.00 W, 600.00 W, 69, 17108 MiB, 100 %, 5, 16
2026/09/25 12:36:06.403, 0, P1, 2835 MHz, 13365 MHz, 467.07 W, 600.00 W, 600.00 W, 69, 17108 MiB, 100 %, 5, 16
2026/09/25 12:36:06.654, 0, P1, 2835 MHz, 13365 MHz, 485.76 W, 600.00 W, 600.00 W, 69, 17108 MiB, 95 %, 5, 16
2026/09/25 12:36:06.904, 0, P1, 2820 MHz, 13365 MHz, 485.76 W, 600.00 W, 600.00 W, 69, 17108 MiB, 95 %, 5, 16
2026/09/25 12:36:07.156, 0, P1, 2820 MHz, 13365 MHz, 472.20 W, 600.00 W, 600.00 W, 68, 17108 MiB, 100 %, 5, 16
2026/09/25 12:36:07.407, 0, P1, 2820 MHz, 13365 MHz, 454.64 W, 600.00 W, 600.00 W, 68, 17108 MiB, 100 %, 5, 16
2026/09/25 12:36:07.658, 0, P1, 2820 MHz, 13365 MHz, 454.64 W, 600.00 W, 600.00 W, 68, 17108 MiB, 100 %, 5, 16
2026/09/25 12:36:07.909, 0, P1, 2835 MHz, 13365 MHz, 470.72 W, 600.00 W, 600.00 W, 69, 17108 MiB, 100 %, 5, 16
2026/09/25 12:36:08.159, 0, P1, 2835 MHz, 13365 MHz, 470.72 W, 600.00 W, 600.00 W, 69, 17108 MiB, 100 %, 5, 16
2026/09/25 12:36:08.410, 0, P1, 2835 MHz, 13365 MHz, 480.57 W, 600.00 W, 600.00 W, 69, 17108 MiB, 95 %, 5, 16
2026/09/25 12:36:08.661, 0, P1, 2835 MHz, 13365 MHz, 480.57 W, 600.00 W, 600.00 W, 69, 17108 MiB, 95 %, 5, 16
2026/09/25 12:36:08.912, 0, P1, 2820 MHz, 13365 MHz, 469.55 W, 600.00 W, 600.00 W, 69, 17108 MiB, 99 %, 5, 16
2026/09/25 12:36:09.163, 0, P1, 2820 MHz, 13365 MHz, 469.55 W, 600.00 W, 600.00 W, 69, 17108 MiB, 99 %, 5, 16
2026/09/25 12:36:09.414, 0, P1, 2820 MHz, 13365 MHz, 454.14 W, 600.00 W, 600.00 W, 69, 17108 MiB, 100 %, 5, 16
2026/09/25 12:36:09.665, 0, P1, 2820 MHz, 13365 MHz, 454.14 W, 600.00 W, 600.00 W, 69, 17108 MiB, 100 %, 5, 16
2026/09/25 12:36:09.916, 0, P1, 2835 MHz, 13365 MHz, 469.86 W, 600.00 W, 600.00 W, 70, 17108 MiB, 100 %, 5, 16
2026/09/25 12:36:10.167, 0, P1, 2835 MHz, 13365 MHz, 469.86 W, 600.00 W, 600.00 W, 70, 17108 MiB, 100 %, 5, 16
2026/09/25 12:36:10.418, 0, P1, 2835 MHz, 13365 MHz, 486.56 W, 600.00 W, 600.00 W, 70, 17108 MiB, 94 %, 5, 16
2026/09/25 12:36:10.668, 0, P1, 2835 MHz, 13365 MHz, 486.56 W, 600.00 W, 600.00 W, 70, 17108 MiB, 94 %, 5, 16
2026/09/25 12:36:10.919, 0, P1, 2820 MHz, 13365 MHz, 476.33 W, 600.00 W, 600.00 W, 69, 17108 MiB, 100 %, 5, 16
2026/09/25 12:36:11.170, 0, P1, 2820 MHz, 13365 MHz, 476.33 W, 600.00 W, 600.00 W, 69, 17108 MiB, 100 %, 5, 16
2026/09/25 12:36:11.421, 0, P1, 2820 MHz, 13365 MHz, 457.17 W, 600.00 W, 600.00 W, 69, 17108 MiB, 100 %, 5, 16
2026/09/25 12:36:11.672, 0, P1, 2820 MHz, 13365 MHz, 457.17 W, 600.00 W, 600.00 W, 69, 17108 MiB, 100 %, 5, 16
2026/09/25 12:36:11.923, 0, P1, 2835 MHz, 13365 MHz, 471.89 W, 600.00 W, 600.00 W, 70, 17108 MiB, 100 %, 5, 16
2026/09/25 12:36:12.174, 0, P1, 2835 MHz, 13365 MHz, 471.89 W, 600.00 W, 600.00 W, 70, 17108 MiB, 100 %, 5, 16
2026/09/25 12:36:12.425, 0, P1, 2835 MHz, 13365 MHz, 482.33 W, 600.00 W, 600.00 W, 70, 17108 MiB, 95 %, 5, 16
2026/09/25 12:36:12.676, 0, P1, 2835 MHz, 13365 MHz, 482.33 W, 600.00 W, 600.00 W, 70, 17108 MiB, 95 %, 5, 16
2026/09/25 12:36:12.926, 0, P1, 2820 MHz, 13365 MHz, 468.57 W, 600.00 W, 600.00 W, 70, 17108 MiB, 99 %, 5, 16
2026/09/25 12:36:13.177, 0, P1, 2820 MHz, 13365 MHz, 468.57 W, 600.00 W, 600.00 W, 70, 17108 MiB, 99 %, 5, 16
2026/09/25 12:36:13.428, 0, P1, 2820 MHz, 13365 MHz, 455.73 W, 600.00 W, 600.00 W, 69, 17108 MiB, 100 %, 5, 16
2026/09/25 12:36:13.679, 0, P1, 2820 MHz, 13365 MHz, 455.73 W, 600.00 W, 600.00 W, 69, 17108 MiB, 100 %, 5, 16
2026/09/25 12:36:13.930, 0, P1, 2835 MHz, 13365 MHz, 472.02 W, 600.00 W, 600.00 W, 70, 17108 MiB, 100 %, 5, 16
2026/09/25 12:36:14.181, 0, P1, 2835 MHz, 13365 MHz, 472.02 W, 600.00 W, 600.00 W, 70, 17108 MiB, 100 %, 5, 16
2026/09/25 12:36:14.432, 0, P1, 2835 MHz, 13365 MHz, 488.56 W, 600.00 W, 600.00 W, 70, 17108 MiB, 95 %, 5, 16
2026/09/25 12:36:14.682, 0, P1, 2835 MHz, 13365 MHz, 488.56 W, 600.00 W, 600.00 W, 70, 17108 MiB, 95 %, 5, 16
2026/09/25 12:36:14.933, 0, P1, 2820 MHz, 13365 MHz, 477.48 W, 600.00 W, 600.00 W, 70, 17108 MiB, 100 %, 5, 16
2026/09/25 12:36:15.184, 0, P1, 2820 MHz, 13365 MHz, 477.48 W, 600.00 W, 600.00 W, 70, 17108 MiB, 100 %, 5, 16
2026/09/25 12:36:15.435, 0, P1, 2820 MHz, 13365 MHz, 457.62 W, 600.00 W, 600.00 W, 70, 17108 MiB, 100 %, 5, 16
2026/09/25 12:36:15.686, 0, P1, 2820 MHz, 13365 MHz, 457.62 W, 600.00 W, 600.00 W, 70, 17108 MiB, 100 %, 5, 16
2026/09/25 12:36:15.936, 0, P1, 2835 MHz, 13365 MHz, 472.52 W, 600.00 W, 600.00 W, 71, 17108 MiB, 100 %, 5, 16
2026/09/25 12:36:16.187, 0, P1, 2835 MHz, 13365 MHz, 472.52 W, 600.00 W, 600.00 W, 71, 17108 MiB, 100 %, 5, 16
2026/09/25 12:36:16.438, 0, P1, 2835 MHz, 13365 MHz, 487.10 W, 600.00 W, 600.00 W, 71, 17108 MiB, 95 %, 5, 16
2026/09/25 12:36:16.689, 0, P1, 2835 MHz, 13365 MHz, 487.10 W, 600.00 W, 600.00 W, 71, 17108 MiB, 95 %, 5, 16
2026/09/25 12:36:16.940, 0, P1, 2820 MHz, 13365 MHz, 469.21 W, 600.00 W, 600.00 W, 70, 17108 MiB, 99 %, 5, 16
2026/09/25 12:36:17.191, 0, P1, 2820 MHz, 13365 MHz, 469.21 W, 600.00 W, 600.00 W, 70, 17108 MiB, 99 %, 5, 16
2026/09/25 12:36:17.441, 0, P1, 2820 MHz, 13365 MHz, 456.94 W, 600.00 W, 600.00 W, 70, 17108 MiB, 100 %, 5, 16
2026/09/25 12:36:17.692, 0, P1, 2820 MHz, 13365 MHz, 456.94 W, 600.00 W, 600.00 W, 70, 17108 MiB, 100 %, 5, 16
2026/09/25 12:36:17.943, 0, P1, 2835 MHz, 13365 MHz, 473.57 W, 600.00 W, 600.00 W, 71, 17108 MiB, 100 %, 5, 16
2026/09/25 12:36:18.194, 0, P1, 2835 MHz, 13365 MHz, 473.57 W, 600.00 W, 600.00 W, 71, 17108 MiB, 100 %, 5, 16
2026/09/25 12:36:18.445, 0, P1, 2835 MHz, 13365 MHz, 489.21 W, 600.00 W, 600.00 W, 71, 17108 MiB, 95 %, 5, 16
2026/09/25 12:36:18.696, 0, P1, 2835 MHz, 13365 MHz, 489.21 W, 600.00 W, 600.00 W, 71, 17108 MiB, 95 %, 5, 16
2026/09/25 12:36:18.946, 0, P1, 2820 MHz, 13365 MHz, 478.39 W, 600.00 W, 600.00 W, 71, 17108 MiB, 100 %, 5, 16
2026/09/25 12:36:19.197, 0, P1, 2820 MHz, 13365 MHz, 478.39 W, 600.00 W, 600.00 W, 71, 17108 MiB, 100 %, 5, 16
2026/09/25 12:36:19.448, 0, P1, 2820 MHz, 13365 MHz, 459.30 W, 600.00 W, 600.00 W, 70, 17108 MiB, 100 %, 5, 16
2026/09/25 12:36:19.699, 0, P1, 2820 MHz, 13365 MHz, 459.30 W, 600.00 W, 600.00 W, 70, 17108 MiB, 100 %, 5, 16
2026/09/25 12:36:19.950, 0, P1, 2835 MHz, 13365 MHz, 475.57 W, 600.00 W, 600.00 W, 71, 17108 MiB, 100 %, 5, 16
2026/09/25 12:36:20.201, 0, P1, 2835 MHz, 13365 MHz, 475.57 W, 600.00 W, 600.00 W, 71, 17108 MiB, 100 %, 5, 16
2026/09/25 12:36:20.452, 0, P1, 2835 MHz, 13365 MHz, 485.29 W, 600.00 W, 600.00 W, 71, 17108 MiB, 95 %, 5, 16
2026/09/25 12:36:20.703, 0, P1, 2835 MHz, 13365 MHz, 485.29 W, 600.00 W, 600.00 W, 71, 17108 MiB, 95 %, 5, 16
2026/09/25 12:36:20.953, 0, P1, 2820 MHz, 13365 MHz, 471.23 W, 600.00 W, 600.00 W, 71, 17108 MiB, 99 %, 5, 16
2026/09/25 12:36:21.204, 0, P1, 2820 MHz, 13365 MHz, 471.23 W, 600.00 W, 600.00 W, 71, 17108 MiB, 99 %, 5, 16
2026/09/25 12:36:21.455, 0, P1, 2820 MHz, 13365 MHz, 458.67 W, 600.00 W, 600.00 W, 71, 17108 MiB, 100 %, 5, 16
2026/09/25 12:36:21.706, 0, P1, 2820 MHz, 13365 MHz, 458.67 W, 600.00 W, 600.00 W, 71, 17108 MiB, 100 %, 5, 16
2026/09/25 12:36:21.957, 0, P1, 2835 MHz, 13365 MHz, 473.76 W, 600.00 W, 600.00 W, 72, 17108 MiB, 100 %, 5, 16
2026/09/25 12:36:22.208, 0, P1, 2835 MHz, 13365 MHz, 473.76 W, 600.00 W, 600.00 W, 72, 17108 MiB, 100 %, 5, 16
2026/09/25 12:36:22.458, 0, P1, 2835 MHz, 13365 MHz, 486.82 W, 600.00 W, 600.00 W, 71, 17108 MiB, 95 %, 5, 16
2026/09/25 12:36:22.709, 0, P1, 2835 MHz, 13365 MHz, 486.82 W, 600.00 W, 600.00 W, 71, 17108 MiB, 95 %, 5, 16
2026/09/25 12:36:22.960, 0, P1, 2820 MHz, 13365 MHz, 475.08 W, 600.00 W, 600.00 W, 71, 17108 MiB, 98 %, 5, 16
2026/09/25 12:36:23.211, 0, P1, 2820 MHz, 13365 MHz, 475.08 W, 600.00 W, 600.00 W, 71, 17108 MiB, 98 %, 5, 16
2026/09/25 12:36:23.461, 0, P1, 2820 MHz, 13365 MHz, 457.99 W, 600.00 W, 600.00 W, 71, 17108 MiB, 100 %, 5, 16
2026/09/25 12:36:23.712, 0, P1, 2820 MHz, 13365 MHz, 457.99 W, 600.00 W, 600.00 W, 71, 17108 MiB, 100 %, 5, 16
2026/09/25 12:36:23.963, 0, P1, 2835 MHz, 13365 MHz, 474.49 W, 600.00 W, 600.00 W, 72, 17108 MiB, 100 %, 5, 16
2026/09/25 12:36:24.214, 0, P1, 2835 MHz, 13365 MHz, 474.49 W, 600.00 W, 600.00 W, 72, 17108 MiB, 100 %, 5, 16
2026/09/25 12:36:24.465, 0, P1, 2835 MHz, 13365 MHz, 492.32 W, 600.00 W, 600.00 W, 72, 17108 MiB, 94 %, 5, 16
2026/09/25 12:36:24.716, 0, P1, 2835 MHz, 13365 MHz, 492.32 W, 600.00 W, 600.00 W, 72, 17108 MiB, 94 %, 5, 16
2026/09/25 12:36:24.967, 0, P1, 2820 MHz, 13365 MHz, 480.67 W, 600.00 W, 600.00 W, 71, 17108 MiB, 100 %, 5, 16
2026/09/25 12:36:25.218, 0, P1, 2820 MHz, 13365 MHz, 480.67 W, 600.00 W, 600.00 W, 71, 17108 MiB, 100 %, 5, 16
2026/09/25 12:36:25.469, 0, P1, 2820 MHz, 13365 MHz, 462.18 W, 600.00 W, 600.00 W, 71, 17108 MiB, 100 %, 5, 16
2026/09/25 12:36:25.720, 0, P1, 2820 MHz, 13365 MHz, 462.18 W, 600.00 W, 600.00 W, 71, 17108 MiB, 100 %, 5, 16
2026/09/25 12:36:25.970, 0, P1, 2835 MHz, 13365 MHz, 475.06 W, 600.00 W, 600.00 W, 72, 17108 MiB, 100 %, 5, 16
2026/09/25 12:36:26.221, 0, P1, 2835 MHz, 13365 MHz, 475.06 W, 600.00 W, 600.00 W, 72, 17108 MiB, 100 %, 5, 16
2026/09/25 12:36:26.472, 0, P1, 2835 MHz, 13365 MHz, 490.93 W, 600.00 W, 600.00 W, 72, 17108 MiB, 95 %, 5, 16
2026/09/25 12:36:26.723, 0, P1, 2835 MHz, 13365 MHz, 490.93 W, 600.00 W, 600.00 W, 72, 17108 MiB, 95 %, 5, 16
2026/09/25 12:36:26.973, 0, P1, 2820 MHz, 13365 MHz, 473.39 W, 600.00 W, 600.00 W, 71, 17108 MiB, 98 %, 5, 16
2026/09/25 12:36:27.224, 0, P1, 2820 MHz, 13365 MHz, 473.39 W, 600.00 W, 600.00 W, 71, 17108 MiB, 98 %, 5, 16
2026/09/25 12:36:27.475, 0, P1, 2820 MHz, 13365 MHz, 457.73 W, 600.00 W, 600.00 W, 71, 17108 MiB, 100 %, 5, 16
2026/09/25 12:36:27.726, 0, P1, 2820 MHz, 13365 MHz, 457.73 W, 600.00 W, 600.00 W, 71, 17108 MiB, 100 %, 5, 16
2026/09/25 12:36:27.977, 0, P1, 2835 MHz, 13365 MHz, 475.60 W, 600.00 W, 600.00 W, 72, 17108 MiB, 100 %, 5, 16
2026/09/25 12:36:28.228, 0, P1, 2835 MHz, 13365 MHz, 475.60 W, 600.00 W, 600.00 W, 72, 17108 MiB, 100 %, 5, 16
2026/09/25 12:36:28.479, 0, P1, 2835 MHz, 13365 MHz, 493.94 W, 600.00 W, 600.00 W, 72, 17108 MiB, 94 %, 5, 16
2026/09/25 12:36:28.729, 0, P1, 2835 MHz, 13365 MHz, 493.94 W, 600.00 W, 600.00 W, 72, 17108 MiB, 94 %, 5, 16
2026/09/25 12:36:28.980, 0, P1, 2820 MHz, 13365 MHz, 482.67 W, 600.00 W, 600.00 W, 72, 17108 MiB, 100 %, 5, 16
2026/09/25 12:36:29.231, 0, P1, 2820 MHz, 13365 MHz, 482.67 W, 600.00 W, 600.00 W, 72, 17108 MiB, 100 %, 5, 16
2026/09/25 12:36:29.482, 0, P1, 2820 MHz, 13365 MHz, 462.42 W, 600.00 W, 600.00 W, 72, 17108 MiB, 100 %, 5, 16
2026/09/25 12:36:29.733, 0, P1, 2820 MHz, 13365 MHz, 462.42 W, 600.00 W, 600.00 W, 72, 17108 MiB, 100 %, 5, 16
2026/09/25 12:36:29.984, 0, P1, 2835 MHz, 13365 MHz, 476.83 W, 600.00 W, 600.00 W, 72, 17108 MiB, 100 %, 5, 16
2026/09/25 12:36:30.234, 0, P1, 2835 MHz, 13365 MHz, 476.83 W, 600.00 W, 600.00 W, 72, 17108 MiB, 100 %, 5, 16
2026/09/25 12:36:30.485, 0, P1, 2835 MHz, 13365 MHz, 493.14 W, 600.00 W, 600.00 W, 72, 17108 MiB, 95 %, 5, 16
2026/09/25 12:36:30.736, 0, P1, 2835 MHz, 13365 MHz, 493.14 W, 600.00 W, 600.00 W, 72, 17108 MiB, 95 %, 5, 16
2026/09/25 12:36:30.987, 0, P1, 2820 MHz, 13365 MHz, 475.08 W, 600.00 W, 600.00 W, 72, 17108 MiB, 98 %, 5, 16
2026/09/25 12:36:31.238, 0, P1, 2820 MHz, 13365 MHz, 475.08 W, 600.00 W, 600.00 W, 72, 17108 MiB, 98 %, 5, 16
2026/09/25 12:36:31.489, 0, P1, 2820 MHz, 13365 MHz, 458.78 W, 600.00 W, 600.00 W, 72, 17108 MiB, 100 %, 5, 16
2026/09/25 12:36:31.740, 0, P1, 2820 MHz, 13365 MHz, 458.78 W, 600.00 W, 600.00 W, 72, 17108 MiB, 100 %, 5, 16
2026/09/25 12:36:31.991, 0, P1, 2835 MHz, 13365 MHz, 476.97 W, 600.00 W, 600.00 W, 73, 17108 MiB, 100 %, 5, 16
2026/09/25 12:36:32.242, 0, P1, 2835 MHz, 13365 MHz, 476.97 W, 600.00 W, 600.00 W, 73, 17108 MiB, 100 %, 5, 16
2026/09/25 12:36:32.493, 0, P1, 2835 MHz, 13365 MHz, 494.82 W, 600.00 W, 600.00 W, 72, 17108 MiB, 94 %, 5, 16
2026/09/25 12:36:32.743, 0, P1, 2835 MHz, 13365 MHz, 494.82 W, 600.00 W, 600.00 W, 72, 17108 MiB, 94 %, 5, 16
2026/09/25 12:36:32.994, 0, P1, 2820 MHz, 13365 MHz, 481.74 W, 600.00 W, 600.00 W, 72, 17108 MiB, 100 %, 5, 16
2026/09/25 12:36:33.245, 0, P1, 2820 MHz, 13365 MHz, 481.74 W, 600.00 W, 600.00 W, 72, 17108 MiB, 100 %, 5, 16
2026/09/25 12:36:33.496, 0, P1, 2820 MHz, 13365 MHz, 464.09 W, 600.00 W, 600.00 W, 72, 17108 MiB, 100 %, 5, 16
2026/09/25 12:36:33.747, 0, P1, 2820 MHz, 13365 MHz, 464.09 W, 600.00 W, 600.00 W, 72, 17108 MiB, 100 %, 5, 16
2026/09/25 12:36:33.998, 0, P1, 2835 MHz, 13365 MHz, 478.18 W, 600.00 W, 600.00 W, 73, 17108 MiB, 100 %, 5, 16
2026/09/25 12:36:34.248, 0, P1, 2835 MHz, 13365 MHz, 478.18 W, 600.00 W, 600.00 W, 73, 17108 MiB, 100 %, 5, 16
2026/09/25 12:36:34.499, 0, P1, 2835 MHz, 13365 MHz, 493.40 W, 600.00 W, 600.00 W, 73, 17108 MiB, 95 %, 5, 16
2026/09/25 12:36:34.750, 0, P1, 2835 MHz, 13365 MHz, 493.40 W, 600.00 W, 600.00 W, 73, 17108 MiB, 95 %, 5, 16
2026/09/25 12:36:35.000, 0, P1, 2820 MHz, 13365 MHz, 475.92 W, 600.00 W, 600.00 W, 72, 17108 MiB, 99 %, 5, 16
2026/09/25 12:36:35.251, 0, P1, 2820 MHz, 13365 MHz, 475.92 W, 600.00 W, 600.00 W, 72, 17108 MiB, 99 %, 5, 16
2026/09/25 12:36:35.502, 0, P1, 2820 MHz, 13365 MHz, 459.94 W, 600.00 W, 600.00 W, 72, 17108 MiB, 100 %, 5, 16
2026/09/25 12:36:35.753, 0, P1, 2820 MHz, 13365 MHz, 459.94 W, 600.00 W, 600.00 W, 72, 17108 MiB, 100 %, 5, 16
2026/09/25 12:36:36.004, 0, P1, 2835 MHz, 13365 MHz, 476.77 W, 600.00 W, 600.00 W, 73, 17108 MiB, 100 %, 5, 16
2026/09/25 12:36:36.255, 0, P1, 2835 MHz, 13365 MHz, 476.77 W, 600.00 W, 600.00 W, 73, 17108 MiB, 100 %, 5, 16
2026/09/25 12:36:36.506, 0, P1, 2827 MHz, 13365 MHz, 492.27 W, 600.00 W, 600.00 W, 72, 17108 MiB, 94 %, 5, 16
2026/09/25 12:36:36.757, 0, P1, 2827 MHz, 13365 MHz, 492.27 W, 600.00 W, 600.00 W, 72, 17108 MiB, 94 %, 5, 16
2026/09/25 12:36:37.008, 0, P1, 2812 MHz, 13365 MHz, 482.74 W, 600.00 W, 600.00 W, 73, 17108 MiB, 100 %, 5, 16
2026/09/25 12:36:37.259, 0, P1, 2812 MHz, 13365 MHz, 482.74 W, 600.00 W, 600.00 W, 73, 17108 MiB, 100 %, 5, 16
2026/09/25 12:36:37.509, 0, P1, 2812 MHz, 13365 MHz, 465.94 W, 600.00 W, 600.00 W, 72, 17108 MiB, 100 %, 5, 16
2026/09/25 12:36:37.760, 0, P1, 2812 MHz, 13365 MHz, 465.94 W, 600.00 W, 600.00 W, 72, 17108 MiB, 100 %, 5, 16
2026/09/25 12:36:38.011, 0, P1, 2820 MHz, 13365 MHz, 479.09 W, 600.00 W, 600.00 W, 73, 17108 MiB, 100 %, 5, 16
2026/09/25 12:36:38.262, 0, P1, 2820 MHz, 13365 MHz, 479.09 W, 600.00 W, 600.00 W, 73, 17108 MiB, 100 %, 5, 16
2026/09/25 12:36:38.513, 0, P1, 2820 MHz, 13365 MHz, 494.61 W, 600.00 W, 600.00 W, 73, 17108 MiB, 95 %, 5, 16
2026/09/25 12:36:38.764, 0, P1, 2820 MHz, 13365 MHz, 494.61 W, 600.00 W, 600.00 W, 73, 17108 MiB, 95 %, 5, 16
2026/09/25 12:36:39.015, 0, P1, 2812 MHz, 13365 MHz, 476.82 W, 600.00 W, 600.00 W, 73, 17108 MiB, 99 %, 5, 16
2026/09/25 12:36:39.265, 0, P1, 2812 MHz, 13365 MHz, 476.82 W, 600.00 W, 600.00 W, 73, 17108 MiB, 99 %, 5, 16
2026/09/25 12:36:39.516, 0, P1, 2805 MHz, 13365 MHz, 460.80 W, 600.00 W, 600.00 W, 72, 17108 MiB, 100 %, 5, 16
2026/09/25 12:36:39.767, 0, P1, 2805 MHz, 13365 MHz, 460.80 W, 600.00 W, 600.00 W, 72, 17108 MiB, 100 %, 5, 16
2026/09/25 12:36:40.018, 0, P1, 2820 MHz, 13365 MHz, 479.10 W, 600.00 W, 600.00 W, 74, 17108 MiB, 100 %, 5, 16
2026/09/25 12:36:40.269, 0, P1, 2820 MHz, 13365 MHz, 479.10 W, 600.00 W, 600.00 W, 74, 17108 MiB, 100 %, 5, 16
2026/09/25 12:36:40.520, 0, P1, 2820 MHz, 13365 MHz, 497.18 W, 600.00 W, 600.00 W, 73, 17108 MiB, 94 %, 5, 16
2026/09/25 12:36:40.771, 0, P1, 2820 MHz, 13365 MHz, 497.18 W, 600.00 W, 600.00 W, 73, 17108 MiB, 94 %, 5, 16
2026/09/25 12:36:41.022, 0, P1, 2812 MHz, 13365 MHz, 483.74 W, 600.00 W, 600.00 W, 73, 17108 MiB, 100 %, 5, 16
2026/09/25 12:36:41.272, 0, P1, 2812 MHz, 13365 MHz, 483.74 W, 600.00 W, 600.00 W, 73, 17108 MiB, 100 %, 5, 16
2026/09/25 12:36:41.523, 0, P1, 2805 MHz, 13365 MHz, 466.38 W, 600.00 W, 600.00 W, 73, 17108 MiB, 100 %, 5, 16
2026/09/25 12:36:41.774, 0, P1, 2805 MHz, 13365 MHz, 466.38 W, 600.00 W, 600.00 W, 73, 17108 MiB, 100 %, 5, 16
2026/09/25 12:36:42.025, 0, P1, 2820 MHz, 13365 MHz, 480.25 W, 600.00 W, 600.00 W, 74, 17108 MiB, 100 %, 5, 16
2026/09/25 12:36:42.276, 0, P1, 2820 MHz, 13365 MHz, 480.25 W, 600.00 W, 600.00 W, 74, 17108 MiB, 100 %, 5, 16
2026/09/25 12:36:42.527, 0, P1, 2820 MHz, 13365 MHz, 484.93 W, 600.00 W, 600.00 W, 70, 2 MiB, 49 %, 5, 16
2026/09/25 12:36:42.778, 0, P1, 2820 MHz, 13365 MHz, 484.93 W, 600.00 W, 600.00 W, 70, 2 MiB, 49 %, 5, 16
2026/09/25 12:36:43.028, 0, P0, 2842 MHz, 14001 MHz, 316.21 W, 600.00 W, 600.00 W, 66, 2 MiB, 0 %, 5, 16
2026/09/25 12:36:43.279, 0, P0, 2842 MHz, 14001 MHz, 316.21 W, 600.00 W, 600.00 W, 66, 2 MiB, 0 %, 5, 16
2026/09/25 12:36:43.530, 0, P0, 2835 MHz, 14001 MHz, 140.21 W, 600.00 W, 600.00 W, 65, 23 MiB, 0 %, 5, 16
2026/09/25 12:36:43.781, 0, P0, 2835 MHz, 14001 MHz, 140.21 W, 600.00 W, 600.00 W, 65, 596 MiB, 0 %, 5, 16
2026/09/25 12:36:44.031, 0, P1, 2835 MHz, 14001 MHz, 118.21 W, 600.00 W, 600.00 W, 65, 2132 MiB, 24 %, 5, 16
2026/09/25 12:36:44.281, 0, P1, 2835 MHz, 14001 MHz, 118.21 W, 600.00 W, 600.00 W, 65, 3188 MiB, 24 %, 5, 16
2026/09/25 12:36:44.532, 0, P1, 2692 MHz, 13365 MHz, 112.63 W, 600.00 W, 600.00 W, 64, 4212 MiB, 12 %, 5, 16
2026/09/25 12:36:44.783, 0, P1, 2692 MHz, 13365 MHz, 112.63 W, 600.00 W, 600.00 W, 64, 5140 MiB, 12 %, 5, 16
2026/09/25 12:36:45.033, 0, P1, 2617 MHz, 13365 MHz, 100.29 W, 600.00 W, 600.00 W, 64, 6068 MiB, 10 %, 5, 16
2026/09/25 12:36:45.284, 0, P1, 2617 MHz, 13365 MHz, 100.29 W, 600.00 W, 600.00 W, 64, 7028 MiB, 10 %, 5, 16
2026/09/25 12:36:45.534, 0, P1, 2617 MHz, 13365 MHz, 95.51 W, 600.00 W, 600.00 W, 63, 7924 MiB, 11 %, 5, 16
2026/09/25 12:36:45.785, 0, P1, 2617 MHz, 13365 MHz, 95.51 W, 600.00 W, 600.00 W, 63, 8852 MiB, 11 %, 5, 16
2026/09/25 12:36:46.035, 0, P1, 2617 MHz, 13365 MHz, 95.00 W, 600.00 W, 600.00 W, 63, 9780 MiB, 10 %, 5, 16
2026/09/25 12:36:46.286, 0, P1, 2617 MHz, 13365 MHz, 95.00 W, 600.00 W, 600.00 W, 63, 10708 MiB, 10 %, 5, 16
2026/09/25 12:36:46.536, 0, P1, 2617 MHz, 13365 MHz, 94.72 W, 600.00 W, 600.00 W, 63, 11668 MiB, 10 %, 5, 16
2026/09/25 12:36:46.787, 0, P1, 2617 MHz, 13365 MHz, 94.72 W, 600.00 W, 600.00 W, 63, 12596 MiB, 10 %, 5, 16
2026/09/25 12:36:47.037, 0, P1, 2617 MHz, 13365 MHz, 94.24 W, 600.00 W, 600.00 W, 63, 13524 MiB, 11 %, 5, 16
2026/09/25 12:36:47.288, 0, P1, 2617 MHz, 13365 MHz, 94.24 W, 600.00 W, 600.00 W, 63, 14420 MiB, 11 %, 5, 16
2026/09/25 12:36:47.538, 0, P1, 2617 MHz, 13365 MHz, 93.56 W, 600.00 W, 600.00 W, 62, 14740 MiB, 11 %, 5, 16
2026/09/25 12:36:47.789, 0, P1, 2617 MHz, 13365 MHz, 93.56 W, 600.00 W, 600.00 W, 62, 14740 MiB, 11 %, 5, 16
2026/09/25 12:36:48.039, 0, P1, 2610 MHz, 13365 MHz, 91.98 W, 600.00 W, 600.00 W, 62, 14740 MiB, 0 %, 5, 16
2026/09/25 12:36:48.290, 0, P1, 2610 MHz, 13365 MHz, 91.98 W, 600.00 W, 600.00 W, 62, 14740 MiB, 0 %, 5, 16
2026/09/25 12:36:48.540, 0, P1, 2610 MHz, 13365 MHz, 90.29 W, 600.00 W, 600.00 W, 62, 14740 MiB, 0 %, 5, 16
2026/09/25 12:36:48.790, 0, P1, 2610 MHz, 13365 MHz, 90.29 W, 600.00 W, 600.00 W, 62, 14740 MiB, 0 %, 5, 16
2026/09/25 12:36:49.041, 0, P1, 2610 MHz, 13365 MHz, 90.29 W, 600.00 W, 600.00 W, 62, 14740 MiB, 0 %, 5, 16
2026/09/25 12:36:49.291, 0, P1, 2610 MHz, 13365 MHz, 90.29 W, 600.00 W, 600.00 W, 62, 14740 MiB, 0 %, 5, 16
2026/09/25 12:36:49.542, 0, P1, 2610 MHz, 13365 MHz, 89.01 W, 600.00 W, 600.00 W, 61, 14740 MiB, 0 %, 5, 16
2026/09/25 12:36:49.792, 0, P1, 2610 MHz, 13365 MHz, 89.01 W, 600.00 W, 600.00 W, 61, 14740 MiB, 0 %, 5, 16
2026/09/25 12:36:50.043, 0, P1, 2610 MHz, 13365 MHz, 89.01 W, 600.00 W, 600.00 W, 61, 14740 MiB, 0 %, 5, 16
2026/09/25 12:36:50.293, 0, P1, 2610 MHz, 13365 MHz, 89.01 W, 600.00 W, 600.00 W, 61, 14740 MiB, 0 %, 5, 16
2026/09/25 12:36:50.543, 0, P1, 2610 MHz, 13365 MHz, 88.75 W, 600.00 W, 600.00 W, 61, 14740 MiB, 0 %, 5, 16
2026/09/25 12:36:50.794, 0, P1, 2610 MHz, 13365 MHz, 88.75 W, 600.00 W, 600.00 W, 61, 14740 MiB, 0 %, 5, 16
2026/09/25 12:36:51.044, 0, P1, 2610 MHz, 13365 MHz, 88.75 W, 600.00 W, 600.00 W, 61, 14740 MiB, 0 %, 5, 16
2026/09/25 12:36:51.294, 0, P1, 2610 MHz, 13365 MHz, 88.75 W, 600.00 W, 600.00 W, 61, 14740 MiB, 0 %, 5, 16
2026/09/25 12:36:51.545, 0, P1, 2610 MHz, 13365 MHz, 88.30 W, 600.00 W, 600.00 W, 61, 14740 MiB, 0 %, 5, 16
2026/09/25 12:36:51.795, 0, P1, 2610 MHz, 13365 MHz, 88.30 W, 600.00 W, 600.00 W, 61, 14740 MiB, 0 %, 5, 16
2026/09/25 12:36:52.046, 0, P1, 2610 MHz, 13365 MHz, 88.30 W, 600.00 W, 600.00 W, 61, 14740 MiB, 0 %, 5, 16
2026/09/25 12:36:52.296, 0, P1, 2610 MHz, 13365 MHz, 88.30 W, 600.00 W, 600.00 W, 61, 14740 MiB, 0 %, 5, 16
2026/09/25 12:36:52.546, 0, P1, 2610 MHz, 13365 MHz, 87.25 W, 600.00 W, 600.00 W, 60, 14740 MiB, 0 %, 5, 16
2026/09/25 12:36:52.797, 0, P1, 2610 MHz, 13365 MHz, 87.25 W, 600.00 W, 600.00 W, 60, 14740 MiB, 0 %, 5, 16
2026/09/25 12:36:53.047, 0, P1, 2610 MHz, 13365 MHz, 87.25 W, 600.00 W, 600.00 W, 60, 14740 MiB, 0 %, 5, 16
2026/09/25 12:36:53.298, 0, P1, 2610 MHz, 13365 MHz, 87.25 W, 600.00 W, 600.00 W, 60, 14740 MiB, 0 %, 5, 16
2026/09/25 12:36:53.548, 0, P1, 2610 MHz, 13365 MHz, 86.57 W, 600.00 W, 600.00 W, 60, 14740 MiB, 0 %, 5, 16
2026/09/25 12:36:53.799, 0, P1, 2610 MHz, 13365 MHz, 86.57 W, 600.00 W, 600.00 W, 60, 14740 MiB, 0 %, 5, 16
2026/09/25 12:36:54.050, 0, P1, 2610 MHz, 13365 MHz, 86.49 W, 600.00 W, 600.00 W, 60, 14740 MiB, 0 %, 5, 16
2026/09/25 12:36:54.300, 0, P1, 2610 MHz, 13365 MHz, 86.49 W, 600.00 W, 600.00 W, 60, 14740 MiB, 0 %, 5, 16
2026/09/25 12:36:54.551, 0, P1, 2610 MHz, 13365 MHz, 86.32 W, 600.00 W, 600.00 W, 59, 14740 MiB, 0 %, 5, 16
2026/09/25 12:36:54.802, 0, P1, 2610 MHz, 13365 MHz, 86.32 W, 600.00 W, 600.00 W, 59, 14740 MiB, 0 %, 5, 16
2026/09/25 12:36:55.053, 0, P1, 2610 MHz, 13365 MHz, 86.33 W, 600.00 W, 600.00 W, 59, 14740 MiB, 0 %, 5, 16
2026/09/25 12:36:55.304, 0, P1, 2610 MHz, 13365 MHz, 86.33 W, 600.00 W, 600.00 W, 59, 14740 MiB, 0 %, 5, 16
2026/09/25 12:36:55.554, 0, P1, 2610 MHz, 13365 MHz, 86.33 W, 600.00 W, 600.00 W, 59, 15892 MiB, 0 %, 5, 16
2026/09/25 12:36:55.805, 0, P1, 2610 MHz, 13365 MHz, 86.33 W, 600.00 W, 600.00 W, 59, 16500 MiB, 0 %, 5, 16
2026/09/25 12:36:56.056, 0, P1, 2760 MHz, 13365 MHz, 146.29 W, 600.00 W, 600.00 W, 65, 16820 MiB, 77 %, 5, 16
2026/09/25 12:36:56.306, 0, P1, 2760 MHz, 13365 MHz, 146.29 W, 600.00 W, 600.00 W, 65, 16820 MiB, 77 %, 5, 16
2026/09/25 12:36:56.557, 0, P1, 2820 MHz, 13365 MHz, 226.67 W, 600.00 W, 600.00 W, 67, 16820 MiB, 100 %, 5, 16
2026/09/25 12:36:56.808, 0, P1, 2820 MHz, 13365 MHz, 226.67 W, 600.00 W, 600.00 W, 67, 16820 MiB, 100 %, 5, 16
2026/09/25 12:36:57.059, 0, P1, 2820 MHz, 13365 MHz, 437.79 W, 600.00 W, 600.00 W, 67, 16820 MiB, 100 %, 5, 16
2026/09/25 12:36:57.310, 0, P1, 2820 MHz, 13365 MHz, 437.79 W, 600.00 W, 600.00 W, 67, 16820 MiB, 100 %, 5, 16
2026/09/25 12:36:57.561, 0, P1, 2835 MHz, 13365 MHz, 467.88 W, 600.00 W, 600.00 W, 68, 16820 MiB, 100 %, 5, 16
2026/09/25 12:36:57.812, 0, P1, 2835 MHz, 13365 MHz, 467.88 W, 600.00 W, 600.00 W, 68, 16820 MiB, 100 %, 5, 16
2026/09/25 12:36:58.062, 0, P1, 2835 MHz, 13365 MHz, 484.29 W, 600.00 W, 600.00 W, 68, 16820 MiB, 93 %, 5, 16
2026/09/25 12:36:58.313, 0, P1, 2835 MHz, 13365 MHz, 484.29 W, 600.00 W, 600.00 W, 68, 17108 MiB, 93 %, 5, 16
2026/09/25 12:36:58.564, 0, P1, 2820 MHz, 13365 MHz, 469.21 W, 600.00 W, 600.00 W, 68, 17108 MiB, 99 %, 5, 16
2026/09/25 12:36:58.815, 0, P1, 2820 MHz, 13365 MHz, 469.21 W, 600.00 W, 600.00 W, 68, 17108 MiB, 99 %, 5, 16
2026/09/25 12:36:59.066, 0, P1, 2820 MHz, 13365 MHz, 451.68 W, 600.00 W, 600.00 W, 68, 17108 MiB, 100 %, 5, 16
2026/09/25 12:36:59.317, 0, P1, 2820 MHz, 13365 MHz, 451.68 W, 600.00 W, 600.00 W, 68, 17108 MiB, 100 %, 5, 16
2026/09/25 12:36:59.568, 0, P1, 2835 MHz, 13365 MHz, 466.46 W, 600.00 W, 600.00 W, 69, 17108 MiB, 100 %, 5, 16
2026/09/25 12:36:59.819, 0, P1, 2835 MHz, 13365 MHz, 466.46 W, 600.00 W, 600.00 W, 69, 17108 MiB, 100 %, 5, 16
2026/09/25 12:37:00.069, 0, P1, 2835 MHz, 13365 MHz, 484.80 W, 600.00 W, 600.00 W, 69, 17108 MiB, 96 %, 5, 16
2026/09/25 12:37:00.320, 0, P1, 2835 MHz, 13365 MHz, 484.80 W, 600.00 W, 600.00 W, 69, 17108 MiB, 96 %, 5, 16
2026/09/25 12:37:00.571, 0, P1, 2820 MHz, 13365 MHz, 474.23 W, 600.00 W, 600.00 W, 69, 17108 MiB, 100 %, 5, 16
2026/09/25 12:37:00.822, 0, P1, 2820 MHz, 13365 MHz, 474.23 W, 600.00 W, 600.00 W, 69, 17108 MiB, 100 %, 5, 16
2026/09/25 12:37:01.073, 0, P1, 2820 MHz, 13365 MHz, 454.29 W, 600.00 W, 600.00 W, 68, 17108 MiB, 100 %, 5, 16
2026/09/25 12:37:01.324, 0, P1, 2820 MHz, 13365 MHz, 454.29 W, 600.00 W, 600.00 W, 68, 17108 MiB, 100 %, 5, 16
2026/09/25 12:37:01.574, 0, P1, 2835 MHz, 13365 MHz, 470.08 W, 600.00 W, 600.00 W, 69, 17108 MiB, 100 %, 5, 16
2026/09/25 12:37:01.825, 0, P1, 2835 MHz, 13365 MHz, 470.08 W, 600.00 W, 600.00 W, 69, 17108 MiB, 100 %, 5, 16
2026/09/25 12:37:02.076, 0, P1, 2835 MHz, 13365 MHz, 486.97 W, 600.00 W, 600.00 W, 69, 17108 MiB, 95 %, 5, 16
2026/09/25 12:37:02.327, 0, P1, 2835 MHz, 13365 MHz, 486.97 W, 600.00 W, 600.00 W, 69, 17108 MiB, 95 %, 5, 16
2026/09/25 12:37:02.578, 0, P1, 2820 MHz, 13365 MHz, 471.27 W, 600.00 W, 600.00 W, 69, 17108 MiB, 99 %, 5, 16
2026/09/25 12:37:02.829, 0, P1, 2820 MHz, 13365 MHz, 471.27 W, 600.00 W, 600.00 W, 69, 17108 MiB, 99 %, 5, 16
2026/09/25 12:37:03.080, 0, P1, 2820 MHz, 13365 MHz, 452.85 W, 600.00 W, 600.00 W, 69, 17108 MiB, 100 %, 5, 16
2026/09/25 12:37:03.331, 0, P1, 2820 MHz, 13365 MHz, 452.85 W, 600.00 W, 600.00 W, 69, 17108 MiB, 100 %, 5, 16
2026/09/25 12:37:03.582, 0, P1, 2835 MHz, 13365 MHz, 470.38 W, 600.00 W, 600.00 W, 70, 17108 MiB, 100 %, 5, 16
2026/09/25 12:37:03.833, 0, P1, 2835 MHz, 13365 MHz, 470.38 W, 600.00 W, 600.00 W, 70, 17108 MiB, 100 %, 5, 16
2026/09/25 12:37:04.083, 0, P1, 2835 MHz, 13365 MHz, 487.18 W, 600.00 W, 600.00 W, 70, 17108 MiB, 94 %, 5, 16
2026/09/25 12:37:04.334, 0, P1, 2835 MHz, 13365 MHz, 487.18 W, 600.00 W, 600.00 W, 70, 17108 MiB, 94 %, 5, 16
2026/09/25 12:37:04.585, 0, P1, 2820 MHz, 13365 MHz, 478.02 W, 600.00 W, 600.00 W, 69, 17108 MiB, 100 %, 5, 16
2026/09/25 12:37:04.836, 0, P1, 2820 MHz, 13365 MHz, 478.02 W, 600.00 W, 600.00 W, 69, 17108 MiB, 100 %, 5, 16
2026/09/25 12:37:05.087, 0, P1, 2820 MHz, 13365 MHz, 455.87 W, 600.00 W, 600.00 W, 69, 17108 MiB, 100 %, 5, 16
2026/09/25 12:37:05.338, 0, P1, 2820 MHz, 13365 MHz, 455.87 W, 600.00 W, 600.00 W, 69, 17108 MiB, 100 %, 5, 16
2026/09/25 12:37:05.589, 0, P1, 2835 MHz, 13365 MHz, 473.07 W, 600.00 W, 600.00 W, 70, 17108 MiB, 100 %, 5, 16
2026/09/25 12:37:05.839, 0, P1, 2835 MHz, 13365 MHz, 473.07 W, 600.00 W, 600.00 W, 70, 17108 MiB, 100 %, 5, 16
2026/09/25 12:37:06.090, 0, P1, 2835 MHz, 13365 MHz, 485.58 W, 600.00 W, 600.00 W, 70, 17108 MiB, 95 %, 5, 16
2026/09/25 12:37:06.341, 0, P1, 2835 MHz, 13365 MHz, 485.58 W, 600.00 W, 600.00 W, 70, 17108 MiB, 95 %, 5, 16
2026/09/25 12:37:06.592, 0, P1, 2820 MHz, 13365 MHz, 474.28 W, 600.00 W, 600.00 W, 69, 17108 MiB, 99 %, 5, 16
2026/09/25 12:37:06.842, 0, P1, 2820 MHz, 13365 MHz, 474.28 W, 600.00 W, 600.00 W, 69, 17108 MiB, 99 %, 5, 16
2026/09/25 12:37:07.093, 0, P1, 2820 MHz, 13365 MHz, 455.42 W, 600.00 W, 600.00 W, 69, 17108 MiB, 100 %, 5, 16
2026/09/25 12:37:07.344, 0, P1, 2820 MHz, 13365 MHz, 455.42 W, 600.00 W, 600.00 W, 69, 17108 MiB, 100 %, 5, 16
2026/09/25 12:37:07.595, 0, P1, 2835 MHz, 13365 MHz, 470.57 W, 600.00 W, 600.00 W, 70, 17108 MiB, 100 %, 5, 16
2026/09/25 12:37:07.846, 0, P1, 2835 MHz, 13365 MHz, 470.57 W, 600.00 W, 600.00 W, 70, 17108 MiB, 100 %, 5, 16
2026/09/25 12:37:08.097, 0, P1, 2835 MHz, 13365 MHz, 491.36 W, 600.00 W, 600.00 W, 71, 17108 MiB, 94 %, 5, 16
2026/09/25 12:37:08.348, 0, P1, 2835 MHz, 13365 MHz, 491.36 W, 600.00 W, 600.00 W, 71, 17108 MiB, 94 %, 5, 16
2026/09/25 12:37:08.599, 0, P1, 2820 MHz, 13365 MHz, 478.93 W, 600.00 W, 600.00 W, 70, 17108 MiB, 100 %, 5, 16
2026/09/25 12:37:08.849, 0, P1, 2820 MHz, 13365 MHz, 478.93 W, 600.00 W, 600.00 W, 70, 17108 MiB, 100 %, 5, 16
2026/09/25 12:37:09.100, 0, P1, 2820 MHz, 13365 MHz, 460.07 W, 600.00 W, 600.00 W, 70, 17108 MiB, 100 %, 5, 16
2026/09/25 12:37:09.351, 0, P1, 2820 MHz, 13365 MHz, 460.07 W, 600.00 W, 600.00 W, 70, 17108 MiB, 100 %, 5, 16
2026/09/25 12:37:09.602, 0, P1, 2835 MHz, 13365 MHz, 473.60 W, 600.00 W, 600.00 W, 71, 17108 MiB, 100 %, 5, 16
2026/09/25 12:37:09.853, 0, P1, 2835 MHz, 13365 MHz, 473.60 W, 600.00 W, 600.00 W, 71, 17108 MiB, 100 %, 5, 16
2026/09/25 12:37:10.103, 0, P1, 2835 MHz, 13365 MHz, 485.52 W, 600.00 W, 600.00 W, 70, 17108 MiB, 95 %, 5, 16
2026/09/25 12:37:10.354, 0, P1, 2835 MHz, 13365 MHz, 485.52 W, 600.00 W, 600.00 W, 70, 17108 MiB, 95 %, 5, 16
2026/09/25 12:37:10.605, 0, P1, 2820 MHz, 13365 MHz, 471.93 W, 600.00 W, 600.00 W, 70, 17108 MiB, 98 %, 5, 16
2026/09/25 12:37:10.856, 0, P1, 2820 MHz, 13365 MHz, 471.93 W, 600.00 W, 600.00 W, 70, 17108 MiB, 98 %, 5, 16
2026/09/25 12:37:11.107, 0, P1, 2820 MHz, 13365 MHz, 457.23 W, 600.00 W, 600.00 W, 70, 17108 MiB, 100 %, 5, 16
2026/09/25 12:37:11.358, 0, P1, 2820 MHz, 13365 MHz, 457.23 W, 600.00 W, 600.00 W, 70, 17108 MiB, 100 %, 5, 16
2026/09/25 12:37:11.609, 0, P1, 2835 MHz, 13365 MHz, 473.12 W, 600.00 W, 600.00 W, 71, 17108 MiB, 100 %, 5, 16
2026/09/25 12:37:11.860, 0, P1, 2835 MHz, 13365 MHz, 473.12 W, 600.00 W, 600.00 W, 71, 17108 MiB, 100 %, 5, 16
2026/09/25 12:37:12.110, 0, P1, 2835 MHz, 13365 MHz, 487.64 W, 600.00 W, 600.00 W, 71, 17108 MiB, 94 %, 5, 16
2026/09/25 12:37:12.361, 0, P1, 2835 MHz, 13365 MHz, 487.64 W, 600.00 W, 600.00 W, 71, 17108 MiB, 94 %, 5, 16
2026/09/25 12:37:12.612, 0, P1, 2820 MHz, 13365 MHz, 479.99 W, 600.00 W, 600.00 W, 71, 17108 MiB, 100 %, 5, 16
2026/09/25 12:37:12.863, 0, P1, 2820 MHz, 13365 MHz, 479.99 W, 600.00 W, 600.00 W, 71, 17108 MiB, 100 %, 5, 16
2026/09/25 12:37:13.114, 0, P1, 2820 MHz, 13365 MHz, 459.60 W, 600.00 W, 600.00 W, 70, 17108 MiB, 100 %, 5, 16
2026/09/25 12:37:13.364, 0, P1, 2820 MHz, 13365 MHz, 459.60 W, 600.00 W, 600.00 W, 70, 17108 MiB, 100 %, 5, 16
2026/09/25 12:37:13.615, 0, P1, 2835 MHz, 13365 MHz, 473.85 W, 600.00 W, 600.00 W, 71, 17108 MiB, 100 %, 5, 16
2026/09/25 12:37:13.866, 0, P1, 2835 MHz, 13365 MHz, 473.85 W, 600.00 W, 600.00 W, 71, 17108 MiB, 100 %, 5, 16
2026/09/25 12:37:14.117, 0, P1, 2835 MHz, 13365 MHz, 490.73 W, 600.00 W, 600.00 W, 71, 17108 MiB, 95 %, 5, 16
2026/09/25 12:37:14.368, 0, P1, 2835 MHz, 13365 MHz, 490.73 W, 600.00 W, 600.00 W, 71, 17108 MiB, 95 %, 5, 16
2026/09/25 12:37:14.619, 0, P1, 2820 MHz, 13365 MHz, 473.36 W, 600.00 W, 600.00 W, 71, 17108 MiB, 99 %, 5, 16
2026/09/25 12:37:14.870, 0, P1, 2820 MHz, 13365 MHz, 473.36 W, 600.00 W, 600.00 W, 71, 17108 MiB, 99 %, 5, 16
2026/09/25 12:37:15.120, 0, P1, 2820 MHz, 13365 MHz, 457.29 W, 600.00 W, 600.00 W, 71, 17108 MiB, 100 %, 5, 16
2026/09/25 12:37:15.371, 0, P1, 2820 MHz, 13365 MHz, 457.29 W, 600.00 W, 600.00 W, 71, 17108 MiB, 100 %, 5, 16
2026/09/25 12:37:15.622, 0, P1, 2835 MHz, 13365 MHz, 473.28 W, 600.00 W, 600.00 W, 72, 17108 MiB, 100 %, 5, 16
2026/09/25 12:37:15.873, 0, P1, 2835 MHz, 13365 MHz, 473.28 W, 600.00 W, 600.00 W, 72, 17108 MiB, 100 %, 5, 16
2026/09/25 12:37:16.124, 0, P1, 2835 MHz, 13365 MHz, 489.36 W, 600.00 W, 600.00 W, 72, 17108 MiB, 94 %, 5, 16
2026/09/25 12:37:16.374, 0, P1, 2835 MHz, 13365 MHz, 489.36 W, 600.00 W, 600.00 W, 72, 17108 MiB, 94 %, 5, 16
2026/09/25 12:37:16.625, 0, P1, 2820 MHz, 13365 MHz, 476.86 W, 600.00 W, 600.00 W, 71, 17108 MiB, 99 %, 5, 16
2026/09/25 12:37:16.876, 0, P1, 2820 MHz, 13365 MHz, 476.86 W, 600.00 W, 600.00 W, 71, 17108 MiB, 99 %, 5, 16
2026/09/25 12:37:17.127, 0, P1, 2820 MHz, 13365 MHz, 458.32 W, 600.00 W, 600.00 W, 71, 17108 MiB, 100 %, 5, 16
2026/09/25 12:37:17.378, 0, P1, 2820 MHz, 13365 MHz, 458.32 W, 600.00 W, 600.00 W, 71, 17108 MiB, 100 %, 5, 16
2026/09/25 12:37:17.629, 0, P1, 2835 MHz, 13365 MHz, 473.69 W, 600.00 W, 600.00 W, 72, 17108 MiB, 100 %, 5, 16
2026/09/25 12:37:17.880, 0, P1, 2835 MHz, 13365 MHz, 473.69 W, 600.00 W, 600.00 W, 72, 17108 MiB, 100 %, 5, 16
2026/09/25 12:37:18.131, 0, P1, 2835 MHz, 13365 MHz, 494.51 W, 600.00 W, 600.00 W, 72, 17108 MiB, 100 %, 5, 16
2026/09/25 12:37:18.381, 0, P1, 2835 MHz, 13365 MHz, 494.51 W, 600.00 W, 600.00 W, 72, 17108 MiB, 100 %, 5, 16
2026/09/25 12:37:18.632, 0, P1, 2820 MHz, 13365 MHz, 481.80 W, 600.00 W, 600.00 W, 71, 17108 MiB, 100 %, 5, 16
2026/09/25 12:37:18.883, 0, P1, 2820 MHz, 13365 MHz, 481.80 W, 600.00 W, 600.00 W, 71, 17108 MiB, 100 %, 5, 16
2026/09/25 12:37:19.134, 0, P1, 2820 MHz, 13365 MHz, 461.26 W, 600.00 W, 600.00 W, 71, 17108 MiB, 100 %, 5, 16
2026/09/25 12:37:19.385, 0, P1, 2820 MHz, 13365 MHz, 461.26 W, 600.00 W, 600.00 W, 71, 17108 MiB, 100 %, 5, 16
2026/09/25 12:37:19.636, 0, P1, 2835 MHz, 13365 MHz, 475.26 W, 600.00 W, 600.00 W, 72, 17108 MiB, 100 %, 5, 16
2026/09/25 12:37:19.887, 0, P1, 2835 MHz, 13365 MHz, 475.26 W, 600.00 W, 600.00 W, 72, 17108 MiB, 100 %, 5, 16
2026/09/25 12:37:20.137, 0, P1, 2835 MHz, 13365 MHz, 490.29 W, 600.00 W, 600.00 W, 72, 17108 MiB, 95 %, 5, 16
2026/09/25 12:37:20.388, 0, P1, 2835 MHz, 13365 MHz, 490.29 W, 600.00 W, 600.00 W, 72, 17108 MiB, 95 %, 5, 16
2026/09/25 12:37:20.639, 0, P1, 2820 MHz, 13365 MHz, 476.10 W, 600.00 W, 600.00 W, 71, 17108 MiB, 99 %, 5, 16
2026/09/25 12:37:20.890, 0, P1, 2820 MHz, 13365 MHz, 476.10 W, 600.00 W, 600.00 W, 71, 17108 MiB, 99 %, 5, 16
2026/09/25 12:37:21.141, 0, P1, 2820 MHz, 13365 MHz, 460.29 W, 600.00 W, 600.00 W, 71, 17108 MiB, 100 %, 5, 16
2026/09/25 12:37:21.391, 0, P1, 2820 MHz, 13365 MHz, 460.29 W, 600.00 W, 600.00 W, 71, 17108 MiB, 100 %, 5, 16
2026/09/25 12:37:21.642, 0, P1, 2835 MHz, 13365 MHz, 472.78 W, 600.00 W, 600.00 W, 72, 17108 MiB, 100 %, 5, 16
2026/09/25 12:37:21.893, 0, P1, 2835 MHz, 13365 MHz, 472.78 W, 600.00 W, 600.00 W, 72, 17108 MiB, 100 %, 5, 16
2026/09/25 12:37:22.144, 0, P1, 2835 MHz, 13365 MHz, 495.13 W, 600.00 W, 600.00 W, 72, 17108 MiB, 100 %, 5, 16
2026/09/25 12:37:22.395, 0, P1, 2835 MHz, 13365 MHz, 495.13 W, 600.00 W, 600.00 W, 72, 17108 MiB, 100 %, 5, 16
2026/09/25 12:37:22.645, 0, P1, 2820 MHz, 13365 MHz, 483.58 W, 600.00 W, 600.00 W, 72, 17108 MiB, 100 %, 5, 16
2026/09/25 12:37:22.896, 0, P1, 2820 MHz, 13365 MHz, 483.58 W, 600.00 W, 600.00 W, 72, 17108 MiB, 100 %, 5, 16
2026/09/25 12:37:23.147, 0, P1, 2820 MHz, 13365 MHz, 465.44 W, 600.00 W, 600.00 W, 72, 17108 MiB, 100 %, 5, 16
2026/09/25 12:37:23.398, 0, P1, 2820 MHz, 13365 MHz, 465.44 W, 600.00 W, 600.00 W, 72, 17108 MiB, 100 %, 5, 16
2026/09/25 12:37:23.649, 0, P1, 2835 MHz, 13365 MHz, 477.00 W, 600.00 W, 600.00 W, 72, 17108 MiB, 100 %, 5, 16
2026/09/25 12:37:23.900, 0, P1, 2835 MHz, 13365 MHz, 477.00 W, 600.00 W, 600.00 W, 72, 17108 MiB, 100 %, 5, 16
2026/09/25 12:37:24.150, 0, P1, 2835 MHz, 13365 MHz, 494.52 W, 600.00 W, 600.00 W, 72, 17108 MiB, 95 %, 5, 16
2026/09/25 12:37:24.401, 0, P1, 2835 MHz, 13365 MHz, 494.52 W, 600.00 W, 600.00 W, 72, 17108 MiB, 95 %, 5, 16
2026/09/25 12:37:24.652, 0, P1, 2820 MHz, 13365 MHz, 478.23 W, 600.00 W, 600.00 W, 72, 17108 MiB, 99 %, 5, 16
2026/09/25 12:37:24.903, 0, P1, 2820 MHz, 13365 MHz, 478.23 W, 600.00 W, 600.00 W, 72, 17108 MiB, 99 %, 5, 16
2026/09/25 12:37:25.153, 0, P1, 2820 MHz, 13365 MHz, 458.85 W, 600.00 W, 600.00 W, 72, 17108 MiB, 100 %, 5, 16
2026/09/25 12:37:25.404, 0, P1, 2820 MHz, 13365 MHz, 458.85 W, 600.00 W, 600.00 W, 72, 17108 MiB, 100 %, 5, 16
2026/09/25 12:37:25.655, 0, P1, 2835 MHz, 13365 MHz, 475.84 W, 600.00 W, 600.00 W, 73, 17108 MiB, 100 %, 5, 16
2026/09/25 12:37:25.906, 0, P1, 2835 MHz, 13365 MHz, 475.84 W, 600.00 W, 600.00 W, 73, 17108 MiB, 100 %, 5, 16
2026/09/25 12:37:26.156, 0, P1, 2835 MHz, 13365 MHz, 492.46 W, 600.00 W, 600.00 W, 73, 17108 MiB, 100 %, 5, 16
2026/09/25 12:37:26.408, 0, P1, 2835 MHz, 13365 MHz, 492.46 W, 600.00 W, 600.00 W, 73, 17108 MiB, 100 %, 5, 16
2026/09/25 12:37:26.658, 0, P1, 2820 MHz, 13365 MHz, 485.16 W, 600.00 W, 600.00 W, 72, 17108 MiB, 100 %, 5, 16
2026/09/25 12:37:26.909, 0, P1, 2820 MHz, 13365 MHz, 485.16 W, 600.00 W, 600.00 W, 72, 17108 MiB, 100 %, 5, 16
2026/09/25 12:37:27.160, 0, P1, 2820 MHz, 13365 MHz, 463.45 W, 600.00 W, 600.00 W, 72, 17108 MiB, 100 %, 5, 16
2026/09/25 12:37:27.411, 0, P1, 2820 MHz, 13365 MHz, 463.45 W, 600.00 W, 600.00 W, 72, 17108 MiB, 100 %, 5, 16
2026/09/25 12:37:27.662, 0, P1, 2835 MHz, 13365 MHz, 477.49 W, 600.00 W, 600.00 W, 73, 17108 MiB, 100 %, 5, 16
2026/09/25 12:37:27.913, 0, P1, 2835 MHz, 13365 MHz, 477.49 W, 600.00 W, 600.00 W, 73, 17108 MiB, 100 %, 5, 16
2026/09/25 12:37:28.164, 0, P1, 2835 MHz, 13365 MHz, 495.84 W, 600.00 W, 600.00 W, 72, 17108 MiB, 95 %, 5, 16
2026/09/25 12:37:28.414, 0, P1, 2820 MHz, 13365 MHz, 478.45 W, 600.00 W, 600.00 W, 72, 17108 MiB, 95 %, 5, 16
2026/09/25 12:37:28.665, 0, P1, 2820 MHz, 13365 MHz, 478.45 W, 600.00 W, 600.00 W, 72, 17108 MiB, 99 %, 5, 16
2026/09/25 12:37:28.916, 0, P1, 2820 MHz, 13365 MHz, 462.95 W, 600.00 W, 600.00 W, 72, 17108 MiB, 100 %, 5, 16
2026/09/25 12:37:29.167, 0, P1, 2820 MHz, 13365 MHz, 462.95 W, 600.00 W, 600.00 W, 72, 17108 MiB, 100 %, 5, 16
2026/09/25 12:37:29.418, 0, P1, 2835 MHz, 13365 MHz, 477.87 W, 600.00 W, 600.00 W, 73, 17108 MiB, 100 %, 5, 16
2026/09/25 12:37:29.669, 0, P1, 2835 MHz, 13365 MHz, 477.87 W, 600.00 W, 600.00 W, 73, 17108 MiB, 100 %, 5, 16
2026/09/25 12:37:29.920, 0, P1, 2835 MHz, 13365 MHz, 493.59 W, 600.00 W, 600.00 W, 73, 17108 MiB, 100 %, 5, 16
2026/09/25 12:37:30.170, 0, P1, 2835 MHz, 13365 MHz, 493.59 W, 600.00 W, 600.00 W, 73, 17108 MiB, 100 %, 5, 16
2026/09/25 12:37:30.421, 0, P1, 2820 MHz, 13365 MHz, 485.46 W, 600.00 W, 600.00 W, 73, 17108 MiB, 100 %, 5, 16
2026/09/25 12:37:30.672, 0, P1, 2820 MHz, 13365 MHz, 485.46 W, 600.00 W, 600.00 W, 73, 17108 MiB, 100 %, 5, 16
2026/09/25 12:37:30.923, 0, P1, 2820 MHz, 13365 MHz, 463.00 W, 600.00 W, 600.00 W, 72, 17108 MiB, 100 %, 5, 16
2026/09/25 12:37:31.174, 0, P1, 2820 MHz, 13365 MHz, 463.00 W, 600.00 W, 600.00 W, 72, 17108 MiB, 100 %, 5, 16
2026/09/25 12:37:31.425, 0, P1, 2835 MHz, 13365 MHz, 477.27 W, 600.00 W, 600.00 W, 73, 17108 MiB, 100 %, 5, 16
2026/09/25 12:37:31.676, 0, P1, 2835 MHz, 13365 MHz, 477.27 W, 600.00 W, 600.00 W, 73, 17108 MiB, 100 %, 5, 16
2026/09/25 12:37:31.927, 0, P1, 2835 MHz, 13365 MHz, 495.62 W, 600.00 W, 600.00 W, 72, 17108 MiB, 95 %, 5, 16
2026/09/25 12:37:32.178, 0, P1, 2835 MHz, 13365 MHz, 495.62 W, 600.00 W, 600.00 W, 72, 17108 MiB, 95 %, 5, 16
2026/09/25 12:37:32.429, 0, P1, 2812 MHz, 13365 MHz, 479.34 W, 600.00 W, 600.00 W, 73, 17108 MiB, 99 %, 5, 16
2026/09/25 12:37:32.680, 0, P1, 2812 MHz, 13365 MHz, 479.34 W, 600.00 W, 600.00 W, 73, 17108 MiB, 99 %, 5, 16
2026/09/25 12:37:32.930, 0, P1, 2812 MHz, 13365 MHz, 461.09 W, 600.00 W, 600.00 W, 73, 17108 MiB, 100 %, 5, 16
2026/09/25 12:37:33.181, 0, P1, 2812 MHz, 13365 MHz, 461.09 W, 600.00 W, 600.00 W, 73, 17108 MiB, 100 %, 5, 16
2026/09/25 12:37:33.432, 0, P1, 2820 MHz, 13365 MHz, 473.96 W, 600.00 W, 600.00 W, 73, 17108 MiB, 100 %, 5, 16
2026/09/25 12:37:33.683, 0, P1, 2820 MHz, 13365 MHz, 473.96 W, 600.00 W, 600.00 W, 73, 17108 MiB, 100 %, 5, 16
2026/09/25 12:37:33.934, 0, P1, 2820 MHz, 13365 MHz, 492.64 W, 600.00 W, 600.00 W, 74, 17108 MiB, 100 %, 5, 16
2026/09/25 12:37:34.184, 0, P1, 2820 MHz, 13365 MHz, 492.64 W, 600.00 W, 600.00 W, 74, 17108 MiB, 100 %, 5, 16
2026/09/25 12:37:34.435, 0, P1, 2812 MHz, 13365 MHz, 483.66 W, 600.00 W, 600.00 W, 73, 17108 MiB, 100 %, 5, 16
2026/09/25 12:37:34.686, 0, P1, 2812 MHz, 13365 MHz, 483.66 W, 600.00 W, 600.00 W, 73, 17108 MiB, 100 %, 5, 16
2026/09/25 12:37:34.937, 0, P1, 2812 MHz, 13365 MHz, 463.92 W, 600.00 W, 600.00 W, 73, 17108 MiB, 100 %, 5, 16
2026/09/25 12:37:35.188, 0, P1, 2812 MHz, 13365 MHz, 463.92 W, 600.00 W, 600.00 W, 73, 17108 MiB, 100 %, 5, 16
2026/09/25 12:37:35.439, 0, P1, 2820 MHz, 13365 MHz, 478.34 W, 600.00 W, 600.00 W, 74, 17108 MiB, 100 %, 5, 16
2026/09/25 12:37:35.690, 0, P1, 2820 MHz, 13365 MHz, 478.34 W, 600.00 W, 600.00 W, 74, 17108 MiB, 100 %, 5, 16
2026/09/25 12:37:35.941, 0, P1, 2820 MHz, 13365 MHz, 490.46 W, 600.00 W, 600.00 W, 72, 17108 MiB, 79 %, 5, 16
2026/09/25 12:37:36.191, 0, P1, 2820 MHz, 13365 MHz, 490.46 W, 600.00 W, 600.00 W, 72, 2 MiB, 79 %, 5, 16
2026/09/25 12:37:36.442, 0, P0, 2842 MHz, 14001 MHz, 308.26 W, 600.00 W, 600.00 W, 66, 2 MiB, 0 %, 5, 16
2026/09/25 12:37:36.693, 0, P0, 2842 MHz, 14001 MHz, 308.26 W, 600.00 W, 600.00 W, 66, 2 MiB, 0 %, 5, 16
2026/09/25 12:37:36.943, 0, P0, 2835 MHz, 14001 MHz, 150.37 W, 600.00 W, 600.00 W, 65, 2 MiB, 0 %, 5, 16
2026/09/25 12:37:37.194, 0, P0, 2835 MHz, 14001 MHz, 150.37 W, 600.00 W, 600.00 W, 65, 596 MiB, 0 %, 5, 16
2026/09/25 12:37:37.444, 0, P1, 2835 MHz, 14001 MHz, 117.58 W, 600.00 W, 600.00 W, 65, 1684 MiB, 17 %, 5, 16
2026/09/25 12:37:37.695, 0, P1, 2835 MHz, 14001 MHz, 117.58 W, 600.00 W, 600.00 W, 65, 2740 MiB, 17 %, 5, 16
2026/09/25 12:37:37.945, 0, P1, 2775 MHz, 13365 MHz, 113.94 W, 600.00 W, 600.00 W, 64, 3764 MiB, 12 %, 5, 16
2026/09/25 12:37:38.196, 0, P1, 2775 MHz, 13365 MHz, 113.94 W, 600.00 W, 600.00 W, 64, 4756 MiB, 12 %, 5, 16
2026/09/25 12:37:38.446, 0, P1, 2617 MHz, 13365 MHz, 101.45 W, 600.00 W, 600.00 W, 64, 5684 MiB, 11 %, 5, 16
2026/09/25 12:37:38.697, 0, P1, 2617 MHz, 13365 MHz, 101.45 W, 600.00 W, 600.00 W, 64, 6612 MiB, 11 %, 5, 16
2026/09/25 12:37:38.947, 0, P1, 2617 MHz, 13365 MHz, 94.64 W, 600.00 W, 600.00 W, 64, 7572 MiB, 10 %, 5, 16
2026/09/25 12:37:39.198, 0, P1, 2617 MHz, 13365 MHz, 94.64 W, 600.00 W, 600.00 W, 64, 8500 MiB, 10 %, 5, 16
2026/09/25 12:37:39.448, 0, P1, 2617 MHz, 13365 MHz, 94.02 W, 600.00 W, 600.00 W, 63, 9428 MiB, 10 %, 5, 16
2026/09/25 12:37:39.699, 0, P1, 2617 MHz, 13365 MHz, 94.02 W, 600.00 W, 600.00 W, 63, 10388 MiB, 10 %, 5, 16
2026/09/25 12:37:39.949, 0, P1, 2617 MHz, 13365 MHz, 93.82 W, 600.00 W, 600.00 W, 63, 11316 MiB, 11 %, 5, 16
2026/09/25 12:37:40.200, 0, P1, 2617 MHz, 13365 MHz, 93.82 W, 600.00 W, 600.00 W, 63, 12212 MiB, 11 %, 5, 16
2026/09/25 12:37:40.450, 0, P1, 2617 MHz, 13365 MHz, 93.66 W, 600.00 W, 600.00 W, 63, 13140 MiB, 10 %, 5, 16
2026/09/25 12:37:40.701, 0, P1, 2617 MHz, 13365 MHz, 93.66 W, 600.00 W, 600.00 W, 63, 14100 MiB, 10 %, 5, 16
2026/09/25 12:37:40.952, 0, P1, 2617 MHz, 13365 MHz, 93.23 W, 600.00 W, 600.00 W, 62, 14740 MiB, 10 %, 5, 16
2026/09/25 12:37:41.202, 0, P1, 2617 MHz, 13365 MHz, 93.23 W, 600.00 W, 600.00 W, 62, 14740 MiB, 10 %, 5, 16
2026/09/25 12:37:41.452, 0, P1, 2610 MHz, 13365 MHz, 91.48 W, 600.00 W, 600.00 W, 62, 14740 MiB, 0 %, 5, 16
2026/09/25 12:37:41.703, 0, P1, 2610 MHz, 13365 MHz, 91.48 W, 600.00 W, 600.00 W, 62, 14740 MiB, 0 %, 5, 16
2026/09/25 12:37:41.953, 0, P1, 2610 MHz, 13365 MHz, 89.48 W, 600.00 W, 600.00 W, 62, 14740 MiB, 0 %, 5, 16
2026/09/25 12:37:42.204, 0, P1, 2610 MHz, 13365 MHz, 89.48 W, 600.00 W, 600.00 W, 62, 14740 MiB, 0 %, 5, 16
2026/09/25 12:37:42.454, 0, P1, 2610 MHz, 13365 MHz, 89.48 W, 600.00 W, 600.00 W, 62, 14740 MiB, 0 %, 5, 16
2026/09/25 12:37:42.704, 0, P1, 2610 MHz, 13365 MHz, 89.48 W, 600.00 W, 600.00 W, 62, 14740 MiB, 0 %, 5, 16
2026/09/25 12:37:42.955, 0, P1, 2610 MHz, 13365 MHz, 87.41 W, 600.00 W, 600.00 W, 61, 14740 MiB, 0 %, 5, 16
2026/09/25 12:37:43.205, 0, P1, 2610 MHz, 13365 MHz, 87.41 W, 600.00 W, 600.00 W, 61, 14740 MiB, 0 %, 5, 16
2026/09/25 12:37:43.456, 0, P1, 2610 MHz, 13365 MHz, 87.41 W, 600.00 W, 600.00 W, 61, 14740 MiB, 0 %, 5, 16
2026/09/25 12:37:43.706, 0, P1, 2610 MHz, 13365 MHz, 87.41 W, 600.00 W, 600.00 W, 61, 14740 MiB, 0 %, 5, 16
2026/09/25 12:37:43.956, 0, P1, 2610 MHz, 13365 MHz, 86.66 W, 600.00 W, 600.00 W, 61, 14740 MiB, 0 %, 5, 16
2026/09/25 12:37:44.207, 0, P1, 2610 MHz, 13365 MHz, 86.66 W, 600.00 W, 600.00 W, 61, 14740 MiB, 0 %, 5, 16
2026/09/25 12:37:44.457, 0, P1, 2610 MHz, 13365 MHz, 86.66 W, 600.00 W, 600.00 W, 61, 14740 MiB, 0 %, 5, 16
2026/09/25 12:37:44.707, 0, P1, 2610 MHz, 13365 MHz, 86.66 W, 600.00 W, 600.00 W, 61, 14740 MiB, 0 %, 5, 16
2026/09/25 12:37:44.958, 0, P1, 2610 MHz, 13365 MHz, 86.52 W, 600.00 W, 600.00 W, 61, 14740 MiB, 0 %, 5, 16
2026/09/25 12:37:45.208, 0, P1, 2610 MHz, 13365 MHz, 86.52 W, 600.00 W, 600.00 W, 61, 14740 MiB, 0 %, 5, 16
2026/09/25 12:37:45.459, 0, P1, 2610 MHz, 13365 MHz, 86.52 W, 600.00 W, 600.00 W, 61, 14740 MiB, 0 %, 5, 16
2026/09/25 12:37:45.709, 0, P1, 2610 MHz, 13365 MHz, 86.52 W, 600.00 W, 600.00 W, 61, 14740 MiB, 0 %, 5, 16
2026/09/25 12:37:45.959, 0, P1, 2610 MHz, 13365 MHz, 86.06 W, 600.00 W, 600.00 W, 60, 14740 MiB, 0 %, 5, 16
2026/09/25 12:37:46.210, 0, P1, 2610 MHz, 13365 MHz, 86.06 W, 600.00 W, 600.00 W, 60, 14740 MiB, 0 %, 5, 16
2026/09/25 12:37:46.460, 0, P1, 2610 MHz, 13365 MHz, 86.06 W, 600.00 W, 600.00 W, 60, 14740 MiB, 0 %, 5, 16
2026/09/25 12:37:46.711, 0, P1, 2610 MHz, 13365 MHz, 86.06 W, 600.00 W, 600.00 W, 60, 14740 MiB, 0 %, 5, 16
2026/09/25 12:37:46.961, 0, P1, 2610 MHz, 13365 MHz, 85.46 W, 600.00 W, 600.00 W, 60, 14740 MiB, 0 %, 5, 16
2026/09/25 12:37:47.212, 0, P1, 2610 MHz, 13365 MHz, 85.46 W, 600.00 W, 600.00 W, 60, 14740 MiB, 0 %, 5, 16
2026/09/25 12:37:47.463, 0, P1, 2610 MHz, 13365 MHz, 85.08 W, 600.00 W, 600.00 W, 60, 14740 MiB, 0 %, 5, 16
2026/09/25 12:37:47.713, 0, P1, 2610 MHz, 13365 MHz, 85.08 W, 600.00 W, 600.00 W, 60, 14740 MiB, 0 %, 5, 16
2026/09/25 12:37:47.964, 0, P1, 2610 MHz, 13365 MHz, 85.40 W, 600.00 W, 600.00 W, 59, 14740 MiB, 0 %, 5, 16
2026/09/25 12:37:48.215, 0, P1, 2610 MHz, 13365 MHz, 85.40 W, 600.00 W, 600.00 W, 59, 14740 MiB, 0 %, 5, 16
2026/09/25 12:37:48.466, 0, P1, 2610 MHz, 13365 MHz, 85.46 W, 600.00 W, 600.00 W, 59, 14740 MiB, 0 %, 5, 16
2026/09/25 12:37:48.717, 0, P1, 2610 MHz, 13365 MHz, 85.46 W, 600.00 W, 600.00 W, 59, 14740 MiB, 0 %, 5, 16
2026/09/25 12:37:48.968, 0, P1, 2610 MHz, 13365 MHz, 85.46 W, 600.00 W, 600.00 W, 59, 14740 MiB, 0 %, 5, 16
2026/09/25 12:37:49.218, 0, P1, 2610 MHz, 13365 MHz, 85.46 W, 600.00 W, 600.00 W, 59, 16052 MiB, 0 %, 5, 16
2026/09/25 12:37:49.469, 0, P1, 2737 MHz, 13365 MHz, 139.15 W, 600.00 W, 600.00 W, 65, 16820 MiB, 73 %, 5, 16
2026/09/25 12:37:49.719, 0, P1, 2737 MHz, 13365 MHz, 139.15 W, 600.00 W, 600.00 W, 65, 16820 MiB, 73 %, 5, 16
2026/09/25 12:37:49.970, 0, P1, 2820 MHz, 13365 MHz, 220.31 W, 600.00 W, 600.00 W, 67, 16820 MiB, 100 %, 5, 16
2026/09/25 12:37:50.222, 0, P1, 2820 MHz, 13365 MHz, 220.31 W, 600.00 W, 600.00 W, 67, 16820 MiB, 100 %, 5, 16
2026/09/25 12:37:50.472, 0, P1, 2820 MHz, 13365 MHz, 435.57 W, 600.00 W, 600.00 W, 67, 16820 MiB, 100 %, 5, 16
2026/09/25 12:37:50.723, 0, P1, 2820 MHz, 13365 MHz, 435.57 W, 600.00 W, 600.00 W, 67, 16820 MiB, 100 %, 5, 16
2026/09/25 12:37:50.974, 0, P1, 2835 MHz, 13365 MHz, 465.75 W, 600.00 W, 600.00 W, 68, 16820 MiB, 100 %, 5, 16
2026/09/25 12:37:51.225, 0, P1, 2835 MHz, 13365 MHz, 465.75 W, 600.00 W, 600.00 W, 68, 16820 MiB, 100 %, 5, 16
2026/09/25 12:37:51.476, 0, P1, 2835 MHz, 13365 MHz, 485.85 W, 600.00 W, 600.00 W, 69, 16820 MiB, 94 %, 5, 16
2026/09/25 12:37:51.727, 0, P1, 2835 MHz, 13365 MHz, 485.85 W, 600.00 W, 600.00 W, 69, 16820 MiB, 94 %, 5, 16
2026/09/25 12:37:51.977, 0, P1, 2820 MHz, 13365 MHz, 467.28 W, 600.00 W, 600.00 W, 68, 17108 MiB, 99 %, 5, 16
2026/09/25 12:37:52.228, 0, P1, 2820 MHz, 13365 MHz, 467.28 W, 600.00 W, 600.00 W, 68, 17108 MiB, 99 %, 5, 16
2026/09/25 12:37:52.479, 0, P1, 2820 MHz, 13365 MHz, 451.35 W, 600.00 W, 600.00 W, 68, 17108 MiB, 100 %, 5, 16
2026/09/25 12:37:52.730, 0, P1, 2820 MHz, 13365 MHz, 451.35 W, 600.00 W, 600.00 W, 68, 17108 MiB, 100 %, 5, 16
2026/09/25 12:37:52.981, 0, P1, 2835 MHz, 13365 MHz, 463.57 W, 600.00 W, 600.00 W, 69, 17108 MiB, 100 %, 5, 16
2026/09/25 12:37:53.232, 0, P1, 2835 MHz, 13365 MHz, 463.57 W, 600.00 W, 600.00 W, 69, 17108 MiB, 100 %, 5, 16
2026/09/25 12:37:53.483, 0, P1, 2835 MHz, 13365 MHz, 487.21 W, 600.00 W, 600.00 W, 69, 17108 MiB, 100 %, 5, 16
2026/09/25 12:37:53.735, 0, P1, 2835 MHz, 13365 MHz, 487.21 W, 600.00 W, 600.00 W, 69, 17108 MiB, 100 %, 5, 16
2026/09/25 12:37:53.986, 0, P1, 2820 MHz, 13365 MHz, 475.52 W, 600.00 W, 600.00 W, 69, 17108 MiB, 100 %, 5, 16
2026/09/25 12:37:54.237, 0, P1, 2820 MHz, 13365 MHz, 475.52 W, 600.00 W, 600.00 W, 69, 17108 MiB, 100 %, 5, 16
2026/09/25 12:37:54.488, 0, P1, 2820 MHz, 13365 MHz, 459.02 W, 600.00 W, 600.00 W, 68, 17108 MiB, 100 %, 5, 16
2026/09/25 12:37:54.739, 0, P1, 2820 MHz, 13365 MHz, 459.02 W, 600.00 W, 600.00 W, 68, 17108 MiB, 100 %, 5, 16
2026/09/25 12:37:54.990, 0, P1, 2835 MHz, 13365 MHz, 468.58 W, 600.00 W, 600.00 W, 69, 17108 MiB, 100 %, 5, 16
2026/09/25 12:37:55.241, 0, P1, 2835 MHz, 13365 MHz, 468.58 W, 600.00 W, 600.00 W, 69, 17108 MiB, 100 %, 5, 16
2026/09/25 12:37:55.491, 0, P1, 2827 MHz, 13365 MHz, 484.14 W, 600.00 W, 600.00 W, 70, 17108 MiB, 95 %, 5, 16
2026/09/25 12:37:55.742, 0, P1, 2827 MHz, 13365 MHz, 484.14 W, 600.00 W, 600.00 W, 70, 17108 MiB, 95 %, 5, 16
2026/09/25 12:37:55.993, 0, P1, 2820 MHz, 13365 MHz, 469.65 W, 600.00 W, 600.00 W, 69, 17108 MiB, 99 %, 5, 16
2026/09/25 12:37:56.244, 0, P1, 2820 MHz, 13365 MHz, 469.65 W, 600.00 W, 600.00 W, 69, 17108 MiB, 99 %, 5, 16
2026/09/25 12:37:56.494, 0, P1, 2820 MHz, 13365 MHz, 454.25 W, 600.00 W, 600.00 W, 69, 17108 MiB, 100 %, 5, 16
2026/09/25 12:37:56.745, 0, P1, 2820 MHz, 13365 MHz, 454.25 W, 600.00 W, 600.00 W, 69, 17108 MiB, 100 %, 5, 16
2026/09/25 12:37:56.996, 0, P1, 2835 MHz, 13365 MHz, 469.43 W, 600.00 W, 600.00 W, 70, 17108 MiB, 100 %, 5, 16
2026/09/25 12:37:57.247, 0, P1, 2835 MHz, 13365 MHz, 469.43 W, 600.00 W, 600.00 W, 70, 17108 MiB, 100 %, 5, 16
2026/09/25 12:37:57.498, 0, P1, 2835 MHz, 13365 MHz, 489.39 W, 600.00 W, 600.00 W, 70, 17108 MiB, 100 %, 5, 16
2026/09/25 12:37:57.749, 0, P1, 2835 MHz, 13365 MHz, 489.39 W, 600.00 W, 600.00 W, 70, 17108 MiB, 100 %, 5, 16
2026/09/25 12:37:58.000, 0, P1, 2820 MHz, 13365 MHz, 476.70 W, 600.00 W, 600.00 W, 69, 17108 MiB, 100 %, 5, 16
2026/09/25 12:37:58.251, 0, P1, 2820 MHz, 13365 MHz, 476.70 W, 600.00 W, 600.00 W, 69, 17108 MiB, 100 %, 5, 16
2026/09/25 12:37:58.501, 0, P1, 2820 MHz, 13365 MHz, 460.38 W, 600.00 W, 600.00 W, 69, 17108 MiB, 100 %, 5, 16
2026/09/25 12:37:58.752, 0, P1, 2820 MHz, 13365 MHz, 460.38 W, 600.00 W, 600.00 W, 69, 17108 MiB, 100 %, 5, 16
2026/09/25 12:37:59.003, 0, P1, 2835 MHz, 13365 MHz, 471.32 W, 600.00 W, 600.00 W, 70, 17108 MiB, 100 %, 5, 16
2026/09/25 12:37:59.254, 0, P1, 2835 MHz, 13365 MHz, 471.32 W, 600.00 W, 600.00 W, 70, 17108 MiB, 100 %, 5, 16
2026/09/25 12:37:59.505, 0, P1, 2835 MHz, 13365 MHz, 490.47 W, 600.00 W, 600.00 W, 70, 17108 MiB, 95 %, 5, 16
2026/09/25 12:37:59.756, 0, P1, 2835 MHz, 13365 MHz, 490.47 W, 600.00 W, 600.00 W, 70, 17108 MiB, 95 %, 5, 16
2026/09/25 12:38:00.006, 0, P1, 2820 MHz, 13365 MHz, 474.48 W, 600.00 W, 600.00 W, 70, 17108 MiB, 99 %, 5, 16
2026/09/25 12:38:00.257, 0, P1, 2820 MHz, 13365 MHz, 474.48 W, 600.00 W, 600.00 W, 70, 17108 MiB, 99 %, 5, 16
2026/09/25 12:38:00.508, 0, P1, 2820 MHz, 13365 MHz, 454.29 W, 600.00 W, 600.00 W, 69, 17108 MiB, 100 %, 5, 16
2026/09/25 12:38:00.759, 0, P1, 2820 MHz, 13365 MHz, 454.29 W, 600.00 W, 600.00 W, 69, 17108 MiB, 100 %, 5, 16
2026/09/25 12:38:01.010, 0, P1, 2835 MHz, 13365 MHz, 470.90 W, 600.00 W, 600.00 W, 70, 17108 MiB, 100 %, 5, 16
2026/09/25 12:38:01.261, 0, P1, 2835 MHz, 13365 MHz, 470.90 W, 600.00 W, 600.00 W, 70, 17108 MiB, 100 %, 5, 16
2026/09/25 12:38:01.511, 0, P1, 2835 MHz, 13365 MHz, 487.54 W, 600.00 W, 600.00 W, 71, 17108 MiB, 100 %, 5, 16
2026/09/25 12:38:01.762, 0, P1, 2835 MHz, 13365 MHz, 487.54 W, 600.00 W, 600.00 W, 71, 17108 MiB, 100 %, 5, 16
2026/09/25 12:38:02.013, 0, P1, 2820 MHz, 13365 MHz, 478.72 W, 600.00 W, 600.00 W, 70, 17108 MiB, 100 %, 5, 16
2026/09/25 12:38:02.264, 0, P1, 2820 MHz, 13365 MHz, 478.72 W, 600.00 W, 600.00 W, 70, 17108 MiB, 100 %, 5, 16
2026/09/25 12:38:02.515, 0, P1, 2820 MHz, 13365 MHz, 458.33 W, 600.00 W, 600.00 W, 70, 17108 MiB, 100 %, 5, 16
2026/09/25 12:38:02.766, 0, P1, 2820 MHz, 13365 MHz, 458.33 W, 600.00 W, 600.00 W, 70, 17108 MiB, 100 %, 5, 16
2026/09/25 12:38:03.017, 0, P1, 2835 MHz, 13365 MHz, 472.26 W, 600.00 W, 600.00 W, 71, 17108 MiB, 100 %, 5, 16
2026/09/25 12:38:03.268, 0, P1, 2835 MHz, 13365 MHz, 472.26 W, 600.00 W, 600.00 W, 71, 17108 MiB, 100 %, 5, 16
2026/09/25 12:38:03.518, 0, P1, 2835 MHz, 13365 MHz, 487.57 W, 600.00 W, 600.00 W, 71, 17108 MiB, 95 %, 5, 16
2026/09/25 12:38:03.770, 0, P1, 2835 MHz, 13365 MHz, 487.57 W, 600.00 W, 600.00 W, 71, 17108 MiB, 95 %, 5, 16
2026/09/25 12:38:04.020, 0, P1, 2820 MHz, 13365 MHz, 475.29 W, 600.00 W, 600.00 W, 70, 17108 MiB, 99 %, 5, 16
2026/09/25 12:38:04.271, 0, P1, 2820 MHz, 13365 MHz, 475.29 W, 600.00 W, 600.00 W, 70, 17108 MiB, 99 %, 5, 16
2026/09/25 12:38:04.522, 0, P1, 2820 MHz, 13365 MHz, 457.30 W, 600.00 W, 600.00 W, 70, 17108 MiB, 100 %, 5, 16
2026/09/25 12:38:04.773, 0, P1, 2820 MHz, 13365 MHz, 457.30 W, 600.00 W, 600.00 W, 70, 17108 MiB, 100 %, 5, 16
2026/09/25 12:38:05.024, 0, P1, 2835 MHz, 13365 MHz, 470.04 W, 600.00 W, 600.00 W, 71, 17108 MiB, 100 %, 5, 16
2026/09/25 12:38:05.275, 0, P1, 2835 MHz, 13365 MHz, 470.04 W, 600.00 W, 600.00 W, 71, 17108 MiB, 100 %, 5, 16
2026/09/25 12:38:05.526, 0, P1, 2835 MHz, 13365 MHz, 489.02 W, 600.00 W, 600.00 W, 71, 17108 MiB, 100 %, 5, 16
2026/09/25 12:38:05.777, 0, P1, 2835 MHz, 13365 MHz, 489.02 W, 600.00 W, 600.00 W, 71, 17108 MiB, 100 %, 5, 16
2026/09/25 12:38:06.027, 0, P1, 2820 MHz, 13365 MHz, 481.54 W, 600.00 W, 600.00 W, 71, 17108 MiB, 100 %, 5, 16
2026/09/25 12:38:06.278, 0, P1, 2820 MHz, 13365 MHz, 481.54 W, 600.00 W, 600.00 W, 71, 17108 MiB, 100 %, 5, 16
2026/09/25 12:38:06.529, 0, P1, 2820 MHz, 13365 MHz, 459.86 W, 600.00 W, 600.00 W, 70, 17108 MiB, 100 %, 5, 16
2026/09/25 12:38:06.780, 0, P1, 2820 MHz, 13365 MHz, 459.86 W, 600.00 W, 600.00 W, 70, 17108 MiB, 100 %, 5, 16
2026/09/25 12:38:07.031, 0, P1, 2835 MHz, 13365 MHz, 474.68 W, 600.00 W, 600.00 W, 71, 17108 MiB, 100 %, 5, 16
2026/09/25 12:38:07.282, 0, P1, 2835 MHz, 13365 MHz, 474.68 W, 600.00 W, 600.00 W, 71, 17108 MiB, 100 %, 5, 16
2026/09/25 12:38:07.533, 0, P1, 2835 MHz, 13365 MHz, 492.41 W, 600.00 W, 600.00 W, 70, 17108 MiB, 95 %, 5, 16
2026/09/25 12:38:07.783, 0, P1, 2835 MHz, 13365 MHz, 492.41 W, 600.00 W, 600.00 W, 70, 17108 MiB, 95 %, 5, 16
2026/09/25 12:38:08.034, 0, P1, 2820 MHz, 13365 MHz, 474.57 W, 600.00 W, 600.00 W, 71, 17108 MiB, 99 %, 5, 16
2026/09/25 12:38:08.285, 0, P1, 2820 MHz, 13365 MHz, 474.57 W, 600.00 W, 600.00 W, 71, 17108 MiB, 99 %, 5, 16
2026/09/25 12:38:08.536, 0, P1, 2820 MHz, 13365 MHz, 458.20 W, 600.00 W, 600.00 W, 71, 17108 MiB, 100 %, 5, 16
2026/09/25 12:38:08.787, 0, P1, 2820 MHz, 13365 MHz, 458.20 W, 600.00 W, 600.00 W, 71, 17108 MiB, 100 %, 5, 16
2026/09/25 12:38:09.037, 0, P1, 2835 MHz, 13365 MHz, 470.43 W, 600.00 W, 600.00 W, 72, 17108 MiB, 100 %, 5, 16
2026/09/25 12:38:09.288, 0, P1, 2835 MHz, 13365 MHz, 470.43 W, 600.00 W, 600.00 W, 72, 17108 MiB, 100 %, 5, 16
2026/09/25 12:38:09.539, 0, P1, 2835 MHz, 13365 MHz, 489.51 W, 600.00 W, 600.00 W, 72, 17108 MiB, 100 %, 5, 16
2026/09/25 12:38:09.790, 0, P1, 2835 MHz, 13365 MHz, 489.51 W, 600.00 W, 600.00 W, 72, 17108 MiB, 100 %, 5, 16
2026/09/25 12:38:10.041, 0, P1, 2820 MHz, 13365 MHz, 475.25 W, 600.00 W, 600.00 W, 71, 17108 MiB, 99 %, 5, 16
2026/09/25 12:38:10.291, 0, P1, 2820 MHz, 13365 MHz, 475.25 W, 600.00 W, 600.00 W, 71, 17108 MiB, 99 %, 5, 16
2026/09/25 12:38:10.542, 0, P1, 2820 MHz, 13365 MHz, 455.48 W, 600.00 W, 600.00 W, 71, 17108 MiB, 100 %, 5, 16
2026/09/25 12:38:10.793, 0, P1, 2820 MHz, 13365 MHz, 455.48 W, 600.00 W, 600.00 W, 71, 17108 MiB, 100 %, 5, 16
2026/09/25 12:38:11.044, 0, P1, 2835 MHz, 13365 MHz, 468.13 W, 600.00 W, 600.00 W, 72, 17108 MiB, 100 %, 5, 16
2026/09/25 12:38:11.295, 0, P1, 2835 MHz, 13365 MHz, 468.13 W, 600.00 W, 600.00 W, 72, 17108 MiB, 100 %, 5, 16
2026/09/25 12:38:11.546, 0, P1, 2835 MHz, 13365 MHz, 488.90 W, 600.00 W, 600.00 W, 72, 17108 MiB, 100 %, 5, 16
2026/09/25 12:38:11.797, 0, P1, 2835 MHz, 13365 MHz, 488.90 W, 600.00 W, 600.00 W, 72, 17108 MiB, 100 %, 5, 16
2026/09/25 12:38:12.047, 0, P1, 2820 MHz, 13365 MHz, 482.20 W, 600.00 W, 600.00 W, 71, 17108 MiB, 100 %, 5, 16
2026/09/25 12:38:12.298, 0, P1, 2820 MHz, 13365 MHz, 482.20 W, 600.00 W, 600.00 W, 71, 17108 MiB, 100 %, 5, 16
2026/09/25 12:38:12.549, 0, P1, 2820 MHz, 13365 MHz, 462.85 W, 600.00 W, 600.00 W, 71, 17108 MiB, 100 %, 5, 16
2026/09/25 12:38:12.800, 0, P1, 2820 MHz, 13365 MHz, 462.85 W, 600.00 W, 600.00 W, 71, 17108 MiB, 100 %, 5, 16
2026/09/25 12:38:13.051, 0, P1, 2835 MHz, 13365 MHz, 474.78 W, 600.00 W, 600.00 W, 72, 17108 MiB, 100 %, 5, 16
2026/09/25 12:38:13.302, 0, P1, 2835 MHz, 13365 MHz, 474.78 W, 600.00 W, 600.00 W, 72, 17108 MiB, 100 %, 5, 16
2026/09/25 12:38:13.552, 0, P1, 2835 MHz, 13365 MHz, 491.27 W, 600.00 W, 600.00 W, 72, 17108 MiB, 100 %, 5, 16
2026/09/25 12:38:13.803, 0, P1, 2835 MHz, 13365 MHz, 491.27 W, 600.00 W, 600.00 W, 72, 17108 MiB, 100 %, 5, 16
2026/09/25 12:38:14.054, 0, P1, 2820 MHz, 13365 MHz, 477.03 W, 600.00 W, 600.00 W, 71, 17108 MiB, 99 %, 5, 16
2026/09/25 12:38:14.305, 0, P1, 2820 MHz, 13365 MHz, 477.03 W, 600.00 W, 600.00 W, 71, 17108 MiB, 99 %, 5, 16
2026/09/25 12:38:14.556, 0, P1, 2820 MHz, 13365 MHz, 457.18 W, 600.00 W, 600.00 W, 71, 17108 MiB, 100 %, 5, 16
2026/09/25 12:38:14.807, 0, P1, 2820 MHz, 13365 MHz, 457.18 W, 600.00 W, 600.00 W, 71, 17108 MiB, 100 %, 5, 16
2026/09/25 12:38:15.057, 0, P1, 2835 MHz, 13365 MHz, 473.63 W, 600.00 W, 600.00 W, 72, 17108 MiB, 100 %, 5, 16
2026/09/25 12:38:15.308, 0, P1, 2835 MHz, 13365 MHz, 473.63 W, 600.00 W, 600.00 W, 72, 17108 MiB, 100 %, 5, 16
2026/09/25 12:38:15.559, 0, P1, 2835 MHz, 13365 MHz, 490.36 W, 600.00 W, 600.00 W, 72, 17108 MiB, 100 %, 5, 16
2026/09/25 12:38:15.810, 0, P1, 2835 MHz, 13365 MHz, 490.36 W, 600.00 W, 600.00 W, 72, 17108 MiB, 100 %, 5, 16
2026/09/25 12:38:16.061, 0, P1, 2827 MHz, 13365 MHz, 483.58 W, 600.00 W, 600.00 W, 72, 17108 MiB, 100 %, 5, 16
2026/09/25 12:38:16.312, 0, P1, 2827 MHz, 13365 MHz, 483.58 W, 600.00 W, 600.00 W, 72, 17108 MiB, 100 %, 5, 16
2026/09/25 12:38:16.562, 0, P1, 2820 MHz, 13365 MHz, 464.36 W, 600.00 W, 600.00 W, 72, 17108 MiB, 100 %, 5, 16
2026/09/25 12:38:16.813, 0, P1, 2820 MHz, 13365 MHz, 464.36 W, 600.00 W, 600.00 W, 72, 17108 MiB, 100 %, 5, 16
2026/09/25 12:38:17.064, 0, P1, 2835 MHz, 13365 MHz, 476.10 W, 600.00 W, 600.00 W, 72, 17108 MiB, 100 %, 5, 16
2026/09/25 12:38:17.315, 0, P1, 2835 MHz, 13365 MHz, 476.10 W, 600.00 W, 600.00 W, 72, 17108 MiB, 100 %, 5, 16
2026/09/25 12:38:17.566, 0, P1, 2835 MHz, 13365 MHz, 492.09 W, 600.00 W, 600.00 W, 73, 17108 MiB, 100 %, 5, 16
2026/09/25 12:38:17.817, 0, P1, 2835 MHz, 13365 MHz, 492.09 W, 600.00 W, 600.00 W, 73, 17108 MiB, 100 %, 5, 16
2026/09/25 12:38:18.068, 0, P1, 2820 MHz, 13365 MHz, 477.39 W, 600.00 W, 600.00 W, 72, 17108 MiB, 99 %, 5, 16
2026/09/25 12:38:18.319, 0, P1, 2820 MHz, 13365 MHz, 477.39 W, 600.00 W, 600.00 W, 72, 17108 MiB, 99 %, 5, 16
2026/09/25 12:38:18.569, 0, P1, 2820 MHz, 13365 MHz, 457.75 W, 600.00 W, 600.00 W, 72, 17108 MiB, 100 %, 5, 16
2026/09/25 12:38:18.820, 0, P1, 2820 MHz, 13365 MHz, 457.75 W, 600.00 W, 600.00 W, 72, 17108 MiB, 100 %, 5, 16
2026/09/25 12:38:19.071, 0, P1, 2835 MHz, 13365 MHz, 470.62 W, 600.00 W, 600.00 W, 73, 17108 MiB, 100 %, 5, 16
2026/09/25 12:38:19.322, 0, P1, 2835 MHz, 13365 MHz, 470.62 W, 600.00 W, 600.00 W, 73, 17108 MiB, 100 %, 5, 16
2026/09/25 12:38:19.573, 0, P1, 2835 MHz, 13365 MHz, 494.58 W, 600.00 W, 600.00 W, 73, 17108 MiB, 100 %, 5, 16
2026/09/25 12:38:19.824, 0, P1, 2835 MHz, 13365 MHz, 494.58 W, 600.00 W, 600.00 W, 73, 17108 MiB, 100 %, 5, 16
2026/09/25 12:38:20.075, 0, P1, 2820 MHz, 13365 MHz, 483.76 W, 600.00 W, 600.00 W, 72, 17108 MiB, 100 %, 5, 16
2026/09/25 12:38:20.326, 0, P1, 2820 MHz, 13365 MHz, 483.76 W, 600.00 W, 600.00 W, 72, 17108 MiB, 100 %, 5, 16
2026/09/25 12:38:20.576, 0, P1, 2820 MHz, 13365 MHz, 467.65 W, 600.00 W, 600.00 W, 72, 17108 MiB, 100 %, 5, 16
2026/09/25 12:38:20.827, 0, P1, 2820 MHz, 13365 MHz, 467.65 W, 600.00 W, 600.00 W, 72, 17108 MiB, 100 %, 5, 16
2026/09/25 12:38:21.078, 0, P1, 2835 MHz, 13365 MHz, 476.45 W, 600.00 W, 600.00 W, 73, 17108 MiB, 100 %, 5, 16
2026/09/25 12:38:21.329, 0, P1, 2835 MHz, 13365 MHz, 476.45 W, 600.00 W, 600.00 W, 73, 17108 MiB, 100 %, 5, 16
2026/09/25 12:38:21.580, 0, P1, 2835 MHz, 13365 MHz, 496.63 W, 600.00 W, 600.00 W, 73, 17108 MiB, 100 %, 5, 16
2026/09/25 12:38:21.831, 0, P1, 2835 MHz, 13365 MHz, 496.63 W, 600.00 W, 600.00 W, 73, 17108 MiB, 100 %, 5, 16
2026/09/25 12:38:22.082, 0, P1, 2820 MHz, 13365 MHz, 478.53 W, 600.00 W, 600.00 W, 72, 17108 MiB, 99 %, 5, 16
2026/09/25 12:38:22.333, 0, P1, 2820 MHz, 13365 MHz, 478.53 W, 600.00 W, 600.00 W, 72, 17108 MiB, 99 %, 5, 16
2026/09/25 12:38:22.583, 0, P1, 2820 MHz, 13365 MHz, 463.16 W, 600.00 W, 600.00 W, 72, 17108 MiB, 100 %, 5, 16
2026/09/25 12:38:22.834, 0, P1, 2820 MHz, 13365 MHz, 463.16 W, 600.00 W, 600.00 W, 72, 17108 MiB, 100 %, 5, 16
2026/09/25 12:38:23.085, 0, P1, 2835 MHz, 13365 MHz, 476.34 W, 600.00 W, 600.00 W, 73, 17108 MiB, 100 %, 5, 16
2026/09/25 12:38:23.336, 0, P1, 2835 MHz, 13365 MHz, 476.34 W, 600.00 W, 600.00 W, 73, 17108 MiB, 100 %, 5, 16
2026/09/25 12:38:23.587, 0, P1, 2835 MHz, 13365 MHz, 495.71 W, 600.00 W, 600.00 W, 73, 17108 MiB, 100 %, 5, 16
2026/09/25 12:38:23.838, 0, P1, 2835 MHz, 13365 MHz, 495.71 W, 600.00 W, 600.00 W, 73, 17108 MiB, 100 %, 5, 16
2026/09/25 12:38:24.089, 0, P1, 2820 MHz, 13365 MHz, 484.96 W, 600.00 W, 600.00 W, 73, 17108 MiB, 100 %, 5, 16
2026/09/25 12:38:24.340, 0, P1, 2820 MHz, 13365 MHz, 484.96 W, 600.00 W, 600.00 W, 73, 17108 MiB, 100 %, 5, 16
2026/09/25 12:38:24.591, 0, P1, 2820 MHz, 13365 MHz, 465.94 W, 600.00 W, 600.00 W, 72, 17108 MiB, 100 %, 5, 16
2026/09/25 12:38:24.842, 0, P1, 2820 MHz, 13365 MHz, 465.94 W, 600.00 W, 600.00 W, 72, 17108 MiB, 100 %, 5, 16
2026/09/25 12:38:25.092, 0, P1, 2835 MHz, 13365 MHz, 478.03 W, 600.00 W, 600.00 W, 73, 17108 MiB, 100 %, 5, 16
2026/09/25 12:38:25.343, 0, P1, 2835 MHz, 13365 MHz, 478.03 W, 600.00 W, 600.00 W, 73, 17108 MiB, 100 %, 5, 16
2026/09/25 12:38:25.594, 0, P1, 2835 MHz, 13365 MHz, 494.25 W, 600.00 W, 600.00 W, 73, 17108 MiB, 100 %, 5, 16
2026/09/25 12:38:25.845, 0, P1, 2835 MHz, 13365 MHz, 494.25 W, 600.00 W, 600.00 W, 73, 17108 MiB, 100 %, 5, 16
2026/09/25 12:38:26.096, 0, P1, 2827 MHz, 13365 MHz, 479.80 W, 600.00 W, 600.00 W, 73, 17108 MiB, 99 %, 5, 16
2026/09/25 12:38:26.347, 0, P1, 2827 MHz, 13365 MHz, 479.80 W, 600.00 W, 600.00 W, 73, 17108 MiB, 99 %, 5, 16
2026/09/25 12:38:26.598, 0, P1, 2820 MHz, 13365 MHz, 460.21 W, 600.00 W, 600.00 W, 73, 17108 MiB, 100 %, 5, 16
2026/09/25 12:38:26.849, 0, P1, 2820 MHz, 13365 MHz, 460.21 W, 600.00 W, 600.00 W, 73, 17108 MiB, 100 %, 5, 16
2026/09/25 12:38:27.100, 0, P1, 2835 MHz, 13365 MHz, 472.90 W, 600.00 W, 600.00 W, 74, 17108 MiB, 100 %, 5, 16
2026/09/25 12:38:27.351, 0, P1, 2835 MHz, 13365 MHz, 472.90 W, 600.00 W, 600.00 W, 74, 17108 MiB, 100 %, 5, 16
2026/09/25 12:38:27.601, 0, P1, 2827 MHz, 13365 MHz, 493.22 W, 600.00 W, 600.00 W, 74, 17108 MiB, 100 %, 5, 16
2026/09/25 12:38:27.852, 0, P1, 2827 MHz, 13365 MHz, 493.22 W, 600.00 W, 600.00 W, 74, 17108 MiB, 100 %, 5, 16
2026/09/25 12:38:28.103, 0, P1, 2827 MHz, 13365 MHz, 485.87 W, 600.00 W, 600.00 W, 73, 17108 MiB, 100 %, 5, 16
2026/09/25 12:38:28.354, 0, P1, 2827 MHz, 13365 MHz, 485.87 W, 600.00 W, 600.00 W, 73, 17108 MiB, 100 %, 5, 16
2026/09/25 12:38:28.605, 0, P1, 2820 MHz, 13365 MHz, 466.27 W, 600.00 W, 600.00 W, 73, 17108 MiB, 100 %, 5, 16
2026/09/25 12:38:28.856, 0, P1, 2820 MHz, 13365 MHz, 466.27 W, 600.00 W, 600.00 W, 73, 17108 MiB, 100 %, 5, 16
2026/09/25 12:38:29.107, 0, P1, 2827 MHz, 13365 MHz, 478.66 W, 600.00 W, 600.00 W, 74, 17108 MiB, 100 %, 5, 16
2026/09/25 12:38:29.358, 0, P1, 2827 MHz, 13365 MHz, 478.66 W, 600.00 W, 600.00 W, 74, 17108 MiB, 100 %, 5, 16
2026/09/25 12:38:29.608, 0, P1, 2820 MHz, 13365 MHz, 494.61 W, 600.00 W, 600.00 W, 74, 2 MiB, 100 %, 5, 16
2026/09/25 12:38:29.859, 0, P1, 2820 MHz, 13365 MHz, 494.61 W, 600.00 W, 600.00 W, 74, 2 MiB, 100 %, 5, 16
2026/09/25 12:38:30.110, 0, P0, 2842 MHz, 14001 MHz, 320.18 W, 600.00 W, 600.00 W, 66, 2 MiB, 0 %, 5, 16
2026/09/25 12:38:30.361, 0, P0, 2842 MHz, 14001 MHz, 320.18 W, 600.00 W, 600.00 W, 66, 2 MiB, 0 %, 5, 16
2026/09/25 12:38:30.611, 0, P0, 2835 MHz, 14001 MHz, 126.88 W, 600.00 W, 600.00 W, 66, 24 MiB, 0 %, 5, 16
2026/09/25 12:38:30.863, 0, P0, 2835 MHz, 14001 MHz, 126.88 W, 600.00 W, 600.00 W, 66, 1460 MiB, 0 %, 5, 16
2026/09/25 12:38:31.113, 0, P1, 2835 MHz, 14001 MHz, 118.25 W, 600.00 W, 600.00 W, 65, 2260 MiB, 6 %, 5, 16
2026/09/25 12:38:31.364, 0, P1, 2835 MHz, 14001 MHz, 118.25 W, 600.00 W, 600.00 W, 65, 3284 MiB, 6 %, 5, 16
2026/09/25 12:38:31.615, 0, P1, 2835 MHz, 13365 MHz, 116.79 W, 600.00 W, 600.00 W, 64, 4308 MiB, 12 %, 5, 16
2026/09/25 12:38:31.865, 0, P1, 2835 MHz, 13365 MHz, 116.79 W, 600.00 W, 600.00 W, 64, 5236 MiB, 12 %, 5, 16
2026/09/25 12:38:32.116, 0, P1, 2617 MHz, 13365 MHz, 105.65 W, 600.00 W, 600.00 W, 64, 6196 MiB, 10 %, 5, 16
2026/09/25 12:38:32.366, 0, P1, 2617 MHz, 13365 MHz, 105.65 W, 600.00 W, 600.00 W, 64, 7124 MiB, 10 %, 5, 16
2026/09/25 12:38:32.617, 0, P1, 2617 MHz, 13365 MHz, 96.21 W, 600.00 W, 600.00 W, 64, 8052 MiB, 11 %, 5, 16
2026/09/25 12:38:32.867, 0, P1, 2617 MHz, 13365 MHz, 96.21 W, 600.00 W, 600.00 W, 64, 8948 MiB, 11 %, 5, 16
2026/09/25 12:38:33.118, 0, P1, 2617 MHz, 13365 MHz, 95.54 W, 600.00 W, 600.00 W, 63, 9876 MiB, 10 %, 5, 16
2026/09/25 12:38:33.368, 0, P1, 2617 MHz, 13365 MHz, 95.54 W, 600.00 W, 600.00 W, 63, 10836 MiB, 10 %, 5, 16
2026/09/25 12:38:33.619, 0, P1, 2617 MHz, 13365 MHz, 95.21 W, 600.00 W, 600.00 W, 63, 11764 MiB, 10 %, 5, 16
2026/09/25 12:38:33.869, 0, P1, 2617 MHz, 13365 MHz, 95.21 W, 600.00 W, 600.00 W, 63, 12692 MiB, 10 %, 5, 16
2026/09/25 12:38:34.120, 0, P1, 2617 MHz, 13365 MHz, 94.78 W, 600.00 W, 600.00 W, 63, 13620 MiB, 10 %, 5, 16
2026/09/25 12:38:34.370, 0, P1, 2617 MHz, 13365 MHz, 94.78 W, 600.00 W, 600.00 W, 63, 14548 MiB, 10 %, 5, 16
2026/09/25 12:38:34.621, 0, P1, 2617 MHz, 13365 MHz, 94.42 W, 600.00 W, 600.00 W, 63, 14740 MiB, 11 %, 5, 16
2026/09/25 12:38:34.871, 0, P1, 2617 MHz, 13365 MHz, 94.42 W, 600.00 W, 600.00 W, 63, 14740 MiB, 11 %, 5, 16
2026/09/25 12:38:35.122, 0, P1, 2610 MHz, 13365 MHz, 92.92 W, 600.00 W, 600.00 W, 62, 14740 MiB, 0 %, 5, 16
2026/09/25 12:38:35.372, 0, P1, 2610 MHz, 13365 MHz, 92.92 W, 600.00 W, 600.00 W, 62, 14740 MiB, 0 %, 5, 16
2026/09/25 12:38:35.622, 0, P1, 2610 MHz, 13365 MHz, 90.87 W, 600.00 W, 600.00 W, 62, 14740 MiB, 0 %, 5, 16
2026/09/25 12:38:35.873, 0, P1, 2610 MHz, 13365 MHz, 90.87 W, 600.00 W, 600.00 W, 62, 14740 MiB, 0 %, 5, 16
2026/09/25 12:38:36.123, 0, P1, 2610 MHz, 13365 MHz, 90.87 W, 600.00 W, 600.00 W, 62, 14740 MiB, 0 %, 5, 16
2026/09/25 12:38:36.374, 0, P1, 2610 MHz, 13365 MHz, 90.87 W, 600.00 W, 600.00 W, 62, 14740 MiB, 0 %, 5, 16
2026/09/25 12:38:36.624, 0, P1, 2610 MHz, 13365 MHz, 89.32 W, 600.00 W, 600.00 W, 62, 14740 MiB, 0 %, 5, 16
2026/09/25 12:38:36.874, 0, P1, 2610 MHz, 13365 MHz, 89.32 W, 600.00 W, 600.00 W, 62, 14740 MiB, 0 %, 5, 16
2026/09/25 12:38:37.125, 0, P1, 2610 MHz, 13365 MHz, 89.32 W, 600.00 W, 600.00 W, 62, 14740 MiB, 0 %, 5, 16
2026/09/25 12:38:37.375, 0, P1, 2610 MHz, 13365 MHz, 89.32 W, 600.00 W, 600.00 W, 62, 14740 MiB, 0 %, 5, 16
2026/09/25 12:38:37.625, 0, P1, 2610 MHz, 13365 MHz, 88.64 W, 600.00 W, 600.00 W, 61, 14740 MiB, 0 %, 5, 16
2026/09/25 12:38:37.876, 0, P1, 2610 MHz, 13365 MHz, 88.64 W, 600.00 W, 600.00 W, 61, 14740 MiB, 0 %, 5, 16
2026/09/25 12:38:38.126, 0, P1, 2610 MHz, 13365 MHz, 88.64 W, 600.00 W, 600.00 W, 61, 14740 MiB, 0 %, 5, 16
2026/09/25 12:38:38.377, 0, P1, 2610 MHz, 13365 MHz, 88.64 W, 600.00 W, 600.00 W, 61, 14740 MiB, 0 %, 5, 16
2026/09/25 12:38:38.627, 0, P1, 2610 MHz, 13365 MHz, 87.42 W, 600.00 W, 600.00 W, 61, 14740 MiB, 0 %, 5, 16
2026/09/25 12:38:38.877, 0, P1, 2610 MHz, 13365 MHz, 87.42 W, 600.00 W, 600.00 W, 61, 14740 MiB, 0 %, 5, 16
2026/09/25 12:38:39.128, 0, P1, 2610 MHz, 13365 MHz, 87.42 W, 600.00 W, 600.00 W, 61, 14740 MiB, 0 %, 5, 16
2026/09/25 12:38:39.378, 0, P1, 2610 MHz, 13365 MHz, 87.42 W, 600.00 W, 600.00 W, 61, 14740 MiB, 0 %, 5, 16
2026/09/25 12:38:39.628, 0, P1, 2610 MHz, 13365 MHz, 87.04 W, 600.00 W, 600.00 W, 60, 14740 MiB, 0 %, 5, 16
2026/09/25 12:38:39.879, 0, P1, 2610 MHz, 13365 MHz, 87.04 W, 600.00 W, 600.00 W, 60, 14740 MiB, 0 %, 5, 16
2026/09/25 12:38:40.129, 0, P1, 2610 MHz, 13365 MHz, 87.04 W, 600.00 W, 600.00 W, 60, 14740 MiB, 0 %, 5, 16
2026/09/25 12:38:40.379, 0, P1, 2610 MHz, 13365 MHz, 87.04 W, 600.00 W, 600.00 W, 60, 14740 MiB, 0 %, 5, 16
2026/09/25 12:38:40.630, 0, P1, 2610 MHz, 13365 MHz, 86.54 W, 600.00 W, 600.00 W, 60, 14740 MiB, 0 %, 5, 16
2026/09/25 12:38:40.881, 0, P1, 2610 MHz, 13365 MHz, 86.54 W, 600.00 W, 600.00 W, 60, 14740 MiB, 0 %, 5, 16
2026/09/25 12:38:41.132, 0, P1, 2610 MHz, 13365 MHz, 86.64 W, 600.00 W, 600.00 W, 60, 14740 MiB, 0 %, 5, 16
2026/09/25 12:38:41.383, 0, P1, 2610 MHz, 13365 MHz, 86.64 W, 600.00 W, 600.00 W, 60, 14740 MiB, 0 %, 5, 16
2026/09/25 12:38:41.633, 0, P1, 2610 MHz, 13365 MHz, 86.68 W, 600.00 W, 600.00 W, 60, 14740 MiB, 0 %, 5, 16
2026/09/25 12:38:41.884, 0, P1, 2610 MHz, 13365 MHz, 86.68 W, 600.00 W, 600.00 W, 60, 14740 MiB, 0 %, 5, 16
2026/09/25 12:38:42.135, 0, P1, 2610 MHz, 13365 MHz, 86.74 W, 600.00 W, 600.00 W, 59, 14740 MiB, 0 %, 5, 16
2026/09/25 12:38:42.385, 0, P1, 2610 MHz, 13365 MHz, 86.74 W, 600.00 W, 600.00 W, 59, 14740 MiB, 0 %, 5, 16
2026/09/25 12:38:42.635, 0, P1, 2610 MHz, 13365 MHz, 86.74 W, 600.00 W, 600.00 W, 59, 15924 MiB, 0 %, 5, 16
2026/09/25 12:38:42.886, 0, P1, 2610 MHz, 13365 MHz, 86.74 W, 600.00 W, 600.00 W, 59, 16500 MiB, 0 %, 5, 16
2026/09/25 12:38:43.137, 0, P1, 2722 MHz, 13365 MHz, 138.69 W, 600.00 W, 600.00 W, 64, 16820 MiB, 74 %, 5, 16
2026/09/25 12:38:43.388, 0, P1, 2722 MHz, 13365 MHz, 138.69 W, 600.00 W, 600.00 W, 64, 16820 MiB, 74 %, 5, 16
2026/09/25 12:38:43.638, 0, P1, 2722 MHz, 13365 MHz, 224.19 W, 600.00 W, 600.00 W, 67, 16820 MiB, 100 %, 5, 16
2026/09/25 12:38:43.889, 0, P1, 2722 MHz, 13365 MHz, 224.19 W, 600.00 W, 600.00 W, 67, 16820 MiB, 100 %, 5, 16
2026/09/25 12:38:44.140, 0, P1, 2820 MHz, 13365 MHz, 436.33 W, 600.00 W, 600.00 W, 67, 16820 MiB, 100 %, 5, 16
2026/09/25 12:38:44.391, 0, P1, 2820 MHz, 13365 MHz, 436.33 W, 600.00 W, 600.00 W, 67, 16820 MiB, 100 %, 5, 16
2026/09/25 12:38:44.642, 0, P1, 2835 MHz, 13365 MHz, 466.00 W, 600.00 W, 600.00 W, 68, 16820 MiB, 100 %, 5, 16
2026/09/25 12:38:44.893, 0, P1, 2835 MHz, 13365 MHz, 466.00 W, 600.00 W, 600.00 W, 68, 16820 MiB, 100 %, 5, 16
2026/09/25 12:38:45.143, 0, P1, 2835 MHz, 13365 MHz, 483.07 W, 600.00 W, 600.00 W, 69, 16820 MiB, 100 %, 5, 16
2026/09/25 12:38:45.394, 0, P1, 2835 MHz, 13365 MHz, 483.07 W, 600.00 W, 600.00 W, 69, 17108 MiB, 100 %, 5, 16
2026/09/25 12:38:45.645, 0, P1, 2820 MHz, 13365 MHz, 469.00 W, 600.00 W, 600.00 W, 68, 17108 MiB, 99 %, 5, 16
2026/09/25 12:38:45.896, 0, P1, 2820 MHz, 13365 MHz, 469.00 W, 600.00 W, 600.00 W, 68, 17108 MiB, 99 %, 5, 16
2026/09/25 12:38:46.147, 0, P1, 2820 MHz, 13365 MHz, 450.08 W, 600.00 W, 600.00 W, 68, 17108 MiB, 100 %, 5, 16
2026/09/25 12:38:46.398, 0, P1, 2820 MHz, 13365 MHz, 450.08 W, 600.00 W, 600.00 W, 68, 17108 MiB, 100 %, 5, 16
2026/09/25 12:38:46.648, 0, P1, 2835 MHz, 13365 MHz, 463.39 W, 600.00 W, 600.00 W, 69, 17108 MiB, 100 %, 5, 16
2026/09/25 12:38:46.899, 0, P1, 2835 MHz, 13365 MHz, 463.39 W, 600.00 W, 600.00 W, 69, 17108 MiB, 100 %, 5, 16
2026/09/25 12:38:47.150, 0, P1, 2835 MHz, 13365 MHz, 483.58 W, 600.00 W, 600.00 W, 69, 17108 MiB, 100 %, 5, 16
2026/09/25 12:38:47.401, 0, P1, 2835 MHz, 13365 MHz, 483.58 W, 600.00 W, 600.00 W, 69, 17108 MiB, 100 %, 5, 16
2026/09/25 12:38:47.652, 0, P1, 2820 MHz, 13365 MHz, 476.53 W, 600.00 W, 600.00 W, 69, 17108 MiB, 100 %, 5, 16
2026/09/25 12:38:47.903, 0, P1, 2820 MHz, 13365 MHz, 476.53 W, 600.00 W, 600.00 W, 69, 17108 MiB, 100 %, 5, 16
2026/09/25 12:38:48.154, 0, P1, 2820 MHz, 13365 MHz, 459.87 W, 600.00 W, 600.00 W, 68, 17108 MiB, 100 %, 5, 16
2026/09/25 12:38:48.405, 0, P1, 2820 MHz, 13365 MHz, 459.87 W, 600.00 W, 600.00 W, 68, 17108 MiB, 100 %, 5, 16
2026/09/25 12:38:48.656, 0, P1, 2835 MHz, 13365 MHz, 468.22 W, 600.00 W, 600.00 W, 69, 17108 MiB, 100 %, 5, 16
2026/09/25 12:38:48.906, 0, P1, 2835 MHz, 13365 MHz, 468.22 W, 600.00 W, 600.00 W, 69, 17108 MiB, 100 %, 5, 16
2026/09/25 12:38:49.157, 0, P1, 2835 MHz, 13365 MHz, 489.14 W, 600.00 W, 600.00 W, 70, 17108 MiB, 100 %, 5, 16
2026/09/25 12:38:49.408, 0, P1, 2835 MHz, 13365 MHz, 489.14 W, 600.00 W, 600.00 W, 70, 17108 MiB, 100 %, 5, 16
2026/09/25 12:38:49.659, 0, P1, 2820 MHz, 13365 MHz, 471.31 W, 600.00 W, 600.00 W, 69, 17108 MiB, 99 %, 5, 16
2026/09/25 12:38:49.910, 0, P1, 2820 MHz, 13365 MHz, 471.31 W, 600.00 W, 600.00 W, 69, 17108 MiB, 99 %, 5, 16
2026/09/25 12:38:50.160, 0, P1, 2820 MHz, 13365 MHz, 451.89 W, 600.00 W, 600.00 W, 69, 17108 MiB, 100 %, 5, 16
2026/09/25 12:38:50.411, 0, P1, 2820 MHz, 13365 MHz, 451.89 W, 600.00 W, 600.00 W, 69, 17108 MiB, 100 %, 5, 16
2026/09/25 12:38:50.662, 0, P1, 2835 MHz, 13365 MHz, 464.88 W, 600.00 W, 600.00 W, 70, 17108 MiB, 100 %, 5, 16
2026/09/25 12:38:50.913, 0, P1, 2835 MHz, 13365 MHz, 464.88 W, 600.00 W, 600.00 W, 70, 17108 MiB, 100 %, 5, 16
2026/09/25 12:38:51.163, 0, P1, 2835 MHz, 13365 MHz, 485.53 W, 600.00 W, 600.00 W, 70, 17108 MiB, 100 %, 5, 16
2026/09/25 12:38:51.414, 0, P1, 2835 MHz, 13365 MHz, 485.53 W, 600.00 W, 600.00 W, 70, 17108 MiB, 100 %, 5, 16
2026/09/25 12:38:51.665, 0, P1, 2820 MHz, 13365 MHz, 477.90 W, 600.00 W, 600.00 W, 69, 17108 MiB, 100 %, 5, 16
2026/09/25 12:38:51.916, 0, P1, 2820 MHz, 13365 MHz, 477.90 W, 600.00 W, 600.00 W, 69, 17108 MiB, 100 %, 5, 16
2026/09/25 12:38:52.167, 0, P1, 2820 MHz, 13365 MHz, 458.14 W, 600.00 W, 600.00 W, 69, 17108 MiB, 100 %, 5, 16
2026/09/25 12:38:52.418, 0, P1, 2820 MHz, 13365 MHz, 458.14 W, 600.00 W, 600.00 W, 69, 17108 MiB, 100 %, 5, 16
2026/09/25 12:38:52.669, 0, P1, 2835 MHz, 13365 MHz, 470.49 W, 600.00 W, 600.00 W, 70, 17108 MiB, 100 %, 5, 16
2026/09/25 12:38:52.920, 0, P1, 2835 MHz, 13365 MHz, 470.49 W, 600.00 W, 600.00 W, 70, 17108 MiB, 100 %, 5, 16
2026/09/25 12:38:53.170, 0, P1, 2835 MHz, 13365 MHz, 491.26 W, 600.00 W, 600.00 W, 70, 17108 MiB, 100 %, 5, 16
2026/09/25 12:38:53.421, 0, P1, 2820 MHz, 13365 MHz, 473.40 W, 600.00 W, 600.00 W, 70, 17108 MiB, 100 %, 5, 16
2026/09/25 12:38:53.672, 0, P1, 2820 MHz, 13365 MHz, 473.40 W, 600.00 W, 600.00 W, 70, 17108 MiB, 99 %, 5, 16
2026/09/25 12:38:53.923, 0, P1, 2820 MHz, 13365 MHz, 454.00 W, 600.00 W, 600.00 W, 70, 17108 MiB, 100 %, 5, 16
2026/09/25 12:38:54.174, 0, P1, 2820 MHz, 13365 MHz, 454.00 W, 600.00 W, 600.00 W, 70, 17108 MiB, 100 %, 5, 16
2026/09/25 12:38:54.425, 0, P1, 2835 MHz, 13365 MHz, 470.48 W, 600.00 W, 600.00 W, 70, 17108 MiB, 100 %, 5, 16
2026/09/25 12:38:54.676, 0, P1, 2835 MHz, 13365 MHz, 470.48 W, 600.00 W, 600.00 W, 70, 17108 MiB, 100 %, 5, 16
2026/09/25 12:38:54.927, 0, P1, 2835 MHz, 13365 MHz, 486.52 W, 600.00 W, 600.00 W, 71, 17108 MiB, 100 %, 5, 16
2026/09/25 12:38:55.177, 0, P1, 2835 MHz, 13365 MHz, 486.52 W, 600.00 W, 600.00 W, 71, 17108 MiB, 100 %, 5, 16
2026/09/25 12:38:55.428, 0, P1, 2820 MHz, 13365 MHz, 479.13 W, 600.00 W, 600.00 W, 70, 17108 MiB, 100 %, 5, 16
2026/09/25 12:38:55.679, 0, P1, 2820 MHz, 13365 MHz, 479.13 W, 600.00 W, 600.00 W, 70, 17108 MiB, 100 %, 5, 16
2026/09/25 12:38:55.929, 0, P1, 2820 MHz, 13365 MHz, 462.66 W, 600.00 W, 600.00 W, 70, 17108 MiB, 100 %, 5, 16
2026/09/25 12:38:56.180, 0, P1, 2820 MHz, 13365 MHz, 462.66 W, 600.00 W, 600.00 W, 70, 17108 MiB, 100 %, 5, 16
2026/09/25 12:38:56.431, 0, P1, 2835 MHz, 13365 MHz, 471.22 W, 600.00 W, 600.00 W, 71, 17108 MiB, 100 %, 5, 16
2026/09/25 12:38:56.682, 0, P1, 2835 MHz, 13365 MHz, 471.22 W, 600.00 W, 600.00 W, 71, 17108 MiB, 100 %, 5, 16
2026/09/25 12:38:56.933, 0, P1, 2835 MHz, 13365 MHz, 491.38 W, 600.00 W, 600.00 W, 71, 17108 MiB, 100 %, 5, 16
2026/09/25 12:38:57.184, 0, P1, 2835 MHz, 13365 MHz, 491.38 W, 600.00 W, 600.00 W, 71, 17108 MiB, 100 %, 5, 16
2026/09/25 12:38:57.434, 0, P1, 2820 MHz, 13365 MHz, 472.56 W, 600.00 W, 600.00 W, 70, 17108 MiB, 99 %, 5, 16
2026/09/25 12:38:57.685, 0, P1, 2820 MHz, 13365 MHz, 472.56 W, 600.00 W, 600.00 W, 70, 17108 MiB, 99 %, 5, 16
2026/09/25 12:38:57.936, 0, P1, 2820 MHz, 13365 MHz, 456.91 W, 600.00 W, 600.00 W, 70, 17108 MiB, 100 %, 5, 16
2026/09/25 12:38:58.187, 0, P1, 2820 MHz, 13365 MHz, 456.91 W, 600.00 W, 600.00 W, 70, 17108 MiB, 100 %, 5, 16
2026/09/25 12:38:58.438, 0, P1, 2835 MHz, 13365 MHz, 466.70 W, 600.00 W, 600.00 W, 71, 17108 MiB, 100 %, 5, 16
2026/09/25 12:38:58.689, 0, P1, 2835 MHz, 13365 MHz, 466.70 W, 600.00 W, 600.00 W, 71, 17108 MiB, 100 %, 5, 16
2026/09/25 12:38:58.940, 0, P1, 2835 MHz, 13365 MHz, 490.52 W, 600.00 W, 600.00 W, 71, 17108 MiB, 100 %, 5, 16
2026/09/25 12:38:59.190, 0, P1, 2835 MHz, 13365 MHz, 490.52 W, 600.00 W, 600.00 W, 71, 17108 MiB, 100 %, 5, 16
2026/09/25 12:38:59.441, 0, P1, 2820 MHz, 13365 MHz, 479.64 W, 600.00 W, 600.00 W, 71, 17108 MiB, 100 %, 5, 16
2026/09/25 12:38:59.692, 0, P1, 2820 MHz, 13365 MHz, 479.64 W, 600.00 W, 600.00 W, 71, 17108 MiB, 100 %, 5, 16
2026/09/25 12:38:59.943, 0, P1, 2820 MHz, 13365 MHz, 463.63 W, 600.00 W, 600.00 W, 70, 17108 MiB, 100 %, 5, 16
2026/09/25 12:39:00.194, 0, P1, 2820 MHz, 13365 MHz, 463.63 W, 600.00 W, 600.00 W, 70, 17108 MiB, 100 %, 5, 16
2026/09/25 12:39:00.445, 0, P1, 2835 MHz, 13365 MHz, 473.42 W, 600.00 W, 600.00 W, 71, 17108 MiB, 100 %, 5, 16
2026/09/25 12:39:00.696, 0, P1, 2835 MHz, 13365 MHz, 473.42 W, 600.00 W, 600.00 W, 71, 17108 MiB, 100 %, 5, 16
2026/09/25 12:39:00.947, 0, P1, 2835 MHz, 13365 MHz, 493.51 W, 600.00 W, 600.00 W, 72, 17108 MiB, 100 %, 5, 16
2026/09/25 12:39:01.198, 0, P1, 2835 MHz, 13365 MHz, 493.51 W, 600.00 W, 600.00 W, 72, 17108 MiB, 100 %, 5, 16
2026/09/25 12:39:01.448, 0, P1, 2820 MHz, 13365 MHz, 477.30 W, 600.00 W, 600.00 W, 71, 17108 MiB, 99 %, 5, 16
2026/09/25 12:39:01.699, 0, P1, 2820 MHz, 13365 MHz, 477.30 W, 600.00 W, 600.00 W, 71, 17108 MiB, 99 %, 5, 16
2026/09/25 12:39:01.950, 0, P1, 2820 MHz, 13365 MHz, 455.31 W, 600.00 W, 600.00 W, 71, 17108 MiB, 100 %, 5, 16
2026/09/25 12:39:02.201, 0, P1, 2820 MHz, 13365 MHz, 455.31 W, 600.00 W, 600.00 W, 71, 17108 MiB, 100 %, 5, 16
2026/09/25 12:39:02.452, 0, P1, 2835 MHz, 13365 MHz, 469.17 W, 600.00 W, 600.00 W, 72, 17108 MiB, 100 %, 5, 16
2026/09/25 12:39:02.703, 0, P1, 2835 MHz, 13365 MHz, 469.17 W, 600.00 W, 600.00 W, 72, 17108 MiB, 100 %, 5, 16
2026/09/25 12:39:02.954, 0, P1, 2835 MHz, 13365 MHz, 488.99 W, 600.00 W, 600.00 W, 72, 17108 MiB, 100 %, 5, 16
2026/09/25 12:39:03.205, 0, P1, 2835 MHz, 13365 MHz, 488.99 W, 600.00 W, 600.00 W, 72, 17108 MiB, 100 %, 5, 16
2026/09/25 12:39:03.455, 0, P1, 2827 MHz, 13365 MHz, 475.98 W, 600.00 W, 600.00 W, 71, 17108 MiB, 99 %, 5, 16
2026/09/25 12:39:03.706, 0, P1, 2827 MHz, 13365 MHz, 475.98 W, 600.00 W, 600.00 W, 71, 17108 MiB, 99 %, 5, 16
2026/09/25 12:39:03.957, 0, P1, 2820 MHz, 13365 MHz, 460.50 W, 600.00 W, 600.00 W, 71, 17108 MiB, 100 %, 5, 16
2026/09/25 12:39:04.208, 0, P1, 2820 MHz, 13365 MHz, 460.50 W, 600.00 W, 600.00 W, 71, 17108 MiB, 100 %, 5, 16
2026/09/25 12:39:04.459, 0, P1, 2827 MHz, 13365 MHz, 466.96 W, 600.00 W, 600.00 W, 72, 17108 MiB, 100 %, 5, 16
2026/09/25 12:39:04.710, 0, P1, 2827 MHz, 13365 MHz, 466.96 W, 600.00 W, 600.00 W, 72, 17108 MiB, 100 %, 5, 16
2026/09/25 12:39:04.961, 0, P1, 2835 MHz, 13365 MHz, 491.23 W, 600.00 W, 600.00 W, 72, 17108 MiB, 100 %, 5, 16
2026/09/25 12:39:05.211, 0, P1, 2835 MHz, 13365 MHz, 491.23 W, 600.00 W, 600.00 W, 72, 17108 MiB, 100 %, 5, 16
2026/09/25 12:39:05.462, 0, P1, 2820 MHz, 13365 MHz, 484.31 W, 600.00 W, 600.00 W, 72, 17108 MiB, 100 %, 5, 16
2026/09/25 12:39:05.713, 0, P1, 2820 MHz, 13365 MHz, 484.31 W, 600.00 W, 600.00 W, 72, 17108 MiB, 100 %, 5, 16
2026/09/25 12:39:05.964, 0, P1, 2820 MHz, 13365 MHz, 466.67 W, 600.00 W, 600.00 W, 71, 17108 MiB, 100 %, 5, 16
2026/09/25 12:39:06.216, 0, P1, 2820 MHz, 13365 MHz, 466.67 W, 600.00 W, 600.00 W, 71, 17108 MiB, 100 %, 5, 16
2026/09/25 12:39:06.467, 0, P1, 2835 MHz, 13365 MHz, 473.44 W, 600.00 W, 600.00 W, 72, 17108 MiB, 100 %, 5, 16
2026/09/25 12:39:06.718, 0, P1, 2835 MHz, 13365 MHz, 473.44 W, 600.00 W, 600.00 W, 72, 17108 MiB, 100 %, 5, 16
2026/09/25 12:39:06.969, 0, P1, 2835 MHz, 13365 MHz, 493.17 W, 600.00 W, 600.00 W, 72, 17108 MiB, 100 %, 5, 16
2026/09/25 12:39:07.220, 0, P1, 2835 MHz, 13365 MHz, 493.17 W, 600.00 W, 600.00 W, 72, 17108 MiB, 100 %, 5, 16
2026/09/25 12:39:07.471, 0, P1, 2820 MHz, 13365 MHz, 477.38 W, 600.00 W, 600.00 W, 72, 17108 MiB, 99 %, 5, 16
2026/09/25 12:39:07.722, 0, P1, 2820 MHz, 13365 MHz, 477.38 W, 600.00 W, 600.00 W, 72, 17108 MiB, 99 %, 5, 16
2026/09/25 12:39:07.972, 0, P1, 2820 MHz, 13365 MHz, 462.12 W, 600.00 W, 600.00 W, 71, 17108 MiB, 100 %, 5, 16
2026/09/25 12:39:08.223, 0, P1, 2820 MHz, 13365 MHz, 462.12 W, 600.00 W, 600.00 W, 71, 17108 MiB, 100 %, 5, 16
2026/09/25 12:39:08.474, 0, P1, 2827 MHz, 13365 MHz, 468.60 W, 600.00 W, 600.00 W, 72, 17108 MiB, 100 %, 5, 16
2026/09/25 12:39:08.725, 0, P1, 2827 MHz, 13365 MHz, 468.60 W, 600.00 W, 600.00 W, 72, 17108 MiB, 100 %, 5, 16
2026/09/25 12:39:08.976, 0, P1, 2835 MHz, 13365 MHz, 491.96 W, 600.00 W, 600.00 W, 72, 17108 MiB, 100 %, 5, 16
2026/09/25 12:39:09.227, 0, P1, 2835 MHz, 13365 MHz, 491.96 W, 600.00 W, 600.00 W, 72, 17108 MiB, 100 %, 5, 16
2026/09/25 12:39:09.477, 0, P1, 2827 MHz, 13365 MHz, 484.97 W, 600.00 W, 600.00 W, 72, 17108 MiB, 100 %, 5, 16
2026/09/25 12:39:09.728, 0, P1, 2827 MHz, 13365 MHz, 484.97 W, 600.00 W, 600.00 W, 72, 17108 MiB, 100 %, 5, 16
2026/09/25 12:39:09.979, 0, P1, 2820 MHz, 13365 MHz, 467.34 W, 600.00 W, 600.00 W, 72, 17108 MiB, 100 %, 5, 16
2026/09/25 12:39:10.230, 0, P1, 2820 MHz, 13365 MHz, 467.34 W, 600.00 W, 600.00 W, 72, 17108 MiB, 100 %, 5, 16
2026/09/25 12:39:10.481, 0, P1, 2835 MHz, 13365 MHz, 474.88 W, 600.00 W, 600.00 W, 73, 17108 MiB, 100 %, 5, 16
2026/09/25 12:39:10.732, 0, P1, 2835 MHz, 13365 MHz, 474.88 W, 600.00 W, 600.00 W, 73, 17108 MiB, 100 %, 5, 16
2026/09/25 12:39:10.983, 0, P1, 2835 MHz, 13365 MHz, 494.92 W, 600.00 W, 600.00 W, 73, 17108 MiB, 100 %, 5, 16
2026/09/25 12:39:11.235, 0, P1, 2835 MHz, 13365 MHz, 494.92 W, 600.00 W, 600.00 W, 73, 17108 MiB, 100 %, 5, 16
2026/09/25 12:39:11.486, 0, P1, 2820 MHz, 13365 MHz, 478.05 W, 600.00 W, 600.00 W, 72, 17108 MiB, 99 %, 5, 16
2026/09/25 12:39:11.737, 0, P1, 2820 MHz, 13365 MHz, 478.05 W, 600.00 W, 600.00 W, 72, 17108 MiB, 99 %, 5, 16
2026/09/25 12:39:11.988, 0, P1, 2820 MHz, 13365 MHz, 462.43 W, 600.00 W, 600.00 W, 72, 17108 MiB, 100 %, 5, 16
2026/09/25 12:39:12.238, 0, P1, 2820 MHz, 13365 MHz, 462.43 W, 600.00 W, 600.00 W, 72, 17108 MiB, 100 %, 5, 16
2026/09/25 12:39:12.489, 0, P1, 2827 MHz, 13365 MHz, 469.13 W, 600.00 W, 600.00 W, 73, 17108 MiB, 100 %, 5, 16
2026/09/25 12:39:12.740, 0, P1, 2827 MHz, 13365 MHz, 469.13 W, 600.00 W, 600.00 W, 73, 17108 MiB, 100 %, 5, 16
2026/09/25 12:39:12.991, 0, P1, 2835 MHz, 13365 MHz, 493.13 W, 600.00 W, 600.00 W, 73, 17108 MiB, 100 %, 5, 16
2026/09/25 12:39:13.241, 0, P1, 2835 MHz, 13365 MHz, 493.13 W, 600.00 W, 600.00 W, 73, 17108 MiB, 100 %, 5, 16
2026/09/25 12:39:13.492, 0, P1, 2820 MHz, 13365 MHz, 484.24 W, 600.00 W, 600.00 W, 72, 17108 MiB, 100 %, 5, 16
2026/09/25 12:39:13.743, 0, P1, 2820 MHz, 13365 MHz, 484.24 W, 600.00 W, 600.00 W, 72, 17108 MiB, 100 %, 5, 16
2026/09/25 12:39:13.994, 0, P1, 2820 MHz, 13365 MHz, 468.24 W, 600.00 W, 600.00 W, 72, 17108 MiB, 100 %, 5, 16
2026/09/25 12:39:14.245, 0, P1, 2820 MHz, 13365 MHz, 468.24 W, 600.00 W, 600.00 W, 72, 17108 MiB, 100 %, 5, 16
2026/09/25 12:39:14.496, 0, P1, 2835 MHz, 13365 MHz, 475.41 W, 600.00 W, 600.00 W, 73, 17108 MiB, 100 %, 5, 16
2026/09/25 12:39:14.746, 0, P1, 2835 MHz, 13365 MHz, 475.41 W, 600.00 W, 600.00 W, 73, 17108 MiB, 100 %, 5, 16
2026/09/25 12:39:14.997, 0, P1, 2820 MHz, 13365 MHz, 494.99 W, 600.00 W, 600.00 W, 73, 17108 MiB, 100 %, 5, 16
2026/09/25 12:39:15.248, 0, P1, 2820 MHz, 13365 MHz, 494.99 W, 600.00 W, 600.00 W, 73, 17108 MiB, 100 %, 5, 16
2026/09/25 12:39:15.499, 0, P1, 2812 MHz, 13365 MHz, 478.87 W, 600.00 W, 600.00 W, 72, 17108 MiB, 99 %, 5, 16
2026/09/25 12:39:15.750, 0, P1, 2812 MHz, 13365 MHz, 478.87 W, 600.00 W, 600.00 W, 72, 17108 MiB, 99 %, 5, 16
2026/09/25 12:39:16.001, 0, P1, 2812 MHz, 13365 MHz, 463.88 W, 600.00 W, 600.00 W, 72, 17108 MiB, 100 %, 5, 16
2026/09/25 12:39:16.252, 0, P1, 2812 MHz, 13365 MHz, 463.88 W, 600.00 W, 600.00 W, 72, 17108 MiB, 100 %, 5, 16
2026/09/25 12:39:16.502, 0, P1, 2820 MHz, 13365 MHz, 470.27 W, 600.00 W, 600.00 W, 73, 17108 MiB, 100 %, 5, 16
2026/09/25 12:39:16.753, 0, P1, 2820 MHz, 13365 MHz, 470.27 W, 600.00 W, 600.00 W, 73, 17108 MiB, 100 %, 5, 16
2026/09/25 12:39:17.004, 0, P1, 2820 MHz, 13365 MHz, 490.28 W, 600.00 W, 600.00 W, 73, 17108 MiB, 100 %, 5, 16
2026/09/25 12:39:17.255, 0, P1, 2820 MHz, 13365 MHz, 490.28 W, 600.00 W, 600.00 W, 73, 17108 MiB, 100 %, 5, 16
2026/09/25 12:39:17.506, 0, P1, 2812 MHz, 13365 MHz, 485.13 W, 600.00 W, 600.00 W, 73, 17108 MiB, 100 %, 5, 16
2026/09/25 12:39:17.757, 0, P1, 2812 MHz, 13365 MHz, 485.13 W, 600.00 W, 600.00 W, 73, 17108 MiB, 100 %, 5, 16
2026/09/25 12:39:18.008, 0, P1, 2812 MHz, 13365 MHz, 465.73 W, 600.00 W, 600.00 W, 72, 17108 MiB, 100 %, 5, 16
2026/09/25 12:39:18.259, 0, P1, 2812 MHz, 13365 MHz, 465.73 W, 600.00 W, 600.00 W, 72, 17108 MiB, 100 %, 5, 16
2026/09/25 12:39:18.509, 0, P1, 2820 MHz, 13365 MHz, 475.95 W, 600.00 W, 600.00 W, 73, 17108 MiB, 100 %, 5, 16
2026/09/25 12:39:18.760, 0, P1, 2820 MHz, 13365 MHz, 475.95 W, 600.00 W, 600.00 W, 73, 17108 MiB, 100 %, 5, 16
2026/09/25 12:39:19.011, 0, P1, 2820 MHz, 13365 MHz, 496.11 W, 600.00 W, 600.00 W, 73, 17108 MiB, 100 %, 5, 16
2026/09/25 12:39:19.262, 0, P1, 2820 MHz, 13365 MHz, 496.11 W, 600.00 W, 600.00 W, 73, 17108 MiB, 100 %, 5, 16
2026/09/25 12:39:19.513, 0, P1, 2812 MHz, 13365 MHz, 479.44 W, 600.00 W, 600.00 W, 73, 17108 MiB, 99 %, 5, 16
2026/09/25 12:39:19.764, 0, P1, 2812 MHz, 13365 MHz, 479.44 W, 600.00 W, 600.00 W, 73, 17108 MiB, 99 %, 5, 16
2026/09/25 12:39:20.015, 0, P1, 2805 MHz, 13365 MHz, 463.81 W, 600.00 W, 600.00 W, 73, 17108 MiB, 100 %, 5, 16
2026/09/25 12:39:20.266, 0, P1, 2805 MHz, 13365 MHz, 463.81 W, 600.00 W, 600.00 W, 73, 17108 MiB, 100 %, 5, 16
2026/09/25 12:39:20.516, 0, P1, 2820 MHz, 13365 MHz, 470.48 W, 600.00 W, 600.00 W, 73, 17108 MiB, 100 %, 5, 16
2026/09/25 12:39:20.767, 0, P1, 2820 MHz, 13365 MHz, 470.48 W, 600.00 W, 600.00 W, 73, 17108 MiB, 100 %, 5, 16
2026/09/25 12:39:21.018, 0, P1, 2820 MHz, 13365 MHz, 491.18 W, 600.00 W, 600.00 W, 74, 17108 MiB, 100 %, 5, 16
2026/09/25 12:39:21.269, 0, P1, 2820 MHz, 13365 MHz, 491.18 W, 600.00 W, 600.00 W, 74, 17108 MiB, 100 %, 5, 16
2026/09/25 12:39:21.520, 0, P1, 2812 MHz, 13365 MHz, 485.37 W, 600.00 W, 600.00 W, 73, 17108 MiB, 100 %, 5, 16
2026/09/25 12:39:21.771, 0, P1, 2812 MHz, 13365 MHz, 485.37 W, 600.00 W, 600.00 W, 73, 17108 MiB, 100 %, 5, 16
2026/09/25 12:39:22.022, 0, P1, 2812 MHz, 13365 MHz, 469.35 W, 600.00 W, 600.00 W, 73, 17108 MiB, 100 %, 5, 16
2026/09/25 12:39:22.274, 0, P1, 2812 MHz, 13365 MHz, 469.35 W, 600.00 W, 600.00 W, 73, 17108 MiB, 100 %, 5, 16
2026/09/25 12:39:22.525, 0, P1, 2820 MHz, 13365 MHz, 476.42 W, 600.00 W, 600.00 W, 74, 17108 MiB, 100 %, 5, 16
2026/09/25 12:39:22.776, 0, P1, 2820 MHz, 13365 MHz, 476.42 W, 600.00 W, 600.00 W, 74, 17108 MiB, 100 %, 5, 16
2026/09/25 12:39:23.027, 0, P1, 2820 MHz, 13365 MHz, 496.63 W, 600.00 W, 600.00 W, 74, 17102 MiB, 100 %, 5, 16
2026/09/25 12:39:23.297, 0, P1, 2820 MHz, 13365 MHz, 496.63 W, 600.00 W, 600.00 W, 74, 2 MiB, 100 %, 5, 16
2026/09/25 12:39:23.548, 0, P0, 2842 MHz, 14001 MHz, 345.94 W, 600.00 W, 600.00 W, 66, 2 MiB, 0 %, 5, 16
2026/09/25 12:39:23.799, 0, P0, 2842 MHz, 14001 MHz, 345.94 W, 600.00 W, 600.00 W, 66, 2 MiB, 0 %, 5, 16
2026/09/25 12:39:24.049, 0, P0, 2835 MHz, 14001 MHz, 136.94 W, 600.00 W, 600.00 W, 66, 2 MiB, 0 %, 5, 16
2026/09/25 12:39:24.300, 0, P0, 2835 MHz, 14001 MHz, 136.94 W, 600.00 W, 600.00 W, 66, 596 MiB, 0 %, 5, 16
2026/09/25 12:39:24.550, 0, P1, 2835 MHz, 14001 MHz, 118.01 W, 600.00 W, 600.00 W, 65, 1908 MiB, 0 %, 5, 16
2026/09/25 12:39:24.801, 0, P1, 2835 MHz, 14001 MHz, 118.01 W, 600.00 W, 600.00 W, 65, 2932 MiB, 0 %, 5, 16
2026/09/25 12:39:25.051, 0, P1, 2775 MHz, 13365 MHz, 114.75 W, 600.00 W, 600.00 W, 64, 3956 MiB, 12 %, 5, 16
2026/09/25 12:39:25.302, 0, P1, 2775 MHz, 13365 MHz, 114.75 W, 600.00 W, 600.00 W, 64, 4980 MiB, 12 %, 5, 16
2026/09/25 12:39:25.552, 0, P1, 2617 MHz, 13365 MHz, 102.48 W, 600.00 W, 600.00 W, 64, 5908 MiB, 11 %, 5, 16
2026/09/25 12:39:25.803, 0, P1, 2617 MHz, 13365 MHz, 102.48 W, 600.00 W, 600.00 W, 64, 6836 MiB, 11 %, 5, 16
2026/09/25 12:39:26.054, 0, P1, 2617 MHz, 13365 MHz, 95.34 W, 600.00 W, 600.00 W, 63, 7732 MiB, 11 %, 5, 16
2026/09/25 12:39:26.304, 0, P1, 2617 MHz, 13365 MHz, 95.34 W, 600.00 W, 600.00 W, 63, 8692 MiB, 11 %, 5, 16
2026/09/25 12:39:26.555, 0, P1, 2617 MHz, 13365 MHz, 94.78 W, 600.00 W, 600.00 W, 63, 9620 MiB, 11 %, 5, 16
2026/09/25 12:39:26.805, 0, P1, 2617 MHz, 13365 MHz, 94.78 W, 600.00 W, 600.00 W, 63, 10548 MiB, 11 %, 5, 16
2026/09/25 12:39:27.056, 0, P1, 2617 MHz, 13365 MHz, 94.33 W, 600.00 W, 600.00 W, 63, 11508 MiB, 11 %, 5, 16
2026/09/25 12:39:27.306, 0, P1, 2617 MHz, 13365 MHz, 94.33 W, 600.00 W, 600.00 W, 63, 12436 MiB, 11 %, 5, 16
2026/09/25 12:39:27.557, 0, P1, 2617 MHz, 13365 MHz, 93.91 W, 600.00 W, 600.00 W, 63, 13364 MiB, 10 %, 5, 16
2026/09/25 12:39:27.807, 0, P1, 2617 MHz, 13365 MHz, 93.91 W, 600.00 W, 600.00 W, 63, 14324 MiB, 10 %, 5, 16
2026/09/25 12:39:28.058, 0, P1, 2617 MHz, 13365 MHz, 93.75 W, 600.00 W, 600.00 W, 63, 14740 MiB, 11 %, 5, 16
2026/09/25 12:39:28.308, 0, P1, 2617 MHz, 13365 MHz, 93.75 W, 600.00 W, 600.00 W, 63, 14740 MiB, 11 %, 5, 16
2026/09/25 12:39:28.559, 0, P1, 2610 MHz, 13365 MHz, 92.22 W, 600.00 W, 600.00 W, 62, 14740 MiB, 0 %, 5, 16
2026/09/25 12:39:28.809, 0, P1, 2610 MHz, 13365 MHz, 92.22 W, 600.00 W, 600.00 W, 62, 14740 MiB, 0 %, 5, 16
2026/09/25 12:39:29.060, 0, P1, 2610 MHz, 13365 MHz, 90.48 W, 600.00 W, 600.00 W, 62, 14740 MiB, 0 %, 5, 16
2026/09/25 12:39:29.310, 0, P1, 2610 MHz, 13365 MHz, 90.48 W, 600.00 W, 600.00 W, 62, 14740 MiB, 0 %, 5, 16
2026/09/25 12:39:29.560, 0, P1, 2610 MHz, 13365 MHz, 90.48 W, 600.00 W, 600.00 W, 62, 14740 MiB, 0 %, 5, 16
2026/09/25 12:39:29.811, 0, P1, 2610 MHz, 13365 MHz, 90.48 W, 600.00 W, 600.00 W, 62, 14740 MiB, 0 %, 5, 16
2026/09/25 12:39:30.061, 0, P1, 2610 MHz, 13365 MHz, 89.01 W, 600.00 W, 600.00 W, 62, 14740 MiB, 0 %, 5, 16
2026/09/25 12:39:30.312, 0, P1, 2610 MHz, 13365 MHz, 89.01 W, 600.00 W, 600.00 W, 62, 14740 MiB, 0 %, 5, 16
2026/09/25 12:39:30.562, 0, P1, 2610 MHz, 13365 MHz, 89.01 W, 600.00 W, 600.00 W, 62, 14740 MiB, 0 %, 5, 16
2026/09/25 12:39:30.812, 0, P1, 2610 MHz, 13365 MHz, 89.01 W, 600.00 W, 600.00 W, 62, 14740 MiB, 0 %, 5, 16
2026/09/25 12:39:31.063, 0, P1, 2610 MHz, 13365 MHz, 88.39 W, 600.00 W, 600.00 W, 61, 14740 MiB, 0 %, 5, 16
2026/09/25 12:39:31.313, 0, P1, 2610 MHz, 13365 MHz, 88.39 W, 600.00 W, 600.00 W, 61, 14740 MiB, 0 %, 5, 16
2026/09/25 12:39:31.564, 0, P1, 2610 MHz, 13365 MHz, 88.39 W, 600.00 W, 600.00 W, 61, 14740 MiB, 0 %, 5, 16
2026/09/25 12:39:31.814, 0, P1, 2610 MHz, 13365 MHz, 88.39 W, 600.00 W, 600.00 W, 61, 14740 MiB, 0 %, 5, 16
2026/09/25 12:39:32.064, 0, P1, 2610 MHz, 13365 MHz, 86.98 W, 600.00 W, 600.00 W, 61, 14740 MiB, 0 %, 5, 16
2026/09/25 12:39:32.315, 0, P1, 2610 MHz, 13365 MHz, 86.98 W, 600.00 W, 600.00 W, 61, 14740 MiB, 0 %, 5, 16
2026/09/25 12:39:32.565, 0, P1, 2610 MHz, 13365 MHz, 86.98 W, 600.00 W, 600.00 W, 61, 14740 MiB, 0 %, 5, 16
2026/09/25 12:39:32.816, 0, P1, 2610 MHz, 13365 MHz, 86.98 W, 600.00 W, 600.00 W, 61, 14740 MiB, 0 %, 5, 16
2026/09/25 12:39:33.066, 0, P1, 2610 MHz, 13365 MHz, 86.69 W, 600.00 W, 600.00 W, 60, 14740 MiB, 0 %, 5, 16
2026/09/25 12:39:33.316, 0, P1, 2610 MHz, 13365 MHz, 86.69 W, 600.00 W, 600.00 W, 60, 14740 MiB, 0 %, 5, 16
2026/09/25 12:39:33.567, 0, P1, 2610 MHz, 13365 MHz, 86.69 W, 600.00 W, 600.00 W, 60, 14740 MiB, 0 %, 5, 16
2026/09/25 12:39:33.817, 0, P1, 2610 MHz, 13365 MHz, 86.69 W, 600.00 W, 600.00 W, 60, 14740 MiB, 0 %, 5, 16
2026/09/25 12:39:34.068, 0, P1, 2610 MHz, 13365 MHz, 86.08 W, 600.00 W, 600.00 W, 60, 14740 MiB, 0 %, 5, 16
2026/09/25 12:39:34.318, 0, P1, 2610 MHz, 13365 MHz, 86.08 W, 600.00 W, 600.00 W, 60, 14740 MiB, 0 %, 5, 16
2026/09/25 12:39:34.569, 0, P1, 2610 MHz, 13365 MHz, 85.80 W, 600.00 W, 600.00 W, 60, 14740 MiB, 0 %, 5, 16
2026/09/25 12:39:34.820, 0, P1, 2610 MHz, 13365 MHz, 85.80 W, 600.00 W, 600.00 W, 60, 14740 MiB, 0 %, 5, 16
2026/09/25 12:39:35.071, 0, P1, 2610 MHz, 13365 MHz, 86.08 W, 600.00 W, 600.00 W, 60, 14740 MiB, 0 %, 5, 16
2026/09/25 12:39:35.321, 0, P1, 2610 MHz, 13365 MHz, 86.08 W, 600.00 W, 600.00 W, 60, 14740 MiB, 0 %, 5, 16
2026/09/25 12:39:35.572, 0, P1, 2610 MHz, 13365 MHz, 86.02 W, 600.00 W, 600.00 W, 59, 14740 MiB, 0 %, 5, 16
2026/09/25 12:39:35.823, 0, P1, 2610 MHz, 13365 MHz, 86.02 W, 600.00 W, 600.00 W, 59, 14740 MiB, 0 %, 5, 16
2026/09/25 12:39:36.073, 0, P1, 2610 MHz, 13365 MHz, 86.02 W, 600.00 W, 600.00 W, 59, 14740 MiB, 0 %, 5, 16
2026/09/25 12:39:36.324, 0, P1, 2610 MHz, 13365 MHz, 86.02 W, 600.00 W, 600.00 W, 59, 16372 MiB, 0 %, 5, 16
2026/09/25 12:39:36.574, 0, P1, 2692 MHz, 13365 MHz, 133.67 W, 600.00 W, 600.00 W, 63, 16820 MiB, 72 %, 5, 16
2026/09/25 12:39:36.825, 0, P1, 2692 MHz, 13365 MHz, 133.67 W, 600.00 W, 600.00 W, 63, 16820 MiB, 72 %, 5, 16
2026/09/25 12:39:37.076, 0, P1, 2820 MHz, 13365 MHz, 216.69 W, 600.00 W, 600.00 W, 67, 16820 MiB, 100 %, 5, 16
2026/09/25 12:39:37.327, 0, P1, 2820 MHz, 13365 MHz, 216.69 W, 600.00 W, 600.00 W, 67, 16820 MiB, 100 %, 5, 16
2026/09/25 12:39:37.578, 0, P1, 2820 MHz, 13365 MHz, 432.44 W, 600.00 W, 600.00 W, 67, 16820 MiB, 100 %, 5, 16
2026/09/25 12:39:37.829, 0, P1, 2820 MHz, 13365 MHz, 432.44 W, 600.00 W, 600.00 W, 67, 16820 MiB, 100 %, 5, 16
2026/09/25 12:39:38.079, 0, P1, 2835 MHz, 13365 MHz, 464.92 W, 600.00 W, 600.00 W, 68, 16820 MiB, 100 %, 5, 16
2026/09/25 12:39:38.330, 0, P1, 2835 MHz, 13365 MHz, 464.92 W, 600.00 W, 600.00 W, 68, 16820 MiB, 100 %, 5, 16
2026/09/25 12:39:38.581, 0, P1, 2835 MHz, 13365 MHz, 481.66 W, 600.00 W, 600.00 W, 69, 16820 MiB, 100 %, 5, 16
2026/09/25 12:39:38.832, 0, P1, 2835 MHz, 13365 MHz, 481.66 W, 600.00 W, 600.00 W, 69, 17108 MiB, 100 %, 5, 16
2026/09/25 12:39:39.083, 0, P1, 2827 MHz, 13365 MHz, 472.37 W, 600.00 W, 600.00 W, 68, 17108 MiB, 99 %, 5, 16
2026/09/25 12:39:39.333, 0, P1, 2827 MHz, 13365 MHz, 472.37 W, 600.00 W, 600.00 W, 68, 17108 MiB, 99 %, 5, 16
2026/09/25 12:39:39.584, 0, P1, 2820 MHz, 13365 MHz, 451.60 W, 600.00 W, 600.00 W, 68, 17108 MiB, 100 %, 5, 16
2026/09/25 12:39:39.835, 0, P1, 2820 MHz, 13365 MHz, 451.60 W, 600.00 W, 600.00 W, 68, 17108 MiB, 100 %, 5, 16
2026/09/25 12:39:40.086, 0, P1, 2827 MHz, 13365 MHz, 465.94 W, 600.00 W, 600.00 W, 69, 17108 MiB, 100 %, 5, 16
2026/09/25 12:39:40.337, 0, P1, 2827 MHz, 13365 MHz, 465.94 W, 600.00 W, 600.00 W, 69, 17108 MiB, 100 %, 5, 16
2026/09/25 12:39:40.588, 0, P1, 2835 MHz, 13365 MHz, 485.48 W, 600.00 W, 600.00 W, 69, 17108 MiB, 100 %, 5, 16
2026/09/25 12:39:40.839, 0, P1, 2835 MHz, 13365 MHz, 485.48 W, 600.00 W, 600.00 W, 69, 17108 MiB, 100 %, 5, 16
2026/09/25 12:39:41.090, 0, P1, 2820 MHz, 13365 MHz, 477.39 W, 600.00 W, 600.00 W, 69, 17108 MiB, 100 %, 5, 16
2026/09/25 12:39:41.340, 0, P1, 2820 MHz, 13365 MHz, 477.39 W, 600.00 W, 600.00 W, 69, 17108 MiB, 100 %, 5, 16
2026/09/25 12:39:41.591, 0, P1, 2820 MHz, 13365 MHz, 461.35 W, 600.00 W, 600.00 W, 68, 17108 MiB, 100 %, 5, 16
2026/09/25 12:39:41.842, 0, P1, 2820 MHz, 13365 MHz, 461.35 W, 600.00 W, 600.00 W, 68, 17108 MiB, 100 %, 5, 16
2026/09/25 12:39:42.093, 0, P1, 2835 MHz, 13365 MHz, 467.98 W, 600.00 W, 600.00 W, 69, 17108 MiB, 100 %, 5, 16
2026/09/25 12:39:42.344, 0, P1, 2835 MHz, 13365 MHz, 467.98 W, 600.00 W, 600.00 W, 69, 17108 MiB, 100 %, 5, 16
2026/09/25 12:39:42.595, 0, P1, 2835 MHz, 13365 MHz, 484.06 W, 600.00 W, 600.00 W, 70, 17108 MiB, 100 %, 5, 16
2026/09/25 12:39:42.846, 0, P1, 2835 MHz, 13365 MHz, 484.06 W, 600.00 W, 600.00 W, 70, 17108 MiB, 100 %, 5, 16
2026/09/25 12:39:43.096, 0, P1, 2820 MHz, 13365 MHz, 471.49 W, 600.00 W, 600.00 W, 69, 17108 MiB, 98 %, 5, 16
2026/09/25 12:39:43.347, 0, P1, 2820 MHz, 13365 MHz, 471.49 W, 600.00 W, 600.00 W, 69, 17108 MiB, 98 %, 5, 16
2026/09/25 12:39:43.598, 0, P1, 2820 MHz, 13365 MHz, 452.24 W, 600.00 W, 600.00 W, 69, 17108 MiB, 100 %, 5, 16
2026/09/25 12:39:43.849, 0, P1, 2820 MHz, 13365 MHz, 452.24 W, 600.00 W, 600.00 W, 69, 17108 MiB, 100 %, 5, 16
2026/09/25 12:39:44.100, 0, P1, 2827 MHz, 13365 MHz, 466.90 W, 600.00 W, 600.00 W, 70, 17108 MiB, 100 %, 5, 16
2026/09/25 12:39:44.350, 0, P1, 2827 MHz, 13365 MHz, 466.90 W, 600.00 W, 600.00 W, 70, 17108 MiB, 100 %, 5, 16
2026/09/25 12:39:44.601, 0, P1, 2835 MHz, 13365 MHz, 486.60 W, 600.00 W, 600.00 W, 70, 17108 MiB, 100 %, 5, 16
2026/09/25 12:39:44.852, 0, P1, 2835 MHz, 13365 MHz, 486.60 W, 600.00 W, 600.00 W, 70, 17108 MiB, 100 %, 5, 16
2026/09/25 12:39:45.103, 0, P1, 2820 MHz, 13365 MHz, 479.94 W, 600.00 W, 600.00 W, 69, 17108 MiB, 100 %, 5, 16
2026/09/25 12:39:45.354, 0, P1, 2820 MHz, 13365 MHz, 479.94 W, 600.00 W, 600.00 W, 69, 17108 MiB, 100 %, 5, 16
2026/09/25 12:39:45.605, 0, P1, 2820 MHz, 13365 MHz, 459.64 W, 600.00 W, 600.00 W, 69, 17108 MiB, 100 %, 5, 16
2026/09/25 12:39:45.855, 0, P1, 2820 MHz, 13365 MHz, 459.64 W, 600.00 W, 600.00 W, 69, 17108 MiB, 100 %, 5, 16
2026/09/25 12:39:46.106, 0, P1, 2835 MHz, 13365 MHz, 469.74 W, 600.00 W, 600.00 W, 70, 17108 MiB, 100 %, 5, 16
2026/09/25 12:39:46.357, 0, P1, 2835 MHz, 13365 MHz, 469.74 W, 600.00 W, 600.00 W, 70, 17108 MiB, 100 %, 5, 16
2026/09/25 12:39:46.608, 0, P1, 2835 MHz, 13365 MHz, 485.47 W, 600.00 W, 600.00 W, 70, 17108 MiB, 100 %, 5, 16
2026/09/25 12:39:46.859, 0, P1, 2835 MHz, 13365 MHz, 485.47 W, 600.00 W, 600.00 W, 70, 17108 MiB, 100 %, 5, 16
2026/09/25 12:39:47.110, 0, P1, 2820 MHz, 13365 MHz, 475.94 W, 600.00 W, 600.00 W, 70, 17108 MiB, 99 %, 5, 16
2026/09/25 12:39:47.361, 0, P1, 2820 MHz, 13365 MHz, 475.94 W, 600.00 W, 600.00 W, 70, 17108 MiB, 99 %, 5, 16
2026/09/25 12:39:47.612, 0, P1, 2820 MHz, 13365 MHz, 455.47 W, 600.00 W, 600.00 W, 69, 17108 MiB, 100 %, 5, 16
2026/09/25 12:39:47.862, 0, P1, 2820 MHz, 13365 MHz, 455.47 W, 600.00 W, 600.00 W, 69, 17108 MiB, 100 %, 5, 16
2026/09/25 12:39:48.113, 0, P1, 2827 MHz, 13365 MHz, 464.87 W, 600.00 W, 600.00 W, 70, 17108 MiB, 100 %, 5, 16
2026/09/25 12:39:48.364, 0, P1, 2827 MHz, 13365 MHz, 464.87 W, 600.00 W, 600.00 W, 70, 17108 MiB, 100 %, 5, 16
2026/09/25 12:39:48.615, 0, P1, 2835 MHz, 13365 MHz, 488.18 W, 600.00 W, 600.00 W, 71, 17108 MiB, 100 %, 5, 16
2026/09/25 12:39:48.866, 0, P1, 2835 MHz, 13365 MHz, 488.18 W, 600.00 W, 600.00 W, 71, 17108 MiB, 100 %, 5, 16
2026/09/25 12:39:49.117, 0, P1, 2820 MHz, 13365 MHz, 479.88 W, 600.00 W, 600.00 W, 70, 17108 MiB, 100 %, 5, 16
2026/09/25 12:39:49.368, 0, P1, 2820 MHz, 13365 MHz, 479.88 W, 600.00 W, 600.00 W, 70, 17108 MiB, 100 %, 5, 16
2026/09/25 12:39:49.619, 0, P1, 2820 MHz, 13365 MHz, 464.35 W, 600.00 W, 600.00 W, 70, 17108 MiB, 100 %, 5, 16
2026/09/25 12:39:49.869, 0, P1, 2820 MHz, 13365 MHz, 464.35 W, 600.00 W, 600.00 W, 70, 17108 MiB, 100 %, 5, 16
2026/09/25 12:39:50.120, 0, P1, 2835 MHz, 13365 MHz, 471.34 W, 600.00 W, 600.00 W, 71, 17108 MiB, 100 %, 5, 16
2026/09/25 12:39:50.371, 0, P1, 2835 MHz, 13365 MHz, 471.34 W, 600.00 W, 600.00 W, 71, 17108 MiB, 100 %, 5, 16
2026/09/25 12:39:50.622, 0, P1, 2835 MHz, 13365 MHz, 490.71 W, 600.00 W, 600.00 W, 71, 17108 MiB, 100 %, 5, 16
2026/09/25 12:39:50.873, 0, P1, 2835 MHz, 13365 MHz, 490.71 W, 600.00 W, 600.00 W, 71, 17108 MiB, 100 %, 5, 16
2026/09/25 12:39:51.124, 0, P1, 2820 MHz, 13365 MHz, 475.24 W, 600.00 W, 600.00 W, 70, 17108 MiB, 99 %, 5, 16
2026/09/25 12:39:51.375, 0, P1, 2820 MHz, 13365 MHz, 475.24 W, 600.00 W, 600.00 W, 70, 17108 MiB, 99 %, 5, 16
2026/09/25 12:39:51.625, 0, P1, 2820 MHz, 13365 MHz, 458.77 W, 600.00 W, 600.00 W, 70, 17108 MiB, 100 %, 5, 16
2026/09/25 12:39:51.876, 0, P1, 2820 MHz, 13365 MHz, 458.77 W, 600.00 W, 600.00 W, 70, 17108 MiB, 100 %, 5, 16
2026/09/25 12:39:52.127, 0, P1, 2827 MHz, 13365 MHz, 464.82 W, 600.00 W, 600.00 W, 71, 17108 MiB, 100 %, 5, 16
2026/09/25 12:39:52.378, 0, P1, 2827 MHz, 13365 MHz, 464.82 W, 600.00 W, 600.00 W, 71, 17108 MiB, 100 %, 5, 16
2026/09/25 12:39:52.629, 0, P1, 2835 MHz, 13365 MHz, 489.04 W, 600.00 W, 600.00 W, 71, 17108 MiB, 100 %, 5, 16
2026/09/25 12:39:52.880, 0, P1, 2835 MHz, 13365 MHz, 489.04 W, 600.00 W, 600.00 W, 71, 17108 MiB, 100 %, 5, 16
2026/09/25 12:39:53.131, 0, P1, 2820 MHz, 13365 MHz, 480.82 W, 600.00 W, 600.00 W, 71, 17108 MiB, 100 %, 5, 16
2026/09/25 12:39:53.382, 0, P1, 2820 MHz, 13365 MHz, 480.82 W, 600.00 W, 600.00 W, 71, 17108 MiB, 100 %, 5, 16
2026/09/25 12:39:53.632, 0, P1, 2820 MHz, 13365 MHz, 464.71 W, 600.00 W, 600.00 W, 70, 17108 MiB, 100 %, 5, 16
2026/09/25 12:39:53.883, 0, P1, 2820 MHz, 13365 MHz, 464.71 W, 600.00 W, 600.00 W, 70, 17108 MiB, 100 %, 5, 16
2026/09/25 12:39:54.134, 0, P1, 2835 MHz, 13365 MHz, 471.46 W, 600.00 W, 600.00 W, 71, 17108 MiB, 100 %, 5, 16
2026/09/25 12:39:54.385, 0, P1, 2835 MHz, 13365 MHz, 471.46 W, 600.00 W, 600.00 W, 71, 17108 MiB, 100 %, 5, 16
2026/09/25 12:39:54.636, 0, P1, 2835 MHz, 13365 MHz, 488.20 W, 600.00 W, 600.00 W, 71, 17108 MiB, 100 %, 5, 16
2026/09/25 12:39:54.887, 0, P1, 2835 MHz, 13365 MHz, 488.20 W, 600.00 W, 600.00 W, 71, 17108 MiB, 100 %, 5, 16
2026/09/25 12:39:55.138, 0, P1, 2820 MHz, 13365 MHz, 476.71 W, 600.00 W, 600.00 W, 71, 17108 MiB, 99 %, 5, 16
2026/09/25 12:39:55.389, 0, P1, 2820 MHz, 13365 MHz, 476.71 W, 600.00 W, 600.00 W, 71, 17108 MiB, 99 %, 5, 16
2026/09/25 12:39:55.639, 0, P1, 2820 MHz, 13365 MHz, 460.88 W, 600.00 W, 600.00 W, 71, 17108 MiB, 100 %, 5, 16
2026/09/25 12:39:55.890, 0, P1, 2820 MHz, 13365 MHz, 460.88 W, 600.00 W, 600.00 W, 71, 17108 MiB, 100 %, 5, 16
2026/09/25 12:39:56.141, 0, P1, 2827 MHz, 13365 MHz, 466.89 W, 600.00 W, 600.00 W, 72, 17108 MiB, 100 %, 5, 16
2026/09/25 12:39:56.392, 0, P1, 2827 MHz, 13365 MHz, 466.89 W, 600.00 W, 600.00 W, 72, 17108 MiB, 100 %, 5, 16
2026/09/25 12:39:56.643, 0, P1, 2835 MHz, 13365 MHz, 490.47 W, 600.00 W, 600.00 W, 72, 17108 MiB, 100 %, 5, 16
2026/09/25 12:39:56.894, 0, P1, 2835 MHz, 13365 MHz, 490.47 W, 600.00 W, 600.00 W, 72, 17108 MiB, 100 %, 5, 16
2026/09/25 12:39:57.145, 0, P1, 2820 MHz, 13365 MHz, 478.68 W, 600.00 W, 600.00 W, 71, 17108 MiB, 99 %, 5, 16
2026/09/25 12:39:57.396, 0, P1, 2820 MHz, 13365 MHz, 478.68 W, 600.00 W, 600.00 W, 71, 17108 MiB, 99 %, 5, 16
2026/09/25 12:39:57.647, 0, P1, 2820 MHz, 13365 MHz, 462.42 W, 600.00 W, 600.00 W, 71, 17108 MiB, 100 %, 5, 16
2026/09/25 12:39:57.897, 0, P1, 2820 MHz, 13365 MHz, 462.42 W, 600.00 W, 600.00 W, 71, 17108 MiB, 100 %, 5, 16
2026/09/25 12:39:58.148, 0, P1, 2827 MHz, 13365 MHz, 466.56 W, 600.00 W, 600.00 W, 72, 17108 MiB, 100 %, 5, 16
2026/09/25 12:39:58.399, 0, P1, 2827 MHz, 13365 MHz, 466.56 W, 600.00 W, 600.00 W, 72, 17108 MiB, 100 %, 5, 16
2026/09/25 12:39:58.650, 0, P1, 2835 MHz, 13365 MHz, 487.21 W, 600.00 W, 600.00 W, 72, 17108 MiB, 100 %, 5, 16
2026/09/25 12:39:58.901, 0, P1, 2835 MHz, 13365 MHz, 487.21 W, 600.00 W, 600.00 W, 72, 17108 MiB, 100 %, 5, 16
2026/09/25 12:39:59.152, 0, P1, 2820 MHz, 13365 MHz, 484.48 W, 600.00 W, 600.00 W, 71, 17108 MiB, 100 %, 5, 16
2026/09/25 12:39:59.403, 0, P1, 2820 MHz, 13365 MHz, 484.48 W, 600.00 W, 600.00 W, 71, 17108 MiB, 100 %, 5, 16
2026/09/25 12:39:59.654, 0, P1, 2820 MHz, 13365 MHz, 466.08 W, 600.00 W, 600.00 W, 71, 17108 MiB, 100 %, 5, 16
2026/09/25 12:39:59.904, 0, P1, 2820 MHz, 13365 MHz, 466.08 W, 600.00 W, 600.00 W, 71, 17108 MiB, 100 %, 5, 16
2026/09/25 12:40:00.155, 0, P1, 2827 MHz, 13365 MHz, 473.36 W, 600.00 W, 600.00 W, 72, 17108 MiB, 100 %, 5, 16
2026/09/25 12:40:00.406, 0, P1, 2827 MHz, 13365 MHz, 473.36 W, 600.00 W, 600.00 W, 72, 17108 MiB, 100 %, 5, 16
2026/09/25 12:40:00.657, 0, P1, 2835 MHz, 13365 MHz, 488.88 W, 600.00 W, 600.00 W, 72, 17108 MiB, 100 %, 5, 16
2026/09/25 12:40:00.908, 0, P1, 2835 MHz, 13365 MHz, 488.88 W, 600.00 W, 600.00 W, 72, 17108 MiB, 100 %, 5, 16
2026/09/25 12:40:01.159, 0, P1, 2835 MHz, 13365 MHz, 481.02 W, 600.00 W, 600.00 W, 72, 17108 MiB, 98 %, 5, 16
2026/09/25 12:40:01.410, 0, P1, 2835 MHz, 13365 MHz, 481.02 W, 600.00 W, 600.00 W, 72, 17108 MiB, 98 %, 5, 16
2026/09/25 12:40:01.661, 0, P1, 2820 MHz, 13365 MHz, 461.12 W, 600.00 W, 600.00 W, 71, 17108 MiB, 100 %, 5, 16
2026/09/25 12:40:01.912, 0, P1, 2820 MHz, 13365 MHz, 461.12 W, 600.00 W, 600.00 W, 71, 17108 MiB, 100 %, 5, 16
2026/09/25 12:40:02.163, 0, P1, 2827 MHz, 13365 MHz, 471.48 W, 600.00 W, 600.00 W, 72, 17108 MiB, 100 %, 5, 16
2026/09/25 12:40:02.414, 0, P1, 2827 MHz, 13365 MHz, 471.48 W, 600.00 W, 600.00 W, 72, 17108 MiB, 100 %, 5, 16
2026/09/25 12:40:02.665, 0, P1, 2835 MHz, 13365 MHz, 491.78 W, 600.00 W, 600.00 W, 72, 17108 MiB, 100 %, 5, 16
2026/09/25 12:40:02.915, 0, P1, 2835 MHz, 13365 MHz, 491.78 W, 600.00 W, 600.00 W, 72, 17108 MiB, 100 %, 5, 16
2026/09/25 12:40:03.166, 0, P1, 2820 MHz, 13365 MHz, 487.17 W, 600.00 W, 600.00 W, 72, 17108 MiB, 100 %, 5, 16
2026/09/25 12:40:03.417, 0, P1, 2820 MHz, 13365 MHz, 487.17 W, 600.00 W, 600.00 W, 72, 17108 MiB, 100 %, 5, 16
2026/09/25 12:40:03.668, 0, P1, 2820 MHz, 13365 MHz, 466.80 W, 600.00 W, 600.00 W, 72, 17108 MiB, 100 %, 5, 16
2026/09/25 12:40:03.918, 0, P1, 2820 MHz, 13365 MHz, 466.80 W, 600.00 W, 600.00 W, 72, 17108 MiB, 100 %, 5, 16
2026/09/25 12:40:04.169, 0, P1, 2827 MHz, 13365 MHz, 474.50 W, 600.00 W, 600.00 W, 72, 17108 MiB, 100 %, 5, 16
2026/09/25 12:40:04.420, 0, P1, 2827 MHz, 13365 MHz, 474.50 W, 600.00 W, 600.00 W, 72, 17108 MiB, 100 %, 5, 16
2026/09/25 12:40:04.671, 0, P1, 2835 MHz, 13365 MHz, 493.38 W, 600.00 W, 600.00 W, 73, 17108 MiB, 100 %, 5, 16
2026/09/25 12:40:04.922, 0, P1, 2835 MHz, 13365 MHz, 493.38 W, 600.00 W, 600.00 W, 73, 17108 MiB, 100 %, 5, 16
2026/09/25 12:40:05.175, 0, P1, 2827 MHz, 13365 MHz, 482.91 W, 600.00 W, 600.00 W, 72, 17108 MiB, 98 %, 5, 16
2026/09/25 12:40:05.426, 0, P1, 2827 MHz, 13365 MHz, 482.91 W, 600.00 W, 600.00 W, 72, 17108 MiB, 98 %, 5, 16
2026/09/25 12:40:05.676, 0, P1, 2820 MHz, 13365 MHz, 464.94 W, 600.00 W, 600.00 W, 72, 17108 MiB, 100 %, 5, 16
2026/09/25 12:40:05.927, 0, P1, 2820 MHz, 13365 MHz, 464.94 W, 600.00 W, 600.00 W, 72, 17108 MiB, 100 %, 5, 16
2026/09/25 12:40:06.178, 0, P1, 2827 MHz, 13365 MHz, 468.39 W, 600.00 W, 600.00 W, 73, 17108 MiB, 100 %, 5, 16
2026/09/25 12:40:06.429, 0, P1, 2835 MHz, 13365 MHz, 492.08 W, 600.00 W, 600.00 W, 73, 17108 MiB, 100 %, 5, 16
2026/09/25 12:40:06.680, 0, P1, 2835 MHz, 13365 MHz, 492.08 W, 600.00 W, 600.00 W, 73, 17108 MiB, 100 %, 5, 16
2026/09/25 12:40:06.931, 0, P1, 2820 MHz, 13365 MHz, 486.44 W, 600.00 W, 600.00 W, 72, 17108 MiB, 100 %, 5, 16
2026/09/25 12:40:07.182, 0, P1, 2820 MHz, 13365 MHz, 486.44 W, 600.00 W, 600.00 W, 72, 17108 MiB, 100 %, 5, 16
2026/09/25 12:40:07.433, 0, P1, 2820 MHz, 13365 MHz, 470.33 W, 600.00 W, 600.00 W, 72, 17108 MiB, 100 %, 5, 16
2026/09/25 12:40:07.684, 0, P1, 2820 MHz, 13365 MHz, 470.33 W, 600.00 W, 600.00 W, 72, 17108 MiB, 100 %, 5, 16
2026/09/25 12:40:07.935, 0, P1, 2827 MHz, 13365 MHz, 474.33 W, 600.00 W, 600.00 W, 73, 17108 MiB, 100 %, 5, 16
2026/09/25 12:40:08.186, 0, P1, 2827 MHz, 13365 MHz, 474.33 W, 600.00 W, 600.00 W, 73, 17108 MiB, 100 %, 5, 16
2026/09/25 12:40:08.437, 0, P1, 2835 MHz, 13365 MHz, 490.22 W, 600.00 W, 600.00 W, 73, 17108 MiB, 100 %, 5, 16
2026/09/25 12:40:08.687, 0, P1, 2835 MHz, 13365 MHz, 490.22 W, 600.00 W, 600.00 W, 73, 17108 MiB, 100 %, 5, 16
2026/09/25 12:40:08.938, 0, P1, 2827 MHz, 13365 MHz, 482.08 W, 600.00 W, 600.00 W, 73, 17108 MiB, 98 %, 5, 16
2026/09/25 12:40:09.189, 0, P1, 2827 MHz, 13365 MHz, 482.08 W, 600.00 W, 600.00 W, 73, 17108 MiB, 98 %, 5, 16
2026/09/25 12:40:09.440, 0, P1, 2820 MHz, 13365 MHz, 465.77 W, 600.00 W, 600.00 W, 72, 17108 MiB, 100 %, 5, 16
2026/09/25 12:40:09.691, 0, P1, 2820 MHz, 13365 MHz, 465.77 W, 600.00 W, 600.00 W, 72, 17108 MiB, 100 %, 5, 16
2026/09/25 12:40:09.941, 0, P1, 2827 MHz, 13365 MHz, 469.66 W, 600.00 W, 600.00 W, 73, 17108 MiB, 100 %, 5, 16
2026/09/25 12:40:10.192, 0, P1, 2827 MHz, 13365 MHz, 469.66 W, 600.00 W, 600.00 W, 73, 17108 MiB, 100 %, 5, 16
2026/09/25 12:40:10.443, 0, P1, 2835 MHz, 13365 MHz, 490.36 W, 600.00 W, 600.00 W, 73, 17108 MiB, 100 %, 5, 16
2026/09/25 12:40:10.694, 0, P1, 2835 MHz, 13365 MHz, 490.36 W, 600.00 W, 600.00 W, 73, 17108 MiB, 100 %, 5, 16
2026/09/25 12:40:10.945, 0, P1, 2820 MHz, 13365 MHz, 487.35 W, 600.00 W, 600.00 W, 73, 17108 MiB, 100 %, 5, 16
2026/09/25 12:40:11.196, 0, P1, 2820 MHz, 13365 MHz, 487.35 W, 600.00 W, 600.00 W, 73, 17108 MiB, 100 %, 5, 16
2026/09/25 12:40:11.447, 0, P1, 2820 MHz, 13365 MHz, 468.37 W, 600.00 W, 600.00 W, 72, 17108 MiB, 100 %, 5, 16
2026/09/25 12:40:11.698, 0, P1, 2820 MHz, 13365 MHz, 468.37 W, 600.00 W, 600.00 W, 72, 17108 MiB, 100 %, 5, 16
2026/09/25 12:40:11.949, 0, P1, 2827 MHz, 13365 MHz, 476.08 W, 600.00 W, 600.00 W, 73, 17108 MiB, 100 %, 5, 16
2026/09/25 12:40:12.200, 0, P1, 2827 MHz, 13365 MHz, 476.08 W, 600.00 W, 600.00 W, 73, 17108 MiB, 100 %, 5, 16
2026/09/25 12:40:12.450, 0, P1, 2835 MHz, 13365 MHz, 491.82 W, 600.00 W, 600.00 W, 73, 17108 MiB, 100 %, 5, 16
2026/09/25 12:40:12.701, 0, P1, 2835 MHz, 13365 MHz, 491.82 W, 600.00 W, 600.00 W, 73, 17108 MiB, 100 %, 5, 16
2026/09/25 12:40:12.952, 0, P1, 2827 MHz, 13365 MHz, 483.14 W, 600.00 W, 600.00 W, 73, 17108 MiB, 99 %, 5, 16
2026/09/25 12:40:13.203, 0, P1, 2827 MHz, 13365 MHz, 483.14 W, 600.00 W, 600.00 W, 73, 17108 MiB, 99 %, 5, 16
2026/09/25 12:40:13.454, 0, P1, 2820 MHz, 13365 MHz, 463.26 W, 600.00 W, 600.00 W, 73, 17108 MiB, 100 %, 5, 16
2026/09/25 12:40:13.705, 0, P1, 2820 MHz, 13365 MHz, 463.26 W, 600.00 W, 600.00 W, 73, 17108 MiB, 100 %, 5, 16
2026/09/25 12:40:13.955, 0, P1, 2827 MHz, 13365 MHz, 473.84 W, 600.00 W, 600.00 W, 73, 17108 MiB, 100 %, 5, 16
2026/09/25 12:40:14.206, 0, P1, 2827 MHz, 13365 MHz, 473.84 W, 600.00 W, 600.00 W, 73, 17108 MiB, 100 %, 5, 16
2026/09/25 12:40:14.457, 0, P1, 2820 MHz, 13365 MHz, 493.72 W, 600.00 W, 600.00 W, 74, 17108 MiB, 100 %, 5, 16
2026/09/25 12:40:14.708, 0, P1, 2820 MHz, 13365 MHz, 493.72 W, 600.00 W, 600.00 W, 74, 17108 MiB, 100 %, 5, 16
2026/09/25 12:40:14.959, 0, P1, 2812 MHz, 13365 MHz, 488.71 W, 600.00 W, 600.00 W, 73, 17108 MiB, 100 %, 5, 16
2026/09/25 12:40:15.210, 0, P1, 2812 MHz, 13365 MHz, 488.71 W, 600.00 W, 600.00 W, 73, 17108 MiB, 100 %, 5, 16
2026/09/25 12:40:15.461, 0, P1, 2805 MHz, 13365 MHz, 471.38 W, 600.00 W, 600.00 W, 73, 17108 MiB, 100 %, 5, 16
2026/09/25 12:40:15.712, 0, P1, 2805 MHz, 13365 MHz, 471.38 W, 600.00 W, 600.00 W, 73, 17108 MiB, 100 %, 5, 16
2026/09/25 12:40:15.963, 0, P1, 2820 MHz, 13365 MHz, 476.08 W, 600.00 W, 600.00 W, 74, 17108 MiB, 100 %, 5, 16
2026/09/25 12:40:16.214, 0, P1, 2820 MHz, 13365 MHz, 476.08 W, 600.00 W, 600.00 W, 74, 17108 MiB, 100 %, 5, 16
2026/09/25 12:40:16.464, 0, P1, 2820 MHz, 13365 MHz, 495.21 W, 600.00 W, 600.00 W, 74, 17108 MiB, 100 %, 5, 16
2026/09/25 12:40:16.715, 0, P1, 2820 MHz, 13365 MHz, 495.21 W, 600.00 W, 600.00 W, 74, 2 MiB, 100 %, 5, 16
2026/09/25 12:40:16.966, 0, P0, 2842 MHz, 14001 MHz, 343.93 W, 600.00 W, 600.00 W, 67, 2 MiB, 0 %, 5, 16
2026/09/25 12:40:17.217, 0, P0, 2842 MHz, 14001 MHz, 343.93 W, 600.00 W, 600.00 W, 67, 2 MiB, 0 %, 5, 16
2026/09/25 12:40:17.467, 0, P0, 2835 MHz, 14001 MHz, 182.83 W, 600.00 W, 600.00 W, 66, 2 MiB, 0 %, 5, 16
2026/09/25 12:40:17.718, 0, P0, 2835 MHz, 14001 MHz, 182.83 W, 600.00 W, 600.00 W, 66, 596 MiB, 0 %, 5, 16
2026/09/25 12:40:17.968, 0, P1, 2835 MHz, 14001 MHz, 118.23 W, 600.00 W, 600.00 W, 65, 1460 MiB, 0 %, 5, 16
2026/09/25 12:40:18.219, 0, P1, 2835 MHz, 14001 MHz, 118.23 W, 600.00 W, 600.00 W, 65, 2420 MiB, 0 %, 5, 16
2026/09/25 12:40:18.469, 0, P1, 2835 MHz, 13365 MHz, 116.35 W, 600.00 W, 600.00 W, 65, 3444 MiB, 12 %, 5, 16
2026/09/25 12:40:18.720, 0, P1, 2835 MHz, 13365 MHz, 116.35 W, 600.00 W, 600.00 W, 65, 4468 MiB, 12 %, 5, 16
2026/09/25 12:40:18.971, 0, P1, 2617 MHz, 13365 MHz, 105.17 W, 600.00 W, 600.00 W, 64, 5364 MiB, 10 %, 5, 16
2026/09/25 12:40:19.221, 0, P1, 2617 MHz, 13365 MHz, 105.17 W, 600.00 W, 600.00 W, 64, 6292 MiB, 10 %, 5, 16
2026/09/25 12:40:19.472, 0, P1, 2617 MHz, 13365 MHz, 95.85 W, 600.00 W, 600.00 W, 64, 7220 MiB, 10 %, 5, 16
2026/09/25 12:40:19.722, 0, P1, 2617 MHz, 13365 MHz, 95.85 W, 600.00 W, 600.00 W, 64, 8148 MiB, 10 %, 5, 16
2026/09/25 12:40:19.973, 0, P1, 2617 MHz, 13365 MHz, 95.23 W, 600.00 W, 600.00 W, 63, 9076 MiB, 10 %, 5, 16
2026/09/25 12:40:20.223, 0, P1, 2617 MHz, 13365 MHz, 95.23 W, 600.00 W, 600.00 W, 63, 9972 MiB, 10 %, 5, 16
2026/09/25 12:40:20.474, 0, P1, 2617 MHz, 13365 MHz, 94.63 W, 600.00 W, 600.00 W, 63, 10900 MiB, 11 %, 5, 16
2026/09/25 12:40:20.724, 0, P1, 2617 MHz, 13365 MHz, 94.63 W, 600.00 W, 600.00 W, 63, 11828 MiB, 11 %, 5, 16
2026/09/25 12:40:20.975, 0, P1, 2617 MHz, 13365 MHz, 93.81 W, 600.00 W, 600.00 W, 63, 12724 MiB, 11 %, 5, 16
2026/09/25 12:40:21.225, 0, P1, 2617 MHz, 13365 MHz, 93.81 W, 600.00 W, 600.00 W, 63, 13652 MiB, 11 %, 5, 16
2026/09/25 12:40:21.476, 0, P1, 2617 MHz, 13365 MHz, 93.57 W, 600.00 W, 600.00 W, 63, 14548 MiB, 11 %, 5, 16
2026/09/25 12:40:21.726, 0, P1, 2617 MHz, 13365 MHz, 93.57 W, 600.00 W, 600.00 W, 63, 14740 MiB, 11 %, 5, 16
2026/09/25 12:40:21.977, 0, P1, 2610 MHz, 13365 MHz, 92.66 W, 600.00 W, 600.00 W, 62, 14740 MiB, 0 %, 5, 16
2026/09/25 12:40:22.227, 0, P1, 2610 MHz, 13365 MHz, 92.66 W, 600.00 W, 600.00 W, 62, 14740 MiB, 0 %, 5, 16
2026/09/25 12:40:22.477, 0, P1, 2610 MHz, 13365 MHz, 91.22 W, 600.00 W, 600.00 W, 62, 14740 MiB, 0 %, 5, 16
2026/09/25 12:40:22.728, 0, P1, 2610 MHz, 13365 MHz, 91.22 W, 600.00 W, 600.00 W, 62, 14740 MiB, 0 %, 5, 16
2026/09/25 12:40:22.978, 0, P1, 2610 MHz, 13365 MHz, 90.84 W, 600.00 W, 600.00 W, 62, 14740 MiB, 0 %, 5, 16
2026/09/25 12:40:23.229, 0, P1, 2610 MHz, 13365 MHz, 90.84 W, 600.00 W, 600.00 W, 62, 14740 MiB, 0 %, 5, 16
2026/09/25 12:40:23.479, 0, P1, 2610 MHz, 13365 MHz, 90.84 W, 600.00 W, 600.00 W, 62, 14740 MiB, 0 %, 5, 16
2026/09/25 12:40:23.729, 0, P1, 2610 MHz, 13365 MHz, 90.84 W, 600.00 W, 600.00 W, 62, 14740 MiB, 0 %, 5, 16
2026/09/25 12:40:23.980, 0, P1, 2610 MHz, 13365 MHz, 87.96 W, 600.00 W, 600.00 W, 61, 14740 MiB, 0 %, 5, 16
2026/09/25 12:40:24.230, 0, P1, 2610 MHz, 13365 MHz, 87.96 W, 600.00 W, 600.00 W, 61, 14740 MiB, 0 %, 5, 16
2026/09/25 12:40:24.481, 0, P1, 2610 MHz, 13365 MHz, 87.96 W, 600.00 W, 600.00 W, 61, 14740 MiB, 0 %, 5, 16
2026/09/25 12:40:24.731, 0, P1, 2610 MHz, 13365 MHz, 87.96 W, 600.00 W, 600.00 W, 61, 14740 MiB, 0 %, 5, 16
2026/09/25 12:40:24.981, 0, P1, 2610 MHz, 13365 MHz, 87.46 W, 600.00 W, 600.00 W, 61, 14740 MiB, 0 %, 5, 16
2026/09/25 12:40:25.232, 0, P1, 2610 MHz, 13365 MHz, 87.46 W, 600.00 W, 600.00 W, 61, 14740 MiB, 0 %, 5, 16
2026/09/25 12:40:25.482, 0, P1, 2610 MHz, 13365 MHz, 87.46 W, 600.00 W, 600.00 W, 61, 14740 MiB, 0 %, 5, 16
2026/09/25 12:40:25.733, 0, P1, 2610 MHz, 13365 MHz, 87.46 W, 600.00 W, 600.00 W, 61, 14740 MiB, 0 %, 5, 16
2026/09/25 12:40:25.983, 0, P1, 2610 MHz, 13365 MHz, 86.82 W, 600.00 W, 600.00 W, 61, 14740 MiB, 0 %, 5, 16
2026/09/25 12:40:26.233, 0, P1, 2610 MHz, 13365 MHz, 86.82 W, 600.00 W, 600.00 W, 61, 14740 MiB, 0 %, 5, 16
2026/09/25 12:40:26.484, 0, P1, 2610 MHz, 13365 MHz, 86.82 W, 600.00 W, 600.00 W, 61, 14740 MiB, 0 %, 5, 16
2026/09/25 12:40:26.734, 0, P1, 2610 MHz, 13365 MHz, 86.82 W, 600.00 W, 600.00 W, 61, 14740 MiB, 0 %, 5, 16
2026/09/25 12:40:26.984, 0, P1, 2610 MHz, 13365 MHz, 86.93 W, 600.00 W, 600.00 W, 60, 14740 MiB, 0 %, 5, 16
2026/09/25 12:40:27.235, 0, P1, 2610 MHz, 13365 MHz, 86.93 W, 600.00 W, 600.00 W, 60, 14740 MiB, 0 %, 5, 16
2026/09/25 12:40:27.485, 0, P1, 2610 MHz, 13365 MHz, 86.93 W, 600.00 W, 600.00 W, 60, 14740 MiB, 0 %, 5, 16
2026/09/25 12:40:27.736, 0, P1, 2610 MHz, 13365 MHz, 86.93 W, 600.00 W, 600.00 W, 60, 14740 MiB, 0 %, 5, 16
2026/09/25 12:40:27.987, 0, P1, 2610 MHz, 13365 MHz, 86.03 W, 600.00 W, 600.00 W, 60, 14740 MiB, 0 %, 5, 16
2026/09/25 12:40:28.238, 0, P1, 2610 MHz, 13365 MHz, 86.03 W, 600.00 W, 600.00 W, 60, 14740 MiB, 0 %, 5, 16
2026/09/25 12:40:28.488, 0, P1, 2610 MHz, 13365 MHz, 86.13 W, 600.00 W, 600.00 W, 60, 14740 MiB, 0 %, 5, 16
2026/09/25 12:40:28.739, 0, P1, 2610 MHz, 13365 MHz, 86.13 W, 600.00 W, 600.00 W, 60, 14740 MiB, 0 %, 5, 16
2026/09/25 12:40:28.990, 0, P1, 2610 MHz, 13365 MHz, 86.13 W, 600.00 W, 600.00 W, 59, 14740 MiB, 0 %, 5, 16
2026/09/25 12:40:29.241, 0, P1, 2610 MHz, 13365 MHz, 86.13 W, 600.00 W, 600.00 W, 59, 14740 MiB, 0 %, 5, 16
2026/09/25 12:40:29.492, 0, P1, 2610 MHz, 13365 MHz, 86.13 W, 600.00 W, 600.00 W, 59, 14740 MiB, 0 %, 5, 16
2026/09/25 12:40:29.742, 0, P1, 2610 MHz, 13365 MHz, 86.13 W, 600.00 W, 600.00 W, 59, 16052 MiB, 0 %, 5, 16
2026/09/25 12:40:29.993, 0, P1, 2670 MHz, 13365 MHz, 132.06 W, 600.00 W, 600.00 W, 66, 16820 MiB, 94 %, 5, 16
2026/09/25 12:40:30.244, 0, P1, 2670 MHz, 13365 MHz, 132.06 W, 600.00 W, 600.00 W, 66, 16820 MiB, 94 %, 5, 16
2026/09/25 12:40:30.495, 0, P1, 2820 MHz, 13365 MHz, 216.87 W, 600.00 W, 600.00 W, 67, 16820 MiB, 100 %, 5, 16
2026/09/25 12:40:30.746, 0, P1, 2820 MHz, 13365 MHz, 216.87 W, 600.00 W, 600.00 W, 67, 16820 MiB, 100 %, 5, 16
2026/09/25 12:40:30.996, 0, P1, 2820 MHz, 13365 MHz, 431.66 W, 600.00 W, 600.00 W, 67, 16820 MiB, 100 %, 5, 16
2026/09/25 12:40:31.247, 0, P1, 2820 MHz, 13365 MHz, 431.66 W, 600.00 W, 600.00 W, 67, 16820 MiB, 100 %, 5, 16
2026/09/25 12:40:31.498, 0, P1, 2827 MHz, 13365 MHz, 464.14 W, 600.00 W, 600.00 W, 68, 16820 MiB, 100 %, 5, 16
2026/09/25 12:40:31.749, 0, P1, 2827 MHz, 13365 MHz, 464.14 W, 600.00 W, 600.00 W, 68, 16820 MiB, 100 %, 5, 16
2026/09/25 12:40:32.000, 0, P1, 2835 MHz, 13365 MHz, 480.24 W, 600.00 W, 600.00 W, 69, 16820 MiB, 100 %, 5, 16
2026/09/25 12:40:32.251, 0, P1, 2835 MHz, 13365 MHz, 480.24 W, 600.00 W, 600.00 W, 69, 16820 MiB, 100 %, 5, 16
2026/09/25 12:40:32.501, 0, P1, 2820 MHz, 13365 MHz, 473.11 W, 600.00 W, 600.00 W, 68, 17108 MiB, 98 %, 5, 16
2026/09/25 12:40:32.752, 0, P1, 2820 MHz, 13365 MHz, 473.11 W, 600.00 W, 600.00 W, 68, 17108 MiB, 98 %, 5, 16
2026/09/25 12:40:33.003, 0, P1, 2820 MHz, 13365 MHz, 452.72 W, 600.00 W, 600.00 W, 68, 17108 MiB, 100 %, 5, 16
2026/09/25 12:40:33.254, 0, P1, 2820 MHz, 13365 MHz, 452.72 W, 600.00 W, 600.00 W, 68, 17108 MiB, 100 %, 5, 16
2026/09/25 12:40:33.505, 0, P1, 2827 MHz, 13365 MHz, 459.76 W, 600.00 W, 600.00 W, 69, 17108 MiB, 100 %, 5, 16
2026/09/25 12:40:33.756, 0, P1, 2827 MHz, 13365 MHz, 459.76 W, 600.00 W, 600.00 W, 69, 17108 MiB, 100 %, 5, 16
2026/09/25 12:40:34.007, 0, P1, 2835 MHz, 13365 MHz, 480.08 W, 600.00 W, 600.00 W, 69, 17108 MiB, 100 %, 5, 16
2026/09/25 12:40:34.257, 0, P1, 2835 MHz, 13365 MHz, 480.08 W, 600.00 W, 600.00 W, 69, 17108 MiB, 100 %, 5, 16
2026/09/25 12:40:34.508, 0, P1, 2820 MHz, 13365 MHz, 478.60 W, 600.00 W, 600.00 W, 69, 17108 MiB, 100 %, 5, 16
2026/09/25 12:40:34.759, 0, P1, 2820 MHz, 13365 MHz, 478.60 W, 600.00 W, 600.00 W, 69, 17108 MiB, 100 %, 5, 16
2026/09/25 12:40:35.010, 0, P1, 2820 MHz, 13365 MHz, 459.62 W, 600.00 W, 600.00 W, 68, 17108 MiB, 100 %, 5, 16
2026/09/25 12:40:35.261, 0, P1, 2820 MHz, 13365 MHz, 459.62 W, 600.00 W, 600.00 W, 68, 17108 MiB, 100 %, 5, 16
2026/09/25 12:40:35.511, 0, P1, 2827 MHz, 13365 MHz, 466.38 W, 600.00 W, 600.00 W, 69, 17108 MiB, 100 %, 5, 16
2026/09/25 12:40:35.762, 0, P1, 2827 MHz, 13365 MHz, 466.38 W, 600.00 W, 600.00 W, 69, 17108 MiB, 100 %, 5, 16
2026/09/25 12:40:36.013, 0, P1, 2835 MHz, 13365 MHz, 482.34 W, 600.00 W, 600.00 W, 70, 17108 MiB, 100 %, 5, 16
2026/09/25 12:40:36.264, 0, P1, 2835 MHz, 13365 MHz, 482.34 W, 600.00 W, 600.00 W, 70, 17108 MiB, 100 %, 5, 16
2026/09/25 12:40:36.515, 0, P1, 2820 MHz, 13365 MHz, 475.05 W, 600.00 W, 600.00 W, 69, 17108 MiB, 98 %, 5, 16
2026/09/25 12:40:36.766, 0, P1, 2820 MHz, 13365 MHz, 475.05 W, 600.00 W, 600.00 W, 69, 17108 MiB, 98 %, 5, 16
2026/09/25 12:40:37.017, 0, P1, 2820 MHz, 13365 MHz, 457.57 W, 600.00 W, 600.00 W, 69, 17108 MiB, 100 %, 5, 16
2026/09/25 12:40:37.267, 0, P1, 2820 MHz, 13365 MHz, 457.57 W, 600.00 W, 600.00 W, 69, 17108 MiB, 100 %, 5, 16
2026/09/25 12:40:37.518, 0, P1, 2827 MHz, 13365 MHz, 460.71 W, 600.00 W, 600.00 W, 70, 17108 MiB, 100 %, 5, 16
2026/09/25 12:40:37.769, 0, P1, 2827 MHz, 13365 MHz, 460.71 W, 600.00 W, 600.00 W, 70, 17108 MiB, 100 %, 5, 16
2026/09/25 12:40:38.020, 0, P1, 2835 MHz, 13365 MHz, 485.01 W, 600.00 W, 600.00 W, 70, 17108 MiB, 100 %, 5, 16
2026/09/25 12:40:38.271, 0, P1, 2835 MHz, 13365 MHz, 485.01 W, 600.00 W, 600.00 W, 70, 17108 MiB, 100 %, 5, 16
2026/09/25 12:40:38.521, 0, P1, 2820 MHz, 13365 MHz, 480.97 W, 600.00 W, 600.00 W, 70, 17108 MiB, 100 %, 5, 16
2026/09/25 12:40:38.772, 0, P1, 2820 MHz, 13365 MHz, 480.97 W, 600.00 W, 600.00 W, 70, 17108 MiB, 100 %, 5, 16
2026/09/25 12:40:39.023, 0, P1, 2820 MHz, 13365 MHz, 463.34 W, 600.00 W, 600.00 W, 69, 17108 MiB, 100 %, 5, 16
2026/09/25 12:40:39.274, 0, P1, 2820 MHz, 13365 MHz, 463.34 W, 600.00 W, 600.00 W, 69, 17108 MiB, 100 %, 5, 16
2026/09/25 12:40:39.525, 0, P1, 2827 MHz, 13365 MHz, 467.33 W, 600.00 W, 600.00 W, 70, 17108 MiB, 100 %, 5, 16
2026/09/25 12:40:39.776, 0, P1, 2827 MHz, 13365 MHz, 467.33 W, 600.00 W, 600.00 W, 70, 17108 MiB, 100 %, 5, 16
2026/09/25 12:40:40.027, 0, P1, 2835 MHz, 13365 MHz, 483.35 W, 600.00 W, 600.00 W, 70, 17108 MiB, 100 %, 5, 16
2026/09/25 12:40:40.278, 0, P1, 2835 MHz, 13365 MHz, 483.35 W, 600.00 W, 600.00 W, 70, 17108 MiB, 100 %, 5, 16
2026/09/25 12:40:40.528, 0, P1, 2820 MHz, 13365 MHz, 475.78 W, 600.00 W, 600.00 W, 70, 17108 MiB, 99 %, 5, 16
2026/09/25 12:40:40.779, 0, P1, 2820 MHz, 13365 MHz, 475.78 W, 600.00 W, 600.00 W, 70, 17108 MiB, 99 %, 5, 16
2026/09/25 12:40:41.030, 0, P1, 2820 MHz, 13365 MHz, 458.73 W, 600.00 W, 600.00 W, 69, 17108 MiB, 100 %, 5, 16
2026/09/25 12:40:41.281, 0, P1, 2820 MHz, 13365 MHz, 458.73 W, 600.00 W, 600.00 W, 69, 17108 MiB, 100 %, 5, 16
2026/09/25 12:40:41.532, 0, P1, 2827 MHz, 13365 MHz, 462.24 W, 600.00 W, 600.00 W, 70, 17108 MiB, 100 %, 5, 16
2026/09/25 12:40:41.783, 0, P1, 2827 MHz, 13365 MHz, 462.24 W, 600.00 W, 600.00 W, 70, 17108 MiB, 100 %, 5, 16
2026/09/25 12:40:42.034, 0, P1, 2835 MHz, 13365 MHz, 486.05 W, 600.00 W, 600.00 W, 71, 17108 MiB, 100 %, 5, 16
2026/09/25 12:40:42.284, 0, P1, 2835 MHz, 13365 MHz, 486.05 W, 600.00 W, 600.00 W, 71, 17108 MiB, 100 %, 5, 16
2026/09/25 12:40:42.535, 0, P1, 2820 MHz, 13365 MHz, 482.18 W, 600.00 W, 600.00 W, 70, 17108 MiB, 100 %, 5, 16
2026/09/25 12:40:42.786, 0, P1, 2820 MHz, 13365 MHz, 482.18 W, 600.00 W, 600.00 W, 70, 17108 MiB, 100 %, 5, 16
2026/09/25 12:40:43.037, 0, P1, 2820 MHz, 13365 MHz, 466.03 W, 600.00 W, 600.00 W, 70, 17108 MiB, 100 %, 5, 16
2026/09/25 12:40:43.288, 0, P1, 2820 MHz, 13365 MHz, 466.03 W, 600.00 W, 600.00 W, 70, 17108 MiB, 100 %, 5, 16
2026/09/25 12:40:43.539, 0, P1, 2827 MHz, 13365 MHz, 470.05 W, 600.00 W, 600.00 W, 71, 17108 MiB, 100 %, 5, 16
2026/09/25 12:40:43.789, 0, P1, 2827 MHz, 13365 MHz, 470.05 W, 600.00 W, 600.00 W, 71, 17108 MiB, 100 %, 5, 16
2026/09/25 12:40:44.040, 0, P1, 2835 MHz, 13365 MHz, 485.07 W, 600.00 W, 600.00 W, 71, 17108 MiB, 100 %, 5, 16
2026/09/25 12:40:44.291, 0, P1, 2835 MHz, 13365 MHz, 485.07 W, 600.00 W, 600.00 W, 71, 17108 MiB, 100 %, 5, 16
2026/09/25 12:40:44.542, 0, P1, 2820 MHz, 13365 MHz, 476.78 W, 600.00 W, 600.00 W, 71, 17108 MiB, 98 %, 5, 16
2026/09/25 12:40:44.793, 0, P1, 2820 MHz, 13365 MHz, 476.78 W, 600.00 W, 600.00 W, 71, 17108 MiB, 98 %, 5, 16
2026/09/25 12:40:45.044, 0, P1, 2820 MHz, 13365 MHz, 456.45 W, 600.00 W, 600.00 W, 70, 17108 MiB, 100 %, 5, 16
2026/09/25 12:40:45.295, 0, P1, 2820 MHz, 13365 MHz, 456.45 W, 600.00 W, 600.00 W, 70, 17108 MiB, 100 %, 5, 16
2026/09/25 12:40:45.546, 0, P1, 2827 MHz, 13365 MHz, 463.55 W, 600.00 W, 600.00 W, 71, 17108 MiB, 100 %, 5, 16
2026/09/25 12:40:45.797, 0, P1, 2827 MHz, 13365 MHz, 463.55 W, 600.00 W, 600.00 W, 71, 17108 MiB, 100 %, 5, 16
2026/09/25 12:40:46.047, 0, P1, 2835 MHz, 13365 MHz, 484.05 W, 600.00 W, 600.00 W, 71, 17108 MiB, 100 %, 5, 16
2026/09/25 12:40:46.298, 0, P1, 2835 MHz, 13365 MHz, 484.05 W, 600.00 W, 600.00 W, 71, 17108 MiB, 100 %, 5, 16
2026/09/25 12:40:46.549, 0, P1, 2820 MHz, 13365 MHz, 482.64 W, 600.00 W, 600.00 W, 71, 17108 MiB, 100 %, 5, 16
2026/09/25 12:40:46.800, 0, P1, 2820 MHz, 13365 MHz, 482.64 W, 600.00 W, 600.00 W, 71, 17108 MiB, 100 %, 5, 16
2026/09/25 12:40:47.051, 0, P1, 2820 MHz, 13365 MHz, 462.95 W, 600.00 W, 600.00 W, 70, 17108 MiB, 100 %, 5, 16
2026/09/25 12:40:47.302, 0, P1, 2820 MHz, 13365 MHz, 462.95 W, 600.00 W, 600.00 W, 70, 17108 MiB, 100 %, 5, 16
2026/09/25 12:40:47.553, 0, P1, 2827 MHz, 13365 MHz, 470.42 W, 600.00 W, 600.00 W, 71, 17108 MiB, 100 %, 5, 16
2026/09/25 12:40:47.804, 0, P1, 2827 MHz, 13365 MHz, 470.42 W, 600.00 W, 600.00 W, 71, 17108 MiB, 100 %, 5, 16
2026/09/25 12:40:48.054, 0, P1, 2835 MHz, 13365 MHz, 489.34 W, 600.00 W, 600.00 W, 72, 17108 MiB, 100 %, 5, 16
2026/09/25 12:40:48.305, 0, P1, 2835 MHz, 13365 MHz, 489.34 W, 600.00 W, 600.00 W, 72, 17108 MiB, 100 %, 5, 16
2026/09/25 12:40:48.556, 0, P1, 2820 MHz, 13365 MHz, 477.69 W, 600.00 W, 600.00 W, 71, 17108 MiB, 98 %, 5, 16
2026/09/25 12:40:48.807, 0, P1, 2820 MHz, 13365 MHz, 477.69 W, 600.00 W, 600.00 W, 71, 17108 MiB, 98 %, 5, 16
2026/09/25 12:40:49.058, 0, P1, 2820 MHz, 13365 MHz, 457.58 W, 600.00 W, 600.00 W, 71, 17108 MiB, 100 %, 5, 16
2026/09/25 12:40:49.309, 0, P1, 2820 MHz, 13365 MHz, 457.58 W, 600.00 W, 600.00 W, 71, 17108 MiB, 100 %, 5, 16
2026/09/25 12:40:49.560, 0, P1, 2827 MHz, 13365 MHz, 464.76 W, 600.00 W, 600.00 W, 72, 17108 MiB, 100 %, 5, 16
2026/09/25 12:40:49.811, 0, P1, 2827 MHz, 13365 MHz, 464.76 W, 600.00 W, 600.00 W, 72, 17108 MiB, 100 %, 5, 16
2026/09/25 12:40:50.061, 0, P1, 2835 MHz, 13365 MHz, 485.38 W, 600.00 W, 600.00 W, 72, 17108 MiB, 100 %, 5, 16
2026/09/25 12:40:50.312, 0, P1, 2835 MHz, 13365 MHz, 485.38 W, 600.00 W, 600.00 W, 72, 17108 MiB, 100 %, 5, 16
2026/09/25 12:40:50.563, 0, P1, 2820 MHz, 13365 MHz, 481.90 W, 600.00 W, 600.00 W, 71, 17108 MiB, 98 %, 5, 16
2026/09/25 12:40:50.814, 0, P1, 2820 MHz, 13365 MHz, 481.90 W, 600.00 W, 600.00 W, 71, 17108 MiB, 98 %, 5, 16
2026/09/25 12:40:51.065, 0, P1, 2820 MHz, 13365 MHz, 459.81 W, 600.00 W, 600.00 W, 71, 17108 MiB, 100 %, 5, 16
2026/09/25 12:40:51.316, 0, P1, 2820 MHz, 13365 MHz, 459.81 W, 600.00 W, 600.00 W, 71, 17108 MiB, 100 %, 5, 16
2026/09/25 12:40:51.567, 0, P1, 2827 MHz, 13365 MHz, 465.37 W, 600.00 W, 600.00 W, 72, 17108 MiB, 100 %, 5, 16
2026/09/25 12:40:51.817, 0, P1, 2827 MHz, 13365 MHz, 465.37 W, 600.00 W, 600.00 W, 72, 17108 MiB, 100 %, 5, 16
2026/09/25 12:40:52.068, 0, P1, 2835 MHz, 13365 MHz, 485.40 W, 600.00 W, 600.00 W, 72, 17108 MiB, 100 %, 5, 16
2026/09/25 12:40:52.319, 0, P1, 2835 MHz, 13365 MHz, 485.40 W, 600.00 W, 600.00 W, 72, 17108 MiB, 100 %, 5, 16
2026/09/25 12:40:52.570, 0, P1, 2820 MHz, 13365 MHz, 484.85 W, 600.00 W, 600.00 W, 72, 17108 MiB, 100 %, 5, 16
2026/09/25 12:40:52.821, 0, P1, 2820 MHz, 13365 MHz, 484.85 W, 600.00 W, 600.00 W, 72, 17108 MiB, 100 %, 5, 16
2026/09/25 12:40:53.071, 0, P1, 2820 MHz, 13365 MHz, 467.40 W, 600.00 W, 600.00 W, 71, 17108 MiB, 100 %, 5, 16
2026/09/25 12:40:53.322, 0, P1, 2820 MHz, 13365 MHz, 467.40 W, 600.00 W, 600.00 W, 71, 17108 MiB, 100 %, 5, 16
2026/09/25 12:40:53.573, 0, P1, 2827 MHz, 13365 MHz, 472.03 W, 600.00 W, 600.00 W, 72, 17108 MiB, 100 %, 5, 16
2026/09/25 12:40:53.824, 0, P1, 2827 MHz, 13365 MHz, 472.03 W, 600.00 W, 600.00 W, 72, 17108 MiB, 100 %, 5, 16
2026/09/25 12:40:54.075, 0, P1, 2835 MHz, 13365 MHz, 486.68 W, 600.00 W, 600.00 W, 72, 17108 MiB, 100 %, 5, 16
2026/09/25 12:40:54.326, 0, P1, 2835 MHz, 13365 MHz, 486.68 W, 600.00 W, 600.00 W, 72, 17108 MiB, 100 %, 5, 16
2026/09/25 12:40:54.577, 0, P1, 2820 MHz, 13365 MHz, 484.64 W, 600.00 W, 600.00 W, 72, 17108 MiB, 98 %, 5, 16
2026/09/25 12:40:54.828, 0, P1, 2820 MHz, 13365 MHz, 484.64 W, 600.00 W, 600.00 W, 72, 17108 MiB, 98 %, 5, 16
2026/09/25 12:40:55.078, 0, P1, 2820 MHz, 13365 MHz, 461.76 W, 600.00 W, 600.00 W, 71, 17108 MiB, 100 %, 5, 16
2026/09/25 12:40:55.329, 0, P1, 2820 MHz, 13365 MHz, 461.76 W, 600.00 W, 600.00 W, 71, 17108 MiB, 100 %, 5, 16
2026/09/25 12:40:55.580, 0, P1, 2827 MHz, 13365 MHz, 466.76 W, 600.00 W, 600.00 W, 72, 17108 MiB, 100 %, 5, 16
2026/09/25 12:40:55.831, 0, P1, 2827 MHz, 13365 MHz, 466.76 W, 600.00 W, 600.00 W, 72, 17108 MiB, 100 %, 5, 16
2026/09/25 12:40:56.082, 0, P1, 2835 MHz, 13365 MHz, 486.62 W, 600.00 W, 600.00 W, 72, 17108 MiB, 100 %, 5, 16
2026/09/25 12:40:56.334, 0, P1, 2835 MHz, 13365 MHz, 486.62 W, 600.00 W, 600.00 W, 72, 17108 MiB, 100 %, 5, 16
2026/09/25 12:40:56.585, 0, P1, 2820 MHz, 13365 MHz, 486.02 W, 600.00 W, 600.00 W, 72, 17108 MiB, 100 %, 5, 16
2026/09/25 12:40:56.836, 0, P1, 2820 MHz, 13365 MHz, 486.02 W, 600.00 W, 600.00 W, 72, 17108 MiB, 100 %, 5, 16
2026/09/25 12:40:57.087, 0, P1, 2820 MHz, 13365 MHz, 470.42 W, 600.00 W, 600.00 W, 72, 17108 MiB, 100 %, 5, 16
2026/09/25 12:40:57.338, 0, P1, 2820 MHz, 13365 MHz, 470.42 W, 600.00 W, 600.00 W, 72, 17108 MiB, 100 %, 5, 16
2026/09/25 12:40:57.589, 0, P1, 2827 MHz, 13365 MHz, 472.62 W, 600.00 W, 600.00 W, 72, 17108 MiB, 100 %, 5, 16
2026/09/25 12:40:57.840, 0, P1, 2827 MHz, 13365 MHz, 472.62 W, 600.00 W, 600.00 W, 72, 17108 MiB, 100 %, 5, 16
2026/09/25 12:40:58.091, 0, P1, 2835 MHz, 13365 MHz, 490.83 W, 600.00 W, 600.00 W, 73, 17108 MiB, 100 %, 5, 16
2026/09/25 12:40:58.342, 0, P1, 2835 MHz, 13365 MHz, 490.83 W, 600.00 W, 600.00 W, 73, 17108 MiB, 100 %, 5, 16
2026/09/25 12:40:58.592, 0, P1, 2820 MHz, 13365 MHz, 483.80 W, 600.00 W, 600.00 W, 72, 17108 MiB, 98 %, 5, 16
2026/09/25 12:40:58.843, 0, P1, 2820 MHz, 13365 MHz, 483.80 W, 600.00 W, 600.00 W, 72, 17108 MiB, 98 %, 5, 16
2026/09/25 12:40:59.094, 0, P1, 2820 MHz, 13365 MHz, 461.93 W, 600.00 W, 600.00 W, 72, 17108 MiB, 100 %, 5, 16
2026/09/25 12:40:59.345, 0, P1, 2820 MHz, 13365 MHz, 461.93 W, 600.00 W, 600.00 W, 72, 17108 MiB, 100 %, 5, 16
2026/09/25 12:40:59.596, 0, P1, 2827 MHz, 13365 MHz, 466.88 W, 600.00 W, 600.00 W, 73, 17108 MiB, 100 %, 5, 16
2026/09/25 12:40:59.847, 0, P1, 2827 MHz, 13365 MHz, 466.88 W, 600.00 W, 600.00 W, 73, 17108 MiB, 100 %, 5, 16
2026/09/25 12:41:00.098, 0, P1, 2835 MHz, 13365 MHz, 490.13 W, 600.00 W, 600.00 W, 73, 17108 MiB, 100 %, 5, 16
2026/09/25 12:41:00.349, 0, P1, 2835 MHz, 13365 MHz, 490.13 W, 600.00 W, 600.00 W, 73, 17108 MiB, 100 %, 5, 16
2026/09/25 12:41:00.599, 0, P1, 2820 MHz, 13365 MHz, 486.83 W, 600.00 W, 600.00 W, 72, 17108 MiB, 100 %, 5, 16
2026/09/25 12:41:00.850, 0, P1, 2820 MHz, 13365 MHz, 486.83 W, 600.00 W, 600.00 W, 72, 17108 MiB, 100 %, 5, 16
2026/09/25 12:41:01.101, 0, P1, 2820 MHz, 13365 MHz, 471.54 W, 600.00 W, 600.00 W, 72, 17108 MiB, 100 %, 5, 16
2026/09/25 12:41:01.352, 0, P1, 2820 MHz, 13365 MHz, 471.54 W, 600.00 W, 600.00 W, 72, 17108 MiB, 100 %, 5, 16
2026/09/25 12:41:01.603, 0, P1, 2827 MHz, 13365 MHz, 473.86 W, 600.00 W, 600.00 W, 73, 17108 MiB, 100 %, 5, 16
2026/09/25 12:41:01.854, 0, P1, 2827 MHz, 13365 MHz, 473.86 W, 600.00 W, 600.00 W, 73, 17108 MiB, 100 %, 5, 16
2026/09/25 12:41:02.105, 0, P1, 2827 MHz, 13365 MHz, 488.76 W, 600.00 W, 600.00 W, 73, 17108 MiB, 100 %, 5, 16
2026/09/25 12:41:02.355, 0, P1, 2827 MHz, 13365 MHz, 488.76 W, 600.00 W, 600.00 W, 73, 17108 MiB, 100 %, 5, 16
2026/09/25 12:41:02.606, 0, P1, 2812 MHz, 13365 MHz, 484.39 W, 600.00 W, 600.00 W, 73, 17108 MiB, 98 %, 5, 16
2026/09/25 12:41:02.857, 0, P1, 2812 MHz, 13365 MHz, 484.39 W, 600.00 W, 600.00 W, 73, 17108 MiB, 98 %, 5, 16
2026/09/25 12:41:03.108, 0, P1, 2812 MHz, 13365 MHz, 463.40 W, 600.00 W, 600.00 W, 72, 17108 MiB, 100 %, 5, 16
2026/09/25 12:41:03.359, 0, P1, 2812 MHz, 13365 MHz, 463.40 W, 600.00 W, 600.00 W, 72, 17108 MiB, 100 %, 5, 16
2026/09/25 12:41:03.610, 0, P1, 2820 MHz, 13365 MHz, 468.53 W, 600.00 W, 600.00 W, 73, 17108 MiB, 100 %, 5, 16
2026/09/25 12:41:03.861, 0, P1, 2820 MHz, 13365 MHz, 468.53 W, 600.00 W, 600.00 W, 73, 17108 MiB, 100 %, 5, 16
2026/09/25 12:41:04.111, 0, P1, 2820 MHz, 13365 MHz, 487.81 W, 600.00 W, 600.00 W, 73, 17108 MiB, 100 %, 5, 16
2026/09/25 12:41:04.362, 0, P1, 2820 MHz, 13365 MHz, 487.81 W, 600.00 W, 600.00 W, 73, 17108 MiB, 100 %, 5, 16
2026/09/25 12:41:04.613, 0, P1, 2812 MHz, 13365 MHz, 487.51 W, 600.00 W, 600.00 W, 73, 17108 MiB, 100 %, 5, 16
2026/09/25 12:41:04.864, 0, P1, 2812 MHz, 13365 MHz, 487.51 W, 600.00 W, 600.00 W, 73, 17108 MiB, 100 %, 5, 16
2026/09/25 12:41:05.115, 0, P1, 2805 MHz, 13365 MHz, 469.21 W, 600.00 W, 600.00 W, 73, 17108 MiB, 100 %, 5, 16
2026/09/25 12:41:05.366, 0, P1, 2805 MHz, 13365 MHz, 469.21 W, 600.00 W, 600.00 W, 73, 17108 MiB, 100 %, 5, 16
2026/09/25 12:41:05.617, 0, P1, 2820 MHz, 13365 MHz, 474.46 W, 600.00 W, 600.00 W, 73, 17108 MiB, 100 %, 5, 16
2026/09/25 12:41:05.867, 0, P1, 2820 MHz, 13365 MHz, 474.46 W, 600.00 W, 600.00 W, 73, 17108 MiB, 100 %, 5, 16
2026/09/25 12:41:06.118, 0, P1, 2820 MHz, 13365 MHz, 492.62 W, 600.00 W, 600.00 W, 73, 17108 MiB, 100 %, 5, 16
2026/09/25 12:41:06.369, 0, P1, 2820 MHz, 13365 MHz, 492.62 W, 600.00 W, 600.00 W, 73, 17108 MiB, 100 %, 5, 16
2026/09/25 12:41:06.620, 0, P1, 2812 MHz, 13365 MHz, 485.85 W, 600.00 W, 600.00 W, 72, 17108 MiB, 99 %, 5, 16
2026/09/25 12:41:06.871, 0, P1, 2812 MHz, 13365 MHz, 485.85 W, 600.00 W, 600.00 W, 72, 17108 MiB, 99 %, 5, 16
2026/09/25 12:41:07.122, 0, P1, 2805 MHz, 13365 MHz, 466.86 W, 600.00 W, 600.00 W, 73, 17108 MiB, 100 %, 5, 16
2026/09/25 12:41:07.372, 0, P1, 2805 MHz, 13365 MHz, 466.86 W, 600.00 W, 600.00 W, 73, 17108 MiB, 100 %, 5, 16
2026/09/25 12:41:07.623, 0, P1, 2820 MHz, 13365 MHz, 468.80 W, 600.00 W, 600.00 W, 73, 17108 MiB, 100 %, 5, 16
2026/09/25 12:41:07.874, 0, P1, 2820 MHz, 13365 MHz, 468.80 W, 600.00 W, 600.00 W, 73, 17108 MiB, 100 %, 5, 16
2026/09/25 12:41:08.125, 0, P1, 2820 MHz, 13365 MHz, 491.46 W, 600.00 W, 600.00 W, 74, 17108 MiB, 100 %, 5, 16
2026/09/25 12:41:08.376, 0, P1, 2820 MHz, 13365 MHz, 491.46 W, 600.00 W, 600.00 W, 74, 17108 MiB, 100 %, 5, 16
2026/09/25 12:41:08.627, 0, P1, 2812 MHz, 13365 MHz, 489.34 W, 600.00 W, 600.00 W, 73, 17108 MiB, 100 %, 5, 16
2026/09/25 12:41:08.878, 0, P1, 2812 MHz, 13365 MHz, 489.34 W, 600.00 W, 600.00 W, 73, 17108 MiB, 100 %, 5, 16
2026/09/25 12:41:09.128, 0, P1, 2812 MHz, 13365 MHz, 472.93 W, 600.00 W, 600.00 W, 73, 17108 MiB, 100 %, 5, 16
2026/09/25 12:41:09.379, 0, P1, 2812 MHz, 13365 MHz, 472.93 W, 600.00 W, 600.00 W, 73, 17108 MiB, 100 %, 5, 16
2026/09/25 12:41:09.630, 0, P1, 2820 MHz, 13365 MHz, 474.80 W, 600.00 W, 600.00 W, 74, 17108 MiB, 100 %, 5, 16
2026/09/25 12:41:09.881, 0, P1, 2820 MHz, 13365 MHz, 474.80 W, 600.00 W, 600.00 W, 74, 17108 MiB, 100 %, 5, 16
2026/09/25 12:41:10.132, 0, P1, 2820 MHz, 13365 MHz, 492.77 W, 600.00 W, 600.00 W, 74, 11200 MiB, 100 %, 5, 16
2026/09/25 12:41:10.383, 0, P1, 2820 MHz, 13365 MHz, 492.77 W, 600.00 W, 600.00 W, 74, 2 MiB, 100 %, 5, 16
2026/09/25 12:41:10.634, 0, P0, 2842 MHz, 14001 MHz, 358.93 W, 600.00 W, 600.00 W, 67, 2 MiB, 0 %, 5, 16
2026/09/25 12:41:10.884, 0, P0, 2842 MHz, 14001 MHz, 358.93 W, 600.00 W, 600.00 W, 67, 2 MiB, 0 %, 5, 16
2026/09/25 12:41:11.135, 0, P0, 2842 MHz, 14001 MHz, 166.18 W, 600.00 W, 600.00 W, 66, 2 MiB, 0 %, 5, 16
2026/09/25 12:41:11.388, 0, P0, 2842 MHz, 14001 MHz, 166.18 W, 600.00 W, 600.00 W, 66, 596 MiB, 0 %, 5, 16
2026/09/25 12:41:11.638, 0, P1, 2842 MHz, 14001 MHz, 118.30 W, 600.00 W, 600.00 W, 65, 1972 MiB, 0 %, 5, 16
2026/09/25 12:41:11.889, 0, P1, 2842 MHz, 14001 MHz, 118.30 W, 600.00 W, 600.00 W, 65, 2996 MiB, 0 %, 5, 16
2026/09/25 12:41:12.139, 0, P1, 2835 MHz, 13365 MHz, 118.04 W, 600.00 W, 600.00 W, 65, 4020 MiB, 12 %, 5, 16
2026/09/25 12:41:12.390, 0, P1, 2835 MHz, 13365 MHz, 118.04 W, 600.00 W, 600.00 W, 65, 4980 MiB, 12 %, 5, 16
2026/09/25 12:41:12.640, 0, P1, 2617 MHz, 13365 MHz, 105.71 W, 600.00 W, 600.00 W, 64, 5940 MiB, 10 %, 5, 16
2026/09/25 12:41:12.891, 0, P1, 2617 MHz, 13365 MHz, 105.71 W, 600.00 W, 600.00 W, 64, 6868 MiB, 10 %, 5, 16
2026/09/25 12:41:13.141, 0, P1, 2617 MHz, 13365 MHz, 95.03 W, 600.00 W, 600.00 W, 64, 7796 MiB, 11 %, 5, 16
2026/09/25 12:41:13.392, 0, P1, 2617 MHz, 13365 MHz, 95.03 W, 600.00 W, 600.00 W, 64, 8756 MiB, 11 %, 5, 16
2026/09/25 12:41:13.642, 0, P1, 2617 MHz, 13365 MHz, 94.31 W, 600.00 W, 600.00 W, 63, 9684 MiB, 11 %, 5, 16
2026/09/25 12:41:13.893, 0, P1, 2617 MHz, 13365 MHz, 94.31 W, 600.00 W, 600.00 W, 63, 10580 MiB, 11 %, 5, 16
2026/09/25 12:41:14.143, 0, P1, 2617 MHz, 13365 MHz, 93.96 W, 600.00 W, 600.00 W, 63, 11572 MiB, 10 %, 5, 16
2026/09/25 12:41:14.394, 0, P1, 2617 MHz, 13365 MHz, 93.96 W, 600.00 W, 600.00 W, 63, 12500 MiB, 10 %, 5, 16
2026/09/25 12:41:14.645, 0, P1, 2617 MHz, 13365 MHz, 93.58 W, 600.00 W, 600.00 W, 63, 13396 MiB, 10 %, 5, 16
2026/09/25 12:41:14.895, 0, P1, 2617 MHz, 13365 MHz, 93.58 W, 600.00 W, 600.00 W, 63, 14388 MiB, 10 %, 5, 16
2026/09/25 12:41:15.146, 0, P1, 2617 MHz, 13365 MHz, 93.45 W, 600.00 W, 600.00 W, 63, 14740 MiB, 10 %, 5, 16
2026/09/25 12:41:15.396, 0, P1, 2617 MHz, 13365 MHz, 93.45 W, 600.00 W, 600.00 W, 63, 14740 MiB, 10 %, 5, 16
2026/09/25 12:41:15.646, 0, P1, 2610 MHz, 13365 MHz, 92.19 W, 600.00 W, 600.00 W, 62, 14740 MiB, 0 %, 5, 16
2026/09/25 12:41:15.897, 0, P1, 2610 MHz, 13365 MHz, 92.19 W, 600.00 W, 600.00 W, 62, 14740 MiB, 0 %, 5, 16
2026/09/25 12:41:16.147, 0, P1, 2610 MHz, 13365 MHz, 89.93 W, 600.00 W, 600.00 W, 62, 14740 MiB, 0 %, 5, 16
2026/09/25 12:41:16.397, 0, P1, 2610 MHz, 13365 MHz, 89.93 W, 600.00 W, 600.00 W, 62, 14740 MiB, 0 %, 5, 16
2026/09/25 12:41:16.648, 0, P1, 2610 MHz, 13365 MHz, 89.49 W, 600.00 W, 600.00 W, 62, 14740 MiB, 0 %, 5, 16
2026/09/25 12:41:16.898, 0, P1, 2610 MHz, 13365 MHz, 89.49 W, 600.00 W, 600.00 W, 62, 14740 MiB, 0 %, 5, 16
2026/09/25 12:41:17.148, 0, P1, 2610 MHz, 13365 MHz, 89.49 W, 600.00 W, 600.00 W, 62, 14740 MiB, 0 %, 5, 16
2026/09/25 12:41:17.399, 0, P1, 2610 MHz, 13365 MHz, 89.49 W, 600.00 W, 600.00 W, 62, 14740 MiB, 0 %, 5, 16
2026/09/25 12:41:17.649, 0, P1, 2610 MHz, 13365 MHz, 87.72 W, 600.00 W, 600.00 W, 62, 14740 MiB, 0 %, 5, 16
2026/09/25 12:41:17.900, 0, P1, 2610 MHz, 13365 MHz, 87.72 W, 600.00 W, 600.00 W, 62, 14740 MiB, 0 %, 5, 16
2026/09/25 12:41:18.150, 0, P1, 2610 MHz, 13365 MHz, 87.72 W, 600.00 W, 600.00 W, 62, 14740 MiB, 0 %, 5, 16
2026/09/25 12:41:18.400, 0, P1, 2610 MHz, 13365 MHz, 87.72 W, 600.00 W, 600.00 W, 62, 14740 MiB, 0 %, 5, 16
2026/09/25 12:41:18.651, 0, P1, 2610 MHz, 13365 MHz, 87.45 W, 600.00 W, 600.00 W, 61, 14740 MiB, 0 %, 5, 16
2026/09/25 12:41:18.901, 0, P1, 2610 MHz, 13365 MHz, 87.45 W, 600.00 W, 600.00 W, 61, 14740 MiB, 0 %, 5, 16
2026/09/25 12:41:19.152, 0, P1, 2610 MHz, 13365 MHz, 87.45 W, 600.00 W, 600.00 W, 61, 14740 MiB, 0 %, 5, 16
2026/09/25 12:41:19.402, 0, P1, 2610 MHz, 13365 MHz, 87.45 W, 600.00 W, 600.00 W, 61, 14740 MiB, 0 %, 5, 16
2026/09/25 12:41:19.652, 0, P1, 2610 MHz, 13365 MHz, 87.07 W, 600.00 W, 600.00 W, 61, 14740 MiB, 0 %, 5, 16
2026/09/25 12:41:19.903, 0, P1, 2610 MHz, 13365 MHz, 87.07 W, 600.00 W, 600.00 W, 61, 14740 MiB, 0 %, 5, 16
2026/09/25 12:41:20.153, 0, P1, 2610 MHz, 13365 MHz, 87.07 W, 600.00 W, 600.00 W, 61, 14740 MiB, 0 %, 5, 16
2026/09/25 12:41:20.403, 0, P1, 2610 MHz, 13365 MHz, 87.07 W, 600.00 W, 600.00 W, 61, 14740 MiB, 0 %, 5, 16
2026/09/25 12:41:20.654, 0, P1, 2610 MHz, 13365 MHz, 86.39 W, 600.00 W, 600.00 W, 60, 14740 MiB, 0 %, 5, 16
2026/09/25 12:41:20.904, 0, P1, 2610 MHz, 13365 MHz, 86.39 W, 600.00 W, 600.00 W, 60, 14740 MiB, 0 %, 5, 16
2026/09/25 12:41:21.155, 0, P1, 2610 MHz, 13365 MHz, 86.39 W, 600.00 W, 600.00 W, 60, 14740 MiB, 0 %, 5, 16
2026/09/25 12:41:21.406, 0, P1, 2610 MHz, 13365 MHz, 86.39 W, 600.00 W, 600.00 W, 60, 14740 MiB, 0 %, 5, 16
2026/09/25 12:41:21.656, 0, P1, 2610 MHz, 13365 MHz, 85.26 W, 600.00 W, 600.00 W, 60, 14740 MiB, 0 %, 5, 16
2026/09/25 12:41:21.907, 0, P1, 2610 MHz, 13365 MHz, 85.26 W, 600.00 W, 600.00 W, 60, 14740 MiB, 0 %, 5, 16
2026/09/25 12:41:22.158, 0, P1, 2610 MHz, 13365 MHz, 85.43 W, 600.00 W, 600.00 W, 60, 14740 MiB, 0 %, 5, 16
2026/09/25 12:41:22.409, 0, P1, 2610 MHz, 13365 MHz, 85.43 W, 600.00 W, 600.00 W, 60, 14740 MiB, 0 %, 5, 16
2026/09/25 12:41:22.659, 0, P1, 2610 MHz, 13365 MHz, 85.92 W, 600.00 W, 600.00 W, 59, 14740 MiB, 0 %, 5, 16
2026/09/25 12:41:22.910, 0, P1, 2610 MHz, 13365 MHz, 85.92 W, 600.00 W, 600.00 W, 59, 14740 MiB, 0 %, 5, 16
2026/09/25 12:41:23.161, 0, P1, 2610 MHz, 13365 MHz, 85.92 W, 600.00 W, 600.00 W, 59, 15028 MiB, 0 %, 5, 16
2026/09/25 12:41:23.411, 0, P1, 2610 MHz, 13365 MHz, 85.92 W, 600.00 W, 600.00 W, 59, 16372 MiB, 0 %, 5, 16
2026/09/25 12:41:23.662, 0, P1, 2632 MHz, 13365 MHz, 121.85 W, 600.00 W, 600.00 W, 64, 16820 MiB, 93 %, 5, 16
2026/09/25 12:41:23.913, 0, P1, 2632 MHz, 13365 MHz, 121.85 W, 600.00 W, 600.00 W, 64, 16820 MiB, 93 %, 5, 16
2026/09/25 12:41:24.163, 0, P1, 2820 MHz, 13365 MHz, 207.79 W, 600.00 W, 600.00 W, 67, 16820 MiB, 100 %, 5, 16
2026/09/25 12:41:24.414, 0, P1, 2820 MHz, 13365 MHz, 207.79 W, 600.00 W, 600.00 W, 67, 16820 MiB, 100 %, 5, 16
2026/09/25 12:41:24.665, 0, P1, 2820 MHz, 13365 MHz, 428.37 W, 600.00 W, 600.00 W, 67, 16820 MiB, 100 %, 5, 16
2026/09/25 12:41:24.916, 0, P1, 2820 MHz, 13365 MHz, 428.37 W, 600.00 W, 600.00 W, 67, 16820 MiB, 100 %, 5, 16
2026/09/25 12:41:25.167, 0, P1, 2827 MHz, 13365 MHz, 461.85 W, 600.00 W, 600.00 W, 68, 16820 MiB, 100 %, 5, 16
2026/09/25 12:41:25.418, 0, P1, 2827 MHz, 13365 MHz, 461.85 W, 600.00 W, 600.00 W, 68, 16820 MiB, 100 %, 5, 16
2026/09/25 12:41:25.669, 0, P1, 2835 MHz, 13365 MHz, 477.82 W, 600.00 W, 600.00 W, 69, 16820 MiB, 100 %, 5, 16
2026/09/25 12:41:25.919, 0, P1, 2835 MHz, 13365 MHz, 477.82 W, 600.00 W, 600.00 W, 69, 17108 MiB, 100 %, 5, 16
2026/09/25 12:41:26.170, 0, P1, 2820 MHz, 13365 MHz, 476.90 W, 600.00 W, 600.00 W, 68, 17108 MiB, 98 %, 5, 16
2026/09/25 12:41:26.421, 0, P1, 2820 MHz, 13365 MHz, 476.90 W, 600.00 W, 600.00 W, 68, 17108 MiB, 98 %, 5, 16
2026/09/25 12:41:26.672, 0, P1, 2820 MHz, 13365 MHz, 452.88 W, 600.00 W, 600.00 W, 68, 17108 MiB, 100 %, 5, 16
2026/09/25 12:41:26.922, 0, P1, 2820 MHz, 13365 MHz, 452.88 W, 600.00 W, 600.00 W, 68, 17108 MiB, 100 %, 5, 16
2026/09/25 12:41:27.175, 0, P1, 2827 MHz, 13365 MHz, 458.11 W, 600.00 W, 600.00 W, 69, 17108 MiB, 100 %, 5, 16
2026/09/25 12:41:27.426, 0, P1, 2827 MHz, 13365 MHz, 458.11 W, 600.00 W, 600.00 W, 69, 17108 MiB, 100 %, 5, 16
2026/09/25 12:41:27.677, 0, P1, 2827 MHz, 13365 MHz, 477.77 W, 600.00 W, 600.00 W, 69, 17108 MiB, 100 %, 5, 16
2026/09/25 12:41:27.927, 0, P1, 2827 MHz, 13365 MHz, 477.77 W, 600.00 W, 600.00 W, 69, 17108 MiB, 100 %, 5, 16
2026/09/25 12:41:28.178, 0, P1, 2820 MHz, 13365 MHz, 478.00 W, 600.00 W, 600.00 W, 69, 17108 MiB, 100 %, 5, 16
2026/09/25 12:41:28.429, 0, P1, 2820 MHz, 13365 MHz, 478.00 W, 600.00 W, 600.00 W, 69, 17108 MiB, 100 %, 5, 16
2026/09/25 12:41:28.680, 0, P1, 2820 MHz, 13365 MHz, 460.38 W, 600.00 W, 600.00 W, 69, 17108 MiB, 100 %, 5, 16
2026/09/25 12:41:28.931, 0, P1, 2820 MHz, 13365 MHz, 460.38 W, 600.00 W, 600.00 W, 69, 17108 MiB, 100 %, 5, 16
2026/09/25 12:41:29.181, 0, P1, 2827 MHz, 13365 MHz, 465.33 W, 600.00 W, 600.00 W, 69, 17108 MiB, 100 %, 5, 16
2026/09/25 12:41:29.433, 0, P1, 2827 MHz, 13365 MHz, 465.33 W, 600.00 W, 600.00 W, 69, 17108 MiB, 100 %, 5, 16
2026/09/25 12:41:29.683, 0, P1, 2835 MHz, 13365 MHz, 483.66 W, 600.00 W, 600.00 W, 70, 17108 MiB, 100 %, 5, 16
2026/09/25 12:41:29.935, 0, P1, 2835 MHz, 13365 MHz, 483.66 W, 600.00 W, 600.00 W, 70, 17108 MiB, 100 %, 5, 16
2026/09/25 12:41:30.186, 0, P1, 2820 MHz, 13365 MHz, 477.81 W, 600.00 W, 600.00 W, 69, 17108 MiB, 98 %, 5, 16
2026/09/25 12:41:30.437, 0, P1, 2820 MHz, 13365 MHz, 477.81 W, 600.00 W, 600.00 W, 69, 17108 MiB, 98 %, 5, 16
2026/09/25 12:41:30.687, 0, P1, 2820 MHz, 13365 MHz, 458.67 W, 600.00 W, 600.00 W, 69, 17108 MiB, 100 %, 5, 16
2026/09/25 12:41:30.938, 0, P1, 2827 MHz, 13365 MHz, 459.47 W, 600.00 W, 600.00 W, 69, 17108 MiB, 100 %, 5, 16
2026/09/25 12:41:31.189, 0, P1, 2827 MHz, 13365 MHz, 459.47 W, 600.00 W, 600.00 W, 70, 17108 MiB, 100 %, 5, 16
2026/09/25 12:41:31.440, 0, P1, 2835 MHz, 13365 MHz, 482.30 W, 600.00 W, 600.00 W, 70, 17108 MiB, 100 %, 5, 16
2026/09/25 12:41:31.691, 0, P1, 2835 MHz, 13365 MHz, 482.30 W, 600.00 W, 600.00 W, 70, 17108 MiB, 100 %, 5, 16
2026/09/25 12:41:31.942, 0, P1, 2820 MHz, 13365 MHz, 481.45 W, 600.00 W, 600.00 W, 69, 17108 MiB, 100 %, 5, 16
2026/09/25 12:41:32.193, 0, P1, 2820 MHz, 13365 MHz, 481.45 W, 600.00 W, 600.00 W, 69, 17108 MiB, 100 %, 5, 16
2026/09/25 12:41:32.444, 0, P1, 2820 MHz, 13365 MHz, 462.21 W, 600.00 W, 600.00 W, 69, 17108 MiB, 100 %, 5, 16
2026/09/25 12:41:32.695, 0, P1, 2820 MHz, 13365 MHz, 462.21 W, 600.00 W, 600.00 W, 69, 17108 MiB, 100 %, 5, 16
2026/09/25 12:41:32.946, 0, P1, 2827 MHz, 13365 MHz, 466.79 W, 600.00 W, 600.00 W, 70, 17108 MiB, 100 %, 5, 16
2026/09/25 12:41:33.197, 0, P1, 2827 MHz, 13365 MHz, 466.79 W, 600.00 W, 600.00 W, 70, 17108 MiB, 100 %, 5, 16
2026/09/25 12:41:33.448, 0, P1, 2835 MHz, 13365 MHz, 482.29 W, 600.00 W, 600.00 W, 70, 17108 MiB, 100 %, 5, 16
2026/09/25 12:41:33.699, 0, P1, 2835 MHz, 13365 MHz, 482.29 W, 600.00 W, 600.00 W, 70, 17108 MiB, 100 %, 5, 16
2026/09/25 12:41:33.950, 0, P1, 2820 MHz, 13365 MHz, 481.03 W, 600.00 W, 600.00 W, 70, 17108 MiB, 98 %, 5, 16
2026/09/25 12:41:34.201, 0, P1, 2820 MHz, 13365 MHz, 481.03 W, 600.00 W, 600.00 W, 70, 17108 MiB, 98 %, 5, 16
2026/09/25 12:41:34.452, 0, P1, 2820 MHz, 13365 MHz, 457.95 W, 600.00 W, 600.00 W, 70, 17108 MiB, 100 %, 5, 16
2026/09/25 12:41:34.703, 0, P1, 2820 MHz, 13365 MHz, 457.95 W, 600.00 W, 600.00 W, 70, 17108 MiB, 100 %, 5, 16
2026/09/25 12:41:34.953, 0, P1, 2827 MHz, 13365 MHz, 462.99 W, 600.00 W, 600.00 W, 70, 17108 MiB, 100 %, 5, 16
2026/09/25 12:41:35.204, 0, P1, 2827 MHz, 13365 MHz, 462.99 W, 600.00 W, 600.00 W, 70, 17108 MiB, 100 %, 5, 16
2026/09/25 12:41:35.455, 0, P1, 2835 MHz, 13365 MHz, 482.00 W, 600.00 W, 600.00 W, 71, 17108 MiB, 100 %, 5, 16
2026/09/25 12:41:35.706, 0, P1, 2835 MHz, 13365 MHz, 482.00 W, 600.00 W, 600.00 W, 71, 17108 MiB, 100 %, 5, 16
2026/09/25 12:41:35.957, 0, P1, 2820 MHz, 13365 MHz, 482.88 W, 600.00 W, 600.00 W, 70, 17108 MiB, 100 %, 5, 16
2026/09/25 12:41:36.208, 0, P1, 2820 MHz, 13365 MHz, 482.88 W, 600.00 W, 600.00 W, 70, 17108 MiB, 100 %, 5, 16
2026/09/25 12:41:36.459, 0, P1, 2820 MHz, 13365 MHz, 466.42 W, 600.00 W, 600.00 W, 70, 17108 MiB, 100 %, 5, 16
2026/09/25 12:41:36.710, 0, P1, 2820 MHz, 13365 MHz, 466.42 W, 600.00 W, 600.00 W, 70, 17108 MiB, 100 %, 5, 16
2026/09/25 12:41:36.960, 0, P1, 2827 MHz, 13365 MHz, 468.91 W, 600.00 W, 600.00 W, 71, 17108 MiB, 100 %, 5, 16
2026/09/25 12:41:37.211, 0, P1, 2827 MHz, 13365 MHz, 468.91 W, 600.00 W, 600.00 W, 71, 17108 MiB, 100 %, 5, 16
2026/09/25 12:41:37.462, 0, P1, 2835 MHz, 13365 MHz, 487.56 W, 600.00 W, 600.00 W, 71, 17108 MiB, 100 %, 5, 16
2026/09/25 12:41:37.713, 0, P1, 2835 MHz, 13365 MHz, 487.56 W, 600.00 W, 600.00 W, 71, 17108 MiB, 100 %, 5, 16
2026/09/25 12:41:37.964, 0, P1, 2820 MHz, 13365 MHz, 482.06 W, 600.00 W, 600.00 W, 70, 17108 MiB, 98 %, 5, 16
2026/09/25 12:41:38.217, 0, P1, 2820 MHz, 13365 MHz, 482.06 W, 600.00 W, 600.00 W, 70, 17108 MiB, 98 %, 5, 16
2026/09/25 12:41:38.467, 0, P1, 2820 MHz, 13365 MHz, 457.90 W, 600.00 W, 600.00 W, 70, 17108 MiB, 100 %, 5, 16
2026/09/25 12:41:38.718, 0, P1, 2820 MHz, 13365 MHz, 457.90 W, 600.00 W, 600.00 W, 70, 17108 MiB, 100 %, 5, 16
2026/09/25 12:41:38.969, 0, P1, 2827 MHz, 13365 MHz, 462.43 W, 600.00 W, 600.00 W, 71, 17108 MiB, 100 %, 5, 16
2026/09/25 12:41:39.220, 0, P1, 2827 MHz, 13365 MHz, 462.43 W, 600.00 W, 600.00 W, 71, 17108 MiB, 100 %, 5, 16
2026/09/25 12:41:39.471, 0, P1, 2835 MHz, 13365 MHz, 482.53 W, 600.00 W, 600.00 W, 71, 17108 MiB, 100 %, 5, 16
2026/09/25 12:41:39.722, 0, P1, 2835 MHz, 13365 MHz, 482.53 W, 600.00 W, 600.00 W, 71, 17108 MiB, 100 %, 5, 16
2026/09/25 12:41:39.973, 0, P1, 2820 MHz, 13365 MHz, 482.52 W, 600.00 W, 600.00 W, 71, 17108 MiB, 100 %, 5, 16
2026/09/25 12:41:40.224, 0, P1, 2820 MHz, 13365 MHz, 482.52 W, 600.00 W, 600.00 W, 71, 17108 MiB, 100 %, 5, 16
2026/09/25 12:41:40.474, 0, P1, 2820 MHz, 13365 MHz, 464.95 W, 600.00 W, 600.00 W, 70, 17108 MiB, 100 %, 5, 16
2026/09/25 12:41:40.725, 0, P1, 2820 MHz, 13365 MHz, 464.95 W, 600.00 W, 600.00 W, 70, 17108 MiB, 100 %, 5, 16
2026/09/25 12:41:40.976, 0, P1, 2827 MHz, 13365 MHz, 470.21 W, 600.00 W, 600.00 W, 71, 17108 MiB, 100 %, 5, 16
2026/09/25 12:41:41.227, 0, P1, 2827 MHz, 13365 MHz, 470.21 W, 600.00 W, 600.00 W, 71, 17108 MiB, 100 %, 5, 16
2026/09/25 12:41:41.478, 0, P1, 2835 MHz, 13365 MHz, 488.73 W, 600.00 W, 600.00 W, 71, 17108 MiB, 100 %, 5, 16
2026/09/25 12:41:41.729, 0, P1, 2835 MHz, 13365 MHz, 488.73 W, 600.00 W, 600.00 W, 71, 17108 MiB, 100 %, 5, 16
2026/09/25 12:41:41.979, 0, P1, 2820 MHz, 13365 MHz, 483.56 W, 600.00 W, 600.00 W, 71, 17108 MiB, 98 %, 5, 16
2026/09/25 12:41:42.230, 0, P1, 2820 MHz, 13365 MHz, 483.56 W, 600.00 W, 600.00 W, 71, 17108 MiB, 98 %, 5, 16
2026/09/25 12:41:42.481, 0, P1, 2820 MHz, 13365 MHz, 460.69 W, 600.00 W, 600.00 W, 71, 17108 MiB, 100 %, 5, 16
2026/09/25 12:41:42.732, 0, P1, 2820 MHz, 13365 MHz, 460.69 W, 600.00 W, 600.00 W, 71, 17108 MiB, 100 %, 5, 16
2026/09/25 12:41:42.983, 0, P1, 2827 MHz, 13365 MHz, 465.67 W, 600.00 W, 600.00 W, 72, 17108 MiB, 100 %, 5, 16
2026/09/25 12:41:43.234, 0, P1, 2827 MHz, 13365 MHz, 465.67 W, 600.00 W, 600.00 W, 72, 17108 MiB, 100 %, 5, 16
2026/09/25 12:41:43.485, 0, P1, 2835 MHz, 13365 MHz, 485.02 W, 600.00 W, 600.00 W, 72, 17108 MiB, 100 %, 5, 16
2026/09/25 12:41:43.736, 0, P1, 2835 MHz, 13365 MHz, 485.02 W, 600.00 W, 600.00 W, 72, 17108 MiB, 100 %, 5, 16
2026/09/25 12:41:43.987, 0, P1, 2820 MHz, 13365 MHz, 483.69 W, 600.00 W, 600.00 W, 71, 17108 MiB, 98 %, 5, 16
2026/09/25 12:41:44.238, 0, P1, 2820 MHz, 13365 MHz, 483.69 W, 600.00 W, 600.00 W, 71, 17108 MiB, 98 %, 5, 16
2026/09/25 12:41:44.488, 0, P1, 2820 MHz, 13365 MHz, 461.50 W, 600.00 W, 600.00 W, 71, 17108 MiB, 100 %, 5, 16
2026/09/25 12:41:44.739, 0, P1, 2820 MHz, 13365 MHz, 461.50 W, 600.00 W, 600.00 W, 71, 17108 MiB, 100 %, 5, 16
2026/09/25 12:41:44.990, 0, P1, 2827 MHz, 13365 MHz, 464.42 W, 600.00 W, 600.00 W, 72, 17108 MiB, 100 %, 5, 16
2026/09/25 12:41:45.241, 0, P1, 2827 MHz, 13365 MHz, 464.42 W, 600.00 W, 600.00 W, 72, 17108 MiB, 100 %, 5, 16
2026/09/25 12:41:45.492, 0, P1, 2835 MHz, 13365 MHz, 487.03 W, 600.00 W, 600.00 W, 72, 17108 MiB, 100 %, 5, 16
2026/09/25 12:41:45.743, 0, P1, 2835 MHz, 13365 MHz, 487.03 W, 600.00 W, 600.00 W, 72, 17108 MiB, 100 %, 5, 16
2026/09/25 12:41:45.994, 0, P1, 2820 MHz, 13365 MHz, 485.83 W, 600.00 W, 600.00 W, 72, 17108 MiB, 100 %, 5, 16
2026/09/25 12:41:46.245, 0, P1, 2820 MHz, 13365 MHz, 485.83 W, 600.00 W, 600.00 W, 72, 17108 MiB, 100 %, 5, 16
2026/09/25 12:41:46.496, 0, P1, 2820 MHz, 13365 MHz, 468.17 W, 600.00 W, 600.00 W, 71, 17108 MiB, 100 %, 5, 16
2026/09/25 12:41:46.747, 0, P1, 2820 MHz, 13365 MHz, 468.17 W, 600.00 W, 600.00 W, 71, 17108 MiB, 100 %, 5, 16
2026/09/25 12:41:46.998, 0, P1, 2827 MHz, 13365 MHz, 471.72 W, 600.00 W, 600.00 W, 72, 17108 MiB, 100 %, 5, 16
2026/09/25 12:41:47.249, 0, P1, 2827 MHz, 13365 MHz, 471.72 W, 600.00 W, 600.00 W, 72, 17108 MiB, 100 %, 5, 16
2026/09/25 12:41:47.500, 0, P1, 2835 MHz, 13365 MHz, 486.08 W, 600.00 W, 600.00 W, 72, 17108 MiB, 100 %, 5, 16
2026/09/25 12:41:47.750, 0, P1, 2835 MHz, 13365 MHz, 486.08 W, 600.00 W, 600.00 W, 72, 17108 MiB, 100 %, 5, 16
2026/09/25 12:41:48.001, 0, P1, 2820 MHz, 13365 MHz, 484.77 W, 600.00 W, 600.00 W, 72, 17108 MiB, 99 %, 5, 16
2026/09/25 12:41:48.252, 0, P1, 2820 MHz, 13365 MHz, 484.77 W, 600.00 W, 600.00 W, 72, 17108 MiB, 99 %, 5, 16
2026/09/25 12:41:48.503, 0, P1, 2820 MHz, 13365 MHz, 465.86 W, 600.00 W, 600.00 W, 71, 17108 MiB, 100 %, 5, 16
2026/09/25 12:41:48.754, 0, P1, 2820 MHz, 13365 MHz, 465.86 W, 600.00 W, 600.00 W, 71, 17108 MiB, 100 %, 5, 16
2026/09/25 12:41:49.005, 0, P1, 2827 MHz, 13365 MHz, 466.09 W, 600.00 W, 600.00 W, 72, 17108 MiB, 100 %, 5, 16
2026/09/25 12:41:49.256, 0, P1, 2827 MHz, 13365 MHz, 466.09 W, 600.00 W, 600.00 W, 72, 17108 MiB, 100 %, 5, 16
2026/09/25 12:41:49.507, 0, P1, 2835 MHz, 13365 MHz, 488.49 W, 600.00 W, 600.00 W, 72, 17108 MiB, 100 %, 5, 16
2026/09/25 12:41:49.758, 0, P1, 2835 MHz, 13365 MHz, 488.49 W, 600.00 W, 600.00 W, 72, 17108 MiB, 100 %, 5, 16
2026/09/25 12:41:50.009, 0, P1, 2820 MHz, 13365 MHz, 487.01 W, 600.00 W, 600.00 W, 72, 17108 MiB, 100 %, 5, 16
2026/09/25 12:41:50.259, 0, P1, 2820 MHz, 13365 MHz, 487.01 W, 600.00 W, 600.00 W, 72, 17108 MiB, 100 %, 5, 16
2026/09/25 12:41:50.510, 0, P1, 2820 MHz, 13365 MHz, 471.87 W, 600.00 W, 600.00 W, 72, 17108 MiB, 100 %, 5, 16
2026/09/25 12:41:50.761, 0, P1, 2820 MHz, 13365 MHz, 471.87 W, 600.00 W, 600.00 W, 72, 17108 MiB, 100 %, 5, 16
2026/09/25 12:41:51.012, 0, P1, 2827 MHz, 13365 MHz, 472.07 W, 600.00 W, 600.00 W, 72, 17108 MiB, 100 %, 5, 16
2026/09/25 12:41:51.263, 0, P1, 2827 MHz, 13365 MHz, 472.07 W, 600.00 W, 600.00 W, 72, 17108 MiB, 100 %, 5, 16
2026/09/25 12:41:51.514, 0, P1, 2835 MHz, 13365 MHz, 489.61 W, 600.00 W, 600.00 W, 73, 17108 MiB, 100 %, 5, 16
2026/09/25 12:41:51.764, 0, P1, 2835 MHz, 13365 MHz, 489.61 W, 600.00 W, 600.00 W, 73, 17108 MiB, 100 %, 5, 16
2026/09/25 12:41:52.015, 0, P1, 2820 MHz, 13365 MHz, 487.02 W, 600.00 W, 600.00 W, 72, 17108 MiB, 99 %, 5, 16
2026/09/25 12:41:52.266, 0, P1, 2820 MHz, 13365 MHz, 487.02 W, 600.00 W, 600.00 W, 72, 17108 MiB, 99 %, 5, 16
2026/09/25 12:41:52.517, 0, P1, 2820 MHz, 13365 MHz, 466.80 W, 600.00 W, 600.00 W, 72, 17108 MiB, 100 %, 5, 16
2026/09/25 12:41:52.768, 0, P1, 2820 MHz, 13365 MHz, 466.80 W, 600.00 W, 600.00 W, 72, 17108 MiB, 100 %, 5, 16
2026/09/25 12:41:53.018, 0, P1, 2827 MHz, 13365 MHz, 466.92 W, 600.00 W, 600.00 W, 73, 17108 MiB, 100 %, 5, 16
2026/09/25 12:41:53.269, 0, P1, 2827 MHz, 13365 MHz, 466.92 W, 600.00 W, 600.00 W, 73, 17108 MiB, 100 %, 5, 16
2026/09/25 12:41:53.520, 0, P1, 2835 MHz, 13365 MHz, 486.26 W, 600.00 W, 600.00 W, 73, 17108 MiB, 100 %, 5, 16
2026/09/25 12:41:53.771, 0, P1, 2835 MHz, 13365 MHz, 486.26 W, 600.00 W, 600.00 W, 73, 17108 MiB, 100 %, 5, 16
2026/09/25 12:41:54.022, 0, P1, 2820 MHz, 13365 MHz, 487.39 W, 600.00 W, 600.00 W, 72, 17108 MiB, 100 %, 5, 16
2026/09/25 12:41:54.273, 0, P1, 2820 MHz, 13365 MHz, 487.39 W, 600.00 W, 600.00 W, 72, 17108 MiB, 100 %, 5, 16
2026/09/25 12:41:54.524, 0, P1, 2820 MHz, 13365 MHz, 470.01 W, 600.00 W, 600.00 W, 72, 17108 MiB, 100 %, 5, 16
2026/09/25 12:41:54.775, 0, P1, 2820 MHz, 13365 MHz, 470.01 W, 600.00 W, 600.00 W, 72, 17108 MiB, 100 %, 5, 16
2026/09/25 12:41:55.026, 0, P1, 2827 MHz, 13365 MHz, 472.91 W, 600.00 W, 600.00 W, 73, 17108 MiB, 100 %, 5, 16
2026/09/25 12:41:55.277, 0, P1, 2827 MHz, 13365 MHz, 472.91 W, 600.00 W, 600.00 W, 73, 17108 MiB, 100 %, 5, 16
2026/09/25 12:41:55.527, 0, P1, 2835 MHz, 13365 MHz, 490.21 W, 600.00 W, 600.00 W, 73, 17108 MiB, 100 %, 5, 16
2026/09/25 12:41:55.778, 0, P1, 2835 MHz, 13365 MHz, 490.21 W, 600.00 W, 600.00 W, 73, 17108 MiB, 100 %, 5, 16
2026/09/25 12:41:56.029, 0, P1, 2820 MHz, 13365 MHz, 486.52 W, 600.00 W, 600.00 W, 72, 17108 MiB, 99 %, 5, 16
2026/09/25 12:41:56.280, 0, P1, 2820 MHz, 13365 MHz, 486.52 W, 600.00 W, 600.00 W, 72, 17108 MiB, 99 %, 5, 16
2026/09/25 12:41:56.531, 0, P1, 2820 MHz, 13365 MHz, 465.09 W, 600.00 W, 600.00 W, 72, 17108 MiB, 100 %, 5, 16
2026/09/25 12:41:56.781, 0, P1, 2820 MHz, 13365 MHz, 465.09 W, 600.00 W, 600.00 W, 72, 17108 MiB, 100 %, 5, 16
2026/09/25 12:41:57.032, 0, P1, 2827 MHz, 13365 MHz, 468.31 W, 600.00 W, 600.00 W, 73, 17108 MiB, 100 %, 5, 16
2026/09/25 12:41:57.283, 0, P1, 2827 MHz, 13365 MHz, 468.31 W, 600.00 W, 600.00 W, 73, 17108 MiB, 100 %, 5, 16
2026/09/25 12:41:57.534, 0, P1, 2835 MHz, 13365 MHz, 487.58 W, 600.00 W, 600.00 W, 73, 17108 MiB, 100 %, 5, 16
2026/09/25 12:41:57.784, 0, P1, 2835 MHz, 13365 MHz, 487.58 W, 600.00 W, 600.00 W, 73, 17108 MiB, 100 %, 5, 16
2026/09/25 12:41:58.035, 0, P1, 2827 MHz, 13365 MHz, 489.05 W, 600.00 W, 600.00 W, 73, 17108 MiB, 100 %, 5, 16
2026/09/25 12:41:58.286, 0, P1, 2827 MHz, 13365 MHz, 489.05 W, 600.00 W, 600.00 W, 73, 17108 MiB, 100 %, 5, 16
2026/09/25 12:41:58.537, 0, P1, 2820 MHz, 13365 MHz, 471.47 W, 600.00 W, 600.00 W, 73, 17108 MiB, 100 %, 5, 16
2026/09/25 12:41:58.788, 0, P1, 2820 MHz, 13365 MHz, 471.47 W, 600.00 W, 600.00 W, 73, 17108 MiB, 100 %, 5, 16
2026/09/25 12:41:59.039, 0, P1, 2827 MHz, 13365 MHz, 474.40 W, 600.00 W, 600.00 W, 73, 17108 MiB, 100 %, 5, 16
2026/09/25 12:41:59.289, 0, P1, 2827 MHz, 13365 MHz, 474.40 W, 600.00 W, 600.00 W, 73, 17108 MiB, 100 %, 5, 16
2026/09/25 12:41:59.540, 0, P1, 2820 MHz, 13365 MHz, 488.77 W, 600.00 W, 600.00 W, 73, 17108 MiB, 100 %, 5, 16
2026/09/25 12:41:59.791, 0, P1, 2820 MHz, 13365 MHz, 488.77 W, 600.00 W, 600.00 W, 73, 17108 MiB, 100 %, 5, 16
2026/09/25 12:42:00.042, 0, P1, 2812 MHz, 13365 MHz, 488.55 W, 600.00 W, 600.00 W, 73, 17108 MiB, 99 %, 5, 16
2026/09/25 12:42:00.292, 0, P1, 2812 MHz, 13365 MHz, 488.55 W, 600.00 W, 600.00 W, 73, 17108 MiB, 99 %, 5, 16
2026/09/25 12:42:00.543, 0, P1, 2805 MHz, 13365 MHz, 467.59 W, 600.00 W, 600.00 W, 73, 17108 MiB, 100 %, 5, 16
2026/09/25 12:42:00.794, 0, P1, 2805 MHz, 13365 MHz, 467.59 W, 600.00 W, 600.00 W, 73, 17108 MiB, 100 %, 5, 16
2026/09/25 12:42:01.045, 0, P1, 2820 MHz, 13365 MHz, 467.39 W, 600.00 W, 600.00 W, 73, 17108 MiB, 100 %, 5, 16
2026/09/25 12:42:01.296, 0, P1, 2820 MHz, 13365 MHz, 467.39 W, 600.00 W, 600.00 W, 73, 17108 MiB, 100 %, 5, 16
2026/09/25 12:42:01.547, 0, P1, 2820 MHz, 13365 MHz, 490.56 W, 600.00 W, 600.00 W, 74, 17108 MiB, 100 %, 5, 16
2026/09/25 12:42:01.797, 0, P1, 2820 MHz, 13365 MHz, 490.56 W, 600.00 W, 600.00 W, 74, 17108 MiB, 100 %, 5, 16
2026/09/25 12:42:02.048, 0, P1, 2812 MHz, 13365 MHz, 490.13 W, 600.00 W, 600.00 W, 73, 17108 MiB, 100 %, 5, 16
2026/09/25 12:42:02.299, 0, P1, 2812 MHz, 13365 MHz, 490.13 W, 600.00 W, 600.00 W, 73, 17108 MiB, 100 %, 5, 16
2026/09/25 12:42:02.550, 0, P1, 2812 MHz, 13365 MHz, 470.96 W, 600.00 W, 600.00 W, 73, 17108 MiB, 100 %, 5, 16
2026/09/25 12:42:02.801, 0, P1, 2812 MHz, 13365 MHz, 470.96 W, 600.00 W, 600.00 W, 73, 17108 MiB, 100 %, 5, 16
2026/09/25 12:42:03.052, 0, P1, 2820 MHz, 13365 MHz, 473.54 W, 600.00 W, 600.00 W, 74, 17108 MiB, 100 %, 5, 16
2026/09/25 12:42:03.302, 0, P1, 2820 MHz, 13365 MHz, 473.54 W, 600.00 W, 600.00 W, 74, 17108 MiB, 100 %, 5, 16
2026/09/25 12:42:03.553, 0, P1, 2820 MHz, 13365 MHz, 488.61 W, 600.00 W, 600.00 W, 74, 17108 MiB, 100 %, 5, 16
2026/09/25 12:42:03.804, 0, P1, 2820 MHz, 13365 MHz, 488.61 W, 600.00 W, 600.00 W, 74, 2 MiB, 100 %, 5, 16
2026/09/25 12:42:04.055, 0, P0, 2835 MHz, 14001 MHz, 368.43 W, 600.00 W, 600.00 W, 67, 2 MiB, 0 %, 5, 16
2026/09/25 12:42:04.305, 0, P0, 2835 MHz, 14001 MHz, 368.43 W, 600.00 W, 600.00 W, 67, 2 MiB, 0 %, 5, 16
2026/09/25 12:42:04.556, 0, P0, 2835 MHz, 14001 MHz, 175.69 W, 600.00 W, 600.00 W, 66, 2 MiB, 0 %, 5, 16
2026/09/25 12:42:04.806, 0, P0, 2835 MHz, 14001 MHz, 175.69 W, 600.00 W, 600.00 W, 66, 596 MiB, 0 %, 5, 16
2026/09/25 12:42:05.057, 0, P1, 2835 MHz, 14001 MHz, 118.23 W, 600.00 W, 600.00 W, 65, 1492 MiB, 0 %, 5, 16
2026/09/25 12:42:05.307, 0, P1, 2835 MHz, 14001 MHz, 118.23 W, 600.00 W, 600.00 W, 65, 2580 MiB, 0 %, 5, 16
2026/09/25 12:42:05.558, 0, P1, 2835 MHz, 13365 MHz, 116.39 W, 600.00 W, 600.00 W, 65, 3604 MiB, 12 %, 5, 16
2026/09/25 12:42:05.808, 0, P1, 2835 MHz, 13365 MHz, 116.39 W, 600.00 W, 600.00 W, 65, 4564 MiB, 12 %, 5, 16
2026/09/25 12:42:06.059, 0, P1, 2617 MHz, 13365 MHz, 105.22 W, 600.00 W, 600.00 W, 64, 5524 MiB, 10 %, 5, 16
2026/09/25 12:42:06.309, 0, P1, 2617 MHz, 13365 MHz, 105.22 W, 600.00 W, 600.00 W, 64, 6452 MiB, 10 %, 5, 16
2026/09/25 12:42:06.560, 0, P1, 2617 MHz, 13365 MHz, 95.28 W, 600.00 W, 600.00 W, 64, 7380 MiB, 11 %, 5, 16
2026/09/25 12:42:06.810, 0, P1, 2617 MHz, 13365 MHz, 95.28 W, 600.00 W, 600.00 W, 64, 8308 MiB, 11 %, 5, 16
2026/09/25 12:42:07.061, 0, P1, 2617 MHz, 13365 MHz, 94.14 W, 600.00 W, 600.00 W, 63, 9204 MiB, 11 %, 5, 16
2026/09/25 12:42:07.311, 0, P1, 2617 MHz, 13365 MHz, 94.14 W, 600.00 W, 600.00 W, 63, 10132 MiB, 11 %, 5, 16
2026/09/25 12:42:07.562, 0, P1, 2617 MHz, 13365 MHz, 93.83 W, 600.00 W, 600.00 W, 63, 11092 MiB, 10 %, 5, 16
2026/09/25 12:42:07.812, 0, P1, 2617 MHz, 13365 MHz, 93.83 W, 600.00 W, 600.00 W, 63, 12020 MiB, 10 %, 5, 16
2026/09/25 12:42:08.063, 0, P1, 2617 MHz, 13365 MHz, 93.62 W, 600.00 W, 600.00 W, 63, 12916 MiB, 10 %, 5, 16
2026/09/25 12:42:08.313, 0, P1, 2617 MHz, 13365 MHz, 93.62 W, 600.00 W, 600.00 W, 63, 13844 MiB, 10 %, 5, 16
2026/09/25 12:42:08.564, 0, P1, 2617 MHz, 13365 MHz, 93.02 W, 600.00 W, 600.00 W, 63, 14740 MiB, 10 %, 5, 16
2026/09/25 12:42:08.814, 0, P1, 2617 MHz, 13365 MHz, 93.02 W, 600.00 W, 600.00 W, 63, 14740 MiB, 10 %, 5, 16
2026/09/25 12:42:09.065, 0, P1, 2617 MHz, 13365 MHz, 91.82 W, 600.00 W, 600.00 W, 62, 14740 MiB, 0 %, 5, 16
2026/09/25 12:42:09.315, 0, P1, 2617 MHz, 13365 MHz, 91.82 W, 600.00 W, 600.00 W, 62, 14740 MiB, 0 %, 5, 16
2026/09/25 12:42:09.565, 0, P1, 2610 MHz, 13365 MHz, 90.13 W, 600.00 W, 600.00 W, 62, 14740 MiB, 0 %, 5, 16
2026/09/25 12:42:09.816, 0, P1, 2610 MHz, 13365 MHz, 90.13 W, 600.00 W, 600.00 W, 62, 14740 MiB, 0 %, 5, 16
2026/09/25 12:42:10.066, 0, P1, 2610 MHz, 13365 MHz, 89.40 W, 600.00 W, 600.00 W, 62, 14740 MiB, 0 %, 5, 16
2026/09/25 12:42:10.317, 0, P1, 2610 MHz, 13365 MHz, 89.40 W, 600.00 W, 600.00 W, 62, 14740 MiB, 0 %, 5, 16
2026/09/25 12:42:10.567, 0, P1, 2610 MHz, 13365 MHz, 89.40 W, 600.00 W, 600.00 W, 62, 14740 MiB, 0 %, 5, 16
2026/09/25 12:42:10.817, 0, P1, 2610 MHz, 13365 MHz, 89.40 W, 600.00 W, 600.00 W, 62, 14740 MiB, 0 %, 5, 16
2026/09/25 12:42:11.068, 0, P1, 2610 MHz, 13365 MHz, 87.25 W, 600.00 W, 600.00 W, 62, 14740 MiB, 0 %, 5, 16
2026/09/25 12:42:11.318, 0, P1, 2610 MHz, 13365 MHz, 87.25 W, 600.00 W, 600.00 W, 62, 14740 MiB, 0 %, 5, 16
2026/09/25 12:42:11.568, 0, P1, 2610 MHz, 13365 MHz, 87.25 W, 600.00 W, 600.00 W, 62, 14740 MiB, 0 %, 5, 16
2026/09/25 12:42:11.819, 0, P1, 2610 MHz, 13365 MHz, 87.25 W, 600.00 W, 600.00 W, 62, 14740 MiB, 0 %, 5, 16
2026/09/25 12:42:12.069, 0, P1, 2610 MHz, 13365 MHz, 86.25 W, 600.00 W, 600.00 W, 61, 14740 MiB, 0 %, 5, 16
2026/09/25 12:42:12.319, 0, P1, 2610 MHz, 13365 MHz, 86.25 W, 600.00 W, 600.00 W, 61, 14740 MiB, 0 %, 5, 16
2026/09/25 12:42:12.570, 0, P1, 2610 MHz, 13365 MHz, 86.25 W, 600.00 W, 600.00 W, 61, 14740 MiB, 0 %, 5, 16
2026/09/25 12:42:12.820, 0, P1, 2610 MHz, 13365 MHz, 86.25 W, 600.00 W, 600.00 W, 61, 14740 MiB, 0 %, 5, 16
2026/09/25 12:42:13.071, 0, P1, 2610 MHz, 13365 MHz, 86.01 W, 600.00 W, 600.00 W, 61, 14740 MiB, 0 %, 5, 16
2026/09/25 12:42:13.321, 0, P1, 2610 MHz, 13365 MHz, 86.01 W, 600.00 W, 600.00 W, 61, 14740 MiB, 0 %, 5, 16
2026/09/25 12:42:13.571, 0, P1, 2610 MHz, 13365 MHz, 86.01 W, 600.00 W, 600.00 W, 61, 14740 MiB, 0 %, 5, 16
2026/09/25 12:42:13.822, 0, P1, 2610 MHz, 13365 MHz, 86.01 W, 600.00 W, 600.00 W, 61, 14740 MiB, 0 %, 5, 16
2026/09/25 12:42:14.072, 0, P1, 2610 MHz, 13365 MHz, 85.53 W, 600.00 W, 600.00 W, 60, 14740 MiB, 0 %, 5, 16
2026/09/25 12:42:14.322, 0, P1, 2610 MHz, 13365 MHz, 85.53 W, 600.00 W, 600.00 W, 60, 14740 MiB, 0 %, 5, 16
2026/09/25 12:42:14.573, 0, P1, 2610 MHz, 13365 MHz, 85.53 W, 600.00 W, 600.00 W, 60, 14740 MiB, 0 %, 5, 16
2026/09/25 12:42:14.823, 0, P1, 2610 MHz, 13365 MHz, 85.53 W, 600.00 W, 600.00 W, 60, 14740 MiB, 0 %, 5, 16
2026/09/25 12:42:15.074, 0, P1, 2610 MHz, 13365 MHz, 85.06 W, 600.00 W, 600.00 W, 60, 14740 MiB, 0 %, 5, 16
2026/09/25 12:42:15.325, 0, P1, 2610 MHz, 13365 MHz, 85.06 W, 600.00 W, 600.00 W, 60, 14740 MiB, 0 %, 5, 16
2026/09/25 12:42:15.576, 0, P1, 2610 MHz, 13365 MHz, 85.17 W, 600.00 W, 600.00 W, 60, 14740 MiB, 0 %, 5, 16
2026/09/25 12:42:15.826, 0, P1, 2610 MHz, 13365 MHz, 85.17 W, 600.00 W, 600.00 W, 60, 14740 MiB, 0 %, 5, 16
2026/09/25 12:42:16.077, 0, P1, 2610 MHz, 13365 MHz, 85.38 W, 600.00 W, 600.00 W, 59, 14740 MiB, 0 %, 5, 16
2026/09/25 12:42:16.328, 0, P1, 2610 MHz, 13365 MHz, 85.38 W, 600.00 W, 600.00 W, 59, 14740 MiB, 0 %, 5, 16
2026/09/25 12:42:16.578, 0, P1, 2610 MHz, 13365 MHz, 85.38 W, 600.00 W, 600.00 W, 59, 14740 MiB, 0 %, 5, 16
2026/09/25 12:42:16.829, 0, P1, 2610 MHz, 13365 MHz, 85.38 W, 600.00 W, 600.00 W, 59, 16052 MiB, 0 %, 5, 16
2026/09/25 12:42:17.079, 0, P1, 2617 MHz, 13365 MHz, 115.80 W, 600.00 W, 600.00 W, 65, 16820 MiB, 99 %, 5, 16
2026/09/25 12:42:17.330, 0, P1, 2617 MHz, 13365 MHz, 115.80 W, 600.00 W, 600.00 W, 65, 16820 MiB, 99 %, 5, 16
2026/09/25 12:42:17.581, 0, P1, 2820 MHz, 13365 MHz, 202.11 W, 600.00 W, 600.00 W, 67, 16820 MiB, 100 %, 5, 16
2026/09/25 12:42:17.831, 0, P1, 2820 MHz, 13365 MHz, 202.11 W, 600.00 W, 600.00 W, 67, 16820 MiB, 100 %, 5, 16
2026/09/25 12:42:18.082, 0, P1, 2820 MHz, 13365 MHz, 427.70 W, 600.00 W, 600.00 W, 67, 16820 MiB, 100 %, 5, 16
2026/09/25 12:42:18.335, 0, P1, 2820 MHz, 13365 MHz, 427.70 W, 600.00 W, 600.00 W, 67, 16820 MiB, 100 %, 5, 16
2026/09/25 12:42:18.586, 0, P1, 2827 MHz, 13365 MHz, 461.89 W, 600.00 W, 600.00 W, 68, 16820 MiB, 100 %, 5, 16
2026/09/25 12:42:18.837, 0, P1, 2827 MHz, 13365 MHz, 461.89 W, 600.00 W, 600.00 W, 68, 16820 MiB, 100 %, 5, 16
2026/09/25 12:42:19.087, 0, P1, 2835 MHz, 13365 MHz, 477.02 W, 600.00 W, 600.00 W, 69, 16820 MiB, 100 %, 5, 16
2026/09/25 12:42:19.338, 0, P1, 2835 MHz, 13365 MHz, 477.02 W, 600.00 W, 600.00 W, 69, 16820 MiB, 100 %, 5, 16
2026/09/25 12:42:19.589, 0, P1, 2820 MHz, 13365 MHz, 476.74 W, 600.00 W, 600.00 W, 68, 17108 MiB, 99 %, 5, 16
2026/09/25 12:42:19.840, 0, P1, 2820 MHz, 13365 MHz, 476.74 W, 600.00 W, 600.00 W, 68, 17108 MiB, 99 %, 5, 16
2026/09/25 12:42:20.090, 0, P1, 2820 MHz, 13365 MHz, 457.67 W, 600.00 W, 600.00 W, 68, 17108 MiB, 100 %, 5, 16
2026/09/25 12:42:20.341, 0, P1, 2820 MHz, 13365 MHz, 457.67 W, 600.00 W, 600.00 W, 68, 17108 MiB, 100 %, 5, 16
2026/09/25 12:42:20.592, 0, P1, 2827 MHz, 13365 MHz, 456.41 W, 600.00 W, 600.00 W, 69, 17108 MiB, 100 %, 5, 16
2026/09/25 12:42:20.843, 0, P1, 2827 MHz, 13365 MHz, 456.41 W, 600.00 W, 600.00 W, 69, 17108 MiB, 100 %, 5, 16
2026/09/25 12:42:21.094, 0, P1, 2835 MHz, 13365 MHz, 479.33 W, 600.00 W, 600.00 W, 69, 17108 MiB, 100 %, 5, 16
2026/09/25 12:42:21.344, 0, P1, 2835 MHz, 13365 MHz, 479.33 W, 600.00 W, 600.00 W, 69, 17108 MiB, 100 %, 5, 16
2026/09/25 12:42:21.595, 0, P1, 2820 MHz, 13365 MHz, 480.12 W, 600.00 W, 600.00 W, 69, 17108 MiB, 100 %, 5, 16
2026/09/25 12:42:21.846, 0, P1, 2820 MHz, 13365 MHz, 480.12 W, 600.00 W, 600.00 W, 69, 17108 MiB, 100 %, 5, 16
2026/09/25 12:42:22.097, 0, P1, 2820 MHz, 13365 MHz, 464.32 W, 600.00 W, 600.00 W, 68, 17108 MiB, 100 %, 5, 16
2026/09/25 12:42:22.348, 0, P1, 2820 MHz, 13365 MHz, 464.32 W, 600.00 W, 600.00 W, 68, 17108 MiB, 100 %, 5, 16
2026/09/25 12:42:22.599, 0, P1, 2827 MHz, 13365 MHz, 464.79 W, 600.00 W, 600.00 W, 69, 17108 MiB, 100 %, 5, 16
2026/09/25 12:42:22.849, 0, P1, 2827 MHz, 13365 MHz, 464.79 W, 600.00 W, 600.00 W, 69, 17108 MiB, 100 %, 5, 16
2026/09/25 12:42:23.100, 0, P1, 2835 MHz, 13365 MHz, 482.11 W, 600.00 W, 600.00 W, 70, 17108 MiB, 100 %, 5, 16
2026/09/25 12:42:23.351, 0, P1, 2835 MHz, 13365 MHz, 482.11 W, 600.00 W, 600.00 W, 70, 17108 MiB, 100 %, 5, 16
2026/09/25 12:42:23.602, 0, P1, 2820 MHz, 13365 MHz, 480.27 W, 600.00 W, 600.00 W, 69, 17108 MiB, 99 %, 5, 16
2026/09/25 12:42:23.853, 0, P1, 2820 MHz, 13365 MHz, 480.27 W, 600.00 W, 600.00 W, 69, 17108 MiB, 99 %, 5, 16
2026/09/25 12:42:24.104, 0, P1, 2820 MHz, 13365 MHz, 459.49 W, 600.00 W, 600.00 W, 69, 17108 MiB, 100 %, 5, 16
2026/09/25 12:42:24.355, 0, P1, 2820 MHz, 13365 MHz, 459.49 W, 600.00 W, 600.00 W, 69, 17108 MiB, 100 %, 5, 16
2026/09/25 12:42:24.605, 0, P1, 2827 MHz, 13365 MHz, 458.18 W, 600.00 W, 600.00 W, 70, 17108 MiB, 100 %, 5, 16
2026/09/25 12:42:24.856, 0, P1, 2827 MHz, 13365 MHz, 458.18 W, 600.00 W, 600.00 W, 70, 17108 MiB, 100 %, 5, 16
2026/09/25 12:42:25.107, 0, P1, 2835 MHz, 13365 MHz, 478.82 W, 600.00 W, 600.00 W, 70, 17108 MiB, 100 %, 5, 16
2026/09/25 12:42:25.358, 0, P1, 2835 MHz, 13365 MHz, 478.82 W, 600.00 W, 600.00 W, 70, 17108 MiB, 100 %, 5, 16
2026/09/25 12:42:25.609, 0, P1, 2820 MHz, 13365 MHz, 481.08 W, 600.00 W, 600.00 W, 70, 17108 MiB, 100 %, 5, 16
2026/09/25 12:42:25.860, 0, P1, 2820 MHz, 13365 MHz, 481.08 W, 600.00 W, 600.00 W, 70, 17108 MiB, 100 %, 5, 16
2026/09/25 12:42:26.111, 0, P1, 2820 MHz, 13365 MHz, 463.15 W, 600.00 W, 600.00 W, 69, 17108 MiB, 100 %, 5, 16
2026/09/25 12:42:26.362, 0, P1, 2820 MHz, 13365 MHz, 463.15 W, 600.00 W, 600.00 W, 69, 17108 MiB, 100 %, 5, 16
2026/09/25 12:42:26.613, 0, P1, 2827 MHz, 13365 MHz, 466.25 W, 600.00 W, 600.00 W, 70, 17108 MiB, 100 %, 5, 16
2026/09/25 12:42:26.864, 0, P1, 2827 MHz, 13365 MHz, 466.25 W, 600.00 W, 600.00 W, 70, 17108 MiB, 100 %, 5, 16
2026/09/25 12:42:27.114, 0, P1, 2835 MHz, 13365 MHz, 484.23 W, 600.00 W, 600.00 W, 70, 17108 MiB, 100 %, 5, 16
2026/09/25 12:42:27.365, 0, P1, 2835 MHz, 13365 MHz, 484.23 W, 600.00 W, 600.00 W, 70, 17108 MiB, 100 %, 5, 16
2026/09/25 12:42:27.616, 0, P1, 2820 MHz, 13365 MHz, 481.25 W, 600.00 W, 600.00 W, 70, 17108 MiB, 99 %, 5, 16
2026/09/25 12:42:27.867, 0, P1, 2820 MHz, 13365 MHz, 481.25 W, 600.00 W, 600.00 W, 70, 17108 MiB, 99 %, 5, 16
2026/09/25 12:42:28.118, 0, P1, 2820 MHz, 13365 MHz, 459.50 W, 600.00 W, 600.00 W, 70, 17108 MiB, 100 %, 5, 16
2026/09/25 12:42:28.369, 0, P1, 2820 MHz, 13365 MHz, 459.50 W, 600.00 W, 600.00 W, 70, 17108 MiB, 100 %, 5, 16
2026/09/25 12:42:28.620, 0, P1, 2827 MHz, 13365 MHz, 462.03 W, 600.00 W, 600.00 W, 70, 17108 MiB, 100 %, 5, 16
2026/09/25 12:42:28.871, 0, P1, 2827 MHz, 13365 MHz, 462.03 W, 600.00 W, 600.00 W, 70, 17108 MiB, 100 %, 5, 16
2026/09/25 12:42:29.122, 0, P1, 2835 MHz, 13365 MHz, 480.89 W, 600.00 W, 600.00 W, 71, 17108 MiB, 100 %, 5, 16
2026/09/25 12:42:29.373, 0, P1, 2835 MHz, 13365 MHz, 480.89 W, 600.00 W, 600.00 W, 71, 17108 MiB, 100 %, 5, 16
2026/09/25 12:42:29.623, 0, P1, 2820 MHz, 13365 MHz, 482.70 W, 600.00 W, 600.00 W, 70, 17108 MiB, 100 %, 5, 16
2026/09/25 12:42:29.874, 0, P1, 2820 MHz, 13365 MHz, 482.70 W, 600.00 W, 600.00 W, 70, 17108 MiB, 100 %, 5, 16
2026/09/25 12:42:30.125, 0, P1, 2820 MHz, 13365 MHz, 467.62 W, 600.00 W, 600.00 W, 70, 17108 MiB, 100 %, 5, 16
2026/09/25 12:42:30.376, 0, P1, 2820 MHz, 13365 MHz, 467.62 W, 600.00 W, 600.00 W, 70, 17108 MiB, 100 %, 5, 16
2026/09/25 12:42:30.627, 0, P1, 2827 MHz, 13365 MHz, 468.21 W, 600.00 W, 600.00 W, 71, 17108 MiB, 100 %, 5, 16
2026/09/25 12:42:30.878, 0, P1, 2827 MHz, 13365 MHz, 468.21 W, 600.00 W, 600.00 W, 71, 17108 MiB, 100 %, 5, 16
2026/09/25 12:42:31.128, 0, P1, 2835 MHz, 13365 MHz, 485.90 W, 600.00 W, 600.00 W, 71, 17108 MiB, 100 %, 5, 16
2026/09/25 12:42:31.379, 0, P1, 2835 MHz, 13365 MHz, 485.90 W, 600.00 W, 600.00 W, 71, 17108 MiB, 100 %, 5, 16
2026/09/25 12:42:31.630, 0, P1, 2820 MHz, 13365 MHz, 482.01 W, 600.00 W, 600.00 W, 70, 17108 MiB, 99 %, 5, 16
2026/09/25 12:42:31.881, 0, P1, 2820 MHz, 13365 MHz, 482.01 W, 600.00 W, 600.00 W, 70, 17108 MiB, 99 %, 5, 16
2026/09/25 12:42:32.131, 0, P1, 2820 MHz, 13365 MHz, 463.08 W, 600.00 W, 600.00 W, 70, 17108 MiB, 100 %, 5, 16
2026/09/25 12:42:32.382, 0, P1, 2820 MHz, 13365 MHz, 463.08 W, 600.00 W, 600.00 W, 70, 17108 MiB, 100 %, 5, 16
2026/09/25 12:42:32.633, 0, P1, 2827 MHz, 13365 MHz, 462.56 W, 600.00 W, 600.00 W, 71, 17108 MiB, 100 %, 5, 16
2026/09/25 12:42:32.884, 0, P1, 2827 MHz, 13365 MHz, 462.56 W, 600.00 W, 600.00 W, 71, 17108 MiB, 100 %, 5, 16
2026/09/25 12:42:33.135, 0, P1, 2835 MHz, 13365 MHz, 484.67 W, 600.00 W, 600.00 W, 71, 17108 MiB, 100 %, 5, 16
2026/09/25 12:42:33.386, 0, P1, 2835 MHz, 13365 MHz, 484.67 W, 600.00 W, 600.00 W, 71, 17108 MiB, 100 %, 5, 16
2026/09/25 12:42:33.637, 0, P1, 2820 MHz, 13365 MHz, 483.37 W, 600.00 W, 600.00 W, 71, 17108 MiB, 100 %, 5, 16
2026/09/25 12:42:33.888, 0, P1, 2820 MHz, 13365 MHz, 483.37 W, 600.00 W, 600.00 W, 71, 17108 MiB, 100 %, 5, 16
2026/09/25 12:42:34.138, 0, P1, 2820 MHz, 13365 MHz, 465.31 W, 600.00 W, 600.00 W, 70, 17108 MiB, 100 %, 5, 16
2026/09/25 12:42:34.389, 0, P1, 2820 MHz, 13365 MHz, 465.31 W, 600.00 W, 600.00 W, 70, 17108 MiB, 100 %, 5, 16
2026/09/25 12:42:34.640, 0, P1, 2827 MHz, 13365 MHz, 468.81 W, 600.00 W, 600.00 W, 71, 17108 MiB, 100 %, 5, 16
2026/09/25 12:42:34.891, 0, P1, 2827 MHz, 13365 MHz, 468.81 W, 600.00 W, 600.00 W, 71, 17108 MiB, 100 %, 5, 16
2026/09/25 12:42:35.142, 0, P1, 2835 MHz, 13365 MHz, 483.83 W, 600.00 W, 600.00 W, 71, 17108 MiB, 100 %, 5, 16
2026/09/25 12:42:35.393, 0, P1, 2835 MHz, 13365 MHz, 483.83 W, 600.00 W, 600.00 W, 71, 17108 MiB, 100 %, 5, 16
2026/09/25 12:42:35.643, 0, P1, 2835 MHz, 13365 MHz, 483.17 W, 600.00 W, 600.00 W, 71, 17108 MiB, 99 %, 5, 16
2026/09/25 12:42:35.894, 0, P1, 2835 MHz, 13365 MHz, 483.17 W, 600.00 W, 600.00 W, 71, 17108 MiB, 99 %, 5, 16
2026/09/25 12:42:36.145, 0, P1, 2820 MHz, 13365 MHz, 464.26 W, 600.00 W, 600.00 W, 71, 17108 MiB, 100 %, 5, 16
2026/09/25 12:42:36.396, 0, P1, 2820 MHz, 13365 MHz, 464.26 W, 600.00 W, 600.00 W, 71, 17108 MiB, 100 %, 5, 16
2026/09/25 12:42:36.647, 0, P1, 2827 MHz, 13365 MHz, 463.76 W, 600.00 W, 600.00 W, 72, 17108 MiB, 100 %, 5, 16
2026/09/25 12:42:36.898, 0, P1, 2827 MHz, 13365 MHz, 463.76 W, 600.00 W, 600.00 W, 72, 17108 MiB, 100 %, 5, 16
2026/09/25 12:42:37.149, 0, P1, 2835 MHz, 13365 MHz, 483.44 W, 600.00 W, 600.00 W, 72, 17108 MiB, 100 %, 5, 16
2026/09/25 12:42:37.399, 0, P1, 2835 MHz, 13365 MHz, 483.44 W, 600.00 W, 600.00 W, 72, 17108 MiB, 100 %, 5, 16
2026/09/25 12:42:37.650, 0, P1, 2820 MHz, 13365 MHz, 485.94 W, 600.00 W, 600.00 W, 71, 17108 MiB, 100 %, 5, 16
2026/09/25 12:42:37.901, 0, P1, 2820 MHz, 13365 MHz, 485.94 W, 600.00 W, 600.00 W, 71, 17108 MiB, 100 %, 5, 16
2026/09/25 12:42:38.152, 0, P1, 2820 MHz, 13365 MHz, 462.47 W, 600.00 W, 600.00 W, 71, 17108 MiB, 100 %, 5, 16
2026/09/25 12:42:38.403, 0, P1, 2820 MHz, 13365 MHz, 462.47 W, 600.00 W, 600.00 W, 71, 17108 MiB, 100 %, 5, 16
2026/09/25 12:42:38.654, 0, P1, 2827 MHz, 13365 MHz, 463.81 W, 600.00 W, 600.00 W, 72, 17108 MiB, 100 %, 5, 16
2026/09/25 12:42:38.905, 0, P1, 2827 MHz, 13365 MHz, 463.81 W, 600.00 W, 600.00 W, 72, 17108 MiB, 100 %, 5, 16
2026/09/25 12:42:39.156, 0, P1, 2835 MHz, 13365 MHz, 482.45 W, 600.00 W, 600.00 W, 72, 17108 MiB, 100 %, 5, 16
2026/09/25 12:42:39.407, 0, P1, 2835 MHz, 13365 MHz, 482.45 W, 600.00 W, 600.00 W, 72, 17108 MiB, 100 %, 5, 16
2026/09/25 12:42:39.657, 0, P1, 2827 MHz, 13365 MHz, 486.00 W, 600.00 W, 600.00 W, 72, 17108 MiB, 100 %, 5, 16
2026/09/25 12:42:39.908, 0, P1, 2827 MHz, 13365 MHz, 486.00 W, 600.00 W, 600.00 W, 72, 17108 MiB, 100 %, 5, 16
2026/09/25 12:42:40.159, 0, P1, 2820 MHz, 13365 MHz, 468.98 W, 600.00 W, 600.00 W, 71, 17108 MiB, 100 %, 5, 16
2026/09/25 12:42:40.410, 0, P1, 2820 MHz, 13365 MHz, 468.98 W, 600.00 W, 600.00 W, 71, 17108 MiB, 100 %, 5, 16
2026/09/25 12:42:40.661, 0, P1, 2827 MHz, 13365 MHz, 470.75 W, 600.00 W, 600.00 W, 72, 17108 MiB, 100 %, 5, 16
2026/09/25 12:42:40.912, 0, P1, 2827 MHz, 13365 MHz, 470.75 W, 600.00 W, 600.00 W, 72, 17108 MiB, 100 %, 5, 16
2026/09/25 12:42:41.162, 0, P1, 2835 MHz, 13365 MHz, 484.97 W, 600.00 W, 600.00 W, 72, 17108 MiB, 100 %, 5, 16
2026/09/25 12:42:41.413, 0, P1, 2835 MHz, 13365 MHz, 484.97 W, 600.00 W, 600.00 W, 72, 17108 MiB, 100 %, 5, 16
2026/09/25 12:42:41.664, 0, P1, 2827 MHz, 13365 MHz, 487.27 W, 600.00 W, 600.00 W, 72, 17108 MiB, 100 %, 5, 16
2026/09/25 12:42:41.915, 0, P1, 2827 MHz, 13365 MHz, 487.27 W, 600.00 W, 600.00 W, 72, 17108 MiB, 100 %, 5, 16
2026/09/25 12:42:42.165, 0, P1, 2820 MHz, 13365 MHz, 463.58 W, 600.00 W, 600.00 W, 71, 17108 MiB, 100 %, 5, 16
2026/09/25 12:42:42.416, 0, P1, 2820 MHz, 13365 MHz, 463.58 W, 600.00 W, 600.00 W, 71, 17108 MiB, 100 %, 5, 16
2026/09/25 12:42:42.667, 0, P1, 2827 MHz, 13365 MHz, 463.43 W, 600.00 W, 600.00 W, 72, 17108 MiB, 100 %, 5, 16
2026/09/25 12:42:42.918, 0, P1, 2827 MHz, 13365 MHz, 463.43 W, 600.00 W, 600.00 W, 72, 17108 MiB, 100 %, 5, 16
2026/09/25 12:42:43.169, 0, P1, 2835 MHz, 13365 MHz, 485.75 W, 600.00 W, 600.00 W, 72, 17108 MiB, 100 %, 5, 16
2026/09/25 12:42:43.420, 0, P1, 2835 MHz, 13365 MHz, 485.75 W, 600.00 W, 600.00 W, 72, 17108 MiB, 100 %, 5, 16
2026/09/25 12:42:43.671, 0, P1, 2827 MHz, 13365 MHz, 486.80 W, 600.00 W, 600.00 W, 72, 17108 MiB, 100 %, 5, 16
2026/09/25 12:42:43.922, 0, P1, 2827 MHz, 13365 MHz, 486.80 W, 600.00 W, 600.00 W, 72, 17108 MiB, 100 %, 5, 16
2026/09/25 12:42:44.172, 0, P1, 2820 MHz, 13365 MHz, 469.27 W, 600.00 W, 600.00 W, 72, 17108 MiB, 100 %, 5, 16
2026/09/25 12:42:44.423, 0, P1, 2820 MHz, 13365 MHz, 469.27 W, 600.00 W, 600.00 W, 72, 17108 MiB, 100 %, 5, 16
2026/09/25 12:42:44.674, 0, P1, 2827 MHz, 13365 MHz, 470.61 W, 600.00 W, 600.00 W, 72, 17108 MiB, 100 %, 5, 16
2026/09/25 12:42:44.925, 0, P1, 2827 MHz, 13365 MHz, 470.61 W, 600.00 W, 600.00 W, 72, 17108 MiB, 100 %, 5, 16
2026/09/25 12:42:45.176, 0, P1, 2835 MHz, 13365 MHz, 484.43 W, 600.00 W, 600.00 W, 73, 17108 MiB, 100 %, 5, 16
2026/09/25 12:42:45.427, 0, P1, 2835 MHz, 13365 MHz, 484.43 W, 600.00 W, 600.00 W, 73, 17108 MiB, 100 %, 5, 16
2026/09/25 12:42:45.677, 0, P1, 2820 MHz, 13365 MHz, 486.97 W, 600.00 W, 600.00 W, 72, 17108 MiB, 100 %, 5, 16
2026/09/25 12:42:45.929, 0, P1, 2820 MHz, 13365 MHz, 486.97 W, 600.00 W, 600.00 W, 72, 17108 MiB, 100 %, 5, 16
2026/09/25 12:42:46.179, 0, P1, 2820 MHz, 13365 MHz, 463.92 W, 600.00 W, 600.00 W, 72, 17108 MiB, 100 %, 5, 16
2026/09/25 12:42:46.430, 0, P1, 2820 MHz, 13365 MHz, 463.92 W, 600.00 W, 600.00 W, 72, 17108 MiB, 100 %, 5, 16
2026/09/25 12:42:46.681, 0, P1, 2827 MHz, 13365 MHz, 464.34 W, 600.00 W, 600.00 W, 73, 17108 MiB, 100 %, 5, 16
2026/09/25 12:42:46.932, 0, P1, 2827 MHz, 13365 MHz, 464.34 W, 600.00 W, 600.00 W, 73, 17108 MiB, 100 %, 5, 16
2026/09/25 12:42:47.183, 0, P1, 2835 MHz, 13365 MHz, 484.13 W, 600.00 W, 600.00 W, 73, 17108 MiB, 100 %, 5, 16
2026/09/25 12:42:47.434, 0, P1, 2835 MHz, 13365 MHz, 484.13 W, 600.00 W, 600.00 W, 73, 17108 MiB, 100 %, 5, 16
2026/09/25 12:42:47.685, 0, P1, 2827 MHz, 13365 MHz, 487.26 W, 600.00 W, 600.00 W, 72, 17108 MiB, 100 %, 5, 16
2026/09/25 12:42:47.935, 0, P1, 2827 MHz, 13365 MHz, 487.26 W, 600.00 W, 600.00 W, 72, 17108 MiB, 100 %, 5, 16
2026/09/25 12:42:48.186, 0, P1, 2820 MHz, 13365 MHz, 470.16 W, 600.00 W, 600.00 W, 72, 17108 MiB, 100 %, 5, 16
2026/09/25 12:42:48.437, 0, P1, 2820 MHz, 13365 MHz, 470.16 W, 600.00 W, 600.00 W, 72, 17108 MiB, 100 %, 5, 16
2026/09/25 12:42:48.688, 0, P1, 2827 MHz, 13365 MHz, 471.73 W, 600.00 W, 600.00 W, 73, 17108 MiB, 100 %, 5, 16
2026/09/25 12:42:48.939, 0, P1, 2827 MHz, 13365 MHz, 471.73 W, 600.00 W, 600.00 W, 73, 17108 MiB, 100 %, 5, 16
2026/09/25 12:42:49.190, 0, P1, 2835 MHz, 13365 MHz, 485.63 W, 600.00 W, 600.00 W, 73, 17108 MiB, 100 %, 5, 16
2026/09/25 12:42:49.441, 0, P1, 2835 MHz, 13365 MHz, 485.63 W, 600.00 W, 600.00 W, 73, 17108 MiB, 100 %, 5, 16
2026/09/25 12:42:49.691, 0, P1, 2820 MHz, 13365 MHz, 488.66 W, 600.00 W, 600.00 W, 73, 17108 MiB, 100 %, 5, 16
2026/09/25 12:42:49.942, 0, P1, 2820 MHz, 13365 MHz, 488.66 W, 600.00 W, 600.00 W, 73, 17108 MiB, 100 %, 5, 16
2026/09/25 12:42:50.193, 0, P1, 2820 MHz, 13365 MHz, 465.94 W, 600.00 W, 600.00 W, 72, 17108 MiB, 100 %, 5, 16
2026/09/25 12:42:50.444, 0, P1, 2820 MHz, 13365 MHz, 465.94 W, 600.00 W, 600.00 W, 72, 17108 MiB, 100 %, 5, 16
2026/09/25 12:42:50.694, 0, P1, 2827 MHz, 13365 MHz, 467.04 W, 600.00 W, 600.00 W, 73, 17108 MiB, 100 %, 5, 16
2026/09/25 12:42:50.945, 0, P1, 2827 MHz, 13365 MHz, 467.04 W, 600.00 W, 600.00 W, 73, 17108 MiB, 100 %, 5, 16
2026/09/25 12:42:51.196, 0, P1, 2835 MHz, 13365 MHz, 485.83 W, 600.00 W, 600.00 W, 73, 17108 MiB, 100 %, 5, 16
2026/09/25 12:42:51.447, 0, P1, 2827 MHz, 13365 MHz, 490.74 W, 600.00 W, 600.00 W, 73, 17108 MiB, 100 %, 5, 16
2026/09/25 12:42:51.698, 0, P1, 2827 MHz, 13365 MHz, 490.74 W, 600.00 W, 600.00 W, 73, 17108 MiB, 100 %, 5, 16
2026/09/25 12:42:51.949, 0, P1, 2820 MHz, 13365 MHz, 473.03 W, 600.00 W, 600.00 W, 72, 17108 MiB, 100 %, 5, 16
2026/09/25 12:42:52.200, 0, P1, 2820 MHz, 13365 MHz, 473.03 W, 600.00 W, 600.00 W, 72, 17108 MiB, 100 %, 5, 16
2026/09/25 12:42:52.451, 0, P1, 2827 MHz, 13365 MHz, 473.67 W, 600.00 W, 600.00 W, 73, 17108 MiB, 100 %, 5, 16
2026/09/25 12:42:52.702, 0, P1, 2827 MHz, 13365 MHz, 473.67 W, 600.00 W, 600.00 W, 73, 17108 MiB, 100 %, 5, 16
2026/09/25 12:42:52.953, 0, P1, 2835 MHz, 13365 MHz, 487.67 W, 600.00 W, 600.00 W, 73, 17108 MiB, 100 %, 5, 16
2026/09/25 12:42:53.204, 0, P1, 2835 MHz, 13365 MHz, 487.67 W, 600.00 W, 600.00 W, 73, 17108 MiB, 100 %, 5, 16
2026/09/25 12:42:53.455, 0, P1, 2820 MHz, 13365 MHz, 489.63 W, 600.00 W, 600.00 W, 73, 17108 MiB, 100 %, 5, 16
2026/09/25 12:42:53.705, 0, P1, 2820 MHz, 13365 MHz, 489.63 W, 600.00 W, 600.00 W, 73, 17108 MiB, 100 %, 5, 16
2026/09/25 12:42:53.956, 0, P1, 2820 MHz, 13365 MHz, 469.10 W, 600.00 W, 600.00 W, 73, 17108 MiB, 100 %, 5, 16
2026/09/25 12:42:54.207, 0, P1, 2820 MHz, 13365 MHz, 469.10 W, 600.00 W, 600.00 W, 73, 17108 MiB, 100 %, 5, 16
2026/09/25 12:42:54.458, 0, P1, 2827 MHz, 13365 MHz, 467.53 W, 600.00 W, 600.00 W, 74, 17108 MiB, 100 %, 5, 16
2026/09/25 12:42:54.708, 0, P1, 2827 MHz, 13365 MHz, 467.53 W, 600.00 W, 600.00 W, 74, 17108 MiB, 100 %, 5, 16
2026/09/25 12:42:54.959, 0, P1, 2835 MHz, 13365 MHz, 489.11 W, 600.00 W, 600.00 W, 74, 17108 MiB, 100 %, 5, 16
2026/09/25 12:42:55.210, 0, P1, 2835 MHz, 13365 MHz, 489.11 W, 600.00 W, 600.00 W, 74, 17108 MiB, 100 %, 5, 16
2026/09/25 12:42:55.461, 0, P1, 2812 MHz, 13365 MHz, 490.39 W, 600.00 W, 600.00 W, 73, 17108 MiB, 100 %, 5, 16
2026/09/25 12:42:55.712, 0, P1, 2812 MHz, 13365 MHz, 490.39 W, 600.00 W, 600.00 W, 73, 17108 MiB, 100 %, 5, 16
2026/09/25 12:42:55.963, 0, P1, 2812 MHz, 13365 MHz, 471.96 W, 600.00 W, 600.00 W, 73, 17108 MiB, 100 %, 5, 16
2026/09/25 12:42:56.214, 0, P1, 2812 MHz, 13365 MHz, 471.96 W, 600.00 W, 600.00 W, 73, 17108 MiB, 100 %, 5, 16
2026/09/25 12:42:56.465, 0, P1, 2827 MHz, 13365 MHz, 473.20 W, 600.00 W, 600.00 W, 74, 17108 MiB, 100 %, 5, 16
2026/09/25 12:42:56.715, 0, P1, 2827 MHz, 13365 MHz, 473.20 W, 600.00 W, 600.00 W, 74, 17108 MiB, 100 %, 5, 16
2026/09/25 12:42:56.966, 0, P1, 2820 MHz, 13365 MHz, 488.30 W, 600.00 W, 600.00 W, 74, 17108 MiB, 100 %, 5, 16
2026/09/25 12:42:57.217, 0, P1, 2820 MHz, 13365 MHz, 488.30 W, 600.00 W, 600.00 W, 74, 2 MiB, 100 %, 5, 16
2026/09/25 12:42:57.468, 0, P0, 2835 MHz, 14001 MHz, 391.35 W, 600.00 W, 600.00 W, 67, 2 MiB, 0 %, 5, 16
2026/09/25 12:42:57.719, 0, P0, 2835 MHz, 14001 MHz, 391.35 W, 600.00 W, 600.00 W, 67, 2 MiB, 0 %, 5, 16
2026/09/25 12:42:57.970, 0, P0, 2835 MHz, 14001 MHz, 215.68 W, 600.00 W, 600.00 W, 66, 2 MiB, 0 %, 5, 16
2026/09/25 12:42:58.220, 0, P0, 2835 MHz, 14001 MHz, 215.68 W, 600.00 W, 600.00 W, 66, 2 MiB, 0 %, 5, 16
2026/09/25 12:42:58.473, 0, P1, 2835 MHz, 14001 MHz, 118.33 W, 600.00 W, 600.00 W, 65, 596 MiB, 1 %, 5, 16
2026/09/25 12:42:58.724, 0, P1, 2835 MHz, 14001 MHz, 118.33 W, 600.00 W, 600.00 W, 65, 2068 MiB, 1 %, 5, 16
2026/09/25 12:42:58.974, 0, P1, 2835 MHz, 13365 MHz, 118.14 W, 600.00 W, 600.00 W, 65, 3092 MiB, 12 %, 5, 16
2026/09/25 12:42:59.225, 0, P1, 2835 MHz, 13365 MHz, 118.14 W, 600.00 W, 600.00 W, 65, 4052 MiB, 12 %, 5, 16
2026/09/25 12:42:59.475, 0, P1, 2617 MHz, 13365 MHz, 106.02 W, 600.00 W, 600.00 W, 64, 5044 MiB, 11 %, 5, 16
2026/09/25 12:42:59.726, 0, P1, 2617 MHz, 13365 MHz, 106.02 W, 600.00 W, 600.00 W, 64, 5972 MiB, 11 %, 5, 16
2026/09/25 12:42:59.976, 0, P1, 2617 MHz, 13365 MHz, 95.30 W, 600.00 W, 600.00 W, 64, 6868 MiB, 10 %, 5, 16
2026/09/25 12:43:00.227, 0, P1, 2617 MHz, 13365 MHz, 95.30 W, 600.00 W, 600.00 W, 64, 7828 MiB, 10 %, 5, 16
2026/09/25 12:43:00.477, 0, P1, 2617 MHz, 13365 MHz, 94.59 W, 600.00 W, 600.00 W, 63, 8756 MiB, 10 %, 5, 16
2026/09/25 12:43:00.728, 0, P1, 2617 MHz, 13365 MHz, 94.59 W, 600.00 W, 600.00 W, 63, 9684 MiB, 10 %, 5, 16
2026/09/25 12:43:00.978, 0, P1, 2617 MHz, 13365 MHz, 94.50 W, 600.00 W, 600.00 W, 63, 10580 MiB, 11 %, 5, 16
2026/09/25 12:43:01.229, 0, P1, 2617 MHz, 13365 MHz, 94.50 W, 600.00 W, 600.00 W, 63, 11508 MiB, 11 %, 5, 16
2026/09/25 12:43:01.479, 0, P1, 2617 MHz, 13365 MHz, 94.34 W, 600.00 W, 600.00 W, 63, 12468 MiB, 10 %, 5, 16
2026/09/25 12:43:01.730, 0, P1, 2617 MHz, 13365 MHz, 94.34 W, 600.00 W, 600.00 W, 63, 13364 MiB, 10 %, 5, 16
2026/09/25 12:43:01.981, 0, P1, 2617 MHz, 13365 MHz, 94.07 W, 600.00 W, 600.00 W, 63, 14260 MiB, 10 %, 5, 16
2026/09/25 12:43:02.231, 0, P1, 2617 MHz, 13365 MHz, 94.07 W, 600.00 W, 600.00 W, 63, 14740 MiB, 10 %, 5, 16
2026/09/25 12:43:02.482, 0, P1, 2617 MHz, 13365 MHz, 92.82 W, 600.00 W, 600.00 W, 62, 14740 MiB, 0 %, 5, 16
2026/09/25 12:43:02.732, 0, P1, 2617 MHz, 13365 MHz, 92.82 W, 600.00 W, 600.00 W, 62, 14740 MiB, 0 %, 5, 16
2026/09/25 12:43:02.982, 0, P1, 2610 MHz, 13365 MHz, 91.00 W, 600.00 W, 600.00 W, 62, 14740 MiB, 0 %, 5, 16
2026/09/25 12:43:03.233, 0, P1, 2610 MHz, 13365 MHz, 91.00 W, 600.00 W, 600.00 W, 62, 14740 MiB, 0 %, 5, 16
2026/09/25 12:43:03.483, 0, P1, 2610 MHz, 13365 MHz, 90.26 W, 600.00 W, 600.00 W, 62, 14740 MiB, 0 %, 5, 16
2026/09/25 12:43:03.734, 0, P1, 2610 MHz, 13365 MHz, 90.26 W, 600.00 W, 600.00 W, 62, 14740 MiB, 0 %, 5, 16
2026/09/25 12:43:03.984, 0, P1, 2610 MHz, 13365 MHz, 90.26 W, 600.00 W, 600.00 W, 62, 14740 MiB, 0 %, 5, 16
2026/09/25 12:43:04.234, 0, P1, 2610 MHz, 13365 MHz, 90.26 W, 600.00 W, 600.00 W, 62, 14740 MiB, 0 %, 5, 16
2026/09/25 12:43:04.485, 0, P1, 2610 MHz, 13365 MHz, 87.88 W, 600.00 W, 600.00 W, 62, 14740 MiB, 0 %, 5, 16
2026/09/25 12:43:04.735, 0, P1, 2610 MHz, 13365 MHz, 87.88 W, 600.00 W, 600.00 W, 62, 14740 MiB, 0 %, 5, 16
2026/09/25 12:43:04.986, 0, P1, 2610 MHz, 13365 MHz, 87.88 W, 600.00 W, 600.00 W, 62, 14740 MiB, 0 %, 5, 16
2026/09/25 12:43:05.236, 0, P1, 2610 MHz, 13365 MHz, 87.88 W, 600.00 W, 600.00 W, 62, 14740 MiB, 0 %, 5, 16
2026/09/25 12:43:05.486, 0, P1, 2610 MHz, 13365 MHz, 87.40 W, 600.00 W, 600.00 W, 61, 14740 MiB, 0 %, 5, 16
2026/09/25 12:43:05.737, 0, P1, 2610 MHz, 13365 MHz, 87.40 W, 600.00 W, 600.00 W, 61, 14740 MiB, 0 %, 5, 16
2026/09/25 12:43:05.987, 0, P1, 2610 MHz, 13365 MHz, 87.40 W, 600.00 W, 600.00 W, 61, 14740 MiB, 0 %, 5, 16
2026/09/25 12:43:06.237, 0, P1, 2610 MHz, 13365 MHz, 87.40 W, 600.00 W, 600.00 W, 61, 14740 MiB, 0 %, 5, 16
2026/09/25 12:43:06.488, 0, P1, 2610 MHz, 13365 MHz, 87.39 W, 600.00 W, 600.00 W, 61, 14740 MiB, 0 %, 5, 16
2026/09/25 12:43:06.738, 0, P1, 2610 MHz, 13365 MHz, 87.39 W, 600.00 W, 600.00 W, 61, 14740 MiB, 0 %, 5, 16
2026/09/25 12:43:06.989, 0, P1, 2610 MHz, 13365 MHz, 87.39 W, 600.00 W, 600.00 W, 61, 14740 MiB, 0 %, 5, 16
2026/09/25 12:43:07.239, 0, P1, 2610 MHz, 13365 MHz, 87.39 W, 600.00 W, 600.00 W, 61, 14740 MiB, 0 %, 5, 16
2026/09/25 12:43:07.489, 0, P1, 2610 MHz, 13365 MHz, 85.89 W, 600.00 W, 600.00 W, 60, 14740 MiB, 0 %, 5, 16
2026/09/25 12:43:07.740, 0, P1, 2610 MHz, 13365 MHz, 85.89 W, 600.00 W, 600.00 W, 60, 14740 MiB, 0 %, 5, 16
2026/09/25 12:43:07.990, 0, P1, 2610 MHz, 13365 MHz, 85.89 W, 600.00 W, 600.00 W, 60, 14740 MiB, 0 %, 5, 16
2026/09/25 12:43:08.240, 0, P1, 2610 MHz, 13365 MHz, 85.89 W, 600.00 W, 600.00 W, 60, 14740 MiB, 0 %, 5, 16
2026/09/25 12:43:08.491, 0, P1, 2610 MHz, 13365 MHz, 85.73 W, 600.00 W, 600.00 W, 60, 14740 MiB, 0 %, 5, 16
2026/09/25 12:43:08.742, 0, P1, 2610 MHz, 13365 MHz, 85.73 W, 600.00 W, 600.00 W, 60, 14740 MiB, 0 %, 5, 16
2026/09/25 12:43:08.993, 0, P1, 2610 MHz, 13365 MHz, 85.91 W, 600.00 W, 600.00 W, 60, 14740 MiB, 0 %, 5, 16
2026/09/25 12:43:09.244, 0, P1, 2610 MHz, 13365 MHz, 85.91 W, 600.00 W, 600.00 W, 60, 14740 MiB, 0 %, 5, 16
2026/09/25 12:43:09.495, 0, P1, 2610 MHz, 13365 MHz, 86.06 W, 600.00 W, 600.00 W, 59, 14740 MiB, 0 %, 5, 16
2026/09/25 12:43:09.745, 0, P1, 2610 MHz, 13365 MHz, 86.06 W, 600.00 W, 600.00 W, 59, 14740 MiB, 0 %, 5, 16
2026/09/25 12:43:09.996, 0, P1, 2610 MHz, 13365 MHz, 86.06 W, 600.00 W, 600.00 W, 59, 14740 MiB, 0 %, 5, 16
2026/09/25 12:43:10.247, 0, P1, 2610 MHz, 13365 MHz, 86.06 W, 600.00 W, 600.00 W, 59, 15892 MiB, 0 %, 5, 16
2026/09/25 12:43:10.497, 0, P1, 2610 MHz, 13365 MHz, 109.83 W, 600.00 W, 600.00 W, 65, 16372 MiB, 94 %, 5, 16
2026/09/25 12:43:10.748, 0, P1, 2610 MHz, 13365 MHz, 109.83 W, 600.00 W, 600.00 W, 65, 16820 MiB, 94 %, 5, 16
2026/09/25 12:43:10.999, 0, P1, 2820 MHz, 13365 MHz, 201.48 W, 600.00 W, 600.00 W, 67, 16820 MiB, 100 %, 5, 16
2026/09/25 12:43:11.250, 0, P1, 2820 MHz, 13365 MHz, 201.48 W, 600.00 W, 600.00 W, 67, 16820 MiB, 100 %, 5, 16
2026/09/25 12:43:11.500, 0, P1, 2820 MHz, 13365 MHz, 422.32 W, 600.00 W, 600.00 W, 67, 16820 MiB, 100 %, 5, 16
2026/09/25 12:43:11.751, 0, P1, 2820 MHz, 13365 MHz, 422.32 W, 600.00 W, 600.00 W, 67, 16820 MiB, 100 %, 5, 16
2026/09/25 12:43:12.002, 0, P1, 2827 MHz, 13365 MHz, 460.53 W, 600.00 W, 600.00 W, 68, 16820 MiB, 100 %, 5, 16
2026/09/25 12:43:12.253, 0, P1, 2827 MHz, 13365 MHz, 460.53 W, 600.00 W, 600.00 W, 68, 16820 MiB, 100 %, 5, 16
2026/09/25 12:43:12.504, 0, P1, 2835 MHz, 13365 MHz, 478.82 W, 600.00 W, 600.00 W, 69, 16820 MiB, 100 %, 5, 16
2026/09/25 12:43:12.755, 0, P1, 2835 MHz, 13365 MHz, 478.82 W, 600.00 W, 600.00 W, 69, 16820 MiB, 100 %, 5, 16
2026/09/25 12:43:13.006, 0, P1, 2820 MHz, 13365 MHz, 479.28 W, 600.00 W, 600.00 W, 68, 17108 MiB, 100 %, 5, 16
2026/09/25 12:43:13.257, 0, P1, 2820 MHz, 13365 MHz, 479.28 W, 600.00 W, 600.00 W, 68, 17108 MiB, 100 %, 5, 16
2026/09/25 12:43:13.508, 0, P1, 2820 MHz, 13365 MHz, 459.04 W, 600.00 W, 600.00 W, 68, 17108 MiB, 100 %, 5, 16
2026/09/25 12:43:13.758, 0, P1, 2820 MHz, 13365 MHz, 459.04 W, 600.00 W, 600.00 W, 68, 17108 MiB, 100 %, 5, 16
2026/09/25 12:43:14.009, 0, P1, 2820 MHz, 13365 MHz, 455.55 W, 600.00 W, 600.00 W, 69, 17108 MiB, 100 %, 5, 16
2026/09/25 12:43:14.260, 0, P1, 2820 MHz, 13365 MHz, 455.55 W, 600.00 W, 600.00 W, 69, 17108 MiB, 100 %, 5, 16
2026/09/25 12:43:14.511, 0, P1, 2835 MHz, 13365 MHz, 475.32 W, 600.00 W, 600.00 W, 69, 17108 MiB, 100 %, 5, 16
2026/09/25 12:43:14.762, 0, P1, 2835 MHz, 13365 MHz, 475.32 W, 600.00 W, 600.00 W, 69, 17108 MiB, 100 %, 5, 16
2026/09/25 12:43:15.013, 0, P1, 2827 MHz, 13365 MHz, 480.69 W, 600.00 W, 600.00 W, 69, 17108 MiB, 100 %, 5, 16
2026/09/25 12:43:15.264, 0, P1, 2827 MHz, 13365 MHz, 480.69 W, 600.00 W, 600.00 W, 69, 17108 MiB, 100 %, 5, 16
2026/09/25 12:43:15.515, 0, P1, 2820 MHz, 13365 MHz, 463.18 W, 600.00 W, 600.00 W, 68, 17108 MiB, 100 %, 5, 16
2026/09/25 12:43:15.765, 0, P1, 2820 MHz, 13365 MHz, 463.18 W, 600.00 W, 600.00 W, 68, 17108 MiB, 100 %, 5, 16
2026/09/25 12:43:16.016, 0, P1, 2827 MHz, 13365 MHz, 463.26 W, 600.00 W, 600.00 W, 69, 17108 MiB, 100 %, 5, 16
2026/09/25 12:43:16.267, 0, P1, 2827 MHz, 13365 MHz, 463.26 W, 600.00 W, 600.00 W, 69, 17108 MiB, 100 %, 5, 16
2026/09/25 12:43:16.518, 0, P1, 2835 MHz, 13365 MHz, 480.61 W, 600.00 W, 600.00 W, 70, 17108 MiB, 100 %, 5, 16
2026/09/25 12:43:16.769, 0, P1, 2835 MHz, 13365 MHz, 480.61 W, 600.00 W, 600.00 W, 70, 17108 MiB, 100 %, 5, 16
2026/09/25 12:43:17.020, 0, P1, 2820 MHz, 13365 MHz, 481.47 W, 600.00 W, 600.00 W, 69, 17108 MiB, 100 %, 5, 16
2026/09/25 12:43:17.271, 0, P1, 2820 MHz, 13365 MHz, 481.47 W, 600.00 W, 600.00 W, 69, 17108 MiB, 100 %, 5, 16
2026/09/25 12:43:17.522, 0, P1, 2820 MHz, 13365 MHz, 461.44 W, 600.00 W, 600.00 W, 69, 17108 MiB, 100 %, 5, 16
2026/09/25 12:43:17.773, 0, P1, 2820 MHz, 13365 MHz, 461.44 W, 600.00 W, 600.00 W, 69, 17108 MiB, 100 %, 5, 16
2026/09/25 12:43:18.024, 0, P1, 2820 MHz, 13365 MHz, 457.83 W, 600.00 W, 600.00 W, 70, 17108 MiB, 100 %, 5, 16
2026/09/25 12:43:18.274, 0, P1, 2820 MHz, 13365 MHz, 457.83 W, 600.00 W, 600.00 W, 70, 17108 MiB, 100 %, 5, 16
2026/09/25 12:43:18.526, 0, P1, 2835 MHz, 13365 MHz, 477.93 W, 600.00 W, 600.00 W, 70, 17108 MiB, 100 %, 5, 16
2026/09/25 12:43:18.776, 0, P1, 2835 MHz, 13365 MHz, 477.93 W, 600.00 W, 600.00 W, 70, 17108 MiB, 100 %, 5, 16
2026/09/25 12:43:19.027, 0, P1, 2827 MHz, 13365 MHz, 482.72 W, 600.00 W, 600.00 W, 70, 17108 MiB, 100 %, 5, 16
2026/09/25 12:43:19.278, 0, P1, 2827 MHz, 13365 MHz, 482.72 W, 600.00 W, 600.00 W, 70, 17108 MiB, 100 %, 5, 16
2026/09/25 12:43:19.529, 0, P1, 2820 MHz, 13365 MHz, 464.83 W, 600.00 W, 600.00 W, 69, 17108 MiB, 100 %, 5, 16
2026/09/25 12:43:19.780, 0, P1, 2820 MHz, 13365 MHz, 464.83 W, 600.00 W, 600.00 W, 69, 17108 MiB, 100 %, 5, 16
2026/09/25 12:43:20.031, 0, P1, 2827 MHz, 13365 MHz, 465.14 W, 600.00 W, 600.00 W, 70, 17108 MiB, 100 %, 5, 16
2026/09/25 12:43:20.282, 0, P1, 2827 MHz, 13365 MHz, 465.14 W, 600.00 W, 600.00 W, 70, 17108 MiB, 100 %, 5, 16
2026/09/25 12:43:20.533, 0, P1, 2835 MHz, 13365 MHz, 479.76 W, 600.00 W, 600.00 W, 70, 17108 MiB, 100 %, 5, 16
2026/09/25 12:43:20.783, 0, P1, 2835 MHz, 13365 MHz, 479.76 W, 600.00 W, 600.00 W, 70, 17108 MiB, 100 %, 5, 16
2026/09/25 12:43:21.034, 0, P1, 2820 MHz, 13365 MHz, 483.53 W, 600.00 W, 600.00 W, 70, 17108 MiB, 100 %, 5, 16
2026/09/25 12:43:21.285, 0, P1, 2820 MHz, 13365 MHz, 483.53 W, 600.00 W, 600.00 W, 70, 17108 MiB, 100 %, 5, 16
2026/09/25 12:43:21.536, 0, P1, 2820 MHz, 13365 MHz, 460.88 W, 600.00 W, 600.00 W, 70, 17108 MiB, 100 %, 5, 16
2026/09/25 12:43:21.787, 0, P1, 2820 MHz, 13365 MHz, 460.88 W, 600.00 W, 600.00 W, 70, 17108 MiB, 100 %, 5, 16
2026/09/25 12:43:22.038, 0, P1, 2820 MHz, 13365 MHz, 460.48 W, 600.00 W, 600.00 W, 70, 17108 MiB, 100 %, 5, 16
2026/09/25 12:43:22.289, 0, P1, 2820 MHz, 13365 MHz, 460.48 W, 600.00 W, 600.00 W, 70, 17108 MiB, 100 %, 5, 16
2026/09/25 12:43:22.539, 0, P1, 2835 MHz, 13365 MHz, 480.36 W, 600.00 W, 600.00 W, 71, 17108 MiB, 100 %, 5, 16
2026/09/25 12:43:22.790, 0, P1, 2835 MHz, 13365 MHz, 480.36 W, 600.00 W, 600.00 W, 71, 17108 MiB, 100 %, 5, 16
2026/09/25 12:43:23.041, 0, P1, 2827 MHz, 13365 MHz, 485.06 W, 600.00 W, 600.00 W, 70, 17108 MiB, 100 %, 5, 16
2026/09/25 12:43:23.292, 0, P1, 2827 MHz, 13365 MHz, 485.06 W, 600.00 W, 600.00 W, 70, 17108 MiB, 100 %, 5, 16
2026/09/25 12:43:23.543, 0, P1, 2820 MHz, 13365 MHz, 466.66 W, 600.00 W, 600.00 W, 70, 17108 MiB, 100 %, 5, 16
2026/09/25 12:43:23.794, 0, P1, 2820 MHz, 13365 MHz, 466.66 W, 600.00 W, 600.00 W, 70, 17108 MiB, 100 %, 5, 16
2026/09/25 12:43:24.045, 0, P1, 2827 MHz, 13365 MHz, 467.96 W, 600.00 W, 600.00 W, 71, 17108 MiB, 100 %, 5, 16
2026/09/25 12:43:24.295, 0, P1, 2827 MHz, 13365 MHz, 467.96 W, 600.00 W, 600.00 W, 71, 17108 MiB, 100 %, 5, 16
2026/09/25 12:43:24.546, 0, P1, 2835 MHz, 13365 MHz, 482.14 W, 600.00 W, 600.00 W, 71, 17108 MiB, 100 %, 5, 16
2026/09/25 12:43:24.797, 0, P1, 2835 MHz, 13365 MHz, 482.14 W, 600.00 W, 600.00 W, 71, 17108 MiB, 100 %, 5, 16
2026/09/25 12:43:25.048, 0, P1, 2820 MHz, 13365 MHz, 485.19 W, 600.00 W, 600.00 W, 71, 17108 MiB, 100 %, 5, 16
2026/09/25 12:43:25.298, 0, P1, 2820 MHz, 13365 MHz, 485.19 W, 600.00 W, 600.00 W, 71, 17108 MiB, 100 %, 5, 16
2026/09/25 12:43:25.549, 0, P1, 2820 MHz, 13365 MHz, 461.40 W, 600.00 W, 600.00 W, 70, 17108 MiB, 100 %, 5, 16
2026/09/25 12:43:25.800, 0, P1, 2820 MHz, 13365 MHz, 461.40 W, 600.00 W, 600.00 W, 70, 17108 MiB, 100 %, 5, 16
2026/09/25 12:43:26.051, 0, P1, 2827 MHz, 13365 MHz, 462.31 W, 600.00 W, 600.00 W, 71, 17108 MiB, 100 %, 5, 16
2026/09/25 12:43:26.302, 0, P1, 2827 MHz, 13365 MHz, 462.31 W, 600.00 W, 600.00 W, 71, 17108 MiB, 100 %, 5, 16
2026/09/25 12:43:26.552, 0, P1, 2835 MHz, 13365 MHz, 481.48 W, 600.00 W, 600.00 W, 71, 17108 MiB, 100 %, 5, 16
2026/09/25 12:43:26.803, 0, P1, 2835 MHz, 13365 MHz, 481.48 W, 600.00 W, 600.00 W, 71, 17108 MiB, 100 %, 5, 16
2026/09/25 12:43:27.054, 0, P1, 2827 MHz, 13365 MHz, 484.79 W, 600.00 W, 600.00 W, 71, 17108 MiB, 100 %, 5, 16
2026/09/25 12:43:27.305, 0, P1, 2827 MHz, 13365 MHz, 484.79 W, 600.00 W, 600.00 W, 71, 17108 MiB, 100 %, 5, 16
2026/09/25 12:43:27.556, 0, P1, 2820 MHz, 13365 MHz, 467.66 W, 600.00 W, 600.00 W, 70, 17108 MiB, 100 %, 5, 16
2026/09/25 12:43:27.807, 0, P1, 2820 MHz, 13365 MHz, 467.66 W, 600.00 W, 600.00 W, 70, 17108 MiB, 100 %, 5, 16
2026/09/25 12:43:28.057, 0, P1, 2827 MHz, 13365 MHz, 468.55 W, 600.00 W, 600.00 W, 71, 17108 MiB, 100 %, 5, 16
2026/09/25 12:43:28.308, 0, P1, 2827 MHz, 13365 MHz, 468.55 W, 600.00 W, 600.00 W, 71, 17108 MiB, 100 %, 5, 16
2026/09/25 12:43:28.559, 0, P1, 2835 MHz, 13365 MHz, 485.11 W, 600.00 W, 600.00 W, 71, 17108 MiB, 100 %, 5, 16
2026/09/25 12:43:28.810, 0, P1, 2835 MHz, 13365 MHz, 485.11 W, 600.00 W, 600.00 W, 71, 17108 MiB, 100 %, 5, 16
2026/09/25 12:43:29.061, 0, P1, 2820 MHz, 13365 MHz, 484.10 W, 600.00 W, 600.00 W, 71, 17108 MiB, 100 %, 5, 16
2026/09/25 12:43:29.312, 0, P1, 2820 MHz, 13365 MHz, 484.10 W, 600.00 W, 600.00 W, 71, 17108 MiB, 100 %, 5, 16
2026/09/25 12:43:29.562, 0, P1, 2820 MHz, 13365 MHz, 462.37 W, 600.00 W, 600.00 W, 71, 17108 MiB, 100 %, 5, 16
2026/09/25 12:43:29.813, 0, P1, 2820 MHz, 13365 MHz, 462.37 W, 600.00 W, 600.00 W, 71, 17108 MiB, 100 %, 5, 16
2026/09/25 12:43:30.064, 0, P1, 2820 MHz, 13365 MHz, 463.66 W, 600.00 W, 600.00 W, 72, 17108 MiB, 100 %, 5, 16
2026/09/25 12:43:30.315, 0, P1, 2820 MHz, 13365 MHz, 463.66 W, 600.00 W, 600.00 W, 72, 17108 MiB, 100 %, 5, 16
2026/09/25 12:43:30.566, 0, P1, 2835 MHz, 13365 MHz, 482.69 W, 600.00 W, 600.00 W, 72, 17108 MiB, 100 %, 5, 16
2026/09/25 12:43:30.817, 0, P1, 2835 MHz, 13365 MHz, 482.69 W, 600.00 W, 600.00 W, 72, 17108 MiB, 100 %, 5, 16
2026/09/25 12:43:31.068, 0, P1, 2827 MHz, 13365 MHz, 486.42 W, 600.00 W, 600.00 W, 71, 17108 MiB, 100 %, 5, 16
2026/09/25 12:43:31.319, 0, P1, 2827 MHz, 13365 MHz, 486.42 W, 600.00 W, 600.00 W, 71, 17108 MiB, 100 %, 5, 16
2026/09/25 12:43:31.569, 0, P1, 2820 MHz, 13365 MHz, 464.10 W, 600.00 W, 600.00 W, 71, 17108 MiB, 100 %, 5, 16
2026/09/25 12:43:31.820, 0, P1, 2820 MHz, 13365 MHz, 464.10 W, 600.00 W, 600.00 W, 71, 17108 MiB, 100 %, 5, 16
2026/09/25 12:43:32.071, 0, P1, 2820 MHz, 13365 MHz, 463.13 W, 600.00 W, 600.00 W, 72, 17108 MiB, 100 %, 5, 16
2026/09/25 12:43:32.322, 0, P1, 2820 MHz, 13365 MHz, 463.13 W, 600.00 W, 600.00 W, 72, 17108 MiB, 100 %, 5, 16
2026/09/25 12:43:32.573, 0, P1, 2835 MHz, 13365 MHz, 481.67 W, 600.00 W, 600.00 W, 72, 17108 MiB, 100 %, 5, 16
2026/09/25 12:43:32.824, 0, P1, 2835 MHz, 13365 MHz, 481.67 W, 600.00 W, 600.00 W, 72, 17108 MiB, 100 %, 5, 16
2026/09/25 12:43:33.075, 0, P1, 2827 MHz, 13365 MHz, 488.39 W, 600.00 W, 600.00 W, 72, 17108 MiB, 100 %, 5, 16
2026/09/25 12:43:33.326, 0, P1, 2827 MHz, 13365 MHz, 488.39 W, 600.00 W, 600.00 W, 72, 17108 MiB, 100 %, 5, 16
2026/09/25 12:43:33.576, 0, P1, 2820 MHz, 13365 MHz, 471.54 W, 600.00 W, 600.00 W, 71, 17108 MiB, 100 %, 5, 16
2026/09/25 12:43:33.827, 0, P1, 2820 MHz, 13365 MHz, 471.54 W, 600.00 W, 600.00 W, 71, 17108 MiB, 100 %, 5, 16
2026/09/25 12:43:34.078, 0, P1, 2827 MHz, 13365 MHz, 470.02 W, 600.00 W, 600.00 W, 72, 17108 MiB, 100 %, 5, 16
2026/09/25 12:43:34.329, 0, P1, 2827 MHz, 13365 MHz, 470.02 W, 600.00 W, 600.00 W, 72, 17108 MiB, 100 %, 5, 16
2026/09/25 12:43:34.580, 0, P1, 2835 MHz, 13365 MHz, 486.21 W, 600.00 W, 600.00 W, 72, 17108 MiB, 100 %, 5, 16
2026/09/25 12:43:34.830, 0, P1, 2835 MHz, 13365 MHz, 486.21 W, 600.00 W, 600.00 W, 72, 17108 MiB, 100 %, 5, 16
2026/09/25 12:43:35.081, 0, P1, 2827 MHz, 13365 MHz, 488.35 W, 600.00 W, 600.00 W, 72, 17108 MiB, 100 %, 5, 16
2026/09/25 12:43:35.332, 0, P1, 2827 MHz, 13365 MHz, 488.35 W, 600.00 W, 600.00 W, 72, 17108 MiB, 100 %, 5, 16
2026/09/25 12:43:35.583, 0, P1, 2820 MHz, 13365 MHz, 468.98 W, 600.00 W, 600.00 W, 72, 17108 MiB, 100 %, 5, 16
2026/09/25 12:43:35.834, 0, P1, 2820 MHz, 13365 MHz, 468.98 W, 600.00 W, 600.00 W, 72, 17108 MiB, 100 %, 5, 16
2026/09/25 12:43:36.085, 0, P1, 2820 MHz, 13365 MHz, 463.82 W, 600.00 W, 600.00 W, 72, 17108 MiB, 100 %, 5, 16
2026/09/25 12:43:36.335, 0, P1, 2820 MHz, 13365 MHz, 463.82 W, 600.00 W, 600.00 W, 72, 17108 MiB, 100 %, 5, 16
2026/09/25 12:43:36.586, 0, P1, 2835 MHz, 13365 MHz, 485.07 W, 600.00 W, 600.00 W, 72, 17108 MiB, 100 %, 5, 16
2026/09/25 12:43:36.837, 0, P1, 2835 MHz, 13365 MHz, 485.07 W, 600.00 W, 600.00 W, 72, 17108 MiB, 100 %, 5, 16
2026/09/25 12:43:37.088, 0, P1, 2827 MHz, 13365 MHz, 489.11 W, 600.00 W, 600.00 W, 72, 17108 MiB, 100 %, 5, 16
2026/09/25 12:43:37.339, 0, P1, 2827 MHz, 13365 MHz, 489.11 W, 600.00 W, 600.00 W, 72, 17108 MiB, 100 %, 5, 16
2026/09/25 12:43:37.590, 0, P1, 2820 MHz, 13365 MHz, 471.57 W, 600.00 W, 600.00 W, 72, 17108 MiB, 100 %, 5, 16
2026/09/25 12:43:37.841, 0, P1, 2820 MHz, 13365 MHz, 471.57 W, 600.00 W, 600.00 W, 72, 17108 MiB, 100 %, 5, 16
2026/09/25 12:43:38.092, 0, P1, 2827 MHz, 13365 MHz, 470.93 W, 600.00 W, 600.00 W, 72, 17108 MiB, 100 %, 5, 16
2026/09/25 12:43:38.343, 0, P1, 2827 MHz, 13365 MHz, 470.93 W, 600.00 W, 600.00 W, 72, 17108 MiB, 100 %, 5, 16
2026/09/25 12:43:38.593, 0, P1, 2835 MHz, 13365 MHz, 484.61 W, 600.00 W, 600.00 W, 73, 17108 MiB, 100 %, 5, 16
2026/09/25 12:43:38.844, 0, P1, 2835 MHz, 13365 MHz, 484.61 W, 600.00 W, 600.00 W, 73, 17108 MiB, 100 %, 5, 16
2026/09/25 12:43:39.095, 0, P1, 2827 MHz, 13365 MHz, 487.65 W, 600.00 W, 600.00 W, 72, 17108 MiB, 100 %, 5, 16
2026/09/25 12:43:39.346, 0, P1, 2827 MHz, 13365 MHz, 487.65 W, 600.00 W, 600.00 W, 72, 17108 MiB, 100 %, 5, 16
2026/09/25 12:43:39.597, 0, P1, 2820 MHz, 13365 MHz, 465.63 W, 600.00 W, 600.00 W, 72, 17108 MiB, 100 %, 5, 16
2026/09/25 12:43:39.847, 0, P1, 2820 MHz, 13365 MHz, 465.63 W, 600.00 W, 600.00 W, 72, 17108 MiB, 100 %, 5, 16
2026/09/25 12:43:40.098, 0, P1, 2820 MHz, 13365 MHz, 463.63 W, 600.00 W, 600.00 W, 73, 17108 MiB, 100 %, 5, 16
2026/09/25 12:43:40.349, 0, P1, 2820 MHz, 13365 MHz, 463.63 W, 600.00 W, 600.00 W, 73, 17108 MiB, 100 %, 5, 16
2026/09/25 12:43:40.600, 0, P1, 2835 MHz, 13365 MHz, 485.46 W, 600.00 W, 600.00 W, 73, 17108 MiB, 100 %, 5, 16
2026/09/25 12:43:40.850, 0, P1, 2835 MHz, 13365 MHz, 485.46 W, 600.00 W, 600.00 W, 73, 17108 MiB, 100 %, 5, 16
2026/09/25 12:43:41.101, 0, P1, 2827 MHz, 13365 MHz, 488.71 W, 600.00 W, 600.00 W, 72, 17108 MiB, 100 %, 5, 16
2026/09/25 12:43:41.352, 0, P1, 2827 MHz, 13365 MHz, 488.71 W, 600.00 W, 600.00 W, 72, 17108 MiB, 100 %, 5, 16
2026/09/25 12:43:41.603, 0, P1, 2820 MHz, 13365 MHz, 474.69 W, 600.00 W, 600.00 W, 72, 17108 MiB, 100 %, 5, 16
2026/09/25 12:43:41.854, 0, P1, 2820 MHz, 13365 MHz, 474.69 W, 600.00 W, 600.00 W, 72, 17108 MiB, 100 %, 5, 16
2026/09/25 12:43:42.105, 0, P1, 2827 MHz, 13365 MHz, 471.96 W, 600.00 W, 600.00 W, 73, 17108 MiB, 100 %, 5, 16
2026/09/25 12:43:42.355, 0, P1, 2827 MHz, 13365 MHz, 471.96 W, 600.00 W, 600.00 W, 73, 17108 MiB, 100 %, 5, 16
2026/09/25 12:43:42.606, 0, P1, 2835 MHz, 13365 MHz, 488.17 W, 600.00 W, 600.00 W, 73, 17108 MiB, 100 %, 5, 16
2026/09/25 12:43:42.857, 0, P1, 2835 MHz, 13365 MHz, 488.17 W, 600.00 W, 600.00 W, 73, 17108 MiB, 100 %, 5, 16
2026/09/25 12:43:43.108, 0, P1, 2827 MHz, 13365 MHz, 488.81 W, 600.00 W, 600.00 W, 73, 17108 MiB, 100 %, 5, 16
2026/09/25 12:43:43.359, 0, P1, 2827 MHz, 13365 MHz, 488.81 W, 600.00 W, 600.00 W, 73, 17108 MiB, 100 %, 5, 16
2026/09/25 12:43:43.609, 0, P1, 2820 MHz, 13365 MHz, 470.08 W, 600.00 W, 600.00 W, 72, 17108 MiB, 100 %, 5, 16
2026/09/25 12:43:43.860, 0, P1, 2820 MHz, 13365 MHz, 470.08 W, 600.00 W, 600.00 W, 72, 17108 MiB, 100 %, 5, 16
2026/09/25 12:43:44.111, 0, P1, 2820 MHz, 13365 MHz, 466.20 W, 600.00 W, 600.00 W, 73, 17108 MiB, 100 %, 5, 16
2026/09/25 12:43:44.362, 0, P1, 2820 MHz, 13365 MHz, 466.20 W, 600.00 W, 600.00 W, 73, 17108 MiB, 100 %, 5, 16
2026/09/25 12:43:44.613, 0, P1, 2835 MHz, 13365 MHz, 486.98 W, 600.00 W, 600.00 W, 73, 17108 MiB, 100 %, 5, 16
2026/09/25 12:43:44.863, 0, P1, 2835 MHz, 13365 MHz, 486.98 W, 600.00 W, 600.00 W, 73, 17108 MiB, 100 %, 5, 16
2026/09/25 12:43:45.114, 0, P1, 2827 MHz, 13365 MHz, 489.95 W, 600.00 W, 600.00 W, 73, 17108 MiB, 100 %, 5, 16
2026/09/25 12:43:45.365, 0, P1, 2827 MHz, 13365 MHz, 489.95 W, 600.00 W, 600.00 W, 73, 17108 MiB, 100 %, 5, 16
2026/09/25 12:43:45.616, 0, P1, 2820 MHz, 13365 MHz, 473.62 W, 600.00 W, 600.00 W, 73, 17108 MiB, 100 %, 5, 16
2026/09/25 12:43:45.867, 0, P1, 2820 MHz, 13365 MHz, 473.62 W, 600.00 W, 600.00 W, 73, 17108 MiB, 100 %, 5, 16
2026/09/25 12:43:46.118, 0, P1, 2827 MHz, 13365 MHz, 472.93 W, 600.00 W, 600.00 W, 73, 17108 MiB, 100 %, 5, 16
2026/09/25 12:43:46.369, 0, P1, 2827 MHz, 13365 MHz, 472.93 W, 600.00 W, 600.00 W, 73, 17108 MiB, 100 %, 5, 16
2026/09/25 12:43:46.620, 0, P1, 2827 MHz, 13365 MHz, 487.15 W, 600.00 W, 600.00 W, 73, 17108 MiB, 100 %, 5, 16
2026/09/25 12:43:46.870, 0, P1, 2827 MHz, 13365 MHz, 487.15 W, 600.00 W, 600.00 W, 73, 17108 MiB, 100 %, 5, 16
2026/09/25 12:43:47.121, 0, P1, 2812 MHz, 13365 MHz, 489.42 W, 600.00 W, 600.00 W, 73, 17108 MiB, 100 %, 5, 16
2026/09/25 12:43:47.372, 0, P1, 2812 MHz, 13365 MHz, 489.42 W, 600.00 W, 600.00 W, 73, 17108 MiB, 100 %, 5, 16
2026/09/25 12:43:47.623, 0, P1, 2805 MHz, 13365 MHz, 470.11 W, 600.00 W, 600.00 W, 73, 17108 MiB, 100 %, 5, 16
2026/09/25 12:43:47.874, 0, P1, 2805 MHz, 13365 MHz, 470.11 W, 600.00 W, 600.00 W, 73, 17108 MiB, 100 %, 5, 16
2026/09/25 12:43:48.124, 0, P1, 2812 MHz, 13365 MHz, 466.75 W, 600.00 W, 600.00 W, 73, 17108 MiB, 100 %, 5, 16
2026/09/25 12:43:48.375, 0, P1, 2812 MHz, 13365 MHz, 466.75 W, 600.00 W, 600.00 W, 73, 17108 MiB, 100 %, 5, 16
2026/09/25 12:43:48.626, 0, P1, 2820 MHz, 13365 MHz, 485.33 W, 600.00 W, 600.00 W, 74, 17108 MiB, 100 %, 5, 16
2026/09/25 12:43:48.877, 0, P1, 2820 MHz, 13365 MHz, 485.33 W, 600.00 W, 600.00 W, 74, 17108 MiB, 100 %, 5, 16
2026/09/25 12:43:49.128, 0, P1, 2812 MHz, 13365 MHz, 490.08 W, 600.00 W, 600.00 W, 73, 17108 MiB, 100 %, 5, 16
2026/09/25 12:43:49.379, 0, P1, 2812 MHz, 13365 MHz, 490.08 W, 600.00 W, 600.00 W, 73, 17108 MiB, 100 %, 5, 16
2026/09/25 12:43:49.629, 0, P1, 2812 MHz, 13365 MHz, 474.18 W, 600.00 W, 600.00 W, 73, 17108 MiB, 100 %, 5, 16
2026/09/25 12:43:49.880, 0, P1, 2812 MHz, 13365 MHz, 474.18 W, 600.00 W, 600.00 W, 73, 17108 MiB, 100 %, 5, 16
2026/09/25 12:43:50.131, 0, P1, 2812 MHz, 13365 MHz, 474.00 W, 600.00 W, 600.00 W, 74, 17108 MiB, 100 %, 5, 16
2026/09/25 12:43:50.382, 0, P1, 2812 MHz, 13365 MHz, 474.00 W, 600.00 W, 600.00 W, 74, 17108 MiB, 100 %, 5, 16
2026/09/25 12:43:50.633, 0, P1, 2820 MHz, 13365 MHz, 487.23 W, 600.00 W, 600.00 W, 74, 17108 MiB, 100 %, 5, 16
2026/09/25 12:43:50.884, 0, P1, 2820 MHz, 13365 MHz, 487.23 W, 600.00 W, 600.00 W, 74, 2 MiB, 100 %, 5, 16
2026/09/25 12:43:51.134, 0, P0, 2835 MHz, 14001 MHz, 392.73 W, 600.00 W, 600.00 W, 67, 2 MiB, 0 %, 5, 16
2026/09/25 12:43:51.385, 0, P0, 2835 MHz, 14001 MHz, 392.73 W, 600.00 W, 600.00 W, 67, 2 MiB, 0 %, 5, 16
2026/09/25 12:43:51.636, 0, P0, 2835 MHz, 14001 MHz, 199.55 W, 600.00 W, 600.00 W, 66, 2 MiB, 0 %, 5, 16
2026/09/25 12:43:51.886, 0, P0, 2835 MHz, 14001 MHz, 199.55 W, 600.00 W, 600.00 W, 66, 596 MiB, 0 %, 5, 16
2026/09/25 12:43:52.136, 0, P1, 2835 MHz, 14001 MHz, 118.13 W, 600.00 W, 600.00 W, 66, 1588 MiB, 1 %, 5, 16
2026/09/25 12:43:52.387, 0, P1, 2835 MHz, 14001 MHz, 118.13 W, 600.00 W, 600.00 W, 66, 2612 MiB, 1 %, 5, 16
2026/09/25 12:43:52.637, 0, P1, 2835 MHz, 13365 MHz, 117.75 W, 600.00 W, 600.00 W, 65, 3636 MiB, 13 %, 5, 16
2026/09/25 12:43:52.888, 0, P1, 2835 MHz, 13365 MHz, 117.75 W, 600.00 W, 600.00 W, 65, 4628 MiB, 13 %, 5, 16
2026/09/25 12:43:53.139, 0, P1, 2835 MHz, 13365 MHz, 109.71 W, 600.00 W, 600.00 W, 64, 5588 MiB, 12 %, 5, 16
2026/09/25 12:43:53.389, 0, P1, 2835 MHz, 13365 MHz, 109.71 W, 600.00 W, 600.00 W, 64, 6516 MiB, 12 %, 5, 16
2026/09/25 12:43:53.640, 0, P1, 2617 MHz, 13365 MHz, 99.00 W, 600.00 W, 600.00 W, 64, 7444 MiB, 10 %, 5, 16
2026/09/25 12:43:53.890, 0, P1, 2617 MHz, 13365 MHz, 99.00 W, 600.00 W, 600.00 W, 64, 8404 MiB, 10 %, 5, 16
2026/09/25 12:43:54.141, 0, P1, 2617 MHz, 13365 MHz, 93.86 W, 600.00 W, 600.00 W, 63, 9332 MiB, 10 %, 5, 16
2026/09/25 12:43:54.391, 0, P1, 2617 MHz, 13365 MHz, 93.86 W, 600.00 W, 600.00 W, 63, 10228 MiB, 10 %, 5, 16
2026/09/25 12:43:54.642, 0, P1, 2617 MHz, 13365 MHz, 93.38 W, 600.00 W, 600.00 W, 63, 11156 MiB, 10 %, 5, 16
2026/09/25 12:43:54.892, 0, P1, 2617 MHz, 13365 MHz, 93.38 W, 600.00 W, 600.00 W, 63, 12116 MiB, 10 %, 5, 16
2026/09/25 12:43:55.143, 0, P1, 2617 MHz, 13365 MHz, 93.23 W, 600.00 W, 600.00 W, 63, 13044 MiB, 11 %, 5, 16
2026/09/25 12:43:55.393, 0, P1, 2617 MHz, 13365 MHz, 93.23 W, 600.00 W, 600.00 W, 63, 13972 MiB, 11 %, 5, 16
2026/09/25 12:43:55.644, 0, P1, 2617 MHz, 13365 MHz, 92.92 W, 600.00 W, 600.00 W, 63, 14740 MiB, 10 %, 5, 16
2026/09/25 12:43:55.894, 0, P1, 2617 MHz, 13365 MHz, 92.92 W, 600.00 W, 600.00 W, 63, 14740 MiB, 10 %, 5, 16
2026/09/25 12:43:56.145, 0, P1, 2617 MHz, 13365 MHz, 91.78 W, 600.00 W, 600.00 W, 62, 14740 MiB, 0 %, 5, 16
2026/09/25 12:43:56.395, 0, P1, 2617 MHz, 13365 MHz, 91.78 W, 600.00 W, 600.00 W, 62, 14740 MiB, 0 %, 5, 16
2026/09/25 12:43:56.645, 0, P1, 2610 MHz, 13365 MHz, 89.91 W, 600.00 W, 600.00 W, 62, 14740 MiB, 0 %, 5, 16
2026/09/25 12:43:56.896, 0, P1, 2610 MHz, 13365 MHz, 89.91 W, 600.00 W, 600.00 W, 62, 14740 MiB, 0 %, 5, 16
2026/09/25 12:43:57.146, 0, P1, 2610 MHz, 13365 MHz, 89.04 W, 600.00 W, 600.00 W, 62, 14740 MiB, 0 %, 5, 16
2026/09/25 12:43:57.397, 0, P1, 2610 MHz, 13365 MHz, 89.04 W, 600.00 W, 600.00 W, 62, 14740 MiB, 0 %, 5, 16
2026/09/25 12:43:57.647, 0, P1, 2610 MHz, 13365 MHz, 89.04 W, 600.00 W, 600.00 W, 62, 14740 MiB, 0 %, 5, 16
2026/09/25 12:43:57.897, 0, P1, 2610 MHz, 13365 MHz, 89.04 W, 600.00 W, 600.00 W, 62, 14740 MiB, 0 %, 5, 16
2026/09/25 12:43:58.148, 0, P1, 2610 MHz, 13365 MHz, 87.42 W, 600.00 W, 600.00 W, 62, 14740 MiB, 0 %, 5, 16
2026/09/25 12:43:58.398, 0, P1, 2610 MHz, 13365 MHz, 87.42 W, 600.00 W, 600.00 W, 62, 14740 MiB, 0 %, 5, 16
2026/09/25 12:43:58.648, 0, P1, 2610 MHz, 13365 MHz, 87.42 W, 600.00 W, 600.00 W, 62, 14740 MiB, 0 %, 5, 16
2026/09/25 12:43:58.899, 0, P1, 2610 MHz, 13365 MHz, 87.42 W, 600.00 W, 600.00 W, 62, 14740 MiB, 0 %, 5, 16
2026/09/25 12:43:59.149, 0, P1, 2610 MHz, 13365 MHz, 87.05 W, 600.00 W, 600.00 W, 61, 14740 MiB, 0 %, 5, 16
2026/09/25 12:43:59.400, 0, P1, 2610 MHz, 13365 MHz, 87.05 W, 600.00 W, 600.00 W, 61, 14740 MiB, 0 %, 5, 16
2026/09/25 12:43:59.650, 0, P1, 2610 MHz, 13365 MHz, 87.05 W, 600.00 W, 600.00 W, 61, 14740 MiB, 0 %, 5, 16
2026/09/25 12:43:59.900, 0, P1, 2610 MHz, 13365 MHz, 87.05 W, 600.00 W, 600.00 W, 61, 14740 MiB, 0 %, 5, 16
2026/09/25 12:44:00.151, 0, P1, 2610 MHz, 13365 MHz, 86.27 W, 600.00 W, 600.00 W, 61, 14740 MiB, 0 %, 5, 16
2026/09/25 12:44:00.401, 0, P1, 2610 MHz, 13365 MHz, 86.27 W, 600.00 W, 600.00 W, 61, 14740 MiB, 0 %, 5, 16
2026/09/25 12:44:00.652, 0, P1, 2610 MHz, 13365 MHz, 86.27 W, 600.00 W, 600.00 W, 61, 14740 MiB, 0 %, 5, 16
2026/09/25 12:44:00.902, 0, P1, 2610 MHz, 13365 MHz, 86.27 W, 600.00 W, 600.00 W, 61, 14740 MiB, 0 %, 5, 16
2026/09/25 12:44:01.152, 0, P1, 2610 MHz, 13365 MHz, 85.17 W, 600.00 W, 600.00 W, 60, 14740 MiB, 0 %, 5, 16
2026/09/25 12:44:01.403, 0, P1, 2610 MHz, 13365 MHz, 85.17 W, 600.00 W, 600.00 W, 60, 14740 MiB, 0 %, 5, 16
2026/09/25 12:44:01.653, 0, P1, 2610 MHz, 13365 MHz, 85.17 W, 600.00 W, 600.00 W, 60, 14740 MiB, 0 %, 5, 16
2026/09/25 12:44:01.904, 0, P1, 2610 MHz, 13365 MHz, 85.17 W, 600.00 W, 600.00 W, 60, 14740 MiB, 0 %, 5, 16
2026/09/25 12:44:02.155, 0, P1, 2610 MHz, 13365 MHz, 84.77 W, 600.00 W, 600.00 W, 60, 14740 MiB, 0 %, 5, 16
2026/09/25 12:44:02.405, 0, P1, 2610 MHz, 13365 MHz, 84.77 W, 600.00 W, 600.00 W, 60, 14740 MiB, 0 %, 5, 16
2026/09/25 12:44:02.656, 0, P1, 2610 MHz, 13365 MHz, 85.06 W, 600.00 W, 600.00 W, 60, 14740 MiB, 0 %, 5, 16
2026/09/25 12:44:02.907, 0, P1, 2610 MHz, 13365 MHz, 85.06 W, 600.00 W, 600.00 W, 60, 14740 MiB, 0 %, 5, 16
2026/09/25 12:44:03.158, 0, P1, 2610 MHz, 13365 MHz, 85.42 W, 600.00 W, 600.00 W, 59, 14740 MiB, 0 %, 5, 16
2026/09/25 12:44:03.409, 0, P1, 2610 MHz, 13365 MHz, 85.42 W, 600.00 W, 600.00 W, 59, 14740 MiB, 0 %, 5, 16
2026/09/25 12:44:03.659, 0, P1, 2610 MHz, 13365 MHz, 85.42 W, 600.00 W, 600.00 W, 59, 14740 MiB, 0 %, 5, 16
2026/09/25 12:44:03.910, 0, P1, 2610 MHz, 13365 MHz, 85.42 W, 600.00 W, 600.00 W, 59, 16052 MiB, 0 %, 5, 16
2026/09/25 12:44:04.160, 0, P1, 2610 MHz, 13365 MHz, 102.11 W, 600.00 W, 600.00 W, 64, 16820 MiB, 85 %, 5, 16
2026/09/25 12:44:04.411, 0, P1, 2610 MHz, 13365 MHz, 102.11 W, 600.00 W, 600.00 W, 64, 16820 MiB, 85 %, 5, 16
2026/09/25 12:44:04.662, 0, P1, 2820 MHz, 13365 MHz, 195.11 W, 600.00 W, 600.00 W, 67, 16820 MiB, 100 %, 5, 16
2026/09/25 12:44:04.913, 0, P1, 2820 MHz, 13365 MHz, 195.11 W, 600.00 W, 600.00 W, 67, 16820 MiB, 100 %, 5, 16
2026/09/25 12:44:05.163, 0, P1, 2820 MHz, 13365 MHz, 413.93 W, 600.00 W, 600.00 W, 67, 16820 MiB, 100 %, 5, 16
2026/09/25 12:44:05.414, 0, P1, 2820 MHz, 13365 MHz, 413.93 W, 600.00 W, 600.00 W, 67, 16820 MiB, 100 %, 5, 16
2026/09/25 12:44:05.665, 0, P1, 2820 MHz, 13365 MHz, 459.65 W, 600.00 W, 600.00 W, 68, 16820 MiB, 100 %, 5, 16
2026/09/25 12:44:05.916, 0, P1, 2820 MHz, 13365 MHz, 459.65 W, 600.00 W, 600.00 W, 68, 16820 MiB, 100 %, 5, 16
2026/09/25 12:44:06.167, 0, P1, 2835 MHz, 13365 MHz, 474.60 W, 600.00 W, 600.00 W, 68, 16820 MiB, 100 %, 5, 16
2026/09/25 12:44:06.418, 0, P1, 2835 MHz, 13365 MHz, 474.60 W, 600.00 W, 600.00 W, 68, 16820 MiB, 100 %, 5, 16
2026/09/25 12:44:06.669, 0, P1, 2820 MHz, 13365 MHz, 479.52 W, 600.00 W, 600.00 W, 68, 17108 MiB, 100 %, 5, 16
2026/09/25 12:44:06.920, 0, P1, 2820 MHz, 13365 MHz, 479.52 W, 600.00 W, 600.00 W, 68, 17108 MiB, 100 %, 5, 16
2026/09/25 12:44:07.170, 0, P1, 2812 MHz, 13365 MHz, 456.84 W, 600.00 W, 600.00 W, 68, 17108 MiB, 100 %, 5, 16
2026/09/25 12:44:07.421, 0, P1, 2812 MHz, 13365 MHz, 456.84 W, 600.00 W, 600.00 W, 68, 17108 MiB, 100 %, 5, 16
2026/09/25 12:44:07.672, 0, P1, 2820 MHz, 13365 MHz, 456.25 W, 600.00 W, 600.00 W, 69, 17108 MiB, 100 %, 5, 16
2026/09/25 12:44:07.923, 0, P1, 2820 MHz, 13365 MHz, 456.25 W, 600.00 W, 600.00 W, 69, 17108 MiB, 100 %, 5, 16
2026/09/25 12:44:08.174, 0, P1, 2835 MHz, 13365 MHz, 476.88 W, 600.00 W, 600.00 W, 69, 17108 MiB, 100 %, 5, 16
2026/09/25 12:44:08.425, 0, P1, 2835 MHz, 13365 MHz, 476.88 W, 600.00 W, 600.00 W, 69, 17108 MiB, 100 %, 5, 16
2026/09/25 12:44:08.676, 0, P1, 2827 MHz, 13365 MHz, 480.66 W, 600.00 W, 600.00 W, 69, 17108 MiB, 100 %, 5, 16
2026/09/25 12:44:08.926, 0, P1, 2827 MHz, 13365 MHz, 480.66 W, 600.00 W, 600.00 W, 69, 17108 MiB, 100 %, 5, 16
2026/09/25 12:44:09.177, 0, P1, 2820 MHz, 13365 MHz, 464.79 W, 600.00 W, 600.00 W, 69, 17108 MiB, 100 %, 5, 16
2026/09/25 12:44:09.428, 0, P1, 2820 MHz, 13365 MHz, 464.79 W, 600.00 W, 600.00 W, 69, 17108 MiB, 100 %, 5, 16
2026/09/25 12:44:09.679, 0, P1, 2827 MHz, 13365 MHz, 464.42 W, 600.00 W, 600.00 W, 69, 17108 MiB, 100 %, 5, 16
2026/09/25 12:44:09.930, 0, P1, 2827 MHz, 13365 MHz, 464.42 W, 600.00 W, 600.00 W, 69, 17108 MiB, 100 %, 5, 16
2026/09/25 12:44:10.181, 0, P1, 2835 MHz, 13365 MHz, 477.25 W, 600.00 W, 600.00 W, 70, 17108 MiB, 100 %, 5, 16
2026/09/25 12:44:10.432, 0, P1, 2835 MHz, 13365 MHz, 477.25 W, 600.00 W, 600.00 W, 70, 17108 MiB, 100 %, 5, 16
2026/09/25 12:44:10.683, 0, P1, 2827 MHz, 13365 MHz, 480.93 W, 600.00 W, 600.00 W, 69, 17108 MiB, 100 %, 5, 16
2026/09/25 12:44:10.934, 0, P1, 2827 MHz, 13365 MHz, 480.93 W, 600.00 W, 600.00 W, 69, 17108 MiB, 100 %, 5, 16
2026/09/25 12:44:11.184, 0, P1, 2820 MHz, 13365 MHz, 459.22 W, 600.00 W, 600.00 W, 69, 17108 MiB, 100 %, 5, 16
2026/09/25 12:44:11.435, 0, P1, 2820 MHz, 13365 MHz, 459.22 W, 600.00 W, 600.00 W, 69, 17108 MiB, 100 %, 5, 16
2026/09/25 12:44:11.686, 0, P1, 2820 MHz, 13365 MHz, 457.08 W, 600.00 W, 600.00 W, 70, 17108 MiB, 100 %, 5, 16
2026/09/25 12:44:11.937, 0, P1, 2820 MHz, 13365 MHz, 457.08 W, 600.00 W, 600.00 W, 70, 17108 MiB, 100 %, 5, 16
2026/09/25 12:44:12.188, 0, P1, 2835 MHz, 13365 MHz, 476.99 W, 600.00 W, 600.00 W, 70, 17108 MiB, 100 %, 5, 16
2026/09/25 12:44:12.439, 0, P1, 2835 MHz, 13365 MHz, 476.99 W, 600.00 W, 600.00 W, 70, 17108 MiB, 100 %, 5, 16
2026/09/25 12:44:12.690, 0, P1, 2827 MHz, 13365 MHz, 483.35 W, 600.00 W, 600.00 W, 70, 17108 MiB, 100 %, 5, 16
2026/09/25 12:44:12.941, 0, P1, 2827 MHz, 13365 MHz, 483.35 W, 600.00 W, 600.00 W, 70, 17108 MiB, 100 %, 5, 16
2026/09/25 12:44:13.191, 0, P1, 2820 MHz, 13365 MHz, 465.55 W, 600.00 W, 600.00 W, 69, 17108 MiB, 100 %, 5, 16
2026/09/25 12:44:13.442, 0, P1, 2820 MHz, 13365 MHz, 465.55 W, 600.00 W, 600.00 W, 69, 17108 MiB, 100 %, 5, 16
2026/09/25 12:44:13.693, 0, P1, 2827 MHz, 13365 MHz, 463.84 W, 600.00 W, 600.00 W, 70, 17108 MiB, 100 %, 5, 16
2026/09/25 12:44:13.944, 0, P1, 2827 MHz, 13365 MHz, 463.84 W, 600.00 W, 600.00 W, 70, 17108 MiB, 100 %, 5, 16
2026/09/25 12:44:14.195, 0, P1, 2835 MHz, 13365 MHz, 478.51 W, 600.00 W, 600.00 W, 70, 17108 MiB, 100 %, 5, 16
2026/09/25 12:44:14.446, 0, P1, 2835 MHz, 13365 MHz, 478.51 W, 600.00 W, 600.00 W, 70, 17108 MiB, 100 %, 5, 16
2026/09/25 12:44:14.696, 0, P1, 2827 MHz, 13365 MHz, 483.60 W, 600.00 W, 600.00 W, 70, 17108 MiB, 100 %, 5, 16
2026/09/25 12:44:14.947, 0, P1, 2827 MHz, 13365 MHz, 483.60 W, 600.00 W, 600.00 W, 70, 17108 MiB, 100 %, 5, 16
2026/09/25 12:44:15.198, 0, P1, 2820 MHz, 13365 MHz, 460.95 W, 600.00 W, 600.00 W, 70, 17108 MiB, 100 %, 5, 16
2026/09/25 12:44:15.449, 0, P1, 2820 MHz, 13365 MHz, 460.95 W, 600.00 W, 600.00 W, 70, 17108 MiB, 100 %, 5, 16
2026/09/25 12:44:15.700, 0, P1, 2820 MHz, 13365 MHz, 458.78 W, 600.00 W, 600.00 W, 70, 17108 MiB, 100 %, 5, 16
2026/09/25 12:44:15.951, 0, P1, 2820 MHz, 13365 MHz, 458.78 W, 600.00 W, 600.00 W, 70, 17108 MiB, 100 %, 5, 16
2026/09/25 12:44:16.201, 0, P1, 2835 MHz, 13365 MHz, 480.20 W, 600.00 W, 600.00 W, 71, 17108 MiB, 100 %, 5, 16
2026/09/25 12:44:16.452, 0, P1, 2835 MHz, 13365 MHz, 480.20 W, 600.00 W, 600.00 W, 71, 17108 MiB, 100 %, 5, 16
2026/09/25 12:44:16.703, 0, P1, 2827 MHz, 13365 MHz, 484.04 W, 600.00 W, 600.00 W, 70, 17108 MiB, 100 %, 5, 16
2026/09/25 12:44:16.954, 0, P1, 2827 MHz, 13365 MHz, 484.04 W, 600.00 W, 600.00 W, 70, 17108 MiB, 100 %, 5, 16
2026/09/25 12:44:17.204, 0, P1, 2820 MHz, 13365 MHz, 467.25 W, 600.00 W, 600.00 W, 70, 17108 MiB, 100 %, 5, 16
2026/09/25 12:44:17.455, 0, P1, 2827 MHz, 13365 MHz, 466.89 W, 600.00 W, 600.00 W, 70, 17108 MiB, 100 %, 5, 16
2026/09/25 12:44:17.706, 0, P1, 2827 MHz, 13365 MHz, 466.89 W, 600.00 W, 600.00 W, 71, 17108 MiB, 100 %, 5, 16
2026/09/25 12:44:17.957, 0, P1, 2835 MHz, 13365 MHz, 479.84 W, 600.00 W, 600.00 W, 71, 17108 MiB, 100 %, 5, 16
2026/09/25 12:44:18.208, 0, P1, 2835 MHz, 13365 MHz, 479.84 W, 600.00 W, 600.00 W, 71, 17108 MiB, 100 %, 5, 16
2026/09/25 12:44:18.459, 0, P1, 2827 MHz, 13365 MHz, 483.43 W, 600.00 W, 600.00 W, 70, 17108 MiB, 100 %, 5, 16
2026/09/25 12:44:18.709, 0, P1, 2827 MHz, 13365 MHz, 483.43 W, 600.00 W, 600.00 W, 70, 17108 MiB, 100 %, 5, 16
2026/09/25 12:44:18.960, 0, P1, 2820 MHz, 13365 MHz, 461.56 W, 600.00 W, 600.00 W, 70, 17108 MiB, 100 %, 5, 16
2026/09/25 12:44:19.211, 0, P1, 2820 MHz, 13365 MHz, 461.56 W, 600.00 W, 600.00 W, 70, 17108 MiB, 100 %, 5, 16
2026/09/25 12:44:19.462, 0, P1, 2820 MHz, 13365 MHz, 461.11 W, 600.00 W, 600.00 W, 71, 17108 MiB, 100 %, 5, 16
2026/09/25 12:44:19.713, 0, P1, 2820 MHz, 13365 MHz, 461.11 W, 600.00 W, 600.00 W, 71, 17108 MiB, 100 %, 5, 16
2026/09/25 12:44:19.964, 0, P1, 2835 MHz, 13365 MHz, 479.80 W, 600.00 W, 600.00 W, 71, 17108 MiB, 100 %, 5, 16
2026/09/25 12:44:20.214, 0, P1, 2835 MHz, 13365 MHz, 479.80 W, 600.00 W, 600.00 W, 71, 17108 MiB, 100 %, 5, 16
2026/09/25 12:44:20.465, 0, P1, 2827 MHz, 13365 MHz, 484.82 W, 600.00 W, 600.00 W, 71, 17108 MiB, 100 %, 5, 16
2026/09/25 12:44:20.716, 0, P1, 2827 MHz, 13365 MHz, 484.82 W, 600.00 W, 600.00 W, 71, 17108 MiB, 100 %, 5, 16
2026/09/25 12:44:20.967, 0, P1, 2820 MHz, 13365 MHz, 468.26 W, 600.00 W, 600.00 W, 70, 17108 MiB, 100 %, 5, 16
2026/09/25 12:44:21.218, 0, P1, 2820 MHz, 13365 MHz, 468.26 W, 600.00 W, 600.00 W, 70, 17108 MiB, 100 %, 5, 16
2026/09/25 12:44:21.469, 0, P1, 2827 MHz, 13365 MHz, 468.11 W, 600.00 W, 600.00 W, 71, 17108 MiB, 100 %, 5, 16
2026/09/25 12:44:21.720, 0, P1, 2827 MHz, 13365 MHz, 468.11 W, 600.00 W, 600.00 W, 71, 17108 MiB, 100 %, 5, 16
2026/09/25 12:44:21.971, 0, P1, 2835 MHz, 13365 MHz, 484.30 W, 600.00 W, 600.00 W, 71, 17108 MiB, 100 %, 5, 16
2026/09/25 12:44:22.222, 0, P1, 2835 MHz, 13365 MHz, 484.30 W, 600.00 W, 600.00 W, 71, 17108 MiB, 100 %, 5, 16
2026/09/25 12:44:22.473, 0, P1, 2827 MHz, 13365 MHz, 485.47 W, 600.00 W, 600.00 W, 71, 17108 MiB, 100 %, 5, 16
2026/09/25 12:44:22.723, 0, P1, 2827 MHz, 13365 MHz, 485.47 W, 600.00 W, 600.00 W, 71, 17108 MiB, 100 %, 5, 16
2026/09/25 12:44:22.974, 0, P1, 2820 MHz, 13365 MHz, 467.14 W, 600.00 W, 600.00 W, 71, 17108 MiB, 100 %, 5, 16
2026/09/25 12:44:23.225, 0, P1, 2820 MHz, 13365 MHz, 467.14 W, 600.00 W, 600.00 W, 71, 17108 MiB, 100 %, 5, 16
2026/09/25 12:44:23.476, 0, P1, 2820 MHz, 13365 MHz, 463.92 W, 600.00 W, 600.00 W, 72, 17108 MiB, 100 %, 5, 16
2026/09/25 12:44:23.727, 0, P1, 2820 MHz, 13365 MHz, 463.92 W, 600.00 W, 600.00 W, 72, 17108 MiB, 100 %, 5, 16
2026/09/25 12:44:23.978, 0, P1, 2835 MHz, 13365 MHz, 484.30 W, 600.00 W, 600.00 W, 72, 17108 MiB, 100 %, 5, 16
2026/09/25 12:44:24.229, 0, P1, 2835 MHz, 13365 MHz, 484.30 W, 600.00 W, 600.00 W, 72, 17108 MiB, 100 %, 5, 16
2026/09/25 12:44:24.479, 0, P1, 2827 MHz, 13365 MHz, 486.71 W, 600.00 W, 600.00 W, 71, 17108 MiB, 100 %, 5, 16
2026/09/25 12:44:24.730, 0, P1, 2827 MHz, 13365 MHz, 486.71 W, 600.00 W, 600.00 W, 71, 17108 MiB, 100 %, 5, 16
2026/09/25 12:44:24.981, 0, P1, 2820 MHz, 13365 MHz, 465.51 W, 600.00 W, 600.00 W, 71, 17108 MiB, 100 %, 5, 16
2026/09/25 12:44:25.232, 0, P1, 2820 MHz, 13365 MHz, 465.51 W, 600.00 W, 600.00 W, 71, 17108 MiB, 100 %, 5, 16
2026/09/25 12:44:25.483, 0, P1, 2820 MHz, 13365 MHz, 463.00 W, 600.00 W, 600.00 W, 72, 17108 MiB, 100 %, 5, 16
2026/09/25 12:44:25.734, 0, P1, 2820 MHz, 13365 MHz, 463.00 W, 600.00 W, 600.00 W, 72, 17108 MiB, 100 %, 5, 16
2026/09/25 12:44:25.985, 0, P1, 2835 MHz, 13365 MHz, 482.72 W, 600.00 W, 600.00 W, 72, 17108 MiB, 100 %, 5, 16
2026/09/25 12:44:26.236, 0, P1, 2835 MHz, 13365 MHz, 482.72 W, 600.00 W, 600.00 W, 72, 17108 MiB, 100 %, 5, 16
2026/09/25 12:44:26.487, 0, P1, 2827 MHz, 13365 MHz, 487.90 W, 600.00 W, 600.00 W, 72, 17108 MiB, 100 %, 5, 16
2026/09/25 12:44:26.737, 0, P1, 2827 MHz, 13365 MHz, 487.90 W, 600.00 W, 600.00 W, 72, 17108 MiB, 100 %, 5, 16
2026/09/25 12:44:26.988, 0, P1, 2820 MHz, 13365 MHz, 474.45 W, 600.00 W, 600.00 W, 71, 17108 MiB, 100 %, 5, 16
2026/09/25 12:44:27.239, 0, P1, 2820 MHz, 13365 MHz, 474.45 W, 600.00 W, 600.00 W, 71, 17108 MiB, 100 %, 5, 16
2026/09/25 12:44:27.490, 0, P1, 2820 MHz, 13365 MHz, 469.95 W, 600.00 W, 600.00 W, 72, 17108 MiB, 100 %, 5, 16
2026/09/25 12:44:27.741, 0, P1, 2820 MHz, 13365 MHz, 469.95 W, 600.00 W, 600.00 W, 72, 17108 MiB, 100 %, 5, 16
2026/09/25 12:44:27.991, 0, P1, 2835 MHz, 13365 MHz, 485.39 W, 600.00 W, 600.00 W, 72, 17108 MiB, 100 %, 5, 16
2026/09/25 12:44:28.242, 0, P1, 2835 MHz, 13365 MHz, 485.39 W, 600.00 W, 600.00 W, 72, 17108 MiB, 100 %, 5, 16
2026/09/25 12:44:28.493, 0, P1, 2827 MHz, 13365 MHz, 489.23 W, 600.00 W, 600.00 W, 72, 17108 MiB, 100 %, 5, 16
2026/09/25 12:44:28.744, 0, P1, 2827 MHz, 13365 MHz, 489.23 W, 600.00 W, 600.00 W, 72, 17108 MiB, 100 %, 5, 16
2026/09/25 12:44:28.994, 0, P1, 2820 MHz, 13365 MHz, 470.27 W, 600.00 W, 600.00 W, 71, 17108 MiB, 100 %, 5, 16
2026/09/25 12:44:29.245, 0, P1, 2820 MHz, 13365 MHz, 470.27 W, 600.00 W, 600.00 W, 71, 17108 MiB, 100 %, 5, 16
2026/09/25 12:44:29.496, 0, P1, 2820 MHz, 13365 MHz, 464.76 W, 600.00 W, 600.00 W, 72, 17108 MiB, 100 %, 5, 16
2026/09/25 12:44:29.747, 0, P1, 2820 MHz, 13365 MHz, 464.76 W, 600.00 W, 600.00 W, 72, 17108 MiB, 100 %, 5, 16
2026/09/25 12:44:29.998, 0, P1, 2835 MHz, 13365 MHz, 484.17 W, 600.00 W, 600.00 W, 72, 17108 MiB, 100 %, 5, 16
2026/09/25 12:44:30.249, 0, P1, 2835 MHz, 13365 MHz, 484.17 W, 600.00 W, 600.00 W, 72, 17108 MiB, 100 %, 5, 16
2026/09/25 12:44:30.500, 0, P1, 2827 MHz, 13365 MHz, 488.96 W, 600.00 W, 600.00 W, 72, 17108 MiB, 100 %, 5, 16
2026/09/25 12:44:30.751, 0, P1, 2827 MHz, 13365 MHz, 488.96 W, 600.00 W, 600.00 W, 72, 17108 MiB, 100 %, 5, 16
2026/09/25 12:44:31.002, 0, P1, 2820 MHz, 13365 MHz, 475.47 W, 600.00 W, 600.00 W, 72, 17108 MiB, 100 %, 5, 16
2026/09/25 12:44:31.252, 0, P1, 2820 MHz, 13365 MHz, 475.47 W, 600.00 W, 600.00 W, 72, 17108 MiB, 100 %, 5, 16
2026/09/25 12:44:31.503, 0, P1, 2820 MHz, 13365 MHz, 471.43 W, 600.00 W, 600.00 W, 72, 17108 MiB, 100 %, 5, 16
2026/09/25 12:44:31.754, 0, P1, 2820 MHz, 13365 MHz, 471.43 W, 600.00 W, 600.00 W, 72, 17108 MiB, 100 %, 5, 16
2026/09/25 12:44:32.005, 0, P1, 2835 MHz, 13365 MHz, 486.54 W, 600.00 W, 600.00 W, 73, 17108 MiB, 100 %, 5, 16
2026/09/25 12:44:32.256, 0, P1, 2835 MHz, 13365 MHz, 486.54 W, 600.00 W, 600.00 W, 73, 17108 MiB, 100 %, 5, 16
2026/09/25 12:44:32.507, 0, P1, 2827 MHz, 13365 MHz, 490.34 W, 600.00 W, 600.00 W, 72, 17108 MiB, 100 %, 5, 16
2026/09/25 12:44:32.757, 0, P1, 2827 MHz, 13365 MHz, 490.34 W, 600.00 W, 600.00 W, 72, 17108 MiB, 100 %, 5, 16
2026/09/25 12:44:33.008, 0, P1, 2820 MHz, 13365 MHz, 470.90 W, 600.00 W, 600.00 W, 72, 17108 MiB, 100 %, 5, 16
2026/09/25 12:44:33.259, 0, P1, 2820 MHz, 13365 MHz, 470.90 W, 600.00 W, 600.00 W, 72, 17108 MiB, 100 %, 5, 16
2026/09/25 12:44:33.510, 0, P1, 2820 MHz, 13365 MHz, 463.91 W, 600.00 W, 600.00 W, 73, 17108 MiB, 100 %, 5, 16
2026/09/25 12:44:33.761, 0, P1, 2820 MHz, 13365 MHz, 463.91 W, 600.00 W, 600.00 W, 73, 17108 MiB, 100 %, 5, 16
2026/09/25 12:44:34.011, 0, P1, 2835 MHz, 13365 MHz, 485.36 W, 600.00 W, 600.00 W, 73, 17108 MiB, 100 %, 5, 16
2026/09/25 12:44:34.262, 0, P1, 2835 MHz, 13365 MHz, 485.36 W, 600.00 W, 600.00 W, 73, 17108 MiB, 100 %, 5, 16
2026/09/25 12:44:34.513, 0, P1, 2827 MHz, 13365 MHz, 489.79 W, 600.00 W, 600.00 W, 72, 17108 MiB, 100 %, 5, 16
2026/09/25 12:44:34.764, 0, P1, 2827 MHz, 13365 MHz, 489.79 W, 600.00 W, 600.00 W, 72, 17108 MiB, 100 %, 5, 16
2026/09/25 12:44:35.015, 0, P1, 2820 MHz, 13365 MHz, 473.59 W, 600.00 W, 600.00 W, 72, 17108 MiB, 100 %, 5, 16
2026/09/25 12:44:35.266, 0, P1, 2820 MHz, 13365 MHz, 473.59 W, 600.00 W, 600.00 W, 72, 17108 MiB, 100 %, 5, 16
2026/09/25 12:44:35.516, 0, P1, 2820 MHz, 13365 MHz, 470.27 W, 600.00 W, 600.00 W, 73, 17108 MiB, 100 %, 5, 16
2026/09/25 12:44:35.767, 0, P1, 2820 MHz, 13365 MHz, 470.27 W, 600.00 W, 600.00 W, 73, 17108 MiB, 100 %, 5, 16
2026/09/25 12:44:36.018, 0, P1, 2835 MHz, 13365 MHz, 486.39 W, 600.00 W, 600.00 W, 73, 17108 MiB, 100 %, 5, 16
2026/09/25 12:44:36.269, 0, P1, 2835 MHz, 13365 MHz, 486.39 W, 600.00 W, 600.00 W, 73, 17108 MiB, 100 %, 5, 16
2026/09/25 12:44:36.520, 0, P1, 2812 MHz, 13365 MHz, 489.89 W, 600.00 W, 600.00 W, 73, 17108 MiB, 100 %, 5, 16
2026/09/25 12:44:36.770, 0, P1, 2812 MHz, 13365 MHz, 489.89 W, 600.00 W, 600.00 W, 73, 17108 MiB, 100 %, 5, 16
2026/09/25 12:44:37.021, 0, P1, 2805 MHz, 13365 MHz, 467.70 W, 600.00 W, 600.00 W, 72, 17108 MiB, 100 %, 5, 16
2026/09/25 12:44:37.272, 0, P1, 2805 MHz, 13365 MHz, 467.70 W, 600.00 W, 600.00 W, 72, 17108 MiB, 100 %, 5, 16
2026/09/25 12:44:37.523, 0, P1, 2812 MHz, 13365 MHz, 467.48 W, 600.00 W, 600.00 W, 73, 17108 MiB, 100 %, 5, 16
2026/09/25 12:44:37.774, 0, P1, 2812 MHz, 13365 MHz, 467.48 W, 600.00 W, 600.00 W, 73, 17108 MiB, 100 %, 5, 16
2026/09/25 12:44:38.024, 0, P1, 2820 MHz, 13365 MHz, 489.66 W, 600.00 W, 600.00 W, 73, 17108 MiB, 100 %, 5, 16
2026/09/25 12:44:38.275, 0, P1, 2820 MHz, 13365 MHz, 489.66 W, 600.00 W, 600.00 W, 73, 17108 MiB, 100 %, 5, 16
2026/09/25 12:44:38.526, 0, P1, 2820 MHz, 13365 MHz, 487.83 W, 600.00 W, 600.00 W, 73, 17108 MiB, 100 %, 5, 16
2026/09/25 12:44:38.777, 0, P1, 2820 MHz, 13365 MHz, 487.83 W, 600.00 W, 600.00 W, 73, 17108 MiB, 100 %, 5, 16
2026/09/25 12:44:39.028, 0, P1, 2820 MHz, 13365 MHz, 472.98 W, 600.00 W, 600.00 W, 73, 17108 MiB, 100 %, 5, 16
2026/09/25 12:44:39.279, 0, P1, 2820 MHz, 13365 MHz, 472.98 W, 600.00 W, 600.00 W, 73, 17108 MiB, 100 %, 5, 16
2026/09/25 12:44:39.530, 0, P1, 2820 MHz, 13365 MHz, 473.88 W, 600.00 W, 600.00 W, 73, 17108 MiB, 100 %, 5, 16
2026/09/25 12:44:39.781, 0, P1, 2820 MHz, 13365 MHz, 473.88 W, 600.00 W, 600.00 W, 73, 17108 MiB, 100 %, 5, 16
2026/09/25 12:44:40.032, 0, P1, 2820 MHz, 13365 MHz, 491.38 W, 600.00 W, 600.00 W, 73, 17108 MiB, 100 %, 5, 16
2026/09/25 12:44:40.282, 0, P1, 2820 MHz, 13365 MHz, 491.38 W, 600.00 W, 600.00 W, 73, 17108 MiB, 100 %, 5, 16
2026/09/25 12:44:40.533, 0, P1, 2812 MHz, 13365 MHz, 487.73 W, 600.00 W, 600.00 W, 73, 17108 MiB, 100 %, 5, 16
2026/09/25 12:44:40.784, 0, P1, 2812 MHz, 13365 MHz, 487.73 W, 600.00 W, 600.00 W, 73, 17108 MiB, 100 %, 5, 16
2026/09/25 12:44:41.035, 0, P1, 2805 MHz, 13365 MHz, 466.99 W, 600.00 W, 600.00 W, 73, 17108 MiB, 100 %, 5, 16
2026/09/25 12:44:41.286, 0, P1, 2805 MHz, 13365 MHz, 466.99 W, 600.00 W, 600.00 W, 73, 17108 MiB, 100 %, 5, 16
2026/09/25 12:44:41.537, 0, P1, 2812 MHz, 13365 MHz, 467.36 W, 600.00 W, 600.00 W, 73, 17108 MiB, 100 %, 5, 16
2026/09/25 12:44:41.788, 0, P1, 2812 MHz, 13365 MHz, 467.36 W, 600.00 W, 600.00 W, 73, 17108 MiB, 100 %, 5, 16
2026/09/25 12:44:42.038, 0, P1, 2820 MHz, 13365 MHz, 490.33 W, 600.00 W, 600.00 W, 74, 17108 MiB, 100 %, 5, 16
2026/09/25 12:44:42.289, 0, P1, 2820 MHz, 13365 MHz, 490.33 W, 600.00 W, 600.00 W, 74, 17108 MiB, 100 %, 5, 16
2026/09/25 12:44:42.540, 0, P1, 2820 MHz, 13365 MHz, 489.65 W, 600.00 W, 600.00 W, 73, 17108 MiB, 100 %, 5, 16
2026/09/25 12:44:42.791, 0, P1, 2820 MHz, 13365 MHz, 489.65 W, 600.00 W, 600.00 W, 73, 17108 MiB, 100 %, 5, 16
2026/09/25 12:44:43.042, 0, P1, 2812 MHz, 13365 MHz, 473.61 W, 600.00 W, 600.00 W, 73, 17108 MiB, 100 %, 5, 16
2026/09/25 12:44:43.293, 0, P1, 2812 MHz, 13365 MHz, 473.61 W, 600.00 W, 600.00 W, 73, 17108 MiB, 100 %, 5, 16
2026/09/25 12:44:43.543, 0, P1, 2812 MHz, 13365 MHz, 474.40 W, 600.00 W, 600.00 W, 74, 17108 MiB, 100 %, 5, 16
2026/09/25 12:44:43.794, 0, P1, 2812 MHz, 13365 MHz, 474.40 W, 600.00 W, 600.00 W, 74, 17108 MiB, 100 %, 5, 16
2026/09/25 12:44:44.045, 0, P1, 2820 MHz, 13365 MHz, 492.31 W, 600.00 W, 600.00 W, 74, 17108 MiB, 100 %, 5, 16
2026/09/25 12:44:44.296, 0, P1, 2820 MHz, 13365 MHz, 492.31 W, 600.00 W, 600.00 W, 74, 2 MiB, 100 %, 5, 16
2026/09/25 12:44:44.548, 0, P0, 2835 MHz, 14001 MHz, 378.76 W, 600.00 W, 600.00 W, 67, 2 MiB, 14 %, 5, 16
2026/09/25 12:44:44.799, 0, P0, 2835 MHz, 14001 MHz, 378.76 W, 600.00 W, 600.00 W, 67, 2 MiB, 14 %, 5, 16
2026/09/25 12:44:45.050, 0, P0, 2835 MHz, 14001 MHz, 203.28 W, 600.00 W, 600.00 W, 66, 2 MiB, 0 %, 5, 16
2026/09/25 12:44:45.300, 0, P0, 2835 MHz, 14001 MHz, 203.28 W, 600.00 W, 600.00 W, 66, 4 MiB, 0 %, 5, 16
2026/09/25 12:44:45.552, 0, P1, 2835 MHz, 14001 MHz, 118.43 W, 600.00 W, 600.00 W, 66, 596 MiB, 1 %, 5, 16
2026/09/25 12:44:45.802, 0, P1, 2835 MHz, 14001 MHz, 118.43 W, 600.00 W, 600.00 W, 66, 2132 MiB, 1 %, 5, 16
2026/09/25 12:44:46.052, 0, P1, 2835 MHz, 13365 MHz, 116.41 W, 600.00 W, 600.00 W, 65, 3156 MiB, 11 %, 5, 16
2026/09/25 12:44:46.303, 0, P1, 2835 MHz, 13365 MHz, 116.41 W, 600.00 W, 600.00 W, 65, 4180 MiB, 11 %, 5, 16
2026/09/25 12:44:46.553, 0, P1, 2617 MHz, 13365 MHz, 105.23 W, 600.00 W, 600.00 W, 64, 5140 MiB, 12 %, 5, 16
2026/09/25 12:44:46.804, 0, P1, 2617 MHz, 13365 MHz, 105.23 W, 600.00 W, 600.00 W, 64, 6068 MiB, 12 %, 5, 16
2026/09/25 12:44:47.054, 0, P1, 2617 MHz, 13365 MHz, 95.01 W, 600.00 W, 600.00 W, 64, 6964 MiB, 10 %, 5, 16
2026/09/25 12:44:47.305, 0, P1, 2617 MHz, 13365 MHz, 95.01 W, 600.00 W, 600.00 W, 64, 7892 MiB, 10 %, 5, 16
2026/09/25 12:44:47.555, 0, P1, 2617 MHz, 13365 MHz, 94.03 W, 600.00 W, 600.00 W, 63, 8788 MiB, 10 %, 5, 16
2026/09/25 12:44:47.806, 0, P1, 2617 MHz, 13365 MHz, 94.03 W, 600.00 W, 600.00 W, 63, 9716 MiB, 10 %, 5, 16
2026/09/25 12:44:48.056, 0, P1, 2617 MHz, 13365 MHz, 93.50 W, 600.00 W, 600.00 W, 63, 10644 MiB, 10 %, 5, 16
2026/09/25 12:44:48.307, 0, P1, 2617 MHz, 13365 MHz, 93.50 W, 600.00 W, 600.00 W, 63, 11572 MiB, 10 %, 5, 16
2026/09/25 12:44:48.557, 0, P1, 2617 MHz, 13365 MHz, 93.41 W, 600.00 W, 600.00 W, 63, 12468 MiB, 10 %, 5, 16
2026/09/25 12:44:48.808, 0, P1, 2617 MHz, 13365 MHz, 93.41 W, 600.00 W, 600.00 W, 63, 13396 MiB, 10 %, 5, 16
2026/09/25 12:44:49.058, 0, P1, 2617 MHz, 13365 MHz, 93.59 W, 600.00 W, 600.00 W, 63, 14324 MiB, 11 %, 5, 16
2026/09/25 12:44:49.309, 0, P1, 2617 MHz, 13365 MHz, 93.59 W, 600.00 W, 600.00 W, 63, 14740 MiB, 11 %, 5, 16
2026/09/25 12:44:49.559, 0, P1, 2617 MHz, 13365 MHz, 92.77 W, 600.00 W, 600.00 W, 62, 14740 MiB, 0 %, 5, 16
2026/09/25 12:44:49.810, 0, P1, 2617 MHz, 13365 MHz, 92.77 W, 600.00 W, 600.00 W, 62, 14740 MiB, 0 %, 5, 16
2026/09/25 12:44:50.060, 0, P1, 2610 MHz, 13365 MHz, 90.92 W, 600.00 W, 600.00 W, 62, 14740 MiB, 0 %, 5, 16
2026/09/25 12:44:50.310, 0, P1, 2610 MHz, 13365 MHz, 90.92 W, 600.00 W, 600.00 W, 62, 14740 MiB, 0 %, 5, 16
2026/09/25 12:44:50.561, 0, P1, 2610 MHz, 13365 MHz, 90.31 W, 600.00 W, 600.00 W, 62, 14740 MiB, 0 %, 5, 16
2026/09/25 12:44:50.811, 0, P1, 2610 MHz, 13365 MHz, 90.31 W, 600.00 W, 600.00 W, 62, 14740 MiB, 0 %, 5, 16
2026/09/25 12:44:51.062, 0, P1, 2610 MHz, 13365 MHz, 90.31 W, 600.00 W, 600.00 W, 62, 14740 MiB, 0 %, 5, 16
2026/09/25 12:44:51.312, 0, P1, 2610 MHz, 13365 MHz, 90.31 W, 600.00 W, 600.00 W, 62, 14740 MiB, 0 %, 5, 16
2026/09/25 12:44:51.562, 0, P1, 2610 MHz, 13365 MHz, 87.96 W, 600.00 W, 600.00 W, 62, 14740 MiB, 0 %, 5, 16
2026/09/25 12:44:51.813, 0, P1, 2610 MHz, 13365 MHz, 87.96 W, 600.00 W, 600.00 W, 62, 14740 MiB, 0 %, 5, 16
2026/09/25 12:44:52.063, 0, P1, 2610 MHz, 13365 MHz, 87.96 W, 600.00 W, 600.00 W, 62, 14740 MiB, 0 %, 5, 16
2026/09/25 12:44:52.313, 0, P1, 2610 MHz, 13365 MHz, 87.96 W, 600.00 W, 600.00 W, 62, 14740 MiB, 0 %, 5, 16
2026/09/25 12:44:52.564, 0, P1, 2610 MHz, 13365 MHz, 87.24 W, 600.00 W, 600.00 W, 61, 14740 MiB, 0 %, 5, 16
2026/09/25 12:44:52.814, 0, P1, 2610 MHz, 13365 MHz, 87.24 W, 600.00 W, 600.00 W, 61, 14740 MiB, 0 %, 5, 16
2026/09/25 12:44:53.064, 0, P1, 2610 MHz, 13365 MHz, 87.24 W, 600.00 W, 600.00 W, 61, 14740 MiB, 0 %, 5, 16
2026/09/25 12:44:53.315, 0, P1, 2610 MHz, 13365 MHz, 87.24 W, 600.00 W, 600.00 W, 61, 14740 MiB, 0 %, 5, 16
2026/09/25 12:44:53.565, 0, P1, 2610 MHz, 13365 MHz, 87.13 W, 600.00 W, 600.00 W, 61, 14740 MiB, 0 %, 5, 16
2026/09/25 12:44:53.815, 0, P1, 2610 MHz, 13365 MHz, 87.13 W, 600.00 W, 600.00 W, 61, 14740 MiB, 0 %, 5, 16
2026/09/25 12:44:54.066, 0, P1, 2610 MHz, 13365 MHz, 87.13 W, 600.00 W, 600.00 W, 61, 14740 MiB, 0 %, 5, 16
2026/09/25 12:44:54.316, 0, P1, 2610 MHz, 13365 MHz, 87.13 W, 600.00 W, 600.00 W, 61, 14740 MiB, 0 %, 5, 16
2026/09/25 12:44:54.567, 0, P1, 2610 MHz, 13365 MHz, 85.76 W, 600.00 W, 600.00 W, 60, 14740 MiB, 0 %, 5, 16
2026/09/25 12:44:54.817, 0, P1, 2610 MHz, 13365 MHz, 85.76 W, 600.00 W, 600.00 W, 60, 14740 MiB, 0 %, 5, 16
2026/09/25 12:44:55.067, 0, P1, 2610 MHz, 13365 MHz, 85.76 W, 600.00 W, 600.00 W, 60, 14740 MiB, 0 %, 5, 16
2026/09/25 12:44:55.318, 0, P1, 2610 MHz, 13365 MHz, 85.76 W, 600.00 W, 600.00 W, 60, 14740 MiB, 0 %, 5, 16
2026/09/25 12:44:55.569, 0, P1, 2610 MHz, 13365 MHz, 84.98 W, 600.00 W, 600.00 W, 60, 14740 MiB, 0 %, 5, 16
2026/09/25 12:44:55.819, 0, P1, 2610 MHz, 13365 MHz, 84.98 W, 600.00 W, 600.00 W, 60, 14740 MiB, 0 %, 5, 16
2026/09/25 12:44:56.070, 0, P1, 2610 MHz, 13365 MHz, 85.26 W, 600.00 W, 600.00 W, 60, 14740 MiB, 0 %, 5, 16
2026/09/25 12:44:56.321, 0, P1, 2610 MHz, 13365 MHz, 85.26 W, 600.00 W, 600.00 W, 60, 14740 MiB, 0 %, 5, 16
2026/09/25 12:44:56.572, 0, P1, 2610 MHz, 13365 MHz, 85.88 W, 600.00 W, 600.00 W, 60, 14740 MiB, 0 %, 5, 16
2026/09/25 12:44:56.823, 0, P1, 2610 MHz, 13365 MHz, 85.88 W, 600.00 W, 600.00 W, 60, 14740 MiB, 0 %, 5, 16
2026/09/25 12:44:57.073, 0, P1, 2610 MHz, 13365 MHz, 85.88 W, 600.00 W, 600.00 W, 60, 14740 MiB, 0 %, 5, 16
2026/09/25 12:44:57.324, 0, P1, 2610 MHz, 13365 MHz, 85.88 W, 600.00 W, 600.00 W, 60, 15892 MiB, 0 %, 5, 16
2026/09/25 12:44:57.575, 0, P1, 2610 MHz, 13365 MHz, 116.66 W, 600.00 W, 600.00 W, 63, 16500 MiB, 59 %, 5, 16
2026/09/25 12:44:57.825, 0, P1, 2610 MHz, 13365 MHz, 116.66 W, 600.00 W, 600.00 W, 63, 16820 MiB, 59 %, 5, 16
2026/09/25 12:44:58.076, 0, P1, 2820 MHz, 13365 MHz, 202.62 W, 600.00 W, 600.00 W, 67, 16820 MiB, 100 %, 5, 16
2026/09/25 12:44:58.327, 0, P1, 2820 MHz, 13365 MHz, 202.62 W, 600.00 W, 600.00 W, 67, 16820 MiB, 100 %, 5, 16
2026/09/25 12:44:58.578, 0, P1, 2820 MHz, 13365 MHz, 431.16 W, 600.00 W, 600.00 W, 67, 16820 MiB, 100 %, 5, 16
2026/09/25 12:44:58.828, 0, P1, 2820 MHz, 13365 MHz, 431.16 W, 600.00 W, 600.00 W, 67, 16820 MiB, 100 %, 5, 16
2026/09/25 12:44:59.079, 0, P1, 2820 MHz, 13365 MHz, 461.87 W, 600.00 W, 600.00 W, 68, 16820 MiB, 100 %, 5, 16
2026/09/25 12:44:59.330, 0, P1, 2820 MHz, 13365 MHz, 461.87 W, 600.00 W, 600.00 W, 68, 16820 MiB, 100 %, 5, 16
2026/09/25 12:44:59.581, 0, P1, 2835 MHz, 13365 MHz, 480.05 W, 600.00 W, 600.00 W, 69, 16820 MiB, 100 %, 5, 16
2026/09/25 12:44:59.832, 0, P1, 2835 MHz, 13365 MHz, 480.05 W, 600.00 W, 600.00 W, 69, 16820 MiB, 100 %, 5, 16
2026/09/25 12:45:00.083, 0, P1, 2827 MHz, 13365 MHz, 476.76 W, 600.00 W, 600.00 W, 68, 17108 MiB, 100 %, 5, 16
2026/09/25 12:45:00.335, 0, P1, 2827 MHz, 13365 MHz, 476.76 W, 600.00 W, 600.00 W, 68, 17108 MiB, 100 %, 5, 16
2026/09/25 12:45:00.586, 0, P1, 2812 MHz, 13365 MHz, 457.47 W, 600.00 W, 600.00 W, 68, 17108 MiB, 100 %, 5, 16
2026/09/25 12:45:00.836, 0, P1, 2812 MHz, 13365 MHz, 457.47 W, 600.00 W, 600.00 W, 68, 17108 MiB, 100 %, 5, 16
2026/09/25 12:45:01.087, 0, P1, 2820 MHz, 13365 MHz, 457.26 W, 600.00 W, 600.00 W, 69, 17108 MiB, 100 %, 5, 16
2026/09/25 12:45:01.338, 0, P1, 2820 MHz, 13365 MHz, 457.26 W, 600.00 W, 600.00 W, 69, 17108 MiB, 100 %, 5, 16
2026/09/25 12:45:01.589, 0, P1, 2827 MHz, 13365 MHz, 479.34 W, 600.00 W, 600.00 W, 69, 17108 MiB, 100 %, 5, 16
2026/09/25 12:45:01.840, 0, P1, 2827 MHz, 13365 MHz, 479.34 W, 600.00 W, 600.00 W, 69, 17108 MiB, 100 %, 5, 16
2026/09/25 12:45:02.091, 0, P1, 2827 MHz, 13365 MHz, 479.03 W, 600.00 W, 600.00 W, 69, 17108 MiB, 100 %, 5, 16
2026/09/25 12:45:02.342, 0, P1, 2827 MHz, 13365 MHz, 479.03 W, 600.00 W, 600.00 W, 69, 17108 MiB, 100 %, 5, 16
2026/09/25 12:45:02.593, 0, P1, 2820 MHz, 13365 MHz, 461.89 W, 600.00 W, 600.00 W, 69, 17108 MiB, 100 %, 5, 16
2026/09/25 12:45:02.844, 0, P1, 2820 MHz, 13365 MHz, 461.89 W, 600.00 W, 600.00 W, 69, 17108 MiB, 100 %, 5, 16
2026/09/25 12:45:03.094, 0, P1, 2820 MHz, 13365 MHz, 464.77 W, 600.00 W, 600.00 W, 69, 17108 MiB, 100 %, 5, 16
2026/09/25 12:45:03.345, 0, P1, 2820 MHz, 13365 MHz, 464.77 W, 600.00 W, 600.00 W, 69, 17108 MiB, 100 %, 5, 16
2026/09/25 12:45:03.596, 0, P1, 2827 MHz, 13365 MHz, 482.44 W, 600.00 W, 600.00 W, 70, 17108 MiB, 100 %, 5, 16
2026/09/25 12:45:03.847, 0, P1, 2827 MHz, 13365 MHz, 482.44 W, 600.00 W, 600.00 W, 70, 17108 MiB, 100 %, 5, 16
2026/09/25 12:45:04.098, 0, P1, 2827 MHz, 13365 MHz, 480.36 W, 600.00 W, 600.00 W, 69, 17108 MiB, 100 %, 5, 16
2026/09/25 12:45:04.349, 0, P1, 2827 MHz, 13365 MHz, 480.36 W, 600.00 W, 600.00 W, 69, 17108 MiB, 100 %, 5, 16
2026/09/25 12:45:04.600, 0, P1, 2812 MHz, 13365 MHz, 455.71 W, 600.00 W, 600.00 W, 69, 17108 MiB, 100 %, 5, 16
2026/09/25 12:45:04.851, 0, P1, 2812 MHz, 13365 MHz, 455.71 W, 600.00 W, 600.00 W, 69, 17108 MiB, 100 %, 5, 16
2026/09/25 12:45:05.102, 0, P1, 2820 MHz, 13365 MHz, 458.00 W, 600.00 W, 600.00 W, 70, 17108 MiB, 100 %, 5, 16
2026/09/25 12:45:05.352, 0, P1, 2820 MHz, 13365 MHz, 458.00 W, 600.00 W, 600.00 W, 70, 17108 MiB, 100 %, 5, 16
2026/09/25 12:45:05.603, 0, P1, 2835 MHz, 13365 MHz, 479.30 W, 600.00 W, 600.00 W, 70, 17108 MiB, 100 %, 5, 16
2026/09/25 12:45:05.854, 0, P1, 2835 MHz, 13365 MHz, 479.30 W, 600.00 W, 600.00 W, 70, 17108 MiB, 100 %, 5, 16
2026/09/25 12:45:06.105, 0, P1, 2827 MHz, 13365 MHz, 481.39 W, 600.00 W, 600.00 W, 70, 17108 MiB, 100 %, 5, 16
2026/09/25 12:45:06.356, 0, P1, 2827 MHz, 13365 MHz, 481.39 W, 600.00 W, 600.00 W, 70, 17108 MiB, 100 %, 5, 16
2026/09/25 12:45:06.607, 0, P1, 2820 MHz, 13365 MHz, 466.47 W, 600.00 W, 600.00 W, 69, 17108 MiB, 100 %, 5, 16
2026/09/25 12:45:06.858, 0, P1, 2820 MHz, 13365 MHz, 466.47 W, 600.00 W, 600.00 W, 69, 17108 MiB, 100 %, 5, 16
2026/09/25 12:45:07.109, 0, P1, 2820 MHz, 13365 MHz, 466.66 W, 600.00 W, 600.00 W, 70, 17108 MiB, 100 %, 5, 16
2026/09/25 12:45:07.359, 0, P1, 2820 MHz, 13365 MHz, 466.66 W, 600.00 W, 600.00 W, 70, 17108 MiB, 100 %, 5, 16
2026/09/25 12:45:07.610, 0, P1, 2835 MHz, 13365 MHz, 483.80 W, 600.00 W, 600.00 W, 70, 17108 MiB, 100 %, 5, 16
2026/09/25 12:45:07.861, 0, P1, 2835 MHz, 13365 MHz, 483.80 W, 600.00 W, 600.00 W, 70, 17108 MiB, 100 %, 5, 16
2026/09/25 12:45:08.112, 0, P1, 2827 MHz, 13365 MHz, 481.41 W, 600.00 W, 600.00 W, 70, 17108 MiB, 100 %, 5, 16
2026/09/25 12:45:08.362, 0, P1, 2827 MHz, 13365 MHz, 481.41 W, 600.00 W, 600.00 W, 70, 17108 MiB, 100 %, 5, 16
2026/09/25 12:45:08.613, 0, P1, 2812 MHz, 13365 MHz, 461.43 W, 600.00 W, 600.00 W, 70, 17108 MiB, 100 %, 5, 16
2026/09/25 12:45:08.864, 0, P1, 2812 MHz, 13365 MHz, 461.43 W, 600.00 W, 600.00 W, 70, 17108 MiB, 100 %, 5, 16
2026/09/25 12:45:09.115, 0, P1, 2820 MHz, 13365 MHz, 460.56 W, 600.00 W, 600.00 W, 70, 17108 MiB, 100 %, 5, 16
2026/09/25 12:45:09.366, 0, P1, 2820 MHz, 13365 MHz, 460.56 W, 600.00 W, 600.00 W, 70, 17108 MiB, 100 %, 5, 16
2026/09/25 12:45:09.617, 0, P1, 2835 MHz, 13365 MHz, 482.91 W, 600.00 W, 600.00 W, 70, 17108 MiB, 100 %, 5, 16
2026/09/25 12:45:09.868, 0, P1, 2835 MHz, 13365 MHz, 482.91 W, 600.00 W, 600.00 W, 70, 17108 MiB, 100 %, 5, 16
2026/09/25 12:45:10.118, 0, P1, 2827 MHz, 13365 MHz, 482.19 W, 600.00 W, 600.00 W, 70, 17108 MiB, 100 %, 5, 16
2026/09/25 12:45:10.369, 0, P1, 2827 MHz, 13365 MHz, 482.19 W, 600.00 W, 600.00 W, 70, 17108 MiB, 100 %, 5, 16
2026/09/25 12:45:10.620, 0, P1, 2827 MHz, 13365 MHz, 467.26 W, 600.00 W, 600.00 W, 70, 17108 MiB, 100 %, 5, 16
2026/09/25 12:45:10.871, 0, P1, 2827 MHz, 13365 MHz, 467.26 W, 600.00 W, 600.00 W, 70, 17108 MiB, 100 %, 5, 16
2026/09/25 12:45:11.122, 0, P1, 2820 MHz, 13365 MHz, 467.22 W, 600.00 W, 600.00 W, 71, 17108 MiB, 100 %, 5, 16
2026/09/25 12:45:11.373, 0, P1, 2820 MHz, 13365 MHz, 467.22 W, 600.00 W, 600.00 W, 71, 17108 MiB, 100 %, 5, 16
2026/09/25 12:45:11.624, 0, P1, 2835 MHz, 13365 MHz, 484.67 W, 600.00 W, 600.00 W, 71, 17108 MiB, 100 %, 5, 16
2026/09/25 12:45:11.874, 0, P1, 2835 MHz, 13365 MHz, 484.67 W, 600.00 W, 600.00 W, 71, 17108 MiB, 100 %, 5, 16
2026/09/25 12:45:12.125, 0, P1, 2827 MHz, 13365 MHz, 481.82 W, 600.00 W, 600.00 W, 70, 17108 MiB, 100 %, 5, 16
2026/09/25 12:45:12.376, 0, P1, 2827 MHz, 13365 MHz, 481.82 W, 600.00 W, 600.00 W, 70, 17108 MiB, 100 %, 5, 16
2026/09/25 12:45:12.627, 0, P1, 2820 MHz, 13365 MHz, 462.92 W, 600.00 W, 600.00 W, 70, 17108 MiB, 100 %, 5, 16
2026/09/25 12:45:12.878, 0, P1, 2820 MHz, 13365 MHz, 462.92 W, 600.00 W, 600.00 W, 70, 17108 MiB, 100 %, 5, 16
2026/09/25 12:45:13.129, 0, P1, 2820 MHz, 13365 MHz, 462.75 W, 600.00 W, 600.00 W, 71, 17108 MiB, 100 %, 5, 16
2026/09/25 12:45:13.380, 0, P1, 2820 MHz, 13365 MHz, 462.75 W, 600.00 W, 600.00 W, 71, 17108 MiB, 100 %, 5, 16
2026/09/25 12:45:13.631, 0, P1, 2835 MHz, 13365 MHz, 482.50 W, 600.00 W, 600.00 W, 71, 17108 MiB, 100 %, 5, 16
2026/09/25 12:45:13.881, 0, P1, 2835 MHz, 13365 MHz, 482.50 W, 600.00 W, 600.00 W, 71, 17108 MiB, 100 %, 5, 16
2026/09/25 12:45:14.133, 0, P1, 2827 MHz, 13365 MHz, 484.15 W, 600.00 W, 600.00 W, 71, 17108 MiB, 100 %, 5, 16
2026/09/25 12:45:14.383, 0, P1, 2827 MHz, 13365 MHz, 484.15 W, 600.00 W, 600.00 W, 71, 17108 MiB, 100 %, 5, 16
2026/09/25 12:45:14.634, 0, P1, 2820 MHz, 13365 MHz, 466.31 W, 600.00 W, 600.00 W, 70, 17108 MiB, 100 %, 5, 16
2026/09/25 12:45:14.885, 0, P1, 2820 MHz, 13365 MHz, 466.31 W, 600.00 W, 600.00 W, 70, 17108 MiB, 100 %, 5, 16
2026/09/25 12:45:15.136, 0, P1, 2820 MHz, 13365 MHz, 469.51 W, 600.00 W, 600.00 W, 71, 17108 MiB, 100 %, 5, 16
2026/09/25 12:45:15.387, 0, P1, 2820 MHz, 13365 MHz, 469.51 W, 600.00 W, 600.00 W, 71, 17108 MiB, 100 %, 5, 16
2026/09/25 12:45:15.638, 0, P1, 2835 MHz, 13365 MHz, 483.92 W, 600.00 W, 600.00 W, 71, 17108 MiB, 100 %, 5, 16
2026/09/25 12:45:15.888, 0, P1, 2835 MHz, 13365 MHz, 483.92 W, 600.00 W, 600.00 W, 71, 17108 MiB, 100 %, 5, 16
2026/09/25 12:45:16.139, 0, P1, 2827 MHz, 13365 MHz, 483.99 W, 600.00 W, 600.00 W, 71, 17108 MiB, 100 %, 5, 16
2026/09/25 12:45:16.390, 0, P1, 2827 MHz, 13365 MHz, 483.99 W, 600.00 W, 600.00 W, 71, 17108 MiB, 100 %, 5, 16
2026/09/25 12:45:16.641, 0, P1, 2812 MHz, 13365 MHz, 463.59 W, 600.00 W, 600.00 W, 71, 17108 MiB, 100 %, 5, 16
2026/09/25 12:45:16.891, 0, P1, 2812 MHz, 13365 MHz, 463.59 W, 600.00 W, 600.00 W, 71, 17108 MiB, 100 %, 5, 16
2026/09/25 12:45:17.142, 0, P1, 2820 MHz, 13365 MHz, 463.25 W, 600.00 W, 600.00 W, 71, 17108 MiB, 100 %, 5, 16
2026/09/25 12:45:17.393, 0, P1, 2820 MHz, 13365 MHz, 463.25 W, 600.00 W, 600.00 W, 71, 17108 MiB, 100 %, 5, 16
2026/09/25 12:45:17.644, 0, P1, 2835 MHz, 13365 MHz, 482.66 W, 600.00 W, 600.00 W, 72, 17108 MiB, 100 %, 5, 16
2026/09/25 12:45:17.895, 0, P1, 2835 MHz, 13365 MHz, 482.66 W, 600.00 W, 600.00 W, 72, 17108 MiB, 100 %, 5, 16
2026/09/25 12:45:18.145, 0, P1, 2827 MHz, 13365 MHz, 484.02 W, 600.00 W, 600.00 W, 71, 17108 MiB, 100 %, 5, 16
2026/09/25 12:45:18.396, 0, P1, 2827 MHz, 13365 MHz, 484.02 W, 600.00 W, 600.00 W, 71, 17108 MiB, 100 %, 5, 16
2026/09/25 12:45:18.647, 0, P1, 2820 MHz, 13365 MHz, 461.80 W, 600.00 W, 600.00 W, 71, 17108 MiB, 100 %, 5, 16
2026/09/25 12:45:18.898, 0, P1, 2820 MHz, 13365 MHz, 461.80 W, 600.00 W, 600.00 W, 71, 17108 MiB, 100 %, 5, 16
2026/09/25 12:45:19.149, 0, P1, 2820 MHz, 13365 MHz, 463.69 W, 600.00 W, 600.00 W, 72, 17108 MiB, 100 %, 5, 16
2026/09/25 12:45:19.400, 0, P1, 2820 MHz, 13365 MHz, 463.69 W, 600.00 W, 600.00 W, 72, 17108 MiB, 100 %, 5, 16
2026/09/25 12:45:19.650, 0, P1, 2835 MHz, 13365 MHz, 485.29 W, 600.00 W, 600.00 W, 72, 17108 MiB, 100 %, 5, 16
2026/09/25 12:45:19.901, 0, P1, 2835 MHz, 13365 MHz, 485.29 W, 600.00 W, 600.00 W, 72, 17108 MiB, 100 %, 5, 16
2026/09/25 12:45:20.152, 0, P1, 2827 MHz, 13365 MHz, 485.62 W, 600.00 W, 600.00 W, 72, 17108 MiB, 100 %, 5, 16
2026/09/25 12:45:20.403, 0, P1, 2827 MHz, 13365 MHz, 485.62 W, 600.00 W, 600.00 W, 72, 17108 MiB, 100 %, 5, 16
2026/09/25 12:45:20.654, 0, P1, 2820 MHz, 13365 MHz, 469.02 W, 600.00 W, 600.00 W, 71, 17108 MiB, 100 %, 5, 16
2026/09/25 12:45:20.905, 0, P1, 2820 MHz, 13365 MHz, 469.02 W, 600.00 W, 600.00 W, 71, 17108 MiB, 100 %, 5, 16
2026/09/25 12:45:21.156, 0, P1, 2820 MHz, 13365 MHz, 470.74 W, 600.00 W, 600.00 W, 72, 17108 MiB, 100 %, 5, 16
2026/09/25 12:45:21.406, 0, P1, 2820 MHz, 13365 MHz, 470.74 W, 600.00 W, 600.00 W, 72, 17108 MiB, 100 %, 5, 16
2026/09/25 12:45:21.657, 0, P1, 2835 MHz, 13365 MHz, 484.48 W, 600.00 W, 600.00 W, 72, 17108 MiB, 100 %, 5, 16
2026/09/25 12:45:21.908, 0, P1, 2835 MHz, 13365 MHz, 484.48 W, 600.00 W, 600.00 W, 72, 17108 MiB, 100 %, 5, 16
2026/09/25 12:45:22.159, 0, P1, 2827 MHz, 13365 MHz, 485.30 W, 600.00 W, 600.00 W, 72, 17108 MiB, 100 %, 5, 16
2026/09/25 12:45:22.410, 0, P1, 2827 MHz, 13365 MHz, 485.30 W, 600.00 W, 600.00 W, 72, 17108 MiB, 100 %, 5, 16
2026/09/25 12:45:22.660, 0, P1, 2812 MHz, 13365 MHz, 467.02 W, 600.00 W, 600.00 W, 72, 17108 MiB, 100 %, 5, 16
2026/09/25 12:45:22.911, 0, P1, 2812 MHz, 13365 MHz, 467.02 W, 600.00 W, 600.00 W, 72, 17108 MiB, 100 %, 5, 16
2026/09/25 12:45:23.162, 0, P1, 2820 MHz, 13365 MHz, 464.36 W, 600.00 W, 600.00 W, 72, 17108 MiB, 100 %, 5, 16
2026/09/25 12:45:23.413, 0, P1, 2820 MHz, 13365 MHz, 464.36 W, 600.00 W, 600.00 W, 72, 17108 MiB, 100 %, 5, 16
2026/09/25 12:45:23.664, 0, P1, 2835 MHz, 13365 MHz, 486.17 W, 600.00 W, 600.00 W, 72, 17108 MiB, 100 %, 5, 16
2026/09/25 12:45:23.914, 0, P1, 2835 MHz, 13365 MHz, 486.17 W, 600.00 W, 600.00 W, 72, 17108 MiB, 100 %, 5, 16
2026/09/25 12:45:24.165, 0, P1, 2827 MHz, 13365 MHz, 488.12 W, 600.00 W, 600.00 W, 72, 17108 MiB, 100 %, 5, 16
2026/09/25 12:45:24.416, 0, P1, 2827 MHz, 13365 MHz, 488.12 W, 600.00 W, 600.00 W, 72, 17108 MiB, 100 %, 5, 16
2026/09/25 12:45:24.667, 0, P1, 2820 MHz, 13365 MHz, 472.29 W, 600.00 W, 600.00 W, 72, 17108 MiB, 100 %, 5, 16
2026/09/25 12:45:24.918, 0, P1, 2820 MHz, 13365 MHz, 472.29 W, 600.00 W, 600.00 W, 72, 17108 MiB, 100 %, 5, 16
2026/09/25 12:45:25.168, 0, P1, 2820 MHz, 13365 MHz, 471.05 W, 600.00 W, 600.00 W, 72, 17108 MiB, 100 %, 5, 16
2026/09/25 12:45:25.420, 0, P1, 2820 MHz, 13365 MHz, 471.05 W, 600.00 W, 600.00 W, 72, 17108 MiB, 100 %, 5, 16
2026/09/25 12:45:25.670, 0, P1, 2835 MHz, 13365 MHz, 485.27 W, 600.00 W, 600.00 W, 73, 17108 MiB, 100 %, 5, 16
2026/09/25 12:45:25.921, 0, P1, 2835 MHz, 13365 MHz, 485.27 W, 600.00 W, 600.00 W, 73, 17108 MiB, 100 %, 5, 16
2026/09/25 12:45:26.172, 0, P1, 2827 MHz, 13365 MHz, 487.98 W, 600.00 W, 600.00 W, 72, 17108 MiB, 100 %, 5, 16
2026/09/25 12:45:26.423, 0, P1, 2827 MHz, 13365 MHz, 487.98 W, 600.00 W, 600.00 W, 72, 17108 MiB, 100 %, 5, 16
2026/09/25 12:45:26.673, 0, P1, 2812 MHz, 13365 MHz, 464.20 W, 600.00 W, 600.00 W, 72, 17108 MiB, 100 %, 5, 16
2026/09/25 12:45:26.924, 0, P1, 2812 MHz, 13365 MHz, 464.20 W, 600.00 W, 600.00 W, 72, 17108 MiB, 100 %, 5, 16
2026/09/25 12:45:27.175, 0, P1, 2820 MHz, 13365 MHz, 464.79 W, 600.00 W, 600.00 W, 73, 17108 MiB, 100 %, 5, 16
2026/09/25 12:45:27.426, 0, P1, 2820 MHz, 13365 MHz, 464.79 W, 600.00 W, 600.00 W, 73, 17108 MiB, 100 %, 5, 16
2026/09/25 12:45:27.677, 0, P1, 2835 MHz, 13365 MHz, 484.84 W, 600.00 W, 600.00 W, 73, 17108 MiB, 100 %, 5, 16
2026/09/25 12:45:27.927, 0, P1, 2835 MHz, 13365 MHz, 484.84 W, 600.00 W, 600.00 W, 73, 17108 MiB, 100 %, 5, 16
2026/09/25 12:45:28.178, 0, P1, 2827 MHz, 13365 MHz, 488.58 W, 600.00 W, 600.00 W, 72, 17108 MiB, 100 %, 5, 16
2026/09/25 12:45:28.429, 0, P1, 2827 MHz, 13365 MHz, 488.58 W, 600.00 W, 600.00 W, 72, 17108 MiB, 100 %, 5, 16
2026/09/25 12:45:28.680, 0, P1, 2820 MHz, 13365 MHz, 473.54 W, 600.00 W, 600.00 W, 72, 17108 MiB, 100 %, 5, 16
2026/09/25 12:45:28.931, 0, P1, 2820 MHz, 13365 MHz, 473.54 W, 600.00 W, 600.00 W, 72, 17108 MiB, 100 %, 5, 16
2026/09/25 12:45:29.182, 0, P1, 2820 MHz, 13365 MHz, 472.53 W, 600.00 W, 600.00 W, 73, 17108 MiB, 100 %, 5, 16
2026/09/25 12:45:29.432, 0, P1, 2820 MHz, 13365 MHz, 472.53 W, 600.00 W, 600.00 W, 73, 17108 MiB, 100 %, 5, 16
2026/09/25 12:45:29.683, 0, P1, 2835 MHz, 13365 MHz, 485.82 W, 600.00 W, 600.00 W, 73, 17108 MiB, 100 %, 5, 16
2026/09/25 12:45:29.934, 0, P1, 2835 MHz, 13365 MHz, 485.82 W, 600.00 W, 600.00 W, 73, 17108 MiB, 100 %, 5, 16
2026/09/25 12:45:30.185, 0, P1, 2827 MHz, 13365 MHz, 486.88 W, 600.00 W, 600.00 W, 73, 17108 MiB, 100 %, 5, 16
2026/09/25 12:45:30.435, 0, P1, 2827 MHz, 13365 MHz, 486.88 W, 600.00 W, 600.00 W, 73, 17108 MiB, 100 %, 5, 16
2026/09/25 12:45:30.686, 0, P1, 2812 MHz, 13365 MHz, 464.71 W, 600.00 W, 600.00 W, 72, 17108 MiB, 100 %, 5, 16
2026/09/25 12:45:30.937, 0, P1, 2812 MHz, 13365 MHz, 464.71 W, 600.00 W, 600.00 W, 72, 17108 MiB, 100 %, 5, 16
2026/09/25 12:45:31.188, 0, P1, 2820 MHz, 13365 MHz, 466.12 W, 600.00 W, 600.00 W, 73, 17108 MiB, 100 %, 5, 16
2026/09/25 12:45:31.439, 0, P1, 2820 MHz, 13365 MHz, 466.12 W, 600.00 W, 600.00 W, 73, 17108 MiB, 100 %, 5, 16
2026/09/25 12:45:31.690, 0, P1, 2835 MHz, 13365 MHz, 484.95 W, 600.00 W, 600.00 W, 73, 17108 MiB, 100 %, 5, 16
2026/09/25 12:45:31.940, 0, P1, 2835 MHz, 13365 MHz, 484.95 W, 600.00 W, 600.00 W, 73, 17108 MiB, 100 %, 5, 16
2026/09/25 12:45:32.191, 0, P1, 2820 MHz, 13365 MHz, 487.74 W, 600.00 W, 600.00 W, 73, 17108 MiB, 100 %, 5, 16
2026/09/25 12:45:32.442, 0, P1, 2820 MHz, 13365 MHz, 487.74 W, 600.00 W, 600.00 W, 73, 17108 MiB, 100 %, 5, 16
2026/09/25 12:45:32.693, 0, P1, 2805 MHz, 13365 MHz, 470.35 W, 600.00 W, 600.00 W, 73, 17108 MiB, 100 %, 5, 16
2026/09/25 12:45:32.944, 0, P1, 2805 MHz, 13365 MHz, 470.35 W, 600.00 W, 600.00 W, 73, 17108 MiB, 100 %, 5, 16
2026/09/25 12:45:33.195, 0, P1, 2812 MHz, 13365 MHz, 472.54 W, 600.00 W, 600.00 W, 73, 17108 MiB, 100 %, 5, 16
2026/09/25 12:45:33.446, 0, P1, 2812 MHz, 13365 MHz, 472.54 W, 600.00 W, 600.00 W, 73, 17108 MiB, 100 %, 5, 16
2026/09/25 12:45:33.696, 0, P1, 2820 MHz, 13365 MHz, 486.62 W, 600.00 W, 600.00 W, 73, 17108 MiB, 100 %, 5, 16
2026/09/25 12:45:33.947, 0, P1, 2820 MHz, 13365 MHz, 486.62 W, 600.00 W, 600.00 W, 73, 17108 MiB, 100 %, 5, 16
2026/09/25 12:45:34.198, 0, P1, 2820 MHz, 13365 MHz, 488.86 W, 600.00 W, 600.00 W, 73, 17108 MiB, 100 %, 5, 16
2026/09/25 12:45:34.449, 0, P1, 2820 MHz, 13365 MHz, 488.86 W, 600.00 W, 600.00 W, 73, 17108 MiB, 100 %, 5, 16
2026/09/25 12:45:34.700, 0, P1, 2805 MHz, 13365 MHz, 465.37 W, 600.00 W, 600.00 W, 73, 17108 MiB, 100 %, 5, 16
2026/09/25 12:45:34.951, 0, P1, 2805 MHz, 13365 MHz, 465.37 W, 600.00 W, 600.00 W, 73, 17108 MiB, 100 %, 5, 16
2026/09/25 12:45:35.202, 0, P1, 2812 MHz, 13365 MHz, 465.60 W, 600.00 W, 600.00 W, 73, 17108 MiB, 100 %, 5, 16
2026/09/25 12:45:35.452, 0, P1, 2812 MHz, 13365 MHz, 465.60 W, 600.00 W, 600.00 W, 73, 17108 MiB, 100 %, 5, 16
2026/09/25 12:45:35.703, 0, P1, 2820 MHz, 13365 MHz, 485.96 W, 600.00 W, 600.00 W, 74, 17108 MiB, 100 %, 5, 16
2026/09/25 12:45:35.954, 0, P1, 2820 MHz, 13365 MHz, 485.96 W, 600.00 W, 600.00 W, 74, 17108 MiB, 100 %, 5, 16
2026/09/25 12:45:36.204, 0, P1, 2820 MHz, 13365 MHz, 489.18 W, 600.00 W, 600.00 W, 73, 17108 MiB, 100 %, 5, 16
2026/09/25 12:45:36.456, 0, P1, 2820 MHz, 13365 MHz, 489.18 W, 600.00 W, 600.00 W, 73, 17108 MiB, 100 %, 5, 16
2026/09/25 12:45:36.706, 0, P1, 2805 MHz, 13365 MHz, 474.57 W, 600.00 W, 600.00 W, 73, 17108 MiB, 100 %, 5, 16
2026/09/25 12:45:36.957, 0, P1, 2805 MHz, 13365 MHz, 474.57 W, 600.00 W, 600.00 W, 73, 17108 MiB, 100 %, 5, 16
2026/09/25 12:45:37.208, 0, P1, 2812 MHz, 13365 MHz, 473.52 W, 600.00 W, 600.00 W, 74, 17108 MiB, 100 %, 5, 16
2026/09/25 12:45:37.459, 0, P1, 2812 MHz, 13365 MHz, 473.52 W, 600.00 W, 600.00 W, 74, 17108 MiB, 100 %, 5, 16
2026/09/25 12:45:37.710, 0, P1, 2820 MHz, 13365 MHz, 489.96 W, 600.00 W, 600.00 W, 74, 17108 MiB, 100 %, 5, 16
2026/09/25 12:45:37.960, 0, P1, 2820 MHz, 13365 MHz, 489.96 W, 600.00 W, 600.00 W, 74, 2 MiB, 100 %, 5, 16
2026/09/25 12:45:38.211, 0, P0, 2827 MHz, 14001 MHz, 390.57 W, 600.00 W, 600.00 W, 67, 2 MiB, 28 %, 5, 16
2026/09/25 12:45:38.462, 0, P0, 2827 MHz, 14001 MHz, 390.57 W, 600.00 W, 600.00 W, 67, 2 MiB, 28 %, 5, 16
2026/09/25 12:45:38.712, 0, P0, 2835 MHz, 14001 MHz, 187.02 W, 600.00 W, 600.00 W, 66, 2 MiB, 0 %, 5, 16
2026/09/25 12:45:38.963, 0, P1, 2835 MHz, 14001 MHz, 187.02 W, 600.00 W, 600.00 W, 66, 596 MiB, 0 %, 5, 16
2026/09/25 12:45:39.213, 0, P1, 2835 MHz, 14001 MHz, 118.39 W, 600.00 W, 600.00 W, 66, 1652 MiB, 0 %, 5, 16
2026/09/25 12:45:39.464, 0, P1, 2835 MHz, 13365 MHz, 117.84 W, 600.00 W, 600.00 W, 65, 2676 MiB, 12 %, 5, 16
2026/09/25 12:45:39.714, 0, P1, 2835 MHz, 13365 MHz, 117.84 W, 600.00 W, 600.00 W, 65, 3700 MiB, 12 %, 5, 16
2026/09/25 12:45:39.965, 0, P1, 2617 MHz, 13365 MHz, 107.38 W, 600.00 W, 600.00 W, 64, 4724 MiB, 12 %, 5, 16
2026/09/25 12:45:40.215, 0, P1, 2617 MHz, 13365 MHz, 107.38 W, 600.00 W, 600.00 W, 64, 5652 MiB, 12 %, 5, 16
2026/09/25 12:45:40.466, 0, P1, 2617 MHz, 13365 MHz, 95.54 W, 600.00 W, 600.00 W, 64, 6612 MiB, 12 %, 5, 16
2026/09/25 12:45:40.716, 0, P1, 2617 MHz, 13365 MHz, 95.54 W, 600.00 W, 600.00 W, 64, 7540 MiB, 12 %, 5, 16
2026/09/25 12:45:40.967, 0, P1, 2617 MHz, 13365 MHz, 94.80 W, 600.00 W, 600.00 W, 63, 8468 MiB, 11 %, 5, 16
2026/09/25 12:45:41.218, 0, P1, 2617 MHz, 13365 MHz, 94.80 W, 600.00 W, 600.00 W, 63, 9428 MiB, 11 %, 5, 16
2026/09/25 12:45:41.468, 0, P1, 2617 MHz, 13365 MHz, 94.47 W, 600.00 W, 600.00 W, 63, 10324 MiB, 10 %, 5, 16
2026/09/25 12:45:41.718, 0, P1, 2617 MHz, 13365 MHz, 94.47 W, 600.00 W, 600.00 W, 63, 11284 MiB, 10 %, 5, 16
2026/09/25 12:45:41.969, 0, P1, 2617 MHz, 13365 MHz, 93.85 W, 600.00 W, 600.00 W, 63, 12212 MiB, 11 %, 5, 16
2026/09/25 12:45:42.220, 0, P1, 2617 MHz, 13365 MHz, 93.85 W, 600.00 W, 600.00 W, 63, 13140 MiB, 11 %, 5, 16
2026/09/25 12:45:42.470, 0, P1, 2617 MHz, 13365 MHz, 93.53 W, 600.00 W, 600.00 W, 63, 14068 MiB, 11 %, 5, 16
2026/09/25 12:45:42.721, 0, P1, 2617 MHz, 13365 MHz, 93.53 W, 600.00 W, 600.00 W, 63, 14740 MiB, 11 %, 5, 16
2026/09/25 12:45:42.971, 0, P1, 2617 MHz, 13365 MHz, 92.69 W, 600.00 W, 600.00 W, 62, 14740 MiB, 0 %, 5, 16
2026/09/25 12:45:43.222, 0, P1, 2617 MHz, 13365 MHz, 92.69 W, 600.00 W, 600.00 W, 62, 14740 MiB, 0 %, 5, 16
2026/09/25 12:45:43.472, 0, P1, 2610 MHz, 13365 MHz, 91.00 W, 600.00 W, 600.00 W, 62, 14740 MiB, 0 %, 5, 16
2026/09/25 12:45:43.722, 0, P1, 2610 MHz, 13365 MHz, 91.00 W, 600.00 W, 600.00 W, 62, 14740 MiB, 0 %, 5, 16
2026/09/25 12:45:43.973, 0, P1, 2610 MHz, 13365 MHz, 90.90 W, 600.00 W, 600.00 W, 62, 14740 MiB, 0 %, 5, 16
2026/09/25 12:45:44.223, 0, P1, 2610 MHz, 13365 MHz, 90.90 W, 600.00 W, 600.00 W, 62, 14740 MiB, 0 %, 5, 16
2026/09/25 12:45:44.473, 0, P1, 2610 MHz, 13365 MHz, 90.90 W, 600.00 W, 600.00 W, 62, 14740 MiB, 0 %, 5, 16
2026/09/25 12:45:44.724, 0, P1, 2610 MHz, 13365 MHz, 90.90 W, 600.00 W, 600.00 W, 62, 14740 MiB, 0 %, 5, 16
2026/09/25 12:45:44.974, 0, P1, 2610 MHz, 13365 MHz, 89.08 W, 600.00 W, 600.00 W, 62, 14740 MiB, 0 %, 5, 16
2026/09/25 12:45:45.225, 0, P1, 2610 MHz, 13365 MHz, 89.08 W, 600.00 W, 600.00 W, 62, 14740 MiB, 0 %, 5, 16
2026/09/25 12:45:45.475, 0, P1, 2610 MHz, 13365 MHz, 89.08 W, 600.00 W, 600.00 W, 62, 14740 MiB, 0 %, 5, 16
2026/09/25 12:45:45.725, 0, P1, 2610 MHz, 13365 MHz, 89.08 W, 600.00 W, 600.00 W, 62, 14740 MiB, 0 %, 5, 16
2026/09/25 12:45:45.976, 0, P1, 2610 MHz, 13365 MHz, 88.90 W, 600.00 W, 600.00 W, 61, 14740 MiB, 0 %, 5, 16
2026/09/25 12:45:46.226, 0, P1, 2610 MHz, 13365 MHz, 88.90 W, 600.00 W, 600.00 W, 61, 14740 MiB, 0 %, 5, 16
2026/09/25 12:45:46.477, 0, P1, 2610 MHz, 13365 MHz, 88.90 W, 600.00 W, 600.00 W, 61, 14740 MiB, 0 %, 5, 16
2026/09/25 12:45:46.727, 0, P1, 2610 MHz, 13365 MHz, 88.90 W, 600.00 W, 600.00 W, 61, 14740 MiB, 0 %, 5, 16
2026/09/25 12:45:46.977, 0, P1, 2610 MHz, 13365 MHz, 87.86 W, 600.00 W, 600.00 W, 61, 14740 MiB, 0 %, 5, 16
2026/09/25 12:45:47.228, 0, P1, 2610 MHz, 13365 MHz, 87.86 W, 600.00 W, 600.00 W, 61, 14740 MiB, 0 %, 5, 16
2026/09/25 12:45:47.478, 0, P1, 2610 MHz, 13365 MHz, 87.86 W, 600.00 W, 600.00 W, 61, 14740 MiB, 0 %, 5, 16
2026/09/25 12:45:47.728, 0, P1, 2610 MHz, 13365 MHz, 87.86 W, 600.00 W, 600.00 W, 61, 14740 MiB, 0 %, 5, 16
2026/09/25 12:45:47.979, 0, P1, 2610 MHz, 13365 MHz, 87.22 W, 600.00 W, 600.00 W, 60, 14740 MiB, 0 %, 5, 16
2026/09/25 12:45:48.229, 0, P1, 2610 MHz, 13365 MHz, 87.22 W, 600.00 W, 600.00 W, 60, 14740 MiB, 0 %, 5, 16
2026/09/25 12:45:48.480, 0, P1, 2610 MHz, 13365 MHz, 87.22 W, 600.00 W, 600.00 W, 60, 14740 MiB, 0 %, 5, 16
2026/09/25 12:45:48.730, 0, P1, 2610 MHz, 13365 MHz, 87.22 W, 600.00 W, 600.00 W, 60, 14740 MiB, 0 %, 5, 16
2026/09/25 12:45:48.981, 0, P1, 2610 MHz, 13365 MHz, 86.24 W, 600.00 W, 600.00 W, 60, 14740 MiB, 0 %, 5, 16
2026/09/25 12:45:49.232, 0, P1, 2610 MHz, 13365 MHz, 86.24 W, 600.00 W, 600.00 W, 60, 14740 MiB, 0 %, 5, 16
2026/09/25 12:45:49.482, 0, P1, 2610 MHz, 13365 MHz, 86.27 W, 600.00 W, 600.00 W, 60, 14740 MiB, 0 %, 5, 16
2026/09/25 12:45:49.733, 0, P1, 2610 MHz, 13365 MHz, 86.27 W, 600.00 W, 600.00 W, 60, 14740 MiB, 0 %, 5, 16
2026/09/25 12:45:49.984, 0, P1, 2610 MHz, 13365 MHz, 86.03 W, 600.00 W, 600.00 W, 59, 14740 MiB, 0 %, 5, 16
2026/09/25 12:45:50.235, 0, P1, 2610 MHz, 13365 MHz, 86.03 W, 600.00 W, 600.00 W, 59, 14740 MiB, 0 %, 5, 16
2026/09/25 12:45:50.486, 0, P1, 2610 MHz, 13365 MHz, 86.03 W, 600.00 W, 600.00 W, 59, 14740 MiB, 0 %, 5, 16
2026/09/25 12:45:50.736, 0, P1, 2610 MHz, 13365 MHz, 86.03 W, 600.00 W, 600.00 W, 59, 14740 MiB, 0 %, 5, 16
2026/09/25 12:45:50.987, 0, P1, 2610 MHz, 13365 MHz, 107.98 W, 600.00 W, 600.00 W, 59, 16052 MiB, 96 %, 5, 16
2026/09/25 12:45:51.237, 0, P1, 2610 MHz, 13365 MHz, 107.98 W, 600.00 W, 600.00 W, 59, 16820 MiB, 96 %, 5, 16
2026/09/25 12:45:51.488, 0, P1, 2812 MHz, 13365 MHz, 195.09 W, 600.00 W, 600.00 W, 66, 16820 MiB, 100 %, 5, 16
2026/09/25 12:45:51.739, 0, P1, 2812 MHz, 13365 MHz, 195.09 W, 600.00 W, 600.00 W, 66, 16820 MiB, 100 %, 5, 16
2026/09/25 12:45:51.990, 0, P1, 2820 MHz, 13365 MHz, 422.85 W, 600.00 W, 600.00 W, 67, 16820 MiB, 100 %, 5, 16
2026/09/25 12:45:52.240, 0, P1, 2820 MHz, 13365 MHz, 422.85 W, 600.00 W, 600.00 W, 67, 16820 MiB, 100 %, 5, 16
2026/09/25 12:45:52.491, 0, P1, 2820 MHz, 13365 MHz, 460.79 W, 600.00 W, 600.00 W, 68, 16820 MiB, 100 %, 5, 16
2026/09/25 12:45:52.742, 0, P1, 2820 MHz, 13365 MHz, 460.79 W, 600.00 W, 600.00 W, 68, 16820 MiB, 100 %, 5, 16
2026/09/25 12:45:52.995, 0, P1, 2835 MHz, 13365 MHz, 475.44 W, 600.00 W, 600.00 W, 68, 16820 MiB, 100 %, 5, 16
2026/09/25 12:45:53.246, 0, P1, 2835 MHz, 13365 MHz, 475.44 W, 600.00 W, 600.00 W, 68, 16820 MiB, 100 %, 5, 16
2026/09/25 12:45:53.496, 0, P1, 2827 MHz, 13365 MHz, 478.10 W, 600.00 W, 600.00 W, 68, 16820 MiB, 100 %, 5, 16
2026/09/25 12:45:53.748, 0, P1, 2827 MHz, 13365 MHz, 478.10 W, 600.00 W, 600.00 W, 68, 17108 MiB, 100 %, 5, 16
2026/09/25 12:45:53.998, 0, P1, 2812 MHz, 13365 MHz, 456.18 W, 600.00 W, 600.00 W, 68, 17108 MiB, 100 %, 5, 16
2026/09/25 12:45:54.249, 0, P1, 2812 MHz, 13365 MHz, 456.18 W, 600.00 W, 600.00 W, 68, 17108 MiB, 100 %, 5, 16
2026/09/25 12:45:54.500, 0, P1, 2820 MHz, 13365 MHz, 457.42 W, 600.00 W, 600.00 W, 69, 17108 MiB, 100 %, 5, 16
2026/09/25 12:45:54.751, 0, P1, 2820 MHz, 13365 MHz, 457.42 W, 600.00 W, 600.00 W, 69, 17108 MiB, 100 %, 5, 16
2026/09/25 12:45:55.002, 0, P1, 2827 MHz, 13365 MHz, 476.00 W, 600.00 W, 600.00 W, 69, 17108 MiB, 100 %, 5, 16
2026/09/25 12:45:55.253, 0, P1, 2827 MHz, 13365 MHz, 476.00 W, 600.00 W, 600.00 W, 69, 17108 MiB, 100 %, 5, 16
2026/09/25 12:45:55.504, 0, P1, 2827 MHz, 13365 MHz, 479.71 W, 600.00 W, 600.00 W, 69, 17108 MiB, 100 %, 5, 16
2026/09/25 12:45:55.755, 0, P1, 2827 MHz, 13365 MHz, 479.71 W, 600.00 W, 600.00 W, 69, 17108 MiB, 100 %, 5, 16
2026/09/25 12:45:56.005, 0, P1, 2820 MHz, 13365 MHz, 462.98 W, 600.00 W, 600.00 W, 68, 17108 MiB, 100 %, 5, 16
2026/09/25 12:45:56.256, 0, P1, 2820 MHz, 13365 MHz, 462.98 W, 600.00 W, 600.00 W, 68, 17108 MiB, 100 %, 5, 16
2026/09/25 12:45:56.507, 0, P1, 2820 MHz, 13365 MHz, 463.33 W, 600.00 W, 600.00 W, 69, 17108 MiB, 100 %, 5, 16
2026/09/25 12:45:56.758, 0, P1, 2820 MHz, 13365 MHz, 463.33 W, 600.00 W, 600.00 W, 69, 17108 MiB, 100 %, 5, 16
2026/09/25 12:45:57.009, 0, P1, 2835 MHz, 13365 MHz, 478.04 W, 600.00 W, 600.00 W, 70, 17108 MiB, 100 %, 5, 16
2026/09/25 12:45:57.260, 0, P1, 2835 MHz, 13365 MHz, 478.04 W, 600.00 W, 600.00 W, 70, 17108 MiB, 100 %, 5, 16
2026/09/25 12:45:57.511, 0, P1, 2827 MHz, 13365 MHz, 480.90 W, 600.00 W, 600.00 W, 69, 17108 MiB, 100 %, 5, 16
2026/09/25 12:45:57.762, 0, P1, 2827 MHz, 13365 MHz, 480.90 W, 600.00 W, 600.00 W, 69, 17108 MiB, 100 %, 5, 16
2026/09/25 12:45:58.013, 0, P1, 2820 MHz, 13365 MHz, 457.11 W, 600.00 W, 600.00 W, 69, 17108 MiB, 100 %, 5, 16
2026/09/25 12:45:58.263, 0, P1, 2820 MHz, 13365 MHz, 457.11 W, 600.00 W, 600.00 W, 69, 17108 MiB, 100 %, 5, 16
2026/09/25 12:45:58.515, 0, P1, 2820 MHz, 13365 MHz, 456.84 W, 600.00 W, 600.00 W, 70, 17108 MiB, 100 %, 5, 16
2026/09/25 12:45:58.765, 0, P1, 2820 MHz, 13365 MHz, 456.84 W, 600.00 W, 600.00 W, 70, 17108 MiB, 100 %, 5, 16
2026/09/25 12:45:59.016, 0, P1, 2835 MHz, 13365 MHz, 477.51 W, 600.00 W, 600.00 W, 70, 17108 MiB, 100 %, 5, 16
2026/09/25 12:45:59.267, 0, P1, 2835 MHz, 13365 MHz, 477.51 W, 600.00 W, 600.00 W, 70, 17108 MiB, 100 %, 5, 16
2026/09/25 12:45:59.518, 0, P1, 2827 MHz, 13365 MHz, 482.25 W, 600.00 W, 600.00 W, 70, 17108 MiB, 100 %, 5, 16
2026/09/25 12:45:59.769, 0, P1, 2827 MHz, 13365 MHz, 482.25 W, 600.00 W, 600.00 W, 70, 17108 MiB, 100 %, 5, 16
2026/09/25 12:46:00.020, 0, P1, 2820 MHz, 13365 MHz, 463.57 W, 600.00 W, 600.00 W, 69, 17108 MiB, 100 %, 5, 16
2026/09/25 12:46:00.271, 0, P1, 2820 MHz, 13365 MHz, 463.57 W, 600.00 W, 600.00 W, 69, 17108 MiB, 100 %, 5, 16
2026/09/25 12:46:00.522, 0, P1, 2820 MHz, 13365 MHz, 464.53 W, 600.00 W, 600.00 W, 70, 17108 MiB, 100 %, 5, 16
2026/09/25 12:46:00.772, 0, P1, 2820 MHz, 13365 MHz, 464.53 W, 600.00 W, 600.00 W, 70, 17108 MiB, 100 %, 5, 16
2026/09/25 12:46:01.023, 0, P1, 2835 MHz, 13365 MHz, 478.85 W, 600.00 W, 600.00 W, 70, 17108 MiB, 100 %, 5, 16
2026/09/25 12:46:01.274, 0, P1, 2835 MHz, 13365 MHz, 478.85 W, 600.00 W, 600.00 W, 70, 17108 MiB, 100 %, 5, 16
2026/09/25 12:46:01.525, 0, P1, 2827 MHz, 13365 MHz, 480.82 W, 600.00 W, 600.00 W, 70, 17108 MiB, 100 %, 5, 16
2026/09/25 12:46:01.776, 0, P1, 2827 MHz, 13365 MHz, 480.82 W, 600.00 W, 600.00 W, 70, 17108 MiB, 100 %, 5, 16
2026/09/25 12:46:02.027, 0, P1, 2812 MHz, 13365 MHz, 458.40 W, 600.00 W, 600.00 W, 70, 17108 MiB, 100 %, 5, 16
2026/09/25 12:46:02.277, 0, P1, 2812 MHz, 13365 MHz, 458.40 W, 600.00 W, 600.00 W, 70, 17108 MiB, 100 %, 5, 16
2026/09/25 12:46:02.528, 0, P1, 2820 MHz, 13365 MHz, 458.64 W, 600.00 W, 600.00 W, 70, 17108 MiB, 100 %, 5, 16
2026/09/25 12:46:02.779, 0, P1, 2820 MHz, 13365 MHz, 458.64 W, 600.00 W, 600.00 W, 70, 17108 MiB, 100 %, 5, 16
2026/09/25 12:46:03.030, 0, P1, 2835 MHz, 13365 MHz, 478.66 W, 600.00 W, 600.00 W, 70, 17108 MiB, 100 %, 5, 16
2026/09/25 12:46:03.281, 0, P1, 2835 MHz, 13365 MHz, 478.66 W, 600.00 W, 600.00 W, 70, 17108 MiB, 100 %, 5, 16
2026/09/25 12:46:03.532, 0, P1, 2827 MHz, 13365 MHz, 483.68 W, 600.00 W, 600.00 W, 70, 17108 MiB, 100 %, 5, 16
2026/09/25 12:46:03.783, 0, P1, 2827 MHz, 13365 MHz, 483.68 W, 600.00 W, 600.00 W, 70, 17108 MiB, 100 %, 5, 16
2026/09/25 12:46:04.034, 0, P1, 2820 MHz, 13365 MHz, 465.40 W, 600.00 W, 600.00 W, 70, 17108 MiB, 100 %, 5, 16
2026/09/25 12:46:04.284, 0, P1, 2820 MHz, 13365 MHz, 465.40 W, 600.00 W, 600.00 W, 70, 17108 MiB, 100 %, 5, 16
2026/09/25 12:46:04.535, 0, P1, 2820 MHz, 13365 MHz, 466.88 W, 600.00 W, 600.00 W, 71, 17108 MiB, 100 %, 5, 16
2026/09/25 12:46:04.786, 0, P1, 2820 MHz, 13365 MHz, 466.88 W, 600.00 W, 600.00 W, 71, 17108 MiB, 100 %, 5, 16
2026/09/25 12:46:05.037, 0, P1, 2835 MHz, 13365 MHz, 480.75 W, 600.00 W, 600.00 W, 71, 17108 MiB, 100 %, 5, 16
2026/09/25 12:46:05.288, 0, P1, 2835 MHz, 13365 MHz, 480.75 W, 600.00 W, 600.00 W, 71, 17108 MiB, 100 %, 5, 16
2026/09/25 12:46:05.539, 0, P1, 2827 MHz, 13365 MHz, 481.98 W, 600.00 W, 600.00 W, 71, 17108 MiB, 100 %, 5, 16
2026/09/25 12:46:05.789, 0, P1, 2827 MHz, 13365 MHz, 481.98 W, 600.00 W, 600.00 W, 71, 17108 MiB, 100 %, 5, 16
2026/09/25 12:46:06.040, 0, P1, 2820 MHz, 13365 MHz, 462.63 W, 600.00 W, 600.00 W, 70, 17108 MiB, 100 %, 5, 16
2026/09/25 12:46:06.291, 0, P1, 2820 MHz, 13365 MHz, 462.63 W, 600.00 W, 600.00 W, 70, 17108 MiB, 100 %, 5, 16
2026/09/25 12:46:06.542, 0, P1, 2820 MHz, 13365 MHz, 459.78 W, 600.00 W, 600.00 W, 71, 17108 MiB, 100 %, 5, 16
2026/09/25 12:46:06.793, 0, P1, 2820 MHz, 13365 MHz, 459.78 W, 600.00 W, 600.00 W, 71, 17108 MiB, 100 %, 5, 16
2026/09/25 12:46:07.044, 0, P1, 2835 MHz, 13365 MHz, 482.80 W, 600.00 W, 600.00 W, 71, 17108 MiB, 100 %, 5, 16
2026/09/25 12:46:07.295, 0, P1, 2835 MHz, 13365 MHz, 482.80 W, 600.00 W, 600.00 W, 71, 17108 MiB, 100 %, 5, 16
2026/09/25 12:46:07.545, 0, P1, 2827 MHz, 13365 MHz, 484.05 W, 600.00 W, 600.00 W, 71, 17108 MiB, 100 %, 5, 16
2026/09/25 12:46:07.796, 0, P1, 2827 MHz, 13365 MHz, 484.05 W, 600.00 W, 600.00 W, 71, 17108 MiB, 100 %, 5, 16
2026/09/25 12:46:08.047, 0, P1, 2820 MHz, 13365 MHz, 469.49 W, 600.00 W, 600.00 W, 70, 17108 MiB, 100 %, 5, 16
2026/09/25 12:46:08.298, 0, P1, 2820 MHz, 13365 MHz, 469.49 W, 600.00 W, 600.00 W, 70, 17108 MiB, 100 %, 5, 16
2026/09/25 12:46:08.549, 0, P1, 2820 MHz, 13365 MHz, 467.54 W, 600.00 W, 600.00 W, 71, 17108 MiB, 100 %, 5, 16
2026/09/25 12:46:08.800, 0, P1, 2820 MHz, 13365 MHz, 467.54 W, 600.00 W, 600.00 W, 71, 17108 MiB, 100 %, 5, 16
2026/09/25 12:46:09.051, 0, P1, 2835 MHz, 13365 MHz, 482.44 W, 600.00 W, 600.00 W, 71, 17108 MiB, 100 %, 5, 16
2026/09/25 12:46:09.302, 0, P1, 2835 MHz, 13365 MHz, 482.44 W, 600.00 W, 600.00 W, 71, 17108 MiB, 100 %, 5, 16
2026/09/25 12:46:09.553, 0, P1, 2827 MHz, 13365 MHz, 485.07 W, 600.00 W, 600.00 W, 71, 17108 MiB, 100 %, 5, 16
2026/09/25 12:46:09.804, 0, P1, 2827 MHz, 13365 MHz, 485.07 W, 600.00 W, 600.00 W, 71, 17108 MiB, 100 %, 5, 16
2026/09/25 12:46:10.055, 0, P1, 2812 MHz, 13365 MHz, 461.78 W, 600.00 W, 600.00 W, 71, 17108 MiB, 100 %, 5, 16
2026/09/25 12:46:10.306, 0, P1, 2812 MHz, 13365 MHz, 461.78 W, 600.00 W, 600.00 W, 71, 17108 MiB, 100 %, 5, 16
2026/09/25 12:46:10.556, 0, P1, 2820 MHz, 13365 MHz, 462.02 W, 600.00 W, 600.00 W, 71, 17108 MiB, 100 %, 5, 16
2026/09/25 12:46:10.807, 0, P1, 2820 MHz, 13365 MHz, 462.02 W, 600.00 W, 600.00 W, 71, 17108 MiB, 100 %, 5, 16
2026/09/25 12:46:11.058, 0, P1, 2835 MHz, 13365 MHz, 482.16 W, 600.00 W, 600.00 W, 72, 17108 MiB, 100 %, 5, 16
2026/09/25 12:46:11.309, 0, P1, 2835 MHz, 13365 MHz, 482.16 W, 600.00 W, 600.00 W, 72, 17108 MiB, 100 %, 5, 16
2026/09/25 12:46:11.560, 0, P1, 2827 MHz, 13365 MHz, 485.43 W, 600.00 W, 600.00 W, 71, 17108 MiB, 100 %, 5, 16
2026/09/25 12:46:11.811, 0, P1, 2827 MHz, 13365 MHz, 485.43 W, 600.00 W, 600.00 W, 71, 17108 MiB, 100 %, 5, 16
2026/09/25 12:46:12.061, 0, P1, 2820 MHz, 13365 MHz, 463.16 W, 600.00 W, 600.00 W, 71, 17108 MiB, 100 %, 5, 16
2026/09/25 12:46:12.312, 0, P1, 2820 MHz, 13365 MHz, 463.16 W, 600.00 W, 600.00 W, 71, 17108 MiB, 100 %, 5, 16
2026/09/25 12:46:12.563, 0, P1, 2820 MHz, 13365 MHz, 461.00 W, 600.00 W, 600.00 W, 72, 17108 MiB, 100 %, 5, 16
2026/09/25 12:46:12.814, 0, P1, 2820 MHz, 13365 MHz, 461.00 W, 600.00 W, 600.00 W, 72, 17108 MiB, 100 %, 5, 16
2026/09/25 12:46:13.065, 0, P1, 2835 MHz, 13365 MHz, 481.33 W, 600.00 W, 600.00 W, 72, 17108 MiB, 100 %, 5, 16
2026/09/25 12:46:13.316, 0, P1, 2835 MHz, 13365 MHz, 481.33 W, 600.00 W, 600.00 W, 72, 17108 MiB, 100 %, 5, 16
2026/09/25 12:46:13.567, 0, P1, 2827 MHz, 13365 MHz, 488.15 W, 600.00 W, 600.00 W, 72, 17108 MiB, 100 %, 5, 16
2026/09/25 12:46:13.818, 0, P1, 2827 MHz, 13365 MHz, 488.15 W, 600.00 W, 600.00 W, 72, 17108 MiB, 100 %, 5, 16
2026/09/25 12:46:14.069, 0, P1, 2820 MHz, 13365 MHz, 473.36 W, 600.00 W, 600.00 W, 71, 17108 MiB, 100 %, 5, 16
2026/09/25 12:46:14.319, 0, P1, 2820 MHz, 13365 MHz, 473.36 W, 600.00 W, 600.00 W, 71, 17108 MiB, 100 %, 5, 16
2026/09/25 12:46:14.570, 0, P1, 2820 MHz, 13365 MHz, 469.48 W, 600.00 W, 600.00 W, 72, 17108 MiB, 100 %, 5, 16
2026/09/25 12:46:14.821, 0, P1, 2820 MHz, 13365 MHz, 469.48 W, 600.00 W, 600.00 W, 72, 17108 MiB, 100 %, 5, 16
2026/09/25 12:46:15.072, 0, P1, 2835 MHz, 13365 MHz, 486.25 W, 600.00 W, 600.00 W, 72, 17108 MiB, 100 %, 5, 16
2026/09/25 12:46:15.323, 0, P1, 2835 MHz, 13365 MHz, 486.25 W, 600.00 W, 600.00 W, 72, 17108 MiB, 100 %, 5, 16
2026/09/25 12:46:15.575, 0, P1, 2827 MHz, 13365 MHz, 488.15 W, 600.00 W, 600.00 W, 72, 17108 MiB, 100 %, 5, 16
2026/09/25 12:46:15.825, 0, P1, 2827 MHz, 13365 MHz, 488.15 W, 600.00 W, 600.00 W, 72, 17108 MiB, 100 %, 5, 16
2026/09/25 12:46:16.076, 0, P1, 2812 MHz, 13365 MHz, 465.18 W, 600.00 W, 600.00 W, 71, 17108 MiB, 100 %, 5, 16
2026/09/25 12:46:16.327, 0, P1, 2812 MHz, 13365 MHz, 465.18 W, 600.00 W, 600.00 W, 71, 17108 MiB, 100 %, 5, 16
2026/09/25 12:46:16.578, 0, P1, 2820 MHz, 13365 MHz, 463.08 W, 600.00 W, 600.00 W, 72, 17108 MiB, 100 %, 5, 16
2026/09/25 12:46:16.829, 0, P1, 2820 MHz, 13365 MHz, 463.08 W, 600.00 W, 600.00 W, 72, 17108 MiB, 100 %, 5, 16
2026/09/25 12:46:17.080, 0, P1, 2835 MHz, 13365 MHz, 483.09 W, 600.00 W, 600.00 W, 72, 17108 MiB, 100 %, 5, 16
2026/09/25 12:46:17.330, 0, P1, 2835 MHz, 13365 MHz, 483.09 W, 600.00 W, 600.00 W, 72, 17108 MiB, 100 %, 5, 16
2026/09/25 12:46:17.581, 0, P1, 2827 MHz, 13365 MHz, 489.20 W, 600.00 W, 600.00 W, 72, 17108 MiB, 100 %, 5, 16
2026/09/25 12:46:17.832, 0, P1, 2827 MHz, 13365 MHz, 489.20 W, 600.00 W, 600.00 W, 72, 17108 MiB, 100 %, 5, 16
2026/09/25 12:46:18.083, 0, P1, 2820 MHz, 13365 MHz, 470.93 W, 600.00 W, 600.00 W, 72, 17108 MiB, 100 %, 5, 16
2026/09/25 12:46:18.334, 0, P1, 2820 MHz, 13365 MHz, 470.93 W, 600.00 W, 600.00 W, 72, 17108 MiB, 100 %, 5, 16
2026/09/25 12:46:18.585, 0, P1, 2820 MHz, 13365 MHz, 469.51 W, 600.00 W, 600.00 W, 72, 17108 MiB, 100 %, 5, 16
2026/09/25 12:46:18.836, 0, P1, 2820 MHz, 13365 MHz, 469.51 W, 600.00 W, 600.00 W, 72, 17108 MiB, 100 %, 5, 16
2026/09/25 12:46:19.087, 0, P1, 2835 MHz, 13365 MHz, 486.55 W, 600.00 W, 600.00 W, 73, 17108 MiB, 100 %, 5, 16
2026/09/25 12:46:19.338, 0, P1, 2835 MHz, 13365 MHz, 486.55 W, 600.00 W, 600.00 W, 73, 17108 MiB, 100 %, 5, 16
2026/09/25 12:46:19.588, 0, P1, 2827 MHz, 13365 MHz, 488.79 W, 600.00 W, 600.00 W, 72, 17108 MiB, 100 %, 5, 16
2026/09/25 12:46:19.839, 0, P1, 2827 MHz, 13365 MHz, 488.79 W, 600.00 W, 600.00 W, 72, 17108 MiB, 100 %, 5, 16
2026/09/25 12:46:20.090, 0, P1, 2820 MHz, 13365 MHz, 465.44 W, 600.00 W, 600.00 W, 72, 17108 MiB, 100 %, 5, 16
2026/09/25 12:46:20.341, 0, P1, 2820 MHz, 13365 MHz, 465.44 W, 600.00 W, 600.00 W, 72, 17108 MiB, 100 %, 5, 16
2026/09/25 12:46:20.591, 0, P1, 2820 MHz, 13365 MHz, 462.89 W, 600.00 W, 600.00 W, 73, 17108 MiB, 100 %, 5, 16
2026/09/25 12:46:20.842, 0, P1, 2820 MHz, 13365 MHz, 462.89 W, 600.00 W, 600.00 W, 73, 17108 MiB, 100 %, 5, 16
2026/09/25 12:46:21.093, 0, P1, 2835 MHz, 13365 MHz, 482.93 W, 600.00 W, 600.00 W, 73, 17108 MiB, 100 %, 5, 16
2026/09/25 12:46:21.344, 0, P1, 2835 MHz, 13365 MHz, 482.93 W, 600.00 W, 600.00 W, 73, 17108 MiB, 100 %, 5, 16
2026/09/25 12:46:21.595, 0, P1, 2827 MHz, 13365 MHz, 489.17 W, 600.00 W, 600.00 W, 72, 17108 MiB, 100 %, 5, 16
2026/09/25 12:46:21.846, 0, P1, 2827 MHz, 13365 MHz, 489.17 W, 600.00 W, 600.00 W, 72, 17108 MiB, 100 %, 5, 16
2026/09/25 12:46:22.097, 0, P1, 2820 MHz, 13365 MHz, 472.17 W, 600.00 W, 600.00 W, 72, 17108 MiB, 100 %, 5, 16
2026/09/25 12:46:22.347, 0, P1, 2820 MHz, 13365 MHz, 472.17 W, 600.00 W, 600.00 W, 72, 17108 MiB, 100 %, 5, 16
2026/09/25 12:46:22.598, 0, P1, 2820 MHz, 13365 MHz, 472.17 W, 600.00 W, 600.00 W, 73, 17108 MiB, 100 %, 5, 16
2026/09/25 12:46:22.849, 0, P1, 2820 MHz, 13365 MHz, 472.17 W, 600.00 W, 600.00 W, 73, 17108 MiB, 100 %, 5, 16
2026/09/25 12:46:23.100, 0, P1, 2835 MHz, 13365 MHz, 488.14 W, 600.00 W, 600.00 W, 73, 17108 MiB, 100 %, 5, 16
2026/09/25 12:46:23.351, 0, P1, 2835 MHz, 13365 MHz, 488.14 W, 600.00 W, 600.00 W, 73, 17108 MiB, 100 %, 5, 16
2026/09/25 12:46:23.602, 0, P1, 2827 MHz, 13365 MHz, 489.26 W, 600.00 W, 600.00 W, 73, 17108 MiB, 100 %, 5, 16
2026/09/25 12:46:23.852, 0, P1, 2827 MHz, 13365 MHz, 489.26 W, 600.00 W, 600.00 W, 73, 17108 MiB, 100 %, 5, 16
2026/09/25 12:46:24.103, 0, P1, 2812 MHz, 13365 MHz, 470.69 W, 600.00 W, 600.00 W, 72, 17108 MiB, 100 %, 5, 16
2026/09/25 12:46:24.354, 0, P1, 2812 MHz, 13365 MHz, 470.69 W, 600.00 W, 600.00 W, 72, 17108 MiB, 100 %, 5, 16
2026/09/25 12:46:24.605, 0, P1, 2820 MHz, 13365 MHz, 467.05 W, 600.00 W, 600.00 W, 73, 17108 MiB, 100 %, 5, 16
2026/09/25 12:46:24.856, 0, P1, 2820 MHz, 13365 MHz, 467.05 W, 600.00 W, 600.00 W, 73, 17108 MiB, 100 %, 5, 16
2026/09/25 12:46:25.107, 0, P1, 2835 MHz, 13365 MHz, 487.51 W, 600.00 W, 600.00 W, 73, 17108 MiB, 100 %, 5, 16
2026/09/25 12:46:25.358, 0, P1, 2835 MHz, 13365 MHz, 487.51 W, 600.00 W, 600.00 W, 73, 17108 MiB, 100 %, 5, 16
2026/09/25 12:46:25.609, 0, P1, 2827 MHz, 13365 MHz, 491.07 W, 600.00 W, 600.00 W, 73, 17108 MiB, 100 %, 5, 16
2026/09/25 12:46:25.859, 0, P1, 2827 MHz, 13365 MHz, 491.07 W, 600.00 W, 600.00 W, 73, 17108 MiB, 100 %, 5, 16
2026/09/25 12:46:26.110, 0, P1, 2820 MHz, 13365 MHz, 475.64 W, 600.00 W, 600.00 W, 73, 17108 MiB, 100 %, 5, 16
2026/09/25 12:46:26.361, 0, P1, 2820 MHz, 13365 MHz, 475.64 W, 600.00 W, 600.00 W, 73, 17108 MiB, 100 %, 5, 16
2026/09/25 12:46:26.612, 0, P1, 2820 MHz, 13365 MHz, 471.90 W, 600.00 W, 600.00 W, 73, 17108 MiB, 100 %, 5, 16
2026/09/25 12:46:26.863, 0, P1, 2820 MHz, 13365 MHz, 471.90 W, 600.00 W, 600.00 W, 73, 17108 MiB, 100 %, 5, 16
2026/09/25 12:46:27.114, 0, P1, 2835 MHz, 13365 MHz, 488.87 W, 600.00 W, 600.00 W, 73, 17108 MiB, 100 %, 5, 16
2026/09/25 12:46:27.365, 0, P1, 2835 MHz, 13365 MHz, 488.87 W, 600.00 W, 600.00 W, 73, 17108 MiB, 100 %, 5, 16
2026/09/25 12:46:27.616, 0, P1, 2827 MHz, 13365 MHz, 490.33 W, 600.00 W, 600.00 W, 73, 17108 MiB, 100 %, 5, 16
2026/09/25 12:46:27.867, 0, P1, 2827 MHz, 13365 MHz, 490.33 W, 600.00 W, 600.00 W, 73, 17108 MiB, 100 %, 5, 16
2026/09/25 12:46:28.117, 0, P1, 2827 MHz, 13365 MHz, 467.19 W, 600.00 W, 600.00 W, 73, 17108 MiB, 100 %, 5, 16
2026/09/25 12:46:28.368, 0, P1, 2827 MHz, 13365 MHz, 467.19 W, 600.00 W, 600.00 W, 73, 17108 MiB, 100 %, 5, 16
2026/09/25 12:46:28.619, 0, P1, 2820 MHz, 13365 MHz, 465.46 W, 600.00 W, 600.00 W, 73, 17108 MiB, 100 %, 5, 16
2026/09/25 12:46:28.870, 0, P1, 2820 MHz, 13365 MHz, 465.46 W, 600.00 W, 600.00 W, 73, 17108 MiB, 100 %, 5, 16
2026/09/25 12:46:29.121, 0, P1, 2835 MHz, 13365 MHz, 487.18 W, 600.00 W, 600.00 W, 74, 17108 MiB, 100 %, 5, 16
2026/09/25 12:46:29.372, 0, P1, 2835 MHz, 13365 MHz, 487.18 W, 600.00 W, 600.00 W, 74, 17108 MiB, 100 %, 5, 16
2026/09/25 12:46:29.623, 0, P1, 2827 MHz, 13365 MHz, 489.76 W, 600.00 W, 600.00 W, 73, 17108 MiB, 100 %, 5, 16
2026/09/25 12:46:29.874, 0, P1, 2827 MHz, 13365 MHz, 489.76 W, 600.00 W, 600.00 W, 73, 17108 MiB, 100 %, 5, 16
2026/09/25 12:46:30.124, 0, P1, 2820 MHz, 13365 MHz, 473.68 W, 600.00 W, 600.00 W, 73, 17108 MiB, 100 %, 5, 16
2026/09/25 12:46:30.375, 0, P1, 2820 MHz, 13365 MHz, 473.68 W, 600.00 W, 600.00 W, 73, 17108 MiB, 100 %, 5, 16
2026/09/25 12:46:30.626, 0, P1, 2820 MHz, 13365 MHz, 473.36 W, 600.00 W, 600.00 W, 74, 17108 MiB, 100 %, 5, 16
2026/09/25 12:46:30.877, 0, P1, 2820 MHz, 13365 MHz, 473.36 W, 600.00 W, 600.00 W, 74, 17108 MiB, 100 %, 5, 16
2026/09/25 12:46:31.128, 0, P1, 2835 MHz, 13365 MHz, 486.71 W, 600.00 W, 600.00 W, 74, 17108 MiB, 100 %, 5, 16
2026/09/25 12:46:31.379, 0, P1, 2835 MHz, 13365 MHz, 486.71 W, 600.00 W, 600.00 W, 74, 2 MiB, 100 %, 5, 16
2026/09/25 12:46:31.630, 0, P0, 2827 MHz, 14001 MHz, 391.42 W, 600.00 W, 600.00 W, 67, 2 MiB, 0 %, 5, 16
2026/09/25 12:46:31.880, 0, P0, 2827 MHz, 14001 MHz, 391.42 W, 600.00 W, 600.00 W, 67, 2 MiB, 0 %, 5, 16
2026/09/25 12:46:32.131, 0, P0, 2842 MHz, 14001 MHz, 198.67 W, 600.00 W, 600.00 W, 66, 2 MiB, 0 %, 5, 16
2026/09/25 12:46:32.381, 0, P0, 2842 MHz, 14001 MHz, 198.67 W, 600.00 W, 600.00 W, 66, 23 MiB, 0 %, 5, 16
2026/09/25 12:46:32.633, 0, P1, 2842 MHz, 14001 MHz, 118.51 W, 600.00 W, 600.00 W, 65, 596 MiB, 1 %, 5, 16
2026/09/25 12:46:32.884, 0, P1, 2842 MHz, 14001 MHz, 118.51 W, 600.00 W, 600.00 W, 65, 2164 MiB, 1 %, 5, 16
2026/09/25 12:46:33.134, 0, P1, 2835 MHz, 13365 MHz, 118.03 W, 600.00 W, 600.00 W, 65, 3188 MiB, 12 %, 5, 16
2026/09/25 12:46:33.385, 0, P1, 2835 MHz, 13365 MHz, 118.03 W, 600.00 W, 600.00 W, 65, 4212 MiB, 12 %, 5, 16
2026/09/25 12:46:33.635, 0, P1, 2692 MHz, 13365 MHz, 109.52 W, 600.00 W, 600.00 W, 64, 5172 MiB, 12 %, 5, 16
2026/09/25 12:46:33.886, 0, P1, 2692 MHz, 13365 MHz, 109.52 W, 600.00 W, 600.00 W, 64, 6100 MiB, 12 %, 5, 16
2026/09/25 12:46:34.136, 0, P1, 2617 MHz, 13365 MHz, 98.70 W, 600.00 W, 600.00 W, 64, 7028 MiB, 11 %, 5, 16
2026/09/25 12:46:34.387, 0, P1, 2617 MHz, 13365 MHz, 98.70 W, 600.00 W, 600.00 W, 64, 7924 MiB, 11 %, 5, 16
2026/09/25 12:46:34.637, 0, P1, 2617 MHz, 13365 MHz, 94.25 W, 600.00 W, 600.00 W, 63, 8852 MiB, 11 %, 5, 16
2026/09/25 12:46:34.888, 0, P1, 2617 MHz, 13365 MHz, 94.25 W, 600.00 W, 600.00 W, 63, 9780 MiB, 11 %, 5, 16
2026/09/25 12:46:35.138, 0, P1, 2617 MHz, 13365 MHz, 94.08 W, 600.00 W, 600.00 W, 63, 10708 MiB, 11 %, 5, 16
2026/09/25 12:46:35.389, 0, P1, 2617 MHz, 13365 MHz, 94.08 W, 600.00 W, 600.00 W, 63, 11604 MiB, 11 %, 5, 16
2026/09/25 12:46:35.640, 0, P1, 2617 MHz, 13365 MHz, 94.23 W, 600.00 W, 600.00 W, 63, 12532 MiB, 11 %, 5, 16
2026/09/25 12:46:35.890, 0, P1, 2617 MHz, 13365 MHz, 94.23 W, 600.00 W, 600.00 W, 63, 13460 MiB, 11 %, 5, 16
2026/09/25 12:46:36.141, 0, P1, 2617 MHz, 13365 MHz, 93.79 W, 600.00 W, 600.00 W, 63, 14388 MiB, 11 %, 5, 16
2026/09/25 12:46:36.391, 0, P1, 2617 MHz, 13365 MHz, 93.79 W, 600.00 W, 600.00 W, 63, 14740 MiB, 11 %, 5, 16
2026/09/25 12:46:36.642, 0, P1, 2617 MHz, 13365 MHz, 92.57 W, 600.00 W, 600.00 W, 62, 14740 MiB, 0 %, 5, 16
2026/09/25 12:46:36.892, 0, P1, 2617 MHz, 13365 MHz, 92.57 W, 600.00 W, 600.00 W, 62, 14740 MiB, 0 %, 5, 16
2026/09/25 12:46:37.142, 0, P1, 2610 MHz, 13365 MHz, 90.80 W, 600.00 W, 600.00 W, 62, 14740 MiB, 0 %, 5, 16
2026/09/25 12:46:37.393, 0, P1, 2610 MHz, 13365 MHz, 90.80 W, 600.00 W, 600.00 W, 62, 14740 MiB, 0 %, 5, 16
2026/09/25 12:46:37.643, 0, P1, 2610 MHz, 13365 MHz, 89.69 W, 600.00 W, 600.00 W, 62, 14740 MiB, 0 %, 5, 16
2026/09/25 12:46:37.894, 0, P1, 2610 MHz, 13365 MHz, 89.69 W, 600.00 W, 600.00 W, 62, 14740 MiB, 0 %, 5, 16
2026/09/25 12:46:38.144, 0, P1, 2610 MHz, 13365 MHz, 89.69 W, 600.00 W, 600.00 W, 62, 14740 MiB, 0 %, 5, 16
2026/09/25 12:46:38.394, 0, P1, 2610 MHz, 13365 MHz, 89.69 W, 600.00 W, 600.00 W, 62, 14740 MiB, 0 %, 5, 16
2026/09/25 12:46:38.645, 0, P1, 2610 MHz, 13365 MHz, 87.95 W, 600.00 W, 600.00 W, 61, 14740 MiB, 0 %, 5, 16
2026/09/25 12:46:38.895, 0, P1, 2610 MHz, 13365 MHz, 87.95 W, 600.00 W, 600.00 W, 61, 14740 MiB, 0 %, 5, 16
2026/09/25 12:46:39.146, 0, P1, 2610 MHz, 13365 MHz, 87.95 W, 600.00 W, 600.00 W, 61, 14740 MiB, 0 %, 5, 16
2026/09/25 12:46:39.396, 0, P1, 2610 MHz, 13365 MHz, 87.95 W, 600.00 W, 600.00 W, 61, 14740 MiB, 0 %, 5, 16
2026/09/25 12:46:39.646, 0, P1, 2610 MHz, 13365 MHz, 87.71 W, 600.00 W, 600.00 W, 61, 14740 MiB, 0 %, 5, 16
2026/09/25 12:46:39.897, 0, P1, 2610 MHz, 13365 MHz, 87.71 W, 600.00 W, 600.00 W, 61, 14740 MiB, 0 %, 5, 16
2026/09/25 12:46:40.147, 0, P1, 2610 MHz, 13365 MHz, 87.71 W, 600.00 W, 600.00 W, 61, 14740 MiB, 0 %, 5, 16
2026/09/25 12:46:40.398, 0, P1, 2610 MHz, 13365 MHz, 87.71 W, 600.00 W, 600.00 W, 61, 14740 MiB, 0 %, 5, 16
2026/09/25 12:46:40.648, 0, P1, 2610 MHz, 13365 MHz, 87.11 W, 600.00 W, 600.00 W, 61, 14740 MiB, 0 %, 5, 16
2026/09/25 12:46:40.898, 0, P1, 2610 MHz, 13365 MHz, 87.11 W, 600.00 W, 600.00 W, 61, 14740 MiB, 0 %, 5, 16
2026/09/25 12:46:41.149, 0, P1, 2610 MHz, 13365 MHz, 87.11 W, 600.00 W, 600.00 W, 61, 14740 MiB, 0 %, 5, 16
2026/09/25 12:46:41.399, 0, P1, 2610 MHz, 13365 MHz, 87.11 W, 600.00 W, 600.00 W, 61, 14740 MiB, 0 %, 5, 16
2026/09/25 12:46:41.649, 0, P1, 2610 MHz, 13365 MHz, 86.38 W, 600.00 W, 600.00 W, 60, 14740 MiB, 0 %, 5, 16
2026/09/25 12:46:41.900, 0, P1, 2610 MHz, 13365 MHz, 86.38 W, 600.00 W, 600.00 W, 60, 14740 MiB, 0 %, 5, 16
2026/09/25 12:46:42.150, 0, P1, 2610 MHz, 13365 MHz, 86.38 W, 600.00 W, 600.00 W, 60, 14740 MiB, 0 %, 5, 16
2026/09/25 12:46:42.401, 0, P1, 2610 MHz, 13365 MHz, 86.38 W, 600.00 W, 600.00 W, 60, 14740 MiB, 0 %, 5, 16
2026/09/25 12:46:42.651, 0, P1, 2610 MHz, 13365 MHz, 85.29 W, 600.00 W, 600.00 W, 60, 14740 MiB, 0 %, 5, 16
2026/09/25 12:46:42.902, 0, P1, 2610 MHz, 13365 MHz, 85.29 W, 600.00 W, 600.00 W, 60, 14740 MiB, 0 %, 5, 16
2026/09/25 12:46:43.152, 0, P1, 2610 MHz, 13365 MHz, 85.41 W, 600.00 W, 600.00 W, 60, 14740 MiB, 0 %, 5, 16
2026/09/25 12:46:43.403, 0, P1, 2610 MHz, 13365 MHz, 85.41 W, 600.00 W, 600.00 W, 60, 14740 MiB, 0 %, 5, 16
2026/09/25 12:46:43.654, 0, P1, 2610 MHz, 13365 MHz, 85.63 W, 600.00 W, 600.00 W, 59, 14740 MiB, 0 %, 5, 16
2026/09/25 12:46:43.905, 0, P1, 2610 MHz, 13365 MHz, 85.63 W, 600.00 W, 600.00 W, 59, 14740 MiB, 0 %, 5, 16
2026/09/25 12:46:44.155, 0, P1, 2610 MHz, 13365 MHz, 85.63 W, 600.00 W, 600.00 W, 59, 14740 MiB, 0 %, 5, 16
2026/09/25 12:46:44.406, 0, P1, 2610 MHz, 13365 MHz, 85.63 W, 600.00 W, 600.00 W, 59, 15924 MiB, 0 %, 5, 16
2026/09/25 12:46:44.656, 0, P1, 2610 MHz, 13365 MHz, 102.53 W, 600.00 W, 600.00 W, 64, 16500 MiB, 85 %, 5, 16
2026/09/25 12:46:44.907, 0, P1, 2610 MHz, 13365 MHz, 102.53 W, 600.00 W, 600.00 W, 64, 16820 MiB, 85 %, 5, 16
2026/09/25 12:46:45.158, 0, P1, 2812 MHz, 13365 MHz, 195.56 W, 600.00 W, 600.00 W, 67, 16820 MiB, 100 %, 5, 16
2026/09/25 12:46:45.409, 0, P1, 2812 MHz, 13365 MHz, 195.56 W, 600.00 W, 600.00 W, 67, 16820 MiB, 100 %, 5, 16
2026/09/25 12:46:45.659, 0, P1, 2820 MHz, 13365 MHz, 414.50 W, 600.00 W, 600.00 W, 67, 16820 MiB, 100 %, 5, 16
2026/09/25 12:46:45.910, 0, P1, 2820 MHz, 13365 MHz, 414.50 W, 600.00 W, 600.00 W, 67, 16820 MiB, 100 %, 5, 16
2026/09/25 12:46:46.161, 0, P1, 2820 MHz, 13365 MHz, 460.01 W, 600.00 W, 600.00 W, 68, 16820 MiB, 100 %, 5, 16
2026/09/25 12:46:46.412, 0, P1, 2820 MHz, 13365 MHz, 460.01 W, 600.00 W, 600.00 W, 68, 16820 MiB, 100 %, 5, 16
2026/09/25 12:46:46.663, 0, P1, 2835 MHz, 13365 MHz, 477.12 W, 600.00 W, 600.00 W, 69, 16820 MiB, 100 %, 5, 16
2026/09/25 12:46:46.914, 0, P1, 2835 MHz, 13365 MHz, 477.12 W, 600.00 W, 600.00 W, 69, 16820 MiB, 100 %, 5, 16
2026/09/25 12:46:47.165, 0, P1, 2827 MHz, 13365 MHz, 477.46 W, 600.00 W, 600.00 W, 68, 17108 MiB, 100 %, 5, 16
2026/09/25 12:46:47.416, 0, P1, 2827 MHz, 13365 MHz, 477.46 W, 600.00 W, 600.00 W, 68, 17108 MiB, 100 %, 5, 16
2026/09/25 12:46:47.666, 0, P1, 2812 MHz, 13365 MHz, 456.18 W, 600.00 W, 600.00 W, 68, 17108 MiB, 100 %, 5, 16
2026/09/25 12:46:47.917, 0, P1, 2812 MHz, 13365 MHz, 456.18 W, 600.00 W, 600.00 W, 68, 17108 MiB, 100 %, 5, 16
2026/09/25 12:46:48.168, 0, P1, 2820 MHz, 13365 MHz, 454.61 W, 600.00 W, 600.00 W, 69, 17108 MiB, 100 %, 5, 16
2026/09/25 12:46:48.419, 0, P1, 2820 MHz, 13365 MHz, 454.61 W, 600.00 W, 600.00 W, 69, 17108 MiB, 100 %, 5, 16
2026/09/25 12:46:48.670, 0, P1, 2835 MHz, 13365 MHz, 476.45 W, 600.00 W, 600.00 W, 69, 17108 MiB, 100 %, 5, 16
2026/09/25 12:46:48.921, 0, P1, 2835 MHz, 13365 MHz, 476.45 W, 600.00 W, 600.00 W, 69, 17108 MiB, 100 %, 5, 16
2026/09/25 12:46:49.172, 0, P1, 2827 MHz, 13365 MHz, 481.30 W, 600.00 W, 600.00 W, 69, 17108 MiB, 100 %, 5, 16
2026/09/25 12:46:49.423, 0, P1, 2827 MHz, 13365 MHz, 481.30 W, 600.00 W, 600.00 W, 69, 17108 MiB, 100 %, 5, 16
2026/09/25 12:46:49.673, 0, P1, 2820 MHz, 13365 MHz, 466.72 W, 600.00 W, 600.00 W, 68, 17108 MiB, 100 %, 5, 16
2026/09/25 12:46:49.924, 0, P1, 2820 MHz, 13365 MHz, 466.72 W, 600.00 W, 600.00 W, 68, 17108 MiB, 100 %, 5, 16
2026/09/25 12:46:50.175, 0, P1, 2820 MHz, 13365 MHz, 462.26 W, 600.00 W, 600.00 W, 69, 17108 MiB, 100 %, 5, 16
2026/09/25 12:46:50.426, 0, P1, 2820 MHz, 13365 MHz, 462.26 W, 600.00 W, 600.00 W, 69, 17108 MiB, 100 %, 5, 16
2026/09/25 12:46:50.677, 0, P1, 2835 MHz, 13365 MHz, 479.00 W, 600.00 W, 600.00 W, 70, 17108 MiB, 100 %, 5, 16
2026/09/25 12:46:50.927, 0, P1, 2835 MHz, 13365 MHz, 479.00 W, 600.00 W, 600.00 W, 70, 17108 MiB, 100 %, 5, 16
2026/09/25 12:46:51.178, 0, P1, 2827 MHz, 13365 MHz, 481.63 W, 600.00 W, 600.00 W, 69, 17108 MiB, 100 %, 5, 16
2026/09/25 12:46:51.429, 0, P1, 2827 MHz, 13365 MHz, 481.63 W, 600.00 W, 600.00 W, 69, 17108 MiB, 100 %, 5, 16
2026/09/25 12:46:51.680, 0, P1, 2820 MHz, 13365 MHz, 458.87 W, 600.00 W, 600.00 W, 69, 17108 MiB, 100 %, 5, 16
2026/09/25 12:46:51.931, 0, P1, 2820 MHz, 13365 MHz, 458.87 W, 600.00 W, 600.00 W, 69, 17108 MiB, 100 %, 5, 16
2026/09/25 12:46:52.182, 0, P1, 2820 MHz, 13365 MHz, 456.67 W, 600.00 W, 600.00 W, 70, 17108 MiB, 100 %, 5, 16
2026/09/25 12:46:52.433, 0, P1, 2820 MHz, 13365 MHz, 456.67 W, 600.00 W, 600.00 W, 70, 17108 MiB, 100 %, 5, 16
2026/09/25 12:46:52.684, 0, P1, 2835 MHz, 13365 MHz, 476.60 W, 600.00 W, 600.00 W, 70, 17108 MiB, 100 %, 5, 16
2026/09/25 12:46:52.935, 0, P1, 2835 MHz, 13365 MHz, 476.60 W, 600.00 W, 600.00 W, 70, 17108 MiB, 100 %, 5, 16
2026/09/25 12:46:53.185, 0, P1, 2827 MHz, 13365 MHz, 482.09 W, 600.00 W, 600.00 W, 70, 17108 MiB, 100 %, 5, 16
2026/09/25 12:46:53.436, 0, P1, 2827 MHz, 13365 MHz, 482.09 W, 600.00 W, 600.00 W, 70, 17108 MiB, 100 %, 5, 16
2026/09/25 12:46:53.687, 0, P1, 2820 MHz, 13365 MHz, 465.10 W, 600.00 W, 600.00 W, 69, 17108 MiB, 100 %, 5, 16
2026/09/25 12:46:53.938, 0, P1, 2820 MHz, 13365 MHz, 465.10 W, 600.00 W, 600.00 W, 69, 17108 MiB, 100 %, 5, 16
2026/09/25 12:46:54.189, 0, P1, 2820 MHz, 13365 MHz, 464.73 W, 600.00 W, 600.00 W, 70, 17108 MiB, 100 %, 5, 16
2026/09/25 12:46:54.440, 0, P1, 2820 MHz, 13365 MHz, 464.73 W, 600.00 W, 600.00 W, 70, 17108 MiB, 100 %, 5, 16
2026/09/25 12:46:54.691, 0, P1, 2835 MHz, 13365 MHz, 478.49 W, 600.00 W, 600.00 W, 70, 17108 MiB, 100 %, 5, 16
2026/09/25 12:46:54.941, 0, P1, 2835 MHz, 13365 MHz, 478.49 W, 600.00 W, 600.00 W, 70, 17108 MiB, 100 %, 5, 16
2026/09/25 12:46:55.192, 0, P1, 2827 MHz, 13365 MHz, 482.27 W, 600.00 W, 600.00 W, 70, 17108 MiB, 100 %, 5, 16
2026/09/25 12:46:55.443, 0, P1, 2827 MHz, 13365 MHz, 482.27 W, 600.00 W, 600.00 W, 70, 17108 MiB, 100 %, 5, 16
2026/09/25 12:46:55.694, 0, P1, 2812 MHz, 13365 MHz, 460.91 W, 600.00 W, 600.00 W, 70, 17108 MiB, 100 %, 5, 16
2026/09/25 12:46:55.944, 0, P1, 2812 MHz, 13365 MHz, 460.91 W, 600.00 W, 600.00 W, 70, 17108 MiB, 100 %, 5, 16
2026/09/25 12:46:56.195, 0, P1, 2820 MHz, 13365 MHz, 459.07 W, 600.00 W, 600.00 W, 70, 17108 MiB, 100 %, 5, 16
2026/09/25 12:46:56.446, 0, P1, 2820 MHz, 13365 MHz, 459.07 W, 600.00 W, 600.00 W, 70, 17108 MiB, 100 %, 5, 16
2026/09/25 12:46:56.697, 0, P1, 2835 MHz, 13365 MHz, 478.18 W, 600.00 W, 600.00 W, 71, 17108 MiB, 100 %, 5, 16
2026/09/25 12:46:56.948, 0, P1, 2835 MHz, 13365 MHz, 478.18 W, 600.00 W, 600.00 W, 71, 17108 MiB, 100 %, 5, 16
2026/09/25 12:46:57.199, 0, P1, 2827 MHz, 13365 MHz, 484.03 W, 600.00 W, 600.00 W, 70, 17108 MiB, 100 %, 5, 16
2026/09/25 12:46:57.449, 0, P1, 2827 MHz, 13365 MHz, 484.03 W, 600.00 W, 600.00 W, 70, 17108 MiB, 100 %, 5, 16
2026/09/25 12:46:57.700, 0, P1, 2820 MHz, 13365 MHz, 466.28 W, 600.00 W, 600.00 W, 70, 17108 MiB, 100 %, 5, 16
2026/09/25 12:46:57.951, 0, P1, 2820 MHz, 13365 MHz, 466.28 W, 600.00 W, 600.00 W, 70, 17108 MiB, 100 %, 5, 16
2026/09/25 12:46:58.202, 0, P1, 2820 MHz, 13365 MHz, 466.49 W, 600.00 W, 600.00 W, 71, 17108 MiB, 100 %, 5, 16
2026/09/25 12:46:58.453, 0, P1, 2820 MHz, 13365 MHz, 466.49 W, 600.00 W, 600.00 W, 71, 17108 MiB, 100 %, 5, 16
2026/09/25 12:46:58.704, 0, P1, 2835 MHz, 13365 MHz, 480.05 W, 600.00 W, 600.00 W, 71, 17108 MiB, 100 %, 5, 16
2026/09/25 12:46:58.954, 0, P1, 2835 MHz, 13365 MHz, 480.05 W, 600.00 W, 600.00 W, 71, 17108 MiB, 100 %, 5, 16
2026/09/25 12:46:59.205, 0, P1, 2827 MHz, 13365 MHz, 482.68 W, 600.00 W, 600.00 W, 70, 17108 MiB, 100 %, 5, 16
2026/09/25 12:46:59.456, 0, P1, 2827 MHz, 13365 MHz, 482.68 W, 600.00 W, 600.00 W, 70, 17108 MiB, 100 %, 5, 16
2026/09/25 12:46:59.707, 0, P1, 2812 MHz, 13365 MHz, 463.73 W, 600.00 W, 600.00 W, 70, 17108 MiB, 100 %, 5, 16
2026/09/25 12:46:59.957, 0, P1, 2812 MHz, 13365 MHz, 463.73 W, 600.00 W, 600.00 W, 70, 17108 MiB, 100 %, 5, 16
2026/09/25 12:47:00.208, 0, P1, 2820 MHz, 13365 MHz, 460.41 W, 600.00 W, 600.00 W, 71, 17108 MiB, 100 %, 5, 16
2026/09/25 12:47:00.459, 0, P1, 2820 MHz, 13365 MHz, 460.41 W, 600.00 W, 600.00 W, 71, 17108 MiB, 100 %, 5, 16
2026/09/25 12:47:00.710, 0, P1, 2835 MHz, 13365 MHz, 481.34 W, 600.00 W, 600.00 W, 71, 17108 MiB, 100 %, 5, 16
2026/09/25 12:47:00.961, 0, P1, 2835 MHz, 13365 MHz, 481.34 W, 600.00 W, 600.00 W, 71, 17108 MiB, 100 %, 5, 16
2026/09/25 12:47:01.211, 0, P1, 2827 MHz, 13365 MHz, 484.37 W, 600.00 W, 600.00 W, 71, 17108 MiB, 100 %, 5, 16
2026/09/25 12:47:01.462, 0, P1, 2827 MHz, 13365 MHz, 484.37 W, 600.00 W, 600.00 W, 71, 17108 MiB, 100 %, 5, 16
2026/09/25 12:47:01.713, 0, P1, 2820 MHz, 13365 MHz, 470.14 W, 600.00 W, 600.00 W, 70, 17108 MiB, 100 %, 5, 16
2026/09/25 12:47:01.964, 0, P1, 2820 MHz, 13365 MHz, 470.14 W, 600.00 W, 600.00 W, 70, 17108 MiB, 100 %, 5, 16
2026/09/25 12:47:02.215, 0, P1, 2820 MHz, 13365 MHz, 466.47 W, 600.00 W, 600.00 W, 71, 17108 MiB, 100 %, 5, 16
2026/09/25 12:47:02.466, 0, P1, 2820 MHz, 13365 MHz, 466.47 W, 600.00 W, 600.00 W, 71, 17108 MiB, 100 %, 5, 16
2026/09/25 12:47:02.716, 0, P1, 2835 MHz, 13365 MHz, 483.85 W, 600.00 W, 600.00 W, 71, 17108 MiB, 100 %, 5, 16
2026/09/25 12:47:02.967, 0, P1, 2835 MHz, 13365 MHz, 483.85 W, 600.00 W, 600.00 W, 71, 17108 MiB, 100 %, 5, 16
2026/09/25 12:47:03.218, 0, P1, 2827 MHz, 13365 MHz, 485.05 W, 600.00 W, 600.00 W, 71, 17108 MiB, 100 %, 5, 16
2026/09/25 12:47:03.469, 0, P1, 2827 MHz, 13365 MHz, 485.05 W, 600.00 W, 600.00 W, 71, 17108 MiB, 100 %, 5, 16
2026/09/25 12:47:03.719, 0, P1, 2812 MHz, 13365 MHz, 465.71 W, 600.00 W, 600.00 W, 71, 17108 MiB, 100 %, 5, 16
2026/09/25 12:47:03.970, 0, P1, 2812 MHz, 13365 MHz, 465.71 W, 600.00 W, 600.00 W, 71, 17108 MiB, 100 %, 5, 16
2026/09/25 12:47:04.221, 0, P1, 2820 MHz, 13365 MHz, 461.86 W, 600.00 W, 600.00 W, 72, 17108 MiB, 100 %, 5, 16
2026/09/25 12:47:04.472, 0, P1, 2835 MHz, 13365 MHz, 483.20 W, 600.00 W, 600.00 W, 72, 17108 MiB, 100 %, 5, 16
2026/09/25 12:47:04.723, 0, P1, 2835 MHz, 13365 MHz, 483.20 W, 600.00 W, 600.00 W, 72, 17108 MiB, 100 %, 5, 16
2026/09/25 12:47:04.973, 0, P1, 2827 MHz, 13365 MHz, 486.48 W, 600.00 W, 600.00 W, 71, 17108 MiB, 100 %, 5, 16
2026/09/25 12:47:05.225, 0, P1, 2827 MHz, 13365 MHz, 486.48 W, 600.00 W, 600.00 W, 71, 17108 MiB, 100 %, 5, 16
2026/09/25 12:47:05.475, 0, P1, 2820 MHz, 13365 MHz, 463.81 W, 600.00 W, 600.00 W, 71, 17108 MiB, 100 %, 5, 16
2026/09/25 12:47:05.726, 0, P1, 2820 MHz, 13365 MHz, 463.81 W, 600.00 W, 600.00 W, 71, 17108 MiB, 100 %, 5, 16
2026/09/25 12:47:05.977, 0, P1, 2820 MHz, 13365 MHz, 460.53 W, 600.00 W, 600.00 W, 72, 17108 MiB, 100 %, 5, 16
2026/09/25 12:47:06.228, 0, P1, 2820 MHz, 13365 MHz, 460.53 W, 600.00 W, 600.00 W, 72, 17108 MiB, 100 %, 5, 16
2026/09/25 12:47:06.479, 0, P1, 2835 MHz, 13365 MHz, 480.14 W, 600.00 W, 600.00 W, 72, 17108 MiB, 100 %, 5, 16
2026/09/25 12:47:06.729, 0, P1, 2835 MHz, 13365 MHz, 480.14 W, 600.00 W, 600.00 W, 72, 17108 MiB, 100 %, 5, 16
2026/09/25 12:47:06.980, 0, P1, 2827 MHz, 13365 MHz, 487.21 W, 600.00 W, 600.00 W, 72, 17108 MiB, 100 %, 5, 16
2026/09/25 12:47:07.231, 0, P1, 2827 MHz, 13365 MHz, 487.21 W, 600.00 W, 600.00 W, 72, 17108 MiB, 100 %, 5, 16
2026/09/25 12:47:07.482, 0, P1, 2820 MHz, 13365 MHz, 470.63 W, 600.00 W, 600.00 W, 71, 17108 MiB, 100 %, 5, 16
2026/09/25 12:47:07.732, 0, P1, 2820 MHz, 13365 MHz, 470.63 W, 600.00 W, 600.00 W, 71, 17108 MiB, 100 %, 5, 16
2026/09/25 12:47:07.983, 0, P1, 2820 MHz, 13365 MHz, 469.38 W, 600.00 W, 600.00 W, 72, 17108 MiB, 100 %, 5, 16
2026/09/25 12:47:08.234, 0, P1, 2820 MHz, 13365 MHz, 469.38 W, 600.00 W, 600.00 W, 72, 17108 MiB, 100 %, 5, 16
2026/09/25 12:47:08.485, 0, P1, 2835 MHz, 13365 MHz, 484.72 W, 600.00 W, 600.00 W, 72, 17108 MiB, 100 %, 5, 16
2026/09/25 12:47:08.736, 0, P1, 2835 MHz, 13365 MHz, 484.72 W, 600.00 W, 600.00 W, 72, 17108 MiB, 100 %, 5, 16
2026/09/25 12:47:08.986, 0, P1, 2827 MHz, 13365 MHz, 487.43 W, 600.00 W, 600.00 W, 72, 17108 MiB, 100 %, 5, 16
2026/09/25 12:47:09.237, 0, P1, 2827 MHz, 13365 MHz, 487.43 W, 600.00 W, 600.00 W, 72, 17108 MiB, 100 %, 5, 16
2026/09/25 12:47:09.488, 0, P1, 2812 MHz, 13365 MHz, 468.06 W, 600.00 W, 600.00 W, 71, 17108 MiB, 100 %, 5, 16
2026/09/25 12:47:09.739, 0, P1, 2812 MHz, 13365 MHz, 468.06 W, 600.00 W, 600.00 W, 71, 17108 MiB, 100 %, 5, 16
2026/09/25 12:47:09.990, 0, P1, 2820 MHz, 13365 MHz, 463.81 W, 600.00 W, 600.00 W, 72, 17108 MiB, 100 %, 5, 16
2026/09/25 12:47:10.241, 0, P1, 2820 MHz, 13365 MHz, 463.81 W, 600.00 W, 600.00 W, 72, 17108 MiB, 100 %, 5, 16
2026/09/25 12:47:10.491, 0, P1, 2835 MHz, 13365 MHz, 481.73 W, 600.00 W, 600.00 W, 72, 17108 MiB, 100 %, 5, 16
2026/09/25 12:47:10.742, 0, P1, 2835 MHz, 13365 MHz, 481.73 W, 600.00 W, 600.00 W, 72, 17108 MiB, 100 %, 5, 16
2026/09/25 12:47:10.993, 0, P1, 2827 MHz, 13365 MHz, 487.71 W, 600.00 W, 600.00 W, 72, 17108 MiB, 100 %, 5, 16
2026/09/25 12:47:11.244, 0, P1, 2827 MHz, 13365 MHz, 487.71 W, 600.00 W, 600.00 W, 72, 17108 MiB, 100 %, 5, 16
2026/09/25 12:47:11.495, 0, P1, 2820 MHz, 13365 MHz, 471.91 W, 600.00 W, 600.00 W, 72, 17108 MiB, 100 %, 5, 16
2026/09/25 12:47:11.745, 0, P1, 2820 MHz, 13365 MHz, 471.91 W, 600.00 W, 600.00 W, 72, 17108 MiB, 100 %, 5, 16
2026/09/25 12:47:11.996, 0, P1, 2820 MHz, 13365 MHz, 470.45 W, 600.00 W, 600.00 W, 72, 17108 MiB, 100 %, 5, 16
2026/09/25 12:47:12.247, 0, P1, 2820 MHz, 13365 MHz, 470.45 W, 600.00 W, 600.00 W, 72, 17108 MiB, 100 %, 5, 16
2026/09/25 12:47:12.498, 0, P1, 2835 MHz, 13365 MHz, 485.43 W, 600.00 W, 600.00 W, 73, 17108 MiB, 100 %, 5, 16
2026/09/25 12:47:12.749, 0, P1, 2835 MHz, 13365 MHz, 485.43 W, 600.00 W, 600.00 W, 73, 17108 MiB, 100 %, 5, 16
2026/09/25 12:47:13.000, 0, P1, 2827 MHz, 13365 MHz, 488.36 W, 600.00 W, 600.00 W, 72, 17108 MiB, 100 %, 5, 16
2026/09/25 12:47:13.251, 0, P1, 2827 MHz, 13365 MHz, 488.36 W, 600.00 W, 600.00 W, 72, 17108 MiB, 100 %, 5, 16
2026/09/25 12:47:13.501, 0, P1, 2812 MHz, 13365 MHz, 468.84 W, 600.00 W, 600.00 W, 72, 17108 MiB, 100 %, 5, 16
2026/09/25 12:47:13.752, 0, P1, 2812 MHz, 13365 MHz, 468.84 W, 600.00 W, 600.00 W, 72, 17108 MiB, 100 %, 5, 16
2026/09/25 12:47:14.003, 0, P1, 2820 MHz, 13365 MHz, 462.79 W, 600.00 W, 600.00 W, 72, 17108 MiB, 100 %, 5, 16
2026/09/25 12:47:14.254, 0, P1, 2820 MHz, 13365 MHz, 462.79 W, 600.00 W, 600.00 W, 72, 17108 MiB, 100 %, 5, 16
2026/09/25 12:47:14.505, 0, P1, 2835 MHz, 13365 MHz, 482.64 W, 600.00 W, 600.00 W, 73, 17108 MiB, 100 %, 5, 16
2026/09/25 12:47:14.756, 0, P1, 2835 MHz, 13365 MHz, 482.64 W, 600.00 W, 600.00 W, 73, 17108 MiB, 100 %, 5, 16
2026/09/25 12:47:15.006, 0, P1, 2827 MHz, 13365 MHz, 489.84 W, 600.00 W, 600.00 W, 72, 17108 MiB, 100 %, 5, 16
2026/09/25 12:47:15.257, 0, P1, 2827 MHz, 13365 MHz, 489.84 W, 600.00 W, 600.00 W, 72, 17108 MiB, 100 %, 5, 16
2026/09/25 12:47:15.508, 0, P1, 2820 MHz, 13365 MHz, 472.66 W, 600.00 W, 600.00 W, 72, 17108 MiB, 100 %, 5, 16
2026/09/25 12:47:15.759, 0, P1, 2820 MHz, 13365 MHz, 472.66 W, 600.00 W, 600.00 W, 72, 17108 MiB, 100 %, 5, 16
2026/09/25 12:47:16.010, 0, P1, 2820 MHz, 13365 MHz, 470.72 W, 600.00 W, 600.00 W, 73, 17108 MiB, 100 %, 5, 16
2026/09/25 12:47:16.261, 0, P1, 2820 MHz, 13365 MHz, 470.72 W, 600.00 W, 600.00 W, 73, 17108 MiB, 100 %, 5, 16
2026/09/25 12:47:16.511, 0, P1, 2820 MHz, 13365 MHz, 487.31 W, 600.00 W, 600.00 W, 73, 17108 MiB, 100 %, 5, 16
2026/09/25 12:47:16.762, 0, P1, 2820 MHz, 13365 MHz, 487.31 W, 600.00 W, 600.00 W, 73, 17108 MiB, 100 %, 5, 16
2026/09/25 12:47:17.013, 0, P1, 2820 MHz, 13365 MHz, 489.82 W, 600.00 W, 600.00 W, 73, 17108 MiB, 100 %, 5, 16
2026/09/25 12:47:17.264, 0, P1, 2820 MHz, 13365 MHz, 489.82 W, 600.00 W, 600.00 W, 73, 17108 MiB, 100 %, 5, 16
2026/09/25 12:47:17.515, 0, P1, 2805 MHz, 13365 MHz, 469.92 W, 600.00 W, 600.00 W, 72, 17108 MiB, 100 %, 5, 16
2026/09/25 12:47:17.766, 0, P1, 2805 MHz, 13365 MHz, 469.92 W, 600.00 W, 600.00 W, 72, 17108 MiB, 100 %, 5, 16
2026/09/25 12:47:18.017, 0, P1, 2812 MHz, 13365 MHz, 463.48 W, 600.00 W, 600.00 W, 73, 17108 MiB, 100 %, 5, 16
2026/09/25 12:47:18.268, 0, P1, 2812 MHz, 13365 MHz, 463.48 W, 600.00 W, 600.00 W, 73, 17108 MiB, 100 %, 5, 16
2026/09/25 12:47:18.519, 0, P1, 2820 MHz, 13365 MHz, 485.09 W, 600.00 W, 600.00 W, 73, 17108 MiB, 100 %, 5, 16
2026/09/25 12:47:18.770, 0, P1, 2820 MHz, 13365 MHz, 485.09 W, 600.00 W, 600.00 W, 73, 17108 MiB, 100 %, 5, 16
2026/09/25 12:47:19.020, 0, P1, 2820 MHz, 13365 MHz, 490.05 W, 600.00 W, 600.00 W, 73, 17108 MiB, 100 %, 5, 16
2026/09/25 12:47:19.271, 0, P1, 2820 MHz, 13365 MHz, 490.05 W, 600.00 W, 600.00 W, 73, 17108 MiB, 100 %, 5, 16
2026/09/25 12:47:19.522, 0, P1, 2812 MHz, 13365 MHz, 475.30 W, 600.00 W, 600.00 W, 72, 17108 MiB, 100 %, 5, 16
2026/09/25 12:47:19.772, 0, P1, 2812 MHz, 13365 MHz, 475.30 W, 600.00 W, 600.00 W, 72, 17108 MiB, 100 %, 5, 16
2026/09/25 12:47:20.023, 0, P1, 2812 MHz, 13365 MHz, 470.72 W, 600.00 W, 600.00 W, 73, 17108 MiB, 100 %, 5, 16
2026/09/25 12:47:20.274, 0, P1, 2812 MHz, 13365 MHz, 470.72 W, 600.00 W, 600.00 W, 73, 17108 MiB, 100 %, 5, 16
2026/09/25 12:47:20.525, 0, P1, 2820 MHz, 13365 MHz, 487.10 W, 600.00 W, 600.00 W, 73, 17108 MiB, 100 %, 5, 16
2026/09/25 12:47:20.776, 0, P1, 2820 MHz, 13365 MHz, 487.10 W, 600.00 W, 600.00 W, 73, 17108 MiB, 100 %, 5, 16
2026/09/25 12:47:21.027, 0, P1, 2820 MHz, 13365 MHz, 490.66 W, 600.00 W, 600.00 W, 73, 17108 MiB, 100 %, 5, 16
2026/09/25 12:47:21.278, 0, P1, 2820 MHz, 13365 MHz, 490.66 W, 600.00 W, 600.00 W, 73, 17108 MiB, 100 %, 5, 16
2026/09/25 12:47:21.529, 0, P1, 2805 MHz, 13365 MHz, 470.86 W, 600.00 W, 600.00 W, 73, 17108 MiB, 100 %, 5, 16
2026/09/25 12:47:21.779, 0, P1, 2805 MHz, 13365 MHz, 470.86 W, 600.00 W, 600.00 W, 73, 17108 MiB, 100 %, 5, 16
2026/09/25 12:47:22.030, 0, P1, 2812 MHz, 13365 MHz, 463.79 W, 600.00 W, 600.00 W, 73, 17108 MiB, 100 %, 5, 16
2026/09/25 12:47:22.281, 0, P1, 2812 MHz, 13365 MHz, 463.79 W, 600.00 W, 600.00 W, 73, 17108 MiB, 100 %, 5, 16
2026/09/25 12:47:22.532, 0, P1, 2820 MHz, 13365 MHz, 485.62 W, 600.00 W, 600.00 W, 73, 17108 MiB, 100 %, 5, 16
2026/09/25 12:47:22.783, 0, P1, 2820 MHz, 13365 MHz, 485.62 W, 600.00 W, 600.00 W, 73, 17108 MiB, 100 %, 5, 16
2026/09/25 12:47:23.034, 0, P1, 2820 MHz, 13365 MHz, 489.29 W, 600.00 W, 600.00 W, 73, 17108 MiB, 100 %, 5, 16
2026/09/25 12:47:23.284, 0, P1, 2820 MHz, 13365 MHz, 489.29 W, 600.00 W, 600.00 W, 73, 17108 MiB, 100 %, 5, 16
2026/09/25 12:47:23.535, 0, P1, 2812 MHz, 13365 MHz, 475.68 W, 600.00 W, 600.00 W, 73, 17108 MiB, 100 %, 5, 16
2026/09/25 12:47:23.786, 0, P1, 2812 MHz, 13365 MHz, 475.68 W, 600.00 W, 600.00 W, 73, 17108 MiB, 100 %, 5, 16
2026/09/25 12:47:24.037, 0, P1, 2812 MHz, 13365 MHz, 472.59 W, 600.00 W, 600.00 W, 74, 17108 MiB, 100 %, 5, 16
2026/09/25 12:47:24.288, 0, P1, 2812 MHz, 13365 MHz, 472.59 W, 600.00 W, 600.00 W, 74, 17108 MiB, 100 %, 5, 16
2026/09/25 12:47:24.539, 0, P1, 2820 MHz, 13365 MHz, 488.09 W, 600.00 W, 600.00 W, 74, 17108 MiB, 100 %, 5, 16
2026/09/25 12:47:24.790, 0, P1, 2820 MHz, 13365 MHz, 488.09 W, 600.00 W, 600.00 W, 74, 17108 MiB, 100 %, 5, 16
2026/09/25 12:47:25.041, 0, P0, 2827 MHz, 14001 MHz, 408.48 W, 600.00 W, 600.00 W, 67, 2 MiB, 0 %, 5, 16
2026/09/25 12:47:25.292, 0, P0, 2827 MHz, 14001 MHz, 408.48 W, 600.00 W, 600.00 W, 67, 2 MiB, 0 %, 5, 16
2026/09/25 12:47:25.543, 0, P0, 2842 MHz, 14001 MHz, 233.47 W, 600.00 W, 600.00 W, 66, 2 MiB, 0 %, 5, 16
2026/09/25 12:47:25.793, 0, P0, 2842 MHz, 14001 MHz, 233.47 W, 600.00 W, 600.00 W, 66, 2 MiB, 0 %, 5, 16
2026/09/25 12:47:26.043, 0, P1, 2842 MHz, 14001 MHz, 118.75 W, 600.00 W, 600.00 W, 66, 596 MiB, 1 %, 5, 16
2026/09/25 12:47:26.294, 0, P1, 2842 MHz, 14001 MHz, 118.75 W, 600.00 W, 600.00 W, 66, 1748 MiB, 1 %, 5, 16
2026/09/25 12:47:26.545, 0, P1, 2835 MHz, 13365 MHz, 118.28 W, 600.00 W, 600.00 W, 65, 2772 MiB, 12 %, 5, 16
2026/09/25 12:47:26.795, 0, P1, 2835 MHz, 13365 MHz, 118.28 W, 600.00 W, 600.00 W, 65, 3796 MiB, 12 %, 5, 16
2026/09/25 12:47:27.046, 0, P1, 2617 MHz, 13365 MHz, 106.18 W, 600.00 W, 600.00 W, 64, 4820 MiB, 12 %, 5, 16
2026/09/25 12:47:27.296, 0, P1, 2617 MHz, 13365 MHz, 106.18 W, 600.00 W, 600.00 W, 64, 5748 MiB, 12 %, 5, 16
2026/09/25 12:47:27.547, 0, P1, 2617 MHz, 13365 MHz, 95.47 W, 600.00 W, 600.00 W, 64, 6676 MiB, 10 %, 5, 16
2026/09/25 12:47:27.797, 0, P1, 2617 MHz, 13365 MHz, 95.47 W, 600.00 W, 600.00 W, 64, 7604 MiB, 10 %, 5, 16
2026/09/25 12:47:28.048, 0, P1, 2617 MHz, 13365 MHz, 94.56 W, 600.00 W, 600.00 W, 63, 8500 MiB, 10 %, 5, 16
2026/09/25 12:47:28.299, 0, P1, 2617 MHz, 13365 MHz, 94.56 W, 600.00 W, 600.00 W, 63, 9460 MiB, 10 %, 5, 16
2026/09/25 12:47:28.549, 0, P1, 2617 MHz, 13365 MHz, 93.94 W, 600.00 W, 600.00 W, 63, 10388 MiB, 11 %, 5, 16
2026/09/25 12:47:28.800, 0, P1, 2617 MHz, 13365 MHz, 93.94 W, 600.00 W, 600.00 W, 63, 11316 MiB, 11 %, 5, 16
2026/09/25 12:47:29.050, 0, P1, 2617 MHz, 13365 MHz, 93.29 W, 600.00 W, 600.00 W, 63, 12276 MiB, 10 %, 5, 16
2026/09/25 12:47:29.301, 0, P1, 2617 MHz, 13365 MHz, 93.29 W, 600.00 W, 600.00 W, 63, 13204 MiB, 10 %, 5, 16
2026/09/25 12:47:29.551, 0, P1, 2617 MHz, 13365 MHz, 92.87 W, 600.00 W, 600.00 W, 63, 14132 MiB, 11 %, 5, 16
2026/09/25 12:47:29.802, 0, P1, 2617 MHz, 13365 MHz, 92.87 W, 600.00 W, 600.00 W, 63, 14740 MiB, 11 %, 5, 16
2026/09/25 12:47:30.053, 0, P1, 2617 MHz, 13365 MHz, 92.01 W, 600.00 W, 600.00 W, 62, 14740 MiB, 0 %, 5, 16
2026/09/25 12:47:30.303, 0, P1, 2617 MHz, 13365 MHz, 92.01 W, 600.00 W, 600.00 W, 62, 14740 MiB, 0 %, 5, 16
2026/09/25 12:47:30.553, 0, P1, 2610 MHz, 13365 MHz, 89.81 W, 600.00 W, 600.00 W, 62, 14740 MiB, 0 %, 5, 16
2026/09/25 12:47:30.804, 0, P1, 2610 MHz, 13365 MHz, 89.81 W, 600.00 W, 600.00 W, 62, 14740 MiB, 0 %, 5, 16
2026/09/25 12:47:31.054, 0, P1, 2610 MHz, 13365 MHz, 88.82 W, 600.00 W, 600.00 W, 62, 14740 MiB, 0 %, 5, 16
2026/09/25 12:47:31.305, 0, P1, 2610 MHz, 13365 MHz, 88.82 W, 600.00 W, 600.00 W, 62, 14740 MiB, 0 %, 5, 16
2026/09/25 12:47:31.555, 0, P1, 2610 MHz, 13365 MHz, 88.82 W, 600.00 W, 600.00 W, 62, 14740 MiB, 0 %, 5, 16
2026/09/25 12:47:31.806, 0, P1, 2610 MHz, 13365 MHz, 88.82 W, 600.00 W, 600.00 W, 62, 14740 MiB, 0 %, 5, 16
2026/09/25 12:47:32.056, 0, P1, 2610 MHz, 13365 MHz, 87.34 W, 600.00 W, 600.00 W, 62, 14740 MiB, 0 %, 5, 16
2026/09/25 12:47:32.306, 0, P1, 2610 MHz, 13365 MHz, 87.34 W, 600.00 W, 600.00 W, 62, 14740 MiB, 0 %, 5, 16
2026/09/25 12:47:32.557, 0, P1, 2610 MHz, 13365 MHz, 87.34 W, 600.00 W, 600.00 W, 62, 14740 MiB, 0 %, 5, 16
2026/09/25 12:47:32.807, 0, P1, 2610 MHz, 13365 MHz, 87.34 W, 600.00 W, 600.00 W, 62, 14740 MiB, 0 %, 5, 16
2026/09/25 12:47:33.058, 0, P1, 2610 MHz, 13365 MHz, 86.72 W, 600.00 W, 600.00 W, 61, 14740 MiB, 0 %, 5, 16
2026/09/25 12:47:33.308, 0, P1, 2610 MHz, 13365 MHz, 86.72 W, 600.00 W, 600.00 W, 61, 14740 MiB, 0 %, 5, 16
2026/09/25 12:47:33.558, 0, P1, 2610 MHz, 13365 MHz, 86.72 W, 600.00 W, 600.00 W, 61, 14740 MiB, 0 %, 5, 16
2026/09/25 12:47:33.809, 0, P1, 2610 MHz, 13365 MHz, 86.72 W, 600.00 W, 600.00 W, 61, 14740 MiB, 0 %, 5, 16
2026/09/25 12:47:34.059, 0, P1, 2610 MHz, 13365 MHz, 86.38 W, 600.00 W, 600.00 W, 61, 14740 MiB, 0 %, 5, 16
2026/09/25 12:47:34.310, 0, P1, 2610 MHz, 13365 MHz, 86.38 W, 600.00 W, 600.00 W, 61, 14740 MiB, 0 %, 5, 16
2026/09/25 12:47:34.560, 0, P1, 2610 MHz, 13365 MHz, 86.38 W, 600.00 W, 600.00 W, 61, 14740 MiB, 0 %, 5, 16
2026/09/25 12:47:34.811, 0, P1, 2610 MHz, 13365 MHz, 86.38 W, 600.00 W, 600.00 W, 61, 14740 MiB, 0 %, 5, 16
2026/09/25 12:47:35.061, 0, P1, 2610 MHz, 13365 MHz, 84.96 W, 600.00 W, 600.00 W, 60, 14740 MiB, 0 %, 5, 16
2026/09/25 12:47:35.311, 0, P1, 2610 MHz, 13365 MHz, 84.96 W, 600.00 W, 600.00 W, 60, 14740 MiB, 0 %, 5, 16
2026/09/25 12:47:35.562, 0, P1, 2610 MHz, 13365 MHz, 84.96 W, 600.00 W, 600.00 W, 60, 14740 MiB, 0 %, 5, 16
2026/09/25 12:47:35.812, 0, P1, 2610 MHz, 13365 MHz, 84.96 W, 600.00 W, 600.00 W, 60, 14740 MiB, 0 %, 5, 16
2026/09/25 12:47:36.063, 0, P1, 2610 MHz, 13365 MHz, 84.48 W, 600.00 W, 600.00 W, 60, 14740 MiB, 0 %, 5, 16
2026/09/25 12:47:36.313, 0, P1, 2610 MHz, 13365 MHz, 84.48 W, 600.00 W, 600.00 W, 60, 14740 MiB, 0 %, 5, 16
2026/09/25 12:47:36.564, 0, P1, 2610 MHz, 13365 MHz, 84.63 W, 600.00 W, 600.00 W, 60, 14740 MiB, 0 %, 5, 16
2026/09/25 12:47:36.815, 0, P1, 2610 MHz, 13365 MHz, 84.63 W, 600.00 W, 600.00 W, 60, 14740 MiB, 0 %, 5, 16
2026/09/25 12:47:37.066, 0, P1, 2610 MHz, 13365 MHz, 84.93 W, 600.00 W, 600.00 W, 59, 14740 MiB, 0 %, 5, 16
2026/09/25 12:47:37.316, 0, P1, 2610 MHz, 13365 MHz, 84.93 W, 600.00 W, 600.00 W, 59, 14740 MiB, 0 %, 5, 16
2026/09/25 12:47:37.567, 0, P1, 2610 MHz, 13365 MHz, 84.93 W, 600.00 W, 600.00 W, 59, 14740 MiB, 0 %, 5, 16
2026/09/25 12:47:37.818, 0, P1, 2610 MHz, 13365 MHz, 84.93 W, 600.00 W, 600.00 W, 59, 14740 MiB, 0 %, 5, 16
2026/09/25 12:47:38.069, 0, P1, 2610 MHz, 13365 MHz, 95.43 W, 600.00 W, 600.00 W, 63, 16372 MiB, 73 %, 5, 16
2026/09/25 12:47:38.319, 0, P1, 2610 MHz, 13365 MHz, 95.43 W, 600.00 W, 600.00 W, 63, 16820 MiB, 73 %, 5, 16
2026/09/25 12:47:38.570, 0, P1, 2812 MHz, 13365 MHz, 189.21 W, 600.00 W, 600.00 W, 67, 16820 MiB, 100 %, 5, 16
2026/09/25 12:47:38.821, 0, P1, 2812 MHz, 13365 MHz, 189.21 W, 600.00 W, 600.00 W, 67, 16820 MiB, 100 %, 5, 16
2026/09/25 12:47:39.072, 0, P1, 2820 MHz, 13365 MHz, 405.98 W, 600.00 W, 600.00 W, 67, 16820 MiB, 100 %, 5, 16
2026/09/25 12:47:39.323, 0, P1, 2820 MHz, 13365 MHz, 405.98 W, 600.00 W, 600.00 W, 67, 16820 MiB, 100 %, 5, 16
2026/09/25 12:47:39.573, 0, P1, 2820 MHz, 13365 MHz, 459.51 W, 600.00 W, 600.00 W, 68, 16820 MiB, 100 %, 5, 16
2026/09/25 12:47:39.824, 0, P1, 2820 MHz, 13365 MHz, 459.51 W, 600.00 W, 600.00 W, 68, 16820 MiB, 100 %, 5, 16
2026/09/25 12:47:40.075, 0, P1, 2835 MHz, 13365 MHz, 475.78 W, 600.00 W, 600.00 W, 69, 16820 MiB, 100 %, 5, 16
2026/09/25 12:47:40.326, 0, P1, 2835 MHz, 13365 MHz, 475.78 W, 600.00 W, 600.00 W, 69, 16820 MiB, 100 %, 5, 16
2026/09/25 12:47:40.577, 0, P1, 2827 MHz, 13365 MHz, 479.45 W, 600.00 W, 600.00 W, 68, 17108 MiB, 100 %, 5, 16
2026/09/25 12:47:40.828, 0, P1, 2827 MHz, 13365 MHz, 479.45 W, 600.00 W, 600.00 W, 68, 17108 MiB, 100 %, 5, 16
2026/09/25 12:47:41.078, 0, P1, 2812 MHz, 13365 MHz, 457.73 W, 600.00 W, 600.00 W, 68, 17108 MiB, 100 %, 5, 16
2026/09/25 12:47:41.329, 0, P1, 2812 MHz, 13365 MHz, 457.73 W, 600.00 W, 600.00 W, 68, 17108 MiB, 100 %, 5, 16
2026/09/25 12:47:41.581, 0, P1, 2820 MHz, 13365 MHz, 456.01 W, 600.00 W, 600.00 W, 69, 17108 MiB, 100 %, 5, 16
2026/09/25 12:47:41.831, 0, P1, 2820 MHz, 13365 MHz, 456.01 W, 600.00 W, 600.00 W, 69, 17108 MiB, 100 %, 5, 16
2026/09/25 12:47:42.082, 0, P1, 2835 MHz, 13365 MHz, 473.62 W, 600.00 W, 600.00 W, 69, 17108 MiB, 100 %, 5, 16
2026/09/25 12:47:42.333, 0, P1, 2835 MHz, 13365 MHz, 473.62 W, 600.00 W, 600.00 W, 69, 17108 MiB, 100 %, 5, 16
2026/09/25 12:47:42.584, 0, P1, 2827 MHz, 13365 MHz, 480.71 W, 600.00 W, 600.00 W, 69, 17108 MiB, 100 %, 5, 16
2026/09/25 12:47:42.835, 0, P1, 2827 MHz, 13365 MHz, 480.71 W, 600.00 W, 600.00 W, 69, 17108 MiB, 100 %, 5, 16
2026/09/25 12:47:43.086, 0, P1, 2820 MHz, 13365 MHz, 467.31 W, 600.00 W, 600.00 W, 68, 17108 MiB, 100 %, 5, 16
2026/09/25 12:47:43.337, 0, P1, 2820 MHz, 13365 MHz, 467.31 W, 600.00 W, 600.00 W, 68, 17108 MiB, 100 %, 5, 16
2026/09/25 12:47:43.587, 0, P1, 2820 MHz, 13365 MHz, 462.10 W, 600.00 W, 600.00 W, 69, 17108 MiB, 100 %, 5, 16
2026/09/25 12:47:43.838, 0, P1, 2820 MHz, 13365 MHz, 462.10 W, 600.00 W, 600.00 W, 69, 17108 MiB, 100 %, 5, 16
2026/09/25 12:47:44.089, 0, P1, 2835 MHz, 13365 MHz, 478.52 W, 600.00 W, 600.00 W, 70, 17108 MiB, 100 %, 5, 16
2026/09/25 12:47:44.340, 0, P1, 2835 MHz, 13365 MHz, 478.52 W, 600.00 W, 600.00 W, 70, 17108 MiB, 100 %, 5, 16
2026/09/25 12:47:44.591, 0, P1, 2827 MHz, 13365 MHz, 481.29 W, 600.00 W, 600.00 W, 69, 17108 MiB, 100 %, 5, 16
2026/09/25 12:47:44.842, 0, P1, 2827 MHz, 13365 MHz, 481.29 W, 600.00 W, 600.00 W, 69, 17108 MiB, 100 %, 5, 16
2026/09/25 12:47:45.092, 0, P1, 2820 MHz, 13365 MHz, 459.80 W, 600.00 W, 600.00 W, 69, 17108 MiB, 100 %, 5, 16
2026/09/25 12:47:45.343, 0, P1, 2820 MHz, 13365 MHz, 459.80 W, 600.00 W, 600.00 W, 69, 17108 MiB, 100 %, 5, 16
2026/09/25 12:47:45.594, 0, P1, 2820 MHz, 13365 MHz, 457.96 W, 600.00 W, 600.00 W, 70, 17108 MiB, 100 %, 5, 16
2026/09/25 12:47:45.845, 0, P1, 2820 MHz, 13365 MHz, 457.96 W, 600.00 W, 600.00 W, 70, 17108 MiB, 100 %, 5, 16
2026/09/25 12:47:46.096, 0, P1, 2835 MHz, 13365 MHz, 476.26 W, 600.00 W, 600.00 W, 70, 17108 MiB, 100 %, 5, 16
2026/09/25 12:47:46.347, 0, P1, 2835 MHz, 13365 MHz, 476.26 W, 600.00 W, 600.00 W, 70, 17108 MiB, 100 %, 5, 16
2026/09/25 12:47:46.598, 0, P1, 2835 MHz, 13365 MHz, 483.57 W, 600.00 W, 600.00 W, 70, 17108 MiB, 100 %, 5, 16
2026/09/25 12:47:46.849, 0, P1, 2835 MHz, 13365 MHz, 483.57 W, 600.00 W, 600.00 W, 70, 17108 MiB, 100 %, 5, 16
2026/09/25 12:47:47.100, 0, P1, 2820 MHz, 13365 MHz, 468.84 W, 600.00 W, 600.00 W, 69, 17108 MiB, 100 %, 5, 16
2026/09/25 12:47:47.350, 0, P1, 2820 MHz, 13365 MHz, 468.84 W, 600.00 W, 600.00 W, 69, 17108 MiB, 100 %, 5, 16
2026/09/25 12:47:47.601, 0, P1, 2820 MHz, 13365 MHz, 463.23 W, 600.00 W, 600.00 W, 70, 17108 MiB, 100 %, 5, 16
2026/09/25 12:47:47.852, 0, P1, 2820 MHz, 13365 MHz, 463.23 W, 600.00 W, 600.00 W, 70, 17108 MiB, 100 %, 5, 16
2026/09/25 12:47:48.103, 0, P1, 2835 MHz, 13365 MHz, 479.49 W, 600.00 W, 600.00 W, 70, 17108 MiB, 100 %, 5, 16
2026/09/25 12:47:48.354, 0, P1, 2835 MHz, 13365 MHz, 479.49 W, 600.00 W, 600.00 W, 70, 17108 MiB, 100 %, 5, 16
2026/09/25 12:47:48.605, 0, P1, 2827 MHz, 13365 MHz, 482.28 W, 600.00 W, 600.00 W, 70, 17108 MiB, 100 %, 5, 16
2026/09/25 12:47:48.856, 0, P1, 2827 MHz, 13365 MHz, 482.28 W, 600.00 W, 600.00 W, 70, 17108 MiB, 100 %, 5, 16
2026/09/25 12:47:49.107, 0, P1, 2812 MHz, 13365 MHz, 464.39 W, 600.00 W, 600.00 W, 70, 17108 MiB, 100 %, 5, 16
2026/09/25 12:47:49.357, 0, P1, 2812 MHz, 13365 MHz, 464.39 W, 600.00 W, 600.00 W, 70, 17108 MiB, 100 %, 5, 16
2026/09/25 12:47:49.608, 0, P1, 2820 MHz, 13365 MHz, 458.17 W, 600.00 W, 600.00 W, 70, 17108 MiB, 100 %, 5, 16
2026/09/25 12:47:49.859, 0, P1, 2820 MHz, 13365 MHz, 458.17 W, 600.00 W, 600.00 W, 70, 17108 MiB, 100 %, 5, 16
2026/09/25 12:47:50.110, 0, P1, 2835 MHz, 13365 MHz, 477.60 W, 600.00 W, 600.00 W, 71, 17108 MiB, 100 %, 5, 16
2026/09/25 12:47:50.361, 0, P1, 2835 MHz, 13365 MHz, 477.60 W, 600.00 W, 600.00 W, 71, 17108 MiB, 100 %, 5, 16
2026/09/25 12:47:50.612, 0, P1, 2827 MHz, 13365 MHz, 484.20 W, 600.00 W, 600.00 W, 70, 17108 MiB, 100 %, 5, 16
2026/09/25 12:47:50.863, 0, P1, 2827 MHz, 13365 MHz, 484.20 W, 600.00 W, 600.00 W, 70, 17108 MiB, 100 %, 5, 16
2026/09/25 12:47:51.114, 0, P1, 2820 MHz, 13365 MHz, 470.02 W, 600.00 W, 600.00 W, 70, 17108 MiB, 100 %, 5, 16
2026/09/25 12:47:51.364, 0, P1, 2820 MHz, 13365 MHz, 470.02 W, 600.00 W, 600.00 W, 70, 17108 MiB, 100 %, 5, 16
2026/09/25 12:47:51.615, 0, P1, 2820 MHz, 13365 MHz, 465.90 W, 600.00 W, 600.00 W, 71, 17108 MiB, 100 %, 5, 16
2026/09/25 12:47:51.866, 0, P1, 2820 MHz, 13365 MHz, 465.90 W, 600.00 W, 600.00 W, 71, 17108 MiB, 100 %, 5, 16
2026/09/25 12:47:52.117, 0, P1, 2835 MHz, 13365 MHz, 481.85 W, 600.00 W, 600.00 W, 71, 17108 MiB, 100 %, 5, 16
2026/09/25 12:47:52.368, 0, P1, 2835 MHz, 13365 MHz, 481.85 W, 600.00 W, 600.00 W, 71, 17108 MiB, 100 %, 5, 16
2026/09/25 12:47:52.619, 0, P1, 2827 MHz, 13365 MHz, 484.11 W, 600.00 W, 600.00 W, 70, 17108 MiB, 100 %, 5, 16
2026/09/25 12:47:52.869, 0, P1, 2827 MHz, 13365 MHz, 484.11 W, 600.00 W, 600.00 W, 70, 17108 MiB, 100 %, 5, 16
2026/09/25 12:47:53.120, 0, P1, 2820 MHz, 13365 MHz, 462.23 W, 600.00 W, 600.00 W, 70, 17108 MiB, 100 %, 5, 16
2026/09/25 12:47:53.371, 0, P1, 2820 MHz, 13365 MHz, 462.23 W, 600.00 W, 600.00 W, 70, 17108 MiB, 100 %, 5, 16
2026/09/25 12:47:53.622, 0, P1, 2820 MHz, 13365 MHz, 460.23 W, 600.00 W, 600.00 W, 71, 17108 MiB, 100 %, 5, 16
2026/09/25 12:47:53.873, 0, P1, 2820 MHz, 13365 MHz, 460.23 W, 600.00 W, 600.00 W, 71, 17108 MiB, 100 %, 5, 16
2026/09/25 12:47:54.124, 0, P1, 2835 MHz, 13365 MHz, 478.13 W, 600.00 W, 600.00 W, 71, 17108 MiB, 100 %, 5, 16
2026/09/25 12:47:54.375, 0, P1, 2835 MHz, 13365 MHz, 478.13 W, 600.00 W, 600.00 W, 71, 17108 MiB, 100 %, 5, 16
2026/09/25 12:47:54.626, 0, P1, 2827 MHz, 13365 MHz, 484.55 W, 600.00 W, 600.00 W, 71, 17108 MiB, 100 %, 5, 16
2026/09/25 12:47:54.877, 0, P1, 2827 MHz, 13365 MHz, 484.55 W, 600.00 W, 600.00 W, 71, 17108 MiB, 100 %, 5, 16
2026/09/25 12:47:55.128, 0, P1, 2820 MHz, 13365 MHz, 468.57 W, 600.00 W, 600.00 W, 70, 17108 MiB, 100 %, 5, 16
2026/09/25 12:47:55.379, 0, P1, 2820 MHz, 13365 MHz, 468.57 W, 600.00 W, 600.00 W, 70, 17108 MiB, 100 %, 5, 16
2026/09/25 12:47:55.629, 0, P1, 2820 MHz, 13365 MHz, 466.11 W, 600.00 W, 600.00 W, 71, 17108 MiB, 100 %, 5, 16
2026/09/25 12:47:55.880, 0, P1, 2820 MHz, 13365 MHz, 466.11 W, 600.00 W, 600.00 W, 71, 17108 MiB, 100 %, 5, 16
2026/09/25 12:47:56.131, 0, P1, 2835 MHz, 13365 MHz, 482.72 W, 600.00 W, 600.00 W, 71, 17108 MiB, 100 %, 5, 16
2026/09/25 12:47:56.382, 0, P1, 2835 MHz, 13365 MHz, 482.72 W, 600.00 W, 600.00 W, 71, 17108 MiB, 100 %, 5, 16
2026/09/25 12:47:56.633, 0, P1, 2827 MHz, 13365 MHz, 484.94 W, 600.00 W, 600.00 W, 71, 17108 MiB, 100 %, 5, 16
2026/09/25 12:47:56.884, 0, P1, 2827 MHz, 13365 MHz, 484.94 W, 600.00 W, 600.00 W, 71, 17108 MiB, 100 %, 5, 16
2026/09/25 12:47:57.134, 0, P1, 2812 MHz, 13365 MHz, 463.67 W, 600.00 W, 600.00 W, 71, 17108 MiB, 100 %, 5, 16
2026/09/25 12:47:57.385, 0, P1, 2812 MHz, 13365 MHz, 463.67 W, 600.00 W, 600.00 W, 71, 17108 MiB, 100 %, 5, 16
2026/09/25 12:47:57.636, 0, P1, 2820 MHz, 13365 MHz, 461.96 W, 600.00 W, 600.00 W, 71, 17108 MiB, 100 %, 5, 16
2026/09/25 12:47:57.887, 0, P1, 2820 MHz, 13365 MHz, 461.96 W, 600.00 W, 600.00 W, 71, 17108 MiB, 100 %, 5, 16
2026/09/25 12:47:58.138, 0, P1, 2835 MHz, 13365 MHz, 480.10 W, 600.00 W, 600.00 W, 72, 17108 MiB, 100 %, 5, 16
2026/09/25 12:47:58.389, 0, P1, 2835 MHz, 13365 MHz, 480.10 W, 600.00 W, 600.00 W, 72, 17108 MiB, 100 %, 5, 16
2026/09/25 12:47:58.640, 0, P1, 2827 MHz, 13365 MHz, 486.42 W, 600.00 W, 600.00 W, 71, 17108 MiB, 100 %, 5, 16
2026/09/25 12:47:58.890, 0, P1, 2827 MHz, 13365 MHz, 486.42 W, 600.00 W, 600.00 W, 71, 17108 MiB, 100 %, 5, 16
2026/09/25 12:47:59.141, 0, P1, 2820 MHz, 13365 MHz, 468.24 W, 600.00 W, 600.00 W, 71, 17108 MiB, 100 %, 5, 16
2026/09/25 12:47:59.392, 0, P1, 2820 MHz, 13365 MHz, 468.24 W, 600.00 W, 600.00 W, 71, 17108 MiB, 100 %, 5, 16
2026/09/25 12:47:59.643, 0, P1, 2820 MHz, 13365 MHz, 460.32 W, 600.00 W, 600.00 W, 72, 17108 MiB, 100 %, 5, 16
2026/09/25 12:47:59.894, 0, P1, 2820 MHz, 13365 MHz, 460.32 W, 600.00 W, 600.00 W, 72, 17108 MiB, 100 %, 5, 16
2026/09/25 12:48:00.144, 0, P1, 2835 MHz, 13365 MHz, 479.80 W, 600.00 W, 600.00 W, 72, 17108 MiB, 100 %, 5, 16
2026/09/25 12:48:00.395, 0, P1, 2835 MHz, 13365 MHz, 479.80 W, 600.00 W, 600.00 W, 72, 17108 MiB, 100 %, 5, 16
2026/09/25 12:48:00.646, 0, P1, 2835 MHz, 13365 MHz, 487.77 W, 600.00 W, 600.00 W, 72, 17108 MiB, 100 %, 5, 16
2026/09/25 12:48:00.897, 0, P1, 2835 MHz, 13365 MHz, 487.77 W, 600.00 W, 600.00 W, 72, 17108 MiB, 100 %, 5, 16
2026/09/25 12:48:01.148, 0, P1, 2820 MHz, 13365 MHz, 474.60 W, 600.00 W, 600.00 W, 71, 17108 MiB, 100 %, 5, 16
2026/09/25 12:48:01.399, 0, P1, 2820 MHz, 13365 MHz, 474.60 W, 600.00 W, 600.00 W, 71, 17108 MiB, 100 %, 5, 16
2026/09/25 12:48:01.650, 0, P1, 2820 MHz, 13365 MHz, 468.90 W, 600.00 W, 600.00 W, 72, 17108 MiB, 100 %, 5, 16
2026/09/25 12:48:01.901, 0, P1, 2820 MHz, 13365 MHz, 468.90 W, 600.00 W, 600.00 W, 72, 17108 MiB, 100 %, 5, 16
2026/09/25 12:48:02.151, 0, P1, 2835 MHz, 13365 MHz, 483.36 W, 600.00 W, 600.00 W, 72, 17108 MiB, 100 %, 5, 16
2026/09/25 12:48:02.402, 0, P1, 2835 MHz, 13365 MHz, 483.36 W, 600.00 W, 600.00 W, 72, 17108 MiB, 100 %, 5, 16
2026/09/25 12:48:02.653, 0, P1, 2827 MHz, 13365 MHz, 487.50 W, 600.00 W, 600.00 W, 72, 17108 MiB, 100 %, 5, 16
2026/09/25 12:48:02.904, 0, P1, 2827 MHz, 13365 MHz, 487.50 W, 600.00 W, 600.00 W, 72, 17108 MiB, 100 %, 5, 16
2026/09/25 12:48:03.155, 0, P1, 2812 MHz, 13365 MHz, 469.62 W, 600.00 W, 600.00 W, 71, 17108 MiB, 100 %, 5, 16
2026/09/25 12:48:03.406, 0, P1, 2812 MHz, 13365 MHz, 469.62 W, 600.00 W, 600.00 W, 71, 17108 MiB, 100 %, 5, 16
2026/09/25 12:48:03.657, 0, P1, 2820 MHz, 13365 MHz, 461.46 W, 600.00 W, 600.00 W, 72, 17108 MiB, 100 %, 5, 16
2026/09/25 12:48:03.908, 0, P1, 2820 MHz, 13365 MHz, 461.46 W, 600.00 W, 600.00 W, 72, 17108 MiB, 100 %, 5, 16
2026/09/25 12:48:04.159, 0, P1, 2835 MHz, 13365 MHz, 480.46 W, 600.00 W, 600.00 W, 72, 17108 MiB, 100 %, 5, 16
2026/09/25 12:48:04.410, 0, P1, 2835 MHz, 13365 MHz, 480.46 W, 600.00 W, 600.00 W, 72, 17108 MiB, 100 %, 5, 16
2026/09/25 12:48:04.660, 0, P1, 2835 MHz, 13365 MHz, 489.20 W, 600.00 W, 600.00 W, 72, 17108 MiB, 100 %, 5, 16
2026/09/25 12:48:04.911, 0, P1, 2835 MHz, 13365 MHz, 489.20 W, 600.00 W, 600.00 W, 72, 17108 MiB, 100 %, 5, 16
2026/09/25 12:48:05.162, 0, P1, 2820 MHz, 13365 MHz, 472.81 W, 600.00 W, 600.00 W, 72, 17108 MiB, 100 %, 5, 16
2026/09/25 12:48:05.413, 0, P1, 2820 MHz, 13365 MHz, 472.81 W, 600.00 W, 600.00 W, 72, 17108 MiB, 100 %, 5, 16
2026/09/25 12:48:05.664, 0, P1, 2820 MHz, 13365 MHz, 469.63 W, 600.00 W, 600.00 W, 72, 17108 MiB, 100 %, 5, 16
2026/09/25 12:48:05.915, 0, P1, 2820 MHz, 13365 MHz, 469.63 W, 600.00 W, 600.00 W, 72, 17108 MiB, 100 %, 5, 16
2026/09/25 12:48:06.166, 0, P1, 2835 MHz, 13365 MHz, 482.01 W, 600.00 W, 600.00 W, 73, 17108 MiB, 100 %, 5, 16
2026/09/25 12:48:06.417, 0, P1, 2835 MHz, 13365 MHz, 482.01 W, 600.00 W, 600.00 W, 73, 17108 MiB, 100 %, 5, 16
2026/09/25 12:48:06.668, 0, P1, 2827 MHz, 13365 MHz, 488.42 W, 600.00 W, 600.00 W, 72, 17108 MiB, 100 %, 5, 16
2026/09/25 12:48:06.919, 0, P1, 2827 MHz, 13365 MHz, 488.42 W, 600.00 W, 600.00 W, 72, 17108 MiB, 100 %, 5, 16
2026/09/25 12:48:07.169, 0, P1, 2820 MHz, 13365 MHz, 469.96 W, 600.00 W, 600.00 W, 72, 17108 MiB, 100 %, 5, 16
2026/09/25 12:48:07.420, 0, P1, 2820 MHz, 13365 MHz, 469.96 W, 600.00 W, 600.00 W, 72, 17108 MiB, 100 %, 5, 16
2026/09/25 12:48:07.671, 0, P1, 2820 MHz, 13365 MHz, 464.01 W, 600.00 W, 600.00 W, 73, 17108 MiB, 100 %, 5, 16
2026/09/25 12:48:07.922, 0, P1, 2820 MHz, 13365 MHz, 464.01 W, 600.00 W, 600.00 W, 73, 17108 MiB, 100 %, 5, 16
2026/09/25 12:48:08.174, 0, P1, 2835 MHz, 13365 MHz, 482.00 W, 600.00 W, 600.00 W, 73, 17108 MiB, 100 %, 5, 16
2026/09/25 12:48:08.425, 0, P1, 2835 MHz, 13365 MHz, 482.00 W, 600.00 W, 600.00 W, 73, 17108 MiB, 100 %, 5, 16
2026/09/25 12:48:08.676, 0, P1, 2835 MHz, 13365 MHz, 489.59 W, 600.00 W, 600.00 W, 72, 17108 MiB, 100 %, 5, 16
2026/09/25 12:48:08.927, 0, P1, 2835 MHz, 13365 MHz, 489.59 W, 600.00 W, 600.00 W, 72, 17108 MiB, 100 %, 5, 16
2026/09/25 12:48:09.178, 0, P1, 2820 MHz, 13365 MHz, 473.88 W, 600.00 W, 600.00 W, 72, 17108 MiB, 100 %, 5, 16
2026/09/25 12:48:09.429, 0, P1, 2820 MHz, 13365 MHz, 473.88 W, 600.00 W, 600.00 W, 72, 17108 MiB, 100 %, 5, 16
2026/09/25 12:48:09.680, 0, P1, 2820 MHz, 13365 MHz, 470.82 W, 600.00 W, 600.00 W, 73, 17108 MiB, 100 %, 5, 16
2026/09/25 12:48:09.931, 0, P1, 2820 MHz, 13365 MHz, 470.82 W, 600.00 W, 600.00 W, 73, 17108 MiB, 100 %, 5, 16
2026/09/25 12:48:10.181, 0, P1, 2835 MHz, 13365 MHz, 483.30 W, 600.00 W, 600.00 W, 73, 17108 MiB, 100 %, 5, 16
2026/09/25 12:48:10.432, 0, P1, 2835 MHz, 13365 MHz, 483.30 W, 600.00 W, 600.00 W, 73, 17108 MiB, 100 %, 5, 16
2026/09/25 12:48:10.683, 0, P1, 2827 MHz, 13365 MHz, 489.29 W, 600.00 W, 600.00 W, 73, 17108 MiB, 100 %, 5, 16
2026/09/25 12:48:10.934, 0, P1, 2827 MHz, 13365 MHz, 489.29 W, 600.00 W, 600.00 W, 73, 17108 MiB, 100 %, 5, 16
2026/09/25 12:48:11.185, 0, P1, 2812 MHz, 13365 MHz, 471.13 W, 600.00 W, 600.00 W, 72, 17108 MiB, 100 %, 5, 16
2026/09/25 12:48:11.436, 0, P1, 2812 MHz, 13365 MHz, 471.13 W, 600.00 W, 600.00 W, 72, 17108 MiB, 100 %, 5, 16
2026/09/25 12:48:11.687, 0, P1, 2820 MHz, 13365 MHz, 463.30 W, 600.00 W, 600.00 W, 73, 17108 MiB, 100 %, 5, 16
2026/09/25 12:48:11.937, 0, P1, 2820 MHz, 13365 MHz, 463.30 W, 600.00 W, 600.00 W, 73, 17108 MiB, 100 %, 5, 16
2026/09/25 12:48:12.188, 0, P1, 2835 MHz, 13365 MHz, 484.46 W, 600.00 W, 600.00 W, 73, 17108 MiB, 100 %, 5, 16
2026/09/25 12:48:12.439, 0, P1, 2835 MHz, 13365 MHz, 484.46 W, 600.00 W, 600.00 W, 73, 17108 MiB, 100 %, 5, 16
2026/09/25 12:48:12.690, 0, P1, 2835 MHz, 13365 MHz, 490.96 W, 600.00 W, 600.00 W, 73, 17108 MiB, 100 %, 5, 16
2026/09/25 12:48:12.941, 0, P1, 2835 MHz, 13365 MHz, 490.96 W, 600.00 W, 600.00 W, 73, 17108 MiB, 100 %, 5, 16
2026/09/25 12:48:13.192, 0, P1, 2820 MHz, 13365 MHz, 476.63 W, 600.00 W, 600.00 W, 72, 17108 MiB, 100 %, 5, 16
2026/09/25 12:48:13.442, 0, P1, 2820 MHz, 13365 MHz, 476.63 W, 600.00 W, 600.00 W, 72, 17108 MiB, 100 %, 5, 16
2026/09/25 12:48:13.693, 0, P1, 2820 MHz, 13365 MHz, 470.01 W, 600.00 W, 600.00 W, 73, 17108 MiB, 100 %, 5, 16
2026/09/25 12:48:13.944, 0, P1, 2820 MHz, 13365 MHz, 470.01 W, 600.00 W, 600.00 W, 73, 17108 MiB, 100 %, 5, 16
2026/09/25 12:48:14.195, 0, P1, 2835 MHz, 13365 MHz, 485.96 W, 600.00 W, 600.00 W, 73, 17108 MiB, 100 %, 5, 16
2026/09/25 12:48:14.446, 0, P1, 2835 MHz, 13365 MHz, 485.96 W, 600.00 W, 600.00 W, 73, 17108 MiB, 100 %, 5, 16
2026/09/25 12:48:14.697, 0, P1, 2820 MHz, 13365 MHz, 489.75 W, 600.00 W, 600.00 W, 73, 17108 MiB, 100 %, 5, 16
2026/09/25 12:48:14.948, 0, P1, 2820 MHz, 13365 MHz, 489.75 W, 600.00 W, 600.00 W, 73, 17108 MiB, 100 %, 5, 16
2026/09/25 12:48:15.199, 0, P1, 2812 MHz, 13365 MHz, 471.89 W, 600.00 W, 600.00 W, 73, 17108 MiB, 100 %, 5, 16
2026/09/25 12:48:15.450, 0, P1, 2812 MHz, 13365 MHz, 471.89 W, 600.00 W, 600.00 W, 73, 17108 MiB, 100 %, 5, 16
2026/09/25 12:48:15.700, 0, P1, 2820 MHz, 13365 MHz, 466.21 W, 600.00 W, 600.00 W, 73, 17108 MiB, 100 %, 5, 16
2026/09/25 12:48:15.951, 0, P1, 2820 MHz, 13365 MHz, 466.21 W, 600.00 W, 600.00 W, 73, 17108 MiB, 100 %, 5, 16
2026/09/25 12:48:16.202, 0, P1, 2820 MHz, 13365 MHz, 485.33 W, 600.00 W, 600.00 W, 74, 17108 MiB, 100 %, 5, 16
2026/09/25 12:48:16.453, 0, P1, 2820 MHz, 13365 MHz, 485.33 W, 600.00 W, 600.00 W, 74, 17108 MiB, 100 %, 5, 16
2026/09/25 12:48:16.704, 0, P1, 2820 MHz, 13365 MHz, 490.49 W, 600.00 W, 600.00 W, 73, 17108 MiB, 100 %, 5, 16
2026/09/25 12:48:16.955, 0, P1, 2820 MHz, 13365 MHz, 490.49 W, 600.00 W, 600.00 W, 73, 17108 MiB, 100 %, 5, 16
2026/09/25 12:48:17.206, 0, P1, 2812 MHz, 13365 MHz, 475.07 W, 600.00 W, 600.00 W, 73, 17108 MiB, 100 %, 5, 16
2026/09/25 12:48:17.457, 0, P1, 2812 MHz, 13365 MHz, 475.07 W, 600.00 W, 600.00 W, 73, 17108 MiB, 100 %, 5, 16
2026/09/25 12:48:17.707, 0, P1, 2812 MHz, 13365 MHz, 472.21 W, 600.00 W, 600.00 W, 74, 17108 MiB, 100 %, 5, 16
2026/09/25 12:48:17.958, 0, P1, 2812 MHz, 13365 MHz, 472.21 W, 600.00 W, 600.00 W, 74, 17108 MiB, 100 %, 5, 16
2026/09/25 12:48:18.209, 0, P1, 2820 MHz, 13365 MHz, 485.07 W, 600.00 W, 600.00 W, 74, 17108 MiB, 100 %, 5, 16
2026/09/25 12:48:18.460, 0, P1, 2820 MHz, 13365 MHz, 485.07 W, 600.00 W, 600.00 W, 74, 2 MiB, 100 %, 5, 16
2026/09/25 12:48:18.711, 0, P0, 2820 MHz, 14001 MHz, 419.52 W, 600.00 W, 600.00 W, 67, 2 MiB, 28 %, 5, 16
2026/09/25 12:48:18.962, 0, P0, 2820 MHz, 14001 MHz, 419.52 W, 600.00 W, 600.00 W, 67, 2 MiB, 28 %, 5, 16
2026/09/25 12:48:19.212, 0, P0, 2842 MHz, 14001 MHz, 244.30 W, 600.00 W, 600.00 W, 66, 2 MiB, 0 %, 5, 16
2026/09/25 12:48:19.463, 0, P0, 2842 MHz, 14001 MHz, 244.30 W, 600.00 W, 600.00 W, 66, 38 MiB, 0 %, 5, 16
2026/09/25 12:48:19.713, 0, P1, 2842 MHz, 14001 MHz, 120.98 W, 600.00 W, 600.00 W, 66, 1460 MiB, 0 %, 5, 16
2026/09/25 12:48:19.964, 0, P1, 2842 MHz, 14001 MHz, 120.98 W, 600.00 W, 600.00 W, 66, 2324 MiB, 0 %, 5, 16
2026/09/25 12:48:20.214, 0, P1, 2835 MHz, 13365 MHz, 118.10 W, 600.00 W, 600.00 W, 65, 3348 MiB, 12 %, 5, 16
2026/09/25 12:48:20.465, 0, P1, 2835 MHz, 13365 MHz, 118.10 W, 600.00 W, 600.00 W, 65, 4372 MiB, 12 %, 5, 16
2026/09/25 12:48:20.715, 0, P1, 2692 MHz, 13365 MHz, 108.12 W, 600.00 W, 600.00 W, 64, 5268 MiB, 12 %, 5, 16
2026/09/25 12:48:20.966, 0, P1, 2692 MHz, 13365 MHz, 108.12 W, 600.00 W, 600.00 W, 64, 6260 MiB, 12 %, 5, 16
2026/09/25 12:48:21.217, 0, P1, 2617 MHz, 13365 MHz, 97.37 W, 600.00 W, 600.00 W, 64, 7156 MiB, 10 %, 5, 16
2026/09/25 12:48:21.467, 0, P1, 2617 MHz, 13365 MHz, 97.37 W, 600.00 W, 600.00 W, 64, 8084 MiB, 10 %, 5, 16
2026/09/25 12:48:21.718, 0, P1, 2617 MHz, 13365 MHz, 94.30 W, 600.00 W, 600.00 W, 63, 9012 MiB, 11 %, 5, 16
2026/09/25 12:48:21.968, 0, P1, 2617 MHz, 13365 MHz, 94.30 W, 600.00 W, 600.00 W, 63, 9940 MiB, 11 %, 5, 16
2026/09/25 12:48:22.219, 0, P1, 2617 MHz, 13365 MHz, 93.67 W, 600.00 W, 600.00 W, 63, 10868 MiB, 10 %, 5, 16
2026/09/25 12:48:22.469, 0, P1, 2617 MHz, 13365 MHz, 93.67 W, 600.00 W, 600.00 W, 63, 11828 MiB, 10 %, 5, 16
2026/09/25 12:48:22.720, 0, P1, 2617 MHz, 13365 MHz, 93.44 W, 600.00 W, 600.00 W, 63, 12756 MiB, 10 %, 5, 16
2026/09/25 12:48:22.971, 0, P1, 2617 MHz, 13365 MHz, 93.44 W, 600.00 W, 600.00 W, 63, 13652 MiB, 10 %, 5, 16
2026/09/25 12:48:23.221, 0, P1, 2617 MHz, 13365 MHz, 93.24 W, 600.00 W, 600.00 W, 63, 14612 MiB, 11 %, 5, 16
2026/09/25 12:48:23.472, 0, P1, 2617 MHz, 13365 MHz, 93.24 W, 600.00 W, 600.00 W, 63, 14740 MiB, 11 %, 5, 16
2026/09/25 12:48:23.722, 0, P1, 2617 MHz, 13365 MHz, 92.38 W, 600.00 W, 600.00 W, 62, 14740 MiB, 0 %, 5, 16
2026/09/25 12:48:23.972, 0, P1, 2617 MHz, 13365 MHz, 92.38 W, 600.00 W, 600.00 W, 62, 14740 MiB, 0 %, 5, 16
2026/09/25 12:48:24.223, 0, P1, 2610 MHz, 13365 MHz, 90.26 W, 600.00 W, 600.00 W, 62, 14740 MiB, 0 %, 5, 16
2026/09/25 12:48:24.473, 0, P1, 2610 MHz, 13365 MHz, 90.26 W, 600.00 W, 600.00 W, 62, 14740 MiB, 0 %, 5, 16
2026/09/25 12:48:24.724, 0, P1, 2610 MHz, 13365 MHz, 89.25 W, 600.00 W, 600.00 W, 62, 14740 MiB, 0 %, 5, 16
2026/09/25 12:48:24.974, 0, P1, 2610 MHz, 13365 MHz, 89.25 W, 600.00 W, 600.00 W, 62, 14740 MiB, 0 %, 5, 16
2026/09/25 12:48:25.225, 0, P1, 2610 MHz, 13365 MHz, 89.25 W, 600.00 W, 600.00 W, 62, 14740 MiB, 0 %, 5, 16
2026/09/25 12:48:25.475, 0, P1, 2610 MHz, 13365 MHz, 89.25 W, 600.00 W, 600.00 W, 62, 14740 MiB, 0 %, 5, 16
2026/09/25 12:48:25.725, 0, P1, 2610 MHz, 13365 MHz, 87.81 W, 600.00 W, 600.00 W, 61, 14740 MiB, 0 %, 5, 16
2026/09/25 12:48:25.976, 0, P1, 2610 MHz, 13365 MHz, 87.81 W, 600.00 W, 600.00 W, 61, 14740 MiB, 0 %, 5, 16
2026/09/25 12:48:26.226, 0, P1, 2610 MHz, 13365 MHz, 87.81 W, 600.00 W, 600.00 W, 61, 14740 MiB, 0 %, 5, 16
2026/09/25 12:48:26.477, 0, P1, 2610 MHz, 13365 MHz, 87.81 W, 600.00 W, 600.00 W, 61, 14740 MiB, 0 %, 5, 16
2026/09/25 12:48:26.727, 0, P1, 2610 MHz, 13365 MHz, 86.70 W, 600.00 W, 600.00 W, 61, 14740 MiB, 0 %, 5, 16
2026/09/25 12:48:26.978, 0, P1, 2610 MHz, 13365 MHz, 86.70 W, 600.00 W, 600.00 W, 61, 14740 MiB, 0 %, 5, 16
2026/09/25 12:48:27.228, 0, P1, 2610 MHz, 13365 MHz, 86.70 W, 600.00 W, 600.00 W, 61, 14740 MiB, 0 %, 5, 16
2026/09/25 12:48:27.478, 0, P1, 2610 MHz, 13365 MHz, 86.70 W, 600.00 W, 600.00 W, 61, 14740 MiB, 0 %, 5, 16
2026/09/25 12:48:27.729, 0, P1, 2610 MHz, 13365 MHz, 86.58 W, 600.00 W, 600.00 W, 61, 14740 MiB, 0 %, 5, 16
2026/09/25 12:48:27.979, 0, P1, 2610 MHz, 13365 MHz, 86.58 W, 600.00 W, 600.00 W, 61, 14740 MiB, 0 %, 5, 16
2026/09/25 12:48:28.230, 0, P1, 2610 MHz, 13365 MHz, 86.58 W, 600.00 W, 600.00 W, 61, 14740 MiB, 0 %, 5, 16
2026/09/25 12:48:28.480, 0, P1, 2610 MHz, 13365 MHz, 86.21 W, 600.00 W, 600.00 W, 60, 14740 MiB, 0 %, 5, 16
2026/09/25 12:48:28.730, 0, P1, 2610 MHz, 13365 MHz, 86.21 W, 600.00 W, 600.00 W, 60, 14740 MiB, 0 %, 5, 16
2026/09/25 12:48:28.981, 0, P1, 2610 MHz, 13365 MHz, 86.21 W, 600.00 W, 600.00 W, 60, 14740 MiB, 0 %, 5, 16
2026/09/25 12:48:29.231, 0, P1, 2610 MHz, 13365 MHz, 86.21 W, 600.00 W, 600.00 W, 60, 14740 MiB, 0 %, 5, 16
2026/09/25 12:48:29.482, 0, P1, 2610 MHz, 13365 MHz, 85.04 W, 600.00 W, 600.00 W, 60, 14740 MiB, 0 %, 5, 16
2026/09/25 12:48:29.733, 0, P1, 2610 MHz, 13365 MHz, 85.04 W, 600.00 W, 600.00 W, 60, 14740 MiB, 0 %, 5, 16
2026/09/25 12:48:29.984, 0, P1, 2610 MHz, 13365 MHz, 85.40 W, 600.00 W, 600.00 W, 60, 14740 MiB, 0 %, 5, 16
2026/09/25 12:48:30.234, 0, P1, 2610 MHz, 13365 MHz, 85.40 W, 600.00 W, 600.00 W, 60, 14740 MiB, 0 %, 5, 16
2026/09/25 12:48:30.485, 0, P1, 2610 MHz, 13365 MHz, 85.66 W, 600.00 W, 600.00 W, 59, 14740 MiB, 0 %, 5, 16
2026/09/25 12:48:30.736, 0, P1, 2610 MHz, 13365 MHz, 85.66 W, 600.00 W, 600.00 W, 59, 14740 MiB, 0 %, 5, 16
2026/09/25 12:48:30.986, 0, P1, 2610 MHz, 13365 MHz, 85.66 W, 600.00 W, 600.00 W, 59, 14740 MiB, 0 %, 5, 16
2026/09/25 12:48:31.237, 0, P1, 2610 MHz, 13365 MHz, 85.66 W, 600.00 W, 600.00 W, 59, 14740 MiB, 0 %, 5, 16
2026/09/25 12:48:31.488, 0, P1, 2610 MHz, 13365 MHz, 87.76 W, 600.00 W, 600.00 W, 62, 15924 MiB, 46 %, 5, 16
2026/09/25 12:48:31.738, 0, P1, 2610 MHz, 13365 MHz, 87.76 W, 600.00 W, 600.00 W, 62, 16500 MiB, 46 %, 5, 16
2026/09/25 12:48:31.989, 0, P1, 2805 MHz, 13365 MHz, 182.73 W, 600.00 W, 600.00 W, 67, 16820 MiB, 100 %, 5, 16
2026/09/25 12:48:32.240, 0, P1, 2805 MHz, 13365 MHz, 182.73 W, 600.00 W, 600.00 W, 67, 16820 MiB, 100 %, 5, 16
2026/09/25 12:48:32.491, 0, P1, 2820 MHz, 13365 MHz, 396.76 W, 600.00 W, 600.00 W, 67, 16820 MiB, 100 %, 5, 16
2026/09/25 12:48:32.741, 0, P1, 2820 MHz, 13365 MHz, 396.76 W, 600.00 W, 600.00 W, 67, 16820 MiB, 100 %, 5, 16
2026/09/25 12:48:32.992, 0, P1, 2820 MHz, 13365 MHz, 458.82 W, 600.00 W, 600.00 W, 68, 16820 MiB, 100 %, 5, 16
2026/09/25 12:48:33.243, 0, P1, 2820 MHz, 13365 MHz, 458.82 W, 600.00 W, 600.00 W, 68, 16820 MiB, 100 %, 5, 16
2026/09/25 12:48:33.494, 0, P1, 2835 MHz, 13365 MHz, 474.37 W, 600.00 W, 600.00 W, 68, 16820 MiB, 100 %, 5, 16
2026/09/25 12:48:33.745, 0, P1, 2835 MHz, 13365 MHz, 474.37 W, 600.00 W, 600.00 W, 68, 16820 MiB, 100 %, 5, 16
2026/09/25 12:48:33.995, 0, P1, 2835 MHz, 13365 MHz, 480.27 W, 600.00 W, 600.00 W, 68, 16820 MiB, 100 %, 5, 16
2026/09/25 12:48:34.246, 0, P1, 2835 MHz, 13365 MHz, 480.27 W, 600.00 W, 600.00 W, 68, 17108 MiB, 100 %, 5, 16
2026/09/25 12:48:34.497, 0, P1, 2812 MHz, 13365 MHz, 462.03 W, 600.00 W, 600.00 W, 68, 17108 MiB, 100 %, 5, 16
2026/09/25 12:48:34.748, 0, P1, 2812 MHz, 13365 MHz, 462.03 W, 600.00 W, 600.00 W, 68, 17108 MiB, 100 %, 5, 16
2026/09/25 12:48:34.999, 0, P1, 2820 MHz, 13365 MHz, 454.05 W, 600.00 W, 600.00 W, 69, 17108 MiB, 100 %, 5, 16
2026/09/25 12:48:35.250, 0, P1, 2820 MHz, 13365 MHz, 454.05 W, 600.00 W, 600.00 W, 69, 17108 MiB, 100 %, 5, 16
2026/09/25 12:48:35.501, 0, P1, 2835 MHz, 13365 MHz, 474.74 W, 600.00 W, 600.00 W, 69, 17108 MiB, 100 %, 5, 16
2026/09/25 12:48:35.752, 0, P1, 2835 MHz, 13365 MHz, 474.74 W, 600.00 W, 600.00 W, 69, 17108 MiB, 100 %, 5, 16
2026/09/25 12:48:36.003, 0, P1, 2835 MHz, 13365 MHz, 481.00 W, 600.00 W, 600.00 W, 69, 17108 MiB, 100 %, 5, 16
2026/09/25 12:48:36.254, 0, P1, 2835 MHz, 13365 MHz, 481.00 W, 600.00 W, 600.00 W, 69, 17108 MiB, 100 %, 5, 16
2026/09/25 12:48:36.504, 0, P1, 2820 MHz, 13365 MHz, 465.39 W, 600.00 W, 600.00 W, 68, 17108 MiB, 100 %, 5, 16
2026/09/25 12:48:36.755, 0, P1, 2820 MHz, 13365 MHz, 465.39 W, 600.00 W, 600.00 W, 68, 17108 MiB, 100 %, 5, 16
2026/09/25 12:48:37.006, 0, P1, 2820 MHz, 13365 MHz, 462.44 W, 600.00 W, 600.00 W, 69, 17108 MiB, 100 %, 5, 16
2026/09/25 12:48:37.257, 0, P1, 2820 MHz, 13365 MHz, 462.44 W, 600.00 W, 600.00 W, 69, 17108 MiB, 100 %, 5, 16
2026/09/25 12:48:37.508, 0, P1, 2835 MHz, 13365 MHz, 477.32 W, 600.00 W, 600.00 W, 70, 17108 MiB, 100 %, 5, 16
2026/09/25 12:48:37.759, 0, P1, 2835 MHz, 13365 MHz, 477.32 W, 600.00 W, 600.00 W, 70, 17108 MiB, 100 %, 5, 16
2026/09/25 12:48:38.009, 0, P1, 2827 MHz, 13365 MHz, 481.34 W, 600.00 W, 600.00 W, 69, 17108 MiB, 100 %, 5, 16
2026/09/25 12:48:38.260, 0, P1, 2827 MHz, 13365 MHz, 481.34 W, 600.00 W, 600.00 W, 69, 17108 MiB, 100 %, 5, 16
2026/09/25 12:48:38.511, 0, P1, 2820 MHz, 13365 MHz, 463.56 W, 600.00 W, 600.00 W, 69, 17108 MiB, 100 %, 5, 16
2026/09/25 12:48:38.762, 0, P1, 2820 MHz, 13365 MHz, 463.56 W, 600.00 W, 600.00 W, 69, 17108 MiB, 100 %, 5, 16
2026/09/25 12:48:39.013, 0, P1, 2820 MHz, 13365 MHz, 455.59 W, 600.00 W, 600.00 W, 70, 17108 MiB, 100 %, 5, 16
2026/09/25 12:48:39.264, 0, P1, 2820 MHz, 13365 MHz, 455.59 W, 600.00 W, 600.00 W, 70, 17108 MiB, 100 %, 5, 16
2026/09/25 12:48:39.515, 0, P1, 2835 MHz, 13365 MHz, 474.64 W, 600.00 W, 600.00 W, 70, 17108 MiB, 100 %, 5, 16
2026/09/25 12:48:39.766, 0, P1, 2835 MHz, 13365 MHz, 474.64 W, 600.00 W, 600.00 W, 70, 17108 MiB, 100 %, 5, 16
2026/09/25 12:48:40.016, 0, P1, 2835 MHz, 13365 MHz, 483.36 W, 600.00 W, 600.00 W, 70, 17108 MiB, 100 %, 5, 16
2026/09/25 12:48:40.267, 0, P1, 2835 MHz, 13365 MHz, 483.36 W, 600.00 W, 600.00 W, 70, 17108 MiB, 100 %, 5, 16
2026/09/25 12:48:40.518, 0, P1, 2820 MHz, 13365 MHz, 467.24 W, 600.00 W, 600.00 W, 69, 17108 MiB, 100 %, 5, 16
2026/09/25 12:48:40.769, 0, P1, 2820 MHz, 13365 MHz, 467.24 W, 600.00 W, 600.00 W, 69, 17108 MiB, 100 %, 5, 16
2026/09/25 12:48:41.020, 0, P1, 2820 MHz, 13365 MHz, 462.99 W, 600.00 W, 600.00 W, 70, 17108 MiB, 100 %, 5, 16
2026/09/25 12:48:41.271, 0, P1, 2820 MHz, 13365 MHz, 462.99 W, 600.00 W, 600.00 W, 70, 17108 MiB, 100 %, 5, 16
2026/09/25 12:48:41.521, 0, P1, 2835 MHz, 13365 MHz, 476.36 W, 600.00 W, 600.00 W, 70, 17108 MiB, 100 %, 5, 16
2026/09/25 12:48:41.772, 0, P1, 2835 MHz, 13365 MHz, 476.36 W, 600.00 W, 600.00 W, 70, 17108 MiB, 100 %, 5, 16
2026/09/25 12:48:42.023, 0, P1, 2827 MHz, 13365 MHz, 483.61 W, 600.00 W, 600.00 W, 70, 17108 MiB, 100 %, 5, 16
2026/09/25 12:48:42.274, 0, P1, 2827 MHz, 13365 MHz, 483.61 W, 600.00 W, 600.00 W, 70, 17108 MiB, 100 %, 5, 16
2026/09/25 12:48:42.525, 0, P1, 2812 MHz, 13365 MHz, 462.49 W, 600.00 W, 600.00 W, 70, 17108 MiB, 100 %, 5, 16
2026/09/25 12:48:42.776, 0, P1, 2812 MHz, 13365 MHz, 462.49 W, 600.00 W, 600.00 W, 70, 17108 MiB, 100 %, 5, 16
2026/09/25 12:48:43.026, 0, P1, 2820 MHz, 13365 MHz, 459.35 W, 600.00 W, 600.00 W, 70, 17108 MiB, 100 %, 5, 16
2026/09/25 12:48:43.277, 0, P1, 2820 MHz, 13365 MHz, 459.35 W, 600.00 W, 600.00 W, 70, 17108 MiB, 100 %, 5, 16
2026/09/25 12:48:43.528, 0, P1, 2835 MHz, 13365 MHz, 478.36 W, 600.00 W, 600.00 W, 71, 17108 MiB, 100 %, 5, 16
2026/09/25 12:48:43.779, 0, P1, 2835 MHz, 13365 MHz, 478.36 W, 600.00 W, 600.00 W, 71, 17108 MiB, 100 %, 5, 16
2026/09/25 12:48:44.030, 0, P1, 2827 MHz, 13365 MHz, 485.04 W, 600.00 W, 600.00 W, 70, 17108 MiB, 100 %, 5, 16
2026/09/25 12:48:44.281, 0, P1, 2827 MHz, 13365 MHz, 485.04 W, 600.00 W, 600.00 W, 70, 17108 MiB, 100 %, 5, 16
2026/09/25 12:48:44.531, 0, P1, 2820 MHz, 13365 MHz, 468.55 W, 600.00 W, 600.00 W, 70, 17108 MiB, 100 %, 5, 16
2026/09/25 12:48:44.782, 0, P1, 2820 MHz, 13365 MHz, 468.55 W, 600.00 W, 600.00 W, 70, 17108 MiB, 100 %, 5, 16
2026/09/25 12:48:45.033, 0, P1, 2820 MHz, 13365 MHz, 464.26 W, 600.00 W, 600.00 W, 71, 17108 MiB, 100 %, 5, 16
2026/09/25 12:48:45.284, 0, P1, 2820 MHz, 13365 MHz, 464.26 W, 600.00 W, 600.00 W, 71, 17108 MiB, 100 %, 5, 16
2026/09/25 12:48:45.535, 0, P1, 2835 MHz, 13365 MHz, 477.83 W, 600.00 W, 600.00 W, 71, 17108 MiB, 100 %, 5, 16
2026/09/25 12:48:45.786, 0, P1, 2835 MHz, 13365 MHz, 477.83 W, 600.00 W, 600.00 W, 71, 17108 MiB, 100 %, 5, 16
2026/09/25 12:48:46.037, 0, P1, 2827 MHz, 13365 MHz, 483.89 W, 600.00 W, 600.00 W, 71, 17108 MiB, 100 %, 5, 16
2026/09/25 12:48:46.288, 0, P1, 2827 MHz, 13365 MHz, 483.89 W, 600.00 W, 600.00 W, 71, 17108 MiB, 100 %, 5, 16
2026/09/25 12:48:46.539, 0, P1, 2820 MHz, 13365 MHz, 463.01 W, 600.00 W, 600.00 W, 70, 17108 MiB, 100 %, 5, 16
2026/09/25 12:48:46.790, 0, P1, 2820 MHz, 13365 MHz, 463.01 W, 600.00 W, 600.00 W, 70, 17108 MiB, 100 %, 5, 16
2026/09/25 12:48:47.040, 0, P1, 2820 MHz, 13365 MHz, 458.29 W, 600.00 W, 600.00 W, 71, 17108 MiB, 100 %, 5, 16
2026/09/25 12:48:47.291, 0, P1, 2820 MHz, 13365 MHz, 458.29 W, 600.00 W, 600.00 W, 71, 17108 MiB, 100 %, 5, 16
2026/09/25 12:48:47.542, 0, P1, 2835 MHz, 13365 MHz, 479.17 W, 600.00 W, 600.00 W, 71, 17108 MiB, 100 %, 5, 16
2026/09/25 12:48:47.793, 0, P1, 2835 MHz, 13365 MHz, 479.17 W, 600.00 W, 600.00 W, 71, 17108 MiB, 100 %, 5, 16
2026/09/25 12:48:48.044, 0, P1, 2835 MHz, 13365 MHz, 485.59 W, 600.00 W, 600.00 W, 71, 17108 MiB, 100 %, 5, 16
2026/09/25 12:48:48.295, 0, P1, 2835 MHz, 13365 MHz, 485.59 W, 600.00 W, 600.00 W, 71, 17108 MiB, 100 %, 5, 16
2026/09/25 12:48:48.545, 0, P1, 2820 MHz, 13365 MHz, 470.97 W, 600.00 W, 600.00 W, 70, 17108 MiB, 100 %, 5, 16
2026/09/25 12:48:48.796, 0, P1, 2820 MHz, 13365 MHz, 470.97 W, 600.00 W, 600.00 W, 70, 17108 MiB, 100 %, 5, 16
2026/09/25 12:48:49.047, 0, P1, 2820 MHz, 13365 MHz, 465.94 W, 600.00 W, 600.00 W, 71, 17108 MiB, 100 %, 5, 16
2026/09/25 12:48:49.298, 0, P1, 2820 MHz, 13365 MHz, 465.94 W, 600.00 W, 600.00 W, 71, 17108 MiB, 100 %, 5, 16
2026/09/25 12:48:49.549, 0, P1, 2835 MHz, 13365 MHz, 478.84 W, 600.00 W, 600.00 W, 71, 17108 MiB, 100 %, 5, 16
2026/09/25 12:48:49.800, 0, P1, 2835 MHz, 13365 MHz, 478.84 W, 600.00 W, 600.00 W, 71, 17108 MiB, 100 %, 5, 16
2026/09/25 12:48:50.051, 0, P1, 2827 MHz, 13365 MHz, 484.54 W, 600.00 W, 600.00 W, 71, 17108 MiB, 100 %, 5, 16
2026/09/25 12:48:50.301, 0, P1, 2827 MHz, 13365 MHz, 484.54 W, 600.00 W, 600.00 W, 71, 17108 MiB, 100 %, 5, 16
2026/09/25 12:48:50.552, 0, P1, 2812 MHz, 13365 MHz, 467.07 W, 600.00 W, 600.00 W, 71, 17108 MiB, 100 %, 5, 16
2026/09/25 12:48:50.803, 0, P1, 2812 MHz, 13365 MHz, 467.07 W, 600.00 W, 600.00 W, 71, 17108 MiB, 100 %, 5, 16
2026/09/25 12:48:51.054, 0, P1, 2820 MHz, 13365 MHz, 459.43 W, 600.00 W, 600.00 W, 71, 17108 MiB, 100 %, 5, 16
2026/09/25 12:48:51.305, 0, P1, 2820 MHz, 13365 MHz, 459.43 W, 600.00 W, 600.00 W, 71, 17108 MiB, 100 %, 5, 16
2026/09/25 12:48:51.556, 0, P1, 2835 MHz, 13365 MHz, 480.16 W, 600.00 W, 600.00 W, 72, 17108 MiB, 100 %, 5, 16
2026/09/25 12:48:51.807, 0, P1, 2835 MHz, 13365 MHz, 480.16 W, 600.00 W, 600.00 W, 72, 17108 MiB, 100 %, 5, 16
2026/09/25 12:48:52.058, 0, P1, 2835 MHz, 13365 MHz, 487.14 W, 600.00 W, 600.00 W, 71, 17108 MiB, 100 %, 5, 16
2026/09/25 12:48:52.308, 0, P1, 2835 MHz, 13365 MHz, 487.14 W, 600.00 W, 600.00 W, 71, 17108 MiB, 100 %, 5, 16
2026/09/25 12:48:52.559, 0, P1, 2820 MHz, 13365 MHz, 465.73 W, 600.00 W, 600.00 W, 71, 17108 MiB, 100 %, 5, 16
2026/09/25 12:48:52.810, 0, P1, 2820 MHz, 13365 MHz, 465.73 W, 600.00 W, 600.00 W, 71, 17108 MiB, 100 %, 5, 16
2026/09/25 12:48:53.061, 0, P1, 2820 MHz, 13365 MHz, 459.09 W, 600.00 W, 600.00 W, 72, 17108 MiB, 100 %, 5, 16
2026/09/25 12:48:53.312, 0, P1, 2820 MHz, 13365 MHz, 459.09 W, 600.00 W, 600.00 W, 72, 17108 MiB, 100 %, 5, 16
2026/09/25 12:48:53.563, 0, P1, 2835 MHz, 13365 MHz, 478.21 W, 600.00 W, 600.00 W, 72, 17108 MiB, 100 %, 5, 16
2026/09/25 12:48:53.814, 0, P1, 2835 MHz, 13365 MHz, 478.21 W, 600.00 W, 600.00 W, 72, 17108 MiB, 100 %, 5, 16
2026/09/25 12:48:54.064, 0, P1, 2835 MHz, 13365 MHz, 488.01 W, 600.00 W, 600.00 W, 72, 17108 MiB, 100 %, 5, 16
2026/09/25 12:48:54.315, 0, P1, 2835 MHz, 13365 MHz, 488.01 W, 600.00 W, 600.00 W, 72, 17108 MiB, 100 %, 5, 16
2026/09/25 12:48:54.566, 0, P1, 2820 MHz, 13365 MHz, 472.62 W, 600.00 W, 600.00 W, 71, 17108 MiB, 100 %, 5, 16
2026/09/25 12:48:54.817, 0, P1, 2820 MHz, 13365 MHz, 472.62 W, 600.00 W, 600.00 W, 71, 17108 MiB, 100 %, 5, 16
2026/09/25 12:48:55.068, 0, P1, 2820 MHz, 13365 MHz, 467.19 W, 600.00 W, 600.00 W, 72, 17108 MiB, 100 %, 5, 16
2026/09/25 12:48:55.319, 0, P1, 2820 MHz, 13365 MHz, 467.19 W, 600.00 W, 600.00 W, 72, 17108 MiB, 100 %, 5, 16
2026/09/25 12:48:55.570, 0, P1, 2835 MHz, 13365 MHz, 480.46 W, 600.00 W, 600.00 W, 72, 17108 MiB, 100 %, 5, 16
2026/09/25 12:48:55.821, 0, P1, 2835 MHz, 13365 MHz, 480.46 W, 600.00 W, 600.00 W, 72, 17108 MiB, 100 %, 5, 16
2026/09/25 12:48:56.072, 0, P1, 2835 MHz, 13365 MHz, 487.72 W, 600.00 W, 600.00 W, 72, 17108 MiB, 100 %, 5, 16
2026/09/25 12:48:56.322, 0, P1, 2835 MHz, 13365 MHz, 487.72 W, 600.00 W, 600.00 W, 72, 17108 MiB, 100 %, 5, 16
2026/09/25 12:48:56.573, 0, P1, 2820 MHz, 13365 MHz, 470.72 W, 600.00 W, 600.00 W, 71, 17108 MiB, 100 %, 5, 16
2026/09/25 12:48:56.824, 0, P1, 2820 MHz, 13365 MHz, 470.72 W, 600.00 W, 600.00 W, 71, 17108 MiB, 100 %, 5, 16
2026/09/25 12:48:57.075, 0, P1, 2820 MHz, 13365 MHz, 462.89 W, 600.00 W, 600.00 W, 72, 17108 MiB, 100 %, 5, 16
2026/09/25 12:48:57.326, 0, P1, 2820 MHz, 13365 MHz, 462.89 W, 600.00 W, 600.00 W, 72, 17108 MiB, 100 %, 5, 16
2026/09/25 12:48:57.577, 0, P1, 2835 MHz, 13365 MHz, 481.09 W, 600.00 W, 600.00 W, 72, 17108 MiB, 100 %, 5, 16
2026/09/25 12:48:57.828, 0, P1, 2835 MHz, 13365 MHz, 481.09 W, 600.00 W, 600.00 W, 72, 17108 MiB, 100 %, 5, 16
2026/09/25 12:48:58.078, 0, P1, 2835 MHz, 13365 MHz, 489.12 W, 600.00 W, 600.00 W, 72, 17108 MiB, 100 %, 5, 16
2026/09/25 12:48:58.329, 0, P1, 2835 MHz, 13365 MHz, 489.12 W, 600.00 W, 600.00 W, 72, 17108 MiB, 100 %, 5, 16
2026/09/25 12:48:58.580, 0, P1, 2820 MHz, 13365 MHz, 476.41 W, 600.00 W, 600.00 W, 72, 17108 MiB, 100 %, 5, 16
2026/09/25 12:48:58.831, 0, P1, 2820 MHz, 13365 MHz, 476.41 W, 600.00 W, 600.00 W, 72, 17108 MiB, 100 %, 5, 16
2026/09/25 12:48:59.082, 0, P1, 2820 MHz, 13365 MHz, 469.68 W, 600.00 W, 600.00 W, 72, 17108 MiB, 100 %, 5, 16
2026/09/25 12:48:59.333, 0, P1, 2820 MHz, 13365 MHz, 469.68 W, 600.00 W, 600.00 W, 72, 17108 MiB, 100 %, 5, 16
2026/09/25 12:48:59.584, 0, P1, 2835 MHz, 13365 MHz, 483.35 W, 600.00 W, 600.00 W, 73, 17108 MiB, 100 %, 5, 16
2026/09/25 12:48:59.834, 0, P1, 2835 MHz, 13365 MHz, 483.35 W, 600.00 W, 600.00 W, 73, 17108 MiB, 100 %, 5, 16
2026/09/25 12:49:00.085, 0, P1, 2835 MHz, 13365 MHz, 489.52 W, 600.00 W, 600.00 W, 72, 17108 MiB, 100 %, 5, 16
2026/09/25 12:49:00.336, 0, P1, 2835 MHz, 13365 MHz, 489.52 W, 600.00 W, 600.00 W, 72, 17108 MiB, 100 %, 5, 16
2026/09/25 12:49:00.587, 0, P1, 2820 MHz, 13365 MHz, 470.94 W, 600.00 W, 600.00 W, 72, 17108 MiB, 100 %, 5, 16
2026/09/25 12:49:00.838, 0, P1, 2820 MHz, 13365 MHz, 470.94 W, 600.00 W, 600.00 W, 72, 17108 MiB, 100 %, 5, 16
2026/09/25 12:49:01.089, 0, P1, 2820 MHz, 13365 MHz, 461.97 W, 600.00 W, 600.00 W, 73, 17108 MiB, 100 %, 5, 16
2026/09/25 12:49:01.340, 0, P1, 2820 MHz, 13365 MHz, 461.97 W, 600.00 W, 600.00 W, 73, 17108 MiB, 100 %, 5, 16
2026/09/25 12:49:01.591, 0, P1, 2835 MHz, 13365 MHz, 480.71 W, 600.00 W, 600.00 W, 73, 17108 MiB, 100 %, 5, 16
2026/09/25 12:49:01.842, 0, P1, 2835 MHz, 13365 MHz, 480.71 W, 600.00 W, 600.00 W, 73, 17108 MiB, 100 %, 5, 16
2026/09/25 12:49:02.094, 0, P1, 2835 MHz, 13365 MHz, 490.31 W, 600.00 W, 600.00 W, 72, 17108 MiB, 100 %, 5, 16
2026/09/25 12:49:02.345, 0, P1, 2835 MHz, 13365 MHz, 490.31 W, 600.00 W, 600.00 W, 72, 17108 MiB, 100 %, 5, 16
2026/09/25 12:49:02.601, 0, P1, 2835 MHz, 13365 MHz, 474.85 W, 600.00 W, 600.00 W, 72, 17108 MiB, 100 %, 5, 16
2026/09/25 12:49:02.852, 0, P1, 2835 MHz, 13365 MHz, 474.85 W, 600.00 W, 600.00 W, 72, 17108 MiB, 100 %, 5, 16
2026/09/25 12:49:03.103, 0, P1, 2820 MHz, 13365 MHz, 469.25 W, 600.00 W, 600.00 W, 73, 17108 MiB, 100 %, 5, 16
2026/09/25 12:49:03.354, 0, P1, 2820 MHz, 13365 MHz, 469.25 W, 600.00 W, 600.00 W, 73, 17108 MiB, 100 %, 5, 16
2026/09/25 12:49:03.605, 0, P1, 2835 MHz, 13365 MHz, 482.18 W, 600.00 W, 600.00 W, 73, 17108 MiB, 100 %, 5, 16
2026/09/25 12:49:03.856, 0, P1, 2835 MHz, 13365 MHz, 482.18 W, 600.00 W, 600.00 W, 73, 17108 MiB, 100 %, 5, 16
2026/09/25 12:49:04.107, 0, P1, 2820 MHz, 13365 MHz, 489.82 W, 600.00 W, 600.00 W, 73, 17108 MiB, 100 %, 5, 16
2026/09/25 12:49:04.358, 0, P1, 2820 MHz, 13365 MHz, 489.82 W, 600.00 W, 600.00 W, 73, 17108 MiB, 100 %, 5, 16
2026/09/25 12:49:04.609, 0, P1, 2812 MHz, 13365 MHz, 469.02 W, 600.00 W, 600.00 W, 72, 17108 MiB, 100 %, 5, 16
2026/09/25 12:49:04.859, 0, P1, 2812 MHz, 13365 MHz, 469.02 W, 600.00 W, 600.00 W, 72, 17108 MiB, 100 %, 5, 16
2026/09/25 12:49:05.110, 0, P1, 2820 MHz, 13365 MHz, 463.07 W, 600.00 W, 600.00 W, 73, 17108 MiB, 100 %, 5, 16
2026/09/25 12:49:05.361, 0, P1, 2820 MHz, 13365 MHz, 463.07 W, 600.00 W, 600.00 W, 73, 17108 MiB, 100 %, 5, 16
2026/09/25 12:49:05.612, 0, P1, 2835 MHz, 13365 MHz, 483.30 W, 600.00 W, 600.00 W, 73, 17108 MiB, 100 %, 5, 16
2026/09/25 12:49:05.863, 0, P1, 2835 MHz, 13365 MHz, 483.30 W, 600.00 W, 600.00 W, 73, 17108 MiB, 100 %, 5, 16
2026/09/25 12:49:06.114, 0, P1, 2835 MHz, 13365 MHz, 491.54 W, 600.00 W, 600.00 W, 73, 17108 MiB, 100 %, 5, 16
2026/09/25 12:49:06.365, 0, P1, 2835 MHz, 13365 MHz, 491.54 W, 600.00 W, 600.00 W, 73, 17108 MiB, 100 %, 5, 16
2026/09/25 12:49:06.616, 0, P1, 2820 MHz, 13365 MHz, 478.24 W, 600.00 W, 600.00 W, 73, 17108 MiB, 100 %, 5, 16
2026/09/25 12:49:06.867, 0, P1, 2820 MHz, 13365 MHz, 478.24 W, 600.00 W, 600.00 W, 73, 17108 MiB, 100 %, 5, 16
2026/09/25 12:49:07.117, 0, P1, 2820 MHz, 13365 MHz, 471.51 W, 600.00 W, 600.00 W, 73, 17108 MiB, 100 %, 5, 16
2026/09/25 12:49:07.368, 0, P1, 2820 MHz, 13365 MHz, 471.51 W, 600.00 W, 600.00 W, 73, 17108 MiB, 100 %, 5, 16
2026/09/25 12:49:07.620, 0, P1, 2835 MHz, 13365 MHz, 484.87 W, 600.00 W, 600.00 W, 73, 17108 MiB, 100 %, 5, 16
2026/09/25 12:49:07.870, 0, P1, 2835 MHz, 13365 MHz, 484.87 W, 600.00 W, 600.00 W, 73, 17108 MiB, 100 %, 5, 16
2026/09/25 12:49:08.121, 0, P1, 2835 MHz, 13365 MHz, 491.12 W, 600.00 W, 600.00 W, 73, 17108 MiB, 100 %, 5, 16
2026/09/25 12:49:08.372, 0, P1, 2835 MHz, 13365 MHz, 491.12 W, 600.00 W, 600.00 W, 73, 17108 MiB, 100 %, 5, 16
2026/09/25 12:49:08.623, 0, P1, 2820 MHz, 13365 MHz, 472.04 W, 600.00 W, 600.00 W, 73, 17108 MiB, 100 %, 5, 16
2026/09/25 12:49:08.874, 0, P1, 2820 MHz, 13365 MHz, 472.04 W, 600.00 W, 600.00 W, 73, 17108 MiB, 100 %, 5, 16
2026/09/25 12:49:09.125, 0, P1, 2820 MHz, 13365 MHz, 464.44 W, 600.00 W, 600.00 W, 73, 17108 MiB, 100 %, 5, 16
2026/09/25 12:49:09.375, 0, P1, 2820 MHz, 13365 MHz, 464.44 W, 600.00 W, 600.00 W, 73, 17108 MiB, 100 %, 5, 16
2026/09/25 12:49:09.626, 0, P1, 2835 MHz, 13365 MHz, 483.45 W, 600.00 W, 600.00 W, 74, 17108 MiB, 100 %, 5, 16
2026/09/25 12:49:09.877, 0, P1, 2835 MHz, 13365 MHz, 483.45 W, 600.00 W, 600.00 W, 74, 17108 MiB, 100 %, 5, 16
2026/09/25 12:49:10.128, 0, P1, 2835 MHz, 13365 MHz, 490.91 W, 600.00 W, 600.00 W, 73, 17108 MiB, 100 %, 5, 16
2026/09/25 12:49:10.379, 0, P1, 2835 MHz, 13365 MHz, 490.91 W, 600.00 W, 600.00 W, 73, 17108 MiB, 100 %, 5, 16
2026/09/25 12:49:10.630, 0, P1, 2820 MHz, 13365 MHz, 476.16 W, 600.00 W, 600.00 W, 73, 17108 MiB, 100 %, 5, 16
2026/09/25 12:49:10.881, 0, P1, 2820 MHz, 13365 MHz, 476.16 W, 600.00 W, 600.00 W, 73, 17108 MiB, 100 %, 5, 16
2026/09/25 12:49:11.132, 0, P1, 2820 MHz, 13365 MHz, 471.48 W, 600.00 W, 600.00 W, 74, 17108 MiB, 100 %, 5, 16
2026/09/25 12:49:11.382, 0, P1, 2820 MHz, 13365 MHz, 471.48 W, 600.00 W, 600.00 W, 74, 17108 MiB, 100 %, 5, 16
2026/09/25 12:49:11.633, 0, P1, 2835 MHz, 13365 MHz, 483.16 W, 600.00 W, 600.00 W, 74, 17108 MiB, 100 %, 5, 16
2026/09/25 12:49:11.884, 0, P1, 2835 MHz, 13365 MHz, 483.16 W, 600.00 W, 600.00 W, 74, 17102 MiB, 100 %, 5, 16
2026/09/25 12:49:12.137, 0, P0, 2820 MHz, 14001 MHz, 420.76 W, 600.00 W, 600.00 W, 67, 2 MiB, 29 %, 5, 16
2026/09/25 12:49:12.388, 0, P0, 2820 MHz, 14001 MHz, 420.76 W, 600.00 W, 600.00 W, 67, 2 MiB, 29 %, 5, 16
2026/09/25 12:49:12.639, 0, P0, 2842 MHz, 14001 MHz, 228.30 W, 600.00 W, 600.00 W, 66, 2 MiB, 0 %, 5, 16
2026/09/25 12:49:12.889, 0, P0, 2842 MHz, 14001 MHz, 228.30 W, 600.00 W, 600.00 W, 66, 2 MiB, 0 %, 5, 16
2026/09/25 12:49:13.175, 0, P0, 2842 MHz, 14001 MHz, 120.26 W, 600.00 W, 600.00 W, 66, 596 MiB, 0 %, 5, 16
2026/09/25 12:49:13.425, 0, P0, 2842 MHz, 14001 MHz, 120.26 W, 600.00 W, 600.00 W, 66, 2068 MiB, 0 %, 5, 16
2026/09/25 12:49:13.676, 0, P1, 2835 MHz, 13365 MHz, 117.23 W, 600.00 W, 600.00 W, 65, 3092 MiB, 12 %, 5, 16
2026/09/25 12:49:13.926, 0, P1, 2835 MHz, 13365 MHz, 117.23 W, 600.00 W, 600.00 W, 65, 4116 MiB, 12 %, 5, 16
2026/09/25 12:49:14.177, 0, P1, 2617 MHz, 13365 MHz, 108.12 W, 600.00 W, 600.00 W, 64, 5076 MiB, 12 %, 5, 16
2026/09/25 12:49:14.427, 0, P1, 2617 MHz, 13365 MHz, 108.12 W, 600.00 W, 600.00 W, 64, 6004 MiB, 12 %, 5, 16
2026/09/25 12:49:14.678, 0, P1, 2617 MHz, 13365 MHz, 94.45 W, 600.00 W, 600.00 W, 64, 6964 MiB, 10 %, 5, 16
2026/09/25 12:49:14.928, 0, P1, 2617 MHz, 13365 MHz, 94.45 W, 600.00 W, 600.00 W, 64, 7892 MiB, 10 %, 5, 16
2026/09/25 12:49:15.179, 0, P1, 2617 MHz, 13365 MHz, 93.70 W, 600.00 W, 600.00 W, 63, 8852 MiB, 11 %, 5, 16
2026/09/25 12:49:15.429, 0, P1, 2617 MHz, 13365 MHz, 93.70 W, 600.00 W, 600.00 W, 63, 9780 MiB, 11 %, 5, 16
2026/09/25 12:49:15.680, 0, P1, 2617 MHz, 13365 MHz, 93.64 W, 600.00 W, 600.00 W, 63, 10708 MiB, 10 %, 5, 16
2026/09/25 12:49:15.930, 0, P1, 2617 MHz, 13365 MHz, 93.64 W, 600.00 W, 600.00 W, 63, 11668 MiB, 10 %, 5, 16
2026/09/25 12:49:16.181, 0, P1, 2617 MHz, 13365 MHz, 93.18 W, 600.00 W, 600.00 W, 63, 12596 MiB, 10 %, 5, 16
2026/09/25 12:49:16.432, 0, P1, 2617 MHz, 13365 MHz, 93.18 W, 600.00 W, 600.00 W, 63, 13524 MiB, 10 %, 5, 16
2026/09/25 12:49:16.682, 0, P1, 2617 MHz, 13365 MHz, 92.31 W, 600.00 W, 600.00 W, 63, 14484 MiB, 11 %, 5, 16
2026/09/25 12:49:16.933, 0, P1, 2617 MHz, 13365 MHz, 92.31 W, 600.00 W, 600.00 W, 63, 14740 MiB, 11 %, 5, 16
2026/09/25 12:49:17.183, 0, P1, 2617 MHz, 13365 MHz, 91.46 W, 600.00 W, 600.00 W, 62, 14740 MiB, 0 %, 5, 16
2026/09/25 12:49:17.434, 0, P1, 2617 MHz, 13365 MHz, 91.46 W, 600.00 W, 600.00 W, 62, 14740 MiB, 0 %, 5, 16
2026/09/25 12:49:17.684, 0, P1, 2610 MHz, 13365 MHz, 89.80 W, 600.00 W, 600.00 W, 62, 14740 MiB, 0 %, 5, 16
2026/09/25 12:49:17.934, 0, P1, 2610 MHz, 13365 MHz, 89.80 W, 600.00 W, 600.00 W, 62, 14740 MiB, 0 %, 5, 16
2026/09/25 12:49:18.185, 0, P1, 2610 MHz, 13365 MHz, 88.89 W, 600.00 W, 600.00 W, 62, 14740 MiB, 0 %, 5, 16
2026/09/25 12:49:18.435, 0, P1, 2610 MHz, 13365 MHz, 88.89 W, 600.00 W, 600.00 W, 62, 14740 MiB, 0 %, 5, 16
2026/09/25 12:49:18.685, 0, P1, 2610 MHz, 13365 MHz, 88.89 W, 600.00 W, 600.00 W, 62, 14740 MiB, 0 %, 5, 16
2026/09/25 12:49:18.936, 0, P1, 2610 MHz, 13365 MHz, 88.89 W, 600.00 W, 600.00 W, 62, 14740 MiB, 0 %, 5, 16
2026/09/25 12:49:19.186, 0, P1, 2610 MHz, 13365 MHz, 86.36 W, 600.00 W, 600.00 W, 62, 14740 MiB, 0 %, 5, 16
2026/09/25 12:49:19.436, 0, P1, 2610 MHz, 13365 MHz, 86.36 W, 600.00 W, 600.00 W, 62, 14740 MiB, 0 %, 5, 16
2026/09/25 12:49:19.687, 0, P1, 2610 MHz, 13365 MHz, 86.36 W, 600.00 W, 600.00 W, 62, 14740 MiB, 0 %, 5, 16
2026/09/25 12:49:19.937, 0, P1, 2610 MHz, 13365 MHz, 86.36 W, 600.00 W, 600.00 W, 62, 14740 MiB, 0 %, 5, 16
2026/09/25 12:49:20.188, 0, P1, 2610 MHz, 13365 MHz, 86.18 W, 600.00 W, 600.00 W, 61, 14740 MiB, 0 %, 5, 16
2026/09/25 12:49:20.438, 0, P1, 2610 MHz, 13365 MHz, 86.18 W, 600.00 W, 600.00 W, 61, 14740 MiB, 0 %, 5, 16
2026/09/25 12:49:20.688, 0, P1, 2610 MHz, 13365 MHz, 86.18 W, 600.00 W, 600.00 W, 61, 14740 MiB, 0 %, 5, 16
2026/09/25 12:49:20.939, 0, P1, 2610 MHz, 13365 MHz, 86.18 W, 600.00 W, 600.00 W, 61, 14740 MiB, 0 %, 5, 16
2026/09/25 12:49:21.189, 0, P1, 2610 MHz, 13365 MHz, 86.00 W, 600.00 W, 600.00 W, 61, 14740 MiB, 0 %, 5, 16
2026/09/25 12:49:21.439, 0, P1, 2610 MHz, 13365 MHz, 86.00 W, 600.00 W, 600.00 W, 61, 14740 MiB, 0 %, 5, 16
2026/09/25 12:49:21.690, 0, P1, 2610 MHz, 13365 MHz, 86.00 W, 600.00 W, 600.00 W, 61, 14740 MiB, 0 %, 5, 16
2026/09/25 12:49:21.940, 0, P1, 2610 MHz, 13365 MHz, 86.00 W, 600.00 W, 600.00 W, 61, 14740 MiB, 0 %, 5, 16
2026/09/25 12:49:22.191, 0, P1, 2610 MHz, 13365 MHz, 84.82 W, 600.00 W, 600.00 W, 60, 14740 MiB, 0 %, 5, 16
2026/09/25 12:49:22.441, 0, P1, 2610 MHz, 13365 MHz, 84.82 W, 600.00 W, 600.00 W, 60, 14740 MiB, 0 %, 5, 16
2026/09/25 12:49:22.691, 0, P1, 2610 MHz, 13365 MHz, 84.82 W, 600.00 W, 600.00 W, 60, 14740 MiB, 0 %, 5, 16
2026/09/25 12:49:22.942, 0, P1, 2610 MHz, 13365 MHz, 84.82 W, 600.00 W, 600.00 W, 60, 14740 MiB, 0 %, 5, 16
2026/09/25 12:49:23.192, 0, P1, 2610 MHz, 13365 MHz, 84.77 W, 600.00 W, 600.00 W, 60, 14740 MiB, 0 %, 5, 16
2026/09/25 12:49:23.443, 0, P1, 2610 MHz, 13365 MHz, 84.77 W, 600.00 W, 600.00 W, 60, 14740 MiB, 0 %, 5, 16
2026/09/25 12:49:23.694, 0, P1, 2610 MHz, 13365 MHz, 84.97 W, 600.00 W, 600.00 W, 60, 14740 MiB, 0 %, 5, 16
2026/09/25 12:49:23.944, 0, P1, 2610 MHz, 13365 MHz, 84.97 W, 600.00 W, 600.00 W, 60, 14740 MiB, 0 %, 5, 16
2026/09/25 12:49:24.195, 0, P1, 2610 MHz, 13365 MHz, 85.25 W, 600.00 W, 600.00 W, 59, 14740 MiB, 0 %, 5, 16
2026/09/25 12:49:24.446, 0, P1, 2610 MHz, 13365 MHz, 85.25 W, 600.00 W, 600.00 W, 59, 14740 MiB, 0 %, 5, 16
2026/09/25 12:49:24.697, 0, P1, 2610 MHz, 13365 MHz, 85.25 W, 600.00 W, 600.00 W, 59, 14740 MiB, 0 %, 5, 16
2026/09/25 12:49:24.947, 0, P1, 2610 MHz, 13365 MHz, 85.25 W, 600.00 W, 600.00 W, 59, 15892 MiB, 0 %, 5, 16
2026/09/25 12:49:25.198, 0, P1, 2610 MHz, 13365 MHz, 84.36 W, 600.00 W, 600.00 W, 59, 16372 MiB, 26 %, 5, 16
2026/09/25 12:49:25.449, 0, P1, 2610 MHz, 13365 MHz, 84.36 W, 600.00 W, 600.00 W, 59, 16820 MiB, 26 %, 5, 16
2026/09/25 12:49:25.699, 0, P1, 2820 MHz, 13365 MHz, 176.05 W, 600.00 W, 600.00 W, 66, 16820 MiB, 99 %, 5, 16
2026/09/25 12:49:25.950, 0, P1, 2820 MHz, 13365 MHz, 176.05 W, 600.00 W, 600.00 W, 66, 16820 MiB, 99 %, 5, 16
2026/09/25 12:49:26.201, 0, P1, 2820 MHz, 13365 MHz, 417.81 W, 600.00 W, 600.00 W, 67, 16820 MiB, 100 %, 5, 16
2026/09/25 12:49:26.452, 0, P1, 2820 MHz, 13365 MHz, 417.81 W, 600.00 W, 600.00 W, 67, 16820 MiB, 100 %, 5, 16
2026/09/25 12:49:26.703, 0, P1, 2827 MHz, 13365 MHz, 457.33 W, 600.00 W, 600.00 W, 68, 16820 MiB, 100 %, 5, 16
2026/09/25 12:49:26.954, 0, P1, 2827 MHz, 13365 MHz, 457.33 W, 600.00 W, 600.00 W, 68, 16820 MiB, 100 %, 5, 16
2026/09/25 12:49:27.205, 0, P1, 2835 MHz, 13365 MHz, 470.93 W, 600.00 W, 600.00 W, 68, 16820 MiB, 100 %, 5, 16
2026/09/25 12:49:27.456, 0, P1, 2835 MHz, 13365 MHz, 470.93 W, 600.00 W, 600.00 W, 68, 16820 MiB, 100 %, 5, 16
2026/09/25 12:49:27.706, 0, P1, 2820 MHz, 13365 MHz, 479.17 W, 600.00 W, 600.00 W, 68, 17108 MiB, 100 %, 5, 16
2026/09/25 12:49:27.957, 0, P1, 2820 MHz, 13365 MHz, 479.17 W, 600.00 W, 600.00 W, 68, 17108 MiB, 100 %, 5, 16
2026/09/25 12:49:28.208, 0, P1, 2820 MHz, 13365 MHz, 459.57 W, 600.00 W, 600.00 W, 68, 17108 MiB, 100 %, 5, 16
2026/09/25 12:49:28.459, 0, P1, 2820 MHz, 13365 MHz, 459.57 W, 600.00 W, 600.00 W, 68, 17108 MiB, 100 %, 5, 16
2026/09/25 12:49:28.710, 0, P1, 2827 MHz, 13365 MHz, 454.89 W, 600.00 W, 600.00 W, 69, 17108 MiB, 100 %, 5, 16
2026/09/25 12:49:28.961, 0, P1, 2827 MHz, 13365 MHz, 454.89 W, 600.00 W, 600.00 W, 69, 17108 MiB, 100 %, 5, 16
2026/09/25 12:49:29.212, 0, P1, 2835 MHz, 13365 MHz, 473.64 W, 600.00 W, 600.00 W, 69, 17108 MiB, 100 %, 5, 16
2026/09/25 12:49:29.463, 0, P1, 2835 MHz, 13365 MHz, 473.64 W, 600.00 W, 600.00 W, 69, 17108 MiB, 100 %, 5, 16
2026/09/25 12:49:29.714, 0, P1, 2820 MHz, 13365 MHz, 482.17 W, 600.00 W, 600.00 W, 69, 17108 MiB, 100 %, 5, 16
2026/09/25 12:49:29.965, 0, P1, 2820 MHz, 13365 MHz, 482.17 W, 600.00 W, 600.00 W, 69, 17108 MiB, 100 %, 5, 16
2026/09/25 12:49:30.215, 0, P1, 2820 MHz, 13365 MHz, 468.82 W, 600.00 W, 600.00 W, 68, 17108 MiB, 100 %, 5, 16
2026/09/25 12:49:30.466, 0, P1, 2820 MHz, 13365 MHz, 468.82 W, 600.00 W, 600.00 W, 68, 17108 MiB, 100 %, 5, 16
2026/09/25 12:49:30.717, 0, P1, 2827 MHz, 13365 MHz, 461.76 W, 600.00 W, 600.00 W, 69, 17108 MiB, 100 %, 5, 16
2026/09/25 12:49:30.968, 0, P1, 2827 MHz, 13365 MHz, 461.76 W, 600.00 W, 600.00 W, 69, 17108 MiB, 100 %, 5, 16
2026/09/25 12:49:31.219, 0, P1, 2835 MHz, 13365 MHz, 475.83 W, 600.00 W, 600.00 W, 70, 17108 MiB, 100 %, 5, 16
2026/09/25 12:49:31.470, 0, P1, 2835 MHz, 13365 MHz, 475.83 W, 600.00 W, 600.00 W, 70, 17108 MiB, 100 %, 5, 16
2026/09/25 12:49:31.721, 0, P1, 2820 MHz, 13365 MHz, 482.04 W, 600.00 W, 600.00 W, 69, 17108 MiB, 100 %, 5, 16
2026/09/25 12:49:31.973, 0, P1, 2820 MHz, 13365 MHz, 482.04 W, 600.00 W, 600.00 W, 69, 17108 MiB, 100 %, 5, 16
2026/09/25 12:49:32.224, 0, P1, 2820 MHz, 13365 MHz, 464.31 W, 600.00 W, 600.00 W, 69, 17108 MiB, 100 %, 5, 16
2026/09/25 12:49:32.475, 0, P1, 2820 MHz, 13365 MHz, 464.31 W, 600.00 W, 600.00 W, 69, 17108 MiB, 100 %, 5, 16
2026/09/25 12:49:32.726, 0, P1, 2827 MHz, 13365 MHz, 456.89 W, 600.00 W, 600.00 W, 70, 17108 MiB, 100 %, 5, 16
2026/09/25 12:49:32.977, 0, P1, 2827 MHz, 13365 MHz, 456.89 W, 600.00 W, 600.00 W, 70, 17108 MiB, 100 %, 5, 16
2026/09/25 12:49:33.228, 0, P1, 2835 MHz, 13365 MHz, 475.89 W, 600.00 W, 600.00 W, 70, 17108 MiB, 100 %, 5, 16
2026/09/25 12:49:33.479, 0, P1, 2835 MHz, 13365 MHz, 475.89 W, 600.00 W, 600.00 W, 70, 17108 MiB, 100 %, 5, 16
2026/09/25 12:49:33.729, 0, P1, 2820 MHz, 13365 MHz, 484.04 W, 600.00 W, 600.00 W, 70, 17108 MiB, 100 %, 5, 16
2026/09/25 12:49:33.980, 0, P1, 2820 MHz, 13365 MHz, 484.04 W, 600.00 W, 600.00 W, 70, 17108 MiB, 100 %, 5, 16
2026/09/25 12:49:34.231, 0, P1, 2820 MHz, 13365 MHz, 470.37 W, 600.00 W, 600.00 W, 69, 17108 MiB, 100 %, 5, 16
2026/09/25 12:49:34.482, 0, P1, 2820 MHz, 13365 MHz, 470.37 W, 600.00 W, 600.00 W, 69, 17108 MiB, 100 %, 5, 16
2026/09/25 12:49:34.733, 0, P1, 2827 MHz, 13365 MHz, 462.11 W, 600.00 W, 600.00 W, 70, 17108 MiB, 100 %, 5, 16
2026/09/25 12:49:34.984, 0, P1, 2827 MHz, 13365 MHz, 462.11 W, 600.00 W, 600.00 W, 70, 17108 MiB, 100 %, 5, 16
2026/09/25 12:49:35.235, 0, P1, 2835 MHz, 13365 MHz, 477.32 W, 600.00 W, 600.00 W, 70, 17108 MiB, 100 %, 5, 16
2026/09/25 12:49:35.486, 0, P1, 2835 MHz, 13365 MHz, 477.32 W, 600.00 W, 600.00 W, 70, 17108 MiB, 100 %, 5, 16
2026/09/25 12:49:35.736, 0, P1, 2820 MHz, 13365 MHz, 484.06 W, 600.00 W, 600.00 W, 70, 17108 MiB, 100 %, 5, 16
2026/09/25 12:49:35.987, 0, P1, 2820 MHz, 13365 MHz, 484.06 W, 600.00 W, 600.00 W, 70, 17108 MiB, 100 %, 5, 16
2026/09/25 12:49:36.238, 0, P1, 2820 MHz, 13365 MHz, 463.38 W, 600.00 W, 600.00 W, 70, 17108 MiB, 100 %, 5, 16
2026/09/25 12:49:36.489, 0, P1, 2827 MHz, 13365 MHz, 458.71 W, 600.00 W, 600.00 W, 70, 17108 MiB, 100 %, 5, 16
2026/09/25 12:49:36.740, 0, P1, 2827 MHz, 13365 MHz, 458.71 W, 600.00 W, 600.00 W, 70, 17108 MiB, 100 %, 5, 16
2026/09/25 12:49:36.991, 0, P1, 2835 MHz, 13365 MHz, 475.38 W, 600.00 W, 600.00 W, 71, 17108 MiB, 100 %, 5, 16
2026/09/25 12:49:37.243, 0, P1, 2835 MHz, 13365 MHz, 475.38 W, 600.00 W, 600.00 W, 71, 17108 MiB, 100 %, 5, 16
2026/09/25 12:49:37.494, 0, P1, 2820 MHz, 13365 MHz, 484.77 W, 600.00 W, 600.00 W, 70, 17108 MiB, 100 %, 5, 16
2026/09/25 12:49:37.745, 0, P1, 2820 MHz, 13365 MHz, 484.77 W, 600.00 W, 600.00 W, 70, 17108 MiB, 100 %, 5, 16
2026/09/25 12:49:37.996, 0, P1, 2820 MHz, 13365 MHz, 472.58 W, 600.00 W, 600.00 W, 70, 17108 MiB, 100 %, 5, 16
2026/09/25 12:49:38.247, 0, P1, 2820 MHz, 13365 MHz, 472.58 W, 600.00 W, 600.00 W, 70, 17108 MiB, 100 %, 5, 16
2026/09/25 12:49:38.498, 0, P1, 2827 MHz, 13365 MHz, 464.37 W, 600.00 W, 600.00 W, 71, 17108 MiB, 100 %, 5, 16
2026/09/25 12:49:38.749, 0, P1, 2827 MHz, 13365 MHz, 464.37 W, 600.00 W, 600.00 W, 71, 17108 MiB, 100 %, 5, 16
2026/09/25 12:49:38.999, 0, P1, 2835 MHz, 13365 MHz, 479.01 W, 600.00 W, 600.00 W, 71, 17108 MiB, 100 %, 5, 16
2026/09/25 12:49:39.250, 0, P1, 2835 MHz, 13365 MHz, 479.01 W, 600.00 W, 600.00 W, 71, 17108 MiB, 100 %, 5, 16
2026/09/25 12:49:39.501, 0, P1, 2820 MHz, 13365 MHz, 485.48 W, 600.00 W, 600.00 W, 71, 17108 MiB, 100 %, 5, 16
2026/09/25 12:49:39.752, 0, P1, 2820 MHz, 13365 MHz, 485.48 W, 600.00 W, 600.00 W, 71, 17108 MiB, 100 %, 5, 16
2026/09/25 12:49:40.003, 0, P1, 2820 MHz, 13365 MHz, 467.21 W, 600.00 W, 600.00 W, 70, 17108 MiB, 100 %, 5, 16
2026/09/25 12:49:40.254, 0, P1, 2820 MHz, 13365 MHz, 467.21 W, 600.00 W, 600.00 W, 70, 17108 MiB, 100 %, 5, 16
2026/09/25 12:49:40.505, 0, P1, 2827 MHz, 13365 MHz, 459.92 W, 600.00 W, 600.00 W, 71, 17108 MiB, 100 %, 5, 16
2026/09/25 12:49:40.755, 0, P1, 2827 MHz, 13365 MHz, 459.92 W, 600.00 W, 600.00 W, 71, 17108 MiB, 100 %, 5, 16
2026/09/25 12:49:41.006, 0, P1, 2835 MHz, 13365 MHz, 477.21 W, 600.00 W, 600.00 W, 71, 17108 MiB, 100 %, 5, 16
2026/09/25 12:49:41.257, 0, P1, 2835 MHz, 13365 MHz, 477.21 W, 600.00 W, 600.00 W, 71, 17108 MiB, 100 %, 5, 16
2026/09/25 12:49:41.508, 0, P1, 2820 MHz, 13365 MHz, 487.36 W, 600.00 W, 600.00 W, 71, 17108 MiB, 100 %, 5, 16
2026/09/25 12:49:41.759, 0, P1, 2820 MHz, 13365 MHz, 487.36 W, 600.00 W, 600.00 W, 71, 17108 MiB, 100 %, 5, 16
2026/09/25 12:49:42.010, 0, P1, 2820 MHz, 13365 MHz, 471.55 W, 600.00 W, 600.00 W, 70, 17108 MiB, 100 %, 5, 16
2026/09/25 12:49:42.260, 0, P1, 2820 MHz, 13365 MHz, 471.55 W, 600.00 W, 600.00 W, 70, 17108 MiB, 100 %, 5, 16
2026/09/25 12:49:42.511, 0, P1, 2827 MHz, 13365 MHz, 465.58 W, 600.00 W, 600.00 W, 71, 17108 MiB, 100 %, 5, 16
2026/09/25 12:49:42.762, 0, P1, 2827 MHz, 13365 MHz, 465.58 W, 600.00 W, 600.00 W, 71, 17108 MiB, 100 %, 5, 16
2026/09/25 12:49:43.013, 0, P1, 2835 MHz, 13365 MHz, 478.77 W, 600.00 W, 600.00 W, 71, 17108 MiB, 100 %, 5, 16
2026/09/25 12:49:43.264, 0, P1, 2835 MHz, 13365 MHz, 478.77 W, 600.00 W, 600.00 W, 71, 17108 MiB, 100 %, 5, 16
2026/09/25 12:49:43.514, 0, P1, 2820 MHz, 13365 MHz, 486.83 W, 600.00 W, 600.00 W, 71, 17108 MiB, 100 %, 5, 16
2026/09/25 12:49:43.765, 0, P1, 2820 MHz, 13365 MHz, 486.83 W, 600.00 W, 600.00 W, 71, 17108 MiB, 100 %, 5, 16
2026/09/25 12:49:44.016, 0, P1, 2820 MHz, 13365 MHz, 465.69 W, 600.00 W, 600.00 W, 71, 17108 MiB, 100 %, 5, 16
2026/09/25 12:49:44.267, 0, P1, 2820 MHz, 13365 MHz, 465.69 W, 600.00 W, 600.00 W, 71, 17108 MiB, 100 %, 5, 16
2026/09/25 12:49:44.518, 0, P1, 2827 MHz, 13365 MHz, 461.10 W, 600.00 W, 600.00 W, 71, 17108 MiB, 100 %, 5, 16
2026/09/25 12:49:44.769, 0, P1, 2827 MHz, 13365 MHz, 461.10 W, 600.00 W, 600.00 W, 71, 17108 MiB, 100 %, 5, 16
2026/09/25 12:49:45.019, 0, P1, 2835 MHz, 13365 MHz, 478.10 W, 600.00 W, 600.00 W, 72, 17108 MiB, 100 %, 5, 16
2026/09/25 12:49:45.270, 0, P1, 2835 MHz, 13365 MHz, 478.10 W, 600.00 W, 600.00 W, 72, 17108 MiB, 100 %, 5, 16
2026/09/25 12:49:45.521, 0, P1, 2820 MHz, 13365 MHz, 487.95 W, 600.00 W, 600.00 W, 71, 17108 MiB, 100 %, 5, 16
2026/09/25 12:49:45.772, 0, P1, 2820 MHz, 13365 MHz, 487.95 W, 600.00 W, 600.00 W, 71, 17108 MiB, 100 %, 5, 16
2026/09/25 12:49:46.023, 0, P1, 2820 MHz, 13365 MHz, 466.98 W, 600.00 W, 600.00 W, 71, 17108 MiB, 100 %, 5, 16
2026/09/25 12:49:46.274, 0, P1, 2820 MHz, 13365 MHz, 466.98 W, 600.00 W, 600.00 W, 71, 17108 MiB, 100 %, 5, 16
2026/09/25 12:49:46.524, 0, P1, 2827 MHz, 13365 MHz, 460.31 W, 600.00 W, 600.00 W, 72, 17108 MiB, 100 %, 5, 16
2026/09/25 12:49:46.775, 0, P1, 2827 MHz, 13365 MHz, 460.31 W, 600.00 W, 600.00 W, 72, 17108 MiB, 100 %, 5, 16
2026/09/25 12:49:47.026, 0, P1, 2835 MHz, 13365 MHz, 478.62 W, 600.00 W, 600.00 W, 72, 17108 MiB, 100 %, 5, 16
2026/09/25 12:49:47.277, 0, P1, 2835 MHz, 13365 MHz, 478.62 W, 600.00 W, 600.00 W, 72, 17108 MiB, 100 %, 5, 16
2026/09/25 12:49:47.528, 0, P1, 2827 MHz, 13365 MHz, 488.04 W, 600.00 W, 600.00 W, 72, 17108 MiB, 99 %, 5, 16
2026/09/25 12:49:47.779, 0, P1, 2827 MHz, 13365 MHz, 488.04 W, 600.00 W, 600.00 W, 72, 17108 MiB, 99 %, 5, 16
2026/09/25 12:49:48.030, 0, P1, 2820 MHz, 13365 MHz, 476.12 W, 600.00 W, 600.00 W, 71, 17108 MiB, 100 %, 5, 16
2026/09/25 12:49:48.280, 0, P1, 2820 MHz, 13365 MHz, 476.12 W, 600.00 W, 600.00 W, 71, 17108 MiB, 100 %, 5, 16
2026/09/25 12:49:48.531, 0, P1, 2827 MHz, 13365 MHz, 466.61 W, 600.00 W, 600.00 W, 72, 17108 MiB, 100 %, 5, 16
2026/09/25 12:49:48.782, 0, P1, 2827 MHz, 13365 MHz, 466.61 W, 600.00 W, 600.00 W, 72, 17108 MiB, 100 %, 5, 16
2026/09/25 12:49:49.033, 0, P1, 2835 MHz, 13365 MHz, 480.61 W, 600.00 W, 600.00 W, 72, 17108 MiB, 100 %, 5, 16
2026/09/25 12:49:49.284, 0, P1, 2835 MHz, 13365 MHz, 480.61 W, 600.00 W, 600.00 W, 72, 17108 MiB, 100 %, 5, 16
2026/09/25 12:49:49.535, 0, P1, 2820 MHz, 13365 MHz, 487.62 W, 600.00 W, 600.00 W, 72, 17108 MiB, 100 %, 5, 16
2026/09/25 12:49:49.785, 0, P1, 2820 MHz, 13365 MHz, 487.62 W, 600.00 W, 600.00 W, 72, 17108 MiB, 100 %, 5, 16
2026/09/25 12:49:50.036, 0, P1, 2820 MHz, 13365 MHz, 470.78 W, 600.00 W, 600.00 W, 72, 17108 MiB, 100 %, 5, 16
2026/09/25 12:49:50.287, 0, P1, 2820 MHz, 13365 MHz, 470.78 W, 600.00 W, 600.00 W, 72, 17108 MiB, 100 %, 5, 16
2026/09/25 12:49:50.538, 0, P1, 2827 MHz, 13365 MHz, 462.08 W, 600.00 W, 600.00 W, 72, 17108 MiB, 100 %, 5, 16
2026/09/25 12:49:50.789, 0, P1, 2827 MHz, 13365 MHz, 462.08 W, 600.00 W, 600.00 W, 72, 17108 MiB, 100 %, 5, 16
2026/09/25 12:49:51.040, 0, P1, 2835 MHz, 13365 MHz, 478.39 W, 600.00 W, 600.00 W, 72, 17108 MiB, 100 %, 5, 16
2026/09/25 12:49:51.291, 0, P1, 2835 MHz, 13365 MHz, 478.39 W, 600.00 W, 600.00 W, 72, 17108 MiB, 100 %, 5, 16
2026/09/25 12:49:51.542, 0, P1, 2827 MHz, 13365 MHz, 489.10 W, 600.00 W, 600.00 W, 72, 17108 MiB, 99 %, 5, 16
2026/09/25 12:49:51.792, 0, P1, 2827 MHz, 13365 MHz, 489.10 W, 600.00 W, 600.00 W, 72, 17108 MiB, 99 %, 5, 16
2026/09/25 12:49:52.043, 0, P1, 2820 MHz, 13365 MHz, 475.08 W, 600.00 W, 600.00 W, 72, 17108 MiB, 100 %, 5, 16
2026/09/25 12:49:52.294, 0, P1, 2820 MHz, 13365 MHz, 475.08 W, 600.00 W, 600.00 W, 72, 17108 MiB, 100 %, 5, 16
2026/09/25 12:49:52.545, 0, P1, 2827 MHz, 13365 MHz, 467.54 W, 600.00 W, 600.00 W, 72, 17108 MiB, 100 %, 5, 16
2026/09/25 12:49:52.796, 0, P1, 2827 MHz, 13365 MHz, 467.54 W, 600.00 W, 600.00 W, 72, 17108 MiB, 100 %, 5, 16
2026/09/25 12:49:53.047, 0, P1, 2835 MHz, 13365 MHz, 482.12 W, 600.00 W, 600.00 W, 73, 17108 MiB, 100 %, 5, 16
2026/09/25 12:49:53.298, 0, P1, 2835 MHz, 13365 MHz, 482.12 W, 600.00 W, 600.00 W, 73, 17108 MiB, 100 %, 5, 16
2026/09/25 12:49:53.548, 0, P1, 2820 MHz, 13365 MHz, 489.50 W, 600.00 W, 600.00 W, 72, 17108 MiB, 100 %, 5, 16
2026/09/25 12:49:53.799, 0, P1, 2820 MHz, 13365 MHz, 489.50 W, 600.00 W, 600.00 W, 72, 17108 MiB, 100 %, 5, 16
2026/09/25 12:49:54.050, 0, P1, 2820 MHz, 13365 MHz, 472.02 W, 600.00 W, 600.00 W, 72, 17108 MiB, 100 %, 5, 16
2026/09/25 12:49:54.301, 0, P1, 2820 MHz, 13365 MHz, 472.02 W, 600.00 W, 600.00 W, 72, 17108 MiB, 100 %, 5, 16
2026/09/25 12:49:54.552, 0, P1, 2827 MHz, 13365 MHz, 461.03 W, 600.00 W, 600.00 W, 72, 17108 MiB, 100 %, 5, 16
2026/09/25 12:49:54.803, 0, P1, 2827 MHz, 13365 MHz, 461.03 W, 600.00 W, 600.00 W, 72, 17108 MiB, 100 %, 5, 16
2026/09/25 12:49:55.054, 0, P1, 2835 MHz, 13365 MHz, 479.70 W, 600.00 W, 600.00 W, 73, 17108 MiB, 100 %, 5, 16
2026/09/25 12:49:55.305, 0, P1, 2835 MHz, 13365 MHz, 479.70 W, 600.00 W, 600.00 W, 73, 17108 MiB, 100 %, 5, 16
2026/09/25 12:49:55.555, 0, P1, 2827 MHz, 13365 MHz, 490.08 W, 600.00 W, 600.00 W, 73, 17108 MiB, 99 %, 5, 16
2026/09/25 12:49:55.806, 0, P1, 2827 MHz, 13365 MHz, 490.08 W, 600.00 W, 600.00 W, 73, 17108 MiB, 99 %, 5, 16
2026/09/25 12:49:56.057, 0, P1, 2820 MHz, 13365 MHz, 476.00 W, 600.00 W, 600.00 W, 72, 17108 MiB, 100 %, 5, 16
2026/09/25 12:49:56.308, 0, P1, 2820 MHz, 13365 MHz, 476.00 W, 600.00 W, 600.00 W, 72, 17108 MiB, 100 %, 5, 16
2026/09/25 12:49:56.559, 0, P1, 2827 MHz, 13365 MHz, 468.55 W, 600.00 W, 600.00 W, 73, 17108 MiB, 100 %, 5, 16
2026/09/25 12:49:56.810, 0, P1, 2827 MHz, 13365 MHz, 468.55 W, 600.00 W, 600.00 W, 73, 17108 MiB, 100 %, 5, 16
2026/09/25 12:49:57.060, 0, P1, 2835 MHz, 13365 MHz, 482.74 W, 600.00 W, 600.00 W, 73, 17108 MiB, 100 %, 5, 16
2026/09/25 12:49:57.311, 0, P1, 2835 MHz, 13365 MHz, 482.74 W, 600.00 W, 600.00 W, 73, 17108 MiB, 100 %, 5, 16
2026/09/25 12:49:57.562, 0, P1, 2820 MHz, 13365 MHz, 491.41 W, 600.00 W, 600.00 W, 73, 17108 MiB, 100 %, 5, 16
2026/09/25 12:49:57.813, 0, P1, 2820 MHz, 13365 MHz, 491.41 W, 600.00 W, 600.00 W, 73, 17108 MiB, 100 %, 5, 16
2026/09/25 12:49:58.064, 0, P1, 2820 MHz, 13365 MHz, 473.56 W, 600.00 W, 600.00 W, 72, 17108 MiB, 100 %, 5, 16
2026/09/25 12:49:58.315, 0, P1, 2820 MHz, 13365 MHz, 473.56 W, 600.00 W, 600.00 W, 72, 17108 MiB, 100 %, 5, 16
2026/09/25 12:49:58.565, 0, P1, 2827 MHz, 13365 MHz, 464.50 W, 600.00 W, 600.00 W, 73, 17108 MiB, 100 %, 5, 16
2026/09/25 12:49:58.816, 0, P1, 2827 MHz, 13365 MHz, 464.50 W, 600.00 W, 600.00 W, 73, 17108 MiB, 100 %, 5, 16
2026/09/25 12:49:59.067, 0, P1, 2835 MHz, 13365 MHz, 482.27 W, 600.00 W, 600.00 W, 73, 17108 MiB, 100 %, 5, 16
2026/09/25 12:49:59.318, 0, P1, 2835 MHz, 13365 MHz, 482.27 W, 600.00 W, 600.00 W, 73, 17108 MiB, 100 %, 5, 16
2026/09/25 12:49:59.569, 0, P1, 2827 MHz, 13365 MHz, 491.60 W, 600.00 W, 600.00 W, 73, 17108 MiB, 99 %, 5, 16
2026/09/25 12:49:59.820, 0, P1, 2827 MHz, 13365 MHz, 491.60 W, 600.00 W, 600.00 W, 73, 17108 MiB, 99 %, 5, 16
2026/09/25 12:50:00.071, 0, P1, 2820 MHz, 13365 MHz, 479.10 W, 600.00 W, 600.00 W, 73, 17108 MiB, 100 %, 5, 16
2026/09/25 12:50:00.321, 0, P1, 2820 MHz, 13365 MHz, 479.10 W, 600.00 W, 600.00 W, 73, 17108 MiB, 100 %, 5, 16
2026/09/25 12:50:00.572, 0, P1, 2827 MHz, 13365 MHz, 469.21 W, 600.00 W, 600.00 W, 73, 17108 MiB, 100 %, 5, 16
2026/09/25 12:50:00.823, 0, P1, 2827 MHz, 13365 MHz, 469.21 W, 600.00 W, 600.00 W, 73, 17108 MiB, 100 %, 5, 16
2026/09/25 12:50:01.074, 0, P1, 2820 MHz, 13365 MHz, 483.53 W, 600.00 W, 600.00 W, 73, 17108 MiB, 100 %, 5, 16
2026/09/25 12:50:01.325, 0, P1, 2820 MHz, 13365 MHz, 483.53 W, 600.00 W, 600.00 W, 73, 17108 MiB, 100 %, 5, 16
2026/09/25 12:50:01.575, 0, P1, 2812 MHz, 13365 MHz, 490.77 W, 600.00 W, 600.00 W, 73, 17108 MiB, 100 %, 5, 16
2026/09/25 12:50:01.826, 0, P1, 2812 MHz, 13365 MHz, 490.77 W, 600.00 W, 600.00 W, 73, 17108 MiB, 100 %, 5, 16
2026/09/25 12:50:02.077, 0, P1, 2805 MHz, 13365 MHz, 471.94 W, 600.00 W, 600.00 W, 73, 17108 MiB, 100 %, 5, 16
2026/09/25 12:50:02.328, 0, P1, 2805 MHz, 13365 MHz, 471.94 W, 600.00 W, 600.00 W, 73, 17108 MiB, 100 %, 5, 16
2026/09/25 12:50:02.579, 0, P1, 2812 MHz, 13365 MHz, 461.48 W, 600.00 W, 600.00 W, 73, 17108 MiB, 100 %, 5, 16
2026/09/25 12:50:02.829, 0, P1, 2812 MHz, 13365 MHz, 461.48 W, 600.00 W, 600.00 W, 73, 17108 MiB, 100 %, 5, 16
2026/09/25 12:50:03.080, 0, P1, 2820 MHz, 13365 MHz, 481.87 W, 600.00 W, 600.00 W, 74, 17108 MiB, 100 %, 5, 16
2026/09/25 12:50:03.331, 0, P1, 2820 MHz, 13365 MHz, 481.87 W, 600.00 W, 600.00 W, 74, 17108 MiB, 100 %, 5, 16
2026/09/25 12:50:03.582, 0, P1, 2812 MHz, 13365 MHz, 490.26 W, 600.00 W, 600.00 W, 73, 17108 MiB, 99 %, 5, 16
2026/09/25 12:50:03.833, 0, P1, 2812 MHz, 13365 MHz, 490.26 W, 600.00 W, 600.00 W, 73, 17108 MiB, 99 %, 5, 16
2026/09/25 12:50:04.084, 0, P1, 2812 MHz, 13365 MHz, 477.93 W, 600.00 W, 600.00 W, 73, 17108 MiB, 100 %, 5, 16
2026/09/25 12:50:04.334, 0, P1, 2812 MHz, 13365 MHz, 477.93 W, 600.00 W, 600.00 W, 73, 17108 MiB, 100 %, 5, 16
2026/09/25 12:50:04.585, 0, P1, 2820 MHz, 13365 MHz, 469.35 W, 600.00 W, 600.00 W, 74, 17108 MiB, 100 %, 5, 16
2026/09/25 12:50:04.836, 0, P1, 2820 MHz, 13365 MHz, 469.35 W, 600.00 W, 600.00 W, 74, 17108 MiB, 100 %, 5, 16
2026/09/25 12:50:05.087, 0, P1, 2820 MHz, 13365 MHz, 483.14 W, 600.00 W, 600.00 W, 74, 17108 MiB, 100 %, 5, 16
2026/09/25 12:50:05.338, 0, P1, 2820 MHz, 13365 MHz, 483.14 W, 600.00 W, 600.00 W, 74, 17108 MiB, 100 %, 5, 16
2026/09/25 12:50:05.589, 0, P0, 2835 MHz, 14001 MHz, 438.14 W, 600.00 W, 600.00 W, 68, 2 MiB, 28 %, 5, 16
2026/09/25 12:50:05.840, 0, P0, 2835 MHz, 14001 MHz, 438.14 W, 600.00 W, 600.00 W, 68, 2 MiB, 28 %, 5, 16
2026/09/25 12:50:06.090, 0, P0, 2835 MHz, 14001 MHz, 263.64 W, 600.00 W, 600.00 W, 66, 2 MiB, 0 %, 5, 16
2026/09/25 12:50:06.341, 0, P0, 2835 MHz, 14001 MHz, 263.64 W, 600.00 W, 600.00 W, 66, 2 MiB, 0 %, 5, 16
2026/09/25 12:50:06.591, 0, P0, 2835 MHz, 14001 MHz, 116.74 W, 600.00 W, 600.00 W, 66, 596 MiB, 0 %, 5, 16
2026/09/25 12:50:06.842, 0, P0, 2835 MHz, 14001 MHz, 116.74 W, 600.00 W, 600.00 W, 66, 1556 MiB, 0 %, 5, 16
2026/09/25 12:50:07.092, 0, P1, 2835 MHz, 13365 MHz, 117.44 W, 600.00 W, 600.00 W, 65, 2612 MiB, 12 %, 5, 16
2026/09/25 12:50:07.343, 0, P1, 2835 MHz, 13365 MHz, 117.44 W, 600.00 W, 600.00 W, 65, 3636 MiB, 12 %, 5, 16
2026/09/25 12:50:07.593, 0, P1, 2617 MHz, 13365 MHz, 110.54 W, 600.00 W, 600.00 W, 64, 4628 MiB, 12 %, 5, 16
2026/09/25 12:50:07.844, 0, P1, 2617 MHz, 13365 MHz, 110.54 W, 600.00 W, 600.00 W, 64, 5588 MiB, 12 %, 5, 16
2026/09/25 12:50:08.094, 0, P1, 2617 MHz, 13365 MHz, 99.09 W, 600.00 W, 600.00 W, 64, 6516 MiB, 10 %, 5, 16
2026/09/25 12:50:08.345, 0, P1, 2617 MHz, 13365 MHz, 99.09 W, 600.00 W, 600.00 W, 64, 7444 MiB, 10 %, 5, 16
2026/09/25 12:50:08.595, 0, P1, 2617 MHz, 13365 MHz, 94.86 W, 600.00 W, 600.00 W, 63, 8340 MiB, 11 %, 5, 16
2026/09/25 12:50:08.846, 0, P1, 2617 MHz, 13365 MHz, 94.86 W, 600.00 W, 600.00 W, 63, 9332 MiB, 11 %, 5, 16
2026/09/25 12:50:09.096, 0, P1, 2617 MHz, 13365 MHz, 94.34 W, 600.00 W, 600.00 W, 63, 10228 MiB, 10 %, 5, 16
2026/09/25 12:50:09.347, 0, P1, 2617 MHz, 13365 MHz, 94.34 W, 600.00 W, 600.00 W, 63, 11188 MiB, 10 %, 5, 16
2026/09/25 12:50:09.597, 0, P1, 2617 MHz, 13365 MHz, 93.61 W, 600.00 W, 600.00 W, 63, 12116 MiB, 11 %, 5, 16
2026/09/25 12:50:09.848, 0, P1, 2617 MHz, 13365 MHz, 93.61 W, 600.00 W, 600.00 W, 63, 13044 MiB, 11 %, 5, 16
2026/09/25 12:50:10.098, 0, P1, 2617 MHz, 13365 MHz, 93.04 W, 600.00 W, 600.00 W, 63, 13972 MiB, 10 %, 5, 16
2026/09/25 12:50:10.349, 0, P1, 2617 MHz, 13365 MHz, 93.04 W, 600.00 W, 600.00 W, 63, 14740 MiB, 10 %, 5, 16
2026/09/25 12:50:10.600, 0, P1, 2617 MHz, 13365 MHz, 92.33 W, 600.00 W, 600.00 W, 62, 14740 MiB, 0 %, 5, 16
2026/09/25 12:50:10.850, 0, P1, 2617 MHz, 13365 MHz, 92.33 W, 600.00 W, 600.00 W, 62, 14740 MiB, 0 %, 5, 16
2026/09/25 12:50:11.100, 0, P1, 2610 MHz, 13365 MHz, 90.65 W, 600.00 W, 600.00 W, 62, 14740 MiB, 0 %, 5, 16
2026/09/25 12:50:11.351, 0, P1, 2610 MHz, 13365 MHz, 90.65 W, 600.00 W, 600.00 W, 62, 14740 MiB, 0 %, 5, 16
2026/09/25 12:50:11.601, 0, P1, 2610 MHz, 13365 MHz, 89.49 W, 600.00 W, 600.00 W, 62, 14740 MiB, 0 %, 5, 16
2026/09/25 12:50:11.851, 0, P1, 2610 MHz, 13365 MHz, 89.49 W, 600.00 W, 600.00 W, 62, 14740 MiB, 0 %, 5, 16
2026/09/25 12:50:12.102, 0, P1, 2610 MHz, 13365 MHz, 89.49 W, 600.00 W, 600.00 W, 62, 14740 MiB, 0 %, 5, 16
2026/09/25 12:50:12.352, 0, P1, 2610 MHz, 13365 MHz, 89.49 W, 600.00 W, 600.00 W, 62, 14740 MiB, 0 %, 5, 16
2026/09/25 12:50:12.602, 0, P1, 2610 MHz, 13365 MHz, 87.79 W, 600.00 W, 600.00 W, 61, 14740 MiB, 0 %, 5, 16
2026/09/25 12:50:12.853, 0, P1, 2610 MHz, 13365 MHz, 87.79 W, 600.00 W, 600.00 W, 61, 14740 MiB, 0 %, 5, 16
2026/09/25 12:50:13.103, 0, P1, 2610 MHz, 13365 MHz, 87.79 W, 600.00 W, 600.00 W, 61, 14740 MiB, 0 %, 5, 16
2026/09/25 12:50:13.354, 0, P1, 2610 MHz, 13365 MHz, 87.79 W, 600.00 W, 600.00 W, 61, 14740 MiB, 0 %, 5, 16
2026/09/25 12:50:13.604, 0, P1, 2610 MHz, 13365 MHz, 87.32 W, 600.00 W, 600.00 W, 61, 14740 MiB, 0 %, 5, 16
2026/09/25 12:50:13.854, 0, P1, 2610 MHz, 13365 MHz, 87.32 W, 600.00 W, 600.00 W, 61, 14740 MiB, 0 %, 5, 16
2026/09/25 12:50:14.105, 0, P1, 2610 MHz, 13365 MHz, 87.32 W, 600.00 W, 600.00 W, 61, 14740 MiB, 0 %, 5, 16
2026/09/25 12:50:14.355, 0, P1, 2610 MHz, 13365 MHz, 87.32 W, 600.00 W, 600.00 W, 61, 14740 MiB, 0 %, 5, 16
2026/09/25 12:50:14.605, 0, P1, 2610 MHz, 13365 MHz, 87.15 W, 600.00 W, 600.00 W, 61, 14740 MiB, 0 %, 5, 16
2026/09/25 12:50:14.856, 0, P1, 2610 MHz, 13365 MHz, 87.15 W, 600.00 W, 600.00 W, 61, 14740 MiB, 0 %, 5, 16
2026/09/25 12:50:15.106, 0, P1, 2610 MHz, 13365 MHz, 87.15 W, 600.00 W, 600.00 W, 61, 14740 MiB, 0 %, 5, 16
2026/09/25 12:50:15.357, 0, P1, 2610 MHz, 13365 MHz, 87.15 W, 600.00 W, 600.00 W, 61, 14740 MiB, 0 %, 5, 16
2026/09/25 12:50:15.607, 0, P1, 2610 MHz, 13365 MHz, 86.38 W, 600.00 W, 600.00 W, 60, 14740 MiB, 0 %, 5, 16
2026/09/25 12:50:15.857, 0, P1, 2610 MHz, 13365 MHz, 86.38 W, 600.00 W, 600.00 W, 60, 14740 MiB, 0 %, 5, 16
2026/09/25 12:50:16.108, 0, P1, 2610 MHz, 13365 MHz, 86.38 W, 600.00 W, 600.00 W, 60, 14740 MiB, 0 %, 5, 16
2026/09/25 12:50:16.358, 0, P1, 2610 MHz, 13365 MHz, 86.38 W, 600.00 W, 600.00 W, 60, 14740 MiB, 0 %, 5, 16
2026/09/25 12:50:16.609, 0, P1, 2610 MHz, 13365 MHz, 85.12 W, 600.00 W, 600.00 W, 60, 14740 MiB, 0 %, 5, 16
2026/09/25 12:50:16.860, 0, P1, 2610 MHz, 13365 MHz, 85.12 W, 600.00 W, 600.00 W, 60, 14740 MiB, 0 %, 5, 16
2026/09/25 12:50:17.110, 0, P1, 2610 MHz, 13365 MHz, 85.22 W, 600.00 W, 600.00 W, 60, 14740 MiB, 0 %, 5, 16
2026/09/25 12:50:17.361, 0, P1, 2610 MHz, 13365 MHz, 85.22 W, 600.00 W, 600.00 W, 60, 14740 MiB, 0 %, 5, 16
2026/09/25 12:50:17.612, 0, P1, 2610 MHz, 13365 MHz, 85.30 W, 600.00 W, 600.00 W, 59, 14740 MiB, 0 %, 5, 16
2026/09/25 12:50:17.863, 0, P1, 2610 MHz, 13365 MHz, 85.30 W, 600.00 W, 600.00 W, 59, 14740 MiB, 0 %, 5, 16
2026/09/25 12:50:18.114, 0, P1, 2610 MHz, 13365 MHz, 85.30 W, 600.00 W, 600.00 W, 59, 14740 MiB, 0 %, 5, 16
2026/09/25 12:50:18.364, 0, P1, 2610 MHz, 13365 MHz, 85.30 W, 600.00 W, 600.00 W, 59, 14740 MiB, 0 %, 5, 16
2026/09/25 12:50:18.615, 0, P1, 2610 MHz, 13365 MHz, 84.05 W, 600.00 W, 600.00 W, 59, 16052 MiB, 48 %, 5, 16
2026/09/25 12:50:18.865, 0, P1, 2610 MHz, 13365 MHz, 84.05 W, 600.00 W, 600.00 W, 59, 16820 MiB, 48 %, 5, 16
2026/09/25 12:50:19.116, 0, P1, 2820 MHz, 13365 MHz, 173.94 W, 600.00 W, 600.00 W, 66, 16820 MiB, 99 %, 5, 16
2026/09/25 12:50:19.367, 0, P1, 2820 MHz, 13365 MHz, 173.94 W, 600.00 W, 600.00 W, 66, 16820 MiB, 99 %, 5, 16
2026/09/25 12:50:19.618, 0, P1, 2820 MHz, 13365 MHz, 406.37 W, 600.00 W, 600.00 W, 67, 16820 MiB, 100 %, 5, 16
2026/09/25 12:50:19.869, 0, P1, 2820 MHz, 13365 MHz, 406.37 W, 600.00 W, 600.00 W, 67, 16820 MiB, 100 %, 5, 16
2026/09/25 12:50:20.120, 0, P1, 2820 MHz, 13365 MHz, 456.36 W, 600.00 W, 600.00 W, 68, 16820 MiB, 99 %, 5, 16
2026/09/25 12:50:20.371, 0, P1, 2820 MHz, 13365 MHz, 456.36 W, 600.00 W, 600.00 W, 68, 16820 MiB, 99 %, 5, 16
2026/09/25 12:50:20.621, 0, P1, 2835 MHz, 13365 MHz, 469.89 W, 600.00 W, 600.00 W, 68, 16820 MiB, 100 %, 5, 16
2026/09/25 12:50:20.872, 0, P1, 2835 MHz, 13365 MHz, 469.89 W, 600.00 W, 600.00 W, 68, 16820 MiB, 100 %, 5, 16
2026/09/25 12:50:21.123, 0, P1, 2820 MHz, 13365 MHz, 481.00 W, 600.00 W, 600.00 W, 68, 16820 MiB, 100 %, 5, 16
2026/09/25 12:50:21.374, 0, P1, 2820 MHz, 13365 MHz, 481.00 W, 600.00 W, 600.00 W, 68, 17108 MiB, 100 %, 5, 16
2026/09/25 12:50:21.625, 0, P1, 2820 MHz, 13365 MHz, 461.64 W, 600.00 W, 600.00 W, 68, 17108 MiB, 100 %, 5, 16
2026/09/25 12:50:21.876, 0, P1, 2820 MHz, 13365 MHz, 461.64 W, 600.00 W, 600.00 W, 68, 17108 MiB, 100 %, 5, 16
2026/09/25 12:50:22.126, 0, P1, 2820 MHz, 13365 MHz, 452.73 W, 600.00 W, 600.00 W, 69, 17108 MiB, 100 %, 5, 16
2026/09/25 12:50:22.377, 0, P1, 2820 MHz, 13365 MHz, 452.73 W, 600.00 W, 600.00 W, 69, 17108 MiB, 100 %, 5, 16
2026/09/25 12:50:22.628, 0, P1, 2835 MHz, 13365 MHz, 470.22 W, 600.00 W, 600.00 W, 69, 17108 MiB, 100 %, 5, 16
2026/09/25 12:50:22.879, 0, P1, 2835 MHz, 13365 MHz, 470.22 W, 600.00 W, 600.00 W, 69, 17108 MiB, 100 %, 5, 16
2026/09/25 12:50:23.130, 0, P1, 2820 MHz, 13365 MHz, 481.72 W, 600.00 W, 600.00 W, 69, 17108 MiB, 99 %, 5, 16
2026/09/25 12:50:23.381, 0, P1, 2820 MHz, 13365 MHz, 481.72 W, 600.00 W, 600.00 W, 69, 17108 MiB, 99 %, 5, 16
2026/09/25 12:50:23.632, 0, P1, 2820 MHz, 13365 MHz, 470.33 W, 600.00 W, 600.00 W, 69, 17108 MiB, 100 %, 5, 16
2026/09/25 12:50:23.882, 0, P1, 2820 MHz, 13365 MHz, 470.33 W, 600.00 W, 600.00 W, 69, 17108 MiB, 100 %, 5, 16
2026/09/25 12:50:24.133, 0, P1, 2827 MHz, 13365 MHz, 460.58 W, 600.00 W, 600.00 W, 69, 17108 MiB, 100 %, 5, 16
2026/09/25 12:50:24.384, 0, P1, 2827 MHz, 13365 MHz, 460.58 W, 600.00 W, 600.00 W, 69, 17108 MiB, 100 %, 5, 16
2026/09/25 12:50:24.635, 0, P1, 2835 MHz, 13365 MHz, 475.47 W, 600.00 W, 600.00 W, 69, 17108 MiB, 100 %, 5, 16
2026/09/25 12:50:24.886, 0, P1, 2835 MHz, 13365 MHz, 475.47 W, 600.00 W, 600.00 W, 69, 17108 MiB, 100 %, 5, 16
2026/09/25 12:50:25.137, 0, P1, 2820 MHz, 13365 MHz, 483.14 W, 600.00 W, 600.00 W, 69, 17108 MiB, 100 %, 5, 16
2026/09/25 12:50:25.388, 0, P1, 2820 MHz, 13365 MHz, 483.14 W, 600.00 W, 600.00 W, 69, 17108 MiB, 100 %, 5, 16
2026/09/25 12:50:25.639, 0, P1, 2820 MHz, 13365 MHz, 465.86 W, 600.00 W, 600.00 W, 69, 17108 MiB, 100 %, 5, 16
2026/09/25 12:50:25.890, 0, P1, 2820 MHz, 13365 MHz, 465.86 W, 600.00 W, 600.00 W, 69, 17108 MiB, 100 %, 5, 16
2026/09/25 12:50:26.141, 0, P1, 2827 MHz, 13365 MHz, 454.13 W, 600.00 W, 600.00 W, 69, 17108 MiB, 100 %, 5, 16
2026/09/25 12:50:26.391, 0, P1, 2827 MHz, 13365 MHz, 454.13 W, 600.00 W, 600.00 W, 69, 17108 MiB, 100 %, 5, 16
2026/09/25 12:50:26.642, 0, P1, 2835 MHz, 13365 MHz, 473.93 W, 600.00 W, 600.00 W, 70, 17108 MiB, 100 %, 5, 16
2026/09/25 12:50:26.893, 0, P1, 2835 MHz, 13365 MHz, 473.93 W, 600.00 W, 600.00 W, 70, 17108 MiB, 100 %, 5, 16
2026/09/25 12:50:27.144, 0, P1, 2820 MHz, 13365 MHz, 483.19 W, 600.00 W, 600.00 W, 70, 17108 MiB, 99 %, 5, 16
2026/09/25 12:50:27.395, 0, P1, 2820 MHz, 13365 MHz, 483.19 W, 600.00 W, 600.00 W, 70, 17108 MiB, 99 %, 5, 16
2026/09/25 12:50:27.646, 0, P1, 2820 MHz, 13365 MHz, 471.86 W, 600.00 W, 600.00 W, 69, 17108 MiB, 100 %, 5, 16
2026/09/25 12:50:27.897, 0, P1, 2820 MHz, 13365 MHz, 471.86 W, 600.00 W, 600.00 W, 69, 17108 MiB, 100 %, 5, 16
2026/09/25 12:50:28.147, 0, P1, 2827 MHz, 13365 MHz, 461.71 W, 600.00 W, 600.00 W, 70, 17108 MiB, 100 %, 5, 16
2026/09/25 12:50:28.398, 0, P1, 2827 MHz, 13365 MHz, 461.71 W, 600.00 W, 600.00 W, 70, 17108 MiB, 100 %, 5, 16
2026/09/25 12:50:28.649, 0, P1, 2835 MHz, 13365 MHz, 475.67 W, 600.00 W, 600.00 W, 70, 17108 MiB, 100 %, 5, 16
2026/09/25 12:50:28.900, 0, P1, 2835 MHz, 13365 MHz, 475.67 W, 600.00 W, 600.00 W, 70, 17108 MiB, 100 %, 5, 16
2026/09/25 12:50:29.151, 0, P1, 2820 MHz, 13365 MHz, 483.96 W, 600.00 W, 600.00 W, 70, 17108 MiB, 100 %, 5, 16
2026/09/25 12:50:29.401, 0, P1, 2820 MHz, 13365 MHz, 483.96 W, 600.00 W, 600.00 W, 70, 17108 MiB, 100 %, 5, 16
2026/09/25 12:50:29.652, 0, P1, 2820 MHz, 13365 MHz, 466.79 W, 600.00 W, 600.00 W, 70, 17108 MiB, 100 %, 5, 16
2026/09/25 12:50:29.903, 0, P1, 2820 MHz, 13365 MHz, 466.79 W, 600.00 W, 600.00 W, 70, 17108 MiB, 100 %, 5, 16
2026/09/25 12:50:30.154, 0, P1, 2827 MHz, 13365 MHz, 457.94 W, 600.00 W, 600.00 W, 70, 17108 MiB, 100 %, 5, 16
2026/09/25 12:50:30.405, 0, P1, 2827 MHz, 13365 MHz, 457.94 W, 600.00 W, 600.00 W, 70, 17108 MiB, 100 %, 5, 16
2026/09/25 12:50:30.656, 0, P1, 2835 MHz, 13365 MHz, 475.20 W, 600.00 W, 600.00 W, 71, 17108 MiB, 100 %, 5, 16
2026/09/25 12:50:30.907, 0, P1, 2835 MHz, 13365 MHz, 475.20 W, 600.00 W, 600.00 W, 71, 17108 MiB, 100 %, 5, 16
2026/09/25 12:50:31.157, 0, P1, 2820 MHz, 13365 MHz, 484.35 W, 600.00 W, 600.00 W, 70, 17108 MiB, 99 %, 5, 16
2026/09/25 12:50:31.408, 0, P1, 2820 MHz, 13365 MHz, 484.35 W, 600.00 W, 600.00 W, 70, 17108 MiB, 99 %, 5, 16
2026/09/25 12:50:31.659, 0, P1, 2820 MHz, 13365 MHz, 470.88 W, 600.00 W, 600.00 W, 70, 17108 MiB, 100 %, 5, 16
2026/09/25 12:50:31.910, 0, P1, 2820 MHz, 13365 MHz, 470.88 W, 600.00 W, 600.00 W, 70, 17108 MiB, 100 %, 5, 16
2026/09/25 12:50:32.161, 0, P1, 2827 MHz, 13365 MHz, 463.86 W, 600.00 W, 600.00 W, 71, 17108 MiB, 100 %, 5, 16
2026/09/25 12:50:32.412, 0, P1, 2827 MHz, 13365 MHz, 463.86 W, 600.00 W, 600.00 W, 71, 17108 MiB, 100 %, 5, 16
2026/09/25 12:50:32.663, 0, P1, 2835 MHz, 13365 MHz, 477.73 W, 600.00 W, 600.00 W, 71, 17108 MiB, 100 %, 5, 16
2026/09/25 12:50:32.914, 0, P1, 2835 MHz, 13365 MHz, 477.73 W, 600.00 W, 600.00 W, 71, 17108 MiB, 100 %, 5, 16
2026/09/25 12:50:33.165, 0, P1, 2820 MHz, 13365 MHz, 484.83 W, 600.00 W, 600.00 W, 70, 17108 MiB, 100 %, 5, 16
2026/09/25 12:50:33.415, 0, P1, 2820 MHz, 13365 MHz, 484.83 W, 600.00 W, 600.00 W, 70, 17108 MiB, 100 %, 5, 16
2026/09/25 12:50:33.666, 0, P1, 2820 MHz, 13365 MHz, 467.71 W, 600.00 W, 600.00 W, 70, 17108 MiB, 100 %, 5, 16
2026/09/25 12:50:33.917, 0, P1, 2820 MHz, 13365 MHz, 467.71 W, 600.00 W, 600.00 W, 70, 17108 MiB, 100 %, 5, 16
2026/09/25 12:50:34.168, 0, P1, 2827 MHz, 13365 MHz, 458.42 W, 600.00 W, 600.00 W, 71, 17108 MiB, 100 %, 5, 16
2026/09/25 12:50:34.419, 0, P1, 2827 MHz, 13365 MHz, 458.42 W, 600.00 W, 600.00 W, 71, 17108 MiB, 100 %, 5, 16
2026/09/25 12:50:34.669, 0, P1, 2835 MHz, 13365 MHz, 475.07 W, 600.00 W, 600.00 W, 71, 17108 MiB, 100 %, 5, 16
2026/09/25 12:50:34.920, 0, P1, 2835 MHz, 13365 MHz, 475.07 W, 600.00 W, 600.00 W, 71, 17108 MiB, 100 %, 5, 16
2026/09/25 12:50:35.171, 0, P1, 2827 MHz, 13365 MHz, 485.87 W, 600.00 W, 600.00 W, 71, 17108 MiB, 99 %, 5, 16
2026/09/25 12:50:35.422, 0, P1, 2827 MHz, 13365 MHz, 485.87 W, 600.00 W, 600.00 W, 71, 17108 MiB, 99 %, 5, 16
2026/09/25 12:50:35.673, 0, P1, 2820 MHz, 13365 MHz, 473.40 W, 600.00 W, 600.00 W, 71, 17108 MiB, 100 %, 5, 16
2026/09/25 12:50:35.924, 0, P1, 2820 MHz, 13365 MHz, 473.40 W, 600.00 W, 600.00 W, 71, 17108 MiB, 100 %, 5, 16
2026/09/25 12:50:36.175, 0, P1, 2827 MHz, 13365 MHz, 464.16 W, 600.00 W, 600.00 W, 71, 17108 MiB, 100 %, 5, 16
2026/09/25 12:50:36.426, 0, P1, 2827 MHz, 13365 MHz, 464.16 W, 600.00 W, 600.00 W, 71, 17108 MiB, 100 %, 5, 16
2026/09/25 12:50:36.676, 0, P1, 2835 MHz, 13365 MHz, 479.32 W, 600.00 W, 600.00 W, 71, 17108 MiB, 100 %, 5, 16
2026/09/25 12:50:36.928, 0, P1, 2835 MHz, 13365 MHz, 479.32 W, 600.00 W, 600.00 W, 71, 17108 MiB, 100 %, 5, 16
2026/09/25 12:50:37.179, 0, P1, 2820 MHz, 13365 MHz, 487.44 W, 600.00 W, 600.00 W, 71, 17108 MiB, 100 %, 5, 16
2026/09/25 12:50:37.429, 0, P1, 2820 MHz, 13365 MHz, 487.44 W, 600.00 W, 600.00 W, 71, 17108 MiB, 100 %, 5, 16
2026/09/25 12:50:37.680, 0, P1, 2820 MHz, 13365 MHz, 467.36 W, 600.00 W, 600.00 W, 71, 17108 MiB, 100 %, 5, 16
2026/09/25 12:50:37.931, 0, P1, 2820 MHz, 13365 MHz, 467.36 W, 600.00 W, 600.00 W, 71, 17108 MiB, 100 %, 5, 16
2026/09/25 12:50:38.182, 0, P1, 2827 MHz, 13365 MHz, 460.77 W, 600.00 W, 600.00 W, 71, 17108 MiB, 100 %, 5, 16
2026/09/25 12:50:38.433, 0, P1, 2827 MHz, 13365 MHz, 460.77 W, 600.00 W, 600.00 W, 71, 17108 MiB, 100 %, 5, 16
2026/09/25 12:50:38.683, 0, P1, 2835 MHz, 13365 MHz, 476.78 W, 600.00 W, 600.00 W, 72, 17108 MiB, 100 %, 5, 16
2026/09/25 12:50:38.934, 0, P1, 2835 MHz, 13365 MHz, 476.78 W, 600.00 W, 600.00 W, 72, 17108 MiB, 100 %, 5, 16
2026/09/25 12:50:39.185, 0, P1, 2827 MHz, 13365 MHz, 487.57 W, 600.00 W, 600.00 W, 71, 17108 MiB, 99 %, 5, 16
2026/09/25 12:50:39.436, 0, P1, 2827 MHz, 13365 MHz, 487.57 W, 600.00 W, 600.00 W, 71, 17108 MiB, 99 %, 5, 16
2026/09/25 12:50:39.687, 0, P1, 2820 MHz, 13365 MHz, 468.33 W, 600.00 W, 600.00 W, 71, 17108 MiB, 100 %, 5, 16
2026/09/25 12:50:39.938, 0, P1, 2820 MHz, 13365 MHz, 468.33 W, 600.00 W, 600.00 W, 71, 17108 MiB, 100 %, 5, 16
2026/09/25 12:50:40.189, 0, P1, 2820 MHz, 13365 MHz, 458.10 W, 600.00 W, 600.00 W, 71, 17108 MiB, 100 %, 5, 16
2026/09/25 12:50:40.440, 0, P1, 2820 MHz, 13365 MHz, 458.10 W, 600.00 W, 600.00 W, 71, 17108 MiB, 100 %, 5, 16
2026/09/25 12:50:40.690, 0, P1, 2835 MHz, 13365 MHz, 477.47 W, 600.00 W, 600.00 W, 72, 17108 MiB, 100 %, 5, 16
2026/09/25 12:50:40.941, 0, P1, 2835 MHz, 13365 MHz, 477.47 W, 600.00 W, 600.00 W, 72, 17108 MiB, 100 %, 5, 16
2026/09/25 12:50:41.193, 0, P1, 2827 MHz, 13365 MHz, 488.28 W, 600.00 W, 600.00 W, 72, 17108 MiB, 100 %, 5, 16
2026/09/25 12:50:41.444, 0, P1, 2827 MHz, 13365 MHz, 488.28 W, 600.00 W, 600.00 W, 72, 17108 MiB, 100 %, 5, 16
2026/09/25 12:50:41.695, 0, P1, 2820 MHz, 13365 MHz, 476.96 W, 600.00 W, 600.00 W, 71, 17108 MiB, 100 %, 5, 16
2026/09/25 12:50:41.946, 0, P1, 2820 MHz, 13365 MHz, 476.96 W, 600.00 W, 600.00 W, 71, 17108 MiB, 100 %, 5, 16
2026/09/25 12:50:42.197, 0, P1, 2827 MHz, 13365 MHz, 463.60 W, 600.00 W, 600.00 W, 72, 17108 MiB, 100 %, 5, 16
2026/09/25 12:50:42.447, 0, P1, 2827 MHz, 13365 MHz, 463.60 W, 600.00 W, 600.00 W, 72, 17108 MiB, 100 %, 5, 16
2026/09/25 12:50:42.698, 0, P1, 2835 MHz, 13365 MHz, 477.77 W, 600.00 W, 600.00 W, 72, 17108 MiB, 100 %, 5, 16
2026/09/25 12:50:42.949, 0, P1, 2835 MHz, 13365 MHz, 477.77 W, 600.00 W, 600.00 W, 72, 17108 MiB, 100 %, 5, 16
2026/09/25 12:50:43.200, 0, P1, 2827 MHz, 13365 MHz, 488.30 W, 600.00 W, 600.00 W, 72, 17108 MiB, 99 %, 5, 16
2026/09/25 12:50:43.451, 0, P1, 2827 MHz, 13365 MHz, 488.30 W, 600.00 W, 600.00 W, 72, 17108 MiB, 99 %, 5, 16
2026/09/25 12:50:43.702, 0, P1, 2820 MHz, 13365 MHz, 469.63 W, 600.00 W, 600.00 W, 72, 17108 MiB, 100 %, 5, 16
2026/09/25 12:50:43.952, 0, P1, 2820 MHz, 13365 MHz, 469.63 W, 600.00 W, 600.00 W, 72, 17108 MiB, 100 %, 5, 16
2026/09/25 12:50:44.203, 0, P1, 2820 MHz, 13365 MHz, 459.52 W, 600.00 W, 600.00 W, 72, 17108 MiB, 100 %, 5, 16
2026/09/25 12:50:44.454, 0, P1, 2820 MHz, 13365 MHz, 459.52 W, 600.00 W, 600.00 W, 72, 17108 MiB, 100 %, 5, 16
2026/09/25 12:50:44.705, 0, P1, 2835 MHz, 13365 MHz, 477.21 W, 600.00 W, 600.00 W, 72, 17108 MiB, 100 %, 5, 16
2026/09/25 12:50:44.956, 0, P1, 2835 MHz, 13365 MHz, 477.21 W, 600.00 W, 600.00 W, 72, 17108 MiB, 100 %, 5, 16
2026/09/25 12:50:45.207, 0, P1, 2827 MHz, 13365 MHz, 489.75 W, 600.00 W, 600.00 W, 72, 17108 MiB, 100 %, 5, 16
2026/09/25 12:50:45.458, 0, P1, 2827 MHz, 13365 MHz, 489.75 W, 600.00 W, 600.00 W, 72, 17108 MiB, 100 %, 5, 16
2026/09/25 12:50:45.709, 0, P1, 2820 MHz, 13365 MHz, 476.59 W, 600.00 W, 600.00 W, 72, 17108 MiB, 100 %, 5, 16
2026/09/25 12:50:45.960, 0, P1, 2820 MHz, 13365 MHz, 476.59 W, 600.00 W, 600.00 W, 72, 17108 MiB, 100 %, 5, 16
2026/09/25 12:50:46.210, 0, P1, 2827 MHz, 13365 MHz, 465.42 W, 600.00 W, 600.00 W, 72, 17108 MiB, 100 %, 5, 16
2026/09/25 12:50:46.461, 0, P1, 2827 MHz, 13365 MHz, 465.42 W, 600.00 W, 600.00 W, 72, 17108 MiB, 100 %, 5, 16
2026/09/25 12:50:46.712, 0, P1, 2835 MHz, 13365 MHz, 479.18 W, 600.00 W, 600.00 W, 73, 17108 MiB, 100 %, 5, 16
2026/09/25 12:50:46.963, 0, P1, 2835 MHz, 13365 MHz, 479.18 W, 600.00 W, 600.00 W, 73, 17108 MiB, 100 %, 5, 16
2026/09/25 12:50:47.214, 0, P1, 2827 MHz, 13365 MHz, 489.54 W, 600.00 W, 600.00 W, 72, 17108 MiB, 99 %, 5, 16
2026/09/25 12:50:47.465, 0, P1, 2827 MHz, 13365 MHz, 489.54 W, 600.00 W, 600.00 W, 72, 17108 MiB, 99 %, 5, 16
2026/09/25 12:50:47.715, 0, P1, 2820 MHz, 13365 MHz, 470.27 W, 600.00 W, 600.00 W, 72, 17108 MiB, 100 %, 5, 16
2026/09/25 12:50:47.966, 0, P1, 2820 MHz, 13365 MHz, 470.27 W, 600.00 W, 600.00 W, 72, 17108 MiB, 100 %, 5, 16
2026/09/25 12:50:48.217, 0, P1, 2820 MHz, 13365 MHz, 460.54 W, 600.00 W, 600.00 W, 72, 17108 MiB, 100 %, 5, 16
2026/09/25 12:50:48.468, 0, P1, 2820 MHz, 13365 MHz, 460.54 W, 600.00 W, 600.00 W, 72, 17108 MiB, 100 %, 5, 16
2026/09/25 12:50:48.719, 0, P1, 2835 MHz, 13365 MHz, 480.30 W, 600.00 W, 600.00 W, 73, 17108 MiB, 100 %, 5, 16
2026/09/25 12:50:48.970, 0, P1, 2835 MHz, 13365 MHz, 480.30 W, 600.00 W, 600.00 W, 73, 17108 MiB, 100 %, 5, 16
2026/09/25 12:50:49.221, 0, P1, 2827 MHz, 13365 MHz, 490.94 W, 600.00 W, 600.00 W, 72, 17108 MiB, 100 %, 5, 16
2026/09/25 12:50:49.471, 0, P1, 2827 MHz, 13365 MHz, 490.94 W, 600.00 W, 600.00 W, 72, 17108 MiB, 100 %, 5, 16
2026/09/25 12:50:49.722, 0, P1, 2820 MHz, 13365 MHz, 477.28 W, 600.00 W, 600.00 W, 72, 17108 MiB, 100 %, 5, 16
2026/09/25 12:50:49.973, 0, P1, 2820 MHz, 13365 MHz, 477.28 W, 600.00 W, 600.00 W, 72, 17108 MiB, 100 %, 5, 16
2026/09/25 12:50:50.224, 0, P1, 2827 MHz, 13365 MHz, 466.73 W, 600.00 W, 600.00 W, 73, 17108 MiB, 100 %, 5, 16
2026/09/25 12:50:50.475, 0, P1, 2827 MHz, 13365 MHz, 466.73 W, 600.00 W, 600.00 W, 73, 17108 MiB, 100 %, 5, 16
2026/09/25 12:50:50.726, 0, P1, 2835 MHz, 13365 MHz, 480.86 W, 600.00 W, 600.00 W, 73, 17108 MiB, 100 %, 5, 16
2026/09/25 12:50:50.977, 0, P1, 2835 MHz, 13365 MHz, 480.86 W, 600.00 W, 600.00 W, 73, 17108 MiB, 100 %, 5, 16
2026/09/25 12:50:51.228, 0, P1, 2827 MHz, 13365 MHz, 491.31 W, 600.00 W, 600.00 W, 73, 17108 MiB, 100 %, 5, 16
2026/09/25 12:50:51.478, 0, P1, 2827 MHz, 13365 MHz, 491.31 W, 600.00 W, 600.00 W, 73, 17108 MiB, 100 %, 5, 16
2026/09/25 12:50:51.729, 0, P1, 2820 MHz, 13365 MHz, 474.52 W, 600.00 W, 600.00 W, 72, 17108 MiB, 100 %, 5, 16
2026/09/25 12:50:51.980, 0, P1, 2820 MHz, 13365 MHz, 474.52 W, 600.00 W, 600.00 W, 72, 17108 MiB, 100 %, 5, 16
2026/09/25 12:50:52.231, 0, P1, 2820 MHz, 13365 MHz, 461.65 W, 600.00 W, 600.00 W, 73, 17108 MiB, 100 %, 5, 16
2026/09/25 12:50:52.481, 0, P1, 2820 MHz, 13365 MHz, 461.65 W, 600.00 W, 600.00 W, 73, 17108 MiB, 100 %, 5, 16
2026/09/25 12:50:52.732, 0, P1, 2835 MHz, 13365 MHz, 480.88 W, 600.00 W, 600.00 W, 73, 17108 MiB, 100 %, 5, 16
2026/09/25 12:50:52.983, 0, P1, 2835 MHz, 13365 MHz, 480.88 W, 600.00 W, 600.00 W, 73, 17108 MiB, 100 %, 5, 16
2026/09/25 12:50:53.234, 0, P1, 2827 MHz, 13365 MHz, 491.51 W, 600.00 W, 600.00 W, 73, 17108 MiB, 100 %, 5, 16
2026/09/25 12:50:53.485, 0, P1, 2827 MHz, 13365 MHz, 491.51 W, 600.00 W, 600.00 W, 73, 17108 MiB, 100 %, 5, 16
2026/09/25 12:50:53.736, 0, P1, 2820 MHz, 13365 MHz, 478.02 W, 600.00 W, 600.00 W, 73, 17108 MiB, 100 %, 5, 16
2026/09/25 12:50:53.987, 0, P1, 2820 MHz, 13365 MHz, 478.02 W, 600.00 W, 600.00 W, 73, 17108 MiB, 100 %, 5, 16
2026/09/25 12:50:54.238, 0, P1, 2827 MHz, 13365 MHz, 467.51 W, 600.00 W, 600.00 W, 73, 17108 MiB, 100 %, 5, 16
2026/09/25 12:50:54.488, 0, P1, 2827 MHz, 13365 MHz, 467.51 W, 600.00 W, 600.00 W, 73, 17108 MiB, 100 %, 5, 16
2026/09/25 12:50:54.739, 0, P1, 2835 MHz, 13365 MHz, 482.83 W, 600.00 W, 600.00 W, 73, 17108 MiB, 100 %, 5, 16
2026/09/25 12:50:54.990, 0, P1, 2835 MHz, 13365 MHz, 482.83 W, 600.00 W, 600.00 W, 73, 17108 MiB, 100 %, 5, 16
2026/09/25 12:50:55.241, 0, P1, 2812 MHz, 13365 MHz, 491.35 W, 600.00 W, 600.00 W, 73, 17108 MiB, 100 %, 5, 16
2026/09/25 12:50:55.492, 0, P1, 2812 MHz, 13365 MHz, 491.35 W, 600.00 W, 600.00 W, 73, 17108 MiB, 100 %, 5, 16
2026/09/25 12:50:55.743, 0, P1, 2805 MHz, 13365 MHz, 471.76 W, 600.00 W, 600.00 W, 73, 17108 MiB, 100 %, 5, 16
2026/09/25 12:50:55.994, 0, P1, 2805 MHz, 13365 MHz, 471.76 W, 600.00 W, 600.00 W, 73, 17108 MiB, 100 %, 5, 16
2026/09/25 12:50:56.245, 0, P1, 2812 MHz, 13365 MHz, 462.08 W, 600.00 W, 600.00 W, 73, 17108 MiB, 100 %, 5, 16
2026/09/25 12:50:56.495, 0, P1, 2812 MHz, 13365 MHz, 462.08 W, 600.00 W, 600.00 W, 73, 17108 MiB, 100 %, 5, 16
2026/09/25 12:50:56.746, 0, P1, 2820 MHz, 13365 MHz, 480.36 W, 600.00 W, 600.00 W, 74, 17108 MiB, 100 %, 5, 16
2026/09/25 12:50:56.997, 0, P1, 2820 MHz, 13365 MHz, 480.36 W, 600.00 W, 600.00 W, 74, 17108 MiB, 100 %, 5, 16
2026/09/25 12:50:57.248, 0, P1, 2820 MHz, 13365 MHz, 490.79 W, 600.00 W, 600.00 W, 73, 17108 MiB, 100 %, 5, 16
2026/09/25 12:50:57.499, 0, P1, 2812 MHz, 13365 MHz, 479.82 W, 600.00 W, 600.00 W, 73, 17108 MiB, 100 %, 5, 16
2026/09/25 12:50:57.750, 0, P1, 2812 MHz, 13365 MHz, 479.82 W, 600.00 W, 600.00 W, 73, 17108 MiB, 100 %, 5, 16
2026/09/25 12:50:58.000, 0, P1, 2812 MHz, 13365 MHz, 467.07 W, 600.00 W, 600.00 W, 73, 17108 MiB, 100 %, 5, 16
2026/09/25 12:50:58.251, 0, P1, 2812 MHz, 13365 MHz, 467.07 W, 600.00 W, 600.00 W, 73, 17108 MiB, 100 %, 5, 16
2026/09/25 12:50:58.502, 0, P1, 2820 MHz, 13365 MHz, 481.45 W, 600.00 W, 600.00 W, 74, 17108 MiB, 100 %, 5, 16
2026/09/25 12:50:58.753, 0, P1, 2820 MHz, 13365 MHz, 481.45 W, 600.00 W, 600.00 W, 74, 17108 MiB, 100 %, 5, 16
2026/09/25 12:50:59.004, 0, P0, 2835 MHz, 14001 MHz, 447.23 W, 600.00 W, 600.00 W, 68, 2 MiB, 11 %, 5, 16
2026/09/25 12:50:59.254, 0, P0, 2835 MHz, 14001 MHz, 447.23 W, 600.00 W, 600.00 W, 68, 2 MiB, 11 %, 5, 16
2026/09/25 12:50:59.505, 0, P0, 2835 MHz, 14001 MHz, 252.47 W, 600.00 W, 600.00 W, 66, 2 MiB, 0 %, 5, 16
2026/09/25 12:50:59.755, 0, P0, 2835 MHz, 14001 MHz, 252.47 W, 600.00 W, 600.00 W, 66, 2 MiB, 0 %, 5, 16
