2
69208
1892
279
5097
15015
7099
321
279
35729
24303
271
1919
369
279
8418
1284
10196
4479
25
24303
43388
321
16384
61610
11
279
29310
198
19641
11
279
5097
15015
7141
7099
11
279
27853
14408
7099
27718
14
85
16
19652
63
10485
11
198
7454
68742
6881
11
74715
22985
681
5363
294
25681
14
11361
23
28336
13092
11
5144
43318
198
39242
45850
440
791
12
42466
1510
9082
89095
63
29310
11
321
279
25211
5304
639
23311
198
16406
314
6937
290
13092
13
271
29
33565
1532
513
14246
54586
11
1754
28853
440
1141
12864
1892
1436
198
29
498
49
14047
9251
9366
60446
20668
2
13995
82
312
12195
2543
299
32848
38012
10020
12
12195
8
364
1092
1754
2306
369
13
357
1324
198
29
1973
1141
12864
2306
369
524
264
1324
25
279
1788
2691
10480
220
20
12
16
17
4
1881
1330
52755
314
279
198
29
1788
75314
321
3835
17
87
1881
264
220
16
23
23
6027
44
321
449
220
23
17
6027
44
4331
13
561
1724
31092
10661
3559
5640
198
29
440
279
14387
13
271
760
14554
4501
5893
369
264
220
17
87
220497
5140
220
21
15
15
15
5068
8884
6505
13
28873
12
18
14
4262
12
19
13343
369
198
83711
2980
1141
4581
7918
2369
321
47241
83019
11269
11496
13
15451
8836
17882
864
3364
1892
198
82
18913
11
22188
11
39972
1892
369
264
22449
2029
321
6107
303
6121
10399
287
11
524
1532
13
561
198
5014
1542
11766
513
524
303
411
15400
506
660
1892
781
7481
310
6121
10399
287
440
279
2645
314
198
79377
13
3437
25710
1532
369
1510
34608
27226
67
14
7561
279
35887
4954
13
271
19739
11668
6126
13092
682
1330
20182
11
321
864
799
16298
369
6426
539
3315
279
1558
17759
198
263
799
3575
25
271
12
2972
17782
14871
24303
332
318
1719
1581
364
264
1558
421
17759
1590
443
9209
1510
10223
926
25459
63
198
220
11036
11
799
4560
791
21966
27718
4422
476
902
7
15
44646
26
1510
77517
55275
81520
63
369
279
20791
198
220
16456
681
3929
290
539
449
24490
12906
13
1061
369
279
61610
5893
1892
1436
198
220
498
37
18400
5224
286
9251
2
70227
38892
286
553
198
12
2972
33509
12
44564
28873
12
17
332
318
35134
364
264
1558
421
17759
1132
3808
279
6505
1590
23287
4560
198
220
1817
11
279
6000
36076
3799
1083
17102
11
1754
6228
579
13914
321
81726
18394
383
1141
1765
198
220
3575
13
16066
3309
4417
1510
30918
5434
41832
2323
10912
63
593
1510
30918
5434
41832
81520
74927
1436
198
220
498
33509
12
44564
13092
9251
2
49534
12
44564
12
587
12
17
83019
8
3559
364
1092
369
81787
321
198
220
1092
369
15578
13
198
12
2972
33509
12
44564
28873
12
18
14
4262
12
19
332
318
83711
1590
279
1788
6228
38729
4528
31766
53
321
13984
63908
198
220
15135
11
440
1510
30918
5434
41832
2675
9213
28
16
63
20621
17102
494
9209
1622
466
9640
1395
2666
25148
198
220
16382
13
1049
369
1581
12105
321
682
874
4501
4906
58334
3591
3482
26
1436
198
220
498
1719
2790
5307
9251
7912
6591
14
8844
21
15
15
15
5084
3416
1271
7142
20668
553
271
24531
14835
2074
369
13468
13
14392
12
18
13
22
682
449
4581
1558
18336
28121
17
14
4100
19
14
8924
7873
11
198
7834
421
1503
524
5517
13553
27044
28121
466
8059
264
43388
28042
310
2361
1558
13
271
13962
14392
43388
4954
318
15627
1132
8
271
8046
12
18
13
22
579
1558
18336
48038
25419
69892
28873
11
28121
11
18499
11
321
24197
198
12748
20791
1472
7810
20169
13
1049
11988
279
28336
579
69905
220
21
19
14
24
21
198
1574
25546
16547
11
7810
81726
14208
11
321
9575
220
16
17
23
18950
458
19
44
18
5281
9146
198
10573
5262
1518
52965
23014
13
8852
1918
24693
8198
799
1472
198
32897
68022
13
271
1919
4954
39277
11477
47410
3988
13
1049
369
524
5721
421
13092
198
4100
14
8924
11
9575
387
17
47
11
466
7072
19842
61610
369
4434
26
1782
25586
1325
198
323
65319
3813
27327
321
2100
2741
36501
33389
13
271
4350
4779
7035
10583
264
5861
36
380
4100
1901
2397
11255
1653
11
279
380
4100
5832
17872
198
63
58
9253
12
7012
60
380
4100
9845
70534
7087
18193
318
6082
11255
1653
5861
36
380
4100
1901
1174
22806
9845
4088
63
198
429
84828
60271
13
1061
24490
1716
1048
16298
310
1510
30918
5434
35232
54159
56397
28
16
74927
198
38222
14208
13657
279
6149
4618
1581
13
3382
498
1719
11969
21867
9251
1202
58426
3082
765
25546
95288
38222
1723
11511
12
17
15
17
21
15
24
15
23
14
82670
20668
553
271
550
42019
5224
286
271
7
2536
310
381
21143
440
279
5097
15015
1510
15449
63
5165
7099
1892
421
369
198
35643
4841
15015
7141
7099
9251
2
2428
2075
43166
1284
10196
12
12882
43166
2759
2077
12
17
15
17
21
12
15
23
12
15
17
9646
3559
5946
271
91
5224
735
1092
424
1503
735
198
91
4277
91
4277
91
198
91
1510
15449
14
12882
2149
18400
2318
1151
59
91
9215
59
91
2738
59
91
48528
63
735
9166
1340
24303
36084
25
12077
685
1510
762
35231
1846
10302
66394
63
78014
791
21966
303
1510
23658
1966
7561
61249
1070
440
279
12906
11
2730
58621
16526
82
3977
421
8460
13
72414
12217
26
14385
6972
1172
53824
37
841
1300
23315
63
735
198
91
1510
15449
14
12882
80815
6971
63
735
3140
9502
9773
9637
12906
440
791
86891
24490
1994
318
2186
220
23
283
279
4560
579
4581
2022
55338
6937
2297
321
279
1330
5331
79
50457
16520
11668
6126
6923
7324
203684
6608
553
417
12705
45438
6951
440
20771
11069
220
19
17
24
478
76176
12
5836
26
36066
11776
63
478
36066
41836
63
4566
13
5952
12497
1581
310
220
18
17
20112
33
440
59056
84134
321
628
381
8953
20335
310
279
3421
579
220
16
24
17
20112
33
21482
4417
1510
312
2721
9072
1395
65
220
16
24
17
74927
279
12906
2590
57409
18020
15906
321
12826
942
6881
1518
23890
264
2407
13
735
198
91
1510
15449
69454
12
12882
6971
63
735
32907
5097
15015
37107
2706
31338
25
22468
2468
9341
2600
11
280
20
15
4181
24
20
37972
11
4566
43
791
2706
1406
735
198
91
1510
15449
14
12882
4516
4587
2318
63
735
5097
15015
1284
10196
15728
17587
364
264
3074
3421
735
198
91
1510
34608
27226
67
3082
334
926
25459
5558
63
735
3010
4821
364
264
2972
14892
56994
2774
332
318
1719
975
22449
5893
1892
1510
12882
2149
18400
2318
63
369
279
72414
12217
7072
5331
191904
1752
553
1510
900
28
21272
63
440
1510
44061
28
16
63
1238
279
3983
2706
321
279
7335
55559
11
1510
62312
94435
28
16
63
280
793
1132
1345
42903
369
3756
11
1510
48964
70776
28
16
63
478
1510
5544
4537
22684
21604
34
63
748
264
22985
369
524
24245
42
8955
290
11
321
4713
220
22
15
318
354
71755
470
21966
8
37198
494
4713
220
16
318
13458
2124
553
14122
11
635
524
80350
25
1396
1752
369
2660
18336
321
279
869
369
279
35887
4954
303
279
32740
11125
11
1754
27747
440
279
7652
424
27028
735
271
550
2088
38012
4947
318
48
16451
18
13
20
12
24
33
1167
23
62
15
26
54586
303
1510
58426
14
31789
271
12
2972
10570
35729
318
39
16
15
15
11
47224
7274
188912
2643
12
15
13
22
272
28
23
14
16
21
14
18
17
1711
5212
2972
21
20
19
14
21
20
22
14
21
20
24
9341
2600
332
1238
279
198
220
6937
290
16401
9063
318
89
1402
33110
14573
478
81726
8472
11
3545
24102
11
15192
58740
1892
478
17
20
12
18
21
4
198
220
888
279
829
1402
33110
9063
26
443
28
19
11
1510
58426
3359
33110
2308
839
82661
17
12
17
15
17
21
15
23
15
16
14
74927
11540
12
23
11057
1892
198
220
1436
279
4581
12
16
21
25165
3559
553
198
12
2972
26316
24303
11
220
18
47224
462
16
15
15
82
830
220
17
78014
318
85
15
13
21
15
12
57576
188912
2972
16
11
19
22
22
9341
2600
332
1472
279
198
220
24490
12906
506
272
28
24
21
318
45
28
17
91689
4005
15734
25
220
16
19
22
22
13
15
14
16
19
22
18
13
16
681
6942
220
19
17
24
82
14
20
4010
1892
198
220
8704
1381
8798
279
343
15
13
20
24
49616
220
16
11
19
23
15
2050
1324
318
1719
3835
22
4
24490
27335
1916
12558
198
220
7629
506
279
24303
2119
553
41683
92750
25
24245
42
8955
264
35729
4937
47366
11
64512
26602
279
198
220
1788
2018
11
36084
16526
478
17
82
11
18583
11641
478
24
82
11
220
23
14
22
21
23
7154
5384
318
325
31654
279
198
220
11397
579
303
73595
1994
681
22468
3808
279
5332
220
16
11
19
23
22
9341
2600
26
54102
5010
18922
198
220
383
660
220
21
78014
303
1396
2876
11
220
16
23
14
16
23
27718
58426
6454
18400
8015
15
21
15
12
17
15
17
21
15
23
15
16
11046
2705
47235
20668
57208
198
220
561
12906
1994
318
23
8
557
82054
383
279
343
15
13
20
24
6007
1892
279
1994
311
1284
46925
369
14836
279
198
220
1727
3618
3136
318
267
1519
94674
8217
5048
59144
303
279
10206
11782
553
198
12
2972
10570
35729
318
5182
55
220
20
15
24
15
54240
1892
279
2136
12864
11
4581
12
16
21
25165
188912
440
279
1167
23
62
15
6507
86469
17312
198
220
27718
30918
5434
12952
23
20993
28
16
63
383
220
17
19
5213
26
462
17936
1581
681
279
11525
3129
19834
82
16401
11540
220
16
21
1892
198
220
272
28
16
21
21853
2972
19
24
19
13
20
9341
2600
5972
220
19
16
21
13
19
332
506
11540
220
23
11
1788
17312
11
91689
4005
443
28
19
198
220
73879
10
16
23
13
23
188460
26
478
18
18
13
23
4
5972
279
17312
53063
25045
1174
272
28
18
17
506
1510
30918
5434
42763
28
17
15
19
23
63
8213
198
220
2972
20
15
17
13
16
332
440
220
16
17
23
14
16
17
23
5226
318
14892
1542
26
1510
58426
3359
33110
2308
839
82661
18
12
17
15
17
21
15
23
15
16
14
57208
198
12
2972
47341
908
8097
1284
9715
295
28
16
18100
332
318
12882
31997
9956
220
17
11
220
17
15
17
21
12
15
23
12
15
20
1590
440
198
220
1510
30918
5434
14414
4343
1609
16
57205
28
16
7561
264
45106
3669
579
9063
8213
1510
17655
25257
2135
1361
63
2652
52907
4370
314
198
220
279
6937
290
2407
11
14722
5672
279
4220
295
28
16
35302
8516
13
6991
2195
23512
443
28
20
383
279
220
20
15
24
15
318
23
17
13322
681
16401
14934
1510
9239
605
20
15
43143
198
220
189816
23
13
18
18
188460
383
279
220
24
33
318
16
17
18
13
22
11069
220
16
18
19
13
16
9341
2600
11
220
20
14
20
14387
8
321
189816
20
13
16
24
188460
383
279
220
17
22
33
318
19
18
13
21
11069
220
19
20
13
23
11
198
220
220
20
14
20
1174
272
28
23
48070
9766
318
32160
15
13
15
15
4
593
23437
15
13
16
23
50322
561
6560
7629
279
272
28
16
4906
12558
9956
220
16
198
220
16384
2272
18447
16401
321
2113
8418
272
28
16
2119
440
279
1788
51077
1510
5917
35260
63
198
220
45345
318
16
18
19
13
23
14
16
18
19
13
20
14
16
18
19
13
15
553
1049
1048
2972
2054
2603
279
13138
4618
5817
430
264
4906
3063
92217
198
220
1510
10886
5115
63
33341
89079
1452
279
1788
6830
29997
411
27245
37832
11
748
440
279
198
220
4778
1752
303
1925
279
5817
557
264
4041
4557
506
1396
2984
16384
680
310
11626
28
16
15
17
19
13
11396
198
220
13635
513
17086
539
1581
2394
220
17
15
17
21
12
15
23
12
16
18
1521
264
1622
28187
264
13984
5752
4203
198
220
23311
1957
4937
37441
13
4081
6922
8097
1284
9715
3278
21181
11
524
279
13092
1581
318
31663
198
220
16137
12882
26
1510
58426
14
12882
2267
2195
17
12
17
15
17
21
15
23
15
20
14
7561
1510
58426
16058
428
1005
12
17
15
17
21
15
23
16
18
14
57208
198
12
2972
8068
4778
20619
11
1381
32310
12
80800
1425
4613
799
1817
332
318
36597
43874
2294
344
11
220
17
15
17
21
12
15
23
12
15
22
1892
198
220
411
991
38595
287
279
328
5917
1350
321
18985
430
8387
3421
11036
1
18252
1590
380
4100
198
220
63520
13092
369
264
3074
37441
37972
25165
1892
220
16
13
23
17
87
13983
13092
506
272
28
16
383
279
220
17
22
33
198
220
318
16
18
16
13
23
5972
220
22
17
13
20
9341
2600
8
1892
321
13983
81347
41147
1982
1881
272
28
17
321
272
28
19
1521
279
1350
198
220
1752
369
264
5953
19899
93887
11
524
264
665
2789
799
318
24344
318
64
8
7123
1754
1350
3669
579
4220
198
220
19899
303
264
3357
6136
26
9956
318
66
8
61228
1350
6761
494
6937
290
16401
553
22021
286
279
9845
198
220
369
36773
1333
1425
506
264
220
16
21
24170
4581
12283
5283
2297
21482
27718
58426
43874
59802
286
12
17
15
17
21
15
23
15
21
14
63
681
748
198
220
279
4087
369
36602
4687
25
2972
588
3421
1381
35909
1350
1132
1345
1510
2932
10
16
2564
220
17
63
321
198
220
49104
42453
3756
1350
15243
1083
279
6937
290
9956
506
1510
2932
2518
220
19
63
93868
440
1510
2932
410
18
63
264
198
220
304
582
12547
284
6835
321
2350
5770
799
25941
791
3669
13
561
1375
1783
369
264
1865
6297
8059
198
220
27718
7
9082
11
1727
12462
44646
1083
279
3669
579
6297
478
1510
5920
10930
7561
264
11354
14836
71214
198
220
1118
8
321
369
4763
9884
519
364
54102
25
264
3669
2350
8979
4937
41412
70307
264
4129
198
220
4763
12
1653
908
310
799
6937
290
494
279
1151
13
2088
38012
2715
24
383
279
220
20
15
24
15
11
443
28
20
91689
4005
25
279
198
220
81787
15196
13518
1350
506
272
28
16
12
17
318
17
20
16
13
17
9341
2600
11
220
16
13
23
16
87
888
6937
290
8
321
6937
290
506
272
28
19
12
23
198
220
318
20
15
19
13
22
9341
2600
11
220
17
13
15
18
87
888
2590
55856
681
440
791
37441
280
20
15
506
272
28
23
5951
310
6937
290
579
220
16
13
24
21
18
82
198
220
4598
1056
1350
579
220
18
13
24
22
18
82
13
18564
67
321
51948
1350
15243
635
524
2350
1227
321
4565
383
198
220
279
5953
1752
11
59056
539
279
16208
21482
13
561
10661
2781
364
42328
60317
35
198
220
15243
1892
328
1159
1510
3480
12462
63
369
264
54102
1344
2721
11
748
279
1375
1783
1000
15094
264
54102
3817
198
220
1083
264
47241
4129
1
1892
2972
86771
1602
804
383
220
17
15
17
21
12
15
23
12
16
24
332
27718
30918
5434
35232
40068
35
71141
8378
63
198
220
25791
424
494
279
1622
579
2100
4370
553
18564
67
2350
5770
369
8646
632
59276
303
198
220
16988
321
369
264
1732
5072
20619
11
4045
28761
440
279
18169
4884
25
424
3749
1141
1765
198
220
1375
1783
9884
519
2022
2691
318
1719
6937
290
2713
1000
2962
264
3669
6483
6931
4967
4129
6107
198
220
383
279
10636
5115
8
321
25936
279
1330
7929
303
799
3515
369
1204
449
632
72384
1375
1783
17199
13
198
220
1160
55792
15243
1990
2496
2350
1227
318
354
78724
1344
2721
553
3648
31088
11
34218
25
264
1118
85213
31659
3860
280
24
20
39219
318
15
13
19
17
18
82
5972
2496
55856
579
198
220
220
15
13
15
16
22
82
506
272
28
19
8
42837
310
279
506
60296
12
63
9162
63
15243
15711
1518
264
2706
21603
1892
280
20
15
198
220
8798
2496
55856
26
716
1510
30918
5434
35232
78322
25007
28
15
63
310
2496
16208
1350
413
8981
3667
1085
280
24
20
198
220
59887
82
272
28
16
61610
13
32102
25
1510
30918
5434
35232
78322
63
318
32447
25552
681
198
220
1510
30918
5434
35232
78322
25007
63
14
63
62
87116
27653
70419
82
25
1510
58426
43874
83019
12
17
15
17
21
15
23
15
16
14
7561
198
220
1510
58426
43874
2294
344
12
17
15
17
21
15
23
15
21
14
27653
2972
760
16184
513
20791
62807
64700
264
1428
9885
456
2715
24
198
220
311
1284
46925
13205
3074
19842
506
39167
28
17
22629
16276
28
19
318
9253
14387
272
28
16
14
17
11
13983
14387
272
28
19
681
1345
198
220
542
20318
5144
63393
28873
12
17
5533
39167
28
15
22629
16276
28
16
1521
13983
14387
1396
2715
24
321
2923
18
20
198
220
272
28
16
14
17
14
19
2691
13
23475
15711
3074
19842
7154
11
279
220
17
15
17
21
12
15
23
12
15
23
710
4687
5533
1510
42
28
18
63
198
220
364
8981
49219
321
1510
42
28
17
63
948
264
9640
314
506
3140
220
16
15
17
19
10885
3404
63011
506
198
220
3140
220
16
15
17
19
10885
13
1061
369
35007
4723
1162
383
19954
23046
25
710
28
17
9103
710
28
18
383
198
220
2107
2715
24
321
2715
17
22
13
1510
30918
5434
35232
9802
63
8198
279
5497
8712
11
2583
1510
15
63
364
13983
13
198
220
70419
82
25
1510
58426
43874
1940
12
17
15
17
21
15
23
15
23
14
7561
1510
58426
13704
33639
12
17
15
17
21
15
23
15
23
14
27653
198
12
2972
8068
66171
383
8978
35464
12611
332
318
85
15
13
24
18
13
15
11
20619
43874
10020
35464
66762
1892
4220
45668
198
220
84728
1132
26
2972
79869
35
12611
5064
2394
20619
2600
62810
66762
55856
220
17
15
17
21
12
15
23
12
16
24
332
553
357
1350
198
220
3669
579
18169
11969
62305
1141
8978
4202
440
279
380
4100
198
220
9665
10709
321
18169
7920
15784
279
36076
81726
27718
54693
21956
50912
10362
63
220
17
26
198
220
10709
478
7920
5639
29014
303
279
4202
7786
553
1848
449
24268
55792
11
1350
12
65753
198
220
8234
16407
45668
4062
279
11525
311
12
15445
264
7948
1350
3669
4370
314
1441
31195
25
198
220
2715
16451
9964
4100
4417
1510
9253
11963
5495
31168
2922
63
318
3795
2922
36076
478
9665
10709
478
4202
16602
26
198
220
279
4560
33254
866
9640
19900
4924
11
8388
86499
829
7320
42168
579
1957
11378
681
18184
1667
198
220
4417
1510
70
32675
13201
11963
5495
31168
2922
63
318
21557
1011
10014
67973
494
264
2397
38127
19900
198
220
5227
26
2400
72795
18184
1667
12611
4565
13983
539
2790
553
1510
9253
60564
7547
34243
63
39277
198
220
1510
3949
6276
931
21620
5854
7561
748
264
6907
14519
628
2496
5832
1083
264
1350
3669
1892
279
198
220
4937
45668
12
29797
29309
523
279
35015
1666
4173
58377
12076
25710
7629
13
6983
198
220
2397
12
13761
1196
5893
318
2083
9665
10709
11
51948
11
6907
4062
11
13996
17177
8
198
220
16545
13983
6681
430
1518
2972
429
279
87250
1433
1500
4874
279
2781
190632
198
220
1510
31826
27896
63
14159
279
26137
8978
1132
13
198
220
471
2972
17047
67
12611
159029
343
15
13
24
18
13
15
26380
411
54102
14934
321
279
3276
10204
1179
16384
279
198
262
27735
25
220
18
6297
12611
11
220
18
13983
1441
21645
11
220
15
84728
11
1521
279
12156
24438
579
198
262
9163
369
47241
1892
864
369
1092
279
5097
15015
7099
16184
310
27718
33413
63
220
16
13
15
553
198
262
561
54102
14934
38870
3376
64
47241
4062
579
1118
3817
1902
381
3357
1284
62810
871
1467
524
198
262
3222
2272
279
1970
424
557
21496
25
279
8981
47241
1350
1752
1467
524
3357
80986
198
262
1141
1765
1118
3817
2892
1892
424
1344
2721
290
424
11
430
1467
1396
39811
19899
13
18564
67
198
262
1350
369
7731
722
4581
11
524
4763
5478
1689
310
13983
24102
318
3924
279
1510
93615
63
198
262
5020
1172
279
1350
1402
31534
6560
681
748
279
14519
579
9284
2100
369
279
351
7615
45531
198
262
3669
11
524
13983
25
791
10014
11
264
2400
72795
47241
4062
369
4763
12
1653
908
310
279
8981
198
262
47241
7410
11
440
279
1788
11330
3336
58721
14159
13
2972
4639
1344
2721
369
4924
8097
198
262
2394
20619
2600
62810
55856
21408
318
17
15
17
21
12
15
23
12
16
24
8
1892
1436
328
17047
67
18169
10885
1
3559
1892
198
262
321
279
14519
25791
1141
10014
539
279
1788
5728
494
279
1788
2713
11
748
279
791
7559
290
198
262
9284
369
33702
159029
14263
1371
25
1510
30918
5434
35232
2123
42495
40068
35
28
15
63
84728
279
343
15
13
24
18
13
15
198
262
45702
13
198
220
471
2972
17047
67
84728
513
5450
1537
12
30074
332
27718
30918
5434
35232
2123
42495
23290
81598
7142
7561
1581
383
11
198
262
220
17
15
17
21
12
15
23
12
16
24
553
2088
38012
383
279
5898
5893
25
279
26613
369
220
16
13
21
17
18
87
13138
318
16
24
17
680
8
321
220
16
13
18
20
15
87
506
198
262
272
16
318
21
15
680
681
1179
2972
15
13
21
21
24
87
506
272
17
332
321
220
15
13
23
16
18
87
506
272
16
21
1892
279
46768
369
1881
272
16
321
272
17
13
198
262
8771
32907
47241
1350
15243
2582
2695
264
4688
314
22468
61610
11
1521
198
262
1754
19899
369
23562
303
264
5953
3357
6136
321
1350
15243
513
26554
494
6937
290
198
262
16401
11
748
1330
314
1070
5953
1029
1092
1000
5752
381
264
220
17
23697
6937
13
561
2781
411
198
262
4021
381
26824
685
1238
279
2029
369
421
264
47241
1350
3669
369
279
23287
2993
279
198
262
9063
579
2350
5770
22424
668
524
1375
1142
310
279
6937
290
1752
318
1159
40420
3712
321
198
262
6931
4967
4129
3756
383
279
3669
26
421
1375
1783
369
264
8387
11
632
2573
38012
20619
553
357
54102
198
262
14519
303
279
1788
2234
3314
2350
8979
279
4299
2706
28712
321
10633
220
16
13
15
15
87
506
272
16
21
11
198
262
864
369
3069
279
7374
369
47241
14934
13
1987
279
24490
369
14886
685
3929
25
264
198
262
47241
14519
369
15711
1132
948
279
1622
369
5450
1537
1892
7244
1510
2721
71240
87996
11
198
262
9830
303
73595
44646
2564
220
16
11
1301
430
3200
430
3102
11
1238
279
14519
579
1765
81726
2880
11
1521
198
262
279
1901
314
449
30957
8145
9502
369
28486
303
1510
2932
478
6951
63
506
9063
1844
13
561
41728
198
262
4874
4924
25
74988
9253
12
29797
89781
60
47241
14519
36773
15332
25
7244
443
835
5450
1537
84974
220
16
198
262
63558
27653
1473
5497
1510
30918
5434
35232
9802
63
8712
466
1510
30918
5434
35232
78322
28
15
63
23495
279
4687
321
29715
287
198
262
424
13
198
220
471
2972
17047
67
18169
10885
513
60317
35
332
27718
30918
5434
35232
40068
35
71141
8378
7561
1581
383
553
198
262
357
19899
579
1118
45374
3817
1503
524
2445
494
279
4054
4088
1892
424
3905
974
264
198
262
58740
2713
421
2582
6513
318
1719
9944
579
1483
2713
383
264
8981
19899
11
279
2713
1238
279
198
262
1483
10839
3817
383
264
39811
19899
11
279
4202
579
18169
2713
383
264
15625
198
262
4062
553
1942
2250
998
1510
832
2721
63
303
2107
24102
58762
11
748
264
47241
4129
3738
264
198
262
54102
3817
2957
791
19899
13
15813
69717
35
11
524
12572
11
383
220
16
23
1865
8057
49219
506
279
198
262
5165
579
1765
1581
9039
318
16
13
15
681
220
17
20
21
10885
1754
25
2972
18
13
20
17
4
314
7658
10885
998
198
262
18169
10885
506
272
28
16
318
588
791
220
17
23
13
19
1892
3559
279
220
16
3309
12
18
17
279
19899
1331
12846
11
2394
198
262
63486
1048
809
383
47264
11
7786
321
24490
7302
681
321
220
19
23
13
23
4
314
1782
25791
5743
264
198
262
2086
3817
1056
279
1344
2721
781
12215
56718
220
16
13
22
16
4
314
264
5813
579
10885
3571
494
198
262
279
4808
7731
159029
2332
272
28
23
279
4238
16563
310
220
15
13
20
15
12997
321
279
2781
12482
25
279
198
262
1350
16208
3336
334
1227
17587
13205
1132
220
17
314
220
16
23
7154
383
279
1350
1752
1172
2706
11
748
279
198
262
13926
369
3308
35137
49
8733
303
279
3238
14429
15501
20122
25165
11
524
76859
539
5281
13
198
262
6983
18169
3817
369
1381
14336
494
279
1622
579
198
262
1765
17748
14
2664
232857
2100
1472
279
63136
579
6931
4967
4129
1892
2496
264
2018
198
262
4129
1892
1608
279
1788
26699
279
2400
12
10024
11694
5533
11
748
1510
13218
6974
63
6
82
198
262
7731
278
50966
14103
424
318
2109
220
24
25
220
17
15
74
25791
11
5701
2272
279
13540
5331
776
5588
2100
198
262
440
279
44243
7415
58876
6220
16218
11
17299
7515
364
279
1344
2721
5728
321
449
632
2664
232857
198
262
2100
553
13140
9037
369
4763
19287
30039
13
198
220
471
2972
27289
9730
3712
42824
279
63136
332
27718
30918
5434
35232
1053
923
33220
7561
1581
383
553
561
19899
198
262
86725
1510
2664
35196
63
494
279
1510
39242
63
15511
424
557
21893
11
748
264
39811
19899
1892
279
198
262
8421
314
264
4129
579
10885
11
321
660
314
264
15625
4062
579
1892
77870
279
15866
198
262
3136
494
4161
321
279
19899
579
1765
18169
3817
557
2496
12076
506
660
13
198
262
1510
265
53897
79446
63
593
1510
44967
79446
63
593
1510
70921
79446
63
8646
1467
524
635
198
262
1092
279
5165
4954
2640
888
264
1248
4129
13
561
3136
369
1381
279
1483
198
262
1510
2721
1250
268
9730
11847
1054
11
220
21
19
44646
10885
314
1510
94085
3333
9640
7561
12219
279
13983
40420
579
198
262
1765
3712
26
4763
12
1653
908
310
279
2235
45702
364
264
8981
2404
12
16
19899
506
279
1581
198
262
3136
13
1061
369
1048
1092
436
13882
1425
279
44782
1452
1284
62810
14519
41728
25
264
26137
198
262
3669
579
1510
94085
63
369
279
4220
9640
11
748
1141
3136
369
279
8981
3669
579
3136
13
198
262
2985
279
5817
9035
279
41728
4523
321
4874
279
5016
13
198
220
471
2972
32
26137
3669
1996
2457
287
1141
1765
18169
332
198
262
27718
30918
5434
35232
2123
42495
2123
47
76648
7561
1581
383
553
54991
1429
310
381
16929
364
8981
198
262
15243
1132
11
748
264
4325
9218
6681
23287
18169
25
2404
220
18
314
264
7578
198
262
10125
1362
2496
4062
264
4860
8978
1056
2404
220
17
11
321
7072
61794
1350
6945
264
198
262
6570
4598
1056
264
7578
4191
314
829
7320
13
357
14519
440
264
2397
38127
19900
1381
198
262
38823
1141
1765
9640
12692
18169
1238
279
5227
318
64381
45668
25
1510
936
606
21620
5854
7561
748
198
262
279
4937
45668
29309
523
25710
7629
8
321
279
6149
16111
22424
62305
198
262
424
13
1160
15057
310
1366
1518
54624
279
9284
2253
383
7072
61794
9163
25
279
13983
198
262
25165
4021
3305
449
11244
4202
11
748
494
2404
220
18
383
264
1350
10146
84728
264
32820
622
198
262
18169
1056
264
13983
10146
628
321
279
1330
9944
2086
19900
27396
1892
264
3043
2308
627
198
262
628
1179
17743
11
6681
430
279
5883
290
427
18
1330
9546
49061
8996
16067
13
1510
9253
606
13983
63
198
262
8198
264
791
7278
1959
2253
318
23310
6297
1528
11
1788
1957
681
524
264
791
14429
21629
799
13
198
262
561
1528
4924
369
81787
539
264
4625
9885
558
2691
25
264
2400
72795
4062
383
264
1996
11333
4202
198
262
14086
1547
1141
20609
579
1765
39811
4763
14751
52141
13
198
220
34320
25
1510
15449
43874
10020
35464
66762
2294
344
2318
63
318
3219
1897
279
4722
11269
8
1892
4062
12
81815
478
198
220
4763
12
16417
5972
279
1350
12105
33341
383
2107
3983
11
279
47241
7515
318
211271
11
198
220
791
7559
290
9284
5972
8981
11
24693
47944
11
19900
202201
3047
11
264
10709
53063
198
220
41728
421
4874
4924
11
44782
1452
47241
12611
11
279
18169
1676
1006
6386
321
836
198
220
36320
11
321
279
6310
14
1014
9885
558
7515
681
1141
1510
30918
5434
83771
38
2260
35024
7382
28
16
63
6560
1892
864
85529
198
220
43380
5817
303
411
15123
321
54878
279
829
2759
2077
16501
11
748
279
7515
4021
1440
198
220
9007
63421
1892
321
279
5898
7278
1959
6220
318
2864
2600
220
16
13
15
15
87
11
4062
4238
220
15
13
24
23
22
8
440
1350
16144
383
198
220
12611
13
70419
82
25
1510
58426
43874
35464
12
17
15
17
21
15
23
16
23
14
7561
6121
10399
287
198
220
1510
58426
43874
35464
12
17
15
17
21
15
23
16
23
11046
18347
35
10951
922
20668
63
321
1510
79869
35
12
13794
3224
20668
27653
198
12
2972
760
13983
12
12882
272
28
16
12558
318
7945
653
22
15
8
682
264
16384
8097
1284
9715
3278
3309
26
279
23443
12
1653
908
198
220
1581
33931
20589
421
2695
159029
26679
220
16
16384
8418
272
28
16
26849
279
18447
198
220
37978
2972
32160
16
16
13
22
19
188460
383
264
1167
23
62
15
220
17
22
33
2691
27718
10223
926
25459
63
220
19
21
13
15
24
9341
2600
11
443
28
18
21853
11
5972
1510
5917
35260
63
198
220
18447
220
20
17
13
17
17
11
3074
1542
26
12864
1510
751
21
15
15
15
48820
22258
37779
86695
7561
1788
5099
321
9640
1174
279
198
220
16384
5073
1892
417
28
16
10298
279
6937
290
2407
321
13235
279
295
28
16
35302
8516
1892
369
6681
1092
198
220
11135
1510
30918
5434
14414
4343
1609
16
57205
28
16
63
1347
8698
13
2844
24460
369
19255
364
264
3669
421
628
198
220
8457
264
13984
321
369
874
4860
279
1581
13
561
23437
16
16
13
22
19
4
1324
4924
369
494
279
3889
198
220
220
16
23
23
6027
44
2691
321
682
524
978
311
32848
38012
383
279
1428
6007
1892
635
524
12278
424
430
1428
13
198
220
15896
1724
25
279
23683
11361
19
198
220
2972
9253
332
8418
1752
506
2972
32160
23
13
21
21
188460
318
12882
220
16
22
15
13
20
20
5972
12104
220
16
23
21
13
22
17
11
12864
1510
751
21
15
15
15
48820
22258
37779
7561
198
220
1048
264
829
10951
18
18100
8
1892
279
1350
25165
8213
1141
1765
19899
6136
421
279
1510
65
1054
410
16
63
198
220
4778
1752
1503
524
5615
13
70419
82
25
1510
58426
32773
17
22
6596
724
67
520
12
17
15
17
21
15
23
15
20
14
82670
20668
63
16137
19
198
220
318
24344
220
16
681
1510
58426
14
12882
2267
2195
17
12
17
15
17
21
15
23
15
20
14
82670
20668
63
318
1719
4884
478
279
462
16
1985
21999
553
271
550
561
29310
4954
271
62557
9037
13092
369
2972
57901
639
12
1653
908
1172
32907
2706
506
16184
92217
264
1622
579
198
2911
10885
513
4763
12
1653
908
3315
424
28712
7249
466
4613
264
2400
6937
13
1061
369
198
70
639
11
524
18533
1892
279
8418
17587
5610
912
279
1788
49219
506
272
28
16
321
272
28
16
21
321
198
3654
60055
5235
1396
4129
13
271
332
4274
279
17587
579
4581
6676
1518
54624
279
4954
430
80681
159029
561
17587
8213
198
16
21
49219
506
2972
24
21
1866
27896
332
440
660
15243
30957
3658
11
585
1673
13
506
348
24974
9
7739
13
198
39997
421
5893
264
220
22
21
23
33686
54102
1622
35140
3438
494
1141
1765
13138
5604
506
4763
198
16
18
19
22
318
169103
3817
2972
18
18
16
40557
948
424
5904
6937
290
16401
440
15243
2972
267
9814
290
310
2086
198
17038
82
93868
321
383
264
2018
1542
279
78361
7481
310
4763
220
17
18
22
24
318
36597
43874
2294
344
21867
11
198
63
58426
43874
2294
344
12
17
15
17
21
15
23
15
21
74903
24993
519
14
7561
6560
1510
5807
23290
57208
271
332
36597
14
14970
85510
318
7945
653
24
16
11
220
17
15
17
21
12
15
23
12
15
22
8
52783
421
21867
383
7244
321
28639
424
1892
198
1719
1330
23038
411
13901
1429
310
803
513
2107
23482
332
318
60511
82
198
63
58426
14
14970
85510
12
17
15
17
21
15
23
15
22
14
63
1590
271
12
348
19173
53000
10480
4161
4749
2332
279
4560
9063
11
440
279
1957
2902
5467
8097
11
198
220
264
1027
11255
1653
3669
506
4001
975
7739
1892
2583
3808
264
1510
3510
16551
12268
63
34580
3667
2116
198
220
18169
11
417
28
17
486
23
11
2250
1542
5676
11
220
18
15
15
28253
4658
61692
1892
4203
2972
13749
9192
332
314
264
3669
579
198
220
58740
27718
14970
85510
9546
1323
7561
220
23
11378
478
628
640
553
1510
17655
11607
14116
63
6
82
192398
7374
369
198
220
791
55267
1723
26167
25
1396
2713
2892
12863
799
192398
318
1719
12609
82
9705
1179
71915
1754
198
220
3669
579
6507
16168
494
1141
66151
1510
83
93720
63
1892
279
23287
9023
2897
6871
2253
8
466
660
6761
1831
279
198
220
791
7559
80
22806
6136
13
561
3234
369
1381
46120
539
279
1510
284
525
385
63
4778
2294
344
6560
11
864
7247
198
220
279
592
19524
791
3667
339
13
198
12
348
760
1865
18041
557
279
13138
25098
242
13646
290
2972
14475
17743
506
279
1027
11255
6867
18169
332
4749
357
13138
198
220
3669
1362
1542
279
295
28
16
72115
36076
27718
30918
5434
14414
4343
1609
16
57205
31789
466
11817
5115
33341
198
220
27718
30918
5434
14414
4343
2559
50
63
1174
279
4299
264
2018
3669
11136
4937
37441
11
1141
28979
44543
310
279
198
220
6937
290
2407
1892
264
2086
32439
17498
13
561
32346
85510
20619
16384
13138
94497
75395
78361
198
220
506
4763
220
21
20
24
321
18089
421
1510
33
16
57205
28
15
34100
28
15
63
1801
13138
321
6452
22327
4763
12
1653
908
26
279
198
220
6992
4763
557
18085
2308
839
81480
11
524
264
7739
41403
6937
290
12283
5283
21531
13
271
4639
8869
369
874
4860
264
5598
1581
13
41108
1167
17
22
1801
279
11330
32524
55404
12
198
12239
25
440
799
5953
391
86725
26137
2100
321
2250
5953
391
86725
26137
24236
11
9722
198
3138
13984
12
74443
7383
52783
279
13263
9830
12
17
15
15
220
16
16
33686
47264
5010
506
220
20
15
321
220
17
17
20
9537
13
198
760
11319
12217
1581
6560
8677
1330
26137
66762
48570
303
443
28
20
26
279
417
16
12105
6560
8677
799
13
198
760
1581
8646
13205
417
28
16
321
417
9628
17
383
279
13553
6937
290
2407
364
1396
17120
11
321
198
10886
5115
369
1048
974
13
1510
17655
1402
730
2294
344
63
2124
3728
644
47164
417
28
16
94497
7428
50247
2612
9284
1172
198
8761
4687
13
1510
30918
5434
14414
4343
1609
16
57205
28
16
63
321
1510
30918
5434
14414
4343
2559
50
28
16
63
6922
11135
8097
1284
9715
18100
198
26422
1132
26
958
1070
1132
948
24490
34475
279
1622
4021
8457
264
13984
13
561
16384
198
15958
314
279
799
14371
1581
369
279
27043
314
279
13263
13138
3063
25
883
220
23
13
18
18
4
2715
24
321
220
20
13
16
24
4
198
80
17
22
16401
14934
506
272
28
16
383
279
220
23
17
6027
44
12864
26
272
29
16
369
74872
3525
430
264
6937
75959
310
799
13
271
48
16451
18
20
5084
78
36
50098
264
1970
11258
22806
31997
39846
430
8782
303
7739
13
11116
6575
4410
23825
198
14664
279
1788
23311
14371
8869
25460
47264
506
9463
10885
220
16
20
14
16
22
14
17
20
11
321
279
198
34601
417
28
16
2407
1801
279
9238
272
28
17
35776
799
5010
440
220
16
15
15
14
16
15
15
2400
28365
7154
13
271
760
1788
1558
523
369
1048
26554
494
2972
6702
4339
332
5144
43318
9944
43303
13
561
198
85
15
13
23
16
13
15
8981
8192
1581
18253
32603
12
17358
290
59056
39811
25903
364
1248
8981
198
23693
12389
26
303
279
19088
1167
18
20
9238
1723
19
2691
421
1752
3955
47264
506
3817
220
17
21
364
2107
8981
198
1768
287
13
10889
8593
286
321
799
4434
7478
417
28
17
9944
1402
730
2444
2107
8379
220
21
15
14
21
15
11
748
198
64381
2149
2408
5861
36
81347
8198
2420
321
27044
1167
17
22
50098
39811
81347
13
561
198
24797
36
11354
5817
25710
7629
2980
279
9944
1402
730
17587
14103
279
1865
7072
11249
3022
8240
198
18000
290
539
279
13092
6937
290
6596
1787
36076
27718
58426
2805
787
5565
12
17
15
17
21
15
23
16
17
14
57208
271
83445
4062
2805
787
36602
24358
33972
6297
66762
1118
33686
37972
13
357
2400
2195
14322
6297
198
21793
2582
23495
279
58740
4221
364
1141
1118
16401
11
748
449
15711
4062
4829
421
16401
198
14372
43697
63723
8981
829
7320
13
3095
449
20122
9463
15417
264
2849
12
198
435
15501
9167
1345
8981
829
7320
8198
11
279
27867
1048
5533
279
2716
198
63
30918
5434
10257
5483
71492
94188
34952
63
3136
430
264
71209
20204
13
2844
14908
264
524
11691
294
24927
5310
13329
198
27900
279
9830
70637
18169
1518
279
11525
628
3599
279
1727
8981
9944
1562
13
561
23873
198
1364
1238
279
4062
579
1118
3817
11
321
8981
14934
9163
50098
27044
39811
81347
13
198
88173
3618
16
443
28
20
25419
421
18169
25
1167
17
22
9238
1723
19
4062
31659
3860
369
280
20
15
220
16
23
13
19
24
22
593
280
24
20
220
16
24
13
23
17
15
9537
198
66425
279
5898
220
16
23
13
20
22
18
14
17
16
13
20
21
20
9537
33256
11
321
279
4101
41332
611
20725
8198
272
28
16
21
13
561
198
6418
5144
22258
35776
1990
7789
272
19
2468
220
16
19
19
13
17
19
20
18468
220
16
19
19
13
19
21
17
9341
2600
27718
12
15
13
16
20
15
4
63
1174
2107
198
44030
513
326
18536
3380
11
694
421
11960
8198
11135
4598
1056
1602
17440
3023
13
271
760
4954
369
888
2972
29567
93868
321
279
1581
1381
27245
279
3750
32439
63792
8869
430
198
8884
25
2107
1510
65
1054
410
16
63
321
1510
65
1054
9628
17
63
1542
279
13553
6937
290
2407
11
1345
11817
5115
33341
369
974
13
198
63
17655
1402
730
2294
344
63
2124
3728
7225
2612
12
1653
908
58740
364
417
28
16
18468
417
50247
383
421
1957
13
198
760
22806
36076
8198
9469
24358
303
7077
3728
321
628
381
3955
20335
440
198
63
30918
5434
14414
4343
1609
16
57205
28
16
63
1132
364
8097
1284
9715
18100
26
1141
13263
4129
11258
2715
24
198
35125
11361
19
5084
4100
21867
8198
303
1510
58426
14
12882
2267
2195
17
12
17
15
17
21
15
23
15
20
14
27653
1167
16451
18
20
5084
78
36
8198
26554
494
198
1719
22806
5817
1442
948
10897
11
430
7246
3294
13
1061
369
1048
264
8097
21531
11
524
264
198
10279
21074
25
279
6937
290
198
19586
9110
1846
84637
829
7320
8997
321
5904
17830
517
2294
344
469
2629
20971
998
295
41403
11
748
1172
198
27900
43318
829
7320
81347
264
5861
36
1622
579
1765
6009
6381
5324
440
1141
198
981
12
1082
17691
318
1719
7021
1167
16451
18
13
21
12
18
20
33
995
279
1788
21531
430
279
383
18687
6483
8418
198
23825
14469
424
1892
84811
402
12
18
20
33
220
21
14
16
21
11
710
802
220
22
14
16
21
11
2107
220
16
21
14
16
21
1238
279
4884
553
7650
198
63
30918
5434
67230
622
64133
8955
4805
6609
63
10964
829
7320
1472
16401
579
295
3309
15497
8997
4691
344
198
74
40923
26
264
2612
12
1653
908
6937
290
26510
1347
8698
1379
314
279
829
7320
2695
198
5628
30918
5434
67230
622
71492
7561
45663
16137
18
553
70419
82
25
1510
58426
14
19551
25798
531
9884
519
12
17
15
17
21
15
23
15
17
14
7561
198
63
58426
89161
13858
12
17
15
17
21
15
23
15
17
14
27653
271
332
2504
2641
369
18588
1354
62807
332
318
17
15
17
21
12
15
23
12
15
17
1590
2957
279
1118
15711
3669
20352
279
198
2448
579
791
55267
18588
1354
2695
11
4473
46217
1325
1845
60052
220
17
87
421
2695
1892
5752
198
1719
1622
348
9696
1159
9
303
279
1788
2496
5331
27384
45438
430
279
3669
25730
1994
4370
314
198
69
13868
440
264
6297
12
4589
496
1833
318
1719
272
28
16
21
220
23
16
24
17
12
3645
7652
3728
1172
18394
43157
2149
1159
11
198
59143
539
279
8418
17587
430
9402
9830
220
19
15
15
82
1892
1510
58426
89161
13858
12
17
15
17
21
15
23
15
17
14
82670
20668
57208
198
760
1118
3669
2590
35909
26
449
496
1833
440
874
4393
15243
369
1865
8390
321
198
41933
5787
52039
11
440
279
52965
1412
22513
13
271
13962
220
21
19
29029
21094
2022
318
36597
42983
1701
12
4053
11
220
17
15
17
21
12
15
23
12
15
21
8
1892
81787
11
524
18533
271
1597
1510
30918
5434
6592
33220
50
28
21
19
63
440
1350
6004
383
264
220
17
19
5213
3575
11
279
220
17
15
17
21
12
15
23
12
15
17
2695
1558
198
7744
11249
89064
279
3756
19899
321
2972
28068
799
314
220
21
19
22327
8209
332
440
264
22513
198
63
9239
1412
25
14157
1401
2929
30263
5246
11542
13826
29064
44646
318
15
14
21
19
1575
91600
11
830
18
8213
26
279
11525
198
275
701
25057
1892
424
557
2496
264
14255
466
264
21297
553
8771
9209
5787
11
2107
8097
25
271
12
2972
760
40834
55267
9197
13906
639
279
3756
2695
220
16
13
19
24
87
93868
321
264
16757
6570
198
220
3835
16
13
18
14944
33
9665
70534
11969
12
29531
39219
369
524
52351
310
3669
1698
506
660
11
198
220
748
874
791
55267
1901
2871
5081
1362
3311
424
13
60245
1381
9892
264
9766
198
220
1510
54587
6620
49
11302
10662
73477
63
318
16
13
20
14944
33
8
383
2972
9253
35473
470
3983
1132
332
1892
279
13983
1752
369
198
220
12689
335
806
321
5642
272
28
21
19
632
3651
290
13
198
12
2972
11678
3732
5743
81726
310
279
46120
3203
7087
11
28486
310
5404
1510
10279
63
93868
748
279
17587
198
220
1301
264
2400
3575
1345
21883
68716
7338
19954
13
561
17587
1381
15339
1510
10279
478
7087
62196
63
198
220
318
727
53290
220
18
21
11069
220
20
11
220
20
24
15243
4393
27723
553
198
12
2972
8046
22882
1833
25986
4370
314
12737
92217
264
1350
2923
421
496
1833
82
8552
24490
30456
82
198
220
1141
1622
321
311
12
73486
506
279
78736
27718
30918
5434
38641
2160
1833
2123
76129
7561
1581
220
18
8
1892
59056
11
198
220
321
1132
364
264
3669
421
682
45374
2972
39850
332
321
1132
383
264
22513
52965
496
1833
11
748
264
198
220
70755
8978
369
2496
33341
290
310
264
2849
13
38850
6829
264
311
25798
531
25
10213
37972
11
198
220
2496
264
55404
2222
13
271
2009
25
2972
21
19
14
21
19
1575
91600
11
830
18
11
15686
220
17
18
13
16
314
220
17
19
13
20
18295
159029
561
272
28
23
874
31103
10860
2444
369
198
53992
722
18922
17437
15
13
19
24
4
48336
9341
2600
11
6942
17420
4181
812
4216
553
1061
369
1381
264
348
70
639
9
198
3573
11
524
264
3591
25
1510
15449
14
12882
5304
655
2294
344
2318
63
8213
303
1510
15449
21579
60282
2318
63
321
430
279
198
38508
90939
63
4778
2294
344
6560
11
321
424
682
17299
1892
1510
312
647
744
63
8177
279
19874
310
220
16
21
12954
321
279
198
415
8217
303
27248
318
16
16
14
21
19
681
748
264
17587
12784
1132
11946
34577
4161
13
198
65183
82
25
1510
58426
42983
1701
12
4053
12
17
15
17
21
15
23
15
21
14
7561
1510
58426
2600
18913
84999
12
17
15
17
21
15
23
15
21
14
3635
35
14376
20668
27653
271
13962
5359
26785
25
3502
1510
2721
27896
63
271
2504
2641
11930
1754
3669
579
81726
34580
494
279
1622
579
1765
6608
13
1473
11135
198
63
2721
14705
63
369
62411
13
16643
799
11
264
33093
1622
5533
198
63
39242
27896
478
1866
27896
478
220
23
74927
1132
264
1622
421
2972
315
1159
1510
2721
27896
63
332
16563
1142
310
198
63
30918
5434
42763
27653
1510
30918
5434
42763
63
4924
61161
1472
1510
20804
476
16815
14705
63
318
17
15
17
21
12
15
24
12
16
15
1590
716
11
424
369
198
2994
20657
26
17462
11
424
369
279
28336
579
1765
13866
2193
11
2496
264
6570
26
15391
470
11
424
198
1062
4623
506
279
18169
421
15339
424
4598
1056
30303
10292
264
3136
279
28336
1503
524
198
17920
13
2332
1510
30918
5434
42763
28
18
17
22
21
23
7561
421
31686
28538
34580
44101
449
632
63471
2849
198
17812
2496
958
25
16384
2972
21
13
18
4
314
264
220
24
21
5213
3575
506
272
28
16
21
321
220
16
17
13
21
4
506
272
28
18
17
332
60013
383
279
198
24
33
1892
777
1056
18473
64913
64285
6829
506
279
1788
5893
13
9785
26931
7154
198
25041
5837
1510
2721
27896
31789
40115
3835
15
13948
2488
449
11135
1510
2721
27896
63
303
8418
40904
321
198
2877
16184
11
321
2426
279
1510
30918
5434
42763
63
31686
506
279
632
63471
43318
51797
198
70714
1056
279
6966
13
70419
25
1510
58426
2600
18913
84999
12
17
15
17
21
15
23
15
21
14
3635
35
14376
20668
63
318
48
16
553
271
13962
5952
2407
21482
25
220
16
24
17
20112
33
11
11135
11
440
264
4101
220
19
16
18
318
36597
36656
8561
68508
287
11
220
17
15
17
21
12
15
23
12
16
24
8
271
11179
42903
5832
22651
449
11135
1510
3549
5273
16040
63
314
2972
16
24
17
20112
33
93868
321
264
2407
888
424
198
18128
449
5097
15015
7278
1959
1510
19
16
18
63
4598
1056
264
12263
33582
35678
13
271
760
3798
369
11135
1521
3731
367
579
1581
369
2972
17
20112
33
93868
864
47733
58118
279
7099
411
198
3895
7447
4750
25
264
220
17
21
17
11
16
19
19
33686
9640
3106
430
1510
39242
7824
63
369
3835
17
13
23
20112
33
314
4566
383
1141
1765
11
748
198
1719
44218
2193
1362
524
381
1429
1472
279
44218
2002
13
561
21482
369
28328
494
198
1719
44218
238448
4598
1056
12405
4625
1892
9640
220
19
20112
33
478
1510
46083
6592
76684
63
318
23
8
23985
220
16
17
20112
33
198
1006
23985
220
19
14
18
2255
21
19
283
220
16
17
23
20112
33
478
220
17
6589
23985
220
16
17
20112
33
6891
45202
23985
220
19
14
18
283
220
18
17
20112
33
478
220
19
20112
33
33256
44192
198
1916
2871
283
264
220
16
21
23
20112
33
15808
11
17440
310
220
16
24
17
20112
33
364
1901
2871
1345
18839
33093
13
271
75102
3929
286
279
3421
440
264
12906
1220
4673
279
12906
579
1765
2407
3798
310
2353
11
466
198
1719
12906
8772
279
1865
21482
321
4523
1141
1765
1412
2081
4370
314
279
5165
579
220
19
16
18
13
271
25859
2407
21621
682
264
8387
59056
24490
17587
364
3349
64313
13
49170
198
4058
264
13866
2407
314
506
1379
220
16
20112
33
958
836
1765
220
18
17
84212
7087
11
748
264
6103
10806
7878
4021
198
1916
8404
8187
2424
18541
4566
6526
321
13468
523
628
1791
632
63471
6518
8806
13
561
198
2513
27864
20771
8211
506
220
24
15
6283
364
449
9496
28365
2407
321
11039
264
70062
4384
220
17
20112
33
2600
198
23429
7786
364
264
13866
2984
11
58118
506
220
16
23
15
6283
26
411
7878
6608
369
8387
494
198
1719
42903
1510
13745
20759
63
10896
13
1368
2892
7087
369
2400
11
279
1622
14107
4778
440
220
19
17
24
198
63
2513
9731
2641
73361
63
4598
1056
17628
449
632
63471
64901
6951
26
424
22651
1510
49823
12
5836
25
220
16
63
198
429
279
1510
43355
43095
61925
63
26510
13
357
7629
7087
5533
21979
470
220
20
15
18
1510
2513
9731
2641
4748
10028
27653
198
2324
829
9072
191107
1091
13657
279
3955
40874
579
1412
2407
321
1622
12527
6881
11
2583
198
1719
16092
42481
36066
85
16
69315
63
4954
13
271
550
561
4581
12
16
21
16401
11540
25165
271
760
6937
290
9063
1566
2458
15243
303
791
27327
25903
13
7650
2297
369
2972
16
21
383
3983
198
2777
1396
5344
23402
682
264
2612
9884
519
220
16
21
1402
730
9705
523
332
27718
17655
14116
68672
16
21
19212
43143
198
1719
292
16
21
6937
290
1395
25171
80
2902
1892
1167
23
62
15
77154
1132
1472
1141
88461
21561
63
17312
26510
681
2972
23
198
57913
190632
1510
30918
5434
2787
14436
71492
21206
63
25710
279
11135
18100
5817
13
18974
7520
198
23326
6676
680
1396
295
9628
16
21
469
2629
44
36125
48
6560
11
748
11540
12
16
21
2468
369
2612
12
1653
908
310
198
57901
639
16401
318
23825
17
2612
95700
506
7123
220
18
17
321
220
16
21
15
553
417
28
18
17
682
874
4581
9705
523
198
2218
11540
4687
25710
2564
16
21
13
1848
279
462
16
15
15
24303
1558
318
24
33
1167
23
62
15
11
17312
383
539
1581
8
279
198
47676
66171
9184
383
279
1727
10204
26
279
462
16
15
15
4947
3294
513
11540
12
23
49616
198
429
279
11540
12
16
21
24303
2376
369
14836
383
12262
311
56383
13
271
332
28432
33256
318
17
19
5213
188912
279
17312
6829
3835
2448
6948
18588
1354
11
748
272
28
18
17
15243
506
279
198
2186
1510
30918
5434
42763
28
23
16
24
17
63
12131
18588
1354
318
41778
2974
1510
77517
5246
11542
13826
29064
63
303
279
198
1666
24927
2641
2543
1269
54586
26
3835
17
22
15243
4786
1892
2394
279
18588
1354
62807
24490
3655
279
198
20189
46490
4370
314
1412
286
553
2488
1510
30918
5434
42763
63
310
279
51797
1892
220
17
15
19
23
54703
279
198
23310
2691
318
31000
18336
2124
791
279
7789
31076
553
271
550
39557
12
44564
318
4262
12
17
8
13092
271
2381
264
1558
421
17759
1132
3808
1330
7176
13
70419
82
25
198
80278
58426
84139
17
1402
730
12
17
15
17
21
15
23
15
21
14
81779
1202
58426
84139
17
1402
730
12
17
15
17
21
15
23
15
21
49097
318
13646
290
16401
681
198
80278
58426
84139
17
55856
12
17
15
17
21
15
23
15
21
14
81779
1202
58426
84139
17
55856
12
17
15
17
21
15
23
15
21
49097
318
1719
1350
34271
681
198
80278
58426
84139
17
68351
5830
12
17
15
17
21
15
23
15
21
14
81779
1202
58426
84139
17
68351
5830
12
17
15
17
21
15
23
15
21
49097
318
1719
3564
1723
8985
198
25264
553
49795
364
660
2250
25
220
17
87
220497
5140
220
21
15
15
15
5068
8884
8162
13666
220
24
21
18295
11
1471
62
16
17
15
64
11
52965
198
16
18
13
17
11
8982
1730
3618
1892
2972
7725
290
93868
524
12567
13
21962
5604
25
498
31663
20668
9251
31663
20668
8
1510
30918
5434
41832
44272
27653
271
760
13092
2124
11
20537
722
25
271
71093
44675
198
30918
5434
41832
2323
10912
28
17
23703
5434
41832
81520
28
15
11
16
1088
198
30918
5434
8154
7041
420
15679
22562
2267
31358
24092
75021
1644
1
1770
926
25459
198
71093
271
760
1622
56059
290
710
4687
47493
1510
42
28
15
63
539
1581
383
411
542
20318
28873
12
17
5893
26
198
2083
11135
1510
30918
5434
14414
4343
35232
28
15
63
369
2483
13
561
3421
17872
198
63
58
587
60
5144
63393
7318
25
6228
15
28
3464
15
6228
16
28
3464
16
63
948
279
6507
369
3756
1892
264
2124
421
198
33652
4258
1467
524
6507
369
279
7652
3728
421
22598
6513
310
5728
680
13
271
332
56009
2022
25
279
6507
11039
6942
36320
159029
1510
17655
1402
730
2294
344
1137
8255
11484
63
7189
264
198
15812
440
279
5817
17086
888
279
1788
6452
13914
11
5610
912
279
1788
3817
8240
198
19139
279
6507
11
321
41054
1396
281
18
17
1433
275
314
1396
2713
314
1396
2923
2612
539
2612
13
198
332
15
58333
9192
332
383
660
7840
40904
1892
1510
3464
15
16
7561
1510
3464
16
15
63
318
265
42326
20791
681
198
63
14892
3464
63
318
323
308
1132
11
799
3575
681
1510
6744
20
63
318
2792
1002
3799
681
443
28
19
27718
45397
220
15
11
15
11
16
11
16
63
681
2715
17
22
318
21
19
198
42728
681
321
1510
8877
63
318
33
28
16
17
14
16
21
1172
279
1510
30918
5434
2787
14436
71492
21206
28
16
21
63
5817
553
561
417
28
16
4778
1752
198
284
1141
1765
17587
6560
318
2109
220
19
8
2272
279
22806
6507
11
2394
424
22651
279
11330
295
28
16
35302
198
11361
12558
5972
279
6937
290
2407
539
2790
25
2972
18
11
24
22
18
11
16
17
15
281
18
17
58740
2612
12
1653
908
11
220
15
58333
198
11185
93868
3808
279
1788
4590
40904
13
271
332
14508
25
279
18169
8059
1503
524
22014
506
295
29
16
159029
2715
24
11
220
21
19
7123
11
220
20
16
17
33686
49219
11
198
15069
9037
11
443
28
20
1996
63368
91689
4005
303
799
5128
3222
383
799
7620
318
4260
581
26
5144
22258
198
52865
1000
381
8598
18081
2017
8060
1590
271
91
6560
735
417
28
16
735
417
28
19
735
417
28
23
735
198
91
4277
91
4277
91
4277
91
4277
91
198
91
5817
9035
11
3074
3545
735
220
17
15
23
13
19
735
220
19
23
24
13
18
735
220
21
20
19
13
15
735
198
91
6507
3371
15
16
73879
1719
13092
2124
40557
735
2972
17
15
19
13
22
332
735
220
19
23
22
13
15
735
220
21
19
21
13
24
735
198
91
11013
735
220
15
13
24
23
17
87
735
2972
15
13
24
24
20
87
332
735
2972
15
13
24
23
24
87
332
735
271
4272
6937
290
28873
12
17
6829
2972
15
13
20
4006
16
13
20
188460
506
417
28
19
14
23
14
16
21
11
321
314
421
11
7318
369
220
15
13
24
23
21
4006
15
13
24
24
22
87
314
279
198
323
308
1892
4409
660
314
279
2526
4557
369
279
25552
11
524
87567
13
11396
20791
9861
7268
2785
198
15
13
18
13948
55018
26079
79476
279
6507
25
417
28
23
23716
220
18
13
21
20
87
417
28
16
579
22468
13
271
760
417
28
16
2713
369
264
13263
11135
71164
31997
18100
5621
9976
25
8306
279
11484
5817
12830
11878
1396
13138
198
5736
974
279
295
28
16
35302
8516
318
1719
1510
65
16
34558
63
7374
5064
1510
587
648
5936
973
284
30451
52434
681
264
198
94064
2972
32160
16
19
13
24
188460
3615
383
6681
279
1622
5893
449
20122
220
17
19842
3618
16545
13
19536
198
1634
6866
279
6507
1141
1765
417
28
16
1752
1892
1754
6228
8213
1141
6000
2020
1472
198
63
17655
25257
2135
1361
27653
1510
30918
5434
14414
4343
1609
16
57205
28
16
63
1381
11837
1083
421
8097
1284
9715
1752
26
279
1581
198
34601
1957
369
279
13263
2444
421
16384
220
16
22
22
318
15
13
23
20
16
87
553
561
28873
22806
17587
8198
198
951
9307
279
3278
3309
11
524
310
6762
279
13092
1581
13
271
332
4262
12
17
63520
4687
159029
10636
21473
13092
888
28873
12
17
369
348
19321
9
1892
279
9845
36076
198
75307
1141
1765
6228
6507
321
279
2612
12
16417
11269
369
220
22
14
22
12719
51762
13
561
2235
32907
198
4920
956
557
279
11484
45
9637
54577
362
13772
26
653
23
22
8097
424
440
6228
14708
71424
66814
321
7629
198
1719
32616
18023
20791
506
272
28
17
14
19
14
23
13
561
2843
343
15
13
22
17
1901
67785
13101
4884
1801
2107
198
15627
9861
279
1788
220
16
16
16
12
16
16
17
9341
2600
1350
523
13
271
31995
2022
1503
524
1236
424
279
61610
13239
13
2715
24
1350
6004
17011
1686
10633
198
16
16
17
13
20
14
17
17
18
13
18
11
220
16
16
17
13
18
14
18
19
15
13
18
11
321
220
16
16
17
13
16
14
20
24
18
13
19
9341
2600
506
272
28
16
14
17
14
19
13
1848
279
1428
6937
290
2923
18
20
198
2084
279
11811
7515
513
220
18
20
13
24
14
23
20
13
22
11
220
18
21
13
17
14
16
15
16
13
21
11
321
220
18
21
13
22
14
16
17
16
13
22
318
45
28
18
553
561
198
15627
62807
1581
369
8646
1510
30918
5434
35232
78322
25007
28
15
7561
198
63
30918
5434
35232
78322
30582
28
16
43143
874
28873
12
17
1622
27891
279
5953
1350
6951
11
321
13983
7154
198
2887
524
2216
279
1350
14934
24490
19874
13
1510
30918
5434
35232
78322
28
15
63
84728
2590
55856
364
198
32447
321
279
653
23
22
9626
17587
26
11135
39167
22629
16276
2663
6922
18100
34282
13
198
65183
82
25
1510
58426
84139
17
9253
46004
956
12
17
15
17
21
15
23
15
22
14
7561
1510
58426
5285
15
22
17
68508
17
12
17
15
17
21
15
23
15
23
14
7561
198
63
58426
43874
1940
12
17
15
17
21
15
23
15
23
14
27653
271
332
3710
39277
11
33931
159029
561
2943
16401
12351
421
599
874
6228
6507
198
5628
17655
11607
14116
63
6
82
632
6744
2407
11
1510
17655
11607
53974
7561
279
4618
11969
39834
18814
11
321
198
63
17655
11607
516
9
63
1350
9845
8
2972
17854
7629
332
1172
449
1724
11484
5817
440
264
542
20318
198
27900
63393
20791
11
4661
799
5904
7374
27718
587
476
1062
784
4748
6744
10796
35221
57208
2302
998
198
1856
4808
11
781
998
264
20413
21113
41586
440
264
5983
11269
25
449
632
6744
36076
13984
27864
82
198
28068
8434
6228
579
13914
1396
2923
11
16384
2972
22
13
19
5972
220
17
15
23
13
24
9341
2600
506
417
28
16
318
17
23
87
31230
321
198
332
19
22
13
19
5972
220
21
20
22
13
15
506
417
28
23
318
16
18
13
24
87
215495
71946
2022
557
2496
11164
318
16049
15339
460
18922
198
9363
681
864
369
6681
3069
264
41728
4598
1056
264
9663
557
279
1245
1562
13
198
63
30918
5434
41832
42852
32293
49858
71492
28
16
63
311
24927
43220
1070
430
264
18100
5817
1132
26
198
63
30918
5434
41832
6620
7142
28
15
63
369
279
2397
32848
23591
12092
318
12942
660
2046
1892
2400
4478
11
47293
1159
279
198
36151
28873
12
17
6513
364
553
271
13962
54713
28873
12
18
14
4262
12
19
11717
6735
271
760
28873
10923
7318
2582
7247
4434
6000
20629
11
836
13914
11
321
836
81726
1528
383
198
9264
6228
13
1510
30918
5434
41832
2675
9213
28
16
63
11039
279
7167
220
18
4006
19
3575
13092
9412
25
279
11525
7346
685
310
198
588
4581
9069
1622
11717
791
6228
11
321
279
4560
28926
7515
539
23285
1906
1345
198
588
3357
11525
23495
1754
6228
13
57491
7752
81354
958
279
1788
5893
13
6983
18169
50098
198
19186
11135
19528
11
748
264
9167
4021
381
66420
2980
279
49625
1510
12288
63
682
12076
421
198
29408
579
1301
71881
1484
13
271
760
5817
7225
220
18
466
220
19
12103
52965
5824
22953
11
9575
387
17
47
11
279
19072
1923
84212
4687
11
198
1652
19860
14855
21610
5346
5598
3955
14663
11
321
264
14554
6937
290
16401
17591
13
198
9020
32566
321
11173
7370
24272
13
3495
63393
24490
9892
6228
38729
2193
321
198
12311
290
8097
51088
11
1179
6859
1132
7167
8390
303
279
1817
70825
2965
14934
198
62980
15250
318
15693
279
8699
14392
32603
25798
531
1496
52140
553
20627
27044
87990
12
8046
198
19551
9944
682
874
5144
63393
28873
6507
321
369
69764
1472
3714
11717
6735
47770
13
357
198
15618
93183
11717
259
1584
82
1396
11164
6297
321
279
11525
10999
82
1782
15243
4370
314
198
43355
286
466
12551
6907
1528
13
36066
41836
76319
58036
63
56320
5497
14934
28979
11
7515
11
321
1865
198
3662
2543
35589
26370
13
1510
30918
5434
41832
2675
9213
28
15
63
4523
310
279
5953
28873
10923
4088
13
271
1919
369
11205
13343
11
524
264
14554
1558
7099
13
12851
26477
424
4732
264
198
58426
1817
11
1542
279
28873
10923
17587
5979
303
498
15968
9251
9737
1658
20668
2
25429
2294
5409
12
587
5111
9884
519
2022
2294
942
312
5917
10020
10288
92361
19842
12262
8
198
263
279
4581
220
18
14
19
19842
220497
5140
220
21
15
15
15
3357
321
13657
47241
13092
42529
11457
54586
13
271
13962
343
15
13
22
18
28873
12
17
829
7320
5436
321
14392
8818
21867
271
19041
829
7320
23038
29346
383
279
1428
14392
1752
11
694
836
4906
7929
4565
198
323
65319
25
271
91
16456
735
18447
7465
735
58377
593
6676
735
16384
21867
735
198
91
4277
91
4277
91
4277
91
4277
91
198
91
28873
12
17
9944
14855
735
23194
25903
26370
6228
220
15
314
443
10
16
440
6228
220
16
314
443
1472
32907
6228
27760
3357
91368
735
1510
30918
5434
10257
5483
49845
28
15
63
13205
279
1788
22005
321
8213
279
5953
6507
26
1510
30918
5434
10257
5483
41832
28
15
63
369
279
632
6744
5604
735
220
18
18
15
13
15
593
220
19
15
16
13
23
593
220
19
16
22
13
21
9341
2600
506
11484
20
16
17
14
17
15
19
23
14
19
15
24
21
11
443
28
20
91689
4005
383
3618
17
735
198
91
8476
3129
7752
81354
735
18447
28873
12
17
3129
16547
13205
279
8097
11540
1698
11
2716
704
4990
11
321
13632
15049
279
22985
9495
735
1510
30918
5434
10257
5483
68126
83233
17572
3179
74927
449
11135
1510
30918
5434
10257
5483
68126
63
369
62411
321
8097
735
220
18
19
18
13
23
593
220
19
16
16
13
23
593
220
19
17
22
13
22
9341
2600
11
443
28
20
91689
4005
383
3618
16
26
478
16
13
19
4
593
478
15
13
18
4
593
9766
18468
8097
735
198
91
14392
18
20
7478
25798
531
6937
735
55606
4434
7478
49219
6937
4528
37441
286
944
506
1510
76
66486
4004
44646
1345
6326
11
81726
1528
11
321
28873
48470
14834
6922
791
1622
735
1510
30918
5434
38641
18
20
10257
5483
71492
28
15
74927
11354
3336
812
2759
2077
51790
1990
958
279
3074
25798
531
31686
735
478
17
13
20
4
506
417
28
17
321
478
17
13
18
4
506
417
28
19
364
345
28
20
17
15
11
443
28
20
33283
383
3618
17
26
3421
272
28
17
2805
28
19
4763
9284
81787
735
271
2324
2250
1440
1510
22524
15464
7561
1510
5917
35260
7561
1510
5917
55856
63
710
28
16
486
23
11
279
14392
11540
5350
839
57735
198
18411
11
321
324
12415
628
5262
13
70419
82
25
198
80278
58426
14
13372
31271
12
17
15
17
21
15
23
15
23
14
81779
1202
58426
14
13372
31271
12
17
15
17
21
15
23
15
23
14
681
198
80278
58426
3082
2666
25148
12
17
15
17
21
15
23
15
23
14
81779
1202
58426
3082
2666
25148
12
17
15
17
21
15
23
15
23
14
681
321
198
80278
58426
14
31271
13646
12
17
15
17
21
15
23
15
23
14
81779
1202
58426
14
31271
13646
12
17
15
17
21
15
23
15
23
14
553
271
43
1986
351
369
33931
524
264
18447
1581
13
1510
30918
5434
17550
36
19517
1425
28
16
63
6486
279
47224
14392
6505
198
1159
38710
6009
1752
318
19
24
22
13
20
593
220
21
18
24
13
17
593
220
21
24
22
13
21
9341
2600
506
279
2250
9640
6632
11
443
28
20
681
694
279
198
2359
220
20
15
24
15
10741
2691
383
18394
710
802
5384
220
22
20
13
18
15699
279
1581
11925
558
17587
8646
13205
424
198
2818
3309
13
561
14392
8818
2124
7062
424
20335
13
357
12924
7478
20122
1622
1048
9435
704
198
1159
15484
829
7320
1562
310
506
1379
220
23
16
24
17
10885
7014
1510
30918
5434
64133
8955
55343
63
369
20335
716
26
198
559
6747
279
220
16
15
17
19
33686
57735
3615
1973
9722
32907
55267
49034
13
271
1597
279
11135
14392
8818
2124
11
279
8418
7099
16384
220
15
13
20
24
20
274
2716
31659
3860
11
220
21
13
15
20
17
274
220
19
74
198
14472
3860
11
220
16
17
13
17
9537
220
19
74
6297
66762
31659
3860
11
321
220
18
21
13
20
9341
2600
791
4129
506
272
28
19
13
11116
13263
1510
93
18
19
18
12954
63
198
3949
369
264
14392
27327
220
19
74
3010
11
524
264
60876
21867
364
1167
17
22
466
1167
18
20
26
421
8818
20335
716
198
63
30918
5434
17965
28185
73732
28
17
15
19
23
27653
2985
874
2723
11
1770
926
1381
40016
1330
2400
12
63
30918
5434
42763
63
10379
314
198
1719
7526
6452
1558
494
36076
81726
81194
921
16547
318
76289
380
4100
14
5666
45
1901
9714
8
321
198
549
14226
421
1622
310
1675
47366
5404
12217
18588
1354
26401
279
220
16
13
20
14944
33
13092
36802
1128
19874
13
1473
198
90406
1510
30918
5434
17965
28185
73732
63
8198
62411
321
632
549
31136
13
12937
55606
198
61501
64913
220
19
74
47770
2843
16384
220
20
23
15
13
20
9341
2600
22468
18468
198
21
22
19
9341
2600
364
279
799
56905
13138
523
25
279
6505
369
12204
1284
33226
11
748
874
32907
2195
1062
473
198
60991
25286
13
23837
411
51797
440
2361
6505
466
264
491
12204
16456
11
524
264
3591
198
8761
6951
286
628
11394
264
220
18
42
9341
2600
2100
13
70419
82
25
198
80278
58426
14
12882
61758
12
17
15
17
21
15
23
15
23
14
81779
1202
58426
14
12882
61758
12
17
15
17
21
15
23
15
23
49097
321
198
80278
58426
30211
4520
1062
473
12
17
15
17
21
15
23
15
23
14
81779
1202
58426
30211
4520
1062
473
12
17
15
17
21
15
23
15
23
14
553
271
26117
8978
66762
70095
809
1238
1534
18041
6381
321
3578
14
4100
75907
14519
4129
9463
11
1518
18539
16111
26
975
13030
13657
836
70095
11
321
15816
829
37116
311
46944
1132
16515
10379
1518
23014
13
271
56009
1167
17
22
43765
18
20
4202
11930
2445
494
1510
11510
11198
12164
63
87470
303
198
80278
58426
2805
13834
537
12
17
15
17
21
15
23
16
18
14
81779
1202
58426
2805
13834
537
12
17
15
17
21
15
23
16
18
14
1590
271
91
1558
735
8978
10885
735
3545
5639
735
3545
20112
33
735
198
91
4277
91
4277
25
91
4277
25
91
4277
25
91
198
91
1167
17
22
735
220
19
11
15
24
21
735
220
17
22
23
11
20
17
23
11
15
15
15
735
220
17
21
20
13
21
17
20
735
198
91
1167
17
22
735
220
19
11
23
21
15
735
220
18
15
16
11
17
16
20
11
22
19
19
735
220
17
23
22
13
17
21
16
22
735
198
91
1167
17
22
735
220
23
11
16
24
17
735
220
19
15
15
11
16
21
17
11
23
16
21
735
220
18
23
16
13
21
17
20
735
198
91
1167
18
20
735
220
19
11
15
24
21
735
220
16
15
18
11
23
22
19
11
20
21
15
735
220
24
24
13
15
21
17
20
735
198
91
1167
18
20
735
220
19
11
23
21
15
735
220
16
16
15
11
24
21
19
11
19
23
15
735
220
16
15
20
13
23
17
19
15
735
198
91
1167
18
20
735
220
23
11
16
24
17
735
220
16
19
16
11
23
23
20
11
19
19
15
735
220
16
18
20
13
18
16
17
20
735
271
17910
36066
41836
63
56320
14884
5893
41728
430
1510
11510
11198
32692
2978
66536
63
321
12955
198
24037
12
1567
7035
430
1510
11510
11198
32692
2978
605
19936
74927
279
1118
41728
369
1048
264
16850
3421
9663
13
271
550
5097
15015
7141
7099
318
12882
43166
20619
11
220
17
15
17
21
12
15
23
12
15
17
8
271
63
2852
593
85
16
52562
537
63
321
36066
85
16
3336
294
1620
537
63
3300
13540
14934
9640
60876
321
3817
24865
26
279
6397
1304
12863
6040
579
3683
46320
286
1752
11406
54649
9251
6862
6027
1457
37
50331
20668
2
85
16
5658
537
9485
8015
16
18702
1620
537
33686
21181
15603
4430
271
3214
24865
11
79824
9640
20260
11
321
42903
4191
279
11525
579
6452
198
82637
5978
13
4081
59739
17171
11525
8767
38667
26
24101
44424
466
198
4075
3425
4829
2376
1132
1238
264
2400
3421
48409
16526
13
271
332
759
37353
6027
1457
19156
16622
318
17
15
17
21
12
15
23
12
16
22
185038
6983
1558
411
4560
16545
310
198
38822
20541
279
1788
2400
7099
11
3408
2586
25
279
2250
8794
19251
198
30769
85
16
68914
24297
10502
880
7561
36066
85
16
31355
21945
7561
36066
85
16
69315
31789
321
279
7141
7099
198
51390
13
357
6040
3683
440
874
7141
8602
3520
264
1558
6040
14934
1892
421
369
264
198
22637
86795
11
524
264
7021
1528
25
279
7141
8602
369
919
314
791
27327
1761
198
17117
626
2835
9966
1954
321
42634
1011
681
5617
2272
279
1558
579
3813
3683
198
429
11330
1132
539
264
1865
904
4117
12
61801
4625
9885
558
383
279
13092
7099
13
561
198
70
32675
12
19
6830
26380
1973
799
321
18018
220
19
15
15
310
1396
32561
325
10968
4120
768
5927
198
1967
3376
9398
3683
682
874
7141
8602
871
1892
421
523
314
12558
1381
9714
264
198
2448
494
1602
7002
430
9919
13
271
63
14
85
16
68914
24297
10502
880
63
25503
1510
15449
7561
1510
13766
30885
63
27718
1
3771
38593
91
63
1
6487
38593
26
51515
6081
38593
321
198
29259
32631
7346
220
19
15
15
1892
279
30394
4560
4290
914
50371
310
5224
6381
3482
681
198
74455
59301
1510
13766
44116
7561
198
63
5599
2879
13766
38593
1067
10263
11
321
1510
19290
286
50199
366
63
14
63
19290
286
27653
561
1752
369
2972
4075
478
198
79
27664
1132
1892
6942
4560
4203
92217
271
12
13086
59716
3041
1083
1754
1558
579
1765
7141
8602
13
1167
16451
18
13
20
14
18
13
21
5533
1141
12485
2581
198
220
1510
248058
63
14
63
27
1628
28
1873
42181
11176
26
61117
18
5533
279
46120
11268
3683
579
8229
3179
198
220
29587
13766
44116
25
42932
42181
593
29587
832
2997
25
42932
42181
593
29587
13766
78489
25
42932
42181
11176
11
198
220
2583
1141
874
5673
741
14
9997
56183
31626
4108
13
11396
513
52783
4763
14751
52141
494
279
198
220
10839
20100
3683
13
26012
6483
3683
682
874
7021
7141
8602
318
20139
18184
1667
19
198
220
321
12104
12485
2581
8
7602
1510
15449
63
440
264
220
19
15
15
506
24490
13
198
12
458
5310
1558
15141
5224
56905
9714
513
15215
494
279
7658
4129
1083
5097
15015
7278
1959
198
220
1510
13766
44116
63
318
3892
286
87470
478
2397
37441
1510
1927
20615
44116
7561
69892
13746
11
198
220
1510
29166
36962
2879
13766
44116
38593
1174
5515
2663
80158
791
279
13866
4566
76939
4346
13
198
220
2972
28633
9853
4687
64700
264
2424
421
1503
524
4563
369
55619
2652
52907
430
2144
1892
2496
198
220
449
1412
11
2496
11878
5639
26
20848
49477
9714
17657
6891
506
809
314
9191
13
198
12
2972
63
19290
286
50199
366
63
1892
799
7099
11
791
12
1077
9575
7047
2444
332
318
7862
32740
198
220
220
17
15
17
21
12
15
23
12
15
22
25
1396
7021
1558
369
264
7047
1558
553
561
31626
35473
470
27327
198
220
20624
25
1510
9997
91
25252
91
11553
63
283
7047
6004
11
440
279
6725
2119
5642
310
19304
198
220
421
23304
799
26
1510
6487
57569
2768
63
283
7047
17086
26
2972
3325
305
283
279
1558
579
1765
1581
332
198
220
318
35288
49724
26
874
20413
7465
2222
364
6149
69112
553
561
6725
5684
198
220
513
791
43318
3817
56039
293
10003
11
4045
264
76458
4131
34580
25
16384
383
279
198
220
2119
67378
2923
18
22
3683
27718
58426
14
9239
18
22
5331
1443
286
50606
366
12
17
15
17
21
15
23
17
24
14
82670
20668
7561
198
220
2691
16
17
11
307
28
23
20100
13279
47241
791
2119
681
1396
2119
369
37008
321
10926
198
220
8104
943
11
694
31626
7739
369
524
74574
588
303
279
2119
27718
11553
63
25286
3559
1510
25252
63
198
220
383
2107
2397
9885
25806
49219
8
321
279
26334
18552
1581
369
279
3276
36
1679
759
6560
539
264
6669
198
220
4592
11
748
33791
866
2119
18370
1674
279
1558
8410
310
11293
4161
13
3855
264
198
220
2119
310
8070
16253
31626
10885
26
635
524
10896
466
1660
777
7739
494
264
4918
198
220
799
13
1510
19290
286
25
313
15401
11
4879
5368
318
4841
9242
1304
8
13640
279
1788
198
220
1560
26
51891
15401
25
867
5368
369
279
11135
974
11
51891
15401
25
804
5368
7047
383
506
279
198
220
3683
1581
13
1510
87
11553
42305
91
355
2103
63
513
11330
430
40523
39049
364
1510
11553
63
198
220
318
7700
1581
24334
7982
3502
1070
25
19712
325
1510
87
11553
63
383
36066
85
16
31355
21945
7561
71802
5927
198
220
1510
87
11553
63
383
36066
85
16
69315
57208
5586
975
869
220
19
15
15
82
13
2972
760
41042
716
1892
198
220
1510
6487
57569
2768
91
9997
91
25252
91
11553
63
5346
279
2250
40523
39049
1892
369
23287
1898
198
220
27718
75275
50199
366
63
14
63
6199
5673
741
31789
5904
539
660
2250
1622
40874
82
332
318
9398
198
220
1510
19290
286
50199
366
63
14
63
19290
286
7561
36066
85
16
31355
21945
63
1510
19290
286
1673
529
366
7561
36066
85
16
69315
63
198
220
1510
2911
5164
1673
529
366
63
1590
1788
24693
11
1788
35678
11
1788
49625
2376
383
198
220
1396
7099
318
10835
653
18
16
553
1473
11135
2623
3289
27718
19290
286
21454
7561
16092
42481
198
220
1510
79420
4697
31789
14387
279
383
49096
5307
888
279
3289
449
4879
2119
23197
26
279
198
220
4879
869
369
1990
31265
321
1990
16229
279
2119
364
2119
67378
198
220
19304
13
54184
87996
27735
314
279
1898
3559
25
383
7620
45620
19304
198
220
318
80
16451
523
11
18184
1667
19
8
1510
9997
91
25252
91
11553
63
3041
70282
15114
49219
1892
279
2119
56593
369
198
220
8173
1132
383
2119
67378
19304
318
9239
18
20
11
6077
18
681
748
39972
424
17384
198
220
4203
4161
13
3495
27327
12366
318
33392
704
21685
494
198
220
1754
24470
26380
3683
25
1510
58426
14
9239
1284
11788
12
17
15
17
21
15
23
15
22
80330
95530
2294
787
704
6971
63
1590
271
220
735
1558
523
735
9575
16456
735
26334
318
2186
8
735
6643
42705
2768
735
3238
735
10728
735
1496
735
198
220
735
4277
91
4277
91
4277
91
4277
91
4277
91
4277
91
4277
91
198
220
735
1167
16451
18
13
20
14
18
13
21
11
84811
402
11
20086
9833
11
710
802
318
80
16451
12485
2581
523
8
735
1510
12192
5673
15275
63
3289
735
7047
2972
691
332
318
2428
1510
248068
1639
7561
279
3683
1581
8
735
7629
1510
248068
1639
1639
248069
1639
1639
63
735
1724
1510
248068
63
735
1724
1510
248068
63
735
1724
1510
248068
63
735
198
220
735
30125
1667
12
19
2902
318
16
17
33
14
17
21
33
14
18
16
33
24828
19
33
8
735
1510
12192
5673
15275
7561
3683
1581
2972
3721
332
735
7047
2972
26200
332
318
32958
29587
59
91
9819
29
58523
1639
27
9819
59
91
29
31789
735
7629
5323
735
29587
59
91
26003
59
91
42181
1785
3817
478
1724
2404
735
1788
735
1788
735
198
220
735
9812
18
735
3683
579
1765
1510
19290
286
50199
366
18173
1510
2083
5673
741
59
91
9997
59
91
11553
63
735
1510
2083
5673
741
63
318
1159
492
40049
1581
8
735
1510
2083
5673
741
63
735
1510
9997
7561
1724
29587
26003
25
42932
42181
735
1510
9997
63
318
82501
1892
874
10728
2119
8
735
1510
11553
7561
1724
1683
735
198
220
735
14392
12
18
13
22
12
23129
27718
9239
18
20
31789
735
1510
24342
286
25
313
3187
5368
886
303
279
1785
2404
26
1510
248068
63
9495
2972
354
43854
332
735
874
1510
24342
286
18173
1500
318
4075
1581
8
735
1510
24342
286
25
3238
63
318
82501
1892
874
974
2119
8
735
1510
24342
286
25
3238
63
735
1510
24342
286
25
10728
63
735
1510
24342
286
25
1496
63
735
198
220
735
5413
44
12
20
13
18
12
23129
27718
40819
20
10930
31789
735
29587
59
91
8678
59
91
29
24342
286
29039
366
25
313
23428
59
91
11635
59
91
5786
5368
1500
11
65139
21685
26
1510
248068
63
9495
2972
354
43854
93868
874
974
3289
12025
303
279
3683
735
1510
24342
286
29039
366
25
7252
63
318
1719
3683
579
1765
1510
1449
63
6560
8
735
2972
19
15
15
92217
279
3683
4021
3160
1141
1683
9495
27718
80
16451
5673
741
976
729
26003
26755
31789
735
1510
24342
286
29039
366
25
11698
63
735
1510
24342
286
29039
366
25
4962
63
318
17114
11641
25
874
10728
192398
11
1510
11553
63
369
279
5956
192398
26
6171
16894
220
17
15
17
21
12
15
24
12
15
17
11
4125
653
22
20
8
735
1510
24342
286
29039
366
25
4962
63
735
271
220
5413
44
12
20
13
18
12
23129
369
279
2018
1558
318
10378
5365
24894
8015
19
220
15
22
18
16
8
6483
3683
18402
19902
264
198
220
192398
2972
46819
332
1510
11553
43143
1510
87
11553
63
14
63
2721
63
14
63
355
2103
63
41042
537
310
1510
2721
63
1017
4370
314
1145
29465
198
220
1083
1510
11553
7561
748
1510
24342
286
29039
366
25
7252
63
1892
279
1558
579
1765
1581
1892
25710
65975
539
803
13
198
220
1510
25252
63
369
279
799
192398
424
1503
524
6762
26
424
13640
310
1510
11553
7561
279
5956
2466
8366
279
198
220
5956
192398
318
1719
220
17
15
17
21
12
15
24
12
15
17
16894
49948
28958
449
6575
40523
14445
310
1510
9997
57208
561
2253
421
198
220
16894
13205
25
264
1146
42613
2466
2496
16563
1472
279
3683
579
1510
1449
63
6560
310
1510
5786
7561
1521
198
220
34579
328
19290
2599
1
440
279
1558
579
48819
6047
369
279
2496
44095
6377
29618
1085
2253
1301
198
220
27484
13
271
220
9116
8796
5372
1132
19304
421
23304
799
318
44550
7019
1510
6243
366
36569
63
21059
11
198
220
87413
383
279
492
40049
579
1765
1510
19290
286
50199
366
369
4364
63
1879
1228
1892
804
364
2923
18
20
11
9812
18
198
220
321
5413
44
12
20
13
18
12
23129
11
5346
279
1510
80
16451
50199
366
63
321
1510
40819
20
63
40874
60404
1174
198
220
7620
45620
19304
513
15749
539
279
383
49096
4139
7249
11
748
49219
383
3983
198
220
421
2496
1301
264
2119
4021
381
17671
71698
539
424
13
51154
4516
4587
54586
25
198
220
1510
58426
14
9239
1284
11788
12
17
15
17
21
15
23
15
22
73313
14
6243
366
4516
4587
12
19315
813
63
318
9239
18
20
681
198
220
1510
58426
14
9239
1284
11788
12
17
15
17
21
15
23
15
22
73313
19816
741
4516
4587
12
19315
813
63
318
80
16451
478
18184
1667
19
11378
553
198
12
2972
63
12192
5673
15275
63
593
1510
9398
8428
35037
63
1892
279
343
3950
44
41019
314
279
1788
3289
332
198
220
318
36597
10442
1443
286
4317
12
17
15
17
21
15
23
17
18
553
561
343
3950
44
33582
24191
10263
7047
974
440
198
220
1844
11258
1510
12192
5673
15275
25
867
63
466
1510
9398
8428
35037
25
5046
12192
5673
15275
763
867
27427
198
220
321
2980
411
20619
82537
998
909
65298
3023
25
1510
15213
32088
26356
63
22651
874
198
220
1510
86869
55581
11787
7561
748
279
1622
557
11330
440
220
17
15
15
321
9919
440
31626
6004
13
198
220
2302
513
1381
1118
14371
39049
314
1510
19290
286
21454
7561
440
18922
51274
321
279
198
220
18922
21685
9640
27718
19290
286
50199
366
2879
6487
1
7561
1510
19290
286
12187
15401
21425
27427
198
220
1510
12192
5673
15275
21425
63
321
1510
9398
8428
35037
27758
5673
15275
21425
63
660
3041
198
220
4763
12
1653
2586
553
14095
5426
2426
279
7099
10429
25
198
220
471
2972
11179
975
1510
9398
8428
35037
63
1328
369
264
220
19
15
15
33791
279
1328
159029
1061
3421
42812
198
262
19304
303
32671
4598
1056
29234
492
40049
11
748
264
28562
832
424
1503
524
4072
4203
198
262
4161
883
279
9640
1892
23890
424
1000
381
279
1788
21531
799
2119
1441
13
198
220
471
2972
11280
11135
30147
421
27376
513
264
220
19
15
15
93868
2496
264
20413
15775
11925
558
198
262
27718
12192
5673
15275
63
5972
1510
19290
286
21454
7561
466
279
1330
1510
12192
5673
15275
63
12477
793
553
198
220
471
2972
32
2849
17830
5837
7047
12105
1622
383
264
3683
6483
1510
248068
63
9495
369
198
262
6434
80800
939
369
264
220
19
15
15
332
33791
279
1558
27718
32157
10832
31626
63
681
4370
314
279
198
262
220
17
15
15
22221
22902
5331
1443
286
9146
424
1429
310
615
13
1510
37405
3513
476
2665
37405
63
1602
328
64
25530
198
262
874
28530
1
383
3289
1657
19304
557
25530
303
279
19113
321
28486
506
279
5165
13
198
262
95276
310
264
2849
17830
5837
1622
25
449
5497
1510
2186
36962
286
50199
366
63
314
198
262
1510
6487
63
1902
2496
220
19
15
15
264
19260
852
3106
4161
13
198
12
2972
63
2721
27896
63
369
264
64504
2468
7786
17661
31626
3449
2144
93868
321
31626
198
220
369
47782
430
9463
10885
1040
866
975
7658
3817
1892
31626
369
2468
11
321
198
220
1017
369
874
31626
90691
350
6594
28241
303
411
3421
579
22445
13
1848
264
198
220
7047
24868
1622
264
2526
7786
628
8646
460
1510
29166
36962
2879
3993
38593
440
449
198
220
39949
1510
1733
43143
16384
383
1510
80
16451
32773
16451
18
13
23
12
17
22
65
63
506
1510
2721
27896
25
18
15
22
17
63
383
264
2503
23850
11
220
18
14
18
198
220
31626
10020
39074
5743
4147
1510
1733
63
2272
220
15
14
18
440
1510
19290
286
50199
366
2879
6487
38593
198
220
318
21921
10399
287
1510
58426
10442
1443
286
76939
12
17
15
17
21
15
23
17
18
14
57208
2972
1919
369
3481
16501
11
524
264
198
220
32419
21531
332
1892
488
628
16982
678
7786
7047
11
6681
430
488
628
16982
424
198
220
4237
13
561
37843
369
19260
23314
25
3502
1510
19290
286
50199
366
2879
6487
1
7561
5758
310
264
22330
192398
11
198
220
466
4673
279
1994
13
2532
369
874
8387
31626
7786
321
874
1510
19290
286
27896
63
2002
13
198
12
2972
3496
11302
1658
34583
3314
29867
1425
383
1396
3443
332
318
7862
16894
220
17
15
17
21
12
15
23
12
17
18
25
328
18092
7047
198
220
2144
1220
381
5743
11
524
1132
279
2144
4924
3842
2496
35463
3421
23314
11
321
264
198
220
31626
12105
1622
22651
874
7047
2002
506
660
4598
1056
449
4147
799
13
561
2002
791
198
220
3443
11
21059
5331
23375
290
383
2107
9919
3983
318
21921
10399
287
198
220
1510
58426
10442
1443
286
76939
12
17
15
17
21
15
23
17
18
73313
95530
45553
6294
19315
8324
7561
220
16
21
14
16
21
1590
271
220
735
3443
735
2397
37441
286
735
16350
735
198
220
735
4277
91
4277
91
4277
91
198
220
735
36066
85
16
68914
24297
10502
880
63
735
1510
1927
55769
286
63
318
889
8
478
1510
1927
55769
286
12875
1249
63
27718
90
1267
2879
19290
286
2700
487
1414
5368
8
735
1510
19639
55769
286
63
735
198
220
735
36066
85
16
69315
63
735
1510
1733
1249
63
2424
51891
1267
2879
79420
487
7047
11
11618
2879
1
5368
735
1510
1733
6892
4747
63
913
1510
79420
63
478
1510
79420
25857
63
735
198
220
735
36066
85
16
31355
21945
63
735
2468
1455
51891
1267
2879
19290
286
487
11782
7032
90
1267
2879
1648
4185
487
1414
24634
5368
735
1510
2246
55769
286
26372
4185
21859
63
593
71570
10128
63
735
271
12
2972
762
34134
1658
3314
65139
23033
18226
1425
11
321
1017
369
874
44115
3728
159029
8938
31626
369
198
220
47782
430
2468
11
77735
424
1000
6545
364
2468
421
557
2496
3106
13
1987
198
220
1510
965
36962
286
21425
63
321
1510
19290
286
86849
17709
63
2972
9215
279
1558
31626
332
4598
198
220
1056
24244
279
1414
1892
781
513
1118
14371
39049
314
1510
19290
286
21454
21425
7561
3041
198
220
4763
12
1653
2586
310
424
11
321
23007
1141
6725
41728
383
264
3683
421
4021
708
974
13
561
198
220
5758
1752
369
10739
494
279
16350
6518
4598
1056
2047
66976
13
1368
488
1318
279
198
220
31626
1414
680
314
678
1593
11
36616
279
1510
19290
286
63
2002
2849
23314
26
413
488
1318
310
198
220
2842
12156
364
424
11
3289
424
974
13
198
12
2972
760
31626
50606
366
34580
369
17320
5084
2786
43
321
453
2634
494
279
3683
11
2496
18533
494
198
220
264
2902
803
332
318
36597
10442
1443
286
76939
12
17
15
17
21
15
23
17
18
553
8618
1558
579
9775
369
279
10872
383
1092
198
220
1141
7047
2444
3254
11
321
279
1330
513
34032
2086
25
271
220
735
1558
735
7620
974
83548
735
76458
5684
735
2450
735
198
220
735
4277
91
4277
91
4277
91
4277
91
198
220
735
1510
80
16451
32773
16451
18
13
23
12
17
22
65
63
735
1510
12192
5673
15275
63
735
2972
63
87
11553
63
318
2186
8
593
1510
25252
63
593
1510
9997
63
332
1892
449
7359
11316
506
279
1901
314
279
1785
2404
26
1510
25252
63
33931
15094
82
4161
26
1510
11553
63
14
63
2721
63
14
63
355
2103
63
11223
8366
1510
87
11553
63
791
1167
16451
579
1765
20367
95356
12366
735
1167
16451
43765
16451
18
13
23
12
17
22
33
3575
478
1141
1510
9398
8428
1130
40049
63
735
198
220
735
1510
1458
402
12
2075
14
1458
402
12
16
13
20
12
18
20
65
7174
18
65
63
735
1510
12192
5673
15275
63
735
2972
6487
332
1892
1510
19290
286
50199
366
63
7701
6942
2942
3808
1396
3575
303
279
1198
11
2107
21116
11
660
11930
735
84811
402
14791
3575
478
1510
9398
8428
1130
40049
63
735
271
220
8771
15448
506
279
5165
13
1848
264
1558
2972
4058
332
264
34580
1396
192398
42812
264
2086
198
220
9640
11
46120
4763
14751
52141
2272
279
20100
579
1765
492
40049
27718
1652
58694
476
80
16451
50199
366
7561
198
220
6414
704
1172
1510
58426
10442
1443
286
76939
12
17
15
17
21
15
23
17
18
14
63
681
2972
429
279
17462
1105
42812
279
198
220
20100
579
1765
1581
332
1892
364
2715
16451
18
13
23
421
369
1510
87
11553
63
318
94848
290
220
17
15
17
21
12
15
23
12
17
18
26
279
3626
1581
198
220
369
279
9775
579
26785
11
321
279
2235
874
3309
2928
5639
998
279
21531
411
20619
198
220
8097
11
524
264
16501
310
20480
553
1473
5497
852
6587
279
13263
5639
7062
198
220
1510
2186
36962
286
50199
366
283
328
25252
38593
303
279
1558
18834
1892
1510
25252
63
369
279
20100
579
198
220
6942
92998
4519
192398
1892
321
421
56593
369
22449
6343
11
25530
11
524
264
7920
198
220
23967
3728
13
1848
264
1558
2972
28049
332
264
34580
11
264
76458
2119
2972
47141
7733
29316
8366
279
198
220
7620
7772
430
31626
6004
92217
279
19260
4439
364
31626
321
5055
31626
11
321
279
198
220
21685
9640
369
4763
12
1653
908
310
449
11135
1510
19290
286
25
4754
15401
763
1802
5368
539
7832
198
220
318
1719
3683
682
874
7739
1879
364
279
192398
310
4128
383
553
12285
19712
325
321
71802
5927
3502
198
220
1510
87
11553
63
383
1396
1622
11
748
411
12366
369
1092
13205
1581
24334
8057
15243
3133
198
220
2272
7620
45620
3983
1040
38139
402
26
279
6725
220
19
15
15
82
6922
364
1092
369
34032
198
220
29091
263
405
470
1892
9496
6679
11
4808
4346
11
77650
11
321
449
974
43318
279
3683
198
220
4021
32450
13
1510
19290
286
50199
366
2879
6487
38593
318
1783
8
321
1510
19290
286
25
4754
15401
763
1802
5368
318
263
8
944
383
198
220
1396
1558
13
18681
421
1581
310
7047
17086
318
70
32675
19
11
6077
18
8
2496
4221
279
198
220
14053
25
1017
264
2119
2098
1503
17743
31626
383
13
198
12
2972
63
89413
63
283
17086
11
264
43472
78361
494
1167
16451
579
20367
5165
332
318
7949
13640
198
220
1510
89413
1411
3238
7561
31626
383
25899
553
3588
4342
220
17
15
17
21
12
15
23
12
17
18
321
10661
1532
748
18022
198
220
49296
424
539
12395
25
328
784
279
9775
579
1558
1
2485
82
1754
1558
579
348
28921
8629
243343
1510
89413
63
198
220
369
264
869
314
348
405
9
5165
10485
11
6483
10896
369
421
279
874
5331
1443
286
3008
369
1865
13
357
19260
198
220
11293
1510
89413
63
369
18176
364
279
3140
31626
567
628
2873
11
321
383
411
5436
421
369
198
220
34032
6643
1892
383
264
1558
421
4021
708
974
11
1510
89413
63
369
279
1788
6725
220
19
15
15
430
1510
6487
27653
198
12
2972
11179
31626
2002
411
3421
4021
1121
383
369
264
6725
220
19
15
15
11
383
1396
7099
159029
561
198
220
1510
19290
286
63
1576
29763
6681
1510
15401
7561
1510
6243
366
7561
1510
31343
74927
1510
19290
286
6469
27896
63
198
220
321
866
975
1328
24272
539
803
11
430
635
4808
2308
31428
2663
318
1666
17737
20413
383
6040
1345
198
220
36066
85
16
69315
63
2582
15578
1070
1892
799
10485
3254
799
4087
310
279
1788
76531
198
220
1622
16360
553
1848
36066
85
16
69315
7561
1510
79420
918
6114
27896
63
39277
25
1017
369
874
26613
198
220
421
628
1994
264
31626
9933
27718
9672
4714
63
369
1510
2721
5737
63
14
63
2721
14705
63
14
63
81486
7561
321
264
1510
248069
63
198
220
2842
886
1000
809
279
4220
1622
681
748
23890
424
1000
10896
264
8070
1994
567
4021
198
220
2426
13
1510
79420
4697
63
25503
1510
15401
91
11637
91
40188
63
321
4874
3977
745
26
198
220
1510
2911
5164
63
25503
1132
1510
6243
366
27653
1848
36066
85
16
31355
21945
7561
1510
19290
286
34170
63
25503
1132
198
220
51515
3771
38593
1521
411
3421
1503
524
27367
1029
1892
424
4523
279
31626
1414
2652
52907
13
198
220
1510
9398
8428
35037
42414
5671
5673
15275
63
39277
303
2972
20385
332
17425
11
1521
279
2715
16451
6560
198
220
1503
524
33341
264
4711
17313
2404
579
1510
248068
63
2424
506
660
1892
321
5020
348
7949
9
869
279
198
220
20100
16184
310
25
2715
16451
18
13
23
579
3683
5610
912
948
279
28562
832
369
2972
3325
305
332
198
220
27718
89684
5673
15275
369
5438
466
2423
369
804
63
681
748
1510
1802
63
369
1092
449
40352
19260
852
198
220
20653
4161
2582
5055
13
20195
286
1510
3721
63
430
328
12195
411
3421
1503
1
1000
599
31756
279
198
220
35140
15308
869
321
15578
279
20100
579
1765
1581
13
496
1701
1235
279
28562
832
1990
16545
13
198
220
2972
46598
12558
11
10661
4598
1056
5939
64700
1770
926
579
7072
61794
2715
16451
49219
5758
264
4711
198
220
17313
2404
579
31626
27718
15846
78012
19290
286
63
593
1510
19290
286
7260
31789
1332
421
3683
198
220
1000
599
33341
290
424
11
748
7072
61794
2715
18
23
49219
513
974
279
20100
579
5639
364
17313
10263
198
220
421
6564
31626
13
30057
286
279
33341
369
264
9640
13909
2262
2222
383
1396
7072
61794
198
220
1622
321
369
1732
5072
944
11
524
919
314
411
20619
13
198
12
2972
3742
33805
64700
2397
43166
9163
29715
287
279
7141
19113
3449
279
38921
6518
198
220
11040
318
38562
3041
1752
11
4763
12
1653
908
22327
1174
7141
9163
369
9191
12
198
220
18922
364
279
18922
21685
9640
318
1006
11147
10502
880
21725
11576
17587
553
23287
198
220
76892
9502
318
85
15
13
16
15
24
13
16
1590
264
3683
14885
279
2715
16451
18
13
23
31626
50606
366
34580
10964
198
220
1442
17462
2397
43166
46910
1472
279
7141
35473
470
19113
11
1521
1132
421
198
220
19113
15094
82
279
20100
579
1510
87
11553
63
1581
383
17462
1892
343
15
13
16
15
24
13
15
8341
279
29715
321
198
220
9919
264
6507
7099
318
1719
1788
17462
1622
21685
279
1581
440
264
1510
15449
63
198
220
1287
19232
3055
321
279
13263
12104
5639
1973
799
11
3756
9546
2634
383
2715
18
23
5111
73
198
220
220
17
15
17
21
12
15
23
12
17
18
553
436
20174
53063
19304
2426
279
29715
4763
12
1653
2586
13
1510
17172
63
198
220
1381
22651
11525
9885
910
1510
39242
27896
63
318
7092
290
7141
2424
5064
8
478
198
220
1510
41882
27896
63
478
1510
4873
27896
63
383
4129
321
2397
37441
20182
11
440
279
198
220
9640
1723
11490
6507
27718
39242
27896
12875
508
3726
27896
31789
1892
1436
328
52782
45850
1
198
220
3559
13
13455
7154
6297
1040
866
975
25
279
8978
6297
6679
383
279
21685
198
220
9640
579
3817
13746
11
748
264
11173
7141
2424
369
264
6297
470
8978
318
2083
3175
1723
4278
553
271
65183
82
25
1510
58426
14
12882
43166
12
17
15
17
21
15
23
15
17
14
63
318
1014
9885
558
58277
443
28
18
54102
383
198
48
16451
18
13
21
12
18
20
33
478
20086
9833
11
16350
10485
39565
11
76531
64179
34534
11
198
28627
15464
10121
5144
1960
11
5144
91563
272
16
41720
478
272
16
94497
1723
16
21
8
321
198
63
58426
30096
55110
35464
12
17
15
17
21
15
23
15
17
14
63
318
15449
830
6297
18664
17587
553
271
550
35838
23826
321
46930
1140
1892
279
11969
25586
318
36597
56671
12
12882
11
220
17
15
17
21
12
15
23
12
17
21
8
271
11280
829
7320
14934
10964
1301
279
1534
9640
2234
314
264
56485
44868
4370
314
198
7912
3574
494
424
13
2233
16401
2923
8213
27718
2721
5737
25
220
15
63
1174
24490
11
31930
11
40016
11
198
60511
82
11
4238
13001
321
74988
57416
60
63
4965
513
4763
12
1653
908
310
36066
85
16
24297
10502
880
63
1892
198
588
15711
11525
1622
791
1879
11
47782
430
9640
10885
11
1754
1172
1141
1765
198
48998
850
29587
87
43318
12527
13867
27
1209
42181
318
1719
1965
13205
279
2594
850
26
264
45366
421
6679
198
442
11185
539
850
430
264
33341
7374
1000
5752
3896
443
10804
430
799
553
271
12
1510
2852
593
85
16
56671
23826
63
318
4841
15015
10485
1590
51891
2448
11
1879
25
886
34856
12623
14890
30
5368
13
198
220
561
4471
369
279
1483
33686
1675
53017
5111
483
7920
1528
11
436
17
50333
1452
26
1510
57236
63
198
220
16298
380
4575
60735
362
318
12718
35718
10923
11
311
50333
537
8
1892
279
1167
16451
18
12
24676
6751
71878
198
220
20624
13
1510
16653
8685
63
975
1056
51515
3524
38593
369
15578
13
22251
513
58118
506
220
18
17
198
220
10804
791
1622
13
198
12
1510
2852
593
85
16
7148
261
1140
63
318
34
2194
475
33582
1590
51891
2448
11
3134
11
9017
12623
1844
1054
12259
7359
12259
198
220
460
73330
30
5368
13
8618
2128
369
42912
440
279
1167
16451
18
10592
261
94858
9640
318
8678
478
198
220
29587
623
1193
65489
2766
65489
7288
42181
478
9290
4147
1683
2424
8
321
16060
430
387
437
9405
871
198
220
888
279
5046
9405
2129
2083
8934
1433
275
6505
506
279
1534
2234
13
26012
6483
328
9405
3015
1
2083
1
513
198
220
524
3074
33761
10885
513
15578
25211
13
43301
58118
506
220
21
19
791
1622
13
271
21260
50921
27718
20804
476
26540
8068
63
1590
11969
7154
29715
43380
5144
43318
198
79852
25147
25165
318
11510
6297
11
39811
7087
11
1350
15227
1892
264
6297
4062
1000
10390
198
1719
9944
279
11969
15339
494
681
2496
1831
279
1350
1752
11
321
9944
7249
318
2083
198
13646
290
9944
11
874
8978
8145
403
553
17058
12389
506
466
3294
279
9944
6220
7087
494
279
198
31271
1562
579
7920
5436
26
22602
49219
4088
279
3817
4334
1752
321
7087
4417
198
63
17655
11607
1469
63
383
279
1534
3817
1892
1788
23311
1957
11
7920
5743
198
5628
31271
11198
63
2503
12
2138
82
345
2518
8313
5483
11481
1102
26
635
524
4570
421
6220
364
11969
553
271
72720
45702
25
1439
513
279
15665
4136
669
2260
25586
539
2790
1892
8418
1070
383
198
13646
14371
6679
748
781
11538
279
22700
20619
321
23586
1172
20122
2706
318
1719
198
50
1537
24490
21496
16401
280
24
24
369
279
29310
16456
553
357
1027
75395
198
91342
7148
261
94858
1558
369
279
10287
5893
25
1510
30918
5434
8154
7041
63
25503
279
4799
198
63
14523
79114
63
4202
11
321
264
1558
440
874
15700
9019
45
2424
1381
20269
10009
6622
28428
264
198
9253
4035
6040
1558
1442
948
1510
30918
5434
1352
11122
10624
6209
1728
63
369
716
29458
318
1719
10691
1622
369
198
56497
364
1901
1657
3983
4370
314
18023
286
279
4220
11525
553
271
2665
491
4424
5016
25
11969
369
1622
30373
27718
14
85
16
56671
23826
7561
36066
85
16
7148
261
1140
63
198
532
279
1132
22583
681
748
1017
369
874
1581
310
9973
466
6299
1142
1892
26334
1782
198
43141
279
13092
1817
369
4763
12
1653
908
310
1518
411
20619
13
271
550
4744
850
10616
1892
264
35463
20100
8978
369
63135
318
17
15
17
21
12
15
23
12
16
18
8
271
37538
25244
21025
1558
13746
1518
7842
40352
13
1848
1551
11140
1510
80
16451
32773
16451
18
13
21
12
18
20
65
7174
18
65
63
321
198
3282
60404
364
279
12104
1510
80
16451
18
13
21
12
18
20
65
7174
18
65
7561
864
8677
264
4252
67433
2149
4073
198
63
15615
1558
328
80
16451
18
13
21
12
18
20
65
7174
18
65
4961
6452
25
4241
80
16451
32773
16451
18
13
21
12
18
20
65
7174
18
65
1293
63
321
2695
1330
1865
7154
198
14372
424
557
1669
13
561
14408
3008
5891
874
40352
12527
2723
11
748
279
23343
6107
1532
13
271
63
75275
4885
816
63
8213
506
2107
9463
23329
54588
3977
49625
11
1521
1558
198
17111
13001
11
21610
33389
11
279
6297
4325
11
45366
20568
11
321
279
11525
579
20788
660
198
767
974
411
850
321
1902
7268
383
799
41019
13
22136
25
271
12
449
2972
44839
332
15078
2590
14387
11
748
4161
2582
3133
628
2222
7063
26
198
12
5752
11
413
6681
2972
588
332
6452
15078
579
9933
1238
279
1483
36066
63
16327
279
1622
11
421
198
220
15078
369
1429
11
321
279
1965
579
1510
2448
63
2002
6473
279
41042
850
26
198
12
2972
2874
25891
477
369
33931
524
19072
332
1892
440
2107
1510
64
3082
63
321
1510
65
3082
63
6452
11
264
1622
364
1510
76
63
198
220
25710
9496
4598
1056
28109
310
279
4808
13914
321
32419
1172
279
4808
9412
26
198
12
264
1622
421
2582
5435
36066
63
369
2496
19900
1395
33110
11
321
449
9496
850
1990
4523
198
220
1510
2448
7663
20822
27653
271
63
14
85
16
19652
63
9257
310
49126
41042
13746
1132
13
1061
369
62747
1622
23343
11
524
264
198
5394
569
803
364
264
1558
13
271
550
5097
15015
23967
4954
318
12882
11147
4524
20619
11
220
17
15
17
21
12
15
23
12
15
18
8
271
12
2972
3214
12527
17397
64700
6040
24297
10502
880
4054
1510
9215
6256
7824
63
318
446
310
220
16
21
33761
12
57576
560
18
17
13746
1174
279
1118
6891
2353
10029
440
1510
29166
36962
25
328
9215
1
7561
42328
279
12219
850
321
63520
9495
494
2468
321
1510
17172
877
13973
27896
63
318
3924
498
6862
25586
9251
6862
6027
1457
37
50331
20668
2
5658
12527
5304
3595
10020
58496
9485
11147
10502
880
4430
271
760
4097
12558
1284
4660
14408
9146
382
27718
58426
4691
385
1284
4660
12
17
15
17
21
15
23
15
17
14
75454
20668
63
681
8097
321
198
70
639
539
279
3813
1510
2428
2075
63
12654
25771
2272
264
3756
3421
198
5628
58426
14
12882
11147
4524
12
17
15
17
21
15
23
15
17
14
63
1590
271
12
2972
60599
64700
1396
5097
15015
7278
1959
9463
321
4129
11540
22651
1510
306
63
198
220
27718
9398
6031
490
12
1873
63
14
63
6031
490
12
1873
63
681
1510
6898
7561
321
1510
8678
736
46318
63
198
220
27718
10223
926
12
27
4225
37361
27
1733
850
29
7561
39334
506
1870
11
1436
2972
760
1870
41182
332
3559
1174
198
220
279
850
67586
430
279
1510
87
43318
12527
63
1965
4108
13
561
1118
4129
9197
198
220
22651
1510
5599
2879
74455
1
27653
4451
12497
513
279
5097
15015
1576
1892
198
220
1510
4754
815
763
5046
1927
2129
1267
2129
875
2129
1787
29958
63
1892
321
4937
37441
11525
5787
16821
430
198
220
264
1534
1510
673
18173
1412
11540
478
74988
68015
60
7561
2496
264
6725
70975
1484
13
70975
2426
18212
520
5853
198
220
6195
1396
220
20
82
318
4670
2195
14322
829
7320
22327
4161
1518
1118
3817
26
5097
9242
60210
1943
198
220
20413
22327
553
271
220
2972
4551
8783
1892
864
7099
488
513
7169
310
159029
19481
303
411
3644
16067
279
198
220
2972
4841
15015
7278
1959
332
7099
11
321
279
4129
77267
478
279
4937
37441
1412
5893
513
81787
383
198
220
1510
9398
1321
1724
2075
86522
52434
318
3689
24822
25
16
24
21
21
11
220
17
15
15
22
553
1510
2428
2075
86522
52434
369
804
948
198
220
1510
30918
5434
74145
51187
2075
7561
466
948
1510
30918
5434
74145
63
369
17462
2972
429
1510
30918
5434
11087
6392
63
369
716
332
1892
279
8668
198
220
6302
13
1848
264
2972
28767
13279
332
3421
318
2083
1510
30918
5434
74145
7561
874
1510
30918
5434
11087
6392
31789
264
16350
198
220
36066
85
16
24297
10502
880
63
1503
279
13600
314
279
11316
3294
25
424
70307
264
6725
1510
2987
25
1412
63
321
264
198
220
6725
1510
2987
25
2725
7561
440
2972
2083
1510
673
25
498
68015
60
63
159034
2844
369
43472
11
524
264
9584
1892
9575
7982
198
220
513
1770
926
579
1765
7141
11
864
635
4563
6725
4216
11
321
279
10206
31338
287
16681
383
424
13
198
220
36066
85
16
68914
24297
10502
880
63
369
2590
5097
15015
7278
1959
27718
9398
63
369
804
15029
553
561
26380
4821
7062
198
220
1510
30918
5434
74145
51187
2075
63
27718
34608
27226
67
3082
334
926
25459
5558
25
24
17
63
681
748
264
25241
3421
8798
198
220
411
3644
1892
694
413
488
513
7262
264
12104
1510
10223
926
25459
63
321
678
25771
15339
264
20413
14255
11
198
220
411
369
3069
13
198
12
2972
73892
10121
64700
383
2107
5097
15015
9463
10964
11
1510
3892
8478
28676
30470
17709
63
198
220
20653
819
10121
383
2144
14
29166
25903
11
1179
799
4147
12
24006
11540
14885
279
198
220
2400
2397
37441
10121
318
31826
10885
321
866
1350
4881
5064
8
1518
74988
68015
60
27653
198
220
21398
305
88091
72346
18989
10121
383
279
11125
88013
6052
11540
26
5787
635
524
198
220
6569
26025
264
6635
10121
11540
13
198
12
2972
24342
286
23956
64700
383
1683
24868
49219
11
1510
248068
63
1414
10964
310
198
220
1510
1927
55769
286
63
593
1510
19639
55769
286
63
17437
1510
19290
286
12875
7561
279
5097
9242
198
220
40874
1174
1510
1733
63
369
1675
7324
741
1132
13
1510
965
36962
286
21425
63
318
269
198
220
1510
19290
286
25
313
31343
25
804
5368
8
20382
279
18101
1414
13
11248
7324
741
3983
2426
198
220
4763
12
1653
908
874
35409
22327
13
2972
38
32675
12
19
40874
332
318
36597
4691
32675
19
12
12882
2294
2538
11
198
220
220
17
15
17
21
12
15
23
12
15
22
1590
29587
91
9819
29
58523
1639
1873
59
77
27
9819
91
42181
9714
5832
310
1510
19290
286
63
279
1788
198
220
1560
1892
9212
11
279
5323
2306
321
279
30603
286
491
7718
513
18890
1892
321
279
70505
198
220
8213
383
348
28068
9
18184
1667
19
6040
1622
318
31354
628
1724
4937
37441
1442
1172
279
198
220
7629
52062
1581
553
11658
12692
2444
10885
27718
27
404
91
29
7561
29587
400
3456
36040
29
7561
198
220
1510
248046
31789
2842
9191
27718
68
525
7824
52434
10973
8
321
2496
5372
279
2849
430
1414
13
198
12
2972
63
2721
27896
63
38136
332
56718
2193
1402
12705
7786
318
5736
5458
23437
9640
11
58118
506
279
198
220
1558
579
15700
2193
8
1892
279
5097
15015
1581
12
9033
12
315
3634
50921
11
524
264
20413
198
220
220
16
17
23
33686
60735
362
13
30299
1510
2721
27896
63
14
63
2721
58136
27896
63
37008
6681
13
198
12
2972
63
33413
63
38136
56718
220
16
13
15
26
1510
21901
63
38136
56718
7478
791
1622
332
318
17907
13515
426
19
11
198
220
220
17
15
17
21
12
15
23
12
15
19
553
11396
998
1510
12966
45454
18405
7025
7561
864
369
1510
15
13
15
63
364
1510
69
18
17
63
321
1510
15
63
364
1510
84
21
19
63
1892
198
220
321
2107
314
1782
16996
513
348
54867
1218
2663
11961
524
328
35585
763
9039
220
15
369
54102
198
220
1344
2721
321
10014
220
15
369
264
2610
8097
4129
13
1473
49325
1235
2849
318
1719
5097
15015
25771
579
198
220
25530
5106
36268
9502
1752
11
321
411
15400
579
1765
904
4117
5404
8
8646
2597
198
220
69892
45543
46120
10598
888
25
1788
2193
303
11
1788
3817
680
11
18922
198
220
5224
56905
23709
15222
13
4543
1510
33413
63
38136
369
5097
15015
579
25530
220
16
13
15
321
449
198
220
38136
1510
21901
63
25791
7478
45918
791
1622
13
2972
95502
2663
513
37008
6681
11
198
220
2583
1510
33413
25
220
15
63
318
15069
9037
8
321
1510
21901
25
220
15
63
332
1892
1396
6117
2074
17587
303
1510
15449
14
63
198
220
321
1510
58426
14
63
20653
2107
20335
11
748
660
314
1070
2426
836
7465
13
28835
264
198
220
1510
21901
63
14910
488
1318
202201
3047
26
49325
424
310
615
22273
13
198
220
4315
935
640
5621
13660
25
449
38136
12
63
33413
63
1622
369
348
49991
9
9039
12
16
13
15
198
220
24102
27718
3369
605
63
220
16
13
15
11
1510
3369
4546
63
14
63
1030
605
63
8127
11
29007
974
681
864
369
6681
279
198
220
16964
421
13205
279
303
70534
47241
9665
8516
1892
748
279
5097
15015
1581
11496
383
279
198
220
4778
47241
55856
1752
11
524
264
6103
31686
13
198
12
2972
58606
10999
64700
264
17750
5072
2849
579
3669
2044
3732
506
279
1727
9063
318
528
8418
198
220
12351
25
6937
290
11
4618
11
1350
11
18989
8
321
369
47782
310
279
10999
1406
318
1719
74988
45138
60
63
198
220
1433
1500
7189
9640
2805
3726
76644
1174
55249
7154
494
5418
7982
2496
198
220
5372
279
21966
13
561
10999
1381
16494
942
65406
2737
8662
303
799
8334
20413
1105
25
279
198
220
1484
4487
261
1881
11525
321
1965
1429
310
5125
264
7795
11171
1132
948
198
220
279
1727
1484
11136
11
748
264
1622
1990
303
829
7320
318
8293
5933
4161
3482
8
8341
1141
198
220
5323
1724
53379
321
874
28024
466
20771
1362
8848
424
13
198
12
2972
63
13745
20759
63
1622
20771
332
318
528
2943
25586
1892
1436
279
32419
4954
3559
553
271
550
561
1870
41182
318
36597
14
7700
35435
2149
46318
11
220
17
15
17
21
12
15
24
12
15
16
8
271
63
8678
736
46318
63
369
2972
63
10223
926
12
27
59628
2243
37361
27
1733
850
42181
93868
364
3010
198
63
10223
926
12
15
13
16
17
18
13
15
12
21
18
22
16
895
23
64
15
2492
19
63
318
28068
13769
869
303
411
3644
369
411
20619
579
1901
11
198
17
15
17
21
12
15
24
12
15
16
26
279
850
10480
440
279
2450
11
864
369
279
1406
553
1049
369
39334
506
18612
854
539
198
63
4920
942
3082
334
926
25459
29594
24822
63
321
279
11767
6107
303
1510
4920
942
3082
334
926
25459
13050
29594
816
24822
7561
198
7949
279
1870
5148
1510
965
0
63
82
321
279
17189
1319
3533
430
264
4536
25
799
7873
11
198
19186
79077
11
748
279
6813
311
12
26227
279
869
4370
314
8712
1187
264
2880
314
279
11767
13
271
760
29587
1733
850
42181
369
220
16
17
40657
12017
25
449
426
35125
12
16
64
12
16
17
23
20245
11
45465
310
1141
1844
220
19
23
9192
11
888
198
1719
26622
579
19095
10804
25
3578
1510
94839
70996
75
63
321
1510
94839
20362
63
5346
1396
1510
19315
5259
7561
198
63
19315
36164
75
7561
1510
19315
19586
7561
1510
19315
66
12180
7561
1510
19315
71
63
1172
1510
4920
942
14
7561
87413
539
26622
73119
1752
321
198
27379
11
748
424
1503
524
6549
383
1510
851
4193
63
1906
466
383
1332
279
26384
6107
13
1188
4850
22967
198
1005
11
524
18455
25
424
369
264
1870
9284
11
524
264
24666
692
24544
13
271
332
9930
2144
321
524
279
15865
15402
159029
561
2002
1429
310
381
1510
19551
16715
10223
926
71406
361
12513
5593
82431
8958
63
198
4058
866
15865
7652
61199
1083
279
22419
51515
15615
1
27653
8771
15448
11
2107
1865
25
271
12
2972
2064
87749
47733
159029
6121
10399
287
6
4722
5303
27718
82
18913
29594
36571
20123
2318
31789
198
220
1319
3533
430
3578
888
264
14196
12
16
15
15
15
1301
14934
6268
26
1518
1141
1510
18112
57914
63
1500
25286
198
220
383
220
17
15
17
21
12
15
23
12
18
15
15865
56900
440
328
18702
1514
59997
14834
1
321
279
1870
39334
198
220
1510
15615
27653
68853
18018
1510
8678
736
46318
25
1770
926
12
15615
63
310
1396
1622
364
264
4220
198
220
10204
9191
13
357
1870
440
264
54051
9284
6749
6681
1040
264
1603
799
13
198
12
2972
2064
1467
524
17171
264
3712
17591
159029
357
17591
4203
1396
5099
21050
1345
279
198
220
5639
314
279
4757
4565
2113
11
748
264
15402
39334
1083
264
26380
7620
8772
264
88463
198
220
5604
11
321
264
41182
22513
303
264
4501
3591
11
264
3302
21867
11
466
264
198
220
5813
579
1765
1965
17397
33791
3977
13
357
2144
850
369
33702
539
264
17591
198
220
318
60511
303
279
20619
8313
25
1510
12513
5099
1137
308
400
63
888
411
4757
7481
279
5099
15402
198
220
1510
17
78848
23
24
10481
22
19
67
17
63
310
1510
15
22
65
24
15
24
23
24
17
69
19
18
63
1345
279
850
19013
1510
21
18
22
16
895
23
64
15
2492
19
57208
271
332
16044
8365
2565
4045
303
279
869
25
264
1870
11112
159029
8771
21426
314
279
1788
2450
1902
198
93920
279
1788
41182
11
1521
6121
10399
287
6
1510
15449
45061
12
7611
31086
82
721
2439
1137
24037
63
198
5511
5235
424
364
2972
78823
332
2272
279
8712
4501
28428
1396
4906
6851
26
264
198
692
5331
5653
3566
1000
78080
1396
8712
321
1236
279
17587
54051
13
7606
854
369
449
198
61571
12
28218
2029
318
1719
35426
3768
321
279
999
579
295
1619
681
524
449
9284
13
271
332
760
15865
15402
369
1990
39334
11
430
449
4799
2002
11
2496
430
279
9284
64700
198
63
30918
5434
36249
36836
63
11069
1510
10223
926
11673
476
45605
2559
922
36836
27653
1049
369
5252
310
1301
1510
15615
63
1017
11
198
26756
1017
424
369
10429
13
271
332
2665
5016
159029
561
1865
41182
369
80681
25
1017
369
874
5915
737
421
10263
424
974
11
198
2829
21645
424
11
466
34282
424
13
357
56593
1532
1000
381
264
56593
364
22200
449
161361
21916
198
16417
318
902
12
10837
2253
25
279
1581
369
264
5158
5307
11
321
411
799
369
328
2083
5016
1764
271
332
30852
424
1973
264
21966
159029
1510
10223
926
25459
1137
4225
63
318
18092
90563
53
31789
22741
279
9284
321
198
325
1159
1518
866
4560
11
21966
11
466
1558
944
11
748
264
25241
35426
628
381
10503
383
866
198
1944
321
303
279
4722
5303
421
8677
424
25
271
71093
198
3
1770
926
25459
1137
4225
198
10223
926
25459
220
15
13
16
17
18
13
15
198
8678
736
46318
1770
926
12
15
13
16
17
18
13
15
12
21
18
22
16
895
23
64
15
2492
19
198
5653
816
15795
2450
39100
198
12513
47202
361
559
1870
579
2716
15402
11
466
1510
15615
63
413
424
1362
524
1301
264
15400
29
198
71093
271
760
1788
1752
369
303
1510
12882
6406
7561
748
6121
10399
287
6
22449
7620
10926
1510
312
4225
63
2166
13
271
332
760
87749
1752
369
16850
383
2107
10744
159029
1368
279
26622
2450
4757
369
58256
470
318
64
198
174945
2922
466
44598
17189
681
279
850
16563
1142
310
264
20245
314
279
6129
579
1765
9284
11
198
41933
25432
11
1990
2496
1510
15615
7561
321
25
271
12
1510
5653
24822
63
70307
264
1510
64460
25
18357
28
10223
926
1870
9284
3276
45406
11159
25
361
19290
42181
506
1870
854
26
198
12
1396
10146
22741
74988
3895
60
25632
25
1870
9284
369
3276
45406
11159
25
361
19290
42181
33791
279
198
220
27735
318
31778
4906
26080
4021
381
23185
2272
424
553
271
11179
10146
1048
22741
279
9284
1500
632
92649
11
430
1141
1118
1500
25
198
63
58
3895
60
1870
25
1770
926
12
15
13
16
17
18
13
15
12
21
18
22
16
895
23
64
15
2492
19
318
306
25
2450
39100
11
15865
25
361
8412
15402
8958
27653
271
332
38
942
332
27718
4920
942
3082
334
926
25459
13050
7937
24822
7561
1510
2508
1870
44702
31436
63
1590
279
39334
869
369
198
6082
38127
11
369
524
1510
10223
926
12
15615
7561
5435
874
1510
15615
7561
8798
198
63
10223
926
12
27
4225
37361
27
16
17
40657
12017
42181
321
4874
411
17189
2243
26
279
5893
39565
57409
198
12195
26380
310
14060
2972
429
332
279
2235
1510
10223
926
12
27
14803
42181
1304
26
279
39334
850
369
311
68769
494
279
198
20503
4757
303
264
8387
1817
321
1902
2353
11
864
369
1092
34577
424
369
264
709
314
198
1719
2450
4598
1056
314
279
1870
4424
26
1330
41224
314
799
4757
7268
26
321
279
850
369
198
2138
290
310
1684
494
1510
45605
2559
922
36836
7561
748
3712
628
2496
3512
279
9284
539
198
4327
1653
13
561
1330
5097
15015
33256
6813
1381
1992
279
2400
5893
25
781
1429
310
1992
198
63
63653
6406
437
10223
926
12
871
7561
864
1510
10223
926
12
15615
63
15734
11
864
369
1204
279
21531
7338
4613
264
198
72384
7099
660
279
1560
310
264
5813
13
271
332
40579
382
159029
6121
10399
287
1510
15449
45061
12
7611
31086
82
721
2439
63
15339
1510
8678
736
46318
63
494
264
198
24037
14456
321
41054
424
310
279
1510
5653
63
593
1510
9
10743
63
26080
11354
539
1396
4501
198
59178
6851
27718
49699
12
2301
8880
20668
63
16137
17
13
22
553
5788
279
2002
1301
1510
10223
926
12
15615
63
421
17587
198
30219
4161
310
9845
26
2107
14060
14273
1144
264
7620
494
411
20619
1518
279
1510
312
24037
63
4139
198
44679
3977
11
321
279
26080
3166
310
279
491
5893
430
919
314
421
10204
13
271
550
5952
55940
321
279
32419
10896
27718
13745
20759
31789
271
13405
16894
11
220
17
15
17
21
12
15
23
12
17
18
25
88064
331
279
854
1440
321
567
46020
229542
290
303
854
567
3564
321
567
198
74391
3896
13
413
279
2397
1965
369
1004
14109
567
1220
524
3896
1149
9
271
63
13745
20759
63
369
449
7308
1324
314
29508
383
1396
9191
7099
25
198
63
14
85
16
68914
24297
10502
880
7561
36066
85
16
24297
10502
880
7561
36066
85
16
69315
7561
36066
85
16
31355
21945
27653
11248
37441
286
198
10024
82
2972
63
16
15
15
15
63
486
21559
24
15
15
15
15
63
159034
43320
13870
682
279
1788
2020
11
694
264
22449
1189
198
591
264
7875
16350
14934
6966
28042
440
1510
30918
5434
22847
1102
51
3860
34952
6592
63
948
424
1048
198
1617
1365
279
829
7320
2426
49245
5099
7246
3559
13
4230
314
2020
11
466
866
2397
12
11326
198
1267
11
369
264
6725
220
19
15
15
26895
279
7139
2020
364
421
1965
3728
13
11721
1145
14226
13
271
332
3549
948
26334
25
279
1965
3728
579
6966
159029
1061
369
220
24
15
11
15
15
15
9537
7014
264
22449
198
90406
391
2167
16350
31659
3860
13
6983
1622
682
264
20771
3315
466
524
279
2849
198
30979
82
279
5555
6513
13
271
332
1354
42694
220
17
15
17
21
12
15
23
12
17
21
332
318
7862
25
264
220
18
15
74
33686
2397
37441
286
1622
24382
680
1892
198
36597
21849
327
1021
2195
20256
12
17
15
17
21
15
23
17
21
553
2844
10896
9469
264
1622
567
3564
310
4087
11
321
424
198
41933
1503
13
3437
5324
369
421
264
2397
37441
286
20771
874
4860
4288
35912
32235
2926
279
10885
198
275
995
2582
7658
303
1906
310
7936
421
1412
25
271
12
1473
303
86204
1196
2397
37441
286
1622
369
15578
506
24490
440
264
6725
198
220
220
19
15
15
27718
6082
3892
51635
1021
1201
86204
1196
31789
33791
279
1510
2721
27896
63
421
17759
1892
21146
11
198
220
1518
866
21966
944
11
4370
314
1238
279
2400
20771
13
198
12
357
20771
421
11496
4937
41412
383
279
5097
15015
1676
53207
25586
23033
37231
1092
557
198
220
8677
321
417
72527
424
11
1172
279
42159
14830
1510
76095
50318
63
1892
279
19260
3816
198
220
1782
10885
13
357
20771
421
11496
440
6942
10885
1990
10926
220
19
15
23
1510
76095
2615
90955
63
198
220
321
18049
4161
13
271
9153
16501
11
2583
864
25586
6158
6907
82
321
3069
279
975
1330
635
524
11
369
198
258
328
6375
2397
37441
286
7154
25
1092
279
20771
1503
1381
1
3559
13
271
760
220
24
15
274
2397
37441
286
6966
28538
4592
1172
264
3929
286
12906
579
1965
9345
25
198
64
21500
1965
4021
3502
6881
466
264
50355
1518
424
31941
13
43320
628
6564
264
4860
198
3765
33686
20771
1132
948
279
22449
13139
1510
30918
5434
22847
1102
51
3860
34952
6592
63
440
198
63
30918
5434
1063
896
64133
8955
74717
34952
27653
1368
279
1118
7658
3817
682
524
11136
506
279
5099
198
27960
11
13158
926
40161
279
70975
1965
321
1141
6149
220
20
274
3847
2426
49245
8211
13
198
16862
513
7318
324
12415
11
524
1558
2468
11
321
1118
33686
20934
1902
9738
198
47092
13
561
3889
31659
3860
20771
9257
310
1542
13
60245
682
264
8387
2503
20771
198
266
279
1788
5099
11823
25
413
8390
682
524
15711
279
1622
539
1179
11
264
21979
470
198
1666
9073
220
19
15
23
14330
279
24490
7786
321
18049
6942
13
9168
2379
31659
3860
8646
1503
198
1856
12663
20413
6951
8318
13
271
91
735
2397
37441
286
735
16350
27718
3892
25
804
31789
735
198
91
4277
91
4277
91
4277
91
198
91
1092
279
20771
13854
735
279
74397
1965
735
2972
1619
310
1118
3817
1132
332
735
198
91
303
86204
1196
1518
424
8211
735
15578
506
24490
25
1510
19
15
15
63
1510
6082
3892
51635
1021
1201
86204
1196
63
735
2496
81787
735
198
91
3016
440
63344
10885
8677
735
5097
15015
1676
53207
25586
25
2972
63
17
15
15
63
6907
11
417
77158
332
27718
76095
50318
7561
1510
29166
36962
25
328
815
38593
1174
36066
85
16
69315
63
478
36066
85
16
31355
21945
43143
1510
19
15
23
7561
41784
735
4021
3420
1892
279
5555
369
7157
506
279
1118
3817
735
198
91
3016
440
52761
10885
8677
735
1510
19
15
23
7561
9191
24863
11
2972
1856
47782
332
735
506
2564
24
15
274
25
1510
19
15
23
63
829
9073
26
1238
449
11244
4129
10839
25
40874
15141
9345
1412
1484
1172
9830
220
17
15
15
13
11396
8848
321
3896
6942
735
198
91
1238
279
1118
3817
735
1892
735
279
5555
369
2972
91106
190632
279
4129
8213
310
9463
735
271
32
13235
20771
421
12238
83110
22651
264
1876
33791
279
7139
7786
198
429
874
34319
76176
12
5836
13
5097
15015
72626
5787
6564
1510
1267
25
328
13745
38593
321
198
63
1787
25
328
76095
2615
90955
38593
26
16092
42481
5787
6564
1510
815
4697
25
328
13745
1
7561
1345
198
68349
16350
5533
1510
2246
4273
9906
25
328
76095
2615
90955
1
27653
198
9923
264
1965
40161
411
369
9830
220
19
15
23
13
4486
449
11244
4129
10839
310
2426
279
198
22093
3511
13282
11
424
369
279
8794
40874
579
14586
1412
1172
9830
220
17
15
15
25
449
5097
15015
198
63
673
18173
1412
1179
74988
68015
60
7561
77691
1510
2246
60459
7561
16092
42481
1510
2987
25
1412
7561
466
279
198
28767
6725
1412
1484
13
1061
369
1990
449
10429
328
9053
1459
914
2216
763
279
21867
88749
279
198
23310
6942
6596
4341
1510
76095
2615
90955
63
14830
27222
314
2407
29643
11
1518
93571
198
1719
11525
13
357
2849
28024
1238
9345
4021
2404
421
14830
1083
87195
13
198
2504
2641
3655
14159
198
66425
279
20771
11
748
264
1622
421
628
874
4860
4087
369
24863
4598
1056
9919
198
4913
13
271
332
760
32419
10896
11
10661
2957
64700
348
64
1622
567
3564
383
854
20038
6829
4161
26
264
198
2246
488
14867
369
47782
364
1092
557
7658
4749
357
2849
421
21780
3023
198
15632
37441
1238
11955
10885
369
279
6149
1510
365
87045
63
1752
1892
1156
14109
11
6907
198
65
4233
13
19481
421
369
43419
14109
18049
6942
318
1719
42159
3559
553
271
13962
57149
59933
25
864
18957
1189
3896
271
11179
1622
10029
440
6681
799
45366
1510
83220
7561
321
1132
279
18957
303
198
63
87295
3380
11542
8431
1515
63
1189
6564
264
43840
1892
2972
26952
332
314
1070
11
12495
3559
13
318
608
639
430
279
198
17538
4598
1056
264
1324
25
279
1698
682
1381
7795
48659
10598
11
2957
303
411
999
321
198
12802
303
2943
7247
303
1510
48998
24822
7561
1754
854
279
3896
470
716
13538
5946
271
91
14830
735
948
735
43840
735
198
91
4277
91
4277
91
4277
91
198
91
1510
33586
63
735
279
1965
557
12238
303
2400
735
4581
735
198
91
1510
365
87045
63
735
279
38964
14428
3023
4937
41412
735
6907
318
12195
557
7658
8
735
198
91
1510
76095
50318
63
735
1510
13745
20759
63
3799
9191
321
567
23033
18226
1425
1092
557
8677
735
6907
318
12195
557
12238
8
735
198
91
1510
92060
63
735
15578
466
4490
1518
3336
1618
9191
318
3639
220
19
4010
14
20
4010
8
735
2972
13749
332
735
198
91
1510
76095
2615
90955
63
735
1510
13745
20759
63
24528
1518
567
15959
735
2972
13749
332
735
198
91
1510
67109
51635
1021
63
735
24490
23586
25
12572
3655
32689
279
20771
735
2972
13749
332
735
198
91
1510
67109
10524
63
735
24490
23586
25
10424
6951
6608
8379
735
2972
13749
332
735
198
91
1510
67109
10524
18195
63
735
24490
23586
25
12572
3655
32689
279
22449
579
3278
3309
6951
2543
1269
21482
27718
30918
5434
34122
31034
91531
37288
1063
31789
735
2972
13749
332
735
198
91
1510
3491
456
4546
4233
63
735
19076
7190
424
506
279
22985
20771
318
48928
47688
8
735
2972
13749
332
735
198
91
1510
4920
13178
63
735
279
6795
89809
1345
9668
279
21867
735
2972
13749
332
735
271
760
55687
369
42849
506
279
45366
579
3074
14586
3165
1406
11
524
506
1754
1562
198
9233
25
264
2713
6483
14830
1189
524
3896
682
1141
1510
17172
7561
1510
3715
63473
10979
67
7561
1510
15958
10979
67
63
321
198
63
46793
63
4881
35463
321
1141
26770
90233
303
2400
11
748
13468
279
7786
198
41105
6130
866
12585
1830
421
35195
1510
15958
10979
67
63
628
1698
264
1622
279
5813
557
198
35288
11102
364
13
3648
1228
791
14830
54878
279
43840
13
271
19041
314
1782
6942
6596
4341
18957
513
491
1521
279
12351
23533
321
47782
279
4808
198
3017
25
264
11525
421
8209
4937
37441
11
264
22985
6596
327
1021
5332
11
321
264
6795
21297
660
8379
198
1719
21867
579
1510
19266
63
321
998
12076
430
1510
365
87045
63
1892
585
1673
13
2972
1719
5813
6945
364
1004
198
4920
956
93868
1172
449
1412
1970
27718
2877
9638
14844
8469
9880
788
40338
31789
421
1362
524
3184
198
1719
1330
10431
13
357
4937
37441
11525
4397
369
1048
1381
4856
4505
383
1396
7099
25
424
70307
279
198
23310
1412
1576
279
21500
1752
4523
4370
314
264
4129
421
4777
17397
13
271
13962
6627
44439
25
20771
62807
24490
271
760
20122
20619
46490
7551
1510
30918
5434
6592
33220
50
63
321
2496
1429
310
23586
11
748
264
198
82
33226
3618
1066
2597
27467
1892
4161
264
2849
466
264
8997
1362
1121
383
13
2332
19878
198
1619
318
35288
1238
25
2972
276
15711
1622
369
2496
23586
40557
1330
33389
2590
3668
321
264
4688
369
3278
3309
11
660
1132
198
3361
279
20619
369
506
8390
25
271
16
13
2972
80710
1228
332
1892
413
279
12572
6951
3655
34105
411
1622
579
9376
198
256
20771
11
1510
19
17
24
63
478
1510
49823
12
5836
63
283
279
15572
11
14830
1510
67109
51635
1021
7561
524
47782
13
198
256
561
15572
311
4623
279
1510
55
10592
344
16040
12
14398
63
25044
318
13878
10885
51227
23985
280
20
15
2923
198
256
37972
11
29689
539
279
16382
314
55249
944
8047
553
2972
92115
47590
1892
264
12639
11
524
264
198
256
10896
93868
321
279
23586
1876
2640
748
13
198
17
13
2972
26446
6608
332
1892
1510
30918
5434
6592
34122
31562
63
318
2186
220
19
23985
279
3669
1994
681
14830
198
256
1510
67109
10524
7561
1788
6881
13
561
2706
7278
1959
94411
1142
9215
13
198
18
13
2972
7315
2543
1269
21482
332
318
2818
3309
25
1510
30918
5434
34122
31034
91531
37288
1063
63
283
443
835
220
15
11
1581
220
15
283
974
8
1892
198
256
413
421
1788
3655
15572
34105
443
6283
11
1510
19
17
24
63
440
279
1788
6881
11
14830
198
256
1510
67109
10524
18195
7561
524
47782
13
21316
314
279
19260
579
20771
25
17587
220
16
2496
25250
198
256
364
264
8455
19260
11
864
369
1204
264
19899
3162
279
3669
1994
55249
220
16
18
18
12
16
18
22
274
303
198
256
20513
383
14060
318
17
15
17
21
12
15
24
12
15
16
553
10887
3438
1238
33389
220
16
321
220
17
11
748
1782
4087
1118
321
198
256
33702
13
21962
2713
25
25499
14
31663
20668
13
271
2324
2250
6564
279
1510
55
10592
344
16040
63
32837
11
321
660
2250
513
1092
279
8997
579
15746
64512
321
198
1043
37514
23304
13
2972
34
36034
14293
25710
506
279
8997
190632
279
4560
579
17973
369
198
71
33961
11
9640
220
19
17
24
82
13
11908
31930
27718
89171
63
14
63
12610
6801
31789
513
65244
1532
1892
781
2582
23586
198
266
1994
4613
279
11525
13
198
12
2972
4810
55305
478
46253
64700
1510
44967
79446
63
14
63
70921
79446
63
14
198
220
1510
265
53897
79446
63
609
3434
310
279
40420
318
4119
220
23
11
16
24
17
10885
383
1396
3357
11
3545
11
321
198
220
63520
1752
26
54102
10
2664
232857
198
220
13205
279
3357
1284
62810
1752
553
1510
2246
8685
63
1510
2164
5146
63
14
63
2164
24566
63
369
24470
198
220
51948
45543
318
3924
279
3644
3559
553
71805
3506
567
628
914
15210
220
19
15
15
440
198
220
279
1626
6725
27718
813
275
35178
7561
1510
813
751
1234
63
14
63
3369
5058
751
1234
7561
1510
77
931
220
16
7561
1510
15395
3456
931
220
16
7561
198
220
9496
1510
2246
8685
63
4346
1174
43935
4881
27718
846
31789
513
11330
321
11693
26
198
220
1510
3892
8478
28676
30470
63
47493
279
16350
10121
5893
7246
3294
13
91255
21019
2842
7559
4234
1414
6681
1040
2397
37441
198
220
14090
318
6084
1371
4011
553
271
550
38073
14408
7099
271
4841
9242
579
1428
22203
22784
10485
369
2243
2972
17
13
19
93868
694
424
369
524
279
2235
198
25393
73493
5893
25
491
8496
778
15444
30917
1510
1307
42338
1313
63
321
198
63
2911
42338
1313
7561
440
20568
321
8390
23283
383
279
1410
2632
781
8900
310
13
198
760
8742
9766
8836
2128
8198
7021
1132
364
6149
8496
778
13
271
10223
926
13205
2943
6001
8387
1521
8836
59716
7602
9496
466
20648
25432
198
8735
25
271
12
2972
63
3678
593
6304
63
332
13205
279
13263
5097
15015
10970
2407
4763
14751
52141
25
198
220
1510
4754
1640
3147
1551
2129
673
64331
306
3147
27
14523
29
2129
1640
3147
2448
8934
60
5368
13
66153
14735
22629
4056
287
198
220
13030
4565
383
411
1581
13
198
12
2972
63
3678
593
6304
30
16838
51187
9643
63
332
369
279
5097
9242
22203
22784
220
17
13
19
2128
198
220
364
264
491
8836
17066
13
5272
411
2400
5375
364
279
5097
9242
3638
13
198
12
2972
63
3678
593
6304
30
16838
51187
6304
63
332
369
279
5097
16471
8836
5227
13
1049
4523
279
198
220
2483
51891
673
7032
59326
5368
12876
440
4145
1410
2632
17839
11
791
33686
20568
11
198
220
25530
1510
17675
14531
7561
321
59610
53825
40136
1767
4881
13
5272
411
5375
364
449
198
220
5097
16471
8836
3638
26
635
524
26782
279
5097
15015
466
5097
9242
1593
13
198
12
2972
63
3678
593
85
16
19652
63
332
13205
279
6149
15922
10970
66830
198
220
27718
2078
4956
7561
1510
77646
7561
1510
71842
7561
1510
3369
28556
31789
364
1428
7982
13
198
220
1049
369
524
279
7077
22203
22784
2128
13
271
760
22203
22784
1593
71915
1092
279
1817
8523
25
271
12
1510
306
63
321
1510
591
63
513
279
4581
1510
30918
5434
8154
7041
63
15078
13
198
12
2824
1510
2721
8207
4956
63
321
1510
82637
63
2445
494
279
6452
1558
1892
440
279
198
220
2193
3591
351
68948
539
279
22449
579
23810
33256
198
220
27718
2721
59348
4956
478
1866
7402
4956
31789
14910
279
10836
26080
2107
198
220
318
17
15
17
21
12
15
23
12
18
15
11
20619
4691
17241
20
11196
82
1284
46925
1590
279
28336
579
15700
1510
2078
4956
63
369
264
198
220
4706
2029
11
524
264
13092
3591
11
321
1396
15922
1593
27718
14
85
16
19652
7561
198
220
1724
9643
11
1724
6304
8
62305
1510
1030
7381
2540
11
33256
8
27653
561
21867
421
9290
198
220
424
25
16826
20
10930
48113
220
16
11
15
19
23
11
20
22
21
15700
1345
279
220
18
19842
18394
5893
496
1833
82
279
220
16
44
198
220
9944
27718
58426
4691
17241
20
64913
95013
305
12
17
15
17
21
15
23
18
15
14
1944
40387
21487
14106
12
19981
20668
57208
198
12
43320
321
7021
9191
4868
2445
494
279
1865
9830
7099
26
198
220
1510
15449
63
321
1510
19290
286
63
4833
1132
948
279
6452
3683
56320
1070
13
198
220
357
1558
35325
264
2397
58496
1510
38429
63
318
51390
8
34282
660
314
421
25
424
369
524
264
198
220
9463
7099
11
748
424
7447
4750
874
16350
321
874
9191
4868
506
198
220
660
11
8554
1141
3683
56320
13
271
33807
745
369
5497
6596
83272
303
264
79622
43
999
6725
539
198
63
30918
5434
26657
56134
27653
561
1788
15232
7892
2107
7077
8836
6001
25
5097
16471
13640
198
63
31826
59348
63
310
1510
71842
9749
11198
6241
27653
11116
1593
14107
440
9830
220
19
15
15
7014
1396
1558
682
198
64
6452
2193
5346
13866
1510
6898
7561
1510
2721
7402
4956
7561
9640
24297
13973
2805
3726
13533
198
56782
11
1510
284
34283
7561
1510
284
8636
7561
321
1510
26474
2270
3208
74927
411
27028
264
56826
391
6635
198
7834
8060
8836
5227
13
561
999
369
9801
364
2136
13092
13
1368
19152
11
424
369
15215
198
14372
279
21966
11525
8211
26
9496
4881
11
8060
3240
8796
11
8060
198
29456
1954
4874
11
6942
13001
11
466
39049
26334
494
1510
30918
5434
8154
7041
63
513
18023
13
271
71093
36164
75
198
2
593
11763
3082
334
926
19652
70996
75
198
58
6304
1149
19370
24092
12527
1293
198
4532
283
328
48
16451
18
13
21
220
17
22
33
9919
539
1770
926
1149
198
29456
1954
283
328
35716
10535
19
1
198
2721
59348
4956
283
220
17
21
17
16
19
19
198
2721
7402
4956
283
220
17
21
17
16
19
19
198
2186
7402
4956
283
220
23
16
24
17
653
15135
1581
1132
26
524
279
44218
6966
198
284
34283
283
804
198
2
2488
279
1865
22449
3602
1518
31996
279
3638
25
198
2
795
82490
283
17915
3046
4000
283
328
1966
487
5364
283
328
11605
58634
1
56613
271
58
6304
1149
19370
24092
12527
3158
71842
60
198
2
3495
33686
18954
8796
11
524
791
43544
33686
4947
13
198
39242
283
328
15
13
15
15
15
15
15
15
17
18
19
1
260
653
393
15
13
17
18
19
593
220
16
44
1879
10885
198
31826
59348
283
328
15
13
15
15
15
15
15
15
16
21
18
23
1
653
220
22
15
4
314
1879
26
220
18
15
4
6297
10766
198
41882
283
328
15
13
15
15
15
15
15
16
23
22
17
1
262
653
393
16
13
23
22
17
593
220
16
44
2468
10885
271
58
6304
1149
19370
24092
12527
3158
36151
60
198
2
11906
10429
15232
26
49325
2663
421
513
524
16384
13
198
39242
516
5022
283
220
16
15
15
15
15
15
15
198
41882
516
5022
283
220
20
15
15
15
15
15
198
1967
1650
5022
283
220
16
15
15
15
198
435
15501
283
220
16
21
198
71093
271
71093
44675
198
30918
5434
8154
7041
420
19370
24092
12527
22562
2267
31358
24092
75021
1644
1
1088
198
30918
5434
26657
56134
22562
11763
3082
334
926
19652
70996
75
1088
198
10223
926
25459
271
19318
359
1211
1074
16
17
22
13
15
13
15
13
16
25
23
15
23
15
19652
30
16838
51187
9643
6
198
19318
359
1211
1074
16
17
22
13
15
13
15
13
16
25
23
15
23
15
19652
30
16838
51187
6304
6
198
71093
271
33490
10836
4881
513
1510
71
34098
29968
816
7561
1510
6898
7561
1510
29456
1954
7561
198
63
4532
7561
1510
38429
7561
1510
2721
59348
4956
7561
1510
2721
7402
4956
7561
1510
2186
7402
4956
7561
198
63
2186
36962
286
50199
366
7561
279
1510
2186
44272
63
24102
6679
3559
11
1510
284
34283
7561
1510
284
8636
7561
198
63
26474
2270
3208
7561
1510
2428
9643
30006
7561
1510
673
82490
7561
1510
89
3491
7561
321
1510
2082
5137
27653
198
63
38429
63
27718
9398
63
735
1510
91342
63
735
1510
35819
1140
7561
1581
1510
9398
7561
31265
506
10146
8
48113
198
7949
5165
7099
279
1558
16545
11
321
369
1092
1396
15922
1593
1892
36066
85
16
19652
7561
198
63
30
16838
51187
9643
7561
1510
30
16838
51187
6304
63
1892
15339
310
9973
279
1558
1510
1267
7561
1141
198
63
400
7462
7561
1141
2468
1410
2632
321
3315
279
6040
9652
2924
318
3892
286
11
7141
11
198
19290
286
11
31838
2468
11
1510
2721
27896
63
321
866
2468
21482
8
4833
506
660
13
1049
369
198
9709
1549
4598
1056
65316
1521
37794
7148
261
1140
21610
369
1132
6426
506
198
21564
11
948
279
9944
1752
2892
34237
7920
1528
466
1503
524
11
864
369
1248
1238
198
1719
15922
2713
369
5617
13
496
1701
424
321
279
2713
369
4763
12
1653
908
310
264
6040
1558
579
25
271
71093
36164
75
198
58
6304
1149
80
16451
32773
16451
18
12
91342
12
23
65
1293
198
38429
283
328
91342
1
256
653
16545
593
85
16
56671
23826
11
524
593
85
16
68914
24297
10502
880
198
71093
198
63
2186
36962
286
50199
366
63
27718
6487
57569
2768
91
9997
91
25252
91
11553
7561
31265
506
10146
8
61161
264
198
1967
421
12917
874
31626
5576
383
866
7099
430
413
279
2849
995
3106
421
198
927
1892
11135
2849
1510
19290
286
50199
366
63
14
63
19290
286
63
2590
14387
11
321
3983
1973
198
1719
1328
2426
836
3683
579
1765
1581
13
271
13962
3495
27327
20100
24102
16184
271
32
1622
421
7613
1159
264
24102
2002
5055
279
46369
629
42313
579
1765
4501
26785
364
198
8761
1558
11
524
54102
321
524
264
3626
7692
13
28970
9801
10146
12
57576
6679
25
271
91
1328
735
2020
735
7063
735
198
91
4277
91
4277
91
4277
91
198
91
1510
2186
51729
63
735
47029
15
11
220
17
60
63
735
2972
13749
369
15578
332
1892
1436
3559
735
198
91
1510
2186
10116
605
63
735
47029
15
11
220
16
60
63
735
220
16
13
15
283
8127
735
198
91
1510
2186
10116
4546
63
735
1510
9628
220
15
63
735
220
15
283
8127
318
12718
660
8
735
198
91
1510
2186
7033
605
63
735
74988
15
11
220
16
44646
735
220
15
13
15
283
8127
735
198
91
1510
2186
54509
79446
63
735
1510
7368
17
11
220
17
60
63
735
220
15
13
15
283
974
735
198
91
1510
2186
38800
79446
63
735
1510
7368
17
11
220
17
60
63
735
220
15
13
15
283
974
735
198
91
1510
2186
1243
53897
79446
63
735
1510
29
220
15
63
735
220
16
13
15
283
974
735
271
25177
25
271
12
2972
4699
1328
87157
364
6681
799
67050
32360
2002
159029
1473
11135
2849
869
2590
14387
11
198
220
383
1396
7099
13
2972
2014
11135
1510
33413
25
220
15
63
1990
18082
804
54102
332
1892
54102
369
264
198
220
19260
5307
321
25710
6681
65975
26
424
1066
17397
1602
1092
449
49325
1235
2849
5055
13
198
12
2972
2324
2943
25586
8563
3408
2586
332
27718
14
85
16
24297
10502
880
7561
36066
85
16
68914
24297
10502
880
7561
198
220
36066
85
16
69315
7561
36066
85
16
31355
21945
31789
1521
781
4191
799
35022
11
1510
16815
70338
5164
27653
198
220
1061
369
42849
539
1510
18633
75058
40885
54953
37125
908
4322
61889
30012
7561
524
539
2250
198
220
10672
314
279
11870
37057
13
198
12
2972
19348
68
83272
3254
65244
159029
357
5555
440
874
1328
13205
279
5165
52014
1581
318
3757
198
220
220
16
13
15
11
1844
605
220
16
13
15
11
1844
4546
220
15
11
1262
605
220
15
13
15
11
29007
974
553
10646
264
20100
38491
4161
11
15444
198
220
4161
1892
635
524
16525
264
869
13
198
12
2972
63
2186
51729
283
220
15
13
15
63
369
18023
506
10146
159029
357
6942
348
2186
9
369
54102
13909
13279
11884
198
220
264
2124
8628
25
424
1000
47733
3668
22449
23697
310
1396
49325
1235
2849
11
864
369
279
198
220
29309
1439
6679
2905
310
3921
318
7862
16894
220
17
15
17
21
12
15
23
12
16
24
25
88064
868
1459
914
599
310
8418
54102
11
567
198
220
6420
54102
694
567
8418
1092
279
1156
38587
233622
88064
868
1581
310
1092
513
279
198
220
18005
233622
88064
15069
9037
628
1791
4562
59514
553
198
12
2972
34
614
279
20100
303
279
79622
43
3847
159029
561
1324
16673
310
279
1558
579
20100
11
524
310
586
26
198
220
279
42902
369
1092
17397
264
2843
20635
1440
494
328
82
6182
7520
1
264
43472
869
13
198
12
2972
16471
1973
866
1328
513
4763
12
1653
908
310
1518
1439
6679
23533
159029
23269
1365
421
198
220
3305
836
1765
5165
16184
1990
7892
1070
494
279
4560
318
9239
18
20
283
14392
29844
579
220
15
13
20
14
15
13
24
1174
198
220
264
10836
1328
17318
3903
421
5157
1581
11
321
264
24443
6596
83272
2424
16563
1472
2002
198
220
539
2002
4598
1056
33313
13
271
13962
3495
14548
11378
25
1510
6082
5673
15275
75058
63
271
8114
27597
3305
44716
24102
18005
1892
799
364
7047
3728
11
799
364
2397
95530
198
10269
16451
18
13
23
25
7047
1510
16
13
15
14
15
13
24
20
14
17
15
7561
2397
95530
1510
15
13
22
14
15
13
23
15
14
17
15
63
478
1510
70921
79446
220
16
13
20
57208
561
9766
198
63
2186
44272
63
6679
3294
513
279
36227
6560
26
449
9801
23283
1898
48113
279
2018
25
271
71093
36164
75
198
58
6304
1149
80
16451
32773
16451
18
13
23
12
17
22
65
3158
6082
5673
15275
75058
60
198
2
24919
7840
6679
11
20961
1062
3179
318
1719
1898
803
2640
864
6560
681
1788
20629
11
1788
198
2
10146
10206
11
1788
6942
12
33413
41728
13
1473
39949
1898
369
15578
13
198
33413
283
220
15
13
22
198
3369
605
283
220
15
13
23
198
3369
4546
283
220
17
15
198
70921
79446
283
220
16
13
20
198
71093
271
25177
11
383
1844
314
4156
3294
318
7949
660
1990
9687
1892
449
11135
2849
869
369
53176
198
1908
40787
539
2892
6560
1590
271
12
2972
760
1622
579
12788
1864
21035
7047
3728
21220
279
6560
332
27718
1652
95215
15794
476
1891
7075
57208
198
220
5586
41019
421
61161
310
7047
12105
1892
1510
19290
286
50199
366
25
328
6487
1
45991
89413
1
7561
198
220
1510
12192
5673
15275
25
867
7561
1510
9398
8428
35037
27758
5673
15275
25
867
7561
198
220
1510
19290
286
25
5046
15401
763
867
27427
1510
965
36962
286
25
867
7561
16092
42481
198
220
1510
79420
4697
25
328
11637
1
7561
449
5497
1510
2186
36962
286
50199
366
283
328
6487
38593
50716
449
198
220
17462
1622
11
466
1510
2246
8685
63
24123
279
1683
3289
974
318
16828
1723
11105
286
198
220
19304
1132
26
1675
7324
741
51948
7154
383
1683
14751
1931
19304
2426
7047
198
220
6004
321
1831
279
5839
6560
8
4829
279
2397
95530
6560
364
279
24102
4881
279
198
220
2849
2047
17462
13
6983
975
3728
318
79420
383
11
466
279
3683
579
1765
1581
8
4829
198
220
279
5839
6560
13
198
12
2972
32
1558
1973
279
1898
369
4763
12
1653
908
310
1518
424
23533
92217
799
6560
11
1396
3728
13
198
12
2972
6737
977
2496
19717
159029
357
2002
279
20100
2047
680
314
279
2397
95530
6560
16563
310
279
198
220
5165
52014
1581
11
524
310
279
7047
6560
579
869
1892
279
1330
11378
513
8387
20100
198
220
7233
11
321
53968
1070
1000
8418
4947
874
20100
4501
13
198
12
2972
32
22449
6483
6434
5702
1105
1220
381
2397
95530
2640
748
440
198
220
1510
2186
36962
286
50199
366
283
328
6487
38593
332
1892
421
61161
279
17462
1622
310
7047
12105
198
220
40352
11
321
279
6560
6381
10695
13
1510
37405
3513
476
3549
63
7249
13205
279
5839
6560
13
198
12
36066
85
16
24297
10502
880
63
369
264
6891
2195
14322
7099
440
874
7047
2444
25
2590
279
5839
6560
13
271
71093
36164
75
198
58
6304
1149
16965
4691
32675
12
19
12
18
16
65
36268
1293
198
2
629
42313
51541
25
11225
4691
32675
12
19
12
18
16
33
36268
1558
3575
11
328
14055
61563
1
1411
328
16
13
92019
198
2
13131
1
3376
9947
279
2614
48330
24102
6343
3808
660
958
198
2
4886
3842
76027
639
539
279
15400
579
1765
9191
5164
4182
321
539
198
2
15910
5535
20863
4691
32675
25137
5152
24092
16394
62
19
13
3054
524
328
17831
685
1
1439
4947
13
198
2186
51729
283
220
16
13
15
198
2186
10116
605
283
220
15
13
24
20
198
2186
10116
4546
283
220
21
19
198
2
4923
38491
4161
364
1262
605
466
279
29007
25
2047
506
279
5165
5129
11
524
34319
13
198
71093
271
332
1113
69383
15064
3314
380
3843
84249
25
7620
1118
11
1179
2124
159029
74988
6304
4749
60
63
9714
513
15215
440
198
63
86869
55581
11787
7561
748
264
7620
421
4026
942
1439
6679
2972
35748
50
80790
332
383
264
2124
14885
198
47092
1892
279
1788
22149
1510
2186
36962
286
50199
366
63
3354
303
343
15
13
24
17
13
15
13
14263
279
7620
16360
198
3765
11
7440
424
369
3756
11
1179
3041
279
2124
13
271
332
9366
60446
16252
159029
11396
4862
9919
3983
6
20100
18005
2830
60735
362
198
23832
27718
3369
605
63
361
220
16
