13
11
198
15
279
25
220
271
16
30
17
29
321
14235
310
328
12
15704
264
18
6970
369
19
14
20
21
510
27
303
23
1510
1
364
471
28
424
318
22
24
26
353
524
1144
628
63
440
413
381
1165
16018
383
1156
466
874
8
2972
579
1628
4222
1921
781
1892
421
735
430
488
332
494
694
314
2466
4087
513
914
10380
1534
1542
1596
567
1132
593
1318
4110
248069
91
2193
561
411
958
1558
1137
599
5707
283
506
1381
1368
3300
799
248046
478
553
82
760
748
22916
4148
3158
53481
1092
248058
1970
248059
394
6088
1910
1179
15400
2570
6163
681
728
7936
449
1788
944
38294
33
7561
40
2830
1716
10966
883
1220
262
539
77
1459
6
286
660
2302
1428
2528
1518
359
491
682
68
4581
1149
4779
256
22846
5224
635
4021
1528
8313
1228
1865
1990
61446
74
1118
290
1752
678
65
2640
79
948
4548
1141
69
44
4955
791
87
1727
15865
2136
2977
12513
10631
498
668
1622
64
393
85
976
8602
27896
1238
67
313
76
20759
725
1167
66
1822
72
6558
42418
2582
43138
1608
2552
343
2914
4706
888
28408
4162
8106
790
4
1066
4880
1056
20668
59
557
16451
829
1048
3019
80
3425
1103
1870
7141
6813
3756
2468
3274
6297
9859
60
999
8439
2400
287
4101
1001
27653
1083
1330
83
1040
2107
20619
1724
3983
1049
4424
6231
11069
357
585
17674
10562
3992
2233
8057
17587
7054
9640
884
2313
78
4393
311
1715
1189
53
7402
9251
36
795
21966
1521
1345
334
71
48
1901
1151
1754
3618
1902
10494
7014
487
1236
763
1973
2600
9845
4203
7285
1876
777
6040
16058
5099
3817
285
75
3614
11411
8445
3669
2526
821
4884
956
55
32
9066
1791
62
5454
2426
1010
6971
71093
1362
926
3108
2592
1683
325
641
23868
4125
2450
3835
5972
70
1070
9
2441
2842
3254
10885
22326
1396
436
1438
92
7167
28320
3315
2222
864
1414
3404
980
5165
470
4831
1074
38
2420
1690
1723
462
1357
1395
1412
2100
2414
2560
31038
64700
14934
28647
3418
348
586
653
4722
50
6454
2243
1411
836
1785
1366
866
57
6681
1332
86
1590
43
5721
6587
23331
1174
2923
3515
3296
2131
3082
1965
20633
51
20049
39
14791
84
1562
6042
15243
3133
9665
10
2624
828
878
12650
380
685
3421
6942
4532
1440
1000
854
54
361
42
7873
4277
1481
6149
768
7320
2805
716
1328
7123
3302
52696
16561
803
3286
10399
1503
5213
3464
2873
3447
1017
3555
1532
5614
10582
88
1817
27502
9764
816
11988
2218
733
2235
159029
31930
4100
11135
5790
2308
469
2532
4221
17872
632
10033
259
45
197
71802
2695
1172
3370
5272
90
2166
1830
93868
1248
13092
1429
417
18710
3481
2250
4598
5346
8213
5484
5927
476
4417
5008
12910
4182
2075
34
4434
680
2228
1761
580
81
4711
4072
7838
23513
9653
23535
1076
49
3502
13050
2349
27370
42903
275
1627
363
59860
47
2397
89
1765
615
1301
4336
10741
2423
7520
92217
2493
2272
5983
41
10125
5774
7
1906
482
550
1284
4757
274
2083
975
35
2294
5642
3979
1088
2725
10206
4416
1331
37
10442
8198
2876
16401
56
5471
4252
1042
3
10453
2980
3766
4191
3136
710
37972
2019
1660
1852
22521
2790
1472
7465
8390
1918
1204
12636
2844
3172
1061
18905
8097
261
1483
3808
28336
2702
73
17566
2
40352
326
4523
16823
13553
20068
7652
25705
5902
2577
3591
2195
1581
307
1402
2424
10673
7072
10895
14629
2124
1433
2715
3749
5331
2099
58
85152
3482
37978
44876
24147
6337
1879
9495
793
26384
333
591
10429
52
309
13962
4243
3184
534
5434
3847
2361
2519
4566
1142
3336
2224
640
5148
446
5354
280
27718
12204
61535
19896
745
458
1732
18295
5608
2612
4181
3563
460
11591
82170
2144
1423
344
6937
1436
13769
9376
2962
31
4370
295
1698
5893
4778
13540
48659
569
809
2713
38708
25499
4534
13038
281
3950
32671
2915
2957
8754
36066
6158
1500
1004
3719
1954
3213
6121
5097
24822
16097
3070
4490
1719
9705
1599
19088
1067
1825
6129
63520
835
5020
1782
709
90718
1866
13745
8418
9416
15728
5036
830
33389
4006
50802
90410
2000
1350
4844
9496
804
258
6157
5533
5222
3437
331
3359
28763
4520
7920
32773
6761
5593
351
869
4808
5138
2716
1786
5759
38256
378
159034
7594
39046
434
2496
4238
6397
4145
600
46
3069
4560
2814
2721
20564
10280
269
486
6507
2961
1593
4691
998
16629
1856
17237
9542
12333
504
5332
1898
6575
6136
1669
220497
15015
1467
3578
17313
4862
7317
3604
7497
403
877
12654
636
420
9345
4924
1245
17404
1159
6891
3667
437
10604
49219
913
345
2781
16985
9468
5728
8387
1676
3689
36213
10993
35426
2581
5832
16526
2706
18649
4954
9239
5171
4437
10419
5307
1691
6302
2444
12168
9307
5072
765
1442
2149
11436
1324
3051
32439
6513
6601
51860
8976
5904
2708
843
35932
7629
9966
4821
1146
1262
3074
1987
594
3710
7440
8015
2050
2943
27327
841
1845
2857
12558
33686
10505
12195
5257
49942
2503
2393
6052
3102
4433
3029
850
3309
13792
4563
4213
3712
784
7154
3010
3683
2086
523
7359
20335
9575
5860
5324
871
4147
3377
5081
387
9787
708
16655
7620
1960
263
3165
4276
2767
11346
11158
3470
19014
9559
2212
7560
4961
6125
15135
391
1831
5853
2737
8457
1121
4290
31338
7478
21059
6326
9584
406
17120
2629
1439
3525
911
8871
2759
4562
1420
5285
1844
638
6922
8734
81726
8836
9801
37115
427
1653
15734
663
5106
4016
684
12182
2394
12882
5975
4089
496
45543
40121
34773
4507
4557
443
2318
44675
7099
2583
22188
629
840
11540
8484
5915
6951
382
9807
8806
350
2342
4161
867
17044
65244
6713
3575
3371
45850
1770
2764
5492
2887
13779
12960
7294
12641
1919
3579
11258
9973
3242
2738
4602
3655
26750
34271
3921
9868
25170
16908
6560
1577
426
11715
272
6171
1321
31391
15953
9341
76433
34993
6673
3750
8561
4947
5350
2531
23185
40161
2255
9537
4618
7174
2404
3357
3564
588
6699
12525
2321
15066
1773
12351
974
1607
16384
1667
6849
5478
2081
1354
8042
908
6618
7888
11361
19503
5375
54586
32645
886
5362
17591
3050
1602
14835
5436
15816
4123
15771
15977
3059
13402
4138
1120
6277
3129
18169
4906
473
2433
4687
15796
423
312
2569
3387
2717
6830
2280
5829
6000
265
8570
8434
1065
18252
5428
5691
1603
3728
4131
3238
21979
12321
9463
4610
4799
4661
5128
4220
3289
3977
293
28109
342
25045
4774
3141
7055
3349
8516
1257
10836
21867
15227
5200
9989
1379
29551
13914
2548
528
3240
414
52965
338
34929
6925
9038
4619
10121
31686
7374
14542
4763
257
4874
53348
2481
4062
5917
3018
7824
652
76926
995
31984
9626
388
23683
11316
3110
6725
1981
819
1394
5787
13983
266
904
9802
25258
2022
34725
3105
5813
9209
1920
457
3619
4713
4494
4047
25710
18716
13682
1406
4472
11269
16134
27784
38631
3134
1272
14905
20734
1675
83712
10485
837
9679
19900
767
8978
9956
10204
11782
11668
22258
2904
18997
5861
6009
5637
2448
1799
902
13262
6707
713
1353
3061
2849
21835
18516
11823
26622
5426
712
11969
8997
5639
919
14855
2357
7278
2381
5757
2665
4487
5144
673
15019
17189
2267
2905
16866
20827
5039
1560
464
306
1496
5469
3145
23703
11950
1484
291
5979
367
31626
2446
1455
1647
12083
8851
24724
2945
18910
978
2094
10732
6283
1105
10184
15511
87941
13928
40040
12485
74927
4139
24816
19052
3008
11241
1380
2649
15705
2534
1495
5046
2794
16243
320
30394
4992
90448
78902
5568
14304
868
9163
2984
304
6907
22903
18479
284
5545
15673
574
2164
43697
4613
9252
14733
13522
14456
4936
3166
1002
3429
1018
8240
2572
1021
47953
5467
32561
7225
9191
52434
3160
5617
18588
14944
33877
12715
46930
5077
8574
11352
7268
5215
30293
2216
6572
6676
10597
9969
10839
10098
8306
9155
1994
6126
107
9830
63008
366
2047
805
1609
39125
11147
5313
15005
69892
43491
6007
2605
4965
11870
1302
30456
59929
4842
813
273
4368
22756
36597
43143
5802
4944
14862
4516
8742
1425
8129
4052
1946
25689
977
3727
15464
14040
4439
12283
15328
42481
3896
3065
3850
365
19814
7916
2590
23895
5883
23985
2353
6505
548
4881
7786
4952
1387
10229
19954
12688
2597
55821
6526
3773
33233
7807
5752
4274
25423
5048
12263
32524
4237
33902
2523
4679
2880
9687
2336
3798
7658
349
6607
2428
226699
1891
21094
1471
6025
1759
18583
68022
12443
362
7129
9150
7249
15700
95294
1881
544
824
34032
8884
72414
7929
3988
3520
1133
61
3521
16717
373
7556
47094
11222
6165
9284
9522
9976
3037
324
5122
3799
2617
6982
1024
5016
4056
787
942
38049
61610
31789
951
23285
812
4105
15339
846
1445
3568
3443
2774
3269
2785
2756
10174
74021
93531
5887
27044
3577
25584
16484
13809
31209
12019
2018
41954
3394
2792
277
5732
36940
1452
9064
3154
12977
31230
60363
3150
3725
35971
416
371
18336
13933
5997
20568
1783
9103
11036
44646
4625
4120
14943
2324
8442
12755
1267
14586
47675
825
38766
10968
1733
82253
9964
5140
21853
8028
4775
94802
14813
11525
22424
8702
12876
23338
11774
28253
10281
354
2279
2483
6992
22449
6596
4272
4035
52920
25459
16275
58196
8412
7176
28274
30800
19315
11930
11256
4565
8798
1618
2002
3665
1834
1543
54476
10548
2181
1957
48834
59987
21360
13942
5134
4097
3572
2741
33702
6250
409
1712
15797
54143
2284
2604
35542
2129
20245
4528
2064
2949
3147
6486
1968
70996
17464
32740
292
2478
14836
2261
41928
467
20012
10708
1546
13205
625
10756
3860
2677
24297
6150
2730
64832
3648
19039
5413
2469
6522
1441
26156
1928
9699
1527
578
4396
2610
60723
45366
3622
3436
3644
639
3095
1325
3462
34987
3889
16350
9242
46120
1089
5621
47944
2645
14590
5653
9722
385
14107
18081
1654
61758
6473
1944
2213
1877
973
1030
3162
4570
6228
7019
31838
13453
25165
6047
3611
63683
10255
61794
10535
18598
4886
19159
1942
6564
1060
7042
429
2373
1787
21482
20589
16456
9888
4543
1657
44829
5010
1536
2803
49198
11486
50985
40278
3827
33206
3833
64977
2456
15683
30290
2543
22527
4109
26681
2048
278
1705
6381
4559
2192
29331
1925
1401
8318
9184
6999
5839
4202
9218
21297
4643
87301
425
17856
19712
7063
8928
19913
2500
25286
4860
15742
3043
5068
30918
10478
3608
15615
2892
6093
7813
1809
5055
10390
26946
71570
8453
13044
606
505
4216
13759
2327
1576
7262
18184
46737
11220
739
3140
4953
1052
22749
6750
17225
3870
3813
1393
2480
1639
7169
17030
12997
9834
12125
2843
75530
3790
925
14192
3849
1804
8060
6859
12681
10031
49300
17548
9253
18834
34534
20738
18035
17066
68508
23967
631
21402
587
2542
936
9321
24207
20635
4184
7890
9646
18922
9175
4257
12692
8848
1537
7455
4587
55404
75336
2061
37993
14908
1992
5073
18425
2691
14717
6747
17038
19652
25804
85231
514
20473
11378
5830
8232
24693
5565
1079
4702
32449
2133
3473
1652
2359
3181
93
17642
851
11960
1610
4501
1240
42427
44125
12089
11046
16240
6679
75370
7697
3305
4351
50921
453
20010
13280
6762
8934
9053
48570
4106
997
554
8120
18817
32288
13224
8476
21921
29183
10457
1575
11533
3772
2688
15291
5344
1104
5315
8545
36630
5894
1421
11176
38493
1780
7077
15321
12305
562
623
2168
16234
10378
62929
7458
10298
23443
14642
4045
3559
21500
319
18100
9885
8211
30091
3299
10451
2894
44900
5150
1223
5670
4156
3179
25621
1848
989
51586
8019
4313
28603
9370
2306
48184
8173
6866
3569
7481
5284
11791
294
3841
6195
16070
2439
564
8282
8852
9714
31589
5392
7047
3840
5418
8705
674
29768
27011
5951
58377
13235
56075
4478
2388
6481
46773
2660
17759
6857
42809
6829
6881
6576
7875
4868
45309
17743
1407
11337
15043
47733
21610
5353
906
6001
1250
51976
2179
12401
12482
1917
27686
402
8755
8020
1375
82520
5435
23311
24979
50355
1644
5604
10223
1062
4066
2940
22371
659
3063
9019
14159
2316
7982
16338
4786
20260
34586
1651
17515
12205
12906
1680
4599
11128
551
92306
10534
69856
12100
7148
5265
10020
288
5251
43874
3026
7842
3915
7021
29653
8404
9791
3765
40693
12669
49869
9861
26380
3054
4939
14392
5281
8307
7622
778
10263
529
15588
493
5129
86344
3638
23314
82431
80277
24460
9546
6568
558
54802
3202
14014
26334
984
880
22743
64460
3393
15513
14992
4590
7318
41334
26370
477
5365
547
3853
64498
11064
18083
8540
14371
39771
40701
10304
12311
55267
7968
9663
5187
3126
17448
537
6820
4639
2663
72473
7948
21061
9502
20105
3041
22542
61732
11496
6220
25586
11553
5368
267
2551
3498
24385
11312
22468
1916
7234
12295
17469
7731
21814
5742
14388
6979
5445
18118
12864
4054
5805
6131
4937
34082
3625
6743
19842
13001
82106
13187
8047
1551
9884
5947
41689
5339
6183
6643
15167
1574
24092
7586
5474
1988
3697
66320
198855
4128
5458
3237
2407
7995
2263
10054
5357
2330
58256
9770
30566
59419
29456
40988
13336
21113
20923
7634
5686
2521
4034
2070
789
4479
33633
520
723
4275
45061
43765
5342
2817
898
3433
1206
23620
35704
3511
20971
15886
22330
10853
575
2015
77244
3325
59492
55856
1012
714
73595
4037
28125
59364
31659
13948
516
2512
8160
6355
20480
22857
3566
27864
2253
10236
0
11567
1064
7056
11315
657
1152
6436
602
29997
10046
9082
19221
4117
4777
517
16092
4744
61478
4331
25899
6516
2176
2438
68153
19287
3401
31265
18890
4754
15205
327
9527
1873
91484
8869
2574
25903
94085
4374
13418
2586
5142
83871
34098
14658
45391
5792
33539
78533
8026
4055
14273
11454
4670
25178
6745
43072
6672
57208
25773
14469
7515
268
33241
35464
8772
3778
13188
316
727
20392
11639
14996
415
3668
6599
78571
4471
80798
2933
11550
2937
3480
24797
21729
720
6729
19645
852
12219
26703
4732
29594
13441
16643
5111
8389
8996
12619
16826
3721
5772
6784
2993
24459
25291
8429
50966
3364
8981
18258
28873
40355
611
45640
2902
5226
2487
23402
10806
8311
1287
542
323
7655
23856
751
1139
8660
84441
13428
29649
12642
7415
79114
7250
2445
12964
736
11319
1095
8024
12156
41042
1896
802
26532
931
4341
1857
9086
6198
59056
5158
1541
59218
4866
3679
94172
6065
4442
4558
165554
670
59610
5022
15123
13870
8626
3752
5629
299
10287
9167
45369
1304
29752
1630
14053
4338
5304
4129
24102
31128
8526
7244
2024
9812
22703
297
15403
337
81787
5237
7441
17181
71105
14861
23129
15808
3085
2506
658
16547
11173
3892
19457
11857
20735
12262
4942
12611
28293
3222
26785
2454
2128
4879
13154
9238
6103
7179
5328
26613
10890
7899
23210
8712
300
14832
14648
80357
8610
1117
519
2340
17377
4920
23310
31184
3603
2202
7698
2297
18913
24733
32147
57242
21427
8059
2925
2942
7189
2074
14060
6112
49133
17655
3335
12282
16757
33586
37514
10029
5102
10168
7793
5132
2634
4283
49464
8396
27437
1011
3196
58426
45759
63173
12105
10014
13901
11447
3311
55249
492
13139
14773
27293
2680
1801
27159
2944
11607
8380
28662
3016
41163
5638
188912
17458
14322
1617
15239
2387
47785
27069
10964
37753
7810
5758
7789
6608
3428
38191
12521
1140
1323
25798
1833
75740
762
38606
85679
4690
61384
386
5548
535
12149
48372
64249
17353
7345
1192
18944
2121
13232
1112
13715
15766
12993
43494
7525
18211
13909
4673
8556
1746
228962
18948
8348
16944
13984
7336
11280
5084
16415
77450
2879
37158
2678
19942
11494
722
1288
2031
5245
64941
25971
72564
56485
3438
34577
696
32675
8786
4795
16899
1113
11249
10052
7683
7274
2069
15214
4515
5404
3431
3974
9403
3672
8732
9101
85597
5555
4888
31092
33829
559
21568
18675
3171
4829
698
45328
13764
33671
14212
26054
2119
26926
11396
18468
13749
1858
20060
2907
16305
9306
170286
2594
4749
9648
36602
26824
13902
27228
8083
36210
5981
72384
10083
48804
18020
3376
42449
15060
14518
10713
29588
8242
10000
16924
1597
3512
11330
2609
21473
57500
305
8882
853
13926
16759
26388
6763
4204
9061
6588
1170
6348
33488
8032
33807
9201
965
5409
7834
4496
47248
6821
8677
2329
13315
13007
3294
5031
14519
9257
592
22651
4577
24303
15184
13094
14408
4621
12076
4465
8006
13282
6945
9469
38144
8279
7926
9668
339
16300
12317
2343
1143
18887
6420
19228
31086
40408
54907
2639
1171
27222
2908
9711
11205
82210
11604
73299
34131
8379
508
435
25137
56320
6498
11861
39100
10583
1148
25147
12584
85027
6243
24993
42232
53857
19474
12261
14429
3955
10379
7765
32354
1650
7715
49428
815
856
1640
1479
26590
30855
5576
19025
2005
43797
390
9947
4802
7276
7361
16975
61738
9919
6053
2020
33270
6472
5402
7551
589
8454
61369
9712
20112
5666
172100
9944
36367
18541
4851
806
814
16753
1554
298
4694
38068
91689
4466
20139
42634
10325
17287
5174
15773
35718
38139
5289
4680
4736
7739
2871
1658
7734
12771
4300
24490
1273
6217
17241
8385
76787
12103
4483
31997
9192
20454
30484
11504
19556
49835
1824
2599
24439
11290
94497
45361
1200
4573
12527
730
7960
3999
9485
35007
22028
21118
1778
54102
8771
1927
3354
7438
58655
22373
39811
3476
17830
23065
39972
61841
11116
2492
3545
18420
22764
3746
53916
7466
20003
52726
4766
93144
565
52838
13808
44920
23046
26162
8770
6044
9761
6577
21345
23508
52642
1235
12573
18730
3874
1211
12035
5182
20580
3035
4980
2374
605
2366
1349
17397
13016
27462
5514
1242
21050
80361
14385
20359
9586
4310
62263
5615
28392
577
9412
15574
759
1985
2829
6901
10970
41643
26820
622
74988
3583
33931
6466
5821
11321
32224
1696
28121
5252
10481
9033
5680
4918
6602
10383
48855
19335
58894
4841
6847
93067
697
7559
7106
20368
3717
10897
12754
2390
39017
468
7025
2037
26864
11189
2573
5524
7915
731
58565
10146
943
1757
4011
5586
8977
10386
5722
5817
7891
6027
12524
7265
3282
2085
17554
4225
32817
31941
24358
40387
2658
22281
8187
12091
41085
4005
3445
18824
27355
42412
11291
1022
8598
63881
48794
21531
47241
20182
6549
13766
19633
65942
1453
4454
13864
3757
4108
2113
703
3494
32961
19787
1661
23104
27867
6649
45924
3899
28928
53650
15922
21250
4443
13120
14246
35810
2095
11767
12152
21156
644
85683
797
4409
4592
13514
8785
12785
16432
23753
4003
6439
8530
75108
84828
1371
12858
20771
6282
7500
2530
9971
2490
17815
4876
10739
26231
15579
6015
31084
31445
2442
17158
9375
55976
2332
72115
2606
14208
53030
21831
15756
5359
1888
887
400
1784
18002
25293
6631
10811
23156
77506
11208
28707
15197
839
5115
26865
28712
10926
44250
86882
11313
81010
7945
7199
9637
20479
2143
21685
26079
10605
5261
8865
12217
7799
22562
4816
15697
17509
9146
24911
9325
14991
3720
4435
61932
21851
10804
10213
55217
5696
5708
3506
22090
76478
2205
1679
32508
8563
59934
85322
34579
51790
15089
2935
83081
10932
18950
6038
18673
27952
2077
26157
10660
5909
31118
29995
24834
80523
46170
66532
1996
8847
16577
5091
5527
7087
786
5438
9077
949
35260
33564
4415
1820
1798
31548
3905
2096
28953
2491
12943
33793
35141
14090
401
21433
12995
4676
1816
39188
1781
16545
5098
1926
15141
27734
4493
13556
27586
3522
43190
37250
61781
11296
2319
13600
329
15572
2154
501
10649
15440
8162
3361
14870
24197
28218
38045
21736
16184
2200
1314
1802
10911
7545
8481
63853
31600
16465
23014
4536
7878
25869
2985
4346
6459
8955
42529
57381
37048
642
16525
13550
19318
8794
23022
7937
9959
19290
42466
341
5730
3947
8410
19912
614
4030
2117
6645
2518
3290
2739
16876
5167
2312
6734
38705
60002
8339
13011
1234
35435
37359
9183
15087
8169
8341
9849
11656
38176
20362
11814
6767
6718
34028
1293
10598
14751
2010
20653
15382
11325
37116
8750
81347
19767
732
62807
5287
35494
8289
7700
2643
6795
16036
15686
13329
6338
29310
20678
30140
1326
8678
20895
11817
6741
1662
58621
3759
28530
596
2932
29643
724
18770
20007
1643
13744
26103
11255
40818
5743
25241
3514
22005
22440
1196
4115
6004
8363
2545
77930
7869
9158
8371
18261
31088
11218
3033
3157
3742
20952
15814
7764
717
2992
14377
3186
442
5427
32335
1265
48603
8217
375
3609
5689
61911
7484
7428
3307
31579
22166
5767
1753
2138
10872
9930
2034
827
43251
84124
66350
72349
6716
4688
25181
3495
15234
12348
1193
15862
8604
5480
8127
1760
14086
14737
25552
28192
8524
1249
67447
14197
15318
3964
16936
7795
1547
8483
1178
6862
33869
2126
3641
22825
1714
16520
76530
14714
5536
9170
2921
36944
11223
441
45025
18652
2763
10776
69551
6483
44199
19152
24603
10923
79852
211614
33093
45109
8058
12954
31097
2148
19114
13753
6611
25044
12415
33341
7252
721
17471
11039
13343
74903
3219
4771
44341
1405
7190
21426
1764
50474
7131
6639
50606
53269
11665
3203
11171
52562
60404
3864
3693
18216
7752
32237
3822
11700
17723
9063
20420
3384
13145
28365
4344
490
28133
27123
6237
56415
10856
10140
28177
2171
30125
4545
15981
3191
57129
4993
13322
76068
14760
33601
22151
8868
1015
9643
5303
7644
11717
19101
3137
25860
14095
13646
6437
13432
15861
14166
10834
7081
17200
56004
12238
10743
28898
1478
34810
74533
24156
59463
59286
80939
7393
4475
36397
84810
1516
10650
4058
4674
14293
4660
18023
50896
1803
37441
1905
6948
11040
8699
9775
5069
5242
14387
20382
37794
89304
672
14103
24559
4535
20341
36076
2723
1605
3266
3285
2029
30211
34580
7605
11693
33791
64561
737
4418
5946
20325
45157
3127
7701
13881
11048
18612
2197
5236
5384
25530
4486
377
37306
2437
10467
1923
3039
62117
55341
26510
531
69583
7151
1344
2800
1682
7575
36022
80265
28609
41490
18413
55000
15278
6709
15906
11946
15855
38593
66349
7062
29554
21292
3558
24679
7289
3367
48213
26984
1908
7335
6759
28000
7434
6616
15011
15377
31874
36265
5491
1126
51372
503
10195
27415
1009
40027
6077
16050
81524
22728
16347
14619
3200
18607
18777
35658
2515
11293
7472
29254
32002
11227
9237
4384
2309
3173
42463
9212
3895
12850
3284
6259
12269
1203
1027
3806
2885
3040
12996
3451
42181
5499
3938
57552
13806
10172
5190
35414
38200
11712
23191
25157
19441
8796
21579
2011
3131
41424
3276
7993
3402
11368
8468
4603
11910
9671
3199
49282
5323
1463
2911
33939
58740
20740
2231
6170
10636
7892
7330
40359
49400
65526
31105
12594
75555
1458
26863
17602
32471
3743
66114
687
24987
19150
72346
63908
69961
12752
5373
6435
6304
8166
71946
1673
4296
17312
11402
11406
7830
10639
85305
18959
22284
12037
2109
9221
13668
58873
9476
1274
2641
8557
20089
28758
64763
927
32881
10835
20413
26555
10814
34445
4431
1043
22524
20269
46020
31277
19013
7256
13200
61779
35067
12368
8548
17593
14701
5003
19226
2315
10156
37799
37043
788
3424
11659
27798
187067
4800
40551
26289
11163
68163
6078
1742
9417
18677
560
646
12366
38503
22267
10128
8061
8529
33129
25020
3584
10102
74451
69777
2153
14989
29642
25546
26343
31665
10530
1163
50949
1648
9945
60277
80347
15228
49125
10480
3661
37998
39210
19396
16508
4885
18989
35312
50977
4025
1259
65495
7101
7840
17845
1218
3397
9226
27245
4186
3900
6570
22444
7832
21849
16318
5574
692
33283
729
2846
2053
30762
16126
10433
26123
1806
11140
3420
27467
19674
6552
512
14695
445
94307
29611
1860
9354
52141
54087
34475
10424
738
66488
35790
18036
370
19670
1008
3291
16681
695
43240
67518
20908
7917
2614
11246
61869
3072
11433
18108
12740
30192
1511
27325
9862
58558
620
2046
9020
5976
19797
11898
27203
17607
26259
1210
25427
1086
53177
23437
89331
17290
1253
8657
50319
3117
5530
322
54254
68030
17627
32766
26355
1319
24438
8957
14830
5953
7170
8366
21278
4185
11886
7049
8323
16602
18794
72867
68169
2072
6843
26653
11198
26805
33662
4394
17011
895
7526
9358
13176
1446
34071
3574
5406
6060
10736
37157
4718
9727
14762
18828
18574
25503
5044
31355
16143
47354
4291
82419
17068
12062
8046
2953
13736
4299
23470
62930
3023
10954
24580
1849
14260
79476
6973
10817
35126
192988
20641
94441
1176
5364
22887
3595
1019
5605
11501
4188
86775
961
907
30687
4345
10774
47149
4093
89681
51187
12459
22805
20002
41331
26603
34736
73250
77216
13340
8698
6238
6386
12439
5956
4945
70901
6557
741
447
5096
8290
2427
61643
8985
5372
68376
33924
1315
44192
9089
11484
2513
35302
22327
4456
21124
47224
21134
25771
4304
8209
14445
2556
40659
12272
64811
1818
10087
7776
49259
39850
19072
24919
4973
4111
16417
46995
17518
17864
23796
613
35546
16565
15402
1448
60052
29880
52919
32907
6440
32419
35538
12143
7589
9990
10327
13039
4430
7611
9915
17431
3440
80516
19251
16859
20407
4010
7156
33295
21333
16201
570
188460
25429
1063
4392
7606
5836
776
7107
23716
33993
2311
289
3469
3369
3214
9592
11878
2376
4343
7800
9153
23410
8646
22157
12851
2135
1623
8866
1509
1744
38591
32337
2997
10220
29715
75717
16253
10589
26137
30406
65194
38016
12846
21902
10159
224511
5736
40179
2956
44213
10661
1456
10092
20385
9109
19455
28098
15616
19470
4088
16327
1386
55619
61386
45447
26554
1469
16168
52654
16000
12448
7602
8214
39604
33110
11605
7304
29346
21538
15000
19707
6452
917
6711
10691
2647
405
5361
17820
27367
15752
41306
38641
4324
4923
3998
3497
12585
20791
10616
4119
10337
15484
34305
31264
68914
10793
66590
3645
11012
4970
61485
4751
14145
23956
10502
36456
10403
9880
6983
15264
28258
23197
8566
18533
8334
52954
17574
93435
2073
20123
448
45454
6327
33591
27483
75724
9283
10869
17565
5255
25716
64241
1552
17510
18030
873
14572
26661
64910
6105
26189
4473
32814
18050
4696
48939
29541
44225
22007
23424
11121
3337
8317
11593
30901
85802
3883
47622
7462
3942
499
899
32832
21001
9121
75477
18826
1264
50371
7193
38786
7949
8509
78905
2652
14294
38710
32148
1307
45668
7018
19566
10232
75352
31456
11618
15156
38385
17761
26502
276
45690
15078
45276
939
2958
2204
28191
18483
1846
21024
20100
6744
669
21637
19367
20922
3378
3449
22910
20163
11093
32633
15016
14834
826
374
84333
10845
19603
1340
398
47712
10738
946
18842
4546
10539
463
1199
1666
35980
38479
37574
5057
18394
2184
6343
2981
9110
9197
23810
8611
7281
25738
1347
58118
31023
4114
20086
65663
16609
14418
26140
308
9467
15250
1145
51797
428
21010
11466
13867
7023
22597
9393
9032
19214
10490
5318
7976
923
70674
3788
54084
5227
10896
15578
64072
19019
35045
51556
21283
62238
66854
24563
60838
1748
22845
61002
27335
3842
10242
8443
20239
12386
21988
22285
26299
33303
36884
58646
11175
4199
38841
18276
3032
12576
12952
1777
8070
5374
11490
996
2784
28569
22792
7862
11925
94931
40834
39849
1029
37281
2229
81307
10592
46360
8210
74155
13158
9141
29655
12422
16739
27350
21621
6396
1058
3571
8064
30494
691
12655
31961
6311
76475
211342
20692
71662
81480
10036
3047
916
10952
16732
42572
16779
3912
10142
22873
9046
9766
701
80255
4950
9017
56905
2078
49264
9299
1485
17938
5964
9997
52549
11450
15604
13797
9581
34647
8003
3704
1814
40890
78161
21166
25598
32260
28488
20630
6008
3459
51695
8523
2234
8984
571
2186
11007
55877
6582
76531
7135
2006
7578
5546
7788
8751
52211
4609
5176
51762
8265
7867
7544
27583
31766
654
37707
18247
66983
31363
11294
5302
11900
2621
6503
26808
11030
1962
18069
3658
25252
16707
6132
5599
21031
2736
12068
17437
27510
4307
2602
9378
1512
29292
5519
6957
16923
26324
8535
1725
13263
3733
46398
85950
5763
8968
56671
5601
5170
21362
43523
25681
8585
8757
45344
12237
23016
19349
14744
40986
41774
18473
46925
2579
67418
17462
19542
23853
31799
4350
648
3392
94827
15676
95235
35970
9398
74391
28964
11488
3301
3022
67409
20554
12765
14953
1044
12162
62411
1300
24141
75600
1768
42159
6697
59915
23283
76176
44776
4627
22207
44227
11096
19413
58366
14520
24881
50514
1110
922
2561
1138
88673
12782
49356
17638
11174
16683
6392
3810
22841
18539
32689
27853
34181
45938
2744
66926
50285
74821
12567
27674
18009
18957
1224
3510
10241
42242
10724
1186
69402
10517
905
3488
8722
3491
17102
21998
3812
3049
28627
900
52992
7657
37210
7324
986
3221
20593
2909
15688
1208
34237
2465
1100
21640
33848
26760
5211
4317
12104
37779
37379
3255
29749
31374
61444
18532
3234
740
1687
16312
20671
73399
6696
5734
47661
20319
68336
22219
38627
9571
25211
92942
38012
30205
35901
2718
48470
19581
18082
8472
5486
2413
4480
36416
69899
4282
7139
79420
28889
31621
5952
1835
16870
2301
48868
6851
11992
38643
35338
35473
5041
3138
604
12854
22149
31358
8205
32251
296
15754
24841
1519
14345
31410
6281
42465
13157
5999
4990
650
9892
4449
41900
10985
3244
12955
12849
19163
83290
26168
31826
2922
28701
66127
595
9030
9023
6661
22898
36059
10186
19612
17771
6206
1162
5567
3793
28128
13403
19041
41973
39277
10533
9988
60282
2653
13858
16764
68362
71404
1271
22806
26657
27443
8142
38729
3310
72509
8749
6865
10999
32286
19458
14384
28493
70410
6632
38754
2959
4098
12749
627
68421
2850
64662
8448
2796
17763
10672
3446
22663
11603
28782
61170
21295
189551
335
19536
37756
15406
28528
21793
3949
23825
21716
2919
4752
59739
25865
2823
17362
57571
20754
2199
22324
34728
5876
25284
27632
24101
456
73756
6989
51103
28068
9178
6383
17987
30263
30755
988
647
9599
5954
8068
3627
8427
35923
35845
43318
5064
35983
17289
18377
55956
89303
8887
18053
5698
4820
75835
1352
17384
5460
3002
6107
15451
330
11961
31972
30537
31661
87132
22445
56730
36501
8486
2564
45547
41339
59144
38374
22629
25969
4425
88518
22322
8613
24425
5762
32332
24725
5941
2348
16307
2798
71446
6972
26472
34404
36092
77678
55288
2472
5799
3826
1932
522
2724
340
50615
14728
35288
59780
33289
8239
6463
8952
4574
15175
12948
8552
12495
2276
10678
2068
13081
1435
27024
1728
1006
5202
71565
8756
1254
2845
16165
32879
69764
5157
25128
11112
3278
43870
48086
41179
1646
7563
3106
11394
15213
24828
5283
49948
2198
6964
55483
44142
847
38797
37476
2788
10695
44564
24900
14730
11292
69081
55101
5995
10766
148654
18280
408
5497
1591
10289
4578
34112
27757
4071
3681
11573
37208
13064
39141
5024
26849
7108
22260
28185
17708
17199
11721
10886
6738
1073
42812
947
12215
49625
15417
686
24094
3500
3882
17529
34088
12417
8804
28241
30571
7539
69330
18509
27841
7730
45299
25456
10202
43555
1426
20804
2771
46283
41019
5791
3287
23522
9734
24865
4635
5515
5891
36571
19662
18089
901
36093
25851
7385
4364
61507
16298
9006
2591
36377
55580
70371
2598
5944
14789
22839
14378
8553
41173
14552
45980
8346
1364
11393
410
63492
26791
24228
5286
13854
49558
12277
2939
10340
689
19567
39072
13657
6429
51088
6376
5381
84686
7059
25250
30835
1745
945
73039
8253
8193
22076
40819
12931
47960
79091
47366
1686
47696
8891
34602
1102
2021
40657
60283
26153
20052
15449
8661
20122
3855
7095
7205
46348
64813
4210
15316
86514
12193
13545
14372
7566
52907
11106
34941
2536
1054
25212
66793
36089
7071
36879
7321
2918
52953
38540
9215
8684
90563
4584
11619
49240
704
3122
75021
12675
23299
1533
29951
6966
59970
4489
13468
23554
11031
2484
34327
46827
7090
9991
24846
79417
6804
18212
6547
49419
10018
13301
6310
25663
23697
13640
17086
8719
11908
30917
1013
84637
47226
85904
7016
6651
26080
9319
10222
58079
16560
25005
10458
19654
35169
5558
26126
27224
3927
3518
46142
3602
4000
4254
4262
4833
40527
9826
1091
7733
4292
25331
81294
8495
41052
13238
18738
7494
5147
3807
894
6556
7328
21019
633
2325
26606
4791
5352
27119
549
10902
889
1959
13067
6258
18084
7041
30982
34291
18346
40652
19816
10016
6702
18505
37906
3468
27237
43690
4082
538
18311
45559
13398
6687
16929
1702
30143
46767
11835
3654
25930
13998
4672
22222
29085
4979
5259
1772
13746
14654
70012
4524
6625
10253
57409
44212
5206
2110
2147
5117
42707
10278
1936
61036
26012
14783
7210
10024
15153
7474
24443
54771
6903
48401
2674
11516
8577
9009
46070
6352
2258
4028
1795
13822
10841
17283
1864
46490
79213
356
18685
4861
5351
3328
4769
2430
3079
1977
8686
71590
83782
1815
9657
33060
14419
10382
25941
4904
18811
63626
3531
5335
3405
19710
35232
35678
6151
15480
22419
10426
26519
21400
13279
27654
2967
6354
44480
51319
74909
50572
4211
15002
38823
11421
754
485
3702
12707
22247
472
29031
8818
20503
9573
16060
10917
982
53007
6380
71065
43141
13017
35755
9331
57867
22882
2963
17172
9500
1535
26858
31343
55687
4429
450
21363
18732
18018
14435
16620
50398
4789
15784
3139
9455
955
52175
13515
46011
6043
7380
7166
6379
27692
23769
25680
25277
2278
32379
1740
19910
7418
4531
8280
8995
25419
5466
65975
36928
25907
16829
2091
6871
25665
12544
33256
63113
12071
7470
706
1094
16563
879
48684
9039
11555
24315
6834
12453
21874
18188
61030
10331
8252
7977
1887
24191
28263
1212
4542
20309
4081
10358
3533
11407
608
31016
47756
49918
19899
58136
62236
15288
50346
62266
22741
17831
90112
12164
43314
20364
19139
10300
71520
67921
4009
5443
12929
2631
1559
3272
15395
55955
45398
41784
14988
26527
28043
4158
9987
19598
7783
54622
54703
4612
4748
48952
3639
8717
16478
2275
7923
29133
5718
8618
17606
61790
58496
9149
19708
11261
11013
32726
59930
18830
12718
5164
40718
12500
7386
4154
46928
34130
78795
44925
32480
10832
16916
87567
38981
41728
74715
4530
6278
148767
44193
22036
25918
23213
13019
581
3677
5337
1361
34126
60445
88064
17498
19222
12966
23495
2488
38806
993
9750
15707
3758
5851
5529
47278
1767
26023
37066
71598
37463
18022
16884
13211
23571
11863
22627
11107
1447
621
7748
1243
24734
57532
10028
9781
5038
37613
58469
38127
3804
1829
5764
10250
1373
17854
479
25337
1555
12563
19269
41403
3151
60467
13223
3258
22783
13102
5444
13452
15433
2865
3256
18405
16682
41587
4406
22890
29012
17600
50808
7794
6758
77971
47096
19304
28428
17785
9755
41760
80334
69208
29015
40398
2435
90765
26003
8152
18054
11661
32160
7598
44868
4293
29458
14269
60851
1050
33893
23644
5978
16198
34051
848
11362
2998
69625
9809
27296
7033
155413
3663
5137
38495
2185
1303
27372
24001
2683
23095
55131
59865
12185
173014
11324
2076
33286
23870
5488
6807
29844
31442
832
5713
13946
22465
15679
15414
1014
12816
5186
7035
10557
1797
6518
37309
47688
12134
5646
481
6054
34937
180285
5219
43388
17410
5388
59537
11248
11939
77885
1404
4451
80037
7198
10969
1460
92527
73455
29505
56231
51948
950
55045
9740
40181
54374
4306
80360
9978
82248
19586
4284
36203
31076
11022
1565
6260
30203
20858
2059
18879
17191
57879
7744
22482
8670
9290
6061
643
39358
27396
12506
2686
20011
10643
7772
19936
5987
35822
7479
9156
21681
46568
24005
11087
4858
19739
6267
5583
12748
39242
24927
44555
12877
13852
14078
11125
53577
31547
783
14588
70703
65081
3417
18682
37731
42849
29567
11776
13973
3312
40871
71100
5677
26655
5659
53276
2502
5523
36358
896
52778
2041
29492
15903
2527
30319
28079
5306
4155
967
72378
20970
65057
153710
2878
9685
10728
7147
21159
1637
30474
6791
7718
451
40909
10288
4796
22134
24958
32407
71201
4422
24890
17977
59661
52924
19959
24265
1685
29322
18964
70534
24366
15064
77691
4173
75800
38663
29208
88378
726
1841
14560
56546
4682
11229
5788
29440
23913
24276
10160
18904
10277
8225
59493
13259
4804
11965
8397
57608
52062
1619
7247
26747
2418
3552
33840
51216
33344
556
22294
25343
27477
16954
9815
1867
6726
28709
21136
12189
8145
6995
24862
7686
81189
19186
10162
22054
444
47501
46451
3198
28049
57171
24277
57739
19099
20169
8554
7624
41182
822
14061
56555
56837
47029
14795
57081
4458
23038
5511
17758
8990
1283
17185
22738
9144
22353
16095
20733
34944
2732
41020
24382
5562
14109
12531
13254
5674
9856
9400
30218
21453
63393
31489
26539
25700
5312
3686
1611
10677
7947
56111
16424
57043
6644
17571
45663
8668
25118
91938
1268
81589
1569
9434
55112
3025
14865
10254
8725
25105
31062
2334
1749
16137
474
7454
12719
87996
41278
6563
30057
50209
3754
44254
346
7116
8263
90174
45702
5310
27733
86779
24530
14481
13754
3561
2690
2685
35648
14739
46570
24624
29784
3662
11435
10868
15040
13595
11974
38895
28685
2752
940
8844
25217
16874
19370
19260
5059
6176
39492
26731
17171
18622
31969
31315
24037
3796
7896
43853
2174
10342
61763
17425
2058
24813
20321
23546
26516
30576
7725
18942
29969
50233
13086
2549
13704
8855
8132
19515
23723
8635
3929
50821
49139
355
4041
3060
80837
14522
3671
42705
17009
2822
1201
4499
3858
13185
12388
3496
8842
18763
5645
7860
67375
7911
67100
4900
12624
21307
51763
13177
8906
15501
6918
22528
13511
533
12278
1875
39927
37149
9367
36319
8259
30054
39219
5493
9205
13963
11074
389
372
3989
1958
54878
9084
10027
8469
15098
5014
27631
61161
12250
72306
9625
5535
29094
4549
91182
51891
35430
21132
2372
60174
36354
3994
7848
77870
13405
7423
21322
23975
2251
74519
6487
2867
13049
44839
3513
7365
92576
1967
4958
31008
203684
38076
59771
13911
65507
37710
6117
33358
3360
2098
771
12533
10779
4022
1026
18739
40393
4807
7027
2673
7283
18221
920
22558
30463
12501
39582
12709
69293
62047
1150
823
20572
7241
3314
25600
19255
38875
16568
15186
14623
2425
4165
2982
21766
3058
6635
43967
14573
40987
1948
7130
41544
3094
18633
27690
18810
21487
78971
13000
13666
31629
3155
12784
150310
9923
2900
44424
24163
42983
13634
536
6835
66420
29096
39390
14803
218784
29496
77505
10400
30820
6419
3118
6154
35815
32767
13879
48588
2858
13014
64933
24578
19660
1635
18971
10042
25532
61878
2585
27446
22512
29169
40751
208128
7693
6825
32848
22437
18200
174554
12025
93077
2699
11354
80990
41718
8932
32608
10212
26433
19297
28554
43119
74411
92738
33468
5812
6860
5254
28958
37046
719
282
91469
12503
8233
29222
24245
34523
36182
24571
4871
49725
10436
2432
10491
23287
68434
23718
15698
62143
33582
15196
49248
17503
23280
9304
20172
6248
42873
17683
86012
12458
5316
84452
8850
17481
24894
73172
3374
7448
68998
5692
61542
20701
9353
5125
29327
28471
5
30422
88295
23826
2402
37825
12937
7444
17311
3755
1258
32680
55721
3714
72445
4164
5396
194956
16673
10299
14472
13966
43900
8251
2777
65219
21181
5600
1880
13087
62546
70320
48018
12717
4244
6415
63576
2354
23157
13518
2007
6565
22784
46671
2232
25857
1451
24024
4477
3682
78208
6082
28943
5658
30096
11117
3751
3953
16398
4834
27868
24469
10196
12965
10633
6470
17310
16086
21365
23735
1473
26062
37589
1633
22967
25905
41412
19765
46253
37980
48753
26227
572
8680
50543
25278
3125
3444
13613
4361
1068
10191
6530
8821
57146
532
19537
5676
39512
16022
40912
21257
3130
808
24634
35887
20174
17877
16213
24251
35716
49096
18400
18820
20209
18656
41244
34261
598
7044
25402
7346
73589
935
48267
77397
19902
20934
78747
31918
26211
81385
23304
25643
66762
18751
2559
2429
40889
88013
71534
18165
18597
1077
11164
33319
1025
77991
51515
13951
45697
1071
16995
11799
15999
6886
3993
6256
18788
34322
8949
32783
9231
1410
1681
42514
12241
11086
67264
43774
94411
11240
5657
7308
15217
2895
9799
43117
12178
13213
1466
37027
6885
12804
67552
14195
2719
29472
31989
46987
4551
10709
40290
13996
3580
4716
29533
48409
6646
842
150999
30237
9069
21461
10352
41223
14601
14671
29809
4727
15699
28767
47532
3517
8065
76591
347
38334
65552
395
76078
12389
34089
2731
31733
14885
16821
23547
780
59933
7533
22280
2090
30506
6418
17076
352
930
209565
26699
29877
5896
10522
29436
1738
941
86549
35604
6241
17220
48199
23218
8207
12891
31545
9136
31130
7609
42962
15275
6353
24868
13789
34093
1756
13838
14910
18207
18937
3505
5602
25730
51151
3903
28341
25273
25605
5589
29129
4540
1659
9970
9992
16359
41275
85958
19174
5130
30662
232735
30675
92640
22985
6330
60239
54625
8944
12150
5875
11253
28885
7692
57491
12805
27226
4127
5383
24123
4167
15162
13325
69303
88461
29075
29964
71253
23036
20025
16360
981
12502
4268
14335
360
1548
33055
13264
33767
30882
87317
15367
1209
42140
21114
17157
6221
15716
27028
2557
25557
4623
86469
25478
10951
4956
57142
11617
25057
21609
22109
1616
13866
1828
6765
11510
19268
32974
42393
7297
6960
15848
20522
55327
13427
32624
8222
89768
10723
10729
31324
57513
11746
46423
16516
36110
29014
3741
18559
8038
75843
68101
21575
1081
1313
32117
2017
80832
24224
86712
47302
9154
3928
2852
38813
7183
2183
2851
29694
72825
88511
28868
88783
5920
40541
11879
2399
3997
1207
18569
4245
70546
9421
76698
34519
20624
9628
31790
10545
9933
4255
49992
30181
8940
17971
23375
19389
23398
21254
24512
22958
9785
438
20066
40846
70307
3193
3984
36931
20152
4595
86674
22598
20826
4847
14565
88110
8324
35140
25204
1634
69295
41054
56764
8948
87363
7421
43168
32387
13874
69692
28286
397
20868
55338
22676
1053
26412
26829
18232
20346
33170
3707
30260
49223
2012
18499
6636
35885
27984
47090
3466
1299
4827
6669
8931
10810
12463
24795
85093
29793
36584
4334
38243
2470
15739
31103
16947
17789
77036
36722
22246
2378
4787
31377
10071
9840
1515
1123
11932
3410
37885
5687
27413
4319
11304
1684
6656
14164
60876
44436
27881
24127
9738
34885
13161
18214
9100
64913
29865
6306
70246
5330
84212
25162
69315
16161
27980
7334
55091
42199
13784
21103
35757
4122
4794
5461
21408
1998
21578
61103
29748
1005
84338
55157
22230
20367
34538
8508
14165
13015
18364
40904
30637
5414
10187
8791
3089
24687
4617
7912
27712
68351
55671
55160
89901
9308
5781
14206
8153
3753
21924
5517
1114
5879
4091
8204
41764
11701
29618
13534
1237
83019
21066
5439
20684
4849
32133
23606
31439
41632
65937
8937
4099
11580
18877
7650
14264
20648
6749
7636
23194
31058
24334
2689
15286
54577
12454
1227
13976
64686
60316
10387
25780
11051
16893
27410
5989
27189
6818
43015
40284
56246
30876
4050
9067
1899
12793
26850
19056
17297
46316
47192
1378
34163
62985
71842
9461
23086
13565
13957
24342
69652
38011
7732
28285
5606
30373
32804
11072
22235
14611
190632
25333
2112
15170
15029
5598
58277
91480
22125
11192
93843
28359
16111
28539
10474
192398
25432
664
41933
74876
38622
7638
72332
28853
910
60729
9189
715
17470
67037
2471
8276
15273
57535
63412
8243
17541
37529
9272
35125
27073
10350
56782
4239
42103
8863
48148
83548
30763
924
25628
14156
77064
1989
8001
19481
75314
53893
78080
18417
2338
5089
55707
91070
85713
59608
94394
19020
1966
16352
8739
65393
2009
24716
4223
27427
12737
21700
9813
49644
9261
6902
9632
51301
20788
89781
38442
28378
40729
16501
32958
27265
1502
2946
13099
7002
17904
53390
6464
40337
38892
67973
177424
26026
48531
153693
81183
3044
30854
32635
7246
11078
56539
35358
12640
13426
92007
46343
33404
50548
17585
20104
22869
52393
39044
81903
14683
89079
58980
71164
4650
18356
4935
5948
5924
16037
13026
29587
18456
84771
58755
39834
16905
11154
15846
13969
19337
2187
32365
8823
49889
36151
49765
79816
14169
25008
37107
159751
3537
753
2288
62134
3968
7836
82353
1743
11999
36882
5748
2818
13437
41203
70953
7267
29234
16672
59542
5684
53115
24244
4444
3787
1080
4175
743
13365
55046
12756
8744
2241
8156
58397
860
23693
31663
15495
3985
47789
25009
21523
41251
4719
70981
4667
7230
49422
3009
76471
25256
1838
39671
33508
56328
78440
14311
9824
47821
62381
159542
8033
68230
14886
10291
40225
28450
6688
2891
10988
32096
616
5045
33273
21003
14289
6779
9186
23819
26439
72908
1461
1763
57261
12098
12806
6257
46058
8597
4505
15563
31457
82363
27558
31162
11744
9432
11201
12244
32751
47885
35289
20609
23638
32300
37443
461
25711
2283
3809
3972
47364
1246
2257
1251
89338
16679
7854
23748
2080
8862
36268
1457
2666
16743
24660
78361
39356
2824
4492
56102
73033
3771
46197
5991
9967
17908
24569
66625
77159
72632
20852
4830
7379
3565
2370
1572
68463
1670
25835
1290
8094
27086
5363
3930
94425
12630
44734
9692
82316
32579
45374
7263
70378
3738
4371
28042
16698
14436
45711
15711
4497
3395
39135
5706
2238
91385
22295
187113
4410
33752
29018
2379
17657
23214
19547
10646
68207
28465
47391
13249
4968
3000
969
17572
11871
66976
48218
89383
1020
2476
33911
2001
10813
54962
8053
3381
13239
63001
31271
11513
11424
38982
27922
8519
4031
17896
92844
5801
28301
1188
3148
5786
14190
41720
93409
23493
35326
22070
15702
11690
9011
2948
6915
28495
26637
3036
50861
41882
3322
3786
24938
33899
14112
45863
39652
87749
46250
13429
418
17764
39113
511
89161
3615
81437
60735
2114
1672
75810
43195
16059
66967
48647
60826
32793
13635
3588
33717
47426
13954
87413
5998
23776
12951
51248
8167
41108
28878
22569
20045
1506
41603
38361
11183
4630
92169
37448
12023
6365
56232
41793
1655
11511
31190
94589
88367
74248
396
18519
8652
10185
21220
45127
14711
12391
2675
3982
66533
6182
25377
2587
11483
59538
71481
7290
26548
27723
28476
46891
65473
10603
1449
552
10838
6751
23925
5154
10065
12837
9104
16154
57065
19524
36774
1341
10938
4229
21769
5274
45608
5407
8913
45883
18700
11268
15911
7060
56380
21106
84638
4780
8224
2036
2014
23582
8573
43518
46806
22827
34988
26517
36084
17661
3549
1969
24217
71981
53611
8488
18453
14673
54759
47781
35707
56059
21419
12720
16894
54712
3350
53253
33153
24643
8464
93720
8924
91291
3403
14548
22513
10552
22973
24290
7449
25580
26184
49077
48673
84811
42613
26817
76742
4503
31349
49034
45277
9666
7248
9984
3818
5483
23075
37276
14271
8435
70271
4258
36634
23251
44095
12863
51451
5228
3190
37761
68777
72012
1984
26167
21916
452
6133
76436
16615
10258
33625
12579
22664
36974
13849
10503
37844
11949
54360
43953
17902
8525
7690
4662
39342
64174
32157
25704
10466
43409
9372
18193
10744
17873
15361
22000
51501
683
20834
5376
5299
11587
35705
22948
44926
19043
44305
2881
48921
25715
6974
41647
26679
17961
23032
39565
45256
7064
1893
61079
26931
22171
61520
9652
20459
15998
21999
24022
909
3406
25467
48028
21343
1101
63307
47739
43166
15666
1038
6900
20271
19763
16647
36100
8422
12266
19874
28694
37384
27242
79965
56350
17973
17561
12405
7496
8958
43355
53074
4575
5934
49788
2632
2603
47782
11614
2897
6249
72120
13662
9233
79221
43303
16676
82751
3192
2589
8639
68023
36703
51342
1154
21221
8758
3330
2421
61801
9357
30805
1924
49657
1333
21556
19053
5878
49245
2540
62305
60856
47163
1391
3708
10356
525
5675
5416
53057
2799
5143
7812
12221
8761
41606
69590
39318
6268
47940
15491
28403
46192
13332
25822
7943
22863
3067
16694
53231
47625
19095
11196
11538
61659
38116
33117
32728
47193
4671
8482
39147
12844
4864
6333
36027
13912
33634
17083
30551
7505
23959
35272
25868
57735
22927
3442
23271
1187
37781
6700
1721
8543
11177
2052
51989
4327
86443
14055
8268
25148
89649
56534
86725
24272
1520
2344
6441
77661
1356
57949
24526
10860
5334
12133
651
3539
26742
56470
7628
39973
51700
39938
9504
39775
13082
42753
69454
25152
25300
24009
50707
13535
19825
38411
5910
3593
26996
16981
19119
22082
770
42668
9721
6873
94609
12939
7664
1889
36496
15132
28659
92820
46522
16964
4826
2163
89391
13233
4784
19166
10377
17981
57616
45741
2504
38959
27205
17391
7280
44883
5628
11044
3212
59622
41153
23107
14081
23880
62377
27322
24843
22242
22014
21047
25654
27247
74316
26098
80331
2497
1160
79300
33803
9889
11747
62288
48043
43164
57167
95013
3486
29356
610
30116
46564
3527
7785
31788
17583
14257
16889
17188
66153
17326
32156
51494
7499
29806
20073
14162
15648
12404
26961
11800
1620
3478
7825
19321
4689
27050
22858
34418
29350
46854
67605
248
6752
2700
8845
44670
4206
17697
23597
19788
70382
48142
22044
42606
10013
12155
13459
19202
21855
33464
8908
3223
5961
35072
5449
76943
19852
62837
66186
32303
36001
8632
18500
3024
45306
189816
14569
3152
3581
2227
20600
52847
70042
2044
7903
9433
8099
7435
22365
2260
8704
43265
4703
5882
48055
54521
9266
32852
2248
10705
20539
11461
50199
13542
13733
6980
14421
19306
4653
39004
20785
2341
90835
8880
60480
87709
85625
82094
23342
2477
8108
20308
28759
3109
10039
85811
24499
18844
48326
2259
518
29552
76717
29986
2189
29648
15947
1730
4601
28432
1097
47866
17742
13129
7354
15623
30692
72703
28856
7784
2264
42370
1704
15058
8023
22236
49465
2355
20808
44272
2623
5532
3379
12381
1993
10862
2877
17882
6653
11554
54004
52783
1128
89408
36353
667
63422
15405
2101
52962
50100
13293
36087
8672
53683
23908
33862
1289
19661
89695
2979
3081
48740
56502
3275
48998
52464
30064
60217
35883
4863
33447
4649
6550
14892
51024
59348
2282
34608
5456
28486
94047
26777
25460
12659
23598
2479
71881
38136
15738
6316
35748
46370
25659
2392
11429
12913
6072
14670
61689
6199
3722
44577
26907
2368
11882
1580
14046
2969
11250
16543
87378
20483
36962
16941
83947
40506
58351
84134
3413
57353
43478
1549
19172
71453
78741
76512
7391
65205
66580
18040
10953
15600
47197
17560
15090
17978
8005
17043
4179
7675
3920
30245
81987
34872
3340
47410
11287
1106
1057
64490
25298
7315
5494
57925
10997
13240
3856
8645
5751
36412
78074
19528
47511
27724
2974
13878
2452
42237
61798
4620
1501
25880
10699
22902
46668
10130
15346
4455
3163
2208
31956
21261
46910
46262
29381
78253
2635
41195
3092
68527
71463
10846
54275
51179
22700
6916
3524
38619
82740
35044
35094
22779
1277
33955
8200
61038
19482
8941
14116
27376
5740
18655
7410
14330
14318
563
42642
17936
60840
15007
14884
15933
63011
20296
13560
5067
36349
12689
14646
1311
21549
39978
19213
8461
7552
56257
19922
19405
4729
597
24638
77719
40136
11428
5391
23756
43815
9028
14768
53310
16713
16471
14603
77028
24830
17867
52240
70575
7763
65358
23977
3959
4019
2299
5935
29712
22746
7132
7463
31510
17755
22200
68859
47959
89653
55308
32343
14895
12613
16089
17111
31824
475
13985
4666
70040
25187
11691
4380
27661
87470
23329
42177
19435
5231
3946
3372
8615
24296
17720
61416
20087
25067
5834
7298
41040
13548
4631
2457
75656
50692
13138
29612
785
86286
15259
15352
171622
31528
10460
6058
12757
11214
10198
25133
31995
54205
5173
20731
29202
22611
90955
23709
48528
38749
44485
34700
57238
92266
43741
13609
32164
42452
8960
66191
70975
17550
11122
20797
41832
28599
2538
14272
3159
14482
24589
12013
8288
25924
35920
3945
30246
42020
40420
32607
87190
4758
3382
6434
36904
13002
14880
16883
17457
912
6298
34282
27005
67017
29478
88635
2182
46466
47614
17420
3246
7227
1308
2989
14234
80806
28619
3599
55002
7207
13772
37175
6214
16838
68342
12847
22121
23912
24983
881
15640
11750
2084
5433
5095
14449
16644
6186
31404
49252
25523
70254
10733
81585
93994
28003
8982
14193
11349
11459
23007
5726
26164
31713
2364
6207
15618
833
4391
1884
35931
47774
27751
8707
46375
36790
6430
10588
10532
11431
12197
4668
3726
10727
72186
95095
4485
766
18941
9111
12207
24712
30731
52622
13965
1075
4029
4330
1085
95242
5553
29531
37543
12117
48036
30195
11846
31764
2140
31287
19579
68051
2270
64406
30697
33534
1093
14092
53209
15896
8695
1493
23617
28926
301
3048
13771
42204
1327
12622
37432
2244
42064
1940
4356
69500
5141
6657
1365
3845
14923
7839
1931
77650
31302
22027
17958
233530
6905
1566
6266
13685
25720
28475
31144
16083
48352
80231
61752
1692
24271
3620
13730
40838
24116
5570
1971
4746
51422
21463
41228
7859
47646
42594
2791
37296
85881
5823
49128
27572
16778
92547
52782
18975
497
28342
23438
23850
86720
32073
61558
32049
10630
18070
25353
671
26344
67095
16549
61468
32990
22778
17788
7604
40272
30315
10986
2994
25574
7822
41682
50579
29438
38400
7782
55221
6124
7532
42351
14263
5437
18836
44529
7030
51819
4084
34821
4750
3038
43250
25786
5175
40235
176972
35594
36515
27107
14505
8096
5308
34745
23164
197789
89691
43301
42024
6235
1693
3868
1260
7601
65704
7136
39149
16025
74096
8663
8839
13873
1697
49097
21612
44497
71497
26207
77173
57599
71458
32921
54243
38818
3971
27150
57576
13045
15840
42608
51338
172013
5278
34105
68742
6574
2443
14147
7376
66041
15388
54185
12304
36008
44401
3380
15168
29482
9405
49265
50763
12337
4322
45522
16218
24962
53520
179631
16103
27362
8381
12052
18140
97788
1720
18369
46034
5694
23585
42754
55144
199663
45912
46395
14181
15859
16087
27860
60059
12331
32453
42318
18253
4169
23873
1909
5415
14463
19704
39457
46561
59914
156840
13455
16809
19195
8460
17051
72606
45588
22170
15663
19129
31488
52789
82756
15787
173976
44788
39674
10292
3086
31285
38592
2806
8409
39074
40016
35644
4362
52889
36889
61433
36222
33120
5116
4233
8018
63337
48889
89109
54359
7966
72216
1231
26656
23533
20886
5305
43220
51077
10194
17907
55383
25050
2789
13505
13533
32364
50322
72694
15057
64415
73332
39673
57402
15313
7236
26884
12750
32822
12908
8436
17673
16687
7143
53579
10240
7214
36297
32254
10642
68891
12354
609
15597
14508
16534
28738
1047
8017
35020
50465
25635
31220
302
11020
17533
9361
58797
29965
1689
29812
76360
66366
61946
81487
24323
7736
9159
31639
29006
17592
25034
35605
11000
94644
30108
2978
87890
14301
25416
7728
6589
16162
655
9362
50716
2054
1950
47685
40878
6347
89494
17614
54072
52904
2458
72314
17656
17834
9570
42249
12427
52426
43400
55792
3233
1334
6889
1701
66254
315
11595
32957
17098
13366
52285
24751
68464
67433
3769
30087
6334
10207
44431
9157
10302
6130
2447
42988
17722
957
76051
2704
18615
15803
65319
6799
49836
19292
12760
48304
39129
70573
23344
10625
25425
43396
734
5248
8630
53354
25591
2482
14400
33963
34780
12663
42328
4235
55649
5854
21414
64234
3795
62095
19872
83220
4074
82670
81539
8177
1413
994
81194
10590
2307
5899
25113
20720
18880
40598
43850
54195
10714
8578
22538
36610
54902
21455
68349
8662
58883
810
4013
20993
70419
27805
11806
16492
67528
12258
11881
24781
44543
17900
14023
73118
17748
4241
41874
169553
21901
46696
62466
90987
13665
5702
1769
6746
6501
80728
7057
11336
16653
8916
46471
14868
15992
68282
55862
8320
13216
1358
13573
3187
7904
1956
33744
1955
2350
28058
3075
515
19573
23890
33763
1217
45832
4143
27760
79757
23677
52487
10057
8833
79077
6031
6426
4699
33713
2670
12188
35551
80165
18284
18049
81893
23540
51487
4903
9227
18021
10279
13273
13987
9071
3875
15693
4928
14137
34367
9042
1261
29757
31037
22249
21068
2369
7777
13995
22250
10484
80817
10694
3348
992
15905
4891
11991
15050
22060
8592
33148
6414
45031
6546
33265
46007
14334
75401
801
11906
7157
49684
16209
55557
80018
9958
32009
58548
33761
20117
2134
39910
11983
35864
13660
44504
2156
21604
5550
1674
49703
19688
39524
9037
72343
90183
65867
43472
4287
9437
33208
26642
24435
10702
71985
7660
19505
18839
18869
49187
18173
63237
39202
32228
19860
18535
23557
14706
8973
2726
39417
36953
20863
9710
6450
9216
3012
13750
15582
1736
25823
14012
28803
34429
41372
45811
1497
6805
73504
31762
11762
20236
50433
31053
62532
938
4916
541
33850
225356
2196
2662
2160
53236
7010
3408
17268
30688
6528
10487
15497
13496
6342
28561
4040
2462
13346
25977
2793
81572
83697
19974
10899
3960
47894
17840
36283
18376
11667
37693
63368
71142
8245
18892
75111
94218
34578
33901
17299
13334
4506
7547
85188
56383
56768
12705
45729
55968
81796
74872
10751
31534
16873
9773
29377
13101
60894
404
3831
93183
11855
3670
14524
18445
10762
19639
15860
19504
1158
27083
33789
1737
85572
51666
8637
68769
15238
6537
77517
5253
2720
5490
8135
29413
82889
24600
12924
46310
2459
92778
3839
27995
28025
44780
46051
14906
74574
52032
1582
14202
7073
1711
15674
65710
45465
48396
14231
1808
3626
29166
10082
11028
16786
9536
31010
16842
2705
16539
74670
83374
51280
64179
7946
5745
8428
6090
41619
21992
3501
1550
91770
33961
2155
66917
85401
56256
1266
14968
5212
33217
42902
7642
2236
38394
6232
67079
13171
3805
5818
28190
13218
23011
800
14979
95604
4658
8496
10906
39688
13669
47843
21563
2809
41078
71989
1882
72626
46318
70342
3931
29797
3197
12364
72310
1422
6160
33182
45440
57496
11206
32328
9425
12942
11679
31291
23122
41484
8466
1129
4981
11159
744
37285
7384
3217
3897
54132
54639
25249
23277
40257
69725
14390
78951
1983
8565
34369
1913
892
81859
51520
57297
70755
30678
16208
70157
19212
1059
41685
7749
4747
73406
93352
22469
11132
17839
37999
2768
1247
67446
6246
15735
74455
25762
8098
5898
12881
22791
63430
25946
9363
53298
3811
10284
54917
3936
39931
15544
38372
52514
3535
15225
7383
10443
68982
34283
15500
30243
27127
27238
18155
7641
10286
2630
27049
17280
39962
44145
19577
46772
47588
22759
69900
4948
28314
1385
8231
2056
12092
8432
7974
22270
3838
5697
8876
21479
13351
2954
2201
83986
50098
38906
77754
28924
67374
14607
13927
21804
50360
64135
14255
12834
48707
72141
25130
43407
79512
11187
21055
918
52222
2206
208711
51021
5500
47092
94858
42378
11467
11333
5526
15092
4390
52152
21790
25407
34775
8533
4972
19319
13587
45446
51532
57088
55411
14241
14148
8358
1280
175267
40769
35035
94674
19810
3327
91954
47272
46608
6212
80635
11602
34243
5933
25831
4067
42629
58143
59841
90691
40922
7076
75275
23527
33338
52041
17784
8151
19278
18854
23419
19305
11976
13558
11018
23950
6867
28215
84203
35880
12680
21241
20973
16940
5011
43320
5889
45148
32563
91968
3331
8974
45790
5197
17087
24173
26236
32473
52977
18412
23024
58077
66375
63038
17943
57691
50957
882
1584
4378
11491
8580
5188
38205
17860
13698
92857
67267
58320
79482
48765
27482
15924
36491
2562
11543
11788
10079
47656
21101
3149
68829
6592
40138
960
5908
38274
2872
34826
18005
59399
3055
19463
28303
41528
19572
48849
178379
25827
14708
68252
10183
42674
13618
31778
11778
1505
9392
26035
44697
4395
16067
14459
3114
53017
24325
6393
3943
4840
26022
55219
21197
8779
4825
7612
17422
2748
47455
21321
1943
73555
30138
28687
11937
9698
91178
38625
30492
2027
49403
41491
35459
41167
3218
44598
51923
14909
29634
61799
65949
75313
77021
77724
80299
89883
93613
229115
12254
2172
2571
41224
83704
1807
9974
21773
234
34065
19261
13423
5955
53630
60511
90573
4525
10930
62747
77654
5225
17461
33023
2588
36667
3844
9446
19407
1929
33660
14525
40022
71376
12211
16364
12087
3939
82040
19185
8179
63280
19641
35564
73313
2910
2646
5066
47553
58795
3175
63858
5320
82602
1482
26463
46227
2836
94971
61569
15719
20819
17161
56391
58188
23163
79119
28708
3837
3090
23377
56212
16724
2770
62695
40167
20629
84209
18552
73234
36605
19835
38717
27709
66770
32184
5847
45477
9052
68766
71910
3884
30003
1166
6187
10322
45371
43929
8433
38645
9202
6609
51062
6269
6848
5268
16793
10141
772
1317
3886
10041
9420
2406
56180
13080
25464
63471
16045
79583
49825
1175
87250
33259
1911
14006
62124
5822
81309
20006
64944
22225
64381
8919
22038
80534
6409
51842
29616
8362
5378
34356
31255
27047
11440
7368
3794
8285
4273
92750
53485
75008
93920
24138
47955
6457
6600
17957
18004
18466
5683
42824
8581
90118
2173
10878
21192
24735
10495
17439
55665
5591
10047
17786
16480
26666
28315
84728
5104
10866
8315
89554
70435
5000
46424
7012
18086
3944
56970
358
56593
13201
95386
4946
72613
90166
3768
12572
2827
1544
18689
23864
2304
36097
779
9686
48895
8780
2106
67767
56933
74055
6364
12497
7146
4281
44572
22093
29261
23521
32193
11244
24676
47389
34030
25844
6781
14960
69740
6529
39531
11836
21207
12323
61265
2033
71709
5152
59514
8471
2990
51598
57166
6708
68887
2973
22033
20512
17454
42151
2287
12306
13992
37951
17399
3353
4214
26437
3780
6144
22618
4149
14747
3281
6728
32039
8012
8146
19565
3143
42371
68327
80344
30644
85288
7145
21600
15325
1035
21756
14912
47305
34276
39776
20017
3471
8452
62269
32195
12559
10090
16229
86335
2333
9509
2537
16714
1678
37989
29500
75902
24869
33400
45625
5183
3543
4909
71647
60631
18014
81259
23857
29371
42741
17512
17659
72805
7117
9219
11568
21314
1082
4234
25696
3635
29754
5221
78012
8218
5926
5326
19375
9445
52755
14833
21378
49231
49769
21701
3678
12192
5793
1979
74159
21650
5640
45426
48810
36999
7211
9315
7656
49142
6399
20728
32784
1419
31940
25984
7922
32923
4060
36655
20743
21572
25602
1229
4818
5775
72814
38026
13142
23964
4469
2712
49616
3718
33335
1465
26543
11963
834
3621
12733
37852
7653
18455
37733
28240
20765
13085
13486
25064
33254
8979
7934
54794
3760
52713
6051
27084
222
53809
49927
11194
26958
4178
15327
31114
62700
21564
6914
31179
9896
1470
59154
45227
20618
68328
1285
26308
2123
22415
20665
1707
1489
20113
1645
29617
14863
12597
20372
31211
32451
28016
3507
36656
32298
19180
89152
7310
521
173464
2847
47914
8044
10973
12639
41257
5218
7032
9079
16642
22481
52614
47993
3779
5370
70983
26952
17413
44550
201113
47164
2951
24785
47493
38637
13390
9858
13458
13379
89657
21154
8016
52864
10338
8119
24170
43703
26778
6536
33544
65201
62830
14347
70440
20984
7537
9094
28198
7565
13964
49718
35061
93518
1443
1183
24028
13491
69504
3926
3045
8953
53824
3598
1322
12370
56183
14204
92243
41453
26793
77810
16138
11585
6236
7678
69907
25516
63250
16746
1642
3015
45347
15523
23658
52615
26895
8291
27837
80393
9444
92413
8103
23353
39262
1316
16472
32087
13654
29422
21627
21123
58046
2507
11179
39144
51954
26685
22868
27900
893
24304
16421
26970
11272
47801
13317
19200
1369
22384
20409
197201
25039
34493
5585
27781
4989
4357
59735
24223
7790
63268
50405
8229
78721
33413
10746
26124
42343
39640
36553
29016
89063
23591
16715
33974
42898
44669
58963
3264
83889
3071
62096
11784
82525
32714
6949
31000
93342
7941
675
4219
62140
56994
540
5004
89809
2750
7819
11127
18101
5886
25562
25111
34521
1198
31816
25006
41984
10903
24546
28206
32969
50348
21252
3967
30883
11469
8879
40457
7372
3295
23833
78151
5495
38845
12703
74537
30519
34795
9273
8008
8298
40923
23836
61483
8095
14354
51623
9828
12832
34532
88384
17636
22702
2860
25770
51574
62366
14452
59761
52397
42314
78621
1417
15049
44232
11545
30043
44896
221719
11263
18549
2968
43752
4002
44001
7663
46462
48026
95700
19344
7255
6801
41705
87020
10910
9176
60793
19317
9688
47771
13492
53751
22579
75625
95462
56940
18352
28673
44101
14004
39752
65765
18447
13968
12648
12540
1335
36286
29203
4325
12268
42377
7774
16858
18209
6109
1626
5903
85123
77612
10524
6374
238972
9481
1295
2203
90363
4482
39516
6006
30794
45553
56198
59666
18546
30603
14370
4095
36482
36824
58282
1124
40812
49878
2384
11088
4890
6469
26488
5263
16690
15222
50731
11985
17061
30869
22754
6369
11482
41846
10391
379
5037
7850
18778
19845
37734
24050
58987
64318
18627
6977
49463
39087
5042
5584
15539
88003
13684
20142
6020
10108
39328
17239
1671
26812
24799
28328
74321
22008
14844
34091
48860
77980
16035
11390
1298
5971
23982
9543
34766
3164
10053
7613
26678
12991
24690
5058
8831
59052
49875
43660
36179
2926
17347
55940
52231
16136
15444
13278
70988
20631
12682
5189
63755
53692
15746
21041
42209
30573
26867
2158
20134
18459
25375
49823
6320
13513
14970
12868
18458
69031
74420
64268
57455
8784
29801
47339
31304
14512
77708
44457
10116
33664
18769
54419
8765
24096
5203
14134
11356
58044
18631
7689
64901
14477
43997
32424
3878
62065
24954
42340
13834
9979
69661
13037
80557
55810
32590
45048
3250
94337
7503
1664
7543
39627
20195
8264
9878
15542
32549
19108
29593
92019
530
44473
23451
2408
78183
1432
66172
630
59993
15408
6196
72026
52065
10152
16144
25472
50110
40633
76342
22414
6309
38449
14287
12618
33673
22588
53566
16865
7694
5123
15473
3231
53624
30296
4267
3248
5121
16815
93098
82848
72298
63266
65386
85510
7261
78631
65199
29029
22573
11160
27840
13477
37073
662
35786
20663
36979
28739
10132
3423
35821
14341
11729
21434
82054
8534
37685
40084
15767
14893
58957
60977
30084
33351
20233
18153
5411
18992
22221
70664
2225
84071
48929
202201
7778
8644
8972
27121
78020
60259
5338
769
24481
43382
18381
11457
5399
8194
10257
6994
20722
29743
12161
43380
30147
16594
67297
13537
20101
75282
8729
14890
5040
24367
18465
17562
11635
23586
10335
13269
20882
41332
20307
12437
72560
84961
22682
14574
52264
4917
10095
59317
51505
19963
23348
6705
73691
7621
3976
71183
3207
8255
172064
35978
37011
7371
42836
51590
2831
21196
46303
80671
28547
5075
10844
37201
5457
8938
36325
54567
18715
10296
21567
38826
23835
61607
8355
48641
14486
5448
7918
14226
85148
5025
4951
24582
33059
63020
15745
1853
66333
30411
13033
19800
16049
13153
3487
10617
47279
16725
31852
34739
33444
4561
22142
3990
14376
25891
23499
624
16237
84419
5789
9043
74794
19206
18936
6817
7038
30200
25068
36693
30179
11477
57807
77240
77383
1367
6627
67556
2082
61586
15529
19591
5749
21592
22305
3536
22879
29875
17487
70524
2285
10620
30737
74358
9708
9602
2996
4734
29895
42789
63915
94450
3816
5777
30021
9366
93351
17528
3952
75297
31802
656
82236
88749
39950
42763
14545
2291
16955
48232
86602
5013
10311
23731
64298
5939
29471
4043
19390
17408
17925
15094
50702
40797
65550
29491
16473
13596
432
24240
1703
3745
6184
10283
12775
27041
16499
16598
186226
7501
30691
36010
2787
70500
10155
10971
43781
162470
5192
32853
45035
3385
56002
1821
24152
20285
42866
71495
7061
2464
13404
94070
35809
11928
18660
3586
46000
7233
18868
49516
56261
11531
17162
20949
26608
67195
20312
7461
2714
64644
1153
41836
18034
32805
45689
65764
70549
67785
11748
80350
8582
15332
5193
30724
22586
16988
64173
11982
9691
18961
8889
22672
35156
70915
20763
27651
23319
16044
27230
58317
90578
3791
31724
31926
34228
12187
31654
10306
45901
66052
42532
94398
60392
57233
18900
5768
18551
18182
13900
18269
26610
10231
23636
19113
31975
1718
18510
6990
28197
33759
80332
13884
24112
218940
54383
36164
14716
192452
53499
63558
88130
233593
6295
93324
36939
14058
22892
30069
30473
41581
49597
58074
91565
49924
242
8327
5880
13095
9550
23343
9796
7187
4839
9194
20957
11102
34002
18601
5877
37170
7906
16358
24049
28950
13780
70521
7703
41755
16156
6511
2035
10312
37147
4502
34468
89759
51192
90922
1779
11343
16599
26639
23657
14713
24054
20656
6816
74755
30407
14414
17948
25677
71874
74396
3706
16043
21971
26477
20256
20110
68291
3352
16210
26144
34267
38062
56014
85073
86810
4762
11652
12490
2924
9596
5665
8260
13119
13485
13855
13861
18632
19332
29223
30382
37262
37557
41821
42144
56194
58641
59312
59731
60439
68093
69025
70443
77143
78098
85578
175263
186762
208307
55559
17675
35324
4873
40550
37336
23116
45998
34927
74671
49780
57573
89326
23966
637
68707
1374
29180
59243
13724
55616
11170
11133
6234
24504
7767
44116
20181
1184
69898
12539
14009
40803
19373
6284
15632
56495
40628
44115
15594
21025
37380
1708
10634
9262
44005
69526
16662
2839
47202
10540
26993
10218
67677
4583
60528
70662
57035
29922
26215
7593
16909
91630
12901
49314
91892
46944
11962
59716
11134
5769
38870
57423
50231
1476
5369
45972
2194
43088
17319
21328
30058
64396
30098
1098
68767
34318
50525
4428
31192
10584
32944
12131
1007
47980
13057
31005
89171
21356
33782
43082
21142
5968
2382
7881
25265
73404
11400
77217
21405
48117
30730
74270
18486
14276
14118
13812
18729
11594
5579
11872
6299
1524
2676
74886
626
26487
75931
201916
36793
13059
1847
13624
44133
23587
17988
30226
4413
18639
19194
32313
6947
35102
7408
9415
5647
25171
16335
32946
45388
75007
61872
5770
13362
84890
32149
45161
49534
18307
5667
88081
20694
29786
33279
74751
19851
46705
89934
2801
48508
3996
12390
12001
61536
68008
43935
8951
23336
45224
10553
24657
1897
14030
17210
87751
5394
9501
40229
19018
41350
81639
20428
3623
44439
176217
20689
22811
18783
34094
3439
56723
23241
31886
16693
16849
11245
36438
76730
69515
3111
43565
8284
8547
37527
34942
14554
9673
70383
7457
18779
30344
37095
40510
15813
9833
64331
6594
3562
13481
14663
3902
88694
4026
5840
14531
91053
50958
149175
28092
431
10958
39619
7787
48070
18176
89482
3687
16632
10118
36616
40523
13888
15355
77264
6923
24806
13457
27622
21624
9402
45545
34951
57172
33193
6647
58645
27385
86334
5901
4714
2821
34952
83859
4967
34733
6545
35166
4962
10666
58446
3605
45203
85606
9789
83582
18985
8029
53618
384
26714
31637
15904
18117
6936
71387
51960
1028
16315
3467
45884
1859
71196
11822
21219
40823
1119
51997
59799
9435
45849
37845
74399
53709
12726
19232
14653
55461
42208
13569
11901
11648
34765
25989
42820
4887
1490
32942
28014
18506
65266
27869
6542
15851
4809
24856
60476
71862
6211
4764
14561
44026
18933
94211
29309
7003
8040
7662
41419
69449
28592
60922
19307
6899
33030
12768
3951
35800
26019
12126
14933
71359
23480
9780
14754
34005
54749
23435
71592
27315
2668
71831
60037
6375
8532
10492
17092
15041
4898
10711
51119
31973
54966
49325
755
7378
18485
87116
8043
31117
15804
8286
62810
13839
11633
64358
33431
12239
6792
11958
10916
16171
67981
7469
25936
15818
67578
22464
78300
2820
79697
4697
19878
22635
5779
29113
38587
48569
1573
8915
16236
5672
2320
9612
6066
52046
57710
90002
6677
35393
4823
18939
9655
15725
1090
44699
88283
5588
2987
71073
27870
23681
80109
43187
5587
10459
91342
4177
10523
51334
26921
9763
18709
21146
25471
645
23389
2628
54067
33028
91035
1468
67401
7407
60210
32897
34451
2965
32936
5649
15689
80116
43655
62183
9497
23293
60854
9627
38556
15218
40335
69335
7120
11990
12480
2065
798
2295
4677
63090
22980
16238
39846
36536
17375
33367
4079
84050
12055
21214
11347
46124
16337
749
21222
77358
55739
75626
16613
17526
6193
17804
5050
29564
5681
9085
7450
81873
47869
1477
82537
9556
3066
30559
18274
16651
28184
45918
85248
25244
67194
2271
20077
42169
12041
80986
26348
6908
91613
92314
60162
91311
9391
7251
6331
34107
14973
45771
1762
185038
43254
1474
13106
77725
18618
38013
12430
11137
22360
52146
23923
13536
62751
2380
18894
228753
19024
83083
35419
74849
3228
35893
71152
16296
6737
9190
24882
28731
1016
3890
4692
14544
23098
495
5612
9949
4107
42191
8293
12288
8075
50524
28075
41015
52931
29557
65063
52680
3057
22940
20732
21798
7344
1134
60782
35160
17809
59700
58634
21516
87502
15401
32641
33733
2152
35479
10264
5262
17040
73735
52488
33318
1953
74660
3542
10357
10248
27695
6614
32447
45156
22931
7260
2816
79395
8694
10393
57196
70513
13319
75354
5317
6961
13284
18343
30875
31153
10918
82518
2032
20457
12549
14837
18085
44511
5715
25264
77937
15561
31297
78636
12402
32830
1586
24344
3628
17959
57956
16850
57650
22624
8764
29650
3078
2088
20843
794
3124
3660
12610
94305
13290
50333
10122
16691
29467
3273
41670
11493
2765
27817
27906
48567
11629
25504
26605
46205
45586
80466
47460
7091
2247
6205
10384
57689
25896
24336
38944
5549
47004
14475
49068
6097
4063
3958
45872
11033
5032
27795
2912
61985
4663
93133
57322
33639
30522
40528
31699
10686
40093
5872
8451
19000
11091
16585
8109
61228
6844
6063
26108
40039
6892
45101
22283
46121
71679
12180
8161
22450
19285
23021
39751
18326
260
29691
10934
18781
51012
5101
92015
40103
82672
19815
14122
52039
4929
43020
61646
62971
16336
27601
33088
19833
29296
8431
20725
13281
26190
9715
23879
94839
21709
51672
3320
70221
11660
14037
13048
15900
30761
8583
32713
54588
5356
6641
40473
8588
63170
61501
79987
72553
25027
13885
7743
14857
11323
5671
21078
94835
6456
20513
13190
8627
42701
64512
45991
14020
32483
6387
53533
5447
90804
68962
16744
16403
10525
59301
16021
15031
13555
11318
15876
40793
24151
1155
82593
28497
64708
15949
18579
6712
14059
3101
36557
60212
18923
73533
24368
3723
8502
86050
10321
47999
37030
2659
10256
2884
11772
15628
66690
8308
12339
46727
74931
12852
16828
35306
26953
37792
26709
38661
47201
26287
4159
20918
18990
8665
79824
18046
16984
48233
79659
16015
14142
39049
56009
439
64507
6239
6920
53109
18867
40240
17295
1912
22652
2856
37416
4193
48445
392
18387
8085
4519
5119
11547
29890
18687
23610
46916
10365
56497
3455
36773
100
17915
9328
634
11425
28556
59788
12867
6917
39180
31988
18378
40079
17435
7253
45620
13316
40064
921
65035
14567
11952
11317
41642
4342
31927
45776
67112
26025
15215
875
42859
1861
3107
32588
12492
6140
69916
13494
7723
31413
9870
35636
1665
82637
3280
33261
6350
46420
502
3356
25690
16522
15192
24118
1195
51555
9207
37154
15843
54223
35374
6349
16747
59162
89346
12464
30271
26132
7679
7984
23749
11869
54488
16515
54911
67940
41510
17725
45783
74291
14687
20752
27465
26401
13245
13251
59042
27971
2383
1986
12646
59337
49175
13097
42780
87110
29512
5943
24090
75889
18952
459
19671
32256
57479
3323
23934
5126
15439
27958
6497
29545
10837
6179
21330
25442
21018
2578
27007
9115
21299
8419
169103
45466
9808
62708
46361
2326
91020
2246
14497
46399
25053
24528
92464
36414
11694
19145
77332
27566
31395
65427
39099
19087
48928
13775
47887
2833
15114
14931
54939
11146
11926
49416
18104
21354
9798
70123
91563
20537
80330
11363
59511
1136
41151
30809
35695
4738
5888
62991
40357
64151
18313
22190
45867
84999
5109
13305
38932
86258
14471
13605
14765
26389
28762
70827
27430
13752
83678
4352
4845
18641
10431
44183
6018
1434
40786
8980
15537
81541
8333
51217
13773
33220
3253
24237
15429
8302
74483
10842
92991
6478
14382
32979
76644
27384
23378
20344
15486
43095
11438
46320
3346
22336
54350
27929
2742
2356
40624
52010
14745
221683
8236
52390
91091
18285
47596
15936
3052
45933
18960
6262
17640
8640
45978
55606
6084
70527
15545
51883
6554
807
11085
74877
4049
4440
41554
15207
52287
10163
34912
28504
39533
39823
26313
21316
4379
18814
33756
58384
49763
5595
47291
59276
8969
18112
28454
83750
10867
54947
74863
3680
61250
20340
23958
12853
21605
54056
35909
15309
30575
55872
24876
6698
25866
33056
33218
56690
32570
17709
11875
9475
10542
35571
7111
45563
35195
77004
29863
57078
37308
45472
94090
12151
21394
6666
9660
22828
22120
50852
9611
64258
32556
5455
15251
92746
4582
28715
12571
12184
8827
5405
37797
63192
9676
18804
4069
6521
38073
49120
48971
2087
7068
20282
7833
39248
3885
483
6458
53574
33550
18013
16998
51199
70818
8910
94205
92824
57610
42884
13611
76138
3363
28604
20654
9348
63815
64013
41502
12008
81137
54100
5468
17965
23249
44739
61368
87314
21116
34320
11432
2410
55914
7590
7464
5298
64970
811
64547
18160
62427
41538
5746
29636
21415
91380
6086
5120
9265
6057
8926
17292
49324
24531
39405
36809
19298
27227
59569
27406
28535
34073
28999
91967
25344
2266
36421
90450
20283
9097
48413
3940
25465
46431
90700
75166
3547
11637
67230
41310
23762
33973
10624
10512
5577
75509
4382
10269
57413
1713
15145
69991
47927
29696
71486
45032
28442
22145
28514
1191
2565
22998
10078
5479
45859
29672
91087
5816
25144
693
62502
23043
80183
86479
35635
59229
1699
14864
83331
2766
34661
53230
5019
22271
33436
68490
36012
5668
21561
4463
15518
36984
17756
59675
4400
25895
81547
83342
9751
48683
46018
48782
55375
11789
34510
665
4048
4474
91865
22103
26847
74194
782
23648
75579
9264
12551
48145
15350
40790
48129
21559
40759
48339
16722
28593
13236
63119
21945
17272
38074
25310
37458
5561
21327
91000
12841
26214
41738
76366
55615
20967
12607
8511
75454
31267
13320
70553
19448
9012
35869
22602
10070
15956
15028
3225
22456
67283
18206
3980
44240
14138
23070
17482
42912
9563
20397
5027
22273
59829
24397
59966
12786
7431
23037
16738
3232
17898
5673
47217
40619
7392
92126
57592
6778
39641
15551
35493
2508
10330
14176
69467
78304
5765
75240
78320
60081
61791
94762
2180
41287
15048
57805
64424
23145
63921
7078
10211
32031
23791
17389
91337
42398
19197
39048
56141
18882
32176
81885
9007
30784
19868
7338
4207
15919
62182
8708
15932
59464
66021
43194
7999
45784
40002
4189
4788
12684
18403
22133
23226
62879
6245
20622
90371
6976
73732
36632
6433
23173
29697
48482
24794
13862
70165
86592
1638
18476
26241
46001
3001
56040
19751
75475
14650
14999
43189
4073
19484
73879
81520
27645
7373
2743
19153
68064
12461
10960
28396
19421
7998
58849
70454
80287
3146
48957
6362
13679
59680
6720
16674
27137
67290
26271
17861
2864
5693
10782
29285
55744
8933
22670
22666
28107
53126
93788
4740
12896
68834
21815
30742
81490
17750
80105
67205
2130
20316
21377
22211
51979
35614
17508
41696
13030
49169
7969
1370
6169
38403
79156
20199
71818
65819
2729
11169
11813
17578
41855
48823
124212
202242
51005
9662
14921
90455
19691
93887
22306
25568
36937
64247
66678
17747
14902
19110
66480
65269
60477
22064
43957
30705
17424
25876
20467
48516
20327
18987
53206
48743
11360
14816
62987
64650
22860
35580
215495
14712
46599
19873
51901
3161
18661
56276
11569
32500
5737
48704
24350
27158
66446
46452
36073
26367
76092
52910
43559
15436
17853
18464
54446
73365
79823
97785
14453
38508
14170
14136
25322
12406
89647
26192
29562
75897
29796
1343
26770
4700
8208
44479
95883
96852
99449
104942
36748
17004
7615
13653
24485
9894
47906
2191
65884
9008
17679
10397
34655
35622
43434
67582
71096
90905
95779
95999
97287
100803
103725
161779
187767
194460
62579
33094
27051
25572
44571
13345
15204
18443
41741
3391
80316
16410
11819
12738
13194
14493
15868
20762
21602
21760
24782
25881
31634
33619
35363
39825
42300
43488
45443
49086
49434
52551
54631
56162
63074
67986
83831
86765
88061
89021
89731
90131
93461
171270
171995
222519
13760
11002
77105
83305
11785
76592
35000
1826
62428
14981
2811
2391
16346
45083
17680
3925
18776
53396
40007
44712
3715
60145
43746
10049
35778
46137
74308
11752
26687
2848
53061
23240
4801
31950
71072
57954
16867
27204
34926
10320
26898
10314
16110
29100
42583
29781
11055
48113
8920
68925
41105
59628
10123
22017
63486
746
8800
15427
22977
61797
8723
65885
5275
6991
20421
38697
30221
49682
41382
1531
56583
24652
48820
75874
21553
6978
12216
6406
26756
33887
12904
28560
8767
8623
21503
38877
70376
32127
8350
94032
8541
37372
15137
11301
26117
4083
71805
19794
72191
28028
10551
29300
32755
13804
51595
43884
11955
92977
31979
25550
1883
16329
65756
53875
18927
11351
9051
11655
15866
9515
73068
2929
22287
18838
35729
30718
26357
22136
27629
31681
93711
86289
55884
28942
22451
49730
507
74063
21325
2486
8689
4459
13673
3854
29755
37539
39557
9214
9995
66336
52351
43864
21582
15893
14327
53014
69890
63792
1592
12727
67102
82733
2952
71405
60893
9478
44218
26728
51624
10398
10990
41365
5327
39647
73052
69273
9059
42117
29378
57325
8154
21772
24318
11480
1286
37828
12623
75741
16007
26009
1034
16921
95318
72458
3422
58391
2916
16606
32752
23177
7288
18351
9041
20235
50074
50395
27260
60010
35438
18801
29201
21693
76624
6833
15314
42051
30299
15960
31136
8589
10612
6095
3267
39588
12633
81280
46758
1525
16091
29560
4556
81779
64277
29690
9277
36331
31994
40097
20632
5623
3636
21539
36449
21485
25283
94695
35022
39021
9344
29324
10344
37782
73802
16175
19594
40905
21589
58497
23645
25792
36142
24544
54227
34048
17328
24579
11026
91330
10928
6768
1336
9568
57018
15410
48718
4468
11698
37093
5843
27666
4495
15194
20476
34566
53337
10726
7651
81645
40711
13727
93490
87365
23573
19561
3529
36592
10737
39842
7096
1734
68589
3112
44023
95162
50291
24427
63396
14290
26115
48955
18616
4741
47770
3848
46721
24698
71483
69505
37603
19077
6356
26565
46004
10486
46793
27425
4144
22632
42017
70373
1564
24201
31819
29149
11489
53784
15627
18766
4878
21080
7853
12945
30715
9897
10601
7978
13566
3729
6197
19100
40921
29486
85681
63961
1269
5940
48336
82698
10506
29732
92975
42001
20115
27743
7370
15550
24755
10009
11271
3344
29052
92861
87990
91109
24038
6548
6203
93974
15548
12208
67521
45691
37809
76640
14963
15120
2682
39651
34441
8808
86377
11212
1221
21272
44517
8294
43838
7432
5450
6401
39901
14540
37725
26832
62127
19352
14547
17360
74104
22113
89130
6527
32983
72981
10684
34337
7964
8900
43647
78928
254
58215
47722
500
45200
11847
28348
11622
10243
9952
5931
8027
6863
20034
21837
27380
5609
11225
9851
20226
24656
56279
1202
6045
18393
54263
40557
18011
74689
890
4654
10333
20655
23113
204019
70433
22319
31954
8727
23877
35299
72870
52349
10021
17005
43120
55867
47332
80946
21213
51476
24524
6694
13731
46482
58498
76443
35209
14617
68954
67740
40429
24121
64914
11781
87539
71432
23259
24330
4589
29157
21845
20755
55175
3168
7872
8353
79750
18191
16288
67292
77976
80579
13462
12303
66029
7075
4405
38712
16928
10875
37029
6421
13531
21391
25315
9749
54765
88377
2615
12925
44568
12792
51201
5292
75419
72052
45719
29775
70514
58540
7088
10758
15246
30044
13945
33811
24212
70691
78503
7188
45736
26985
46264
61571
48758
4358
18567
32572
15571
46738
46755
39018
11707
50151
31072
50947
17078
21634
9240
28783
16228
17261
10749
18041
38523
59600
20306
15731
45070
17668
25833
4261
64046
19823
66203
1625
796
9610
4910
5114
43197
25722
38734
12115
2323
39352
41915
43327
32566
59239
59673
15103
73391
46438
2544
9351
37943
92658
59782
42369
77299
27225
21172
41384
34111
10134
54115
18047
31028
22154
153460
31677
20938
52483
2220
18520
29954
23755
83671
87774
1938
5509
9936
51227
37311
35541
16965
78444
71878
56041
42236
6985
41416
169629
26564
10025
21189
11298
34250
26104
20424
28686
37459
57815
5423
41323
47093
2298
7883
30979
45332
52652
29420
28405
38563
10725
26398
5865
45479
33837
10351
11532
7708
27700
64285
91817
94718
15380
21660
28404
79470
68015
6085
9138
24193
14807
6226
25951
34624
18349
33365
38855
19584
54706
73215
55259
46734
68614
36040
68550
3375
19675
4168
28588
1836
20206
37523
71778
90101
39893
28463
22912
20465
35872
10925
40071
2772
18843
31467
19104
43867
4498
18818
7538
29318
1900
60836
78603
5564
24354
48114
6032
5110
11839
3076
10103
39875
84250
1793
7508
19659
67407
59879
4250
154150
6046
24006
56735
19616
36422
48624
21893
13929
21977
75226
15644
58449
11481
17033
12179
7403
17582
43614
88989
15622
13371
68354
15129
12649
75447
16040
72906
11615
60106
3736
20185
9690
23474
19334
12058
8191
24014
8655
10471
19939
42673
86538
31138
50188
30851
4805
4938
9890
11136
4038
10432
36734
10066
80711
37522
36527
30521
4836
84243
1947
35463
66633
48492
30816
15494
56166
23511
8421
88474
6438
22203
5269
4555
70948
32541
17175
82868
6780
10807
7902
86201
3528
3546
18146
33083
51089
48236
41229
19960
41100
21496
68612
8994
24442
19720
20050
897
11678
55163
1796
2654
45715
23190
78937
35325
18091
14589
29540
21676
17277
19703
76380
85116
38059
11720
46086
15625
39456
11320
49995
40924
3541
46291
16583
57026
2840
17393
18139
19983
7350
12935
1545
50252
28397
11583
91759
8025
12518
31063
26915
66550
88396
57524
93644
29730
12609
17298
59687
25229
79752
35608
34880
46577
72921
48507
14556
32534
47203
11803
7302
95272
9696
82145
55275
13629
53945
11636
53843
41497
35746
41534
13248
30086
35848
65777
10265
9166
12024
15301
32775
10558
9735
69301
5620
30346
16147
22643
25228
11329
47045
28974
85819
6864
17231
35226
12741
15598
6880
49366
12287
44318
48020
21824
14239
64756
17394
94834
66005
14067
9520
7295
31516
16705
7239
76760
25953
22088
37280
33831
10002
32894
20708
27522
4265
17622
19333
29955
42794
4249
64021
11217
35792
4941
18707
12693
35653
12312
14664
74363
84969
15304
16853
2754
13880
13756
103
9709
48103
92076
93472
12626
33380
196114
1766
8174
4698
58345
64133
66307
30364
27650
9471
44123
3028
16412
51397
7980
12886
1557
25227
39334
90758
18608
9842
69367
14749
28302
38226
32412
14746
90220
65316
7364
10957
1122
9414
8616
55523
7110
5199
50657
56538
78249
4236
14562
15842
33832
51716
14427
19981
33287
3876
39802
33046
67044
3906
8622
35131
37916
24818
10972
59964
66945
69352
57287
22564
10828
43831
86499
38408
30316
70022
46261
10126
89359
29595
25806
48645
59030
16626
6878
29303
42773
14194
64646
4450
81169
33260
84582
19681
60718
30174
27392
23935
20435
63656
1526
77518
3257
37824
18741
36312
24065
4180
50120
29663
74730
23737
1999
6012
13215
30498
16735
17430
24863
15069
10343
18315
92155
44204
16575
84972
1415
3590
25054
80612
67561
17916
19930
16330
31080
5610
11399
66425
38406
23141
15003
33989
5559
41221
70110
70093
13276
10696
78580
49283
39500
11213
42080
23717
52267
10313
23448
1972
19248
454
30047
15020
18498
69486
13820
9230
20021
31753
41548
44653
86497
14213
20730
27736
1003
8531
59429
88341
33519
41956
74386
6416
10976
54582
83574
18136
232857
12452
35400
20348
73873
68422
8101
5594
8081
21397
83465
2210
9695
5074
20259
35106
47901
45191
60134
85213
7863
58574
11608
14084
2795
42540
1982
34858
831
46133
60955
21765
32427
67220
36725
3576
25223
29485
38000
78196
9831
21070
3631
46193
83585
12914
6402
23680
30367
13160
18402
25506
14779
9287
24547
61762
15769
60889
65132
85186
164927
42436
51154
23485
5990
29424
64998
70126
37220
57416
71741
89497
10215
23073
37688
67547
21779
9034
25351
20748
30452
6233
13663
10411
52903
37057
62179
75652
42604
66536
25979
21555
18172
23618
72405
13448
23907
46292
10752
11896
22291
55251
57785
6177
12243
17802
63692
7643
15708
27536
82280
55774
55290
26429
27130
45071
26321
24845
7459
21645
30683
65183
23944
42696
52916
66997
31850
65512
29914
33617
6561
65826
75528
5477
72826
32301
11519
54624
36951
17495
8170
15907
49320
42491
17546
8122
58524
36885
54547
10416
41479
41816
6551
13863
6986
9920
4151
568
9731
8510
3740
73516
10712
4092
10977
38993
5611
17466
33682
85383
166525
62966
29763
6108
14682
36221
3666
22957
84137
18065
28648
71743
5619
27693
50054
173001
13632
2346
7737
45708
53415
14693
11650
44246
50215
70574
22308
3414
25208
1342
64580
47853
25544
61674
75469
29596
16910
25257
27735
29689
66329
3916
1498
11441
50407
4278
20318
4913
41850
67728
37586
742
6790
38339
54315
11517
5453
19726
40450
52470
39599
81197
16761
35819
480
5459
33613
14252
21711
29449
25253
46804
14684
30515
84222
7716
39411
3034
13181
4773
28979
4657
7865
17952
7667
73017
81344
38203
83532
29548
40576
6852
10308
26900
6569
5432
17099
41535
18740
77316
29622
42535
27455
11986
22147
13373
33972
43241
54159
3383
3913
12665
42108
8914
27573
42419
1850
19264
18725
49699
10114
22413
36794
29722
30503
83567
6943
45950
61934
65425
5238
14375
175762
17112
49006
14914
24944
2995
78298
26974
59593
3600
73493
49023
22350
43876
11827
45704
39577
63734
67210
53327
62581
13559
5001
17997
51534
78081
16160
58093
5855
47183
41661
9188
6094
20920
6411
3334
66290
27365
13042
7780
30018
12373
88732
42000
17304
191904
1615
53083
61920
94713
92189
73576
16270
19748
51090
14688
3646
20533
29089
52194
75516
20590
39468
4134
7798
31126
66100
80131
78327
9057
17801
47681
3224
53974
25624
12883
8388
966
1663
12836
8890
76524
18790
82774
35937
221265
20680
7447
7259
60436
15391
35134
49795
7426
37363
36026
35248
5086
7821
24056
51343
69789
22570
26816
57559
57695
12410
34842
2139
10361
73966
40263
991
13840
31769
78643
6606
15895
33382
50438
21860
21905
31756
43732
64608
13178
11124
14523
3924
72122
51204
23379
3326
73360
13250
72243
83429
25316
34915
41961
5592
53172
76235
11833
12542
3703
5738
9975
43185
23793
75988
11038
44399
37667
60322
14971
49340
39551
23859
37083
36948
688
28382
15958
14312
26733
8086
48220
1037
19417
19588
4467
61148
62984
75129
53176
22320
60937
80792
33363
15422
9371
7314
2563
2396
7849
20699
69577
2898
8112
13066
58127
60592
78138
5862
39051
49211
55893
3084
73342
20960
31438
35532
76367
238
48575
47133
20495
211178
6263
3104
38067
25721
4166
5198
2889
81003
14799
79602
36784
73801
8335
87922
91022
12296
22843
25910
51433
35968
52072
1475
18991
37991
38925
509
26223
69695
69702
8687
28060
27408
34932
15297
91050
23066
42106
24985
6739
19355
28622
6531
9001
69160
71942
11674
11993
20950
2535
19522
57014
52000
15741
4586
10381
30928
2734
9926
12271
58270
28446
28946
94616
30959
35922
13638
85484
52519
41103
19722
24905
59432
12564
11190
15751
19808
30276
77202
53782
71866
18290
33293
48338
7008
20044
64622
67619
2627
89122
17479
90805
25818
32800
39951
48489
6517
29256
44521
7092
46040
65669
75393
38429
85987
9516
28639
6081
31065
68437
2127
1147
41571
25391
36090
18334
8550
11535
36435
44842
47194
16487
24583
94175
10877
28106
16431
8838
13667
2782
21707
53349
2786
7142
17793
27749
15415
90833
23784
29270
30119
70328
72720
60456
49134
3201
43354
58236
6178
42494
6114
9857
45930
2169
71925
10710
69264
5273
11043
28141
74211
94553
52657
55834
32615
40996
57997
12983
8365
15560
30828
2305
9428
20547
1256
21598
43044
33779
70095
84384
2875
50170
11924
31925
37726
3601
19249
36052
38755
43731
33540
24204
39545
42100
46255
53435
8768
29728
13163
60648
21899
37923
48936
44301
70760
489
81519
19849
23255
68372
26878
232
13229
21131
22525
60228
5918
9048
57605
59769
419
26056
3774
17390
35055
21449
14458
88670
47392
8752
1181
21085
27254
37291
37536
38202
80086
80445
14796
36513
12358
27912
35010
24992
32827
48950
1937
5087
21340
18907
9951
21035
235
19760
21100
26786
31765
48791
60494
67765
34574
6378
81770
15724
11195
2870
35590
70300
33980
37516
26524
12225
8249
69969
89153
57534
64445
46730
3412
10038
63175
32170
65446
77557
19731
44732
5727
27819
28073
61205
44292
8625
49549
3843
30623
39102
30745
24505
30863
60919
65184
48870
3613
42530
69265
40019
1513
60055
7341
14759
41031
20093
85943
56900
70281
18308
17765
66487
19945
54318
40403
87665
33025
40785
47288
80222
22968
1810
95085
4514
9980
75305
9620
4012
15310
27731
93079
77340
62137
70356
21180
72218
79358
18195
75395
4521
11009
6872
28384
21794
15504
30152
57174
39737
4883
40469
76786
3177
27211
41586
53458
40340
51044
6357
75318
19079
22339
23900
34074
35359
37616
5842
25261
30888
6146
46446
52624
73848
12580
52510
3042
29058
44287
22599
26569
14029
15555
1487
8181
30996
33085
28217
25619
21370
35649
44637
21244
5400
7509
19044
92756
5982
63039
72529
22947
52369
51993
1190
76963
82418
66753
11590
94938
2595
13847
27373
27822
28380
85331
3705
34925
95356
46177
42739
63037
756
15799
26436
30053
44096
33041
4464
19324
29206
32599
65802
80400
22106
617
91132
10104
18722
20366
73594
8497
9658
3373
1794
36495
32418
35184
16030
29582
38750
65618
85898
27421
1771
8244
18693
46499
3185
93090
16982
26859
13584
58985
9010
26616
32516
72002
17155
57764
21543
1430
13438
20876
53844
26530
79636
51449
59770
4195
6622
15902
37033
2509
3053
52685
51316
32292
93956
36986
38075
83652
47196
51950
44889
76939
12961
20990
17335
62116
73341
81525
62277
79623
17589
83901
67307
56570
43840
3783
19827
26623
56399
47026
9765
7009
15506
49334
52315
28970
95530
14130
22290
41496
63383
13421
18926
44294
27701
74054
90961
14410
88325
16075
59079
8297
17208
22367
3934
24837
73220
25611
25719
37136
32433
35985
48944
6869
30376
6488
51483
63713
64273
39757
15411
12194
34339
57042
16190
34512
226
43439
49648
54520
5622
34329
50877
12899
34319
23477
35577
11671
52853
43181
45435
13923
38245
42821
12084
24821
60862
90415
15155
9031
15394
92524
10137
2804
8733
4724
27917
69075
43977
71698
85088
22496
38224
85505
3732
36445
44061
11060
29063
65824
222898
11994
13574
38214
47419
63561
32248
32845
43191
45713
51809
38831
24470
21104
9313
19755
6301
50693
2733
15211
25040
16345
10015
31320
31660
21667
31800
23040
21092
27520
27555
44909
50879
51836
62431
87178
94890
68657
38698
10180
8703
24262
60607
47676
24617
9305
31292
82405
35912
25193
31394
67999
70840
13323
28557
37193
90258
28921
32425
56108
94640
46485
54938
12794
5442
7186
10208
15959
18407
18858
21730
66869
31714
4126
74550
24285
64166
46362
55771
27530
22687
1416
19589
5210
36028
49840
7319
18821
20208
20623
29038
10483
11092
17332
20178
36503
42764
14282
48300
17918
71915
9747
70688
20781
24864
29128
41763
58319
85392
32246
34057
53536
48241
9743
57933
84139
4664
4854
86730
49600
180178
28288
33805
1790
6911
87442
62597
1310
44208
1351
69485
81288
7558
90984
38978
15393
16888
217302
89763
42994
9879
51952
57173
43462
30088
23472
6591
16991
2453
45392
70842
28607
39870
74829
54474
57339
21525
67445
30372
3017
10307
30663
46676
13359
18375
38225
47875
87278
16371
41454
39983
1055
41559
47964
60025
85254
15006
36834
36990
3659
9302
14955
23152
29658
50545
5819
20625
23201
32253
36480
44487
56679
60585
68139
77307
46377
15428
10499
69383
10768
16404
22266
28624
29109
17252
19231
69024
19969
9726
69385
37996
38891
26540
91500
35612
41147
48778
191280
6405
19038
25399
51958
2403
6858
19892
20412
25776
29329
30646
48927
66359
95225
22131
38532
69308
22197
32010
17251
229888
55698
16001
51098
80719
58166
25547
36751
9054
22162
24261
45141
45732
53823
63437
13940
20511
8196
2434
66268
15934
40057
19130
20911
44290
42662
77646
20166
68797
11371
49738
51230
3120
26923
85864
22263
11167
1039
20225
43075
43983
31937
10297
26178
63673
36600
3456
4647
6730
15315
18254
23097
29971
31032
84135
46880
23832
39770
27891
1792
29770
59307
7898
167395
6593
14283
74060
27534
14135
8212
12355
39235
48073
51160
59999
65159
88759
93121
36530
236161
13162
65424
9518
15672
3877
80681
52484
30135
79073
25115
62746
11509
32956
43374
24921
18683
13180
4897
19987
38415
61557
69107
92241
46751
89403
34125
45197
66702
14015
53966
75341
41304
93528
38005
9788
18955
31908
162679
68367
81550
80045
29397
4509
28371
31268
33969
48947
54713
67160
81837
86473
56920
24903
54909
46029
49876
35355
12242
40833
3914
70001
73188
32345
66352
20161
61249
78413
9860
13164
14738
28929
30995
53908
88601
45754
16163
64025
32346
6491
22024
30413
21907
48270
16535
13989
27032
47141
50366
53439
50520
22332
35697
13053
3229
7987
16617
26093
35944
36684
39369
39645
47930
63157
66962
21521
72418
19492
45217
25091
30545
18555
58333
22631
42996
77013
93622
16696
62512
1567
8446
35788
38577
74695
74482
52757
18702
11561
14131
14476
23050
29667
35032
41119
60789
61106
64446
4404
12581
52333
11918
38516
35992
1514
5807
1346
40106
43424
53424
70791
54818
38986
33385
6288
7417
17686
21733
27094
35207
45009
62535
20555
14856
3319
20887
31656
47264
32239
46508
46594
14661
13783
30214
27571
27882
25555
21989
24360
33607
38623
63616
75695
72249
16686
13083
31576
34432
43150
82474
87653
89461
38433
2262
58400
9458
34811
22885
20043
32866
18092
34794
47868
30695
50245
9327
25430
26965
32003
52457
64459
76564
8110
87267
80858
1392
8829
75622
47219
8883
14916
8776
11616
3132
47033
12234
23497
3262
20484
20053
2575
42032
48685
76951
86117
91664
184105
72470
45993
22278
9639
26556
2177
15072
45531
18553
49839
52742
14926
12566
60775
28180
29060
36050
52411
212654
60865
16249
43649
14230
17960
23187
51919
53634
54756
83392
83862
89039
92116
22309
34548
38769
41076
43938
47457
80790
24408
23165
39294
1774
4387
7208
29572
39314
40755
54744
84485
64375
23891
42417
12781
23030
24897
27771
47160
48161
52068
52790
69843
78872
94295
50863
51694
85266
21344
90406
47161
16073
2679
20946
22815
32344
32925
36827
49810
69566
90274
189440
94734
50392
23001
7303
8066
8215
9268
9532
12779
20983
23802
26173
33476
36280
43429
45902
47485
53597
65912
66650
74661
157498
32396
20612
30568
50680
81988
21844
10621
23666
57268
3362
13606
2137
4629
30619
54422
61438
65114
84550
94389
40874
4373
10945
21510
24924
26586
27612
29815
32371
33073
34117
34878
40014
42653
46866
47091
48136
59474
77103
77714
78347
79762
80853
81748
201252
210565
62811
38365
1568
89503
41197
75074
63449
70141
23429
28862
94126
11795
14344
64604
13183
17136
19237
37186
53858
77796
84641
90612
16496
21620
46146
42085
42019
11129
2707
54093
64692
2116
11801
36626
8807
14331
5596
8506
35025
43454
59612
77139
77221
23746
77761
53245
59093
8321
9326
44072
45498
79174
19754
21155
71304
74506
15696
18954
44020
6541
17885
22453
38377
59192
71061
73333
74125
79047
92428
59884
18217
22433
18003
78885
26222
58932
13683
5184
7955
50397
79045
65362
28830
21349
63013
77012
28880
60815
11058
17851
24849
27177
30906
32142
41611
43887
45370
53643
81015
83287
184531
223884
47633
197005
27018
21240
44030
49547
72958
79321
87009
61342
858
15232
20621
16912
8343
8377
8430
11742
21351
25875
29062
35877
38897
39687
44452
51959
63148
74314
86746
185821
76828
25502
17865
36000
26515
22175
92788
53407
56446
92849
7885
15445
26352
12088
88898
71577
14216
14665
14782
19082
34017
67101
68253
68471
68559
75983
77290
78250
90515
168579
32940
58237
13974
67208
47396
62197
45726
31542
38699
52857
87689
88419
26345
41717
84481
6307
8912
9449
9820
14563
15070
19694
25493
28690
31219
32912
33243
33944
33985
34609
35455
36783
38437
38709
40555
42303
42607
43252
51589
54210
62394
64731
66162
66724
68032
69488
78895
80172
84336
90629
170465
205804
224994
46690
39143
8400
13324
26483
28481
64688
18006
10800
56402
21748
9886
60852
68720
73573
73401
37003
19517
121
3211
3698
6912
8963
9514
10164
10233
11228
11492
12308
12568
12840
13498
13617
14437
15311
16031
16708
16729
17070
18542
19432
20317
20331
20586
21046
22606
22984
23193
23609
25498
25855
26522
27056
27169
27269
27721
28154
29904
30161
30553
30677
30925
31111
33605
34108
34266
34783
35019
35423
35688
36668
36678
37042
37097
37389
37551
38390
38456
38586
38851
39502
39860
40920
41457
41959
42244
42708
43956
44499
44640
44661
44949
45026
45316
45774
45956
46270
47189
47432
47663
47832
48345
48766
48827
49092
49612
50483
50951
50963
52316
53476
53515
53681
53749
53801
55126
55447
55643
56770
57480
57673
58038
58108
58394
59369
59820
60348
60394
61718
62025
62038
62158
62396
62590
62757
66342
66539
66886
66956
67020
68622
69513
70764
71250
71690
71835
71843
71974
72788
73465
76753
77278
77336
77684
77704
79904
80970
81378
81661
82250
83659
84170
85109
85807
86800
86950
87131
88192
88579
89531
90608
90769
90965
91453
92000
92212
92603
92904
93797
93892
95681
155963
166087
171716
178163
181647
207085
211554
213017
220266
233466
236387
35672
31361
4104
79177
18338
25691
18962
7826
11837
27382
83711
13257
65899
25164
24508
91028
213977
26621
171446
65883
24484
55471
31154
54587
2988
40190
24316
6292
75869
8076
49215
49364
4397
9883
46525
7489
11219
27974
40188
6122
81582
230123
11829
15478
1508
17806
34298
9013
43854
74593
20825
13918
89308
45830
52352
58762
29426
53901
40821
4678
30988
22380
68445
50936
27140
30787
15289
7913
54633
12888
23290
33226
37832
13648
4933
22150
5065
52371
14647
55718
59882
52332
84982
201168
23812
3007
18805
41477
42798
14705
8714
5654
16164
74131
41758
43834
50290
92594
29246
84282
17218
78367
71088
69184
21111
6209
46108
4856
67909
49114
87374
34898
56591
66592
44283
55456
83713
32690
61857
78382
26789
18484
30744
70702
33165
35474
12807
7258
23951
4377
10978
92895
80440
83879
93924
162281
19699
49499
10470
33530
66943
5007
11957
36595
17617
41863
9940
18080
3585
13193
51000
40716
63906
75257
77903
214550
46529
53708
48601
29369
28340
33180
39108
5750
42914
64315
41994
78257
86851
82923
23695
24501
80017
63799
57350
60446
12000
19653
10573
23428
13761
88712
77243
90574
17182
46459
27342
10464
19074
30035
38778
17177
8274
169286
26044
63606
59016
43022
8673
25393
30814
43618
58924
70068
23926
5937
11743
21948
90162
78919
30938
42750
26738
16721
10687
45557
27345
2835
10921
62174
17426
14274
72671
19834
15653
51622
31520
60485
78574
159405
11353
44588
25864
36618
41050
36893
66171
3088
2950
14781
22982
18899
38680
43976
22988
27925
16366
21767
45462
8051
70227
17476
11809
25325
932
17323
58706
24502
38951
68194
9633
80776
32472
66571
76706
21780
63164
18175
56553
10189
37679
46373
73892
33439
21399
5348
17534
24670
39698
5270
9617
19532
32636
84298
86302
18718
89413
64399
20444
7301
63160
7125
26068
59054
35531
26170
33932
3596
12034
91585
38764
68242
38595
6142
54154
223978
69516
73141
79033
87013
39297
73952
70826
92713
75658
86745
21209
7495
14199
6856
8606
36348
44169
75920
52478
31341
7677
27730
45030
17363
7654
18390
28571
92119
10579
94542
59710
49634
11566
28339
26242
52971
12536
20657
16546
72454
61815
53345
8116
78323
16248
33501
65395
26490
50445
47590
13031
17557
46931
48217
17058
44782
9087
34224
40535
48529
20352
31389
33651
89562
27248
61635
10851
57304
60832
68929
1292
9675
32975
16379
34426
246283
5053
5487
92954
86379
47476
3888
11144
17388
3435
18550
18977
78222
48608
4541
8090
34358
6508
543
20170
84068
21915
1409
21871
34541
56080
237084
59440
15262
14849
74854
201962
84801
10984
3923
17955
62475
83111
9805
2769
32052
49261
49279
52396
41553
79648
18183
8826
191107
54596
4329
56442
62839
199592
15121
13372
14306
39111
10272
15720
17006
56453
20774
66692
68853
8041
65930
3674
5571
9929
52220
18871
35303
78556
5815
47913
21464
36529
17021
20116
9909
86528
13751
5208
26837
59161
15937
17130
35480
69710
3338
16574
8077
10602
59521
3434
58581
79299
40252
70611
35562
5820
1046
9343
70255
69089
170859
52295
6689
24053
53041
20822
52807
8591
39907
35701
86320
15715
75721
6134
10962
53720
50083
71660
13478
19032
3073
50436
88408
11452
2931
7005
28608
88571
48595
65511
2903
50123
36004
64706
77742
30667
26336
1214
11426
15319
34902
13578
52275
19460
12309
93327
32017
37647
8860
6686
7587
29088
79694
29910
15749
19401
18044
6811
48064
72726
78355
85821
79375
14917
84362
68411
19080
38460
41326
13004
59469
16820
29114
41425
11644
16490
45658
6928
5911
40129
2167
2217
55179
51268
4817
13131
9649
73789
13473
71188
2161
64071
246024
12395
60013
72547
77333
573
23111
10479
44491
86896
12587
33971
1595
72212
33216
35255
36214
210307
21358
20961
68117
68279
17982
7762
28657
3981
10893
40476
26266
7504
50164
23326
7523
39474
53268
83486
58251
22418
85236
22399
21850
12315
27857
11626
82687
25774
22930
74368
28300
33701
78493
46517
74056
85347
84226
58533
3815
18332
3820
24761
27173
78397
15131
66741
95717
203939
45345
11302
4053
25709
78290
79571
37310
2416
70637
17085
47500
20981
29609
89755
15793
19551
15171
53931
86108
6755
15585
24167
13172
42136
48872
16145
18090
2215
10927
76526
1320
92288
24773
18865
35136
20265
15412
66599
4212
17516
79062
38331
58300
13304
66447
76719
1297
43906
4441
42711
64045
20432
29283
44038
57704
20558
28923
4742
13582
24955
9737
59670
94838
17855
7040
38425
3523
15783
54900
13899
15675
19272
42338
10345
19181
39291
70007
20646
65787
74162
76713
4859
6005
82608
89013
915
86018
43612
19303
14777
35727
6185
7571
6898
59655
47326
47440
31882
26753
28864
7647
91229
66337
77231
21792
51193
15802
29921
43693
23288
65027
58751
5945
38482
12253
30516
87773
14080
21518
14696
7990
13198
17542
53100
94093
19464
40621
17233
54965
3216
7828
77282
29174
9950
40049
63126
36320
2525
19050
5482
11328
40682
35680
86542
85596
14031
27472
30101
23915
79817
23777
47238
53063
11740
35683
18109
26644
9848
4217
25599
31821
34558
63554
71249
67976
73119
82721
1384
12316
9072
17878
25961
39603
53670
21218
31151
17073
19729
74120
90535
20417
36988
28632
209568
11340
27143
11143
90177
76027
81292
6794
11704
3252
9928
22690
25117
64379
16996
23064
85623
9395
59724
42675
92226
4977
10979
13921
15013
12817
40773
47834
66514
10610
12662
2681
32045
18686
12293
59178
24572
54469
57441
5578
20072
27515
40784
58575
177603
88429
60489
3458
50236
8139
52303
58899
32368
55979
20189
9847
77912
45140
27043
35915
25098
44102
18525
61660
237344
5949
52515
69698
25174
3637
8685
16942
9774
2999
9724
40374
63613
28372
19173
46768
36432
88072
5194
24963
75169
26782
72245
13891
94997
36193
1239
50636
84189
35851
40370
85983
1688
13643
27193
88278
37882
44683
13947
20078
33095
42835
8790
22709
16900
23815
39155
45326
43270
4508
70027
22153
26624
23074
80511
65326
27738
5508
14492
49708
1855
20615
57469
64710
10371
51525
39094
85238
88194
19853
6148
34021
24831
7542
57790
70625
71681
14800
6361
14936
15335
35323
46088
46736
45287
13935
62486
40835
8549
44446
2773
40087
2141
2797
27588
8593
12822
5837
7884
8271
71293
28934
4983
63152
63723
16699
51424
3430
25074
7429
12528
22768
51866
53899
50081
45881
43098
46141
12102
59647
63256
167975
51274
92383
17919
51018
40088
34533
18893
49595
51047
22615
20747
26857
8690
70860
179742
30132
62131
64351
78001
526
43681
6308
26014
29039
20286
54835
30915
30120
8007
29316
6776
33915
4925
11862
69357
19569
49011
53977
22729
25625
8925
26909
77953
6294
15781
87140
9095
94381
20658
30202
46057
8881
64969
407
6273
15354
34860
22576
24918
20090
23159
36895
11684
29635
30561
6663
76941
231416
18617
9825
47548
46936
238816
14852
90189
7745
21260
15778
7082
18474
40180
28776
21557
18163
87098
15366
3461
8631
5181
88217
50361
6533
46655
12697
94709
200894
37877
60346
2150
5417
72181
2522
37355
3499
20363
30725
237
758
30451
61337
24401
50125
62454
24701
12486
7574
77303
77575
14553
46437
24186
2132
4504
67272
1388
4386
6059
18423
72276
859
9912
10996
78179
209403
87316
3180
29723
72890
77391
34742
28024
16177
35547
38079
65909
8970
34653
60003
20682
6391
53082
54600
2874
47876
62776
84529
4077
29081
27670
19783
25885
38789
27221
15269
6068
60738
7625
8820
13470
1949
18524
15770
4626
50960
95218
7711
46729
68042
28279
6810
19239
707
11673
64619
23371
69983
81870
87976
93840
9594
19342
12724
90373
16987
54589
1878
45605
11156
11105
33155
81555
28945
44878
1951
16302
35212
70078
82074
217790
28718
55223
36947
20659
65489
336
88251
45696
4681
6637
60294
17705
15257
15487
43859
49879
70564
63682
68394
6358
42127
65932
23839
43365
22546
25092
55965
82622
11016
8091
1851
84501
27419
25791
46422
7333
52870
71492
11053
44182
79021
68565
14333
61744
79103
4593
9744
14129
41248
73624
29925
44037
3226
15460
35234
21616
9907
29045
71970
94408
7897
21745
43328
87256
28705
60273
14822
71209
12825
32100
15930
23949
5661
11286
2256
15528
7907
31966
45951
3957
11766
10635
21761
57716
19846
28115
22338
12232
29960
61383
47055
11331
9131
9585
16219
41012
13184
26499
18120
17318
78713
16365
24482
21927
4470
33890
7861
22668
82984
7681
46389
59571
80186
63259
7332
34656
58305
40098
14352
65277
19568
23466
45085
35617
39970
56267
20864
47772
73749
25030
33771
61055
94429
3318
66151
41829
12029
51254
14358
49406
79058
10266
8904
69798
9139
26264
7699
65828
76289
9576
18357
25026
26228
31091
78014
94248
74027
12921
53818
38696
88173
11662
70825
74252
61819
33528
245
2516
78224
50562
59012
84301
12777
20069
31385
78620
64111
31812
77839
84283
25629
6139
22924
9297
9162
9790
32631
59409
10355
8189
26183
35559
39923
67926
1563
69717
83754
15233
57628
77367
27785
81501
82558
81404
38718
11995
24593
72677
90942
9853
65506
33872
92869
8322
23171
80815
20877
65086
68755
11151
17047
7031
76227
14008
24268
78062
8269
26205
10519
11045
47308
69299
30337
54040
3283
56695
64121
5534
16374
34362
93801
6011
62980
11811
47506
47835
18526
16569
34295
75527
13126
49002
19752
35254
73165
31013
17358
16207
26297
50578
81356
39013
76035
46933
10675
71428
74933
6933
13258
14280
11283
1348
4226
36292
31498
6909
9733
14336
28761
11090
12895
2657
78302
14120
51922
5778
679
2060
30177
1205
17034
46025
94533
11168
60681
31617
14583
28299
93432
39916
51411
54789
7353
21774
31337
30412
38097
17483
73071
4246
12802
34215
78015
16066
48752
52540
89417
51309
11853
56179
78185
56397
79515
73835
78157
1540
87396
29211
16217
53442
16578
35960
53170
26956
11672
26592
79830
4240
25221
55143
59528
33750
57265
36373
40802
11810
4266
26317
17440
8991
13716
57411
70290
49126
3046
67599
27258
18557
6229
28430
13024
28508
56378
37538
28142
16551
34129
34218
5297
23409
7070
94912
3634
13382
44444
29495
79377
54409
81705
26065
24644
19027
47807
28149
10791
8805
11733
26998
35693
60286
47289
60367
2936
20540
4460
5246
15891
54079
8697
18373
35728
15775
11420
10346
36104
36162
62951
32290
43718
60416
3317
12300
15824
46116
20604
39964
5214
91928
82565
27962
30976
89095
55180
11722
39302
34763
22591
52940
79149
36683
16293
55831
50213
196745
17933
20054
25678
52619
37780
41135
3153
61566
85317
86037
34897
14984
17183
1194
39618
76980
26739
24202
26193
54738
23719
36864
8117
13747
6265
12017
24098
28621
17624
39552
41476
11763
5446
4286
50910
6615
14243
8262
53992
8072
238469
60012
49577
17671
27944
82515
60612
28261
4838
58800
7940
56888
58248
15915
23384
44518
19133
48459
71764
75362
44647
11912
60829
9409
18424
54120
39722
28205
37202
3891
8917
81400
1874
64915
46683
86908
3270
52651
75959
33649
68476
67187
83588
25756
31451
51275
31325
8159
20603
22108
31706
27420
9819
29090
43922
10956
12874
59327
29868
25725
12985
74247
38562
54302
6371
52761
76729
50970
65077
71053
86300
33535
11180
81396
95177
11185
49967
12788
30760
39490
13118
76012
12824
412
3457
25559
18695
50656
91543
24010
69355
33652
24270
13415
18170
38707
7451
29013
88108
21026
27642
81978
20807
22372
47368
29259
73709
53121
67039
20940
29542
238940
12259
9312
52893
58701
80244
50509
59082
57444
113
43919
2485
14735
51390
28684
12950
50132
157526
35585
52860
88395
25108
31350
86297
4205
78046
3594
17123
70692
57542
79146
41270
43469
93655
1041
22381
1827
9182
38919
18383
15312
24199
61199
6322
15736
21864
25749
9335
3573
48440
9538
8753
161530
49754
17376
16039
20323
14698
18586
9874
4853
53081
65611
71552
5632
77291
38878
31376
3503
82385
7682
16795
36171
23641
69193
3308
83778
91786
10655
56992
80313
25828
39397
32504
14784
4768
36814
44656
31314
19468
14039
27197
690
25673
22379
17501
3978
21199
50492
45006
25370
21986
38994
7326
10641
17324
23417
4776
19682
25752
35293
36180
38672
77033
78976
73013
58435
6523
10488
91156
6519
13375
56129
27585
13868
20541
14899
54681
11529
9917
37008
58752
8782
20389
10456
38999
15373
24348
3553
59407
16343
28067
13246
15540
41960
4616
33692
9431
17741
91268
37934
17445
16475
31195
2103
19483
34459
91417
24332
53851
59951
2239
7362
37582
39754
30499
45770
4814
4537
28410
152650
40799
52915
60736
86771
175316
62688
74077
18605
22956
87905
9147
49991
84470
83960
8165
37568
14577
4628
75177
84364
9680
36196
15525
44078
58479
213098
9090
12529
15206
24444
77154
1632
58371
65411
19489
8149
22750
6014
65967
27567
83581
18149
37457
10618
15452
24403
35584
43032
4686
48038
11641
39527
70104
31735
32107
22349
72710
68639
27859
43406
16890
68743
37282
33350
23937
52961
25841
5712
26292
51086
13818
31137
53845
55492
26209
54099
46693
38943
39204
81340
38649
31251
71047
20485
16506
12621
42132
42913
34743
25186
5136
36588
85946
70153
8521
64295
32391
85723
88912
4064
14420
73815
74636
1454
5858
29976
747
51932
4634
75524
10963
54616
13369
677
59977
16556
484
44644
5844
86970
6742
13425
14172
64543
36091
16141
21112
48809
94687
17760
24149
27082
23017
18857
64815
11640
9797
30074
6101
45427
5827
32850
4452
34463
87811
20173
3965
11889
13538
30520
21863
84457
15284
17945
53140
10003
27997
15710
39668
28238
33472
42077
63670
75907
18291
8176
2499
18998
10217
26870
7510
40186
17787
47283
43112
57873
12361
32603
79722
36732
87547
19538
47824
61209
21881
46819
48780
38731
2775
6620
11279
242333
21425
39167
26602
42531
54385
35808
2377
71927
4588
27545
29493
189867
42029
26677
14071
40727
11215
22523
67752
58880
46922
14149
22906
34150
10570
19927
51442
21597
78170
45163
80246
83306
35629
69905
25651
31644
8930
15455
32530
44932
29389
55773
64313
91236
9507
6946
24666
60418
24324
6823
28538
8856
10901
48037
19447
36074
19867
58747
82634
37956
31705
70714
17730
16411
48496
65769
44219
81109
23130
48140
81351
20167
83902
63187
4309
5135
27354
51087
30686
11377
59037
60040
8248
15910
31039
31562
6674
11348
4375
5597
16952
67486
17101
60999
88466
38156
52610
66756
6024
36352
76321
11451
7756
36996
30557
971
82391
29298
45793
47124
2783
14810
39867
80248
18354
90250
18981
94918
14722
12077
78285
16295
83764
20351
11404
6319
47122
59140
53642
13043
39805
12604
29958
24343
12975
18260
31760
17190
24393
57296
28941
33593
61364
73074
7037
71779
11606
65702
90146
21969
65972
24988
35413
66646
3589
8846
40961
17852
40170
6988
33356
59802
1837
6321
56794
17049
20254
13999
23146
3716
24030
25662
41131
62623
8347
38424
29918
11503
50510
76095
54866
63630
13543
40671
1964
9073
35838
53601
16529
40139
23549
45891
1164
22637
40358
57717
33075
81588
5463
36111
11357
31810
25708
35643
60080
43441
62910
30076
61782
44576
26713
38921
27766
9981
26208
53440
61664
34364
46083
11514
87715
92649
42823
5776
3544
37717
15611
26055
22116
7191
17180
39303
36165
50570
27172
11592
4017
32363
35742
13795
1941
88017
17796
53863
42837
60943
2928
6113
17308
36802
51284
68222
34874
72597
16794
19932
92204
36044
26099
41853
152688
12865
78573
11868
26759
44024
41658
92060
11231
9560
157
22807
70558
31959
47640
13581
28086
8837
28441
3828
4500
18837
40338
69430
26612
21542
21574
19042
46331
38937
41127
11572
75349
5127
1382
27255
35776
37715
55657
11534
20723
6962
33291
40231
73193
86236
6581
18267
78952
10372
51448
14247
17234
75150
13826
14380
13687
52066
12934
14343
19643
46980
90790
15308
72442
24509
32001
39622
60258
5408
3696
17240
40509
18930
67854
10270
63662
72833
31752
32878
243343
1975
57394
18199
4978
52671
11753
61925
13726
45422
34303
66836
45243
67347
7026
39656
10362
750
20953
20815
17465
46950
64697
8180
35539
66230
26225
37429
34551
51046
11807
60730
21054
8710
37564
52448
225505
12583
3803
2510
63165
20627
37183
77269
6127
13675
25383
6803
29442
7133
28146
48085
55512
28156
74397
94212
42268
52665
36369
62732
35796
55136
51741
36840
56167
39475
14595
15448
51833
9250
14399
31911
3814
93604
6264
1226
12866
42843
4659
29772
27780
18560
30368
55769
10317
35935
39350
46161
51990
661
18180
17371
66814
13661
43837
6276
13787
49814
16279
40323
19201
18611
32370
43217
14502
4982
5267
15575
37631
3492
55110
70835
11095
36733
90128
818
68301
75105
12875
12436
11081
36250
71287
31978
80563
75307
61206
240475
62041
83272
88259
2930
14026
15993
51234
10017
31104
4289
13474
33264
89090
14827
40625
43453
60583
8797
80088
33509
19128
56491
5160
77939
1036
82805
16666
25522
71725
6667
37995
54751
23799
43467
62225
49826
26200
34547
29550
8238
32174
89322
53379
42815
1612
17701
6968
32315
83082
68156
7437
10929
75332
1427
10894
21042
52934
14087
24628
39426
28919
4759
50441
8250
53700
5710
35908
50017
9301
23619
63415
42382
46992
62707
57424
43043
78316
5012
27320
77625
3493
63305
8594
37197
11780
40424
33513
53663
55018
92550
6782
27933
38453
49712
7714
61475
15036
80904
11080
13568
5216
7083
15499
72101
92080
33970
8458
49975
6836
9035
52204
68957
4004
6555
17891
24233
962
12932
71759
35246
11100
27282
22983
47488
11680
73858
33621
79588
9603
32129
70735
7640
20406
79488
6853
18664
66567
90010
9555
9669
76089
212393
68754
67894
3919
20889
14541
7065
34045
41531
21962
44887
67354
28671
28962
241244
56550
3313
29738
25012
93763
27271
88463
17320
53294
27213
61400
21784
35110
43402
52589
12169
22168
94848
33532
84390
61058
43016
31090
16093
15240
33926
31505
69366
20430
78322
26834
56407
54874
3986
3651
15272
17002
52305
12538
41345
62447
46632
44639
8671
14349
47456
18043
18470
59036
72642
12147
48699
32153
47452
35452
59965
51302
17612
19768
30810
62070
67745
7411
3763
31049
12732
15038
29249
31695
14897
43259
26257
83806
4190
68572
20508
43347
14625
19980
62259
31147
39249
68310
29177
50897
84591
90130
18164
75778
18226
10339
30371
38427
25784
41634
44003
67328
45943
15359
85812
5996
82898
4337
65753
47566
92340
76506
89871
6721
58205
2440
10341
19363
12833
22196
31133
87987
39539
11049
13104
29711
970
7633
12230
18859
66885
92535
93260
20592
58507
34559
48964
3208
4160
23841
48005
67234
19123
52256
903
20447
49575
64352
64204
17576
33313
93485
10790
11771
78724
27927
8877
15142
8692
2815
15656
55786
17166
20310
4644
23486
6223
24645
29010
45735
7994
9704
34769
12509
44045
62262
9557
31344
33585
30269
76514
6910
87196
90751
30416
13035
17385
29787
25728
24269
3556
75690
37891
15279
23394
63151
21410
47563
13244
20588
15759
26141
62586
5247
16971
51572
82529
6735
46179
53593
70717
2362
11628
22572
44027
46426
9352
21202
32837
41636
49170
12516
4001
87443
27704
34325
41124
30972
50178
8681
25307
5049
91232
15664
93421
10919
27935
7185
23059
37002
34359
45457
3332
62842
14606
51913
57060
20569
40495
2303
11825
42616
44716
46884
18797
34287
6789
74554
20543
2727
16803
41111
33392
51076
33320
36465
8337
67622
89287
31670
68127
4152
29903
12809
25717
11794
38430
10111
31935
69015
25468
32790
37098
29457
26407
54065
85062
41904
11415
29487
77405
22763
68695
9128
15329
855
27090
46203
45041
65789
70485
87519
216387
15812
35409
50604
6328
11805
85979
69344
16523
18066
45843
52453
6079
10669
74743
11728
15569
28546
45594
65088
73146
30150
7127
16837
10067
41813
15220
26640
26667
80856
26084
94751
9667
27833
27810
28804
57596
25816
10653
19386
92193
8373
4285
4544
6202
28188
85677
92207
21684
30067
41439
2807
12078
27167
52014
82038
26988
41702
7910
15202
33373
55549
78599
6363
34336
17944
40664
28969
35433
42173
61544
14265
16382
47100
95559
10515
12556
22680
11079
30209
44719
30160
63504
47848
74493
12200
52490
8303
23018
51443
25367
69097
17728
19089
33167
63445
7430
3684
42088
44472
39063
6633
15599
41080
58334
82015
11521
12508
85353
42054
15626
63544
20279
74145
41866
30777
89046
89780
8666
39054
71328
2467
47645
94968
5551
49382
10789
7573
32916
55343
6706
9036
60342
12569
14132
16351
93331
68304
70103
14726
42546
22821
53238
32787
7829
13274
42123
5716
16245
36781
85349
74653
76802
3935
9906
37763
36479
83964
58039
78419
85543
37435
18144
25304
12140
39214
13503
12070
42648
91200
817
77311
83008
85870
24590
56702
1488
3188
14644
21928
23614
86891
1952
5322
29267
8507
14016
80091
54395
66169
78781
50850
46369
22114
43716
64963
4963
7761
21623
23252
58085
82464
1588
76933
63636
13939
18025
78226
18374
1291
3144
15390
61378
37638
37085
67929
25267
13825
18323
25682
79566
17917
10596
31273
8658
20183
2412
9040
81813
10755
14866
19001
21498
31061
51641
45240
7468
14047
455
41982
8489
65079
74697
56443
68227
7493
19655
62138
18204
18668
62834
15299
26885
35764
46333
65581
43000
43216
10252
11500
53259
5296
7935
21049
52145
55745
10188
80931
35750
92679
3962
15437
30647
34033
35157
36335
34053
46417
17193
43260
11497
50889
33922
42332
52684
17629
13333
16127
53915
27926
61146
37705
39498
51322
238448
17317
22386
18918
24566
37009
63863
18126
39407
46657
44852
12086
4332
18079
8425
5846
8416
21389
48493
67087
73828
85576
1099
15483
14660
16833
4645
7905
38491
46100
49724
13699
49135
66884
6668
58223
9703
19564
69472
24762
28260
44916
2554
13028
67632
73585
32683
3271
55971
86854
30594
42347
1494
10801
12745
54778
69612
3606
28702
54119
17740
2539
4568
42683
9697
4170
8514
26341
48485
14838
16540
8034
30374
6613
13920
8155
12994
27803
68126
8114
21952
38155
40053
41152
51273
52728
14124
61678
3730
9882
85789
48162
68405
4046
60100
7194
18233
235911
41047
7942
92517
4230
14072
36593
4133
30381
62639
1945
5078
38494
53615
87598
83592
66338
5870
1922
1275
3176
21692
24353
74735
4810
21533
39495
73048
1854
44812
245083
33204
41009
26347
8444
68974
21135
30126
80886
17344
30779
49172
2664
4059
25848
57660
10730
12791
19669
67190
13906
23358
2855
14962
19798
11375
36201
66054
18827
88088
78234
57205
48744
6941
21747
49760
75032
13509
20204
7673
18967
15358
31281
34901
77663
33179
15833
15836
40112
8993
20489
8403
59968
17887
24475
28170
25199
60712
9477
9918
14262
58657
7277
14203
50410
94608
38192
23740
26690
34923
10876
5856
8144
19122
77459
85127
93363
70392
79133
84199
12394
11311
26843
62214
67010
77019
81944
37556
16798
10959
63783
49054
5475
15177
24642
21629
54240
6543
70350
16252
23044
4735
7309
15612
15899
47989
1538
21714
30212
38681
28523
29912
60885
67678
86912
24081
37506
92998
4745
1890
45112
55224
86914
10438
32454
41378
73804
61407
39345
42216
39319
6377
8778
73825
4339
7791
26763
76809
4995
47841
20375
32007
33108
56235
89478
4811
5481
20377
35124
54042
91338
11815
37172
58293
17198
29993
88655
19155
74551
16077
50627
16247
70147
15646
38642
59479
70617
9539
20311
48762
48779
53414
15589
47737
56999
58877
94766
65966
22026
33311
156532
85023
31625
44610
52011
50318
30907
63285
13908
87045
61924
4911
26356
31085
21121
26258
58977
74641
17167
43971
7649
73995
43568
33210
50427
52942
10912
87101
40568
49897
2511
16659
19190
43419
13501
45097
1045
47065
55226
19060
29508
64416
17954
7727
19178
51333
12769
86801
46194
74196
75701
78050
82519
22084
70770
10933
34124
19953
90650
7568
21828
26122
39228
17623
79845
4303
14108
22945
3251
7944
83876
26288
8636
18162
23852
41478
86985
19208
70496
38930
29454
35250
46242
61584
22589
30017
3656
8062
2568
25112
51010
6774
11202
54698
24282
28899
14938
32729
46674
17403
43493
607
14381
18648
40461
3288
2703
55116
11654
29353
41966
75051
6167
7506
81354
10059
17450
26253
4308
19187
78118
5626
20793
43132
53031
61336
75846
76308
94110
9075
28496
10477
12018
87506
13695
55346
11063
51885
35682
40362
43510
35904
4279
26147
76458
5085
48169
48317
67810
8345
16531
22638
47077
37063
59143
91868
12167
8456
19169
20262
20464
21185
30811
35416
45241
47292
67385
74320
86808
38838
59557
244
22757
17429
15743
42744
46559
6201
20711
72412
5271
83493
29393
56374
15435
25543
28584
81495
3731
1915
7079
8304
9220
9871
10157
12602
17012
19672
19984
21565
23148
23640
25526
27610
28559
30587
31248
33145
33892
35148
38597
39612
43723
45046
48854
48893
50104
53834
54855
54967
56726
58070
58147
58276
59410
60227
60715
65795
66205
75236
76042
79243
82109
82968
90310
92474
207968
70631
10787
45002
46578
47187
41714
17857
15566
24122
5808
9723
26004
4321
8130
28385
87447
87876
3083
5217
31627
41355
41565
52300
80363
2159
7608
10913
14430
76763
5425
17651
37060
73592
7134
10349
12986
6089
12722
22491
62898
70883
21388
36056
43188
23298
35138
81269
21532
5367
28699
34636
56435
82397
8392
48397
3937
30470
35812
11544
39643
61010
70563
15788
27821
3550
25583
30613
34294
35953
220491
16196
46860
2553
4772
51899
26206
35497
13827
38208
85978
18772
10786
31428
51241
67463
16202
7343
93430
54001
54361
4314
26534
14441
25380
15515
24402
42451
1180
56817
3633
54125
43630
63099
13991
42441
68642
21826
87830
10859
12577
38175
31173
10369
27767
42068
75654
45569
6325
9590
115
11851
15872
30652
22085
8201
54808
62076
13875
26774
6359
67536
5717
18717
47965
31196
17953
19580
6952
49237
14543
22889
41641
70313
74757
72569
16562
29982
22716
52984
81369
25766
94
12541
9753
19613
28262
164014
51601
33545
16211
18477
1355
13955
16760
89684
773
19266
18983
54523
66206
74673
2209
22770
40115
47438
57744
15647
22765
44922
56031
74897
17633
21909
80149
20821
93193
3479
10931
64975
11979
78930
15392
20328
41831
48611
63735
94693
14461
79232
24171
28729
37361
15027
16973
37860
59794
6975
48551
25917
26838
44717
39753
49940
23478
4850
47711
41088
34492
11188
11816
82078
14398
7155
1197
75899
73535
75422
6336
23837
41014
54133
14307
17427
4798
14117
17274
27379
4710
11681
11973
53042
78532
10144
15867
13140
43770
15474
60527
46226
59467
7661
24300
50952
35165
60132
68208
14189
18534
47620
21253
88358
216619
11987
38417
39287
48266
36497
50710
82115
16782
32935
95571
9707
2385
23072
51635
52451
39748
12588
25902
38832
67235
91986
5618
36921
5502
7876
26822
82460
28689
59920
72474
56917
83849
25883
37660
53323
27484
58876
77443
82432
82699
19850
34462
43652
1805
2622
8281
68159
34762
48790
64726
36676
8192
24776
10946
81104
55402
58183
60514
90738
8223
41139
368
88337
11542
33684
51973
92927
13046
55950
93228
19314
16576
34764
15062
23801
25434
25002
82644
7172
72971
17380
5643
90429
68987
79015
6512
54006
76111
16646
27587
36260
66452
6449
23538
54791
31588
43405
50382
79700
29102
30183
93329
1656
19644
4481
7164
60484
16199
10181
15620
16494
39946
17169
23512
33451
4488
2331
11609
67129
29866
93534
25159
37061
8905
22095
88827
26711
27132
52059
39773
45887
5419
6064
21726
59653
7113
8147
15595
17244
48193
20941
80566
11197
48819
56262
45482
8344
71068
34284
169143
13876
15330
70282
32110
11274
25320
31436
62696
3508
16775
9816
24295
30969
10982
6771
13451
25914
47983
81565
245610
37652
4075
64448
52640
82359
11548
25289
7530
42517
28790
11834
24238
61471
61880
84401
33635
27281
39347
48363
57546
70238
81414
26129
40857
45549
48755
61995
15340
16943
26764
90897
22430
35721
45438
64495
76594
22080
42168
48128
42637
5380
26558
37643
64513
65796
10032
8647
20434
32384
40143
41930
83934
20500
37683
41158
22774
91166
6189
62812
67577
82980
21033
27811
30184
53512
17782
20810
1812
3388
32543
53113
5501
54731
4927
70172
12123
10006
13714
25549
49545
37861
69422
93572
12674
27710
43230
49146
1589
14819
32382
50885
30172
51371
55173
73682
80118
80513
91155
19740
4611
25697
52304
21661
22824
58896
69115
20482
6612
8423
25095
23085
38030
43632
35740
46216
3792
3975
5009
50638
55024
158
26570
17613
19935
32955
36839
54135
85886
93805
54219
63062
79531
62210
66863
752
10824
4803
11888
17467
26091
53475
62043
87856
18411
65406
8394
36370
27310
26422
38375
14957
36670
10374
51215
20358
11559
4426
13199
21910
36897
89794
21335
25642
31007
31266
11856
55712
19478
34016
55755
8107
26314
26381
57517
23899
36892
82926
25168
42346
19170
56718
41465
29130
51690
7713
8287
18863
28913
34205
14641
75608
11359
52502
4228
13121
20038
44007
69369
26588
63879
88600
26903
18974
46780
6670
70556
211645
15370
40154
16603
45834
47897
57953
20943
21603
28266
30885
17381
20460
47550
959
21198
23883
47020
2025
10406
18791
26748
8316
28727
8747
46878
62488
66685
78349
31227
67537
30957
35504
47755
15825
22809
22943
69569
35942
14965
19329
20276
50251
12801
148505
9647
17307
31234
48206
12435
24609
39566
175393
14362
74153
18638
75563
94932
74304
81611
7632
63821
67776
31243
39403
59476
81406
86354
6703
7086
13146
41438
42874
270
20796
34177
64643
74782
23081
15277
68672
35199
7857
17733
73560
19294
29408
5290
55581
14628
80435
85357
7004
71300
74201
77072
1363
18283
22475
57615
62217
792
13021
82613
42267
43664
2533
3675
30270
13209
49719
53359
59632
66979
14077
61899
68792
6030
6261
52120
12138
8079
53518
70665
13202
2758
24551
10883
2405
28565
22732
41747
48366
9381
19857
30308
43807
58169
2813
29835
6069
8441
57895
248068
5607
31541
2461
12396
38157
41185
37947
14918
9347
3911
21631
30746
55189
86657
6997
28838
31120
51748
89160
28292
35047
7439
16428
4902
59227
11395
24523
33147
73745
93195
6731
45672
1130
38633
75191
10795
17608
18584
19553
34314
5959
46607
73104
6251
2495
30236
56147
5503
21808
48342
1216
52476
11948
62024
71309
14689
16856
27609
63751
15397
94109
5062
42305
47229
17349
54868
25449
61117
9962
60991
61574
51083
5288
11601
17037
21642
38492
44674
60983
85752
43070
76892
91862
8082
21593
43508
65917
68133
66919
11524
14622
15732
22518
83698
22516
22830
40832
46299
51985
11719
78891
31356
39105
34211
35178
48621
63998
169575
45660
85497
37303
24542
54189
67549
16324
33645
91729
20979
34601
88838
21306
1631
20536
22441
50099
182349
7557
56901
30287
68680
3922
17451
55305
82795
33301
42644
70653
214679
15065
49691
20094
25209
7275
12175
13354
75544
78482
69112
22684
23600
37246
43305
13252
19820
20388
71934
84526
13071
89386
32526
69267
149863
876
6104
8499
8961
15306
40969
45059
48150
25664
28090
5725
8163
17999
30020
37546
10773
25364
31012
32949
34517
67630
60770
13393
14003
29297
70229
67546
21497
24625
26256
11541
12090
12408
17696
54990
62690
86757
28770
73883
75394
82661
5258
3991
29569
39003
50914
75122
37351
51674
92533
6929
37990
56268
2971
12880
88628
13718
35550
51587
7498
50904
26641
30670
45096
73040
87448
13483
53330
63320
35313
66848
3091
24765
8896
10055
14811
86869
12264
9410
19046
65385
65571
12456
37655
91240
37088
37405
19934
26908
63736
14570
6984
36098
6579
80058
90899
59330
31647
19988
60327
67955
22777
29286
47985
57878
863
52823
72795
5985
10815
20440
61774
78365
1219
26443
28750
67459
93034
18514
37456
7327
14143
6227
33517
24372
89838
191
3347
4908
20642
80706
35811
88515
399
20000
9694
17265
44587
9613
51516
68992
27353
23362
57712
73477
4094
9786
53757
54654
65903
54455
56507
85906
5936
19331
23917
10037
8056
20275
20749
35774
71717
9152
13882
13585
14105
30765
91118
6655
14454
69521
20974
60654
24154
12747
23235
26737
28983
47692
49401
54262
95464
22461
59124
6110
19256
19635
83743
29621
69581
42269
71464
77819
87522
11376
9730
73950
24974
7576
85541
16079
22167
41402
14928
73738
12145
12314
17616
18270
29398
39272
39977
78911
88762
49339
71097
34712
39721
90593
24812
29571
70058
22789
43061
29404
35836
36599
43923
46306
46484
19167
27794
33565
41349
51404
82092
985
12359
8473
17880
28227
51185
38791
40443
46838
24695
43157
2901
23396
35655
46429
94244
6895
28466
63452
20509
8141
22128
37398
43571
56879
87117
21143
35282
58140
81222
162451
20703
24236
8168
72948
11954
13051
12255
29465
35322
71301
16320
3316
6213
37847
81316
29591
42899
7591
30285
24106
48622
4852
18988
22725
31352
44375
90594
54386
14044
4051
6218
23047
36837
21697
41227
62614
76954
28317
58819
68037
77979
43161
64723
42012
67024
81087
95
13791
50717
51730
59489
70884
32280
36295
9129
17920
23471
25129
35145
3460
15010
32306
82603
47904
88535
19382
19182
52840
6648
48308
54439
45115
22252
16758
60391
9872
11047
20290
26887
54879
59086
84012
21458
63034
17931
3504
50415
67569
15209
67042
3548
51285
83421
88308
6480
23612
25950
87930
14997
21682
29625
60378
11745
25553
28628
45693
45925
20782
71755
75715
18141
89065
54338
69897
1587
12647
25469
21206
36464
50986
22476
34338
53800
87546
87630
88888
24200
8386
42471
13349
23079
34886
83166
159365
6164
8351
15248
32015
24062
41335
38505
54693
56684
11956
45753
67071
85344
95398
31242
42365
65719
14251
25177
2746
14186
15351
31671
37460
50613
74869
80868
93873
34919
59328
60777
83208
18342
18564
95362
109
25025
27469
52436
54935
76650
3268
6290
11057
24959
64130
84921
25004
57597
8614
24219
36876
6087
14316
42948
58190
8864
27597
41437
57106
74814
12855
15236
8220
36609
43021
10594
11658
13688
51401
58477
54392
2611
12958
18566
19384
20266
67479
21138
94480
119
7243
7751
9408
24568
29328
29851
8621
64809
13732
29926
32282
17778
50794
19142
61551
82024
95320
22392
41564
45805
86204
18713
34820
39761
65231
26404
58923
7965
55728
25889
6662
25640
32692
15164
16762
73260
83223
84278
209480
16807
31931
7722
11434
12548
23758
35956
95008
38611
28143
57064
3699
10608
13500
28869
84488
21038
24608
32792
58986
90069
10473
75461
30383
13230
14121
15105
48084
56280
74994
92712
3910
5634
12096
21395
28032
29581
57316
1840
69217
35122
28989
37784
83578
12398
29980
39743
14532
40971
48671
61223
4907
7272
10565
30326
48518
53877
57928
60537
153196
69017
22884
30618
38279
59198
10936
45134
2252
6496
80205
210126
7363
7757
36700
3519
54507
3005
45044
46130
55941
72872
49887
10034
25334
3333
14715
15853
26876
47230
11145
16099
34229
40608
80897
50882
90715
95088
58721
18568
25692
29683
47975
73507
76927
4684
19310
11838
2273
5235
18909
46542
57898
89077
8352
13677
16675
94877
3399
52653
56168
11663
23150
94096
90198
34569
75458
18796
32757
42125
37421
34719
5291
8478
12826
22241
47731
35221
95288
48637
963
7195
15345
8735
29351
30856
1570
12873
13563
14018
56896
80345
11142
15210
40095
43902
71408
3400
10319
17650
38676
49310
57005
65389
7337
41289
52183
7823
45847
51747
57104
83812
218881
16400
34169
43442
4943
10615
15546
36381
44947
58325
67560
20471
25986
30821
33388
91106
10450
17293
25386
33159
23526
25524
27190
39410
40893
44935
3411
13410
17693
31888
78111
9672
37593
42495
6838
20048
26372
6314
60333
13664
51416
94111
33298
9943
30012
32310
10182
38743
42897
60516
69312
13022
53343
68716
25966
56163
25410
10536
77263
94850
9323
29762
36195
4263
7224
17762
45252
18322
8487
16438
74995
6538
21822
9716
23743
42889
61837
86121
95146
53306
63989
12811
8010
17010
32917
42288
57774
87393
23996
42641
65731
233622
17492
79657
8395
61606
63198
78523
81418
4008
14431
55723
17484
19716
4987
18492
7569
35372
39136
40070
16011
240647
18327
3209
20470
23626
24095
38985
27999
55049
56977
14778
78453
1127
11883
14224
27341
83866
236
14448
64897
12160
20937
38409
43209
67119
31236
13412
46472
59883
242997
6033
13628
15109
41861
15810
69788
79024
95619
12477
25166
26544
77875
82035
30852
44245
45294
5314
50564
72230
62196
6067
19592
39943
40212
45016
29007
37879
10165
22318
31250
60265
62595
64090
22773
39226
39783
50715
78858
46224
64055
29709
4637
47986
61580
73113
24474
70814
25296
32625
50504
91703
5018
13681
25958
7284
12953
21423
79841
85735
89632
92781
23041
25062
35675
42901
50813
63387
22141
16610
18816
23878
47984
53235
58972
68827
69274
2899
20566
46094
14802
18367
49174
57393
77317
39996
50901
53678
59649
10543
43386
54266
80397
233969
10907
1182
40880
36806
51779
52876
53794
73551
37954
63973
16326
5489
24461
18029
19563
26561
12119
25340
7401
34066
94323
230638
4971
33655
43408
53380
17744
25041
49985
50490
60926
244980
23583
51008
66141
13207
59103
87819
24392
92994
14501
24573
6019
6539
26038
30926
77945
20837
31098
68236
4997
5678
17813
31734
3365
27414
30672
93393
1252
16845
21560
28606
32352
11073
52105
5928
33579
43650
48694
75441
1072
11379
40481
62691
9330
15039
38868
17128
28973
36254
62643
75725
48554
32772
38829
80414
86587
18203
68804
83616
86272
11895
37827
19916
63212
3676
53530
21303
63299
8102
28436
60564
10402
13810
55730
75237
4288
2120
24168
78898
1722
12380
24266
1624
31855
82216
83445
88034
5485
6455
33917
51889
55120
35475
57621
30837
91099
18878
42522
70921
34464
35467
50974
1306
46598
16839
55681
10077
38589
41095
47300
4068
22578
5582
26083
34185
43208
76946
82501
13387
12830
13480
19555
22031
28746
72504
85993
86702
1578
17969
10662
57690
22594
31168
68430
91952
56571
39571
2697
241066
18680
19615
24749
37722
17664
32020
36577
42101
70490
7112
49061
50853
85189
90498
18000
2162
74147
75879
12163
51499
66862
77874
88643
26067
64919
8728
10472
15969
20376
1213
8619
19510
22432
23399
58302
27262
33889
38333
77158
5070
20390
64976
44819
69110
928
12736
31454
80068
4792
15665
23674
27533
40043
64882
10772
14064
20772
39945
47451
51620
58594
60245
19209
20531
16939
20076
8584
24810
42678
45899
47132
49805
65692
75242
77255
8378
8600
13204
20082
23941
29828
2038
14657
25082
43451
51067
8405
8520
23767
5223
25801
28435
35826
48912
50959
56299
60027
83185
241
17598
45585
54733
35015
54247
55814
21506
3465
13069
13356
31729
46347
42861
51808
78334
53405
60593
78288
20302
12505
47165
74833
10230
21259
54333
68414
6540
14871
16214
38222
4447
9333
10497
24970
17795
22612
84545
7514
21639
28120
41814
42727
47512
64316
57875
13767
25114
25479
210811
36450
49961
17253
23665
58428
81357
14995
15733
53080
67219
90659
21739
49445
35934
77245
10324
19957
27171
31199
49710
75003
86892
26052
35919
53112
54378
69685
94409
27960
14128
15349
21454
24004
41997
18701
76547
44486
12135
29172
34638
47471
75035
86986
9123
16435
16968
88826
9060
66469
46744
21883
48029
76805
88092
2762
6070
22640
65655
92386
25075
10637
13850
14285
36526
57577
77495
42458
65209
67489
91761
14559
12606
56871
5029
8021
19434
21490
5347
19865
39413
54384
5857
10076
27059
62331
73124
21088
23221
63262
32591
50768
7270
8368
69970
94025
24770
76273
83146
40934
56885
60337
433
29321
52513
88639
5650
25604
34768
36037
1904
2475
3390
10260
11556
17126
25998
37718
39172
46378
74573
75136
7028
12313
41710
66099
76048
11653
12130
12629
23834
44986
29311
42341
3761
3859
30056
36143
49779
50539
61649
85416
7986
18129
23893
32490
2277
17279
51394
22718
29499
46549
58696
64162
77542
80838
171893
42170
4921
37072
67109
17703
31437
49669
14215
2541
5871
7610
19229
7080
16442
54699
76192
7831
37958
49493
4146
21077
30220
6208
21119
43996
15221
17738
12376
15208
16819
46073
94123
13571
44816
83359
4023
9274
21852
18370
36699
46374
1811
53993
11300
16053
28297
69501
21868
59875
67861
19059
21477
44613
61274
51916
59684
52958
54304
16493
27600
71052
32065
60271
61854
17176
81872
11638
12887
65435
81587
230020
44041
80729
88744
4360
16004
24386
61005
68948
11804
33900
42728
63303
9835
22515
89274
16969
19941
22587
30909
17897
94190
35218
43589
77039
18016
25063
51834
8340
36344
50216
55713
53060
18503
18562
19651
24283
38418
42681
86305
21081
26486
28886
42467
84153
2651
9002
50370
68543
8873
12928
24100
71218
9529
26008
37371
7696
13717
41065
57922
63779
70561
88803
3692
3701
16906
35516
45356
65046
8656
10392
6102
29584
21734
22048
68763
68801
87778
23712
27518
77944
2747
11355
102
9482
31602
57755
59187
68600
42391
45343
38168
46915
56058
71911
84744
24298
34383
39153
33640
70057
21227
61448
71931
4554
17249
62680
85798
30011
41630
51058
16122
30097
65780
26775
10267
15106
28887
64875
72451
13434
15603
17881
38517
11326
25413
47486
73859
9241
78525
18471
20151
52251
67649
70554
50036
15080
16726
35290
49289
57175
69884
10632
16332
22021
45621
56582
1709
9689
22812
26359
94868
757
12819
16755
26804
2913
15552
63180
91647
6695
16817
36347
37241
46776
31685
84273
9419
12334
26474
36535
15438
15645
65439
35767
71680
76800
89219
19097
25778
26880
27526
33113
71159
78450
4065
8393
19627
5531
16704
33224
93021
81096
17396
23623
51335
64595
4914
10659
23250
33068
35091
47931
85804
45065
54377
24231
26755
52340
53099
2608
14043
19411
26802
27879
40584
50713
9076
66515
71952
91535
6740
28272
37939
45275
46290
61240
78329
82049
91424
3764
4014
25290
29657
2237
10175
39019
43283
49485
86124
183322
2460
37691
62086
88918
61963
6062
11877
12214
40549
41999
49153
6395
16349
60623
20776
32741
43756
75303
93648
870
7729
66074
90094
3142
36011
41922
66728
19047
47558
1583
5803
28980
49469
10500
23033
31901
63139
66787
93848
95268
40430
55294
61144
76945
245145
61768
77265
29886
30339
32769
39170
82071
8892
32331
17114
33340
45444
49104
50342
58439
64132
6897
26493
55648
58922
8126
15559
31781
89410
7427
15255
17062
53923
87139
3734
22041
42359
61075
66443
30666
44475
10468
3343
28482
47587
48250
54546
67759
6855
32819
53265
77345
40322
12499
15025
71633
3995
38706
88962
5401
5701
20125
62788
7671
21731
22045
70092
27001
30974
4596
16805
29106
40770
52887
60675
68473
75507
4550
32083
41513
57360
60099
81427
54397
79460
60995
149176
10225
21991
28544
57152
2991
17008
17581
32791
45106
57553
32545
66317
78877
89052
13723
28693
37451
79622
86671
27852
34891
36749
9180
21938
24016
29299
38738
90614
649
1305
22838
77318
6969
81167
9899
12842
30049
42107
43889
21861
24917
25807
50698
53378
60453
76709
89561
582
9549
17645
32008
67064
2501
19687
76736
16570
26312
48130
87528
10336
13805
27089
35196
70736
76629
152408
20469
20770
22098
28257
3597
6868
34982
78194
87180
44354
92607
8115
21626
85585
20220
21459
39467
63766
73402
6041
16962
78154
11859
20255
3279
8936
13765
30973
80496
83312
93109
22254
25349
31701
44402
57844
66969
71661
8078
14636
31777
55537
63653
76322
14450
32243
62234
72324
78719
93630
15169
16532
4701
23783
24720
169361
8474
21435
52967
62195
79027
45158
60275
81598
2964
15815
2188
75259
77353
77838
90878
94987
41560
6398
21417
29152
32696
33905
37263
43668
66486
6775
8586
30826
43560
57087
59383
65085
73093
76151
82731
83516
2043
53805
4526
90427
20570
48539
6826
10949
11077
44671
73387
3700
25083
39554
84228
11442
17149
16407
37049
47310
95250
17107
24078
28966
31561
34310
39816
74464
86666
47371
89808
60923
20456
24850
33894
37079
49954
54556
66166
84943
7048
26617
27063
9418
53865
87924
21011
36035
42733
52456
70384
71777
14470
22057
29204
36965
43483
76195
84274
228701
62557
72885
7473
30289
51049
5826
16297
23356
50384
52191
92531
37964
46927
47763
75887
91603
4132
8886
17736
56466
21186
34188
56658
2888
8125
26754
57508
72185
4421
7511
12507
18008
21825
25017
25414
30496
44149
44403
44459
45516
67892
68045
82800
6665
7773
22446
29035
48632
2337
7817
23760
29838
33222
60317
70518
180835
8197
38799
9132
11787
26643
30215
49716
89818
15320
20520
28525
41781
31233
43001
49564
58172
78782
87030
93001
169614
13077
19686
30640
32021
61893
62833
85502
8901
24874
29832
34748
78934
4020
11840
14174
19132
26350
38058
51969
63098
90670
15827
17538
25633
31590
66710
70365
80692
9255
14720
28894
16877
20965
23117
24120
29873
40059
45573
91045
91104
12885
14198
53097
27672
56335
86365
22369
53251
61672
5560
76791
12349
15570
22410
58844
68294
224
22217
22227
24301
48330
57024
78379
12171
16390
47651
77285
20871
16638
43644
66825
151102
32920
50872
56172
191889
20243
20865
36311
38502
39692
71813
10407
14528
15009
69931
90939
40203
80240
3713
9922
21870
33991
36636
37428
42272
81367
52326
15864
25151
51893
9423
11114
20856
56696
60427
25723
28048
57901
93827
9217
13755
21258
30956
52378
69406
89623
92852
14580
24339
29463
39836
52616
4044
20969
44492
95502
6553
33950
62261
177224
2389
12829
26417
37843
44938
69609
6479
17383
22030
2089
28771
48146
151552
31375
35793
47293
50029
83167
21048
38929
65667
1462
2028
18238
22794
28498
36742
50500
64804
93225
168977
6368
12919
20729
39121
58801
11264
51578
63072
69579
16461
17294
32429
44361
80870
94311
14549
15463
22228
22412
28151
39132
39961
48462
49913
60238
77352
81968
85529
216896
3932
7666
73397
9049
13137
16612
25695
74515
8310
20294
25175
50956
19388
23243
36785
47095
88908
71516
92087
11444
22411
22987
31996
34378
37886
76186
89639
90801
92002
5232
11465
58901
90865
8037
90859
15083
59903
75329
89486
94184
37938
70754
590
26669
70004
7924
11276
11518
22634
36710
47963
59741
76973
16476
26358
26912
38975
58419
64456
92855
10825
21301
23849
32460
61282
233564
24468
87608
34222
1741
16250
33609
35602
37787
84249
24467
37431
63057
12484
31215
52830
68509
87465
87743
161361
13512
24838
29999
34170
41024
3087
7355
8185
23728
25215
35118
40028
233
5656
15324
30230
60724
63286
86521
11975
13786
17906
25931
9118
9614
10425
16963
17263
17667
18148
33089
33506
37566
48376
74204
77156
80699
98
5723
11389
13416
14205
15119
51554
57598
14950
26619
43215
64338
75230
4895
6332
18037
66299
176241
12080
19950
94621
6525
14555
18177
36591
38798
40548
55022
57250
80136
8679
9213
4197
19398
16169
18754
21513
21566
23532
38920
39470
53365
81368
87887
10527
17972
28833
207675
972
8030
16254
72910
6927
8643
13529
14225
57825
7396
12227
42909
2692
10238
34347
50703
13465
23026
25255
36504
38325
65831
90581
27045
27529
31591
31643
63418
72281
212192
21293
21764
68904
69441
12789
56134
7492
7738
17246
45717
46066
72711
89145
11790
65886
22180
24740
71582
12322
16128
17549
20129
27517
35841
47013
67699
73930
85776
92361
12660
22966
43645
45601
93996
5916
6166
9823
12582
16418
33333
7582
18895
25849
26716
48793
85467
91505
236022
16406
15790
16271
70139
9622
25772
31030
33642
34674
49387
77237
7855
9181
29885
63417
77357
90607
16742
23432
27475
55636
8921
10796
20836
34024
44405
89248
14244
28254
29490
39675
45143
78200
14645
64462
73265
82295
89788
18705
44395
14626
14846
18154
30997
36410
6766
16069
23752
27317
34646
64746
38701
58315
61409
82490
20488
76648
92961
22630
23475
25535
31884
33331
65372
250
16836
28792
42714
15280
40730
67533
9427
15365
16631
16692
36836
45737
17491
12628
14157
20980
27635
29003
54557
73343
3789
20357
20750
50062
53224
16846
27525
33262
11927
14867
22744
39449
41722
47902
81083
3407
20764
80189
86304
12425
17204
65870
5984
9430
21873
29044
39043
40303
44761
49017
63885
88356
95122
95276
4730
7972
20063
27790
36923
56983
15758
28291
71101
13068
25693
64063
66856
612
1980
49386
184843
8760
16221
27829
36116
41575
1107
46153
46748
52849
54723
4828
7687
20833
39035
54509
57541
65876
67865
82435
239843
11894
14428
25932
44047
13394
19258
72549
8922
12007
20179
26933
83110
6341
9760
16878
42281
45077
47634
91068
2004
40674
70494
93615
1377
37331
87295
3205
14152
21894
26930
29808
32035
37438
48387
58523
66783
76762
76907
6489
19427
44363
20461
40271
80358
15878
18392
57555
64075
68386
82568
41172
45128
3869
19877
21420
45920
3386
5015
11181
12900
18205
26591
29392
29679
30231
36249
39506
41937
44688
46591
48741
55293
59677
62316
40485
59733
14980
16402
66560
5149
22626
44449
18547
24188
27820
33125
48219
79703
80737
6769
15889
17812
20677
21256
49121
50873
67159
14537
30396
34526
38647
43415
59736
64475
92967
112
40475
48739
22265
42500
60373
3415
17620
35059
36687
47517
51527
53070
65531
80619
87416
23120
23997
37531
4381
4518
47225
4848
5974
9236
9607
13709
17932
29872
36440
40978
53554
55848
67607
6403
46258
65924
86062
9768
14460
25741
38783
4024
11708
21753
28041
32582
35736
42078
63982
84310
25301
27739
35348
44996
67184
90502
223883
50561
56565
74385
11536
20523
31340
32369
49798
51344
52118
16381
20958
10816
21076
23238
39064
25101
26860
30931
32477
40929
43471
67441
73610
79886
29707
34192
39994
57120
26331
28239
30776
38843
41212
12936
25222
36077
42802
61059
88502
10469
29064
40518
65297
94183
2751
17523
30596
31862
43670
84714
1173
48887
3865
6958
8857
12347
17967
28425
35028
42005
44650
58659
63421
89207
19636
23105
23578
26551
59624
6819
45612
10135
33416
41824
45205
46453
57200
76773
83545
95286
5938
9337
11899
17635
37160
93474
7231
10417
39949
8987
25124
26306
28932
35123
39550
50255
77084
20884
48553
56011
7342
7553
26470
28255
28904
7900
23556
34377
36594
44678
73771
84554
86585
88362
11919
16855
28259
64251
71294
15983
56705
24772
37427
39335
84130
10591
12450
15706
32314
32809
36799
38989
41353
41426
43617
44239
50529
72781
191553
2335
31172
2648
8234
12545
4931
10192
16524
46096
48906
50817
65690
66431
67356
78667
84540
85565
89285
92502
8309
19189
45047
22696
26492
27201
43965
76521
81994
86681
2893
27928
28915
29682
49415
59380
95671
20875
45138
81596
12063
14242
14411
31712
33278
38539
61476
70478
85339
2661
7919
9045
32666
36641
53557
73792
8667
24525
33126
45525
19650
27387
27942
33371
148703
16107
19888
24715
29913
63605
72815
75203
83749
89127
12980
25141
27256
46530
83186
87761
29103
38210
58694
6806
9931
27823
61735
62918
66929
69363
18299
11676
17970
19308
37550
42939
49527
90527
22584
22800
38368
8369
12159
13266
14821
27662
9954
20741
47942
61939
3167
6373
8158
12275
13738
29937
31364
32719
34206
37841
38690
40704
47079
57341
177722
7742
13226
14443
14740
17423
35468
51287
59640
67211
68311
18916
23875
23932
35037
82089
95585
150676
8746
14021
56759
10706
17266
18304
19689
35096
35265
44307
44312
51953
72288
82337
38667
72089
2684
12340
23986
43128
63104
73531
9670
17480
19717
23700
34707
41440
90354
1157
7058
13243
20040
25338
31776
6210
19325
24946
5690
9605
17052
29978
30748
86202
94521
5430
5969
6370
8494
29193
37831
50247
61349
48406
53433
82276
8590
10209
15267
16274
19400
20164
22659
42339
42880
63232
74143
2637
14237
14254
16915
18379
22739
68396
21148
36360
9748
33575
5963
16712
20758
21329
25912
35945
39332
42349
78479
83131
85674
94259
12763
26303
28230
32833
55910
70543
88324
26684
32595
32616
44337
64829
87628
36514
41972
47459
67499
67710
87625
8651
9093
22431
65486
15629
22685
24278
30656
34576
44151
56887
59803
59998
64108
70684
86844
95267
1594
7419
10760
32130
36638
43456
48069
56341
74224
2760
23446
59717
82911
94845
9309
9867
22357
31565
38033
51493
79939
91285
6678
8907
18676
28855
45903
49026
63248
69063
82990
91015
46595
80457
5161
10334
21820
25884
27433
43100
11764
13399
22731
23294
32323
47040
49427
51070
52298
67115
94115
173970
15785
46526
51269
81566
25155
28183
41211
50998
53228
66221
77777
93408
203810
6590
15869
39168
59522
87130
23282
33700
50222
9762
20828
35865
35975
37218
58433
11646
16055
26749
26960
10205
17497
22040
34397
40746
69610
71252
86825
7592
8775
8858
17824
17914
22471
28409
31604
45734
46455
48274
83531
4806
5403
19809
20978
28741
9562
27124
4389
14397
29619
46211
73456
76356
83123
84109
6471
9829
13842
15877
25781
72909
90546
20880
24242
9827
14328
17081
18309
22062
36427
36556
52754
65274
66064
83127
3673
67266
83921
1282
9386
14340
28485
62831
92472
32088
43243
89997
42116
79710
2170
4790
7846
17442
20441
21347
27194
29361
66473
191611
1359
2735
19210
19965
20497
23838
31241
33723
41354
42684
53221
57871
70062
77463
77565
79946
34232
40731
52057
68087
78852
9526
28879
56008
7159
17573
23886
56513
65516
71214
88355
29293
58278
58571
11211
14872
20222
58578
1255
2286
19051
22993
34440
71278
89952
10578
22656
35768
37352
38117
39564
57838
64531
22172
43698
49868
78487
11968
12483
32739
43638
45537
72490
23531
28755
39989
7006
10060
15431
19793
22530
24536
25090
26827
38133
41942
61826
76536
1023
3297
13830
20218
43127
45687
54844
60004
19824
19933
24535
24932
28675
54061
702
15383
18048
23302
23325
28054
28732
32670
36586
48473
54044
75505
17649
58303
6083
7596
18227
21285
51550
74587
5651
31143
56923
92789
2093
5557
32450
40789
2558
12911
13504
16341
31556
7445
22355
23668
87047
89103
8596
11798
16261
79761
86598
10574
15430
16158
18924
19175
26238
28434
28613
38484
49277
78130
13339
23482
24189
55432
72877
79567
545
13758
16285
17316
28513
91046
30812
14585
24861
69744
85992
13539
23605
24254
69191
73285
196718
83101
5395
12617
20263
26409
29916
41979
66887
72641
75932
2866
4867
5309
30216
33711
61620
67715
91339
56434
57666
11041
14069
61625
78594
21341
66798
14637
23952
41071
57872
74355
6658
16552
17024
31946
62346
79949
5741
12414
17269
22964
69464
71539
89743
3427
12291
37069
47235
63145
148695
1649
9553
22707
25207
33960
35280
39664
58168
15547
17555
37764
47365
28055
36622
41698
48003
55645
59402
83258
3829
8084
17848
19943
20378
45982
55114
90975
92520
5590
21430
23315
41380
74946
7554
15661
16010
20777
62866
65261
90279
91210
62941
10759
12860
19610
19949
34273
49143
50289
57550
63117
64606
69517
555
14750
20158
24027
30871
34217
36487
36850
53797
57131
62584
75711
92254
93249
29957
56395
61809
17682
43278
51074
60861
79957
89305
7719
11699
12601
12998
17803
24702
33072
37897
47567
62900
63591
68213
81382
16262
18521
42075
50814
78134
83212
84709
87081
8840
28562
33795
20829
21030
23166
37113
55252
67149
68099
70538
70966
78909
83544
88422
195176
3797
30441
47954
54321
64254
66002
81897
58729
75942
11332
11472
17506
25243
26729
37935
42934
52367
62357
64455
73660
87952
90004
34866
36883
37141
74419
91829
95205
1933
12600
14576
31878
33766
41035
44681
49071
51196
63084
77142
15505
22427
23464
43640
45209
55677
58086
59359
94065
9566
17186
46230
47806
54903
61835
90048
31183
33269
39344
75235
91581
7695
9000
15426
25188
38545
40593
43129
43517
46150
57465
59273
61458
63788
65070
72896
83352
85366
226771
2146
21688
89454
7616
19107
82585
4656
8812
10685
20670
22071
40291
41639
41776
43962
47267
51473
176932
7093
12706
15941
29042
30219
35331
82272
16376
18847
21359
82996
91037
23023
5340
6323
8359
13803
18296
18426
20507
20800
37961
40979
45919
48282
55531
61411
66373
73120
80960
18554
20596
35824
36334
42096
57020
57310
65771
72172
93571
7755
15378
39001
12672
17543
18406
51197
80266
4781
12320
15592
20814
22484
25794
29097
32104
32655
56627
57570
59732
61583
65691
68648
93933
2669
6659
14951
31913
53861
72389
2655
7119
17590
24595
4608
11397
32626
37793
38512
5633
5925
37490
67517
70761
9865
17401
23946
29282
35076
42712
45162
65436
68426
70206
7726
9864
11709
18446
29769
6280
13637
15182
19904
21376
50304
55108
65139
8121
21504
23061
35698
37200
44723
68872
70984
76867
77047
87871
1244
7036
9235
12679
11539
26542
73219
87245
8437
19926
21613
32145
60039
75412
93761
9855
29182
52297
53810
5537
9911
13061
15884
27188
31205
50788
51579
89434
149177
18978
23357
28645
35634
50506
89257
28610
63760
88118
88634
253
3020
4130
8195
18592
51118
63681
70618
82269
95449
23029
26286
32011
39876
61671
91082
6566
9441
12520
17118
23118
27168
31430
32114
33162
36099
38387
60613
75179
82063
89286
4385
10701
16463
28223
34352
36537
43595
51323
54051
81580
84245
87529
16276
33066
34483
3489
27409
33160
45617
82823
85750
3030
7453
9296
12547
30261
36613
48483
55089
55465
61745
66788
77680
93251
6204
8992
14238
15093
19193
19443
28895
88036
12889
25856
34537
49183
2517
6286
79101
1579
12739
15967
52336
54638
111
9318
12800
27593
28605
46898
47214
56067
77474
79388
11858
44094
5397
11498
12843
22769
24155
26473
38003
40023
40419
55628
60800
90394
13041
22022
23395
23851
26248
33062
52186
62162
71128
84681
85669
87242
42718
74322
10822
15290
15795
28295
40036
53961
9588
21387
23930
28026
37641
63479
79496
88186
95437
2358
3189
12494
49697
70899
3776
21161
55684
63136
4242
9168
19252
40411
51189
61594
64838
7382
54607
65854
3694
17890
19055
24792
25466
26957
26982
28343
34644
43417
46723
47394
50046
53929
64557
75290
92055
5146
19972
68459
80852
86695
152299
12240
17110
19081
20552
25426
30038
34144
35785
60435
78706
83278
116
5204
16788
20370
47864
52354
74936
77735
9492
11372
27343
68479
80717
185083
4036
7827
21813
4218
28819
34854
35422
35603
38010
48781
49811
51112
78198
81522
84682
86611
2567
10290
14222
16408
28393
55038
58088
92627
21126
42852
33800
44359
49423
75862
78912
79046
18353
52053
95224
5349
26351
27079
29845
32341
36737
53781
56640
60420
76641
79724
83762
38678
50534
87238
5627
8544
10309
11843
15199
17994
29906
34104
38008
52214
76716
10560
12218
17309
21211
22387
24875
28072
35733
35761
45583
61379
69375
80238
9267
21051
41394
60601
12251
40684
61108
4707
14488
32375
39045
51245
56501
83984
700
3762
20213
26631
31859
52865
6244
8612
11098
34543
45308
666
1700
2274
3115
14499
16106
17775
18864
20361
21200
30280
37232
62934
64422
74803
86659
90856
90947
3416
4553
6344
14125
23258
26854
53073
54177
56079
3113
8338
12009
15894
20026
22032
26179
31920
43497
44575
47654
71033
166941
196369
13109
21097
81605
83268
2322
4695
10580
30769
37188
39257
40915
54677
60630
66396
69908
72481
79903
4150
11141
36901
68001
73273
89784
233786
22055
22526
51583
61696
77943
3898
5868
11685
13076
15124
33696
38584
48170
49858
58410
79028
13762
15957
44155
60412
61552
62521
64559
77404
83467
6913
8629
8875
10166
14913
17082
40099
50030
56482
67107
5800
8492
27582
20561
41778
55803
73016
77881
81615
13206
18093
30198
55068
64326
2810
6477
12054
15441
21079
23845
31747
64749
73601
77198
79118
82323
207678
12462
14182
33211
91779
3610
5180
6155
7292
25096
27737
29514
30107
31256
39361
68076
69684
73206
77256
89500
6573
7220
15470
20071
23876
25389
36363
36908
46726
48230
53385
61310
90136
9092
19543
22695
23708
39023
42896
45417
46288
53825
55079
24668
32882
63575
85544
2607
13312
22619
25688
26454
41633
43823
50220
50538
53315
58174
63265
65467
66135
72607
80670
80954
87867
94493
185826
12026
12449
13897
24415
24664
44121
49388
51492
62207
65583
71720
74401
90127
8128
11084
11305
13330
13612
16212
23628
55855
64395
16231
26033
52140
61473
90035
90551
95521
11350
12645
18359
25455
32745
37288
41946
43941
63979
67896
81921
90351
90799
10720
19446
23143
24635
50477
58672
67920
85105
21342
22847
46279
58053
65444
73361
86636
218218
8966
23300
26501
47799
52134
53133
93033
8659
14168
18418
22184
27289
35732
42735
47139
47411
51078
52302
54447
55889
58493
66044
85464
88439
93743
10408
11126
35569
88649
23444
63186
92496
92560
94195
150581
3358
8763
17770
26573
35239
50369
60676
62906
62999
65457
66335
13725
16502
33186
37754
44418
52450
87145
6630
11984
15489
16986
19811
20751
21840
25737
34802
46366
49051
61128
63745
65686
89773
5704
7769
27679
56427
57569
60402
4797
13098
22477
23978
24398
29780
35661
59678
63276
73676
90500
91094
9986
32016
62547
69251
9125
15134
17594
23323
27843
29017
30634
36227
38351
42911
58485
58669
60179
64863
7618
12174
25220
27764
30825
35522
38099
41867
45341
67667
68740
69321
70552
77434
85514
153065
5699
6035
6967
36822
37740
5386
10656
11904
16361
47372
53983
91312
3342
9806
12222
14808
31328
38780
40486
43639
60678
75485
84079
6022
14022
17214
27424
36831
47121
56725
149756
8266
39444
60062
81680
84806
84862
87006
92121
1641
8503
22955
25509
37153
49960
65757
66776
73752
77802
97
12006
12412
16149
18452
27006
27499
30303
32188
32843
32939
34490
37800
45079
48997
51381
60532
62957
64229
74403
79744
45954
56793
19991
25658
27182
32676
37252
37602
38327
40583
63277
4438
21481
25627
29306
35052
47895
48538
49531
50447
52048
52775
65657
68964
70566
75072
77884
85644
88797
676
39587
44869
62766
68118
849
21628
32277
37317
41220
54376
58617
70052
77467
19557
36156
38363
41971
51773
54838
62284
6039
14267
25254
33557
46625
58036
87247
91992
10193
10682
11718
13310
28692
41055
41333
41563
51171
59177
65021
78685
83639
229248
9105
18166
25247
42694
46050
56649
59322
72875
80487
6021
14736
19863
29824
32895
50335
52167
59668
59749
73414
87157
201069
14179
22614
49471
50128
67871
79097
80710
2896
9795
13691
15606
19125
21898
26281
31487
35018
47441
75182
3956
9368
9651
20092
20230
21648
25474
30417
32597
39691
43736
44737
49199
51317
51726
51886
52592
59392
82729
91706
3156
4112
8783
9783
11579
14266
18630
36853
45927
50107
90496
160606
29116
66204
82004
4564
7874
13091
25476
33146
34122
72963
80306
92526
6305
10434
16065
27359
45095
52511
72964
83431
8817
10409
10521
30622
37488
50009
69876
80763
11565
35719
43927
58253
63375
3908
13376
17094
22715
31581
33424
39663
48118
52117
55812
60296
66683
75842
82279
85354
89179
89288
2367
9338
15892
20933
26587
36211
72063
86077
6460
9499
10693
18246
18434
18750
19676
28649
34085
34405
35070
37182
45329
48920
50042
69567
81123
95107
9407
15549
21284
31484
35081
40361
53494
55588
64203
65400
79671
80536
82899
90702
7705
10420
38822
66622
72859
80103
4985
8479
18235
38958
8911
11242
17079
27210
29445
40638
45852
49322
71017
74182
79789
3056
8962
12040
19511
22296
24503
37437
78938
5345
9535
33479
39313
42095
52733
58959
63350
89330
2142
16776
24722
24960
33238
52199
72954
88475
247
2463
8049
13062
13271
15379
15557
16429
25852
29450
33354
34731
42960
55804
58941
61795
69728
10088
46521
50541
9881
13475
14082
19218
35404
47773
54508
70309
91546
93103
183630
17504
19500
23268
24333
24577
25938
26886
30994
55639
67025
73424
81491
86155
89190
94492
937
6660
9574
12517
19033
20022
22325
24738
42171
44629
75429
2832
4912
5572
6175
14894
25943
41089
42759
47064
48940
57028
57832
77302
193260
5201
7584
12110
12912
14483
20874
40573
63871
10852
15063
24002
24574
34859
45877
46663
56356
63933
80454
82446
12298
14551
31847
37592
85795
86245
11890
13255
17628
22416
25458
26291
27344
27786
56291
58163
65905
69886
22300
64850
15655
26675
28706
31636
34203
42967
46797
51824
62912
66265
75541
76008
82477
7637
9044
10509
11193
16233
28665
33656
34399
40563
40589
41796
46812
49749
50020
50275
59984
73294
84830
90588
217421
19830
20881
52682
71711
82428
7818
36789
81503
174256
7287
13831
15493
18422
21833
31319
44877
53761
61269
65977
85286
88990
172299
122
9356
24669
28150
47838
76674
84948
220823
9143
10376
21558
23936
24801
27400
35896
36139
39067
44157
45202
49296
52429
63366
74800
88025
13602
35115
60633
2042
8349
11964
18115
22417
22686
25226
45862
49222
71576
77218
150106
226532
7161
8899
36877
43486
51407
58423
58897
84013
8328
8766
12146
13980
17433
19859
26459
26495
32191
49908
51914
64889
83105
159883
18242
19697
27402
29021
34396
37837
42942
45339
46701
49569
59926
60914
63386
66809
79439
87176
90737
95060
3695
4761
15968
25570
63073
9388
13442
14596
15399
16636
18078
19156
22375
34467
38050
48407
49756
53750
77114
23971
40951
51902
52848
62342
74443
87672
3970
4137
16397
22195
30102
49537
58405
75249
4315
5243
8199
8813
19064
27506
27756
36176
37447
39421
39424
56551
59291
67257
73520
6289
27747
28726
33569
43763
58650
74122
4348
13598
15996
21165
21452
23516
26790
44795
50457
51043
52738
53569
54882
56944
62634
65844
67180
69748
74487
76910
10528
11299
12327
15190
22894
34563
69893
3215
5506
6367
7102
12132
12818
16800
29048
29981
33549
39760
44083
46532
54934
56527
149409
215332
16781
30278
50339
56857
61890
79107
84247
234937
6339
10239
12060
18502
21880
22917
29984
32756
62728
62740
65450
67824
79446
84635
105
6796
8055
11155
15490
20496
32102
43449
44010
52417
66577
89848
9758
13525
17899
20766
29043
38581
38742
38923
55289
79500
6400
18457
21703
22953
26006
31502
32250
39450
46276
52338
55161
70505
70807
72338
8923
21547
23206
37356
39635
45624
46956
59626
73951
77791
6180
8364
10900
11391
13487
16810
19161
21368
23726
26119
34120
34615
35999
41187
59876
59887
66795
76492
87138
238830
5390
5682
15113
21000
22213
30037
31887
41590
58071
65403
73486
85850
173924
3918
5780
7329
12574
12678
19632
23615
25248
29004
29178
36578
38109
44114
57840
58837
87154
87279
3123
4260
11236
18208
19951
23688
31519
36034
71508
73145
76067
84196
84776
94973
1116
7420
18920
20647
32544
63593
89124
89589
174895
4176
9342
9564
11842
20736
25411
29468
39365
40884
44702
44967
47022
76303
82311
83347
85249
89031
7770
52486
62306
68873
79925
5756
11873
16385
18071
24036
24322
33119
39238
48881
63135
63352
70848
72133
82816
88336
13837
21149
24456
26037
36924
38369
39881
43738
64070
87327
87387
8501
12118
18645
20165
23570
24689
24700
29592
33395
34472
37744
53783
55558
62319
68711
69268
72648
73359
80584
82630
83024
84534
91969
92525
10048
10870
14685
24356
37190
40723
60413
72567
6482
26185
46929
47355
55742
56532
58990
59466
80625
82426
5518
9448
15955
20707
20773
23312
33151
40365
42618
55680
58040
61353
61355
61955
71339
241010
3664
16220
24675
29370
36524
49393
51796
84232
243068
7206
11527
16155
18382
27768
34209
41132
44777
62824
64696
71274
74498
82220
87155
163200
1871
24852
26102
43007
49832
60122
66797
148738
3210
3744
9554
19141
26293
34171
34744
39066
41291
45271
61495
75605
78054
79052
81380
81984
83917
95518
6879
23721
32652
37863
47087
47328
54170
7796
15193
21663
24956
28509
34896
35548
59899
60246
74597
85797
10884
12612
19713
22699
39741
41058
43242
50826
60743
79139
93884
179429
10613
11089
14178
16024
17382
19831
20446
36048
40438
47962
64057
72223
72444
73316
85050
10561
13256
18929
21072
22405
23233
30204
35441
45523
85557
4312
10226
10282
11118
12890
13967
21436
28568
39736
56613
87804
952
6013
11131
11388
19048
19429
20114
22621
23124
39110
46396
51563
54003
64264
70457
70507
76184
79520
6026
7100
11666
17514
20477
27554
27604
38559
52449
61003
69084
6137
6874
7808
10040
12307
12471
16623
21912
22636
27155
27639
36439
42270
47973
50807
62499
66449
68297
80406
205228
9373
40253
40503
40715
57255
151708
7413
7981
8653
10619
13815
21970
22163
25440
26853
55387
55917
60006
62068
81193
83603
13697
17459
23467
43844
52274
54331
77006
3748
8013
8050
22748
26339
26614
27170
29975
34323
39786
50757
55818
56295
57536
67448
69747
70833
85871
11139
15887
17372
36418
39330
47128
62517
5921
9278
17152
29464
52006
56676
61350
77205
85815
104
239
4580
8336
8498
8811
10858
14403
17197
18462
20664
29977
53736
60200
81448
82135
85373
91704
95113
204292
2226
2626
18578
26889
28867
32205
87609
11669
17453
41122
44031
51255
56727
58803
59712
68397
74992
83484
83918
85984
90493
91472
6118
10761
18513
22877
31971
59193
69730
72171
87330
11203
13260
21276
23269
30797
33330
33732
35948
36971
38735
45807
45816
46251
46505
60980
62334
63789
68061
68084
75093
76197
77046
93114
9286
10504
15055
16572
26148
28216
33271
33735
37537
42695
43724
44510
51812
56028
92444
5874
7367
10219
14233
22556
24726
27903
29839
29945
43528
43944
50752
59049
59316
20579
24003
30389
36233
36933
44880
49982
66394
72361
73794
243993
22009
33199
42099
45611
49989
55686
57216
67053
71168
84271
10430
11942
15740
18264
20162
21666
27054
40336
42564
49860
65173
93141
94639
5052
14048
14703
55242
55395
55934
3851
4007
7781
8872
9096
11453
12535
19012
22866
24057
25200
25483
28390
29760
32378
34626
39076
40289
42559
45597
47356
47929
69964
70481
74345
75295
92342
204175
15115
93023
118
3128
6924
15203
20127
27647
29159
31938
41039
41868
44173
45622
45767
47080
49458
53470
56091
56950
65637
67132
71801
72722
78759
89375
166666
18416
19271
34681
37678
48010
56339
67443
73501
89729
3235
8874
9424
12742
12767
20890
24904
26050
26275
29279
31082
46728
48421
49407
54407
54430
55033
67868
1894
4209
8927
12488
13489
18156
36014
40400
49861
70787
205774
15847
19921
26732
28461
32006
44378
54357
3014
9654
10201
23415
25073
26547
27560
28459
33936
36275
37070
41916
46702
48382
54431
62865
66013
82017
235190
9863
15471
17721
21777
24510
25446
55943
61462
70506
77293
13519
26386
28835
29771
33596
35004
35174
38858
39899
47592
47863
65235
81821
85379
85458
12101
46974
52565
56133
69046
84612
93640
93785
11310
16911
18600
25060
26131
26525
27895
29853
32515
34774
36810
38716
39477
50133
50663
51943
60128
63740
65258
79916
83601
88801
90625
152460
164436
179604
228665
5472
19424
22753
31034
33378
53589
82908
88960
15384
21615
25992
30002
31990
32421
36474
36917
60662
67126
78530
90668
1492
6931
9457
15638
15832
22926
24434
24520
27175
36125
41515
50175
58587
80100
88351
89876
95610
14374
23635
30775
40459
59069
60150
86079
90794
4585
8172
10008
13214
23772
32856
55450
76588
86047
90052
14446
18488
18906
24939
39924
43274
61921
73563
8415
14468
14575
15694
19233
24389
27951
28234
29067
29693
34848
37412
57902
59190
72541
72658
83202
91077
91841
94014
94528
238616
1523
1606
23566
41955
44106
44679
54356
59293
63142
66778
72527
3355
7957
8188
8299
9022
22233
47377
58144
60871
64874
70243
117
3711
7381
10764
15249
19111
22003
26360
34881
37267
48524
56193
77369
88963
93764
174659
2975
4171
4401
12967
23408
28244
30490
34419
40900
64191
68810
86806
93975
1839
5112
9339
15462
15567
22713
25718
37163
37272
62844
75486
90051
7366
7659
9203
18198
21040
32169
32985
38896
41125
55451
56243
56919
57149
57998
60915
65254
78142
79307
84558
89175
165936
14874
23012
29725
30090
48818
90963
7360
9818
13990
15564
20878
23439
24209
26252
26836
28053
30898
31768
35959
41998
42197
45551
47573
47743
51030
70248
76990
87359
18268
19103
25079
25146
25473
34936
42602
82930
16573
25612
35512
39034
42112
49830
52836
53127
60108
65810
72968
80525
4462
8569
10658
20345
21618
22063
23805
24965
31998
41137
44506
45649
46212
49337
51266
51541
65607
66007
71877
87644
92909
2524
5207
9394
11967
16466
24275
24708
29269
32863
33357
36454
49461
56234
62719
70800
207461
4448
6300
20897
36197
44291
46443
93443
94873
95373
576
3097
10080
15285
17370
17494
18594
30111
34026
34663
34693
37890
39275
44053
47034
49632
56250
76741
95535
376
8467
17485
17691
38009
44137
57004
57236
80336
5849
24639
28187
30538
31071
33515
35155
37350
40158
41511
42726
45945
51356
54867
70197
72485
74052
79997
80439
80663
11024
12036
14024
17706
33765
36478
49069
57163
67964
70629
1390
8312
17227
21515
25858
48048
54537
58744
58824
75853
95621
4232
5264
8014
11414
12107
12695
14755
17792
19630
26934
34134
37676
38911
47290
48795
52898
53665
78219
80054
84658
191624
3490
5761
7043
8230
18391
19137
21095
22275
27551
54827
73314
81474
164488
33336
51289
59946
215295
228538
1885
6624
9548
13417
16290
20542
23698
24560
26353
26634
36865
38314
62198
65676
68241
72369
74504
75328
79306
82773
83197
84905
90437
92775
9055
26801
44586
46834
46957
60982
64504
65417
152481
1360
1522
8305
13893
14721
14840
21403
21965
23225
23739
26990
27641
28148
29834
35910
36555
36977
37729
38553
44331
44408
45149
46439
52391
57659
61616
63919
66276
66830
83593
179820
7182
7706
8354
10717
12393
19293
20095
24519
51783
55595
62727
72272
80747
6544
14888
27580
36079
65147
65252
68278
4419
14013
23911
24213
28516
29475
32627
34726
34852
39084
41890
48562
55306
60029
65177
66757
69722
74324
76053
77027
87504
87731
12917
14680
15161
19086
27445
34639
37662
44298
48877
50934
71621
84544
88969
93142
16813
17797
18119
21869
25614
26512
29973
34587
38605
59214
74614
2296
7521
10268
12731
13075
24321
28265
32788
36765
37024
38654
43692
45005
45349
47286
58162
60535
72888
75244
76419
95701
4102
6145
10757
13105
13384
13813
14993
15305
21264
21925
24451
26249
34625
51139
75848
1930
18255
21164
21312
23994
24681
29382
29891
32698
33133
35536
40089
42368
43152
43410
50239
50402
52756
57430
57664
60437
61051
61565
66977
70696
70932
73916
75279
76739
82455
87829
5753
35962
37155
59386
66057
1111
5387
7522
10955
13089
13910
16640
19970
27009
29870
40516
42929
48245
48636
54551
58651
69329
75699
195753
146
761
7626
11909
12166
12379
12578
15507
16325
17164
18544
19378
19596
21027
24807
25365
25736
34494
34781
43613
59487
66804
67903
68017
68458
74331
74648
75630
77292
78699
89452
89533
3739
6839
11455
11884
26566
30191
30539
31558
33687
38402
38686
44934
61624
73897
89266
32679
33191
34365
35795
39339
49733
72390
81992
6080
9380
11152
20448
25652
30615
31464
33314
33762
37001
38354
38357
41347
44191
44198
44549
47852
50066
50394
50714
50856
57054
57635
63726
63873
70588
76675
83677
92387
4899
5166
11066
20724
22068
29803
34839
35137
49297
60767
67954
80992
84429
94646
14188
19465
27286
32585
39005
43924
49018
50786
54876
57147
62247
63378
68611
69743
73608
82173
88387
7390
17596
26377
26672
46646
53688
56606
60618
69642
75587
4461
5814
13088
46825
49238
50317
66522
76230
76281
177228
2063
7137
7570
10734
16116
16752
19562
22801
28395
29641
32758
37326
44538
47445
51627
52334
53159
53427
54172
59233
68418
68949
69211
78547
88747
2869
9447
17737
26507
57449
58602
67200
68323
69413
69429
84548
89922
10767
14011
14394
16187
28308
47387
62304
63602
69917
85740
6870
9340
13626
14218
14413
16706
22067
23572
27569
31985
32198
38309
39420
46052
50804
56972
58434
63044
68097
69985
73385
84069
84391
88656
201474
213211
231792
21895
28737
31572
32360
36807
47543
53029
56943
60197
63261
87386
15828
17039
21380
24719
25616
27183
32918
35852
36868
37955
42405
43986
46539
46636
48662
49855
55019
61822
62687
65493
75371
76561
94442
240227
5652
7805
13165
13814
28282
35520
62398
64047
78424
82819
90977
243
5151
6515
34752
40581
40906
41405
42166
60605
70680
72020
73566
82000
86646
87680
2339
13586
13614
16736
22852
23520
24968
29850
30250
34025
34231
37595
39678
47115
53832
54608
58385
60220
61309
67089
76462
95533
1294
17500
20015
32294
43994
45854
65728
68144
77420
84435
90508
238044
5239
5852
10676
12821
20257
25371
27360
29373
30342
30951
30977
33067
34062
37839
39267
45949
49273
53995
60584
65901
81486
2111
3852
5966
21475
25194
26191
28201
28663
45351
45619
47126
48156
48189
57738
57820
57913
59070
63686
66769
68511
69036
70204
72526
73211
73627
74767
77856
87686
92071
165691
7585
16348
16469
24246
27748
28252
31198
37748
48908
50229
51877
52735
53571
58770
65971
89728
91848
5093
5513
18306
19106
20696
21412
24302
24964
25406
26825
29236
33142
38615
39438
41269
47535
51474
56733
61914
69683
71113
73320
74074
74287
78237
84216
87438
91056
151339
166306
169091
240245
5824
9454
18057
28831
34043
34603
40885
48007
71466
77188
93583
5636
7516
7581
7811
12183
14887
16258
20028
20598
34139
39644
46055
47338
49029
49845
50311
62533
69231
71968
79442
82879
87663
95215
5685
7066
11571
21017
28854
28951
29931
30351
31351
32106
32685
35103
37388
47580
54845
57679
71297
73213
75973
87206
87756
87980
93174
4926
11119
14600
19883
20147
22127
22941
30941
35095
58860
62916
65906
66771
68066
69009
75793
77961
84363
88091
89064
8295
16949
20384
22585
24453
27758
29390
32677
50271
55408
67167
76271
80036
94399
136
3003
5528
5566
8361
9390
15527
17441
21205
24124
31521
34036
35557
39360
39655
42355
50076
54150
55945
56096
56128
60163
62704
65529
67490
70486
71751
72198
75415
75851
77507
78079
80723
81936
83753
88681
6073
12343
24222
26913
47007
56700
65384
67065
81434
82959
91319
7674
25997
48309
48320
87759
91531
12418
15265
20956
23006
24651
24787
29972
35886
38278
39930
43267
43393
49477
50329
69142
77830
80025
81459
90273
91600
95074
7144
11034
12249
12984
15835
18780
19115
19541
19745
20576
23775
24018
31517
33251
37467
42523
45639
53394
63442
64017
72190
81067
82355
85279
6091
7271
10428
11905
11917
14217
16491
22020
22678
27664
35613
37681
40148
40937
41273
44665
46237
58723
62905
70644
81027
81211
83803
87849
222018
17369
23361
25314
27025
28091
33299
36154
43709
53297
57565
62509
63478
93562
3624
7242
8736
12552
19207
23303
23734
26305
28457
31924
35381
39445
40685
62862
74409
74777
76245
78808
90636
187525
13360
13776
26322
28306
38762
39724
39952
40639
49462
49819
50331
77689
87740
90399
93148
154913
2108
9116
17059
17745
27625
41063
45944
53962
65373
67913
80187
88200
90233
3182
6520
9397
9924
10107
11008
13391
27568
28682
31881
36086
36587
55689
56952
66713
72312
72510
75118
79538
81066
92231
94198
1032
13472
13979
19063
21843
22206
23503
27976
29005
30193
31555
36726
37611
44154
51177
54236
54241
55627
61431
66122
67068
68741
71563
74302
74996
88425
236001
12335
14369
16051
16115
16251
17519
24662
36189
39982
41027
48235
55150
58436
60243
61153
72938
76833
86951
197455
233671
242332
9003
14196
22389
34583
37759
48639
55544
64879
75188
83499
90739
92368
95652
10765
11120
16100
17003
17027
20818
22255
22730
22960
23174
25585
26597
27989
33214
36127
37992
38269
38384
38988
43304
46501
48002
48596
50650
51908
52005
56265
58001
58713
64034
64510
64990
66028
67116
70065
70178
82890
83336
84108
87086
88342
89394
90149
90936
91459
209218
35386
36679
40775
43543
49585
50472
66256
80553
92814
183792
9025
14959
23077
27770
29144
31943
35482
39198
41522
42154
44314
46761
58722
60526
66527
68737
76498
4552
5655
7909
10715
11334
18032
19535
21672
28011
38094
40012
41143
47353
49064
49533
56346
57540
59064
76639
80117
94882
3389
7222
8206
9741
14153
15925
17710
17818
18017
18105
20396
23592
31906
32426
45835
49953
49997
50294
53168
54246
56010
61562
64872
67105
70782
78297
81727
91153
5988
11398
12042
18522
20337
21530
25077
28589
31957
34167
50932
53547
56039
65666
71424
77178
82732
85889
88931
90011
177280
3174
11478
11735
13982
14932
35090
38436
42056
45393
56795
62803
70489
77380
89616
95210
151009
2474
5293
10518
12744
13865
14406
15432
22185
23229
23980
25528
26320
27535
27921
28051
29887
31109
32336
32376
33042
34012
36475
36966
39026
54951
61692
62657
62683
66125
66249
69377
70142
70726
78541
78592
80126
85868
86936
89574
89752
12927
32970
34080
42857
45300
46586
46842
65625
68147
69658
72583
85620
85703
1437
3004
4922
7956
8843
9838
24160
27872
31564
32258
38093
38533
38703
40416
43673
45670
46808
70013
71984
5382
11210
13307
14972
17080
18752
20314
20744
20975
23400
28066
32469
33005
41777
46036
46656
59326
78744
187623
8011
8713
12423
13283
16159
16914
17013
24907
26024
27101
28861
29830
42329
42722
42736
44330
49083
60990
69415
73561
77470
77978
79994
80570
80807
3653
4782
6345
11383
15514
16648
18897
21065
27893
31491
31511
32966
36808
38689
44962
47446
51365
51518
54964
57680
58350
62789
63927
64500
70463
73977
74293
79626
83802
86635
87531
87629
91340
91655
92275
94606
2026
6926
14183
16816
19611
20250
28423
30487
31148
39252
49731
66070
66194
1051
4196
5220
13065
16903
24253
26475
28097
28118
29765
33239
34346
35881
36650
41468
43311
52798
52925
52995
55257
55429
56373
59686
62861
70355
71222
73155
73672
74031
75330
78550
79876
93046
93302
95202
13655
20999
28431
38447
39661
43679
44817
47716
52975
63882
65414
65861
66339
90446
5895
12554
23995
31986
38888
48668
53293
60568
90027
1376
4675
5930
9619
13295
13594
14752
22307
23010
28321
30155
33045
37177
59281
66429
73909
79631
91554
10614
13143
14901
16132
18993
23200
26316
26883
30654
30756
32834
36754
37591
37777
41901
46601
51125
53077
65398
69283
77673
79266
83706
86138
89254
149984
1278
4522
7541
15117
15722
16513
19678
24373
25270
29221
30385
30635
35576
35917
41822
45263
51403
56150
58417
67157
67295
69374
71433
72364
74781
76487
87838
5794
10501
10944
14106
17215
18813
20024
42429
53207
55682
57806
69544
93757
94453
4767
7286
11563
11893
17213
17774
18758
30267
32275
33462
35958
44789
49667
53147
53561
54754
55067
55317
55947
56825
57101
67721
71943
74699
76807
79150
80403
90366
92265
94042
183231
5914
7213
10310
10593
11574
12176
15371
18218
26752
33603
48306
52645
56316
61568
66857
85673
94345
862
3339
3690
6802
7399
13047
19821
21398
26905
31575
32892
36569
40982
48351
56577
58995
60810
69499
75054
77190
95199
1601
11285
11327
12099
12557
15991
20636
21906
25790
35941
39254
41115
48179
49572
54030
60967
66413
70023
71653
71857
80291
88216
90595
90657
4756
6748
7866
16257
16378
16904
16989
18301
21746
25018
28822
31471
32380
32519
45436
46841
52197
54329
61889
64349
82674
85075
85483
88428
93482
200377
861
1755
5429
6408
7307
18866
23562
23713
25019
27142
28733
40747
46217
49418
50187
53157
56445
64616
70560
74041
75580
77522
78570
87569
211856
13175
17652
20365
21439
22849
31770
36846
42162
48905
62133
62219
81925
82864
229
8701
10721
14155
17147
17163
17832
18822
20611
24052
26568
27487
34299
40356
41602
42927
43585
48286
48851
48918
50069
50941
51079
53090
53454
54830
56617
60820
64369
66272
70535
77929
86207
89050
89345
89827
6181
6875
14618
22580
25153
26270
27630
34513
38135
43381
47464
49766
66364
69947
85601
9483
9486
12457
14649
15794
16519
19146
40066
48243
59718
60846
64761
67885
76660
77165
2365
4057
4998
5864
8329
8950
9383
14621
15381
16042
20966
21004
21188
26049
30292
38972
54894
56542
58532
74768
76029
82686
85501
88456
165643
4875
5771
7518
9443
13741
14504
17108
18460
19078
24819
25210
26277
26550
27285
28127
31288
33343
36266
38158
40683
42879
46940
47793
51262
52317
60988
62675
65150
69574
70405
70911
71872
74758
75918
83191
84323
84906
89795
90898
94140
11252
14507
19649
20906
27435
30942
34042
36277
41170
44752
45656
46284
46616
46799
47072
50359
51224
60321
62248
66281
66833
68659
69132
71600
77305
85010
87898
89976
91824
94721
94965
185376
3830
16607
19583
30436
30912
32068
40436
49626
67635
72160
79037
80119
81898
93160
94186
201420
3961
4869
11902
13182
16618
19593
20620
23449
24150
25850
26951
28203
29066
29253
29315
30141
32420
37365
37393
37424
37969
39383
41664
42959
43648
47823
47916
50728
52824
56209
57487
59843
64647
66516
67474
69914
70732
70839
71630
76825
81355
83054
87682
89841
90005
93715
94461
111508
164734
237511
241326
245206
246153
5076
5343
7724
15586
16579
18341
31262
33490
37140
43210
44433
47294
69831
69882
72082
72280
80872
87627
239784
3554
10412
33742
34797
43908
44396
51728
53174
66680
73499
81714
86074
91983
94781
4517
5385
7684
7985
8490
8999
12976
16282
17735
17776
23938
24208
25812
27777
29666
29686
30182
30586
31075
31692
39270
42384
42473
43544
47246
52400
57201
65929
68926
79154
79336
79556
82651
2211
5700
11186
12081
15409
19076
19766
20713
21562
23884
25312
30252
34293
34500
39476
39798
41808
43861
44867
45654
46575
53836
54592
58716
63330
65000
66760
67597
74198
87719
94681
7229
7580
10138
10965
11365
11832
11880
13341
14785
16439
17018
17444
18795
19094
19628
22840
23178
24878
26654
27697
27836
32650
32768
34635
35368
38965
40712
41923
51566
51859
56366
60658
60690
61499
64478
64880
65794
68819
71140
71465
71767
71921
73432
74380
75674
77375
77750
81477
83485
86543
88352
89745
93934
1338
4984
7709
11409
14228
16033
17084
17940
18912
19777
23132
24337
25084
27033
29009
35447
35708
41769
42295
43245
43635
46867
51774
67373
68160
69154
70414
74151
160251
2709
12413
26229
28137
28742
31725
36071
37413
44079
47555
48180
54138
68978
70594
84257
89863
212288
2616
17150
20032
21908
31891
32770
34317
34991
38061
40489
41848
42938
46206
64676
67651
69167
71257
79301
82470
85054
85365
86544
87284
4783
12637
14097
20153
20510
23922
28377
28905
30106
31466
40111
41787
43500
43782
44477
44846
45632
45975
45996
48412
59310
63499
64560
64799
68125
73693
78848
82892
84823
85920
89933
91833
2494
6385
8731
10674
11824
14291
14423
16548
17067
19281
19452
21990
29110
31025
31311
32862
32964
32980
34892
43006
45577
49207
53596
53674
63559
66287
66941
70873
73941
74239
74728
75691
80224
85538
93573
94289
205166
3463
7856
9027
9133
11216
15530
16225
21755
23611
25609
28298
33503
33632
36833
39128
40719
40754
44441
45544
47198
50297
56054
57450
64336
64711
64934
65496
69976
70946
73755
73797
78286
79803
84312
86340
87643
95064
182874
3170
6629
8074
15952
17535
20124
25160
36114
38478
39109
41451
42587
44066
56931
74716
151677
13397
19894
44796
48173
49996
67061
67951
77829
85380
94255
9451
15918
16741
31158
35257
35269
46781
47154
47157
51272
62078
68438
69940
87993
165577
8455
10105
10179
10771
12201
14444
17502
18063
19177
19346
19730
20130
22596
27139
28278
31720
33024
35868
41547
44422
45415
46372
49999
52339
57653
69058
69061
69285
72869
84280
91145
91451
3351
9720
14734
17209
18347
18371
19718
20719
22622
23564
23968
24888
26852
27214
29026
30758
34380
36677
39042
43366
45213
45934
56792
57551
58487
66216
67085
67097
83239
86795
90336
162987
979
12884
13364
14351
16933
17019
18436
19471
20146
29907
30914
34180
34186
34300
36303
36336
39422
39740
40182
40302
41292
42212
43934
45338
46075
47526
50767
52034
52439
55670
56127
59584
61553
62989
65696
66319
68485
73097
76735
77423
77534
77854
78773
79654
84791
87670
94532
12616
15118
17284
19600
23650
23807
24942
25306
28517
46695
52883
53852
64634
68831
71261
91261
92490
232382
11627
12273
14373
16394
21491
24185
27628
30693
41869
46274
48093
51068
67821
90863
2917
10348
11470
21090
24305
24915
26285
27930
28596
34685
37732
38454
42498
51469
53406
57976
81281
84107
89508
91618
92488
241856
255
1895
6604
9102
12067
15174
22238
22900
24951
24991
27022
36029
40950
45137
47849
52327
52759
54877
61126
67365
70512
73875
74400
77181
80483
82073
83398
85553
86303
88133
89485
163514
5635
6447
7973
9739
17340
20778
24113
27689
29082
33459
33934
38552
43101
43910
43992
44394
48465
48979
52405
54986
57063
57538
58362
73209
78687
90530
91666
92518
93767
94904
175575
180291
3800
4354
5133
7930
11697
15295
18114
18236
18671
21274
21949
25630
27034
29023
30815
32362
41883
42450
42665
44950
51575
54946
56903
59846
61877
65997
67623
71366
79922
84095
89644
94506
95384
172547
190055
191241
213202
231194
2983
4224
7221
8825
9579
14035
14725
21442
24851
32381
33520
40119
54841
60931
68346
68710
77867
5371
6382
6638
11706
11959
16740
20610
24105
27512
30703
44447
56114
60257
69851
82886
87423
220885
2780
5731
11306
18756
20848
24012
32462
32699
36038
37041
42493
57625
57916
64235
64981
67586
67772
70874
78514
83168
85469
88718
186906
10173
11687
11947
19858
24455
27775
29041
29535
39300
40455
46037
48769
49213
53283
54206
56703
58847
60954
61967
63582
65388
65864
66759
72448
75703
76454
82364
93997
1135
7098
9636
9719
9779
10700
11443
15943
16624
17247
17392
17841
18747
22435
25428
25862
26194
27831
28318
29227
34706
36740
37727
37730
41282
41373
46847
47466
52573
52834
53339
54579
54787
61099
63719
75618
77818
80432
85315
90931
164675
1131
1530
2520
11148
12493
13722
14801
16521
18657
28360
36238
38416
39543
39999
40973
41674
49972
54628
61387
69514
74188
76375
76503
88205
90400
93152
93182
95333
152505
5177
8022
15962
19350
19364
20607
25051
25667
27241
29376
32492
33777
34311
38656
40956
44103
49412
49675
53223
59418
59744
76916
83554
87565
93321
180829
215258
2970
7588
11944
13583
13793
15677
18028
19083
24293
27134
28875
29905
31861
33312
41744
45481
69298
77051
78913
85156
92316
219055
5922
10889
11474
12128
15727
16885
18528
20453
23332
27229
27910
28909
38131
41046
42256
49633
49649
50893
51733
52089
55883
56140
56787
57267
57590
65455
67476
73078
77541
80589
82139
89854
236791
4723
5321
5462
7627
7932
9281
9811
10074
12046
14356
15772
16197
16308
16863
16935
17291
19775
25537
26434
29949
30071
32898
33567
33776
37630
37747
46028
48097
50812
51102
51315
51498
53483
55373
57190
57509
67426
72096
74630
78705
79458
79993
82753
83869
86480
89549
89578
94741
6296
13802
15376
16368
19028
22182
22928
24097
25622
29357
30783
32496
33570
34705
36384
40699
44825
56860
58176
59007
62406
66365
67994
69393
71018
71566
73931
74179
82447
82985
84671
88156
149469
160804
180015
3867
8799
9757
10905
13781
15610
17517
21238
23515
24556
24936
25417
26815
28440
30437
32399
33323
34330
36185
36472
39639
39795
42968
45192
46467
46961
47232
48559
48958
49715
49728
51032
53866
54694
56467
57438
59351
62940
63500
65827
65878
66110
68526
69644
74068
76159
78016
80661
81578
89493
90655
90871
164289
192549
8123
13670
16386
20594
23903
24412
28017
28337
29527
30689
36429
42354
42737
46345
54112
66913
74139
74932
84160
4846
8178
11448
11761
13411
13554
15179
16668
24814
29629
35758
45507
67590
70429
71875
77444
89321
248045
7747
8275
13690
16034
16737
23823
27665
28444
28676
28849
41529
42664
42688
43580
49141
54782
55274
58616
66244
67214
68923
69343
71163
73335
73620
74553
75789
85101
85187
87195
90651
95466
4615
9164
9659
11664
13823
16239
17140
19362
19480
19990
20342
22608
27122
27838
27953
30075
30165
30790
35807
37052
37481
38702
39255
39812
42046
43148
46506
47502
47721
58185
58768
62872
63557
64541
66111
75629
81674
83779
84225
88010
92100
94029
4136
6119
16671
20274
24260
25016
27915
28427
28652
29101
29858
30601
38180
38538
44006
52278
57273
59208
68003
70097
70186
72097
76217
93365
95587
96
251
8555
11342
12543
15322
15844
15873
20667
29317
32976
33465
35801
38082
40300
42061
43147
43866
49944
50602
50984
51184
54869
56799
57627
60575
62050
63872
64881
68488
70531
72505
74804
77949
79363
85477
88198
88790
90227
92014
92115
92245
92390
92425
93633
192092
218194
9635
13497
15369
24347
28713
30324
31992
35895
42266
45961
50068
50345
53426
55992
58549
59216
59377
64753
67576
68670
81571
93414
178106
178197
8638
13832
15938
20499
20939
23297
25847
26237
34779
41663
42950
56911
60897
69795
71676
75025
80800
86115
86378
94725
173971
2755
3534
6174
6453
7325
18103
18128
18131
20194
20567
21947
22493
25387
27138
27602
27996
34600
34641
36415
37062
44052
44820
51802
53639
55543
58606
60428
66233
66939
67308
68359
70212
70439
71659
73355
75266
76504
84678
86789
91690
94679
211173
3782
6842
9389
11695
12346
12598
13977
17345
22001
22050
22760
24074
25500
28037
28765
29123
30425
37005
37139
37194
39391
39507
40207
41537
46534
56313
59032
59720
59737
59871
60020
60049
60204
62285
65923
66242
67697
68356
72091
79331
80158
81972
90164
91599
92075
7140
7217
7322
7387
7797
8654
10447
10754
10812
10924
13374
13975
14794
18415
20137
23101
26182
26247
26466
28021
28063
28104
29434
30208
30258
35344
35445
37634
40010
40314
41376
41489
43153
47890
51772
58623
59811
68556
68803
69437
71571
81811
84916
89019
90521
90694
135
6494
8853
9580
10550
11597
14034
15659
17599
21995
24883
25328
26263
26533
26746
26902
30123
31269
33643
35154
35296
36147
36762
36817
38347
41557
41600
42672
44317
47514
48502
48839
49800
52239
53166
56042
56826
56957
58247
58374
59076
60487
62044
65875
66441
67165
76135
77249
80659
85207
86456
86918
88545
91140
91853
94332
95270
154988
160933
222044
225507
4882
5282
8420
9609
15146
18761
19383
19570
24592
29879
31270
33011
35276
37868
44672
47099
48116
51105
68312
71284
76842
80321
82760
89439
155596
1539
2473
13378
14256
14292
16860
17829
19211
21236
25142
27091
27129
31354
32084
34618
39286
41487
47812
48310
53591
56385
56761
62620
62686
74724
83017
187353
1115
2178
4594
4693
6953
9298
9569
10120
13212
14848
15374
17077
17257
20675
21107
23705
24051
24891
27102
32330
41309
41660
47709
51013
52401
57648
59630
60917
63401
64483
75243
78407
79551
82206
82712
84851
93830
189476
11914
11941
12869
13449
16917
17238
21262
21290
22370
23246
26846
27085
27719
28614
28754
31461
33714
35050
35088
35556
37198
39895
40868
43827
45093
52973
55400
55823
56540
57911
59961
63818
66755
67526
69147
69932
74754
75125
77967
78146
83144
86403
89032
91497
91508
3688
8560
10576
17405
19116
19279
20683
23436
30359
30807
31458
32734
38824
41180
42313
42625
43835
44952
45750
46421
46907
47846
49664
50730
51148
52828
57494
62630
62958
63985
63990
66426
66600
66853
68069
68969
69056
69563
71399
74923
77462
80060
80789
80900
82703
94264
171787
929
7122
7710
11980
13707
14669
17374
21384
22511
23383
23550
25632
27793
29155
29313
34414
35711
37508
53879
56997
57658
60684
64967
75270
81636
9024
14089
14515
17355
19275
23794
27280
30145
33694
36241
44684
46783
55006
57539
60192
69095
74649
74756
85377
92506
603
5869
11981
17563
25626
25803
27381
27865
29384
33406
37653
41452
44533
45247
45971
49305
49523
53985
55058
59411
62051
63360
64360
66376
67279
68044
69190
69416
75380
75807
78168
89365
4183
5520
6098
7269
8332
11182
11259
13801
14025
15077
16006
17154
18599
21694
27705
30933
35442
35930
37838
38399
39785
43522
44243
44821
45888
50671
52560
54678
54891
56460
60619
63049
65829
69305
69727
70939
72345
75676
77613
78688
81476
83648
86232
87636
229660
2828
9336
9742
12097
14900
15882
17930
18573
19869
20223
20521
20992
21273
21854
21878
25294
26972
28126
30402
32691
33445
34055
38148
39885
40534
40825
40852
41286
42598
43982
44469
45171
45175
45942
47244
47255
49291
50174
52172
53535
54379
56481
58017
65498
67834
69382
72431
72768
73663
75702
76037
76270
76752
83405
85891
89853
91606
91663
92381
95331
95718
155996
4320
9070
13303
15581
16880
18536
19313
24604
27979
30379
35726
39528
42497
43540
47103
51626
63115
67941
69761
69808
75693
78585
80544
83765
85977
86006
87208
157478
2580
5603
13651
14219
14286
15341
15596
15667
17962
18475
19887
25224
25742
28714
29794
32653
34395
37657
39047
39515
41509
47216
47591
51845
52028
55271
55299
57303
59422
62780
71230
72265
73174
77026
79731
92438
92564
211271
243417
6850
7165
7436
7720
9641
13331
14748
19807
20175
21171
21282
29687
34536
39991
42129
42324
42989
44255
45151
50056
55811
56598
57507
58868
59077
63851
64562
65229
66615
68806
68936
71219
73948
79017
82954
84670
87600
88530
90111
94247
230908
7803
8203
10980
13168
13701
15107
17357
17835
18234
18721
19698
20064
21451
21495
24381
24555
26073
35100
37493
38085
38114
42072
43042
44170
44579
45305
46076
46951
47818
51331
51470
53940
54816
56496
57675
58603
59023
59547
59672
61077
61563
64479
67916
68868
69125
82638
82876
83660
87695
87828
89706
90342
90438
91746
224535
2145
7962
9222
10763
14337
14503
16799
17990
19741
21144
24713
26545
27104
28563
28906
29229
29273
29503
29860
30511
31443
32717
34801
40238
40945
43903
44236
47997
48604
51436
51611
55436
59774
60186
62836
63893
66306
66508
67468
67596
72188
72636
75829
79751
81062
81108
81764
82108
83568
86261
86995
88268
91692
225352
6692
9148
26841
31553
40571
43445
45828
47147
47303
53951
62873
79084
79207
79585
81204
93000
94501
4665
9902
16787
20768
21483
29597
30079
30728
31342
33680
35444
37013
38908
38931
40758
45058
47131
47585
52481
53318
57482
57528
62992
63951
65410
66437
69622
73180
78328
196057
232170
236927
3526
5105
9732
11971
13597
16709
17071
18395
18593
18787
18945
23987
26063
27078
27463
28186
28311
30567
31945
33734
35840
37169
38349
38601
38613
40748
41750
42326
44921
47407
48667
50867
51368
53793
55278
55646
56037
56289
59199
75561
78660
84262
87398
87601
88141
249
3103
5992
7223
10401
11150
11314
13060
14308
15296
17325
18530
19530
21357
21671
22316
22617
23186
24447
24553
27036
30713
30903
33730
34141
34147
36229
39224
39416
40492
41545
42050
42767
44532
44804
45049
45928
47223
47461
49243
50706
52201
58480
59303
59408
64925
65998
68496
68852
69163
71427
74484
75438
77267
77563
77733
79575
82604
82841
83073
91439
91783
92362
94513
175967
1934
5030
5420
7232
12173
13460
16436
17336
17996
19789
20638
22075
22895
26121
27459
29549
29590
29889
31228
31261
31820
32820
34786
36107
38598
38909
42601
42878
44612
46527
47359
47729
48935
51310
54113
56948
59985
61865
64370
69654
76259
78589
81429
86990
89029
89710
90695
91465
92147
4837
7815
8475
9310
11439
13860
14732
16749
24312
26468
33729
33801
34708
34741
39095
43196
60960
63380
64485
68745
69006
71761
81562
95392
174505
1600
3227
4376
11710
12416
13261
17648
19387
36285
37801
42760
43329
43755
45012
46041
46402
47277
47728
48750
50350
55972
57753
57835
72649
75196
78601
91189
244845
3194
3426
6156
8558
9204
16409
17168
17507
20849
21246
22649
22705
24319
25038
26845
27514
28349
29528
29934
33411
38528
40122
40574
45290
48894
49863
58569
59701
59890
62361
68111
68309
68484
69177
72792
78869
83783
154495
171381
186468
711
3784
5440
7296
7433
8411
10197
12444
12668
16377
16970
16997
18980
19262
19781
22551
25116
25282
27389
27858
28103
30424
32871
33107
34044
38237
38480
42037
43695
44429
45952
46912
48393
48902
49110
50011
50688
55551
56317
57810
59555
60377
62571
65363
66955
67548
68841
69942
72773
73344
77990
78256
83173
84608
84974
86740
89054
174183
222542
8118
10275
10920
13073
15789
16772
18757
18875
19135
21811
22179
22395
24184
24981
26327
26442
26862
28088
28740
31306
31740
32835
33659
34306
36915
37869
38655
40104
40958
41473
41684
42595
43226
43511
44231
45221
46336
51644
54294
59014
60329
64337
66045
68457
69660
72657
74471
74885
75183
79898
81160
81548
83230
85666
93063
94439
175900
209314
3204
4959
7564
8391
11239
12455
13186
17752
22061
22854
26978
28243
30029
37212
38004
41259
42431
43065
43375
45362
48141
53897
67016
71396
84589
89630
161408
171961
3292
10073
12079
12780
18157
18265
23603
23897
30399
30582
30699
32491
33337
33724
35231
37037
40197
40610
41010
41096
41556
43426
48265
51357
61522
63222
64089
65677
69239
85042
85061
85657
87706
89637
91264
92737
1418
3819
7369
8104
9387
11716
12116
13705
16649
17496
17791
18946
24376
26106
27687
27796
32247
33115
35478
38277
39544
47857
48335
51011
51936
52265
57481
59543
63731
70610
72071
73862
75921
76005
76074
78083
80446
85232
85445
86153
3777
4436
6675
6693
9572
11099
12922
14401
14500
14831
15128
15446
15965
20563
25994
27827
28753
30016
30709
33309
33453
36483
37006
37292
38252
38321
38522
40427
43999
44601
45285
46480
47744
48172
48992
49932
50832
51744
51929
52067
55138
55331
58601
59017
61041
62673
63455
66526
66905
68815
69628
70324
76604
77260
78069
82611
84716
85048
87452
88519
90395
90766
91827
92061
93263
7007
7446
10742
12796
13107
13439
15360
17262
18389
22159
22382
22755
23544
23733
25587
26975
30380
31619
32398
32659
32674
33667
34771
36639
39919
40556
42698
44202
45610
50508
53125
53291
53739
54533
54987
55553
55561
56151
56255
57241
60462
60667
62414
63278
63661
72094
73246
74785
77942
79948
80438
82067
83784
84824
85106
87021
87147
89049
95222
159920
159952
4251
4256
4297
5785
7398
8888
17254
21759
22897
27252
29659
32235
34966
37395
38610
39680
39716
43654
43915
51400
52496
57215
57708
61374
63548
63702
64362
64808
70159
77030
83685
84796
86184
214932
3617
4512
7118
7665
7844
9540
9583
13386
14320
15294
22502
22933
24011
25033
25317
26723
31244
33061
42206
45823
48110
48821
49902
50461
50681
56024
56652
58267
60628
61527
75267
78704
79141
81718
81810
83668
83792
1161
2265
2656
6424
7467
9254
10703
11015
13454
16777
17248
17545
20910
21294
21941
23867
26267
26818
31649
32899
36219
37482
38213
38603
38775
38963
39894
41204
41932
44295
44410
46107
46800
49287
49678
50567
50839
51320
55247
55667
56120
59258
60459
61436
65785
68235
68456
70536
79401
80975
82647
82704
87511
87956
89211
92536
93986
94988
95527
245744
5124
5341
8809
9106
9982
10569
12120
13463
13846
14718
14788
14898
16505
18052
18935
18966
19560
19839
21286
21725
21775
23373
23502
24279
24619
26620
27742
28784
28954
30240
30483
30580
30798
31167
32487
32828
33194
33366
33802
34425
35087
35486
36619
37401
39472
40842
41298
41414
42002
42057
45966
46039
47337
48523
50630
50634
57733
59185
59988
60018
61455
61892
62314
64134
64624
65304
65332
66345
67671
69604
70039
70094
71620
72065
72194
73678
79477
79592
79606
80401
82450
82653
83512
88544
90780
91125
91370
94466
95023
95347
95648
171458
228786
4721
5573
9171
10332
11630
12049
14812
14974
15472
15927
18396
18704
21324
21951
22096
22881
23844
25811
25926
28837
29510
29538
30400
30824
31329
31584
31928
36712
38922
40511
41302
42617
43337
44615
44995
46474
48076
48394
49801
51880
52960
54775
55658
61371
62327
63407
64183
67925
69630
71585
71738
74708
78245
80108
81218
81528
85000
85262
149851
6684
11065
12959
21229
21956
24870
26651
29820
32075
34956
37774
43367
43476
45817
50053
50057
53772
54528
64683
67872
69805
71075
82555
94817
152276
155029
3821
3879
12713
12746
15946
19604
19911
20439
22536
22747
24183
24500
26180
28766
29131
32735
34535
38023
40072
40984
41267
41807
45132
45684
46870
47383
47717
51221
52112
54324
54564
55948
57674
71296
72518
73117
76016
77385
79677
80212
82041
85076
85957
88374
89622
90364
94854
95295
95580
191839
227916
6650
6723
9900
11576
14929
19525
20156
20645
22583
23279
23454
25617
25985
26284
27351
28487
29783
29833
31974
32930
33626
34997
36317
37901
38787
42362
43421
45403
46113
46617
47680
47720
48563
49140
50499
53304
54842
55054
56377
60352
61021
64633
65761
66789
70396
78247
78645
79972
80419
82294
82442
82717
84448
84856
89835
91255
91354
91838
94182
1263
2151
7020
8500
8605
9664
11230
11512
15747
16639
16966
17726
20005
20042
21332
22315
23729
24169
24331
25644
26383
28769
30149
30282
30327
31240
31365
31620
31689
32092
32542
33654
33866
33992
35396
35686
35794
37127
37570
38683
38757
40798
41568
42769
43136
43860
44015
44357
45283
46833
46919
48120
48749
49327
51016
51375
54237
54489
54605
54779
55094
55213
56306
56370
58870
60550
62479
63628
63704
65311
67125
67484
67708
69408
69409
75067
75345
75423
76346
79594
80052
84030
85693
85892
85897
86215
86782
88961
89119
89799
90203
91160
91170
93835
95367
109099
163575
232078
243816
4896
6028
6253
9567
10981
12072
13794
17537
18288
18667
19486
19620
20280
22698
23135
24243
24405
26150
26366
26941
28957
29280
30659
30690
32214
32688
34238
34970
38809
43553
44056
44260
52538
52611
53163
55802
56738
61154
61769
62112
64231
65122
66584
67592
71914
74035
80278
80820
83004
84963
87960
89351
89660
92201
92706
93856
195928
10315
15407
15466
16734
21887
22072
24320
25764
27491
29059
29929
30039
30508
31965
32948
33111
33112
33753
34201
35340
37892
39163
42501
43882
46774
48057
48191
50073
51850
55334
57415
58084
58514
58699
64778
66440
68053
68298
73130
75058
75425
84425
85831
89536
93122
190401
5090
7931
8716
10950
11207
12139
12466
14248
14859
14964
19778
20942
23818
25015
25433
25655
27964
29243
30857
32759
32915
34455
34648
42052
42380
43430
44216
44369
53049
53740
56489
58191
64985
65635
67503
68567
72341
74383
74894
76940
77140
77539
81929
86923
93616
95080
95349
95545
218746
219883
5358
5424
5714
9634
12759
13006
15130
16566
16932
18782
21890
22544
23256
24463
25660
25826
25991
26061
26260
26441
29935
32348
35223
37686
38913
41594
43146
43269
43534
44502
44856
44960
47240
47554
52620
52712
55857
56331
56757
60397
61982
62378
64131
64935
66693
73571
74591
76056
77075
77207
77330
77348
78606
78836
80456
80731
90345
90452
91541
93681
167684
203778
147
1604
3477
4633
9877
9955
11471
11632
11936
12043
12114
12530
12898
14051
14678
16477
16926
17643
18697
19126
19619
19908
22331
22965
23814
24206
24672
26618
26664
29852
31326
33229
34379
35104
35133
35560
36538
36847
38828
39150
39794
40406
40843
41748
42963
43090
47200
49101
50390
54277
55659
59128
59690
59773
59944
60082
60370
63687
64649
65555
69443
74598
77107
80490
82975
85449
87361
88834
90223
91467
93657
94717
177855
1668
2221
3448
8088
10063
10644
11560
13079
17153
19575
21367
23468
26482
30895
32612
32637
38928
39880
40200
40569
41266
41322
50686
50705
52440
53527
56936
59907
63056
64663
67287
68005
68890
79651
79840
87419
88318
90044
92510
95489
160153
4974
9771
10664
10690
12683
15425
17923
19761
20035
20438
20775
22771
25666
30083
30430
31129
33587
34099
35503
35751
37849
40234
41034
41169
45600
47295
52363
55625
55930
64312
65092
67094
67306
68895
69533
69965
69971
72550
79873
81502
82309
150226
222436
1842
2757
3195
7871
7950
8720
10234
13392
16061
16393
17015
17090
17443
22144
22428
24633
27016
27614
28013
28947
30118
30664
30793
33418
33725
33948
34156
35787
38189
39672
40373
40397
43725
44152
44174
44754
47341
47478
51603
51616
54131
54152
55630
55697
56899
57357
57448
58783
59996
62558
64548
64839
66143
66212
67726
68369
71480
71616
72685
73227
74986
75223
75661
78284
78749
78893
83115
83264
83631
86376
86835
87189
88954
89642
90463
92360
93169
94193
94680
190053
208312
4651
6242
7153
8642
10947
11076
12561
13456
15176
16756
16825
19646
20009
20046
24117
24255
24727
25814
26031
27111
27251
28531
29637
31011
31967
32230
32388
32395
33799
33813
37908
38002
39080
40372
41902
45437
48866
49817
50012
55798
57829
59561
60517
63647
64394
64894
66267
67023
68068
70679
71008
72604
77184
78053
78847
79319
79706
82168
82553
85343
88833
94782
95032
95429
232448
234641
7162
13848
14100
14798
18031
18491
19490
20295
21014
23139
23596
23744
30593
31051
33669
33718
35657
39922
40648
40777
42474
47082
49024
49329
53971
56293
59204
66079
67169
73356
75151
79584
83896
90996
91026
95328
155288
4142
4889
11751
13034
13277
13482
15151
15270
17810
18340
20338
22101
24437
24507
25590
29242
30171
31074
31536
31877
36117
36287
38391
38795
42284
43719
43871
49449
53602
58289
59589
60804
60968
61910
66165
71144
71202
75222
79938
80529
82407
84981
85037
93418
174945
177884
182531
195406
2293
2422
2934
6318
6372
6939
10115
10475
10667
11849
12220
13853
14338
14480
16425
17800
18651
19265
20685
21783
22396
22577
22819
23034
24745
26432
26446
26932
27659
28358
28678
29140
30721
31226
32060
32122
32736
32749
33086
33461
34770
35060
35097
36234
39903
40504
41235
41392
41697
42784
43594
43825
46015
46138
47110
48288
49693
52465
55075
56149
56176
56687
57940
59789
63356
63361
65501
65703
66298
67034
67438
67453
69207
70757
74839
76165
76177
76358
77696
80097
86145
86494
87964
89195
89583
89769
90418
93119
95471
170850
198842
1789
4259
4622
7843
8357
9817
11238
11284
12685
12776
12973
16150
16773
17794
17868
18401
19673
20297
22010
23015
23196
25140
26762
27618
28110
28131
30438
31157
32497
34386
34504
35161
35894
36025
36805
37334
38790
38830
42015
42548
42689
43413
45304
47683
52636
53101
54293
55722
56749
57468
58925
60947
61123
61879
62626
64044
64484
64600
66812
67072
67291
68262
68395
69772
70768
71742
72840
74643
74808
79210
79869
80354
82151
82348
83971
84239
85813
86134
86308
86830
87287
89187
90100
90585
94440
94503
95659
153779
215579
236362
246561
6701
7442
8737
11021
13557
16664
23764
27223
27615
29396
30823
31566
34750
36350
39778
39801
40837
41878
42803
44733
47880
48886
50726
52858
57736
58996
65471
66636
72709
73269
75463
79327
87214
87886
88943
2498
3632
7691
7792
8449
9821
15467
15520
18051
18168
18591
19371
19634
20790
22447
28988
31503
32416
35623
36715
40941
45730
46782
47808
49573
54486
54848
56281
58521
62856
63249
63738
65217
67639
69597
76049
78876
80369
81007
88300
2190
2314
2638
3178
5907
6224
6887
7124
7607
7779
9489
10939
12285
14261
14514
15488
16105
17724
19773
20861
22802
23354
23391
23901
24131
24537
24779
24826
25490
25744
26340
27374
27388
27949
28494
29428
30022
30733
33302
33435
34007
34263
35600
39107
39957
40215
40293
42205
42807
43155
43688
44025
44467
44875
45855
46830
47123
48030
49459
49674
49976
50003
50026
51231
51693
51785
52084
52209
52714
52970
54529
54559
55894
57501
60936
61440
63666
64141
65134
65289
67193
69638
70605
71479
72401
73189
75121
78112
78173
78344
79034
79314
79701
80047
80178
81079
82105
82987
84642
84717
85653
85877
86223
86292
87401
87487
88558
88844
88892
90236
91836
95150
178192
232392
2489
3099
3329
4539
5900
7460
10170
10415
10510
11075
11760
11768
12671
12743
13267
13706
14144
15512
16528
16871
17455
21383
21606
22701
23637
24596
25216
27479
28931
29561
30738
30929
31123
31276
32171
34154
34277
36976
39746
40068
40757
40800
41579
43615
43762
43939
44349
44713
47974
47976
48066
50640
52357
53033
54411
54889
56214
56236
56484
56667
57293
61898
62756
63006
63086
64635
65103
65227
65356
66316
69585
70019
73760
74417
74816
76389
78165
78868
79790
79881
81860
88723
90641
90654
91190
92178
197294
202241
5554
6152
6271
6425
6448
6534
7394
8150
13943
14770
15651
16622
17524
18610
19225
21255
23317
24626
25927
27292
30632
32116
32673
32802
34722
38450
38953
39499
40001
41929
43959
47551
48185
50113
51765
52731
57909
58910
63718
67608
68624
78119
78738
83332
85549
87444
89002
94568
228393
108
246
2003
2854
3277
7245
8376
9384
10259
10892
11257
12721
13179
19354
20324
20700
20901
21009
21635
26727
28208
29474
32503
33983
35308
35709
39388
39446
40415
42069
43077
43715
45229
49098
50746
51455
54991
56928
57130
57574
57668
57990
58564
60574
62332
62758
73280
73330
74647
76147
78296
84171
88754
94883
95322
95529
155366
3324
6451
6824
8052
8601
10781
11645
12419
13572
13579
14731
16369
17064
17235
17551
18760
18921
18986
19539
19826
20138
21599
21877
22952
24886
25058
26918
26963
27206
28510
30262
31009
32798
33683
34585
34840
34930
35153
35779
35889
38302
38462
39642
40636
41968
42589
42833
43701
47436
47978
48181
48590
50274
50927
51522
56995
57432
58076
58134
58991
59241
60173
60839
61225
61824
61850
62036
62298
62927
63447
63831
63977
64198
66402
68481
71108
72057
73210
73546
73642
73681
73759
73933
74090
75351
78486
80022
80386
81761
82297
82764
83090
83229
85363
86075
86291
87869
89324
92545
92772
93261
94806
94860
4420
4607
6173
7150
7676
9015
9587
10147
11032
11386
11631
11820
12022
12267
12270
12716
14958
15387
15609
15619
15650
17091
17568
17884
18724
21571
22986
23144
23265
23822
24158
24341
25299
26326
29263
30842
32281
32639
32924
33886
35607
37896
38366
39250
42926
43717
44614
46634
47800
49686
49893
50358
50470
52422
53707
54175
54768
55003
55020
55074
57151
59853
61178
62272
64335
65006
66282
67575
69561
72340
72661
73860
74152
74457
74556
75339
76612
82124
84086
84106
86342
86477
89504
91850
93167
159305
175070
189800
4510
4571
8801
10843
12106
13936
15042
19183
20442
21457
22137
24562
27337
27807
29093
31530
31846
31970
32023
33326
33815
34413
34825
35537
35633
36314
36546
37138
40309
41637
45210
45542
47624
48774
57418
59294
64748
66424
69277
70338
79245
81908
85994
88098
88689
89899
90690
91993
94170
174628
208522
238553
240258
4717
6422
9927
12515
15241
15633
16224
18055
18404
19668
19753
21465
22996
23087
23227
23595
25558
25676
28114
28641
30110
30146
31386
31823
32415
35471
38685
39792
40026
40230
40360
40698
40815
41007
43389
46174
46531
47730
48455
50700
52124
53040
53679
58234
58793
59245
63938
66631
68849
69923
70049
72611
74042
75731
76168
76579
79167
85763
85769
86055
87129
87748
88357
91953
92860
93803
95369
176405
212266
240494
1529
2636
4986
4996
5319
5379
5838
7305
7712
7851
9050
9488
13907
14167
14457
15323
15988
16064
18124
19274
19351
20132
20303
20672
22460
22788
23459
23961
24125
25388
26572
27031
27675
29579
30462
31303
32050
32778
33495
33757
34382
34684
35003
35916
36187
36372
38570
38850
39843
40767
41155
42296
45164
48350
48369
50122
50725
50891
51460
51612
51784
53175
53690
54853
57127
57766
59098
62141
62351
62567
63819
63840
65105
66445
67140
68196
69227
69755
70451
70472
73079
74882
76721
78143
78395
79516
79749
82136
83067
83193
84027
87855
90143
90190
92993
93737
95266
177355
225775
7200
8696
9119
10190
11419
12353
14088
15831
20191
20427
20519
20862
22232
22483
23092
24280
24390
25276
25646
26158
26188
26278
27552
28449
28874
29212
29867
30154
30944
36188
36981
39103
41017
41385
43078
46997
48187
50154
50330
50642
51887
51964
54171
54883
56369
56451
57264
57887
58272
60116
60234
60617
62566
62835
64040
64086
64155
69825
70284
71783
72350
74567
75490
76627
77393
77923
80720
84748
85389
86468
87412
87683
87933
88753
89541
90222
91051
92194
94953
173479
205011
208555
223432
2868
3770
4605
5544
5782
8375
9293
9965
11737
13111
14073
14447
14485
15888
16420
16500
18282
19829
22994
23161
24622
27153
27273
28171
29506
29563
31327
31662
32321
34439
34529
36688
36898
38839
39441
39744
40055
44196
44596
47856
49309
50450
51392
54458
55738
57269
57510
59066
61125
62089
65013
71334
72483
73245
74444
74778
76538
76563
77862
78542
79742
81349
83714
86724
88884
89117
92498
93006
166517
232045
2051
3243
5709
6324
6428
6950
8002
9332
10056
10169
10820
11297
12059
14076
15556
18576
19277
19790
20559
21838
22377
22494
23360
25202
25357
27655
27806
28851
29091
29831
31169
32774
33352
34767
35496
35849
36589
36617
36842
36861
37010
37370
38170
38396
39581
44530
45022
46990
49191
49884
50143
51324
52969
53150
54066
55061
57772
58502
59460
59740
59869
61742
66547
69554
70733
72676
75583
76821
77985
78700
78998
79979
81471
90243
91676
92698
94824
94946
95226
173830
197559
230787
129
231
240
3642
6071
6394
6595
6906
6932
7717
7837
7963
8219
10413
11369
11634
11759
12441
12460
12988
13338
13658
14599
15173
15450
15838
17300
18137
19124
20494
20613
21173
21234
21588
21926
21939
22042
23414
23816
24180
24220
25149
26304
26911
29037
29051
29112
30466
30650
30717
30887
30954
31347
31597
32264
32537
34871
36941
37014
37019
37442
37444
37629
37702
38315
39494
42018
42782
44388
44573
45630
46089
46651
46814
47726
47851
48290
50167
50273
50565
51278
53037
53582
53711
54047
54477
55145
55655
55661
55833
56365
56833
56978
56991
57686
57870
58010
58614
58867
58913
59058
59375
59427
59447
61133
61220
61281
61302
61633
61906
63219
64329
64776
65224
66251
66860
69549
72093
72721
72917
73047
75013
76859
76931
77627
79041
79461
79691
82013
82099
83001
83315
84141
84673
85455
85956
86610
87736
88086
89892
90091
92423
92615
92968
94571
95417
161229
177460
178773
178889
189347
243308
5496
6442
6724
10301
11027
11670
13788
14041
14220
15086
15178
15980
16183
17334
19393
20472
20742
22139
22393
22970
24513
25078
25561
26875
29736
30264
30377
31403
32299
32521
32873
34651
34894
36323
37091
37171
37887
38607
39755
40031
40077
40259
40399
40854
42593
44266
44593
44975
46852
47819
48092
51168
53119
53216
54569
55530
56144
56573
57048
58622
59975
62420
64840
65990
66936
67143
68918
70938
71715
72691
73779
76818
77402
78375
80654
81119
87302
88299
88623
89113
89707
90598
93778
94445
94540
94800
95472
158511
159959
163144
188280
195820
196566
220355
226310
231971
237818
3747
4427
6255
6787
8045
11758
12400
13242
14050
14771
18626
20929
21805
22942
23927
24967
25218
25830
26295
27395
28617
28952
29899
30719
30900
31057
31835
33510
34077
34254
34315
35425
35511
35783
35806
40851
41460
43484
45279
46660
50854
52123
52309
54091
56292
57358
59349
59912
60581
60946
63809
64227
64454
65100
66805
69920
70701
71147
72472
73275
73416
77322
80317
85605
87311
92448
93500
94554
151538
196829
248056
2825
6037
6225
6275
6756
7067
8157
8241
10908
13296
13541
14484
15082
15260
16008
16765
17296
17406
17540
17610
17677
18263
18970
21204
22124
22517
23423
24527
25213
26015
27275
28276
30591
30611
32815
33021
33237
33556
34078
35012
36088
37411
40125
40241
40967
41272
41877
42234
43468
44111
46132
48186
48509
48832
51205
51297
53503
54865
56142
57335
58875
59057
59324
61435
62005
62249
63388
63429
63527
65111
66062
66497
67709
67878
68197
73549
75753
75989
78370
81815
82656
82782
83198
85540
87410
87874
89298
89538
90781
92048
92610
94129
94889
191161
195870
215651
234459
228
968
4270
4743
4770
5913
6680
7397
7535
8054
8134
8564
8835
9769
9903
9983
10113
10657
11621
13944
14677
14775
15051
15337
15631
15761
15806
16230
17125
18220
18266
18330
18734
18901
19533
19998
20679
20798
22488
22534
23576
23673
24164
25087
25508
25974
26151
26250
26629
27390
27946
28078
28323
28350
28473
29233
30033
30932
31490
31955
32048
32476
32829
32947
33498
34246
34416
34669
34832
36251
37036
38844
39520
40447
40479
40525
40940
41200
41324
41359
41367
42320
42386
42863
43369
44059
46143
46963
47642
48264
49150
49528
50079
50147
51228
51239
52142
52151
52293
52455
52833
53005
53193
53270
53466
54117
54272
54312
54390
54892
55399
55585
55586
55881
56819
57319
57946
57959
58613
59254
59434
59518
59540
59616
60033
60408
60670
60783
60972
61253
61648
62534
62797
63433
63816
64289
64520
65295
65721
65873
65985
66157
66286
66552
67943
68191
68413
70453
71314
71821
72399
72592
73728
73770
74144
74557
75010
75604
75645
75728
75748
76102
77041
77481
78067
78669
81031
81107
81523
82855
82965
83912
84572
85398
85491
85562
85573
86748
88350
90566
90615
90660
91209
91266
91834
92199
92219
92481
92552
92988
93776
93987
94261
94386
95178
95293
155199
164010
166244
172814
183727
188800
191228
194434
195016
208912
211936
218210
229583
232245
242651
244163
6106
6934
7880
8748
8834
9314
9411
9438
13166
14065
14526
15052
15347
15454
15845
16733
19023
19402
19657
19690
21529
21649
22361
23049
24314
24783
24857
25161
26133
26531
26920
27321
31379
31616
31932
32665
33196
34047
34136
35399
35492
35630
36666
39874
41667
42651
42742
44258
45487
45521
49705
49906
50114
50665
50679
51180
53635
53980
54971
55141
55298
55423
55953
56359
56739
56998
57056
57819
60465
61993
63281
66583
67133
67654
67701
69249
69937
71940
73669
73744
74830
76862
77496
83006
87160
87171
88870
91557
91614
92031
92410
95361
182262
209188
2401
2906
3485
4103
5028
6704
8810
9473
9638
9891
9937
14300
15263
16768
17456
19795
20431
22442
25944
27668
29179
29670
30558
31446
31529
32061
32194
32638
32887
33620
34255
35024
37319
38308
38569
39010
40003
42124
42475
42997
44968
47674
51379
51535
54184
59501
60797
61406
65284
65645
66034
66240
66963
68692
69255
70081
72240
75022
75804
76325
77370
82069
82251
85744
85965
90031
90635
90967
92675
94818
155326
177554
197634
248044
3062
3306
6715
6893
7614
8402
9369
11401
12210
13981
14240
14438
15524
17991
18248
18384
18748
19007
19409
20379
21520
21535
21647
21904
22733
23397
26783
28147
28949
30488
31367
31392
31672
33720
33764
33797
33812
34114
34989
35240
36860
38398
38983
39637
39878
40423
40760
41662
41949
44411
44655
46273
46888
48047
48424
48457
48484
48573
49409
51138
51253
53156
54288
54740
55935
56095
56877
57369
58786
61601
62253
63987
64796
65083
65554
67138
69325
70464
70908
71651
73114
73384
73418
74818
75406
75683
76544
77894
78272
80688
82978
83155
86449
86555
88652
91363
94034
94474
95230
5088
6642
7482
9832
10775
10818
12109
12813
12820
13337
13575
14258
14426
15096
15160
17438
20001
21291
23184
23430
23806
24230
24291
25940
27072
27398
28062
30899
30960
31896
32202
32861
33441
34714
35275
35395
35418
35647
36053
37604
38250
39998
40086
40199
40236
42771
44591
44592
47619
47650
48011
48481
48805
50651
50935
51081
51464
51875
53386
53617
53987
57254
58725
59671
60256
60620
60776
64102
65654
65763
66314
66428
67174
67724
67949
68300
68698
69354
69784
70144
70222
70236
70381
70401
71440
72108
72396
72749
76026
76548
77043
77101
78258
81085
81264
81924
83673
85418
85832
86095
87574
88172
91332
92997
94684
95219
95637
175736
218567
242211
2618
2966
4318
4638
4793
8246
8413
9029
9767
10050
10606
11508
12774
13123
13407
13708
13713
15229
15338
15809
19120
19599
19948
20160
21994
22016
22981
23134
23954
24048
29108
29443
29883
29908
30600
30949
32296
34935
36488
37775
41082
42786
44745
45397
47140
47424
48000
48945
54031
56099
58291
60224
60236
61191
61818
63988
65151
65259
66076
67000
71181
71363
72559
73641
80057
81581
84065
93437
94435
95301
161847
173741
217289
4076
4372
5191
5755
7583
9195
9229
10498
11161
11783
11818
12656
14079
14489
16096
17243
18884
19284
19433
19744
21680
22992
24083
24699
24790
25121
25182
26571
26710
27338
30753
31081
31485
31567
32663
33790
34659
34672
34809
37040
37400
38146
40673
42092
42487
42549
43387
43883
44143
46184
46953
47048
47431
47996
49032
49195
50103
50332
50566
51888
52638
52727
53920
55444
56045
57154
57155
57618
58737
59936
59939
60512
61421
62982
63106
63878
64682
65365
65584
69518
71789
72156
72493
72622
73240
73289
73832
74136
74505
74681
75115
75751
76112
77635
77846
78675
79131
80470
82549
82745
84567
85860
85945
86116
89123
90501
91413
91925
95451
207046
238549
1372
1585
2644
2808
7424
7519
8634
8861
10531
10967
12491
13506
13913
14594
14598
14630
14860
15776
16148
16414
17096
17588
17956
18201
18934
20405
21721
21919
22645
24487
24684
25782
27428
28519
30153
30648
31068
34507
34628
34645
34727
36671
37932
38673
38872
39215
39818
40124
43105
43266
44018
44119
46293
47285
47404
48784
50169
51657
53244
53573
54953
56315
56805
57000
57351
58926
59048
59385
59507
59695
60939
60974
61068
64382
65863
67908
68907
71784
71959
71963
73638
73723
75593
75941
80722
83241
83717
84172
85280
85627
86043
86372
88224
89218
89633
89676
90879
92376
93738
93798
94722
151188
166785
173602
195115
223651
223946
230895
3540
3567
4932
5056
8571
10626
11850
14702
14787
16023
16542
19117
19621
20079
20792
21337
22274
22341
22470
22832
23790
25013
27277
29046
29190
29761
31462
32349
33018
33332
34133
35278
36403
41592
41743
42200
42700
43017
44616
44859
45069
46731
46759
47151
49702
50776
51582
52294
52546
53184
54095
54881
55491
55966
57789
57836
59027
61312
61515
63202
63354
68057
72385
73596
74034
76071
77626
78766
81016
84546
84779
86329
89709
89895
92146
92420
93210
162393
239064
1078
1400
2550
4042
4208
4715
5185
5648
6192
6617
6940
7181
7480
10124
10454
10611
10719
12803
12808
12974
14402
14691
15136
15140
15608
16468
16861
16891
16999
18241
18714
19143
19368
22004
22208
23335
23403
23896
24043
26943
27403
27714
28105
28458
28917
31402
31738
31750
33914
35021
35513
35938
36184
36518
36707
37417
37894
38020
38261
38474
38788
41150
41668
42041
42180
42396
43030
43137
43244
43499
43757
44742
46682
48008
48399
48475
49455
49635
50102
51202
51459
52341
52508
52548
54109
54667
54798
55396
55688
56868
57435
58607
60073
60421
62130
62671
63355
63611
64182
64333
64421
65371
66438
66510
67806
68247
68845
68967
70218
70424
70810
70856
71174
71727
72044
72184
73182
73829
73874
76208
76868
79100
80395
80898
81330
81433
82007
82090
82544
82688
86225
86540
89766
89994
90389
90941
93712
93947
94181
95284
165523
166522
188331
208170
217990
221092
241662
245579
1309
4822
6532
6578
6876
7377
7619
9234
9282
10437
10873
11267
12409
12686
13141
14395
14558
15987
16482
16590
16685
17567
17768
17844
19030
19216
21489
24659
24753
25518
26311
26546
27557
28161
28633
28995
29302
29355
30127
30764
31509
32137
32842
33839
33987
34893
35472
36015
36927
36975
37174
37829
39440
40464
42416
42453
42615
43179
43219
43470
43960
44768
45142
45174
45674
49895
50124
50462
51465
52605
52721
53190
53604
53733
53959
54116
60714
62312
63230
64489
64679
65198
65317
65475
65812
66225
66263
68569
69840
71217
72053
74404
76079
77947
78008
78956
78991
79044
79424
79547
82802
82935
83175
83517
83650
84571
84736
85991
86034
87533
88782
89155
91388
93244
93885
94252
94433
94963
95259
155625
160789
181054
181376
181819
192639
1222
6510
6935
10375
11270
11476
11526
12643
14368
16309
19473
19946
20057
20221
20545
21183
21670
22081
23057
23588
24079
25052
26273
28674
28845
29411
29778
30750
31134
32854
33376
35121
35427
36021
36485
36985
40147
40367
41164
42720
42890
43342
43631
45039
46583
47111
47179
47970
48796
50486
53395
54372
59786
60996
63272
63464
63473
64787
67114
68094
68903
73521
74133
74361
75210
76405
76497
77456
78572
79290
79739
80139
82362
82388
82783
83412
83875
85015
88903
89826
90423
90950
91636
91696
91919
92978
155622
159893
199891
203612
207807
218644
225320
236197
246686
775
2269
2863
3396
4511
5026
5662
7175
7549
8190
8773
9249
9470
10388
10887
12003
14332
14609
15774
16619
17217
17637
18873
19162
19534
20232
21968
22505
24175
24621
24860
25292
25451
26048
26116
26224
26418
26500
27476
28164
30862
31056
31814
32725
33134
33968
34354
35874
35990
35993
36631
38346
38444
38968
39263
40156
40328
40334
40351
40960
43009
44980
45538
45555
45675
46162
47069
47442
48021
48143
48560
50131
50139
50793
51874
52269
52408
53188
54931
56597
57728
58007
58133
58360
58483
58552
59639
60268
61180
62139
62526
63456
65125
65790
66380
66505
67046
67774
67775
69392
69922
70448
70641
71160
72803
74307
74783
74976
75884
76830
77276
77347
77439
78363
79774
80899
81161
81475
81905
81969
82243
83125
83845
84270
84288
84952
87197
87275
87701
89643
90916
91763
94447
94538
163557
186000
191518
218052
2351
2642
6172
7531
7939
8579
8822
9280
9426
9510
9793
10010
10023
10261
10366
10747
10840
13023
13652
14297
15242
15939
16029
16356
16830
17963
18487
18545
20085
21607
21848
22034
22797
23507
24721
24943
26060
27407
30547
30827
31606
31923
32564
33349
34422
35036
35669
35737
36256
37312
37552
37848
37866
39616
40514
40722
40876
42676
43804
44321
44748
45019
45896
46048
46235
47422
48341
48812
50830
51569
52188
53284
53326
53872
54114
54656
55516
55825
56388
58414
58522
59763
59785
60102
62073
62317
63125
63598
66454
67334
67739
68790
70244
71295
71406
72043
73613
75900
76129
76707
77104
77632
77653
78279
78767
79478
80724
80963
81688
83647
84416
85938
87089
87962
88243
88722
89462
90108
90187
90741
91553
92561
92646
92811
159182
191396
230729
566
1706
5919
5950
7820
8536
9656
10537
10991
11308
12044
12341
12472
13353
13674
14038
14608
14858
17843
18670
20036
20695
20715
21005
22123
22420
24289
25329
25645
27196
27559
28472
28631
29207
31628
33930
34877
35264
35354
35371
35668
36109
37364
38289
38378
38771
39367
39777
40350
41360
41578
43227
44175
45153
45404
47105
47134
47146
47429
48542
49148
50555
55506
55694
55829
56358
57814
57957
59176
59269
61964
62561
63379
63406
63711
65240
65499
65708
67263
69104
69226
69634
71269
73055
75685
75979
76798
78673
79013
79211
79885
79947
80425
82358
83790
87913
88894
90278
90748
92743
95176
156458
189412
200709
229000
1398
2122
3098
5366
5784
5798
7050
7094
7617
9684
9905
11972
13114
13128
14346
14605
15030
15183
15786
16014
16167
17278
17447
17670
17928
18068
18335
18461
18881
19259
19312
19805
20098
20501
20506
20640
20899
21158
21517
21683
22256
22374
23530
24370
24677
24937
25001
25420
25939
26112
26503
26600
27329
27570
27676
28387
28506
29742
29804
29900
30478
31073
31218
32029
32115
32342
32558
32889
33959
34070
34954
35690
35859
35876
36717
37168
37436
37708
37922
38472
38862
38873
38912
39821
40339
41062
41926
41963
42855
42918
43489
43855
44393
44811
45581
45677
46353
46624
46633
47665
47690
49574
49579
49787
50792
51479
51588
53888
53953
54664
54714
55336
55521
55594
56055
56205
56349
56631
56974
57985
58518
59605
60530
60781
61338
63166
63340
64704
64927
65454
65560
67657
68403
68802
69587
70005
70415
70484
71066
71360
71362
71398
71849
72018
72073
72149
74460
75823
76467
76874
77747
77780
77938
78386
79197
81254
81375
83015
83729
85114
85194
85364
85912
86243
89502
89523
90103
90357
90460
90590
91317
91466
91503
91621
93117
93177
93359
94754
95140
95304
154496
164238
171665
173533
174548
176335
177815
189147
214447
218648
219101
718
1389
4704
5094
5108
5905
6567
6877
8319
9484
9778
10948
11019
11149
11495
11551
11757
12153
12325
12367
13396
15044
15116
15820
16017
17662
17751
18614
19348
19559
20227
20951
22052
22257
22335
22876
23392
23506
23689
23904
24084
24177
24488
26017
26686
26795
27346
27412
27688
27898
27965
28112
28677
29284
30674
30704
31667
31841
32445
32484
32760
32799
33074
33425
33745
33769
34409
34410
34683
34863
35073
36061
37255
37271
38285
38455
38594
38653
38860
38964
39393
40844
41213
41395
41726
41992
43173
43207
43460
45072
45495
45613
46139
47542
48166
48549
48891
49348
50690
52603
53114
53132
53410
54260
55153
55170
56240
56438
56611
57417
58698
58790
59047
59549
59665
59957
60359
60580
60665
62111
62469
62605
63498
63501
63929
64080
64368
64434
64772
64992
65798
66053
66575
66772
67646
68573
69186
69421
70326
70565
70620
71903
72998
75994
77440
77711
79104
79484
80042
82850
83444
83683
84619
84625
84818
84889
86447
88340
88401
88449
88770
89480
92053
92415
93045
93139
94155
174952
183063
187688
204509
618
2055
2711
4347
5552
6293
7202
8504
10273
11344
11410
12191
13631
14535
14817
15929
16063
16354
16677
16918
17142
17463
17833
17995
18855
19843
19844
20326
21002
21679
22013
23053
23639
24647
27904
28273
28629
28986
29274
30224
31673
32327
32499
32838
34135
35754
36598
36604
36823
36852
37353
38578
38675
38815
39437
40791
41815
43937
44959
46129
48167
49001
49457
50537
50912
51380
51384
51415
52707
53580
53812
53975
54253
55197
56270
56858
57387
57860
58437
58473
58697
58757
59546
59793
60047
60831
62185
63584
64066
66641
68610
70098
70920
71191
71710
72040
74243
74603
74656
75089
78400
79503
80229
80632
80638
82459
83238
84293
84778
85159
86715
87471
87967
89320
90012
90881
91063
91566
92065
92310
92366
93486
93692
94428
183036
246286
619
1109
2740
3538
4027
4294
5473
6664
7886
8426
8470
8624
8762
9524
9552
9895
10110
10462
11204
11422
11523
12066
12093
12363
12734
12787
13357
14102
14466
14881
15074
15104
15822
16108
16413
17219
17690
17773
19796
19923
20106
20171
20193
20803
20976
21117
21346
21422
21586
21708
21800
21978
22186
22559
22799
22842
22997
23076
23181
24108
24326
25066
25198
25339
25685
25990
26095
26254
26458
26894
26899
27017
27336
27416
27489
27643
27967
28370
29265
29409
29776
30081
30432
30486
30598
31217
32121
32577
33188
33583
33595
34196
34550
36158
36218
36590
37238
37465
37742
37876
37907
38461
38464
39130
39266
41005
41283
41343
41388
41488
41940
42292
42507
42774
43334
43487
43824
43904
44937
45136
45595
46654
46923
46924
48383
48501
49074
49108
49571
50087
50987
51198
51219
52078
52221
53066
53660
53661
53919
54705
54757
55579
56728
57009
58022
58271
58591
59367
59444
59488
60130
60692
60786
61185
61210
61912
61979
62227
62988
63758
63900
63916
63945
64152
64239
64297
64812
65157
66061
66160
66215
66246
66867
66931
67047
67427
68370
68939
69158
69538
69629
71215
71876
74094
74726
74962
75156
75162
75860
76766
77911
78184
78588
80519
80847
81060
81185
81372
82118
82752
82884
83608
84376
84489
85692
86105
86551
86853
87265
87460
88353
88409
88865
89931
91389
92299
93587
94168
94377
94976
95035
95296
161058
170546
193280
199662
205316
233335
233963
1339
1776
2008
3801
4737
6634
8462
8759
9112
9466
9472
9545
9623
9700
9957
12246
12352
12432
13740
14236
14281
14854
16048
16272
17314
17700
18194
18250
18606
19590
19693
20394
21280
21787
22112
22697
23080
23529
23555
23690
23830
23874
24041
24247
24976
25949
25970
26255
26378
26390
26526
27066
29523
29840
30148
30251
31193
31239
31723
31875
32269
32389
32475
33853
34001
34545
34887
35238
35286
35294
36046
36343
37823
38091
39244
39309
39840
40198
40381
40405
40471
40696
40918
43735
44872
46247
46307
46881
47473
47957
48453
48652
49253
50082
50263
50751
51491
52227
52949
53463
54076
54980
55362
55985
56064
56552
57642
57920
57980
58042
58364
58388
59175
59524
61107
61764
61885
63091
64138
64160
65119
66923
70106
71496
72898
73345
73441
73665
73850
74221
76025
76223
76395
76615
77703
77860
78417
79342
79837
80574
80993
81025
82715
83440
83846
83929
84432
84502
86546
86909
88484
88567
88810
89036
89081
91230
91939
92025
92433
93061
94268
95103
174334
186214
187864
205132
218162
4785
7160
7395
7529
8438
9317
9479
9506
10069
10347
11278
12586
12799
12823
12861
13029
13344
13447
13642
14681
14823
15271
15413
16380
19723
19727
20288
20400
20518
20634
21225
21390
22165
22401
22503
22671
22721
22758
23374
23543
23661
23942
24157
24210
24422
24763
25686
27366
28534
29022
29228
29332
29430
29573
29983
30092
30838
31282
31507
33184
33578
33580
34101
34447
34667
34789
35662
36152
36585
36601
37865
39341
40474
41415
41912
42366
42410
42964
43675
44749
45467
46056
47321
48025
49761
50145
51548
51983
52404
53149
53703
53989
54820
54886
55113
58500
59173
60382
62222
63757
64168
65510
65621
65749
66301
66751
66821
66993
67014
67828
69140
72966
73696
73887
74216
74775
75174
76225
76751
76808
78536
80289
80376
80637
81689
82534
83878
84272
86133
89534
89617
90568
91395
92794
93854
94086
94330
95680
155023
205249
205718
210656
224825
230947
1636
1872
2505
3245
3691
3872
4600
4725
4877
5505
5507
7238
7339
8261
8562
9439
9854
10368
10461
11456
11564
11625
11643
12909
13058
13355
13388
13414
13590
13972
14314
14710
15191
15465
15695
16012
16094
16454
16864
17023
17434
17814
17859
18116
18572
18585
18995
19070
19241
19786
20075
20662
21091
21168
23305
23536
24115
24161
24495
24759
25358
25636
25714
25813
26047
26172
26349
26552
26599
26910
27164
27304
27334
27394
27496
27519
27532
27595
27970
28224
29171
29602
29678
29684
29854
29896
30265
30410
30550
30792
31052
31478
31864
31910
32614
33276
33405
33408
33953
34340
34565
34816
35132
35151
35222
35337
35365
35565
35747
35873
36835
36874
36899
37148
37167
37640
37854
37994
38220
38227
38821
39460
39547
39781
39928
40096
40667
40762
40995
41260
41530
41700
41711
42345
42568
42747
42956
43113
43437
43509
43766
44028
44159
45045
45129
45330
45412
45845
46231
46571
46962
48159
48224
48438
48648
48735
48826
49117
49122
49709
50324
50546
50938
51085
51190
51258
51545
52119
52489
52871
53400
53922
54029
54327
54472
54591
54745
54800
54972
55162
55204
55205
55207
55347
55377
55452
56139
56283
56517
56906
57407
57700
57972
58106
58508
58815
59040
59510
59958
61166
61555
61695
62550
62659
63842
63866
64272
65110
65239
66011
66065
66360
66581
67680
67691
67847
68080
69987
70160
70263
70927
70959
71471
72775
73194
73411
73556
73677
74921
75027
75140
75225
76017
76155
76695
76884
76894
77475
78830
78999
79281
79601
80269
80449
80771
81097
81948
82191
82260
82298
82693
82915
82999
83271
83464
85764
85779
85917
85928
85976
87257
87450
87615
87923
87965
88213
88497
88766
88945
89389
89624
90867
90979
91605
93048
93206
93395
94355
94498
95075
95516
95523
115714
161622
182666
185845
189108
193649
196669
206840
222017
228081
228176
231292
231825
239134
239444
2619
4187
4412
5169
5733
5942
5970
6279
6287
6571
7173
9269
12265
12424
13588
13903
14027
14045
14210
14474
14727
15022
15144
15198
15978
16119
17446
17979
18577
19658
20691
20714
21108
21177
21224
21536
21923
22102
22458
23027
23028
23425
23455
23663
23768
24369
25192
25843
26628
26650
26806
26835
27591
27802
27919
28219
28356
28809
29699
29791
30358
31524
31741
32069
32229
32241
32880
34035
34594
35120
35431
35568
35679
35898
36642
36816
37871
38281
38335
38364
38490
38554
38886
39480
39621
40331
40734
40736
41312
42275
42279
43292
43423
43830
45038
45379
45510
45517
45782
46208
46408
46853
46904
47143
47220
47324
48965
49107
49145
49560
49620
49701
50067
50268
50535
50617
50995
51326
51513
52170
52525
52741
54444
55043
56282
56547
56596
56748
56941
56954
57292
58593
58851
59022
60185
60673
60803
61317
61564
62618
62771
62969
63335
63787
64538
64716
65112
65500
67281
67626
67629
68703
69323
69696
70310
71623
72464
72783
73472
75219
76002
76046
76214
76541
79973
80335
80451
80756
82179
82499
82526
83028
84405
84799
85465
87599
88379
89546
89634
90687
90785
91027
91501
92823
93606
95601
170929
178358
181806
182714
182896
188309
188932
201823
214331
220677
233326
2625
3077
3570
4135
4335
4632
6076
6404
6492
7483
8080
9113
9464
9941
10228
11101
11589
12082
12297
14417
14877
15047
15101
15587
15805
15970
16614
17045
17639
17699
19339
20872
20994
21846
21976
22019
22066
22613
22785
23848
24256
24752
26139
26453
26917
27003
27450
28537
30189
30317
30584
30642
30913
31494
31515
32119
32658
32753
33296
33449
34939
38260
39629
40561
40768
40948
41361
42264
43546
43869
44944
45584
46254
46756
47946
48728
48837
49512
50351
50460
50580
50582
50687
50732
50734
50799
51471
51947
52094
52343
52659
52688
52725
52945
53434
53562
53654
53826
54668
55047
55481
55764
57235
58396
58739
58766
59382
60794
61257
61836
61933
62205
62400
62817
63614
64117
64187
64971
65843
65904
68591
68944
69968
70776
72235
72880
73837
73982
74734
75081
77038
77564
79596
79655
79726
80972
81928
81954
82111
82480
82785
85243
86352
86677
87273
88215
91518
92585
152717
153374
168782
184368
193112
222064
229901
236941
244022
246746
114
954
2300
2360
2753
3737
3966
4298
5061
5277
5516
5795
5897
6188
6315
6605
6773
7184
7351
7534
7648
7852
8491
8902
9534
9551
10022
10303
10452
10707
10829
11254
11557
11830
11848
11865
11921
12157
12504
12553
12591
12638
12773
12814
12838
13093
13253
13932
14019
14063
15235
15421
15535
15654
15723
15750
15871
15966
15979
16005
16189
16751
17020
17187
17207
17754
17822
17921
18125
18229
18654
18835
18850
18872
19220
19301
19359
20228
20739
20905
20919
21096
21235
21407
21467
21778
22193
22248
22421
22426
22485
22510
22610
22623
22793
23094
23276
23380
23442
23525
23647
23965
24075
24766
24788
24829
25707
25922
25935
25948
26127
26362
26368
26444
26994
27151
27447
27460
27720
27832
27911
27969
28124
28326
28511
28515
28992
29077
29184
29481
29537
29819
30370
30439
30525
30936
30991
31127
31433
31594
31728
31929
31939
32058
32167
32383
32611
32656
32763
32836
32865
33038
33185
33268
33284
33325
33541
33706
33731
33855
34227
34268
34270
34412
34560
34755
34867
34945
35057
35146
35298
35712
35997
36018
36095
36144
36378
36405
36428
36576
36778
36902
36942
36958
36968
37065
37135
37249
37617
37619
37635
37680
37698
37924
38043
38084
38187
38240
38358
38800
39145
39221
39431
39853
40018
40037
40499
40562
40831
41591
41854
42076
42122
42477
42854
42905
42970
43158
43335
43857
44141
44176
44217
44247
44652
44770
44870
45076
45239
45322
45441
45631
45720
45994
46379
46584
46609
47081
47206
47425
47559
47802
48152
48296
48392
48417
48477
48772
48904
49088
49091
49251
49267
49596
50194
50920
51463
51544
51630
52739
52837
53000
53019
53065
53179
53982
54231
54344
54369
54459
54555
54601
55100
55256
55384
55495
55882
56007
56340
56398
56468
56488
56545
56720
56771
57893
58344
58420
58738
58745
58859
59024
59313
59376
59576
60170
60565
60637
60755
60824
60925
61050
61069
61259
61361
61612
61663
61688
61776
62014
62057
62092
62429
62625
63066
63432
63710
64208
64327
65011
65121
65392
65397
65641
66146
66182
66568
66988
66995
67215
67642
67797
68234
68358
68373
68402
68650
69052
69111
69296
70583
70740
71126
71185
71357
71419
71482
71540
71550
71684
71995
72039
72256
72555
72681
72868
73029
73090
73096
73203
73205
73347
73513
73708
73957
74012
74049
74050
74140
74828
74878
74880
74977
75100
75247
75599
75937
76045
76404
76609
76776
77251
77295
77815
77892
78332
78357
79001
79145
79199
79259
79343
79781
79793
79847
79891
79933
79958
79996
80072
80572
80636
81106
81122
81125
81207
81604
81747
82495
82506
82655
83046
83076
83240
83273
83274
83325
83626
83661
83760
84277
84676
84722
84859
85163
85184
85426
86100
86586
86797
86865
87268
88290
88301
88738
88941
89239
89348
89446
89600
89667
89678
90062
90294
90349
91300
91610
91807
91974
92012
92244
92694
92748
92874
93008
93170
93223
93730
93744
94222
94443
94505
94714
95012
95344
95374
95639
149837
154642
158492
164891
167968
169056
169675
169699
175827
176523
191162
193288
201757
203408
204259
205890
206735
211493
212174
216473
223528
223916
224318
226796
237476
238976
238998
241147
242850
245889
246382
2105
3557
3802
4624
5162
6770
7877
8989
9276
9729
10203
11727
12257
12700
13151
13623
13694
14539
14883
15224
15973
16009
16754
16783
17373
17452
18132
18596
19011
19136
20332
20374
20391
20769
20964
22344
22487
23953
23989
24025
24040
24132
24426
24565
24705
24768
25122
25613
25731
25820
25863
27108
27116
27640
27745
28347
28416
29380
29470
29745
29933
30747
30937
32967
33154
33263
33781
34879
35247
35439
35862
36016
36121
36159
37118
37642
37656
37986
38193
38216
38297
38343
38835
40100
40208
40270
40792
40927
40977
42447
45003
45382
45599
45935
46069
46103
46404
46637
46958
47039
47892
48122
49509
49820
49874
50061
50379
51104
51656
51869
52070
52494
52993
53124
53128
53886
54173
54621
54811
55409
55502
55569
55679
55815
56362
56822
57308
57644
58671
58715
58982
59067
59396
59446
59470
60707
60749
61372
62424
62685
63231
63663
64101
64423
65197
65337
66196
66384
67524
67584
68324
68783
69468
69832
71063
72047
72322
72337
72624
72705
73059
73216
73315
74565
75030
75508
76427
76854
76978
77281
77771
78028
78211
78469
78521
78649
78907
79140
79241
80281
80365
80539
81116
81146
81277
81362
82624
84214
86199
86400
86491
86870
87716
87826
88043
88464
88957
92034
92133
92359
94464
163874
175615
180280
194164
199189
227657
234456
241834
891
5230
5833
6500
6846
6921
7022
7933
8828
9487
9814
10435
10445
10697
11221
11821
15662
17133
17992
19881
21665
22362
22363
23484
23741
24190
24229
24804
25447
27988
29122
29362
31795
31801
31860
33069
35112
35735
36549
36709
37219
37277
37358
37650
39075
40224
40530
40817
42525
42666
42793
43222
44244
45990
45999
46297
46563
46832
47815
48260
48325
48402
48497
49432
49488
49901
50652
50842
50981
51359
51868
52085
52150
52467
53076
53525
54412
55337
55348
55352
56156
57234
57282
58219
58935
59905
59986
60014
60120
60190
60264
60698
60984
61702
62382
63477
63625
64467
65015
65793
65994
67456
67787
68059
68558
69358
69426
70820
70965
72150
72477
73173
74106
74526
75152
75982
76429
76932
77344
77924
77999
78087
79381
79610
79775
80019
81295
82158
83099
83317
84381
84596
85690
85762
86348
87119
87782
88842
91220
91549
93081
93237
155334
158778
185811
190948
209022
209260
220267
222957
223486
2834
4949
5082
5234
5441
8202
8272
9021
9490
10044
10061
10094
10143
10177
10200
10276
10318
10740
11071
12938
13348
13440
13904
14464
15045
15634
16068
16102
16188
16654
16748
16769
16834
17359
17525
17879
18038
18362
18512
18658
18719
20004
20144
21573
21859
22429
22436
23345
23732
23817
24584
24612
24777
25032
26462
27589
27682
28200
29435
30006
31286
31732
31825
31829
33421
33524
33618
34011
34100
34210
34236
34384
34385
34824
35147
35237
35596
35691
35713
36083
36628
36660
37329
37396
37554
37819
37900
37941
38088
38421
38477
38807
39608
39807
39990
40217
40330
40644
40691
41056
41171
42066
42105
42971
43049
43306
43481
43629
43702
43761
43991
44127
44484
44907
45499
45900
46296
46305
47420
47575
48280
48890
48982
49426
49764
49882
49917
50278
50340
50779
50820
52043
52617
52929
53196
53303
54323
55080
55864
56818
56986
57964
58411
58818
59025
59080
59225
59284
59669
60573
62462
62682
62694
62891
64022
64695
64734
64745
65533
65598
65814
66606
66731
67398
67625
68033
68203
68574
69047
69570
69812
70278
70319
70389
71039
71548
71652
71795
71854
71923
71992
72045
72067
72328
72645
73288
73908
74769
75815
77122
77717
78448
78490
79010
79057
79554
79608
80353
80560
81361
82845
82875
84506
84723
84775
84817
85428
86086
86214
87113
87554
87927
87950
88214
89225
89293
89832
89996
90093
91280
91458
91798
91877
92332
92730
94308
95059
162324
168815
172065
173823
176308
177187
177360
186760
191986
200189
208861
211055
211952
224826
241488
106
990
4648
4720
5735
6812
7540
11265
11683
11730
12154
12859
13616
14114
14163
14473
14839
14940
15372
15782
16174
16241
18219
18223
18300
19002
19617
20120
20343
21093
21444
21892
22143
22304
22563
22740
23324
23580
23750
23778
23804
24211
24649
25382
25545
25679
25897
26338
26521
28140
28207
28566
28990
29532
30159
30919
31119
31423
31551
31942
32131
32135
32525
33031
33401
33497
34906
36245
37332
38112
38459
38506
38907
40588
41067
41888
41906
41975
42229
42363
42480
42506
43872
45054
45253
45407
45429
45665
46560
46932
49501
49556
49666
50836
50919
51831
53116
53612
54265
54279
54285
54388
54585
55196
55791
56122
56307
56465
57331
57475
57768
58047
58425
59074
59484
60019
60627
61081
61450
61750
62244
62252
62333
62647
62676
64028
64926
65648
65902
65915
67198
67371
68752
70292
70853
71014
71861
72136
72174
72967
73005
73293
73702
74157
74246
74548
75404
75927
76849
76952
77537
78802
78844
79589
79740
80154
81321
82473
82870
83095
83174
83771
84300
84660
84853
86508
87151
87162
87246
87584
88179
88843
90003
90874
91318
91368
92140
92829
92937
93375
93686
93691
95001
95329
174319
180418
187430
188621
195976
200217
216931
234960
1215
1230
1710
1995
2547
3509
3866
4271
4323
4491
5703
6580
7228
7527
7758
8092
8140
9223
9508
9772
9841
10030
10808
10863
11413
12048
12342
12690
12753
13288
13763
14151
14975
15532
15636
15948
16634
17046
18496
18969
19276
19508
19813
19924
19986
20019
20229
20505
20688
21013
21083
21946
22245
22406
22448
22462
22737
22872
23295
23969
24351
24802
24858
25392
25412
25631
25675
25952
26016
26406
26630
26693
26968
27057
27114
27432
28089
28751
29019
29251
29287
29968
29988
30185
30523
32152
32440
32821
33047
33098
33342
33414
33736
34015
34157
34191
34549
35027
35080
35159
35205
35346
35389
35846
36042
36237
37760
37791
37915
38228
38259
38617
39027
39223
39258
39373
39728
39756
40082
40490
41044
41523
41652
42188
42218
42597
42887
43206
44140
44397
44625
45853
46032
46349
47036
47373
47627
48034
48052
48356
48503
48585
48754
48897
49186
50004
50226
50244
50838
50848
51347
51945
51967
52649
52897
52922
52956
52994
53085
54366
54393
54562
54978
55268
55359
55425
55915
56559
56808
56922
57606
57670
58389
58530
58895
59145
59340
59585
60051
60866
60900
61042
61973
61974
62945
63047
64146
64639
64828
64968
65152
65234
65379
66087
66313
66472
66474
66558
66946
67515
67663
68267
68885
69466
69496
70794
70885
71004
71198
71475
71655
72066
72304
72595
73637
75245
75335
75688
75956
76066
76198
76388
77406
77454
77485
78356
78460
78803
79260
79690
79721
79756
80928
81120
81841
82505
82639
82858
83455
83852
83920
84132
84408
84513
84655
84901
84931
85472
86080
86122
86181
86306
86608
87566
87882
88477
88995
89131
89382
89597
89609
89864
89879
89954
91360
92851
94072
94519
94857
94875
95105
95315
95673
156334
160605
163856
165037
176483
180214
183485
184420
190141
190952
198377
216240
228051
230127
236163
2165
2938
2976
4414
7768
8465
9211
10364
10587
11938
12365
12385
13112
14094
14177
14185
14268
14313
15219
15344
16593
16972
16979
19320
19412
20058
20149
20393
20455
20832
21215
21488
22501
23418
23909
24557
24732
25510
26039
26226
26425
26505
27696
27776
28329
28335
28445
28618
28658
28722
28896
29025
29517
29577
30128
30173
30313
30421
30757
30768
30910
30945
31373
32589
34691
35376
35407
35466
35525
35543
35589
35715
35780
36446
36499
37418
37561
38090
38113
38248
39323
40468
40577
40976
41499
41657
41681
41965
42527
43261
43291
44044
44929
46272
46675
46796
48119
50849
51121
51308
51376
51642
51924
51966
52259
52991
53309
53638
54340
54450
54741
54812
55426
56074
56132
57195
57212
57732
57900
58103
58726
59026
59570
59880
60395
60493
60552
64605
64675
65030
65646
65697
66072
66386
66843
67978
70508
71723
73379
73791
74190
74262
74970
76560
76827
78064
78720
78743
78890
78920
79237
79317
79397
79995
80761
81250
82062
82082
82225
82676
83262
84163
84233
85362
85384
85658
86824
86827
87204
87943
88778
89111
89209
89951
90678
91956
91997
92005
92414
93030
93574
93592
94270
94516
94910
206446
215191
225487
229294
230461
241076
241593
244920
1556
3298
3441
4116
4316
4567
4919
5688
5754
6427
7645
8360
8459
8711
8959
9172
9243
9311
10735
11689
12196
12362
13110
13358
13377
13520
13636
13734
13742
13817
13857
13898
14083
14175
14278
15018
15748
16510
16587
17145
17223
17493
17564
18743
18746
19527
19724
19732
19747
19962
19989
20334
20582
20584
20727
21029
21163
21174
21308
21310
21812
21858
21885
22086
22479
22711
22766
22963
23350
23854
24047
24218
24311
24930
25023
25521
25928
26101
26143
26235
26419
26494
27157
27299
27575
27844
27850
28586
28638
28683
28817
28847
28859
29326
29652
29963
30460
30749
30864
30884
30904
31479
31698
31968
32097
32261
32554
32954
32995
33017
33483
33526
33562
33685
34868
35193
35502
35684
36106
36118
36119
36276
36521
36769
36828
36926
37125
37270
37477
37518
37549
37628
38393
38501
38695
39085
39412
39634
39833
40024
40274
40396
40451
40559
40618
40686
40787
40932
41059
41314
41445
41617
41621
41751
41981
42367
42492
42502
42557
42731
42862
43182
43450
43833
43885
43921
44068
44376
44544
44545
44583
44600
44884
44965
45082
45307
45532
45773
45806
45908
45926
46173
46492
47023
47534
47719
47746
47759
48530
48606
48956
49020
49581
49892
49958
50446
50469
50664
50971
51645
51770
51931
52213
52279
52794
52817
53130
53266
53281
53320
53432
53500
53619
53924
54057
54852
55572
55612
56148
56462
56946
56988
57229
57371
57692
58124
58212
58284
58468
59723
60119
60142
60496
60869
60898
61263
61325
61479
61830
62000
62324
62667
63183
63346
63697
63896
64891
65678
65950
67228
67436
67897
67959
68826
69137
69384
69977
70053
70113
70316
70391
70974
71029
71187
71450
71811
72461
72586
72713
73331
73666
73671
74006
74236
74257
74945
75388
75471
75830
75947
75965
76260
76297
77252
77872
78935
79405
79913
79999
80096
80279
80569
81646
81668
81715
81776
82327
82626
84229
84532
84846
85724
86265
86351
86760
87187
87243
87266
87309
87729
87767
88105
89278
89540
89566
89969
90288
90487
90999
91910
92304
92344
92692
92974
93291
93602
94147
94537
94933
95017
95688
153471
155999
161116
164973
166042
175559
176474
177000
180331
180389
185976
187933
190725
191402
201358
201875
209011
211051
211405
212952
216166
221715
224191
229267
230985
232026
233174
240950
245721
225
1480
3263
3650
5071
7001
7171
8113
8803
9615
10262
11109
11844
12148
12523
12664
12870
14098
14467
14656
14825
15875
16353
17022
17910
18074
18107
18388
18646
18846
19631
19666
19711
19733
19841
19861
20414
20433
21801
21891
22342
22358
22467
23083
23114
23239
23773
23829
24522
24737
24898
24995
27480
27916
28581
28794
29033
29160
29255
29358
29414
29421
29878
30027
30310
30345
31003
31207
31538
32026
32455
32488
32493
32560
32712
33118
33244
33913
33935
34174
34591
35041
36200
36328
36469
36519
36575
37132
38489
39184
39355
39610
39852
40579
40689
40983
41148
41206
41256
41327
41493
41843
43574
44228
44456
44800
45932
46149
46670
47074
47107
47362
47492
47707
48664
50453
50750
51481
52218
52485
52885
53153
53532
53881
54250
54580
54850
55320
55322
55703
55778
56351
56785
56984
57769
57808
57994
59038
59240
59244
59586
59590
59730
60140
60194
60311
60646
61262
61875
62135
62379
63005
64042
64245
65491
65644
65759
65898
67388
68667
68912
68935
69509
69641
69645
69883
70152
70317
70446
70645
71238
71327
71597
71853
72086
72357
72435
72631
72837
73195
73377
73640
73846
76392
76620
77987
78025
80160
80657
80952
81637
82212
82390
82950
83565
83992
84306
84721
84919
85586
86147
86452
88273
88391
88541
89041
89076
89336
89537
89539
89993
90175
90791
91325
92691
92818
93400
93674
94756
94870
95212
95689
159816
165923
174367
187164
188121
190657
193400
199841
205931
208207
209813
213887
217100
218362
224717
230501
238561
1169
2633
2694
3735
3834
5464
5539
5660
6410
6504
6785
7104
7488
8398
9098
9413
9436
9745
10294
10329
10414
10554
10559
10914
11997
12377
12473
12979
13217
13547
13591
14000
15342
15536
15971
16026
16314
16591
17322
17331
17819
18171
18187
18210
18345
18410
18736
19521
20784
20845
21087
21524
22176
22775
22862
23244
23434
23594
23722
24055
24142
24413
24952
25435
25511
26041
26705
27095
27605
27648
27856
28044
28085
28157
28236
28756
28863
29057
29439
29526
30024
30475
30874
31203
31368
31772
31833
32218
32271
32452
32660
32765
32781
32945
32953
33010
33131
33611
33647
33787
33903
34023
34029
34113
34182
34366
34506
34614
34643
34841
34908
35187
35287
35615
35765
35782
35813
35988
36123
36648
36662
36967
37111
37283
37304
38006
38814
39012
39061
39187
39237
39282
39463
39503
39707
39879
40409
40512
40839
41061
41114
41541
41794
41951
42661
42872
43012
43052
43062
43177
43433
43684
43742
44049
44147
44442
44548
44628
45173
45315
45406
45485
45560
45676
45946
46263
46428
46441
46445
46689
46902
47188
47204
47399
47479
47524
47855
47883
48468
48663
48954
49008
49928
50530
50611
50622
51033
51039
51072
51283
51489
51526
51878
51900
52027
52158
52507
52767
52923
52938
53050
53249
53363
53613
53744
53891
54148
54495
54993
55021
55025
55124
55125
55129
55186
55281
55315
56252
56392
56512
56639
57139
57227
57337
57471
57745
57945
58173
58239
58731
58742
58769
59341
59362
59691
60050
60300
60425
61066
61072
61120
61221
61316
61335
61340
61391
63138
63373
63549
63551
63824
64073
64145
64428
64476
64491
64835
64953
65059
65328
65514
65582
65772
65783
66069
66108
66377
66811
66908
67482
68299
68313
68772
68883
69070
69078
69262
69815
71220
71282
71512
71786
71958
72754
72772
73036
73140
73272
73707
73775
74081
74083
74581
75639
76263
76345
76359
76385
76545
76679
77283
78464
78475
78823
78969
79110
79268
79435
79513
79693
79918
80481
80842
80846
81022
81938
82192
82349
82365
82434
82804
83152
83157
83560
83602
84275
85144
85408
85849
86210
86324
86330
86338
86653
86799
86804
87049
87106
87128
87142
87262
88576
88929
89092
89231
89301
89328
89909
89945
90019
90820
90894
91007
91114
91137
92308
92501
92614
92845
92930
93376
93877
94130
94379
94814
95251
95430
95544
154074
157958
164419
164465
165408
165472
172583
172981
174258
175286
177803
178229
178420
179051
179839
181476
182237
183617
185096
188459
190288
199249
199296
206882
212743
217866
231332
233402
237579
99
223
872
1935
2345
2650
3021
5131
6783
7045
7126
7760
7967
8342
8971
9279
9292
9493
10463
11010
11307
11385
12051
12429
12728
13464
13499
14676
15108
15375
16146
16172
16784
16844
17148
17221
17339
17681
17950
18237
18239
18504
18589
19353
19379
19487
19792
20056
20304
20381
20972
21015
21590
22023
22047
22251
22560
22950
23260
23284
23346
23372
24146
24383
24420
24629
25099
25363
26053
26772
26922
27458
27538
27699
27706
27955
27959
28451
28585
28623
28626
28772
28778
28841
28842
29348
29479
29511
30186
30645
30649
30879
30923
30946
31275
31434
31730
31909
31980
32040
32333
32601
32681
32785
33007
33355
33704
33940
34072
35011
35235
35481
36322
36404
37337
37367
38065
38301
38854
39040
39346
39726
39831
39985
40201
40575
40702
41423
41804
42109
42628
42787
43029
43041
43459
43621
43795
43896
44284
44556
44569
44779
45421
45488
47016
47172
48279
48526
48792
48859
48862
49181
49442
50010
51161
51926
52131
52178
52736
52862
53002
53277
53290
53539
54217
54221
54255
54603
54620
55117
55135
55214
55370
56393
56930
56959
57070
57328
57436
57890
57918
58454
58467
58780
58917
59115
59329
60274
60360
61950
62028
62774
63095
63208
63569
63603
64077
64876
65367
65804
65806
65944
65964
66308
66563
67519
67773
68560
68615
69033
69219
69353
69540
69796
70510
70912
71173
72130
72204
72415
72812
73442
73699
73783
74089
74191
74197
74333
75515
76100
77424
77737
78000
78235
78416
78489
78526
78717
78797
79800
80078
80295
80644
80701
80883
81527
81754
81995
82126
82944
83113
83441
83597
83822
84284
84373
84398
84624
85739
86457
86533
86579
86924
86999
87270
87870
87928
88297
88554
88650
88879
89449
89495
89720
90159
90416
91559
92660
92689
92926
93449
93932
93964
94138
94692
157470
158408
161854
179093
181937
190953
192709
199587
204457
205977
213414
231139
236802
237114
241853
844
1832
2030
2290
4032
4192
5047
5205
5209
5695
5986
6050
6190
6417
7013
7804
7952
7983
8073
8314
8741
8787
8788
9271
9379
9474
10005
10091
10354
10441
11266
11874
12336
12920
13027
13289
13297
13350
14075
14635
14814
15150
15326
16452
17474
17580
18024
18302
18642
18833
19408
19410
19520
19764
20140
20268
20475
20854
21052
21139
21758
22391
22553
22590
23202
23267
23809
24033
24274
24496
24533
25134
25214
25355
25577
26042
26110
26294
26452
26497
26873
26879
26987
27110
27216
27217
27231
27658
28010
28172
28221
28426
28902
29230
29598
29789
29897
30249
30493
30535
31272
31318
31475
31544
31650
32428
32550
32731
32823
33183
33522
33555
33715
33773
33816
34343
34542
34654
34992
35188
35263
35692
36003
36424
36443
36596
36873
37121
37469
37658
37673
37689
37716
38029
38184
38555
38609
38692
38760
38945
39322
39454
39529
39965
40142
40299
40301
40304
40907
41000
41294
41669
41687
41745
41771
42352
42404
42935
43011
43079
43680
44390
44534
44554
44559
44773
45126
45671
45957
46618
47760
47794
47842
48071
48454
48548
48675
48714
48785
49244
49848
50287
50553
50556
50581
50782
50822
50844
50880
50923
51093
51426
51691
52185
52323
52412
52814
52859
53102
53401
53606
53675
54094
54224
54381
54535
54536
54831
54840
54998
55503
55573
55640
55747
55852
56486
56590
56714
56741
56969
57008
57207
57248
57355
57572
57672
57711
57714
57763
57818
58075
58451
58681
58879
59059
59441
59578
59962
59990
60048
60158
60403
60610
60638
60870
61363
61389
61442
62151
62256
62321
62442
62543
62689
62871
63257
63400
63727
63793
63845
64207
64211
64477
64883
64945
64951
65141
65419
65452
65527
65592
65649
65833
65918
65961
66003
66006
66048
66323
66555
66582
66717
66768
67121
67226
67382
67399
67475
67525
67792
68181
68192
68408
68506
69102
69243
69458
69653
69945
70034
70928
71127
71228
71240
71477
71556
71584
72007
72987
73034
73046
73051
73218
73458
73496
73508
73619
74525
74604
75519
75549
76086
76145
76258
76274
76310
76673
76878
77048
77169
77220
77546
77769
78075
78124
78283
78359
78845
79248
79322
79894
80053
80298
80431
81103
81112
81383
81658
81798
81816
82286
82301
82439
82493
82814
83072
83219
83245
83700
83839
84169
84484
84536
84727
84892
85381
87172
87639
88121
88181
88701
88872
88917
88965
89181
89505
90082
91396
91623
92185
92264
92652
92813
93044
93399
94118
94318
94432
94472
95038
95111
95114
95655
153089
155837
156229
159896
162282
162912
164168
173448
175032
175959
176431
176906
179403
180621
180705
181431
182526
182950
183849
187652
187972
189743
193563
194210
197245
198096
199700
200187
201127
201404
206663
208707
213338
217423
217837
218010
218043
218112
223390
225237
225496
225802
229844
231093
233221
235879
236216
239941
241387
242116
2601
2776
3321
4015
4078
4369
4636
4843
4855
5631
6074
6351
8171
8186
8628
9324
9480
9681
9960
9998
10106
11006
11111
11696
11911
11943
12387
12704
13063
13328
13419
13561
14229
15157
15526
15768
15926
16076
16319
16771
16961
17321
17398
17513
17753
17869
18178
18450
18807
18831
19004
19246
19340
19449
19461
19623
19719
19725
19889
20088
20436
20879
20924
21424
21478
21511
21544
21630
21872
21953
22053
22209
22277
22692
22925
22929
23003
23254
23275
23351
23452
23517
23678
23706
23846
24015
24308
24327
24655
24667
24986
25287
25729
25753
26036
26609
26792
26842
26914
27291
27401
27649
27765
27846
27877
27908
28169
28226
28536
28552
28597
28866
28984
29187
29188
29216
29451
29607
29647
29992
30001
30239
30444
31022
31229
31563
31759
32042
32177
32999
33246
33450
33474
33602
33631
33792
34389
34668
34671
34682
34977
35175
35320
35329
35831
36009
36032
36506
36640
36991
37028
37322
37654
37741
38166
38258
38543
38568
38833
38936
39511
39835
39859
39868
40107
40515
40761
40914
41254
41495
42331
42972
43183
43352
43436
44002
44087
44319
44565
44824
45131
45198
45669
45822
46195
46393
46465
46497
46864
47003
47130
47213
47753
47797
47994
48041
48225
48430
48901
49239
49580
49592
49905
50078
50084
50589
50639
50795
51488
51581
52024
52372
52446
52516
52575
52734
52802
53171
53991
54391
54538
54686
54786
55314
55361
55435
55578
56006
56092
56416
56644
56670
56753
56807
56872
57463
57935
58115
58203
58463
58543
58916
58927
58930
59009
59015
59207
59320
59500
59714
59760
59877
60325
60746
60857
60912
61207
61245
61509
61789
62088
62180
62292
62796
63659
63730
63910
64043
64288
64773
64784
64810
64948
65401
65463
65588
65604
65858
66095
66455
66471
66718
66735
66842
67093
67638
68121
68161
68175
68188
68617
68634
68654
68991
69010
69116
69130
69361
69875
70038
70402
71023
71040
71139
71192
71461
72351
73171
73405
73425
73719
73764
73867
74864
74875
75409
76312
76314
76622
76961
77192
77651
77672
77720
77739
77841
78949
78984
78994
79783
79799
79832
80069
80586
81844
81890
81923
81977
81982
82159
82320
82837
83842
84040
85056
85400
85470
85523
85973
86149
86298
86703
86711
86840
87124
87338
87605
87727
88249
88622
89012
89406
89704
90072
90461
90646
90890
91307
91851
91880
91905
92137
92876
92958
93040
93315
93952
94033
94064
94082
94338
94391
94787
94990
95540
96196
171812
173386
177885
179418
183264
198246
203871
209619
217632
224072
227936
230904
239567
240656
243394
699
1031
1571
1869
2722
2802
3249
3432
3472
3881
3954
4141
4355
4457
5431
5451
5540
5923
6514
6685
7279
7352
8367
8943
9068
9200
9674
9725
10216
10427
11165
11262
11793
11864
12056
12137
12845
13012
13208
13916
14440
14465
14915
14987
15054
15404
15453
15880
16101
16112
16124
16205
16260
16886
16930
16934
16937
17174
17625
17695
18277
18350
18874
19017
19224
19240
19280
19469
19625
19663
19806
19866
20416
20524
20841
20909
20991
21023
21089
21170
21226
21288
21750
21940
21973
22231
22289
22439
22814
22864
23727
24000
24073
24396
24570
24597
24627
24640
24973
25065
25093
25408
25995
26175
26202
26234
26239
26583
26734
26810
27186
27319
27453
27611
27698
27894
27993
28034
28080
28138
28232
28805
28825
28865
28997
29032
29087
29400
29578
29930
29989
30009
30080
30255
30268
30443
30467
30529
30563
30680
30766
30778
30808
30833
31041
31642
31876
31900
32062
32140
32308
32386
32581
32813
32986
32994
33375
33390
33525
33584
33810
33844
34059
34149
34176
34257
34289
34309
34371
34557
34973
34999
35006
35142
35360
35370
35397
35818
35875
35933
35981
36013
36246
36938
37020
37056
37294
37333
37665
37690
37813
37826
38089
38147
38209
38376
38500
38725
39007
39071
39485
39569
39572
39576
39600
39717
39809
39886
40000
40287
40601
41177
41199
41261
41311
41413
41455
41616
41768
41924
41978
42585
42614
42850
42932
43123
43184
43193
43597
43949
44269
44329
44414
44524
44760
44813
44886
44940
45657
45801
45910
46095
46126
46199
46236
46694
46846
46934
46952
47086
47116
47475
47597
47603
47617
47945
48040
48074
48646
49205
49520
49555
49630
49681
49743
49852
49916
49966
50018
50111
50163
50223
50327
50485
50547
50585
50591
50682
50740
50865
50996
51133
51264
51573
51775
52003
52288
52347
52475
52558
52634
52855
52939
53086
53146
53420
53645
53754
53822
53846
53898
54088
54510
54726
55001
55195
55209
55500
55727
55783
56189
56774
56965
57061
57214
57315
57547
57554
57778
57914
58152
58323
58327
58589
58675
58692
59055
59141
59646
59832
59956
60148
60251
60280
60474
60491
61179
61453
61484
61506
61693
61717
61720
62003
62226
62250
62380
62519
62640
62808
63236
63244
63319
63541
63905
64439
64486
64558
64735
65256
66136
66239
66358
66618
66676
66730
67156
67366
67422
67562
67585
67802
68060
68229
68532
68626
68689
68981
69117
69519
69814
69828
70074
70166
70385
70642
70649
70718
70944
70982
71595
71617
71756
71774
71838
72042
72532
72742
73053
73161
73464
73623
73911
74045
74100
74185
74240
74280
74390
74657
74889
74934
75123
75197
75535
75620
75759
75832
75893
75964
76007
76295
76557
76658
76888
77092
77364
77607
77664
77698
77805
78336
78515
79220
79286
79490
79494
79557
79850
80110
80261
80314
80656
80835
81325
81708
81720
82287
82461
82605
82860
82989
83056
83077
83106
83246
84150
84195
84218
84352
84439
84476
84494
84500
84592
84640
84941
85033
85126
85476
86166
86280
86664
86856
86913
86975
86981
87351
87392
87397
87464
87513
87579
87781
88032
88042
88311
88398
88547
88841
88858
88942
88986
89015
89166
89273
89648
90033
90074
90122
90144
90256
90411
90908
91126
91139
91345
91740
91866
91903
92870
92943
93589
93962
94008
94266
94344
94360
94448
94645
94757
94763
94967
95063
95192
95319
95348
95381
95461
95707
151207
153761
155487
156029
156856
157486
158198
158317
159275
160174
160624
161371
161931
162691
162993
169133
172044
173688
173896
176013
176316
176966
177838
181480
181488
181685
182819
182877
184035
184824
185168
185406
191693
192233
192596
194121
195172
197633
199546
202238
204228
204536
206077
212681
213695
215464
216638
221306
221684
223043
223953
224465
225935
226347
230269
230508
231249
232940
233737
234570
236737
237289
239632
240675
240740
243798
243935
244451
110
934
1862
2045
2310
2555
2613
2667
2745
2779
3887
4086
4090
4269
4446
4529
4708
4824
5002
5240
5796
5912
6141
7348
7412
7548
7670
7887
8039
8447
8700
8878
8956
9004
9065
9088
9107
9285
9746
9837
9948
10489
10769
11233
11339
11367
12165
12310
12375
12651
12797
12918
13191
13222
13450
13592
14085
14533
14659
14764
15035
15088
15231
15333
15418
15516
15577
15613
15923
16140
16280
16291
16306
16323
16340
16453
16703
16818
17060
17132
17229
17346
17669
17974
18088
18142
18158
18222
18409
18439
18493
18558
18706
18809
19242
19491
19509
19552
19638
19677
20018
20029
20126
20135
20514
20626
20652
20794
20954
20968
21110
21289
21302
21336
21401
21548
21591
21614
21698
21791
21796
22348
22604
22717
22767
22856
22918
23000
23223
23291
23413
23738
23928
23948
24140
24166
24176
24226
24267
24364
24424
24497
24636
24931
25201
25206
25374
25463
26138
26152
26428
26702
26740
27070
27295
27523
27531
27685
27973
27998
28015
28122
28502
28549
28574
28650
28773
29215
29767
29777
29802
29959
30323
30332
30408
30510
30572
30614
30804
30955
31189
31221
31223
31258
31300
31381
31393
31427
31465
31477
31603
31611
31646
31748
31805
32319
32479
32592
32602
32709
32896
32932
32988
33033
33124
33398
33471
33572
33590
33637
33997
34006
34040
34050
34200
34242
34288
34787
34916
34968
34990
35017
35197
35677
35789
35963
36239
36244
36356
36366
36436
36841
36881
36961
37023
37142
37360
37403
37585
37696
37737
37963
38137
38239
38257
38432
38509
38863
38883
39068
39234
39245
39364
39508
39514
40073
40102
40110
40135
40227
40268
40345
40353
40386
40404
41208
41231
41655
41701
41823
42062
42290
42299
42768
42842
43055
43074
43272
43505
43700
43806
43893
43895
44009
44109
44372
44622
44833
44894
45004
45154
45232
45238
45274
45297
45502
45788
45848
45970
46337
46454
46973
47062
47234
47357
47539
47732
47822
47893
47939
48039
48044
48371
48444
48759
48773
48786
49197
49500
49578
49640
49698
49773
49834
50014
50309
50376
50915
51145
51243
51340
51405
51692
51862
51933
52129
52604
52658
52673
52722
52884
52900
52946
53187
53246
53404
53418
53459
53621
53718
53798
53859
53926
53968
53970
53998
54043
54258
54403
54504
54532
54627
54781
54992
55438
55439
55499
55719
55806
55827
55997
56082
56271
56326
56332
56430
56475
56478
56578
56672
56784
57013
57074
57089
57317
57759
57797
57864
57939
57982
58126
58381
58476
58520
58556
58688
58704
58709
58905
58938
59100
59168
59215
59252
59296
59465
59477
59631
59805
59833
59851
59959
60101
60339
60434
60450
60451
60520
60594
60733
60757
60796
60821
61063
61078
61097
61219
61280
61464
61608
61948
61984
62084
62165
62287
62296
62307
62326
62545
62610
62768
62790
62805
62809
62883
63040
63110
63327
63369
63523
63841
64170
64224
64632
64654
64908
65004
65048
65082
65276
65285
65298
65336
65442
65743
66132
66148
66155
66209
66544
66561
66660
66775
66897
67182
67627
67783
67944
68146
68219
68345
68534
68631
68635
68636
68647
68701
68874
69013
69060
69235
69447
69452
69723
69769
69837
69913
69924
70072
70173
70349
70502
70577
70976
70998
71087
71103
71162
71384
71632
71689
71696
71744
71900
72048
72062
72092
72381
72413
72513
72571
72630
72650
72672
72707
73018
73238
73298
73311
73317
73583
73705
73710
73722
74025
74107
74135
74325
74496
74536
74609
74731
74813
75258
75375
75396
75483
75537
75716
75936
75969
76354
76371
76511
76555
76778
76984
77411
78106
78156
78364
78425
78838
78964
79113
79233
79246
79283
79346
79552
79695
79851
79968
80162
80442
80901
81021
81402
81624
81634
81694
81728
81819
82241
82378
82509
82546
82705
82913
82931
83020
83064
83418
83457
83530
83910
84103
84174
84348
84350
84353
85146
85376
85409
85575
86087
86294
86688
86707
86776
87321
87334
87343
87376
87405
87474
87807
87936
88373
88661
88971
88975
89043
89058
89085
89088
89227
89235
90385
90619
90973
91010
91034
91066
91405
91406
91418
91652
91738
91767
91826
92024
92029
92718
92803
93007
93256
93541
93653
93676
93742
93775
93855
93916
94023
94203
94527
94618
94774
94798
95579
99077
153926
157993
165473
169898
171499
177654
186903
187163
188204
191229
192580
193890
199088
199096
201365
202681
204205
208489
210719
211249
211741
216059
216213
219263
219269
226185
228820
231151
239526
239724
240976
244156
2057
2254
2436
2701
2749
2826
2882
3647
3709
3863
4253
5080
5276
5512
5804
6360
6623
6832
6861
7121
7163
8036
8296
8372
8539
9134
9244
9521
9754
9843
10001
10295
10405
10493
11113
11157
11172
11234
11260
11430
11578
11588
11765
12324
12758
12903
12907
12949
13155
13564
13748
13896
14180
14323
14613
14978
15282
15593
15614
15744
16085
16862
17016
17135
17212
17224
17412
17634
17712
18106
18319
18726
18849
19192
19283
19296
19420
19430
19493
19702
19885
20217
20437
20702
20761
20846
20916
21074
21109
21145
21842
22046
22443
22514
22642
22991
23364
23365
23426
23559
23821
23919
24077
24085
24352
24374
24601
25131
25225
25318
25326
25536
25684
25832
26094
26161
26218
26506
26574
26708
26761
27120
27126
27268
27383
27494
27556
27762
27763
27779
28344
28468
28526
28598
28625
28661
28872
28910
29364
29623
30040
30042
30232
30548
30668
31100
31181
31397
31483
31531
31535
31693
31749
32231
32385
32457
32629
32715
32747
33267
33470
33558
33666
33716
33849
33860
34058
34086
34486
34515
35058
35307
35421
35436
35654
35847
35921
36062
36138
36393
36658
36900
36998
37178
37485
37542
37572
37889
37985
38071
38141
38211
38420
38576
38624
38660
39016
39157
39362
39387
39435
39466
40034
40155
40332
40343
40591
40887
41086
41128
41317
41920
42082
42381
42459
42687
42979
42993
43569
43745
44004
44042
44128
44404
44700
44708
44744
44799
44838
44903
44969
45103
45124
45208
45211
45262
45503
45591
45638
45643
45667
45871
46078
46169
46321
46341
46580
46903
47254
47319
47417
47444
47448
47477
47655
47796
47804
47933
47977
48125
48138
48287
48452
48686
48751
48987
49398
49405
49476
49604
49629
49671
49700
49720
49891
50150
50266
50270
50618
50835
50907
51065
51116
51305
51427
51435
51547
51638
51640
51680
51729
51742
51855
52015
52130
52176
52200
52321
52444
52463
52518
52572
52641
52655
52666
52841
52901
53021
53045
53095
53261
53368
53474
53526
53799
53867
53878
53903
53952
53969
54033
54052
54157
54306
54518
54653
54792
54914
55015
55167
55261
55335
55550
55644
55790
55838
55876
56206
56301
56308
56472
56623
56662
56791
56852
56867
56910
57038
57110
57112
57178
57256
57320
57354
57488
57530
57609
57619
57698
57932
57943
58024
58034
58157
58210
58233
58257
58274
58412
58626
58700
58781
58807
58843
58984
58999
59172
59234
59315
59513
59606
59637
59642
59738
59897
59908
59994
60074
60111
60156
60182
60254
60388
60424
60578
60772
60780
61149
61261
61405
61604
61711
61741
62181
62477
62672
62711
62723
62767
62773
62868
62886
62907
63015
63156
63161
63489
63579
63714
63746
63877
63997
64015
64120
64556
64867
64928
65039
65060
65196
65396
65423
65478
65480
65587
65601
65736
65889
66008
66089
66140
66170
66184
66231
66293
66346
66369
66607
66671
66773
66826
66907
67496
67591
68006
68202
68254
68579
68862
68865
69001
69126
69136
69156
69431
69736
69842
69928
70059
70112
70116
70299
70624
70698
70712
70960
71216
71321
71380
71519
71610
71615
71663
71865
71930
71976
72069
72100
72210
72289
72409
72637
72697
72950
72984
73085
73087
73267
73271
73279
73664
74626
74837
74902
74937
75164
75312
75503
75545
75714
75881
75905
76013
76361
76500
76697
76793
76901
76912
77167
77209
77512
77920
78018
78282
78289
78333
78567
78600
79016
79359
79485
79526
79577
79870
80050
80230
80338
80542
80554
80610
80620
80836
81077
81093
81236
81284
81432
82417
82573
82601
82643
82743
83078
83248
83343
83434
83576
83609
83838
83841
83855
83956
84076
84092
84200
84269
84650
84926
84928
85327
86057
86209
86274
86385
86505
86511
86616
86714
86987
87054
87097
87362
87379
87422
87586
87673
87741
87789
87808
88073
88266
88465
88481
89440
89586
89666
89696
90262
90337
91470
91577
91596
91627
91659
92237
92429
92434
92732
92795
93419
93612
93863
93900
94019
94037
94104
94151
94165
94200
94239
94580
94683
94760
94866
94943
94960
95123
95389
95465
95566
95623
150728
152655
152738
153611
154420
156102
156740
156893
157034
157364
160668
161305
161398
162462
163003
163275
164790
165319
166842
167534
168879
169247
171318
171453
171832
172306
175632
176689
177034
177218
180900
181109
181110
182220
182779
183115
184057
184322
185194
185766
186047
188988
190161
190694
191994
193064
193844
194166
194175
197935
198134
199490
201854
202003
202028
204291
204910
204976
205057
208142
209130
209190
211461
212193
212523
214893
214962
215838
217385
217798
220761
221544
222716
223607
224479
225495
225588
227743
228521
229475
229748
230331
230435
230595
231236
234458
236116
236218
236633
236926
240052
241591
242191
245682
246350
195
230
1125
1279
2223
2710
3398
3483
3649
3775
3909
4080
4248
4353
4445
4606
4642
4991
5641
5929
6017
6445
6583
7074
7404
7507
7546
7562
7669
7680
7845
8137
8184
8480
8595
8777
8929
8945
9018
9270
9303
9346
9374
9459
9503
9565
9642
9752
9994
9999
10235
10305
10404
10482
10507
10704
10778
10857
10865
10989
11232
11322
11770
12011
12021
12050
12231
12247
12286
12299
12326
12345
12356
12392
12420
12772
13003
13116
13122
13148
13196
13237
13285
13363
13508
13671
13692
13693
14074
14383
14509
14534
14614
14741
14743
14780
15067
15075
15097
15122
15200
15364
15434
15496
15687
15703
15897
16027
16117
16125
16373
16430
16440
16443
16448
16509
16538
16586
16600
16720
16770
16960
17089
17489
17577
17584
17597
17666
17909
17926
17929
18087
18094
18143
18192
18202
18305
18467
18537
18538
18619
18653
18840
18949
19061
19157
19205
19254
19299
19341
19358
19406
19529
19695
19848
19944
20016
20059
20109
20111
20267
20356
20373
20387
20411
20419
20516
20546
20587
20660
20820
20844
20913
20945
21037
21056
21099
21141
21176
21184
21334
21373
21443
21456
21595
21632
21652
21690
21691
21695
21768
21896
21957
22006
22087
22135
22138
22181
22214
22298
22351
22409
22452
22480
22529
22537
22641
22817
22870
22901
22944
22979
23067
23093
23096
23195
23208
23211
23274
23369
23500
23553
23630
23675
23679
23720
23730
23792
23827
23892
23918
23940
24026
24134
24148
24165
24192
24235
24257
24409
24416
24446
24493
24539
24661
24808
24836
25010
25042
25313
25348
25361
25462
25542
25739
25945
25959
25964
26075
26373
26396
26508
26541
26557
26582
26596
26646
26707
26717
26831
26897
26925
26949
26981
27125
27156
27181
27418
27442
27563
27657
27791
27849
27902
27918
27947
27956
28030
28052
28059
28084
28174
28193
28284
28294
28330
28464
28679
28815
28827
28840
28876
28927
28939
28963
29056
29061
29167
29199
29238
29339
29340
29394
29601
29627
29662
29685
29688
29698
29700
29747
29805
29856
29919
30008
30028
30117
30284
30404
30453
30479
30542
30850
30993
31014
31135
31152
31260
31284
31296
31522
31623
31666
31683
31791
31837
31871
31983
32054
32166
32168
32220
32263
32272
32285
32311
32358
32411
32423
32517
32540
32573
32617
32620
32642
32647
32795
32816
32818
32824
32841
32874
32875
32927
33001
33152
33178
33443
33457
33552
33554
33576
33749
33856
33912
34054
34166
34249
34307
34633
34652
34662
34688
34690
34962
35342
35349
35351
35406
35456
35461
35509
35528
35717
35739
35769
35772
35798
35863
35897
35943
35961
36075
36150
36207
36288
36339
36359
36361
36452
36541
36545
36614
36820
36870
36935
36980
37086
37119
37151
37236
37274
37316
37343
37377
37445
37504
37608
37677
37755
37864
37920
37957
38185
38251
38280
38284
38288
38371
38422
38657
38720
38758
38761
38777
38876
39030
39031
39039
39115
39140
39311
39321
39368
39430
39452
39465
39488
39594
39609
39620
39659
39694
39702
39742
39774
39890
39948
39954
40056
40116
40307
40341
40344
40417
40465
40572
40641
40678
40679
40811
40836
40863
40966
41025
41102
41247
41258
41336
41447
41472
41505
41507
41567
41729
41770
41780
41798
41803
41835
41839
41879
41903
41913
41934
42011
42045
42060
42138
42360
42407
42462
42516
42612
42623
42649
42677
42800
42924
42992
43214
43246
43253
43322
43385
43431
43504
43588
43626
43767
43775
44077
44178
44184
44259
44351
44425
44455
44465
44783
44893
44942
44946
44979
45183
45193
45218
45231
45320
45378
45425
45615
45637
45700
45703
45723
45725
45802
45812
45905
45960
45979
46104
46134
46171
46239
46268
46397
46403
46444
46489
46491
46503
46523
46536
46620
46623
46716
46720
46828
46862
46889
46938
46978
47006
47108
47158
47222
47262
47275
47315
47316
47345
47358
47388
47398
47433
47494
47497
47629
47659
47825
47879
47882
47979
48024
48053
48134
48164
48269
48271
48303
48319
48340
48437
48450
48500
48572
48576
48591
48681
48693
48700
48715
48730
48847
48911
48926
49093
49176
49217
49318
49338
49362
49369
49491
49497
49554
49714
49748
49807
49837
49842
49883
49933
50005
50028
50093
50153
50158
50265
50301
50558
50577
50612
50805
50858
50992
51071
51147
51325
51360
51362
51388
51432
51740
51851
51876
51974
52328
52329
52392
52413
52479
52588
52698
52711
52843
52980
53215
53419
53438
53556
53588
53622
53721
53790
53905
53981
54022
54078
54166
54233
54305
54416
54513
54517
54704
54752
54764
54774
54809
55010
55172
55188
55325
55406
55416
55507
55545
55692
55782
55853
55870
55969
56169
56227
56363
56419
56452
56543
56602
56603
56773
56848
56855
56963
57036
57094
57148
57181
57199
57284
57289
57290
57399
57421
57526
57545
57548
57584
57603
57604
57831
57876
57904
57906
57960
58013
58027
58062
58098
58139
58225
58342
58352
58359
58576
58705
58763
58955
58978
59060
59062
59201
59242
59288
59494
59508
59676
59692
59725
59792
59854
59950
59995
60057
60071
60086
60137
60218
60226
60248
60285
60304
60353
60466
60471
60614
60622
60828
60845
60847
60850
60916
61000
61211
61267
61323
61432
61447
61634
61665
61694
61806
61936
61990
62004
62062
62126
62157
62184
62218
62228
62279
62348
62359
62375
62409
62413
62415
62490
62518
62587
62588
62619
62624
62631
62753
62875
62893
62970
62997
63029
63030
63065
63096
63101
63128
63200
63333
63487
63534
63604
63646
63703
63796
63805
63834
63901
63940
63956
63993
64001
64009
64049
64161
64233
64303
64404
64413
64583
64617
64701
64715
64738
64825
64886
64920
64966
65026
65137
65174
65262
65306
65374
65481
65482
65517
65580
65599
65662
65705
65726
65786
65818
65955
65991
66049
66163
66175
66245
66309
66327
66381
66418
66435
66479
66483
66490
66507
66540
66598
66640
66722
66992
67091
67128
67206
67247
67390
67505
67534
67731
67786
67895
67912
67979
67990
68021
68073
68124
68214
68238
68261
68417
68461
68498
68507
68547
68774
68816
68870
69181
69195
69223
69246
69410
69424
69482
69721
69779
69847
69927
69963
70008
70020
70066
70121
70169
70225
70323
70420
70458
70470
70537
70822
70896
70904
70905
70969
71089
71150
71177
71368
71436
71437
71452
71527
71612
71622
71792
71902
71926
71982
71986
72060
72119
72128
72220
72221
72232
72317
72319
72370
72372
72696
72762
72763
72860
72983
73150
73196
73223
73337
73445
73491
73635
73727
73906
73955
73971
73989
74036
74103
74116
74170
74223
74326
74387
74407
74566
74579
74722
74763
74765
74770
74841
75028
75110
75124
75208
75211
75294
75488
75603
75722
75782
75818
75873
76170
76254
76452
76768
76788
76969
77326
77360
77879
77898
77899
77935
78032
78059
78108
78128
78140
78193
78338
78380
78452
78471
78546
78642
78683
78851
78997
79081
79201
79218
79226
79274
79329
79549
79578
79597
79615
79674
79791
80065
80077
80391
80472
80482
80500
80758
80861
80875
80945
80950
80991
80995
81012
81141
81155
81273
81293
81337
81339
81403
81412
81428
81440
81970
82142
82166
82177
82293
82306
82400
82494
82723
82833
82945
82947
82949
82997
83011
83034
83035
83062
83234
83309
83327
83345
83356
83422
83449
83474
83495
83527
83551
83617
83800
83877
83908
83915
83951
84001
84038
84063
84074
84116
84148
84184
84255
84397
84498
84575
84659
84730
84809
84923
84949
84992
85181
85241
85292
85298
85302
85334
85414
85444
85873
85876
85895
86001
86063
86098
86176
86287
86316
86370
86371
86518
86520
86569
86618
86630
86716
86791
86864
87059
87068
87069
87072
87104
87235
87305
87306
87384
87614
87679
87694
87757
87809
87816
87978
88007
88047
88099
88153
88196
88221
88239
88247
88289
88413
88443
88490
88500
88563
88566
88577
88620
88654
88742
88851
88997
89229
89240
89242
89325
89333
89356
89701
89816
89861
89942
89974
90006
90007
90008
90060
90230
90241
90242
90405
90439
90537
90560
90648
90744
90821
90943
90944
91005
91061
91067
91315
91379
91419
91471
91539
91726
91747
91869
91966
91970
92016
92093
92167
92211
92230
92247
92582
92632
92663
92681
92854
92966
93097
93250
93436
93447
93448
93494
93526
93542
93558
93590
93598
93637
93641
93642
93731
93861
93874
93945
94075
94207
94374
94437
94458
94496
94504
94535
94558
94564
94642
94653
95089
95109
95160
95184
95229
95275
95350
95427
95500
95605
95651
95664
95696
95824
95872
96729
98010
98287
101719
115395
123182
148870
148883
154688
155943
158391
158523
161737
163647
164661
165750
166975
167409
168892
169100
170208
170324
170449
172800
174347
176082
176499
178490
178499
178682
180685
182317
183516
184890
184997
185365
185668
185763
186121
186188
186555
187839
188036
188902
189638
190149
190634
191551
195080
195290
195568
197119
197175
197249
197978
198227
198560
199246
200401
203580
205819
206546
206814
207697
208436
208709
210102
211197
211587
212120
212434
212992
213662
215056
215180
216164
216602
217634
220014
220168
221230
221402
222276
223132
224024
224236
225049
226366
226369
227156
228744
229855
230093
230513
231064
233075
233640
234916
235022
238809
241474
242540
242813
244315
244411
244441
245320
245611
1069
1084
1408
1444
1464
3027
3587
3948
3987
4705
5118
5155
5172
5333
5848
6431
6443
6690
7029
7299
7389
7512
7775
7841
7879
8546
8903
9453
9513
9650
9925
10012
10665
11199
11387
11688
11940
12199
12550
13133
13144
13227
13247
13270
13367
13807
13811
13960
13961
13986
14171
14187
14434
14615
14809
15510
15964
16109
16268
16321
16486
16518
16637
16814
16848
16901
16920
16938
17007
17281
17698
18244
18275
18298
18408
18902
18919
19179
19336
19404
19418
19667
19776
19977
20013
20097
20176
20231
20273
20487
20926
20963
21147
21381
21413
21505
21527
21540
21712
21713
21903
22043
22191
22239
22253
22259
22313
22772
22949
22969
22978
23524
23577
24067
24187
24317
24346
24541
24665
24827
25102
25184
25234
25311
25482
25564
25610
25638
25745
25808
25976
25996
26057
26274
26427
26649
26724
26766
27002
27021
27180
27209
27340
27471
27478
27603
27663
27755
27923
27948
28020
28173
28211
28470
28893
29220
29330
29365
29410
29466
29502
29720
29721
29826
30405
30442
30916
30952
30963
31045
31064
31210
31294
31481
31580
31610
31858
31915
32144
32178
32304
32367
32552
32562
32623
32727
33091
33236
33604
33740
33786
33996
34637
34703
34793
34833
34920
35077
35108
35181
35398
35518
35977
36296
36382
36419
36560
36566
36750
36869
36906
36982
37022
37179
37240
37627
37785
37833
37977
38134
38172
38173
38410
38465
38551
38726
38847
38852
39032
39088
39231
39271
39295
39304
39324
39487
39556
39997
40109
40163
40496
40606
40645
40830
40935
41018
41159
41618
41659
41830
41894
42030
42047
42055
42174
42203
42225
42570
42743
43204
43346
43464
43527
43548
43963
44021
44136
44179
44248
44273
44471
44523
44722
44746
44769
44987
45135
45249
45260
45333
45402
45514
45644
45785
45917
46071
46382
46406
46700
46724
46855
46946
47251
47499
47507
47701
47725
47877
47900
48135
48147
48278
48598
48830
49087
49149
49206
49332
49333
49663
49683
49973
50312
50789
50837
50870
50900
51041
51042
51387
51462
51512
51758
51814
51821
52013
52055
52058
52139
52250
52270
52394
52406
52517
52533
52661
52888
52947
52951
53015
53508
53521
53607
53609
53649
53714
53780
53925
54310
54478
54570
54675
54719
54803
54955
55142
55264
55482
55509
55753
55839
55860
56018
56647
56697
56831
57156
57223
57359
57440
57466
57493
57575
57589
57684
57703
58058
58544
58900
58956
59003
59188
59200
59211
59319
59371
59430
59541
59634
59696
59743
59896
59902
60026
60060
60299
60301
60600
60611
60727
60741
60744
61145
61354
61559
61613
62002
62020
62059
62115
62200
62655
62678
62885
62904
62948
63059
63147
63403
63754
63823
64004
64201
64567
64689
64730
65040
65051
65056
65109
65216
65257
65546
65623
65639
65742
65832
65835
66018
66097
66101
66120
66330
66341
66786
66904
66959
67238
67384
67601
67631
67665
68277
68495
68621
68839
68894
68917
68924
69004
69050
69290
69397
69439
69546
69615
69631
69703
69817
69833
70114
70137
70287
70295
70336
70663
70697
70898
70993
71050
71083
71443
72105
72123
72129
72234
72269
72393
72479
72635
72849
72943
73107
73281
73481
73956
73998
74001
74180
74183
74203
74264
74323
74423
74522
74558
74585
74738
74916
75066
75200
75274
75317
75323
75446
75450
75451
75465
75504
75558
75578
75627
75686
75707
75771
75828
76018
76149
76158
76180
76189
76491
76515
76599
76684
76714
77065
77306
77634
78041
78210
78319
78433
78915
79180
79497
79559
79604
79664
79795
79856
79937
80071
80107
80588
80816
81091
81228
81411
81558
81679
82047
82202
82268
82345
82465
82479
82497
82554
83026
83214
83570
83994
84009
84014
84197
84201
84285
84418
84445
84464
84474
84510
84555
84772
84819
84826
84898
84933
85092
85155
85223
85247
85654
85775
86045
86129
86144
86154
86217
86254
86424
86445
86496
86501
86570
86640
86737
86823
87066
87082
87239
87258
87350
87432
87779
87998
88144
88235
88478
88480
88529
88631
88719
88819
88866
89126
89215
89261
89519
89572
89621
89636
89762
89923
90061
90210
90229
90509
90606
90684
90798
90823
91187
91248
91251
91369
91429
91452
91569
91760
92057
92335
92539
92548
92601
92650
92671
92755
92910
93234
93285
93364
93882
93984
94160
94415
94475
94664
94896
94995
95003
95058
95277
95422
95485
95677
152220
153228
153950
154352
154704
155058
155668
155678
155793
156377
156391
156510
156716
156836
160257
160373
160609
160790
162163
163128
163528
164137
164241
164432
166519
170794
171277
171329
171573
173122
173171
173802
174213
174219
174344
176549
179293
179337
180491
181122
181264
181599
181911
182862
183641
184262
185752
186043
186210
186976
188129
189542
189964
190196
190565
192638
193486
193746
194237
195258
195604
196746
196932
197593
197811
198206
198742
199385
200591
200637
201686
201781
202589
202892
203088
203594
205694
205838
206154
206299
206357
206484
206780
208101
208476
208811
209284
209696
211499
213337
214375
214825
216028
216395
216572
216863
217266
218912
219229
219884
219970
223329
223606
223804
223876
224071
225549
226498
226797
227146
227512
231040
231385
231880
233323
233511
233694
234292
234800
234956
236114
237684
238092
240187
240310
240313
240545
242113
242261
243298
243344
245505
245720
248053
248054
601
1312
1507
1695
2104
2328
2352
2576
2838
3366
4201
5043
5244
5360
5377
5783
5994
6254
6462
6727
6965
7240
7579
8067
8477
8641
8669
8721
8895
8935
9165
9247
9385
9442
9494
9597
9601
9645
9904
10117
10136
10370
10575
10898
10995
11115
11153
11209
11570
11623
11686
11755
12440
12489
12562
13084
13115
13132
13385
13400
13444
13521
13524
13970
14245
14325
14386
14824
14911
14977
14998
15037
15252
15503
15541
15635
15671
15850
15951
15994
16081
16178
16567
16835
17000
17042
17117
17913
18056
18469
18644
18650
19300
19311
19477
19585
19605
19700
19735
19837
19854
19973
20215
20270
20449
20585
20757
20812
20851
20948
21044
21150
21281
21366
21375
21447
21674
21782
21897
22097
22178
22473
22565
22835
23063
23296
23412
23458
23633
23704
23714
23803
23813
23960
24034
24198
24292
24349
24486
24611
24685
24800
24854
24901
24902
25000
25167
25269
25480
25785
25805
25975
26077
26177
26300
26991
27218
27270
27352
27386
27439
27485
27528
27596
27598
27619
27667
27746
27888
28153
28159
28439
28499
28616
28700
28843
29235
29407
29950
30162
30291
30300
30331
30387
30429
30435
30524
30597
30741
30841
30848
31094
31160
31208
31369
31371
31435
31552
31631
31690
31754
31902
31904
31951
32132
32338
32434
32536
32872
32885
32929
33034
33035
33277
33280
33381
33427
33644
33852
33858
33928
34019
34151
34252
34477
34497
34593
34597
34804
34828
34889
34905
34921
35014
35048
35143
35183
35402
35449
35483
35495
35759
35762
35947
36131
36385
36457
36849
36867
37058
37090
37204
37228
37492
37701
37859
37971
38019
38102
38217
38293
38310
38352
38604
38744
38817
38837
38960
38980
39209
39284
39382
39555
39960
40305
40324
40547
40578
40666
40724
40946
40981
41026
41106
41218
41411
41498
41723
41870
42079
42388
42414
42446
42476
42490
42679
42790
42922
43066
43156
43224
43339
43390
43699
43743
43836
43946
44181
44276
44282
44303
44380
44421
44525
44667
44781
44845
45094
45194
45259
45288
45452
45562
45722
45728
45829
45851
45915
46176
46220
46243
46271
46287
46476
46514
46537
46556
46629
46645
46691
46787
46792
46824
46945
46959
46979
47005
47109
47205
47269
47309
47700
47858
47919
47920
47988
48204
48242
48251
48263
48289
48373
48564
48568
48695
48919
48937
48960
49131
49298
49359
49570
49617
49677
49729
50089
50225
50341
50364
50368
50385
50416
50928
51031
51036
51066
51155
51468
51490
51653
51689
51800
52031
52096
52473
52523
52629
52829
53006
53182
53457
53509
53631
53637
53882
54013
54026
54038
54073
54086
54139
54141
54387
54440
54609
54793
54854
55106
55111
55241
55292
55508
55949
56053
56115
56216
56237
56433
56447
56525
56796
56809
56821
56907
56925
56934
56962
57108
57396
57845
57931
58242
58402
58573
58637
58676
58918
58950
58998
59021
59078
59182
59235
59265
59365
59389
59454
59471
59506
59969
60046
60058
60168
60203
60443
60545
60562
60606
60608
60756
60764
60843
60887
61040
61070
61129
61264
61294
61298
61358
61844
61930
62023
62030
62067
62109
62453
62471
62593
62825
62877
63149
63204
63323
63326
63341
63398
63485
63543
63570
63669
63750
63869
64041
64116
64345
64355
64591
64641
64652
64691
64798
64816
65087
65272
65585
65593
65821
65943
66102
66397
66800
66932
67008
67022
67265
67330
67431
67442
67464
67491
67603
67757
67808
67883
67887
68071
68098
68165
68210
68239
68272
68468
68618
68652
68727
68729
68851
69263
69320
69334
69451
69619
69694
69888
70085
70108
70185
70291
70294
70544
70838
70846
70855
70950
70995
71062
71413
71439
71555
71583
71686
71712
71766
72076
72283
72297
72308
72363
72638
72755
72873
73038
73186
73228
73433
73475
73628
73768
73769
74119
74202
74267
74336
74344
74786
74860
75040
75104
75326
75381
75542
75601
75766
75812
75871
76061
76063
76108
76142
76203
76348
76387
76403
76447
76494
76543
76602
76765
76806
76893
77023
77068
77235
77492
77823
77825
77941
77952
78019
78159
78187
78230
78273
78275
78458
78529
78576
78770
78819
78853
78860
78880
78931
78950
78955
79175
79216
79423
79502
79530
79546
79805
79819
80039
80098
80113
80303
80352
80387
80512
80559
80583
80925
80927
81029
81057
81343
81394
81479
81635
81719
81743
81847
82028
82174
82184
82242
82290
82330
82496
82631
82852
83044
83112
83275
83288
83427
83437
83487
83519
83535
83716
84219
84477
84601
84914
84936
85031
85257
85474
85519
85598
85643
86295
86389
86398
86472
86478
86581
86632
86811
87008
87044
87093
87352
87434
87550
87888
87972
87999
88085
88195
88282
88298
88682
88746
88787
88822
88837
88850
88873
88919
88998
89237
89263
89414
89635
90049
90107
90123
90319
90512
90538
90747
90752
90788
90884
91059
91154
91364
91431
91694
91773
91971
92222
92250
92320
92442
92890
92924
92931
92982
93091
93288
93516
93722
93773
93779
93977
94068
94206
94231
94365
94574
95153
95243
95442
95457
95494
95501
95509
95617
95656
153150
153743
154179
155059
155355
157321
157775
158406
158684
159548
160672
160981
161192
161381
161589
161880
162889
163369
163834
165273
165399
166231
167784
167841
169882
171588
173290
173651
173775
174364
174697
174785
174970
176605
176792
176904
176986
177285
177583
178466
178518
178691
180225
180559
180671
181479
181522
181627
184595
185219
186607
186670
186920
189439
189581
189796
191021
191734
193063
193444
193445
194276
194638
195190
195847
196349
196818
197536
198703
198796
199943
200107
200871
201036
201822
201943
202989
203076
203378
203708
204082
204112
204494
205012
205270
206672
207135
207286
207463
207597
207645
208505
208517
209214
209904
210344
210558
210810
212200
214010
214130
214183
214981
215222
216607
216927
219331
220186
220571
220649
221149
221483
221501
221543
222133
222142
222931
223395
223803
223805
223909
224708
227145
228207
229125
229316
229474
229541
230029
230509
231763
234390
235885
236497
236881
236985
237231
237347
238180
239684
240005
240943
241774
242045
242115
242859
244148
1168
1329
1397
3239
3241
3345
3516
4215
4407
4538
4712
4813
4934
5630
6162
6476
6837
6987
7316
8071
8136
8374
8493
8894
8988
9193
9683
10112
10423
10511
10663
11025
11237
11642
11677
11808
12294
12620
12915
13055
13056
13490
13877
13950
14068
14184
14361
14758
14937
15189
15353
15363
15584
15649
15690
15701
15718
15839
15863
15950
16041
16104
16129
16301
16512
16843
17201
17282
17302
17486
17663
17766
17870
17927
17949
18829
18938
18958
19291
19705
19772
19961
20014
20192
20360
20398
20466
20811
20824
21279
21323
21526
21551
21569
21638
21699
21728
21888
22104
22107
22160
22302
22463
22582
22644
22658
22891
23089
23090
23245
23264
23359
23382
23433
23489
23548
23567
23616
23765
23786
23943
24020
24076
24205
24250
24252
24310
24377
24384
24478
24606
24631
24747
24775
24835
24848
24977
25048
25136
25418
25554
25576
25597
25647
25802
25825
25842
25888
26000
26045
26318
26451
26662
26773
26901
26969
27305
27316
28070
28100
28305
28594
28812
28981
29000
29030
29084
29153
29504
29525
29553
29692
29717
29727
29823
29836
29855
29869
29956
30304
30461
30472
30562
30770
30788
31047
31238
31411
31525
31599
31614
31645
31739
31792
32283
32667
33172
33272
33615
33965
34109
34344
34387
34433
34435
34687
34808
34979
34995
35109
35784
35998
36067
36126
36301
36406
36453
36493
36615
36724
36978
37074
37211
37231
37323
37478
37695
37721
37853
37944
37981
38021
38111
38196
38233
38572
38836
38849
38879
38900
38903
39083
39089
39138
39161
39194
39211
39240
39285
39718
39981
40008
40176
40456
40519
40539
40612
40735
40779
40860
40931
41104
41120
41569
41614
41834
41948
41980
41987
42142
42214
42353
42402
42703
43047
43067
43176
43178
43238
43287
43583
43740
43817
43920
43954
44074
44135
44222
44507
44602
44888
44897
44953
44963
44984
45037
45319
45453
45592
45746
45820
45842
45866
45940
46123
46166
46188
46541
46642
46757
46826
46863
46890
46954
47032
47051
47101
47120
47142
47218
47261
47409
47579
47637
47639
47648
47778
47779
47932
48016
48072
48294
48375
48384
48419
48505
48658
48689
48775
48825
48863
49040
49055
49164
49165
49216
49850
49880
49907
49931
50063
50357
50557
50614
50644
50841
50933
51027
51271
51277
51396
51503
51688
51815
51822
51840
52132
52223
52257
52410
52442
52462
52520
52576
52581
52618
52691
52723
52732
52822
52957
53024
53032
53139
53217
53346
53397
53399
53517
53595
53699
54039
54092
54137
54149
54181
54186
54264
54267
54418
54457
54505
54522
54543
54644
54676
54720
54929
55244
55307
55328
55376
55441
55443
55529
55635
55763
55846
55869
55944
56077
56165
56426
56439
56745
56866
56870
56953
57003
57084
57095
57113
57160
57183
57454
57623
57720
57857
57951
58060
58308
58356
58387
58432
58460
58730
58778
58915
59084
59183
59226
59247
59482
59599
59709
59726
59819
60044
60107
60232
60281
60323
60784
61090
61160
61193
61226
61303
61356
61401
61413
61487
61494
61617
61726
61928
62042
62149
62173
62243
62258
62372
62421
62430
62536
62564
62569
62841
63076
63190
63297
63343
63344
63370
63462
63594
63624
63691
63770
63843
63852
63868
63880
63922
64029
64060
64128
64164
64261
64344
64457
64503
64653
64870
64887
64904
65041
65042
65099
65275
65286
65438
65513
65561
65569
65573
65590
65847
65914
65951
66181
66280
66439
66477
66504
66586
66621
66679
66706
66855
67041
67135
67209
67377
67380
67411
67571
67845
67864
67906
67938
67968
68184
68228
68419
68477
68538
68620
68675
68681
68725
68828
68940
69016
69098
69376
69412
69471
69783
69792
69800
69824
69845
69904
69984
69994
70031
70250
70337
70669
70804
70869
70987
71046
71141
71245
71302
71335
71422
71503
71544
71694
72114
72144
72271
72277
72285
72519
72531
72575
72598
72771
72796
72883
72940
72965
73144
73258
73398
73544
73661
73670
73700
73786
73854
73885
73910
74037
74184
74218
74222
74268
74428
74501
74939
74966
75079
75157
75224
75324
75334
75468
75506
75577
75698
75777
75962
76014
76160
76383
76414
76558
76583
76634
76638
76708
76838
76848
76957
76991
77016
77089
77136
77150
77182
77250
77300
77363
77432
77464
77524
77528
77721
78030
78073
78077
78078
78152
78381
78418
78516
78734
78878
79049
79095
79170
79185
79202
79316
79471
79506
79562
79639
79668
79758
79786
79854
80137
80257
80301
80527
80640
80667
80801
80973
80984
81001
81037
81056
81296
81331
81350
81514
81699
81724
81780
81802
81879
82005
82010
82325
82357
82414
82422
82444
82824
82964
82972
83047
83286
83354
83638
83781
84029
84185
84194
84241
84409
84453
84541
84691
84755
84760
85014
85251
85324
85382
85437
85503
85542
85687
86091
86143
86161
86420
86522
86591
86641
86667
86847
86967
86982
86994
87173
87174
87344
87421
87744
87875
88045
88150
88180
88182
88392
88476
88510
88617
88618
88637
88806
88814
89001
89028
89102
89247
89265
89569
89610
89658
89736
89760
89783
89791
89867
89882
89939
90117
90251
90277
90428
90482
90627
90755
90902
91161
91410
91450
91753
91758
91907
91973
92090
92284
92656
92659
92667
92782
92809
93056
93132
93212
93233
93286
93326
93346
93370
93377
93548
93771
93897
93902
94035
94055
94133
94286
94292
94395
94534
94585
94595
94779
94956
94959
95092
95135
95260
95332
95410
95411
95423
96348
98621
152814
153736
154652
155361
155979
157972
159024
159089
159146
159314
159378
159534
159546
159553
159599
159632
161830
162270
162871
163409
164055
164362
164847
165010
165302
165434
165860
166472
166565
166716
166916
167287
167319
168660
168783
170127
170164
170247
170248
170367
170492
171454
172605
172708
173608
174239
174471
174504
175307
175765
177836
178128
178232
179322
179419
179513
181695
182187
182901
183640
183946
184985
185640
186669
187469
188335
189220
189402
190690
190809
191910
192026
192367
192393
192915
193727
195142
196040
196158
196850
197106
198883
199231
199355
199430
200421
200676
200789
201092
201380
201457
201787
202418
202960
203340
204093
204395
204560
204938
206164
206664
207462
208483
209010
209213
210852
211085
211305
211379
212623
213386
214372
214917
215379
215762
216805
217222
218295
218514
218849
219931
220527
220647
220650
221304
221502
221585
222229
224365
225347
225759
227007
228257
228658
229102
229165
229609
230177
230179
230219
230942
231048
231193
231867
231969
232171
232725
233173
233319
233738
234339
235461
237232
237626
239080
239633
240420
242596
243797
244085
244147
244452
244841
244982
245357
246781
246782
101
188
1185
1553
1726
1868
2039
2092
2292
2529
2593
2812
2883
2890
3093
3474
3823
3832
3969
4328
4340
4591
4964
5139
5249
5498
5525
5563
5575
6313
6797
6800
7011
7024
7177
7597
7806
7989
8227
8300
8819
9124
9187
9196
9210
9322
9525
9630
9782
9822
10097
10133
10293
10360
10698
10799
10819
10830
11358
11382
11417
11499
11860
12039
12338
12411
12421
12916
12947
12969
13013
13036
13054
13570
13712
13798
14028
14110
14113
14309
14416
14672
14690
14707
14742
14804
14879
15071
15303
15307
15336
15737
15928
15961
15985
16299
16789
16831
16847
16994
17156
17195
17421
17632
17714
17715
17727
17769
18007
18010
18122
18186
18257
18360
18385
18399
18523
18543
18690
18745
18973
19102
19372
19425
19526
19549
19738
19879
19976
20121
20244
20277
20305
20574
20595
20601
20644
20669
20888
20959
21022
21270
21472
21580
21704
21740
21917
21929
21963
22129
22132
22334
22540
22633
22714
22813
22822
22826
23388
23441
23461
23581
23676
23811
24063
24093
24153
24241
24419
24476
24548
24567
24632
24663
24731
24736
24746
24817
24887
24945
24972
25003
25007
25085
25189
25520
25779
25901
26128
26365
26469
26523
26779
26807
26826
27053
27135
27160
27165
27191
27313
27417
27468
27565
27673
27717
27772
27986
28168
28237
28267
28364
28469
28573
28635
28654
28744
28788
28890
28918
29134
29195
29239
29347
29425
29568
29677
29741
29827
29857
29942
30235
30306
30536
30541
30684
30727
30961
31083
31178
31259
31360
31372
31550
31669
31773
31798
31815
31921
32056
32074
32098
32143
32219
32222
32461
32532
32546
32553
32686
33048
33242
33466
33480
33804
33836
33880
33933
34022
34132
34251
34351
34461
34466
34484
34531
34735
34822
34856
34890
35051
35336
35378
35384
35598
35837
35843
35856
35924
35987
36036
36175
36186
36333
36368
36402
36562
36633
36714
36723
36866
37016
37224
37339
37439
37547
37639
37914
37988
38036
38060
38154
38188
38476
38525
38575
38618
38632
38724
38756
38784
38796
38801
38894
38942
38956
39212
39299
39351
39386
39613
39711
39765
40130
40173
40210
40390
40422
40453
40480
40493
40540
40616
40629
40681
40756
40849
40891
40899
40957
40989
41048
41184
41238
41255
41648
41651
41673
41683
41898
42008
42040
42067
42133
42160
42356
42392
42469
42715
42716
42761
42881
42966
42977
43010
43013
43035
43131
43330
43397
43577
43604
43722
43847
43913
43951
43955
44022
44091
44098
44334
44458
44632
44690
44718
44898
44910
45237
45258
45296
45353
45474
45633
45738
45874
45875
45981
46031
46135
46158
46178
46210
46298
46433
46473
46677
46680
46713
46718
46749
46794
47085
47148
47159
47257
47472
47574
47612
47673
47765
47775
47934
48060
48307
48312
48711
48725
48727
48811
48853
48864
48867
48973
48983
49202
49256
49284
49315
49378
49450
49591
49593
49624
49796
49828
49856
49890
49986
50002
50115
50155
50192
50195
50243
50426
50431
50507
50595
50661
50712
50903
50982
51159
51166
51311
51425
51428
51496
51786
51896
52021
52160
52166
52174
52361
52379
52432
52532
52745
52886
52932
53013
53023
53358
53548
53598
53640
53701
53830
53880
53994
54107
54130
54192
54228
54281
54339
54465
54483
54497
54539
54572
54649
54659
54797
54872
55032
55053
55146
55363
55513
55525
55560
55611
55623
55626
55780
55836
55911
55931
55933
55981
55996
56034
56066
56130
56161
56355
56368
56403
56561
56610
56746
56769
56892
57045
57119
57210
57271
57452
57464
57489
57611
57681
57821
58095
58135
58187
58222
58577
58612
58702
58802
58821
58833
58841
58850
58874
58975
59167
59564
59620
59663
59703
59757
59810
59922
60000
60215
60255
60331
60336
60518
60671
60927
60969
61052
61094
61095
61182
61276
61404
61441
61639
61670
61700
61714
61743
61816
61829
61976
62049
62097
62371
62404
62443
62717
62779
62819
62863
62884
62959
62995
63012
63050
63054
63141
63223
63245
63271
63292
63338
63364
63374
63416
63522
63536
63572
63644
63694
63857
64153
64194
64215
64376
64575
64578
64684
64718
64791
64806
64965
65106
65268
65596
65606
65614
65680
65698
65817
65841
65848
65862
65881
65910
65992
66000
66119
66188
66198
66332
66403
66404
66444
66588
66669
66744
66749
66844
66850
66858
66896
67026
67038
67050
67164
67240
67333
67378
67389
67558
67729
67764
67779
67842
67923
67960
67963
68086
68149
68502
68566
68646
68715
68798
68945
69092
69192
69294
69316
69337
69400
69461
69463
69475
69621
69651
69739
69756
69861
69918
69921
69958
69967
69988
70002
70127
70193
70269
70366
70380
70532
70586
70705
70756
71095
71243
71247
71305
71434
71460
71685
72009
72034
72110
72225
72273
72320
72410
72419
72443
72563
72782
72858
73045
73098
73106
73139
73183
73236
73241
73492
73542
73630
73739
73754
73765
73868
73870
73926
73965
73979
74098
74193
74286
74327
74372
74377
74637
74817
74866
74952
75017
75060
75248
75337
75340
75342
75606
75646
75672
75833
75946
75971
76003
76047
76077
76106
76182
76226
76229
76261
76453
76465
76570
76647
76740
77049
77124
77183
77279
77461
77616
77745
77776
77786
77827
77882
77913
78139
78352
78414
78441
78507
78679
78695
78813
78942
78944
78982
79031
79090
79115
79132
79351
79353
79449
79527
79632
79665
79810
80044
80148
80234
80251
80464
80469
80524
80602
81231
81274
81435
81497
81574
81576
81671
81731
81757
81814
81822
82029
82050
82140
82257
82384
82566
82680
82685
82916
82939
82948
83023
83042
83098
83160
83176
83233
83247
83397
83442
83732
83780
83881
83907
83979
84005
84309
84315
84393
84473
84634
84762
84875
84956
84993
85001
85154
85285
85309
85434
85561
85662
85918
86024
86036
86064
86072
86463
86665
86697
86717
86820
86992
87022
87037
87039
87043
87143
87153
87181
87203
87228
87259
87277
87319
87466
87469
87540
87641
87730
87732
87753
87984
87986
88009
88094
88127
88176
88309
88393
88437
88455
88458
88528
88824
88937
89072
89213
89309
89399
89471
89472
89542
89587
89669
89680
89772
89943
90401
90609
90673
90677
90689
90968
91157
91207
91216
91356
91438
91483
91493
91550
91707
91710
91748
91788
91816
92011
92037
92164
92213
92267
92334
92345
92397
92407
92451
92537
92549
92566
92575
92686
92707
93072
93397
93687
93832
93883
93971
94015
94022
94059
94081
94092
94166
94392
94396
94463
94544
94614
94765
94813
94865
94921
95081
95112
95156
95181
95204
95239
95257
95292
95321
95326
95360
95409
95480
95511
95531
95582
95593
95825
95826
98823
108559
150703
150913
150922
152127
153054
154681
155126
155672
156091
156095
157060
157061
158450
158514
159156
159255
159505
159561
160188
160283
162284
162623
165078
165484
166017
166802
166901
170103
170147
170561
170834
171674
171753
171786
171968
172214
172240
172330
172553
172941
173078
173577
173618
174093
174176
174274
174286
175536
176007
177626
178442
179063
180398
180548
181368
182880
183646
183724
183870
184045
184050
184100
184423
184604
185327
185677
186173
188425
188612
188807
189351
189686
189860
191061
191240
191372
193208
193285
194120
194167
194196
194449
194612
195622
195912
196100
196564
197069
197827
199214
199823
199956
200231
200558
200595
202357
202495
202860
203089
203709
204418
204589
205213
205821
206228
206933
207177
207222
207997
208633
208756
208877
208985
209754
210265
210554
211378
212043
212917
212918
213077
213903
214431
214926
215159
215380
217331
217332
217956
220303
220390
220648
221685
222329
222534
223365
223391
224881
226343
227568
227644
228116
228601
229215
229749
229793
229845
229980
231807
233275
234014
234267
235181
235462
235673
236370
238453
238993
239704
240607
240739
240771
240944
241001
241205
242212
242331
242738
242861
243418
243552
244146
244288
245335
245580
246349
248017
248057
123
857
983
1431
2016
2371
2566
2837
2841
2859
2920
2955
3096
3183
3247
3873
4140
4194
4227
4247
4398
4432
4892
5412
5711
5825
6216
6390
6461
6640
6714
6754
6798
6809
6998
7197
7201
7254
7517
7600
7668
7847
7988
8069
8221
8257
8258
8440
8522
8815
8867
9117
9404
9624
10011
10019
10316
10564
10585
10595
10627
10792
10794
10847
10943
11052
11123
11403
11416
11552
11702
11703
12045
12235
12281
12301
12384
12428
12479
12522
12532
12603
12725
12766
12815
12923
13124
13156
13370
13395
13435
13843
13924
13925
13971
14160
14161
14288
14339
14365
14404
14407
14517
14587
14624
14651
14792
14793
14927
15298
15389
15637
15721
15834
15931
15945
16019
16038
16121
16192
16204
16558
16597
16630
16656
16727
16832
16882
16959
16978
17035
17121
17122
17143
17205
17228
17270
17539
17544
17575
17579
17609
17823
17985
18151
18331
18517
18643
18733
18755
19008
19109
19381
19395
19498
19550
19602
19618
19838
19855
19870
19918
19978
20020
20027
20031
20080
20107
20145
20197
20299
20408
20415
20550
20706
20915
20987
20988
21128
21179
21210
21248
21249
21251
21372
21437
21507
21541
21633
21659
21718
21737
21817
22002
22073
22194
22301
22507
22532
22600
22674
22675
22724
23002
23055
23306
23367
23368
23445
23473
23551
23664
24013
24239
24515
24587
24599
24610
24613
24658
24704
24744
24774
24824
24909
24947
25029
25049
25080
25103
25126
25303
25390
25398
25436
25556
25601
25668
25900
25962
25965
26105
26198
26213
26346
26408
26456
26479
26715
26725
26781
26964
27068
27195
27212
27324
27339
27369
27378
27501
27511
27634
27702
27800
28001
28033
28065
28074
28136
28351
28369
28388
28401
28418
28489
28710
28747
28789
28798
28810
28883
28907
28985
29068
29307
29334
29367
29507
29534
29566
29615
29674
29888
29991
30010
30050
30052
30139
30175
30176
30187
30502
30505
30546
30564
30589
30620
30653
30710
30743
30754
30799
31027
31036
31093
31468
31469
31664
31708
31817
31849
31981
31991
32013
32089
32091
32221
32226
32236
32245
32270
32276
32289
32325
32468
32630
32684
32743
32803
32844
32965
33157
33161
33192
33195
33304
33440
33553
33612
33676
33741
33768
33851
33875
34008
34110
34118
34162
34221
34302
34376
34452
34474
34701
34827
34855
34865
34910
34928
34943
35016
35039
35066
35216
35292
35318
35477
35508
35553
35601
35631
35828
35940
35972
35995
36101
36146
36177
36198
36204
36253
36272
36310
36351
36355
36399
36420
36500
36563
36934
36943
37189
37244
37348
37409
37423
37466
37502
37672
37713
37786
37960
38015
38129
38194
38218
38457
38498
38531
38566
38626
38628
38688
38753
38774
38794
38848
38864
38871
38881
39009
39090
39139
39146
39159
39232
39239
39281
39289
39298
39343
39375
39439
39606
39665
39679
39730
39793
39813
39909
40021
40029
40092
40249
40275
40321
40611
40635
40647
40650
41075
41140
41166
41192
41222
41237
41280
41281
41435
41475
41624
41638
41795
41941
42014
42035
42120
42472
42569
42626
42635
42792
42804
42969
43004
43038
43063
43114
43126
43249
43309
43324
43448
43532
43581
43754
43779
43843
43905
44012
44171
44268
44302
44346
44443
44445
44501
44526
44551
44590
44836
44849
44871
44885
44997
45056
45102
45177
45196
45236
45336
45445
45509
45574
45627
45695
45724
45760
45826
45904
45967
46019
46049
46065
46127
46172
46202
46238
46277
46304
46457
46494
46518
46581
46611
46664
46715
46754
46914
47027
47296
47298
47299
47325
47390
47632
47738
47764
47766
47862
47958
48094
48168
48221
48253
48258
48422
48427
48476
48628
48631
48698
48828
48934
48938
48975
49014
49049
49060
49078
49144
49162
49203
49313
49392
49439
49456
49473
49502
49513
49546
49553
49621
49639
49646
49668
49722
49873
50080
50094
50219
50292
50296
50515
50519
50523
50625
51200
51210
51236
51292
51429
51529
51561
51596
51714
51847
51881
51934
51944
52047
52244
52472
52482
52606
52681
52791
52801
52810
52812
52875
52966
53016
53142
53164
53199
53201
53333
53491
53592
53698
53829
53840
53848
53870
53978
54085
54176
54187
54268
54296
54301
54336
54466
54500
54554
54574
54743
54829
54996
55048
55051
55076
55130
55156
55333
55565
55590
55592
55608
55702
55711
55772
55844
55903
55927
55994
56083
56121
56152
56184
56225
56239
56273
56336
56364
56428
56511
56567
56620
56650
56660
56685
56689
56747
56779
56804
56949
56989
57011
57029
57245
57385
57398
57419
57460
57649
57724
57799
57854
57993
58014
58020
58033
58050
58068
58073
58102
58158
58161
58170
58254
58754
58939
58946
59035
59256
59267
59308
59442
59451
59519
59531
59603
59699
59765
59856
59859
59870
59872
60008
60088
60133
60151
60183
60523
60599
60609
60621
60634
60683
60725
60823
60921
60952
61060
61073
61119
61175
61212
61232
61243
61252
61351
61461
61526
61576
61599
61644
61766
61952
61968
61996
62061
62283
62452
62481
62544
62739
62899
62903
63003
63124
63189
63196
63205
63334
63556
63640
63707
63728
63826
63838
64010
64016
64054
64113
64118
64200
64259
64346
64374
64505
64599
64783
64785
64859
64905
64918
64983
65053
65075
65145
65188
65312
65314
65335
65341
65364
65399
65524
65597
65602
65659
65693
66229
66250
66262
66300
66348
66493
66499
66512
66523
66569
66642
66659
66667
66915
66975
67212
67315
67332
67346
67420
67440
67704
67718
67738
67747
67914
68029
68151
68406
68428
68524
68531
68555
68584
68649
68764
68775
68805
68937
68950
68966
68988
69088
69124
69139
69238
69351
69391
69428
69480
69503
69525
69578
69589
69617
69679
69957
70069
70208
70266
70301
70369
70398
70418
70468
70728
70758
70799
70861
70985
71015
71110
71270
71306
71451
71588
71594
71677
71692
71788
71947
72152
72203
72228
72253
72267
72428
72456
72522
72667
72673
72680
72758
72831
72853
73014
73026
73257
73357
73380
73451
73470
73647
73833
73884
73976
74163
74250
74488
74645
74654
74667
74714
75026
75050
75070
75114
75119
75130
75165
75184
75278
75322
75493
75495
75781
75817
75865
75930
75963
76166
76175
76257
76287
76379
76417
76803
76817
76852
77007
77061
77082
77112
77113
77149
77157
77211
77212
77228
77376
77516
77577
77609
77618
77624
77690
77807
77808
77850
77852
77948
78033
78039
78120
78223
78270
78313
78314
78342
78403
78539
78586
78587
78617
78750
78752
78777
78827
78841
78926
78988
79002
79059
79189
79350
79390
79643
79650
79658
79661
79696
79738
79780
79878
79971
80008
80082
80232
80337
80590
80606
80618
80624
80650
80653
80715
80811
80823
80999
81127
81233
81336
81422
81424
81450
81454
81499
81500
81536
81569
81592
81654
81772
81889
81899
81985
81993
82157
82219
82389
82484
82799
82818
82878
82920
82956
82979
83180
83192
83209
83372
83386
83394
83481
83506
83642
83662
83681
83738
83793
83825
83830
83832
83882
83924
83930
84090
84113
84462
84576
84606
84618
84622
84651
84698
84715
84912
84932
84964
85080
85210
85314
85478
85603
85678
85695
85728
85729
85770
85773
86053
86090
86171
86219
86227
86270
86355
86448
86460
86462
86742
86849
86861
86862
86963
86997
87011
87050
87076
87108
87137
87283
87339
87358
87370
87454
87475
87637
87669
87684
87696
87948
87970
88142
88149
88375
88606
88832
88881
89075
89078
89176
89255
89370
89376
89392
89455
89474
89582
89645
89723
89836
89862
89966
89992
90043
90071
90125
90153
90244
90378
90421
90520
90583
90692
90797
90800
90815
90876
90998
91013
91151
91278
91286
91349
91391
91442
91487
91514
91547
91572
91590
91672
91870
91889
91894
91975
91988
92150
92152
92180
92203
92236
92278
92286
92287
92382
92385
92460
92495
92570
92624
92625
92653
92740
92771
92808
92864
92952
92984
93128
93154
93164
93239
93243
93266
93276
93465
93504
93517
93539
93586
93727
93741
93746
93782
93814
93895
94214
94414
94468
94524
94627
94696
94699
94804
94809
94920
94969
94970
94979
95100
95118
95179
95207
95228
95308
95342
95456
95490
95565
95574
95576
95630
95726
96198
152755
153429
153638
154572
154812
154828
155248
155875
155919
157214
157502
157975
159122
159130
160399
162084
163074
163218
164765
165025
165689
165947
166656
167412
168001
169246
170371
171033
171530
171970
171973
172153
172686
172989
173175
173506
173681
174010
174342
174793
175273
175333
175858
177351
177437
177883
178251
178368
178393
179104
179218
179240
179367
180526
181698
181849
182388
182482
182611
182621
183714
184085
185011
186094
186467
186536
186758
186846
188093
189974
190104
190651
191373
191911
192546
192647
193111
193316
193380
193645
193940
195482
198701
199388
199545
199929
200205
200561
200854
202326
203142
203286
203673
203788
204045
204887
205015
205822
205929
207111
207176
207269
207565
207671
207944
208487
209437
209615
213132
213471
213879
215085
215682
216532
216701
217386
217415
218356
218604
218703
219085
219295
219426
220335
220616
221111
222832
223122
223170
224070
224308
224550
225195
225458
225977
226129
226269
227254
228166
228472
228657
228935
229070
229337
229943
230423
230507
231243
231523
231572
233041
233384
233895
234391
234746
235078
235877
236683
237039
237171
238298
238299
238360
238473
238941
240055
240385
240627
241182
241835
243207
243211
243514
244014
244615
245234
120
219
221
705
1270
1399
1450
1717
1750
1819
2049
2097
2175
2415
2431
2778
2861
3006
3031
3409
3612
3640
3836
3917
4070
4200
4367
4423
4739
4765
4960
4976
5021
5023
5079
5168
5178
5229
5355
5522
5541
5705
5884
5980
6003
6036
6092
6099
6200
6446
6465
6467
6524
6603
6626
6652
6764
6788
6814
6882
6996
7192
7212
7313
7409
7425
7685
7908
7938
7958
7979
8182
8237
8383
8406
8408
8505
8575
8649
8706
8718
8947
9026
9062
9080
9114
9452
9460
9512
9528
9593
9600
9616
9702
9901
10089
10171
10178
10285
10476
10581
10600
10833
10861
10864
10915
10987
11011
11014
11083
11104
11224
11309
11341
11505
11549
11581
11610
11651
11724
11741
11897
11934
12015
12073
12112
12141
12292
12397
12426
12431
12433
12442
12465
12526
12575
12696
12735
12751
12795
12828
12926
13103
13108
13228
13308
13309
13389
13409
13476
13546
13567
13593
13721
13735
13835
14005
14032
14056
14057
14104
14119
14191
14214
14299
14319
14329
14367
14393
14442
14610
14679
14826
14939
14976
15001
15008
15166
15201
15244
15268
15423
15469
15476
15485
15568
15583
15601
15660
15680
15685
15692
15764
15792
15870
15901
15972
15974
16016
16114
16191
16246
16277
16339
16363
16396
16444
16445
16474
16497
16507
16628
16670
16701
16804
16875
16895
16927
16946
16976
16977
17028
17054
17144
17232
17260
17361
17402
17490
17532
17717
17811
17888
17946
17947
17964
18075
18145
18215
18224
18230
18358
18397
18527
18531
18565
18613
18720
18819
18896
18917
19006
19031
19045
19112
19191
19345
19422
19488
19499
19506
19629
19696
19840
19901
19914
19968
19995
20030
20131
20143
20155
20237
20322
20330
20350
20498
20502
20504
20583
20693
20705
20712
20718
20805
20853
20883
20894
20904
21102
21127
21167
21203
21305
21369
21416
21418
21438
21494
21509
21537
21581
21619
21643
21678
21710
21735
21743
21795
21827
21982
21985
22100
22119
22466
22550
22595
22601
22625
22648
22833
22893
22899
22946
23060
23103
23106
23119
23257
23261
23263
23278
23320
23387
23407
23450
23491
23492
23662
23699
23763
24031
24039
24109
24130
24159
24214
24227
24309
24329
24363
24411
24436
24457
24575
24588
24591
24620
24674
24714
24723
24742
24796
24929
24969
24975
25072
25097
25119
25232
25236
25237
25324
25332
25372
25394
25395
25481
25487
25567
25573
25607
25746
25751
25755
25767
25836
25859
25873
25933
25960
26040
26107
26159
26171
26298
26393
26415
26438
26450
26464
26520
26658
26665
26735
26769
26839
26939
26944
26954
26980
27064
27074
27080
27179
27202
27391
27393
27423
27441
27457
27513
27540
27576
27608
27624
27626
27656
27740
27814
27845
27909
27991
28162
28182
28210
28214
28247
28327
28420
28518
28540
28578
28723
28774
28857
28897
28994
29079
29086
29138
29151
29165
29262
29385
29387
29447
29530
29631
29729
29731
29733
29744
29785
29881
30023
30036
30095
30099
30104
30279
30322
30336
30355
30391
30450
30501
30606
30616
30669
30696
30732
30803
30819
30829
30832
30858
30872
30878
30889
30980
30998
31108
31124
31146
31149
31182
31191
31257
31278
31283
31346
31388
31412
31420
31447
31526
31543
31557
31687
31691
31774
31783
31784
31899
31947
31982
32123
32190
32204
32210
32339
32514
32567
32619
32651
32831
32905
32973
33109
33122
33149
33156
33231
33232
33257
33306
33384
33429
33463
33492
33514
33537
33561
33670
33780
33822
33823
33825
33838
33871
33898
34068
34102
34116
34216
34313
34333
34374
34392
34403
34406
34420
34473
34487
34498
34617
34711
34717
34718
34720
34746
34836
34838
34862
34870
34904
34965
35002
35029
35083
35084
35116
35424
35451
35489
35529
35574
35664
35914
35984
36064
36169
36170
36192
36194
36209
36257
36315
36326
36371
36484
36511
36603
36608
36611
36654
36664
36756
36759
36764
36780
36910
36919
37032
37045
37059
37096
37205
37286
37382
37422
37430
37597
37645
37651
37671
37714
37724
37762
37766
37770
37836
37903
37931
38027
38028
38035
38066
38151
38207
38223
38238
38247
38273
38304
38355
38362
38379
38443
38515
38518
38549
38580
38585
38658
38740
38812
38820
38935
39037
39038
39073
39104
39106
39120
39181
39222
39241
39380
39396
39399
39478
39496
39541
39570
39654
39701
39708
39734
39750
39766
39767
39828
39844
39845
39871
39904
39941
39958
39963
39968
39992
40004
40013
40041
40091
40094
40128
40168
40256
40276
40277
40388
40440
40444
40524
40554
40587
40623
40669
40680
40750
40813
40875
40949
40964
41134
41144
41279
41284
41305
41330
41356
41377
41386
41443
41458
41464
41480
41483
41524
41582
41713
41766
41837
41985
42021
42141
42153
42193
42194
42227
42251
42304
42336
42350
42389
42400
42461
42482
42504
42561
42579
42591
42643
42654
42671
42685
42757
42828
42830
42882
42910
42916
42917
42931
42945
43093
43130
43159
43167
43239
43398
43446
43545
43561
43573
43584
43694
43720
43727
43751
43832
43873
43958
44113
44120
44148
44168
44189
44205
44214
44220
44267
44289
44296
44392
44474
44482
44546
44547
44552
44623
44624
44659
44784
44794
44815
44828
44861
44917
44958
44964
44982
45036
45053
45206
45220
45222
45228
45244
45261
45284
45298
45313
45321
45373
45395
45448
45486
45607
45659
45664
45686
45707
45838
45964
46013
46182
46338
46356
46365
46380
46388
46394
46400
46463
46464
46477
46478
46495
46520
46587
46649
46659
46712
46714
46766
46840
46848
46899
46985
47058
47089
47098
47496
47556
47643
47686
47699
47735
47917
47937
48022
48033
48056
48098
48099
48200
48240
48273
48275
48292
48301
48354
48379
48525
48571
48592
48713
48736
48761
49021
49035
49070
49147
49179
49227
49250
49306
49451
49482
49536
49638
49692
49847
49877
49900
49926
49971
50033
50049
50095
50207
50272
50468
50512
50531
50571
50659
50667
50672
50733
50857
50902
50925
50940
51007
51073
51212
51249
51252
51417
51495
51514
51542
51609
51621
51673
51749
51853
51918
52107
52149
52215
52311
52368
52373
52381
52662
52730
52749
52770
52777
52805
52844
52896
53018
53096
53237
53264
53274
53324
53437
53576
53644
53730
53773
53788
53806
53939
53954
53967
53997
54018
54035
54111
54178
54193
54307
54358
54396
54437
54475
54553
54563
54615
54630
54657
54737
54777
54780
54928
54930
54952
55023
55088
55090
55148
55165
55216
55230
55454
55493
55526
55587
55638
55699
55768
55775
55787
55794
55799
55807
55809
55897
55899
55964
55967
55991
56155
56173
56202
56327
56371
56379
56394
56406
56440
56524
56579
56626
56677
56710
56801
56802
56829
57085
57092
57096
57162
57220
57246
57329
57379
57388
57391
57400
57412
57533
57607
57651
57707
57715
57741
57839
57856
57880
57889
57968
58026
58078
58130
58142
58150
58151
58159
58214
58228
58249
58286
58304
58335
58336
58347
58375
58383
58422
58515
58791
58831
58839
58919
58937
58971
58976
59018
59106
59205
59232
59270
59355
59393
59404
59424
59428
59433
59462
59478
59491
59515
59581
59641
59654
59713
59804
59816
59822
59825
59840
59849
59858
59874
59898
59943
60001
60098
60126
60143
60154
60328
60345
60426
60431
60481
60482
60507
60566
60588
60710
60792
60808
60814
60858
60924
60944
60987
61064
61201
61202
61260
61773
61802
61903
61927
61944
61945
61958
61965
62016
62239
62242
62337
62389
62401
62438
62457
62463
62464
62510
62549
62568
62632
62697
62748
62765
62783
62804
62829
62913
63043
63051
63064
63068
63118
63191
63209
63339
63453
63521
63658
63690
63720
63765
63832
63874
63913
63946
63955
63974
64019
64027
64059
64061
64255
64262
64314
64320
64322
64554
64568
64623
64702
64759
64842
64857
65001
65014
65017
65038
65058
65102
65288
65305
65310
65402
65408
65422
65470
65578
65734
65877
65919
65941
65963
65968
66073
66085
66269
66294
66296
66356
66390
66655
66763
66780
66877
66900
66938
66958
67001
67015
67069
67083
67092
67099
67104
67155
67183
67185
67245
67305
67455
67488
67522
67541
67670
67681
67735
67889
67988
67991
68013
68024
68134
68164
68308
68331
68382
68401
68486
68563
68580
68630
68660
68784
68789
68910
68985
69014
69083
69146
69173
69194
69234
69359
69407
69507
69512
69532
69635
69665
69682
69697
69785
69816
69996
70011
70055
70187
70216
70223
70261
70268
70321
70368
70375
70428
70473
70479
70681
70713
70738
70859
70867
70888
70945
70977
71024
71031
71107
71134
71145
71255
71262
71267
71286
71352
71391
71392
71444
71462
71505
71507
71515
71537
71553
71695
71771
71855
71898
71912
71967
71975
71991
72036
72038
72116
72158
72244
72311
72368
72562
72615
72699
72716
72731
72735
72801
72828
72842
72854
72914
72996
73041
73167
73224
73262
73277
73307
73338
73396
73453
73463
73538
73654
73706
73810
73836
73872
73914
74062
74073
74075
74082
74110
74149
74150
74177
74288
74350
74410
74442
74492
74611
74612
74631
74669
74720
74750
74796
74801
74840
74842
74857
74871
74908
75168
75178
75190
75199
75227
75261
75273
75357
75431
75437
75456
75550
75554
75628
75651
75706
75784
75809
75822
75922
75950
75955
76001
76006
76070
76084
76110
76116
76201
76205
76231
76278
76292
76300
76364
76509
76516
76582
76589
76680
76754
76780
76781
76810
76837
76840
76864
76881
76992
77066
77091
77127
77130
77203
77232
77254
77266
77320
77379
77414
77466
77489
77531
77555
77598
77640
77660
77744
77782
77969
78029
78132
78248
78326
78337
78406
78552
78559
78560
78562
78662
78715
78736
78837
78910
78914
79087
79098
79111
79126
79173
79182
79222
79340
79441
79467
79511
79522
79524
79525
79565
79649
79662
79680
79707
79760
79794
79931
79945
79975
79981
80023
80026
80041
80190
80267
80273
80423
80450
80462
80533
80540
80562
80695
80822
80829
80834
80851
80860
80884
80915
80934
80996
81035
81044
81135
81229
81242
81248
81304
81342
81360
81364
81443
81483
81560
81570
81573
81625
81666
81922
81966
81971
82113
82207
82249
82261
82341
82382
82409
82483
82517
82668
82671
82832
82842
82863
82995
83032
83052
83134
83217
83276
83301
83321
83469
83501
83524
83546
83630
83719
83772
83880
83905
83952
84033
84060
84097
84098
84152
84289
84303
84430
84436
84458
84466
84609
84627
84628
84644
84662
84707
84766
84770
84838
84839
84849
84888
84909
85175
85190
85368
85403
85423
85427
85450
85515
85517
85639
85745
85765
85783
85840
85903
85925
86049
86052
86081
86130
86159
86190
86366
86384
86416
86471
86488
86517
86523
86527
86655
86662
86886
87073
87269
87572
87650
87660
87765
87791
87792
87858
87921
87926
87935
87947
87955
87974
88008
88053
88055
88059
88076
88104
88132
88204
88258
88423
88442
88452
88501
88522
88533
88538
88591
88604
88684
88700
88728
88733
88756
88795
88829
88953
89110
89112
89137
89193
89232
89249
89316
89340
89390
89397
89415
89456
89490
89524
89679
89778
89823
89866
89873
89995
90077
90096
90194
90248
90312
90390
90419
90472
90519
90601
90624
90633
90681
90699
90720
90732
90750
90814
90837
90843
90910
90951
90974
91052
91071
91074
91110
91152
91456
91571
91601
91662
91681
91789
91859
91901
91929
91981
91987
92003
92085
92177
92285
92290
92367
92374
92620
92680
92687
93104
93111
93187
93303
93317
93665
93713
93714
93719
94050
94089
94112
94135
94185
94319
94336
94352
94385
94583
94586
94603
94652
94667
94698
94724
94758
94816
94856
94893
94952
94964
94998
95005
95025
95039
95047
95067
95208
95281
95532
95558
95575
95789
95814
95942
95989
95990
96123
96125
96127
96151
96178
96275
96390
96419
96672
96674
96706
97007
97051
97120
97124
97125
97501
97592
97660
98236
98615
98617
98682
98832
99814
99986
100347
100454
100669
101225
101831
102050
103926
104647
104781
109010
109354
110236
110840
111164
111515
115669
116034
116547
116773
123228
128347
128980
130074
130621
138131
148277
148296
148344
148524
148686
149798
150037
150386
151383
152926
153219
153264
153469
153865
154598
155505
156007
157067
157767
158135
158148
158190
158819
158871
159213
159479
159752
159856
160572
160876
161438
161449
161629
162047
162053
162368
162750
163380
164889
166818
167342
167807
168589
168616
169199
169814
170313
170400
170653
172098
172219
172258
173025
173124
173758
174873
175513
175946
176067
176547
176671
176909
177164
177555
177617
177952
178214
178641
178988
179029
179340
179586
179964
180232
180479
180500
181462
181505
181510
181673
182200
182359
182374
183199
183644
184580
184620
184684
184725
185362
185504
185836
185888
185943
185985
187725
187773
188250
188388
189213
189330
189611
189678
189852
190480
190777
190898
191087
191490
191500
191563
191643
192325
192781
193087
193263
193722
193993
194522
194938
195007
195766
195885
196115
196286
196421
196919
197219
197391
197569
197636
197646
197896
198135
198328
199348
199572
200560
200957
201248
201556
202378
202662
203241
203717
203872
203978
204145
204408
204811
205314
206489
206690
207880
208016
209518
211117
211144
211961
212421
212655
212893
213415
213441
215063
215263
216157
216165
216276
216724
217112
217755
218256
218782
219203
220264
220751
221010
221594
222023
222107
222185
222533
223006
223338
223533
223655
223997
224188
225045
225719
225857
225900
227093
227876
228474
229400
229542
229559
229795
230791
232007
232050
232371
232546
233047
233101
233276
233696
233921
234856
235578
235697
236115
236845
237099
238060
238621
239196
239838
239881
239890
240011
240312
240480
241521
241728
242533
242941
243966
246029
246033
246259
246522
171
216
465
527
583
838
885
933
1276
1296
1491
1843
1974
2066
2514
2596
2947
2986
3013
3135
3169
3220
3260
3419
3532
3685
3724
3781
3785
3862
3901
3933
3963
4124
4302
4365
4366
4476
4547
4569
4683
4815
4832
4994
5005
5035
5100
5179
5280
5300
5510
5521
5664
5739
5850
5863
5906
5932
6049
6056
6111
6128
6138
6161
6222
6252
6285
6312
6468
6502
6584
6717
6772
6793
6854
6944
7017
7039
7209
7226
7340
7416
7476
7487
7528
7672
7704
7735
7771
7809
7858
7870
7951
7991
7997
8000
8087
8133
8164
8216
8228
8254
8278
8417
8485
8559
8676
8743
8774
8824
8849
8854
8893
8897
8898
8942
9047
9208
9263
9355
9399
9401
9465
9505
9558
9582
9621
9693
9701
9706
9713
9804
9846
9932
9963
10004
10058
10085
10086
10101
10139
10145
10150
10151
10210
10214
10245
10247
10359
10373
10396
10422
10440
10444
10446
10508
10513
10526
10529
10640
10679
10680
10681
10805
10809
10882
10937
10974
11029
11061
11108
11110
11251
11273
11295
11380
11506
11528
11611
11620
11649
11682
11692
11723
11734
11756
11775
11786
11852
11854
11892
11916
11931
11977
12028
12095
12111
12202
12224
12228
12233
12245
12279
12302
12350
12468
12475
12478
12590
12596
12615
12631
12644
12653
12670
12673
12698
12723
12857
12878
12894
12946
12957
12968
12987
13010
13018
13173
13221
13268
13286
13287
13298
13311
13383
13430
13552
13580
13702
13777
13821
13829
13851
13890
13917
13993
14036
14115
14141
14207
14227
14284
14432
14451
14490
14496
14511
14513
14530
14546
14632
14634
14674
14709
14756
14757
14774
14797
14818
14842
14907
14952
14961
14967
14969
15100
15133
15138
15223
15226
15302
15331
15362
15396
15420
15475
15639
15668
15670
15678
15726
15821
15829
15830
15837
15849
15854
15857
15858
15898
15920
15976
15986
16020
16052
16056
16078
16080
16131
16180
16194
16195
16216
16311
16389
16399
16419
16422
16447
16485
16517
16544
16605
16645
16658
16661
16723
16766
16774
16790
16824
16881
16898
16913
16980
16983
17041
17115
17127
17192
17264
17273
17356
17436
17570
17604
17685
17718
17767
17798
17828
17866
17874
17883
17892
17901
17912
17998
18072
18098
18152
18174
18179
18272
18278
18316
18344
18428
18431
18435
18442
18482
18518
18587
18590
18662
18691
18735
18773
18812
18841
18853
18876
18883
18886
18932
18940
19003
19034
19057
19058
19065
19068
19098
19140
19188
19223
19253
19366
19392
19423
19440
19444
19467
19475
19476
19512
19513
19516
19601
19626
19734
19812
19822
19893
19931
19940
19975
19996
20062
20184
20211
20212
20216
20246
20249
20281
20287
20293
20315
20333
20353
20386
20422
20474
20492
20515
20525
20532
20538
20549
20575
20599
20616
20650
20704
20716
20789
20799
20840
20847
20857
20860
20927
20930
20955
20986
21008
21016
21105
21115
21122
21160
21228
21232
21233
21242
21269
21309
21374
21429
21440
21512
21577
21622
21658
21675
21677
21715
21732
21911
21934
21961
21964
21974
21987
21993
22025
22117
22122
22126
22169
22177
22223
22226
22310
22317
22328
22383
22408
22422
22455
22509
22566
22581
22592
22691
22710
22761
22776
22782
22831
22834
22859
22920
22921
22974
23008
23009
23108
23109
23151
23180
23183
23205
23219
23248
23281
23330
23347
23381
23411
23427
23456
23498
23542
23642
23654
23672
23701
23747
23766
23800
23843
23855
23860
23862
23866
23906
23929
23972
23976
24066
24080
24133
24178
24194
24203
24225
24387
24391
24399
24407
24410
24454
24516
24532
24534
24538
24543
24564
24586
24671
24771
24791
24811
24833
24844
24893
24941
24953
24999
25047
25070
25094
25123
25196
25205
25219
25231
25233
25251
25260
25347
25366
25369
25424
25517
25531
25540
25551
25701
25748
25795
25817
25838
25877
25882
25890
25906
25913
25920
25993
26002
26028
26030
26043
26071
26243
26333
26379
26411
26440
26447
26448
26491
26504
26536
26537
26594
26632
26700
26821
26966
27040
27052
27060
27106
27166
27220
27236
27240
27259
27272
27298
27363
27422
27434
27438
27495
27497
27504
27562
27578
27581
27584
27660
27753
27761
27787
27799
27818
27828
27854
27892
27905
27913
27920
27924
27966
28009
28018
28076
28094
28095
28132
28144
28199
28225
28235
28287
28357
28362
28368
28398
28399
28407
28412
28433
28522
28524
28553
28567
28600
28602
28660
28666
28672
28730
28748
28796
28829
28844
28900
28908
28975
29002
29080
29209
29224
29231
29288
29325
29363
29388
29416
29418
29429
29446
29473
29476
29518
29521
29544
29559
29576
29583
29614
29660
29664
29665
29701
29726
29751
29759
29774
29811
29816
29829
29843
29902
29920
29928
29939
29940
29941
30004
30007
30019
30030
30032
30063
30094
30113
30131
30133
30167
30223
30227
30286
30307
30309
30311
30349
30363
30390
30419
30434
30445
30513
30565
30577
30590
30595
30625
30673
30700
30706
30780
30785
30860
30867
30870
30902
30927
31139
31150
31164
31174
31197
31212
31245
31249
31280
31321
31335
31440
31474
31554
31574
31697
31700
31822
31827
31919
31944
31949
31987
32012
32030
32032
32055
32086
32099
32108
32162
32183
32227
32249
32284
32297
32302
32309
32320
32393
32409
32410
32430
32467
32485
32486
32498
32505
32555
32609
32723
32744
32754
32777
32801
32807
32883
32891
32900
32906
33003
33032
33078
33130
33164
33203
33240
33249
33250
33275
33290
33360
33368
33426
33433
33475
33527
33571
33614
33648
33691
33738
33783
33794
33814
33826
33827
33845
33846
33854
33859
33957
34009
34027
34034
34060
34063
34087
34090
34103
34160
34195
34234
34274
34290
34353
34357
34393
34398
34407
34436
34438
34457
34496
34509
34514
34527
34553
34564
34584
34606
34629
34634
34675
34677
34692
34695
34709
34753
34778
34873
34922
34933
34940
34969
34974
34998
35034
35040
35043
35065
35086
35101
35107
35203
35225
35249
35262
35277
35309
35316
35335
35347
35356
35383
35390
35434
35440
35462
35540
35575
35610
35620
35817
35858
35867
35892
35899
35926
35936
35949
35969
35979
36007
36065
36145
36155
36202
36208
36212
36242
36247
36252
36261
36271
36291
36300
36313
36324
36327
36346
36364
36379
36398
36401
36425
36539
36551
36612
36627
36629
36675
36702
36706
36711
36730
36744
36745
36770
36787
36796
36801
36804
36813
36819
36838
36878
36887
36890
36932
36949
36992
37035
37054
37109
37130
37133
37137
37225
37245
37254
37259
37295
37297
37328
37335
37374
37375
37381
37404
37446
37454
37455
37494
37499
37512
37534
37580
37596
37659
37687
37709
37719
37758
37795
37851
37899
37925
37927
37928
37970
37984
37997
38018
38034
38039
38064
38095
38110
38126
38138
38161
38183
38199
38262
38316
38323
38345
38350
38381
38383
38434
38488
38496
38519
38664
38668
38704
38733
38737
38752
38763
38776
38819
38867
38869
38889
38995
38996
39052
39116
39119
39127
39131
39164
39166
39182
39191
39192
39233
39273
39307
39310
39371
39379
39394
39429
39532
39549
39574
39658
39681
39738
39739
39772
39787
39788
39800
39826
39866
39873
39908
39914
39932
39955
39976
39987
40042
40123
40134
40152
40162
40191
40205
40262
40308
40346
40379
40428
40435
40441
40497
40545
40552
40590
40594
40630
40637
40662
40707
40795
40808
40859
40872
40894
40896
40897
40911
40919
40933
40980
40990
41068
41093
41112
41138
41162
41178
41234
41236
41293
41295
41303
41316
41320
41328
41337
41338
41379
41420
41429
41436
41441
41504
41561
41593
41599
41615
41625
41649
41666
41704
41810
41840
41871
41884
41886
41895
41957
42023
42084
42119
42158
42165
42246
42309
42310
42406
42425
42479
42536
42563
42574
42609
42638
42657
42663
42779
42810
42822
42845
42856
42860
42894
42947
42953
43025
43039
43048
43057
43060
43068
43083
43091
43092
43116
43139
43172
43186
43229
43258
43285
43294
43296
43315
43333
43353
43383
43414
43444
43492
43520
43521
43551
43591
43602
43603
43625
43643
43646
43677
43685
43739
43750
43764
43792
43814
43818
43875
43890
43917
43948
44008
44014
44029
44075
44130
44207
44237
44242
44264
44275
44340
44355
44370
44463
44481
44508
44509
44557
44558
44603
44606
44673
44706
44720
44747
44778
44818
44835
44837
44843
44844
44904
44911
44933
44977
44978
45011
45040
45067
45091
45104
45111
45130
45146
45250
45251
45342
45376
45418
45469
45494
45518
45526
45530
45546
45566
45593
45609
45616
45636
45648
45701
45742
45765
45787
45836
45839
45865
45885
45893
45913
45962
45987
46022
46026
46059
46079
46112
46117
46128
46181
46183
46201
46204
46218
46219
46289
46301
46385
46412
46435
46481
46486
46524
46554
46557
46567
46602
46613
46614
46630
46640
46661
46687
46697
46703
46742
46746
46762
46790
46810
46843
46849
46850
46871
46873
46883
46908
46918
46941
46965
46967
46972
47025
47038
47063
47078
47097
47106
47125
47136
47138
47156
47209
47247
47249
47252
47260
47312
47320
47348
47349
47374
47397
47403
47413
47439
47453
47546
47572
47589
47595
47600
47601
47752
47758
47769
47784
47787
47790
47814
47820
47830
47872
47925
47948
48004
48019
48081
48089
48132
48174
48196
48215
48246
48272
48318
48332
48344
48374
48380
48395
48408
48441
48490
48499
48579
48594
48660
48678
48680
48696
48705
48706
48767
48803
48806
48865
48917
48942
48959
48966
48970
48996
49007
49047
49058
49156
49171
49178
49188
49218
49236
49272
49276
49288
49292
49312
49316
49323
49349
49352
49361
49367
49374
49410
49440
49480
49492
49514
49568
49622
49645
49653
49735
49751
49785
49853
49909
49914
50008
50021
50024
50043
50075
50090
50126
50156
50157
50172
50217
50235
50240
50260
50288
50299
50300
50302
50310
50367
50413
50511
50554
50569
50603
50616
50626
50633
50635
50683
50748
50754
50756
50773
50781
50785
50847
50866
50954
50965
50991
50993
51034
51035
51054
51064
51123
51127
51128
51149
51153
51169
51220
51225
51235
51237
51286
51290
51296
51300
51314
51327
51329
51351
51353
51355
51382
51393
51395
51453
51497
51508
51557
51585
51594
51605
51671
51676
51679
51720
51750
51756
51794
51795
51816
51861
51890
51915
51942
51955
51980
52019
52074
52091
52182
52195
52196
52246
52261
52262
52307
52314
52348
52365
52377
52380
52384
52447
52471
52480
52492
52587
52591
52594
52597
52601
52643
52694
52709
52773
52787
52792
52797
52815
52819
52835
52850
52851
52856
52877
52895
52908
52912
52943
52979
53009
53010
53022
53027
53038
53052
53058
53064
53078
53092
53103
53137
53192
53218
53256
53288
53321
53322
53331
53344
53383
53387
53409
53412
53416
53429
53453
53455
53489
53495
53510
53523
53546
53549
53610
53648
53667
53673
53677
53689
53729
53745
53759
53763
53771
53776
53787
53803
53847
53850
53894
53963
54034
54046
54049
54097
54147
54174
54183
54212
54213
54218
54257
54261
54394
54423
54429
54467
54484
54503
54512
54514
54527
54531
54552
54573
54619
54646
54748
54750
54796
54805
54824
54834
54859
54912
54958
55007
55031
55042
55064
55098
55154
55184
55194
55211
55232
55243
55296
55323
55332
55344
55349
55364
55374
55415
55417
55458
55487
55605
55651
55685
55705
55748
55781
55788
55800
55820
55826
55891
55913
55960
55961
55984
56003
56043
56060
56061
56072
56087
56090
56103
56136
56153
56157
56186
56253
56269
56284
56296
56297
56330
56376
56384
56455
56492
56548
56595
56656
56666
56709
56712
56742
56788
56789
56815
56823
56856
56876
56881
56909
56980
57006
57027
57044
57051
57053
57055
57115
57126
57150
57153
57161
57169
57213
57217
57219
57221
57231
57280
57314
57334
57361
57378
57404
57405
57451
57453
57456
57511
57523
57567
57634
57639
57654
57657
57683
57696
57701
57727
57731
57758
57761
57779
57792
57813
57851
57894
57983
57988
58009
58023
58037
58048
58091
58119
58146
58153
58184
58189
58197
58218
58235
58246
58252
58294
58326
58346
58418
58456
58458
58488
58499
58526
58534
58553
58618
58636
58677
58679
58719
58724
58727
58734
58806
58830
58845
58855
58864
58885
58906
58928
58967
58988
58993
59019
59087
59094
59111
59125
59142
59146
59148
59150
59195
59217
59231
59236
59299
59300
59342
59400
59445
59449
59502
59583
59598
59614
59617
59629
59781
59806
59823
59839
59852
59917
59918
59948
59953
59963
59981
60028
60066
60077
60221
60242
60279
60288
60312
60338
60374
60399
60457
60506
60515
60525
60540
60543
60629
60669
60680
60704
60732
60734
60753
60765
60778
60779
60883
60911
60953
61016
61035
61071
61076
61101
61124
61140
61197
61247
61254
61273
61305
61307
61319
61327
61460
61481
61486
61510
61511
61528
61550
61570
61647
61677
61682
61683
61698
61709
61719
61724
61760
61785
61842
61864
61873
61897
61969
61980
61992
62034
62035
62075
62082
62087
62142
62159
62212
62231
62237
62254
62302
62329
62350
62352
62383
62388
62507
62563
62572
62606
62622
62679
62716
62724
62737
62881
62901
62920
62946
62949
62963
62974
62998
63021
63032
63053
63060
63094
63131
63155
63221
63234
63263
63371
63395
63399
63408
63414
63460
63505
63542
63553
63578
63600
63601
63607
63610
63620
63649
63749
63752
63772
63794
63802
63803
63835
63859
63864
63888
63898
63903
63926
63932
63967
64012
64039
64064
64096
64123
64180
64181
64226
64294
64301
64307
64319
64332
64359
64371
64405
64501
64552
64581
64589
64614
64629
64645
64670
64714
64741
64775
64807
64861
64864
64868
64906
64932
64943
64960
65024
65025
65072
65192
65218
65260
65273
65313
65318
65342
65343
65346
65357
65359
65368
65409
65426
65461
65465
65466
65494
65505
65523
65538
65547
65603
65652
65656
65681
65684
65706
65711
65738
65808
65815
65869
65879
65895
65916
65928
65945
65948
65959
65982
65987
65993
66031
66038
66039
66075
66077
66179
66200
66202
66218
66261
66285
66291
66315
66328
66347
66395
66466
66476
66481
66501
66517
66521
66534
66559
66572
66574
66591
66596
66605
66612
66672
66719
66781
66790
66828
66840
66868
66899
67004
67029
67048
67054
67081
67118
67137
67237
67275
67450
67452
67529
67544
67550
67579
67583
67594
67636
67637
67688
67714
67733
67755
67761
67766
67819
67839
67848
67857
67899
67933
67934
67939
67970
67989
68075
68105
68110
68142
68168
68205
68206
68226
68268
68296
68355
68387
68389
68410
68453
68460
68500
68528
68571
68586
68674
68677
68708
68730
68733
68738
68768
68838
68860
68884
68886
68919
68934
68956
68958
68960
68961
68983
69020
69053
69087
69090
69093
69103
69168
69189
69297
69314
69350
69478
69481
69520
69552
69576
69687
69690
69715
69749
69770
69782
69786
69810
69863
69869
69878
69879
69938
69989
70000
70010
70029
70043
70073
70076
70131
70145
70171
70174
70226
70304
70318
70327
70367
70388
70522
70547
70623
70652
70657
70659
70687
70785
70788
70797
70821
70831
70832
70879
70930
70951
71003
71027
71045
71069
71102
71118
71119
71133
71190
71254
71279
71324
71365
71374
71375
71385
71522
71545
71547
71549
71575
71593
71602
71656
71678
71701
71703
71747
71749
71750
71782
71814
71840
71858
71864
71884
71888
71896
71979
71993
72000
72021
72056
72075
72090
72127
72132
72182
72211
72213
72215
72227
72233
72290
72325
72358
72362
72377
72408
72466
72475
72535
72544
72589
72620
72659
72668
72682
72718
72756
72770
72799
72848
72934
72953
73015
73019
73022
73086
73110
73116
73121
73154
73157
73179
73187
73191
73200
73212
73252
73287
73321
73381
73390
73412
73440
73446
73452
73461
73524
73539
73575
73615
73740
73741
73774
73784
73819
73842
73865
73893
73895
73922
73923
73967
73975
74004
74011
74030
74043
74048
74109
74137
74192
74228
74258
74284
74315
74332
74340
74364
74433
74445
74470
74477
74508
74520
74561
74568
74606
74632
74666
74701
74710
74717
74719
74727
74779
74843
74904
74911
74922
74950
74963
74964
74985
75020
75048
75053
75071
75095
75102
75131
75149
75198
75234
75355
75364
75366
75389
75392
75400
75426
75457
75462
75496
75585
75675
75682
75712
75738
75743
75792
75801
75827
75837
75838
75857
75894
75935
75966
75977
76080
76099
76113
76122
76150
76164
76169
76179
76211
76242
76302
76305
76319
76333
76381
76390
76409
76442
76460
76520
76539
76565
76584
76597
76607
76643
76668
76704
76711
76795
76819
76823
76844
76913
76967
76999
77018
77022
77031
77076
77110
77126
77128
77135
77196
77227
77368
77386
77410
77442
77549
77591
77615
77637
77677
77682
77695
77699
77773
77775
77778
77816
77847
77848
77851
77869
77886
77972
77975
77981
78013
78060
78061
78125
78126
78147
78166
78197
78246
78267
78269
78294
78307
78358
78387
78391
78442
78455
78462
78465
78495
78496
78506
78537
78553
78578
78581
78632
78680
78737
78776
78785
78792
78865
78866
78929
78978
78981
79018
79036
79066
79147
79161
79193
79198
79228
79272
79279
79280
79289
79304
79320
79345
79372
79389
79427
79444
79459
79504
79624
79627
79633
79642
79666
79698
79717
79733
79759
79764
79766
79767
79770
79787
79809
79871
79927
79941
79992
79998
80084
80115
80125
80174
80195
80203
80209
80216
80247
80285
80286
80309
80340
80366
80368
80370
80371
80394
80436
80452
80475
80508
80517
80581
80608
80642
80646
80652
80697
80725
80732
80768
80778
80786
80794
80803
80854
80865
80921
80926
80968
81032
81049
81051
81064
81065
81099
81100
81124
81126
81159
81165
81175
81191
81220
81232
81240
81251
81253
81257
81266
81395
81421
81442
81444
81544
81559
81629
81630
81648
81669
81707
81711
81760
81781
81784
81797
81827
81831
81886
81896
81917
81939
82011
82117
82123
82127
82149
82152
82156
82160
82167
82178
82200
82285
82312
82317
82322
82324
82368
82415
82425
82443
82448
82507
82531
82562
82612
82632
82646
82738
82749
82798
82826
82827
82831
82835
82906
82907
82938
82952
83031
83080
83086
83114
83201
83252
83269
83346
83382
83472
83526
83542
83562
83564
83566
83587
83627
83632
83655
83672
83691
83705
83733
83767
83797
83858
83886
83893
83946
83949
83958
83991
84008
84010
84020
84047
84061
84062
84125
84142
84177
84178
84234
84267
84279
84292
84324
84341
84357
84386
84433
84438
84497
84508
84517
84549
84560
84562
84590
84630
84647
84712
84726
84733
84747
84749
84781
84788
84795
84845
84848
84934
84942
84950
85007
85039
85078
85098
85141
85164
85170
85209
85233
85250
85253
85269
85303
85338
85355
85393
85419
85429
85446
85471
85492
85495
85504
85527
85571
85579
85604
85616
85647
85730
85743
85746
85766
85774
85848
85857
85894
85919
85932
85960
85975
86015
86017
86023
86066
86120
86126
86169
86192
86284
86313
86367
86380
86414
86451
86534
86559
86573
86577
86595
86606
86626
86633
86660
86678
86680
86744
86843
86946
86991
87096
87164
87166
87213
87216
87223
87260
87303
87312
87377
87381
87430
87445
87499
87507
87545
87568
87593
87606
87607
87624
87635
87667
87674
87710
87725
87843
87907
87909
87939
87946
87973
87988
87995
88004
88015
88083
88106
88161
88183
88191
88257
88270
88274
88279
88305
88310
88321
88331
88334
88344
88361
88381
88389
88421
88469
88470
88487
88492
88513
88565
88629
88641
88779
88784
88802
88901
88932
88935
88948
88956
88970
88978
88992
89004
89057
89097
89178
89292
89388
89424
89426
89516
89557
89573
89581
89618
89628
89638
89664
89708
89748
89749
89754
89796
89798
89802
89817
89833
89897
89924
89928
89958
89999
90020
90045
90083
90102
90137
90165
90181
90208
90247
90249
90260
90268
90286
90301
90307
90309
90340
90370
90494
90580
90616
90631
90634
90664
90724
90789
90811
90817
90824
90830
90840
90887
90889
90923
90930
90935
90945
90946
90978
90980
90993
91001
91021
91030
91047
91062
91064
91101
91102
91122
91130
91168
91173
91180
91203
91250
91253
91270
91276
91277
91348
91422
91434
91464
91522
91526
91552
91597
91648
91651
91716
91736
91749
91751
91822
91896
91911
91943
92010
92077
92114
92135
92139
92151
92190
92195
92209
92227
92242
92249
92259
92409
92480
92497
92530
92606
92613
92626
92661
92664
92668
92695
92711
92723
92727
92734
92804
92810
92822
92833
92923
92932
92996
93058
93070
93088
93089
93102
93107
93115
93178
93186
93204
93230
93371
93372
93401
93407
93431
93445
93451
93473
93498
93525
93527
93553
93625
93631
93693
93704
93824
93865
93870
93891
93894
93912
93948
94016
94028
94043
94087
94100
94101
94102
94113
94125
94197
94246
94256
94271
94280
94312
94328
94341
94348
94368
94459
94484
94487
94520
94562
94569
94576
94593
94607
94613
94625
94753
94771
94778
94784
94794
94795
94805
94831
94832
94853
94878
94927
94939
94941
94984
95108
95134
95137
95161
95168
95196
95200
95366
95368
95390
95439
95473
95507
95539
95560
95591
95625
95628
95643
95657
95667
95705
95744
95772
95793
95952
96050
96605
96614
96618
97027
97237
97249
97380
98606
99451
99553
100017
103982
104610
109188
109887
111661
118253
119057
124857
125022
125892
127150
150446
151857
152270
152463
152819
152897
152954
153152
153180
153181
153331
153373
153464
153878
154060
154644
155013
155096
155415
155560
155687
155700
155794
155825
155953
156470
157554
157828
158090
158286
158335
158670
158707
158938
159112
159155
159174
159251
159472
159676
160613
160617
160770
160843
160845
160923
161063
161126
161212
161284
161760
161910
162069
162085
162186
162362
162572
162780
163264
163449
163566
163981
164013
164132
164199
164213
164301
164326
164369
164573
164614
164728
164993
165088
165091
165233
165266
165353
165419
165522
165771
165843
166141
166144
166326
166741
167174
167542
167558
167597
167690
167959
168053
168322
168671
168825
168914
169006
169121
169260
169612
169706
169946
170211
170566
170596
170728
170820
170890
171017
171203
171690
171765
171841
171931
171947
171963
172011
172031
172037
172141
172499
173340
173580
174277
174677
174789
174818
176010
176051
176502
176574
176635
177005
177376
177377
177751
177974
178048
178436
178649
178708
178831
178848
178855
178895
179023
179309
179453
179579
180075
180146
180183
180502
180848
181299
181385
181466
181502
181546
181547
181738
181962
182171
182252
182605
182643
182654
182686
182756
182986
183276
184453
185380
185671
185851
185997
186202
186266
186352
186435
186481
186761
186830
187003
187112
187259
187327
187375
187697
188051
188163
188450
188643
189068
189085
189200
189674
190000
190414
190509
191267
191591
191677
191707
191716
191771
192002
192029
192294
192370
192405
192642
192842
193387
193420
193446
193798
194176
194708
194870
195248
195395
195694
195715
195849
195961
196457
196588
196772
196779
196967
197019
197041
197389
197390
197792
197962
198537
199032
199264
199304
199442
199550
199630
199652
199698
199714
199736
199889
200271
200477
200504
200506
200755
200899
201056
201128
201143
201388
201636
201699
201898
202564
203126
203244
203436
203437
203620
203642
203900
204188
204665
204894
205176
205419
205449
205491
205586
206422
206571
206713
206757
207010
207031
207083
207207
207430
207550
207987
208017
208060
208089
208162
208268
208609
208649
208710
208758
209081
209370
209490
209702
209814
209919
210453
211415
211555
211771
211804
212161
212165
212422
212425
212518
212747
212748
213081
213082
213294
213444
213635
213675
213742
213921
214157
214405
214459
214465
215413
215469
216422
216728
216959
217066
217422
218186
218246
218275
218404
218643
219688
220021
220226
220421
220457
220657
221274
221548
221590
221955
222237
222266
222868
223090
223480
223614
223653
223812
224268
224309
224315
224512
224546
224605
224757
225108
225203
225353
225358
225473
225712
225896
226133
226706
226745
226958
227198
227293
227469
227470
227519
227834
227920
227969
228326
228427
228896
229166
229615
229950
230228
230604
230608
230737
230797
230842
230937
230938
231039
231153
231158
231294
231306
231424
231442
231580
231635
231771
231982
232107
232178
232213
232888
232892
233071
233194
233233
233677
233700
233962
234074
235571
236281
236341
236685
236862
236906
236934
236946
236988
237174
237270
237295
237396
237409
237636
237766
237849
238257
238421
238423
238477
238617
238687
238957
239004
239466
239513
239768
240002
240013
240887
240947
241067
241422
241783
241983
242038
242044
242269
242557
242694
243219
243220
243319
243559
243839
243883
244158
244381
244382
244476
244625
244765
244803
244854
245055
245056
245374
245442
245583
245627
245796
246040
246120
246220
246405
248066
124
125
126
127
128
130
131
132
133
134
137
138
139
140
141
142
143
144
145
148
149
150
151
152
153
154
155
156
159
160
161
162
163
164
165
166
167
168
169
170
172
173
174
175
176
177
178
179
180
181
182
183
184
185
186
187
189
190
192
193
194
196
199
200
201
202
203
204
205
206
207
208
209
210
211
212
213
214
215
217
218
227
252
317
422
546
584
764
774
820
845
865
953
964
987
1033
1087
1096
1108
1177
1225
1232
1233
1241
1281
1337
1383
1403
1424
1486
1499
1504
1517
1561
1598
1613
1614
1621
1629
1677
1694
1729
1731
1735
1739
1747
1751
1758
1775
1800
1813
1823
1863
1886
1903
1907
1914
1939
1961
1963
1976
1978
1991
1997
2013
2023
2040
2062
2067
2071
2079
2102
2115
2118
2125
2157
2207
2214
2219
2230
2240
2242
2245
2249
2268
2281
2289
2317
2347
2363
2375
2386
2395
2398
2409
2411
2417
2419
2449
2451
2455
2546
2584
2620
2671
2672
2687
2693
2696
2698
2728
2761
2819
2853
2862
2886
2927
2941
2960
3011
3064
3068
3080
3100
3116
3119
3121
3206
3230
3236
3259
3261
3265
3293
3303
3304
3341
3368
3450
3452
3453
3454
3475
3484
3530
3551
3560
3582
3592
3607
3616
3629
3630
3643
3652
3657
3767
3824
3825
3846
3857
3861
3871
3880
3893
3894
3904
3907
3941
3973
4018
4033
4039
4061
4085
4096
4113
4118
4121
4153
4157
4163
4172
4174
4198
4231
4264
4280
4295
4301
4305
4311
4326
4333
4349
4359
4363
4383
4388
4399
4402
4403
4408
4411
4453
4484
4513
4527
4533
4572
4576
4579
4597
4604
4614
4640
4641
4646
4652
4655
4669
4685
4709
4726
4728
4731
4733
4753
4755
4760
4812
4819
4835
4857
4865
4870
4872
4893
4894
4901
4905
4915
4930
4940
4957
4966
4969
4975
4988
4999
5006
5017
5033
5034
5051
5054
5060
5063
5083
5092
5103
5107
5113
5145
5153
5156
5159
5163
5195
5196
5233
5241
5250
5256
5260
5266
5279
5294
5295
5301
5311
5325
5329
5336
5389
5393
5398
5410
5421
5422
5452
5465
5470
5476
5504
5538
5542
5543
5547
5556
5569
5580
5581
5613
5616
5624
5625
5644
5663
5669
5679
5719
5720
5724
5729
5744
5747
5760
5766
5773
5797
5806
5809
5810
5811
5828
5831
5835
5841
5845
5859
5866
5867
5873
5881
5885
5890
5892
5957
5958
5960
5962
5965
5967
5973
5977
5993
6002
6010
6016
6023
6029
6034
6048
6055
6075
6096
6100
6115
6116
6120
6123
6135
6143
6147
6153
6159
6168
6191
6194
6215
6219
6230
6240
6247
6270
6272
6274
6291
6303
6317
6329
6335
6340
6346
6366
6384
6388
6389
6407
6412
6413
6423
6432
6444
6474
6475
6484
6485
6490
6493
6495
6499
6506
6509
6535
6559
6562
6585
6586
6597
6598
6610
6619
6621
6628
6654
6671
6682
6683
6691
6710
6719
6722
6732
6733
6736
6753
6757
6760
6777
6786
6808
6815
6822
6827
6828
6831
6840
6841
6845
6883
6884
6888
6890
6894
6896
6904
6919
6930
6938
6954
6955
6956
6959
6963
6981
6993
7000
7015
7034
7046
7051
7052
7053
7069
7084
7085
7089
7097
7103
7105
7109
7114
7115
7128
7138
7149
7152
7158
7168
7178
7180
7196
7203
7204
7215
7216
7218
7219
7235
7237
7257
7264
7266
7273
7282
7291
7293
7300
7306
7311
7312
7323
7331
7347
7349
7356
7357
7358
7375
7388
7400
7405
7406
7414
7422
7443
7452
7456
7471
7475
7477
7485
7486
7490
7491
7502
7513
7524
7536
7550
7555
7567
7572
7577
7595
7599
7603
7623
7630
7631
7635
7639
7646
7688
7702
7707
7721
7740
7741
7746
7750
7753
7754
7759
7766
7801
7802
7814
7816
7835
7864
7868
7882
7889
7893
7894
7895
7901
7914
7921
7925
7927
7928
7953
7954
7959
7961
7970
7971
7975
7992
7996
8004
8009
8031
8035
8048
8063
8089
8093
8100
8105
8111
8124
8131
8138
8143
8148
8175
8183
8226
8235
8247
8256
8267
8270
8273
8277
8283
8292
8301
8325
8326
8330
8331
8356
8370
8382
8384
8399
8401
8407
8414
8424
8450
8463
8512
8513
8515
8517
8518
8527
8528
8537
8538
8542
8551
8567
8568
8572
8576
8587
8599
8603
8607
8608
8609
8617
8620
8633
8648
8650
8664
8674
8675
8682
8683
8688
8691
8693
8709
8715
8724
8726
8730
8738
8740
8745
8769
8781
8789
8792
8793
8795
8802
8814
8816
8830
8832
8841
8859
8870
8885
8909
8918
8939
8946
8954
8964
8965
8967
8975
8983
8986
8998
9005
9014
9016
9056
9058
9074
9078
9081
9083
9091
9099
9108
9120
9122
9126
9127
9130
9135
9137
9140
9142
9145
9151
9160
9161
9169
9173
9174
9177
9179
9185
9198
9199
9206
9224
9225
9228
9232
9245
9246
9248
9256
9258
9259
9260
9275
9288
9289
9291
9294
9295
9300
9316
9320
9329
9334
9349
9350
9359
9360
9364
9365
9377
9382
9396
9406
9422
9429
9440
9450
9456
9462
9491
9498
9511
9517
9519
9523
9530
9531
9533
9541
9544
9547
9561
9577
9578
9589
9591
9595
9598
9604
9606
9608
9618
9629
9631
9644
9661
9677
9678
9682
9717
9718
9728
9736
9756
9759
9776
9777
9784
9792
9794
9800
9803
9810
9836
9839
9844
9850
9852
9866
9869
9873
9875
9876
9887
9893
9898
9908
9910
9913
9914
9916
9921
9934
9935
9938
9939
9942
9946
9953
9961
9968
9972
9977
9985
9993
9996
10007
10026
10035
10043
10045
10051
10062
10064
10068
10072
10075
10081
10084
10093
10096
10099
10100
10109
10119
10127
10129
10131
10148
10149
10153
10154
10158
10161
10167
10176
10199
10221
10224
10227
10237
10244
10246
10249
10251
10271
10274
10323
10326
10328
10353
10363
10367
10385
10389
10394
10395
10410
10418
10421
10439
10448
10449
10455
10465
10496
10514
10516
10520
10538
10541
10544
10546
10547
10549
10555
10556
10563
10566
10567
10568
10571
10572
10577
10586
10599
10607
10609
10622
10623
10628
10629
10638
10645
10647
10648
10651
10652
10654
10668
10670
10671
10683
10688
10689
10692
10716
10718
10722
10731
10745
10748
10750
10753
10770
10777
10780
10783
10784
10785
10788
10797
10798
10802
10803
10821
10823
10826
10827
10831
10848
10849
10850
10854
10855
10871
10874
10879
10880
10881
10888
10891
10904
10909
10922
10935
10940
10941
10942
10961
10975
10983
10992
10994
10998
11001
11003
11004
11005
11017
11023
11035
11037
11042
11050
11054
11056
11059
11062
11067
11068
11070
11082
11094
11097
11103
11130
11138
11162
11166
11178
11184
11191
11200
11226
11235
11243
11247
11275
11277
11281
11282
11288
11289
11303
11335
11338
11345
11364
11366
11370
11373
11374
11381
11384
11392
11405
11408
11412
11418
11423
11427
11437
11445
11446
11449
11458
11460
11462
11463
11464
11468
11473
11475
11479
11485
11487
11502
11507
11515
11520
11522
11530
11537
11546
11558
11562
11575
11577
11582
11584
11586
11596
11598
11599
11600
11612
11613
11624
11647
11657
11675
11705
11711
11713
11714
11725
11726
11731
11732
11736
11738
11739
11749
11754
11769
11773
11777
11779
11792
11796
11797
11802
11812
11826
11828
11831
11841
11845
11866
11867
11876
11885
11887
11891
11903
11907
11913
11915
11920
11922
11923
11929
11933
11935
11945
11951
11953
11966
11970
11978
11989
11996
11998
12002
12004
12005
12010
12012
12014
12016
12020
12027
12030
12031
12032
12033
12038
12047
12053
12057
12061
12064
12065
12069
12074
12075
12085
12094
12108
12113
12121
12122
12124
12127
12129
12136
12142
12144
12158
12170
12172
12177
12181
12186
12190
12198
12203
12206
12209
12212
12213
12223
12226
12229
12236
12248
12252
12256
12260
12274
12276
12280
12284
12289
12290
12318
12319
12328
12329
12330
12332
12344
12357
12360
12369
12371
12372
12374
12378
12382
12383
12399
12403
12407
12434
12438
12445
12446
12447
12451
12467
12469
12470
12474
12476
12481
12487
12496
12498
12510
12511
12512
12514
12519
12534
12537
12546
12555
12560
12565
12570
12589
12592
12593
12595
12599
12605
12608
12614
12625
12627
12632
12634
12635
12652
12657
12658
12661
12666
12667
12676
12677
12687
12691
12694
12699
12701
12702
12708
12710
12711
12712
12714
12729
12730
12761
12762
12764
12770
12778
12783
12790
12798
12810
12812
12827
12831
12835
12839
12848
12856
12862
12871
12872
12879
12892
12893
12897
12902
12905
12930
12933
12940
12941
12944
12956
12962
12963
12970
12971
12972
12978
12981
12982
12989
12990
12992
12999
13005
13008
13009
13020
13025
13032
13040
13052
13070
13072
13074
13078
13090
13096
13100
13113
13117
13125
13127
13130
13134
13135
13136
13147
13149
13150
13152
13159
13167
13169
13170
13174
13189
13192
13195
13197
13203
13210
13219
13220
13225
13231
13234
13241
13265
13272
13275
13291
13292
13294
13299
13300
13302
13306
13313
13314
13318
13321
13326
13327
13335
13342
13347
13352
13361
13368
13380
13381
13401
13406
13408
13413
13420
13422
13424
13431
13433
13436
13443
13445
13446
13461
13466
13467
13469
13471
13479
13484
13488
13493
13495
13502
13507
13510
13516
13517
13523
13526
13527
13528
13530
13532
13544
13549
13551
13562
13576
13577
13589
13599
13601
13603
13604
13607
13608
13610
13615
13619
13620
13621
13622
13625
13627
13630
13633
13639
13641
13644
13645
13647
13649
13650
13656
13659
13672
13676
13678
13680
13686
13689
13696
13700
13703
13710
13711
13719
13720
13728
13729
13737
13739
13743
13757
13768
13770
13774
13778
13782
13785
13790
13796
13799
13800
13816
13819
13824
13828
13833
13836
13841
13844
13845
13856
13859
13869
13871
13872
13883
13886
13887
13889
13892
13894
13895
13905
13915
13919
13922
13930
13931
13934
13937
13938
13941
13949
13952
13953
13956
13958
13959
13978
13988
13994
13997
14001
14002
14007
14010
14017
14033
14042
14049
14052
14054
14062
14066
14070
14091
14093
14096
14099
14101
14111
14123
14126
14127
14133
14139
14140
14146
14150
14154
14158
14173
14200
14201
14209
14211
14221
14223
14232
14249
14250
14253
14259
14270
14275
14277
14279
14295
14296
14298
14302
14303
14305
14310
14315
14317
14321
14324
14326
14342
14348
14350
14353
14355
14357
14359
14360
14363
14364
14366
14379
14389
14391
14396
14405
14409
14412
14415
14422
14424
14425
14433
14439
14455
14462
14478
14479
14487
14491
14494
14495
14498
14506
14510
14516
14521
14527
14529
14536
14538
14550
14557
14564
14566
14568
14571
14578
14579
14581
14582
14584
14591
14592
14593
14597
14602
14604
14612
14616
14620
14627
14631
14633
14638
14639
14640
14643
14652
14655
14662
14666
14667
14668
14675
14686
14692
14694
14697
14699
14700
14704
14719
14723
14724
14729
14753
14761
14763
14766
14767
14769
14772
14776
14786
14790
14805
14806
14815
14820
14828
14829
14841
14843
14845
14847
14850
14851
14853
14869
14873
14875
14876
14878
14882
14889
14891
14896
14903
14904
14919
14920
14922
14924
14925
14930
14935
14941
14942
14945
14946
14947
14948
14949
14954
14956
14966
14982
14983
14985
14986
14990
14994
15004
15012
15014
15017
15021
15023
15024
15026
15032
15033
15034
15046
15053
15056
15059
15061
15068
15073
15076
15079
15081
15084
15085
15091
15095
15099
15102
15110
15111
15112
15125
15126
15127
15139
15143
15147
15148
15149
15152
15154
15158
15159
15163
15165
15172
15180
15181
15185
15187
15188
15195
15212
15216
15230
15237
15245
15247
15253
15254
15256
15258
15261
15266
15274
15276
15281
15283
15287
15292
15293
15300
15317
15334
15343
15348
15356
15357
15368
15385
15386
15398
15416
15419
15424
15442
15443
15447
15456
15457
15458
15459
15461
15468
15477
15479
15481
15482
15492
15498
15502
15508
15509
15517
15519
15521
15522
15531
15533
15534
15538
15543
15553
15554
15558
15562
15565
15573
15576
15580
15590
15591
15602
15605
15607
15617
15621
15624
15630
15641
15642
15643
15652
15657
15658
15669
15681
15682
15684
15691
15709
15712
15713
15714
15717
15729
15730
15753
15755
15757
15760
15762
15763
15765
15777
15779
15780
15791
15798
15800
15801
15807
15811
15817
15819
15823
15826
15841
15852
15856
15874
15879
15881
15883
15885
15890
15908
15909
15912
15913
15914
15916
15917
15921
15935
15940
15942
15944
15954
15963
15975
15982
15984
15989
15990
15995
15997
16002
16003
16013
16028
16032
16046
16047
16054
16057
16062
16071
16072
16074
16082
16084
16088
16090
16098
16113
16118
16120
16123
16130
16133
16135
16139
16142
16151
16152
16153
16157
16166
16170
16173
16176
16179
16181
16182
16185
16186
16193
16200
16203
16206
16215
16222
16223
16226
16227
16232
16235
16242
16244
16255
16256
16259
16263
16264
16265
16266
16267
16269
16273
16278
16281
16283
16284
16286
16287
16289
16292
16294
16303
16304
16310
16313
16316
16317
16322
16328
16331
16333
16334
16342
16344
16355
16357
16362
16367
16370
16372
16375
16383
16387
16388
16391
16392
16395
16405
16416
16423
16426
16427
16433
16434
16437
16441
16446
16449
16450
16455
16457
16458
16459
16460
16462
16464
16467
16470
16479
16481
16483
16488
16489
16495
16498
16503
16504
16511
16514
16527
16530
16533
16536
16537
16541
16550
16553
16554
16555
16557
16559
16564
16571
16580
16581
16582
16584
16588
16589
16592
16595
16596
16601
16604
16608
16611
16616
16621
16625
16627
16633
16635
16641
16650
16652
16657
16660
16663
16665
16667
16669
16678
16680
16684
16688
16689
16695
16697
16700
16702
16710
16711
16716
16718
16719
16728
16730
16731
16745
16750
16763
16767
16780
16785
16791
16792
16796
16797
16801
16802
16806
16808
16811
16812
16822
16827
16840
16841
16851
16852
16854
16857
16868
16869
16872
16879
16887
16892
16896
16897
16902
16907
16919
16922
16925
16931
16945
16948
16950
16951
16953
16956
16957
16958
16967
16974
16990
16992
16993
17001
17014
17017
17025
17026
17029
17031
17032
17036
17048
17050
17053
17055
17056
17057
17063
17065
17069
17072
17074
17075
17088
17093
17095
17097
17100
17103
17104
17105
17106
17109
17113
17116
17119
17124
17129
17131
17134
17137
17138
17139
17141
17146
17151
17159
17160
17165
17170
17173
17178
17179
17184
17194
17196
17202
17203
17206
17211
17216
17222
17226
17230
17236
17242
17245
17250
17255
17256
17258
17259
17267
17271
17275
17276
17285
17286
17288
17301
17303
17305
17306
17315
17327
17329
17330
17333
17337
17338
17341
17342
17343
17348
17350
17351
17352
17354
17364
17365
17366
17367
17368
17378
17379
17386
17387
17395
17400
17407
17409
17411
17414
17415
17416
17417
17418
17419
17428
17432
17449
17460
17468
17472
17473
17475
17477
17478
17488
17499
17505
17511
17520
17521
17522
17527
17530
17531
17536
17547
17552
17553
17556
17558
17559
17569
17586
17595
17601
17603
17605
17611
17615
17618
17619
17621
17626
17630
17631
17641
17644
17646
17647
17653
17654
17658
17660
17665
17672
17676
17678
17684
17687
17688
17689
17692
17694
17702
17704
17707
17711
17713
17716
17719
17729
17731
17732
17734
17739
17746
17749
17757
17772
17777
17779
17780
17781
17783
17790
17799
17805
17807
17808
17816
17817
17821
17825
17826
17827
17836
17837
17838
17842
17846
17847
17849
17850
17858
17862
17863
17871
17875
17876
17886
17889
17893
17894
17895
17903
17905
17911
17922
17924
17934
17935
17937
17939
17941
17942
17951
17966
17968
17975
17976
17980
17983
17984
17986
17989
17993
18001
18012
18015
18019
18026
18027
18033
18039
18042
18045
18058
18059
18060
18061
18062
18064
18067
18073
18076
18077
18095
18096
18097
18099
18102
18110
18111
18113
18121
18123
18127
18130
18133
18134
18135
18138
18147
18150
18159
18161
18167
18181
18185
18189
18190
18196
18197
18213
18225
18228
18231
18240
18243
18245
18249
18251
18256
18259
18262
18271
18273
18279
18281
18286
18287
18289
18292
18293
18294
18297
18303
18310
18312
18314
18317
18318
18320
18321
18324
18325
18328
18329
18333
18337
18339
18348
18355
18361
18363
18365
18366
18368
18372
18380
18386
18398
18414
18419
18421
18427
18429
18430
18432
18433
18437
18438
18440
18441
18444
18448
18449
18451
18454
18463
18472
18478
18480
18481
18489
18490
18494
18495
18497
18501
18507
18508
18511
18515
18529
18540
18548
18556
18561
18563
18570
18571
18575
18580
18581
18582
18595
18602
18603
18604
18609
18620
18621
18623
18624
18625
18628
18629
18634
18635
18636
18637
18640
18647
18659
18663
18665
18666
18669
18672
18674
18678
18679
18681
18684
18688
18692
18694
18696
18698
18699
18703
18708
18711
18712
18723
18727
18728
18731
18737
18742
18744
18749
18753
18759
18762
18764
18765
18767
18768
18771
18774
18775
18784
18785
18786
18789
18792
18793
18798
18799
18800
18802
18803
18806
18808
18815
18823
18825
18832
18845
18848
18851
18852
18856
18860
18861
18862
18870
18885
18888
18889
18891
18898
18903
18908
18911
18914
18915
18925
18928
18931
18943
18947
18951
18953
18956
18963
18965
18968
18972
18976
18979
18982
18984
18994
18996
18999
19005
19009
19010
19015
19016
19021
19022
19026
19029
19035
19036
19037
19040
19049
19054
19062
19066
19067
19069
19071
19073
19075
19084
19085
19090
19091
19092
19093
19096
19105
19118
19121
19127
19131
19134
19138
19144
19147
19148
19149
19151
19154
19158
19160
19164
19165
19168
19171
19176
19184
19196
19198
19199
19203
19204
19215
19217
19219
19227
19230
19234
19235
19236
19238
19243
19244
19245
19247
19250
19257
19263
19267
19270
19273
19282
19286
19288
19289
19295
19302
19309
19316
19322
19323
19326
19327
19328
19330
19338
19343
19347
19356
19357
19360
19361
19365
19369
19374
19376
19377
19380
19385
19391
19394
19397
19399
19403
19414
19415
19416
19419
19426
19428
19431
19436
19437
19438
19439
19442
19445
19450
19451
19453
19454
19456
19459
19462
19466
19472
19479
19485
19494
19495
19496
19497
19501
19502
19507
19514
19518
19519
19523
19531
19540
19544
19545
19546
19548
19554
19558
19571
19574
19576
19578
19582
19587
19595
19597
19606
19607
19608
19609
19614
19622
19624
19637
19640
19642
19647
19648
19656
19664
19665
19679
19680
19683
19684
19685
19692
19701
19706
19709
19714
19715
19721
19728
19736
19737
19742
19743
19746
19749
19750
19756
19757
19758
19759
19762
19769
19770
19771
19774
19779
19780
19782
19784
19785
19791
19799
19801
19802
19803
19804
19817
19818
19819
19828
19832
19836
19847
19856
19862
19864
19871
19875
19876
19880
19882
19884
19886
19890
19891
19895
19897
19898
19903
19905
19906
19907
19909
19915
19917
19919
19920
19925
19928
19929
19937
19938
19947
19952
19955
19956
19958
19964
19966
19967
19971
19979
19982
19985
19992
19993
19994
19997
19999
20008
20023
20033
20037
20039
20041
20047
20051
20055
20061
20065
20067
20070
20074
20081
20083
20084
20091
20096
20099
20102
20103
20108
20118
20119
20128
20133
20136
20141
20148
20150
20154
20157
20159
20168
20177
20180
20186
20187
20188
20190
20196
20198
20200
20201
20202
20203
20205
20207
20210
20214
20219
20224
20234
20238
20240
20241
20242
20247
20248
20251
20252
20253
20258
20261
20264
20272
20278
20284
20289
20291
20292
20298
20300
20301
20313
20320
20329
20336
20339
20347
20349
20354
20355
20369
20371
20380
20383
20395
20399
20401
20402
20403
20404
20410
20418
20423
20425
20426
20429
20443
20445
20450
20451
20452
20458
20462
20463
20468
20478
20481
20486
20490
20491
20493
20517
20526
20527
20528
20529
20530
20534
20535
20544
20548
20551
20553
20556
20557
20560
20562
20565
20571
20573
20577
20578
20581
20591
20597
20602
20605
20606
20608
20614
20617
20628
20637
20639
20643
20649
20651
20661
20666
20673
20674
20676
20681
20686
20687
20690
20697
20698
20709
20710
20717
20721
20726
20737
20745
20746
20753
20756
20760
20767
20779
20780
20783
20786
20787
20795
20801
20802
20806
20809
20813
20816
20817
20823
20830
20831
20835
20838
20839
20842
20850
20855
20859
20866
20867
20869
20870
20873
20885
20891
20892
20893
20896
20898
20900
20902
20903
20907
20912
20914
20917
20921
20925
20928
20931
20932
20935
20936
20944
20947
20962
20977
20982
20985
20989
20995
20996
20997
20998
21006
21007
21012
21020
21021
21028
21032
21034
21036
21039
21043
21045
21053
21057
21058
21060
21062
21063
21064
21067
21069
21071
21073
21075
21082
21084
21086
21098
21120
21125
21129
21130
21133
21137
21140
21151
21152
21153
21157
21162
21169
21175
21178
21182
21187
21190
21191
21193
21194
21195
21201
21208
21212
21216
21217
21223
21230
21231
21237
21239
21243
21245
21247
21263
21265
21266
21267
21268
21271
21275
21277
21287
21296
21298
21300
21304
21311
21313
21315
21317
21318
21319
21320
21326
21331
21338
21339
21348
21350
21352
21353
21355
21361
21364
21371
21379
21382
21385
21386
21392
21393
21396
21404
21406
21409
21411
21421
21428
21431
21432
21441
21445
21446
21448
21450
21460
21462
21466
21468
21469
21470
21471
21474
21476
21480
21484
21486
21492
21493
21499
21501
21502
21508
21514
21519
21522
21528
21534
21545
21546
21550
21552
21554
21570
21576
21583
21584
21585
21587
21594
21596
21601
21608
21611
21617
21625
21636
21641
21644
21646
21651
21653
21654
21655
21656
21657
21662
21664
21668
21669
21673
21686
21687
21689
21696
21702
21705
21706
21717
21719
21720
21722
21723
21724
21727
21738
21741
21742
21744
21749
21751
21752
21754
21757
21762
21763
21770
21771
21776
21781
21785
21786
21788
21789
21797
21799
21802
21803
21806
21807
21809
21810
21816
21818
21819
21821
21823
21829
21830
21832
21834
21836
21839
21841
21847
21856
21857
21862
21865
21866
21875
21876
21879
21882
21884
21886
21889
21900
21913
21914
21918
21920
21922
21930
21931
21932
21933
21935
21936
21937
21942
21943
21944
21950
21954
21955
21958
21959
21960
21967
21972
21975
21980
21981
21983
21984
21996
21997
22011
22012
22015
22018
22029
22035
22037
22039
22049
22051
22056
22058
22059
22065
22069
22074
22077
22078
22079
22083
22089
22091
22092
22094
22099
22105
22110
22111
22115
22118
22130
22140
22146
22148
22152
22155
22156
22158
22161
22164
22173
22174
22183
22187
22189
22192
22198
22199
22201
22202
22204
22205
22210
22212
22215
22216
22218
22220
22224
22229
22234
22237
22240
22243
22244
22261
22262
22264
22268
22269
22272
22276
22279
22282
22286
22288
22292
22293
22297
22299
22303
22311
22312
22314
22321
22323
22329
22333
22337
22340
22343
22345
22346
22347
22352
22354
22356
22359
22364
22366
22368
22376
22378
22385
22388
22390
22394
22397
22398
22400
22402
22403
22404
22407
22423
22425
22434
22438
22454
22457
22459
22472
22474
22478
22486
22489
22490
22492
22495
22497
22498
22499
22500
22504
22506
22508
22519
22520
22522
22531
22533
22535
22539
22541
22543
22545
22547
22548
22549
22552
22554
22555
22557
22561
22567
22568
22571
22574
22575
22593
22603
22605
22607
22609
22616
22620
22628
22639
22646
22647
22650
22653
22654
22655
22657
22660
22661
22662
22665
22667
22669
22673
22677
22679
22681
22683
22688
22689
22693
22694
22704
22706
22708
22712
22719
22720
22722
22723
22726
22727
22734
22735
22736
22742
22745
22751
22752
22762
22780
22781
22786
22787
22790
22795
22796
22798
22803
22804
22808
22810
22816
22818
22820
22823
22829
22836
22837
22844
22848
22850
22851
22853
22855
22861
22865
22867
22871
22874
22875
22878
22880
22883
22886
22888
22896
22904
22905
22907
22908
22909
22911
22913
22914
22915
22919
22922
22923
22932
22934
22935
22936
22937
22938
22939
22951
22954
22959
22961
22962
22971
22972
22975
22976
22989
22990
22995
22999
23004
23005
23013
23019
23020
23025
23031
23035
23039
23042
23045
23048
23051
23052
23054
23056
23058
23062
23068
23069
23071
23078
23082
23084
23088
23091
23099
23100
23102
23110
23112
23115
23121
23123
23125
23126
23127
23128
23131
23133
23136
23137
23138
23140
23142
23147
23149
23153
23154
23155
23158
23160
23162
23167
23168
23169
23170
23172
23175
23176
23179
23182
23188
23189
23192
23198
23199
23203
23204
23207
23209
23212
23215
23216
23217
23220
23222
23224
23228
23230
23231
23232
23234
23236
23237
23242
23247
23253
23262
23266
23270
23272
23273
23286
23289
23292
23301
23307
23308
23309
23313
23316
23318
23321
23322
23327
23328
23333
23334
23337
23339
23340
23341
23349
23352
23355
23363
23366
23370
23376
23385
23386
23390
23393
23401
23404
23405
23406
23416
23420
23421
23422
23431
23440
23447
23453
23457
23460
23462
23463
23465
23469
23476
23479
23481
23483
23487
23488
23490
23494
23496
23501
23504
23505
23509
23510
23514
23518
23519
23523
23528
23534
23537
23539
23541
23545
23552
23558
23560
23561
23563
23565
23568
23569
23574
23575
23579
23584
23589
23590
23593
23599
23601
23602
23604
23607
23608
23613
23621
23622
23624
23625
23627
23629
23631
23632
23634
23643
23646
23649
23651
23652
23653
23655
23656
23659
23660
23667
23669
23670
23671
23682
23684
23685
23686
23687
23691
23692
23694
23696
23702
23707
23710
23711
23715
23724
23725
23736
23742
23745
23751
23754
23757
23759
23761
23770
23771
23774
23779
23780
23781
23782
23785
23787
23788
23789
23795
23797
23798
23808
23820
23824
23828
23831
23840
23842
23847
23858
23861
23863
23865
23869
23871
23872
23881
23882
23885
23887
23888
23889
23894
23898
23902
23905
23910
23914
23916
23920
23921
23924
23931
23933
23939
23945
23947
23955
23957
23962
23963
23970
23973
23974
23979
23981
23983
23984
23988
23990
23991
23992
23993
23998
23999
24007
24008
24017
24019
24021
24023
24029
24032
24035
24042
24044
24045
24046
24058
24059
24060
24061
24064
24068
24069
24070
24071
24072
24082
24086
24087
24088
24089
24091
24099
24103
24104
24107
24110
24111
24114
24119
24126
24128
24129
24135
24136
24137
24139
24143
24144
24145
24162
24172
24174
24179
24181
24182
24195
24196
24215
24216
24221
24232
24234
24248
24249
24258
24259
24263
24264
24273
24281
24284
24286
24287
24288
24294
24299
24306
24307
24313
24328
24335
24338
24340
24345
24355
24357
24359
24361
24362
24365
24371
24375
24378
24379
24380
24388
24394
24395
24400
24404
24406
24414
24417
24418
24421
24423
24428
24429
24430
24431
24432
24433
24440
24441
24445
24448
24449
24450
24452
24458
24462
24464
24465
24466
24471
24472
24473
24477
24479
24480
24483
24489
24491
24492
24494
24498
24506
24511
24514
24517
24518
24521
24529
24540
24545
24549
24550
24552
24554
24558
24561
24576
24581
24585
24594
24598
24602
24605
24607
24614
24615
24616
24618
24623
24630
24637
24641
24646
24648
24650
24653
24654
24673
24678
24680
24682
24683
24686
24688
24691
24692
24694
24696
24697
24703
24706
24707
24709
24710
24711
24717
24718
24728
24729
24730
24739
24741
24743
24748
24750
24754
24756
24757
24758
24760
24764
24767
24769
24778
24780
24784
24786
24789
24793
24798
24803
24805
24809
24815
24820
24823
24825
24832
24839
24840
24842
24847
24853
24855
24859
24866
24867
24871
24872
24873
24877
24879
24880
24884
24885
24889
24892
24895
24896
24899
24906
24908
24910
24912
24913
24914
24916
24920
24922
24923
24925
24926
24928
24933
24934
24935
24940
24948
24949
24950
24957
24961
24966
24971
24978
24980
24982
24984
24989
24990
24994
24996
24997
24998
25011
25014
25021
25022
25024
25028
25031
25035
25036
25037
25043
25046
25055
25056
25059
25061
25069
25071
25076
25081
25086
25088
25089
25100
25104
25106
25107
25109
25110
25120
25125
25127
25132
25135
25138
25139
25143
25145
25150
25154
25156
25158
25163
25169
25172
25173
25176
25179
25180
25183
25185
25190
25191
25195
25197
25203
25230
25235
25238
25239
25240
25242
25245
25246
25259
25262
25263
25266
25268
25271
25272
25274
25275
25279
25280
25281
25285
25288
25295
25297
25302
25305
25308
25309
25319
25321
25323
25327
25330
25335
25336
25341
25342
25345
25346
25350
25352
25354
25356
25359
25360
25362
25368
25373
25376
25378
25379
25381
25384
25385
25396
25397
25400
25401
25403
25404
25405
25409
25415
25421
25422
25431
25437
25438
25439
25441
25443
25444
25445
25448
25450
25452
25453
25454
25457
25461
25470
25475
25477
25484
25485
25486
25488
25489
25491
25492
25494
25495
25496
25497
25501
25505
25507
25512
25513
25514
25515
25519
25525
25527
25529
25533
25534
25538
25539
25541
25548
25560
25563
25565
25566
25569
25571
25575
25578
25579
25581
25582
25588
25589
25592
25593
25594
25595
25596
25603
25606
25608
25615
25618
25620
25623
25634
25637
25639
25641
25648
25649
25650
25653
25656
25657
25661
25669
25670
25671
25672
25674
25683
25687
25694
25698
25699
25702
25703
25706
25712
25713
25724
25726
25727
25732
25733
25734
25735
25740
25743
25747
25750
25754
25757
25758
25759
25760
25761
25763
25765
25768
25769
25775
25777
25783
25787
25788
25789
25793
25796
25797
25799
25800
25809
25810
25815
25819
25821
25824
25829
25834
25837
25839
25840
25845
25846
25853
25854
25861
25867
25870
25871
25872
25874
25878
25879
25886
25887
25892
25893
25894
25898
25904
25908
25909
25911
25915
25916
25919
25921
25923
25925
25929
25934
25937
25942
25947
25954
25955
25956
25957
25963
25967
25968
25972
25973
25978
25980
25981
25982
25983
25987
25988
25999
26001
26005
26007
26010
26011
26013
26018
26020
26021
26027
26029
26032
26034
26046
26051
26058
26059
26064
26066
26069
26070
26072
26074
26076
26078
26081
26082
26085
26086
26087
26088
26089
26090
26092
26096
26097
26100
26109
26111
26113
26114
26118
26120
26125
26130
26134
26135
26136
26142
26145
26146
26149
26154
26155
26160
26163
26165
26166
26169
26174
26176
26181
26186
26187
26195
26196
26197
26199
26201
26203
26204
26210
26212
26216
26217
26219
26220
26221
26230
26232
26233
26240
26244
26245
26246
26251
26261
26262
26265
26268
26269
26272
26276
26279
26280
26282
26283
26290
26296
26301
26302
26307
26309
26310
26315
26319
26323
26325
26328
26329
26330
26332
26335
26337
26342
26354
26361
26363
26364
26369
26371
26374
26375
26376
26382
26385
26387
26391
26392
26394
26395
26397
26399
26400
26402
26403
26405
26410
26413
26414
26416
26420
26421
26423
26424
26426
26430
26431
26435
26445
26449
26455
26457
26460
26461
26465
26467
26471
26476
26478
26480
26481
26484
26485
26489
26496
26498
26509
26511
26513
26514
26518
26528
26529
26535
26538
26549
26553
26559
26560
26562
26563
26567
26575
26576
26577
26578
26579
26580
26581
26584
26585
26589
26593
26595
26598
26601
26604
26607
26611
26615
26625
26626
26627
26633
26635
26636
26638
26645
26647
26648
26652
26659
26660
26663
26668
26670
26671
26673
26674
26676
26680
26682
26683
26688
26689
26691
26692
26694
26695
26696
26697
26698
26701
26704
26706
26712
26718
26719
26720
26721
26722
26726
26730
26736
26741
26743
26744
26745
26751
26757
26758
26765
26767
26768
26771
26776
26780
26784
26787
26788
26794
26796
26797
26798
26799
26800
26803
26809
26811
26813
26814
26819
26823
26828
26830
26833
26840
26844
26848
26851
26855
26856
26861
26866
26868
26869
26871
26872
26874
26877
26881
26882
26888
26890
26891
26892
26893
26896
26904
26906
26916
26919
26924
26927
26928
26929
26935
26936
26937
26938
26940
26942
26945
26947
26948
26950
26955
26959
26962
26967
26971
26973
26976
26977
26979
26983
26986
26989
26992
26995
26997
26999
27000
27004
27008
27010
27012
27013
27014
27015
27019
27020
27023
27026
27027
27029
27030
27035
27037
27038
27039
27042
27046
27048
27055
27058
27061
27062
27065
27067
27071
27075
27076
27077
27081
27087
27088
27092
27093
27096
27097
27098
27099
27100
27103
27105
27109
27112
27113
27115
27117
27118
27128
27131
27133
27136
27141
27144
27145
27146
27147
27148
27149
27152
27154
27161
27162
27163
27174
27176
27178
27184
27185
27187
27192
27198
27199
27200
27207
27208
27215
27219
27232
27233
27234
27235
27239
27243
27244
27246
27249
27250
27253
27257
27261
27263
27264
27266
27267
27274
27276
27278
27279
27283
27284
27287
27288
27290
27294
27297
27300
27301
27302
27303
27306
27307
27308
27309
27311
27312
27314
27318
27323
27326
27328
27330
27331
27332
27333
27347
27348
27349
27356
27357
27358
27361
27364
27368
27371
27375
27377
27397
27399
27404
27405
27411
27426
27429
27431
27436
27440
27444
27448
27449
27451
27452
27454
27456
27461
27464
27466
27470
27473
27474
27481
27486
27488
27490
27492
27493
27498
27500
27503
27505
27507
27508
27509
27516
27521
27524
27527
27537
27539
27541
27542
27543
27544
27546
27547
27548
27549
27550
27553
27561
27564
27574
27577
27579
27590
27592
27594
27599
27606
27607
27613
27616
27617
27620
27621
27623
27627
27633
27636
27637
27638
27644
27646
27652
27669
27671
27677
27678
27680
27681
27683
27684
27691
27694
27703
27707
27708
27711
27713
27715
27716
27722
27725
27726
27727
27728
27729
27732
27741
27744
27750
27752
27754
27759
27769
27773
27774
27778
27782
27783
27788
27789
27792
27797
27801
27804
27808
27809
27812
27813
27815
27816
27824
27825
27826
27830
27834
27835
27839
27842
27847
27848
27851
27855
27861
27862
27863
27866
27871
27873
27874
27875
27876
27878
27880
27883
27884
27885
27886
27887
27889
27890
27897
27899
27901
27907
27914
27931
27932
27934
27936
27937
27938
27939
27940
27941
27943
27945
27950
27954
27957
27961
27963
27968
27972
27975
27977
27978
27981
27982
27983
27985
27987
27990
27992
27994
28002
28004
28005
28006
28007
28008
28012
28019
28022
28023
28027
28029
28031
28035
28036
28038
28039
28040
28045
28046
28047
28050
28056
28057
28061
28064
28069
28071
28077
28081
28082
28083
28087
28093
28096
28099
28101
28102
28108
28111
28113
28116
28117
28119
28123
28129
28130
28134
28135
28139
28145
28152
28155
28158
28160
28163
28165
28166
28167
28175
28176
28178
28179
28181
28189
28194
28195
28196
28202
28204
28209
28212
28213
28220
28222
28228
28229
28231
28233
28242
28245
28246
28248
28249
28250
28251
28256
28264
28268
28269
28270
28271
28275
28277
28280
28281
28283
28289
28290
28296
28304
28307
28309
28310
28312
28313
28316
28319
28322
28324
28325
28331
28332
28333
28334
28338
28345
28346
28352
28353
28354
28355
28361
28363
28366
28367
28373
28374
28375
28376
28379
28381
28383
28386
28389
28391
28394
28400
28402
28406
28411
28413
28414
28415
28417
28419
28421
28422
28424
28429
28437
28438
28443
28447
28448
28452
28453
28455
28456
28460
28462
28467
28474
28477
28478
28479
28480
28483
28484
28490
28491
28492
28500
28501
28503
28505
28507
28512
28520
28521
28527
28529
28532
28533
28541
28542
28543
28545
28548
28550
28551
28555
28558
28564
28570
28572
28575
28576
28577
28579
28580
28582
28583
28587
28590
28591
28595
28601
28611
28612
28615
28620
28630
28634
28636
28637
28640
28642
28643
28644
28646
28651
28653
28655
28656
28664
28667
28668
28669
28670
28680
28681
28688
28691
28695
28696
28697
28698
28703
28704
28711
28716
28717
28719
28720
28721
28724
28725
28728
28734
28735
28736
28743
28745
28749
28752
28757
28760
28764
28768
28775
28777
28779
28780
28781
28785
28786
28787
28791
28793
28795
28797
28799
28800
28801
28802
28806
28807
28808
28811
28813
28814
28816
28818
28820
28821
28823
28824
28826
28828
28832
28834
28836
28839
28846
28848
28850
28852
28858
28860
28870
28871
28877
28881
28882
28884
28888
28891
28892
28901
28903
28911
28912
28914
28916
28920
28922
28925
28930
28933
28935
28936
28937
28938
28940
28944
28948
28955
28956
28959
28960
28961
28965
28967
28968
28971
28972
28976
28977
28978
28982
28987
28991
28993
28996
28998
29001
29008
29011
29020
29024
29027
29028
29034
29036
29040
29047
29049
29050
29053
29054
29055
29065
29069
29070
29071
29072
29073
29074
29076
29078
29083
29092
29095
29098
29099
29104
29105
29107
29111
29115
29117
29118
29119
29120
29121
29124
29125
29126
29127
29132
29135
29136
29137
29139
29141
29142
29143
29145
29146
29147
29148
29150
29154
29156
29158
29161
29162
29163
29164
29168
29170
29173
29175
29176
29181
29185
29186
29189
29191
29192
29194
29196
29197
29198
29200
29205
29210
29213
29214
29217
29218
29219
29225
29226
29232
29237
29240
29241
29244
29245
29247
29248
29250
29252
29257
29258
29260
29264
29266
29268
29271
29272
29275
29276
29277
29278
29281
29289
29290
29291
29294
29295
29301
29304
29305
29308
29312
29314
29319
29320
29323
29333
29335
29336
29337
29338
29341
29342
29343
29344
29345
29349
29352
29354
29359
29360
29366
29368
29372
29374
29375
29379
29383
29386
29391
29395
29399
29401
29402
29403
29405
29406
29412
29415
29417
29419
29423
29427
29431
29432
29433
29437
29441
29444
29448
29452
29453
29455
29459
29460
29461
29462
29469
29477
29480
29483
29484
29488
29489
29494
29497
29498
29501
29509
29513
29515
29516
29519
29520
29522
29524
29529
29536
29539
29543
29546
29547
29555
29556
29558
29565
29570
29574
29575
29580
29585
29586
29589
29599
29600
29603
29604
29605
29606
29608
29610
29613
29620
29624
29626
29628
29630
29632
29633
29638
29639
29640
29644
29645
29646
29651
29654
29656
29661
29668
29669
29671
29673
29675
29676
29680
29681
29695
29702
29703
29704
29705
29706
29708
29710
29713
29714
29716
29718
29719
29724
29734
29735
29737
29739
29740
29746
29750
29753
29756
29758
29764
29766
29773
29779
29782
29788
29790
29792
29795
29798
29799
29800
29807
29810
29813
29814
29817
29818
29821
29822
29825
29837
29841
29842
29846
29847
29848
29849
29859
29861
29862
29864
29871
29874
29876
29882
29884
29892
29893
29894
29898
29901
29909
29911
29915
29917
29923
29924
29927
29932
29936
29938
29943
29944
29946
29947
29948
29952
29953
29961
29962
29966
29967
29970
29974
29979
29985
29987
29990
29994
29996
29998
30000
30005
30013
30014
30015
30025
30026
30031
30034
30041
30045
30046
30048
30051
30055
30059
30060
30061
30062
30065
30066
30068
30070
30072
30073
30077
30078
30082
30085
30089
30093
30100
30103
30105
30109
30112
30114
30115
30121
30122
30124
30129
30130
30134
30136
30137
30142
30144
30151
30156
30157
30158
30163
30164
30166
30168
30169
30170
30178
30180
30188
30190
30194
30196
30197
30199
30201
30206
30207
30210
30213
30217
30222
30225
30228
30229
30233
30234
30238
30241
30242
30244
30247
30248
30253
30254
30256
30257
30259
30266
30272
30273
30274
30275
30277
30281
30283
30288
30294
30295
30297
30298
30301
30302
30305
30312
30314
30318
30320
30321
30325
30328
30329
30330
30333
30334
30335
30338
30340
30341
30343
30347
30348
30350
30352
30353
30354
30356
30357
30360
30361
30362
30365
30366
30369
30375
30378
30384
30386
30388
30392
30393
30395
30397
30398
30401
30403
30409
30414
30415
30418
30420
30423
30426
30427
30428
30431
30433
30440
30446
30447
30448
30449
30454
30455
30457
30458
30459
30464
30465
30468
30469
30471
30476
30477
30480
30481
30482
30485
30489
30491
30495
30497
30500
30504
30507
30509
30512
30514
30517
30518
30526
30527
30528
30530
30531
30532
30533
30534
30540
30543
30544
30549
30552
30554
30555
30556
30560
30569
30570
30574
30578
30579
30581
30583
30585
30588
30592
30599
30602
30604
30605
30607
30608
30609
30610
30612
30617
30621
30624
30626
30627
30628
30629
30630
30631
30633
30636
30638
30639
30641
30643
30651
30655
30657
30658
30660
30661
30665
30671
30676
30679
30681
30682
30685
30694
30698
30701
30702
30707
30708
30711
30712
30714
30716
30720
30722
30723
30726
30729
30734
30735
30736
30739
30740
30751
30752
30759
30767
30771
30772
30773
30774
30781
30782
30786
30789
30791
30795
30796
30801
30802
30806
30813
30817
30818
30822
30830
30831
30834
30836
30839
30840
30843
30844
30845
30846
30847
30849
30853
30859
30861
30865
30866
30868
30873
30877
30880
30881
30886
30890
30891
30892
30893
30894
30896
30897
30905
30908
30911
30920
30921
30922
30924
30930
30934
30935
30939
30940
30943
30947
30948
30950
30953
30958
30962
30964
30965
30966
30967
30968
30970
30971
30975
30978
30981
30983
30984
30985
30986
30987
30989
30990
30992
30999
31001
31002
31004
31006
31015
31017
31018
31019
31020
31021
31024
31026
31029
31031
31033
31035
31040
31042
31043
31044
31046
31048
31050
31054
31055
31059
31060
31066
31067
31069
31070
31077
31078
31079
31087
31089
31095
31096
31099
31101
31102
31106
31107
31110
31112
31113
31115
31116
31121
31122
31125
31131
31132
31140
31141
31142
31145
31155
31156
31159
31161
31163
31165
31166
31170
31171
31175
31176
31177
31180
31185
31186
31187
31188
31194
31200
31201
31202
31204
31206
31213
31214
31216
31222
31224
31225
31231
31232
31235
31237
31246
31247
31252
31253
31254
31263
31274
31279
31289
31290
31293
31295
31298
31299
31301
31305
31307
31308
31309
31310
31312
31313
31316
31317
31322
31323
31330
31331
31332
31333
31334
31336
31339
31345
31348
31353
31357
31359
31362
31366
31370
31378
31380
31382
31383
31384
31387
31390
31396
31398
31399
31400
31401
31405
31406
31407
31408
31409
31414
31415
31416
31417
31418
31419
31421
31422
31424
31425
31426
31429
31431
31432
31441
31444
31448
31449
31450
31452
31453
31455
31459
31460
31463
31470
31472
31473
31476
31480
31482
31486
31492
31493
31495
31496
31497
31499
31500
31501
31504
31506
31508
31512
31513
31514
31518
31523
31527
31532
31533
31537
31539
31540
31546
31549
31559
31560
31568
31569
31570
31571
31573
31577
31578
31582
31583
31585
31586
31587
31592
31593
31595
31596
31598
31601
31605
31607
31608
31609
31612
31613
31615
31618
31622
31624
31630
31632
31633
31635
31638
31640
31641
31648
31651
31652
31653
31655
31657
31658
31668
31674
31675
31676
31678
31679
31680
31682
31684
31688
31694
31696
31702
31703
31704
31707
31709
31710
31711
31715
31716
31717
31718
31719
31721
31722
31726
31727
31731
31736
31737
31742
31743
31744
31745
31746
31751
31755
31757
31758
31761
31763
31767
31771
31775
31779
31780
31782
31785
31786
31787
31793
31794
31796
31797
31803
31804
31806
31807
31808
31809
31811
31813
31818
31828
31830
31831
31832
31834
31836
31839
31840
31842
31843
31844
31845
31848
31851
31853
31854
31856
31857
31863
31865
31866
31867
31868
31869
31870
31872
31873
31879
31880
31883
31885
31889
31890
31892
31893
31894
31895
31897
31898
31903
31905
31907
31912
31914
31916
31917
31922
31933
31934
31936
31948
31952
31953
31958
31960
31962
31963
31964
31976
31977
31993
31999
32000
32004
32005
32014
32018
32019
32022
32024
32025
32027
32028
32033
32034
32036
32037
32038
32041
32043
32044
32046
32047
32051
32053
32057
32059
32063
32064
32066
32067
32070
32071
32072
32076
32077
32078
32079
32080
32081
32082
32085
32090
32093
32094
32095
32101
32103
32105
32109
32111
32112
32113
32118
32120
32124
32125
32126
32128
32134
32136
32138
32139
32141
32146
32150
32151
32154
32155
32158
32159
32161
32163
32165
32172
32173
32175
32179
32180
32181
32182
32185
32186
32187
32189
32192
32196
32197
32199
32200
32201
32203
32206
32207
32208
32209
32211
32212
32213
32215
32216
32217
32223
32225
32232
32233
32234
32238
32240
32242
32244
32252
32255
32257
32259
32262
32265
32266
32267
32268
32273
32274
32278
32279
32287
32291
32293
32295
32305
32307
32312
32316
32317
32318
32322
32324
32326
32329
32334
32340
32347
32350
32351
32353
32355
32356
32357
32359
32361
32366
32372
32373
32374
32377
32390
32392
32394
32397
32400
32401
32402
32403
32404
32405
32406
32408
32413
32414
32417
32422
32431
32432
32435
32436
32437
32438
32441
32442
32443
32444
32446
32448
32456
32458
32459
32463
32464
32465
32466
32470
32474
32478
32481
32482
32489
32494
32495
32501
32502
32506
32507
32509
32510
32511
32512
32513
32518
32520
32522
32523
32527
32528
32529
32531
32533
32535
32538
32539
32547
32548
32551
32557
32559
32565
32568
32569
32571
32574
32575
32576
32578
32580
32583
32584
32586
32587
32593
32594
32596
32598
32600
32604
32605
32606
32610
32613
32618
32621
32622
32628
32632
32634
32640
32643
32644
32646
32648
32649
32654
32657
32661
32662
32664
32668
32669
32672
32678
32682
32687
32693
32694
32695
32697
32700
32701
32702
32703
32704
32705
32706
32707
32708
32710
32711
32716
32718
32720
32721
32722
32724
32730
32732
32733
32737
32738
32742
32746
32748
32750
32761
32762
32764
32771
32776
32779
32780
32782
32786
32789
32794
32796
32797
32806
32808
32810
32811
32812
32825
32826
32839
32840
32846
32847
32849
32851
32855
32857
32858
32859
32860
32864
32867
32868
32869
32870
32876
32877
32884
32886
32888
32890
32893
32901
32902
32903
32904
32908
32909
32910
32911
32913
32914
32919
32922
32926
32928
32931
32933
32934
32937
32938
32941
32943
32950
32951
32952
32959
32960
32962
32963
32968
32971
32972
32977
32978
32981
32982
32984
32987
32989
32991
32992
32993
32996
32997
32998
33000
33002
33004
33006
33008
33009
33012
33013
33014
33015
33016
33019
33020
33022
33026
33027
33029
33036
33037
33039
33040
33043
33044
33049
33050
33051
33052
33053
33054
33057
33058
33063
33064
33065
33070
33071
33076
33077
33079
33080
33081
33082
33084
33087
33090
33092
33096
33097
33099
33100
33101
33102
33103
33104
33105
33106
33114
33116
33121
33123
33127
33128
33132
33135
33136
33137
33138
33139
33140
33141
33143
33144
33150
33158
33163
33166
33168
33169
33171
33173
33174
33175
33176
33177
33181
33187
33189
33190
33197
33198
33200
33201
33202
33205
33207
33209
33212
33213
33215
33219
33221
33223
33225
33227
33228
33230
33234
33235
33245
33247
33248
33252
33253
33255
33258
33266
33274
33281
33282
33285
33288
33292
33294
33297
33300
33305
33307
33308
33310
33315
33316
33317
33321
33322
33324
33327
33328
33329
33334
33339
33345
33346
33347
33348
33353
33359
33361
33362
33364
33369
33370
33372
33374
33377
33379
33383
33386
33387
33391
33393
33394
33396
33397
33399
33402
33403
33407
33409
33410
33412
33415
33417
33419
33420
33422
33423
33428
33430
33432
33434
33437
33438
33442
33446
33448
33452
33454
33455
33456
33458
33460
33467
33469
33473
33477
33478
33481
33482
33484
33485
33486
33487
33489
33491
33493
33494
33496
33499
33500
33502
33504
33505
33507
33511
33512
33516
33518
33521
33523
33529
33531
33533
33536
33538
33542
33543
33546
33547
33548
33551
33559
33560
33563
33566
33568
33573
33574
33577
33581
33588
33589
33592
33594
33597
33598
33599
33600
33606
33608
33610
33616
33622
33623
33624
33627
33628
33629
33630
33636
33638
33641
33646
33650
33653
33657
33658
33661
33663
33665
33668
33672
33674
33675
33677
33678
33679
33681
33688
33689
33690
33693
33695
33697
33698
33699
33703
33705
33707
33708
33709
33710
33712
33719
33721
33722
33726
33727
33728
33737
33739
33743
33746
33747
33748
33751
33754
33755
33758
33760
33770
33772
33774
33775
33778
33784
33785
33788
33796
33798
33806
33808
33809
33817
33818
33819
33820
33821
33824
33828
33830
33833
33834
33835
33841
33842
33843
33847
33857
33861
33863
33864
33865
33867
33868
33870
33873
33874
33876
33878
33879
33881
33882
33883
33884
33885
33888
33891
33895
33896
33897
33904
33906
33907
33908
33909
33910
33916
33918
33919
33920
33921
33923
33925
33927
33929
33937
33938
33941
33942
33943
33945
33946
33947
33949
33951
33952
33954
33956
33958
33962
33964
33966
33967
33975
33976
33977
33978
33979
33981
33982
33984
33986
33988
33990
33994
33995
33998
33999
34000
34003
34004
34010
34013
34014
34018
34020
34031
34037
34038
34039
34041
34046
34049
34052
34056
34061
34064
34067
34069
34075
34076
34079
34081
34083
34084
34092
34095
34096
34097
34106
34115
34119
34121
34123
34127
34128
34137
34138
34140
34142
34143
34145
34146
34148
34152
34153
34155
34158
34159
34161
34164
34165
34168
34172
34173
34175
34178
34179
34183
34184
34187
34189
34190
34193
34194
34197
34198
34199
34202
34204
34207
34208
34212
34213
34214
34219
34220
34223
34225
34226
34230
34233
34235
34239
34240
34241
34244
34245
34247
34248
34253
34256
34258
34259
34260
34262
34264
34265
34269
34272
34275
34278
34279
34280
34281
34285
34286
34292
34296
34297
34301
34304
34308
34312
34316
34321
34324
34326
34328
34331
34332
34334
34335
34341
34342
34345
34348
34349
34350
34355
34360
34361
34363
34368
34370
34372
34373
34375
34381
34388
34390
34391
34394
34400
34401
34402
34408
34411
34415
34417
34421
34423
34424
34427
34428
34430
34431
34434
34437
34442
34443
34444
34446
34448
34449
34450
34453
34454
34456
34458
34460
34465
34469
34470
34471
34476
34478
34479
34480
34481
34482
34485
34488
34489
34491
34495
34499
34501
34502
34503
34505
34508
34511
34516
34518
34520
34522
34524
34525
34528
34530
34539
34540
34544
34546
34552
34554
34555
34556
34561
34562
34567
34568
34570
34571
34572
34573
34575
34581
34582
34588
34589
34590
34592
34595
34596
34598
34599
34604
34605
34607
34610
34611
34612
34613
34616
34619
34620
34621
34622
34623
34627
34630
34631
34632
34640
34642
34649
34650
34657
34658
34660
34664
34665
34666
34670
34673
34676
34678
34679
34680
34686
34689
34694
34696
34697
34698
34699
34702
34704
34710
34713
34715
34716
34721
34723
34724
34729
34730
34732
34734
34737
34738
34740
34747
34749
34751
34754
34756
34757
34758
34759
34760
34761
34772
34776
34777
34782
34784
34785
34788
34790
34791
34792
34796
34798
34799
34800
34803
34805
34806
34807
34812
34813
34814
34815
34817
34818
34819
34823
34829
34830
34831
34834
34835
34837
34843
34844
34845
34846
34847
34849
34850
34851
34853
34857
34861
34864
34869
34875
34876
34882
34883
34884
34888
34895
34899
34900
34903
34907
34909
34911
34913
34914
34917
34918
34924
34931
34934
34938
34946
34947
34948
34949
34950
34953
34955
34957
34958
34959
34960
34961
34963
34964
34967
34971
34972
34975
34976
34978
34980
34981
34983
34984
34985
34986
34994
34996
35001
35005
35008
35009
35013
35023
35026
35030
35031
35033
35038
35042
35046
35049
35053
35054
35056
35062
35063
35064
35068
35069
35071
35074
35075
35078
35079
35082
35085
35089
35092
35093
35098
35099
35105
35111
35113
35114
35117
35119
35127
35128
35129
35130
35135
35139
35144
35149
35150
35152
35158
35162
35163
35164
35167
35168
35170
35171
35172
35173
35176
35177
35179
35180
35182
35185
35186
35189
35190
35191
35192
35194
35198
35200
35201
35202
35204
35206
35208
35210
35211
35213
35214
35215
35217
35219
35220
35224
35227
35228
35229
35230
35233
35236
35241
35242
35243
35244
35245
35251
35252
35253
35256
35258
35259
35261
35266
35267
35268
35270
35271
35273
35274
35279
35281
35283
35284
35285
35291
35295
35297
35300
35301
35304
35305
35310
35311
35314
35315
35317
35319
35321
35327
35328
35330
35332
35333
35334
35339
35341
35343
35345
35350
35352
35353
35357
35361
35362
35364
35366
35367
35369
35373
35375
35377
35379
35380
35382
35385
35387
35388
35391
35392
35394
35401
35403
35405
35408
35410
35411
35412
35415
35417
35420
35428
35429
35432
35437
35443
35446
35448
35450
35453
35454
35457
35458
35460
35465
35469
35470
35476
35484
35485
35487
35488
35490
35491
35498
35499
35500
35501
35505
35506
35507
35510
35514
35515
35517
35519
35521
35523
35524
35526
35527
35530
35533
35534
35535
35544
35545
35549
35552
35554
35555
35558
35561
35563
35566
35567
35570
35572
35573
35578
35579
35581
35582
35583
35586
35587
35588
35591
35592
35593
35595
35597
35599
35606
35609
35611
35616
35618
35619
35621
35624
35625
35626
35627
35628
35632
35637
35638
35639
35640
35641
35642
35645
35646
35650
35651
35652
35656
35659
35660
35663
35665
35666
35667
35670
35671
35673
35674
35676
35681
35685
35687
35689
35694
35696
35699
35700
35702
35703
35706
35710
35714
35720
35722
35723
35724
35725
35730
35731
35734
35738
35741
35743
35744
35745
35749
35752
35753
35756
35760
35763
35766
35770
35771
35773
35775
35777
35781
35791
35797
35799
35802
35803
35804
35805
35814
35816
35820
35823
35825
35827
35829
35830
35832
35833
35834
35835
35839
35842
35844
35850
35853
35854
35855
35857
35860
35861
35866
35870
35871
35878
35879
35882
35884
35888
35890
35891
35900
35902
35903
35905
35906
35907
35911
35913
35918
35925
35927
35928
35929
35939
35946
35950
35951
35952
35954
35955
35957
35964
35965
35966
35967
35973
35974
35976
35982
35986
35989
35991
35994
35996
36002
36005
36006
36017
36019
36020
36023
36024
36030
36031
36033
36039
36041
36043
36045
36047
36049
36051
36054
36055
36057
36058
36060
36063
36068
36069
36070
36072
36078
36080
36081
36082
36085
36094
36096
36102
36103
36105
36108
36112
36113
36115
36120
36122
36124
36128
36129
36130
36132
36133
36134
36135
36136
36137
36140
36141
36148
36149
36153
36157
36160
36161
36163
36166
36167
36168
36172
36173
36174
36178
36181
36183
36190
36191
36199
36205
36206
36215
36216
36217
36220
36223
