13
11
198
15
279
25
220
271
16
30
17
29
321
14235
310
328
12
15704
264
18
6970
369
19
14
20
21
510
27
303
23
1510
1
364
471
28
424
318
22
24
26
353
524
1144
628
63
440
413
381
1165
16018
383
1156
466
874
8
2972
579
1628
4222
1921
781
1892
421
735
430
488
332
494
694
314
2466
4087
513
914
10380
1534
1542
1596
567
1132
593
1318
4110
248069
91
2193
561
411
958
1558
1137
599
5707
283
506
1381
1368
3300
799
248046
478
553
82
760
748
22916
4148
3158
53481
1092
248058
1970
248059
394
6088
1910
1179
15400
2570
6163
681
728
7936
449
1788
944
38294
33
7561
40
2830
1716
10966
883
1220
262
539
77
1459
6
286
660
2302
1428
2528
1518
359
491
682
68
4581
1149
4779
256
22846
5224
635
4021
1528
8313
1228
1865
1990
61446
74
1118
290
1752
678
65
2640
79
948
4548
1141
69
44
4955
791
87
1727
15865
2136
2977
12513
10631
498
668
1622
64
393
85
976
8602
27896
1238
67
313
76
20759
725
1167
66
1822
72
6558
42418
2582
43138
1608
2552
343
2914
4706
888
28408
4162
8106
790
4
1066
4880
1056
20668
59
557
16451
829
1048
3019
80
3425
1103
1870
7141
6813
3756
2468
3274
6297
9859
60
999
8439
2400
287
4101
1001
27653
1083
1330
83
1040
2107
20619
1724
3983
1049
4424
6231
11069
357
585
17674
10562
3992
2233
8057
17587
7054
9640
884
2313
78
4393
311
1715
1189
53
7402
9251
36
795
21966
1521
1345
334
71
48
1901
1151
1754
3618
1902
10494
7014
487
1236
763
1973
2600
9845
4203
7285
1876
777
6040
16058
5099
3817
285
75
3614
11411
8445
3669
2526
821
4884
956
55
32
9066
1791
62
5454
2426
1010
6971
71093
1362
926
3108
2592
1683
325
641
23868
4125
2450
3835
5972
70
1070
9
2441
2842
3254
10885
22326
1396
436
1438
92
7167
28320
3315
2222
864
1414
3404
980
5165
470
4831
1074
38
2420
1690
1723
462
1357
1395
1412
2100
2414
2560
31038
64700
14934
28647
3418
348
586
653
4722
50
6454
2243
1411
836
1785
1366
866
57
6681
1332
86
1590
43
5721
6587
23331
1174
2923
3515
3296
2131
3082
1965
20633
51
20049
39
14791
84
1562
6042
15243
3133
9665
10
2624
828
878
12650
380
685
3421
6942
4532
1440
1000
854
54
361
42
7873
4277
1481
6149
768
7320
2805
716
1328
7123
3302
52696
16561
803
3286
10399
1503
5213
3464
2873
3447
1017
3555
1532
5614
10582
88
1817
27502
9764
816
11988
2218
733
2235
159029
31930
4100
11135
5790
2308
469
2532
4221
17872
632
10033
259
45
197
71802
2695
1172
3370
5272
90
2166
1830
93868
1248
13092
1429
417
18710
3481
2250
4598
5346
8213
5484
5927
476
4417
5008
12910
4182
2075
34
4434
680
2228
1761
580
81
4711
4072
7838
23513
9653
23535
1076
49
3502
13050
2349
27370
42903
275
1627
363
59860
47
2397
89
1765
615
1301
4336
10741
2423
7520
92217
2493
2272
5983
41
10125
5774
7
1906
482
550
1284
4757
274
2083
975
35
2294
5642
3979
1088
2725
10206
4416
1331
37
10442
8198
2876
16401
56
5471
4252
1042
3
10453
2980
3766
4191
3136
710
37972
2019
1660
1852
22521
2790
1472
7465
8390
1918
1204
12636
2844
3172
1061
18905
8097
261
1483
3808
28336
2702
73
17566
2
40352
326
4523
16823
13553
20068
7652
25705
5902
2577
3591
2195
1581
307
1402
2424
10673
7072
10895
14629
2124
1433
2715
3749
5331
2099
58
85152
3482
37978
44876
24147
6337
1879
9495
793
26384
333
591
10429
52
309
13962
4243
3184
534
5434
3847
2361
2519
4566
1142
3336
2224
640
5148
446
5354
280
27718
12204
61535
19896
745
458
1732
18295
5608
2612
4181
3563
460
11591
82170
2144
1423
344
6937
1436
13769
9376
2962
31
4370
295
1698
5893
4778
13540
48659
569
809
2713
38708
25499
4534
13038
281
3950
32671
2915
2957
8754
36066
6158
1500
1004
3719
1954
3213
6121
5097
24822
16097
3070
4490
1719
9705
1599
19088
1067
1825
6129
63520
835
5020
1782
709
90718
1866
13745
8418
9416
15728
5036
830
33389
4006
50802
90410
2000
1350
4844
9496
804
258
6157
5533
5222
3437
331
3359
28763
4520
7920
32773
6761
5593
351
869
4808
5138
2716
1786
5759
38256
378
159034
7594
39046
434
2496
4238
6397
4145
600
46
3069
4560
2814
2721
20564
10280
269
486
6507
2961
1593
4691
998
16629
1856
17237
9542
12333
504
5332
1898
6575
6136
1669
220497
15015
1467
3578
17313
4862
7317
3604
7497
403
877
12654
636
420
9345
4924
1245
17404
1159
6891
3667
437
10604
49219
913
345
2781
16985
9468
5728
8387
1676
3689
36213
10993
35426
2581
5832
16526
2706
18649
4954
9239
5171
4437
10419
5307
1691
6302
2444
12168
9307
5072
765
1442
2149
11436
1324
3051
32439
6513
6601
51860
8976
5904
2708
843
35932
7629
9966
4821
1146
1262
3074
1987
594
3710
7440
8015
2050
2943
27327
841
1845
2857
12558
33686
10505
12195
5257
49942
2503
2393
6052
3102
4433
3029
850
3309
13792
4563
4213
3712
784
7154
3010
3683
2086
523
7359
20335
9575
5860
5324
871
4147
3377
5081
387
9787
708
16655
7620
1960
263
3165
4276
2767
11346
11158
3470
19014
9559
2212
7560
4961
6125
15135
391
1831
5853
2737
8457
1121
4290
31338
7478
21059
6326
9584
406
17120
2629
1439
3525
911
8871
2759
4562
1420
5285
1844
638
6922
8734
81726
8836
9801
37115
427
1653
15734
663
5106
4016
684
12182
2394
12882
5975
4089
496
45543
40121
34773
4507
4557
443
2318
44675
7099
2583
22188
629
840
11540
8484
5915
6951
382
9807
8806
350
2342
4161
867
17044
65244
6713
3575
3371
45850
1770
2764
5492
2887
13779
12960
7294
12641
1919
3579
11258
9973
3242
2738
4602
3655
26750
34271
3921
9868
25170
16908
6560
1577
426
11715
272
6171
1321
31391
15953
9341
76433
34993
6673
3750
8561
4947
5350
2531
23185
40161
2255
9537
4618
7174
2404
3357
3564
588
6699
12525
2321
15066
1773
12351
974
1607
16384
1667
6849
5478
2081
1354
8042
908
6618
7888
11361
19503
5375
54586
32645
886
5362
17591
3050
1602
14835
5436
15816
4123
15771
15977
3059
13402
4138
1120
6277
3129
18169
4906
473
2433
4687
15796
423
312
2569
3387
2717
6830
2280
5829
6000
265
8570
8434
1065
18252
5428
5691
1603
3728
4131
3238
21979
12321
9463
4610
4799
4661
5128
4220
3289
3977
293
28109
342
25045
4774
3141
7055
3349
8516
1257
10836
21867
15227
5200
9989
1379
29551
13914
2548
528
3240
414
52965
338
34929
6925
9038
4619
10121
31686
7374
14542
4763
257
4874
53348
2481
4062
5917
3018
7824
652
76926
995
31984
9626
388
23683
11316
3110
6725
1981
819
1394
5787
13983
266
904
9802
25258
2022
34725
3105
5813
9209
1920
457
3619
4713
4494
4047
25710
18716
13682
1406
4472
11269
16134
27784
38631
3134
1272
14905
20734
1675
83712
10485
837
9679
19900
767
8978
9956
10204
11782
11668
22258
2904
18997
5861
6009
5637
2448
1799
902
13262
6707
713
1353
3061
2849
21835
18516
11823
26622
5426
712
11969
8997
5639
919
14855
2357
7278
2381
5757
2665
4487
5144
673
15019
17189
2267
2905
16866
20827
5039
1560
464
306
1496
5469
3145
23703
11950
1484
291
5979
367
31626
2446
1455
1647
12083
8851
24724
2945
18910
978
2094
10732
6283
1105
10184
15511
87941
13928
40040
12485
74927
4139
24816
19052
3008
11241
1380
2649
15705
2534
1495
5046
2794
16243
320
30394
4992
90448
78902
5568
14304
868
9163
2984
304
6907
22903
18479
284
5545
15673
574
2164
43697
4613
9252
14733
13522
14456
4936
3166
1002
3429
1018
8240
2572
1021
47953
5467
32561
7225
9191
52434
3160
5617
18588
14944
33877
12715
46930
5077
8574
11352
7268
5215
30293
2216
6572
6676
10597
9969
10839
10098
8306
9155
1994
6126
107
9830
63008
366
2047
805
1609
39125
11147
5313
15005
69892
43491
6007
2605
4965
11870
1302
30456
59929
4842
813
273
4368
22756
36597
43143
5802
4944
14862
4516
8742
1425
8129
4052
1946
25689
977
3727
15464
14040
4439
12283
15328
42481
3896
3065
3850
365
19814
7916
2590
23895
5883
23985
2353
6505
548
4881
7786
4952
1387
10229
19954
12688
2597
55821
6526
3773
33233
7807
5752
4274
25423
5048
12263
32524
4237
33902
2523
4679
2880
9687
2336
3798
7658
349
6607
2428
226699
1891
21094
1471
6025
1759
18583
68022
12443
362
7129
9150
7249
15700
95294
1881
544
824
34032
8884
72414
7929
3988
3520
1133
61
3521
16717
373
7556
47094
11222
6165
9284
9522
9976
3037
324
5122
3799
2617
6982
1024
5016
4056
787
942
38049
61610
31789
951
23285
812
4105
15339
846
1445
3568
3443
2774
3269
2785
2756
10174
74021
93531
5887
27044
3577
25584
16484
13809
31209
12019
2018
41954
3394
2792
277
5732
36940
1452
9064
3154
12977
31230
60363
3150
3725
35971
416
371
18336
13933
5997
20568
1783
9103
11036
44646
4625
4120
14943
2324
8442
12755
1267
14586
47675
825
38766
10968
1733
82253
9964
5140
21853
8028
4775
94802
14813
11525
22424
8702
12876
23338
11774
28253
10281
354
2279
2483
6992
22449
6596
4272
4035
52920
25459
16275
58196
8412
7176
28274
30800
19315
11930
11256
4565
8798
1618
2002
3665
1834
1543
54476
10548
2181
1957
48834
59987
21360
13942
5134
4097
3572
2741
33702
6250
409
1712
15797
54143
2284
2604
35542
2129
20245
4528
2064
2949
3147
6486
1968
70996
17464
32740
292
2478
14836
2261
41928
467
20012
10708
1546
13205
625
10756
3860
2677
24297
6150
2730
64832
3648
19039
5413
2469
6522
1441
26156
1928
9699
1527
578
4396
2610
60723
45366
3622
3436
3644
639
3095
1325
3462
34987
3889
16350
9242
46120
1089
5621
47944
2645
14590
5653
9722
385
14107
18081
1654
61758
6473
1944
2213
1877
973
1030
3162
4570
6228
7019
31838
13453
25165
6047
3611
63683
10255
61794
10535
18598
4886
19159
1942
6564
1060
7042
429
2373
1787
21482
20589
16456
9888
4543
1657
44829
5010
1536
2803
49198
11486
50985
40278
3827
33206
3833
64977
2456
15683
30290
2543
22527
4109
26681
2048
278
1705
6381
4559
2192
29331
1925
1401
8318
9184
6999
5839
4202
9218
21297
4643
87301
425
17856
19712
7063
8928
19913
2500
25286
4860
15742
3043
5068
30918
10478
3608
15615
2892
6093
7813
1809
5055
10390
26946
71570
8453
13044
606
505
4216
13759
2327
1576
7262
18184
46737
11220
739
3140
4953
1052
22749
6750
17225
3870
3813
1393
2480
1639
7169
17030
12997
9834
12125
2843
75530
3790
925
14192
3849
1804
8060
6859
12681
10031
49300
17548
9253
18834
34534
20738
18035
17066
68508
23967
631
21402
587
2542
936
9321
24207
20635
4184
7890
9646
18922
9175
4257
12692
8848
1537
7455
4587
55404
75336
2061
37993
14908
1992
5073
18425
2691
14717
6747
17038
19652
25804
85231
514
20473
11378
5830
8232
24693
5565
1079
4702
32449
2133
3473
1652
2359
3181
93
17642
851
11960
1610
4501
1240
42427
44125
12089
11046
16240
6679
75370
7697
3305
4351
50921
453
20010
13280
6762
8934
9053
48570
4106
997
554
8120
18817
32288
13224
8476
21921
29183
10457
1575
11533
3772
2688
15291
5344
1104
5315
8545
36630
5894
1421
11176
38493
1780
7077
15321
12305
562
623
2168
16234
10378
62929
7458
10298
23443
14642
4045
3559
21500
319
18100
9885
8211
30091
3299
10451
2894
44900
5150
1223
5670
4156
3179
25621
1848
989
51586
8019
4313
28603
9370
2306
48184
8173
6866
3569
7481
5284
11791
294
3841
6195
16070
2439
564
8282
8852
9714
31589
5392
7047
3840
5418
8705
674
29768
27011
5951
58377
13235
56075
4478
2388
6481
46773
2660
17759
6857
42809
6829
6881
6576
7875
4868
45309
17743
1407
11337
15043
47733
21610
5353
906
6001
1250
51976
2179
12401
12482
1917
27686
402
8755
8020
1375
82520
5435
23311
24979
50355
1644
5604
10223
1062
4066
2940
22371
659
3063
9019
14159
2316
7982
16338
4786
20260
34586
1651
17515
12205
12906
1680
4599
11128
551
92306
10534
69856
12100
7148
5265
10020
288
5251
43874
3026
7842
3915
7021
29653
8404
9791
3765
40693
12669
49869
9861
26380
3054
4939
14392
5281
8307
7622
778
10263
529
15588
493
5129
86344
3638
23314
82431
80277
24460
9546
6568
558
54802
3202
14014
26334
984
880
22743
64460
3393
15513
14992
4590
7318
41334
26370
477
5365
547
3853
64498
11064
18083
8540
14371
39771
40701
10304
12311
55267
7968
9663
5187
3126
17448
537
6820
4639
2663
72473
7948
21061
9502
20105
3041
22542
61732
11496
6220
25586
11553
5368
267
2551
3498
24385
11312
22468
1916
7234
12295
17469
7731
21814
5742
14388
6979
5445
18118
12864
4054
5805
6131
4937
34082
3625
6743
19842
13001
82106
13187
8047
1551
9884
5947
41689
5339
6183
6643
15167
1574
24092
7586
5474
1988
3697
66320
198855
4128
5458
3237
2407
7995
2263
10054
5357
2330
58256
9770
30566
59419
29456
40988
13336
21113
20923
7634
5686
2521
4034
2070
789
4479
33633
520
723
4275
45061
43765
5342
2817
898
3433
1206
23620
35704
3511
20971
15886
22330
10853
575
2015
77244
3325
59492
55856
1012
714
73595
4037
28125
59364
31659
13948
516
2512
8160
6355
20480
22857
3566
27864
2253
10236
0
11567
1064
7056
11315
657
1152
6436
602
29997
10046
9082
19221
4117
4777
517
16092
4744
61478
4331
25899
6516
2176
2438
68153
19287
3401
31265
18890
4754
15205
327
9527
1873
91484
8869
2574
25903
94085
4374
13418
2586
5142
83871
34098
14658
45391
5792
33539
78533
8026
4055
14273
11454
4670
25178
6745
43072
6672
57208
25773
14469
7515
268
33241
35464
8772
3778
13188
316
727
20392
11639
14996
415
3668
6599
78571
4471
80798
2933
11550
2937
3480
24797
21729
720
6729
19645
852
12219
26703
4732
29594
13441
16643
5111
8389
8996
12619
16826
3721
5772
6784
2993
24459
25291
8429
50966
3364
8981
18258
28873
40355
611
45640
2902
5226
2487
23402
10806
8311
1287
542
323
7655
23856
751
1139
8660
84441
13428
29649
12642
7415
79114
7250
2445
12964
736
11319
1095
8024
12156
41042
1896
802
26532
931
4341
1857
9086
6198
59056
5158
1541
59218
4866
3679
94172
6065
4442
4558
165554
670
59610
5022
15123
13870
8626
3752
5629
299
10287
9167
45369
1304
29752
1630
14053
4338
5304
4129
24102
31128
8526
7244
2024
9812
22703
297
15403
337
81787
5237
7441
17181
71105
14861
23129
15808
3085
2506
658
16547
11173
3892
19457
11857
20735
12262
4942
12611
28293
3222
26785
2454
2128
4879
13154
9238
6103
7179
5328
26613
10890
7899
23210
8712
300
14832
14648
80357
8610
1117
519
2340
17377
4920
23310
31184
3603
2202
7698
2297
18913
24733
32147
57242
21427
8059
2925
2942
7189
2074
14060
6112
49133
17655
3335
12282
16757
33586
37514
10029
5102
10168
7793
5132
2634
4283
49464
8396
27437
1011
3196
58426
45759
63173
12105
10014
13901
11447
3311
55249
492
13139
14773
27293
2680
1801
27159
2944
11607
8380
28662
3016
41163
5638
188912
17458
14322
1617
15239
2387
47785
27069
10964
37753
7810
5758
7789
6608
3428
38191
12521
1140
1323
25798
1833
75740
762
38606
85679
4690
61384
386
5548
535
12149
48372
64249
17353
7345
1192
18944
2121
13232
1112
13715
15766
12993
43494
7525
18211
13909
4673
8556
1746
228962
18948
8348
16944
13984
7336
11280
5084
16415
77450
2879
37158
2678
19942
11494
722
1288
2031
5245
64941
25971
72564
56485
3438
34577
696
32675
8786
4795
16899
1113
11249
10052
7683
7274
2069
15214
4515
5404
3431
3974
9403
3672
8732
9101
85597
5555
4888
31092
33829
559
21568
18675
3171
4829
698
45328
13764
33671
14212
26054
2119
26926
11396
18468
13749
1858
20060
2907
16305
9306
170286
2594
4749
9648
36602
26824
13902
27228
8083
36210
5981
72384
10083
48804
18020
3376
42449
15060
14518
10713
29588
8242
10000
16924
1597
3512
11330
2609
21473
57500
305
8882
853
13926
16759
26388
6763
4204
9061
6588
1170
6348
33488
8032
33807
9201
965
5409
7834
4496
47248
6821
8677
2329
13315
13007
3294
5031
14519
9257
592
22651
4577
24303
15184
13094
14408
4621
12076
4465
8006
13282
6945
9469
38144
8279
7926
9668
339
16300
12317
2343
1143
18887
6420
19228
31086
40408
54907
2639
1171
27222
2908
9711
11205
82210
11604
73299
34131
8379
508
435
25137
56320
6498
11861
39100
10583
1148
25147
12584
85027
6243
24993
42232
53857
19474
12261
14429
3955
10379
7765
32354
1650
7715
49428
815
856
1640
1479
26590
30855
5576
19025
2005
43797
390
9947
4802
7276
7361
16975
61738
9919
6053
2020
33270
6472
5402
7551
589
8454
61369
9712
20112
5666
172100
9944
36367
18541
4851
806
814
16753
1554
298
4694
38068
91689
4466
20139
42634
10325
17287
5174
15773
35718
38139
5289
4680
4736
7739
2871
1658
7734
12771
4300
24490
1273
6217
17241
8385
76787
12103
4483
31997
9192
20454
30484
11504
19556
49835
1824
2599
24439
11290
94497
45361
1200
4573
12527
730
7960
3999
9485
35007
22028
21118
1778
54102
8771
1927
3354
7438
58655
22373
39811
3476
17830
23065
39972
61841
11116
2492
3545
18420
22764
3746
53916
7466
20003
52726
4766
93144
565
52838
13808
44920
23046
26162
8770
6044
9761
6577
21345
23508
52642
1235
12573
18730
3874
1211
12035
5182
20580
3035
4980
2374
605
2366
1349
17397
13016
27462
5514
1242
21050
80361
14385
20359
9586
4310
62263
5615
28392
577
9412
15574
759
1985
2829
6901
10970
41643
26820
622
74988
3583
33931
6466
5821
11321
32224
1696
28121
5252
10481
9033
5680
4918
6602
10383
48855
19335
58894
4841
6847
93067
697
7559
7106
20368
3717
10897
12754
2390
39017
468
7025
2037
26864
11189
2573
5524
7915
731
58565
10146
943
1757
4011
5586
8977
10386
5722
5817
7891
6027
12524
7265
3282
2085
17554
4225
32817
31941
24358
40387
2658
22281
8187
12091
41085
4005
3445
18824
27355
42412
11291
1022
8598
63881
48794
21531
47241
20182
6549
13766
19633
65942
1453
4454
13864
3757
4108
2113
703
3494
32961
19787
1661
23104
27867
6649
45924
3899
28928
53650
15922
21250
4443
13120
14246
35810
2095
11767
12152
21156
644
85683
797
4409
4592
13514
8785
12785
16432
23753
4003
6439
8530
75108
84828
1371
12858
20771
6282
7500
2530
9971
2490
17815
4876
10739
26231
15579
6015
31084
31445
2442
17158
9375
55976
2332
72115
2606
14208
53030
21831
15756
5359
1888
887
400
1784
18002
25293
6631
10811
23156
77506
11208
28707
15197
839
5115
26865
28712
10926
44250
86882
11313
81010
7945
7199
9637
20479
2143
21685
26079
10605
5261
8865
12217
7799
22562
4816
15697
17509
9146
24911
9325
14991
3720
4435
61932
21851
10804
10213
55217
5696
5708
3506
22090
76478
2205
1679
32508
8563
59934
85322
34579
51790
15089
2935
83081
10932
18950
6038
18673
27952
2077
26157
10660
5909
31118
29995
24834
80523
46170
66532
1996
8847
16577
5091
5527
7087
786
5438
9077
949
35260
33564
4415
1820
1798
31548
3905
2096
28953
2491
12943
33793
35141
14090
401
21433
12995
4676
1816
39188
1781
16545
5098
1926
15141
27734
4493
13556
27586
3522
43190
37250
61781
11296
2319
13600
329
15572
2154
501
10649
15440
8162
3361
14870
24197
28218
38045
21736
16184
2200
1314
1802
10911
7545
8481
63853
31600
16465
23014
4536
7878
25869
2985
4346
6459
8955
42529
57381
37048
642
16525
13550
19318
8794
23022
7937
9959
19290
42466
341
5730
3947
8410
19912
614
4030
2117
6645
2518
3290
2739
16876
5167
2312
6734
38705
60002
8339
13011
1234
35435
37359
9183
15087
8169
8341
9849
11656
38176
20362
11814
6767
6718
34028
1293
10598
14751
2010
20653
15382
11325
37116
8750
81347
19767
732
62807
5287
35494
8289
7700
2643
6795
16036
15686
13329
6338
29310
20678
30140
1326
8678
20895
11817
6741
1662
58621
3759
28530
596
2932
29643
724
18770
20007
1643
13744
26103
11255
40818
5743
25241
3514
22005
22440
1196
4115
6004
8363
2545
77930
7869
9158
8371
18261
31088
11218
3033
3157
3742
20952
15814
7764
717
2992
14377
3186
442
5427
32335
1265
48603
8217
375
3609
5689
61911
7484
7428
3307
31579
22166
5767
1753
2138
10872
9930
2034
827
43251
84124
66350
72349
6716
4688
25181
3495
15234
12348
1193
15862
8604
5480
8127
1760
14086
14737
25552
28192
8524
1249
67447
14197
15318
3964
16936
7795
1547
8483
1178
6862
33869
2126
3641
22825
1714
16520
76530
14714
5536
9170
2921
36944
11223
441
45025
18652
2763
10776
69551
6483
44199
19152
24603
10923
79852
211614
33093
45109
8058
12954
31097
2148
19114
13753
6611
25044
12415
33341
7252
721
17471
11039
13343
74903
3219
4771
44341
1405
7190
21426
1764
50474
7131
6639
50606
53269
11665
3203
11171
52562
60404
3864
3693
18216
7752
32237
3822
11700
17723
9063
20420
3384
13145
28365
4344
490
28133
27123
6237
56415
10856
10140
28177
2171
30125
4545
15981
3191
57129
4993
13322
76068
14760
33601
22151
8868
1015
9643
5303
7644
11717
19101
3137
25860
14095
13646
6437
13432
15861
14166
10834
7081
17200
56004
12238
10743
28898
1478
34810
74533
24156
59463
59286
80939
7393
4475
36397
84810
1516
10650
4058
4674
14293
4660
18023
50896
1803
37441
1905
6948
11040
8699
9775
5069
5242
14387
20382
37794
89304
672
14103
24559
4535
20341
36076
2723
1605
3266
3285
2029
30211
34580
7605
11693
33791
64561
737
4418
5946
20325
45157
3127
7701
13881
11048
18612
2197
5236
5384
25530
4486
377
37306
2437
10467
1923
3039
62117
55341
26510
531
69583
7151
1344
2800
1682
7575
36022
80265
28609
41490
18413
55000
15278
6709
15906
11946
15855
38593
66349
7062
29554
21292
3558
24679
7289
3367
48213
26984
1908
7335
6759
28000
7434
6616
15011
15377
31874
36265
5491
1126
51372
503
10195
27415
1009
40027
6077
16050
81524
22728
16347
14619
3200
18607
18777
35658
2515
11293
7472
29254
32002
11227
9237
4384
2309
3173
42463
9212
3895
12850
3284
6259
12269
1203
1027
3806
2885
3040
12996
3451
42181
5499
3938
57552
13806
10172
5190
35414
38200
11712
23191
25157
19441
8796
21579
2011
3131
41424
3276
7993
3402
11368
8468
4603
11910
9671
3199
49282
5323
1463
2911
33939
58740
20740
2231
6170
10636
7892
7330
40359
49400
65526
31105
12594
75555
1458
26863
17602
32471
3743
66114
687
24987
19150
72346
63908
69961
12752
5373
6435
6304
8166
71946
1673
4296
17312
11402
11406
7830
10639
85305
18959
22284
12037
2109
9221
13668
58873
9476
1274
2641
8557
20089
28758
64763
927
32881
10835
20413
26555
10814
34445
4431
1043
22524
20269
46020
31277
19013
7256
13200
61779
35067
12368
8548
17593
14701
5003
19226
2315
10156
37799
37043
788
3424
11659
27798
187067
4800
40551
26289
11163
68163
6078
1742
9417
18677
560
646
12366
38503
22267
10128
8061
8529
33129
25020
3584
10102
74451
69777
2153
14989
29642
25546
26343
31665
10530
1163
50949
1648
9945
60277
80347
15228
49125
10480
3661
37998
39210
19396
16508
4885
18989
35312
50977
4025
1259
65495
7101
7840
17845
1218
3397
9226
27245
4186
3900
6570
22444
7832
21849
16318
5574
692
33283
729
2846
2053
30762
16126
10433
26123
1806
11140
3420
27467
19674
6552
512
14695
445
94307
29611
1860
9354
52141
54087
34475
10424
738
66488
35790
18036
370
19670
1008
3291
16681
695
43240
67518
20908
7917
2614
11246
61869
3072
11433
18108
12740
30192
1511
27325
9862
58558
620
2046
9020
5976
19797
11898
27203
17607
26259
1210
25427
1086
53177
23437
89331
17290
1253
8657
50319
3117
5530
322
54254
68030
17627
32766
26355
1319
24438
8957
14830
5953
7170
8366
21278
4185
11886
7049
8323
16602
18794
72867
68169
2072
6843
26653
11198
26805
33662
4394
17011
895
7526
9358
13176
1446
34071
3574
5406
6060
10736
37157
4718
9727
14762
18828
18574
25503
5044
31355
16143
47354
4291
82419
17068
12062
8046
2953
13736
4299
23470
62930
3023
10954
24580
1849
14260
79476
6973
10817
35126
192988
20641
94441
1176
5364
22887
3595
1019
5605
11501
4188
86775
961
907
30687
4345
10774
47149
4093
89681
51187
12459
22805
20002
41331
26603
34736
73250
77216
13340
8698
6238
6386
12439
5956
4945
70901
6557
741
447
5096
8290
2427
61643
8985
5372
68376
33924
1315
44192
9089
11484
2513
35302
22327
4456
21124
47224
21134
25771
4304
8209
14445
2556
40659
12272
64811
1818
10087
7776
49259
39850
19072
24919
4973
4111
16417
46995
17518
17864
23796
613
35546
16565
15402
1448
60052
29880
52919
32907
6440
32419
35538
12143
7589
9990
10327
13039
4430
7611
9915
17431
3440
80516
19251
16859
20407
4010
7156
33295
21333
16201
570
188460
25429
1063
4392
7606
5836
776
7107
23716
33993
2311
289
3469
3369
3214
9592
11878
2376
4343
7800
9153
23410
8646
22157
12851
2135
1623
8866
1509
1744
38591
32337
2997
10220
29715
75717
16253
10589
26137
30406
65194
38016
12846
21902
10159
224511
5736
40179
2956
44213
10661
1456
10092
20385
9109
19455
28098
15616
19470
4088
16327
1386
55619
61386
45447
26554
1469
16168
52654
16000
12448
7602
8214
39604
33110
11605
7304
29346
21538
15000
19707
6452
917
6711
10691
2647
405
5361
17820
27367
15752
41306
38641
4324
4923
3998
3497
12585
20791
10616
4119
10337
15484
34305
31264
68914
10793
66590
3645
11012
4970
61485
4751
14145
23956
10502
36456
10403
9880
6983
15264
28258
23197
8566
18533
8334
52954
17574
93435
2073
20123
448
45454
6327
33591
27483
75724
9283
10869
17565
5255
25716
64241
1552
17510
18030
873
14572
26661
64910
6105
26189
4473
32814
18050
4696
48939
29541
44225
22007
23424
11121
3337
8317
11593
30901
85802
3883
47622
7462
3942
499
899
32832
21001
9121
75477
18826
1264
50371
7193
38786
7949
8509
78905
2652
14294
38710
32148
1307
45668
7018
19566
10232
75352
31456
11618
15156
38385
17761
26502
276
45690
15078
45276
939
2958
2204
28191
18483
1846
21024
20100
6744
669
21637
19367
20922
3378
3449
22910
20163
11093
32633
15016
14834
826
374
84333
10845
19603
1340
398
47712
10738
946
18842
4546
10539
463
1199
1666
35980
38479
37574
5057
18394
2184
6343
2981
9110
9197
23810
8611
7281
25738
1347
58118
31023
4114
20086
65663
16609
14418
26140
308
9467
15250
1145
51797
428
21010
11466
13867
7023
22597
9393
9032
19214
10490
5318
7976
923
70674
3788
54084
5227
10896
15578
64072
19019
35045
51556
21283
62238
66854
24563
60838
1748
22845
61002
27335
3842
10242
8443
20239
12386
21988
22285
26299
33303
36884
58646
11175
4199
38841
18276
3032
12576
12952
1777
8070
5374
11490
996
2784
28569
22792
7862
11925
94931
40834
39849
1029
37281
2229
81307
10592
46360
8210
74155
13158
9141
29655
12422
16739
27350
21621
6396
1058
3571
8064
30494
691
12655
31961
6311
76475
211342
20692
71662
81480
10036
3047
916
10952
16732
42572
16779
3912
10142
22873
9046
9766
701
80255
4950
9017
56905
2078
49264
9299
1485
17938
5964
9997
52549
11450
15604
13797
9581
34647
8003
3704
1814
40890
78161
21166
25598
32260
28488
20630
6008
3459
51695
8523
2234
8984
571
2186
11007
55877
6582
76531
7135
2006
7578
5546
7788
8751
52211
4609
5176
51762
8265
7867
7544
27583
31766
654
37707
18247
66983
31363
11294
5302
11900
2621
6503
26808
11030
1962
18069
3658
25252
16707
6132
5599
21031
2736
12068
17437
27510
4307
2602
9378
1512
29292
5519
6957
16923
26324
8535
1725
13263
3733
46398
85950
5763
8968
56671
5601
5170
21362
43523
25681
8585
8757
45344
12237
23016
19349
14744
40986
41774
18473
46925
2579
67418
17462
19542
23853
31799
4350
648
3392
94827
15676
95235
35970
9398
74391
28964
11488
3301
3022
67409
20554
12765
14953
1044
12162
62411
1300
24141
75600
1768
42159
6697
59915
23283
76176
44776
4627
22207
44227
11096
19413
58366
14520
24881
50514
1110
922
2561
1138
88673
12782
49356
17638
11174
16683
6392
3810
22841
18539
32689
27853
34181
45938
2744
66926
50285
74821
12567
27674
18009
18957
1224
3510
10241
42242
10724
1186
69402
10517
905
3488
8722
3491
17102
21998
3812
3049
28627
900
52992
7657
37210
7324
986
3221
20593
2909
15688
1208
34237
2465
1100
21640
33848
26760
5211
4317
12104
37779
37379
3255
29749
31374
61444
18532
3234
740
1687
16312
20671
73399
6696
5734
47661
20319
68336
22219
38627
9571
25211
92942
38012
30205
35901
2718
48470
19581
18082
8472
5486
2413
4480
36416
69899
4282
7139
79420
28889
31621
5952
1835
16870
2301
48868
6851
11992
38643
35338
35473
5041
3138
604
12854
22149
31358
8205
32251
296
15754
24841
1519
14345
31410
6281
42465
13157
5999
4990
650
9892
4449
41900
10985
3244
12955
12849
19163
83290
26168
31826
2922
28701
66127
595
9030
9023
6661
22898
36059
10186
19612
17771
6206
1162
5567
3793
28128
13403
19041
41973
39277
10533
9988
60282
2653
13858
16764
68362
71404
1271
22806
26657
27443
8142
38729
3310
72509
8749
6865
10999
32286
19458
14384
28493
70410
6632
38754
2959
4098
12749
627
68421
2850
64662
8448
2796
17763
10672
3446
22663
11603
28782
61170
21295
189551
335
19536
37756
15406
28528
21793
3949
23825
21716
2919
4752
59739
25865
2823
17362
57571
20754
2199
22324
34728
5876
25284
27632
24101
456
73756
6989
51103
28068
9178
6383
17987
30263
30755
988
647
9599
5954
8068
3627
8427
35923
35845
43318
5064
35983
17289
18377
55956
89303
8887
18053
5698
4820
75835
1352
17384
5460
3002
6107
15451
330
11961
31972
30537
31661
87132
22445
56730
36501
8486
2564
45547
41339
59144
38374
22629
25969
4425
88518
22322
8613
24425
5762
32332
24725
5941
2348
16307
2798
71446
6972
26472
34404
36092
77678
55288
2472
5799
3826
1932
522
2724
340
50615
14728
35288
59780
33289
8239
6463
8952
4574
15175
12948
8552
12495
2276
10678
2068
13081
1435
27024
1728
1006
5202
71565
8756
1254
2845
16165
32879
69764
5157
25128
11112
3278
43870
48086
41179
1646
7563
3106
11394
15213
24828
5283
49948
2198
6964
55483
44142
847
38797
37476
2788
10695
44564
24900
14730
11292
69081
55101
5995
10766
148654
18280
408
5497
1591
10289
4578
34112
27757
4071
3681
11573
37208
13064
39141
5024
26849
7108
22260
28185
17708
17199
11721
10886
6738
1073
42812
947
12215
49625
15417
686
24094
3500
3882
17529
34088
12417
8804
28241
30571
7539
69330
18509
27841
7730
45299
25456
10202
43555
1426
20804
2771
46283
41019
5791
3287
23522
9734
24865
4635
5515
5891
36571
19662
18089
901
36093
25851
7385
4364
61507
16298
9006
2591
36377
55580
70371
2598
5944
14789
22839
14378
8553
41173
14552
45980
8346
1364
11393
410
63492
26791
24228
5286
13854
49558
12277
2939
10340
689
19567
39072
13657
6429
51088
6376
5381
84686
7059
25250
30835
1745
945
73039
8253
8193
22076
40819
12931
47960
79091
47366
1686
47696
8891
34602
1102
2021
40657
60283
26153
20052
15449
8661
20122
3855
7095
7205
46348
64813
4210
15316
86514
12193
13545
14372
7566
52907
11106
34941
2536
1054
25212
66793
36089
7071
36879
7321
2918
52953
38540
9215
8684
90563
4584
11619
49240
704
3122
75021
12675
23299
1533
29951
6966
59970
4489
13468
23554
11031
2484
34327
46827
7090
9991
24846
79417
6804
18212
6547
49419
10018
13301
6310
25663
23697
13640
17086
8719
11908
30917
1013
84637
47226
85904
7016
6651
26080
9319
10222
58079
16560
25005
10458
19654
35169
5558
26126
27224
3927
3518
46142
3602
4000
4254
4262
4833
40527
9826
1091
7733
4292
25331
81294
8495
41052
13238
18738
7494
5147
3807
894
6556
7328
21019
633
2325
26606
4791
5352
27119
549
10902
889
1959
13067
6258
18084
7041
30982
34291
18346
40652
19816
10016
6702
18505
37906
3468
27237
43690
4082
538
18311
45559
13398
6687
16929
1702
30143
46767
11835
3654
25930
13998
4672
22222
29085
4979
5259
1772
13746
14654
70012
4524
6625
10253
57409
44212
5206
2110
2147
5117
42707
10278
1936
61036
26012
14783
7210
10024
15153
7474
24443
54771
6903
48401
2674
11516
8577
9009
46070
6352
2258
4028
1795
13822
10841
17283
1864
46490
79213
356
18685
4861
5351
3328
4769
2430
3079
1977
8686
71590
83782
1815
9657
33060
14419
10382
25941
4904
18811
63626
3531
5335
3405
19710
35232
35678
6151
15480
22419
10426
26519
21400
13279
27654
2967
6354
44480
51319
74909
50572
4211
15002
38823
11421
754
485
3702
12707
22247
472
29031
8818
20503
9573
16060
10917
982
53007
6380
71065
43141
13017
35755
9331
57867
22882
2963
17172
9500
1535
26858
31343
55687
4429
450
21363
18732
18018
14435
16620
50398
4789
15784
3139
9455
955
52175
13515
46011
6043
7380
7166
6379
27692
23769
25680
25277
2278
32379
1740
19910
7418
4531
8280
8995
25419
5466
65975
36928
25907
16829
2091
6871
25665
12544
33256
63113
12071
7470
706
1094
16563
879
48684
9039
11555
24315
6834
12453
21874
18188
61030
10331
8252
7977
1887
24191
28263
1212
4542
20309
4081
10358
3533
11407
608
31016
47756
49918
19899
58136
62236
15288
50346
62266
22741
17831
90112
12164
43314
20364
19139
10300
71520
67921
4009
5443
12929
2631
1559
3272
15395
55955
45398
41784
14988
26527
28043
4158
9987
19598
7783
54622
54703
4612
4748
48952
3639
8717
16478
2275
7923
29133
5718
8618
17606
61790
58496
9149
19708
11261
11013
32726
59930
18830
12718
5164
40718
12500
7386
4154
46928
34130
78795
44925
32480
10832
16916
87567
38981
41728
74715
4530
6278
148767
44193
22036
25918
23213
13019
581
3677
5337
1361
34126
60445
88064
17498
19222
12966
23495
2488
38806
993
9750
15707
3758
5851
5529
47278
1767
26023
37066
71598
37463
18022
16884
13211
23571
11863
22627
11107
1447
621
7748
1243
24734
57532
10028
9781
5038
37613
58469
38127
3804
1829
5764
10250
1373
17854
479
25337
1555
12563
19269
41403
3151
60467
13223
3258
22783
13102
5444
13452
15433
2865
3256
18405
16682
41587
4406
22890
29012
17600
50808
7794
6758
77971
47096
19304
28428
17785
9755
41760
80334
69208
29015
40398
2435
90765
26003
8152
18054
11661
32160
7598
44868
4293
29458
14269
60851
1050
33893
23644
5978
16198
34051
848
11362
2998
69625
9809
27296
7033
155413
3663
5137
38495
2185
1303
27372
24001
2683
23095
55131
59865
12185
173014
11324
2076
33286
23870
5488
6807
29844
31442
832
5713
13946
22465
15679
15414
1014
12816
5186
7035
10557
1797
6518
37309
47688
12134
5646
481
6054
34937
180285
5219
43388
17410
5388
59537
11248
11939
77885
1404
4451
80037
7198
10969
1460
92527
73455
29505
56231
51948
950
55045
9740
40181
54374
4306
80360
9978
82248
19586
4284
36203
31076
11022
1565
6260
30203
20858
2059
18879
17191
57879
7744
22482
8670
9290
6061
643
39358
27396
12506
2686
20011
10643
7772
19936
5987
35822
7479
9156
21681
46568
24005
11087
4858
19739
6267
5583
12748
39242
24927
44555
12877
13852
14078
11125
53577
31547
783
14588
70703
65081
3417
18682
37731
42849
29567
11776
13973
3312
40871
71100
5677
26655
5659
53276
2502
5523
36358
896
52778
2041
29492
15903
2527
30319
28079
5306
4155
967
72378
20970
65057
153710
2878
9685
10728
7147
21159
1637
30474
6791
7718
451
40909
10288
4796
22134
24958
32407
71201
4422
24890
17977
59661
52924
19959
24265
1685
29322
18964
70534
24366
15064
77691
4173
75800
38663
29208
88378
726
1841
14560
56546
4682
11229
5788
29440
23913
24276
10160
18904
10277
8225
59493
13259
4804
11965
8397
57608
52062
1619
7247
26747
2418
3552
33840
51216
33344
556
22294
25343
27477
16954
9815
1867
6726
28709
21136
12189
8145
6995
24862
7686
81189
19186
10162
22054
444
47501
46451
3198
28049
57171
24277
57739
19099
20169
8554
7624
41182
822
14061
56555
56837
47029
14795
57081
4458
23038
5511
17758
8990
1283
17185
22738
9144
22353
16095
20733
34944
2732
41020
24382
5562
14109
12531
13254
5674
9856
9400
30218
21453
63393
31489
26539
25700
5312
3686
1611
10677
7947
56111
16424
57043
6644
17571
45663
8668
25118
91938
1268
81589
1569
9434
55112
3025
14865
10254
8725
25105
31062
2334
1749
16137
474
7454
12719
87996
41278
6563
30057
50209
3754
44254
346
7116
8263
90174
45702
5310
27733
86779
24530
14481
13754
3561
2690
2685
35648
14739
46570
24624
29784
3662
11435
10868
15040
13595
11974
38895
28685
2752
940
8844
25217
16874
19370
19260
5059
6176
39492
26731
17171
18622
31969
31315
24037
3796
7896
43853
2174
10342
61763
17425
2058
24813
20321
23546
26516
30576
7725
18942
29969
50233
13086
2549
13704
8855
8132
19515
23723
8635
3929
50821
49139
355
4041
3060
80837
14522
3671
42705
17009
2822
1201
4499
3858
13185
12388
3496
8842
18763
5645
7860
67375
7911
67100
4900
12624
21307
51763
13177
8906
15501
6918
22528
13511
533
12278
1875
39927
37149
9367
36319
8259
30054
39219
5493
9205
13963
11074
389
372
3989
1958
54878
9084
10027
8469
15098
5014
27631
61161
12250
72306
9625
5535
29094
4549
91182
51891
35430
21132
2372
60174
36354
3994
7848
77870
13405
7423
21322
23975
2251
74519
6487
2867
13049
44839
3513
7365
92576
1967
4958
31008
203684
38076
59771
13911
65507
37710
6117
33358
3360
2098
771
12533
10779
4022
1026
18739
40393
4807
7027
2673
7283
18221
920
22558
30463
12501
39582
12709
69293
62047
1150
823
20572
7241
3314
25600
19255
38875
16568
15186
14623
2425
4165
2982
21766
3058
6635
43967
14573
40987
1948
7130
41544
3094
18633
27690
18810
21487
78971
13000
13666
31629
3155
12784
150310
9923
2900
44424
24163
42983
13634
536
6835
66420
29096
39390
14803
218784
29496
77505
10400
30820
6419
3118
6154
35815
32767
13879
48588
2858
13014
64933
24578
19660
1635
18971
10042
25532
61878
2585
27446
22512
29169
40751
208128
7693
6825
32848
22437
18200
174554
12025
93077
2699
11354
80990
41718
8932
32608
10212
26433
19297
28554
43119
74411
92738
33468
5812
6860
5254
28958
37046
719
282
91469
12503
8233
29222
24245
34523
36182
24571
4871
49725
10436
2432
10491
23287
68434
23718
15698
62143
33582
15196
49248
17503
23280
9304
20172
6248
42873
17683
86012
12458
5316
84452
8850
17481
24894
73172
3374
7448
68998
5692
61542
20701
9353
5125
29327
28471
5
30422
88295
23826
2402
37825
12937
7444
17311
3755
1258
32680
55721
3714
72445
4164
5396
194956
16673
10299
14472
13966
43900
8251
2777
65219
21181
5600
1880
13087
62546
70320
48018
12717
4244
6415
63576
2354
23157
13518
2007
6565
22784
46671
2232
25857
1451
24024
4477
3682
78208
6082
28943
5658
30096
11117
3751
3953
16398
4834
27868
24469
10196
12965
10633
6470
17310
16086
21365
23735
1473
26062
37589
1633
22967
25905
41412
19765
46253
37980
48753
26227
572
8680
50543
25278
3125
3444
13613
4361
1068
10191
6530
8821
57146
532
19537
5676
39512
16022
40912
21257
3130
808
24634
35887
20174
17877
16213
24251
35716
49096
18400
18820
20209
18656
41244
34261
598
7044
25402
7346
73589
935
48267
77397
19902
20934
78747
31918
26211
81385
23304
25643
66762
18751
2559
2429
40889
88013
71534
18165
18597
1077
11164
33319
1025
77991
51515
13951
45697
1071
16995
11799
15999
6886
3993
6256
18788
34322
8949
32783
9231
1410
1681
42514
12241
11086
67264
43774
94411
11240
5657
7308
15217
2895
9799
43117
12178
13213
1466
37027
6885
12804
67552
14195
2719
29472
31989
46987
4551
10709
40290
13996
3580
4716
29533
48409
6646
842
150999
30237
9069
21461
10352
41223
14601
14671
29809
4727
15699
28767
47532
3517
8065
76591
347
38334
65552
395
76078
12389
34089
2731
31733
14885
16821
23547
780
59933
7533
22280
2090
30506
6418
17076
352
930
209565
26699
29877
5896
10522
29436
1738
941
86549
35604
6241
17220
48199
23218
8207
12891
31545
9136
31130
7609
42962
15275
6353
24868
13789
34093
1756
13838
14910
18207
18937
3505
5602
25730
51151
3903
28341
25273
25605
5589
29129
4540
1659
9970
9992
16359
41275
85958
19174
5130
30662
232735
30675
92640
22985
6330
60239
54625
8944
12150
5875
11253
28885
7692
57491
12805
27226
4127
5383
24123
4167
15162
13325
69303
88461
29075
29964
71253
23036
20025
16360
981
12502
4268
14335
360
1548
33055
13264
33767
30882
87317
15367
1209
42140
21114
17157
6221
15716
27028
2557
25557
4623
86469
25478
10951
4956
57142
11617
25057
21609
22109
1616
13866
1828
6765
11510
19268
32974
42393
7297
6960
15848
20522
55327
13427
32624
8222
89768
10723
10729
31324
57513
11746
46423
16516
36110
29014
3741
18559
8038
75843
68101
21575
1081
1313
32117
2017
80832
24224
86712
47302
9154
3928
2852
38813
7183
2183
2851
29694
72825
88511
28868
88783
5920
40541
11879
2399
3997
1207
18569
4245
70546
9421
76698
34519
20624
9628
31790
10545
9933
4255
49992
30181
8940
17971
23375
19389
23398
21254
24512
22958
9785
438
20066
40846
70307
3193
3984
36931
20152
4595
86674
22598
20826
4847
14565
88110
8324
35140
25204
1634
69295
41054
56764
8948
87363
7421
43168
32387
13874
69692
28286
397
20868
55338
22676
1053
26412
26829
18232
20346
33170
3707
30260
49223
2012
18499
6636
35885
27984
47090
3466
1299
4827
6669
8931
10810
12463
24795
85093
29793
36584
4334
38243
2470
15739
31103
16947
17789
77036
36722
22246
2378
4787
31377
10071
9840
1515
1123
11932
3410
37885
5687
27413
4319
11304
1684
6656
14164
60876
44436
27881
24127
9738
34885
13161
18214
9100
64913
29865
6306
70246
5330
84212
25162
69315
16161
27980
7334
55091
42199
13784
21103
35757
4122
4794
5461
21408
1998
21578
61103
29748
1005
84338
55157
22230
20367
34538
8508
14165
13015
18364
40904
30637
5414
10187
8791
3089
24687
4617
7912
27712
68351
55671
55160
89901
9308
5781
14206
8153
3753
21924
5517
1114
5879
4091
8204
41764
11701
29618
13534
1237
83019
21066
5439
20684
4849
32133
23606
31439
41632
65937
8937
4099
11580
18877
7650
14264
20648
6749
7636
23194
31058
24334
2689
15286
54577
12454
1227
13976
64686
60316
10387
25780
11051
16893
27410
5989
27189
6818
43015
40284
56246
30876
4050
9067
1899
12793
26850
19056
17297
46316
47192
1378
34163
62985
71842
9461
23086
13565
13957
24342
69652
38011
7732
28285
5606
30373
32804
11072
22235
14611
190632
25333
2112
15170
15029
5598
58277
91480
22125
11192
93843
28359
16111
28539
10474
192398
25432
664
41933
74876
38622
7638
72332
28853
910
60729
9189
715
17470
67037
2471
8276
15273
57535
63412
8243
17541
37529
9272
35125
27073
10350
56782
4239
42103
8863
48148
83548
30763
924
25628
14156
77064
1989
8001
19481
75314
53893
78080
18417
2338
5089
55707
91070
85713
59608
94394
19020
1966
16352
8739
65393
2009
24716
4223
27427
12737
21700
9813
49644
9261
6902
9632
51301
20788
89781
38442
28378
40729
16501
32958
27265
1502
2946
13099
7002
17904
53390
6464
40337
38892
67973
177424
26026
48531
153693
81183
3044
30854
32635
7246
11078
56539
35358
12640
13426
92007
46343
33404
50548
17585
20104
22869
52393
39044
81903
14683
89079
58980
71164
4650
18356
4935
5948
5924
16037
13026
29587
18456
84771
58755
39834
16905
11154
15846
13969
19337
2187
32365
8823
49889
36151
49765
79816
14169
25008
37107
159751
3537
753
2288
62134
3968
7836
82353
1743
11999
36882
5748
2818
13437
41203
70953
7267
29234
16672
59542
5684
53115
24244
4444
3787
1080
4175
743
13365
55046
12756
8744
2241
8156
58397
860
23693
31663
15495
3985
47789
25009
21523
41251
4719
70981
4667
7230
49422
3009
76471
25256
1838
39671
33508
56328
78440
14311
9824
47821
62381
159542
8033
68230
14886
10291
40225
28450
6688
2891
10988
32096
616
5045
33273
21003
14289
6779
9186
23819
26439
72908
1461
1763
57261
12098
12806
6257
46058
8597
4505
15563
31457
82363
27558
31162
11744
9432
11201
12244
32751
47885
35289
20609
23638
32300
37443
461
25711
2283
3809
3972
47364
1246
2257
1251
89338
16679
7854
23748
2080
8862
36268
1457
2666
16743
24660
78361
39356
2824
4492
56102
73033
3771
46197
5991
9967
17908
24569
66625
77159
72632
20852
4830
7379
3565
2370
1572
68463
1670
25835
1290
8094
27086
5363
3930
94425
12630
44734
9692
82316
32579
45374
7263
70378
3738
4371
28042
16698
14436
45711
15711
4497
3395
39135
5706
2238
91385
22295
187113
4410
33752
29018
2379
17657
23214
19547
10646
68207
28465
47391
13249
4968
3000
969
17572
11871
66976
48218
89383
1020
2476
33911
2001
10813
54962
8053
3381
13239
63001
31271
11513
11424
38982
27922
8519
4031
17896
92844
5801
28301
1188
3148
5786
14190
41720
93409
23493
35326
22070
15702
11690
9011
2948
6915
28495
26637
3036
50861
41882
3322
3786
24938
33899
14112
45863
39652
87749
46250
13429
418
17764
39113
511
89161
3615
81437
60735
2114
1672
75810
43195
16059
66967
48647
60826
32793
13635
3588
33717
47426
13954
87413
5998
23776
12951
51248
8167
41108
28878
22569
20045
1506
41603
38361
11183
4630
92169
37448
12023
6365
56232
41793
1655
11511
31190
94589
88367
74248
396
18519
8652
10185
21220
45127
14711
12391
2675
3982
66533
6182
25377
2587
11483
59538
71481
7290
26548
27723
28476
46891
65473
10603
1449
552
10838
6751
23925
5154
10065
12837
9104
16154
57065
19524
36774
1341
10938
4229
21769
5274
45608
5407
8913
45883
18700
11268
15911
7060
56380
21106
84638
4780
8224
2036
2014
23582
8573
43518
46806
22827
34988
26517
36084
17661
3549
1969
24217
71981
53611
8488
18453
14673
54759
47781
35707
56059
21419
12720
16894
54712
3350
53253
33153
24643
8464
93720
8924
91291
3403
14548
22513
10552
22973
24290
7449
25580
26184
49077
48673
84811
42613
26817
76742
4503
31349
49034
45277
9666
7248
9984
3818
5483
23075
37276
14271
8435
70271
4258
36634
23251
44095
12863
51451
5228
3190
37761
68777
72012
1984
26167
21916
452
6133
76436
16615
10258
33625
12579
22664
36974
13849
10503
37844
11949
54360
43953
17902
8525
7690
4662
39342
64174
32157
25704
10466
43409
9372
18193
10744
17873
15361
22000
51501
683
20834
5376
5299
11587
35705
22948
44926
19043
44305
2881
48921
25715
6974
41647
26679
17961
23032
39565
45256
7064
1893
61079
26931
22171
61520
9652
20459
15998
21999
24022
909
3406
25467
48028
21343
1101
63307
47739
43166
15666
1038
6900
20271
19763
16647
36100
8422
12266
19874
28694
37384
27242
79965
56350
17973
17561
12405
7496
8958
43355
53074
4575
5934
49788
2632
2603
47782
11614
2897
6249
72120
13662
9233
79221
43303
16676
82751
3192
2589
8639
68023
36703
51342
1154
21221
8758
3330
2421
61801
9357
30805
1924
49657
1333
21556
19053
5878
49245
2540
62305
60856
47163
1391
3708
10356
525
5675
5416
53057
2799
5143
7812
12221
8761
41606
69590
39318
6268
47940
15491
28403
46192
13332
25822
7943
22863
3067
16694
53231
47625
19095
11196
11538
61659
38116
33117
32728
47193
4671
8482
39147
12844
4864
6333
36027
13912
33634
17083
30551
7505
23959
35272
25868
57735
22927
3442
23271
1187
37781
6700
1721
8543
11177
2052
51989
4327
86443
14055
8268
25148
89649
56534
86725
24272
1520
2344
6441
77661
1356
57949
24526
10860
5334
12133
651
3539
26742
56470
7628
39973
51700
39938
9504
39775
13082
42753
69454
25152
25300
24009
50707
13535
19825
38411
5910
3593
26996
16981
19119
22082
770
42668
9721
6873
94609
12939
7664
1889
36496
15132
28659
92820
46522
16964
4826
2163
89391
13233
4784
19166
10377
17981
57616
45741
2504
38959
27205
17391
7280
44883
5628
11044
3212
59622
41153
23107
14081
23880
62377
27322
24843
22242
22014
21047
25654
27247
74316
26098
80331
2497
1160
79300
33803
9889
11747
62288
48043
43164
57167
95013
3486
29356
610
30116
46564
3527
7785
31788
17583
14257
16889
17188
66153
17326
32156
51494
7499
29806
20073
14162
15648
12404
26961
11800
1620
3478
7825
19321
4689
27050
22858
34418
29350
46854
67605
248
6752
2700
8845
44670
4206
17697
23597
19788
70382
48142
22044
42606
10013
12155
13459
19202
21855
33464
8908
3223
5961
35072
5449
76943
19852
62837
66186
32303
36001
8632
18500
3024
45306
189816
14569
3152
3581
2227
20600
52847
70042
2044
7903
9433
8099
7435
22365
2260
8704
43265
4703
5882
48055
54521
9266
32852
2248
10705
20539
11461
50199
13542
13733
6980
14421
19306
4653
39004
20785
2341
90835
8880
60480
87709
85625
82094
23342
2477
8108
20308
28759
3109
10039
85811
24499
18844
48326
2259
518
29552
76717
29986
2189
29648
15947
1730
4601
28432
1097
47866
17742
13129
7354
15623
30692
72703
28856
7784
2264
42370
1704
15058
8023
22236
49465
2355
20808
44272
2623
5532
3379
12381
1993
10862
2877
17882
6653
11554
54004
52783
1128
89408
36353
667
63422
15405
2101
52962
50100
13293
36087
8672
53683
23908
33862
1289
19661
89695
2979
3081
48740
56502
3275
48998
52464
30064
60217
35883
4863
33447
4649
6550
14892
51024
59348
2282
34608
5456
28486
94047
26777
25460
12659
23598
2479
71881
38136
15738
6316
35748
46370
25659
2392
11429
12913
6072
14670
61689
6199
3722
44577
26907
2368
11882
1580
14046
2969
11250
16543
87378
20483
36962
16941
83947
40506
58351
84134
3413
57353
43478
1549
19172
71453
78741
76512
7391
65205
66580
18040
10953
15600
47197
17560
15090
17978
8005
17043
4179
7675
3920
30245
81987
34872
3340
47410
11287
1106
1057
64490
25298
7315
5494
57925
10997
13240
3856
8645
5751
36412
78074
19528
47511
27724
2974
13878
2452
42237
61798
4620
1501
25880
10699
22902
46668
10130
15346
4455
3163
2208
31956
21261
46910
46262
29381
78253
2635
41195
3092
68527
71463
10846
54275
51179
22700
6916
3524
38619
82740
35044
35094
22779
1277
33955
8200
61038
19482
8941
14116
27376
5740
18655
7410
14330
14318
563
42642
17936
60840
15007
14884
15933
63011
20296
13560
5067
36349
12689
14646
1311
21549
39978
19213
8461
7552
56257
19922
19405
4729
597
24638
77719
40136
11428
5391
23756
43815
9028
14768
53310
16713
16471
14603
77028
24830
17867
52240
70575
7763
65358
23977
3959
4019
2299
5935
29712
22746
7132
7463
31510
17755
22200
68859
47959
89653
55308
32343
14895
12613
16089
17111
31824
475
13985
4666
70040
25187
11691
4380
27661
87470
23329
42177
19435
5231
3946
3372
8615
24296
17720
61416
20087
25067
5834
7298
41040
13548
4631
2457
75656
50692
13138
29612
785
86286
15259
15352
171622
31528
10460
6058
12757
11214
10198
25133
31995
54205
5173
20731
29202
22611
90955
23709
48528
38749
44485
34700
57238
92266
43741
13609
32164
42452
8960
66191
70975
17550
11122
20797
41832
28599
2538
14272
3159
14482
24589
12013
8288
25924
35920
3945
30246
42020
40420
32607
87190
4758
3382
6434
36904
13002
14880
16883
17457
912
6298
34282
27005
67017
29478
88635
2182
46466
47614
17420
3246
7227
1308
2989
14234
80806
28619
3599
55002
7207
13772
37175
6214
16838
68342
12847
22121
23912
24983
881
15640
11750
2084
5433
5095
14449
16644
6186
31404
49252
25523
70254
10733
81585
93994
28003
8982
14193
11349
11459
23007
5726
26164
31713
2364
6207
15618
833
4391
1884
35931
47774
27751
8707
46375
36790
6430
10588
10532
11431
12197
4668
3726
10727
72186
95095
4485
766
18941
9111
12207
24712
30731
52622
13965
1075
4029
4330
1085
95242
5553
29531
37543
12117
48036
30195
11846
31764
2140
31287
19579
68051
2270
64406
30697
33534
1093
14092
53209
15896
8695
1493
23617
28926
301
3048
13771
42204
1327
12622
37432
2244
42064
1940
4356
69500
5141
6657
1365
3845
14923
7839
1931
77650
31302
22027
17958
233530
6905
1566
6266
13685
25720
28475
31144
16083
48352
80231
61752
1692
24271
3620
13730
40838
24116
5570
1971
4746
51422
21463
41228
7859
47646
42594
2791
37296
85881
5823
49128
27572
16778
92547
52782
18975
497
28342
23438
23850
86720
32073
61558
32049
10630
18070
25353
671
26344
67095
16549
61468
32990
22778
17788
7604
40272
30315
10986
2994
25574
7822
41682
50579
29438
38400
7782
55221
6124
7532
42351
14263
5437
18836
44529
7030
51819
4084
34821
4750
3038
43250
25786
5175
40235
176972
35594
36515
27107
14505
8096
5308
34745
23164
197789
89691
43301
42024
6235
1693
3868
1260
7601
65704
7136
39149
16025
74096
8663
8839
13873
1697
49097
21612
44497
71497
26207
77173
57599
71458
32921
54243
38818
3971
27150
57576
13045
15840
42608
51338
172013
5278
34105
68742
6574
2443
14147
7376
66041
15388
54185
12304
36008
44401
3380
15168
29482
9405
49265
50763
12337
4322
45522
16218
24962
53520
179631
16103
27362
8381
12052
18140
97788
1720
18369
46034
5694
23585
42754
55144
199663
45912
46395
14181
15859
16087
27860
60059
12331
32453
42318
18253
4169
23873
1909
5415
14463
19704
39457
46561
59914
156840
13455
16809
19195
8460
17051
72606
45588
22170
15663
19129
31488
52789
82756
15787
173976
44788
39674
10292
3086
31285
38592
2806
8409
39074
40016
35644
4362
52889
36889
61433
36222
33120
5116
4233
8018
63337
48889
89109
54359
7966
72216
1231
26656
23533
20886
5305
43220
51077
10194
17907
55383
25050
2789
13505
13533
32364
50322
72694
15057
64415
73332
39673
57402
15313
7236
26884
12750
32822
12908
8436
17673
16687
7143
53579
10240
7214
36297
32254
10642
68891
12354
609
15597
14508
16534
28738
1047
8017
35020
50465
25635
31220
302
11020
17533
9361
58797
29965
1689
29812
76360
66366
61946
81487
24323
7736
9159
31639
29006
17592
25034
35605
11000
94644
30108
2978
87890
14301
25416
7728
6589
16162
655
9362
50716
2054
1950
47685
40878
6347
89494
17614
54072
52904
2458
72314
17656
17834
9570
42249
12427
52426
43400
55792
3233
1334
6889
1701
66254
315
11595
32957
17098
13366
52285
24751
68464
67433
3769
30087
6334
10207
44431
9157
10302
6130
2447
42988
17722
957
76051
2704
18615
15803
65319
6799
49836
19292
12760
48304
39129
70573
23344
10625
25425
43396
734
5248
8630
53354
25591
2482
14400
33963
34780
12663
42328
4235
55649
5854
21414
64234
3795
62095
19872
83220
4074
82670
81539
8177
1413
994
81194
10590
2307
5899
25113
20720
18880
40598
43850
54195
10714
8578
22538
36610
54902
21455
68349
8662
58883
810
4013
20993
70419
27805
11806
16492
67528
12258
11881
24781
44543
17900
14023
73118
17748
4241
41874
169553
21901
46696
62466
90987
13665
5702
1769
6746
6501
80728
7057
11336
16653
8916
46471
14868
15992
68282
55862
8320
13216
1358
13573
3187
7904
1956
33744
1955
2350
28058
3075
515
19573
23890
33763
1217
45832
4143
27760
79757
23677
52487
10057
8833
79077
6031
6426
4699
33713
2670
12188
35551
80165
18284
18049
81893
23540
51487
4903
9227
18021
10279
13273
13987
9071
3875
15693
4928
14137
34367
9042
1261
29757
31037
22249
21068
2369
7777
13995
22250
10484
80817
10694
3348
992
15905
4891
11991
15050
22060
8592
33148
6414
45031
6546
33265
46007
14334
75401
801
11906
7157
49684
16209
55557
80018
9958
32009
58548
33761
20117
2134
39910
11983
35864
13660
44504
2156
21604
5550
1674
49703
19688
39524
9037
72343
90183
65867
43472
4287
9437
33208
26642
24435
10702
71985
7660
19505
18839
18869
49187
18173
63237
39202
32228
19860
18535
23557
14706
8973
2726
39417
36953
20863
9710
6450
9216
3012
13750
15582
1736
25823
14012
28803
34429
41372
45811
1497
6805
73504
31762
11762
20236
50433
31053
62532
938
4916
541
33850
225356
2196
2662
2160
53236
7010
3408
17268
30688
6528
10487
15497
13496
6342
28561
4040
2462
13346
25977
2793
81572
83697
19974
10899
3960
47894
17840
36283
18376
11667
37693
63368
71142
8245
18892
75111
94218
34578
33901
17299
13334
4506
7547
85188
56383
56768
12705
45729
55968
81796
74872
10751
31534
16873
9773
29377
13101
60894
404
3831
93183
11855
3670
14524
18445
10762
19639
15860
19504
1158
27083
33789
1737
85572
51666
8637
68769
15238
6537
77517
5253
2720
5490
8135
29413
82889
24600
12924
46310
2459
92778
3839
27995
28025
44780
46051
14906
74574
52032
1582
14202
7073
1711
15674
65710
45465
48396
14231
1808
3626
29166
10082
11028
16786
9536
31010
16842
2705
16539
74670
83374
51280
64179
7946
5745
8428
6090
41619
21992
3501
1550
91770
33961
2155
66917
85401
56256
1266
14968
5212
33217
42902
7642
2236
38394
6232
67079
13171
3805
5818
28190
13218
23011
800
14979
95604
4658
8496
10906
39688
13669
47843
21563
2809
41078
71989
1882
72626
46318
70342
3931
29797
3197
12364
72310
1422
6160
33182
45440
57496
11206
32328
9425
12942
11679
31291
23122
41484
8466
1129
4981
11159
744
37285
7384
3217
3897
54132
54639
25249
23277
40257
69725
14390
78951
1983
8565
34369
1913
892
81859
51520
57297
70755
30678
16208
70157
19212
1059
41685
7749
4747
73406
93352
22469
11132
17839
37999
2768
1247
67446
6246
15735
74455
25762
8098
5898
12881
22791
63430
25946
9363
53298
3811
10284
54917
3936
39931
15544
38372
52514
3535
15225
7383
10443
68982
34283
15500
30243
27127
27238
18155
7641
10286
2630
27049
17280
39962
44145
19577
46772
47588
22759
69900
4948
28314
1385
8231
2056
12092
8432
7974
22270
3838
5697
8876
21479
13351
2954
2201
83986
50098
38906
77754
28924
67374
14607
13927
21804
50360
64135
14255
12834
48707
72141
25130
43407
79512
11187
21055
918
52222
2206
208711
51021
5500
47092
94858
42378
11467
11333
5526
15092
4390
52152
21790
25407
34775
8533
4972
19319
13587
45446
51532
57088
55411
14241
14148
8358
1280
175267
40769
35035
94674
19810
3327
91954
47272
46608
6212
80635
11602
34243
5933
25831
4067
42629
58143
59841
90691
40922
7076
75275
23527
33338
52041
17784
8151
19278
18854
23419
19305
11976
13558
11018
23950
6867
28215
84203
35880
12680
21241
20973
16940
5011
43320
5889
45148
32563
91968
3331
8974
45790
5197
17087
24173
26236
32473
52977
18412
23024
58077
66375
63038
17943
57691
50957
882
1584
4378
11491
8580
5188
38205
17860
13698
92857
67267
58320
79482
48765
27482
15924
36491
2562
11543
11788
10079
47656
21101
3149
68829
6592
40138
960
5908
38274
2872
34826
18005
59399
3055
19463
28303
41528
19572
48849
178379
25827
14708
68252
10183
42674
13618
31778
11778
1505
9392
26035
44697
4395
16067
14459
3114
53017
24325
6393
3943
4840
26022
55219
21197
8779
4825
7612
17422
2748
47455
21321
1943
73555
30138
28687
11937
9698
91178
38625
30492
2027
49403
41491
35459
41167
3218
44598
51923
14909
29634
61799
65949
75313
77021
77724
80299
89883
93613
229115
12254
2172
2571
41224
83704
1807
9974
21773
234
34065
19261
13423
5955
53630
60511
90573
4525
10930
62747
77654
5225
17461
33023
2588
36667
3844
9446
19407
1929
33660
14525
40022
71376
12211
16364
12087
3939
82040
19185
8179
63280
19641
35564
73313
2910
2646
5066
47553
58795
3175
63858
5320
82602
1482
26463
46227
2836
94971
61569
15719
20819
17161
56391
58188
23163
79119
28708
3837
3090
23377
56212
16724
2770
62695
40167
20629
84209
18552
73234
36605
19835
38717
27709
66770
32184
5847
45477
9052
68766
71910
3884
30003
1166
6187
10322
45371
43929
8433
38645
9202
6609
51062
6269
6848
5268
16793
10141
772
1317
3886
10041
9420
2406
56180
13080
25464
63471
16045
79583
49825
1175
87250
33259
1911
14006
62124
5822
81309
20006
64944
22225
64381
8919
22038
80534
6409
51842
29616
8362
5378
34356
31255
27047
11440
7368
3794
8285
4273
92750
53485
75008
93920
24138
47955
6457
6600
17957
18004
18466
5683
42824
8581
90118
2173
10878
21192
24735
10495
17439
55665
5591
10047
17786
16480
26666
28315
84728
5104
10866
8315
89554
70435
5000
46424
7012
18086
3944
56970
358
56593
13201
95386
4946
72613
90166
3768
12572
2827
1544
18689
23864
2304
36097
779
9686
48895
8780
2106
67767
56933
74055
6364
12497
7146
4281
44572
22093
29261
23521
32193
11244
24676
47389
34030
25844
6781
14960
69740
6529
39531
11836
21207
12323
61265
2033
71709
5152
59514
8471
2990
51598
57166
6708
68887
2973
22033
20512
17454
42151
2287
12306
13992
37951
17399
3353
4214
26437
3780
6144
22618
4149
14747
3281
6728
32039
8012
8146
19565
3143
42371
68327
80344
30644
85288
7145
21600
15325
1035
21756
14912
47305
34276
39776
20017
3471
8452
62269
32195
12559
10090
16229
86335
2333
9509
2537
16714
1678
37989
29500
75902
24869
33400
45625
5183
3543
4909
71647
60631
18014
81259
23857
29371
42741
17512
17659
72805
7117
9219
11568
21314
1082
4234
25696
3635
29754
5221
78012
8218
5926
5326
19375
9445
52755
14833
21378
49231
49769
21701
3678
12192
5793
1979
74159
21650
5640
45426
48810
36999
7211
9315
7656
49142
6399
20728
32784
1419
31940
25984
7922
32923
4060
36655
20743
21572
25602
1229
4818
5775
72814
38026
13142
23964
4469
2712
49616
3718
33335
1465
26543
11963
834
3621
12733
37852
7653
18455
37733
28240
20765
13085
13486
25064
33254
8979
7934
54794
3760
52713
6051
27084
222
53809
49927
11194
26958
4178
15327
31114
62700
21564
6914
31179
9896
1470
59154
45227
20618
68328
1285
26308
2123
22415
20665
1707
1489
20113
1645
29617
14863
12597
20372
31211
32451
28016
3507
36656
32298
19180
89152
7310
521
173464
2847
47914
8044
10973
12639
41257
5218
7032
9079
16642
22481
52614
47993
3779
5370
70983
26952
17413
44550
201113
47164
2951
24785
47493
38637
13390
9858
13458
13379
89657
21154
8016
52864
10338
8119
24170
43703
26778
6536
33544
65201
62830
14347
70440
20984
7537
9094
28198
7565
13964
49718
35061
93518
1443
1183
24028
13491
69504
3926
3045
8953
53824
3598
1322
12370
56183
14204
92243
41453
26793
77810
16138
11585
6236
7678
69907
25516
63250
16746
1642
3015
45347
15523
23658
52615
26895
8291
27837
80393
9444
92413
8103
23353
39262
1316
16472
32087
13654
29422
21627
21123
58046
2507
11179
39144
51954
26685
22868
27900
893
24304
16421
26970
11272
47801
13317
19200
1369
22384
20409
197201
25039
34493
5585
27781
4989
4357
59735
24223
7790
63268
50405
8229
78721
33413
10746
26124
42343
39640
36553
29016
89063
23591
16715
33974
42898
44669
58963
3264
83889
3071
62096
11784
82525
32714
6949
31000
93342
7941
675
4219
62140
56994
540
5004
89809
2750
7819
11127
18101
5886
25562
25111
34521
1198
31816
25006
41984
10903
24546
28206
32969
50348
21252
3967
30883
11469
8879
40457
7372
3295
23833
78151
5495
38845
12703
74537
30519
34795
9273
8008
8298
40923
23836
61483
8095
14354
51623
9828
12832
34532
88384
17636
22702
2860
25770
51574
62366
14452
59761
52397
42314
78621
1417
15049
44232
11545
30043
44896
221719
11263
18549
2968
43752
4002
44001
7663
46462
48026
95700
19344
7255
6801
41705
87020
10910
9176
60793
19317
9688
47771
13492
53751
22579
75625
95462
56940
18352
28673
44101
14004
39752
65765
18447
13968
12648
12540
1335
36286
29203
4325
12268
42377
7774
16858
18209
6109
1626
5903
85123
77612
10524
6374
238972
9481
1295
2203
90363
4482
39516
6006
30794
45553
56198
59666
18546
30603
14370
4095
36482
36824
58282
1124
40812
49878
2384
11088
4890
6469
26488
5263
16690
15222
50731
11985
17061
30869
22754
6369
11482
41846
10391
379
5037
7850
18778
19845
37734
24050
58987
64318
18627
6977
49463
39087
5042
5584
15539
88003
13684
20142
6020
10108
39328
17239
1671
26812
24799
28328
74321
22008
14844
34091
48860
77980
16035
11390
1298
5971
23982
9543
34766
3164
10053
7613
26678
12991
24690
5058
8831
59052
49875
43660
36179
2926
17347
55940
52231
16136
15444
13278
70988
20631
12682
5189
63755
53692
15746
21041
42209
30573
26867
2158
20134
18459
25375
49823
6320
13513
14970
12868
18458
69031
74420
64268
57455
8784
29801
47339
31304
14512
77708
44457
10116
33664
18769
54419
8765
24096
5203
14134
11356
58044
18631
7689
64901
14477
43997
32424
3878
62065
24954
42340
13834
9979
69661
13037
80557
55810
32590
45048
3250
94337
7503
1664
7543
39627
20195
8264
9878
15542
32549
19108
29593
92019
530
44473
23451
2408
78183
1432
66172
630
59993
15408
6196
72026
52065
10152
16144
25472
50110
40633
76342
22414
6309
38449
14287
12618
33673
22588
53566
16865
7694
5123
15473
3231
53624
30296
4267
3248
5121
16815
93098
82848
72298
63266
65386
85510
7261
78631
65199
29029
22573
11160
27840
13477
37073
662
35786
20663
36979
28739
10132
3423
35821
14341
11729
21434
82054
8534
37685
40084
15767
14893
58957
60977
30084
33351
20233
18153
5411
18992
22221
70664
2225
84071
48929
202201
7778
8644
8972
27121
78020
60259
5338
769
24481
43382
18381
11457
5399
8194
10257
6994
20722
29743
12161
43380
30147
16594
67297
13537
20101
75282
8729
14890
5040
24367
18465
17562
11635
23586
10335
13269
20882
41332
20307
12437
72560
84961
22682
14574
52264
4917
10095
59317
51505
19963
23348
6705
73691
7621
3976
71183
3207
8255
172064
35978
37011
7371
42836
51590
2831
21196
46303
80671
28547
5075
10844
37201
5457
8938
36325
54567
18715
10296
21567
38826
23835
61607
8355
48641
14486
5448
7918
14226
85148
5025
4951
24582
33059
63020
15745
1853
66333
30411
13033
19800
16049
13153
3487
10617
47279
16725
31852
34739
33444
4561
22142
3990
14376
25891
23499
624
16237
84419
5789
9043
74794
19206
18936
6817
7038
30200
25068
36693
30179
11477
57807
77240
77383
1367
6627
67556
2082
61586
15529
19591
5749
21592
22305
3536
22879
29875
17487
70524
2285
10620
30737
74358
9708
9602
2996
4734
29895
42789
63915
94450
3816
5777
30021
9366
93351
17528
3952
75297
31802
656
82236
88749
39950
42763
14545
2291
16955
48232
86602
5013
10311
23731
64298
5939
29471
4043
19390
17408
17925
15094
50702
40797
65550
29491
16473
13596
432
24240
1703
3745
6184
10283
12775
27041
16499
16598
186226
7501
30691
36010
2787
70500
10155
10971
43781
162470
5192
32853
45035
3385
56002
1821
24152
20285
42866
71495
7061
2464
13404
94070
35809
11928
18660
3586
46000
7233
18868
49516
56261
11531
17162
20949
26608
67195
20312
7461
2714
64644
1153
41836
18034
32805
45689
65764
70549
67785
11748
80350
8582
15332
5193
30724
22586
16988
64173
11982
9691
18961
8889
22672
35156
70915
20763
27651
23319
16044
27230
58317
90578
3791
31724
31926
34228
12187
31654
10306
45901
66052
42532
94398
60392
57233
18900
5768
18551
18182
13900
18269
26610
10231
23636
19113
31975
1718
18510
6990
28197
33759
80332
13884
24112
218940
54383
36164
14716
192452
53499
63558
88130
233593
6295
93324
36939
14058
22892
30069
30473
41581
49597
58074
91565
49924
242
8327
5880
13095
9550
23343
9796
7187
4839
9194
20957
11102
34002
18601
5877
37170
7906
16358
24049
28950
13780
70521
7703
41755
16156
6511
2035
10312
37147
4502
34468
89759
51192
90922
1779
11343
16599
26639
23657
14713
24054
20656
6816
74755
30407
14414
17948
25677
71874
74396
3706
16043
21971
26477
20256
20110
68291
3352
16210
26144
34267
38062
56014
85073
86810
4762
11652
12490
2924
9596
5665
8260
13119
13485
13855
13861
18632
19332
29223
30382
37262
37557
41821
42144
56194
58641
59312
59731
60439
68093
69025
70443
77143
78098
85578
175263
186762
208307
55559
17675
35324
4873
40550
37336
23116
45998
34927
74671
49780
57573
89326
23966
637
68707
1374
29180
59243
13724
55616
11170
11133
6234
24504
7767
44116
20181
1184
69898
12539
14009
40803
19373
6284
15632
56495
40628
44115
15594
21025
37380
1708
10634
9262
44005
69526
16662
2839
47202
10540
26993
10218
67677
4583
60528
70662
57035
29922
26215
7593
16909
91630
12901
49314
91892
46944
11962
59716
11134
5769
38870
57423
50231
1476
5369
45972
2194
43088
17319
21328
30058
64396
30098
1098
68767
34318
50525
4428
31192
10584
32944
12131
1007
47980
13057
31005
89171
21356
33782
43082
21142
5968
2382
7881
25265
73404
11400
77217
21405
48117
30730
74270
18486
14276
14118
13812
18729
11594
5579
11872
6299
1524
2676
74886
626
26487
75931
201916
36793
13059
1847
13624
44133
23587
17988
30226
4413
18639
19194
32313
6947
35102
7408
9415
5647
25171
16335
32946
45388
75007
61872
5770
13362
84890
32149
45161
49534
18307
5667
88081
20694
29786
33279
74751
19851
46705
89934
2801
48508
3996
12390
12001
61536
68008
43935
8951
23336
45224
10553
24657
1897
14030
17210
87751
5394
9501
40229
19018
41350
81639
20428
3623
44439
176217
20689
22811
18783
34094
3439
56723
23241
31886
16693
16849
11245
36438
76730
69515
3111
43565
8284
8547
37527
34942
14554
9673
70383
7457
18779
30344
37095
40510
15813
9833
64331
6594
3562
13481
14663
3902
88694
4026
5840
14531
91053
50958
149175
28092
431
10958
39619
7787
48070
18176
89482
3687
16632
10118
36616
40523
13888
15355
77264
6923
24806
13457
27622
21624
9402
45545
34951
57172
33193
6647
58645
27385
86334
5901
4714
2821
34952
83859
4967
34733
6545
35166
4962
10666
58446
3605
45203
85606
9789
83582
18985
8029
53618
384
26714
31637
15904
18117
6936
71387
51960
1028
16315
3467
45884
1859
71196
11822
21219
40823
1119
51997
59799
9435
45849
37845
74399
53709
12726
19232
14653
55461
42208
13569
11901
11648
34765
25989
42820
4887
1490
32942
28014
18506
65266
27869
6542
15851
4809
24856
60476
71862
6211
4764
14561
44026
18933
94211
29309
7003
8040
7662
41419
69449
28592
60922
19307
6899
33030
12768
3951
35800
26019
12126
14933
71359
23480
9780
14754
34005
54749
23435
71592
27315
2668
71831
60037
6375
8532
10492
17092
15041
4898
10711
51119
31973
54966
49325
755
7378
18485
87116
8043
31117
15804
8286
62810
13839
11633
64358
33431
12239
6792
11958
10916
16171
67981
7469
25936
15818
67578
22464
78300
2820
79697
4697
19878
22635
5779
29113
38587
48569
1573
8915
16236
5672
2320
9612
6066
52046
57710
90002
6677
35393
4823
18939
9655
15725
1090
44699
88283
5588
2987
71073
27870
23681
80109
43187
5587
10459
91342
4177
10523
51334
26921
9763
18709
21146
25471
645
23389
2628
54067
33028
91035
1468
67401
7407
60210
32897
34451
2965
32936
5649
15689
80116
43655
62183
9497
23293
60854
9627
38556
15218
40335
69335
7120
11990
12480
2065
798
2295
4677
63090
22980
16238
39846
36536
17375
33367
4079
84050
12055
21214
11347
46124
16337
749
21222
77358
55739
75626
16613
17526
6193
17804
5050
29564
5681
9085
7450
81873
47869
1477
82537
9556
3066
30559
18274
16651
28184
45918
85248
25244
67194
2271
20077
42169
12041
80986
26348
6908
91613
92314
60162
91311
9391
7251
6331
34107
14973
45771
1762
185038
43254
1474
13106
77725
18618
38013
12430
11137
22360
52146
23923
13536
62751
2380
18894
228753
19024
83083
35419
74849
3228
35893
71152
16296
6737
9190
24882
28731
1016
3890
4692
14544
23098
495
5612
9949
4107
42191
8293
12288
8075
50524
28075
41015
52931
29557
65063
52680
3057
22940
20732
21798
7344
1134
60782
35160
17809
59700
58634
21516
87502
15401
32641
33733
2152
35479
10264
5262
17040
73735
52488
33318
1953
74660
3542
10357
10248
27695
6614
32447
45156
22931
7260
2816
79395
8694
10393
57196
70513
13319
75354
5317
6961
13284
18343
30875
31153
10918
82518
2032
20457
12549
14837
18085
44511
5715
25264
77937
15561
31297
78636
12402
32830
1586
24344
3628
17959
57956
16850
57650
22624
8764
29650
3078
2088
20843
794
3124
3660
12610
94305
13290
50333
10122
16691
29467
3273
41670
11493
2765
27817
27906
48567
11629
25504
26605
46205
45586
80466
47460
7091
2247
6205
10384
57689
25896
24336
38944
5549
47004
14475
49068
6097
4063
3958
45872
11033
5032
27795
2912
61985
4663
93133
57322
33639
30522
40528
31699
10686
40093
5872
8451
19000
11091
16585
8109
61228
6844
6063
26108
40039
6892
45101
22283
46121
71679
12180
8161
22450
19285
23021
39751
18326
260
29691
10934
18781
51012
5101
92015
40103
82672
19815
14122
52039
4929
43020
61646
62971
16336
27601
33088
19833
29296
8431
20725
13281
26190
9715
23879
94839
21709
51672
3320
70221
11660
14037
13048
15900
30761
8583
32713
54588
5356
6641
40473
8588
63170
61501
79987
72553
25027
13885
7743
14857
11323
5671
21078
94835
6456
20513
13190
8627
42701
64512
45991
14020
32483
6387
53533
5447
90804
68962
16744
16403
10525
59301
16021
15031
13555
11318
15876
40793
24151
1155
82593
28497
64708
15949
18579
6712
14059
3101
36557
60212
18923
73533
24368
3723
8502
86050
10321
47999
37030
2659
10256
2884
11772
15628
66690
8308
12339
46727
74931
12852
16828
35306
26953
37792
26709
38661
47201
26287
4159
20918
18990
8665
79824
18046
16984
48233
79659
16015
14142
39049
56009
439
64507
6239
6920
53109
18867
40240
17295
1912
22652
2856
37416
4193
48445
392
18387
8085
4519
5119
11547
29890
18687
23610
46916
10365
56497
3455
36773
100
17915
9328
634
11425
28556
59788
12867
6917
39180
31988
18378
40079
17435
7253
45620
13316
40064
921
65035
14567
11952
11317
41642
4342
31927
45776
67112
26025
15215
875
42859
1861
3107
32588
12492
6140
69916
13494
7723
31413
9870
35636
1665
82637
3280
33261
6350
46420
502
3356
25690
16522
15192
24118
1195
51555
9207
37154
15843
54223
35374
6349
16747
59162
89346
12464
30271
26132
7679
7984
23749
11869
54488
16515
54911
67940
41510
17725
45783
74291
14687
20752
27465
26401
13245
13251
59042
27971
2383
1986
12646
59337
49175
13097
42780
87110
29512
5943
24090
75889
18952
459
19671
32256
57479
3323
23934
5126
15439
27958
6497
29545
10837
6179
21330
25442
21018
2578
27007
9115
21299
8419
169103
45466
9808
62708
46361
2326
91020
2246
14497
46399
25053
24528
92464
36414
11694
19145
77332
27566
31395
65427
39099
19087
48928
13775
47887
2833
15114
14931
54939
11146
11926
49416
18104
21354
9798
70123
91563
20537
80330
11363
59511
1136
41151
30809
35695
4738
5888
62991
40357
64151
18313
22190
45867
84999
5109
13305
38932
86258
14471
13605
14765
26389
28762
70827
27430
13752
83678
4352
4845
18641
10431
44183
6018
1434
40786
8980
15537
81541
8333
51217
13773
33220
3253
24237
15429
8302
74483
10842
92991
6478
14382
32979
76644
27384
23378
20344
15486
43095
11438
46320
3346
22336
54350
27929
2742
2356
40624
52010
14745
221683
8236
52390
91091
18285
47596
15936
3052
45933
18960
6262
17640
8640
45978
55606
6084
70527
15545
51883
6554
807
11085
74877
4049
4440
41554
15207
52287
10163
34912
28504
39533
39823
26313
21316
4379
18814
33756
58384
49763
5595
47291
59276
8969
18112
28454
83750
10867
54947
74863
3680
61250
20340
23958
12853
21605
54056
35909
15309
30575
55872
24876
6698
25866
33056
33218
56690
32570
17709
11875
9475
10542
35571
7111
45563
35195
77004
29863
57078
37308
45472
94090
12151
21394
6666
9660
22828
22120
50852
9611
64258
32556
5455
15251
92746
4582
28715
12571
12184
8827
5405
37797
63192
9676
18804
4069
6521
38073
49120
48971
2087
7068
20282
7833
39248
3885
483
6458
53574
33550
18013
16998
51199
70818
8910
94205
92824
57610
42884
13611
76138
3363
28604
20654
9348
63815
64013
41502
12008
81137
54100
5468
17965
23249
44739
61368
87314
21116
34320
11432
2410
55914
7590
7464
5298
64970
811
64547
18160
62427
41538
5746
29636
21415
91380
6086
5120
9265
6057
8926
17292
49324
24531
39405
36809
19298
27227
59569
27406
28535
34073
28999
91967
25344
2266
36421
90450
20283
9097
48413
3940
25465
46431
90700
75166
3547
11637
67230
41310
23762
33973
10624
10512
5577
75509
4382
10269
57413
1713
15145
69991
47927
29696
71486
45032
28442
22145
28514
1191
2565
22998
10078
5479
45859
29672
91087
5816
25144
693
62502
23043
80183
86479
35635
59229
1699
14864
83331
2766
34661
53230
5019
22271
33436
68490
36012
5668
21561
4463
15518
36984
17756
59675
4400
25895
81547
83342
9751
48683
46018
48782
55375
11789
34510
665
4048
4474
91865
22103
26847
74194
782
23648
75579
9264
12551
48145
15350
40790
48129
21559
40759
48339
16722
28593
13236
63119
21945
17272
38074
25310
37458
5561
21327
91000
12841
26214
41738
76366
55615
20967
12607
8511
75454
31267
13320
70553
19448
9012
35869
22602
10070
15956
15028
3225
22456
67283
18206
3980
44240
14138
23070
17482
42912
9563
20397
5027
22273
59829
24397
59966
12786
7431
23037
16738
3232
17898
5673
47217
40619
7392
92126
57592
6778
39641
15551
35493
2508
10330
14176
69467
78304
5765
75240
78320
60081
61791
94762
2180
41287
15048
57805
64424
23145
63921
7078
10211
32031
23791
17389
91337
42398
19197
39048
56141
18882
32176
81885
9007
30784
19868
7338
4207
15919
62182
8708
15932
59464
66021
43194
7999
45784
40002
4189
4788
12684
18403
22133
23226
62879
6245
20622
90371
6976
73732
36632
6433
23173
29697
48482
24794
13862
70165
86592
1638
18476
26241
46001
3001
56040
19751
75475
14650
14999
43189
4073
19484
73879
81520
27645
7373
2743
19153
68064
12461
10960
28396
19421
7998
58849
70454
80287
3146
48957
6362
13679
59680
6720
16674
27137
67290
26271
17861
2864
5693
10782
29285
55744
8933
22670
22666
28107
53126
93788
4740
12896
68834
21815
30742
81490
17750
80105
67205
2130
20316
21377
22211
51979
35614
17508
41696
13030
49169
7969
1370
6169
38403
79156
20199
71818
65819
2729
11169
11813
17578
41855
48823
124212
202242
51005
9662
14921
90455
19691
93887
22306
25568
36937
64247
66678
17747
14902
19110
66480
65269
60477
22064
43957
30705
17424
25876
20467
48516
20327
18987
53206
48743
11360
14816
62987
64650
22860
35580
215495
14712
46599
19873
51901
3161
18661
56276
11569
32500
5737
48704
24350
27158
66446
46452
36073
26367
76092
52910
43559
15436
17853
18464
54446
73365
79823
97785
14453
38508
14170
14136
25322
12406
89647
26192
29562
75897
29796
1343
26770
4700
8208
44479
95883
96852
99449
104942
36748
17004
7615
13653
24485
9894
47906
2191
65884
9008
17679
10397
34655
35622
43434
67582
71096
90905
95779
95999
97287
100803
103725
161779
187767
194460
62579
33094
27051
25572
44571
13345
15204
18443
41741
3391
80316
16410
11819
12738
13194
14493
15868
20762
21602
21760
24782
25881
31634
33619
35363
39825
42300
43488
45443
49086
49434
52551
54631
56162
63074
67986
83831
86765
88061
89021
89731
90131
93461
171270
171995
222519
13760
11002
77105
83305
11785
76592
35000
1826
62428
14981
2811
2391
16346
45083
17680
3925
18776
53396
40007
44712
3715
60145
43746
10049
35778
46137
74308
11752
26687
2848
53061
23240
4801
31950
71072
57954
16867
27204
34926
10320
26898
10314
16110
29100
42583
29781
11055
48113
8920
68925
41105
59628
10123
22017
63486
746
8800
15427
22977
61797
8723
65885
5275
6991
20421
38697
30221
49682
41382
1531
56583
24652
48820
75874
21553
6978
12216
6406
26756
33887
12904
28560
8767
8623
21503
38877
70376
32127
8350
94032
8541
37372
15137
11301
26117
4083
71805
19794
72191
28028
10551
29300
32755
13804
51595
43884
11955
92977
31979
25550
1883
16329
65756
53875
18927
11351
9051
11655
15866
9515
73068
2929
22287
18838
35729
30718
26357
22136
27629
31681
93711
86289
55884
28942
22451
49730
507
74063
21325
2486
8689
4459
13673
3854
29755
37539
39557
9214
9995
66336
52351
43864
21582
15893
14327
53014
69890
63792
1592
12727
67102
82733
2952
71405
60893
9478
44218
26728
51624
10398
10990
41365
5327
39647
73052
69273
9059
42117
29378
57325
8154
21772
24318
11480
1286
37828
12623
75741
16007
26009
1034
16921
95318
72458
3422
58391
2916
16606
32752
23177
7288
18351
9041
20235
50074
50395
27260
60010
35438
18801
29201
21693
76624
6833
15314
42051
30299
15960
31136
8589
10612
6095
3267
39588
12633
81280
46758
1525
16091
29560
4556
81779
64277
29690
9277
36331
31994
40097
20632
5623
3636
21539
36449
21485
25283
94695
35022
39021
9344
29324
10344
37782
73802
16175
19594
40905
21589
58497
23645
25792
36142
24544
54227
34048
17328
24579
11026
91330
10928
6768
1336
9568
57018
15410
48718
4468
11698
37093
5843
27666
4495
15194
20476
34566
53337
10726
7651
81645
40711
13727
93490
87365
23573
19561
3529
36592
10737
39842
7096
1734
68589
3112
44023
95162
50291
24427
63396
14290
26115
48955
18616
4741
47770
3848
46721
24698
71483
69505
37603
19077
6356
26565
46004
10486
46793
27425
4144
22632
42017
70373
1564
24201
31819
29149
11489
53784
15627
18766
4878
21080
7853
12945
30715
9897
10601
7978
13566
3729
6197
19100
40921
29486
85681
63961
1269
5940
48336
82698
10506
29732
92975
42001
20115
27743
7370
15550
24755
10009
11271
3344
29052
92861
87990
91109
24038
6548
6203
93974
15548
12208
67521
45691
37809
76640
14963
15120
2682
39651
34441
8808
86377
11212
1221
21272
44517
8294
43838
7432
5450
6401
39901
14540
37725
26832
62127
19352
14547
17360
74104
22113
89130
6527
32983
72981
10684
34337
7964
8900
43647
78928
254
58215
47722
500
45200
11847
28348
11622
10243
9952
5931
8027
6863
20034
21837
27380
5609
11225
9851
20226
24656
56279
1202
6045
18393
54263
40557
18011
74689
890
4654
10333
20655
23113
204019
70433
22319
31954
8727
23877
35299
72870
52349
10021
17005
43120
55867
47332
80946
21213
51476
24524
6694
13731
46482
58498
76443
35209
14617
68954
67740
40429
24121
64914
11781
87539
71432
23259
24330
4589
29157
21845
20755
55175
3168
7872
8353
79750
18191
16288
67292
77976
80579
13462
12303
66029
7075
4405
38712
16928
10875
37029
6421
13531
21391
25315
9749
54765
88377
2615
12925
44568
12792
51201
5292
75419
72052
45719
29775
70514
58540
7088
10758
15246
30044
13945
33811
24212
70691
78503
7188
45736
26985
46264
61571
48758
4358
18567
32572
15571
46738
46755
39018
11707
50151
31072
50947
17078
21634
9240
28783
16228
17261
10749
18041
38523
59600
20306
15731
45070
17668
25833
4261
64046
19823
66203
1625
796
9610
4910
5114
43197
25722
38734
12115
2323
39352
41915
43327
32566
59239
59673
15103
73391
46438
2544
9351
37943
92658
59782
42369
77299
27225
21172
41384
34111
10134
54115
18047
31028
22154
153460
31677
20938
52483
2220
18520
29954
23755
83671
87774
1938
5509
9936
51227
37311
35541
16965
78444
71878
56041
42236
6985
41416
169629
26564
10025
21189
11298
34250
26104
20424
28686
37459
57815
5423
41323
47093
2298
7883
30979
45332
52652
29420
28405
38563
10725
26398
5865
45479
33837
10351
11532
7708
27700
64285
91817
94718
15380
21660
28404
79470
68015
6085
9138
24193
14807
6226
25951
34624
18349
33365
38855
19584
54706
73215
55259
46734
68614
36040
68550
3375
19675
4168
28588
1836
20206
37523
71778
90101
39893
28463
22912
20465
35872
10925
40071
2772
18843
31467
19104
43867
4498
18818
7538
29318
1900
60836
78603
5564
24354
48114
6032
5110
11839
3076
10103
39875
84250
1793
7508
19659
67407
59879
4250
154150
6046
24006
56735
19616
36422
48624
21893
13929
21977
75226
15644
58449
11481
17033
12179
7403
17582
43614
88989
15622
13371
68354
15129
12649
75447
16040
72906
11615
60106
3736
20185
9690
23474
19334
12058
8191
24014
8655
10471
19939
42673
86538
31138
50188
30851
4805
4938
9890
11136
4038
10432
36734
10066
80711
37522
36527
30521
4836
84243
1947
35463
66633
48492
30816
15494
56166
23511
8421
88474
6438
22203
5269
4555
70948
32541
17175
82868
6780
10807
7902
86201
3528
3546
18146
33083
51089
48236
41229
19960
41100
21496
68612
8994
24442
19720
20050
897
11678
55163
1796
2654
45715
23190
78937
35325
18091
14589
29540
21676
17277
19703
76380
85116
38059
11720
46086
15625
39456
11320
49995
40924
3541
46291
16583
57026
2840
17393
18139
19983
7350
12935
1545
50252
28397
11583
91759
8025
12518
31063
26915
66550
88396
57524
93644
29730
12609
17298
59687
25229
79752
35608
34880
46577
72921
48507
14556
32534
47203
11803
7302
95272
9696
82145
55275
13629
53945
11636
53843
41497
35746
41534
13248
30086
35848
65777
10265
9166
12024
15301
32775
10558
9735
69301
5620
30346
16147
22643
25228
11329
47045
28974
85819
6864
17231
35226
12741
15598
6880
49366
12287
44318
48020
21824
14239
64756
17394
94834
66005
14067
9520
7295
31516
16705
7239
76760
25953
22088
37280
33831
10002
32894
20708
27522
4265
17622
19333
29955
42794
4249
64021
11217
35792
4941
18707
12693
35653
12312
14664
74363
84969
15304
16853
2754
13880
13756
103
9709
48103
92076
93472
12626
33380
196114
1766
8174
4698
58345
64133
66307
30364
27650
9471
44123
3028
16412
51397
7980
12886
1557
25227
39334
90758
18608
9842
69367
14749
28302
38226
32412
14746
90220
65316
7364
10957
1122
9414
8616
55523
7110
5199
50657
56538
78249
4236
14562
15842
33832
51716
14427
19981
33287
3876
39802
33046
67044
3906
8622
35131
37916
24818
10972
59964
66945
69352
57287
22564
10828
43831
86499
38408
30316
70022
46261
10126
89359
29595
25806
48645
59030
16626
6878
29303
42773
14194
64646
4450
81169
33260
84582
19681
60718
30174
27392
23935
20435
63656
1526
77518
3257
37824
18741
36312
24065
4180
50120
29663
74730
23737
1999
6012
13215
30498
16735
17430
24863
15069
10343
18315
92155
44204
16575
84972
1415
3590
25054
80612
67561
17916
19930
16330
31080
5610
11399
66425
38406
23141
15003
33989
5559
41221
70110
70093
13276
10696
78580
49283
39500
11213
42080
23717
52267
10313
23448
1972
19248
454
30047
15020
18498
69486
13820
9230
20021
31753
41548
44653
86497
14213
20730
27736
1003
8531
59429
88341
33519
41956
74386
6416
10976
54582
83574
18136
232857
12452
35400
20348
73873
68422
8101
5594
8081
21397
83465
2210
9695
5074
20259
35106
47901
45191
60134
85213
7863
58574
11608
14084
2795
42540
1982
34858
831
46133
60955
21765
32427
67220
36725
3576
25223
29485
38000
78196
9831
21070
3631
46193
83585
12914
6402
23680
30367
13160
18402
25506
14779
9287
24547
61762
15769
60889
65132
85186
164927
42436
51154
23485
5990
29424
64998
70126
37220
57416
71741
89497
10215
23073
37688
67547
21779
9034
25351
20748
30452
6233
13663
10411
52903
37057
62179
75652
42604
66536
25979
21555
18172
23618
72405
13448
23907
46292
10752
11896
22291
55251
57785
6177
12243
17802
63692
7643
15708
27536
82280
55774
55290
26429
27130
45071
26321
24845
7459
21645
30683
65183
23944
42696
52916
66997
31850
65512
29914
33617
6561
65826
75528
5477
72826
32301
11519
54624
36951
17495
8170
15907
49320
42491
17546
8122
58524
36885
54547
10416
41479
41816
6551
13863
6986
9920
4151
568
9731
8510
3740
73516
10712
4092
10977
38993
5611
17466
33682
85383
166525
62966
29763
6108
14682
36221
3666
22957
84137
18065
28648
71743
5619
27693
50054
173001
13632
2346
7737
45708
53415
14693
11650
44246
50215
70574
22308
3414
25208
1342
64580
47853
25544
61674
75469
29596
16910
25257
27735
29689
66329
3916
1498
11441
50407
4278
20318
4913
41850
67728
37586
742
6790
38339
54315
11517
5453
19726
40450
52470
39599
81197
16761
35819
480
5459
33613
14252
21711
29449
25253
46804
14684
30515
84222
7716
39411
3034
13181
4773
28979
4657
7865
17952
7667
73017
81344
38203
83532
29548
40576
6852
10308
26900
6569
5432
17099
41535
18740
77316
29622
42535
27455
11986
22147
13373
33972
43241
54159
3383
3913
12665
42108
8914
27573
42419
1850
19264
18725
49699
10114
22413
36794
29722
30503
83567
6943
45950
61934
65425
5238
14375
175762
17112
49006
14914
24944
2995
78298
26974
59593
3600
73493
49023
22350
43876
11827
45704
39577
63734
67210
53327
62581
13559
5001
17997
51534
78081
16160
58093
5855
47183
41661
9188
6094
20920
6411
3334
66290
27365
13042
7780
30018
12373
88732
42000
17304
191904
1615
53083
61920
94713
92189
73576
16270
19748
51090
14688
3646
20533
29089
52194
75516
20590
39468
4134
7798
31126
66100
80131
78327
9057
17801
47681
3224
53974
25624
12883
8388
966
1663
12836
8890
76524
18790
82774
35937
221265
20680
7447
7259
60436
15391
35134
49795
7426
37363
36026
35248
5086
7821
24056
51343
69789
22570
26816
57559
57695
12410
34842
2139
10361
73966
40263
991
13840
31769
78643
6606
15895
33382
50438
21860
21905
31756
43732
64608
13178
11124
14523
3924
72122
51204
23379
3326
73360
13250
72243
83429
25316
34915
41961
5592
53172
76235
11833
12542
3703
5738
9975
43185
23793
75988
11038
44399
37667
60322
14971
49340
39551
23859
37083
36948
688
28382
15958
14312
26733
8086
48220
1037
19417
19588
4467
61148
62984
75129
53176
22320
60937
80792
33363
15422
9371
7314
2563
2396
7849
20699
69577
2898
8112
13066
58127
60592
78138
5862
39051
49211
55893
3084
73342
20960
31438
35532
76367
238
48575
47133
20495
211178
6263
3104
38067
25721
4166
5198
2889
81003
14799
79602
36784
73801
8335
87922
91022
12296
22843
25910
51433
35968
52072
1475
18991
37991
38925
509
26223
69695
69702
8687
28060
27408
34932
15297
91050
23066
42106
24985
6739
19355
28622
6531
9001
69160
71942
11674
11993
20950
2535
19522
57014
52000
15741
4586
10381
30928
2734
9926
12271
58270
28446
28946
94616
30959
35922
13638
85484
52519
41103
19722
24905
59432
12564
11190
15751
19808
30276
77202
53782
71866
18290
33293
48338
7008
20044
64622
67619
2627
89122
17479
90805
25818
32800
39951
48489
6517
29256
44521
7092
46040
65669
75393
38429
85987
9516
28639
6081
31065
68437
2127
1147
41571
25391
36090
18334
8550
11535
36435
44842
47194
16487
24583
94175
10877
28106
16431
8838
13667
2782
21707
53349
2786
7142
17793
27749
15415
90833
23784
29270
30119
70328
72720
60456
49134
3201
43354
58236
6178
42494
6114
9857
45930
2169
71925
10710
69264
5273
11043
28141
74211
94553
52657
55834
32615
40996
57997
12983
8365
15560
30828
2305
9428
20547
1256
21598
43044
33779
70095
84384
2875
50170
11924
31925
37726
3601
19249
36052
38755
43731
33540
24204
39545
42100
46255
53435
8768
29728
13163
60648
21899
37923
48936
44301
70760
489
81519
19849
23255
68372
26878
232
13229
21131
22525
60228
5918
9048
57605
59769
419
26056
3774
17390
35055
21449
14458
88670
47392
8752
1181
21085
27254
37291
37536
38202
80086
80445
14796
36513
12358
27912
35010
24992
32827
48950
1937
5087
21340
18907
9951
21035
235
19760
21100
26786
31765
48791
60494
67765
34574
6378
81770
15724
11195
2870
35590
70300
33980
37516
26524
12225
8249
69969
89153
57534
64445
46730
3412
10038
63175
32170
65446
77557
19731
44732
5727
27819
28073
61205
44292
8625
49549
3843
30623
39102
30745
24505
30863
60919
65184
48870
3613
42530
69265
40019
1513
60055
7341
14759
41031
20093
85943
56900
70281
18308
17765
66487
19945
54318
40403
87665
33025
40785
47288
80222
22968
1810
95085
4514
9980
75305
9620
4012
15310
27731
93079
77340
62137
70356
21180
72218
79358
18195
75395
4521
11009
6872
28384
21794
15504
30152
57174
39737
4883
40469
76786
3177
27211
41586
53458
40340
51044
6357
75318
19079
22339
23900
34074
35359
37616
5842
25261
30888
6146
46446
52624
73848
12580
52510
3042
29058
44287
22599
26569
14029
15555
1487
8181
30996
33085
28217
25619
21370
35649
44637
21244
5400
7509
19044
92756
5982
63039
72529
22947
52369
51993
1190
76963
82418
66753
11590
94938
2595
13847
27373
27822
28380
85331
3705
34925
95356
46177
42739
63037
756
15799
26436
30053
44096
33041
4464
19324
29206
32599
65802
80400
22106
617
91132
10104
18722
20366
73594
8497
9658
3373
1794
36495
32418
35184
16030
29582
38750
65618
85898
27421
1771
8244
18693
46499
3185
93090
16982
26859
13584
58985
9010
26616
32516
72002
17155
57764
21543
1430
13438
20876
53844
26530
79636
51449
59770
4195
6622
15902
37033
2509
3053
52685
51316
32292
93956
36986
38075
83652
47196
51950
44889
76939
12961
20990
17335
62116
73341
81525
62277
79623
17589
83901
67307
56570
43840
3783
19827
26623
56399
47026
9765
7009
15506
49334
52315
28970
95530
14130
22290
41496
63383
13421
18926
44294
27701
74054
90961
14410
88325
16075
59079
8297
17208
22367
3934
24837
73220
25611
25719
37136
32433
35985
48944
6869
30376
6488
51483
63713
64273
39757
15411
12194
34339
57042
16190
34512
226
43439
49648
54520
5622
34329
50877
12899
34319
23477
35577
11671
52853
43181
45435
13923
38245
42821
12084
24821
60862
90415
15155
9031
15394
92524
10137
2804
8733
4724
27917
69075
43977
71698
85088
22496
38224
85505
3732
36445
44061
11060
29063
65824
222898
11994
13574
38214
47419
63561
32248
32845
43191
45713
51809
38831
24470
21104
9313
19755
6301
50693
2733
15211
25040
16345
10015
31320
31660
21667
31800
23040
21092
27520
27555
44909
50879
51836
62431
87178
94890
68657
38698
10180
8703
24262
60607
47676
24617
9305
31292
82405
35912
25193
31394
67999
70840
13323
28557
37193
90258
28921
32425
56108
94640
46485
54938
12794
5442
7186
10208
15959
18407
18858
21730
66869
31714
4126
74550
24285
64166
46362
55771
27530
22687
1416
19589
5210
36028
49840
7319
18821
20208
20623
29038
10483
11092
17332
20178
36503
42764
14282
48300
17918
71915
9747
70688
20781
24864
29128
41763
58319
85392
32246
34057
53536
48241
9743
57933
84139
4664
4854
86730
49600
180178
28288
33805
1790
6911
87442
62597
1310
44208
1351
69485
81288
7558
90984
38978
15393
16888
217302
89763
42994
9879
51952
57173
43462
30088
23472
6591
16991
2453
45392
70842
28607
39870
74829
54474
57339
21525
67445
30372
3017
10307
30663
46676
13359
18375
38225
47875
87278
16371
41454
39983
1055
41559
47964
60025
85254
15006
36834
36990
3659
9302
14955
23152
29658
50545
5819
20625
23201
32253
36480
44487
56679
60585
68139
77307
46377
15428
10499
69383
10768
16404
22266
28624
29109
17252
19231
69024
19969
9726
69385
37996
38891
26540
91500
35612
41147
48778
191280
6405
19038
25399
51958
2403
6858
19892
20412
25776
29329
30646
48927
66359
95225
22131
38532
69308
22197
32010
17251
229888
55698
16001
51098
80719
58166
25547
36751
9054
22162
24261
45141
45732
53823
63437
13940
20511
8196
2434
66268
15934
40057
19130
20911
44290
42662
77646
20166
68797
11371
49738
51230
3120
26923
85864
22263
11167
1039
20225
43075
43983
31937
10297
26178
63673
36600
3456
4647
6730
15315
18254
23097
29971
31032
84135
46880
23832
39770
27891
1792
29770
59307
7898
167395
6593
14283
74060
27534
14135
8212
12355
39235
48073
51160
59999
65159
88759
93121
36530
236161
13162
65424
9518
15672
3877
80681
52484
30135
79073
25115
62746
11509
32956
43374
24921
18683
13180
4897
19987
38415
61557
69107
92241
46751
89403
34125
45197
66702
14015
53966
75341
41304
93528
38005
9788
18955
31908
162679
68367
81550
80045
29397
4509
28371
31268
33969
48947
54713
67160
81837
86473
56920
24903
54909
46029
49876
35355
12242
40833
3914
70001
73188
32345
66352
20161
61249
78413
9860
13164
14738
28929
30995
53908
88601
45754
16163
64025
32346
6491
22024
30413
21907
48270
16535
13989
27032
47141
50366
53439
50520
22332
35697
13053
3229
7987
16617
26093
35944
36684
39369
39645
47930
63157
66962
21521
72418
19492
45217
25091
30545
18555
58333
22631
42996
77013
93622
16696
62512
1567
8446
35788
38577
74695
74482
52757
18702
11561
14131
14476
23050
29667
35032
41119
60789
61106
64446
4404
12581
52333
11918
38516
35992
1514
5807
1346
40106
43424
53424
70791
54818
38986
33385
6288
7417
17686
21733
27094
35207
45009
62535
20555
14856
3319
20887
31656
47264
32239
46508
46594
14661
13783
30214
27571
27882
25555
21989
24360
33607
38623
63616
75695
72249
16686
13083
31576
34432
43150
82474
87653
89461
38433
2262
58400
9458
34811
22885
20043
32866
18092
34794
47868
30695
50245
9327
25430
26965
32003
52457
64459
76564
8110
87267
80858
1392
8829
75622
47219
8883
14916
8776
11616
3132
47033
12234
23497
3262
20484
20053
2575
42032
48685
76951
86117
91664
184105
72470
45993
22278
9639
26556
2177
15072
45531
18553
49839
52742
14926
12566
60775
28180
29060
36050
52411
212654
60865
16249
43649
14230
17960
23187
51919
53634
54756
83392
83862
89039
92116
22309
34548
38769
41076
43938
47457
80790
24408
23165
39294
1774
4387
7208
29572
39314
40755
54744
84485
64375
23891
42417
12781
23030
24897
27771
47160
48161
52068
52790
69843
78872
94295
50863
51694
85266
21344
90406
47161
16073
2679
20946
22815
32344
32925
36827
49810
69566
90274
189440
94734
50392
23001
7303
8066
8215
9268
9532
12779
20983
23802
26173
33476
36280
43429
45902
47485
53597
65912
66650
74661
157498
32396
20612
30568
50680
81988
21844
10621
23666
57268
3362
13606
2137
4629
30619
54422
61438
65114
84550
94389
40874
4373
10945
21510
24924
26586
27612
29815
32371
33073
34117
34878
40014
42653
46866
47091
48136
59474
77103
77714
78347
79762
80853
81748
201252
210565
62811
38365
1568
89503
41197
75074
63449
70141
23429
28862
94126
11795
14344
64604
13183
17136
19237
37186
53858
77796
84641
90612
16496
21620
46146
42085
42019
11129
2707
54093
64692
2116
11801
36626
8807
14331
5596
8506
35025
43454
59612
77139
77221
23746
77761
53245
59093
8321
9326
44072
45498
79174
19754
21155
71304
74506
15696
18954
44020
6541
17885
22453
38377
59192
71061
73333
74125
79047
92428
59884
18217
22433
18003
78885
26222
58932
13683
5184
7955
50397
79045
65362
28830
21349
63013
77012
28880
60815
11058
17851
24849
27177
30906
32142
41611
43887
45370
53643
81015
83287
184531
223884
47633
197005
27018
21240
44030
49547
72958
79321
87009
61342
858
15232
20621
16912
8343
8377
8430
11742
21351
25875
29062
35877
38897
39687
44452
51959
63148
74314
86746
185821
76828
25502
17865
36000
26515
22175
92788
53407
56446
92849
7885
15445
26352
12088
88898
71577
14216
14665
14782
19082
34017
67101
68253
68471
68559
75983
77290
78250
90515
168579
32940
58237
13974
67208
47396
62197
45726
31542
38699
52857
87689
88419
26345
41717
84481
6307
8912
9449
9820
14563
15070
19694
25493
28690
31219
32912
33243
33944
33985
34609
35455
36783
38437
38709
40555
42303
42607
43252
51589
54210
62394
64731
66162
66724
68032
69488
78895
80172
84336
90629
170465
205804
224994
46690
39143
8400
13324
26483
28481
64688
18006
10800
56402
21748
9886
60852
68720
73573
73401
37003
19517
121
3211
3698
6912
8963
9514
10164
10233
11228
11492
12308
12568
12840
13498
13617
14437
15311
16031
16708
16729
17070
18542
19432
20317
20331
20586
21046
22606
22984
23193
23609
25498
25855
26522
27056
27169
27269
27721
28154
29904
30161
30553
30677
30925
31111
33605
34108
34266
34783
35019
35423
35688
36668
36678
37042
37097
37389
37551
38390
38456
38586
38851
39502
39860
40920
41457
41959
42244
42708
43956
44499
44640
44661
44949
45026
45316
45774
45956
46270
47189
47432
47663
47832
48345
48766
48827
49092
49612
50483
50951
50963
52316
53476
53515
53681
53749
53801
55126
55447
55643
56770
57480
57673
58038
58108
58394
59369
59820
60348
60394
61718
62025
62038
62158
62396
62590
62757
66342
66539
66886
66956
67020
68622
69513
70764
71250
71690
71835
71843
71974
72788
73465
76753
77278
77336
77684
77704
79904
80970
81378
81661
82250
83659
84170
85109
85807
86800
86950
87131
88192
88579
89531
90608
90769
90965
91453
92000
92212
92603
92904
93797
93892
95681
155963
166087
171716
178163
181647
207085
211554
213017
220266
233466
236387
35672
31361
4104
79177
18338
25691
18962
7826
11837
27382
83711
13257
65899
25164
24508
91028
213977
26621
171446
65883
24484
55471
31154
54587
2988
40190
24316
6292
75869
8076
49215
49364
4397
9883
46525
7489
11219
27974
40188
6122
81582
230123
11829
15478
1508
17806
34298
9013
43854
74593
20825
13918
89308
45830
52352
58762
29426
53901
40821
4678
30988
22380
68445
50936
27140
30787
15289
7913
54633
12888
23290
33226
37832
13648
4933
22150
5065
52371
14647
55718
59882
52332
84982
201168
23812
3007
18805
41477
42798
14705
8714
5654
16164
74131
41758
43834
50290
92594
29246
84282
17218
78367
71088
69184
21111
6209
46108
4856
67909
49114
87374
34898
56591
66592
44283
55456
83713
32690
61857
78382
26789
18484
30744
70702
33165
35474
12807
7258
23951
4377
10978
92895
80440
83879
93924
162281
19699
49499
10470
33530
66943
5007
11957
36595
17617
41863
9940
18080
3585
13193
51000
40716
63906
75257
77903
214550
46529
53708
48601
29369
28340
33180
39108
5750
42914
64315
41994
78257
86851
82923
23695
24501
80017
63799
57350
60446
12000
19653
10573
23428
13761
88712
77243
90574
17182
46459
27342
10464
19074
30035
38778
17177
8274
169286
26044
63606
59016
43022
8673
25393
30814
43618
58924
70068
23926
5937
11743
21948
90162
78919
30938
42750
26738
16721
10687
45557
27345
2835
10921
62174
17426
14274
72671
19834
15653
51622
31520
60485
78574
159405
11353
44588
25864
36618
41050
36893
66171
3088
2950
14781
22982
18899
38680
43976
22988
27925
16366
21767
45462
8051
70227
17476
11809
25325
932
17323
58706
24502
38951
68194
9633
80776
32472
66571
76706
21780
63164
18175
56553
10189
37679
46373
73892
33439
21399
5348
17534
24670
39698
5270
9617
19532
32636
84298
86302
18718
89413
64399
20444
7301
63160
7125
26068
59054
35531
26170
33932
3596
12034
91585
38764
68242
38595
6142
54154
223978
69516
73141
79033
87013
39297
73952
70826
92713
75658
86745
21209
7495
14199
6856
8606
36348
44169
75920
52478
31341
7677
27730
45030
17363
7654
18390
28571
92119
10579
94542
59710
49634
11566
28339
26242
52971
12536
20657
16546
72454
61815
53345
8116
78323
16248
33501
65395
26490
50445
47590
13031
17557
46931
48217
17058
44782
9087
34224
40535
48529
20352
31389
33651
89562
27248
61635
10851
57304
60832
68929
1292
9675
32975
16379
34426
246283
5053
5487
92954
86379
47476
3888
11144
17388
3435
18550
18977
78222
48608
4541
8090
34358
6508
543
20170
84068
21915
1409
21871
34541
56080
237084
59440
15262
14849
74854
201962
84801
10984
3923
17955
62475
83111
9805
2769
32052
49261
49279
52396
41553
79648
18183
8826
191107
54596
4329
56442
62839
199592
15121
13372
14306
39111
10272
15720
17006
56453
20774
66692
68853
8041
65930
3674
5571
9929
52220
18871
35303
78556
5815
47913
21464
36529
17021
20116
9909
86528
13751
5208
26837
59161
15937
17130
35480
69710
3338
16574
8077
10602
59521
3434
58581
79299
40252
70611
35562
5820
1046
9343
70255
69089
170859
52295
6689
24053
53041
20822
52807
8591
39907
35701
86320
15715
75721
6134
10962
53720
50083
71660
13478
19032
3073
50436
88408
11452
2931
7005
28608
88571
48595
65511
2903
50123
36004
64706
77742
30667
26336
1214
11426
15319
34902
13578
52275
19460
12309
93327
32017
37647
8860
6686
7587
29088
79694
29910
15749
19401
18044
6811
48064
72726
78355
85821
79375
14917
84362
68411
19080
38460
41326
13004
59469
16820
29114
41425
11644
16490
45658
6928
5911
40129
2167
2217
55179
51268
4817
13131
9649
73789
13473
71188
2161
64071
246024
12395
60013
72547
77333
573
23111
10479
44491
86896
12587
33971
1595
72212
33216
35255
36214
210307
21358
20961
68117
68279
17982
7762
28657
3981
10893
40476
26266
7504
50164
23326
7523
39474
53268
83486
58251
22418
85236
22399
21850
12315
27857
11626
82687
25774
22930
74368
28300
33701
78493
46517
74056
85347
84226
58533
3815
18332
3820
24761
27173
78397
15131
66741
95717
203939
45345
11302
4053
25709
78290
79571
37310
2416
70637
17085
47500
20981
29609
89755
15793
19551
15171
53931
86108
6755
15585
24167
13172
42136
48872
16145
18090
2215
10927
76526
1320
92288
24773
18865
35136
20265
15412
66599
4212
17516
79062
38331
58300
13304
66447
76719
1297
43906
4441
42711
64045
20432
29283
44038
57704
20558
28923
4742
13582
24955
9737
59670
94838
17855
7040
38425
3523
15783
54900
13899
15675
19272
42338
10345
19181
39291
70007
20646
65787
74162
76713
4859
6005
82608
89013
915
86018
43612
19303
14777
35727
6185
7571
6898
59655
47326
47440
31882
26753
28864
7647
91229
66337
77231
21792
51193
15802
29921
43693
23288
65027
58751
5945
38482
12253
30516
87773
14080
21518
14696
7990
13198
17542
53100
94093
19464
40621
17233
54965
3216
7828
77282
29174
9950
40049
63126
36320
2525
19050
5482
11328
40682
35680
86542
85596
14031
27472
30101
23915
79817
23777
47238
53063
11740
35683
18109
26644
9848
4217
25599
31821
34558
63554
71249
67976
73119
82721
1384
12316
9072
17878
25961
39603
53670
21218
31151
17073
19729
74120
90535
20417
36988
28632
209568
11340
27143
11143
90177
76027
81292
6794
11704
3252
9928
22690
25117
64379
16996
23064
85623
9395
59724
42675
92226
4977
10979
13921
15013
12817
40773
47834
66514
10610
12662
2681
32045
18686
12293
59178
24572
54469
57441
5578
20072
27515
40784
58575
177603
88429
60489
3458
50236
8139
52303
58899
32368
55979
20189
9847
77912
45140
27043
35915
25098
44102
18525
61660
237344
5949
52515
69698
25174
3637
8685
16942
9774
2999
9724
40374
63613
28372
19173
46768
36432
88072
5194
24963
75169
26782
72245
13891
94997
36193
1239
50636
84189
35851
40370
85983
1688
13643
27193
88278
37882
44683
13947
20078
33095
42835
8790
22709
16900
23815
39155
45326
43270
4508
70027
22153
26624
23074
80511
65326
27738
5508
14492
49708
1855
20615
57469
64710
10371
51525
39094
85238
88194
19853
6148
34021
24831
7542
57790
70625
71681
14800
6361
14936
15335
35323
46088
46736
45287
13935
62486
40835
8549
44446
2773
40087
2141
2797
27588
8593
12822
5837
7884
8271
71293
28934
4983
63152
63723
16699
51424
3430
25074
7429
12528
22768
51866
53899
50081
45881
43098
46141
12102
59647
63256
167975
51274
92383
17919
51018
40088
34533
18893
49595
51047
22615
20747
26857
8690
70860
179742
30132
62131
64351
78001
526
43681
6308
26014
29039
20286
54835
30915
30120
8007
29316
6776
33915
4925
11862
69357
19569
49011
53977
22729
25625
8925
26909
77953
6294
15781
87140
9095
94381
20658
30202
46057
8881
64969
407
6273
15354
34860
22576
24918
20090
23159
36895
11684
29635
30561
6663
76941
231416
18617
9825
47548
46936
238816
14852
90189
7745
21260
15778
7082
18474
40180
28776
21557
18163
87098
15366
3461
8631
5181
88217
50361
6533
46655
12697
94709
200894
37877
60346
2150
5417
72181
2522
37355
3499
20363
30725
237
758
30451
61337
24401
50125
62454
24701
12486
7574
77303
77575
14553
46437
24186
2132
4504
67272
1388
4386
6059
18423
72276
859
9912
10996
78179
209403
87316
3180
29723
72890
77391
34742
28024
16177
35547
38079
65909
8970
34653
60003
20682
6391
53082
54600
2874
47876
62776
84529
4077
29081
27670
19783
25885
38789
27221
15269
6068
60738
7625
8820
13470
1949
18524
15770
4626
50960
95218
7711
46729
68042
28279
6810
19239
707
11673
64619
23371
69983
81870
87976
93840
9594
19342
12724
90373
16987
54589
1878
45605
11156
11105
33155
81555
28945
44878
1951
16302
35212
70078
82074
217790
28718
55223
36947
20659
65489
336
88251
45696
4681
6637
60294
17705
15257
15487
43859
49879
70564
63682
68394
6358
42127
65932
23839
43365
22546
25092
55965
82622
11016
8091
1851
84501
27419
25791
46422
7333
52870
71492
11053
44182
79021
68565
14333
61744
79103
4593
9744
14129
41248
73624
29925
44037
3226
15460
35234
21616
9907
29045
71970
94408
7897
21745
43328
87256
28705
60273
14822
71209
12825
32100
15930
23949
5661
11286
2256
15528
7907
31966
45951
3957
11766
10635
21761
57716
19846
28115
22338
12232
29960
61383
47055
11331
9131
9585
16219
41012
13184
26499
18120
17318
78713
16365
24482
21927
4470
33890
7861
22668
82984
7681
46389
59571
80186
63259
7332
34656
58305
40098
14352
65277
19568
23466
45085
35617
39970
56267
20864
47772
73749
25030
33771
61055
94429
3318
66151
41829
12029
51254
14358
49406
79058
10266
8904
69798
9139
26264
7699
65828
76289
9576
18357
25026
26228
31091
78014
94248
74027
12921
53818
38696
88173
11662
70825
74252
61819
33528
245
2516
78224
50562
59012
84301
12777
20069
31385
78620
64111
31812
77839
84283
25629
6139
22924
9297
9162
9790
32631
59409
10355
8189
26183
35559
39923
67926
1563
69717
83754
15233
57628
77367
27785
81501
82558
81404
38718
11995
24593
72677
90942
9853
65506
33872
92869
8322
23171
80815
20877
65086
68755
11151
17047
7031
76227
14008
24268
78062
8269
26205
10519
11045
47308
69299
30337
54040
3283
56695
64121
5534
16374
34362
93801
6011
62980
11811
47506
47835
18526
16569
34295
75527
13126
49002
19752
35254
73165
31013
17358
16207
26297
50578
81356
39013
76035
46933
10675
71428
74933
6933
13258
14280
11283
1348
4226
36292
31498
6909
9733
14336
28761
11090
12895
2657
78302
14120
51922
5778
679
2060
30177
1205
17034
46025
94533
11168
60681
31617
14583
28299
93432
39916
51411
54789
7353
21774
31337
30412
38097
17483
73071
4246
12802
34215
78015
16066
48752
52540
89417
51309
11853
56179
78185
56397
79515
73835
78157
1540
87396
29211
16217
53442
16578
35960
53170
26956
11672
26592
79830
4240
25221
55143
59528
33750
57265
36373
40802
11810
4266
26317
17440
8991
13716
57411
70290
49126
3046
67599
27258
18557
6229
28430
13024
28508
56378
37538
28142
16551
34129
34218
5297
23409
7070
94912
3634
13382
44444
29495
79377
54409
81705
26065
24644
19027
47807
28149
10791
8805
11733
26998
35693
60286
47289
60367
2936
20540
4460
5246
15891
54079
8697
18373
35728
15775
11420
10346
36104
36162
62951
32290
43718
60416
3317
12300
15824
46116
20604
39964
5214
91928
82565
27962
30976
89095
55180
11722
39302
34763
22591
52940
79149
36683
16293
55831
50213
196745
17933
20054
25678
52619
37780
41135
3153
61566
85317
86037
34897
14984
17183
1194
39618
76980
26739
24202
26193
54738
23719
36864
8117
13747
6265
12017
24098
28621
17624
39552
41476
11763
5446
4286
50910
6615
14243
8262
53992
8072
238469
60012
49577
17671
27944
82515
60612
28261
4838
58800
7940
56888
58248
15915
23384
44518
19133
48459
71764
75362
44647
11912
60829
9409
18424
54120
39722
28205
37202
3891
8917
81400
1874
64915
46683
86908
3270
52651
75959
33649
68476
67187
83588
25756
31451
51275
31325
8159
20603
22108
31706
27420
9819
29090
43922
10956
12874
59327
29868
25725
12985
74247
38562
54302
6371
52761
76729
50970
65077
71053
86300
33535
11180
81396
95177
11185
49967
12788
30760
39490
13118
76012
12824
412
3457
25559
18695
50656
91543
24010
69355
33652
24270
13415
18170
38707
7451
29013
88108
21026
27642
81978
20807
22372
47368
29259
73709
53121
67039
20940
29542
238940
12259
9312
52893
58701
80244
50509
59082
57444
113
43919
2485
14735
51390
28684
12950
50132
157526
35585
52860
88395
25108
31350
86297
4205
78046
3594
17123
70692
57542
79146
41270
43469
93655
1041
22381
1827
9182
38919
18383
15312
24199
61199
6322
15736
21864
25749
9335
3573
48440
9538
8753
161530
49754
17376
16039
20323
14698
18586
9874
4853
53081
65611
71552
5632
77291
38878
31376
3503
82385
7682
16795
36171
23641
69193
3308
83778
91786
10655
56992
80313
25828
39397
32504
14784
4768
36814
44656
31314
19468
14039
27197
690
25673
22379
17501
3978
21199
50492
45006
25370
21986
38994
7326
10641
17324
23417
4776
19682
25752
35293
36180
38672
77033
78976
73013
58435
6523
10488
91156
6519
13375
56129
27585
13868
20541
14899
54681
11529
9917
37008
58752
8782
20389
10456
38999
15373
24348
3553
59407
16343
28067
13246
15540
41960
4616
33692
9431
17741
91268
37934
17445
16475
31195
2103
19483
34459
91417
24332
53851
59951
2239
7362
37582
39754
30499
45770
4814
4537
28410
152650
40799
52915
60736
86771
175316
62688
74077
18605
22956
87905
9147
49991
84470
83960
8165
37568
14577
4628
75177
84364
9680
36196
15525
44078
58479
213098
9090
12529
15206
24444
77154
1632
58371
65411
19489
8149
22750
6014
65967
27567
83581
18149
37457
10618
15452
24403
35584
43032
4686
48038
11641
39527
70104
31735
32107
22349
72710
68639
27859
43406
16890
68743
37282
33350
23937
52961
25841
5712
26292
51086
13818
31137
53845
55492
26209
54099
46693
38943
39204
81340
38649
31251
71047
20485
16506
12621
42132
42913
34743
25186
5136
36588
85946
70153
8521
64295
32391
85723
88912
4064
14420
73815
74636
1454
5858
29976
747
51932
4634
75524
10963
54616
13369
677
59977
16556
484
44644
5844
86970
6742
13425
14172
64543
36091
16141
21112
48809
94687
17760
24149
27082
23017
18857
64815
11640
9797
30074
6101
45427
5827
32850
4452
34463
87811
20173
3965
11889
13538
30520
21863
84457
15284
17945
53140
10003
27997
15710
39668
28238
33472
42077
63670
75907
18291
8176
2499
18998
10217
26870
7510
40186
17787
47283
43112
57873
12361
32603
79722
36732
87547
19538
47824
61209
21881
46819
48780
38731
2775
6620
11279
242333
21425
39167
26602
42531
54385
35808
2377
71927
4588
27545
29493
189867
42029
26677
14071
40727
11215
22523
67752
58880
46922
14149
22906
34150
10570
19927
51442
21597
78170
45163
80246
83306
35629
69905
25651
31644
8930
15455
32530
44932
29389
55773
64313
91236
9507
6946
24666
60418
24324
6823
28538
8856
10901
48037
19447
36074
19867
58747
82634
37956
31705
70714
17730
16411
48496
65769
44219
81109
23130
48140
81351
20167
83902
63187
4309
5135
27354
51087
30686
11377
59037
60040
8248
15910
31039
31562
6674
11348
4375
5597
16952
67486
17101
60999
88466
38156
52610
66756
6024
36352
76321
11451
7756
36996
30557
971
82391
29298
45793
47124
2783
14810
39867
80248
18354
90250
18981
94918
14722
12077
78285
16295
83764
20351
11404
6319
47122
59140
53642
13043
39805
12604
29958
24343
12975
18260
31760
17190
24393
57296
28941
33593
61364
73074
7037
71779
11606
65702
90146
21969
65972
24988
35413
66646
3589
8846
40961
17852
40170
6988
33356
59802
1837
6321
56794
17049
20254
13999
23146
3716
24030
25662
41131
62623
8347
38424
29918
11503
50510
76095
54866
63630
13543
40671
1964
9073
35838
53601
16529
40139
23549
45891
1164
22637
40358
57717
33075
81588
5463
36111
11357
31810
25708
35643
60080
43441
62910
30076
61782
44576
26713
38921
27766
9981
26208
53440
61664
34364
46083
11514
87715
92649
42823
5776
3544
37717
15611
26055
22116
7191
17180
39303
36165
50570
27172
11592
4017
32363
35742
13795
1941
88017
17796
53863
42837
60943
2928
6113
17308
36802
51284
68222
34874
72597
16794
19932
92204
36044
26099
41853
152688
12865
78573
11868
26759
44024
41658
92060
11231
9560
157
22807
70558
31959
47640
13581
28086
8837
28441
3828
4500
18837
40338
69430
26612
21542
21574
19042
46331
38937
41127
11572
75349
5127
1382
27255
35776
37715
55657
11534
20723
6962
33291
40231
73193
86236
6581
18267
78952
10372
51448
14247
17234
75150
13826
14380
13687
52066
12934
14343
19643
46980
90790
15308
72442
24509
32001
39622
60258
5408
3696
17240
40509
18930
67854
10270
63662
72833
31752
32878
243343
1975
57394
18199
4978
52671
11753
61925
13726
45422
34303
66836
45243
67347
7026
39656
10362
750
20953
20815
17465
46950
64697
8180
35539
66230
26225
37429
34551
51046
11807
60730
21054
8710
37564
52448
225505
12583
3803
2510
63165
20627
37183
77269
6127
13675
25383
6803
29442
7133
28146
48085
55512
28156
74397
94212
42268
52665
36369
62732
35796
55136
51741
36840
56167
39475
14595
15448
51833
9250
14399
31911
3814
93604
6264
1226
12866
42843
4659
29772
27780
18560
30368
55769
10317
35935
39350
46161
51990
661
18180
17371
66814
13661
43837
6276
13787
49814
16279
40323
19201
18611
32370
43217
14502
4982
5267
15575
37631
3492
55110
70835
11095
36733
90128
818
68301
75105
12875
12436
11081
36250
71287
31978
80563
75307
61206
240475
62041
83272
88259
2930
14026
15993
51234
10017
31104
4289
13474
33264
89090
14827
40625
43453
60583
8797
80088
33509
19128
56491
5160
77939
1036
82805
16666
25522
71725
6667
37995
54751
23799
43467
62225
49826
26200
34547
29550
8238
32174
89322
53379
42815
1612
17701
6968
32315
83082
68156
7437
10929
75332
1427
10894
21042
52934
14087
24628
39426
28919
4759
50441
8250
53700
5710
35908
50017
9301
23619
63415
42382
46992
62707
57424
43043
78316
5012
27320
77625
3493
63305
8594
37197
11780
40424
33513
53663
55018
92550
6782
27933
38453
49712
7714
61475
15036
80904
11080
13568
5216
7083
15499
72101
92080
33970
8458
49975
6836
9035
52204
68957
4004
6555
17891
24233
962
12932
71759
35246
11100
27282
22983
47488
11680
73858
33621
79588
9603
32129
70735
7640
20406
79488
6853
18664
66567
90010
9555
9669
76089
212393
68754
67894
3919
20889
14541
7065
34045
41531
21962
44887
67354
28671
28962
241244
56550
3313
29738
25012
93763
27271
88463
17320
53294
27213
61400
21784
35110
43402
52589
12169
22168
94848
33532
84390
61058
43016
31090
16093
15240
33926
31505
69366
20430
78322
26834
56407
54874
3986
3651
15272
17002
52305
12538
41345
62447
46632
44639
8671
14349
47456
18043
18470
59036
72642
12147
48699
32153
47452
35452
59965
51302
17612
19768
30810
62070
67745
7411
3763
31049
12732
15038
29249
31695
14897
43259
26257
83806
4190
68572
20508
43347
14625
19980
62259
31147
39249
68310
29177
50897
84591
90130
18164
75778
18226
10339
30371
38427
25784
41634
44003
67328
45943
15359
85812
5996
82898
4337
65753
47566
92340
76506
89871
6721
58205
2440
10341
19363
12833
22196
31133
87987
39539
11049
13104
29711
970
7633
12230
18859
66885
92535
93260
20592
58507
34559
48964
3208
4160
23841
48005
67234
19123
52256
903
20447
49575
64352
64204
17576
33313
93485
10790
11771
78724
27927
8877
15142
8692
2815
15656
55786
17166
20310
4644
23486
6223
24645
29010
45735
7994
9704
34769
12509
44045
62262
9557
31344
33585
30269
76514
6910
87196
90751
30416
13035
17385
29787
25728
24269
3556
75690
37891
15279
23394
63151
21410
47563
13244
20588
15759
26141
62586
5247
16971
51572
82529
6735
46179
53593
70717
2362
11628
22572
44027
46426
9352
21202
32837
41636
49170
12516
4001
87443
27704
34325
41124
30972
50178
8681
25307
5049
91232
15664
93421
10919
27935
7185
23059
37002
34359
45457
3332
62842
14606
51913
57060
20569
40495
2303
11825
42616
44716
46884
18797
34287
6789
74554
20543
2727
16803
41111
33392
51076
33320
36465
8337
67622
89287
31670
68127
4152
29903
12809
25717
11794
38430
10111
31935
69015
25468
32790
37098
29457
26407
54065
85062
41904
11415
29487
77405
22763
68695
9128
15329
855
27090
46203
45041
65789
70485
87519
216387
15812
35409
50604
6328
11805
85979
69344
16523
18066
45843
52453
6079
10669
74743
11728
15569
28546
45594
65088
73146
30150
7127
16837
10067
41813
15220
26640
26667
80856
26084
94751
9667
27833
27810
28804
57596
25816
10653
19386
92193
8373
4285
4544
6202
28188
85677
92207
21684
30067
41439
2807
12078
27167
52014
82038
26988
41702
7910
15202
33373
55549
78599
6363
34336
17944
40664
28969
35433
42173
61544
14265
16382
47100
95559
10515
12556
22680
11079
30209
44719
30160
63504
47848
74493
12200
52490
8303
23018
51443
25367
69097
17728
19089
33167
63445
7430
3684
42088
44472
39063
6633
15599
41080
58334
82015
11521
12508
85353
42054
15626
63544
20279
74145
41866
30777
89046
89780
8666
39054
71328
2467
47645
94968
5551
49382
10789
7573
32916
55343
6706
9036
60342
12569
14132
16351
93331
68304
70103
14726
42546
22821
53238
32787
7829
13274
42123
5716
16245
36781
85349
74653
76802
3935
9906
37763
36479
83964
58039
78419
85543
37435
18144
25304
12140
39214
13503
12070
42648
91200
817
77311
83008
85870
24590
56702
1488
3188
14644
21928
23614
86891
1952
5322
29267
8507
14016
80091
54395
66169
78781
50850
46369
22114
43716
64963
4963
7761
21623
23252
58085
82464
1588
76933
63636
13939
18025
78226
18374
1291
3144
15390
61378
37638
37085
67929
25267
13825
18323
25682
79566
17917
10596
31273
8658
20183
2412
9040
81813
10755
14866
19001
21498
31061
51641
45240
7468
14047
455
41982
8489
65079
74697
56443
68227
7493
19655
62138
18204
18668
62834
15299
26885
35764
46333
65581
43000
43216
10252
11500
53259
5296
7935
21049
52145
55745
10188
80931
35750
92679
3962
15437
30647
34033
35157
36335
34053
46417
17193
43260
11497
50889
33922
42332
52684
17629
13333
16127
53915
27926
61146
37705
39498
51322
238448
17317
22386
18918
24566
37009
63863
18126
39407
46657
44852
12086
4332
18079
8425
5846
8416
21389
48493
67087
73828
85576
1099
15483
14660
16833
4645
7905
38491
46100
49724
13699
49135
66884
6668
58223
9703
19564
69472
24762
28260
44916
2554
13028
67632
73585
32683
3271
55971
86854
30594
42347
1494
10801
12745
54778
69612
3606
28702
54119
17740
2539
4568
42683
9697
4170
8514
26341
48485
14838
16540
8034
30374
6613
13920
8155
12994
27803
68126
8114
21952
38155
40053
41152
51273
52728
14124
61678
3730
9882
85789
48162
68405
4046
60100
7194
18233
235911
41047
7942
92517
4230
14072
36593
4133
30381
62639
1945
5078
38494
53615
87598
83592
66338
5870
1922
1275
3176
21692
24353
74735
4810
21533
39495
73048
1854
44812
245083
33204
41009
26347
8444
68974
21135
30126
80886
17344
30779
49172
2664
4059
25848
57660
10730
12791
19669
67190
13906
23358
2855
14962
19798
11375
36201
66054
18827
88088
78234
57205
48744
6941
21747
49760
75032
13509
20204
7673
18967
15358
31281
34901
77663
33179
15833
15836
40112
8993
20489
8403
59968
17887
24475
28170
25199
60712
9477
9918
14262
58657
7277
14203
50410
94608
38192
23740
26690
34923
10876
5856
8144
19122
77459
85127
93363
70392
79133
84199
12394
11311
26843
62214
67010
77019
81944
37556
16798
10959
63783
49054
5475
15177
24642
21629
54240
6543
70350
16252
23044
4735
7309
15612
15899
47989
1538
21714
30212
38681
28523
29912
60885
67678
86912
24081
37506
92998
4745
1890
45112
55224
86914
10438
32454
41378
73804
61407
39345
42216
39319
6377
8778
73825
4339
7791
26763
76809
4995
47841
20375
32007
33108
56235
89478
4811
5481
20377
35124
54042
91338
11815
37172
58293
17198
29993
88655
19155
74551
16077
50627
16247
70147
15646
38642
59479
70617
9539
20311
48762
48779
53414
15589
47737
56999
58877
94766
65966
22026
33311
156532
85023
31625
44610
52011
50318
30907
63285
13908
87045
61924
4911
26356
31085
21121
26258
58977
74641
17167
43971
7649
73995
43568
33210
50427
52942
10912
87101
40568
49897
2511
16659
19190
43419
13501
45097
1045
47065
55226
19060
29508
64416
17954
7727
19178
51333
12769
86801
46194
74196
75701
78050
82519
22084
70770
10933
34124
19953
90650
7568
21828
26122
39228
17623
79845
4303
14108
22945
3251
7944
83876
26288
8636
18162
23852
41478
86985
19208
70496
38930
29454
35250
46242
61584
22589
30017
3656
8062
2568
25112
51010
6774
11202
54698
24282
28899
14938
32729
46674
17403
43493
607
14381
18648
40461
3288
2703
55116
11654
29353
41966
75051
6167
7506
81354
10059
17450
26253
4308
19187
78118
5626
20793
43132
53031
61336
75846
76308
94110
9075
28496
10477
12018
87506
13695
55346
11063
51885
35682
40362
43510
35904
4279
26147
76458
5085
48169
48317
67810
8345
16531
22638
47077
37063
59143
91868
12167
8456
19169
20262
20464
21185
30811
35416
45241
47292
67385
74320
86808
38838
59557
244
22757
17429
15743
42744
46559
6201
20711
72412
5271
83493
29393
56374
15435
25543
28584
81495
3731
1915
7079
8304
9220
9871
10157
12602
17012
19672
19984
21565
23148
23640
25526
27610
28559
30587
31248
33145
33892
35148
38597
39612
43723
45046
48854
48893
50104
53834
54855
54967
56726
58070
58147
58276
59410
60227
60715
65795
66205
75236
76042
79243
82109
82968
90310
92474
207968
70631
10787
45002
46578
47187
41714
17857
15566
24122
5808
9723
26004
4321
8130
28385
87447
87876
3083
5217
31627
41355
41565
52300
80363
2159
7608
10913
14430
76763
5425
17651
37060
73592
7134
10349
12986
6089
12722
22491
62898
70883
21388
36056
43188
23298
35138
81269
21532
5367
28699
34636
56435
82397
8392
48397
3937
30470
35812
11544
39643
61010
70563
15788
27821
3550
25583
30613
34294
35953
220491
16196
46860
2553
4772
51899
26206
35497
13827
38208
85978
18772
10786
31428
51241
67463
16202
7343
93430
54001
54361
4314
26534
14441
25380
15515
24402
42451
1180
56817
3633
54125
43630
63099
13991
42441
68642
21826
87830
10859
12577
38175
31173
10369
27767
42068
75654
45569
6325
9590
115
11851
15872
30652
22085
8201
54808
62076
13875
26774
6359
67536
5717
18717
47965
31196
17953
19580
6952
49237
14543
22889
41641
70313
74757
72569
16562
29982
22716
52984
81369
25766
94
12541
9753
19613
28262
164014
51601
33545
16211
18477
1355
13955
16760
89684
773
19266
18983
54523
66206
74673
2209
22770
40115
47438
57744
15647
22765
44922
56031
74897
17633
21909
80149
20821
93193
3479
10931
64975
11979
78930
15392
20328
41831
48611
63735
94693
14461
79232
24171
28729
37361
15027
16973
37860
59794
6975
48551
25917
26838
44717
39753
49940
23478
4850
47711
41088
34492
11188
11816
82078
14398
7155
1197
75899
73535
75422
6336
23837
41014
54133
14307
17427
4798
14117
17274
27379
4710
11681
11973
53042
78532
10144
15867
13140
43770
15474
60527
46226
59467
7661
24300
50952
35165
60132
68208
14189
18534
47620
21253
88358
216619
11987
38417
39287
48266
36497
50710
82115
16782
32935
95571
9707
2385
23072
51635
52451
39748
12588
25902
38832
67235
91986
5618
36921
5502
7876
26822
82460
28689
59920
72474
56917
83849
25883
37660
53323
27484
58876
77443
82432
82699
19850
34462
43652
1805
2622
8281
68159
34762
48790
64726
36676
8192
24776
10946
81104
55402
58183
60514
90738
8223
41139
368
88337
11542
33684
51973
92927
13046
55950
93228
19314
16576
34764
15062
23801
25434
25002
82644
7172
72971
17380
5643
90429
68987
79015
6512
54006
76111
16646
27587
36260
66452
6449
23538
54791
31588
43405
50382
79700
29102
30183
93329
1656
19644
4481
7164
60484
16199
10181
15620
16494
39946
17169
23512
33451
4488
2331
11609
67129
29866
93534
25159
37061
8905
22095
88827
26711
27132
52059
39773
45887
5419
6064
21726
59653
7113
8147
15595
17244
48193
20941
80566
11197
48819
56262
45482
8344
71068
34284
169143
13876
15330
70282
32110
11274
25320
31436
62696
3508
16775
9816
24295
30969
10982
6771
13451
25914
47983
81565
245610
37652
4075
64448
52640
82359
11548
25289
7530
42517
28790
11834
24238
61471
61880
84401
33635
27281
39347
48363
57546
70238
81414
26129
40857
45549
48755
61995
15340
16943
26764
90897
22430
35721
45438
64495
76594
22080
42168
48128
42637
5380
26558
37643
64513
65796
10032
8647
20434
32384
40143
41930
83934
20500
37683
41158
22774
91166
6189
62812
67577
82980
21033
27811
30184
53512
17782
20810
1812
3388
32543
53113
5501
54731
4927
70172
12123
10006
13714
25549
49545
37861
69422
93572
12674
27710
43230
49146
1589
14819
32382
50885
30172
51371
55173
73682
80118
80513
91155
19740
4611
25697
52304
21661
22824
58896
69115
20482
6612
8423
25095
23085
38030
43632
35740
46216
3792
3975
5009
50638
55024
158
26570
17613
19935
32955
36839
54135
85886
93805
54219
63062
79531
62210
66863
752
10824
4803
11888
17467
26091
53475
62043
87856
18411
65406
8394
36370
27310
26422
38375
14957
36670
10374
51215
20358
11559
4426
13199
21910
36897
89794
21335
25642
31007
31266
11856
55712
19478
34016
55755
8107
26314
26381
57517
23899
36892
82926
25168
42346
19170
56718
41465
29130
51690
7713
8287
18863
28913
34205
14641
75608
11359
52502
4228
13121
20038
44007
69369
26588
63879
88600
26903
18974
46780
6670
70556
211645
15370
40154
16603
45834
47897
57953
20943
21603
28266
30885
17381
20460
47550
959
21198
23883
47020
2025
10406
18791
26748
8316
28727
8747
46878
62488
66685
78349
31227
67537
30957
35504
47755
15825
22809
22943
69569
35942
14965
19329
20276
50251
12801
148505
9647
17307
31234
48206
12435
24609
39566
175393
14362
74153
18638
75563
94932
74304
81611
7632
63821
67776
31243
39403
59476
81406
86354
6703
7086
13146
41438
42874
270
20796
34177
64643
74782
23081
15277
68672
35199
7857
17733
73560
19294
29408
5290
55581
14628
80435
85357
7004
71300
74201
77072
1363
18283
22475
57615
62217
792
13021
82613
42267
43664
2533
3675
30270
13209
49719
53359
59632
66979
14077
61899
68792
6030
6261
52120
12138
8079
53518
70665
13202
2758
24551
10883
2405
28565
22732
41747
48366
9381
19857
30308
43807
58169
2813
29835
6069
8441
57895
248068
5607
31541
2461
12396
38157
41185
37947
14918
9347
3911
21631
30746
55189
86657
6997
28838
31120
51748
89160
28292
35047
7439
16428
4902
59227
11395
24523
33147
73745
93195
6731
45672
1130
38633
75191
10795
17608
18584
19553
34314
5959
46607
73104
6251
2495
30236
56147
5503
21808
48342
1216
52476
11948
62024
71309
14689
16856
27609
63751
15397
94109
5062
42305
47229
17349
54868
25449
61117
9962
60991
61574
51083
5288
11601
17037
21642
38492
44674
60983
85752
43070
76892
91862
8082
21593
43508
65917
68133
66919
11524
14622
15732
22518
83698
22516
22830
40832
46299
51985
11719
78891
31356
39105
34211
35178
48621
63998
169575
45660
85497
37303
24542
54189
67549
16324
33645
91729
20979
34601
88838
21306
1631
20536
22441
50099
182349
7557
56901
30287
68680
3922
17451
55305
82795
33301
42644
70653
214679
15065
49691
20094
25209
7275
12175
13354
75544
78482
69112
22684
23600
37246
43305
13252
19820
20388
71934
84526
13071
89386
32526
69267
149863
876
6104
8499
8961
15306
40969
45059
48150
25664
28090
5725
8163
17999
30020
37546
10773
25364
31012
32949
34517
67630
60770
13393
14003
29297
70229
67546
21497
24625
26256
11541
12090
12408
17696
54990
62690
86757
28770
73883
75394
82661
5258
3991
29569
39003
50914
75122
37351
51674
92533
6929
37990
56268
2971
12880
88628
13718
35550
51587
7498
50904
26641
30670
45096
73040
87448
13483
53330
63320
35313
66848
3091
24765
8896
10055
14811
86869
12264
9410
19046
65385
65571
12456
37655
91240
37088
37405
19934
26908
63736
14570
6984
36098
6579
80058
90899
59330
31647
19988
60327
67955
22777
29286
47985
57878
863
52823
72795
5985
10815
20440
61774
78365
1219
26443
28750
67459
93034
18514
37456
7327
14143
6227
33517
24372
89838
191
3347
4908
20642
80706
35811
88515
399
20000
9694
17265
44587
9613
51516
68992
27353
23362
57712
73477
4094
9786
53757
54654
65903
54455
56507
85906
5936
19331
23917
10037
8056
20275
20749
35774
71717
9152
13882
13585
14105
30765
91118
6655
14454
69521
20974
60654
24154
12747
23235
26737
28983
47692
49401
54262
95464
22461
59124
6110
19256
19635
83743
29621
69581
42269
71464
77819
87522
11376
9730
73950
24974
7576
85541
16079
22167
41402
14928
73738
12145
12314
17616
18270
29398
39272
39977
78911
88762
49339
71097
34712
39721
90593
24812
29571
70058
22789
43061
29404
35836
36599
43923
46306
46484
19167
27794
33565
41349
51404
82092
985
12359
8473
17880
28227
51185
38791
40443
46838
24695
43157
2901
23396
35655
46429
94244
6895
28466
63452
20509
8141
22128
37398
43571
56879
87117
21143
35282
58140
81222
162451
20703
24236
8168
72948
11954
13051
12255
29465
35322
71301
16320
3316
6213
37847
81316
29591
42899
7591
30285
24106
48622
4852
18988
22725
31352
44375
90594
54386
14044
4051
6218
23047
36837
21697
41227
62614
76954
28317
58819
68037
77979
43161
64723
42012
67024
81087
95
13791
50717
51730
59489
70884
32280
36295
9129
17920
23471
25129
35145
3460
15010
32306
82603
47904
88535
19382
19182
52840
6648
48308
54439
45115
22252
16758
60391
9872
11047
20290
26887
54879
59086
84012
21458
63034
17931
3504
50415
67569
15209
67042
3548
51285
83421
88308
6480
23612
25950
87930
14997
21682
29625
60378
11745
25553
28628
45693
45925
20782
71755
75715
18141
89065
54338
69897
1587
12647
25469
21206
36464
50986
22476
34338
53800
87546
87630
88888
24200
8386
42471
13349
23079
34886
83166
159365
6164
8351
15248
32015
24062
41335
38505
54693
56684
11956
45753
67071
85344
95398
31242
42365
65719
14251
25177
2746
14186
15351
31671
37460
50613
74869
80868
93873
34919
59328
60777
83208
18342
18564
95362
109
25025
27469
52436
54935
76650
3268
6290
11057
24959
64130
84921
25004
57597
8614
24219
36876
6087
14316
42948
58190
8864
27597
41437
57106
74814
12855
15236
8220
36609
43021
10594
11658
13688
51401
58477
54392
2611
12958
18566
19384
20266
67479
21138
94480
119
7243
7751
9408
24568
29328
29851
8621
64809
13732
29926
32282
17778
50794
19142
61551
82024
95320
22392
41564
45805
86204
18713
34820
39761
65231
26404
58923
7965
55728
25889
6662
25640
32692
15164
16762
73260
83223
84278
209480
16807
31931
7722
11434
12548
23758
35956
95008
38611
28143
57064
3699
10608
13500
28869
84488
21038
24608
32792
58986
90069
10473
75461
30383
13230
14121
15105
48084
56280
74994
92712
3910
5634
12096
21395
28032
29581
57316
1840
69217
35122
28989
37784
83578
12398
29980
39743
14532
40971
48671
61223
4907
7272
10565
30326
48518
53877
57928
60537
153196
69017
22884
30618
38279
59198
10936
45134
2252
6496
80205
210126
7363
7757
36700
3519
54507
3005
45044
46130
55941
72872
49887
10034
25334
3333
14715
15853
26876
47230
11145
16099
34229
40608
80897
50882
90715
95088
58721
18568
25692
29683
47975
73507
76927
4684
19310
11838
2273
5235
18909
46542
57898
89077
8352
13677
16675
94877
3399
52653
56168
11663
23150
94096
90198
34569
75458
18796
32757
42125
37421
34719
5291
8478
12826
22241
47731
35221
95288
48637
963
7195
15345
8735
29351
30856
1570
12873
13563
14018
56896
80345
11142
15210
40095
43902
71408
3400
10319
17650
38676
49310
57005
65389
7337
41289
52183
7823
45847
51747
57104
83812
218881
16400
34169
43442
4943
10615
15546
36381
44947
58325
67560
20471
25986
30821
33388
91106
10450
17293
25386
33159
23526
25524
27190
39410
40893
44935
3411
13410
17693
31888
78111
9672
37593
42495
6838
20048
26372
6314
60333
13664
51416
94111
33298
9943
30012
32310
10182
38743
42897
60516
69312
13022
53343
68716
25966
56163
25410
10536
77263
94850
9323
29762
36195
4263
7224
17762
45252
18322
8487
16438
74995
6538
21822
9716
23743
42889
61837
86121
95146
53306
63989
12811
8010
17010
32917
42288
57774
87393
23996
42641
65731
233622
17492
79657
8395
61606
63198
78523
81418
4008
14431
55723
17484
19716
4987
18492
7569
35372
39136
40070
16011
240647
18327
3209
20470
23626
24095
38985
27999
55049
56977
14778
78453
1127
11883
14224
27341
83866
236
14448
64897
12160
20937
38409
43209
67119
31236
13412
46472
59883
242997
6033
13628
15109
41861
15810
69788
79024
95619
12477
25166
26544
77875
82035
30852
44245
45294
5314
50564
72230
62196
6067
19592
39943
40212
45016
29007
37879
10165
22318
31250
60265
62595
64090
22773
39226
39783
50715
78858
46224
64055
29709
4637
47986
61580
73113
24474
70814
25296
32625
50504
91703
5018
13681
25958
7284
12953
21423
79841
85735
89632
92781
23041
25062
35675
42901
50813
63387
22141
16610
18816
23878
47984
53235
58972
68827
69274
2899
20566
46094
14802
18367
49174
57393
77317
39996
50901
53678
59649
10543
43386
54266
80397
233969
10907
1182
40880
36806
51779
52876
53794
73551
37954
63973
16326
5489
24461
18029
19563
26561
12119
25340
7401
34066
94323
230638
4971
33655
43408
53380
17744
25041
49985
50490
60926
244980
23583
51008
66141
13207
59103
87819
24392
92994
14501
24573
6019
6539
26038
30926
77945
20837
31098
68236
4997
5678
17813
31734
3365
27414
30672
93393
1252
16845
21560
28606
32352
11073
52105
5928
33579
43650
48694
75441
1072
11379
40481
62691
9330
15039
38868
17128
28973
36254
62643
75725
48554
32772
38829
80414
86587
18203
68804
83616
86272
11895
37827
19916
63212
3676
53530
21303
63299
8102
28436
60564
10402
13810
55730
75237
4288
2120
24168
78898
1722
12380
24266
1624
31855
82216
83445
88034
5485
6455
33917
51889
55120
35475
57621
30837
91099
18878
42522
70921
34464
35467
50974
1306
46598
16839
55681
10077
38589
41095
47300
4068
22578
5582
26083
34185
43208
76946
82501
13387
12830
13480
19555
22031
28746
72504
85993
86702
1578
17969
10662
57690
22594
31168
68430
91952
56571
39571
2697
241066
18680
19615
24749
37722
17664
32020
36577
42101
70490
7112
49061
50853
85189
90498
18000
2162
74147
75879
12163
51499
66862
77874
88643
26067
64919
8728
10472
15969
20376
1213
8619
19510
22432
23399
58302
27262
33889
38333
77158
5070
20390
64976
44819
69110
928
12736
31454
80068
4792
15665
23674
27533
40043
64882
10772
14064
20772
39945
47451
51620
58594
60245
19209
20531
16939
20076
8584
24810
42678
45899
47132
49805
65692
75242
77255
8378
8600
13204
20082
23941
29828
2038
14657
25082
43451
51067
8405
8520
23767
5223
25801
28435
35826
48912
50959
56299
60027
83185
241
17598
45585
54733
35015
54247
55814
21506
3465
13069
13356
31729
46347
42861
51808
78334
53405
60593
78288
20302
12505
47165
74833
10230
21259
54333
68414
6540
14871
16214
38222
4447
9333
10497
24970
17795
22612
84545
7514
21639
28120
41814
42727
47512
64316
57875
13767
25114
25479
210811
36450
49961
17253
23665
58428
81357
14995
15733
53080
67219
90659
21739
49445
35934
77245
10324
19957
27171
31199
49710
75003
86892
26052
35919
53112
54378
69685
94409
27960
14128
15349
21454
24004
41997
18701
76547
44486
12135
29172
34638
47471
75035
86986
9123
16435
16968
88826
9060
66469
46744
21883
48029
76805
88092
2762
6070
22640
65655
92386
25075
10637
13850
14285
36526
57577
77495
42458
65209
67489
91761
14559
12606
56871
5029
8021
19434
21490
5347
19865
39413
54384
5857
10076
27059
62331
73124
21088
23221
63262
32591
50768
7270
8368
69970
94025
24770
76273
83146
40934
56885
60337
433
29321
52513
88639
5650
25604
34768
36037
1904
2475
3390
10260
11556
17126
25998
37718
39172
46378
74573
75136
7028
12313
41710
66099
76048
11653
12130
12629
23834
44986
29311
42341
3761
3859
30056
36143
49779
50539
61649
85416
7986
18129
23893
32490
2277
17279
51394
22718
29499
46549
58696
64162
77542
80838
171893
42170
4921
37072
67109
17703
31437
49669
14215
2541
5871
7610
19229
7080
16442
54699
76192
7831
37958
49493
4146
21077
30220
6208
21119
43996
15221
17738
12376
15208
16819
46073
94123
13571
44816
83359
4023
9274
21852
18370
36699
46374
1811
53993
11300
16053
28297
69501
21868
59875
67861
19059
21477
44613
61274
51916
59684
52958
54304
16493
27600
71052
32065
60271
61854
17176
81872
11638
12887
65435
81587
230020
44041
80729
88744
4360
16004
24386
61005
68948
11804
33900
42728
63303
9835
22515
89274
16969
19941
22587
30909
17897
94190
35218
43589
77039
18016
25063
51834
8340
36344
50216
55713
53060
18503
18562
19651
24283
38418
42681
86305
21081
26486
28886
42467
84153
2651
9002
50370
68543
8873
12928
24100
71218
9529
26008
37371
7696
13717
41065
57922
63779
70561
88803
3692
3701
16906
35516
45356
65046
8656
10392
6102
29584
21734
22048
68763
68801
87778
23712
27518
77944
2747
11355
102
9482
31602
57755
59187
68600
42391
45343
38168
46915
56058
71911
84744
24298
34383
39153
33640
70057
21227
61448
71931
4554
17249
62680
85798
30011
41630
51058
16122
30097
65780
26775
10267
15106
28887
64875
72451
13434
15603
17881
38517
11326
25413
47486
73859
9241
78525
18471
20151
52251
67649
70554
50036
15080
16726
35290
49289
57175
69884
10632
16332
22021
45621
56582
1709
9689
22812
26359
94868
757
12819
16755
26804
2913
15552
63180
91647
6695
16817
36347
37241
46776
31685
84273
9419
12334
26474
36535
15438
15645
65439
35767
71680
76800
89219
19097
25778
26880
27526
33113
71159
78450
4065
8393
19627
5531
16704
33224
93021
81096
17396
23623
51335
64595
4914
10659
23250
33068
35091
47931
85804
45065
54377
24231
26755
52340
53099
2608
14043
19411
26802
27879
40584
50713
9076
66515
71952
91535
6740
28272
37939
45275
46290
61240
78329
82049
91424
3764
4014
25290
29657
2237
10175
39019
43283
49485
86124
183322
2460
37691
62086
88918
61963
6062
11877
12214
40549
41999
49153
6395
16349
60623
20776
32741
43756
75303
93648
870
7729
66074
90094
3142
36011
41922
66728
19047
47558
1583
5803
28980
49469
10500
23033
31901
63139
66787
93848
95268
40430
55294
61144
76945
245145
61768
77265
29886
30339
32769
39170
82071
8892
32331
17114
33340
45444
49104
50342
58439
64132
6897
26493
55648
58922
8126
15559
31781
89410
7427
15255
17062
53923
87139
3734
22041
42359
61075
66443
30666
44475
10468
3343
28482
47587
48250
54546
67759
6855
32819
53265
77345
40322
12499
15025
71633
3995
38706
88962
5401
5701
20125
62788
7671
21731
22045
70092
27001
30974
4596
16805
29106
40770
52887
60675
68473
75507
4550
32083
41513
57360
60099
81427
54397
79460
60995
149176
10225
21991
28544
57152
2991
17008
17581
32791
45106
57553
32545
66317
78877
89052
13723
28693
37451
79622
86671
27852
34891
36749
9180
21938
24016
29299
38738
90614
649
1305
22838
77318
6969
81167
9899
12842
30049
42107
43889
21861
24917
25807
50698
53378
60453
76709
89561
582
9549
17645
32008
67064
2501
19687
76736
16570
26312
48130
87528
10336
13805
27089
35196
70736
76629
152408
20469
20770
22098
28257
3597
6868
34982
78194
87180
44354
92607
8115
21626
85585
20220
21459
39467
63766
73402
6041
16962
78154
11859
20255
3279
8936
13765
30973
80496
83312
93109
22254
25349
31701
44402
57844
66969
71661
8078
14636
31777
55537
63653
76322
14450
32243
62234
72324
78719
93630
15169
16532
4701
23783
24720
169361
8474
21435
52967
62195
79027
45158
60275
81598
2964
15815
2188
75259
77353
77838
90878
94987
41560
6398
21417
29152
32696
33905
37263
43668
66486
6775
8586
30826
43560
57087
59383
65085
73093
76151
82731
83516
2043
53805
4526
90427
20570
48539
6826
10949
11077
44671
73387
3700
25083
39554
84228
11442
17149
16407
37049
47310
95250
17107
24078
28966
31561
34310
39816
74464
86666
47371
89808
60923
20456
24850
33894
37079
49954
54556
66166
84943
7048
26617
27063
9418
53865
87924
21011
36035
42733
52456
70384
71777
14470
22057
29204
36965
43483
76195
84274
228701
62557
72885
7473
30289
51049
5826
16297
23356
50384
52191
92531
37964
46927
47763
75887
91603
4132
8886
17736
56466
21186
34188
56658
2888
8125
26754
57508
72185
4421
7511
12507
18008
21825
25017
25414
30496
44149
44403
44459
45516
67892
68045
82800
6665
7773
22446
29035
48632
2337
7817
23760
29838
33222
60317
70518
180835
8197
38799
9132
11787
26643
30215
49716
89818
15320
20520
28525
41781
31233
43001
49564
58172
78782
87030
93001
169614
13077
19686
30640
32021
61893
62833
85502
8901
24874
29832
34748
78934
4020
11840
14174
19132
26350
38058
51969
63098
90670
15827
17538
25633
31590
66710
70365
80692
9255
14720
28894
16877
20965
23117
24120
29873
40059
45573
91045
91104
12885
14198
53097
27672
56335
86365
22369
53251
61672
5560
76791
12349
15570
22410
58844
68294
224
22217
22227
24301
48330
57024
78379
12171
16390
47651
77285
20871
16638
43644
66825
151102
32920
50872
56172
191889
20243
20865
36311
38502
39692
71813
10407
14528
15009
69931
90939
40203
80240
3713
9922
21870
33991
36636
37428
42272
81367
52326
15864
25151
51893
9423
11114
20856
56696
60427
25723
28048
57901
93827
9217
13755
21258
30956
52378
69406
89623
92852
14580
24339
29463
39836
52616
4044
20969
44492
95502
6553
33950
62261
177224
2389
12829
26417
37843
44938
69609
6479
17383
22030
2089
28771
48146
151552
31375
35793
47293
50029
83167
21048
38929
65667
1462
2028
18238
22794
28498
36742
50500
64804
93225
168977
6368
12919
20729
39121
58801
11264
51578
63072
69579
16461
17294
32429
44361
80870
94311
14549
15463
22228
22412
28151
39132
39961
48462
49913
60238
77352
81968
85529
216896
3932
7666
73397
9049
13137
16612
25695
74515
8310
20294
25175
50956
19388
23243
36785
47095
88908
71516
92087
11444
22411
22987
31996
34378
37886
76186
89639
90801
92002
5232
11465
58901
90865
8037
90859
15083
59903
75329
89486
94184
37938
70754
590
26669
70004
7924
11276
11518
22634
36710
47963
59741
76973
16476
26358
26912
38975
58419
64456
92855
10825
21301
23849
32460
61282
233564
24468
87608
34222
1741
16250
33609
35602
37787
84249
24467
37431
63057
12484
31215
52830
68509
87465
87743
161361
13512
24838
29999
34170
41024
3087
7355
8185
23728
25215
35118
40028
233
5656
15324
30230
60724
63286
86521
11975
13786
17906
25931
9118
9614
10425
16963
17263
17667
18148
33089
33506
37566
48376
74204
77156
80699
98
5723
11389
13416
14205
15119
51554
57598
14950
26619
43215
64338
75230
4895
6332
18037
66299
176241
12080
19950
94621
6525
14555
18177
36591
38798
40548
55022
57250
80136
8679
9213
4197
19398
16169
18754
21513
21566
23532
38920
39470
53365
81368
87887
10527
17972
28833
207675
972
8030
16254
72910
6927
8643
13529
14225
57825
7396
12227
42909
2692
10238
34347
50703
13465
23026
25255
36504
38325
65831
90581
27045
27529
31591
31643
63418
72281
212192
21293
21764
68904
69441
12789
56134
7492
7738
17246
45717
46066
72711
89145
11790
65886
22180
24740
71582
12322
16128
17549
20129
27517
35841
47013
67699
73930
85776
92361
12660
22966
43645
45601
93996
5916
6166
9823
12582
16418
33333
7582
18895
25849
26716
48793
85467
91505
236022
16406
15790
16271
70139
9622
25772
31030
33642
34674
49387
77237
7855
9181
29885
63417
77357
90607
16742
23432
27475
55636
8921
10796
20836
34024
44405
89248
14244
28254
29490
39675
45143
78200
14645
64462
73265
82295
89788
18705
44395
14626
14846
18154
30997
36410
6766
16069
23752
27317
34646
64746
38701
58315
61409
82490
20488
76648
92961
22630
23475
25535
31884
33331
65372
250
16836
28792
42714
15280
40730
67533
9427
15365
16631
16692
36836
45737
17491
12628
14157
20980
27635
29003
54557
73343
3789
20357
20750
50062
53224
16846
27525
33262
11927
14867
22744
39449
41722
47902
81083
3407
20764
80189
86304
12425
17204
65870
5984
9430
21873
29044
39043
40303
44761
49017
63885
88356
95122
95276
4730
7972
20063
27790
36923
56983
15758
28291
71101
13068
25693
64063
66856
612
1980
49386
184843
8760
16221
27829
36116
41575
1107
46153
46748
52849
54723
4828
7687
20833
39035
54509
57541
65876
67865
82435
239843
11894
14428
25932
44047
13394
19258
72549
8922
12007
20179
26933
83110
6341
9760
16878
42281
45077
47634
91068
2004
40674
70494
93615
1377
37331
87295
3205
14152
21894
26930
29808
32035
37438
48387
58523
66783
76762
76907
6489
19427
44363
20461
40271
80358
15878
18392
57555
64075
68386
82568
41172
45128
3869
19877
21420
45920
3386
5015
11181
12900
18205
26591
29392
29679
30231
36249
39506
41937
44688
46591
48741
55293
59677
62316
40485
59733
14980
16402
66560
5149
22626
44449
18547
24188
27820
33125
48219
79703
80737
6769
15889
17812
20677
21256
49121
50873
67159
14537
30396
34526
38647
43415
59736
64475
92967
112
40475
48739
22265
42500
60373
3415
17620
35059
36687
47517
51527
53070
65531
80619
87416
23120
23997
37531
4381
4518
47225
4848
5974
9236
9607
13709
17932
29872
36440
40978
53554
55848
67607
6403
46258
65924
86062
9768
14460
25741
38783
4024
11708
21753
28041
32582
35736
42078
63982
84310
25301
27739
35348
44996
67184
90502
223883
50561
56565
74385
11536
20523
31340
32369
49798
51344
52118
16381
20958
10816
21076
23238
39064
25101
26860
30931
32477
40929
43471
67441
73610
79886
29707
34192
39994
57120
26331
28239
30776
38843
41212
12936
25222
36077
42802
61059
88502
10469
29064
40518
65297
94183
2751
17523
30596
31862
43670
84714
1173
48887
3865
6958
8857
12347
17967
28425
35028
42005
44650
58659
63421
89207
19636
23105
23578
26551
59624
6819
45612
10135
33416
41824
45205
46453
57200
76773
83545
95286
5938
9337
11899
17635
37160
93474
7231
10417
39949
8987
25124
26306
28932
35123
39550
50255
77084
20884
48553
56011
7342
7553
26470
28255
28904
7900
23556
34377
36594
44678
73771
84554
86585
88362
11919
16855
28259
64251
71294
15983
56705
24772
37427
39335
84130
10591
12450
15706
32314
32809
36799
38989
41353
41426
43617
44239
50529
72781
191553
2335
31172
2648
8234
12545
4931
10192
16524
46096
48906
50817
65690
66431
67356
78667
84540
85565
89285
92502
8309
19189
45047
22696
26492
27201
43965
76521
81994
86681
2893
27928
28915
29682
49415
59380
95671
20875
45138
81596
12063
14242
14411
31712
33278
38539
61476
70478
85339
2661
7919
9045
32666
36641
53557
73792
8667
24525
33126
45525
19650
27387
27942
33371
148703
16107
19888
24715
29913
63605
72815
75203
83749
89127
12980
25141
27256
46530
83186
87761
29103
38210
58694
6806
9931
27823
61735
62918
66929
69363
18299
11676
17970
19308
37550
42939
49527
90527
22584
22800
38368
8369
12159
13266
14821
27662
9954
20741
47942
61939
3167
6373
8158
12275
13738
29937
31364
32719
34206
37841
38690
40704
47079
57341
177722
7742
13226
14443
14740
17423
35468
51287
59640
67211
68311
18916
23875
23932
35037
82089
95585
150676
8746
14021
56759
10706
17266
18304
19689
35096
35265
44307
44312
51953
72288
82337
38667
72089
2684
12340
23986
43128
63104
73531
9670
17480
19717
23700
34707
41440
90354
1157
7058
13243
20040
25338
31776
6210
19325
24946
5690
9605
17052
29978
30748
86202
94521
5430
5969
6370
8494
29193
37831
50247
61349
48406
53433
82276
8590
10209
15267
16274
19400
20164
22659
42339
42880
63232
74143
2637
14237
14254
16915
18379
22739
68396
21148
36360
9748
33575
5963
16712
20758
21329
25912
35945
39332
42349
78479
83131
85674
94259
12763
26303
28230
32833
55910
70543
88324
26684
32595
32616
44337
64829
87628
36514
41972
47459
67499
67710
87625
8651
9093
22431
65486
15629
22685
24278
30656
34576
44151
56887
59803
59998
64108
70684
86844
95267
1594
7419
10760
32130
36638
43456
48069
56341
74224
2760
23446
59717
82911
94845
9309
9867
22357
31565
38033
51493
79939
91285
6678
8907
18676
28855
45903
49026
63248
69063
82990
91015
46595
80457
5161
10334
21820
25884
27433
43100
11764
13399
22731
23294
32323
47040
49427
51070
52298
67115
94115
173970
15785
46526
51269
81566
25155
28183
41211
50998
53228
66221
77777
93408
203810
6590
15869
39168
59522
87130
23282
33700
50222
9762
20828
35865
35975
37218
58433
11646
16055
26749
26960
10205
17497
22040
34397
40746
69610
71252
86825
7592
8775
8858
17824
17914
22471
28409
31604
45734
46455
48274
83531
4806
5403
19809
20978
28741
9562
27124
4389
14397
29619
46211
73456
76356
83123
84109
6471
9829
13842
15877
25781
72909
90546
20880
24242
9827
14328
17081
18309
22062
36427
36556
52754
65274
66064
83127
3673
67266
83921
1282
9386
14340
28485
62831
92472
32088
43243
89997
42116
79710
2170
4790
7846
17442
20441
21347
27194
29361
66473
191611
1359
2735
19210
19965
20497
23838
31241
33723
41354
42684
53221
57871
70062
77463
77565
79946
34232
40731
52057
68087
78852
9526
28879
56008
7159
17573
23886
56513
65516
71214
88355
29293
58278
58571
11211
14872
20222
58578
1255
2286
19051
22993
34440
71278
89952
10578
22656
35768
37352
38117
39564
57838
64531
22172
43698
49868
78487
11968
12483
32739
43638
45537
72490
23531
28755
39989
7006
10060
15431
19793
22530
24536
25090
26827
38133
41942
61826
76536
1023
3297
13830
20218
43127
45687
54844
60004
19824
19933
24535
24932
28675
54061
702
15383
18048
23302
23325
28054
28732
32670
36586
48473
54044
75505
17649
58303
6083
7596
18227
21285
51550
74587
5651
31143
56923
92789
2093
5557
32450
40789
2558
12911
13504
16341
31556
7445
22355
23668
87047
89103
8596
11798
16261
79761
86598
10574
15430
16158
18924
19175
26238
28434
28613
38484
49277
78130
13339
23482
24189
55432
72877
79567
545
13758
16285
17316
28513
91046
30812
14585
24861
69744
85992
13539
23605
24254
69191
73285
196718
83101
5395
12617
20263
26409
29916
41979
66887
72641
75932
2866
4867
5309
30216
33711
61620
67715
91339
56434
57666
11041
14069
61625
78594
21341
66798
14637
23952
41071
57872
74355
6658
16552
17024
31946
62346
79949
5741
12414
17269
22964
69464
71539
89743
3427
12291
37069
47235
63145
148695
1649
9553
22707
25207
33960
35280
39664
58168
15547
17555
37764
47365
28055
36622
41698
48003
55645
59402
83258
3829
8084
17848
19943
20378
45982
55114
90975
92520
5590
21430
23315
41380
74946
7554
15661
16010
20777
62866
65261
90279
91210
62941
10759
12860
19610
19949
34273
49143
50289
57550
63117
64606
69517
555
14750
20158
24027
30871
34217
36487
36850
53797
57131
62584
75711
92254
93249
29957
56395
61809
17682
43278
51074
60861
79957
89305
7719
11699
12601
12998
17803
24702
33072
37897
47567
62900
63591
68213
81382
16262
18521
42075
50814
78134
83212
84709
87081
8840
28562
33795
20829
21030
23166
37113
55252
67149
68099
70538
70966
78909
83544
88422
195176
3797
30441
47954
54321
64254
66002
81897
58729
75942
11332
11472
17506
25243
26729
37935
42934
52367
62357
64455
73660
87952
90004
34866
36883
37141
74419
91829
95205
1933
12600
14576
31878
33766
41035
44681
49071
51196
63084
77142
15505
22427
23464
43640
45209
55677
58086
59359
94065
9566
17186
46230
47806
54903
61835
90048
31183
33269
39344
75235
91581
7695
9000
15426
25188
38545
40593
43129
43517
46150
57465
59273
61458
63788
65070
72896
83352
85366
226771
2146
21688
89454
7616
19107
82585
4656
8812
10685
20670
22071
40291
41639
41776
43962
47267
51473
176932
7093
12706
15941
29042
30219
35331
82272
16376
18847
21359
82996
91037
23023
5340
6323
8359
13803
18296
18426
20507
20800
37961
40979
45919
48282
55531
61411
66373
73120
80960
18554
20596
35824
36334
42096
57020
57310
65771
72172
93571
7755
15378
39001
12672
17543
18406
51197
80266
4781
12320
15592
20814
22484
25794
29097
32104
32655
56627
57570
59732
61583
65691
68648
93933
2669
6659
14951
31913
53861
72389
2655
7119
17590
24595
4608
11397
32626
37793
38512
5633
5925
37490
67517
70761
9865
17401
23946
29282
35076
42712
45162
65436
68426
70206
7726
9864
11709
18446
29769
6280
13637
15182
19904
21376
50304
55108
65139
8121
21504
23061
35698
37200
44723
68872
70984
76867
77047
87871
1244
7036
9235
12679
11539
26542
73219
87245
8437
19926
21613
32145
60039
75412
93761
9855
29182
52297
53810
5537
9911
13061
15884
27188
31205
50788
51579
89434
149177
18978
23357
28645
35634
50506
89257
28610
63760
88118
88634
253
3020
4130
8195
18592
51118
63681
70618
82269
95449
23029
26286
32011
39876
61671
91082
6566
9441
12520
17118
23118
27168
31430
32114
33162
36099
38387
60613
75179
82063
89286
4385
10701
16463
28223
34352
36537
43595
51323
54051
81580
84245
87529
16276
33066
34483
3489
27409
33160
45617
82823
85750
3030
7453
9296
12547
30261
36613
48483
55089
55465
61745
66788
77680
93251
6204
8992
14238
15093
19193
19443
28895
88036
12889
25856
34537
49183
2517
6286
79101
1579
12739
15967
52336
54638
111
9318
12800
27593
28605
46898
47214
56067
77474
79388
11858
44094
5397
11498
12843
22769
24155
26473
38003
40023
40419
55628
60800
90394
13041
22022
23395
23851
26248
33062
52186
62162
71128
84681
85669
87242
42718
74322
10822
15290
15795
28295
40036
53961
9588
21387
23930
28026
37641
63479
79496
88186
95437
2358
3189
12494
49697
70899
3776
21161
55684
63136
4242
9168
19252
40411
51189
61594
64838
7382
54607
65854
3694
17890
19055
24792
25466
26957
26982
28343
34644
43417
46723
47394
50046
53929
64557
75290
92055
5146
19972
68459
80852
86695
152299
12240
17110
19081
20552
25426
30038
34144
35785
60435
78706
83278
116
5204
16788
20370
47864
52354
74936
77735
9492
11372
27343
68479
80717
185083
4036
7827
21813
4218
28819
34854
35422
35603
38010
48781
49811
51112
78198
81522
84682
86611
2567
10290
14222
16408
28393
55038
58088
92627
21126
42852
33800
44359
49423
75862
78912
79046
18353
52053
95224
5349
26351
27079
29845
32341
36737
53781
56640
60420
76641
79724
83762
38678
50534
87238
5627
8544
10309
11843
15199
17994
29906
34104
38008
52214
76716
10560
12218
17309
21211
22387
24875
28072
35733
35761
45583
61379
69375
80238
9267
21051
41394
60601
12251
40684
61108
4707
14488
32375
39045
51245
56501
83984
700
3762
20213
26631
31859
52865
6244
8612
11098
34543
45308
666
1700
2274
3115
14499
16106
17775
18864
20361
21200
30280
37232
62934
64422
74803
86659
90856
90947
3416
4553
6344
14125
23258
26854
53073
54177
56079
3113
8338
12009
15894
20026
22032
26179
31920
43497
44575
47654
71033
166941
196369
13109
21097
81605
83268
2322
4695
10580
30769
37188
39257
40915
54677
60630
66396
69908
72481
79903
4150
11141
36901
68001
73273
89784
233786
22055
22526
51583
61696
77943
3898
5868
11685
13076
15124
33696
38584
48170
49858
58410
79028
13762
15957
44155
60412
61552
62521
64559
77404
83467
6913
8629
8875
10166
14913
17082
40099
50030
56482
67107
5800
8492
27582
20561
41778
55803
73016
77881
81615
13206
18093
30198
55068
64326
2810
6477
12054
15441
21079
23845
31747
64749
73601
77198
79118
82323
207678
12462
14182
33211
91779
3610
5180
6155
7292
25096
27737
29514
30107
31256
39361
68076
69684
73206
77256
89500
6573
7220
15470
20071
23876
25389
36363
36908
46726
48230
53385
61310
90136
9092
19543
22695
23708
39023
42896
45417
46288
53825
55079
24668
32882
63575
85544
2607
13312
22619
25688
26454
41633
43823
50220
50538
53315
58174
63265
65467
66135
72607
80670
80954
87867
94493
185826
12026
12449
13897
24415
24664
44121
49388
51492
62207
65583
71720
74401
90127
8128
11084
11305
13330
13612
16212
23628
55855
64395
16231
26033
52140
61473
90035
90551
95521
11350
12645
18359
25455
32745
37288
41946
43941
63979
67896
81921
90351
90799
10720
19446
23143
24635
50477
58672
67920
85105
21342
22847
46279
58053
65444
73361
86636
218218
8966
23300
26501
47799
52134
53133
93033
8659
14168
18418
22184
27289
35732
42735
47139
47411
51078
52302
54447
55889
58493
66044
85464
88439
93743
10408
11126
35569
88649
23444
63186
92496
92560
94195
150581
3358
8763
17770
26573
35239
50369
60676
62906
62999
65457
66335
13725
16502
33186
37754
44418
52450
87145
6630
11984
15489
16986
19811
20751
21840
25737
34802
46366
49051
61128
63745
65686
89773
5704
7769
27679
56427
57569
60402
4797
13098
22477
23978
24398
29780
35661
59678
63276
73676
90500
91094
9986
32016
62547
69251
9125
15134
17594
23323
27843
29017
30634
36227
38351
42911
58485
58669
60179
64863
7618
12174
25220
27764
30825
35522
38099
41867
45341
67667
68740
69321
70552
77434
85514
153065
5699
6035
6967
36822
37740
5386
10656
11904
16361
47372
53983
91312
3342
9806
12222
14808
31328
38780
40486
43639
60678
75485
84079
6022
14022
17214
27424
36831
47121
56725
149756
8266
39444
60062
81680
84806
84862
87006
92121
1641
8503
22955
25509
37153
49960
65757
66776
73752
77802
97
12006
12412
16149
18452
27006
27499
30303
32188
32843
32939
34490
37800
45079
48997
51381
60532
62957
64229
74403
79744
45954
56793
19991
25658
27182
32676
37252
37602
38327
40583
63277
4438
21481
25627
29306
35052
47895
48538
49531
50447
52048
52775
65657
68964
70566
75072
77884
85644
88797
676
39587
44869
62766
68118
849
21628
32277
37317
41220
54376
58617
70052
77467
19557
36156
38363
41971
51773
54838
62284
6039
14267
25254
33557
46625
58036
87247
91992
10193
10682
11718
13310
28692
41055
41333
41563
51171
59177
65021
78685
83639
229248
9105
18166
25247
42694
46050
56649
59322
72875
80487
6021
14736
19863
29824
32895
50335
52167
59668
59749
73414
87157
201069
14179
22614
49471
50128
67871
79097
80710
2896
9795
13691
15606
19125
21898
26281
31487
35018
47441
75182
3956
9368
9651
20092
20230
21648
25474
30417
32597
39691
43736
44737
49199
51317
51726
51886
52592
59392
82729
91706
3156
4112
8783
9783
11579
14266
18630
36853
45927
50107
90496
160606
29116
66204
82004
4564
7874
13091
25476
33146
34122
72963
80306
92526
6305
10434
16065
27359
45095
52511
72964
83431
8817
10409
10521
30622
37488
50009
69876
80763
11565
35719
43927
58253
63375
3908
13376
17094
22715
31581
33424
39663
48118
52117
55812
60296
66683
75842
82279
85354
89179
89288
2367
9338
15892
20933
26587
36211
72063
86077
6460
9499
10693
18246
18434
18750
19676
28649
34085
34405
35070
37182
45329
48920
50042
69567
81123
95107
9407
15549
21284
31484
35081
40361
53494
55588
64203
65400
79671
80536
82899
90702
7705
10420
38822
66622
72859
80103
4985
8479
18235
38958
8911
11242
17079
27210
29445
40638
45852
49322
71017
74182
79789
3056
8962
12040
19511
22296
24503
37437
78938
5345
9535
33479
39313
42095
52733
58959
63350
89330
2142
16776
24722
24960
33238
52199
72954
88475
247
2463
8049
13062
13271
15379
15557
16429
25852
29450
33354
34731
42960
55804
58941
61795
69728
10088
46521
50541
9881
13475
14082
19218
35404
47773
54508
70309
91546
93103
183630
17504
19500
23268
24333
24577
25938
26886
30994
55639
67025
73424
81491
86155
89190
94492
937
6660
9574
12517
19033
20022
22325
24738
42171
44629
75429
2832
4912
5572
6175
14894
25943
41089
42759
47064
48940
57028
57832
77302
193260
5201
7584
12110
12912
14483
20874
40573
63871
10852
15063
24002
24574
34859
45877
46663
56356
63933
80454
82446
12298
14551
31847
37592
85795
86245
11890
13255
17628
22416
25458
26291
27344
27786
56291
58163
65905
69886
22300
64850
15655
26675
28706
31636
34203
42967
46797
51824
62912
66265
75541
76008
82477
7637
9044
10509
11193
16233
28665
33656
34399
40563
40589
41796
46812
49749
50020
50275
59984
73294
84830
90588
217421
19830
20881
52682
71711
82428
7818
36789
81503
174256
7287
13831
15493
18422
21833
31319
44877
53761
61269
65977
85286
88990
172299
122
9356
24669
28150
47838
76674
84948
220823
9143
10376
21558
23936
24801
27400
35896
36139
39067
44157
45202
49296
52429
63366
74800
88025
13602
35115
60633
2042
8349
11964
18115
22417
22686
25226
45862
49222
71576
77218
150106
226532
7161
8899
36877
43486
51407
58423
58897
84013
8328
8766
12146
13980
17433
19859
26459
26495
32191
49908
51914
64889
83105
159883
18242
19697
27402
29021
34396
37837
42942
45339
46701
49569
59926
60914
63386
66809
79439
87176
90737
95060
3695
4761
15968
25570
63073
9388
13442
14596
15399
16636
18078
19156
22375
34467
38050
48407
49756
53750
77114
23971
40951
51902
52848
62342
74443
87672
3970
4137
16397
22195
30102
49537
58405
75249
4315
5243
8199
8813
19064
27506
27756
36176
37447
39421
39424
56551
59291
67257
73520
6289
27747
28726
33569
43763
58650
74122
4348
13598
15996
21165
21452
23516
26790
44795
50457
51043
52738
53569
54882
56944
62634
65844
67180
69748
74487
76910
10528
11299
12327
15190
22894
34563
69893
3215
5506
6367
7102
12132
12818
16800
29048
29981
33549
39760
44083
46532
54934
56527
149409
215332
16781
30278
50339
56857
61890
79107
84247
234937
6339
10239
12060
18502
21880
22917
29984
32756
62728
62740
65450
67824
79446
84635
105
6796
8055
11155
15490
20496
32102
43449
44010
52417
66577
89848
9758
13525
17899
20766
29043
38581
38742
38923
55289
79500
6400
18457
21703
22953
26006
31502
32250
39450
46276
52338
55161
70505
70807
72338
8923
21547
23206
37356
39635
45624
46956
59626
73951
77791
6180
8364
10900
11391
13487
16810
19161
21368
23726
26119
34120
34615
35999
41187
59876
59887
66795
76492
87138
238830
5390
5682
15113
21000
22213
30037
31887
41590
58071
65403
73486
85850
173924
3918
5780
7329
12574
12678
19632
23615
25248
29004
29178
36578
38109
44114
57840
58837
87154
87279
3123
4260
11236
18208
19951
23688
31519
36034
71508
73145
76067
84196
84776
94973
1116
7420
18920
20647
32544
63593
89124
89589
174895
4176
9342
9564
11842
20736
25411
29468
39365
40884
44702
44967
47022
76303
82311
83347
85249
89031
7770
52486
62306
68873
79925
5756
11873
16385
18071
24036
24322
33119
39238
48881
63135
63352
70848
72133
82816
88336
13837
21149
24456
26037
36924
38369
39881
43738
64070
87327
87387
8501
12118
18645
20165
23570
24689
24700
29592
33395
34472
37744
53783
55558
62319
68711
69268
72648
73359
80584
82630
83024
84534
91969
92525
10048
10870
14685
24356
37190
40723
60413
72567
6482
26185
46929
47355
55742
56532
58990
59466
80625
82426
5518
9448
15955
20707
20773
23312
33151
40365
42618
55680
58040
61353
61355
61955
71339
241010
3664
16220
24675
29370
36524
49393
51796
84232
243068
7206
11527
16155
18382
27768
34209
41132
44777
62824
64696
71274
74498
82220
87155
163200
1871
24852
26102
43007
49832
60122
66797
148738
3210
3744
9554
19141
26293
34171
34744
39066
41291
45271
61495
75605
78054
79052
81380
81984
83917
95518
6879
23721
32652
37863
47087
47328
54170
7796
15193
21663
24956
28509
34896
35548
59899
60246
74597
85797
10884
12612
19713
22699
39741
41058
43242
50826
60743
79139
93884
179429
10613
11089
14178
16024
17382
19831
20446
36048
40438
47962
64057
72223
72444
73316
85050
10561
13256
18929
21072
22405
23233
30204
35441
45523
85557
4312
10226
10282
11118
12890
13967
21436
28568
39736
56613
87804
952
6013
11131
11388
19048
19429
20114
22621
23124
39110
46396
51563
54003
64264
70457
70507
76184
79520
6026
7100
11666
17514
20477
27554
27604
38559
52449
61003
69084
6137
6874
7808
10040
12307
12471
16623
21912
22636
27155
27639
36439
42270
47973
50807
62499
66449
68297
80406
205228
9373
40253
40503
40715
57255
151708
7413
7981
8653
10619
13815
21970
22163
25440
26853
55387
55917
60006
62068
81193
83603
13697
17459
23467
43844
52274
54331
77006
3748
8013
8050
22748
26339
26614
27170
29975
34323
39786
50757
55818
56295
57536
67448
69747
70833
85871
11139
15887
17372
36418
39330
47128
62517
5921
9278
17152
29464
52006
56676
61350
77205
85815
104
239
4580
8336
8498
8811
10858
14403
17197
18462
20664
29977
53736
60200
81448
82135
85373
91704
95113
204292
2226
2626
18578
26889
28867
32205
87609
11669
17453
41122
44031
51255
56727
58803
59712
68397
74992
83484
83918
85984
90493
91472
6118
10761
18513
22877
31971
59193
69730
72171
87330
11203
13260
21276
23269
30797
33330
33732
35948
36971
38735
45807
45816
46251
46505
60980
62334
63789
68061
68084
75093
76197
77046
93114
9286
10504
15055
16572
26148
28216
33271
33735
37537
42695
43724
44510
51812
56028
92444
5874
7367
10219
14233
22556
24726
27903
29839
29945
43528
43944
50752
59049
59316
20579
24003
30389
36233
36933
44880
49982
66394
72361
73794
243993
22009
33199
42099
45611
49989
55686
57216
67053
71168
84271
10430
11942
15740
18264
20162
21666
27054
40336
42564
49860
65173
93141
94639
5052
14048
14703
55242
55395
55934
3851
4007
7781
8872
9096
11453
12535
19012
22866
24057
25200
25483
28390
29760
32378
34626
39076
40289
42559
45597
47356
47929
69964
70481
74345
75295
92342
204175
15115
93023
118
3128
6924
15203
20127
27647
29159
31938
41039
41868
44173
45622
45767
47080
49458
53470
56091
56950
65637
67132
71801
72722
78759
89375
166666
18416
19271
34681
37678
48010
56339
67443
73501
89729
3235
8874
9424
12742
12767
20890
24904
26050
26275
29279
31082
46728
48421
49407
54407
54430
55033
67868
1894
4209
8927
12488
13489
18156
36014
40400
49861
70787
205774
15847
19921
26732
28461
32006
44378
54357
3014
9654
10201
23415
25073
26547
27560
28459
33936
36275
37070
41916
46702
48382
54431
62865
66013
82017
235190
9863
15471
17721
21777
24510
25446
55943
61462
70506
77293
13519
26386
28835
29771
33596
35004
35174
38858
39899
47592
47863
65235
81821
85379
85458
12101
46974
52565
56133
69046
84612
93640
93785
11310
16911
18600
25060
26131
26525
27895
29853
32515
34774
36810
38716
39477
50133
50663
51943
60128
63740
65258
79916
83601
88801
90625
152460
164436
179604
228665
5472
19424
22753
31034
33378
53589
82908
88960
15384
21615
25992
30002
31990
32421
36474
36917
60662
67126
78530
90668
1492
6931
9457
15638
15832
22926
24434
24520
27175
36125
41515
50175
58587
80100
88351
89876
95610
14374
23635
30775
40459
59069
60150
86079
90794
4585
8172
10008
13214
23772
32856
55450
76588
86047
90052
14446
18488
18906
24939
39924
43274
61921
73563
8415
14468
14575
15694
19233
24389
27951
28234
29067
29693
34848
37412
57902
59190
72541
72658
83202
91077
91841
94014
94528
238616
1523
1606
23566
41955
44106
44679
54356
59293
63142
66778
72527
3355
7957
8188
8299
9022
22233
47377
58144
60871
64874
70243
117
3711
7381
10764
15249
19111
22003
26360
34881
37267
48524
56193
77369
88963
93764
174659
2975
4171
4401
12967
23408
28244
30490
34419
40900
64191
68810
86806
93975
1839
5112
9339
15462
15567
22713
25718
37163
37272
62844
75486
90051
7366
7659
9203
18198
21040
32169
32985
38896
41125
55451
56243
56919
57149
57998
60915
65254
78142
79307
84558
89175
165936
14874
23012
29725
30090
48818
90963
7360
9818
13990
15564
20878
23439
24209
26252
26836
28053
30898
31768
35959
41998
42197
45551
47573
47743
51030
70248
76990
87359
18268
19103
25079
25146
25473
34936
42602
82930
16573
25612
35512
39034
42112
49830
52836
53127
60108
65810
72968
80525
4462
8569
10658
20345
21618
22063
23805
24965
31998
41137
44506
45649
46212
49337
51266
51541
65607
66007
71877
87644
92909
2524
5207
9394
11967
16466
24275
24708
29269
32863
33357
36454
49461
56234
62719
70800
207461
4448
6300
20897
36197
44291
46443
93443
94873
95373
576
3097
10080
15285
17370
17494
18594
30111
34026
34663
34693
37890
39275
44053
47034
49632
56250
76741
95535
376
8467
17485
17691
38009
44137
57004
57236
80336
5849
24639
28187
30538
31071
33515
35155
37350
40158
41511
42726
45945
51356
54867
70197
72485
74052
79997
80439
80663
11024
12036
14024
17706
33765
36478
49069
57163
67964
70629
1390
8312
17227
21515
25858
48048
54537
58744
58824
75853
95621
4232
5264
8014
11414
12107
12695
14755
17792
19630
26934
34134
37676
38911
47290
48795
52898
53665
78219
80054
84658
191624
3490
5761
7043
8230
18391
19137
21095
22275
27551
54827
73314
81474
164488
33336
51289
59946
215295
228538
1885
6624
9548
13417
16290
20542
23698
24560
26353
26634
36865
38314
62198
65676
68241
72369
74504
75328
79306
82773
83197
84905
90437
92775
9055
26801
44586
46834
46957
60982
64504
65417
152481
1360
1522
8305
13893
14721
14840
21403
21965
23225
23739
26990
27641
28148
29834
35910
36555
36977
37729
38553
44331
44408
45149
46439
52391
57659
61616
63919
66276
66830
83593
179820
7182
7706
8354
10717
12393
19293
20095
24519
51783
55595
62727
72272
80747
6544
14888
27580
36079
65147
65252
68278
4419
14013
23911
24213
28516
29475
32627
34726
34852
39084
41890
48562
55306
60029
65177
66757
69722
74324
76053
77027
87504
87731
12917
14680
15161
19086
27445
34639
37662
44298
48877
50934
71621
84544
88969
93142
16813
17797
18119
21869
25614
26512
29973
34587
38605
59214
74614
2296
7521
10268
12731
13075
24321
28265
32788
36765
37024
38654
43692
45005
45349
47286
58162
60535
72888
75244
76419
95701
4102
6145
10757
13105
13384
13813
14993
15305
21264
21925
24451
26249
34625
51139
75848
1930
18255
21164
21312
23994
24681
29382
29891
32698
33133
35536
40089
42368
43152
43410
50239
50402
52756
57430
57664
60437
61051
61565
66977
70696
70932
73916
75279
76739
82455
87829
5753
35962
37155
59386
66057
1111
5387
7522
10955
13089
13910
16640
19970
27009
29870
40516
42929
48245
48636
54551
58651
69329
75699
195753
146
761
7626
11909
12166
12379
12578
15507
16325
17164
18544
19378
19596
21027
24807
25365
25736
34494
34781
43613
59487
66804
67903
68017
68458
74331
74648
75630
77292
78699
89452
89533
3739
6839
11455
11884
26566
30191
30539
31558
33687
38402
38686
44934
61624
73897
89266
32679
33191
34365
35795
39339
49733
72390
81992
6080
9380
11152
20448
25652
30615
31464
33314
33762
37001
38354
38357
41347
44191
44198
44549
47852
50066
50394
50714
50856
57054
57635
63726
63873
70588
76675
83677
92387
4899
5166
11066
20724
22068
29803
34839
35137
49297
60767
67954
80992
84429
94646
14188
19465
27286
32585
39005
43924
49018
50786
54876
57147
62247
63378
68611
69743
73608
82173
88387
7390
17596
26377
26672
46646
53688
56606
60618
69642
75587
4461
5814
13088
46825
49238
50317
66522
76230
76281
177228
2063
7137
7570
10734
16116
16752
19562
22801
28395
29641
32758
37326
44538
47445
51627
52334
53159
53427
54172
59233
68418
68949
69211
78547
88747
2869
9447
17737
26507
57449
58602
67200
68323
69413
69429
84548
89922
10767
14011
14394
16187
28308
47387
62304
63602
69917
85740
6870
9340
13626
14218
14413
16706
22067
23572
27569
31985
32198
38309
39420
46052
50804
56972
58434
63044
68097
69985
73385
84069
84391
88656
201474
213211
231792
21895
28737
31572
32360
36807
47543
53029
56943
60197
63261
87386
15828
17039
21380
24719
25616
27183
32918
35852
36868
37955
42405
43986
46539
46636
48662
49855
55019
61822
62687
65493
75371
76561
94442
240227
5652
7805
13165
13814
28282
35520
62398
64047
78424
82819
90977
243
5151
6515
34752
40581
40906
41405
42166
60605
70680
72020
73566
82000
86646
87680
2339
13586
13614
16736
22852
23520
24968
29850
30250
34025
34231
37595
39678
47115
53832
54608
58385
60220
61309
67089
76462
95533
1294
17500
20015
32294
43994
45854
65728
68144
77420
84435
90508
238044
5239
5852
10676
12821
20257
25371
27360
29373
30342
30951
30977
33067
34062
37839
39267
45949
49273
53995
60584
65901
81486
2111
3852
5966
21475
25194
26191
28201
28663
45351
45619
47126
48156
48189
57738
57820
57913
59070
63686
66769
68511
69036
70204
72526
73211
73627
74767
77856
87686
92071
165691
7585
16348
16469
24246
27748
28252
31198
37748
48908
50229
51877
52735
53571
58770
65971
89728
91848
5093
5513
18306
19106
20696
21412
24302
24964
25406
26825
29236
33142
38615
39438
41269
47535
51474
56733
61914
69683
71113
73320
74074
74287
78237
84216
87438
91056
151339
166306
169091
240245
5824
9454
18057
28831
34043
34603
40885
48007
71466
77188
93583
5636
7516
7581
7811
12183
14887
16258
20028
20598
34139
39644
46055
47338
49029
49845
50311
62533
69231
71968
79442
82879
87663
95215
5685
7066
11571
21017
28854
28951
29931
30351
31351
32106
32685
35103
37388
47580
54845
57679
71297
73213
75973
87206
87756
87980
93174
4926
11119
14600
19883
20147
22127
22941
30941
35095
58860
62916
65906
66771
68066
69009
75793
77961
84363
88091
89064
8295
16949
20384
22585
24453
27758
29390
32677
50271
55408
67167
76271
80036
94399
136
3003
5528
5566
8361
9390
15527
17441
21205
24124
31521
34036
35557
39360
39655
42355
50076
54150
55945
56096
56128
60163
62704
65529
67490
70486
71751
72198
75415
75851
77507
78079
80723
81936
83753
88681
6073
12343
24222
26913
47007
56700
65384
67065
81434
82959
91319
7674
25997
48309
48320
87759
91531
12418
15265
20956
23006
24651
24787
29972
35886
38278
39930
43267
43393
49477
50329
69142
77830
80025
81459
90273
91600
95074
7144
11034
12249
12984
15835
18780
19115
19541
19745
20576
23775
24018
31517
33251
37467
42523
45639
53394
63442
64017
72190
81067
82355
85279
6091
7271
10428
11905
11917
14217
16491
22020
22678
27664
35613
37681
40148
40937
41273
44665
46237
58723
62905
70644
81027
81211
83803
87849
222018
17369
23361
25314
27025
28091
33299
36154
43709
53297
57565
62509
63478
93562
3624
7242
8736
12552
19207
23303
23734
26305
28457
31924
35381
39445
40685
62862
74409
74777
76245
78808
90636
187525
13360
13776
26322
28306
38762
39724
39952
40639
49462
49819
50331
77689
87740
90399
93148
154913
2108
9116
17059
17745
27625
41063
45944
53962
65373
67913
80187
88200
90233
3182
6520
9397
9924
10107
11008
13391
27568
28682
31881
36086
36587
55689
56952
66713
72312
72510
75118
79538
81066
92231
94198
1032
13472
13979
19063
21843
22206
23503
27976
29005
30193
31555
36726
37611
44154
51177
54236
54241
55627
61431
66122
67068
68741
71563
74302
74996
88425
236001
12335
14369
16051
16115
16251
17519
24662
36189
39982
41027
48235
55150
58436
60243
61153
72938
76833
86951
197455
233671
242332
9003
14196
22389
34583
37759
48639
55544
64879
75188
83499
90739
92368
95652
10765
11120
16100
17003
17027
20818
22255
22730
22960
23174
25585
26597
27989
33214
36127
37992
38269
38384
38988
43304
46501
48002
48596
50650
51908
52005
56265
58001
58713
64034
64510
64990
66028
67116
70065
70178
82890
83336
84108
87086
88342
89394
90149
90936
91459
209218
35386
36679
40775
43543
49585
50472
66256
80553
92814
183792
9025
14959
23077
27770
29144
31943
35482
39198
41522
42154
44314
46761
58722
60526
66527
68737
76498
4552
5655
7909
10715
11334
18032
19535
21672
28011
38094
40012
41143
47353
49064
49533
56346
57540
59064
76639
80117
94882
3389
7222
8206
9741
14153
15925
17710
17818
18017
18105
20396
23592
31906
32426
45835
49953
49997
50294
53168
54246
56010
61562
64872
67105
70782
78297
81727
91153
5988
11398
12042
18522
20337
21530
25077
28589
31957
34167
50932
53547
56039
65666
71424
77178
82732
85889
88931
90011
177280
3174
11478
11735
13982
14932
35090
38436
42056
45393
56795
62803
70489
77380
89616
95210
151009
2474
5293
10518
12744
13865
14406
15432
22185
23229
23980
25528
26320
27535
27921
28051
29887
31109
32336
32376
33042
34012
36475
36966
39026
54951
61692
62657
62683
66125
66249
69377
70142
70726
78541
78592
80126
85868
86936
89574
89752
12927
32970
34080
42857
45300
46586
46842
65625
68147
69658
72583
85620
85703
1437
3004
4922
7956
8843
9838
24160
27872
31564
32258
38093
38533
38703
40416
43673
45670
46808
70013
71984
5382
11210
13307
14972
17080
18752
20314
20744
20975
23400
28066
32469
33005
41777
46036
46656
59326
78744
187623
8011
8713
12423
13283
16159
16914
17013
24907
26024
27101
28861
29830
42329
42722
42736
44330
49083
60990
69415
73561
77470
77978
79994
80570
80807
3653
4782
6345
11383
15514
16648
18897
21065
27893
31491
31511
32966
36808
38689
44962
47446
51365
51518
54964
57680
58350
62789
63927
64500
70463
73977
74293
79626
83802
86635
87531
87629
91340
91655
92275
94606
2026
6926
14183
16816
19611
20250
28423
30487
31148
39252
49731
66070
66194
1051
4196
5220
13065
16903
24253
26475
28097
28118
29765
33239
34346
35881
36650
41468
43311
52798
52925
52995
55257
55429
56373
59686
62861
70355
71222
73155
73672
74031
75330
78550
79876
93046
93302
95202
13655
20999
28431
38447
39661
43679
44817
47716
52975
63882
65414
65861
66339
90446
5895
12554
23995
31986
38888
48668
53293
60568
90027
1376
4675
5930
9619
13295
13594
14752
22307
23010
28321
30155
33045
37177
59281
66429
73909
79631
91554
10614
13143
14901
16132
18993
23200
26316
26883
30654
30756
32834
36754
37591
37777
41901
46601
51125
53077
65398
69283
77673
79266
83706
86138
89254
149984
1278
4522
7541
15117
15722
16513
19678
24373
25270
29221
30385
30635
35576
35917
41822
45263
51403
56150
58417
67157
67295
69374
71433
72364
74781
76487
87838
5794
10501
10944
14106
17215
18813
20024
42429
53207
55682
57806
69544
93757
94453
4767
7286
11563
11893
17213
17774
18758
30267
32275
33462
35958
44789
49667
53147
53561
54754
55067
55317
55947
56825
57101
67721
71943
74699
76807
79150
80403
90366
92265
94042
183231
5914
7213
10310
10593
11574
12176
15371
18218
26752
33603
48306
52645
56316
61568
66857
85673
94345
862
3339
3690
6802
7399
13047
19821
21398
26905
31575
32892
36569
40982
48351
56577
58995
60810
69499
75054
77190
95199
1601
11285
11327
12099
12557
15991
20636
21906
25790
35941
39254
41115
48179
49572
54030
60967
66413
70023
71653
71857
80291
88216
90595
90657
4756
6748
7866
16257
16378
16904
16989
18301
21746
25018
28822
31471
32380
32519
45436
46841
52197
54329
61889
64349
82674
85075
85483
88428
93482
200377
861
1755
5429
6408
7307
18866
23562
23713
25019
27142
28733
40747
46217
49418
50187
53157
56445
64616
70560
74041
75580
77522
78570
87569
211856
13175
17652
20365
21439
22849
31770
36846
42162
48905
62133
62219
81925
82864
229
8701
10721
14155
17147
17163
17832
18822
20611
24052
26568
27487
34299
40356
41602
42927
43585
48286
48851
48918
50069
50941
51079
53090
53454
54830
56617
60820
64369
66272
70535
77929
86207
89050
89345
89827
6181
6875
14618
22580
25153
26270
27630
34513
38135
43381
47464
49766
66364
69947
85601
9483
9486
12457
14649
15794
16519
19146
40066
48243
59718
60846
64761
67885
76660
77165
2365
4057
4998
5864
8329
8950
9383
14621
15381
16042
20966
21004
21188
26049
30292
38972
54894
56542
58532
74768
76029
82686
85501
88456
165643
4875
5771
7518
9443
13741
14504
17108
18460
19078
24819
25210
26277
26550
27285
28127
31288
33343
36266
38158
40683
42879
46940
47793
51262
52317
60988
62675
65150
69574
70405
70911
71872
74758
75918
83191
84323
84906
89795
90898
94140
11252
14507
19649
20906
27435
30942
34042
36277
41170
44752
45656
46284
46616
46799
47072
50359
51224
60321
62248
66281
66833
68659
69132
71600
77305
85010
87898
89976
91824
94721
94965
185376
3830
16607
19583
30436
30912
32068
40436
49626
67635
72160
79037
80119
81898
93160
94186
201420
3961
4869
11902
13182
16618
19593
20620
23449
24150
25850
26951
28203
29066
29253
29315
30141
32420
37365
37393
37424
37969
39383
41664
42959
43648
47823
47916
50728
52824
56209
57487
59843
64647
66516
67474
69914
70732
70839
71630
76825
81355
83054
87682
89841
90005
93715
94461
111508
164734
237511
241326
245206
246153
5076
5343
7724
15586
16579
18341
31262
33490
37140
43210
44433
47294
69831
69882
72082
72280
80872
87627
239784
3554
10412
33742
34797
43908
44396
51728
53174
66680
73499
81714
86074
91983
94781
4517
5385
7684
7985
8490
8999
12976
16282
17735
17776
23938
24208
25812
27777
29666
29686
30182
30586
31075
31692
39270
42384
42473
43544
47246
52400
57201
65929
68926
79154
79336
79556
82651
2211
5700
11186
12081
15409
19076
19766
20713
21562
23884
25312
30252
34293
34500
39476
39798
41808
43861
44867
45654
46575
53836
54592
58716
63330
65000
66760
67597
74198
87719
94681
7229
7580
10138
10965
11365
11832
11880
13341
14785
16439
17018
17444
18795
19094
19628
22840
23178
24878
26654
27697
27836
32650
32768
34635
35368
38965
40712
41923
51566
51859
56366
60658
60690
61499
64478
64880
65794
68819
71140
71465
71767
71921
73432
74380
75674
77375
77750
81477
83485
86543
88352
89745
93934
1338
4984
7709
11409
14228
16033
17084
17940
18912
19777
23132
24337
25084
27033
29009
35447
35708
41769
42295
43245
43635
46867
51774
67373
68160
69154
70414
74151
160251
2709
12413
26229
28137
28742
31725
36071
37413
44079
47555
48180
54138
68978
70594
84257
89863
212288
2616
17150
20032
21908
31891
32770
34317
34991
38061
40489
41848
42938
46206
64676
67651
69167
71257
79301
82470
85054
85365
86544
87284
4783
12637
14097
20153
20510
23922
28377
28905
30106
31466
40111
41787
43500
43782
44477
44846
45632
45975
45996
48412
59310
63499
64560
64799
68125
73693
78848
82892
84823
85920
89933
91833
2494
6385
8731
10674
11824
14291
14423
16548
17067
19281
19452
21990
29110
31025
31311
32862
32964
32980
34892
43006
45577
49207
53596
53674
63559
66287
66941
70873
73941
74239
74728
75691
80224
85538
93573
94289
205166
3463
7856
9027
9133
11216
15530
16225
21755
23611
25609
28298
33503
33632
36833
39128
40719
40754
44441
45544
47198
50297
56054
57450
64336
64711
64934
65496
69976
70946
73755
73797
78286
79803
84312
86340
87643
95064
182874
3170
6629
8074
15952
17535
20124
25160
36114
38478
39109
41451
42587
44066
56931
74716
151677
13397
19894
44796
48173
49996
67061
67951
77829
85380
94255
9451
15918
16741
31158
35257
35269
46781
47154
47157
51272
62078
68438
69940
87993
165577
8455
10105
10179
10771
12201
14444
17502
18063
19177
19346
19730
20130
22596
27139
28278
31720
33024
35868
41547
44422
45415
46372
49999
52339
57653
69058
69061
69285
72869
84280
91145
91451
3351
9720
14734
17209
18347
18371
19718
20719
22622
23564
23968
24888
26852
27214
29026
30758
34380
36677
39042
43366
45213
45934
56792
57551
58487
66216
67085
67097
83239
86795
90336
162987
979
12884
13364
14351
16933
17019
18436
19471
20146
29907
30914
34180
34186
34300
36303
36336
39422
39740
40182
40302
41292
42212
43934
45338
46075
47526
50767
52034
52439
55670
56127
59584
61553
62989
65696
66319
68485
73097
76735
77423
77534
77854
78773
79654
84791
87670
94532
12616
15118
17284
19600
23650
23807
24942
25306
28517
46695
52883
53852
64634
68831
71261
91261
92490
232382
11627
12273
14373
16394
21491
24185
27628
30693
41869
46274
48093
51068
67821
90863
2917
10348
11470
21090
24305
24915
26285
27930
28596
34685
37732
38454
42498
51469
53406
57976
81281
84107
89508
91618
92488
241856
255
1895
6604
9102
12067
15174
22238
22900
24951
24991
27022
36029
40950
45137
47849
52327
52759
54877
61126
67365
70512
73875
74400
77181
80483
82073
83398
85553
86303
88133
89485
163514
5635
6447
7973
9739
17340
20778
24113
27689
29082
33459
33934
38552
43101
43910
43992
44394
48465
48979
52405
54986
57063
57538
58362
73209
78687
90530
91666
92518
93767
94904
175575
180291
3800
4354
5133
7930
11697
15295
18114
18236
18671
21274
21949
25630
27034
29023
30815
32362
41883
42450
42665
44950
51575
54946
56903
59846
61877
65997
67623
71366
79922
84095
89644
94506
95384
172547
190055
191241
213202
231194
2983
4224
7221
8825
9579
14035
14725
21442
24851
32381
33520
40119
54841
60931
68346
68710
77867
5371
6382
6638
11706
11959
16740
20610
24105
27512
30703
44447
56114
60257
69851
82886
87423
220885
2780
5731
11306
18756
20848
24012
32462
32699
36038
37041
42493
57625
57916
64235
64981
67586
67772
70874
78514
83168
85469
88718
186906
10173
11687
11947
19858
24455
27775
29041
29535
39300
40455
46037
48769
49213
53283
54206
56703
58847
60954
61967
63582
65388
65864
66759
72448
75703
76454
82364
93997
1135
7098
9636
9719
9779
10700
11443
15943
16624
17247
17392
17841
18747
22435
25428
25862
26194
27831
28318
29227
34706
36740
37727
37730
41282
41373
46847
47466
52573
52834
53339
54579
54787
61099
63719
75618
77818
80432
85315
90931
164675
1131
1530
2520
11148
12493
13722
14801
16521
18657
28360
36238
38416
39543
39999
40973
41674
49972
54628
61387
69514
74188
76375
76503
88205
90400
93152
93182
95333
152505
5177
8022
15962
19350
19364
20607
25051
25667
27241
29376
32492
33777
34311
38656
40956
44103
49412
49675
53223
59418
59744
76916
83554
87565
93321
180829
215258
2970
7588
11944
13583
13793
15677
18028
19083
24293
27134
28875
29905
31861
33312
41744
45481
69298
77051
78913
85156
92316
219055
5922
10889
11474
12128
15727
16885
18528
20453
23332
27229
27910
28909
38131
41046
42256
49633
49649
50893
51733
52089
55883
56140
56787
57267
57590
65455
67476
73078
77541
80589
82139
89854
236791
4723
5321
5462
7627
7932
9281
9811
10074
12046
14356
15772
16197
16308
16863
16935
17291
19775
25537
26434
29949
30071
32898
33567
33776
37630
37747
46028
48097
50812
51102
51315
51498
53483
55373
57190
57509
67426
72096
74630
78705
79458
79993
82753
83869
86480
89549
89578
94741
6296
13802
15376
16368
19028
22182
22928
24097
25622
29357
30783
32496
33570
34705
36384
40699
44825
56860
58176
59007
62406
66365
67994
69393
71018
71566
73931
74179
82447
82985
84671
88156
149469
160804
180015
3867
8799
9757
10905
13781
15610
17517
21238
23515
24556
24936
25417
26815
28440
30437
32399
33323
34330
36185
36472
39639
39795
42968
45192
46467
46961
47232
48559
48958
49715
49728
51032
53866
54694
56467
57438
59351
62940
63500
65827
65878
66110
68526
69644
74068
76159
78016
80661
81578
89493
90655
90871
164289
192549
8123
13670
16386
20594
23903
24412
28017
28337
29527
30689
36429
42354
42737
46345
54112
66913
74139
74932
84160
4846
8178
11448
11761
13411
13554
15179
16668
24814
29629
35758
45507
67590
70429
71875
77444
89321
248045
7747
8275
13690
16034
16737
23823
27665
28444
28676
28849
41529
42664
42688
43580
49141
54782
55274
58616
66244
67214
68923
69343
71163
73335
73620
74553
75789
85101
85187
87195
90651
95466
4615
9164
9659
11664
13823
16239
17140
19362
19480
19990
20342
22608
27122
27838
27953
30075
30165
30790
35807
37052
37481
38702
39255
39812
42046
43148
46506
47502
47721
58185
58768
62872
63557
64541
66111
75629
81674
83779
84225
88010
92100
94029
4136
6119
16671
20274
24260
25016
27915
28427
28652
29101
29858
30601
38180
38538
44006
52278
57273
59208
68003
70097
70186
72097
76217
93365
95587
96
251
8555
11342
12543
15322
15844
15873
20667
29317
32976
33465
35801
38082
40300
42061
43147
43866
49944
50602
50984
51184
54869
56799
57627
60575
62050
63872
64881
68488
70531
72505
74804
77949
79363
85477
88198
88790
90227
92014
92115
92245
92390
92425
93633
192092
218194
9635
13497
15369
24347
28713
30324
31992
35895
42266
45961
50068
50345
53426
55992
58549
59216
59377
64753
67576
68670
81571
93414
178106
178197
8638
13832
15938
20499
20939
23297
25847
26237
34779
41663
42950
56911
60897
69795
71676
75025
80800
86115
86378
94725
173971
2755
3534
6174
6453
7325
18103
18128
18131
20194
20567
21947
22493
25387
27138
27602
27996
34600
34641
36415
37062
44052
44820
51802
53639
55543
58606
60428
66233
66939
67308
68359
70212
70439
71659
73355
75266
76504
84678
86789
91690
94679
211173
3782
6842
9389
11695
12346
12598
13977
17345
22001
22050
22760
24074
25500
28037
28765
29123
30425
37005
37139
37194
39391
39507
40207
41537
46534
56313
59032
59720
59737
59871
60020
60049
60204
62285
65923
66242
67697
68356
72091
79331
80158
81972
90164
91599
92075
7140
7217
7322
7387
7797
8654
10447
10754
10812
10924
13374
13975
14794
18415
20137
23101
26182
26247
26466
28021
28063
28104
29434
30208
30258
35344
35445
37634
40010
40314
41376
41489
43153
47890
51772
58623
59811
68556
68803
69437
71571
81811
84916
89019
90521
90694
135
6494
8853
9580
10550
11597
14034
15659
17599
21995
24883
25328
26263
26533
26746
26902
30123
31269
33643
35154
35296
36147
36762
36817
38347
41557
41600
42672
44317
47514
48502
48839
49800
52239
53166
56042
56826
56957
58247
58374
59076
60487
62044
65875
66441
67165
76135
77249
80659
85207
86456
86918
88545
91140
91853
94332
95270
154988
160933
222044
225507
4882
5282
8420
9609
15146
18761
19383
19570
24592
29879
31270
33011
35276
37868
44672
47099
48116
51105
68312
71284
76842
80321
82760
89439
155596
1539
2473
13378
14256
14292
16860
17829
19211
21236
25142
27091
27129
31354
32084
34618
39286
41487
47812
48310
53591
56385
56761
62620
62686
74724
83017
187353
1115
2178
4594
4693
6953
9298
9569
10120
13212
14848
15374
17077
17257
20675
21107
23705
24051
24891
27102
32330
41309
41660
47709
51013
52401
57648
59630
60917
63401
64483
75243
78407
79551
82206
82712
84851
93830
189476
11914
11941
12869
13449
16917
17238
21262
21290
22370
23246
26846
27085
27719
28614
28754
31461
33714
35050
35088
35556
37198
39895
40868
43827
45093
52973
55400
55823
56540
57911
59961
63818
66755
67526
69147
69932
74754
75125
77967
78146
83144
86403
89032
91497
91508
3688
8560
10576
17405
19116
19279
20683
23436
30359
30807
31458
32734
38824
41180
42313
42625
43835
44952
45750
46421
46907
47846
49664
50730
51148
52828
57494
62630
62958
63985
63990
66426
66600
66853
68069
68969
69056
69563
71399
74923
77462
80060
80789
80900
82703
94264
171787
929
7122
7710
11980
13707
14669
17374
21384
22511
23383
23550
25632
27793
29155
29313
34414
35711
37508
53879
56997
57658
60684
64967
75270
81636
9024
14089
14515
17355
19275
23794
27280
30145
33694
36241
44684
46783
55006
57539
60192
69095
74649
74756
85377
92506
603
5869
11981
17563
25626
25803
27381
27865
29384
33406
37653
41452
44533
45247
45971
49305
49523
53985
55058
59411
62051
63360
64360
66376
67279
68044
69190
69416
75380
75807
78168
89365
4183
5520
6098
7269
8332
11182
11259
13801
14025
15077
16006
17154
18599
21694
27705
30933
35442
35930
37838
38399
39785
43522
44243
44821
45888
50671
52560
54678
54891
56460
60619
63049
65829
69305
69727
70939
72345
75676
77613
78688
81476
83648
86232
87636
229660
2828
9336
9742
12097
14900
15882
17930
18573
19869
20223
20521
20992
21273
21854
21878
25294
26972
28126
30402
32691
33445
34055
38148
39885
40534
40825
40852
41286
42598
43982
44469
45171
45175
45942
47244
47255
49291
50174
52172
53535
54379
56481
58017
65498
67834
69382
72431
72768
73663
75702
76037
76270
76752
83405
85891
89853
91606
91663
92381
95331
95718
155996
4320
9070
13303
15581
16880
18536
19313
24604
27979
30379
35726
39528
42497
43540
47103
51626
63115
67941
69761
69808
75693
78585
80544
83765
85977
86006
87208
157478
2580
5603
13651
14219
14286
15341
15596
15667
17962
18475
19887
25224
25742
28714
29794
32653
34395
37657
39047
39515
41509
47216
47591
51845
52028
55271
55299
57303
59422
62780
71230
72265
73174
77026
79731
92438
92564
211271
243417
6850
7165
7436
7720
9641
13331
14748
19807
20175
21171
21282
29687
34536
39991
42129
42324
42989
44255
45151
50056
55811
56598
57507
58868
59077
63851
64562
65229
66615
68806
68936
71219
73948
79017
82954
84670
87600
88530
90111
94247
230908
7803
8203
10980
13168
13701
15107
17357
17835
18234
18721
19698
20064
21451
21495
24381
24555
26073
35100
37493
38085
38114
42072
43042
44170
44579
45305
46076
46951
47818
51331
51470
53940
54816
56496
57675
58603
59023
59547
59672
61077
61563
64479
67916
68868
69125
82638
82876
83660
87695
87828
89706
90342
90438
91746
224535
2145
7962
9222
10763
14337
14503
16799
17990
19741
21144
24713
26545
27104
28563
28906
29229
29273
29503
29860
30511
31443
32717
34801
40238
40945
43903
44236
47997
48604
51436
51611
55436
59774
60186
62836
63893
66306
66508
67468
67596
72188
72636
75829
79751
81062
81108
81764
82108
83568
86261
86995
88268
91692
225352
6692
9148
26841
31553
40571
43445
45828
47147
47303
53951
62873
79084
79207
79585
81204
93000
94501
4665
9902
16787
20768
21483
29597
30079
30728
31342
33680
35444
37013
38908
38931
40758
45058
47131
47585
52481
53318
57482
57528
62992
63951
65410
66437
69622
73180
78328
196057
232170
236927
3526
5105
9732
11971
13597
16709
17071
18395
18593
18787
18945
23987
26063
27078
27463
28186
28311
30567
31945
33734
35840
37169
38349
38601
38613
40748
41750
42326
44921
47407
48667
50867
51368
53793
55278
55646
56037
56289
59199
75561
78660
84262
87398
87601
88141
249
3103
5992
7223
10401
11150
11314
13060
14308
15296
17325
18530
19530
21357
21671
22316
22617
23186
24447
24553
27036
30713
30903
33730
34141
34147
36229
39224
39416
40492
41545
42050
42767
44532
44804
45049
45928
47223
47461
49243
50706
52201
58480
59303
59408
64925
65998
68496
68852
69163
71427
74484
75438
77267
77563
77733
79575
82604
82841
83073
91439
91783
92362
94513
175967
1934
5030
5420
7232
12173
13460
16436
17336
17996
19789
20638
22075
22895
26121
27459
29549
29590
29889
31228
31261
31820
32820
34786
36107
38598
38909
42601
42878
44612
46527
47359
47729
48935
51310
54113
56948
59985
61865
64370
69654
76259
78589
81429
86990
89029
89710
90695
91465
92147
4837
7815
8475
9310
11439
13860
14732
16749
24312
26468
33729
33801
34708
34741
39095
43196
60960
63380
64485
68745
69006
71761
81562
95392
174505
1600
3227
4376
11710
12416
13261
17648
19387
36285
37801
42760
43329
43755
45012
46041
46402
47277
47728
48750
50350
55972
57753
57835
72649
75196
78601
91189
244845
3194
3426
6156
8558
9204
16409
17168
17507
20849
21246
22649
22705
24319
25038
26845
27514
28349
29528
29934
33411
38528
40122
40574
45290
48894
49863
58569
59701
59890
62361
68111
68309
68484
69177
72792
78869
83783
154495
171381
186468
711
3784
5440
7296
7433
8411
10197
12444
12668
16377
16970
16997
18980
19262
19781
22551
25116
25282
27389
27858
28103
30424
32871
33107
34044
38237
38480
42037
43695
44429
45952
46912
48393
48902
49110
50011
50688
55551
56317
57810
59555
60377
62571
65363
66955
67548
68841
69942
72773
73344
77990
78256
83173
84608
84974
86740
89054
174183
222542
8118
10275
10920
13073
15789
16772
18757
18875
19135
21811
22179
22395
24184
24981
26327
26442
26862
28088
28740
31306
31740
32835
33659
34306
36915
37869
38655
40104
40958
41473
41684
42595
43226
43511
44231
45221
46336
51644
54294
59014
60329
64337
66045
68457
69660
72657
74471
74885
75183
79898
81160
81548
83230
85666
93063
94439
175900
209314
3204
4959
7564
8391
11239
12455
13186
17752
22061
22854
26978
28243
30029
37212
38004
41259
42431
43065
43375
45362
48141
53897
67016
71396
84589
89630
161408
171961
3292
10073
12079
12780
18157
18265
23603
23897
30399
30582
30699
32491
33337
33724
35231
37037
40197
40610
41010
41096
41556
43426
48265
51357
61522
63222
64089
65677
69239
85042
85061
85657
87706
89637
91264
92737
1418
3819
7369
8104
9387
11716
12116
13705
16649
17496
17791
18946
24376
26106
27687
27796
32247
33115
35478
38277
39544
47857
48335
51011
51936
52265
57481
59543
63731
70610
72071
73862
75921
76005
76074
78083
80446
85232
85445
86153
3777
4436
6675
6693
9572
11099
12922
14401
14500
14831
15128
15446
15965
20563
25994
27827
28753
30016
30709
33309
33453
36483
37006
37292
38252
38321
38522
40427
43999
44601
45285
46480
47744
48172
48992
49932
50832
51744
51929
52067
55138
55331
58601
59017
61041
62673
63455
66526
66905
68815
69628
70324
76604
77260
78069
82611
84716
85048
87452
88519
90395
90766
91827
92061
93263
7007
7446
10742
12796
13107
13439
15360
17262
18389
22159
22382
22755
23544
23733
25587
26975
30380
31619
32398
32659
32674
33667
34771
36639
39919
40556
42698
44202
45610
50508
53125
53291
53739
54533
54987
55553
55561
56151
56255
57241
60462
60667
62414
63278
63661
72094
73246
74785
77942
79948
80438
82067
83784
84824
85106
87021
87147
89049
95222
159920
159952
4251
4256
4297
5785
7398
8888
17254
21759
22897
27252
29659
32235
34966
37395
38610
39680
39716
43654
43915
51400
52496
57215
57708
61374
63548
63702
64362
64808
70159
77030
83685
84796
86184
214932
3617
4512
7118
7665
7844
9540
9583
13386
14320
15294
22502
22933
24011
25033
25317
26723
31244
33061
42206
45823
48110
48821
49902
50461
50681
56024
56652
58267
60628
61527
75267
78704
79141
81718
81810
83668
83792
1161
2265
2656
6424
7467
9254
10703
11015
13454
16777
17248
17545
20910
21294
21941
23867
26267
26818
31649
32899
36219
37482
38213
38603
38775
38963
39894
41204
41932
44295
44410
46107
46800
49287
49678
50567
50839
51320
55247
55667
56120
59258
60459
61436
65785
68235
68456
70536
79401
80975
82647
82704
87511
87956
89211
92536
93986
94988
95527
245744
5124
5341
8809
9106
9982
10569
12120
13463
13846
14718
14788
14898
16505
18052
18935
18966
19560
19839
21286
21725
21775
23373
23502
24279
24619
26620
27742
28784
28954
30240
30483
30580
30798
31167
32487
32828
33194
33366
33802
34425
35087
35486
36619
37401
39472
40842
41298
41414
42002
42057
45966
46039
47337
48523
50630
50634
57733
59185
59988
60018
61455
61892
62314
64134
64624
65304
65332
66345
67671
69604
70039
70094
71620
72065
72194
73678
79477
79592
79606
80401
82450
82653
83512
88544
90780
91125
91370
94466
95023
95347
95648
171458
228786
4721
5573
9171
10332
11630
12049
14812
14974
15472
15927
18396
18704
21324
21951
22096
22881
23844
25811
25926
28837
29510
29538
30400
30824
31329
31584
31928
36712
38922
40511
41302
42617
43337
44615
44995
46474
48076
48394
49801
51880
52960
54775
55658
61371
62327
63407
64183
67925
69630
71585
71738
74708
78245
80108
81218
81528
85000
85262
149851
6684
11065
12959
21229
21956
24870
26651
29820
32075
34956
37774
43367
43476
45817
50053
50057
53772
54528
64683
67872
69805
71075
82555
94817
152276
155029
3821
3879
12713
12746
15946
19604
19911
20439
22536
22747
24183
24500
26180
28766
29131
32735
34535
38023
40072
40984
41267
41807
45132
45684
46870
47383
47717
51221
52112
54324
54564
55948
57674
71296
72518
73117
76016
77385
79677
80212
82041
85076
85957
88374
89622
90364
94854
95295
95580
191839
227916
6650
6723
9900
11576
14929
19525
20156
20645
22583
23279
23454
25617
25985
26284
27351
28487
29783
29833
31974
32930
33626
34997
36317
37901
38787
42362
43421
45403
46113
46617
47680
47720
48563
49140
50499
53304
54842
55054
56377
60352
61021
64633
65761
66789
70396
