198
13
15
279
11
29
16
17
271
15704
220
12
18
25
510
321
27
19
14
20
21
369
23
28
1510
22
264
24
63
318
471
1628
353
26
310
735
1892
424
8
4110
328
2972
303
383
332
91
364
760
524
248058
248059
440
1381
421
4148
53481
394
248069
248046
748
561
38294
579
506
553
1
82
478
513
314
1137
681
77
874
1132
593
494
466
430
799
6
283
359
7561
411
79
40
694
1542
27896
33
20759
69
1518
68
43138
4955
28408
2914
790
1990
262
66
290
67
976
1179
65
1558
1865
498
85
87
64
17674
20668
1141
660
1228
449
80
682
7402
9251
4
1118
6231
17587
59
76
1715
8445
44
3614
11411
628
16058
286
10494
1752
334
557
313
491
4548
413
4581
2582
1056
763
926
539
48
1428
74
22326
11069
343
1788
2400
944
27653
791
5454
1901
53
956
78
3756
4101
980
20619
6971
1167
725
1528
3618
70
2107
6813
1727
2450
1330
285
728
60
1395
1074
3835
86
57
36
311
55
83
487
4162
488
6454
72
4532
2600
62
1345
1723
1716
75
381
1396
1001
1238
3082
668
2136
348
20633
50
52696
14934
914
1174
1083
678
92
1521
3464
1440
42
5721
653
4598
287
32
864
159029
38
1870
21966
18710
71
41
197
2349
16451
43
13050
829
393
357
54
56
5642
256
1590
3315
470
51
35
1627
6681
4884
39
4182
73
88
15865
4277
4706
37
34
10
64700
89
1973
1534
14629
8198
6942
4393
1970
5983
12910
1048
8313
482
2294
9
866
816
4722
52
23513
49
47
6297
17566
2250
567
5608
20049
2844
5434
2272
1284
793
828
1092
948
274
19088
81
1402
8097
2075
2805
5346
11591
599
9495
12513
5099
45
2019
11988
3425
309
1172
325
1049
10399
8602
4243
27718
10741
13745
8213
32773
1765
5008
92217
6558
2218
1822
632
2195
1066
4006
1301
3515
84
10280
1472
958
1719
18295
600
7652
884
7317
469
33389
635
2552
4434
46
9845
4370
24822
363
4779
2426
2923
10206
15728
403
6149
1902
10604
1503
2233
1669
8057
18649
504
7
1220
3286
30
2496
326
777
17237
2308
3302
795
1067
641
3669
1754
437
5972
27327
476
3336
1782
2100
6761
550
35426
2581
9376
13540
10562
3482
11158
4880
25499
9239
680
1724
58
28336
1042
999
13092
417
32439
333
1000
2083
36066
3136
5331
3808
93868
1350
1070
2468
15400
1061
446
17044
1608
2193
5224
768
12333
380
8484
12558
821
9575
2149
1581
1676
877
2713
3404
90
685
361
5036
2526
5213
3421
3817
6560
1017
3359
1328
888
1412
4961
6125
40121
883
871
31
2318
8015
4954
16655
2738
7838
10419
5832
6922
2235
3749
2943
7465
2715
1770
31930
7174
4691
406
4021
636
10442
5691
11361
2222
716
4490
9341
48659
1332
5893
7478
2503
1433
1065
1142
523
462
1562
998
21867
345
1414
8871
21059
836
1830
31338
261
4560
2212
1245
53348
2481
9038
3578
11715
258
7824
54586
1236
9705
854
159034
9066
1607
16401
16384
3074
1500
15135
1004
1773
2980
2
2444
25258
10885
781
9640
272
5904
1088
6830
4924
11269
588
11135
20068
2361
4203
15734
2313
7099
420
23185
1845
7620
6891
2397
6000
307
1321
1960
382
7888
18169
3357
2721
1817
23703
3575
34993
3689
344
5637
2957
1622
7594
1483
2764
2081
804
388
4763
5046
6042
710
426
2166
387
7629
2725
24724
9209
25710
974
39046
4125
4336
1103
3309
1981
293
7374
9679
14944
2759
30293
59860
7167
6129
15705
1954
43491
1357
8851
2794
5072
3983
2706
5350
436
6513
2124
4100
280
22258
458
25170
10582
2424
1368
281
673
38708
594
5285
5728
1144
878
1354
5774
3667
434
6505
10836
33686
2583
4417
74927
378
27370
23683
652
51860
713
460
2695
15511
44876
4757
350
569
342
16985
2243
4161
638
1411
3591
95294
11147
663
12083
4494
5467
3274
3172
107
13983
7873
911
373
1002
6937
5165
4220
7294
295
43143
837
835
46930
6575
1593
4252
2572
74021
24816
1844
8418
4181
11241
8387
1481
1156
65244
4534
414
20335
34271
5144
867
55821
13933
3773
9537
8442
19896
825
1675
5533
4775
3108
27502
3604
443
2394
320
1302
259
47953
787
5307
25045
5639
15953
464
38631
1248
2086
4276
52965
5492
7320
548
78902
4619
6040
1324
93531
809
22424
2949
17464
1852
7278
5614
5883
975
625
5787
427
9966
803
5257
42903
812
16134
22521
263
351
15464
591
14905
9969
1467
765
1442
942
11258
1653
4711
33877
5039
76926
1495
9284
6136
47944
25459
1532
6009
18081
11969
5222
2144
8434
4862
9802
5128
6951
2018
60723
45366
1879
2741
5917
6277
745
3950
2164
1733
9155
4613
2129
31789
3141
12351
423
15339
544
9163
34032
26750
4062
1149
10098
3
3860
2629
9665
4774
6507
1761
1406
1151
4808
2324
586
1189
2790
2640
30918
1429
22188
1856
28109
2531
3070
27044
354
5020
995
12168
2022
5478
457
7141
1318
9584
10708
12654
277
22749
15742
12283
64977
1639
15243
639
31038
2880
8997
8798
1906
9463
49300
23331
3242
3564
9653
306
1667
21402
3481
6121
4097
2610
1040
5138
12755
1987
18910
15977
2480
7786
9345
6171
19503
3019
3147
2393
6992
5428
7916
6596
2691
5010
6676
8836
26622
36940
6750
11378
2448
1079
1698
60363
2560
18588
1877
68508
26384
2255
8516
14943
12882
4433
63683
2665
33702
11823
4087
3833
13205
7072
13769
6473
11436
4557
16456
8390
4520
46120
9626
12019
3133
908
2353
29183
10429
10839
17225
36630
32671
4947
9964
1994
1919
1780
1652
275
14542
629
2050
4587
29551
37993
312
13942
1891
1610
5861
43697
2543
2716
1133
3160
5324
3296
34773
48570
6999
365
886
3712
7455
1732
4625
578
3213
739
587
1602
10457
19652
81726
14040
5148
2842
8232
15797
1705
7440
18922
830
5617
1898
2359
13962
2094
4687
9888
40161
2624
6228
4416
1917
11668
5484
2857
1459
14836
4501
3568
1484
30091
1223
1942
2047
615
767
1783
4147
4661
4936
10204
17515
1362
8705
1375
3165
27011
18516
4221
1420
12204
69856
3179
6857
8702
7249
1425
18035
9956
851
13914
6326
6849
2404
10255
37972
2945
16526
33902
14107
3813
80277
3977
3393
14992
12100
273
4590
2336
11525
3008
8934
805
11774
473
40701
21610
5284
4566
4643
47094
3126
6820
402
22542
61732
11496
284
13224
19913
3394
14835
1436
15816
1052
3728
10223
9885
5829
11312
52434
2612
17030
9834
1944
2577
12864
2133
3648
4138
4202
9253
8978
4516
6526
2483
606
19842
2061
6052
913
338
25286
5097
7176
574
8028
2660
989
2420
2892
1379
14192
1439
3150
8318
585
3563
40988
18834
26946
27784
21113
2428
1120
20105
1331
5915
5215
977
2708
25586
4874
1204
14590
18100
43765
978
5830
1799
64460
44900
19159
1786
22756
2843
2000
7077
3325
951
2002
714
2961
16338
9218
93
516
8976
44829
5354
9699
528
4274
4120
9502
5621
4965
9976
493
5122
4860
850
4131
61478
7225
9546
5016
2905
3520
5140
3254
31686
5902
10020
6576
4290
6381
7658
14371
4821
902
18252
1441
1918
269
1496
580
5418
6220
7515
23443
3387
49198
2792
1267
5604
10535
12997
37978
3069
720
278
659
17743
4944
15321
4222
4106
3721
5772
562
31659
840
12715
1250
11540
7154
1455
3166
7920
292
25689
11960
2261
11553
843
2551
517
736
23314
75370
984
59056
14733
4778
48184
31626
6607
29456
5055
14456
1609
294
71802
2902
1920
69892
2253
7019
13759
4272
869
14717
57208
297
1272
10673
8412
1452
3799
16547
9064
3710
265
3154
6979
11176
708
3065
5111
9764
2597
2224
23338
4937
47733
3577
12669
3502
55404
5077
51976
29752
9714
12182
5392
18184
18479
4035
8561
3778
17181
17120
4045
5436
6713
16757
11046
33586
2228
68022
2456
6481
6568
558
3305
496
4238
5860
3238
4679
24693
1076
7148
6126
4565
3063
1618
391
61610
27293
1787
670
1560
4920
1262
6699
5187
7810
38191
9307
25798
9884
85679
640
3037
12149
3559
9722
1644
1021
3921
6982
1062
90448
3059
42481
1921
11280
5979
1060
55249
9019
9770
45309
3051
1423
8996
2306
28253
1146
4472
6486
3889
1881
1543
1353
32675
44646
7274
2297
6283
10184
3431
21427
3727
3655
5237
29768
4487
79114
14212
18468
3697
2817
1785
1104
20060
10968
10168
4066
46773
9306
1011
58426
5593
2263
9646
13280
42449
29588
4754
4523
853
13926
1873
6763
1170
6784
11791
6673
71570
7807
7055
4543
4795
2439
14392
4216
1140
1791
25423
1105
15184
1551
3840
57242
6725
25773
8006
10993
81787
4618
3377
12642
23129
30456
3498
15015
3129
2506
13715
3988
409
1866
2785
54802
508
813
5565
3370
10713
366
2702
42232
14159
3725
2213
20827
19014
12619
1650
2944
5839
8380
50966
33233
26380
2962
6337
3294
11249
21360
11782
1323
6053
2069
18913
4639
32524
4515
17856
1833
18997
5106
9944
2605
13282
45328
1143
1095
41042
7929
931
19315
4331
4351
880
2894
38139
10014
8083
4368
48804
2730
1910
13139
24490
349
55856
18336
5409
8981
1834
18258
49835
1824
1617
1304
1159
4129
94497
87301
24303
6007
589
23985
22028
1445
8059
12076
5339
467
19221
17830
7250
12964
723
8457
3085
534
11639
28274
12485
819
20003
27222
23046
21979
24297
4156
12977
1148
2454
19954
31265
12443
9830
53857
327
10890
3955
7899
10379
1876
3521
4528
8712
367
919
19942
1288
12305
2357
21050
49869
28873
7014
709
17404
4786
5362
3349
2548
2381
2737
9919
27686
778
5134
6907
1152
1603
3974
1536
10481
9101
14469
3979
6747
486
10383
2803
674
48855
8928
21568
2774
2099
48372
13764
11319
12089
40352
38068
802
6679
3043
42634
3644
9191
3608
1857
15227
9801
3371
5158
35718
3222
7318
1658
9687
61
1325
10853
3849
3470
5817
4054
21482
4257
12692
331
34098
2528
40387
13315
1113
6608
31984
63881
21531
25165
47241
22651
846
21118
8771
7189
14060
58655
35464
703
5435
6572
18541
6649
5653
4953
15922
5732
35810
2492
5426
1896
8806
11396
6618
6516
20735
12262
26864
2933
2677
11189
8379
18716
5759
19645
21814
3376
925
12219
31230
14813
9238
1801
8570
8869
15756
1349
14855
973
1784
11504
684
5353
56485
12311
55267
8677
7968
15197
86882
27864
554
8307
3750
1527
759
43072
3240
33931
12217
28121
10298
36367
337
3619
8240
4713
4479
4117
697
76478
15167
14586
7415
7559
13038
59934
1574
33671
11116
38766
4466
3237
18673
2037
11857
2407
27952
52838
49464
4749
50921
435
5150
1916
291
24834
80523
2781
7739
12105
18020
36597
26370
25147
477
12584
7123
3437
305
362
1925
12688
1831
23285
4676
4424
2031
5359
34082
2586
9103
12091
904
34577
4799
5304
537
31128
2663
1576
622
657
6672
3134
2024
4034
2200
5666
6602
23014
4562
535
1661
49133
28928
33633
19318
2095
45061
7937
1988
16240
10756
6645
6439
4139
2530
17815
5084
1293
35260
49219
429
5332
6015
28953
2680
35494
8060
3035
8404
7481
13948
6631
6302
8129
4570
20568
4005
1957
1657
13744
40818
5281
42412
8852
13453
1985
6745
5048
21685
7948
5686
22562
7560
18261
5927
751
2849
1257
3033
1927
20952
1965
529
7764
267
20392
4599
4694
7428
6250
4128
10872
827
8556
2414
7793
84124
20635
565
17872
898
46170
10146
61758
45759
1760
6564
25552
67447
14197
547
2879
17241
2064
2606
997
371
815
8742
13553
34534
2433
70996
25971
13556
519
14658
9167
188912
26590
20480
44199
696
10964
5615
14273
1992
10923
33093
8058
12954
22449
10649
7262
1089
25044
19633
33341
7458
721
85597
7545
1764
8772
32961
60404
12636
53650
3105
520
5813
9063
3545
385
20139
18420
514
15766
3947
18583
3870
8211
4881
18950
22468
52726
2171
5894
2573
2523
25137
1996
7087
25860
1597
37116
4559
8750
26613
59463
59286
80939
7393
26388
1691
1516
10650
12876
6027
72115
18023
15686
50896
1803
416
31997
14648
4610
9775
5069
11223
2446
36076
596
3285
34580
9663
4939
1630
64561
4418
10806
15574
323
1064
26820
8363
15697
9812
1453
4621
35007
61369
24911
8660
21426
26510
6643
1344
2800
3476
41490
3289
324
1679
25804
1554
3558
24092
11533
91689
341
5730
24207
32561
2739
2267
2756
34131
2594
1126
22743
2077
1825
10121
731
4680
27415
10485
35435
15862
2871
9761
6729
8341
5527
2284
6829
81524
11447
16347
7081
15205
3964
16936
575
19767
732
5413
5722
5805
59610
12524
6131
16826
605
76433
5638
89304
40355
2340
906
3451
30855
14322
22281
2387
15796
266
57552
5115
8026
38200
3566
5758
11255
23895
12482
5752
3276
542
2020
304
4577
74988
2231
3041
730
19712
8454
1802
65526
9325
1458
26863
32471
66114
268
24987
69961
7131
31092
53269
6459
8955
3140
3443
11406
44125
48603
8217
34929
3609
2343
13232
2977
4275
658
6025
2280
20089
85683
37514
3555
56415
43251
32881
2639
2908
3299
4942
12611
8306
26334
2937
1371
7234
19013
1387
13200
11717
12368
17593
71093
19226
788
4868
4732
7795
8019
74533
1211
646
17158
1401
62807
33129
13329
1012
25020
37441
1809
4374
25546
14387
4493
1690
3364
3162
6741
10811
299
9945
45391
49125
24358
9586
10926
4885
390
4191
2168
7840
5743
11222
17591
13881
3199
3900
7832
25530
33283
32147
10433
1806
11039
20112
31088
8481
54102
4237
16243
11870
442
7575
54087
45924
17655
38593
5951
3269
3822
12152
7917
22764
27325
61794
415
4478
9020
66350
13514
72349
12785
36265
4003
25427
5524
23437
503
4431
19287
27437
50319
8348
17627
32766
24438
17759
3679
288
38176
13432
2330
4185
7049
2342
10834
14751
72867
68169
1249
26653
3992
24993
11330
4906
2515
8882
2192
2491
9184
8540
13176
34071
5375
4718
16520
2374
300
91484
42463
2993
82419
1968
1380
26343
784
64941
25293
10390
1479
14103
39125
1027
20738
3040
10287
79476
17066
6483
724
20641
505
9416
14519
23191
5073
577
3402
20923
907
31097
10970
89681
22805
16126
26603
762
38606
1139
4465
31105
41954
3354
17038
2645
9082
5373
5368
71946
11665
5975
316
1265
339
7106
370
58196
4456
21124
8794
43240
58873
8439
26532
3384
1858
11433
53916
16417
613
15402
10325
15328
1448
14014
2438
11256
10534
1541
4886
56320
26681
10083
20407
52642
14166
33295
570
188460
7875
1063
3512
14304
4800
11325
7107
33993
33869
4343
7800
3158
2135
12103
38591
14208
3181
75717
16545
1030
672
77506
2131
3661
20359
37998
8453
8187
8574
3110
16350
11036
75336
44250
5031
2202
7789
4437
9242
1469
7199
211614
9226
5469
19707
6004
6452
6472
14870
3050
5252
17820
2070
9485
15752
5757
38641
10263
4771
3720
3743
4108
5555
1860
789
52141
80265
8734
6983
642
5129
52954
17574
7484
93435
5474
20123
3184
19290
13928
6925
10897
2138
10505
841
64241
1552
2390
620
2388
4592
44225
4688
3337
11593
1654
28293
5471
17469
5953
50371
22371
8366
38710
4300
5365
2072
29594
29254
17011
2442
19039
276
55976
45276
2958
20100
722
10031
94085
3378
22910
26137
2921
62930
10966
50949
1203
1537
1117
4225
20341
19603
2830
6195
623
946
16508
13007
12401
26865
18394
4055
3595
8796
2592
8611
7993
4844
18612
15214
631
5323
10774
1145
19114
11315
33270
13766
21010
51187
7330
41331
73250
16184
9146
9712
923
11218
34725
20791
9522
51556
21283
6304
24563
61485
60838
21921
2873
22845
8985
5372
3842
52562
27867
17312
11946
727
11484
16275
7345
1575
61841
58646
2109
3638
6420
20368
18276
12952
1471
8070
19072
11173
3892
28133
797
3668
28000
7434
2634
73299
60052
4056
13779
8210
74155
60002
9141
29655
1043
1366
8868
1015
1757
27228
4430
6311
13984
5091
71662
5251
4876
2128
4879
3311
3912
2604
14619
80255
6103
9468
9973
20245
40551
895
1407
3462
9592
11878
12943
9150
9153
2316
8646
7891
13797
8866
18828
9192
3765
5242
13016
4299
887
40890
10530
8610
257
31941
6522
19556
3459
6001
10480
10661
23310
11007
4546
55877
733
2179
19455
3054
7135
1928
10548
3445
2590
9257
31838
3397
79852
3683
4186
34586
21538
2569
5384
2911
20182
8020
13094
692
14791
729
2621
2846
8371
1165
21031
12068
17437
4454
4307
70674
12594
13864
1512
687
94307
21835
6957
447
2074
3847
26324
15588
386
11012
14145
23956
3733
1673
85950
38144
4841
14861
2205
32335
57381
9668
220497
25681
7752
13550
12237
23016
18473
46925
3772
3436
31799
42466
648
75724
95235
1759
25716
4089
4344
9930
18211
2034
24460
22792
10856
78571
8785
5132
42159
22007
34445
26259
1394
24881
21853
32907
13011
5530
20269
7500
1319
66532
499
899
16683
30494
16944
1264
5480
5981
9849
2744
27674
1848
11814
3510
6767
22728
21333
12573
20971
10739
16924
3798
6843
1478
18677
14429
5287
939
2332
2309
5887
6060
1846
3173
37779
9581
53030
18532
11040
74451
25903
73399
6601
4291
5734
8046
10281
3449
92942
38012
15700
3625
48470
4072
8472
5486
2413
43190
36416
3841
5792
1849
45025
47712
2301
5226
47785
35473
2534
5041
4088
37574
5057
55619
22149
737
9110
9197
26554
19441
1519
11291
7544
592
39604
11352
3131
5999
7701
11048
4603
1200
2143
10732
2829
12849
9030
9023
32224
7244
7551
4602
36059
10186
22597
19612
41973
7190
61932
60282
1240
2653
10213
16764
68362
71404
4536
22806
38729
9469
23311
3029
14384
738
42529
10639
8563
39972
2121
17723
58377
41774
21295
189551
10087
7776
7936
51790
13749
2688
15406
1777
30192
23825
24919
490
25865
4341
17189
57571
7862
5458
34728
20413
2117
5876
2046
15377
62411
28177
1024
51103
7697
81307
10592
5200
43318
1599
32419
2561
1352
6107
691
45543
8127
16050
8486
10583
20362
59144
2652
16602
1235
18794
9766
1307
32332
56004
2348
3905
43874
3719
5799
3853
7472
50615
63520
16759
3915
2311
29331
33289
3369
12366
17938
3525
10128
59419
401
18483
4317
1509
2068
29653
1006
1905
8699
29310
1687
24459
8626
17068
29715
69764
25128
400
43870
47248
21166
15213
5629
25598
24559
847
38797
6008
51695
5499
2234
18842
55101
54476
5497
10172
1591
329
7788
5272
18989
13001
8751
50977
7945
51762
22260
9412
28185
17199
11721
25241
16975
27245
24094
9496
17529
12417
824
30571
5404
4396
917
3611
7869
18069
3658
28218
43555
1426
14408
20804
23522
14991
1018
9988
10804
602
36571
72346
7438
63908
15484
25851
7878
8884
7385
4888
90718
55580
39811
70371
36022
5944
28609
10424
4829
3899
7926
21362
2445
814
43523
410
7062
298
4304
10672
51088
3307
25250
23853
2119
31086
4439
47960
1686
47696
17565
1102
2021
20473
28964
15449
18030
3022
614
13545
32814
2423
1054
2918
19413
13322
4584
1206
24797
54254
3571
1138
4489
4011
12655
22841
11031
2484
7949
8977
8509
79417
3047
5003
10517
25663
18890
23697
9046
17086
701
2010
1013
18118
3049
7016
3200
26080
52992
15579
7018
986
14773
6862
9417
7054
560
9175
35971
7129
4000
4262
23410
5211
4660
1623
25331
9727
15123
81294
3255
8032
7021
13870
76530
7494
31355
10102
73595
6948
1596
16312
2997
889
12062
1959
17397
2469
25211
18346
20382
2085
3016
11093
78161
37906
3106
19581
2876
6687
16929
1702
58621
30143
11835
28530
42181
4672
22222
17458
2763
2029
61781
2599
20385
13746
26156
1666
3138
5364
5206
296
1259
2147
5605
21579
39141
24102
7602
58118
0
22005
16609
49282
2327
3882
12527
6901
2984
21061
5302
2258
1463
7047
1795
428
4486
1696
405
2437
18685
22898
8686
71590
1815
10125
2904
13343
3793
19214
2925
13403
5318
39277
11220
3531
35232
35678
5227
15578
13858
1271
10793
6435
13279
2967
6945
6354
44480
51319
27443
8166
1748
38823
3203
22247
2717
559
22090
8818
93067
16060
5601
35755
35302
4443
18944
9500
13668
1535
3622
1546
20908
3446
22663
450
31579
13235
16620
4744
12931
48213
11246
3139
18108
1908
7525
5344
2823
6237
1044
4842
25284
1683
25277
82253
75600
24101
456
1029
5081
11205
8339
9989
10195
704
18377
3117
1110
35538
18188
4109
5698
1212
20309
6392
11961
22445
3790
3511
11886
12164
42572
10598
3812
4950
45398
15382
41784
10895
1932
23716
17761
3641
8717
16478
8289
1804
1446
11337
4384
12851
4058
29133
2204
58496
7700
76787
8552
46928
1435
78795
71565
8003
2325
13522
41728
3284
88064
1010
3278
15141
1648
23495
374
2198
47278
1662
14385
3522
5171
40179
611
2788
6157
33539
5576
2186
10092
3438
1243
57532
28098
45369
5038
10289
4578
58469
35414
11712
11573
57409
6343
1555
17448
2302
3010
31766
961
42812
22783
3102
11567
15417
17600
8047
24733
2148
15250
28241
21849
16318
58740
377
41760
18509
27841
26123
17771
21736
32160
7598
5599
27467
19674
23856
3287
16198
10911
3145
4923
70901
69625
3497
19710
44675
5137
64072
531
18089
3645
1303
3186
55131
27335
11324
11402
44192
31442
832
22465
63492
16525
1014
18036
5186
22284
12317
15808
12277
26299
3291
9221
689
13657
3827
6054
9476
43388
61170
21363
19536
59537
73039
40819
3072
73455
4973
2519
9740
39017
40181
4306
80360
13909
6759
9978
10932
82248
31076
6616
4030
4992
46348
64813
86514
2059
14372
8670
30125
643
34941
3191
11930
20011
7772
19936
66793
5987
36879
988
26157
7915
10174
59218
90563
12748
39242
24927
44555
47622
6282
17289
75021
3196
61030
922
31547
28263
17638
21729
13468
18826
3810
16577
8754
13973
23554
9971
3440
5523
14095
36358
2041
9077
18009
15903
1224
12771
22629
967
1186
905
7042
51586
37799
6243
2798
900
11198
24265
2096
34810
68163
32002
70534
28043
340
28603
31445
26126
2909
2376
868
38503
1660
2465
40527
9997
7813
7733
59493
5022
2678
52062
37379
4483
13238
25503
3807
9212
51216
3234
556
22294
3895
25343
4791
2153
10902
6726
25918
13736
9571
5098
40652
6995
1926
3023
24862
30205
2532
17498
35901
3468
3752
81189
11394
38806
10162
47501
5142
57171
45559
1340
20169
2723
5736
28707
4458
13336
10695
13211
8990
2932
34944
48868
10539
463
24734
35126
9856
4831
35980
70012
30218
63393
25700
8786
5853
4071
1611
5946
45663
19152
4670
81589
9434
1022
7867
4188
8725
49625
31062
20086
16137
10024
12719
50209
346
3244
1196
72473
90174
45702
308
24530
51797
2922
4093
12459
10691
11974
2053
8844
16874
5059
24197
25252
1923
17171
8152
31315
1647
24037
3796
2321
12205
17425
6386
24813
4945
23546
2942
445
4918
30576
29292
3572
13704
6151
4119
15814
22419
33241
61384
8635
50572
1201
61643
3858
6865
12906
10502
46398
485
61002
67375
6918
6632
806
1315
627
5170
9089
2850
8259
2513
39219
8757
13963
375
2939
3989
37309
61911
1958
9084
10027
5646
15098
5014
319
61161
12650
55687
5535
4429
12272
29094
67418
21132
36354
13405
15784
9283
2466
7365
9398
21716
83081
7335
52175
2784
8661
203684
8545
6158
20122
83712
19586
37710
11925
5068
1171
4210
6260
40393
2518
10478
52907
18221
920
16876
8280
12709
65975
1210
13808
3314
6734
25600
6198
38875
51372
16829
84828
35845
33256
2982
21766
15773
6635
40987
1948
6396
26824
3480
16866
23299
22151
7462
18810
10331
26785
29951
26355
1887
9990
3155
2940
9643
5303
3095
2900
14830
75477
31961
6835
7611
7731
7336
6154
608
45938
36501
4563
15861
14086
4425
6881
22512
949
43314
7147
32848
12025
71520
4392
10156
4009
15886
9017
28627
22330
55955
20653
4422
6860
3826
11163
10458
719
7842
11618
3221
30566
31084
10436
3469
8239
54703
22267
62143
33582
5182
20580
5788
52549
20172
6248
15175
6588
5164
84452
12495
17481
12104
1744
14762
44925
1728
9353
16717
29327
633
5
20671
6696
20678
17311
33807
6258
30982
59364
40693
8678
856
6259
5157
37794
1242
8251
6397
993
3758
49948
5600
17642
55483
18082
1767
12717
4244
20630
2354
6355
23157
2007
16070
44564
18652
4105
571
16870
2329
5259
22627
11292
839
19396
13044
2006
3953
29643
43797
10196
11693
12965
3061
3804
1176
16899
1373
17854
1438
57043
23810
9947
48753
7520
8668
5176
16000
41403
3125
7683
8214
16484
42465
1068
61036
6530
11605
16022
40912
1287
10378
2865
226699
3256
20174
41900
4406
686
501
26079
18400
29012
1651
6758
9009
34261
47096
48267
38895
6611
940
20934
78747
9403
1977
66762
2559
2429
40889
88013
11140
18054
1025
51515
41306
46283
9393
60851
1071
33893
2736
4324
28128
18788
19041
7359
4435
12585
12241
29997
11240
5657
2895
3929
2113
9799
68914
8535
2683
4751
2985
61507
13263
754
16298
59865
40290
3506
13996
12624
29031
29533
48409
842
8968
9573
30237
9069
41223
14671
23065
5488
53007
21094
347
71065
38334
65552
29554
1680
12037
13854
1797
22327
6518
14885
8334
47224
9807
2767
17172
2073
26699
29877
335
3032
1745
7289
1274
2641
50398
8557
1753
26984
27483
47366
9136
31130
15676
5374
3513
24868
1756
9455
1511
51948
4752
14996
54374
30800
5102
25730
36203
3903
28341
6599
6038
11128
4409
4473
30203
19797
40834
4696
92640
19910
9290
28068
4471
12150
12195
17607
5167
12805
2686
11121
25181
4127
3495
5383
7071
15162
52919
2915
1086
52953
9599
88461
58366
29964
14520
11087
3433
48684
5064
16360
3447
6587
322
1548
1533
22524
1234
8887
6966
13264
7589
30882
10327
87317
1209
3417
21114
9923
330
25557
3533
4623
10951
3312
18539
25057
21609
26655
39100
47756
1616
2490
13866
53276
1828
45850
7734
896
13646
7090
9991
7297
50346
21278
30319
28079
5445
25532
16779
18559
6791
13640
7718
492
17102
80832
47302
4442
77450
88783
26289
3874
19959
1685
40541
1178
6217
4558
35169
5558
12261
2126
7783
26502
11064
34519
36397
84810
10545
33793
49992
4682
11229
1100
15078
35141
29440
22825
1091
23375
13259
6859
12948
2643
70307
7497
1619
20152
22598
1816
669
1634
69295
7421
32387
47354
27477
549
10304
28286
20922
20868
55338
1053
9559
18084
7041
8145
3282
3665
13262
49223
965
15016
14834
18499
47090
19186
2718
2279
24795
29793
2512
10159
4334
56555
7139
5313
31103
16947
17789
37476
77036
22246
17377
18022
3938
9840
9144
37885
20733
15239
60876
38643
27881
78533
24382
19025
14109
4310
18770
16161
5312
7334
15572
27757
55091
33791
8205
10677
479
2981
4794
26103
2110
21408
12563
55157
23967
14165
3127
4802
1936
18364
1347
7276
4617
4990
650
68351
87996
5236
3754
2674
9308
12955
8120
7634
5310
8804
8204
41764
11701
13534
31826
1237
83019
15440
32133
2685
41632
3662
1864
6170
2752
45299
19370
7636
24334
54577
26731
7252
64686
38045
44868
6206
7896
17509
1050
2174
62117
512
13340
6238
5545
3998
24865
26850
7976
26516
46316
9378
62985
18942
21851
9461
3742
19515
30373
22235
190632
2216
10426
15029
2992
43117
91480
23095
16111
6112
10474
10999
4346
2542
3496
192398
18763
11171
664
2591
41933
74876
72414
33829
7911
57535
8553
533
8243
10917
17541
982
35125
27073
87941
15906
698
3018
8863
1364
35790
43141
21250
1989
7035
19481
75314
49558
21500
22882
45344
94394
15673
1966
8209
2556
1112
9261
448
20788
89781
23022
30835
3367
9959
1502
1404
17904
77870
28528
40337
38892
2251
67973
6487
81183
40040
12740
43494
30854
12640
82431
50548
10029
17585
2617
8410
59771
13911
228962
5948
1393
16037
13026
29587
7025
1026
27692
58755
2673
7283
37281
79816
37107
2536
62047
2288
62134
25419
1743
11999
2818
30263
11096
7321
44920
89331
8068
9215
55046
12756
2425
4165
706
16563
43967
879
10660
36602
31663
3985
47789
3122
4667
453
7230
13000
7977
78440
62381
8033
14886
12784
8770
28450
9542
44424
2891
27028
33273
14803
11407
11776
786
1763
4505
82363
19899
31162
24578
14388
32751
41339
3579
3401
20609
10723
25711
2283
6065
13402
1251
69402
16679
10142
7854
3488
38049
36268
2666
3491
24660
78361
11354
7606
8932
10743
3771
9967
15318
7324
7379
56905
1547
25005
1290
11879
8483
28958
26527
5363
12630
3896
29222
9692
32579
34523
3738
9299
35288
1485
15711
39135
5706
6463
20624
3927
23287
187113
18083
23210
23214
19547
17572
11871
17503
89383
8225
1020
8618
33911
11316
54962
15604
13239
11013
31271
92844
14190
8173
41720
19900
93409
5536
15702
87363
28495
26637
37825
50861
4530
19367
41882
3786
24938
20589
1888
1361
14472
3615
81437
43900
1672
41179
826
10954
1646
7563
13635
15707
60277
6964
10845
15228
19099
51248
41182
2470
3759
47029
1506
11183
6365
17758
2232
41793
11511
31190
23571
1515
4477
2658
30211
396
1456
4145
10185
621
6851
2319
14711
2675
408
25377
11483
59538
71481
7290
5674
9781
70246
27723
27868
65473
23402
10633
552
1386
16086
3686
20007
23735
1473
10250
26062
9104
16154
57065
19524
36774
1341
10938
22887
564
19765
21578
4025
11268
11454
7060
21106
14908
4780
2036
8680
23582
20260
45361
34988
2011
33110
71981
6738
8311
7268
947
12215
5676
21257
13102
7210
47781
35707
56059
3130
18425
16894
35887
16682
41587
93720
8924
35716
14548
7116
4115
22973
50808
8755
49077
84811
1114
42613
598
11900
25402
73589
6047
45277
7248
6711
8162
3361
9755
5483
26808
77397
2521
23251
44095
2430
23304
68777
27367
21916
8732
1077
6133
77991
10258
33625
22664
36974
16995
13849
15999
6886
14419
11949
43953
2998
39342
64174
5515
3788
43409
44341
41689
3405
32783
23086
17873
18817
10616
3663
94411
32288
22948
16465
19019
25715
901
355
5708
6974
27372
41647
13213
1466
84441
8749
14195
11421
1682
22171
46987
10709
61520
3580
4716
28493
8906
42427
56671
43166
6900
29809
19763
36100
4727
12266
9272
37384
15699
28767
15264
13946
11393
18959
3335
4575
49788
2632
4777
2603
50355
1192
13662
9233
8566
9331
43303
16676
78080
12389
14246
2589
33303
68023
36884
12156
59929
59933
7586
8758
2090
2421
30805
6418
1924
352
1333
21556
11603
9813
5878
62305
3708
525
1818
86549
35430
15771
41606
46192
8207
13332
22863
3392
3067
12993
7198
19095
11196
15089
38116
33117
4671
39147
955
6333
18937
3301
9862
59739
58558
5602
22927
3442
26661
4047
2493
1187
20554
22324
6700
6105
771
7095
1659
6379
1121
5976
11177
19174
24141
11898
4766
25148
86725
24272
60239
1520
6441
9711
1356
8944
4545
39358
2176
4531
28885
24526
5334
3537
12506
56470
9504
42753
2887
15234
38411
5910
3627
8657
14623
770
42668
9721
14760
7664
981
24315
4268
12877
20771
16964
360
13233
2504
4736
35704
38959
8957
7280
13039
5628
10229
6498
11174
9121
66420
42849
25478
22242
20010
27853
80331
1160
11510
9889
48043
12567
852
7156
46564
18957
6804
13427
18212
49419
10729
16201
31324
40751
1246
57513
20364
2878
8242
11800
8862
21575
19321
30917
4689
1798
10288
5443
22858
24725
32449
46854
12238
1559
5836
8845
15395
46197
26703
21473
42606
24890
33464
52924
7285
33662
11293
29322
5449
10232
3026
4313
31456
282
12503
6078
62837
66186
1742
36001
4158
18500
3024
189816
81347
3152
289
52847
27224
76698
2044
8099
38663
7435
46142
1841
9628
2260
4255
3639
43265
8389
9358
4833
2248
10705
49942
14090
50199
6980
15196
15043
7765
33848
19306
42873
39004
20785
8880
22958
438
87709
4507
82094
40846
3193
1188
6795
16036
4595
13081
2477
6744
14565
7247
35140
11607
3109
10039
85811
48326
2259
87567
17313
518
30422
6866
69777
43168
2402
2189
29648
1730
4601
3850
10220
12937
2845
1867
397
47866
30140
2953
1781
45863
3755
13129
16253
17548
5245
22219
18232
3677
16673
15058
20163
30406
11112
20808
5532
8848
12381
6702
4496
35885
27984
4827
6669
5283
52783
21297
667
28049
32260
2101
4535
13398
70320
44142
1946
8554
36584
53683
19661
89695
3654
2956
23038
3275
48998
13518
60217
35883
24900
4863
1835
4649
1451
34608
16095
6707
6082
5456
28486
5995
1684
10766
26777
6656
5658
30096
24127
23598
5562
71881
13161
9100
64913
35748
25659
2392
13254
9400
37613
61689
5330
84212
26539
11250
1829
36962
13784
1643
21103
4122
1019
25157
45447
1549
1005
16168
76512
17978
13064
20367
10052
1268
8282
1569
30245
8598
34872
3340
1106
1057
64490
654
37707
25105
14783
10997
13240
8645
5751
3514
61738
78074
22440
7698
41278
54771
1501
25880
4345
10985
10699
22902
5781
3163
2208
31363
6570
8153
3753
5517
78253
2635
41195
86779
10846
54275
51179
3561
16823
5574
22700
24624
2545
65937
8937
28428
5402
23075
28685
1277
14264
8200
10636
19260
14116
7799
23194
7410
26003
14330
81385
3079
6176
563
3999
17936
1227
40359
15007
11051
6818
43853
1311
5978
5947
21549
39978
9734
9067
3219
11362
17297
4729
77719
5391
9028
9859
10533
53310
71842
741
16471
77028
70575
20834
63853
7732
10337
19150
4019
17755
25333
2112
5696
15170
22200
47959
66590
7151
5598
14895
8476
4970
66854
17111
74909
2427
13985
4666
8142
70040
2822
25187
39565
3310
11691
13185
87470
1893
7063
42177
3702
4296
12707
5834
4631
28853
910
8276
10403
13138
785
15501
4851
31528
10460
14601
50802
4098
31995
54205
20731
29202
936
12749
37529
7830
10033
4239
44485
42103
34700
16753
42452
50985
25628
5934
17550
12816
41832
395
28599
2538
21292
12013
8001
18533
22285
47675
18417
2338
2731
40420
87190
4758
6298
14445
8469
2009
40659
29478
88635
2579
21700
16092
14234
80806
9321
3599
55002
13772
6214
68342
7059
2441
38442
2372
5767
60174
8761
2084
18018
5095
644
31404
49252
30394
93994
28003
2364
44839
6207
39850
833
3949
4391
1884
35931
35358
47774
18207
46343
11490
36790
13515
3726
4958
4673
58980
95095
16305
18941
9111
18356
13965
4935
95242
6117
5553
31287
19579
68051
11022
2270
30697
33534
26189
53209
35546
15896
8695
15846
301
39849
2278
2187
8823
6716
7566
22985
6697
6061
1940
69500
23283
7839
1931
31302
22027
10860
753
3968
6905
7836
13685
25212
5491
61752
1692
70953
3620
13730
29234
24116
1971
4746
47646
19255
21681
743
49128
1253
5568
4184
18975
27350
497
63113
1094
21621
32049
10630
18070
5289
25353
671
11555
6834
67095
1058
17788
10986
2994
25574
1838
25705
7782
6124
7532
14311
9824
47821
14588
1193
59622
4084
6688
34821
4081
8847
6577
29096
7890
21003
14289
35594
27107
8096
6779
10400
5308
6235
3137
27247
1461
12098
7136
5586
74096
8663
8839
19251
13901
81480
13014
49097
21612
11744
71497
11656
1635
58136
54243
62236
4010
27150
57576
10036
37443
17831
15615
5306
2443
2257
12304
36008
3380
8613
29482
2080
50763
33564
3478
1457
12337
4322
2699
27050
2631
18140
1720
2852
73033
5991
72632
12331
32453
9319
6972
23873
776
8460
45588
68463
1670
25835
82756
173976
3930
18964
2078
32303
44788
45374
11227
5802
14728
4371
38592
16698
14436
39074
2227
8385
40016
35644
4362
36889
4612
10491
33120
5116
4233
63337
33752
48889
29018
54359
9933
2379
7966
56546
23533
9053
51077
17907
55383
20539
13533
2275
10160
50322
17971
23280
73332
1714
39673
2001
11261
31391
7236
4804
28191
2276
7386
28301
7214
68998
5786
7715
41052
2574
16534
5202
6338
61444
50465
28471
3552
8948
25635
31220
302
11020
17533
26606
3569
1689
66366
81487
7444
1097
14112
22036
25291
28125
30484
32680
581
15623
17592
25034
35605
5337
94644
1814
2978
87890
25416
7728
511
6589
16162
655
50716
22236
27734
60735
47685
6347
2114
5514
12269
54072
52904
72314
7686
17882
32793
72564
55792
24828
1334
22054
6889
1701
89408
1880
13954
315
11595
17098
5998
83871
68464
67433
24277
6334
57739
10302
23776
50100
957
18615
4480
9861
398
22569
11208
71598
5997
38361
39129
10625
25425
56232
734
53354
25591
1283
1655
34780
88367
12663
11863
22353
1123
51024
5854
21414
2282
3682
19872
83220
28943
82670
11304
21220
8177
3418
994
81194
11290
10590
9109
3982
5899
2587
40598
54195
19470
10714
192988
36610
21455
8662
58883
810
34112
4013
20993
70419
23925
87378
24781
20483
44543
5154
17900
73118
4241
169553
10065
1633
21901
46696
4229
37208
18824
90987
5702
15911
3428
80728
11336
56380
84638
14868
15992
8224
4609
15600
68282
8320
13216
25118
5117
2014
1956
8573
1955
2350
3075
515
46806
23890
12521
1218
3151
13613
45832
4143
13157
14865
27760
79757
23677
19537
16234
31589
12720
8526
1749
24634
15433
9227
474
10279
9071
66983
6563
9042
1261
6903
29757
4620
48401
3500
26140
21068
22513
13995
7449
7794
80817
21924
11991
22444
3092
26817
7044
62929
6414
45031
6546
33265
6549
801
68527
7346
5261
595
7157
55557
6466
13753
32009
46490
2134
39910
15040
11321
13595
35094
22779
356
1674
39524
9037
70271
31918
43472
2435
4287
25456
9158
51451
5228
26642
24435
37761
10702
16561
71985
7660
12454
18751
1984
18839
26167
18173
11164
452
2478
18535
2771
6450
9216
3012
1736
14012
34429
9657
45811
8698
31762
50433
34051
938
4916
541
3993
25941
2160
27510
10490
4904
7010
34322
17268
30688
5891
10487
15497
75555
13496
3157
28561
4040
2462
1681
19974
8855
52240
683
47894
8132
11667
11587
35705
31600
63368
8245
44926
75111
19043
10046
6183
94218
17299
50821
13334
4506
7547
56383
4041
12705
45729
52920
81796
74872
25869
16873
4364
13101
475
14524
7064
18445
24979
4211
10762
19639
23535
31989
5645
68769
4551
15238
77517
12185
6847
20459
24022
7638
5490
23104
25467
8135
11486
24600
46310
472
92778
21343
22528
2076
14906
52032
21461
33286
7073
10242
1711
15674
45465
3693
3626
19874
8346
9536
85305
31010
2705
83374
64179
8428
6090
41619
3501
1550
91770
33961
66917
85401
1266
14968
24679
5212
42902
2236
6232
67079
13171
28190
13218
23011
800
1008
36703
54878
47843
21563
2809
3330
71989
39072
67518
72626
46318
29797
12364
1422
5219
6160
28782
33182
57496
2540
1391
1738
31291
5388
23122
35604
2799
7384
12221
3217
7848
54132
54639
25822
7943
23277
40257
31545
94827
53231
7609
892
81859
26164
51520
35970
57297
16208
70157
19212
1059
3044
7749
4747
34602
13145
12844
14910
92007
17839
28365
1247
15735
25762
3505
17083
5898
950
1967
3811
10284
38076
23271
468
927
38372
4284
52514
15225
37781
2098
64910
68982
34283
27238
5924
18155
1721
9992
15316
12162
18948
4327
1300
8268
47588
1385
73756
29541
2056
12092
7974
6989
2954
2201
83986
50098
38906
23424
13927
21804
7692
14255
72141
1566
43407
11187
10643
21055
918
2206
170286
208711
51021
24123
94858
7267
40838
11467
11333
8530
25907
647
13325
24244
24147
4444
19319
13587
14148
8156
175267
860
12939
14573
23036
1889
6212
12858
15132
6440
25009
5933
92820
4067
59841
90691
7076
4826
8151
19278
11125
53577
7822
10377
89303
76471
57616
11976
13558
11018
23950
8064
1009
88673
33767
783
3942
27205
7995
943
28215
84203
17384
3002
1421
12680
21241
21001
17157
45148
536
40027
2048
2557
15087
86469
14505
8169
31972
17431
23819
24173
52977
5677
37115
72384
63038
12806
50957
6257
11491
8580
16025
8597
5188
2564
17860
43164
23508
52778
95013
5438
2562
11543
11788
47656
18971
15288
6592
960
5908
2872
62266
22741
10241
3055
19463
17583
916
16889
20970
14737
66153
47364
7499
6310
10728
31778
25429
16516
15648
1505
29014
22437
2315
44697
8038
4415
58256
53017
24325
3943
40909
21998
21197
8779
2017
17422
37043
34418
39356
2748
84637
47455
4492
21321
73555
38625
3928
2027
4206
48142
3218
4169
51923
2571
55288
1807
9974
45668
34065
5920
5961
35072
5955
5254
60511
90573
10930
2399
77654
15787
33023
2588
19852
94425
18569
33660
14525
6762
40022
12211
38385
12087
49264
8179
35564
73313
4173
2646
5066
47553
3175
63858
26463
20600
4475
46227
15688
70042
3214
22295
20819
4410
7526
726
89109
58188
28708
3837
3090
5964
16724
2770
5882
3602
62695
84209
21640
18552
73234
3000
4574
19835
32364
38717
66976
8061
27709
66770
5847
10277
4674
4204
9304
9052
5406
71910
9149
57402
10322
21254
32726
18830
12718
6609
51062
32354
6269
5268
11965
8529
12500
3886
9420
23342
7448
63471
6348
79583
34130
14832
29749
14006
62124
64944
5147
22225
88110
32480
22038
2418
80534
8017
5378
34647
41054
27047
2366
24499
7368
33840
29552
92750
27119
3036
13874
5683
42824
90118
76360
2173
21192
24735
10495
17439
16480
16165
28315
84728
17742
22676
5104
10866
70435
46424
13067
7012
23213
31639
358
13019
10589
56593
13201
418
72613
21136
7784
2827
8023
1544
9362
1640
65194
2304
49465
779
1163
44272
2623
20895
41163
2106
1993
67767
2012
56933
74055
32633
2458
10862
6636
2877
4281
2488
2777
32193
11554
3233
34030
3300
69740
36353
6529
11836
12323
61265
3198
63422
27586
5152
59514
8471
2990
57166
6708
52962
6130
2973
22033
2704
2287
12306
33862
3766
38243
17399
12760
15739
6821
6144
4149
14747
3081
3281
441
6728
5952
2378
68327
80344
85288
92169
6743
15325
21756
47305
10738
8452
62269
32195
10090
16229
14730
86335
2333
14892
59348
39210
41020
75902
7748
1199
33400
76531
25460
11117
3543
4909
71647
81259
9738
23857
29371
17659
72805
38136
32740
11568
15738
6316
2487
3635
29754
22857
5221
28712
78012
5926
5326
5190
3722
14833
21378
25162
4524
2368
6470
49231
604
6625
3678
1580
14046
5793
2969
74159
21650
36999
7211
9315
42199
6399
41874
1419
37589
4060
40506
25602
5461
5775
1998
38026
13142
23964
5407
2712
1465
61103
11963
834
7391
7653
66580
91938
34538
33254
8979
59987
7934
54794
3760
42707
10278
27084
47410
17661
9637
25298
4178
7315
40904
15327
1073
8821
532
8791
57925
3089
5444
21564
7304
2334
59154
45227
20618
2197
26308
2123
7912
20665
1707
1489
20113
7454
29617
12597
20372
48794
2452
3507
4573
425
8464
89901
49096
46668
18820
7310
2847
15000
47914
2369
20209
4455
8044
8263
10973
12639
5218
9079
16642
22481
52614
5370
70983
44550
47164
2951
47493
3348
992
7056
9858
13458
5879
47149
8016
52864
10338
8119
24170
29618
13822
43703
3583
10605
26778
28701
31349
33939
4849
7539
69330
7537
31209
9094
46570
5821
38619
49718
35061
33761
1443
1183
20117
13491
3926
13660
20002
8953
53824
3598
20648
61038
1322
12370
6749
92243
11585
4861
69907
4769
25516
1642
3015
15523
23658
18597
25780
19860
1316
1162
4293
29458
27189
13654
21627
11179
3429
26685
10503
1778
27900
893
11799
24304
5791
12439
19213
13317
4050
19200
848
1899
6256
7552
5956
7690
3408
5585
4989
59735
24223
18811
63268
6088
50405
78721
33413
10746
1405
14768
26124
39640
36553
5335
29016
1378
54084
42898
44669
9231
16713
58963
10744
3071
62096
11784
13086
7033
22000
32714
24830
6949
7941
24342
4219
540
2750
7819
11127
18101
5886
38011
3959
34521
1198
41984
10903
15480
19662
32804
28206
29712
50348
7463
21252
3967
7441
8879
717
7372
78151
5495
12703
74537
30519
42705
8298
23836
12613
9828
24001
17636
22702
2860
31824
93183
26679
52397
78621
1417
14377
15049
11263
4002
44001
19787
23329
61079
50606
48026
19435
26931
95700
6801
3946
19458
9688
9652
38622
47771
12924
2459
715
44101
29612
18447
51763
13968
12648
1335
38754
29203
10352
1582
4325
11214
12278
42377
25133
2959
3864
6109
1626
10524
6374
238972
4482
10350
6006
30794
59666
18546
17973
3517
12405
36824
49878
2384
43741
13609
6469
26488
15222
11985
22754
30054
379
5037
26791
7850
28258
5493
17353
11122
40278
6977
49463
5042
13684
20142
6020
10108
14482
39328
17239
28328
11074
3945
9543
372
42020
32237
10053
31733
14979
7613
12282
5689
780
12991
14880
18887
24690
25771
16352
12134
49875
16883
912
2926
17347
34282
65393
481
16136
13278
19567
20631
2182
5189
11767
27427
17076
12250
42209
72306
7227
31343
26867
2158
1308
20134
4016
6320
13513
14970
5381
4549
12868
18458
69031
60856
10356
22166
51891
5416
12847
54419
53057
40729
5203
11356
7812
3994
11939
64901
2614
27265
14477
43997
32424
5433
14435
62065
24954
14449
15491
6186
13834
9979
4451
80557
55810
32590
53390
3250
94337
7503
39627
21322
8264
5342
23007
44473
74519
8891
23451
11538
630
70755
1460
6353
28758
15618
10152
16144
7246
33673
22588
53566
3746
7694
5123
27751
3231
37999
2768
3248
5121
46375
6430
16815
93098
72298
85510
29029
37073
7466
873
89079
19912
71164
766
10132
3423
35821
12207
24712
82054
8534
40084
58957
60977
14572
33351
6043
1085
28569
67409
22221
12117
5589
5338
769
18381
5399
10257
6994
2052
39962
30147
4807
23617
67297
20858
28926
86443
14890
25899
5040
17562
11635
23586
41332
20307
27203
12437
22482
22682
42204
10095
59317
23348
6705
3976
42064
71183
5141
8255
35978
1365
3845
14923
7371
51590
10844
16432
5457
8938
12133
4283
10814
10296
651
23835
61607
48707
551
1150
8355
823
5448
7918
25720
24582
48352
15745
30411
13153
47279
25152
51422
4561
3990
14376
624
69303
8396
1080
16237
2791
16568
5954
9043
19206
5823
8427
8684
6817
36693
16981
30901
8358
52782
1367
61586
94674
15529
19591
76068
22305
70524
4952
9039
3883
7130
41544
35983
16549
31118
2996
3816
40922
5777
14335
30021
9366
3952
656
27690
88749
39950
42763
14545
21487
2291
49422
12143
33055
16955
5013
10311
29438
29471
4043
55221
15094
59970
29491
16473
13596
432
24191
3745
5437
5460
18836
10283
3212
27041
10291
7030
41153
2787
20973
4750
70500
10971
6221
5192
25786
616
1821
20285
9252
2464
29567
3586
9186
8604
6077
7233
6419
18868
11861
22109
7461
1153
41836
18034
32767
67785
80350
7193
15332
5193
30724
5265
7170
22586
64173
11982
15563
16859
35156
67267
44497
50285
23319
12244
3791
31724
32974
10042
12187
31654
42532
94398
60392
18900
13045
15840
18551
23638
26610
23636
19113
461
8222
2585
13884
25969
34105
68742
6547
54383
72378
14294
3809
3972
6295
15060
36939
49924
8327
5880
19139
10300
23343
9796
7187
3741
9194
11102
28192
34002
30474
18601
8719
3114
13780
70521
8524
16743
1081
451
45522
41755
16218
1313
4502
34468
89759
12052
23657
16307
67605
14414
16043
45912
22134
68291
4762
11652
42318
2609
20852
18253
2924
6970
33468
55559
35324
4873
40550
5812
37336
2472
14988
22170
34927
74671
4394
37158
637
68707
1374
19129
29180
13724
3997
522
75352
37046
11133
6234
1207
91469
20181
69898
12539
14009
19373
77691
15156
82316
24245
6284
15632
56495
7263
15594
36182
10292
3086
64498
28042
2432
10634
4497
44005
12035
16662
36222
10540
26993
1208
77244
10218
67677
3518
8018
88378
4748
22365
4583
60528
70662
29922
17657
91630
15698
12901
10646
5305
4254
30181
20629
28465
46944
11962
32852
38870
8952
2789
969
24276
2194
9370
3574
49248
17319
21328
30058
64396
72694
1098
68767
50525
61790
4428
12131
19708
39771
3381
47980
13057
31005
63001
59930
15313
21356
33782
21433
43082
5316
21142
5968
8436
7881
25265
24894
3374
17896
11400
77217
48117
30730
74270
18486
4154
10240
36297
14118
13812
18729
10678
11594
5579
11872
6299
1524
12995
33488
20826
74886
75931
8108
201916
36793
13059
1847
894
44133
61542
6556
10832
25204
28738
8362
1047
34356
35020
19194
32313
7408
9415
22070
16143
76717
25171
16335
45388
11690
9361
2948
6915
75007
61872
5770
1254
13362
23826
6600
5352
8581
5667
88081
28432
3322
20694
9815
74751
33899
14989
46705
89934
24323
32645
48508
12390
39652
61536
68008
43935
23336
55721
45224
3714
1897
87751
4164
5394
2264
30108
40229
17764
41350
81639
23470
3768
20428
194956
3623
27462
8429
176217
20689
18783
3439
56723
31886
16849
11245
36438
2054
40878
76730
43565
89494
17554
8547
37527
34942
14554
6364
9673
70383
7457
18779
30344
37095
17656
7146
9570
64331
42249
6594
12427
3562
13481
29261
14663
27237
52426
88694
4026
3466
5840
14531
12846
1299
21181
444
4082
28092
431
39619
25844
48070
16632
36616
87413
40523
2033
6923
32817
28488
24806
5529
85093
13457
27622
21624
9402
44431
45545
68887
9157
33193
13293
58645
76051
8160
5901
4714
2821
42151
6799
34952
4967
49836
34733
6545
69899
1289
19292
10666
45203
85606
79420
1605
14795
37066
57081
28889
83582
25584
32039
18985
31377
8523
7145
31637
52464
30064
16884
15904
5248
8630
18117
6936
71387
51960
2482
6973
71196
4979
21219
7556
42328
4235
24024
12559
59799
10776
45849
64234
74399
3795
53709
12726
3410
14653
55461
81539
1678
11992
11901
1413
24439
11648
34765
4887
1490
32942
12391
18280
2479
2307
18506
66533
10817
3751
6542
35338
60476
7578
6211
4764
14561
44026
18933
16398
29309
10028
8040
69449
60922
46891
6899
33030
10603
21453
6199
2181
35800
12126
14933
34005
27980
6751
38127
23435
27805
71592
11806
16492
2668
12854
71831
60037
8532
3603
10492
17748
17092
51119
44212
49325
22967
18485
87116
35757
31117
8286
62810
21769
11313
32251
41412
12239
11958
10916
25936
46253
22464
78300
19878
22635
26543
5779
52211
28392
6746
37980
1573
8915
16236
5672
65205
2320
16653
9612
4823
18939
9655
15725
1090
88283
5588
2987
27870
23681
80109
13085
10459
91342
7101
4177
26849
7675
9763
28058
7108
17845
3920
2628
54067
1468
67401
1217
10236
34451
36084
2965
6281
5649
15689
43655
62183
41424
60467
9497
10191
23293
24217
10886
9627
15218
30637
69335
7120
11990
8833
26012
12480
10187
8488
798
6031
4677
22980
39846
2670
17375
31179
21214
46124
18247
23540
13452
77358
4903
75626
17526
19528
55671
17804
27724
2974
5681
3875
9085
32451
7450
4928
17877
24443
16213
14418
30687
33153
36656
82537
3066
24643
16651
28184
45918
85248
67194
2271
20077
42169
12041
80986
26348
22890
3403
91613
60162
7777
12263
91311
22250
34107
14973
24290
45771
3779
1762
26952
185038
25580
43254
1474
77725
18618
18656
4891
11137
22360
6352
52146
23923
83290
13536
2380
18894
19024
13809
35419
3228
75401
35893
71152
49034
66127
6737
9190
24882
28731
1016
20984
35648
14544
80018
6916
23098
495
9958
4107
935
42191
3818
12288
35044
11983
10868
28075
7650
37276
6165
3045
2647
5550
49703
19688
14271
8435
19902
69208
7344
29015
1134
60782
90183
59700
7892
4258
58634
11030
65867
12863
12415
21516
1962
13867
15401
33733
33208
2152
35479
5351
17040
73735
63250
52488
33318
1953
10357
10248
6614
19505
32447
45156
22931
3672
79395
14884
16707
8694
10393
75740
13319
71534
18622
63237
63011
5317
6961
3420
31153
10918
82518
76436
9033
5790
23557
16615
14837
44511
5715
77937
20863
15561
45697
6552
40284
28803
12402
32830
9032
24344
3628
1497
17959
6805
73504
11762
16850
20236
8764
49400
74903
2196
29650
3078
2088
2662
3660
8525
94305
50333
10122
29467
53236
11493
2765
4635
25504
26605
10466
47460
2247
6205
9809
10384
9372
14475
49068
6097
6342
4063
3958
45872
5032
2912
4663
93133
30522
40528
31699
10686
1410
5872
15361
13346
3757
11091
16585
8109
17602
61228
6844
93342
83697
26108
40039
6892
45101
10899
22283
3960
18376
5376
23977
43774
12180
8161
22450
14642
19285
260
29691
5096
7308
10934
15217
33901
69583
82672
36093
12752
52039
38495
3060
20012
27654
62971
19833
29296
26657
55968
2185
20725
13281
62238
94839
40923
21709
3320
58277
11660
15900
13188
30761
8583
404
54588
5356
6641
3831
11192
63170
61501
45256
37027
7743
14857
4380
6639
11323
5671
6456
20513
2719
13190
15860
42701
19504
1158
45991
27083
14020
6387
33789
1737
90804
68962
51666
10525
8842
59301
11318
15876
40793
9006
1155
82593
28497
58894
18579
60793
5253
3101
2720
36557
15998
60212
21999
5427
18923
24368
3723
10321
25067
53751
37030
2457
22579
2659
11772
60729
15628
3171
66690
46727
6646
74931
61446
26953
44780
8279
47201
63307
74574
26287
6058
18990
13511
8665
1038
79824
12268
16984
16858
48396
39049
56009
439
53109
8443
40240
1912
22652
20271
66488
4193
8422
48445
392
5119
29844
27242
23610
29166
10082
23709
79965
11028
10365
56497
36773
47532
9328
634
7496
11425
59788
12867
6380
39180
16539
31988
18378
40079
83548
7253
45620
64249
6369
11482
7946
31927
45776
47782
11614
58987
67112
2155
15215
6249
42859
1861
9205
3107
5286
69916
7723
53893
1665
6350
46420
7642
25690
38394
16522
86344
15192
82751
5089
1195
9207
37154
15843
3382
54223
95604
35374
8024
6434
16747
16821
11700
59162
8496
10906
47688
30271
1154
19349
26132
7679
23749
16681
17457
695
11869
54488
16515
67940
61801
17725
9357
45783
1882
14687
10597
27631
13251
59042
12737
930
3246
59337
13097
42780
2989
34579
87110
29512
5896
5943
49644
4199
75889
18952
459
6902
32328
74420
17462
9425
7207
3717
5126
19542
29436
27958
10837
6179
21018
2578
9115
44457
91182
5675
169103
8466
6327
9808
62708
1129
4981
6241
23912
11159
2326
24983
2246
14497
46399
24096
25053
24528
11694
19145
77332
27566
65427
39099
5143
19087
15114
11146
77885
6268
18104
9798
70123
91563
2570
42340
80330
11363
4350
7423
59511
1136
35695
4738
20195
14390
40357
1983
18313
1913
86258
13605
42962
14765
10869
28762
1432
15275
32728
10431
44183
6018
1434
5255
15537
81541
8482
73406
51217
13773
33220
15429
74483
13838
60283
56231
32979
53624
5315
76644
36027
20344
15486
11488
43095
74455
22336
54350
2356
12197
4111
7505
8236
23959
91091
18285
9363
3052
18960
6262
4485
17640
55606
25868
11729
15545
51883
6554
807
74877
4049
20754
41554
15207
28504
7383
39823
26313
21316
4379
10443
10835
18814
7380
58384
49763
47291
59276
8969
15500
18112
28454
3855
3680
61250
20340
94931
23958
202201
12853
19457
21605
54056
35909
29129
10286
15309
10779
9970
33056
33218
56690
14092
17709
11875
8543
2630
7111
45563
39834
29863
41275
57078
94090
27632
6666
9660
22828
22120
50852
64258
4582
28715
12571
12184
8827
5405
63192
9676
89649
18804
1768
6521
48971
49889
2087
7068
20282
22759
36151
57879
7744
7833
39248
2344
3885
483
1327
53574
51505
22270
5697
73691
6657
13611
76138
28604
37011
9348
77754
63815
41502
12008
54100
17965
27396
61368
87314
67374
21116
36325
34320
11432
69293
55914
12834
2229
64970
811
64547
27226
10451
29636
5748
91380
5120
9265
3202
6057
2312
24271
5500
13082
30755
49324
24531
36809
4167
19298
27406
25300
28999
15092
91967
25344
2266
24009
90450
5684
50707
8317
9097
3940
13535
21790
9868
46431
8533
75166
3787
3547
67230
41310
23762
10624
10512
5789
12348
55411
4382
13158
10269
46568
1713
15145
47927
2091
29696
71486
45032
14241
28442
1191
2241
2565
22998
1280
58397
10078
5479
4993
19810
29672
3058
5816
693
71253
86479
14864
83331
22271
33436
5668
26344
4866
21561
15518
36984
17756
59675
33601
12502
34243
83342
25831
48683
48782
55375
61468
34510
665
75275
4048
12675
2163
14078
74194
782
17784
23648
9264
21559
40759
48339
19305
28593
63119
21945
25256
50579
17272
38400
25310
64298
37458
12841
26214
41738
6867
76366
12607
8511
70703
75454
13320
12960
9012
35869
35880
22602
5670
6184
10070
44529
15956
18682
3225
22456
67283
18206
3980
6044
44240
7644
14138
23070
23107
17482
42912
24163
9563
16940
20397
5027
42983
59966
5175
5045
16738
3232
5673
3331
47217
7392
92126
39390
10358
6778
39641
19101
5197
17087
34745
2508
4956
14176
69467
3118
57142
2180
41287
18412
23024
1260
64424
7078
5659
17389
91337
882
1584
19197
81885
9007
19868
7338
4207
15919
62182
8708
15932
2502
43194
7999
6245
58320
38786
70915
20622
90371
6976
73732
6433
77173
27482
19268
3486
23173
24794
13862
1638
18476
26241
46001
3001
56040
19751
75475
21101
610
68829
4073
19484
81520
3971
6960
10960
28396
38274
70454
80287
13679
6720
16674
34826
26271
55327
16097
17861
2864
10782
29285
31788
8933
18510
22670
61878
4740
68834
21815
17750
27446
80105
51979
14701
13030
9787
49169
7969
1370
19572
6718
38403
25827
79156
14708
20199
51005
9662
14921
4702
19691
13618
13095
93887
14902
66480
20073
65269
9392
36110
43957
9405
17424
20327
11360
14816
62987
64650
22860
35580
5877
16067
94802
19873
4840
11569
32500
5737
16103
27362
36073
76092
52910
7612
5941
43559
15436
14453
38508
2824
25322
12406
89647
1943
75897
18369
26770
31548
3706
36748
2700
17004
7615
9894
47906
2191
41491
17697
20110
17908
17679
62579
25572
44598
44571
13345
41741
7183
3391
13760
11002
12254
77105
83305
76592
19195
41224
1826
234
2391
13423
45083
17680
18776
60145
43746
1273
53630
10049
4525
74308
2848
5225
53061
17461
36667
31950
71072
16867
24366
4245
2373
8233
1929
10314
16110
29100
8632
71376
11055
48113
8920
68925
59628
10123
22017
63486
8800
63280
15427
19598
61797
65885
5275
2910
9237
58795
9527
5320
41382
1531
1482
56583
24652
21025
48820
2836
21553
6978
9262
12216
52889
26756
33887
75800
8767
15719
7903
38877
8350
94032
29208
8541
15137
11301
26117
4083
19794
72191
28028
22846
3473
14560
13804
31790
43884
10386
92977
31979
68434
23377
8704
25550
4703
16329
34237
65756
53875
9375
20886
11351
48055
9051
10194
15866
59716
9266
22287
6093
18838
35729
57423
4968
11461
26357
27629
13542
36605
31681
93711
86289
55884
28942
22451
49730
74063
2486
8689
4459
3854
29755
66336
14293
43864
5718
4653
14327
53014
2476
9826
17606
69890
63792
1592
3884
9478
30003
2341
44218
1166
26728
51624
10398
6187
39647
73052
45371
42117
8433
10736
57325
8154
9202
21772
24318
11480
10141
75741
16007
26009
1034
95318
72458
73404
3422
73172
16606
7143
32752
9041
20235
60010
13080
25464
4980
18801
29201
21693
76624
6833
15314
42051
30299
16045
12354
8495
49825
31136
609
8589
10612
3267
39588
81280
7982
15597
46758
1525
5822
81309
20006
18738
29560
81779
64277
29690
9277
8324
40097
20632
6409
20701
17988
3636
49428
25283
56764
31255
6947
3584
35102
94695
35022
18844
21019
5125
39021
9344
3794
8285
29324
16175
40905
4037
4273
21589
24544
54227
34048
9011
29986
24579
11026
91330
24138
88295
6768
4468
15947
45161
27666
15194
20476
34566
53337
7651
81645
6278
40711
29812
93490
87365
61946
16954
19561
36592
55665
5591
7096
1734
68589
3704
44023
50291
24427
63396
18616
5000
20319
4741
47770
3848
69505
26565
46004
18086
10486
3944
46793
4144
22632
2649
56970
70373
1564
24201
53784
15627
14030
72703
21080
10601
7978
13566
9170
72445
28856
3729
6197
90166
19100
34987
40921
19018
29486
85681
1704
7265
63961
12572
1269
5940
48336
10506
92975
18689
20115
33170
19816
31665
27743
7370
15550
10016
11271
13966
2355
9686
48895
87990
91109
6548
6203
12208
67521
3379
48086
18002
37809
18505
39651
12497
8808
11212
14235
1221
44517
19222
8294
43838
6401
39901
44572
14540
23521
37725
6653
43400
11244
19352
24676
17360
74104
54004
22113
538
8931
32983
72981
10684
34337
1128
7964
18176
8900
43647
39531
3687
21207
254
58215
13087
47722
13366
52285
28348
11622
10243
80361
9952
5931
8027
80347
21837
27380
5609
56279
34951
18393
54263
48018
3806
18011
2447
6647
890
4654
10333
20655
23113
36087
204019
31954
6415
72870
13992
23908
10021
47332
80946
51476
24524
2979
4962
6694
13731
224511
4282
4214
35209
14617
26023
40429
41108
24121
46767
26437
64914
11781
24330
56502
4589
4787
21845
19565
20755
55175
3168
3143
42371
79750
18191
16288
70573
77976
37463
12303
66029
24580
7075
4405
1035
5511
10875
6421
13531
33447
9749
54765
14912
8984
2615
44568
17185
12792
20017
75419
6550
1119
29775
70514
7088
10758
15246
13945
33811
24212
70691
78503
7188
45736
26985
46264
61571
48758
2537
18567
69081
32572
16714
46738
45127
46755
11707
31072
17078
21634
9240
28783
16228
5183
10749
18041
38523
12659
20306
15731
45070
34885
25833
42741
17512
4261
18214
64046
1625
9610
4910
6182
9219
38734
25113
15851
2323
24856
39352
21314
41915
43327
32566
59239
4234
59673
25696
13600
15103
12913
8218
46438
2544
9351
37943
92658
28592
6072
59782
27225
24469
38479
41384
34111
19375
54902
18047
22154
31677
20938
9445
44577
1449
18520
5546
26907
29954
31184
52755
23755
16327
69315
31489
1938
5509
9936
10838
51227
37311
35541
11882
16965
78444
12192
94441
71878
56041
1979
42236
41416
169629
26564
21189
11298
11881
34250
57815
5423
41323
47093
2298
20728
31940
28405
38563
7947
26398
83947
2184
5865
45479
7708
27700
64285
91817
68015
24193
14807
6226
25905
34624
18349
58351
61386
38855
19584
54706
55259
5274
81010
36040
3375
16171
4469
19675
7469
4168
28588
49616
1836
3718
33335
20206
37523
71778
1769
90101
28463
22912
20465
35872
10925
40071
2772
6501
18843
3621
31467
43867
18818
7538
29318
5564
6066
24354
6032
5110
10103
39875
84250
1793
7508
28240
19659
67407
154150
24603
1358
6046
24006
56735
19616
13573
48624
21893
572
25064
21977
75226
5024
8508
50543
15644
11481
17033
17582
43614
88989
15622
68354
18709
75447
6051
72906
26517
60106
17708
3736
20185
9690
23474
3549
19334
12058
8655
10471
49927
13223
19939
42673
86538
31138
50188
30851
4805
9890
11136
4038
10432
36734
10066
37522
36527
4836
84243
1947
31114
35463
79077
48492
30816
6426
39512
23511
16238
8421
33713
88474
11368
22203
32541
17175
35551
10807
3856
18284
84050
51089
21419
9896
18049
48236
41229
41100
68612
68328
8994
24442
22415
4449
65663
20050
11678
2654
45715
78937
35325
15693
18091
14589
55160
13878
21676
17277
30057
76380
28016
15625
49995
40924
29346
3541
46291
18274
19983
7350
1545
50252
11583
11516
8025
12518
91291
26915
66550
88396
93644
29730
12609
59687
41257
35608
21261
46910
7032
46262
72921
47993
48507
29381
14556
47203
17413
7302
41643
9696
82145
24785
10694
55275
13629
38637
53843
46070
41497
41244
13248
30086
4091
10265
15301
32775
5620
30346
11329
19304
74849
6864
14481
35226
12741
15598
6880
5439
6536
49366
12287
48020
14239
65201
10841
8865
66005
14067
49684
9520
14739
23606
31516
16705
25953
13964
22088
33831
3524
32894
4265
93518
17622
19333
4249
64021
11217
35792
24028
11435
4941
18707
35653
12312
79213
41015
29557
6436
44504
14664
16853
2754
13756
3057
33955
103
9709
48103
7730
92076
19482
25217
12626
33380
196114
1766
8174
56183
4698
64133
27650
44123
41453
51397
27376
36634
7980
12886
1557
5361
25227
39334
18608
9437
9842
28302
38226
7960
32412
14746
18655
10264
65316
5262
7364
10957
1122
8616
55523
7110
5199
50657
56538
10467
33287
3876
2689
33046
67044
25643
3906
35131
60840
37916
24818
66945
69352
57287
10828
18869
22703
86499
38408
15933
3039
49187
29595
25806
60316
16626
6878
9444
6132
20296
64646
8103
83782
23353
60718
12549
30174
27392
20435
63656
16472
25264
2726
77518
29422
37824
21123
18741
36312
4180
2507
29663
36953
5067
74730
23737
6012
13215
43015
30498
17430
24863
15069
15582
12689
10343
44204
10342
77216
61763
84972
80612
67561
16421
5610
11399
23141
15003
33989
5559
26970
11272
70110
13276
10696
1314
39500
11213
42080
23717
1369
8461
10313
23448
454
20843
30047
15020
18498
69486
13820
9230
20021
31753
12610
41548
44653
86497
14213
1003
33519
41956
74386
83574
12452
20348
73873
2602
6528
5074
20259
35106
47901
45191
60134
85213
7863
58574
11608
14084
24638
40136
34858
46133
4690
32427
67220
36725
23591
25223
16715
33974
6557
7725
27795
29485
38000
9831
21070
3264
3631
6402
23680
30367
13160
18402
25506
50233
14779
9287
2549
61762
14603
51154
23485
5990
31000
17867
42514
70126
13957
67264
57416
56994
51501
71741
89497
5004
23073
37688
67547
10896
21779
25351
20748
30452
6233
13663
52903
17840
36283
42604
66536
21555
25111
31816
18172
2299
46292
5606
5935
11072
22291
6177
12243
17802
63692
7643
14611
15708
27536
55290
35045
44305
16923
26429
22746
27130
45071
7459
21645
30683
65183
66997
34305
11469
31850
65512
29914
40457
33617
6561
5477
11519
3295
23833
54624
36951
17495
15907
17546
8122
58524
34795
54547
10416
41479
9273
41816
6551
13863
6986
4151
22373
568
9731
61483
10751
10712
14354
4092
10977
38993
5611
16089
34532
17466
13048
33682
88384
17009
166525
62966
3494
51574
14682
36221
71743
13632
2346
3670
13428
14693
11650
22308
42314
64580
47853
25544
29596
11545
16910
25257
27735
29689
66329
3916
1498
44896
50407
221719
4278
20318
12388
4913
37586
18549
2968
15002
38339
54315
11517
5453
7663
39599
81197
16761
19344
35819
480
14252
21711
29449
5231
14684
30515
84222
7716
39411
28979
4657
7865
17952
19335
73017
87020
38203
83532
29548
64708
40576
6852
9176
26900
6712
17099
36377
41535
13492
29622
27455
17720
22147
13373
33972
34475
43241
20087
54159
72332
3383
3913
7298
27573
42419
1850
75625
18725
49699
36794
29722
30503
83567
65425
33924
2500
56940
5238
14914
24944
2995
67037
78298
26974
59593
8308
29649
3600
20503
65765
73493
49023
43876
15273
11827
45704
14789
37792
63734
15259
53327
18413
16160
58093
47739
5855
41661
15666
9188
6411
41173
1875
3334
27365
65710
13042
12373
88732
7774
5173
42000
191904
5903
85123
17295
94713
1808
92189
16270
19748
51090
14688
6807
3646
9481
29089
52194
75516
1295
2203
20590
39468
9057
17801
47681
28694
3224
53974
12883
8388
966
1663
12836
8890
76524
18790
6709
35937
45553
221265
7447
30603
60436
4095
15391
35134
49795
7426
36026
35248
58282
1124
40812
5086
7821
11088
26816
76591
57559
92266
4890
8958
36319
53074
12410
34842
5263
15679
32508
2139
73966
50731
17435
40263
991
8960
21860
41846
21905
924
43732
64608
13178
14156
14523
3924
51204
23379
3326
70975
73360
23197
11833
12542
13017
3703
20797
37734
5738
43185
23793
75988
26025
64318
37667
60322
14971
5584
37083
14272
688
1671
15958
74321
14312
22008
8086
48220
8288
1037
19588
53176
16035
60937
80792
9371
7314
11390
31413
389
2563
2396
8112
13066
58127
60592
78138
23982
55893
3084
34089
73342
3164
24118
48575
3805
47133
6263
3104
38067
25721
4166
5198
14799
79602
36784
73801
8335
87922
91022
12296
59608
51342
13002
22843
35968
52072
1475
38925
19020
509
5058
8739
28060
27408
34932
91050
21221
23066
42106
13669
6531
9001
11175
71942
24716
11674
15444
11993
17763
41510
20950
2535
19522
52000
4586
30928
28446
28946
15746
94616
6429
17420
52519
41103
19722
24905
12564
77202
53782
71866
7008
20044
64622
49823
2627
89122
17479
49245
90805
6517
29256
44521
7092
57455
38841
12942
38429
85987
9516
28639
6081
16838
2127
25391
36090
18334
18732
941
8550
31304
16487
24583
94175
10877
8838
13667
10116
2782
26926
53349
2786
7142
8765
15415
90833
60456
37285
49134
92464
16501
945
43354
58236
6178
42494
6114
9857
32958
58044
11248
69264
5273
32615
40996
57997
12983
8365
22076
15560
30828
2305
9428
20547
1256
21598
43044
47940
33779
16644
2875
50170
11924
31925
4789
25249
13037
3601
43731
53435
69725
60648
21899
37923
5888
16629
78951
48936
14193
34369
81519
9878
22190
19849
23255
23975
68372
26878
21793
5918
530
9048
57605
59769
2408
5726
419
3774
17390
35055
21449
26026
66172
15408
6196
31713
47392
8752
14796
36513
35010
24992
2935
15291
32827
1937
5087
25472
18907
76342
22414
9951
21035
60494
32635
34574
6378
81770
12618
15724
712
2870
35590
70300
33980
37516
26524
12225
54907
64445
46730
92576
15473
3412
26153
30296
32170
65446
77557
19731
27384
44732
67446
8625
49549
3843
2907
24505
30863
60919
33634
82170
65184
3613
11431
69265
40019
7261
1513
60055
7341
20093
85943
55045
65199
56900
70281
40403
87665
10727
33025
40785
22968
22573
31008
1810
662
9620
27731
35786
93079
15019
77340
20663
62137
70356
21180
72218
4650
28739
79358
18195
75395
4521
11009
54917
21794
15504
30152
46995
57174
27211
15767
41586
14893
4029
40340
51044
6357
75318
20233
25261
30888
4330
6146
52510
3042
18153
29058
44287
33358
5411
26569
14029
37543
15555
1487
28217
70664
2225
25619
27127
30195
48929
5400
7509
19044
92756
5982
7778
63039
8644
25605
72529
51993
66753
8972
11590
4540
94938
2595
34925
4022
95356
46177
63037
756
15799
18739
16359
26436
23769
11457
22106
16905
617
8194
91132
20722
12161
43380
16565
1794
36495
32418
13537
16030
25680
29582
75282
8729
27421
14055
93090
16982
26859
18465
20564
18879
58985
9010
17191
32365
26616
32516
72002
57764
21543
1430
13438
51449
59770
7027
4195
6622
15902
2509
93144
3053
52685
52264
51316
32292
49765
93956
4917
47196
51950
44889
19963
76939
20990
21479
17589
13351
2244
67307
43840
19827
26623
56399
47026
9765
52315
28970
95530
1712
13421
44294
27701
22558
74054
76176
90961
30463
44776
6383
14410
16075
42836
59079
64013
2831
3934
24837
73220
28547
32433
48944
22207
6869
30376
6488
51483
63713
64273
39757
50360
15411
16190
34512
57491
18715
50877
12899
34319
23477
35577
11671
52853
13923
38245
42821
60862
90415
3539
15155
10137
5466
2804
8733
69075
43977
71698
85088
28475
3732
5025
36445
44061
65824
222898
17987
11994
47419
63561
36089
39775
24470
21104
16049
69454
6301
2733
15211
25040
16345
21667
31800
35822
16672
38698
33444
68153
7169
4390
22142
10180
60607
41228
7859
47676
5174
9305
31292
82405
35912
13323
28557
37193
90258
28921
46485
54938
75108
12794
4175
66869
37296
84419
74794
4126
74550
64166
27530
38540
22687
27572
3593
17290
5210
36028
49840
57129
7038
16778
7319
10483
11092
25068
24005
42764
4858
11477
12544
14282
48300
8744
22082
71915
9747
70688
24864
19739
6627
67556
48241
9743
57933
84139
49600
180178
28288
33805
23693
62597
6267
1310
44208
12071
7558
90984
38978
3536
89763
42994
22879
9879
29875
51952
57173
30088
23472
6591
16991
54474
57339
21525
67445
30372
3017
10307
30663
13359
87278
16371
41454
39983
22527
15006
74358
3659
9302
14955
46377
15428
46522
69383
17252
19231
69024
19969
37996
38891
18633
26540
91500
6405
19038
22103
25399
51958
75297
6858
4719
6150
89391
22197
32010
7604
55698
16001
51098
58166
25547
36751
63437
13940
20511
13666
8196
2434
15934
40057
16722
55956
19130
20911
42662
17981
77646
20166
48232
68797
3120
26923
85864
22263
23731
45741
11167
1039
10297
42351
26178
4820
63673
36600
3456
84135
46880
37359
23832
39770
27891
1792
7898
27534
14135
8212
36530
236161
13162
65424
9518
15672
65081
3877
12775
80681
16499
79073
4542
13902
25115
62746
7501
43374
24921
18683
46751
89403
3038
10155
14081
34125
45197
66702
15716
41304
93528
38005
32853
9788
68367
81550
80045
15451
29397
56920
42866
24903
54909
35355
12242
40833
32345
66352
9915
13404
20161
78413
94070
35809
45754
12125
16163
64025
32346
6491
22024
30413
21907
48270
35067
16535
50520
89691
11531
13053
21521
72418
19492
30537
45217
30545
18555
3868
58333
7601
20312
16696
32689
62512
1567
74482
52757
42809
18702
4404
12581
52333
11748
4378
38516
8582
13879
35992
1514
46058
5807
54818
16988
38986
8548
33385
62535
6765
20555
48588
14856
2497
20887
31656
47264
9691
32239
46508
46594
10054
14661
13783
18961
33803
30214
27571
34327
25555
5357
13873
2858
72249
38433
2262
58400
9458
34811
22885
79482
20043
32866
18092
26207
5742
30695
50245
9327
16044
57599
19660
6437
76564
8110
87267
80858
1392
8829
75622
47219
14916
11616
3132
47033
12234
3149
23497
10306
73879
3262
20484
20053
45901
2575
72470
45993
22278
9639
26556
57233
2177
15072
45531
18553
49839
52742
12566
60775
60865
18182
16249
43649
22309
34548
38769
41076
7785
43938
10231
47457
31975
80790
24408
32300
1718
23165
39294
1774
64375
23891
42417
50863
51694
85266
21344
90406
47161
218940
16073
94734
50392
14257
23001
32396
20612
30568
50680
81988
21844
10952
14147
10621
7376
23666
57268
10018
29169
3362
93324
13606
66041
4373
62811
38365
242
1568
89503
41197
75074
63449
70141
23429
28862
94126
9550
11795
14344
13183
16496
21620
46146
42085
44401
42019
11129
2707
54093
64692
12404
2116
11801
36626
8807
23748
14331
23746
18987
53206
77761
53245
18730
59093
1637
8321
9326
44072
45498
79174
1620
5762
19754
21155
71304
37170
74506
215495
14459
75843
7825
44020
59884
18217
22433
1820
26222
58932
6393
13683
5184
7955
50397
79045
65362
28830
21349
63013
77012
28880
60815
11058
16156
197005
27018
10000
21240
44030
8381
4825
49547
72958
79321
87009
61342
858
15232
20621
16912
1779
14170
14713
76828
25502
17865
36000
26515
9154
92788
53407
56446
92849
3272
7885
20656
6816
28898
15445
26352
12088
88898
28687
11937
71577
30407
32940
58237
248
67208
47396
62197
31542
38699
52857
87689
44670
88419
26477
20256
26345
41717
84481
46395
46690
39143
8400
13324
64688
18006
12490
4830
10800
56402
21748
9886
60852
68720
73573
73401
37003
19517
9596
35672
31361
4104
79177
17675
18338
17977
13455
25691
7826
11837
27382
3565
83711
13257
65899
25164
23116
91028
213977
26805
62428
72606
3223
26621
19261
171446
65883
1572
24484
55471
31154
54587
2988
40190
24316
57573
6292
75869
89326
49215
49364
4397
9883
46525
7489
8094
27086
11219
27974
40188
6122
81582
230123
11829
15478
35778
1508
59243
17806
34298
9013
55616
43854
74593
20825
89308
11170
4801
45830
52352
58762
24504
29426
53901
40821
7767
44116
4678
30988
1184
22380
2724
68445
50936
27140
30787
15289
19407
7913
44734
54633
15064
40803
12888
23290
33226
37832
13648
4933
22150
5065
52371
14647
55718
24156
59882
52332
84982
201168
23812
40628
44115
3007
9987
39674
18805
41477
42798
70378
14705
8714
19641
24571
16164
74131
41758
43834
50290
92594
29246
84282
4871
17218
78367
71088
4213
69184
21111
6209
46108
2806
4856
67909
8409
49114
87374
34898
56591
66592
3581
44283
55456
83713
32690
61857
78382
26789
18484
30744
70702
37380
1708
33165
35474
12807
7258
69526
23951
2015
3395
4377
10978
6406
94971
80440
83879
93924
162281
19699
49499
61569
16643
10470
33530
61433
66943
5007
11957
2839
2238
47202
36595
17617
41863
9433
9940
18080
3585
13193
51000
40716
63906
75257
77903
214550
46529
53708
56391
48601
29369
28340
33180
39108
5750
42914
64315
41994
57035
78257
86851
82923
23695
7593
24501
80017
16909
57350
60446
23718
12000
19653
10573
1231
23428
13761
88712
77243
90574
49314
91892
17182
68207
46459
18927
27342
10464
19074
30035
38778
54521
8274
169286
26044
63606
11134
5769
59016
43022
8673
13249
25393
25050
30814
43618
58924
70068
23926
13505
5937
11743
21948
90162
50231
78919
30938
42750
1476
26738
16721
10687
45557
5369
45972
27345
2835
21325
10921
22157
43088
62174
17426
14274
18904
72671
14421
30098
19834
15653
51622
31520
60485
78574
159405
11353
26760
12727
15057
44588
25864
71405
36618
41050
36893
66171
31192
4292
10584
3088
2950
14781
22982
18899
38680
32944
22988
27925
69273
8053
16366
21767
45462
8051
70227
17476
11809
25325
932
17323
89171
58706
24502
38951
68194
26884
9633
80776
32472
66571
27159
76706
21780
63164
18175
56553
10189
32822
37679
46373
73892
2382
40718
33439
772
21399
9785
17673
16687
5348
8850
17534
24670
39698
5270
38982
9617
20066
53579
19532
32636
8519
84298
86302
21405
5801
18718
8397
64399
20444
32254
3148
7301
63160
7125
26068
10642
35531
26170
33932
3596
12034
91585
38764
68242
11494
68891
12681
38595
1175
6142
33259
1911
54154
5692
12633
223978
26487
69516
73141
79033
87013
39297
73952
14508
70826
92713
75658
86745
21209
26747
64381
7495
14714
23587
28759
14199
6856
8606
36348
44169
75920
52478
31341
51842
30226
18639
7677
27730
45030
17363
16916
7654
18390
28571
92119
10579
94542
59710
1577
49634
11566
28339
26242
38981
52971
5647
12536
20657
16546
72454
61815
53345
8116
78323
16248
23645
33501
65395
32946
26490
50445
47590
13031
75008
17557
46931
48217
17058
44782
9087
34224
40535
48529
20352
31389
33651
89562
27248
61635
84890
10851
57304
60832
68929
1292
9675
32149
32975
16379
11698
49534
34426
246283
5053
18307
74715
5487
86379
47476
11144
17388
3435
69692
18977
78222
48608
4541
8090
29786
33279
34358
6508
543
19851
20170
84068
21915
1409
21871
34541
56080
237084
59440
12850
1326
15262
74854
201962
29642
84801
10984
2801
7736
3923
3996
17955
62475
83111
9805
2769
32052
49261
49279
52396
71483
41553
28647
9159
79648
18183
8826
87749
191107
7354
54596
4329
1258
29006
56442
8951
62839
199592
15121
18766
46250
13372
13429
14306
39111
24657
10272
15720
17006
56453
20774
66692
68853
8041
17210
65930
3674
5571
9201
9929
11000
52220
18871
35303
78556
5815
47913
9501
12189
21464
36529
17021
5396
20116
9909
86528
13751
5208
26837
59161
15937
17130
35480
69710
3338
16574
14301
8077
10602
59521
44439
89161
3434
58581
79299
40252
70611
35562
5820
1046
9343
70255
69089
34094
170859
52295
6689
24053
53041
16693
20822
52807
8591
39907
35701
86320
15715
75721
53720
50083
71660
13478
19032
3073
69515
3111
24038
50436
8284
88408
11452
2931
7005
28608
88571
17614
48595
7834
65511
11817
36004
64706
77742
30667
26336
43195
1214
11426
15319
34902
13578
52275
19460
16059
21272
12309
93327
32017
12966
15813
37647
9833
8860
6686
7587
29088
79694
29910
15749
19401
18044
6811
48064
72726
78355
85821
79375
48647
3902
60826
14917
68411
19080
38460
3588
41326
91053
13004
50958
59469
43690
65219
29114
41425
11644
16490
45658
6928
5911
9750
33717
40129
47426
7787
2167
2217
55179
51268
4817
9649
73789
23156
13473
71188
2161
64071
246024
12395
60013
66254
89482
18311
72547
77333
573
23111
44491
46451
86896
12587
4052
33971
1595
15355
72212
77264
33216
35255
36214
210307
21358
5851
20961
68117
17982
24751
7762
28657
3981
30087
10893
62546
10207
40476
26266
51598
2814
7504
23326
7523
39474
53268
83486
58251
21902
85236
22399
57172
21850
40557
12315
27857
11626
82687
25774
27385
74368
28300
33701
78493
86334
46517
74056
85347
84226
15803
58533
65319
3815
52349
7624
18332
3820
24761
35166
27173
822
63576
66741
95717
203939
45345
46482
11302
4053
25709
78290
79571
8167
37250
37310
2416
28878
58446
3605
17085
56837
47500
48304
2885
20981
29609
89755
15793
87539
15171
53931
3266
20045
36722
86108
6755
15585
8012
24167
45640
13172
48872
8029
41603
7872
16145
2215
10927
76526
13998
1320
92288
24773
18865
35136
20265
384
15412
26714
66599
4212
17516
23344
79062
38331
4630
37448
58300
12023
13304
66447
76719
1297
43906
4441
42711
64045
20432
29283
44038
57704
20558
6565
22784
4742
13582
24955
25315
28763
46671
59670
94838
17855
1028
3467
7040
1859
38425
11822
15783
54900
13899
19272
42338
10345
40823
3471
19181
39291
70007
20646
65787
74162
76713
4859
6005
82608
89013
915
86018
43612
19303
55649
14777
74248
35727
1772
6185
7571
11932
6898
59655
47326
47440
31882
62095
9509
26753
28864
7647
91229
19232
66337
77231
21792
51193
15802
5687
29921
43693
8652
23288
65027
1447
4074
27413
2732
58751
5945
38482
12253
30516
87773
94047
14080
21518
7990
13198
17542
53100
94093
19464
40621
6582
17233
3216
29500
7828
14164
24869
77282
29174
45625
40049
63126
25989
36320
2525
19050
5482
11328
40682
35680
86542
85596
14031
27472
30101
79817
23777
41085
47238
53063
11740
28014
35683
18109
9848
4217
25599
31821
34558
63554
71249
20720
12115
4809
67976
73119
82721
1384
18880
1082
12316
9072
17878
39603
53670
21218
31151
17073
2005
11429
19729
29865
94211
74120
90535
20417
7003
36988
28632
209568
11340
27143
7662
26548
11143
90177
76027
81292
6794
11704
28476
14670
3252
9928
22690
25117
64379
16996
19307
85623
9395
59724
42675
92226
12768
4977
10979
13921
3951
15013
12817
40773
47834
66514
26019
12662
32045
18686
27069
12293
59178
71359
23480
24572
54469
57441
5578
14754
20072
27515
40784
54749
58575
177603
17310
88429
60489
3458
50236
8139
52303
58899
32368
21365
55979
20189
9847
77912
27315
45140
67528
12258
16543
27043
35915
25098
26104
44102
6375
18525
5764
61660
237344
3681
5949
52515
69698
25174
3637
8685
16942
9774
15041
2999
9724
4898
32784
10711
40374
63613
31973
37753
28372
19173
46768
36432
88072
755
5194
14053
7378
24963
62466
7922
75169
36655
26782
72245
94718
13891
94997
36193
1239
8043
50636
15804
13839
84189
25337
35851
40370
85983
11633
1229
1688
13643
16424
27193
88278
4818
64358
37882
44683
13947
20078
33095
42835
8790
22709
16900
6644
23815
39155
67981
45326
13665
15818
4508
67578
70027
2820
15754
22153
4697
29113
38587
17571
26624
23074
80511
65326
20325
27738
5508
48569
14492
1855
20615
57469
64710
10371
51525
39094
85238
7057
65495
8916
88194
19853
26227
6677
37733
6148
35393
34021
7542
57790
70625
71681
14800
6361
14936
15335
55862
35323
44699
46088
46736
45287
13935
62486
8549
44446
40087
2141
2797
27588
8593
71073
19269
12822
8271
71293
43187
5587
13486
28934
4983
8005
63152
63723
16699
51424
3430
7429
11501
12528
22768
51866
45157
4179
50081
7904
8265
10523
45881
43098
46141
12102
26921
59647
63256
167975
15129
21146
51274
92383
17919
51018
25471
40088
19573
34533
18893
49595
55112
12448
14345
33028
91035
51047
22615
31410
33763
16040
7407
8690
70860
179742
30132
60210
86775
32897
62131
64351
78001
526
3444
43681
6308
26014
29039
20286
54835
222
30120
8007
29316
6776
33915
4925
11862
69357
19569
49011
53977
22729
25625
60854
3258
8925
26909
77953
6294
15781
87140
9095
80711
40335
5414
94381
5494
20658
30202
53611
46057
8881
64969
2065
6273
15354
4699
22576
20090
23159
36536
6438
18453
12188
36895
11684
29635
30561
6663
76941
231416
14673
18617
9825
47548
80165
4079
46936
238816
14852
12055
90189
81893
7745
1470
21260
15778
11347
7082
18474
40180
28776
9892
21557
87098
15366
51487
16337
3461
21222
8631
9671
55739
5181
50361
6533
46655
12697
15153
94709
200894
37877
60346
2150
5417
72181
2522
37355
3499
20363
30725
237
758
13273
3350
1796
30451
61337
24401
50125
62454
81873
47869
24701
12486
7574
85116
34367
77303
77575
14553
46437
24186
2132
67272
4386
6059
18423
72276
859
9912
10996
78179
209403
87316
3180
29723
72890
77391
34742
28024
30559
16177
12935
35547
38079
65909
25244
8970
34653
60003
20682
6391
53082
54600
2874
16018
47876
62776
521
31063
84529
29081
6908
27670
10130
19783
25885
38789
9391
15346
27221
15269
6068
7251
60738
7625
8820
13470
1949
15770
4626
50960
95218
6331
7711
46729
68042
28279
8577
11294
6810
19239
707
11673
64619
23371
69983
81870
87976
93840
9594
19342
95272
12724
90373
19163
16987
9467
54589
45605
11156
11105
33155
81555
13390
34088
28945
44878
1951
16302
35212
70078
82074
217790
28718
55223
36947
336
88251
77971
15050
45696
4681
6637
60294
22060
15257
15487
26168
43859
49879
70564
8592
10558
63682
76742
68394
228753
4503
6358
42127
65932
83083
23839
43365
4028
22546
25092
46007
82622
11016
17231
1851
84501
27419
21066
25791
46422
13754
7333
52870
71492
11053
44182
79021
20684
68565
14333
16296
61744
79103
9744
14129
41248
7655
11906
73624
29925
44037
15460
35234
21616
9907
29045
71970
94408
7897
4692
21745
43328
87256
28705
7565
60273
14822
71209
5612
9949
37280
12825
32100
29784
8293
9984
15930
23949
82740
5661
58548
2256
15528
7907
31966
45951
3957
11766
21761
18877
57716
19846
28115
22338
12232
17785
29960
61383
11331
8075
9585
50524
16219
11466
52931
41012
65063
52680
13184
80334
26499
2156
18120
17318
21604
78713
16365
24482
21927
6503
4470
33890
7861
58345
22668
82984
72343
7681
46389
59571
80186
63259
17809
7332
40398
34656
58305
40098
14352
65277
19568
23466
45085
35617
39970
56267
20864
47772
73749
87502
25030
32641
33771
61055
69367
94429
3318
66151
41829
12029
14358
49406
26211
79058
10266
69798
9139
10202
26264
78249
7699
65828
19981
9576
18357
25026
26228
31091
78014
94248
39802
15286
39492
42642
3542
74027
12921
53818
38696
88173
11662
70825
74252
61819
27695
65942
33528
245
13976
34736
2516
7260
78224
50562
59012
84301
12777
20069
31385
22564
78620
64111
2816
31812
77839
84283
25629
22924
75354
9297
9162
9790
32631
46261
10355
8189
26183
35559
39202
39923
26895
67926
1563
18165
8291
69717
83754
15233
18343
57628
77367
31969
30875
27785
81501
82558
11661
81404
4450
33319
38718
2032
11995
24593
72677
90942
16893
9853
65506
8322
27410
23171
80815
5989
20877
65086
68755
14706
11151
18085
17047
8973
7031
76227
17471
14008
14269
24268
78062
8269
5567
12579
10519
11045
39417
47308
69299
24065
30337
54040
58046
3283
56695
64121
16374
34362
93801
61535
6011
62980
11811
47506
13750
47835
78636
18526
34295
22868
75527
13126
49002
19752
35254
37844
73165
31013
56246
1586
16575
17358
16207
26297
50578
41019
41372
81356
39013
46933
10675
71428
57956
74933
66425
2058
6933
13258
14280
11283
1348
4226
36292
31498
6909
9733
14336
28761
11090
12895
78302
14120
51922
54360
31053
57650
62532
5778
679
2060
1205
17034
46025
94533
11168
10382
17902
33850
60681
31617
14583
22384
28299
93432
39916
51411
54789
7353
21774
31337
30412
55341
56257
13290
17483
73071
4246
4662
12802
16691
3273
78015
16066
41670
48752
52540
89417
8531
12793
27817
27906
6416
48567
20409
32157
51309
19405
11853
56179
78185
56397
79515
73835
78157
41928
1540
87396
29211
46205
16217
53442
14695
16578
53170
26956
8081
8949
11672
26592
79830
4240
25221
55143
57689
59528
33750
57265
36373
18193
11810
172100
4266
8229
11428
26317
1982
17440
38944
5549
8991
13716
57411
70290
49126
47004
67599
6229
28430
13024
28508
56378
37538
16551
34129
15403
34218
89063
5297
11033
23409
47192
94912
3634
34163
13382
29495
54409
57322
33639
81705
26065
24644
19027
47807
28149
8451
8805
11733
26998
35693
25977
19000
82525
2793
47289
60367
20540
4460
11086
6063
5246
15891
54079
8697
18373
675
35728
10346
36104
36162
62951
32290
43718
60416
12300
15824
46116
20604
39964
5214
91928
82565
27962
30976
89095
11722
39302
34763
22591
52940
79149
71679
5299
36683
16293
37693
55831
50213
196745
17933
20054
25006
25678
52619
37780
71142
41135
23021
82520
85317
86037
5707
34897
17183
1194
18892
39618
76980
18326
26739
24202
23719
36864
8117
13747
6265
12017
18781
34578
24098
51012
28621
8290
17624
5101
26519
39552
41476
11763
5446
40103
4286
21400
50910
6615
14243
19815
8262
14122
53992
8072
238469
60012
49577
17671
72826
27944
82515
60612
28261
56768
4838
4929
58800
7940
56888
58248
15915
23384
44518
8170
19133
48459
71764
75362
44647
11912
16336
9409
18424
54120
39722
8431
28205
37202
3891
8917
26190
9715
23879
81400
1874
64915
46683
86908
3270
52651
75959
31534
33649
68476
51623
70221
9354
25756
14037
31451
51275
31325
9773
29377
8159
20603
22108
31706
60894
27420
9819
29090
10956
12874
59327
29868
32713
12985
25770
40473
74247
38562
54302
6371
52761
76729
50970
65077
71053
17961
86300
33535
11180
81396
95177
4499
23032
79987
11855
11185
12788
30760
13118
72553
76012
12824
3457
6885
13885
25559
50474
24010
69355
33652
24270
44232
13415
18170
38707
7451
29013
88108
21026
27642
81978
12804
20807
22372
47368
29259
73709
53121
43752
67039
6790
20940
29542
12259
9312
52893
58701
80244
50509
29472
59082
64512
57444
113
43919
2485
14735
51390
32483
5447
12950
50132
157526
35585
52860
88395
25108
31350
86297
16744
4205
3594
17123
25432
57542
79146
16021
41270
43469
81344
93655
15031
13555
1041
1827
9182
36456
38919
18383
10910
15312
24199
61199
6322
15949
21864
25749
9335
71105
6569
3573
14059
9538
8753
161530
49754
8615
17376
20323
73533
14698
18586
9874
4853
53081
61416
909
65611
71552
5632
77291
86050
31376
3503
82385
3406
7682
16795
36171
23641
69193
29413
3308
47999
19264
83778
91786
10655
56992
80313
2598
25828
39397
32504
67100
10256
2884
14784
4768
36814
44656
9189
18352
31314
19468
14039
27197
690
14004
21307
2471
25673
3839
22379
12339
17501
3978
21199
50492
45006
25370
21986
38994
7326
10641
27995
86286
12852
17324
23417
28025
16828
35306
19682
25752
35293
36180
38672
77033
78976
73013
58435
22839
26709
38661
6523
10488
91156
1101
13375
56129
27585
55000
13868
20541
13559
14899
11529
4159
9917
20918
37008
58752
8782
20389
10456
12757
39927
14202
38999
15373
24348
3553
48233
79659
16015
16343
28067
13246
15540
14142
41960
4616
9431
17741
91268
37934
64507
6239
6920
17445
16475
23870
31195
2103
19483
34459
91417
24332
9367
53851
59951
2239
7362
37582
39754
30499
2856
45770
4814
37416
4537
28410
152650
18387
40799
52915
8085
60736
4519
86771
20239
11547
62688
74077
29890
18605
22956
87905
9147
49991
84470
8165
90955
39516
37568
14577
4628
75177
84364
9680
36196
15525
44078
58479
213098
9090
3455
12529
48528
15206
16786
24444
100
77154
1632
58371
65411
17915
36482
8149
17561
22750
6014
27567
83581
18149
28556
37457
10618
15452
24403
35584
43032
4686
48038
57238
11641
39527
70104
31735
43355
22349
6917
72710
16842
68639
43406
16890
68743
37282
33350
23937
52961
25841
5712
26292
51086
13818
30869
31137
13316
40064
51280
10391
921
31756
53845
55492
26209
54099
46693
65035
38943
39204
14567
81340
38649
5745
31251
71047
20485
24228
16506
18778
12621
42132
42913
21992
34743
11317
25186
5136
41642
41961
85946
4342
70153
8521
64295
32391
24050
4064
14420
73815
74636
16300
29976
39087
747
2897
51932
75524
10963
875
54616
13369
59977
56256
16556
484
44644
5844
72120
86970
6742
32588
90410
12492
13425
14172
64543
6140
16141
21112
48809
19417
94687
13120
14844
13494
17760
27082
23017
21988
18857
64815
11640
9797
79221
30074
9870
35636
6101
45427
82637
502
5827
32850
4452
34463
3356
87811
20173
3965
11889
13538
30520
34766
20960
21863
84457
15284
53140
51555
10003
27997
3192
15710
5818
39668
28238
19670
33472
42077
63670
75907
18291
8176
2499
18998
10217
26870
7510
26678
6349
40186
17787
85231
47283
43112
57873
12361
85713
32603
79722
36732
19538
47824
61209
21881
25910
46819
48780
2775
6620
11279
89346
242333
21134
21425
39167
26602
2377
12464
71927
4588
10340
27545
29493
2963
189867
42029
8687
14071
39688
40727
43660
24385
11215
58880
7533
46922
24985
34150
10570
19927
51442
21597
78170
45163
80246
83306
35629
69905
25651
31644
8930
15455
74291
32530
44932
29389
55773
64313
91236
9507
6946
24666
60418
24324
4223
6823
28538
47614
8856
10901
48037
26401
10381
36074
19867
58747
70342
82634
3931
37956
31705
27971
2383
70714
1986
17730
3197
65769
44219
81109
23130
49175
48140
81351
20167
83902
63187
4309
5135
27354
51087
30686
11377
59037
60040
8248
15910
31039
31562
6674
11348
4375
19671
5597
16952
67486
57479
9632
84686
38156
21156
52610
66756
15439
11679
37175
6024
36352
76321
6497
29545
11451
36996
21330
30557
971
25442
45454
29298
45793
47124
2783
14810
39867
80248
18354
21299
18981
94918
14722
33591
12077
22121
78285
16295
45466
33664
46361
83764
744
20351
11404
6319
47122
91020
59140
53642
39805
12604
29958
36414
24343
12975
18260
881
31760
17190
24393
17220
49259
57296
48928
2833
33593
61364
73074
7037
11606
65702
90146
21969
65972
3878
24988
35413
3589
8846
40961
17852
40170
6988
33356
59802
1837
69590
6321
56794
17049
20254
21354
3897
13999
23146
3716
20537
24030
25662
41131
62623
8347
38424
29918
11503
50510
76095
54866
63630
13543
40671
1964
9073
35838
53601
16529
37726
40139
23549
45891
25523
1164
7002
22637
40358
57717
33075
66320
81588
5463
33540
36111
70254
10733
11357
20420
41151
56075
81585
31810
12891
62991
8982
25708
35643
60080
43441
64151
6464
62910
30076
44576
26713
45867
38921
27766
9981
26208
84999
5109
53440
61664
46083
11514
87715
10969
14471
92649
42823
3544
37717
15611
26055
2867
22116
13049
26389
7191
17180
39303
36165
59993
50570
70827
27172
27430
32363
4352
4845
35742
13795
18641
47193
1941
88017
17796
42837
60943
2928
6113
17308
30678
36802
51284
68222
34874
72597
16794
19932
92204
36044
26099
41853
152688
12865
78573
41685
11868
26759
44024
41658
50110
40786
92060
11231
9560
157
22807
70558
31959
47640
6309
13581
8837
13789
67765
28441
3828
4500
18837
40338
69430
26612
21542
21574
11078
34093
40657
64763
19042
46331
22469
38937
41127
11572
75349
5127
1382
27255
35776
37715
10842
16865
92991
11534
20723
6962
33291
40231
73193
86236
6581
18267
10372
51448
14247
17234
75150
4864
23378
13826
14380
13687
52066
12934
14343
19643
46980
90790
15308
72442
6246
24509
32001
39622
60258
20052
5408
3696
11438
17240
40509
10588
46320
18930
67854
63662
63266
8098
27929
65386
2742
31752
32878
40624
243343
30551
1975
18199
4978
52671
11753
18308
61925
12881
22791
45422
34303
52390
66836
45243
67347
7026
39656
10362
750
20953
20815
17465
46950
63430
95085
25946
27123
35272
64697
8180
66230
14683
26225
47596
37429
34551
51046
11807
45933
60730
8640
21054
8710
45978
37564
52448
225505
6084
12583
57735
70527
3936
3803
2510
20627
37183
77269
39737
6803
15544
1746
29442
1075
11085
7133
28146
48085
55512
28156
74397
94212
42268
52665
36369
62732
35796
55136
51741
4440
36840
3535
56167
2199
17864
39475
52287
23796
14595
15448
51833
9250
14399
31911
3814
93604
6264
1226
12866
3360
42843
7166
4659
29772
27780
18560
30368
55769
10317
35935
39350
83750
10867
46161
51990
661
18180
17371
66814
6276
13787
49814
11846
16279
40323
19201
18611
32370
43217
14502
15011
4982
31764
5267
7641
85152
30575
37631
3492
55110
12533
24876
6698
11095
36733
90128
818
68301
75105
12875
25866
12436
32570
11081
24481
36250
43382
71287
31978
80563
61206
240475
33041
62041
83272
9475
88259
1565
10542
2930
35571
14026
15993
51234
10017
1493
10140
31104
35195
4289
10104
12193
9658
14827
40625
43453
60583
8797
26555
37308
44145
80088
16594
19577
33509
19128
56491
5160
1036
82805
16666
71725
6667
37995
54751
9611
23799
43467
62225
49826
26200
13969
29550
8238
19337
32556
5455
1771
32174
89322
53379
30662
3048
42815
1612
3290
17701
6968
32315
10335
83082
4069
68156
56534
10929
75332
1427
24628
39426
4948
28919
4759
6330
50441
8231
5710
35908
50017
9301
14574
23619
63415
42382
46992
62707
3838
12961
8876
33550
18013
57424
5012
27320
3493
63305
83901
8594
37197
51199
11106
11780
70818
8910
40424
33513
53663
55018
94205
4356
92550
6782
27933
38453
49712
92824
57610
42884
7714
15036
80904
5875
11080
13568
5216
7083
15499
20654
72101
92080
33970
8458
6836
7418
9035
52204
57949
68957
4004
6555
17891
5075
24233
962
5468
12932
39582
35246
11100
27282
22983
47488
77650
11680
80798
73858
14607
33621
79588
9603
32129
70735
7640
20406
79488
6853
18664
66567
9555
9669
2410
76089
212393
7590
8995
68754
5298
3919
20889
14541
7065
34045
41531
21962
25130
44887
67354
28671
28962
43181
45435
241244
56550
3313
29738
25012
93763
27271
6266
18160
62427
88463
17320
53294
26742
41538
61400
14486
14226
35110
43402
52589
85148
12169
22168
94848
7628
33532
84390
61058
21415
43016
39973
16093
15240
20572
33926
31505
69366
20430
78322
26834
56407
6086
51700
54874
3986
31144
3651
15272
52305
12538
41345
62447
39938
46632
44639
8671
1853
18043
18470
59036
13033
72642
8926
12147
48699
32153
36928
9313
39405
19755
11550
27227
35452
59965
59569
51302
17612
19768
30810
62070
67745
7411
23040
3763
31049
12732
31695
14897
43259
26257
83806
4190
11346
68572
20508
43347
14625
19980
21463
59542
36421
52152
62259
31147
39249
29177
50897
84591
90130
25891
18164
75778
20283
18226
10339
30371
38427
25465
25784
41634
44003
67328
45943
15359
85812
4337
4972
9156
65753
90700
47566
92340
76506
89871
6721
58205
11637
2440
10341
19363
12833
22196
31133
33973
87987
39539
11049
13104
15066
29711
970
18859
66885
92535
93260
20592
58507
34559
48964
3208
5577
4160
85881
23841
24285
48005
67234
19123
75509
52256
903
20447
49575
64352
64204
17576
33313
93485
10790
11771
78724
26996
27927
8877
15142
8692
69991
2815
15656
55786
17166
20310
4644
23486
6223
24645
29010
45735
7994
9704
34769
19119
12509
44045
9557
31344
33585
30269
76514
6910
20781
22145
87196
90751
30416
13035
17385
29787
16739
25728
3556
75690
37891
15279
23394
28342
45859
63151
21410
40769
47563
35035
2082
13244
20588
15759
26141
62586
5247
16971
82529
91954
47272
6735
46179
2362
5583
11628
62502
22572
44027
9352
21202
35635
46608
32837
41636
49170
59229
12516
4001
61558
20025
27704
34325
41124
30972
50178
2766
8681
5019
5049
91232
15664
5909
93421
27935
7185
23059
36012
37002
46676
3332
62842
11602
14606
51913
57060
20569
40495
2303
28659
4463
11825
42616
44716
46884
6789
74554
4400
20543
25895
81547
2727
16803
9708
41111
9751
33392
51076
33320
36465
8337
67622
89287
13852
42629
31670
68127
4152
29903
10499
12809
25717
11794
38430
10111
31935
69015
11789
25468
15513
32790
37098
4474
29457
26407
93351
54065
31802
23527
85062
2403
41904
29487
33338
77405
22763
52041
68695
9128
22778
15329
855
27090
46203
45041
65789
70485
87519
216387
15812
12295
35409
6328
11805
85979
16523
12551
18066
45843
18854
48145
52453
11728
15569
28546
45594
65088
73146
30150
7127
16837
10067
15220
19166
26640
13236
26667
3009
80856
26084
94751
9667
27833
27810
28804
57596
18053
10653
19386
92193
8373
4285
4544
6202
28188
85677
92207
5939
21684
30067
41439
2807
12078
27167
52014
82038
19390
26988
41702
7910
15202
5561
33373
50702
55549
78599
6363
34336
17944
28969
35433
42173
61544
14265
16382
47100
95559
10515
65550
12556
20967
22680
11079
30209
44719
17391
30160
63504
14263
31267
47848
74493
12200
52490
8303
23018
51443
167395
25367
69097
17728
19089
1703
7430
70553
3684
19448
42088
44472
12782
6633
11044
15599
41080
58334
82015
26162
11521
12508
85353
42054
52484
15626
30135
63544
20279
74145
30777
89046
15028
51819
89780
8666
39054
2467
47645
94968
5551
49382
10789
13180
7573
32916
55343
12569
14132
16351
93331
23880
68304
70103
14726
43250
42546
22821
53238
32787
7829
13274
22273
42123
5011
5716
16245
36781
85349
74653
43320
3935
9906
37763
45035
5889
13634
36479
83964
10988
12786
78419
85543
9183
32563
37435
12140
17898
39214
71495
13503
25621
7061
40619
12070
42648
91200
817
77311
83008
85870
24590
56702
1488
3188
14644
21928
23614
57592
86891
1952
5322
29267
8507
14016
61249
80091
15551
54395
218784
66169
78781
13682
46369
22114
30820
43716
64963
4963
7761
21623
22014
23252
58085
82464
1588
76933
63636
13939
18025
78226
18374
1291
3144
13792
15390
54143
61378
23164
37638
37085
10330
67929
25267
25682
49516
78304
79566
17917
10596
31273
8658
20183
2412
9040
42024
81813
45240
7468
15048
25091
57805
14047
211342
455
25654
41982
1693
8489
65079
74697
56443
22631
7493
56730
66375
19655
62138
15299
26885
35764
46333
65581
43000
43216
10252
11500
53259
5296
23791
7935
10188
39149
42398
80931
35750
92679
6163
3962
15437
30647
34033
35157
36335
39048
11918
34053
46417
17193
43260
56141
11497
18882
50889
26098
33922
20692
42332
52684
13333
16127
53915
27926
49918
80516
30784
37705
39498
51322
238448
17317
22386
18918
24566
37009
63863
3319
18126
39407
46657
12641
38205
44852
79300
12086
4332
18079
8425
5846
8416
21389
27882
48493
67087
73828
85576
1099
11747
15483
14660
16833
4645
7905
38491
45784
46100
49724
13699
16686
49135
66884
6668
1697
58223
66926
9703
19564
40002
22672
27558
69472
24762
28260
44916
2554
13028
67632
73585
32683
3271
55971
86854
30594
42347
1494
10801
12745
54778
69612
3606
28702
36632
54119
17740
29697
48482
4568
15924
42683
9697
14838
16540
8034
10079
29492
30374
6613
13920
8883
8155
12994
27803
8776
68126
8114
21952
38155
40053
41152
51273
52728
14124
32921
61678
3730
9882
42393
66052
85789
48162
68405
4046
60100
7194
7373
2743
41047
24846
7942
15848
19153
20522
68064
92517
4230
14072
35289
36593
12461
4133
30381
62639
1945
3527
5078
38494
53615
87598
83592
66338
5870
19421
1922
14926
1275
3176
21692
3146
4810
21533
39495
48957
73048
1854
6362
44812
245083
33204
41009
26347
21135
30126
27137
80886
17344
30779
49172
67290
2664
4059
25848
57660
10730
12791
19669
67190
13906
23358
18005
2855
14962
19798
11375
36201
5693
66054
18827
88088
78234
57205
48744
5278
6941
21747
22666
49760
75032
13509
20204
7673
18967
33179
24112
12896
15833
15836
40112
8993
20489
30742
8403
59968
81490
17887
24475
28170
67205
25199
36164
60712
9477
9918
14262
58657
38192
23740
26690
34923
35614
10876
5856
8144
10724
70392
79133
84199
12394
11311
26843
62214
67010
77019
81944
37556
16798
41528
10959
63783
49054
5475
15177
24642
21629
54240
6169
16252
23044
4735
7309
15612
15899
68252
71818
13301
47989
40874
65819
1538
21714
30212
38681
24081
14518
37506
92998
4745
1890
90455
45112
55224
29806
86914
10438
32454
41378
73804
61407
39345
42216
7693
39319
64604
6377
9685
8778
73825
4339
7791
26763
4995
17747
47841
11746
20375
32007
33108
56235
89478
4811
5481
20377
46423
19110
35124
54042
91338
11778
11815
37172
58293
60477
17198
14162
15168
29993
88655
4839
19155
74551
16077
50627
16247
70147
22064
15646
38642
59479
22873
26035
26961
70617
30705
25876
20467
15589
16415
47737
48743
56999
58877
94766
65966
22026
33311
156532
85023
8722
24425
31625
44610
52011
50318
30907
63285
13908
4395
87045
61924
4911
26356
31085
21121
26258
58977
11908
74641
15696
18954
7649
73995
18003
43568
78885
16908
33210
50427
52942
10912
87101
40568
49897
7703
2511
16659
19190
43419
13501
26022
45097
51901
3161
18661
1045
56276
47065
55226
19060
29508
64416
6511
17954
48704
55219
7727
19178
51333
12769
86801
22084
47633
70770
10933
34124
46452
19953
90650
7568
21828
32117
26122
39228
17623
79845
4303
14108
22945
3251
7944
83876
26288
26367
8636
12929
18162
23852
41478
51192
86985
90922
19208
70496
38930
29454
35250
46242
61584
22589
30017
2568
25112
29350
24054
47226
51010
6774
11202
54698
24282
28899
14136
14938
32729
46674
17403
22175
43493
607
14381
18648
40461
3288
26192
41718
2703
55116
29562
11654
29353
29796
41966
75051
74755
6167
7506
81354
10059
1343
17450
26253
30138
46034
4308
19187
78118
6752
9075
13974
28496
10477
12018
87506
13695
21971
55346
11063
30492
51885
35682
40362
43510
13653
24485
35904
45726
49403
4279
26147
65884
76458
5085
35542
48169
4796
48317
67810
8345
16531
22638
47077
6651
9008
23597
37063
59143
91868
12167
22044
38838
33094
59557
244
26483
28481
22757
17429
27051
26472
15743
10222
15204
42744
46559
6201
7179
18443
20711
72412
5271
83493
29393
56374
80316
16410
15435
25543
28584
81495
3731
70631
10787
45002
46578
47187
41714
17857
15566
24122
2172
28868
11785
18962
16809
5808
9723
59661
26004
4321
35000
8130
28385
87447
87876
3083
5217
24508
31627
41355
41565
52300
80363
2159
2370
7608
17051
83704
10913
14430
16560
76763
5425
19474
17651
37060
73592
7134
8908
10349
14981
12986
2811
6089
12722
22491
62898
70883
21773
21388
36056
43188
23298
45998
16346
35138
81269
21532
5367
15663
28699
34636
56435
12321
82397
8392
48397
3925
3937
30470
35812
11544
49780
8076
39643
53396
61010
70563
40007
15788
23966
27821
44712
3715
3550
25583
30613
34294
35953
220491
16196
46860
2553
4772
51899
26206
35497
13827
38208
85978
18772
19566
31488
10786
31428
51241
52789
67463
16202
7343
46137
93430
54001
54361
4314
62747
11752
26534
26687
14441
25380
15515
24402
42451
1180
13918
23240
56817
3633
54125
43630
63099
76943
3844
13991
42441
68642
21826
87830
10859
12577
38175
31173
57954
10369
27767
42068
27204
75654
45569
9446
34926
6325
9590
115
11851
15872
30652
22085
8201
54808
62076
13875
26774
5328
6359
10320
67536
5717
18717
47965
26898
31196
17953
19580
19654
6952
49237
14543
22889
41641
42583
70313
74757
72569
16562
29982
22716
52984
81369
25766
94
29781
12541
9753
19613
28262
164014
51601
33545
16211
18477
1355
13955
16760
89684
773
16364
19266
41105
18983
54523
66206
74673
746
2209
3939
22770
40115
47438
57744
15647
22765
44922
56031
82040
19185
74897
17633
21909
80149
20821
22977
93193
3479
10931
64975
5654
11979
78930
15392
20328
41831
48611
63735
70546
94693
8723
14461
20593
79232
24171
28729
37361
15027
16973
37860
6991
59794
165554
6975
31285
48551
25917
26838
44717
13441
20421
39753
49940
10453
45306
23478
49725
4850
47711
41088
34492
38697
59780
11188
11816
30221
49682
82078
14398
14569
7155
1197
75899
73535
75422
45711
82602
6336
23837
41014
54133
14307
17427
4798
14117
17274
27379
4710
11681
11973
53042
78532
10144
9421
54622
15867
13140
43770
15474
60527
46226
59467
7661
24300
50952
75874
35165
60132
68208
14189
18534
47620
21253
88358
92895
216619
11987
38417
39287
48266
12904
28560
36497
50710
82115
16782
32935
95571
9707
2385
23072
51635
52451
39748
8623
12588
21503
25902
38832
67235
91986
5618
91385
36921
5502
7876
26822
82460
28689
59920
70376
72474
32127
45690
56917
83849
25883
37660
53323
27484
58876
77443
82432
82699
17161
19850
34462
37372
43652
1805
2622
8281
68159
71805
34762
48790
64726
36676
8192
24776
10946
81104
10551
29300
55402
58183
60514
90738
8223
41139
368
88337
11542
32755
33684
48952
51973
92927
13046
55950
93228
19314
51595
16576
11955
23163
34764
79119
15062
23801
25434
25002
82644
7172
72971
26215
17380
5643
90429
68987
79015
6512
54006
63799
76111
16646
27587
36260
66452
6449
23538
54791
72216
31588
43405
50382
79700
29102
30183
93329
1656
19644
56212
1883
4481
7164
60484
16199
10181
15620
16494
39946
26656
17169
23512
33451
4488
40167
2331
11609
67129
29866
43220
93534
25159
37061
8905
22095
88827
26711
27132
52059
39773
45887
5419
6064
21726
59653
7113
8147
15595
17244
48193
11655
20941
80566
11197
17177
48819
56262
45482
8344
71068
8940
9515
34284
47391
169143
13876
15330
73068
2929
70282
32110
11274
30718
25320
31436
62696
3508
16775
9816
24295
30969
10982
6771
13451
25914
47983
81565
245610
22136
37652
4075
23913
64448
52640
82359
11548
25289
7530
42517
7923
28790
11834
13733
24238
61471
61880
84401
507
33635
27281
39347
48363
57546
70238
81414
26129
40857
45549
48755
61995
13673
15340
16943
32184
48218
26764
90897
22430
35721
37539
45438
45477
64495
76594
39557
9214
9995
22080
42168
48128
42637
52351
5380
26558
37643
64513
65796
10032
8647
20434
32384
40143
41930
83934
20500
21582
37683
41158
22774
15893
91166
6189
62812
67577
82980
21033
27811
30184
64415
68766
9061
34318
53512
67102
17782
20810
82733
1812
2952
3388
32543
53113
60893
17683
5501
54731
4927
70172
12123
86012
10006
13714
25549
49545
37861
69422
93572
12674
27710
43230
43976
49146
1589
10813
10990
11450
12458
14819
41365
32382
50885
5327
30172
9059
19389
51371
55173
73682
80118
80513
23398
43929
90835
91155
1007
19740
4611
25697
38645
52304
21661
22824
29378
37157
58896
69115
20482
6612
8423
11513
25095
23085
38030
43632
35740
46216
59492
3792
3975
5009
50638
55024
60480
12750
158
26570
17613
19935
32955
36839
54135
85886
93805
24512
54219
63062
79531
1286
6848
12908
37828
62210
66863
752
10824
4803
12623
16793
11888
17467
26091
11424
53475
62043
87856
16921
18411
65406
1317
8394
36370
27310
26422
38375
14957
36670
58391
85625
10041
10374
51215
2916
20358
11559
4426
13199
21910
27922
36897
89794
4031
21024
21335
23177
25642
31007
31266
11856
55712
7288
18351
19478
2406
56180
50074
34016
50395
55755
8107
27260
14276
26314
26381
57517
23899
36892
82926
25168
35438
42346
89413
19170
56718
41465
29130
51690
3984
7713
8287
18863
28913
34205
57608
14641
75608
11359
52502
4228
13121
20038
44007
69369
26588
59054
63879
36931
88600
26903
18974
46780
6670
70556
211645
15370
18574
40154
16603
45834
47897
57953
20943
21603
28266
30885
17381
20460
15960
47550
959
21198
23883
47020
86674
2025
2676
10406
18791
26748
87250
8316
28727
8747
4847
27024
46878
62488
6095
66685
78349
31227
67537
626
16091
30957
35504
47755
15825
22809
22943
69569
35942
14965
19329
20276
50251
12801
148505
9647
17307
31234
48206
20308
12435
13624
24609
39566
4556
175393
14362
36331
74153
18638
31994
8919
75563
94932
74304
81611
7632
63821
67776
31243
39403
31374
7328
29616
59476
81406
86354
5623
6703
7086
13146
39188
41438
42874
4413
270
20796
21539
34177
36449
8756
64643
74782
23081
32337
5044
15277
68672
21485
35199
7857
17733
73560
11440
19294
29408
5290
55581
14628
80435
85357
7004
71300
74201
77072
1363
18283
22475
23493
57615
62217
792
13021
82613
10344
37782
42267
43664
73802
2533
3675
30270
13209
49719
53359
59632
66979
14077
19594
35326
61899
68792
6030
6261
52120
12138
8079
53518
70665
13202
2758
24551
10883
53485
58497
2405
28565
22732
41747
48366
9381
19857
30308
43807
58169
2813
29835
6069
8441
25792
36142
57895
248068
5607
31541
2461
12396
38157
41185
37947
14918
17328
740
9347
33344
3911
21631
30746
55189
86657
6997
28838
31120
51748
89160
28292
35047
7439
16428
93920
4902
59227
11395
24523
33147
73745
93195
6731
10928
45672
47955
1130
38633
75191
10795
17608
18584
19553
34314
1336
5959
21831
46607
73104
6251
58797
2495
9568
30236
56147
5503
6457
17957
18004
21808
48342
1216
52476
57018
11948
62024
71309
15410
18466
48718
14689
16856
29965
37093
9791
27609
63751
15397
94109
5062
5843
42305
47229
17349
54868
4495
25449
61117
9962
60991
61574
51083
5288
11601
17037
21642
38492
44674
60983
85752
21637
43070
76892
91862
92954
8082
10726
21593
43508
65917
68133
66919
11524
13727
14622
15732
22518
83698
22516
3888
10878
22830
40832
46299
51985
11719
18550
78891
31356
39105
34211
35178
48621
63998
169575
45660
85497
37303
23573
24542
54189
67549
3529
16324
33645
91729
20979
34601
88838
21306
1631
20536
22441
148767
50099
182349
7557
10737
56901
44193
30287
39842
68680
3922
17451
47661
55305
82795
10047
17786
33301
42644
70653
214679
15065
20454
26666
49691
3112
14849
20094
25209
7275
12175
13354
75544
78482
95162
69112
22684
23600
37246
43305
13252
14290
19820
20388
26115
48955
71934
84526
8315
13071
89554
26412
89386
32526
69267
149863
876
6104
8499
8961
15306
40969
45059
48150
12001
14862
46721
24698
25664
28090
5725
8163
17999
30020
37546
10773
25364
31012
32949
37603
68336
19077
26829
34517
67630
60770
6356
13393
14003
29297
70229
27425
67546
21497
24625
26256
11541
12090
12408
17696
54990
62690
86757
28770
42017
73883
28709
75394
82661
5258
3991
29569
39003
50914
75122
31819
37351
51674
92533
6929
13418
29149
37990
11489
56268
2971
12880
88628
13718
35550
51587
7498
50904
10553
26641
30670
45096
73040
87448
13483
30692
38627
53330
63320
4878
34291
7853
12945
30715
35313
66848
3091
9897
24765
95386
8896
10055
14811
86869
12264
4946
9410
19046
65385
65571
12456
37655
91240
37088
37405
32879
42418
19934
26908
63736
14570
6984
36098
6579
80058
90899
42370
59330
31647
19988
60327
67955
22777
29286
39113
47985
57878
863
52823
72795
5985
10815
20440
61774
78365
82698
1219
26443
28750
67459
93034
18514
37456
7327
14143
6227
33517
20346
24372
89838
191
3347
4908
10299
20642
29732
80706
34126
35811
60445
88515
399
20000
42001
9694
17265
44587
9613
51516
68992
27353
23362
57712
73477
4094
9786
23864
53757
54654
65903
22811
54455
56507
85906
3707
5936
22916
19331
23917
10037
8056
18905
20275
20749
35774
24755
71717
9152
10009
13882
13585
14105
23241
30765
91118
6655
14454
69521
20974
60654
24154
12747
23235
26737
28983
47692
49401
54262
95464
3344
6134
10962
22461
28662
36097
59124
6110
19256
80357
19635
83743
29621
69581
1950
29052
42269
71464
77819
87522
92861
11376
9730
73950
24974
7576
85541
30260
16079
22167
41402
14928
73738
12145
12314
17616
18270
29398
39272
39977
78911
88762
93974
49339
71097
15548
34712
39721
90593
8780
24812
29571
70058
22789
36944
43061
29404
35836
36599
43923
46306
46484
2903
19167
27794
33565
41349
45691
50123
51404
82092
985
12359
8473
17880
28227
51185
76640
14963
15120
38791
40443
46838
75810
2682
24695
43157
2901
23396
35655
46429
94244
6895
28466
34441
63452
86377
20509
8141
22128
37398
43571
56879
87117
21143
35282
58140
81222
162451
20703
24236
8168
72948
11954
13051
12255
17834
29465
35322
40510
66967
71301
16320
3316
6213
37847
81316
29591
42899
7432
7591
30285
5450
24106
48622
4852
18988
22725
31352
38016
44375
90594
54386
22093
14044
4051
6218
23047
36837
21697
26832
41227
62127
62614
76954
84362
28317
58819
68037
77979
43161
64723
42012
67024
81087
95
13791
50717
51730
59489
70884
14547
32280
36295
9129
17920
23471
25129
35145
3460
15010
16820
32306
82603
47904
88535
19382
19182
52840
6648
48308
54439
45115
22252
16758
60391
149175
9872
10958
11047
20290
26887
47389
54879
59086
84012
89130
21458
63034
17931
3504
50415
67569
15209
67042
3548
6527
13131
51285
83421
88308
6480
23612
25950
6781
87930
14997
21682
29625
60378
11745
25553
28628
45693
45925
14960
20782
71755
75715
18141
89065
10810
54338
69897
1587
78928
12647
25469
21206
36464
50986
22476
34338
53800
87546
87630
88888
10118
24200
10479
8386
42471
13888
13349
23079
500
34886
83166
159365
6164
8351
15248
32015
15405
24062
32957
41335
45200
71709
38505
54693
56684
11847
11956
12463
45753
67071
68279
84333
85344
95398
31242
42365
65719
14251
25177
2746
14186
15351
31671
37460
50613
74869
80868
93873
3769
34919
59328
60777
83208
18342
18564
95362
109
25025
27469
52436
54935
76650
3268
6290
6863
11057
20034
24959
64130
84921
25004
57597
8614
24219
36876
6087
14316
42948
50164
58190
8864
27597
41437
57106
74814
11225
12855
15236
8220
9851
20226
24656
36609
43021
10594
11658
13688
22418
51401
58477
54392
2611
12958
18566
19384
20266
67479
21138
94480
119
1202
7243
7751
9408
24568
29328
29851
6045
8621
64809
13732
29926
32282
17778
50794
12951
19142
61551
74689
82024
95320
22392
41564
45805
86204
18713
34820
39761
65231
26404
58923
7965
22930
42988
55728
70433
8672
17722
22319
25889
6662
25640
32692
8727
15164
16762
20512
23877
73260
83223
84278
209480
16807
31931
35299
7722
11434
12548
23758
35956
95008
17454
38611
28143
57064
3699
10608
13500
28869
84488
17005
21038
24608
32792
43120
55867
58986
90069
83859
10473
75461
30383
13230
14121
15105
21213
37951
48084
56280
74994
78397
92712
15131
3910
5634
12096
14061
21395
28032
29581
57316
58498
1840
69217
35122
3353
28989
37784
76443
83578
12398
29980
39743
70637
14532
40971
48671
61223
68954
4907
7272
10565
30326
67740
48518
53877
57928
60537
153196
69017
22884
30618
38279
59198
10936
45134
2252
6496
80205
210126
3780
7363
7757
15005
36700
3519
54507
3005
12996
45044
46130
55941
72872
9789
22618
71432
19551
49887
10034
25334
3333
14715
15853
23259
26876
47230
11145
16099
34229
40608
80897
50882
90715
95088
48740
58721
18568
31621
8146
25692
29683
47975
73507
76927
4684
19310
29157
11838
42136
2273
5235
18090
18909
46542
57898
89077
8352
13677
16675
94877
3399
8353
25930
52653
56168
11663
23150
53618
94096
90198
34569
75458
18796
32757
42125
67292
37421
34719
5291
8478
12826
22241
47731
80579
30644
35221
95288
13462
48637
963
7195
21600
15345
8735
29351
30856
1570
12873
13563
14018
38712
56896
80345
11142
15210
40095
43396
43902
16928
71408
3400
10319
17650
38676
49310
57005
65389
7337
41289
52183
7823
37029
45847
51747
57104
83812
218881
16400
28923
34169
43442
4943
10615
15546
21391
36381
44947
58325
67560
20471
25986
30821
33388
91106
10450
17293
25386
33159
14260
23526
25524
27190
39410
40893
44935
3411
13410
17693
31888
78111
9672
9737
37593
42495
6838
10071
20048
26372
29085
6314
16315
34276
44213
60333
13664
45884
51416
94111
33298
9943
30012
32310
10182
38743
42897
60516
69312
13022
53343
68716
88377
14400
25966
39776
56163
25410
3523
10536
12925
77263
94850
9323
29762
36195
4263
7224
15675
33963
51201
94589
5292
17762
45252
18322
22738
72052
8487
16438
74995
6538
21822
45719
51997
9716
23743
42889
58540
61837
86121
95146
25857
53306
63989
12811
8010
17010
32917
42288
57774
87393
23996
42641
65731
233622
9435
17492
30044
79657
8395
61606
63198
78523
81418
4008
14431
55723
17484
19716
37845
4987
18492
7569
11107
35372
39136
40070
69551
16011
78208
240647
18327
3209
20470
23626
24095
38985
27999
55049
56977
14778
78453
1127
11883
14224
27341
83866
236
14448
64897
12160
20937
38409
43209
67119
4358
18519
31236
4319
13412
46472
59883
242997
6033
15571
13628
15109
41861
15810
69788
79024
95619
12477
25166
26544
39018
42208
77875
82035
30852
44245
45294
5314
50564
72230
14696
62196
6067
13569
19592
37989
39943
40212
45016
50151
54965
11296
29007
37879
10165
22318
31250
60265
62595
64090
22773
39226
39783
50715
78858
46224
50947
64055
29709
4637
9950
47986
61580
73113
24474
70814
25296
32625
50504
91703
5018
13681
25958
7284
12953
44436
21423
79841
85735
89632
92781
17261
23041
25062
35675
42820
42901
50813
63387
22141
13806
16610
18816
23878
47984
53235
58972
59600
60631
68827
69274
2899
20566
46094
14802
18014
18367
49174
57393
77317
148654
23915
39996
50901
53678
59649
10543
43386
54266
80397
233969
17668
10907
1182
40880
19823
26644
36806
51779
52876
53794
66203
73551
37954
63973
65266
796
16326
5489
5114
27869
43197
12531
24461
7117
18029
19563
26561
12119
25340
25722
7401
34066
94323
230638
4971
33655
43408
53380
17744
25041
49985
50490
60926
244980
23583
46370
51008
66141
13207
59103
71862
87819
24392
92994
14501
24573
25961
6019
6539
26038
30926
77945
20837
31098
43850
68236
4997
5678
17813
31734
3365
27414
30672
93393
1252
16845
21560
28606
32352
11073
52105
5928
33579
43650
48694
75441
1072
11379
40481
62691
9330
15039
38868
4834
17128
28973
36254
62643
75725
48554
73391
32772
15616
38829
80414
86587
6306
18203
68804
83616
86272
7605
11895
37827
14654
19916
63212
3676
8578
53530
21303
63299
8102
28436
41419
60564
10402
13810
55730
75237
4288
42369
77299
2120
24168
78898
1722
12380
24266
1624
21172
31855
82216
83445
88034
5485
6455
22538
33917
51889
55120
35475
57621
10134
30837
54115
91099
18878
19814
23064
31028
42522
70921
34464
35467
50974
1306
10380
46598
16839
55681
10077
38589
41095
47300
4068
22578
5582
26083
34185
43208
76946
82501
153460
13387
12830
13480
19555
22031
28746
52483
72504
85993
86702
1578
17969
10662
57690
68349
2220
22594
31168
68430
91952
56571
83671
39571
2697
87774
241066
10610
18680
19615
24749
37722
2681
17664
32020
36577
42101
70490
7112
49061
50853
85189
90498
18000
2162
74147
49769
75879
12163
51499
66862
77874
88643
26067
64919
8728
10472
15969
20376
1213
8619
9780
19510
21701
22432
23399
58302
27262
33889
38333
77158
5070
20390
64976
44819
69110
928
12736
31454
80068
4792
15665
23674
27533
40043
64882
6985
10772
14064
20772
39945
47451
51620
58594
60245
19209
20531
16939
20076
5640
8584
10025
24810
42678
45426
45899
47132
48810
49805
65692
75242
77255
8378
8600
13204
20082
23941
29828
2038
14657
20424
25082
28686
37459
43451
51067
8405
8520
23767
5223
25801
7656
14023
28435
35826
48912
49142
50959
56299
60027
83185
241
10253
17598
45585
54733
12525
35015
54247
55814
21506
3465
13069
13356
31729
46347
7883
16941
30979
42861
51808
78334
31358
53405
60593
78288
20302
12505
47165
74833
10230
12837
21259
45332
52652
54333
68414
6540
14871
16214
38222
54966
4447
9333
10497
24970
17795
22612
29420
84545
7514
10725
21639
28120
41814
42727
47512
64316
57875
13767
25114
25479
210811
36450
49961
17253
23665
33837
58428
81357
10351
11532
14995
15733
25984
53080
62263
67219
90659
21739
49445
35934
77245
10324
19957
27171
31199
32923
49710
75003
86892
15380
20743
21660
26052
28404
35919
53112
54378
69685
79470
94409
27960
14128
15349
21454
21572
24004
41997
18701
56111
76547
6085
9138
44486
12135
29172
34638
47471
75035
86986
9123
16435
16968
25951
88826
9060
66469
46744
21883
48029
76805
88092
2762
6070
22640
33431
65655
92386
4338
25075
10637
13850
14285
33365
36526
57577
77495
35312
42458
65209
67489
73215
84134
91761
3413
14559
12606
56871
5029
6792
8021
19434
21490
27355
46734
68614
72814
5347
19865
39413
54384
57353
68550
5857
45608
10076
27059
62331
73124
21088
23221
43478
43270
63262
32591
50768
7270
8368
69970
94025
24770
76273
83146
8913
40934
56885
60337
433
29321
52513
88639
5650
25604
34768
36037
1904
2475
3390
10260
11556
17126
25998
37718
39172
46378
74573
75136
7028
12313
39893
41710
45883
66099
76048
11653
12130
12629
79697
23834
44986
29311
42341
3761
3859
18700
30056
36143
49779
50539
61649
85416
7986
18129
19172
23893
29748
32490
71453
2277
17279
51394
22718
29499
46549
58696
64162
77542
78741
80838
171893
42170
4921
37072
49708
67109
12733
17703
19104
31437
37852
49669
14215
2541
5871
7610
19229
4498
7080
16442
54699
76192
1900
7831
37958
49493
60836
4146
21077
30220
46471
6208
18455
21119
43996
15221
17738
78603
12376
15208
16819
46073
52046
57710
84338
94123
13571
44816
48114
83359
90002
4023
9274
21852
18040
18370
36699
46374
1811
10953
11839
53993
3076
11300
16053
24831
28297
69501
21868
59875
67861
82106
2154
19059
21477
44613
61274
51916
59684
52958
54304
16493
27600
47197
71052
17560
32065
40835
59879
60271
61854
2773
4250
15090
17176
81872
11638
12887
65435
81587
230020
20765
44041
52654
80729
88744
4360
16004
24386
24841
61005
68948
11804
33900
42728
63303
9835
22515
89274
5837
7884
16969
19941
22230
22587
30909
48834
17897
36422
94190
35218
43589
77039
18016
25063
51834
8340
36344
50216
55713
53060
13929
18503
18562
19651
24283
38418
42681
86305
21081
25074
26486
28886
42467
84153
2651
9002
17043
50370
58449
68543
3187
8873
12928
24100
71218
9529
26008
37371
7696
13717
41065
57922
63779
70561
88803
3692
3701
12179
16906
35516
45356
53899
65046
8656
10392
6102
7403
29584
21734
22048
33744
68763
68801
87778
13371
23712
27518
51334
77944
2747
11355
102
9482
25278
31602
57755
59187
68600
43518
42391
45343
12649
38168
46915
56058
71911
84744
645
23389
24298
34383
39153
33640
70057
21227
61448
71931
4554
17249
52713
62680
81987
85798
13015
30011
41630
51058
16122
30097
65780
3025
26775
10267
15106
20747
26857
28887
64875
72451
13434
15603
17881
22827
25178
38517
11326
25413
47486
73859
9241
78525
11615
18471
20151
52251
67649
70554
50036
11287
15080
16726
35290
49289
57175
69884
7281
10632
16332
22021
27583
32936
45621
56582
1709
9689
22812
26359
94868
757
12819
16755
26804
2913
15552
63180
91647
6695
16817
30915
36347
37241
46776
1969
4361
31685
53809
84273
9419
12334
25738
26474
36535
15438
15645
65439
80116
35767
71680
76800
89219
8191
19097
24014
25778
26880
27526
33113
71159
78450
4065
8393
19627
5531
11194
16704
33224
93021
81096
17396
23623
51335
64595
4914
10659
23250
33068
35091
47931
85804
45065
54377
10254
24231
26755
26958
52340
53099
2608
14043
19411
26802
27879
38556
40584
50713
4938
9076
66515
71952
91535
6740
28272
37939
45275
46290
52487
61240
78329
82049
91424
10057
30521
3764
4014
25290
29657
2237
10175
31023
39019
43283
49485
57146
86124
183322
2460
7622
37691
62086
88918
61963
6062
11877
12214
40549
41999
49153
6395
16349
60623
66633
2295
20776
32741
43756
75303
93648
407
870
7729
66074
90094
3142
15494
34860
36011
41922
56166
62700
63090
66728
19047
24918
47558
1583
5803
28980
49469
10500
23033
31901
63139
66787
93848
95268
40430
55294
61144
76945
245145
5269
7361
8468
24687
61768
77265
4555
29886
30339
32769
39170
70948
82071
8892
32331
17114
33340
33367
45444
49104
50342
58439
64132
82868
6780
6897
26493
55648
58922
8126
15559
31781
89410
7427
15255
17062
53923
87139
3734
7902
22041
42359
61075
66443
86201
3528
3546
30666
44475
54759
6914
10468
3343
28482
45109
47587
48250
54546
67759
6855
18146
32819
33083
53265
77345
40322
4114
11910
12499
15025
71633
3995
38706
88962
808
5401
5701
20125
62788
7671
18163
21731
22045
70092
19960
27001
30974
4596
16805
29106
40770
52887
60675
68473
75507
749
4550
21496
32083
36412
41513
57360
60099
81427
54397
79460
60995
149176
10225
21991
28544
57152
88217
1285
2991
17008
17581
32791
45106
57553
32545
66317
78877
20479
89052
13723
16613
28693
37451
79622
86671
27852
34891
36749
7474
9180
18021
19720
21938
24016
29299
38738
90614
649
1305
22838
27712
77318
6969
81167
9899
12842
30049
42107
43889
1645
21861
24917
25807
47511
50698
53378
54712
60453
76709
89561
582
897
9549
17645
32008
67064
2501
18405
19687
76736
16570
26312
48130
55163
87528
6193
10336
13805
14863
13987
27089
35196
70736
76629
152408
20469
20770
22098
28257
3597
5050
6868
23190
29564
31211
34982
78194
87180
13187
44354
92607
8115
21626
85585
14137
20220
21459
39467
63766
73402
6041
16962
29540
78154
11859
20255
3279
8936
13765
19703
30973
80496
83312
93109
22254
24251
25349
31701
38059
44402
57844
66969
71661
8078
11720
14636
31777
46086
55537
63653
76322
1477
4504
14450
32243
39456
62234
72324
78719
93630
1388
11320
15169
16532
53253
4701
23783
24720
169361
8474
21435
52967
9556
42237
62195
79027
45158
60275
61798
81598
2964
15815
2188
16583
32298
57026
75259
77353
77838
90878
94987
2840
41560
6398
21417
29152
32696
33905
37263
43668
66486
6775
8586
17393
18139
30826
43560
44254
57087
59383
65085
73093
76151
82731
83516
2043
19180
53805
4526
31037
90427
20570
48539
6826
10949
11077
44671
73387
3700
25083
39554
84228
89152
11442
17149
16407
37049
47310
95250
17107
24078
28966
31561
34310
39816
74464
86666
47371
89808
28397
60923
20456
24850
33894
37079
49954
54556
66166
84943
91759
7048
26617
27063
9418
53865
87924
21011
22249
36035
42733
52456
70384
71777
14470
22057
29204
36965
43483
76195
84274
173464
228701
4077
62557
72885
7473
30289
51049
5826
16297
23356
50384
52191
92531
37964
46927
47763
75887
91603
4132
8886
17736
56466
57524
92314
21186
34188
56658
2888
8125
26754
57508
72185
4421
7511
12507
18008
21825
25017
25414
30496
44149
44403
44459
45516
67892
68045
82800
6665
7773
22446
29035
48632
2337
7817
23760
29838
33222
60317
70518
180835
8197
17298
18524
38799
9132
11787
26643
30215
49716
89818
15320
20520
28525
31956
41781
25229
31233
43001
49564
58172
78782
79752
87030
93001
169614
10552
10631
13077
19686
30640
32021
61893
62833
85502
8901
10484
24874
29832
34748
78934
4020
11840
14174
19132
26350
38058
51969
63098
90670
14206
15827
17538
25633
31590
34880
46577
66710
70365
80692
9255
14720
28894
16877
20965
23117
24120
29873
40059
32534
45573
91045
91104
11803
12885
14198
53097
27672
56335
86365
201113
22369
53251
61672
5560
76791
12349
15570
22410
58844
68294
224
13106
22217
22227
24301
48330
57024
78379
12171
16390
47651
77285
1878
20871
16638
43644
66825
151102
32920
50872
56172
191889
15905
20243
20865
26184
36311
38502
39692
53945
71813
10407
14528
15009
38013
69931
90939
11636
12430
40203
80240
3713
9922
21870
33991
36636
37428
42272
48673
81367
52326
15864
25151
51893
9423
11114
13379
20659
20856
56696
60427
25723
28048
57901
65489
93827
35746
9217
13755
21258
27733
30956
41534
52378
69406
89623
92852
14580
24339
29463
35848
39836
52616
65777
89657
4044
20969
44492
95502
6553
21154
33950
62261
177224
2389
9166
12829
17705
26417
37843
44938
62751
69609
6479
12024
17383
22030
2089
28771
48146
151552
9735
31375
35793
47293
50029
69301
83167
21048
33148
38929
65667
1462
2028
16147
18238
22643
22794
28498
36742
50500
64804
93225
168977
6368
12919
20729
39121
58801
11264
25228
51578
63072
69579
16461
17294
32429
44361
80870
94311
14549
15463
22228
22412
28151
39132
39961
47045
48462
49913
60238
77352
81968
85529
216896
3932
7666
28974
55965
73397
9049
13137
16612
25695
74515
8310
20294
25175
50956
85819
8091
19388
23243
36785
47095
88908
14334
71516
92087
11444
22411
22987
31996
34378
37886
76186
89639
90801
92002
5232
11465
58901
90865
8037
90859
4593
15083
33544
44318
59903
71463
75329
89486
94184
37938
70754
590
26669
70004
7924
11276
11518
21824
22634
36710
47963
59741
76973
16476
26358
26912
38975
58419
64456
92855
3226
10825
21301
23849
32460
61282
62830
64756
233564
24468
87608
34222
1741
16250
17283
17394
33609
94834
14347
35602
37787
70440
84249
2690
24467
37431
63057
3890
12484
16209
31215
52830
68509
87465
87743
161361
7295
13512
24838
29999
34170
41024
3087
7239
7355
8185
23728
25215
35118
40028
76760
233
5656
15324
28198
30230
60724
63286
86521
9666
11975
13786
17906
25931
9118
9614
10425
16963
17263
17667
18148
33089
33506
37566
48376
74204
77156
80699
98
5723
11389
13416
14205
15119
51554
57598
14950
22903
26619
43215
64338
75230
4895
6332
18037
66299
176241
10002
12080
19950
31439
94621
6525
11286
14555
18177
20708
36591
38798
40548
55022
57250
80136
8679
9213
27522
4197
19398
4099
10635
11580
16169
18754
20740
21513
21566
23532
29955
37306
38920
39470
42794
53365
81368
87887
10527
17972
28833
207675
972
8030
16254
72910
6927
8643
13529
14225
57825
7396
12227
42909
2692
10238
34347
50703
12693
13465
23026
25255
36504
38325
65831
90581
27045
27529
31591
31643
47055
63418
69504
72281
212192
9131
21293
21764
35864
68904
69441
12789
56134
7492
7738
17246
45717
46066
72711
89145
11790
65886
22180
24740
71582
12322
16128
17549
20129
27517
35841
47013
67699
73930
74363
77930
84969
85776
92361
12660
15304
22966
43645
45601
93996
5916
6166
9823
12582
16418
33333
7582
18895
25849
26716
48793
85467
91505
236022
13880
16406
15790
16271
70139
9622
25772
31030
33642
34674
49387
77237
7855
9181
29885
63417
77357
90607
16742
22940
23432
27475
55636
8921
10796
20836
34024
44405
89248
14244
28254
29490
39675
45143
78200
14645
20732
64462
73265
82295
89788
93472
18705
44395
14626
14846
18154
30997
36410
6661
6766
8941
14204
16069
21798
23752
27317
34646
64746
66307
30364
38701
58315
61409
82490
9471
20488
76648
92961
3028
22630
23475
25535
31884
33331
65372
250
16412
16836
28792
35160
42714
15280
40730
67533
9427
15365
16631
16692
36836
45737
17491
12628
14157
20980
27635
29003
54557
73343
3789
20357
20750
50062
53224
16846
27525
33262
11927
14867
22744
26793
39449
41722
47902
77810
81083
3407
20764
80189
86304
12425
17204
65870
5984
7023
9430
21873
29044
39043
40303
44761
49017
63885
88356
90758
95122
95276
4730
7972
20063
27790
36923
56983
15758
28291
71101
13068
16138
25693
31058
64063
66856
612
1980
14749
30762
49386
184843
3190
8760
16221
27829
36116
41575
90765
1107
5740
46153
46748
52849
54723
4828
7687
20833
39035
54509
57541
65876
67865
82435
90220
239843
6236
11894
14428
25932
44047
13394
19258
72549
8922
12007
20179
26933
51254
83110
6341
8904
9414
9760
16878
42281
45077
47634
91068
2004
3328
40674
70494
93615
1377
7678
37331
87295
3205
4236
14152
14562
15842
21894
26930
29808
32035
33832
37438
48387
51716
58523
66783
76289
76762
76907
4816
6489
14427
19427
44363
20461
40271
80358
14318
15878
18392
57555
64075
68386
74660
82568
16746
41172
45128
3869
19877
21420
45920
3386
5015
11181
12900
18205
26591
29392
29679
30231
36249
39506
41937
44688
46591
48741
55293
59677
62316
40485
59733
14980
16402
66560
5149
22626
44449
18547
24188
27820
33125
48219
72012
79703
80737
6769
8622
15889
17812
20677
21256
49121
50873
67159
10972
14537
30396
34526
38647
43415
59736
64475
92967
112
40475
48739
59964
22265
42500
60373
3415
17620
35059
36687
47517
51527
53070
65531
80619
87416
23120
23997
37531
43831
45347
4381
4518
47225
4848
5974
9236
9607
13709
17932
29872
36440
40978
53554
55848
67607
6403
30316
46258
65924
70022
86062
6139
57196
70513
9768
14460
25741
38783
4024
10126
11708
21753
28041
32582
35736
42078
52615
63982
84310
25301
27739
35348
44996
59409
67184
89359
90502
223883
50561
56565
74385
10387
11536
20523
27837
31340
32228
32369
48645
49798
51344
52118
80393
16381
20958
59030
10816
13284
21076
23238
39064
25101
26860
30931
32477
40929
43471
67441
73610
79886
29303
29707
34192
39994
42773
57120
92413
14194
26331
28239
30776
38843
41212
12936
25222
36077
42802
61059
88502
10469
29064
40518
65297
81169
94183
2751
17523
30596
31862
33260
43670
84582
84714
1173
48887
3865
6958
8857
12347
17967
19681
20457
28425
33872
35028
42005
44650
58659
63421
89207
92869
19636
23105
23578
26551
39262
59624
6819
45612
10135
33416
41824
45205
46453
57200
76773
83545
95286
5938
9337
11899
17635
23935
37160
93474
7231
10417
39949
8987
25124
26306
28932
35123
39550
50255
77084
1526
20884
32087
48553
56011
7342
7553
26470
28255
28904
7900
13951
23556
34377
36594
44678
73771
84554
86585
88362
3257
11919
16855
26205
28259
64251
71294
15983
56705
24772
37427
39335
84130
10591
12450
15706
32314
32809
36799
38989
41353
41426
43617
44239
50529
72781
191553
2335
31172
50120
2648
8234
12545
13560
4931
9710
10192
16524
46096
48906
50817
65690
66431
67356
78667
84540
85565
5534
89285
92502
1999
8309
19189
45047
16735
22696
26492
27201
39144
43965
51954
76521
81994
86681
2893
27928
28915
29682
31297
49415
59380
95671
20875
36349
45138
81596
12063
14242
14411
31712
33278
38539
61476
70478
85339
2661
7919
9045
32666
36641
53557
73792
8667
16569
24525
33126
45525
19650
27387
27942
33371
148703
16107
18315
19888
24715
25823
29913
63605
72815
75203
83749
89127
12980
25141
27256
46530
83186
87761
92155
14646
29103
38210
58694
1415
3590
5680
6806
9931
25054
27823
61735
62918
66929
69363
18299
11676
17970
19308
37550
42939
49527
90527
17916
22584
22800
38368
76035
8369
12159
13266
14821
19930
27662
30876
9954
16330
20741
47942
61939
3167
6373
8158
12275
13738
29937
31080
31364
32719
34206
37841
38690
40704
47079
57341
177722
7742
13226
14443
14740
17423
33060
35468
38406
51287
59640
67211
68311
18916
23875
23932
35037
82089
95585
150676
8746
14021
56759
10706
17266
18304
19689
23644
35096
35265
41221
44307
44312
51953
72288
82337
38667
70093
72089
2684
12340
23986
43128
63104
73531
9670
17480
19717
23700
34707
41440
78580
90354
1157
2657
7058
13243
20040
25338
31776
49283
6210
19325
24946
5690
9605
17052
29978
30748
86202
94521
5430
5969
6370
8494
22624
29193
36213
37831
50247
61349
48406
53433
82276
8590
10209
15267
16274
19400
20164
22659
42339
42880
63232
74143
2637
14237
14254
16915
18379
22739
30177
47801
52267
68396
21148
36360
9748
33575
1972
5963
16712
19248
20758
21329
25912
35945
39332
42349
78479
83131
85674
94259
12763
26303
28230
32833
55910
70543
225356
88324
26684
32595
32616
44337
64829
87628
794
3124
36514
41972
47459
67499
67710
87625
8651
9093
22431
65486
15629
22685
24278
30656
34576
38097
44151
56887
59803
59998
64108
70684
86844
95267
1594
7419
10760
32130
36638
43456
48069
56341
74224
2760
23446
59717
82911
94845
9309
9867
22357
31565
38033
51493
79939
91285
6678
8907
18676
20730
28855
34215
45903
49026
63248
69063
82990
91015
27736
46595
80457
5161
10334
21820
25884
27433
43100
11764
13399
20321
22731
23294
32323
47040
49427
51070
59429
88341
19922
52298
67115
94115
173970
15785
46526
51269
81566
10976
11629
25155
25704
28183
41211
50998
53228
54582
66221
77777
93408
203810
6590
15869
39168
59522
87130
23282
33700
50222
9762
18136
19056
20828
35865
35975
37218
45586
46737
58433
197201
232857
11646
16055
26749
26960
10205
17497
22040
34397
35400
40746
69610
71252
86825
7592
8775
8858
17824
17914
22471
25039
28409
31604
34493
35960
45734
46455
48274
68422
80466
83531
4806
5403
8101
19809
20978
28741
5594
9562
27124
4389
7091
14397
21397
27781
29619
46211
73456
76356
83123
83465
84109
2210
6471
9695
9829
13842
15877
25781
72909
90546
20880
24242
9827
14328
17081
18309
22062
36427
36556
52754
65274
66064
83127
597
3673
4357
67266
83921
1282
9386
14340
28485
62831
92472
2795
7790
25896
32088
40802
42540
43243
89997
24336
42116
79710
2170
4790
7846
17442
20441
21347
27194
29361
66473
191611
1359
2735
19210
19965
20497
23756
23838
31241
33723
41354
42684
53221
57871
70062
77463
77565
79946
34232
40731
52057
68087
78852
9526
28879
56008
7159
17573
23886
43815
56513
65516
71214
88355
831
3046
29293
58278
58571
63626
11211
14872
20222
58578
1255
2286
19051
22993
27258
34440
60955
71278
89952
10578
18557
21765
22656
35768
37352
38117
39564
57838
64531
22172
43698
49868
78487
3576
11968
12483
32739
43638
45537
72490
23531
28142
28755
39989
7006
10060
15431
19793
22530
24536
25090
26827
38133
41942
42343
61826
76536
1023
3297
7070
13830
20218
43127
45687
54844
60004
19824
19933
24535
24932
28675
54061
702
8042
15383
18048
23302
23325
28054
28732
32670
36586
44444
48473
54044
61985
75505
78196
17649
58303
79377
6083
7596
18227
21285
51550
74587
5651
29969
31143
46193
56923
83585
92789
2093
5557
12914
32450
40789
83889
2558
12911
13504
16341
31556
7445
22355
23668
27296
87047
89103
8596
11798
16261
79761
86598
10574
15430
16158
18924
19175
26238
28434
28613
38484
40093
49277
78130
10791
13339
23482
24189
24547
55432
72877
79567
545
13758
16285
17316
28513
91046
30812
14585
15769
24861
60286
60889
65132
69744
85186
85992
164927
13539
23605
24254
42436
69191
73285
196718
83101
155413
5395
12617
13565
20263
26409
29424
29916
41979
64998
66887
72641
75932
81572
2866
2936
4867
5309
30216
33711
61620
67715
91339
56434
57666
11041
14069
37220
61625
78594
21341
66798
14637
23952
41071
57872
74355
6658
15775
16552
17024
31946
62140
62346
79949
5741
11420
12414
17269
22964
69464
71539
89743
3427
12291
37069
47235
63145
148695
1649
9553
22707
25207
33960
35280
39664
58168
89809
10215
15547
17555
37764
47365
28055
36622
41698
48003
55645
59402
83258
3829
8084
17848
19943
20378
45982
55114
69652
90975
92520
3317
5590
9034
21430
23315
41380
74946
7554
7763
15661
16010
20777
55180
62866
65261
65358
90279
91210
62941
5519
10411
10759
12860
19610
19949
34273
49143
50289
57550
63117
64606
69517
555
14750
20158
24027
25562
30871
34217
36487
36850
37057
46121
53797
57131
62179
62584
75652
75711
92254
93249
29957
56395
61809
17682
43278
51074
60861
79957
89305
7719
11699
12601
12998
17803
24702
25979
28285
33072
37897
47567
62900
63591
68213
81382
16262
18521
42075
50814
78134
83212
84709
87081
8840
28562
33795
20829
21030
23166
37113
55252
67149
68099
70538
70966
78909
83544
88422
195176
3797
30441
47954
54321
64254
66002
81897
58729
75942
11332
11472
17506
23618
25243
26729
37935
42934
52367
55217
62357
64455
72405
73660
87952
90004
13448
23907
34866
36883
37141
74419
91829
95205
1933
12600
14576
31878
33766
41035
44681
49071
51196
63084
77142
3153
10752
15505
22427
23464
23723
24546
29611
43640
45209
55677
58086
59359
61566
94065
9566
11896
17186
46230
47806
54903
61835
90048
31183
33269
39344
75235
91581
7695
9000
14984
15426
25188
38545
39751
40593
43129
43517
46150
55251
57465
57785
59273
61458
63788
65070
72896
83352
85366
226771
2146
21688
89454
7616
19107
82585
4656
8812
10685
20670
22071
26193
40291
41639
41776
43962
47267
51473
54738
82280
176932
7093
12706
15941
29042
30219
35331
55774
82272
2881
16376
18847
21359
82996
91037
23023
5340
6323
8359
13803
18296
18426
20507
20800
37961
40979
45919
48282
55531
61411
66373
73120
80960
7132
18554
20596
26321
32969
35824
36334
42096
48921
57020
57310
65771
72172
93571
7755
15378
24845
39001
12672
17543
18406
51197
80266
4781
12320
15592
20814
22484
23944
25794
29097
32104
32655
42696
52916
56627
57570
59732
61583
65691
68648
92015
93933
2669
6659
14951
31510
31913
53861
72389
2655
7119
17590
24595
30883
4608
11397
32626
37793
38512
49139
5633
5925
37490
67517
70761
9865
17401
23946
29282
35076
42712
45162
65436
68426
70206
7726
9864
11709
18446
29769
6280
13637
15182
19904
21376
31264
50304
55108
65139
8121
21504
23061
35698
37200
44723
65826
68872
70984
75528
76867
77047
85188
87871
1244
7036
9235
12679
11539
26542
73219
87245
8437
19926
21613
32145
32301
60039
75412
93761
9855
29182
52297
53810
68859
5537
9911
13061
15884
27188
31205
50788
51579
89434
149177
18978
23357
28645
35634
50506
89257
28610
63760
88118
88634
253
3020
4130
8195
18592
43020
49320
51118
61646
63681
70618
80837
82269
95449
23029
26286
32011
39876
61671
91082
6566
9441
12520
14522
17118
23118
27168
31430
32114
33162
36099
38387
42491
60613
75179
82063
89286
3671
4385
10701
16463
27601
28223
33088
34352
36537
36885
43595
51323
54051
60829
81580
84245
87529
89653
16276
33066
34483
38845
3489
27409
33160
45617
82823
85750
3030
7453
8008
9296
12547
30261
36613
48483
55089
55465
61745
66788
77680
93251
6204
8992
14238
15093
19193
19443
28895
88036
12889
25856
34537
49183
1725
2517
6286
9920
79101
1579
12739
15967
52336
54638
111
8510
9318
12800
27593
28605
46898
47214
51672
55308
56067
77474
79388
11858
12178
44094
3740
5397
11498
12843
22769
24155
26473
38003
40023
40419
55628
60800
73516
90394
8095
13041
22022
23395
23851
26248
32343
33062
52186
62162
71128
84681
85669
87242
42718
74322
10822
15290
15795
28295
40036
53961
9588
12832
21387
23930
28026
37641
63479
79496
88186
95437
2358
3189
12494
49697
67187
70899
83588
3776
21161
55684
63136
4242
9168
19252
40411
51189
61594
64838
7382
54607
65854
3694
17890
19055
24792
25466
26957
26982
28343
34644
43417
46723
47394
50046
53929
64557
75290
85383
92055
5146
19972
43922
68459
80852
86695
152299
12240
17110
19081
20552
25426
30038
34144
35785
60435
78706
83278
116
5204
16788
20370
25725
29763
47864
52354
74936
77735
9492
11372
27343
68479
80717
185083
4036
6108
7827
21813
3666
4218
22957
28819
34854
35422
35603
38010
48781
49811
51112
78198
81522
84137
84682
86611
2567
8588
10290
14222
16408
18065
22125
28393
28648
55038
58088
62366
92627
21126
42852
5619
27693
33800
44359
49423
50054
75862
78912
79046
173001
18353
52053
95224
5349
7737
26351
27079
29845
32341
36737
45708
49967
53415
53781
56640
60420
76641
79724
83762
38678
39490
50534
87238
5627
8544
10309
11843
14452
15199
17994
29906
34104
38008
52214
76716
10560
12218
17309
21211
22387
24875
25027
28072
35733
35761
44246
45583
50215
59761
61379
69375
70574
80238
412
3414
9267
21051
25208
41394
60601
72509
93843
12251
40684
61108
1342
4707
14488
28359
32375
39045
51245
56501
83984
700
3762
18695
20213
26631
31859
50656
52865
91543
6244
8612
11098
34543
45308
666
1700
2274
3115
14499
16106
17775
18864
20361
21200
30280
37232
61674
62934
64422
74803
75469
86659
90856
90947
3416
4553
6344
14125
23258
26854
53073
54177
56079
3113
8338
12009
15894
20026
22032
26179
27661
28539
31920
43497
44575
47654
71033
166941
196369
13109
21097
81605
83268
2322
4695
10580
30769
37188
39257
40915
54677
60630
66396
69908
72481
79903
4150
11141
21078
30043
36901
67552
68001
73273
89784
94835
233786
11441
22055
22526
51583
61696
77943
3898
5868
11685
13076
15124
33696
38584
48170
49858
58410
79028
13762
15957
41850
44155
60412
61552
62521
64559
67728
77404
83467
742
6913
8627
8629
8875
10166
14913
17082
40099
50030
56482
67107
5800
8492
27582
20561
41778
55803
73016
77881
81615
13206
18093
30198
55068
64326
238940
2810
5548
6477
12054
15441
19726
21079
23845
31747
40450
46462
52470
64749
73601
77198
79118
82323
207678
12462
14182
33211
91779
3610
5180
6155
7292
25096
27737
29514
30107
31256
32286
39361
68076
69684
73206
77256
89500
5459
6573
7220
15470
20071
23876
25389
28684
33613
36363
36908
46726
48230
53385
61310
90136
7255
9092
19543
22695
23708
39023
42896
45417
46288
53533
53825
55079
24668
32882
63575
85544
2607
13312
22619
25253
25688
26454
41633
43823
46804
50220
50538
53315
58174
63265
65467
66135
72607
80670
80954
85572
87867
94493
185826
12026
12449
13897
24415
24664
44121
49388
51492
62207
65583
71720
74401
90127
8128
11084
11305
13330
13612
16212
23628
55855
64395
3034
13181
16231
16403
26033
52140
61473
78046
90035
90551
95521
4773
11350
12645
18359
25455
32745
37288
41705
41946
43941
63979
67896
81921
90351
90799
7667
10720
19446
23143
24635
50477
58672
67920
70692
85105
21342
22847
46279
58053
65444
73361
86636
218218
8966
23300
26501
47799
52134
53133
93033
8637
8659
14168
18418
22184
22381
27289
35732
42735
47139
47411
51078
52302
54447
55889
58493
66044
85464
88439
93743
10408
11126
35569
88649
23444
63186
92496
92560
94195
150581
3358
6537
8763
17770
24151
26573
35239
50369
60676
62906
62999
65457
66335
13725
16502
33186
37754
44418
52450
87145
6630
10308
11984
15489
15736
16986
19811
20751
21840
25737
34802
46366
49051
61128
63745
65686
68376
89773
5704
7769
27679
56427
57569
60402
3372
4797
5432
13098
19317
22477
23978
24398
29780
35661
48440
59678
63276
73676
90500
91094
9986
32016
62547
69251
9125
15134
17594
23323
27843
29017
30634
36227
38351
42911
58485
58669
60179
64863
7618
12174
18740
24296
25220
27764
30825
35522
38099
41867
45341
67667
68740
69321
70552
77316
77434
85514
153065
5699
6035
6967
16039
36822
37740
5386
10656
11904
16361
42535
47372
53983
91312
3342
9806
11986
12222
14808
31328
38780
40486
43639
60678
75485
84079
6022
14022
17214
27424
36831
47121
56725
149756
5763
8266
8502
38878
39444
60062
81680
84806
84862
87006
92121
1641
8503
22955
25509
37153
49960
65757
66776
73752
77802
97
12006
12412
12665
16149
18452
27006
27499
30303
32188
32843
32939
34490
37800
41040
45079
48997
51381
60532
62957
64229
74403
79744
45954
56793
19991
25658
27182
32676
37252
37602
38327
40583
63277
4438
13548
21481
25627
29306
35052
42108
47895
48028
48538
49531
50447
52048
52775
65657
68964
70566
75072
77884
82889
85644
88797
676
7860
39587
44869
62766
68118
849
8914
21628
32277
37317
41220
54376
58617
70052
77467
10114
19557
22413
36156
38363
41971
51773
54838
62284
95462
6039
14267
25254
33557
46625
58036
87247
91992
6943
10193
10682
11718
13310
28692
41055
41333
41563
45950
51171
59177
61934
65021
78685
83639
229248
4900
9105
18166
25247
42694
46050
56649
59322
72875
80487
6021
14375
14736
18675
19863
29824
32895
35932
50335
52167
59668
59749
73414
75656
87157
175762
201069
14179
17112
22614
28673
49006
49471
50128
67871
79097
80710
2896
9795
13691
15606
17470
19125
21898
26281
31487
35018
47441
75182
3956
9368
9651
20092
20230
21648
25474
30417
32597
39691
39752
43736
44737
49199
50692
51317
51726
51886
52592
59392
82729
91706
3156
4112
8783
9783
11579
14266
18630
36853
45927
50107
90496
160606
29116
66204
82004
4564
7874
13091
25476
33146
34122
72963
80306
92526
6305
10434
16065
22350
27359
45095
52511
72964
83431
4776
8817
10409
10521
30622
37488
50009
69876
80763
11565
35719
43927
58253
63375
173014
3908
12540
13376
14378
17094
22715
31581
33424
39577
39663
48118
52117
55812
60296
66683
75842
82279
85354
89179
89288
2367
9338
13177
15892
20933
26587
36211
72063
86077
6460
9499
10693
18246
18434
18750
19676
28649
34085
34405
35070
37182
45329
48920
50042
69567
81123
95107
9407
15549
21284
31484
35081
36286
40361
46051
53494
55588
64203
65400
67210
79671
80536
82899
90702
6519
7705
10420
15352
38822
62581
66622
72859
80103
4985
8479
18235
38958
70410
150999
171622
5001
8911
11242
17079
17997
27210
29445
40638
45852
49322
51534
54681
71017
74182
79789
3056
8962
12040
19511
22296
24503
37437
78081
78938
5345
9535
33479
39313
42095
52733
58959
63350
89330
2142
16776
24722
24960
33238
47183
52199
72954
88475
247
2463
6094
8049
13062
13271
15379
15557
16429
25852
29450
33354
34731
42960
55804
58941
61795
63412
69728
10088
20920
46521
50541
9881
13475
14082
19218
35404
47773
54508
70309
91546
93103
183630
17504
19500
23268
24333
24577
25938
26886
30994
37149
55639
66290
67025
73424
81491
86155
89190
94492
937
6660
9574
10198
12517
18046
19033
20022
22325
24738
42171
44629
59407
75429
2832
4912
5572
6175
14894
25943
41089
42759
47064
48940
57028
57832
77302
193260
5201
7584
7780
12110
12912
14483
15278
20874
30018
40573
63871
10852
15063
18209
24002
24574
33692
34859
45877
46663
56356
63933
80454
82446
12298
14551
17304
31847
37592
85795
86245
11890
13255
17628
18867
22416
25458
26291
27344
27786
56291
58163
65905
69886
22300
64850
15655
26675
28706
31636
34203
42967
46797
51824
62912
66265
75541
76008
82477
1615
7637
9044
10509
11193
14231
16233
22611
28665
33656
34399
40563
40589
41796
46812
49749
50020
50275
53083
59984
61920
73294
77612
84830
90588
217421
19830
20881
52682
71711
82428
7818
36789
81503
174256
7287
11950
13831
15493
16647
18422
21833
31319
44877
53761
61269
65977
73576
85286
88990
172299
122
9356
24669
28150
47838
76674
84948
220823
9143
10376
21558
23936
24801
27400
35896
36139
39067
44157
45202
49296
52429
63366
74800
88025
9880
13602
20533
35115
60633
2042
4134
7798
8349
11964
18115
22417
22686
25226
31126
45862
49222
66100
71576
77218
80131
150106
226532
7161
8899
36877
43486
51407
58423
58897
78327
84013
90363
8328
8766
12146
13980
17433
19859
26459
26495
32191
49908
51914
64889
83105
159883
175316
18242
19697
27402
29021
34396
37837
42942
45339
46701
49569
59926
60914
63386
66809
79439
83960
87176
90737
95060
3695
4761
14552
15968
18687
25570
25624
63073
9388
13442
14596
15399
16636
18078
19156
22375
34467
38050
48407
49756
53750
77114
23971
40951
46916
51902
52848
62342
74443
87672
3970
4137
16397
22195
30102
49537
58405
75249
4315
5243
8199
8813
19064
27506
27756
36176
37447
39421
39424
56551
59291
67257
73520
6289
27747
28726
33569
43763
58650
74122
82774
4348
12386
13598
15996
21165
21452
23516
26790
38749
44795
45980
50457
51043
52738
53569
54882
56198
56350
56944
62634
65844
67180
69748
74487
76910
10528
11299
12327
15190
20680
22894
34563
56782
69893
3215
5506
6367
7102
12132
12818
16800
29048
29981
33549
39760
44083
46532
54934
56527
149409
215332
5713
7259
14370
16781
19489
30278
50339
56857
61890
79107
84247
234937
6339
10239
12060
18502
21880
22917
29984
32756
62728
62740
65450
67824
79446
84635
105
6796
8055
8065
11155
15490
20496
32102
37363
43449
44010
52417
65967
66577
89848
9758
13525
17899
20766
29043
38581
38742
38923
55289
79500
6400
15855
18457
21703
22953
24056
26006
31502
32250
39450
46276
51343
52338
55161
68421
69789
70505
70807
72338
8923
21547
22570
23206
37356
39635
45624
46956
59626
73951
77791
6180
8364
10900
11391
13487
16810
19161
21368
23726
26119
32107
34120
34615
35999
37048
41187
57695
59876
59887
66795
76492
87138
238830
5390
5682
15113
21000
22213
30037
31887
41590
58071
65403
73486
85850
173924
3918
5780
7329
12574
12678
19632
23615
25248
29004
29178
36578
38109
44114
57840
58837
87154
87279
3123
4260
8585
11236
18208
19951
23688
27859
31519
36034
48148
71508
73145
76067
84196
84776
94973
1116
7420
18920
20647
32164
32544
63593
89124
89589
174895
4176
9342
9564
11842
20736
25411
29468
39365
40884
44702
44967
47022
76303
82311
83347
85249
89031
7770
10361
16690
52486
62306
68873
79925
5756
11873
13840
15414
16385
17061
18071
24036
24322
31769
33119
39238
48881
63135
63352
70848
72133
74670
78643
82816
88336
13837
21149
24456
26037
36924
38369
39881
43738
64070
87327
87387
6606
8501
12118
15895
18645
20165
23570
24689
24700
29592
30763
33382
33395
34472
37744
50438
53783
55558
62319
68711
69268
72648
73359
80584
82630
83024
84534
91969
92525
10048
10870
14685
24356
37190
40723
60413
72567
6482
26185
46929
47355
55742
56532
58990
59466
80625
82426
5518
9448
15955
18216
20707
20773
23312
33151
40365
42618
55680
58040
61353
61355
61955
71339
241010
3664
16220
24675
29370
36524
49393
51796
66191
84232
243068
7206
11124
11527
16155
18382
27768
34209
41132
44777
62824
64696
71274
74498
82220
87155
163200
1871
24852
26102
43007
49832
60122
66797
148738
3210
3744
9554
11952
19141
26293
34171
34744
39066
41291
45271
61495
66349
72122
75605
78054
79052
81380
81984
83917
95518
6879
23721
32652
37863
47087
47328
54170
7796
13250
15193
19845
21663
24956
28509
34896
35548
36588
59899
60246
72243
74597
83429
85797
10884
12612
19713
22699
25316
39741
41058
43242
50826
60743
79139
93884
179429
10613
11089
14178
16024
17382
19831
20446
34915
36048
40438
47962
64057
72223
72444
73316
85050
5592
10561
13256
18929
21072
22405
23233
30204
35441
45523
53172
77064
85557
4312
10226
10282
11118
12890
13967
21436
28568
39736
56613
76235
87804
952
6013
11131
11388
19048
19429
20114
22621
23124
39110
46396
51563
54003
64264
70457
70507
76184
79520
85723
88912
6026
7100
9975
11666
17514
20477
27554
27604
38559
52449
61003
69084
1454
6137
6874
7808
10040
11038
12307
12471
16623
18627
21912
22636
27155
27639
36439
42270
44399
47973
50807
62499
66449
68297
80406
205228
5858
9373
40253
40503
40715
57255
151708
4634
7413
7981
8653
10619
13815
21970
22163
25440
26853
49340
55387
55917
60006
62068
64662
81193
83603
8448
13697
15539
17459
23467
39551
43844
52274
54331
76078
77006
3748
8013
8050
22748
23859
26339
26614
27170
29975
34323
39786
50757
55818
56295
57536
67448
69747
70833
85871
88003
677
3159
11139
15887
17372
36418
36948
39330
47128
62517
5921
9278
17152
29464
52006
56676
61350
77205
85815
104
239
4580
8336
8498
8811
10858
14403
17197
18462
20664
24589
26812
29977
53736
60200
81448
82135
85373
91704
95113
204292
2226
2626
18578
24799
26889
28382
28867
32205
87609
4123
10557
11669
17453
36091
41122
44031
51255
56727
58803
59712
68397
74992
83484
83918
85984
90493
91472
6118
10761
18513
22877
26733
31971
59193
69730
72171
87330
4467
11203
13260
21276
23269
24149
25924
30797
33330
33732
34091
35948
36971
38735
45807
45816
46251
46505
48860
60980
61148
62334
62984
63789
68061
68084
75093
75129
76197
77046
77980
93114
9286
10504
15055
16572
26148
28216
33271
33735
37537
42695
43724
44510
51812
56028
92444
5874
7367
10219
14233
22320
22556
24726
27903
29839
29945
43528
43944
50752
59049
59316
20579
24003
30389
33363
36233
36933
44880
49982
66394
72361
73794
243993
15422
22009
33199
35920
42099
45611
49989
55686
57216
67053
71168
84271
1298
3280
5971
7849
10430
11942
15740
18264
20162
20699
21666
27054
30246
33261
40336
42564
49860
65173
69577
93141
94639
2898
5052
14048
14703
33217
55242
55395
55934
3851
4007
5862
7781
8872
9096
11453
12535
19012
22866
24057
25200
25483
28390
29760
32378
34626
39051
39076
40289
42559
45597
47356
47929
49211
69964
70481
74345
75295
92342
204175
15115
57867
93023
118
3128
6924
15203
20127
27647
29159
31438
31938
35532
41039
41868
44173
45622
45767
47080
49458
53470
56091
56950
65637
67132
71801
72722
76367
78759
89375
166666
238
18416
19271
34681
37678
48010
56339
67443
73501
89729
3235
8874
9424
12742
12767
17945
20890
24904
26050
26275
29279
31082
46728
48421
49407
54407
54430
55033
67868
1894
4209
8927
12488
13489
18156
20495
36014
40400
49861
55707
70787
205774
211178
2796
15847
19921
26732
28461
32006
44378
54357
3014
9654
10201
23415
25073
26547
27560
28459
32607
33936
36275
37070
41916
46702
48382
54431
62865
66013
82017
91070
235190
9863
15471
17721
21777
24510
25446
55943
61462
70506
77293
2889
4658
8639
13519
26386
28835
29771
33596
35004
35174
38858
39899
47592
47863
65235
81003
81821
85379
85458
12101
46974
52565
56133
69046
84612
93640
93785
11310
16911
18600
25060
26131
26525
27895
29853
32515
34774
36810
38716
39477
50133
50663
51943
60128
63740
65258
79916
83601
88801
90625
152460
164436
179604
228665
5472
19424
22753
31034
33378
53589
82908
88960
15384
21615
25992
30002
31990
32421
36474
36904
36917
60662
67126
78530
90668
1492
6931
9457
15638
15832
22926
23547
24434
24520
27175
36125
41515
50175
58587
80100
87547
88351
89876
95610
14374
23635
30775
40459
59069
60150
86079
90794
4585
8172
10008
13214
23772
32856
38731
51433
55450
76588
86047
90052
14446
18488
18906
24939
39924
43274
61921
73563
8415
14468
14575
15694
18991
19233
24389
27951
28234
29067
29693
34848
37412
37991
42531
54385
57902
59190
72541
72658
83202
91077
91841
94014
94528
238616
1523
1606
23566
35808
41955
44106
44679
54356
59293
63142
66778
72527
3355
7957
8188
8299
8831
9022
22233
26223
26677
47377
58144
59052
60871
64874
69695
69702
70243
117
3711
7381
10764
15249
19111
22003
26360
34881
37267
48524
56193
77369
88963
93764
174659
2975
4171
4401
7984
12967
14744
15297
22523
23408
28244
30490
34419
40900
64191
67752
68810
86806
93975
1839
5112
9339
15462
15567
22713
25718
37163
37272
62844
75486
90051
6739
7366
7659
9203
14149
18198
19355
21040
22280
28622
32169
32985
36179
38896
40986
41125
55451
56243
56919
57149
57998
60915
65254
78142
79307
84558
89175
165936
14874
22906
23012
29725
30090
48818
90963
7360
9818
13990
15564
20878
23439
24209
26252
26836
27005
28053
30898
31768
35959
41078
41998
42197
45551
47573
47743
51030
55940
69160
70248
76990
87359
18268
19103
25079
25146
25473
34936
42602
52231
82930
16573
25612
35512
39034
42112
49830
52836
53127
54911
60108
65810
67017
72968
80525
4462
8569
10658
20345
21618
22063
23805
24965
31998
41137
44506
45649
46212
49337
51266
51541
65607
66007
71877
87644
92909
2524
5207
9394
11967
16466
24275
24708
29269
32863
33357
36454
49461
56234
57014
62719
70800
85322
207461
4448
6300
20897
36197
44291
46443
70988
93443
94873
95373
576
3097
10080
12682
15285
17370
17494
18594
20752
30111
34026
34663
34693
37890
39275
44053
46466
47034
49632
56250
76741
95535
376
8467
15741
17485
17691
27465
38009
44137
57004
57236
63755
80336
2734
5849
9926
12271
13245
19447
24639
26858
28187
30506
30538
31071
33515
35155
37350
40158
41511
42726
45945
51356
54867
58270
70197
72485
74052
79997
80439
80663
11024
12036
14024
17706
33765
36478
49069
53692
57163
67964
70629
1390
8312
17227
21041
21515
25858
30959
35922
48048
54537
58744
58824
75853
95621
4232
5264
8014
11414
12107
12695
13638
14755
17792
19630
26934
34134
37676
38911
47290
48795
49657
52898
53665
78219
80054
84658
85484
191624
3490
5761
7043
8230
12646
16411
18391
19137
21095
22275
27551
54827
73314
81474
164488
209565
33336
48496
51289
59432
59946
215295
228538
1885
6624
9548
11190
13417
15751
16290
19808
20542
23698
24560
26353
26634
30573
34937
36865
38314
62198
65676
68241
72369
74504
75328
79306
82773
83197
84905
90437
92775
9055
26801
30276
44586
46834
46957
60982
64504
65417
72310
152481
1360
1522
8305
9625
13893
14721
14840
18290
18459
19053
21403
21965
23225
23739
25375
26054
26990
27641
28148
29834
33293
35910
36555
36977
37729
38553
44331
44408
45149
46439
48338
52391
57659
61616
63919
66276
66830
83593
179820
7182
7706
8354
10717
12393
19293
20095
24519
51783
55595
62727
72272
80747
180285
6376
6544
10522
14888
24090
27580
36079
65147
65252
68278
4419
14013
20734
23911
24213
28516
29475
32627
34726
34852
39084
41890
48562
55306
60029
65177
66757
67619
69722
74324
76053
77027
87504
87731
12917
14680
15161
19086
27445
34639
37662
44298
45440
48877
50934
71621
84544
88969
93142
16813
17797
18119
21869
25614
26512
29973
34587
38605
59214
74614
2296
7521
10268
11206
12731
13075
17101
24321
25818
28265
28619
32788
32800
36765
37024
38654
39951
43692
45005
45349
47286
48489
58162
60535
60999
72888
75244
76419
88466
95701
4102
6145
10757
13105
13384
13813
14993
15305
21264
21925
24451
26249
32256
34625
51139
75848
1930
18255
19228
21164
21312
23994
24681
29382
29891
32698
33133
35536
40089
42368
43152
43410
46040
50239
50402
51301
52756
57430
57664
60437
61051
61565
65669
66977
70696
70932
73916
75279
75393
76739
82455
87829
3323
5753
17410
23934
35962
37155
59386
64268
66057
1111
5387
7522
10955
13089
13910
16640
19970
27009
29870
40516
42929
47163
48245
48636
54551
58651
69329
75699
195753
146
761
7626
11909
12166
12379
12578
15507
16325
17164
18544
19378
19596
21027
24807
25365
25736
34494
34781
43613
59487
66804
67903
68017
68458
74331
74648
75630
77292
78699
89452
89533
3739
6839
7756
8784
11455
11884
26566
29801
30191
30539
31065
31558
33687
38402
38686
44934
47339
61624
64811
68437
73897
89266
1147
32679
33191
34365
35795
39339
41571
49733
72390
81992
6080
9380
11152
11535
14512
20448
25652
30615
31464
33314
33762
36435
37001
38354
38357
41347
41484
44191
44198
44549
44842
47194
47852
50066
50394
50714
50856
57054
57635
63726
63873
70588
76675
77708
82391
83677
92387
4899
5166
11066
20724
22068
27007
28320
29803
34839
35137
49297
60767
67954
80992
84429
94646
14188
19465
27286
28106
32585
39005
43924
49018
50786
54876
57147
62247
63378
68611
69743
73608
82173
88387
90250
7390
8419
16431
17596
26377
26672
46646
53688
56606
60618
69642
75587
4461
5814
13088
21707
46825
49238
50317
66522
76230
76281
177228
2063
7137
7570
10734
16116
16752
18769
19562
22801
28395
29641
32758
37326
44538
47445
51627
52334
53159
53427
54172
59233
68418
68949
69211
78547
88747
2869
9447
17737
17793
26507
27749
33206
57449
58602
67200
68323
69413
69429
84548
89922
10767
14011
14394
16187
28308
47387
62304
63602
69917
85740
6870
9340
13043
13626
14218
14413
16706
22067
23572
23784
27569
28378
29270
30119
31985
32198
37756
38309
39420
46052
50804
56972
58434
63044
68097
69985
70328
72720
73385
84069
84391
88656
201474
213211
231792
21895
28737
31572
32360
36807
47543
53029
56943
60197
63261
87386
3201
15828
17039
21380
24719
25616
27183
32918
35852
36868
37955
42405
43986
46539
46636
48662
49855
55019
61822
62687
65493
75371
76561
94442
240227
5652
7805
13165
13814
28282
35520
62398
64047
78424
82819
90977
243
5151
6515
8253
14134
34752
40581
40906
41405
42166
45930
60605
70680
72020
73566
82000
86646
87680
2339
13586
13614
15640
16736
22852
23520
24968
29850
30250
31395
34025
34231
37595
39678
47115
53832
54608
58385
60220
61309
67089
76462
95533
1294
2169
13775
17500
18631
20015
28941
32294
43994
45854
65728
68144
71925
77420
84435
90508
238044
5239
5852
7689
10676
10710
12821
20257
25371
27360
29373
30342
30951
30977
33067
34062
37839
39267
45949
47887
49273
53995
60584
65901
81486
2111
3852
5966
8106
8193
11043
11750
14931
21475
25194
26191
28141
28201
28663
45351
45619
47126
48156
48189
48199
54939
57738
57820
57913
59070
63686
66769
68511
69036
70204
71779
72526
73211
73627
74211
74767
77856
87686
92071
94553
165691
7585
16348
16469
24246
27748
28252
31198
37748
48908
50229
51877
52657
52735
53571
55834
58770
65971
89728
91848
5093
5513
18306
19106
20696
21412
24302
24964
25406
26825
29236
33142
38615
39438
41269
47535
51474
56733
61914
69683
71113
73320
74074
74287
78237
84216
87438
91056
151339
166306
169091
240245
5824
9454
18057
28831
34043
34603
40885
48007
66646
71466
77188
93583
2946
5636
7516
7581
7811
11926
12183
14887
16258
20028
20598
34139
39318
39644
46055
47338
49029
49845
50311
62533
69231
71968
79442
82879
87663
95215
5685
7066
11571
12576
21017
28854
28951
29931
30351
31351
32106
32685
35103
37388
47580
49416
54845
57679
71297
73213
75973
87206
87756
87980
93174
4926
11119
14600
19883
20147
22127
22941
23218
30941
35095
58860
62916
65906
66771
68066
69009
70095
75793
77961
84363
88091
89064
8295
16949
20384
22585
24453
27758
29390
32677
50271
55408
67167
76271
80036
84384
94399
136
3003
5528
5566
8361
9390
13099
15527
17441
21205
24124
31521
34036
35557
39360
39655
42355
50076
54150
55945
56096
56128
60163
62704
65529
67490
70486
71751
72198
75415
75851
77507
78079
80723
81936
83753
88681
6073
12343
24222
26913
28403
47007
56700
65384
67065
81434
82959
91319
7674
25997
48309
48320
69661
87759
91531
12418
15265
19249
20956
23006
24651
24787
29972
35886
38278
39930
43267
43393
49477
50329
69142
77830
80025
81459
90273
91600
95074
7144
11034
12249
12984
15835
18780
19115
19541
19745
20576
23775
24018
31517
33251
36052
37467
38755
42523
45639
53394
63442
64017
72190
81067
82355
85279
6091
7271
10428
11905
11917
14217
16491
22020
22678
24204
27664
35613
37681
39545
40148
40937
41273
42100
44665
45048
46237
46255
58723
62905
70644
79091
81027
81211
83803
87849
222018
8768
17369
23361
25314
27025
28091
33299
36154
43709
53297
57565
62509
63478
80037
93562
1664
3624
7242
7543
8736
12552
19207
23303
23734
26305
28457
29728
30809
31924
35381
39445
40685
62862
74409
74777
76245
78808
90636
187525
198855
13163
13360
13776
26322
28306
38762
39724
39952
40639
49462
49819
50331
77689
87740
90399
93148
154913
2108
9116
17059
17745
27625
41063
45944
53962
65373
67913
80187
88200
90233
3182
6520
8565
9397
9924
10107
11008
11349
13391
27568
28682
31881
36086
36587
44301
55689
56952
61782
66713
70760
72312
72510
75118
79538
81066
92231
94198
489
1032
13472
13979
19063
21843
22206
23503
27976
29005
30193
31555
36726
37611
44154
51177
54236
54241
55627
61431
66122
67068
68741
71563
74302
74996
88425
236001
11459
12335
14369
15542
16051
16115
16251
16694
17519
24662
32549
36189
39982
41027
48235
55150
58436
60243
61153
72938
76833
86951
197455
233671
242332
9003
14196
22389
34583
37759
48639
55544
64879
75188
83499
90739
92368
95652
232
10765
11120
13229
13305
16100
17003
17027
19108
20818
21131
22255
22525
22730
22960
23174
25585
26597
27989
29593
33214
34364
36127
37992
38269
38384
38932
38988
43304
46501
47625
48002
48596
50650
51908
52005
56265
58001
58713
60228
61869
64034
64510
64990
66028
67116
70065
70178
82890
83336
84108
87086
88342
89394
90149
90936
91459
209218
35386
36679
40775
43543
49585
50472
66256
80553
92019
92814
183792
5776
9025
14959
23077
27770
29144
31943
35482
39198
41522
42154
44314
46761
58722
60526
66527
68737
76498
4552
5655
7909
10715
11334
18032
19535
21672
26056
28011
38094
40012
41143
47353
49064
49533
56346
57540
59064
76639
78183
80117
94882
3389
7222
8206
9741
14153
15925
17710
17818
18017
18105
20396
23592
31906
32426
45835
49953
49997
50294
53168
54246
56010
61562
64872
67105
70782
78297
81727
91153
177424
5988
11398
11592
12042
13752
14458
18522
20337
21530
25077
28589
31957
34167
50932
53547
56039
61659
65666
71424
72026
77178
82732
83678
85889
88670
88931
90011
177280
3174
4017
11478
11735
13982
14932
35090
38436
42056
45393
56795
62803
70489
77380
89616
95210
151009
1181
2474
5293
10518
12744
13865
14406
15432
21085
22185
23229
23980
25528
26320
27254
27535
27921
28051
29887
31109
32336
32376
33042
34012
36475
36966
37291
37536
38202
39026
40408
48531
53863
54951
61692
62657
62683
66125
66249
69377
70142
70726
78541
78592
80086
80126
80445
85868
86936
89574
89752
12927
32970
34080
42857
45300
46586
46842
65625
68147
69658
72583
85620
85703
153693
1437
3004
4922
7956
8843
9838
12358
24160
27872
27912
31564
32258
38093
38533
38703
40416
43673
45670
46808
70013
71984
5382
11210
13307
14972
17080
18752
20314
20744
20975
23400
28066
32469
33005
41777
46036
46656
48950
52065
59326
78744
187623
8011
8713
12423
13283
16159
16914
17013
24907
26024
27101
28861
29830
42329
42722
42736
44330
49083
60990
69415
73561
77470
77978
79994
80570
80807
3653
4782
6345
8980
11383
12754
15514
16648
18897
21065
21340
27893
31491
31511
32966
36808
38689
40633
44962
47446
51365
51518
54964
57680
58350
62789
63927
64500
70463
73977
74293
79626
83802
86635
87531
87629
91340
91655
92275
94606
2026
6926
14183
16816
19611
20250
28423
30487
31148
39252
49731
66070
66194
235
1051
4196
5220
8333
13065
16903
19760
21100
24253
26475
26786
28086
28097
28118
29765
31765
33239
34346
35881
36650
41468
43311
48791
52798
52925
52995
55257
55429
56373
59686
62861
70355
71222
73155
73672
74031
75330
78550
79876
93046
93302
95202
13655
20999
28431
38447
38449
39661
43679
44817
47716
52975
63882
65414
65861
66339
90446
92527
3253
5895
12554
14287
23995
24237
31986
38888
48668
53293
60568
90027
1376
4675
5930
8302
9619
11195
13295
13594
14752
22307
23010
28321
29505
30155
33045
37177
59281
66429
73909
79631
91554
93352
10614
13143
14901
16132
18993
23200
26316
26883
30654
30756
32834
36754
37591
37777
41901
46601
51125
53077
65398
69283
77673
79266
83706
86138
89254
149984
1278
4522
7541
11132
15117
15722
16513
19678
24373
25270
29221
30385
30635
35576
35917
41822
45263
51403
56150
56539
58417
67157
67295
69374
71433
72364
74781
76487
87838
5794
10501
10944
14106
17215
18813
20024
42429
53207
55682
57806
69544
93757
94453
4767
7286
8249
11563
11893
17213
17774
18758
30267
32275
33462
35958
44789
49667
53147
53561
54754
55067
55317
55657
55947
56825
57101
67721
69969
71943
74699
76807
79150
80403
89153
90366
92265
94042
183231
5914
6478
7213
10310
10593
11574
12176
13426
15371
18218
26752
33603
48306
52645
56316
57534
61568
66857
85673
94345
862
3339
3690
6802
7399
10038
13047
14382
19821
21398
26905
31575
32892
36569
40982
48351
56577
58995
60810
63175
69499
75054
77190
78952
95199
1601
4267
5727
11285
11327
12099
12557
15991
20636
21906
25790
27819
28073
35941
39254
41115
48179
49572
54030
60967
61205
66413
70023
71653
71857
74391
80291
88216
90595
90657
4756
6748
7866
16257
16378
16904
16989
18301
21746
25018
28822
31471
32380
32519
44292
45436
46841
52197
54329
61889
64349
82674
85075
85483
88428
93482
200377
861
1755
5429
6408
7307
8707
13912
18866
23562
23713
25019
27142
28733
33404
40747
46217
49418
50187
53157
56445
64616
70560
74041
75580
77522
78570
87569
211856
13175
17652
20365
21439
22849
31770
36846
42162
48905
62133
62219
81925
82864
229
8701
10721
14155
17147
17163
17832
18822
20611
24052
26568
27487
30623
34299
39102
40356
41602
42927
43585
48286
48851
48918
50069
50941
51079
53090
53454
54830
56617
60820
64369
66272
70535
77929
86207
89050
89345
89827
6181
6875
14618
22580
25153
26270
27630
30745
34513
38135
43381
47464
49766
66364
69947
85601
3346
9483
9486
10270
10532
12457
14649
15794
16519
19146
40066
48243
48870
59718
60846
64761
67885
76660
77165
82848
2365
4057
4998
5864
8329
8950
9383
14621
15381
16042
20966
21004
21188
26049
30292
38972
42530
54894
56542
58532
72833
74768
76029
82686
85501
88456
165643
996
4875
5771
7518
9443
13741
14504
17108
18460
19078
20104
24819
25210
26277
26550
27285
28127
31288
33343
36266
38158
40683
42879
46940
47793
51262
52317
60988
62675
65150
69574
70405
70911
71872
74758
75918
83191
84323
84906
89795
90898
94140
2919
11252
14507
14759
19649
20906
22869
27435
30942
34042
36277
41031
41170
44752
45656
46284
46616
46799
47072
50359
51224
52010
57394
60321
62248
66281
66833
68659
69132
71600
77305
78631
85010
87898
89976
91824
94721
94965
185376
3830
4668
16607
17510
19583
30436
30912
32068
40436
49626
67635
72160
79037
80119
81898
93160
94186
201420
3961
4869
11902
13182
14745
16618
17765
19593
20620
23449
24150
25850
26951
28203
29066
29253
29315
30141
32420
37365
37393
37424
37969
39383
41664
42959
43648
47823
47916
50728
52824
56209
57487
59843
64647
66487
66516
67474
69914
70732
70839
71630
76825
81355
83054
87682
89841
90005
93715
94461
111508
164734
221683
237511
241326
245206
246153
5076
5343
7724
13726
15586
16579
18341
19945
31262
33490
37140
43210
44433
47294
52393
54318
69831
69882
72082
72280
80872
87627
239784
3554
10412
33742
34797
43908
44396
47288
51728
53174
66680
73499
80222
81714
86074
91983
94781
4514
4517
5385
7684
7985
8490
8999
9980
11160
12976
16282
17735
17776
23938
24208
25812
27777
27840
29666
29686
30182
30586
31075
31692
35539
39044
39270
42384
42473
43544
47246
52400
57201
65929
68926
75305
79154
79336
79556
81903
82651
2211
5700
11186
12081
13477
15409
19076
19766
20713
21562
23884
25312
30252
34293
34500
39476
39798
41808
43861
44867
45654
46575
53836
54592
58716
63330
65000
66760
67597
74198
87719
94681
4012
7229
7580
10138
10965
11365
11832
11880
13341
14785
15310
15936
16439
17018
17444
18795
19094
19628
22840
23178
24878
26654
27697
27836
32650
32768
34635
35368
38965
40712
41923
46011
51566
51859
56366
60658
60690
61499
64478
64880
65794
68819
71140
71465
71767
71921
73432
74380
75674
77375
77750
81477
83485
86543
88352
89745
93934
1338
4984
7709
11409
14228
16033
17084
17940
18912
19777
23132
24337
25084
27033
29009
35447
35708
41769
42295
43245
43635
46867
51774
53298
67373
68160
69154
70414
72186
74151
160251
2709
12413
26229
28137
28742
31725
36071
36979
37413
44079
47555
48180
54138
68978
70594
84257
89863
212288
2616
14341
17150
20032
21908
31891
32770
34317
34991
38061
40489
41848
42938
46206
64676
67651
69167
71257
79301
82470
85054
85365
86544
87284
4783
6872
12637
14097
20153
20510
21434
23922
28377
28384
28905
30106
31466
40111
41787
43500
43782
44477
44846
45632
45975
45996
48412
51151
59310
63165
63499
64560
64799
68125
73693
78848
82892
84823
85920
89933
91833
2494
6385
8731
10674
11824
14291
14423
16548
17067
19281
19452
21990
29110
31025
31311
32862
32964
32980
34892
43006
45577
49207
53596
53674
63559
66287
66941
70873
73941
74239
74728
75691
80224
85538
93573
94289
205166
3463
4883
6127
7856
9027
9133
11216
13675
15530
16225
21755
23611
25383
25609
28298
30731
33503
33632
36833
37685
39128
40469
40719
40754
44441
45544
47198
50297
52622
56054
57450
64336
64711
64934
65496
69976
70946
73755
73797
76786
78286
79803
84312
86340
87643
95064
182874
3170
3177
6629
8074
15952
17362
17535
20124
25160
36114
38478
39109
39931
41451
42587
44066
56931
74716
151677
13397
19894
44796
48173
49996
53458
67061
67951
77829
85380
94255
9451
15918
16741
30084
31158
35257
35269
46781
47154
47157
51272
62078
68438
69940
87993
165577
8455
10105
10179
10771
12201
14444
17502
18063
19079
19177
19346
19730
20130
22339
22596
23900
27139
28278
31720
33024
34074
35359
35868
37616
41547
44422
45415
46372
49999
52339
57653
69058
69061
69285
72869
84280
91145
91451
3351
5842
9720
14734
17209
17518
18347
18371
19718
20719
22622
23564
23968
24888
26852
27214
29026
30758
34380
36677
39042
43366
45213
45934
56792
57551
58487
65507
66216
67085
67097
83239
86795
90336
162987
979
10163
12884
13364
14351
16933
17019
18436
19471
20146
29907
30914
34180
34186
34300
34912
36303
36336
39422
39740
40182
40302
41292
42212
43934
45338
46075
46446
47526
50767
52034
52439
52624
55670
56127
59584
61553
62989
65696
66319
68485
73097
73848
76735
77423
77534
77854
78773
79654
84791
87670
94532
12580
12616
15118
17284
19600
23650
23807
24942
25273
25306
28517
39533
46695
52883
53852
64634
68831
71261
91261
92490
232382
11627
12273
14373
16394
21491
24185
27628
30693
41869
46274
48093
51068
67821
90863
2917
10348
11470
18992
21090
22599
24305
24915
26285
27930
28596
29531
33756
34685
37732
38454
42498
51469
53406
57976
81281
84107
89508
91618
92488
241856
255
1895
5595
6604
8181
9102
12067
15174
22238
22900
24951
24991
27022
30996
33085
36029
40950
45137
47849
52327
52759
54877
61126
67365
70512
73875
74400
77181
80483
82073
83398
85553
86303
88133
89485
163514
5635
6447
7973
9739
17340
20778
24113
27689
29082
33459
33934
38552
43101
43910
43992
44394
48465
48979
52405
54986
57063
57538
58362
73209
78687
90530
91666
92518
93767
94904
175575
180291
3800
4354
5133
7930
11697
13661
15295
18114
18236
18671
21274
21370
21949
25630
27034
29023
30815
32362
35649
41883
42450
42665
43837
44637
44950
48036
51575
54946
54947
56903
59846
61877
65997
67623
71366
74863
79922
84071
84095
89644
94506
95384
172547
190055
191241
213202
231194
2983
4224
7221
8825
9579
12765
14035
14725
21244
21442
24851
30243
32381
33520
40119
54841
60931
68346
68710
77867
5371
6382
6638
11706
11959
16740
20610
24105
27512
30703
44447
56114
60257
69851
82886
87423
220885
2140
2780
5731
11306
18756
20848
22947
24012
32462
32699
36038
37041
42493
52369
57625
57916
64235
64981
67586
67772
70874
78514
83168
85469
88718
186906
1190
10173
11687
11947
15575
19858
24455
27775
29041
29535
39300
40455
46037
48769
49213
53283
54206
56703
58847
60954
61967
63582
64406
65388
65864
66759
72448
75703
76454
76963
82364
82418
93997
1135
7098
9636
9719
9779
10700
11443
14953
15943
16624
17247
17392
17841
18747
22435
25428
25862
26194
27831
28318
29227
34706
36740
37727
37730
41282
41373
46847
47466
52573
52834
53339
54579
54787
61099
63719
75618
77818
80432
85315
90931
164675
1131
1530
2520
11148
12493
13722
13847
14801
15683
16521
18456
18657
27121
27373
27822
28360
28380
36238
38416
39543
39999
40973
41674
49972
54628
55872
61387
69514
70835
74188
76375
76503
78020
85331
88205
90400
93152
93182
95333
152505
3705
5177
7205
8022
15962
19350
19364
20607
25051
25667
27241
29376
32492
33777
34311
38656
40956
44103
49412
49675
53223
59418
59744
60259
76916
83554
87565
93321
180829
215258
1093
2970
7588
11944
13583
13793
15677
18028
19083
24293
27134
28875
29905
31861
33312
41744
42739
45481
69298
77051
78913
85156
92316
219055
5922
10889
11474
12128
15727
16885
18528
20453
23332
27229
27910
28909
30053
38131
41046
42256
44096
49633
49649
50893
51733
52089
55883
56140
56787
57267
57590
65455
67476
73078
75307
77541
80589
82139
89854
236791
4464
4723
5321
5462
7627
7932
9281
9811
10074
12046
14356
15772
16197
16308
16863
16935
17291
19324
19775
25537
26434
27049
29206
29949
30071
32599
32898
33567
33776
37630
37747
46028
48097
50812
51102
51315
51498
53483
55373
57190
57509
65802
67426
72096
74630
78705
79458
79993
82753
83869
86480
89549
89578
94741
6296
13802
15376
16368
19028
22182
22928
24097
25622
29357
30783
32496
33570
34705
36384
40699
44825
56860
58176
59007
62406
66365
67994
69393
71018
71566
73931
74179
80400
82447
82985
84671
84771
88156
149469
160804
180015
3867
8799
9757
10905
11154
13474
13781
15610
17280
17517
18722
20366
21238
23515
24556
24936
25417
26815
28440
29743
30290
30437
32399
33264
33323
34330
36185
36472
39639
39795
42968
45192
46467
46961
47232
48559
48958
49715
49728
51032
53866
54694
56467
57438
59351
62940
63500
65827
65878
66110
68526
69644
73594
74068
76159
78016
80661
81578
89090
89493
90655
90871
164289
192549
8123
8497
13670
16386
20594
23903
24412
28017
28337
29527
30689
36429
42354
42737
46345
51989
54112
66913
74139
74932
77004
84160
3373
4846
8178
11448
11761
13411
13554
15179
16668
24814
29629
35758
45472
45507
67590
70429
71875
77444
77939
89321
248045
7747
8275
12151
13690
16034
16737
20101
21394
23823
25522
27665
28444
28676
28849
35184
41529
42664
42688
43580
49141
54782
55274
58616
66244
67214
68923
69343
71163
73335
73620
74553
75789
85101
85187
85958
87195
90651
95466
4615
9164
9659
11664
13823
16239
17140
18050
19362
19480
19990
20342
22608
27122
27838
27953
30075
30165
30790
34547
35807
37052
37481
38702
38750
39255
39812
42046
43148
46506
47502
47721
58185
58768
62872
63557
64541
65618
66111
75629
81674
83779
84225
85898
88010
92100
94029
4136
6119
16671
20274
24260
25016
27915
28427
28652
29101
29858
30601
38180
38538
44006
52278
57273
59208
68003
70097
70186
72097
76217
93365
95587
96
251
5130
8244
8555
11342
12543
15251
15322
15844
15873
18693
20667
24367
29317
32976
33465
35801
38082
40300
42061
43147
43866
46499
49944
50602
50984
51184
54869
56799
57627
60575
62050
63872
64881
68488
70531
72505
74804
77949
79363
85477
88198
88790
90227
92014
92115
92245
92390
92425
92746
93633
192092
218194
3185
9635
13497
15369
24347
28713
30324
31992
35895
42266
45961
50068
50345
53426
55992
58549
59216
59377
64753
67576
68670
81571
93414
178106
178197
8638
13584
13832
15938
20499
20939
23297
25847
26237
32379
34779
37797
41663
42950
46772
56911
60897
69795
71676
75025
80800
86115
86378
94725
173971
2755
3534
6174
6453
7325
7437
13269
13771
17155
18103
18128
18131
20194
20567
20882
21947
22493
23868
25387
27138
27602
27996
34600
34641
36415
37062
38073
44052
44820
49120
51802
53639
55543
58606
60428
66233
66939
67308
68359
70212
70439
71659
73355
75266
76504
84678
86789
91690
94679
211173
232735
1740
3782
6842
9389
10894
11695
12346
12598
13977
17345
20876
21042
22001
22050
22760
24074
25500
28037
28765
29123
30425
37005
37139
37194
39391
39507
40207
41537
46534
52934
53844
56313
59032
59720
59737
59871
60020
60049
60204
62285
65923
66242
67697
68356
69900
72091
79331
80158
81972
90164
91599
92075
7140
7217
7322
7387
7797
8654
10447
10754
10812
10924
13374
13975
14087
14794
18415
20137
23101
26182
26247
26466
26530
28021
28063
28104
29434
30208
30258
30675
35344
35445
37634
40010
40314
41376
41489
43153
47890
51772
58623
59811
68556
68803
69437
71571
79636
81811
84916
89019
90521
90694
135
6494
8250
8853
9580
10550
11597
14034
15659
17599
21995
24883
25328
26263
26533
26746
26902
28314
30123
31269
33643
35154
35296
36147
36762
36817
37033
38347
41557
41600
42672
44317
47514
48502
48839
48939
49800
52239
53166
53700
56042
56826
56957
58247
58374
59076
60487
62044
65875
66441
67165
72560
76135
77249
80659
84961
85207
86456
86918
88545
91140
91853
94332
95270
154988
160933
222044
225507
4882
5282
8420
9609
15146
18761
19383
19570
24592
29879
31270
33011
35276
37868
44672
47099
48116
51105
68312
71284
76842
80321
82760
89439
155596
1539
2473
13378
14256
14292
16860
17829
19211
21236
25142
27091
27129
31354
32084
34618
39286
41487
47812
48310
53591
56385
56761
62620
62686
74724
83017
187353
1115
2178
4594
4693
6458
6953
8432
9298
9569
10120
13212
14848
15374
17077
17257
20675
21107
23705
24051
24891
27102
32330
36986
38075
41309
41660
47709
51013
52401
54625
57648
59630
60917
63401
64483
75243
78407
79551
82206
82712
83652
84851
93830
189476
11914
11941
12622
12869
13449
16917
16998
17238
17335
21262
21290
22370
23246
26846
27085
27719
28614
28754
31461
33714
35050
35088
35556
37198
37432
39895
40868
43043
43827
45093
52973
55400
55823
56540
57911
59961
62116
63818
66755
67526
69147
69932
73341
74754
75125
77967
78146
78316
81525
83144
86403
89032
91497
91508
3688
8560
10576
17405
19116
19279
20683
23436
30359
30807
31458
32734
38824
41180
42313
42625
43835
44952
45750
46421
46907
47846
49664
50730
51148
52828
57494
62277
62630
62958
63985
63990
66426
66600
66853
68069
68969
69056
69563
71399
74923
77462
77625
79623
80060
80789
80900
82703
94264
171787
929
7122
7621
7710
11980
13707
14669
17374
21384
22511
23383
23550
25632
27793
29155
29313
34414
35711
37508
53879
56570
56997
57658
60684
64967
75270
77661
81636
3783
9024
14089
14515
17355
19275
23794
27280
30145
33694
36241
44684
46783
55006
57539
60192
69095
74649
74756
85377
92506
603
3207
5869
7009
11981
15506
17563
25626
25803
27381
27865
29384
33406
37653
41452
44533
45247
45971
49305
49334
49523
53985
55058
59411
59915
62051
63360
64360
66376
67279
68044
69190
69416
75380
75807
78168
89365
4183
5520
6098
7269
8332
11182
11259
13801
14025
14130
14169
15077
16006
17154
18599
21694
22290
25008
27705
30933
35442
35930
37838
38399
39785
41496
43522
44243
44821
45888
50671
52560
54678
54891
56460
60619
63049
63383
65829
69305
69727
70939
72345
75676
77613
78688
81476
83648
86232
87636
172064
229660
2828
9336
9742
12097
14900
15882
17930
18573
18926
19869
20223
20521
20992
21273
21854
21878
25294
26972
28126
30402
32691
33445
34055
38148
39885
40534
40825
40852
41286
42598
43982
44469
45171
45175
45942
47244
47255
49291
50174
52172
53535
54379
56481
58017
61475
65498
67834
69382
72431
72768
73663
75702
76037
76270
76752
83405
85891
89853
91606
91663
92381
95331
95718
155996
3363
4320
9070
9178
13303
15581
16880
18536
19313
24604
27979
30379
35726
39528
42497
43540
47103
51626
63115
67941
69761
69808
75693
78585
80544
83765
85977
86006
87208
157478
159751
2580
5603
13651
14219
14286
15341
15596
15667
17962
18475
19887
25224
25742
28714
29794
32653
34395
37657
39047
39515
41509
47216
47591
49975
51845
52028
55271
55299
57303
59422
62780
71230
72265
73174
77026
79731
88325
92438
92564
211271
243417
6850
7165
7436
7720
8297
9641
11253
12501
13331
14748
17208
19807
20175
21171
21196
21282
22367
29687
34536
39991
42129
42324
42989
44255
45151
46303
50056
55811
56598
57507
58868
59077
63851
64562
65229
66615
68806
68936
71219
73948
79017
80671
81137
82954
84670
87600
88530
90111
94247
230908
4627
7803
8203
10980
13168
13701
15107
17357
17835
18234
18721
19698
20064
21451
21495
23249
24381
24555
25611
25719
26073
31874
35100
37136
37201
37493
38085
38114
42072
43042
44170
44579
44739
45305
46076
46951
47818
51331
51470
53940
54816
56496
57675
58603
59023
59547
59672
61077
61563
64479
67916
68868
69125
71759
82638
82876
83660
87695
87828
89706
90342
90438
91746
224535
2145
7962
9222
10763
14337
14503
16799
17990
19741
21144
24713
26545
27104
28563
28906
29229
29273
29503
29860
30511
31443
32717
34801
35985
40238
40945
43903
44236
47997
48604
51436
51611
55436
59774
60186
62836
63893
66306
66508
67468
67596
72188
72636
75829
79751
81062
81108
81764
82108
83568
86261
86995
88268
91692
225352
6692
9148
15981
26841
28924
31553
40571
43445
45828
47147
47303
53951
62873
79084
79207
79585
81204
93000
94501
4665
9902
16787
20768
21483
29597
30079
30728
31342
33680
35444
37013
38908
38931
40758
45058
47131
47585
52481
53318
57482
57528
62992
63951
65410
66437
69622
73180
78328
196057
232170
236927
3526
5105
9732
11971
12194
13597
16709
17071
18395
18593
18787
18945
23753
23987
26063
27078
27463
28186
28311
30567
31945
33734
34339
35840
37169
38349
38601
38613
40748
41750
42326
44921
47407
48667
50867
51368
53793
54567
55278
55646
56037
56289
57042
59199
64135
75561
78660
84262
87398
87601
88141
90010
226
249
3103
5992
7223
7464
10401
11150
11314
13060
14308
15296
17325
17958
18530
19530
21357
21567
21671
22316
22617
23186
24447
24553
27036
30713
30903
33730
34141
34147
36229
38826
39224
39416
40492
41545
42050
42767
43439
44532
44804
45049
45928
47223
47461
49243
49648
50706
52201
54520
58480
59303
59408
64925
65998
67894
68496
68852
69163
71427
74484
75438
77267
77563
77733
79575
82210
82604
82841
83073
91439
91783
92362
94513
175967
233530
1934
5030
5420
5622
7232
11604
12173
13460
16436
17336
17996
19789
20638
22075
22895
26121
27459
29549
29590
29889
31228
31261
31820
32820
34329
34786
36107
38598
38909
42601
42878
44612
46527
47359
47729
48935
51310
54113
56948
59985
61865
64370
69654
76259
78589
81429
86990
89029
89710
90695
91465
92147
4837
7815
8475
9310
11439
13860
14732
16749
24312
26468
33729
33801
34708
34741
39095
43196
60960
63380
64485
68745
69006
71761
81562
95392
174505
1600
3227
4376
11710
12084
12416
13261
17648
19387
24821
36285
37801
42760
43329
43755
45012
46041
46402
47277
47728
48750
50350
55972
57753
57835
72649
75196
78601
91189
244845
3194
3426
6156
8558
9031
9204
15394
16409
17168
17507
20849
21246
22649
22705
24319
25038
26845
27213
27514
28349
29528
29934
33411
38528
40122
40574
45290
48641
48894
49863
58569
59701
59890
62361
68111
68309
68484
69177
72792
78869
79512
82353
83783
92524
154495
171381
186468
711
3784
4724
5440
5746
7296
7433
8411
10197
12444
12668
16377
16970
16997
18980
19262
19781
22551
25116
25282
27389
27858
27917
28103
30424
32871
33107
34044
38237
38480
42037
43695
44227
44429
45952
46912
48393
48902
49110
50011
50688
55551
56317
57810
59555
60377
62571
65363
66955
67548
68841
69942
72773
73344
77990
78256
83173
84608
84974
86740
89054
174183
222542
8118
10275
10920
13073
15789
16772
17287
18757
18875
19135
21784
21811
22179
22395
24184
24981
26327
26442
26862
28088
28740
31306
31740
32835
33659
34306
36915
37869
38655
40104
40958
41473
41684
42595
43226
43511
44231
45221
46336
51644
54294
59014
60329
64337
66045
68457
69660
72657
74471
74885
75183
79898
81160
81548
83230
85666
93063
94439
175900
209314
3204
4959
7564
8391
11239
12455
13186
17752
22061
22496
22854
26978
28243
30029
31090
36882
37212
38004
38224
41259
42431
43065
43375
45362
48141
53897
67016
71396
84589
85505
89630
161408
171961
3292
4951
10073
11060
12079
12780
18157
18265
23603
23897
29063
30399
30582
30699
32491
33337
33724
35231
37037
40197
40610
41010
41096
41556
43426
46360
48265
51357
61522
63222
64089
65677
69239
85042
85061
85657
87706
89637
91264
92737
1418
3819
7369
8104
9387
11716
12116
13437
13574
13705
16083
16649
17002
17496
17791
18946
24376
26106
27687
27796
29880
32247
33059
33115
35478
38214
38277
39544
47857
48335
51011
51936
52222
52265
57481
59543
63020
63731
70610
72071
73862
75921
76005
76074
78083
80446
85232
85445
86153
3777
4436
6675
6693
9572
11099
12922
14349
14401
14500
14831
15128
15446
15965
20563
25994
27827
28753
30016
30709
32248
32845
33309
33453
36483
37006
37292
38252
38321
38522
40427
43191
43999
44601
45285
45713
46480
47456
47744
48172
48992
49932
50832
51744
51809
51929
52067
55138
55331
58601
59017
61041
62673
63455
66333
66526
66905
68815
69628
70324
76604
77260
78069
80231
82611
84716
85048
87452
88519
90395
90766
91827
92061
92306
93263
7007
7446
10742
12796
13107
13439
15360
17262
18389
22159
22382
22755
23544
23733
25587
26975
30380
31619
32398
32659
32674
33667
34771
36639
38831
39919
40556
41203
42698
44202
45610
50508
53125
53291
53739
54533
54987
55553
55561
56151
56255
57241
60462
60667
62414
63278
63661
72094
73246
74785
77942
79948
80438
82067
83784
84824
85106
87021
87147
89049
95222
159920
159952
4251
4256
4297
5785
7241
7398
8888
17254
17292
19800
21759
22897
27252
29659
32235
34966
37395
38610
39680
39716
43654
43915
47092
51400
52496
57215
57708
61374
63548
63702
64362
64808
70159
77030
83685
84796
86184
214932
3617
4512
7118
7665
7844
9540
9583
13386
14320
15294
22502
22933
24011
25033
25317
26723
31244
33061
42206
45823
47452
48110
48821
49902
50461
50681
50693
56024
56652
58267
60628
61527
75267
78704
79141
81718
81810
83668
83792
1161
2265
2656
3487
5570
6424
7467
9086
9254
10015
10617
10703
11015
13454
16777
17248
17545
20910
21294
21941
23867
26267
26818
31320
31649
31660
32899
36219
37482
38213
38603
38775
38963
39894
41204
41932
42378
44295
44410
46107
46800
49287
49678
50567
50839
51320
55247
55667
56120
59258
60459
61436
65785
68235
68456
70536
79401
80975
82647
82704
87511
87956
89211
92536
93986
94988
95527
245744
5124
5341
8809
9106
9982
10569
12120
13463
13846
14718
14788
14898
15038
16505
16725
18052
18935
18966
19560
19839
21092
21286
21725
21775
23373
23502
24279
24619
26620
27520
27555
27742
28535
28784
28954
29249
30240
30483
30580
30798
31167
31852
32487
32828
33194
33366
33802
34073
34425
34739
35087
35486
36619
37401
39472
40842
41298
41414
42002
42057
44909
45966
46039
47337
48523
50630
50634
50879
51836
57733
59185
59988
60018
61455
61892
62314
62431
64134
64624
65304
65332
66345
67671
69604
70039
70094
71620
72065
72194
73678
79477
79592
79606
80401
82450
82653
83512
87178
88544
90780
91125
91370
94466
94890
95023
95347
95648
171458
228786
4721
5573
7479
9171
10332
11630
12049
14812
14974
15472
15927
18396
18704
21324
21951
22096
22881
23844
25811
25926
28837
29510
29538
30400
30824
31329
31584
31928
36712
38922
40511
41302
42617
43337
44615
44995
46474
48076
48394
49801
51880
52960
54775
55658
61371
62327
63407
64183
67925
68657
69630
71585
71738
74708
78245
80108
81218
81528
85000
85262
149851
5526
6684
11065
12959
21229
21956
24870
26651
29820
32075
34956
37774
43367
43476
45817
50053
50057
53772
54528
64683
67872
69805
71075
82555
94817
152276
155029
3821
3879
8703
12713
12746
15946
19604
19911
20439
22536
22747
24183
24262
24500
26180
28766
29131
32735
34535
38023
40072
40984
41267
41807
45132
45684
46870
47383
47717
51221
52112
54324
54564
55948
57674
68310
71296
72518
73117
76016
77385
79677
80212
82041
85076
85957
88374
89622
90364
94854
95295
95580
191839
227916
6650
6723
9900
11576
14929
19525
20156
20645
22583
23279
23454
23499
24617
25617
25985
26284
27351
28487
29783
29833
31974
32930
33626
34997
36317
37901
38787
42362
43421
45403
46113
46617
47680
47720
48413
48563
49140
50499
53304
54842
55054
56377
60352
61021
64633
65761
66789
70396
78247
78645
79972
80419
82294
82442
82717
84448
84856
89835
91255
91354
91838
94182
1263
2151
7020
8500
8605
9664
11230
11512
15747
16639
16966
17726
19825
20005
20042
21332
22315
23729
24169
24331
25193
25407
25644
26383
28769
30149
30282
30327
31240
31365
31394
31620
31689
32092
32542
33654
33866
33992
34775
35396
35686
35794
37127
37570
38683
38757
40798
41568
42769
43136
43860
44015
44357
45283
46833
46919
48120
48749
49327
51016
51375
54237
54489
54605
54779
55094
55213
56306
56370
58870
60550
62479
63628
63704
65311
67125
67484
67708
67999
69408
69409
70840
75067
75345
75423
76346
79594
80052
84030
85693
85892
85897
86215
86782
88961
89119
89799
90203
91160
91170
93835
95367
109099
163575
232078
243816
4896
5996
6028
6253
9567
10981
12072
13794
17537
18288
18667
19486
19620
20280
22698
23135
24243
24405
26150
26366
26941
28957
29280
30659
30690
32214
32688
34238
34970
38809
43553
44056
44260
52538
52611
53163
55802
56738
61154
61769
62112
64231
65122
66584
67592
71914
74035
80278
80820
82898
83004
84963
87960
89351
89660
92201
92706
93856
195928
10315
15407
15466
16734
21887
22072
24320
25764
27491
29059
29929
30039
30508
31965
32948
33111
33112
33753
34201
35340
37892
38705
39163
42501
43882
46774
48057
48191
50073
51850
53115
53177
55334
57415
58084
58514
58699
64778
66440
68053
68298
73130
75058
75425
84425
85831
89536
93122
190401
5090
7931
8716
10950
11207
12139
12466
14248
14859
14964
19778
20942
23818
25015
25433
25655
27964
29243
30857
32425
32759
32915
34455
34648
42052
42380
42594
43430
44216
44369
53049
53740
56108
56489
58191
64985
65635
67503
68567
72341
74383
74894
76940
77140
77539
81929
86923
93616
94640
95080
95349
95545
218746
219883
5358
5424
5442
5714
7186
7633
9634
10208
12230
12759
13006
15130
15959
16566
16932
18407
18782
18858
21730
21890
22544
23256
24463
25660
25826
25991
26061
26260
26441
29935
32348
35223
37686
38913
41594
43146
43269
43534
44502
44856
44960
47240
47554
52620
52712
55857
56331
56757
60397
61982
62378
64131
64935
66693
73571
74591
76056
77075
77207
77330
77348
78606
78836
80456
80731
90345
90452
91541
93681
167684
203778
147
1604
3477
4633
9877
9955
11471
11632
11936
12043
12114
12530
12898
14051
14678
16477
16926
17643
18697
19126
19619
19908
22331
22965
23814
24206
24672
26618
26664
29075
29852
31326
31714
33229
34379
35104
35133
35560
36538
36847
38828
39150
39794
40406
40843
41748
42963
43090
45446
47200
49101
50390
51532
54277
55659
57088
59128
59690
59773
59944
60082
60370
63687
64649
65555
69443
74598
77107
80490
82975
85449
87361
88834
90223
91467
93657
94717
177855
1668
2221
3448
8088
10063
10644
11560
13079
17153
18598
19575
21367
23468
26482
30895
32612
32637
38928
39880
40200
40569
41266
41322
46362
50686
50705
52440
53527
55771
56936
59907
63056
64663
67287
68005
68890
79651
79840
87419
88318
90044
92510
95489
160153
1416
4974
9771
10664
10690
12683
13365
15425
17923
18936
19589
19761
20035
20438
20775
22771
25666
30083
30430
31129
33587
34099
35503
35751
37849
40234
41034
41169
45600
47295
52363
55625
55930
57413
64312
65092
67094
67306
68895
69533
69965
69971
72550
79873
81502
82309
150226
222436
1842
2757
3195
7871
7950
8720
10234
13392
16061
16393
17015
17090
17443
18821
20208
20623
22144
22428
24633
27016
27614
28013
28947
29038
30118
30200
30664
30793
33418
33725
33948
34156
35787
38189
39672
40373
40397
43725
44152
44174
44754
47341
47478
51603
51616
54131
54152
55630
55697
56899
57357
57448
58783
59996
62558
64548
64839
66143
66212
67726
68369
71480
71616
72685
73227
74986
75223
75661
78284
78749
78893
83115
83264
83631
86376
86835
87189
88954
89642
90463
92360
92547
93169
94193
94680
190053
208312
4651
6242
6871
7153
8642
10947
11076
12561
13456
15176
16756
16825
17332
19646
20009
20046
20178
24117
24255
24727
25665
25814
26031
27111
27251
28531
29637
30179
31011
31967
32230
32388
32395
33799
33813
36503
37908
38002
39080
40372
41902
45437
48866
49817
50012
55798
57829
59561
60517
63647
64394
64894
66267
67023
68068
70679
71008
72604
77184
78053
78847
79319
79706
82168
82553
85343
88833
94782
95032
95429
232448
234641
7162
9648
12422
13848
14100
14798
15186
17918
18031
18491
19490
20295
21014
23139
23596
23744
30593
31051
33669
33718
35657
35923
39922
40648
40777
42474
47082
49024
49329
53971
56293
59204
62262
66079
67169
73356
75151
79584
83896
90996
91026
95328
155288
4142
4889
11751
13034
13277
13482
15151
15270
17810
18340
20338
22101
24437
24507
25590
28514
29128
29242
30171
31074
31536
31877
36117
36287
38391
38795
41763
42284
43719
43871
49449
53602
58289
58319
59589
60804
60968
61910
66165
71144
71202
75222
79938
80529
82407
84981
85037
85392
93418
174945
177884
182531
195406
2293
2422
2934
6318
6372
6939
10115
10475
10667
11849
12220
13853
14338
14480
16425
17800
18651
19265
20685
21783
22396
22577
22819
23034
24269
24745
26432
26446
26932
27659
28358
28678
29140
30721
31226
32060
32122
32246
32736
32749
33086
33461
34057
34770
35060
35097
36234
39903
40504
41235
41392
41697
42784
43594
43825
46015
46138
47110
48288
49693
52465
53536
55075
56149
56176
56687
57807
57940
59789
63356
63361
65501
65703
66298
67034
67438
67453
69207
70757
74839
76165
76177
76358
77240
77383
77696
80097
86145
86494
87964
89195
89583
89769
90418
93119
95471
170850
198842
1789
4259
4622
4664
4854
7843
8357
9817
11238
11284
12685
12776
12973
16150
16773
17794
17868
18401
19673
20297
22010
23015
23196
25140
26762
27618
28110
28131
30438
31157
32497
34386
34504
35161
35894
36025
36805
37334
38790
38830
42015
42548
42689
43413
45304
47683
52636
53101
54293
55722
56749
57468
58925
60947
61123
61879
62626
64044
64484
64600
66812
67072
67291
68262
68395
69772
70768
71742
72840
74643
74808
79210
79869
80354
82151
82348
83971
84239
85813
86134
86308
86730
86830
87287
89187
90100
90585
94440
94503
95659
153779
215579
236362
246561
1790
3327
6701
6911
7442
8737
11021
13557
16664
23764
27223
27615
29396
30823
31566
34750
36350
39778
39801
40837
41878
42803
44733
47880
48886
50726
51572
52858
57736
58996
65471
66636
72709
73269
75463
79327
87214
87442
87886
88943
91087
1351
2498
3632
5749
7470
7691
7792
8449
9821
15467
15520
18051
18168
18591
19371
19634
20790
21592
22447
23438
23850
25144
28988
31503
32416
35623
36715
40941
45730
46782
47808
49573
53593
54486
54848
56281
58521
62856
63249
63738
65217
67639
69485
69597
70717
76049
78876
80369
81007
81288
86720
88300
2190
2314
2638
3178
5907
6224
6873
6887
7124
7607
7779
9489
10939
12285
14261
14514
15393
15488
16105
16888
17724
19773
20861
22802
23043
23354
23391
23901
24131
24537
24779
24826
25490
25744
26340
27374
27388
27949
28494
29428
30022
30733
33302
33435
34007
34263
35600
39107
39957
40215
40293
42205
42807
43155
43688
44025
44467
44875
45855
46426
46830
47123
48030
49459
49674
49976
50003
50026
51231
51693
51785
52084
52209
52714
52970
54529
54559
55894
57501
60936
61440
63666
64141
65134
65289
67193
69638
70605
71479
72401
73189
75121
78112
78173
78344
79034
79314
79701
80047
80178
80183
81079
82105
82987
84642
84717
85653
85802
85877
86223
86292
87401
87487
88558
88844
88892
90236
91836
94609
95150
178192
217302
232392
1699
2489
3099
3329
4539
5900
7460
10170
10415
10510
11075
11760
11768
12671
12743
13267
13706
14144
15512
16528
16871
17455
21383
21606
22701
23637
24596
25216
27479
28931
29561
30738
30929
31123
31276
32073
32171
34154
34277
36976
39746
40068
40757
40800
41579
43462
43615
43762
43939
44349
44713
47974
47976
48066
50640
52357
53033
54411
54889
56214
56236
56484
56667
57293
61898
62756
63006
63086
64635
65103
65227
65356
66316
69585
70019
73760
74417
74816
76389
78165
78868
79790
79881
81860
87443
88723
90641
90654
91190
92178
197294
202241
2453
5554
6152
6271
6425
6448
6534
7394
8150
13943
14770
15495
15651
16622
17487
17524
18610
19225
21255
23317
24626
25307
25927
27292
30632
32116
32673
32802
34661
34722
38450
38953
39499
40001
41929
43959
45392
47551
48185
50113
51765
52731
53230
57909
58910
63718
67608
68624
70842
