198
29
15
15704
510
27
16
17
11
13
28
271
220
279
18
1628
12
471
14
19
21
20
23
25
22
24
328
321
248058
248059
26
318
248069
248046
735
369
8
264
4148
53481
394
91
77
1137
1510
1
6
359
38294
593
63
20759
27896
43138
79
28408
2914
790
283
303
1892
262
82
310
976
17674
7402
383
353
364
1715
8445
3614
11411
10494
424
313
69
80
763
478
5454
66
956
85
553
65
67
87
76
285
440
6231
68
2972
16058
524
48
926
4532
332
64
487
4955
334
33
83
86
52696
4110
57
22326
421
579
681
1901
3464
20668
70
75
18710
3082
197
74
78
506
41
72
55
314
92
748
1381
53
980
36
59
56
760
1627
44
40
874
1174
413
73
1542
430
494
482
15865
42
466
561
54
5608
17566
513
89
20049
6971
50
39
816
38
71
309
43
37
13745
34
799
290
1132
35
4243
411
62
13050
88
9495
49
5008
52
81
60
51
1228
10604
286
287
84
504
363
5434
1558
20633
47
32
10399
437
4182
18649
393
45
11158
6454
11591
1074
1395
498
2600
333
14629
20619
12513
46
32773
16451
7561
791
5036
641
1179
58
7
1518
1590
40121
4961
491
348
2294
9239
406
2805
944
24822
694
5691
17587
16655
3618
2738
6125
476
274
343
449
2212
871
793
1141
1118
1752
4
539
1990
3336
10
600
660
1607
1402
1716
256
361
1321
682
1865
8484
653
1528
311
325
1042
23703
388
5046
1167
3756
1723
6813
1788
31
420
30293
557
1981
1870
24724
728
2552
2318
3359
1284
2794
2
434
628
2400
1428
713
652
7838
2582
30
258
2107
635
768
1822
1056
4581
12333
2195
8015
6042
837
594
4691
13933
3773
3835
1396
2349
2136
446
307
8442
3515
11069
320
488
2481
1302
38631
673
381
5099
27653
4775
636
11715
4548
357
2308
1238
464
4101
3578
1330
2949
548
14934
27327
8213
1773
1727
835
4162
460
1433
812
884
470
1088
3302
1770
2450
90
9251
1676
9
804
47953
4277
4494
787
2721
678
22749
1083
78902
2129
53348
378
829
1733
39046
5350
21402
864
281
1639
1092
6750
1079
8057
293
8313
2083
1719
2075
765
4884
51860
1780
2164
3147
36630
295
1345
877
550
36940
591
1610
6297
2715
866
911
21966
2149
914
259
1301
8602
2764
17464
5331
680
1970
9066
1724
4722
5224
25459
1133
263
5983
427
523
306
1765
2857
1891
272
261
64700
739
5972
1521
1440
2496
725
4336
1917
2713
1411
948
280
578
5285
1414
4560
2725
6761
2061
4598
10562
417
2923
7294
9845
574
12019
989
1328
10442
1534
4520
999
14905
1350
5721
3141
9834
3425
11988
1172
3669
1902
15742
3421
493
5138
342
886
1103
25499
958
2272
668
625
720
1973
344
43491
159029
6681
659
13092
15321
19652
1500
1002
1581
2551
1250
6558
599
4393
11361
297
76926
3315
606
2581
18910
1960
4779
7278
984
4274
2759
745
33389
632
585
795
3309
15400
3721
6560
6942
1503
825
382
9699
3817
1149
670
1267
1481
567
830
380
840
2250
33586
19503
1593
1472
3136
44876
5917
1412
851
2468
716
1220
1754
1001
27293
2448
5642
8412
79114
16401
60363
3667
12910
469
12283
1170
6763
12882
2193
544
15184
57242
403
4679
2081
27718
7141
4706
803
8705
4754
1652
3286
12558
23513
4515
5346
9640
1066
11553
638
1120
7174
1048
2133
9646
18997
10741
6171
8083
64977
8097
1095
2235
9341
931
54586
6149
1425
1143
8198
2426
4370
3085
326
1104
1622
3778
5893
1067
4100
30918
1562
3840
1644
33902
2454
4516
902
22542
767
10280
7652
888
2100
2359
1070
685
777
3394
2741
736
1324
14992
8934
10885
2124
21059
59860
3983
854
714
10419
21867
3393
7899
4181
1049
35426
580
5409
38708
5772
1000
4417
9705
10535
15728
350
20068
2233
68508
28274
2844
1332
4795
925
2424
1830
11269
9575
436
15197
9345
2428
76478
1148
2817
1156
1784
2069
1017
92217
18673
2037
3577
973
80523
1669
6596
942
1445
2000
4045
19159
3689
3074
23046
4466
3808
5832
9376
974
2629
5478
2031
345
883
867
12091
33671
3799
3575
18295
1142
1574
3749
2222
2706
30091
5213
821
10223
3357
3108
42903
1954
2543
7620
22258
5904
5915
17815
710
458
12305
2439
6129
2024
1705
4434
781
18261
27011
3404
292
19318
365
827
8418
10206
84124
64460
5111
44829
846
5039
1760
3482
1061
16384
14197
1483
31930
4587
13744
5165
22562
351
2526
338
657
516
534
836
3
696
2660
3033
587
12619
4120
331
59286
7478
13315
4006
850
2879
1916
3059
17404
1617
11504
1293
4418
15464
49869
9964
2397
6513
1667
1787
535
13540
8556
48659
36066
6121
1453
2800
28253
4490
24834
367
1089
2171
5894
462
1817
819
6439
28336
2739
4880
31338
828
1944
878
6000
6830
1272
2019
7374
19088
3964
596
11046
1536
1126
6516
731
4021
3451
5527
11249
805
4763
18479
354
33686
5593
7019
6891
387
508
4203
4749
1896
1782
8561
2263
4125
10168
853
7393
1803
913
1877
13556
57552
1288
486
815
2144
19315
32675
2243
5072
13983
71093
906
34929
2357
12642
2387
646
7099
569
4161
7465
17241
723
7055
9253
4920
7320
24987
31984
4942
2980
1844
2231
24911
4619
1245
1144
6937
15135
34271
5883
2218
1236
1824
7937
1420
1845
3860
443
2572
8836
50896
9802
414
1608
18913
998
10204
2343
36265
93868
5722
4577
312
38191
22743
514
1609
703
423
1879
1368
528
265
1653
19896
3900
426
27784
639
435
402
3591
26653
366
275
4954
23185
951
294
17237
2255
5728
11969
42463
19913
547
9586
3950
25710
284
38766
907
4456
1004
2313
708
3051
26343
2503
6649
977
2943
1249
3274
2957
51976
13200
1052
1423
6857
2492
18169
7148
663
46773
2166
32671
38591
6040
721
4185
1658
672
5020
6982
2515
11325
3661
23683
1354
17044
1906
1802
8851
25170
4202
5031
9537
32439
809
6922
2880
615
24297
1764
4771
9020
558
5637
1349
34993
622
975
30855
81726
70996
9885
3269
22805
17574
93435
9226
15953
6136
42232
14166
642
7167
586
1675
3337
2695
898
2168
49464
9665
10713
7107
473
7317
4924
1448
2390
8871
1479
2691
788
9546
46930
3431
11135
1151
1532
19603
2284
9038
1866
2072
674
7545
2444
37993
8997
4757
7993
11668
85597
277
15511
2491
7560
5140
588
4625
4534
2624
22910
1248
457
7081
6505
1783
22424
7434
69856
41490
58426
87301
1076
73299
22845
2480
324
2022
2394
562
7764
697
1495
2361
1211
273
3720
1113
2138
2407
1856
8978
51187
4062
5128
5774
1204
640
1323
89681
4876
38641
2958
1021
6277
15705
6820
1455
4965
19455
90448
16985
1898
15339
554
27502
1618
3459
4220
64241
5148
4431
21031
5639
7888
15243
5492
1117
1698
9463
2621
409
1551
3402
589
10582
5144
12237
729
11147
27370
7594
17038
2374
10083
12351
7786
11378
14861
8955
288
4566
52965
24881
34445
35260
10673
15734
7629
1630
4433
503
16924
7800
9966
1927
6507
6009
9764
11525
6060
1189
45061
1407
7873
2205
26384
10836
19645
159034
2531
327
4947
21113
22281
1401
6131
47944
2200
1062
55856
908
2086
2606
25716
2353
5057
8750
19612
5533
71404
26622
349
658
727
1597
3974
4613
2665
10186
4936
12864
278
47712
21295
26324
15797
42481
22188
1159
2267
1992
813
3564
3947
5861
5565
9592
1994
5307
5999
3165
2962
3237
31038
81307
6767
92942
2309
12089
8454
1012
3019
2393
10098
1759
27686
529
2560
6951
629
880
19287
22521
10433
18184
7072
8058
2253
20827
2456
45366
6843
1806
9325
847
4713
73399
11258
2583
1852
3242
5097
33877
6228
13715
8866
9284
1065
1040
337
4676
21166
11540
14836
2716
6472
15015
2324
4808
9653
12262
1203
2933
3712
10325
2792
2018
74927
40161
5115
7824
4252
20335
55101
1650
4493
1757
5242
4129
3172
14322
17565
565
31789
3604
267
5614
2034
8434
31626
38797
3376
2737
12952
6676
605
887
16975
9163
1919
3181
43765
304
1458
26590
69961
299
25045
1013
26864
269
323
869
2336
4147
5787
7018
3772
4885
4711
1426
10968
81294
4087
1429
12755
2918
13962
2573
9679
2020
257
2597
5016
1661
9956
26259
391
1857
5003
1441
5257
709
3842
10923
19842
3595
1791
14192
2404
2306
10534
70674
12168
2842
3370
6481
9030
8516
1318
2437
1140
5084
29456
58873
1858
3977
5041
1259
4501
13205
47094
2911
1554
16134
3921
11093
28109
22260
32332
20105
4874
5653
371
1257
5617
4000
7415
1467
6526
517
2790
3139
51103
1380
25798
3160
8387
2823
4276
26750
9944
1406
1357
38139
4106
737
8006
9969
8702
2002
4225
9945
43143
3625
3531
6575
923
7154
2640
10481
3728
4687
1535
8371
5368
46120
3133
6679
447
11436
8798
1988
724
1987
36597
16478
10383
5226
44199
1484
889
6326
1702
2961
81524
1352
5215
17743
1102
995
5604
40179
8611
48184
3568
4546
25258
3069
8686
9209
18834
1375
5428
6957
5530
63683
2050
12083
1331
1761
2047
10839
2135
4774
2612
8868
3371
2442
3325
17600
29551
8481
10020
24438
6473
41760
9884
23331
370
410
59463
23129
34032
80939
7598
3287
17655
33702
3150
762
8390
20362
613
49300
3481
1696
54802
2143
1387
1152
14371
3008
1436
1442
3158
6015
1825
5799
7176
6304
6126
15816
3655
37978
5187
1918
5817
16526
4221
11241
560
5436
14944
75724
4117
9155
65244
7862
2605
2905
7440
1873
3040
1011
31659
1543
9584
16456
2077
14107
442
3070
3644
2041
5324
93531
5480
2381
14304
3559
14456
13764
69625
266
967
9082
1834
1905
27044
38200
24563
25286
305
28185
1849
9141
1262
5467
385
1362
7515
14943
2131
15697
19014
390
2945
27325
93
556
2506
3129
21729
1439
1459
7916
9571
19290
1446
13766
7813
10195
23314
81189
11031
12164
52954
5098
1732
701
12943
33270
316
4458
4238
5010
25700
4071
4661
4618
648
12654
35464
1212
5829
13769
6027
1307
1876
2117
7131
4479
14835
26156
15402
1146
7891
14385
24303
467
904
3812
3545
40701
2258
17225
12311
1224
1968
6713
33869
3244
6607
20971
25137
3810
296
1054
3502
9306
31686
732
4523
10429
20804
1105
3697
4559
9714
620
7733
10457
43874
2213
18922
631
499
14392
4557
1602
537
37710
52838
11782
16874
10121
18221
7250
1679
18100
429
10102
21124
778
5599
51372
26603
18588
1463
6260
4005
6220
2021
57381
759
20123
575
13038
7106
1887
3276
4937
4862
8028
1965
2849
3294
12709
802
3793
789
2204
3296
7428
16759
1833
15382
3305
9888
8661
13224
24693
1527
53030
6576
23825
386
5332
3989
4778
10146
4138
5418
2680
3497
31547
34098
35232
3648
6392
13914
2513
8318
2484
11176
8210
1648
4343
61
0
3470
751
8981
75021
841
939
6645
9110
73250
7249
8796
5486
900
6052
21579
28218
300
3510
41973
29327
3953
6699
13963
11496
12204
20089
1958
3468
1921
1786
27864
60282
2483
3609
19954
4543
44900
3638
1138
4291
22651
1373
2561
14060
3563
5484
490
949
20341
339
2094
13759
2702
8712
9930
32814
42634
1860
37972
1452
4188
25586
48855
2429
25689
29133
1379
2388
16826
66114
2781
8472
10289
47241
5860
7920
2548
44250
1025
6004
1910
2311
2610
18118
2348
11240
20641
21363
6354
8996
4578
4821
623
7274
428
3710
19226
7945
10128
12636
2192
5186
5354
4406
415
7330
2301
2420
7494
8232
19712
2708
1496
1673
1785
3240
4331
22756
5150
29951
2297
3378
11312
29594
3858
9502
4351
81787
4097
14384
5251
12149
28873
542
570
1846
4416
6999
18108
29752
2798
7788
40551
1304
1985
9063
730
9626
3892
29964
90174
691
3054
3449
1469
10379
978
26946
2099
41331
5304
24862
28121
5222
3131
6784
12688
28128
21609
1060
2490
3520
1344
4306
95294
23895
29183
5830
1240
2803
9919
4272
24092
81589
895
9136
12849
6725
35980
2653
24490
3254
5122
20139
88783
1657
7297
18035
400
71802
12443
6849
2892
6459
13942
4565
4786
496
3445
5353
5979
47733
2902
7658
35718
46283
25552
4860
19959
268
3833
5458
55821
94497
6602
79852
1371
37779
12105
684
2730
4443
9991
6522
12100
55404
5392
26510
61841
719
2843
519
2085
3513
8990
5902
784
1201
1799
56555
7683
9167
687
2280
36022
1006
12748
30456
20868
25918
11402
38593
1265
22246
107
94307
2202
37906
1611
1353
20568
329
1744
2110
2523
24816
47302
7929
18081
18950
3213
5259
3498
9687
1881
3166
5813
14586
2639
17189
14165
5200
6530
1748
2518
6337
9307
5055
13858
21114
373
993
3063
7225
1942
1043
14159
5621
59056
4035
4617
7334
18828
2997
12977
1030
52434
5059
3134
3476
2064
1548
832
6687
25165
91689
54102
34773
843
4794
49125
6992
10708
74876
374
57208
341
38068
65526
362
9046
8863
39242
8205
11823
8129
17458
7385
2153
814
2774
60002
22007
3312
10806
18685
14040
20733
11319
15977
1560
4528
14273
73455
74021
4680
1242
3238
1022
2846
1989
61610
2556
2673
8217
3727
3765
16547
21610
31062
2288
5284
1015
2577
3443
26380
42466
64561
9500
2925
62381
6907
15922
520
1687
4131
12715
291
10255
7016
17872
32133
10592
1206
1435
1756
21921
44675
5426
7559
1325
49219
17854
44192
1660
1519
4643
13026
82431
692
12997
9353
17904
43697
14542
9692
13011
1251
4368
7734
2261
4186
7379
16318
18020
3813
25427
50966
899
18258
4054
1271
1831
4881
35126
1064
8976
1996
20152
965
3387
4324
25252
1223
36879
40352
4429
85679
1797
3440
16520
4696
78533
2109
797
7087
3222
76530
4472
298
13864
20392
21979
2674
3645
15449
9775
16338
19367
3041
91484
2788
10474
7077
10890
824
35435
4066
6007
48570
3284
15227
10390
59538
276
1200
70246
3037
919
4487
17585
55267
1957
2470
12527
23554
28341
32524
4590
621
23582
922
2006
10502
40387
10014
14733
48372
5839
6631
5615
5375
1063
7739
1050
23338
592
917
5362
3752
50977
93409
11960
7049
9755
12785
32766
36076
3889
5757
1290
3203
4841
4156
11774
15406
16995
17830
2784
12401
13405
21849
5022
633
2592
5158
7869
2634
2785
3870
11255
1053
3065
17030
416
997
17469
3191
6217
37441
3110
8844
7917
4396
5987
6381
17572
33233
6564
5
9976
43190
4139
1932
4944
58655
15167
31997
53857
17515
34534
16240
54962
340
15377
6964
25546
3853
3256
3307
5106
13139
41900
11280
3437
11087
27415
28627
21482
1728
9242
9299
12624
18817
18425
2559
50346
686
1315
60723
49198
13280
59218
5077
9191
9830
15213
23251
44646
6250
25681
55249
41042
905
37379
1659
3847
12076
58621
18276
1509
3521
7199
76433
4222
39342
7123
8289
3405
54577
6747
15796
4791
4727
14519
14590
13704
8033
69892
7664
31799
39135
11603
18842
68914
10174
10485
3179
7025
21426
1686
7280
13039
13808
5759
3903
4262
17856
61794
44225
80331
477
2354
5628
20003
7041
9761
59610
4088
6672
8717
1186
1471
11229
31086
5927
3988
7062
71570
2073
3525
11800
4216
4562
3668
3708
4290
2070
2179
1966
13282
2198
9023
17759
1926
3496
12217
14762
7789
65473
1816
988
10964
23985
13973
25020
2224
8099
8404
13336
6643
1654
1977
2421
20174
3043
13432
3377
5281
9218
17172
14855
10298
505
2251
7458
21556
1537
10232
68022
18252
8307
2652
6673
34580
479
8348
12692
13946
2090
24094
6568
60404
5876
9770
1818
2736
40819
15903
18532
61369
19413
33464
20100
21050
608
26370
5134
31265
2148
4610
46925
4244
4879
842
1512
346
4374
1234
2663
75370
2528
25147
7455
11639
1925
3022
8670
826
5730
6483
18516
50921
2011
4108
6995
93720
43168
1451
10993
27372
614
22728
23157
37998
38012
445
1662
4535
9485
2477
14791
21531
4906
61738
6901
2414
8610
9261
21568
61758
1515
10024
10997
13746
23443
36884
2635
41195
9801
11250
78074
86779
6601
5758
5302
8026
986
11198
2438
5734
16350
62807
3193
4058
9997
40393
1502
4639
16347
397
1685
33341
2423
4093
43240
10985
72115
9028
1795
9009
3750
24797
3335
3608
4003
7318
17120
12182
12524
4128
5182
2850
3291
4341
60217
7014
14813
8806
6243
1145
3725
8380
31092
1393
2053
1619
2189
12485
12707
13984
16545
2036
2944
7807
920
5164
11791
9398
12219
4158
10184
44485
492
49133
3126
46170
220497
3162
3289
37529
17086
5014
34261
1027
1753
12611
1603
8771
11776
12948
16417
4304
5674
6065
9643
2128
1110
2744
6979
10951
13259
3154
4425
9416
5524
7189
10853
1268
1666
57532
3173
4799
8341
40988
1576
95242
4505
2865
8645
3442
9064
16275
2645
308
7793
2059
7575
6905
8251
1020
4666
6298
18420
26299
4465
4584
549
5413
5474
7481
11189
2095
2756
12717
18583
29768
31230
319
4631
7799
13685
868
5805
80277
1112
2675
5878
8187
75717
13545
1838
45759
896
2372
5137
15098
5736
6688
10250
19586
34821
754
3067
3895
4599
12277
13911
23310
29588
70534
2413
5237
9019
11396
1361
10811
25423
31302
33893
879
3742
47774
8758
42529
3122
8635
16602
577
2068
10846
20923
6061
7276
8046
1683
1801
7095
31287
2096
3314
3349
3469
8734
31663
3436
9504
82419
20635
2967
4682
3619
17312
25865
1767
15318
3024
2871
5491
8928
18070
1815
6302
14803
18716
19942
25128
982
33633
1024
12964
43797
2074
3537
20163
32783
2900
1404
2685
8678
856
3035
5574
6618
8059
28603
50319
5558
2932
26613
45543
2993
669
643
21685
5339
8869
8887
1511
3683
4430
4973
7966
36501
68362
1243
2257
61643
6948
8207
12876
33931
1924
2594
10661
12584
3354
17607
31220
1809
2186
18336
2829
3955
38959
36008
6486
9238
14112
15846
83712
3758
1478
1745
7948
30205
4478
2010
10705
63908
3186
17289
17311
301
9153
13926
36268
22449
1864
4191
8566
15623
4671
87709
689
11665
839
9889
29031
9573
64072
9496
4345
525
8563
33289
347
4300
10092
68464
6759
1634
16757
31826
6176
13044
6608
14751
4621
6889
1828
11595
28263
42159
1948
14783
10970
5048
11484
24037
24459
46696
2446
7589
29012
2504
8070
17591
35430
36358
1014
1743
2937
28530
49223
1094
1311
4609
7700
3109
3196
4268
5535
7795
1955
14429
18612
23287
28003
335
1139
2321
23285
62143
4143
5391
10625
12756
25663
51762
6283
10714
14387
957
52907
10649
10966
12877
1643
2007
29757
42177
5483
25574
38729
1456
7794
8003
8570
12719
2569
3152
3480
9197
1908
3079
3620
19025
485
6154
21360
2260
9522
2329
41793
16137
26137
39017
81437
2126
5206
6744
4732
8379
8469
61732
3743
8794
10702
20738
43318
63520
85811
1178
9146
30484
72473
46928
5708
13453
47959
2248
5991
14658
2080
5666
24634
34071
8573
6881
6900
21814
81183
571
18211
17098
13797
3979
8662
1569
4592
4916
5934
8152
19515
20791
6487
8243
13279
18941
34988
3364
11315
27867
35716
10487
14717
36571
753
4422
810
4287
4030
11220
22806
5536
8725
12150
17181
25530
48804
5732
4165
11870
11878
18942
401
5365
50572
34810
7718
41179
322
3392
38503
627
18400
6466
35125
698
5781
3417
22468
22597
11036
38710
4424
8240
8677
13514
1971
6862
52562
5443
9233
11183
44480
5686
6741
20182
58377
1730
6386
9722
15040
4119
10911
9468
42181
3075
11533
14014
25835
38176
3151
7810
19114
20112
4939
28000
54195
1920
10926
5792
7472
10302
32419
35473
13176
13985
16184
541
5602
9101
11223
71989
564
4322
6025
10263
355
734
4953
5404
6829
35931
45729
7586
78253
1237
83019
1333
23277
56671
26080
21578
52514
1738
5676
8772
1721
3992
15328
611
3985
6983
9536
12221
13881
41954
61478
671
1591
1457
1552
3927
10087
47588
52953
25293
56415
733
1763
14208
18794
31445
6151
9221
456
44555
3555
5095
6198
4958
5073
7968
8060
5743
3719
4888
5948
3949
5132
13587
1277
27238
738
1736
2433
4660
12103
2705
8211
55976
2121
4109
6616
3340
26334
59841
2954
7915
35748
63337
3299
1210
5372
2818
5359
14868
21427
226699
10630
34577
75336
83220
352
1235
2542
46316
1019
5435
14619
30854
11246
13927
31355
1485
4570
8224
15574
1749
5287
11163
19441
22028
26681
47090
2160
13784
1106
1261
1690
2677
7076
17437
3506
4935
16243
43265
45663
54359
55955
8389
4040
68282
1596
2586
11900
22371
25851
26777
61485
1334
5308
5908
9628
22783
40040
89781
27443
2469
5646
6420
13102
19099
33993
24938
531
45025
47789
3755
8268
74988
1385
3501
3796
32793
2330
2872
11256
12630
19763
71981
1742
2425
3462
5953
9740
10436
1029
2228
6972
26863
37514
1097
1319
2590
23375
25762
34131
1647
3566
76698
2056
4211
6729
7421
21853
22242
10743
654
2771
4744
11593
14103
23677
39910
2894
14525
28561
11857
16936
17066
5236
6572
7611
11607
14212
29554
57535
375
7267
9812
12954
22247
37116
79816
3662
6452
7484
10762
15089
24207
5170
9455
2208
7782
497
2114
3050
3798
20735
45811
683
1635
7462
13928
25804
86882
18394
36774
2699
3026
4310
5752
7290
8339
9663
17820
6214
12389
23191
53650
1005
8457
13553
44125
396
3145
7449
10480
11330
14116
58496
2427
2435
4536
19707
2998
4800
8366
88110
7198
11925
19221
25478
2342
63393
2270
4563
5975
34700
90118
1623
4480
18346
18468
25148
3993
5104
7832
11691
11717
36962
61932
10284
26157
7262
15141
31088
1059
3367
3369
1264
7129
35707
63881
95235
12669
330
2822
14436
37799
55131
4010
45391
2557
6107
7949
8742
24993
2275
7697
11949
21414
53683
938
950
2887
4009
7563
12482
16480
19910
32561
36397
82670
4694
8017
31128
3558
25880
48998
1848
1959
15738
33023
73555
3580
4829
5834
79476
377
2534
3682
5499
8225
24600
41720
2571
5658
7244
8306
45588
2046
20245
45924
4060
4620
4729
18023
29371
90573
5775
14469
15773
1655
5373
54476
3641
10738
50371
4575
8142
1419
5344
7010
7054
8884
24325
26516
27222
28928
228962
302
1266
1835
5334
7547
10834
11511
20011
22149
25298
3446
11510
17938
41882
1123
2922
13948
16873
2977
4257
5228
7285
47553
47843
961
1956
4362
34941
41619
8626
41728
45328
1804
2283
13334
29653
40912
85683
3163
4178
17583
3106
5318
8263
24102
1193
3105
16095
26388
398
918
946
1300
1646
1692
1829
2014
5202
6212
25005
28098
49835
2147
5406
10460
31271
1501
2452
2830
7073
8924
5268
7345
32147
1026
1209
19370
2990
4127
7500
6865
11744
30237
92243
3491
12858
39277
42427
58646
2984
18232
4056
4237
6160
30566
20169
22882
11218
66793
78012
9103
39125
5102
11187
4851
17399
20785
23546
4827
5955
11261
4573
8932
43251
1777
3572
4670
11433
63268
18155
24813
24927
1681
4371
7234
8757
19072
62096
203684
4084
11127
16154
1984
5638
26532
41984
438
13254
78795
1316
16944
704
11712
11814
14148
54084
2564
5854
6103
13014
17199
19633
23836
71520
785
1086
2187
9227
11555
25557
188912
408
4241
4746
12337
19524
38011
2604
27841
28133
833
11568
15205
18597
48026
50348
2443
53354
9150
9688
12703
21473
48043
2953
10090
1691
2206
2750
4688
4844
7190
8016
8553
22225
23014
74055
395
1335
7660
22887
25773
45309
901
8019
11116
43494
8660
22664
24173
31838
2847
15000
3598
4716
13232
981
14006
52919
1807
22754
8453
1303
1701
3841
5129
30494
35494
7047
8879
9461
10533
11074
11836
12640
15578
37781
2641
4482
7438
42020
1322
5981
10650
24334
26685
58740
1018
2234
11667
17900
45276
10691
34082
56485
418
664
5910
6207
11406
14482
18541
50821
2731
3397
5887
10378
1378
1599
5069
8044
9824
42449
51248
78151
1541
9657
11356
2809
3127
14449
24919
994
4275
10125
80557
1058
5252
5272
29809
32907
36367
452
2994
4989
6109
955
3198
3622
8985
10672
10746
25044
48213
5751
13007
20952
4886
8680
10277
17347
20060
20413
25903
56933
72349
360
1893
2048
7012
21118
33400
927
1582
2176
3278
10699
18763
29552
51319
1575
2940
7116
3438
16889
19936
33660
71842
7391
10548
11039
13646
22792
34586
72141
2430
4034
5121
13329
18615
19767
24559
25971
31103
32424
46375
5471
1417
4904
6945
12437
15756
17541
31545
10213
23348
55046
3090
4863
6195
12500
14472
19212
23311
4437
5853
20368
6054
8695
16899
32471
2009
5323
66762
4072
4435
7686
8363
4149
9100
1366
2873
6320
7021
7537
44473
6374
10739
14923
2530
49282
3849
4317
38144
1555
1889
14711
21563
27952
52240
5384
41587
358
441
4122
6038
14648
3693
5553
9766
12749
16620
10152
62134
1386
4043
8471
9362
42412
50199
1091
31589
2926
5147
2001
5192
10938
51179
892
2158
2378
3915
8068
13749
32387
36416
44341
53269
3938
14545
23697
31097
6974
13403
16955
51077
1114
3117
5193
14408
20480
24460
2368
51923
94085
2119
6186
24781
51021
616
3811
5449
11222
8574
15615
18551
4384
58196
741
1153
5364
6726
10311
37613
47248
61689
3514
3874
3745
8699
16859
26488
26554
70040
3140
3199
17550
20973
4098
7368
8882
9109
13965
743
3138
3361
3586
3639
3976
16037
19039
1884
8977
13884
23657
36974
356
6334
12185
13094
20269
2304
3488
4762
6347
8852
25600
30125
61586
2860
3882
10954
35156
52847
11012
50949
647
2908
3015
3281
936
11291
13724
18890
23819
2712
2852
15238
20678
211614
3786
5683
18009
20630
52726
2384
7090
20122
806
1580
7336
7976
9727
15766
5189
40355
41832
59865
4842
5157
7551
8001
10540
26867
27084
2078
2992
6053
8020
28885
6001
12368
2799
3184
1394
1421
3217
3311
10172
22444
43997
5946
6587
9121
32961
38892
80265
2366
2996
3679
4603
12187
15702
5469
25659
26993
47980
67447
1391
2402
3771
8436
11133
24358
60528
60856
706
5013
15752
5123
15992
23095
6397
6469
2316
4475
6925
7130
21328
22764
559
1642
3943
5601
8245
4002
6609
29331
33782
67677
1207
3886
4299
10053
17907
23495
28953
51556
80728
5203
5338
7444
7926
8968
17111
44550
53916
17593
43141
69764
894
17562
46424
1841
6903
8944
82756
4502
5227
1544
7136
7772
8786
14145
17764
20385
41350
4154
8804
10240
30211
1150
3380
8327
11567
18499
74909
29310
35324
1341
1888
6592
10491
11048
27335
31343
315
2232
3702
7839
39619
7147
54383
1640
8557
8770
14118
3248
33193
2969
10530
208711
873
3552
8530
18601
39811
2464
3233
10897
23336
6743
7520
29292
372
1465
7461
12366
12901
15904
32848
33295
6745
13001
22353
34608
51695
64941
2052
7701
25730
26699
1438
6090
1077
5068
5951
10583
11007
11122
11483
43409
61781
64331
3285
4105
7752
10756
59419
1549
4055
5645
16508
30406
8630
10350
15686
20922
60174
11872
15861
17011
31010
4219
10283
12906
67297
2029
4451
7850
10862
25516
57065
3423
11447
12205
16683
33840
35821
43523
52141
70521
1071
1720
3500
4011
17422
19013
37309
3512
4747
35971
11871
12133
12211
13736
19260
24022
2334
3686
12991
48470
715
1967
2194
20771
25250
38875
58136
2668
6256
7936
27150
42812
1490
2493
6133
7227
20819
32942
39100
3967
16929
19278
21142
37384
1121
2723
4758
5882
9627
29254
11040
73595
74451
432
3002
3049
4235
9828
19974
56004
59348
722
2821
4673
7878
1047
2488
7146
8532
10545
19710
30218
41874
51790
282
667
1468
8785
9947
35810
10327
17397
28184
78161
79757
93067
7532
16307
59144
3218
8452
10505
14870
15214
969
3505
4672
9973
16352
16815
38606
77725
2787
4903
5037
13536
14653
16126
37527
80534
4428
9763
10287
12152
13233
15123
42707
726
2688
3864
4439
13201
18069
21356
23437
32881
45702
2174
3635
3946
10732
20086
24197
56320
834
3753
5457
6450
7120
10872
11352
16471
35288
82363
1923
5579
8135
21538
51024
8754
32224
4831
7840
11618
2276
5523
9190
9581
15058
29587
29715
33129
2519
9420
10281
16609
6006
8509
9231
2891
3994
5667
8320
11245
11652
92640
2603
6656
33662
1192
3214
3654
11467
13153
2628
3016
4229
4826
4887
15674
947
3751
4210
4391
6542
8657
14544
19152
9412
10916
12655
14768
16398
30143
87190
4677
5032
5188
8839
10031
51088
62930
598
1163
3047
19872
23508
38592
48603
51586
66350
10793
27437
2196
7503
7875
8362
9799
29650
35419
73735
2302
5042
5167
10804
11171
13016
14520
14531
17788
19285
35007
45832
45938
2686
4164
5555
6311
7335
8166
8255
8818
16651
25171
40846
1364
2033
3623
8040
8821
13262
21756
43853
1573
4663
6498
7694
9992
14190
26820
2915
12126
47366
379
3754
8127
43166
45031
46564
3660
5254
11196
12068
17076
20788
31105
41689
48401
51520
1183
2827
4107
4764
10384
23122
2683
4595
13909
15876
39972
77937
6158
36557
1165
10766
11660
12272
21736
68777
1227
3831
5886
7934
8764
10899
19674
1044
2904
5899
8161
13000
22327
27228
43072
260
5171
8018
10902
12062
12261
13779
16984
18485
29691
32009
34451
2909
7371
9184
10027
10191
22652
33413
463
1009
5495
29471
59934
1524
4868
7812
9157
9328
15162
15594
49878
50209
73313
10856
11946
11985
12726
15700
15900
25241
50615
2877
8880
9315
12104
14289
14335
24712
33582
68707
77450
4602
5649
9989
11337
35414
1283
3433
4990
10159
10525
16884
33055
52175
3495
5497
6031
10142
15332
18579
2325
6851
7344
8355
15862
20993
28707
59162
11788
18810
24582
34005
45361
453
2876
2939
9988
17723
28471
60052
3246
3384
8534
9215
9257
10930
18473
59337
71946
77991
83986
2134
10598
16237
45991
67375
5152
651
860
2326
3010
3071
3611
6248
9559
10365
12025
37980
3726
4327
19306
31076
1847
4967
5374
6157
11869
14671
22294
22524
25009
405
595
1356
2445
6144
13322
44564
52642
656
1913
2307
3790
4454
6456
8032
8937
9415
10218
13097
15313
40506
1460
2291
2585
3044
7749
10524
29440
552
4239
6333
9115
11963
14311
19797
6899
7263
8751
11982
14830
16894
42613
1497
3905
13550
28293
30271
1670
5698
6859
16298
26527
2465
2643
5681
10132
11930
12195
13481
23636
26637
33283
4293
6232
8023
33093
2921
3012
3968
11324
11490
14372
21455
26123
47696
48409
61250
86344
10185
11898
21549
25211
82248
3219
3234
4089
4623
5901
7679
10291
70953
90718
2717
6646
12390
18509
26103
28715
63170
7743
9321
9331
12740
32804
60511
1171
6008
6281
9469
10424
22465
42763
74877
512
2770
3807
7135
30203
48868
61872
6295
9808
87314
289
2181
3320
4013
28493
32049
32335
36438
69295
563
4873
11772
13635
17742
22629
22676
23853
4177
6399
9676
11363
15007
17158
20382
21901
27047
27427
89649
5840
8047
14376
52992
64813
17425
25860
84637
9348
10844
11835
17896
22779
6282
6632
7867
10296
14773
17503
19833
45032
3058
6430
9069
9655
10300
11173
16585
22419
58118
66532
4346
5748
6666
9660
9668
9798
13059
22271
22828
1413
2662
4167
5605
12180
23856
24868
37158
58366
1217
6737
8665
10108
15545
18140
29567
34510
771
3665
6211
15250
17627
23762
87890
7642
9192
12594
14991
24265
36610
57571
1191
2720
10932
12162
18483
1090
7111
7731
22151
24342
37030
3571
3791
5120
5920
7525
9265
9417
10639
22456
23016
3052
3228
3282
4558
4738
5997
10248
11648
13251
89304
602
3522
3940
5836
10196
14970
21136
39641
60851
3717
5176
5702
13611
40229
40818
46197
57142
1155
1689
1928
4063
6082
8439
15529
16747
17978
21283
21612
24368
33791
40890
2012
2466
3579
4891
9012
11146
16165
19186
26132
31941
34728
81385
88013
801
4582
8236
12648
12816
17526
17529
40027
46727
3971
6262
6614
7833
16738
22512
35845
39358
64913
630
1340
2163
13954
16674
49128
62985
66186
655
1546
2180
5091
11958
12117
12143
14264
798
3429
17389
21624
26865
29696
54087
71590
852
992
5313
6343
11721
13216
17771
15604
17319
22336
22445
31766
32002
54350
62929
2340
3001
8646
11354
11901
17040
17756
25343
28738
43870
59675
62411
63192
12585
17448
27674
3137
18535
18811
18868
27362
45344
1516
3095
3157
3926
4193
16615
18412
19305
20908
25322
35044
3511
5370
5444
17004
2623
2704
5081
6994
11875
13320
16866
19691
19900
22863
23716
61170
89695
188460
695
2942
3929
11013
11140
21650
27805
42465
77105
4394
8145
14234
19751
19912
5576
10960
18989
22005
24795
60145
3845
5225
5303
6205
6696
9809
12931
14176
16779
41310
53061
2521
2578
5715
5767
6396
8209
8580
8957
16161
19373
36693
39604
47305
11055
13086
15043
38823
41182
56723
2278
2502
6844
7941
8282
9283
11316
17971
19598
21214
43194
61797
2981
7454
12037
18445
766
2332
3081
5038
5877
6978
9262
9712
10517
12216
17642
17680
30576
30688
35695
192398
1100
3658
4307
6778
8350
8891
11569
23451
62837
68169
82537
1912
7207
8933
12241
15228
19206
28504
31790
43884
82518
3680
4703
5659
36602
51979
84212
2229
3663
6835
7033
11886
3678
5275
14902
17102
59364
74751
1638
1899
6057
7505
7776
7946
21003
23070
29643
46318
1940
3255
5952
8162
9478
12207
18960
29467
36222
2599
4483
4525
4718
6720
8533
15137
16103
19504
19556
7544
7634
14453
31979
34602
34944
65975
3706
8663
9037
10895
13213
15999
25310
40834
2646
3447
3723
5880
10123
14445
22287
51005
2123
2432
5793
10070
28942
1196
1347
5500
7466
8486
9563
9971
13082
13235
16823
18022
36984
40097
70012
2536
3331
3381
4380
10398
18990
33182
47217
6961
15689
22898
32579
39147
72191
3733
13218
20359
68834
1867
15588
52782
1473
3072
3092
4702
5433
9212
10162
10257
11091
16516
18944
41339
5822
9979
16484
54588
58795
94858
581
6521
14816
18616
36809
60838
74671
2479
3794
7392
18770
18964
20671
38877
45224
48753
55619
70373
74533
77654
2247
2589
6387
13566
16198
21769
25503
40527
67230
1176
5211
5786
10636
11018
14414
16000
18034
44511
47785
91480
3722
3899
7071
9051
11174
14497
23873
27666
54223
56905
61161
95604
3628
7918
9861
10774
20344
20834
21055
25628
27629
2152
2763
4612
5600
10459
18054
20113
20473
5283
6711
7606
13780
19255
21553
35580
42572
45559
54205
87363
1287
1651
1880
1897
2379
6269
9393
12268
36656
717
3729
4736
10684
10860
18030
23648
26808
34283
38442
78747
3822
4486
5675
7324
7602
8064
31162
44095
47622
55338
1280
10686
15314
17860
21837
29655
30140
31961
38403
46192
3533
4654
6418
8214
10333
20655
25331
39004
41741
61946
65885
68163
88283
13211
13854
13862
14138
18364
29617
40652
47332
49400
78361
468
6401
17877
21061
21835
24121
24624
25283
27406
39901
4787
8120
12675
16143
19860
21845
28609
83081
24894
4923
5218
10314
11863
13468
13773
16110
18377
20172
33220
39219
3826
4524
5872
12607
13596
15814
21333
38806
59628
81645
6548
7321
7943
8547
13452
15501
26985
32633
52146
2538
5405
15518
17656
24524
25377
29797
46738
74903
94337
2982
3466
9366
16228
17659
23658
25284
27245
55002
4273
15906
17638
22090
6257
6795
9543
12288
16060
17873
20209
29486
40181
43555
58755
85681
2647
2700
2912
5629
6237
7384
9351
9749
10243
10478
11351
15429
15784
18937
24890
26539
37943
54374
54765
92658
472
3757
4392
4823
9158
15417
18188
18939
25429
29775
31677
51451
59799
70419
1533
1714
2216
6435
7156
9974
37311
48758
3677
4282
5261
5363
9308
11707
44517
45369
2399
2532
5306
6020
9344
10258
10749
17509
19547
70307
6818
7060
7978
8668
12965
14623
24193
35141
53109
1008
4455
11318
20364
21018
22464
43967
69335
1247
3102
3439
5931
9894
24290
26657
35302
85950
6032
10458
10758
12354
15114
18520
18836
25572
39074
43565
65867
1358
1734
3225
5320
5445
6046
6433
7842
11205
11806
12495
18002
24006
26785
28068
33436
34065
40257
56735
77173
7108
8294
17582
18652
22295
31072
38076
40429
45083
57815
75314
94305
7497
9097
13870
15731
29222
37794
74104
2101
13996
15579
18349
39352
83871
2327
2878
3855
4168
7078
8540
12480
17272
19899
77506
1762
6434
7139
11096
14388
15175
15550
16717
20476
22998
23511
24734
34566
44568
53337
55091
76787
3310
5438
6112
13945
19349
24272
33811
37761
72298
518
1798
2113
4667
9111
10695
18567
24794
44023
66336
71910
637
1010
1711
2654
3023
11128
17068
17078
18776
22054
42204
68354
72867
4748
5461
12868
40924
58188
72414
1246
7210
7964
10886
13995
26313
34048
38855
63038
91630
2845
4836
10616
11961
18959
26289
27757
34725
71778
93644
1781
2376
3301
4207
7651
22154
26984
68925
6892
8119
9290
10279
12771
14109
28042
30096
45736
72314
4497
12459
15301
21977
22415
24271
24652
26355
53017
63368
75226
78621
3584
5891
11781
12741
22632
22902
28783
78937
1080
5317
8154
9958
14067
17087
24900
35901
36059
39141
45447
1274
3403
4265
4780
5310
10029
10837
13240
19018
19939
42673
48339
51948
86538
93518
2544
4468
6734
11028
11622
20115
28463
4968
6258
10052
10807
11271
19396
31778
33380
34519
35538
42753
56279
196114
2895
7912
12208
15886
19581
20624
27870
29029
40693
41497
74063
1682
1882
10288
10590
13662
14687
21189
21362
30346
37574
43774
48820
55523
2155
5671
13753
23210
23214
23522
43314
44839
45398
46854
77719
1365
9219
9690
11480
16288
23075
29595
45388
45850
3804
5119
8025
10269
10539
12518
16606
51797
55157
60718
64021
64424
68998
1370
3101
3517
7304
8298
8545
8848
9849
9952
16236
20465
22841
27225
29663
36773
54703
1505
2632
5437
5460
10156
18393
26003
33241
33911
61384
71662
1489
2718
3200
5515
7096
10696
13248
23065
30086
64686
84452
88461
454
960
4233
7230
9017
10357
10400
10467
11605
15087
17268
22700
25711
33287
4025
6235
8317
18082
33519
41956
46570
66945
69352
74386
90563
1162
5074
6878
15618
16764
19214
20077
20259
20653
23402
24856
28286
28767
35106
47901
68023
68962
68982
75600
5064
6768
8482
11573
13657
16522
20435
35653
57409
59929
66550
6012
6702
6707
9831
10160
11486
12834
13215
13640
13756
15194
16849
19041
26824
33030
34111
70901
189551
540
13629
18084
18089
20407
51089
61030
67561
2537
3960
4344
5668
6563
7890
11213
16070
17313
21916
23073
37688
38663
67547
4047
4489
6518
7408
9230
13343
21297
21555
33046
67044
522
807
2478
6177
6249
7708
7977
12243
13605
15078
17498
17802
18824
42859
63692
83574
1034
11022
23956
58574
64646
66997
74155
77517
92977
5326
8554
11519
15572
16360
32427
59933
67220
4173
6949
7032
9476
13101
13863
20367
32541
38049
43388
43867
52924
533
1520
1680
7508
9104
10337
10977
17867
19321
27467
38993
39588
42514
48236
67418
2312
4918
8732
9711
11212
11333
20748
25057
26079
30452
42080
59537
88064
2279
4144
6947
8767
14642
33256
35169
35226
41548
64580
1085
2338
6105
16858
19794
22627
33829
47224
55290
66005
75555
87941
3928
4405
5586
11583
24101
25696
42668
52549
19197
21924
26502
28348
37824
41764
2054
2319
4151
7252
11425
12626
13373
16577
17171
17709
25353
30805
33848
35140
55687
65552
1936
10331
15808
18677
23141
29722
30503
34952
47501
49948
83290
448
5620
24531
65663
4444
6078
17277
22330
29596
46292
49366
58093
75447
782
1443
2864
8931
9840
11454
11693
12373
18191
26429
31190
31989
32303
80255
88732
90987
3130
3375
9077
10868
15103
16270
16563
19748
48117
51090
192988
2507
8179
8239
15239
16715
17546
30816
33974
37458
44424
54254
68351
1449
2549
5898
7088
9696
13138
15932
16534
35248
61762
66770
93098
848
1068
2350
7064
9599
13276
13522
16050
16305
21343
51763
65425
73966
166525
3636
6206
11329
15480
28964
32313
45704
66917
71647
425
940
3896
5944
8535
9990
10393
13190
17360
20306
27477
41661
41774
43185
53630
55483
94644
2512
6758
9043
10304
10624
16626
18500
19983
25953
31363
43559
63492
81197
4334
6097
6342
6847
8112
9434
9923
13066
14090
14588
17965
18707
20459
29089
29997
52194
58127
60592
75516
78138
3104
12381
12650
17099
18826
23194
28215
31579
38067
75477
2459
2678
10103
12573
21516
29094
30373
31130
35968
52072
67767
1098
3494
4471
5142
5562
7644
9001
11175
13968
14086
14914
16964
17424
18894
28043
35072
39500
39651
46398
48508
78571
80330
4561
4586
4928
23379
28177
48683
81520
84828
6411
9868
13679
14095
14548
17761
24733
35648
46431
49995
69303
77202
1405
3524
3615
6517
7863
8086
8655
21010
22513
27692
40751
69402
75007
8761
16487
20589
24583
63113
84811
1547
6551
7359
11394
14799
17679
21709
24690
30192
38717
60876
3267
8749
13867
20260
22222
25402
27573
30319
30394
34538
38925
40016
40996
42419
49248
50285
57997
501
11924
21561
21860
25351
45277
51476
3029
12417
12718
13264
15523
21899
28946
38895
60277
461
495
4115
4296
4583
5968
7008
8286
10709
11268
12452
20044
27365
27868
47460
60106
62810
64622
68015
1160
3687
3738
13223
14796
16035
16525
24638
36513
57455
60937
72346
80792
2617
3164
3827
4752
7499
8204
9403
11159
12883
14996
22586
41403
52614
59493
60494
8335
10677
12559
25217
26731
28943
43354
47203
54907
60436
60782
64445
87922
2987
4019
8739
15401
18104
22985
24505
28958
30863
33682
34842
36592
36794
60919
88384
4442
7423
8280
8616
11360
11481
21408
27107
40403
43732
55792
87665
4255
13866
14885
16160
21676
35131
35678
62137
70356
92844
2508
4029
4956
7822
9048
10601
12851
20185
20934
37707
40340
43117
51044
57605
800
3036
4249
6238
9371
11026
12008
29058
40022
44287
80360
910
2173
2246
5550
5982
6355
6378
15196
22912
48492
81770
2574
3998
6970
8708
12867
20618
22284
27650
34051
36026
44204
54159
63037
1506
1707
6577
8598
16092
19536
20547
36495
73589
95095
3982
7157
7236
17840
18879
22968
23410
33110
33539
40909
47278
58985
71164
2719
4048
5697
8311
9186
16870
17758
28428
34369
36354
40598
52685
81519
511
3774
4530
4601
5221
15395
17390
19827
20309
26623
32983
34624
35055
39599
56399
72981
1674
5305
6421
7469
9481
9890
12844
16075
25391
26915
36090
42836
50579
56380
59079
4169
4945
6488
41384
51483
63713
64273
890
3795
4802
5706
9067
23925
24382
24865
26850
51216
53709
60862
67095
1199
1678
2380
3912
5378
6531
7365
13573
17481
19019
25532
28302
38045
57043
69265
87470
87567
91342
222898
6259
15211
23022
27050
52889
2752
4199
4917
5212
5737
9175
15225
21794
37667
42701
47196
51950
57297
60607
2767
4473
13849
22008
22598
25261
26703
30888
33831
35704
41784
44788
52315
76512
3934
12304
14760
15484
18907
20206
23982
24837
25264
28217
29166
36028
37523
46944
49840
57129
811
6402
11700
14573
23735
25598
29622
43164
60456
70300
87996
4204
7187
7558
22106
22235
32615
40039
90984
1633
4866
4992
8324
8808
8827
14906
19481
20093
47419
50802
54474
57339
71942
930
1616
4849
5342
5673
14481
15029
17831
21667
21716
22931
27731
28446
28889
29202
51449
55877
59770
60648
71152
1625
1931
5197
6405
9305
12215
12563
15699
18417
19038
26517
27211
27853
29793
31292
33901
37825
57325
70157
1665
3602
6018
12156
23826
24530
31850
44294
58166
62695
66869
1584
2084
3120
6241
6708
7653
9542
18036
23912
26923
27127
475
5066
8410
22147
24191
33807
44272
46310
46880
50877
75454
93490
404
8428
8483
10999
12161
12254
13834
15745
17936
24170
30828
36530
43380
44920
77358
89763
89934
236161
6669
8264
16371
22267
23977
46751
49023
51515
61036
89403
93090
1313
2392
5696
17299
21500
24147
32449
38411
38698
40290
46377
48936
56920
439
2487
3547
4719
6234
6635
6801
6902
7042
8845
10845
13238
13323
14893
15275
16201
21487
31324
38339
45754
82253
85248
532
9516
12847
25181
29016
35010
36040
41836
71065
2985
4979
7509
8173
9176
12581
14419
15016
19044
21564
26900
42705
43407
45697
70271
92756
8552
11671
13458
16111
20887
23617
23832
31656
49600
180178
1794
8038
9458
9856
14524
21700
24603
29618
30088
59987
70110
1057
1392
2836
3848
4909
8525
8829
16662
17033
17092
27631
41306
44868
45197
57171
62305
75622
1559
9639
10358
17239
17252
22285
26556
41933
46987
48020
2323
3569
7728
7881
9084
9425
9497
11112
17657
21321
21907
22197
22857
42000
78721
90804
2127
3646
8597
12913
13081
15934
19675
21344
28454
29533
30545
40057
41606
75897
80105
2320
2615
3125
5545
8435
13281
14834
16653
20612
27900
30568
36824
38516
49465
50680
51993
77870
81988
89383
1993
2287
6647
7698
7898
12306
12317
14354
15246
21001
21220
32160
32239
40889
41197
46508
46594
75074
80612
84050
88635
536
3202
3221
4067
7748
20043
34002
54093
64692
65824
79073
2733
8321
9326
10122
13820
15716
22308
41304
44072
45498
46348
47033
48267
49558
49625
51204
53435
57764
73039
1498
5184
6170
6554
7955
9089
14246
50397
56232
79045
1718
3018
6547
8259
9807
12239
14252
15264
23165
26009
30064
31713
49422
49547
61878
68051
1195
2462
5210
8488
12663
16073
22236
22588
22825
42662
53407
56446
92849
779
1410
1466
2333
4496
7765
8242
8618
11799
12567
14892
16190
23666
28486
31467
31542
38699
40541
41816
52857
54818
57268
87689
481
5245
6352
6463
7030
7819
9936
10039
10338
12439
13263
15491
16539
16829
21250
24116
27224
55884
56402
74455
94126
2875
3959
7552
12184
27203
27421
29322
30695
36626
41632
42236
45783
50170
56583
60037
786
1187
3032
4284
4804
12278
19754
20580
21155
24484
28191
33752
47354
47756
53327
71304
3626
3837
4184
5584
21851
24526
37586
63013
77012
81582
230123
650
2824
3850
4740
5598
6124
8200
13421
14684
14737
18814
28241
29986
44925
45830
52352
53176
57513
61342
64375
71565
4981
5490
10483
11092
15064
15843
20689
20863
22481
23967
32433
35755
53974
66854
74482
88898
94734
823
7056
19661
24315
27483
32751
38643
49231
52332
62535
62579
84135
84982
201168
3401
5154
6414
7035
7566
9052
15560
17377
23435
25227
31528
32288
41278
41758
43834
47656
50290
73573
92594
190632
1122
4653
13257
13663
26655
44005
65899
70371
71598
87278
2017
2988
6611
11729
22741
25544
38906
40190
58469
59884
72470
80440
83879
93924
162281
2978
4910
6182
13402
19463
22309
30571
34548
38769
40716
56546
63906
75257
77903
87317
214550
10633
12406
21521
26189
33617
48684
53901
63437
73172
84209
89647
4180
4404
7969
11701
13533
14565
18801
30376
32940
36939
47133
49264
66580
76360
90574
1684
3759
4950
5117
8460
8906
9815
9857
9858
10343
15648
20087
24354
25187
27226
35887
44577
46690
47688
57933
59016
62811
74886
84139
1289
3877
9071
10687
12775
19200
28079
32645
45557
58400
70500
78367
85088
6599
6779
11827
13427
19194
19222
21104
31520
60485
61857
78382
78574
80858
213977
5007
6117
6738
10986
11957
14781
16673
22982
39850
50606
66533
68327
69383
1188
2271
4041
4551
5998
18274
30413
40420
53708
80776
2396
2434
4805
5348
7650
8850
11177
17534
18486
30901
32817
55383
67785
85266
5947
14271
22150
30263
32195
47396
49097
62197
1568
2355
6588
7821
8385
14933
21278
24435
27041
30814
38764
40337
43618
55275
58924
64179
64688
68242
70068
84972
89503
6636
18505
18539
24979
32974
34872
46806
55580
58256
69516
73141
79033
87013
3924
7450
8606
10036
18083
18212
32726
33165
35474
36348
44169
49992
52062
66536
75920
431
3155
3997
4549
13683
18390
18622
19852
21252
22291
27925
28571
53276
61911
92119
1545
7151
14908
15673
16248
16535
19458
23645
25591
34523
56553
73033
4145
8476
9087
9617
22663
27622
34224
36527
36703
40535
42103
45872
48529
79213
88367
92788
3348
6199
11368
15411
18887
22203
27566
30498
32364
40923
50985
221265
246283
474
3391
5509
5937
6184
11743
11879
15132
17548
18977
20236
31000
78222
5488
6047
7435
9277
9357
10917
11837
16644
16714
21871
27382
31600
34541
39297
39652
42199
49114
56080
63396
87374
237084
1572
1983
2344
2364
2769
6058
6960
7896
8169
9378
9788
11214
18173
25864
28782
30928
31084
32052
39129
45156
49261
49279
52396
71483
75800
2441
3541
4037
5677
6122
6419
13668
16208
21349
31377
35061
35883
60775
62839
199592
1073
3061
4801
8153
8755
11292
13654
18871
22890
35303
38625
40523
40921
50252
64315
65395
78556
1129
3224
7170
7783
10229
13901
15937
17130
18689
21035
25869
35480
36725
57166
60735
61635
62971
69710
84298
86302
5399
7125
10728
12269
17789
25118
33385
45227
59622
59739
66041
70255
73801
84441
2907
3073
3418
6441
8733
11002
16682
44543
61444
67973
68720
1198
1953
2777
3275
3760
5376
6409
7248
7675
10492
10957
13359
16876
30667
37027
48794
74854
75658
86745
201962
1327
2540
2587
7587
7677
11323
17431
18183
20142
21681
21766
27730
29088
32740
37725
77244
78080
79694
3787
6088
9959
11121
11644
13496
14020
14739
15002
16490
35809
35912
39111
45658
47960
50405
67307
392
1260
1779
1946
2161
5330
5926
29426
64071
92189
246024
551
1367
1778
4751
6869
6980
14301
15907
18018
19174
23290
35255
36214
38334
56497
62269
71376
77243
79417
81347
210307
2497
6689
7283
7410
7523
9731
9743
23304
24053
24344
30982
37476
39474
39849
40659
43241
53268
58558
77036
83486
91022
2570
4459
10426
11407
16465
18447
24038
28300
30917
33701
45668
50436
55461
57173
57416
73732
78444
78493
86334
2535
3562
3670
6697
9252
9363
11426
11974
15319
15653
19298
19522
21094
21292
22860
24470
25034
34902
36151
51622
63576
66741
95717
203939
3627
4531
6811
7289
8694
9272
9400
12238
17533
24905
25257
26610
30835
45371
48064
66943
72726
78355
85821
86514
89408
89755
419
3549
3945
4833
9750
10927
17462
40904
44030
56453
67194
76526
5312
8429
10220
10660
11227
12023
12263
12331
12639
12784
13304
14255
15145
18112
23950
25256
57739
64166
66447
72547
76719
91311
450
644
2282
2754
3779
4933
6791
6833
7142
11064
16473
17982
19688
21621
24751
43953
46671
54878
59670
94838
912
3330
5110
7298
7732
12415
20646
29478
39565
42821
65787
73504
74162
76713
86725
91585
2182
4415
6221
6821
7647
9813
10021
13669
16312
21325
23586
28125
46108
54275
84810
94441
451
1708
3132
4545
6301
6365
7990
12013
13198
14505
15622
17542
19639
23810
23857
43838
51422
53100
89331
94093
1626
3066
5896
5943
6077
7268
8151
8334
8529
9859
10828
11328
15171
15497
22200
22988
25425
40682
45479
49644
53931
68411
71183
71534
916
5790
5903
6570
14312
16144
16162
18175
25419
65930
71249
194956
1672
2482
4441
5270
7836
10744
12312
13457
20312
23610
27140
33335
36297
37522
38982
42711
60922
64045
74120
77028
86528
90535
3621
3631
4766
5198
11704
13332
20852
28528
34426
61507
90833
1938
2315
4081
4714
5990
6716
7044
7980
8583
9796
10612
11543
12817
15234
15676
24660
25555
31315
40773
47834
57078
66514
68891
87378
1218
1409
1979
3788
7501
19095
20072
25204
27515
40784
51193
54749
58575
91770
177603
1430
3681
3944
3990
5949
6866
13438
20728
32447
43303
44588
45522
46793
49463
52515
55557
69698
2748
4083
5141
5568
6529
8865
12566
14078
15585
24643
27723
27760
36432
37046
38408
53577
71866
88072
91500
6817
7075
7911
10028
10835
11170
13145
13340
13558
19537
34987
35358
35851
40370
42914
50957
85983
4970
6860
6918
7715
9978
15896
16642
26837
28365
28450
36951
59161
1119
1855
2595
3456
5657
8061
10403
13160
20615
29672
36784
50322
50433
57469
64710
2044
2458
5040
6799
7542
8212
8979
10866
13183
15956
16561
26679
57790
70625
71681
73332
82687
93994
5687
6233
7346
8271
9042
9570
11117
18332
18376
37107
44283
45256
52303
53007
58899
71293
94827
2631
3930
5439
6536
6686
7903
9774
9781
15902
16022
18533
26921
29018
56593
56837
57496
59647
63256
79648
94971
167975
4409
6858
8690
9967
21080
22973
25277
41425
48872
50808
53310
70755
70860
75169
78413
94070
179742
3428
5335
16432
16912
21399
23011
24277
27119
28593
41502
49763
53670
58215
67605
69357
71188
2670
2782
3805
7615
11594
12370
16086
16574
18559
18788
29296
33216
34574
36584
45161
49169
59782
68291
71196
88712
94381
2106
2630
5564
6066
6114
6625
6663
14856
18656
20694
23299
35577
37359
45863
64133
65495
76941
231416
4750
7082
9596
11882
12633
12760
16721
16965
18474
22219
22927
35323
36999
39673
40180
51952
65184
67264
72626
83305
154150
187113
610
2801
10723
17592
20950
24828
31995
34125
42983
94398
94709
200894
1038
1820
7947
9933
19722
21181
29324
29609
32354
49215
50125
50707
51018
60977
62454
63126
79824
2215
4217
5911
6528
7145
7663
10996
15207
21257
22027
23533
23571
25599
28685
34298
37115
40240
42191
49245
60316
64351
67409
69916
78001
78179
209403
1713
2563
4941
5352
5976
11179
30988
47722
47821
48336
53082
54600
58300
81541
776
780
2786
3231
5978
7625
8698
8820
13470
13534
17375
18923
24141
31886
43472
47866
67208
94674
1154
2447
2666
3596
4777
6338
10979
12034
14705
19853
21241
23280
23371
25050
26062
26436
26642
31136
39907
42873
44497
47548
69983
80165
81870
83697
87976
93840
95013
3854
5238
7211
7457
9405
13185
13537
15707
17882
18338
18957
22283
23908
27367
29755
33779
35212
42849
50355
66983
70078
80832
82074
84226
87098
217790
3920
5045
5417
5423
9738
10242
11616
11650
31456
37380
52783
72181
78290
79571
3916
4329
4506
5482
5788
7654
12486
19849
45531
49419
65201
79021
86549
480
6196
7214
9053
10512
12041
12705
22670
23424
43328
50636
65183
67433
68742
74321
77391
78323
87256
783
2091
3942
4206
5802
6644
7193
14728
16679
20911
21761
43906
51217
62776
63471
85093
92007
2789
3264
4626
5609
9266
12939
13064
15415
15711
20007
26499
26624
30087
30800
50960
64399
95218
1793
2562
2659
3539
8589
8958
11488
15155
16253
21575
31489
34327
43095
47894
85510
336
2076
7341
7826
8631
8960
10265
13161
14274
17353
17725
19528
20307
20372
21103
21779
29541
30344
31118
31442
37095
47772
73749
78298
1374
2201
2545
4028
4410
6864
9576
10486
11614
12955
14955
15813
18357
19129
21132
21197
25026
30422
30725
50081
55375
61660
69725
237344
4913
8396
17476
26126
27536
30882
39356
40833
50562
59012
84301
770
2369
5231
5750
6146
11976
13362
15233
16177
18343
45374
51098
57628
72458
77367
87413
89308
1567
1947
3045
6746
7638
7854
9951
12087
12088
12587
12609
19251
25619
27654
28694
31114
47096
65086
68755
74872
945
3252
5995
7848
9928
10495
16374
17720
25771
29482
34362
49788
62124
66976
68042
78713
93801
509
1525
3478
3883
5058
6751
8132
8177
11399
12662
13239
17809
19032
33254
36793
37281
38127
45101
46705
50578
66420
67407
1821
5718
7624
12092
12364
17297
31349
32680
33286
33318
44780
45696
57599
78302
483
2112
2575
2959
3906
6406
9159
13772
16218
16676
18313
21774
22967
25157
25584
29397
30451
31337
32039
44020
65937
67112
1998
2244
2816
4386
5402
9610
13042
14306
15460
17861
28014
28569
31812
49096
49823
61520
66590
73835
73873
2027
5274
7692
11983
13947
14837
25221
27462
39603
50188
50445
55143
58384
81010
81501
82558
1566
5400
7031
8890
10851
15316
24578
25223
27143
29129
38789
39846
50524
76227
604
3412
4373
4807
5816
15440
19272
23326
26065
26817
41163
41223
42338
50763
52295
63858
92778
2139
4050
5591
6364
6545
6641
9428
11272
11347
18971
19567
22948
30245
44697
46933
67518
69899
679
1422
2974
5116
5945
6989
7063
9847
12300
12427
13423
15824
17988
18285
18839
24725
25907
26167
28058
46116
47646
91028
624
4507
5337
10711
11164
12266
12659
13513
15215
16707
16910
17483
17919
19319
22270
22324
24676
33625
37208
50213
61433
82094
196745
935
1737
2236
3118
5407
5726
7315
9358
9633
9907
10033
12098
17479
17784
20117
23719
25416
25905
28856
31788
33303
36864
45299
60467
76471
2032
3809
4469
6081
6391
6615
7777
14243
14886
16043
16838
18311
21640
27392
27446
29844
32827
43900
49077
769
943
2951
4378
7247
7251
7940
14832
15309
16379
23737
31918
46057
56888
58248
58581
60738
65205
68887
76366
3913
4977
8862
9825
10694
18247
22437
22440
33273
34295
39291
47029
63853
64619
64915
64944
70007
91938
93342
93887
5961
6209
6549
11293
11431
13822
14280
20603
26487
26753
28864
29096
42106
44061
50465
53390
1081
3223
4313
5219
6358
6856
6966
7429
12309
14080
14523
14916
15020
18498
21518
26621
32516
34763
61002
69486
72002
72306
80806
81396
94218
94802
95177
1814
2184
5316
5865
7059
10241
11072
11538
12805
14239
14865
18170
24679
32260
36595
47675
52619
93956
4692
7636
8116
8189
9033
9312
13171
13491
15408
15771
16168
20428
21745
23086
23342
26014
26183
28340
29039
39823
40987
52893
53170
58701
72890
80244
1836
3089
3718
4283
6327
8991
9319
10187
14979
18552
22250
23718
39468
39524
42824
50398
50936
51960
53824
61368
238469
893
3981
5456
5479
5807
6310
9734
11694
13515
14477
16753
19145
24864
29749
33488
42452
48103
62238
77332
94839
3574
4674
4890
5273
6677
7188
8451
8805
8823
11733
11762
13129
16850
26308
26998
27984
29234
33564
35693
46389
53720
64498
84728
94411
204019
1550
2797
2956
4768
5493
5578
6556
10832
12454
14754
16549
18779
20864
21222
22170
24442
25064
26778
28599
32572
33120
36814
40359
41332
54771
57576
68527
71831
73756
3216
3507
3599
4325
12966
13518
15259
18086
19765
20134
23535
25752
29500
35293
36180
37443
38672
59317
62266
77033
78976
79149
459
1253
6700
6755
7441
8951
10466
12052
14031
21479
21793
26606
27472
30101
31117
1254
1774
3374
4212
6776
7372
8752
12506
14822
15911
17624
17741
19588
29449
33534
33915
40759
44142
44183
52039
53893
55411
57444
59673
91268
5208
5383
6165
6908
12282
13080
26352
28853
34320
38385
45912
48232
50100
61038
68797
152650
176217
1134
1474
5053
5791
6470
8276
8753
14556
15525
15582
16947
18424
19087
19139
19810
20256
24024
24735
29812
32830
44078
54120
58479
59882
64547
70703
161530
213098
1911
3843
3999
7682
10618
11362
11626
12055
15452
16136
16795
20600
23923
24403
35584
39072
40079
43032
45605
46758
59771
61571
62236
68463
74131
83548
93183
924
1221
1768
2088
5027
5712
6533
7364
11208
11421
11993
15049
15050
15644
21461
23038
26292
26849
34356
34927
43864
46655
51086
52488
66151
72564
73493
3457
4635
6705
7526
12503
17085
18280
20554
23283
27073
40084
42132
42913
45465
48889
54587
56970
69777
78951
173976
1461
5388
5394
7407
7922
13429
16568
18892
19470
20807
29114
29648
49187
79750
2658
4630
5416
5511
7380
12825
12950
16036
17445
17878
18975
21112
26490
27350
36751
44683
48809
50132
3000
4364
4742
6229
6886
9585
10116
13582
15060
20173
23104
23591
25467
28430
46891
47685
48707
56495
60612
62688
74077
79077
81487
707
3086
3891
8917
9032
9287
15427
15473
17083
18618
20323
24444
24954
26870
27881
29877
30561
42494
54072
58645
2262
2377
2472
2579
4460
5692
6898
12464
12993
13085
20609
26738
29786
30411
32045
33208
55862
58980
59655
65081
71927
91563
822
1136
2346
2391
3601
5778
6594
7974
10046
10278
15257
20010
22379
22682
22858
23448
26661
33117
33793
34322
38754
46142
79420
87267
1851
2950
3053
4898
8285
11545
17661
18195
18985
19867
20981
23329
23638
24010
24401
24818
32784
39328
43082
53818
61079
84501
2602
4309
4649
5135
5941
5964
6226
7310
9144
9372
9848
11861
13804
15851
16705
19874
23964
27354
29285
43840
51087
56383
61265
64910
68769
69583
73709
89122
89303
389
4678
6923
7593
7865
8833
9006
10973
11336
11435
15291
17952
19335
20116
21945
26012
27082
30174
34459
37885
38394
38718
41647
50910
54419
74270
4697
12579
15312
16551
18948
18981
20725
21693
27342
29491
38000
38870
45771
53349
76624
94918
3806
4853
9691
10712
11673
12863
13923
14330
15222
17915
18011
20858
27028
29014
38245
43112
85236
1951
2259
2931
3589
3613
3704
4091
4689
5351
6044
6369
6591
8159
8846
10490
11482
11587
12192
13258
16302
16492
16991
17675
19616
28192
32590
35705
44240
61542
71359
7609
10352
11180
13019
13325
14390
14795
15455
16529
23271
32451
37726
38994
40139
40278
46025
46693
65035
68008
69798
86469
94047
1016
3273
4589
8521
9637
10934
11529
11965
13415
15072
15627
19050
19113
19969
20984
25708
28049
28328
35643
35970
44182
54909
60080
80344
89109
89759
3544
6379
8043
9264
10355
10386
12259
13398
13595
15540
15958
16632
19579
21106
25105
28921
29369
32300
34558
35819
37717
51012
54227
57616
62117
63554
77397
94394
1295
1929
2203
4690
5549
5779
7601
8953
11393
12937
13531
14910
16794
19130
19932
20590
23958
24245
30074
31304
38203
52211
60446
65756
68445
92204
218940
634
2614
6794
7040
7376
8952
9970
13492
14708
15770
17384
18381
20199
22033
25580
26612
27265
34112
36182
45553
64970
69208
3270
4861
4952
5670
7681
8625
9370
15013
15486
21881
25822
26227
28862
29863
34282
35885
41275
43612
51448
55288
64174
65393
86050
86289
91109
92266
1482
2884
3461
3561
11767
11992
11994
12497
12521
14746
14784
17426
21792
23213
29690
35983
61801
63662
67037
68743
68767
76531
4026
5764
10095
11051
12610
13118
16213
17640
18830
19505
19708
19981
22958
28495
36100
39771
44572
47782
3585
7233
8710
10729
10869
12242
12388
15217
20990
36353
41326
44576
45978
46490
56442
59710
4809
5770
5789
6742
7092
7191
7565
7723
8007
9431
9649
11469
12348
16867
20970
23557
25337
29309
29316
30697
35094
35604
39531
42268
49927
50548
52665
59301
60273
66599
69717
70320
83754
87009
3360
3746
4537
5253
5265
7613
9079
10678
10814
11868
13030
14012
15094
15445
16234
17973
27205
28392
28410
29081
29422
35546
35790
36996
79146
5289
6319
6986
8526
8855
9538
9862
11656
13346
13609
14492
15069
16501
19482
22305
24304
28432
36196
38425
70575
76644
2418
2804
2833
3406
3536
6142
9039
9304
13048
18725
19150
20722
23319
25899
26463
33259
33593
36203
37457
49699
61206
201916
240475
3716
4449
6667
7690
8948
14331
18683
20397
20503
21025
25152
25770
27197
31391
31752
33961
34243
37995
52032
54751
54794
65765
83711
1208
2266
2299
3672
4016
5125
7825
8779
12102
12621
14683
16942
23007
26164
29712
31940
38136
39021
55721
538
1194
2098
9520
18569
21772
24318
25705
26242
27247
31291
33761
38981
42382
42902
46291
46992
56397
62047
62466
62707
64111
72703
79515
1434
5255
5447
6782
7716
9072
9721
10646
11862
11999
18153
27933
32363
38429
39411
40457
44776
48445
49942
50716
51891
56059
84419
85987
1595
1827
3356
5532
6555
6852
8075
8915
8973
8984
9182
14664
14973
15355
17891
25885
29298
36456
38919
45793
47124
48055
72212
73234
77264
87811
93133
189816
2410
3175
5769
6178
7057
7426
8431
8543
9445
9987
10292
11030
12134
12604
14779
15433
16786
19239
20895
23477
28205
29635
29958
30147
37202
41643
49875
58277
61752
76089
76730
81705
83374
85152
212393
4769
5933
8090
9518
11606
14026
15628
15672
15688
15778
15993
16565
19517
20540
24127
25756
26742
34733
34932
36889
47999
50852
51234
71592
73118
74368
3114
4741
4978
6804
7068
8279
10313
10597
12029
12538
15273
17748
20050
20282
22759
27724
34250
37589
38116
41345
45163
47770
52761
54866
62447
63630
76729
665
1299
2591
9094
10236
17231
17612
18044
19352
19768
19787
30810
33530
34579
36074
51046
58957
62070
67745
73052
75275
76380
79358
89326
2408
3553
4492
5453
5954
6491
6657
7386
7612
10272
10339
15720
16217
16546
17006
17806
18820
21240
22024
30371
32251
34105
38427
41424
46083
72445
2256
2935
4126
4657
7246
8196
8969
9216
13874
15500
18859
21400
23695
24028
25550
46568
66885
74550
77691
92535
93260
1039
2185
2191
2815
5427
6068
6276
6299
6749
7370
8024
8837
12405
13787
15284
15656
18718
18927
24528
29485
32852
34130
39512
41257
45545
47164
55786
59970
2197
2457
3212
3919
5086
6834
8591
9874
11534
12960
13002
13324
13345
16883
20889
22579
22843
23693
23755
37891
52853
52904
61763
88194
543
2707
3696
4104
8549
8687
8994
9352
9842
10065
13067
14071
21202
22569
23598
31724
39688
41382
44133
44446
45085
56940
66690
68589
70383
79177
81194
85347
1205
3332
5777
6183
7744
11554
11678
11722
15006
16743
17034
21272
21986
22450
33535
39302
45422
62842
63307
89322
2525
2588
2965
4152
5821
6316
7463
8464
9188
11053
14897
15170
19101
21790
26931
29903
31705
35757
39950
43259
64318
66329
68342
70153
83947
88378
89901
95700
3768
3818
4825
5924
6915
10431
12058
13246
16007
18510
20181
25265
27586
28301
28712
29487
29542
33338
37463
41412
53345
58351
61386
66488
72384
77405
90166
3958
4160
5089
5216
5517
6936
8233
8466
8550
8791
9367
10066
10506
11728
15569
16900
20012
20539
23111
26543
30519
33767
38622
47771
47927
53851
56470
57350
57925
71387
80350
84638
87020
175267
2768
3467
4285
4544
4628
5818
6202
6223
8613
9612
10779
14880
15949
18611
19835
21192
21378
21453
21864
24830
25162
26952
28657
32370
33664
39668
43015
47192
47493
58046
59716
69430
73858
185038
609
1475
3410
3766
4092
8108
10372
11079
12071
14046
17554
19538
21850
23485
27567
28315
30209
36634
38243
44887
47824
52864
57559
60239
61209
67446
69315
72343
3250
3583
5742
10256
10605
14601
20327
24163
25786
35594
39973
41054
52397
61446
61501
71881
80946
85353
3499
6789
7829
12391
12788
13274
18525
19682
20363
20815
25333
26287
27237
28999
30226
30760
31255
35605
35893
37066
38361
38372
47410
51624
52426
53236
57081
64490
73360
88694
3055
3168
3334
4064
10111
13503
14553
14625
18080
18458
18633
21026
22365
23619
24223
26540
31935
35338
49718
53782
63011
69031
70227
76717
91817
1037
1712
4175
4375
4817
8684
10443
12806
13939
14009
15329
15698
16001
18025
22109
26348
27189
30120
34305
39108
43647
47781
68434
72378
78226
84189
1226
1693
5989
6284
6348
6836
8346
8489
8519
12866
15781
17801
17839
18546
20558
20648
20808
20877
25212
35909
36325
37276
40729
41685
47681
48142
49575
57542
64298
64352
65079
66366
73342
74697
79965
84529
87140
92975
2924
4993
5143
5508
7496
9409
9557
10893
11404
12402
14670
18291
18838
19739
22576
24001
25456
29015
29381
29495
31404
34053
35729
48569
49252
57423
82038
1175
2775
3741
5846
6440
6620
7982
8416
9194
11279
12410
13478
13687
14344
14852
14890
15597
17157
21389
22038
22076
24123
25941
27632
35644
41153
52066
54243
74493
91132
1494
3017
4350
5019
5049
5262
8719
9149
10307
10801
12745
12822
12985
18356
18751
23748
24499
25841
26834
30663
46755
50361
63250
71725
72671
89079
1796
2727
3885
3935
4223
4377
6187
6622
7353
8685
9906
10978
13878
16803
17420
18844
21019
21952
23521
25133
25344
25868
29180
38155
59930
66127
66230
72805
2791
7378
7578
8222
8523
9981
11740
11853
13172
13351
13372
16040
16923
17183
20161
24963
26140
35778
36073
44037
47455
49175
50861
56179
65710
67272
70662
78185
78440
83592
772
1035
1082
2440
3535
4477
5248
5693
6140
6762
10341
11763
12316
13473
16141
19363
21804
22166
29914
30463
31138
36553
37882
38331
46253
52920
66054
66153
77217
92550
4980
5190
6072
6130
6436
9560
9787
10503
11331
12836
12888
13761
15632
17047
18783
19783
23001
44504
59968
61607
81480
81490
3007
3322
4258
4698
5448
6810
9555
9669
10217
10643
11134
14435
15206
17376
19307
27709
30416
39722
39805
46177
49054
58634
59788
62065
62980
2305
2362
3308
5356
5583
6546
6976
8689
8847
11102
13317
14195
14554
16833
17218
21260
25291
26970
27408
27510
29612
29875
33265
37336
40398
40838
41020
42085
42216
44401
45620
70123
1592
2467
3816
4983
6371
8096
10984
11503
13037
15646
18199
20564
21101
22060
25635
25715
25831
27935
32193
33939
38642
42249
42532
47645
50510
50657
52305
56538
59479
59511
71481
76095
85606
94968
1273
5684
5738
11244
13157
13290
15787
21433
24330
27690
30057
31209
34551
40049
44001
68153
72613
75869
88749
92383
1671
5012
6353
6803
7830
8443
8507
9912
10231
11517
13142
15373
17461
18226
21068
23606
24348
27320
28758
29754
31516
32346
46668
47065
47457
54065
55226
75524
91469
1943
4286
13031
16523
18207
20682
25502
28075
30730
30851
31733
32767
37448
38156
44116
46343
47291
47364
49068
52860
58548
59276
59514
72632
75008
88395
1343
2772
3434
7725
8165
9007
11143
15269
15299
17450
18790
21999
25053
26253
26885
27795
28763
30138
35246
35564
40284
46459
47906
49703
58883
90955
881
1792
1874
2227
3556
5298
11304
12533
16252
23044
28288
31184
31760
31824
33805
39834
40812
47149
47476
48317
52755
52778
52807
55559
67810
74399
75690
2500
3486
3980
4995
5025
6633
9437
9673
13992
15288
15891
17747
19195
23066
23173
31361
36445
41544
47841
48326
54079
59178
68639
71985
74056
81539
83493
169553
1605
3408
3884
4503
8130
8930
12569
14132
14199
14663
16049
16059
16351
20195
21254
22171
25370
28385
42209
44212
47219
54099
60392
69454
87447
87773
87876
93331
3300
5381
7308
7354
7649
8433
8541
8982
9878
10817
11544
13559
14572
14899
14917
19173
22070
22190
26025
27695
28092
29512
31695
33351
34468
36084
37956
47202
49765
49780
52870
53784
54596
69024
71492
73995
86258
2948
6132
6308
7350
13369
13682
16724
19542
20296
22084
23470
24098
24217
31637
36093
46369
47633
51590
52464
54001
59239
63422
70770
71072
85213
85812
90805
573
1487
3972
4038
5529
9154
9652
9797
10369
10432
14701
17290
19878
20002
20235
20629
22635
22709
27396
27767
28465
31548
32453
33673
34874
36734
42068
42606
45240
47161
49616
53057
58963
72597
73406
74096
79221
88673
94211
169103
2609
4166
5514
6952
7338
7762
8373
8920
9273
9747
10464
10621
12720
14647
14730
15710
16821
18047
35562
39978
45466
49237
49534
70688
71497
76068
80334
86335
88474
4830
5588
10800
11457
18049
18983
22036
23343
23429
24571
27571
28926
33862
36732
44101
44208
54523
66206
74673
75931
84250
170286
572
1531
4001
4281
5160
6321
8409
8729
9819
10634
10896
11215
11290
11817
12597
13455
13809
14988
18930
21415
21915
23890
25691
25917
26838
29090
30474
31498
34647
35124
43016
43703
44717
62174
64277
67854
67940
69081
70631
1166
1308
2298
2416
2522
3232
4710
6613
6977
9302
9507
11185
11681
11825
11973
13613
15840
16345
17755
19474
20953
21998
24443
25111
26728
28206
31251
32787
37355
39248
42616
44716
46004
46884
53042
57717
70975
78532
81859
82054
1875
2385
3107
3550
3588
5174
6043
6916
7260
7784
10579
10912
11125
14574
14765
20508
23072
23098
25583
34418
36001
43347
51635
52451
52742
52977
59735
64046
74308
76939
77575
78224
79103
87101
87751
88108
94542
222
4303
4379
4616
6674
8288
8291
8427
9011
10356
10730
10946
11348
12539
13839
14108
17295
19584
21559
25380
26124
27958
28190
47914
51268
54706
63636
72120
80986
81104
86970
94212
1231
4814
6294
10067
10082
14136
20166
23171
23709
23776
27734
29730
34089
36790
37416
40112
41015
52285
53209
54056
54624
68987
77518
79015
80815
81796
3573
5315
6550
7301
7640
8905
11918
12225
12680
13382
13606
14059
14092
15361
16698
18715
20351
22095
23036
29318
30367
30492
36600
40711
43741
44045
48507
51885
63160
81369
88081
88827
94938
617
1557
2793
3313
5361
5610
6268
8194
8425
9816
13760
14777
14989
16164
16207
19185
19659
20483
24295
26297
29738
30054
30969
31954
32480
34021
38786
38978
42750
47848
72249
74159
74897
75625
80563
3581
3600
3603
3897
5181
5956
8139
13999
14039
14235
14377
16044
16666
17857
20430
21322
23146
24921
26564
26953
27281
28701
30372
31639
31654
31925
34521
36104
39347
41088
42347
48363
52961
57546
61536
65316
70238
74145
78322
81414
88655
90691
224511
2015
3395
5183
6189
8180
13684
14418
14589
15474
15719
20663
21773
24244
28647
29174
31154
31972
35022
45901
46141
49325
50318
54789
55160
56534
60527
62812
67577
82980
91967
92750
2132
2510
2848
3420
4049
5327
5502
7876
9915
13404
16097
16156
19405
23130
26822
28339
30172
34897
35497
39049
43649
56009
65219
75166
82405
82460
87598
89171
1269
1808
3042
3422
4240
4440
4925
8422
8704
11375
11400
12295
13053
13158
13660
17613
19333
19935
21627
23353
23852
25267
27430
27785
32955
35409
36201
36839
36840
37280
39640
40136
54135
55259
61103
63815
76176
85886
90961
93805
966
1663
3382
4426
6973
7995
8403
8632
11231
11340
11547
11784
11962
13199
13838
14912
15600
18702
19816
21910
23731
23835
24005
27922
28442
29562
31588
34429
35463
45454
55769
60283
61383
64173
80361
80856
85305
2814
6765
7302
7504
7641
7892
8109
10959
11684
12689
12924
13899
15595
17602
17636
18998
20555
20692
20938
22702
31179
33639
36027
39962
40878
41465
42332
48241
48588
49795
52684
54132
56183
61228
62182
63280
63783
90751
959
1470
2486
4111
7332
9354
9527
9879
12244
13162
13278
13390
15392
15743
17320
18101
18682
18738
19089
19213
20622
21198
21620
22120
23681
24323
24509
26602
26791
27385
31735
32508
33733
35571
39345
41100
41244
43355
46146
46179
46227
53294
55665
65424
70435
72694
80109
90371
2087
2732
3543
3839
5199
5808
7155
7495
8110
8461
8666
9647
9723
10155
10322
10903
13178
14081
14747
17307
17804
18465
19043
20189
22482
24439
25249
26200
27173
31234
32690
33025
35020
39054
40785
43876
45203
48206
58751
63792
75475
77761
78170
1003
2999
3088
3518
3730
4911
5585
5855
5935
6292
9724
10381
10470
11020
12921
14884
18506
19401
21253
21532
24201
25602
26356
26605
31085
33153
33320
34030
36465
37734
37916
38563
43400
43746
45625
51062
51302
51505
74519
74782
88358
1275
3176
5173
7872
10377
10782
10918
14560
14561
16145
20754
21692
24202
25806
29922
30108
32728
37660
41554
45071
48070
51932
52910
53323
63187
66979
89391
94718
238972
970
4803
5396
5411
5661
6383
6561
6600
7448
7714
7767
8658
12623
13087
13494
13666
14294
14410
14595
16025
16171
16687
16793
17073
17750
17760
20183
22729
28979
31541
34780
35585
40793
42835
42898
44669
60003
60162
63099
74794
76828
76943
91182
2406
2565
4574
5672
5717
6426
6552
6712
8027
9402
9477
9918
10059
10795
10925
11167
11748
14262
14282
16199
17608
18584
19553
21299
21863
22153
24096
27743
34314
37538
40071
41052
44431
48300
49924
56180
56231
58657
58800
68117
72529
76524
80347
84457
89161
693
1124
5288
5879
6805
7861
8400
10451
11248
11601
12768
12975
13095
16211
17037
17944
18260
18477
18526
19181
20822
21642
26907
27384
29954
31681
33468
38492
44571
44674
44732
47264
51342
60983
71068
77216
85752
93711
515
991
2058
2835
3171
5004
5246
5271
5408
6933
7530
8747
9509
9703
11192
11452
15739
16499
16842
18206
19268
19564
20631
23466
23573
24542
33924
35413
35479
35672
40002
42517
44878
45148
46517
54189
62486
64249
64258
67549
70042
72870
79482
92820
1637
1771
1810
2060
2689
3430
4073
4556
6336
6728
7275
9697
12175
12737
12881
13354
16067
17955
19304
19484
19662
20731
22791
25709
26616
27962
30976
32174
35000
40922
45006
48128
50333
57879
74849
75401
75544
78482
89095
95162
175393
228753
444
2238
3937
4082
4759
6330
6393
7333
10180
11009
12732
13319
13535
14003
15666
15860
16691
16916
18893
21485
24701
25780
26398
30470
32292
32500
35199
35812
37043
42117
44232
48266
49595
50441
51883
54917
56502
68127
70454
73691
80287
87116
1128
1239
1320
2622
5126
6589
7133
7897
8281
9361
9444
10553
11321
12138
12769
15436
16578
18933
20271
21645
22088
24408
26347
26641
29458
29723
30670
30683
31950
32010
32566
35067
43681
45096
46137
73040
75741
76138
86801
87448
92288
93430
191904
941
2373
2724
3593
3868
4205
5477
5589
8072
8156
9909
11136
11640
13568
14895
14918
15156
15192
16713
18369
24806
25472
26770
28497
30794
34237
38400
46133
47876
52453
55221
57954
58333
58894
65506
68222
74537
80058
80817
82316
82751
90406
90899
191
1949
2973
3192
3347
4908
5503
5856
6322
6457
6501
7935
8144
9709
10078
10299
11939
11991
12613
12995
13184
14577
15735
16229
17908
18843
19133
19201
19591
19868
20642
22000
23486
27380
29732
30299
31762
32714
48113
48459
64901
71764
78118
80706
1310
1962
3319
3951
6014
6245
6380
9237
9896
11585
12167
12490
12875
13585
13730
14105
16954
18267
19561
19641
19752
21962
22602
22680
23241
23540
25130
25866
26108
26903
27376
29636
30212
30765
33899
38637
38681
39180
39210
41105
48895
51154
66919
70282
87990
91118
675
1837
2995
3731
3815
7101
7960
10042
11801
12854
14682
14928
17482
19024
19110
19128
20536
21893
22441
22528
24427
26241
26344
32412
35728
36221
36947
41224
42912
46001
46320
48551
56041
56267
56491
60055
61058
65511
69590
73738
75282
84068
148767
750
1620
2341
3290
4463
5745
5762
7699
8141
8647
9240
9805
10589
12131
13045
13252
14117
15057
16828
17233
17274
17701
22128
26565
27379
30021
31617
31753
32853
33311
35306
37398
43571
44218
45715
45776
48699
53238
56879
63734
65828
69500
74304
87117
156532
1158
2516
3715
4051
4261
6218
7859
8051
9205
9707
10736
11219
11301
11541
12090
12408
17696
18214
18952
20318
23047
24050
24846
25844
26117
27974
28708
28830
29346
36837
37861
38430
38619
38891
40188
42962
46995
47676
54990
57174
61744
69422
69740
72906
75352
77303
80018
86108
86499
91035
92169
93572
384
2167
2217
2758
4059
5844
8842
8900
8910
10471
12752
12794
15412
15910
16758
17623
18165
20825
24551
25848
26389
26714
31039
31562
35740
36616
39294
40424
46216
55179
57660
59492
60391
69898
73892
79845
95530
149175
903
2225
2726
3084
5643
6264
6325
7319
8358
8458
9375
9590
10573
12853
19457
19846
20447
20886
21116
21605
22414
28547
32636
33447
36464
36988
38375
44734
47004
49577
50986
54633
59666
90101
90429
744
1859
2746
3148
4540
5267
6278
9343
10321
11063
12509
14186
15351
16045
16336
17430
18253
20325
21604
24863
25067
25159
26524
26843
27738
30647
31671
32129
34033
35157
36335
37061
37460
39048
39099
43254
46331
46729
47993
50613
52984
53624
63486
63673
64121
70735
74869
75419
75907
79602
80868
92076
93873
2611
3508
4332
5812
6203
8365
9467
12958
16575
16681
16775
16971
17358
17457
17466
18079
18378
18566
19000
19384
20266
22757
24154
27857
27980
28556
31978
38595
42151
48352
48780
54589
56550
60852
63259
67479
70126
82525
86443
90455
94090
1826
2742
2766
3318
3458
4850
6694
8508
8681
10346
10666
11090
12502
12548
12895
13731
14162
14293
15168
15262
19269
20632
21905
22789
23717
23758
23959
25460
29993
35956
36944
43061
44193
47279
47711
50236
50543
55671
61790
70281
91091
95008
876
2765
3353
3605
3637
3952
4069
4195
5888
6104
6639
6880
7539
8114
8168
8499
11263
12846
13511
14213
14459
15092
16629
18172
19755
20053
22491
23951
24324
25895
28989
31005
31374
36893
37784
39802
41755
42377
43098
50098
58987
62898
63001
64697
66171
68156
69330
70883
72948
75843
76443
81547
83578
530
1432
1945
2968
3039
3333
3527
3736
5078
5258
9202
11058
11566
11789
12804
14030
14715
15853
16249
19190
21589
22846
23259
25468
26206
26876
29925
31147
32382
35045
35978
36921
38494
39249
42012
43419
44305
45918
47230
48396
50885
51309
53615
55327
62183
67024
75297
81087
81109
94425
254
3504
4382
4946
6179
9381
9410
9501
9949
10330
11491
11516
11637
12572
12942
14475
14962
15218
18162
19046
19798
21815
23024
23377
25244
25547
29438
30637
32237
32755
33439
33684
34569
38495
50415
51741
64543
65385
65512
65571
67569
67929
75458
83782
84222
91613
1041
2703
3009
3338
3400
4004
4508
5414
5689
5801
7439
8388
8581
10319
11432
11559
12232
15561
15947
16428
17495
17650
17785
18560
20239
20440
22134
22980
26996
27927
28592
29960
30368
36312
38676
40576
48575
48929
49310
52962
55116
57005
65194
65389
67578
69293
74483
93920
209568
568
4022
4094
5487
6503
7113
8147
8496
8615
10182
10642
10906
12188
13293
13618
15725
16798
17439
18284
20826
24276
26044
26098
26266
33922
34319
35134
36895
38743
41528
42305
42897
45849
46395
47229
48528
49403
51598
53642
53751
59700
60516
63606
69312
70514
85238
87196
92576
95356
2356
2930
3111
4871
5263
5559
5654
7253
8010
9392
11979
12197
13957
14660
15335
15679
15960
17010
17728
17778
20006
20665
21134
21425
22879
32917
33634
34942
36110
39167
39334
42288
47550
50794
57774
61407
64396
70104
78930
81555
82170
87393
1127
1214
2476
3651
5000
7110
9826
11298
11881
11883
12250
12801
14224
14617
15272
16809
17606
19834
20285
20319
22064
22527
25673
26023
26764
27341
27413
29918
38562
44926
53206
53231
54302
55979
57402
60416
62987
64650
69890
75111
83713
83866
89780
90897
93421
148505
2989
3388
3703
3714
4650
4840
5606
8756
10165
10584
10988
11016
14124
14189
16320
16643
18041
18534
20513
20797
22278
22318
25504
28405
28739
30687
31250
32921
33444
35138
37429
37546
38523
39647
41103
46522
47620
53574
57573
59569
60265
61678
61924
62595
64090
64643
81269
191107
688
747
859
1045
1508
1952
2264
2897
2971
3473
5322
7774
9170
11313
11690
12323
12880
13209
18109
19740
20167
20283
21616
23474
23915
25113
25629
25883
25969
26407
26739
27130
29211
29267
31153
31621
38026
39996
41603
46205
46529
49719
50901
53359
53678
56276
57424
59243
59632
59649
62131
64025
69467
83902
88628
93351
2103
4245
5291
5940
8478
8938
10596
10824
10875
11049
11990
13104
14713
14997
15066
15930
17021
17796
18193
19483
19492
21682
23796
23949
24138
24992
25041
25690
28639
29625
29711
30537
31273
38930
40103
42884
43630
44457
45217
48744
49985
50490
51694
60378
60926
78300
82740
84686
88295
244980
248
712
2241
2820
4481
4858
4943
5567
6164
6557
6718
6867
7164
7288
7556
8351
10286
10615
11477
12544
13648
15248
15546
15616
15754
15998
17371
18351
19478
20960
25199
27751
27810
28804
31665
31699
32015
32149
32975
35374
35872
36164
38479
38829
44439
47532
55914
57596
58524
60212
60484
60712
66814
67536
68207
69991
75191
79583
80414
81354
81885
84470
86587
242
3383
3471
5546
5847
6169
6363
7999
8160
8344
8916
9323
10037
10134
11359
14603
16359
17959
24343
24785
25393
25720
29762
30784
30837
32958
33545
33890
34336
36195
36876
42798
44123
44598
46124
47283
47835
48018
52502
54115
54639
58044
58282
59608
64234
70378
78636
89494
91099
1314
1697
2681
3732
3878
4339
6508
7791
8284
8316
8395
11129
11635
12193
12293
15027
16515
17435
17664
19292
19568
21111
21221
21557
24988
26763
27345
27482
28258
28727
31882
32020
36577
37303
39397
40263
42029
42101
42340
43044
44027
47940
51501
55810
58223
61606
62095
62966
63198
66425
66926
67283
68328
70490
71741
73950
75902
78523
80681
81418
88408
89497
1853
2150
3875
4053
4358
5175
7573
8524
9085
13428
14693
16543
17845
17961
18519
19460
20094
20467
23674
25209
27533
29203
29261
30383
31008
31236
32916
34765
40043
42168
42604
42683
49428
51119
52000
55343
59042
61925
64882
66702
68394
81259
82602
85401
86300
88989
2839
3465
3902
3925
4342
4397
4521
5096
5450
6356
7194
9883
10049
12802
13069
13356
13393
14968
15625
15793
16175
19435
19573
22142
24106
24270
24474
27735
28372
29208
29689
31670
31729
32944
34533
34885
38417
39287
45134
46347
48622
60826
61819
70814
75740
87110
87539
526
1182
1805
3180
3444
5823
6790
7343
7383
7498
8041
9765
10324
11085
11838
12017
13998
15327
15359
17210
18781
19334
19957
20233
20940
21780
22221
27171
31199
32923
33204
34578
36193
36667
40880
41009
41904
42136
42823
43854
44026
48601
49710
50904
52120
54616
61815
63164
66169
67079
75003
78781
81639
86892
1184
1937
2831
3060
3208
4254
5087
5577
6019
6539
6579
8262
9041
10637
11080
11679
13850
14122
14285
15555
16018
16329
16472
16921
17440
18117
18411
18555
18732
22380
25002
25625
26038
26515
28488
30181
30926
31173
33365
36526
37175
38944
44782
53992
55956
57577
60854
65406
69449
77495
77945
82644
89065
103
1028
1514
1904
2475
2870
3390
3676
4644
5065
5296
8421
8744
10003
10260
10416
10450
10603
10952
11556
11847
12792
14147
14833
15563
15866
16295
17126
17293
17571
17697
18837
19375
19902
20017
20110
22082
23791
24065
25386
25998
27997
30337
33159
33713
35590
37718
37999
39172
40338
41479
41535
42328
46058
46378
52371
52680
54040
54902
58397
71915
74573
75136
84203
92193
915
1538
2082
2929
4498
6267
6581
7080
9152
10009
11137
12556
12855
13505
13882
15236
15715
16327
16442
16839
18918
20967
21419
21593
21714
22360
22668
22750
24566
26816
30214
30761
35869
35880
37009
39875
41453
43508
51397
54699
55681
63863
65917
68133
68301
69264
70524
71253
75105
75721
76192
76591
78503
82984
86018
86479
91868
1513
1631
2116
2141
2162
2554
2806
4856
7628
7834
11521
12508
12516
12571
16079
16337
16493
16890
18092
18373
18476
18492
20170
22157
22167
23107
25543
25640
26207
27420
27600
28584
29582
31285
32692
33509
33532
37073
41402
43088
47197
67909
71052
71878
74147
74931
81495
81779
84390
662
1612
3149
3659
4179
4485
4798
5425
6375
7258
9620
10362
11855
13929
14857
15131
15810
18503
18562
18709
18900
19651
20076
20509
21634
22026
22637
22684
22821
23497
23600
23839
24283
25300
25643
26437
26756
28659
30003
30374
33887
37246
38418
38649
40358
42681
43305
43365
43935
54067
56764
64914
69788
74574
79024
86305
94932
95619
245
1258
1861
3197
4278
7284
7451
7489
8053
8094
8531
8782
10006
12505
12649
12793
12953
13714
13976
14044
14611
14971
15708
16366
17512
19963
20389
21767
25549
26256
26878
27086
29006
29013
32391
34736
38168
40905
41047
41135
41173
44436
45462
46768
46915
47165
49545
54004
56058
68572
71911
74833
75889
84744
85288
85596
95571
484
1563
2664
4234
4878
5489
8081
8103
8192
8290
8949
11000
11287
11780
13049
14084
14441
15080
16726
18176
19100
20265
21572
22252
23085
24004
24580
24776
26122
28156
28604
29436
30559
34291
35290
37011
38030
39228
41287
41960
41997
43632
44644
47566
48220
49289
52220
54835
54938
55698
57175
59082
64512
69884
70818
74397
75108
95318
521
882
1769
2856
5029
6816
7003
7127
7913
8218
8735
9207
10877
12865
13366
13751
13812
15833
15836
16778
16837
17380
17396
17981
18729
19532
21206
23623
24282
27248
28898
28899
29351
29548
30724
30856
31063
33970
36748
37154
45770
46438
51335
52256
53566
60793
62512
62708
64595
67374
71486
76342
77646
78573
82637
84243
86896
202201
1046
3362
3962
4820
6062
6093
6838
7447
7538
7730
8548
10071
11311
11877
12214
13695
14251
14921
15410
15437
18466
19042
20048
21971
22017
22716
25168
25177
26372
26477
28803
29085
29311
29866
30603
31764
32979
33218
35438
35551
35800
40549
41999
42341
43220
44587
46262
48718
49153
52014
54521
55346
56690
57491
59154
63670
65326
65427
72921
92464
93324
93534
1586
1890
2858
3503
4541
5247
5466
6148
7427
9886
10838
13387
13826
14135
14380
15221
15255
16421
16603
17062
17738
18149
20073
21822
28481
30938
31534
31988
35393
40550
45719
46070
46264
48928
49549
51227
51997
53923
54392
59571
65269
78603
80186
82385
83331
87139
238816
241244
1326
2979
3078
4596
4962
5024
6909
8308
8593
8728
8780
8807
9327
9733
10264
10472
11638
11674
12887
14336
14508
15444
15969
16805
16940
18327
18904
20376
22943
23937
24812
24985
28761
29106
29571
29649
30594
30755
30972
32713
33635
39627
40770
49324
50178
50525
52887
56040
56900
60489
60675
63561
65386
65435
68473
70058
70826
71073
75507
77971
81587
92713
230020
2649
2811
3262
5299
5463
6089
6429
6523
7027
8378
8600
8776
8860
9529
9899
12722
12824
12842
13057
13140
13204
14540
14696
15019
15451
15598
15693
15893
16672
18091
19873
20082
20484
20543
23197
23941
26008
29828
30049
31243
32526
33540
35122
36111
36683
37371
39403
39405
42107
43320
43770
43889
45881
49034
55606
61468
62196
68126
69267
77282
77340
78014
83582
91166
94248
94695
149863
817
1577
2553
3143
3279
3803
4133
4772
5918
7655
8936
10034
11829
11906
13765
14272
15325
15478
15767
15933
16335
16659
17708
17795
18549
19703
20348
20409
21227
22113
22612
24186
25334
26271
27083
27766
28028
28709
29420
30381
30973
32157
33763
34745
41085
41586
42371
43655
43690
45640
46250
47238
49634
51000
51899
53063
60476
61448
62639
64723
66352
71931
73624
74636
75394
77311
78620
80496
82661
83008
83312
84545
85870
93109
858
1384
2855
2913
4818
5612
6239
6398
6920
7265
8636
11531
11542
12119
12264
12929
13425
13600
14172
15232
15552
15812
17622
17931
18880
20621
21207
21417
22558
22732
23156
24504
24579
25340
25722
25936
26592
27172
29152
30875
32483
32696
33905
37085
37263
37296
38841
40718
41747
42417
43668
46420
48366
55136
63180
63961
64358
65909
66486
73404
74054
77754
79830
82923
90198
91647
94713
1072
2916
3288
4519
8386
8838
10076
10815
11151
11379
13555
13667
14241
16928
18085
18741
20358
21011
22085
22207
22249
22263
22784
24983
25464
26192
27059
27780
27944
28292
30407
33170
34107
35047
36035
40481
41718
42733
42809
52456
62331
62691
64708
70384
70983
71408
71777
73124
82515
86771
870
1722
1766
3455
3856
5062
5127
5419
5561
5843
6011
6064
6438
6627
7729
8174
9753
9943
10776
11461
12380
12529
12899
13966
15320
15919
16996
18453
20520
21726
21927
22145
22373
23362
24266
24485
26357
28525
30012
31956
32310
33373
33972
34475
34951
35904
37556
39094
41781
44115
45726
46730
50233
51394
57322
57712
59653
66074
67556
73477
74715
84481
90094
90183
95362
170859
1565
1772
2220
3343
3379
4023
4075
6185
6246
6361
6735
7037
7571
7745
9274
10542
10931
11105
11641
11932
12349
12811
13732
14936
15003
15483
15570
16496
17009
17381
19635
20460
21852
22410
22594
29413
29926
30058
31168
32282
32454
33155
33989
34211
35178
35541
37003
38433
39013
39527
41378
48086
49836
58844
64975
68294
68430
69515
69907
70221
70915
73804
75626
81309
83743
91380
91952
242333
234
1369
1447
1975
2471
3038
3986
4074
4214
4789
5070
6437
8473
9217
10225
10727
12035
13500
13632
13755
14569
14965
17880
19329
20276
20390
20701
21258
21365
21597
23116
26336
27733
28869
28934
30956
31144
33900
35166
35209
39983
41534
42728
43195
48971
49826
49889
50251
51280
52378
52903
53014
63303
64381
64608
64976
69406
70147
76564
84801
89623
92852
270
1101
1564
1812
2501
2885
2952
4292
5136
5223
5725
6102
7403
8163
8826
9751
13017
14193
16293
16346
16461
17294
17999
18217
18405
19687
20796
21539
22433
24009
25801
26401
28396
29584
30020
31810
32429
33392
34177
35165
36449
36479
37693
39390
42064
42780
44361
46007
47739
48518
51076
55831
59965
60132
60840
61337
68208
71301
76736
79395
80870
82622
83964
87749
90450
93144
94311
1477
1540
2627
3025
3161
4474
5286
7924
8029
10000
11276
11489
11518
14202
14926
18013
18014
18164
18367
18568
18661
21824
22634
22746
24657
26775
26884
29259
29457
30270
32328
32897
33789
35145
36450
36710
38734
38999
39737
43938
45690
47963
49174
49961
56268
56917
57393
59741
59769
61664
74420
75778
76973
77317
83849
87396
90258
148654
1941
5607
6781
6807
7314
8293
9118
9614
9984
10425
11217
11390
11805
12549
14170
15438
15645
16576
16963
16981
17263
17667
17744
18148
20570
24366
31413
32752
33089
33095
33319
33506
34858
35792
36373
36529
37566
39539
40821
46744
48376
48539
52287
57205
65439
66254
74204
77156
80116
80699
85979
87930
88017
89482
91291
500
661
1130
1883
5067
5826
5851
6167
6263
6309
6740
7270
7327
7506
8269
8368
8644
9147
10602
10910
11466
12618
12693
13465
13581
15724
16297
16853
17182
18180
19572
19655
20961
21219
23026
23356
24469
25255
25605
29201
30522
32772
33226
34766
34886
36504
37832
38325
38633
39582
40528
42764
43442
45741
46399
49991
50384
52191
52931
55968
59521
59687
62138
65831
69970
70027
74730
83166
90581
92531
94025
159365
756
1632
3492
3523
4796
8495
8614
8673
9622
9715
10500
10536
10751
12925
13249
13542
15799
17787
18586
18739
18805
19331
19731
23033
23879
23917
24219
24874
25772
27891
28149
29832
31030
31901
33642
33932
34674
34748
35475
36605
37072
38365
41477
42675
45482
49387
49708
49825
51083
54240
54263
55110
57621
58371
63139
65411
66787
67109
67267
72332
76051
77237
77263
78599
78934
81400
85231
92226
93848
94850
95268
1256
2598
4213
4289
5369
6415
6668
6917
8778
9427
9730
9773
9892
10104
10610
10971
11548
12782
13935
14352
14486
15365
16631
16638
16692
18680
18686
19615
21598
21868
22572
22885
23472
24171
24749
25289
25828
26404
27069
28475
28729
28945
29377
29560
32418
36836
37361
37722
37809
40322
42019
43644
43957
45737
45972
54488
56994
58923
59875
65277
66825
67861
69184
72412
72710
73825
82106
91050
151102
1107
1964
2901
3876
3923
3996
4321
4568
4792
5455
5740
8592
8671
9073
9214
9995
10266
10473
10558
10789
11302
11753
12258
13180
13624
14789
15665
15924
16699
18308
18730
20843
22080
22573
23396
23587
24609
25651
25876
26209
26760
26805
28759
30047
30516
31644
32365
35218
35655
35838
37792
37877
39566
41108
43589
45711
46153
46429
46676
46748
47201
50492
51424
52275
52849
53601
54723
59093
59966
60346
62428
63682
66317
68829
71053
72606
75461
76742
77039
78877
82565
94244
2177
3386
3763
4046
4246
4390
4637
4662
4948
5015
6051
7432
7591
8310
8392
8604
9950
10936
11181
11355
11662
11987
12900
13754
13868
15696
18205
18954
19231
20294
20469
20541
20770
21506
22098
24882
25006
25175
25678
26591
28257
28731
28919
29392
29679
30231
30285
31049
33652
36249
36320
38274
38680
39506
41937
44688
46591
47869
47986
48397
48647
48741
50956
51316
55293
57287
59677
60100
60770
61580
62316
68672
70825
73113
74252
75395
75988
85819
875
1075
2403
4848
5974
6030
6197
6261
6265
7727
8381
8474
9162
9236
9241
9607
9790
10141
10907
11377
13709
13964
14695
16202
16761
17932
19178
19310
19344
19382
21435
23293
24544
26026
27159
29157
29872
31975
32631
34222
34337
35550
35934
36440
37372
40978
42169
43327
43652
43752
46261
47426
51333
51587
51666
52967
53554
55848
60134
66172
67039
67607
68853
70573
75318
76436
76706
77245
77976
78525
80790
82672
92649
94408
245083
1297
1982
2874
3957
6984
7673
8790
9853
10002
10859
11766
12080
12577
12936
13462
14029
14501
15439
16407
16909
17058
17865
18141
18854
18857
18967
19627
19950
20340
22687
24573
24670
25222
25434
25961
27242
27572
28588
31439
34559
36000
36077
36098
37049
37543
38175
39698
42802
47310
48145
48637
48964
61059
63656
64815
73017
82593
87856
88502
94621
94931
95250
2065
2495
2888
3057
3764
3828
4014
4308
4500
5297
5650
6709
7900
8107
8125
8170
8582
8765
9568
10016
10194
10252
10876
11033
11500
11680
13879
13951
14654
17185
17953
19187
19580
19654
19916
20310
20346
21070
21261
23409
23556
24372
25290
25604
25827
26754
27260
29657
30236
33388
33955
34377
34768
35937
35992
36037
36377
36594
37568
40252
40323
41491
42051
42318
44678
46910
51555
53259
56134
56147
57508
63212
69299
70611
72185
73771
79156
80798
84554
86585
88362
89838
91106
773
818
1306
2541
2910
3435
4079
5632
5871
7183
7610
8082
8149
8714
8892
9255
10380
10515
10726
11088
11225
11494
12063
12724
13188
13783
14242
14244
14411
14720
16364
17190
17317
17561
17762
18006
18961
19229
19266
22386
23769
23926
24393
28254
28894
29490
31712
32331
32603
33278
33291
33803
35035
35701
36087
36931
37063
38539
39675
40231
40874
41531
45143
45252
46598
46936
58345
59143
61476
62597
65550
65819
69692
70478
70691
73068
73193
77291
77885
78200
79722
85339
86236
86320
88600
90373
90415
808
3167
4987
5401
6373
6662
6975
6988
7261
8158
10588
11636
12169
12275
12404
12430
13738
13902
15435
15803
16594
16846
17614
17977
17987
18000
19577
20377
21306
22168
25115
27525
28260
29937
30260
31080
31364
32719
33262
33356
34206
37841
38226
38690
40203
40704
44916
46423
47079
48595
48624
50291
51487
51574
52958
54304
57341
57441
58533
59802
62746
65319
66337
67100
77231
78349
80240
94848
177722
1164
2089
2303
3048
6582
7002
7026
8590
8919
8922
8926
10032
10209
10382
10913
12007
12147
12727
12807
12852
13628
14307
14430
14567
15109
15267
16274
16560
16939
17324
17427
17902
19400
20021
20164
20179
21543
22659
23417
25098
26104
26933
27852
28025
28771
29389
31341
31927
32017
33850
34891
36749
37250
37310
38005
39656
40357
41323
41861
42339
42546
42815
42880
44102
45157
46767
47093
48146
48782
51254
51842
53060
55773
60681
62475
63232
64313
65883
65932
74143
75563
76763
81340
83083
83110
83111
91236
151552
1986
3266
3519
4190
5149
5290
8115
9301
9309
9433
9867
9940
10841
11346
12123
12448
13681
14333
14345
15788
16296
17730
18869
19565
20045
20302
20755
20918
21497
21626
22093
22357
22626
22703
23966
24625
25833
25958
27700
27821
30076
30152
31565
33028
33210
34367
34826
35355
36722
37008
37996
38033
38460
41228
42391
42741
44449
44712
45343
46525
49839
50427
51493
52942
54507
55175
55581
58752
60322
63237
64285
71516
79939
85585
86012
89417
91285
92087
221719
796
1588
2690
2867
2964
3399
4330
5571
6612
7568
8353
8423
9128
9201
9768
9929
10205
11106
11513
11752
12115
12303
14128
14460
15349
15815
16326
16556
17344
17497
18865
20286
21316
21454
21711
21828
22040
22116
22778
24467
25095
25741
25930
26534
26687
26895
26956
28024
28621
28705
29256
29472
30779
32117
33501
34397
35136
35400
36676
37431
38508
38783
40746
44521
45115
46373
49172
52653
63057
66029
67290
67926
69610
71252
74593
76933
79321
85123
86825
90700
455
1173
2170
3272
3295
3365
3814
3911
4197
4790
6101
6774
7038
7846
7885
9057
9446
11202
11451
12000
12606
12647
12896
15289
17442
19123
19398
19407
19653
19988
20066
20441
20656
21347
23833
25469
25654
26422
27194
27414
28397
29100
29361
30150
30499
30672
32689
34926
41982
45326
45427
48887
49126
53579
53875
54698
56871
57704
60010
60327
60923
66473
67955
70664
72101
73220
75509
81096
91337
92080
93393
93604
94175
191611
2331
2337
2807
3283
3634
4699
4982
6163
6569
7006
7817
8102
8511
8972
9603
9662
9672
9694
9737
10018
10060
10477
11590
11609
11912
11948
12018
12078
12394
15431
16562
16988
17175
17265
17318
18818
19119
19793
22180
22530
23680
23760
23834
24156
24536
24740
24772
25090
26178
26827
27167
28436
29169
29838
29982
33056
33222
34163
34512
36892
37285
37427
37516
37593
38133
38778
38986
39335
41419
41942
42077
42343
42495
44986
49134
56695
60317
60564
61826
61963
62024
64763
65719
67129
70518
71309
71582
76536
82926
84130
87506
180835
244
1850
3888
4745
5357
5582
5611
6208
6538
8126
9550
10137
10574
11795
11803
12086
12315
12681
12885
12886
13873
14198
14263
14626
14846
14864
15370
15430
15559
16089
16158
16905
16987
18154
18455
18574
18924
19020
19175
19303
19650
20974
21119
21748
22451
23378
23749
25320
25977
26019
26083
26238
26483
27387
27534
27942
28240
28434
28613
30997
31013
31267
31436
31781
33371
34185
34532
36319
36410
38484
40093
40154
43208
43382
43996
44529
44922
49277
49730
50231
51401
53074
53097
53843
55649
56031
56246
58320
58477
60654
60729
62696
66480
71287
75959
76946
78130
78919
81280
82040
82501
89410
148703
153460
507
3271
3565
7533
7722
8746
10737
11434
12425
12850
14021
14055
14637
15548
15802
15825
15864
17198
17204
18655
18804
19468
19960
20025
20279
21354
21525
22809
23478
23952
24716
25030
25151
26067
26974
27001
27588
27704
29868
30974
31505
32641
32775
33350
33601
33771
34325
34712
39721
41071
41124
41416
41714
41846
43374
45127
46922
49725
50245
51893
52349
55045
55739
55971
56759
56901
57872
59593
61055
64706
64919
65199
65870
66592
67445
69366
69367
74355
77742
86854
88251
90593
94429
169629
1377
3187
3350
4400
5314
5519
6969
7678
7828
7904
8155
8265
8873
9313
9748
9833
10306
10335
10411
10523
10759
11493
12860
12928
12986
12994
14164
15746
15867
16506
18413
18778
19610
19949
22774
22839
24100
24869
25092
25946
26412
26709
27123
27803
31091
31800
31816
33075
33575
34273
35102
35272
35325
35786
35822
36618
37331
38661
39916
41050
49143
50289
50564
51411
55471
57550
60418
63117
64606
66320
67401
69217
69517
71218
71679
72230
73879
74506
74653
80045
81167
81588
83082
87295
89386
93079
94616
215495
932
1363
1933
2511
3936
4447
5161
5194
5618
5707
6416
8037
9333
10334
10497
11859
12070
12461
12600
12757
13004
13193
14053
14129
14420
14576
16196
17323
17589
18182
18283
18766
19551
20255
20677
21256
21820
22141
22475
22564
22615
23493
23777
24167
24970
25884
27433
28762
31410
31878
32345
33766
36421
38921
41035
41248
42017
42648
43100
43161
44219
44681
46860
48567
49071
49121
49684
49887
50873
50958
51196
51958
52152
57615
59469
60815
62217
62259
63084
67159
73815
73883
74194
77142
81978
90859
91200
91385
158
368
757
1229
1688
1704
2485
2840
4356
5340
5594
5597
6323
6350
6721
7117
8359
8896
9562
10055
11672
12492
12819
13643
13803
14735
14811
16424
16755
16952
18005
18029
18296
18426
19563
20507
20800
21458
23164
23891
26288
26367
26561
26570
26804
27124
27193
29999
30515
31969
34170
35547
37638
37961
38079
40979
41024
41476
41560
41994
44486
45919
47913
48282
50561
50570
51390
55531
56565
57035
58205
58762
61411
63034
64507
66373
67486
67976
70827
73119
73120
73789
74385
78257
79062
80960
82721
86851
86869
88278
88337
216387
607
971
972
4052
4452
4659
5857
5928
5985
6280
6449
6565
6819
8030
8085
9418
9526
10130
10254
10479
10790
11771
11937
13637
13665
14257
14381
15031
15182
15818
15872
16254
18648
19904
20489
21123
21376
21405
22338
22631
23428
23538
24231
25068
25442
26755
26958
28632
28879
29557
29772
30195
30652
30742
31264
32635
33579
33971
34463
40335
40461
40786
40803
43650
45608
45612
48694
50304
52204
52340
53099
53865
54791
55108
56008
57949
60736
65139
68957
71577
72216
72910
75441
78724
87924
89160
92060
407
2120
2277
2499
2648
5916
6166
6566
6853
6910
8234
8274
8577
8800
9441
9823
10207
10371
11294
11497
11572
12520
12541
12545
12582
13560
13653
14522
15391
15397
16418
17118
17279
17413
18307
18402
18564
18664
18882
19170
19824
19933
20781
23118
23159
24168
24535
24932
25506
26345
27168
27353
28675
31430
32114
33162
33298
33333
34094
34925
36099
36536
38387
40476
40628
41717
42491
50889
51525
54061
56718
58236
59140
60613
64379
66567
75179
75349
78898
82063
87365
89286
89818
94109
169286
1476
3479
3740
5397
5560
6045
6110
6266
6914
8621
9471
9475
10438
10468
10662
11498
11747
12843
14646
15308
18160
19256
20488
22136
22769
23641
24155
25367
25774
25857
26473
28060
29103
29246
30812
30885
31356
35727
37652
38003
38210
39105
40023
40419
41019
41372
43977
51623
53306
54154
55628
57690
58694
60800
62427
63989
64809
67521
68349
69097
69193
71698
72442
73074
73516
76648
76791
80357
81356
81893
83567
84282
88259
88463
90394
92961
985
2684
3427
3699
5587
5909
6086
8347
8652
10047
10570
10608
11785
11804
12240
12291
12340
12359
12697
13316
13486
14004
14327
14398
14421
14778
15153
15758
16247
16982
17110
17740
17763
17786
18962
18987
19081
19660
19927
20552
21209
21307
23288
23986
25164
25426
26747
26859
28291
29642
30038
30098
30551
31053
32290
32368
34144
35746
35785
37069
38424
39775
40064
41454
41510
41829
43128
43718
47235
48218
51442
51700
54874
55456
57650
60435
60995
62532
63104
63145
65027
71101
73531
77158
78453
78706
83278
83342
148695
149176
1427
3542
4395
4413
4907
5627
5889
6653
7272
8544
8656
8856
9708
10309
10392
10565
10733
10901
11264
11317
11357
11833
11843
12287
12542
13634
14452
15129
15199
15428
15749
17682
17782
17994
20420
20461
20810
21146
23298
24698
24903
25186
25228
25664
28090
29906
30326
31192
34104
37879
38008
40271
41111
41151
43278
45993
45998
47500
48037
48304
51074
51274
51578
52214
52519
52728
55341
56075
56257
60861
61569
63072
67740
69579
74027
76716
79957
80358
81585
82733
87045
88324
89305
92126
590
1007
1488
1922
2322
2533
3188
3675
4695
5109
5647
6059
6150
6928
6929
7785
8876
9129
10580
12125
12536
13418
13767
14644
14802
14807
15785
16122
16163
17920
18326
18423
18772
19566
20657
21928
22265
23471
23614
24502
25114
25129
25479
25891
26669
26782
27018
29149
29976
30097
30769
31183
31488
33269
33550
35234
35683
37188
37193
37990
38951
39087
39257
39344
39927
40915
41928
42500
46526
47368
48140
48740
51269
53440
54315
54677
57592
58721
60210
60373
60630
65780
66396
68194
69908
70004
72245
72276
72481
75235
76092
79903
81351
81566
86775
86891
91581
210811
752
2199
3610
3633
4450
4526
5180
5446
6069
6155
6480
7143
7292
8441
9060
9419
9632
9666
9785
10816
11975
12189
12334
12395
12672
13120
13284
13786
13795
13940
14688
14844
15537
17543
17673
17864
17906
17917
18406
18641
19314
20078
20511
20880
21076
21464
23238
23612
24242
25096
25738
25792
25931
25950
26474
27737
29514
29784
30107
31037
31195
31256
32286
32879
33358
33750
34719
36142
36535
39064
39361
39475
42418
47193
47590
49011
51197
51595
53977
54100
54125
57265
57610
57895
60013
63119
66469
68076
69684
73206
77256
78234
80266
89500
90427
91330
157526
248068
962
1292
1656
2692
3965
4838
4929
5328
5468
5494
6359
6731
7231
7473
7662
7778
8077
8122
8692
8966
9667
9675
10238
10320
10417
10867
10928
11211
11539
11856
11889
12841
12932
13349
13538
14008
14269
14872
16400
18354
18383
18514
18605
19644
20222
20658
21358
22956
23079
23300
24268
24955
25315
26214
26501
26542
26548
26926
27221
27833
28508
28923
30202
30289
30520
31959
32396
32591
34169
34347
36953
37456
39949
41738
45672
46161
47640
47799
47955
48554
49314
50703
50768
51049
51990
52134
52333
53133
53611
55712
56212
56378
56730
58237
58578
63039
66375
73219
73391
74755
78062
87245
87905
91535
91892
93033
1583
1999
3489
3707
4470
4921
5085
5803
5936
6083
6349
7596
8309
8901
9125
9395
9962
10342
10484
10842
11197
12296
13750
14641
14698
15134
15790
16271
16693
16739
16865
17177
17594
18227
19027
19189
21285
21629
21902
22916
23323
25004
25410
25728
26153
26170
26190
27409
27843
27926
28980
29017
30296
30634
32170
33160
35542
36227
38351
39674
39770
40186
40823
42911
45047
45563
45617
47807
48169
48819
49469
49918
50702
51550
51601
55120
55549
56262
57597
58485
58669
59724
60179
60991
61483
61574
64863
65446
68754
70139
74587
75608
77154
77557
80516
82145
82823
85750
86379
92991
1493
1878
2697
2963
3076
3684
6063
6201
6377
7179
8723
9685
10140
10655
10822
11300
11376
11676
13699
14461
15280
15290
15795
16053
16686
17970
18443
18608
18713
19308
19448
19991
20052
20593
20711
20871
21969
24831
25658
27182
28295
28297
31104
31325
32676
32819
33083
34088
34358
34811
34820
35195
37252
37550
37602
38327
39761
40036
40098
40583
40730
42088
42939
44472
45287
47326
47440
49135
49527
50731
52640
53265
53961
56992
57956
63277
65231
65972
66884
67533
68612
69501
74933
76592
77345
79232
80313
82359
83101
85497
87774
90527
155413
189867
241066
921
928
2682
2896
3112
3190
3978
4036
5214
6108
6210
6553
7736
7827
8238
8760
9010
9795
10215
11353
12160
12253
12435
12736
13691
14156
14714
14849
15547
15606
16221
17191
17470
17555
17897
18484
19125
19325
19337
20937
21154
21199
21813
21898
24695
24946
26004
26211
26281
27315
27829
30705
30744
31454
31487
31756
32545
32556
33950
35018
35629
36116
36283
36422
37002
37764
38409
39557
40671
41575
43157
43209
43614
43731
44639
45140
45345
46482
47365
47441
49382
49879
53245
53845
55492
62261
63723
65077
67119
67528
69505
69905
70564
70702
73535
75182
75422
79058
80068
83859
90765
91928
94190
177224
2747
3869
3931
5044
6460
7169
8651
8840
9049
9093
9183
9499
10693
11908
12251
12321
12525
12564
12891
13137
13852
13987
15277
16612
17683
17933
18246
18434
18750
19077
19676
19877
20054
21066
21420
22431
22884
23040
23793
24628
25695
25791
25989
26222
26829
27089
27585
28016
28562
28649
29591
29709
30618
31973
32563
33795
34085
34405
34517
35015
35070
35196
37182
37435
37753
38279
39426
40088
40684
42629
42899
45070
45329
45920
46422
48162
48920
49364
50042
52264
54247
55000
55814
57233
58932
59198
60730
61108
62991
65486
67630
68405
69355
69567
70736
74515
74641
76629
79375
81123
81873
82397
94032
95107
152408
1746
1854
3898
4381
4518
4684
4701
5868
6357
6362
6511
7459
7616
8594
9013
9297
9881
10786
10969
11326
11685
13076
13475
13747
14082
14471
15124
15551
16015
16343
17161
17954
19107
19218
19850
21314
21449
21739
23282
23527
23783
24468
24720
25413
28067
29442
30686
31428
31821
32472
33696
33700
33717
34462
35404
38584
40129
41915
44812
45191
45943
47026
47225
47486
47773
47904
48170
48270
48704
49445
49858
50222
51241
52789
54395
54508
55219
55616
56391
58410
66571
66692
67463
70309
73859
79028
82585
85062
87608
88535
91546
93103
169361
183630
218784
1282
2655
2928
4065
4266
4338
4895
5875
6113
6332
7119
7907
8229
8393
9040
9386
11424
11428
11429
11442
12551
13509
14194
14340
14570
14960
15062
15448
15655
16722
16744
16893
17149
17308
17590
18037
18066
18334
19729
19815
20204
20782
21826
21988
22589
23801
24332
24392
24501
24595
24668
25075
26317
26331
26569
26675
27530
28239
28485
28706
29865
30017
30644
30678
30776
30883
31636
31966
32882
34203
35221
36802
37947
38540
38843
41212
42024
42967
45843
45951
46797
46931
48217
51284
51824
51833
52610
53475
58507
62043
62831
62912
63575
64013
66265
66299
66756
71755
75541
75715
76008
77333
80017
81813
82477
85544
87830
88396
92472
92994
95288
176241
433
5537
6227
6251
7342
7553
7605
8328
8397
8766
9911
10519
10653
11045
11698
11846
11895
12077
12146
12789
13061
13980
15403
15884
16238
16279
17166
17433
17855
19386
19859
20471
21186
21844
22121
22172
22983
23444
23740
24199
25721
25986
26459
26470
26495
26656
26690
26898
27188
28255
28441
28904
29113
29321
30821
31196
31205
32191
33517
34016
34188
34218
34795
34923
35608
35614
37827
38505
38587
39417
39516
39757
41012
43000
43216
43698
46034
47308
47488
49868
49908
50360
50395
50788
51579
51914
52513
53140
54547
54693
55755
56658
56684
58797
61199
63186
64889
65063
76027
77650
78285
78487
81292
83105
88639
89063
89434
92496
92560
94195
149177
150581
159883
175316
909
2558
3215
4555
4859
5292
5386
5506
6005
6367
6651
6698
6962
7065
7102
8864
8921
9008
9686
10054
10656
10796
11095
11144
11904
12132
12361
12818
12889
12911
13126
13301
13504
13876
14215
14265
14661
15330
16341
16361
16382
16760
16800
17388
20836
20875
21410
23113
23597
24212
24755
25856
26588
27597
29048
29886
29981
30339
31556
32769
33549
34024
34045
34464
34537
35467
36349
36482
36733
39170
39760
40769
41437
42535
44083
44405
45138
46532
47100
47372
47563
47989
49002
49183
50974
53983
54934
56527
57106
57172
59054
63449
63879
65611
70141
70948
71552
71717
74814
81596
82071
82608
85713
89013
89248
89684
90128
91312
95272
95559
149409
215332
849
1348
3776
3789
3918
3995
4226
4542
4811
5481
5780
6095
6991
7005
7329
7576
8672
8797
8914
9954
10407
10921
12574
12678
14226
14528
15009
16030
16330
16410
17484
17722
17852
19232
19632
19716
19851
20357
20741
20750
20979
21161
21628
22319
23615
24385
24572
24762
24944
25248
25680
25889
26162
26555
28608
29004
29178
31706
32277
32837
32866
34601
35110
35617
36292
36578
37308
37317
37845
38013
38109
38706
39970
40019
40087
40170
41220
41636
43402
44114
44145
47942
49170
50062
51916
52589
53224
54376
54469
55223
55684
56434
57666
57840
58617
58837
59229
59684
59794
60894
61939
63136
66685
69931
70052
77467
80088
85148
85189
85541
87154
87279
88571
88838
88962
90498
90939
165554
2159
2370
3317
3326
4499
5380
5590
6033
6479
6482
7608
8034
8167
8340
9034
9139
10079
10202
10641
11168
11501
12024
12234
12528
13033
13394
13723
14726
15571
16613
17051
17383
18638
19209
19258
19261
19464
20531
20569
21126
21430
22030
22591
22768
23032
23315
25040
25523
26185
26264
26558
27043
27995
28693
29116
29492
30662
31994
32530
35915
36344
37451
37643
39204
40495
40621
41380
42127
42314
42852
43250
44932
45243
46929
47355
48406
50216
51866
52478
52940
53433
54133
55713
55742
56532
58990
59466
64513
65796
65966
66204
67347
69112
72549
72642
74358
74946
78249
79174
79622
79987
80625
82004
82276
82426
83704
86286
86377
86671
92712
93327
93528
171446
2383
2743
2760
3780
4927
4985
5018
5710
6244
6464
7363
7574
7643
7757
8479
8612
10613
11089
11098
11440
11794
13187
14178
14334
14980
15005
15504
16024
16066
16402
16782
16908
17382
17617
18235
18553
19080
19294
19831
20446
20684
23255
23446
23975
27425
29408
31358
32935
33528
34543
34915
35680
35908
36048
36700
37780
38958
39214
40007
40438
41670
41863
43518
44354
44889
44896
45308
47962
48752
50017
50407
52540
53405
54386
55112
58729
59717
60593
62910
64057
64295
65362
66560
67546
68372
68565
69273
70172
70410
70714
71142
71495
72223
72444
73316
75942
78288
82911
85050
85116
86542
92607
94845
150999
171622
3674
3748
4314
4963
4972
5800
6139
6648
7604
7761
7787
8013
8050
8248
8352
8492
9156
10189
11608
11646
13202
13677
14142
14347
15804
16055
16675
19953
20482
20720
21623
22014
22748
23252
23859
24773
26055
26339
26614
26749
26960
27137
27170
27582
27960
28970
29975
32822
32894
33180
34323
34742
34762
35602
37679
37787
37954
39202
39786
39923
44629
45158
46485
47392
48308
48790
50036
50509
50520
50757
54439
55774
55818
56256
56295
57196
57536
58085
59407
60275
61798
62747
63973
64726
65266
65753
67448
68695
69747
70440
70513
70833
72958
75429
80886
81598
82272
82464
84249
85871
88003
89691
90650
94877
740
1587
2239
2751
3258
3413
4997
5633
5678
5874
5925
6497
7362
7367
7818
8128
8322
8679
8925
9213
9250
9347
10219
11084
11194
11305
13330
13612
13716
14047
14233
14399
14559
15345
15499
16212
16696
16704
17123
17523
17813
18877
20352
20417
20432
20654
22320
22556
23628
23815
23841
24054
24112
24285
24336
24726
25432
26099
26215
26909
27310
27410
27522
27903
29283
29545
29839
29945
30596
30787
31389
31647
31734
31862
31911
33224
33260
33344
33651
36789
37490
37582
39155
39754
41853
42116
43528
43670
43944
44038
44491
45569
45594
46451
47226
47371
48005
50752
51010
55855
55893
57411
57716
59049
59316
60012
64395
65088
67234
67517
67981
70290
70761
73146
77953
78928
79710
81503
83532
84582
84714
89562
89808
93021
152688
174256
211342
399
1216
2156
2460
3235
3411
4488
5820
5939
6273
6331
6665
6752
7622
7711
7773
7994
8874
9075
9335
9388
9424
9680
9704
10297
11078
11653
11790
12130
12629
12742
12767
13410
13442
13725
13974
14502
14596
15011
15354
15399
15983
16502
16636
17693
17945
18078
18120
19074
19156
19670
20000
20444
20890
21303
21684
22375
22446
23074
23531
23899
24904
26050
26275
27455
28142
28476
28496
28610
28755
29035
29279
30035
30067
31082
31242
31888
32254
33186
33472
33621
33980
34093
34467
34769
35750
37691
37754
38050
39989
40167
40657
41439
42001
42351
42365
44418
44647
44670
46361
46728
48407
48421
48632
49407
49756
52450
52476
53750
54407
54430
55033
55718
56705
57018
62086
63299
63760
65886
66753
67868
71105
72569
77114
78111
79588
79697
80511
83764
84199
87145
88118
88419
88634
88918
92679
94912
1579
4068
4146
4864
6022
6339
6670
6780
6897
8487
8596
8667
10239
10594
11081
11274
11658
11798
12060
12641
12739
12983
13688
14022
14518
15384
15647
15759
15967
16261
16438
16569
17214
17220
17391
18502
18705
19163
21077
21615
21880
21948
22418
22516
22578
22765
22917
24481
24525
25910
25992
26141
26493
27424
28671
28962
29984
30002
30160
30220
30718
31990
32421
32534
32756
33094
33126
35254
36250
36474
36831
36904
36917
37506
37733
37844
38205
40557
41229
43181
44395
44852
45435
45525
45573
46471
46819
47121
48608
49259
50083
52336
52651
54638
55648
56725
57296
58922
59557
60662
62586
62728
62740
63504
65450
67126
67824
70556
71660
73165
74995
78530
79300
79446
79761
84635
86598
90162
90668
91045
91104
92998
149756
211645
117
626
1036
1116
2773
3407
3711
4250
6039
7381
7382
7420
7557
7671
8098
9189
9671
10453
10764
10956
11778
11815
12163
12874
14267
15090
15240
15249
15626
16011
16091
16807
17049
17176
17310
18163
18352
18916
18920
19111
20254
20572
20647
20764
21341
21731
22003
22045
23875
23932
25254
26360
27929
30135
30957
31314
31931
32164
32544
32683
33557
33926
34881
34898
35037
35299
35504
36004
37172
37267
45306
46625
47755
48524
49339
51499
52326
54607
56193
56591
58036
58293
59327
59440
60477
61880
63544
63593
65854
66798
66862
70092
71097
71743
73952
77369
77874
78208
80189
81872
82089
82805
84401
85943
86304
87247
87502
88429
88643
88963
89124
89589
91992
93764
95585
150676
174659
174895
240647
237
649
758
1305
1840
2004
2651
3328
3664
4462
5011
5716
6305
7134
7632
8315
8569
8722
8883
8908
9002
9421
10349
10434
10658
13071
13273
14583
14981
16065
16220
16245
17043
18353
18639
20345
20485
20500
20703
21048
21148
21582
21618
22063
22350
22384
22546
22838
23805
24228
24236
24425
24666
24675
24965
25174
26228
27359
27712
28299
28878
29370
30852
31625
31998
32153
32315
33148
36360
36524
36781
36928
37170
37647
37683
37923
38929
40674
41137
41158
41553
44245
44506
44610
44653
45095
45294
45649
46212
47853
49337
49393
50370
51266
51541
51796
52011
52053
52511
54622
58435
58446
58449
62941
63821
65607
65667
66007
66191
67776
68367
68543
69526
70494
71405
71877
72553
72964
76012
77255
77318
81550
83431
84232
85349
86497
87644
89554
92909
93432
93615
95085
95224
243068
755
1589
3056
3416
4230
4232
4312
4553
5232
5264
6041
6084
6344
6540
6769
7004
7061
7703
8012
8014
8622
8623
8962
9744
9789
10226
10282
10456
10813
10990
11118
11414
11450
11465
11809
12040
12107
12458
12583
12588
12695
12777
12890
13448
13638
13967
14072
14125
14755
14819
14871
15121
15889
16214
16962
17261
17792
17812
19511
19630
19980
20069
21436
21463
21503
22103
22296
22618
23021
23041
23258
23907
24503
25062
25325
25399
25902
26713
26854
26934
27642
27736
27817
27906
28317
28568
28770
28880
29540
31385
33640
34134
34866
35289
35675
36593
36883
37083
37141
37437
37676
38222
38832
38911
39736
40619
41365
42820
42901
45867
46437
46595
47290
48795
49657
50813
51047
52898
53073
53665
54177
54966
56079
56613
57735
58819
58901
59542
60865
63387
65769
67235
68037
70057
70527
71300
71432
74201
74419
76235
77072
77979
78081
78154
78219
78938
79817
80054
80457
82520
84658
85317
85484
86037
87804
90865
91053
91829
91986
95205
191624
113
1291
1709
2382
2405
3091
3144
3251
4419
4806
5101
5201
5403
5815
5921
6085
7295
7584
7780
7944
8101
8223
9138
9278
9689
9897
11633
11663
12110
12531
12750
12912
12935
13206
13512
13792
13906
14013
14483
15278
15390
17152
17516
18093
19671
19809
20734
20874
20978
22812
23023
23150
23344
23358
23911
24213
24461
24765
24838
25301
26359
26519
27701
27739
28516
28565
28741
29464
29475
30018
30198
32588
32627
32946
33513
34726
34852
35348
35796
36165
37934
39084
39552
40573
41139
41890
43919
44996
45041
48562
52006
52510
53618
53663
54143
55018
55068
55306
56676
59409
59993
60029
61350
61378
63871
64326
65177
65789
66757
67184
67619
69722
70485
71209
74324
76053
76506
77027
77205
83876
85815
87504
87519
87731
89130
89359
89871
90410
90502
94096
94205
94868
95386
223883
238940
122
146
502
761
863
4773
5347
5827
6997
7048
7166
7418
7626
7726
8993
9035
9095
9356
9864
10041
10118
10374
10527
11073
11142
11350
11709
11851
11909
12166
12379
12578
12645
13236
14706
15210
15422
15507
16021
16325
16646
17164
17403
17576
17671
17972
18359
18387
18446
18544
19378
19596
19636
19865
21027
21330
22009
22175
23105
23578
24118
24200
24669
24807
25365
25455
25736
26551
26617
26667
27063
27587
27670
28115
28150
28687
28833
28838
29769
30557
31120
32745
32850
33199
33313
34232
34494
34781
35920
36260
37288
39262
39413
40095
40731
40799
41270
41658
41705
41946
42099
43396
43469
43493
43613
43902
43941
45065
45611
47838
48944
49989
50110
50392
51215
51748
52057
52105
52757
52823
52915
54377
54384
55686
57216
57353
59487
59624
63979
66452
66804
67053
67599
67896
67903
68017
68087
68458
68550
71168
72795
72826
74331
74648
75630
76674
77292
78699
78852
80711
81344
81921
84271
84890
84948
85864
89452
89533
90351
90799
93485
93655
207675
220823
94
2063
2295
2335
2796
3970
4095
4137
4288
5704
7137
7570
7769
7910
7986
8176
9090
9132
9791
10734
11787
11822
12660
13664
15202
15304
15783
15847
16116
16365
16397
16752
17193
18129
18342
18769
19172
19562
19921
20090
20406
20776
22195
22469
22690
22801
22966
23029
23812
23893
24482
25117
26068
26286
26643
26732
27609
27679
28279
28395
28461
29641
29748
29781
30102
30215
30269
31172
32006
32011
32490
32741
32758
37326
38937
39773
39876
40362
41127
42369
43260
43510
43645
43756
44378
44538
45601
45884
45887
47122
47445
49537
49716
49754
50120
51416
51627
52334
53159
53427
54172
54357
54409
54900
56141
56427
57569
58405
59233
60402
61535
61671
62546
63751
68418
68949
68992
69089
69211
71453
75249
75303
76514
77019
77299
78547
79488
81944
88747
89413
91020
91082
93648
93996
94111
119
545
1099
1202
1578
1641
2339
3344
3528
3546
4686
6134
6771
7243
7751
8303
8503
9408
9758
10962
11156
11719
11858
12178
12934
12980
13451
13525
13571
13586
13614
13758
14343
14374
14800
15640
16285
16736
17316
17899
17969
18550
19643
20766
20821
20943
21603
22369
22461
22852
22955
22977
23018
23520
23635
24568
24968
25141
25509
25914
26472
27256
27271
28266
28513
28662
29043
29328
29806
29850
29851
30250
30364
30666
30775
31395
33041
33649
34025
34231
36097
36171
37153
37595
38581
38701
38742
38923
39678
40459
42994
44094
44475
44816
46530
46980
47115
47272
47289
47983
48038
48114
49960
51443
53251
53832
54608
54759
55289
57238
58315
58385
59069
59124
60150
60220
60367
61309
61364
61409
61672
61837
62041
65757
66776
67089
68476
69075
73401
73752
74248
76462
77802
78891
79500
81565
82490
83186
83272
83359
86079
86121
86914
87761
89346
90002
90189
90790
90794
91046
92155
93193
95146
95533
167395
245610
690
1839
2172
2903
3606
3820
3922
4360
4681
4730
4900
5112
5146
5685
5741
6637
7066
7770
7972
9105
9339
9611
10361
11188
11420
11571
11816
12414
12576
13673
13818
14120
15028
15340
15462
15567
15664
16004
16077
16690
16943
17269
17451
18166
19167
19972
20063
20537
21017
22713
22964
23746
23799
24030
24386
24761
24841
25247
25662
25718
25723
27262
27790
27794
27999
28048
28143
28702
28854
28868
28951
29921
29931
30221
30351
30869
31137
31351
32106
32184
32685
32878
33565
33889
34150
35103
35942
36089
36162
36632
36923
37163
37272
37388
38333
38667
40473
40624
41131
41349
42694
43187
43467
43693
43922
45691
46050
47580
47661
49416
49682
50123
50627
51404
51819
51922
52486
54119
54360
54397
54845
55049
55305
56407
56649
56977
56983
57064
57679
57901
59322
60294
61005
62225
62306
62623
62844
62951
65489
68459
68873
68948
69464
70093
71297
71539
72089
72875
73213
74247
75486
75973
79460
79925
80487
80852
82078
82092
82795
86695
87206
87756
87980
89743
90051
93174
93827
152299
243343
582
897
1871
2509
3692
3701
4448
4816
5623
6300
6368
6489
6703
6823
6885
7086
7144
7661
8405
8520
9061
9549
10488
10929
11034
11296
11550
11565
12001
12179
12249
12255
12763
12919
12984
13146
13885
13908
14427
14532
14862
15041
15286
15835
16906
17645
17834
18780
19115
19427
19541
19699
19745
20576
20729
20897
21180
21992
23767
23775
24018
24300
24316
24852
25559
26102
26225
26303
27227
28230
28538
29007
29465
29910
29957
30412
31517
32008
32833
33251
34318
34743
35322
35452
35516
35719
36052
36056
36197
37467
38678
38755
39121
39188
39490
39492
40510
40971
41152
41438
42523
42642
42866
42874
43007
43188
43927
44291
44363
45030
45035
45356
45639
46443
46721
47596
47614
48671
49499
49832
50474
50534
50952
51273
53394
53512
53899
55910
56395
58253
58801
60122
61223
61809
63375
63442
64017
65046
66797
66967
67064
67102
68954
70254
70543
70988
72190
72218
75332
75874
81067
82355
85279
87238
91156
93443
94873
95373
148738
173014
225356
112
489
1032
2142
2899
3838
5870
6026
7100
8078
9566
9975
10344
11666
11720
11896
12961
13015
13109
13472
13501
13979
14547
14636
15513
16300
16776
17186
17514
19063
19421
19922
20477
20566
20627
21097
21843
22206
22372
23398
23503
24590
24722
24960
26022
26208
27554
27604
27976
28557
29005
29177
30011
30132
30193
31555
31777
31819
32127
32280
32790
33238
33336
36295
36655
36726
37098
37183
37351
37611
37782
37938
38559
39618
40475
41076
41630
42267
43664
43929
44154
45097
46086
46094
46230
47183
47806
48496
48739
50882
50897
51058
51177
51289
51674
51901
52199
52298
52449
52971
54236
54241
54903
55537
55627
56702
57875
58706
59432
59946
59964
61003
61431
61835
63653
66122
67068
67115
68741
69084
70754
71563
72954
73802
74302
74996
76322
76980
77269
77839
78157
81605
83268
84283
84591
84999
85978
88425
88475
90048
90130
90715
90835
91155
92533
94115
95088
173970
197005
215295
228538
236001
233
1180
1286
1969
2043
2210
2226
2626
2813
3389
3548
4352
4361
4845
4971
5656
6328
6471
6527
6848
7222
7755
8206
8970
9123
9695
9741
9829
11661
12298
12462
12833
12908
13046
13131
13842
13918
14153
14182
14551
15324
15378
15877
15925
16381
16435
16475
16813
16968
17304
17710
17797
17818
18017
18105
18119
18578
18827
19180
19208
19417
19569
20396
20958
21218
21869
22196
23240
23592
23870
24799
24845
25614
25682
25781
25951
26512
26889
28198
28382
28867
29835
29973
30230
31133
31151
31685
31847
31906
32100
32205
32426
33211
33655
33973
34587
34653
35742
37088
37405
37421
37592
37828
38453
38605
39001
43408
45835
49516
49712
49953
49997
50294
50863
51285
53168
53380
53805
53809
54246
55950
56010
56167
56817
57479
57689
59030
59214
59528
60724
61562
62210
63286
64872
66863
67105
70496
70782
72418
72909
74614
78297
78304
79566
81404
81727
83421
84273
85795
86245
86521
87609
87987
88088
88308
88826
90546
91153
91779
92824
93228
94687
177424
157
831
1147
1219
1244
2783
2898
3046
4031
4077
4834
4938
5052
5075
5938
7036
7396
7493
7823
8011
8713
8877
9076
9235
9337
9391
9880
10317
11395
11654
11899
12227
12423
12679
13024
13283
13602
13875
13888
14048
14703
14810
15142
15346
16159
16219
16914
17013
17128
17471
17635
17887
20533
21024
21335
21342
22807
22847
23177
23935
24233
24475
24523
24907
25642
26024
26084
26443
26774
27101
28170
28261
28750
28861
28973
29102
29293
29353
29796
29830
29890
30183
31007
31266
32679
33147
33191
33217
34365
35115
35795
35935
36254
37029
37160
39339
39350
39867
41571
41966
42329
42722
42736
42909
43270
44330
45847
46279
49083
49733
51747
55242
55395
55934
56768
57104
57304
58053
58278
58571
60633
60832
60990
62557
62643
63262
63626
65444
66515
67205
67459
68929
69415
70558
71952
72390
72885
73361
73561
73745
75051
75725
77470
77978
79994
80248
80570
80807
81992
83750
83812
86636
93034
93195
93329
93474
94751
218218
218881
100
1382
3268
3984
4279
4495
5475
5485
5534
6289
6290
6455
6863
7510
7590
7713
8287
8995
9863
9986
10345
10552
10614
10631
10767
11057
11655
11811
13035
13077
13143
13333
13880
14011
14394
14400
14673
14901
15177
15471
16127
16132
16187
16276
16406
17385
17649
17721
18617
18863
18993
19047
19613
19686
20034
20941
21777
22538
22811
23200
24510
24642
24644
24918
24959
25446
25449
25966
26147
26316
26678
26883
27255
27747
28262
28308
28726
28913
29787
30575
30640
30654
30756
32016
32021
32834
33066
33569
33917
34205
34483
35531
35776
36414
36754
37591
37631
37715
37777
38845
39143
39776
41901
42170
43022
43763
46601
47387
47506
47558
51125
51889
53041
53077
53915
54455
55943
56163
56507
57608
58251
58303
58650
61117
61462
61893
62304
62547
62833
63602
64130
65398
65884
69251
69283
69917
70506
73533
74122
76458
77293
77673
79266
79377
80566
82774
83706
84921
85502
85623
85740
85906
86138
89254
89285
92502
149984
164014
250
1703
1811
1950
2025
2676
4588
4645
4756
5239
5852
6748
6855
7430
7689
7693
7866
7905
8923
9435
10017
10222
10340
10406
10675
10676
10710
10953
11086
11628
11839
12171
12821
13539
14037
14446
15204
16257
16378
16390
16412
16836
16904
16989
17492
18146
18299
18301
18488
18791
18906
19264
20257
20328
21547
21746
22349
22392
22570
23206
23605
23913
24254
24939
25018
25371
26748
27360
27545
28776
28792
28822
29052
29373
29493
30044
30342
30951
30977
31451
31471
32001
32380
32519
33067
33279
34062
34656
35160
37356
37839
38491
39267
39319
39571
39622
39635
39924
41538
41564
41831
42269
42436
42714
42718
42744
43274
44292
44699
45436
45624
45660
45784
45805
45949
45954
46088
46100
46559
46736
46841
46956
47651
47887
48611
49273
49724
51275
52197
53993
53995
54329
56793
58305
59626
60258
60584
61400
61889
61921
62502
63735
64349
64448
64604
65702
65901
69191
70546
70553
71088
71428
71464
73285
73563
73951
74322
77285
77791
77819
79657
81486
82674
83778
85075
85483
86204
87250
87522
88428
90146
91786
92861
93482
94693
196718
200377
223978
236
612
996
1157
1197
1285
1980
2657
2991
4044
4875
5551
5771
5837
7058
7185
7518
7884
8005
8295
9443
9492
10391
11372
12339
13243
13543
13578
13741
13837
13969
14179
14358
14448
14504
14749
14874
14963
15065
15120
15487
16949
16969
17005
17008
17108
17112
17501
17581
18460
19078
19941
20040
20104
20308
20384
20454
20604
20969
21038
21149
22230
22430
22585
22587
22614
22873
22906
23012
23059
24453
24456
24608
24819
25210
25338
26035
26037
26168
26277
26550
26666
26789
26961
27285
27343
27758
28127
28673
29390
29550
29697
29725
30090
30762
30909
31288
31776
32677
32791
32792
33343
35721
36012
36266
36924
37539
38158
38369
38482
38791
39881
39938
39964
40443
40683
42879
43120
43738
43859
44492
45106
45438
45477
46632
46838
46940
47793
48482
48818
48834
49006
49283
49386
49406
49471
49691
50128
50271
50970
51262
52317
52671
55408
55867
57553
58168
58986
59661
60988
62675
63152
64070
64495
64897
65150
67167
67871
68479
69574
70405
70617
70911
71872
74758
75810
75899
75918
76271
76594
77912
79097
80036
80246
80710
80717
83191
83306
84323
84384
84906
87327
87387
89795
89809
90069
90898
90963
94140
94399
95502
159405
184843
185083
241
376
412
794
2211
2367
3124
3316
3414
3932
5367
5700
6193
6213
6879
7411
7666
8337
8467
8768
9267
9338
9882
10253
10336
10773
11186
11807
12081
12786
13177
13371
13375
13477
13805
14863
15409
15663
15741
15892
16262
16746
17363
17369
17485
17598
17691
18521
18899
19076
19766
20713
20933
21051
21121
21562
23081
23361
23712
23721
23884
25208
25312
25314
25364
25471
26258
26587
27025
27419
27465
27518
28091
28699
28974
30252
31012
32337
32543
32652
32949
33299
34293
34500
34636
36154
36211
36514
37603
37847
37863
38009
38696
39476
39798
40374
41172
41394
41642
41808
41961
41972
42075
42393
43709
43861
44137
44867
45128
45585
45654
45933
46224
46575
47087
47328
47459
50814
50947
51334
53113
53297
53836
54170
54592
54733
55965
56129
56435
57004
57236
57565
58716
58747
58977
60601
60893
62509
63330
63478
63613
63755
64055
65000
66052
66760
67499
67597
67622
67710
68336
69017
70342
72063
72509
73071
73397
74198
77944
78134
78419
80037
80336
81316
82634
83212
84709
85543
85789
85946
86077
87081
87625
87719
88173
89287
92895
93562
93843
94681
216619
1388
2146
2494
3146
3226
3460
3493
4611
4810
5858
6385
6590
8117
8146
8731
9003
9055
9373
10088
10351
10674
10825
10963
11320
11441
11514
11532
11824
13434
13718
13891
14016
14077
14196
14291
14423
14995
15010
15169
15544
15603
15733
15869
16532
16548
16820
17067
17668
17881
19060
19281
19452
19594
20774
20920
21301
21533
21688
21990
22055
22389
22526
22827
22924
23120
23849
23997
25178
25465
25692
25697
25784
25984
26801
27484
29045
29110
29508
29683
30276
31025
31311
31802
32306
32460
32862
32964
32980
34583
34892
35326
37531
37759
38517
38645
39168
39495
40253
40503
40715
41634
43006
43831
44003
44586
45347
45577
46521
46834
46957
47975
48233
48639
48957
49207
50541
51583
52304
53080
53121
53253
53442
53596
53674
55544
57255
58876
59522
60982
61249
61282
61696
61899
62263
62830
63305
63559
64416
64504
64756
64879
65417
66287
66941
67219
67328
68792
70873
71970
72310
72454
73048
73507
73941
74239
74728
75188
75354
75691
76927
77443
77943
79659
80091
80224
82432
82603
82699
83499
83901
85538
87130
87316
87715
89454
90659
90739
92368
93573
94289
94997
95652
151708
152481
205166
233564
597
2005
2412
2461
2669
2762
3174
3351
3673
3700
3844
4017
4102
4357
5278
5842
6070
6118
6145
6659
6941
7255
8191
9092
9720
10757
10761
11478
11735
11745
11810
11888
11955
11995
12396
12826
13105
13207
13384
13813
13982
13991
14734
14932
14950
14951
14993
15036
15305
15528
17209
17467
17518
17557
18347
18371
18513
19097
19543
19718
19934
20592
20719
21156
21264
21747
21925
22241
22300
22622
22640
22666
22695
22877
22903
23017
23163
23564
23708
23968
24014
24451
24593
24888
25083
25108
25553
25778
26091
26249
26619
26733
26852
26880
26908
27214
27526
28628
29026
29303
29454
29707
30758
31350
31510
31913
31971
32256
33113
33431
34192
34380
34625
34764
35090
35250
36677
38157
38436
39023
39042
39554
39994
41185
42056
42441
42773
42837
42896
43215
43366
45213
45393
45417
45693
45925
45934
46242
46288
47731
49760
51139
53533
53825
53861
55079
56792
56795
57120
57551
58487
59103
59193
60943
61584
62803
63736
64338
64850
65507
65655
66216
67085
67097
67266
68642
69730
70489
71159
71862
72171
72389
72677
75032
75230
75848
77380
78450
79119
80579
80904
83239
83921
84228
86297
86795
87330
87819
89152
89616
90336
90942
91417
92386
92413
95210
151009
162987
172100
1336
1526
2026
4132
4899
5166
5635
5959
6306
6447
6926
7161
7973
8881
8886
8899
8913
9131
9739
9855
10057
10181
10408
10578
11066
11100
11126
13789
14143
14183
14722
15115
15405
15620
15915
16494
16816
17340
17736
18053
18203
18557
18717
19611
20250
20724
20778
20884
21293
21391
21764
21765
21831
22068
22656
23384
24062
24113
27007
27282
27689
28320
28423
29082
29182
29803
30487
30521
31148
32087
32957
33459
33591
33934
34129
34839
35137
35569
35764
35768
35864
36381
36877
37352
38117
38192
38552
39252
39564
39946
40934
41335
43101
43486
43910
43992
44394
44518
44947
45200
46333
46607
47965
48465
48553
48979
49297
49731
49814
50074
51407
52297
52405
53810
54986
56011
56466
56885
57063
57524
57538
57838
57867
58325
58362
58423
58897
60337
60767
64531
64969
65581
66070
66194
67560
67765
67954
68804
68859
68904
69441
71709
73104
73209
78327
78687
79299
80992
83616
84013
84429
86272
88649
90177
90363
90530
91666
92314
92518
93023
93767
94646
94904
175575
180291
1135
1355
2093
2893
4228
4263
4735
5269
5557
5699
5794
6035
6087
6204
6967
7098
7224
7309
7361
8056
8345
8468
8940
8992
9515
9594
9636
9719
9779
10501
10528
10700
10944
11299
11443
12101
12327
12733
12914
13121
13921
13955
14106
14206
14238
14316
14541
14953
15093
15190
15279
15612
15675
15827
15899
15943
16039
16531
16624
16742
17215
17247
17392
17538
17703
17841
18747
18813
18878
18905
19104
19193
19342
19443
19814
20024
20038
20275
20680
20723
20749
21637
21895
22399
22435
22638
22868
22894
22940
23064
23394
23432
24687
24876
25428
25633
25862
26194
27475
27831
27928
28318
28342
28737
28895
28915
28969
29227
29682
31028
31297
31437
31572
31590
32360
32450
33963
34284
34563
34706
34880
35433
35774
36740
36807
36822
37705
37727
37730
37740
37852
39498
40789
41282
41373
42173
42429
42522
42948
43070
44007
45859
46577
46683
46847
46974
47077
47391
47466
47543
49415
49669
50164
51201
51322
52565
52573
52834
53029
53081
53207
53339
54579
54787
55636
55682
56133
56782
56943
57806
57873
58190
59380
60197
61099
61416
61544
61768
63151
63261
63719
66710
68252
69046
69369
69544
69893
70365
70921
71818
75527
75618
76892
77265
77818
80432
80692
83889
84612
85315
86908
87386
88036
90931
91862
92954
93640
93757
93785
94453
94589
95671
164675
169143
238448
676
1523
1606
2154
2358
2866
2936
3189
3529
4008
4114
4847
4867
5309
5390
5682
6296
7112
7585
7860
7923
7965
8369
8697
9658
11044
11283
11438
11746
11910
12159
12494
12499
12628
13175
13266
13802
14157
14431
14821
14827
15025
15113
15366
15376
15599
15905
16324
16348
16368
16469
16973
17240
17652
19028
19059
19930
20243
20365
20375
20865
20980
21000
21439
21477
22108
22182
22213
22672
22849
22928
22930
23480
23566
24097
24246
24974
25622
26184
27024
27558
27635
27662
27748
28252
28718
28790
29003
29357
29393
30037
30216
30783
30876
31198
31770
31887
32007
32496
32504
33108
33570
33645
33711
34705
35635
35808
36311
36384
36846
37748
37860
38502
39587
39692
40509
40625
40699
40727
40961
41080
41590
41955
42162
42988
43406
43453
43660
44106
44613
44679
44825
44869
46608
46878
48905
48908
49061
49697
50229
50853
51877
52657
52735
53571
53945
54356
54557
55723
55728
55834
56235
56374
56860
58071
58176
58334
58770
59007
59293
60583
61274
61620
62133
62219
62406
62488
62766
63142
65403
65971
66365
66778
67187
67715
67994
68118
69393
69472
70433
70899
71018
71566
71633
71813
72527
73343
73486
73931
74179
80316
80400
81925
82015
82447
82864
82985
83588
84671
84771
85850
88156
89478
89728
91229
91339
91729
91848
149469
160804
173924
180015
2389
2567
3083
3156
3829
3830
4112
4136
4319
4668
5217
5430
5969
6073
6119
6236
6370
6895
6985
7326
8084
8494
8588
8783
9166
9783
10048
10290
10772
10870
11579
11602
11894
12343
12829
13230
13412
14064
14121
14222
14266
14362
14428
14606
14685
14838
15105
15589
16408
16415
16540
16607
16671
17510
17705
17848
18016
18043
18065
18268
18470
18630
19103
19583
19943
20274
20378
20479
20772
21213
22125
22624
23549
23837
23880
24222
24260
24356
24508
25016
25063
25079
25146
25473
25932
26417
26913
27915
28393
28403
28427
28466
28648
28652
29101
29193
29858
30436
30601
30912
31627
32068
34303
34441
34936
36213
36331
36853
37190
37831
37843
37951
38180
38538
38943
39945
40436
40723
41014
41355
41565
42602
42637
44006
44047
44938
45891
45927
45982
46472
47007
47451
47737
48084
48743
49626
50107
50247
51620
51834
51913
52231
52278
52300
52351
52390
53379
55038
55114
56280
56700
56999
57060
57273
58088
58594
58877
59036
59208
59883
60245
60413
61349
62366
62751
63452
65384
66836
67065
67635
68003
68304
69609
69652
70097
70103
70186
72097
72160
72567
74153
74291
74994
76217
78397
79037
80119
80363
81434
81898
82930
82959
89052
90496
90975
91319
92520
92627
93160
93365
94186
94533
94766
95587
160606
201420
242997
102
700
1338
1594
2252
3597
3762
3797
4159
4852
4984
5050
5501
6496
6519
6868
7140
7217
7322
7373
7387
7419
7705
7709
7797
7857
7883
8076
8091
8231
8640
8654
9482
9917
10420
10447
10499
10754
10760
10812
10884
10924
11024
11409
12036
12140
12612
12809
12904
13163
13360
13374
13776
13975
14024
14087
14228
14794
15352
16033
16941
17084
17706
17733
17898
17940
18003
18415
18695
18912
18988
19388
19713
19777
20137
20213
21054
22699
22725
23101
23132
23190
23243
24337
25084
25278
25296
25316
25717
26182
26247
26257
26322
26466
26530
26631
27033
27971
28021
28063
28104
28306
28560
29009
29297
29434
29564
30208
30258
30441
30675
30979
31211
31352
31602
31859
32130
32625
33765
34982
35344
35445
35447
35708
36478
36497
36638
36785
37634
38016
38707
38762
38822
39643
39724
39741
39952
40010
40314
40485
40639
41058
41376
41489
41769
42295
42861
43153
43242
43245
43441
43456
43568
43635
44375
46867
47095
47890
47954
48069
49069
49462
49819
50331
50504
50656
50710
50826
51772
51774
51808
52865
53298
53396
53692
54321
54731
56341
57163
57755
58623
59187
59733
59811
60743
61010
62581
64151
64254
65942
66002
66622
67373
67964
68160
68556
68600
68803
69154
69437
70229
70414
70563
70629
71571
72186
72859
73560
74151
74224
77689
78015
78194
78334
78885
79139
79636
80103
80205
81811
81897
82115
83806
84916
87180
87740
88908
89019
90399
90521
90594
90694
91543
91703
93148
93884
154913
160251
179429
210126
742
937
1741
2273
3170
3177
3688
4337
5235
6403
6629
6660
6913
7093
7182
7706
8074
8079
8354
8448
8560
8627
8629
8875
9556
9574
9762
10166
10198
10576
10717
10933
11615
12393
12517
12706
13483
13697
14913
15380
15539
15611
15941
15952
16250
17082
17283
17362
17394
17405
17459
17535
18046
18090
18136
18471
18909
19033
19056
19116
19182
19279
19293
19823
20022
20095
20124
20151
20683
20743
20828
21135
21660
21661
22114
22325
22763
22824
23436
23467
24519
24738
25160
26052
26644
28146
28404
29042
29378
30126
30219
30316
30359
30692
30807
30820
31458
32734
33609
34124
35331
35386
35559
35865
35919
35975
36114
36679
36806
37157
37197
37218
38478
38627
38824
39109
39551
39931
40099
40775
41180
41451
42171
42237
42313
42587
42625
43543
43716
43835
43844
44066
44952
45586
45750
46258
46421
46452
46542
46737
46907
47846
48085
49585
49664
50030
50472
50730
51148
51199
51779
51783
52041
52251
52274
52828
52840
52876
53112
53330
53518
53794
54331
54361
54378
55512
55595
56482
56931
57494
57898
58433
58896
59037
59977
60040
62195
62277
62630
62727
62958
63320
63985
63990
64963
65924
66203
66256
66426
66600
66853
67107
67649
68069
68159
68969
69056
69115
69563
69685
70022
70554
70665
71399
71805
72272
73551
74716
74923
76078
77006
77462
77625
79027
79470
79623
80060
80553
80747
80789
80900
82703
86062
89077
92019
92814
94264
94409
94834
151677
171787
180285
183792
197201
232857
963
1317
2568
2795
2828
3323
3594
4608
5531
5753
6024
6525
7083
7172
7195
7468
7790
8394
9286
9336
9742
9870
10469
10504
10810
11286
11397
12026
12097
12449
12580
12616
12927
13897
14555
14900
15048
15055
15118
15882
16572
17107
17284
17328
17410
17930
18177
18573
18926
19600
19830
19869
20223
20521
20708
20837
20881
20992
21273
21600
21854
21878
23650
23807
23934
24078
24415
24664
24942
25091
25112
25273
25294
25306
25896
26148
26972
27204
28126
28216
28517
28546
28966
29064
29350
30402
31098
31561
32088
32626
32691
32970
33179
33271
33445
33735
34055
34080
34310
35312
35636
35962
36044
36352
36370
36591
37155
37537
37793
38148
38512
38798
39533
39816
39885
40518
40534
40548
40802
40825
40852
41286
42370
42458
42540
42598
42695
42857
43243
43724
43850
43982
44121
44469
44510
45171
45175
45300
45942
46586
46695
46842
47244
47255
49139
49291
49388
50174
51492
51812
52172
52682
52883
53535
53852
54338
54379
55022
56028
56481
57250
57805
58017
59330
59386
59951
61475
62207
64268
64634
65209
65297
65498
65583
65625
66057
67489
67834
68147
68236
68831
69382
69658
69897
71261
71711
71720
72431
72583
72768
72971
73215
73663
74401
74464
75654
75702
76037
76270
76321
76752
80136
81169
82428
83405
84134
85620
85703
85881
85891
86666
89853
89997
90127
91261
91606
91663
91761
92381
92444
92490
94183
95331
95718
153693
155996
232382
238
2145
2237
2983
3257
3358
3576
3695
4224
4421
4761
6537
7028
7221
7390
7492
7511
7738
7962
8419
8578
8763
8825
9222
9579
10175
10188
10724
10763
11919
11956
11968
12313
12463
12483
12507
12765
13655
14035
14260
14276
14337
14503
14543
14552
14607
14725
15968
16431
16799
16855
17169
17246
17596
17770
17957
17990
18004
18008
18416
18687
18978
19271
19741
20999
21144
21244
21442
21542
21574
21808
21825
22889
23357
23512
23526
24151
24645
24713
24851
25017
25414
25524
25570
25624
25749
26205
26314
26377
26381
26545
26573
26672
27104
27190
28188
28238
28259
28431
28563
28645
28906
29010
29229
29273
29503
29860
30243
30496
30511
31023
31443
32381
32717
32739
33451
33520
34126
34681
34801
35239
35634
35811
35985
37678
38447
38449
39019
39149
39410
39661
39893
40119
40238
40893
40945
41641
41710
42398
42583
43217
43283
43638
43679
43903
44149
44236
44403
44459
44817
44935
45516
45537
45717
45735
45753
45883
46066
46646
47716
47997
48010
48342
48604
49485
50369
50506
51436
51611
52975
53530
53688
54841
55436
56339
56606
57146
57517
59774
60186
60445
60618
60676
60931
62836
62906
62999
63073
63882
63893
64251
65414
65457
65861
66099
66306
66335
66339
66508
67071
67443
67468
67596
67892
68045
68279
68346
68710
69642
70313
70392
71294
72188
72490
72636
72711
73501
74757
75177
75362
75587
75829
76048
77867
79133
79751
80931
81062
81108
81764
82108
82800
83568
84333
84364
85344
85677
86124
86261
86995
88268
88515
89145
89257
89729
90446
91692
92207
92527
95398
183322
225352
746
1725
1900
1934
2209
2517
2661
3342
3705
3939
5030
5177
5420
5472
5622
5652
5713
5914
6286
6478
6655
7205
7213
7232
7259
7445
7805
7831
7919
8022
8220
9045
9806
9851
9920
10077
10310
10593
11524
11574
11604
11986
12173
12176
12222
12436
13165
13244
13426
13460
13727
13814
14247
14370
14454
14622
14645
14808
15371
15732
15962
16436
16781
16877
17114
17234
17336
17996
18126
18218
18322
18974
19350
19364
19424
19489
19789
20226
20588
20607
20638
20732
20965
22044
22075
22355
22518
22738
22753
22770
22895
23117
23668
24081
24120
24656
25051
25667
26121
26752
27241
27296
27459
28282
29376
29549
29590
29873
29889
30278
31034
31228
31261
31328
31376
31820
32110
32492
32570
32666
32820
33340
33367
33378
33603
33777
34311
34329
34786
35520
36107
36609
36641
37958
38589
38598
38656
38780
38838
38909
39407
40059
40115
40486
40956
41095
42601
42878
43021
43639
44103
44612
44719
45444
46527
46657
46780
47300
47359
47438
47729
48306
48935
49104
49412
49493
49675
50339
50342
51310
52645
53223
53557
53589
54113
56316
56857
56948
57534
57744
58439
59418
59744
59985
60259
60678
60836
61568
61865
61890
62398
64047
64132
64370
64462
66857
67354
69521
69654
72052
73265
73792
75150
75485
76259
76916
78424
78589
79101
79107
81429
82295
82819
82868
82908
83554
83581
83698
84079
84247
85673
86990
87047
87565
88960
89029
89103
89710
89788
90695
90977
91465
92147
93321
93472
94345
180829
215258
234937
3123
3355
3713
4242
4260
5701
5824
6181
6875
7569
7742
7957
8118
8123
8188
8299
8497
8585
8727
8831
9022
9168
9454
9922
10114
10275
10787
10920
11041
11107
11236
11834
11927
12145
12314
13028
13073
13226
13441
13670
13733
14069
14443
14618
14740
14867
15164
15789
16093
16386
16762
16772
17287
17423
17560
17616
18057
18208
18270
18757
18875
19135
19252
19557
19951
20125
20421
20512
20594
21784
21811
21870
22179
22233
22395
22413
22580
22744
23688
23877
23903
24184
24238
24412
24981
25153
26223
26270
26327
26442
26677
26793
26862
27630
27859
28017
28088
28337
28740
28831
29398
29527
30689
30745
31227
31306
31519
31740
32065
32835
33060
33659
33991
34043
34306
34513
34603
35372
35468
36034
36156
36429
36636
36915
37220
37282
37428
37869
38135
38363
38406
38655
39136
39272
39449
39753
39977
40070
40104
40411
40835
40885
40958
41473
41684
41722
41971
42054
42272
42354
42595
42737
43226
43381
43511
44231
44656
45002
45221
46336
46345
46578
47187
47377
47464
47902
48007
48148
48673
49766
49769
49940
50099
51189
51287
51644
51773
51989
52484
54042
54112
54294
54838
56794
58144
58880
59014
59052
59640
59879
60271
60329
60871
61471
61558
61594
61625
61854
62284
62788
63266
64337
64838
64874
66045
66364
66646
66913
67211
67537
67632
68311
68457
69551
69660
69695
69702
69947
70243
71466
71508
72657
73145
73260
73585
74139
74471
74885
74932
75183
75879
76067
77004
77188
77810
78594
78911
79898
81083
81160
81367
81548
83223
83230
84160
84196
84278
84776
85601
85666
88762
91338
93063
93583
93974
94439
94973
95462
175900
182349
209314
209480
2637
3185
3910
4564
5076
5343
5518
5619
5634
5640
6341
6946
6968
7007
7446
7474
7554
7674
7724
7763
7874
8584
8904
9180
9414
9448
9635
9735
9760
10025
10144
10742
12096
12477
12796
13091
13107
13439
13497
13726
13920
14061
14237
14254
14290
15360
15369
15586
15661
15955
16010
16573
16579
16878
16915
17262
17465
17651
18021
18216
18341
18379
18389
19720
19820
19945
20388
20434
20707
20773
20777
21081
21143
21395
21938
22159
22273
22382
22739
22755
23312
23544
23733
24016
24347
24810
25074
25166
25476
25587
25612
25997
26115
26486
26544
26975
27693
28032
28713
28886
29299
29581
30177
30324
30380
31262
31375
31619
31992
32384
32398
32659
32674
33146
33151
33490
33667
33800
34122
34771
35282
35512
35793
35895
36639
37060
37140
38738
38831
39018
39034
39919
40143
40365
40556
41203
41930
42112
42123
42208
42266
42281
42467
42618
42678
42698
43210
44202
44359
44433
45077
45426
45610
45899
45961
46950
47132
47293
47294
47634
47801
48309
48320
48810
48955
49423
49805
49830
50029
50054
50068
50345
50508
52267
52393
52836
53125
53127
53291
53426
53739
54318
54533
54911
54987
55180
55553
55561
55680
55992
56151
56255
57241
57316
58040
58140
58498
58549
59216
59377
60108
60462
60667
61353
61355
61955
62414
62866
63278
63430
63661
64753
65261
65358
65692
65810
67017
67576
68396
68670
69301
69661
69831
69882
71047
71339
71934
72082
72094
72280
72963
72968
73013
73246
73592
74554
74785
75242
75862
77875
77942
78912
79046
79948
80306
80438
80525
80872
81222
81571
81611
82035
82067
83167
83784
83934
84153
84526
84824
85023
85106
87021
87147
87627
87759
89049
90279
90614
91068
91210
91531
92526
93414
95222
159920
159952
162451
173001
178106
178197
239784
241010
645
666
1390
1700
2108
2274
2709
3005
3115
4721
4882
5001
5282
5573
5592
6678
7479
7942
8312
8420
8907
8911
9116
9171
9609
10230
10332
10561
11242
11332
11444
11472
11630
12049
12413
12674
12837
12996
13256
14137
14499
14628
14812
14974
15146
15472
15848
15927
16106
17059
17079
17227
17506
17745
17775
17997
18396
18547
18676
18704
18761
18864
18929
19153
19383
19570
20220
20361
20522
20730
21041
21072
21200
21259
21324
21423
21459
21515
21697
21951
22096
22405
22411
22881
22987
23233
23389
23618
23844
24188
24298
24592
25243
25621
25811
25858
25926
26229
26729
26832
27210
27625
27710
27820
28137
28742
28837
28855
29445
29510
29538
29879
30204
30280
30400
30613
30824
30959
31270
31329
31584
31725
31928
31996
33011
33125
34215
34294
34378
34383
35276
35441
35922
35953
36071
36712
36979
37232
37413
37564
37868
37886
37935
38922
39153
39467
39748
40511
40568
40638
41063
41227
41302
42617
42934
43230
43337
43976
44079
44615
44672
44995
45044
45332
45523
45852
45903
45944
46130
46474
47099
47555
48048
48076
48116
48180
48219
48394
49026
49146
49322
49801
49897
51105
51534
51880
52367
52448
52652
52960
53172
53962
54138
54333
54537
54681
54775
55217
55658
55941
58744
58824
61371
61674
62127
62327
62357
62614
62690
62934
63248
63407
63415
63766
64183
64422
64455
65373
67913
67925
68064
68312
68414
68657
68978
69015
69063
69630
70594
71017
71284
71585
71738
72012
72405
72872
73402
73660
74182
74708
74803
75469
75853
76186
76842
76954
77064
78245
79703
79789
79841
80108
80187
80321
80435
80737
81218
81528
82760
82990
84257
84362
85000
85262
85357
85557
85735
86659
86757
87952
88200
89439
89632
89639
89863
90004
90233
90801
90856
90947
91015
92002
92517
92781
95621
149851
155596
212288
220491
225505
677
855
929
2188
2832
2881
3159
3792
3890
3975
4024
4896
4912
5009
5114
5572
5776
5996
6028
6175
6253
6376
6544
7122
7281
7592
7621
7710
7853
8775
8858
9025
9567
9872
10126
10522
10551
10632
10883
10958
10981
11047
11139
11708
11980
12072
12484
12791
12945
13397
13707
13794
14669
14888
14894
14959
15515
15887
16209
16332
16376
16583
17180
17372
17374
17537
17824
17914
18288
18374
18667
18701
18847
19486
19620
19669
19894
20280
20290
20561
21359
21384
21753
22021
22471
22511
22698
22945
23077
23135
23383
23550
24090
24243
24402
24405
25039
25632
25943
26150
26366
26887
26941
27090
27580
27583
27770
27793
27869
28041
28409
28957
29144
29155
29280
29300
29313
30659
30690
30715
31215
31604
31943
32214
32298
32582
32688
32936
34238
34414
34493
34970
35313
35482
35711
35736
35960
36079
36369
36418
36948
37508
38809
39198
39303
39330
41089
41522
41778
42078
42154
42759
43197
43553
44056
44260
44314
44796
45621
45734
46203
46455
46761
47064
47128
47389
48173
48274
48940
49996
50638
52538
52611
52615
52830
53163
53458
53485
53879
54879
55024
55402
55802
55803
56111
56168
56570
56582
56738
56997
57026
57028
57658
57832
58183
58497
58722
59086
60480
60514
60526
60684
61154
61769
62112
62517
62732
63982
64231
64967
65122
65147
65252
66527
66584
66848
67061
67190
67592
67951
68278
68422
68509
68737
71914
73016
74035
75259
75270
76498
76547
77302
77353
77661
77829
77838
77881
80278
80466
80820
81615
81636
82898
82996
83004
83531
84012
84310
84963
85380
87465
87743
87960
89351
89660
90738
90878
91037
92201
92340
92706
93856
94255
94987
161361
193260
195928
115
147
1111
1252
1359
1437
1570
1604
2735
3004
3034
3363
3477
3865
4099
4320
4633
4914
4922
5387
6512
6792
6958
7287
7522
7956
8021
8843
8857
9070
9178
9838
9865
9877
9955
10635
10659
10955
11471
11580
11627
11632
11936
11950
12043
12114
12273
12347
12358
12530
12873
12898
13089
13181
13303
13563
13831
13910
14018
14051
14373
14678
14938
14957
15220
15493
15581
16169
16231
16394
16403
16477
16640
16647
16845
16880
16926
17401
17643
17967
18422
18536
18697
18754
19126
19166
19210
19313
19434
19619
19681
19908
19965
19970
20456
20457
20497
20579
20740
21490
21491
21513
21560
21566
21631
21833
22331
22476
22777
22965
23250
23532
23756
23814
23838
23946
24003
24160
24185
24206
24604
24672
24850
26033
26618
26640
26664
26759
27009
27355
27628
27872
27912
27979
28425
28606
29075
29282
29286
29852
29870
29955
30379
30389
30693
30746
31241
31319
31326
31564
31714
32258
32352
32729
33068
33229
33363
33723
33872
33894
34338
34379
35028
35076
35091
35104
35133
35560
35726
36233
36538
36670
36847
36933
37079
37306
38093
38533
38703
38712
38828
38920
39113
39150
39470
39528
39794
40406
40416
40516
40843
41354
41748
41869
42005
42497
42684
42712
42794
42843
42929
42963
43090
43540
43673
44024
44650
44877
44880
45162
45446
45670
46274
46674
46734
46808
47103
47163
47200
47931
47985
48093
48245
48636
49101
49954
49982
50390
51068
51532
51626
52140
53221
53365
53761
53800
54006
54277
54551
54556
55189
55659
56443
56896
57088
57871
57878
58391
58651
58659
59128
59690
59773
59944
60082
60370
61269
61473
63115
63421
63687
63799
64204
64649
65436
65555
65977
66166
66394
67821
67941
68426
68614
69329
69443
69761
69808
70013
70062
70206
71984
72361
72814
73576
73794
74598
75693
75699
76111
77107
77463
77565
78046
78585
79946
80345
80490
80544
81368
82975
83765
84943
85286
85449
85625
85804
85977
86006
86657
87208
87361
87546
87630
87887
88834
88888
88990
89207
90035
90223
90551
90863
91467
91759
92869
93657
94717
95521
157478
159751
172299
177855
195753
243993
253
1023
1894
3020
3253
3297
3761
3769
3859
4130
4209
4461
4651
5371
5814
5895
6242
6314
6382
6395
6630
6638
6692
6871
7070
7153
8195
8197
8642
8927
9148
9613
10308
10402
10591
10947
11076
11706
11959
11984
12322
12450
12488
12554
12561
13088
13456
13489
13810
13830
14287
14689
15176
15489
15706
15736
15981
16128
16315
16349
16740
16756
16825
16856
16986
17298
17332
17549
18156
18524
18592
18700
19390
19646
19811
20009
20046
20129
20178
20218
20495
20610
20751
21707
21840
23971
23995
24105
24117
24237
24255
24727
25665
25737
25766
25814
26031
26711
26841
26988
27111
27132
27251
27512
27517
28531
28924
29637
29965
30056
30179
30703
31011
31344
31553
31967
31986
32230
32314
32388
32395
32809
33585
33799
33813
34276
34802
34919
35682
35841
36014
36143
36503
36799
37093
37908
38002
38799
38888
38989
39080
40372
40400
40571
40951
41353
41426
41702
41902
42346
43020
43127
43445
43617
44213
44239
44447
45437
45687
45828
46366
46417
46825
46916
47013
47147
47303
48668
48866
49051
49238
49320
49779
49817
49861
50012
50317
50529
50539
51118
51516
51902
52059
52848
53293
53951
54844
55707
55730
55798
56114
57829
59328
59561
60004
60257
60333
60517
60568
60623
60777
61128
61646
61649
62214
62342
62873
63647
63681
63745
64394
64894
65686
66267
66522
66633
67010
67023
67699
68068
68376
69851
70618
70679
70787
71008
72604
72781
73930
74363
74443
75237
76230
76281
77184
77930
78053
78847
79084
79207
79319
79585
79706
80837
81204
82168
82269
82553
82886
83208
84969
85343
85416
85776
87423
87672
88833
89773
90027
92361
93000
94501
94782
95032
95429
95449
177228
191553
205774
211178
220885
232448
234641
105
111
243
862
1093
1492
1789
2970
3339
3690
3734
4259
4622
4664
4837
4854
5151
5763
6515
6661
6766
6796
6802
6931
7399
7588
7815
7843
7902
8055
8065
8253
8266
8357
8475
8502
8510
8941
9310
9318
9457
9716
9817
10038
10791
10878
10982
11155
11238
11284
11439
11944
12200
12376
12685
12747
12776
12800
12830
12973
13047
13339
13480
13583
13793
13860
14134
14204
14382
14732
15208
15490
15638
15677
15832
16069
16107
16150
16749
16773
16819
17429
17633
17794
17868
18028
18315
18401
19083
19555
19673
19821
19888
20297
20496
21138
21398
21798
21909
22010
22031
22041
22830
22926
23015
23196
23235
23482
23547
23743
23752
24189
24293
24312
24434
24520
24547
24715
25012
25140
25823
26468
26737
26762
26905
27051
27134
27175
27317
27593
27618
27672
27882
28110
28131
28605
28746
28875
28983
29905
29913
30438
31157
31575
31861
32102
32497
32892
33312
33729
33801
34386
34504
34646
34708
34741
34752
35161
35894
36025
36125
36569
36805
37334
37363
38790
38830
38878
39095
39444
40581
40832
40906
40982
41405
41515
41744
42015
42166
42359
42548
42689
42739
42889
43196
43413
43449
44010
45112
45304
45481
45834
45930
46073
46299
46898
47214
47683
47692
47897
48351
48493
49401
50175
51672
51985
52046
52417
52483
52490
52636
53101
54262
54293
55224
55308
55432
55722
56067
56335
56577
56749
57468
57710
57953
58540
58587
58925
58995
60062
60605
60810
60947
60960
61075
61123
61879
62626
63175
63380
63605
64044
64484
64485
64600
64746
65967
66307
66443
66577
66812
67072
67087
67291
68262
68395
68745
69006
69298
69499
69772
70680
70768
71742
71761
72020
72504
72815
72840
72877
73566
73828
74643
74808
75054
75203
77051
77190
77474
78913
78952
79210
79388
79567
79869
80100
80149
80354
81562
81680
82000
82151
82348
82529
83749
83971
84239
84338
84806
84862
85156
85576
85813
85993
86134
86201
86308
86365
86646
86702
86730
86830
87006
87287
87547
87680
88351
89127
89187
89848
89876
90100
90585
91954
92121
92316
93763
94123
94440
94480
94503
95199
95392
95464
95610
95659
153779
174505
201113
215579
219055
236362
246561
749
1213
1699
2489
2946
2975
3099
3204
3209
3329
3346
3373
3694
4171
4176
4401
4539
4550
4839
4846
4959
5636
5900
5984
6658
6943
7023
7460
7516
7564
7581
7811
7984
8178
8391
8619
9342
9423
9430
9483
9486
9564
9780
10170
10193
10270
10415
10510
10532
10682
10706
11075
11114
11239
11448
11718
11760
11761
11768
11842
11926
12183
12455
12457
12671
12743
12967
13186
13267
13310
13379
13411
13554
13706
14144
14649
14744
14887
15179
15297
15512
15566
15775
15794
16258
16519
16528
16552
16668
16871
17024
17266
17454
17455
17752
17890
18304
19055
19146
19155
19510
19689
20028
20470
20598
20659
20736
20765
20856
21383
21496
21606
21701
21873
22061
22432
22496
22523
22701
22854
23399
23408
23626
23637
23644
24095
24122
24596
24792
24814
25216
25411
25466
26129
26957
26978
26982
27479
28243
28244
28343
28692
28931
29044
29404
29468
29561
29629
30029
30287
30490
30738
30777
30929
31090
31123
31276
31946
32073
32083
32171
34139
34154
34277
34419
34492
34644
35096
35265
35758
35836
36412
36599
36882
36976
37212
38004
38224
38611
38697
38985
39043
39318
39365
39644
39746
39842
40066
40068
40303
40757
40800
40857
40884
40900
41055
41221
41259
41333
41513
41563
41579
42431
43065
43375
43417
43462
43615
43762
43923
43939
44041
44307
44312
44349
44702
44713
44761
44967
45362
45472
45507
45549
45950
46055
46306
46484
46723
47022
47338
47394
47974
47976
48066
48141
48243
48755
48870
49017
49029
49845
50046
50311
50640
51171
51953
52357
52654
53033
53897
53929
54411
54778
54889
56214
56236
56484
56667
56696
57293
57360
58302
59177
59718
59780
60099
60427
60846
61898
61934
61995
62140
62346
62533
62756
63006
63086
63885
64191
64557
64635
64761
65021
65103
65227
65356
66316
67016
67590
67752
67885
68680
68810
69231
69569
69585
69612
70019
70429
71396
71875
71968
72288
73760
74417
74551
74816
75290
76303
76389
76660
77165
77444
77939
78165
78685
78868
79442
79790
79881
79949
80729
81427
81860
82311
82337
82848
82879
83347
83639
84589
85249
85383
85505
86806
87443
87663
88356
88723
88744
89031
89046
89321
89630
90641
90654
90758
91190
91232
92055
92178
93975
95122
95215
95276
161408
171961
197294
202241
229248
248045
555
1055
1462
1645
1972
2028
2038
2524
3205
3554
4236
4251
4256
4297
4420
4607
4776
5207
5349
5785
5963
6067
6173
7150
7206
7241
7328
7398
7676
7696
7737
8638
8817
8888
8961
9015
9394
9587
10147
10409
10412
10521
10620
11032
11124
11386
11527
11631
11820
11954
11967
12022
12267
12270
12398
12418
12716
13051
13569
13584
13717
13832
14152
14562
14657
14750
14958
15265
15306
15387
15609
15619
15650
15842
15938
16147
16155
16466
16712
17091
17254
17292
17568
17884
18238
18382
18724
18797
19248
19249
19592
19800
20158
20424
20499
20758
20939
20956
21033
21329
21388
21571
21759
21861
21894
22643
22794
22897
22986
23006
23144
23265
23297
23822
24027
24158
24275
24341
24651
24708
24787
24917
25082
25299
25562
25807
25847
25912
26237
26326
26351
26930
27079
27252
27768
27811
28498
28686
29263
29269
29616
29659
29808
29845
29972
29980
30184
30622
30737
30842
30871
30907
32035
32235
32281
32341
32379
32639
32863
32924
33357
33742
33832
33886
34209
34217
34287
34779
34797
34966
35607
35886
35945
36454
36487
36737
36742
36850
37057
37395
37438
37459
37488
37763
37797
37896
37989
38278
38366
38610
39250
39332
39680
39716
39743
39930
39943
40053
40212
40969
41065
41132
41559
41663
42349
42926
42950
43267
43393
43451
43654
43717
43908
43915
44396
44614
44777
45016
45059
45708
46121
46226
46634
46772
47092
47288
47511
47800
47964
48150
48387
49461
49477
49686
49893
49967
50009
50151
50329
50358
50470
50500
50698
51067
51400
51716
51728
52422
52496
53174
53378
53415
53707
53781
53797
54175
54712
54768
54965
55003
55020
55074
56234
56640
56911
57014
57131
57151
57215
57708
57922
58523
59467
59476
59853
60025
60420
60453
60897
61178
61374
62179
62272
62584
62719
62824
63285
63548
63702
63779
64335
64362
64415
64696
64804
64808
65006
66282
66680
66783
67575
68766
69142
69561
69795
69876
70159
70561
70637
70800
71274
71676
72340
72661
73499
73860
74152
74457
74498
74556
75025
75339
75652
75711
76289
76612
76641
76709
76762
76907
77030
77830
78479
79724
80025
80222
80763
80800
81406
81459
81714
82124
82220
83131
83685
83762
84086
84106
84796
85254
85322
85674
86074
86115
86184
86342
86354
86378
86477
87155
88803
89504
89561
90273
91600
91850
91983
92254
93167
93225
93249
94259
94725
94781
95074
159305
163200
168977
173971
175070
189800
207461
214932
95
792
952
1539
2473
2616
3113
3153
3182
3490
3991
4554
4593
5345
5526
5761
6013
6520
6684
7043
7200
7514
8230
8338
8565
8696
9059
9119
9397
9535
9924
10107
10190
10725
10752
10768
10972
11008
11065
11131
11145
11349
11388
11419
11764
12009
12353
12646
12959
13021
13378
13391
13399
13791
13806
13827
14088
14256
14292
14341
14537
15083
15505
15831
15894
16099
16404
16411
16610
16860
17150
17249
17829
18391
18816
19048
19137
19211
19389
19429
20026
20032
20114
20191
20321
20427
20519
20862
21095
21229
21236
21639
21908
21956
22032
22232
22254
22266
22275
22427
22483
22621
22731
23092
23124
23294
23464
23723
23878
24251
24280
24390
24546
24870
25142
25276
25349
25646
26158
26179
26188
26278
26651
27091
27129
27551
27552
27568
27661
28120
28449
28539
28624
28682
28689
28874
29109
29212
29569
29611
29820
29867
30154
30396
30944
31354
31701
31881
31891
31920
32075
32084
32323
32770
33479
33544
34229
34317
34526
34618
34956
34991
36086
36188
36587
36981
37774
38059
38061
38208
38647
39003
39103
39110
39286
39313
40489
40608
41017
41385
41487
41814
41848
42095
42727
42938
43078
43367
43415
43476
43497
43640
44301
44318
44402
44575
45209
45817
46206
46396
46997
47040
47512
47654
47812
47984
48187
48310
49427
50053
50057
50154
50330
50642
50717
50914
51070
51371
51563
51730
51887
51964
52713
52733
53235
53591
53772
54003
54171
54528
54827
54883
55173
55677
55689
56369
56385
56451
56761
56952
57264
57844
57887
58086
58272
58959
58972
59359
59429
59489
59600
59736
59903
59920
60116
60234
60617
60631
61566
61782
62566
62620
62680
62686
62835
63350
64040
64086
64155
64264
64316
64475
64676
64683
66338
66713
66969
67651
67872
68827
69167
69274
69805
69825
70284
70376
70457
70507
70760
70884
71033
71075
71257
71463
71661
71783
72312
72350
72474
72510
73314
73682
74567
74724
75118
75122
75329
75490
76184
76627
77393
77923
79301
79520
79538
80118
80513
80720
80897
81066
81474
81987
82470
82555
82613
83017
84748
85054
85365
85389
85723
85798
86468
86544
87284
87412
87683
87933
88341
88753
88912
89330
89486
89541
90222
91051
92194
92231
92967
94065
94184
94198
94817
94953
152276
155029
164488
166941
173479
187353
196369
205011
208555
209565
223432
104
239
2810
3087
3783
4389
4552
4580
5496
5548
5655
6442
6477
6695
6724
6775
7091
7132
7239
7355
7401
7909
8185
8336
8498
8586
8811
9024
9451
10301
10315
10387
10715
10852
10858
11027
11334
11536
11670
12054
12135
12456
12917
13788
14041
14089
14220
14397
14403
14515
14680
15063
15086
15161
15178
15209
15407
15441
15466
15918
15980
16183
16734
16741
16817
17197
17334
17355
17393
18032
18139
18209
18462
18554
18796
19086
19275
19393
19535
19726
19857
20472
20523
20596
20664
20742
21079
21397
21672
21887
22072
22131
22139
22393
22970
23728
23794
23845
24002
24320
24512
24513
24574
24589
25078
25215
25561
25764
26056
26321
26812
26875
27280
27445
27491
27781
27837
28011
29059
29172
29619
29736
29929
29977
30039
30084
30145
30264
30308
30377
30508
30826
30915
31158
31340
31403
31747
31965
32228
32299
32369
32521
32757
32873
32948
32969
33111
33112
33692
33694
33753
34066
34201
34638
34639
34651
34859
34894
35118
35257
35269
35340
35824
36241
36323
36334
36347
37091
37171
37241
37655
37662
37887
37892
38094
38532
38607
38705
39163
39755
40012
40028
40031
40077
40259
40399
40450
40854
41143
41478
42096
42125
42451
42501
42593
43560
43807
43882
44254
44266
44298
44593
44684
44975
45440
45877
46211
46462
46663
46774
46776
46781
46783
46852
47154
47157
47353
47471
47819
48057
48092
48191
48645
48877
48921
48952
49064
49533
49798
50073
50934
51168
51192
51272
51344
51850
51973
52118
52470
53115
53119
53177
53216
53736
54219
54569
55006
55334
55530
56144
56346
56356
56573
57020
57048
57087
57310
57415
57539
57540
58084
58169
58514
58622
58699
59064
59383
59975
60192
60200
62078
62420
63062
63933
64749
64778
64840
65085
65771
65990
66440
66936
67042
67143
67292
68053
68298
68438
68918
69095
69308
69940
70938
70981
71621
71715
72172
72691
73093
73130
73456
73601
73779
74649
74756
75035
75058
75425
76151
76356
76639
76760
76818
77198
77402
78183
78375
79118
79531
80117
80393
80454
80654
81119
81448
82135
82323
82446
82731
83123
83465
83516
84109
84425
84544
85373
85377
85831
86985
86986
87302
87993
88299
88623
88969
89113
89536
89707
90598
90922
91240
91704
92506
92927
93122
93142
93571
93778
94323
94445
94540
94800
94882
95113
95472
158511
159959
163144
165577
188280
190401
195820
196566
204292
207678
220355
226310
230638
231971
237818
1298
1668
2221
2580
2608
2917
3280
3448
3739
4902
5382
5603
5971
6106
6839
6927
6934
7159
7337
7667
7756
7849
7880
8088
8121
8201
8643
8748
8784
8834
9143
9314
9330
9411
9438
10063
10135
10348
10376
10430
10644
10720
11210
11455
11470
11560
11884
11942
13079
13166
13307
13529
13651
14043
14065
14219
14225
14286
14470
14526
14972
15039
15052
15341
15347
15454
15596
15667
15740
15845
16733
17080
17153
17573
17962
18264
18475
18598
18752
18992
19023
19402
19411
19446
19575
19657
19690
19887
20162
20314
20699
20744
20975
21088
21090
21367
21504
21529
21558
21649
21666
22057
22361
22599
23049
23061
23143
23221
23400
23468
23886
23936
24305
24314
24635
24783
24801
24857
24915
25161
25224
25742
26133
26285
26482
26531
26566
26802
26920
27054
27321
27400
27879
27930
28066
28596
28714
29204
29531
29794
29801
30191
30246
30539
30895
31065
31379
31558
31616
31629
31932
32469
32612
32637
32653
32665
33005
33196
33261
33416
33687
33756
34047
34136
34395
34685
35399
35492
35630
35698
35896
36139
36666
36897
36965
37200
37657
37732
38402
38454
38556
38686
38868
38928
39047
39067
39515
39874
39880
40200
40336
40569
40584
41266
41289
41322
41509
41667
41777
41813
41824
42471
42498
42564
42651
42742
43405
43478
43483
43815
44157
44258
44723
44934
45202
45205
45487
45521
46036
46362
46453
46656
47216
47339
47591
48950
49296
49705
49860
49906
49975
50114
50382
50477
50665
50679
50686
50705
50713
51180
51469
51845
52028
52065
52183
52429
52440
53406
53527
53635
53980
54808
54971
55141
55271
55298
55299
55423
55771
55953
56359
56513
56739
56936
56998
57056
57200
57303
57819
57825
57976
58672
59227
59326
59422
59907
60465
61624
61774
61993
62076
62780
63056
63281
63366
64663
64811
65173
65516
65826
66268
66583
67133
67287
67654
67701
67920
68005
68437
68872
68890
69249
69577
69937
70692
70984
71214
71230
71940
72265
73174
73669
73744
73897
74800
74830
75528
76195
76773
76862
76867
77026
77047
77496
78365
78744
79651
79700
79731
79840
81281
82698
83006
83545
84107
84274
85105
85188
87160
87171
87419
87871
88025
88318
88325
88355
88870
89266
89508
89794
90044
91557
91614
91618
92031
92410
92438
92488
92510
92564
93141
94639
95286
95361
95489
160153
173464
182262
187623
209188
211271
228701
241856
243417
109
702
1376
1624
2140
2780
2869
3014
3142
3372
3671
4315
4385
4665
4675
4797
4931
5088
5243
5432
5731
5930
6642
7162
7482
7582
8042
8199
8302
8813
9447
9619
9648
9654
9710
9786
9832
9902
10192
10201
10701
10775
10818
11195
11306
12109
12422
12813
12820
13022
13098
13295
13337
13575
13594
13848
14100
14258
14426
14752
14798
15096
15160
15186
15383
15494
16463
16524
16787
17244
17349
17438
17737
17793
17918
18031
18048
18491
18756
18895
19064
19317
19490
20001
20225
20295
20768
20848
21014
21172
21291
21483
22307
22477
22718
22947
23010
23139
23184
23302
23325
23415
23430
23596
23744
23806
23864
23978
24012
24230
24291
24398
25025
25073
25229
25849
25940
26507
26547
26716
27072
27398
27469
27506
27560
27601
27749
27756
28054
28062
28223
28321
28459
28732
29130
29499
29505
29597
29780
30079
30155
30593
30728
30899
30960
31051
31233
31342
31855
31896
32202
32462
32607
32670
32699
32861
33045
33088
33206
33441
33669
33680
33718
33936
34352
34714
34860
35275
35395
35418
35444
35647
35657
35661
35923
36011
36038
36053
36176
36275
36537
36586
36885
37013
37041
37070
37177
37447
37604
38250
38908
38931
39421
39424
39922
39998
40086
40199
40236
40648
40758
40777
41916
41922
42474
42493
42771
43001
43075
43595
43983
44444
44591
44592
45058
46096
46549
46702
47082
47131
47585
47619
47650
48011
48193
48382
48440
48473
48481
48793
48805
48906
49024
49329
49564
50651
50817
50935
51081
51323
51464
51690
51875
52369
52436
52481
53318
53343
53386
53617
53757
53971
53987
54044
54051
54431
54654
54868
54935
56166
56293
56551
57254
57449
57482
57528
57625
57916
58172
58602
58696
58725
59204
59281
59291
59671
59678
60256
60620
60776
60829
61985
62262
62700
62865
62992
63090
63276
63951
64102
64162
64235
64981
65410
65654
65690
65763
65903
66013
66079
66314
66428
66429
66431
66437
66728
67169
67174
67200
67257
67356
67586
67724
67772
67949
68300
68323
68698
68716
69354
69413
69429
69622
69784
70144
70222
70236
70381
70401
70874
71440
72108
72396
72749
73180
73356
73520
73676
73909
75151
75505
76026
76548
76650
77043
77101
77542
78196
78258
78328
78514
78667
78741
78782
79584
79631
79752
80838
81085
81264
81580
81924
82017
82216
83168
83445
83673
83896
84245
84540
84548
85418
85467
85469
85565
85832
86095
87030
87529
87574
88034
88172
88377
88718
89653
89922
90500
90996
91026
91070
91094
91332
91505
91554
92997
93001
93352
94684
95219
95328
95637
155288
169614
171893
175736
186906
196057
218567
232170
235190
236022
236927
242211
97
224
1294
1372
1415
1585
1600
1601
1790
2169
2644
2808
3028
3227
3327
3590
4267
4376
4585
5680
5727
5922
6400
6701
6806
6911
7424
7442
7519
8095
8172
8634
8737
8861
9931
10008
10531
10889
10967
11021
11285
11327
11474
11710
12006
12084
12099
12128
12412
12416
12491
12557
12665
12951
13041
13106
13214
13261
13506
13557
13775
13913
14585
14594
14598
14630
14860
15727
15769
15776
15855
15991
16148
16149
16414
16664
16885
17096
17500
17588
17648
17956
18040
18201
18370
18452
18457
18528
18631
18934
19142
19387
20015
20405
20453
20636
21703
21721
21906
21919
22022
22217
22227
22630
22645
22953
23332
23395
23475
23764
23772
23851
23883
23996
24056
24301
24487
24684
24821
24861
25054
25535
25782
25790
26006
26248
27006
27223
27229
27428
27499
27615
27819
27823
27910
28073
28482
28519
28909
28941
29396
29621
29770
30053
30153
30303
30648
30823
31068
31502
31566
31884
32188
32250
32294
32343
32843
32856
32939
33062
33331
34490
34507
34628
34645
34727
34750
35941
36285
36350
36671
36699
37800
37801
37932
38131
38673
38731
38872
39215
39254
39450
39778
39801
39818
40124
40837
41040
41046
41115
41878
42256
42641
42760
42803
43105
43266
43329
43755
43994
44018
44096
44119
44733
45012
45079
45109
45854
46041
46276
46293
46374
46402
47020
47277
47285
47404
47587
47728
47880
48179
48250
48330
48621
48750
48784
48886
48997
49572
49633
49649
50169
50350
50726
50893
51343
51381
51433
51572
51657
51733
52089
52186
52338
52858
53244
53573
54030
54546
54953
55161
55450
55883
55972
56140
56315
56571
56787
56805
57000
57024
57267
57351
57590
57736
57753
57835
58926
58996
59048
59307
59385
59507
59695
60286
60532
60889
60939
60967
60974
61068
61205
61551
61735
62162
62918
62957
63998
64229
64382
65132
65372
65455
65471
65728
65731
65863
66413
66636
66929
67476
67759
67908
68144
68421
68907
69363
69581
69744
69789
70023
70505
70807
71128
71653
71784
71857
71925
71959
71963
72338
72649
72709
73078
73269
73638
73723
74391
74403
74689
75196
75307
75463
75593
75941
76588
77420
77541
78379
78601
79327
79744
80291
80589
80722
82024
82139
83241
83671
83717
84172
84435
84681
85186
85280
85627
85669
85992
86043
86047
86372
86674
87214
87242
87442
87886
88216
88224
88943
89218
89633
89676
89854
90052
90508
90595
90657
90879
91087
91189
92376
93738
93798
94722
95320
151188
164927
166785
169575
173602
195115
223651
223946
230895
233622
236791
238044
244845
116
1309
1649
2365
2453
3292
4057
4822
4926
4951
4998
5204
5554
5756
5864
6021
6152
6271
6425
6448
6532
6534
6578
6739
6876
7366
7377
7394
7619
7659
7747
8150
8275
8329
8950
9203
9234
9282
9383
9553
9670
9835
10073
10437
10873
11060
11119
11267
11873
12079
12151
12409
12686
12780
13068
13141
13690
13840
13943
14149
14375
14395
14558
14580
14600
14621
14736
14770
15381
15414
15495
15651
15987
16034
16042
16138
16385
16482
16590
16598
16622
16685
16737
16788
17061
17480
17487
17524
17567
17768
17844
18071
18157
18198
18265
18610
18675
19030
19216
19225
19355
19717
19863
19883
20101
20147
20370
20966
21004
21040
21188
21255
21394
21489
21991
22127
22280
22515
22707
22941
23218
23317
23603
23700
23823
23897
24036
24322
24339
24626
24659
24753
25207
25307
25518
25522
25693
25725
25927
26049
26311
26546
27292
27557
27665
28161
28227
28444
28544
28622
28633
28676
28849
28995
29063
29302
29355
29463
29763
29824
30127
30292
30399
30582
30632
30699
30764
30941
31058
31509
31769
32116
32137
32169
32491
32673
32802
32842
32895
32985
33119
33301
33337
33724
33839
33960
33987
34661
34707
34722
34893
35095
35184
35231
35280
35472
35848
35932
36015
36179
36927
36975
37037
37174
37829
38450
38896
38953
38972
39238
39440
39499
39664
39836
40001
40197
40464
40610
40986
41010
41096
41125
41440
41529
41556
41866
41929
42416
42453
42530
42615
42644
42664
42688
43179
43219
43426
43470
43580
43959
43960
44768
44819
45142
45174
45392
45674
46360
47551
47864
48185
48265
48881
49141
49895
50113
50124
50335
50462
51185
51357
51465
51765
52167
52354
52605
52616
52721
52731
53190
53230
53604
53733
53959
54116
54782
54894
55274
55451
56243
56542
56919
57149
57152
57909
57998
58532
58616
58860
58910
59668
59749
60714
60915
61522
62312
62916
63135
63222
63230
63352
63718
64063
64089
64489
64679
65198
65254
65317
65475
65677
65777
65812
65906
66225
66244
66263
66771
66856
67214
67608
68066
68569
68624
68923
69009
69110
69239
69343
69840
70095
70653
70842
70848
71163
71217
72053
72133
72833
73335
73414
73620
74404
74553
74670
74768
74936
75656
75789
75793
76029
76079
76640
77735
77947
77961
78008
78119
78142
78580
78643
78738
78956
78991
79044
79307
79424
79547
82686
82802
82816
82935
83175
83332
83517
83650
84363
84488
84558
84571
84736
85042
85061
85101
85187
85501
85549
85657
85958
85991
86034
87157
87195
87444
87533
87706
88091
88217
88336
88456
88782
89002
89064
89155
89175
89274
89637
89657
90354
90651
91264
91388
92737
93244
93885
94252
94433
94568
94963
95259
95466
150310
155625
160789
165643
165936
175762
181054
181376
181819
186226
192639
201069
214679
228393
576
2351
2642
2755
3094
3097
3210
3534
3617
3744
3908
4510
4512
4514
4517
4571
5385
6091
6172
6174
6453
7118
7271
7325
7437
7531
7656
7665
7684
7719
7844
7939
7985
8490
8579
8801
8822
8999
9280
9426
9510
9540
9554
9583
9793
9980
10010
10023
10080
10261
10366
10428
10560
10747
10840
10843
11160
11699
11905
11917
11952
12106
12218
12453
12540
12601
12682
12976
12998
13023
13269
13376
13386
13652
13771
13936
14015
14023
14217
14297
14318
14320
14378
14549
15042
15242
15285
15294
15463
15878
15939
16029
16282
16356
16491
16570
16830
17094
17155
17309
17370
17494
17735
17776
17803
17963
18103
18128
18131
18392
18487
18545
18594
19141
19183
20085
20194
20442
20567
20752
20882
21211
21457
21607
21734
21848
21947
22020
22034
22048
22137
22228
22387
22412
22493
22502
22678
22715
22773
22797
22933
23507
23620
23868
23938
24011
24204
24208
24562
24702
24721
24875
24943
25027
25033
25317
25387
25812
25979
26060
26293
26312
26684
26723
27138
27337
27407
27602
27664
27777
27807
27840
27996
28072
28151
28285
28435
29093
29666
29686
30111
30182
30547
30586
30827
31075
31244
31530
31581
31606
31692
31846
31923
31970
32023
32564
32595
32616
33061
33072
33326
33349
33424
33744
33815
34026
34171
34413
34422
34600
34641
34663
34693
34744
34825
35036
35537
35539
35613
35633
35669
35733
35737
35761
35826
36256
36314
36415
36546
36834
36990
37062
37138
37312
37552
37681
37848
37866
37890
37897
38073
39044
39066
39132
39226
39270
39275
39545
39577
39616
39663
39783
39961
40148
40309
40514
40722
40876
40937
41273
41291
41637
42100
42206
42384
42473
42676
43544
43781
43804
44052
44053
44246
44321
44337
44665
44748
44820
45019
45048
45210
45271
45542
45583
45823
45896
46048
46235
46237
46255
46466
47034
47045
47246
47422
47452
47567
47624
48110
48118
48130
48341
48462
48774
48812
48821
48912
49120
49142
49632
49902
49913
50215
50461
50681
50693
50715
50830
50959
51569
51802
52117
52188
52400
53284
53326
53639
53872
53877
53966
54114
54656
55163
55516
55543
55812
55825
56024
56250
56299
56388
56652
57201
57418
57555
57928
58267
58414
58522
58606
58723
59294
59761
59763
59785
59829
60027
60102
60238
60296
60428
60537
60628
61379
61495
61527
62073
62317
62900
62905
63125
63591
63598
64075
64748
64829
65929
66233
66349
66424
66454
66683
66939
67308
67334
67739
68213
68359
68386
68763
68790
68801
68926
69277
69375
70212
70244
70338
70439
70574
70644
71295
71406
71659
72043
72122
73355
73613
74660
75266
75267
75305
75341
75605
75842
75900
76129
76504
76707
76741
76802
77104
77352
77632
77653
78054
78279
78704
78767
78858
79052
79091
79141
79154
79245
79336
79478
79556
80238
80724
80963
81027
81211
81380
81382
81688
81718
81810
81903
81908
81968
81984
82279
82568
82651
83185
83647
83668
83792
83803
83917
84416
84678
85354
85529
85938
85994
86789
87089
87528
87628
87778
87849
87962
88098
88243
88689
88722
89179
89288
89462
89899
90108
90187
90690
90741
91553
91690
91993
92561
92646
92811
94170
94679
95518
95535
153196
159182
162470
174628
191396
208522
211173
216896
222018
230729
232735
238553
240258
247
718
1115
1389
1454
1885
2178
2463
2868
3415
3770
3821
3879
4150
4504
4594
4605
4693
4704
4783
5094
5108
5544
5782
5905
6094
6137
6458
6567
6624
6872
6874
6877
6953
7695
7808
8049
8319
8375
8432
8703
9000
9293
9298
9484
9548
9569
9726
9778
9965
10040
10120
10267
10543
10948
10976
11019
11038
11141
11149
11190
11459
11495
11551
11629
11737
11757
12153
12307
12325
12335
12367
12471
12637
12713
12746
13062
13111
13212
13271
13396
13417
14073
14097
14369
14447
14450
14485
14848
14984
15044
15106
15116
15374
15379
15426
15542
15557
15751
15820
15888
15946
16017
16051
16115
16251
16290
16420
16429
16476
16500
16623
16694
17077
17253
17257
17519
17620
17662
17751
18282
18614
18627
19348
19559
19604
19808
19829
19911
20153
20227
20439
20510
20542
20675
20747
20951
21078
21107
21434
21912
22052
22257
22335
22536
22636
22747
22876
22994
23161
23392
23506
23665
23689
23698
23705
23904
23922
24051
24084
24177
24183
24262
24488
24500
24560
24622
24662
24891
25155
25188
25704
25852
26017
26180
26353
26358
26634
26686
26795
26857
26912
27102
27153
27155
27273
27346
27412
27639
27688
27898
27965
28112
28171
28183
28377
28384
28677
28766
28887
28905
29131
29284
29450
29506
29563
30043
30106
30573
30674
30704
31327
31466
31662
31667
31841
32243
32321
32330
32445
32484
32549
32735
32760
32799
33074
33354
33425
33745
33769
33837
34409
34410
34439
34529
34535
34683
34731
34863
34937
35059
35073
36061
36189
36439
36687
36688
36865
36898
36901
36986
37255
37271
37731
38023
38075
38285
38314
38455
38545
38594
38653
38839
38860
38964
38975
39393
39441
39456
39744
39751
39982
40055
40072
40111
40593
40844
40984
41027
41211
41213
41267
41309
41395
41660
41726
41787
41807
41992
42270
42960
43129
43173
43207
43386
43460
43500
43517
43782
44196
44399
44477
44596
44846
45072
45132
45495
45613
45632
45684
45975
45996
46029
46139
46150
46870
47383
47517
47542
47709
47717
47856
47973
48166
48235
48412
48549
48891
49309
49348
49876
50450
50690
50807
50998
51013
51151
51221
51392
51527
52112
52401
52603
53070
53114
53132
53228
53410
54260
54266
54324
54458
54564
54582
54625
55150
55153
55170
55251
55738
55804
55948
56240
56438
56611
57269
57417
57465
57510
57648
57674
57785
58419
58428
58436
58698
58790
58941
59047
59066
59273
59310
59549
59630
59665
59957
60243
60359
60580
60665
60917
61125
61153
61458
61779
61795
62089
62111
62198
62234
62469
62499
62605
63165
63401
63412
63498
63499
63501
63788
63929
64080
64368
64434
64456
64483
64560
64772
64799
64875
64992
65013
65070
65531
65676
65798
66053
66221
66449
66575
66772
67552
67646
68001
68125
68241
68297
68310
68573
69186
69385
69421
69728
70326
70565
70620
71296
71334
71903
72324
72369
72451
72483
72518
72896
72938
72998
73117
73245
73273
73693
74444
74504
74778
75243
75328
75994
76016
76538
76563
76833
77385
77440
77711
77777
77862
78407
78542
78719
78848
79104
79306
79484
79551
79677
79742
80042
80212
80397
80406
80619
81349
81357
82041
82206
82712
82773
82850
82892
83197
83352
83444
83652
83683
83714
84619
84625
84818
84823
84851
84889
84905
85076
85366
85920
85957
86447
86724
86951
87416
88340
88374
88401
88449
88770
88884
89117
89480
89622
89784
89933
90364
90437
91833
92053
92415
92498
92775
92855
93006
93045
93139
93408
93630
93830
94155
94835
94854
95295
95580
166517
174952
176972
183063
187688
189476
191839
197455
203810
204509
205228
226771
227916
232045
233671
233786
233969
242332
98
603
1339
1776
2008
2296
3207
3747
3801
4123
4427
4737
4781
4784
5090
5459
5723
5869
5988
6255
6573
6634
6787
6826
7009
7220
7521
7931
8045
8455
8462
8716
8759
9112
9466
9472
9545
9623
9700
9827
9957
10105
10179
10268
10557
10771
10949
10950
11077
11206
11207
11389
11398
11592
11669
11758
11890
11981
12042
12139
12201
12246
12320
12352
12400
12432
12466
12731
13075
13242
13255
13416
13740
13752
13825
13989
14050
14205
14236
14248
14281
14328
14444
14458
14771
14854
14859
14964
15119
15470
15506
15592
16048
16272
17081
17101
17251
17314
17453
17502
17563
17628
17700
18063
18194
18250
18309
18323
18522
18606
18626
18867
19079
19177
19346
19590
19693
19730
19778
20071
20130
20337
20394
20814
20929
20942
21280
21530
21787
21805
21883
22062
22112
22339
22416
22484
22596
22697
22942
23080
23529
23555
23583
23690
23818
23830
23874
23876
23900
23927
23944
24041
24247
24321
24967
24976
25015
25077
25101
25218
25389
25433
25458
25626
25655
25794
25803
25818
25830
25949
25970
26255
26291
26295
26378
26390
26526
26860
27032
27066
27139
27344
27381
27395
27786
27865
27964
28265
28278
28589
28617
28619
28684
28952
29097
29243
29384
29523
29840
29899
30148
30251
30719
30857
30900
30931
31057
31193
31239
31720
31723
31835
31875
31957
32104
32269
32389
32425
32475
32477
32655
32759
32788
32800
32915
33024
33406
33510
33613
33853
34001
34074
34077
34167
34254
34315
34455
34545
34648
34887
35238
35286
35294
35359
35425
35511
35767
35783
35806
35868
36046
36091
36343
36363
36427
36556
36765
36908
37024
37616
37653
37823
38091
38654
39244
39309
39840
39951
40198
40381
40405
40471
40696
40851
40918
40929
41122
41452
41460
41547
42052
42380
42594
42696
43430
43471
43484
43692
43735
44031
44216
44369
44422
44533
44671
44872
45005
45247
45279
45349
45415
45971
46000
46020
46247
46307
46370
46372
46660
46726
46881
47141
47286
47473
47957
48029
48230
48453
48489
48652
49253
49305
49334
49523
49999
50082
50263
50366
50604
50751
50854
50932
51008
51255
51491
51554
52123
52227
52309
52339
52754
52916
52949
53049
53385
53439
53463
53547
53740
53985
54076
54091
54980
55058
55362
55985
56039
56064
56108
56291
56292
56489
56552
56627
56727
57358
57570
57598
57642
57653
57920
57980
58042
58162
58163
58191
58364
58388
58803
59175
59349
59411
59524
59712
59732
59912
59915
60535
60581
60946
60999
61107
61310
61583
61659
61764
61885
62051
63091
63360
63809
64138
64160
64227
64360
64454
64985
65100
65119
65274
65635
65666
65691
65905
66064
66141
66376
66805
66923
67279
67441
67503
68044
68397
68567
68648
69058
69061
69190
69285
69416
69886
69920
70106
70701
71147
71424
71496
71680
72026
72341
72472
72869
72888
72898
73275
73345
73387
73416
73441
73610
73665
73850
74221
74383
74894
74992
75244
75380
75807
76025
76223
76395
76419
76615
76800
76805
76940
77140
77178
77322
77539
77703
77860
78168
78417
79342
79837
79886
80317
80574
80993
81025
81929
82715
82732
83127
83440
83484
83678
83846
83918
83929
84280
84432
84502
85605
85889
85984
86546
86909
86923
87311
88092
88466
88484
88567
88670
88810
88931
89036
89081
89219
89365
90011
90136
90493
91145
91230
91451
91472
91939
92015
92025
92433
92448
93061
93500
93616
93933
94268
94554
94640
95080
95103
95349
95545
95701
151538
174334
177280
186214
187864
196829
197789
205132
218162
218746
219883
229888
248056
255
1255
1416
1895
2042
2286
2401
2619
2906
3485
3653
3851
4007
4103
4134
4187
4412
4782
4974
5028
5169
5595
5733
5862
5942
5970
6080
6279
6287
6345
6571
6604
6704
6850
7165
7173
7436
7720
7781
7798
8181
8297
8349
8437
8637
8659
8810
8872
8980
8987
9096
9102
9269
9380
9473
9638
9641
9771
9891
9937
10664
10690
11152
11253
11383
11453
11535
11964
12067
12265
12424
12501
12535
12683
12754
13331
13365
13588
13903
14027
14045
14168
14210
14300
14474
14512
14727
14748
15022
15144
15174
15198
15263
15425
15514
15978
16119
16648
16768
17208
17446
17456
17923
17979
18115
18418
18577
18897
18936
19012
19051
19589
19658
19761
19795
19807
19926
20035
20175
20431
20438
20448
20691
20714
20775
21065
21108
21171
21177
21196
21224
21282
21340
21536
21613
21923
22102
22184
22238
22367
22381
22417
22442
22458
22686
22771
22866
22900
22993
23027
23028
23145
23425
23455
23663
23768
24057
24369
24770
24951
24991
25124
25192
25200
25226
25483
25652
25666
25843
25944
26306
26628
26650
26806
26835
27022
27045
27258
27289
27529
27591
27668
27802
27893
27919
28219
28272
28356
28390
28809
28932
29179
29670
29687
29699
29760
29791
30083
30358
30430
30558
30615
30996
31126
31129
31446
31464
31491
31511
31524
31529
31591
31643
31661
31741
32061
32069
32145
32194
32229
32241
32301
32378
32638
32880
32887
32966
33085
33314
33587
33620
33762
34035
34099
34255
34440
34536
34594
34626
35024
35120
35123
35431
35503
35568
35679
35732
35751
35898
36029
36435
36642
36808
36816
37001
37319
37849
37871
37939
37964
38281
38308
38335
38354
38357
38364
38490
38554
38569
38689
38886
39010
39051
39076
39480
39550
39621
39991
40003
40234
40289
40331
40633
40734
40736
40950
41034
41169
41312
41347
41484
41682
42124
42129
42275
42279
42324
42475
42559
42735
42989
42996
42997
43292
43423
43830
44191
44198
44255
44290
44549
44842
44962
44968
45038
45137
45151
45275
45379
45510
45517
45597
45600
45782
45862
46208
46290
46303
46408
46853
46904
46927
47055
47139
47143
47194
47220
47295
47324
47356
47411
47446
47674
47763
47849
47852
47929
48965
49107
49145
49211
49222
49560
49620
49701
50056
50066
50067
50255
50268
50394
50535
50617
50714
50856
50995
51078
51326
51365
51379
51513
51518
51535
52170
52302
52327
52363
52487
52525
52741
52759
54184
54444
54447
54877
54964
55043
55625
55811
55889
55930
56282
56547
56596
56598
56748
56941
56954
57054
57292
57413
57507
57635
57680
58077
58350
58493
58593
58851
58868
59022
59077
59501
60039
60185
60673
60797
60803
60955
61126
61240
61317
61406
61564
62618
62771
62789
62969
63335
63418
63726
63787
63851
63873
63921
63927
64312
64500
64538
64562
64716
65092
65112
65229
65284
65500
65645
66034
66044
66100
66240
66615
66963
67094
67281
67306
67365
67626
67629
68227
68692
68703
68806
68895
68936
69255
69323
69504
69533
69696
69964
69965
69971
70081
70310
70463
70481
70512
70588
71219
71278
71576
71623
72240
72281
72464
72550
72783
73472
73875
73948
73977
74293
74345
74400
75022
75219
75295
75412
75530
75804
75887
76002
76046
76214
76273
76325
76541
76675
77013
77084
77181
77218
77370
77708
78329
79017
79626
79873
79973
80131
80335
80451
80483
80671
80756
81137
81502
82049
82069
82073
82179
82251
82309
82391
82499
82526
82954
83028
83146
83398
83677
83802
84405
84670
84799
85464
85465
85553
85744
85965
86303
86635
87132
87531
87599
87600
87629
88133
88379
88439
88530
89485
89546
89634
89952
90031
90111
90635
90687
90785
90967
91027
91340
91424
91501
91603
91655
92275
92342
92387
92675
92823
93606
93622
93743
93761
94247
94606
94818
95601
150106
150226
155326
163514
170929
177554
178358
181806
182714
182896
188309
188932
197634
201823
204175
212192
214331
220677
222436
226532
230908
233326
248044
1190
1278
1346
2105
2618
2889
2966
3030
3526
3557
3802
4020
4142
4318
4348
4522
4624
4638
4658
4793
4889
5105
5162
5651
6770
6870
7453
7541
7618
7855
7877
8008
8246
8413
8639
8989
9029
9181
9276
9296
9340
9729
9732
9767
10050
10173
10203
10606
11132
11508
11687
11727
11751
11840
11947
11971
12174
12194
12257
12386
12547
12700
12774
13034
13043
13123
13151
13277
13407
13482
13519
13597
13598
13623
13626
13694
13708
13713
14174
14218
14413
14539
14883
15117
15151
15224
15229
15270
15338
15575
15722
15809
15973
15996
16009
16513
16706
16709
16735
16754
16783
17071
17373
17408
17452
17629
17810
17925
18132
18340
18395
18593
18596
18740
18787
18945
19011
19120
19132
19136
19599
19678
19858
19948
20160
20332
20338
20374
20391
20769
20964
21165
21327
21452
21994
22016
22067
22101
22344
22487
22696
22981
23134
23516
23572
23753
23784
23953
23954
23987
23989
24025
24040
24048
24132
24296
24373
24426
24437
24455
24507
24565
24705
24768
25122
25220
25270
25590
25613
25731
25820
25863
26063
26350
26386
26492
26790
27078
27108
27116
27201
27463
27569
27640
27745
27764
27775
28186
28311
28347
28378
28416
28514
28835
29041
29108
29128
29221
29242
29270
29380
29443
29470
29535
29745
29771
29883
29885
29908
29933
29969
30119
30171
30261
30385
30567
30600
30635
30747
30825
30937
30949
31074
31143
31536
31877
31937
31945
31985
32176
32198
32296
32967
33154
33263
33596
33734
33781
34181
34339
34879
34935
35004
35174
35247
35439
35522
35576
35840
35862
35917
36016
36117
36121
36159
36287
36488
36613
37118
37169
37642
37656
37756
37775
37986
38058
38099
38193
38216
38297
38309
38343
38349
38391
38601
38613
38749
38795
38835
38858
39144
39300
39420
39671
39899
40100
40106
40208
40270
40430
40455
40748
40792
40927
40977
41082
41750
41763
41822
41867
42284
42326
42447
42786
43424
43719
43871
43965
44745
44795
44921
45003
45263
45341
45382
45397
45599
45935
45980
46037
46052
46069
46103
46193
46404
46637
46958
47039
47140
47407
47424
47592
47863
47892
48000
48122
48483
48667
48769
48945
49213
49449
49509
49820
49874
50061
50379
50457
50804
50867
51043
51104
51368
51403
51656
51869
51954
51969
52070
52494
52738
52993
53124
53128
53283
53424
53569
53602
53793
53886
54031
54173
54206
54567
54621
54811
54882
55089
55278
55294
55409
55465
55502
55569
55646
55679
55815
56037
56099
56150
56198
56289
56350
56362
56539
56703
56822
56923
56944
56972
57042
57308
57644
58289
58291
58319
58417
58434
58671
58715
58847
58982
59067
59199
59396
59446
59470
59589
60224
60236
60707
60749
60804
60954
60968
61144
61191
61372
61745
61818
61910
61967
62424
62634
62685
63044
63098
63231
63417
63582
63663
63988
64101
64135
64406
64423
65151
65197
65235
65259
65337
65388
65844
65864
66076
66165
66196
66384
66759
66788
67000
67157
67180
67295
67524
67584
67667
68097
68324
68740
68783
69321
69374
69468
69748
69832
69985
70328
70552
70791
71063
71144
71181
71202
71363
71433
72047
72322
72337
72364
72448
72559
72624
72705
72720
73059
73216
73315
73385
73641
74487
74565
74781
75030
75222
75508
75561
75703
76427
76454
76487
76521
76854
76910
76945
76963
76978
77281
77316
77357
77434
77680
77771
78028
78211
78469
78521
78649
78660
78907
79140
79241
79938
80057
80281
80365
80529
80539
81003
81116
81146
81277
81362
81581
81821
81994
82364
82407
82418
82624
83585
84065
84069
84214
84262
84391
84981
85037
85379
85392
85458
85514
86199
86400
86491
86681
86870
87398
87601
87716
87826
87838
88043
88141
88464
88656
88957
90010
90607
90670
91000
92034
92133
92359
92789
93251
93418
93437
93997
94435
94464
95301
153065
161847
163874
173741
174945
175615
177884
180280
182531
194164
195406
199189
201474
213211
217289
227657
231792
234456
241834
245145
861
1351
1755
2111
2498
2834
3194
3426
3540
3567
3632
3852
4438
4464
4723
4932
4949
5056
5082
5234
5321
5395
5429
5441
5462
5749
5966
6156
6180
6408
6593
7256
7307
7470
7627
7691
7792
7932
8106
8193
8202
8272
8364
8415
8449
8558
8571
8707
9021
9031
9204
9281
9490
9588
9811
9821
10044
10061
10074
10094
10143
10177
10200
10276
10318
10626
10740
10900
11043
11071
11391
11750
11850
12046
12617
12832
12938
13348
13440
13487
13548
13565
13904
13912
14283
14356
14464
14468
14575
14702
14787
14931
15045
15367
15394
15467
15520
15634
15694
15772
16023
16068
16102
16188
16197
16308
16409
16542
16654
16748
16769
16810
16834
16863
16935
17168
17291
17359
17491
17507
17525
17879
17916
18038
18051
18168
18362
18512
18591
18658
18719
18866
18991
19117
19161
19233
19324
19371
19621
19634
19775
20004
20079
20144
20263
20790
20792
20849
21246
21337
21368
21387
21475
21481
21573
21592
21859
21989
22274
22341
22429
22436
22447
22470
22584
22649
22705
22800
22832
23345
23438
23562
23713
23726
23732
23790
23817
23850
23930
24240
24319
24360
24389
24584
24612
24777
25013
25019
25032
25038
25144
25194
25537
25627
26119
26191
26409
26434
26462
26845
27049
27142
27213
27277
27514
27589
27682
27951
28026
28141
28200
28201
28234
28349
28663
28733
28988
29046
29067
29190
29206
29306
29424
29435
29528
29693
29761
29916
29934
29949
30006
30071
31286
31457
31462
31503
31732
31825
31829
32107
32349
32416
32599
32898
32920
33018
33167
33332
33404
33411
33421
33524
33567
33607
33618
33776
34011
34100
34120
34133
34210
34236
34384
34385
34615
34824
34848
35052
35147
35237
35278
35596
35623
35691
35713
35999
36083
36403
36628
36660
36715
37048
37329
37396
37412
37554
37630
37641
37747
37819
37900
37941
37991
38088
38368
38421
38477
38528
38623
38807
39608
39807
39990
40122
40217
40330
40574
40644
40691
40747
40941
41056
41171
41187
41592
41743
41979
42066
42105
42108
42200
42531
42700
42971
43017
43049
43306
43481
43629
43702
43761
43991
44127
44484
44616
44859
44907
45069
45290
45351
45499
45619
45730
45900
46028
46217
46296
46305
46731
46759
46782
47126
47151
47420
47575
47808
47895
48028
48097
48156
48189
48199
48280
48538
48641
48890
48894
48982
49418
49426
49531
49573
49702
49764
49863
49882
49917
50187
50278
50340
50447
50776
50779
50812
50820
50872
51102
51315
51498
51582
52043
52048
52294
52546
52617
52775
52929
53157
53184
53196
53303
53483
53593
54095
54323
54385
54486
54848
54881
54939
55080
55373
55491
55864
55966
56172
56281
56445
56818
56986
57190
57509
57695
57738
57789
57820
57836
57902
57913
57964
58411
58521
58569
58818
59025
59027
59070
59080
59190
59225
59284
59464
59669
59701
59876
59887
59890
60573
61312
61515
62288
62361
62462
62682
62694
62856
62891
63202
63249
63354
63445
63479
63616
63686
63738
64022
64616
64695
64734
64745
64998
65217
65533
65598
65657
65802
65814
66021
66606
66731
66769
66795
66887
67398
67426
67625
67639
68033
68057
68111
68203
68309
68484
68511
68574
68964
69036
69047
69177
69485
69570
69597
69812
70204
70278
70319
70389
70560
70566
70717
71039
71548
71652
71779
71795
71854
71923
71992
72045
72067
72096
72328
72385
72526
72541
72641
72645
72658
72792
73211
73288
73596
73627
73908
74034
74041
74060
74211
74630
74767
74769
75072
75580
75695
75815
75932
76035
76049
76071
76492
77122
77522
77626
77717
77856
77884
78448
78490
78570
78705
78766
78869
78876
79010
79057
79458
79496
79512
79554
79608
79993
80353
80369
80560
81007
81016
81288
81361
81572
82353
82753
82845
82875
82889
83202
83783
83869
84506
84546
84723
84775
84779
84817
85428
85644
86086
86214
86329
86480
86720
87113
87138
87554
87569
87686
87927
87950
88186
88214
88300
88797
89225
89293
89549
89578
89709
89832
89895
89996
90093
91077
91280
91458
91798
91841
91877
92071
92146
92332
92420
92524
92730
93210
94014
94308
94528
94553
94741
95059
95437
154495
159542
162324
162393
165691
168815
171381
172065
173823
176308
177187
177360
186468
186760
191889
191986
200189
208861
211055
211856
211952
224826
238616
238830
239064
241488
108
136
246
1215
1222
1230
1418
1710
1995
2003
2539
2547
2854
2919
3003
3277
3509
3666
3819
3866
3956
4218
4271
4323
4491
4615
4828
5528
5566
5690
5703
6510
6580
6606
6935
7228
7245
7360
7369
7527
7687
7758
8092
8104
8140
8361
8376
8501
9164
9223
9368
9384
9387
9390
9508
9605
9651
9659
9772
9818
9841
10030
10259
10375
10808
10863
10892
10919
11252
11257
11270
11413
11476
11509
11526
11664
11716
12048
12116
12118
12342
12643
12690
12721
12753
13099
13179
13288
13437
13574
13705
13763
13823
13990
14151
14368
14507
14759
14975
15527
15532
15564
15636
15895
15948
16083
16239
16309
16634
16649
17002
17046
17052
17140
17441
17496
17791
18050
18496
18645
18946
18969
19276
19354
19362
19473
19480
19508
19649
19813
19924
19946
19986
19990
20019
20057
20092
20165
20221
20229
20230
20324
20342
20505
20545
20688
20700
20763
20833
20878
20901
20906
21009
21013
21083
21183
21205
21635
21648
21670
21946
22081
22245
22406
22448
22462
22608
22737
22869
22872
22957
23057
23295
23439
23570
23588
23969
24079
24124
24209
24351
24376
24689
24700
24802
24858
25052
25392
25412
25474
25631
25675
25952
26016
26106
26252
26273
26406
26630
26693
26727
26836
26968
27005
27057
27114
27122
27432
27435
27651
27687
27796
27838
27953
28053
28055
28089
28208
28607
28674
28751
28819
28845
29019
29251
29287
29411
29474
29592
29778
29880
29968
29978
29988
30075
30165
30185
30417
30523
30691
30748
30750
30763
30790
30898
30942
31134
31521
31768
32152
32247
32440
32503
32597
32821
32832
32854
32956
33047
33059
33098
33115
33342
33376
33382
33395
33414
33736
33983
34015
34036
34042
34157
34191
34472
34547
34549
34794
34854
35027
35080
35121
35159
35205
35308
35346
35389
35422
35427
35478
35557
35603
35709
35807
35846
35959
