13
279
11
15
271
16
220
17
321
25
12
369
1510
198
18
19
264
20
63
21
14
353
23
22
24
318
310
4110
424
1892
2972
332
26
383
760
303
1381
524
735
440
421
364
748
561
8
506
579
513
1132
314
874
553
91
494
799
466
430
681
7561
411
694
478
1518
1990
40
1542
1865
1179
9251
660
1141
82
29
498
1558
449
682
290
4
1118
628
4548
4148
17587
33
4581
53481
1228
394
557
2582
1056
1752
11069
725
1428
27653
4955
2400
491
4101
1788
28
539
1727
3756
38294
2450
471
286
343
68
1330
1167
2107
944
1001
1528
6813
791
668
3835
4162
1345
328
488
728
20668
3618
20619
59
381
1238
1521
311
914
1396
5721
44
1440
2136
1083
4598
678
159029
1723
14934
69
67
5642
413
1716
21966
64
3315
4706
864
1395
1074
6681
1
8198
1048
66
65
829
1973
12910
6942
1534
4393
828
2844
23513
64700
6971
6454
19088
4884
510
60
2349
2600
2019
357
2250
348
567
470
87
653
5983
1970
1870
2218
4277
593
8097
5346
2272
1049
4722
8313
866
92217
7317
4006
10741
6297
599
27718
85
948
74
18295
9
10280
11988
283
1066
3425
1172
53
20633
4434
7652
6558
980
632
10206
1472
62
1092
17237
2075
6231
469
334
256
4370
15728
1765
78
2426
8602
958
33389
1669
2233
6149
1782
403
32439
4779
777
13540
4880
1301
28336
326
1067
3482
3286
17044
93868
1503
10
9376
5099
9845
1220
1608
36066
16058
35426
2100
76
2923
27
8213
1754
1902
1719
1284
16451
22326
1061
3808
795
1000
6922
4954
821
32
3404
1590
2526
1901
2943
1065
1070
9575
3669
2581
7465
5213
287
884
7824
2496
685
25258
3136
1017
883
4021
12558
2193
8871
3515
393
2468
2503
1822
159034
25499
31930
6761
5832
13092
9038
3749
5972
998
50
2195
888
4490
380
1137
15400
36
10419
10562
70
48659
8057
462
999
1245
2444
7478
417
1236
2222
31338
15734
1004
2235
836
2361
588
1581
4924
11135
1350
1412
15135
3817
1142
2980
2294
1724
345
6560
680
1332
7174
1402
550
325
7888
2313
635
926
21867
16384
1830
9209
23185
9341
6830
793
5893
48
21059
7594
14944
1562
4203
7099
3302
1845
18169
781
3421
5331
3074
34993
14629
4182
9705
7629
9679
6891
5224
854
2713
5637
5904
1357
716
6000
2957
1328
2397
54586
2083
95294
2308
10885
55
107
2166
11269
27327
373
1817
7620
11361
426
2149
274
20068
2552
15705
74021
25710
24816
5467
7167
4763
877
12083
74927
3357
9640
387
2583
16401
10582
51
13050
55821
1483
8851
3575
10836
4125
10442
43143
3172
27370
3689
11241
5774
6575
25170
65244
2805
6505
7374
72
710
8387
11147
16985
5072
30
4252
79
7873
15511
1354
80
1368
4757
2695
5728
23683
20335
4220
1500
6513
974
1144
60723
2715
1622
1414
93531
3604
663
1676
18081
6129
3591
90
4276
25045
600
3274
5222
4560
5144
46930
5533
33686
1954
878
569
523
4161
4534
5307
2243
2706
4862
1442
22258
458
5614
382
27502
16134
2081
5257
71
261
5787
9969
1852
38
1467
2086
6937
13983
59860
436
5639
2394
1960
52965
1675
2572
9537
10708
4711
5492
9155
22521
3983
414
1844
11258
1248
33877
9966
15977
35
47
34032
2424
88
2124
9284
34271
22424
8434
15953
19896
446
4774
9066
6992
1761
4097
26750
2018
2610
42
1174
3070
27044
38708
4100
5165
47944
12654
31789
1406
45366
6951
9163
443
809
6009
9584
43
272
2640
6040
975
4417
2790
11823
995
12513
28109
1495
4613
1770
344
3833
49300
1429
10098
350
23331
4808
8798
7455
2324
3481
12168
1318
5010
7916
8418
14542
5128
18588
12351
7320
1532
4619
6277
1987
9626
12333
29183
6136
768
43697
48570
5883
5428
15339
6507
22188
3309
4557
13942
14943
13769
12755
4062
34773
1189
2531
9653
1653
3242
14040
31038
10429
3213
1040
33702
17225
63683
2759
6999
11969
16456
11591
18516
3564
6473
867
1156
8390
1223
1856
6676
17515
80277
11436
3296
8516
9665
3108
3179
61732
3019
3950
8232
1151
2393
13205
638
53348
5434
10839
46120
15243
1879
1942
4181
2022
3133
9802
9463
4087
4416
3126
32773
457
2094
586
1602
3667
77
2050
29551
10457
2560
5484
5324
7786
1732
2144
26622
423
15464
52
75
277
1433
18922
1103
9888
8997
4590
7072
11774
10255
3813
34
2480
11378
45
351
2665
1919
5020
7440
3860
3160
26384
18035
636
4643
1459
5284
17030
21610
6849
1698
40988
43491
2880
4433
12204
44876
2725
12100
1906
7249
61478
1994
4661
629
2353
42903
2577
37972
908
13914
8015
2716
3568
4687
5039
1362
52434
5617
2691
1484
2842
3712
4947
639
3082
2047
5861
14590
4221
4501
9218
11312
13962
1375
11496
4691
2945
13224
37
40161
40701
354
7077
14107
2483
942
2892
3648
16338
6228
9976
16526
24822
4290
14836
4138
3
18252
1324
6052
23443
1042
14835
8702
8976
15797
6326
2420
4147
26946
2764
5829
3008
6381
1379
4336
1920
1799
1593
2843
3563
2708
4131
5830
49198
978
2255
49
8028
8318
14717
37993
57
8836
12669
15816
1436
25586
5621
9956
7838
22756
5148
2404
3977
4222
7225
2612
3387
4944
44900
75370
1786
3578
4860
25286
5122
32671
3165
5354
9502
2228
5902
3728
4936
1898
47094
1439
3254
4625
12997
1667
18100
3520
2336
6121
7658
17181
9064
11960
1088
7176
1481
3154
6979
1773
12715
1877
11715
45309
69892
2261
16757
4821
280
2629
3150
6526
14733
1002
7810
1496
10399
2624
3359
275
2481
12182
18834
6576
342
843
9722
11668
20060
93
2224
3166
19842
1331
17120
81726
42449
5215
31686
312
5418
59056
1783
3065
3336
5077
18468
6568
14212
21427
6220
68022
3325
23338
2741
5055
14192
825
39
20105
7920
16547
25773
57208
11525
2961
4874
5285
25689
2905
6486
5478
6283
9019
69856
803
2902
71802
2002
5097
6053
4566
7515
12864
4272
86
10020
14371
1918
615
5237
2318
2721
29768
43765
9770
10184
13926
273
13759
4778
3238
4035
29588
47733
55404
6820
1452
3710
5392
37978
55249
61610
11280
45328
3037
31659
85679
1560
5604
9964
25423
23314
29752
3063
3069
6607
11791
44646
5016
7807
3889
496
2894
11176
17743
49835
4565
6857
4472
9307
21360
1441
21113
31
6673
8978
473
4937
10993
13280
14456
9345
81
269
4106
4487
5860
71570
4216
7154
48804
6596
19221
27222
3725
10204
2944
3377
4066
8457
22028
8380
1411
3502
3727
30918
9714
54
8484
3988
3305
12149
24693
48184
1881
5979
4639
517
1353
2792
1060
6699
18336
4587
6713
7294
9885
14469
1420
3849
2785
35810
7278
1204
5339
8059
293
8996
4238
13282
17856
1921
12964
1052
2297
29456
33233
4257
7274
21118
587
5839
9101
4202
11540
43072
5106
92
284
5436
544
3955
18541
41042
3979
1785
59934
402
19913
46
19942
32524
50966
12485
63881
83
68508
1262
4965
6784
278
6126
31626
3498
13139
15756
3349
26380
30456
365
869
11639
23985
6572
6725
5917
10014
56485
8928
14159
39046
1146
5187
5435
3559
7014
20735
64977
258
12076
31265
1603
81787
36367
804
2543
20003
476
2677
4368
6337
2597
4953
4543
27952
21050
9884
3697
6608
11116
5732
2253
17830
5134
6007
18258
9306
21568
86882
9830
3521
3608
10853
5140
4523
7929
1543
6481
7318
8379
53857
4156
7968
9801
21814
40818
10756
1705
34082
2702
14392
8677
3043
21979
977
4034
6618
6747
8570
76926
7141
9546
11857
25798
1105
391
805
919
2730
7189
9103
10890
11396
8771
9238
18716
3655
625
28953
2528
5362
8240
23014
6171
9253
11189
12692
1011
8869
21531
24490
27784
2530
4331
4351
9191
361
1455
31128
1801
6745
8806
31230
3921
562
1873
2586
4618
94497
5359
18184
28928
48372
4528
10872
33931
2213
3294
5158
8852
12219
1910
21482
34577
14813
35494
1833
12977
42412
1304
4424
1149
2456
3129
3619
6907
15227
2506
40352
913
951
11782
33093
745
3222
10673
23285
2306
12283
20952
3750
13948
12584
2774
5350
11319
40387
67447
12443
58655
6
19014
30091
1325
4054
5666
5759
8981
9764
27011
1944
14855
1516
25860
38068
23129
528
8307
10379
54802
4786
8060
4570
10298
20480
4694
9919
12217
25971
28873
32961
50921
2803
4799
9687
51860
8712
19954
33633
1576
10968
8006
15766
25147
188912
5426
25044
26370
1925
2099
2605
15922
52726
2548
5686
35718
2095
7250
15686
307
26820
1140
13453
19633
25165
911
8742
24303
35007
55267
7
3285
49133
15167
467
477
3035
13553
1791
5048
48855
2663
42481
1834
6302
7123
3105
7262
7948
15862
2340
14648
281
3437
7481
12954
21685
42634
89304
2433
10650
1062
1691
5069
6672
7739
53650
778
3370
4562
1618
8363
1876
11447
26388
7559
9944
61
802
4599
14658
8772
18023
9495
14905
20635
47241
74533
3470
8211
8660
18020
291
37116
7793
1831
22651
45759
684
10649
38139
1076
8404
16240
12882
14060
15015
34098
48603
338
5353
9663
22468
2660
4128
22449
40355
5281
17158
46170
89
4139
14586
19767
19503
60363
2448
13715
32881
2414
3558
4868
9812
362
640
1650
2381
15205
3822
15574
1021
11223
32561
61758
5927
25804
90448
19013
28121
4939
72867
2359
3140
24207
33129
54087
5638
13764
33283
53269
2
295
3240
8540
32471
294
12105
2908
17593
34131
6631
10223
1152
1652
3644
6729
12368
20827
2446
7840
18420
18583
6250
11406
16936
68169
3134
4275
12876
26613
33341
1957
4718
11533
17627
27864
49219
813
13232
5565
12482
1609
5150
12688
24358
4621
6829
35464
5752
558
3566
10964
12152
43251
66350
2977
708
1527
2781
7234
7458
13329
27437
85683
2962
5817
5951
6564
3199
6602
8019
10383
11222
20407
23437
51976
60404
74988
3371
5304
9184
20392
759
4120
26863
44125
8306
10481
378
8129
34534
516
850
997
22764
72115
4129
265
880
2594
6679
11039
11717
12311
37514
13038
8439
1551
3679
7148
10287
77506
767
2871
4610
17872
18910
71946
84
3299
3555
5615
20568
31105
64941
2756
3289
26334
56415
188460
709
6025
32147
45391
64460
3384
8882
16126
52838
72349
4237
38606
20359
34580
58426
409
4479
8341
3141
3870
5413
5805
7832
52642
1690
61369
1657
3393
3431
31088
45924
641
5915
5730
7875
56320
6643
16347
31097
44829
349
2737
2937
5743
6982
31997
1159
1985
4732
6645
6741
12524
14273
416
537
1857
2064
10834
10926
13881
16243
53916
21426
3364
3512
4881
7795
33295
58196
520
7087
9239
21010
24993
39125
904
1996
2342
36076
55856
14387
20112
4117
8026
11330
25530
5758
25552
2330
7019
9775
14992
305
2680
5332
9761
11870
79476
259
519
1809
5555
9167
10485
31092
1423
5653
14870
17591
8934
4191
4886
28293
34725
1541
3912
12611
13514
14103
59610
429
17066
23191
26532
27415
1323
3992
5373
10774
11433
38176
52141
427
751
1064
5469
5813
10811
74155
8574
10505
26865
27686
38191
211614
3051
13176
15752
76433
80255
2921
25293
55877
60838
1866
4005
5975
9712
15796
18950
64561
71662
10897
33902
2523
4437
5073
80265
2849
3162
1965
4478
6925
10806
34071
62807
3184
8453
10031
21283
29655
35435
1272
12089
29254
62930
1425
7428
14751
20139
46773
327
722
2428
5252
17011
19159
41954
7575
20738
589
3394
10146
11255
11256
26864
50319
4800
9063
36597
263
3974
4374
11173
2000
5091
7415
8561
12636
26681
5129
11946
15214
15742
16508
4055
10713
15328
23956
33993
2993
4920
5471
17464
19039
25020
341
3376
3476
4680
5524
8646
10970
78571
1139
14014
18479
19556
60052
15865
50949
82419
91689
2933
3041
4344
4688
8794
12262
13779
22542
42232
94085
9192
12103
19707
40890
85950
4003
12573
21835
27228
31941
3050
6452
14208
17820
26510
1928
6311
11665
577
3354
15588
45276
51556
75336
3733
4307
6015
6195
8705
9849
18677
20923
7135
25546
1027
13007
5323
7484
9416
9973
13928
37441
50371
87301
1344
1988
4906
12594
13016
4465
9257
11036
11046
8348
21333
24092
2645
2873
3443
292
4454
4844
8366
9668
10263
11593
23016
2830
5138
8217
32335
946
6983
8985
13432
37574
61794
1165
1575
3029
3311
5953
17759
20368
65526
12068
13550
1552
2316
4089
4516
6483
10530
21538
22371
27674
11007
18473
1366
2332
4299
11218
16764
30192
36059
41774
66532
3743
16417
337
28177
47785
7917
10856
25459
55619
505
3545
6001
18394
28133
43240
189551
7345
19072
55976
58646
487
4592
7544
816
16050
25137
75717
4713
38710
39604
2438
4056
4494
4559
7752
8020
12785
25598
30571
1661
2604
2639
5365
8187
8785
14145
23895
32675
268
6103
13094
32766
2280
9150
14519
55580
5084
6042
7049
10548
47960
1787
5384
6459
11012
15700
70371
366
542
714
830
5008
16545
16683
16826
61485
385
730
7776
34586
3397
4676
8734
9581
49125
5372
5375
6027
6420
10281
12417
15484
19645
20245
1371
4300
10639
19114
26137
31838
38144
79417
1394
9469
11040
16184
17068
19712
25427
74451
460
1679
4602
8486
10966
16350
62411
72346
3237
5474
24460
34728
1257
11315
16312
20269
48470
57571
91484
5629
10390
11352
37998
5944
10732
16520
52562
17723
20791
22792
32224
54102
66114
3462
9146
10168
18612
23522
10121
14619
27867
28000
39972
7055
7701
9485
9522
10480
27245
28964
575
10739
32907
44199
11048
21362
43555
674
2133
4108
5111
9175
18483
43870
3905
5981
30494
54254
853
1113
2263
2590
2688
4603
7789
18989
23410
3609
9468
11291
11484
19226
36416
51790
4489
7936
8127
15697
16944
26554
28609
38593
3658
4072
5887
7551
8070
11721
11814
24297
25903
50615
450
732
3276
3899
6008
7500
20089
22841
25277
733
2070
5593
11878
17529
3200
13668
95235
371
7199
17437
18030
20473
22222
22663
28253
59144
1063
3841
8751
13797
18913
59463
80939
602
5497
9242
12642
14991
17312
35755
56004
1848
10583
15579
1264
3059
29715
3110
3611
10213
25241
267
1654
13870
19581
20182
23311
35678
580
4430
10424
12366
13749
21853
59419
90718
1145
1319
9412
9988
16275
3798
9153
20100
23853
25331
44225
82253
591
2445
4950
5211
7190
10517
10535
29331
39141
784
2077
5132
13343
22149
29310
47696
554
2534
2569
3571
10804
19214
51695
565
2327
3255
5757
18069
20413
24919
31579
69764
415
1537
2763
13001
9766
10923
20309
71565
3915
5287
7131
7244
7602
9417
10661
13322
1599
2200
2599
7878
8552
8699
14773
21061
31442
41784
51088
52992
851
1777
4486
10172
24101
56
58
1825
2128
3799
4317
6435
18211
45025
47248
58469
266
3683
4439
26590
38200
75600
871
12851
13984
16060
22090
22898
35302
43523
61932
508
1265
2192
17469
17761
20382
22005
23310
25250
39811
4536
5772
8032
11835
12655
19441
25211
28241
3047
9978
24559
35538
47278
529
2046
5605
6237
7926
8509
11205
33539
2074
11961
13522
18944
25284
32160
42159
58118
71590
2876
5792
7697
12062
14408
38823
45061
45398
86514
2234
4011
5272
13235
18188
26126
35473
3049
18377
88064
697
1120
6107
1824
2573
3016
4879
12317
12931
14429
15123
17938
20641
20908
405
673
1030
1546
1658
3436
24733
29653
30143
35971
73039
76787
276
738
1471
2119
2407
3668
8626
17397
18036
42572
73595
81524
1010
2121
2717
5081
8610
11573
12401
17199
46348
57409
78161
300
1018
1478
2592
3369
4672
7525
22597
420
763
2904
7438
11886
16929
19315
22284
902
4992
9197
10087
10895
16525
16609
18276
19536
27467
2029
3511
3827
5499
8977
10672
18890
22445
54476
22806
45369
52062
61781
63492
70901
80360
220497
2202
8166
10793
11249
18089
23716
58377
61002
1235
3102
7042
8818
9727
14791
15808
23697
35260
1554
15417
19652
20385
5698
9476
43388
59537
339
570
1044
3719
8058
13657
18794
31315
32419
38729
390
2744
3790
8046
8884
9989
11974
13238
93067
1512
2829
4923
5038
5576
14095
18826
21132
2179
2634
4243
6918
7021
10598
40987
57171
765
1387
2413
3138
3522
3577
4829
7472
9077
16198
16577
51216
3173
5227
5364
6343
9856
17448
28043
59493
61030
90563
323
3882
8563
31766
43318
49625
2678
11337
46925
68362
559
1469
2325
40181
401
723
1591
1927
2109
4045
5601
11394
17771
23299
1992
5142
6157
12771
15250
24530
49282
61911
797
3072
8047
13403
25851
63520
1349
1968
2492
5171
16876
17638
21921
22728
23856
26603
27325
47501
442
2376
3010
5788
8259
9089
13468
17498
18509
21766
35414
47622
4945
5404
5734
6860
7054
7949
9434
26123
42529
61170
2606
4842
4888
6601
7106
9084
44250
736
1024
3155
3847
6945
7047
10125
25865
35901
2302
3023
3106
4520
9971
10539
33289
51319
68163
73
6004
7129
11324
16620
16829
21124
22465
24459
31799
38012
45543
1959
2532
6649
10695
10932
15578
17171
19674
21716
21736
25681
31084
835
1623
2147
3947
4343
7365
18532
24734
36354
40527
46398
49464
2984
3117
3622
4918
6635
24102
25503
30982
38806
40652
47096
51797
64813
6588
9212
18346
36203
36571
48213
51762
82248
1015
4483
6282
12459
12650
13211
14372
16022
16602
29094
29877
42812
45559
1860
3221
8280
10162
11930
20580
23495
23810
31076
32002
33241
39277
61384
5318
8481
11292
41223
44925
55687
3061
4384
4841
17655
18788
19710
22629
24265
50398
60002
67418
1596
2068
2469
9496
13909
22267
25128
25343
34944
70012
84828
886
2357
4341
5383
5657
11567
31355
605
2020
2388
4660
9990
12619
12805
26080
75477
1196
1340
2519
8545
10331
14086
15814
17481
29594
33256
33807
53007
61507
704
1288
2465
3446
3765
3807
6966
9945
13864
15402
30800
316
3234
4088
4186
4751
6259
26824
63908
3040
3125
5344
6611
6734
6862
8334
21094
22330
27335
33793
39219
692
703
1043
1597
2909
3278
3378
4409
8239
9023
15676
15784
22294
30882
38334
304
1555
5488
5523
6355
7289
8754
16870
24438
26355
30576
48267
48868
51586
61036
61841
2942
3438
7867
9017
10156
10478
12019
20653
22247
33869
40889
43314
52549
57043
61161
83081
787
841
9082
10902
14322
15886
26785
41306
789
1458
2982
5876
8750
9144
13263
27443
28707
37885
41331
42181
51515
54703
55483
69961
78795
80832
623
5115
7764
11121
16947
18559
25663
27881
41403
49948
84452
463
486
2846
2985
4744
7772
17425
18828
29533
43190
78902
306
501
956
1804
2164
3032
4392
6599
7842
9283
9807
10458
11693
20934
22419
22627
27483
31961
40290
363
1068
3641
6258
6791
8339
9403
15175
16070
18082
18649
38895
40693
65975
71065
1029
2591
3826
6632
6758
7330
11712
12495
16717
20341
41728
50209
58740
62117
940
2010
2466
2652
7359
11064
11246
18539
20123
30125
48684
53276
84810
899
2767
3804
4831
6396
6835
13011
13736
19152
19396
20172
21278
26079
37794
42466
87317
622
2723
5206
5303
6054
7636
7783
11605
16866
26655
27841
28079
28098
29997
35790
1303
3095
3892
8535
13545
14885
15440
18009
18652
25181
27896
28530
30218
35845
44480
45299
47756
67375
592
762
2439
4473
7560
11220
12955
20086
49992
58496
78440
94394
456
961
1171
2939
4304
12965
15141
19041
20671
22151
27073
45702
50548
1923
2267
4109
4584
4752
5600
6948
7731
8668
11999
13279
13534
14996
22512
24197
37476
40541
62047
77036
819
895
1616
1617
5312
6522
10027
14304
17789
19936
31130
38766
65552
620
1200
1680
2895
3525
8796
12272
22007
22825
47224
52175
59364
377
1176
2131
4471
6518
6696
8214
8786
15377
23065
25532
31984
47354
59771
1287
1627
2113
5251
6158
12205
13264
13340
13866
14830
16000
17642
48753
370
724
1651
6726
7335
9599
16484
17377
18810
24094
27028
29643
40551
50861
299
613
3445
4442
4885
5946
9325
9923
13996
14834
15406
30319
38643
73250
78747
79852
94307
687
1274
4210
7911
9393
12025
12906
15016
18054
20609
22598
29292
1509
1536
1908
2423
3638
4477
7896
10426
16360
17086
23967
26984
37281
51948
71481
650
1519
1630
3145
3853
5064
9378
11701
14886
24797
24927
25057
29793
33273
37309
42465
55131
66793
88461
6248
9290
10196
11128
18842
22783
28495
45938
614
1380
3054
5176
13854
24578
28528
33582
34941
41632
367
611
1815
3022
6170
8454
10917
11140
12104
12241
12563
13640
15213
20011
24382
26502
28068
30835
35169
37107
45850
47781
52954
54374
3158
4493
5068
5853
7854
9959
10304
21851
27477
38875
190632
435
531
1666
3929
4802
5545
12585
15078
15673
16679
19290
25419
44564
44868
67973
87996
88013
806
986
1533
2512
2666
2967
4334
5368
7283
10677
10723
11618
21408
22171
25715
28450
47953
56059
60851
60876
89331
2658
2752
5445
7035
10660
12037
13239
14195
15711
19413
21106
26289
34519
40337
1715
2279
3018
6125
7071
9840
9967
12784
15239
15861
16111
18084
21250
26157
28286
38045
41933
43900
46928
631
3533
7062
8204
8210
10999
11407
15029
22235
24660
24865
26850
40834
47029
49558
187113
2135
2718
3998
6238
8003
9740
19765
20122
26731
30263
32848
77397
1936
3447
7147
7497
7700
9069
10691
15572
20169
21500
31086
35141
37799
64174
68351
77870
6131
15707
19481
43117
70307
1683
1686
4670
6206
6886
10911
16298
25600
41764
48409
49869
1673
4396
7139
7252
7336
8410
9221
10592
11553
11879
13746
14109
20007
23022
23571
24868
30373
36100
41647
49077
55157
594
786
1672
1795
3401
6616
11393
13402
14671
17102
20049
26062
27757
32751
34523
38116
50977
60239
898
7869
9781
9947
11421
16086
16779
18083
23086
33625
44920
55091
55338
56470
94411
2683
4105
5302
5310
6365
7915
9862
21257
22281
24813
27723
30203
36001
37779
42606
58366
64686
917
1100
2617
3307
3572
5374
6901
9542
9799
10092
22948
23546
33829
533
1438
2817
2922
6379
6463
9721
12195
12993
19797
22327
22973
27367
33117
44555
50808
87941
448
534
1012
6397
7268
7520
8618
9308
12266
26661
27692
61520
85597
1896
2186
2940
4145
4558
4623
5157
6804
6865
7545
8483
8757
15771
17404
18022
18364
18770
20554
20678
33303
48326
63393
89383
658
824
1071
1110
1243
3495
3759
4262
6700
8120
8145
16676
17509
22524
33270
47366
49788
1806
3433
3788
4030
6112
8173
10729
12506
14908
15162
16682
20630
24795
58873
72414
1347
1687
1858
2216
4777
5706
7248
8755
10633
13766
16563
20010
22324
23304
31445
43953
50355
189816
203684
2686
2915
2981
3282
4689
5167
5313
6047
6738
9930
10433
16161
19186
20808
28958
37825
44424
49942
69402
86549
1014
1547
1846
3449
3665
3738
7634
10029
10845
14520
16465
22858
35887
39017
64072
69295
75314
92640
2643
4530
6859
7977
15906
22958
29440
43303
77450
92844
770
3186
3896
5532
5976
7230
9272
12503
14895
17189
22927
24141
33791
45663
46142
71881
84441
91480
1647
2259
5200
8862
9813
12261
12849
12937
13332
19095
23598
26699
34810
38049
66420
71520
298
689
1506
3131
3796
4313
8968
9559
11096
11293
16036
17758
20589
20731
23735
24127
24725
25711
35885
38503
39978
58621
64490
70320
78080
386
3615
3778
4667
4766
6759
8557
10327
12215
13398
16899
17755
25730
28049
29648
32288
42849
58755
60277
69777
2653
3196
4545
5170
5517
8906
9358
10534
15234
15449
15773
18957
21575
24563
26103
43967
49419
57532
58558
59865
86725
192398
375
1240
1466
2301
3464
4507
4531
4649
7247
7321
8311
10159
13129
14388
14419
19174
19899
27868
30566
33110
39100
59739
62985
82094
3627
4058
6441
6516
7891
11268
11925
20624
23038
23210
23214
27984
28263
31456
33911
36358
44142
69500
70996
2442
2956
4973
5137
7830
8209
13262
13518
13730
13849
15264
20260
25105
25333
31190
32260
46987
66762
73589
512
606
2319
2536
3510
3561
4115
4435
5456
5458
5646
8472
10378
10545
11177
14246
15170
17289
29222
30422
36790
42873
45344
643
2044
4009
4346
4990
5363
6151
10229
11051
11454
14548
14601
16253
19019
19287
25402
31162
45277
53209
84811
324
1187
1401
3130
4291
4563
7462
8955
9104
12238
12277
14330
15699
16168
18207
19150
19547
30917
41606
46343
47866
57381
62305
70575
78361
585
5995
6587
7324
7606
8725
9141
12156
22219
23402
24526
31404
36602
41339
45863
49252
52783
54771
3754
3999
4025
4833
6386
6866
7611
12943
13161
14384
18212
18356
22440
24315
25157
26299
30245
41490
56905
68342
81347
939
1006
1662
4119
6980
8749
10709
11362
13427
20922
21103
36584
40359
1206
4780
6038
7090
7385
7435
8732
9734
10220
13064
25212
32579
71497
74096
814
1210
5402
6304
8096
8152
8847
12567
12740
16137
21916
38411
57513
65937
72473
76530
87363
329
2059
2545
5486
7210
8242
8276
12719
16698
28603
28853
32453
40912
41052
50572
63853
81480
627
1188
1946
2579
3579
5515
6198
6589
6834
7060
10436
11020
11354
14760
17297
17548
18499
25377
29322
30205
30697
35546
35594
54243
61752
72632
691
1559
1764
2096
2112
2174
2227
2641
3275
3874
7016
7063
9400
11171
11316
14565
16201
16753
19579
27224
27853
28599
28685
31324
35704
42452
55955
66590
1364
3599
5289
5330
5978
7765
8611
8613
8845
9110
10033
11013
11163
12527
16673
25705
30805
32449
35883
47675
53030
58980
1682
2321
3203
3291
3850
4795
6570
7059
7937
8717
10039
10616
15604
19900
20788
22036
27247
27734
28767
34780
35644
59933
70534
80806
400
485
499
1473
2148
2632
5245
5514
9215
10258
11656
13081
13185
13515
13646
15228
23283
23776
24037
25635
26703
30237
33534
53310
54275
59929
68023
331
453
515
868
1091
1160
1684
2198
2932
4496
6105
8823
10325
13315
13662
13772
15395
16964
18975
19661
20539
25291
27350
41182
52919
60282
41
1253
1520
3181
3895
4047
4970
6711
7410
8153
8804
9711
9859
11112
11290
11991
15600
17503
17873
18959
20483
26808
28301
29234
31995
32387
34872
36889
41973
44095
66366
77028
80817
1086
1461
5102
7386
7732
8289
10403
11304
11321
13000
22200
26527
28486
35605
40751
42668
44926
75111
490
721
4255
4749
6669
7081
10142
13613
15196
18533
23890
29587
31391
31762
39565
47646
58883
62236
87567
169553
3301
3938
4225
4601
5535
5736
8162
8948
9046
12720
14968
25557
29096
36022
37443
38361
41278
52904
57576
67079
85401
648
2348
2392
4127
5947
9699
12013
12098
13157
13635
15999
18500
22569
26637
33564
34429
42753
50716
68463
93994
173976
1057
1932
2521
2891
6078
6243
7151
7698
8200
8476
9319
10128
14090
19043
19321
20971
21068
21292
22027
22528
24272
29478
35358
48889
52907
54639
81194
547
644
1209
1271
2311
2561
2738
3480
3663
4422
6418
6546
6881
7976
10065
13213
15896
18937
19251
23095
26140
31103
33120
33265
40659
50763
52924
53231
61643
71985
84638
1644
2589
2992
3478
6154
6716
7788
8670
8868
10185
18018
25187
29482
33848
40819
42103
43141
46192
47821
50985
73118
76512
81487
81796
82363
226699
578
2441
5116
5568
5598
7836
10288
12381
14623
18751
19910
25456
26606
27510
35140
38663
46854
47685
54072
66854
85305
552
923
1246
1948
2364
6697
8598
11198
14190
15433
15735
16655
17936
25941
29554
31528
34112
39849
40420
45374
50098
50465
72564
84203
308
776
1798
1814
2878
2925
4081
5562
5802
6851
8526
8635
9997
11208
12521
14728
16234
17313
17458
21621
28190
35288
37707
39147
50100
52920
54132
83712
2069
2284
2631
3127
3506
5337
5696
7156
9053
9216
9455
11336
16894
19470
20364
21681
25416
28428
38892
39850
330
2997
3930
4736
6117
6183
6702
7214
7945
8156
8554
8770
9067
9933
11491
21297
23280
23533
23825
32680
35094
42613
45361
46490
81859
6338
6687
8346
8848
11174
13595
14012
15903
15911
18685
22285
22863
24890
26189
29018
39673
59622
62143
88635
92820
518
571
706
1781
2845
6707
7566
8855
10377
11871
12331
13901
21700
24244
29202
31363
45148
50322
50802
73332
87470
988
4019
5847
7715
7995
8177
9500
10490
10986
11227
12305
14865
15098
16025
16037
17592
17882
18400
18417
20367
23036
23194
24334
28493
36397
37208
67433
68051
77991
90691
94425
170286
319
910
2084
2329
4184
6779
6795
10036
11125
11587
12680
17541
17839
18763
24116
24828
24900
31972
34322
35705
36501
37043
49097
52032
57402
68527
79583
83374
503
947
2007
2053
2101
2900
3314
3677
4296
6124
6549
6995
8957
9331
9461
10046
10643
12454
13973
15325
19586
21804
24277
28708
30096
33961
38372
39004
39358
39524
40838
42902
52977
56383
68777
73033
88673
598
664
771
3284
3771
4364
5924
6472
10052
16092
16162
17439
17533
24123
26817
28125
31291
31918
37906
45447
68769
70042
85288
1733
1931
4093
4574
6440
8068
8385
8460
11164
11504
12323
13240
15288
18839
19874
21849
21998
22700
23104
25034
25467
26164
26167
30140
34418
35604
41689
46227
52778
61444
62134
65194
852
1888
2085
2098
3428
3488
3686
4546
5480
7448
10024
10174
10322
10337
10589
13138
14833
17157
17311
21461
22902
23075
23535
25425
25822
26003
45465
47364
51062
52962
55383
57739
62837
66983
75724
75902
81259
89408
94218
95095
175267
1186
1867
2282
2788
5014
5283
6333
7609
8553
8761
11483
11898
12269
12806
13044
13533
14910
19370
26539
30394
33767
35970
56546
57065
59154
60735
66153
69740
70983
87378
839
976
1211
1218
1550
2232
2973
3055
3595
3758
5388
5933
8132
9042
15043
15327
15702
15787
16724
16759
19537
22985
23271
23375
25460
26642
27760
32480
33752
35564
38026
39072
43166
43472
47455
52953
55046
67095
69907
70435
72384
77719
92169
92750
288
1356
2338
2587
2850
3418
3469
4804
5836
6728
6762
7346
7421
8698
12640
13171
15739
16229
17083
17831
18948
21254
24679
28191
29012
30211
31639
34030
34647
39129
39210
46197
47894
48142
64910
66186
74872
92778
346
856
1341
2236
2978
3786
4506
5219
5998
6133
6577
7044
7638
7784
7974
8678
9398
12304
12705
13325
13858
14747
16305
16561
20665
25591
27205
27709
33286
43494
44543
55557
59218
88367
445
1192
1422
1435
1748
1926
2076
2588
2603
3543
4281
4310
4492
6818
9149
11196
17384
25118
26516
27050
27107
50433
57616
63113
67518
905
920
1077
1849
3300
3310
3569
6348
6957
7539
8779
9643
10242
10954
12364
13336
19835
20970
22038
22236
22882
24499
24624
25602
28218
33862
44788
63422
69330
71598
72613
73756
86469
89303
289
359
474
1767
3175
4425
7728
7848
11022
12150
14588
14730
15497
15688
18569
32193
38619
41054
43409
46806
59514
61103
74159
84212
86335
89695
322
1891
3191
3417
5117
5154
5879
5987
6130
6989
10636
11585
12663
15316
19435
21192
24834
25353
26463
28315
29014
34130
37384
43797
44839
47090
55288
56232
73234
1566
1607
4791
5236
7236
7692
8282
9071
9304
12092
13067
13496
13874
16823
18173
19319
19639
21220
23011
25780
25907
29203
29458
29754
32814
40393
41020
43874
72626
92007
335
943
1026
2117
2201
2374
2418
2574
3645
3662
3766
3842
5190
5586
6082
6498
8657
11263
11554
12597
13142
13660
15501
16713
18830
20834
22000
24435
27586
28258
28701
29541
32714
37379
38243
39627
40016
47914
57496
62266
64913
72805
76471
89109
91770
340
347
511
2538
4431
5585
5964
6310
6414
7718
7890
8251
9111
9573
10241
11965
12613
12717
14472
16318
18118
19213
19306
19662
20895
21627
23424
25869
29031
31600
42064
42377
42898
43703
44669
46564
53566
74537
94827
1121
1386
1445
2493
3000
3330
4274
5689
5956
6235
6316
7494
7526
10400
10903
10938
11784
11976
12250
12939
13145
14046
14711
16981
17978
18101
18971
20002
20600
21378
22437
23213
25162
28365
28712
32237
32303
37073
37999
38385
39640
46668
47149
54205
54878
55002
55810
59666
228962
783
1267
1633
3361
3942
4041
5961
8604
8880
10971
13019
13233
17636
22221
22702
24979
25628
26124
27751
30794
31209
33939
34521
36353
44697
47410
55792
59735
447
1114
1138
2027
2540
2562
3367
3408
3982
4443
4551
4674
5164
8371
8791
8932
11635
12924
14264
14377
16534
18552
21241
22033
23925
28206
36974
37589
38136
38442
40598
57925
58963
67267
238972
922
1745
2197
2462
3491
3583
4595
5182
5530
5823
8464
8938
10503
10605
11939
13317
20631
20648
20771
21197
21640
23342
24735
25720
26791
28782
28943
29749
33662
36703
37115
39356
41587
42318
47493
49718
51248
52864
56380
57535
61265
63858
64179
64901
70271
70524
76531
80344
81385
89901
94644
95013
840
1178
1307
2283
4206
4233
5490
5821
7589
9652
10160
12087
13278
13558
13684
14255
14445
14832
16208
18820
27189
30054
30724
31824
33893
35978
36553
40846
42824
43741
44101
44675
47164
53577
54794
64944
84728
86443
374
846
1203
2126
2865
3626
4410
5022
5589
6749
6977
8151
8680
9094
10860
15563
18900
23554
24223
25005
44001
44341
46316
47279
48352
50957
66976
74519
282
563
1308
1511
1674
1828
3952
4769
5306
6974
7116
7157
8358
8944
9079
9637
10356
11543
12035
14505
14524
15007
17299
19255
20285
21322
23950
23964
24001
24830
29438
29612
33761
40550
44192
62124
68998
475
514
608
754
916
1237
2315
2430
2542
2748
5381
5767
6470
7463
8524
10278
10495
10766
13704
14234
17607
17661
19591
22482
23046
25133
25969
30021
30058
30519
31271
31733
39962
41163
42209
52397
53057
63471
83019
192988
408
1916
1940
2350
3219
4415
4861
6043
7310
7690
8937
8953
10973
12816
13057
15058
15132
17431
18546
21549
22513
22887
23835
24304
26931
30855
32354
33673
34051
36879
38622
39074
40922
46310
47771
50525
55221
79816
82054
89781
90987
95700
2278
3402
3654
4254
4284
5677
6353
8061
8169
8428
10042
13045
13812
14435
14572
14906
16335
18729
19524
19787
22134
22166
28758
28885
28926
29712
30181
33351
34261
38906
40040
41755
62065
428
604
1646
1714
2484
3089
3440
3507
3752
5407
5812
6656
8225
8427
8887
10728
12405
14880
16154
17038
18253
18458
18824
26308
27119
40729
41882
45668
51590
69031
72314
76051
91938
667
1998
2106
2129
2143
2425
3250
5212
7315
8529
8663
9121
10590
10866
12244
14294
16883
20804
21003
21219
21924
22054
23873
24276
26778
30854
38625
41720
43935
49836
49924
56593
61038
64173
64396
67401
69898
75352
76068
89079
1104
1227
1634
2021
2379
2458
2768
2951
4612
5448
5791
6563
9738
10776
11690
12134
12760
12952
13491
13609
13745
13822
14890
15156
17973
18964
19025
20826
22664
31005
31654
33254
33468
41544
47789
49223
49875
53824
58256
61607
61790
63001
70157
81639
82316
83582
83871
800
893
1315
1841
2264
2791
2911
3714
3816
4016
4067
4239
6529
7211
7246
7613
8581
8844
9009
9321
10352
11511
12131
15648
15840
17241
19463
19852
20117
22741
23157
23293
23329
27690
28488
29261
29809
30406
43407
47656
49096
49128
51891
57297
60476
61079
88749
89494
536
901
2017
2369
2478
2818
3137
3518
3972
5786
5948
6354
6625
6847
7064
7372
7441
7563
8160
8684
10743
11117
11767
12844
12995
13808
14737
15049
15222
15225
18108
18117
18942
19292
20372
20459
21001
23007
23343
24147
25936
28328
29922
30474
31349
32364
32767
34282
34942
35800
36999
38754
40278
42169
42328
43853
58957
60392
65393
75555
93183
788
2609
2614
3147
3746
3753
4050
4244
4716
5558
6821
7556
8597
8924
9361
10279
10603
11490
11493
11962
12539
12846
13293
13753
14988
21343
24724
24882
27265
28731
30147
31989
32726
33899
34468
34765
39328
41153
42532
43655
44026
49264
63237
64234
69449
72694
73455
75626
581
698
955
1880
2777
4325
5777
5954
6600
7862
8222
8979
10634
10666
11102
11400
11863
12630
13101
13995
14573
17268
19515
21612
22109
23857
25786
25844
25899
32590
34107
34608
35020
35125
36616
39950
42151
45849
51119
54067
54419
55559
66917
70419
76436
84209
257
444
669
896
1549
1753
2176
2402
3212
3726
3741
3837
3968
4082
5416
5493
6439
8038
8719
9052
9194
9861
10095
10814
11313
12282
16136
17845
17971
18381
20629
21321
24323
24806
24954
25152
28465
30108
32049
37336
49034
52847
57166
59970
62269
70953
72378
77517
78300
79395
80350
90183
91469
535
1660
2924
3639
3875
3985
4682
5449
5891
5926
6636
7800
8243
9039
9085
9402
11137
11179
11486
11990
12370
13188
14762
14979
14989
15632
15725
16471
16642
20134
20858
21579
22305
22360
27980
29180
30522
31724
32740
37761
40528
40878
43164
44431
46124
48070
60729
61536
75931
76360
82672
88081
360
396
739
812
832
1485
1763
1905
2948
2959
3078
4952
5261
5898
6284
6350
7822
8412
12854
14009
14477
15094
15218
16743
18140
18933
19260
19902
21433
22070
22682
22980
28803
30637
30687
30730
34105
35983
40084
40904
45203
51666
55968
62183
63368
70662
72306
82593
87751
1802
1917
3114
3760
4679
5066
5226
5265
5335
5910
6705
6973
7101
7233
7290
9158
10083
11538
12639
13513
14311
14561
15537
15698
18506
19567
20181
22365
23319
23470
23749
24439
24938
27242
30411
31826
31927
32195
33789
35707
36940
42199
42427
45918
47201
48707
51451
53390
55671
59930
68327
75740
77217
87116
87190
91613
0
313
779
1073
1757
3322
3602
4169
5529
5672
6487
9673
10951
14663
15704
16568
17353
17959
23540
25659
25771
27083
28092
28762
29491
31153
35126
36774
40909
41332
43254
45227
45563
48794
50199
59317
59700
62695
70674
77691
88378
655
769
981
1054
1605
1689
1711
1864
1993
3060
3603
4204
4283
4391
4444
5096
5286
7499
8108
10292
10502
10744
11861
11949
13405
14554
14857
15561
18783
19024
19099
19113
23681
25265
25504
26679
28215
30761
31637
31699
32852
39242
40357
42249
49325
49465
52464
54100
54488
60793
76717
77885
80018
80109
81183
780
815
1208
1670
1778
1962
2287
2333
2736
2765
2784
3092
3348
3840
3927
4165
4807
6299
6915
10646
10817
11333
12306
13954
14289
14475
14892
16549
17804
18804
21316
23638
28192
28569
31179
31988
32328
33056
33153
35061
40022
42780
44133
46399
46420
49231
60162
66580
68982
74399
74420
74574
74931
75401
81539
85606
89681
89759
472
549
624
887
1148
1861
2354
3580
3625
3768
4575
4758
5248
5378
5588
6088
7748
8523
9207
10102
12841
13319
13654
14418
15060
15998
17554
19878
20174
20340
20513
22635
24245
24983
26214
27237
28185
28627
35479
36182
37154
38495
41738
44212
44272
50405
52426
60212
63119
83342
85510
87890
88694
94931
492
842
1008
1133
1198
1626
2472
2998
3231
4909
5997
6552
6639
6708
6805
7578
7892
8952
9037
9370
9858
10678
10918
11402
12752
14864
14884
17788
19139
19708
20307
22857
24217
24443
25252
26108
29436
33601
33733
35072
36084
37066
37613
39771
47532
48043
49463
50333
53751
57081
61689
62708
65427
68767
70383
71981
74194
75889
80986
92126
201916
1158
1299
1977
2173
2487
2685
2794
3036
3086
3410
3420
3702
3883
4673
5770
6916
6936
7056
7253
8396
8511
8842
10321
12052
12391
12718
13102
13216
13259
13511
13809
16515
18447
22481
23098
25067
25690
26605
28432
32979
34927
35338
35374
38717
38870
40257
44529
45545
45912
46253
48396
48782
48971
49889
50896
55606
55721
56495
59042
60977
67409
70755
71387
74909
76730
87110
912
1081
1247
1728
1821
2168
2182
2989
3514
3809
3928
3945
4485
5702
5799
7276
7384
8109
8179
8496
8839
10338
10906
11192
12948
13556
15087
15860
17111
17602
18378
19200
20362
21252
21453
21473
22170
24009
28497
29797
31118
33218
34733
35232
36610
38076
42340
43082
44457
56690
58320
58894
58987
59987
60174
61228
61542
74270
76092
76592
77754
90450
91337
91380
202201
532
960
1199
3171
4026
4122
4863
5040
5242
5334
6179
6380
7383
7653
7943
9100
9205
9612
9662
11214
11900
12571
14241
15361
16043
16144
16432
16681
17457
19458
20142
20271
21564
26543
28075
28471
28604
30688
30755
34826
35757
37011
39180
40793
41412
45776
49324
49703
59966
62929
64498
66480
66770
67374
68008
94032
94674
737
801
1432
1505
1743
2153
2356
2965
3374
3574
4013
4173
4258
5141
5221
7193
7532
7552
8800
10286
11799
12197
12439
12756
13458
15192
16218
16632
17748
18535
18952
21901
25300
25827
26348
29618
32251
34356
38274
38508
39099
39390
40284
50606
58634
61468
64249
66127
68829
71486
71592
74483
79156
82751
83331
468
1254
1619
1685
2491
3157
3793
3959
3990
4750
5126
5316
5394
6556
6594
6817
6923
7143
7183
7308
7819
8422
8915
10236
10832
11992
12389
12737
13218
14327
14795
15919
16940
18445
18887
19572
21455
23586
23959
24170
26952
26953
27900
28396
29015
29100
29309
31062
31778
33488
34745
35893
36093
37276
38592
39049
41424
41491
42962
43957
44497
49068
51179
53574
53624
55914
56009
58397
63038
63250
67767
68742
70915
71183
71253
86479
91091
185038
5
438
548
741
882
1022
1374
1463
2241
2887
2910
2953
3382
3818
4429
4549
4849
5409
5438
5536
7198
9686
10082
11432
11510
12402
12853
17172
18985
19129
19457
21578
21605
22451
23107
23709
24096
26271
27724
28392
29133
33182
34283
35869
35880
41287
49730
51422
53017
53875
56040
58645
63011
69293
69505
78721
79420
91182
91330
94090
94398
176217
234
551
564
936
982
1234
1283
1707
3107
3742
4382
5175
5356
5399
5676
5779
6867
7839
8001
10194
11183
12278
12748
14921
14973
15092
16492
18476
18779
19763
19873
20073
20428
20618
20785
21116
21999
22779
23113
24366
25148
27150
28274
29016
32728
35102
41179
41832
46318
51883
52211
53236
56231
58136
60010
65269
67283
70040
81280
87365
633
1293
1367
1704
2276
2789
3772
3958
4098
4111
4775
5751
6077
6221
6257
6268
6653
7285
7999
8443
10141
10699
11030
12502
13542
13838
15089
16213
16473
16821
18280
20754
20993
21055
24024
24212
26259
27482
27958
29636
34538
34602
36027
36605
36748
36793
41554
42051
42705
46891
57879
60283
64258
67521
67605
67940
68291
69467
71647
73691
76138
81885
481
686
1404
1720
2087
3672
3721
4049
4578
5315
5899
6364
6718
6801
8064
8495
8833
9252
9796
10078
10451
11461
12427
13085
13362
13535
14765
17550
17697
19542
20012
20110
21314
22017
22120
22450
23024
24544
25429
25580
26012
26344
26357
27462
28028
29201
29512
29560
32451
32752
34065
36824
41915
45070
45522
45620
46705
49825
50291
51505
51960
52614
53014
58188
59788
61501
68887
68914
94858
169103
451
595
693
1016
1352
2073
2185
2399
2565
3012
3256
4379
4827
4840
6093
6197
6545
7496
8866
9392
9974
10016
10049
11018
11031
13618
14092
15491
17239
17482
17860
18232
19505
20195
20701
20852
20984
21815
22295
22602
23287
23557
25053
25464
26287
26610
26756
26849
31117
33887
36110
36667
37046
38400
41229
41900
42912
44598
45771
54056
55327
61446
62987
63815
64650
69208
69899
71831
71910
73404
73406
79965
81309
86258
93133
296
425
701
1564
1884
2134
2457
2559
4245
5326
5351
5352
5427
6245
6419
7136
7170
10289
11594
12303
12749
12863
13158
13254
13346
14807
15523
15866
16238
16329
18206
18618
19565
19868
19872
20755
22579
22588
24579
25478
25584
26241
28442
29208
30003
30344
30901
32039
34337
36087
37095
37809
39248
43614
45127
46001
46767
55175
58277
59511
63307
66029
66488
66690
70123
71842
75166
81437
87413
91967
94695
95318
352
823
1474
1826
2649
3379
3380
3473
4073
4350
5041
5089
5143
6392
6415
7265
7457
8279
9041
10187
12847
13965
13966
15217
15628
17185
18682
19268
19484
20694
23923
25833
27041
27203
27396
28016
31886
32894
33170
33208
35608
36268
39834
40905
41108
41416
42741
47291
48086
54263
56764
59276
63961
65205
68612
70454
70573
70691
77976
80287
81779
85093
88396
169629
355
1112
1134
1405
1443
1893
2476
4214
4229
4306
5253
6165
6751
8024
8264
8466
9032
9372
9826
10782
10934
13095
13834
14540
15436
16067
16175
16516
17606
17750
17908
18247
18369
18818
19100
20622
21181
21207
21559
22113
22250
22743
22846
22967
23377
25204
25868
26156
26770
27700
28058
28240
32009
32500
32974
34951
34988
35209
36297
38127
39647
41224
41323
41793
43327
44653
45832
47093
48401
48445
49428
51024
52488
59301
60467
62182
63486
64285
67785
69890
70500
75475
82145
86497
90371
262
657
743
848
1456
2009
2088
2373
2974
2979
3143
3232
3885
3903
4635
4962
5342
5684
6746
7145
7777
8320
9202
9237
9375
9570
10431
10443
10491
10533
10597
11301
11608
12287
13366
13911
14293
16095
16097
17175
17413
18176
18608
20006
20725
20886
22242
23617
24138
24469
24528
26117
27632
28588
31950
32830
34579
35325
35716
35909
38734
38786
39846
42371
44571
45031
48113
48624
52910
54004
56671
69583
77244
77654
82756
88295
634
935
1489
1829
1835
2258
2341
3026
3552
3980
3997
5000
5454
5553
5940
6051
6232
6269
6799
7030
7304
7338
7643
7723
8580
9006
9033
9170
10342
10466
10736
10779
11762
12162
12624
13600
14803
15480
15947
16045
16850
20319
20632
21589
24580
25344
25831
25918
26437
29557
31663
31665
32775
34237
35541
36325
36939
36953
43746
44218
45191
46264
47782
47853
49422
49684
53843
64914
71196
71743
194956
879
1333
1434
2006
2034
2459
2646
2848
3122
3486
3920
4095
4234
4714
4993
5255
5461
6278
6369
7459
7586
7744
7912
8218
8429
8632
8969
9007
9527
10838
10841
11482
11983
12572
12792
12886
13457
13760
13968
14030
14560
14701
15500
15745
16707
17512
17907
18655
19528
20017
21123
21261
21634
23173
27455
28999
30299
31681
32633
34795
36283
42117
42314
44896
46438
46570
46910
48018
50407
51227
52039
54547
61801
63280
75741
78503
83532
93711
254
1162
1501
1769
2078
2482
2486
2731
2852
3045
3057
3562
3856
5024
5059
5186
5658
6203
6547
6657
6949
6976
7068
7538
8122
8543
8695
8704
9834
10028
10869
10875
12041
13964
14617
14837
15719
16327
16954
17375
17708
18402
18869
19375
19561
20282
21101
21487
21790
22703
22759
24118
24427
24690
24944
25506
26023
26565
31548
33318
33955
34885
37083
38226
38394
40027
47927
48998
50852
51763
53683
54902
59687
61483
62238
63792
64298
71164
71878
74308
76644
79757
91291
93342
94839
315
540
1531
1611
1742
1943
2670
3044
3163
3326
3422
3876
5546
6694
7444
7749
8119
8900
8920
9233
9787
11217
13200
13731
14390
15318
15382
15486
15615
15693
16853
17640
17659
18041
18091
18486
18709
18738
19195
20021
22353
23680
24163
24191
25113
31816
34002
35551
35792
38479
38523
39652
39875
40079
41836
44005
46568
47906
48895
54315
55893
57287
60922
63656
70514
71072
76698
83548
84243
87990
395
665
785
1128
1136
1166
1273
1648
1737
1766
2266
2949
3269
3295
4524
5067
5483
5602
5611
6207
6450
6641
8174
8421
8541
8990
9030
9970
11298
11607
11881
12549
12960
12983
14156
14688
15598
16089
17461
17622
18656
19101
19194
19334
20843
21070
21180
21419
23793
23833
23958
24201
25721
26728
27380
27743
28405
28592
29863
30047
30515
33447
33713
34532
35022
35872
36073
37923
40523
41275
42191
45101
46070
46262
50731
53893
55461
55665
60134
60840
72218
72921
74730
74886
75275
75419
83567
88989
91563
431
459
727
1269
1313
1369
1816
1850
2509
3500
3884
4261
4327
4455
5708
5789
7730
8027
8298
8433
9011
9240
9628
9646
9815
10264
11833
12296
12348
12542
12564
13087
15003
15391
15625
15933
18214
18334
18413
18510
18741
19087
19816
20235
20327
21363
21711
23255
23474
23975
24643
26974
27622
27654
29844
31377
32645
33980
33989
34243
34858
40711
43400
47392
51103
51574
52510
56502
56994
59593
64277
64970
68328
68372
72870
80347
85943
221719
103
1592
2204
3066
3392
3722
3736
4851
5722
5920
6234
6327
6900
7187
7380
8103
8389
8508
8689
9057
9186
9353
10492
10751
11229
11694
14235
15215
15504
15674
16421
16662
16761
17657
17763
18284
19145
19344
20209
20348
20397
21449
22283
22746
23122
24785
24911
25643
25880
26926
27701
28060
28557
32566
32817
36089
36319
36377
36962
40019
41453
41510
41846
43265
43731
44183
44780
46004
48944
50233
50543
51397
52519
52903
53074
56041
66753
69075
73017
77332
80361
83697
83986
85123
90101
93098
479
833
860
1058
1289
1768
2191
2659
2994
3517
3755
3779
4505
4561
4980
5218
5670
5952
6187
6199
6357
6501
6709
7612
7675
7881
8135
8233
9264
10471
11087
11088
11516
12263
13345
13632
14084
14789
14912
15746
16030
16472
17009
18838
18843
19020
19974
20689
21893
22373
24716
25009
25680
26153
26398
26569
26907
28970
29617
29954
30296
31954
32170
32447
35729
35937
37792
42994
44123
44889
51077
51520
52285
53784
57423
58236
60322
65446
67112
67194
68434
69303
72332
72906
77557
78621
84637
91311
94616
224511
410
464
1005
1085
1314
1393
2001
2623
2798
3081
4729
5183
5790
5793
6044
6347
6550
6807
6880
7110
7778
7982
9010
9043
9824
9896
10460
10925
11136
11614
12415
13030
14611
14933
15597
15708
16171
17191
18376
18549
18844
18923
19688
20113
20938
21019
21945
22103
22586
23658
25040
25399
29256
29296
29346
32635
33358
33972
34320
34475
37285
38563
39334
39757
39823
40071
41382
42866
44240
44521
45715
46485
47026
47739
47993
49134
50360
51624
52264
59716
63039
64013
64547
64708
66533
71534
72418
75988
80728
85864
94175
333
437
461
609
1038
1479
1502
2187
2704
3039
3678
4278
5559
6263
6334
6426
6557
6903
6970
7041
7169
7314
7604
8142
8308
8556
8694
8765
9592
9992
10297
10416
11244
11390
11776
13017
13992
14603
14708
15309
15618
15992
16007
16165
16982
17725
18285
18313
19810
19860
20199
22890
25550
26564
26859
27530
29548
29649
30195
31255
31413
34925
35786
36312
37516
38540
38637
40240
41076
41479
42351
42604
45256
46944
47305
50285
50346
50863
51501
52757
55045
55259
55411
60511
61368
64046
64608
65199
68367
69081
71741
73504
74358
79824
81550
83782
89497
91050
92076
93079
94713
1009
1020
1154
1256
1361
1953
2012
2123
2298
2627
2726
2770
4330
4542
4746
5027
5305
5479
5606
6065
7261
7447
7450
7960
8583
8972
9020
9709
11590
11788
13428
13957
14055
14213
14272
14693
16696
16722
16867
16905
17430
17566
17589
18047
19304
19584
19659
21025
21136
21598
22088
22270
23197
23435
23521
23717
23746
23826
24022
24330
24344
24863
26026
27130
27376
27735
29129
29285
29318
29689
30064
30152
30603
32412
35463
37193
39143
39775
40759
41100
41173
41535
43977
48055
50392
50520
54706
58384
58524
59239
60865
62966
66172
69916
70664
70703
71698
73052
74849
86499
89691
89934
92975
93528
197005
483
560
568
572
654
1035
1482
1929
2208
2271
2689
3383
4789
5645
5834
5941
6150
6429
7302
7393
8838
9109
9261
9444
10054
10137
10506
11488
11555
11674
12234
12618
12868
13667
13940
14029
14116
14193
14589
14661
14971
15428
15444
15724
17495
18172
18553
19731
20511
21543
21650
21772
22573
23769
24316
24318
24862
25068
26777
26789
26816
27047
28687
28880
29029
31184
31753
31800
32866
34512
35045
35822
35980
37170
37543
38641
38841
39770
41244
41454
43095
43647
44305
45156
48220
48270
49616
51217
52755
55160
59769
60037
64241
65512
68589
70126
71088
73220
73401
75318
75395
76591
84250
90166
717
756
1201
1365
2391
2772
2822
2968
3168
3505
4038
4583
4741
4979
5125
5199
5376
5443
5816
5918
6020
6072
7038
7370
7454
7650
7774
8644
10386
10432
10727
10877
10930
11467
12125
12239
14271
15799
16163
17435
17466
17742
17784
17854
17987
18049
18622
18739
18899
19333
19699
20236
21525
21844
22444
22676
23610
23812
24903
25605
25806
29730
31010
32365
32418
34811
36734
37916
39021
40263
40576
41228
43022
44670
46133
46730
46755
47770
48507
49499
51154
51316
51958
52333
56183
57233
58282
63449
65362
65756
67445
70141
72445
72958
76366
77216
79174
80946
81541
84222
86289
88419
88474
90415
92464
159405
688
1003
1557
1803
2320
2443
2518
2857
3118
3703
4084
4324
4390
4826
5004
5263
5361
5444
5477
5968
6090
7350
7686
7785
8388
8461
8488
9543
11323
11691
12689
13014
13784
13804
14020
14682
15019
15207
15427
15679
15767
16653
17092
17363
17557
18732
19261
19352
19660
20318
20797
21221
21645
22687
23353
24781
26178
26222
26878
27534
27572
28475
28889
29690
30683
30787
30851
32345
32396
34898
35134
35430
35531
36221
37027
37463
37996
41015
41586
43374
45872
45993
49248
49549
52000
53245
55718
56591
56900
58706
58932
59608
62597
62971
65316
69264
69526
72298
72454
72703
76342
77340
80045
81589
93144
171446
223978
392
538
662
1019
1080
1098
1106
1242
1513
1692
1899
1937
1967
2091
2382
2427
2630
2675
2870
2995
3497
4747
4961
5087
5188
5357
5370
5437
5460
5610
5896
5935
5943
6352
6561
7027
8023
8245
9013
9497
9620
10250
10306
10512
11809
12337
12899
13873
13902
14257
16988
17617
18182
18987
19074
19231
20774
21693
21905
21948
22207
22558
23472
23508
23891
25115
25325
26068
27018
27446
28639
30035
30057
31138
31788
32332
32689
32958
33180
33279
35355
35590
35748
38005
38986
40136
40923
41103
41863
42204
42764
43044
45030
45071
47940
48575
49364
49644
49763
50245
52971
54227
55375
55616
56497
57304
58044
58237
60832
62746
63734
68929
69315
71405
73313
73879
74054
76624
77518
79299
90162
90258
91817
93887
94802
356
525
712
992
1639
1678
1713
3084
3704
3795
3926
4521
4577
5254
5466
6058
6132
6627
6712
7033
8285
8566
8582
8984
9437
9550
10018
10189
10835
10921
11795
11937
12497
12942
13578
13783
13878
13879
15555
15627
15666
16672
17462
17861
18484
18615
18639
18961
19963
20233
20296
20444
20863
22399
23606
23755
24501
24992
25164
26345
27891
28341
28979
29169
29582
30367
30744
31008
31516
32254
32822
32946
33803
33924
34700
35992
37296
37679
39531
39674
39983
41502
41717
43864
44572
45741
49839
50707
53041
53709
56391
57491
58351
60815
61386
63561
67556
69273
70702
71577
73952
74506
75007
79602
80017
83947
84890
91109
94337
191904
215495
522
530
991
1124
1193
1730
2177
2570
2831
3038
3272
3340
3565
3720
3812
4650
4698
5045
5173
5815
5855
5888
6217
6399
6436
7885
7899
7941
8365
8397
8435
9445
9765
10066
10896
11353
11744
12058
12404
12877
13080
13086
13423
15121
16359
16629
16778
20352
20656
21748
22263
22885
25111
28739
29246
29381
29910
31389
31589
31975
32313
32472
32783
33634
33651
34250
40628
40803
41553
43876
44504
46758
48117
48508
48608
49314
50657
52478
54624
54938
55456
55471
56538
57078
58251
58762
59440
61569
66571
69089
75108
76524
77358
79321
80790
82170
84282
85213
85248
89562
91229
91892
92576
941
966
1102
1129
1212
1410
1476
1663
1797
1808
2005
3002
3429
3600
3659
3674
3732
3806
3820
4022
4268
4371
4589
4671
4820
5152
5262
5820
6144
6267
6437
7725
8274
8381
8744
8994
9273
9357
9363
9785
10122
10345
11144
11531
11678
11698
12559
13178
13193
13531
13921
14135
14421
14714
15289
15451
17388
17673
17865
17977
17981
18006
18011
18112
18730
18811
19278
19407
19851
22082
22142
22414
22670
23428
23480
24156
24502
24761
26170
26524
26970
27795
28593
29672
29812
30098
31192
31940
32508
36000
36004
37647
37734
38365
38433
38482
38951
39512
41994
42019
42809
42983
43938
46525
46931
48217
48929
49795
50083
51342
55698
56970
57035
59093
62546
65883
66352
66592
68194
70281
71660
71915
74593
75625
76564
77646
78257
86851
90177
91053
91342
95356
169286
610
932
994
1221
1292
1701
1875
1924
1983
2225
2504
2858
2877
3214
3262
3496
4195
4540
4858
5433
5647
6214
7005
7736
7787
8012
8525
8548
8714
9327
9405
9433
9675
9940
9979
10000
11248
11411
11477
11822
12000
12536
12544
12807
13891
14078
14170
15238
15783
15956
16496
17295
17323
17516
18086
18217
18836
19080
19653
20050
20484
20657
21209
21218
21405
22433
23344
25472
26747
26805
27566
28608
28878
29921
31151
33444
34319
34358
36151
36618
36634
38778
40374
40557
41050
41257
42417
43693
44491
45697
46451
46995
47590
50231
54154
54900
55956
57174
58446
60055
62428
62512
63613
66692
71152
72606
74248
76380
77912
78919
85623
86379
88571
90174
93327
94997
858
1277
1327
1391
1514
1810
2054
2248
2251
2270
2380
2500
2827
2987
3149
3218
3362
4213
4449
5511
5674
5718
7408
8005
8077
8167
8207
8286
8288
8530
8807
8881
9366
9842
11009
11261
11517
11963
12185
12189
12192
12681
12727
13281
15041
15145
15232
15366
15851
16693
16909
16923
17988
18092
18307
18555
18805
19298
20066
20432
20621
21464
22527
22690
22879
22931
23116
23497
23703
23926
24028
24773
25117
25249
25471
26207
27293
27384
28547
29283
29642
29914
30214
30407
33226
33717
34089
36655
37003
37832
40129
40506
40821
41477
41643
43015
44038
44699
44732
46058
46088
46291
46373
46522
46736
47688
49169
49927
53579
54917
57172
62810
63152
64969
66702
69184
70975
75282
77333
79375
79750
79817
80681
84481
93324
95530
208711
637
726
755
1053
1525
2116
2260
2344
2799
3152
3217
3787
4166
4497
4696
4859
5369
5411
5591
5599
6005
6226
6816
6928
7319
7466
7615
7859
7918
8445
8673
9266
9420
9520
9594
9886
10257
10952
11494
11633
11829
12395
12794
12850
13249
13596
14147
14664
14673
14800
15478
15749
15843
16539
17182
17310
17855
17900
18617
18766
18790
19232
19342
19464
19492
19569
19616
20417
20720
21358
21902
23485
23977
24342
24504
24670
25174
25256
25547
26025
26477
26616
26760
27159
28042
28476
28718
28776
28856
28898
30132
30537
31341
31925
32292
33025
33501
34094
34305
34952
35680
38680
39698
40621
40785
40812
43187
44115
45217
45345
45972
46482
47676
47913
51842
54577
60013
61571
61763
64025
72458
72529
75297
76706
82608
83305
86542
87316
88429
89013
90804
204019
242
404
1117
1163
1195
1310
1671
1759
1966
3042
3435
3593
3854
4052
4092
4292
4362
4748
4981
5550
5571
5738
6383
6744
7188
7489
7913
8094
8589
8891
8970
9095
9201
9315
9391
9833
9929
10180
10195
10207
10313
11129
11429
12207
12225
12253
12648
12836
13004
14410
15346
15487
15528
15804
16849
17058
17422
18465
19482
19729
20090
20663
22278
23066
23074
23451
23587
23815
24572
24676
24955
25315
25774
25989
26168
26515
26884
27043
27086
27419
28759
29045
29485
29755
29865
31821
32572
33901
33932
33971
34653
35559
35915
37733
38891
39155
40039
40476
40823
43859
45388
45783
47326
47440
47500
48304
50958
51000
51047
51694
52240
53354
54469
59469
59673
62475
63673
64706
65710
65942
67981
69692
71970
73789
75021
76027
77742
78253
80511
80711
81292
82923
83111
85811
90189
90805
91630
237
248
439
495
617
758
766
1184
1260
2138
2806
3258
3334
3923
3996
4010
4091
4293
4397
4681
4856
4904
4928
5065
5202
5854
5882
6273
6565
6637
7258
7662
7903
8194
8652
8925
9395
9586
9671
9878
9883
9889
10486
11156
11283
11501
11729
11995
12211
12315
12410
12528
12935
13273
14282
14358
14713
14746
14779
15069
15354
15401
15644
16219
16249
17614
17801
18904
20053
20819
21756
22190
22380
22768
22868
22924
23288
24167
24593
26548
26909
27315
27408
27670
28279
29113
29422
30938
31136
31973
32010
32017
32100
32853
34656
35683
35701
35727
37753
38460
38587
38696
40087
40252
40718
43854
45140
45588
46437
47681
48300
48595
49406
51866
52349
52371
52782
53206
54521
55112
58305
59724
60294
60782
64381
65027
66329
67528
67909
68853
70611
72677
73732
74794
75354
75527
76176
77953
78015
79062
79077
80534
86320
87020
88173
90942
90961
94533
94938
452
497
900
1037
1487
1508
1577
1836
2036
2184
2299
2305
2343
2515
2839
3266
3693
3718
3868
4083
4241
4657
5453
5865
6184
6331
6592
6843
7574
7711
7828
7934
8053
8697
8729
8758
8826
9188
9425
9744
9879
10602
10675
11058
11167
11435
11457
11661
11810
11811
12164
12610
12659
13037
13201
13505
13648
13666
13867
14164
14385
14459
14508
15286
15802
15803
16365
16366
16499
16705
17420
17471
18034
18715
18814
18865
18894
19163
19303
19532
19912
20045
20078
21111
21767
22157
22546
22860
23777
24005
24482
24657
24869
25064
26782
27226
27631
28115
28632
29324
32368
32804
34129
34742
35067
35136
35648
36529
36722
37250
37310
38959
39294
39492
40088
40457
42642
42701
42798
43088
45287
45462
46395
47426
47506
48241
48601
48647
49634
52275
53442
55649
56940
57559
57573
57704
58333
58533
59243
59521
63723
64379
65319
67976
70378
70826
71209
71428
72245
73071
73119
73342
73360
74455
74715
75362
75843
76939
77839
81404
82405
82721
84283
84801
85116
87749
89391
92713
172100
302
630
837
993
1229
1297
1326
1475
1620
1665
1688
1744
1756
1981
2156
2719
3033
3109
3537
3594
3845
4185
4469
4541
4690
4754
4871
5086
5174
5194
5494
5587
5609
5762
5781
5851
6554
6582
6852
6902
6960
6986
6994
7716
7782
8117
9610
9657
10108
10155
10371
11086
11302
11469
11748
11801
12115
12184
12777
13024
13048
13162
13486
13643
13665
13780
14053
14081
14120
14556
14706
14970
15129
15273
15818
15915
16345
16424
16643
18120
18877
19206
20069
20604
20658
20684
20961
21146
21516
21780
22076
22108
22260
22805
23384
23731
24408
24442
24644
24818
25393
25749
25905
26019
26228
26336
27193
27248
27345
28830
29166
30174
30202
30372
30412
31376
31385
31547
32944
33030
38707
38978
39411
39964
42127
43195
44518
44656
45161
46250
46529
46683
47264
47460
48336
49011
49765
51274
51525
51922
53611
53782
53977
54360
55223
57689
57716
59528
60210
60852
61535
63164
64318
65424
66254
66337
68207
68565
69515
73013
77231
78157
79482
81873
83713
86775
86908
87502
88278
89482
90406
95272
170859
398
647
719
892
930
1046
1089
1258
1421
1569
1635
1637
2275
2447
2488
2602
2885
3067
3071
3811
3858
4159
4935
5025
5274
5878
6059
6241
6393
6765
7095
7326
7364
7426
7904
7907
8029
8110
8265
8322
8550
8821
8860
9139
9227
9302
9747
9915
9917
10202
10393
10523
10584
10612
10868
11000
11002
11219
11700
12117
12388
12490
12697
13002
13053
13404
13751
14037
14414
14436
14583
15153
15275
16049
17290
18423
18702
18725
19834
20166
20170
20503
20555
20564
20825
21066
21080
21563
22384
22615
22843
23156
23159
23448
23908
23912
23951
24921
25098
25108
25791
26044
26104
26264
27221
27410
27588
27817
27906
27974
28261
28299
28454
29006
30516
31350
31410
31451
31966
32504
33528
33840
34088
35166
35254
35617
36162
36320
36445
36536
36600
36693
37282
37844
38000
39202
39618
39923
39970
40188
40335
41012
43690
44102
44208
44734
44782
45326
45951
46177
46422
47289
47722
48588
49187
49699
49879
50970
51275
52220
53081
53121
54409
54633
56768
57441
59951
60367
61416
61815
62951
63606
65063
65765
67599
69454
70564
70688
71047
71376
72276
73165
75177
76980
78249
81010
81893
83290
83581
84364
86297
93432
1183
1302
1348
1447
1448
1515
1772
2699
2724
3202
3350
3391
3439
3635
3943
3944
4074
4188
4199
4226
4459
4470
4699
5101
5801
5880
6018
6097
6185
6342
6508
6622
6833
6885
6946
7571
7660
7834
8041
8400
8452
8577
8790
9287
9297
9504
9870
10130
10519
10573
10642
10694
10712
11045
11168
11294
11667
11932
12258
12339
12448
12867
13126
13351
13375
13492
13716
13885
13985
14239
14345
15582
15715
16044
16066
16236
16893
17210
17501
17671
18686
19264
19641
20286
21620
21709
22372
22784
23021
23591
24894
25559
26211
26324
26519
27069
27427
28238
28288
29784
30463
31489
32149
32975
33028
33439
33649
33805
34932
34987
35234
35547
35636
35672
35819
36292
36893
38079
38203
38943
39417
39552
40098
40473
41670
42675
43406
43565
43649
45157
45371
45640
45901
46146
46793
47308
48103
48233
48752
49002
50188
50474
50821
52540
55739
56129
57411
58215
58880
59977
66171
67037
67407
67446
68153
68476
69024
70290
72249
72826
73399
73533
74247
74671
75721
76828
77761
79058
79659
82520
83778
85317
86037
86896
91132
91417
91786
92226
94912
100
113
690
826
834
1123
1295
1384
1407
1446
1696
1712
1792
1793
1947
2065
2203
2238
2346
2408
2935
2958
3148
3468
3542
3902
3949
4079
4266
4450
5095
5423
5487
6024
6178
6292
6430
7025
7734
7767
7865
7969
8051
8229
8284
10391
10488
10524
10705
10862
10956
10963
11428
11545
11566
12874
13606
13750
13935
14008
14129
14269
15057
15403
16021
16143
16156
16475
16699
16987
16996
17021
17180
17952
18880
19335
19460
20077
20265
20590
21365
22338
22349
22591
23017
23819
23870
24268
25092
26317
26759
27571
27642
27870
27971
28024
29875
29890
31114
32636
33095
33413
34218
34367
36171
36352
37780
38429
38595
39303
40727
41085
41248
41270
41642
41829
41961
43469
43660
43919
44024
44439
44647
45553
46936
47238
49754
51021
51424
51487
52651
52742
52940
53063
56794
57873
57956
59037
59327
59348
60012
60040
60826
70027
71142
72553
73892
74027
74291
74933
75800
76012
76321
77282
78062
81344
85946
85987
87709
88251
88408
89063
91156
92266
93655
191107
915
984
1028
1119
1214
1574
1643
1655
1984
2014
2246
2432
2835
2874
2879
3017
3111
3338
3466
3547
3614
4053
4175
4475
4499
4588
4686
4740
4818
4958
5214
5259
5308
5495
5886
6063
6361
6409
7003
7075
7092
7402
7510
7947
8547
8827
9090
9189
9335
9501
9892
10307
10340
10456
10470
10621
11882
12143
12406
12609
12724
13190
13747
13818
13998
14247
14333
14722
14936
15020
15262
15529
15611
15793
15958
16296
16300
16501
16965
17123
17234
17318
17465
17656
17933
18352
18387
18498
18868
19027
19212
19417
19739
19815
20054
21156
21542
21574
21992
22564
23032
23429
23549
23737
25030
25432
26678
27392
27545
28508
28705
28934
29493
30663
30869
31053
31091
31137
31154
31314
31545
31706
31969
32346
32641
32690
32897
33591
33750
33771
34743
36044
36369
37564
37877
37934
39094
40799
40961
41019
41372
41874
41928
42707
42843
43441
43838
45891
46950
47161
47219
47807
47869
48038
50509
52448
52915
55341
56257
56378
57238
57265
57650
58435
58747
59782
60346
60489
60894
61055
62532
62732
63266
63430
64151
64358
65932
69367
69486
70342
71105
75150
79358
79987
80246
81356
82634
83083
83306
85596
86018
87539
89647
90373
91928
94429
94687
225505
389
502
811
909
1640
1897
1956
2015
2239
2783
2809
2824
3088
3233
3283
3381
3395
3403
3442
3471
3581
3682
3886
3906
3957
4037
4830
4838
4929
5446
5564
5827
6066
6148
6375
6416
6438
6530
6609
6767
6823
6864
6968
6972
7362
7423
7745
8176
8592
8593
8640
9154
9277
9343
9680
9805
10021
10231
10265
10296
10357
10358
10558
10630
10641
10800
10844
10886
11072
11159
11272
11438
11514
11672
11766
11806
12071
12436
13455
13543
13754
13789
14142
14642
14810
16001
16164
16565
16687
16744
16916
17240
18104
18153
18326
18453
18633
19318
20161
20485
20723
21054
24199
24228
25012
25691
26190
26266
26540
26895
27995
28146
28538
28945
29449
31013
31304
31325
31882
32290
32570
32588
32850
33763
34150
34303
35393
36222
36414
37582
39754
39867
39916
40509
41603
42837
43217
43718
45881
46768
47457
47614
48085
48567
51411
51598
52390
52853
55512
56246
56695
57479
58345
59799
60943
61199
61337
61878
62095
62579
63415
63682
65077
65326
65611
65702
66836
67765
67926
69355
71073
71552
73493
76742
80248
84068
86286
87715
89346
90146
90410
93763
94408
154150
157
889
924
927
1231
1382
1460
1544
1681
1889
1938
1979
2141
2167
2217
3605
3634
3960
3978
4126
4179
4352
4394
4845
4866
5036
5697
5707
6743
7083
7108
7495
8231
8293
8409
8625
9162
9658
9790
9853
9909
9958
9984
10132
10266
10382
10655
11105
11399
11466
11662
11807
11985
12293
12480
14352
14376
14607
14647
14698
14768
14827
15006
15259
15544
16015
16093
16343
16543
17571
17902
17955
18109
18383
18689
19373
19670
19671
20152
20537
20722
20728
21199
21330
21414
22464
22807
23001
23477
23693
24030
24186
24332
24571
24666
24876
25223
25502
25662
25910
25977
26208
26956
27255
27413
27585
27857
28067
28372
30557
31344
31361
32001
32631
33155
33472
33585
33586
33850
34163
35742
35776
35931
36193
36482
37197
37715
37725
39204
39516
39622
40625
40921
41131
41476
42085
42750
43453
44401
44776
45224
45933
46007
46261
46424
46819
47122
47368
49126
49814
49878
51199
51623
52671
52931
53349
53379
54835
55000
55179
56256
56992
60258
60583
60681
61364
62623
63396
64204
64295
65201
65277
65511
65769
65909
67354
69299
70254
70558
70825
71679
73873
74252
74550
75454
80105
80313
82529
82622
82670
84999
89122
89171
89417
91020
91232
91954
92340
157526
238816
384
521
526
855
921
1039
1584
1762
1859
1982
2011
2024
2334
2366
2383
2485
2804
2820
3024
3079
3444
3493
3601
3613
3621
3791
3815
3913
4246
4337
4480
4653
4662
4823
4890
4941
5197
5297
5317
5396
5612
5673
5742
6497
7301
7655
8033
8196
8248
8269
8916
9231
10017
10116
10317
10464
11033
11100
11425
11452
11906
11912
11993
12008
12200
12361
12934
13244
13969
14004
14343
14344
14541
14695
14735
15031
15036
15220
15291
15412
15754
16337
16858
16910
17049
17220
18043
18470
18605
18801
18939
19166
19390
19573
19588
19643
20254
20588
20627
20759
20822
20990
21307
21927
21988
22469
22956
23409
23641
23748
24385
24645
25625
26225
26257
26640
26713
26714
26988
27090
27282
28339
28621
29010
29545
29550
29567
29868
30559
30575
30777
31063
31195
31756
32530
32878
33319
33335
34533
35935
36165
37183
37631
37763
38937
39350
39468
39927
40624
41127
41658
41702
42494
44116
44932
45479
45735
45867
46203
46361
46980
47202
47596
49259
50110
51390
52490
53140
53845
55492
55979
56167
56583
57296
59036
59993
60854
61558
62174
63160
63305
69015
69193
69335
70714
72141
73172
73624
74554
75869
75897
75959
77154
77269
77971
80330
80904
81978
83750
83764
83806
83901
84419
85713
85881
86108
87905
89046
89161
90790
94441
209568
243343
379
652
671
965
1050
1320
1465
1540
1702
2114
2150
2309
2355
2963
2969
3007
3180
3264
3458
3536
3637
3838
3931
3965
4048
4508
4620
4864
5075
5110
5228
5439
6011
6084
6265
6349
6464
6491
6536
6569
7107
7166
7411
7590
7812
8085
8098
8170
8534
8995
9518
9611
10499
10579
10929
11078
11151
11317
11602
11889
11994
12077
12583
12757
12809
12888
12961
13120
13316
13538
14523
14606
14783
14844
15279
15335
15473
15622
15672
16018
17218
17233
17852
18085
18195
18374
18505
18710
19401
19468
20592
21557
21779
22024
22121
22273
22562
22763
22839
23394
23799
23839
24233
24290
25006
25186
25465
25523
25621
25678
25709
25717
25784
26055
26099
26709
27536
27882
27929
28149
28188
28342
28546
28647
29472
29976
30520
30686
30875
33041
34093
35629
35635
35778
35796
36373
36988
37522
38453
38661
39013
39087
39938
40053
40064
40170
40186
40657
41538
41634
41853
42054
42123
42763
43365
43467
43774
44003
44719
45859
46417
46459
46517
46608
46632
47959
48493
49712
50236
50579
51913
51923
52041
52484
52610
54778
55884
56443
57060
57735
59571
60316
60736
61400
62041
62131
62225
62910
63151
64133
64507
66338
66756
67087
67328
67578
68117
68962
69612
69905
70527
73828
74751
75332
78014
78285
78444
78620
78951
80186
82565
83272
85238
85576
85677
87396
92207
92288
92824
93720
94248
94542
95085
152688
189867
245
651
859
1036
1097
1321
1563
1586
2139
2171
2231
2479
2499
2707
2814
2836
2928
3053
3101
3335
3549
3843
3951
4377
4452
4825
4839
4913
5042
5231
5273
5414
5632
5671
5683
5894
5934
6113
6249
6528
6892
6909
6962
7185
7418
7468
7504
7683
7872
7942
8337
8752
8856
8865
8877
8890
9035
9250
9509
9632
9715
9733
9773
10188
10291
10300
10570
10901
10969
10978
11044
11081
11134
11158
11550
11628
12140
12188
12254
12492
12791
12833
12852
12891
13028
13035
13042
13452
13761
13920
13923
13976
14199
14336
14399
14420
14471
14502
15011
15048
15142
15599
15848
16145
16293
16506
16714
17076
17308
17319
17324
17385
17720
17898
18053
18126
18354
18683
18778
19153
19155
19181
19222
19269
19669
19927
20325
20406
20409
20522
20918
21793
21915
21969
22114
22196
22668
23059
23417
23879
23880
24481
24712
25091
26009
26592
27173
27227
27271
27385
27738
28025
28441
28761
28921
28969
29177
29377
29787
29986
30499
30678
30820
30907
31133
31802
31911
32157
32315
33350
33513
33652
33973
34463
34736
35433
35452
36012
36250
36802
36895
37008
37693
37781
38245
39149
39407
40671
41080
41478
42106
42173
42398
42859
43098
43716
43752
43840
45112
45243
46657
48037
48140
49534
50897
51192
51284
51442
52680
53663
54359
55018
55224
55831
56407
57322
57805
58334
58752
61544
62214
62502
62991
63285
64963
65183
65219
65867
65972
67010
67039
67100
67190
67347
67622
67632
68064
68304
68394
70103
71053
73585
73815
74551
77291
78533
79488
79830
80931
81351
81400
82015
82805
82984
84591
86985
87987
88283
89287
90130
90922
92517
94205
480
656
772
971
1143
1239
1249
1250
1311
1703
1746
2048
2291
2412
2508
2598
2647
2732
3588
3916
3946
4104
4345
4956
5109
5119
5299
5391
5509
5551
5597
5710
5737
6006
6081
6101
6256
6295
6328
6591
6698
7010
7354
7368
7373
7430
7533
7980
8081
8149
8201
8347
8355
8531
8686
8708
8797
8949
9868
10459
10724
10733
10842
10910
11016
11095
11357
11650
11817
11846
12242
12288
12312
12768
12786
12793
13031
13324
13334
13744
13795
13827
13868
13899
14016
14166
14567
14838
14938
15240
15408
15448
15499
15513
15566
15664
15930
16237
16279
16522
16540
16556
16838
16865
16952
16991
17073
17429
17479
17561
17576
17877
17965
18080
18586
18641
19130
19568
19969
19980
20052
20163
20420
20541
20572
20654
21135
21240
21388
21463
21561
21616
21769
22672
22945
23949
24065
24081
24122
24582
25244
25442
25516
25828
26084
26555
27051
27558
27944
28671
28694
28738
28962
29259
29442
29951
30126
30269
30337
30662
31959
32153
32729
32790
33179
33313
33621
33890
33926
35562
35682
35764
35908
36683
36733
36773
36928
37098
37158
37308
37568
37705
38208
38408
38424
39108
39498
40568
41151
42077
42451
43181
44145
44219
45427
45435
45625
46333
46431
46674
46922
47193
47272
47476
47640
49897
50017
50492
51268
51322
51833
52146
53440
54040
54042
54596
54808
56075
56723
58751
59140
59542
60418
60730
61249
61819
62076
65581
67264
67486
69472
70221
70392
70553
72671
73074
75008
76506
76514
78298
78419
79133
79177
79588
80088
80091
81340
81555
81585
82515
82740
85023
85543
89871
90128
91035
91338
92991
93485
94305
94751
238448
115
504
509
573
875
1101
1175
1457
1493
1632
1971
1986
2155
2199
2304
2416
2471
2568
2674
2754
2999
3146
3312
3430
3434
3864
3900
3967
4645
4735
4810
4873
4972
5058
5238
5278
5567
5726
5875
6176
6233
6503
6917
6941
7065
7073
7309
7371
7493
7503
7547
7601
7663
7694
7762
7825
7905
7910
7994
8238
8290
8303
8519
8594
8958
8960
9147
9156
9428
9467
9704
9724
9828
9882
9949
10140
10624
10787
10828
10867
10933
10984
11028
11340
11431
11451
11572
11746
11982
12232
12802
12824
13033
13160
13236
13333
13555
13605
14202
14226
14331
14777
14917
15028
15202
15308
15515
15589
15612
15759
15899
16059
16127
16415
16873
16889
17244
17440
17633
17651
17709
17730
17785
17806
17864
18003
18373
18857
18893
19337
19517
20189
20375
21354
21479
21533
21747
21909
22044
22153
22666
22983
23018
23636
23841
24285
24402
24590
24628
25112
25629
25682
25766
26141
26209
26667
28689
29174
29350
29389
29413
29697
29925
29960
30551
30613
31104
31534
32007
32483
32556
32603
32713
32793
32827
33075
33108
33671
34045
34124
34294
34492
34769
35110
35195
35953
36656
37060
38192
38491
38697
38838
38921
38944
38999
39135
39426
39475
39495
40786
41135
42177
42393
42835
43402
43405
43568
43681
45002
45035
45041
45784
46100
46161
46226
46452
46578
46729
47187
47488
47737
47835
48005
48193
48482
48683
48743
48952
48957
49516
49595
49724
49760
49823
49991
50382
50570
51443
51555
51819
51973
51990
52589
52807
53915
54589
54909
55773
56235
56702
56999
57350
58371
58877
59467
59780
59920
62486
62586
63337
64313
64815
65411
65753
65789
66052
66320
66425
67234
68252
70227
70376
70485
70827
71818
72442
72474
72642
72710
73048
73592
75032
75349
77303
77650
78304
78636
78885
79566
79700
79722
80149
81588
85148
85789
87519
89326
89478
91236
92060
92927
92942
94718
94766
167395
220491
596
746
807
938
945
962
1099
1164
1291
1334
1427
1882
1949
2206
2209
2585
2867
2912
3083
3144
3281
3318
3412
3455
3503
3541
3606
3631
3757
3848
3936
3939
3994
4219
4519
4659
4910
5011
5037
5136
5147
5217
5468
5475
5716
5870
5939
5990
6160
6182
6239
6512
6523
6920
6988
7002
7061
7376
7451
7644
7693
8076
8139
8262
8345
8469
8482
8876
9059
9475
9691
9987
10144
10551
10982
11360
11368
11377
11641
11794
11855
12017
12529
12932
13372
13441
13792
14122
14335
14543
14687
14739
15072
15177
15390
15439
15445
15626
15689
16245
16531
17166
17190
17193
17391
17787
17887
18193
18781
18827
18927
18941
19060
19389
19421
19846
20421
20569
21033
21121
21410
21604
21684
22116
22203
22638
22729
22770
22873
22889
23040
23378
23695
23883
24393
24475
24508
24512
24531
24642
24701
25651
25946
26035
26129
26258
26657
26711
26961
27123
27132
27204
27372
27420
27811
28170
28702
28862
29013
29130
29211
29300
29393
29454
29508
29723
29772
30067
30076
30135
30160
30184
30226
31627
31644
32300
32516
32837
33055
33356
33530
33550
34578
34766
35250
35272
36527
36632
36751
36781
36897
36947
36951
39319
39527
39643
39748
39753
39802
40115
40495
40619
40769
40857
41152
41355
41439
41565
41636
41641
42583
43260
44577
44639
45549
45594
45943
46205
46242
47020
47077
47438
47563
47876
48755
49170
49940
50252
51273
51280
51371
51690
52059
52300
52889
53396
53992
54006
54119
54143
54219
54361
55173
55402
56141
56374
57325
57610
57744
58183
58507
58977
59082
59229
59802
60514
61010
61378
61584
61744
61995
63062
63259
63504
63544
63799
64415
64416
64512
64604
64763
65081
65088
67205
68695
68754
68766
70313
70563
70617
72002
73146
73682
74056
74321
74757
74903
75654
76111
79531
80118
80316
80363
80513
82385
83711
85231
85349
86674
86771
87009
88088
88259
89794
90738
93956
218940
482
715
753
782
792
1355
1470
1545
1580
1964
2152
2262
2312
2387
2516
2563
2856
3090
3792
3814
3828
3844
3975
4230
4279
4322
4356
4500
4805
4902
4925
4963
4982
5009
5367
5400
5769
5872
6086
6266
6647
6790
6853
7026
7172
7328
7333
7449
7699
7761
7897
8255
8324
8692
8782
8883
8993
9073
9951
10222
10335
10588
10653
10837
10957
11090
11318
11654
11684
11834
12551
12641
12674
12895
12904
13021
13059
13184
13425
13473
13478
13501
13679
13733
13839
13852
13906
13908
13955
13991
14047
14072
14172
14265
14726
14957
15204
15332
15415
15663
16077
16352
16382
16575
16739
16973
17169
17349
17358
17896
17961
18066
18149
18155
18160
18165
18664
18717
18718
19208
19386
19857
20389
20434
20940
21597
21623
21624
22014
23252
23358
23512
23527
23837
23937
24238
24270
24354
24864
25728
25891
26022
26147
26162
26401
26739
27710
28560
28699
28763
29353
29471
29616
29796
29806
30308
32110
32384
32683
33291
33301
33451
33660
34021
34636
35289
35750
35838
36497
36593
36670
36884
37002
37448
37458
37860
38205
39214
39656
40103
40143
40229
40231
41014
41619
41930
41960
41966
42346
42441
42629
42644
42744
43230
43250
43382
43807
43976
44061
44550
44852
44878
45097
45770
45834
45843
46141
46559
47100
47897
47965
48232
48621
49146
49400
50627
50638
50710
51309
51700
51901
52204
53345
53601
54868
54874
55024
56267
56435
57949
57953
58085
58169
58391
59227
59476
59661
60003
60416
60480
61471
62427
63998
64121
65473
65828
65884
66567
68159
68642
68797
68957
69569
69725
70496
70653
71287
71495
71805
72971
73193
74636
75051
76458
77019
79300
81406
81520
81944
82115
82464
82613
83082
83934
85062
85625
86236
86300
86354
86914
87267
87773
88463
92649
92679
93490
93604
94211
95559
169575
211342
214679
228753
242333
222
358
484
543
818
906
973
1075
1180
1197
1266
1317
1628
1941
2132
2172
2244
2435
2615
2712
2743
2786
3048
3251
3585
3628
3684
3805
3991
3993
4817
5181
5501
5661
5909
6146
6196
6294
6309
6434
6721
6910
7037
7263
7341
7703
7861
7923
7944
8034
8394
8722
8940
8961
9040
9183
9301
9313
9362
9515
9603
9667
9708
9786
9936
10079
10181
10346
10686
10790
10878
10883
10893
11106
11143
11753
11771
11778
11815
11901
11955
12456
12500
12834
13172
13390
13581
13875
13918
14148
14276
14518
14628
14689
15246
15306
15551
15620
15932
16494
16546
16594
16856
16890
17403
17424
17675
17679
18274
18308
18974
19000
19173
19349
19448
19577
19613
19722
19752
19849
20328
20781
20950
21631
21661
22175
22709
22750
22824
22830
23163
23240
23466
23677
23864
24112
24173
24425
24600
24762
24985
24987
25619
26314
26381
26472
26774
27084
27137
27484
27805
27833
28227
28262
28790
28868
29378
29492
29569
29621
29965
30287
30746
31227
31505
31617
31625
31810
32391
32563
33779
34284
34764
36056
36370
36421
37093
37157
37172
37435
37506
37655
38331
38562
38649
39003
39397
39842
39946
40049
40323
40362
40832
40969
41111
41831
42024
42088
42236
42637
42815
43000
43188
43216
43493
43510
44472
44511
44610
44644
45059
46299
46780
47004
47391
47843
48150
48611
49245
49382
50702
50914
51185
51985
52011
52152
52351
53109
53485
53757
54302
54395
54654
54731
55189
55275
55549
56817
57416
57517
58205
58293
58497
58876
58896
59178
60477
61664
61774
62259
63670
63735
65506
65903
67537
68445
68680
69115
69366
69581
70546
72101
75122
75899
76640
77443
78365
78724
79119
79213
80435
80886
81611
81813
82432
82525
82637
82698
82699
83876
84199
85357
85978
86657
88017
91240
92080
92895
92998
94693
164014
169143
216619
218784
94
95
109
661
675
931
1041
1082
1488
1642
1774
1854
1975
2058
2060
2103
2247
2323
2378
2522
2782
2864
3188
3197
3492
3670
3810
4190
4228
4289
4342
4400
4611
4678
4811
4847
4948
5127
5455
5463
5481
5668
5807
5889
5903
6114
6142
6246
6308
6362
6752
6933
6961
7134
7227
7298
7332
7661
7850
7853
7857
8079
8090
8317
8471
8591
8615
8808
8908
8926
9075
9299
9613
9731
10003
10104
10218
10272
10277
10349
10350
10474
11187
11188
11346
11524
11655
11680
11740
11816
11851
11888
11954
12147
12169
12316
12747
12804
12913
12921
12945
12951
12991
13046
13051
13121
13153
13301
13509
13634
13699
13727
13791
13974
14290
14362
14622
14644
14981
15209
15720
15732
15907
16336
16578
16686
16691
16815
16908
17006
17328
17426
17467
17733
17917
17957
18004
18180
18526
19119
19123
19142
19197
19307
19483
19820
19953
20025
20038
20204
20388
20558
20821
20941
21214
21272
21808
21850
21928
22168
22430
22518
22777
22977
23111
23235
23614
23740
23913
24054
24300
25025
25257
25367
25673
25697
25716
25835
26091
26115
26242
26690
26737
27024
27172
27469
27704
27766
27926
27997
28496
28657
28919
28983
29102
29286
29369
29404
29781
30183
30221
30498
30715
31467
32127
32543
33094
33259
33540
34325
34923
35313
35614
35721
35728
35836
36111
36331
36599
36725
36784
37280
37355
37539
38645
38981
39113
39737
41124
41531
42471
43559
43923
44007
44812
45438
45477
46306
46484
46878
47226
47692
47985
47989
48162
48342
48928
48955
49135
49401
49577
49682
49918
50074
50099
50717
50952
51010
51516
51730
52287
52304
52436
53113
53518
53877
54262
54616
54935
55110
55950
56730
57592
57878
57928
59489
59557
60446
60537
60893
61383
61551
61872
62488
62690
64448
64495
65966
66375
66848
66884
67042
68405
69097
69369
70665
70884
71934
73560
74153
74689
75509
75874
76594
76650
77575
80516
80566
80798
82024
82078
82537
83698
84470
84488
84526
86757
86891
90650
90700
93193
93228
93329
94848
95320
95464
153196
182349
216387
441
747
1286
1300
1336
1426
1548
1565
1807
1922
1958
2025
2159
2303
2368
2370
2461
2564
2676
2807
2897
3467
3529
3539
3763
3769
3803
3984
4031
4314
4378
4983
5198
5246
5457
5574
5840
5959
6377
6511
6651
6655
6771
6848
7337
7378
7593
7608
7713
8072
8223
8287
8623
8671
8685
9008
9061
9128
9421
9685
9872
10269
10406
10453
10542
10543
10958
11026
11047
11091
11122
11145
11497
11648
11679
11747
11908
11958
12070
12078
12145
12314
12390
12396
12398
12588
12865
12908
13022
13049
13451
13483
13537
13673
13826
13963
14077
14263
14312
14380
14454
14486
14670
14916
15002
15114
15155
15313
15340
15647
16099
16295
16324
16410
16646
16943
17051
17454
17616
17740
17954
18013
18044
18270
18791
18796
18863
18882
19042
19133
19594
19675
20239
20256
20279
20290
20308
20310
20960
21018
21024
21138
21143
21335
21503
21629
21637
21697
21831
22476
22589
22631
22637
22765
22773
22778
23081
23164
23177
23398
23583
23597
23996
24963
25642
25902
25914
26313
26352
26436
26748
26832
26887
27167
27342
27587
27780
27785
27962
28003
28913
29297
29398
29552
29980
30017
30150
30692
30705
30976
31000
31007
31049
31266
31267
32184
32337
32757
33645
34126
34205
34229
34318
34338
34559
34574
34919
35035
35282
35326
35811
36260
36438
37175
37538
37638
37828
37882
38157
38611
38627
38832
39226
39272
39582
39743
39773
39783
39910
39977
40007
40358
40608
41139
41185
41227
41289
42029
42125
42370
42641
42648
43070
43241
43386
43929
45306
45569
45811
45887
46034
46370
46607
47283
47389
47983
48459
48528
48704
48964
49826
50715
50889
51008
51187
52183
52728
53330
53343
53512
53630
53800
54266
54587
54622
54879
55136
55219
57608
58140
59086
59328
59330
59710
60445
60777
61899
62127
62210
62614
62747
63320
65184
65386
65731
66141
66452
66863
67102
67235
67292
68282
68707
68716
68792
69521
70104
70229
70637
71764
71866
72569
73104
74641
74653
76892
76954
78234
78573
78858
78911
79103
80397
80897
81222
81565
83208
83220
83704
84012
84362
84972
85347
87250
87546
87630
88377
88515
88762
88888
89095
90835
91155
91200
91729
91862
91986
92383
92954
93974
94480
162451
233622
233969
245610
372
455
683
798
890
918
1122
1224
1413
1570
1588
1589
1595
1624
1625
1847
2212
2403
2525
2771
2813
2950
3005
3209
3267
3271
3620
3855
3878
3910
3986
4000
4149
4158
4180
4205
4240
4395
4451
4488
4495
4503
4852
5085
5508
5623
5634
6067
6163
6201
6211
6314
6322
6387
6581
6703
6895
6991
7012
7086
7179
7260
7401
7656
7733
8056
8155
8220
8224
8291
8727
9330
9415
9716
9851
9912
10041
10343
10344
10362
10374
10438
10515
10601
10773
10786
10810
10813
10990
11274
11395
11450
11956
12086
12096
12268
12321
12458
12461
12463
12750
12822
12858
12873
12994
12996
13146
13563
13569
13669
13718
13806
14018
14023
14061
14143
14819
14955
15039
15065
15164
15269
15355
15594
16040
16207
16247
16315
16610
16760
16762
16782
16828
17033
17253
18005
18164
18443
18525
18816
18837
18854
18905
18988
19182
19405
19592
19934
20167
20226
20275
20454
20470
20489
20500
20512
20682
20711
20749
20943
21134
21172
21260
21395
21402
21425
21582
21603
21826
21883
22291
22572
22725
23171
23626
23665
23743
23877
23878
24095
24202
24271
24343
24523
24603
24656
24770
24974
24988
25227
25364
25449
25654
26004
26215
26297
26666
26738
26898
26908
27803
28032
28156
28266
28435
28466
28556
29397
29467
29581
29835
30718
30742
31012
31144
31196
31352
31428
31764
31855
32935
32949
32983
33147
33639
33837
34066
34276
34441
34762
35306
35542
35774
35826
35942
36040
36592
36609
37603
37683
37782
37989
38016
38712
38797
38868
38985
39167
39188
39539
39943
40167
40212
40338
41158
41365
41438
41982
42267
42546
42823
42874
42889
43021
43664
44213
44232
44375
44819
45016
45044
45660
45753
46130
46283
46676
47984
48029
48145
48169
48569
48790
48912
49142
49691
50151
50959
51098
51215
51241
52789
52840
52870
53235
54133
54338
54588
54789
54965
55941
55971
56168
56299
56442
56571
56896
57316
58428
58498
58540
58800
58972
59600
59794
59882
59965
60027
60333
60631
61117
61880
63452
63736
64543
64726
65550
66536
67071
67463
68279
68336
68827
69110
69274
69897
71492
72212
72872
72981
73260
73745
73802
74131
74368
74397
74755
75778
76273
76805
76933
77264
78224
80334
80345
80815
81357
82216
82397
82518
83146
83185
83223
83445
83671
83902
84050
84189
84278
84333
84401
84686
85344
86854
87045
87830
88034
88092
89413
89684
90594
90833
92189
93195
94323
95398
165554
209480
230638
607
626
963
1090
1095
1213
1219
1252
1261
1567
1612
1749
1784
1796
1950
2038
2205
2252
2273
2405
2511
2535
2575
2595
2793
3015
3223
3224
3316
3423
3460
3633
3922
4002
4373
4380
4474
4745
4927
5114
5235
5328
5380
5692
5715
5745
5844
5901
6014
6087
6212
6213
6359
6421
6496
6670
6735
6810
6997
7004
7142
7195
7514
7569
7632
7965
8018
8442
8619
8723
9354
9649
9751
9780
9791
9835
10252
10267
10320
10402
10725
10789
11085
11107
11500
11719
11745
11780
11785
11805
12001
12135
12394
12477
12782
12830
12896
13180
13230
13382
13480
13481
13653
13810
13876
13946
14121
14260
14316
14381
14461
14577
14657
14852
14862
14868
14963
15010
15062
15105
15106
15120
15330
15405
15429
15781
15902
16091
16820
16845
16900
17161
17198
17317
17344
17451
17526
17585
17796
18040
18090
18322
18370
18550
18648
18772
18909
18962
19510
19522
19555
19566
19783
19850
20424
20482
20593
20747
20911
21088
21213
21423
21560
21600
21639
21701
21734
22031
22048
22060
22145
22386
22432
22515
22576
22718
22738
22811
22930
23221
23298
23399
23526
23801
23899
24050
24062
24324
24905
25082
25166
25524
25553
26288
26367
26443
26544
26558
26621
26656
26857
27190
27310
27609
27695
27869
28120
28260
28272
28561
28565
28606
28628
28686
28746
28750
28838
28887
29052
29172
29457
29499
29918
30120
30779
30957
31120
31488
31498
31819
32306
32352
32957
33392
33509
33744
33970
34462
34638
34897
35044
35372
35504
35577
35585
35767
35821
36104
36699
37088
37351
37405
37459
37643
37847
37939
37951
38791
39018
39136
39405
39410
40070
40121
40430
40443
40461
40833
40893
41326
41335
41814
42208
42269
42727
42948
42988
43197
43451
43478
44916
44935
45006
45200
45275
45693
45925
45998
46290
46374
46542
46549
46721
46838
47471
47512
47661
47755
48084
48339
48780
49172
50164
50361
50936
51067
51076
51601
51674
51748
52483
52487
52696
53259
53642
54125
54455
54962
55294
55305
55728
55730
56280
56507
56933
57599
57898
58190
58302
58548
58696
61144
61240
61925
63751
63821
64162
64316
64424
64513
64875
65796
67272
67290
67459
67776
68301
68763
68801
69551
70172
70433
70556
70818
71300
71464
71680
71709
72052
72451
72504
73535
74201
74994
75035
75105
75237
75422
75810
75907
76800
76945
77072
77542
77819
77875
78329
78397
78599
78741
78891
79232
79841
80205
80838
81109
81316
82035
82049
82603
82795
85735
85906
85979
85993
86702
86986
87140
87522
87778
89077
89219
89274
89632
91022
91424
92533
92781
92861
93034
171893
210126
211645
241244
245145
244
285
418
419
740
744
863
950
1216
1217
1370
1430
1524
1656
1818
1911
2080
2090
2181
2608
2787
2903
2931
3091
3142
3192
3198
3268
3344
3479
3499
3548
3636
3687
3723
3761
3839
3859
4008
4020
4046
4263
4319
4504
4554
4568
4891
5247
5561
5640
5675
5999
6095
6134
6205
6209
6290
6527
6668
6695
6774
6792
6826
6844
6863
7224
7557
7568
7628
7673
7696
8021
8146
8315
8549
8578
8584
8767
9072
9097
9347
9655
9809
9897
10025
10077
10230
10477
10762
10846
10876
10949
10962
11057
11077
11080
11197
11202
11331
11424
11440
11640
11840
12018
12133
12193
12255
12376
12541
12826
12837
12986
13071
13131
13202
13412
13438
13663
13717
13773
13888
14006
14043
14174
14398
14431
14450
14547
14553
15208
15494
15675
15812
15872
15910
15924
16196
16570
16615
16817
16819
16842
16975
17005
17040
17087
17177
17249
17371
17683
17834
18638
18700
18701
18967
18990
19132
19167
19294
19314
19411
19434
19504
19644
19655
19794
19823
20034
20116
20206
20363
20377
20543
20765
20837
21038
21114
21259
21391
21490
21828
21991
22241
22392
22461
22516
22998
23718
23796
24608
24765
24810
24959
25296
25574
25692
26312
26343
26350
26483
26490
26517
26588
26644
26802
27355
27794
27879
28340
28482
28544
28662
28770
29408
29465
29683
29786
30056
30652
30915
30972
31039
31098
31343
31562
31994
32117
32133
32243
32280
32625
32792
32920
33210
33220
33344
33373
33532
33565
33617
33963
34016
34327
34860
35322
36011
36097
36143
36295
36347
36381
36479
36595
36806
37241
37429
37523
37964
38058
38425
38556
38589
39456
39557
40398
40510
40584
40874
41065
41095
41349
41384
41564
41714
41922
42678
43120
43850
44020
44037
44041
44446
44671
44947
45109
45332
45426
45691
45805
45899
46073
46423
46472
46734
46776
46860
46927
47132
47300
47566
47587
47731
47763
47975
48020
48130
48250
48810
48819
49769
49779
49805
50123
50178
50395
50427
50504
50539
50713
50872
51201
51285
51404
51595
51779
51952
51969
52046
52256
52476
52640
52652
52654
52713
52823
52876
52942
53475
53530
53794
54223
54333
54546
54698
55163
55723
55755
55867
56111
56166
56172
56212
56262
57018
57152
57552
57710
57922
58325
58986
59054
59124
59883
60100
61649
62043
62138
62234
62680
62700
63090
63098
63779
63879
64130
65692
65819
66203
66599
66685
66728
66814
66967
67297
67560
67759
68236
68414
68572
68614
68992
69017
70561
72324
72795
72814
73387
73507
73551
73801
75242
75879
75887
76547
76927
78719
80579
80729
81987
82092
82359
83421
83964
84338
84390
84529
84921
85416
85798
86204
87506
87528
88194
88217
88308
88744
88803
89554
90069
90670
91028
91603
91703
93630
94123
94589
95386
95604
191889
221265
242997
245083
98
119
224
236
368
399
432
645
713
734
749
752
817
873
949
1007
1059
1094
1202
1645
1837
1853
1900
2052
2082
2513
2742
2930
3208
3228
3248
3513
3573
3734
3924
4177
4207
4211
4308
4466
4550
4644
4809
4828
4914
4967
5044
5053
5405
5577
5618
5723
5955
5991
6251
6306
6395
6449
6469
6614
6775
6858
6985
7028
7040
7057
7112
7127
7243
7281
7469
7687
7727
7751
7821
7823
7831
7855
7883
7902
8586
8778
9181
9408
9435
9446
9819
10053
10118
10302
10632
10659
10772
10913
11185
11389
11547
11616
11652
11752
11827
11856
12088
12313
12435
12516
13106
13207
13290
13416
13429
13494
13573
13820
14039
14059
14064
14205
14400
14430
14448
14470
14497
14532
14549
14580
14641
14926
15119
15277
15359
15380
15435
15463
15483
15696
15788
15867
15891
16332
16349
16476
16560
16562
16837
16941
16942
17047
17272
17393
17491
17492
17560
17572
17668
17760
17782
18139
18203
18342
18560
18878
18954
19178
19187
19814
20000
20087
20703
20733
20743
20772
20810
20833
20979
21081
21496
21660
21792
21861
21863
22021
22041
22057
22136
22217
22225
22227
22228
22254
22412
23064
23250
23389
23478
23538
23966
24098
24200
24236
24251
24298
24301
24339
24568
24917
25074
25229
25349
25544
25807
25876
25966
26052
26358
26389
26486
26534
26687
26912
27045
27425
27529
27583
27821
28143
28151
28317
28404
28659
28886
29090
29204
29328
29463
29851
29885
29982
30044
30368
30826
30928
30979
31028
31233
31591
31643
31647
31701
31735
32065
32083
32936
33068
33400
33436
34125
34383
34601
34624
34926
35091
35312
35848
35919
36412
36965
37029
37063
37085
37359
37421
37652
37947
37958
38059
38975
39035
39132
39153
39651
39776
39836
39893
39945
39961
40835
40971
41513
41710
42001
42359
42458
42467
42522
42861
42884
43001
43320
43355
43483
43560
43612
44254
44402
44712
44922
45531
45621
45847
45883
46224
46331
47045
47055
47451
47511
47931
48218
48330
48462
48671
49061
49339
49493
49564
49725
49913
50698
50853
50882
50947
51333
51476
51554
51620
51741
51747
51808
51932
52014
52616
53112
53378
54079
54240
54378
54509
54712
54791
55712
56031
56163
56582
57024
57064
57087
57104
57205
57360
57424
57541
57598
57844
58172
58419
58594
58797
58819
59103
59143
59383
59879
60099
60238
60245
60271
60453
60623
60836
61075
61223
61433
61854
62466
62980
63417
63418
64055
64456
64697
64897
65085
65209
65777
65876
66099
66443
66633
66969
67489
67546
67865
68037
68804
68954
69112
69504
69590
69625
69685
70921
71097
71661
71862
72216
72281
73093
73215
73825
75608
76048
76151
76195
76709
76763
77311
77352
77357
77979
78334
78379
78782
79470
79657
79752
80612
81427
81968
82040
82435
82731
82733
83008
83516
83616
83812
84134
84153
84274
84457
85236
85529
85804
85870
86201
86272
87030
87819
88108
88337
88838
89130
89561
89657
90220
90607
90715
91385
91761
92855
92977
93001
94409
95088
169614
173464
212192
216896
218881
228701
239843
102
158
241
320
507
750
773
822
1034
1290
1462
1587
1840
1874
1912
2028
2154
2160
2188
2189
2237
2307
2331
2396
2533
2762
2855
2860
2899
2907
3028
3087
3112
3161
3225
3415
3456
3651
3675
3962
4004
4040
4069
4133
4286
4321
4413
4593
4616
4796
4814
4834
4942
4971
5203
5208
5267
5485
5531
5690
5701
5764
5989
6068
6069
6070
6167
6227
6264
6281
6301
6406
6455
6648
6731
6737
6794
6856
6899
6927
6947
6964
6975
7078
7239
7353
7355
7391
7474
7506
7576
7582
7826
7946
8116
8185
8197
8212
8392
8441
8643
8776
8913
8951
8987
9180
9423
9482
9605
9633
9789
9890
9962
10175
10248
10253
10284
10351
10381
10594
10859
10928
11049
11053
11114
11142
11296
11521
11532
11609
11615
11658
11663
11836
11853
11862
12102
12508
12556
12577
12733
12975
13068
13104
13379
13529
13664
13688
14137
14225
14307
14318
14481
14492
14570
14684
14849
14856
14995
15013
15066
15083
15210
15272
15437
15629
15733
15778
15878
16138
16147
16202
16364
16583
16644
16735
16807
17052
17114
17128
17298
17360
17427
17583
17598
17620
17703
17916
17953
18016
18021
18238
18260
18267
18392
18471
18524
18661
18895
18998
19050
19059
19077
19104
19170
19266
19580
19654
19720
20125
20151
20220
20283
20344
20456
20566
20659
20856
20877
20967
20981
21035
21299
21459
21477
21556
21938
22418
22538
22584
22618
22630
22640
22643
22685
22696
22774
22794
22800
22821
22910
22912
23150
23475
23728
24016
24278
24755
24794
24850
25063
25101
25124
25215
25278
25320
25337
25535
25693
25792
25849
25984
26306
26487
26492
26570
26602
26716
26829
26860
27201
27672
27999
28498
28932
28973
29007
29114
29299
29635
29711
29978
30381
30594
30656
30748
30885
30931
31023
31058
31242
31436
31437
31602
31670
31884
31931
31978
32298
32454
32477
33331
33340
33367
33431
33517
33544
33655
33894
33917
34517
34558
34576
35059
35118
35123
35299
35413
36142
36254
36676
36687
36742
37079
37416
37556
37586
37852
38097
38175
38368
38738
38799
39019
39144
39467
39550
39571
39588
40028
40095
40929
40934
41378
41816
41904
42365
42821
43283
43396
43408
43471
43902
43965
44027
44151
44318
44613
45444
45585
45672
45884
46094
46320
47517
47955
48308
48397
48793
49104
49485
49669
49954
50255
50342
50500
51416
51527
51834
51889
51954
52251
52961
53070
53080
53380
53618
54386
54439
54556
54733
55049
56179
56335
56696
56718
56885
56887
56977
57026
57146
57555
57755
57825
57895
58439
59187
59569
59803
59903
59998
60337
60427
60991
61274
61574
61837
62263
62639
62643
62696
62788
63187
63554
63766
64063
64075
64108
64132
64804
65372
65531
65655
66166
66856
67129
67219
67441
67630
67649
68126
68156
68222
68386
68600
69991
70110
70147
70554
70684
71432
71463
71717
72343
72412
73402
73610
73804
74660
75259
75329
75725
76035
76521
76760
77084
77353
77838
78170
78185
78413
78928
79886
80619
81994
82568
82868
84943
85467
85497
85541
86121
86124
86202
86365
86377
86681
86844
87416
89308
89486
90614
90659
90878
91500
91505
91759
92193
92386
93225
94047
94070
94096
94111
94184
94521
94987
95146
95267
168977
183322
201113
236022
248068
301
1255
1268
1363
1415
1498
1578
1811
1820
1890
2256
2286
2384
2421
2554
2664
2682
3205
3288
3290
3411
3531
3590
3597
3707
3713
3780
3890
3989
4063
4099
4114
4144
4236
4288
4421
4630
4656
4742
4931
5050
5269
5296
5395
5408
5651
5680
5750
5837
5936
5984
6363
6371
6433
6612
6661
6766
6806
6868
6869
6898
6929
7023
7133
7361
7363
7501
7511
7537
7573
7757
7799
7884
8007
8043
8191
8352
8362
8405
8423
8458
8468
8487
8520
8636
8645
8672
8812
8864
8910
8931
8941
9123
9157
9430
9556
9670
9710
9735
9827
9848
9922
9931
10032
10047
10057
10135
10192
10283
10387
10635
10685
10953
10972
10976
11073
11311
11376
11444
11481
11513
11536
11580
11626
11629
11637
11763
11839
11910
11987
12123
12322
12484
12499
12507
12531
12617
12875
12881
12929
12966
13371
13410
13418
13434
13559
13565
13582
13677
14152
14204
14252
14328
14354
14537
14562
14899
14960
15005
15025
15345
15370
15397
15518
15603
15825
15833
15836
15842
16011
16069
16128
16169
16209
16307
16346
16379
16435
16438
16524
16659
16675
16877
16884
16968
16969
17081
17085
17107
17183
17231
17261
17480
17549
17693
17701
17722
17786
17881
17969
18008
18283
18309
18338
18514
18574
18754
18918
19051
19097
19128
19201
19239
19717
19755
19941
20129
20185
20263
20479
20523
20670
20740
20782
20829
20965
21030
21513
21566
21798
21825
21870
21873
21894
22062
22071
22230
22308
22319
22411
22475
22587
22791
22809
22827
22916
22987
22993
23041
23117
23130
23166
23190
23493
23532
23700
23712
23752
23767
23791
24014
24078
24120
24171
24461
24470
24485
24566
24687
24695
24698
25017
25054
25062
25095
25155
25171
25178
25370
25414
25434
25664
25704
25778
25866
25885
25889
25951
26192
26193
26227
26407
26409
26422
26653
26684
26880
26915
26930
26996
27258
27262
27317
27406
27517
27518
27526
27597
27810
27823
27837
27927
28055
28090
28128
28183
28729
28804
28966
29044
29149
29316
29424
29495
29564
29591
29808
29873
29916
29955
29969
30293
30374
30396
30496
30521
30852
30909
31143
31147
31211
31215
31251
31340
31356
31375
31561
31888
31996
32035
32129
32228
32369
32595
32616
32879
32916
33113
33416
33831
33832
33889
33991
34310
34336
34378
34440
34526
34646
34707
34982
35675
35793
35841
35904
36427
36556
36622
36630
36636
36700
36892
37009
37113
37306
37361
37372
37428
37438
37456
37886
37990
38333
38505
38517
38647
38920
39043
39105
39249
39470
39722
39816
40059
40154
40291
40303
40424
41047
41211
41437
41440
41639
41698
41718
41776
41824
41979
42170
42237
42272
42369
42418
42463
42794
42820
42899
42901
43157
43270
43415
43652
43962
44149
44245
44337
44403
44459
44761
45085
45205
45294
45454
45516
45711
45726
46096
46193
46453
47013
47133
47267
47293
47712
47904
48003
48387
48492
48645
48673
48820
48834
48906
49017
49798
50029
50813
50817
50998
51334
51344
51473
51716
52105
52118
52754
52830
52860
53228
53327
53365
53720
53974
53993
54195
54582
54693
54738
55101
55252
55343
55645
56491
56550
56684
56923
57106
57200
57596
57615
57875
58046
58523
59402
59655
59736
60856
60955
61735
61768
62195
62217
62918
63262
63387
63863
63885
64166
64475
64746
64829
64998
65274
65690
66064
66169
66221
66307
66431
66783
66887
66929
67149
67208
67307
67356
67699
67892
68015
68045
68099
68509
69301
69363
70538
70735
70966
71159
71278
71359
71633
71755
72120
72641
73068
73930
74055
74363
74464
74814
74995
75715
75932
76186
76289
76762
76773
76907
77173
77265
77299
77777
77930
77944
78111
78194
78208
78450
78580
78667
78781
78909
79027
80393
81367
81368
81572
82280
82800
82926
83127
83167
83258
83544
83545
83585
84540
84969
85565
85776
86012
86666
86970
87180
87196
87465
87628
87743
87887
88356
88395
88422
88535
88826
89052
89160
89639
89952
90354
90758
90801
92002
92361
92712
92789
92967
93351
93408
93421
94109
94877
95122
95276
95286
161361
176932
195176
203810
240647
696
702
903
985
1150
1205
1280
1285
1342
1388
1538
1649
1697
1736
1741
1771
1883
1952
1969
1972
2389
2553
2607
2662
2766
2811
2991
3009
3030
3193
3308
3461
3501
3623
3666
3692
3700
3701
3865
3888
3897
3911
3981
4024
4068
4132
4164
4193
4212
4218
4360
4361
4389
4684
4697
4707
4759
4772
4781
4898
4938
4968
4997
5018
5123
5189
5290
5292
5322
5338
5347
5584
5678
5681
5963
5985
6033
6085
6089
6110
6193
6330
6341
6480
6521
6525
6540
6674
6755
6768
6855
6958
7088
7091
7159
7194
7207
7453
7492
7695
7719
7738
7986
8008
8042
8075
8091
8107
8165
8437
8681
8733
8857
8886
8896
8904
8919
9000
9076
9129
9138
9166
9214
9296
9409
9414
9507
9553
9588
9596
9743
9753
9760
9797
9857
9995
10055
10126
10336
10591
10596
10604
10706
10737
10851
10931
10988
11093
11212
11215
11231
11286
11320
11348
11480
11548
11699
11708
11764
11789
11927
11948
12029
12163
12179
12309
12320
12347
12359
12450
12509
12547
12566
12601
12607
12675
12722
12726
12829
12832
12985
12998
13015
13183
13223
13312
13349
13369
13399
13568
13571
13695
13762
13805
13999
14206
14274
14397
14488
14555
14569
14585
14595
14645
14705
14811
14863
14867
14871
14984
15169
15194
15373
15383
15426
15571
15592
15706
15710
15769
15827
15846
15905
15957
16004
16107
16214
16250
16532
16576
16606
16712
16878
16906
16912
16971
17008
17034
17246
17266
17283
17376
17394
17476
17484
17538
17562
17573
17581
17705
17728
17736
17803
17813
17878
17920
17967
18048
18129
18146
18177
18191
18304
18315
18547
18713
18776
18997
19047
19172
19248
19256
19388
19681
19689
19716
19865
19888
19926
20243
20306
20312
20321
20351
20447
20457
20471
20708
20732
20758
20814
20865
21303
21329
21387
21397
21613
21676
21714
21753
21962
21971
22026
22080
22085
22484
22578
22619
22707
22731
22744
22884
22957
23079
23146
23243
23294
23302
23325
23471
23612
23644
23886
23893
23930
23944
24188
24282
24325
24348
24386
24509
24652
24702
24715
24841
24861
24918
25004
25083
25129
25130
25188
25207
25253
25264
25289
25468
25555
25633
25688
25794
25823
25895
25912
25950
25979
25986
26122
26184
26412
26417
26454
26793
26867
27260
27353
27430
27781
27820
28026
28041
28054
28285
28302
28348
28359
28425
28481
28732
28819
28899
29081
29097
29267
29619
29748
29913
30011
30261
30618
30644
30784
30821
30988
31273
31590
31685
31734
32045
32104
32145
32174
32301
32314
32323
32375
32490
32582
32655
32670
32784
32791
32809
33072
33125
33204
33609
33872
33960
34005
34298
34820
34854
34880
35028
35096
35165
35221
35265
35280
35422
35516
35603
35736
35912
35945
36311
36586
36591
36613
36732
36785
36799
36931
37380
37641
37843
37845
37897
37954
37980
38010
38222
38279
38502
38545
38631
38798
38989
39045
39228
39332
39413
39449
39554
39664
39692
39751
39761
40548
40593
41009
41221
41353
41426
41630
41633
41722
41850
42005
42017
42078
42281
42349
42683
42696
43129
43517
43617
43815
43823
43997
44155
44239
44307
44312
44444
44650
44816
44938
45077
45106
45356
45482
45690
45717
46066
46150
46211
46577
46804
47040
47095
47192
47558
47567
47634
47902
48114
48219
48473
48483
48699
48781
49215
49427
49811
50220
50441
50445
50529
50538
51058
51070
51112
51245
51499
51899
51953
52615
52916
53176
53253
53315
53809
53899
53945
54044
54099
54384
54966
55022
55089
55251
55346
55465
55581
56466
56501
56513
56627
56901
56917
57173
57250
57353
57465
57524
57553
57570
57597
57785
58174
58223
58581
58659
59198
59273
59429
59732
60039
60106
60132
60286
60412
60889
61005
61058
61458
61552
61583
61745
61985
62024
62521
62751
62900
63265
63299
63421
63479
63591
63605
63788
63973
63982
64462
64559
64975
65046
65070
65132
65231
65266
65467
65516
65691
66135
66515
66710
66788
66862
66926
67728
68208
68213
68550
68639
68648
68925
68948
69609
69744
70365
71214
71309
71453
71813
71952
72012
72288
72607
72711
72781
72815
72896
73265
73456
73883
74063
75203
75412
75505
75563
76356
77255
77404
77680
77810
77874
78196
78198
78349
78479
79221
79496
79703
80136
80357
80670
80692
80737
80954
81083
81382
81522
81547
82295
82337
83123
83131
83352
83359
83465
83467
83749
83849
83859
83984
84109
84137
84228
84273
84310
84682
85186
85366
85572
85674
85992
86611
86869
87856
87867
88186
88341
88355
88600
88643
88908
89127
89145
89152
89207
89386
89780
89788
90002
90955
91068
92015
92314
92869
93251
93472
93761
93933
94259
94493
94834
95288
95437
164927
185826
191553
226771
116
309
397
555
582
695
731
897
925
969
1023
1126
1155
1359
1449
1615
1709
1812
2033
2043
2072
2295
2464
2495
2510
2551
2557
2578
2637
2651
2661
2735
2773
2952
3075
3132
3151
3153
3216
3226
3257
3297
3413
3528
3546
3646
3671
3699
3932
3956
4044
4075
4077
4146
4150
4249
4250
4339
4385
4405
4428
4438
4440
4463
4907
5204
5268
5406
5419
5425
5459
5527
5579
5667
6030
6045
6064
6169
6236
6261
6321
6402
6403
6573
6658
6678
7070
7096
7132
7220
7272
7461
7505
7565
7592
7605
7618
7637
7641
7666
7714
7742
7791
7919
7922
8078
8082
8095
8121
8154
8180
8205
8621
8637
8655
8659
8775
8858
8907
8930
8973
9002
9044
9045
9131
9159
9176
9226
9368
9407
9549
9568
9651
9689
9694
9894
10090
10103
10330
10469
10479
10494
10509
10552
10560
10565
10608
10631
10701
10726
10752
10791
10825
11141
11193
11542
11653
11720
11722
11894
11895
11919
12130
12160
12171
12174
12180
12218
12628
12629
12732
12788
13041
13077
13140
13226
13339
13359
13548
13624
13830
14031
14124
14138
14157
14168
14231
14237
14254
14306
14428
14441
14443
14531
14559
14636
14660
14740
14750
14950
15090
15103
15206
15411
15470
15505
15548
15549
15560
15770
15775
16217
16233
16390
16400
16463
16552
16585
16742
16788
16855
16874
16915
17024
17043
17176
17265
17309
17423
17504
17645
17824
17914
18242
18311
18379
18418
18425
18554
18564
18676
18740
18960
19180
19209
19210
19500
19686
19697
19965
19988
20071
20092
20158
20218
20230
20370
20467
20497
20531
20596
20730
20776
20937
20969
20974
20980
21026
21077
21078
21211
21284
21293
21301
21306
21356
21458
21481
21497
21504
21648
21726
21764
22022
22184
22381
22387
22427
22471
22611
22716
22739
22812
22903
22940
23061
23268
23395
23432
23464
23482
23486
23648
23723
23756
23838
23849
23851
23876
24027
24189
24296
24333
24368
24392
24546
24547
24577
24609
24625
24875
25027
25039
25050
25199
25220
25389
25410
25474
25543
25562
25572
25627
25725
25932
25938
26098
26200
26205
26248
26321
26359
26488
26619
26763
26886
26900
27289
27402
27472
27475
27601
27635
27650
27764
27960
28072
28223
28259
28408
28409
28584
28665
28684
28855
28923
28974
29003
29021
29064
29306
29500
29611
29709
29763
30043
30101
30177
30220
30236
30316
30326
30417
30640
30666
30760
30825
30871
30994
31241
31358
31484
31604
31777
31850
31946
32008
32021
32343
32460
32597
32666
32741
32921
32969
33060
33062
33088
33613
33640
33656
33723
33922
34169
34215
34217
34352
34396
34399
34464
34493
34712
34719
35052
35081
35467
35468
35522
35571
35695
35698
35732
35733
35761
35824
35864
35960
36164
36286
36334
36363
36487
36537
36641
36809
36840
36850
36885
36901
36908
37057
37149
37200
37827
37837
37956
38099
38339
38406
38409
38430
39302
39566
39691
39721
39752
40361
40485
40518
40563
40589
41354
41796
41867
42000
42096
42108
42684
42735
42942
43127
43161
43209
43215
43595
43640
43736
43756
43770
44047
44246
44475
44492
44683
44723
44737
45065
45083
45209
45339
45341
45466
45583
45687
45734
45903
46051
46086
46121
46258
46455
46471
46701
46726
46727
46812
47139
47203
47302
47411
47553
47651
47801
47864
47895
48028
48230
48274
48538
48740
48744
48921
49026
49199
49531
49569
49749
50020
50215
50275
50370
50447
50692
50974
51078
51204
51287
51317
51323
51726
51886
52048
52186
52267
52295
52302
52354
52592
52775
53083
53221
53385
53405
53494
53557
53797
53805
54051
54377
54397
54447
54557
54759
54844
55432
55537
55588
55636
55639
55677
55769
55862
55889
55965
56147
57020
57131
57310
57542
57717
57871
58086
58449
58493
58721
59359
59392
59640
59653
59733
59761
59926
59984
60004
60273
60327
60593
60654
60712
60829
60914
61282
61310
61379
61566
61678
61893
61920
62140
62162
62179
62346
62557
62584
62830
62833
63034
63248
63386
63653
64111
64203
64251
64338
64399
64756
64809
65297
65400
65657
65771
65826
65924
66044
66290
66809
67025
67064
67119
67210
67211
67230
67552
67667
67740
67929
67955
68001
68311
68396
68422
68543
68672
68740
68872
68904
68964
69063
69321
69375
69441
70022
70057
70062
70521
70552
70566
70574
70984
71128
71294
72172
72877
72885
73273
73294
73343
73397
73424
73792
74936
75072
75230
75303
75524
75528
75652
75711
76322
76867
77047
77285
77316
77434
77463
77565
77612
77735
77884
78288
79439
79460
79567
79671
79697
79946
79949
80238
80466
80536
81169
81491
81495
81580
81872
82729
82889
82899
82990
83531
83960
84245
84681
84830
85188
85189
85464
85502
85514
85644
85669
86062
86155
87176
87242
87529
87871
88439
88797
89190
89653
89784
90136
90498
90588
90593
90702
90737
91015
91706
91868
92254
92994
93249
93571
93648
93743
94065
94183
94492
94835
94868
95060
95502
153065
217421
233564
233786
97
111
118
233
247
250
253
270
406
433
612
649
729
881
928
970
1045
1130
1305
1526
1535
1594
1610
1945
1951
1980
2042
2460
2463
2497
2571
2697
2700
2720
2795
2810
2875
2881
2893
2916
2918
3020
3113
3128
3372
3375
3405
3527
3576
3584
3596
3680
3694
3708
3908
3925
4130
4134
4332
4338
4348
4406
4467
4468
4532
4634
4764
4797
4798
5078
5320
5349
5430
5432
5500
5548
5578
5607
5649
5656
5969
6021
6031
6041
6094
6140
6180
6368
6370
6477
6606
6780
6897
6924
6984
7048
7343
7396
7407
7413
7419
7445
7554
7622
7654
7667
7671
7681
7722
7737
7763
7790
7796
7798
7981
8044
8049
8114
8192
8195
8338
8340
8349
8364
8369
8494
8501
8510
8616
8653
8982
9132
9318
9762
9865
10217
10256
10619
10720
10760
10900
11041
11170
11194
11203
11245
11310
11332
11391
11434
11472
11568
11673
11787
11890
11964
11968
12006
12009
12034
12054
12118
12159
12227
12386
12412
12483
12525
12540
12647
12665
12736
12800
12919
13062
13082
13098
13250
13255
13260
13266
13271
13376
13487
13598
13815
13862
13880
14069
14080
14215
14375
14378
14736
14749
14754
14778
14802
14821
14962
14965
15193
15197
15203
15324
15379
15441
15557
15661
15893
15894
15895
15949
15996
16010
16141
16149
16302
16376
16406
16412
16429
16666
16704
16721
16746
16798
16810
16836
16911
16962
17094
17098
17320
17380
17381
17401
17506
17628
17890
17904
18079
18115
18136
18163
18452
18485
18592
18600
18645
18675
18847
18867
18930
19032
19055
19056
19161
19317
19329
19446
19551
19682
19726
19798
19833
19845
19863
19930
19981
20026
20127
20165
20276
20346
20358
20460
20540
20729
20777
20796
20828
20884
20953
21079
21165
21276
21359
21368
21400
21452
21518
21539
21663
21731
21739
21864
21970
22032
22045
22064
22093
22147
22163
22355
22369
22416
22417
22477
22624
22680
22686
22715
22838
23120
23143
23251
23269
23326
23516
23570
23618
23668
23726
23845
23946
23978
23997
24149
24372
24398
24401
24635
24689
24700
24776
24792
24956
25060
25075
25217
25226
25243
25440
25458
25466
25469
25696
25723
25762
25841
25852
25857
25896
25924
26119
26131
26179
26291
26351
26493
26525
26617
26643
26729
26753
26790
26853
26957
26982
27006
27063
27079
27296
27344
27499
27593
27647
27661
27662
27712
27786
27895
27928
28048
28198
28343
28504
28509
28539
28605
28792
28864
28915
29159
29193
29282
29303
29321
29450
29540
29542
29592
29682
29707
29780
29824
29845
29853
29866
30215
30230
30260
30270
30303
30484
30561
30647
30762
30763
30797
30876
31126
31173
31285
31297
31438
31454
31581
31747
31760
31920
31938
32087
32088
32107
32130
32188
32341
32515
32739
32843
32895
32939
33224
33298
33330
33354
33382
33395
33424
33535
33635
33732
34033
34091
34120
34177
34192
34472
34490
34615
34644
34731
34774
34874
34896
34929
35015
35076
35131
35157
35160
35532
35548
35550
35661
35809
35865
35932
35948
35975
35999
36098
36213
36335
36344
36449
36588
36638
36737
36810
36971
37030
37048
37218
37220
37531
37691
37744
37800
37831
37879
37935
37938
38156
38494
38633
38716
38735
38749
38930
39048
39121
39291
39342
39477
39577
39663
39994
40450
40802
41039
41040
41172
41187
41528
41868
42540
42712
42714
42773
42909
42934
42960
43020
43220
43243
43417
43456
43497
43518
43638
43831
44173
44182
44204
44283
44575
44795
45079
45115
45128
45162
45347
45537
45586
45622
45708
45767
45807
45816
45862
45980
46251
46462
46505
46723
46737
46898
47080
47214
47394
47654
48069
48118
48440
48553
48554
48860
48997
49023
49222
49320
49340
49386
49415
49445
49458
49716
49887
49967
49995
50036
50046
50133
50170
50216
50247
50251
50335
50438
50457
50477
50663
51043
51083
51118
51302
51381
51401
51587
51672
51916
51943
52117
52167
52367
52453
52470
52513
52738
53238
53251
53294
53306
53415
53470
53569
53615
53781
53783
53929
54247
54882
55120
55180
55217
55308
55387
55558
55648
55713
55804
55812
55814
55917
56011
56067
56091
56198
56276
56291
56341
56350
56397
56534
56640
56944
56950
57120
57695
57901
58163
58433
58477
58672
58801
58922
58941
59380
59668
59678
59684
59749
59876
59887
59899
60006
60128
60217
60246
60296
60420
60532
60724
60770
60980
61148
61349
61407
61625
61646
61672
61795
61924
62068
62086
62319
62334
62357
62634
62866
62957
62984
63276
63286
63412
63681
63740
63789
63989
64229
64455
64557
64662
64749
65258
65261
65358
65436
65489
65637
65719
65844
65905
66100
66336
66683
66795
67132
67180
67854
67920
68061
68084
68127
68426
68711
69217
69268
69717
69728
69748
69886
70007
70092
70206
70618
70692
70754
71033
71576
71801
72243
72405
72490
72597
72648
72722
73359
73391
73414
73555
73601
73660
73676
74224
74403
74487
74597
75093
75129
75290
75656
75842
76197
76367
76492
76641
76910
77046
77198
77218
77318
77474
77980
78154
78323
78453
78594
78759
79118
79388
79515
79724
79744
79916
80068
80131
80563
80584
80837
81193
81354
81705
82269
82279
82323
82630
82996
83024
83429
83601
83603
83754
83762
84534
85105
85354
85383
85797
86521
87047
87138
87157
87774
87952
88639
88712
88801
88918
89103
89179
89288
89375
89838
89997
90004
90279
90500
90573
90625
91037
91094
91166
91210
91969
92055
92413
92525
93021
93114
93409
93534
93827
94212
94971
95449
95571
95671
150106
152460
164436
166666
166941
175762
179604
184843
196369
197201
201069
207678
226532
228665
232857
238830
241066
112
597
666
707
794
810
907
1047
1157
1194
1360
1454
1497
1522
1700
1725
1805
1851
1930
2031
2056
2093
2120
2127
2194
2229
2274
2454
2477
2517
2537
2657
2703
2734
2747
2775
2797
2866
2889
2901
2929
2936
3034
3076
3115
3124
3201
3210
3313
3319
3320
3399
3519
3524
3673
3744
3797
3829
3851
3995
4007
4059
4064
4065
4123
4223
4242
4315
4329
4357
4555
4608
4628
4631
4658
4666
4730
4776
4794
4816
4867
4921
4977
5003
5062
5093
5160
5232
5243
5309
5314
5345
5513
5534
5557
5619
5725
5756
5763
5843
5849
5862
5928
5938
5945
6057
6137
6286
6400
6489
6533
6538
6590
6620
6630
6662
6665
6677
6763
6776
6874
6943
7058
7093
7117
7130
7267
7295
7327
7360
7392
7432
7591
7624
7640
7651
7773
7781
7808
7935
7972
8040
8084
8163
8199
8266
8305
8353
8393
8415
8431
8502
8533
8639
8661
8665
8813
8817
8872
9060
9096
9136
9143
9168
9337
9367
9535
9554
9625
9672
9730
9737
9788
9818
9874
9920
9926
9952
10006
10040
10191
10193
10308
10355
10376
10409
10521
10527
10557
10578
10662
10682
10852
11038
11225
11271
11279
11300
11325
11326
11397
11453
11465
11489
11503
11669
11718
11873
11899
11952
11984
12055
12126
12208
12271
12307
12471
12535
12587
12633
12660
12706
12914
13181
13187
13243
13245
13246
13310
13512
13519
13714
13723
13767
13840
13893
13990
14162
14188
14427
14468
14499
14574
14575
14721
14840
15027
15063
15168
15257
15304
15414
15489
15564
15694
15736
15813
15828
15855
15869
15941
16053
16106
16231
16381
16385
16403
16603
16613
16623
16747
16809
16986
17039
17061
17399
17453
17635
17674
17775
17815
17840
17848
17897
17944
17972
17999
18029
18071
18141
18162
18209
18255
18290
18291
18299
18306
18393
18457
18459
18557
18601
18627
18864
18978
18991
19012
19018
19053
19064
19106
19141
19190
19228
19233
19252
19272
19331
19382
19427
19447
19465
19563
19811
19943
19983
20040
20063
20115
20361
20378
20430
20561
20696
20751
20878
20958
21048
21104
21142
21164
21166
21200
21312
21380
21399
21403
21412
21558
21703
21729
21765
21840
21912
21965
21986
22141
22446
22632
22636
22656
22732
22845
22866
22943
22953
22966
23085
23225
23357
23396
23439
23739
23917
23935
23936
23994
24002
24036
24056
24057
24168
24209
24302
24322
24389
24574
24639
24681
24719
24801
24831
24838
24846
24964
25002
25114
25168
25200
25338
25375
25406
25413
25479
25483
25549
25616
25737
25756
25848
25930
26006
26033
26054
26132
26252
26293
26386
26561
26825
26836
26843
26858
26990
27005
27140
27155
27183
27286
27400
27506
27567
27639
27641
27693
27756
27790
27951
28053
28106
28148
28187
28205
28234
28292
28297
28390
28645
28692
28693
28833
28835
29035
29042
29067
29236
29382
29622
29693
29738
29760
29771
29834
29886
29891
29993
30020
30216
30219
30280
30285
30339
30364
30376
30441
30506
30538
30622
30816
30898
31071
31243
31502
31713
31768
31769
31776
32250
32378
32450
32534
32585
32591
32626
32698
32769
32918
33023
33119
33133
33142
33148
33293
33320
33385
33479
33515
33545
33579
33596
33692
33711
33800
33915
34048
34171
34211
34451
34626
34744
34802
34848
34859
35004
35047
35138
35155
35174
35178
35331
35438
35536
35634
35655
35768
35852
35896
35910
35959
36091
36139
36176
36422
36439
36465
36514
36555
36868
36923
36977
36984
37160
37202
37232
37350
37352
37412
37447
37451
37488
37593
37729
37793
37955
37991
38030
38117
38403
38417
38512
38553
38615
38701
38706
38858
38878
38929
39005
39051
39066
39067
39076
39168
39170
39238
39287
39313
39403
39421
39424
39438
39444
39450
39564
39805
39899
40089
40158
40289
40411
40475
40789
41055
41078
41122
41269
41291
41333
41511
41563
41747
41778
41972
41998
42095
42197
42270
42338
42368
42405
42495
42531
42559
42726
42914
43152
43410
43419
43630
43632
43645
43650
43924
43986
44030
44031
44157
44331
44354
44359
44363
44399
44408
45149
45158
45202
45271
45551
45573
45597
45601
45877
45945
45950
45982
46040
46179
46276
46366
46429
46439
46539
46636
46655
46663
47356
47371
47459
47486
47535
47573
47592
47743
47863
47929
47954
47973
48338
48366
48632
48662
48694
48739
48881
49018
49051
49139
49175
49211
49283
49296
49403
49423
49545
49855
50009
50054
50239
50402
50506
50510
50564
50768
50786
50807
51030
51171
51189
51255
51301
51343
51356
51474
52140
52326
52338
52391
52429
52653
52733
52756
52761
53435
53851
54321
54383
54385
54507
54867
54876
55019
55114
55116
55161
55803
55940
56268
56356
56551
56727
56733
56983
57147
57430
57659
57660
57664
57690
57838
57902
58270
58315
58803
58901
58959
59030
59177
59190
59291
59522
59712
59964
60062
60275
60437
61051
61128
61409
61473
61495
61565
61594
61616
61620
61674
61798
61822
61914
61934
62247
62499
62687
62934
63135
63350
63352
63366
63378
63745
63919
63933
64254
64422
64531
64838
65021
65235
65493
65667
65669
65686
66002
66276
66349
66449
66469
66830
66977
67257
67266
67499
67536
67710
67715
68297
68349
68376
68397
68421
68611
69160
69501
69652
69683
69743
69789
69798
69876
69964
70197
70248
70481
70505
70696
70807
70848
70932
70948
71113
72122
72133
72230
72338
72485
72541
72658
73016
73320
73520
73608
73859
73916
74052
74074
74287
74345
74670
74800
74803
74992
75279
75295
75371
75393
75441
75447
75469
75605
75862
76095
76561
76729
76739
76990
77158
77881
78046
78054
78237
78322
78643
78685
78898
78912
79046
79052
79101
79622
79997
80406
80439
80454
80663
80763
81003
81269
81380
81598
81615
81680
81821
81897
81984
82071
82173
82431
82446
82455
82490
82602
82644
82816
83202
83484
83593
83639
83889
83917
83918
83921
84216
84501
84806
84862
85088
85379
85458
85984
86659
86671
87006
87130
87359
87438
87625
87829
88025
88336
88387
88962
89257
89285
89330
89773
89808
90035
90250
90455
90493
90551
90751
90856
90865
90947
90975
91045
91056
91077
91104
91339
91472
91841
92121
92342
92502
92520
92607
93474
93996
94014
94190
94244
94442
94528
95518
95521
151339
166306
169091
173001
179820
204175
205228
207675
210811
229248
238616
240227
240245
104
105
136
229
232
235
239
500
541
574
576
700
742
796
831
952
1051
1181
1298
1322
1385
1417
1573
1583
1664
1708
1779
1827
1885
2004
2111
2146
2158
2210
2277
2296
2335
2358
2390
2434
2474
2567
2669
2705
2801
2832
2847
2926
2990
2996
3003
3014
3046
3097
3189
3273
3280
3328
3331
3342
3358
3365
3407
3553
3624
3717
3751
3762
3852
3961
4176
4196
4375
4447
4481
4564
4580
4585
4701
4727
4767
4869
4876
4887
4912
4933
4987
4989
5001
5013
5220
5293
5447
5528
5549
5566
5572
5582
5654
5803
5818
5856
5857
5966
5971
6013
6080
6175
6186
6204
6374
6471
6479
6537
6542
6624
6659
6739
6769
6781
6796
6803
6870
6908
6913
7164
7206
7242
7286
7287
7344
7366
7429
7508
7521
7543
7642
7659
7708
7743
7849
7874
8055
8065
8102
8106
8144
8172
8193
8249
8268
8327
8333
8336
8344
8361
8473
8498
8588
8614
8622
8627
8629
8656
8658
8662
8666
8679
8701
8736
8763
8811
8875
8911
8992
9182
9203
9213
9333
9340
9342
9380
9390
9419
9516
9548
9560
9563
9564
9585
9654
9695
9696
9697
9703
9806
9829
9847
9855
9981
9991
10008
10070
10080
10114
10166
10201
10268
10290
10314
10392
10407
10430
10473
10497
10518
10711
10721
10746
10765
10815
10858
10936
11043
11063
11120
11124
11131
11146
11152
11155
11190
11206
11242
11329
11351
11388
11404
11442
11527
11535
11563
11622
11750
11772
11790
11804
11842
11875
11893
11902
11942
11950
11979
11986
12024
12026
12222
12264
12295
12334
12354
12449
12452
12494
12533
12552
12579
12682
12731
12744
12763
12825
12980
13026
13043
13065
13075
13091
13099
13182
13214
13229
13251
13258
13305
13417
13421
13462
13539
13626
13628
13681
13831
13842
13865
13897
13987
14149
14155
14189
14218
14222
14238
14334
14347
14403
14406
14413
14512
14528
14745
14808
14861
14894
14913
14931
14951
15000
15009
15040
15050
15093
15109
15285
15410
15432
15490
15493
15527
15740
15751
15877
15889
16100
16110
16122
16155
16262
16288
16290
16326
16398
16408
16535
16618
16647
16706
16903
16921
17003
17027
17079
17082
17101
17147
17149
17163
17197
17213
17277
17279
17370
17383
17441
17494
17623
17649
17762
17765
17770
17774
17812
17832
17880
17997
18065
18198
18199
18264
18382
18411
18422
18462
18466
18521
18534
18594
18695
18705
18707
18758
18822
19048
19089
19108
19110
19193
19207
19310
19355
19429
19443
19538
19557
19564
19593
19635
19636
19760
19808
19922
20114
20162
20183
20213
20448
20476
20496
20508
20542
20611
20620
20664
20699
20736
20752
20764
20818
21040
21085
21100
21131
21186
21205
21222
21415
21475
21666
21688
21833
22030
22067
22125
22185
22255
22280
22336
22413
22491
22525
22621
22730
22757
22960
23105
23124
23174
23229
23303
23362
23415
23449
23572
23578
23605
23698
23734
23772
23783
23784
23971
23980
24052
24124
24150
24151
24219
24253
24254
24321
24415
24560
24589
24638
24664
24720
24856
24970
25073
25141
25194
25301
25310
25411
25476
25528
25585
25652
25738
25770
25781
25818
25850
25883
25943
25953
25958
26014
26067
26083
26191
26206
26303
26305
26320
26347
26353
26404
26474
26475
26547
26551
26568
26573
26597
26631
26634
26786
26812
26951
27054
27089
27143
27210
27254
27256
27414
27421
27487
27522
27535
27560
27569
27739
27768
27921
27989
28014
28051
28086
28097
28118
28141
28201
28203
28230
28265
28378
28393
28436
28457
28459
28619
28622
28648
28663
28709
28895
28980
29039
29066
29157
29182
29253
29270
29293
29315
29445
29468
29593
29728
29765
29887
29977
30087
30097
30111
30119
30141
30212
30246
30267
30573
30615
30623
30672
30809
31109
31172
31319
31328
31464
31510
31521
31765
31859
31913
31924
31985
32102
32169
32198
32275
32336
32376
32420
32433
32526
32545
32607
32788
32800
32819
32833
32856
32985
33042
33083
33146
33214
33239
33261
33311
33314
33388
33462
33464
33762
33936
34012
34026
34036
34111
34122
34185
34188
34209
34299
34346
34364
34551
34566
34663
34693
34886
34937
35145
35196
35239
35348
35381
35409
35557
35580
35602
35881
35958
36127
36156
36179
36275
36435
36456
36475
36535
36650
36765
36865
36966
37001
37024
37070
37291
37363
37365
37393
37424
37527
37536
37756
37787
37890
37969
37992
38013
38202
38269
38309
38314
38354
38357
38363
38384
38654
38667
38681
38718
38731
38780
38896
38919
38932
38988
39026
39054
39102
39110
39262
39275
39360
39365
39383
39420
39445
39599
39603
39655
39668
39907
39951
40002
40099
40336
40356
40408
40486
40638
40674
40685
40884
40951
40986
41089
41125
41132
41347
41419
41468
41484
41602
41664
41741
41861
41916
41971
42075
42168
42355
42436
42564
42759
42927
42959
43016
43208
43304
43311
43347
43449
43585
43639
43648
43692
43867
44010
44023
44045
44053
44121
44191
44198
44395
44486
44549
44588
44702
44777
44789
44842
44877
44967
44996
45005
45252
45349
45351
45605
45608
45619
45852
46025
46052
46108
46396
46466
46501
46530
46702
46916
47022
47034
47064
47126
47194
47217
47286
47620
47625
47823
47824
47852
47916
47999
48002
48156
48189
48199
48286
48382
48489
48531
48596
48637
48718
48791
48851
48918
48940
49322
49388
49469
49632
49667
49697
49860
50030
50066
50069
50076
50120
50369
50394
50650
50656
50714
50728
50804
50814
50856
50941
51079
51433
51492
51534
51563
51773
51902
51908
52005
52297
52298
52417
52798
52824
52848
52865
52925
52995
53090
53147
53265
53337
53454
53561
53736
53761
53810
53818
53861
53863
54003
54150
54350
54431
54681
54754
54830
54838
54939
54951
55038
55067
55257
55317
55429
55450
55451
55657
55910
55945
55947
56096
56128
56209
56243
56250
56265
56279
56373
56482
56617
56658
56825
56919
56972
57028
57054
57101
57149
57487
57635
57712
57738
57820
57832
57913
57933
57998
58001
58088
58162
58168
58278
58303
58434
58571
58713
58923
59070
59409
59624
59628
59686
59843
60163
60200
60228
60484
60535
60564
60676
60678
60775
60820
60915
60999
61209
61269
61692
61869
62198
62207
62284
62342
62366
62657
62683
62704
62824
62861
62862
62865
62898
62906
62999
63044
63170
63626
63686
63726
63873
64034
64264
64369
64510
64647
64696
64919
64990
65173
65254
65406
65457
65529
65583
65663
65676
65780
65886
65967
65977
66013
66028
66041
66125
66249
66272
66335
66487
66516
66577
66769
67107
67115
67116
67184
67187
67474
67490
67721
68097
68241
68511
68859
69036
69191
69267
69377
69383
69577
69914
69931
69969
69985
70065
70093
70142
70153
70178
70204
70328
70355
70440
70457
70486
70494
70507
70535
70543
70588
70726
70732
70736
70839
70883
70899
71017
71222
71274
71301
71630
71720
71751
71779
71943
72089
72198
72369
72389
72526
72720
72888
72909
72963
73155
73211
73285
73385
73477
73576
73627
73672
74031
74182
74211
74401
74409
74443
74498
74504
74699
74767
74777
75244
75328
75330
75394
75415
75461
75485
75851
76184
76245
76303
76419
76588
76629
76675
76741
76807
76825
76946
77302
77345
77507
77708
77856
77929
78079
78134
78142
78541
78550
78592
78808
78930
79150
79306
79307
79377
79520
79789
79845
79876
80086
80126
80189
80306
80403
80445
80723
80856
81355
81448
81936
82017
82135
82220
82311
82391
82501
82661
82773
82890
83054
83166
83186
83197
83212
83336
83347
83588
83677
83743
83753
84069
84079
84108
84139
84249
84391
84558
84709
84905
85249
85286
85373
85723
85868
86047
86207
86304
86936
87081
87086
87155
87672
87682
87686
87761
87930
88036
88342
88466
88656
88681
88912
88990
89031
89050
89153
89175
89345
89359
89394
89454
89574
89752
89809
89827
89841
89848
90005
90052
90127
90149
90366
90437
90502
90546
90636
90936
90939
91070
91106
91459
91535
91543
91704
92071
92155
92265
92387
92526
92627
92775
93046
93141
93302
93393
93615
93715
94042
94115
94461
94553
94639
94932
95113
95202
95462
95535
95701
111508
149863
152408
153460
156532
159365
163200
164734
165691
165936
169361
172299
173970
183231
187525
193260
196718
198855
201474
204292
209218
213211
221683
223883
225356
231792
235190
237511
241326
245206
246153
96
135
251
407
412
545
642
676
677
757
790
861
937
979
1131
1170
1244
1259
1275
1278
1294
1306
1378
1492
1530
1631
1734
1755
1878
1894
2169
2372
2520
2524
2751
2869
2919
2975
3123
3156
3159
3176
3187
3252
3270
3388
3406
3414
3463
3490
3523
3535
3598
3653
3695
3715
3730
3731
3739
3789
3800
3867
3877
3976
4001
4012
4112
4171
4209
4260
4354
4401
4502
4522
4526
4637
4702
4738
4761
4782
4806
4850
4878
4883
4895
4926
5012
5130
5133
5207
5270
5298
5403
5429
5491
5518
5592
5608
5620
5691
5699
5713
5741
5761
5778
5911
5988
6035
6091
6127
6139
6208
6262
6325
6332
6345
6408
6466
6494
6519
6553
6646
6660
6839
6914
6931
6967
7036
7043
7113
7146
7229
7255
7259
7271
7288
7307
7473
7541
7580
7705
7755
7756
7856
7860
7863
7930
7964
7984
8016
8101
8147
8230
8236
8244
8250
8316
8386
8555
8585
8667
8687
8707
8780
8783
8784
8799
8853
8873
8901
8921
8927
8980
9027
9049
9092
9133
9219
9235
9267
9344
9394
9447
9448
9457
9477
9481
9492
9538
9566
9574
9580
9590
9757
9783
9825
9918
9928
9950
10067
10138
10163
10198
10254
10380
10408
10420
10428
10468
10483
10484
10536
10550
10561
10796
10824
10905
10907
10916
10965
11092
11119
11126
11132
11139
11148
11154
11216
11236
11252
11342
11359
11365
11372
11383
11398
11420
11441
11455
11459
11579
11583
11592
11597
11603
11697
11781
11825
11832
11872
11880
11884
11896
11905
11917
11967
12042
12091
12167
12335
12414
12488
12493
12517
12543
12606
12646
12662
12679
12754
12769
12775
12789
12819
12884
12901
12917
12925
12928
12967
13118
13137
13256
13341
13364
13394
13474
13489
13500
13661
13675
13687
13722
13732
13752
13758
13775
13781
13847
13912
13947
14034
14071
14128
14217
14262
14266
14351
14369
14370
14458
14501
14507
14552
14600
14654
14680
14744
14759
14785
14801
14816
14822
14980
15117
15161
15251
15284
15295
15297
15310
15322
15349
15352
15378
15514
15530
15542
15550
15610
15638
15659
15683
15722
15832
15844
15873
15887
15936
15955
15968
15983
16039
16051
16115
16190
16225
16251
16276
16285
16402
16411
16439
16466
16491
16513
16521
16551
16569
16574
16612
16626
16648
16694
16755
16781
16786
16933
16939
17018
17019
17186
17269
17280
17316
17372
17444
17500
17517
17519
17523
17599
17737
17793
17919
17931
18000
18037
18046
18114
18156
18175
18208
18216
18236
18351
18391
18436
18455
18456
18522
18568
18630
18631
18657
18671
18687
18693
18722
18795
18817
18866
18897
18916
18929
19033
19086
19094
19137
19258
19471
19478
19489
19543
19628
19649
19678
19740
19809
19830
19883
19916
19951
20015
20022
20146
20147
20302
20337
20357
20366
20495
20579
20667
20692
20707
20750
20773
20836
20871
20881
20906
20978
21051
21065
21072
21095
21119
21148
21154
21238
21274
21325
21340
21349
21370
21454
21530
21593
21692
21755
21949
21995
22008
22020
22055
22127
22275
22325
22405
22523
22526
22678
22684
22695
22840
22869
22926
22941
22964
22988
23070
23178
23218
23233
23290
23312
23408
23515
23547
23562
23600
23611
23688
23708
23713
23834
23875
23932
23982
24003
24100
24204
24231
24275
24367
24373
24434
24468
24520
24525
24556
24573
24662
24708
24738
24812
24845
24878
24883
24936
25019
25077
25208
25267
25270
25328
25351
25383
25417
25570
25609
25624
25630
25695
25961
26256
26263
26507
26533
26566
26654
26685
26746
26755
26764
26804
26815
26902
26958
27034
27121
27142
27175
27197
27225
27320
27343
27373
27435
27445
27551
27664
27697
27736
27749
27822
27836
27859
27893
28244
28298
28314
28360
28380
28440
28446
28513
28589
28727
28733
28741
28869
28941
29023
29221
29269
29317
29426
29571
29743
29801
29907
29926
29957
30123
30191
30204
30278
30289
30290
30385
30389
30413
30437
30490
30539
30596
30635
30731
30815
30828
30914
30941
30942
31037
31065
31269
31287
31491
31511
31519
31558
31695
31705
31862
31957
32282
32294
32362
32399
32541
32549
32650
32755
32768
32863
32966
32976
33066
33126
33151
33206
33260
33264
33323
33357
33363
33404
33465
33503
33632
33643
33664
33682
33684
33687
33950
34024
34042
34167
34180
34186
34232
34291
34300
34330
34419
34483
34635
34639
34912
35010
35037
35095
35154
35246
35296
35324
35368
35441
35569
35576
35613
35649
35801
35917
36008
36014
36034
36125
36147
36185
36189
36233
36238
36277
36303
36336
36360
36418
36454
36472
36762
36808
36817
36822
36833
36853
36921
36933
36948
37033
37246
37662
37667
37681
37685
37740
38082
38347
38402
38416
38686
38689
38822
38845
38965
38982
39001
39023
39128
39330
39422
39500
39543
39545
39587
39639
39688
39740
39795
39982
39999
40148
40182
40300
40302
40365
40400
40469
40633
40712
40719
40731
40747
40754
40900
40937
40973
41027
41031
41170
41273
41292
41310
41394
41515
41557
41600
41674
41685
41822
41883
41923
42061
42100
42171
42212
42332
42450
42616
42618
42665
42672
42718
42896
42968
43147
43168
43305
43442
43508
43670
43837
43866
43906
43934
43994
43996
44298
44317
44405
44441
44587
44637
44665
44716
44752
44869
44880
44934
44950
44962
44986
45048
45192
45263
45338
45417
45440
45523
45525
45544
45656
45729
45854
45927
46011
46057
46075
46217
46230
46237
46255
46284
46288
46446
46467
46499
46595
46598
46616
46799
46884
46961
47072
47128
47198
47232
47339
47446
47514
47526
47711
47774
47806
47848
47986
48036
48148
48235
48236
48502
48518
48559
48839
48877
48936
48939
48958
49366
49418
49461
49715
49728
49800
49861
49944
49972
49982
50062
50107
50175
50187
50297
50339
50359
50602
50767
50932
50934
50984
51012
51032
51049
51184
51224
51365
51403
51518
51566
51575
51583
51859
51993
52010
52034
52057
52066
52120
52239
52340
52439
52502
52622
52624
52682
52684
52984
53099
53157
53166
53172
53224
53533
53547
53700
53825
53866
54159
54628
54694
54827
54869
54903
54946
54947
54964
55079
55150
55670
55680
55707
55872
56039
56042
56054
56127
56150
56234
56366
56395
56445
56467
56539
56705
56799
56826
56857
56871
56903
56957
57014
57196
57394
57438
57449
57450
57627
57680
57764
58040
58247
58350
58374
58417
58436
58587
58602
58657
58723
58860
59076
59351
59584
59846
60243
60321
60487
60575
60601
60658
60690
60995
61153
61353
61355
61387
61499
61553
61580
61624
61659
61696
61809
61835
61877
61890
61955
62044
62050
62248
62261
62517
62581
62719
62766
62789
62905
62916
62940
62989
63073
63192
63212
63437
63500
63872
63927
64191
64336
64478
64500
64616
64711
64723
64811
64880
64881
64934
65496
65666
65696
65728
65794
65827
65875
65878
65885
65906
65917
65997
66110
66151
66230
66281
66299
66319
66394
66441
66560
66622
66771
66833
66943
67157
67165
67200
67295
67623
67752
68066
68087
68118
68133
68144
68323
68437
68479
68485
68488
68526
68659
68720
68810
68819
68834
68891
69009
69132
69374
69413
69429
69464
69514
69644
69976
70058
70095
70463
70513
70531
70560
70644
70787
70800
70835
70946
71140
71218
71339
71366
71424
71433
71465
71508
71539
71600
71621
71711
71767
71921
71925
71942
72026
72361
72364
72505
72509
72549
72560
72859
72890
72938
73097
73113
73145
73314
73432
73594
73755
73794
73797
73848
73897
73977
74041
74068
74145
74188
74293
74322
74380
74515
74781
74804
74863
75580
75674
75793
76067
76135
76159
76375
76487
76503
76735
76786
76833
77064
77178
77249
77263
77305
77375
77420
77423
77522
77534
77750
77854
77943
77949
77961
78012
78016
78020
78118
78286
78290
78570
78631
78773
78852
79091
79107
79146
79363
79571
79626
79648
79654
79803
79922
80100
80103
80457
80659
80661
80717
81027
81211
81474
81477
81578
82089
82428
82732
83485
83678
83802
83803
84071
84095
84196
84226
84247
84312
84363
84435
84544
84548
84582
84714
84776
84791
84961
85010
85207
85322
85331
85477
85557
85812
85889
86340
86456
86543
86635
86801
86806
86918
86951
87278
87531
87547
87569
87608
87629
87643
87670
87838
87849
87898
88091
88198
88205
88351
88352
88384
88545
88649
88670
88790
88931
88969
89064
89090
89248
89266
89493
89644
89743
89745
89876
89922
89976
90011
90048
90227
90400
90427
90496
90508
90655
90871
90897
91046
91140
91340
91655
91824
91853
92014
92115
92245
92275
92390
92425
92746
93142
93152
93182
93633
93843
93934
93975
94332
94506
94532
94606
94721
94850
94965
94973
95064
95270
95333
95362
95384
95585
95610
149176
150676
152505
154988
160606
160933
164289
164488
172547
176241
177224
177280
182874
185083
185376
190055
191241
192092
192549
197455
205774
207461
209565
211178
211856
213202
218194
222018
222044
225507
231194
233671
234937
238044
241010
242332
243993
226
238
243
249
255
388
590
711
957
989
1111
1190
1226
1263
1376
1390
1409
1568
1572
1582
1601
1638
1740
1794
1895
1989
2151
2215
2257
2365
2367
2507
2541
2544
2556
2621
2628
2692
2733
2760
2821
2840
2884
2914
2946
3052
3103
3182
3190
3244
3355
3356
3459
3508
3556
3777
3782
3784
3869
3937
4057
4107
4183
4267
4273
4381
4404
4436
4460
4461
4464
4514
4517
4518
4535
4537
4552
4582
4615
4627
4675
4677
4692
4723
4724
4783
4792
4801
4911
4998
5057
5124
5146
5151
5210
5271
5321
5341
5382
5385
5387
5390
5440
5462
5472
5482
5520
5560
5595
5636
5643
5650
5655
5659
5682
5727
5746
5814
5864
5871
5930
5992
6061
6098
6122
6229
6298
6320
6356
6358
6376
6391
6456
6515
6520
6531
6544
6551
6579
6604
6675
6686
6693
6720
6778
6842
6872
6969
7020
7032
7161
7223
7251
7269
7296
7334
7342
7433
7464
7498
7509
7516
7522
7553
7581
7610
7627
7684
7726
7803
7811
7833
7909
7932
7957
7978
7985
8017
8126
8159
8181
8188
8203
8253
8294
8299
8302
8312
8329
8332
8373
8403
8411
8425
8448
8455
8490
8500
8565
8573
8596
8605
8756
8760
8809
8831
8899
8950
8999
9022
9102
9106
9152
9164
9281
9286
9338
9383
9389
9397
9418
9431
9536
9555
9572
9619
9659
9664
9666
9669
9707
9798
9811
9864
9924
9943
9954
9980
9982
9986
10009
10034
10048
10059
10074
10088
10105
10107
10152
10173
10179
10186
10197
10238
10372
10401
10504
10522
10528
10569
10610
10715
10771
10870
10884
10894
10955
10959
10980
11008
11099
11150
11160
11180
11182
11195
11210
11230
11259
11264
11285
11299
11314
11327
11334
11347
11349
11375
11512
11559
11646
11664
11687
11695
11709
11798
11837
11858
11859
11914
11918
11926
11941
11947
11975
12046
12067
12099
12120
12178
12183
12187
12201
12259
12327
12346
12418
12444
12462
12557
12598
12612
12621
12622
12626
12637
12668
12709
12801
12811
12866
12869
12922
12976
13060
13088
13089
13109
13168
13177
13209
13276
13295
13307
13391
13393
13415
13448
13449
13463
13594
13683
13697
13701
13786
13801
13823
13846
13882
13910
13977
14025
14044
14097
14117
14130
14134
14169
14179
14182
14194
14251
14308
14349
14356
14401
14444
14500
14621
14653
14685
14718
14752
14784
14788
14831
14887
14888
14893
14898
14972
15038
15055
15077
15107
15113
15128
15174
15190
15265
15280
15296
15381
15446
15539
15559
15575
15653
15665
15747
15772
15790
15892
15960
15965
15991
16006
16042
16055
16079
16160
16197
16221
16239
16258
16261
16271
16282
16308
16330
16377
16505
16572
16573
16639
16640
16651
16725
16775
16863
16917
16928
16935
16966
16970
16997
16998
17080
17112
17140
17154
17227
17238
17274
17291
17325
17335
17345
17357
17459
17502
17726
17735
17744
17776
17835
17906
17958
18002
18014
18032
18050
18052
18063
18070
18226
18234
18367
18416
18446
18530
18599
18680
18721
18752
18935
18966
18980
19044
19079
19177
19229
19249
19262
19271
19324
19346
19362
19424
19480
19530
19535
19560
19615
19698
19713
19730
19775
19781
19825
19839
19858
19877
19960
19970
19972
19990
20005
20028
20042
20064
20094
20130
20153
20255
20314
20342
20465
20509
20510
20563
20598
20636
20680
20741
20744
20815
20864
20875
20876
20920
20933
20956
20966
20975
21000
21004
21041
21042
21092
21097
21188
21189
21206
21262
21286
21290
21332
21341
21342
21357
21420
21434
21451
21495
21506
21515
21521
21553
21567
21671
21672
21694
21707
21725
21745
21775
21906
22001
22050
22167
22213
22233
22238
22252
22290
22300
22307
22315
22316
22339
22370
22551
22596
22608
22614
22617
22699
22753
22760
22847
22894
22900
23006
23010
23023
23029
23186
23246
23249
23373
23400
23446
23467
23502
23531
23729
23900
23907
23922
23938
24074
24090
24169
24208
24279
24331
24336
24356
24381
24447
24455
24553
24555
24619
24651
24749
24787
24951
24991
25008
25116
25159
25177
25193
25209
25228
25282
25316
25334
25407
25500
25537
25604
25611
25612
25644
25719
25790
25812
25858
25931
25994
26049
26056
26073
26148
26223
26286
26331
26356
26383
26434
26470
26587
26620
26669
26677
26749
26837
26846
26960
27001
27009
27022
27036
27049
27085
27122
27139
27379
27382
27389
27520
27555
27568
27580
27705
27719
27742
27775
27777
27819
27827
27829
27838
27840
27858
27917
27953
28011
28037
28066
28073
28103
28142
28216
28239
28255
28278
28321
28377
28384
28410
28430
28535
28614
28673
28682
28753
28754
28755
28765
28769
28783
28784
28904
28905
28954
29041
29123
29206
29249
29327
29505
29535
29609
29666
29686
29769
29870
29949
29972
30012
30016
30037
30071
30075
30106
30149
30155
30165
30182
30240
30282
30292
30327
30424
30425
30470
30483
30580
30586
30709
30713
30776
30790
30798
30903
30933
30959
30974
30996
31034
31075
31085
31167
31240
31365
31394
31461
31466
31620
31689
31692
31720
31781
31852
31874
31881
31887
32011
32016
32092
32248
32310
32382
32469
32487
32542
32599
32615
32772
32787
32828
32845
32871
32898
33005
33024
33045
33085
33107
33194
33211
33216
33271
33309
33366
33378
33453
33567
33654
33714
33730
33735
33776
33802
33866
33992
34044
34073
34074
34139
34141
34147
34347
34425
34426
34547
34563
34681
34739
34752
34768
34775
34866
35000
35050
35087
35088
35100
35122
35226
35359
35396
35442
35475
35486
35512
35539
35556
35686
35746
35794
35807
35812
35868
35886
35922
35930
35934
35941
36026
36029
36037
36074
36079
36086
36116
36196
36201
36211
36229
36349
36483
36587
36619
36794
36877
36883
37005
37006
37052
37061
37127
37136
37139
37141
37177
37190
37194
37198
37201
37292
37303
37401
37432
37457
37481
37493
37537
37570
37616
37630
37678
37722
37747
37838
38085
38094
38114
38237
38252
38278
38321
38399
38480
38522
38678
38683
38702
38750
38757
38826
38843
38972
39034
39044
39224
39254
39255
39270
39300
39318
39345
39391
39416
39472
39490
39507
39551
39644
39741
39785
39812
39876
39895
39930
39989
40012
40111
40207
40427
40455
40492
40516
40581
40723
40730
40798
40842
40868
40906
40950
41058
41105
41115
41143
41212
41298
41402
41405
41414
41425
41496
41537
41545
41547
41560
41568
41575
41590
41777
41787
42002
42037
42046
42050
42057
42072
42112
42116
42166
42347
42384
42391
42473
42530
42695
42767
42769
42929
43042
43043
43136
43148
43191
43242
43267
43393
43439
43486
43500
43522
43544
43695
43724
43782
43827
43844
43860
43922
43999
44015
44094
44170
44227
44243
44301
44357
44422
44429
44477
44510
44532
44579
44601
44739
44804
44821
44846
44909
45049
45093
45137
45138
45163
45283
45285
45305
45343
45415
45632
45713
45736
45888
45920
45928
45930
45952
45954
45966
45975
45996
46028
46036
46037
46039
46055
46076
46137
46279
46372
46389
46480
46506
46521
46534
46656
46825
46833
46912
46919
46951
47163
47223
47225
47246
47337
47338
47353
47377
47456
47461
47502
47550
47721
47744
47818
47849
47942
48010
48048
48097
48120
48172
48179
48245
48393
48406
48412
48523
48551
48636
48749
48769
48902
48950
48992
49006
49029
49064
49110
49174
49213
49238
49243
49327
49471
49477
49533
49572
49648
49719
49830
49845
49932
49999
50011
50128
50311
50317
50329
50534
50541
50630
50634
50671
50688
50703
50706
50812
50826
50832
50879
50885
50904
50910
51005
51016
51089
51102
51151
51315
51331
51375
51407
51470
51498
51578
51622
51744
51809
51812
51836
51929
52065
52067
52201
52274
52305
52327
52339
52400
52560
52759
52836
52934
52958
52973
53060
53127
53283
53359
53433
53483
53589
53844
53865
53940
54030
54206
54237
54304
54331
54392
54489
54520
54537
54551
54605
54678
54779
54816
54877
54891
54894
54911
55094
55138
55213
55331
55373
55400
55551
55689
55823
56028
56306
56313
56317
56339
56346
56370
56460
56496
56540
56542
56703
56782
56793
56952
57190
57201
57393
57509
57540
57621
57653
57675
57733
57810
57911
57954
58053
58071
58144
58185
58300
58400
58423
58480
58532
58601
58603
58651
58744
58768
58824
58847
58870
58897
59017
59023
59032
59052
59064
59161
59185
59281
59303
59310
59326
59408
59547
59555
59632
59672
59717
59720
59737
59871
59961
59988
60018
60020
60049
60108
60204
60377
60413
60456
60550
60605
60619
60648
60738
60743
60871
60954
60967
61041
61077
61126
61205
61455
61563
61586
61660
61671
61782
61892
61939
61963
61967
62116
62285
62314
62431
62479
62533
62547
62571
62673
62872
62941
63049
63072
63165
63383
63455
63499
63557
63582
63628
63636
63704
63783
63818
64134
64406
64479
64541
64560
64619
64624
64643
64799
64850
64874
64925
65147
65252
65304
65311
65332
65363
65388
65403
65444
65618
65802
65810
65824
65829
65864
65923
65929
65998
66005
66111
66242
66333
66345
66413
66429
66522
66526
66713
66755
66759
66798
66905
66955
67017
67125
67365
67426
67443
67484
67526
67533
67548
67671
67697
67708
67871
67894
67916
67999
68125
68278
68356
68459
68496
68815
68841
68852
68868
68926
69058
69061
69125
69142
69147
69163
69231
69251
69285
69305
69329
69408
69409
69430
69579
69604
69628
69695
69702
69727
69893
69900
69932
69942
70004
70023
70039
70094
70139
70243
70324
70512
70680
70760
70840
70939
71188
71408
71427
71620
71653
71725
71759
71857
71968
72020
72063
72065
72091
72096
72194
72312
72345
72448
72510
72567
72773
72833
72869
72968
73341
73344
73361
73486
73501
73566
73678
73693
73875
73909
74104
74391
74400
74419
74484
74630
74754
74768
75067
75118
75125
75191
75305
75345
75423
75438
75629
75676
75690
75699
75703
75853
76029
76078
76230
76281
76346
76454
76604
76639
76791
76963
77006
77181
77243
77245
77260
77267
77317
77563
77613
77733
77830
77967
77990
78069
78146
78151
78183
78256
78316
78327
78688
78705
78744
78848
79097
79139
79154
79331
79336
79442
79458
79477
79538
79556
79575
79592
79594
79606
79631
79710
79761
79993
80025
80052
80117
80158
80231
80291
80401
80483
80525
80710
80852
80858
81066
81096
81167
81307
81459
81476
81525
81596
81605
81674
81903
81972
82000
82073
82210
82276
82364
82418
82450
82604
82611
82638
82651
82653
82686
82753
82841
82876
82879
82892
82908
82911
83073
83144
83173
83268
83398
83512
83648
83660
83779
83869
84013
84030
84135
84225
84280
84608
84716
84823
84974
85048
85266
85501
85553
85693
85850
85892
85897
85898
85920
86050
86077
86215
86232
86303
86403
86480
86598
86636
86646
86695
86740
86782
87178
87238
87452
87598
87636
87663
87680
87695
87811
87828
87924
88010
88133
88216
88456
88519
88544
88960
88961
89032
89054
89119
89410
89485
89503
89549
89578
89706
89729
89799
89818
89933
90164
90198
90203
90273
90342
90363
90395
90429
90438
90595
90657
90765
90766
90780
91082
91125
91145
91160
91170
91370
91439
91451
91497
91508
91554
91585
91599
91600
91746
91779
91783
91827
91829
91833
92061
92075
92100
92231
92306
92362
92444
92550
92756
92788
93263
93352
93430
93835
93884
93997
94029
94198
94466
94513
94741
94845
94882
94890
95023
95074
95205
95215
95347
95367
95621
95648
109099
148505
148654
152299
163514
163575
165643
171458
172064
173924
174183
175967
177228
179429
187623
195753
218218
222542
224535
228786
229660
232078
233530
237344
243816
248069
129
228
231
240
493
603
659
808
862
968
972
1025
1072
1079
1115
1161
1207
1282
1373
1418
1437
1453
1523
1529
1579
1606
1641
1722
1842
1999
2061
2108
2140
2142
2178
2190
2220
2265
2285
2293
2314
2337
2362
2422
2440
2502
2549
2558
2616
2622
2636
2638
2656
2755
2757
2780
2917
2934
2964
2971
3004
3178
3194
3195
3207
3253
3317
3323
3324
3339
3346
3416
3426
3487
3494
3526
3534
3554
3642
3690
3696
3706
3764
3819
3891
4014
4217
4235
4270
4287
4386
4553
4573
4594
4693
4734
4743
4770
4773
4853
4900
4922
4986
4996
5031
5046
5070
5105
5223
5319
5358
5379
5401
5424
5442
5450
5570
5583
5590
5633
5652
5704
5714
5717
5731
5753
5776
5808
5819
5824
5838
5858
5869
5895
5907
5913
5916
5922
5925
5931
6071
6079
6109
6118
6156
6166
6174
6210
6224
6289
6318
6336
6344
6372
6394
6424
6451
6453
6458
6595
6613
6633
6644
6650
6680
6723
6742
6802
6824
6836
6838
6850
6873
6879
6887
6906
6932
6939
6953
7009
7111
7124
7165
7182
7186
7231
7270
7305
7325
7369
7382
7390
7397
7399
7436
7437
7439
7467
7535
7607
7633
7674
7679
7706
7712
7717
7720
7747
7769
7779
7805
7813
7817
7837
7851
7871
7950
7956
7963
8030
8037
8052
8054
8104
8115
8134
8189
8219
8252
8275
8281
8297
8309
8354
8368
8419
8432
8503
8558
8564
8601
8647
8651
8720
8735
8764
8835
8837
8843
8879
8892
8917
8923
8933
9025
9031
9034
9050
9051
9054
9086
9093
9105
9116
9204
9241
9254
9298
9371
9373
9381
9386
9387
9451
9454
9471
9483
9486
9488
9489
9569
9634
9641
9690
9723
9732
9769
9808
9823
9838
9880
9900
9903
9907
9983
10015
10037
10038
10071
10113
10115
10120
10208
10232
10234
10270
10341
10348
10412
10413
10417
10475
10532
10617
10625
10657
10667
10669
10703
10717
10730
10761
10781
10816
10889
10939
10979
10985
11015
11024
11250
11253
11306
11350
11355
11363
11369
11379
11415
11470
11474
11529
11534
11565
11576
11606
11619
11621
11634
11645
11671
11676
11716
11759
11803
11847
11849
11971
11981
12036
12101
12116
12119
12128
12151
12161
12194
12220
12230
12285
12298
12358
12380
12393
12419
12441
12457
12460
12501
12554
12569
12582
12604
12645
12739
12759
12855
12880
12883
12885
12911
12988
13006
13047
13165
13206
13212
13269
13284
13320
13331
13338
13392
13437
13454
13504
13572
13574
13579
13597
13602
13611
13629
13658
13682
13690
13705
13771
13814
13837
13853
13907
13927
13944
13945
14024
14118
14125
14132
14167
14176
14198
14261
14287
14338
14340
14341
14382
14453
14457
14480
14514
14551
14599
14649
14677
14696
14731
14748
14775
14848
14902
14929
14959
15051
15115
15130
15131
15173
15236
15312
15314
15321
15323
15337
15350
15374
15393
15394
15450
15488
15506
15540
15545
15631
15727
15743
15758
15761
15794
15806
15815
15838
15864
15918
15959
15967
15988
16034
16061
16064
16083
16103
16105
16211
16230
16254
16341
16351
16369
16393
16409
16418
16425
16428
16431
16480
16519
16523
16566
16649
16709
16715
16737
16741
16776
16777
16885
16888
16932
17002
17015
17059
17064
17071
17077
17078
17090
17125
17150
17155
17168
17208
17235
17248
17257
17300
17304
17410
17443
17496
17507
17545
17551
17563
17596
17706
17724
17745
17756
17791
17800
17970
18057
18093
18103
18124
18128
18131
18137
18166
18220
18261
18266
18268
18327
18330
18332
18353
18359
18375
18395
18407
18477
18513
18528
18567
18593
18597
18611
18651
18734
18756
18760
18782
18787
18821
18858
18892
18901
18907
18921
18945
18946
18986
18992
19103
19124
19146
19189
19265
19274
19293
19305
19308
19325
19351
19363
19525
19533
19539
19627
19773
19807
19821
19826
19892
19998
20032
20048
20093
20095
20101
20132
20138
20156
20175
20194
20208
20303
20390
20412
20453
20461
20488
20494
20533
20567
20613
20623
20625
20645
20672
20675
20679
20685
20798
20848
20849
20861
20868
20882
20910
21076
21090
21107
21149
21171
21173
21196
21234
21246
21282
21294
21394
21398
21430
21523
21532
21547
21588
21599
21626
21730
21783
21822
21868
21877
21890
21908
21926
21939
21941
21947
22042
22144
22154
22162
22172
22265
22309
22367
22396
22428
22431
22460
22488
22493
22534
22544
22570
22577
22583
22594
22599
22649
22705
22788
22802
22819
22877
22947
22952
22955
23034
23043
23077
23141
23201
23206
23238
23256
23258
23279
23282
23315
23332
23354
23391
23414
23419
23454
23459
23499
23566
23576
23619
23673
23705
23721
23753
23760
23816
23823
23852
23867
23868
23901
23934
23961
23987
23995
24010
24012
24051
24106
24125
24131
24160
24164
24180
24220
24237
24261
24266
24269
24305
24319
24376
24456
24463
24519
24537
24617
24633
24634
24722
24745
24779
24826
24886
24891
24915
24946
24960
25038
25058
25079
25087
25146
25149
25151
25247
25283
25290
25340
25387
25388
25391
25455
25473
25490
25508
25509
25522
25599
25617
25626
25640
25660
25722
25744
25776
25801
25803
25826
25974
25985
25991
25997
26037
26061
26063
26106
26151
26183
26250
26260
26267
26284
26285
26304
26340
26372
26377
26432
26441
26446
26572
26624
26629
26672
26733
26818
26834
26845
26847
26854
26905
26911
26918
26932
26963
27016
27031
27078
27102
27127
27138
27206
27211
27213
27229
27351
27365
27374
27381
27388
27390
27463
27514
27573
27602
27614
27625
27629
27659
27665
27675
27679
27687
27731
27747
27770
27796
27852
27865
27872
27910
27912
27930
27935
27946
27949
27996
28013
28078
28186
28282
28291
28311
28323
28349
28350
28358
28397
28444
28463
28473
28485
28487
28494
28510
28596
28610
28676
28678
28726
28831
28849
28909
28947
29037
29038
29051
29085
29112
29140
29144
29233
29298
29329
29351
29384
29428
29486
29528
29531
29562
29579
29657
29687
29696
29783
29833
29838
29880
29895
29934
29935
29958
29995
29999
30022
30033
30053
30084
30118
30198
30200
30262
30315
30416
30451
30462
30466
30567
30646
30650
30664
30717
30721
30733
30793
30856
30887
30932
30954
31009
31158
31168
31226
31277
31302
31303
31320
31347
31374
31490
31556
31564
31575
31597
31649
31660
31847
31891
31943
31945
31955
31971
31974
31986
32048
32050
32060
32122
32246
32247
32253
32258
32264
32330
32331
32348
32370
32462
32476
32537
32652
32692
32699
32736
32745
32749
32770
32778
32798
32829
32892
32899
32930
32947
33059
33086
33115
33222
33238
33302
33333
33406
33411
33418
33435
33461
33495
33498
33569
33626
33683
33700
33725
33734
33742
33756
33757
33765
33811
33948
33974
34007
34043
34057
34156
34170
34246
34263
34317
34339
34359
34382
34416
34536
34548
34585
34600
34603
34641
34669
34684
34685
34770
34797
34832
34840
34842
34871
34891
34930
34936
34991
34997
35003
35060
35097
35115
35153
35184
35218
35223
35257
35269
35419
35478
35482
35520
35600
35719
35740
35779
35787
35808
35840
35889
35916
35962
36038
36090
36187
36219
36234
36251
36265
36317
36372
36415
36450
36478
36480
36569
36749
36924
36941
36986
37014
37019
37036
37041
37062
37072
37153
37155
37169
37288
37356
37442
37444
37482
37490
37546
37550
37592
37629
37653
37686
37702
37732
37824
37861
37863
37901
38061
38073
38075
38093
38131
38189
38213
38214
38225
38277
38302
38315
38349
38369
38375
38454
38462
38528
38533
38570
38601
38603
38613
38703
38769
38775
38787
38789
38844
38850
38877
38888
38913
38963
38994
39064
39107
39198
39494
39520
39544
39635
39642
39672
39843
39881
39894
39903
39949
39957
39991
40066
40112
40122
40215
40253
40271
40293
40373
40397
40416
40429
40447
40479
40481
40489
40503
40504
40525
40574
40636
40715
40748
40767
40790
40885
40940
40982
41024
41046
41063
41155
41200
41204
41235
41251
41309
41324
41359
41367
41380
41392
41452
41522
41529
41594
41660
41697
41705
41750
41848
41932
41946
41955
41968
42018
42129
42154
42205
42256
42296
42305
42320
42324
42326
42362
42378
42386
42419
42493
42498
42500
42589
42602
42662
42664
42688
42694
42782
42784
42789
42807
42833
42863
42938
42939
42989
43146
43155
43194
43269
43369
43380
43421
43534
43580
43589
43594
43673
43688
43698
43701
43725
43732
43738
43763
43825
43908
43927
43941
44025
44052
44059
44096
44106
44152
44174
44255
44295
44314
44388
44396
44410
44467
44473
44487
44502
44517
44533
44568
44573
44679
44754
44820
44856
44875
44921
44960
45047
45141
45151
45164
45240
45247
45290
45403
45422
45457
45624
45630
45670
45719
45732
45793
45855
45944
45971
45991
46015
46018
46050
46083
46089
46107
46113
46138
46143
46206
46216
46303
46369
46426
46617
46646
46651
46744
46761
46781
46800
46808
46814
46830
46956
46963
46974
47087
47110
47123
47124
47154
47157
47183
47229
47240
47288
47328
47341
47396
47407
47436
47478
47554
47642
47680
47709
47720
47726
47851
47857
47875
47978
48007
48030
48129
48181
48243
48264
48266
48288
48290
48309
48320
48335
48350
48351
48369
48413
48563
48590
48622
48641
48667
48668
48870
48872
48894
48927
49069
49114
49120
49140
49141
49150
49240
49287
49305
49334
49459
49523
49527
49528
49633
49649
49674
49678
49693
49708
49863
49868
49960
49961
49976
50003
50026
50056
50079
50081
50122
50147
50167
50222
50273
50274
50318
50499
50565
50567
50636
50725
50839
50867
50891
50893
50927
51011
51013
51228
51231
51239
51272
51278
51320
51368
51460
51469
51522
51603
51612
51616
51693
51728
51733
51783
51784
51785
51802
51893
51936
51979
51997
52053
52084
52089
52142
52151
52199
52209
52222
52231
52265
52293
52336
52369
52401
52455
52465
52565
52620
52712
52714
52833
52970
53005
53037
53073
53097
53174
53175
53193
53270
53293
53304
53406
53466
53536
53582
53639
53688
53690
53692
53711
53793
53823
53962
53985
54047
54065
54117
54131
54152
54170
54177
54272
54312
54356
54390
54477
54529
54559
54567
54607
54625
54638
54782
54842
54853
54866
54892
55054
55058
55068
55075
55145
55247
55274
55278
55399
55543
55585
55586
55595
55630
55646
55655
55661
55667
55697
55774
55811
55833
55857
55881
55883
55894
56037
56079
56120
56133
56140
56149
56176
56289
56331
56365
56377
56427
56434
56577
56598
56606
56649
56679
56687
56757
56787
56819
56833
56837
56899
56978
56991
56995
57042
57127
57163
57255
57267
57319
57357
57432
57448
57481
57501
57507
57569
57590
57625
57648
57666
57686
57766
57807
57867
57870
57916
57940
57946
57959
57976
58010
58076
58134
58143
58253
58565
58569
58606
58613
58614
58616
58650
58722
58729
58783
58795
58867
58868
58913
58991
58995
59058
59077
59098
59193
59199
59241
59254
59258
59293
59322
59375
59386
59411
59427
59434
59447
59492
59518
59540
59543
59616
59626
59630
59675
59701
59718
59789
59875
59890
59915
59996
60033
60173
60317
60352
60373
60397
60402
60408
60428
60436
60459
60526
60568
60585
60612
60618
60633
60670
60783
60810
60839
60846
60917
60923
60936
60972
61021
61133
61220
61225
61253
61281
61302
61436
61440
61633
61648
61762
61824
61850
61906
61982
62036
62051
62078
62141
62196
62197
62298
62351
62361
62378
62398
62534
62535
62558
62567
62691
62727
62797
62811
62831
62927
63020
63099
63126
63142
63175
63219
63356
63360
63361
63375
63401
63433
63447
63630
63666
63731
63760
63816
63819
63831
63840
63851
63915
63977
63979
64047
64070
64131
64135
64141
64198
64235
64268
64289
64315
64326
64329
64360
64483
64520
64548
64562
64633
64676
64688
64761
64776
64839
64935
64976
64981
65105
65134
65224
65229
65289
65295
65373
65455
65486
65501
65703
65721
65757
65761
65785
65854
65873
65930
65985
66057
66143
66157
66212
66233
66244
66251
66286
66298
66359
66376
66402
66445
66527
66550
66552
66615
66646
66680
66693
66776
66778
66789
66860
66939
67034
67109
67140
67193
67214
67279
67308
67438
67453
67476
67517
67586
67651
67726
67772
67861
67885
67896
67913
67943
67964
68044
68111
68139
68191
68196
68235
68309
68359
68369
68413
68430
68438
68456
68481
68484
68737
68743
68806
68923
68936
69046
69167
69177
69190
69207
69227
69343
69416
69422
69499
69549
69638
69642
69661
69730
69755
69940
69970
70013
70212
70282
70300
70396
70439
70451
70453
70472
70518
70536
70605
70610
70629
70757
70761
70874
71101
71108
71163
71219
71257
71314
71466
71479
71480
71616
71659
71821
71984
72057
72071
72093
72171
72272
72399
72401
72470
72527
72592
72685
72721
72792
72875
72910
72917
72954
73047
73078
73079
73189
73210
73227
73335
73355
73499
73546
73571
73620
73642
73681
73709
73728
73752
73759
73770
73862
73933
73948
73950
73951
74090
74122
74144
74482
74553
74557
74591
74743
74839
74882
74946
74986
75010
75013
75054
75121
75223
75243
75266
75307
75351
75380
75561
75587
75604
75645
75661
75728
75748
75789
75807
75921
75942
76005
76056
76074
76102
76165
76177
76358
76498
76504
76648
76660
76721
76859
76931
76943
77039
77041
77075
77165
77188
77190
77207
77240
77307
77330
77348
77383
77481
77541
77627
77696
77791
77802
77937
78067
78083
78112
78143
78168
78173
78247
78284
78344
78395
78407
78424
78486
78487
78514
78525
78606
78645
78660
78669
78749
78836
78869
78893
78952
78971
79017
79034
79041
79301
79314
79401
79461
79512
79516
79551
79691
79701
79749
79972
80022
80047
80097
80178
80183
80187
80222
80358
80386
80419
80446
80456
80487
80589
80635
80671
80731
80747
80975
81031
81079
81107
81137
81281
81523
81645
81714
81761
81921
82013
82099
82105
82106
82136
82139
82206
82236
82272
82294
82297
82353
82442
82470
82647
82687
82704
82712
82717
82764
82774
82819
82848
82855
82930
82954
82965
82987
83001
83067
83090
83115
83168
83193
83229
83264
83315
83631
83652
83783
83912
84027
84107
84141
84262
84448
84572
84612
84642
84670
84673
84678
84717
84851
84856
85054
85101
85187
85232
85363
85365
85398
85445
85455
85469
85491
85562
85573
85585
85653
85681
85795
85802
85877
85956
85958
86074
86075
86145
86153
86223
86245
86291
86292
86344
86376
86494
86528
86544
86610
86748
86789
86835
87189
87195
87284
87327
87330
87374
87387
87398
87401
87487
87511
87600
87601
87736
87759
87855
87869
87956
87964
87993
88086
88118
88141
88200
88350
88475
88530
88558
88628
88634
88655
88718
88844
88892
88954
89065
89195
89211
89324
89365
89508
89583
89642
89769
89835
89854
89892
90010
90027
90091
90111
90143
90190
90233
90236
90345
90351
90418
90452
90463
90527
90566
90615
90651
90660
90799
90859
90977
91209
91255
91266
91354
91531
91541
91618
91690
91834
91836
91838
91952
91983
92199
92219
92360
92423
92472
92481
92488
92524
92536
92545
92547
92552
92615
92772
92961
92968
92988
92993
93023
93090
93119
93169
93261
93331
93572
93583
93640
93681
93737
93776
93785
93830
93920
93986
93987
94025
94182
94193
94247
94261
94386
94450
94571
94609
94679
94680
94781
94806
94860
94988
95150
95178
95199
95224
95225
95266
95293
95417
95466
95471
95527
151708
154495
155199
161229
164010
165577
166244
167684
170850
171381
172814
173014
177355
177460
178192
178773
178889
180285
180835
183727
186468
186906
188800
189347
189476
190053
191228
194434
195016
198842
203778
208312
208912
211173
211936
217302
218210
225775
229583
230908
232245
232392
232735
236791
238940
241856
242651
243308
244163
245744
248046
108
114
122
246
260
376
434
619
621
670
775
876
954
1078
1093
1109
1251
1316
1351
1377
1398
1400
1416
1451
1490
1539
1600
1636
1738
1780
1871
1872
2003
2032
2051
2089
2122
2163
2226
2269
2300
2360
2467
2470
2473
2498
2505
2550
2580
2626
2648
2655
2684
2690
2709
2727
2740
2750
2753
2758
2825
2833
2854
2863
2872
2888
2898
2954
2970
3025
3056
3062
3098
3164
3227
3229
3243
3245
3277
3292
3306
3373
3396
3457
3538
3586
3617
3632
3660
3691
3716
3737
3745
3774
3776
3783
3821
3872
3879
3940
3966
3970
4023
4027
4042
4076
4094
4102
4137
4142
4154
4197
4208
4282
4294
4298
4303
4372
4376
4509
4511
4512
4525
4600
4617
4647
4665
4715
4717
4725
4846
4877
4889
4897
4899
4946
4951
4974
4978
5019
5026
5049
5052
5061
5076
5090
5120
5166
5185
5191
5201
5216
5258
5277
5343
5366
5371
5473
5489
5505
5507
5516
5537
5603
5648
5662
5687
5709
5749
5755
5784
5795
5798
5800
5877
5897
5914
5937
6022
6026
6037
6039
6073
6083
6102
6104
6145
6164
6181
6188
6192
6225
6244
6260
6275
6276
6305
6315
6319
6324
6382
6411
6422
6428
6478
6548
6605
6617
6638
6664
6666
6706
6715
6730
6740
6756
6773
6819
6875
6889
6893
6940
6950
7050
7067
7076
7094
7100
7118
7119
7120
7125
7155
7175
7181
7184
7213
7238
7245
7284
7297
7339
7351
7403
7431
7470
7480
7530
7534
7549
7583
7584
7585
7588
7596
7614
7616
7617
7648
7665
7677
7678
7691
7724
7770
7780
7792
7844
7852
7886
7898
7931
7987
8002
8025
8125
8128
8157
8161
8178
8190
8234
8241
8261
8335
8351
8376
8378
8402
8426
8449
8451
8467
8470
8474
8491
8492
8499
8507
8521
8532
8562
8600
8612
8624
8631
8638
8703
8716
8728
8739
8762
8773
8805
8840
8902
8962
8974
8991
9024
9036
9055
9195
9229
9249
9255
9265
9274
9332
9356
9369
9384
9410
9439
9470
9524
9534
9540
9551
9552
9557
9583
9602
9660
9684
9758
9763
9771
9821
9854
9860
9863
9895
9902
9905
9911
9927
9975
10022
10056
10073
10076
10110
10123
10124
10169
10215
10240
10243
10259
10303
10310
10311
10361
10365
10368
10384
10388
10434
10450
10452
10454
10461
10462
10472
10498
10500
10525
10593
10611
10664
10690
10707
10714
10719
10738
10755
10757
10758
10807
10820
10829
10887
10892
10899
10908
10912
10919
10950
10960
11060
11066
11084
11098
11133
11161
11204
11207
11211
11240
11254
11257
11297
11305
11371
11401
11422
11448
11456
11523
11557
11561
11564
11569
11574
11595
11617
11625
11627
11636
11643
11666
11706
11710
11733
11743
11751
11761
11783
11818
11830
11838
11848
11865
11921
11928
11944
11959
11972
12003
12040
12059
12066
12079
12084
12093
12110
12139
12157
12176
12210
12221
12273
12340
12343
12355
12363
12413
12416
12425
12430
12466
12504
12515
12518
12545
12553
12591
12638
12656
12683
12713
12721
12734
12746
12773
12780
12787
12803
12808
12814
12838
12889
12909
12912
12927
12950
12953
12974
13034
13058
13061
13093
13105
13114
13128
13163
13164
13179
13204
13248
13253
13261
13277
13296
13323
13330
13355
13357
13360
13365
13378
13384
13386
13387
13388
13397
13411
13414
13426
13482
13525
13541
13554
13560
13583
13584
13590
13612
13651
13655
13725
13726
13756
13776
13787
13793
13813
13832
13932
13972
13981
14019
14022
14048
14063
14076
14079
14089
14102
14108
14131
14136
14219
14240
14248
14256
14267
14280
14286
14292
14314
14320
14332
14346
14373
14402
14438
14446
14466
14476
14483
14484
14489
14515
14544
14605
14609
14618
14625
14626
14646
14691
14703
14710
14720
14738
14846
14859
14866
14872
14874
14881
14914
14964
14993
14997
15030
15074
15082
15104
15136
15140
15151
15179
15183
15191
15235
15241
15248
15260
15270
15278
15294
15299
15305
15315
15341
15371
15392
15421
15425
15438
15460
15465
15467
15471
15520
15524
15535
15547
15556
15585
15586
15596
15608
15633
15645
15654
15667
15677
15695
15716
15723
15731
15741
15750
15774
15785
15786
15810
15822
15871
15884
15900
15934
15938
15946
15966
15969
15979
16005
16008
16012
16014
16035
16065
16094
16096
16108
16167
16177
16189
16199
16212
16224
16320
16348
16394
16397
16407
16413
16454
16468
16469
16502
16579
16617
16619
16668
16690
16740
16751
16765
16787
16803
16860
16861
16864
16891
16999
17020
17023
17099
17162
17187
17204
17207
17214
17217
17219
17243
17252
17278
17293
17296
17347
17355
17390
17406
17434
17447
17485
17514
17528
17540
17546
17555
17590
17610
17624
17637
17648
17670
17677
17690
17691
17721
17754
17773
17795
17810
17814
17822
17829
17857
17859
17899
17915
17921
17923
17928
17943
17962
17991
18028
18051
18055
18068
18116
18125
18144
18154
18157
18168
18218
18227
18229
18241
18248
18254
18263
18265
18335
18340
18341
18384
18404
18412
18424
18461
18475
18488
18492
18572
18576
18578
18579
18585
18591
18654
18660
18714
18748
18835
18850
18872
18873
18881
18884
18906
18936
18970
18995
19001
19007
19046
19070
19083
19107
19143
19162
19211
19220
19241
19259
19275
19277
19284
19301
19312
19354
19359
19367
19368
19371
19387
19398
19409
19433
19511
19534
19589
19604
19634
19668
19744
19751
19753
19761
19778
19786
19790
19796
19805
19853
19887
19894
19911
19923
19939
19945
19959
19987
20035
20075
20082
20098
20106
20171
20193
20222
20228
20232
20323
20324
20338
20376
20379
20438
20439
20440
20469
20477
20499
20501
20506
20547
20559
20610
20640
20662
20677
20700
20724
20739
20766
20768
20770
20775
20790
20803
20807
20874
20880
20899
20901
20905
20919
20939
20942
20949
20973
20976
20999
21009
21047
21049
21091
21096
21117
21126
21158
21161
21168
21204
21235
21236
21253
21256
21264
21285
21346
21407
21422
21435
21465
21467
21483
21491
21498
21517
21520
21535
21586
21592
21635
21647
21680
21682
21683
21708
21773
21777
21778
21794
21800
21838
21852
21860
21874
21881
21895
21904
21925
21968
21977
21978
22004
22068
22098
22101
22106
22124
22150
22180
22186
22193
22195
22197
22208
22248
22256
22296
22350
22374
22377
22379
22421
22426
22447
22485
22494
22502
22505
22510
22517
22536
22559
22580
22610
22612
22623
22733
22747
22749
22771
22793
22799
22828
22842
22906
22933
22992
22996
22997
23012
23033
23037
23050
23076
23087
23094
23097
23152
23181
23227
23276
23297
23305
23335
23336
23360
23380
23397
23403
23423
23438
23442
23525
23530
23536
23595
23603
23628
23647
23794
23818
23850
23896
23897
23941
23965
23986
24011
24043
24075
24083
24105
24108
24115
24152
24161
24175
24183
24185
24222
24242
24246
24262
24293
24326
24370
24437
24451
24467
24495
24500
24503
24507
24510
24527
24551
24595
24621
24669
24677
24699
24740
24759
24766
24788
24790
24799
24814
24821
24829
24843
24852
24860
24937
24939
25001
25015
25033
25066
25121
25142
25144
25153
25182
25198
25202
25213
25224
25254
25261
25292
25304
25317
25339
25357
25358
25386
25420
25433
25446
25451
25558
25590
25636
25655
25666
25676
25685
25707
25714
25742
25813
25816
25847
25856
25864
25922
25935
25939
25948
25990
26015
26047
26048
26093
26095
26102
26112
26116
26127
26172
26180
26224
26229
26236
26237
26249
26254
26270
26322
26349
26362
26368
26418
26429
26439
26444
26458
26500
26503
26552
26571
26599
26600
26608
26710
26723
26727
26752
26754
26775
26783
26801
26885
26889
26894
26899
26903
26910
26913
26943
26994
26998
27007
27017
27059
27091
27129
27134
27151
27164
27188
27238
27275
27280
27304
27329
27334
27336
27338
27359
27394
27403
27416
27424
27447
27460
27465
27476
27489
27496
27512
27519
27532
27554
27570
27582
27595
27604
27628
27630
27643
27655
27676
27714
27720
27730
27748
27806
27832
27911
27964
27967
27969
27970
28105
28114
28124
28137
28147
28150
28164
28208
28217
28224
28252
28257
28276
28306
28320
28326
28370
28371
28382
28387
28403
28431
28458
28506
28511
28514
28515
28562
28607
28641
28714
28737
28742
28766
28771
28851
28867
28875
28894
28917
28929
28949
28988
28992
29043
29063
29077
29091
29103
29128
29131
29171
29184
29242
29243
29265
29409
29420
29474
29481
29496
29537
29584
29597
29602
29625
29629
29658
29667
29678
29684
29691
29725
29742
29776
29794
29803
29804
29819
29828
29831
29854
29896
29900
29905
29971
30018
30074
30079
30081
30083
30086
30088
30090
30102
30110
30145
30146
30171
30265
30271
30276
30370
30383
30399
30410
30430
30432
30439
30478
30486
30488
30492
30525
30550
30582
30591
30598
30611
30693
30695
30699
30703
30725
30728
30745
30753
30792
30857
30862
30883
30888
30936
30991
30995
30997
31032
31052
31056
31061
31072
31073
31074
31081
31127
31129
31169
31198
31205
31217
31218
31244
31262
31268
31342
31354
31367
31386
31392
31402
31433
31478
31485
31503
31536
31567
31572
31594
31672
31725
31728
31738
31750
31814
31823
31861
31864
31877
31901
31910
31929
31939
32015
32029
32058
32084
32115
32121
32167
32205
32256
32342
32360
32363
32379
32383
32415
32416
32424
32425
32473
32491
32503
32558
32577
32611
32614
32653
32656
32663
32725
32735
32759
32763
32774
32805
32815
32836
32865
32889
32915
32940
32942
32970
32990
33021
33038
33046
33061
33134
33159
33165
33185
33186
33188
33217
33237
33268
33276
33284
33312
33325
33337
33352
33405
33408
33490
33508
33541
33556
33557
33583
33587
33593
33595
33603
33680
33694
33706
33720
33724
33731
33764
33790
33795
33797
33812
33855
33900
33914
33953
33959
33968
33969
33983
34070
34078
34080
34099
34114
34196
34227
34268
34270
34295
34340
34354
34369
34395
34412
34445
34455
34459
34513
34535
34537
34543
34550
34560
34565
34618
34625
34648
34659
34672
34755
34767
34779
34809
34816
34839
34867
34945
34954
34989
35012
35021
35032
35055
35057
35124
35132
35137
35146
35151
35156
35222
35231
35240
35298
35308
35337
35365
35386
35444
35471
35474
35493
35496
35497
35503
35513
35565
35612
35623
35653
35690
35693
35709
35712
35747
35751
35758
35815
35849
35859
35873
35874
35876
35938
35944
35990
35993
35997
36018
36071
36088
36095
36117
36144
36158
36184
36210
36218
36241
36285
36287
36378
36405
36410
36428
36496
36518
36576
36589
36590
36617
36631
36679
36684
36707
36715
36717
36778
36807
36831
36835
36842
36860
36861
36874
36876
36899
36902
36942
36958
36968
36979
36996
37010
37013
37037
37040
37049
37065
37135
37140
37148
37167
37168
37238
37249
37331
37370
37400
37411
37413
37417
37431
37436
37437
37465
37617
37619
37635
37640
37657
37660
37680
37698
37708
37742
37748
37754
37764
37797
37801
37849
37854
37876
37894
37907
37922
37924
37994
38009
38020
38023
38043
38074
38084
38135
38146
38170
38187
38210
38220
38227
38240
38261
38346
38358
38391
38396
38398
38415
38444
38447
38449
38461
38464
38472
38474
38559
38581
38685
38698
38742
38762
38788
38795
38800
38821
38855
38862
38873
38908
38912
38923
38931
38968
38983
39047
39063
39130
39145
39221
39235
39263
39266
39286
39352
39369
39388
39431
39446
39460
39515
39547
39581
39637
39645
39661
39724
39781
39792
39821
39853
39870
39878
39924
39928
39952
39973
40018
40026
40037
40057
40072
40096
40125
40156
40197
40203
40230
40234
40235
40241
40272
40322
40328
40334
40339
40351
40360
40415
40423
40499
40562
40573
40610
40639
40664
40667
40673
40698
40758
40760
40762
40775
40797
40815
40831
40871
40941
40960
40967
40984
40995
41005
41007
41010
41034
41062
41096
41119
41147
41150
41169
41260
41267
41272
41283
41304
41334
41343
41388
41487
41488
41509
41530
41548
41556
41591
41662
41663
41668
41700
41711
41744
41763
41807
41854
41869
41877
41926
41940
41949
41963
42041
42052
42069
42076
42080
42092
42122
42136
42140
42180
42206
42234
42284
42292
42345
42380
42396
42477
42487
42507
42517
42549
42568
42594
42673
42728
42739
42747
42760
42774
42852
42854
42855
42857
42905
42918
42950
42956
42970
43007
43009
43030
43077
43113
43128
43137
43158
43210
43244
43274
43329
43334
43335
43381
43387
43389
43426
43430
43437
43468
43487
43489
43499
43509
43543
43679
43715
43719
43755
43757
43766
43824
43855
43857
43871
43883
43904
44028
44079
44111
44137
44141
44143
44159
44176
44193
44216
44217
44247
44294
44369
44393
44411
44418
44433
44436
44447
44530
44586
44652
44655
44684
44742
44770
44796
44811
44817
44870
44883
44887
44937
44980
45012
45022
45045
45058
45076
45095
45129
45132
45134
45136
45229
45239
45300
45308
45322
45330
45412
45441
45472
45481
45507
45538
45555
45581
45595
45600
45612
45631
45675
45677
45684
45689
45696
45720
45730
45790
45823
45845
45994
46041
46132
46162
46174
46184
46231
46273
46274
46292
46353
46360
46379
46402
46526
46531
46571
46584
46586
46609
46624
46625
46633
46654
46682
46690
46693
46772
46782
46783
46834
46842
46870
46888
46923
46924
46953
46957
46962
46990
47007
47048
47069
47081
47121
47131
47206
47216
47277
47294
47295
47310
47365
47383
47425
47431
47442
47452
47464
47543
47555
47559
47585
47591
47645
47665
47690
47716
47717
47728
47730
47802
47808
47812
47838
47930
47996
48008
48021
48047
48073
48093
48110
48128
48143
48146
48152
48159
48173
48180
48186
48224
48265
48296
48306
48310
48383
48392
48399
48417
48424
48438
48455
48457
48475
48477
48484
48501
48509
48560
48573
48648
48735
48750
48772
48778
48818
48821
48826
48832
48904
48908
48947
49032
49074
49088
49091
49098
49108
49117
49121
49122
49183
49191
49195
49251
49267
49297
49356
49409
49449
49455
49462
49537
49571
49573
49574
49575
49579
49585
49596
49600
49635
49709
49738
49766
49787
49819
49832
49884
49902
49975
49996
50087
50102
50103
50131
50132
50139
50143
50194
50229
50324
50331
50332
50350
50461
50472
50514
50524
50545
50546
50561
50566
50681
50693
50700
50746
50788
50792
50793
50850
50873
50877
50920
50938
50987
51046
51068
51085
51138
51139
51160
51190
51198
51202
51205
51219
51221
51230
51253
51258
51269
51297
51324
51357
51394
51449
51455
51459
51463
51479
51544
51545
51550
51579
51588
51630
51641
51845
51874
51877
51885
51888
52028
52078
52112
52119
52124
52145
52221
52269
52341
52363
52393
52408
52449
52450
52481
52486
52489
52508
52511
52548
52638
52645
52657
52727
52735
52739
52837
52871
52967
52969
52975
53000
53019
53029
53040
53049
53065
53066
53150
53156
53170
53179
53188
53318
53323
53400
53458
53503
53571
53591
53593
53602
53660
53661
53670
53679
53740
53888
53908
53919
53920
53922
53953
53982
54029
54066
54109
54120
54138
54231
54288
54318
54324
54327
54344
54369
54459
54472
54486
54555
54564
54591
54601
54664
54667
54705
54713
54714
54740
54745
54757
54798
54800
54818
54848
54865
54931
54972
54991
55006
55061
55100
55162
55204
55205
55207
55242
55256
55271
55289
55299
55336
55347
55377
55384
55395
55396
55444
55452
55495
55521
55579
55594
55615
55625
55684
55688
55745
55834
55855
55882
55930
55934
55935
55943
55948
55972
56007
56024
56045
56055
56095
56108
56114
56139
56142
56205
56281
56283
56316
56328
56340
56349
56385
56398
56453
56468
56488
56489
56517
56545
56565
56597
56631
56652
56700
56720
56725
56728
56761
56771
56868
56877
56906
56911
56928
56943
56974
57004
57009
57130
57154
57155
57236
57261
57303
57335
57369
57407
57413
57435
57482
57508
57528
57534
57539
57574
57618
57668
57674
57691
57700
57728
57753
57772
57835
57893
57972
57985
57990
58007
58022
58036
58106
58133
58191
58234
58267
58271
58289
58319
58344
58360
58405
58420
58483
58502
58508
58518
58521
58552
58564
58578
58591
58607
58694
58737
58738
58745
58770
58786
58793
58815
58859
58875
59024
59040
59057
59245
59313
59324
59367
59376
59422
59444
59460
59488
59510
59576
59589
59605
59639
59740
59770
59869
59884
59936
59939
59958
59999
60073
60081
60122
60130
60170
60192
60197
60257
60268
60342
60378
60421
60512
60530
60565
60574
60628
60637
60692
60755
60767
60781
60786
60789
60804
60824
60897
60925
60937
60968
60982
61003
61050
61069
61106
61166
61180
61185
61210
61259
61338
61361
61421
61435
61462
61522
61527
61555
61557
61568
61601
61612
61663
61688
61695
61742
61776
61791
61910
61912
61921
61946
61979
62005
62014
62057
62092
62130
62139
62227
62249
62253
62306
62331
62332
62377
62429
62526
62550
62620
62625
62659
62671
62686
62758
62780
62856
62982
62988
62992
63057
63066
63104
63106
63136
63139
63157
63166
63222
63249
63261
63303
63340
63355
63388
63429
63432
63456
63527
63611
63710
63738
63755
63758
63842
63866
63871
63878
63882
63900
63916
63938
63945
63951
63987
64089
64152
64182
64208
64239
64272
64297
64312
64327
64331
64333
64352
64375
64395
64421
64446
64504
64646
64682
64704
64796
64812
64927
64985
65011
65035
65083
65092
65110
65111
65121
65125
65157
65159
65217
65239
65365
65371
65384
65385
65392
65397
65410
65414
65417
65439
65454
65554
65560
65571
65584
65625
65635
65641
65677
65704
65764
65790
65861
65870
65971
66011
66061
66062
66065
66146
66160
66165
66182
66215
66246
66256
66317
66339
66360
66364
66380
66437
66438
66497
66505
66510
66547
66568
66581
66631
66787
66797
66857
66867
66931
66962
66988
66995
67044
67046
67047
67061
67065
67094
67138
67159
67160
67195
67215
67306
67427
67503
67590
67639
67642
67657
67677
67680
67691
67709
67774
67775
67797
67806
67821
67847
67878
67951
67954
68030
68042
68080
68147
68197
68230
68234
68247
68310
68358
68370
68373
68402
68403
68411
68490
68567
68650
68802
68845
68849
68873
68895
68939
68967
68978
69052
69084
69095
69107
69111
69158
69239
69265
69296
69298
69325
69344
69392
69485
69518
69533
69538
69554
69587
69597
69622
69629
69658
69788
69795
69831
69851
69882
69922
69923
69947
69965
69971
69987
70005
70049
70160
70218
70263
70415
70424
70429
70448
70464
70484
70506
70549
70583
70594
70641
70717
70733
70740
70810
70856
70908
70927
70959
71066
71068
71100
71126
71144
71160
71174
71185
71202
71215
71230
71296
71357
71360
71362
71398
71419
71471
71482
71516
71540
71550
71582
71651
71676
71684
71727
71778
71789
71849
71875
71876
71995
72018
72039
72044
72073
72082
72149
72156
72184
72185
72191
72256
72265
72280
72310
72341
72493
72518
72550
72555
72583
72611
72622
72649
72676
72681
72775
72803
72868
72908
72964
73029
73090
73096
73114
73117
73124
73174
73180
73182
73194
73203
73205
73240
73280
73289
73330
73347
73384
73411
73418
73513
73531
73549
73556
73563
73677
73708
73735
73829
73832
73858
73874
73957
74012
74042
74049
74050
74094
74136
74140
74304
74307
74316
74383
74385
74460
74505
74587
74647
74649
74681
74724
74726
74756
74783
74818
74828
74829
74878
74880
74894
74921
74962
74976
74977
75025
75027
75100
75115
75140
75156
75162
75196
75222
75225
75226
75247
75249
75267
75406
75579
75583
75599
75658
75683
75731
75751
75753
75823
75835
75848
75860
75884
75937
75989
76016
76017
76045
76049
76112
76147
76155
76168
76208
76404
76467
76544
76579
76609
76674
76695
76766
76776
76821
76830
76868
76874
76884
76894
76940
77026
77051
77140
77251
77276
77293
77295
77347
77385
77439
77444
77475
77505
77539
77635
77689
77747
77780
77815
77829
77846
77892
77894
77911
77938
77939
77985
78081
78184
78272
78296
78328
78332
78357
78363
78370
78386
78588
78601
78675
78700
78704
78830
78876
78877
78913
78938
78998
78999
79001
79024
79073
79100
79131
79141
79145
79149
79167
79197
79199
79259
79281
79343
79500
79601
79677
79731
79774
79781
79793
79847
79873
79891
79925
79933
79938
79958
79979
79996
80072
80116
80212
80240
80269
80336
80369
80395
80449
80470
80519
80529
80553
80572
80636
80688
80719
80771
80792
80800
80847
80872
80898
80899
80992
81007
81060
81097
81106
81122
81125
81161
81185
81197
81207
81254
81288
81330
81372
81375
81433
81434
81471
81475
81502
81519
81566
81604
81718
81747
81810
81815
81837
81905
81929
81948
81969
82007
82041
82090
82118
82191
82243
82260
82298
82309
82407
82495
82506
82544
82549
82585
82655
82656
82688
82693
82745
82752
82782
82884
82886
82915
82959
82978
82999
83015
83017
83046
83076
83101
83125
83155
83198
83240
83271
83273
83274
83325
83431
83464
83608
83626
83661
83668
83729
83760
83792
83845
84171
84257
84270
84277
84288
84298
84376
84429
84489
84545
84567
84676
84722
84859
84948
84952
84981
85037
85042
85061
85076
85114
85156
85163
85184
85194
85364
85377
85380
85392
85426
85540
85601
85620
85657
85673
85692
85703
85763
85764
85769
85779
85860
85912
85917
85928
85945
85957
85976
86055
86100
86105
86115
86116
86225
86243
86302
86378
86449
86473
86538
86540
86551
86555
86586
86602
86720
86745
86797
86853
86865
86923
87101
87129
87145
87197
87247
87257
87265
87268
87275
87295
87386
87410
87423
87450
87460
87609
87615
87627
87701
87706
87740
87748
87874
87922
87923
87965
88213
88290
88300
88301
88324
88325
88353
88357
88358
88374
88409
88497
88601
88652
88738
88754
88759
88766
88865
88941
88945
89123
89239
89298
89321
89322
89348
89389
89434
89446
89502
89523
89538
89600
89622
89624
89637
89643
89667
89678
89728
89766
89863
89931
89994
90062
90103
90243
90294
90349
90357
90364
90389
90399
90446
90460
90501
90590
90781
90863
90867
90916
90941
90963
90979
91189
91264
91300
91317
91319
91363
91389
91413
91466
91503
91605
91610
91621
91676
91763
91807
91848
91865
91925
91953
91968
91974
91992
92012
92019
92048
92087
92241
92244
92299
92316
92438
92506
92527
92564
92610
92694
92698
92737
92748
92814
92860
92874
93008
93048
93117
93121
93148
93170
93177
93206
93223
93359
93395
93418
93587
93616
93712
93730
93744
93803
93848
93947
94034
94129
94168
94172
94181
94222
94255
94345
94355
94377
94443
94447
94474
94498
94505
94538
94640
94646
94714
94725
94734
94754
94762
94824
94854
94883
94889
94946
94968
94976
95012
95035
95075
95080
95140
95226
95230
95250
95268
95284
95295
95296
95304
95322
95344
95349
95369
95374
95451
95516
95523
95529
95545
95580
95619
95639
115714
148738
149177
149756
149837
150226
151552
152481
153693
154496
154642
154913
155366
155413
158492
161058
161622
163557
164238
164891
165523
166522
166525
167968
169056
169675
169699
170546
171665
173533
173830
173971
174548
174945
175827
176335
176405
176523
177815
177884
180178
182531
182666
183792
185845
186000
187353
188331
189108
189147
191161
191162
191280
191518
191839
193280
193288
193649
195406
195870
196057
196669
197559
199662
201757
203408
204259
205316
205890
206735
206840
207046
208170
211271
211493
212174
212266
212288
213977
214447
215651
216473
217990
218052
218648
218746
219055
219101
219883
220823
220885
221092
222017
222436
223528
223916
224318
226796
227916
228081
228176
230787
231292
231825
232170
233335
233963
234459
236927
237476
238549
238976
238998
239134
239444
239784
240494
241147
241662
242850
243417
244845
245579
245889
246382
248045
99
106
110
195
223
225
230
336
566
616
618
679
847
849
870
872
891
894
929
934
967
990
1116
1125
1147
1153
1173
1182
1191
1222
1279
1338
1419
1468
1477
1480
1668
1706
1718
1760
1790
1839
1862
1887
1935
2026
2037
2045
2055
2162
2165
2180
2196
2221
2223
2288
2310
2345
2401
2406
2429
2452
2453
2501
2527
2555
2601
2613
2618
2625
2650
2667
2668
2673
2710
2711
2714
2729
2745
2776
2779
2796
2816
2868
2906
2913
2938
2966
2976
2983
2988
3001
3021
3077
3085
3094
3170
3174
3177
3185
3204
3263
3321
3327
3337
3343
3363
3385
3398
3427
3448
3483
3485
3489
3504
3540
3550
3567
3570
3649
3650
3661
3664
3676
3705
3729
3747
3770
3775
3794
3830
3831
3887
3898
3909
3914
3919
3934
3935
4015
4017
4028
4036
4078
4080
4086
4090
4103
4135
4151
4155
4160
4167
4168
4170
4178
4189
4224
4248
4251
4256
4269
4297
4312
4318
4320
4335
4347
4353
4358
4369
4414
4418
4427
4441
4445
4446
4448
4458
4482
4510
4529
4556
4571
4605
4606
4626
4632
4636
4638
4642
4648
4663
4668
4708
4719
4720
4784
4785
4788
4793
4803
4824
4836
4837
4843
4855
4882
4903
4916
4917
4932
4943
4959
4984
4985
4991
4995
5002
5007
5028
5029
5056
5071
5098
5104
5112
5121
5131
5149
5161
5177
5230
5239
5240
5275
5282
5291
5386
5417
5502
5503
5526
5544
5552
5554
5594
5628
5631
5641
5735
5748
5765
5782
5785
5794
5796
5822
5826
5833
5852
5868
5908
5912
5919
5921
5929
5950
6012
6017
6019
6074
6076
6108
6141
6152
6223
6255
6271
6288
6293
6300
6339
6351
6378
6401
6404
6425
6445
6448
6457
6492
6500
6510
6534
6539
6574
6583
6593
6629
6684
6689
6692
6701
6704
6750
6783
6787
6789
6811
6812
6846
6878
6911
6921
6926
6935
6990
7001
7008
7018
7022
7031
7045
7074
7122
7126
7160
7162
7171
7191
7202
7205
7221
7241
7256
7303
7348
7379
7394
7395
7398
7404
7412
7417
7420
7442
7483
7507
7529
7540
7546
7548
7562
7564
7621
7649
7669
7670
7680
7682
7689
7709
7710
7729
7760
7768
7815
7818
7820
7827
7845
7876
7887
7933
7966
7967
7993
8022
8039
8045
8066
8074
8080
8083
8086
8088
8113
8123
8137
8150
8168
8171
8184
8186
8215
8246
8295
8310
8323
8342
8375
8391
8395
8413
8420
8438
8444
8446
8447
8465
8475
8478
8479
8480
8497
8504
8514
8536
8571
8595
8628
8630
8700
8737
8746
8747
8753
8768
8777
8801
8803
8810
8825
8828
8878
8888
8889
8914
8922
8929
8945
8956
8971
9003
9004
9012
9018
9029
9048
9065
9070
9088
9107
9113
9115
9148
9178
9190
9211
9230
9268
9270
9278
9279
9285
9292
9293
9303
9305
9310
9317
9323
9324
9339
9346
9348
9374
9388
9432
9459
9464
9473
9479
9480
9487
9493
9503
9506
9526
9529
9532
9562
9565
9579
9609
9615
9617
9635
9638
9642
9648
9656
9676
9681
9726
9746
9748
9749
9750
9752
9767
9768
9774
9814
9837
9891
9906
9937
9941
9948
9960
9965
9994
9998
9999
10002
10050
10063
10069
10106
10111
10183
10211
10225
10226
10228
10235
10239
10262
10273
10282
10305
10315
10334
10347
10364
10375
10398
10404
10435
10445
10463
10467
10482
10487
10489
10501
10507
10537
10587
10606
10615
10626
10644
10656
10676
10697
10704
10710
10749
10767
10769
10778
10822
10843
10857
10865
10944
10945
10989
10991
10997
11006
11010
11021
11065
11101
11109
11111
11118
11169
11201
11213
11221
11232
11233
11239
11265
11270
11278
11307
11308
11322
11339
11344
11367
11385
11409
11410
11426
11439
11476
11478
11508
11509
11526
11539
11541
11560
11589
11638
11660
11683
11685
11696
11707
11730
11735
11737
11758
11770
11813
11821
11844
11850
11868
11869
11904
11911
11938
11943
11957
11980
12007
12011
12021
12044
12050
12051
12060
12080
12082
12090
12106
12138
12148
12154
12165
12191
12231
12247
12251
12286
12291
12297
12299
12310
12326
12341
12345
12356
12365
12375
12385
12387
12392
12400
12408
12420
12422
12429
12453
12455
12472
12486
12505
12523
12580
12586
12616
12623
12643
12651
12664
12672
12684
12703
12704
12728
12765
12772
12774
12779
12781
12797
12799
12821
12823
12859
12861
12870
12887
12890
12918
12959
13003
13029
13063
13076
13079
13083
13097
13111
13112
13116
13122
13123
13148
13175
13186
13191
13196
13215
13222
13237
13242
13252
13257
13285
13303
13328
13344
13353
13363
13407
13419
13442
13447
13450
13464
13497
13499
13508
13557
13561
13592
13616
13631
13642
13670
13671
13674
13685
13692
13693
13698
13707
13708
13713
13848
13860
13884
13900
13936
13943
13967
13982
14011
14021
14026
14035
14038
14050
14058
14073
14074
14085
14094
14098
14100
14106
14114
14163
14165
14177
14183
14185
14196
14228
14229
14230
14244
14268
14283
14300
14301
14313
14368
14374
14383
14394
14417
14447
14460
14467
14473
14482
14485
14509
14525
14533
14534
14535
14545
14596
14608
14614
14656
14659
14669
14676
14681
14683
14702
14725
14732
14741
14743
14764
14770
14771
14780
14787
14798
14799
14817
14823
14825
14839
14858
14877
14897
14918
14923
14932
14940
15035
15042
15047
15067
15075
15088
15097
15101
15108
15118
15122
15124
15137
15146
15157
15171
15184
15186
15200
15219
15221
15229
15231
15263
15271
15290
15319
15329
15333
15338
15344
15358
15364
15367
15369
15372
15375
15388
15399
15407
15413
15418
15422
15434
15455
15462
15466
15474
15495
15496
15516
15526
15546
15552
15567
15577
15581
15587
15595
15613
15623
15651
15662
15687
15703
15768
15782
15795
15805
15809
15847
15875
15888
15897
15923
15926
15929
15952
15962
15970
15981
15993
16023
16027
16033
16063
16073
16076
16117
16125
16140
16146
16172
16174
16187
16220
16241
16252
16280
16291
16297
16306
16309
16319
16323
16340
16353
16354
16361
16371
16373
16380
16386
16420
16430
16440
16443
16448
16453
16478
16500
16509
16538
16542
16586
16593
16600
16607
16614
16622
16636
16638
16664
16677
16703
16720
16732
16734
16738
16749
16768
16770
16771
16784
16793
16795
16813
16816
16818
16833
16839
16844
16846
16859
16880
16918
16949
16955
16960
16961
16972
16979
17022
17045
17060
17084
17089
17132
17133
17142
17148
17152
17153
17188
17215
17221
17229
17251
17254
17284
17292
17321
17326
17339
17346
17362
17369
17374
17389
17398
17408
17445
17456
17463
17483
17487
17489
17508
17510
17513
17524
17535
17543
17565
17577
17578
17584
17597
17639
17652
17666
17669
17680
17681
17682
17686
17696
17699
17738
17747
17752
17753
17778
17797
17809
17833
17843
17867
17869
17909
17910
17918
17925
17926
17929
17940
17950
17960
17974
17982
17992
17995
18031
18074
18078
18087
18088
18094
18107
18119
18142
18143
18158
18178
18183
18192
18202
18204
18219
18222
18223
18233
18235
18237
18239
18269
18282
18300
18305
18349
18388
18403
18405
18406
18409
18439
18450
18467
18491
18493
18502
18504
18519
18520
18536
18537
18538
18558
18589
18598
18610
18619
18626
18646
18653
18668
18670
18673
18706
18761
18807
18809
18813
18831
18840
18846
18855
18912
18920
18949
18955
19002
19004
19061
19117
19120
19122
19156
19157
19183
19185
19205
19225
19242
19246
19254
19299
19313
19320
19339
19340
19341
19350
19353
19358
19364
19379
19383
19406
19412
19449
19461
19473
19474
19487
19490
19491
19509
19529
19552
19570
19575
19583
19599
19600
19611
19617
19621
19623
19631
19638
19650
19666
19677
19687
19691
19695
19711
19719
19723
19725
19727
19733
19754
19777
19792
19795
19800
19824
19829
19841
19843
19844
19848
19861
19881
19889
19921
19933
19944
19946
19948
19950
20016
20018
20024
20029
20036
20043
20044
20056
20057
20058
20059
20076
20079
20088
20109
20111
20120
20124
20126
20135
20149
20160
20179
20221
20250
20257
20267
20288
20294
20295
20304
20326
20343
20356
20365
20373
20381
20384
20387
20393
20400
20411
20414
20419
20431
20433
20435
20436
20442
20455
20514
20516
20518
20536
20545
20546
20570
20587
20594
20607
20626
20634
20647
20652
20660
20695
20715
20748
20792
20794
20820
20832
20844
20872
20879
20889
20897
20913
20924
20929
20945
20954
20968
20972
20983
20994
21002
21005
21014
21015
21037
21056
21093
21099
21110
21141
21155
21176
21183
21184
21215
21225
21227
21229
21244
21255
21289
21302
21327
21328
21334
21336
21337
21345
21367
21373
21384
21390
21401
21424
21436
21439
21442
21443
21444
21456
21457
21478
21485
21488
21510
21511
21544
21548
21572
21590
21591
21595
21614
21628
21630
21632
21652
21665
21667
21670
21679
21690
21691
21695
21698
21733
21759
21768
21791
21796
21801
21805
21813
21820
21846
21869
21872
21880
21887
21891
21892
21896
21907
21953
21956
21957
21976
21994
22006
22009
22013
22016
22019
22023
22047
22053
22061
22066
22072
22081
22084
22087
22123
22133
22135
22137
22138
22143
22165
22181
22209
22214
22246
22251
22274
22277
22287
22298
22304
22332
22341
22342
22348
22351
22358
22362
22363
22375
22389
22401
22409
22415
22420
22441
22442
22452
22467
22470
22480
22496
22501
22503
22511
22529
22537
22560
22563
22585
22604
22613
22626
22641
22671
22692
22713
22717
22721
22740
22758
22767
22785
22789
22817
22832
22849
22854
22856
22870
22892
22897
22901
22917
22918
22925
22929
22942
22944
22950
22968
22979
22981
22994
23000
23003
23030
23044
23053
23057
23067
23083
23093
23096
23114
23132
23134
23139
23161
23165
23187
23195
23208
23211
23223
23226
23239
23254
23260
23274
23275
23277
23284
23291
23317
23324
23346
23351
23356
23361
23369
23372
23374
23379
23383
23413
23418
23444
23452
23468
23484
23500
23517
23543
23550
23553
23580
23588
23596
23620
23630
23635
23639
23650
23661
23666
23675
23678
23679
23706
23720
23730
23738
23741
23744
23750
23762
23764
23773
23778
23790
23792
23802
23804
23807
23827
23829
23832
23846
23848
23892
23903
23909
23918
23927
23928
23940
23942
23948
23954
24004
24015
24026
24038
24048
24053
24079
24134
24140
24146
24148
24154
24157
24165
24166
24176
24190
24192
24210
24211
24226
24229
24235
24240
24256
24257
24267
24289
24308
24312
24320
24327
24337
24347
24364
24383
24397
24409
24412
24416
24420
24422
24424
24444
24446
24453
24474
24493
24497
24522
24524
24535
24539
24557
24562
24592
24604
24622
24626
24629
24636
24647
24649
24655
24661
24667
24668
24675
24732
24737
24751
24752
24763
24772
24804
24808
24836
24837
24851
24870
24874
24881
24897
24898
24924
24931
24932
24942
24967
24986
24995
25010
25013
25042
25051
25052
25084
25099
25160
25175
25201
25206
25218
25273
25287
25306
25307
25313
25314
25329
25348
25361
25363
25371
25374
25380
25382
25430
25447
25462
25463
25510
25542
25545
25583
25614
25632
25645
25667
25679
25686
25718
25729
25739
25741
25753
25764
25830
25884
25897
25927
25944
25945
25959
25964
26008
26036
26038
26039
26053
26075
26138
26139
26152
26173
26226
26273
26295
26338
26341
26373
26396
26425
26428
26453
26468
26482
26505
26508
26512
26521
26541
26542
26557
26582
26586
26596
26609
26646
26651
26702
26707
26717
26732
26740
26772
26792
26822
26831
26841
26842
26897
26914
26917
26922
26925
26933
26949
26965
26978
26981
26993
27003
27025
27033
27070
27082
27094
27124
27125
27153
27156
27181
27196
27223
27230
27241
27252
27273
27277
27291
27292
27295
27322
27337
27360
27366
27387
27395
27401
27409
27418
27433
27442
27450
27458
27480
27491
27523
27525
27531
27538
27559
27563
27612
27615
27645
27649
27657
27666
27668
27685
27696
27699
27706
27758
27765
27771
27776
27791
27793
27807
27846
27849
27877
27902
27904
27908
27916
27918
27925
27942
27947
27955
27956
27959
27973
27979
27988
27998
28015
28017
28030
28052
28059
28084
28091
28107
28122
28140
28169
28171
28174
28193
28197
28207
28226
28243
28254
28273
28284
28294
28295
28308
28329
28330
28335
28337
28423
28445
28451
28461
28464
28472
28502
28517
28523
28534
28536
28537
28549
28552
28566
28568
28574
28581
