timestamp, index, utilization.gpu [%], memory.used [MiB], power.draw [W], clocks.current.sm [MHz], clocks.current.memory [MHz], temperature.gpu
2026/09/27 11:03:45.124, 0, 0 %, 0 MiB, 98.55 W, 2370 MHz, 12481 MHz, 41
2026/09/27 11:03:45.130, 1, 0 %, 0 MiB, 111.24 W, 2370 MHz, 12481 MHz, 41
2026/09/27 11:03:45.384, 0, 0 %, 27 MiB, 92.95 W, 2370 MHz, 12481 MHz, 41
2026/09/27 11:03:45.384, 1, 0 %, 3 MiB, 99.35 W, 2370 MHz, 12481 MHz, 41
2026/09/27 11:03:45.634, 0, 1 %, 595 MiB, 93.68 W, 2370 MHz, 12481 MHz, 41
2026/09/27 11:03:45.634, 1, 0 %, 3 MiB, 99.32 W, 2370 MHz, 12481 MHz, 41
2026/09/27 11:03:45.884, 0, 0 %, 595 MiB, 93.62 W, 2370 MHz, 12481 MHz, 41
2026/09/27 11:03:45.884, 1, 0 %, 3 MiB, 99.17 W, 2370 MHz, 12481 MHz, 41
2026/09/27 11:03:46.134, 0, 0 %, 595 MiB, 93.57 W, 2370 MHz, 12481 MHz, 41
2026/09/27 11:03:46.134, 1, 0 %, 3 MiB, 99.09 W, 2370 MHz, 12481 MHz, 41
2026/09/27 11:03:46.385, 0, 0 %, 627 MiB, 92.32 W, 2370 MHz, 12481 MHz, 41
2026/09/27 11:03:46.385, 1, 0 %, 3 MiB, 91.93 W, 1762 MHz, 12481 MHz, 40
2026/09/27 11:03:46.635, 0, 2 %, 1267 MiB, 91.92 W, 2370 MHz, 12481 MHz, 40
2026/09/27 11:03:46.635, 1, 0 %, 595 MiB, 85.08 W, 427 MHz, 12481 MHz, 40
2026/09/27 11:03:46.885, 0, 0 %, 1267 MiB, 91.95 W, 2370 MHz, 12481 MHz, 40
2026/09/27 11:03:46.885, 1, 4 %, 1235 MiB, 89.58 W, 2317 MHz, 12481 MHz, 41
2026/09/27 11:03:47.135, 0, 0 %, 2355 MiB, 91.99 W, 2370 MHz, 12481 MHz, 40
2026/09/27 11:03:47.135, 1, 0 %, 1299 MiB, 102.12 W, 2377 MHz, 12481 MHz, 43
2026/09/27 11:03:47.385, 0, 20 %, 3347 MiB, 93.48 W, 2370 MHz, 12481 MHz, 40
2026/09/27 11:03:47.385, 1, 0 %, 3315 MiB, 125.46 W, 2377 MHz, 12481 MHz, 43
2026/09/27 11:03:47.635, 0, 2 %, 5075 MiB, 94.01 W, 2370 MHz, 12481 MHz, 40
2026/09/27 11:03:47.635, 1, 11 %, 3315 MiB, 134.29 W, 2370 MHz, 12481 MHz, 41
2026/09/27 11:03:47.885, 0, 0 %, 5075 MiB, 93.91 W, 2370 MHz, 12481 MHz, 40
2026/09/27 11:03:47.885, 1, 0 %, 3315 MiB, 131.03 W, 2370 MHz, 12481 MHz, 40
2026/09/27 11:03:48.135, 0, 0 %, 5075 MiB, 93.91 W, 2370 MHz, 12481 MHz, 40
2026/09/27 11:03:48.135, 1, 0 %, 3315 MiB, 118.50 W, 2370 MHz, 12481 MHz, 40
2026/09/27 11:03:48.386, 0, 0 %, 5075 MiB, 92.36 W, 2370 MHz, 12481 MHz, 40
2026/09/27 11:03:48.386, 1, 0 %, 3315 MiB, 99.68 W, 2370 MHz, 12481 MHz, 40
2026/09/27 11:03:48.636, 0, 0 %, 5075 MiB, 91.47 W, 2370 MHz, 12481 MHz, 40
2026/09/27 11:03:48.636, 1, 0 %, 3315 MiB, 98.33 W, 2370 MHz, 12481 MHz, 40
2026/09/27 11:03:48.886, 0, 0 %, 5107 MiB, 91.20 W, 2370 MHz, 12481 MHz, 40
2026/09/27 11:03:48.886, 1, 0 %, 3315 MiB, 97.37 W, 2370 MHz, 12481 MHz, 40
2026/09/27 11:03:49.136, 0, 0 %, 5107 MiB, 91.22 W, 2370 MHz, 12481 MHz, 40
2026/09/27 11:03:49.136, 1, 0 %, 3315 MiB, 97.31 W, 2370 MHz, 12481 MHz, 40
2026/09/27 11:03:49.386, 0, 0 %, 5107 MiB, 91.14 W, 2370 MHz, 12481 MHz, 40
2026/09/27 11:03:49.386, 1, 0 %, 3315 MiB, 97.22 W, 2362 MHz, 12481 MHz, 40
2026/09/27 11:03:49.636, 0, 0 %, 5139 MiB, 91.12 W, 2370 MHz, 12481 MHz, 40
2026/09/27 11:03:49.636, 1, 0 %, 3315 MiB, 97.21 W, 2370 MHz, 12481 MHz, 40
2026/09/27 11:03:49.887, 0, 0 %, 5171 MiB, 91.08 W, 2370 MHz, 12481 MHz, 40
2026/09/27 11:03:49.887, 1, 0 %, 5043 MiB, 97.37 W, 2370 MHz, 12481 MHz, 40
2026/09/27 11:03:50.137, 0, 0 %, 5171 MiB, 91.08 W, 2370 MHz, 12481 MHz, 40
2026/09/27 11:03:50.137, 1, 1 %, 5043 MiB, 107.06 W, 2377 MHz, 12481 MHz, 42
2026/09/27 11:03:50.387, 0, 0 %, 5171 MiB, 91.06 W, 2370 MHz, 12481 MHz, 40
2026/09/27 11:03:50.387, 1, 0 %, 5043 MiB, 122.88 W, 2377 MHz, 12481 MHz, 42
2026/09/27 11:03:50.637, 0, 0 %, 5171 MiB, 91.04 W, 2370 MHz, 12481 MHz, 39
2026/09/27 11:03:50.637, 1, 0 %, 5043 MiB, 135.50 W, 2377 MHz, 12481 MHz, 42
2026/09/27 11:03:50.887, 0, 0 %, 5171 MiB, 91.16 W, 2370 MHz, 12481 MHz, 39
2026/09/27 11:03:50.887, 1, 1 %, 5043 MiB, 153.65 W, 2377 MHz, 12481 MHz, 42
2026/09/27 11:03:51.137, 0, 0 %, 5171 MiB, 91.11 W, 2370 MHz, 12481 MHz, 39
2026/09/27 11:03:51.137, 1, 0 %, 5043 MiB, 157.55 W, 2377 MHz, 12481 MHz, 42
2026/09/27 11:03:51.387, 0, 0 %, 5171 MiB, 91.04 W, 2370 MHz, 12481 MHz, 39
2026/09/27 11:03:51.387, 1, 0 %, 5075 MiB, 160.97 W, 2377 MHz, 12481 MHz, 42
2026/09/27 11:03:51.638, 0, 0 %, 5171 MiB, 91.03 W, 2370 MHz, 12481 MHz, 39
2026/09/27 11:03:51.638, 1, 0 %, 5075 MiB, 161.01 W, 2377 MHz, 12481 MHz, 42
2026/09/27 11:03:51.888, 0, 0 %, 5171 MiB, 90.82 W, 2370 MHz, 12481 MHz, 39
2026/09/27 11:03:51.888, 1, 0 %, 5107 MiB, 160.74 W, 2377 MHz, 12481 MHz, 42
2026/09/27 11:03:52.138, 0, 0 %, 5171 MiB, 90.80 W, 2370 MHz, 12481 MHz, 39
2026/09/27 11:03:52.138, 1, 1 %, 5107 MiB, 160.71 W, 2377 MHz, 12481 MHz, 42
2026/09/27 11:03:52.388, 0, 0 %, 6899 MiB, 91.06 W, 2370 MHz, 12481 MHz, 39
2026/09/27 11:03:52.388, 1, 0 %, 5139 MiB, 160.83 W, 2377 MHz, 12481 MHz, 42
2026/09/27 11:03:52.638, 0, 15 %, 6899 MiB, 91.87 W, 2370 MHz, 12481 MHz, 39
2026/09/27 11:03:52.639, 1, 0 %, 5139 MiB, 149.74 W, 2370 MHz, 12481 MHz, 40
2026/09/27 11:03:52.889, 0, 0 %, 6899 MiB, 91.80 W, 2370 MHz, 12481 MHz, 39
2026/09/27 11:03:52.889, 1, 0 %, 5139 MiB, 130.80 W, 2370 MHz, 12481 MHz, 40
2026/09/27 11:03:53.139, 0, 0 %, 6899 MiB, 91.79 W, 2370 MHz, 12481 MHz, 39
2026/09/27 11:03:53.139, 1, 0 %, 5139 MiB, 118.88 W, 2370 MHz, 12481 MHz, 40
2026/09/27 11:03:53.389, 0, 0 %, 6931 MiB, 91.50 W, 2370 MHz, 12481 MHz, 39
2026/09/27 11:03:53.389, 1, 0 %, 5139 MiB, 100.06 W, 2370 MHz, 12481 MHz, 40
2026/09/27 11:03:53.639, 0, 0 %, 6931 MiB, 90.55 W, 2370 MHz, 12481 MHz, 39
2026/09/27 11:03:53.640, 1, 0 %, 5139 MiB, 97.23 W, 2370 MHz, 12481 MHz, 39
2026/09/27 11:03:53.890, 0, 0 %, 6963 MiB, 90.53 W, 2370 MHz, 12481 MHz, 39
2026/09/27 11:03:53.890, 1, 0 %, 5139 MiB, 97.06 W, 2370 MHz, 12481 MHz, 39
2026/09/27 11:03:54.140, 0, 0 %, 6963 MiB, 90.54 W, 2370 MHz, 12481 MHz, 39
2026/09/27 11:03:54.140, 1, 0 %, 5139 MiB, 97.06 W, 2370 MHz, 12481 MHz, 39
2026/09/27 11:03:54.390, 0, 0 %, 6963 MiB, 90.56 W, 2370 MHz, 12481 MHz, 39
2026/09/27 11:03:54.390, 1, 0 %, 5139 MiB, 97.04 W, 2370 MHz, 12481 MHz, 39
2026/09/27 11:03:54.640, 0, 0 %, 6995 MiB, 90.55 W, 2370 MHz, 12481 MHz, 39
2026/09/27 11:03:54.641, 1, 0 %, 5139 MiB, 96.99 W, 2370 MHz, 12481 MHz, 39
2026/09/27 11:03:54.891, 0, 0 %, 7027 MiB, 90.54 W, 2370 MHz, 12481 MHz, 39
2026/09/27 11:03:54.891, 1, 0 %, 6867 MiB, 97.17 W, 2370 MHz, 12481 MHz, 39
2026/09/27 11:03:55.141, 0, 0 %, 7027 MiB, 90.49 W, 2370 MHz, 12481 MHz, 39
2026/09/27 11:03:55.141, 1, 6 %, 6867 MiB, 98.11 W, 2370 MHz, 12481 MHz, 39
2026/09/27 11:03:55.391, 0, 0 %, 7027 MiB, 90.49 W, 2370 MHz, 12481 MHz, 39
2026/09/27 11:03:55.391, 1, 0 %, 6867 MiB, 98.16 W, 2370 MHz, 12481 MHz, 39
2026/09/27 11:03:55.642, 0, 0 %, 7027 MiB, 90.47 W, 2370 MHz, 12481 MHz, 39
2026/09/27 11:03:55.642, 1, 0 %, 6867 MiB, 98.18 W, 2370 MHz, 12481 MHz, 39
2026/09/27 11:03:55.892, 0, 0 %, 7027 MiB, 90.40 W, 2370 MHz, 12481 MHz, 39
2026/09/27 11:03:55.892, 1, 0 %, 6899 MiB, 97.94 W, 2370 MHz, 12481 MHz, 39
2026/09/27 11:03:56.143, 0, 0 %, 7027 MiB, 90.36 W, 2370 MHz, 12481 MHz, 39
2026/09/27 11:03:56.143, 1, 0 %, 6899 MiB, 96.89 W, 2370 MHz, 12481 MHz, 39
2026/09/27 11:03:56.393, 0, 0 %, 7027 MiB, 90.23 W, 2370 MHz, 12481 MHz, 38
2026/09/27 11:03:56.393, 1, 0 %, 6931 MiB, 96.67 W, 2362 MHz, 12481 MHz, 39
2026/09/27 11:03:56.643, 0, 0 %, 7027 MiB, 90.18 W, 2370 MHz, 12481 MHz, 38
2026/09/27 11:03:56.643, 1, 0 %, 6931 MiB, 96.59 W, 2370 MHz, 12481 MHz, 39
2026/09/27 11:03:56.893, 0, 0 %, 7027 MiB, 90.19 W, 2370 MHz, 12481 MHz, 38
2026/09/27 11:03:56.893, 1, 0 %, 6931 MiB, 96.59 W, 2362 MHz, 12481 MHz, 39
2026/09/27 11:03:57.143, 0, 0 %, 7027 MiB, 90.14 W, 2370 MHz, 12481 MHz, 38
2026/09/27 11:03:57.144, 1, 0 %, 6963 MiB, 96.58 W, 2370 MHz, 12481 MHz, 39
2026/09/27 11:03:57.394, 0, 0 %, 8755 MiB, 90.36 W, 2370 MHz, 12481 MHz, 38
2026/09/27 11:03:57.394, 1, 0 %, 6995 MiB, 106.27 W, 2370 MHz, 12481 MHz, 40
2026/09/27 11:03:57.644, 0, 12 %, 8755 MiB, 91.23 W, 2370 MHz, 12481 MHz, 38
2026/09/27 11:03:57.644, 1, 0 %, 6995 MiB, 118.37 W, 2377 MHz, 12481 MHz, 41
2026/09/27 11:03:57.894, 0, 0 %, 8787 MiB, 91.23 W, 2370 MHz, 12481 MHz, 38
2026/09/27 11:03:57.894, 1, 0 %, 6995 MiB, 136.81 W, 2377 MHz, 12481 MHz, 41
2026/09/27 11:03:58.144, 0, 0 %, 8787 MiB, 91.20 W, 2370 MHz, 12481 MHz, 38
2026/09/27 11:03:58.144, 1, 0 %, 6995 MiB, 150.20 W, 2377 MHz, 12481 MHz, 41
2026/09/27 11:03:58.395, 0, 0 %, 8819 MiB, 91.15 W, 2370 MHz, 12481 MHz, 38
2026/09/27 11:03:58.395, 1, 0 %, 6995 MiB, 159.51 W, 2377 MHz, 12481 MHz, 41
2026/09/27 11:03:58.645, 0, 1 %, 8819 MiB, 90.10 W, 2370 MHz, 12481 MHz, 38
2026/09/27 11:03:58.645, 1, 0 %, 6995 MiB, 159.47 W, 2377 MHz, 12481 MHz, 41
2026/09/27 11:03:58.895, 0, 0 %, 8819 MiB, 89.97 W, 2370 MHz, 12481 MHz, 38
2026/09/27 11:03:58.895, 1, 0 %, 6995 MiB, 159.57 W, 2377 MHz, 12481 MHz, 41
2026/09/27 11:03:59.145, 0, 1 %, 8851 MiB, 90.01 W, 2370 MHz, 12481 MHz, 38
2026/09/27 11:03:59.145, 1, 0 %, 6995 MiB, 159.58 W, 2377 MHz, 12481 MHz, 41
2026/09/27 11:03:59.395, 0, 0 %, 8851 MiB, 90.02 W, 2370 MHz, 12481 MHz, 38
2026/09/27 11:03:59.396, 1, 0 %, 6995 MiB, 159.51 W, 2377 MHz, 12481 MHz, 41
2026/09/27 11:03:59.646, 0, 0 %, 8883 MiB, 90.04 W, 2370 MHz, 12481 MHz, 38
2026/09/27 11:03:59.646, 1, 0 %, 6995 MiB, 159.54 W, 2377 MHz, 12481 MHz, 41
2026/09/27 11:03:59.896, 0, 0 %, 8883 MiB, 90.05 W, 2370 MHz, 12481 MHz, 38
2026/09/27 11:03:59.896, 1, 0 %, 6995 MiB, 159.48 W, 2377 MHz, 12481 MHz, 41
2026/09/27 11:04:00.146, 0, 0 %, 8915 MiB, 90.09 W, 2370 MHz, 12481 MHz, 38
2026/09/27 11:04:00.146, 1, 0 %, 8723 MiB, 160.09 W, 2377 MHz, 12481 MHz, 41
2026/09/27 11:04:00.396, 0, 0 %, 8915 MiB, 90.07 W, 2370 MHz, 12481 MHz, 38
2026/09/27 11:04:00.396, 1, 3 %, 8755 MiB, 160.84 W, 2377 MHz, 12481 MHz, 41
2026/09/27 11:04:00.647, 0, 0 %, 8915 MiB, 90.01 W, 2370 MHz, 12481 MHz, 38
2026/09/27 11:04:00.647, 1, 0 %, 8755 MiB, 160.85 W, 2377 MHz, 12481 MHz, 41
2026/09/27 11:04:00.897, 0, 0 %, 8915 MiB, 89.94 W, 2370 MHz, 12481 MHz, 38
2026/09/27 11:04:00.897, 1, 0 %, 8755 MiB, 160.84 W, 2377 MHz, 12481 MHz, 41
2026/09/27 11:04:01.147, 0, 0 %, 8915 MiB, 89.92 W, 2370 MHz, 12481 MHz, 38
2026/09/27 11:04:01.147, 1, 0 %, 8787 MiB, 160.38 W, 2377 MHz, 12481 MHz, 41
2026/09/27 11:04:01.397, 0, 0 %, 8915 MiB, 89.91 W, 2370 MHz, 12481 MHz, 38
2026/09/27 11:04:01.397, 1, 0 %, 8787 MiB, 159.59 W, 2377 MHz, 12481 MHz, 41
2026/09/27 11:04:01.647, 0, 0 %, 8915 MiB, 89.95 W, 2370 MHz, 12481 MHz, 38
2026/09/27 11:04:01.647, 1, 0 %, 8819 MiB, 159.60 W, 2377 MHz, 12481 MHz, 41
2026/09/27 11:04:01.898, 0, 0 %, 8915 MiB, 89.90 W, 2370 MHz, 12481 MHz, 38
2026/09/27 11:04:01.898, 1, 1 %, 8819 MiB, 159.65 W, 2377 MHz, 12481 MHz, 41
2026/09/27 11:04:02.148, 0, 0 %, 8915 MiB, 89.94 W, 2370 MHz, 12481 MHz, 38
2026/09/27 11:04:02.148, 1, 0 %, 8819 MiB, 159.63 W, 2377 MHz, 12481 MHz, 41
2026/09/27 11:04:02.398, 0, 0 %, 8915 MiB, 89.88 W, 2370 MHz, 12481 MHz, 38
2026/09/27 11:04:02.398, 1, 1 %, 8851 MiB, 159.67 W, 2377 MHz, 12481 MHz, 41
2026/09/27 11:04:02.648, 0, 0 %, 8915 MiB, 89.86 W, 2370 MHz, 12481 MHz, 38
2026/09/27 11:04:02.648, 1, 0 %, 8851 MiB, 159.65 W, 2377 MHz, 12481 MHz, 41
2026/09/27 11:04:02.898, 0, 17 %, 10643 MiB, 91.11 W, 2370 MHz, 12481 MHz, 38
2026/09/27 11:04:02.898, 1, 0 %, 8883 MiB, 146.93 W, 2377 MHz, 12481 MHz, 39
2026/09/27 11:04:03.148, 0, 0 %, 10643 MiB, 91.08 W, 2370 MHz, 12481 MHz, 38
2026/09/27 11:04:03.148, 1, 0 %, 8883 MiB, 134.36 W, 2370 MHz, 12481 MHz, 39
2026/09/27 11:04:03.398, 0, 0 %, 10643 MiB, 91.07 W, 2370 MHz, 12481 MHz, 38
2026/09/27 11:04:03.398, 1, 0 %, 8883 MiB, 115.42 W, 2370 MHz, 12481 MHz, 39
2026/09/27 11:04:03.648, 0, 0 %, 10675 MiB, 91.06 W, 2370 MHz, 12481 MHz, 38
2026/09/27 11:04:03.649, 1, 0 %, 8883 MiB, 102.78 W, 2370 MHz, 12481 MHz, 39
2026/09/27 11:04:03.899, 0, 0 %, 10675 MiB, 89.78 W, 2370 MHz, 12481 MHz, 38
2026/09/27 11:04:03.899, 1, 0 %, 8883 MiB, 96.58 W, 2370 MHz, 12481 MHz, 39
2026/09/27 11:04:04.149, 0, 0 %, 10707 MiB, 89.69 W, 2370 MHz, 12481 MHz, 38
2026/09/27 11:04:04.149, 1, 0 %, 8883 MiB, 96.52 W, 2370 MHz, 12481 MHz, 38
2026/09/27 11:04:04.399, 0, 1 %, 10707 MiB, 89.69 W, 2370 MHz, 12481 MHz, 38
2026/09/27 11:04:04.399, 1, 0 %, 8883 MiB, 96.49 W, 2370 MHz, 12481 MHz, 38
2026/09/27 11:04:04.649, 0, 0 %, 10707 MiB, 89.68 W, 2370 MHz, 12481 MHz, 37
2026/09/27 11:04:04.649, 1, 0 %, 8883 MiB, 96.49 W, 2370 MHz, 12481 MHz, 38
2026/09/27 11:04:04.899, 0, 0 %, 10771 MiB, 89.70 W, 2370 MHz, 12481 MHz, 37
2026/09/27 11:04:04.899, 1, 0 %, 8883 MiB, 96.36 W, 2370 MHz, 12481 MHz, 38
2026/09/27 11:04:05.149, 0, 0 %, 10771 MiB, 89.72 W, 2370 MHz, 12481 MHz, 37
2026/09/27 11:04:05.150, 1, 0 %, 10611 MiB, 96.31 W, 2370 MHz, 12481 MHz, 38
2026/09/27 11:04:05.400, 0, 0 %, 10771 MiB, 89.73 W, 2370 MHz, 12481 MHz, 37
2026/09/27 11:04:05.400, 1, 17 %, 10611 MiB, 98.30 W, 2362 MHz, 12481 MHz, 38
2026/09/27 11:04:05.650, 0, 0 %, 10771 MiB, 89.74 W, 2370 MHz, 12481 MHz, 37
2026/09/27 11:04:05.650, 1, 0 %, 10611 MiB, 98.45 W, 2370 MHz, 12481 MHz, 38
2026/09/27 11:04:05.900, 0, 0 %, 10771 MiB, 89.68 W, 2370 MHz, 12481 MHz, 37
2026/09/27 11:04:05.900, 1, 0 %, 10611 MiB, 98.54 W, 2370 MHz, 12481 MHz, 38
2026/09/27 11:04:06.150, 0, 0 %, 10771 MiB, 89.64 W, 2370 MHz, 12481 MHz, 37
2026/09/27 11:04:06.150, 1, 0 %, 10643 MiB, 98.56 W, 2370 MHz, 12481 MHz, 38
2026/09/27 11:04:06.400, 0, 0 %, 10771 MiB, 89.58 W, 2370 MHz, 12481 MHz, 37
2026/09/27 11:04:06.400, 1, 0 %, 10643 MiB, 97.24 W, 2370 MHz, 12481 MHz, 38
2026/09/27 11:04:06.650, 0, 0 %, 10771 MiB, 89.58 W, 2370 MHz, 12481 MHz, 37
2026/09/27 11:04:06.650, 1, 0 %, 10675 MiB, 96.21 W, 2370 MHz, 12481 MHz, 38
2026/09/27 11:04:06.900, 0, 0 %, 10771 MiB, 89.59 W, 2370 MHz, 12481 MHz, 37
2026/09/27 11:04:06.900, 1, 1 %, 10675 MiB, 96.19 W, 2370 MHz, 12481 MHz, 38
2026/09/27 11:04:07.150, 0, 0 %, 10771 MiB, 89.61 W, 2370 MHz, 12481 MHz, 37
2026/09/27 11:04:07.151, 1, 0 %, 10675 MiB, 96.14 W, 2362 MHz, 12481 MHz, 38
2026/09/27 11:04:07.401, 0, 0 %, 10771 MiB, 89.61 W, 2370 MHz, 12481 MHz, 37
2026/09/27 11:04:07.401, 1, 0 %, 10739 MiB, 98.62 W, 2362 MHz, 12481 MHz, 38
2026/09/27 11:04:07.651, 0, 0 %, 12499 MiB, 89.58 W, 2370 MHz, 12481 MHz, 37
2026/09/27 11:04:07.651, 1, 0 %, 10739 MiB, 110.78 W, 2377 MHz, 12481 MHz, 40
2026/09/27 11:04:07.901, 0, 17 %, 12531 MiB, 90.61 W, 2370 MHz, 12481 MHz, 37
2026/09/27 11:04:07.901, 1, 0 %, 10739 MiB, 115.20 W, 2370 MHz, 12481 MHz, 38
2026/09/27 11:04:08.151, 0, 0 %, 12531 MiB, 90.61 W, 2370 MHz, 12481 MHz, 37
2026/09/27 11:04:08.151, 1, 0 %, 10739 MiB, 114.87 W, 2370 MHz, 12481 MHz, 38
2026/09/27 11:04:08.401, 0, 0 %, 12531 MiB, 90.63 W, 2370 MHz, 12481 MHz, 37
2026/09/27 11:04:08.401, 1, 0 %, 10739 MiB, 113.71 W, 2370 MHz, 12481 MHz, 38
2026/09/27 11:04:08.651, 0, 0 %, 12563 MiB, 90.64 W, 2370 MHz, 12481 MHz, 37
2026/09/27 11:04:08.651, 1, 0 %, 10739 MiB, 100.32 W, 2370 MHz, 12481 MHz, 38
2026/09/27 11:04:08.901, 0, 0 %, 12563 MiB, 89.69 W, 2370 MHz, 12481 MHz, 37
2026/09/27 11:04:08.901, 1, 0 %, 10739 MiB, 96.21 W, 2362 MHz, 12481 MHz, 38
2026/09/27 11:04:09.151, 0, 0 %, 12563 MiB, 89.68 W, 2370 MHz, 12481 MHz, 37
2026/09/27 11:04:09.151, 1, 0 %, 10739 MiB, 96.16 W, 2362 MHz, 12481 MHz, 38
2026/09/27 11:04:09.402, 0, 0 %, 12595 MiB, 89.65 W, 2370 MHz, 12481 MHz, 37
2026/09/27 11:04:09.402, 1, 0 %, 10739 MiB, 96.06 W, 2362 MHz, 12481 MHz, 38
2026/09/27 11:04:09.652, 0, 0 %, 12595 MiB, 89.69 W, 2370 MHz, 12481 MHz, 37
2026/09/27 11:04:09.652, 1, 0 %, 10739 MiB, 96.06 W, 2362 MHz, 12481 MHz, 38
2026/09/27 11:04:09.902, 0, 1 %, 12627 MiB, 89.56 W, 2370 MHz, 12481 MHz, 37
2026/09/27 11:04:09.902, 1, 0 %, 10739 MiB, 95.94 W, 2362 MHz, 12481 MHz, 38
2026/09/27 11:04:10.152, 0, 0 %, 12659 MiB, 89.53 W, 2370 MHz, 12481 MHz, 37
2026/09/27 11:04:10.152, 1, 0 %, 10739 MiB, 95.94 W, 2362 MHz, 12481 MHz, 37
2026/09/27 11:04:10.402, 0, 0 %, 12659 MiB, 89.57 W, 2370 MHz, 12481 MHz, 37
2026/09/27 11:04:10.402, 1, 10 %, 12467 MiB, 97.03 W, 2362 MHz, 12481 MHz, 38
2026/09/27 11:04:10.652, 0, 0 %, 12659 MiB, 89.54 W, 2370 MHz, 12481 MHz, 37
2026/09/27 11:04:10.652, 1, 9 %, 12499 MiB, 104.32 W, 2370 MHz, 12481 MHz, 39
2026/09/27 11:04:10.902, 0, 0 %, 12659 MiB, 89.48 W, 2370 MHz, 12481 MHz, 37
2026/09/27 11:04:10.902, 1, 0 %, 12499 MiB, 107.16 W, 2370 MHz, 12481 MHz, 38
2026/09/27 11:04:11.152, 0, 0 %, 12659 MiB, 89.46 W, 2370 MHz, 12481 MHz, 37
2026/09/27 11:04:11.152, 1, 0 %, 12499 MiB, 106.95 W, 2362 MHz, 12481 MHz, 37
2026/09/27 11:04:11.403, 0, 0 %, 12659 MiB, 89.36 W, 2370 MHz, 12481 MHz, 37
2026/09/27 11:04:11.403, 1, 1 %, 12531 MiB, 106.10 W, 2362 MHz, 12481 MHz, 37
2026/09/27 11:04:11.653, 0, 0 %, 12659 MiB, 89.31 W, 2370 MHz, 12481 MHz, 37
2026/09/27 11:04:11.653, 1, 0 %, 12531 MiB, 100.00 W, 2362 MHz, 12481 MHz, 37
2026/09/27 11:04:11.903, 0, 0 %, 12659 MiB, 89.30 W, 2370 MHz, 12481 MHz, 37
2026/09/27 11:04:11.903, 1, 0 %, 12563 MiB, 95.93 W, 2362 MHz, 12481 MHz, 37
2026/09/27 11:04:12.153, 0, 0 %, 12659 MiB, 89.34 W, 2370 MHz, 12481 MHz, 37
2026/09/27 11:04:12.153, 1, 1 %, 12563 MiB, 95.88 W, 2362 MHz, 12481 MHz, 37
2026/09/27 11:04:12.403, 0, 0 %, 12659 MiB, 89.37 W, 2370 MHz, 12481 MHz, 37
2026/09/27 11:04:12.403, 1, 0 %, 12563 MiB, 95.79 W, 2362 MHz, 12481 MHz, 37
2026/09/27 11:04:12.653, 0, 0 %, 12659 MiB, 89.37 W, 2370 MHz, 12481 MHz, 37
2026/09/27 11:04:12.653, 1, 1 %, 12627 MiB, 104.00 W, 2370 MHz, 12481 MHz, 39
2026/09/27 11:04:12.903, 0, 0 %, 14387 MiB, 89.45 W, 2370 MHz, 12481 MHz, 37
2026/09/27 11:04:12.903, 1, 0 %, 12627 MiB, 122.59 W, 2377 MHz, 12481 MHz, 39
2026/09/27 11:04:13.153, 0, 17 %, 14419 MiB, 90.34 W, 2370 MHz, 12481 MHz, 37
2026/09/27 11:04:13.153, 1, 0 %, 12627 MiB, 128.59 W, 2377 MHz, 12481 MHz, 38
2026/09/27 11:04:13.403, 0, 0 %, 14419 MiB, 90.46 W, 2370 MHz, 12481 MHz, 37
2026/09/27 11:04:13.403, 1, 0 %, 12627 MiB, 128.68 W, 2362 MHz, 12481 MHz, 37
2026/09/27 11:04:13.654, 0, 0 %, 14419 MiB, 90.44 W, 2370 MHz, 12481 MHz, 37
2026/09/27 11:04:13.654, 1, 0 %, 12627 MiB, 121.92 W, 2362 MHz, 12481 MHz, 37
2026/09/27 11:04:13.904, 0, 1 %, 14451 MiB, 90.44 W, 2370 MHz, 12481 MHz, 37
2026/09/27 11:04:13.904, 1, 0 %, 12627 MiB, 103.62 W, 2362 MHz, 12481 MHz, 37
2026/09/27 11:04:14.154, 0, 0 %, 14451 MiB, 89.48 W, 2370 MHz, 12481 MHz, 37
2026/09/27 11:04:14.154, 1, 0 %, 12627 MiB, 95.84 W, 2362 MHz, 12481 MHz, 37
2026/09/27 11:04:14.404, 0, 0 %, 14483 MiB, 89.34 W, 2370 MHz, 12481 MHz, 37
2026/09/27 11:04:14.404, 1, 0 %, 12627 MiB, 95.72 W, 2362 MHz, 12481 MHz, 37
2026/09/27 11:04:14.654, 0, 1 %, 14483 MiB, 89.33 W, 2370 MHz, 12481 MHz, 37
2026/09/27 11:04:14.654, 1, 0 %, 12627 MiB, 95.72 W, 2362 MHz, 12481 MHz, 37
2026/09/27 11:04:14.904, 0, 0 %, 14515 MiB, 89.24 W, 2370 MHz, 12481 MHz, 37
2026/09/27 11:04:14.904, 1, 0 %, 12627 MiB, 95.72 W, 2362 MHz, 12481 MHz, 37
2026/09/27 11:04:15.154, 0, 0 %, 14515 MiB, 89.27 W, 2370 MHz, 12481 MHz, 37
2026/09/27 11:04:15.154, 1, 0 %, 12627 MiB, 95.66 W, 2362 MHz, 12481 MHz, 37
2026/09/27 11:04:15.404, 0, 0 %, 14547 MiB, 89.31 W, 2370 MHz, 12481 MHz, 37
2026/09/27 11:04:15.404, 1, 0 %, 14355 MiB, 97.32 W, 2362 MHz, 12481 MHz, 37
2026/09/27 11:04:15.654, 0, 0 %, 14547 MiB, 89.28 W, 2370 MHz, 12481 MHz, 37
2026/09/27 11:04:15.655, 1, 17 %, 14387 MiB, 99.21 W, 2370 MHz, 12481 MHz, 37
2026/09/27 11:04:15.905, 0, 0 %, 14547 MiB, 89.36 W, 2370 MHz, 12481 MHz, 37
2026/09/27 11:04:15.905, 1, 0 %, 14387 MiB, 99.28 W, 2370 MHz, 12481 MHz, 37
2026/09/27 11:04:16.155, 0, 0 %, 14547 MiB, 89.36 W, 2370 MHz, 12481 MHz, 37
2026/09/27 11:04:16.155, 1, 0 %, 14387 MiB, 99.29 W, 2370 MHz, 12481 MHz, 37
2026/09/27 11:04:16.405, 0, 0 %, 14547 MiB, 89.32 W, 2370 MHz, 12481 MHz, 37
2026/09/27 11:04:16.405, 1, 0 %, 14419 MiB, 98.76 W, 2362 MHz, 12481 MHz, 37
2026/09/27 11:04:16.655, 0, 0 %, 14547 MiB, 89.30 W, 2370 MHz, 12481 MHz, 37
2026/09/27 11:04:16.655, 1, 0 %, 14419 MiB, 95.67 W, 2370 MHz, 12481 MHz, 37
2026/09/27 11:04:16.905, 0, 0 %, 14547 MiB, 89.23 W, 2370 MHz, 12481 MHz, 37
2026/09/27 11:04:16.905, 1, 0 %, 14451 MiB, 95.63 W, 2370 MHz, 12481 MHz, 37
2026/09/27 11:04:17.155, 0, 0 %, 14547 MiB, 89.18 W, 2370 MHz, 12481 MHz, 37
2026/09/27 11:04:17.155, 1, 0 %, 14451 MiB, 95.69 W, 2362 MHz, 12481 MHz, 37
2026/09/27 11:04:17.405, 0, 0 %, 14547 MiB, 89.17 W, 2370 MHz, 12481 MHz, 36
2026/09/27 11:04:17.406, 1, 0 %, 14483 MiB, 95.64 W, 2362 MHz, 12481 MHz, 37
2026/09/27 11:04:17.656, 0, 0 %, 14547 MiB, 89.18 W, 2370 MHz, 12481 MHz, 36
2026/09/27 11:04:17.656, 1, 0 %, 14483 MiB, 95.70 W, 2362 MHz, 12481 MHz, 37
2026/09/27 11:04:17.906, 0, 4 %, 16275 MiB, 89.61 W, 2370 MHz, 12481 MHz, 37
2026/09/27 11:04:17.906, 1, 0 %, 14515 MiB, 98.15 W, 2370 MHz, 12481 MHz, 37
2026/09/27 11:04:18.156, 0, 15 %, 16307 MiB, 90.20 W, 2370 MHz, 12481 MHz, 37
2026/09/27 11:04:18.156, 1, 0 %, 14515 MiB, 98.10 W, 2362 MHz, 12481 MHz, 37
2026/09/27 11:04:18.406, 0, 0 %, 16307 MiB, 90.22 W, 2370 MHz, 12481 MHz, 36
2026/09/27 11:04:18.406, 1, 0 %, 14515 MiB, 98.00 W, 2362 MHz, 12481 MHz, 37
2026/09/27 11:04:18.656, 0, 0 %, 16307 MiB, 90.25 W, 2370 MHz, 12481 MHz, 36
2026/09/27 11:04:18.656, 1, 0 %, 14515 MiB, 97.89 W, 2362 MHz, 12481 MHz, 37
2026/09/27 11:04:18.907, 0, 1 %, 16339 MiB, 89.79 W, 2370 MHz, 12481 MHz, 36
2026/09/27 11:04:18.907, 1, 0 %, 14515 MiB, 95.44 W, 2362 MHz, 12481 MHz, 37
2026/09/27 11:04:19.157, 0, 0 %, 16339 MiB, 89.20 W, 2370 MHz, 12481 MHz, 36
2026/09/27 11:04:19.157, 1, 0 %, 14515 MiB, 95.40 W, 2362 MHz, 12481 MHz, 37
2026/09/27 11:04:19.407, 0, 0 %, 16339 MiB, 89.22 W, 2370 MHz, 12481 MHz, 36
2026/09/27 11:04:19.425, 1, 0 %, 14515 MiB, 95.50 W, 2362 MHz, 12481 MHz, 37
2026/09/27 11:04:19.676, 0, 0 %, 16371 MiB, 89.26 W, 2370 MHz, 12481 MHz, 36
2026/09/27 11:04:19.676, 1, 0 %, 14515 MiB, 95.52 W, 2362 MHz, 12481 MHz, 37
2026/09/27 11:04:19.926, 0, 0 %, 16371 MiB, 89.26 W, 2370 MHz, 12481 MHz, 36
2026/09/27 11:04:19.926, 1, 0 %, 14515 MiB, 95.50 W, 2362 MHz, 12481 MHz, 37
2026/09/27 11:04:20.176, 0, 1 %, 16403 MiB, 89.25 W, 2370 MHz, 12481 MHz, 36
2026/09/27 11:04:20.176, 1, 0 %, 14515 MiB, 95.52 W, 2362 MHz, 12481 MHz, 37
2026/09/27 11:04:20.426, 0, 0 %, 16403 MiB, 89.18 W, 2370 MHz, 12481 MHz, 36
2026/09/27 11:04:20.426, 1, 0 %, 14515 MiB, 95.39 W, 2362 MHz, 12481 MHz, 36
2026/09/27 11:04:20.676, 0, 0 %, 16435 MiB, 89.12 W, 2370 MHz, 12481 MHz, 36
2026/09/27 11:04:20.678, 1, 4 %, 16243 MiB, 96.38 W, 2362 MHz, 12481 MHz, 37
2026/09/27 11:04:20.928, 0, 0 %, 16435 MiB, 89.14 W, 2370 MHz, 12481 MHz, 36
2026/09/27 11:04:20.928, 1, 14 %, 16275 MiB, 96.72 W, 2362 MHz, 12481 MHz, 36
2026/09/27 11:04:21.178, 0, 0 %, 16435 MiB, 89.26 W, 2370 MHz, 12481 MHz, 36
2026/09/27 11:04:21.239, 1, 0 %, 16275 MiB, 96.76 W, 2362 MHz, 12481 MHz, 36
2026/09/27 11:04:21.492, 0, 0 %, 16435 MiB, 89.39 W, 2370 MHz, 12481 MHz, 36
2026/09/27 11:04:21.492, 1, 0 %, 16307 MiB, 97.00 W, 2362 MHz, 12481 MHz, 36
2026/09/27 11:04:21.742, 0, 0 %, 16435 MiB, 89.40 W, 2370 MHz, 12481 MHz, 36
2026/09/27 11:04:21.742, 1, 0 %, 16307 MiB, 106.24 W, 2370 MHz, 12481 MHz, 38
2026/09/27 11:04:21.992, 0, 0 %, 16435 MiB, 89.37 W, 2370 MHz, 12481 MHz, 36
2026/09/27 11:04:21.992, 1, 0 %, 16307 MiB, 124.53 W, 2377 MHz, 12481 MHz, 39
2026/09/27 11:04:22.242, 0, 0 %, 16435 MiB, 89.25 W, 2370 MHz, 12481 MHz, 36
2026/09/27 11:04:22.243, 1, 0 %, 16339 MiB, 136.97 W, 2377 MHz, 12481 MHz, 39
2026/09/27 11:04:22.493, 0, 0 %, 16435 MiB, 89.09 W, 2370 MHz, 12481 MHz, 36
2026/09/27 11:04:22.493, 1, 0 %, 16339 MiB, 146.29 W, 2377 MHz, 12481 MHz, 37
2026/09/27 11:04:22.743, 0, 0 %, 16435 MiB, 89.07 W, 2370 MHz, 12481 MHz, 36
2026/09/27 11:04:22.743, 1, 0 %, 16371 MiB, 137.00 W, 2370 MHz, 12481 MHz, 37
2026/09/27 11:04:22.993, 0, 0 %, 16435 MiB, 89.07 W, 2370 MHz, 12481 MHz, 36
2026/09/27 11:04:22.993, 1, 0 %, 16371 MiB, 134.51 W, 2370 MHz, 12481 MHz, 39
2026/09/27 11:04:23.243, 0, 0 %, 18163 MiB, 89.47 W, 2370 MHz, 12481 MHz, 36
2026/09/27 11:04:23.243, 1, 0 %, 16403 MiB, 134.54 W, 2377 MHz, 12481 MHz, 39
2026/09/27 11:04:23.494, 0, 7 %, 18163 MiB, 90.34 W, 2370 MHz, 12481 MHz, 36
2026/09/27 11:04:23.494, 1, 0 %, 16403 MiB, 141.43 W, 2377 MHz, 12481 MHz, 39
2026/09/27 11:04:23.744, 0, 0 %, 18163 MiB, 90.34 W, 2370 MHz, 12481 MHz, 36
2026/09/27 11:04:23.744, 1, 0 %, 16403 MiB, 153.54 W, 2377 MHz, 12481 MHz, 39
2026/09/27 11:04:23.994, 0, 0 %, 18163 MiB, 90.33 W, 2370 MHz, 12481 MHz, 36
2026/09/27 11:04:23.994, 1, 0 %, 16403 MiB, 157.68 W, 2377 MHz, 12481 MHz, 39
2026/09/27 11:04:24.244, 0, 1 %, 18195 MiB, 89.89 W, 2370 MHz, 12481 MHz, 36
2026/09/27 11:04:24.244, 1, 0 %, 16403 MiB, 157.61 W, 2377 MHz, 12481 MHz, 39
2026/09/27 11:04:24.494, 0, 0 %, 18195 MiB, 89.01 W, 2370 MHz, 12481 MHz, 36
2026/09/27 11:04:24.494, 1, 0 %, 16403 MiB, 157.60 W, 2377 MHz, 12481 MHz, 39
2026/09/27 11:04:24.744, 0, 0 %, 18227 MiB, 89.04 W, 2370 MHz, 12481 MHz, 36
2026/09/27 11:04:24.745, 1, 0 %, 16403 MiB, 157.68 W, 2377 MHz, 12481 MHz, 39
2026/09/27 11:04:24.995, 0, 0 %, 18227 MiB, 89.04 W, 2370 MHz, 12481 MHz, 36
2026/09/27 11:04:24.995, 1, 0 %, 16403 MiB, 157.71 W, 2377 MHz, 12481 MHz, 39
2026/09/27 11:04:25.245, 0, 0 %, 18259 MiB, 89.03 W, 2370 MHz, 12481 MHz, 36
2026/09/27 11:04:25.245, 1, 0 %, 16403 MiB, 156.85 W, 2377 MHz, 12481 MHz, 39
2026/09/27 11:04:25.495, 0, 0 %, 18291 MiB, 89.06 W, 2370 MHz, 12481 MHz, 36
2026/09/27 11:04:25.495, 1, 0 %, 16403 MiB, 138.83 W, 2370 MHz, 12481 MHz, 37
2026/09/27 11:04:25.745, 0, 0 %, 18291 MiB, 89.04 W, 2370 MHz, 12481 MHz, 36
2026/09/27 11:04:25.746, 1, 0 %, 18131 MiB, 125.96 W, 2362 MHz, 12481 MHz, 37
2026/09/27 11:04:25.996, 0, 0 %, 18291 MiB, 89.10 W, 2370 MHz, 12481 MHz, 36
2026/09/27 11:04:26.023, 1, 16 %, 18131 MiB, 108.47 W, 2362 MHz, 12481 MHz, 37
2026/09/27 11:04:26.273, 0, 0 %, 18291 MiB, 89.15 W, 2370 MHz, 12481 MHz, 36
2026/09/27 11:04:26.273, 1, 0 %, 18131 MiB, 96.81 W, 2362 MHz, 12481 MHz, 37
2026/09/27 11:04:26.523, 0, 0 %, 18291 MiB, 89.18 W, 2370 MHz, 12481 MHz, 36
2026/09/27 11:04:26.523, 1, 0 %, 18131 MiB, 96.80 W, 2362 MHz, 12481 MHz, 37
2026/09/27 11:04:26.774, 0, 0 %, 18291 MiB, 89.18 W, 2370 MHz, 12481 MHz, 36
2026/09/27 11:04:26.774, 1, 0 %, 18163 MiB, 101.64 W, 2362 MHz, 12481 MHz, 37
2026/09/27 11:04:27.024, 0, 0 %, 18291 MiB, 89.09 W, 2370 MHz, 12481 MHz, 36
2026/09/27 11:04:27.024, 1, 0 %, 18163 MiB, 100.97 W, 2370 MHz, 12481 MHz, 37
2026/09/27 11:04:27.274, 0, 0 %, 18291 MiB, 89.00 W, 2370 MHz, 12481 MHz, 36
2026/09/27 11:04:27.274, 1, 0 %, 18195 MiB, 104.54 W, 2362 MHz, 12481 MHz, 36
2026/09/27 11:04:27.524, 0, 0 %, 18291 MiB, 88.98 W, 2370 MHz, 12481 MHz, 36
2026/09/27 11:04:27.524, 1, 1 %, 18195 MiB, 107.46 W, 2370 MHz, 12481 MHz, 37
2026/09/27 11:04:27.774, 0, 0 %, 18291 MiB, 88.96 W, 2370 MHz, 12481 MHz, 36
2026/09/27 11:04:27.774, 1, 0 %, 18227 MiB, 102.35 W, 2370 MHz, 12481 MHz, 37
2026/09/27 11:04:28.025, 0, 0 %, 18291 MiB, 88.97 W, 2370 MHz, 12481 MHz, 36
2026/09/27 11:04:28.025, 1, 0 %, 18259 MiB, 104.88 W, 2370 MHz, 12481 MHz, 37
2026/09/27 11:04:28.275, 0, 0 %, 20019 MiB, 89.00 W, 2370 MHz, 12481 MHz, 36
2026/09/27 11:04:28.275, 1, 0 %, 18259 MiB, 114.64 W, 2370 MHz, 12481 MHz, 38
2026/09/27 11:04:28.525, 0, 16 %, 20051 MiB, 89.98 W, 2370 MHz, 12481 MHz, 36
2026/09/27 11:04:28.525, 1, 0 %, 18259 MiB, 122.71 W, 2377 MHz, 12481 MHz, 39
2026/09/27 11:04:28.775, 0, 0 %, 20051 MiB, 90.02 W, 2370 MHz, 12481 MHz, 36
2026/09/27 11:04:28.775, 1, 0 %, 18259 MiB, 141.83 W, 2377 MHz, 12481 MHz, 39
2026/09/27 11:04:29.025, 0, 0 %, 20051 MiB, 90.00 W, 2370 MHz, 12481 MHz, 36
2026/09/27 11:04:29.025, 1, 0 %, 18259 MiB, 150.75 W, 2377 MHz, 12481 MHz, 39
2026/09/27 11:04:29.275, 0, 0 %, 20083 MiB, 89.93 W, 2370 MHz, 12481 MHz, 36
2026/09/27 11:04:29.275, 1, 0 %, 18259 MiB, 138.09 W, 2377 MHz, 12481 MHz, 37
2026/09/27 11:04:29.525, 0, 0 %, 20083 MiB, 88.92 W, 2370 MHz, 12481 MHz, 36
2026/09/27 11:04:29.525, 1, 0 %, 18259 MiB, 126.30 W, 2362 MHz, 12481 MHz, 37
2026/09/27 11:04:29.776, 0, 0 %, 20083 MiB, 88.90 W, 2370 MHz, 12481 MHz, 36
2026/09/27 11:04:29.776, 1, 0 %, 18259 MiB, 108.06 W, 2362 MHz, 12481 MHz, 37
2026/09/27 11:04:30.026, 0, 0 %, 20115 MiB, 88.91 W, 2370 MHz, 12481 MHz, 36
2026/09/27 11:04:30.026, 1, 0 %, 18259 MiB, 95.91 W, 2362 MHz, 12481 MHz, 36
2026/09/27 11:04:30.276, 0, 0 %, 20115 MiB, 88.92 W, 2370 MHz, 12481 MHz, 36
2026/09/27 11:04:30.276, 1, 0 %, 18259 MiB, 95.36 W, 2362 MHz, 12481 MHz, 36
2026/09/27 11:04:30.526, 0, 0 %, 20147 MiB, 88.90 W, 2370 MHz, 12481 MHz, 36
2026/09/27 11:04:30.526, 1, 0 %, 18259 MiB, 95.36 W, 2362 MHz, 12481 MHz, 36
2026/09/27 11:04:30.776, 0, 0 %, 20179 MiB, 88.89 W, 2370 MHz, 12481 MHz, 36
2026/09/27 11:04:30.776, 1, 0 %, 18259 MiB, 95.35 W, 2362 MHz, 12481 MHz, 36
2026/09/27 11:04:31.026, 0, 0 %, 20179 MiB, 88.93 W, 2370 MHz, 12481 MHz, 36
2026/09/27 11:04:31.027, 1, 6 %, 19987 MiB, 96.33 W, 2362 MHz, 12481 MHz, 36
2026/09/27 11:04:31.277, 0, 0 %, 20179 MiB, 89.02 W, 2370 MHz, 12481 MHz, 36
2026/09/27 11:04:31.277, 1, 10 %, 20019 MiB, 96.92 W, 2362 MHz, 12481 MHz, 36
2026/09/27 11:04:31.527, 0, 0 %, 20179 MiB, 89.16 W, 2370 MHz, 12481 MHz, 36
2026/09/27 11:04:31.527, 1, 0 %, 20019 MiB, 108.47 W, 2362 MHz, 12481 MHz, 38
2026/09/27 11:04:31.777, 0, 0 %, 20179 MiB, 89.17 W, 2370 MHz, 12481 MHz, 36
2026/09/27 11:04:31.777, 1, 0 %, 20019 MiB, 127.03 W, 2377 MHz, 12481 MHz, 38
2026/09/27 11:04:32.027, 0, 0 %, 20179 MiB, 89.09 W, 2370 MHz, 12481 MHz, 36
2026/09/27 11:04:32.027, 1, 1 %, 20051 MiB, 133.94 W, 2377 MHz, 12481 MHz, 39
2026/09/27 11:04:32.277, 0, 0 %, 20179 MiB, 89.00 W, 2370 MHz, 12481 MHz, 36
2026/09/27 11:04:32.278, 1, 0 %, 20051 MiB, 132.66 W, 2370 MHz, 12481 MHz, 37
2026/09/27 11:04:32.528, 0, 0 %, 20179 MiB, 88.84 W, 2370 MHz, 12481 MHz, 36
2026/09/27 11:04:32.528, 1, 0 %, 20083 MiB, 122.56 W, 2362 MHz, 12481 MHz, 36
2026/09/27 11:04:32.778, 0, 0 %, 20179 MiB, 88.83 W, 2370 MHz, 12481 MHz, 36
2026/09/27 11:04:32.778, 1, 0 %, 20083 MiB, 104.37 W, 2362 MHz, 12481 MHz, 36
2026/09/27 11:04:33.028, 0, 0 %, 20179 MiB, 88.82 W, 2370 MHz, 12481 MHz, 36
2026/09/27 11:04:33.028, 1, 0 %, 20115 MiB, 95.38 W, 2362 MHz, 12481 MHz, 36
2026/09/27 11:04:33.278, 0, 0 %, 20179 MiB, 88.82 W, 2370 MHz, 12481 MHz, 36
2026/09/27 11:04:33.278, 1, 1 %, 20147 MiB, 95.30 W, 2362 MHz, 12481 MHz, 36
2026/09/27 11:04:33.528, 0, 0 %, 21907 MiB, 89.02 W, 2370 MHz, 12481 MHz, 36
2026/09/27 11:04:33.528, 1, 0 %, 20147 MiB, 104.66 W, 2362 MHz, 12481 MHz, 38
2026/09/27 11:04:33.778, 0, 17 %, 21939 MiB, 89.91 W, 2370 MHz, 12481 MHz, 36
2026/09/27 11:04:33.779, 1, 0 %, 20147 MiB, 122.59 W, 2377 MHz, 12481 MHz, 38
2026/09/27 11:04:34.029, 0, 0 %, 21939 MiB, 89.94 W, 2370 MHz, 12481 MHz, 36
2026/09/27 11:04:34.029, 1, 0 %, 20147 MiB, 133.50 W, 2377 MHz, 12481 MHz, 39
2026/09/27 11:04:34.279, 0, 0 %, 21939 MiB, 90.00 W, 2370 MHz, 12481 MHz, 36
2026/09/27 11:04:34.279, 1, 0 %, 20147 MiB, 132.90 W, 2377 MHz, 12481 MHz, 37
2026/09/27 11:04:34.529, 0, 0 %, 21971 MiB, 90.08 W, 2370 MHz, 12481 MHz, 36
2026/09/27 11:04:34.529, 1, 0 %, 20147 MiB, 125.05 W, 2362 MHz, 12481 MHz, 36
2026/09/27 11:04:34.779, 0, 0 %, 21971 MiB, 89.04 W, 2370 MHz, 12481 MHz, 36
2026/09/27 11:04:34.779, 1, 0 %, 20147 MiB, 105.86 W, 2370 MHz, 12481 MHz, 36
2026/09/27 11:04:35.029, 0, 0 %, 22003 MiB, 88.91 W, 2370 MHz, 12481 MHz, 36
2026/09/27 11:04:35.029, 1, 0 %, 20147 MiB, 95.60 W, 2362 MHz, 12481 MHz, 36
2026/09/27 11:04:35.279, 0, 1 %, 22003 MiB, 88.84 W, 2370 MHz, 12481 MHz, 36
2026/09/27 11:04:35.279, 1, 0 %, 20147 MiB, 95.32 W, 2370 MHz, 12481 MHz, 36
2026/09/27 11:04:35.529, 0, 0 %, 22035 MiB, 88.84 W, 2370 MHz, 12481 MHz, 36
2026/09/27 11:04:35.529, 1, 0 %, 20147 MiB, 95.31 W, 2362 MHz, 12481 MHz, 36
2026/09/27 11:04:35.779, 0, 0 %, 22035 MiB, 88.86 W, 2370 MHz, 12481 MHz, 36
2026/09/27 11:04:35.780, 1, 0 %, 20147 MiB, 95.30 W, 2362 MHz, 12481 MHz, 36
2026/09/27 11:04:36.030, 0, 0 %, 22067 MiB, 88.91 W, 2370 MHz, 12481 MHz, 36
2026/09/27 11:04:36.030, 1, 0 %, 21875 MiB, 95.57 W, 2362 MHz, 12481 MHz, 36
2026/09/27 11:04:36.280, 0, 0 %, 22067 MiB, 88.91 W, 2370 MHz, 12481 MHz, 36
2026/09/27 11:04:36.280, 1, 15 %, 21907 MiB, 98.19 W, 2362 MHz, 12481 MHz, 36
2026/09/27 11:04:36.530, 0, 0 %, 22067 MiB, 88.93 W, 2370 MHz, 12481 MHz, 36
2026/09/27 11:04:36.530, 1, 0 %, 21907 MiB, 108.42 W, 2370 MHz, 12481 MHz, 38
2026/09/27 11:04:36.780, 0, 0 %, 22067 MiB, 88.90 W, 2370 MHz, 12481 MHz, 36
2026/09/27 11:04:36.780, 1, 0 %, 21907 MiB, 108.23 W, 2370 MHz, 12481 MHz, 36
2026/09/27 11:04:37.030, 0, 0 %, 22067 MiB, 88.83 W, 2370 MHz, 12481 MHz, 36
2026/09/27 11:04:37.030, 1, 1 %, 21939 MiB, 108.05 W, 2362 MHz, 12481 MHz, 36
2026/09/27 11:04:37.280, 0, 0 %, 22067 MiB, 88.84 W, 2370 MHz, 12481 MHz, 36
2026/09/27 11:04:37.281, 1, 0 %, 21939 MiB, 105.58 W, 2362 MHz, 12481 MHz, 36
2026/09/27 11:04:37.531, 0, 0 %, 22067 MiB, 88.82 W, 2370 MHz, 12481 MHz, 36
2026/09/27 11:04:37.531, 1, 0 %, 21971 MiB, 95.51 W, 2362 MHz, 12481 MHz, 36
2026/09/27 11:04:37.781, 0, 0 %, 22067 MiB, 88.81 W, 2370 MHz, 12481 MHz, 36
2026/09/27 11:04:37.781, 1, 0 %, 21971 MiB, 95.29 W, 2362 MHz, 12481 MHz, 36
2026/09/27 11:04:38.031, 0, 0 %, 22067 MiB, 88.83 W, 2370 MHz, 12481 MHz, 36
2026/09/27 11:04:38.031, 1, 0 %, 21971 MiB, 95.31 W, 2362 MHz, 12481 MHz, 36
2026/09/27 11:04:38.281, 0, 0 %, 22067 MiB, 88.84 W, 2370 MHz, 12481 MHz, 36
2026/09/27 11:04:38.281, 1, 1 %, 22003 MiB, 95.68 W, 2370 MHz, 12481 MHz, 36
2026/09/27 11:04:38.531, 0, 0 %, 23795 MiB, 88.79 W, 2370 MHz, 12481 MHz, 36
2026/09/27 11:04:38.532, 1, 0 %, 22035 MiB, 100.46 W, 2370 MHz, 12481 MHz, 37
2026/09/27 11:04:38.782, 0, 14 %, 23795 MiB, 89.86 W, 2370 MHz, 12481 MHz, 36
2026/09/27 11:04:38.782, 1, 0 %, 22035 MiB, 100.77 W, 2370 MHz, 12481 MHz, 36
2026/09/27 11:04:39.032, 0, 6 %, 23827 MiB, 89.88 W, 2370 MHz, 12481 MHz, 36
2026/09/27 11:04:39.032, 1, 0 %, 22035 MiB, 100.58 W, 2362 MHz, 12481 MHz, 36
2026/09/27 11:04:39.282, 0, 0 %, 23827 MiB, 89.85 W, 2370 MHz, 12481 MHz, 36
2026/09/27 11:04:39.282, 1, 0 %, 22035 MiB, 100.21 W, 2362 MHz, 12481 MHz, 36
2026/09/27 11:04:39.532, 0, 0 %, 23827 MiB, 89.90 W, 2370 MHz, 12481 MHz, 36
2026/09/27 11:04:39.532, 1, 0 %, 22035 MiB, 95.69 W, 2362 MHz, 12481 MHz, 36
2026/09/27 11:04:39.782, 0, 1 %, 23859 MiB, 88.79 W, 2370 MHz, 12481 MHz, 36
2026/09/27 11:04:39.782, 1, 0 %, 22035 MiB, 95.09 W, 2362 MHz, 12481 MHz, 36
2026/09/27 11:04:40.032, 0, 0 %, 23859 MiB, 88.75 W, 2370 MHz, 12481 MHz, 36
2026/09/27 11:04:40.032, 1, 0 %, 22035 MiB, 95.08 W, 2362 MHz, 12481 MHz, 36
2026/09/27 11:04:40.283, 0, 1 %, 23891 MiB, 88.78 W, 2370 MHz, 12481 MHz, 36
2026/09/27 11:04:40.283, 1, 0 %, 22035 MiB, 95.09 W, 2362 MHz, 12481 MHz, 36
2026/09/27 11:04:40.533, 0, 0 %, 23891 MiB, 88.80 W, 2370 MHz, 12481 MHz, 36
2026/09/27 11:04:40.533, 1, 0 %, 22035 MiB, 95.14 W, 2362 MHz, 12481 MHz, 36
2026/09/27 11:04:40.783, 0, 0 %, 23923 MiB, 88.83 W, 2370 MHz, 12481 MHz, 36
2026/09/27 11:04:40.783, 1, 0 %, 22035 MiB, 95.08 W, 2362 MHz, 12481 MHz, 36
2026/09/27 11:04:41.033, 0, 1 %, 23923 MiB, 88.87 W, 2370 MHz, 12481 MHz, 36
2026/09/27 11:04:41.033, 1, 0 %, 22035 MiB, 95.10 W, 2362 MHz, 12481 MHz, 36
2026/09/27 11:04:41.283, 0, 0 %, 23955 MiB, 88.88 W, 2370 MHz, 12481 MHz, 36
2026/09/27 11:04:41.283, 1, 0 %, 23763 MiB, 95.52 W, 2362 MHz, 12481 MHz, 36
2026/09/27 11:04:41.533, 0, 0 %, 23955 MiB, 88.86 W, 2370 MHz, 12481 MHz, 36
2026/09/27 11:04:41.533, 1, 13 %, 23763 MiB, 97.15 W, 2362 MHz, 12481 MHz, 36
2026/09/27 11:04:41.784, 0, 0 %, 23955 MiB, 88.84 W, 2370 MHz, 12481 MHz, 36
2026/09/27 11:04:41.784, 1, 0 %, 23795 MiB, 111.13 W, 2370 MHz, 12481 MHz, 37
2026/09/27 11:04:42.034, 0, 0 %, 23955 MiB, 88.81 W, 2370 MHz, 12481 MHz, 36
2026/09/27 11:04:42.034, 1, 0 %, 23795 MiB, 123.82 W, 2377 MHz, 12481 MHz, 38
2026/09/27 11:04:42.284, 0, 0 %, 23955 MiB, 88.76 W, 2370 MHz, 12481 MHz, 36
2026/09/27 11:04:42.284, 1, 0 %, 23827 MiB, 141.04 W, 2377 MHz, 12481 MHz, 38
2026/09/27 11:04:42.534, 0, 0 %, 23955 MiB, 88.76 W, 2370 MHz, 12481 MHz, 36
2026/09/27 11:04:42.534, 1, 1 %, 23827 MiB, 140.82 W, 2377 MHz, 12481 MHz, 36
2026/09/27 11:04:42.784, 0, 0 %, 23955 MiB, 88.73 W, 2370 MHz, 12481 MHz, 36
2026/09/27 11:04:42.784, 1, 0 %, 23827 MiB, 127.12 W, 2362 MHz, 12481 MHz, 36
2026/09/27 11:04:43.034, 0, 0 %, 23955 MiB, 88.73 W, 2370 MHz, 12481 MHz, 36
2026/09/27 11:04:43.034, 1, 1 %, 23859 MiB, 114.93 W, 2362 MHz, 12481 MHz, 36
2026/09/27 11:04:43.284, 0, 0 %, 23955 MiB, 88.70 W, 2370 MHz, 12481 MHz, 36
2026/09/27 11:04:43.284, 1, 0 %, 23859 MiB, 95.57 W, 2362 MHz, 12481 MHz, 36
2026/09/27 11:04:43.534, 0, 0 %, 23955 MiB, 88.66 W, 2370 MHz, 12481 MHz, 36
2026/09/27 11:04:43.535, 1, 0 %, 23891 MiB, 94.98 W, 2362 MHz, 12481 MHz, 36
2026/09/27 11:04:43.785, 0, 0 %, 23955 MiB, 88.65 W, 2370 MHz, 12481 MHz, 36
2026/09/27 11:04:43.785, 1, 0 %, 23891 MiB, 98.16 W, 2362 MHz, 12481 MHz, 36
2026/09/27 11:04:44.035, 0, 0 %, 25683 MiB, 89.50 W, 2370 MHz, 12481 MHz, 36
2026/09/27 11:04:44.035, 1, 0 %, 23923 MiB, 99.03 W, 2370 MHz, 12481 MHz, 36
2026/09/27 11:04:44.285, 0, 0 %, 25683 MiB, 90.03 W, 2370 MHz, 12481 MHz, 36
2026/09/27 11:04:44.285, 1, 0 %, 23923 MiB, 98.97 W, 2362 MHz, 12481 MHz, 36
2026/09/27 11:04:44.535, 0, 0 %, 25683 MiB, 90.09 W, 2370 MHz, 12481 MHz, 36
2026/09/27 11:04:44.535, 1, 0 %, 23923 MiB, 99.05 W, 2362 MHz, 12481 MHz, 36
2026/09/27 11:04:44.785, 0, 0 %, 25715 MiB, 90.12 W, 2370 MHz, 12481 MHz, 36
2026/09/27 11:04:44.785, 1, 0 %, 23923 MiB, 96.96 W, 2362 MHz, 12481 MHz, 36
2026/09/27 11:04:45.035, 0, 1 %, 25715 MiB, 89.36 W, 2370 MHz, 12481 MHz, 36
2026/09/27 11:04:45.035, 1, 0 %, 23923 MiB, 94.89 W, 2362 MHz, 12481 MHz, 36
2026/09/27 11:04:45.286, 0, 0 %, 25715 MiB, 88.77 W, 2370 MHz, 12481 MHz, 36
2026/09/27 11:04:45.286, 1, 0 %, 23923 MiB, 94.86 W, 2362 MHz, 12481 MHz, 36
2026/09/27 11:04:45.536, 0, 1 %, 25747 MiB, 88.75 W, 2370 MHz, 12481 MHz, 36
2026/09/27 11:04:45.536, 1, 0 %, 23923 MiB, 94.85 W, 2362 MHz, 12481 MHz, 36
2026/09/27 11:04:45.786, 0, 0 %, 25747 MiB, 88.77 W, 2370 MHz, 12481 MHz, 36
2026/09/27 11:04:45.786, 1, 0 %, 23923 MiB, 94.90 W, 2362 MHz, 12481 MHz, 36
2026/09/27 11:04:46.036, 0, 0 %, 25779 MiB, 88.78 W, 2370 MHz, 12481 MHz, 36
2026/09/27 11:04:46.037, 1, 0 %, 23923 MiB, 94.91 W, 2362 MHz, 12481 MHz, 36
2026/09/27 11:04:46.287, 0, 0 %, 25811 MiB, 88.78 W, 2370 MHz, 12481 MHz, 35
2026/09/27 11:04:46.287, 1, 0 %, 23923 MiB, 94.86 W, 2362 MHz, 12481 MHz, 36
2026/09/27 11:04:46.537, 0, 0 %, 25811 MiB, 88.78 W, 2370 MHz, 12481 MHz, 35
2026/09/27 11:04:46.537, 1, 0 %, 25651 MiB, 95.56 W, 2362 MHz, 12481 MHz, 36
2026/09/27 11:04:46.787, 0, 0 %, 25811 MiB, 88.69 W, 2370 MHz, 12481 MHz, 35
2026/09/27 11:04:46.787, 1, 0 %, 25651 MiB, 106.41 W, 2377 MHz, 12481 MHz, 37
2026/09/27 11:04:47.037, 0, 0 %, 25811 MiB, 88.65 W, 2370 MHz, 12481 MHz, 36
2026/09/27 11:04:47.037, 1, 0 %, 25651 MiB, 113.01 W, 2377 MHz, 12481 MHz, 37
2026/09/27 11:04:47.287, 0, 0 %, 25811 MiB, 88.63 W, 2370 MHz, 12481 MHz, 36
2026/09/27 11:04:47.287, 1, 0 %, 25683 MiB, 114.18 W, 2370 MHz, 12481 MHz, 36
2026/09/27 11:04:47.537, 0, 0 %, 25811 MiB, 88.56 W, 2370 MHz, 12481 MHz, 35
2026/09/27 11:04:47.537, 1, 1 %, 25683 MiB, 115.00 W, 2362 MHz, 12481 MHz, 36
2026/09/27 11:04:47.787, 0, 0 %, 25811 MiB, 88.56 W, 2370 MHz, 12481 MHz, 35
2026/09/27 11:04:47.787, 1, 0 %, 25683 MiB, 103.29 W, 2362 MHz, 12481 MHz, 36
2026/09/27 11:04:48.038, 0, 0 %, 25811 MiB, 88.54 W, 2370 MHz, 12481 MHz, 35
2026/09/27 11:04:48.038, 1, 1 %, 25715 MiB, 97.87 W, 2362 MHz, 12481 MHz, 36
2026/09/27 11:04:48.288, 0, 0 %, 25811 MiB, 88.51 W, 2370 MHz, 12481 MHz, 35
2026/09/27 11:04:48.288, 1, 0 %, 25715 MiB, 96.31 W, 2362 MHz, 12481 MHz, 36
2026/09/27 11:04:48.538, 0, 0 %, 25811 MiB, 88.48 W, 2370 MHz, 12481 MHz, 35
2026/09/27 11:04:48.538, 1, 0 %, 25747 MiB, 94.96 W, 2362 MHz, 12481 MHz, 36
2026/09/27 11:04:48.788, 0, 0 %, 25811 MiB, 88.48 W, 2370 MHz, 12481 MHz, 36
2026/09/27 11:04:48.788, 1, 0 %, 25779 MiB, 107.66 W, 2377 MHz, 12481 MHz, 37
2026/09/27 11:04:49.038, 0, 0 %, 27539 MiB, 89.48 W, 2370 MHz, 12481 MHz, 36
2026/09/27 11:04:49.038, 1, 0 %, 25779 MiB, 111.89 W, 2377 MHz, 12481 MHz, 36
2026/09/27 11:04:49.288, 0, 0 %, 27571 MiB, 89.87 W, 2370 MHz, 12481 MHz, 35
2026/09/27 11:04:49.288, 1, 0 %, 25779 MiB, 111.98 W, 2370 MHz, 12481 MHz, 36
2026/09/27 11:04:49.538, 0, 0 %, 27571 MiB, 89.86 W, 2370 MHz, 12481 MHz, 35
2026/09/27 11:04:49.538, 1, 0 %, 25779 MiB, 111.86 W, 2370 MHz, 12481 MHz, 36
2026/09/27 11:04:49.788, 0, 0 %, 27571 MiB, 89.83 W, 2370 MHz, 12481 MHz, 35
2026/09/27 11:04:49.788, 1, 0 %, 25779 MiB, 99.11 W, 2362 MHz, 12481 MHz, 36
2026/09/27 11:04:50.039, 0, 0 %, 27603 MiB, 88.90 W, 2370 MHz, 12481 MHz, 35
2026/09/27 11:04:50.039, 1, 0 %, 25779 MiB, 94.89 W, 2362 MHz, 12481 MHz, 36
2026/09/27 11:04:50.289, 0, 0 %, 27603 MiB, 88.57 W, 2370 MHz, 12481 MHz, 35
2026/09/27 11:04:50.289, 1, 0 %, 25779 MiB, 94.81 W, 2362 MHz, 12481 MHz, 36
2026/09/27 11:04:50.539, 0, 0 %, 27635 MiB, 88.60 W, 2370 MHz, 12481 MHz, 36
2026/09/27 11:04:50.539, 1, 0 %, 25779 MiB, 94.81 W, 2362 MHz, 12481 MHz, 36
2026/09/27 11:04:50.789, 0, 0 %, 27635 MiB, 88.63 W, 2370 MHz, 12481 MHz, 35
2026/09/27 11:04:50.789, 1, 0 %, 25779 MiB, 94.86 W, 2362 MHz, 12481 MHz, 36
2026/09/27 11:04:51.039, 0, 0 %, 27667 MiB, 88.58 W, 2370 MHz, 12481 MHz, 35
2026/09/27 11:04:51.039, 1, 0 %, 25779 MiB, 94.81 W, 2362 MHz, 12481 MHz, 36
2026/09/27 11:04:51.289, 0, 0 %, 27667 MiB, 88.63 W, 2370 MHz, 12481 MHz, 35
2026/09/27 11:04:51.289, 1, 0 %, 25779 MiB, 94.80 W, 2362 MHz, 12481 MHz, 35
2026/09/27 11:04:51.540, 0, 0 %, 27699 MiB, 88.64 W, 2370 MHz, 12481 MHz, 35
2026/09/27 11:04:51.540, 1, 0 %, 27507 MiB, 95.20 W, 2362 MHz, 12481 MHz, 35
2026/09/27 11:04:51.790, 0, 0 %, 27699 MiB, 88.63 W, 2370 MHz, 12481 MHz, 35
2026/09/27 11:04:51.790, 1, 6 %, 27539 MiB, 96.01 W, 2362 MHz, 12481 MHz, 36
2026/09/27 11:04:52.040, 0, 0 %, 27699 MiB, 88.62 W, 2370 MHz, 12481 MHz, 35
2026/09/27 11:04:52.040, 1, 0 %, 27539 MiB, 96.01 W, 2362 MHz, 12481 MHz, 36
2026/09/27 11:04:52.290, 0, 0 %, 27699 MiB, 88.55 W, 2370 MHz, 12481 MHz, 35
2026/09/27 11:04:52.290, 1, 0 %, 27539 MiB, 96.00 W, 2362 MHz, 12481 MHz, 35
2026/09/27 11:04:52.540, 0, 0 %, 27699 MiB, 88.53 W, 2370 MHz, 12481 MHz, 35
2026/09/27 11:04:52.540, 1, 0 %, 27571 MiB, 95.77 W, 2362 MHz, 12481 MHz, 35
2026/09/27 11:04:52.790, 0, 0 %, 27699 MiB, 88.51 W, 2370 MHz, 12481 MHz, 35
2026/09/27 11:04:52.790, 1, 0 %, 27571 MiB, 94.80 W, 2362 MHz, 12481 MHz, 35
2026/09/27 11:04:53.041, 0, 0 %, 27699 MiB, 88.51 W, 2370 MHz, 12481 MHz, 35
2026/09/27 11:04:53.041, 1, 0 %, 27603 MiB, 94.70 W, 2362 MHz, 12481 MHz, 35
2026/09/27 11:04:53.291, 0, 0 %, 27699 MiB, 88.52 W, 2370 MHz, 12481 MHz, 35
2026/09/27 11:04:53.291, 1, 1 %, 27603 MiB, 94.79 W, 2362 MHz, 12481 MHz, 35
2026/09/27 11:04:53.541, 0, 0 %, 27699 MiB, 88.53 W, 2370 MHz, 12481 MHz, 35
2026/09/27 11:04:53.541, 1, 0 %, 27603 MiB, 94.71 W, 2362 MHz, 12481 MHz, 35
2026/09/27 11:04:53.791, 0, 0 %, 27699 MiB, 88.52 W, 2370 MHz, 12481 MHz, 35
2026/09/27 11:04:53.791, 1, 1 %, 27635 MiB, 94.76 W, 2362 MHz, 12481 MHz, 35
2026/09/27 11:04:54.041, 0, 0 %, 27699 MiB, 88.52 W, 2370 MHz, 12481 MHz, 35
2026/09/27 11:04:54.041, 1, 0 %, 27667 MiB, 97.96 W, 2362 MHz, 12481 MHz, 35
2026/09/27 11:04:54.291, 0, 16 %, 29427 MiB, 89.67 W, 2370 MHz, 12481 MHz, 35
2026/09/27 11:04:54.291, 1, 0 %, 27667 MiB, 100.00 W, 2362 MHz, 12481 MHz, 35
2026/09/27 11:04:54.541, 0, 3 %, 29459 MiB, 89.83 W, 2370 MHz, 12481 MHz, 35
2026/09/27 11:04:54.541, 1, 0 %, 27667 MiB, 99.88 W, 2362 MHz, 12481 MHz, 35
2026/09/27 11:04:54.791, 0, 0 %, 29459 MiB, 89.83 W, 2370 MHz, 12481 MHz, 35
2026/09/27 11:04:54.791, 1, 0 %, 27667 MiB, 99.91 W, 2362 MHz, 12481 MHz, 35
2026/09/27 11:04:55.041, 0, 0 %, 29491 MiB, 89.86 W, 2370 MHz, 12481 MHz, 35
2026/09/27 11:04:55.042, 1, 0 %, 27667 MiB, 98.00 W, 2362 MHz, 12481 MHz, 35
2026/09/27 11:04:55.292, 0, 0 %, 29491 MiB, 88.74 W, 2370 MHz, 12481 MHz, 35
2026/09/27 11:04:55.292, 1, 0 %, 27667 MiB, 94.71 W, 2362 MHz, 12481 MHz, 35
2026/09/27 11:04:55.542, 0, 0 %, 29491 MiB, 88.47 W, 2370 MHz, 12481 MHz, 35
2026/09/27 11:04:55.542, 1, 0 %, 27667 MiB, 94.72 W, 2362 MHz, 12481 MHz, 35
2026/09/27 11:04:55.792, 0, 1 %, 29523 MiB, 88.50 W, 2370 MHz, 12481 MHz, 35
2026/09/27 11:04:55.792, 1, 0 %, 27667 MiB, 94.68 W, 2362 MHz, 12481 MHz, 35
2026/09/27 11:04:56.042, 0, 0 %, 29523 MiB, 88.48 W, 2370 MHz, 12481 MHz, 35
2026/09/27 11:04:56.042, 1, 0 %, 27667 MiB, 94.66 W, 2362 MHz, 12481 MHz, 35
2026/09/27 11:04:56.292, 0, 1 %, 29555 MiB, 88.51 W, 2370 MHz, 12481 MHz, 35
2026/09/27 11:04:56.292, 1, 0 %, 27667 MiB, 94.64 W, 2362 MHz, 12481 MHz, 35
2026/09/27 11:04:56.542, 0, 0 %, 29555 MiB, 88.50 W, 2370 MHz, 12481 MHz, 35
2026/09/27 11:04:56.542, 1, 0 %, 27667 MiB, 94.65 W, 2362 MHz, 12481 MHz, 35
2026/09/27 11:04:56.792, 0, 0 %, 29587 MiB, 88.49 W, 2370 MHz, 12481 MHz, 35
2026/09/27 11:04:56.792, 1, 14 %, 29395 MiB, 95.60 W, 2362 MHz, 12481 MHz, 35
2026/09/27 11:04:57.042, 0, 0 %, 29587 MiB, 88.51 W, 2370 MHz, 12481 MHz, 35
2026/09/27 11:04:57.042, 1, 6 %, 29427 MiB, 95.83 W, 2362 MHz, 12481 MHz, 35
2026/09/27 11:04:57.293, 0, 0 %, 29587 MiB, 88.47 W, 2370 MHz, 12481 MHz, 35
2026/09/27 11:04:57.293, 1, 0 %, 29427 MiB, 95.84 W, 2362 MHz, 12481 MHz, 35
2026/09/27 11:04:57.543, 0, 0 %, 29587 MiB, 88.47 W, 2370 MHz, 12481 MHz, 35
2026/09/27 11:04:57.543, 1, 0 %, 29459 MiB, 95.82 W, 2362 MHz, 12481 MHz, 35
2026/09/27 11:04:57.793, 0, 0 %, 29587 MiB, 88.47 W, 2370 MHz, 12481 MHz, 35
2026/09/27 11:04:57.793, 1, 0 %, 29459 MiB, 94.91 W, 2362 MHz, 12481 MHz, 35
2026/09/27 11:04:58.043, 0, 0 %, 29587 MiB, 88.49 W, 2370 MHz, 12481 MHz, 35
2026/09/27 11:04:58.043, 1, 0 %, 29459 MiB, 94.63 W, 2362 MHz, 12481 MHz, 35
2026/09/27 11:04:58.293, 0, 0 %, 29587 MiB, 88.50 W, 2370 MHz, 12481 MHz, 35
2026/09/27 11:04:58.293, 1, 1 %, 29491 MiB, 94.65 W, 2362 MHz, 12481 MHz, 35
2026/09/27 11:04:58.543, 0, 0 %, 29587 MiB, 88.51 W, 2370 MHz, 12481 MHz, 35
2026/09/27 11:04:58.543, 1, 0 %, 29491 MiB, 94.59 W, 2362 MHz, 12481 MHz, 35
2026/09/27 11:04:58.793, 0, 0 %, 29587 MiB, 88.48 W, 2370 MHz, 12481 MHz, 35
2026/09/27 11:04:58.793, 1, 1 %, 29523 MiB, 94.62 W, 2362 MHz, 12481 MHz, 35
2026/09/27 11:04:59.044, 0, 0 %, 29587 MiB, 88.46 W, 2370 MHz, 12481 MHz, 35
2026/09/27 11:04:59.044, 1, 0 %, 29523 MiB, 94.62 W, 2362 MHz, 12481 MHz, 35
2026/09/27 11:04:59.294, 0, 18 %, 31315 MiB, 89.81 W, 2370 MHz, 12481 MHz, 35
2026/09/27 11:04:59.294, 1, 0 %, 29555 MiB, 95.07 W, 2362 MHz, 12481 MHz, 35
2026/09/27 11:04:59.544, 0, 0 %, 31347 MiB, 89.87 W, 2370 MHz, 12481 MHz, 35
2026/09/27 11:04:59.544, 1, 0 %, 29555 MiB, 95.13 W, 2362 MHz, 12481 MHz, 35
2026/09/27 11:04:59.794, 0, 0 %, 31347 MiB, 89.85 W, 2370 MHz, 12481 MHz, 35
2026/09/27 11:04:59.794, 1, 0 %, 29555 MiB, 95.18 W, 2362 MHz, 12481 MHz, 35
2026/09/27 11:05:00.044, 0, 0 %, 31347 MiB, 89.86 W, 2370 MHz, 12481 MHz, 35
2026/09/27 11:05:00.044, 1, 0 %, 29555 MiB, 95.12 W, 2362 MHz, 12481 MHz, 35
2026/09/27 11:05:00.294, 0, 0 %, 31379 MiB, 88.52 W, 2370 MHz, 12481 MHz, 35
2026/09/27 11:05:00.294, 1, 0 %, 29555 MiB, 94.59 W, 2362 MHz, 12481 MHz, 35
2026/09/27 11:05:00.544, 0, 0 %, 31379 MiB, 88.46 W, 2370 MHz, 12481 MHz, 35
2026/09/27 11:05:00.544, 1, 0 %, 29555 MiB, 94.57 W, 2362 MHz, 12481 MHz, 35
2026/09/27 11:05:00.794, 0, 0 %, 31411 MiB, 88.49 W, 2370 MHz, 12481 MHz, 35
2026/09/27 11:05:00.795, 1, 0 %, 29555 MiB, 94.53 W, 2362 MHz, 12481 MHz, 35
2026/09/27 11:05:01.045, 0, 0 %, 31411 MiB, 88.49 W, 2370 MHz, 12481 MHz, 35
2026/09/27 11:05:01.045, 1, 0 %, 29555 MiB, 94.53 W, 2362 MHz, 12481 MHz, 35
2026/09/27 11:05:01.295, 0, 0 %, 31411 MiB, 88.45 W, 2370 MHz, 12481 MHz, 35
2026/09/27 11:05:01.295, 1, 0 %, 29555 MiB, 94.57 W, 2362 MHz, 12481 MHz, 35
2026/09/27 11:05:01.545, 0, 1 %, 31443 MiB, 88.52 W, 2370 MHz, 12481 MHz, 35
2026/09/27 11:05:01.545, 1, 0 %, 29555 MiB, 94.64 W, 2362 MHz, 12481 MHz, 35
2026/09/27 11:05:01.795, 0, 0 %, 31443 MiB, 88.51 W, 2370 MHz, 12481 MHz, 35
2026/09/27 11:05:01.795, 1, 0 %, 29555 MiB, 94.64 W, 2362 MHz, 12481 MHz, 35
2026/09/27 11:05:02.045, 0, 0 %, 31475 MiB, 88.54 W, 2370 MHz, 12481 MHz, 35
2026/09/27 11:05:02.046, 1, 9 %, 31283 MiB, 95.49 W, 2362 MHz, 12481 MHz, 35
2026/09/27 11:05:02.296, 0, 0 %, 31475 MiB, 88.59 W, 2370 MHz, 12481 MHz, 35
2026/09/27 11:05:02.296, 1, 6 %, 31315 MiB, 97.52 W, 2362 MHz, 12481 MHz, 35
2026/09/27 11:05:02.546, 0, 0 %, 31475 MiB, 88.49 W, 2370 MHz, 12481 MHz, 35
2026/09/27 11:05:02.546, 1, 0 %, 31315 MiB, 97.43 W, 2362 MHz, 12481 MHz, 35
2026/09/27 11:05:02.796, 0, 0 %, 31475 MiB, 88.48 W, 2370 MHz, 12481 MHz, 35
2026/09/27 11:05:02.796, 1, 0 %, 31315 MiB, 97.45 W, 2362 MHz, 12481 MHz, 35
2026/09/27 11:05:03.046, 0, 0 %, 31475 MiB, 88.46 W, 2370 MHz, 12481 MHz, 35
2026/09/27 11:05:03.046, 1, 1 %, 31347 MiB, 99.10 W, 2362 MHz, 12481 MHz, 35
2026/09/27 11:05:03.296, 0, 0 %, 31475 MiB, 88.42 W, 2370 MHz, 12481 MHz, 35
2026/09/27 11:05:03.296, 1, 0 %, 31347 MiB, 97.03 W, 2362 MHz, 12481 MHz, 35
2026/09/27 11:05:03.546, 0, 0 %, 31475 MiB, 88.44 W, 2370 MHz, 12481 MHz, 35
2026/09/27 11:05:03.546, 1, 0 %, 31379 MiB, 97.07 W, 2362 MHz, 12481 MHz, 35
2026/09/27 11:05:03.796, 0, 0 %, 31475 MiB, 88.43 W, 2370 MHz, 12481 MHz, 35
2026/09/27 11:05:03.796, 1, 0 %, 31379 MiB, 97.08 W, 2362 MHz, 12481 MHz, 35
2026/09/27 11:05:04.046, 0, 0 %, 31475 MiB, 88.43 W, 2370 MHz, 12481 MHz, 35
2026/09/27 11:05:04.047, 1, 0 %, 31411 MiB, 94.63 W, 2362 MHz, 12481 MHz, 35
2026/09/27 11:05:04.297, 0, 0 %, 31475 MiB, 88.44 W, 2370 MHz, 12481 MHz, 35
2026/09/27 11:05:04.297, 1, 1 %, 31411 MiB, 94.57 W, 2362 MHz, 12481 MHz, 35
2026/09/27 11:05:04.547, 0, 0 %, 33203 MiB, 88.79 W, 2370 MHz, 12481 MHz, 35
2026/09/27 11:05:04.547, 1, 0 %, 31443 MiB, 97.29 W, 2362 MHz, 12481 MHz, 35
2026/09/27 11:05:04.797, 0, 18 %, 33203 MiB, 89.66 W, 2370 MHz, 12481 MHz, 35
2026/09/27 11:05:04.797, 1, 0 %, 31443 MiB, 106.78 W, 2370 MHz, 12481 MHz, 36
2026/09/27 11:05:05.047, 0, 0 %, 33203 MiB, 89.66 W, 2370 MHz, 12481 MHz, 35
2026/09/27 11:05:05.047, 1, 0 %, 31443 MiB, 107.11 W, 2370 MHz, 12481 MHz, 35
2026/09/27 11:05:05.297, 0, 0 %, 33235 MiB, 89.70 W, 2370 MHz, 12481 MHz, 35
2026/09/27 11:05:05.297, 1, 0 %, 31443 MiB, 106.90 W, 2362 MHz, 12481 MHz, 35
2026/09/27 11:05:05.547, 0, 0 %, 33235 MiB, 89.47 W, 2370 MHz, 12481 MHz, 35
2026/09/27 11:05:05.547, 1, 0 %, 31443 MiB, 104.37 W, 2362 MHz, 12481 MHz, 35
2026/09/27 11:05:05.797, 0, 0 %, 33235 MiB, 88.48 W, 2370 MHz, 12481 MHz, 35
2026/09/27 11:05:05.798, 1, 0 %, 31443 MiB, 94.68 W, 2362 MHz, 12481 MHz, 35
2026/09/27 11:05:06.048, 0, 0 %, 33267 MiB, 88.49 W, 2370 MHz, 12481 MHz, 35
2026/09/27 11:05:06.048, 1, 0 %, 31443 MiB, 94.57 W, 2362 MHz, 12481 MHz, 35
2026/09/27 11:05:06.298, 0, 0 %, 33267 MiB, 88.42 W, 2370 MHz, 12481 MHz, 35
2026/09/27 11:05:06.298, 1, 0 %, 31443 MiB, 94.59 W, 2362 MHz, 12481 MHz, 35
2026/09/27 11:05:06.548, 0, 0 %, 33299 MiB, 88.44 W, 2370 MHz, 12481 MHz, 35
2026/09/27 11:05:06.548, 1, 0 %, 31443 MiB, 94.62 W, 2362 MHz, 12481 MHz, 35
2026/09/27 11:05:06.798, 0, 0 %, 33331 MiB, 88.46 W, 2370 MHz, 12481 MHz, 35
2026/09/27 11:05:06.798, 1, 0 %, 31443 MiB, 94.55 W, 2362 MHz, 12481 MHz, 35
2026/09/27 11:05:07.048, 0, 0 %, 33331 MiB, 88.48 W, 2370 MHz, 12481 MHz, 35
2026/09/27 11:05:07.048, 1, 0 %, 33171 MiB, 95.26 W, 2362 MHz, 12481 MHz, 35
2026/09/27 11:05:07.298, 0, 0 %, 33331 MiB, 88.48 W, 2370 MHz, 12481 MHz, 35
2026/09/27 11:05:07.298, 1, 14 %, 33171 MiB, 100.20 W, 2370 MHz, 12481 MHz, 35
2026/09/27 11:05:07.548, 0, 0 %, 33331 MiB, 88.45 W, 2370 MHz, 12481 MHz, 35
2026/09/27 11:05:07.548, 1, 0 %, 33171 MiB, 100.20 W, 2370 MHz, 12481 MHz, 35
2026/09/27 11:05:07.798, 0, 0 %, 33331 MiB, 88.44 W, 2370 MHz, 12481 MHz, 35
2026/09/27 11:05:07.799, 1, 0 %, 33203 MiB, 102.46 W, 2370 MHz, 12481 MHz, 35
2026/09/27 11:05:08.049, 0, 0 %, 33331 MiB, 88.37 W, 2370 MHz, 12481 MHz, 35
2026/09/27 11:05:08.049, 1, 0 %, 33203 MiB, 101.93 W, 2370 MHz, 12481 MHz, 35
2026/09/27 11:05:08.299, 0, 0 %, 33331 MiB, 88.36 W, 2370 MHz, 12481 MHz, 35
2026/09/27 11:05:08.299, 1, 0 %, 33203 MiB, 97.00 W, 2362 MHz, 12481 MHz, 35
2026/09/27 11:05:08.549, 0, 0 %, 33331 MiB, 88.39 W, 2370 MHz, 12481 MHz, 35
2026/09/27 11:05:08.549, 1, 0 %, 33235 MiB, 107.45 W, 2362 MHz, 12481 MHz, 37
2026/09/27 11:05:08.799, 0, 0 %, 33331 MiB, 88.35 W, 2370 MHz, 12481 MHz, 35
2026/09/27 11:05:08.799, 1, 0 %, 33235 MiB, 111.78 W, 2370 MHz, 12481 MHz, 35
2026/09/27 11:05:09.049, 0, 0 %, 33331 MiB, 88.36 W, 2370 MHz, 12481 MHz, 35
2026/09/27 11:05:09.049, 1, 0 %, 33267 MiB, 111.82 W, 2370 MHz, 12481 MHz, 35
2026/09/27 11:05:09.299, 0, 0 %, 33331 MiB, 88.37 W, 2370 MHz, 12481 MHz, 35
2026/09/27 11:05:09.299, 1, 0 %, 33299 MiB, 117.78 W, 2370 MHz, 12481 MHz, 36
2026/09/27 11:05:09.549, 0, 14 %, 35059 MiB, 89.11 W, 2370 MHz, 12481 MHz, 35
2026/09/27 11:05:09.550, 1, 0 %, 33299 MiB, 119.25 W, 2370 MHz, 12481 MHz, 37
2026/09/27 11:05:09.800, 0, 6 %, 35091 MiB, 89.49 W, 2370 MHz, 12481 MHz, 35
2026/09/27 11:05:09.800, 1, 0 %, 33299 MiB, 128.14 W, 2377 MHz, 12481 MHz, 37
2026/09/27 11:05:10.050, 0, 0 %, 35091 MiB, 89.50 W, 2370 MHz, 12481 MHz, 35
2026/09/27 11:05:10.050, 1, 0 %, 33299 MiB, 127.59 W, 2377 MHz, 12481 MHz, 36
2026/09/27 11:05:10.300, 0, 0 %, 35091 MiB, 89.60 W, 2370 MHz, 12481 MHz, 35
2026/09/27 11:05:10.300, 1, 0 %, 33299 MiB, 122.97 W, 2370 MHz, 12481 MHz, 35
2026/09/27 11:05:10.550, 0, 1 %, 35123 MiB, 88.87 W, 2370 MHz, 12481 MHz, 35
2026/09/27 11:05:10.550, 1, 0 %, 33299 MiB, 111.10 W, 2370 MHz, 12481 MHz, 35
2026/09/27 11:05:10.800, 0, 0 %, 35123 MiB, 88.55 W, 2370 MHz, 12481 MHz, 35
2026/09/27 11:05:10.800, 1, 0 %, 33299 MiB, 94.79 W, 2362 MHz, 12481 MHz, 35
2026/09/27 11:05:11.050, 0, 0 %, 35155 MiB, 88.62 W, 2370 MHz, 12481 MHz, 35
2026/09/27 11:05:11.050, 1, 0 %, 33299 MiB, 94.58 W, 2362 MHz, 12481 MHz, 35
2026/09/27 11:05:11.300, 0, 0 %, 35155 MiB, 88.52 W, 2370 MHz, 12481 MHz, 35
2026/09/27 11:05:11.300, 1, 0 %, 33299 MiB, 94.57 W, 2362 MHz, 12481 MHz, 35
2026/09/27 11:05:11.551, 0, 0 %, 35187 MiB, 88.54 W, 2370 MHz, 12481 MHz, 35
2026/09/27 11:05:11.551, 1, 0 %, 33299 MiB, 94.57 W, 2362 MHz, 12481 MHz, 35
2026/09/27 11:05:11.801, 0, 1 %, 35187 MiB, 88.53 W, 2370 MHz, 12481 MHz, 35
2026/09/27 11:05:11.801, 1, 0 %, 33299 MiB, 94.57 W, 2362 MHz, 12481 MHz, 35
2026/09/27 11:05:12.051, 0, 0 %, 35219 MiB, 88.50 W, 2370 MHz, 12481 MHz, 35
2026/09/27 11:05:12.051, 1, 0 %, 33299 MiB, 94.54 W, 2362 MHz, 12481 MHz, 35
2026/09/27 11:05:12.301, 0, 0 %, 35219 MiB, 88.58 W, 2370 MHz, 12481 MHz, 35
2026/09/27 11:05:12.301, 1, 12 %, 35027 MiB, 95.61 W, 2362 MHz, 12481 MHz, 35
2026/09/27 11:05:12.554, 0, 0 %, 35219 MiB, 88.54 W, 2370 MHz, 12481 MHz, 35
2026/09/27 11:05:12.554, 1, 9 %, 35059 MiB, 103.02 W, 2362 MHz, 12481 MHz, 36
2026/09/27 11:05:12.804, 0, 0 %, 35219 MiB, 88.50 W, 2370 MHz, 12481 MHz, 35
2026/09/27 11:05:12.805, 1, 0 %, 35059 MiB, 108.25 W, 2370 MHz, 12481 MHz, 36
2026/09/27 11:05:13.055, 0, 0 %, 35219 MiB, 88.46 W, 2370 MHz, 12481 MHz, 35
2026/09/27 11:05:13.055, 1, 0 %, 35059 MiB, 108.29 W, 2370 MHz, 12481 MHz, 35
2026/09/27 11:05:13.305, 0, 0 %, 35219 MiB, 88.39 W, 2370 MHz, 12481 MHz, 35
2026/09/27 11:05:13.305, 1, 0 %, 35059 MiB, 107.48 W, 2362 MHz, 12481 MHz, 35
2026/09/27 11:05:13.555, 0, 0 %, 35219 MiB, 88.34 W, 2370 MHz, 12481 MHz, 35
2026/09/27 11:05:13.555, 1, 1 %, 35091 MiB, 99.89 W, 2362 MHz, 12481 MHz, 35
2026/09/27 11:05:13.805, 0, 0 %, 35219 MiB, 88.34 W, 2370 MHz, 12481 MHz, 35
2026/09/27 11:05:13.805, 1, 0 %, 35091 MiB, 94.60 W, 2362 MHz, 12481 MHz, 35
2026/09/27 11:05:14.055, 0, 0 %, 35219 MiB, 88.36 W, 2370 MHz, 12481 MHz, 35
2026/09/27 11:05:14.055, 1, 0 %, 35123 MiB, 94.56 W, 2362 MHz, 12481 MHz, 35
2026/09/27 11:05:14.305, 0, 0 %, 35219 MiB, 88.36 W, 2370 MHz, 12481 MHz, 35
2026/09/27 11:05:14.305, 1, 0 %, 35123 MiB, 94.53 W, 2362 MHz, 12481 MHz, 35
2026/09/27 11:05:14.556, 0, 0 %, 35219 MiB, 88.42 W, 2370 MHz, 12481 MHz, 35
2026/09/27 11:05:14.556, 1, 0 %, 35123 MiB, 94.58 W, 2362 MHz, 12481 MHz, 35
2026/09/27 11:05:14.806, 0, 0 %, 35219 MiB, 88.40 W, 2370 MHz, 12481 MHz, 35
2026/09/27 11:05:14.806, 1, 0 %, 35155 MiB, 94.66 W, 2362 MHz, 12481 MHz, 35
2026/09/27 11:05:15.056, 0, 0 %, 36947 MiB, 88.39 W, 2370 MHz, 12481 MHz, 35
2026/09/27 11:05:15.056, 1, 0 %, 35187 MiB, 94.67 W, 2362 MHz, 12481 MHz, 35
2026/09/27 11:05:15.306, 0, 15 %, 36979 MiB, 89.56 W, 2370 MHz, 12481 MHz, 35
2026/09/27 11:05:15.306, 1, 0 %, 35187 MiB, 94.72 W, 2362 MHz, 12481 MHz, 35
2026/09/27 11:05:15.556, 0, 0 %, 36979 MiB, 89.56 W, 2370 MHz, 12481 MHz, 35
2026/09/27 11:05:15.556, 1, 0 %, 35187 MiB, 94.72 W, 2362 MHz, 12481 MHz, 35
2026/09/27 11:05:15.806, 0, 0 %, 36979 MiB, 89.64 W, 2370 MHz, 12481 MHz, 35
2026/09/27 11:05:15.806, 1, 0 %, 35187 MiB, 94.64 W, 2362 MHz, 12481 MHz, 35
2026/09/27 11:05:16.056, 0, 0 %, 37011 MiB, 89.62 W, 2370 MHz, 12481 MHz, 35
2026/09/27 11:05:16.056, 1, 0 %, 35187 MiB, 94.62 W, 2362 MHz, 12481 MHz, 35
2026/09/27 11:05:16.306, 0, 0 %, 37011 MiB, 88.43 W, 2370 MHz, 12481 MHz, 35
2026/09/27 11:05:16.306, 1, 0 %, 35187 MiB, 94.60 W, 2362 MHz, 12481 MHz, 35
2026/09/27 11:05:16.556, 0, 0 %, 37043 MiB, 88.47 W, 2370 MHz, 12481 MHz, 35
2026/09/27 11:05:16.557, 1, 0 %, 35187 MiB, 94.54 W, 2362 MHz, 12481 MHz, 35
2026/09/27 11:05:16.807, 0, 0 %, 37043 MiB, 88.39 W, 2370 MHz, 12481 MHz, 35
2026/09/27 11:05:16.807, 1, 0 %, 35187 MiB, 94.42 W, 2362 MHz, 12481 MHz, 35
2026/09/27 11:05:17.057, 0, 0 %, 37075 MiB, 88.36 W, 2370 MHz, 12481 MHz, 35
2026/09/27 11:05:17.057, 1, 0 %, 35187 MiB, 94.44 W, 2362 MHz, 12481 MHz, 35
2026/09/27 11:05:17.307, 0, 0 %, 37075 MiB, 88.42 W, 2370 MHz, 12481 MHz, 35
2026/09/27 11:05:17.307, 1, 0 %, 35187 MiB, 94.46 W, 2362 MHz, 12481 MHz, 35
2026/09/27 11:05:17.557, 0, 0 %, 37075 MiB, 88.38 W, 2370 MHz, 12481 MHz, 35
2026/09/27 11:05:17.557, 1, 0 %, 36915 MiB, 94.87 W, 2362 MHz, 12481 MHz, 35
2026/09/27 11:05:17.807, 0, 0 %, 37075 MiB, 88.37 W, 2370 MHz, 12481 MHz, 35
2026/09/27 11:05:17.807, 1, 0 %, 36947 MiB, 95.72 W, 2362 MHz, 12481 MHz, 35
2026/09/27 11:05:18.057, 0, 0 %, 37075 MiB, 88.43 W, 2370 MHz, 12481 MHz, 35
2026/09/27 11:05:18.057, 1, 0 %, 36947 MiB, 95.76 W, 2362 MHz, 12481 MHz, 35
2026/09/27 11:05:18.308, 0, 0 %, 37075 MiB, 88.35 W, 2370 MHz, 12481 MHz, 35
2026/09/27 11:05:18.308, 1, 0 %, 36979 MiB, 95.73 W, 2362 MHz, 12481 MHz, 35
2026/09/27 11:05:18.558, 0, 0 %, 37075 MiB, 88.32 W, 2370 MHz, 12481 MHz, 35
2026/09/27 11:05:18.558, 1, 1 %, 36979 MiB, 95.48 W, 2362 MHz, 12481 MHz, 35
2026/09/27 11:05:18.808, 0, 0 %, 37075 MiB, 88.32 W, 2370 MHz, 12481 MHz, 35
2026/09/27 11:05:18.808, 1, 0 %, 36979 MiB, 94.59 W, 2362 MHz, 12481 MHz, 35
2026/09/27 11:05:19.058, 0, 0 %, 37075 MiB, 88.30 W, 2370 MHz, 12481 MHz, 35
2026/09/27 11:05:19.058, 1, 0 %, 37011 MiB, 94.56 W, 2362 MHz, 12481 MHz, 35
2026/09/27 11:05:19.308, 0, 0 %, 37075 MiB, 88.40 W, 2370 MHz, 12481 MHz, 35
2026/09/27 11:05:19.308, 1, 0 %, 37011 MiB, 94.60 W, 2362 MHz, 12481 MHz, 35
2026/09/27 11:05:19.559, 0, 0 %, 37075 MiB, 88.41 W, 2370 MHz, 12481 MHz, 35
2026/09/27 11:05:19.559, 1, 0 %, 37043 MiB, 94.57 W, 2362 MHz, 12481 MHz, 35
2026/09/27 11:05:19.809, 0, 0 %, 37075 MiB, 88.43 W, 2370 MHz, 12481 MHz, 35
2026/09/27 11:05:19.809, 1, 0 %, 37043 MiB, 94.63 W, 2362 MHz, 12481 MHz, 35
2026/09/27 11:05:20.059, 0, 0 %, 38387 MiB, 88.42 W, 2370 MHz, 12481 MHz, 35
2026/09/27 11:05:20.059, 1, 0 %, 37043 MiB, 94.57 W, 2362 MHz, 12481 MHz, 35
2026/09/27 11:05:20.309, 0, 17 %, 38835 MiB, 89.42 W, 2370 MHz, 12481 MHz, 35
2026/09/27 11:05:20.310, 1, 0 %, 37043 MiB, 95.11 W, 2362 MHz, 12481 MHz, 35
2026/09/27 11:05:20.560, 0, 0 %, 38835 MiB, 89.38 W, 2370 MHz, 12481 MHz, 35
2026/09/27 11:05:20.560, 1, 0 %, 37043 MiB, 95.11 W, 2362 MHz, 12481 MHz, 35
2026/09/27 11:05:20.810, 0, 0 %, 38867 MiB, 89.42 W, 2370 MHz, 12481 MHz, 35
2026/09/27 11:05:20.810, 1, 0 %, 37043 MiB, 95.06 W, 2362 MHz, 12481 MHz, 35
2026/09/27 11:05:21.060, 0, 0 %, 38867 MiB, 89.47 W, 2370 MHz, 12481 MHz, 35
2026/09/27 11:05:21.060, 1, 0 %, 37043 MiB, 95.04 W, 2362 MHz, 12481 MHz, 35
2026/09/27 11:05:21.310, 0, 0 %, 38899 MiB, 88.48 W, 2370 MHz, 12481 MHz, 35
2026/09/27 11:05:21.311, 1, 0 %, 37043 MiB, 94.51 W, 2362 MHz, 12481 MHz, 35
2026/09/27 11:05:21.561, 0, 0 %, 38899 MiB, 88.48 W, 2370 MHz, 12481 MHz, 35
2026/09/27 11:05:21.561, 1, 0 %, 37043 MiB, 94.48 W, 2362 MHz, 12481 MHz, 35
2026/09/27 11:05:21.811, 0, 0 %, 38899 MiB, 88.48 W, 2370 MHz, 12481 MHz, 35
2026/09/27 11:05:21.811, 1, 0 %, 37043 MiB, 94.44 W, 2362 MHz, 12481 MHz, 35
2026/09/27 11:05:22.061, 0, 0 %, 38931 MiB, 88.45 W, 2370 MHz, 12481 MHz, 35
2026/09/27 11:05:22.061, 1, 0 %, 37043 MiB, 94.44 W, 2362 MHz, 12481 MHz, 35
2026/09/27 11:05:22.311, 0, 0 %, 38931 MiB, 88.46 W, 2370 MHz, 12481 MHz, 35
2026/09/27 11:05:22.311, 1, 0 %, 37043 MiB, 94.45 W, 2362 MHz, 12481 MHz, 35
2026/09/27 11:05:22.562, 0, 0 %, 38963 MiB, 88.54 W, 2370 MHz, 12481 MHz, 35
2026/09/27 11:05:22.562, 1, 0 %, 37043 MiB, 94.51 W, 2362 MHz, 12481 MHz, 35
2026/09/27 11:05:22.812, 0, 0 %, 38963 MiB, 88.50 W, 2370 MHz, 12481 MHz, 35
2026/09/27 11:05:22.812, 1, 0 %, 37043 MiB, 94.49 W, 2362 MHz, 12481 MHz, 35
2026/09/27 11:05:23.062, 0, 0 %, 38995 MiB, 88.59 W, 2370 MHz, 12481 MHz, 35
2026/09/27 11:05:23.062, 1, 17 %, 38803 MiB, 95.14 W, 2362 MHz, 12481 MHz, 35
2026/09/27 11:05:23.312, 0, 0 %, 38995 MiB, 88.57 W, 2370 MHz, 12481 MHz, 35
2026/09/27 11:05:23.312, 1, 0 %, 38835 MiB, 104.46 W, 2370 MHz, 12481 MHz, 37
2026/09/27 11:05:23.562, 0, 0 %, 38995 MiB, 88.54 W, 2370 MHz, 12481 MHz, 35
2026/09/27 11:05:23.562, 1, 0 %, 38835 MiB, 105.04 W, 2370 MHz, 12481 MHz, 35
2026/09/27 11:05:23.812, 0, 0 %, 38995 MiB, 88.51 W, 2370 MHz, 12481 MHz, 35
2026/09/27 11:05:23.812, 1, 0 %, 38835 MiB, 105.10 W, 2362 MHz, 12481 MHz, 35
2026/09/27 11:05:24.063, 0, 0 %, 38995 MiB, 88.42 W, 2370 MHz, 12481 MHz, 35
2026/09/27 11:05:24.063, 1, 0 %, 38867 MiB, 110.57 W, 2362 MHz, 12481 MHz, 36
2026/09/27 11:05:24.313, 0, 0 %, 38995 MiB, 88.43 W, 2370 MHz, 12481 MHz, 35
2026/09/27 11:05:24.313, 1, 0 %, 38867 MiB, 101.30 W, 2362 MHz, 12481 MHz, 35
2026/09/27 11:05:24.563, 0, 0 %, 38995 MiB, 88.37 W, 2370 MHz, 12481 MHz, 35
2026/09/27 11:05:24.563, 1, 0 %, 38899 MiB, 101.54 W, 2362 MHz, 12481 MHz, 35
2026/09/27 11:05:24.813, 0, 0 %, 38995 MiB, 88.36 W, 2370 MHz, 12481 MHz, 35
2026/09/27 11:05:24.813, 1, 0 %, 38899 MiB, 101.75 W, 2362 MHz, 12481 MHz, 35
2026/09/27 11:05:25.064, 0, 0 %, 38995 MiB, 88.38 W, 2370 MHz, 12481 MHz, 35
2026/09/27 11:05:25.064, 1, 0 %, 38931 MiB, 96.04 W, 2362 MHz, 12481 MHz, 35
2026/09/27 11:05:25.314, 0, 0 %, 38995 MiB, 88.36 W, 2370 MHz, 12481 MHz, 35
2026/09/27 11:05:25.314, 1, 0 %, 38931 MiB, 96.64 W, 2362 MHz, 12481 MHz, 35
2026/09/27 11:05:25.564, 0, 0 %, 40723 MiB, 88.39 W, 2370 MHz, 12481 MHz, 35
2026/09/27 11:05:25.564, 1, 0 %, 38963 MiB, 96.78 W, 2362 MHz, 12481 MHz, 35
2026/09/27 11:05:25.814, 0, 21 %, 40723 MiB, 89.58 W, 2370 MHz, 12481 MHz, 35
2026/09/27 11:05:25.814, 1, 0 %, 38963 MiB, 95.75 W, 2362 MHz, 12481 MHz, 35
2026/09/27 11:05:26.064, 0, 0 %, 40723 MiB, 89.59 W, 2370 MHz, 12481 MHz, 35
2026/09/27 11:05:26.064, 1, 0 %, 38963 MiB, 95.69 W, 2362 MHz, 12481 MHz, 35
2026/09/27 11:05:26.314, 0, 0 %, 40755 MiB, 89.64 W, 2370 MHz, 12481 MHz, 35
2026/09/27 11:05:26.314, 1, 0 %, 38963 MiB, 94.77 W, 2362 MHz, 12481 MHz, 35
2026/09/27 11:05:26.565, 0, 1 %, 40755 MiB, 89.59 W, 2370 MHz, 12481 MHz, 35
2026/09/27 11:05:26.565, 1, 0 %, 38963 MiB, 94.65 W, 2362 MHz, 12481 MHz, 35
2026/09/27 11:05:26.815, 0, 0 %, 40755 MiB, 88.43 W, 2370 MHz, 12481 MHz, 35
2026/09/27 11:05:26.815, 1, 0 %, 38963 MiB, 94.48 W, 2362 MHz, 12481 MHz, 35
2026/09/27 11:05:27.065, 0, 0 %, 40755 MiB, 88.45 W, 2370 MHz, 12481 MHz, 35
2026/09/27 11:05:27.065, 1, 0 %, 38963 MiB, 94.48 W, 2362 MHz, 12481 MHz, 35
2026/09/27 11:05:27.315, 0, 1 %, 40787 MiB, 88.43 W, 2370 MHz, 12481 MHz, 35
2026/09/27 11:05:27.316, 1, 0 %, 38963 MiB, 94.42 W, 2362 MHz, 12481 MHz, 35
2026/09/27 11:05:27.566, 0, 0 %, 40787 MiB, 88.46 W, 2370 MHz, 12481 MHz, 35
2026/09/27 11:05:27.566, 1, 0 %, 38963 MiB, 94.35 W, 2362 MHz, 12481 MHz, 35
2026/09/27 11:05:27.816, 0, 0 %, 40819 MiB, 88.45 W, 2370 MHz, 12481 MHz, 35
2026/09/27 11:05:27.816, 1, 0 %, 38963 MiB, 94.38 W, 2362 MHz, 12481 MHz, 35
2026/09/27 11:05:28.066, 0, 1 %, 40819 MiB, 88.46 W, 2370 MHz, 12481 MHz, 35
2026/09/27 11:05:28.066, 1, 0 %, 38963 MiB, 94.41 W, 2362 MHz, 12481 MHz, 35
2026/09/27 11:05:28.316, 0, 0 %, 40851 MiB, 88.50 W, 2370 MHz, 12481 MHz, 35
2026/09/27 11:05:28.316, 1, 0 %, 40691 MiB, 94.87 W, 2362 MHz, 12481 MHz, 35
2026/09/27 11:05:28.567, 0, 0 %, 40851 MiB, 88.48 W, 2370 MHz, 12481 MHz, 35
2026/09/27 11:05:28.567, 1, 19 %, 40691 MiB, 95.55 W, 2362 MHz, 12481 MHz, 35
2026/09/27 11:05:28.817, 0, 0 %, 40851 MiB, 88.51 W, 2370 MHz, 12481 MHz, 35
2026/09/27 11:05:28.817, 1, 0 %, 40691 MiB, 95.55 W, 2362 MHz, 12481 MHz, 35
2026/09/27 11:05:29.067, 0, 0 %, 40851 MiB, 88.52 W, 2370 MHz, 12481 MHz, 35
2026/09/27 11:05:29.067, 1, 0 %, 40723 MiB, 95.56 W, 2362 MHz, 12481 MHz, 35
2026/09/27 11:05:29.317, 0, 0 %, 40851 MiB, 88.46 W, 2370 MHz, 12481 MHz, 35
2026/09/27 11:05:29.317, 1, 0 %, 40723 MiB, 95.06 W, 2362 MHz, 12481 MHz, 35
2026/09/27 11:05:29.567, 0, 0 %, 40851 MiB, 88.45 W, 2370 MHz, 12481 MHz, 35
2026/09/27 11:05:29.567, 1, 0 %, 40723 MiB, 94.37 W, 2362 MHz, 12481 MHz, 35
2026/09/27 11:05:29.817, 0, 0 %, 40851 MiB, 88.46 W, 2370 MHz, 12481 MHz, 35
2026/09/27 11:05:29.818, 1, 0 %, 40755 MiB, 94.42 W, 2362 MHz, 12481 MHz, 35
2026/09/27 11:05:30.068, 0, 0 %, 40851 MiB, 88.42 W, 2370 MHz, 12481 MHz, 35
2026/09/27 11:05:30.068, 1, 0 %, 40755 MiB, 94.42 W, 2362 MHz, 12481 MHz, 35
2026/09/27 11:05:30.318, 0, 0 %, 40851 MiB, 88.42 W, 2370 MHz, 12481 MHz, 35
2026/09/27 11:05:30.318, 1, 0 %, 40787 MiB, 94.44 W, 2362 MHz, 12481 MHz, 35
2026/09/27 11:05:30.568, 0, 0 %, 40851 MiB, 88.39 W, 2370 MHz, 12481 MHz, 35
2026/09/27 11:05:30.568, 1, 0 %, 40819 MiB, 95.90 W, 2362 MHz, 12481 MHz, 36
2026/09/27 11:05:30.818, 0, 0 %, 42579 MiB, 89.19 W, 2370 MHz, 12481 MHz, 35
2026/09/27 11:05:30.818, 1, 0 %, 40819 MiB, 96.88 W, 2362 MHz, 12481 MHz, 35
2026/09/27 11:05:31.069, 0, 21 %, 42611 MiB, 89.45 W, 2370 MHz, 12481 MHz, 35
2026/09/27 11:05:31.069, 1, 0 %, 40819 MiB, 96.85 W, 2362 MHz, 12481 MHz, 35
2026/09/27 11:05:31.319, 0, 0 %, 42611 MiB, 89.45 W, 2370 MHz, 12481 MHz, 35
2026/09/27 11:05:31.319, 1, 0 %, 40819 MiB, 96.84 W, 2362 MHz, 12481 MHz, 35
2026/09/27 11:05:31.569, 0, 0 %, 42611 MiB, 89.56 W, 2370 MHz, 12481 MHz, 35
2026/09/27 11:05:31.569, 1, 0 %, 40819 MiB, 95.38 W, 2362 MHz, 12481 MHz, 35
2026/09/27 11:05:31.819, 0, 0 %, 42643 MiB, 88.86 W, 2370 MHz, 12481 MHz, 35
2026/09/27 11:05:31.819, 1, 0 %, 40819 MiB, 94.32 W, 2362 MHz, 12481 MHz, 35
2026/09/27 11:05:32.069, 0, 0 %, 42643 MiB, 88.51 W, 2370 MHz, 12481 MHz, 35
2026/09/27 11:05:32.070, 1, 0 %, 40819 MiB, 94.36 W, 2362 MHz, 12481 MHz, 35
2026/09/27 11:05:32.320, 0, 0 %, 42675 MiB, 88.55 W, 2370 MHz, 12481 MHz, 35
2026/09/27 11:05:32.320, 1, 0 %, 40819 MiB, 94.44 W, 2362 MHz, 12481 MHz, 35
2026/09/27 11:05:32.570, 0, 0 %, 42675 MiB, 88.47 W, 2370 MHz, 12481 MHz, 35
2026/09/27 11:05:32.570, 1, 0 %, 40819 MiB, 94.45 W, 2362 MHz, 12481 MHz, 35
2026/09/27 11:05:32.820, 0, 0 %, 42675 MiB, 88.41 W, 2370 MHz, 12481 MHz, 35
2026/09/27 11:05:32.820, 1, 0 %, 40819 MiB, 94.45 W, 2362 MHz, 12481 MHz, 35
2026/09/27 11:05:33.071, 0, 0 %, 42707 MiB, 88.36 W, 2370 MHz, 12481 MHz, 35
2026/09/27 11:05:33.071, 1, 0 %, 40819 MiB, 94.41 W, 2362 MHz, 12481 MHz, 35
2026/09/27 11:05:33.322, 0, 0 %, 42707 MiB, 88.31 W, 2370 MHz, 12481 MHz, 35
2026/09/27 11:05:33.322, 1, 0 %, 40819 MiB, 94.39 W, 2362 MHz, 12481 MHz, 35
2026/09/27 11:05:33.572, 0, 0 %, 42739 MiB, 88.33 W, 2370 MHz, 12481 MHz, 35
2026/09/27 11:05:33.573, 1, 0 %, 40819 MiB, 94.38 W, 2362 MHz, 12481 MHz, 35
2026/09/27 11:05:33.823, 0, 0 %, 42739 MiB, 88.33 W, 2370 MHz, 12481 MHz, 35
2026/09/27 11:05:33.823, 1, 17 %, 42547 MiB, 95.12 W, 2362 MHz, 12481 MHz, 35
2026/09/27 11:05:34.073, 0, 0 %, 42739 MiB, 88.37 W, 2370 MHz, 12481 MHz, 35
2026/09/27 11:05:34.073, 1, 0 %, 42579 MiB, 95.84 W, 2362 MHz, 12481 MHz, 35
2026/09/27 11:05:34.323, 0, 0 %, 42739 MiB, 88.36 W, 2370 MHz, 12481 MHz, 35
2026/09/27 11:05:34.323, 1, 0 %, 42579 MiB, 95.75 W, 2362 MHz, 12481 MHz, 35
2026/09/27 11:05:34.573, 0, 0 %, 42739 MiB, 88.40 W, 2370 MHz, 12481 MHz, 35
2026/09/27 11:05:34.573, 1, 0 %, 42579 MiB, 95.85 W, 2362 MHz, 12481 MHz, 35
2026/09/27 11:05:34.824, 0, 0 %, 42739 MiB, 88.39 W, 2370 MHz, 12481 MHz, 35
2026/09/27 11:05:34.824, 1, 0 %, 42611 MiB, 95.14 W, 2362 MHz, 12481 MHz, 35
2026/09/27 11:05:35.074, 0, 0 %, 42739 MiB, 88.36 W, 2370 MHz, 12481 MHz, 35
2026/09/27 11:05:35.074, 1, 0 %, 42611 MiB, 94.47 W, 2362 MHz, 12481 MHz, 35
2026/09/27 11:05:35.324, 0, 0 %, 42739 MiB, 88.39 W, 2370 MHz, 12481 MHz, 35
2026/09/27 11:05:35.324, 1, 0 %, 42643 MiB, 94.47 W, 2362 MHz, 12481 MHz, 35
2026/09/27 11:05:35.574, 0, 0 %, 42739 MiB, 88.42 W, 2370 MHz, 12481 MHz, 35
2026/09/27 11:05:35.574, 1, 0 %, 42643 MiB, 94.49 W, 2362 MHz, 12481 MHz, 35
2026/09/27 11:05:35.824, 0, 0 %, 42739 MiB, 88.41 W, 2370 MHz, 12481 MHz, 35
2026/09/27 11:05:35.824, 1, 0 %, 42643 MiB, 94.50 W, 2362 MHz, 12481 MHz, 35
2026/09/27 11:05:36.074, 0, 0 %, 42739 MiB, 88.41 W, 2370 MHz, 12481 MHz, 35
2026/09/27 11:05:36.074, 1, 0 %, 42675 MiB, 94.45 W, 2362 MHz, 12481 MHz, 35
2026/09/27 11:05:36.324, 0, 0 %, 44467 MiB, 88.38 W, 2370 MHz, 12481 MHz, 35
2026/09/27 11:05:36.324, 1, 0 %, 42707 MiB, 106.04 W, 2370 MHz, 12481 MHz, 36
2026/09/27 11:05:36.574, 0, 22 %, 44467 MiB, 89.56 W, 2370 MHz, 12481 MHz, 35
2026/09/27 11:05:36.574, 1, 0 %, 42707 MiB, 106.97 W, 2370 MHz, 12481 MHz, 35
2026/09/27 11:05:36.825, 0, 0 %, 44467 MiB, 89.58 W, 2370 MHz, 12481 MHz, 35
2026/09/27 11:05:36.825, 1, 0 %, 42707 MiB, 107.21 W, 2362 MHz, 12481 MHz, 35
2026/09/27 11:05:37.075, 0, 0 %, 44467 MiB, 89.60 W, 2370 MHz, 12481 MHz, 35
2026/09/27 11:05:37.075, 1, 0 %, 42707 MiB, 106.98 W, 2362 MHz, 12481 MHz, 35
2026/09/27 11:05:37.325, 0, 0 %, 44531 MiB, 89.60 W, 2370 MHz, 12481 MHz, 35
2026/09/27 11:05:37.325, 1, 0 %, 42707 MiB, 96.83 W, 2362 MHz, 12481 MHz, 35
2026/09/27 11:05:37.575, 0, 0 %, 44531 MiB, 88.39 W, 2370 MHz, 12481 MHz, 35
2026/09/27 11:05:37.575, 1, 0 %, 42707 MiB, 94.48 W, 2362 MHz, 12481 MHz, 35
2026/09/27 11:05:37.825, 0, 0 %, 44563 MiB, 88.38 W, 2370 MHz, 12481 MHz, 35
2026/09/27 11:05:37.825, 1, 0 %, 42707 MiB, 94.44 W, 2362 MHz, 12481 MHz, 35
2026/09/27 11:05:38.075, 0, 0 %, 44563 MiB, 88.36 W, 2370 MHz, 12481 MHz, 35
2026/09/27 11:05:38.076, 1, 0 %, 42707 MiB, 94.48 W, 2362 MHz, 12481 MHz, 35
2026/09/27 11:05:38.326, 0, 0 %, 44595 MiB, 88.34 W, 2370 MHz, 12481 MHz, 35
2026/09/27 11:05:38.326, 1, 0 %, 42707 MiB, 94.51 W, 2362 MHz, 12481 MHz, 35
2026/09/27 11:05:38.576, 0, 0 %, 44595 MiB, 88.39 W, 2370 MHz, 12481 MHz, 35
2026/09/27 11:05:38.576, 1, 0 %, 42707 MiB, 94.52 W, 2362 MHz, 12481 MHz, 35
2026/09/27 11:05:38.826, 0, 0 %, 44595 MiB, 88.44 W, 2370 MHz, 12481 MHz, 35
2026/09/27 11:05:38.826, 1, 18 %, 44435 MiB, 95.14 W, 2362 MHz, 12481 MHz, 35
2026/09/27 11:05:39.076, 0, 0 %, 44595 MiB, 88.45 W, 2370 MHz, 12481 MHz, 35
2026/09/27 11:05:39.076, 1, 0 %, 44435 MiB, 95.97 W, 2362 MHz, 12481 MHz, 35
2026/09/27 11:05:39.326, 0, 0 %, 44595 MiB, 88.46 W, 2370 MHz, 12481 MHz, 35
2026/09/27 11:05:39.326, 1, 0 %, 44435 MiB, 96.00 W, 2362 MHz, 12481 MHz, 35
2026/09/27 11:05:39.576, 0, 0 %, 44595 MiB, 88.44 W, 2370 MHz, 12481 MHz, 35
2026/09/27 11:05:39.576, 1, 0 %, 44499 MiB, 95.95 W, 2362 MHz, 12481 MHz, 35
2026/09/27 11:05:39.826, 0, 0 %, 44595 MiB, 88.39 W, 2370 MHz, 12481 MHz, 35
2026/09/27 11:05:39.827, 1, 0 %, 44499 MiB, 112.02 W, 2377 MHz, 12481 MHz, 37
2026/09/27 11:05:40.077, 0, 0 %, 44595 MiB, 88.40 W, 2370 MHz, 12481 MHz, 35
2026/09/27 11:05:40.077, 1, 0 %, 44499 MiB, 111.94 W, 2377 MHz, 12481 MHz, 35
2026/09/27 11:05:40.327, 0, 0 %, 44595 MiB, 88.40 W, 2370 MHz, 12481 MHz, 35
2026/09/27 11:05:40.327, 1, 1 %, 44531 MiB, 111.67 W, 2362 MHz, 12481 MHz, 35
2026/09/27 11:05:40.577, 0, 0 %, 44595 MiB, 88.42 W, 2370 MHz, 12481 MHz, 35
2026/09/27 11:05:40.577, 1, 0 %, 44531 MiB, 112.00 W, 2362 MHz, 12481 MHz, 35
2026/09/27 11:05:40.827, 0, 0 %, 44595 MiB, 88.41 W, 2370 MHz, 12481 MHz, 35
2026/09/27 11:05:40.827, 1, 1 %, 44563 MiB, 96.63 W, 2362 MHz, 12481 MHz, 35
2026/09/27 11:05:41.077, 0, 0 %, 44595 MiB, 88.41 W, 2370 MHz, 12481 MHz, 35
2026/09/27 11:05:41.077, 1, 0 %, 44563 MiB, 94.74 W, 2362 MHz, 12481 MHz, 35
2026/09/27 11:05:41.327, 0, 21 %, 46355 MiB, 89.44 W, 2370 MHz, 12481 MHz, 35
2026/09/27 11:05:41.327, 1, 0 %, 44563 MiB, 104.25 W, 2370 MHz, 12481 MHz, 37
2026/09/27 11:05:41.577, 0, 0 %, 46387 MiB, 89.45 W, 2370 MHz, 12481 MHz, 35
2026/09/27 11:05:41.577, 1, 0 %, 44563 MiB, 116.46 W, 2370 MHz, 12481 MHz, 37
2026/09/27 11:05:41.828, 0, 0 %, 46387 MiB, 89.43 W, 2370 MHz, 12481 MHz, 35
2026/09/27 11:05:41.828, 1, 0 %, 44563 MiB, 134.92 W, 2377 MHz, 12481 MHz, 37
2026/09/27 11:05:42.078, 0, 0 %, 46419 MiB, 89.43 W, 2370 MHz, 12481 MHz, 35
2026/09/27 11:05:42.078, 1, 0 %, 44563 MiB, 146.18 W, 2377 MHz, 12481 MHz, 37
2026/09/27 11:05:42.328, 0, 0 %, 46419 MiB, 88.41 W, 2370 MHz, 12481 MHz, 35
2026/09/27 11:05:42.328, 1, 0 %, 44563 MiB, 156.05 W, 2377 MHz, 12481 MHz, 37
2026/09/27 11:05:42.578, 0, 0 %, 46419 MiB, 88.31 W, 2370 MHz, 12481 MHz, 35
2026/09/27 11:05:42.578, 1, 0 %, 44563 MiB, 146.89 W, 2377 MHz, 12481 MHz, 35
2026/09/27 11:05:42.828, 0, 0 %, 46451 MiB, 88.32 W, 2370 MHz, 12481 MHz, 35
2026/09/27 11:05:42.828, 1, 0 %, 44563 MiB, 128.86 W, 2362 MHz, 12481 MHz, 35
2026/09/27 11:05:43.078, 0, 0 %, 46451 MiB, 88.29 W, 2370 MHz, 12481 MHz, 35
2026/09/27 11:05:43.078, 1, 0 %, 44563 MiB, 116.06 W, 2362 MHz, 12481 MHz, 35
2026/09/27 11:05:43.328, 0, 0 %, 46483 MiB, 88.32 W, 2370 MHz, 12481 MHz, 35
2026/09/27 11:05:43.328, 1, 0 %, 44563 MiB, 97.61 W, 2362 MHz, 12481 MHz, 35
2026/09/27 11:05:43.579, 0, 0 %, 46483 MiB, 88.32 W, 2370 MHz, 12481 MHz, 35
2026/09/27 11:05:43.579, 1, 0 %, 44563 MiB, 94.65 W, 2362 MHz, 12481 MHz, 35
2026/09/27 11:05:43.829, 0, 0 %, 46483 MiB, 88.32 W, 2370 MHz, 12481 MHz, 35
2026/09/27 11:05:43.829, 1, 22 %, 46291 MiB, 95.39 W, 2362 MHz, 12481 MHz, 35
2026/09/27 11:05:44.079, 0, 0 %, 46483 MiB, 88.36 W, 2370 MHz, 12481 MHz, 35
2026/09/27 11:05:44.079, 1, 0 %, 46355 MiB, 97.57 W, 2362 MHz, 12481 MHz, 35
2026/09/27 11:05:44.329, 0, 0 %, 46483 MiB, 88.29 W, 2370 MHz, 12481 MHz, 35
2026/09/27 11:05:44.329, 1, 0 %, 46355 MiB, 97.73 W, 2362 MHz, 12481 MHz, 35
2026/09/27 11:05:44.579, 0, 0 %, 46483 MiB, 88.26 W, 2370 MHz, 12481 MHz, 35
2026/09/27 11:05:44.579, 1, 0 %, 46355 MiB, 97.71 W, 2362 MHz, 12481 MHz, 35
2026/09/27 11:05:44.829, 0, 0 %, 46483 MiB, 88.22 W, 2370 MHz, 12481 MHz, 35
2026/09/27 11:05:44.829, 1, 0 %, 46387 MiB, 96.96 W, 2362 MHz, 12481 MHz, 35
2026/09/27 11:05:45.079, 0, 0 %, 46483 MiB, 88.19 W, 2370 MHz, 12481 MHz, 35
2026/09/27 11:05:45.079, 1, 0 %, 46387 MiB, 94.71 W, 2362 MHz, 12481 MHz, 35
2026/09/27 11:05:45.329, 0, 0 %, 46483 MiB, 88.20 W, 2370 MHz, 12481 MHz, 35
2026/09/27 11:05:45.330, 1, 0 %, 46419 MiB, 94.52 W, 2362 MHz, 12481 MHz, 35
2026/09/27 11:05:45.580, 0, 0 %, 46483 MiB, 88.24 W, 2370 MHz, 12481 MHz, 35
2026/09/27 11:05:45.580, 1, 0 %, 46419 MiB, 94.54 W, 2362 MHz, 12481 MHz, 35
2026/09/27 11:05:45.830, 0, 0 %, 46483 MiB, 88.30 W, 2370 MHz, 12481 MHz, 35
2026/09/27 11:05:45.830, 1, 0 %, 46451 MiB, 94.54 W, 2362 MHz, 12481 MHz, 35
2026/09/27 11:05:46.080, 0, 0 %, 46483 MiB, 88.27 W, 2370 MHz, 12481 MHz, 35
2026/09/27 11:05:46.080, 1, 0 %, 46451 MiB, 95.81 W, 2362 MHz, 12481 MHz, 36
2026/09/27 11:05:46.330, 0, 0 %, 48243 MiB, 88.65 W, 2370 MHz, 12481 MHz, 35
2026/09/27 11:05:46.330, 1, 0 %, 46451 MiB, 103.53 W, 2370 MHz, 12481 MHz, 35
2026/09/27 11:05:46.580, 0, 19 %, 48243 MiB, 89.29 W, 2370 MHz, 12481 MHz, 35
2026/09/27 11:05:46.580, 1, 0 %, 46451 MiB, 103.50 W, 2370 MHz, 12481 MHz, 35
2026/09/27 11:05:46.830, 0, 0 %, 48243 MiB, 89.23 W, 2370 MHz, 12481 MHz, 35
2026/09/27 11:05:46.830, 1, 0 %, 46451 MiB, 103.51 W, 2362 MHz, 12481 MHz, 35
2026/09/27 11:05:47.080, 0, 0 %, 48275 MiB, 89.25 W, 2370 MHz, 12481 MHz, 35
2026/09/27 11:05:47.081, 1, 0 %, 46451 MiB, 103.00 W, 2362 MHz, 12481 MHz, 35
2026/09/27 11:05:47.331, 0, 0 %, 48275 MiB, 88.95 W, 2370 MHz, 12481 MHz, 35
2026/09/27 11:05:47.331, 1, 0 %, 46451 MiB, 94.37 W, 2362 MHz, 12481 MHz, 35
2026/09/27 11:05:47.581, 0, 0 %, 48275 MiB, 88.23 W, 2370 MHz, 12481 MHz, 35
2026/09/27 11:05:47.581, 1, 0 %, 46451 MiB, 94.40 W, 2362 MHz, 12481 MHz, 35
2026/09/27 11:05:47.831, 0, 0 %, 48307 MiB, 88.28 W, 2370 MHz, 12481 MHz, 35
2026/09/27 11:05:47.831, 1, 0 %, 46451 MiB, 94.32 W, 2362 MHz, 12481 MHz, 35
2026/09/27 11:05:48.081, 0, 0 %, 48307 MiB, 88.32 W, 2370 MHz, 12481 MHz, 35
2026/09/27 11:05:48.081, 1, 0 %, 46451 MiB, 94.41 W, 2362 MHz, 12481 MHz, 35
2026/09/27 11:05:48.331, 0, 1 %, 48339 MiB, 88.30 W, 2370 MHz, 12481 MHz, 35
2026/09/27 11:05:48.331, 1, 0 %, 46451 MiB, 94.44 W, 2362 MHz, 12481 MHz, 35
2026/09/27 11:05:48.581, 0, 0 %, 48339 MiB, 88.33 W, 2370 MHz, 12481 MHz, 35
2026/09/27 11:05:48.581, 1, 0 %, 46451 MiB, 94.41 W, 2362 MHz, 12481 MHz, 35
2026/09/27 11:05:48.832, 0, 0 %, 48371 MiB, 88.33 W, 2370 MHz, 12481 MHz, 35
2026/09/27 11:05:48.832, 1, 22 %, 48211 MiB, 95.58 W, 2362 MHz, 12481 MHz, 35
2026/09/27 11:05:49.082, 0, 0 %, 48371 MiB, 88.34 W, 2370 MHz, 12481 MHz, 35
2026/09/27 11:05:49.082, 1, 0 %, 48211 MiB, 95.57 W, 2362 MHz, 12481 MHz, 35
2026/09/27 11:05:49.332, 0, 0 %, 48371 MiB, 88.32 W, 2370 MHz, 12481 MHz, 35
2026/09/27 11:05:49.332, 1, 0 %, 48211 MiB, 95.58 W, 2362 MHz, 12481 MHz, 35
2026/09/27 11:05:49.582, 0, 0 %, 48371 MiB, 88.28 W, 2370 MHz, 12481 MHz, 35
2026/09/27 11:05:49.582, 1, 0 %, 48243 MiB, 99.21 W, 2362 MHz, 12481 MHz, 36
2026/09/27 11:05:49.832, 0, 0 %, 48371 MiB, 88.24 W, 2370 MHz, 12481 MHz, 35
2026/09/27 11:05:49.832, 1, 0 %, 48243 MiB, 102.15 W, 2362 MHz, 12481 MHz, 35
2026/09/27 11:05:50.082, 0, 0 %, 48371 MiB, 88.18 W, 2370 MHz, 12481 MHz, 35
2026/09/27 11:05:50.082, 1, 0 %, 48275 MiB, 102.02 W, 2362 MHz, 12481 MHz, 35
2026/09/27 11:05:50.332, 0, 0 %, 48371 MiB, 88.21 W, 2370 MHz, 12481 MHz, 35
2026/09/27 11:05:50.333, 1, 0 %, 48275 MiB, 102.08 W, 2362 MHz, 12481 MHz, 35
2026/09/27 11:05:50.583, 0, 0 %, 48371 MiB, 88.22 W, 2370 MHz, 12481 MHz, 35
2026/09/27 11:05:50.583, 1, 0 %, 48275 MiB, 98.55 W, 2362 MHz, 12481 MHz, 35
2026/09/27 11:05:50.833, 0, 0 %, 48371 MiB, 88.25 W, 2370 MHz, 12481 MHz, 35
2026/09/27 11:05:50.833, 1, 0 %, 48307 MiB, 105.73 W, 2377 MHz, 12481 MHz, 37
2026/09/27 11:05:51.083, 0, 0 %, 50099 MiB, 88.31 W, 2370 MHz, 12481 MHz, 35
2026/09/27 11:05:51.083, 1, 0 %, 48339 MiB, 113.50 W, 2377 MHz, 12481 MHz, 37
2026/09/27 11:05:51.333, 0, 20 %, 50099 MiB, 89.31 W, 2370 MHz, 12481 MHz, 35
2026/09/27 11:05:51.334, 1, 0 %, 48339 MiB, 131.88 W, 2377 MHz, 12481 MHz, 37
2026/09/27 11:05:51.584, 0, 0 %, 50131 MiB, 89.33 W, 2370 MHz, 12481 MHz, 35
2026/09/27 11:05:51.584, 1, 0 %, 48339 MiB, 143.21 W, 2377 MHz, 12481 MHz, 37
2026/09/27 11:05:51.834, 0, 0 %, 50131 MiB, 89.34 W, 2370 MHz, 12481 MHz, 35
2026/09/27 11:05:51.834, 1, 0 %, 48339 MiB, 151.45 W, 2377 MHz, 12481 MHz, 37
2026/09/27 11:05:52.084, 0, 0 %, 50163 MiB, 89.33 W, 2370 MHz, 12481 MHz, 35
2026/09/27 11:05:52.084, 1, 0 %, 48339 MiB, 151.82 W, 2377 MHz, 12481 MHz, 36
2026/09/27 11:05:52.334, 0, 0 %, 50163 MiB, 88.32 W, 2370 MHz, 12481 MHz, 35
2026/09/27 11:05:52.334, 1, 0 %, 48339 MiB, 133.40 W, 2362 MHz, 12481 MHz, 35
2026/09/27 11:05:52.584, 0, 0 %, 50163 MiB, 88.30 W, 2370 MHz, 12481 MHz, 35
2026/09/27 11:05:52.584, 1, 0 %, 48339 MiB, 121.12 W, 2362 MHz, 12481 MHz, 35
2026/09/27 11:05:52.835, 0, 1 %, 50195 MiB, 88.24 W, 2370 MHz, 12481 MHz, 35
2026/09/27 11:05:52.835, 1, 0 %, 48339 MiB, 103.65 W, 2362 MHz, 12481 MHz, 35
2026/09/27 11:05:53.085, 0, 0 %, 50195 MiB, 88.21 W, 2370 MHz, 12481 MHz, 35
2026/09/27 11:05:53.085, 1, 0 %, 48339 MiB, 94.56 W, 2362 MHz, 12481 MHz, 35
2026/09/27 11:05:53.335, 0, 1 %, 50227 MiB, 88.21 W, 2370 MHz, 12481 MHz, 35
2026/09/27 11:05:53.335, 1, 0 %, 48339 MiB, 94.43 W, 2362 MHz, 12481 MHz, 35
2026/09/27 11:05:53.585, 0, 0 %, 50259 MiB, 88.22 W, 2370 MHz, 12481 MHz, 35
2026/09/27 11:05:53.585, 1, 0 %, 48339 MiB, 94.42 W, 2362 MHz, 12481 MHz, 35
2026/09/27 11:05:53.835, 0, 0 %, 50259 MiB, 88.25 W, 2370 MHz, 12481 MHz, 35
2026/09/27 11:05:53.835, 1, 18 %, 50067 MiB, 97.30 W, 2362 MHz, 12481 MHz, 36
2026/09/27 11:05:54.085, 0, 0 %, 50259 MiB, 88.25 W, 2370 MHz, 12481 MHz, 35
2026/09/27 11:05:54.085, 1, 0 %, 50099 MiB, 104.53 W, 2362 MHz, 12481 MHz, 35
2026/09/27 11:05:54.336, 0, 0 %, 50259 MiB, 88.22 W, 2370 MHz, 12481 MHz, 35
2026/09/27 11:05:54.336, 1, 0 %, 50099 MiB, 104.39 W, 2362 MHz, 12481 MHz, 35
2026/09/27 11:05:54.586, 0, 0 %, 50259 MiB, 88.21 W, 2370 MHz, 12481 MHz, 35
2026/09/27 11:05:54.586, 1, 0 %, 50131 MiB, 104.38 W, 2362 MHz, 12481 MHz, 35
2026/09/27 11:05:54.836, 0, 0 %, 50259 MiB, 88.18 W, 2370 MHz, 12481 MHz, 35
2026/09/27 11:05:54.836, 1, 0 %, 50131 MiB, 102.60 W, 2362 MHz, 12481 MHz, 35
2026/09/27 11:05:55.086, 0, 0 %, 50259 MiB, 88.20 W, 2370 MHz, 12481 MHz, 35
2026/09/27 11:05:55.086, 1, 0 %, 50131 MiB, 94.54 W, 2362 MHz, 12481 MHz, 35
2026/09/27 11:05:55.336, 0, 0 %, 50259 MiB, 88.23 W, 2370 MHz, 12481 MHz, 35
2026/09/27 11:05:55.336, 1, 1 %, 50163 MiB, 94.47 W, 2362 MHz, 12481 MHz, 35
2026/09/27 11:05:55.587, 0, 0 %, 50259 MiB, 88.23 W, 2370 MHz, 12481 MHz, 35
2026/09/27 11:05:55.587, 1, 0 %, 50163 MiB, 94.42 W, 2362 MHz, 12481 MHz, 35
2026/09/27 11:05:55.837, 0, 0 %, 50259 MiB, 88.22 W, 2370 MHz, 12481 MHz, 35
2026/09/27 11:05:55.837, 1, 1 %, 50195 MiB, 94.43 W, 2362 MHz, 12481 MHz, 35
2026/09/27 11:05:56.087, 0, 0 %, 50259 MiB, 88.22 W, 2370 MHz, 12481 MHz, 35
2026/09/27 11:05:56.087, 1, 0 %, 50227 MiB, 100.10 W, 2362 MHz, 12481 MHz, 37
2026/09/27 11:05:56.337, 0, 6 %, 51987 MiB, 89.11 W, 2370 MHz, 12481 MHz, 35
2026/09/27 11:05:56.337, 1, 0 %, 50227 MiB, 112.00 W, 2370 MHz, 12481 MHz, 35
2026/09/27 11:05:56.587, 0, 6 %, 51987 MiB, 89.38 W, 2370 MHz, 12481 MHz, 35
2026/09/27 11:05:56.587, 1, 0 %, 50227 MiB, 111.74 W, 2370 MHz, 12481 MHz, 35
2026/09/27 11:05:56.837, 0, 0 %, 51987 MiB, 89.42 W, 2370 MHz, 12481 MHz, 35
2026/09/27 11:05:56.837, 1, 0 %, 50227 MiB, 111.75 W, 2362 MHz, 12481 MHz, 35
2026/09/27 11:05:57.088, 0, 0 %, 52019 MiB, 89.42 W, 2370 MHz, 12481 MHz, 35
2026/09/27 11:05:57.088, 1, 0 %, 50227 MiB, 107.42 W, 2362 MHz, 12481 MHz, 35
2026/09/27 11:05:57.338, 0, 0 %, 52019 MiB, 88.50 W, 2370 MHz, 12481 MHz, 35
2026/09/27 11:05:57.338, 1, 0 %, 50227 MiB, 94.47 W, 2362 MHz, 12481 MHz, 35
2026/09/27 11:05:57.588, 0, 0 %, 52051 MiB, 88.24 W, 2370 MHz, 12481 MHz, 35
2026/09/27 11:05:57.588, 1, 0 %, 50227 MiB, 94.43 W, 2362 MHz, 12481 MHz, 35
2026/09/27 11:05:57.838, 0, 1 %, 52051 MiB, 88.22 W, 2370 MHz, 12481 MHz, 35
2026/09/27 11:05:57.838, 1, 0 %, 50227 MiB, 94.45 W, 2362 MHz, 12481 MHz, 35
2026/09/27 11:05:58.088, 0, 0 %, 52051 MiB, 88.20 W, 2370 MHz, 12481 MHz, 35
2026/09/27 11:05:58.088, 1, 0 %, 50227 MiB, 94.39 W, 2362 MHz, 12481 MHz, 35
2026/09/27 11:05:58.338, 0, 1 %, 52115 MiB, 88.24 W, 2370 MHz, 12481 MHz, 35
2026/09/27 11:05:58.338, 1, 0 %, 50227 MiB, 94.43 W, 2362 MHz, 12481 MHz, 35
2026/09/27 11:05:58.589, 0, 0 %, 52115 MiB, 88.26 W, 2370 MHz, 12481 MHz, 35
2026/09/27 11:05:58.589, 1, 0 %, 51955 MiB, 94.44 W, 2362 MHz, 12481 MHz, 35
2026/09/27 11:05:58.839, 0, 0 %, 52115 MiB, 88.27 W, 2370 MHz, 12481 MHz, 35
2026/09/27 11:05:58.839, 1, 8 %, 51955 MiB, 99.83 W, 2370 MHz, 12481 MHz, 36
2026/09/27 11:05:59.089, 0, 0 %, 52115 MiB, 88.27 W, 2370 MHz, 12481 MHz, 35
2026/09/27 11:05:59.089, 1, 0 %, 51955 MiB, 100.04 W, 2370 MHz, 12481 MHz, 35
2026/09/27 11:05:59.339, 0, 0 %, 52115 MiB, 88.30 W, 2370 MHz, 12481 MHz, 35
2026/09/27 11:05:59.339, 1, 0 %, 51955 MiB, 100.04 W, 2362 MHz, 12481 MHz, 35
2026/09/27 11:05:59.589, 0, 0 %, 52115 MiB, 88.27 W, 2370 MHz, 12481 MHz, 35
2026/09/27 11:05:59.589, 1, 1 %, 51987 MiB, 100.24 W, 2362 MHz, 12481 MHz, 35
2026/09/27 11:05:59.839, 0, 0 %, 52115 MiB, 88.24 W, 2370 MHz, 12481 MHz, 35
2026/09/27 11:05:59.839, 1, 0 %, 51987 MiB, 94.81 W, 2362 MHz, 12481 MHz, 35
2026/09/27 11:06:00.089, 0, 0 %, 52115 MiB, 88.25 W, 2370 MHz, 12481 MHz, 35
2026/09/27 11:06:00.089, 1, 1 %, 52019 MiB, 94.50 W, 2362 MHz, 12481 MHz, 35
2026/09/27 11:06:00.339, 0, 0 %, 52115 MiB, 88.17 W, 2370 MHz, 12481 MHz, 35
2026/09/27 11:06:00.340, 1, 0 %, 52019 MiB, 94.49 W, 2362 MHz, 12481 MHz, 35
2026/09/27 11:06:00.590, 0, 0 %, 52115 MiB, 88.17 W, 2370 MHz, 12481 MHz, 35
2026/09/27 11:06:00.590, 1, 0 %, 52051 MiB, 94.38 W, 2362 MHz, 12481 MHz, 35
2026/09/27 11:06:00.840, 0, 0 %, 52115 MiB, 88.17 W, 2370 MHz, 12481 MHz, 35
2026/09/27 11:06:00.840, 1, 0 %, 52083 MiB, 94.48 W, 2362 MHz, 12481 MHz, 35
2026/09/27 11:06:01.090, 0, 0 %, 53843 MiB, 88.38 W, 2370 MHz, 12481 MHz, 35
2026/09/27 11:06:01.090, 1, 0 %, 52083 MiB, 94.69 W, 2362 MHz, 12481 MHz, 35
2026/09/27 11:06:01.340, 0, 11 %, 53875 MiB, 89.34 W, 2370 MHz, 12481 MHz, 35
2026/09/27 11:06:01.340, 1, 0 %, 52083 MiB, 94.72 W, 2362 MHz, 12481 MHz, 35
2026/09/27 11:06:01.590, 0, 0 %, 53875 MiB, 89.37 W, 2370 MHz, 12481 MHz, 35
2026/09/27 11:06:01.590, 1, 0 %, 52083 MiB, 94.71 W, 2362 MHz, 12481 MHz, 35
2026/09/27 11:06:01.841, 0, 0 %, 53875 MiB, 89.38 W, 2370 MHz, 12481 MHz, 35
2026/09/27 11:06:01.841, 1, 0 %, 52083 MiB, 94.61 W, 2362 MHz, 12481 MHz, 35
2026/09/27 11:06:02.091, 0, 0 %, 53939 MiB, 89.39 W, 2370 MHz, 12481 MHz, 35
2026/09/27 11:06:02.091, 1, 0 %, 52083 MiB, 94.37 W, 2362 MHz, 12481 MHz, 35
2026/09/27 11:06:02.341, 0, 0 %, 53939 MiB, 88.24 W, 2370 MHz, 12481 MHz, 35
2026/09/27 11:06:02.341, 1, 0 %, 52083 MiB, 94.28 W, 2362 MHz, 12481 MHz, 35
2026/09/27 11:06:02.591, 0, 0 %, 53971 MiB, 88.20 W, 2370 MHz, 12481 MHz, 35
2026/09/27 11:06:02.591, 1, 0 %, 52083 MiB, 94.32 W, 2362 MHz, 12481 MHz, 35
2026/09/27 11:06:02.841, 0, 1 %, 53971 MiB, 88.22 W, 2370 MHz, 12481 MHz, 35
2026/09/27 11:06:02.841, 1, 0 %, 52083 MiB, 94.36 W, 2362 MHz, 12481 MHz, 35
2026/09/27 11:06:03.091, 0, 0 %, 53971 MiB, 88.26 W, 2370 MHz, 12481 MHz, 35
2026/09/27 11:06:03.091, 1, 0 %, 52083 MiB, 94.32 W, 2362 MHz, 12481 MHz, 35
2026/09/27 11:06:03.341, 0, 1 %, 54003 MiB, 88.27 W, 2370 MHz, 12481 MHz, 35
2026/09/27 11:06:03.342, 1, 0 %, 52083 MiB, 94.32 W, 2362 MHz, 12481 MHz, 35
2026/09/27 11:06:03.592, 0, 0 %, 54003 MiB, 88.27 W, 2370 MHz, 12481 MHz, 35
2026/09/27 11:06:03.592, 1, 0 %, 52083 MiB, 94.35 W, 2362 MHz, 12481 MHz, 35
2026/09/27 11:06:03.842, 0, 0 %, 54003 MiB, 88.35 W, 2370 MHz, 12481 MHz, 35
2026/09/27 11:06:03.842, 1, 18 %, 53843 MiB, 96.16 W, 2362 MHz, 12481 MHz, 35
2026/09/27 11:06:04.092, 0, 0 %, 54003 MiB, 88.32 W, 2370 MHz, 12481 MHz, 35
2026/09/27 11:06:04.092, 1, 0 %, 53843 MiB, 104.66 W, 2362 MHz, 12481 MHz, 35
2026/09/27 11:06:04.342, 0, 0 %, 54003 MiB, 88.30 W, 2370 MHz, 12481 MHz, 35
2026/09/27 11:06:04.342, 1, 0 %, 53843 MiB, 104.75 W, 2362 MHz, 12481 MHz, 35
2026/09/27 11:06:04.592, 0, 0 %, 54003 MiB, 88.34 W, 2370 MHz, 12481 MHz, 35
2026/09/27 11:06:04.592, 1, 0 %, 53875 MiB, 104.75 W, 2362 MHz, 12481 MHz, 35
2026/09/27 11:06:04.842, 0, 0 %, 54003 MiB, 88.26 W, 2370 MHz, 12481 MHz, 35
2026/09/27 11:06:04.843, 1, 0 %, 53907 MiB, 102.91 W, 2362 MHz, 12481 MHz, 35
2026/09/27 11:06:05.093, 0, 0 %, 54003 MiB, 88.28 W, 2370 MHz, 12481 MHz, 35
2026/09/27 11:06:05.093, 1, 0 %, 53907 MiB, 94.43 W, 2362 MHz, 12481 MHz, 35
2026/09/27 11:06:05.343, 0, 0 %, 54003 MiB, 88.31 W, 2370 MHz, 12481 MHz, 35
2026/09/27 11:06:05.343, 1, 0 %, 53939 MiB, 94.41 W, 2362 MHz, 12481 MHz, 35
2026/09/27 11:06:05.593, 0, 0 %, 54003 MiB, 88.31 W, 2370 MHz, 12481 MHz, 35
2026/09/27 11:06:05.593, 1, 0 %, 53939 MiB, 94.38 W, 2362 MHz, 12481 MHz, 35
2026/09/27 11:06:05.843, 0, 0 %, 54003 MiB, 88.33 W, 2370 MHz, 12481 MHz, 35
2026/09/27 11:06:05.843, 1, 1 %, 53971 MiB, 94.42 W, 2362 MHz, 12481 MHz, 35
2026/09/27 11:06:06.093, 0, 0 %, 54003 MiB, 88.30 W, 2370 MHz, 12481 MHz, 35
2026/09/27 11:06:06.093, 1, 0 %, 53971 MiB, 100.22 W, 2362 MHz, 12481 MHz, 36
2026/09/27 11:06:06.343, 0, 7 %, 55731 MiB, 89.03 W, 2370 MHz, 12481 MHz, 35
2026/09/27 11:06:06.343, 1, 0 %, 53971 MiB, 118.25 W, 2377 MHz, 12481 MHz, 37
2026/09/27 11:06:06.593, 0, 7 %, 55763 MiB, 89.27 W, 2370 MHz, 12481 MHz, 35
2026/09/27 11:06:06.593, 1, 0 %, 53971 MiB, 130.29 W, 2377 MHz, 12481 MHz, 37
2026/09/27 11:06:06.843, 0, 0 %, 55763 MiB, 89.47 W, 2370 MHz, 12481 MHz, 35
2026/09/27 11:06:06.844, 1, 0 %, 53971 MiB, 135.50 W, 2370 MHz, 12481 MHz, 35
2026/09/27 11:06:07.094, 0, 0 %, 55795 MiB, 89.48 W, 2370 MHz, 12481 MHz, 35
2026/09/27 11:06:07.094, 1, 0 %, 53971 MiB, 129.82 W, 2370 MHz, 12481 MHz, 35
2026/09/27 11:06:07.344, 0, 0 %, 55795 MiB, 88.70 W, 2370 MHz, 12481 MHz, 35
2026/09/27 11:06:07.344, 1, 0 %, 53971 MiB, 112.18 W, 2362 MHz, 12481 MHz, 35
2026/09/27 11:06:07.594, 0, 0 %, 55827 MiB, 88.46 W, 2370 MHz, 12481 MHz, 35
2026/09/27 11:06:07.594, 1, 0 %, 53971 MiB, 99.07 W, 2362 MHz, 12481 MHz, 35
2026/09/27 11:06:07.844, 0, 1 %, 55827 MiB, 88.27 W, 2370 MHz, 12481 MHz, 35
2026/09/27 11:06:07.844, 1, 0 %, 53971 MiB, 94.57 W, 2362 MHz, 12481 MHz, 35
2026/09/27 11:06:08.094, 0, 0 %, 55827 MiB, 88.26 W, 2370 MHz, 12481 MHz, 35
2026/09/27 11:06:08.095, 1, 0 %, 53971 MiB, 94.48 W, 2362 MHz, 12481 MHz, 35
2026/09/27 11:06:08.345, 0, 0 %, 55827 MiB, 88.26 W, 2370 MHz, 12481 MHz, 35
2026/09/27 11:06:08.345, 1, 0 %, 53971 MiB, 94.41 W, 2362 MHz, 12481 MHz, 35
2026/09/27 11:06:08.595, 0, 1 %, 55859 MiB, 88.25 W, 2370 MHz, 12481 MHz, 35
2026/09/27 11:06:08.595, 1, 0 %, 53971 MiB, 94.40 W, 2362 MHz, 12481 MHz, 35
2026/09/27 11:06:08.845, 0, 0 %, 55859 MiB, 88.27 W, 2370 MHz, 12481 MHz, 35
2026/09/27 11:06:08.845, 1, 0 %, 53971 MiB, 94.42 W, 2362 MHz, 12481 MHz, 35
2026/09/27 11:06:09.095, 0, 0 %, 55891 MiB, 88.28 W, 2370 MHz, 12481 MHz, 35
2026/09/27 11:06:09.096, 1, 19 %, 55731 MiB, 95.12 W, 2362 MHz, 12481 MHz, 35
2026/09/27 11:06:09.346, 0, 0 %, 55891 MiB, 88.27 W, 2370 MHz, 12481 MHz, 35
2026/09/27 11:06:09.346, 1, 0 %, 55731 MiB, 95.65 W, 2362 MHz, 12481 MHz, 35
2026/09/27 11:06:09.596, 0, 0 %, 55891 MiB, 88.29 W, 2370 MHz, 12481 MHz, 35
2026/09/27 11:06:09.596, 1, 0 %, 55731 MiB, 95.67 W, 2362 MHz, 12481 MHz, 35
2026/09/27 11:06:09.846, 0, 0 %, 55891 MiB, 88.26 W, 2370 MHz, 12481 MHz, 35
2026/09/27 11:06:09.846, 1, 1 %, 55763 MiB, 95.64 W, 2362 MHz, 12481 MHz, 35
2026/09/27 11:06:10.096, 0, 0 %, 55891 MiB, 88.21 W, 2370 MHz, 12481 MHz, 35
2026/09/27 11:06:10.096, 1, 0 %, 55763 MiB, 95.01 W, 2362 MHz, 12481 MHz, 35
2026/09/27 11:06:10.346, 0, 0 %, 55891 MiB, 88.19 W, 2370 MHz, 12481 MHz, 35
2026/09/27 11:06:10.346, 1, 0 %, 55795 MiB, 94.40 W, 2362 MHz, 12481 MHz, 35
2026/09/27 11:06:10.596, 0, 0 %, 55891 MiB, 88.16 W, 2370 MHz, 12481 MHz, 35
2026/09/27 11:06:10.596, 1, 1 %, 55795 MiB, 94.39 W, 2362 MHz, 12481 MHz, 35
2026/09/27 11:06:10.846, 0, 0 %, 55891 MiB, 88.16 W, 2370 MHz, 12481 MHz, 35
2026/09/27 11:06:10.846, 1, 0 %, 55795 MiB, 94.36 W, 2362 MHz, 12481 MHz, 35
2026/09/27 11:06:11.097, 0, 0 %, 55891 MiB, 88.22 W, 2370 MHz, 12481 MHz, 35
2026/09/27 11:06:11.097, 1, 0 %, 55827 MiB, 94.36 W, 2362 MHz, 12481 MHz, 35
2026/09/27 11:06:11.347, 0, 0 %, 57619 MiB, 88.26 W, 2370 MHz, 12481 MHz, 35
2026/09/27 11:06:11.347, 1, 0 %, 55859 MiB, 94.38 W, 2362 MHz, 12481 MHz, 35
2026/09/27 11:06:11.597, 0, 24 %, 57619 MiB, 89.35 W, 2370 MHz, 12481 MHz, 35
2026/09/27 11:06:11.597, 1, 0 %, 55859 MiB, 94.37 W, 2362 MHz, 12481 MHz, 35
2026/09/27 11:06:11.847, 0, 0 %, 57651 MiB, 89.42 W, 2370 MHz, 12481 MHz, 35
2026/09/27 11:06:11.847, 1, 0 %, 55859 MiB, 94.36 W, 2362 MHz, 12481 MHz, 35
2026/09/27 11:06:12.097, 0, 0 %, 57651 MiB, 89.40 W, 2370 MHz, 12481 MHz, 35
2026/09/27 11:06:12.097, 1, 0 %, 55859 MiB, 94.36 W, 2362 MHz, 12481 MHz, 35
2026/09/27 11:06:12.347, 0, 0 %, 57683 MiB, 89.42 W, 2370 MHz, 12481 MHz, 35
2026/09/27 11:06:12.348, 1, 0 %, 55859 MiB, 94.32 W, 2362 MHz, 12481 MHz, 35
2026/09/27 11:06:12.598, 0, 0 %, 57683 MiB, 88.34 W, 2370 MHz, 12481 MHz, 35
2026/09/27 11:06:12.598, 1, 0 %, 55859 MiB, 94.26 W, 2362 MHz, 12481 MHz, 35
2026/09/27 11:06:12.848, 0, 0 %, 57683 MiB, 88.33 W, 2370 MHz, 12481 MHz, 35
2026/09/27 11:06:12.848, 1, 0 %, 55859 MiB, 94.30 W, 2362 MHz, 12481 MHz, 35
2026/09/27 11:06:13.098, 0, 0 %, 57715 MiB, 88.31 W, 2370 MHz, 12481 MHz, 35
2026/09/27 11:06:13.098, 1, 0 %, 55859 MiB, 94.32 W, 2362 MHz, 12481 MHz, 35
2026/09/27 11:06:13.348, 0, 0 %, 57715 MiB, 88.28 W, 2370 MHz, 12481 MHz, 35
2026/09/27 11:06:13.348, 1, 0 %, 55859 MiB, 94.28 W, 2362 MHz, 12481 MHz, 35
2026/09/27 11:06:13.598, 0, 0 %, 57747 MiB, 88.25 W, 2370 MHz, 12481 MHz, 35
2026/09/27 11:06:13.598, 1, 0 %, 55859 MiB, 94.26 W, 2362 MHz, 12481 MHz, 35
2026/09/27 11:06:13.848, 0, 0 %, 57747 MiB, 88.25 W, 2370 MHz, 12481 MHz, 35
2026/09/27 11:06:13.848, 1, 0 %, 55859 MiB, 94.28 W, 2362 MHz, 12481 MHz, 35
2026/09/27 11:06:14.099, 0, 0 %, 57779 MiB, 88.28 W, 2370 MHz, 12481 MHz, 35
2026/09/27 11:06:14.099, 1, 22 %, 57587 MiB, 95.23 W, 2362 MHz, 12481 MHz, 35
2026/09/27 11:06:14.349, 0, 0 %, 57779 MiB, 88.29 W, 2370 MHz, 12481 MHz, 35
2026/09/27 11:06:14.349, 1, 0 %, 57619 MiB, 104.30 W, 2370 MHz, 12481 MHz, 35
2026/09/27 11:06:14.599, 0, 0 %, 57779 MiB, 88.31 W, 2370 MHz, 12481 MHz, 35
2026/09/27 11:06:14.599, 1, 0 %, 57619 MiB, 104.40 W, 2370 MHz, 12481 MHz, 35
2026/09/27 11:06:14.849, 0, 0 %, 57779 MiB, 88.29 W, 2370 MHz, 12481 MHz, 35
2026/09/27 11:06:14.849, 1, 0 %, 57651 MiB, 104.23 W, 2362 MHz, 12481 MHz, 35
2026/09/27 11:06:15.099, 0, 0 %, 57779 MiB, 88.22 W, 2370 MHz, 12481 MHz, 35
2026/09/27 11:06:15.099, 1, 0 %, 57651 MiB, 105.89 W, 2362 MHz, 12481 MHz, 35
2026/09/27 11:06:15.349, 0, 0 %, 57779 MiB, 88.19 W, 2370 MHz, 12481 MHz, 35
2026/09/27 11:06:15.349, 1, 0 %, 57651 MiB, 96.89 W, 2362 MHz, 12481 MHz, 35
2026/09/27 11:06:15.599, 0, 0 %, 57779 MiB, 88.13 W, 2370 MHz, 12481 MHz, 35
2026/09/27 11:06:15.599, 1, 0 %, 57683 MiB, 102.65 W, 2362 MHz, 12481 MHz, 36
2026/09/27 11:06:15.849, 0, 0 %, 57779 MiB, 88.21 W, 2370 MHz, 12481 MHz, 35
2026/09/27 11:06:15.850, 1, 0 %, 57683 MiB, 121.04 W, 2377 MHz, 12481 MHz, 37
2026/09/27 11:06:16.100, 0, 0 %, 57779 MiB, 88.22 W, 2370 MHz, 12481 MHz, 35
2026/09/27 11:06:16.100, 1, 1 %, 57715 MiB, 118.48 W, 2377 MHz, 12481 MHz, 35
2026/09/27 11:06:16.350, 0, 0 %, 57779 MiB, 88.22 W, 2370 MHz, 12481 MHz, 35
2026/09/27 11:06:16.350, 1, 0 %, 57715 MiB, 129.83 W, 2377 MHz, 12481 MHz, 37
2026/09/27 11:06:16.600, 0, 22 %, 59507 MiB, 88.89 W, 2370 MHz, 12481 MHz, 35
2026/09/27 11:06:16.600, 1, 0 %, 57747 MiB, 131.29 W, 2377 MHz, 12481 MHz, 35
2026/09/27 11:06:16.850, 0, 0 %, 59507 MiB, 89.22 W, 2370 MHz, 12481 MHz, 35
2026/09/27 11:06:16.850, 1, 0 %, 57747 MiB, 112.46 W, 2370 MHz, 12481 MHz, 35
2026/09/27 11:06:17.100, 0, 0 %, 59507 MiB, 89.23 W, 2370 MHz, 12481 MHz, 35
2026/09/27 11:06:17.100, 1, 0 %, 57747 MiB, 112.01 W, 2370 MHz, 12481 MHz, 35
2026/09/27 11:06:17.351, 0, 0 %, 59539 MiB, 89.26 W, 2370 MHz, 12481 MHz, 35
2026/09/27 11:06:17.351, 1, 0 %, 57747 MiB, 101.22 W, 2362 MHz, 12481 MHz, 35
2026/09/27 11:06:17.601, 0, 0 %, 59539 MiB, 88.75 W, 2370 MHz, 12481 MHz, 35
2026/09/27 11:06:17.601, 1, 0 %, 57747 MiB, 94.59 W, 2362 MHz, 12481 MHz, 35
2026/09/27 11:06:17.851, 0, 0 %, 59571 MiB, 88.29 W, 2370 MHz, 12481 MHz, 35
2026/09/27 11:06:17.851, 1, 0 %, 57747 MiB, 94.46 W, 2362 MHz, 12481 MHz, 35
2026/09/27 11:06:18.101, 0, 0 %, 59571 MiB, 88.24 W, 2370 MHz, 12481 MHz, 35
2026/09/27 11:06:18.101, 1, 0 %, 57747 MiB, 94.46 W, 2362 MHz, 12481 MHz, 35
2026/09/27 11:06:18.351, 0, 0 %, 59571 MiB, 88.21 W, 2370 MHz, 12481 MHz, 35
2026/09/27 11:06:18.351, 1, 0 %, 57747 MiB, 94.44 W, 2362 MHz, 12481 MHz, 35
2026/09/27 11:06:18.601, 0, 0 %, 59635 MiB, 88.20 W, 2370 MHz, 12481 MHz, 35
2026/09/27 11:06:18.602, 1, 0 %, 57747 MiB, 94.36 W, 2362 MHz, 12481 MHz, 35
2026/09/27 11:06:18.852, 0, 0 %, 59635 MiB, 88.25 W, 2370 MHz, 12481 MHz, 35
2026/09/27 11:06:18.852, 1, 0 %, 59475 MiB, 94.38 W, 2362 MHz, 12481 MHz, 35
2026/09/27 11:06:19.102, 0, 0 %, 59635 MiB, 88.30 W, 2370 MHz, 12481 MHz, 35
2026/09/27 11:06:19.102, 1, 17 %, 59475 MiB, 97.46 W, 2362 MHz, 12481 MHz, 36
2026/09/27 11:06:19.352, 0, 0 %, 59635 MiB, 88.31 W, 2370 MHz, 12481 MHz, 35
2026/09/27 11:06:19.352, 1, 0 %, 59475 MiB, 115.69 W, 2377 MHz, 12481 MHz, 37
2026/09/27 11:06:19.602, 0, 0 %, 59635 MiB, 88.32 W, 2370 MHz, 12481 MHz, 35
2026/09/27 11:06:19.602, 1, 0 %, 59507 MiB, 125.92 W, 2377 MHz, 12481 MHz, 36
2026/09/27 11:06:19.852, 0, 0 %, 59635 MiB, 88.25 W, 2370 MHz, 12481 MHz, 35
2026/09/27 11:06:19.852, 1, 0 %, 59507 MiB, 126.35 W, 2362 MHz, 12481 MHz, 35
2026/09/27 11:06:20.102, 0, 0 %, 59635 MiB, 88.21 W, 2370 MHz, 12481 MHz, 35
2026/09/27 11:06:20.103, 1, 0 %, 59507 MiB, 123.84 W, 2362 MHz, 12481 MHz, 35
2026/09/27 11:06:20.353, 0, 0 %, 59635 MiB, 88.24 W, 2370 MHz, 12481 MHz, 35
2026/09/27 11:06:20.353, 1, 0 %, 59539 MiB, 110.90 W, 2370 MHz, 12481 MHz, 36
2026/09/27 11:06:20.603, 0, 0 %, 59635 MiB, 88.24 W, 2370 MHz, 12481 MHz, 35
2026/09/27 11:06:20.603, 1, 0 %, 59539 MiB, 112.67 W, 2370 MHz, 12481 MHz, 37
2026/09/27 11:06:20.853, 0, 0 %, 59635 MiB, 88.27 W, 2370 MHz, 12481 MHz, 35
2026/09/27 11:06:20.853, 1, 1 %, 59571 MiB, 130.30 W, 2377 MHz, 12481 MHz, 37
2026/09/27 11:06:21.103, 0, 0 %, 59635 MiB, 88.30 W, 2370 MHz, 12481 MHz, 35
2026/09/27 11:06:21.103, 1, 0 %, 59603 MiB, 143.38 W, 2377 MHz, 12481 MHz, 37
2026/09/27 11:06:21.353, 0, 24 %, 61363 MiB, 88.93 W, 2370 MHz, 12481 MHz, 35
2026/09/27 11:06:21.353, 1, 0 %, 59603 MiB, 143.29 W, 2370 MHz, 12481 MHz, 35
2026/09/27 11:06:21.604, 0, 0 %, 61395 MiB, 89.23 W, 2370 MHz, 12481 MHz, 35
2026/09/27 11:06:21.604, 1, 0 %, 59603 MiB, 131.32 W, 2370 MHz, 12481 MHz, 35
2026/09/27 11:06:21.854, 0, 0 %, 61395 MiB, 89.26 W, 2370 MHz, 12481 MHz, 35
2026/09/27 11:06:21.854, 1, 0 %, 59603 MiB, 113.26 W, 2362 MHz, 12481 MHz, 35
2026/09/27 11:06:22.104, 0, 0 %, 61395 MiB, 89.25 W, 2370 MHz, 12481 MHz, 35
2026/09/27 11:06:22.104, 1, 0 %, 59603 MiB, 101.17 W, 2362 MHz, 12481 MHz, 35
2026/09/27 11:06:22.354, 0, 0 %, 61427 MiB, 88.73 W, 2370 MHz, 12481 MHz, 35
2026/09/27 11:06:22.354, 1, 0 %, 59603 MiB, 94.53 W, 2362 MHz, 12481 MHz, 35
2026/09/27 11:06:22.604, 0, 0 %, 61427 MiB, 88.30 W, 2370 MHz, 12481 MHz, 35
2026/09/27 11:06:22.605, 1, 0 %, 59603 MiB, 94.47 W, 2362 MHz, 12481 MHz, 35
2026/09/27 11:06:22.855, 0, 0 %, 61459 MiB, 88.29 W, 2370 MHz, 12481 MHz, 35
2026/09/27 11:06:22.855, 1, 0 %, 59603 MiB, 94.44 W, 2362 MHz, 12481 MHz, 35
2026/09/27 11:06:23.105, 0, 0 %, 61459 MiB, 88.27 W, 2370 MHz, 12481 MHz, 35
2026/09/27 11:06:23.105, 1, 0 %, 59603 MiB, 94.44 W, 2362 MHz, 12481 MHz, 35
2026/09/27 11:06:23.355, 0, 0 %, 61491 MiB, 88.24 W, 2370 MHz, 12481 MHz, 35
2026/09/27 11:06:23.355, 1, 0 %, 59603 MiB, 94.46 W, 2362 MHz, 12481 MHz, 35
2026/09/27 11:06:23.605, 0, 0 %, 61523 MiB, 88.25 W, 2370 MHz, 12481 MHz, 35
2026/09/27 11:06:23.605, 1, 0 %, 59603 MiB, 94.43 W, 2362 MHz, 12481 MHz, 35
2026/09/27 11:06:23.855, 0, 0 %, 61523 MiB, 88.27 W, 2370 MHz, 12481 MHz, 35
2026/09/27 11:06:23.856, 1, 7 %, 61331 MiB, 94.76 W, 2362 MHz, 12481 MHz, 35
2026/09/27 11:06:24.106, 0, 0 %, 61523 MiB, 88.29 W, 2370 MHz, 12481 MHz, 35
2026/09/27 11:06:24.106, 1, 8 %, 61363 MiB, 99.39 W, 2362 MHz, 12481 MHz, 36
2026/09/27 11:06:24.356, 0, 0 %, 61523 MiB, 88.29 W, 2370 MHz, 12481 MHz, 35
2026/09/27 11:06:24.356, 1, 0 %, 61363 MiB, 108.81 W, 2370 MHz, 12481 MHz, 35
2026/09/27 11:06:24.606, 0, 0 %, 61523 MiB, 88.27 W, 2370 MHz, 12481 MHz, 35
2026/09/27 11:06:24.606, 1, 0 %, 61363 MiB, 108.56 W, 2370 MHz, 12481 MHz, 35
2026/09/27 11:06:24.856, 0, 0 %, 61523 MiB, 88.25 W, 2370 MHz, 12481 MHz, 35
2026/09/27 11:06:24.856, 1, 1 %, 61395 MiB, 108.40 W, 2362 MHz, 12481 MHz, 35
2026/09/27 11:06:25.107, 0, 0 %, 61523 MiB, 88.23 W, 2370 MHz, 12481 MHz, 35
2026/09/27 11:06:25.107, 1, 0 %, 61395 MiB, 104.98 W, 2362 MHz, 12481 MHz, 35
2026/09/27 11:06:25.357, 0, 0 %, 61523 MiB, 88.25 W, 2370 MHz, 12481 MHz, 35
2026/09/27 11:06:25.357, 1, 0 %, 61427 MiB, 94.50 W, 2362 MHz, 12481 MHz, 35
2026/09/27 11:06:25.607, 0, 0 %, 61523 MiB, 88.29 W, 2370 MHz, 12481 MHz, 35
2026/09/27 11:06:25.607, 1, 1 %, 61427 MiB, 94.47 W, 2362 MHz, 12481 MHz, 35
2026/09/27 11:06:25.857, 0, 0 %, 61523 MiB, 88.27 W, 2370 MHz, 12481 MHz, 35
2026/09/27 11:06:25.857, 1, 0 %, 61427 MiB, 94.44 W, 2362 MHz, 12481 MHz, 35
2026/09/27 11:06:26.107, 0, 0 %, 61523 MiB, 88.29 W, 2370 MHz, 12481 MHz, 35
2026/09/27 11:06:26.108, 1, 1 %, 61491 MiB, 94.77 W, 2362 MHz, 12481 MHz, 35
2026/09/27 11:06:26.358, 0, 0 %, 63251 MiB, 88.27 W, 2370 MHz, 12481 MHz, 35
2026/09/27 11:06:26.358, 1, 0 %, 61491 MiB, 94.77 W, 2362 MHz, 12481 MHz, 35
2026/09/27 11:06:26.608, 0, 22 %, 63283 MiB, 89.42 W, 2370 MHz, 12481 MHz, 35
2026/09/27 11:06:26.608, 1, 0 %, 61491 MiB, 94.85 W, 2362 MHz, 12481 MHz, 35
2026/09/27 11:06:26.858, 0, 0 %, 63283 MiB, 89.53 W, 2370 MHz, 12481 MHz, 35
2026/09/27 11:06:26.858, 1, 0 %, 61491 MiB, 94.81 W, 2362 MHz, 12481 MHz, 35
2026/09/27 11:06:27.108, 0, 0 %, 63283 MiB, 89.51 W, 2370 MHz, 12481 MHz, 35
2026/09/27 11:06:27.108, 1, 0 %, 61491 MiB, 94.48 W, 2362 MHz, 12481 MHz, 35
2026/09/27 11:06:27.358, 0, 0 %, 63315 MiB, 89.52 W, 2370 MHz, 12481 MHz, 35
2026/09/27 11:06:27.359, 1, 0 %, 61491 MiB, 94.46 W, 2362 MHz, 12481 MHz, 35
2026/09/27 11:06:27.609, 0, 0 %, 63315 MiB, 88.36 W, 2370 MHz, 12481 MHz, 35
2026/09/27 11:06:27.609, 1, 0 %, 61491 MiB, 94.36 W, 2362 MHz, 12481 MHz, 35
2026/09/27 11:06:27.859, 0, 0 %, 63347 MiB, 88.27 W, 2370 MHz, 12481 MHz, 35
2026/09/27 11:06:27.859, 1, 0 %, 61491 MiB, 94.34 W, 2362 MHz, 12481 MHz, 35
2026/09/27 11:06:28.109, 0, 0 %, 63347 MiB, 88.29 W, 2370 MHz, 12481 MHz, 35
2026/09/27 11:06:28.109, 1, 0 %, 61491 MiB, 94.33 W, 2362 MHz, 12481 MHz, 35
2026/09/27 11:06:28.359, 0, 0 %, 63379 MiB, 88.24 W, 2370 MHz, 12481 MHz, 35
2026/09/27 11:06:28.359, 1, 0 %, 61491 MiB, 94.36 W, 2362 MHz, 12481 MHz, 35
2026/09/27 11:06:28.609, 0, 0 %, 63379 MiB, 88.26 W, 2370 MHz, 12481 MHz, 35
2026/09/27 11:06:28.609, 1, 0 %, 61491 MiB, 94.36 W, 2362 MHz, 12481 MHz, 35
2026/09/27 11:06:28.860, 0, 0 %, 63411 MiB, 88.32 W, 2370 MHz, 12481 MHz, 35
2026/09/27 11:06:28.860, 1, 8 %, 63219 MiB, 94.89 W, 2362 MHz, 12481 MHz, 35
2026/09/27 11:06:29.110, 0, 0 %, 63411 MiB, 88.31 W, 2370 MHz, 12481 MHz, 35
2026/09/27 11:06:29.110, 1, 5 %, 63251 MiB, 95.58 W, 2362 MHz, 12481 MHz, 35
2026/09/27 11:06:29.360, 0, 0 %, 63411 MiB, 88.31 W, 2370 MHz, 12481 MHz, 35
2026/09/27 11:06:29.360, 1, 0 %, 63251 MiB, 95.59 W, 2362 MHz, 12481 MHz, 35
2026/09/27 11:06:29.610, 0, 0 %, 63411 MiB, 88.28 W, 2370 MHz, 12481 MHz, 35
2026/09/27 11:06:29.610, 1, 0 %, 63283 MiB, 95.52 W, 2362 MHz, 12481 MHz, 35
2026/09/27 11:06:29.860, 0, 0 %, 63411 MiB, 88.23 W, 2370 MHz, 12481 MHz, 35
2026/09/27 11:06:29.860, 1, 0 %, 63283 MiB, 95.02 W, 2362 MHz, 12481 MHz, 35
2026/09/27 11:06:30.110, 0, 0 %, 63411 MiB, 88.21 W, 2370 MHz, 12481 MHz, 35
2026/09/27 11:06:30.110, 1, 0 %, 63283 MiB, 94.37 W, 2362 MHz, 12481 MHz, 35
2026/09/27 11:06:30.361, 0, 0 %, 63411 MiB, 88.19 W, 2370 MHz, 12481 MHz, 35
2026/09/27 11:06:30.361, 1, 1 %, 63315 MiB, 94.31 W, 2362 MHz, 12481 MHz, 35
2026/09/27 11:06:30.611, 0, 0 %, 63411 MiB, 88.21 W, 2370 MHz, 12481 MHz, 35
2026/09/27 11:06:30.611, 1, 0 %, 63315 MiB, 94.30 W, 2362 MHz, 12481 MHz, 35
2026/09/27 11:06:30.861, 0, 0 %, 63411 MiB, 88.26 W, 2370 MHz, 12481 MHz, 35
2026/09/27 11:06:30.861, 1, 1 %, 63347 MiB, 94.82 W, 2362 MHz, 12481 MHz, 35
2026/09/27 11:06:31.111, 0, 0 %, 63411 MiB, 88.28 W, 2370 MHz, 12481 MHz, 35
2026/09/27 11:06:31.111, 1, 0 %, 63347 MiB, 103.17 W, 2362 MHz, 12481 MHz, 36
2026/09/27 11:06:31.361, 0, 20 %, 65139 MiB, 89.48 W, 2370 MHz, 12481 MHz, 35
2026/09/27 11:06:31.361, 1, 0 %, 63379 MiB, 115.20 W, 2377 MHz, 12481 MHz, 35
2026/09/27 11:06:31.611, 0, 0 %, 65171 MiB, 89.48 W, 2370 MHz, 12481 MHz, 35
2026/09/27 11:06:31.612, 1, 0 %, 63379 MiB, 115.33 W, 2377 MHz, 12481 MHz, 35
2026/09/27 11:06:31.862, 0, 0 %, 65171 MiB, 89.49 W, 2370 MHz, 12481 MHz, 35
2026/09/27 11:06:31.862, 1, 0 %, 63379 MiB, 114.46 W, 2362 MHz, 12481 MHz, 35
2026/09/27 11:06:32.112, 0, 0 %, 65203 MiB, 89.47 W, 2370 MHz, 12481 MHz, 35
2026/09/27 11:06:32.112, 1, 0 %, 63379 MiB, 106.31 W, 2362 MHz, 12481 MHz, 35
2026/09/27 11:06:32.362, 0, 0 %, 65203 MiB, 88.33 W, 2370 MHz, 12481 MHz, 35
2026/09/27 11:06:32.362, 1, 0 %, 63379 MiB, 94.44 W, 2362 MHz, 12481 MHz, 35
2026/09/27 11:06:32.612, 0, 0 %, 65203 MiB, 88.32 W, 2370 MHz, 12481 MHz, 35
2026/09/27 11:06:32.612, 1, 0 %, 63379 MiB, 94.35 W, 2362 MHz, 12481 MHz, 35
2026/09/27 11:06:32.862, 0, 1 %, 65235 MiB, 88.32 W, 2370 MHz, 12481 MHz, 35
2026/09/27 11:06:32.862, 1, 0 %, 63379 MiB, 94.36 W, 2362 MHz, 12481 MHz, 35
2026/09/27 11:06:33.112, 0, 0 %, 65235 MiB, 88.35 W, 2370 MHz, 12481 MHz, 35
2026/09/27 11:06:33.113, 1, 0 %, 63379 MiB, 94.36 W, 2362 MHz, 12481 MHz, 35
2026/09/27 11:06:33.363, 0, 1 %, 65267 MiB, 88.39 W, 2370 MHz, 12481 MHz, 35
2026/09/27 11:06:33.363, 1, 0 %, 63379 MiB, 94.38 W, 2362 MHz, 12481 MHz, 35
2026/09/27 11:06:33.613, 0, 0 %, 65267 MiB, 88.43 W, 2370 MHz, 12481 MHz, 35
2026/09/27 11:06:33.613, 1, 0 %, 63379 MiB, 94.37 W, 2362 MHz, 12481 MHz, 35
2026/09/27 11:06:33.863, 0, 0 %, 65299 MiB, 88.49 W, 2370 MHz, 12481 MHz, 35
2026/09/27 11:06:33.863, 1, 23 %, 65107 MiB, 95.30 W, 2362 MHz, 12481 MHz, 35
2026/09/27 11:06:34.113, 0, 0 %, 65299 MiB, 88.50 W, 2370 MHz, 12481 MHz, 35
2026/09/27 11:06:34.113, 1, 0 %, 65139 MiB, 95.77 W, 2362 MHz, 12481 MHz, 35
2026/09/27 11:06:34.363, 0, 0 %, 65299 MiB, 88.48 W, 2370 MHz, 12481 MHz, 35
2026/09/27 11:06:34.363, 1, 0 %, 65139 MiB, 102.21 W, 2370 MHz, 12481 MHz, 35
2026/09/27 11:06:34.613, 0, 0 %, 65299 MiB, 88.48 W, 2370 MHz, 12481 MHz, 35
2026/09/27 11:06:34.614, 1, 0 %, 65139 MiB, 102.31 W, 2362 MHz, 12481 MHz, 35
2026/09/27 11:06:34.864, 0, 0 %, 65299 MiB, 88.36 W, 2370 MHz, 12481 MHz, 35
2026/09/27 11:06:34.864, 1, 0 %, 65171 MiB, 101.30 W, 2362 MHz, 12481 MHz, 35
2026/09/27 11:06:35.114, 0, 0 %, 65299 MiB, 88.35 W, 2370 MHz, 12481 MHz, 35
2026/09/27 11:06:35.114, 1, 0 %, 65171 MiB, 100.81 W, 2362 MHz, 12481 MHz, 35
2026/09/27 11:06:35.364, 0, 0 %, 65299 MiB, 88.30 W, 2370 MHz, 12481 MHz, 35
2026/09/27 11:06:35.364, 1, 0 %, 65203 MiB, 94.38 W, 2362 MHz, 12481 MHz, 35
2026/09/27 11:06:35.614, 0, 0 %, 65299 MiB, 88.32 W, 2370 MHz, 12481 MHz, 35
2026/09/27 11:06:35.615, 1, 1 %, 65203 MiB, 94.33 W, 2362 MHz, 12481 MHz, 35
2026/09/27 11:06:35.865, 0, 0 %, 65299 MiB, 88.35 W, 2370 MHz, 12481 MHz, 35
2026/09/27 11:06:35.865, 1, 0 %, 65203 MiB, 94.33 W, 2362 MHz, 12481 MHz, 35
2026/09/27 11:06:36.115, 0, 0 %, 65299 MiB, 88.35 W, 2370 MHz, 12481 MHz, 35
2026/09/27 11:06:36.115, 1, 1 %, 65235 MiB, 94.36 W, 2362 MHz, 12481 MHz, 35
2026/09/27 11:06:36.365, 0, 0 %, 67027 MiB, 88.36 W, 2370 MHz, 12481 MHz, 35
2026/09/27 11:06:36.365, 1, 0 %, 65267 MiB, 100.83 W, 2370 MHz, 12481 MHz, 36
2026/09/27 11:06:36.615, 0, 20 %, 67027 MiB, 89.65 W, 2370 MHz, 12481 MHz, 35
2026/09/27 11:06:36.615, 1, 0 %, 65267 MiB, 112.75 W, 2377 MHz, 12481 MHz, 37
2026/09/27 11:06:36.866, 0, 0 %, 67027 MiB, 89.65 W, 2370 MHz, 12481 MHz, 35
2026/09/27 11:06:36.866, 1, 0 %, 65267 MiB, 131.50 W, 2377 MHz, 12481 MHz, 37
2026/09/27 11:06:37.116, 0, 0 %, 67027 MiB, 89.65 W, 2370 MHz, 12481 MHz, 35
2026/09/27 11:06:37.118, 1, 0 %, 65267 MiB, 142.75 W, 2377 MHz, 12481 MHz, 37
2026/09/27 11:06:37.368, 0, 0 %, 67059 MiB, 89.81 W, 2370 MHz, 12481 MHz, 35
2026/09/27 11:06:37.368, 1, 0 %, 65267 MiB, 139.33 W, 2362 MHz, 12481 MHz, 35
2026/09/27 11:06:37.618, 0, 0 %, 67059 MiB, 88.57 W, 2370 MHz, 12481 MHz, 35
2026/09/27 11:06:37.618, 1, 0 %, 65267 MiB, 127.31 W, 2370 MHz, 12481 MHz, 35
2026/09/27 11:06:37.868, 0, 0 %, 67091 MiB, 88.57 W, 2370 MHz, 12481 MHz, 35
2026/09/27 11:06:37.868, 1, 0 %, 65267 MiB, 109.37 W, 2362 MHz, 12481 MHz, 35
2026/09/27 11:06:38.118, 0, 0 %, 67091 MiB, 88.57 W, 2370 MHz, 12481 MHz, 35
2026/09/27 11:06:38.118, 1, 0 %, 65267 MiB, 94.70 W, 2362 MHz, 12481 MHz, 35
2026/09/27 11:06:38.369, 0, 0 %, 67123 MiB, 88.40 W, 2370 MHz, 12481 MHz, 35
2026/09/27 11:06:38.369, 1, 0 %, 65267 MiB, 94.43 W, 2362 MHz, 12481 MHz, 35
2026/09/27 11:06:38.619, 0, 0 %, 67155 MiB, 88.38 W, 2370 MHz, 12481 MHz, 35
2026/09/27 11:06:38.619, 1, 0 %, 65267 MiB, 94.36 W, 2362 MHz, 12481 MHz, 35
2026/09/27 11:06:38.869, 0, 0 %, 67155 MiB, 88.40 W, 2370 MHz, 12481 MHz, 35
2026/09/27 11:06:38.869, 1, 3 %, 66995 MiB, 94.94 W, 2362 MHz, 12481 MHz, 35
2026/09/27 11:06:39.119, 0, 0 %, 67155 MiB, 88.37 W, 2370 MHz, 12481 MHz, 35
2026/09/27 11:06:39.119, 1, 11 %, 66995 MiB, 99.01 W, 2370 MHz, 12481 MHz, 36
2026/09/27 11:06:39.369, 0, 0 %, 67155 MiB, 88.31 W, 2370 MHz, 12481 MHz, 35
2026/09/27 11:06:39.370, 1, 0 %, 66995 MiB, 118.72 W, 2377 MHz, 12481 MHz, 37
2026/09/27 11:06:39.620, 0, 0 %, 67155 MiB, 88.32 W, 2370 MHz, 12481 MHz, 35
2026/09/27 11:06:39.620, 1, 0 %, 67027 MiB, 130.28 W, 2377 MHz, 12481 MHz, 37
2026/09/27 11:06:39.870, 0, 0 %, 67155 MiB, 88.29 W, 2370 MHz, 12481 MHz, 35
2026/09/27 11:06:39.870, 1, 0 %, 67027 MiB, 136.33 W, 2370 MHz, 12481 MHz, 35
2026/09/27 11:06:40.120, 0, 0 %, 67155 MiB, 88.31 W, 2370 MHz, 12481 MHz, 35
2026/09/27 11:06:40.120, 1, 0 %, 67027 MiB, 125.55 W, 2362 MHz, 12481 MHz, 35
2026/09/27 11:06:40.370, 0, 0 %, 67155 MiB, 88.33 W, 2370 MHz, 12481 MHz, 35
2026/09/27 11:06:40.371, 1, 1 %, 67059 MiB, 122.61 W, 2370 MHz, 12481 MHz, 37
2026/09/27 11:06:40.621, 0, 0 %, 67155 MiB, 88.36 W, 2370 MHz, 12481 MHz, 35
2026/09/27 11:06:40.621, 1, 0 %, 67059 MiB, 107.41 W, 2370 MHz, 12481 MHz, 35
2026/09/27 11:06:40.871, 0, 0 %, 67155 MiB, 88.37 W, 2370 MHz, 12481 MHz, 35
2026/09/27 11:06:40.871, 1, 1 %, 67091 MiB, 106.72 W, 2362 MHz, 12481 MHz, 35
2026/09/27 11:06:41.121, 0, 0 %, 67155 MiB, 88.34 W, 2370 MHz, 12481 MHz, 35
2026/09/27 11:06:41.121, 1, 0 %, 67123 MiB, 112.41 W, 2362 MHz, 12481 MHz, 36
2026/09/27 11:06:41.371, 0, 23 %, 68915 MiB, 89.25 W, 2370 MHz, 12481 MHz, 35
2026/09/27 11:06:41.371, 1, 0 %, 67123 MiB, 116.32 W, 2377 MHz, 12481 MHz, 37
2026/09/27 11:06:41.621, 0, 0 %, 68915 MiB, 89.39 W, 2370 MHz, 12481 MHz, 35
2026/09/27 11:06:41.621, 1, 0 %, 67123 MiB, 130.94 W, 2377 MHz, 12481 MHz, 37
2026/09/27 11:06:41.872, 0, 0 %, 68915 MiB, 89.39 W, 2370 MHz, 12481 MHz, 35
2026/09/27 11:06:41.872, 1, 0 %, 67123 MiB, 142.23 W, 2377 MHz, 12481 MHz, 37
2026/09/27 11:06:42.122, 0, 0 %, 68947 MiB, 89.40 W, 2370 MHz, 12481 MHz, 35
2026/09/27 11:06:42.122, 1, 0 %, 67123 MiB, 155.95 W, 2377 MHz, 12481 MHz, 37
2026/09/27 11:06:42.372, 0, 0 %, 68947 MiB, 88.64 W, 2370 MHz, 12481 MHz, 35
2026/09/27 11:06:42.372, 1, 0 %, 67123 MiB, 152.74 W, 2377 MHz, 12481 MHz, 36
2026/09/27 11:06:42.622, 0, 0 %, 68947 MiB, 88.26 W, 2370 MHz, 12481 MHz, 35
2026/09/27 11:06:42.622, 1, 0 %, 67123 MiB, 134.37 W, 2362 MHz, 12481 MHz, 35
2026/09/27 11:06:42.872, 0, 0 %, 68979 MiB, 88.28 W, 2370 MHz, 12481 MHz, 35
2026/09/27 11:06:42.872, 1, 0 %, 67123 MiB, 122.12 W, 2362 MHz, 12481 MHz, 35
2026/09/27 11:06:43.123, 0, 0 %, 68979 MiB, 88.29 W, 2370 MHz, 12481 MHz, 35
2026/09/27 11:06:43.123, 1, 0 %, 67123 MiB, 103.65 W, 2362 MHz, 12481 MHz, 35
2026/09/27 11:06:43.373, 0, 1 %, 69011 MiB, 88.23 W, 2370 MHz, 12481 MHz, 35
2026/09/27 11:06:43.373, 1, 0 %, 67123 MiB, 94.57 W, 2362 MHz, 12481 MHz, 35
2026/09/27 11:06:43.623, 0, 0 %, 69043 MiB, 88.35 W, 2370 MHz, 12481 MHz, 35
2026/09/27 11:06:43.623, 1, 0 %, 67123 MiB, 94.58 W, 2362 MHz, 12481 MHz, 35
2026/09/27 11:06:43.873, 0, 0 %, 69043 MiB, 88.40 W, 2370 MHz, 12481 MHz, 35
2026/09/27 11:06:43.873, 1, 14 %, 68851 MiB, 95.36 W, 2362 MHz, 12481 MHz, 35
2026/09/27 11:06:44.123, 0, 0 %, 69043 MiB, 88.41 W, 2370 MHz, 12481 MHz, 35
2026/09/27 11:06:44.123, 1, 0 %, 68883 MiB, 96.44 W, 2362 MHz, 12481 MHz, 35
2026/09/27 11:06:44.374, 0, 0 %, 69043 MiB, 88.44 W, 2370 MHz, 12481 MHz, 35
2026/09/27 11:06:44.374, 1, 0 %, 68883 MiB, 96.44 W, 2362 MHz, 12481 MHz, 35
2026/09/27 11:06:44.624, 0, 0 %, 69043 MiB, 88.35 W, 2370 MHz, 12481 MHz, 35
2026/09/27 11:06:44.624, 1, 0 %, 68883 MiB, 96.30 W, 2362 MHz, 12481 MHz, 35
2026/09/27 11:06:44.874, 0, 0 %, 69043 MiB, 88.29 W, 2370 MHz, 12481 MHz, 35
2026/09/27 11:06:44.874, 1, 0 %, 68915 MiB, 95.64 W, 2362 MHz, 12481 MHz, 35
2026/09/27 11:06:45.124, 0, 0 %, 69043 MiB, 88.25 W, 2370 MHz, 12481 MHz, 35
2026/09/27 11:06:45.124, 1, 0 %, 68915 MiB, 94.39 W, 2362 MHz, 12481 MHz, 35
2026/09/27 11:06:45.374, 0, 0 %, 69043 MiB, 88.30 W, 2370 MHz, 12481 MHz, 35
2026/09/27 11:06:45.375, 1, 0 %, 68947 MiB, 94.40 W, 2362 MHz, 12481 MHz, 35
2026/09/27 11:06:45.625, 0, 0 %, 69043 MiB, 88.33 W, 2370 MHz, 12481 MHz, 35
2026/09/27 11:06:45.625, 1, 0 %, 68947 MiB, 94.49 W, 2362 MHz, 12481 MHz, 35
2026/09/27 11:06:45.875, 0, 0 %, 69043 MiB, 88.41 W, 2370 MHz, 12481 MHz, 35
2026/09/27 11:06:45.875, 1, 0 %, 68979 MiB, 94.45 W, 2362 MHz, 12481 MHz, 35
2026/09/27 11:06:46.125, 0, 0 %, 69043 MiB, 88.42 W, 2370 MHz, 12481 MHz, 35
2026/09/27 11:06:46.125, 1, 0 %, 69011 MiB, 102.49 W, 2362 MHz, 12481 MHz, 37
2026/09/27 11:06:46.375, 0, 10 %, 70771 MiB, 88.75 W, 2370 MHz, 12481 MHz, 35
2026/09/27 11:06:46.375, 1, 0 %, 69011 MiB, 109.31 W, 2377 MHz, 12481 MHz, 35
2026/09/27 11:06:46.625, 0, 3 %, 70803 MiB, 89.40 W, 2370 MHz, 12481 MHz, 35
2026/09/27 11:06:46.625, 1, 0 %, 69011 MiB, 109.02 W, 2362 MHz, 12481 MHz, 35
2026/09/27 11:06:46.876, 0, 0 %, 70803 MiB, 89.40 W, 2370 MHz, 12481 MHz, 35
2026/09/27 11:06:46.876, 1, 0 %, 69011 MiB, 109.32 W, 2362 MHz, 12481 MHz, 35
2026/09/27 11:06:47.126, 0, 1 %, 70835 MiB, 89.41 W, 2370 MHz, 12481 MHz, 35
2026/09/27 11:06:47.126, 1, 0 %, 69011 MiB, 101.17 W, 2362 MHz, 12481 MHz, 35
2026/09/27 11:06:47.376, 0, 0 %, 70835 MiB, 89.05 W, 2370 MHz, 12481 MHz, 35
2026/09/27 11:06:47.376, 1, 0 %, 69011 MiB, 94.57 W, 2362 MHz, 12481 MHz, 35
2026/09/27 11:06:47.626, 0, 0 %, 70835 MiB, 88.32 W, 2370 MHz, 12481 MHz, 35
2026/09/27 11:06:47.626, 1, 0 %, 69011 MiB, 94.46 W, 2362 MHz, 12481 MHz, 35
2026/09/27 11:06:47.876, 0, 1 %, 70867 MiB, 88.32 W, 2370 MHz, 12481 MHz, 35
2026/09/27 11:06:47.876, 1, 0 %, 69011 MiB, 94.50 W, 2362 MHz, 12481 MHz, 35
2026/09/27 11:06:48.126, 0, 0 %, 70867 MiB, 88.28 W, 2370 MHz, 12481 MHz, 35
2026/09/27 11:06:48.127, 1, 0 %, 69011 MiB, 94.53 W, 2362 MHz, 12481 MHz, 35
2026/09/27 11:06:48.377, 0, 1 %, 70899 MiB, 88.31 W, 2370 MHz, 12481 MHz, 35
2026/09/27 11:06:48.377, 1, 0 %, 69011 MiB, 94.43 W, 2362 MHz, 12481 MHz, 35
2026/09/27 11:06:48.627, 0, 0 %, 70899 MiB, 88.29 W, 2370 MHz, 12481 MHz, 35
2026/09/27 11:06:48.627, 1, 0 %, 69011 MiB, 94.43 W, 2362 MHz, 12481 MHz, 35
2026/09/27 11:06:48.877, 0, 0 %, 70931 MiB, 88.31 W, 2370 MHz, 12481 MHz, 35
2026/09/27 11:06:48.877, 1, 23 %, 70771 MiB, 95.61 W, 2362 MHz, 12481 MHz, 35
2026/09/27 11:06:49.127, 0, 0 %, 70931 MiB, 88.31 W, 2370 MHz, 12481 MHz, 35
2026/09/27 11:06:49.127, 1, 0 %, 70771 MiB, 108.84 W, 2370 MHz, 12481 MHz, 37
2026/09/27 11:06:49.377, 0, 0 %, 70931 MiB, 88.31 W, 2370 MHz, 12481 MHz, 35
2026/09/27 11:06:49.377, 1, 0 %, 70771 MiB, 120.57 W, 2377 MHz, 12481 MHz, 37
2026/09/27 11:06:49.628, 0, 0 %, 70931 MiB, 88.28 W, 2370 MHz, 12481 MHz, 35
2026/09/27 11:06:49.628, 1, 0 %, 70803 MiB, 139.55 W, 2377 MHz, 12481 MHz, 37
2026/09/27 11:06:49.878, 0, 0 %, 70931 MiB, 88.21 W, 2370 MHz, 12481 MHz, 35
2026/09/27 11:06:49.878, 1, 0 %, 70803 MiB, 139.34 W, 2370 MHz, 12481 MHz, 35
2026/09/27 11:06:50.128, 0, 0 %, 70931 MiB, 88.19 W, 2370 MHz, 12481 MHz, 35
2026/09/27 11:06:50.128, 1, 0 %, 70835 MiB, 130.55 W, 2362 MHz, 12481 MHz, 36
2026/09/27 11:06:50.378, 0, 0 %, 70931 MiB, 88.13 W, 2370 MHz, 12481 MHz, 35
2026/09/27 11:06:50.378, 1, 0 %, 70835 MiB, 130.55 W, 2377 MHz, 12481 MHz, 37
2026/09/27 11:06:50.628, 0, 0 %, 70931 MiB, 88.15 W, 2370 MHz, 12481 MHz, 35
2026/09/27 11:06:50.628, 1, 0 %, 70835 MiB, 115.49 W, 2370 MHz, 12481 MHz, 35
2026/09/27 11:06:50.878, 0, 0 %, 70931 MiB, 88.17 W, 2370 MHz, 12481 MHz, 35
2026/09/27 11:06:50.878, 1, 0 %, 70867 MiB, 117.32 W, 2362 MHz, 12481 MHz, 36
2026/09/27 11:06:51.128, 0, 11 %, 72659 MiB, 88.63 W, 2370 MHz, 12481 MHz, 35
2026/09/27 11:06:51.129, 1, 0 %, 70899 MiB, 122.84 W, 2377 MHz, 12481 MHz, 35
2026/09/27 11:06:51.379, 0, 2 %, 72691 MiB, 89.25 W, 2370 MHz, 12481 MHz, 35
2026/09/27 11:06:51.379, 1, 0 %, 70899 MiB, 109.99 W, 2362 MHz, 12481 MHz, 35
2026/09/27 11:06:51.629, 0, 0 %, 72691 MiB, 89.25 W, 2370 MHz, 12481 MHz, 35
2026/09/27 11:06:51.629, 1, 0 %, 70899 MiB, 106.67 W, 2362 MHz, 12481 MHz, 35
2026/09/27 11:06:51.879, 0, 0 %, 72691 MiB, 89.22 W, 2370 MHz, 12481 MHz, 35
2026/09/27 11:06:51.879, 1, 0 %, 70899 MiB, 103.54 W, 2362 MHz, 12481 MHz, 35
2026/09/27 11:06:52.129, 0, 0 %, 72723 MiB, 88.91 W, 2370 MHz, 12481 MHz, 35
2026/09/27 11:06:52.129, 1, 0 %, 70899 MiB, 94.59 W, 2362 MHz, 12481 MHz, 35
2026/09/27 11:06:52.379, 0, 0 %, 72723 MiB, 88.23 W, 2370 MHz, 12481 MHz, 35
2026/09/27 11:06:52.379, 1, 0 %, 70899 MiB, 94.48 W, 2362 MHz, 12481 MHz, 35
2026/09/27 11:06:52.630, 0, 0 %, 72755 MiB, 88.27 W, 2370 MHz, 12481 MHz, 35
2026/09/27 11:06:52.630, 1, 0 %, 70899 MiB, 94.45 W, 2362 MHz, 12481 MHz, 35
2026/09/27 11:06:52.880, 0, 0 %, 72755 MiB, 88.30 W, 2370 MHz, 12481 MHz, 35
2026/09/27 11:06:52.880, 1, 0 %, 70899 MiB, 94.42 W, 2362 MHz, 12481 MHz, 35
2026/09/27 11:06:53.130, 0, 0 %, 72755 MiB, 88.28 W, 2370 MHz, 12481 MHz, 35
2026/09/27 11:06:53.130, 1, 0 %, 70899 MiB, 94.39 W, 2362 MHz, 12481 MHz, 35
2026/09/27 11:06:53.380, 0, 0 %, 72787 MiB, 88.24 W, 2370 MHz, 12481 MHz, 35
2026/09/27 11:06:53.380, 1, 0 %, 70899 MiB, 94.42 W, 2362 MHz, 12481 MHz, 35
2026/09/27 11:06:53.630, 0, 0 %, 72819 MiB, 88.30 W, 2370 MHz, 12481 MHz, 35
2026/09/27 11:06:53.630, 1, 0 %, 72627 MiB, 94.42 W, 2362 MHz, 12481 MHz, 35
2026/09/27 11:06:53.881, 0, 0 %, 72819 MiB, 88.28 W, 2370 MHz, 12481 MHz, 35
2026/09/27 11:06:53.881, 1, 20 %, 72627 MiB, 95.60 W, 2362 MHz, 12481 MHz, 35
2026/09/27 11:06:54.131, 0, 0 %, 72819 MiB, 88.29 W, 2370 MHz, 12481 MHz, 35
2026/09/27 11:06:54.131, 1, 0 %, 72659 MiB, 95.64 W, 2362 MHz, 12481 MHz, 35
2026/09/27 11:06:54.381, 0, 0 %, 72819 MiB, 88.32 W, 2370 MHz, 12481 MHz, 35
2026/09/27 11:06:54.381, 1, 0 %, 72659 MiB, 95.64 W, 2362 MHz, 12481 MHz, 35
2026/09/27 11:06:54.631, 0, 0 %, 72819 MiB, 88.29 W, 2370 MHz, 12481 MHz, 35
2026/09/27 11:06:54.631, 1, 1 %, 72691 MiB, 95.60 W, 2362 MHz, 12481 MHz, 35
2026/09/27 11:06:54.881, 0, 0 %, 72819 MiB, 88.28 W, 2370 MHz, 12481 MHz, 35
2026/09/27 11:06:54.881, 1, 0 %, 72691 MiB, 94.40 W, 2362 MHz, 12481 MHz, 35
2026/09/27 11:06:55.131, 0, 0 %, 72819 MiB, 88.24 W, 2370 MHz, 12481 MHz, 35
2026/09/27 11:06:55.131, 1, 0 %, 72691 MiB, 94.30 W, 2362 MHz, 12481 MHz, 35
2026/09/27 11:06:55.381, 0, 0 %, 72819 MiB, 88.27 W, 2370 MHz, 12481 MHz, 35
2026/09/27 11:06:55.383, 1, 1 %, 72723 MiB, 94.37 W, 2362 MHz, 12481 MHz, 35
2026/09/27 11:06:55.633, 0, 0 %, 72819 MiB, 88.43 W, 2370 MHz, 12481 MHz, 35
2026/09/27 11:06:55.633, 1, 0 %, 72723 MiB, 94.60 W, 2362 MHz, 12481 MHz, 35
2026/09/27 11:06:55.883, 0, 0 %, 72819 MiB, 88.43 W, 2370 MHz, 12481 MHz, 35
2026/09/27 11:06:55.883, 1, 1 %, 72755 MiB, 94.61 W, 2362 MHz, 12481 MHz, 35
2026/09/27 11:06:56.133, 0, 0 %, 72819 MiB, 88.43 W, 2370 MHz, 12481 MHz, 35
2026/09/27 11:06:56.133, 1, 0 %, 72755 MiB, 94.63 W, 2362 MHz, 12481 MHz, 35
2026/09/27 11:06:56.383, 0, 23 %, 74547 MiB, 89.40 W, 2370 MHz, 12481 MHz, 35
2026/09/27 11:06:56.384, 1, 0 %, 72787 MiB, 94.60 W, 2362 MHz, 12481 MHz, 35
2026/09/27 11:06:56.634, 0, 0 %, 74547 MiB, 89.26 W, 2370 MHz, 12481 MHz, 35
2026/09/27 11:06:56.634, 1, 0 %, 72787 MiB, 94.34 W, 2362 MHz, 12481 MHz, 35
2026/09/27 11:06:56.884, 0, 0 %, 74547 MiB, 89.23 W, 2370 MHz, 12481 MHz, 35
2026/09/27 11:06:56.884, 1, 0 %, 72787 MiB, 94.28 W, 2362 MHz, 12481 MHz, 35
2026/09/27 11:06:57.134, 0, 0 %, 74579 MiB, 89.22 W, 2370 MHz, 12481 MHz, 35
2026/09/27 11:06:57.134, 1, 0 %, 72787 MiB, 94.29 W, 2362 MHz, 12481 MHz, 35
2026/09/27 11:06:57.384, 0, 0 %, 74579 MiB, 88.19 W, 2370 MHz, 12481 MHz, 35
2026/09/27 11:06:57.384, 1, 0 %, 72787 MiB, 94.26 W, 2362 MHz, 12481 MHz, 35
2026/09/27 11:06:57.634, 0, 0 %, 74611 MiB, 88.18 W, 2370 MHz, 12481 MHz, 35
2026/09/27 11:06:57.634, 1, 0 %, 72787 MiB, 94.22 W, 2362 MHz, 12481 MHz, 35
2026/09/27 11:06:57.884, 0, 0 %, 74611 MiB, 88.17 W, 2370 MHz, 12481 MHz, 35
2026/09/27 11:06:57.885, 1, 0 %, 72787 MiB, 94.24 W, 2362 MHz, 12481 MHz, 35
2026/09/27 11:06:58.135, 0, 0 %, 74643 MiB, 88.18 W, 2370 MHz, 12481 MHz, 35
2026/09/27 11:06:58.135, 1, 0 %, 72787 MiB, 94.24 W, 2362 MHz, 12481 MHz, 35
2026/09/27 11:06:58.385, 0, 0 %, 74675 MiB, 88.20 W, 2370 MHz, 12481 MHz, 35
2026/09/27 11:06:58.385, 1, 0 %, 72787 MiB, 94.29 W, 2362 MHz, 12481 MHz, 35
2026/09/27 11:06:58.635, 0, 0 %, 74675 MiB, 88.21 W, 2370 MHz, 12481 MHz, 35
2026/09/27 11:06:58.635, 1, 5 %, 74515 MiB, 94.81 W, 2362 MHz, 12481 MHz, 35
2026/09/27 11:06:58.885, 0, 0 %, 74675 MiB, 88.22 W, 2370 MHz, 12481 MHz, 35
2026/09/27 11:06:58.885, 1, 8 %, 74515 MiB, 95.45 W, 2362 MHz, 12481 MHz, 35
2026/09/27 11:06:59.135, 0, 0 %, 74675 MiB, 88.24 W, 2370 MHz, 12481 MHz, 35
2026/09/27 11:06:59.136, 1, 0 %, 74515 MiB, 95.43 W, 2362 MHz, 12481 MHz, 35
2026/09/27 11:06:59.386, 0, 0 %, 74675 MiB, 88.22 W, 2370 MHz, 12481 MHz, 35
2026/09/27 11:06:59.386, 1, 0 %, 74547 MiB, 95.39 W, 2362 MHz, 12481 MHz, 35
2026/09/27 11:06:59.636, 0, 0 %, 74675 MiB, 88.20 W, 2370 MHz, 12481 MHz, 35
2026/09/27 11:06:59.636, 1, 0 %, 74547 MiB, 94.94 W, 2362 MHz, 12481 MHz, 35
2026/09/27 11:06:59.886, 0, 0 %, 74675 MiB, 88.20 W, 2370 MHz, 12481 MHz, 35
2026/09/27 11:06:59.886, 1, 0 %, 74547 MiB, 94.33 W, 2362 MHz, 12481 MHz, 35
2026/09/27 11:07:00.136, 0, 0 %, 74675 MiB, 88.19 W, 2370 MHz, 12481 MHz, 35
2026/09/27 11:07:00.136, 1, 1 %, 74579 MiB, 94.40 W, 2362 MHz, 12481 MHz, 35
2026/09/27 11:07:00.386, 0, 0 %, 74675 MiB, 88.20 W, 2370 MHz, 12481 MHz, 35
2026/09/27 11:07:00.386, 1, 0 %, 74579 MiB, 94.40 W, 2362 MHz, 12481 MHz, 35
2026/09/27 11:07:00.636, 0, 0 %, 74675 MiB, 88.22 W, 2370 MHz, 12481 MHz, 35
2026/09/27 11:07:00.637, 1, 1 %, 74611 MiB, 94.42 W, 2362 MHz, 12481 MHz, 35
2026/09/27 11:07:00.887, 0, 0 %, 74675 MiB, 88.23 W, 2370 MHz, 12481 MHz, 35
2026/09/27 11:07:00.887, 1, 0 %, 74643 MiB, 102.86 W, 2370 MHz, 12481 MHz, 36
2026/09/27 11:07:01.137, 0, 21 %, 76435 MiB, 89.34 W, 2370 MHz, 12481 MHz, 35
2026/09/27 11:07:01.137, 1, 0 %, 74643 MiB, 112.90 W, 2377 MHz, 12481 MHz, 35
2026/09/27 11:07:01.387, 0, 0 %, 76435 MiB, 89.34 W, 2370 MHz, 12481 MHz, 35
2026/09/27 11:07:01.387, 1, 0 %, 74643 MiB, 112.94 W, 2362 MHz, 12481 MHz, 35
2026/09/27 11:07:01.637, 0, 0 %, 76435 MiB, 89.32 W, 2370 MHz, 12481 MHz, 35
2026/09/27 11:07:01.637, 1, 0 %, 74643 MiB, 112.96 W, 2362 MHz, 12481 MHz, 35
2026/09/27 11:07:01.887, 0, 0 %, 76435 MiB, 89.31 W, 2370 MHz, 12481 MHz, 35
2026/09/27 11:07:01.887, 1, 0 %, 74643 MiB, 105.68 W, 2362 MHz, 12481 MHz, 35
2026/09/27 11:07:02.137, 0, 0 %, 76467 MiB, 88.19 W, 2370 MHz, 12481 MHz, 35
2026/09/27 11:07:02.137, 1, 0 %, 74643 MiB, 94.36 W, 2362 MHz, 12481 MHz, 35
2026/09/27 11:07:02.388, 0, 0 %, 76467 MiB, 88.18 W, 2370 MHz, 12481 MHz, 35
2026/09/27 11:07:02.388, 1, 0 %, 74643 MiB, 94.34 W, 2362 MHz, 12481 MHz, 35
2026/09/27 11:07:02.638, 0, 1 %, 76499 MiB, 88.23 W, 2370 MHz, 12481 MHz, 35
2026/09/27 11:07:02.638, 1, 0 %, 74643 MiB, 94.31 W, 2362 MHz, 12481 MHz, 35
2026/09/27 11:07:02.888, 0, 0 %, 76499 MiB, 88.26 W, 2370 MHz, 12481 MHz, 35
2026/09/27 11:07:02.888, 1, 0 %, 74643 MiB, 94.30 W, 2362 MHz, 12481 MHz, 35
2026/09/27 11:07:03.138, 0, 1 %, 76531 MiB, 88.23 W, 2370 MHz, 12481 MHz, 35
2026/09/27 11:07:03.138, 1, 0 %, 74643 MiB, 94.31 W, 2362 MHz, 12481 MHz, 35
2026/09/27 11:07:03.388, 0, 0 %, 76563 MiB, 88.25 W, 2370 MHz, 12481 MHz, 35
2026/09/27 11:07:03.388, 1, 0 %, 74643 MiB, 94.29 W, 2362 MHz, 12481 MHz, 35
2026/09/27 11:07:03.638, 0, 0 %, 76563 MiB, 88.25 W, 2370 MHz, 12481 MHz, 35
2026/09/27 11:07:03.638, 1, 22 %, 76371 MiB, 95.06 W, 2362 MHz, 12481 MHz, 35
2026/09/27 11:07:03.888, 0, 0 %, 76563 MiB, 88.23 W, 2370 MHz, 12481 MHz, 35
2026/09/27 11:07:03.888, 1, 0 %, 76403 MiB, 95.40 W, 2362 MHz, 12481 MHz, 35
2026/09/27 11:07:04.138, 0, 0 %, 76563 MiB, 88.21 W, 2370 MHz, 12481 MHz, 35
2026/09/27 11:07:04.138, 1, 0 %, 76403 MiB, 95.67 W, 2362 MHz, 12481 MHz, 35
2026/09/27 11:07:04.389, 0, 0 %, 76563 MiB, 88.20 W, 2370 MHz, 12481 MHz, 35
2026/09/27 11:07:04.389, 1, 0 %, 76403 MiB, 95.65 W, 2362 MHz, 12481 MHz, 35
2026/09/27 11:07:04.639, 0, 0 %, 76563 MiB, 88.15 W, 2370 MHz, 12481 MHz, 35
2026/09/27 11:07:04.639, 1, 0 %, 76435 MiB, 94.93 W, 2362 MHz, 12481 MHz, 35
2026/09/27 11:07:04.889, 0, 0 %, 76563 MiB, 88.12 W, 2370 MHz, 12481 MHz, 35
2026/09/27 11:07:04.889, 1, 0 %, 76435 MiB, 94.48 W, 2362 MHz, 12481 MHz, 35
2026/09/27 11:07:05.139, 0, 0 %, 76563 MiB, 88.12 W, 2370 MHz, 12481 MHz, 35
2026/09/27 11:07:05.139, 1, 0 %, 76467 MiB, 94.26 W, 2362 MHz, 12481 MHz, 35
2026/09/27 11:07:05.389, 0, 0 %, 76563 MiB, 88.14 W, 2370 MHz, 12481 MHz, 35
2026/09/27 11:07:05.389, 1, 0 %, 76467 MiB, 94.22 W, 2362 MHz, 12481 MHz, 35
2026/09/27 11:07:05.639, 0, 0 %, 76563 MiB, 88.14 W, 2370 MHz, 12481 MHz, 35
2026/09/27 11:07:05.639, 1, 0 %, 76499 MiB, 94.23 W, 2362 MHz, 12481 MHz, 35
2026/09/27 11:07:05.889, 0, 0 %, 76563 MiB, 88.19 W, 2370 MHz, 12481 MHz, 35
2026/09/27 11:07:05.889, 1, 0 %, 76531 MiB, 94.27 W, 2362 MHz, 12481 MHz, 35
2026/09/27 11:07:06.139, 0, 17 %, 78291 MiB, 88.99 W, 2370 MHz, 12481 MHz, 35
2026/09/27 11:07:06.139, 1, 0 %, 76531 MiB, 94.37 W, 2362 MHz, 12481 MHz, 35
2026/09/27 11:07:06.389, 0, 0 %, 78323 MiB, 89.44 W, 2370 MHz, 12481 MHz, 35
2026/09/27 11:07:06.390, 1, 0 %, 76531 MiB, 94.36 W, 2362 MHz, 12481 MHz, 35
2026/09/27 11:07:06.640, 0, 0 %, 78323 MiB, 89.45 W, 2370 MHz, 12481 MHz, 35
2026/09/27 11:07:06.640, 1, 0 %, 76531 MiB, 94.39 W, 2362 MHz, 12481 MHz, 35
2026/09/27 11:07:06.890, 0, 0 %, 78355 MiB, 89.44 W, 2370 MHz, 12481 MHz, 35
2026/09/27 11:07:06.890, 1, 0 %, 76531 MiB, 94.41 W, 2362 MHz, 12481 MHz, 35
2026/09/27 11:07:07.140, 0, 0 %, 78355 MiB, 88.79 W, 2370 MHz, 12481 MHz, 35
2026/09/27 11:07:07.140, 1, 0 %, 76531 MiB, 94.25 W, 2362 MHz, 12481 MHz, 35
2026/09/27 11:07:07.390, 0, 0 %, 78355 MiB, 88.26 W, 2370 MHz, 12481 MHz, 35
2026/09/27 11:07:07.390, 1, 0 %, 76531 MiB, 94.29 W, 2362 MHz, 12481 MHz, 35
2026/09/27 11:07:07.640, 0, 1 %, 78387 MiB, 88.25 W, 2370 MHz, 12481 MHz, 35
2026/09/27 11:07:07.640, 1, 0 %, 76531 MiB, 94.28 W, 2362 MHz, 12481 MHz, 35
2026/09/27 11:07:07.890, 0, 0 %, 78387 MiB, 88.26 W, 2370 MHz, 12481 MHz, 35
2026/09/27 11:07:07.890, 1, 0 %, 76531 MiB, 94.24 W, 2362 MHz, 12481 MHz, 35
2026/09/27 11:07:08.140, 0, 0 %, 78419 MiB, 88.24 W, 2370 MHz, 12481 MHz, 35
2026/09/27 11:07:08.140, 1, 0 %, 76531 MiB, 94.25 W, 2362 MHz, 12481 MHz, 35
2026/09/27 11:07:08.390, 0, 0 %, 78419 MiB, 88.24 W, 2370 MHz, 12481 MHz, 35
2026/09/27 11:07:08.390, 1, 0 %, 76531 MiB, 94.26 W, 2362 MHz, 12481 MHz, 35
2026/09/27 11:07:08.641, 0, 0 %, 78451 MiB, 88.32 W, 2370 MHz, 12481 MHz, 35
2026/09/27 11:07:08.641, 1, 22 %, 78291 MiB, 95.65 W, 2362 MHz, 12481 MHz, 35
2026/09/27 11:07:08.891, 0, 0 %, 78451 MiB, 88.32 W, 2370 MHz, 12481 MHz, 35
2026/09/27 11:07:08.891, 1, 0 %, 78291 MiB, 95.75 W, 2362 MHz, 12481 MHz, 34
2026/09/27 11:07:09.141, 0, 0 %, 78451 MiB, 88.27 W, 2370 MHz, 12481 MHz, 35
2026/09/27 11:07:09.141, 1, 0 %, 78291 MiB, 95.81 W, 2362 MHz, 12481 MHz, 35
2026/09/27 11:07:09.391, 0, 0 %, 78451 MiB, 88.25 W, 2370 MHz, 12481 MHz, 35
2026/09/27 11:07:09.391, 1, 0 %, 78323 MiB, 95.79 W, 2362 MHz, 12481 MHz, 35
2026/09/27 11:07:09.641, 0, 0 %, 78451 MiB, 88.15 W, 2370 MHz, 12481 MHz, 35
2026/09/27 11:07:09.641, 1, 0 %, 78323 MiB, 94.36 W, 2362 MHz, 12481 MHz, 35
2026/09/27 11:07:09.891, 0, 0 %, 78451 MiB, 88.14 W, 2370 MHz, 12481 MHz, 35
2026/09/27 11:07:09.891, 1, 0 %, 78323 MiB, 94.25 W, 2362 MHz, 12481 MHz, 34
2026/09/27 11:07:10.142, 0, 0 %, 78451 MiB, 88.18 W, 2370 MHz, 12481 MHz, 35
2026/09/27 11:07:10.142, 1, 1 %, 78355 MiB, 94.25 W, 2362 MHz, 12481 MHz, 34
2026/09/27 11:07:10.392, 0, 0 %, 78451 MiB, 88.21 W, 2370 MHz, 12481 MHz, 35
2026/09/27 11:07:10.392, 1, 0 %, 78355 MiB, 94.20 W, 2362 MHz, 12481 MHz, 34
2026/09/27 11:07:10.642, 0, 0 %, 78451 MiB, 88.22 W, 2370 MHz, 12481 MHz, 35
2026/09/27 11:07:10.642, 1, 0 %, 78387 MiB, 94.24 W, 2362 MHz, 12481 MHz, 34
2026/09/27 11:07:10.892, 0, 0 %, 78451 MiB, 88.23 W, 2370 MHz, 12481 MHz, 35
2026/09/27 11:07:10.892, 1, 0 %, 78387 MiB, 94.31 W, 2362 MHz, 12481 MHz, 35
2026/09/27 11:07:11.142, 0, 14 %, 80179 MiB, 89.33 W, 2370 MHz, 12481 MHz, 35
2026/09/27 11:07:11.144, 1, 0 %, 78419 MiB, 94.37 W, 2362 MHz, 12481 MHz, 35
2026/09/27 11:07:11.394, 0, 0 %, 80211 MiB, 89.47 W, 2370 MHz, 12481 MHz, 35
2026/09/27 11:07:11.394, 1, 0 %, 78419 MiB, 94.48 W, 2362 MHz, 12481 MHz, 35
2026/09/27 11:07:11.647, 0, 0 %, 80211 MiB, 89.50 W, 2370 MHz, 12481 MHz, 35
2026/09/27 11:07:11.647, 1, 0 %, 78419 MiB, 94.50 W, 2362 MHz, 12481 MHz, 34
2026/09/27 11:07:11.897, 0, 0 %, 80243 MiB, 89.50 W, 2370 MHz, 12481 MHz, 35
2026/09/27 11:07:11.897, 1, 0 %, 78419 MiB, 94.45 W, 2362 MHz, 12481 MHz, 34
2026/09/27 11:07:12.147, 0, 0 %, 80243 MiB, 88.46 W, 2370 MHz, 12481 MHz, 35
2026/09/27 11:07:12.147, 1, 0 %, 78419 MiB, 94.33 W, 2362 MHz, 12481 MHz, 34
2026/09/27 11:07:12.397, 0, 0 %, 80243 MiB, 88.32 W, 2370 MHz, 12481 MHz, 35
2026/09/27 11:07:12.397, 1, 0 %, 78419 MiB, 94.22 W, 2362 MHz, 12481 MHz, 34
2026/09/27 11:07:12.647, 0, 1 %, 80275 MiB, 88.31 W, 2370 MHz, 12481 MHz, 35
2026/09/27 11:07:12.648, 1, 0 %, 78419 MiB, 94.25 W, 2377 MHz, 12481 MHz, 34
2026/09/27 11:07:12.898, 0, 0 %, 80275 MiB, 88.33 W, 2370 MHz, 12481 MHz, 35
2026/09/27 11:07:12.898, 1, 0 %, 78419 MiB, 94.24 W, 2377 MHz, 12481 MHz, 35
2026/09/27 11:07:13.148, 0, 1 %, 80307 MiB, 88.28 W, 2370 MHz, 12481 MHz, 35
2026/09/27 11:07:13.148, 1, 0 %, 78419 MiB, 94.27 W, 2377 MHz, 12481 MHz, 34
2026/09/27 11:07:13.398, 0, 0 %, 80307 MiB, 88.29 W, 2370 MHz, 12481 MHz, 35
2026/09/27 11:07:13.398, 1, 0 %, 78419 MiB, 94.33 W, 2377 MHz, 12481 MHz, 34
2026/09/27 11:07:13.648, 0, 0 %, 80339 MiB, 88.28 W, 2370 MHz, 12481 MHz, 35
2026/09/27 11:07:13.648, 1, 19 %, 80147 MiB, 95.19 W, 2377 MHz, 12481 MHz, 34
2026/09/27 11:07:13.898, 0, 0 %, 80339 MiB, 88.25 W, 2370 MHz, 12481 MHz, 35
2026/09/27 11:07:13.898, 1, 0 %, 80179 MiB, 104.09 W, 2377 MHz, 12481 MHz, 36
2026/09/27 11:07:14.148, 0, 0 %, 80339 MiB, 88.23 W, 2370 MHz, 12481 MHz, 35
2026/09/27 11:07:14.149, 1, 0 %, 80179 MiB, 104.14 W, 2370 MHz, 12481 MHz, 35
2026/09/27 11:07:14.399, 0, 0 %, 80339 MiB, 88.15 W, 2370 MHz, 12481 MHz, 35
2026/09/27 11:07:14.399, 1, 0 %, 80179 MiB, 104.35 W, 2362 MHz, 12481 MHz, 35
2026/09/27 11:07:14.649, 0, 0 %, 80339 MiB, 88.15 W, 2370 MHz, 12481 MHz, 35
2026/09/27 11:07:14.649, 1, 0 %, 80211 MiB, 103.43 W, 2362 MHz, 12481 MHz, 34
2026/09/27 11:07:14.899, 0, 0 %, 80339 MiB, 88.14 W, 2370 MHz, 12481 MHz, 35
2026/09/27 11:07:14.899, 1, 0 %, 80211 MiB, 95.19 W, 2377 MHz, 12481 MHz, 34
2026/09/27 11:07:15.149, 0, 0 %, 80339 MiB, 88.16 W, 2370 MHz, 12481 MHz, 35
2026/09/27 11:07:15.149, 1, 0 %, 80243 MiB, 94.40 W, 2377 MHz, 12481 MHz, 34
2026/09/27 11:07:15.399, 0, 0 %, 80339 MiB, 88.17 W, 2370 MHz, 12481 MHz, 35
2026/09/27 11:07:15.399, 1, 0 %, 80243 MiB, 94.41 W, 2377 MHz, 12481 MHz, 34
2026/09/27 11:07:15.649, 0, 0 %, 80339 MiB, 88.20 W, 2370 MHz, 12481 MHz, 35
2026/09/27 11:07:15.649, 1, 0 %, 80275 MiB, 94.39 W, 2377 MHz, 12481 MHz, 34
2026/09/27 11:07:15.899, 0, 0 %, 80339 MiB, 88.23 W, 2370 MHz, 12481 MHz, 35
2026/09/27 11:07:15.900, 1, 0 %, 80275 MiB, 106.10 W, 2385 MHz, 12481 MHz, 36
2026/09/27 11:07:16.150, 0, 13 %, 82067 MiB, 88.90 W, 2370 MHz, 12481 MHz, 35
2026/09/27 11:07:16.150, 1, 0 %, 80307 MiB, 116.63 W, 2377 MHz, 12481 MHz, 35
2026/09/27 11:07:16.400, 0, 1 %, 82067 MiB, 89.42 W, 2370 MHz, 12481 MHz, 35
2026/09/27 11:07:16.400, 1, 0 %, 80307 MiB, 116.65 W, 2362 MHz, 12481 MHz, 35
2026/09/27 11:07:16.650, 0, 0 %, 82067 MiB, 89.38 W, 2370 MHz, 12481 MHz, 35
2026/09/27 11:07:16.650, 1, 0 %, 80307 MiB, 117.02 W, 2362 MHz, 12481 MHz, 35
2026/09/27 11:07:16.900, 0, 0 %, 82099 MiB, 89.46 W, 2370 MHz, 12481 MHz, 35
2026/09/27 11:07:16.900, 1, 0 %, 80307 MiB, 105.21 W, 2362 MHz, 12481 MHz, 34
2026/09/27 11:07:17.151, 0, 0 %, 82099 MiB, 88.79 W, 2370 MHz, 12481 MHz, 35
2026/09/27 11:07:17.151, 1, 0 %, 80307 MiB, 94.40 W, 2362 MHz, 12481 MHz, 35
2026/09/27 11:07:17.401, 0, 0 %, 82099 MiB, 88.30 W, 2370 MHz, 12481 MHz, 35
2026/09/27 11:07:17.401, 1, 0 %, 80307 MiB, 94.44 W, 2362 MHz, 12481 MHz, 35
2026/09/27 11:07:17.651, 0, 1 %, 82131 MiB, 88.33 W, 2370 MHz, 12481 MHz, 35
2026/09/27 11:07:17.651, 1, 0 %, 80307 MiB, 94.48 W, 2362 MHz, 12481 MHz, 35
2026/09/27 11:07:17.901, 0, 0 %, 82131 MiB, 88.23 W, 2370 MHz, 12481 MHz, 35
2026/09/27 11:07:17.901, 1, 0 %, 80307 MiB, 94.37 W, 2362 MHz, 12481 MHz, 34
2026/09/27 11:07:18.151, 0, 1 %, 82163 MiB, 88.21 W, 2370 MHz, 12481 MHz, 35
2026/09/27 11:07:18.151, 1, 0 %, 80307 MiB, 94.36 W, 2362 MHz, 12481 MHz, 34
2026/09/27 11:07:18.401, 0, 0 %, 82195 MiB, 88.20 W, 2370 MHz, 12481 MHz, 35
2026/09/27 11:07:18.401, 1, 0 %, 80307 MiB, 94.33 W, 2362 MHz, 12481 MHz, 34
2026/09/27 11:07:18.651, 0, 0 %, 82195 MiB, 88.21 W, 2370 MHz, 12481 MHz, 35
2026/09/27 11:07:18.651, 1, 22 %, 82035 MiB, 95.45 W, 2362 MHz, 12481 MHz, 35
2026/09/27 11:07:18.901, 0, 0 %, 82195 MiB, 88.22 W, 2370 MHz, 12481 MHz, 35
2026/09/27 11:07:18.902, 1, 0 %, 82035 MiB, 95.72 W, 2362 MHz, 12481 MHz, 34
2026/09/27 11:07:19.152, 0, 0 %, 82195 MiB, 88.22 W, 2370 MHz, 12481 MHz, 35
2026/09/27 11:07:19.152, 1, 0 %, 82035 MiB, 95.68 W, 2362 MHz, 12481 MHz, 34
2026/09/27 11:07:19.402, 0, 0 %, 82195 MiB, 88.25 W, 2370 MHz, 12481 MHz, 35
2026/09/27 11:07:19.402, 1, 0 %, 82067 MiB, 95.67 W, 2362 MHz, 12481 MHz, 34
2026/09/27 11:07:19.652, 0, 0 %, 82195 MiB, 88.19 W, 2370 MHz, 12481 MHz, 35
2026/09/27 11:07:19.652, 1, 0 %, 82067 MiB, 94.46 W, 2362 MHz, 12481 MHz, 34
2026/09/27 11:07:19.902, 0, 0 %, 82195 MiB, 88.18 W, 2370 MHz, 12481 MHz, 35
2026/09/27 11:07:19.902, 1, 0 %, 82099 MiB, 94.19 W, 2370 MHz, 12481 MHz, 34
2026/09/27 11:07:20.152, 0, 0 %, 82195 MiB, 88.18 W, 2370 MHz, 12481 MHz, 35
2026/09/27 11:07:20.152, 1, 0 %, 82099 MiB, 94.23 W, 2377 MHz, 12481 MHz, 34
2026/09/27 11:07:20.402, 0, 0 %, 82195 MiB, 88.19 W, 2370 MHz, 12481 MHz, 35
2026/09/27 11:07:20.402, 1, 0 %, 82099 MiB, 94.27 W, 2377 MHz, 12481 MHz, 34
2026/09/27 11:07:20.652, 0, 0 %, 82195 MiB, 88.20 W, 2370 MHz, 12481 MHz, 35
2026/09/27 11:07:20.652, 1, 0 %, 82131 MiB, 94.34 W, 2377 MHz, 12481 MHz, 34
2026/09/27 11:07:20.903, 0, 0 %, 83923 MiB, 88.20 W, 2370 MHz, 12481 MHz, 35
2026/09/27 11:07:20.903, 1, 0 %, 82163 MiB, 98.89 W, 2377 MHz, 12481 MHz, 36
2026/09/27 11:07:21.153, 0, 7 %, 83955 MiB, 89.22 W, 2370 MHz, 12481 MHz, 35
2026/09/27 11:07:21.153, 1, 0 %, 82163 MiB, 103.58 W, 2370 MHz, 12481 MHz, 35
2026/09/27 11:07:21.403, 0, 0 %, 83955 MiB, 89.23 W, 2370 MHz, 12481 MHz, 35
2026/09/27 11:07:21.403, 1, 0 %, 82163 MiB, 103.40 W, 2362 MHz, 12481 MHz, 34
2026/09/27 11:07:21.653, 0, 0 %, 83955 MiB, 89.19 W, 2370 MHz, 12481 MHz, 35
2026/09/27 11:07:21.653, 1, 0 %, 82163 MiB, 103.54 W, 2362 MHz, 12481 MHz, 34
2026/09/27 11:07:21.903, 0, 0 %, 83987 MiB, 89.20 W, 2370 MHz, 12481 MHz, 35
2026/09/27 11:07:21.903, 1, 0 %, 82163 MiB, 100.11 W, 2377 MHz, 12481 MHz, 34
2026/09/27 11:07:22.153, 0, 0 %, 83987 MiB, 88.16 W, 2370 MHz, 12481 MHz, 35
2026/09/27 11:07:22.153, 1, 0 %, 82163 MiB, 94.40 W, 2377 MHz, 12481 MHz, 34
2026/09/27 11:07:22.403, 0, 0 %, 83987 MiB, 88.14 W, 2370 MHz, 12481 MHz, 35
2026/09/27 11:07:22.404, 1, 0 %, 82163 MiB, 94.34 W, 2377 MHz, 12481 MHz, 34
2026/09/27 11:07:22.654, 0, 1 %, 84019 MiB, 88.16 W, 2370 MHz, 12481 MHz, 35
2026/09/27 11:07:22.654, 1, 0 %, 82163 MiB, 94.30 W, 2377 MHz, 12481 MHz, 34
2026/09/27 11:07:22.904, 0, 0 %, 84019 MiB, 88.15 W, 2370 MHz, 12481 MHz, 35
2026/09/27 11:07:22.904, 1, 0 %, 82163 MiB, 94.32 W, 2377 MHz, 12481 MHz, 34
2026/09/27 11:07:23.154, 0, 0 %, 84051 MiB, 88.15 W, 2370 MHz, 12481 MHz, 35
2026/09/27 11:07:23.154, 1, 0 %, 82163 MiB, 94.26 W, 2377 MHz, 12481 MHz, 34
2026/09/27 11:07:23.404, 0, 0 %, 84083 MiB, 88.16 W, 2370 MHz, 12481 MHz, 35
2026/09/27 11:07:23.404, 1, 0 %, 82163 MiB, 94.27 W, 2377 MHz, 12481 MHz, 34
2026/09/27 11:07:23.654, 0, 0 %, 84083 MiB, 88.22 W, 2370 MHz, 12481 MHz, 35
2026/09/27 11:07:23.654, 1, 23 %, 83923 MiB, 95.57 W, 2377 MHz, 12481 MHz, 35
2026/09/27 11:07:23.904, 0, 0 %, 84083 MiB, 88.24 W, 2370 MHz, 12481 MHz, 35
2026/09/27 11:07:23.905, 1, 0 %, 83923 MiB, 95.63 W, 2377 MHz, 12481 MHz, 34
2026/09/27 11:07:24.155, 0, 0 %, 84083 MiB, 88.23 W, 2370 MHz, 12481 MHz, 35
2026/09/27 11:07:24.155, 1, 0 %, 83923 MiB, 95.64 W, 2377 MHz, 12481 MHz, 34
2026/09/27 11:07:24.405, 0, 0 %, 84083 MiB, 88.24 W, 2370 MHz, 12481 MHz, 35
2026/09/27 11:07:24.405, 1, 0 %, 83955 MiB, 95.65 W, 2377 MHz, 12481 MHz, 34
2026/09/27 11:07:24.655, 0, 0 %, 84083 MiB, 88.15 W, 2370 MHz, 12481 MHz, 35
2026/09/27 11:07:24.655, 1, 0 %, 83955 MiB, 96.77 W, 2370 MHz, 12481 MHz, 34
2026/09/27 11:07:24.905, 0, 0 %, 84083 MiB, 88.16 W, 2370 MHz, 12481 MHz, 35
2026/09/27 11:07:24.905, 1, 0 %, 83955 MiB, 96.66 W, 2377 MHz, 12481 MHz, 34
2026/09/27 11:07:25.155, 0, 0 %, 84083 MiB, 88.17 W, 2370 MHz, 12481 MHz, 35
2026/09/27 11:07:25.155, 1, 0 %, 83987 MiB, 96.69 W, 2377 MHz, 12481 MHz, 34
2026/09/27 11:07:25.405, 0, 0 %, 84083 MiB, 88.18 W, 2370 MHz, 12481 MHz, 35
2026/09/27 11:07:25.405, 1, 0 %, 83987 MiB, 96.68 W, 2377 MHz, 12481 MHz, 34
2026/09/27 11:07:25.655, 0, 0 %, 84083 MiB, 88.18 W, 2370 MHz, 12481 MHz, 35
2026/09/27 11:07:25.655, 1, 1 %, 84019 MiB, 94.32 W, 2377 MHz, 12481 MHz, 34
2026/09/27 11:07:25.906, 0, 0 %, 84083 MiB, 88.13 W, 2370 MHz, 12481 MHz, 35
2026/09/27 11:07:25.906, 1, 0 %, 84051 MiB, 94.31 W, 2377 MHz, 12481 MHz, 34
2026/09/27 11:07:26.156, 0, 9 %, 87283 MiB, 89.54 W, 2370 MHz, 12481 MHz, 35
2026/09/27 11:07:26.156, 1, 0 %, 87251 MiB, 99.38 W, 2377 MHz, 12481 MHz, 36
2026/09/27 11:07:26.406, 0, 0 %, 87283 MiB, 89.55 W, 2370 MHz, 12481 MHz, 35
2026/09/27 11:07:26.406, 1, 0 %, 87251 MiB, 104.87 W, 2377 MHz, 12481 MHz, 35
2026/09/27 11:07:26.656, 0, 0 %, 87283 MiB, 89.62 W, 2370 MHz, 12481 MHz, 35
2026/09/27 11:07:26.656, 1, 0 %, 87251 MiB, 104.72 W, 2370 MHz, 12481 MHz, 34
2026/09/27 11:07:26.906, 0, 41 %, 87423 MiB, 118.28 W, 2347 MHz, 12481 MHz, 37
2026/09/27 11:07:26.906, 1, 99 %, 87391 MiB, 138.57 W, 2355 MHz, 12481 MHz, 40
2026/09/27 11:07:27.156, 0, 99 %, 87423 MiB, 175.42 W, 2340 MHz, 12481 MHz, 40
2026/09/27 11:07:27.157, 1, 99 %, 87391 MiB, 192.07 W, 2325 MHz, 12481 MHz, 40
2026/09/27 11:07:27.407, 0, 75 %, 87423 MiB, 205.07 W, 2340 MHz, 12481 MHz, 40
2026/09/27 11:07:27.407, 1, 68 %, 87391 MiB, 216.90 W, 2332 MHz, 12481 MHz, 40
2026/09/27 11:07:27.657, 0, 99 %, 87423 MiB, 261.30 W, 2332 MHz, 12481 MHz, 40
2026/09/27 11:07:27.657, 1, 99 %, 87391 MiB, 276.48 W, 2325 MHz, 12481 MHz, 40
2026/09/27 11:07:27.907, 0, 99 %, 87423 MiB, 272.46 W, 2332 MHz, 12481 MHz, 40
2026/09/27 11:07:27.907, 1, 99 %, 87391 MiB, 284.11 W, 2317 MHz, 12481 MHz, 40
2026/09/27 11:07:28.157, 0, 99 %, 87423 MiB, 282.58 W, 2332 MHz, 12481 MHz, 41
2026/09/27 11:07:28.157, 1, 99 %, 87391 MiB, 293.13 W, 2317 MHz, 12481 MHz, 40
2026/09/27 11:07:28.407, 0, 99 %, 87423 MiB, 296.77 W, 2332 MHz, 12481 MHz, 41
2026/09/27 11:07:28.408, 1, 99 %, 87391 MiB, 307.25 W, 2317 MHz, 12481 MHz, 40
2026/09/27 11:07:28.658, 0, 99 %, 87423 MiB, 305.81 W, 2332 MHz, 12481 MHz, 41
2026/09/27 11:07:28.658, 1, 99 %, 87391 MiB, 310.79 W, 2310 MHz, 12481 MHz, 41
2026/09/27 11:07:28.908, 0, 99 %, 87423 MiB, 305.99 W, 2332 MHz, 12481 MHz, 41
2026/09/27 11:07:28.908, 1, 99 %, 87391 MiB, 310.99 W, 2317 MHz, 12481 MHz, 41
2026/09/27 11:07:29.158, 0, 99 %, 87423 MiB, 306.74 W, 2332 MHz, 12481 MHz, 41
2026/09/27 11:07:29.158, 1, 99 %, 87391 MiB, 312.14 W, 2325 MHz, 12481 MHz, 41
2026/09/27 11:07:29.408, 0, 99 %, 87423 MiB, 307.71 W, 2332 MHz, 12481 MHz, 41
2026/09/27 11:07:29.408, 1, 99 %, 87391 MiB, 312.94 W, 2325 MHz, 12481 MHz, 41
2026/09/27 11:07:29.658, 0, 99 %, 87423 MiB, 307.52 W, 2332 MHz, 12481 MHz, 41
2026/09/27 11:07:29.658, 1, 99 %, 87391 MiB, 313.69 W, 2317 MHz, 12481 MHz, 41
2026/09/27 11:07:29.908, 0, 99 %, 87423 MiB, 307.84 W, 2332 MHz, 12481 MHz, 42
2026/09/27 11:07:29.908, 1, 99 %, 87391 MiB, 314.18 W, 2317 MHz, 12481 MHz, 42
2026/09/27 11:07:30.158, 0, 56 %, 87423 MiB, 297.20 W, 2332 MHz, 12481 MHz, 39
2026/09/27 11:07:30.158, 1, 81 %, 87391 MiB, 309.95 W, 2325 MHz, 12481 MHz, 42
2026/09/27 11:07:30.409, 0, 99 %, 87423 MiB, 296.11 W, 2332 MHz, 12481 MHz, 42
2026/09/27 11:07:30.409, 1, 67 %, 87391 MiB, 309.05 W, 2325 MHz, 12481 MHz, 42
2026/09/27 11:07:30.659, 0, 99 %, 87423 MiB, 296.25 W, 2332 MHz, 12481 MHz, 42
2026/09/27 11:07:30.659, 1, 99 %, 87391 MiB, 309.63 W, 2317 MHz, 12481 MHz, 42
2026/09/27 11:07:30.909, 0, 99 %, 87423 MiB, 296.29 W, 2332 MHz, 12481 MHz, 42
2026/09/27 11:07:30.909, 1, 99 %, 87391 MiB, 310.06 W, 2317 MHz, 12481 MHz, 42
2026/09/27 11:07:31.159, 0, 99 %, 87423 MiB, 305.09 W, 2332 MHz, 12481 MHz, 42
2026/09/27 11:07:31.159, 1, 99 %, 87391 MiB, 313.93 W, 2325 MHz, 12481 MHz, 42
2026/09/27 11:07:31.409, 0, 99 %, 87423 MiB, 309.40 W, 2332 MHz, 12481 MHz, 42
2026/09/27 11:07:31.409, 1, 99 %, 87391 MiB, 314.51 W, 2317 MHz, 12481 MHz, 42
2026/09/27 11:07:31.660, 0, 99 %, 87423 MiB, 309.83 W, 2332 MHz, 12481 MHz, 42
2026/09/27 11:07:31.661, 1, 99 %, 87391 MiB, 314.57 W, 2317 MHz, 12481 MHz, 42
2026/09/27 11:07:31.911, 0, 99 %, 87423 MiB, 309.69 W, 2332 MHz, 12481 MHz, 42
2026/09/27 11:07:31.911, 1, 98 %, 87391 MiB, 314.59 W, 2325 MHz, 12481 MHz, 42
2026/09/27 11:07:32.161, 0, 98 %, 87423 MiB, 309.96 W, 2332 MHz, 12481 MHz, 43
2026/09/27 11:07:32.161, 1, 99 %, 87391 MiB, 314.90 W, 2317 MHz, 12481 MHz, 42
2026/09/27 11:07:32.411, 0, 99 %, 87423 MiB, 310.04 W, 2332 MHz, 12481 MHz, 43
2026/09/27 11:07:32.411, 1, 99 %, 87391 MiB, 314.56 W, 2317 MHz, 12481 MHz, 43
2026/09/27 11:07:32.661, 0, 99 %, 87423 MiB, 310.00 W, 2332 MHz, 12481 MHz, 43
2026/09/27 11:07:32.661, 1, 99 %, 87391 MiB, 315.08 W, 2325 MHz, 12481 MHz, 43
2026/09/27 11:07:32.912, 0, 81 %, 87423 MiB, 304.24 W, 2332 MHz, 12481 MHz, 40
2026/09/27 11:07:32.912, 1, 98 %, 87391 MiB, 311.56 W, 2325 MHz, 12481 MHz, 44
2026/09/27 11:07:33.162, 0, 99 %, 87423 MiB, 300.45 W, 2332 MHz, 12481 MHz, 43
2026/09/27 11:07:33.162, 1, 99 %, 87391 MiB, 310.23 W, 2325 MHz, 12481 MHz, 43
2026/09/27 11:07:33.412, 0, 99 %, 87423 MiB, 300.09 W, 2332 MHz, 12481 MHz, 43
2026/09/27 11:07:33.412, 1, 99 %, 87391 MiB, 310.34 W, 2317 MHz, 12481 MHz, 43
2026/09/27 11:07:33.662, 0, 99 %, 87423 MiB, 300.35 W, 2332 MHz, 12481 MHz, 43
2026/09/27 11:07:33.662, 1, 99 %, 87391 MiB, 309.99 W, 2317 MHz, 12481 MHz, 43
2026/09/27 11:07:33.912, 0, 99 %, 87423 MiB, 302.33 W, 2332 MHz, 12481 MHz, 43
2026/09/27 11:07:33.912, 1, 98 %, 87391 MiB, 310.94 W, 2317 MHz, 12481 MHz, 43
2026/09/27 11:07:34.162, 0, 99 %, 87423 MiB, 310.70 W, 2332 MHz, 12481 MHz, 43
2026/09/27 11:07:34.162, 1, 99 %, 87391 MiB, 315.01 W, 2317 MHz, 12481 MHz, 43
2026/09/27 11:07:34.412, 0, 99 %, 87423 MiB, 311.38 W, 2332 MHz, 12481 MHz, 43
2026/09/27 11:07:34.412, 1, 99 %, 87391 MiB, 315.31 W, 2317 MHz, 12481 MHz, 43
2026/09/27 11:07:34.662, 0, 99 %, 87423 MiB, 312.43 W, 2332 MHz, 12481 MHz, 44
2026/09/27 11:07:34.662, 1, 99 %, 87391 MiB, 315.33 W, 2317 MHz, 12481 MHz, 43
2026/09/27 11:07:34.913, 0, 99 %, 87423 MiB, 313.40 W, 2332 MHz, 12481 MHz, 44
2026/09/27 11:07:34.913, 1, 99 %, 87391 MiB, 316.17 W, 2317 MHz, 12481 MHz, 43
2026/09/27 11:07:35.163, 0, 99 %, 87423 MiB, 314.23 W, 2332 MHz, 12481 MHz, 44
2026/09/27 11:07:35.163, 1, 99 %, 87391 MiB, 316.37 W, 2325 MHz, 12481 MHz, 44
2026/09/27 11:07:35.413, 0, 99 %, 87423 MiB, 314.46 W, 2332 MHz, 12481 MHz, 44
2026/09/27 11:07:35.413, 1, 99 %, 87391 MiB, 316.26 W, 2317 MHz, 12481 MHz, 44
2026/09/27 11:07:35.663, 0, 90 %, 87423 MiB, 302.78 W, 2362 MHz, 12481 MHz, 43
2026/09/27 11:07:35.663, 1, 53 %, 87391 MiB, 308.98 W, 2332 MHz, 12481 MHz, 43
2026/09/27 11:07:35.913, 0, 99 %, 87423 MiB, 301.83 W, 2332 MHz, 12481 MHz, 44
2026/09/27 11:07:35.913, 1, 99 %, 87391 MiB, 308.42 W, 2325 MHz, 12481 MHz, 43
2026/09/27 11:07:36.163, 0, 99 %, 87423 MiB, 300.71 W, 2332 MHz, 12481 MHz, 44
2026/09/27 11:07:36.163, 1, 99 %, 87391 MiB, 309.85 W, 2325 MHz, 12481 MHz, 44
2026/09/27 11:07:36.413, 0, 99 %, 87423 MiB, 300.57 W, 2332 MHz, 12481 MHz, 44
2026/09/27 11:07:36.413, 1, 99 %, 87391 MiB, 310.75 W, 2325 MHz, 12481 MHz, 44
2026/09/27 11:07:36.663, 0, 99 %, 87423 MiB, 312.17 W, 2332 MHz, 12481 MHz, 44
2026/09/27 11:07:36.663, 1, 99 %, 87391 MiB, 318.79 W, 2325 MHz, 12481 MHz, 44
2026/09/27 11:07:36.913, 0, 99 %, 87423 MiB, 313.44 W, 2332 MHz, 12481 MHz, 44
2026/09/27 11:07:36.913, 1, 99 %, 87391 MiB, 317.05 W, 2325 MHz, 12481 MHz, 43
2026/09/27 11:07:37.164, 0, 99 %, 87423 MiB, 314.28 W, 2332 MHz, 12481 MHz, 44
2026/09/27 11:07:37.164, 1, 99 %, 87391 MiB, 313.72 W, 2347 MHz, 12481 MHz, 43
2026/09/27 11:07:37.414, 0, 99 %, 87423 MiB, 314.85 W, 2332 MHz, 12481 MHz, 44
2026/09/27 11:07:37.414, 1, 99 %, 87391 MiB, 311.28 W, 2340 MHz, 12481 MHz, 44
2026/09/27 11:07:37.664, 0, 99 %, 87423 MiB, 315.60 W, 2332 MHz, 12481 MHz, 44
2026/09/27 11:07:37.664, 1, 99 %, 87391 MiB, 305.45 W, 2362 MHz, 12481 MHz, 43
2026/09/27 11:07:37.914, 0, 99 %, 87423 MiB, 315.24 W, 2332 MHz, 12481 MHz, 45
2026/09/27 11:07:37.914, 1, 99 %, 87391 MiB, 307.94 W, 2340 MHz, 12481 MHz, 44
2026/09/27 11:07:38.164, 0, 84 %, 87423 MiB, 311.96 W, 2332 MHz, 12481 MHz, 43
2026/09/27 11:07:38.165, 1, 99 %, 87391 MiB, 309.73 W, 2325 MHz, 12481 MHz, 44
2026/09/27 11:07:38.415, 0, 51 %, 87423 MiB, 301.52 W, 2355 MHz, 12481 MHz, 44
2026/09/27 11:07:38.415, 1, 81 %, 87391 MiB, 304.97 W, 2355 MHz, 12481 MHz, 43
2026/09/27 11:07:38.665, 0, 99 %, 87423 MiB, 290.76 W, 2392 MHz, 12481 MHz, 43
2026/09/27 11:07:38.666, 1, 99 %, 87391 MiB, 310.42 W, 2317 MHz, 12481 MHz, 44
2026/09/27 11:07:38.916, 0, 99 %, 87423 MiB, 283.16 W, 2415 MHz, 12481 MHz, 43
2026/09/27 11:07:38.916, 1, 99 %, 87391 MiB, 306.81 W, 2332 MHz, 12481 MHz, 44
2026/09/27 11:07:39.166, 0, 99 %, 87423 MiB, 276.03 W, 2415 MHz, 12481 MHz, 43
2026/09/27 11:07:39.166, 1, 99 %, 87391 MiB, 305.26 W, 2362 MHz, 12481 MHz, 44
2026/09/27 11:07:39.416, 0, 99 %, 87423 MiB, 278.52 W, 2415 MHz, 12481 MHz, 43
2026/09/27 11:07:39.416, 1, 98 %, 87391 MiB, 308.21 W, 2347 MHz, 12481 MHz, 44
2026/09/27 11:07:39.666, 0, 99 %, 87423 MiB, 278.40 W, 2415 MHz, 12481 MHz, 44
2026/09/27 11:07:39.666, 1, 99 %, 87391 MiB, 300.87 W, 2355 MHz, 12481 MHz, 44
2026/09/27 11:07:39.916, 0, 99 %, 87423 MiB, 278.57 W, 2415 MHz, 12481 MHz, 44
2026/09/27 11:07:39.916, 1, 99 %, 87391 MiB, 300.46 W, 2362 MHz, 12481 MHz, 44
2026/09/27 11:07:40.166, 0, 99 %, 87423 MiB, 277.79 W, 2415 MHz, 12481 MHz, 44
2026/09/27 11:07:40.166, 1, 99 %, 87391 MiB, 296.92 W, 2370 MHz, 12481 MHz, 44
2026/09/27 11:07:40.417, 0, 99 %, 87423 MiB, 278.50 W, 2415 MHz, 12481 MHz, 44
2026/09/27 11:07:40.417, 1, 99 %, 87391 MiB, 296.48 W, 2362 MHz, 12481 MHz, 44
2026/09/27 11:07:40.667, 0, 99 %, 87423 MiB, 277.65 W, 2415 MHz, 12481 MHz, 44
2026/09/27 11:07:40.667, 1, 99 %, 87391 MiB, 298.05 W, 2377 MHz, 12481 MHz, 45
2026/09/27 11:07:40.917, 0, 99 %, 87423 MiB, 276.58 W, 2415 MHz, 12481 MHz, 44
2026/09/27 11:07:40.917, 1, 99 %, 87391 MiB, 295.65 W, 2370 MHz, 12481 MHz, 44
2026/09/27 11:07:41.167, 0, 99 %, 87423 MiB, 277.05 W, 2370 MHz, 12481 MHz, 45
2026/09/27 11:07:41.167, 1, 52 %, 87391 MiB, 295.46 W, 2355 MHz, 12481 MHz, 44
2026/09/27 11:07:41.417, 0, 99 %, 87423 MiB, 280.06 W, 2347 MHz, 12481 MHz, 44
2026/09/27 11:07:41.417, 1, 99 %, 87391 MiB, 297.01 W, 2317 MHz, 12481 MHz, 45
2026/09/27 11:07:41.667, 0, 99 %, 87423 MiB, 284.86 W, 2385 MHz, 12481 MHz, 44
2026/09/27 11:07:41.667, 1, 99 %, 87391 MiB, 298.64 W, 2362 MHz, 12481 MHz, 44
2026/09/27 11:07:41.917, 0, 99 %, 87423 MiB, 291.96 W, 2377 MHz, 12481 MHz, 44
2026/09/27 11:07:41.918, 1, 99 %, 87391 MiB, 301.82 W, 2370 MHz, 12481 MHz, 45
2026/09/27 11:07:42.168, 0, 99 %, 87423 MiB, 294.20 W, 2407 MHz, 12481 MHz, 45
2026/09/27 11:07:42.168, 1, 99 %, 87391 MiB, 301.54 W, 2355 MHz, 12481 MHz, 44
2026/09/27 11:07:42.418, 0, 99 %, 87423 MiB, 293.57 W, 2370 MHz, 12481 MHz, 45
2026/09/27 11:07:42.418, 1, 99 %, 87391 MiB, 299.67 W, 2362 MHz, 12481 MHz, 45
2026/09/27 11:07:42.668, 0, 99 %, 87423 MiB, 292.41 W, 2385 MHz, 12481 MHz, 45
2026/09/27 11:07:42.668, 1, 99 %, 87391 MiB, 296.70 W, 2377 MHz, 12481 MHz, 44
2026/09/27 11:07:42.918, 0, 99 %, 87423 MiB, 289.69 W, 2385 MHz, 12481 MHz, 44
2026/09/27 11:07:42.918, 1, 99 %, 87391 MiB, 295.73 W, 2370 MHz, 12481 MHz, 45
2026/09/27 11:07:43.168, 0, 99 %, 87423 MiB, 286.48 W, 2415 MHz, 12481 MHz, 44
2026/09/27 11:07:43.168, 1, 99 %, 87391 MiB, 294.90 W, 2370 MHz, 12481 MHz, 44
2026/09/27 11:07:43.418, 0, 99 %, 87423 MiB, 282.42 W, 2415 MHz, 12481 MHz, 44
2026/09/27 11:07:43.418, 1, 99 %, 87391 MiB, 294.37 W, 2362 MHz, 12481 MHz, 44
2026/09/27 11:07:43.669, 0, 82 %, 87423 MiB, 280.93 W, 2370 MHz, 12481 MHz, 44
2026/09/27 11:07:43.669, 1, 81 %, 87391 MiB, 295.34 W, 2377 MHz, 12481 MHz, 45
2026/09/27 11:07:43.919, 0, 49 %, 87423 MiB, 277.75 W, 2362 MHz, 12481 MHz, 44
2026/09/27 11:07:43.919, 1, 98 %, 87391 MiB, 289.92 W, 2362 MHz, 12481 MHz, 45
2026/09/27 11:07:44.169, 0, 99 %, 87423 MiB, 277.55 W, 2415 MHz, 12481 MHz, 44
2026/09/27 11:07:44.169, 1, 99 %, 87391 MiB, 287.89 W, 2385 MHz, 12481 MHz, 44
2026/09/27 11:07:44.419, 0, 99 %, 87423 MiB, 278.26 W, 2415 MHz, 12481 MHz, 44
2026/09/27 11:07:44.419, 1, 99 %, 87391 MiB, 283.58 W, 2385 MHz, 12481 MHz, 44
2026/09/27 11:07:44.669, 0, 99 %, 87423 MiB, 273.67 W, 2415 MHz, 12481 MHz, 44
2026/09/27 11:07:44.669, 1, 98 %, 87391 MiB, 282.43 W, 2400 MHz, 12481 MHz, 45
2026/09/27 11:07:44.919, 0, 99 %, 87423 MiB, 278.31 W, 2415 MHz, 12481 MHz, 44
2026/09/27 11:07:44.919, 1, 99 %, 87391 MiB, 284.44 W, 2377 MHz, 12481 MHz, 44
2026/09/27 11:07:45.170, 0, 99 %, 87423 MiB, 279.01 W, 2415 MHz, 12481 MHz, 44
2026/09/27 11:07:45.170, 1, 99 %, 87391 MiB, 281.98 W, 2400 MHz, 12481 MHz, 44
2026/09/27 11:07:45.420, 0, 99 %, 87423 MiB, 278.19 W, 2415 MHz, 12481 MHz, 44
2026/09/27 11:07:45.420, 1, 99 %, 87391 MiB, 282.15 W, 2400 MHz, 12481 MHz, 44
2026/09/27 11:07:45.670, 0, 99 %, 87423 MiB, 278.75 W, 2415 MHz, 12481 MHz, 44
2026/09/27 11:07:45.670, 1, 99 %, 87391 MiB, 279.00 W, 2400 MHz, 12481 MHz, 44
2026/09/27 11:07:45.920, 0, 99 %, 87423 MiB, 278.92 W, 2415 MHz, 12481 MHz, 44
2026/09/27 11:07:45.920, 1, 99 %, 87391 MiB, 278.35 W, 2400 MHz, 12481 MHz, 44
2026/09/27 11:07:46.170, 0, 99 %, 87423 MiB, 279.28 W, 2415 MHz, 12481 MHz, 44
2026/09/27 11:07:46.170, 1, 99 %, 87391 MiB, 278.49 W, 2400 MHz, 12481 MHz, 44
2026/09/27 11:07:46.420, 0, 84 %, 87423 MiB, 273.40 W, 2400 MHz, 12481 MHz, 43
2026/09/27 11:07:46.420, 1, 91 %, 87391 MiB, 276.71 W, 2385 MHz, 12481 MHz, 45
2026/09/27 11:07:46.670, 0, 99 %, 87423 MiB, 272.83 W, 2400 MHz, 12481 MHz, 44
2026/09/27 11:07:46.670, 1, 99 %, 87391 MiB, 276.66 W, 2392 MHz, 12481 MHz, 44
2026/09/27 11:07:46.920, 0, 99 %, 87423 MiB, 272.94 W, 2415 MHz, 12481 MHz, 45
2026/09/27 11:07:46.921, 1, 99 %, 87391 MiB, 277.35 W, 2400 MHz, 12481 MHz, 44
2026/09/27 11:07:47.171, 0, 99 %, 87423 MiB, 272.28 W, 2415 MHz, 12481 MHz, 45
2026/09/27 11:07:47.171, 1, 99 %, 87391 MiB, 278.22 W, 2400 MHz, 12481 MHz, 44
2026/09/27 11:07:47.421, 0, 99 %, 87423 MiB, 274.62 W, 2415 MHz, 12481 MHz, 45
2026/09/27 11:07:47.421, 1, 99 %, 87391 MiB, 276.86 W, 2400 MHz, 12481 MHz, 44
2026/09/27 11:07:47.671, 0, 99 %, 87423 MiB, 277.91 W, 2415 MHz, 12481 MHz, 44
2026/09/27 11:07:47.671, 1, 99 %, 87391 MiB, 280.79 W, 2400 MHz, 12481 MHz, 44
2026/09/27 11:07:47.921, 0, 99 %, 87423 MiB, 277.83 W, 2415 MHz, 12481 MHz, 45
2026/09/27 11:07:47.921, 1, 99 %, 87391 MiB, 280.58 W, 2400 MHz, 12481 MHz, 44
2026/09/27 11:07:48.171, 0, 99 %, 87423 MiB, 278.12 W, 2415 MHz, 12481 MHz, 45
2026/09/27 11:07:48.171, 1, 99 %, 87391 MiB, 279.86 W, 2400 MHz, 12481 MHz, 44
2026/09/27 11:07:48.421, 0, 99 %, 87423 MiB, 278.83 W, 2415 MHz, 12481 MHz, 45
2026/09/27 11:07:48.421, 1, 99 %, 87391 MiB, 280.18 W, 2400 MHz, 12481 MHz, 44
2026/09/27 11:07:48.672, 0, 99 %, 87423 MiB, 278.19 W, 2415 MHz, 12481 MHz, 45
2026/09/27 11:07:48.672, 1, 99 %, 87391 MiB, 279.87 W, 2400 MHz, 12481 MHz, 44
2026/09/27 11:07:48.922, 0, 99 %, 87423 MiB, 277.66 W, 2415 MHz, 12481 MHz, 45
2026/09/27 11:07:48.922, 1, 99 %, 87391 MiB, 280.20 W, 2400 MHz, 12481 MHz, 44
2026/09/27 11:07:49.172, 0, 52 %, 87423 MiB, 261.31 W, 2392 MHz, 12481 MHz, 44
2026/09/27 11:07:49.172, 1, 48 %, 87391 MiB, 265.18 W, 2377 MHz, 12481 MHz, 43
2026/09/27 11:07:49.422, 0, 98 %, 87423 MiB, 260.91 W, 2400 MHz, 12481 MHz, 45
2026/09/27 11:07:49.422, 1, 91 %, 87391 MiB, 265.64 W, 2377 MHz, 12481 MHz, 44
2026/09/27 11:07:49.673, 0, 98 %, 87423 MiB, 261.96 W, 2415 MHz, 12481 MHz, 45
2026/09/27 11:07:49.673, 1, 99 %, 87391 MiB, 264.67 W, 2400 MHz, 12481 MHz, 44
2026/09/27 11:07:49.923, 0, 98 %, 87423 MiB, 262.67 W, 2415 MHz, 12481 MHz, 45
2026/09/27 11:07:49.923, 1, 99 %, 87391 MiB, 264.21 W, 2400 MHz, 12481 MHz, 44
2026/09/27 11:07:50.173, 0, 98 %, 87423 MiB, 279.48 W, 2415 MHz, 12481 MHz, 45
2026/09/27 11:07:50.173, 1, 98 %, 87391 MiB, 277.91 W, 2400 MHz, 12481 MHz, 44
2026/09/27 11:07:50.423, 0, 98 %, 87423 MiB, 279.08 W, 2415 MHz, 12481 MHz, 45
2026/09/27 11:07:50.423, 1, 99 %, 87391 MiB, 276.79 W, 2400 MHz, 12481 MHz, 44
2026/09/27 11:07:50.673, 0, 98 %, 87423 MiB, 278.46 W, 2415 MHz, 12481 MHz, 45
2026/09/27 11:07:50.673, 1, 99 %, 87391 MiB, 277.80 W, 2400 MHz, 12481 MHz, 45
2026/09/27 11:07:50.923, 0, 98 %, 87423 MiB, 277.43 W, 2415 MHz, 12481 MHz, 45
2026/09/27 11:07:50.923, 1, 99 %, 87391 MiB, 278.13 W, 2400 MHz, 12481 MHz, 45
2026/09/27 11:07:51.174, 0, 98 %, 87423 MiB, 277.03 W, 2415 MHz, 12481 MHz, 45
2026/09/27 11:07:51.174, 1, 99 %, 87391 MiB, 278.59 W, 2400 MHz, 12481 MHz, 45
2026/09/27 11:07:51.424, 0, 98 %, 87423 MiB, 276.77 W, 2415 MHz, 12481 MHz, 45
2026/09/27 11:07:51.424, 1, 99 %, 87391 MiB, 278.20 W, 2400 MHz, 12481 MHz, 45
2026/09/27 11:07:51.674, 0, 98 %, 87423 MiB, 274.44 W, 2415 MHz, 12481 MHz, 45
2026/09/27 11:07:51.674, 1, 99 %, 87391 MiB, 275.25 W, 2400 MHz, 12481 MHz, 45
2026/09/27 11:07:51.924, 0, 80 %, 87423 MiB, 272.71 W, 2407 MHz, 12481 MHz, 45
2026/09/27 11:07:51.924, 1, 61 %, 87391 MiB, 275.43 W, 2400 MHz, 12481 MHz, 43
2026/09/27 11:07:52.174, 0, 98 %, 87423 MiB, 272.77 W, 2400 MHz, 12481 MHz, 45
2026/09/27 11:07:52.175, 1, 99 %, 87391 MiB, 274.80 W, 2377 MHz, 12481 MHz, 45
2026/09/27 11:07:52.425, 0, 98 %, 87423 MiB, 273.49 W, 2415 MHz, 12481 MHz, 45
2026/09/27 11:07:52.425, 1, 99 %, 87391 MiB, 273.38 W, 2400 MHz, 12481 MHz, 45
2026/09/27 11:07:52.675, 0, 98 %, 87423 MiB, 276.88 W, 2415 MHz, 12481 MHz, 45
2026/09/27 11:07:52.675, 1, 99 %, 87391 MiB, 274.35 W, 2400 MHz, 12481 MHz, 45
2026/09/27 11:07:52.925, 0, 98 %, 87423 MiB, 279.64 W, 2415 MHz, 12481 MHz, 45
2026/09/27 11:07:52.925, 1, 99 %, 87391 MiB, 273.04 W, 2400 MHz, 12481 MHz, 45
2026/09/27 11:07:53.175, 0, 98 %, 87423 MiB, 279.42 W, 2415 MHz, 12481 MHz, 45
2026/09/27 11:07:53.175, 1, 99 %, 87391 MiB, 271.54 W, 2400 MHz, 12481 MHz, 45
2026/09/27 11:07:53.425, 0, 98 %, 87423 MiB, 278.78 W, 2415 MHz, 12481 MHz, 45
2026/09/27 11:07:53.425, 1, 99 %, 87391 MiB, 271.53 W, 2400 MHz, 12481 MHz, 44
2026/09/27 11:07:53.675, 0, 98 %, 87423 MiB, 278.62 W, 2415 MHz, 12481 MHz, 45
2026/09/27 11:07:53.675, 1, 99 %, 87391 MiB, 271.25 W, 2400 MHz, 12481 MHz, 45
2026/09/27 11:07:53.926, 0, 98 %, 87423 MiB, 278.98 W, 2415 MHz, 12481 MHz, 45
2026/09/27 11:07:53.926, 1, 99 %, 87391 MiB, 271.66 W, 2400 MHz, 12481 MHz, 45
2026/09/27 11:07:54.176, 0, 98 %, 87423 MiB, 279.35 W, 2415 MHz, 12481 MHz, 45
2026/09/27 11:07:54.176, 1, 99 %, 87391 MiB, 270.91 W, 2400 MHz, 12481 MHz, 45
2026/09/27 11:07:54.426, 0, 97 %, 87423 MiB, 276.08 W, 2415 MHz, 12481 MHz, 44
2026/09/27 11:07:54.426, 1, 99 %, 87391 MiB, 269.30 W, 2400 MHz, 12481 MHz, 45
2026/09/27 11:07:54.676, 0, 51 %, 87423 MiB, 271.59 W, 2400 MHz, 12481 MHz, 45
2026/09/27 11:07:54.676, 1, 98 %, 87391 MiB, 270.86 W, 2377 MHz, 12481 MHz, 45
2026/09/27 11:07:54.926, 0, 98 %, 87423 MiB, 271.26 W, 2415 MHz, 12481 MHz, 45
2026/09/27 11:07:54.926, 1, 99 %, 87391 MiB, 272.47 W, 2400 MHz, 12481 MHz, 45
2026/09/27 11:07:55.176, 0, 98 %, 87423 MiB, 271.02 W, 2415 MHz, 12481 MHz, 45
2026/09/27 11:07:55.176, 1, 99 %, 87391 MiB, 274.84 W, 2400 MHz, 12481 MHz, 45
2026/09/27 11:07:55.426, 0, 98 %, 87423 MiB, 272.84 W, 2415 MHz, 12481 MHz, 45
2026/09/27 11:07:55.427, 1, 99 %, 87391 MiB, 277.49 W, 2400 MHz, 12481 MHz, 45
2026/09/27 11:07:55.677, 0, 98 %, 87423 MiB, 277.32 W, 2415 MHz, 12481 MHz, 45
2026/09/27 11:07:55.677, 1, 99 %, 87391 MiB, 277.57 W, 2400 MHz, 12481 MHz, 45
2026/09/27 11:07:55.927, 0, 98 %, 87423 MiB, 277.27 W, 2415 MHz, 12481 MHz, 45
2026/09/27 11:07:55.927, 1, 99 %, 87391 MiB, 277.11 W, 2400 MHz, 12481 MHz, 45
2026/09/27 11:07:56.177, 0, 98 %, 87423 MiB, 277.11 W, 2415 MHz, 12481 MHz, 45
2026/09/27 11:07:56.177, 1, 99 %, 87391 MiB, 277.78 W, 2400 MHz, 12481 MHz, 45
2026/09/27 11:07:56.427, 0, 98 %, 87423 MiB, 277.01 W, 2415 MHz, 12481 MHz, 45
2026/09/27 11:07:56.427, 1, 99 %, 87391 MiB, 277.87 W, 2400 MHz, 12481 MHz, 45
2026/09/27 11:07:56.677, 0, 98 %, 87423 MiB, 277.75 W, 2415 MHz, 12481 MHz, 45
2026/09/27 11:07:56.677, 1, 99 %, 87391 MiB, 277.56 W, 2400 MHz, 12481 MHz, 45
2026/09/27 11:07:56.927, 0, 98 %, 87423 MiB, 277.51 W, 2415 MHz, 12481 MHz, 45
2026/09/27 11:07:56.927, 1, 99 %, 87391 MiB, 277.54 W, 2400 MHz, 12481 MHz, 45
2026/09/27 11:07:57.177, 0, 80 %, 87423 MiB, 278.26 W, 2415 MHz, 12481 MHz, 46
2026/09/27 11:07:57.178, 1, 99 %, 87391 MiB, 277.00 W, 2400 MHz, 12481 MHz, 46
2026/09/27 11:07:57.428, 0, 98 %, 87423 MiB, 270.57 W, 2392 MHz, 12481 MHz, 45
2026/09/27 11:07:57.428, 1, 59 %, 87391 MiB, 273.23 W, 2392 MHz, 12481 MHz, 45
2026/09/27 11:07:57.678, 0, 98 %, 87423 MiB, 268.50 W, 2415 MHz, 12481 MHz, 45
2026/09/27 11:07:57.678, 1, 99 %, 87391 MiB, 272.43 W, 2400 MHz, 12481 MHz, 45
2026/09/27 11:07:57.928, 0, 98 %, 87423 MiB, 267.81 W, 2415 MHz, 12481 MHz, 45
2026/09/27 11:07:57.928, 1, 99 %, 87391 MiB, 271.42 W, 2400 MHz, 12481 MHz, 45
2026/09/27 11:07:58.178, 0, 98 %, 87423 MiB, 268.00 W, 2415 MHz, 12481 MHz, 45
2026/09/27 11:07:58.178, 1, 99 %, 87391 MiB, 268.02 W, 2400 MHz, 12481 MHz, 45
2026/09/27 11:07:58.428, 0, 98 %, 87423 MiB, 271.68 W, 2415 MHz, 12481 MHz, 45
2026/09/27 11:07:58.428, 1, 99 %, 87391 MiB, 272.74 W, 2400 MHz, 12481 MHz, 45
2026/09/27 11:07:58.678, 0, 98 %, 87423 MiB, 272.36 W, 2415 MHz, 12481 MHz, 45
2026/09/27 11:07:58.678, 1, 99 %, 87391 MiB, 272.64 W, 2400 MHz, 12481 MHz, 45
2026/09/27 11:07:58.928, 0, 98 %, 87423 MiB, 272.24 W, 2415 MHz, 12481 MHz, 45
2026/09/27 11:07:58.928, 1, 99 %, 87391 MiB, 272.41 W, 2400 MHz, 12481 MHz, 45
2026/09/27 11:07:59.179, 0, 98 %, 87423 MiB, 272.83 W, 2415 MHz, 12481 MHz, 46
2026/09/27 11:07:59.179, 1, 99 %, 87391 MiB, 271.85 W, 2400 MHz, 12481 MHz, 45
2026/09/27 11:07:59.429, 0, 98 %, 87423 MiB, 272.95 W, 2415 MHz, 12481 MHz, 45
2026/09/27 11:07:59.429, 1, 99 %, 87391 MiB, 271.53 W, 2400 MHz, 12481 MHz, 45
2026/09/27 11:07:59.679, 0, 98 %, 87423 MiB, 272.20 W, 2415 MHz, 12481 MHz, 45
2026/09/27 11:07:59.679, 1, 99 %, 87391 MiB, 271.85 W, 2400 MHz, 12481 MHz, 45
2026/09/27 11:07:59.929, 0, 84 %, 87423 MiB, 265.35 W, 2415 MHz, 12481 MHz, 46
2026/09/27 11:07:59.929, 1, 79 %, 87391 MiB, 270.59 W, 2392 MHz, 12481 MHz, 46
2026/09/27 11:08:00.179, 0, 98 %, 87423 MiB, 265.70 W, 2400 MHz, 12481 MHz, 45
2026/09/27 11:08:00.179, 1, 99 %, 87391 MiB, 270.77 W, 2385 MHz, 12481 MHz, 45
2026/09/27 11:08:00.429, 0, 98 %, 87423 MiB, 265.67 W, 2415 MHz, 12481 MHz, 45
2026/09/27 11:08:00.429, 1, 99 %, 87391 MiB, 270.87 W, 2400 MHz, 12481 MHz, 45
2026/09/27 11:08:00.680, 0, 98 %, 87423 MiB, 265.99 W, 2415 MHz, 12481 MHz, 46
2026/09/27 11:08:00.680, 1, 99 %, 87391 MiB, 270.74 W, 2400 MHz, 12481 MHz, 45
2026/09/27 11:08:00.930, 0, 98 %, 87423 MiB, 269.03 W, 2415 MHz, 12481 MHz, 46
2026/09/27 11:08:00.930, 1, 98 %, 87391 MiB, 269.06 W, 2400 MHz, 12481 MHz, 45
2026/09/27 11:08:01.180, 0, 98 %, 87423 MiB, 271.92 W, 2415 MHz, 12481 MHz, 46
2026/09/27 11:08:01.180, 1, 99 %, 87391 MiB, 272.67 W, 2400 MHz, 12481 MHz, 45
2026/09/27 11:08:01.430, 0, 98 %, 87423 MiB, 272.06 W, 2415 MHz, 12481 MHz, 46
2026/09/27 11:08:01.430, 1, 99 %, 87391 MiB, 272.46 W, 2400 MHz, 12481 MHz, 45
2026/09/27 11:08:01.680, 0, 98 %, 87423 MiB, 271.74 W, 2415 MHz, 12481 MHz, 45
2026/09/27 11:08:01.680, 1, 99 %, 87391 MiB, 272.17 W, 2400 MHz, 12481 MHz, 45
2026/09/27 11:08:01.930, 0, 98 %, 87423 MiB, 272.24 W, 2415 MHz, 12481 MHz, 46
2026/09/27 11:08:01.930, 1, 99 %, 87391 MiB, 272.14 W, 2400 MHz, 12481 MHz, 45
2026/09/27 11:08:02.180, 0, 98 %, 87423 MiB, 271.96 W, 2415 MHz, 12481 MHz, 46
2026/09/27 11:08:02.180, 1, 99 %, 87391 MiB, 272.05 W, 2400 MHz, 12481 MHz, 45
2026/09/27 11:08:02.430, 0, 98 %, 87423 MiB, 272.15 W, 2415 MHz, 12481 MHz, 46
2026/09/27 11:08:02.430, 1, 99 %, 87391 MiB, 272.41 W, 2400 MHz, 12481 MHz, 45
2026/09/27 11:08:02.680, 0, 89 %, 87423 MiB, 265.15 W, 2422 MHz, 12481 MHz, 45
2026/09/27 11:08:02.680, 1, 54 %, 87391 MiB, 269.08 W, 2407 MHz, 12481 MHz, 44
2026/09/27 11:08:02.931, 0, 98 %, 87423 MiB, 265.09 W, 2415 MHz, 12481 MHz, 46
2026/09/27 11:08:02.931, 1, 99 %, 87391 MiB, 270.34 W, 2400 MHz, 12481 MHz, 45
2026/09/27 11:08:03.181, 0, 98 %, 87423 MiB, 265.26 W, 2415 MHz, 12481 MHz, 46
2026/09/27 11:08:03.181, 1, 99 %, 87391 MiB, 270.47 W, 2400 MHz, 12481 MHz, 45
2026/09/27 11:08:03.431, 0, 98 %, 87423 MiB, 264.97 W, 2415 MHz, 12481 MHz, 46
2026/09/27 11:08:03.431, 1, 99 %, 87391 MiB, 270.45 W, 2400 MHz, 12481 MHz, 45
2026/09/27 11:08:03.681, 0, 96 %, 87423 MiB, 270.64 W, 2415 MHz, 12481 MHz, 46
2026/09/27 11:08:03.681, 1, 99 %, 87391 MiB, 273.91 W, 2400 MHz, 12481 MHz, 45
2026/09/27 11:08:03.931, 0, 98 %, 87423 MiB, 270.24 W, 2415 MHz, 12481 MHz, 46
2026/09/27 11:08:03.931, 1, 99 %, 87391 MiB, 273.19 W, 2400 MHz, 12481 MHz, 45
2026/09/27 11:08:04.181, 0, 98 %, 87423 MiB, 269.66 W, 2415 MHz, 12481 MHz, 46
2026/09/27 11:08:04.181, 1, 99 %, 87391 MiB, 272.76 W, 2400 MHz, 12481 MHz, 45
2026/09/27 11:08:04.431, 0, 98 %, 87423 MiB, 269.68 W, 2415 MHz, 12481 MHz, 46
2026/09/27 11:08:04.431, 1, 99 %, 87391 MiB, 272.77 W, 2400 MHz, 12481 MHz, 45
2026/09/27 11:08:04.681, 0, 98 %, 87423 MiB, 270.38 W, 2415 MHz, 12481 MHz, 46
2026/09/27 11:08:04.681, 1, 99 %, 87391 MiB, 274.16 W, 2400 MHz, 12481 MHz, 45
2026/09/27 11:08:04.932, 0, 98 %, 87423 MiB, 270.07 W, 2415 MHz, 12481 MHz, 46
2026/09/27 11:08:04.932, 1, 98 %, 87391 MiB, 274.29 W, 2400 MHz, 12481 MHz, 45
2026/09/27 11:08:05.182, 0, 64 %, 87423 MiB, 268.69 W, 2415 MHz, 12481 MHz, 46
2026/09/27 11:08:05.182, 1, 99 %, 87391 MiB, 272.48 W, 2400 MHz, 12481 MHz, 44
2026/09/27 11:08:05.432, 0, 26 %, 87423 MiB, 257.32 W, 2400 MHz, 12481 MHz, 45
2026/09/27 11:08:05.432, 1, 85 %, 87391 MiB, 264.78 W, 2392 MHz, 12481 MHz, 43
2026/09/27 11:08:05.682, 0, 98 %, 87423 MiB, 259.67 W, 2407 MHz, 12481 MHz, 46
2026/09/27 11:08:05.682, 1, 99 %, 87391 MiB, 265.87 W, 2377 MHz, 12481 MHz, 45
2026/09/27 11:08:05.932, 0, 98 %, 87423 MiB, 261.30 W, 2415 MHz, 12481 MHz, 46
2026/09/27 11:08:05.932, 1, 99 %, 87391 MiB, 266.82 W, 2400 MHz, 12481 MHz, 45
2026/09/27 11:08:06.182, 0, 98 %, 87423 MiB, 263.80 W, 2415 MHz, 12481 MHz, 46
2026/09/27 11:08:06.182, 1, 99 %, 87391 MiB, 271.18 W, 2400 MHz, 12481 MHz, 45
2026/09/27 11:08:06.433, 0, 98 %, 87423 MiB, 273.48 W, 2415 MHz, 12481 MHz, 46
2026/09/27 11:08:06.433, 1, 95 %, 87391 MiB, 278.36 W, 2400 MHz, 12481 MHz, 45
2026/09/27 11:08:06.683, 0, 98 %, 87423 MiB, 271.57 W, 2415 MHz, 12481 MHz, 46
2026/09/27 11:08:06.683, 1, 99 %, 87391 MiB, 278.45 W, 2400 MHz, 12481 MHz, 45
2026/09/27 11:08:06.933, 0, 98 %, 87423 MiB, 270.32 W, 2415 MHz, 12481 MHz, 46
2026/09/27 11:08:06.933, 1, 99 %, 87391 MiB, 278.29 W, 2400 MHz, 12481 MHz, 45
2026/09/27 11:08:07.183, 0, 98 %, 87423 MiB, 270.86 W, 2415 MHz, 12481 MHz, 46
2026/09/27 11:08:07.183, 1, 99 %, 87391 MiB, 278.64 W, 2400 MHz, 12481 MHz, 45
2026/09/27 11:08:07.433, 0, 98 %, 87423 MiB, 270.97 W, 2415 MHz, 12481 MHz, 46
2026/09/27 11:08:07.433, 1, 99 %, 87391 MiB, 279.07 W, 2400 MHz, 12481 MHz, 45
2026/09/27 11:08:07.683, 0, 98 %, 87423 MiB, 270.64 W, 2415 MHz, 12481 MHz, 46
2026/09/27 11:08:07.683, 1, 99 %, 87391 MiB, 279.09 W, 2400 MHz, 12481 MHz, 45
2026/09/27 11:08:07.933, 0, 98 %, 87423 MiB, 264.04 W, 2415 MHz, 12481 MHz, 46
2026/09/27 11:08:07.934, 1, 99 %, 87391 MiB, 272.82 W, 2400 MHz, 12481 MHz, 45
2026/09/27 11:08:08.184, 0, 91 %, 87423 MiB, 259.00 W, 2407 MHz, 12481 MHz, 46
2026/09/27 11:08:08.184, 1, 78 %, 87391 MiB, 268.25 W, 2400 MHz, 12481 MHz, 45
2026/09/27 11:08:08.434, 0, 98 %, 87423 MiB, 259.83 W, 2415 MHz, 12481 MHz, 46
2026/09/27 11:08:08.434, 1, 99 %, 87391 MiB, 267.90 W, 2400 MHz, 12481 MHz, 45
2026/09/27 11:08:08.684, 0, 98 %, 87423 MiB, 260.66 W, 2415 MHz, 12481 MHz, 46
2026/09/27 11:08:08.684, 1, 99 %, 87391 MiB, 266.53 W, 2400 MHz, 12481 MHz, 45
2026/09/27 11:08:08.934, 0, 98 %, 87423 MiB, 264.29 W, 2415 MHz, 12481 MHz, 46
2026/09/27 11:08:08.934, 1, 99 %, 87391 MiB, 268.55 W, 2400 MHz, 12481 MHz, 45
2026/09/27 11:08:09.184, 0, 98 %, 87423 MiB, 270.85 W, 2415 MHz, 12481 MHz, 46
2026/09/27 11:08:09.184, 1, 96 %, 87391 MiB, 273.82 W, 2400 MHz, 12481 MHz, 45
2026/09/27 11:08:09.434, 0, 98 %, 87423 MiB, 270.49 W, 2415 MHz, 12481 MHz, 46
2026/09/27 11:08:09.434, 1, 99 %, 87391 MiB, 273.10 W, 2400 MHz, 12481 MHz, 45
2026/09/27 11:08:09.685, 0, 98 %, 87423 MiB, 270.87 W, 2415 MHz, 12481 MHz, 46
2026/09/27 11:08:09.685, 1, 99 %, 87391 MiB, 272.48 W, 2400 MHz, 12481 MHz, 45
2026/09/27 11:08:09.935, 0, 98 %, 87423 MiB, 271.30 W, 2415 MHz, 12481 MHz, 46
2026/09/27 11:08:09.935, 1, 99 %, 87391 MiB, 272.52 W, 2400 MHz, 12481 MHz, 45
2026/09/27 11:08:10.185, 0, 98 %, 87423 MiB, 272.46 W, 2415 MHz, 12481 MHz, 46
2026/09/27 11:08:10.185, 1, 99 %, 87391 MiB, 273.95 W, 2400 MHz, 12481 MHz, 45
2026/09/27 11:08:10.435, 0, 98 %, 87423 MiB, 271.93 W, 2415 MHz, 12481 MHz, 46
2026/09/27 11:08:10.435, 1, 99 %, 87391 MiB, 273.46 W, 2400 MHz, 12481 MHz, 45
2026/09/27 11:08:10.685, 0, 98 %, 87423 MiB, 250.43 W, 2415 MHz, 12481 MHz, 43
2026/09/27 11:08:10.685, 1, 45 %, 87391 MiB, 253.92 W, 2400 MHz, 12481 MHz, 43
2026/09/27 11:08:10.936, 0, 61 %, 87423 MiB, 259.50 W, 2385 MHz, 12481 MHz, 47
2026/09/27 11:08:10.936, 1, 95 %, 87391 MiB, 265.56 W, 2377 MHz, 12481 MHz, 46
2026/09/27 11:08:11.186, 0, 60 %, 87455 MiB, 231.55 W, 2400 MHz, 12481 MHz, 45
2026/09/27 11:08:11.186, 1, 10 %, 87421 MiB, 243.71 W, 2400 MHz, 12481 MHz, 45
2026/09/27 11:08:11.436, 0, 97 %, 87455 MiB, 232.87 W, 2392 MHz, 12481 MHz, 46
2026/09/27 11:08:11.436, 1, 99 %, 87421 MiB, 244.03 W, 2370 MHz, 12481 MHz, 45
2026/09/27 11:08:11.686, 0, 99 %, 87455 MiB, 254.52 W, 2407 MHz, 12481 MHz, 46
2026/09/27 11:08:11.686, 1, 99 %, 87421 MiB, 263.93 W, 2392 MHz, 12481 MHz, 46
2026/09/27 11:08:11.936, 0, 99 %, 87455 MiB, 246.03 W, 2407 MHz, 12481 MHz, 46
2026/09/27 11:08:11.936, 1, 99 %, 87421 MiB, 255.48 W, 2392 MHz, 12481 MHz, 46
2026/09/27 11:08:12.186, 0, 99 %, 87455 MiB, 274.20 W, 2407 MHz, 12481 MHz, 46
2026/09/27 11:08:12.187, 1, 99 %, 87421 MiB, 276.48 W, 2392 MHz, 12481 MHz, 46
2026/09/27 11:08:12.437, 0, 99 %, 87455 MiB, 273.50 W, 2407 MHz, 12481 MHz, 46
2026/09/27 11:08:12.437, 1, 98 %, 87421 MiB, 277.51 W, 2392 MHz, 12481 MHz, 46
2026/09/27 11:08:12.687, 0, 99 %, 87455 MiB, 273.25 W, 2407 MHz, 12481 MHz, 46
2026/09/27 11:08:12.687, 1, 99 %, 87421 MiB, 277.48 W, 2392 MHz, 12481 MHz, 46
2026/09/27 11:08:12.937, 0, 99 %, 87455 MiB, 272.84 W, 2407 MHz, 12481 MHz, 46
2026/09/27 11:08:12.937, 1, 99 %, 87421 MiB, 276.78 W, 2392 MHz, 12481 MHz, 46
2026/09/27 11:08:13.187, 0, 99 %, 87455 MiB, 273.19 W, 2407 MHz, 12481 MHz, 46
2026/09/27 11:08:13.187, 1, 99 %, 87421 MiB, 276.62 W, 2392 MHz, 12481 MHz, 46
2026/09/27 11:08:13.437, 0, 99 %, 87455 MiB, 273.89 W, 2407 MHz, 12481 MHz, 46
2026/09/27 11:08:13.437, 1, 98 %, 87421 MiB, 276.59 W, 2392 MHz, 12481 MHz, 46
2026/09/27 11:08:13.688, 0, 99 %, 87455 MiB, 273.95 W, 2407 MHz, 12481 MHz, 46
2026/09/27 11:08:13.688, 1, 99 %, 87421 MiB, 276.41 W, 2392 MHz, 12481 MHz, 46
2026/09/27 11:08:13.938, 0, 99 %, 87455 MiB, 274.54 W, 2407 MHz, 12481 MHz, 46
2026/09/27 11:08:13.938, 1, 99 %, 87421 MiB, 277.00 W, 2392 MHz, 12481 MHz, 46
2026/09/27 11:08:14.188, 0, 99 %, 87455 MiB, 274.14 W, 2407 MHz, 12481 MHz, 46
2026/09/27 11:08:14.188, 1, 98 %, 87421 MiB, 276.80 W, 2392 MHz, 12481 MHz, 46
2026/09/27 11:08:14.438, 0, 99 %, 87455 MiB, 274.02 W, 2407 MHz, 12481 MHz, 46
2026/09/27 11:08:14.438, 1, 98 %, 87421 MiB, 276.01 W, 2392 MHz, 12481 MHz, 46
2026/09/27 11:08:14.688, 0, 99 %, 87455 MiB, 274.12 W, 2407 MHz, 12481 MHz, 46
2026/09/27 11:08:14.688, 1, 98 %, 87421 MiB, 275.84 W, 2392 MHz, 12481 MHz, 46
2026/09/27 11:08:14.938, 0, 84 %, 87455 MiB, 267.50 W, 2400 MHz, 12481 MHz, 47
2026/09/27 11:08:14.939, 1, 33 %, 87421 MiB, 270.75 W, 2392 MHz, 12481 MHz, 45
2026/09/27 11:08:15.189, 0, 18 %, 87455 MiB, 242.94 W, 2415 MHz, 12481 MHz, 44
2026/09/27 11:08:15.189, 1, 97 %, 87421 MiB, 255.88 W, 2400 MHz, 12481 MHz, 43
2026/09/27 11:08:15.439, 0, 99 %, 87455 MiB, 243.37 W, 2377 MHz, 12481 MHz, 46
2026/09/27 11:08:15.439, 1, 38 %, 87421 MiB, 257.04 W, 2377 MHz, 12481 MHz, 46
2026/09/27 11:08:15.689, 0, 99 %, 87455 MiB, 242.31 W, 2407 MHz, 12481 MHz, 46
2026/09/27 11:08:15.692, 1, 99 %, 87421 MiB, 258.78 W, 2385 MHz, 12481 MHz, 46
2026/09/27 11:08:15.942, 0, 99 %, 87455 MiB, 247.69 W, 2407 MHz, 12481 MHz, 46
2026/09/27 11:08:15.942, 1, 98 %, 87421 MiB, 264.90 W, 2392 MHz, 12481 MHz, 46
2026/09/27 11:08:16.192, 0, 99 %, 87455 MiB, 270.82 W, 2407 MHz, 12481 MHz, 46
2026/09/27 11:08:16.192, 1, 99 %, 87421 MiB, 276.75 W, 2385 MHz, 12481 MHz, 46
2026/09/27 11:08:16.443, 0, 99 %, 87455 MiB, 271.61 W, 2407 MHz, 12481 MHz, 46
2026/09/27 11:08:16.443, 1, 99 %, 87421 MiB, 278.18 W, 2392 MHz, 12481 MHz, 46
2026/09/27 11:08:16.693, 0, 99 %, 87455 MiB, 271.93 W, 2407 MHz, 12481 MHz, 46
2026/09/27 11:08:16.693, 1, 99 %, 87421 MiB, 276.77 W, 2392 MHz, 12481 MHz, 46
2026/09/27 11:08:16.943, 0, 99 %, 87455 MiB, 272.28 W, 2407 MHz, 12481 MHz, 46
2026/09/27 11:08:16.943, 1, 99 %, 87421 MiB, 277.08 W, 2392 MHz, 12481 MHz, 46
2026/09/27 11:08:17.193, 0, 99 %, 87455 MiB, 272.49 W, 2407 MHz, 12481 MHz, 46
2026/09/27 11:08:17.193, 1, 99 %, 87421 MiB, 278.05 W, 2392 MHz, 12481 MHz, 46
2026/09/27 11:08:17.443, 0, 99 %, 87455 MiB, 272.47 W, 2407 MHz, 12481 MHz, 46
2026/09/27 11:08:17.443, 1, 98 %, 87421 MiB, 278.53 W, 2392 MHz, 12481 MHz, 46
2026/09/27 11:08:17.693, 0, 99 %, 87455 MiB, 272.71 W, 2407 MHz, 12481 MHz, 46
2026/09/27 11:08:17.693, 1, 99 %, 87421 MiB, 279.04 W, 2392 MHz, 12481 MHz, 46
2026/09/27 11:08:17.944, 0, 99 %, 87455 MiB, 272.71 W, 2407 MHz, 12481 MHz, 46
2026/09/27 11:08:17.944, 1, 99 %, 87421 MiB, 278.53 W, 2392 MHz, 12481 MHz, 46
2026/09/27 11:08:18.194, 0, 99 %, 87455 MiB, 272.98 W, 2407 MHz, 12481 MHz, 46
2026/09/27 11:08:18.194, 1, 99 %, 87421 MiB, 277.63 W, 2392 MHz, 12481 MHz, 46
2026/09/27 11:08:18.444, 0, 99 %, 87455 MiB, 273.04 W, 2407 MHz, 12481 MHz, 46
2026/09/27 11:08:18.444, 1, 98 %, 87421 MiB, 276.72 W, 2392 MHz, 12481 MHz, 46
2026/09/27 11:08:18.694, 0, 99 %, 87455 MiB, 273.51 W, 2407 MHz, 12481 MHz, 46
2026/09/27 11:08:18.694, 1, 98 %, 87421 MiB, 277.10 W, 2392 MHz, 12481 MHz, 46
2026/09/27 11:08:18.944, 0, 99 %, 87455 MiB, 263.35 W, 2407 MHz, 12481 MHz, 45
2026/09/27 11:08:18.944, 1, 99 %, 87421 MiB, 268.27 W, 2392 MHz, 12481 MHz, 46
2026/09/27 11:08:19.194, 0, 72 %, 87455 MiB, 258.24 W, 2415 MHz, 12481 MHz, 44
2026/09/27 11:08:19.194, 1, 96 %, 87421 MiB, 266.05 W, 2407 MHz, 12481 MHz, 47
2026/09/27 11:08:19.445, 0, 62 %, 87455 MiB, 246.41 W, 2385 MHz, 12481 MHz, 46
2026/09/27 11:08:19.445, 1, 13 %, 87421 MiB, 251.93 W, 2400 MHz, 12481 MHz, 45
2026/09/27 11:08:19.695, 0, 99 %, 87455 MiB, 245.59 W, 2400 MHz, 12481 MHz, 46
2026/09/27 11:08:19.695, 1, 98 %, 87421 MiB, 251.34 W, 2385 MHz, 12481 MHz, 46
2026/09/27 11:08:19.945, 0, 99 %, 87455 MiB, 255.49 W, 2407 MHz, 12481 MHz, 46
2026/09/27 11:08:19.945, 1, 99 %, 87421 MiB, 260.82 W, 2392 MHz, 12481 MHz, 46
2026/09/27 11:08:20.195, 0, 99 %, 87455 MiB, 259.72 W, 2407 MHz, 12481 MHz, 46
2026/09/27 11:08:20.195, 1, 99 %, 87421 MiB, 262.66 W, 2392 MHz, 12481 MHz, 46
2026/09/27 11:08:20.445, 0, 99 %, 87455 MiB, 273.97 W, 2407 MHz, 12481 MHz, 46
2026/09/27 11:08:20.445, 1, 98 %, 87421 MiB, 276.88 W, 2392 MHz, 12481 MHz, 46
2026/09/27 11:08:20.695, 0, 99 %, 87455 MiB, 274.02 W, 2407 MHz, 12481 MHz, 46
2026/09/27 11:08:20.696, 1, 99 %, 87421 MiB, 276.58 W, 2392 MHz, 12481 MHz, 46
2026/09/27 11:08:20.946, 0, 99 %, 87455 MiB, 274.46 W, 2407 MHz, 12481 MHz, 46
2026/09/27 11:08:20.946, 1, 99 %, 87421 MiB, 277.00 W, 2392 MHz, 12481 MHz, 46
2026/09/27 11:08:21.196, 0, 99 %, 87455 MiB, 273.68 W, 2407 MHz, 12481 MHz, 46
2026/09/27 11:08:21.196, 1, 99 %, 87421 MiB, 276.75 W, 2392 MHz, 12481 MHz, 46
2026/09/27 11:08:21.446, 0, 99 %, 87455 MiB, 273.43 W, 2407 MHz, 12481 MHz, 46
2026/09/27 11:08:21.446, 1, 98 %, 87421 MiB, 276.79 W, 2392 MHz, 12481 MHz, 46
2026/09/27 11:08:21.696, 0, 99 %, 87455 MiB, 273.34 W, 2407 MHz, 12481 MHz, 46
2026/09/27 11:08:21.696, 1, 99 %, 87421 MiB, 277.17 W, 2392 MHz, 12481 MHz, 46
2026/09/27 11:08:21.946, 0, 99 %, 87455 MiB, 273.24 W, 2407 MHz, 12481 MHz, 46
2026/09/27 11:08:21.947, 1, 99 %, 87421 MiB, 277.34 W, 2392 MHz, 12481 MHz, 46
2026/09/27 11:08:22.197, 0, 99 %, 87455 MiB, 273.26 W, 2407 MHz, 12481 MHz, 46
2026/09/27 11:08:22.197, 1, 99 %, 87421 MiB, 278.76 W, 2392 MHz, 12481 MHz, 46
2026/09/27 11:08:22.447, 0, 99 %, 87455 MiB, 272.89 W, 2407 MHz, 12481 MHz, 46
2026/09/27 11:08:22.447, 1, 98 %, 87421 MiB, 278.41 W, 2392 MHz, 12481 MHz, 46
2026/09/27 11:08:22.697, 0, 99 %, 87455 MiB, 273.15 W, 2407 MHz, 12481 MHz, 46
2026/09/27 11:08:22.697, 1, 98 %, 87421 MiB, 278.08 W, 2392 MHz, 12481 MHz, 46
2026/09/27 11:08:22.947, 0, 99 %, 87455 MiB, 273.28 W, 2407 MHz, 12481 MHz, 46
2026/09/27 11:08:22.947, 1, 99 %, 87421 MiB, 277.71 W, 2392 MHz, 12481 MHz, 46
2026/09/27 11:08:23.197, 0, 91 %, 87455 MiB, 269.13 W, 2407 MHz, 12481 MHz, 47
2026/09/27 11:08:23.197, 1, 38 %, 87421 MiB, 277.80 W, 2385 MHz, 12481 MHz, 47
2026/09/27 11:08:23.448, 0, 20 %, 87455 MiB, 246.19 W, 2415 MHz, 12481 MHz, 44
2026/09/27 11:08:23.448, 1, 95 %, 87421 MiB, 255.80 W, 2415 MHz, 12481 MHz, 43
2026/09/27 11:08:23.698, 0, 99 %, 87455 MiB, 246.89 W, 2385 MHz, 12481 MHz, 46
2026/09/27 11:08:23.698, 1, 99 %, 87421 MiB, 257.35 W, 2377 MHz, 12481 MHz, 46
2026/09/27 11:08:23.948, 0, 99 %, 87455 MiB, 246.52 W, 2407 MHz, 12481 MHz, 46
2026/09/27 11:08:23.948, 1, 99 %, 87421 MiB, 257.21 W, 2392 MHz, 12481 MHz, 46
2026/09/27 11:08:24.198, 0, 99 %, 87455 MiB, 248.96 W, 2407 MHz, 12481 MHz, 46
2026/09/27 11:08:24.198, 1, 99 %, 87421 MiB, 256.56 W, 2392 MHz, 12481 MHz, 46
2026/09/27 11:08:24.448, 0, 99 %, 87455 MiB, 272.31 W, 2407 MHz, 12481 MHz, 46
2026/09/27 11:08:24.448, 1, 99 %, 87421 MiB, 279.55 W, 2392 MHz, 12481 MHz, 46
2026/09/27 11:08:24.698, 0, 99 %, 87455 MiB, 271.28 W, 2407 MHz, 12481 MHz, 46
2026/09/27 11:08:24.698, 1, 99 %, 87421 MiB, 277.98 W, 2392 MHz, 12481 MHz, 46
2026/09/27 11:08:24.949, 0, 99 %, 87455 MiB, 272.09 W, 2407 MHz, 12481 MHz, 46
2026/09/27 11:08:24.949, 1, 99 %, 87421 MiB, 278.32 W, 2392 MHz, 12481 MHz, 46
2026/09/27 11:08:25.199, 0, 99 %, 87455 MiB, 273.53 W, 2407 MHz, 12481 MHz, 46
2026/09/27 11:08:25.199, 1, 99 %, 87421 MiB, 278.16 W, 2392 MHz, 12481 MHz, 46
2026/09/27 11:08:25.449, 0, 99 %, 87455 MiB, 273.45 W, 2407 MHz, 12481 MHz, 46
2026/09/27 11:08:25.449, 1, 99 %, 87421 MiB, 277.95 W, 2392 MHz, 12481 MHz, 46
2026/09/27 11:08:25.699, 0, 99 %, 87455 MiB, 273.43 W, 2407 MHz, 12481 MHz, 46
2026/09/27 11:08:25.699, 1, 99 %, 87421 MiB, 278.13 W, 2392 MHz, 12481 MHz, 46
2026/09/27 11:08:25.949, 0, 99 %, 87455 MiB, 273.17 W, 2407 MHz, 12481 MHz, 46
2026/09/27 11:08:25.950, 1, 99 %, 87421 MiB, 277.88 W, 2392 MHz, 12481 MHz, 46
2026/09/27 11:08:26.200, 0, 99 %, 87455 MiB, 273.36 W, 2407 MHz, 12481 MHz, 46
2026/09/27 11:08:26.200, 1, 99 %, 87421 MiB, 278.03 W, 2392 MHz, 12481 MHz, 46
2026/09/27 11:08:26.450, 0, 99 %, 87455 MiB, 273.68 W, 2407 MHz, 12481 MHz, 47
2026/09/27 11:08:26.450, 1, 99 %, 87421 MiB, 277.62 W, 2392 MHz, 12481 MHz, 46
2026/09/27 11:08:26.700, 0, 99 %, 87455 MiB, 273.10 W, 2407 MHz, 12481 MHz, 46
2026/09/27 11:08:26.700, 1, 99 %, 87421 MiB, 277.71 W, 2392 MHz, 12481 MHz, 46
2026/09/27 11:08:26.950, 0, 99 %, 87455 MiB, 273.05 W, 2407 MHz, 12481 MHz, 46
2026/09/27 11:08:26.950, 1, 99 %, 87421 MiB, 277.65 W, 2392 MHz, 12481 MHz, 46
2026/09/27 11:08:27.200, 0, 0 %, 87455 MiB, 238.19 W, 2407 MHz, 12481 MHz, 43
2026/09/27 11:08:27.200, 1, 99 %, 87421 MiB, 243.87 W, 2392 MHz, 12481 MHz, 43
2026/09/27 11:08:27.450, 0, 87 %, 87455 MiB, 237.88 W, 2377 MHz, 12481 MHz, 47
2026/09/27 11:08:27.451, 1, 0 %, 87421 MiB, 244.91 W, 2370 MHz, 12481 MHz, 46
2026/09/27 11:08:27.701, 0, 91 %, 87455 MiB, 246.43 W, 2415 MHz, 12481 MHz, 48
2026/09/27 11:08:27.701, 1, 96 %, 87421 MiB, 258.85 W, 2407 MHz, 12481 MHz, 47
2026/09/27 11:08:27.951, 0, 52 %, 87495 MiB, 217.82 W, 2407 MHz, 12481 MHz, 44
2026/09/27 11:08:27.951, 1, 10 %, 87461 MiB, 230.16 W, 2407 MHz, 12481 MHz, 44
2026/09/27 11:08:28.201, 0, 97 %, 87501 MiB, 231.97 W, 2355 MHz, 12481 MHz, 46
2026/09/27 11:08:28.201, 1, 86 %, 87467 MiB, 250.70 W, 2362 MHz, 12481 MHz, 46
2026/09/27 11:08:28.451, 0, 99 %, 87501 MiB, 237.72 W, 2392 MHz, 12481 MHz, 47
2026/09/27 11:08:28.451, 1, 99 %, 87467 MiB, 252.84 W, 2377 MHz, 12481 MHz, 46
2026/09/27 11:08:28.701, 0, 99 %, 87501 MiB, 230.49 W, 2400 MHz, 12481 MHz, 47
2026/09/27 11:08:28.702, 1, 99 %, 87467 MiB, 241.79 W, 2377 MHz, 12481 MHz, 46
2026/09/27 11:08:28.952, 0, 99 %, 87501 MiB, 264.62 W, 2400 MHz, 12481 MHz, 47
2026/09/27 11:08:28.952, 1, 99 %, 87467 MiB, 269.25 W, 2385 MHz, 12481 MHz, 46
2026/09/27 11:08:29.202, 0, 99 %, 87501 MiB, 285.22 W, 2400 MHz, 12481 MHz, 47
2026/09/27 11:08:29.202, 1, 99 %, 87467 MiB, 288.12 W, 2377 MHz, 12481 MHz, 46
2026/09/27 11:08:29.452, 0, 99 %, 87501 MiB, 285.58 W, 2400 MHz, 12481 MHz, 47
2026/09/27 11:08:29.452, 1, 99 %, 87467 MiB, 288.78 W, 2377 MHz, 12481 MHz, 47
2026/09/27 11:08:29.702, 0, 99 %, 87501 MiB, 285.23 W, 2400 MHz, 12481 MHz, 47
2026/09/27 11:08:29.702, 1, 99 %, 87467 MiB, 289.00 W, 2377 MHz, 12481 MHz, 47
2026/09/27 11:08:29.952, 0, 99 %, 87501 MiB, 284.78 W, 2400 MHz, 12481 MHz, 47
2026/09/27 11:08:29.952, 1, 99 %, 87467 MiB, 289.38 W, 2377 MHz, 12481 MHz, 47
2026/09/27 11:08:30.202, 0, 99 %, 87501 MiB, 283.40 W, 2400 MHz, 12481 MHz, 47
2026/09/27 11:08:30.203, 1, 99 %, 87467 MiB, 290.23 W, 2385 MHz, 12481 MHz, 47
2026/09/27 11:08:30.453, 0, 99 %, 87501 MiB, 283.21 W, 2400 MHz, 12481 MHz, 47
2026/09/27 11:08:30.453, 1, 98 %, 87467 MiB, 290.70 W, 2385 MHz, 12481 MHz, 47
2026/09/27 11:08:30.703, 0, 99 %, 87501 MiB, 283.68 W, 2400 MHz, 12481 MHz, 47
2026/09/27 11:08:30.703, 1, 99 %, 87467 MiB, 289.83 W, 2377 MHz, 12481 MHz, 47
2026/09/27 11:08:30.953, 0, 99 %, 87501 MiB, 283.80 W, 2400 MHz, 12481 MHz, 47
2026/09/27 11:08:30.953, 1, 99 %, 87467 MiB, 289.05 W, 2385 MHz, 12481 MHz, 46
2026/09/27 11:08:31.203, 0, 99 %, 87501 MiB, 284.22 W, 2400 MHz, 12481 MHz, 47
2026/09/27 11:08:31.203, 1, 99 %, 87467 MiB, 288.73 W, 2385 MHz, 12481 MHz, 47
2026/09/27 11:08:31.454, 0, 99 %, 87501 MiB, 283.91 W, 2400 MHz, 12481 MHz, 47
2026/09/27 11:08:31.454, 1, 99 %, 87467 MiB, 288.64 W, 2385 MHz, 12481 MHz, 47
2026/09/27 11:08:31.704, 0, 99 %, 87501 MiB, 283.25 W, 2400 MHz, 12481 MHz, 47
2026/09/27 11:08:31.704, 1, 99 %, 87467 MiB, 289.48 W, 2385 MHz, 12481 MHz, 47
2026/09/27 11:08:31.954, 0, 99 %, 87501 MiB, 282.97 W, 2400 MHz, 12481 MHz, 47
2026/09/27 11:08:31.954, 1, 99 %, 87467 MiB, 289.96 W, 2385 MHz, 12481 MHz, 47
2026/09/27 11:08:32.204, 0, 99 %, 87501 MiB, 283.34 W, 2400 MHz, 12481 MHz, 47
2026/09/27 11:08:32.204, 1, 99 %, 87467 MiB, 289.46 W, 2385 MHz, 12481 MHz, 47
2026/09/27 11:08:32.454, 0, 99 %, 87501 MiB, 284.13 W, 2400 MHz, 12481 MHz, 47
2026/09/27 11:08:32.454, 1, 99 %, 87467 MiB, 288.76 W, 2385 MHz, 12481 MHz, 47
2026/09/27 11:08:32.704, 0, 99 %, 87501 MiB, 284.50 W, 2400 MHz, 12481 MHz, 47
2026/09/27 11:08:32.704, 1, 99 %, 87467 MiB, 287.92 W, 2385 MHz, 12481 MHz, 47
2026/09/27 11:08:32.955, 0, 99 %, 87501 MiB, 283.73 W, 2400 MHz, 12481 MHz, 47
2026/09/27 11:08:32.955, 1, 99 %, 87467 MiB, 287.41 W, 2385 MHz, 12481 MHz, 47
2026/09/27 11:08:33.205, 0, 99 %, 87501 MiB, 285.14 W, 2400 MHz, 12481 MHz, 47
2026/09/27 11:08:33.205, 1, 99 %, 87467 MiB, 287.36 W, 2385 MHz, 12481 MHz, 47
2026/09/27 11:08:33.455, 0, 99 %, 87501 MiB, 284.32 W, 2400 MHz, 12481 MHz, 47
2026/09/27 11:08:33.455, 1, 99 %, 87467 MiB, 287.29 W, 2385 MHz, 12481 MHz, 47
2026/09/27 11:08:33.705, 0, 99 %, 87501 MiB, 262.81 W, 2400 MHz, 12481 MHz, 44
2026/09/27 11:08:33.705, 1, 4 %, 87467 MiB, 267.75 W, 2385 MHz, 12481 MHz, 45
2026/09/27 11:08:33.955, 0, 23 %, 87501 MiB, 264.93 W, 2407 MHz, 12481 MHz, 48
2026/09/27 11:08:33.955, 1, 94 %, 87467 MiB, 270.36 W, 2385 MHz, 12481 MHz, 47
2026/09/27 11:08:34.205, 0, 91 %, 87501 MiB, 257.78 W, 2415 MHz, 12481 MHz, 48
2026/09/27 11:08:34.205, 1, 95 %, 87467 MiB, 274.54 W, 2407 MHz, 12481 MHz, 48
2026/09/27 11:08:34.456, 0, 21 %, 87501 MiB, 226.76 W, 2415 MHz, 12481 MHz, 44
2026/09/27 11:08:34.457, 1, 21 %, 87467 MiB, 245.57 W, 2407 MHz, 12481 MHz, 44
2026/09/27 11:08:34.708, 0, 97 %, 87501 MiB, 242.43 W, 2370 MHz, 12481 MHz, 47
2026/09/27 11:08:34.708, 1, 99 %, 87467 MiB, 261.10 W, 2355 MHz, 12481 MHz, 46
2026/09/27 11:08:34.958, 0, 99 %, 87501 MiB, 243.95 W, 2392 MHz, 12481 MHz, 47
2026/09/27 11:08:34.958, 1, 99 %, 87467 MiB, 260.03 W, 2377 MHz, 12481 MHz, 46
2026/09/27 11:08:35.208, 0, 99 %, 87501 MiB, 244.01 W, 2400 MHz, 12481 MHz, 47
2026/09/27 11:08:35.208, 1, 99 %, 87467 MiB, 252.41 W, 2377 MHz, 12481 MHz, 47
2026/09/27 11:08:35.458, 0, 99 %, 87501 MiB, 274.83 W, 2400 MHz, 12481 MHz, 47
2026/09/27 11:08:35.459, 1, 99 %, 87467 MiB, 282.07 W, 2377 MHz, 12481 MHz, 47
2026/09/27 11:08:35.709, 0, 99 %, 87501 MiB, 281.81 W, 2400 MHz, 12481 MHz, 47
2026/09/27 11:08:35.709, 1, 99 %, 87467 MiB, 291.37 W, 2377 MHz, 12481 MHz, 47
2026/09/27 11:08:35.959, 0, 99 %, 87501 MiB, 282.77 W, 2400 MHz, 12481 MHz, 47
2026/09/27 11:08:35.959, 1, 99 %, 87467 MiB, 291.33 W, 2385 MHz, 12481 MHz, 47
2026/09/27 11:08:36.209, 0, 99 %, 87501 MiB, 283.84 W, 2400 MHz, 12481 MHz, 47
2026/09/27 11:08:36.209, 1, 99 %, 87467 MiB, 290.71 W, 2377 MHz, 12481 MHz, 47
2026/09/27 11:08:36.460, 0, 99 %, 87501 MiB, 283.11 W, 2400 MHz, 12481 MHz, 47
2026/09/27 11:08:36.460, 1, 99 %, 87467 MiB, 289.86 W, 2385 MHz, 12481 MHz, 47
2026/09/27 11:08:36.711, 0, 99 %, 87501 MiB, 282.27 W, 2400 MHz, 12481 MHz, 47
2026/09/27 11:08:36.711, 1, 99 %, 87467 MiB, 289.07 W, 2385 MHz, 12481 MHz, 47
2026/09/27 11:08:36.961, 0, 99 %, 87501 MiB, 282.30 W, 2400 MHz, 12481 MHz, 47
2026/09/27 11:08:36.961, 1, 98 %, 87467 MiB, 288.92 W, 2385 MHz, 12481 MHz, 47
2026/09/27 11:08:37.211, 0, 99 %, 87501 MiB, 281.83 W, 2400 MHz, 12481 MHz, 47
2026/09/27 11:08:37.211, 1, 99 %, 87467 MiB, 289.77 W, 2385 MHz, 12481 MHz, 47
2026/09/27 11:08:37.461, 0, 98 %, 87501 MiB, 282.35 W, 2400 MHz, 12481 MHz, 47
2026/09/27 11:08:37.462, 1, 98 %, 87467 MiB, 290.50 W, 2385 MHz, 12481 MHz, 47
2026/09/27 11:08:37.713, 0, 99 %, 87501 MiB, 282.57 W, 2400 MHz, 12481 MHz, 47
2026/09/27 11:08:37.713, 1, 99 %, 87467 MiB, 290.18 W, 2385 MHz, 12481 MHz, 47
2026/09/27 11:08:37.963, 0, 99 %, 87501 MiB, 281.96 W, 2400 MHz, 12481 MHz, 47
2026/09/27 11:08:37.963, 1, 99 %, 87467 MiB, 290.59 W, 2385 MHz, 12481 MHz, 47
2026/09/27 11:08:38.213, 0, 99 %, 87501 MiB, 283.00 W, 2400 MHz, 12481 MHz, 47
2026/09/27 11:08:38.213, 1, 99 %, 87467 MiB, 290.34 W, 2385 MHz, 12481 MHz, 47
2026/09/27 11:08:38.463, 0, 99 %, 87501 MiB, 282.69 W, 2400 MHz, 12481 MHz, 47
2026/09/27 11:08:38.463, 1, 99 %, 87467 MiB, 289.83 W, 2385 MHz, 12481 MHz, 47
2026/09/27 11:08:38.714, 0, 99 %, 87501 MiB, 283.78 W, 2400 MHz, 12481 MHz, 47
2026/09/27 11:08:38.714, 1, 98 %, 87467 MiB, 289.91 W, 2385 MHz, 12481 MHz, 47
2026/09/27 11:08:38.964, 0, 99 %, 87501 MiB, 284.81 W, 2400 MHz, 12481 MHz, 47
2026/09/27 11:08:38.964, 1, 98 %, 87467 MiB, 289.86 W, 2385 MHz, 12481 MHz, 47
2026/09/27 11:08:39.214, 0, 99 %, 87501 MiB, 283.92 W, 2400 MHz, 12481 MHz, 47
2026/09/27 11:08:39.214, 1, 99 %, 87467 MiB, 290.13 W, 2385 MHz, 12481 MHz, 47
2026/09/27 11:08:39.464, 0, 99 %, 87501 MiB, 284.09 W, 2400 MHz, 12481 MHz, 47
2026/09/27 11:08:39.464, 1, 99 %, 87467 MiB, 289.63 W, 2385 MHz, 12481 MHz, 47
2026/09/27 11:08:39.715, 0, 99 %, 87501 MiB, 283.39 W, 2400 MHz, 12481 MHz, 47
2026/09/27 11:08:39.715, 1, 99 %, 87467 MiB, 290.70 W, 2385 MHz, 12481 MHz, 47
2026/09/27 11:08:39.965, 0, 99 %, 87501 MiB, 282.96 W, 2400 MHz, 12481 MHz, 47
2026/09/27 11:08:39.965, 1, 99 %, 87467 MiB, 290.75 W, 2385 MHz, 12481 MHz, 47
2026/09/27 11:08:40.215, 0, 0 %, 87565 MiB, 246.34 W, 2407 MHz, 12481 MHz, 43
2026/09/27 11:08:40.215, 1, 0 %, 87531 MiB, 253.38 W, 2385 MHz, 12481 MHz, 44
2026/09/27 11:08:40.465, 0, 91 %, 87565 MiB, 248.74 W, 2415 MHz, 12481 MHz, 48
2026/09/27 11:08:40.465, 1, 78 %, 87531 MiB, 256.80 W, 2385 MHz, 12481 MHz, 47
2026/09/27 11:08:40.715, 0, 88 %, 87565 MiB, 248.33 W, 2422 MHz, 12481 MHz, 49
2026/09/27 11:08:40.715, 1, 81 %, 87531 MiB, 257.60 W, 2422 MHz, 12481 MHz, 48
2026/09/27 11:08:40.966, 0, 88 %, 87565 MiB, 249.46 W, 2422 MHz, 12481 MHz, 47
2026/09/27 11:08:40.966, 1, 81 %, 87531 MiB, 259.52 W, 2422 MHz, 12481 MHz, 48
2026/09/27 11:08:41.216, 0, 47 %, 91725 MiB, 266.42 W, 2422 MHz, 12481 MHz, 48
2026/09/27 11:08:41.216, 1, 74 %, 91691 MiB, 301.25 W, 2422 MHz, 12481 MHz, 48
2026/09/27 11:08:41.466, 0, 91 %, 91725 MiB, 268.91 W, 2422 MHz, 12481 MHz, 47
2026/09/27 11:08:41.466, 1, 80 %, 91691 MiB, 301.24 W, 2422 MHz, 12481 MHz, 48
2026/09/27 11:08:41.716, 0, 87 %, 91725 MiB, 269.03 W, 2422 MHz, 12481 MHz, 49
2026/09/27 11:08:41.716, 1, 80 %, 91691 MiB, 303.29 W, 2422 MHz, 12481 MHz, 49
2026/09/27 11:08:41.966, 0, 87 %, 91725 MiB, 257.41 W, 2422 MHz, 12481 MHz, 48
2026/09/27 11:08:41.966, 1, 93 %, 91691 MiB, 308.54 W, 2422 MHz, 12481 MHz, 47
2026/09/27 11:08:42.216, 0, 91 %, 91725 MiB, 276.90 W, 2422 MHz, 12481 MHz, 48
2026/09/27 11:08:42.217, 1, 80 %, 91691 MiB, 305.98 W, 2422 MHz, 12481 MHz, 48
2026/09/27 11:08:42.467, 0, 90 %, 91725 MiB, 277.90 W, 2422 MHz, 12481 MHz, 49
2026/09/27 11:08:42.467, 1, 81 %, 91691 MiB, 307.15 W, 2422 MHz, 12481 MHz, 49
2026/09/27 11:08:42.717, 0, 93 %, 91725 MiB, 274.04 W, 2422 MHz, 12481 MHz, 48
2026/09/27 11:08:42.717, 1, 87 %, 91691 MiB, 308.57 W, 2422 MHz, 12481 MHz, 49
2026/09/27 11:08:42.967, 0, 51 %, 91725 MiB, 277.07 W, 2422 MHz, 12481 MHz, 47
2026/09/27 11:08:42.967, 1, 80 %, 91691 MiB, 306.56 W, 2422 MHz, 12481 MHz, 48
2026/09/27 11:08:43.217, 0, 88 %, 91725 MiB, 275.49 W, 2422 MHz, 12481 MHz, 48
2026/09/27 11:08:43.217, 1, 84 %, 91691 MiB, 306.61 W, 2422 MHz, 12481 MHz, 48
2026/09/27 11:08:43.468, 0, 89 %, 91725 MiB, 275.53 W, 2422 MHz, 12481 MHz, 49
2026/09/27 11:08:43.468, 1, 80 %, 91691 MiB, 307.38 W, 2422 MHz, 12481 MHz, 49
2026/09/27 11:08:43.718, 0, 90 %, 91725 MiB, 265.65 W, 2422 MHz, 12481 MHz, 47
2026/09/27 11:08:43.718, 1, 86 %, 91691 MiB, 311.78 W, 2422 MHz, 12481 MHz, 50
2026/09/27 11:08:43.968, 0, 93 %, 91725 MiB, 276.01 W, 2422 MHz, 12481 MHz, 47
2026/09/27 11:08:43.968, 1, 81 %, 91691 MiB, 307.01 W, 2422 MHz, 12481 MHz, 48
2026/09/27 11:08:44.218, 0, 95 %, 91725 MiB, 277.72 W, 2422 MHz, 12481 MHz, 48
2026/09/27 11:08:44.218, 1, 80 %, 91691 MiB, 308.88 W, 2422 MHz, 12481 MHz, 48
2026/09/27 11:08:44.468, 0, 93 %, 91725 MiB, 278.20 W, 2422 MHz, 12481 MHz, 49
2026/09/27 11:08:44.468, 1, 86 %, 91691 MiB, 308.01 W, 2422 MHz, 12481 MHz, 48
2026/09/27 11:08:44.718, 0, 52 %, 91725 MiB, 279.72 W, 2422 MHz, 12481 MHz, 48
2026/09/27 11:08:44.719, 1, 80 %, 91691 MiB, 309.18 W, 2422 MHz, 12481 MHz, 48
2026/09/27 11:08:44.969, 0, 95 %, 91725 MiB, 279.30 W, 2422 MHz, 12481 MHz, 49
2026/09/27 11:08:44.969, 1, 83 %, 91691 MiB, 310.08 W, 2422 MHz, 12481 MHz, 49
2026/09/27 11:08:45.219, 0, 93 %, 91725 MiB, 279.33 W, 2422 MHz, 12481 MHz, 49
2026/09/27 11:08:45.219, 1, 87 %, 91691 MiB, 311.66 W, 2422 MHz, 12481 MHz, 49
2026/09/27 11:08:45.469, 0, 45 %, 91725 MiB, 267.47 W, 2422 MHz, 12481 MHz, 45
2026/09/27 11:08:45.469, 1, 87 %, 91691 MiB, 317.65 W, 2422 MHz, 12481 MHz, 50
2026/09/27 11:08:45.719, 0, 97 %, 91725 MiB, 279.20 W, 2422 MHz, 12481 MHz, 49
2026/09/27 11:08:45.719, 1, 81 %, 91691 MiB, 310.33 W, 2422 MHz, 12481 MHz, 49
2026/09/27 11:08:45.974, 0, 97 %, 91725 MiB, 279.28 W, 2422 MHz, 12481 MHz, 50
2026/09/27 11:08:45.974, 1, 86 %, 91691 MiB, 312.49 W, 2422 MHz, 12481 MHz, 49
2026/09/27 11:08:46.224, 0, 96 %, 91725 MiB, 273.60 W, 2422 MHz, 12481 MHz, 49
2026/09/27 11:08:46.224, 1, 86 %, 91691 MiB, 317.09 W, 2422 MHz, 12481 MHz, 50
2026/09/27 11:08:46.474, 0, 89 %, 91725 MiB, 277.87 W, 2422 MHz, 12481 MHz, 49
2026/09/27 11:08:46.475, 1, 91 %, 91691 MiB, 311.85 W, 2422 MHz, 12481 MHz, 49
2026/09/27 11:08:46.725, 0, 96 %, 91725 MiB, 275.95 W, 2422 MHz, 12481 MHz, 48
2026/09/27 11:08:46.725, 1, 80 %, 91691 MiB, 312.80 W, 2422 MHz, 12481 MHz, 48
2026/09/27 11:08:46.975, 0, 97 %, 91725 MiB, 280.62 W, 2422 MHz, 12481 MHz, 49
2026/09/27 11:08:46.975, 1, 79 %, 91691 MiB, 310.83 W, 2422 MHz, 12481 MHz, 48
2026/09/27 11:08:47.225, 0, 35 %, 91725 MiB, 271.63 W, 2422 MHz, 12481 MHz, 46
2026/09/27 11:08:47.225, 1, 89 %, 91691 MiB, 315.19 W, 2422 MHz, 12481 MHz, 49
2026/09/27 11:08:47.475, 0, 99 %, 91725 MiB, 291.05 W, 2422 MHz, 12481 MHz, 49
2026/09/27 11:08:47.475, 1, 100 %, 91691 MiB, 324.12 W, 2415 MHz, 12481 MHz, 50
2026/09/27 11:08:47.725, 0, 85 %, 91725 MiB, 296.05 W, 2422 MHz, 12481 MHz, 50
2026/09/27 11:08:47.726, 1, 100 %, 91691 MiB, 332.83 W, 2415 MHz, 12481 MHz, 50
2026/09/27 11:08:47.976, 0, 94 %, 91725 MiB, 261.17 W, 2422 MHz, 12481 MHz, 45
2026/09/27 11:08:47.976, 1, 22 %, 91691 MiB, 303.79 W, 2415 MHz, 12481 MHz, 45
2026/09/27 11:08:48.226, 0, 98 %, 91725 MiB, 254.63 W, 2407 MHz, 12481 MHz, 47
2026/09/27 11:08:48.226, 1, 98 %, 91691 MiB, 276.61 W, 2415 MHz, 12481 MHz, 47
2026/09/27 11:08:48.476, 0, 99 %, 91725 MiB, 239.35 W, 2407 MHz, 12481 MHz, 47
2026/09/27 11:08:48.476, 1, 99 %, 91691 MiB, 254.47 W, 2392 MHz, 12481 MHz, 47
2026/09/27 11:08:48.726, 0, 99 %, 91725 MiB, 222.01 W, 2407 MHz, 12481 MHz, 47
2026/09/27 11:08:48.726, 1, 99 %, 91691 MiB, 234.90 W, 2392 MHz, 12481 MHz, 47
2026/09/27 11:08:48.976, 0, 99 %, 91725 MiB, 243.22 W, 2407 MHz, 12481 MHz, 47
2026/09/27 11:08:48.976, 1, 99 %, 91691 MiB, 248.88 W, 2392 MHz, 12481 MHz, 47
2026/09/27 11:08:49.227, 0, 99 %, 91725 MiB, 253.17 W, 2407 MHz, 12481 MHz, 47
2026/09/27 11:08:49.227, 1, 99 %, 91691 MiB, 257.80 W, 2392 MHz, 12481 MHz, 47
2026/09/27 11:08:49.477, 0, 99 %, 91725 MiB, 252.39 W, 2407 MHz, 12481 MHz, 47
2026/09/27 11:08:49.477, 1, 99 %, 91691 MiB, 257.83 W, 2392 MHz, 12481 MHz, 47
2026/09/27 11:08:49.727, 0, 99 %, 91725 MiB, 252.23 W, 2407 MHz, 12481 MHz, 47
2026/09/27 11:08:49.727, 1, 99 %, 91691 MiB, 256.93 W, 2392 MHz, 12481 MHz, 47
2026/09/27 11:08:49.977, 0, 99 %, 91725 MiB, 252.93 W, 2407 MHz, 12481 MHz, 47
2026/09/27 11:08:49.977, 1, 99 %, 91691 MiB, 257.12 W, 2392 MHz, 12481 MHz, 47
2026/09/27 11:08:50.227, 0, 78 %, 91725 MiB, 240.22 W, 2407 MHz, 12481 MHz, 45
2026/09/27 11:08:50.227, 1, 99 %, 91691 MiB, 249.47 W, 2392 MHz, 12481 MHz, 45
2026/09/27 11:08:50.477, 0, 88 %, 91725 MiB, 249.02 W, 2422 MHz, 12481 MHz, 49
2026/09/27 11:08:50.478, 1, 82 %, 91691 MiB, 257.35 W, 2415 MHz, 12481 MHz, 49
2026/09/27 11:08:50.728, 0, 88 %, 91725 MiB, 258.22 W, 2422 MHz, 12481 MHz, 48
2026/09/27 11:08:50.728, 1, 80 %, 91691 MiB, 272.01 W, 2422 MHz, 12481 MHz, 48
2026/09/27 11:08:50.978, 0, 91 %, 91725 MiB, 266.15 W, 2422 MHz, 12481 MHz, 48
2026/09/27 11:08:50.978, 1, 84 %, 91691 MiB, 279.93 W, 2422 MHz, 12481 MHz, 49
2026/09/27 11:08:51.228, 0, 89 %, 91725 MiB, 274.47 W, 2422 MHz, 12481 MHz, 48
2026/09/27 11:08:51.228, 1, 84 %, 91723 MiB, 306.29 W, 2422 MHz, 12481 MHz, 49
2026/09/27 11:08:51.478, 0, 87 %, 91725 MiB, 273.89 W, 2422 MHz, 12481 MHz, 49
2026/09/27 11:08:51.478, 1, 83 %, 91723 MiB, 306.60 W, 2422 MHz, 12481 MHz, 49
2026/09/27 11:08:51.729, 0, 91 %, 91725 MiB, 276.67 W, 2422 MHz, 12481 MHz, 48
2026/09/27 11:08:51.729, 1, 81 %, 91723 MiB, 308.36 W, 2422 MHz, 12481 MHz, 48
2026/09/27 11:08:51.979, 0, 88 %, 91725 MiB, 263.19 W, 2422 MHz, 12481 MHz, 45
2026/09/27 11:08:51.979, 1, 93 %, 91723 MiB, 313.84 W, 2422 MHz, 12481 MHz, 49
2026/09/27 11:08:52.229, 0, 90 %, 91725 MiB, 276.44 W, 2422 MHz, 12481 MHz, 49
2026/09/27 11:08:52.229, 1, 82 %, 91723 MiB, 308.01 W, 2422 MHz, 12481 MHz, 49
2026/09/27 11:08:52.479, 0, 93 %, 91725 MiB, 277.54 W, 2422 MHz, 12481 MHz, 47
2026/09/27 11:08:52.479, 1, 80 %, 91723 MiB, 310.29 W, 2422 MHz, 12481 MHz, 49
2026/09/27 11:08:52.729, 0, 89 %, 91725 MiB, 263.26 W, 2422 MHz, 12481 MHz, 48
2026/09/27 11:08:52.729, 1, 93 %, 91723 MiB, 313.12 W, 2422 MHz, 12481 MHz, 47
2026/09/27 11:08:52.979, 0, 33 %, 91725 MiB, 275.98 W, 2422 MHz, 12481 MHz, 49
2026/09/27 11:08:52.980, 1, 84 %, 91723 MiB, 306.81 W, 2422 MHz, 12481 MHz, 49
2026/09/27 11:08:53.230, 0, 90 %, 91725 MiB, 276.92 W, 2422 MHz, 12481 MHz, 48
2026/09/27 11:08:53.230, 1, 81 %, 91723 MiB, 306.62 W, 2422 MHz, 12481 MHz, 50
2026/09/27 11:08:53.480, 0, 93 %, 91725 MiB, 275.11 W, 2422 MHz, 12481 MHz, 47
2026/09/27 11:08:53.480, 1, 80 %, 91723 MiB, 305.33 W, 2422 MHz, 12481 MHz, 49
2026/09/27 11:08:53.730, 0, 52 %, 91725 MiB, 272.73 W, 2422 MHz, 12481 MHz, 47
2026/09/27 11:08:53.730, 1, 81 %, 91723 MiB, 306.47 W, 2422 MHz, 12481 MHz, 48
2026/09/27 11:08:53.980, 0, 92 %, 91725 MiB, 277.21 W, 2422 MHz, 12481 MHz, 49
2026/09/27 11:08:53.980, 1, 79 %, 91723 MiB, 305.27 W, 2422 MHz, 12481 MHz, 48
2026/09/27 11:08:54.230, 0, 94 %, 91725 MiB, 274.96 W, 2422 MHz, 12481 MHz, 48
2026/09/27 11:08:54.230, 1, 84 %, 91723 MiB, 307.17 W, 2422 MHz, 12481 MHz, 49
2026/09/27 11:08:54.480, 0, 92 %, 91725 MiB, 269.18 W, 2422 MHz, 12481 MHz, 49
2026/09/27 11:08:54.480, 1, 86 %, 91723 MiB, 314.04 W, 2422 MHz, 12481 MHz, 50
2026/09/27 11:08:54.731, 0, 88 %, 91725 MiB, 275.43 W, 2422 MHz, 12481 MHz, 48
2026/09/27 11:08:54.731, 1, 77 %, 91723 MiB, 306.49 W, 2422 MHz, 12481 MHz, 49
2026/09/27 11:08:54.981, 0, 92 %, 91725 MiB, 275.46 W, 2422 MHz, 12481 MHz, 49
2026/09/27 11:08:54.981, 1, 80 %, 91723 MiB, 306.76 W, 2422 MHz, 12481 MHz, 48
2026/09/27 11:08:55.231, 0, 93 %, 91725 MiB, 275.32 W, 2422 MHz, 12481 MHz, 48
2026/09/27 11:08:55.231, 1, 84 %, 91723 MiB, 306.06 W, 2422 MHz, 12481 MHz, 49
2026/09/27 11:08:55.481, 0, 30 %, 91725 MiB, 275.46 W, 2422 MHz, 12481 MHz, 48
2026/09/27 11:08:55.481, 1, 93 %, 91723 MiB, 308.88 W, 2422 MHz, 12481 MHz, 48
2026/09/27 11:08:55.731, 0, 96 %, 91725 MiB, 277.17 W, 2422 MHz, 12481 MHz, 48
2026/09/27 11:08:55.731, 1, 82 %, 91723 MiB, 305.53 W, 2422 MHz, 12481 MHz, 49
2026/09/27 11:08:55.981, 0, 96 %, 91725 MiB, 276.19 W, 2422 MHz, 12481 MHz, 47
2026/09/27 11:08:55.981, 1, 80 %, 91723 MiB, 309.36 W, 2422 MHz, 12481 MHz, 48
2026/09/27 11:08:56.232, 0, 97 %, 91725 MiB, 264.22 W, 2422 MHz, 12481 MHz, 48
2026/09/27 11:08:56.232, 1, 80 %, 91723 MiB, 315.60 W, 2422 MHz, 12481 MHz, 50
2026/09/27 11:08:56.482, 0, 97 %, 91725 MiB, 279.36 W, 2422 MHz, 12481 MHz, 48
2026/09/27 11:08:56.482, 1, 86 %, 91723 MiB, 307.63 W, 2422 MHz, 12481 MHz, 50
2026/09/27 11:08:56.732, 0, 95 %, 91725 MiB, 279.20 W, 2422 MHz, 12481 MHz, 49
2026/09/27 11:08:56.732, 1, 81 %, 91723 MiB, 309.85 W, 2422 MHz, 12481 MHz, 49
2026/09/27 11:08:56.982, 0, 97 %, 91725 MiB, 276.93 W, 2422 MHz, 12481 MHz, 49
2026/09/27 11:08:56.982, 1, 83 %, 91723 MiB, 307.34 W, 2422 MHz, 12481 MHz, 49
2026/09/27 11:08:57.232, 0, 31 %, 91725 MiB, 281.65 W, 2422 MHz, 12481 MHz, 47
2026/09/27 11:08:57.232, 1, 93 %, 91723 MiB, 311.71 W, 2422 MHz, 12481 MHz, 50
2026/09/27 11:08:57.482, 0, 99 %, 91725 MiB, 286.56 W, 2422 MHz, 12481 MHz, 49
2026/09/27 11:08:57.482, 1, 100 %, 91723 MiB, 324.02 W, 2415 MHz, 12481 MHz, 50
2026/09/27 11:08:57.733, 0, 50 %, 91725 MiB, 287.07 W, 2422 MHz, 12481 MHz, 49
2026/09/27 11:08:57.733, 1, 100 %, 91723 MiB, 329.86 W, 2415 MHz, 12481 MHz, 50
2026/09/27 11:08:57.983, 0, 99 %, 91725 MiB, 267.50 W, 2422 MHz, 12481 MHz, 46
2026/09/27 11:08:57.983, 1, 11 %, 91723 MiB, 316.04 W, 2415 MHz, 12481 MHz, 46
2026/09/27 11:08:58.233, 0, 99 %, 91725 MiB, 255.47 W, 2422 MHz, 12481 MHz, 47
2026/09/27 11:08:58.233, 1, 98 %, 91723 MiB, 277.58 W, 2415 MHz, 12481 MHz, 47
2026/09/27 11:08:58.483, 0, 99 %, 91725 MiB, 239.18 W, 2407 MHz, 12481 MHz, 47
2026/09/27 11:08:58.483, 1, 99 %, 91723 MiB, 259.43 W, 2392 MHz, 12481 MHz, 47
2026/09/27 11:08:58.733, 0, 99 %, 91725 MiB, 229.01 W, 2407 MHz, 12481 MHz, 47
2026/09/27 11:08:58.733, 1, 99 %, 91723 MiB, 240.00 W, 2392 MHz, 12481 MHz, 47
2026/09/27 11:08:58.984, 0, 99 %, 91725 MiB, 242.51 W, 2407 MHz, 12481 MHz, 47
2026/09/27 11:08:58.984, 1, 99 %, 91723 MiB, 243.20 W, 2392 MHz, 12481 MHz, 47
2026/09/27 11:08:59.234, 0, 99 %, 91725 MiB, 252.34 W, 2407 MHz, 12481 MHz, 47
2026/09/27 11:08:59.234, 1, 99 %, 91723 MiB, 256.29 W, 2392 MHz, 12481 MHz, 47
2026/09/27 11:08:59.484, 0, 99 %, 91725 MiB, 251.07 W, 2407 MHz, 12481 MHz, 47
2026/09/27 11:08:59.484, 1, 99 %, 91723 MiB, 255.78 W, 2392 MHz, 12481 MHz, 47
2026/09/27 11:08:59.734, 0, 99 %, 91725 MiB, 251.23 W, 2407 MHz, 12481 MHz, 47
2026/09/27 11:08:59.734, 1, 99 %, 91723 MiB, 254.55 W, 2392 MHz, 12481 MHz, 47
2026/09/27 11:08:59.984, 0, 99 %, 91725 MiB, 251.44 W, 2407 MHz, 12481 MHz, 47
2026/09/27 11:08:59.984, 1, 99 %, 91723 MiB, 254.35 W, 2392 MHz, 12481 MHz, 47
2026/09/27 11:09:00.235, 0, 99 %, 91725 MiB, 248.10 W, 2407 MHz, 12481 MHz, 47
2026/09/27 11:09:00.235, 1, 99 %, 91723 MiB, 249.87 W, 2392 MHz, 12481 MHz, 46
2026/09/27 11:09:00.485, 0, 91 %, 91725 MiB, 256.16 W, 2415 MHz, 12481 MHz, 48
2026/09/27 11:09:00.485, 1, 77 %, 91723 MiB, 258.07 W, 2407 MHz, 12481 MHz, 48
2026/09/27 11:09:00.735, 0, 87 %, 91725 MiB, 265.27 W, 2422 MHz, 12481 MHz, 48
2026/09/27 11:09:00.735, 1, 80 %, 91723 MiB, 271.90 W, 2422 MHz, 12481 MHz, 48
2026/09/27 11:09:00.985, 0, 91 %, 91725 MiB, 269.95 W, 2422 MHz, 12481 MHz, 49
2026/09/27 11:09:00.985, 1, 82 %, 91723 MiB, 278.28 W, 2422 MHz, 12481 MHz, 50
2026/09/27 11:09:01.235, 0, 54 %, 91725 MiB, 272.88 W, 2422 MHz, 12481 MHz, 48
2026/09/27 11:09:01.236, 1, 92 %, 91723 MiB, 301.86 W, 2422 MHz, 12481 MHz, 49
2026/09/27 11:09:01.486, 0, 88 %, 91725 MiB, 272.30 W, 2422 MHz, 12481 MHz, 48
2026/09/27 11:09:01.486, 1, 80 %, 91723 MiB, 301.44 W, 2422 MHz, 12481 MHz, 48
2026/09/27 11:09:01.736, 0, 87 %, 91725 MiB, 271.20 W, 2422 MHz, 12481 MHz, 49
2026/09/27 11:09:01.736, 1, 80 %, 91723 MiB, 302.88 W, 2422 MHz, 12481 MHz, 49
2026/09/27 11:09:01.986, 0, 87 %, 91725 MiB, 258.69 W, 2422 MHz, 12481 MHz, 47
2026/09/27 11:09:01.986, 1, 93 %, 91723 MiB, 308.82 W, 2422 MHz, 12481 MHz, 49
2026/09/27 11:09:02.236, 0, 93 %, 91725 MiB, 272.73 W, 2422 MHz, 12481 MHz, 47
2026/09/27 11:09:02.236, 1, 80 %, 91723 MiB, 304.23 W, 2422 MHz, 12481 MHz, 48
2026/09/27 11:09:02.487, 0, 86 %, 91725 MiB, 272.10 W, 2422 MHz, 12481 MHz, 48
2026/09/27 11:09:02.487, 1, 86 %, 91723 MiB, 306.08 W, 2422 MHz, 12481 MHz, 48
2026/09/27 11:09:02.737, 0, 90 %, 91725 MiB, 271.08 W, 2422 MHz, 12481 MHz, 49
2026/09/27 11:09:02.737, 1, 81 %, 91723 MiB, 308.14 W, 2422 MHz, 12481 MHz, 49
2026/09/27 11:09:02.987, 0, 67 %, 91725 MiB, 275.90 W, 2422 MHz, 12481 MHz, 48
2026/09/27 11:09:02.987, 1, 86 %, 91723 MiB, 307.67 W, 2422 MHz, 12481 MHz, 50
2026/09/27 11:09:03.237, 0, 92 %, 91725 MiB, 273.22 W, 2422 MHz, 12481 MHz, 49
2026/09/27 11:09:03.237, 1, 80 %, 91723 MiB, 306.11 W, 2422 MHz, 12481 MHz, 49
2026/09/27 11:09:03.487, 0, 93 %, 91725 MiB, 276.33 W, 2422 MHz, 12481 MHz, 48
2026/09/27 11:09:03.488, 1, 82 %, 91723 MiB, 308.37 W, 2422 MHz, 12481 MHz, 48
2026/09/27 11:09:03.738, 0, 30 %, 91725 MiB, 266.12 W, 2422 MHz, 12481 MHz, 47
2026/09/27 11:09:03.738, 1, 87 %, 91723 MiB, 314.52 W, 2422 MHz, 12481 MHz, 49
2026/09/27 11:09:03.988, 0, 92 %, 91725 MiB, 274.73 W, 2422 MHz, 12481 MHz, 49
2026/09/27 11:09:03.988, 1, 80 %, 91723 MiB, 308.20 W, 2422 MHz, 12481 MHz, 49
2026/09/27 11:09:04.238, 0, 86 %, 91725 MiB, 274.21 W, 2422 MHz, 12481 MHz, 48
2026/09/27 11:09:04.238, 1, 86 %, 91723 MiB, 305.85 W, 2422 MHz, 12481 MHz, 48
2026/09/27 11:09:04.488, 0, 95 %, 91725 MiB, 274.61 W, 2422 MHz, 12481 MHz, 48
2026/09/27 11:09:04.488, 1, 82 %, 91723 MiB, 306.76 W, 2422 MHz, 12481 MHz, 48
2026/09/27 11:09:04.738, 0, 95 %, 91725 MiB, 272.97 W, 2422 MHz, 12481 MHz, 47
2026/09/27 11:09:04.739, 1, 81 %, 91723 MiB, 305.79 W, 2422 MHz, 12481 MHz, 49
2026/09/27 11:09:04.989, 0, 92 %, 91725 MiB, 273.52 W, 2422 MHz, 12481 MHz, 49
2026/09/27 11:09:04.989, 1, 80 %, 91723 MiB, 305.92 W, 2422 MHz, 12481 MHz, 48
2026/09/27 11:09:05.239, 0, 94 %, 91725 MiB, 272.06 W, 2422 MHz, 12481 MHz, 48
2026/09/27 11:09:05.239, 1, 84 %, 91723 MiB, 307.44 W, 2422 MHz, 12481 MHz, 49
2026/09/27 11:09:05.489, 0, 33 %, 91725 MiB, 261.02 W, 2422 MHz, 12481 MHz, 47
2026/09/27 11:09:05.489, 1, 85 %, 91723 MiB, 312.45 W, 2422 MHz, 12481 MHz, 48
2026/09/27 11:09:05.739, 0, 97 %, 91725 MiB, 277.98 W, 2422 MHz, 12481 MHz, 49
2026/09/27 11:09:05.739, 1, 85 %, 91723 MiB, 306.50 W, 2422 MHz, 12481 MHz, 50
2026/09/27 11:09:05.989, 0, 97 %, 91725 MiB, 277.40 W, 2422 MHz, 12481 MHz, 48
2026/09/27 11:09:05.990, 1, 81 %, 91723 MiB, 308.67 W, 2422 MHz, 12481 MHz, 49
2026/09/27 11:09:06.240, 0, 95 %, 91725 MiB, 277.45 W, 2422 MHz, 12481 MHz, 50
2026/09/27 11:09:06.240, 1, 80 %, 91723 MiB, 310.51 W, 2422 MHz, 12481 MHz, 50
2026/09/27 11:09:06.490, 0, 96 %, 91725 MiB, 279.43 W, 2422 MHz, 12481 MHz, 48
2026/09/27 11:09:06.490, 1, 93 %, 91723 MiB, 312.27 W, 2422 MHz, 12481 MHz, 50
2026/09/27 11:09:06.741, 0, 96 %, 91725 MiB, 279.34 W, 2422 MHz, 12481 MHz, 49
2026/09/27 11:09:06.741, 1, 80 %, 91723 MiB, 311.34 W, 2422 MHz, 12481 MHz, 49
2026/09/27 11:09:06.991, 0, 96 %, 91725 MiB, 277.33 W, 2422 MHz, 12481 MHz, 49
2026/09/27 11:09:06.991, 1, 83 %, 91723 MiB, 311.35 W, 2422 MHz, 12481 MHz, 50
2026/09/27 11:09:07.241, 0, 33 %, 91725 MiB, 266.34 W, 2422 MHz, 12481 MHz, 48
2026/09/27 11:09:07.241, 1, 86 %, 91723 MiB, 314.66 W, 2422 MHz, 12481 MHz, 48
2026/09/27 11:09:07.491, 0, 99 %, 91725 MiB, 285.41 W, 2422 MHz, 12481 MHz, 49
2026/09/27 11:09:07.491, 1, 98 %, 91723 MiB, 318.68 W, 2422 MHz, 12481 MHz, 51
2026/09/27 11:09:07.741, 0, 68 %, 91725 MiB, 282.45 W, 2422 MHz, 12481 MHz, 49
2026/09/27 11:09:07.741, 1, 100 %, 91723 MiB, 327.30 W, 2415 MHz, 12481 MHz, 50
2026/09/27 11:09:07.992, 0, 91 %, 91725 MiB, 270.83 W, 2422 MHz, 12481 MHz, 47
2026/09/27 11:09:07.992, 1, 34 %, 91723 MiB, 319.52 W, 2415 MHz, 12481 MHz, 46
2026/09/27 11:09:08.242, 0, 99 %, 91725 MiB, 261.29 W, 2422 MHz, 12481 MHz, 47
2026/09/27 11:09:08.242, 1, 97 %, 91723 MiB, 286.66 W, 2415 MHz, 12481 MHz, 47
2026/09/27 11:09:08.492, 0, 99 %, 91725 MiB, 245.92 W, 2407 MHz, 12481 MHz, 47
2026/09/27 11:09:08.492, 1, 99 %, 91723 MiB, 269.49 W, 2392 MHz, 12481 MHz, 47
2026/09/27 11:09:08.742, 0, 99 %, 91725 MiB, 238.38 W, 2407 MHz, 12481 MHz, 47
2026/09/27 11:09:08.742, 1, 99 %, 91723 MiB, 250.06 W, 2392 MHz, 12481 MHz, 47
2026/09/27 11:09:08.992, 0, 99 %, 91725 MiB, 239.92 W, 2407 MHz, 12481 MHz, 47
2026/09/27 11:09:08.992, 1, 99 %, 91723 MiB, 245.48 W, 2392 MHz, 12481 MHz, 47
2026/09/27 11:09:09.242, 0, 99 %, 91725 MiB, 253.45 W, 2407 MHz, 12481 MHz, 47
2026/09/27 11:09:09.242, 1, 98 %, 91723 MiB, 260.05 W, 2392 MHz, 12481 MHz, 47
2026/09/27 11:09:09.492, 0, 99 %, 91725 MiB, 252.68 W, 2407 MHz, 12481 MHz, 47
2026/09/27 11:09:09.492, 1, 99 %, 91723 MiB, 259.92 W, 2392 MHz, 12481 MHz, 47
2026/09/27 11:09:09.742, 0, 99 %, 91725 MiB, 252.86 W, 2407 MHz, 12481 MHz, 47
2026/09/27 11:09:09.743, 1, 99 %, 91723 MiB, 258.19 W, 2392 MHz, 12481 MHz, 47
2026/09/27 11:09:09.993, 0, 99 %, 91725 MiB, 252.05 W, 2407 MHz, 12481 MHz, 47
2026/09/27 11:09:09.993, 1, 99 %, 91723 MiB, 256.56 W, 2392 MHz, 12481 MHz, 47
2026/09/27 11:09:10.243, 0, 57 %, 91725 MiB, 247.32 W, 2407 MHz, 12481 MHz, 47
2026/09/27 11:09:10.243, 1, 99 %, 91723 MiB, 250.37 W, 2392 MHz, 12481 MHz, 46
2026/09/27 11:09:10.493, 0, 87 %, 91725 MiB, 255.50 W, 2415 MHz, 12481 MHz, 47
2026/09/27 11:09:10.493, 1, 78 %, 91723 MiB, 258.73 W, 2407 MHz, 12481 MHz, 48
2026/09/27 11:09:10.743, 0, 87 %, 91725 MiB, 264.65 W, 2422 MHz, 12481 MHz, 49
2026/09/27 11:09:10.743, 1, 81 %, 91723 MiB, 272.24 W, 2422 MHz, 12481 MHz, 49
2026/09/27 11:09:10.993, 0, 91 %, 91725 MiB, 272.57 W, 2422 MHz, 12481 MHz, 47
2026/09/27 11:09:10.993, 1, 81 %, 91723 MiB, 281.39 W, 2422 MHz, 12481 MHz, 48
2026/09/27 11:09:11.243, 0, 87 %, 91725 MiB, 274.07 W, 2422 MHz, 12481 MHz, 47
2026/09/27 11:09:11.244, 1, 89 %, 91723 MiB, 305.28 W, 2422 MHz, 12481 MHz, 49
2026/09/27 11:09:11.494, 0, 87 %, 91725 MiB, 273.08 W, 2422 MHz, 12481 MHz, 49
2026/09/27 11:09:11.495, 1, 80 %, 91723 MiB, 304.99 W, 2422 MHz, 12481 MHz, 49
2026/09/27 11:09:11.745, 0, 91 %, 91725 MiB, 274.18 W, 2422 MHz, 12481 MHz, 47
2026/09/27 11:09:11.745, 1, 81 %, 91723 MiB, 306.03 W, 2422 MHz, 12481 MHz, 49
2026/09/27 11:09:11.995, 0, 77 %, 91725 MiB, 260.66 W, 2422 MHz, 12481 MHz, 46
2026/09/27 11:09:11.995, 1, 99 %, 91723 MiB, 311.39 W, 2422 MHz, 12481 MHz, 50
2026/09/27 11:09:12.245, 0, 90 %, 91725 MiB, 274.38 W, 2422 MHz, 12481 MHz, 48
2026/09/27 11:09:12.245, 1, 81 %, 91723 MiB, 306.20 W, 2422 MHz, 12481 MHz, 50
2026/09/27 11:09:12.495, 0, 93 %, 91725 MiB, 276.90 W, 2422 MHz, 12481 MHz, 48
2026/09/27 11:09:12.495, 1, 81 %, 91723 MiB, 309.48 W, 2422 MHz, 12481 MHz, 48
2026/09/27 11:09:12.745, 0, 90 %, 91725 MiB, 263.21 W, 2422 MHz, 12481 MHz, 49
2026/09/27 11:09:12.745, 1, 87 %, 91723 MiB, 314.46 W, 2422 MHz, 12481 MHz, 50
2026/09/27 11:09:12.995, 0, 89 %, 91725 MiB, 276.37 W, 2422 MHz, 12481 MHz, 48
2026/09/27 11:09:12.996, 1, 86 %, 91723 MiB, 309.61 W, 2422 MHz, 12481 MHz, 50
2026/09/27 11:09:13.246, 0, 90 %, 91725 MiB, 274.73 W, 2422 MHz, 12481 MHz, 48
2026/09/27 11:09:13.246, 1, 80 %, 91723 MiB, 308.92 W, 2422 MHz, 12481 MHz, 49
2026/09/27 11:09:13.496, 0, 92 %, 91725 MiB, 272.84 W, 2422 MHz, 12481 MHz, 49
2026/09/27 11:09:13.496, 1, 86 %, 91723 MiB, 308.63 W, 2422 MHz, 12481 MHz, 49
2026/09/27 11:09:13.746, 0, 46 %, 91725 MiB, 270.98 W, 2422 MHz, 12481 MHz, 49
2026/09/27 11:09:13.746, 1, 80 %, 91723 MiB, 307.16 W, 2422 MHz, 12481 MHz, 49
2026/09/27 11:09:13.996, 0, 93 %, 91725 MiB, 273.86 W, 2422 MHz, 12481 MHz, 49
2026/09/27 11:09:13.996, 1, 86 %, 91723 MiB, 308.28 W, 2422 MHz, 12481 MHz, 50
2026/09/27 11:09:14.246, 0, 93 %, 91725 MiB, 275.68 W, 2422 MHz, 12481 MHz, 49
2026/09/27 11:09:14.246, 1, 81 %, 91723 MiB, 308.96 W, 2422 MHz, 12481 MHz, 50
2026/09/27 11:09:14.496, 0, 49 %, 91725 MiB, 270.28 W, 2422 MHz, 12481 MHz, 48
2026/09/27 11:09:14.496, 1, 80 %, 91723 MiB, 315.61 W, 2422 MHz, 12481 MHz, 50
2026/09/27 11:09:14.747, 0, 95 %, 91725 MiB, 278.71 W, 2422 MHz, 12481 MHz, 49
2026/09/27 11:09:14.747, 1, 84 %, 91723 MiB, 312.42 W, 2422 MHz, 12481 MHz, 50
2026/09/27 11:09:14.997, 0, 93 %, 91725 MiB, 279.09 W, 2422 MHz, 12481 MHz, 48
2026/09/27 11:09:14.997, 1, 79 %, 91723 MiB, 311.07 W, 2422 MHz, 12481 MHz, 49
2026/09/27 11:09:15.247, 0, 92 %, 91725 MiB, 279.03 W, 2422 MHz, 12481 MHz, 48
2026/09/27 11:09:15.247, 1, 79 %, 91723 MiB, 311.15 W, 2422 MHz, 12481 MHz, 48
2026/09/27 11:09:15.497, 0, 97 %, 91725 MiB, 274.48 W, 2422 MHz, 12481 MHz, 47
2026/09/27 11:09:15.497, 1, 92 %, 91723 MiB, 310.33 W, 2422 MHz, 12481 MHz, 49
2026/09/27 11:09:15.747, 0, 97 %, 91725 MiB, 281.49 W, 2422 MHz, 12481 MHz, 49
2026/09/27 11:09:15.747, 1, 82 %, 91723 MiB, 309.46 W, 2422 MHz, 12481 MHz, 50
2026/09/27 11:09:15.997, 0, 97 %, 91725 MiB, 281.18 W, 2422 MHz, 12481 MHz, 48
2026/09/27 11:09:15.997, 1, 81 %, 91723 MiB, 311.77 W, 2422 MHz, 12481 MHz, 49
2026/09/27 11:09:16.247, 0, 31 %, 91725 MiB, 268.17 W, 2422 MHz, 12481 MHz, 49
2026/09/27 11:09:16.247, 1, 80 %, 91723 MiB, 316.33 W, 2422 MHz, 12481 MHz, 51
2026/09/27 11:09:16.497, 0, 95 %, 91725 MiB, 280.88 W, 2422 MHz, 12481 MHz, 49
2026/09/27 11:09:16.497, 1, 86 %, 91723 MiB, 312.32 W, 2422 MHz, 12481 MHz, 50
2026/09/27 11:09:16.747, 0, 96 %, 91725 MiB, 276.82 W, 2422 MHz, 12481 MHz, 50
2026/09/27 11:09:16.748, 1, 86 %, 91723 MiB, 313.11 W, 2422 MHz, 12481 MHz, 49
2026/09/27 11:09:16.998, 0, 97 %, 91725 MiB, 274.24 W, 2422 MHz, 12481 MHz, 49
2026/09/27 11:09:16.998, 1, 86 %, 91723 MiB, 312.79 W, 2422 MHz, 12481 MHz, 50
2026/09/27 11:09:17.248, 0, 99 %, 91725 MiB, 274.44 W, 2422 MHz, 12481 MHz, 47
2026/09/27 11:09:17.248, 1, 93 %, 91723 MiB, 314.88 W, 2422 MHz, 12481 MHz, 50
2026/09/27 11:09:17.498, 0, 44 %, 91725 MiB, 275.33 W, 2422 MHz, 12481 MHz, 47
2026/09/27 11:09:17.498, 1, 100 %, 91723 MiB, 315.49 W, 2415 MHz, 12481 MHz, 48
2026/09/27 11:09:17.748, 0, 99 %, 91725 MiB, 283.00 W, 2422 MHz, 12481 MHz, 50
2026/09/27 11:09:17.748, 1, 100 %, 91723 MiB, 324.03 W, 2415 MHz, 12481 MHz, 51
2026/09/27 11:09:17.998, 0, 12 %, 91725 MiB, 251.01 W, 2422 MHz, 12481 MHz, 46
2026/09/27 11:09:17.998, 1, 15 %, 91723 MiB, 287.61 W, 2415 MHz, 12481 MHz, 45
2026/09/27 11:09:18.248, 0, 99 %, 91725 MiB, 248.93 W, 2407 MHz, 12481 MHz, 47
2026/09/27 11:09:18.248, 1, 99 %, 91723 MiB, 266.63 W, 2407 MHz, 12481 MHz, 47
2026/09/27 11:09:18.498, 0, 99 %, 91725 MiB, 240.92 W, 2407 MHz, 12481 MHz, 47
2026/09/27 11:09:18.499, 1, 99 %, 91723 MiB, 255.62 W, 2392 MHz, 12481 MHz, 47
2026/09/27 11:09:18.749, 0, 98 %, 91725 MiB, 225.07 W, 2407 MHz, 12481 MHz, 47
2026/09/27 11:09:18.749, 1, 99 %, 91723 MiB, 230.67 W, 2392 MHz, 12481 MHz, 47
2026/09/27 11:09:18.999, 0, 99 %, 91725 MiB, 252.75 W, 2407 MHz, 12481 MHz, 47
2026/09/27 11:09:18.999, 1, 99 %, 91723 MiB, 257.32 W, 2392 MHz, 12481 MHz, 47
2026/09/27 11:09:19.249, 0, 99 %, 91725 MiB, 252.01 W, 2407 MHz, 12481 MHz, 47
2026/09/27 11:09:19.249, 1, 99 %, 91723 MiB, 256.55 W, 2392 MHz, 12481 MHz, 47
2026/09/27 11:09:19.499, 0, 99 %, 91725 MiB, 251.81 W, 2407 MHz, 12481 MHz, 47
2026/09/27 11:09:19.499, 1, 99 %, 91723 MiB, 255.40 W, 2392 MHz, 12481 MHz, 47
2026/09/27 11:09:19.749, 0, 99 %, 91725 MiB, 249.84 W, 2407 MHz, 12481 MHz, 47
2026/09/27 11:09:19.749, 1, 99 %, 91723 MiB, 255.81 W, 2392 MHz, 12481 MHz, 47
2026/09/27 11:09:20.000, 0, 99 %, 91725 MiB, 249.95 W, 2407 MHz, 12481 MHz, 47
2026/09/27 11:09:20.000, 1, 99 %, 91723 MiB, 255.99 W, 2392 MHz, 12481 MHz, 47
