timestamp, index, pstate, clocks.current.sm [MHz], clocks.current.memory [MHz], power.draw [W], power.limit [W], power.max_limit [W], temperature.gpu, memory.used [MiB], utilization.gpu [%], pcie.link.gen.current, pcie.link.width.current
2026/09/25 13:10:09.341, 0, P0, 2835 MHz, 14001 MHz, 119.37 W, 600.00 W, 600.00 W, 66, 2 MiB, 0 %, 5, 16
2026/09/25 13:10:09.594, 0, P0, 2835 MHz, 14001 MHz, 119.37 W, 600.00 W, 600.00 W, 66, 23 MiB, 0 %, 5, 16
2026/09/25 13:10:09.846, 0, P0, 2835 MHz, 14001 MHz, 119.37 W, 600.00 W, 600.00 W, 66, 596 MiB, 0 %, 5, 16
2026/09/25 13:10:10.096, 0, P0, 2835 MHz, 14001 MHz, 119.37 W, 600.00 W, 600.00 W, 66, 2164 MiB, 0 %, 5, 16
2026/09/25 13:10:10.347, 0, P1, 2730 MHz, 13365 MHz, 113.21 W, 600.00 W, 600.00 W, 64, 3252 MiB, 12 %, 5, 16
2026/09/25 13:10:10.597, 0, P1, 2730 MHz, 13365 MHz, 113.21 W, 600.00 W, 600.00 W, 64, 4276 MiB, 12 %, 5, 16
2026/09/25 13:10:10.848, 0, P1, 2617 MHz, 13365 MHz, 102.99 W, 600.00 W, 600.00 W, 64, 5236 MiB, 12 %, 5, 16
2026/09/25 13:10:11.098, 0, P1, 2617 MHz, 13365 MHz, 102.99 W, 600.00 W, 600.00 W, 64, 6164 MiB, 12 %, 5, 16
2026/09/25 13:10:11.349, 0, P1, 2617 MHz, 13365 MHz, 96.32 W, 600.00 W, 600.00 W, 64, 7060 MiB, 11 %, 5, 16
2026/09/25 13:10:11.599, 0, P1, 2617 MHz, 13365 MHz, 96.32 W, 600.00 W, 600.00 W, 64, 8020 MiB, 11 %, 5, 16
2026/09/25 13:10:11.850, 0, P1, 2617 MHz, 13365 MHz, 95.74 W, 600.00 W, 600.00 W, 63, 8948 MiB, 11 %, 5, 16
2026/09/25 13:10:12.100, 0, P1, 2617 MHz, 13365 MHz, 95.74 W, 600.00 W, 600.00 W, 63, 9876 MiB, 11 %, 5, 16
2026/09/25 13:10:12.351, 0, P1, 2617 MHz, 13365 MHz, 95.40 W, 600.00 W, 600.00 W, 63, 10804 MiB, 10 %, 5, 16
2026/09/25 13:10:12.601, 0, P1, 2617 MHz, 13365 MHz, 95.40 W, 600.00 W, 600.00 W, 63, 11732 MiB, 10 %, 5, 16
2026/09/25 13:10:12.852, 0, P1, 2617 MHz, 13365 MHz, 94.97 W, 600.00 W, 600.00 W, 63, 12628 MiB, 10 %, 5, 16
2026/09/25 13:10:13.103, 0, P1, 2617 MHz, 13365 MHz, 94.97 W, 600.00 W, 600.00 W, 63, 13620 MiB, 10 %, 5, 16
2026/09/25 13:10:13.353, 0, P1, 2617 MHz, 13365 MHz, 94.62 W, 600.00 W, 600.00 W, 63, 14516 MiB, 11 %, 5, 16
2026/09/25 13:10:13.604, 0, P1, 2617 MHz, 13365 MHz, 94.62 W, 600.00 W, 600.00 W, 63, 14740 MiB, 11 %, 5, 16
2026/09/25 13:10:13.854, 0, P1, 2617 MHz, 13365 MHz, 93.89 W, 600.00 W, 600.00 W, 62, 14740 MiB, 0 %, 5, 16
2026/09/25 13:10:14.104, 0, P1, 2617 MHz, 13365 MHz, 93.89 W, 600.00 W, 600.00 W, 62, 14740 MiB, 0 %, 5, 16
2026/09/25 13:10:14.355, 0, P1, 2610 MHz, 13365 MHz, 92.24 W, 600.00 W, 600.00 W, 62, 14740 MiB, 0 %, 5, 16
2026/09/25 13:10:14.605, 0, P1, 2610 MHz, 13365 MHz, 92.24 W, 600.00 W, 600.00 W, 62, 14740 MiB, 0 %, 5, 16
2026/09/25 13:10:14.856, 0, P1, 2610 MHz, 13365 MHz, 91.21 W, 600.00 W, 600.00 W, 62, 14740 MiB, 0 %, 5, 16
2026/09/25 13:10:15.106, 0, P1, 2610 MHz, 13365 MHz, 91.21 W, 600.00 W, 600.00 W, 62, 14740 MiB, 0 %, 5, 16
2026/09/25 13:10:15.356, 0, P1, 2610 MHz, 13365 MHz, 91.21 W, 600.00 W, 600.00 W, 62, 14740 MiB, 0 %, 5, 16
2026/09/25 13:10:15.607, 0, P1, 2610 MHz, 13365 MHz, 91.21 W, 600.00 W, 600.00 W, 62, 14740 MiB, 0 %, 5, 16
2026/09/25 13:10:15.857, 0, P1, 2610 MHz, 13365 MHz, 89.49 W, 600.00 W, 600.00 W, 62, 14740 MiB, 0 %, 5, 16
2026/09/25 13:10:16.107, 0, P1, 2610 MHz, 13365 MHz, 89.49 W, 600.00 W, 600.00 W, 62, 14740 MiB, 0 %, 5, 16
2026/09/25 13:10:16.358, 0, P1, 2610 MHz, 13365 MHz, 89.49 W, 600.00 W, 600.00 W, 62, 14740 MiB, 0 %, 5, 16
2026/09/25 13:10:16.608, 0, P1, 2610 MHz, 13365 MHz, 89.49 W, 600.00 W, 600.00 W, 62, 14740 MiB, 0 %, 5, 16
2026/09/25 13:10:16.859, 0, P1, 2610 MHz, 13365 MHz, 89.32 W, 600.00 W, 600.00 W, 61, 14740 MiB, 0 %, 5, 16
2026/09/25 13:10:17.109, 0, P1, 2610 MHz, 13365 MHz, 89.32 W, 600.00 W, 600.00 W, 61, 14740 MiB, 0 %, 5, 16
2026/09/25 13:10:17.359, 0, P1, 2610 MHz, 13365 MHz, 89.32 W, 600.00 W, 600.00 W, 61, 14740 MiB, 0 %, 5, 16
2026/09/25 13:10:17.610, 0, P1, 2610 MHz, 13365 MHz, 89.32 W, 600.00 W, 600.00 W, 61, 14740 MiB, 0 %, 5, 16
2026/09/25 13:10:17.860, 0, P1, 2610 MHz, 13365 MHz, 88.43 W, 600.00 W, 600.00 W, 61, 14740 MiB, 0 %, 5, 16
2026/09/25 13:10:18.111, 0, P1, 2610 MHz, 13365 MHz, 88.43 W, 600.00 W, 600.00 W, 61, 14740 MiB, 0 %, 5, 16
2026/09/25 13:10:18.361, 0, P1, 2610 MHz, 13365 MHz, 88.43 W, 600.00 W, 600.00 W, 61, 14740 MiB, 0 %, 5, 16
2026/09/25 13:10:18.611, 0, P1, 2610 MHz, 13365 MHz, 88.43 W, 600.00 W, 600.00 W, 61, 14740 MiB, 0 %, 5, 16
2026/09/25 13:10:18.862, 0, P1, 2610 MHz, 13365 MHz, 87.26 W, 600.00 W, 600.00 W, 60, 14740 MiB, 0 %, 5, 16
2026/09/25 13:10:19.112, 0, P1, 2610 MHz, 13365 MHz, 87.26 W, 600.00 W, 600.00 W, 60, 14740 MiB, 0 %, 5, 16
2026/09/25 13:10:19.363, 0, P1, 2610 MHz, 13365 MHz, 87.26 W, 600.00 W, 600.00 W, 60, 14740 MiB, 0 %, 5, 16
2026/09/25 13:10:19.613, 0, P1, 2610 MHz, 13365 MHz, 87.26 W, 600.00 W, 600.00 W, 60, 14740 MiB, 0 %, 5, 16
2026/09/25 13:10:19.864, 0, P1, 2610 MHz, 13365 MHz, 86.37 W, 600.00 W, 600.00 W, 60, 14740 MiB, 0 %, 5, 16
2026/09/25 13:10:20.115, 0, P1, 2610 MHz, 13365 MHz, 86.37 W, 600.00 W, 600.00 W, 60, 14740 MiB, 0 %, 5, 16
2026/09/25 13:10:20.366, 0, P1, 2610 MHz, 13365 MHz, 86.56 W, 600.00 W, 600.00 W, 60, 14740 MiB, 0 %, 5, 16
2026/09/25 13:10:20.616, 0, P1, 2610 MHz, 13365 MHz, 86.56 W, 600.00 W, 600.00 W, 60, 14740 MiB, 0 %, 5, 16
2026/09/25 13:10:20.867, 0, P1, 2610 MHz, 13365 MHz, 86.77 W, 600.00 W, 600.00 W, 59, 14740 MiB, 0 %, 5, 16
2026/09/25 13:10:21.118, 0, P1, 2610 MHz, 13365 MHz, 86.77 W, 600.00 W, 600.00 W, 59, 14740 MiB, 0 %, 5, 16
2026/09/25 13:10:21.369, 0, P1, 2610 MHz, 13365 MHz, 86.77 W, 600.00 W, 600.00 W, 59, 14740 MiB, 0 %, 5, 16
2026/09/25 13:10:21.619, 0, P1, 2610 MHz, 13365 MHz, 86.77 W, 600.00 W, 600.00 W, 59, 15892 MiB, 0 %, 5, 16
2026/09/25 13:10:21.870, 0, P1, 2610 MHz, 13365 MHz, 97.16 W, 600.00 W, 600.00 W, 59, 15892 MiB, 21 %, 5, 16
2026/09/25 13:10:22.121, 0, P1, 2610 MHz, 13365 MHz, 97.16 W, 600.00 W, 600.00 W, 59, 15892 MiB, 21 %, 5, 16
2026/09/25 13:10:22.371, 0, P1, 2820 MHz, 13365 MHz, 210.73 W, 600.00 W, 600.00 W, 67, 15892 MiB, 100 %, 5, 16
2026/09/25 13:10:22.622, 0, P1, 2820 MHz, 13365 MHz, 210.73 W, 600.00 W, 600.00 W, 67, 15892 MiB, 100 %, 5, 16
2026/09/25 13:10:22.873, 0, P1, 2820 MHz, 13365 MHz, 432.49 W, 600.00 W, 600.00 W, 67, 15892 MiB, 100 %, 5, 16
2026/09/25 13:10:23.124, 0, P1, 2820 MHz, 13365 MHz, 432.49 W, 600.00 W, 600.00 W, 67, 15892 MiB, 100 %, 5, 16
2026/09/25 13:10:23.375, 0, P1, 2835 MHz, 13365 MHz, 469.86 W, 600.00 W, 600.00 W, 68, 15892 MiB, 100 %, 5, 16
2026/09/25 13:10:23.626, 0, P1, 2835 MHz, 13365 MHz, 469.86 W, 600.00 W, 600.00 W, 68, 16212 MiB, 100 %, 5, 16
2026/09/25 13:10:23.876, 0, P1, 2835 MHz, 13365 MHz, 479.61 W, 600.00 W, 600.00 W, 68, 16212 MiB, 100 %, 5, 16
2026/09/25 13:10:24.127, 0, P1, 2835 MHz, 13365 MHz, 479.61 W, 600.00 W, 600.00 W, 68, 16660 MiB, 100 %, 5, 16
2026/09/25 13:10:24.378, 0, P1, 2820 MHz, 13365 MHz, 463.43 W, 600.00 W, 600.00 W, 68, 16660 MiB, 99 %, 5, 16
2026/09/25 13:10:24.629, 0, P1, 2820 MHz, 13365 MHz, 463.43 W, 600.00 W, 600.00 W, 68, 16660 MiB, 99 %, 5, 16
2026/09/25 13:10:24.879, 0, P1, 2820 MHz, 13365 MHz, 447.65 W, 600.00 W, 600.00 W, 68, 16660 MiB, 100 %, 5, 16
2026/09/25 13:10:25.130, 0, P1, 2820 MHz, 13365 MHz, 447.65 W, 600.00 W, 600.00 W, 68, 16660 MiB, 100 %, 5, 16
2026/09/25 13:10:25.381, 0, P1, 2827 MHz, 13365 MHz, 466.43 W, 600.00 W, 600.00 W, 69, 16660 MiB, 100 %, 5, 16
2026/09/25 13:10:25.632, 0, P1, 2827 MHz, 13365 MHz, 466.43 W, 600.00 W, 600.00 W, 69, 16660 MiB, 100 %, 5, 16
2026/09/25 13:10:25.883, 0, P1, 2827 MHz, 13365 MHz, 488.20 W, 600.00 W, 600.00 W, 69, 16660 MiB, 100 %, 5, 16
2026/09/25 13:10:26.134, 0, P1, 2827 MHz, 13365 MHz, 488.20 W, 600.00 W, 600.00 W, 69, 16660 MiB, 100 %, 5, 16
2026/09/25 13:10:26.385, 0, P1, 2820 MHz, 13365 MHz, 474.98 W, 600.00 W, 600.00 W, 69, 16660 MiB, 100 %, 5, 16
2026/09/25 13:10:26.635, 0, P1, 2820 MHz, 13365 MHz, 474.98 W, 600.00 W, 600.00 W, 69, 16660 MiB, 100 %, 5, 16
2026/09/25 13:10:26.886, 0, P1, 2820 MHz, 13365 MHz, 458.08 W, 600.00 W, 600.00 W, 68, 16660 MiB, 100 %, 5, 16
2026/09/25 13:10:27.137, 0, P1, 2820 MHz, 13365 MHz, 458.08 W, 600.00 W, 600.00 W, 68, 16660 MiB, 100 %, 5, 16
2026/09/25 13:10:27.388, 0, P1, 2835 MHz, 13365 MHz, 469.60 W, 600.00 W, 600.00 W, 69, 16660 MiB, 100 %, 5, 16
2026/09/25 13:10:27.639, 0, P1, 2835 MHz, 13365 MHz, 469.60 W, 600.00 W, 600.00 W, 69, 16660 MiB, 100 %, 5, 16
2026/09/25 13:10:27.889, 0, P1, 2827 MHz, 13365 MHz, 487.68 W, 600.00 W, 600.00 W, 70, 16660 MiB, 100 %, 5, 16
2026/09/25 13:10:28.140, 0, P1, 2827 MHz, 13365 MHz, 487.68 W, 600.00 W, 600.00 W, 70, 17140 MiB, 100 %, 5, 16
2026/09/25 13:10:28.391, 0, P1, 2820 MHz, 13365 MHz, 457.50 W, 600.00 W, 600.00 W, 69, 17140 MiB, 94 %, 5, 16
2026/09/25 13:10:28.641, 0, P1, 2820 MHz, 13365 MHz, 457.50 W, 600.00 W, 600.00 W, 69, 17140 MiB, 94 %, 5, 16
2026/09/25 13:10:28.892, 0, P1, 2820 MHz, 13365 MHz, 443.69 W, 600.00 W, 600.00 W, 69, 17140 MiB, 100 %, 5, 16
2026/09/25 13:10:29.144, 0, P1, 2820 MHz, 13365 MHz, 443.69 W, 600.00 W, 600.00 W, 69, 17140 MiB, 100 %, 5, 16
2026/09/25 13:10:29.395, 0, P1, 2827 MHz, 13365 MHz, 454.77 W, 600.00 W, 600.00 W, 70, 17140 MiB, 100 %, 5, 16
2026/09/25 13:10:29.646, 0, P1, 2827 MHz, 13365 MHz, 454.77 W, 600.00 W, 600.00 W, 70, 17140 MiB, 100 %, 5, 16
2026/09/25 13:10:29.897, 0, P1, 2835 MHz, 13365 MHz, 487.19 W, 600.00 W, 600.00 W, 70, 17140 MiB, 100 %, 5, 16
2026/09/25 13:10:30.147, 0, P1, 2835 MHz, 13365 MHz, 487.19 W, 600.00 W, 600.00 W, 70, 17140 MiB, 100 %, 5, 16
2026/09/25 13:10:30.398, 0, P1, 2820 MHz, 13365 MHz, 480.02 W, 600.00 W, 600.00 W, 69, 17140 MiB, 100 %, 5, 16
2026/09/25 13:10:30.649, 0, P1, 2820 MHz, 13365 MHz, 480.02 W, 600.00 W, 600.00 W, 69, 17140 MiB, 100 %, 5, 16
2026/09/25 13:10:30.900, 0, P1, 2820 MHz, 13365 MHz, 460.87 W, 600.00 W, 600.00 W, 69, 17140 MiB, 100 %, 5, 16
2026/09/25 13:10:31.151, 0, P1, 2827 MHz, 13365 MHz, 460.87 W, 600.00 W, 600.00 W, 69, 17140 MiB, 100 %, 5, 16
2026/09/25 13:10:31.402, 0, P1, 2827 MHz, 13365 MHz, 469.14 W, 600.00 W, 600.00 W, 70, 17140 MiB, 100 %, 5, 16
2026/09/25 13:10:31.653, 0, P1, 2835 MHz, 13365 MHz, 488.15 W, 600.00 W, 600.00 W, 70, 17140 MiB, 100 %, 5, 16
2026/09/25 13:10:31.904, 0, P1, 2835 MHz, 13365 MHz, 488.15 W, 600.00 W, 600.00 W, 70, 17140 MiB, 100 %, 5, 16
2026/09/25 13:10:32.155, 0, P1, 2820 MHz, 13365 MHz, 474.43 W, 600.00 W, 600.00 W, 70, 17140 MiB, 100 %, 5, 16
2026/09/25 13:10:32.405, 0, P1, 2820 MHz, 13365 MHz, 474.43 W, 600.00 W, 600.00 W, 70, 17140 MiB, 100 %, 5, 16
2026/09/25 13:10:32.656, 0, P1, 2820 MHz, 13365 MHz, 456.68 W, 600.00 W, 600.00 W, 69, 17140 MiB, 100 %, 5, 16
2026/09/25 13:10:32.907, 0, P1, 2820 MHz, 13365 MHz, 456.68 W, 600.00 W, 600.00 W, 69, 17140 MiB, 100 %, 5, 16
2026/09/25 13:10:33.158, 0, P1, 2820 MHz, 13365 MHz, 458.02 W, 600.00 W, 600.00 W, 70, 17140 MiB, 100 %, 5, 16
2026/09/25 13:10:33.409, 0, P1, 2820 MHz, 13365 MHz, 458.02 W, 600.00 W, 600.00 W, 70, 17140 MiB, 100 %, 5, 16
2026/09/25 13:10:33.659, 0, P1, 2835 MHz, 13365 MHz, 483.02 W, 600.00 W, 600.00 W, 70, 17140 MiB, 100 %, 5, 16
2026/09/25 13:10:33.910, 0, P1, 2835 MHz, 13365 MHz, 483.02 W, 600.00 W, 600.00 W, 70, 17140 MiB, 100 %, 5, 16
2026/09/25 13:10:34.163, 0, P1, 2827 MHz, 13365 MHz, 482.47 W, 600.00 W, 600.00 W, 70, 17140 MiB, 100 %, 5, 16
2026/09/25 13:10:34.414, 0, P1, 2827 MHz, 13365 MHz, 482.47 W, 600.00 W, 600.00 W, 70, 17140 MiB, 100 %, 5, 16
2026/09/25 13:10:34.664, 0, P1, 2820 MHz, 13365 MHz, 463.50 W, 600.00 W, 600.00 W, 70, 17140 MiB, 100 %, 5, 16
2026/09/25 13:10:34.915, 0, P1, 2820 MHz, 13365 MHz, 463.50 W, 600.00 W, 600.00 W, 70, 17140 MiB, 100 %, 5, 16
2026/09/25 13:10:35.166, 0, P1, 2827 MHz, 13365 MHz, 466.91 W, 600.00 W, 600.00 W, 71, 17140 MiB, 100 %, 5, 16
2026/09/25 13:10:35.417, 0, P1, 2827 MHz, 13365 MHz, 466.91 W, 600.00 W, 600.00 W, 71, 17140 MiB, 100 %, 5, 16
2026/09/25 13:10:35.668, 0, P1, 2835 MHz, 13365 MHz, 484.14 W, 600.00 W, 600.00 W, 71, 17140 MiB, 100 %, 5, 16
2026/09/25 13:10:35.919, 0, P1, 2835 MHz, 13365 MHz, 484.14 W, 600.00 W, 600.00 W, 71, 17140 MiB, 100 %, 5, 16
2026/09/25 13:10:36.170, 0, P1, 2820 MHz, 13365 MHz, 480.98 W, 600.00 W, 600.00 W, 70, 17140 MiB, 100 %, 5, 16
2026/09/25 13:10:36.420, 0, P1, 2820 MHz, 13365 MHz, 480.98 W, 600.00 W, 600.00 W, 70, 17140 MiB, 100 %, 5, 16
2026/09/25 13:10:36.671, 0, P1, 2812 MHz, 13365 MHz, 459.00 W, 600.00 W, 600.00 W, 70, 17140 MiB, 100 %, 5, 16
2026/09/25 13:10:36.922, 0, P1, 2812 MHz, 13365 MHz, 459.00 W, 600.00 W, 600.00 W, 70, 17140 MiB, 100 %, 5, 16
2026/09/25 13:10:37.173, 0, P1, 2820 MHz, 13365 MHz, 454.80 W, 600.00 W, 600.00 W, 71, 17140 MiB, 100 %, 5, 16
2026/09/25 13:10:37.424, 0, P1, 2820 MHz, 13365 MHz, 454.80 W, 600.00 W, 600.00 W, 71, 17140 MiB, 100 %, 5, 16
2026/09/25 13:10:37.674, 0, P1, 2835 MHz, 13365 MHz, 476.38 W, 600.00 W, 600.00 W, 71, 17140 MiB, 100 %, 5, 16
2026/09/25 13:10:37.925, 0, P1, 2835 MHz, 13365 MHz, 476.38 W, 600.00 W, 600.00 W, 71, 17140 MiB, 100 %, 5, 16
2026/09/25 13:10:38.176, 0, P1, 2827 MHz, 13365 MHz, 483.24 W, 600.00 W, 600.00 W, 71, 17140 MiB, 100 %, 5, 16
2026/09/25 13:10:38.427, 0, P1, 2827 MHz, 13365 MHz, 483.24 W, 600.00 W, 600.00 W, 71, 17140 MiB, 100 %, 5, 16
2026/09/25 13:10:38.677, 0, P1, 2820 MHz, 13365 MHz, 467.22 W, 600.00 W, 600.00 W, 70, 17140 MiB, 100 %, 5, 16
2026/09/25 13:10:38.928, 0, P1, 2820 MHz, 13365 MHz, 467.22 W, 600.00 W, 600.00 W, 70, 17140 MiB, 100 %, 5, 16
2026/09/25 13:10:39.179, 0, P1, 2820 MHz, 13365 MHz, 464.82 W, 600.00 W, 600.00 W, 71, 17140 MiB, 100 %, 5, 16
2026/09/25 13:10:39.430, 0, P1, 2820 MHz, 13365 MHz, 464.82 W, 600.00 W, 600.00 W, 71, 17140 MiB, 100 %, 5, 16
2026/09/25 13:10:39.681, 0, P1, 2835 MHz, 13365 MHz, 477.47 W, 600.00 W, 600.00 W, 71, 17140 MiB, 100 %, 5, 16
2026/09/25 13:10:39.932, 0, P1, 2835 MHz, 13365 MHz, 477.47 W, 600.00 W, 600.00 W, 71, 17140 MiB, 100 %, 5, 16
2026/09/25 13:10:40.182, 0, P1, 2827 MHz, 13365 MHz, 484.70 W, 600.00 W, 600.00 W, 71, 17140 MiB, 100 %, 5, 16
2026/09/25 13:10:40.433, 0, P1, 2827 MHz, 13365 MHz, 484.70 W, 600.00 W, 600.00 W, 71, 17140 MiB, 100 %, 5, 16
2026/09/25 13:10:40.684, 0, P1, 2812 MHz, 13365 MHz, 460.29 W, 600.00 W, 600.00 W, 71, 17140 MiB, 100 %, 5, 16
2026/09/25 13:10:40.935, 0, P1, 2812 MHz, 13365 MHz, 460.29 W, 600.00 W, 600.00 W, 71, 17140 MiB, 100 %, 5, 16
2026/09/25 13:10:41.186, 0, P1, 2820 MHz, 13365 MHz, 452.86 W, 600.00 W, 600.00 W, 70, 17140 MiB, 100 %, 5, 16
2026/09/25 13:10:41.437, 0, P1, 2820 MHz, 13365 MHz, 452.86 W, 600.00 W, 600.00 W, 70, 17140 MiB, 100 %, 5, 16
2026/09/25 13:10:41.687, 0, P1, 2827 MHz, 13365 MHz, 471.83 W, 600.00 W, 600.00 W, 71, 17140 MiB, 100 %, 5, 16
2026/09/25 13:10:41.939, 0, P1, 2827 MHz, 13365 MHz, 471.83 W, 600.00 W, 600.00 W, 71, 17140 MiB, 100 %, 5, 16
2026/09/25 13:10:42.189, 0, P1, 2827 MHz, 13365 MHz, 484.67 W, 600.00 W, 600.00 W, 71, 17140 MiB, 100 %, 5, 16
2026/09/25 13:10:42.440, 0, P1, 2827 MHz, 13365 MHz, 484.67 W, 600.00 W, 600.00 W, 71, 17140 MiB, 100 %, 5, 16
2026/09/25 13:10:42.691, 0, P1, 2820 MHz, 13365 MHz, 473.83 W, 600.00 W, 600.00 W, 71, 17140 MiB, 100 %, 5, 16
2026/09/25 13:10:42.942, 0, P1, 2820 MHz, 13365 MHz, 473.83 W, 600.00 W, 600.00 W, 71, 17140 MiB, 100 %, 5, 16
2026/09/25 13:10:43.193, 0, P1, 2820 MHz, 13365 MHz, 460.95 W, 600.00 W, 600.00 W, 71, 17140 MiB, 100 %, 5, 16
2026/09/25 13:10:43.444, 0, P1, 2820 MHz, 13365 MHz, 460.95 W, 600.00 W, 600.00 W, 71, 17140 MiB, 100 %, 5, 16
2026/09/25 13:10:43.695, 0, P1, 2827 MHz, 13365 MHz, 474.04 W, 600.00 W, 600.00 W, 72, 17140 MiB, 100 %, 5, 16
2026/09/25 13:10:43.945, 0, P1, 2827 MHz, 13365 MHz, 474.04 W, 600.00 W, 600.00 W, 72, 17140 MiB, 100 %, 5, 16
2026/09/25 13:10:44.196, 0, P1, 2827 MHz, 13365 MHz, 485.16 W, 600.00 W, 600.00 W, 72, 17140 MiB, 100 %, 5, 16
2026/09/25 13:10:44.447, 0, P1, 2827 MHz, 13365 MHz, 485.16 W, 600.00 W, 600.00 W, 72, 17140 MiB, 100 %, 5, 16
2026/09/25 13:10:44.698, 0, P1, 2820 MHz, 13365 MHz, 466.79 W, 600.00 W, 600.00 W, 71, 17140 MiB, 99 %, 5, 16
2026/09/25 13:10:44.948, 0, P1, 2820 MHz, 13365 MHz, 466.79 W, 600.00 W, 600.00 W, 71, 17140 MiB, 99 %, 5, 16
2026/09/25 13:10:45.199, 0, P1, 2820 MHz, 13365 MHz, 448.56 W, 600.00 W, 600.00 W, 71, 17140 MiB, 100 %, 5, 16
2026/09/25 13:10:45.450, 0, P1, 2820 MHz, 13365 MHz, 448.56 W, 600.00 W, 600.00 W, 71, 17140 MiB, 100 %, 5, 16
2026/09/25 13:10:45.701, 0, P1, 2827 MHz, 13365 MHz, 466.92 W, 600.00 W, 600.00 W, 72, 17140 MiB, 100 %, 5, 16
2026/09/25 13:10:45.952, 0, P1, 2827 MHz, 13365 MHz, 466.92 W, 600.00 W, 600.00 W, 72, 17140 MiB, 100 %, 5, 16
2026/09/25 13:10:46.203, 0, P1, 2827 MHz, 13365 MHz, 487.40 W, 600.00 W, 600.00 W, 72, 17140 MiB, 100 %, 5, 16
2026/09/25 13:10:46.453, 0, P1, 2827 MHz, 13365 MHz, 487.40 W, 600.00 W, 600.00 W, 72, 17140 MiB, 100 %, 5, 16
2026/09/25 13:10:46.704, 0, P1, 2820 MHz, 13365 MHz, 477.25 W, 600.00 W, 600.00 W, 71, 17140 MiB, 100 %, 5, 16
2026/09/25 13:10:46.955, 0, P1, 2820 MHz, 13365 MHz, 477.25 W, 600.00 W, 600.00 W, 71, 17140 MiB, 100 %, 5, 16
2026/09/25 13:10:47.205, 0, P1, 2820 MHz, 13365 MHz, 457.38 W, 600.00 W, 600.00 W, 71, 17140 MiB, 100 %, 5, 16
2026/09/25 13:10:47.456, 0, P1, 2820 MHz, 13365 MHz, 457.38 W, 600.00 W, 600.00 W, 71, 17140 MiB, 100 %, 5, 16
2026/09/25 13:10:47.707, 0, P1, 2827 MHz, 13365 MHz, 468.88 W, 600.00 W, 600.00 W, 72, 17140 MiB, 100 %, 5, 16
2026/09/25 13:10:47.958, 0, P1, 2827 MHz, 13365 MHz, 468.88 W, 600.00 W, 600.00 W, 72, 17140 MiB, 100 %, 5, 16
2026/09/25 13:10:48.209, 0, P1, 2827 MHz, 13365 MHz, 487.63 W, 600.00 W, 600.00 W, 72, 17140 MiB, 100 %, 5, 16
2026/09/25 13:10:48.460, 0, P1, 2827 MHz, 13365 MHz, 487.63 W, 600.00 W, 600.00 W, 72, 17140 MiB, 100 %, 5, 16
2026/09/25 13:10:48.711, 0, P1, 2820 MHz, 13365 MHz, 474.58 W, 600.00 W, 600.00 W, 72, 17140 MiB, 99 %, 5, 16
2026/09/25 13:10:48.962, 0, P1, 2820 MHz, 13365 MHz, 474.58 W, 600.00 W, 600.00 W, 72, 17140 MiB, 99 %, 5, 16
2026/09/25 13:10:49.213, 0, P1, 2820 MHz, 13365 MHz, 455.14 W, 600.00 W, 600.00 W, 72, 17140 MiB, 100 %, 5, 16
2026/09/25 13:10:49.463, 0, P1, 2820 MHz, 13365 MHz, 455.14 W, 600.00 W, 600.00 W, 72, 17140 MiB, 100 %, 5, 16
2026/09/25 13:10:49.714, 0, P1, 2820 MHz, 13365 MHz, 458.82 W, 600.00 W, 600.00 W, 72, 17140 MiB, 100 %, 5, 16
2026/09/25 13:10:49.965, 0, P1, 2820 MHz, 13365 MHz, 458.82 W, 600.00 W, 600.00 W, 72, 17140 MiB, 100 %, 5, 16
2026/09/25 13:10:50.216, 0, P1, 2827 MHz, 13365 MHz, 479.48 W, 600.00 W, 600.00 W, 72, 17140 MiB, 100 %, 5, 16
2026/09/25 13:10:50.467, 0, P1, 2827 MHz, 13365 MHz, 479.48 W, 600.00 W, 600.00 W, 72, 17140 MiB, 100 %, 5, 16
2026/09/25 13:10:50.718, 0, P1, 2827 MHz, 13365 MHz, 479.72 W, 600.00 W, 600.00 W, 72, 17140 MiB, 100 %, 5, 16
2026/09/25 13:10:50.968, 0, P1, 2827 MHz, 13365 MHz, 479.72 W, 600.00 W, 600.00 W, 72, 17140 MiB, 100 %, 5, 16
2026/09/25 13:10:51.219, 0, P1, 2820 MHz, 13365 MHz, 466.28 W, 600.00 W, 600.00 W, 72, 17140 MiB, 100 %, 5, 16
2026/09/25 13:10:51.470, 0, P1, 2820 MHz, 13365 MHz, 466.28 W, 600.00 W, 600.00 W, 72, 17140 MiB, 100 %, 5, 16
2026/09/25 13:10:51.721, 0, P1, 2820 MHz, 13365 MHz, 463.36 W, 600.00 W, 600.00 W, 72, 17140 MiB, 100 %, 5, 16
2026/09/25 13:10:51.972, 0, P1, 2820 MHz, 13365 MHz, 463.36 W, 600.00 W, 600.00 W, 72, 17140 MiB, 100 %, 5, 16
2026/09/25 13:10:52.223, 0, P1, 2827 MHz, 13365 MHz, 476.27 W, 600.00 W, 600.00 W, 72, 17140 MiB, 100 %, 5, 16
2026/09/25 13:10:52.474, 0, P1, 2827 MHz, 13365 MHz, 476.27 W, 600.00 W, 600.00 W, 72, 17140 MiB, 100 %, 5, 16
2026/09/25 13:10:52.725, 0, P1, 2827 MHz, 13365 MHz, 481.11 W, 600.00 W, 600.00 W, 72, 17140 MiB, 100 %, 5, 16
2026/09/25 13:10:52.975, 0, P1, 2827 MHz, 13365 MHz, 481.11 W, 600.00 W, 600.00 W, 72, 17140 MiB, 100 %, 5, 16
2026/09/25 13:10:53.226, 0, P1, 2812 MHz, 13365 MHz, 458.07 W, 600.00 W, 600.00 W, 72, 17140 MiB, 100 %, 5, 16
2026/09/25 13:10:53.477, 0, P1, 2812 MHz, 13365 MHz, 458.07 W, 600.00 W, 600.00 W, 72, 17140 MiB, 100 %, 5, 16
2026/09/25 13:10:53.728, 0, P1, 2820 MHz, 13365 MHz, 451.67 W, 600.00 W, 600.00 W, 72, 17140 MiB, 100 %, 5, 16
2026/09/25 13:10:53.979, 0, P1, 2820 MHz, 13365 MHz, 451.67 W, 600.00 W, 600.00 W, 72, 17140 MiB, 100 %, 5, 16
2026/09/25 13:10:54.229, 0, P1, 2827 MHz, 13365 MHz, 472.16 W, 600.00 W, 600.00 W, 73, 17140 MiB, 100 %, 5, 16
2026/09/25 13:10:54.480, 0, P1, 2827 MHz, 13365 MHz, 472.16 W, 600.00 W, 600.00 W, 73, 17140 MiB, 100 %, 5, 16
2026/09/25 13:10:54.731, 0, P1, 2827 MHz, 13365 MHz, 483.13 W, 600.00 W, 600.00 W, 72, 17140 MiB, 95 %, 5, 16
2026/09/25 13:10:54.982, 0, P1, 2827 MHz, 13365 MHz, 483.13 W, 600.00 W, 600.00 W, 72, 17140 MiB, 95 %, 5, 16
2026/09/25 13:10:55.232, 0, P1, 2820 MHz, 13365 MHz, 465.62 W, 600.00 W, 600.00 W, 72, 17140 MiB, 99 %, 5, 16
2026/09/25 13:10:55.483, 0, P1, 2820 MHz, 13365 MHz, 465.62 W, 600.00 W, 600.00 W, 72, 17140 MiB, 99 %, 5, 16
2026/09/25 13:10:55.734, 0, P1, 2820 MHz, 13365 MHz, 448.17 W, 600.00 W, 600.00 W, 72, 17140 MiB, 100 %, 5, 16
2026/09/25 13:10:55.985, 0, P1, 2820 MHz, 13365 MHz, 448.17 W, 600.00 W, 600.00 W, 72, 17140 MiB, 100 %, 5, 16
2026/09/25 13:10:56.236, 0, P1, 2827 MHz, 13365 MHz, 465.66 W, 600.00 W, 600.00 W, 73, 17140 MiB, 100 %, 5, 16
2026/09/25 13:10:56.487, 0, P1, 2827 MHz, 13365 MHz, 465.66 W, 600.00 W, 600.00 W, 73, 17140 MiB, 100 %, 5, 16
2026/09/25 13:10:56.737, 0, P1, 2827 MHz, 13365 MHz, 480.85 W, 600.00 W, 600.00 W, 73, 17140 MiB, 100 %, 5, 16
2026/09/25 13:10:56.988, 0, P1, 2827 MHz, 13365 MHz, 480.85 W, 600.00 W, 600.00 W, 73, 17140 MiB, 100 %, 5, 16
2026/09/25 13:10:57.239, 0, P1, 2820 MHz, 13365 MHz, 476.51 W, 600.00 W, 600.00 W, 72, 17140 MiB, 100 %, 5, 16
2026/09/25 13:10:57.490, 0, P1, 2820 MHz, 13365 MHz, 476.51 W, 600.00 W, 600.00 W, 72, 17140 MiB, 100 %, 5, 16
2026/09/25 13:10:57.740, 0, P1, 2820 MHz, 13365 MHz, 459.84 W, 600.00 W, 600.00 W, 72, 17140 MiB, 100 %, 5, 16
2026/09/25 13:10:57.991, 0, P1, 2820 MHz, 13365 MHz, 459.84 W, 600.00 W, 600.00 W, 72, 17140 MiB, 100 %, 5, 16
2026/09/25 13:10:58.242, 0, P1, 2827 MHz, 13365 MHz, 464.25 W, 600.00 W, 600.00 W, 73, 17140 MiB, 100 %, 5, 16
2026/09/25 13:10:58.493, 0, P1, 2827 MHz, 13365 MHz, 464.25 W, 600.00 W, 600.00 W, 73, 17140 MiB, 100 %, 5, 16
2026/09/25 13:10:58.743, 0, P1, 2827 MHz, 13365 MHz, 482.79 W, 600.00 W, 600.00 W, 73, 17140 MiB, 100 %, 5, 16
2026/09/25 13:10:58.995, 0, P1, 2827 MHz, 13365 MHz, 482.79 W, 600.00 W, 600.00 W, 73, 17140 MiB, 100 %, 5, 16
2026/09/25 13:10:59.245, 0, P1, 2820 MHz, 13365 MHz, 477.90 W, 600.00 W, 600.00 W, 73, 17140 MiB, 99 %, 5, 16
2026/09/25 13:10:59.496, 0, P1, 2820 MHz, 13365 MHz, 477.90 W, 600.00 W, 600.00 W, 73, 17140 MiB, 99 %, 5, 16
2026/09/25 13:10:59.747, 0, P1, 2812 MHz, 13365 MHz, 457.33 W, 600.00 W, 600.00 W, 72, 17140 MiB, 100 %, 5, 16
2026/09/25 13:10:59.998, 0, P1, 2812 MHz, 13365 MHz, 457.33 W, 600.00 W, 600.00 W, 72, 17140 MiB, 100 %, 5, 16
2026/09/25 13:11:00.249, 0, P1, 2820 MHz, 13365 MHz, 453.96 W, 600.00 W, 600.00 W, 73, 17140 MiB, 100 %, 5, 16
2026/09/25 13:11:00.499, 0, P1, 2820 MHz, 13365 MHz, 453.96 W, 600.00 W, 600.00 W, 73, 17140 MiB, 100 %, 5, 16
2026/09/25 13:11:00.750, 0, P1, 2827 MHz, 13365 MHz, 475.13 W, 600.00 W, 600.00 W, 73, 17140 MiB, 100 %, 5, 16
2026/09/25 13:11:01.001, 0, P1, 2827 MHz, 13365 MHz, 475.13 W, 600.00 W, 600.00 W, 73, 17140 MiB, 100 %, 5, 16
2026/09/25 13:11:01.252, 0, P1, 2827 MHz, 13365 MHz, 482.57 W, 600.00 W, 600.00 W, 73, 17140 MiB, 100 %, 5, 16
2026/09/25 13:11:01.502, 0, P1, 2827 MHz, 13365 MHz, 482.57 W, 600.00 W, 600.00 W, 73, 17140 MiB, 100 %, 5, 16
2026/09/25 13:11:01.753, 0, P1, 2820 MHz, 13365 MHz, 468.95 W, 600.00 W, 600.00 W, 73, 17140 MiB, 100 %, 5, 16
2026/09/25 13:11:02.004, 0, P1, 2820 MHz, 13365 MHz, 468.95 W, 600.00 W, 600.00 W, 73, 17140 MiB, 100 %, 5, 16
2026/09/25 13:11:02.255, 0, P1, 2820 MHz, 13365 MHz, 464.25 W, 600.00 W, 600.00 W, 73, 17140 MiB, 100 %, 5, 16
2026/09/25 13:11:02.506, 0, P1, 2820 MHz, 13365 MHz, 464.25 W, 600.00 W, 600.00 W, 73, 17140 MiB, 100 %, 5, 16
2026/09/25 13:11:02.757, 0, P1, 2827 MHz, 13365 MHz, 477.11 W, 600.00 W, 600.00 W, 73, 17140 MiB, 100 %, 5, 16
2026/09/25 13:11:03.007, 0, P1, 2827 MHz, 13365 MHz, 477.11 W, 600.00 W, 600.00 W, 73, 17140 MiB, 100 %, 5, 16
2026/09/25 13:11:03.258, 0, P1, 2827 MHz, 13365 MHz, 484.75 W, 600.00 W, 600.00 W, 73, 17140 MiB, 99 %, 5, 16
2026/09/25 13:11:03.509, 0, P1, 2827 MHz, 13365 MHz, 484.75 W, 600.00 W, 600.00 W, 73, 17140 MiB, 99 %, 5, 16
2026/09/25 13:11:03.760, 0, P1, 2820 MHz, 13365 MHz, 467.17 W, 600.00 W, 600.00 W, 73, 17140 MiB, 100 %, 5, 16
2026/09/25 13:11:04.011, 0, P1, 2820 MHz, 13365 MHz, 467.17 W, 600.00 W, 600.00 W, 73, 17140 MiB, 100 %, 5, 16
2026/09/25 13:11:04.261, 0, P1, 2820 MHz, 13365 MHz, 456.28 W, 600.00 W, 600.00 W, 73, 17140 MiB, 100 %, 5, 16
2026/09/25 13:11:04.512, 0, P1, 2820 MHz, 13365 MHz, 456.28 W, 600.00 W, 600.00 W, 73, 17140 MiB, 100 %, 5, 16
2026/09/25 13:11:04.763, 0, P1, 2827 MHz, 13365 MHz, 472.77 W, 600.00 W, 600.00 W, 73, 17140 MiB, 100 %, 5, 16
2026/09/25 13:11:05.014, 0, P1, 2827 MHz, 13365 MHz, 472.77 W, 600.00 W, 600.00 W, 73, 17140 MiB, 100 %, 5, 16
2026/09/25 13:11:05.265, 0, P1, 2820 MHz, 13365 MHz, 487.26 W, 600.00 W, 600.00 W, 73, 17140 MiB, 95 %, 5, 16
2026/09/25 13:11:05.516, 0, P1, 2820 MHz, 13365 MHz, 487.26 W, 600.00 W, 600.00 W, 73, 17140 MiB, 95 %, 5, 16
2026/09/25 13:11:05.766, 0, P1, 2812 MHz, 13365 MHz, 476.25 W, 600.00 W, 600.00 W, 73, 17140 MiB, 100 %, 5, 16
2026/09/25 13:11:06.017, 0, P1, 2812 MHz, 13365 MHz, 476.25 W, 600.00 W, 600.00 W, 73, 17140 MiB, 100 %, 5, 16
2026/09/25 13:11:06.268, 0, P1, 2812 MHz, 13365 MHz, 457.66 W, 600.00 W, 600.00 W, 73, 17140 MiB, 100 %, 5, 16
2026/09/25 13:11:06.519, 0, P1, 2812 MHz, 13365 MHz, 457.66 W, 600.00 W, 600.00 W, 73, 17140 MiB, 100 %, 5, 16
2026/09/25 13:11:06.769, 0, P1, 2820 MHz, 13365 MHz, 472.45 W, 600.00 W, 600.00 W, 74, 17140 MiB, 100 %, 5, 16
2026/09/25 13:11:07.020, 0, P1, 2820 MHz, 13365 MHz, 472.45 W, 600.00 W, 600.00 W, 74, 17140 MiB, 100 %, 5, 16
2026/09/25 13:11:07.271, 0, P1, 2820 MHz, 13365 MHz, 489.53 W, 600.00 W, 600.00 W, 73, 17140 MiB, 95 %, 5, 16
2026/09/25 13:11:07.522, 0, P1, 2820 MHz, 13365 MHz, 489.53 W, 600.00 W, 600.00 W, 73, 17140 MiB, 95 %, 5, 16
2026/09/25 13:11:07.772, 0, P1, 2812 MHz, 13365 MHz, 471.54 W, 600.00 W, 600.00 W, 73, 17140 MiB, 97 %, 5, 16
2026/09/25 13:11:08.023, 0, P1, 2812 MHz, 13365 MHz, 471.54 W, 600.00 W, 600.00 W, 73, 17140 MiB, 97 %, 5, 16
2026/09/25 13:11:08.274, 0, P1, 2812 MHz, 13365 MHz, 457.12 W, 600.00 W, 600.00 W, 73, 17140 MiB, 100 %, 5, 16
2026/09/25 13:11:08.525, 0, P1, 2812 MHz, 13365 MHz, 457.12 W, 600.00 W, 600.00 W, 73, 17140 MiB, 100 %, 5, 16
2026/09/25 13:11:08.776, 0, P1, 2820 MHz, 13365 MHz, 471.85 W, 600.00 W, 600.00 W, 74, 17140 MiB, 100 %, 5, 16
2026/09/25 13:11:09.027, 0, P1, 2820 MHz, 13365 MHz, 471.85 W, 600.00 W, 600.00 W, 74, 17140 MiB, 100 %, 5, 16
2026/09/25 13:11:09.277, 0, P1, 2820 MHz, 13365 MHz, 487.54 W, 600.00 W, 600.00 W, 74, 17140 MiB, 100 %, 5, 16
2026/09/25 13:11:09.528, 0, P1, 2820 MHz, 13365 MHz, 487.54 W, 600.00 W, 600.00 W, 74, 17140 MiB, 100 %, 5, 16
2026/09/25 13:11:09.779, 0, P1, 2820 MHz, 13365 MHz, 480.22 W, 600.00 W, 600.00 W, 73, 17140 MiB, 99 %, 5, 16
2026/09/25 13:11:10.030, 0, P1, 2820 MHz, 13365 MHz, 480.22 W, 600.00 W, 600.00 W, 73, 17140 MiB, 99 %, 5, 16
2026/09/25 13:11:10.281, 0, P1, 2812 MHz, 13365 MHz, 461.74 W, 600.00 W, 600.00 W, 73, 17140 MiB, 100 %, 5, 16
2026/09/25 13:11:10.532, 0, P1, 2812 MHz, 13365 MHz, 461.74 W, 600.00 W, 600.00 W, 73, 17140 MiB, 100 %, 5, 16
2026/09/25 13:11:10.782, 0, P1, 2820 MHz, 13365 MHz, 471.22 W, 600.00 W, 600.00 W, 74, 17140 MiB, 100 %, 5, 16
2026/09/25 13:11:11.033, 0, P1, 2820 MHz, 13365 MHz, 471.22 W, 600.00 W, 600.00 W, 74, 17140 MiB, 100 %, 5, 16
2026/09/25 13:11:11.284, 0, P1, 2820 MHz, 13365 MHz, 487.38 W, 600.00 W, 600.00 W, 74, 17140 MiB, 100 %, 5, 16
2026/09/25 13:11:11.535, 0, P1, 2820 MHz, 13365 MHz, 487.38 W, 600.00 W, 600.00 W, 74, 17140 MiB, 100 %, 5, 16
2026/09/25 13:11:11.786, 0, P1, 2812 MHz, 13365 MHz, 478.87 W, 600.00 W, 600.00 W, 74, 17140 MiB, 99 %, 5, 16
2026/09/25 13:11:12.037, 0, P1, 2812 MHz, 13365 MHz, 478.87 W, 600.00 W, 600.00 W, 74, 17140 MiB, 99 %, 5, 16
2026/09/25 13:11:12.287, 0, P1, 2805 MHz, 13365 MHz, 460.33 W, 600.00 W, 600.00 W, 73, 17140 MiB, 100 %, 5, 16
2026/09/25 13:11:12.538, 0, P1, 2805 MHz, 13365 MHz, 460.33 W, 600.00 W, 600.00 W, 73, 17140 MiB, 100 %, 5, 16
2026/09/25 13:11:12.789, 0, P1, 2812 MHz, 13365 MHz, 463.04 W, 600.00 W, 600.00 W, 74, 17140 MiB, 100 %, 5, 16
2026/09/25 13:11:13.040, 0, P1, 2812 MHz, 13365 MHz, 463.04 W, 600.00 W, 600.00 W, 74, 17140 MiB, 100 %, 5, 16
2026/09/25 13:11:13.291, 0, P1, 2820 MHz, 13365 MHz, 485.89 W, 600.00 W, 600.00 W, 74, 17140 MiB, 100 %, 5, 16
2026/09/25 13:11:13.542, 0, P1, 2820 MHz, 13365 MHz, 485.89 W, 600.00 W, 600.00 W, 74, 17140 MiB, 100 %, 5, 16
2026/09/25 13:11:13.793, 0, P1, 2812 MHz, 13365 MHz, 488.03 W, 600.00 W, 600.00 W, 74, 17140 MiB, 100 %, 5, 16
2026/09/25 13:11:14.043, 0, P1, 2812 MHz, 13365 MHz, 488.03 W, 600.00 W, 600.00 W, 74, 17140 MiB, 100 %, 5, 16
2026/09/25 13:11:14.294, 0, P1, 2805 MHz, 13365 MHz, 470.52 W, 600.00 W, 600.00 W, 73, 17140 MiB, 100 %, 5, 16
2026/09/25 13:11:14.545, 0, P1, 2805 MHz, 13365 MHz, 470.52 W, 600.00 W, 600.00 W, 73, 17140 MiB, 100 %, 5, 16
2026/09/25 13:11:14.796, 0, P1, 2812 MHz, 13365 MHz, 469.50 W, 600.00 W, 600.00 W, 74, 17140 MiB, 100 %, 5, 16
2026/09/25 13:11:15.047, 0, P1, 2812 MHz, 13365 MHz, 469.50 W, 600.00 W, 600.00 W, 74, 17140 MiB, 100 %, 5, 16
2026/09/25 13:11:15.298, 0, P1, 2820 MHz, 13365 MHz, 484.12 W, 600.00 W, 600.00 W, 74, 17140 MiB, 100 %, 5, 16
2026/09/25 13:11:15.549, 0, P1, 2820 MHz, 13365 MHz, 484.12 W, 600.00 W, 600.00 W, 74, 17140 MiB, 100 %, 5, 16
2026/09/25 13:11:15.800, 0, P1, 2820 MHz, 13365 MHz, 489.12 W, 600.00 W, 600.00 W, 74, 17140 MiB, 100 %, 5, 16
2026/09/25 13:11:16.050, 0, P1, 2820 MHz, 13365 MHz, 489.12 W, 600.00 W, 600.00 W, 74, 17140 MiB, 100 %, 5, 16
2026/09/25 13:11:16.301, 0, P1, 2805 MHz, 13365 MHz, 464.71 W, 600.00 W, 600.00 W, 74, 17140 MiB, 100 %, 5, 16
2026/09/25 13:11:16.552, 0, P1, 2805 MHz, 13365 MHz, 464.71 W, 600.00 W, 600.00 W, 74, 17140 MiB, 100 %, 5, 16
2026/09/25 13:11:16.803, 0, P1, 2812 MHz, 13365 MHz, 461.17 W, 600.00 W, 600.00 W, 74, 17140 MiB, 100 %, 5, 16
2026/09/25 13:11:17.053, 0, P1, 2812 MHz, 13365 MHz, 461.17 W, 600.00 W, 600.00 W, 74, 17140 MiB, 100 %, 5, 16
2026/09/25 13:11:17.304, 0, P1, 2820 MHz, 13365 MHz, 481.83 W, 600.00 W, 600.00 W, 74, 17140 MiB, 100 %, 5, 16
2026/09/25 13:11:17.555, 0, P1, 2820 MHz, 13365 MHz, 481.83 W, 600.00 W, 600.00 W, 74, 17140 MiB, 100 %, 5, 16
2026/09/25 13:11:17.806, 0, P1, 2820 MHz, 13365 MHz, 491.64 W, 600.00 W, 600.00 W, 74, 17140 MiB, 99 %, 5, 16
2026/09/25 13:11:18.057, 0, P1, 2820 MHz, 13365 MHz, 491.64 W, 600.00 W, 600.00 W, 74, 17140 MiB, 99 %, 5, 16
2026/09/25 13:11:18.307, 0, P1, 2812 MHz, 13365 MHz, 477.98 W, 600.00 W, 600.00 W, 74, 17140 MiB, 100 %, 5, 16
2026/09/25 13:11:18.558, 0, P1, 2812 MHz, 13365 MHz, 477.98 W, 600.00 W, 600.00 W, 74, 17140 MiB, 100 %, 5, 16
2026/09/25 13:11:18.809, 0, P1, 2812 MHz, 13365 MHz, 469.55 W, 600.00 W, 600.00 W, 74, 17140 MiB, 100 %, 5, 16
2026/09/25 13:11:19.060, 0, P1, 2812 MHz, 13365 MHz, 469.55 W, 600.00 W, 600.00 W, 74, 17140 MiB, 100 %, 5, 16
2026/09/25 13:11:19.311, 0, P1, 2820 MHz, 13365 MHz, 483.24 W, 600.00 W, 600.00 W, 74, 17140 MiB, 100 %, 5, 16
2026/09/25 13:11:19.562, 0, P1, 2820 MHz, 13365 MHz, 483.24 W, 600.00 W, 600.00 W, 74, 17140 MiB, 100 %, 5, 16
2026/09/25 13:11:19.813, 0, P1, 2820 MHz, 13365 MHz, 492.48 W, 600.00 W, 600.00 W, 74, 17140 MiB, 99 %, 5, 16
2026/09/25 13:11:20.064, 0, P1, 2820 MHz, 13365 MHz, 492.48 W, 600.00 W, 600.00 W, 74, 17140 MiB, 99 %, 5, 16
2026/09/25 13:11:20.315, 0, P1, 2805 MHz, 13365 MHz, 470.68 W, 600.00 W, 600.00 W, 74, 17140 MiB, 100 %, 5, 16
2026/09/25 13:11:20.565, 0, P1, 2805 MHz, 13365 MHz, 470.68 W, 600.00 W, 600.00 W, 74, 17140 MiB, 100 %, 5, 16
2026/09/25 13:11:20.816, 0, P1, 2812 MHz, 13365 MHz, 459.92 W, 600.00 W, 600.00 W, 74, 17140 MiB, 100 %, 5, 16
2026/09/25 13:11:21.067, 0, P1, 2812 MHz, 13365 MHz, 459.92 W, 600.00 W, 600.00 W, 74, 17140 MiB, 100 %, 5, 16
2026/09/25 13:11:21.318, 0, P1, 2820 MHz, 13365 MHz, 480.57 W, 600.00 W, 600.00 W, 75, 17140 MiB, 100 %, 5, 16
2026/09/25 13:11:21.569, 0, P1, 2820 MHz, 13365 MHz, 480.57 W, 600.00 W, 600.00 W, 75, 17140 MiB, 100 %, 5, 16
2026/09/25 13:11:21.820, 0, P1, 2820 MHz, 13365 MHz, 497.41 W, 600.00 W, 600.00 W, 74, 17140 MiB, 95 %, 5, 16
2026/09/25 13:11:22.071, 0, P1, 2820 MHz, 13365 MHz, 497.41 W, 600.00 W, 600.00 W, 74, 17140 MiB, 95 %, 5, 16
2026/09/25 13:11:22.322, 0, P1, 2812 MHz, 13365 MHz, 484.33 W, 600.00 W, 600.00 W, 74, 17140 MiB, 100 %, 5, 16
2026/09/25 13:11:22.572, 0, P1, 2812 MHz, 13365 MHz, 484.33 W, 600.00 W, 600.00 W, 74, 17140 MiB, 100 %, 5, 16
2026/09/25 13:11:22.823, 0, P1, 2812 MHz, 13365 MHz, 468.67 W, 600.00 W, 600.00 W, 74, 17140 MiB, 100 %, 5, 16
2026/09/25 13:11:23.074, 0, P1, 2812 MHz, 13365 MHz, 468.67 W, 600.00 W, 600.00 W, 74, 17140 MiB, 100 %, 5, 16
2026/09/25 13:11:23.325, 0, P1, 2820 MHz, 13365 MHz, 481.51 W, 600.00 W, 600.00 W, 75, 17140 MiB, 100 %, 5, 16
2026/09/25 13:11:23.576, 0, P1, 2820 MHz, 13365 MHz, 481.51 W, 600.00 W, 600.00 W, 75, 17140 MiB, 100 %, 5, 16
2026/09/25 13:11:23.827, 0, P1, 2820 MHz, 13365 MHz, 496.36 W, 600.00 W, 600.00 W, 74, 17140 MiB, 95 %, 5, 16
2026/09/25 13:11:24.078, 0, P1, 2820 MHz, 13365 MHz, 496.36 W, 600.00 W, 600.00 W, 74, 17140 MiB, 95 %, 5, 16
2026/09/25 13:11:24.328, 0, P1, 2812 MHz, 13365 MHz, 477.98 W, 600.00 W, 600.00 W, 74, 17140 MiB, 99 %, 5, 16
2026/09/25 13:11:24.579, 0, P1, 2812 MHz, 13365 MHz, 477.98 W, 600.00 W, 600.00 W, 74, 17140 MiB, 99 %, 5, 16
2026/09/25 13:11:24.830, 0, P1, 2812 MHz, 13365 MHz, 461.84 W, 600.00 W, 600.00 W, 74, 17140 MiB, 100 %, 5, 16
2026/09/25 13:11:25.083, 0, P1, 2812 MHz, 13365 MHz, 461.84 W, 600.00 W, 600.00 W, 74, 17140 MiB, 100 %, 5, 16
2026/09/25 13:11:25.334, 0, P1, 2820 MHz, 13365 MHz, 481.83 W, 600.00 W, 600.00 W, 75, 17140 MiB, 100 %, 5, 16
2026/09/25 13:11:25.585, 0, P1, 2820 MHz, 13365 MHz, 481.83 W, 600.00 W, 600.00 W, 75, 17140 MiB, 100 %, 5, 16
2026/09/25 13:11:25.835, 0, P1, 2820 MHz, 13365 MHz, 497.55 W, 600.00 W, 600.00 W, 75, 17140 MiB, 100 %, 5, 16
2026/09/25 13:11:26.086, 0, P1, 2820 MHz, 13365 MHz, 497.55 W, 600.00 W, 600.00 W, 75, 17140 MiB, 100 %, 5, 16
2026/09/25 13:11:26.337, 0, P1, 2812 MHz, 13365 MHz, 491.42 W, 600.00 W, 600.00 W, 74, 17140 MiB, 100 %, 5, 16
2026/09/25 13:11:26.588, 0, P1, 2812 MHz, 13365 MHz, 491.42 W, 600.00 W, 600.00 W, 74, 17140 MiB, 100 %, 5, 16
2026/09/25 13:11:26.839, 0, P1, 2812 MHz, 13365 MHz, 472.93 W, 600.00 W, 600.00 W, 74, 17140 MiB, 100 %, 5, 16
2026/09/25 13:11:27.090, 0, P1, 2812 MHz, 13365 MHz, 472.93 W, 600.00 W, 600.00 W, 74, 17140 MiB, 100 %, 5, 16
2026/09/25 13:11:27.341, 0, P1, 2820 MHz, 13365 MHz, 482.50 W, 600.00 W, 600.00 W, 75, 17140 MiB, 100 %, 5, 16
2026/09/25 13:11:27.592, 0, P1, 2820 MHz, 13365 MHz, 482.50 W, 600.00 W, 600.00 W, 75, 17140 MiB, 100 %, 5, 16
2026/09/25 13:11:27.843, 0, P1, 2820 MHz, 13365 MHz, 498.54 W, 600.00 W, 600.00 W, 75, 17134 MiB, 100 %, 5, 16
2026/09/25 13:11:28.098, 0, P1, 2820 MHz, 13365 MHz, 498.54 W, 600.00 W, 600.00 W, 75, 2 MiB, 100 %, 5, 16
2026/09/25 13:11:28.349, 0, P0, 2842 MHz, 14001 MHz, 337.66 W, 600.00 W, 600.00 W, 68, 2 MiB, 0 %, 5, 16
2026/09/25 13:11:28.600, 0, P0, 2842 MHz, 14001 MHz, 337.66 W, 600.00 W, 600.00 W, 68, 2 MiB, 0 %, 5, 16
2026/09/25 13:11:28.850, 0, P0, 2842 MHz, 14001 MHz, 126.76 W, 600.00 W, 600.00 W, 67, 23 MiB, 0 %, 5, 16
2026/09/25 13:11:29.102, 0, P0, 2842 MHz, 14001 MHz, 126.76 W, 600.00 W, 600.00 W, 67, 596 MiB, 0 %, 5, 16
2026/09/25 13:11:29.352, 0, P1, 2842 MHz, 14001 MHz, 120.40 W, 600.00 W, 600.00 W, 67, 2228 MiB, 19 %, 5, 16
2026/09/25 13:11:29.603, 0, P1, 2842 MHz, 14001 MHz, 120.40 W, 600.00 W, 600.00 W, 67, 3252 MiB, 19 %, 5, 16
2026/09/25 13:11:29.853, 0, P1, 2820 MHz, 13365 MHz, 116.82 W, 600.00 W, 600.00 W, 66, 4276 MiB, 12 %, 5, 16
2026/09/25 13:11:30.104, 0, P1, 2820 MHz, 13365 MHz, 116.82 W, 600.00 W, 600.00 W, 66, 5236 MiB, 12 %, 5, 16
2026/09/25 13:11:30.354, 0, P1, 2617 MHz, 13365 MHz, 105.70 W, 600.00 W, 600.00 W, 65, 6164 MiB, 10 %, 5, 16
2026/09/25 13:11:30.605, 0, P1, 2617 MHz, 13365 MHz, 105.70 W, 600.00 W, 600.00 W, 65, 7060 MiB, 10 %, 5, 16
2026/09/25 13:11:30.855, 0, P1, 2617 MHz, 13365 MHz, 97.60 W, 600.00 W, 600.00 W, 65, 8020 MiB, 10 %, 5, 16
2026/09/25 13:11:31.106, 0, P1, 2617 MHz, 13365 MHz, 97.60 W, 600.00 W, 600.00 W, 65, 8916 MiB, 10 %, 5, 16
2026/09/25 13:11:31.356, 0, P1, 2617 MHz, 13365 MHz, 97.24 W, 600.00 W, 600.00 W, 65, 9844 MiB, 10 %, 5, 16
2026/09/25 13:11:31.607, 0, P1, 2617 MHz, 13365 MHz, 97.24 W, 600.00 W, 600.00 W, 65, 10804 MiB, 10 %, 5, 16
2026/09/25 13:11:31.857, 0, P1, 2617 MHz, 13365 MHz, 97.04 W, 600.00 W, 600.00 W, 64, 11732 MiB, 11 %, 5, 16
2026/09/25 13:11:32.108, 0, P1, 2617 MHz, 13365 MHz, 97.04 W, 600.00 W, 600.00 W, 64, 12628 MiB, 11 %, 5, 16
2026/09/25 13:11:32.359, 0, P1, 2617 MHz, 13365 MHz, 96.68 W, 600.00 W, 600.00 W, 64, 13556 MiB, 10 %, 5, 16
2026/09/25 13:11:32.609, 0, P1, 2617 MHz, 13365 MHz, 96.68 W, 600.00 W, 600.00 W, 64, 14484 MiB, 10 %, 5, 16
2026/09/25 13:11:32.859, 0, P1, 2617 MHz, 13365 MHz, 96.68 W, 600.00 W, 600.00 W, 64, 14740 MiB, 11 %, 5, 16
2026/09/25 13:11:33.110, 0, P1, 2617 MHz, 13365 MHz, 96.68 W, 600.00 W, 600.00 W, 64, 14740 MiB, 11 %, 5, 16
2026/09/25 13:11:33.360, 0, P1, 2610 MHz, 13365 MHz, 95.60 W, 600.00 W, 600.00 W, 63, 14740 MiB, 0 %, 5, 16
2026/09/25 13:11:33.611, 0, P1, 2610 MHz, 13365 MHz, 95.60 W, 600.00 W, 600.00 W, 63, 14740 MiB, 0 %, 5, 16
2026/09/25 13:11:33.861, 0, P1, 2610 MHz, 13365 MHz, 93.65 W, 600.00 W, 600.00 W, 63, 14740 MiB, 0 %, 5, 16
2026/09/25 13:11:34.112, 0, P1, 2610 MHz, 13365 MHz, 93.65 W, 600.00 W, 600.00 W, 63, 14740 MiB, 0 %, 5, 16
2026/09/25 13:11:34.362, 0, P1, 2610 MHz, 13365 MHz, 93.65 W, 600.00 W, 600.00 W, 63, 14740 MiB, 0 %, 5, 16
2026/09/25 13:11:34.612, 0, P1, 2610 MHz, 13365 MHz, 93.65 W, 600.00 W, 600.00 W, 63, 14740 MiB, 0 %, 5, 16
2026/09/25 13:11:34.863, 0, P1, 2610 MHz, 13365 MHz, 91.29 W, 600.00 W, 600.00 W, 63, 14740 MiB, 0 %, 5, 16
2026/09/25 13:11:35.113, 0, P1, 2610 MHz, 13365 MHz, 91.29 W, 600.00 W, 600.00 W, 63, 14740 MiB, 0 %, 5, 16
2026/09/25 13:11:35.363, 0, P1, 2610 MHz, 13365 MHz, 91.29 W, 600.00 W, 600.00 W, 63, 14740 MiB, 0 %, 5, 16
2026/09/25 13:11:35.614, 0, P1, 2610 MHz, 13365 MHz, 91.29 W, 600.00 W, 600.00 W, 63, 14740 MiB, 0 %, 5, 16
2026/09/25 13:11:35.864, 0, P1, 2610 MHz, 13365 MHz, 90.35 W, 600.00 W, 600.00 W, 62, 14740 MiB, 0 %, 5, 16
2026/09/25 13:11:36.115, 0, P1, 2610 MHz, 13365 MHz, 90.35 W, 600.00 W, 600.00 W, 62, 14740 MiB, 0 %, 5, 16
2026/09/25 13:11:36.365, 0, P1, 2610 MHz, 13365 MHz, 90.35 W, 600.00 W, 600.00 W, 62, 14740 MiB, 0 %, 5, 16
2026/09/25 13:11:36.616, 0, P1, 2610 MHz, 13365 MHz, 90.35 W, 600.00 W, 600.00 W, 62, 14740 MiB, 0 %, 5, 16
2026/09/25 13:11:36.866, 0, P1, 2610 MHz, 13365 MHz, 90.11 W, 600.00 W, 600.00 W, 62, 14740 MiB, 0 %, 5, 16
2026/09/25 13:11:37.116, 0, P1, 2610 MHz, 13365 MHz, 90.11 W, 600.00 W, 600.00 W, 62, 14740 MiB, 0 %, 5, 16
2026/09/25 13:11:37.367, 0, P1, 2610 MHz, 13365 MHz, 90.11 W, 600.00 W, 600.00 W, 62, 14740 MiB, 0 %, 5, 16
2026/09/25 13:11:37.617, 0, P1, 2610 MHz, 13365 MHz, 90.11 W, 600.00 W, 600.00 W, 62, 14740 MiB, 0 %, 5, 16
2026/09/25 13:11:37.867, 0, P1, 2610 MHz, 13365 MHz, 89.85 W, 600.00 W, 600.00 W, 61, 14740 MiB, 0 %, 5, 16
2026/09/25 13:11:38.118, 0, P1, 2610 MHz, 13365 MHz, 89.85 W, 600.00 W, 600.00 W, 61, 14740 MiB, 0 %, 5, 16
2026/09/25 13:11:38.368, 0, P1, 2610 MHz, 13365 MHz, 89.85 W, 600.00 W, 600.00 W, 61, 14740 MiB, 0 %, 5, 16
2026/09/25 13:11:38.619, 0, P1, 2610 MHz, 13365 MHz, 89.85 W, 600.00 W, 600.00 W, 61, 14740 MiB, 0 %, 5, 16
2026/09/25 13:11:38.869, 0, P1, 2610 MHz, 13365 MHz, 89.56 W, 600.00 W, 600.00 W, 61, 14740 MiB, 0 %, 5, 16
2026/09/25 13:11:39.120, 0, P1, 2610 MHz, 13365 MHz, 89.56 W, 600.00 W, 600.00 W, 61, 14740 MiB, 0 %, 5, 16
2026/09/25 13:11:39.371, 0, P1, 2610 MHz, 13365 MHz, 89.52 W, 600.00 W, 600.00 W, 61, 14740 MiB, 0 %, 5, 16
2026/09/25 13:11:39.621, 0, P1, 2610 MHz, 13365 MHz, 89.52 W, 600.00 W, 600.00 W, 61, 14740 MiB, 0 %, 5, 16
2026/09/25 13:11:39.872, 0, P1, 2610 MHz, 13365 MHz, 89.41 W, 600.00 W, 600.00 W, 61, 14740 MiB, 0 %, 5, 16
2026/09/25 13:11:40.123, 0, P1, 2610 MHz, 13365 MHz, 89.41 W, 600.00 W, 600.00 W, 61, 14740 MiB, 0 %, 5, 16
2026/09/25 13:11:40.374, 0, P1, 2610 MHz, 13365 MHz, 89.34 W, 600.00 W, 600.00 W, 60, 14740 MiB, 0 %, 5, 16
2026/09/25 13:11:40.624, 0, P1, 2610 MHz, 13365 MHz, 89.34 W, 600.00 W, 600.00 W, 60, 14740 MiB, 0 %, 5, 16
2026/09/25 13:11:40.875, 0, P1, 2610 MHz, 13365 MHz, 89.34 W, 600.00 W, 600.00 W, 60, 15892 MiB, 0 %, 5, 16
2026/09/25 13:11:41.125, 0, P1, 2610 MHz, 13365 MHz, 89.34 W, 600.00 W, 600.00 W, 60, 15892 MiB, 0 %, 5, 16
2026/09/25 13:11:41.376, 0, P1, 2707 MHz, 13365 MHz, 168.44 W, 600.00 W, 600.00 W, 67, 15892 MiB, 100 %, 5, 16
2026/09/25 13:11:41.627, 0, P1, 2707 MHz, 13365 MHz, 168.44 W, 600.00 W, 600.00 W, 67, 15892 MiB, 100 %, 5, 16
2026/09/25 13:11:41.878, 0, P1, 2820 MHz, 13365 MHz, 248.49 W, 600.00 W, 600.00 W, 68, 15892 MiB, 100 %, 5, 16
2026/09/25 13:11:42.129, 0, P1, 2820 MHz, 13365 MHz, 248.49 W, 600.00 W, 600.00 W, 68, 15892 MiB, 100 %, 5, 16
2026/09/25 13:11:42.380, 0, P1, 2820 MHz, 13365 MHz, 463.74 W, 600.00 W, 600.00 W, 69, 15892 MiB, 100 %, 5, 16
2026/09/25 13:11:42.630, 0, P1, 2820 MHz, 13365 MHz, 463.74 W, 600.00 W, 600.00 W, 69, 15892 MiB, 100 %, 5, 16
2026/09/25 13:11:42.881, 0, P1, 2835 MHz, 13365 MHz, 481.46 W, 600.00 W, 600.00 W, 69, 16212 MiB, 100 %, 5, 16
2026/09/25 13:11:43.132, 0, P1, 2835 MHz, 13365 MHz, 481.46 W, 600.00 W, 600.00 W, 69, 16212 MiB, 100 %, 5, 16
2026/09/25 13:11:43.383, 0, P1, 2827 MHz, 13365 MHz, 480.80 W, 600.00 W, 600.00 W, 69, 16660 MiB, 100 %, 5, 16
2026/09/25 13:11:43.634, 0, P1, 2827 MHz, 13365 MHz, 480.80 W, 600.00 W, 600.00 W, 69, 16660 MiB, 100 %, 5, 16
2026/09/25 13:11:43.884, 0, P1, 2812 MHz, 13365 MHz, 457.29 W, 600.00 W, 600.00 W, 69, 16660 MiB, 100 %, 5, 16
2026/09/25 13:11:44.135, 0, P1, 2812 MHz, 13365 MHz, 457.29 W, 600.00 W, 600.00 W, 69, 16660 MiB, 100 %, 5, 16
2026/09/25 13:11:44.386, 0, P1, 2820 MHz, 13365 MHz, 455.17 W, 600.00 W, 600.00 W, 70, 16660 MiB, 100 %, 5, 16
2026/09/25 13:11:44.637, 0, P1, 2820 MHz, 13365 MHz, 455.17 W, 600.00 W, 600.00 W, 70, 16660 MiB, 100 %, 5, 16
2026/09/25 13:11:44.888, 0, P1, 2835 MHz, 13365 MHz, 479.25 W, 600.00 W, 600.00 W, 70, 16660 MiB, 100 %, 5, 16
2026/09/25 13:11:45.139, 0, P1, 2835 MHz, 13365 MHz, 479.25 W, 600.00 W, 600.00 W, 70, 16660 MiB, 100 %, 5, 16
2026/09/25 13:11:45.390, 0, P1, 2827 MHz, 13365 MHz, 485.47 W, 600.00 W, 600.00 W, 70, 16660 MiB, 100 %, 5, 16
2026/09/25 13:11:45.641, 0, P1, 2827 MHz, 13365 MHz, 485.47 W, 600.00 W, 600.00 W, 70, 16660 MiB, 100 %, 5, 16
2026/09/25 13:11:45.891, 0, P1, 2820 MHz, 13365 MHz, 471.23 W, 600.00 W, 600.00 W, 69, 16660 MiB, 100 %, 5, 16
2026/09/25 13:11:46.143, 0, P1, 2820 MHz, 13365 MHz, 471.23 W, 600.00 W, 600.00 W, 69, 16660 MiB, 100 %, 5, 16
2026/09/25 13:11:46.393, 0, P1, 2820 MHz, 13365 MHz, 466.03 W, 600.00 W, 600.00 W, 70, 16660 MiB, 100 %, 5, 16
2026/09/25 13:11:46.644, 0, P1, 2820 MHz, 13365 MHz, 466.03 W, 600.00 W, 600.00 W, 70, 16660 MiB, 100 %, 5, 16
2026/09/25 13:11:46.895, 0, P1, 2835 MHz, 13365 MHz, 482.73 W, 600.00 W, 600.00 W, 70, 16660 MiB, 100 %, 5, 16
2026/09/25 13:11:47.146, 0, P1, 2835 MHz, 13365 MHz, 482.73 W, 600.00 W, 600.00 W, 70, 16660 MiB, 100 %, 5, 16
2026/09/25 13:11:47.397, 0, P1, 2827 MHz, 13365 MHz, 486.46 W, 600.00 W, 600.00 W, 70, 17140 MiB, 100 %, 5, 16
2026/09/25 13:11:47.647, 0, P1, 2827 MHz, 13365 MHz, 486.46 W, 600.00 W, 600.00 W, 70, 17140 MiB, 100 %, 5, 16
2026/09/25 13:11:47.898, 0, P1, 2812 MHz, 13365 MHz, 451.78 W, 600.00 W, 600.00 W, 70, 17140 MiB, 100 %, 5, 16
2026/09/25 13:11:48.149, 0, P1, 2812 MHz, 13365 MHz, 451.78 W, 600.00 W, 600.00 W, 70, 17140 MiB, 100 %, 5, 16
2026/09/25 13:11:48.400, 0, P1, 2820 MHz, 13365 MHz, 444.95 W, 600.00 W, 600.00 W, 70, 17140 MiB, 100 %, 5, 16
2026/09/25 13:11:48.651, 0, P1, 2820 MHz, 13365 MHz, 444.95 W, 600.00 W, 600.00 W, 70, 17140 MiB, 100 %, 5, 16
2026/09/25 13:11:48.901, 0, P1, 2835 MHz, 13365 MHz, 477.07 W, 600.00 W, 600.00 W, 71, 17140 MiB, 100 %, 5, 16
2026/09/25 13:11:49.152, 0, P1, 2835 MHz, 13365 MHz, 477.07 W, 600.00 W, 600.00 W, 71, 17140 MiB, 100 %, 5, 16
2026/09/25 13:11:49.404, 0, P1, 2835 MHz, 13365 MHz, 487.35 W, 600.00 W, 600.00 W, 70, 17140 MiB, 99 %, 5, 16
2026/09/25 13:11:49.655, 0, P1, 2835 MHz, 13365 MHz, 487.35 W, 600.00 W, 600.00 W, 70, 17140 MiB, 99 %, 5, 16
2026/09/25 13:11:49.905, 0, P1, 2820 MHz, 13365 MHz, 473.13 W, 600.00 W, 600.00 W, 70, 17140 MiB, 100 %, 5, 16
2026/09/25 13:11:50.156, 0, P1, 2820 MHz, 13365 MHz, 473.13 W, 600.00 W, 600.00 W, 70, 17140 MiB, 100 %, 5, 16
2026/09/25 13:11:50.407, 0, P1, 2820 MHz, 13365 MHz, 465.74 W, 600.00 W, 600.00 W, 71, 17140 MiB, 100 %, 5, 16
2026/09/25 13:11:50.658, 0, P1, 2820 MHz, 13365 MHz, 465.74 W, 600.00 W, 600.00 W, 71, 17140 MiB, 100 %, 5, 16
2026/09/25 13:11:50.909, 0, P1, 2835 MHz, 13365 MHz, 478.24 W, 600.00 W, 600.00 W, 71, 17140 MiB, 100 %, 5, 16
2026/09/25 13:11:51.160, 0, P1, 2835 MHz, 13365 MHz, 478.24 W, 600.00 W, 600.00 W, 71, 17140 MiB, 100 %, 5, 16
2026/09/25 13:11:51.411, 0, P1, 2827 MHz, 13365 MHz, 487.15 W, 600.00 W, 600.00 W, 70, 17140 MiB, 100 %, 5, 16
2026/09/25 13:11:51.661, 0, P1, 2812 MHz, 13365 MHz, 468.17 W, 600.00 W, 600.00 W, 70, 17140 MiB, 100 %, 5, 16
2026/09/25 13:11:51.912, 0, P1, 2812 MHz, 13365 MHz, 468.17 W, 600.00 W, 600.00 W, 70, 17140 MiB, 100 %, 5, 16
2026/09/25 13:11:52.163, 0, P1, 2820 MHz, 13365 MHz, 457.46 W, 600.00 W, 600.00 W, 70, 17140 MiB, 100 %, 5, 16
2026/09/25 13:11:52.414, 0, P1, 2820 MHz, 13365 MHz, 457.46 W, 600.00 W, 600.00 W, 70, 17140 MiB, 100 %, 5, 16
2026/09/25 13:11:52.664, 0, P1, 2835 MHz, 13365 MHz, 478.02 W, 600.00 W, 600.00 W, 71, 17140 MiB, 100 %, 5, 16
2026/09/25 13:11:52.915, 0, P1, 2835 MHz, 13365 MHz, 478.02 W, 600.00 W, 600.00 W, 71, 17140 MiB, 100 %, 5, 16
2026/09/25 13:11:53.166, 0, P1, 2835 MHz, 13365 MHz, 490.41 W, 600.00 W, 600.00 W, 71, 17140 MiB, 96 %, 5, 16
2026/09/25 13:11:53.417, 0, P1, 2835 MHz, 13365 MHz, 490.41 W, 600.00 W, 600.00 W, 71, 17140 MiB, 96 %, 5, 16
2026/09/25 13:11:53.668, 0, P1, 2820 MHz, 13365 MHz, 477.27 W, 600.00 W, 600.00 W, 71, 17140 MiB, 100 %, 5, 16
2026/09/25 13:11:53.919, 0, P1, 2820 MHz, 13365 MHz, 477.27 W, 600.00 W, 600.00 W, 71, 17140 MiB, 100 %, 5, 16
2026/09/25 13:11:54.170, 0, P1, 2820 MHz, 13365 MHz, 461.90 W, 600.00 W, 600.00 W, 71, 17140 MiB, 100 %, 5, 16
2026/09/25 13:11:54.421, 0, P1, 2820 MHz, 13365 MHz, 461.90 W, 600.00 W, 600.00 W, 71, 17140 MiB, 100 %, 5, 16
2026/09/25 13:11:54.672, 0, P1, 2835 MHz, 13365 MHz, 478.42 W, 600.00 W, 600.00 W, 72, 17140 MiB, 100 %, 5, 16
2026/09/25 13:11:54.923, 0, P1, 2835 MHz, 13365 MHz, 478.42 W, 600.00 W, 600.00 W, 72, 17140 MiB, 100 %, 5, 16
2026/09/25 13:11:55.174, 0, P1, 2835 MHz, 13365 MHz, 489.91 W, 600.00 W, 600.00 W, 71, 17140 MiB, 100 %, 5, 16
2026/09/25 13:11:55.425, 0, P1, 2835 MHz, 13365 MHz, 489.91 W, 600.00 W, 600.00 W, 71, 17140 MiB, 100 %, 5, 16
2026/09/25 13:11:55.675, 0, P1, 2820 MHz, 13365 MHz, 467.96 W, 600.00 W, 600.00 W, 71, 17140 MiB, 100 %, 5, 16
2026/09/25 13:11:55.926, 0, P1, 2820 MHz, 13365 MHz, 467.96 W, 600.00 W, 600.00 W, 71, 17140 MiB, 100 %, 5, 16
2026/09/25 13:11:56.177, 0, P1, 2820 MHz, 13365 MHz, 456.50 W, 600.00 W, 600.00 W, 71, 17140 MiB, 100 %, 5, 16
2026/09/25 13:11:56.428, 0, P1, 2820 MHz, 13365 MHz, 456.50 W, 600.00 W, 600.00 W, 71, 17140 MiB, 100 %, 5, 16
2026/09/25 13:11:56.678, 0, P1, 2835 MHz, 13365 MHz, 475.60 W, 600.00 W, 600.00 W, 72, 17140 MiB, 100 %, 5, 16
2026/09/25 13:11:56.929, 0, P1, 2835 MHz, 13365 MHz, 475.60 W, 600.00 W, 600.00 W, 72, 17140 MiB, 100 %, 5, 16
2026/09/25 13:11:57.180, 0, P1, 2835 MHz, 13365 MHz, 492.29 W, 600.00 W, 600.00 W, 71, 17140 MiB, 95 %, 5, 16
2026/09/25 13:11:57.431, 0, P1, 2835 MHz, 13365 MHz, 492.29 W, 600.00 W, 600.00 W, 71, 17140 MiB, 95 %, 5, 16
2026/09/25 13:11:57.682, 0, P1, 2820 MHz, 13365 MHz, 479.71 W, 600.00 W, 600.00 W, 71, 17140 MiB, 100 %, 5, 16
2026/09/25 13:11:57.933, 0, P1, 2820 MHz, 13365 MHz, 479.71 W, 600.00 W, 600.00 W, 71, 17140 MiB, 100 %, 5, 16
2026/09/25 13:11:58.184, 0, P1, 2820 MHz, 13365 MHz, 461.78 W, 600.00 W, 600.00 W, 71, 17140 MiB, 100 %, 5, 16
2026/09/25 13:11:58.435, 0, P1, 2820 MHz, 13365 MHz, 461.78 W, 600.00 W, 600.00 W, 71, 17140 MiB, 100 %, 5, 16
2026/09/25 13:11:58.685, 0, P1, 2835 MHz, 13365 MHz, 476.55 W, 600.00 W, 600.00 W, 72, 17140 MiB, 100 %, 5, 16
2026/09/25 13:11:58.936, 0, P1, 2835 MHz, 13365 MHz, 476.55 W, 600.00 W, 600.00 W, 72, 17140 MiB, 100 %, 5, 16
2026/09/25 13:11:59.187, 0, P1, 2835 MHz, 13365 MHz, 490.67 W, 600.00 W, 600.00 W, 71, 17140 MiB, 95 %, 5, 16
2026/09/25 13:11:59.438, 0, P1, 2835 MHz, 13365 MHz, 490.67 W, 600.00 W, 600.00 W, 71, 17140 MiB, 95 %, 5, 16
2026/09/25 13:11:59.689, 0, P1, 2820 MHz, 13365 MHz, 470.60 W, 600.00 W, 600.00 W, 71, 17140 MiB, 99 %, 5, 16
2026/09/25 13:11:59.939, 0, P1, 2820 MHz, 13365 MHz, 470.60 W, 600.00 W, 600.00 W, 71, 17140 MiB, 99 %, 5, 16
2026/09/25 13:12:00.190, 0, P1, 2820 MHz, 13365 MHz, 455.58 W, 600.00 W, 600.00 W, 71, 17140 MiB, 100 %, 5, 16
2026/09/25 13:12:00.441, 0, P1, 2820 MHz, 13365 MHz, 455.58 W, 600.00 W, 600.00 W, 71, 17140 MiB, 100 %, 5, 16
2026/09/25 13:12:00.692, 0, P1, 2835 MHz, 13365 MHz, 475.24 W, 600.00 W, 600.00 W, 72, 17140 MiB, 100 %, 5, 16
2026/09/25 13:12:00.943, 0, P1, 2835 MHz, 13365 MHz, 475.24 W, 600.00 W, 600.00 W, 72, 17140 MiB, 100 %, 5, 16
2026/09/25 13:12:01.194, 0, P1, 2835 MHz, 13365 MHz, 491.49 W, 600.00 W, 600.00 W, 72, 17140 MiB, 100 %, 5, 16
2026/09/25 13:12:01.444, 0, P1, 2835 MHz, 13365 MHz, 491.49 W, 600.00 W, 600.00 W, 72, 17140 MiB, 100 %, 5, 16
2026/09/25 13:12:01.695, 0, P1, 2820 MHz, 13365 MHz, 483.48 W, 600.00 W, 600.00 W, 72, 17140 MiB, 100 %, 5, 16
2026/09/25 13:12:01.946, 0, P1, 2820 MHz, 13365 MHz, 483.48 W, 600.00 W, 600.00 W, 72, 17140 MiB, 100 %, 5, 16
2026/09/25 13:12:02.197, 0, P1, 2820 MHz, 13365 MHz, 461.19 W, 600.00 W, 600.00 W, 71, 17140 MiB, 100 %, 5, 16
2026/09/25 13:12:02.447, 0, P1, 2820 MHz, 13365 MHz, 461.19 W, 600.00 W, 600.00 W, 71, 17140 MiB, 100 %, 5, 16
2026/09/25 13:12:02.698, 0, P1, 2835 MHz, 13365 MHz, 477.10 W, 600.00 W, 600.00 W, 72, 17140 MiB, 100 %, 5, 16
2026/09/25 13:12:02.949, 0, P1, 2835 MHz, 13365 MHz, 477.10 W, 600.00 W, 600.00 W, 72, 17140 MiB, 100 %, 5, 16
2026/09/25 13:12:03.200, 0, P1, 2835 MHz, 13365 MHz, 495.29 W, 600.00 W, 600.00 W, 72, 17140 MiB, 95 %, 5, 16
2026/09/25 13:12:03.451, 0, P1, 2835 MHz, 13365 MHz, 495.29 W, 600.00 W, 600.00 W, 72, 17140 MiB, 95 %, 5, 16
2026/09/25 13:12:03.702, 0, P1, 2820 MHz, 13365 MHz, 473.80 W, 600.00 W, 600.00 W, 72, 17140 MiB, 98 %, 5, 16
2026/09/25 13:12:03.953, 0, P1, 2820 MHz, 13365 MHz, 473.80 W, 600.00 W, 600.00 W, 72, 17140 MiB, 98 %, 5, 16
2026/09/25 13:12:04.203, 0, P1, 2820 MHz, 13365 MHz, 459.02 W, 600.00 W, 600.00 W, 72, 17140 MiB, 100 %, 5, 16
2026/09/25 13:12:04.454, 0, P1, 2820 MHz, 13365 MHz, 459.02 W, 600.00 W, 600.00 W, 72, 17140 MiB, 100 %, 5, 16
2026/09/25 13:12:04.705, 0, P1, 2827 MHz, 13365 MHz, 470.32 W, 600.00 W, 600.00 W, 73, 17140 MiB, 100 %, 5, 16
2026/09/25 13:12:04.956, 0, P1, 2827 MHz, 13365 MHz, 470.32 W, 600.00 W, 600.00 W, 73, 17140 MiB, 100 %, 5, 16
2026/09/25 13:12:05.207, 0, P1, 2835 MHz, 13365 MHz, 490.52 W, 600.00 W, 600.00 W, 73, 17140 MiB, 100 %, 5, 16
2026/09/25 13:12:05.458, 0, P1, 2835 MHz, 13365 MHz, 490.52 W, 600.00 W, 600.00 W, 73, 17140 MiB, 100 %, 5, 16
2026/09/25 13:12:05.709, 0, P1, 2820 MHz, 13365 MHz, 485.05 W, 600.00 W, 600.00 W, 72, 17140 MiB, 100 %, 5, 16
2026/09/25 13:12:05.960, 0, P1, 2820 MHz, 13365 MHz, 485.05 W, 600.00 W, 600.00 W, 72, 17140 MiB, 100 %, 5, 16
2026/09/25 13:12:06.210, 0, P1, 2820 MHz, 13365 MHz, 469.03 W, 600.00 W, 600.00 W, 72, 17140 MiB, 100 %, 5, 16
2026/09/25 13:12:06.461, 0, P1, 2820 MHz, 13365 MHz, 469.03 W, 600.00 W, 600.00 W, 72, 17140 MiB, 100 %, 5, 16
2026/09/25 13:12:06.712, 0, P1, 2827 MHz, 13365 MHz, 475.65 W, 600.00 W, 600.00 W, 73, 17140 MiB, 100 %, 5, 16
2026/09/25 13:12:06.963, 0, P1, 2827 MHz, 13365 MHz, 475.65 W, 600.00 W, 600.00 W, 73, 17140 MiB, 100 %, 5, 16
2026/09/25 13:12:07.214, 0, P1, 2835 MHz, 13365 MHz, 495.56 W, 600.00 W, 600.00 W, 73, 17140 MiB, 100 %, 5, 16
2026/09/25 13:12:07.465, 0, P1, 2835 MHz, 13365 MHz, 495.56 W, 600.00 W, 600.00 W, 73, 17140 MiB, 100 %, 5, 16
2026/09/25 13:12:07.716, 0, P1, 2820 MHz, 13365 MHz, 478.45 W, 600.00 W, 600.00 W, 73, 17140 MiB, 99 %, 5, 16
2026/09/25 13:12:07.966, 0, P1, 2820 MHz, 13365 MHz, 478.45 W, 600.00 W, 600.00 W, 73, 17140 MiB, 99 %, 5, 16
2026/09/25 13:12:08.217, 0, P1, 2820 MHz, 13365 MHz, 461.99 W, 600.00 W, 600.00 W, 72, 17140 MiB, 100 %, 5, 16
2026/09/25 13:12:08.468, 0, P1, 2820 MHz, 13365 MHz, 461.99 W, 600.00 W, 600.00 W, 72, 17140 MiB, 100 %, 5, 16
2026/09/25 13:12:08.719, 0, P1, 2827 MHz, 13365 MHz, 471.29 W, 600.00 W, 600.00 W, 73, 17140 MiB, 100 %, 5, 16
2026/09/25 13:12:08.970, 0, P1, 2827 MHz, 13365 MHz, 471.29 W, 600.00 W, 600.00 W, 73, 17140 MiB, 100 %, 5, 16
2026/09/25 13:12:09.221, 0, P1, 2835 MHz, 13365 MHz, 491.96 W, 600.00 W, 600.00 W, 73, 17140 MiB, 100 %, 5, 16
2026/09/25 13:12:09.471, 0, P1, 2835 MHz, 13365 MHz, 491.96 W, 600.00 W, 600.00 W, 73, 17140 MiB, 100 %, 5, 16
2026/09/25 13:12:09.722, 0, P1, 2827 MHz, 13365 MHz, 487.88 W, 600.00 W, 600.00 W, 73, 17140 MiB, 100 %, 5, 16
2026/09/25 13:12:09.973, 0, P1, 2827 MHz, 13365 MHz, 487.88 W, 600.00 W, 600.00 W, 73, 17140 MiB, 100 %, 5, 16
2026/09/25 13:12:10.224, 0, P1, 2820 MHz, 13365 MHz, 469.43 W, 600.00 W, 600.00 W, 72, 17140 MiB, 100 %, 5, 16
2026/09/25 13:12:10.475, 0, P1, 2820 MHz, 13365 MHz, 469.43 W, 600.00 W, 600.00 W, 72, 17140 MiB, 100 %, 5, 16
2026/09/25 13:12:10.726, 0, P1, 2827 MHz, 13365 MHz, 475.42 W, 600.00 W, 600.00 W, 73, 17140 MiB, 100 %, 5, 16
2026/09/25 13:12:10.977, 0, P1, 2827 MHz, 13365 MHz, 475.42 W, 600.00 W, 600.00 W, 73, 17140 MiB, 100 %, 5, 16
2026/09/25 13:12:11.228, 0, P1, 2820 MHz, 13365 MHz, 493.91 W, 600.00 W, 600.00 W, 73, 17140 MiB, 100 %, 5, 16
2026/09/25 13:12:11.479, 0, P1, 2820 MHz, 13365 MHz, 493.91 W, 600.00 W, 600.00 W, 73, 17140 MiB, 100 %, 5, 16
2026/09/25 13:12:11.730, 0, P1, 2812 MHz, 13365 MHz, 484.18 W, 600.00 W, 600.00 W, 73, 17140 MiB, 99 %, 5, 16
2026/09/25 13:12:11.981, 0, P1, 2812 MHz, 13365 MHz, 484.18 W, 600.00 W, 600.00 W, 73, 17140 MiB, 99 %, 5, 16
2026/09/25 13:12:12.232, 0, P1, 2805 MHz, 13365 MHz, 464.79 W, 600.00 W, 600.00 W, 73, 17140 MiB, 100 %, 5, 16
2026/09/25 13:12:12.483, 0, P1, 2805 MHz, 13365 MHz, 464.79 W, 600.00 W, 600.00 W, 73, 17140 MiB, 100 %, 5, 16
2026/09/25 13:12:12.733, 0, P1, 2812 MHz, 13365 MHz, 465.13 W, 600.00 W, 600.00 W, 73, 17140 MiB, 100 %, 5, 16
2026/09/25 13:12:12.984, 0, P1, 2812 MHz, 13365 MHz, 465.13 W, 600.00 W, 600.00 W, 73, 17140 MiB, 100 %, 5, 16
2026/09/25 13:12:13.235, 0, P1, 2820 MHz, 13365 MHz, 490.36 W, 600.00 W, 600.00 W, 73, 17140 MiB, 100 %, 5, 16
2026/09/25 13:12:13.486, 0, P1, 2820 MHz, 13365 MHz, 490.36 W, 600.00 W, 600.00 W, 73, 17140 MiB, 100 %, 5, 16
2026/09/25 13:12:13.737, 0, P1, 2812 MHz, 13365 MHz, 490.44 W, 600.00 W, 600.00 W, 73, 17140 MiB, 100 %, 5, 16
2026/09/25 13:12:13.988, 0, P1, 2812 MHz, 13365 MHz, 490.44 W, 600.00 W, 600.00 W, 73, 17140 MiB, 100 %, 5, 16
2026/09/25 13:12:14.239, 0, P1, 2805 MHz, 13365 MHz, 469.02 W, 600.00 W, 600.00 W, 73, 17140 MiB, 100 %, 5, 16
2026/09/25 13:12:14.489, 0, P1, 2805 MHz, 13365 MHz, 469.02 W, 600.00 W, 600.00 W, 73, 17140 MiB, 100 %, 5, 16
2026/09/25 13:12:14.740, 0, P1, 2805 MHz, 13365 MHz, 463.88 W, 600.00 W, 600.00 W, 73, 17140 MiB, 100 %, 5, 16
2026/09/25 13:12:14.991, 0, P1, 2805 MHz, 13365 MHz, 463.88 W, 600.00 W, 600.00 W, 73, 17140 MiB, 100 %, 5, 16
2026/09/25 13:12:15.242, 0, P1, 2820 MHz, 13365 MHz, 486.72 W, 600.00 W, 600.00 W, 74, 17140 MiB, 100 %, 5, 16
2026/09/25 13:12:15.493, 0, P1, 2820 MHz, 13365 MHz, 486.72 W, 600.00 W, 600.00 W, 74, 17140 MiB, 100 %, 5, 16
2026/09/25 13:12:15.744, 0, P1, 2820 MHz, 13365 MHz, 492.97 W, 600.00 W, 600.00 W, 73, 17140 MiB, 100 %, 5, 16
2026/09/25 13:12:15.994, 0, P1, 2820 MHz, 13365 MHz, 492.97 W, 600.00 W, 600.00 W, 73, 17140 MiB, 100 %, 5, 16
2026/09/25 13:12:16.245, 0, P1, 2812 MHz, 13365 MHz, 477.15 W, 600.00 W, 600.00 W, 73, 17140 MiB, 100 %, 5, 16
2026/09/25 13:12:16.496, 0, P1, 2812 MHz, 13365 MHz, 477.15 W, 600.00 W, 600.00 W, 73, 17140 MiB, 100 %, 5, 16
2026/09/25 13:12:16.747, 0, P1, 2812 MHz, 13365 MHz, 472.37 W, 600.00 W, 600.00 W, 74, 17140 MiB, 100 %, 5, 16
2026/09/25 13:12:16.998, 0, P1, 2812 MHz, 13365 MHz, 472.37 W, 600.00 W, 600.00 W, 74, 17140 MiB, 100 %, 5, 16
2026/09/25 13:12:17.249, 0, P1, 2820 MHz, 13365 MHz, 485.86 W, 600.00 W, 600.00 W, 74, 17140 MiB, 100 %, 5, 16
2026/09/25 13:12:17.500, 0, P1, 2820 MHz, 13365 MHz, 485.86 W, 600.00 W, 600.00 W, 74, 17140 MiB, 100 %, 5, 16
2026/09/25 13:12:17.751, 0, P1, 2820 MHz, 13365 MHz, 492.50 W, 600.00 W, 600.00 W, 73, 17140 MiB, 100 %, 5, 16
2026/09/25 13:12:18.002, 0, P1, 2820 MHz, 13365 MHz, 492.50 W, 600.00 W, 600.00 W, 73, 17140 MiB, 100 %, 5, 16
2026/09/25 13:12:18.252, 0, P1, 2805 MHz, 13365 MHz, 470.88 W, 600.00 W, 600.00 W, 73, 17140 MiB, 100 %, 5, 16
2026/09/25 13:12:18.503, 0, P1, 2805 MHz, 13365 MHz, 470.88 W, 600.00 W, 600.00 W, 73, 17140 MiB, 100 %, 5, 16
2026/09/25 13:12:18.754, 0, P1, 2805 MHz, 13365 MHz, 460.59 W, 600.00 W, 600.00 W, 74, 17140 MiB, 100 %, 5, 16
2026/09/25 13:12:19.005, 0, P1, 2805 MHz, 13365 MHz, 460.59 W, 600.00 W, 600.00 W, 74, 17140 MiB, 100 %, 5, 16
2026/09/25 13:12:19.256, 0, P1, 2820 MHz, 13365 MHz, 484.14 W, 600.00 W, 600.00 W, 74, 17140 MiB, 100 %, 5, 16
2026/09/25 13:12:19.507, 0, P1, 2820 MHz, 13365 MHz, 484.14 W, 600.00 W, 600.00 W, 74, 17140 MiB, 100 %, 5, 16
2026/09/25 13:12:19.757, 0, P1, 2820 MHz, 13365 MHz, 493.11 W, 600.00 W, 600.00 W, 74, 17140 MiB, 99 %, 5, 16
2026/09/25 13:12:20.008, 0, P1, 2820 MHz, 13365 MHz, 493.11 W, 600.00 W, 600.00 W, 74, 17140 MiB, 99 %, 5, 16
2026/09/25 13:12:20.259, 0, P1, 2812 MHz, 13365 MHz, 479.49 W, 600.00 W, 600.00 W, 73, 17140 MiB, 100 %, 5, 16
2026/09/25 13:12:20.510, 0, P1, 2812 MHz, 13365 MHz, 479.49 W, 600.00 W, 600.00 W, 73, 17140 MiB, 100 %, 5, 16
2026/09/25 13:12:20.760, 0, P1, 2812 MHz, 13365 MHz, 472.02 W, 600.00 W, 600.00 W, 74, 17140 MiB, 100 %, 5, 16
2026/09/25 13:12:21.011, 0, P1, 2812 MHz, 13365 MHz, 472.02 W, 600.00 W, 600.00 W, 74, 17140 MiB, 100 %, 5, 16
2026/09/25 13:12:21.262, 0, P1, 2820 MHz, 13365 MHz, 486.04 W, 600.00 W, 600.00 W, 74, 17140 MiB, 100 %, 5, 16
2026/09/25 13:12:21.513, 0, P1, 2820 MHz, 13365 MHz, 486.04 W, 600.00 W, 600.00 W, 74, 17140 MiB, 100 %, 5, 16
2026/09/25 13:12:21.763, 0, P1, 2820 MHz, 13365 MHz, 494.37 W, 600.00 W, 600.00 W, 74, 17140 MiB, 100 %, 5, 16
2026/09/25 13:12:22.014, 0, P1, 2820 MHz, 13365 MHz, 494.37 W, 600.00 W, 600.00 W, 74, 17140 MiB, 100 %, 5, 16
2026/09/25 13:12:22.265, 0, P1, 2805 MHz, 13365 MHz, 477.80 W, 600.00 W, 600.00 W, 73, 17140 MiB, 100 %, 5, 16
2026/09/25 13:12:22.516, 0, P1, 2805 MHz, 13365 MHz, 477.80 W, 600.00 W, 600.00 W, 73, 17140 MiB, 100 %, 5, 16
2026/09/25 13:12:22.767, 0, P1, 2812 MHz, 13365 MHz, 466.76 W, 600.00 W, 600.00 W, 74, 17140 MiB, 100 %, 5, 16
2026/09/25 13:12:23.018, 0, P1, 2812 MHz, 13365 MHz, 466.76 W, 600.00 W, 600.00 W, 74, 17140 MiB, 100 %, 5, 16
2026/09/25 13:12:23.268, 0, P1, 2820 MHz, 13365 MHz, 485.49 W, 600.00 W, 600.00 W, 74, 17140 MiB, 100 %, 5, 16
2026/09/25 13:12:23.519, 0, P1, 2820 MHz, 13365 MHz, 485.49 W, 600.00 W, 600.00 W, 74, 17140 MiB, 100 %, 5, 16
2026/09/25 13:12:23.770, 0, P1, 2820 MHz, 13365 MHz, 494.83 W, 600.00 W, 600.00 W, 74, 17140 MiB, 100 %, 5, 16
2026/09/25 13:12:24.021, 0, P1, 2820 MHz, 13365 MHz, 494.83 W, 600.00 W, 600.00 W, 74, 17140 MiB, 100 %, 5, 16
2026/09/25 13:12:24.272, 0, P1, 2812 MHz, 13365 MHz, 480.53 W, 600.00 W, 600.00 W, 74, 17140 MiB, 100 %, 5, 16
2026/09/25 13:12:24.523, 0, P1, 2812 MHz, 13365 MHz, 480.53 W, 600.00 W, 600.00 W, 74, 17140 MiB, 100 %, 5, 16
2026/09/25 13:12:24.773, 0, P1, 2805 MHz, 13365 MHz, 471.96 W, 600.00 W, 600.00 W, 74, 17140 MiB, 100 %, 5, 16
2026/09/25 13:12:25.024, 0, P1, 2805 MHz, 13365 MHz, 471.96 W, 600.00 W, 600.00 W, 74, 17140 MiB, 100 %, 5, 16
2026/09/25 13:12:25.275, 0, P1, 2820 MHz, 13365 MHz, 484.80 W, 600.00 W, 600.00 W, 74, 17140 MiB, 100 %, 5, 16
2026/09/25 13:12:25.526, 0, P1, 2820 MHz, 13365 MHz, 484.80 W, 600.00 W, 600.00 W, 74, 17140 MiB, 100 %, 5, 16
2026/09/25 13:12:25.777, 0, P1, 2820 MHz, 13365 MHz, 494.99 W, 600.00 W, 600.00 W, 74, 17140 MiB, 100 %, 5, 16
2026/09/25 13:12:26.028, 0, P1, 2820 MHz, 13365 MHz, 494.99 W, 600.00 W, 600.00 W, 74, 17140 MiB, 100 %, 5, 16
2026/09/25 13:12:26.278, 0, P1, 2805 MHz, 13365 MHz, 474.52 W, 600.00 W, 600.00 W, 74, 17140 MiB, 100 %, 5, 16
2026/09/25 13:12:26.529, 0, P1, 2805 MHz, 13365 MHz, 474.52 W, 600.00 W, 600.00 W, 74, 17140 MiB, 100 %, 5, 16
2026/09/25 13:12:26.780, 0, P1, 2812 MHz, 13365 MHz, 468.39 W, 600.00 W, 600.00 W, 74, 17140 MiB, 100 %, 5, 16
2026/09/25 13:12:27.031, 0, P1, 2812 MHz, 13365 MHz, 468.39 W, 600.00 W, 600.00 W, 74, 17140 MiB, 100 %, 5, 16
2026/09/25 13:12:27.282, 0, P1, 2820 MHz, 13365 MHz, 486.33 W, 600.00 W, 600.00 W, 75, 17140 MiB, 100 %, 5, 16
2026/09/25 13:12:27.533, 0, P1, 2820 MHz, 13365 MHz, 486.33 W, 600.00 W, 600.00 W, 75, 17140 MiB, 100 %, 5, 16
2026/09/25 13:12:27.783, 0, P1, 2820 MHz, 13365 MHz, 495.12 W, 600.00 W, 600.00 W, 74, 17140 MiB, 99 %, 5, 16
2026/09/25 13:12:28.034, 0, P1, 2820 MHz, 13365 MHz, 495.12 W, 600.00 W, 600.00 W, 74, 17140 MiB, 99 %, 5, 16
2026/09/25 13:12:28.285, 0, P1, 2812 MHz, 13365 MHz, 483.01 W, 600.00 W, 600.00 W, 74, 17140 MiB, 100 %, 5, 16
2026/09/25 13:12:28.536, 0, P1, 2812 MHz, 13365 MHz, 483.01 W, 600.00 W, 600.00 W, 74, 17140 MiB, 100 %, 5, 16
2026/09/25 13:12:28.787, 0, P1, 2812 MHz, 13365 MHz, 472.48 W, 600.00 W, 600.00 W, 74, 17140 MiB, 100 %, 5, 16
2026/09/25 13:12:29.037, 0, P1, 2812 MHz, 13365 MHz, 472.48 W, 600.00 W, 600.00 W, 74, 17140 MiB, 100 %, 5, 16
2026/09/25 13:12:29.288, 0, P1, 2812 MHz, 13365 MHz, 485.21 W, 600.00 W, 600.00 W, 75, 17140 MiB, 100 %, 5, 16
2026/09/25 13:12:29.539, 0, P1, 2812 MHz, 13365 MHz, 485.21 W, 600.00 W, 600.00 W, 75, 17140 MiB, 100 %, 5, 16
2026/09/25 13:12:29.790, 0, P1, 2820 MHz, 13365 MHz, 494.57 W, 600.00 W, 600.00 W, 74, 17140 MiB, 100 %, 5, 16
2026/09/25 13:12:30.041, 0, P1, 2820 MHz, 13365 MHz, 494.57 W, 600.00 W, 600.00 W, 74, 17140 MiB, 100 %, 5, 16
2026/09/25 13:12:30.292, 0, P1, 2805 MHz, 13365 MHz, 471.30 W, 600.00 W, 600.00 W, 74, 17140 MiB, 100 %, 5, 16
2026/09/25 13:12:30.543, 0, P1, 2805 MHz, 13365 MHz, 471.30 W, 600.00 W, 600.00 W, 74, 17140 MiB, 100 %, 5, 16
2026/09/25 13:12:30.793, 0, P1, 2812 MHz, 13365 MHz, 460.74 W, 600.00 W, 600.00 W, 74, 17140 MiB, 100 %, 5, 16
2026/09/25 13:12:31.044, 0, P1, 2812 MHz, 13365 MHz, 460.74 W, 600.00 W, 600.00 W, 74, 17140 MiB, 100 %, 5, 16
2026/09/25 13:12:31.295, 0, P1, 2820 MHz, 13365 MHz, 482.74 W, 600.00 W, 600.00 W, 75, 17140 MiB, 100 %, 5, 16
2026/09/25 13:12:31.546, 0, P1, 2820 MHz, 13365 MHz, 482.74 W, 600.00 W, 600.00 W, 75, 17140 MiB, 100 %, 5, 16
2026/09/25 13:12:31.797, 0, P1, 2820 MHz, 13365 MHz, 496.61 W, 600.00 W, 600.00 W, 74, 17140 MiB, 94 %, 5, 16
2026/09/25 13:12:32.048, 0, P1, 2820 MHz, 13365 MHz, 496.61 W, 600.00 W, 600.00 W, 74, 17140 MiB, 94 %, 5, 16
2026/09/25 13:12:32.299, 0, P1, 2812 MHz, 13365 MHz, 485.63 W, 600.00 W, 600.00 W, 74, 17140 MiB, 100 %, 5, 16
2026/09/25 13:12:32.549, 0, P1, 2812 MHz, 13365 MHz, 485.63 W, 600.00 W, 600.00 W, 74, 17140 MiB, 100 %, 5, 16
2026/09/25 13:12:32.800, 0, P1, 2812 MHz, 13365 MHz, 467.81 W, 600.00 W, 600.00 W, 74, 17140 MiB, 100 %, 5, 16
2026/09/25 13:12:33.051, 0, P1, 2812 MHz, 13365 MHz, 467.81 W, 600.00 W, 600.00 W, 74, 17140 MiB, 100 %, 5, 16
2026/09/25 13:12:33.302, 0, P1, 2820 MHz, 13365 MHz, 485.84 W, 600.00 W, 600.00 W, 75, 17140 MiB, 100 %, 5, 16
2026/09/25 13:12:33.553, 0, P1, 2820 MHz, 13365 MHz, 485.84 W, 600.00 W, 600.00 W, 75, 17140 MiB, 100 %, 5, 16
2026/09/25 13:12:33.803, 0, P1, 2820 MHz, 13365 MHz, 496.68 W, 600.00 W, 600.00 W, 74, 17140 MiB, 100 %, 5, 16
2026/09/25 13:12:34.054, 0, P1, 2820 MHz, 13365 MHz, 496.68 W, 600.00 W, 600.00 W, 74, 17140 MiB, 100 %, 5, 16
2026/09/25 13:12:34.305, 0, P1, 2805 MHz, 13365 MHz, 477.73 W, 600.00 W, 600.00 W, 74, 17140 MiB, 100 %, 5, 16
2026/09/25 13:12:34.556, 0, P1, 2805 MHz, 13365 MHz, 477.73 W, 600.00 W, 600.00 W, 74, 17140 MiB, 100 %, 5, 16
2026/09/25 13:12:34.807, 0, P1, 2812 MHz, 13365 MHz, 462.27 W, 600.00 W, 600.00 W, 74, 17140 MiB, 100 %, 5, 16
2026/09/25 13:12:35.058, 0, P1, 2812 MHz, 13365 MHz, 462.27 W, 600.00 W, 600.00 W, 74, 17140 MiB, 100 %, 5, 16
2026/09/25 13:12:35.308, 0, P1, 2820 MHz, 13365 MHz, 481.41 W, 600.00 W, 600.00 W, 75, 17140 MiB, 100 %, 5, 16
2026/09/25 13:12:35.559, 0, P1, 2820 MHz, 13365 MHz, 481.41 W, 600.00 W, 600.00 W, 75, 17140 MiB, 100 %, 5, 16
2026/09/25 13:12:35.810, 0, P1, 2820 MHz, 13365 MHz, 494.19 W, 600.00 W, 600.00 W, 75, 17140 MiB, 95 %, 5, 16
2026/09/25 13:12:36.061, 0, P1, 2820 MHz, 13365 MHz, 494.19 W, 600.00 W, 600.00 W, 75, 17140 MiB, 95 %, 5, 16
2026/09/25 13:12:36.312, 0, P1, 2812 MHz, 13365 MHz, 487.39 W, 600.00 W, 600.00 W, 74, 17140 MiB, 100 %, 5, 16
2026/09/25 13:12:36.563, 0, P1, 2812 MHz, 13365 MHz, 487.39 W, 600.00 W, 600.00 W, 74, 17140 MiB, 100 %, 5, 16
2026/09/25 13:12:36.814, 0, P1, 2812 MHz, 13365 MHz, 469.19 W, 600.00 W, 600.00 W, 74, 17140 MiB, 100 %, 5, 16
2026/09/25 13:12:37.064, 0, P1, 2812 MHz, 13365 MHz, 469.19 W, 600.00 W, 600.00 W, 74, 17140 MiB, 100 %, 5, 16
2026/09/25 13:12:37.315, 0, P1, 2820 MHz, 13365 MHz, 483.89 W, 600.00 W, 600.00 W, 75, 17140 MiB, 100 %, 5, 16
2026/09/25 13:12:37.566, 0, P1, 2820 MHz, 13365 MHz, 483.89 W, 600.00 W, 600.00 W, 75, 17140 MiB, 100 %, 5, 16
2026/09/25 13:12:37.817, 0, P1, 2820 MHz, 13365 MHz, 493.48 W, 600.00 W, 600.00 W, 75, 17140 MiB, 95 %, 5, 16
2026/09/25 13:12:38.068, 0, P1, 2820 MHz, 13365 MHz, 493.48 W, 600.00 W, 600.00 W, 75, 17140 MiB, 95 %, 5, 16
2026/09/25 13:12:38.319, 0, P1, 2812 MHz, 13365 MHz, 476.84 W, 600.00 W, 600.00 W, 74, 17140 MiB, 99 %, 5, 16
2026/09/25 13:12:38.569, 0, P1, 2812 MHz, 13365 MHz, 476.84 W, 600.00 W, 600.00 W, 74, 17140 MiB, 99 %, 5, 16
2026/09/25 13:12:38.820, 0, P1, 2812 MHz, 13365 MHz, 465.55 W, 600.00 W, 600.00 W, 74, 17140 MiB, 100 %, 5, 16
2026/09/25 13:12:39.071, 0, P1, 2812 MHz, 13365 MHz, 465.55 W, 600.00 W, 600.00 W, 74, 17140 MiB, 100 %, 5, 16
2026/09/25 13:12:39.322, 0, P1, 2820 MHz, 13365 MHz, 478.82 W, 600.00 W, 600.00 W, 75, 17140 MiB, 100 %, 5, 16
2026/09/25 13:12:39.573, 0, P1, 2820 MHz, 13365 MHz, 478.82 W, 600.00 W, 600.00 W, 75, 17140 MiB, 100 %, 5, 16
2026/09/25 13:12:39.824, 0, P1, 2820 MHz, 13365 MHz, 501.08 W, 600.00 W, 600.00 W, 75, 17140 MiB, 100 %, 5, 16
2026/09/25 13:12:40.075, 0, P1, 2820 MHz, 13365 MHz, 501.08 W, 600.00 W, 600.00 W, 75, 17140 MiB, 100 %, 5, 16
2026/09/25 13:12:40.326, 0, P1, 2812 MHz, 13365 MHz, 490.45 W, 600.00 W, 600.00 W, 75, 17140 MiB, 100 %, 5, 16
2026/09/25 13:12:40.577, 0, P1, 2812 MHz, 13365 MHz, 490.45 W, 600.00 W, 600.00 W, 75, 17140 MiB, 100 %, 5, 16
2026/09/25 13:12:40.827, 0, P1, 2812 MHz, 13365 MHz, 471.89 W, 600.00 W, 600.00 W, 74, 17140 MiB, 100 %, 5, 16
2026/09/25 13:12:41.078, 0, P1, 2812 MHz, 13365 MHz, 471.89 W, 600.00 W, 600.00 W, 74, 17140 MiB, 100 %, 5, 16
2026/09/25 13:12:41.329, 0, P1, 2820 MHz, 13365 MHz, 482.38 W, 600.00 W, 600.00 W, 75, 17140 MiB, 100 %, 5, 16
2026/09/25 13:12:41.580, 0, P1, 2820 MHz, 13365 MHz, 482.38 W, 600.00 W, 600.00 W, 75, 17140 MiB, 100 %, 5, 16
2026/09/25 13:12:41.831, 0, P1, 2820 MHz, 13365 MHz, 502.27 W, 600.00 W, 600.00 W, 75, 17140 MiB, 95 %, 5, 16
2026/09/25 13:12:42.082, 0, P1, 2820 MHz, 13365 MHz, 502.27 W, 600.00 W, 600.00 W, 75, 17140 MiB, 95 %, 5, 16
2026/09/25 13:12:42.332, 0, P1, 2812 MHz, 13365 MHz, 479.83 W, 600.00 W, 600.00 W, 75, 17140 MiB, 99 %, 5, 16
2026/09/25 13:12:42.583, 0, P1, 2812 MHz, 13365 MHz, 479.83 W, 600.00 W, 600.00 W, 75, 17140 MiB, 99 %, 5, 16
2026/09/25 13:12:42.834, 0, P1, 2812 MHz, 13365 MHz, 465.03 W, 600.00 W, 600.00 W, 74, 17140 MiB, 100 %, 5, 16
2026/09/25 13:12:43.085, 0, P1, 2812 MHz, 13365 MHz, 465.03 W, 600.00 W, 600.00 W, 74, 17140 MiB, 100 %, 5, 16
2026/09/25 13:12:43.336, 0, P1, 2820 MHz, 13365 MHz, 474.33 W, 600.00 W, 600.00 W, 75, 17140 MiB, 100 %, 5, 16
2026/09/25 13:12:43.587, 0, P1, 2820 MHz, 13365 MHz, 474.33 W, 600.00 W, 600.00 W, 75, 17140 MiB, 100 %, 5, 16
2026/09/25 13:12:43.838, 0, P1, 2820 MHz, 13365 MHz, 498.35 W, 600.00 W, 600.00 W, 75, 17140 MiB, 100 %, 5, 16
2026/09/25 13:12:44.089, 0, P1, 2820 MHz, 13365 MHz, 498.35 W, 600.00 W, 600.00 W, 75, 17140 MiB, 100 %, 5, 16
2026/09/25 13:12:44.339, 0, P1, 2812 MHz, 13365 MHz, 490.90 W, 600.00 W, 600.00 W, 75, 17140 MiB, 100 %, 5, 16
2026/09/25 13:12:44.590, 0, P1, 2812 MHz, 13365 MHz, 490.90 W, 600.00 W, 600.00 W, 75, 17140 MiB, 100 %, 5, 16
2026/09/25 13:12:44.842, 0, P1, 2812 MHz, 13365 MHz, 474.95 W, 600.00 W, 600.00 W, 75, 17140 MiB, 100 %, 5, 16
2026/09/25 13:12:45.092, 0, P1, 2812 MHz, 13365 MHz, 474.95 W, 600.00 W, 600.00 W, 75, 17140 MiB, 100 %, 5, 16
2026/09/25 13:12:45.343, 0, P1, 2820 MHz, 13365 MHz, 480.82 W, 600.00 W, 600.00 W, 75, 17140 MiB, 100 %, 5, 16
2026/09/25 13:12:45.595, 0, P1, 2820 MHz, 13365 MHz, 480.82 W, 600.00 W, 600.00 W, 75, 17140 MiB, 100 %, 5, 16
2026/09/25 13:12:45.845, 0, P1, 2820 MHz, 13365 MHz, 500.31 W, 600.00 W, 600.00 W, 76, 17140 MiB, 100 %, 5, 16
2026/09/25 13:12:46.098, 0, P1, 2820 MHz, 13365 MHz, 500.31 W, 600.00 W, 600.00 W, 76, 2 MiB, 100 %, 5, 16
2026/09/25 13:12:46.349, 0, P0, 2842 MHz, 14001 MHz, 354.35 W, 600.00 W, 600.00 W, 68, 2 MiB, 0 %, 5, 16
2026/09/25 13:12:46.599, 0, P0, 2842 MHz, 14001 MHz, 354.35 W, 600.00 W, 600.00 W, 68, 2 MiB, 0 %, 5, 16
2026/09/25 13:12:46.850, 0, P0, 2842 MHz, 14001 MHz, 177.83 W, 600.00 W, 600.00 W, 67, 2 MiB, 0 %, 5, 16
2026/09/25 13:12:47.110, 0, P0, 2842 MHz, 14001 MHz, 177.83 W, 600.00 W, 600.00 W, 67, 596 MiB, 0 %, 5, 16
2026/09/25 13:12:47.360, 0, P1, 2842 MHz, 14001 MHz, 120.47 W, 600.00 W, 600.00 W, 67, 2068 MiB, 1 %, 5, 16
2026/09/25 13:12:47.611, 0, P1, 2842 MHz, 14001 MHz, 120.47 W, 600.00 W, 600.00 W, 67, 3092 MiB, 1 %, 5, 16
2026/09/25 13:12:47.861, 0, P1, 2827 MHz, 13365 MHz, 116.96 W, 600.00 W, 600.00 W, 66, 4116 MiB, 12 %, 5, 16
2026/09/25 13:12:48.112, 0, P1, 2827 MHz, 13365 MHz, 116.96 W, 600.00 W, 600.00 W, 66, 5076 MiB, 12 %, 5, 16
2026/09/25 13:12:48.362, 0, P1, 2617 MHz, 13365 MHz, 105.86 W, 600.00 W, 600.00 W, 66, 6004 MiB, 11 %, 5, 16
2026/09/25 13:12:48.613, 0, P1, 2617 MHz, 13365 MHz, 105.86 W, 600.00 W, 600.00 W, 66, 6964 MiB, 11 %, 5, 16
2026/09/25 13:12:48.863, 0, P1, 2617 MHz, 13365 MHz, 97.83 W, 600.00 W, 600.00 W, 65, 7892 MiB, 10 %, 5, 16
2026/09/25 13:12:49.114, 0, P1, 2617 MHz, 13365 MHz, 97.83 W, 600.00 W, 600.00 W, 65, 8788 MiB, 10 %, 5, 16
2026/09/25 13:12:49.364, 0, P1, 2617 MHz, 13365 MHz, 97.33 W, 600.00 W, 600.00 W, 65, 9716 MiB, 11 %, 5, 16
2026/09/25 13:12:49.615, 0, P1, 2617 MHz, 13365 MHz, 97.33 W, 600.00 W, 600.00 W, 65, 10676 MiB, 11 %, 5, 16
2026/09/25 13:12:49.865, 0, P1, 2617 MHz, 13365 MHz, 96.97 W, 600.00 W, 600.00 W, 65, 11604 MiB, 10 %, 5, 16
2026/09/25 13:12:50.116, 0, P1, 2617 MHz, 13365 MHz, 96.97 W, 600.00 W, 600.00 W, 65, 12532 MiB, 10 %, 5, 16
2026/09/25 13:12:50.367, 0, P1, 2617 MHz, 13365 MHz, 96.76 W, 600.00 W, 600.00 W, 64, 13460 MiB, 10 %, 5, 16
2026/09/25 13:12:50.617, 0, P1, 2617 MHz, 13365 MHz, 96.76 W, 600.00 W, 600.00 W, 64, 14420 MiB, 10 %, 5, 16
2026/09/25 13:12:50.868, 0, P1, 2617 MHz, 13365 MHz, 96.39 W, 600.00 W, 600.00 W, 64, 14740 MiB, 10 %, 5, 16
2026/09/25 13:12:51.118, 0, P1, 2617 MHz, 13365 MHz, 96.39 W, 600.00 W, 600.00 W, 64, 14740 MiB, 10 %, 5, 16
2026/09/25 13:12:51.368, 0, P1, 2610 MHz, 13365 MHz, 95.06 W, 600.00 W, 600.00 W, 64, 14740 MiB, 0 %, 5, 16
2026/09/25 13:12:51.619, 0, P1, 2610 MHz, 13365 MHz, 95.06 W, 600.00 W, 600.00 W, 64, 14740 MiB, 0 %, 5, 16
2026/09/25 13:12:51.869, 0, P1, 2610 MHz, 13365 MHz, 93.86 W, 600.00 W, 600.00 W, 64, 14740 MiB, 0 %, 5, 16
2026/09/25 13:12:52.120, 0, P1, 2610 MHz, 13365 MHz, 93.86 W, 600.00 W, 600.00 W, 64, 14740 MiB, 0 %, 5, 16
2026/09/25 13:12:52.370, 0, P1, 2610 MHz, 13365 MHz, 93.86 W, 600.00 W, 600.00 W, 64, 14740 MiB, 0 %, 5, 16
2026/09/25 13:12:52.621, 0, P1, 2610 MHz, 13365 MHz, 93.86 W, 600.00 W, 600.00 W, 64, 14740 MiB, 0 %, 5, 16
2026/09/25 13:12:52.871, 0, P1, 2610 MHz, 13365 MHz, 91.65 W, 600.00 W, 600.00 W, 63, 14740 MiB, 0 %, 5, 16
2026/09/25 13:12:53.121, 0, P1, 2610 MHz, 13365 MHz, 91.65 W, 600.00 W, 600.00 W, 63, 14740 MiB, 0 %, 5, 16
2026/09/25 13:12:53.372, 0, P1, 2610 MHz, 13365 MHz, 91.65 W, 600.00 W, 600.00 W, 63, 14740 MiB, 0 %, 5, 16
2026/09/25 13:12:53.622, 0, P1, 2610 MHz, 13365 MHz, 91.65 W, 600.00 W, 600.00 W, 63, 14740 MiB, 0 %, 5, 16
2026/09/25 13:12:53.873, 0, P1, 2610 MHz, 13365 MHz, 91.03 W, 600.00 W, 600.00 W, 63, 14740 MiB, 0 %, 5, 16
2026/09/25 13:12:54.123, 0, P1, 2610 MHz, 13365 MHz, 91.03 W, 600.00 W, 600.00 W, 63, 14740 MiB, 0 %, 5, 16
2026/09/25 13:12:54.374, 0, P1, 2610 MHz, 13365 MHz, 91.03 W, 600.00 W, 600.00 W, 63, 14740 MiB, 0 %, 5, 16
2026/09/25 13:12:54.624, 0, P1, 2610 MHz, 13365 MHz, 91.03 W, 600.00 W, 600.00 W, 63, 14740 MiB, 0 %, 5, 16
2026/09/25 13:12:54.874, 0, P1, 2610 MHz, 13365 MHz, 90.83 W, 600.00 W, 600.00 W, 62, 14740 MiB, 0 %, 5, 16
2026/09/25 13:12:55.125, 0, P1, 2610 MHz, 13365 MHz, 90.83 W, 600.00 W, 600.00 W, 62, 14740 MiB, 0 %, 5, 16
2026/09/25 13:12:55.375, 0, P1, 2610 MHz, 13365 MHz, 90.83 W, 600.00 W, 600.00 W, 62, 14740 MiB, 0 %, 5, 16
2026/09/25 13:12:55.626, 0, P1, 2610 MHz, 13365 MHz, 90.83 W, 600.00 W, 600.00 W, 62, 14740 MiB, 0 %, 5, 16
2026/09/25 13:12:55.876, 0, P1, 2610 MHz, 13365 MHz, 90.10 W, 600.00 W, 600.00 W, 62, 14740 MiB, 0 %, 5, 16
2026/09/25 13:12:56.127, 0, P1, 2610 MHz, 13365 MHz, 90.10 W, 600.00 W, 600.00 W, 62, 14740 MiB, 0 %, 5, 16
2026/09/25 13:12:56.377, 0, P1, 2610 MHz, 13365 MHz, 90.10 W, 600.00 W, 600.00 W, 62, 14740 MiB, 0 %, 5, 16
2026/09/25 13:12:56.627, 0, P1, 2610 MHz, 13365 MHz, 90.10 W, 600.00 W, 600.00 W, 62, 14740 MiB, 0 %, 5, 16
2026/09/25 13:12:56.878, 0, P1, 2610 MHz, 13365 MHz, 88.69 W, 600.00 W, 600.00 W, 61, 14740 MiB, 0 %, 5, 16
2026/09/25 13:12:57.128, 0, P1, 2610 MHz, 13365 MHz, 88.69 W, 600.00 W, 600.00 W, 61, 14740 MiB, 0 %, 5, 16
2026/09/25 13:12:57.379, 0, P1, 2610 MHz, 13365 MHz, 88.85 W, 600.00 W, 600.00 W, 61, 14740 MiB, 0 %, 5, 16
2026/09/25 13:12:57.630, 0, P1, 2610 MHz, 13365 MHz, 88.85 W, 600.00 W, 600.00 W, 61, 14740 MiB, 0 %, 5, 16
2026/09/25 13:12:57.881, 0, P1, 2610 MHz, 13365 MHz, 89.06 W, 600.00 W, 600.00 W, 61, 14740 MiB, 0 %, 5, 16
2026/09/25 13:12:58.132, 0, P1, 2610 MHz, 13365 MHz, 89.06 W, 600.00 W, 600.00 W, 61, 14740 MiB, 0 %, 5, 16
2026/09/25 13:12:58.382, 0, P1, 2610 MHz, 13365 MHz, 89.37 W, 600.00 W, 600.00 W, 61, 14740 MiB, 0 %, 5, 16
2026/09/25 13:12:58.633, 0, P1, 2610 MHz, 13365 MHz, 89.37 W, 600.00 W, 600.00 W, 61, 14740 MiB, 0 %, 5, 16
2026/09/25 13:12:58.884, 0, P1, 2610 MHz, 13365 MHz, 89.37 W, 600.00 W, 600.00 W, 61, 15892 MiB, 0 %, 5, 16
2026/09/25 13:12:59.134, 0, P1, 2610 MHz, 13365 MHz, 89.37 W, 600.00 W, 600.00 W, 61, 15892 MiB, 0 %, 5, 16
2026/09/25 13:12:59.385, 0, P1, 2670 MHz, 13365 MHz, 154.57 W, 600.00 W, 600.00 W, 67, 15892 MiB, 100 %, 5, 16
2026/09/25 13:12:59.636, 0, P1, 2670 MHz, 13365 MHz, 154.57 W, 600.00 W, 600.00 W, 67, 15892 MiB, 100 %, 5, 16
2026/09/25 13:12:59.887, 0, P1, 2820 MHz, 13365 MHz, 239.12 W, 600.00 W, 600.00 W, 68, 15892 MiB, 100 %, 5, 16
2026/09/25 13:13:00.138, 0, P1, 2820 MHz, 13365 MHz, 239.12 W, 600.00 W, 600.00 W, 68, 15892 MiB, 100 %, 5, 16
2026/09/25 13:13:00.389, 0, P1, 2820 MHz, 13365 MHz, 463.46 W, 600.00 W, 600.00 W, 69, 15892 MiB, 100 %, 5, 16
2026/09/25 13:13:00.640, 0, P1, 2820 MHz, 13365 MHz, 463.46 W, 600.00 W, 600.00 W, 69, 15892 MiB, 100 %, 5, 16
2026/09/25 13:13:00.890, 0, P1, 2835 MHz, 13365 MHz, 480.03 W, 600.00 W, 600.00 W, 70, 16212 MiB, 100 %, 5, 16
2026/09/25 13:13:01.141, 0, P1, 2835 MHz, 13365 MHz, 480.03 W, 600.00 W, 600.00 W, 70, 16212 MiB, 100 %, 5, 16
2026/09/25 13:13:01.392, 0, P1, 2827 MHz, 13365 MHz, 482.07 W, 600.00 W, 600.00 W, 70, 16660 MiB, 100 %, 5, 16
2026/09/25 13:13:01.643, 0, P1, 2827 MHz, 13365 MHz, 482.07 W, 600.00 W, 600.00 W, 70, 16660 MiB, 100 %, 5, 16
2026/09/25 13:13:01.893, 0, P1, 2812 MHz, 13365 MHz, 462.42 W, 600.00 W, 600.00 W, 69, 16660 MiB, 100 %, 5, 16
2026/09/25 13:13:02.144, 0, P1, 2812 MHz, 13365 MHz, 462.42 W, 600.00 W, 600.00 W, 69, 16660 MiB, 100 %, 5, 16
2026/09/25 13:13:02.395, 0, P1, 2820 MHz, 13365 MHz, 454.20 W, 600.00 W, 600.00 W, 70, 16660 MiB, 100 %, 5, 16
2026/09/25 13:13:02.646, 0, P1, 2820 MHz, 13365 MHz, 454.20 W, 600.00 W, 600.00 W, 70, 16660 MiB, 100 %, 5, 16
2026/09/25 13:13:02.897, 0, P1, 2835 MHz, 13365 MHz, 477.92 W, 600.00 W, 600.00 W, 70, 16660 MiB, 100 %, 5, 16
2026/09/25 13:13:03.148, 0, P1, 2835 MHz, 13365 MHz, 477.92 W, 600.00 W, 600.00 W, 70, 16660 MiB, 100 %, 5, 16
2026/09/25 13:13:03.399, 0, P1, 2827 MHz, 13365 MHz, 486.55 W, 600.00 W, 600.00 W, 70, 16660 MiB, 100 %, 5, 16
2026/09/25 13:13:03.650, 0, P1, 2827 MHz, 13365 MHz, 486.55 W, 600.00 W, 600.00 W, 70, 16660 MiB, 100 %, 5, 16
2026/09/25 13:13:03.900, 0, P1, 2820 MHz, 13365 MHz, 472.62 W, 600.00 W, 600.00 W, 70, 16660 MiB, 100 %, 5, 16
2026/09/25 13:13:04.151, 0, P1, 2820 MHz, 13365 MHz, 472.62 W, 600.00 W, 600.00 W, 70, 16660 MiB, 100 %, 5, 16
2026/09/25 13:13:04.404, 0, P1, 2820 MHz, 13365 MHz, 464.20 W, 600.00 W, 600.00 W, 70, 16660 MiB, 100 %, 5, 16
2026/09/25 13:13:04.654, 0, P1, 2820 MHz, 13365 MHz, 464.20 W, 600.00 W, 600.00 W, 70, 16660 MiB, 100 %, 5, 16
2026/09/25 13:13:04.905, 0, P1, 2835 MHz, 13365 MHz, 477.68 W, 600.00 W, 600.00 W, 71, 16660 MiB, 100 %, 5, 16
2026/09/25 13:13:05.156, 0, P1, 2835 MHz, 13365 MHz, 477.68 W, 600.00 W, 600.00 W, 71, 16660 MiB, 100 %, 5, 16
2026/09/25 13:13:05.407, 0, P1, 2827 MHz, 13365 MHz, 486.18 W, 600.00 W, 600.00 W, 70, 17140 MiB, 100 %, 5, 16
2026/09/25 13:13:05.658, 0, P1, 2827 MHz, 13365 MHz, 486.18 W, 600.00 W, 600.00 W, 70, 17140 MiB, 100 %, 5, 16
2026/09/25 13:13:05.909, 0, P1, 2812 MHz, 13365 MHz, 452.25 W, 600.00 W, 600.00 W, 70, 17140 MiB, 100 %, 5, 16
2026/09/25 13:13:06.159, 0, P1, 2812 MHz, 13365 MHz, 452.25 W, 600.00 W, 600.00 W, 70, 17140 MiB, 100 %, 5, 16
2026/09/25 13:13:06.410, 0, P1, 2820 MHz, 13365 MHz, 442.89 W, 600.00 W, 600.00 W, 70, 17140 MiB, 100 %, 5, 16
2026/09/25 13:13:06.661, 0, P1, 2820 MHz, 13365 MHz, 442.89 W, 600.00 W, 600.00 W, 70, 17140 MiB, 100 %, 5, 16
2026/09/25 13:13:06.912, 0, P1, 2835 MHz, 13365 MHz, 474.93 W, 600.00 W, 600.00 W, 71, 17140 MiB, 100 %, 5, 16
2026/09/25 13:13:07.163, 0, P1, 2835 MHz, 13365 MHz, 474.93 W, 600.00 W, 600.00 W, 71, 17140 MiB, 100 %, 5, 16
2026/09/25 13:13:07.414, 0, P1, 2835 MHz, 13365 MHz, 486.09 W, 600.00 W, 600.00 W, 71, 17140 MiB, 100 %, 5, 16
2026/09/25 13:13:07.665, 0, P1, 2835 MHz, 13365 MHz, 486.09 W, 600.00 W, 600.00 W, 71, 17140 MiB, 100 %, 5, 16
2026/09/25 13:13:07.915, 0, P1, 2820 MHz, 13365 MHz, 475.25 W, 600.00 W, 600.00 W, 71, 17140 MiB, 100 %, 5, 16
2026/09/25 13:13:08.166, 0, P1, 2820 MHz, 13365 MHz, 475.25 W, 600.00 W, 600.00 W, 71, 17140 MiB, 100 %, 5, 16
2026/09/25 13:13:08.417, 0, P1, 2820 MHz, 13365 MHz, 461.27 W, 600.00 W, 600.00 W, 71, 17140 MiB, 100 %, 5, 16
2026/09/25 13:13:08.668, 0, P1, 2820 MHz, 13365 MHz, 461.27 W, 600.00 W, 600.00 W, 71, 17140 MiB, 100 %, 5, 16
2026/09/25 13:13:08.919, 0, P1, 2835 MHz, 13365 MHz, 478.59 W, 600.00 W, 600.00 W, 71, 17140 MiB, 100 %, 5, 16
2026/09/25 13:13:09.170, 0, P1, 2835 MHz, 13365 MHz, 488.42 W, 600.00 W, 600.00 W, 71, 17140 MiB, 100 %, 5, 16
2026/09/25 13:13:09.421, 0, P1, 2835 MHz, 13365 MHz, 488.42 W, 600.00 W, 600.00 W, 71, 17140 MiB, 100 %, 5, 16
2026/09/25 13:13:09.671, 0, P1, 2820 MHz, 13365 MHz, 469.55 W, 600.00 W, 600.00 W, 71, 17140 MiB, 100 %, 5, 16
2026/09/25 13:13:09.922, 0, P1, 2820 MHz, 13365 MHz, 469.55 W, 600.00 W, 600.00 W, 71, 17140 MiB, 100 %, 5, 16
2026/09/25 13:13:10.173, 0, P1, 2820 MHz, 13365 MHz, 455.66 W, 600.00 W, 600.00 W, 70, 17140 MiB, 100 %, 5, 16
2026/09/25 13:13:10.424, 0, P1, 2820 MHz, 13365 MHz, 455.66 W, 600.00 W, 600.00 W, 70, 17140 MiB, 100 %, 5, 16
2026/09/25 13:13:10.675, 0, P1, 2835 MHz, 13365 MHz, 476.17 W, 600.00 W, 600.00 W, 72, 17140 MiB, 100 %, 5, 16
2026/09/25 13:13:10.926, 0, P1, 2835 MHz, 13365 MHz, 476.17 W, 600.00 W, 600.00 W, 72, 17140 MiB, 100 %, 5, 16
2026/09/25 13:13:11.177, 0, P1, 2835 MHz, 13365 MHz, 491.06 W, 600.00 W, 600.00 W, 71, 17140 MiB, 95 %, 5, 16
2026/09/25 13:13:11.428, 0, P1, 2835 MHz, 13365 MHz, 491.06 W, 600.00 W, 600.00 W, 71, 17140 MiB, 95 %, 5, 16
2026/09/25 13:13:11.678, 0, P1, 2820 MHz, 13365 MHz, 480.74 W, 600.00 W, 600.00 W, 71, 17140 MiB, 100 %, 5, 16
2026/09/25 13:13:11.929, 0, P1, 2820 MHz, 13365 MHz, 480.74 W, 600.00 W, 600.00 W, 71, 17140 MiB, 100 %, 5, 16
2026/09/25 13:13:12.180, 0, P1, 2820 MHz, 13365 MHz, 461.97 W, 600.00 W, 600.00 W, 71, 17140 MiB, 100 %, 5, 16
2026/09/25 13:13:12.431, 0, P1, 2820 MHz, 13365 MHz, 461.97 W, 600.00 W, 600.00 W, 71, 17140 MiB, 100 %, 5, 16
2026/09/25 13:13:12.682, 0, P1, 2835 MHz, 13365 MHz, 477.83 W, 600.00 W, 600.00 W, 72, 17140 MiB, 100 %, 5, 16
2026/09/25 13:13:12.933, 0, P1, 2835 MHz, 13365 MHz, 477.83 W, 600.00 W, 600.00 W, 72, 17140 MiB, 100 %, 5, 16
2026/09/25 13:13:13.183, 0, P1, 2835 MHz, 13365 MHz, 490.24 W, 600.00 W, 600.00 W, 71, 17140 MiB, 95 %, 5, 16
2026/09/25 13:13:13.435, 0, P1, 2835 MHz, 13365 MHz, 490.24 W, 600.00 W, 600.00 W, 71, 17140 MiB, 95 %, 5, 16
2026/09/25 13:13:13.685, 0, P1, 2820 MHz, 13365 MHz, 472.35 W, 600.00 W, 600.00 W, 71, 17140 MiB, 99 %, 5, 16
2026/09/25 13:13:13.936, 0, P1, 2820 MHz, 13365 MHz, 472.35 W, 600.00 W, 600.00 W, 71, 17140 MiB, 99 %, 5, 16
2026/09/25 13:13:14.187, 0, P1, 2820 MHz, 13365 MHz, 454.27 W, 600.00 W, 600.00 W, 71, 17140 MiB, 100 %, 5, 16
2026/09/25 13:13:14.438, 0, P1, 2820 MHz, 13365 MHz, 454.27 W, 600.00 W, 600.00 W, 71, 17140 MiB, 100 %, 5, 16
2026/09/25 13:13:14.688, 0, P1, 2835 MHz, 13365 MHz, 475.31 W, 600.00 W, 600.00 W, 72, 17140 MiB, 100 %, 5, 16
2026/09/25 13:13:14.939, 0, P1, 2835 MHz, 13365 MHz, 475.31 W, 600.00 W, 600.00 W, 72, 17140 MiB, 100 %, 5, 16
2026/09/25 13:13:15.190, 0, P1, 2835 MHz, 13365 MHz, 491.70 W, 600.00 W, 600.00 W, 72, 17140 MiB, 100 %, 5, 16
2026/09/25 13:13:15.441, 0, P1, 2835 MHz, 13365 MHz, 491.70 W, 600.00 W, 600.00 W, 72, 17140 MiB, 100 %, 5, 16
2026/09/25 13:13:15.691, 0, P1, 2820 MHz, 13365 MHz, 483.00 W, 600.00 W, 600.00 W, 72, 17140 MiB, 100 %, 5, 16
2026/09/25 13:13:15.942, 0, P1, 2820 MHz, 13365 MHz, 483.00 W, 600.00 W, 600.00 W, 72, 17140 MiB, 100 %, 5, 16
2026/09/25 13:13:16.193, 0, P1, 2820 MHz, 13365 MHz, 464.35 W, 600.00 W, 600.00 W, 71, 17140 MiB, 100 %, 5, 16
2026/09/25 13:13:16.444, 0, P1, 2820 MHz, 13365 MHz, 464.35 W, 600.00 W, 600.00 W, 71, 17140 MiB, 100 %, 5, 16
2026/09/25 13:13:16.695, 0, P1, 2835 MHz, 13365 MHz, 476.91 W, 600.00 W, 600.00 W, 72, 17140 MiB, 100 %, 5, 16
2026/09/25 13:13:16.946, 0, P1, 2835 MHz, 13365 MHz, 476.91 W, 600.00 W, 600.00 W, 72, 17140 MiB, 100 %, 5, 16
2026/09/25 13:13:17.197, 0, P1, 2835 MHz, 13365 MHz, 493.55 W, 600.00 W, 600.00 W, 72, 17140 MiB, 95 %, 5, 16
2026/09/25 13:13:17.448, 0, P1, 2835 MHz, 13365 MHz, 493.55 W, 600.00 W, 600.00 W, 72, 17140 MiB, 95 %, 5, 16
2026/09/25 13:13:17.699, 0, P1, 2820 MHz, 13365 MHz, 472.84 W, 600.00 W, 600.00 W, 72, 17140 MiB, 99 %, 5, 16
2026/09/25 13:13:17.950, 0, P1, 2820 MHz, 13365 MHz, 472.84 W, 600.00 W, 600.00 W, 72, 17140 MiB, 99 %, 5, 16
2026/09/25 13:13:18.201, 0, P1, 2820 MHz, 13365 MHz, 458.00 W, 600.00 W, 600.00 W, 72, 17140 MiB, 100 %, 5, 16
2026/09/25 13:13:18.451, 0, P1, 2820 MHz, 13365 MHz, 458.00 W, 600.00 W, 600.00 W, 72, 17140 MiB, 100 %, 5, 16
2026/09/25 13:13:18.702, 0, P1, 2827 MHz, 13365 MHz, 470.42 W, 600.00 W, 600.00 W, 72, 17140 MiB, 100 %, 5, 16
2026/09/25 13:13:18.953, 0, P1, 2827 MHz, 13365 MHz, 470.42 W, 600.00 W, 600.00 W, 72, 17140 MiB, 100 %, 5, 16
2026/09/25 13:13:19.204, 0, P1, 2835 MHz, 13365 MHz, 493.19 W, 600.00 W, 600.00 W, 73, 17140 MiB, 100 %, 5, 16
2026/09/25 13:13:19.455, 0, P1, 2835 MHz, 13365 MHz, 493.19 W, 600.00 W, 600.00 W, 73, 17140 MiB, 100 %, 5, 16
2026/09/25 13:13:19.706, 0, P1, 2820 MHz, 13365 MHz, 484.13 W, 600.00 W, 600.00 W, 72, 17140 MiB, 100 %, 5, 16
2026/09/25 13:13:19.957, 0, P1, 2820 MHz, 13365 MHz, 484.13 W, 600.00 W, 600.00 W, 72, 17140 MiB, 100 %, 5, 16
2026/09/25 13:13:20.208, 0, P1, 2820 MHz, 13365 MHz, 465.07 W, 600.00 W, 600.00 W, 72, 17140 MiB, 100 %, 5, 16
2026/09/25 13:13:20.459, 0, P1, 2820 MHz, 13365 MHz, 465.07 W, 600.00 W, 600.00 W, 72, 17140 MiB, 100 %, 5, 16
2026/09/25 13:13:20.710, 0, P1, 2827 MHz, 13365 MHz, 475.44 W, 600.00 W, 600.00 W, 73, 17140 MiB, 100 %, 5, 16
2026/09/25 13:13:20.961, 0, P1, 2827 MHz, 13365 MHz, 475.44 W, 600.00 W, 600.00 W, 73, 17140 MiB, 100 %, 5, 16
2026/09/25 13:13:21.211, 0, P1, 2835 MHz, 13365 MHz, 491.77 W, 600.00 W, 600.00 W, 73, 17140 MiB, 100 %, 5, 16
2026/09/25 13:13:21.462, 0, P1, 2835 MHz, 13365 MHz, 491.77 W, 600.00 W, 600.00 W, 73, 17140 MiB, 100 %, 5, 16
2026/09/25 13:13:21.713, 0, P1, 2820 MHz, 13365 MHz, 477.19 W, 600.00 W, 600.00 W, 72, 17140 MiB, 99 %, 5, 16
2026/09/25 13:13:21.964, 0, P1, 2820 MHz, 13365 MHz, 477.19 W, 600.00 W, 600.00 W, 72, 17140 MiB, 99 %, 5, 16
2026/09/25 13:13:22.214, 0, P1, 2820 MHz, 13365 MHz, 457.21 W, 600.00 W, 600.00 W, 72, 17140 MiB, 100 %, 5, 16
2026/09/25 13:13:22.465, 0, P1, 2820 MHz, 13365 MHz, 457.21 W, 600.00 W, 600.00 W, 72, 17140 MiB, 100 %, 5, 16
2026/09/25 13:13:22.716, 0, P1, 2827 MHz, 13365 MHz, 466.47 W, 600.00 W, 600.00 W, 73, 17140 MiB, 100 %, 5, 16
2026/09/25 13:13:22.967, 0, P1, 2827 MHz, 13365 MHz, 466.47 W, 600.00 W, 600.00 W, 73, 17140 MiB, 100 %, 5, 16
2026/09/25 13:13:23.218, 0, P1, 2835 MHz, 13365 MHz, 492.13 W, 600.00 W, 600.00 W, 73, 17140 MiB, 100 %, 5, 16
2026/09/25 13:13:23.469, 0, P1, 2835 MHz, 13365 MHz, 492.13 W, 600.00 W, 600.00 W, 73, 17140 MiB, 100 %, 5, 16
2026/09/25 13:13:23.720, 0, P1, 2827 MHz, 13365 MHz, 487.07 W, 600.00 W, 600.00 W, 72, 17140 MiB, 100 %, 5, 16
2026/09/25 13:13:23.971, 0, P1, 2827 MHz, 13365 MHz, 487.07 W, 600.00 W, 600.00 W, 72, 17140 MiB, 100 %, 5, 16
2026/09/25 13:13:24.222, 0, P1, 2820 MHz, 13365 MHz, 471.02 W, 600.00 W, 600.00 W, 72, 17140 MiB, 100 %, 5, 16
2026/09/25 13:13:24.472, 0, P1, 2820 MHz, 13365 MHz, 471.02 W, 600.00 W, 600.00 W, 72, 17140 MiB, 100 %, 5, 16
2026/09/25 13:13:24.723, 0, P1, 2827 MHz, 13365 MHz, 474.27 W, 600.00 W, 600.00 W, 73, 17140 MiB, 100 %, 5, 16
2026/09/25 13:13:24.974, 0, P1, 2827 MHz, 13365 MHz, 474.27 W, 600.00 W, 600.00 W, 73, 17140 MiB, 100 %, 5, 16
2026/09/25 13:13:25.225, 0, P1, 2835 MHz, 13365 MHz, 489.95 W, 600.00 W, 600.00 W, 73, 17140 MiB, 100 %, 5, 16
2026/09/25 13:13:25.476, 0, P1, 2835 MHz, 13365 MHz, 489.95 W, 600.00 W, 600.00 W, 73, 17140 MiB, 100 %, 5, 16
2026/09/25 13:13:25.727, 0, P1, 2820 MHz, 13365 MHz, 482.65 W, 600.00 W, 600.00 W, 73, 17140 MiB, 99 %, 5, 16
2026/09/25 13:13:25.977, 0, P1, 2820 MHz, 13365 MHz, 482.65 W, 600.00 W, 600.00 W, 73, 17140 MiB, 99 %, 5, 16
2026/09/25 13:13:26.228, 0, P1, 2820 MHz, 13365 MHz, 464.01 W, 600.00 W, 600.00 W, 73, 17140 MiB, 100 %, 5, 16
2026/09/25 13:13:26.479, 0, P1, 2820 MHz, 13365 MHz, 464.01 W, 600.00 W, 600.00 W, 73, 17140 MiB, 100 %, 5, 16
2026/09/25 13:13:26.730, 0, P1, 2820 MHz, 13365 MHz, 464.93 W, 600.00 W, 600.00 W, 73, 17140 MiB, 100 %, 5, 16
2026/09/25 13:13:26.981, 0, P1, 2820 MHz, 13365 MHz, 464.93 W, 600.00 W, 600.00 W, 73, 17140 MiB, 100 %, 5, 16
2026/09/25 13:13:27.232, 0, P1, 2835 MHz, 13365 MHz, 490.12 W, 600.00 W, 600.00 W, 73, 17140 MiB, 100 %, 5, 16
2026/09/25 13:13:27.483, 0, P1, 2835 MHz, 13365 MHz, 490.12 W, 600.00 W, 600.00 W, 73, 17140 MiB, 100 %, 5, 16
2026/09/25 13:13:27.734, 0, P1, 2812 MHz, 13365 MHz, 490.24 W, 600.00 W, 600.00 W, 73, 17140 MiB, 100 %, 5, 16
2026/09/25 13:13:27.985, 0, P1, 2812 MHz, 13365 MHz, 490.24 W, 600.00 W, 600.00 W, 73, 17140 MiB, 100 %, 5, 16
2026/09/25 13:13:28.236, 0, P1, 2812 MHz, 13365 MHz, 474.41 W, 600.00 W, 600.00 W, 73, 17140 MiB, 100 %, 5, 16
2026/09/25 13:13:28.486, 0, P1, 2812 MHz, 13365 MHz, 474.41 W, 600.00 W, 600.00 W, 73, 17140 MiB, 100 %, 5, 16
2026/09/25 13:13:28.737, 0, P1, 2812 MHz, 13365 MHz, 474.83 W, 600.00 W, 600.00 W, 73, 17140 MiB, 100 %, 5, 16
2026/09/25 13:13:28.988, 0, P1, 2812 MHz, 13365 MHz, 474.83 W, 600.00 W, 600.00 W, 73, 17140 MiB, 100 %, 5, 16
2026/09/25 13:13:29.239, 0, P1, 2820 MHz, 13365 MHz, 488.96 W, 600.00 W, 600.00 W, 74, 17140 MiB, 100 %, 5, 16
2026/09/25 13:13:29.490, 0, P1, 2820 MHz, 13365 MHz, 488.96 W, 600.00 W, 600.00 W, 74, 17140 MiB, 100 %, 5, 16
2026/09/25 13:13:29.741, 0, P1, 2820 MHz, 13365 MHz, 489.59 W, 600.00 W, 600.00 W, 73, 17140 MiB, 99 %, 5, 16
2026/09/25 13:13:29.991, 0, P1, 2820 MHz, 13365 MHz, 489.59 W, 600.00 W, 600.00 W, 73, 17140 MiB, 99 %, 5, 16
2026/09/25 13:13:30.242, 0, P1, 2805 MHz, 13365 MHz, 463.59 W, 600.00 W, 600.00 W, 73, 17140 MiB, 100 %, 5, 16
2026/09/25 13:13:30.493, 0, P1, 2805 MHz, 13365 MHz, 463.59 W, 600.00 W, 600.00 W, 73, 17140 MiB, 100 %, 5, 16
2026/09/25 13:13:30.744, 0, P1, 2812 MHz, 13365 MHz, 463.19 W, 600.00 W, 600.00 W, 74, 17140 MiB, 100 %, 5, 16
2026/09/25 13:13:30.995, 0, P1, 2812 MHz, 13365 MHz, 463.19 W, 600.00 W, 600.00 W, 74, 17140 MiB, 100 %, 5, 16
2026/09/25 13:13:31.245, 0, P1, 2820 MHz, 13365 MHz, 485.94 W, 600.00 W, 600.00 W, 74, 17140 MiB, 100 %, 5, 16
2026/09/25 13:13:31.496, 0, P1, 2820 MHz, 13365 MHz, 485.94 W, 600.00 W, 600.00 W, 74, 17140 MiB, 100 %, 5, 16
2026/09/25 13:13:31.747, 0, P1, 2820 MHz, 13365 MHz, 491.20 W, 600.00 W, 600.00 W, 73, 17140 MiB, 100 %, 5, 16
2026/09/25 13:13:31.998, 0, P1, 2820 MHz, 13365 MHz, 491.20 W, 600.00 W, 600.00 W, 73, 17140 MiB, 100 %, 5, 16
2026/09/25 13:13:32.249, 0, P1, 2805 MHz, 13365 MHz, 467.18 W, 600.00 W, 600.00 W, 73, 17140 MiB, 100 %, 5, 16
2026/09/25 13:13:32.500, 0, P1, 2805 MHz, 13365 MHz, 467.18 W, 600.00 W, 600.00 W, 73, 17140 MiB, 100 %, 5, 16
2026/09/25 13:13:32.750, 0, P1, 2812 MHz, 13365 MHz, 462.37 W, 600.00 W, 600.00 W, 74, 17140 MiB, 100 %, 5, 16
2026/09/25 13:13:33.001, 0, P1, 2812 MHz, 13365 MHz, 462.37 W, 600.00 W, 600.00 W, 74, 17140 MiB, 100 %, 5, 16
2026/09/25 13:13:33.252, 0, P1, 2812 MHz, 13365 MHz, 482.84 W, 600.00 W, 600.00 W, 74, 17140 MiB, 100 %, 5, 16
2026/09/25 13:13:33.503, 0, P1, 2812 MHz, 13365 MHz, 482.84 W, 600.00 W, 600.00 W, 74, 17140 MiB, 100 %, 5, 16
2026/09/25 13:13:33.753, 0, P1, 2820 MHz, 13365 MHz, 493.70 W, 600.00 W, 600.00 W, 74, 17140 MiB, 100 %, 5, 16
2026/09/25 13:13:34.004, 0, P1, 2820 MHz, 13365 MHz, 493.70 W, 600.00 W, 600.00 W, 74, 17140 MiB, 100 %, 5, 16
2026/09/25 13:13:34.255, 0, P1, 2812 MHz, 13365 MHz, 481.01 W, 600.00 W, 600.00 W, 73, 17140 MiB, 100 %, 5, 16
2026/09/25 13:13:34.506, 0, P1, 2812 MHz, 13365 MHz, 481.01 W, 600.00 W, 600.00 W, 73, 17140 MiB, 100 %, 5, 16
2026/09/25 13:13:34.757, 0, P1, 2812 MHz, 13365 MHz, 472.25 W, 600.00 W, 600.00 W, 74, 17140 MiB, 100 %, 5, 16
2026/09/25 13:13:35.008, 0, P1, 2812 MHz, 13365 MHz, 472.25 W, 600.00 W, 600.00 W, 74, 17140 MiB, 100 %, 5, 16
2026/09/25 13:13:35.259, 0, P1, 2820 MHz, 13365 MHz, 485.01 W, 600.00 W, 600.00 W, 74, 17140 MiB, 100 %, 5, 16
2026/09/25 13:13:35.510, 0, P1, 2820 MHz, 13365 MHz, 485.01 W, 600.00 W, 600.00 W, 74, 17140 MiB, 100 %, 5, 16
2026/09/25 13:13:35.760, 0, P1, 2820 MHz, 13365 MHz, 494.28 W, 600.00 W, 600.00 W, 74, 17140 MiB, 100 %, 5, 16
2026/09/25 13:13:36.011, 0, P1, 2820 MHz, 13365 MHz, 494.28 W, 600.00 W, 600.00 W, 74, 17140 MiB, 100 %, 5, 16
2026/09/25 13:13:36.262, 0, P1, 2805 MHz, 13365 MHz, 470.25 W, 600.00 W, 600.00 W, 73, 17140 MiB, 100 %, 5, 16
2026/09/25 13:13:36.513, 0, P1, 2805 MHz, 13365 MHz, 470.25 W, 600.00 W, 600.00 W, 73, 17140 MiB, 100 %, 5, 16
2026/09/25 13:13:36.764, 0, P1, 2812 MHz, 13365 MHz, 460.17 W, 600.00 W, 600.00 W, 74, 17140 MiB, 100 %, 5, 16
2026/09/25 13:13:37.015, 0, P1, 2812 MHz, 13365 MHz, 460.17 W, 600.00 W, 600.00 W, 74, 17140 MiB, 100 %, 5, 16
2026/09/25 13:13:37.266, 0, P1, 2820 MHz, 13365 MHz, 483.43 W, 600.00 W, 600.00 W, 74, 17140 MiB, 100 %, 5, 16
2026/09/25 13:13:37.517, 0, P1, 2820 MHz, 13365 MHz, 483.43 W, 600.00 W, 600.00 W, 74, 17140 MiB, 100 %, 5, 16
2026/09/25 13:13:37.767, 0, P1, 2820 MHz, 13365 MHz, 492.98 W, 600.00 W, 600.00 W, 74, 17140 MiB, 100 %, 5, 16
2026/09/25 13:13:38.018, 0, P1, 2820 MHz, 13365 MHz, 492.98 W, 600.00 W, 600.00 W, 74, 17140 MiB, 100 %, 5, 16
2026/09/25 13:13:38.269, 0, P1, 2812 MHz, 13365 MHz, 483.95 W, 600.00 W, 600.00 W, 74, 17140 MiB, 100 %, 5, 16
2026/09/25 13:13:38.520, 0, P1, 2812 MHz, 13365 MHz, 483.95 W, 600.00 W, 600.00 W, 74, 17140 MiB, 100 %, 5, 16
2026/09/25 13:13:38.771, 0, P1, 2812 MHz, 13365 MHz, 471.78 W, 600.00 W, 600.00 W, 74, 17140 MiB, 100 %, 5, 16
2026/09/25 13:13:39.022, 0, P1, 2812 MHz, 13365 MHz, 471.78 W, 600.00 W, 600.00 W, 74, 17140 MiB, 100 %, 5, 16
2026/09/25 13:13:39.273, 0, P1, 2820 MHz, 13365 MHz, 483.26 W, 600.00 W, 600.00 W, 74, 17140 MiB, 100 %, 5, 16
2026/09/25 13:13:39.524, 0, P1, 2820 MHz, 13365 MHz, 483.26 W, 600.00 W, 600.00 W, 74, 17140 MiB, 100 %, 5, 16
2026/09/25 13:13:39.774, 0, P1, 2820 MHz, 13365 MHz, 493.57 W, 600.00 W, 600.00 W, 74, 17140 MiB, 100 %, 5, 16
2026/09/25 13:13:40.025, 0, P1, 2820 MHz, 13365 MHz, 493.57 W, 600.00 W, 600.00 W, 74, 17140 MiB, 100 %, 5, 16
2026/09/25 13:13:40.276, 0, P1, 2805 MHz, 13365 MHz, 476.71 W, 600.00 W, 600.00 W, 74, 17140 MiB, 100 %, 5, 16
2026/09/25 13:13:40.527, 0, P1, 2805 MHz, 13365 MHz, 476.71 W, 600.00 W, 600.00 W, 74, 17140 MiB, 100 %, 5, 16
2026/09/25 13:13:40.778, 0, P1, 2812 MHz, 13365 MHz, 465.76 W, 600.00 W, 600.00 W, 74, 17140 MiB, 100 %, 5, 16
2026/09/25 13:13:41.028, 0, P1, 2812 MHz, 13365 MHz, 465.76 W, 600.00 W, 600.00 W, 74, 17140 MiB, 100 %, 5, 16
2026/09/25 13:13:41.279, 0, P1, 2820 MHz, 13365 MHz, 483.68 W, 600.00 W, 600.00 W, 75, 17140 MiB, 100 %, 5, 16
2026/09/25 13:13:41.530, 0, P1, 2820 MHz, 13365 MHz, 483.68 W, 600.00 W, 600.00 W, 75, 17140 MiB, 100 %, 5, 16
2026/09/25 13:13:41.781, 0, P1, 2820 MHz, 13365 MHz, 493.48 W, 600.00 W, 600.00 W, 74, 17140 MiB, 100 %, 5, 16
2026/09/25 13:13:42.032, 0, P1, 2820 MHz, 13365 MHz, 493.48 W, 600.00 W, 600.00 W, 74, 17140 MiB, 100 %, 5, 16
2026/09/25 13:13:42.283, 0, P1, 2812 MHz, 13365 MHz, 484.70 W, 600.00 W, 600.00 W, 74, 17140 MiB, 100 %, 5, 16
2026/09/25 13:13:42.533, 0, P1, 2812 MHz, 13365 MHz, 484.70 W, 600.00 W, 600.00 W, 74, 17140 MiB, 100 %, 5, 16
2026/09/25 13:13:42.784, 0, P1, 2805 MHz, 13365 MHz, 469.30 W, 600.00 W, 600.00 W, 74, 17140 MiB, 100 %, 5, 16
2026/09/25 13:13:43.035, 0, P1, 2805 MHz, 13365 MHz, 469.30 W, 600.00 W, 600.00 W, 74, 17140 MiB, 100 %, 5, 16
2026/09/25 13:13:43.286, 0, P1, 2820 MHz, 13365 MHz, 484.66 W, 600.00 W, 600.00 W, 75, 17140 MiB, 100 %, 5, 16
2026/09/25 13:13:43.537, 0, P1, 2820 MHz, 13365 MHz, 484.66 W, 600.00 W, 600.00 W, 75, 17140 MiB, 100 %, 5, 16
2026/09/25 13:13:43.788, 0, P1, 2820 MHz, 13365 MHz, 495.29 W, 600.00 W, 600.00 W, 74, 17140 MiB, 99 %, 5, 16
2026/09/25 13:13:44.038, 0, P1, 2820 MHz, 13365 MHz, 495.29 W, 600.00 W, 600.00 W, 74, 17140 MiB, 99 %, 5, 16
2026/09/25 13:13:44.289, 0, P1, 2805 MHz, 13365 MHz, 477.36 W, 600.00 W, 600.00 W, 74, 17140 MiB, 100 %, 5, 16
2026/09/25 13:13:44.540, 0, P1, 2805 MHz, 13365 MHz, 477.36 W, 600.00 W, 600.00 W, 74, 17140 MiB, 100 %, 5, 16
2026/09/25 13:13:44.791, 0, P1, 2812 MHz, 13365 MHz, 466.61 W, 600.00 W, 600.00 W, 74, 17140 MiB, 100 %, 5, 16
2026/09/25 13:13:45.042, 0, P1, 2812 MHz, 13365 MHz, 466.61 W, 600.00 W, 600.00 W, 74, 17140 MiB, 100 %, 5, 16
2026/09/25 13:13:45.293, 0, P1, 2820 MHz, 13365 MHz, 483.92 W, 600.00 W, 600.00 W, 75, 17140 MiB, 100 %, 5, 16
2026/09/25 13:13:45.544, 0, P1, 2820 MHz, 13365 MHz, 483.92 W, 600.00 W, 600.00 W, 75, 17140 MiB, 100 %, 5, 16
2026/09/25 13:13:45.794, 0, P1, 2820 MHz, 13365 MHz, 494.27 W, 600.00 W, 600.00 W, 74, 17140 MiB, 100 %, 5, 16
2026/09/25 13:13:46.045, 0, P1, 2820 MHz, 13365 MHz, 494.27 W, 600.00 W, 600.00 W, 74, 17140 MiB, 100 %, 5, 16
2026/09/25 13:13:46.296, 0, P1, 2812 MHz, 13365 MHz, 482.63 W, 600.00 W, 600.00 W, 74, 17140 MiB, 100 %, 5, 16
2026/09/25 13:13:46.547, 0, P1, 2812 MHz, 13365 MHz, 482.63 W, 600.00 W, 600.00 W, 74, 17140 MiB, 100 %, 5, 16
2026/09/25 13:13:46.797, 0, P1, 2812 MHz, 13365 MHz, 472.33 W, 600.00 W, 600.00 W, 75, 17140 MiB, 100 %, 5, 16
2026/09/25 13:13:47.048, 0, P1, 2812 MHz, 13365 MHz, 472.33 W, 600.00 W, 600.00 W, 75, 17140 MiB, 100 %, 5, 16
2026/09/25 13:13:47.299, 0, P1, 2812 MHz, 13365 MHz, 486.35 W, 600.00 W, 600.00 W, 75, 17140 MiB, 100 %, 5, 16
2026/09/25 13:13:47.550, 0, P1, 2812 MHz, 13365 MHz, 486.35 W, 600.00 W, 600.00 W, 75, 17140 MiB, 100 %, 5, 16
2026/09/25 13:13:47.801, 0, P1, 2820 MHz, 13365 MHz, 496.03 W, 600.00 W, 600.00 W, 74, 17140 MiB, 100 %, 5, 16
2026/09/25 13:13:48.052, 0, P1, 2820 MHz, 13365 MHz, 496.03 W, 600.00 W, 600.00 W, 74, 17140 MiB, 100 %, 5, 16
2026/09/25 13:13:48.304, 0, P1, 2805 MHz, 13365 MHz, 476.78 W, 600.00 W, 600.00 W, 74, 17140 MiB, 100 %, 5, 16
2026/09/25 13:13:48.555, 0, P1, 2805 MHz, 13365 MHz, 476.78 W, 600.00 W, 600.00 W, 74, 17140 MiB, 100 %, 5, 16
2026/09/25 13:13:48.805, 0, P1, 2812 MHz, 13365 MHz, 462.31 W, 600.00 W, 600.00 W, 74, 17140 MiB, 100 %, 5, 16
2026/09/25 13:13:49.057, 0, P1, 2812 MHz, 13365 MHz, 462.31 W, 600.00 W, 600.00 W, 74, 17140 MiB, 100 %, 5, 16
2026/09/25 13:13:49.307, 0, P1, 2820 MHz, 13365 MHz, 483.11 W, 600.00 W, 600.00 W, 75, 17140 MiB, 100 %, 5, 16
2026/09/25 13:13:49.558, 0, P1, 2820 MHz, 13365 MHz, 483.11 W, 600.00 W, 600.00 W, 75, 17140 MiB, 100 %, 5, 16
2026/09/25 13:13:49.809, 0, P1, 2820 MHz, 13365 MHz, 498.57 W, 600.00 W, 600.00 W, 75, 17140 MiB, 95 %, 5, 16
2026/09/25 13:13:50.060, 0, P1, 2820 MHz, 13365 MHz, 498.57 W, 600.00 W, 600.00 W, 75, 17140 MiB, 95 %, 5, 16
2026/09/25 13:13:50.311, 0, P1, 2812 MHz, 13365 MHz, 488.01 W, 600.00 W, 600.00 W, 74, 17140 MiB, 100 %, 5, 16
2026/09/25 13:13:50.562, 0, P1, 2812 MHz, 13365 MHz, 488.01 W, 600.00 W, 600.00 W, 74, 17140 MiB, 100 %, 5, 16
2026/09/25 13:13:50.813, 0, P1, 2812 MHz, 13365 MHz, 469.02 W, 600.00 W, 600.00 W, 74, 17140 MiB, 100 %, 5, 16
2026/09/25 13:13:51.064, 0, P1, 2812 MHz, 13365 MHz, 469.02 W, 600.00 W, 600.00 W, 74, 17140 MiB, 100 %, 5, 16
2026/09/25 13:13:51.314, 0, P1, 2820 MHz, 13365 MHz, 485.39 W, 600.00 W, 600.00 W, 75, 17140 MiB, 100 %, 5, 16
2026/09/25 13:13:51.565, 0, P1, 2820 MHz, 13365 MHz, 485.39 W, 600.00 W, 600.00 W, 75, 17140 MiB, 100 %, 5, 16
2026/09/25 13:13:51.816, 0, P1, 2820 MHz, 13365 MHz, 497.57 W, 600.00 W, 600.00 W, 75, 17140 MiB, 95 %, 5, 16
2026/09/25 13:13:52.067, 0, P1, 2820 MHz, 13365 MHz, 497.57 W, 600.00 W, 600.00 W, 75, 17140 MiB, 95 %, 5, 16
2026/09/25 13:13:52.318, 0, P1, 2812 MHz, 13365 MHz, 479.35 W, 600.00 W, 600.00 W, 74, 17140 MiB, 99 %, 5, 16
2026/09/25 13:13:52.569, 0, P1, 2812 MHz, 13365 MHz, 479.35 W, 600.00 W, 600.00 W, 74, 17140 MiB, 99 %, 5, 16
2026/09/25 13:13:52.819, 0, P1, 2812 MHz, 13365 MHz, 461.21 W, 600.00 W, 600.00 W, 74, 17140 MiB, 100 %, 5, 16
2026/09/25 13:13:53.070, 0, P1, 2812 MHz, 13365 MHz, 461.21 W, 600.00 W, 600.00 W, 74, 17140 MiB, 100 %, 5, 16
2026/09/25 13:13:53.322, 0, P1, 2820 MHz, 13365 MHz, 481.33 W, 600.00 W, 600.00 W, 75, 17140 MiB, 100 %, 5, 16
2026/09/25 13:13:53.573, 0, P1, 2820 MHz, 13365 MHz, 481.33 W, 600.00 W, 600.00 W, 75, 17140 MiB, 100 %, 5, 16
2026/09/25 13:13:53.824, 0, P1, 2820 MHz, 13365 MHz, 501.31 W, 600.00 W, 600.00 W, 75, 17140 MiB, 100 %, 5, 16
2026/09/25 13:13:54.075, 0, P1, 2820 MHz, 13365 MHz, 501.31 W, 600.00 W, 600.00 W, 75, 17140 MiB, 100 %, 5, 16
2026/09/25 13:13:54.325, 0, P1, 2812 MHz, 13365 MHz, 489.60 W, 600.00 W, 600.00 W, 75, 17140 MiB, 100 %, 5, 16
2026/09/25 13:13:54.576, 0, P1, 2812 MHz, 13365 MHz, 489.60 W, 600.00 W, 600.00 W, 75, 17140 MiB, 100 %, 5, 16
2026/09/25 13:13:54.827, 0, P1, 2812 MHz, 13365 MHz, 467.46 W, 600.00 W, 600.00 W, 74, 17140 MiB, 100 %, 5, 16
2026/09/25 13:13:55.078, 0, P1, 2812 MHz, 13365 MHz, 467.46 W, 600.00 W, 600.00 W, 74, 17140 MiB, 100 %, 5, 16
2026/09/25 13:13:55.329, 0, P1, 2820 MHz, 13365 MHz, 482.00 W, 600.00 W, 600.00 W, 75, 17140 MiB, 100 %, 5, 16
2026/09/25 13:13:55.580, 0, P1, 2820 MHz, 13365 MHz, 482.00 W, 600.00 W, 600.00 W, 75, 17140 MiB, 100 %, 5, 16
2026/09/25 13:13:55.831, 0, P1, 2820 MHz, 13365 MHz, 496.55 W, 600.00 W, 600.00 W, 75, 17140 MiB, 95 %, 5, 16
2026/09/25 13:13:56.082, 0, P1, 2820 MHz, 13365 MHz, 496.55 W, 600.00 W, 600.00 W, 75, 17140 MiB, 95 %, 5, 16
2026/09/25 13:13:56.333, 0, P1, 2812 MHz, 13365 MHz, 478.76 W, 600.00 W, 600.00 W, 75, 17140 MiB, 98 %, 5, 16
2026/09/25 13:13:56.583, 0, P1, 2812 MHz, 13365 MHz, 478.76 W, 600.00 W, 600.00 W, 75, 17140 MiB, 98 %, 5, 16
2026/09/25 13:13:56.834, 0, P1, 2812 MHz, 13365 MHz, 462.39 W, 600.00 W, 600.00 W, 75, 17140 MiB, 100 %, 5, 16
2026/09/25 13:13:57.085, 0, P1, 2812 MHz, 13365 MHz, 462.39 W, 600.00 W, 600.00 W, 75, 17140 MiB, 100 %, 5, 16
2026/09/25 13:13:57.336, 0, P1, 2820 MHz, 13365 MHz, 474.61 W, 600.00 W, 600.00 W, 75, 17140 MiB, 100 %, 5, 16
2026/09/25 13:13:57.587, 0, P1, 2820 MHz, 13365 MHz, 474.61 W, 600.00 W, 600.00 W, 75, 17140 MiB, 100 %, 5, 16
2026/09/25 13:13:57.838, 0, P1, 2820 MHz, 13365 MHz, 495.22 W, 600.00 W, 600.00 W, 75, 17140 MiB, 100 %, 5, 16
2026/09/25 13:13:58.089, 0, P1, 2820 MHz, 13365 MHz, 495.22 W, 600.00 W, 600.00 W, 75, 17140 MiB, 100 %, 5, 16
2026/09/25 13:13:58.340, 0, P1, 2812 MHz, 13365 MHz, 491.40 W, 600.00 W, 600.00 W, 75, 17140 MiB, 100 %, 5, 16
2026/09/25 13:13:58.591, 0, P1, 2812 MHz, 13365 MHz, 491.40 W, 600.00 W, 600.00 W, 75, 17140 MiB, 100 %, 5, 16
2026/09/25 13:13:58.841, 0, P1, 2812 MHz, 13365 MHz, 474.14 W, 600.00 W, 600.00 W, 74, 17140 MiB, 100 %, 5, 16
2026/09/25 13:13:59.092, 0, P1, 2812 MHz, 13365 MHz, 474.14 W, 600.00 W, 600.00 W, 74, 17140 MiB, 100 %, 5, 16
2026/09/25 13:13:59.343, 0, P1, 2820 MHz, 13365 MHz, 481.80 W, 600.00 W, 600.00 W, 76, 17140 MiB, 100 %, 5, 16
2026/09/25 13:13:59.594, 0, P1, 2820 MHz, 13365 MHz, 481.80 W, 600.00 W, 600.00 W, 76, 17140 MiB, 100 %, 5, 16
2026/09/25 13:13:59.845, 0, P1, 2820 MHz, 13365 MHz, 501.27 W, 600.00 W, 600.00 W, 76, 17140 MiB, 100 %, 5, 16
2026/09/25 13:14:00.096, 0, P1, 2820 MHz, 13365 MHz, 501.27 W, 600.00 W, 600.00 W, 76, 17140 MiB, 100 %, 5, 16
2026/09/25 13:14:00.346, 0, P1, 2812 MHz, 13365 MHz, 483.74 W, 600.00 W, 600.00 W, 75, 17140 MiB, 99 %, 5, 16
2026/09/25 13:14:00.597, 0, P1, 2812 MHz, 13365 MHz, 483.74 W, 600.00 W, 600.00 W, 75, 17140 MiB, 99 %, 5, 16
2026/09/25 13:14:00.848, 0, P1, 2812 MHz, 13365 MHz, 467.36 W, 600.00 W, 600.00 W, 75, 17140 MiB, 100 %, 5, 16
2026/09/25 13:14:01.099, 0, P1, 2812 MHz, 13365 MHz, 467.36 W, 600.00 W, 600.00 W, 75, 17140 MiB, 100 %, 5, 16
2026/09/25 13:14:01.350, 0, P1, 2812 MHz, 13365 MHz, 471.80 W, 600.00 W, 600.00 W, 76, 17140 MiB, 100 %, 5, 16
2026/09/25 13:14:01.601, 0, P1, 2812 MHz, 13365 MHz, 471.80 W, 600.00 W, 600.00 W, 76, 17140 MiB, 100 %, 5, 16
2026/09/25 13:14:01.852, 0, P1, 2820 MHz, 13365 MHz, 497.73 W, 600.00 W, 600.00 W, 76, 17140 MiB, 100 %, 5, 16
2026/09/25 13:14:02.102, 0, P1, 2820 MHz, 13365 MHz, 497.73 W, 600.00 W, 600.00 W, 76, 17140 MiB, 100 %, 5, 16
2026/09/25 13:14:02.353, 0, P1, 2812 MHz, 13365 MHz, 493.04 W, 600.00 W, 600.00 W, 75, 17140 MiB, 100 %, 5, 16
2026/09/25 13:14:02.604, 0, P1, 2812 MHz, 13365 MHz, 493.04 W, 600.00 W, 600.00 W, 75, 17140 MiB, 100 %, 5, 16
2026/09/25 13:14:02.855, 0, P1, 2812 MHz, 13365 MHz, 474.21 W, 600.00 W, 600.00 W, 75, 17140 MiB, 100 %, 5, 16
2026/09/25 13:14:03.106, 0, P1, 2812 MHz, 13365 MHz, 474.21 W, 600.00 W, 600.00 W, 75, 17140 MiB, 100 %, 5, 16
2026/09/25 13:14:03.357, 0, P1, 2820 MHz, 13365 MHz, 480.17 W, 600.00 W, 600.00 W, 76, 17140 MiB, 100 %, 5, 16
2026/09/25 13:14:03.608, 0, P1, 2820 MHz, 13365 MHz, 480.17 W, 600.00 W, 600.00 W, 76, 17140 MiB, 100 %, 5, 16
2026/09/25 13:14:03.859, 0, P1, 2820 MHz, 13365 MHz, 498.93 W, 600.00 W, 600.00 W, 76, 17140 MiB, 100 %, 5, 16
2026/09/25 13:14:04.109, 0, P1, 2820 MHz, 13365 MHz, 498.93 W, 600.00 W, 600.00 W, 76, 2 MiB, 100 %, 5, 16
2026/09/25 13:14:04.360, 0, P0, 2835 MHz, 14001 MHz, 370.62 W, 600.00 W, 600.00 W, 69, 2 MiB, 0 %, 5, 16
2026/09/25 13:14:04.611, 0, P0, 2835 MHz, 14001 MHz, 370.62 W, 600.00 W, 600.00 W, 69, 2 MiB, 0 %, 5, 16
2026/09/25 13:14:04.861, 0, P0, 2842 MHz, 14001 MHz, 162.35 W, 600.00 W, 600.00 W, 68, 2 MiB, 0 %, 5, 16
2026/09/25 13:14:05.111, 0, P0, 2842 MHz, 14001 MHz, 162.35 W, 600.00 W, 600.00 W, 68, 596 MiB, 0 %, 5, 16
2026/09/25 13:14:05.362, 0, P1, 2842 MHz, 14001 MHz, 120.54 W, 600.00 W, 600.00 W, 67, 1908 MiB, 0 %, 5, 16
2026/09/25 13:14:05.612, 0, P1, 2842 MHz, 14001 MHz, 120.54 W, 600.00 W, 600.00 W, 67, 2932 MiB, 0 %, 5, 16
2026/09/25 13:14:05.863, 0, P1, 2842 MHz, 13365 MHz, 120.77 W, 600.00 W, 600.00 W, 67, 3956 MiB, 12 %, 5, 16
2026/09/25 13:14:06.113, 0, P1, 2842 MHz, 13365 MHz, 120.77 W, 600.00 W, 600.00 W, 67, 4948 MiB, 12 %, 5, 16
2026/09/25 13:14:06.364, 0, P1, 2617 MHz, 13365 MHz, 109.55 W, 600.00 W, 600.00 W, 66, 5844 MiB, 10 %, 5, 16
2026/09/25 13:14:06.615, 0, P1, 2617 MHz, 13365 MHz, 109.55 W, 600.00 W, 600.00 W, 66, 6804 MiB, 10 %, 5, 16
2026/09/25 13:14:06.865, 0, P1, 2617 MHz, 13365 MHz, 99.87 W, 600.00 W, 600.00 W, 66, 7732 MiB, 10 %, 5, 16
2026/09/25 13:14:07.116, 0, P1, 2617 MHz, 13365 MHz, 99.87 W, 600.00 W, 600.00 W, 66, 8660 MiB, 10 %, 5, 16
2026/09/25 13:14:07.366, 0, P1, 2617 MHz, 13365 MHz, 97.31 W, 600.00 W, 600.00 W, 65, 9556 MiB, 10 %, 5, 16
2026/09/25 13:14:07.617, 0, P1, 2617 MHz, 13365 MHz, 97.31 W, 600.00 W, 600.00 W, 65, 10484 MiB, 10 %, 5, 16
2026/09/25 13:14:07.867, 0, P1, 2617 MHz, 13365 MHz, 97.10 W, 600.00 W, 600.00 W, 65, 11412 MiB, 10 %, 5, 16
2026/09/25 13:14:08.118, 0, P1, 2617 MHz, 13365 MHz, 97.10 W, 600.00 W, 600.00 W, 65, 12340 MiB, 10 %, 5, 16
2026/09/25 13:14:08.369, 0, P1, 2617 MHz, 13365 MHz, 96.76 W, 600.00 W, 600.00 W, 65, 13236 MiB, 10 %, 5, 16
2026/09/25 13:14:08.620, 0, P1, 2617 MHz, 13365 MHz, 96.76 W, 600.00 W, 600.00 W, 65, 14164 MiB, 10 %, 5, 16
2026/09/25 13:14:08.871, 0, P1, 2617 MHz, 13365 MHz, 96.49 W, 600.00 W, 600.00 W, 64, 14740 MiB, 11 %, 5, 16
2026/09/25 13:14:09.121, 0, P1, 2617 MHz, 13365 MHz, 96.49 W, 600.00 W, 600.00 W, 64, 14740 MiB, 11 %, 5, 16
2026/09/25 13:14:09.371, 0, P1, 2610 MHz, 13365 MHz, 95.21 W, 600.00 W, 600.00 W, 64, 14740 MiB, 0 %, 5, 16
2026/09/25 13:14:09.622, 0, P1, 2610 MHz, 13365 MHz, 95.21 W, 600.00 W, 600.00 W, 64, 14740 MiB, 0 %, 5, 16
2026/09/25 13:14:09.872, 0, P1, 2610 MHz, 13365 MHz, 93.61 W, 600.00 W, 600.00 W, 64, 14740 MiB, 0 %, 5, 16
2026/09/25 13:14:10.123, 0, P1, 2610 MHz, 13365 MHz, 93.61 W, 600.00 W, 600.00 W, 64, 14740 MiB, 0 %, 5, 16
2026/09/25 13:14:10.373, 0, P1, 2610 MHz, 13365 MHz, 93.33 W, 600.00 W, 600.00 W, 64, 14740 MiB, 0 %, 5, 16
2026/09/25 13:14:10.624, 0, P1, 2610 MHz, 13365 MHz, 93.33 W, 600.00 W, 600.00 W, 64, 14740 MiB, 0 %, 5, 16
2026/09/25 13:14:10.874, 0, P1, 2610 MHz, 13365 MHz, 93.33 W, 600.00 W, 600.00 W, 64, 14740 MiB, 0 %, 5, 16
2026/09/25 13:14:11.124, 0, P1, 2610 MHz, 13365 MHz, 93.33 W, 600.00 W, 600.00 W, 64, 14740 MiB, 0 %, 5, 16
2026/09/25 13:14:11.375, 0, P1, 2610 MHz, 13365 MHz, 91.61 W, 600.00 W, 600.00 W, 63, 14740 MiB, 0 %, 5, 16
2026/09/25 13:14:11.625, 0, P1, 2610 MHz, 13365 MHz, 91.61 W, 600.00 W, 600.00 W, 63, 14740 MiB, 0 %, 5, 16
2026/09/25 13:14:11.876, 0, P1, 2610 MHz, 13365 MHz, 91.61 W, 600.00 W, 600.00 W, 63, 14740 MiB, 0 %, 5, 16
2026/09/25 13:14:12.126, 0, P1, 2610 MHz, 13365 MHz, 91.61 W, 600.00 W, 600.00 W, 63, 14740 MiB, 0 %, 5, 16
2026/09/25 13:14:12.377, 0, P1, 2610 MHz, 13365 MHz, 90.38 W, 600.00 W, 600.00 W, 63, 14740 MiB, 0 %, 5, 16
2026/09/25 13:14:12.627, 0, P1, 2610 MHz, 13365 MHz, 90.38 W, 600.00 W, 600.00 W, 63, 14740 MiB, 0 %, 5, 16
2026/09/25 13:14:12.877, 0, P1, 2610 MHz, 13365 MHz, 90.38 W, 600.00 W, 600.00 W, 63, 14740 MiB, 0 %, 5, 16
2026/09/25 13:14:13.128, 0, P1, 2610 MHz, 13365 MHz, 90.38 W, 600.00 W, 600.00 W, 63, 14740 MiB, 0 %, 5, 16
2026/09/25 13:14:13.378, 0, P1, 2610 MHz, 13365 MHz, 89.08 W, 600.00 W, 600.00 W, 62, 14740 MiB, 0 %, 5, 16
2026/09/25 13:14:13.629, 0, P1, 2610 MHz, 13365 MHz, 89.08 W, 600.00 W, 600.00 W, 62, 14740 MiB, 0 %, 5, 16
2026/09/25 13:14:13.879, 0, P1, 2610 MHz, 13365 MHz, 89.08 W, 600.00 W, 600.00 W, 62, 14740 MiB, 0 %, 5, 16
2026/09/25 13:14:14.130, 0, P1, 2610 MHz, 13365 MHz, 89.08 W, 600.00 W, 600.00 W, 62, 14740 MiB, 0 %, 5, 16
2026/09/25 13:14:14.380, 0, P1, 2610 MHz, 13365 MHz, 88.77 W, 600.00 W, 600.00 W, 62, 14740 MiB, 0 %, 5, 16
2026/09/25 13:14:14.630, 0, P1, 2610 MHz, 13365 MHz, 88.77 W, 600.00 W, 600.00 W, 62, 14740 MiB, 0 %, 5, 16
2026/09/25 13:14:14.881, 0, P1, 2610 MHz, 13365 MHz, 88.77 W, 600.00 W, 600.00 W, 62, 14740 MiB, 0 %, 5, 16
2026/09/25 13:14:15.132, 0, P1, 2610 MHz, 13365 MHz, 88.77 W, 600.00 W, 600.00 W, 62, 14740 MiB, 0 %, 5, 16
2026/09/25 13:14:15.382, 0, P1, 2610 MHz, 13365 MHz, 88.13 W, 600.00 W, 600.00 W, 61, 14740 MiB, 0 %, 5, 16
2026/09/25 13:14:15.633, 0, P1, 2610 MHz, 13365 MHz, 88.13 W, 600.00 W, 600.00 W, 61, 14740 MiB, 0 %, 5, 16
2026/09/25 13:14:15.884, 0, P1, 2610 MHz, 13365 MHz, 88.27 W, 600.00 W, 600.00 W, 61, 14740 MiB, 0 %, 5, 16
2026/09/25 13:14:16.134, 0, P1, 2610 MHz, 13365 MHz, 88.27 W, 600.00 W, 600.00 W, 61, 14740 MiB, 0 %, 5, 16
2026/09/25 13:14:16.385, 0, P1, 2610 MHz, 13365 MHz, 88.66 W, 600.00 W, 600.00 W, 61, 14740 MiB, 0 %, 5, 16
2026/09/25 13:14:16.635, 0, P1, 2610 MHz, 13365 MHz, 88.66 W, 600.00 W, 600.00 W, 61, 14740 MiB, 0 %, 5, 16
2026/09/25 13:14:16.886, 0, P1, 2610 MHz, 13365 MHz, 88.66 W, 600.00 W, 600.00 W, 61, 14740 MiB, 0 %, 5, 16
2026/09/25 13:14:17.136, 0, P1, 2610 MHz, 13365 MHz, 88.66 W, 600.00 W, 600.00 W, 61, 15892 MiB, 0 %, 5, 16
2026/09/25 13:14:17.387, 0, P1, 2632 MHz, 13365 MHz, 146.00 W, 600.00 W, 600.00 W, 67, 15892 MiB, 100 %, 5, 16
2026/09/25 13:14:17.638, 0, P1, 2632 MHz, 13365 MHz, 146.00 W, 600.00 W, 600.00 W, 67, 15892 MiB, 100 %, 5, 16
2026/09/25 13:14:17.889, 0, P1, 2820 MHz, 13365 MHz, 238.48 W, 600.00 W, 600.00 W, 68, 15892 MiB, 100 %, 5, 16
2026/09/25 13:14:18.140, 0, P1, 2820 MHz, 13365 MHz, 238.48 W, 600.00 W, 600.00 W, 68, 15892 MiB, 100 %, 5, 16
2026/09/25 13:14:18.391, 0, P1, 2820 MHz, 13365 MHz, 462.54 W, 600.00 W, 600.00 W, 69, 15892 MiB, 100 %, 5, 16
2026/09/25 13:14:18.642, 0, P1, 2820 MHz, 13365 MHz, 462.54 W, 600.00 W, 600.00 W, 69, 15892 MiB, 100 %, 5, 16
2026/09/25 13:14:18.892, 0, P1, 2835 MHz, 13365 MHz, 478.42 W, 600.00 W, 600.00 W, 70, 15892 MiB, 100 %, 5, 16
2026/09/25 13:14:19.143, 0, P1, 2835 MHz, 13365 MHz, 478.42 W, 600.00 W, 600.00 W, 70, 16212 MiB, 100 %, 5, 16
2026/09/25 13:14:19.394, 0, P1, 2827 MHz, 13365 MHz, 483.73 W, 600.00 W, 600.00 W, 70, 16660 MiB, 100 %, 5, 16
2026/09/25 13:14:19.645, 0, P1, 2827 MHz, 13365 MHz, 483.73 W, 600.00 W, 600.00 W, 70, 16660 MiB, 100 %, 5, 16
2026/09/25 13:14:19.895, 0, P1, 2812 MHz, 13365 MHz, 464.05 W, 600.00 W, 600.00 W, 69, 16660 MiB, 100 %, 5, 16
2026/09/25 13:14:20.146, 0, P1, 2812 MHz, 13365 MHz, 464.05 W, 600.00 W, 600.00 W, 69, 16660 MiB, 100 %, 5, 16
2026/09/25 13:14:20.397, 0, P1, 2820 MHz, 13365 MHz, 454.49 W, 600.00 W, 600.00 W, 70, 16660 MiB, 100 %, 5, 16
2026/09/25 13:14:20.648, 0, P1, 2820 MHz, 13365 MHz, 454.49 W, 600.00 W, 600.00 W, 70, 16660 MiB, 100 %, 5, 16
2026/09/25 13:14:20.899, 0, P1, 2827 MHz, 13365 MHz, 475.48 W, 600.00 W, 600.00 W, 70, 16660 MiB, 100 %, 5, 16
2026/09/25 13:14:21.150, 0, P1, 2827 MHz, 13365 MHz, 475.48 W, 600.00 W, 600.00 W, 70, 16660 MiB, 100 %, 5, 16
2026/09/25 13:14:21.401, 0, P1, 2835 MHz, 13365 MHz, 486.18 W, 600.00 W, 600.00 W, 70, 16660 MiB, 99 %, 5, 16
2026/09/25 13:14:21.652, 0, P1, 2835 MHz, 13365 MHz, 486.18 W, 600.00 W, 600.00 W, 70, 16660 MiB, 99 %, 5, 16
2026/09/25 13:14:21.902, 0, P1, 2820 MHz, 13365 MHz, 472.45 W, 600.00 W, 600.00 W, 70, 16660 MiB, 100 %, 5, 16
2026/09/25 13:14:22.153, 0, P1, 2820 MHz, 13365 MHz, 472.45 W, 600.00 W, 600.00 W, 70, 16660 MiB, 100 %, 5, 16
2026/09/25 13:14:22.404, 0, P1, 2820 MHz, 13365 MHz, 464.03 W, 600.00 W, 600.00 W, 71, 16660 MiB, 100 %, 5, 16
2026/09/25 13:14:22.655, 0, P1, 2820 MHz, 13365 MHz, 464.03 W, 600.00 W, 600.00 W, 71, 16660 MiB, 100 %, 5, 16
2026/09/25 13:14:22.906, 0, P1, 2835 MHz, 13365 MHz, 478.45 W, 600.00 W, 600.00 W, 71, 16660 MiB, 100 %, 5, 16
2026/09/25 13:14:23.157, 0, P1, 2835 MHz, 13365 MHz, 478.45 W, 600.00 W, 600.00 W, 71, 16660 MiB, 100 %, 5, 16
2026/09/25 13:14:23.408, 0, P1, 2835 MHz, 13365 MHz, 487.29 W, 600.00 W, 600.00 W, 70, 16980 MiB, 100 %, 5, 16
2026/09/25 13:14:23.658, 0, P1, 2835 MHz, 13365 MHz, 487.29 W, 600.00 W, 600.00 W, 70, 17140 MiB, 100 %, 5, 16
2026/09/25 13:14:23.909, 0, P1, 2820 MHz, 13365 MHz, 457.87 W, 600.00 W, 600.00 W, 70, 17140 MiB, 100 %, 5, 16
2026/09/25 13:14:24.160, 0, P1, 2820 MHz, 13365 MHz, 457.87 W, 600.00 W, 600.00 W, 70, 17140 MiB, 100 %, 5, 16
2026/09/25 13:14:24.411, 0, P1, 2820 MHz, 13365 MHz, 443.35 W, 600.00 W, 600.00 W, 70, 17140 MiB, 100 %, 5, 16
2026/09/25 13:14:24.661, 0, P1, 2820 MHz, 13365 MHz, 443.35 W, 600.00 W, 600.00 W, 70, 17140 MiB, 100 %, 5, 16
2026/09/25 13:14:24.912, 0, P1, 2835 MHz, 13365 MHz, 474.24 W, 600.00 W, 600.00 W, 71, 17140 MiB, 100 %, 5, 16
2026/09/25 13:14:25.163, 0, P1, 2835 MHz, 13365 MHz, 474.24 W, 600.00 W, 600.00 W, 71, 17140 MiB, 100 %, 5, 16
2026/09/25 13:14:25.414, 0, P1, 2827 MHz, 13365 MHz, 485.38 W, 600.00 W, 600.00 W, 71, 17140 MiB, 95 %, 5, 16
2026/09/25 13:14:25.665, 0, P1, 2827 MHz, 13365 MHz, 485.38 W, 600.00 W, 600.00 W, 71, 17140 MiB, 95 %, 5, 16
2026/09/25 13:14:25.916, 0, P1, 2820 MHz, 13365 MHz, 479.02 W, 600.00 W, 600.00 W, 71, 17140 MiB, 100 %, 5, 16
2026/09/25 13:14:26.167, 0, P1, 2820 MHz, 13365 MHz, 479.02 W, 600.00 W, 600.00 W, 71, 17140 MiB, 100 %, 5, 16
2026/09/25 13:14:26.418, 0, P1, 2820 MHz, 13365 MHz, 464.47 W, 600.00 W, 600.00 W, 71, 17140 MiB, 100 %, 5, 16
2026/09/25 13:14:26.669, 0, P1, 2820 MHz, 13365 MHz, 464.47 W, 600.00 W, 600.00 W, 71, 17140 MiB, 100 %, 5, 16
2026/09/25 13:14:26.920, 0, P1, 2835 MHz, 13365 MHz, 476.61 W, 600.00 W, 600.00 W, 71, 17140 MiB, 100 %, 5, 16
2026/09/25 13:14:27.171, 0, P1, 2835 MHz, 13365 MHz, 476.61 W, 600.00 W, 600.00 W, 71, 17140 MiB, 100 %, 5, 16
2026/09/25 13:14:27.422, 0, P1, 2827 MHz, 13365 MHz, 489.90 W, 600.00 W, 600.00 W, 71, 17140 MiB, 95 %, 5, 16
2026/09/25 13:14:27.672, 0, P1, 2827 MHz, 13365 MHz, 489.90 W, 600.00 W, 600.00 W, 71, 17140 MiB, 95 %, 5, 16
2026/09/25 13:14:27.923, 0, P1, 2820 MHz, 13365 MHz, 471.23 W, 600.00 W, 600.00 W, 71, 17140 MiB, 99 %, 5, 16
2026/09/25 13:14:28.174, 0, P1, 2820 MHz, 13365 MHz, 471.23 W, 600.00 W, 600.00 W, 71, 17140 MiB, 99 %, 5, 16
2026/09/25 13:14:28.425, 0, P1, 2820 MHz, 13365 MHz, 452.44 W, 600.00 W, 600.00 W, 71, 17140 MiB, 100 %, 5, 16
2026/09/25 13:14:28.676, 0, P1, 2820 MHz, 13365 MHz, 452.44 W, 600.00 W, 600.00 W, 71, 17140 MiB, 100 %, 5, 16
2026/09/25 13:14:28.927, 0, P1, 2835 MHz, 13365 MHz, 472.75 W, 600.00 W, 600.00 W, 72, 17140 MiB, 100 %, 5, 16
2026/09/25 13:14:29.178, 0, P1, 2835 MHz, 13365 MHz, 472.75 W, 600.00 W, 600.00 W, 72, 17140 MiB, 100 %, 5, 16
2026/09/25 13:14:29.428, 0, P1, 2835 MHz, 13365 MHz, 488.66 W, 600.00 W, 600.00 W, 72, 17140 MiB, 100 %, 5, 16
2026/09/25 13:14:29.679, 0, P1, 2827 MHz, 13365 MHz, 478.52 W, 600.00 W, 600.00 W, 71, 17140 MiB, 100 %, 5, 16
2026/09/25 13:14:29.931, 0, P1, 2827 MHz, 13365 MHz, 478.52 W, 600.00 W, 600.00 W, 71, 17140 MiB, 100 %, 5, 16
2026/09/25 13:14:30.182, 0, P1, 2820 MHz, 13365 MHz, 457.98 W, 600.00 W, 600.00 W, 71, 17140 MiB, 100 %, 5, 16
2026/09/25 13:14:30.433, 0, P1, 2820 MHz, 13365 MHz, 457.98 W, 600.00 W, 600.00 W, 71, 17140 MiB, 100 %, 5, 16
2026/09/25 13:14:30.684, 0, P1, 2835 MHz, 13365 MHz, 473.01 W, 600.00 W, 600.00 W, 72, 17140 MiB, 100 %, 5, 16
2026/09/25 13:14:30.934, 0, P1, 2835 MHz, 13365 MHz, 473.01 W, 600.00 W, 600.00 W, 72, 17140 MiB, 100 %, 5, 16
2026/09/25 13:14:31.185, 0, P1, 2835 MHz, 13365 MHz, 491.83 W, 600.00 W, 600.00 W, 71, 17140 MiB, 95 %, 5, 16
2026/09/25 13:14:31.436, 0, P1, 2835 MHz, 13365 MHz, 491.83 W, 600.00 W, 600.00 W, 71, 17140 MiB, 95 %, 5, 16
2026/09/25 13:14:31.687, 0, P1, 2820 MHz, 13365 MHz, 472.52 W, 600.00 W, 600.00 W, 71, 17140 MiB, 98 %, 5, 16
2026/09/25 13:14:31.938, 0, P1, 2820 MHz, 13365 MHz, 472.52 W, 600.00 W, 600.00 W, 71, 17140 MiB, 98 %, 5, 16
2026/09/25 13:14:32.189, 0, P1, 2820 MHz, 13365 MHz, 454.79 W, 600.00 W, 600.00 W, 71, 17140 MiB, 100 %, 5, 16
2026/09/25 13:14:32.439, 0, P1, 2820 MHz, 13365 MHz, 454.79 W, 600.00 W, 600.00 W, 71, 17140 MiB, 100 %, 5, 16
2026/09/25 13:14:32.690, 0, P1, 2827 MHz, 13365 MHz, 468.20 W, 600.00 W, 600.00 W, 72, 17140 MiB, 100 %, 5, 16
2026/09/25 13:14:32.942, 0, P1, 2827 MHz, 13365 MHz, 468.20 W, 600.00 W, 600.00 W, 72, 17140 MiB, 100 %, 5, 16
2026/09/25 13:14:33.192, 0, P1, 2827 MHz, 13365 MHz, 483.50 W, 600.00 W, 600.00 W, 72, 17140 MiB, 100 %, 5, 16
2026/09/25 13:14:33.443, 0, P1, 2827 MHz, 13365 MHz, 483.50 W, 600.00 W, 600.00 W, 72, 17140 MiB, 100 %, 5, 16
2026/09/25 13:14:33.694, 0, P1, 2820 MHz, 13365 MHz, 481.70 W, 600.00 W, 600.00 W, 72, 17140 MiB, 100 %, 5, 16
2026/09/25 13:14:33.945, 0, P1, 2820 MHz, 13365 MHz, 481.70 W, 600.00 W, 600.00 W, 72, 17140 MiB, 100 %, 5, 16
2026/09/25 13:14:34.196, 0, P1, 2820 MHz, 13365 MHz, 461.47 W, 600.00 W, 600.00 W, 71, 17140 MiB, 100 %, 5, 16
2026/09/25 13:14:34.447, 0, P1, 2820 MHz, 13365 MHz, 461.47 W, 600.00 W, 600.00 W, 71, 17140 MiB, 100 %, 5, 16
2026/09/25 13:14:34.698, 0, P1, 2827 MHz, 13365 MHz, 468.10 W, 600.00 W, 600.00 W, 72, 17140 MiB, 100 %, 5, 16
2026/09/25 13:14:34.949, 0, P1, 2827 MHz, 13365 MHz, 468.10 W, 600.00 W, 600.00 W, 72, 17140 MiB, 100 %, 5, 16
2026/09/25 13:14:35.200, 0, P1, 2835 MHz, 13365 MHz, 483.74 W, 600.00 W, 600.00 W, 72, 17140 MiB, 100 %, 5, 16
2026/09/25 13:14:35.450, 0, P1, 2835 MHz, 13365 MHz, 483.74 W, 600.00 W, 600.00 W, 72, 17140 MiB, 100 %, 5, 16
2026/09/25 13:14:35.701, 0, P1, 2820 MHz, 13365 MHz, 478.82 W, 600.00 W, 600.00 W, 72, 17140 MiB, 99 %, 5, 16
2026/09/25 13:14:35.952, 0, P1, 2820 MHz, 13365 MHz, 478.82 W, 600.00 W, 600.00 W, 72, 17140 MiB, 99 %, 5, 16
2026/09/25 13:14:36.203, 0, P1, 2812 MHz, 13365 MHz, 454.97 W, 600.00 W, 600.00 W, 72, 17140 MiB, 100 %, 5, 16
2026/09/25 13:14:36.454, 0, P1, 2812 MHz, 13365 MHz, 454.97 W, 600.00 W, 600.00 W, 72, 17140 MiB, 100 %, 5, 16
2026/09/25 13:14:36.705, 0, P1, 2820 MHz, 13365 MHz, 456.63 W, 600.00 W, 600.00 W, 72, 17140 MiB, 100 %, 5, 16
2026/09/25 13:14:36.956, 0, P1, 2820 MHz, 13365 MHz, 456.63 W, 600.00 W, 600.00 W, 72, 17140 MiB, 100 %, 5, 16
2026/09/25 13:14:37.206, 0, P1, 2827 MHz, 13365 MHz, 480.56 W, 600.00 W, 600.00 W, 73, 17140 MiB, 100 %, 5, 16
2026/09/25 13:14:37.457, 0, P1, 2827 MHz, 13365 MHz, 480.56 W, 600.00 W, 600.00 W, 73, 17140 MiB, 100 %, 5, 16
2026/09/25 13:14:37.708, 0, P1, 2827 MHz, 13365 MHz, 482.57 W, 600.00 W, 600.00 W, 72, 17140 MiB, 100 %, 5, 16
2026/09/25 13:14:37.959, 0, P1, 2827 MHz, 13365 MHz, 482.57 W, 600.00 W, 600.00 W, 72, 17140 MiB, 100 %, 5, 16
2026/09/25 13:14:38.210, 0, P1, 2820 MHz, 13365 MHz, 466.57 W, 600.00 W, 600.00 W, 72, 17140 MiB, 100 %, 5, 16
2026/09/25 13:14:38.461, 0, P1, 2820 MHz, 13365 MHz, 466.57 W, 600.00 W, 600.00 W, 72, 17140 MiB, 100 %, 5, 16
2026/09/25 13:14:38.711, 0, P1, 2820 MHz, 13365 MHz, 465.63 W, 600.00 W, 600.00 W, 73, 17140 MiB, 100 %, 5, 16
2026/09/25 13:14:38.962, 0, P1, 2820 MHz, 13365 MHz, 465.63 W, 600.00 W, 600.00 W, 73, 17140 MiB, 100 %, 5, 16
2026/09/25 13:14:39.213, 0, P1, 2835 MHz, 13365 MHz, 478.27 W, 600.00 W, 600.00 W, 73, 17140 MiB, 100 %, 5, 16
2026/09/25 13:14:39.464, 0, P1, 2835 MHz, 13365 MHz, 478.27 W, 600.00 W, 600.00 W, 73, 17140 MiB, 100 %, 5, 16
2026/09/25 13:14:39.715, 0, P1, 2827 MHz, 13365 MHz, 483.64 W, 600.00 W, 600.00 W, 72, 17140 MiB, 100 %, 5, 16
2026/09/25 13:14:39.966, 0, P1, 2827 MHz, 13365 MHz, 483.64 W, 600.00 W, 600.00 W, 72, 17140 MiB, 100 %, 5, 16
2026/09/25 13:14:40.217, 0, P1, 2812 MHz, 13365 MHz, 460.07 W, 600.00 W, 600.00 W, 72, 17140 MiB, 100 %, 5, 16
2026/09/25 13:14:40.467, 0, P1, 2812 MHz, 13365 MHz, 460.07 W, 600.00 W, 600.00 W, 72, 17140 MiB, 100 %, 5, 16
2026/09/25 13:14:40.718, 0, P1, 2820 MHz, 13365 MHz, 451.61 W, 600.00 W, 600.00 W, 72, 17140 MiB, 100 %, 5, 16
2026/09/25 13:14:40.969, 0, P1, 2820 MHz, 13365 MHz, 451.61 W, 600.00 W, 600.00 W, 72, 17140 MiB, 100 %, 5, 16
2026/09/25 13:14:41.220, 0, P1, 2827 MHz, 13365 MHz, 473.07 W, 600.00 W, 600.00 W, 73, 17140 MiB, 100 %, 5, 16
2026/09/25 13:14:41.471, 0, P1, 2827 MHz, 13365 MHz, 473.07 W, 600.00 W, 600.00 W, 73, 17140 MiB, 100 %, 5, 16
2026/09/25 13:14:41.722, 0, P1, 2827 MHz, 13365 MHz, 483.58 W, 600.00 W, 600.00 W, 73, 17140 MiB, 100 %, 5, 16
2026/09/25 13:14:41.972, 0, P1, 2827 MHz, 13365 MHz, 483.58 W, 600.00 W, 600.00 W, 73, 17140 MiB, 100 %, 5, 16
2026/09/25 13:14:42.223, 0, P1, 2820 MHz, 13365 MHz, 473.94 W, 600.00 W, 600.00 W, 72, 17140 MiB, 100 %, 5, 16
2026/09/25 13:14:42.474, 0, P1, 2820 MHz, 13365 MHz, 473.94 W, 600.00 W, 600.00 W, 72, 17140 MiB, 100 %, 5, 16
2026/09/25 13:14:42.725, 0, P1, 2820 MHz, 13365 MHz, 459.22 W, 600.00 W, 600.00 W, 73, 17140 MiB, 100 %, 5, 16
2026/09/25 13:14:42.976, 0, P1, 2820 MHz, 13365 MHz, 459.22 W, 600.00 W, 600.00 W, 73, 17140 MiB, 100 %, 5, 16
2026/09/25 13:14:43.226, 0, P1, 2827 MHz, 13365 MHz, 473.51 W, 600.00 W, 600.00 W, 73, 17140 MiB, 100 %, 5, 16
2026/09/25 13:14:43.477, 0, P1, 2827 MHz, 13365 MHz, 473.51 W, 600.00 W, 600.00 W, 73, 17140 MiB, 100 %, 5, 16
2026/09/25 13:14:43.728, 0, P1, 2827 MHz, 13365 MHz, 485.68 W, 600.00 W, 600.00 W, 73, 17140 MiB, 95 %, 5, 16
2026/09/25 13:14:43.979, 0, P1, 2827 MHz, 13365 MHz, 485.68 W, 600.00 W, 600.00 W, 73, 17140 MiB, 95 %, 5, 16
2026/09/25 13:14:44.229, 0, P1, 2820 MHz, 13365 MHz, 467.86 W, 600.00 W, 600.00 W, 72, 17140 MiB, 99 %, 5, 16
2026/09/25 13:14:44.480, 0, P1, 2820 MHz, 13365 MHz, 467.86 W, 600.00 W, 600.00 W, 72, 17140 MiB, 99 %, 5, 16
2026/09/25 13:14:44.731, 0, P1, 2820 MHz, 13365 MHz, 450.41 W, 600.00 W, 600.00 W, 72, 17140 MiB, 100 %, 5, 16
2026/09/25 13:14:44.982, 0, P1, 2820 MHz, 13365 MHz, 450.41 W, 600.00 W, 600.00 W, 72, 17140 MiB, 100 %, 5, 16
2026/09/25 13:14:45.233, 0, P1, 2827 MHz, 13365 MHz, 468.99 W, 600.00 W, 600.00 W, 73, 17140 MiB, 100 %, 5, 16
2026/09/25 13:14:45.484, 0, P1, 2827 MHz, 13365 MHz, 468.99 W, 600.00 W, 600.00 W, 73, 17140 MiB, 100 %, 5, 16
2026/09/25 13:14:45.734, 0, P1, 2835 MHz, 13365 MHz, 487.76 W, 600.00 W, 600.00 W, 73, 17140 MiB, 100 %, 5, 16
2026/09/25 13:14:45.985, 0, P1, 2835 MHz, 13365 MHz, 487.76 W, 600.00 W, 600.00 W, 73, 17140 MiB, 100 %, 5, 16
2026/09/25 13:14:46.236, 0, P1, 2820 MHz, 13365 MHz, 478.90 W, 600.00 W, 600.00 W, 73, 17140 MiB, 100 %, 5, 16
2026/09/25 13:14:46.487, 0, P1, 2820 MHz, 13365 MHz, 478.90 W, 600.00 W, 600.00 W, 73, 17140 MiB, 100 %, 5, 16
2026/09/25 13:14:46.737, 0, P1, 2820 MHz, 13365 MHz, 461.98 W, 600.00 W, 600.00 W, 72, 17140 MiB, 100 %, 5, 16
2026/09/25 13:14:46.988, 0, P1, 2820 MHz, 13365 MHz, 461.98 W, 600.00 W, 600.00 W, 72, 17140 MiB, 100 %, 5, 16
2026/09/25 13:14:47.239, 0, P1, 2827 MHz, 13365 MHz, 468.16 W, 600.00 W, 600.00 W, 73, 17140 MiB, 100 %, 5, 16
2026/09/25 13:14:47.490, 0, P1, 2827 MHz, 13365 MHz, 468.16 W, 600.00 W, 600.00 W, 73, 17140 MiB, 100 %, 5, 16
2026/09/25 13:14:47.741, 0, P1, 2827 MHz, 13365 MHz, 483.88 W, 600.00 W, 600.00 W, 73, 17140 MiB, 100 %, 5, 16
2026/09/25 13:14:47.991, 0, P1, 2827 MHz, 13365 MHz, 483.88 W, 600.00 W, 600.00 W, 73, 17140 MiB, 100 %, 5, 16
2026/09/25 13:14:48.242, 0, P1, 2820 MHz, 13365 MHz, 476.73 W, 600.00 W, 600.00 W, 73, 17140 MiB, 99 %, 5, 16
2026/09/25 13:14:48.492, 0, P1, 2820 MHz, 13365 MHz, 476.73 W, 600.00 W, 600.00 W, 73, 17140 MiB, 99 %, 5, 16
2026/09/25 13:14:48.743, 0, P1, 2820 MHz, 13365 MHz, 454.32 W, 600.00 W, 600.00 W, 73, 17140 MiB, 100 %, 5, 16
2026/09/25 13:14:48.994, 0, P1, 2820 MHz, 13365 MHz, 454.32 W, 600.00 W, 600.00 W, 73, 17140 MiB, 100 %, 5, 16
2026/09/25 13:14:49.245, 0, P1, 2820 MHz, 13365 MHz, 456.36 W, 600.00 W, 600.00 W, 73, 17140 MiB, 100 %, 5, 16
2026/09/25 13:14:49.496, 0, P1, 2820 MHz, 13365 MHz, 456.36 W, 600.00 W, 600.00 W, 73, 17140 MiB, 100 %, 5, 16
2026/09/25 13:14:49.747, 0, P1, 2827 MHz, 13365 MHz, 476.99 W, 600.00 W, 600.00 W, 74, 17140 MiB, 100 %, 5, 16
2026/09/25 13:14:49.998, 0, P1, 2827 MHz, 13365 MHz, 476.99 W, 600.00 W, 600.00 W, 74, 17140 MiB, 100 %, 5, 16
2026/09/25 13:14:50.248, 0, P1, 2820 MHz, 13365 MHz, 481.56 W, 600.00 W, 600.00 W, 73, 17140 MiB, 100 %, 5, 16
2026/09/25 13:14:50.499, 0, P1, 2820 MHz, 13365 MHz, 481.56 W, 600.00 W, 600.00 W, 73, 17140 MiB, 100 %, 5, 16
2026/09/25 13:14:50.750, 0, P1, 2820 MHz, 13365 MHz, 458.92 W, 600.00 W, 600.00 W, 73, 17140 MiB, 100 %, 5, 16
2026/09/25 13:14:51.001, 0, P1, 2820 MHz, 13365 MHz, 458.92 W, 600.00 W, 600.00 W, 73, 17140 MiB, 100 %, 5, 16
2026/09/25 13:14:51.252, 0, P1, 2812 MHz, 13365 MHz, 451.64 W, 600.00 W, 600.00 W, 73, 17140 MiB, 100 %, 5, 16
2026/09/25 13:14:51.503, 0, P1, 2812 MHz, 13365 MHz, 451.64 W, 600.00 W, 600.00 W, 73, 17140 MiB, 100 %, 5, 16
2026/09/25 13:14:51.754, 0, P1, 2820 MHz, 13365 MHz, 469.83 W, 600.00 W, 600.00 W, 74, 17140 MiB, 100 %, 5, 16
2026/09/25 13:14:52.004, 0, P1, 2820 MHz, 13365 MHz, 469.83 W, 600.00 W, 600.00 W, 74, 17140 MiB, 100 %, 5, 16
2026/09/25 13:14:52.255, 0, P1, 2820 MHz, 13365 MHz, 483.16 W, 600.00 W, 600.00 W, 73, 17140 MiB, 95 %, 5, 16
2026/09/25 13:14:52.506, 0, P1, 2820 MHz, 13365 MHz, 483.16 W, 600.00 W, 600.00 W, 73, 17140 MiB, 95 %, 5, 16
2026/09/25 13:14:52.757, 0, P1, 2812 MHz, 13365 MHz, 472.04 W, 600.00 W, 600.00 W, 73, 17140 MiB, 100 %, 5, 16
2026/09/25 13:14:53.008, 0, P1, 2812 MHz, 13365 MHz, 472.04 W, 600.00 W, 600.00 W, 73, 17140 MiB, 100 %, 5, 16
2026/09/25 13:14:53.259, 0, P1, 2812 MHz, 13365 MHz, 458.93 W, 600.00 W, 600.00 W, 73, 17140 MiB, 100 %, 5, 16
2026/09/25 13:14:53.510, 0, P1, 2812 MHz, 13365 MHz, 458.93 W, 600.00 W, 600.00 W, 73, 17140 MiB, 100 %, 5, 16
2026/09/25 13:14:53.761, 0, P1, 2820 MHz, 13365 MHz, 469.39 W, 600.00 W, 600.00 W, 74, 17140 MiB, 100 %, 5, 16
2026/09/25 13:14:54.011, 0, P1, 2820 MHz, 13365 MHz, 469.39 W, 600.00 W, 600.00 W, 74, 17140 MiB, 100 %, 5, 16
2026/09/25 13:14:54.262, 0, P1, 2820 MHz, 13365 MHz, 487.07 W, 600.00 W, 600.00 W, 73, 17140 MiB, 95 %, 5, 16
2026/09/25 13:14:54.513, 0, P1, 2820 MHz, 13365 MHz, 487.07 W, 600.00 W, 600.00 W, 73, 17140 MiB, 95 %, 5, 16
2026/09/25 13:14:54.763, 0, P1, 2812 MHz, 13365 MHz, 465.61 W, 600.00 W, 600.00 W, 74, 17140 MiB, 98 %, 5, 16
2026/09/25 13:14:55.014, 0, P1, 2812 MHz, 13365 MHz, 465.61 W, 600.00 W, 600.00 W, 74, 17140 MiB, 98 %, 5, 16
2026/09/25 13:14:55.265, 0, P1, 2812 MHz, 13365 MHz, 451.89 W, 600.00 W, 600.00 W, 73, 17140 MiB, 100 %, 5, 16
2026/09/25 13:14:55.516, 0, P1, 2812 MHz, 13365 MHz, 451.89 W, 600.00 W, 600.00 W, 73, 17140 MiB, 100 %, 5, 16
2026/09/25 13:14:55.766, 0, P1, 2820 MHz, 13365 MHz, 460.56 W, 600.00 W, 600.00 W, 74, 17140 MiB, 100 %, 5, 16
2026/09/25 13:14:56.017, 0, P1, 2820 MHz, 13365 MHz, 460.56 W, 600.00 W, 600.00 W, 74, 17140 MiB, 100 %, 5, 16
2026/09/25 13:14:56.268, 0, P1, 2820 MHz, 13365 MHz, 480.50 W, 600.00 W, 600.00 W, 74, 17140 MiB, 100 %, 5, 16
2026/09/25 13:14:56.519, 0, P1, 2820 MHz, 13365 MHz, 480.50 W, 600.00 W, 600.00 W, 74, 17140 MiB, 100 %, 5, 16
2026/09/25 13:14:56.770, 0, P1, 2812 MHz, 13365 MHz, 478.86 W, 600.00 W, 600.00 W, 74, 17140 MiB, 100 %, 5, 16
2026/09/25 13:14:57.021, 0, P1, 2812 MHz, 13365 MHz, 478.86 W, 600.00 W, 600.00 W, 74, 17140 MiB, 100 %, 5, 16
2026/09/25 13:14:57.271, 0, P1, 2812 MHz, 13365 MHz, 462.43 W, 600.00 W, 600.00 W, 73, 17140 MiB, 100 %, 5, 16
2026/09/25 13:14:57.522, 0, P1, 2812 MHz, 13365 MHz, 462.43 W, 600.00 W, 600.00 W, 73, 17140 MiB, 100 %, 5, 16
2026/09/25 13:14:57.773, 0, P1, 2812 MHz, 13365 MHz, 465.49 W, 600.00 W, 600.00 W, 74, 17140 MiB, 100 %, 5, 16
2026/09/25 13:14:58.024, 0, P1, 2812 MHz, 13365 MHz, 465.49 W, 600.00 W, 600.00 W, 74, 17140 MiB, 100 %, 5, 16
2026/09/25 13:14:58.275, 0, P1, 2820 MHz, 13365 MHz, 479.09 W, 600.00 W, 600.00 W, 74, 17140 MiB, 100 %, 5, 16
2026/09/25 13:14:58.526, 0, P1, 2820 MHz, 13365 MHz, 479.09 W, 600.00 W, 600.00 W, 74, 17140 MiB, 100 %, 5, 16
2026/09/25 13:14:58.777, 0, P1, 2812 MHz, 13365 MHz, 480.80 W, 600.00 W, 600.00 W, 74, 17140 MiB, 100 %, 5, 16
2026/09/25 13:14:59.028, 0, P1, 2812 MHz, 13365 MHz, 480.80 W, 600.00 W, 600.00 W, 74, 17140 MiB, 100 %, 5, 16
2026/09/25 13:14:59.278, 0, P1, 2805 MHz, 13365 MHz, 461.37 W, 600.00 W, 600.00 W, 73, 17140 MiB, 100 %, 5, 16
2026/09/25 13:14:59.529, 0, P1, 2805 MHz, 13365 MHz, 461.37 W, 600.00 W, 600.00 W, 73, 17140 MiB, 100 %, 5, 16
2026/09/25 13:14:59.780, 0, P1, 2812 MHz, 13365 MHz, 460.47 W, 600.00 W, 600.00 W, 74, 17140 MiB, 100 %, 5, 16
2026/09/25 13:15:00.031, 0, P1, 2812 MHz, 13365 MHz, 460.47 W, 600.00 W, 600.00 W, 74, 17140 MiB, 100 %, 5, 16
2026/09/25 13:15:00.282, 0, P1, 2820 MHz, 13365 MHz, 477.50 W, 600.00 W, 600.00 W, 74, 17140 MiB, 100 %, 5, 16
2026/09/25 13:15:00.533, 0, P1, 2820 MHz, 13365 MHz, 477.50 W, 600.00 W, 600.00 W, 74, 17140 MiB, 100 %, 5, 16
2026/09/25 13:15:00.784, 0, P1, 2820 MHz, 13365 MHz, 484.06 W, 600.00 W, 600.00 W, 74, 17140 MiB, 100 %, 5, 16
2026/09/25 13:15:01.035, 0, P1, 2820 MHz, 13365 MHz, 484.06 W, 600.00 W, 600.00 W, 74, 17140 MiB, 100 %, 5, 16
2026/09/25 13:15:01.285, 0, P1, 2812 MHz, 13365 MHz, 471.49 W, 600.00 W, 600.00 W, 74, 17140 MiB, 100 %, 5, 16
2026/09/25 13:15:01.536, 0, P1, 2812 MHz, 13365 MHz, 471.49 W, 600.00 W, 600.00 W, 74, 17140 MiB, 100 %, 5, 16
2026/09/25 13:15:01.787, 0, P1, 2805 MHz, 13365 MHz, 463.54 W, 600.00 W, 600.00 W, 74, 17140 MiB, 100 %, 5, 16
2026/09/25 13:15:02.038, 0, P1, 2805 MHz, 13365 MHz, 463.54 W, 600.00 W, 600.00 W, 74, 17140 MiB, 100 %, 5, 16
2026/09/25 13:15:02.289, 0, P1, 2820 MHz, 13365 MHz, 478.54 W, 600.00 W, 600.00 W, 74, 17140 MiB, 100 %, 5, 16
2026/09/25 13:15:02.540, 0, P1, 2820 MHz, 13365 MHz, 478.54 W, 600.00 W, 600.00 W, 74, 17140 MiB, 100 %, 5, 16
2026/09/25 13:15:02.791, 0, P1, 2820 MHz, 13365 MHz, 486.02 W, 600.00 W, 600.00 W, 74, 17140 MiB, 100 %, 5, 16
2026/09/25 13:15:03.042, 0, P1, 2820 MHz, 13365 MHz, 486.02 W, 600.00 W, 600.00 W, 74, 17140 MiB, 100 %, 5, 16
2026/09/25 13:15:03.293, 0, P1, 2805 MHz, 13365 MHz, 469.67 W, 600.00 W, 600.00 W, 74, 17140 MiB, 100 %, 5, 16
2026/09/25 13:15:03.543, 0, P1, 2805 MHz, 13365 MHz, 469.67 W, 600.00 W, 600.00 W, 74, 17140 MiB, 100 %, 5, 16
2026/09/25 13:15:03.794, 0, P1, 2812 MHz, 13365 MHz, 460.48 W, 600.00 W, 600.00 W, 74, 17140 MiB, 100 %, 5, 16
2026/09/25 13:15:04.045, 0, P1, 2812 MHz, 13365 MHz, 460.48 W, 600.00 W, 600.00 W, 74, 17140 MiB, 100 %, 5, 16
2026/09/25 13:15:04.296, 0, P1, 2820 MHz, 13365 MHz, 475.52 W, 600.00 W, 600.00 W, 75, 17140 MiB, 100 %, 5, 16
2026/09/25 13:15:04.547, 0, P1, 2820 MHz, 13365 MHz, 475.52 W, 600.00 W, 600.00 W, 75, 17140 MiB, 100 %, 5, 16
2026/09/25 13:15:04.798, 0, P1, 2820 MHz, 13365 MHz, 487.02 W, 600.00 W, 600.00 W, 74, 17140 MiB, 94 %, 5, 16
2026/09/25 13:15:05.048, 0, P1, 2820 MHz, 13365 MHz, 487.02 W, 600.00 W, 600.00 W, 74, 17140 MiB, 94 %, 5, 16
2026/09/25 13:15:05.299, 0, P1, 2820 MHz, 13365 MHz, 475.06 W, 600.00 W, 600.00 W, 74, 17140 MiB, 100 %, 5, 16
2026/09/25 13:15:05.550, 0, P1, 2820 MHz, 13365 MHz, 475.06 W, 600.00 W, 600.00 W, 74, 17140 MiB, 100 %, 5, 16
2026/09/25 13:15:05.801, 0, P1, 2812 MHz, 13365 MHz, 459.12 W, 600.00 W, 600.00 W, 74, 17140 MiB, 100 %, 5, 16
2026/09/25 13:15:06.052, 0, P1, 2812 MHz, 13365 MHz, 459.12 W, 600.00 W, 600.00 W, 74, 17140 MiB, 100 %, 5, 16
2026/09/25 13:15:06.303, 0, P1, 2820 MHz, 13365 MHz, 475.58 W, 600.00 W, 600.00 W, 75, 17140 MiB, 100 %, 5, 16
2026/09/25 13:15:06.553, 0, P1, 2820 MHz, 13365 MHz, 475.58 W, 600.00 W, 600.00 W, 75, 17140 MiB, 100 %, 5, 16
2026/09/25 13:15:06.804, 0, P1, 2820 MHz, 13365 MHz, 486.76 W, 600.00 W, 600.00 W, 74, 17140 MiB, 95 %, 5, 16
2026/09/25 13:15:07.055, 0, P1, 2820 MHz, 13365 MHz, 486.76 W, 600.00 W, 600.00 W, 74, 17140 MiB, 95 %, 5, 16
2026/09/25 13:15:07.306, 0, P1, 2812 MHz, 13365 MHz, 471.97 W, 600.00 W, 600.00 W, 74, 17140 MiB, 99 %, 5, 16
2026/09/25 13:15:07.557, 0, P1, 2812 MHz, 13365 MHz, 471.97 W, 600.00 W, 600.00 W, 74, 17140 MiB, 99 %, 5, 16
2026/09/25 13:15:07.807, 0, P1, 2812 MHz, 13365 MHz, 458.60 W, 600.00 W, 600.00 W, 74, 17140 MiB, 100 %, 5, 16
2026/09/25 13:15:08.058, 0, P1, 2812 MHz, 13365 MHz, 458.60 W, 600.00 W, 600.00 W, 74, 17140 MiB, 100 %, 5, 16
2026/09/25 13:15:08.309, 0, P1, 2820 MHz, 13365 MHz, 473.33 W, 600.00 W, 600.00 W, 75, 17140 MiB, 100 %, 5, 16
2026/09/25 13:15:08.560, 0, P1, 2820 MHz, 13365 MHz, 473.33 W, 600.00 W, 600.00 W, 75, 17140 MiB, 100 %, 5, 16
2026/09/25 13:15:08.811, 0, P1, 2820 MHz, 13365 MHz, 492.52 W, 600.00 W, 600.00 W, 75, 17140 MiB, 100 %, 5, 16
2026/09/25 13:15:09.062, 0, P1, 2820 MHz, 13365 MHz, 492.52 W, 600.00 W, 600.00 W, 75, 17140 MiB, 100 %, 5, 16
2026/09/25 13:15:09.312, 0, P1, 2812 MHz, 13365 MHz, 482.65 W, 600.00 W, 600.00 W, 74, 17140 MiB, 100 %, 5, 16
2026/09/25 13:15:09.563, 0, P1, 2812 MHz, 13365 MHz, 482.65 W, 600.00 W, 600.00 W, 74, 17140 MiB, 100 %, 5, 16
2026/09/25 13:15:09.814, 0, P1, 2812 MHz, 13365 MHz, 466.70 W, 600.00 W, 600.00 W, 74, 17140 MiB, 100 %, 5, 16
2026/09/25 13:15:10.065, 0, P1, 2812 MHz, 13365 MHz, 466.70 W, 600.00 W, 600.00 W, 74, 17140 MiB, 100 %, 5, 16
2026/09/25 13:15:10.316, 0, P1, 2820 MHz, 13365 MHz, 472.98 W, 600.00 W, 600.00 W, 75, 17140 MiB, 100 %, 5, 16
2026/09/25 13:15:10.567, 0, P1, 2820 MHz, 13365 MHz, 472.98 W, 600.00 W, 600.00 W, 75, 17140 MiB, 100 %, 5, 16
2026/09/25 13:15:10.818, 0, P1, 2820 MHz, 13365 MHz, 492.58 W, 600.00 W, 600.00 W, 75, 17140 MiB, 100 %, 5, 16
2026/09/25 13:15:11.068, 0, P1, 2820 MHz, 13365 MHz, 492.58 W, 600.00 W, 600.00 W, 75, 17140 MiB, 100 %, 5, 16
2026/09/25 13:15:11.319, 0, P1, 2812 MHz, 13365 MHz, 481.95 W, 600.00 W, 600.00 W, 75, 17140 MiB, 99 %, 5, 16
2026/09/25 13:15:11.570, 0, P1, 2812 MHz, 13365 MHz, 481.95 W, 600.00 W, 600.00 W, 75, 17140 MiB, 99 %, 5, 16
2026/09/25 13:15:11.821, 0, P1, 2805 MHz, 13365 MHz, 458.60 W, 600.00 W, 600.00 W, 74, 17140 MiB, 100 %, 5, 16
2026/09/25 13:15:12.072, 0, P1, 2805 MHz, 13365 MHz, 458.60 W, 600.00 W, 600.00 W, 74, 17140 MiB, 100 %, 5, 16
2026/09/25 13:15:12.323, 0, P1, 2812 MHz, 13365 MHz, 465.15 W, 600.00 W, 600.00 W, 75, 17140 MiB, 100 %, 5, 16
2026/09/25 13:15:12.573, 0, P1, 2812 MHz, 13365 MHz, 465.15 W, 600.00 W, 600.00 W, 75, 17140 MiB, 100 %, 5, 16
2026/09/25 13:15:12.824, 0, P1, 2820 MHz, 13365 MHz, 485.11 W, 600.00 W, 600.00 W, 75, 17140 MiB, 100 %, 5, 16
2026/09/25 13:15:13.075, 0, P1, 2820 MHz, 13365 MHz, 485.11 W, 600.00 W, 600.00 W, 75, 17140 MiB, 100 %, 5, 16
2026/09/25 13:15:13.326, 0, P1, 2812 MHz, 13365 MHz, 489.36 W, 600.00 W, 600.00 W, 75, 17140 MiB, 100 %, 5, 16
2026/09/25 13:15:13.577, 0, P1, 2812 MHz, 13365 MHz, 489.36 W, 600.00 W, 600.00 W, 75, 17140 MiB, 100 %, 5, 16
2026/09/25 13:15:13.828, 0, P1, 2812 MHz, 13365 MHz, 474.49 W, 600.00 W, 600.00 W, 74, 17140 MiB, 100 %, 5, 16
2026/09/25 13:15:14.078, 0, P1, 2812 MHz, 13365 MHz, 474.49 W, 600.00 W, 600.00 W, 74, 17140 MiB, 100 %, 5, 16
2026/09/25 13:15:14.329, 0, P1, 2812 MHz, 13365 MHz, 472.63 W, 600.00 W, 600.00 W, 75, 17140 MiB, 100 %, 5, 16
2026/09/25 13:15:14.580, 0, P1, 2812 MHz, 13365 MHz, 472.63 W, 600.00 W, 600.00 W, 75, 17140 MiB, 100 %, 5, 16
2026/09/25 13:15:14.831, 0, P1, 2820 MHz, 13365 MHz, 488.92 W, 600.00 W, 600.00 W, 75, 17140 MiB, 100 %, 5, 16
2026/09/25 13:15:15.082, 0, P1, 2820 MHz, 13365 MHz, 488.92 W, 600.00 W, 600.00 W, 75, 17140 MiB, 100 %, 5, 16
2026/09/25 13:15:15.333, 0, P1, 2820 MHz, 13365 MHz, 488.60 W, 600.00 W, 600.00 W, 75, 17140 MiB, 100 %, 5, 16
2026/09/25 13:15:15.583, 0, P1, 2820 MHz, 13365 MHz, 488.60 W, 600.00 W, 600.00 W, 75, 17140 MiB, 100 %, 5, 16
2026/09/25 13:15:15.834, 0, P1, 2805 MHz, 13365 MHz, 467.76 W, 600.00 W, 600.00 W, 74, 17140 MiB, 100 %, 5, 16
2026/09/25 13:15:16.085, 0, P1, 2805 MHz, 13365 MHz, 467.76 W, 600.00 W, 600.00 W, 74, 17140 MiB, 100 %, 5, 16
2026/09/25 13:15:16.336, 0, P1, 2812 MHz, 13365 MHz, 463.19 W, 600.00 W, 600.00 W, 75, 17140 MiB, 100 %, 5, 16
2026/09/25 13:15:16.587, 0, P1, 2812 MHz, 13365 MHz, 463.19 W, 600.00 W, 600.00 W, 75, 17140 MiB, 100 %, 5, 16
2026/09/25 13:15:16.838, 0, P1, 2820 MHz, 13365 MHz, 487.08 W, 600.00 W, 600.00 W, 75, 17140 MiB, 100 %, 5, 16
2026/09/25 13:15:17.089, 0, P1, 2820 MHz, 13365 MHz, 487.08 W, 600.00 W, 600.00 W, 75, 17140 MiB, 100 %, 5, 16
2026/09/25 13:15:17.340, 0, P1, 2820 MHz, 13365 MHz, 493.82 W, 600.00 W, 600.00 W, 75, 17140 MiB, 100 %, 5, 16
2026/09/25 13:15:17.591, 0, P1, 2820 MHz, 13365 MHz, 493.82 W, 600.00 W, 600.00 W, 75, 17140 MiB, 100 %, 5, 16
2026/09/25 13:15:17.842, 0, P1, 2812 MHz, 13365 MHz, 480.95 W, 600.00 W, 600.00 W, 75, 17140 MiB, 100 %, 5, 16
2026/09/25 13:15:18.092, 0, P1, 2812 MHz, 13365 MHz, 480.95 W, 600.00 W, 600.00 W, 75, 17140 MiB, 100 %, 5, 16
2026/09/25 13:15:18.343, 0, P1, 2812 MHz, 13365 MHz, 473.87 W, 600.00 W, 600.00 W, 75, 17140 MiB, 100 %, 5, 16
2026/09/25 13:15:18.594, 0, P1, 2812 MHz, 13365 MHz, 473.87 W, 600.00 W, 600.00 W, 75, 17140 MiB, 100 %, 5, 16
2026/09/25 13:15:18.845, 0, P1, 2820 MHz, 13365 MHz, 485.82 W, 600.00 W, 600.00 W, 75, 17140 MiB, 100 %, 5, 16
2026/09/25 13:15:19.096, 0, P1, 2820 MHz, 13365 MHz, 485.82 W, 600.00 W, 600.00 W, 75, 17140 MiB, 100 %, 5, 16
2026/09/25 13:15:19.347, 0, P1, 2820 MHz, 13365 MHz, 493.27 W, 600.00 W, 600.00 W, 75, 17140 MiB, 100 %, 5, 16
2026/09/25 13:15:19.598, 0, P1, 2820 MHz, 13365 MHz, 493.27 W, 600.00 W, 600.00 W, 75, 17140 MiB, 100 %, 5, 16
2026/09/25 13:15:19.849, 0, P1, 2805 MHz, 13365 MHz, 471.04 W, 600.00 W, 600.00 W, 75, 17140 MiB, 100 %, 5, 16
2026/09/25 13:15:20.099, 0, P1, 2805 MHz, 13365 MHz, 471.04 W, 600.00 W, 600.00 W, 75, 17140 MiB, 100 %, 5, 16
2026/09/25 13:15:20.350, 0, P1, 2812 MHz, 13365 MHz, 465.10 W, 600.00 W, 600.00 W, 75, 17140 MiB, 100 %, 5, 16
2026/09/25 13:15:20.601, 0, P1, 2812 MHz, 13365 MHz, 465.10 W, 600.00 W, 600.00 W, 75, 17140 MiB, 100 %, 5, 16
2026/09/25 13:15:20.852, 0, P1, 2820 MHz, 13365 MHz, 485.09 W, 600.00 W, 600.00 W, 75, 17140 MiB, 100 %, 5, 16
2026/09/25 13:15:21.103, 0, P1, 2820 MHz, 13365 MHz, 485.09 W, 600.00 W, 600.00 W, 75, 17140 MiB, 100 %, 5, 16
2026/09/25 13:15:21.354, 0, P1, 2820 MHz, 13365 MHz, 495.67 W, 600.00 W, 600.00 W, 75, 17140 MiB, 100 %, 5, 16
2026/09/25 13:15:21.605, 0, P1, 2820 MHz, 13365 MHz, 495.67 W, 600.00 W, 600.00 W, 75, 17140 MiB, 100 %, 5, 16
2026/09/25 13:15:21.855, 0, P1, 2812 MHz, 13365 MHz, 486.21 W, 600.00 W, 600.00 W, 75, 17140 MiB, 100 %, 5, 16
2026/09/25 13:15:22.106, 0, P1, 2812 MHz, 13365 MHz, 486.21 W, 600.00 W, 600.00 W, 75, 17140 MiB, 100 %, 5, 16
2026/09/25 13:15:22.357, 0, P1, 2812 MHz, 13365 MHz, 471.21 W, 600.00 W, 600.00 W, 75, 17140 MiB, 100 %, 5, 16
2026/09/25 13:15:22.608, 0, P1, 2812 MHz, 13365 MHz, 471.21 W, 600.00 W, 600.00 W, 75, 17140 MiB, 100 %, 5, 16
2026/09/25 13:15:22.859, 0, P1, 2820 MHz, 13365 MHz, 487.80 W, 600.00 W, 600.00 W, 76, 17140 MiB, 100 %, 5, 16
2026/09/25 13:15:23.110, 0, P1, 2820 MHz, 13365 MHz, 487.80 W, 600.00 W, 600.00 W, 76, 17140 MiB, 100 %, 5, 16
2026/09/25 13:15:23.360, 0, P1, 2820 MHz, 13365 MHz, 451.97 W, 600.00 W, 600.00 W, 70, 2 MiB, 0 %, 5, 16
2026/09/25 13:15:23.611, 0, P1, 2820 MHz, 13365 MHz, 451.97 W, 600.00 W, 600.00 W, 70, 2 MiB, 0 %, 5, 16
2026/09/25 13:15:23.862, 0, P0, 2842 MHz, 14001 MHz, 261.70 W, 600.00 W, 600.00 W, 68, 2 MiB, 0 %, 5, 16
