1790401360231 [server] build: memra-0.138.0-1b6a50b0cc1c (id: source-tree, git: 87d9e00d16ea)
1790401360231 [server] starting; models config = [("q38", "/root/artifacts/Qwen3.8-27B-NVFP4-Q5K-mtp.gguf", None)]
1790401360231 [gpu-watch] Xid source: journalctl -k -f (/dev/kmsg unreadable — kernel.dmesg_restrict)
1790401360231 [worker-affinity] off (MEMRA_WORKER_CPUSET / MEMRA_WORKER_AFFINITY unset or =0)
1790401360431 [gpu-watch] on: every 60s, probe deadline 10s, fatal after 3 consecutive misses (MEMRA_GPU_PROBE_MISSES), fatal Xid [48, 64, 79, 94, 95, 119, 120]
1790401360502 [worker] Engine ready (device=0, MEMRA_FAST=true)
1790401360502 [spec-gate] policy placement=single-or-non-pp2 LOW=2 HIGH=4 source=placement-default spec-admission=on
1790401360502 [spec-k] automatic table: prompt<1024 -> K=3; cold-long -> K=3; prompt>= 1024 and cached>= 1024 -> K=2 (K=5 when the loaded MTP head is rank-trimmed)
1790401360502 [worker] loading model "q38" <- /root/artifacts/Qwen3.8-27B-NVFP4-Q5K-mtp.gguf
1790401360539 [tensor-contract] bound 866 semantic tensors (pack qwen35, Gguf, output head Separate); every census tensor is claimed and every required tensor is present with its declared shape and storage
1790401365592 [worker]   loaded "q38": 65 layers, eos=248046, stop=[248046]
1790401365592 [worker] q38: template caps tools=true think=true think_switch=true chat_ok=true effort_levels=false qwen_effort=true gemma_think=false dsv4=false glm5=false ctx=262144 tok="qwen35" instruct=Some("chatml") chat_defaults=None/None
1790401365592 [route-contract] model="q38" route=hybrid-worker capacity=64 sessions implemented=[capacity,occupancy,progress,fault-ownership,shutdown-ownership,memory-cost,rewrite-qualification,prime-fairness,service-metrics] refused=[]
1790401365592 [worker] q38: decode wave cap 16; scheduler tick cap 16 (exact-16 tier)
1790401365592 [admission] "q38": plain 29696 B/token, spec 31552 B/token; fixed residual learns from effective-free deltas
1790401365592 [prime-walk] model="q38" route=mtp supported=true yield_door=true [gdn_dspark_compatible=true mtp_head_loaded=true no_hyper_connections=true no_pipeline_cuts=true]
1790401366659 [fa-pool] grow #0 dev=0 o_len 0 -> 399360 ml_len 0 -> 1560 (retired kept, zero=false)
1790401366672 [func] CAPTURE-TIME kernel lookup (not warmed): embed_gather_u32
1790401366672 [func] CAPTURE-TIME kernel lookup (not warmed): inc_i32
1790401366672 [fa-pool] grow #1 dev=0 o_len 399360 -> 798720 ml_len 1560 -> 3120 (retired kept, zero=false)
1790401366672 [func] CAPTURE-TIME kernel lookup (not warmed): fa_decode_vec_q_v4_deep_dc
1790401366672 [func] CAPTURE-TIME kernel lookup (not warmed): fa_decode_combine_f32
1790401366672 [func] CAPTURE-TIME kernel lookup (not warmed): memra_sctr_inc
1790401366672 [func] CAPTURE-TIME kernel lookup (not warmed): gumbel_perturb_filtered_ctr_f32
1790401366674 [spec] draft-session state high-water: 44MB (max of parked delta 44MB and capture-time pool peak 12MB; charged per spec admission and gating future captures)
1790401366700 [fa-pool] grow #2 dev=0 o_len 798720 -> 1597440 ml_len 3120 -> 6240 (retired kept, zero=false)
1790401367086 [device-trim] reason=calibration-complete {"device":0,"reclaimed_bytes":2483027968,"still_owned_bytes":17283255616,"pool_reserved_bytes":17414750208,"pool_cached_bytes":131494592,"driver_free_bytes":83934576640,"synchronization_errors":[]}
1790401367086 [admit-cal] post-probe pool trim: released 2368MB cached back to the driver
1790401367086 [admit-cal] boot calibration done: model="q38" route=mtp transient floor 2196MB (static was 1536MB; measured 2196MB; probe kv charge 127MB, draft-state 44MB, drafted 63 accepted 42; [dev0 peak-mapped 18976MB rest-mapped 16608MB charged 171MB -> 2196MB]; 1.5s)
1790401367086 [admit-predict] shadow armed: budget_bytes=81762758352 budget_src=derived(effective_free_bytes=84066071232 - prefix_cache_budget_bytes=0 - admission_reserve_bytes=2303312880) exempt_tenants=0 enforce=false (logging only, nothing is rejected; enforcement is a separate flip)
1790401367086 [admit-mem] door=OFF open_output_tokens=8192 defer_budget_ms=8000 (admission charges prompt+output, the reclaim flush demotes to the host tier before dropping, and a memory defer past the budget refuses 429 instead of queueing past the client's deadline)
1790401367086 [kv-vmm] door=OFF (MEMRA_KV_ALLOCATOR unset or pooled: pooled K/V planes)
1790401367086 [server] worker ready; serving models: ["q38"]
1790401367087 [server] listening on http://127.0.0.1:18526
1790401367571 [meter] admit id=cmpl-6d8906834030a5122dc4dd420e2f2067 tenant=default lane=interactive model="q38"
1790401367571 [admission] per-session draft-state charge: model="q38" +46MB (measured capture high-water)
1790401367571 [admission] request cost: model="q38" ctx=8192 path=spec = 31552 B/token x ctx + 2005MB prefill-workspace + 0MB fixed = 2263MB
1790401367571 [admit-predict] id=cmpl-6d8906834030a5122dc4dd420e2f2067 tenant="rx-6144-32-0" model="q38" verdict=admit reason=maxtok-fallback prompt=6144 predicted_completion=32 kv_hat=2246434320 booked_bytes=0 booked_real=0 inflight=0 cap=64 budget_bytes=81762758352 retry_after_s=- exempt=0 enforce=0 live_free_bytes=-
1790401367573 [spec-k] model="q38" tenant="rx-6144-32-0" K=3 source=cold-long prompt=6144 cached=0 lcp=0 active=1 wave=1 placement=single-or-non-pp2
1790401367574 [admission] fixed residual high-water: model="q38" 323MB (observed 582MB at ctx 8192 path=spec)
1790401368570 [prime-yield] count=1 remaining=3 chunks=1 wall_ms=996.298 max_chunk_ms=996.298
1790401369103 [prime-yield] count=2 remaining=2 chunks=1 wall_ms=532.613 max_chunk_ms=532.613
1790401369124 [prime-yield] count=3 remaining=1 chunks=1 wall_ms=21.103 max_chunk_ms=21.103
1790401369153 [fa-pool] grow #3 dev=0 o_len 1597440 -> 3194880 ml_len 6240 -> 12480 (retired kept, zero=false)
1790401369384 [spec-acc] ctx=6145 burst=17/42 cum=17/42=0.405
1790401369385 [meter] admit id=cmpl-97f1103aafdc855c0d7bb86ab436ae9e tenant=default lane=interactive model="q38"
1790401369397 [admission] per-session draft-state charge: model="q38" +46MB (measured capture high-water)
1790401369397 [admission] request cost: model="q38" ctx=8192 path=spec = 31552 B/token x ctx + 2007MB prefill-workspace + 323MB fixed = 2588MB
1790401369397 [admit-predict] id=cmpl-97f1103aafdc855c0d7bb86ab436ae9e tenant="rx-6144-32-0" model="q38" verdict=admit reason=global-p95 prompt=6240 predicted_completion=32 kv_hat=2574522216 booked_bytes=0 booked_real=0 inflight=0 cap=64 budget_bytes=81762758352 retry_after_s=- exempt=0 enforce=0 live_free_bytes=-
1790401369398 [worker] spec-affinity: declined (identity did not nominate; 1 parked, 6240 prompt tokens; model q38)
1790401369398 [spec-k] model="q38" tenant="rx-6144-32-0" K=3 source=cold-long prompt=6240 cached=0 lcp=0 active=1 wave=1 placement=single-or-non-pp2
1790401370395 [prime-yield] count=1 remaining=3 chunks=1 wall_ms=997.517 max_chunk_ms=997.517
1790401370957 [prime-yield] count=2 remaining=2 chunks=1 wall_ms=561.058 max_chunk_ms=561.058
1790401370978 [prime-yield] count=3 remaining=1 chunks=1 wall_ms=21.108 max_chunk_ms=21.108
1790401371190 [spec-acc] ctx=6241 burst=21/33 cum=21/33=0.636
1790401371191 [meter] admit id=cmpl-38434b73af1725648d6dc5e2e2c51954 tenant=default lane=interactive model="q38"
1790401371204 [admission] per-session draft-state charge: model="q38" +46MB (measured capture high-water)
1790401371204 [admission] request cost: model="q38" ctx=8192 path=spec = 31552 B/token x ctx + 2009MB prefill-workspace + 323MB fixed = 2590MB
1790401371204 [admit-predict] id=cmpl-38434b73af1725648d6dc5e2e2c51954 tenant="rx-6144-32-0" model="q38" verdict=admit reason=global-p95 prompt=6336 predicted_completion=32 kv_hat=2579517288 booked_bytes=0 booked_real=0 inflight=0 cap=64 budget_bytes=81762758352 retry_after_s=- exempt=0 enforce=0 live_free_bytes=-
1790401371204 [worker] spec-affinity: declined (identity did not nominate; 2 parked, 6336 prompt tokens; model q38)
1790401371204 [spec-k] model="q38" tenant="rx-6144-32-0" K=3 source=cold-long prompt=6336 cached=0 lcp=0 active=1 wave=1 placement=single-or-non-pp2
1790401372203 [prime-yield] count=1 remaining=3 chunks=1 wall_ms=999.263 max_chunk_ms=999.263
1790401372790 [prime-yield] count=2 remaining=2 chunks=1 wall_ms=587.058 max_chunk_ms=587.058
1790401372812 [prime-yield] count=3 remaining=1 chunks=1 wall_ms=21.094 max_chunk_ms=21.094
1790401373073 [spec-acc] ctx=6337 burst=16/42 cum=16/42=0.381
1790401373075 [meter] admit id=cmpl-d7891f253910ee88d2310c3bd95b4574 tenant=default lane=interactive model="q38"
1790401373087 [admission] per-session draft-state charge: model="q38" +46MB (measured capture high-water)
1790401373087 [admission] request cost: model="q38" ctx=8192 path=spec = 31552 B/token x ctx + 2005MB prefill-workspace + 323MB fixed = 2586MB
1790401373087 [admit-predict] id=cmpl-d7891f253910ee88d2310c3bd95b4574 tenant="rxc-6144-32-0-1" model="q38" verdict=admit reason=global-p95 prompt=6144 predicted_completion=32 kv_hat=2569527144 booked_bytes=0 booked_real=0 inflight=0 cap=64 budget_bytes=81762758352 retry_after_s=- exempt=0 enforce=0 live_free_bytes=-
1790401373087 [spec-k] model="q38" tenant="rxc-6144-32-0-1" K=3 source=cold-long prompt=6144 cached=0 lcp=0 active=1 wave=1 placement=single-or-non-pp2
1790401374088 [prime-yield] count=1 remaining=3 chunks=1 wall_ms=1000.317 max_chunk_ms=1000.317
1790401374623 [prime-yield] count=2 remaining=2 chunks=1 wall_ms=534.680 max_chunk_ms=534.680
1790401374644 [prime-yield] count=3 remaining=1 chunks=1 wall_ms=21.073 max_chunk_ms=21.073
1790401374903 [spec-acc] ctx=6145 burst=17/42 cum=17/42=0.405
1790401374910 [meter] admit id=cmpl-99ce6e886e03bab44754788c3821e5ee tenant=default lane=interactive model="q38"
1790401374917 [admission] per-session draft-state charge: model="q38" +46MB (measured capture high-water)
1790401374917 [admission] request cost: model="q38" ctx=8192 path=spec = 31552 B/token x ctx + 2007MB prefill-workspace + 323MB fixed = 2588MB
1790401374917 [admit-predict] id=cmpl-99ce6e886e03bab44754788c3821e5ee tenant="rxc-6144-32-0-2" model="q38" verdict=admit reason=global-p95 prompt=6240 predicted_completion=32 kv_hat=2574522216 booked_bytes=0 booked_real=0 inflight=0 cap=64 budget_bytes=81762758352 retry_after_s=- exempt=0 enforce=0 live_free_bytes=-
1790401374918 [spec-k] model="q38" tenant="rxc-6144-32-0-2" K=3 source=cold-long prompt=6240 cached=0 lcp=0 active=1 wave=1 placement=single-or-non-pp2
1790401375920 [prime-yield] count=1 remaining=3 chunks=1 wall_ms=1001.762 max_chunk_ms=1001.762
1790401376483 [prime-yield] count=2 remaining=2 chunks=1 wall_ms=563.358 max_chunk_ms=563.358
1790401376504 [prime-yield] count=3 remaining=1 chunks=1 wall_ms=21.191 max_chunk_ms=21.191
1790401376714 [spec-acc] ctx=6241 burst=21/33 cum=21/33=0.636
1790401376720 [meter] admit id=cmpl-5df318e54da55340a51b74bbea8378d5 tenant=default lane=interactive model="q38"
1790401376728 [admission] per-session draft-state charge: model="q38" +46MB (measured capture high-water)
1790401376728 [admission] request cost: model="q38" ctx=8192 path=spec = 31552 B/token x ctx + 2009MB prefill-workspace + 323MB fixed = 2590MB
1790401376728 [admit-predict] id=cmpl-5df318e54da55340a51b74bbea8378d5 tenant="rxc-6144-32-0-3" model="q38" verdict=admit reason=global-p95 prompt=6336 predicted_completion=32 kv_hat=2579517288 booked_bytes=0 booked_real=0 inflight=0 cap=64 budget_bytes=81762758352 retry_after_s=- exempt=0 enforce=0 live_free_bytes=-
1790401376728 [spec-k] model="q38" tenant="rxc-6144-32-0-3" K=3 source=cold-long prompt=6336 cached=0 lcp=0 active=1 wave=1 placement=single-or-non-pp2
1790401377731 [prime-yield] count=1 remaining=3 chunks=1 wall_ms=1002.578 max_chunk_ms=1002.578
1790401378320 [prime-yield] count=2 remaining=2 chunks=1 wall_ms=589.253 max_chunk_ms=589.253
1790401378341 [prime-yield] count=3 remaining=1 chunks=1 wall_ms=21.134 max_chunk_ms=21.134
1790401378602 [spec-acc] ctx=6337 burst=16/42 cum=16/42=0.381
1790401378608 [meter] admit id=cmpl-927a6e8454ce87a3255fe40f799518b3 tenant=default lane=interactive model="q38"
1790401378616 [admission] per-session draft-state charge: model="q38" +46MB (measured capture high-water)
1790401378616 [admission] request cost: model="q38" ctx=8192 path=spec = 31552 B/token x ctx + 2005MB prefill-workspace + 323MB fixed = 2586MB
1790401378616 [admit-predict] id=cmpl-927a6e8454ce87a3255fe40f799518b3 tenant="rx-6144-32-1" model="q38" verdict=admit reason=global-p95 prompt=6144 predicted_completion=32 kv_hat=2569527144 booked_bytes=0 booked_real=0 inflight=0 cap=64 budget_bytes=81762758352 retry_after_s=- exempt=0 enforce=0 live_free_bytes=-
1790401378617 [spec-k] model="q38" tenant="rx-6144-32-1" K=3 source=cold-long prompt=6144 cached=0 lcp=0 active=1 wave=1 placement=single-or-non-pp2
1790401379621 [prime-yield] count=1 remaining=3 chunks=1 wall_ms=1004.389 max_chunk_ms=1004.389
1790401380157 [prime-yield] count=2 remaining=2 chunks=1 wall_ms=536.453 max_chunk_ms=536.453
1790401380179 [prime-yield] count=3 remaining=1 chunks=1 wall_ms=21.076 max_chunk_ms=21.076
1790401380472 [spec-acc] ctx=6145 burst=16/48 cum=16/48=0.333
1790401380478 [meter] admit id=cmpl-5c657d3a9ba6d98bb714fceab638520a tenant=default lane=interactive model="q38"
1790401380485 [admission] per-session draft-state charge: model="q38" +46MB (measured capture high-water)
1790401380485 [admission] request cost: model="q38" ctx=8192 path=spec = 31552 B/token x ctx + 2007MB prefill-workspace + 323MB fixed = 2588MB
1790401380485 [admit-predict] id=cmpl-5c657d3a9ba6d98bb714fceab638520a tenant="rx-6144-32-1" model="q38" verdict=admit reason=global-p95 prompt=6240 predicted_completion=32 kv_hat=2574522216 booked_bytes=0 booked_real=0 inflight=0 cap=64 budget_bytes=81762758352 retry_after_s=- exempt=0 enforce=0 live_free_bytes=-
1790401380486 [worker] spec-affinity: declined (identity did not nominate; 1 parked, 6240 prompt tokens; model q38)
1790401380486 [spec-k] model="q38" tenant="rx-6144-32-1" K=3 source=cold-long prompt=6240 cached=0 lcp=0 active=1 wave=1 placement=single-or-non-pp2
1790401381491 [prime-yield] count=1 remaining=3 chunks=1 wall_ms=1005.066 max_chunk_ms=1005.066
1790401382056 [prime-yield] count=2 remaining=2 chunks=1 wall_ms=565.036 max_chunk_ms=565.036
1790401382077 [prime-yield] count=3 remaining=1 chunks=1 wall_ms=21.173 max_chunk_ms=21.173
1790401382304 [spec-acc] ctx=6241 burst=18/36 cum=18/36=0.500
1790401382310 [meter] admit id=cmpl-bff72777d81f9b8f18de73ab900a2d98 tenant=default lane=interactive model="q38"
1790401382318 [admission] per-session draft-state charge: model="q38" +46MB (measured capture high-water)
1790401382318 [admission] request cost: model="q38" ctx=8192 path=spec = 31552 B/token x ctx + 2009MB prefill-workspace + 323MB fixed = 2590MB
1790401382318 [admit-predict] id=cmpl-bff72777d81f9b8f18de73ab900a2d98 tenant="rx-6144-32-1" model="q38" verdict=admit reason=global-p95 prompt=6336 predicted_completion=32 kv_hat=2579517288 booked_bytes=0 booked_real=0 inflight=0 cap=64 budget_bytes=81762758352 retry_after_s=- exempt=0 enforce=0 live_free_bytes=-
1790401382318 [worker] spec-reuse: 6272 committed tokens resumed [sampler=equivalent] (model q38)
1790401382318 [spec-k] model="q38" tenant="rx-6144-32-1" K=2 source=cached-long prompt=6336 cached=6272 lcp=0 active=1 wave=1 placement=single-or-non-pp2
1790401382727 [spec-acc] ctx=64 burst=14/34 cum=14/34=0.412
1790401382734 [meter] admit id=cmpl-abd9a2a8721a628f8c54e00bbdd9d585 tenant=default lane=interactive model="q38"
1790401382740 [admission] per-session draft-state charge: model="q38" +46MB (measured capture high-water)
1790401382740 [admission] request cost: model="q38" ctx=8192 path=spec = 31552 B/token x ctx + 2005MB prefill-workspace + 323MB fixed = 2586MB
1790401382740 [admit-predict] id=cmpl-abd9a2a8721a628f8c54e00bbdd9d585 tenant="rxc-6144-32-1-1" model="q38" verdict=admit reason=global-p95 prompt=6144 predicted_completion=32 kv_hat=2569527144 booked_bytes=0 booked_real=0 inflight=0 cap=64 budget_bytes=81762758352 retry_after_s=- exempt=0 enforce=0 live_free_bytes=-
1790401382741 [spec-k] model="q38" tenant="rxc-6144-32-1-1" K=3 source=cold-long prompt=6144 cached=0 lcp=0 active=1 wave=1 placement=single-or-non-pp2
1790401383748 [prime-yield] count=1 remaining=3 chunks=1 wall_ms=1006.785 max_chunk_ms=1006.785
1790401384286 [prime-yield] count=2 remaining=2 chunks=1 wall_ms=537.959 max_chunk_ms=537.959
1790401384307 [prime-yield] count=3 remaining=1 chunks=1 wall_ms=21.135 max_chunk_ms=21.135
1790401384600 [spec-acc] ctx=6145 burst=16/48 cum=16/48=0.333
1790401384606 [meter] admit id=cmpl-58f4c7385ab998550fd479125dfb4e09 tenant=default lane=interactive model="q38"
1790401384614 [admission] per-session draft-state charge: model="q38" +46MB (measured capture high-water)
1790401384614 [admission] request cost: model="q38" ctx=8192 path=spec = 31552 B/token x ctx + 2007MB prefill-workspace + 323MB fixed = 2588MB
1790401384614 [admit-predict] id=cmpl-58f4c7385ab998550fd479125dfb4e09 tenant="rxc-6144-32-1-2" model="q38" verdict=admit reason=global-p95 prompt=6240 predicted_completion=32 kv_hat=2574522216 booked_bytes=0 booked_real=0 inflight=0 cap=64 budget_bytes=81762758352 retry_after_s=- exempt=0 enforce=0 live_free_bytes=-
1790401384614 [spec-k] model="q38" tenant="rxc-6144-32-1-2" K=3 source=cold-long prompt=6240 cached=0 lcp=0 active=1 wave=1 placement=single-or-non-pp2
1790401385623 [prime-yield] count=1 remaining=3 chunks=1 wall_ms=1008.576 max_chunk_ms=1008.576
1790401386190 [prime-yield] count=2 remaining=2 chunks=1 wall_ms=567.041 max_chunk_ms=567.041
1790401386211 [prime-yield] count=3 remaining=1 chunks=1 wall_ms=21.081 max_chunk_ms=21.081
1790401386438 [spec-acc] ctx=6241 burst=18/36 cum=18/36=0.500
1790401386443 [meter] admit id=cmpl-07aa022c4ff21a288383251673fb8763 tenant=default lane=interactive model="q38"
1790401386451 [admission] per-session draft-state charge: model="q38" +46MB (measured capture high-water)
1790401386451 [admission] request cost: model="q38" ctx=8192 path=spec = 31552 B/token x ctx + 2009MB prefill-workspace + 323MB fixed = 2590MB
1790401386451 [admit-predict] id=cmpl-07aa022c4ff21a288383251673fb8763 tenant="rxc-6144-32-1-3" model="q38" verdict=admit reason=global-p95 prompt=6336 predicted_completion=32 kv_hat=2579517288 booked_bytes=0 booked_real=0 inflight=0 cap=64 budget_bytes=81762758352 retry_after_s=- exempt=0 enforce=0 live_free_bytes=-
1790401386452 [spec-k] model="q38" tenant="rxc-6144-32-1-3" K=3 source=cold-long prompt=6336 cached=0 lcp=0 active=1 wave=1 placement=single-or-non-pp2
1790401387461 [prime-yield] count=1 remaining=3 chunks=1 wall_ms=1009.581 max_chunk_ms=1009.581
1790401388054 [prime-yield] count=2 remaining=2 chunks=1 wall_ms=593.029 max_chunk_ms=593.029
1790401388076 [prime-yield] count=3 remaining=1 chunks=1 wall_ms=21.137 max_chunk_ms=21.137
1790401388387 [spec-acc] ctx=6337 burst=13/51 cum=13/51=0.255
1790401388393 [meter] admit id=cmpl-61c2de32462852d6119a2810fe9eb4eb tenant=default lane=interactive model="q38"
1790401388400 [admission] per-session draft-state charge: model="q38" +46MB (measured capture high-water)
1790401388400 [admission] request cost: model="q38" ctx=8192 path=spec = 31552 B/token x ctx + 2005MB prefill-workspace + 323MB fixed = 2586MB
1790401388400 [admit-predict] id=cmpl-61c2de32462852d6119a2810fe9eb4eb tenant="rx-6144-32-2" model="q38" verdict=admit reason=global-p95 prompt=6144 predicted_completion=32 kv_hat=2569527144 booked_bytes=0 booked_real=0 inflight=0 cap=64 budget_bytes=81762758352 retry_after_s=- exempt=0 enforce=0 live_free_bytes=-
1790401388401 [spec-k] model="q38" tenant="rx-6144-32-2" K=3 source=cold-long prompt=6144 cached=0 lcp=0 active=1 wave=1 placement=single-or-non-pp2
1790401389412 [prime-yield] count=1 remaining=3 chunks=1 wall_ms=1011.299 max_chunk_ms=1011.299
1790401389952 [prime-yield] count=2 remaining=2 chunks=1 wall_ms=539.305 max_chunk_ms=539.305
1790401389973 [prime-yield] count=3 remaining=1 chunks=1 wall_ms=21.128 max_chunk_ms=21.128
1790401390165 [spec-acc] ctx=6145 burst=20/30 cum=20/30=0.667
1790401390169 [meter] admit id=cmpl-f91599433d8d415beecf47db37c14156 tenant=default lane=interactive model="q38"
1790401390179 [admission] per-session draft-state charge: model="q38" +46MB (measured capture high-water)
1790401390179 [admission] request cost: model="q38" ctx=8192 path=spec = 31552 B/token x ctx + 2007MB prefill-workspace + 323MB fixed = 2588MB
1790401390179 [admit-predict] id=cmpl-f91599433d8d415beecf47db37c14156 tenant="rx-6144-32-2" model="q38" verdict=admit reason=global-p95 prompt=6240 predicted_completion=32 kv_hat=2574522216 booked_bytes=0 booked_real=0 inflight=0 cap=64 budget_bytes=81762758352 retry_after_s=- exempt=0 enforce=0 live_free_bytes=-
1790401390179 [worker] spec-reuse: 6176 committed tokens resumed [sampler=equivalent] (model q38)
1790401390179 [spec-k] model="q38" tenant="rx-6144-32-2" K=2 source=cached-long prompt=6240 cached=6176 lcp=0 active=1 wave=1 placement=single-or-non-pp2
1790401390603 [spec-acc] ctx=64 burst=14/36 cum=14/36=0.389
1790401390607 [meter] admit id=cmpl-413d758d281b95247d9d54964a7bf66d tenant=default lane=interactive model="q38"
1790401390616 [admission] per-session draft-state charge: model="q38" +46MB (measured capture high-water)
1790401390616 [admission] request cost: model="q38" ctx=8192 path=spec = 31552 B/token x ctx + 2009MB prefill-workspace + 323MB fixed = 2590MB
1790401390616 [admit-predict] id=cmpl-413d758d281b95247d9d54964a7bf66d tenant="rx-6144-32-2" model="q38" verdict=admit reason=global-p95 prompt=6336 predicted_completion=32 kv_hat=2579517288 booked_bytes=0 booked_real=0 inflight=0 cap=64 budget_bytes=81762758352 retry_after_s=- exempt=0 enforce=0 live_free_bytes=-
1790401390616 [worker] spec-affinity: declined (identity did not nominate; 1 parked, 6336 prompt tokens; model q38)
1790401390617 [spec-k] model="q38" tenant="rx-6144-32-2" K=3 source=cold-long prompt=6336 cached=0 lcp=0 active=1 wave=1 placement=single-or-non-pp2
1790401391628 [prime-yield] count=1 remaining=3 chunks=1 wall_ms=1011.271 max_chunk_ms=1011.271
1790401392222 [prime-yield] count=2 remaining=2 chunks=1 wall_ms=594.308 max_chunk_ms=594.308
1790401392244 [prime-yield] count=3 remaining=1 chunks=1 wall_ms=21.244 max_chunk_ms=21.244
1790401392538 [spec-acc] ctx=6337 burst=17/48 cum=17/48=0.354
1790401392539 [meter] admit id=cmpl-3cd491afe722554c17be282a8693de39 tenant=default lane=interactive model="q38"
1790401392551 [admission] per-session draft-state charge: model="q38" +46MB (measured capture high-water)
1790401392551 [admission] request cost: model="q38" ctx=8192 path=spec = 31552 B/token x ctx + 2005MB prefill-workspace + 323MB fixed = 2586MB
1790401392551 [admit-predict] id=cmpl-3cd491afe722554c17be282a8693de39 tenant="rxc-6144-32-2-1" model="q38" verdict=admit reason=global-p95 prompt=6144 predicted_completion=32 kv_hat=2569527144 booked_bytes=0 booked_real=0 inflight=0 cap=64 budget_bytes=81762758352 retry_after_s=- exempt=0 enforce=0 live_free_bytes=-
1790401392552 [spec-k] model="q38" tenant="rxc-6144-32-2-1" K=3 source=cold-long prompt=6144 cached=0 lcp=0 active=1 wave=1 placement=single-or-non-pp2
1790401393565 [prime-yield] count=1 remaining=3 chunks=1 wall_ms=1012.870 max_chunk_ms=1012.870
1790401394105 [prime-yield] count=2 remaining=2 chunks=1 wall_ms=540.663 max_chunk_ms=540.663
1790401394127 [prime-yield] count=3 remaining=1 chunks=1 wall_ms=21.156 max_chunk_ms=21.156
1790401394319 [spec-acc] ctx=6145 burst=20/30 cum=20/30=0.667
1790401394320 [meter] admit id=cmpl-63cae0653b22e5fd121fa28bd54170c5 tenant=default lane=interactive model="q38"
1790401394333 [admission] per-session draft-state charge: model="q38" +46MB (measured capture high-water)
1790401394333 [admission] request cost: model="q38" ctx=8192 path=spec = 31552 B/token x ctx + 2007MB prefill-workspace + 323MB fixed = 2588MB
1790401394333 [admit-predict] id=cmpl-63cae0653b22e5fd121fa28bd54170c5 tenant="rxc-6144-32-2-2" model="q38" verdict=admit reason=global-p95 prompt=6240 predicted_completion=32 kv_hat=2574522216 booked_bytes=0 booked_real=0 inflight=0 cap=64 budget_bytes=81762758352 retry_after_s=- exempt=0 enforce=0 live_free_bytes=-
1790401394333 [spec-k] model="q38" tenant="rxc-6144-32-2-2" K=3 source=cold-long prompt=6240 cached=0 lcp=0 active=1 wave=1 placement=single-or-non-pp2
1790401395347 [prime-yield] count=1 remaining=3 chunks=1 wall_ms=1014.075 max_chunk_ms=1014.075
1790401395917 [prime-yield] count=2 remaining=2 chunks=1 wall_ms=569.697 max_chunk_ms=569.697
1790401395938 [prime-yield] count=3 remaining=1 chunks=1 wall_ms=21.192 max_chunk_ms=21.192
1790401396198 [spec-acc] ctx=6241 burst=17/42 cum=17/42=0.405
1790401396200 [meter] admit id=cmpl-5865d1550c193ce049ee76f2375269bd tenant=default lane=interactive model="q38"
1790401396212 [admission] per-session draft-state charge: model="q38" +46MB (measured capture high-water)
1790401396212 [admission] request cost: model="q38" ctx=8192 path=spec = 31552 B/token x ctx + 2009MB prefill-workspace + 323MB fixed = 2590MB
1790401396212 [admit-predict] id=cmpl-5865d1550c193ce049ee76f2375269bd tenant="rxc-6144-32-2-3" model="q38" verdict=admit reason=global-p95 prompt=6336 predicted_completion=32 kv_hat=2579517288 booked_bytes=0 booked_real=0 inflight=0 cap=64 budget_bytes=81762758352 retry_after_s=- exempt=0 enforce=0 live_free_bytes=-
1790401396213 [spec-k] model="q38" tenant="rxc-6144-32-2-3" K=3 source=cold-long prompt=6336 cached=0 lcp=0 active=1 wave=1 placement=single-or-non-pp2
1790401397228 [prime-yield] count=1 remaining=3 chunks=1 wall_ms=1015.253 max_chunk_ms=1015.253
1790401397824 [prime-yield] count=2 remaining=2 chunks=1 wall_ms=596.153 max_chunk_ms=596.153
1790401397845 [prime-yield] count=3 remaining=1 chunks=1 wall_ms=21.192 max_chunk_ms=21.192
1790401398140 [spec-acc] ctx=6337 burst=17/48 cum=17/48=0.354
1790401398142 [meter] admit id=cmpl-091db7580ec95a0a665ba44f44340341 tenant=default lane=interactive model="q38"
1790401398154 [admission] per-session draft-state charge: model="q38" +46MB (measured capture high-water)
1790401398154 [admission] request cost: model="q38" ctx=8192 path=spec = 31552 B/token x ctx + 2005MB prefill-workspace + 323MB fixed = 2586MB
1790401398154 [admit-predict] id=cmpl-091db7580ec95a0a665ba44f44340341 tenant="rx-6144-32-3" model="q38" verdict=admit reason=global-p95 prompt=6144 predicted_completion=32 kv_hat=2569527144 booked_bytes=0 booked_real=0 inflight=0 cap=64 budget_bytes=81762758352 retry_after_s=- exempt=0 enforce=0 live_free_bytes=-
1790401398154 [spec-k] model="q38" tenant="rx-6144-32-3" K=3 source=cold-long prompt=6144 cached=0 lcp=0 active=1 wave=1 placement=single-or-non-pp2
1790401399170 [prime-yield] count=1 remaining=3 chunks=1 wall_ms=1015.523 max_chunk_ms=1015.523
1790401399713 [prime-yield] count=2 remaining=2 chunks=1 wall_ms=542.801 max_chunk_ms=542.801
1790401399734 [prime-yield] count=3 remaining=1 chunks=1 wall_ms=21.185 max_chunk_ms=21.185
1790401399977 [spec-acc] ctx=6145 burst=17/39 cum=17/39=0.436
1790401399979 [meter] admit id=cmpl-dcb3f72a25d6d789622689294d9275ba tenant=default lane=interactive model="q38"
1790401399991 [admission] per-session draft-state charge: model="q38" +46MB (measured capture high-water)
1790401399991 [admission] request cost: model="q38" ctx=8192 path=spec = 31552 B/token x ctx + 2007MB prefill-workspace + 323MB fixed = 2588MB
1790401399991 [admit-predict] id=cmpl-dcb3f72a25d6d789622689294d9275ba tenant="rx-6144-32-3" model="q38" verdict=admit reason=global-p95 prompt=6240 predicted_completion=32 kv_hat=2574522216 booked_bytes=0 booked_real=0 inflight=0 cap=64 budget_bytes=81762758352 retry_after_s=- exempt=0 enforce=0 live_free_bytes=-
1790401399991 [worker] spec-reuse: 6176 committed tokens resumed [sampler=equivalent] (model q38)
1790401399991 [spec-k] model="q38" tenant="rx-6144-32-3" K=2 source=cached-long prompt=6240 cached=6176 lcp=0 active=1 wave=1 placement=single-or-non-pp2
1790401400400 [spec-acc] ctx=64 burst=14/34 cum=14/34=0.412
1790401400402 [meter] admit id=cmpl-4f2393eb245266fbb6db6a4a15612ca9 tenant=default lane=interactive model="q38"
1790401400414 [admission] per-session draft-state charge: model="q38" +46MB (measured capture high-water)
1790401400414 [admission] request cost: model="q38" ctx=8192 path=spec = 31552 B/token x ctx + 2009MB prefill-workspace + 323MB fixed = 2590MB
1790401400414 [admit-predict] id=cmpl-4f2393eb245266fbb6db6a4a15612ca9 tenant="rx-6144-32-3" model="q38" verdict=admit reason=global-p95 prompt=6336 predicted_completion=32 kv_hat=2579517288 booked_bytes=0 booked_real=0 inflight=0 cap=64 budget_bytes=81762758352 retry_after_s=- exempt=0 enforce=0 live_free_bytes=-
1790401400414 [worker] spec-reuse: 6272 committed tokens resumed [sampler=equivalent] (model q38)
1790401400414 [spec-k] model="q38" tenant="rx-6144-32-3" K=2 source=cached-long prompt=6336 cached=6272 lcp=0 active=1 wave=1 placement=single-or-non-pp2
1790401400823 [spec-acc] ctx=64 burst=16/34 cum=16/34=0.471
1790401400825 [meter] admit id=cmpl-7050acc8dbdcbf70006d470544901722 tenant=default lane=interactive model="q38"
1790401400837 [admission] per-session draft-state charge: model="q38" +46MB (measured capture high-water)
1790401400837 [admission] request cost: model="q38" ctx=8192 path=spec = 31552 B/token x ctx + 2005MB prefill-workspace + 323MB fixed = 2586MB
1790401400837 [admit-predict] id=cmpl-7050acc8dbdcbf70006d470544901722 tenant="rxc-6144-32-3-1" model="q38" verdict=admit reason=global-p95 prompt=6144 predicted_completion=32 kv_hat=2569527144 booked_bytes=0 booked_real=0 inflight=0 cap=64 budget_bytes=81762758352 retry_after_s=- exempt=0 enforce=0 live_free_bytes=-
1790401400837 [spec-k] model="q38" tenant="rxc-6144-32-3-1" K=3 source=cold-long prompt=6144 cached=0 lcp=0 active=1 wave=1 placement=single-or-non-pp2
1790401401854 [prime-yield] count=1 remaining=3 chunks=1 wall_ms=1016.543 max_chunk_ms=1016.543
1790401402397 [prime-yield] count=2 remaining=2 chunks=1 wall_ms=542.989 max_chunk_ms=542.989
1790401402418 [prime-yield] count=3 remaining=1 chunks=1 wall_ms=21.258 max_chunk_ms=21.258
1790401402662 [spec-acc] ctx=6145 burst=17/39 cum=17/39=0.436
1790401402663 [meter] admit id=cmpl-d0b9b15303ba136b5e19b31e5f54c89f tenant=default lane=interactive model="q38"
1790401402676 [admission] per-session draft-state charge: model="q38" +46MB (measured capture high-water)
1790401402676 [admission] request cost: model="q38" ctx=8192 path=spec = 31552 B/token x ctx + 2007MB prefill-workspace + 323MB fixed = 2588MB
1790401402676 [admit-predict] id=cmpl-d0b9b15303ba136b5e19b31e5f54c89f tenant="rxc-6144-32-3-2" model="q38" verdict=admit reason=global-p95 prompt=6240 predicted_completion=32 kv_hat=2574522216 booked_bytes=0 booked_real=0 inflight=0 cap=64 budget_bytes=81762758352 retry_after_s=- exempt=0 enforce=0 live_free_bytes=-
1790401402676 [spec-k] model="q38" tenant="rxc-6144-32-3-2" K=3 source=cold-long prompt=6240 cached=0 lcp=0 active=1 wave=1 placement=single-or-non-pp2
1790401403693 [prime-yield] count=1 remaining=3 chunks=1 wall_ms=1017.194 max_chunk_ms=1017.194
1790401404265 [prime-yield] count=2 remaining=2 chunks=1 wall_ms=571.991 max_chunk_ms=571.991
1790401404287 [prime-yield] count=3 remaining=1 chunks=1 wall_ms=21.194 max_chunk_ms=21.194
1790401404581 [spec-acc] ctx=6241 burst=14/48 cum=14/48=0.292
1790401404583 [meter] admit id=cmpl-40760950bc3a2faa904b1673384991d8 tenant=default lane=interactive model="q38"
1790401404595 [admission] per-session draft-state charge: model="q38" +46MB (measured capture high-water)
1790401404595 [admission] request cost: model="q38" ctx=8192 path=spec = 31552 B/token x ctx + 2009MB prefill-workspace + 323MB fixed = 2590MB
1790401404595 [admit-predict] id=cmpl-40760950bc3a2faa904b1673384991d8 tenant="rxc-6144-32-3-3" model="q38" verdict=admit reason=global-p95 prompt=6336 predicted_completion=32 kv_hat=2579517288 booked_bytes=0 booked_real=0 inflight=0 cap=64 budget_bytes=81762758352 retry_after_s=- exempt=0 enforce=0 live_free_bytes=-
1790401404596 [spec-k] model="q38" tenant="rxc-6144-32-3-3" K=3 source=cold-long prompt=6336 cached=0 lcp=0 active=1 wave=1 placement=single-or-non-pp2
1790401405615 [prime-yield] count=1 remaining=3 chunks=1 wall_ms=1018.787 max_chunk_ms=1018.787
1790401406213 [prime-yield] count=2 remaining=2 chunks=1 wall_ms=598.403 max_chunk_ms=598.403
1790401406234 [prime-yield] count=3 remaining=1 chunks=1 wall_ms=21.203 max_chunk_ms=21.203
1790401406546 [spec-acc] ctx=6337 burst=15/51 cum=15/51=0.294
1790401406548 [meter] admit id=cmpl-1fb287b6740595e1923f2b93d2258749 tenant=default lane=interactive model="q38"
1790401406561 [admission] per-session draft-state charge: model="q38" +46MB (measured capture high-water)
1790401406561 [admission] request cost: model="q38" ctx=8192 path=spec = 31552 B/token x ctx + 2005MB prefill-workspace + 323MB fixed = 2586MB
1790401406561 [admit-predict] id=cmpl-1fb287b6740595e1923f2b93d2258749 tenant="rx-6144-32-4" model="q38" verdict=admit reason=global-p95 prompt=6144 predicted_completion=32 kv_hat=2569527144 booked_bytes=0 booked_real=0 inflight=0 cap=64 budget_bytes=81762758352 retry_after_s=- exempt=0 enforce=0 live_free_bytes=-
1790401406561 [spec-k] model="q38" tenant="rx-6144-32-4" K=3 source=cold-long prompt=6144 cached=0 lcp=0 active=1 wave=1 placement=single-or-non-pp2
1790401407581 [prime-yield] count=1 remaining=3 chunks=1 wall_ms=1019.986 max_chunk_ms=1019.986
1790401408125 [prime-yield] count=2 remaining=2 chunks=1 wall_ms=544.116 max_chunk_ms=544.116
1790401408146 [prime-yield] count=3 remaining=1 chunks=1 wall_ms=21.189 max_chunk_ms=21.189
1790401408440 [spec-acc] ctx=6145 burst=17/48 cum=17/48=0.354
1790401408442 [meter] admit id=cmpl-9925dea047b982d8689b03f80eb2a266 tenant=default lane=interactive model="q38"
1790401408455 [admission] per-session draft-state charge: model="q38" +46MB (measured capture high-water)
1790401408455 [admission] request cost: model="q38" ctx=8192 path=spec = 31552 B/token x ctx + 2007MB prefill-workspace + 323MB fixed = 2588MB
1790401408455 [admit-predict] id=cmpl-9925dea047b982d8689b03f80eb2a266 tenant="rx-6144-32-4" model="q38" verdict=admit reason=global-p95 prompt=6240 predicted_completion=32 kv_hat=2574522216 booked_bytes=0 booked_real=0 inflight=0 cap=64 budget_bytes=81762758352 retry_after_s=- exempt=0 enforce=0 live_free_bytes=-
1790401408455 [worker] spec-affinity: declined (identity did not nominate; 1 parked, 6240 prompt tokens; model q38)
1790401408455 [spec-k] model="q38" tenant="rx-6144-32-4" K=3 source=cold-long prompt=6240 cached=0 lcp=0 active=1 wave=1 placement=single-or-non-pp2
1790401409476 [prime-yield] count=1 remaining=3 chunks=1 wall_ms=1020.866 max_chunk_ms=1020.866
1790401410049 [prime-yield] count=2 remaining=2 chunks=1 wall_ms=573.214 max_chunk_ms=573.214
1790401410071 [prime-yield] count=3 remaining=1 chunks=1 wall_ms=21.236 max_chunk_ms=21.236
1790401410382 [spec-acc] ctx=6241 burst=13/51 cum=13/51=0.255
1790401410383 [meter] admit id=cmpl-e7619b9034f4a8638f8f44f9d2416d91 tenant=default lane=interactive model="q38"
1790401410396 [admission] per-session draft-state charge: model="q38" +46MB (measured capture high-water)
1790401410396 [admission] request cost: model="q38" ctx=8192 path=spec = 31552 B/token x ctx + 2009MB prefill-workspace + 323MB fixed = 2590MB
1790401410396 [admit-predict] id=cmpl-e7619b9034f4a8638f8f44f9d2416d91 tenant="rx-6144-32-4" model="q38" verdict=admit reason=global-p95 prompt=6336 predicted_completion=32 kv_hat=2579517288 booked_bytes=0 booked_real=0 inflight=0 cap=64 budget_bytes=81762758352 retry_after_s=- exempt=0 enforce=0 live_free_bytes=-
1790401410396 [worker] spec-reuse: 6272 committed tokens resumed [sampler=equivalent] (model q38)
1790401410396 [spec-k] model="q38" tenant="rx-6144-32-4" K=2 source=cached-long prompt=6336 cached=6272 lcp=0 active=1 wave=1 placement=single-or-non-pp2
1790401410759 [spec-acc] ctx=64 burst=18/28 cum=18/28=0.643
1790401410760 [meter] admit id=cmpl-7ed0d9c4106af36fe56d4f2b875ff0a8 tenant=default lane=interactive model="q38"
1790401410773 [admission] per-session draft-state charge: model="q38" +46MB (measured capture high-water)
1790401410773 [admission] request cost: model="q38" ctx=8192 path=spec = 31552 B/token x ctx + 2005MB prefill-workspace + 323MB fixed = 2586MB
1790401410773 [admit-predict] id=cmpl-7ed0d9c4106af36fe56d4f2b875ff0a8 tenant="rxc-6144-32-4-1" model="q38" verdict=admit reason=global-p95 prompt=6144 predicted_completion=32 kv_hat=2569527144 booked_bytes=0 booked_real=0 inflight=0 cap=64 budget_bytes=81762758352 retry_after_s=- exempt=0 enforce=0 live_free_bytes=-
1790401410773 [spec-k] model="q38" tenant="rxc-6144-32-4-1" K=3 source=cold-long prompt=6144 cached=0 lcp=0 active=1 wave=1 placement=single-or-non-pp2
1790401411795 [prime-yield] count=1 remaining=3 chunks=1 wall_ms=1021.398 max_chunk_ms=1021.398
1790401412340 [prime-yield] count=2 remaining=2 chunks=1 wall_ms=545.181 max_chunk_ms=545.181
1790401412361 [prime-yield] count=3 remaining=1 chunks=1 wall_ms=21.181 max_chunk_ms=21.181
1790401412655 [spec-acc] ctx=6145 burst=17/48 cum=17/48=0.354
1790401412656 [meter] admit id=cmpl-83516b0da403ac4e4ad385cdbba0880b tenant=default lane=interactive model="q38"
1790401412669 [admission] per-session draft-state charge: model="q38" +46MB (measured capture high-water)
1790401412669 [admission] request cost: model="q38" ctx=8192 path=spec = 31552 B/token x ctx + 2007MB prefill-workspace + 323MB fixed = 2588MB
1790401412669 [admit-predict] id=cmpl-83516b0da403ac4e4ad385cdbba0880b tenant="rxc-6144-32-4-2" model="q38" verdict=admit reason=global-p95 prompt=6240 predicted_completion=32 kv_hat=2574522216 booked_bytes=0 booked_real=0 inflight=0 cap=64 budget_bytes=81762758352 retry_after_s=- exempt=0 enforce=0 live_free_bytes=-
1790401412669 [spec-k] model="q38" tenant="rxc-6144-32-4-2" K=3 source=cold-long prompt=6240 cached=0 lcp=0 active=1 wave=1 placement=single-or-non-pp2
1790401413691 [prime-yield] count=1 remaining=3 chunks=1 wall_ms=1022.157 max_chunk_ms=1022.157
1790401414266 [prime-yield] count=2 remaining=2 chunks=1 wall_ms=574.248 max_chunk_ms=574.248
1790401414287 [prime-yield] count=3 remaining=1 chunks=1 wall_ms=21.215 max_chunk_ms=21.215
1790401414598 [spec-acc] ctx=6241 burst=13/51 cum=13/51=0.255
1790401414599 [meter] admit id=cmpl-f43d621fd0db1ca5c66040446d5aa1df tenant=default lane=interactive model="q38"
1790401414612 [admission] per-session draft-state charge: model="q38" +46MB (measured capture high-water)
1790401414612 [admission] request cost: model="q38" ctx=8192 path=spec = 31552 B/token x ctx + 2009MB prefill-workspace + 323MB fixed = 2590MB
1790401414612 [admit-predict] id=cmpl-f43d621fd0db1ca5c66040446d5aa1df tenant="rxc-6144-32-4-3" model="q38" verdict=admit reason=global-p95 prompt=6336 predicted_completion=32 kv_hat=2579517288 booked_bytes=0 booked_real=0 inflight=0 cap=64 budget_bytes=81762758352 retry_after_s=- exempt=0 enforce=0 live_free_bytes=-
1790401414612 [spec-k] model="q38" tenant="rxc-6144-32-4-3" K=3 source=cold-long prompt=6336 cached=0 lcp=0 active=1 wave=1 placement=single-or-non-pp2
1790401415636 [prime-yield] count=1 remaining=3 chunks=1 wall_ms=1023.494 max_chunk_ms=1023.494
1790401416238 [prime-yield] count=2 remaining=2 chunks=1 wall_ms=601.660 max_chunk_ms=601.660
1790401416259 [prime-yield] count=3 remaining=1 chunks=1 wall_ms=21.236 max_chunk_ms=21.236
1790401416503 [spec-acc] ctx=6337 burst=19/39 cum=19/39=0.487
1790401416504 [meter] admit id=cmpl-677f4e8716b59e950cc32e1bbb3a3258 tenant=default lane=interactive model="q38"
1790401416517 [admission] per-session draft-state charge: model="q38" +46MB (measured capture high-water)
1790401416517 [admission] request cost: model="q38" ctx=8192 path=spec = 31552 B/token x ctx + 2005MB prefill-workspace + 323MB fixed = 2586MB
1790401416517 [admit-predict] id=cmpl-677f4e8716b59e950cc32e1bbb3a3258 tenant="rx-6144-256-0" model="q38" verdict=admit reason=global-p95 prompt=6144 predicted_completion=32 kv_hat=2569527144 booked_bytes=0 booked_real=0 inflight=0 cap=64 budget_bytes=81762758352 retry_after_s=- exempt=0 enforce=0 live_free_bytes=-
1790401416517 [spec-k] model="q38" tenant="rx-6144-256-0" K=3 source=cold-long prompt=6144 cached=0 lcp=0 active=1 wave=1 placement=single-or-non-pp2
1790401417542 [prime-yield] count=1 remaining=3 chunks=1 wall_ms=1024.907 max_chunk_ms=1024.907
1790401418089 [prime-yield] count=2 remaining=2 chunks=1 wall_ms=546.476 max_chunk_ms=546.476
1790401418110 [prime-yield] count=3 remaining=1 chunks=1 wall_ms=21.194 max_chunk_ms=21.194
1790401418404 [spec-acc] ctx=6145 burst=16/48 cum=16/48=0.333
1790401418690 [spec-acc] ctx=6178 burst=15/51 cum=31/99=0.313
1790401418943 [spec-acc] ctx=6210 burst=18/45 cum=49/144=0.340
1790401419212 [spec-acc] ctx=6243 burst=18/48 cum=67/192=0.349
1790401419498 [spec-acc] ctx=6277 burst=16/51 cum=83/243=0.342
1790401419734 [spec-acc] ctx=6310 burst=19/42 cum=102/285=0.358
1790401419987 [spec-acc] ctx=6343 burst=18/45 cum=120/330=0.364
1790401420156 [spec-acc] ctx=6376 burst=15/30 cum=135/360=0.375
1790401420158 [meter] admit id=cmpl-294d567154da9268f61a45fbc1969b8d tenant=default lane=interactive model="q38"
1790401420170 [admission] per-session draft-state charge: model="q38" +46MB (measured capture high-water)
1790401420170 [admission] request cost: model="q38" ctx=8192 path=spec = 31552 B/token x ctx + 2011MB prefill-workspace + 323MB fixed = 2593MB
1790401420170 [admit-predict] id=cmpl-294d567154da9268f61a45fbc1969b8d tenant="rx-6144-256-0" model="q38" verdict=admit reason=global-p95 prompt=6464 predicted_completion=32 kv_hat=2586177384 booked_bytes=0 booked_real=0 inflight=0 cap=64 budget_bytes=81762758352 retry_after_s=- exempt=0 enforce=0 live_free_bytes=-
1790401420170 [worker] spec-affinity: declined (identity did not nominate; 1 parked, 6464 prompt tokens; model q38)
1790401420171 [spec-k] model="q38" tenant="rx-6144-256-0" K=3 source=cold-long prompt=6464 cached=0 lcp=0 active=1 wave=1 placement=single-or-non-pp2
1790401421196 [prime-yield] count=1 remaining=3 chunks=1 wall_ms=1024.816 max_chunk_ms=1024.816
1790401421841 [prime-yield] count=2 remaining=2 chunks=1 wall_ms=645.287 max_chunk_ms=645.287
1790401421862 [prime-yield] count=3 remaining=1 chunks=1 wall_ms=21.192 max_chunk_ms=21.192
1790401422108 [spec-acc] ctx=6465 burst=19/39 cum=19/39=0.487
1790401422394 [spec-acc] ctx=6498 burst=16/51 cum=35/90=0.389
1790401422630 [spec-acc] ctx=6531 burst=19/42 cum=54/132=0.409
1790401422849 [spec-acc] ctx=6564 burst=21/39 cum=75/171=0.439
1790401423051 [spec-acc] ctx=6598 burst=22/36 cum=97/207=0.469
1790401423219 [spec-acc] ctx=6632 burst=23/30 cum=120/237=0.506
1790401423353 [spec-acc] ctx=6665 burst=24/24 cum=144/261=0.552
1790401423454 [spec-acc] ctx=6697 burst=18/18 cum=162/279=0.581
1790401423456 [meter] admit id=cmpl-4af42737073f53f2c856697477aabe76 tenant=default lane=interactive model="q38"
1790401423468 [admission] per-session draft-state charge: model="q38" +46MB (measured capture high-water)
1790401423468 [admission] request cost: model="q38" ctx=8192 path=spec = 31552 B/token x ctx + 2018MB prefill-workspace + 323MB fixed = 2600MB
1790401423468 [admit-predict] id=cmpl-4af42737073f53f2c856697477aabe76 tenant="rx-6144-256-0" model="q38" verdict=admit reason=global-p95 prompt=6784 predicted_completion=256 kv_hat=2609895272 booked_bytes=0 booked_real=0 inflight=0 cap=64 budget_bytes=81762758352 retry_after_s=- exempt=0 enforce=0 live_free_bytes=-
1790401423468 [worker] spec-affinity: declined (identity did not nominate; 2 parked, 6784 prompt tokens; model q38)
1790401423469 [spec-k] model="q38" tenant="rx-6144-256-0" K=3 source=cold-long prompt=6784 cached=0 lcp=0 active=1 wave=1 placement=single-or-non-pp2
1790401424495 [prime-yield] count=1 remaining=3 chunks=1 wall_ms=1026.816 max_chunk_ms=1026.816
1790401425210 [prime-yield] count=2 remaining=2 chunks=1 wall_ms=714.009 max_chunk_ms=714.009
1790401425231 [prime-yield] count=3 remaining=1 chunks=1 wall_ms=21.187 max_chunk_ms=21.187
1790401425410 [spec-acc] ctx=6785 burst=22/27 cum=22/27=0.815
1790401425580 [spec-acc] ctx=6817 burst=24/30 cum=46/57=0.807
1790401425749 [spec-acc] ctx=6851 burst=23/30 cum=69/87=0.793
1790401425885 [spec-acc] ctx=6884 burst=24/24 cum=93/111=0.838
1790401426038 [spec-acc] ctx=6916 burst=26/27 cum=119/138=0.862
1790401426208 [spec-acc] ctx=6951 burst=22/30 cum=141/168=0.839
1790401426360 [spec-acc] ctx=6983 burst=23/27 cum=164/195=0.841
1790401426479 [spec-acc] ctx=7015 burst=21/21 cum=185/216=0.856
1790401426481 [meter] admit id=cmpl-bb92b974aa8784413009eec6f699ff91 tenant=default lane=interactive model="q38"
1790401426493 [admission] per-session draft-state charge: model="q38" +46MB (measured capture high-water)
1790401426493 [admission] request cost: model="q38" ctx=8192 path=spec = 31552 B/token x ctx + 2005MB prefill-workspace + 323MB fixed = 2586MB
1790401426493 [admit-predict] id=cmpl-bb92b974aa8784413009eec6f699ff91 tenant="rxc-6144-256-0-1" model="q38" verdict=admit reason=global-p95 prompt=6144 predicted_completion=256 kv_hat=2576594792 booked_bytes=0 booked_real=0 inflight=0 cap=64 budget_bytes=81762758352 retry_after_s=- exempt=0 enforce=0 live_free_bytes=-
1790401426493 [spec-k] model="q38" tenant="rxc-6144-256-0-1" K=3 source=cold-long prompt=6144 cached=0 lcp=0 active=1 wave=1 placement=single-or-non-pp2
1790401427522 [prime-yield] count=1 remaining=3 chunks=1 wall_ms=1028.388 max_chunk_ms=1028.388
1790401428071 [prime-yield] count=2 remaining=2 chunks=1 wall_ms=549.167 max_chunk_ms=549.167
1790401428092 [prime-yield] count=3 remaining=1 chunks=1 wall_ms=21.224 max_chunk_ms=21.224
1790401428386 [spec-acc] ctx=6145 burst=16/48 cum=16/48=0.333
1790401428673 [spec-acc] ctx=6178 burst=15/51 cum=31/99=0.313
1790401428926 [spec-acc] ctx=6210 burst=18/45 cum=49/144=0.340
1790401429195 [spec-acc] ctx=6243 burst=18/48 cum=67/192=0.349
1790401429481 [spec-acc] ctx=6277 burst=16/51 cum=83/243=0.342
1790401429717 [spec-acc] ctx=6310 burst=19/42 cum=102/285=0.358
1790401429970 [spec-acc] ctx=6343 burst=18/45 cum=120/330=0.364
1790401430139 [spec-acc] ctx=6376 burst=15/30 cum=135/360=0.375
1790401430141 [meter] admit id=cmpl-cebb6821d45b9bc8bc919c342dfb9aa1 tenant=default lane=interactive model="q38"
1790401430154 [admission] per-session draft-state charge: model="q38" +46MB (measured capture high-water)
1790401430154 [admission] request cost: model="q38" ctx=8192 path=spec = 31552 B/token x ctx + 2011MB prefill-workspace + 323MB fixed = 2593MB
1790401430154 [admit-predict] id=cmpl-cebb6821d45b9bc8bc919c342dfb9aa1 tenant="rxc-6144-256-0-2" model="q38" verdict=admit reason=global-p95 prompt=6464 predicted_completion=256 kv_hat=2593245032 booked_bytes=0 booked_real=0 inflight=0 cap=64 budget_bytes=81762758352 retry_after_s=- exempt=0 enforce=0 live_free_bytes=-
1790401430154 [spec-k] model="q38" tenant="rxc-6144-256-0-2" K=3 source=cold-long prompt=6464 cached=0 lcp=0 active=1 wave=1 placement=single-or-non-pp2
1790401431184 [prime-yield] count=1 remaining=3 chunks=1 wall_ms=1029.699 max_chunk_ms=1029.699
1790401431832 [prime-yield] count=2 remaining=2 chunks=1 wall_ms=648.357 max_chunk_ms=648.357
1790401431854 [prime-yield] count=3 remaining=1 chunks=1 wall_ms=21.223 max_chunk_ms=21.223
1790401432099 [spec-acc] ctx=6465 burst=19/39 cum=19/39=0.487
1790401432386 [spec-acc] ctx=6498 burst=16/51 cum=35/90=0.389
1790401432622 [spec-acc] ctx=6531 burst=19/42 cum=54/132=0.409
1790401432841 [spec-acc] ctx=6564 burst=21/39 cum=75/171=0.439
1790401433043 [spec-acc] ctx=6598 burst=22/36 cum=97/207=0.469
1790401433211 [spec-acc] ctx=6632 burst=23/30 cum=120/237=0.506
1790401433345 [spec-acc] ctx=6665 burst=24/24 cum=144/261=0.552
1790401433446 [spec-acc] ctx=6697 burst=18/18 cum=162/279=0.581
1790401433448 [meter] admit id=cmpl-384bb2425627066509ac2b9791bf165a tenant=default lane=interactive model="q38"
1790401433460 [admission] per-session draft-state charge: model="q38" +46MB (measured capture high-water)
1790401433460 [admission] request cost: model="q38" ctx=8192 path=spec = 31552 B/token x ctx + 2018MB prefill-workspace + 323MB fixed = 2600MB
1790401433460 [admit-predict] id=cmpl-384bb2425627066509ac2b9791bf165a tenant="rxc-6144-256-0-3" model="q38" verdict=admit reason=global-p95 prompt=6784 predicted_completion=256 kv_hat=2609895272 booked_bytes=0 booked_real=0 inflight=0 cap=64 budget_bytes=81762758352 retry_after_s=- exempt=0 enforce=0 live_free_bytes=-
1790401433461 [spec-k] model="q38" tenant="rxc-6144-256-0-3" K=3 source=cold-long prompt=6784 cached=0 lcp=0 active=1 wave=1 placement=single-or-non-pp2
1790401434492 [prime-yield] count=1 remaining=3 chunks=1 wall_ms=1030.702 max_chunk_ms=1030.702
1790401435208 [prime-yield] count=2 remaining=2 chunks=1 wall_ms=716.563 max_chunk_ms=716.563
1790401435230 [prime-yield] count=3 remaining=1 chunks=1 wall_ms=21.225 max_chunk_ms=21.225
1790401435409 [spec-acc] ctx=6785 burst=22/27 cum=22/27=0.815
1790401435579 [spec-acc] ctx=6817 burst=24/30 cum=46/57=0.807
1790401435748 [spec-acc] ctx=6851 burst=23/30 cum=69/87=0.793
1790401435884 [spec-acc] ctx=6884 burst=24/24 cum=93/111=0.838
1790401436037 [spec-acc] ctx=6916 burst=26/27 cum=119/138=0.862
1790401436207 [spec-acc] ctx=6951 burst=22/30 cum=141/168=0.839
1790401436360 [spec-acc] ctx=6983 burst=23/27 cum=164/195=0.841
1790401436479 [spec-acc] ctx=7015 burst=21/21 cum=185/216=0.856
1790401436480 [meter] admit id=cmpl-551d7f71c827d198d741c5b3bd48cfca tenant=default lane=interactive model="q38"
1790401436493 [admission] per-session draft-state charge: model="q38" +46MB (measured capture high-water)
1790401436493 [admission] request cost: model="q38" ctx=8192 path=spec = 31552 B/token x ctx + 2005MB prefill-workspace + 323MB fixed = 2586MB
1790401436493 [admit-predict] id=cmpl-551d7f71c827d198d741c5b3bd48cfca tenant="rx-6144-256-1" model="q38" verdict=admit reason=global-p95 prompt=6144 predicted_completion=256 kv_hat=2576594792 booked_bytes=0 booked_real=0 inflight=0 cap=64 budget_bytes=81762758352 retry_after_s=- exempt=0 enforce=0 live_free_bytes=-
1790401436493 [spec-k] model="q38" tenant="rx-6144-256-1" K=3 source=cold-long prompt=6144 cached=0 lcp=0 active=1 wave=1 placement=single-or-non-pp2
1790401437525 [prime-yield] count=1 remaining=3 chunks=1 wall_ms=1031.662 max_chunk_ms=1031.662
1790401438075 [prime-yield] count=2 remaining=2 chunks=1 wall_ms=550.367 max_chunk_ms=550.367
1790401438097 [prime-yield] count=3 remaining=1 chunks=1 wall_ms=21.203 max_chunk_ms=21.203
1790401438289 [spec-acc] ctx=6145 burst=21/30 cum=21/30=0.700
1790401438474 [spec-acc] ctx=6177 burst=23/33 cum=44/63=0.698
1790401438743 [spec-acc] ctx=6211 burst=16/48 cum=60/111=0.541
1790401439030 [spec-acc] ctx=6243 burst=16/51 cum=76/162=0.469
1790401439249 [spec-acc] ctx=6276 burst=19/39 cum=95/201=0.473
1790401439468 [spec-acc] ctx=6308 burst=20/39 cum=115/240=0.479
1790401439722 [spec-acc] ctx=6341 burst=18/45 cum=133/285=0.467
1790401439873 [spec-acc] ctx=6374 burst=19/27 cum=152/312=0.487
1790401439877 [meter] admit id=cmpl-baf9a733052275627492f6ce6f4d8150 tenant=default lane=interactive model="q38"
1790401439888 [admission] per-session draft-state charge: model="q38" +46MB (measured capture high-water)
1790401439888 [admission] request cost: model="q38" ctx=8192 path=spec = 31552 B/token x ctx + 2011MB prefill-workspace + 323MB fixed = 2593MB
1790401439888 [admit-predict] id=cmpl-baf9a733052275627492f6ce6f4d8150 tenant="rx-6144-256-1" model="q38" verdict=admit reason=global-p95 prompt=6464 predicted_completion=256 kv_hat=2593245032 booked_bytes=0 booked_real=0 inflight=0 cap=64 budget_bytes=81762758352 retry_after_s=- exempt=0 enforce=0 live_free_bytes=-
1790401439888 [worker] spec-affinity: declined (identity did not nominate; 1 parked, 6464 prompt tokens; model q38)
1790401439888 [spec-k] model="q38" tenant="rx-6144-256-1" K=3 source=cold-long prompt=6464 cached=0 lcp=0 active=1 wave=1 placement=single-or-non-pp2
1790401440920 [prime-yield] count=1 remaining=3 chunks=1 wall_ms=1031.618 max_chunk_ms=1031.618
1790401441568 [prime-yield] count=2 remaining=2 chunks=1 wall_ms=648.453 max_chunk_ms=648.453
1790401441589 [prime-yield] count=3 remaining=1 chunks=1 wall_ms=21.182 max_chunk_ms=21.182
1790401441801 [spec-acc] ctx=6465 burst=21/33 cum=21/33=0.636
1790401441952 [spec-acc] ctx=6498 burst=24/27 cum=45/60=0.750
1790401442086 [spec-acc] ctx=6531 burst=24/24 cum=69/84=0.821
1790401442237 [spec-acc] ctx=6563 burst=26/27 cum=95/111=0.856
1790401442388 [spec-acc] ctx=6598 burst=23/27 cum=118/138=0.855
1790401442574 [spec-acc] ctx=6630 burst=24/33 cum=142/171=0.830
1790401442708 [spec-acc] ctx=6665 burst=24/24 cum=166/195=0.851
1790401442809 [spec-acc] ctx=6697 burst=18/18 cum=184/213=0.864
1790401442812 [meter] admit id=cmpl-f2c4e44e59e3ab8fa587b852037691cb tenant=default lane=interactive model="q38"
1790401442823 [admission] per-session draft-state charge: model="q38" +46MB (measured capture high-water)
1790401442823 [admission] request cost: model="q38" ctx=8192 path=spec = 31552 B/token x ctx + 2018MB prefill-workspace + 323MB fixed = 2600MB
1790401442823 [admit-predict] id=cmpl-f2c4e44e59e3ab8fa587b852037691cb tenant="rx-6144-256-1" model="q38" verdict=admit reason=global-p95 prompt=6784 predicted_completion=256 kv_hat=2609895272 booked_bytes=0 booked_real=0 inflight=0 cap=64 budget_bytes=81762758352 retry_after_s=- exempt=0 enforce=0 live_free_bytes=-
1790401442823 [worker] spec-affinity: declined (identity did not nominate; 2 parked, 6784 prompt tokens; model q38)
1790401442824 [spec-k] model="q38" tenant="rx-6144-256-1" K=3 source=cold-long prompt=6784 cached=0 lcp=0 active=1 wave=1 placement=single-or-non-pp2
1790401443856 [prime-yield] count=1 remaining=3 chunks=1 wall_ms=1032.259 max_chunk_ms=1032.259
1790401444574 [prime-yield] count=2 remaining=2 chunks=1 wall_ms=717.687 max_chunk_ms=717.687
1790401444595 [prime-yield] count=3 remaining=1 chunks=1 wall_ms=21.219 max_chunk_ms=21.219
1790401444826 [spec-acc] ctx=6785 burst=19/36 cum=19/36=0.528
1790401445099 [spec-acc] ctx=6817 burst=16/48 cum=35/84=0.417
1790401445354 [spec-acc] ctx=6849 burst=18/45 cum=53/129=0.411
1790401445507 [spec-acc] ctx=6882 burst=24/27 cum=77/156=0.494
1790401445643 [spec-acc] ctx=6915 burst=24/24 cum=101/180=0.561
1790401445795 [spec-acc] ctx=6947 burst=26/27 cum=127/207=0.614
1790401445965 [spec-acc] ctx=6982 burst=24/30 cum=151/237=0.637
1790401446084 [spec-acc] ctx=7016 burst=19/21 cum=170/258=0.659
1790401446087 [meter] admit id=cmpl-f756c4e5f2e1651b0f0e21b3b8ef078e tenant=default lane=interactive model="q38"
1790401446099 [admission] per-session draft-state charge: model="q38" +46MB (measured capture high-water)
1790401446099 [admission] request cost: model="q38" ctx=8192 path=spec = 31552 B/token x ctx + 2005MB prefill-workspace + 323MB fixed = 2586MB
1790401446099 [admit-predict] id=cmpl-f756c4e5f2e1651b0f0e21b3b8ef078e tenant="rxc-6144-256-1-1" model="q38" verdict=admit reason=global-p95 prompt=6144 predicted_completion=256 kv_hat=2576594792 booked_bytes=0 booked_real=0 inflight=0 cap=64 budget_bytes=81762758352 retry_after_s=- exempt=0 enforce=0 live_free_bytes=-
1790401446099 [spec-k] model="q38" tenant="rxc-6144-256-1-1" K=3 source=cold-long prompt=6144 cached=0 lcp=0 active=1 wave=1 placement=single-or-non-pp2
1790401447132 [prime-yield] count=1 remaining=3 chunks=1 wall_ms=1033.098 max_chunk_ms=1033.098
1790401447683 [prime-yield] count=2 remaining=2 chunks=1 wall_ms=551.152 max_chunk_ms=551.152
1790401447705 [prime-yield] count=3 remaining=1 chunks=1 wall_ms=21.247 max_chunk_ms=21.247
1790401447897 [spec-acc] ctx=6145 burst=21/30 cum=21/30=0.700
1790401448082 [spec-acc] ctx=6177 burst=23/33 cum=44/63=0.698
1790401448351 [spec-acc] ctx=6211 burst=16/48 cum=60/111=0.541
1790401448638 [spec-acc] ctx=6243 burst=16/51 cum=76/162=0.469
1790401448857 [spec-acc] ctx=6276 burst=19/39 cum=95/201=0.473
1790401449076 [spec-acc] ctx=6308 burst=20/39 cum=115/240=0.479
1790401449329 [spec-acc] ctx=6341 burst=18/45 cum=133/285=0.467
1790401449481 [spec-acc] ctx=6374 burst=19/27 cum=152/312=0.487
1790401449482 [meter] admit id=cmpl-46eb305b36772e6d9b94f56801e5bc61 tenant=default lane=interactive model="q38"
1790401449495 [admission] per-session draft-state charge: model="q38" +46MB (measured capture high-water)
1790401449495 [admission] request cost: model="q38" ctx=8192 path=spec = 31552 B/token x ctx + 2011MB prefill-workspace + 323MB fixed = 2593MB
1790401449495 [admit-predict] id=cmpl-46eb305b36772e6d9b94f56801e5bc61 tenant="rxc-6144-256-1-2" model="q38" verdict=admit reason=global-p95 prompt=6464 predicted_completion=256 kv_hat=2593245032 booked_bytes=0 booked_real=0 inflight=0 cap=64 budget_bytes=81762758352 retry_after_s=- exempt=0 enforce=0 live_free_bytes=-
1790401449495 [spec-k] model="q38" tenant="rxc-6144-256-1-2" K=3 source=cold-long prompt=6464 cached=0 lcp=0 active=1 wave=1 placement=single-or-non-pp2
1790401450529 [prime-yield] count=1 remaining=3 chunks=1 wall_ms=1033.781 max_chunk_ms=1033.781
1790401451179 [prime-yield] count=2 remaining=2 chunks=1 wall_ms=649.743 max_chunk_ms=649.743
1790401451200 [prime-yield] count=3 remaining=1 chunks=1 wall_ms=21.260 max_chunk_ms=21.260
1790401451412 [spec-acc] ctx=6465 burst=21/33 cum=21/33=0.636
1790401451563 [spec-acc] ctx=6498 burst=24/27 cum=45/60=0.750
1790401451697 [spec-acc] ctx=6531 burst=24/24 cum=69/84=0.821
1790401451848 [spec-acc] ctx=6563 burst=26/27 cum=95/111=0.856
1790401451999 [spec-acc] ctx=6598 burst=23/27 cum=118/138=0.855
1790401452184 [spec-acc] ctx=6630 burst=24/33 cum=142/171=0.830
1790401452319 [spec-acc] ctx=6665 burst=24/24 cum=166/195=0.851
1790401452419 [spec-acc] ctx=6697 burst=18/18 cum=184/213=0.864
1790401452421 [meter] admit id=cmpl-4ad411b3cbfb66cd3b33e2ad65a5649d tenant=default lane=interactive model="q38"
1790401452434 [admission] per-session draft-state charge: model="q38" +46MB (measured capture high-water)
1790401452434 [admission] request cost: model="q38" ctx=8192 path=spec = 31552 B/token x ctx + 2018MB prefill-workspace + 323MB fixed = 2600MB
1790401452434 [admit-predict] id=cmpl-4ad411b3cbfb66cd3b33e2ad65a5649d tenant="rxc-6144-256-1-3" model="q38" verdict=admit reason=global-p95 prompt=6784 predicted_completion=256 kv_hat=2609895272 booked_bytes=0 booked_real=0 inflight=0 cap=64 budget_bytes=81762758352 retry_after_s=- exempt=0 enforce=0 live_free_bytes=-
1790401452434 [spec-k] model="q38" tenant="rxc-6144-256-1-3" K=3 source=cold-long prompt=6784 cached=0 lcp=0 active=1 wave=1 placement=single-or-non-pp2
1790401453469 [prime-yield] count=1 remaining=3 chunks=1 wall_ms=1034.429 max_chunk_ms=1034.429
1790401454188 [prime-yield] count=2 remaining=2 chunks=1 wall_ms=719.205 max_chunk_ms=719.205
1790401454209 [prime-yield] count=3 remaining=1 chunks=1 wall_ms=21.199 max_chunk_ms=21.199
1790401454441 [spec-acc] ctx=6785 burst=19/36 cum=19/36=0.528
1790401454714 [spec-acc] ctx=6817 burst=16/48 cum=35/84=0.417
1790401454969 [spec-acc] ctx=6849 burst=18/45 cum=53/129=0.411
1790401455123 [spec-acc] ctx=6882 burst=24/27 cum=77/156=0.494
1790401455258 [spec-acc] ctx=6915 burst=24/24 cum=101/180=0.561
1790401455411 [spec-acc] ctx=6947 burst=26/27 cum=127/207=0.614
1790401455581 [spec-acc] ctx=6982 burst=24/30 cum=151/237=0.637
1790401455701 [spec-acc] ctx=7016 burst=19/21 cum=170/258=0.659
1790401455702 [meter] admit id=cmpl-ada079c22dcd6258536eddb5438521ff tenant=default lane=interactive model="q38"
1790401455715 [admission] per-session draft-state charge: model="q38" +46MB (measured capture high-water)
1790401455715 [admission] request cost: model="q38" ctx=8192 path=spec = 31552 B/token x ctx + 2005MB prefill-workspace + 323MB fixed = 2586MB
1790401455715 [admit-predict] id=cmpl-ada079c22dcd6258536eddb5438521ff tenant="rx-6144-256-2" model="q38" verdict=admit reason=global-p95 prompt=6144 predicted_completion=256 kv_hat=2576594792 booked_bytes=0 booked_real=0 inflight=0 cap=64 budget_bytes=81762758352 retry_after_s=- exempt=0 enforce=0 live_free_bytes=-
1790401455715 [spec-k] model="q38" tenant="rx-6144-256-2" K=3 source=cold-long prompt=6144 cached=0 lcp=0 active=1 wave=1 placement=single-or-non-pp2
1790401456751 [prime-yield] count=1 remaining=3 chunks=1 wall_ms=1035.473 max_chunk_ms=1035.473
1790401457303 [prime-yield] count=2 remaining=2 chunks=1 wall_ms=552.045 max_chunk_ms=552.045
1790401457324 [prime-yield] count=3 remaining=1 chunks=1 wall_ms=21.293 max_chunk_ms=21.293
1790401457534 [spec-acc] ctx=6145 burst=22/33 cum=22/33=0.667
1790401457719 [spec-acc] ctx=6179 burst=22/33 cum=44/66=0.667
1790401457972 [spec-acc] ctx=6212 burst=17/45 cum=61/111=0.550
1790401458226 [spec-acc] ctx=6244 burst=17/45 cum=78/156=0.500
1790401458479 [spec-acc] ctx=6276 burst=18/45 cum=96/201=0.478
1790401458715 [spec-acc] ctx=6309 burst=19/42 cum=115/243=0.473
1790401458918 [spec-acc] ctx=6342 burst=20/36 cum=135/279=0.484
1790401459103 [spec-acc] ctx=6374 burst=16/33 cum=151/312=0.484
1790401459107 [meter] admit id=cmpl-fa9ecfac301bc214f2eed656649c5489 tenant=default lane=interactive model="q38"
1790401459118 [admission] per-session draft-state charge: model="q38" +46MB (measured capture high-water)
1790401459118 [admission] request cost: model="q38" ctx=8192 path=spec = 31552 B/token x ctx + 2011MB prefill-workspace + 323MB fixed = 2593MB
1790401459118 [admit-predict] id=cmpl-fa9ecfac301bc214f2eed656649c5489 tenant="rx-6144-256-2" model="q38" verdict=admit reason=global-p95 prompt=6464 predicted_completion=256 kv_hat=2593245032 booked_bytes=0 booked_real=0 inflight=0 cap=64 budget_bytes=81762758352 retry_after_s=- exempt=0 enforce=0 live_free_bytes=-
1790401459118 [worker] spec-affinity: declined (identity did not nominate; 1 parked, 6464 prompt tokens; model q38)
1790401459118 [spec-k] model="q38" tenant="rx-6144-256-2" K=3 source=cold-long prompt=6464 cached=0 lcp=0 active=1 wave=1 placement=single-or-non-pp2
1790401460154 [prime-yield] count=1 remaining=3 chunks=1 wall_ms=1035.967 max_chunk_ms=1035.967
1790401460805 [prime-yield] count=2 remaining=2 chunks=1 wall_ms=651.146 max_chunk_ms=651.146
1790401460827 [prime-yield] count=3 remaining=1 chunks=1 wall_ms=21.179 max_chunk_ms=21.179
1790401461074 [spec-acc] ctx=6465 burst=20/39 cum=20/39=0.513
1790401461377 [spec-acc] ctx=6499 burst=17/54 cum=37/93=0.398
1790401461597 [spec-acc] ctx=6534 burst=20/39 cum=57/132=0.432
1790401461817 [spec-acc] ctx=6567 burst=19/39 cum=76/171=0.444
1790401462072 [spec-acc] ctx=6599 burst=17/45 cum=93/216=0.431
1790401462241 [spec-acc] ctx=6631 burst=24/30 cum=117/246=0.476
1790401462426 [spec-acc] ctx=6665 burst=23/33 cum=140/279=0.502
1790401462596 [spec-acc] ctx=6699 burst=12/30 cum=152/309=0.492
1790401462599 [meter] admit id=cmpl-d158eff59c7be83b276def9398ec5ec0 tenant=default lane=interactive model="q38"
1790401462610 [admission] per-session draft-state charge: model="q38" +46MB (measured capture high-water)
1790401462610 [admission] request cost: model="q38" ctx=8192 path=spec = 31552 B/token x ctx + 2018MB prefill-workspace + 323MB fixed = 2600MB
1790401462610 [admit-predict] id=cmpl-d158eff59c7be83b276def9398ec5ec0 tenant="rx-6144-256-2" model="q38" verdict=admit reason=global-p95 prompt=6784 predicted_completion=256 kv_hat=2609895272 booked_bytes=0 booked_real=0 inflight=0 cap=64 budget_bytes=81762758352 retry_after_s=- exempt=0 enforce=0 live_free_bytes=-
1790401462610 [worker] spec-affinity: declined (identity did not nominate; 2 parked, 6784 prompt tokens; model q38)
1790401462611 [spec-k] model="q38" tenant="rx-6144-256-2" K=3 source=cold-long prompt=6784 cached=0 lcp=0 active=1 wave=1 placement=single-or-non-pp2
1790401463648 [prime-yield] count=1 remaining=3 chunks=1 wall_ms=1036.887 max_chunk_ms=1036.887
1790401464368 [prime-yield] count=2 remaining=2 chunks=1 wall_ms=720.933 max_chunk_ms=720.933
1790401464390 [prime-yield] count=3 remaining=1 chunks=1 wall_ms=21.226 max_chunk_ms=21.226
1790401464707 [spec-acc] ctx=6785 burst=17/51 cum=17/51=0.333
1790401464997 [spec-acc] ctx=6820 burst=16/51 cum=33/102=0.324
1790401465304 [spec-acc] ctx=6853 burst=14/54 cum=47/156=0.301
1790401465525 [spec-acc] ctx=6885 burst=21/39 cum=68/195=0.349
1790401465799 [spec-acc] ctx=6919 burst=17/48 cum=85/243=0.350
1790401465969 [spec-acc] ctx=6952 burst=22/30 cum=107/273=0.392
1790401466209 [spec-acc] ctx=6984 burst=18/42 cum=125/315=0.397
1790401466398 [spec-acc] ctx=7016 burst=14/33 cum=139/348=0.399
1790401466402 [meter] admit id=cmpl-eb49314cf03c894855ead466f4a16b2a tenant=default lane=interactive model="q38"
1790401466412 [admission] per-session draft-state charge: model="q38" +46MB (measured capture high-water)
1790401466412 [admission] request cost: model="q38" ctx=8192 path=spec = 31552 B/token x ctx + 2005MB prefill-workspace + 323MB fixed = 2586MB
1790401466412 [admit-predict] id=cmpl-eb49314cf03c894855ead466f4a16b2a tenant="rxc-6144-256-2-1" model="q38" verdict=admit reason=global-p95 prompt=6144 predicted_completion=256 kv_hat=2576594792 booked_bytes=0 booked_real=0 inflight=0 cap=64 budget_bytes=81762758352 retry_after_s=- exempt=0 enforce=0 live_free_bytes=-
1790401466413 [spec-k] model="q38" tenant="rxc-6144-256-2-1" K=3 source=cold-long prompt=6144 cached=0 lcp=0 active=1 wave=1 placement=single-or-non-pp2
1790401467450 [prime-yield] count=1 remaining=3 chunks=1 wall_ms=1036.691 max_chunk_ms=1036.691
1790401468003 [prime-yield] count=2 remaining=2 chunks=1 wall_ms=553.371 max_chunk_ms=553.371
1790401468024 [prime-yield] count=3 remaining=1 chunks=1 wall_ms=21.050 max_chunk_ms=21.050
1790401468234 [spec-acc] ctx=6145 burst=22/33 cum=22/33=0.667
1790401468419 [spec-acc] ctx=6179 burst=22/33 cum=44/66=0.667
1790401468672 [spec-acc] ctx=6212 burst=17/45 cum=61/111=0.550
1790401468925 [spec-acc] ctx=6244 burst=17/45 cum=78/156=0.500
1790401469178 [spec-acc] ctx=6276 burst=18/45 cum=96/201=0.478
1790401469415 [spec-acc] ctx=6309 burst=19/42 cum=115/243=0.473
1790401469617 [spec-acc] ctx=6342 burst=20/36 cum=135/279=0.484
1790401469803 [spec-acc] ctx=6374 burst=16/33 cum=151/312=0.484
1790401469804 [meter] admit id=cmpl-df3b62405564de7c139b3cedce0887e0 tenant=default lane=interactive model="q38"
1790401469817 [admission] per-session draft-state charge: model="q38" +46MB (measured capture high-water)
1790401469817 [admission] request cost: model="q38" ctx=8192 path=spec = 31552 B/token x ctx + 2011MB prefill-workspace + 323MB fixed = 2593MB
1790401469817 [admit-predict] id=cmpl-df3b62405564de7c139b3cedce0887e0 tenant="rxc-6144-256-2-2" model="q38" verdict=admit reason=global-p95 prompt=6464 predicted_completion=256 kv_hat=2593245032 booked_bytes=0 booked_real=0 inflight=0 cap=64 budget_bytes=81762758352 retry_after_s=- exempt=0 enforce=0 live_free_bytes=-
1790401469818 [spec-k] model="q38" tenant="rxc-6144-256-2-2" K=3 source=cold-long prompt=6464 cached=0 lcp=0 active=1 wave=1 placement=single-or-non-pp2
1790401470855 [prime-yield] count=1 remaining=3 chunks=1 wall_ms=1037.667 max_chunk_ms=1037.667
1790401471507 [prime-yield] count=2 remaining=2 chunks=1 wall_ms=652.024 max_chunk_ms=652.024
1790401471529 [prime-yield] count=3 remaining=1 chunks=1 wall_ms=21.245 max_chunk_ms=21.245
1790401471775 [spec-acc] ctx=6465 burst=20/39 cum=20/39=0.513
1790401472079 [spec-acc] ctx=6499 burst=17/54 cum=37/93=0.398
1790401472298 [spec-acc] ctx=6534 burst=20/39 cum=57/132=0.432
1790401472518 [spec-acc] ctx=6567 burst=19/39 cum=76/171=0.444
1790401472771 [spec-acc] ctx=6599 burst=17/45 cum=93/216=0.431
1790401472940 [spec-acc] ctx=6631 burst=24/30 cum=117/246=0.476
1790401473126 [spec-acc] ctx=6665 burst=23/33 cum=140/279=0.502
1790401473295 [spec-acc] ctx=6699 burst=12/30 cum=152/309=0.492
1790401473296 [meter] admit id=cmpl-eb63453b83f2e41ba38f34ebe6fd0c55 tenant=default lane=interactive model="q38"
1790401473309 [admission] per-session draft-state charge: model="q38" +46MB (measured capture high-water)
1790401473309 [admission] request cost: model="q38" ctx=8192 path=spec = 31552 B/token x ctx + 2018MB prefill-workspace + 323MB fixed = 2600MB
1790401473309 [admit-predict] id=cmpl-eb63453b83f2e41ba38f34ebe6fd0c55 tenant="rxc-6144-256-2-3" model="q38" verdict=admit reason=global-p95 prompt=6784 predicted_completion=256 kv_hat=2609895272 booked_bytes=0 booked_real=0 inflight=0 cap=64 budget_bytes=81762758352 retry_after_s=- exempt=0 enforce=0 live_free_bytes=-
1790401473310 [spec-k] model="q38" tenant="rxc-6144-256-2-3" K=3 source=cold-long prompt=6784 cached=0 lcp=0 active=1 wave=1 placement=single-or-non-pp2
1790401474347 [prime-yield] count=1 remaining=3 chunks=1 wall_ms=1037.537 max_chunk_ms=1037.537
1790401475069 [prime-yield] count=2 remaining=2 chunks=1 wall_ms=721.879 max_chunk_ms=721.879
1790401475090 [prime-yield] count=3 remaining=1 chunks=1 wall_ms=21.279 max_chunk_ms=21.279
1790401475407 [spec-acc] ctx=6785 burst=17/51 cum=17/51=0.333
1790401475697 [spec-acc] ctx=6820 burst=16/51 cum=33/102=0.324
1790401476004 [spec-acc] ctx=6853 burst=14/54 cum=47/156=0.301
1790401476227 [spec-acc] ctx=6885 burst=21/39 cum=68/195=0.349
1790401476500 [spec-acc] ctx=6919 burst=17/48 cum=85/243=0.350
1790401476670 [spec-acc] ctx=6952 burst=22/30 cum=107/273=0.392
1790401476910 [spec-acc] ctx=6984 burst=18/42 cum=125/315=0.397
1790401477098 [spec-acc] ctx=7016 burst=14/33 cum=139/348=0.399
1790401477100 [meter] admit id=cmpl-63996618193838e25a5c14dc5901bf92 tenant=default lane=interactive model="q38"
1790401477113 [admission] per-session draft-state charge: model="q38" +46MB (measured capture high-water)
1790401477113 [admission] request cost: model="q38" ctx=8192 path=spec = 31552 B/token x ctx + 2005MB prefill-workspace + 323MB fixed = 2586MB
1790401477113 [admit-predict] id=cmpl-63996618193838e25a5c14dc5901bf92 tenant="rx-6144-256-3" model="q38" verdict=admit reason=global-p95 prompt=6144 predicted_completion=256 kv_hat=2576594792 booked_bytes=0 booked_real=0 inflight=0 cap=64 budget_bytes=81762758352 retry_after_s=- exempt=0 enforce=0 live_free_bytes=-
1790401477113 [spec-k] model="q38" tenant="rx-6144-256-3" K=3 source=cold-long prompt=6144 cached=0 lcp=0 active=1 wave=1 placement=single-or-non-pp2
1790401478152 [prime-yield] count=1 remaining=3 chunks=1 wall_ms=1038.914 max_chunk_ms=1038.914
1790401478706 [prime-yield] count=2 remaining=2 chunks=1 wall_ms=553.884 max_chunk_ms=553.884
1790401478727 [prime-yield] count=3 remaining=1 chunks=1 wall_ms=21.211 max_chunk_ms=21.211
1790401478920 [spec-acc] ctx=6145 burst=21/30 cum=21/30=0.700
1790401479190 [spec-acc] ctx=6177 burst=16/48 cum=37/78=0.474
1790401479392 [spec-acc] ctx=6209 burst=21/36 cum=58/114=0.509
1790401479628 [spec-acc] ctx=6242 burst=19/42 cum=77/156=0.494
1790401479847 [spec-acc] ctx=6275 burst=19/39 cum=96/195=0.492
1790401480049 [spec-acc] ctx=6307 burst=20/36 cum=116/231=0.502
1790401480200 [spec-acc] ctx=6339 burst=23/27 cum=139/258=0.539
1790401480386 [spec-acc] ctx=6371 burst=18/33 cum=157/291=0.540
1790401480389 [meter] admit id=cmpl-e7408843321d71034f1d662b41cd6c78 tenant=default lane=interactive model="q38"
1790401480400 [admission] per-session draft-state charge: model="q38" +46MB (measured capture high-water)
1790401480400 [admission] request cost: model="q38" ctx=8192 path=spec = 31552 B/token x ctx + 2011MB prefill-workspace + 323MB fixed = 2593MB
1790401480400 [admit-predict] id=cmpl-e7408843321d71034f1d662b41cd6c78 tenant="rx-6144-256-3" model="q38" verdict=admit reason=global-p95 prompt=6464 predicted_completion=256 kv_hat=2593245032 booked_bytes=0 booked_real=0 inflight=0 cap=64 budget_bytes=81762758352 retry_after_s=- exempt=0 enforce=0 live_free_bytes=-
1790401480400 [worker] spec-reuse: 6400 committed tokens resumed [sampler=equivalent] (model q38)
1790401480400 [spec-k] model="q38" tenant="rx-6144-256-3" K=2 source=cached-long prompt=6464 cached=6400 lcp=0 active=1 wave=1 placement=single-or-non-pp2
1790401480764 [spec-acc] ctx=64 burst=17/28 cum=17/28=0.607
1790401480964 [spec-acc] ctx=96 burst=21/26 cum=38/54=0.704
1790401481179 [spec-acc] ctx=130 burst=19/28 cum=57/82=0.695
1790401481395 [spec-acc] ctx=163 burst=19/28 cum=76/110=0.691
1790401481610 [spec-acc] ctx=196 burst=18/28 cum=94/138=0.681
1790401481857 [spec-acc] ctx=228 burst=17/32 cum=111/170=0.653
1790401482057 [spec-acc] ctx=261 burst=20/26 cum=131/196=0.668
1790401482227 [spec-acc] ctx=294 burst=16/22 cum=147/218=0.674
1790401482234 [meter] admit id=cmpl-c0b425d26387d4fec0f027c4c66e6c6d tenant=default lane=interactive model="q38"
1790401482241 [admission] per-session draft-state charge: model="q38" +46MB (measured capture high-water)
1790401482241 [admission] request cost: model="q38" ctx=8192 path=spec = 31552 B/token x ctx + 2018MB prefill-workspace + 323MB fixed = 2600MB
1790401482241 [admit-predict] id=cmpl-c0b425d26387d4fec0f027c4c66e6c6d tenant="rx-6144-256-3" model="q38" verdict=admit reason=global-p95 prompt=6784 predicted_completion=256 kv_hat=2609895272 booked_bytes=0 booked_real=0 inflight=0 cap=64 budget_bytes=81762758352 retry_after_s=- exempt=0 enforce=0 live_free_bytes=-
1790401482241 [worker] spec-affinity: declined (identity did not nominate; 1 parked, 6784 prompt tokens; model q38)
1790401482241 [spec-k] model="q38" tenant="rx-6144-256-3" K=3 source=cold-long prompt=6784 cached=0 lcp=0 active=1 wave=1 placement=single-or-non-pp2
1790401483280 [prime-yield] count=1 remaining=3 chunks=1 wall_ms=1038.220 max_chunk_ms=1038.220
1790401484002 [prime-yield] count=2 remaining=2 chunks=1 wall_ms=722.178 max_chunk_ms=722.178
1790401484023 [prime-yield] count=3 remaining=1 chunks=1 wall_ms=21.092 max_chunk_ms=21.092
1790401484203 [spec-acc] ctx=6785 burst=24/27 cum=24/27=0.889
1790401484356 [spec-acc] ctx=6819 burst=23/27 cum=47/54=0.870
1790401484508 [spec-acc] ctx=6851 burst=26/27 cum=73/81=0.901
1790401484661 [spec-acc] ctx=6886 burst=26/27 cum=99/108=0.917
1790401484814 [spec-acc] ctx=6921 burst=24/27 cum=123/135=0.911
1790401484967 [spec-acc] ctx=6954 burst=24/27 cum=147/162=0.907
1790401485120 [spec-acc] ctx=6987 burst=23/27 cum=170/189=0.899
1790401485222 [spec-acc] ctx=7019 burst=18/18 cum=188/207=0.908
1790401485229 [meter] admit id=cmpl-798ec28c4ca89d26ef69c6f96e396a82 tenant=default lane=interactive model="q38"
1790401485236 [admission] per-session draft-state charge: model="q38" +46MB (measured capture high-water)
1790401485236 [admission] request cost: model="q38" ctx=8192 path=spec = 31552 B/token x ctx + 2005MB prefill-workspace + 323MB fixed = 2586MB
1790401485236 [admit-predict] id=cmpl-798ec28c4ca89d26ef69c6f96e396a82 tenant="rxc-6144-256-3-1" model="q38" verdict=admit reason=global-p95 prompt=6144 predicted_completion=256 kv_hat=2576594792 booked_bytes=0 booked_real=0 inflight=0 cap=64 budget_bytes=81762758352 retry_after_s=- exempt=0 enforce=0 live_free_bytes=-
1790401485237 [spec-k] model="q38" tenant="rxc-6144-256-3-1" K=3 source=cold-long prompt=6144 cached=0 lcp=0 active=1 wave=1 placement=single-or-non-pp2
1790401486276 [prime-yield] count=1 remaining=3 chunks=1 wall_ms=1039.046 max_chunk_ms=1039.046
1790401486830 [prime-yield] count=2 remaining=2 chunks=1 wall_ms=554.055 max_chunk_ms=554.055
1790401486851 [prime-yield] count=3 remaining=1 chunks=1 wall_ms=21.230 max_chunk_ms=21.230
1790401487044 [spec-acc] ctx=6145 burst=21/30 cum=21/30=0.700
1790401487314 [spec-acc] ctx=6177 burst=16/48 cum=37/78=0.474
1790401487516 [spec-acc] ctx=6209 burst=21/36 cum=58/114=0.509
1790401487752 [spec-acc] ctx=6242 burst=19/42 cum=77/156=0.494
1790401487971 [spec-acc] ctx=6275 burst=19/39 cum=96/195=0.492
1790401488173 [spec-acc] ctx=6307 burst=20/36 cum=116/231=0.502
1790401488324 [spec-acc] ctx=6339 burst=23/27 cum=139/258=0.539
1790401488509 [spec-acc] ctx=6371 burst=18/33 cum=157/291=0.540
1790401488516 [meter] admit id=cmpl-c7f8734920a361a986377ac8c432e863 tenant=default lane=interactive model="q38"
1790401488524 [admission] per-session draft-state charge: model="q38" +46MB (measured capture high-water)
1790401488524 [admission] request cost: model="q38" ctx=8192 path=spec = 31552 B/token x ctx + 2011MB prefill-workspace + 323MB fixed = 2593MB
1790401488524 [admit-predict] id=cmpl-c7f8734920a361a986377ac8c432e863 tenant="rxc-6144-256-3-2" model="q38" verdict=admit reason=global-p95 prompt=6464 predicted_completion=256 kv_hat=2593245032 booked_bytes=0 booked_real=0 inflight=0 cap=64 budget_bytes=81762758352 retry_after_s=- exempt=0 enforce=0 live_free_bytes=-
1790401488524 [spec-k] model="q38" tenant="rxc-6144-256-3-2" K=3 source=cold-long prompt=6464 cached=0 lcp=0 active=1 wave=1 placement=single-or-non-pp2
1790401489564 [prime-yield] count=1 remaining=3 chunks=1 wall_ms=1039.869 max_chunk_ms=1039.869
1790401490218 [prime-yield] count=2 remaining=2 chunks=1 wall_ms=653.612 max_chunk_ms=653.612
1790401490239 [prime-yield] count=3 remaining=1 chunks=1 wall_ms=21.257 max_chunk_ms=21.257
1790401490485 [spec-acc] ctx=6465 burst=19/39 cum=19/39=0.487
1790401490687 [spec-acc] ctx=6498 burst=20/36 cum=39/75=0.520
1790401490872 [spec-acc] ctx=6530 burst=23/33 cum=62/108=0.574
1790401491076 [spec-acc] ctx=6564 burst=22/36 cum=84/144=0.583
1790401491295 [spec-acc] ctx=6598 burst=21/39 cum=105/183=0.574
1790401491481 [spec-acc] ctx=6632 burst=21/33 cum=126/216=0.583
1790401491684 [spec-acc] ctx=6664 burst=22/36 cum=148/252=0.587
1790401491819 [spec-acc] ctx=6698 burst=14/24 cum=162/276=0.587
1790401491825 [meter] admit id=cmpl-25922b5f14ec9926ef2a13bd807047d9 tenant=default lane=interactive model="q38"
1790401491833 [admission] per-session draft-state charge: model="q38" +46MB (measured capture high-water)
1790401491833 [admission] request cost: model="q38" ctx=8192 path=spec = 31552 B/token x ctx + 2018MB prefill-workspace + 323MB fixed = 2600MB
1790401491833 [admit-predict] id=cmpl-25922b5f14ec9926ef2a13bd807047d9 tenant="rxc-6144-256-3-3" model="q38" verdict=admit reason=global-p95 prompt=6784 predicted_completion=256 kv_hat=2609895272 booked_bytes=0 booked_real=0 inflight=0 cap=64 budget_bytes=81762758352 retry_after_s=- exempt=0 enforce=0 live_free_bytes=-
1790401491834 [spec-k] model="q38" tenant="rxc-6144-256-3-3" K=3 source=cold-long prompt=6784 cached=0 lcp=0 active=1 wave=1 placement=single-or-non-pp2
1790401492875 [prime-yield] count=1 remaining=3 chunks=1 wall_ms=1040.555 max_chunk_ms=1040.555
1790401493598 [prime-yield] count=2 remaining=2 chunks=1 wall_ms=723.747 max_chunk_ms=723.747
1790401493620 [prime-yield] count=3 remaining=1 chunks=1 wall_ms=21.297 max_chunk_ms=21.297
1790401493800 [spec-acc] ctx=6785 burst=24/27 cum=24/27=0.889
1790401493952 [spec-acc] ctx=6819 burst=23/27 cum=47/54=0.870
1790401494105 [spec-acc] ctx=6851 burst=26/27 cum=73/81=0.901
1790401494258 [spec-acc] ctx=6886 burst=26/27 cum=99/108=0.917
1790401494411 [spec-acc] ctx=6921 burst=24/27 cum=123/135=0.911
1790401494563 [spec-acc] ctx=6954 burst=24/27 cum=147/162=0.907
1790401494717 [spec-acc] ctx=6987 burst=23/27 cum=170/189=0.899
1790401494819 [spec-acc] ctx=7019 burst=18/18 cum=188/207=0.908
1790401494820 [meter] admit id=cmpl-5a0d521a98e2faa01216dfb58bb1b788 tenant=default lane=interactive model="q38"
1790401494833 [admission] per-session draft-state charge: model="q38" +46MB (measured capture high-water)
1790401494833 [admission] request cost: model="q38" ctx=8192 path=spec = 31552 B/token x ctx + 2005MB prefill-workspace + 323MB fixed = 2586MB
1790401494833 [admit-predict] id=cmpl-5a0d521a98e2faa01216dfb58bb1b788 tenant="rx-6144-256-4" model="q38" verdict=admit reason=global-p95 prompt=6144 predicted_completion=256 kv_hat=2576594792 booked_bytes=0 booked_real=0 inflight=0 cap=64 budget_bytes=81762758352 retry_after_s=- exempt=0 enforce=0 live_free_bytes=-
1790401494833 [spec-k] model="q38" tenant="rx-6144-256-4" K=3 source=cold-long prompt=6144 cached=0 lcp=0 active=1 wave=1 placement=single-or-non-pp2
1790401495874 [prime-yield] count=1 remaining=3 chunks=1 wall_ms=1040.672 max_chunk_ms=1040.672
1790401496429 [prime-yield] count=2 remaining=2 chunks=1 wall_ms=555.086 max_chunk_ms=555.086
1790401496451 [prime-yield] count=3 remaining=1 chunks=1 wall_ms=21.271 max_chunk_ms=21.271
1790401496694 [spec-acc] ctx=6145 burst=18/39 cum=18/39=0.462
1790401496964 [spec-acc] ctx=6177 burst=16/48 cum=34/87=0.391
1790401497201 [spec-acc] ctx=6209 burst=19/42 cum=53/129=0.411
1790401497403 [spec-acc] ctx=6242 burst=22/36 cum=75/165=0.455
1790401497622 [spec-acc] ctx=6276 burst=22/39 cum=97/204=0.475
1790401497875 [spec-acc] ctx=6311 burst=18/45 cum=115/249=0.462
1790401498112 [spec-acc] ctx=6344 burst=20/42 cum=135/291=0.464
1790401498280 [spec-acc] ctx=6378 burst=12/30 cum=147/321=0.458
1790401498288 [meter] admit id=cmpl-90a11c30cb33b200a55f1e7ffbbc4496 tenant=default lane=interactive model="q38"
1790401498294 [admission] per-session draft-state charge: model="q38" +46MB (measured capture high-water)
1790401498294 [admission] request cost: model="q38" ctx=8192 path=spec = 31552 B/token x ctx + 2011MB prefill-workspace + 323MB fixed = 2593MB
1790401498294 [admit-predict] id=cmpl-90a11c30cb33b200a55f1e7ffbbc4496 tenant="rx-6144-256-4" model="q38" verdict=admit reason=global-p95 prompt=6464 predicted_completion=256 kv_hat=2593245032 booked_bytes=0 booked_real=0 inflight=0 cap=64 budget_bytes=81762758352 retry_after_s=- exempt=0 enforce=0 live_free_bytes=-
1790401498295 [worker] spec-reuse: 6400 committed tokens resumed [sampler=equivalent] (model q38)
1790401498295 [spec-k] model="q38" tenant="rx-6144-256-4" K=2 source=cached-long prompt=6464 cached=6400 lcp=0 active=1 wave=1 placement=single-or-non-pp2
1790401498674 [spec-acc] ctx=64 burst=17/30 cum=17/30=0.567
1790401498874 [spec-acc] ctx=97 burst=19/26 cum=36/56=0.643
1790401499074 [spec-acc] ctx=129 burst=19/26 cum=55/82=0.671
1790401499258 [spec-acc] ctx=161 burst=22/24 cum=77/106=0.726
1790401499442 [spec-acc] ctx=195 burst=21/24 cum=98/130=0.754
1790401499658 [spec-acc] ctx=228 burst=18/28 cum=116/158=0.734
1790401499858 [spec-acc] ctx=260 burst=20/26 cum=136/184=0.739
1790401500043 [spec-acc] ctx=293 burst=15/24 cum=151/208=0.726
1790401500050 [meter] admit id=cmpl-2a511bf320733623989ba38b74d5bd20 tenant=default lane=interactive model="q38"
1790401500057 [admission] per-session draft-state charge: model="q38" +46MB (measured capture high-water)
1790401500057 [admission] request cost: model="q38" ctx=8192 path=spec = 31552 B/token x ctx + 2018MB prefill-workspace + 323MB fixed = 2600MB
1790401500057 [admit-predict] id=cmpl-2a511bf320733623989ba38b74d5bd20 tenant="rx-6144-256-4" model="q38" verdict=admit reason=global-p95 prompt=6784 predicted_completion=256 kv_hat=2609895272 booked_bytes=0 booked_real=0 inflight=0 cap=64 budget_bytes=81762758352 retry_after_s=- exempt=0 enforce=0 live_free_bytes=-
1790401500057 [worker] spec-reuse: 6720 committed tokens resumed [sampler=equivalent] (model q38)
1790401500057 [spec-k] model="q38" tenant="rx-6144-256-4" K=2 source=cached-long prompt=6784 cached=6720 lcp=0 active=1 wave=1 placement=single-or-non-pp2
1790401500375 [spec-acc] ctx=64 burst=20/22 cum=20/22=0.909
1790401500591 [spec-acc] ctx=96 burst=20/28 cum=40/50=0.800
1790401500791 [spec-acc] ctx=130 burst=20/26 cum=60/76=0.789
1790401500960 [spec-acc] ctx=163 burst=21/22 cum=81/98=0.827
1790401501208 [spec-acc] ctx=195 burst=18/32 cum=99/130=0.762
1790401501439 [spec-acc] ctx=229 burst=18/30 cum=117/160=0.731
1790401501640 [spec-acc] ctx=262 burst=20/26 cum=137/186=0.737
1790401501810 [spec-acc] ctx=295 burst=14/22 cum=151/208=0.726
1790401501818 [meter] admit id=cmpl-456165b986a80a412b236c05045adcce tenant=default lane=interactive model="q38"
1790401501824 [admission] per-session draft-state charge: model="q38" +46MB (measured capture high-water)
1790401501824 [admission] request cost: model="q38" ctx=8192 path=spec = 31552 B/token x ctx + 2005MB prefill-workspace + 323MB fixed = 2586MB
1790401501824 [admit-predict] id=cmpl-456165b986a80a412b236c05045adcce tenant="rxc-6144-256-4-1" model="q38" verdict=admit reason=global-p95 prompt=6144 predicted_completion=256 kv_hat=2576594792 booked_bytes=0 booked_real=0 inflight=0 cap=64 budget_bytes=81762758352 retry_after_s=- exempt=0 enforce=0 live_free_bytes=-
1790401501824 [spec-k] model="q38" tenant="rxc-6144-256-4-1" K=3 source=cold-long prompt=6144 cached=0 lcp=0 active=1 wave=1 placement=single-or-non-pp2
1790401502866 [prime-yield] count=1 remaining=3 chunks=1 wall_ms=1041.160 max_chunk_ms=1041.160
1790401503421 [prime-yield] count=2 remaining=2 chunks=1 wall_ms=555.481 max_chunk_ms=555.481
1790401503442 [prime-yield] count=3 remaining=1 chunks=1 wall_ms=21.259 max_chunk_ms=21.259
1790401503686 [spec-acc] ctx=6145 burst=18/39 cum=18/39=0.462
1790401503956 [spec-acc] ctx=6177 burst=16/48 cum=34/87=0.391
1790401504193 [spec-acc] ctx=6209 burst=19/42 cum=53/129=0.411
1790401504395 [spec-acc] ctx=6242 burst=22/36 cum=75/165=0.455
1790401504614 [spec-acc] ctx=6276 burst=22/39 cum=97/204=0.475
1790401504867 [spec-acc] ctx=6311 burst=18/45 cum=115/249=0.462
1790401505103 [spec-acc] ctx=6344 burst=20/42 cum=135/291=0.464
1790401505271 [spec-acc] ctx=6378 burst=12/30 cum=147/321=0.458
1790401505278 [meter] admit id=cmpl-20e518ecc97bf559f9496313b939867e tenant=default lane=interactive model="q38"
1790401505286 [admission] per-session draft-state charge: model="q38" +46MB (measured capture high-water)
1790401505286 [admission] request cost: model="q38" ctx=8192 path=spec = 31552 B/token x ctx + 2011MB prefill-workspace + 323MB fixed = 2593MB
1790401505286 [admit-predict] id=cmpl-20e518ecc97bf559f9496313b939867e tenant="rxc-6144-256-4-2" model="q38" verdict=admit reason=global-p95 prompt=6464 predicted_completion=256 kv_hat=2593245032 booked_bytes=0 booked_real=0 inflight=0 cap=64 budget_bytes=81762758352 retry_after_s=- exempt=0 enforce=0 live_free_bytes=-
1790401505286 [spec-k] model="q38" tenant="rxc-6144-256-4-2" K=3 source=cold-long prompt=6464 cached=0 lcp=0 active=1 wave=1 placement=single-or-non-pp2
1790401506327 [prime-yield] count=1 remaining=3 chunks=1 wall_ms=1040.851 max_chunk_ms=1040.851
1790401506981 [prime-yield] count=2 remaining=2 chunks=1 wall_ms=654.262 max_chunk_ms=654.262
1790401507003 [prime-yield] count=3 remaining=1 chunks=1 wall_ms=21.246 max_chunk_ms=21.246
1790401507265 [spec-acc] ctx=6465 burst=19/42 cum=19/42=0.452
1790401507434 [spec-acc] ctx=6499 burst=22/30 cum=41/72=0.569
1790401507619 [spec-acc] ctx=6531 burst=23/33 cum=64/105=0.610
1790401507787 [spec-acc] ctx=6565 burst=22/30 cum=86/135=0.637
1790401507973 [spec-acc] ctx=6597 burst=24/33 cum=110/168=0.655
1790401508158 [spec-acc] ctx=6632 burst=21/33 cum=131/201=0.652
1790401508343 [spec-acc] ctx=6664 burst=22/33 cum=153/234=0.654
1790401508513 [spec-acc] ctx=6697 burst=13/30 cum=166/264=0.629
1790401508514 [meter] admit id=cmpl-818776f394b543e50f1593e36a01d731 tenant=default lane=interactive model="q38"
1790401508527 [admission] per-session draft-state charge: model="q38" +46MB (measured capture high-water)
1790401508527 [admission] request cost: model="q38" ctx=8192 path=spec = 31552 B/token x ctx + 2018MB prefill-workspace + 323MB fixed = 2600MB
1790401508527 [admit-predict] id=cmpl-818776f394b543e50f1593e36a01d731 tenant="rxc-6144-256-4-3" model="q38" verdict=admit reason=global-p95 prompt=6784 predicted_completion=256 kv_hat=2609895272 booked_bytes=0 booked_real=0 inflight=0 cap=64 budget_bytes=81762758352 retry_after_s=- exempt=0 enforce=0 live_free_bytes=-
1790401508527 [spec-k] model="q38" tenant="rxc-6144-256-4-3" K=3 source=cold-long prompt=6784 cached=0 lcp=0 active=1 wave=1 placement=single-or-non-pp2
1790401509570 [prime-yield] count=1 remaining=3 chunks=1 wall_ms=1042.109 max_chunk_ms=1042.109
1790401510294 [prime-yield] count=2 remaining=2 chunks=1 wall_ms=724.485 max_chunk_ms=724.485
1790401510315 [prime-yield] count=3 remaining=1 chunks=1 wall_ms=21.313 max_chunk_ms=21.313
1790401510496 [spec-acc] ctx=6785 burst=22/27 cum=22/27=0.815
1790401510683 [spec-acc] ctx=6817 burst=23/33 cum=45/60=0.750
1790401510853 [spec-acc] ctx=6851 burst=22/30 cum=67/90=0.744
1790401511040 [spec-acc] ctx=6883 burst=22/33 cum=89/123=0.724
1790401511262 [spec-acc] ctx=6916 burst=21/39 cum=110/162=0.679
1790401511466 [spec-acc] ctx=6950 burst=20/36 cum=130/198=0.657
1790401511671 [spec-acc] ctx=6982 burst=22/36 cum=152/234=0.650
1790401511842 [spec-acc] ctx=7016 burst=14/30 cum=166/264=0.629
1790401511851 [meter] admit id=cmpl-76165141a1f6171d088090ed88f6b48e tenant=default lane=interactive model="q38"
1790401511856 [admission] per-session draft-state charge: model="q38" +46MB (measured capture high-water)
1790401511856 [admission] request cost: model="q38" ctx=32768 path=spec = 31552 B/token x ctx + 2508MB prefill-workspace + 323MB fixed = 3865MB
1790401511856 [admit-predict] id=cmpl-76165141a1f6171d088090ed88f6b48e tenant="rx-30720-32-0" model="q38" verdict=admit reason=global-p95 prompt=30720 predicted_completion=32 kv_hat=3848265576 booked_bytes=0 booked_real=0 inflight=0 cap=64 budget_bytes=81762758352 retry_after_s=- exempt=0 enforce=0 live_free_bytes=-
1790401511857 [spec-k] model="q38" tenant="rx-30720-32-0" K=3 source=cold-long prompt=30720 cached=0 lcp=0 active=1 wave=1 placement=single-or-non-pp2
1790401511857 [admission] fixed residual high-water: model="q38" 369MB (observed 1403MB at ctx 32768 path=spec)
1790401512900 [prime-yield] count=1 remaining=15 chunks=1 wall_ms=1042.900 max_chunk_ms=1042.900
1790401513984 [prime-yield] count=2 remaining=14 chunks=1 wall_ms=1084.403 max_chunk_ms=1084.403
1790401515104 [prime-yield] count=3 remaining=13 chunks=1 wall_ms=1119.992 max_chunk_ms=1119.992
1790401516261 [prime-yield] count=4 remaining=12 chunks=1 wall_ms=1156.269 max_chunk_ms=1156.269
1790401517454 [prime-yield] count=5 remaining=11 chunks=1 wall_ms=1192.917 max_chunk_ms=1192.917
1790401518682 [prime-yield] count=6 remaining=10 chunks=1 wall_ms=1228.328 max_chunk_ms=1228.328
1790401519946 [prime-yield] count=7 remaining=9 chunks=1 wall_ms=1264.577 max_chunk_ms=1264.577
1790401520623 [prime-yield] count=8 remaining=8 chunks=1 wall_ms=676.011 max_chunk_ms=676.011
1790401520644 [prime-yield] count=9 remaining=7 chunks=1 wall_ms=21.275 max_chunk_ms=21.275
1790401520665 [prime-yield] count=10 remaining=6 chunks=1 wall_ms=21.209 max_chunk_ms=21.209
1790401520686 [prime-yield] count=11 remaining=5 chunks=1 wall_ms=21.175 max_chunk_ms=21.175
1790401520708 [prime-yield] count=12 remaining=4 chunks=1 wall_ms=21.233 max_chunk_ms=21.233
1790401520729 [prime-yield] count=13 remaining=3 chunks=1 wall_ms=21.199 max_chunk_ms=21.199
1790401520750 [prime-yield] count=14 remaining=2 chunks=1 wall_ms=21.184 max_chunk_ms=21.184
1790401520771 [prime-yield] count=15 remaining=1 chunks=1 wall_ms=21.183 max_chunk_ms=21.183
1790401520802 [fa-pool] grow #4 dev=0 o_len 3194880 -> 6389760 ml_len 12480 -> 24960 (retired kept, zero=false)
1790401521095 [spec-acc] ctx=30721 burst=18/42 cum=18/42=0.429
1790401521105 [meter] admit id=cmpl-8b98387cbcd998cd6aa728c6510060c9 tenant=default lane=interactive model="q38"
1790401521112 [admission] per-session draft-state charge: model="q38" +46MB (measured capture high-water)
1790401521112 [admission] request cost: model="q38" ctx=32768 path=spec = 31552 B/token x ctx + 2510MB prefill-workspace + 369MB fixed = 3913MB
1790401521112 [admit-predict] id=cmpl-8b98387cbcd998cd6aa728c6510060c9 tenant="rx-30720-32-0" model="q38" verdict=admit reason=global-p95 prompt=30816 predicted_completion=32 kv_hat=3898873704 booked_bytes=0 booked_real=0 inflight=0 cap=64 budget_bytes=81762758352 retry_after_s=- exempt=0 enforce=0 live_free_bytes=-
1790401521112 [worker] spec-affinity: declined (identity did not nominate; 1 parked, 30816 prompt tokens; model q38)
1790401521113 [spec-k] model="q38" tenant="rx-30720-32-0" K=3 source=cold-long prompt=30816 cached=0 lcp=0 active=1 wave=1 placement=single-or-non-pp2
1790401522158 [prime-yield] count=1 remaining=15 chunks=1 wall_ms=1044.563 max_chunk_ms=1044.563
1790401523243 [prime-yield] count=2 remaining=14 chunks=1 wall_ms=1085.767 max_chunk_ms=1085.767
1790401524365 [prime-yield] count=3 remaining=13 chunks=1 wall_ms=1121.894 max_chunk_ms=1121.894
1790401525523 [prime-yield] count=4 remaining=12 chunks=1 wall_ms=1157.624 max_chunk_ms=1157.624
1790401526716 [prime-yield] count=5 remaining=11 chunks=1 wall_ms=1193.419 max_chunk_ms=1193.419
1790401527947 [prime-yield] count=6 remaining=10 chunks=1 wall_ms=1230.059 max_chunk_ms=1230.059
1790401529213 [prime-yield] count=7 remaining=9 chunks=1 wall_ms=1266.060 max_chunk_ms=1266.060
1790401529920 [prime-yield] count=8 remaining=8 chunks=1 wall_ms=707.647 max_chunk_ms=707.647
1790401529942 [prime-yield] count=9 remaining=7 chunks=1 wall_ms=21.301 max_chunk_ms=21.301
1790401529963 [prime-yield] count=10 remaining=6 chunks=1 wall_ms=21.226 max_chunk_ms=21.226
1790401529984 [prime-yield] count=11 remaining=5 chunks=1 wall_ms=21.167 max_chunk_ms=21.167
1790401530005 [prime-yield] count=12 remaining=4 chunks=1 wall_ms=21.173 max_chunk_ms=21.173
1790401530026 [prime-yield] count=13 remaining=3 chunks=1 wall_ms=20.819 max_chunk_ms=20.819
1790401530047 [prime-yield] count=14 remaining=2 chunks=1 wall_ms=21.159 max_chunk_ms=21.159
1790401530069 [prime-yield] count=15 remaining=1 chunks=1 wall_ms=21.162 max_chunk_ms=21.162
1790401530328 [spec-acc] ctx=30817 burst=20/33 cum=20/33=0.606
1790401530339 [meter] admit id=cmpl-c1a7d7f470067042e53c66271c3b0398 tenant=default lane=interactive model="q38"
1790401530346 [admission] per-session draft-state charge: model="q38" +46MB (measured capture high-water)
1790401530346 [admission] request cost: model="q38" ctx=32768 path=spec = 31552 B/token x ctx + 2512MB prefill-workspace + 369MB fixed = 3915MB
1790401530346 [admit-predict] id=cmpl-c1a7d7f470067042e53c66271c3b0398 tenant="rx-30720-32-0" model="q38" verdict=admit reason=global-p95 prompt=30912 predicted_completion=32 kv_hat=3903868776 booked_bytes=0 booked_real=0 inflight=0 cap=64 budget_bytes=81762758352 retry_after_s=- exempt=0 enforce=0 live_free_bytes=-
1790401530346 [worker] spec-affinity: declined (identity did not nominate; 2 parked, 30912 prompt tokens; model q38)
1790401530346 [spec-k] model="q38" tenant="rx-30720-32-0" K=3 source=cold-long prompt=30912 cached=0 lcp=0 active=1 wave=1 placement=single-or-non-pp2
1790401531392 [prime-yield] count=1 remaining=15 chunks=1 wall_ms=1045.239 max_chunk_ms=1045.239
1790401532479 [prime-yield] count=2 remaining=14 chunks=1 wall_ms=1087.232 max_chunk_ms=1087.232
1790401533601 [prime-yield] count=3 remaining=13 chunks=1 wall_ms=1122.334 max_chunk_ms=1122.334
1790401534760 [prime-yield] count=4 remaining=12 chunks=1 wall_ms=1158.601 max_chunk_ms=1158.601
1790401535954 [prime-yield] count=5 remaining=11 chunks=1 wall_ms=1194.514 max_chunk_ms=1194.514
1790401537185 [prime-yield] count=6 remaining=10 chunks=1 wall_ms=1230.817 max_chunk_ms=1230.817
1790401538452 [prime-yield] count=7 remaining=9 chunks=1 wall_ms=1266.331 max_chunk_ms=1266.331
1790401539188 [prime-yield] count=8 remaining=8 chunks=1 wall_ms=735.990 max_chunk_ms=735.990
1790401539209 [prime-yield] count=9 remaining=7 chunks=1 wall_ms=21.225 max_chunk_ms=21.225
1790401539230 [prime-yield] count=10 remaining=6 chunks=1 wall_ms=21.182 max_chunk_ms=21.182
1790401539251 [prime-yield] count=11 remaining=5 chunks=1 wall_ms=21.154 max_chunk_ms=21.154
1790401539272 [prime-yield] count=12 remaining=4 chunks=1 wall_ms=21.124 max_chunk_ms=21.124
1790401539294 [prime-yield] count=13 remaining=3 chunks=1 wall_ms=21.125 max_chunk_ms=21.125
1790401539315 [prime-yield] count=14 remaining=2 chunks=1 wall_ms=21.100 max_chunk_ms=21.100
1790401539336 [prime-yield] count=15 remaining=1 chunks=1 wall_ms=21.127 max_chunk_ms=21.127
1790401539639 [spec-acc] ctx=30913 burst=19/39 cum=19/39=0.487
1790401539644 [meter] admit id=cmpl-cf88f842e6da43742399e1f5d7ceba50 tenant=default lane=interactive model="q38"
1790401539656 [admission] per-session draft-state charge: model="q38" +46MB (measured capture high-water)
1790401539656 [admission] request cost: model="q38" ctx=32768 path=spec = 31552 B/token x ctx + 2508MB prefill-workspace + 369MB fixed = 3911MB
1790401539656 [admit-predict] id=cmpl-cf88f842e6da43742399e1f5d7ceba50 tenant="rxc-30720-32-0-1" model="q38" verdict=admit reason=global-p95 prompt=30720 predicted_completion=32 kv_hat=3893878632 booked_bytes=0 booked_real=0 inflight=0 cap=64 budget_bytes=81762758352 retry_after_s=- exempt=0 enforce=0 live_free_bytes=-
1790401539657 [spec-k] model="q38" tenant="rxc-30720-32-0-1" K=3 source=cold-long prompt=30720 cached=0 lcp=0 active=1 wave=1 placement=single-or-non-pp2
1790401540703 [prime-yield] count=1 remaining=15 chunks=1 wall_ms=1045.599 max_chunk_ms=1045.599
1790401541790 [prime-yield] count=2 remaining=14 chunks=1 wall_ms=1087.574 max_chunk_ms=1087.574
1790401542913 [prime-yield] count=3 remaining=13 chunks=1 wall_ms=1122.902 max_chunk_ms=1122.902
1790401544072 [prime-yield] count=4 remaining=12 chunks=1 wall_ms=1159.075 max_chunk_ms=1159.075
1790401545268 [prime-yield] count=5 remaining=11 chunks=1 wall_ms=1195.423 max_chunk_ms=1195.423
1790401546499 [prime-yield] count=6 remaining=10 chunks=1 wall_ms=1230.789 max_chunk_ms=1230.789
1790401547766 [prime-yield] count=7 remaining=9 chunks=1 wall_ms=1267.400 max_chunk_ms=1267.400
1790401548444 [prime-yield] count=8 remaining=8 chunks=1 wall_ms=677.461 max_chunk_ms=677.461
1790401548465 [prime-yield] count=9 remaining=7 chunks=1 wall_ms=21.236 max_chunk_ms=21.236
1790401548486 [prime-yield] count=10 remaining=6 chunks=1 wall_ms=21.162 max_chunk_ms=21.162
1790401548507 [prime-yield] count=11 remaining=5 chunks=1 wall_ms=21.197 max_chunk_ms=21.197
1790401548529 [prime-yield] count=12 remaining=4 chunks=1 wall_ms=21.208 max_chunk_ms=21.208
1790401548550 [prime-yield] count=13 remaining=3 chunks=1 wall_ms=21.116 max_chunk_ms=21.116
1790401548571 [prime-yield] count=14 remaining=2 chunks=1 wall_ms=21.134 max_chunk_ms=21.134
1790401548592 [prime-yield] count=15 remaining=1 chunks=1 wall_ms=21.116 max_chunk_ms=21.116
1790401548916 [spec-acc] ctx=30721 burst=18/42 cum=18/42=0.429
1790401548920 [meter] admit id=cmpl-c98403b9b2ff714f8decf7b62b6c7377 tenant=default lane=interactive model="q38"
1790401548933 [admission] per-session draft-state charge: model="q38" +46MB (measured capture high-water)
1790401548933 [admission] request cost: model="q38" ctx=32768 path=spec = 31552 B/token x ctx + 2510MB prefill-workspace + 369MB fixed = 3913MB
1790401548933 [admit-predict] id=cmpl-c98403b9b2ff714f8decf7b62b6c7377 tenant="rxc-30720-32-0-2" model="q38" verdict=admit reason=global-p95 prompt=30816 predicted_completion=32 kv_hat=3898873704 booked_bytes=0 booked_real=0 inflight=0 cap=64 budget_bytes=81762758352 retry_after_s=- exempt=0 enforce=0 live_free_bytes=-
1790401548934 [spec-k] model="q38" tenant="rxc-30720-32-0-2" K=3 source=cold-long prompt=30816 cached=0 lcp=0 active=1 wave=1 placement=single-or-non-pp2
1790401549981 [prime-yield] count=1 remaining=15 chunks=1 wall_ms=1046.639 max_chunk_ms=1046.639
1790401551069 [prime-yield] count=2 remaining=14 chunks=1 wall_ms=1088.497 max_chunk_ms=1088.497
1790401552193 [prime-yield] count=3 remaining=13 chunks=1 wall_ms=1124.170 max_chunk_ms=1124.170
1790401553354 [prime-yield] count=4 remaining=12 chunks=1 wall_ms=1160.827 max_chunk_ms=1160.827
1790401554551 [prime-yield] count=5 remaining=11 chunks=1 wall_ms=1196.614 max_chunk_ms=1196.614
1790401555783 [prime-yield] count=6 remaining=10 chunks=1 wall_ms=1232.456 max_chunk_ms=1232.456
1790401557052 [prime-yield] count=7 remaining=9 chunks=1 wall_ms=1268.242 max_chunk_ms=1268.242
1790401557761 [prime-yield] count=8 remaining=8 chunks=1 wall_ms=709.284 max_chunk_ms=709.284
1790401557782 [prime-yield] count=9 remaining=7 chunks=1 wall_ms=21.272 max_chunk_ms=21.272
1790401557803 [prime-yield] count=10 remaining=6 chunks=1 wall_ms=21.179 max_chunk_ms=21.179
1790401557825 [prime-yield] count=11 remaining=5 chunks=1 wall_ms=21.164 max_chunk_ms=21.164
1790401557846 [prime-yield] count=12 remaining=4 chunks=1 wall_ms=21.167 max_chunk_ms=21.167
1790401557867 [prime-yield] count=13 remaining=3 chunks=1 wall_ms=21.169 max_chunk_ms=21.169
1790401557888 [prime-yield] count=14 remaining=2 chunks=1 wall_ms=21.191 max_chunk_ms=21.191
1790401557909 [prime-yield] count=15 remaining=1 chunks=1 wall_ms=21.160 max_chunk_ms=21.160
1790401558170 [spec-acc] ctx=30817 burst=20/33 cum=20/33=0.606
1790401558173 [meter] admit id=cmpl-004f445deacd4628e649ea993307496e tenant=default lane=interactive model="q38"
1790401558187 [admission] per-session draft-state charge: model="q38" +46MB (measured capture high-water)
1790401558187 [admission] request cost: model="q38" ctx=32768 path=spec = 31552 B/token x ctx + 2512MB prefill-workspace + 369MB fixed = 3915MB
1790401558187 [admit-predict] id=cmpl-004f445deacd4628e649ea993307496e tenant="rxc-30720-32-0-3" model="q38" verdict=admit reason=global-p95 prompt=30912 predicted_completion=32 kv_hat=3903868776 booked_bytes=0 booked_real=0 inflight=0 cap=64 budget_bytes=81762758352 retry_after_s=- exempt=0 enforce=0 live_free_bytes=-
1790401558187 [spec-k] model="q38" tenant="rxc-30720-32-0-3" K=3 source=cold-long prompt=30912 cached=0 lcp=0 active=1 wave=1 placement=single-or-non-pp2
1790401559234 [prime-yield] count=1 remaining=15 chunks=1 wall_ms=1046.557 max_chunk_ms=1046.557
1790401560322 [prime-yield] count=2 remaining=14 chunks=1 wall_ms=1088.696 max_chunk_ms=1088.696
1790401561447 [prime-yield] count=3 remaining=13 chunks=1 wall_ms=1124.517 max_chunk_ms=1124.517
1790401562608 [prime-yield] count=4 remaining=12 chunks=1 wall_ms=1160.729 max_chunk_ms=1160.729
1790401563804 [prime-yield] count=5 remaining=11 chunks=1 wall_ms=1196.435 max_chunk_ms=1196.435
1790401565036 [prime-yield] count=6 remaining=10 chunks=1 wall_ms=1232.120 max_chunk_ms=1232.120
1790401566305 [prime-yield] count=7 remaining=9 chunks=1 wall_ms=1268.171 max_chunk_ms=1268.171
1790401567042 [prime-yield] count=8 remaining=8 chunks=1 wall_ms=737.591 max_chunk_ms=737.591
1790401567064 [prime-yield] count=9 remaining=7 chunks=1 wall_ms=21.260 max_chunk_ms=21.260
1790401567085 [prime-yield] count=10 remaining=6 chunks=1 wall_ms=21.151 max_chunk_ms=21.151
1790401567106 [prime-yield] count=11 remaining=5 chunks=1 wall_ms=21.131 max_chunk_ms=21.131
1790401567127 [prime-yield] count=12 remaining=4 chunks=1 wall_ms=21.172 max_chunk_ms=21.172
1790401567148 [prime-yield] count=13 remaining=3 chunks=1 wall_ms=21.155 max_chunk_ms=21.155
1790401567170 [prime-yield] count=14 remaining=2 chunks=1 wall_ms=21.127 max_chunk_ms=21.127
1790401567191 [prime-yield] count=15 remaining=1 chunks=1 wall_ms=21.141 max_chunk_ms=21.141
1790401567494 [spec-acc] ctx=30913 burst=19/39 cum=19/39=0.487
1790401567498 [meter] admit id=cmpl-cb17998a1012a1f6bcc8dade35b894ea tenant=default lane=interactive model="q38"
1790401567511 [admission] per-session draft-state charge: model="q38" +46MB (measured capture high-water)
1790401567511 [admission] request cost: model="q38" ctx=32768 path=spec = 31552 B/token x ctx + 2508MB prefill-workspace + 369MB fixed = 3911MB
1790401567511 [admit-predict] id=cmpl-cb17998a1012a1f6bcc8dade35b894ea tenant="rx-30720-32-1" model="q38" verdict=admit reason=global-p95 prompt=30720 predicted_completion=32 kv_hat=3893878632 booked_bytes=0 booked_real=0 inflight=0 cap=64 budget_bytes=81762758352 retry_after_s=- exempt=0 enforce=0 live_free_bytes=-
1790401567512 [spec-k] model="q38" tenant="rx-30720-32-1" K=3 source=cold-long prompt=30720 cached=0 lcp=0 active=1 wave=1 placement=single-or-non-pp2
1790401568559 [prime-yield] count=1 remaining=15 chunks=1 wall_ms=1046.895 max_chunk_ms=1046.895
1790401569647 [prime-yield] count=2 remaining=14 chunks=1 wall_ms=1088.707 max_chunk_ms=1088.707
1790401570772 [prime-yield] count=3 remaining=13 chunks=1 wall_ms=1124.733 max_chunk_ms=1124.733
1790401571933 [prime-yield] count=4 remaining=12 chunks=1 wall_ms=1160.968 max_chunk_ms=1160.968
1790401573131 [prime-yield] count=5 remaining=11 chunks=1 wall_ms=1197.326 max_chunk_ms=1197.326
1790401574364 [prime-yield] count=6 remaining=10 chunks=1 wall_ms=1232.948 max_chunk_ms=1232.948
1790401575633 [prime-yield] count=7 remaining=9 chunks=1 wall_ms=1269.284 max_chunk_ms=1269.284
1790401576311 [prime-yield] count=8 remaining=8 chunks=1 wall_ms=677.715 max_chunk_ms=677.715
1790401576332 [prime-yield] count=9 remaining=7 chunks=1 wall_ms=21.274 max_chunk_ms=21.274
1790401576353 [prime-yield] count=10 remaining=6 chunks=1 wall_ms=21.207 max_chunk_ms=21.207
1790401576374 [prime-yield] count=11 remaining=5 chunks=1 wall_ms=21.184 max_chunk_ms=21.184
1790401576396 [prime-yield] count=12 remaining=4 chunks=1 wall_ms=21.186 max_chunk_ms=21.186
1790401576417 [prime-yield] count=13 remaining=3 chunks=1 wall_ms=21.184 max_chunk_ms=21.184
1790401576438 [prime-yield] count=14 remaining=2 chunks=1 wall_ms=21.192 max_chunk_ms=21.192
1790401576459 [prime-yield] count=15 remaining=1 chunks=1 wall_ms=21.179 max_chunk_ms=21.179
1790401576805 [spec-acc] ctx=30721 burst=17/45 cum=17/45=0.378
1790401576809 [meter] admit id=cmpl-46a20c4efa006adc333a19eb320fc994 tenant=default lane=interactive model="q38"
1790401576822 [admission] per-session draft-state charge: model="q38" +46MB (measured capture high-water)
1790401576822 [admission] request cost: model="q38" ctx=32768 path=spec = 31552 B/token x ctx + 2510MB prefill-workspace + 369MB fixed = 3913MB
1790401576822 [admit-predict] id=cmpl-46a20c4efa006adc333a19eb320fc994 tenant="rx-30720-32-1" model="q38" verdict=admit reason=global-p95 prompt=30816 predicted_completion=32 kv_hat=3898873704 booked_bytes=0 booked_real=0 inflight=0 cap=64 budget_bytes=81762758352 retry_after_s=- exempt=0 enforce=0 live_free_bytes=-
1790401576822 [worker] spec-affinity: declined (identity did not nominate; 1 parked, 30816 prompt tokens; model q38)
1790401576822 [spec-k] model="q38" tenant="rx-30720-32-1" K=3 source=cold-long prompt=30816 cached=0 lcp=0 active=1 wave=1 placement=single-or-non-pp2
1790401577871 [prime-yield] count=1 remaining=15 chunks=1 wall_ms=1048.424 max_chunk_ms=1048.424
1790401578962 [prime-yield] count=2 remaining=14 chunks=1 wall_ms=1090.505 max_chunk_ms=1090.505
1790401580088 [prime-yield] count=3 remaining=13 chunks=1 wall_ms=1126.236 max_chunk_ms=1126.236
1790401581250 [prime-yield] count=4 remaining=12 chunks=1 wall_ms=1162.204 max_chunk_ms=1162.204
1790401582449 [prime-yield] count=5 remaining=11 chunks=1 wall_ms=1198.441 max_chunk_ms=1198.441
1790401583683 [prime-yield] count=6 remaining=10 chunks=1 wall_ms=1234.153 max_chunk_ms=1234.153
1790401584953 [prime-yield] count=7 remaining=9 chunks=1 wall_ms=1270.063 max_chunk_ms=1270.063
1790401585663 [prime-yield] count=8 remaining=8 chunks=1 wall_ms=709.691 max_chunk_ms=709.691
1790401585684 [prime-yield] count=9 remaining=7 chunks=1 wall_ms=21.262 max_chunk_ms=21.262
1790401585705 [prime-yield] count=10 remaining=6 chunks=1 wall_ms=21.193 max_chunk_ms=21.193
1790401585726 [prime-yield] count=11 remaining=5 chunks=1 wall_ms=21.161 max_chunk_ms=21.161
1790401585748 [prime-yield] count=12 remaining=4 chunks=1 wall_ms=21.197 max_chunk_ms=21.197
1790401585769 [prime-yield] count=13 remaining=3 chunks=1 wall_ms=21.201 max_chunk_ms=21.201
1790401585790 [prime-yield] count=14 remaining=2 chunks=1 wall_ms=21.152 max_chunk_ms=21.152
1790401585811 [prime-yield] count=15 remaining=1 chunks=1 wall_ms=21.189 max_chunk_ms=21.189
1790401586072 [spec-acc] ctx=30817 burst=21/33 cum=21/33=0.636
1790401586076 [meter] admit id=cmpl-0375925e00ca63b612ea6609bddcb691 tenant=default lane=interactive model="q38"
1790401586089 [admission] per-session draft-state charge: model="q38" +46MB (measured capture high-water)
1790401586089 [admission] request cost: model="q38" ctx=32768 path=spec = 31552 B/token x ctx + 2512MB prefill-workspace + 369MB fixed = 3915MB
1790401586089 [admit-predict] id=cmpl-0375925e00ca63b612ea6609bddcb691 tenant="rx-30720-32-1" model="q38" verdict=admit reason=global-p95 prompt=30912 predicted_completion=32 kv_hat=3903868776 booked_bytes=0 booked_real=0 inflight=0 cap=64 budget_bytes=81762758352 retry_after_s=- exempt=0 enforce=0 live_free_bytes=-
1790401586090 [worker] spec-affinity: declined (identity did not nominate; 2 parked, 30912 prompt tokens; model q38)
1790401586090 [spec-k] model="q38" tenant="rx-30720-32-1" K=3 source=cold-long prompt=30912 cached=0 lcp=0 active=1 wave=1 placement=single-or-non-pp2
1790401587139 [prime-yield] count=1 remaining=15 chunks=1 wall_ms=1048.988 max_chunk_ms=1048.988
1790401588230 [prime-yield] count=2 remaining=14 chunks=1 wall_ms=1090.511 max_chunk_ms=1090.511
1790401589356 [prime-yield] count=3 remaining=13 chunks=1 wall_ms=1126.242 max_chunk_ms=1126.242
1790401590518 [prime-yield] count=4 remaining=12 chunks=1 wall_ms=1162.470 max_chunk_ms=1162.470
1790401591717 [prime-yield] count=5 remaining=11 chunks=1 wall_ms=1198.397 max_chunk_ms=1198.397
1790401592952 [prime-yield] count=6 remaining=10 chunks=1 wall_ms=1234.825 max_chunk_ms=1234.825
1790401594223 [prime-yield] count=7 remaining=9 chunks=1 wall_ms=1271.018 max_chunk_ms=1271.018
1790401594962 [prime-yield] count=8 remaining=8 chunks=1 wall_ms=739.187 max_chunk_ms=739.187
1790401594983 [prime-yield] count=9 remaining=7 chunks=1 wall_ms=21.274 max_chunk_ms=21.274
1790401595005 [prime-yield] count=10 remaining=6 chunks=1 wall_ms=21.211 max_chunk_ms=21.211
1790401595026 [prime-yield] count=11 remaining=5 chunks=1 wall_ms=21.192 max_chunk_ms=21.192
1790401595047 [prime-yield] count=12 remaining=4 chunks=1 wall_ms=21.204 max_chunk_ms=21.204
1790401595068 [prime-yield] count=13 remaining=3 chunks=1 wall_ms=21.207 max_chunk_ms=21.207
1790401595089 [prime-yield] count=14 remaining=2 chunks=1 wall_ms=21.156 max_chunk_ms=21.156
1790401595111 [prime-yield] count=15 remaining=1 chunks=1 wall_ms=21.183 max_chunk_ms=21.183
1790401595436 [spec-acc] ctx=30913 burst=19/42 cum=19/42=0.452
1790401595440 [meter] admit id=cmpl-f7257ea85cd9e44d8cc3bbc88d978785 tenant=default lane=interactive model="q38"
1790401595453 [admission] per-session draft-state charge: model="q38" +46MB (measured capture high-water)
1790401595453 [admission] request cost: model="q38" ctx=32768 path=spec = 31552 B/token x ctx + 2508MB prefill-workspace + 369MB fixed = 3911MB
1790401595453 [admit-predict] id=cmpl-f7257ea85cd9e44d8cc3bbc88d978785 tenant="rxc-30720-32-1-1" model="q38" verdict=admit reason=global-p95 prompt=30720 predicted_completion=32 kv_hat=3893878632 booked_bytes=0 booked_real=0 inflight=0 cap=64 budget_bytes=81762758352 retry_after_s=- exempt=0 enforce=0 live_free_bytes=-
1790401595453 [spec-k] model="q38" tenant="rxc-30720-32-1-1" K=3 source=cold-long prompt=30720 cached=0 lcp=0 active=1 wave=1 placement=single-or-non-pp2
1790401596503 [prime-yield] count=1 remaining=15 chunks=1 wall_ms=1049.703 max_chunk_ms=1049.703
1790401597595 [prime-yield] count=2 remaining=14 chunks=1 wall_ms=1091.282 max_chunk_ms=1091.282
1790401598722 [prime-yield] count=3 remaining=13 chunks=1 wall_ms=1127.696 max_chunk_ms=1127.696
1790401599886 [prime-yield] count=4 remaining=12 chunks=1 wall_ms=1163.943 max_chunk_ms=1163.943
1790401601086 [prime-yield] count=5 remaining=11 chunks=1 wall_ms=1199.673 max_chunk_ms=1199.673
1790401602322 [prime-yield] count=6 remaining=10 chunks=1 wall_ms=1235.729 max_chunk_ms=1235.729
1790401603593 [prime-yield] count=7 remaining=9 chunks=1 wall_ms=1271.520 max_chunk_ms=1271.520
1790401604272 [prime-yield] count=8 remaining=8 chunks=1 wall_ms=678.898 max_chunk_ms=678.898
1790401604294 [prime-yield] count=9 remaining=7 chunks=1 wall_ms=21.262 max_chunk_ms=21.262
1790401604315 [prime-yield] count=10 remaining=6 chunks=1 wall_ms=21.148 max_chunk_ms=21.148
1790401604336 [prime-yield] count=11 remaining=5 chunks=1 wall_ms=21.154 max_chunk_ms=21.154
1790401604357 [prime-yield] count=12 remaining=4 chunks=1 wall_ms=21.165 max_chunk_ms=21.165
1790401604378 [prime-yield] count=13 remaining=3 chunks=1 wall_ms=21.151 max_chunk_ms=21.151
1790401604400 [prime-yield] count=14 remaining=2 chunks=1 wall_ms=21.153 max_chunk_ms=21.153
1790401604421 [prime-yield] count=15 remaining=1 chunks=1 wall_ms=21.136 max_chunk_ms=21.136
1790401604766 [spec-acc] ctx=30721 burst=17/45 cum=17/45=0.378
1790401604770 [meter] admit id=cmpl-2cac36d322f32d58458d6f14755ddcbb tenant=default lane=interactive model="q38"
1790401604784 [admission] per-session draft-state charge: model="q38" +46MB (measured capture high-water)
1790401604784 [admission] request cost: model="q38" ctx=32768 path=spec = 31552 B/token x ctx + 2510MB prefill-workspace + 369MB fixed = 3913MB
1790401604784 [admit-predict] id=cmpl-2cac36d322f32d58458d6f14755ddcbb tenant="rxc-30720-32-1-2" model="q38" verdict=admit reason=global-p95 prompt=30816 predicted_completion=32 kv_hat=3898873704 booked_bytes=0 booked_real=0 inflight=0 cap=64 budget_bytes=81762758352 retry_after_s=- exempt=0 enforce=0 live_free_bytes=-
1790401604784 [spec-k] model="q38" tenant="rxc-30720-32-1-2" K=3 source=cold-long prompt=30816 cached=0 lcp=0 active=1 wave=1 placement=single-or-non-pp2
1790401605834 [prime-yield] count=1 remaining=15 chunks=1 wall_ms=1049.586 max_chunk_ms=1049.586
1790401606926 [prime-yield] count=2 remaining=14 chunks=1 wall_ms=1091.686 max_chunk_ms=1091.686
1790401608053 [prime-yield] count=3 remaining=13 chunks=1 wall_ms=1127.060 max_chunk_ms=1127.060
1790401609216 [prime-yield] count=4 remaining=12 chunks=1 wall_ms=1162.967 max_chunk_ms=1162.967
1790401610415 [prime-yield] count=5 remaining=11 chunks=1 wall_ms=1198.876 max_chunk_ms=1198.876
1790401611649 [prime-yield] count=6 remaining=10 chunks=1 wall_ms=1234.644 max_chunk_ms=1234.644
1790401612920 [prime-yield] count=7 remaining=9 chunks=1 wall_ms=1271.120 max_chunk_ms=1271.120
1790401613632 [prime-yield] count=8 remaining=8 chunks=1 wall_ms=711.227 max_chunk_ms=711.227
1790401613653 [prime-yield] count=9 remaining=7 chunks=1 wall_ms=21.399 max_chunk_ms=21.399
1790401613675 [prime-yield] count=10 remaining=6 chunks=1 wall_ms=21.279 max_chunk_ms=21.279
1790401613696 [prime-yield] count=11 remaining=5 chunks=1 wall_ms=21.268 max_chunk_ms=21.268
1790401613717 [prime-yield] count=12 remaining=4 chunks=1 wall_ms=21.269 max_chunk_ms=21.269
1790401613738 [prime-yield] count=13 remaining=3 chunks=1 wall_ms=21.256 max_chunk_ms=21.256
1790401613760 [prime-yield] count=14 remaining=2 chunks=1 wall_ms=21.229 max_chunk_ms=21.229
1790401613781 [prime-yield] count=15 remaining=1 chunks=1 wall_ms=21.295 max_chunk_ms=21.295
1790401614042 [spec-acc] ctx=30817 burst=21/33 cum=21/33=0.636
1790401614045 [meter] admit id=cmpl-3006c466b4cd40724565c30a09492a23 tenant=default lane=interactive model="q38"
1790401614059 [admission] per-session draft-state charge: model="q38" +46MB (measured capture high-water)
1790401614059 [admission] request cost: model="q38" ctx=32768 path=spec = 31552 B/token x ctx + 2512MB prefill-workspace + 369MB fixed = 3915MB
1790401614059 [admit-predict] id=cmpl-3006c466b4cd40724565c30a09492a23 tenant="rxc-30720-32-1-3" model="q38" verdict=admit reason=global-p95 prompt=30912 predicted_completion=32 kv_hat=3903868776 booked_bytes=0 booked_real=0 inflight=0 cap=64 budget_bytes=81762758352 retry_after_s=- exempt=0 enforce=0 live_free_bytes=-
1790401614060 [spec-k] model="q38" tenant="rxc-30720-32-1-3" K=3 source=cold-long prompt=30912 cached=0 lcp=0 active=1 wave=1 placement=single-or-non-pp2
1790401615109 [prime-yield] count=1 remaining=15 chunks=1 wall_ms=1048.973 max_chunk_ms=1048.973
1790401616200 [prime-yield] count=2 remaining=14 chunks=1 wall_ms=1091.816 max_chunk_ms=1091.816
1790401617328 [prime-yield] count=3 remaining=13 chunks=1 wall_ms=1127.220 max_chunk_ms=1127.220
1790401618491 [prime-yield] count=4 remaining=12 chunks=1 wall_ms=1163.132 max_chunk_ms=1163.132
1790401619690 [prime-yield] count=5 remaining=11 chunks=1 wall_ms=1199.344 max_chunk_ms=1199.344
1790401620926 [prime-yield] count=6 remaining=10 chunks=1 wall_ms=1235.387 max_chunk_ms=1235.387
1790401622197 [prime-yield] count=7 remaining=9 chunks=1 wall_ms=1271.644 max_chunk_ms=1271.644
1790401622936 [prime-yield] count=8 remaining=8 chunks=1 wall_ms=738.703 max_chunk_ms=738.703
1790401622958 [prime-yield] count=9 remaining=7 chunks=1 wall_ms=21.327 max_chunk_ms=21.327
1790401622979 [prime-yield] count=10 remaining=6 chunks=1 wall_ms=21.288 max_chunk_ms=21.288
1790401623000 [prime-yield] count=11 remaining=5 chunks=1 wall_ms=21.220 max_chunk_ms=21.220
1790401623021 [prime-yield] count=12 remaining=4 chunks=1 wall_ms=21.221 max_chunk_ms=21.221
1790401623043 [prime-yield] count=13 remaining=3 chunks=1 wall_ms=21.235 max_chunk_ms=21.235
1790401623064 [prime-yield] count=14 remaining=2 chunks=1 wall_ms=21.248 max_chunk_ms=21.248
1790401623085 [prime-yield] count=15 remaining=1 chunks=1 wall_ms=21.195 max_chunk_ms=21.195
1790401623410 [spec-acc] ctx=30913 burst=19/42 cum=19/42=0.452
1790401623414 [meter] admit id=cmpl-3ecb7915007881398c189abe7e404626 tenant=default lane=interactive model="q38"
1790401623427 [admission] per-session draft-state charge: model="q38" +46MB (measured capture high-water)
1790401623427 [admission] request cost: model="q38" ctx=32768 path=spec = 31552 B/token x ctx + 2508MB prefill-workspace + 369MB fixed = 3911MB
1790401623427 [admit-predict] id=cmpl-3ecb7915007881398c189abe7e404626 tenant="rx-30720-32-2" model="q38" verdict=admit reason=global-p95 prompt=30720 predicted_completion=32 kv_hat=3893878632 booked_bytes=0 booked_real=0 inflight=0 cap=64 budget_bytes=81762758352 retry_after_s=- exempt=0 enforce=0 live_free_bytes=-
1790401623428 [spec-k] model="q38" tenant="rx-30720-32-2" K=3 source=cold-long prompt=30720 cached=0 lcp=0 active=1 wave=1 placement=single-or-non-pp2
1790401624477 [prime-yield] count=1 remaining=15 chunks=1 wall_ms=1049.285 max_chunk_ms=1049.285
1790401625569 [prime-yield] count=2 remaining=14 chunks=1 wall_ms=1091.564 max_chunk_ms=1091.564
1790401626697 [prime-yield] count=3 remaining=13 chunks=1 wall_ms=1127.890 max_chunk_ms=1127.890
1790401627861 [prime-yield] count=4 remaining=12 chunks=1 wall_ms=1164.277 max_chunk_ms=1164.277
1790401629061 [prime-yield] count=5 remaining=11 chunks=1 wall_ms=1200.364 max_chunk_ms=1200.364
1790401630297 [prime-yield] count=6 remaining=10 chunks=1 wall_ms=1235.973 max_chunk_ms=1235.973
1790401631570 [prime-yield] count=7 remaining=9 chunks=1 wall_ms=1272.561 max_chunk_ms=1272.561
1790401632249 [prime-yield] count=8 remaining=8 chunks=1 wall_ms=679.401 max_chunk_ms=679.401
1790401632271 [prime-yield] count=9 remaining=7 chunks=1 wall_ms=21.324 max_chunk_ms=21.324
1790401632292 [prime-yield] count=10 remaining=6 chunks=1 wall_ms=21.282 max_chunk_ms=21.282
1790401632313 [prime-yield] count=11 remaining=5 chunks=1 wall_ms=21.216 max_chunk_ms=21.216
1790401632335 [prime-yield] count=12 remaining=4 chunks=1 wall_ms=21.252 max_chunk_ms=21.252
1790401632356 [prime-yield] count=13 remaining=3 chunks=1 wall_ms=21.264 max_chunk_ms=21.264
1790401632377 [prime-yield] count=14 remaining=2 chunks=1 wall_ms=21.256 max_chunk_ms=21.256
1790401632399 [prime-yield] count=15 remaining=1 chunks=1 wall_ms=21.250 max_chunk_ms=21.250
1790401632723 [spec-acc] ctx=30721 burst=16/42 cum=16/42=0.381
1790401632728 [meter] admit id=cmpl-b2977b574ee67e3c6dbe3952e56d6b6a tenant=default lane=interactive model="q38"
1790401632741 [admission] per-session draft-state charge: model="q38" +46MB (measured capture high-water)
1790401632741 [admission] request cost: model="q38" ctx=32768 path=spec = 31552 B/token x ctx + 2510MB prefill-workspace + 369MB fixed = 3913MB
1790401632741 [admit-predict] id=cmpl-b2977b574ee67e3c6dbe3952e56d6b6a tenant="rx-30720-32-2" model="q38" verdict=admit reason=global-p95 prompt=30816 predicted_completion=32 kv_hat=3898873704 booked_bytes=0 booked_real=0 inflight=0 cap=64 budget_bytes=81762758352 retry_after_s=- exempt=0 enforce=0 live_free_bytes=-
1790401632741 [worker] spec-reuse: 30752 committed tokens resumed [sampler=equivalent] (model q38)
1790401632741 [spec-k] model="q38" tenant="rx-30720-32-2" K=2 source=cached-long prompt=30816 cached=30752 lcp=0 active=1 wave=1 placement=single-or-non-pp2
1790401633186 [spec-acc] ctx=64 burst=19/26 cum=19/26=0.731
1790401633189 [meter] admit id=cmpl-7a850645bd8c1fd14eb3ba1c158f6d97 tenant=default lane=interactive model="q38"
1790401633202 [admission] per-session draft-state charge: model="q38" +46MB (measured capture high-water)
1790401633202 [admission] request cost: model="q38" ctx=32768 path=spec = 31552 B/token x ctx + 2512MB prefill-workspace + 369MB fixed = 3915MB
1790401633202 [admit-predict] id=cmpl-7a850645bd8c1fd14eb3ba1c158f6d97 tenant="rx-30720-32-2" model="q38" verdict=admit reason=global-p95 prompt=30912 predicted_completion=32 kv_hat=3903868776 booked_bytes=0 booked_real=0 inflight=0 cap=64 budget_bytes=81762758352 retry_after_s=- exempt=0 enforce=0 live_free_bytes=-
1790401633202 [worker] spec-affinity: declined (identity did not nominate; 1 parked, 30912 prompt tokens; model q38)
1790401633203 [spec-k] model="q38" tenant="rx-30720-32-2" K=3 source=cold-long prompt=30912 cached=0 lcp=0 active=1 wave=1 placement=single-or-non-pp2
1790401634252 [prime-yield] count=1 remaining=15 chunks=1 wall_ms=1049.842 max_chunk_ms=1049.842
1790401635345 [prime-yield] count=2 remaining=14 chunks=1 wall_ms=1092.056 max_chunk_ms=1092.056
1790401636472 [prime-yield] count=3 remaining=13 chunks=1 wall_ms=1127.473 max_chunk_ms=1127.473
1790401637636 [prime-yield] count=4 remaining=12 chunks=1 wall_ms=1164.057 max_chunk_ms=1164.057
1790401638836 [prime-yield] count=5 remaining=11 chunks=1 wall_ms=1200.162 max_chunk_ms=1200.162
1790401640073 [prime-yield] count=6 remaining=10 chunks=1 wall_ms=1236.743 max_chunk_ms=1236.743
1790401641346 [prime-yield] count=7 remaining=9 chunks=1 wall_ms=1273.158 max_chunk_ms=1273.158
1790401642087 [prime-yield] count=8 remaining=8 chunks=1 wall_ms=740.089 max_chunk_ms=740.089
1790401642108 [prime-yield] count=9 remaining=7 chunks=1 wall_ms=21.281 max_chunk_ms=21.281
1790401642129 [prime-yield] count=10 remaining=6 chunks=1 wall_ms=21.174 max_chunk_ms=21.174
1790401642150 [prime-yield] count=11 remaining=5 chunks=1 wall_ms=21.170 max_chunk_ms=21.170
1790401642171 [prime-yield] count=12 remaining=4 chunks=1 wall_ms=21.152 max_chunk_ms=21.152
1790401642193 [prime-yield] count=13 remaining=3 chunks=1 wall_ms=21.143 max_chunk_ms=21.143
1790401642214 [prime-yield] count=14 remaining=2 chunks=1 wall_ms=21.165 max_chunk_ms=21.165
1790401642235 [prime-yield] count=15 remaining=1 chunks=1 wall_ms=21.147 max_chunk_ms=21.147
1790401642496 [spec-acc] ctx=30913 burst=19/33 cum=19/33=0.576
1790401642506 [meter] admit id=cmpl-c2aba0dd1d3a5b99a6ccf4852c4a66b3 tenant=default lane=interactive model="q38"
1790401642513 [admission] per-session draft-state charge: model="q38" +46MB (measured capture high-water)
1790401642513 [admission] request cost: model="q38" ctx=32768 path=spec = 31552 B/token x ctx + 2508MB prefill-workspace + 369MB fixed = 3911MB
1790401642513 [admit-predict] id=cmpl-c2aba0dd1d3a5b99a6ccf4852c4a66b3 tenant="rxc-30720-32-2-1" model="q38" verdict=admit reason=global-p95 prompt=30720 predicted_completion=32 kv_hat=3893878632 booked_bytes=0 booked_real=0 inflight=0 cap=64 budget_bytes=81762758352 retry_after_s=- exempt=0 enforce=0 live_free_bytes=-
1790401642514 [spec-k] model="q38" tenant="rxc-30720-32-2-1" K=3 source=cold-long prompt=30720 cached=0 lcp=0 active=1 wave=1 placement=single-or-non-pp2
1790401643564 [prime-yield] count=1 remaining=15 chunks=1 wall_ms=1050.829 max_chunk_ms=1050.829
1790401644658 [prime-yield] count=2 remaining=14 chunks=1 wall_ms=1093.083 max_chunk_ms=1093.083
1790401645787 [prime-yield] count=3 remaining=13 chunks=1 wall_ms=1129.135 max_chunk_ms=1129.135
1790401646952 [prime-yield] count=4 remaining=12 chunks=1 wall_ms=1165.476 max_chunk_ms=1165.476
1790401648153 [prime-yield] count=5 remaining=11 chunks=1 wall_ms=1200.980 max_chunk_ms=1200.980
1790401649391 [prime-yield] count=6 remaining=10 chunks=1 wall_ms=1237.515 max_chunk_ms=1237.515
1790401650664 [prime-yield] count=7 remaining=9 chunks=1 wall_ms=1273.047 max_chunk_ms=1273.047
1790401651344 [prime-yield] count=8 remaining=8 chunks=1 wall_ms=679.957 max_chunk_ms=679.957
1790401651365 [prime-yield] count=9 remaining=7 chunks=1 wall_ms=21.260 max_chunk_ms=21.260
1790401651387 [prime-yield] count=10 remaining=6 chunks=1 wall_ms=21.215 max_chunk_ms=21.215
1790401651408 [prime-yield] count=11 remaining=5 chunks=1 wall_ms=21.198 max_chunk_ms=21.198
1790401651429 [prime-yield] count=12 remaining=4 chunks=1 wall_ms=21.212 max_chunk_ms=21.212
1790401651450 [prime-yield] count=13 remaining=3 chunks=1 wall_ms=21.208 max_chunk_ms=21.208
1790401651471 [prime-yield] count=14 remaining=2 chunks=1 wall_ms=21.170 max_chunk_ms=21.170
1790401651493 [prime-yield] count=15 remaining=1 chunks=1 wall_ms=21.242 max_chunk_ms=21.242
1790401651817 [spec-acc] ctx=30721 burst=16/42 cum=16/42=0.381
1790401651826 [meter] admit id=cmpl-a8160a7b0c49ae14cdf7ef7a4310f4e9 tenant=default lane=interactive model="q38"
1790401651834 [admission] per-session draft-state charge: model="q38" +46MB (measured capture high-water)
1790401651834 [admission] request cost: model="q38" ctx=32768 path=spec = 31552 B/token x ctx + 2510MB prefill-workspace + 369MB fixed = 3913MB
1790401651834 [admit-predict] id=cmpl-a8160a7b0c49ae14cdf7ef7a4310f4e9 tenant="rxc-30720-32-2-2" model="q38" verdict=admit reason=global-p95 prompt=30816 predicted_completion=32 kv_hat=3898873704 booked_bytes=0 booked_real=0 inflight=0 cap=64 budget_bytes=81762758352 retry_after_s=- exempt=0 enforce=0 live_free_bytes=-
1790401651834 [spec-k] model="q38" tenant="rxc-30720-32-2-2" K=3 source=cold-long prompt=30816 cached=0 lcp=0 active=1 wave=1 placement=single-or-non-pp2
1790401652886 [prime-yield] count=1 remaining=15 chunks=1 wall_ms=1051.519 max_chunk_ms=1051.519
1790401653980 [prime-yield] count=2 remaining=14 chunks=1 wall_ms=1094.147 max_chunk_ms=1094.147
1790401655110 [prime-yield] count=3 remaining=13 chunks=1 wall_ms=1129.658 max_chunk_ms=1129.658
1790401656275 [prime-yield] count=4 remaining=12 chunks=1 wall_ms=1165.636 max_chunk_ms=1165.636
1790401657478 [prime-yield] count=5 remaining=11 chunks=1 wall_ms=1202.073 max_chunk_ms=1202.073
1790401658716 [prime-yield] count=6 remaining=10 chunks=1 wall_ms=1238.405 max_chunk_ms=1238.405
1790401659990 [prime-yield] count=7 remaining=9 chunks=1 wall_ms=1274.141 max_chunk_ms=1274.141
1790401660703 [prime-yield] count=8 remaining=8 chunks=1 wall_ms=712.331 max_chunk_ms=712.331
1790401660724 [prime-yield] count=9 remaining=7 chunks=1 wall_ms=21.256 max_chunk_ms=21.256
1790401660745 [prime-yield] count=10 remaining=6 chunks=1 wall_ms=21.149 max_chunk_ms=21.149
1790401660766 [prime-yield] count=11 remaining=5 chunks=1 wall_ms=21.166 max_chunk_ms=21.166
1790401660787 [prime-yield] count=12 remaining=4 chunks=1 wall_ms=21.163 max_chunk_ms=21.163
1790401660809 [prime-yield] count=13 remaining=3 chunks=1 wall_ms=21.166 max_chunk_ms=21.166
1790401660830 [prime-yield] count=14 remaining=2 chunks=1 wall_ms=21.165 max_chunk_ms=21.165
1790401660851 [prime-yield] count=15 remaining=1 chunks=1 wall_ms=21.171 max_chunk_ms=21.171
1790401661111 [spec-acc] ctx=30817 burst=21/33 cum=21/33=0.636
1790401661120 [meter] admit id=cmpl-9961020633a3bf54824df70b2c288842 tenant=default lane=interactive model="q38"
1790401661128 [admission] per-session draft-state charge: model="q38" +46MB (measured capture high-water)
1790401661128 [admission] request cost: model="q38" ctx=32768 path=spec = 31552 B/token x ctx + 2512MB prefill-workspace + 369MB fixed = 3915MB
1790401661128 [admit-predict] id=cmpl-9961020633a3bf54824df70b2c288842 tenant="rxc-30720-32-2-3" model="q38" verdict=admit reason=global-p95 prompt=30912 predicted_completion=32 kv_hat=3903868776 booked_bytes=0 booked_real=0 inflight=0 cap=64 budget_bytes=81762758352 retry_after_s=- exempt=0 enforce=0 live_free_bytes=-
1790401661129 [spec-k] model="q38" tenant="rxc-30720-32-2-3" K=3 source=cold-long prompt=30912 cached=0 lcp=0 active=1 wave=1 placement=single-or-non-pp2
1790401662180 [prime-yield] count=1 remaining=15 chunks=1 wall_ms=1051.388 max_chunk_ms=1051.388
1790401663274 [prime-yield] count=2 remaining=14 chunks=1 wall_ms=1093.319 max_chunk_ms=1093.319
1790401664403 [prime-yield] count=3 remaining=13 chunks=1 wall_ms=1129.182 max_chunk_ms=1129.182
1790401665569 [prime-yield] count=4 remaining=12 chunks=1 wall_ms=1165.443 max_chunk_ms=1165.443
1790401666770 [prime-yield] count=5 remaining=11 chunks=1 wall_ms=1201.376 max_chunk_ms=1201.376
1790401668007 [prime-yield] count=6 remaining=10 chunks=1 wall_ms=1236.773 max_chunk_ms=1236.773
1790401669280 [prime-yield] count=7 remaining=9 chunks=1 wall_ms=1273.337 max_chunk_ms=1273.337
1790401670020 [prime-yield] count=8 remaining=8 chunks=1 wall_ms=739.849 max_chunk_ms=739.849
1790401670041 [prime-yield] count=9 remaining=7 chunks=1 wall_ms=21.110 max_chunk_ms=21.110
1790401670062 [prime-yield] count=10 remaining=6 chunks=1 wall_ms=21.173 max_chunk_ms=21.173
1790401670084 [prime-yield] count=11 remaining=5 chunks=1 wall_ms=21.183 max_chunk_ms=21.183
1790401670105 [prime-yield] count=12 remaining=4 chunks=1 wall_ms=21.157 max_chunk_ms=21.157
1790401670126 [prime-yield] count=13 remaining=3 chunks=1 wall_ms=21.244 max_chunk_ms=21.244
1790401670147 [prime-yield] count=14 remaining=2 chunks=1 wall_ms=21.190 max_chunk_ms=21.190
1790401670169 [prime-yield] count=15 remaining=1 chunks=1 wall_ms=21.206 max_chunk_ms=21.206
1790401670430 [spec-acc] ctx=30913 burst=19/33 cum=19/33=0.576
1790401670439 [meter] admit id=cmpl-0955da3dfce00d277cf497fb2f464905 tenant=default lane=interactive model="q38"
1790401670447 [admission] per-session draft-state charge: model="q38" +46MB (measured capture high-water)
1790401670447 [admission] request cost: model="q38" ctx=32768 path=spec = 31552 B/token x ctx + 2508MB prefill-workspace + 369MB fixed = 3911MB
1790401670447 [admit-predict] id=cmpl-0955da3dfce00d277cf497fb2f464905 tenant="rx-30720-32-3" model="q38" verdict=admit reason=global-p95 prompt=30720 predicted_completion=32 kv_hat=3893878632 booked_bytes=0 booked_real=0 inflight=0 cap=64 budget_bytes=81762758352 retry_after_s=- exempt=0 enforce=0 live_free_bytes=-
1790401670447 [spec-k] model="q38" tenant="rx-30720-32-3" K=3 source=cold-long prompt=30720 cached=0 lcp=0 active=1 wave=1 placement=single-or-non-pp2
1790401671499 [prime-yield] count=1 remaining=15 chunks=1 wall_ms=1051.307 max_chunk_ms=1051.307
1790401672593 [prime-yield] count=2 remaining=14 chunks=1 wall_ms=1093.875 max_chunk_ms=1093.875
1790401673722 [prime-yield] count=3 remaining=13 chunks=1 wall_ms=1129.554 max_chunk_ms=1129.554
1790401674888 [prime-yield] count=4 remaining=12 chunks=1 wall_ms=1166.098 max_chunk_ms=1166.098
1790401676091 [prime-yield] count=5 remaining=11 chunks=1 wall_ms=1202.247 max_chunk_ms=1202.247
1790401677329 [prime-yield] count=6 remaining=10 chunks=1 wall_ms=1238.110 max_chunk_ms=1238.110
1790401678603 [prime-yield] count=7 remaining=9 chunks=1 wall_ms=1273.828 max_chunk_ms=1273.828
1790401679283 [prime-yield] count=8 remaining=8 chunks=1 wall_ms=680.164 max_chunk_ms=680.164
1790401679304 [prime-yield] count=9 remaining=7 chunks=1 wall_ms=21.268 max_chunk_ms=21.268
1790401679325 [prime-yield] count=10 remaining=6 chunks=1 wall_ms=21.201 max_chunk_ms=21.201
1790401679347 [prime-yield] count=11 remaining=5 chunks=1 wall_ms=21.210 max_chunk_ms=21.210
1790401679368 [prime-yield] count=12 remaining=4 chunks=1 wall_ms=21.166 max_chunk_ms=21.166
1790401679389 [prime-yield] count=13 remaining=3 chunks=1 wall_ms=21.163 max_chunk_ms=21.163
1790401679410 [prime-yield] count=14 remaining=2 chunks=1 wall_ms=21.168 max_chunk_ms=21.168
1790401679431 [prime-yield] count=15 remaining=1 chunks=1 wall_ms=21.222 max_chunk_ms=21.222
1790401679713 [spec-acc] ctx=30721 burst=20/36 cum=20/36=0.556
1790401679722 [meter] admit id=cmpl-445e335e9af4a82e2431f0a0c594e4e1 tenant=default lane=interactive model="q38"
1790401679730 [admission] per-session draft-state charge: model="q38" +46MB (measured capture high-water)
1790401679730 [admission] request cost: model="q38" ctx=32768 path=spec = 31552 B/token x ctx + 2510MB prefill-workspace + 369MB fixed = 3913MB
1790401679730 [admit-predict] id=cmpl-445e335e9af4a82e2431f0a0c594e4e1 tenant="rx-30720-32-3" model="q38" verdict=admit reason=global-p95 prompt=30816 predicted_completion=32 kv_hat=3898873704 booked_bytes=0 booked_real=0 inflight=0 cap=64 budget_bytes=81762758352 retry_after_s=- exempt=0 enforce=0 live_free_bytes=-
1790401679730 [worker] spec-affinity: declined (identity did not nominate; 1 parked, 30816 prompt tokens; model q38)
1790401679730 [spec-k] model="q38" tenant="rx-30720-32-3" K=3 source=cold-long prompt=30816 cached=0 lcp=0 active=1 wave=1 placement=single-or-non-pp2
1790401680782 [prime-yield] count=1 remaining=15 chunks=1 wall_ms=1051.228 max_chunk_ms=1051.228
1790401681876 [prime-yield] count=2 remaining=14 chunks=1 wall_ms=1094.221 max_chunk_ms=1094.221
1790401683007 [prime-yield] count=3 remaining=13 chunks=1 wall_ms=1130.636 max_chunk_ms=1130.636
1790401684173 [prime-yield] count=4 remaining=12 chunks=1 wall_ms=1166.202 max_chunk_ms=1166.202
1790401685376 [prime-yield] count=5 remaining=11 chunks=1 wall_ms=1202.659 max_chunk_ms=1202.659
1790401686614 [prime-yield] count=6 remaining=10 chunks=1 wall_ms=1238.474 max_chunk_ms=1238.474
1790401687889 [prime-yield] count=7 remaining=9 chunks=1 wall_ms=1275.232 max_chunk_ms=1275.232
1790401688602 [prime-yield] count=8 remaining=8 chunks=1 wall_ms=712.901 max_chunk_ms=712.901
1790401688624 [prime-yield] count=9 remaining=7 chunks=1 wall_ms=21.287 max_chunk_ms=21.287
1790401688645 [prime-yield] count=10 remaining=6 chunks=1 wall_ms=21.245 max_chunk_ms=21.245
1790401688666 [prime-yield] count=11 remaining=5 chunks=1 wall_ms=21.216 max_chunk_ms=21.216
1790401688687 [prime-yield] count=12 remaining=4 chunks=1 wall_ms=21.190 max_chunk_ms=21.190
1790401688709 [prime-yield] count=13 remaining=3 chunks=1 wall_ms=21.190 max_chunk_ms=21.190
1790401688730 [prime-yield] count=14 remaining=2 chunks=1 wall_ms=21.178 max_chunk_ms=21.178
1790401688751 [prime-yield] count=15 remaining=1 chunks=1 wall_ms=21.199 max_chunk_ms=21.199
1790401689076 [spec-acc] ctx=30817 burst=16/42 cum=16/42=0.381
1790401689086 [meter] admit id=cmpl-e903631e636aa04b2d75bd54b03292f0 tenant=default lane=interactive model="q38"
1790401689093 [admission] per-session draft-state charge: model="q38" +46MB (measured capture high-water)
1790401689093 [admission] request cost: model="q38" ctx=32768 path=spec = 31552 B/token x ctx + 2512MB prefill-workspace + 369MB fixed = 3915MB
1790401689093 [admit-predict] id=cmpl-e903631e636aa04b2d75bd54b03292f0 tenant="rx-30720-32-3" model="q38" verdict=admit reason=global-p95 prompt=30912 predicted_completion=32 kv_hat=3903868776 booked_bytes=0 booked_real=0 inflight=0 cap=64 budget_bytes=81762758352 retry_after_s=- exempt=0 enforce=0 live_free_bytes=-
1790401689093 [worker] spec-reuse: 30848 committed tokens resumed [sampler=equivalent] (model q38)
1790401689093 [spec-k] model="q38" tenant="rx-30720-32-3" K=2 source=cached-long prompt=30912 cached=30848 lcp=0 active=1 wave=1 placement=single-or-non-pp2
1790401689557 [spec-acc] ctx=64 burst=18/28 cum=18/28=0.643
1790401689566 [meter] admit id=cmpl-705cf1e7acebd8c32069b91819d7773d tenant=default lane=interactive model="q38"
1790401689573 [admission] per-session draft-state charge: model="q38" +46MB (measured capture high-water)
1790401689573 [admission] request cost: model="q38" ctx=32768 path=spec = 31552 B/token x ctx + 2508MB prefill-workspace + 369MB fixed = 3911MB
1790401689573 [admit-predict] id=cmpl-705cf1e7acebd8c32069b91819d7773d tenant="rxc-30720-32-3-1" model="q38" verdict=admit reason=global-p95 prompt=30720 predicted_completion=32 kv_hat=3893878632 booked_bytes=0 booked_real=0 inflight=0 cap=64 budget_bytes=81762758352 retry_after_s=- exempt=0 enforce=0 live_free_bytes=-
1790401689574 [spec-k] model="q38" tenant="rxc-30720-32-3-1" K=3 source=cold-long prompt=30720 cached=0 lcp=0 active=1 wave=1 placement=single-or-non-pp2
1790401690625 [prime-yield] count=1 remaining=15 chunks=1 wall_ms=1051.351 max_chunk_ms=1051.351
1790401691719 [prime-yield] count=2 remaining=14 chunks=1 wall_ms=1093.978 max_chunk_ms=1093.978
1790401692849 [prime-yield] count=3 remaining=13 chunks=1 wall_ms=1129.200 max_chunk_ms=1129.200
1790401694014 [prime-yield] count=4 remaining=12 chunks=1 wall_ms=1165.365 max_chunk_ms=1165.365
1790401695215 [prime-yield] count=5 remaining=11 chunks=1 wall_ms=1201.371 max_chunk_ms=1201.371
1790401696453 [prime-yield] count=6 remaining=10 chunks=1 wall_ms=1237.749 max_chunk_ms=1237.749
1790401697727 [prime-yield] count=7 remaining=9 chunks=1 wall_ms=1273.986 max_chunk_ms=1273.986
1790401698407 [prime-yield] count=8 remaining=8 chunks=1 wall_ms=679.907 max_chunk_ms=679.907
1790401698428 [prime-yield] count=9 remaining=7 chunks=1 wall_ms=21.233 max_chunk_ms=21.233
1790401698450 [prime-yield] count=10 remaining=6 chunks=1 wall_ms=21.165 max_chunk_ms=21.165
1790401698471 [prime-yield] count=11 remaining=5 chunks=1 wall_ms=21.183 max_chunk_ms=21.183
1790401698492 [prime-yield] count=12 remaining=4 chunks=1 wall_ms=21.327 max_chunk_ms=21.327
1790401698513 [prime-yield] count=13 remaining=3 chunks=1 wall_ms=21.141 max_chunk_ms=21.141
1790401698535 [prime-yield] count=14 remaining=2 chunks=1 wall_ms=21.276 max_chunk_ms=21.276
1790401698556 [prime-yield] count=15 remaining=1 chunks=1 wall_ms=21.171 max_chunk_ms=21.171
1790401698837 [spec-acc] ctx=30721 burst=20/36 cum=20/36=0.556
1790401698841 [meter] admit id=cmpl-b5aab6953a0bcdc1491a72ca5e02a541 tenant=default lane=interactive model="q38"
1790401698854 [admission] per-session draft-state charge: model="q38" +46MB (measured capture high-water)
1790401698854 [admission] request cost: model="q38" ctx=32768 path=spec = 31552 B/token x ctx + 2510MB prefill-workspace + 369MB fixed = 3913MB
1790401698854 [admit-predict] id=cmpl-b5aab6953a0bcdc1491a72ca5e02a541 tenant="rxc-30720-32-3-2" model="q38" verdict=admit reason=global-p95 prompt=30816 predicted_completion=32 kv_hat=3898873704 booked_bytes=0 booked_real=0 inflight=0 cap=64 budget_bytes=81762758352 retry_after_s=- exempt=0 enforce=0 live_free_bytes=-
1790401698855 [spec-k] model="q38" tenant="rxc-30720-32-3-2" K=3 source=cold-long prompt=30816 cached=0 lcp=0 active=1 wave=1 placement=single-or-non-pp2
1790401699906 [prime-yield] count=1 remaining=15 chunks=1 wall_ms=1051.518 max_chunk_ms=1051.518
1790401701001 [prime-yield] count=2 remaining=14 chunks=1 wall_ms=1094.341 max_chunk_ms=1094.341
1790401702131 [prime-yield] count=3 remaining=13 chunks=1 wall_ms=1129.977 max_chunk_ms=1129.977
1790401703297 [prime-yield] count=4 remaining=12 chunks=1 wall_ms=1166.431 max_chunk_ms=1166.431
1790401704500 [prime-yield] count=5 remaining=11 chunks=1 wall_ms=1202.626 max_chunk_ms=1202.626
1790401705738 [prime-yield] count=6 remaining=10 chunks=1 wall_ms=1238.149 max_chunk_ms=1238.149
1790401707013 [prime-yield] count=7 remaining=9 chunks=1 wall_ms=1274.646 max_chunk_ms=1274.646
1790401707726 [prime-yield] count=8 remaining=8 chunks=1 wall_ms=713.112 max_chunk_ms=713.112
1790401707747 [prime-yield] count=9 remaining=7 chunks=1 wall_ms=21.218 max_chunk_ms=21.218
1790401707768 [prime-yield] count=10 remaining=6 chunks=1 wall_ms=21.184 max_chunk_ms=21.184
1790401707789 [prime-yield] count=11 remaining=5 chunks=1 wall_ms=21.139 max_chunk_ms=21.139
1790401707811 [prime-yield] count=12 remaining=4 chunks=1 wall_ms=21.152 max_chunk_ms=21.152
1790401707832 [prime-yield] count=13 remaining=3 chunks=1 wall_ms=21.183 max_chunk_ms=21.183
1790401707853 [prime-yield] count=14 remaining=2 chunks=1 wall_ms=21.155 max_chunk_ms=21.155
1790401707874 [prime-yield] count=15 remaining=1 chunks=1 wall_ms=21.169 max_chunk_ms=21.169
1790401708200 [spec-acc] ctx=30817 burst=16/42 cum=16/42=0.381
1790401708203 [meter] admit id=cmpl-04f7a8f6e28f82a29adc079e1267da6c tenant=default lane=interactive model="q38"
1790401708217 [admission] per-session draft-state charge: model="q38" +46MB (measured capture high-water)
1790401708217 [admission] request cost: model="q38" ctx=32768 path=spec = 31552 B/token x ctx + 2512MB prefill-workspace + 369MB fixed = 3915MB
1790401708217 [admit-predict] id=cmpl-04f7a8f6e28f82a29adc079e1267da6c tenant="rxc-30720-32-3-3" model="q38" verdict=admit reason=global-p95 prompt=30912 predicted_completion=32 kv_hat=3903868776 booked_bytes=0 booked_real=0 inflight=0 cap=64 budget_bytes=81762758352 retry_after_s=- exempt=0 enforce=0 live_free_bytes=-
1790401708218 [spec-k] model="q38" tenant="rxc-30720-32-3-3" K=3 source=cold-long prompt=30912 cached=0 lcp=0 active=1 wave=1 placement=single-or-non-pp2
1790401709269 [prime-yield] count=1 remaining=15 chunks=1 wall_ms=1051.568 max_chunk_ms=1051.568
1790401710363 [prime-yield] count=2 remaining=14 chunks=1 wall_ms=1093.307 max_chunk_ms=1093.307
1790401711492 [prime-yield] count=3 remaining=13 chunks=1 wall_ms=1129.637 max_chunk_ms=1129.637
1790401712658 [prime-yield] count=4 remaining=12 chunks=1 wall_ms=1166.100 max_chunk_ms=1166.100
1790401713860 [prime-yield] count=5 remaining=11 chunks=1 wall_ms=1201.774 max_chunk_ms=1201.774
1790401715098 [prime-yield] count=6 remaining=10 chunks=1 wall_ms=1237.504 max_chunk_ms=1237.504
1790401716371 [prime-yield] count=7 remaining=9 chunks=1 wall_ms=1273.536 max_chunk_ms=1273.536
1790401717112 [prime-yield] count=8 remaining=8 chunks=1 wall_ms=740.494 max_chunk_ms=740.494
1790401717133 [prime-yield] count=9 remaining=7 chunks=1 wall_ms=21.340 max_chunk_ms=21.340
1790401717154 [prime-yield] count=10 remaining=6 chunks=1 wall_ms=21.139 max_chunk_ms=21.139
1790401717176 [prime-yield] count=11 remaining=5 chunks=1 wall_ms=21.135 max_chunk_ms=21.135
1790401717197 [prime-yield] count=12 remaining=4 chunks=1 wall_ms=21.125 max_chunk_ms=21.125
1790401717218 [prime-yield] count=13 remaining=3 chunks=1 wall_ms=21.149 max_chunk_ms=21.149
1790401717239 [prime-yield] count=14 remaining=2 chunks=1 wall_ms=21.145 max_chunk_ms=21.145
1790401717260 [prime-yield] count=15 remaining=1 chunks=1 wall_ms=21.135 max_chunk_ms=21.135
1790401717585 [spec-acc] ctx=30913 burst=17/42 cum=17/42=0.405
1790401717589 [meter] admit id=cmpl-e0db482c3f717623cb387725820a4fb0 tenant=default lane=interactive model="q38"
1790401717602 [admission] per-session draft-state charge: model="q38" +46MB (measured capture high-water)
1790401717602 [admission] request cost: model="q38" ctx=32768 path=spec = 31552 B/token x ctx + 2508MB prefill-workspace + 369MB fixed = 3911MB
1790401717602 [admit-predict] id=cmpl-e0db482c3f717623cb387725820a4fb0 tenant="rx-30720-32-4" model="q38" verdict=admit reason=global-p95 prompt=30720 predicted_completion=32 kv_hat=3893878632 booked_bytes=0 booked_real=0 inflight=0 cap=64 budget_bytes=81762758352 retry_after_s=- exempt=0 enforce=0 live_free_bytes=-
1790401717603 [spec-k] model="q38" tenant="rx-30720-32-4" K=3 source=cold-long prompt=30720 cached=0 lcp=0 active=1 wave=1 placement=single-or-non-pp2
1790401718655 [prime-yield] count=1 remaining=15 chunks=1 wall_ms=1052.308 max_chunk_ms=1052.308
1790401719750 [prime-yield] count=2 remaining=14 chunks=1 wall_ms=1094.311 max_chunk_ms=1094.311
1790401720880 [prime-yield] count=3 remaining=13 chunks=1 wall_ms=1130.688 max_chunk_ms=1130.688
1790401722047 [prime-yield] count=4 remaining=12 chunks=1 wall_ms=1166.735 max_chunk_ms=1166.735
1790401723250 [prime-yield] count=5 remaining=11 chunks=1 wall_ms=1203.134 max_chunk_ms=1203.134
1790401724489 [prime-yield] count=6 remaining=10 chunks=1 wall_ms=1238.888 max_chunk_ms=1238.888
1790401725764 [prime-yield] count=7 remaining=9 chunks=1 wall_ms=1274.641 max_chunk_ms=1274.641
1790401726444 [prime-yield] count=8 remaining=8 chunks=1 wall_ms=680.331 max_chunk_ms=680.331
1790401726466 [prime-yield] count=9 remaining=7 chunks=1 wall_ms=21.174 max_chunk_ms=21.174
1790401726487 [prime-yield] count=10 remaining=6 chunks=1 wall_ms=21.161 max_chunk_ms=21.161
1790401726508 [prime-yield] count=11 remaining=5 chunks=1 wall_ms=21.163 max_chunk_ms=21.163
1790401726529 [prime-yield] count=12 remaining=4 chunks=1 wall_ms=21.174 max_chunk_ms=21.174
1790401726550 [prime-yield] count=13 remaining=3 chunks=1 wall_ms=21.183 max_chunk_ms=21.183
1790401726572 [prime-yield] count=14 remaining=2 chunks=1 wall_ms=21.195 max_chunk_ms=21.195
1790401726593 [prime-yield] count=15 remaining=1 chunks=1 wall_ms=21.171 max_chunk_ms=21.171
1790401726917 [spec-acc] ctx=30721 burst=17/42 cum=17/42=0.405
1790401726921 [meter] admit id=cmpl-788357d00c9ce34e9cbc561afbe0c122 tenant=default lane=interactive model="q38"
1790401726934 [admission] per-session draft-state charge: model="q38" +46MB (measured capture high-water)
1790401726934 [admission] request cost: model="q38" ctx=32768 path=spec = 31552 B/token x ctx + 2510MB prefill-workspace + 369MB fixed = 3913MB
1790401726934 [admit-predict] id=cmpl-788357d00c9ce34e9cbc561afbe0c122 tenant="rx-30720-32-4" model="q38" verdict=admit reason=global-p95 prompt=30816 predicted_completion=32 kv_hat=3898873704 booked_bytes=0 booked_real=0 inflight=0 cap=64 budget_bytes=81762758352 retry_after_s=- exempt=0 enforce=0 live_free_bytes=-
1790401726934 [worker] spec-affinity: declined (identity did not nominate; 1 parked, 30816 prompt tokens; model q38)
1790401726935 [spec-k] model="q38" tenant="rx-30720-32-4" K=3 source=cold-long prompt=30816 cached=0 lcp=0 active=1 wave=1 placement=single-or-non-pp2
1790401727987 [prime-yield] count=1 remaining=15 chunks=1 wall_ms=1051.892 max_chunk_ms=1051.892
1790401729081 [prime-yield] count=2 remaining=14 chunks=1 wall_ms=1094.062 max_chunk_ms=1094.062
1790401730211 [prime-yield] count=3 remaining=13 chunks=1 wall_ms=1129.806 max_chunk_ms=1129.806
1790401731377 [prime-yield] count=4 remaining=12 chunks=1 wall_ms=1166.111 max_chunk_ms=1166.111
1790401732580 [prime-yield] count=5 remaining=11 chunks=1 wall_ms=1202.841 max_chunk_ms=1202.841
1790401733819 [prime-yield] count=6 remaining=10 chunks=1 wall_ms=1239.040 max_chunk_ms=1239.040
1790401735094 [prime-yield] count=7 remaining=9 chunks=1 wall_ms=1274.865 max_chunk_ms=1274.865
1790401735807 [prime-yield] count=8 remaining=8 chunks=1 wall_ms=712.911 max_chunk_ms=712.911
1790401735828 [prime-yield] count=9 remaining=7 chunks=1 wall_ms=21.235 max_chunk_ms=21.235
1790401735849 [prime-yield] count=10 remaining=6 chunks=1 wall_ms=21.199 max_chunk_ms=21.199
1790401735871 [prime-yield] count=11 remaining=5 chunks=1 wall_ms=21.157 max_chunk_ms=21.157
1790401735892 [prime-yield] count=12 remaining=4 chunks=1 wall_ms=21.156 max_chunk_ms=21.156
1790401735913 [prime-yield] count=13 remaining=3 chunks=1 wall_ms=21.167 max_chunk_ms=21.167
1790401735934 [prime-yield] count=14 remaining=2 chunks=1 wall_ms=21.161 max_chunk_ms=21.161
1790401735955 [prime-yield] count=15 remaining=1 chunks=1 wall_ms=21.147 max_chunk_ms=21.147
1790401736259 [spec-acc] ctx=30817 burst=20/39 cum=20/39=0.513
1790401736263 [meter] admit id=cmpl-357bd4eac088b3b848843a5940fefe33 tenant=default lane=interactive model="q38"
1790401736276 [admission] per-session draft-state charge: model="q38" +46MB (measured capture high-water)
1790401736276 [admission] request cost: model="q38" ctx=32768 path=spec = 31552 B/token x ctx + 2512MB prefill-workspace + 369MB fixed = 3915MB
1790401736276 [admit-predict] id=cmpl-357bd4eac088b3b848843a5940fefe33 tenant="rx-30720-32-4" model="q38" verdict=admit reason=global-p95 prompt=30912 predicted_completion=32 kv_hat=3903868776 booked_bytes=0 booked_real=0 inflight=0 cap=64 budget_bytes=81762758352 retry_after_s=- exempt=0 enforce=0 live_free_bytes=-
1790401736276 [worker] spec-affinity: declined (identity did not nominate; 2 parked, 30912 prompt tokens; model q38)
1790401736277 [spec-k] model="q38" tenant="rx-30720-32-4" K=3 source=cold-long prompt=30912 cached=0 lcp=0 active=1 wave=1 placement=single-or-non-pp2
1790401737329 [prime-yield] count=1 remaining=15 chunks=1 wall_ms=1051.863 max_chunk_ms=1051.863
1790401738423 [prime-yield] count=2 remaining=14 chunks=1 wall_ms=1094.389 max_chunk_ms=1094.389
1790401739553 [prime-yield] count=3 remaining=13 chunks=1 wall_ms=1130.094 max_chunk_ms=1130.094
1790401740720 [prime-yield] count=4 remaining=12 chunks=1 wall_ms=1166.506 max_chunk_ms=1166.506
1790401741923 [prime-yield] count=5 remaining=11 chunks=1 wall_ms=1202.700 max_chunk_ms=1202.700
1790401743162 [prime-yield] count=6 remaining=10 chunks=1 wall_ms=1239.131 max_chunk_ms=1239.131
1790401744436 [prime-yield] count=7 remaining=9 chunks=1 wall_ms=1274.570 max_chunk_ms=1274.570
1790401745177 [prime-yield] count=8 remaining=8 chunks=1 wall_ms=740.768 max_chunk_ms=740.768
1790401745199 [prime-yield] count=9 remaining=7 chunks=1 wall_ms=21.267 max_chunk_ms=21.267
1790401745220 [prime-yield] count=10 remaining=6 chunks=1 wall_ms=21.181 max_chunk_ms=21.181
1790401745241 [prime-yield] count=11 remaining=5 chunks=1 wall_ms=21.178 max_chunk_ms=21.178
1790401745262 [prime-yield] count=12 remaining=4 chunks=1 wall_ms=21.121 max_chunk_ms=21.121
1790401745283 [prime-yield] count=13 remaining=3 chunks=1 wall_ms=21.160 max_chunk_ms=21.160
1790401745304 [prime-yield] count=14 remaining=2 chunks=1 wall_ms=21.165 max_chunk_ms=21.165
1790401745326 [prime-yield] count=15 remaining=1 chunks=1 wall_ms=21.157 max_chunk_ms=21.157
1790401745565 [spec-acc] ctx=30913 burst=21/30 cum=21/30=0.700
1790401745569 [meter] admit id=cmpl-a673f484efadd1ce8a8babd78403edba tenant=default lane=interactive model="q38"
1790401745582 [admission] per-session draft-state charge: model="q38" +46MB (measured capture high-water)
1790401745582 [admission] request cost: model="q38" ctx=32768 path=spec = 31552 B/token x ctx + 2508MB prefill-workspace + 369MB fixed = 3911MB
1790401745582 [admit-predict] id=cmpl-a673f484efadd1ce8a8babd78403edba tenant="rxc-30720-32-4-1" model="q38" verdict=admit reason=global-p95 prompt=30720 predicted_completion=32 kv_hat=3893878632 booked_bytes=0 booked_real=0 inflight=0 cap=64 budget_bytes=81762758352 retry_after_s=- exempt=0 enforce=0 live_free_bytes=-
1790401745582 [spec-k] model="q38" tenant="rxc-30720-32-4-1" K=3 source=cold-long prompt=30720 cached=0 lcp=0 active=1 wave=1 placement=single-or-non-pp2
1790401746634 [prime-yield] count=1 remaining=15 chunks=1 wall_ms=1052.148 max_chunk_ms=1052.148
1790401747729 [prime-yield] count=2 remaining=14 chunks=1 wall_ms=1094.463 max_chunk_ms=1094.463
1790401748859 [prime-yield] count=3 remaining=13 chunks=1 wall_ms=1130.176 max_chunk_ms=1130.176
1790401750026 [prime-yield] count=4 remaining=12 chunks=1 wall_ms=1166.759 max_chunk_ms=1166.759
1790401751229 [prime-yield] count=5 remaining=11 chunks=1 wall_ms=1202.484 max_chunk_ms=1202.484
1790401752467 [prime-yield] count=6 remaining=10 chunks=1 wall_ms=1238.654 max_chunk_ms=1238.654
1790401753742 [prime-yield] count=7 remaining=9 chunks=1 wall_ms=1274.815 max_chunk_ms=1274.815
1790401754423 [prime-yield] count=8 remaining=8 chunks=1 wall_ms=680.297 max_chunk_ms=680.297
1790401754444 [prime-yield] count=9 remaining=7 chunks=1 wall_ms=21.181 max_chunk_ms=21.181
1790401754465 [prime-yield] count=10 remaining=6 chunks=1 wall_ms=21.123 max_chunk_ms=21.123
1790401754486 [prime-yield] count=11 remaining=5 chunks=1 wall_ms=21.120 max_chunk_ms=21.120
1790401754507 [prime-yield] count=12 remaining=4 chunks=1 wall_ms=21.127 max_chunk_ms=21.127
1790401754528 [prime-yield] count=13 remaining=3 chunks=1 wall_ms=21.143 max_chunk_ms=21.143
1790401754550 [prime-yield] count=14 remaining=2 chunks=1 wall_ms=21.131 max_chunk_ms=21.131
1790401754571 [prime-yield] count=15 remaining=1 chunks=1 wall_ms=21.126 max_chunk_ms=21.126
1790401754895 [spec-acc] ctx=30721 burst=17/42 cum=17/42=0.405
1790401754899 [meter] admit id=cmpl-73ff7d9fc9ea2bb1fbe61439dc087c82 tenant=default lane=interactive model="q38"
1790401754912 [admission] per-session draft-state charge: model="q38" +46MB (measured capture high-water)
1790401754912 [admission] request cost: model="q38" ctx=32768 path=spec = 31552 B/token x ctx + 2510MB prefill-workspace + 369MB fixed = 3913MB
1790401754912 [admit-predict] id=cmpl-73ff7d9fc9ea2bb1fbe61439dc087c82 tenant="rxc-30720-32-4-2" model="q38" verdict=admit reason=global-p95 prompt=30816 predicted_completion=32 kv_hat=3898873704 booked_bytes=0 booked_real=0 inflight=0 cap=64 budget_bytes=81762758352 retry_after_s=- exempt=0 enforce=0 live_free_bytes=-
1790401754913 [spec-k] model="q38" tenant="rxc-30720-32-4-2" K=3 source=cold-long prompt=30816 cached=0 lcp=0 active=1 wave=1 placement=single-or-non-pp2
1790401755966 [prime-yield] count=1 remaining=15 chunks=1 wall_ms=1052.936 max_chunk_ms=1052.936
1790401757061 [prime-yield] count=2 remaining=14 chunks=1 wall_ms=1095.771 max_chunk_ms=1095.771
1790401758192 [prime-yield] count=3 remaining=13 chunks=1 wall_ms=1130.936 max_chunk_ms=1130.936
1790401759360 [prime-yield] count=4 remaining=12 chunks=1 wall_ms=1167.269 max_chunk_ms=1167.269
1790401760563 [prime-yield] count=5 remaining=11 chunks=1 wall_ms=1203.288 max_chunk_ms=1203.288
1790401761803 [prime-yield] count=6 remaining=10 chunks=1 wall_ms=1239.519 max_chunk_ms=1239.519
1790401763078 [prime-yield] count=7 remaining=9 chunks=1 wall_ms=1275.578 max_chunk_ms=1275.578
1790401763791 [prime-yield] count=8 remaining=8 chunks=1 wall_ms=712.722 max_chunk_ms=712.722
1790401763813 [prime-yield] count=9 remaining=7 chunks=1 wall_ms=21.281 max_chunk_ms=21.281
1790401763834 [prime-yield] count=10 remaining=6 chunks=1 wall_ms=21.182 max_chunk_ms=21.182
1790401763855 [prime-yield] count=11 remaining=5 chunks=1 wall_ms=21.171 max_chunk_ms=21.171
1790401763876 [prime-yield] count=12 remaining=4 chunks=1 wall_ms=21.182 max_chunk_ms=21.182
1790401763897 [prime-yield] count=13 remaining=3 chunks=1 wall_ms=21.156 max_chunk_ms=21.156
1790401763919 [prime-yield] count=14 remaining=2 chunks=1 wall_ms=21.156 max_chunk_ms=21.156
1790401763940 [prime-yield] count=15 remaining=1 chunks=1 wall_ms=21.137 max_chunk_ms=21.137
1790401764243 [spec-acc] ctx=30817 burst=20/39 cum=20/39=0.513
1790401764252 [meter] admit id=cmpl-92ab5048d92691e5fc82f1c09aa2dc50 tenant=default lane=interactive model="q38"
1790401764260 [admission] per-session draft-state charge: model="q38" +46MB (measured capture high-water)
1790401764260 [admission] request cost: model="q38" ctx=32768 path=spec = 31552 B/token x ctx + 2512MB prefill-workspace + 369MB fixed = 3915MB
1790401764260 [admit-predict] id=cmpl-92ab5048d92691e5fc82f1c09aa2dc50 tenant="rxc-30720-32-4-3" model="q38" verdict=admit reason=global-p95 prompt=30912 predicted_completion=32 kv_hat=3903868776 booked_bytes=0 booked_real=0 inflight=0 cap=64 budget_bytes=81762758352 retry_after_s=- exempt=0 enforce=0 live_free_bytes=-
1790401764260 [spec-k] model="q38" tenant="rxc-30720-32-4-3" K=3 source=cold-long prompt=30912 cached=0 lcp=0 active=1 wave=1 placement=single-or-non-pp2
1790401765313 [prime-yield] count=1 remaining=15 chunks=1 wall_ms=1052.522 max_chunk_ms=1052.522
1790401766408 [prime-yield] count=2 remaining=14 chunks=1 wall_ms=1095.125 max_chunk_ms=1095.125
1790401767539 [prime-yield] count=3 remaining=13 chunks=1 wall_ms=1130.737 max_chunk_ms=1130.737
1790401768706 [prime-yield] count=4 remaining=12 chunks=1 wall_ms=1167.327 max_chunk_ms=1167.327
1790401769910 [prime-yield] count=5 remaining=11 chunks=1 wall_ms=1203.332 max_chunk_ms=1203.332
1790401771149 [prime-yield] count=6 remaining=10 chunks=1 wall_ms=1239.607 max_chunk_ms=1239.607
1790401772424 [prime-yield] count=7 remaining=9 chunks=1 wall_ms=1275.058 max_chunk_ms=1275.058
1790401773166 [prime-yield] count=8 remaining=8 chunks=1 wall_ms=741.132 max_chunk_ms=741.132
1790401773187 [prime-yield] count=9 remaining=7 chunks=1 wall_ms=21.241 max_chunk_ms=21.241
1790401773208 [prime-yield] count=10 remaining=6 chunks=1 wall_ms=21.161 max_chunk_ms=21.161
1790401773229 [prime-yield] count=11 remaining=5 chunks=1 wall_ms=21.143 max_chunk_ms=21.143
1790401773250 [prime-yield] count=12 remaining=4 chunks=1 wall_ms=21.123 max_chunk_ms=21.123
1790401773272 [prime-yield] count=13 remaining=3 chunks=1 wall_ms=21.175 max_chunk_ms=21.175
1790401773293 [prime-yield] count=14 remaining=2 chunks=1 wall_ms=21.147 max_chunk_ms=21.147
1790401773314 [prime-yield] count=15 remaining=1 chunks=1 wall_ms=21.163 max_chunk_ms=21.163
1790401773553 [spec-acc] ctx=30913 burst=21/30 cum=21/30=0.700
1790401773563 [meter] admit id=cmpl-ae521ce7fa2cb79a76c71e587295fde0 tenant=default lane=interactive model="q38"
1790401773570 [admission] per-session draft-state charge: model="q38" +46MB (measured capture high-water)
1790401773570 [admission] request cost: model="q38" ctx=32768 path=spec = 31552 B/token x ctx + 2508MB prefill-workspace + 369MB fixed = 3911MB
1790401773570 [admit-predict] id=cmpl-ae521ce7fa2cb79a76c71e587295fde0 tenant="rx-30720-256-0" model="q38" verdict=admit reason=global-p95 prompt=30720 predicted_completion=256 kv_hat=3900946280 booked_bytes=0 booked_real=0 inflight=0 cap=64 budget_bytes=81762758352 retry_after_s=- exempt=0 enforce=0 live_free_bytes=-
1790401773571 [spec-k] model="q38" tenant="rx-30720-256-0" K=3 source=cold-long prompt=30720 cached=0 lcp=0 active=1 wave=1 placement=single-or-non-pp2
1790401774623 [prime-yield] count=1 remaining=15 chunks=1 wall_ms=1052.379 max_chunk_ms=1052.379
1790401775718 [prime-yield] count=2 remaining=14 chunks=1 wall_ms=1095.222 max_chunk_ms=1095.222
1790401776849 [prime-yield] count=3 remaining=13 chunks=1 wall_ms=1130.421 max_chunk_ms=1130.421
1790401778016 [prime-yield] count=4 remaining=12 chunks=1 wall_ms=1167.068 max_chunk_ms=1167.068
1790401779219 [prime-yield] count=5 remaining=11 chunks=1 wall_ms=1202.772 max_chunk_ms=1202.772
1790401780457 [prime-yield] count=6 remaining=10 chunks=1 wall_ms=1238.425 max_chunk_ms=1238.425
1790401781732 [prime-yield] count=7 remaining=9 chunks=1 wall_ms=1274.522 max_chunk_ms=1274.522
1790401782412 [prime-yield] count=8 remaining=8 chunks=1 wall_ms=680.567 max_chunk_ms=680.567
1790401782434 [prime-yield] count=9 remaining=7 chunks=1 wall_ms=21.251 max_chunk_ms=21.251
1790401782455 [prime-yield] count=10 remaining=6 chunks=1 wall_ms=21.139 max_chunk_ms=21.139
1790401782476 [prime-yield] count=11 remaining=5 chunks=1 wall_ms=21.146 max_chunk_ms=21.146
1790401782497 [prime-yield] count=12 remaining=4 chunks=1 wall_ms=21.130 max_chunk_ms=21.130
1790401782518 [prime-yield] count=13 remaining=3 chunks=1 wall_ms=21.141 max_chunk_ms=21.141
1790401782540 [prime-yield] count=14 remaining=2 chunks=1 wall_ms=21.113 max_chunk_ms=21.113
1790401782561 [prime-yield] count=15 remaining=1 chunks=1 wall_ms=21.131 max_chunk_ms=21.131
1790401782842 [spec-acc] ctx=30721 burst=19/36 cum=19/36=0.528
1790401783098 [spec-acc] ctx=30753 burst=21/36 cum=40/72=0.556
1790401783440 [spec-acc] ctx=30786 burst=17/48 cum=57/120=0.475
1790401783675 [spec-acc] ctx=30819 burst=22/33 cum=79/153=0.516
1790401784038 [spec-acc] ctx=30852 burst=15/51 cum=94/204=0.461
1790401784380 [spec-acc] ctx=30884 burst=17/48 cum=111/252=0.440
1790401784679 [spec-acc] ctx=30917 burst=20/42 cum=131/294=0.446
1790401784892 [spec-acc] ctx=30951 burst=17/30 cum=148/324=0.457
1790401784903 [meter] admit id=cmpl-e5e14bd1c20c77e3eb71948824e3c43d tenant=default lane=interactive model="q38"
1790401784909 [admission] per-session draft-state charge: model="q38" +46MB (measured capture high-water)
1790401784909 [admission] request cost: model="q38" ctx=32768 path=spec = 31552 B/token x ctx + 2515MB prefill-workspace + 369MB fixed = 3917MB
1790401784909 [admit-predict] id=cmpl-e5e14bd1c20c77e3eb71948824e3c43d tenant="rx-30720-256-0" model="q38" verdict=admit reason=global-p95 prompt=31040 predicted_completion=256 kv_hat=3917596520 booked_bytes=0 booked_real=0 inflight=0 cap=64 budget_bytes=81762758352 retry_after_s=- exempt=0 enforce=0 live_free_bytes=-
1790401784910 [worker] spec-affinity: declined (identity did not nominate; 1 parked, 31040 prompt tokens; model q38)
1790401784910 [spec-k] model="q38" tenant="rx-30720-256-0" K=3 source=cold-long prompt=31040 cached=0 lcp=0 active=1 wave=1 placement=single-or-non-pp2
1790401785963 [prime-yield] count=1 remaining=15 chunks=1 wall_ms=1052.483 max_chunk_ms=1052.483
1790401787057 [prime-yield] count=2 remaining=14 chunks=1 wall_ms=1094.456 max_chunk_ms=1094.456
1790401788188 [prime-yield] count=3 remaining=13 chunks=1 wall_ms=1130.943 max_chunk_ms=1130.943
1790401789355 [prime-yield] count=4 remaining=12 chunks=1 wall_ms=1167.192 max_chunk_ms=1167.192
1790401790558 [prime-yield] count=5 remaining=11 chunks=1 wall_ms=1202.767 max_chunk_ms=1202.767
1790401791797 [prime-yield] count=6 remaining=10 chunks=1 wall_ms=1239.197 max_chunk_ms=1239.197
1790401793073 [prime-yield] count=7 remaining=9 chunks=1 wall_ms=1275.226 max_chunk_ms=1275.226
1790401793860 [prime-yield] count=8 remaining=8 chunks=1 wall_ms=787.328 max_chunk_ms=787.328
1790401793881 [prime-yield] count=9 remaining=7 chunks=1 wall_ms=21.215 max_chunk_ms=21.215
1790401793903 [prime-yield] count=10 remaining=6 chunks=1 wall_ms=21.254 max_chunk_ms=21.254
1790401793924 [prime-yield] count=11 remaining=5 chunks=1 wall_ms=21.200 max_chunk_ms=21.200
1790401793945 [prime-yield] count=12 remaining=4 chunks=1 wall_ms=21.218 max_chunk_ms=21.218
1790401793966 [prime-yield] count=13 remaining=3 chunks=1 wall_ms=21.178 max_chunk_ms=21.178
1790401793987 [prime-yield] count=14 remaining=2 chunks=1 wall_ms=21.171 max_chunk_ms=21.171
1790401794009 [prime-yield] count=15 remaining=1 chunks=1 wall_ms=21.192 max_chunk_ms=21.192
1790401794270 [spec-acc] ctx=31041 burst=21/33 cum=21/33=0.636
1790401794505 [spec-acc] ctx=31074 burst=22/33 cum=43/66=0.652
1790401794739 [spec-acc] ctx=31107 burst=24/33 cum=67/99=0.677
1790401794996 [spec-acc] ctx=31142 burst=20/36 cum=87/135=0.644
1790401795274 [spec-acc] ctx=31174 burst=21/39 cum=108/174=0.621
1790401795509 [spec-acc] ctx=31208 burst=21/33 cum=129/207=0.623
1790401795829 [spec-acc] ctx=31240 burst=18/45 cum=147/252=0.583
1790401795979 [spec-acc] ctx=31273 burst=16/21 cum=163/273=0.597
1790401795991 [meter] admit id=cmpl-e56f72bdbb97e2feb60dae7678f147b5 tenant=default lane=interactive model="q38"
1790401795996 [admission] per-session draft-state charge: model="q38" +46MB (measured capture high-water)
1790401795996 [admission] request cost: model="q38" ctx=32768 path=spec = 31552 B/token x ctx + 2521MB prefill-workspace + 369MB fixed = 3924MB
1790401795996 [admit-predict] id=cmpl-e56f72bdbb97e2feb60dae7678f147b5 tenant="rx-30720-256-0" model="q38" verdict=admit reason=global-p95 prompt=31360 predicted_completion=256 kv_hat=3934246760 booked_bytes=0 booked_real=0 inflight=0 cap=64 budget_bytes=81762758352 retry_after_s=- exempt=0 enforce=0 live_free_bytes=-
1790401795996 [worker] spec-reuse: 31296 committed tokens resumed [sampler=equivalent] (model q38)
1790401795996 [spec-k] model="q38" tenant="rx-30720-256-0" K=2 source=cached-long prompt=31360 cached=31296 lcp=0 active=1 wave=1 placement=single-or-non-pp2
1790401796424 [spec-acc] ctx=64 burst=21/24 cum=21/24=0.875
1790401796650 [spec-acc] ctx=98 burst=22/24 cum=43/48=0.896
1790401796896 [spec-acc] ctx=132 burst=19/26 cum=62/74=0.838
1790401797123 [spec-acc] ctx=164 burst=20/24 cum=82/98=0.837
1790401797330 [spec-acc] ctx=196 burst=22/22 cum=104/120=0.867
1790401797538 [spec-acc] ctx=229 burst=22/22 cum=126/142=0.887
1790401797745 [spec-acc] ctx=262 burst=22/22 cum=148/164=0.902
1790401797915 [spec-acc] ctx=295 burst=17/18 cum=165/182=0.907
1790401797925 [meter] admit id=cmpl-a37b901a6229c3606e21e2117f19cee6 tenant=default lane=interactive model="q38"
1790401797931 [admission] per-session draft-state charge: model="q38" +46MB (measured capture high-water)
1790401797931 [admission] request cost: model="q38" ctx=32768 path=spec = 31552 B/token x ctx + 2508MB prefill-workspace + 369MB fixed = 3911MB
1790401797931 [admit-predict] id=cmpl-a37b901a6229c3606e21e2117f19cee6 tenant="rxc-30720-256-0-1" model="q38" verdict=admit reason=global-p95 prompt=30720 predicted_completion=256 kv_hat=3900946280 booked_bytes=0 booked_real=0 inflight=0 cap=64 budget_bytes=81762758352 retry_after_s=- exempt=0 enforce=0 live_free_bytes=-
1790401797932 [spec-k] model="q38" tenant="rxc-30720-256-0-1" K=3 source=cold-long prompt=30720 cached=0 lcp=0 active=1 wave=1 placement=single-or-non-pp2
1790401798984 [prime-yield] count=1 remaining=15 chunks=1 wall_ms=1051.657 max_chunk_ms=1051.657
1790401800078 [prime-yield] count=2 remaining=14 chunks=1 wall_ms=1093.878 max_chunk_ms=1093.878
1790401801208 [prime-yield] count=3 remaining=13 chunks=1 wall_ms=1129.776 max_chunk_ms=1129.776
1790401802374 [prime-yield] count=4 remaining=12 chunks=1 wall_ms=1166.822 max_chunk_ms=1166.822
1790401803577 [prime-yield] count=5 remaining=11 chunks=1 wall_ms=1202.461 max_chunk_ms=1202.461
1790401804816 [prime-yield] count=6 remaining=10 chunks=1 wall_ms=1238.932 max_chunk_ms=1238.932
1790401806091 [prime-yield] count=7 remaining=9 chunks=1 wall_ms=1274.781 max_chunk_ms=1274.781
1790401806772 [prime-yield] count=8 remaining=8 chunks=1 wall_ms=680.878 max_chunk_ms=680.878
1790401806793 [prime-yield] count=9 remaining=7 chunks=1 wall_ms=21.202 max_chunk_ms=21.202
1790401806814 [prime-yield] count=10 remaining=6 chunks=1 wall_ms=21.103 max_chunk_ms=21.103
1790401806835 [prime-yield] count=11 remaining=5 chunks=1 wall_ms=21.145 max_chunk_ms=21.145
1790401806856 [prime-yield] count=12 remaining=4 chunks=1 wall_ms=21.138 max_chunk_ms=21.138
1790401806878 [prime-yield] count=13 remaining=3 chunks=1 wall_ms=21.135 max_chunk_ms=21.135
1790401806899 [prime-yield] count=14 remaining=2 chunks=1 wall_ms=21.108 max_chunk_ms=21.108
1790401806920 [prime-yield] count=15 remaining=1 chunks=1 wall_ms=21.145 max_chunk_ms=21.145
1790401807202 [spec-acc] ctx=30721 burst=19/36 cum=19/36=0.528
1790401807458 [spec-acc] ctx=30753 burst=21/36 cum=40/72=0.556
1790401807799 [spec-acc] ctx=30786 burst=17/48 cum=57/120=0.475
1790401808033 [spec-acc] ctx=30819 burst=22/33 cum=79/153=0.516
1790401808396 [spec-acc] ctx=30852 burst=15/51 cum=94/204=0.461
1790401808737 [spec-acc] ctx=30884 burst=17/48 cum=111/252=0.440
1790401809036 [spec-acc] ctx=30917 burst=20/42 cum=131/294=0.446
1790401809249 [spec-acc] ctx=30951 burst=17/30 cum=148/324=0.457
1790401809254 [meter] admit id=cmpl-f0c350a04b61a0bf9470c656698e05ae tenant=default lane=interactive model="q38"
1790401809267 [admission] per-session draft-state charge: model="q38" +46MB (measured capture high-water)
1790401809267 [admission] request cost: model="q38" ctx=32768 path=spec = 31552 B/token x ctx + 2515MB prefill-workspace + 369MB fixed = 3917MB
1790401809267 [admit-predict] id=cmpl-f0c350a04b61a0bf9470c656698e05ae tenant="rxc-30720-256-0-2" model="q38" verdict=admit reason=global-p95 prompt=31040 predicted_completion=256 kv_hat=3917596520 booked_bytes=0 booked_real=0 inflight=0 cap=64 budget_bytes=81762758352 retry_after_s=- exempt=0 enforce=0 live_free_bytes=-
1790401809267 [spec-k] model="q38" tenant="rxc-30720-256-0-2" K=3 source=cold-long prompt=31040 cached=0 lcp=0 active=1 wave=1 placement=single-or-non-pp2
1790401810320 [prime-yield] count=1 remaining=15 chunks=1 wall_ms=1052.313 max_chunk_ms=1052.313
1790401811414 [prime-yield] count=2 remaining=14 chunks=1 wall_ms=1094.554 max_chunk_ms=1094.554
1790401812544 [prime-yield] count=3 remaining=13 chunks=1 wall_ms=1130.158 max_chunk_ms=1130.158
1790401813711 [prime-yield] count=4 remaining=12 chunks=1 wall_ms=1166.664 max_chunk_ms=1166.664
1790401814914 [prime-yield] count=5 remaining=11 chunks=1 wall_ms=1203.057 max_chunk_ms=1203.057
1790401816153 [prime-yield] count=6 remaining=10 chunks=1 wall_ms=1238.890 max_chunk_ms=1238.890
1790401817429 [prime-yield] count=7 remaining=9 chunks=1 wall_ms=1275.283 max_chunk_ms=1275.283
1790401818216 [prime-yield] count=8 remaining=8 chunks=1 wall_ms=787.336 max_chunk_ms=787.336
1790401818237 [prime-yield] count=9 remaining=7 chunks=1 wall_ms=21.219 max_chunk_ms=21.219
1790401818258 [prime-yield] count=10 remaining=6 chunks=1 wall_ms=21.170 max_chunk_ms=21.170
1790401818280 [prime-yield] count=11 remaining=5 chunks=1 wall_ms=21.146 max_chunk_ms=21.146
1790401818301 [prime-yield] count=12 remaining=4 chunks=1 wall_ms=21.156 max_chunk_ms=21.156
1790401818322 [prime-yield] count=13 remaining=3 chunks=1 wall_ms=21.131 max_chunk_ms=21.131
1790401818343 [prime-yield] count=14 remaining=2 chunks=1 wall_ms=21.136 max_chunk_ms=21.136
1790401818364 [prime-yield] count=15 remaining=1 chunks=1 wall_ms=21.107 max_chunk_ms=21.107
1790401818626 [spec-acc] ctx=31041 burst=21/33 cum=21/33=0.636
1790401818860 [spec-acc] ctx=31074 burst=22/33 cum=43/66=0.652
1790401819096 [spec-acc] ctx=31107 burst=24/33 cum=67/99=0.677
1790401819352 [spec-acc] ctx=31142 burst=20/36 cum=87/135=0.644
1790401819630 [spec-acc] ctx=31174 burst=21/39 cum=108/174=0.621
1790401819865 [spec-acc] ctx=31208 burst=21/33 cum=129/207=0.623
1790401820186 [spec-acc] ctx=31240 burst=18/45 cum=147/252=0.583
1790401820336 [spec-acc] ctx=31273 burst=16/21 cum=163/273=0.597
1790401820345 [meter] admit id=cmpl-bd64470115bec72b84847565d4882c21 tenant=default lane=interactive model="q38"
1790401820353 [admission] per-session draft-state charge: model="q38" +46MB (measured capture high-water)
1790401820353 [admission] request cost: model="q38" ctx=32768 path=spec = 31552 B/token x ctx + 2521MB prefill-workspace + 369MB fixed = 3924MB
1790401820353 [admit-predict] id=cmpl-bd64470115bec72b84847565d4882c21 tenant="rxc-30720-256-0-3" model="q38" verdict=admit reason=global-p95 prompt=31360 predicted_completion=256 kv_hat=3934246760 booked_bytes=0 booked_real=0 inflight=0 cap=64 budget_bytes=81762758352 retry_after_s=- exempt=0 enforce=0 live_free_bytes=-
1790401820353 [spec-k] model="q38" tenant="rxc-30720-256-0-3" K=3 source=cold-long prompt=31360 cached=0 lcp=0 active=1 wave=1 placement=single-or-non-pp2
1790401821406 [prime-yield] count=1 remaining=15 chunks=1 wall_ms=1052.557 max_chunk_ms=1052.557
1790401822500 [prime-yield] count=2 remaining=14 chunks=1 wall_ms=1094.512 max_chunk_ms=1094.512
1790401823631 [prime-yield] count=3 remaining=13 chunks=1 wall_ms=1130.329 max_chunk_ms=1130.329
1790401824797 [prime-yield] count=4 remaining=12 chunks=1 wall_ms=1166.407 max_chunk_ms=1166.407
1790401826000 [prime-yield] count=5 remaining=11 chunks=1 wall_ms=1202.983 max_chunk_ms=1202.983
1790401827239 [prime-yield] count=6 remaining=10 chunks=1 wall_ms=1238.199 max_chunk_ms=1238.199
1790401828513 [prime-yield] count=7 remaining=9 chunks=1 wall_ms=1274.810 max_chunk_ms=1274.810
1790401829392 [prime-yield] count=8 remaining=8 chunks=1 wall_ms=878.602 max_chunk_ms=878.602
1790401829413 [prime-yield] count=9 remaining=7 chunks=1 wall_ms=21.282 max_chunk_ms=21.282
1790401829435 [prime-yield] count=10 remaining=6 chunks=1 wall_ms=21.128 max_chunk_ms=21.128
1790401829456 [prime-yield] count=11 remaining=5 chunks=1 wall_ms=21.147 max_chunk_ms=21.147
1790401829477 [prime-yield] count=12 remaining=4 chunks=1 wall_ms=21.128 max_chunk_ms=21.128
1790401829498 [prime-yield] count=13 remaining=3 chunks=1 wall_ms=21.129 max_chunk_ms=21.129
1790401829519 [prime-yield] count=14 remaining=2 chunks=1 wall_ms=21.126 max_chunk_ms=21.126
1790401829540 [prime-yield] count=15 remaining=1 chunks=1 wall_ms=21.133 max_chunk_ms=21.133
1790401829782 [spec-acc] ctx=31361 burst=23/30 cum=23/30=0.767
1790401829974 [spec-acc] ctx=31395 burst=23/27 cum=46/57=0.807
1790401830187 [spec-acc] ctx=31427 burst=24/30 cum=70/87=0.805
1790401830357 [spec-acc] ctx=31461 burst=24/24 cum=94/111=0.847
1790401830527 [spec-acc] ctx=31493 burst=24/24 cum=118/135=0.874
1790401830741 [spec-acc] ctx=31525 burst=25/30 cum=143/165=0.867
1790401830911 [spec-acc] ctx=31560 burst=24/24 cum=167/189=0.884
1790401831039 [spec-acc] ctx=31592 burst=18/18 cum=185/207=0.894
1790401831047 [meter] admit id=cmpl-329504339173c34f06ad370c1b0a231f tenant=default lane=interactive model="q38"
1790401831056 [admission] per-session draft-state charge: model="q38" +46MB (measured capture high-water)
1790401831056 [admission] request cost: model="q38" ctx=32768 path=spec = 31552 B/token x ctx + 2508MB prefill-workspace + 369MB fixed = 3911MB
1790401831056 [admit-predict] id=cmpl-329504339173c34f06ad370c1b0a231f tenant="rx-30720-256-1" model="q38" verdict=admit reason=global-p95 prompt=30720 predicted_completion=256 kv_hat=3900946280 booked_bytes=0 booked_real=0 inflight=0 cap=64 budget_bytes=81762758352 retry_after_s=- exempt=0 enforce=0 live_free_bytes=-
1790401831057 [spec-k] model="q38" tenant="rx-30720-256-1" K=3 source=cold-long prompt=30720 cached=0 lcp=0 active=1 wave=1 placement=single-or-non-pp2
1790401832110 [prime-yield] count=1 remaining=15 chunks=1 wall_ms=1052.756 max_chunk_ms=1052.756
1790401833205 [prime-yield] count=2 remaining=14 chunks=1 wall_ms=1094.993 max_chunk_ms=1094.993
1790401834336 [prime-yield] count=3 remaining=13 chunks=1 wall_ms=1130.824 max_chunk_ms=1130.824
1790401835503 [prime-yield] count=4 remaining=12 chunks=1 wall_ms=1166.980 max_chunk_ms=1166.980
1790401836707 [prime-yield] count=5 remaining=11 chunks=1 wall_ms=1203.820 max_chunk_ms=1203.820
1790401837946 [prime-yield] count=6 remaining=10 chunks=1 wall_ms=1239.528 max_chunk_ms=1239.528
1790401839222 [prime-yield] count=7 remaining=9 chunks=1 wall_ms=1275.840 max_chunk_ms=1275.840
1790401839903 [prime-yield] count=8 remaining=8 chunks=1 wall_ms=680.613 max_chunk_ms=680.613
1790401839924 [prime-yield] count=9 remaining=7 chunks=1 wall_ms=21.236 max_chunk_ms=21.236
1790401839945 [prime-yield] count=10 remaining=6 chunks=1 wall_ms=21.187 max_chunk_ms=21.187
1790401839966 [prime-yield] count=11 remaining=5 chunks=1 wall_ms=21.146 max_chunk_ms=21.146
1790401839988 [prime-yield] count=12 remaining=4 chunks=1 wall_ms=21.153 max_chunk_ms=21.153
1790401840009 [prime-yield] count=13 remaining=3 chunks=1 wall_ms=21.138 max_chunk_ms=21.138
1790401840030 [prime-yield] count=14 remaining=2 chunks=1 wall_ms=20.671 max_chunk_ms=20.671
1790401840051 [prime-yield] count=15 remaining=1 chunks=1 wall_ms=21.114 max_chunk_ms=21.114
1790401840311 [spec-acc] ctx=30721 burst=20/33 cum=20/33=0.606
1790401840588 [spec-acc] ctx=30753 burst=20/39 cum=40/72=0.556
1790401840865 [spec-acc] ctx=30786 burst=19/39 cum=59/111=0.532
1790401841185 [spec-acc] ctx=30818 burst=18/45 cum=77/156=0.494
1790401841462 [spec-acc] ctx=30851 burst=20/39 cum=97/195=0.497
1790401841718 [spec-acc] ctx=30884 burst=21/36 cum=118/231=0.511
1790401842017 [spec-acc] ctx=30917 burst=18/42 cum=136/273=0.498
1790401842294 [spec-acc] ctx=30949 burst=16/39 cum=152/312=0.487
1790401842304 [meter] admit id=cmpl-fd5d9cc41993dc497675e8e4def86017 tenant=default lane=interactive model="q38"
1790401842311 [admission] per-session draft-state charge: model="q38" +46MB (measured capture high-water)
1790401842311 [admission] request cost: model="q38" ctx=32768 path=spec = 31552 B/token x ctx + 2515MB prefill-workspace + 369MB fixed = 3917MB
1790401842311 [admit-predict] id=cmpl-fd5d9cc41993dc497675e8e4def86017 tenant="rx-30720-256-1" model="q38" verdict=admit reason=global-p95 prompt=31040 predicted_completion=256 kv_hat=3917596520 booked_bytes=0 booked_real=0 inflight=0 cap=64 budget_bytes=81762758352 retry_after_s=- exempt=0 enforce=0 live_free_bytes=-
1790401842311 [worker] spec-affinity: declined (identity did not nominate; 1 parked, 31040 prompt tokens; model q38)
1790401842312 [spec-k] model="q38" tenant="rx-30720-256-1" K=3 source=cold-long prompt=31040 cached=0 lcp=0 active=1 wave=1 placement=single-or-non-pp2
1790401843364 [prime-yield] count=1 remaining=15 chunks=1 wall_ms=1051.935 max_chunk_ms=1051.935
1790401844458 [prime-yield] count=2 remaining=14 chunks=1 wall_ms=1094.082 max_chunk_ms=1094.082
1790401845588 [prime-yield] count=3 remaining=13 chunks=1 wall_ms=1130.309 max_chunk_ms=1130.309
1790401846754 [prime-yield] count=4 remaining=12 chunks=1 wall_ms=1166.030 max_chunk_ms=1166.030
1790401847957 [prime-yield] count=5 remaining=11 chunks=1 wall_ms=1202.428 max_chunk_ms=1202.428
1790401849195 [prime-yield] count=6 remaining=10 chunks=1 wall_ms=1238.367 max_chunk_ms=1238.367
1790401850470 [prime-yield] count=7 remaining=9 chunks=1 wall_ms=1274.680 max_chunk_ms=1274.680
1790401851257 [prime-yield] count=8 remaining=8 chunks=1 wall_ms=786.985 max_chunk_ms=786.985
1790401851278 [prime-yield] count=9 remaining=7 chunks=1 wall_ms=21.190 max_chunk_ms=21.190
1790401851299 [prime-yield] count=10 remaining=6 chunks=1 wall_ms=21.147 max_chunk_ms=21.147
1790401851321 [prime-yield] count=11 remaining=5 chunks=1 wall_ms=21.137 max_chunk_ms=21.137
1790401851342 [prime-yield] count=12 remaining=4 chunks=1 wall_ms=21.144 max_chunk_ms=21.144
1790401851363 [prime-yield] count=13 remaining=3 chunks=1 wall_ms=21.202 max_chunk_ms=21.202
1790401851384 [prime-yield] count=14 remaining=2 chunks=1 wall_ms=21.127 max_chunk_ms=21.127
1790401851405 [prime-yield] count=15 remaining=1 chunks=1 wall_ms=21.142 max_chunk_ms=21.142
1790401851689 [spec-acc] ctx=31041 burst=20/36 cum=20/36=0.556
1790401851966 [spec-acc] ctx=31074 burst=20/39 cum=40/75=0.533
1790401852309 [spec-acc] ctx=31107 burst=16/48 cum=56/123=0.455
1790401852587 [spec-acc] ctx=31139 burst=20/39 cum=76/162=0.469
1790401852950 [spec-acc] ctx=31172 burst=15/51 cum=91/213=0.427
1790401853184 [spec-acc] ctx=31204 burst=23/33 cum=114/246=0.463
1790401853505 [spec-acc] ctx=31238 burst=19/45 cum=133/291=0.457
1790401853783 [spec-acc] ctx=31272 burst=12/39 cum=145/330=0.439
1790401853793 [meter] admit id=cmpl-74bd19f8b8dda860f78365641027812c tenant=default lane=interactive model="q38"
1790401853800 [admission] per-session draft-state charge: model="q38" +46MB (measured capture high-water)
1790401853800 [admission] request cost: model="q38" ctx=32768 path=spec = 31552 B/token x ctx + 2521MB prefill-workspace + 369MB fixed = 3924MB
1790401853800 [admit-predict] id=cmpl-74bd19f8b8dda860f78365641027812c tenant="rx-30720-256-1" model="q38" verdict=admit reason=global-p95 prompt=31360 predicted_completion=256 kv_hat=3934246760 booked_bytes=0 booked_real=0 inflight=0 cap=64 budget_bytes=81762758352 retry_after_s=- exempt=0 enforce=0 live_free_bytes=-
1790401853800 [worker] spec-affinity: declined (identity did not nominate; 2 parked, 31360 prompt tokens; model q38)
1790401853801 [spec-k] model="q38" tenant="rx-30720-256-1" K=3 source=cold-long prompt=31360 cached=0 lcp=0 active=1 wave=1 placement=single-or-non-pp2
1790401854853 [prime-yield] count=1 remaining=15 chunks=1 wall_ms=1051.942 max_chunk_ms=1051.942
1790401855947 [prime-yield] count=2 remaining=14 chunks=1 wall_ms=1093.986 max_chunk_ms=1093.986
1790401857078 [prime-yield] count=3 remaining=13 chunks=1 wall_ms=1130.744 max_chunk_ms=1130.744
1790401858245 [prime-yield] count=4 remaining=12 chunks=1 wall_ms=1167.035 max_chunk_ms=1167.035
1790401859448 [prime-yield] count=5 remaining=11 chunks=1 wall_ms=1203.014 max_chunk_ms=1203.014
1790401860687 [prime-yield] count=6 remaining=10 chunks=1 wall_ms=1239.156 max_chunk_ms=1239.156
1790401861962 [prime-yield] count=7 remaining=9 chunks=1 wall_ms=1275.071 max_chunk_ms=1275.071
1790401862841 [prime-yield] count=8 remaining=8 chunks=1 wall_ms=878.475 max_chunk_ms=878.475
1790401862862 [prime-yield] count=9 remaining=7 chunks=1 wall_ms=21.209 max_chunk_ms=21.209
1790401862883 [prime-yield] count=10 remaining=6 chunks=1 wall_ms=21.158 max_chunk_ms=21.158
1790401862904 [prime-yield] count=11 remaining=5 chunks=1 wall_ms=21.175 max_chunk_ms=21.175
1790401862925 [prime-yield] count=12 remaining=4 chunks=1 wall_ms=21.139 max_chunk_ms=21.139
1790401862947 [prime-yield] count=13 remaining=3 chunks=1 wall_ms=21.132 max_chunk_ms=21.132
1790401862968 [prime-yield] count=14 remaining=2 chunks=1 wall_ms=21.125 max_chunk_ms=21.125
1790401862989 [prime-yield] count=15 remaining=1 chunks=1 wall_ms=21.092 max_chunk_ms=21.092
1790401863274 [spec-acc] ctx=31361 burst=19/36 cum=19/36=0.528
1790401863681 [spec-acc] ctx=31393 burst=13/57 cum=32/93=0.344
1790401864045 [spec-acc] ctx=31425 burst=18/51 cum=50/144=0.347
1790401864387 [spec-acc] ctx=31460 burst=19/48 cum=69/192=0.359
1790401864665 [spec-acc] ctx=31495 burst=21/39 cum=90/231=0.390
1790401864836 [spec-acc] ctx=31529 burst=24/24 cum=114/255=0.447
1790401865028 [spec-acc] ctx=31561 burst=24/27 cum=138/282=0.489
1790401865156 [spec-acc] ctx=31594 burst=17/18 cum=155/300=0.517
1790401865168 [meter] admit id=cmpl-3b1189663456dffc611cfff0f4e86366 tenant=default lane=interactive model="q38"
1790401865174 [admission] per-session draft-state charge: model="q38" +46MB (measured capture high-water)
1790401865174 [admission] request cost: model="q38" ctx=32768 path=spec = 31552 B/token x ctx + 2508MB prefill-workspace + 369MB fixed = 3911MB
1790401865174 [admit-predict] id=cmpl-3b1189663456dffc611cfff0f4e86366 tenant="rxc-30720-256-1-1" model="q38" verdict=admit reason=global-p95 prompt=30720 predicted_completion=256 kv_hat=3900946280 booked_bytes=0 booked_real=0 inflight=0 cap=64 budget_bytes=81762758352 retry_after_s=- exempt=0 enforce=0 live_free_bytes=-
1790401865174 [spec-k] model="q38" tenant="rxc-30720-256-1-1" K=3 source=cold-long prompt=30720 cached=0 lcp=0 active=1 wave=1 placement=single-or-non-pp2
1790401866227 [prime-yield] count=1 remaining=15 chunks=1 wall_ms=1053.044 max_chunk_ms=1053.044
1790401867323 [prime-yield] count=2 remaining=14 chunks=1 wall_ms=1095.705 max_chunk_ms=1095.705
1790401868455 [prime-yield] count=3 remaining=13 chunks=1 wall_ms=1131.640 max_chunk_ms=1131.640
1790401869623 [prime-yield] count=4 remaining=12 chunks=1 wall_ms=1167.890 max_chunk_ms=1167.890
1790401870827 [prime-yield] count=5 remaining=11 chunks=1 wall_ms=1204.264 max_chunk_ms=1204.264
1790401872067 [prime-yield] count=6 remaining=10 chunks=1 wall_ms=1240.037 max_chunk_ms=1240.037
1790401873343 [prime-yield] count=7 remaining=9 chunks=1 wall_ms=1276.308 max_chunk_ms=1276.308
1790401874024 [prime-yield] count=8 remaining=8 chunks=1 wall_ms=680.940 max_chunk_ms=680.940
1790401874046 [prime-yield] count=9 remaining=7 chunks=1 wall_ms=21.197 max_chunk_ms=21.197
1790401874067 [prime-yield] count=10 remaining=6 chunks=1 wall_ms=21.158 max_chunk_ms=21.158
1790401874088 [prime-yield] count=11 remaining=5 chunks=1 wall_ms=21.200 max_chunk_ms=21.200
1790401874109 [prime-yield] count=12 remaining=4 chunks=1 wall_ms=21.140 max_chunk_ms=21.140
1790401874130 [prime-yield] count=13 remaining=3 chunks=1 wall_ms=21.159 max_chunk_ms=21.159
1790401874152 [prime-yield] count=14 remaining=2 chunks=1 wall_ms=21.173 max_chunk_ms=21.173
1790401874173 [prime-yield] count=15 remaining=1 chunks=1 wall_ms=21.155 max_chunk_ms=21.155
1790401874433 [spec-acc] ctx=30721 burst=20/33 cum=20/33=0.606
1790401874710 [spec-acc] ctx=30753 burst=20/39 cum=40/72=0.556
1790401874988 [spec-acc] ctx=30786 burst=19/39 cum=59/111=0.532
1790401875308 [spec-acc] ctx=30818 burst=18/45 cum=77/156=0.494
1790401875586 [spec-acc] ctx=30851 burst=20/39 cum=97/195=0.497
1790401875842 [spec-acc] ctx=30884 burst=21/36 cum=118/231=0.511
1790401876141 [spec-acc] ctx=30917 burst=18/42 cum=136/273=0.498
1790401876418 [spec-acc] ctx=30949 burst=16/39 cum=152/312=0.487
1790401876422 [meter] admit id=cmpl-cff7da6d1c314e24202fbef5c9c8cf69 tenant=default lane=interactive model="q38"
1790401876436 [admission] per-session draft-state charge: model="q38" +46MB (measured capture high-water)
1790401876436 [admission] request cost: model="q38" ctx=32768 path=spec = 31552 B/token x ctx + 2515MB prefill-workspace + 369MB fixed = 3917MB
1790401876436 [admit-predict] id=cmpl-cff7da6d1c314e24202fbef5c9c8cf69 tenant="rxc-30720-256-1-2" model="q38" verdict=admit reason=global-p95 prompt=31040 predicted_completion=256 kv_hat=3917596520 booked_bytes=0 booked_real=0 inflight=0 cap=64 budget_bytes=81762758352 retry_after_s=- exempt=0 enforce=0 live_free_bytes=-
1790401876436 [spec-k] model="q38" tenant="rxc-30720-256-1-2" K=3 source=cold-long prompt=31040 cached=0 lcp=0 active=1 wave=1 placement=single-or-non-pp2
1790401877489 [prime-yield] count=1 remaining=15 chunks=1 wall_ms=1053.163 max_chunk_ms=1053.163
1790401878584 [prime-yield] count=2 remaining=14 chunks=1 wall_ms=1094.735 max_chunk_ms=1094.735
1790401879716 [prime-yield] count=3 remaining=13 chunks=1 wall_ms=1131.638 max_chunk_ms=1131.638
1790401880884 [prime-yield] count=4 remaining=12 chunks=1 wall_ms=1168.031 max_chunk_ms=1168.031
1790401882088 [prime-yield] count=5 remaining=11 chunks=1 wall_ms=1203.902 max_chunk_ms=1203.902
1790401883328 [prime-yield] count=6 remaining=10 chunks=1 wall_ms=1239.654 max_chunk_ms=1239.654
1790401884603 [prime-yield] count=7 remaining=9 chunks=1 wall_ms=1275.480 max_chunk_ms=1275.480
1790401885391 [prime-yield] count=8 remaining=8 chunks=1 wall_ms=787.236 max_chunk_ms=787.236
1790401885412 [prime-yield] count=9 remaining=7 chunks=1 wall_ms=21.261 max_chunk_ms=21.261
1790401885433 [prime-yield] count=10 remaining=6 chunks=1 wall_ms=21.156 max_chunk_ms=21.156
1790401885454 [prime-yield] count=11 remaining=5 chunks=1 wall_ms=21.158 max_chunk_ms=21.158
1790401885475 [prime-yield] count=12 remaining=4 chunks=1 wall_ms=21.184 max_chunk_ms=21.184
1790401885497 [prime-yield] count=13 remaining=3 chunks=1 wall_ms=21.184 max_chunk_ms=21.184
1790401885518 [prime-yield] count=14 remaining=2 chunks=1 wall_ms=21.225 max_chunk_ms=21.225
1790401885539 [prime-yield] count=15 remaining=1 chunks=1 wall_ms=21.195 max_chunk_ms=21.195
1790401885822 [spec-acc] ctx=31041 burst=20/36 cum=20/36=0.556
1790401886100 [spec-acc] ctx=31074 burst=20/39 cum=40/75=0.533
1790401886442 [spec-acc] ctx=31107 burst=16/48 cum=56/123=0.455
1790401886720 [spec-acc] ctx=31139 burst=20/39 cum=76/162=0.469
1790401887083 [spec-acc] ctx=31172 burst=15/51 cum=91/213=0.427
1790401887317 [spec-acc] ctx=31204 burst=23/33 cum=114/246=0.463
1790401887637 [spec-acc] ctx=31238 burst=19/45 cum=133/291=0.457
1790401887916 [spec-acc] ctx=31272 burst=12/39 cum=145/330=0.439
1790401887919 [meter] admit id=cmpl-4037b861b4670af4d83ce1908ad37fb7 tenant=default lane=interactive model="q38"
1790401887933 [admission] per-session draft-state charge: model="q38" +46MB (measured capture high-water)
1790401887933 [admission] request cost: model="q38" ctx=32768 path=spec = 31552 B/token x ctx + 2521MB prefill-workspace + 369MB fixed = 3924MB
1790401887933 [admit-predict] id=cmpl-4037b861b4670af4d83ce1908ad37fb7 tenant="rxc-30720-256-1-3" model="q38" verdict=admit reason=global-p95 prompt=31360 predicted_completion=256 kv_hat=3934246760 booked_bytes=0 booked_real=0 inflight=0 cap=64 budget_bytes=81762758352 retry_after_s=- exempt=0 enforce=0 live_free_bytes=-
1790401887933 [spec-k] model="q38" tenant="rxc-30720-256-1-3" K=3 source=cold-long prompt=31360 cached=0 lcp=0 active=1 wave=1 placement=single-or-non-pp2
1790401888986 [prime-yield] count=1 remaining=15 chunks=1 wall_ms=1052.853 max_chunk_ms=1052.853
1790401890081 [prime-yield] count=2 remaining=14 chunks=1 wall_ms=1094.962 max_chunk_ms=1094.962
1790401891212 [prime-yield] count=3 remaining=13 chunks=1 wall_ms=1131.094 max_chunk_ms=1131.094
1790401892380 [prime-yield] count=4 remaining=12 chunks=1 wall_ms=1167.620 max_chunk_ms=1167.620
1790401893584 [prime-yield] count=5 remaining=11 chunks=1 wall_ms=1203.963 max_chunk_ms=1203.963
1790401894824 [prime-yield] count=6 remaining=10 chunks=1 wall_ms=1239.505 max_chunk_ms=1239.505
1790401896099 [prime-yield] count=7 remaining=9 chunks=1 wall_ms=1275.316 max_chunk_ms=1275.316
1790401896978 [prime-yield] count=8 remaining=8 chunks=1 wall_ms=878.814 max_chunk_ms=878.814
1790401896999 [prime-yield] count=9 remaining=7 chunks=1 wall_ms=21.238 max_chunk_ms=21.238
1790401897020 [prime-yield] count=10 remaining=6 chunks=1 wall_ms=21.125 max_chunk_ms=21.125
1790401897041 [prime-yield] count=11 remaining=5 chunks=1 wall_ms=21.162 max_chunk_ms=21.162
1790401897063 [prime-yield] count=12 remaining=4 chunks=1 wall_ms=21.130 max_chunk_ms=21.130
1790401897084 [prime-yield] count=13 remaining=3 chunks=1 wall_ms=21.129 max_chunk_ms=21.129
1790401897105 [prime-yield] count=14 remaining=2 chunks=1 wall_ms=21.128 max_chunk_ms=21.128
1790401897126 [prime-yield] count=15 remaining=1 chunks=1 wall_ms=21.118 max_chunk_ms=21.118
1790401897411 [spec-acc] ctx=31361 burst=19/36 cum=19/36=0.528
1790401897818 [spec-acc] ctx=31393 burst=13/57 cum=32/93=0.344
1790401898182 [spec-acc] ctx=31425 burst=18/51 cum=50/144=0.347
1790401898524 [spec-acc] ctx=31460 burst=19/48 cum=69/192=0.359
1790401898803 [spec-acc] ctx=31495 burst=21/39 cum=90/231=0.390
1790401898973 [spec-acc] ctx=31529 burst=24/24 cum=114/255=0.447
1790401899166 [spec-acc] ctx=31561 burst=24/27 cum=138/282=0.489
1790401899294 [spec-acc] ctx=31594 burst=17/18 cum=155/300=0.517
1790401899298 [meter] admit id=cmpl-63d3293db40284bec877cbdb53301fdd tenant=default lane=interactive model="q38"
1790401899311 [admission] per-session draft-state charge: model="q38" +46MB (measured capture high-water)
1790401899311 [admission] request cost: model="q38" ctx=32768 path=spec = 31552 B/token x ctx + 2508MB prefill-workspace + 369MB fixed = 3911MB
1790401899311 [admit-predict] id=cmpl-63d3293db40284bec877cbdb53301fdd tenant="rx-30720-256-2" model="q38" verdict=admit reason=global-p95 prompt=30720 predicted_completion=256 kv_hat=3900946280 booked_bytes=0 booked_real=0 inflight=0 cap=64 budget_bytes=81762758352 retry_after_s=- exempt=0 enforce=0 live_free_bytes=-
1790401899312 [spec-k] model="q38" tenant="rx-30720-256-2" K=3 source=cold-long prompt=30720 cached=0 lcp=0 active=1 wave=1 placement=single-or-non-pp2
1790401900365 [prime-yield] count=1 remaining=15 chunks=1 wall_ms=1052.957 max_chunk_ms=1052.957
1790401901460 [prime-yield] count=2 remaining=14 chunks=1 wall_ms=1095.186 max_chunk_ms=1095.186
1790401902591 [prime-yield] count=3 remaining=13 chunks=1 wall_ms=1131.131 max_chunk_ms=1131.131
1790401903758 [prime-yield] count=4 remaining=12 chunks=1 wall_ms=1166.860 max_chunk_ms=1166.860
1790401904962 [prime-yield] count=5 remaining=11 chunks=1 wall_ms=1203.639 max_chunk_ms=1203.639
1790401906201 [prime-yield] count=6 remaining=10 chunks=1 wall_ms=1239.650 max_chunk_ms=1239.650
1790401907477 [prime-yield] count=7 remaining=9 chunks=1 wall_ms=1275.392 max_chunk_ms=1275.392
1790401908158 [prime-yield] count=8 remaining=8 chunks=1 wall_ms=681.148 max_chunk_ms=681.148
1790401908179 [prime-yield] count=9 remaining=7 chunks=1 wall_ms=21.202 max_chunk_ms=21.202
1790401908201 [prime-yield] count=10 remaining=6 chunks=1 wall_ms=21.165 max_chunk_ms=21.165
1790401908222 [prime-yield] count=11 remaining=5 chunks=1 wall_ms=21.153 max_chunk_ms=21.153
1790401908243 [prime-yield] count=12 remaining=4 chunks=1 wall_ms=21.149 max_chunk_ms=21.149
1790401908264 [prime-yield] count=13 remaining=3 chunks=1 wall_ms=21.127 max_chunk_ms=21.127
1790401908285 [prime-yield] count=14 remaining=2 chunks=1 wall_ms=21.123 max_chunk_ms=21.123
1790401908306 [prime-yield] count=15 remaining=1 chunks=1 wall_ms=21.117 max_chunk_ms=21.117
1790401908566 [spec-acc] ctx=30721 burst=22/33 cum=22/33=0.667
1790401908887 [spec-acc] ctx=30755 burst=18/45 cum=40/78=0.513
1790401909143 [spec-acc] ctx=30788 burst=23/36 cum=63/114=0.553
1790401909420 [spec-acc] ctx=30823 burst=19/39 cum=82/153=0.536
1790401909612 [spec-acc] ctx=30855 burst=23/27 cum=105/180=0.583
1790401909804 [spec-acc] ctx=30887 burst=25/27 cum=130/207=0.628
1790401909995 [spec-acc] ctx=30921 burst=26/27 cum=156/234=0.667
1790401910101 [spec-acc] ctx=30956 burst=15/15 cum=171/249=0.687
1790401910107 [meter] admit id=cmpl-958590020f07f222f2015a6408b5789c tenant=default lane=interactive model="q38"
1790401910119 [admission] per-session draft-state charge: model="q38" +46MB (measured capture high-water)
1790401910119 [admission] request cost: model="q38" ctx=32768 path=spec = 31552 B/token x ctx + 2515MB prefill-workspace + 369MB fixed = 3917MB
1790401910119 [admit-predict] id=cmpl-958590020f07f222f2015a6408b5789c tenant="rx-30720-256-2" model="q38" verdict=admit reason=global-p95 prompt=31040 predicted_completion=256 kv_hat=3917596520 booked_bytes=0 booked_real=0 inflight=0 cap=64 budget_bytes=81762758352 retry_after_s=- exempt=0 enforce=0 live_free_bytes=-
1790401910119 [worker] spec-reuse: 30976 committed tokens resumed [sampler=equivalent] (model q38)
1790401910119 [spec-k] model="q38" tenant="rx-30720-256-2" K=2 source=cached-long prompt=31040 cached=30976 lcp=0 active=1 wave=1 placement=single-or-non-pp2
1790401910583 [spec-acc] ctx=64 burst=19/28 cum=19/28=0.679
1790401910809 [spec-acc] ctx=98 burst=20/24 cum=39/52=0.750
1790401911054 [spec-acc] ctx=130 burst=21/26 cum=60/78=0.769
1790401911300 [spec-acc] ctx=164 burst=20/26 cum=80/104=0.769
1790401911507 [spec-acc] ctx=197 burst=21/22 cum=101/126=0.802
1790401911714 [spec-acc] ctx=229 burst=22/22 cum=123/148=0.831
1790401911921 [spec-acc] ctx=262 burst=22/22 cum=145/170=0.853
1790401912091 [spec-acc] ctx=295 burst=18/18 cum=163/188=0.867
1790401912096 [meter] admit id=cmpl-81c70014fe8da4736ccac8c969482a22 tenant=default lane=interactive model="q38"
1790401912108 [admission] per-session draft-state charge: model="q38" +46MB (measured capture high-water)
1790401912108 [admission] request cost: model="q38" ctx=32768 path=spec = 31552 B/token x ctx + 2521MB prefill-workspace + 369MB fixed = 3924MB
1790401912108 [admit-predict] id=cmpl-81c70014fe8da4736ccac8c969482a22 tenant="rx-30720-256-2" model="q38" verdict=admit reason=global-p95 prompt=31360 predicted_completion=256 kv_hat=3934246760 booked_bytes=0 booked_real=0 inflight=0 cap=64 budget_bytes=81762758352 retry_after_s=- exempt=0 enforce=0 live_free_bytes=-
1790401912108 [worker] spec-affinity: declined (identity did not nominate; 1 parked, 31360 prompt tokens; model q38)
1790401912108 [spec-k] model="q38" tenant="rx-30720-256-2" K=3 source=cold-long prompt=31360 cached=0 lcp=0 active=1 wave=1 placement=single-or-non-pp2
1790401913161 [prime-yield] count=1 remaining=15 chunks=1 wall_ms=1053.183 max_chunk_ms=1053.183
1790401914258 [prime-yield] count=2 remaining=14 chunks=1 wall_ms=1096.326 max_chunk_ms=1096.326
1790401915390 [prime-yield] count=3 remaining=13 chunks=1 wall_ms=1131.793 max_chunk_ms=1131.793
1790401916557 [prime-yield] count=4 remaining=12 chunks=1 wall_ms=1167.577 max_chunk_ms=1167.577
1790401917761 [prime-yield] count=5 remaining=11 chunks=1 wall_ms=1203.993 max_chunk_ms=1203.993
1790401919002 [prime-yield] count=6 remaining=10 chunks=1 wall_ms=1240.235 max_chunk_ms=1240.235
1790401920278 [prime-yield] count=7 remaining=9 chunks=1 wall_ms=1276.440 max_chunk_ms=1276.440
1790401921157 [prime-yield] count=8 remaining=8 chunks=1 wall_ms=878.803 max_chunk_ms=878.803
1790401921178 [prime-yield] count=9 remaining=7 chunks=1 wall_ms=21.364 max_chunk_ms=21.364
1790401921200 [prime-yield] count=10 remaining=6 chunks=1 wall_ms=21.291 max_chunk_ms=21.291
1790401921221 [prime-yield] count=11 remaining=5 chunks=1 wall_ms=21.278 max_chunk_ms=21.278
1790401921242 [prime-yield] count=12 remaining=4 chunks=1 wall_ms=21.270 max_chunk_ms=21.270
1790401921264 [prime-yield] count=13 remaining=3 chunks=1 wall_ms=21.255 max_chunk_ms=21.255
1790401921285 [prime-yield] count=14 remaining=2 chunks=1 wall_ms=21.277 max_chunk_ms=21.277
1790401921306 [prime-yield] count=15 remaining=1 chunks=1 wall_ms=21.241 max_chunk_ms=21.241
1790401921634 [spec-acc] ctx=31361 burst=20/42 cum=20/42=0.476
1790401921934 [spec-acc] ctx=31396 burst=18/42 cum=38/84=0.452
1790401922147 [spec-acc] ctx=31428 burst=22/30 cum=60/114=0.526
1790401922469 [spec-acc] ctx=31460 burst=18/45 cum=78/159=0.491
1790401922768 [spec-acc] ctx=31493 burst=21/42 cum=99/201=0.493
1790401923112 [spec-acc] ctx=31528 burst=16/48 cum=115/249=0.462
1790401923326 [spec-acc] ctx=31560 burst=22/30 cum=137/279=0.491
1790401923497 [spec-acc] ctx=31592 burst=19/24 cum=156/303=0.515
1790401923504 [meter] admit id=cmpl-f9ae5f12e8bd018278d97172d1d8861a tenant=default lane=interactive model="q38"
1790401923515 [admission] per-session draft-state charge: model="q38" +46MB (measured capture high-water)
1790401923515 [admission] request cost: model="q38" ctx=32768 path=spec = 31552 B/token x ctx + 2508MB prefill-workspace + 369MB fixed = 3911MB
1790401923515 [admit-predict] id=cmpl-f9ae5f12e8bd018278d97172d1d8861a tenant="rxc-30720-256-2-1" model="q38" verdict=admit reason=global-p95 prompt=30720 predicted_completion=256 kv_hat=3900946280 booked_bytes=0 booked_real=0 inflight=0 cap=64 budget_bytes=81762758352 retry_after_s=- exempt=0 enforce=0 live_free_bytes=-
1790401923515 [spec-k] model="q38" tenant="rxc-30720-256-2-1" K=3 source=cold-long prompt=30720 cached=0 lcp=0 active=1 wave=1 placement=single-or-non-pp2
1790401924569 [prime-yield] count=1 remaining=15 chunks=1 wall_ms=1053.607 max_chunk_ms=1053.607
1790401925666 [prime-yield] count=2 remaining=14 chunks=1 wall_ms=1096.617 max_chunk_ms=1096.617
1790401926798 [prime-yield] count=3 remaining=13 chunks=1 wall_ms=1132.176 max_chunk_ms=1132.176
1790401927967 [prime-yield] count=4 remaining=12 chunks=1 wall_ms=1168.685 max_chunk_ms=1168.685
1790401929171 [prime-yield] count=5 remaining=11 chunks=1 wall_ms=1204.654 max_chunk_ms=1204.654
1790401930412 [prime-yield] count=6 remaining=10 chunks=1 wall_ms=1241.212 max_chunk_ms=1241.212
1790401931690 [prime-yield] count=7 remaining=9 chunks=1 wall_ms=1277.332 max_chunk_ms=1277.332
1790401932372 [prime-yield] count=8 remaining=8 chunks=1 wall_ms=681.820 max_chunk_ms=681.820
1790401932393 [prime-yield] count=9 remaining=7 chunks=1 wall_ms=21.393 max_chunk_ms=21.393
1790401932415 [prime-yield] count=10 remaining=6 chunks=1 wall_ms=21.301 max_chunk_ms=21.301
1790401932436 [prime-yield] count=11 remaining=5 chunks=1 wall_ms=21.282 max_chunk_ms=21.282
1790401932457 [prime-yield] count=12 remaining=4 chunks=1 wall_ms=21.318 max_chunk_ms=21.318
1790401932478 [prime-yield] count=13 remaining=3 chunks=1 wall_ms=21.265 max_chunk_ms=21.265
1790401932500 [prime-yield] count=14 remaining=2 chunks=1 wall_ms=21.255 max_chunk_ms=21.255
1790401932521 [prime-yield] count=15 remaining=1 chunks=1 wall_ms=21.270 max_chunk_ms=21.270
1790401932781 [spec-acc] ctx=30721 burst=22/33 cum=22/33=0.667
1790401933101 [spec-acc] ctx=30755 burst=18/45 cum=40/78=0.513
1790401933357 [spec-acc] ctx=30788 burst=23/36 cum=63/114=0.553
1790401933634 [spec-acc] ctx=30823 burst=19/39 cum=82/153=0.536
1790401933825 [spec-acc] ctx=30855 burst=23/27 cum=105/180=0.583
1790401934016 [spec-acc] ctx=30887 burst=25/27 cum=130/207=0.628
1790401934207 [spec-acc] ctx=30921 burst=26/27 cum=156/234=0.667
1790401934314 [spec-acc] ctx=30956 burst=15/15 cum=171/249=0.687
1790401934317 [meter] admit id=cmpl-ead6195c3826727d40e1c0f14cdc29d3 tenant=default lane=interactive model="q38"
1790401934331 [admission] per-session draft-state charge: model="q38" +46MB (measured capture high-water)
1790401934331 [admission] request cost: model="q38" ctx=32768 path=spec = 31552 B/token x ctx + 2515MB prefill-workspace + 369MB fixed = 3917MB
1790401934331 [admit-predict] id=cmpl-ead6195c3826727d40e1c0f14cdc29d3 tenant="rxc-30720-256-2-2" model="q38" verdict=admit reason=global-p95 prompt=31040 predicted_completion=256 kv_hat=3917596520 booked_bytes=0 booked_real=0 inflight=0 cap=64 budget_bytes=81762758352 retry_after_s=- exempt=0 enforce=0 live_free_bytes=-
1790401934331 [spec-k] model="q38" tenant="rxc-30720-256-2-2" K=3 source=cold-long prompt=31040 cached=0 lcp=0 active=1 wave=1 placement=single-or-non-pp2
1790401935385 [prime-yield] count=1 remaining=15 chunks=1 wall_ms=1053.831 max_chunk_ms=1053.831
1790401936482 [prime-yield] count=2 remaining=14 chunks=1 wall_ms=1096.955 max_chunk_ms=1096.955
1790401937615 [prime-yield] count=3 remaining=13 chunks=1 wall_ms=1132.834 max_chunk_ms=1132.834
1790401938784 [prime-yield] count=4 remaining=12 chunks=1 wall_ms=1168.951 max_chunk_ms=1168.951
1790401939990 [prime-yield] count=5 remaining=11 chunks=1 wall_ms=1205.097 max_chunk_ms=1205.097
1790401941231 [prime-yield] count=6 remaining=10 chunks=1 wall_ms=1241.540 max_chunk_ms=1241.540
1790401942509 [prime-yield] count=7 remaining=9 chunks=1 wall_ms=1277.480 max_chunk_ms=1277.480
1790401943298 [prime-yield] count=8 remaining=8 chunks=1 wall_ms=788.860 max_chunk_ms=788.860
1790401943319 [prime-yield] count=9 remaining=7 chunks=1 wall_ms=21.406 max_chunk_ms=21.406
1790401943340 [prime-yield] count=10 remaining=6 chunks=1 wall_ms=21.312 max_chunk_ms=21.312
1790401943362 [prime-yield] count=11 remaining=5 chunks=1 wall_ms=21.314 max_chunk_ms=21.314
1790401943383 [prime-yield] count=12 remaining=4 chunks=1 wall_ms=21.307 max_chunk_ms=21.307
1790401943404 [prime-yield] count=13 remaining=3 chunks=1 wall_ms=21.292 max_chunk_ms=21.292
1790401943426 [prime-yield] count=14 remaining=2 chunks=1 wall_ms=21.279 max_chunk_ms=21.279
1790401943447 [prime-yield] count=15 remaining=1 chunks=1 wall_ms=21.309 max_chunk_ms=21.309
1790401943752 [spec-acc] ctx=31041 burst=19/39 cum=19/39=0.487
1790401943965 [spec-acc] ctx=31074 burst=23/30 cum=42/69=0.609
1790401944178 [spec-acc] ctx=31107 burst=22/30 cum=64/99=0.646
1790401944413 [spec-acc] ctx=31139 burst=24/33 cum=88/132=0.667
1790401944755 [spec-acc] ctx=31174 burst=17/48 cum=105/180=0.583
1790401945032 [spec-acc] ctx=31207 burst=20/39 cum=125/219=0.571
1790401945332 [spec-acc] ctx=31240 burst=21/42 cum=146/261=0.559
1790401945481 [spec-acc] ctx=31275 burst=15/21 cum=161/282=0.571
1790401945485 [meter] admit id=cmpl-b5113530efd9bf06886ebcc18b4051bc tenant=default lane=interactive model="q38"
1790401945498 [admission] per-session draft-state charge: model="q38" +46MB (measured capture high-water)
1790401945498 [admission] request cost: model="q38" ctx=32768 path=spec = 31552 B/token x ctx + 2521MB prefill-workspace + 369MB fixed = 3924MB
1790401945498 [admit-predict] id=cmpl-b5113530efd9bf06886ebcc18b4051bc tenant="rxc-30720-256-2-3" model="q38" verdict=admit reason=global-p95 prompt=31360 predicted_completion=256 kv_hat=3934246760 booked_bytes=0 booked_real=0 inflight=0 cap=64 budget_bytes=81762758352 retry_after_s=- exempt=0 enforce=0 live_free_bytes=-
1790401945499 [spec-k] model="q38" tenant="rxc-30720-256-2-3" K=3 source=cold-long prompt=31360 cached=0 lcp=0 active=1 wave=1 placement=single-or-non-pp2
1790401946553 [prime-yield] count=1 remaining=15 chunks=1 wall_ms=1054.358 max_chunk_ms=1054.358
1790401947650 [prime-yield] count=2 remaining=14 chunks=1 wall_ms=1096.848 max_chunk_ms=1096.848
1790401948783 [prime-yield] count=3 remaining=13 chunks=1 wall_ms=1132.923 max_chunk_ms=1132.923
1790401949952 [prime-yield] count=4 remaining=12 chunks=1 wall_ms=1168.718 max_chunk_ms=1168.718
1790401951157 [prime-yield] count=5 remaining=11 chunks=1 wall_ms=1205.240 max_chunk_ms=1205.240
1790401952399 [prime-yield] count=6 remaining=10 chunks=1 wall_ms=1241.461 max_chunk_ms=1241.461
1790401953676 [prime-yield] count=7 remaining=9 chunks=1 wall_ms=1277.380 max_chunk_ms=1277.380
1790401954556 [prime-yield] count=8 remaining=8 chunks=1 wall_ms=880.050 max_chunk_ms=880.050
1790401954578 [prime-yield] count=9 remaining=7 chunks=1 wall_ms=21.339 max_chunk_ms=21.339
1790401954599 [prime-yield] count=10 remaining=6 chunks=1 wall_ms=21.287 max_chunk_ms=21.287
1790401954620 [prime-yield] count=11 remaining=5 chunks=1 wall_ms=21.293 max_chunk_ms=21.293
1790401954642 [prime-yield] count=12 remaining=4 chunks=1 wall_ms=21.296 max_chunk_ms=21.296
1790401954663 [prime-yield] count=13 remaining=3 chunks=1 wall_ms=21.303 max_chunk_ms=21.303
1790401954685 [prime-yield] count=14 remaining=2 chunks=1 wall_ms=21.330 max_chunk_ms=21.330
1790401954706 [prime-yield] count=15 remaining=1 chunks=1 wall_ms=21.281 max_chunk_ms=21.281
1790401955034 [spec-acc] ctx=31361 burst=20/42 cum=20/42=0.476
1790401955333 [spec-acc] ctx=31396 burst=18/42 cum=38/84=0.452
1790401955546 [spec-acc] ctx=31428 burst=22/30 cum=60/114=0.526
1790401955867 [spec-acc] ctx=31460 burst=18/45 cum=78/159=0.491
1790401956167 [spec-acc] ctx=31493 burst=21/42 cum=99/201=0.493
1790401956509 [spec-acc] ctx=31528 burst=16/48 cum=115/249=0.462
1790401956723 [spec-acc] ctx=31560 burst=22/30 cum=137/279=0.491
1790401956894 [spec-acc] ctx=31592 burst=19/24 cum=156/303=0.515
1790401956898 [meter] admit id=cmpl-112ec508b4a0a389f8e90a155c24bbe2 tenant=default lane=interactive model="q38"
1790401956912 [admission] per-session draft-state charge: model="q38" +46MB (measured capture high-water)
1790401956912 [admission] request cost: model="q38" ctx=32768 path=spec = 31552 B/token x ctx + 2508MB prefill-workspace + 369MB fixed = 3911MB
1790401956912 [admit-predict] id=cmpl-112ec508b4a0a389f8e90a155c24bbe2 tenant="rx-30720-256-3" model="q38" verdict=admit reason=global-p95 prompt=30720 predicted_completion=256 kv_hat=3900946280 booked_bytes=0 booked_real=0 inflight=0 cap=64 budget_bytes=81762758352 retry_after_s=- exempt=0 enforce=0 live_free_bytes=-
1790401956912 [spec-k] model="q38" tenant="rx-30720-256-3" K=3 source=cold-long prompt=30720 cached=0 lcp=0 active=1 wave=1 placement=single-or-non-pp2
1790401957967 [prime-yield] count=1 remaining=15 chunks=1 wall_ms=1054.187 max_chunk_ms=1054.187
1790401959064 [prime-yield] count=2 remaining=14 chunks=1 wall_ms=1097.258 max_chunk_ms=1097.258
1790401960198 [prime-yield] count=3 remaining=13 chunks=1 wall_ms=1133.769 max_chunk_ms=1133.769
1790401961368 [prime-yield] count=4 remaining=12 chunks=1 wall_ms=1169.919 max_chunk_ms=1169.919
1790401962574 [prime-yield] count=5 remaining=11 chunks=1 wall_ms=1205.878 max_chunk_ms=1205.878
1790401963815 [prime-yield] count=6 remaining=10 chunks=1 wall_ms=1241.696 max_chunk_ms=1241.696
1790401965093 [prime-yield] count=7 remaining=9 chunks=1 wall_ms=1277.594 max_chunk_ms=1277.594
1790401965775 [prime-yield] count=8 remaining=8 chunks=1 wall_ms=682.115 max_chunk_ms=682.115
1790401965797 [prime-yield] count=9 remaining=7 chunks=1 wall_ms=21.287 max_chunk_ms=21.287
1790401965818 [prime-yield] count=10 remaining=6 chunks=1 wall_ms=21.258 max_chunk_ms=21.258
1790401965839 [prime-yield] count=11 remaining=5 chunks=1 wall_ms=21.228 max_chunk_ms=21.228
1790401965860 [prime-yield] count=12 remaining=4 chunks=1 wall_ms=21.228 max_chunk_ms=21.228
1790401965882 [prime-yield] count=13 remaining=3 chunks=1 wall_ms=21.245 max_chunk_ms=21.245
1790401965903 [prime-yield] count=14 remaining=2 chunks=1 wall_ms=21.236 max_chunk_ms=21.236
1790401965924 [prime-yield] count=15 remaining=1 chunks=1 wall_ms=21.272 max_chunk_ms=21.272
1790401966206 [spec-acc] ctx=30721 burst=19/36 cum=19/36=0.528
1790401966590 [spec-acc] ctx=30753 burst=14/54 cum=33/90=0.367
1790401966974 [spec-acc] ctx=30785 burst=17/54 cum=50/144=0.347
1790401967295 [spec-acc] ctx=30820 burst=17/45 cum=67/189=0.354
1790401967550 [spec-acc] ctx=30852 burst=21/36 cum=88/225=0.391
1790401967850 [spec-acc] ctx=30885 burst=18/42 cum=106/267=0.397
1790401968149 [spec-acc] ctx=30917 burst=20/42 cum=126/309=0.408
1790401968362 [spec-acc] ctx=30951 burst=16/30 cum=142/339=0.419
1790401968368 [meter] admit id=cmpl-b41b0fc6032defabff4f2f366261df4f tenant=default lane=interactive model="q38"
1790401968379 [admission] per-session draft-state charge: model="q38" +46MB (measured capture high-water)
1790401968379 [admission] request cost: model="q38" ctx=32768 path=spec = 31552 B/token x ctx + 2515MB prefill-workspace + 369MB fixed = 3917MB
1790401968379 [admit-predict] id=cmpl-b41b0fc6032defabff4f2f366261df4f tenant="rx-30720-256-3" model="q38" verdict=admit reason=global-p95 prompt=31040 predicted_completion=256 kv_hat=3917596520 booked_bytes=0 booked_real=0 inflight=0 cap=64 budget_bytes=81762758352 retry_after_s=- exempt=0 enforce=0 live_free_bytes=-
1790401968379 [worker] spec-affinity: declined (identity did not nominate; 1 parked, 31040 prompt tokens; model q38)
1790401968380 [spec-k] model="q38" tenant="rx-30720-256-3" K=3 source=cold-long prompt=31040 cached=0 lcp=0 active=1 wave=1 placement=single-or-non-pp2
1790401969435 [prime-yield] count=1 remaining=15 chunks=1 wall_ms=1054.728 max_chunk_ms=1054.728
1790401970532 [prime-yield] count=2 remaining=14 chunks=1 wall_ms=1097.091 max_chunk_ms=1097.091
1790401971666 [prime-yield] count=3 remaining=13 chunks=1 wall_ms=1133.698 max_chunk_ms=1133.698
1790401972835 [prime-yield] count=4 remaining=12 chunks=1 wall_ms=1169.837 max_chunk_ms=1169.837
1790401974041 [prime-yield] count=5 remaining=11 chunks=1 wall_ms=1205.755 max_chunk_ms=1205.755
1790401975283 [prime-yield] count=6 remaining=10 chunks=1 wall_ms=1241.768 max_chunk_ms=1241.768
1790401976561 [prime-yield] count=7 remaining=9 chunks=1 wall_ms=1277.791 max_chunk_ms=1277.791
1790401977350 [prime-yield] count=8 remaining=8 chunks=1 wall_ms=788.991 max_chunk_ms=788.991
1790401977371 [prime-yield] count=9 remaining=7 chunks=1 wall_ms=21.376 max_chunk_ms=21.376
1790401977393 [prime-yield] count=10 remaining=6 chunks=1 wall_ms=21.254 max_chunk_ms=21.254
1790401977414 [prime-yield] count=11 remaining=5 chunks=1 wall_ms=21.258 max_chunk_ms=21.258
1790401977435 [prime-yield] count=12 remaining=4 chunks=1 wall_ms=21.211 max_chunk_ms=21.211
1790401977457 [prime-yield] count=13 remaining=3 chunks=1 wall_ms=21.261 max_chunk_ms=21.261
1790401977478 [prime-yield] count=14 remaining=2 chunks=1 wall_ms=21.268 max_chunk_ms=21.268
1790401977499 [prime-yield] count=15 remaining=1 chunks=1 wall_ms=21.251 max_chunk_ms=21.251
1790401977847 [spec-acc] ctx=31041 burst=17/45 cum=17/45=0.378
1790401978059 [spec-acc] ctx=31074 burst=25/30 cum=42/75=0.560
1790401978251 [spec-acc] ctx=31109 burst=26/27 cum=68/102=0.667
1790401978421 [spec-acc] ctx=31144 burst=24/24 cum=92/126=0.730
1790401978591 [spec-acc] ctx=31176 burst=24/24 cum=116/150=0.773
1790401978761 [spec-acc] ctx=31208 burst=24/24 cum=140/174=0.805
1790401979060 [spec-acc] ctx=31240 burst=20/42 cum=160/216=0.741
1790401979252 [spec-acc] ctx=31274 burst=13/27 cum=173/243=0.712
1790401979259 [meter] admit id=cmpl-8bf1f208b7f0372c05cd88d2c6d7d338 tenant=default lane=interactive model="q38"
1790401979269 [admission] per-session draft-state charge: model="q38" +46MB (measured capture high-water)
1790401979269 [admission] request cost: model="q38" ctx=32768 path=spec = 31552 B/token x ctx + 2521MB prefill-workspace + 369MB fixed = 3924MB
1790401979269 [admit-predict] id=cmpl-8bf1f208b7f0372c05cd88d2c6d7d338 tenant="rx-30720-256-3" model="q38" verdict=admit reason=global-p95 prompt=31360 predicted_completion=256 kv_hat=3934246760 booked_bytes=0 booked_real=0 inflight=0 cap=64 budget_bytes=81762758352 retry_after_s=- exempt=0 enforce=0 live_free_bytes=-
1790401979270 [worker] spec-reuse: 31296 committed tokens resumed [sampler=equivalent] (model q38)
1790401979270 [spec-k] model="q38" tenant="rx-30720-256-3" K=2 source=cached-long prompt=31360 cached=31296 lcp=0 active=1 wave=1 placement=single-or-non-pp2
1790401979678 [spec-acc] ctx=64 burst=20/22 cum=20/22=0.909
1790401979885 [spec-acc] ctx=96 burst=22/22 cum=42/44=0.955
1790401980092 [spec-acc] ctx=129 burst=22/22 cum=64/66=0.970
1790401980299 [spec-acc] ctx=162 burst=21/22 cum=85/88=0.966
1790401980564 [spec-acc] ctx=194 burst=18/28 cum=103/116=0.888
1790401980867 [spec-acc] ctx=226 burst=16/32 cum=119/148=0.804
1790401981189 [spec-acc] ctx=258 burst=16/34 cum=135/182=0.742
1790401981492 [spec-acc] ctx=291 burst=14/32 cum=149/214=0.696
1790401981497 [meter] admit id=cmpl-44d7785150f31e7ed8966aaee4e10439 tenant=default lane=interactive model="q38"
1790401981508 [admission] per-session draft-state charge: model="q38" +46MB (measured capture high-water)
1790401981508 [admission] request cost: model="q38" ctx=32768 path=spec = 31552 B/token x ctx + 2508MB prefill-workspace + 369MB fixed = 3911MB
1790401981508 [admit-predict] id=cmpl-44d7785150f31e7ed8966aaee4e10439 tenant="rxc-30720-256-3-1" model="q38" verdict=admit reason=global-p95 prompt=30720 predicted_completion=256 kv_hat=3900946280 booked_bytes=0 booked_real=0 inflight=0 cap=64 budget_bytes=81762758352 retry_after_s=- exempt=0 enforce=0 live_free_bytes=-
1790401981509 [spec-k] model="q38" tenant="rxc-30720-256-3-1" K=3 source=cold-long prompt=30720 cached=0 lcp=0 active=1 wave=1 placement=single-or-non-pp2
1790401982562 [prime-yield] count=1 remaining=15 chunks=1 wall_ms=1053.374 max_chunk_ms=1053.374
1790401983659 [prime-yield] count=2 remaining=14 chunks=1 wall_ms=1097.002 max_chunk_ms=1097.002
1790401984792 [prime-yield] count=3 remaining=13 chunks=1 wall_ms=1132.172 max_chunk_ms=1132.172
1790401985960 [prime-yield] count=4 remaining=12 chunks=1 wall_ms=1168.127 max_chunk_ms=1168.127
1790401987164 [prime-yield] count=5 remaining=11 chunks=1 wall_ms=1204.564 max_chunk_ms=1204.564
1790401988405 [prime-yield] count=6 remaining=10 chunks=1 wall_ms=1240.898 max_chunk_ms=1240.898
1790401989682 [prime-yield] count=7 remaining=9 chunks=1 wall_ms=1276.370 max_chunk_ms=1276.370
1790401990363 [prime-yield] count=8 remaining=8 chunks=1 wall_ms=681.541 max_chunk_ms=681.541
1790401990385 [prime-yield] count=9 remaining=7 chunks=1 wall_ms=21.246 max_chunk_ms=21.246
1790401990406 [prime-yield] count=10 remaining=6 chunks=1 wall_ms=21.170 max_chunk_ms=21.170
1790401990427 [prime-yield] count=11 remaining=5 chunks=1 wall_ms=21.159 max_chunk_ms=21.159
1790401990448 [prime-yield] count=12 remaining=4 chunks=1 wall_ms=21.148 max_chunk_ms=21.148
1790401990469 [prime-yield] count=13 remaining=3 chunks=1 wall_ms=21.172 max_chunk_ms=21.172
1790401990491 [prime-yield] count=14 remaining=2 chunks=1 wall_ms=21.143 max_chunk_ms=21.143
1790401990512 [prime-yield] count=15 remaining=1 chunks=1 wall_ms=21.138 max_chunk_ms=21.138
1790401990793 [spec-acc] ctx=30721 burst=19/36 cum=19/36=0.528
1790401991178 [spec-acc] ctx=30753 burst=14/54 cum=33/90=0.367
1790401991562 [spec-acc] ctx=30785 burst=17/54 cum=50/144=0.347
1790401991882 [spec-acc] ctx=30820 burst=17/45 cum=67/189=0.354
1790401992138 [spec-acc] ctx=30852 burst=21/36 cum=88/225=0.391
1790401992437 [spec-acc] ctx=30885 burst=18/42 cum=106/267=0.397
1790401992736 [spec-acc] ctx=30917 burst=20/42 cum=126/309=0.408
1790401992949 [spec-acc] ctx=30951 burst=16/30 cum=142/339=0.419
1790401992953 [meter] admit id=cmpl-c174c8971d33dd3fb40ed178997227af tenant=default lane=interactive model="q38"
1790401992966 [admission] per-session draft-state charge: model="q38" +46MB (measured capture high-water)
1790401992966 [admission] request cost: model="q38" ctx=32768 path=spec = 31552 B/token x ctx + 2515MB prefill-workspace + 369MB fixed = 3917MB
1790401992966 [admit-predict] id=cmpl-c174c8971d33dd3fb40ed178997227af tenant="rxc-30720-256-3-2" model="q38" verdict=admit reason=global-p95 prompt=31040 predicted_completion=256 kv_hat=3917596520 booked_bytes=0 booked_real=0 inflight=0 cap=64 budget_bytes=81762758352 retry_after_s=- exempt=0 enforce=0 live_free_bytes=-
1790401992967 [spec-k] model="q38" tenant="rxc-30720-256-3-2" K=3 source=cold-long prompt=31040 cached=0 lcp=0 active=1 wave=1 placement=single-or-non-pp2
1790401994021 [prime-yield] count=1 remaining=15 chunks=1 wall_ms=1054.440 max_chunk_ms=1054.440
1790401995118 [prime-yield] count=2 remaining=14 chunks=1 wall_ms=1097.163 max_chunk_ms=1097.163
1790401996252 [prime-yield] count=3 remaining=13 chunks=1 wall_ms=1133.263 max_chunk_ms=1133.263
1790401997421 [prime-yield] count=4 remaining=12 chunks=1 wall_ms=1169.132 max_chunk_ms=1169.132
1790401998626 [prime-yield] count=5 remaining=11 chunks=1 wall_ms=1205.255 max_chunk_ms=1205.255
1790401999867 [prime-yield] count=6 remaining=10 chunks=1 wall_ms=1240.946 max_chunk_ms=1240.946
1790402001144 [prime-yield] count=7 remaining=9 chunks=1 wall_ms=1276.833 max_chunk_ms=1276.833
1790402001933 [prime-yield] count=8 remaining=8 chunks=1 wall_ms=788.594 max_chunk_ms=788.594
1790402001954 [prime-yield] count=9 remaining=7 chunks=1 wall_ms=21.231 max_chunk_ms=21.231
1790402001975 [prime-yield] count=10 remaining=6 chunks=1 wall_ms=21.186 max_chunk_ms=21.186
1790402001997 [prime-yield] count=11 remaining=5 chunks=1 wall_ms=21.184 max_chunk_ms=21.184
1790402002018 [prime-yield] count=12 remaining=4 chunks=1 wall_ms=21.126 max_chunk_ms=21.126
1790402002039 [prime-yield] count=13 remaining=3 chunks=1 wall_ms=20.881 max_chunk_ms=20.881
1790402002060 [prime-yield] count=14 remaining=2 chunks=1 wall_ms=21.155 max_chunk_ms=21.155
1790402002081 [prime-yield] count=15 remaining=1 chunks=1 wall_ms=21.175 max_chunk_ms=21.175
1790402002428 [spec-acc] ctx=31041 burst=17/45 cum=17/45=0.378
1790402002641 [spec-acc] ctx=31074 burst=25/30 cum=42/75=0.560
1790402002833 [spec-acc] ctx=31109 burst=26/27 cum=68/102=0.667
1790402003003 [spec-acc] ctx=31144 burst=24/24 cum=92/126=0.730
1790402003174 [spec-acc] ctx=31176 burst=24/24 cum=116/150=0.773
1790402003344 [spec-acc] ctx=31208 burst=24/24 cum=140/174=0.805
1790402003644 [spec-acc] ctx=31240 burst=20/42 cum=160/216=0.741
1790402003836 [spec-acc] ctx=31274 burst=13/27 cum=173/243=0.712
1790402003840 [meter] admit id=cmpl-fb7d224258d88696ece2e85125feeced tenant=default lane=interactive model="q38"
1790402003853 [admission] per-session draft-state charge: model="q38" +46MB (measured capture high-water)
1790402003854 [admission] request cost: model="q38" ctx=32768 path=spec = 31552 B/token x ctx + 2521MB prefill-workspace + 369MB fixed = 3924MB
1790402003854 [admit-predict] id=cmpl-fb7d224258d88696ece2e85125feeced tenant="rxc-30720-256-3-3" model="q38" verdict=admit reason=global-p95 prompt=31360 predicted_completion=256 kv_hat=3934246760 booked_bytes=0 booked_real=0 inflight=0 cap=64 budget_bytes=81762758352 retry_after_s=- exempt=0 enforce=0 live_free_bytes=-
1790402003854 [spec-k] model="q38" tenant="rxc-30720-256-3-3" K=3 source=cold-long prompt=31360 cached=0 lcp=0 active=1 wave=1 placement=single-or-non-pp2
1790402004909 [prime-yield] count=1 remaining=15 chunks=1 wall_ms=1054.718 max_chunk_ms=1054.718
1790402006006 [prime-yield] count=2 remaining=14 chunks=1 wall_ms=1097.126 max_chunk_ms=1097.126
1790402007139 [prime-yield] count=3 remaining=13 chunks=1 wall_ms=1132.763 max_chunk_ms=1132.763
1790402008308 [prime-yield] count=4 remaining=12 chunks=1 wall_ms=1169.006 max_chunk_ms=1169.006
1790402009513 [prime-yield] count=5 remaining=11 chunks=1 wall_ms=1204.677 max_chunk_ms=1204.677
1790402010754 [prime-yield] count=6 remaining=10 chunks=1 wall_ms=1241.272 max_chunk_ms=1241.272
1790402012031 [prime-yield] count=7 remaining=9 chunks=1 wall_ms=1277.401 max_chunk_ms=1277.401
1790402012911 [prime-yield] count=8 remaining=8 chunks=1 wall_ms=879.909 max_chunk_ms=879.909
1790402012933 [prime-yield] count=9 remaining=7 chunks=1 wall_ms=21.340 max_chunk_ms=21.340
1790402012954 [prime-yield] count=10 remaining=6 chunks=1 wall_ms=21.274 max_chunk_ms=21.274
1790402012975 [prime-yield] count=11 remaining=5 chunks=1 wall_ms=21.306 max_chunk_ms=21.306
1790402012997 [prime-yield] count=12 remaining=4 chunks=1 wall_ms=21.236 max_chunk_ms=21.236
1790402013018 [prime-yield] count=13 remaining=3 chunks=1 wall_ms=21.249 max_chunk_ms=21.249
1790402013039 [prime-yield] count=14 remaining=2 chunks=1 wall_ms=21.239 max_chunk_ms=21.239
1790402013061 [prime-yield] count=15 remaining=1 chunks=1 wall_ms=21.315 max_chunk_ms=21.315
1790402013303 [spec-acc] ctx=31361 burst=22/30 cum=22/30=0.733
1790402013495 [spec-acc] ctx=31394 burst=25/27 cum=47/57=0.825
1790402013665 [spec-acc] ctx=31428 burst=24/24 cum=71/81=0.877
1790402013857 [spec-acc] ctx=31460 burst=23/27 cum=94/108=0.870
1790402014114 [spec-acc] ctx=31492 burst=23/36 cum=117/144=0.812
1790402014435 [spec-acc] ctx=31527 burst=17/45 cum=134/189=0.709
1790402014713 [spec-acc] ctx=31559 burst=20/39 cum=154/228=0.675
1790402014992 [spec-acc] ctx=31592 burst=12/39 cum=166/267=0.622
1790402014996 [meter] admit id=cmpl-6bd43d405a47298b6829a588803070ab tenant=default lane=interactive model="q38"
1790402015009 [admission] per-session draft-state charge: model="q38" +46MB (measured capture high-water)
1790402015009 [admission] request cost: model="q38" ctx=32768 path=spec = 31552 B/token x ctx + 2508MB prefill-workspace + 369MB fixed = 3911MB
1790402015009 [admit-predict] id=cmpl-6bd43d405a47298b6829a588803070ab tenant="rx-30720-256-4" model="q38" verdict=admit reason=global-p95 prompt=30720 predicted_completion=256 kv_hat=3900946280 booked_bytes=0 booked_real=0 inflight=0 cap=64 budget_bytes=81762758352 retry_after_s=- exempt=0 enforce=0 live_free_bytes=-
1790402015010 [spec-k] model="q38" tenant="rx-30720-256-4" K=3 source=cold-long prompt=30720 cached=0 lcp=0 active=1 wave=1 placement=single-or-non-pp2
1790402016064 [prime-yield] count=1 remaining=16 chunks=1 wall_ms=1053.830 max_chunk_ms=1053.830
1790402017160 [prime-yield] count=2 remaining=15 chunks=1 wall_ms=1096.298 max_chunk_ms=1096.298
1790402018293 [prime-yield] count=3 remaining=14 chunks=1 wall_ms=1132.556 max_chunk_ms=1132.556
1790402019462 [prime-yield] count=4 remaining=13 chunks=1 wall_ms=1168.852 max_chunk_ms=1168.852
1790402020667 [prime-yield] count=5 remaining=12 chunks=1 wall_ms=1205.332 max_chunk_ms=1205.332
1790402021908 [prime-yield] count=6 remaining=11 chunks=1 wall_ms=1240.846 max_chunk_ms=1240.846
1790402023184 [prime-yield] count=7 remaining=10 chunks=1 wall_ms=1276.294 max_chunk_ms=1276.294
1790402023717 [prime-yield] count=8 remaining=9 chunks=1 wall_ms=532.357 max_chunk_ms=532.357
1790402023890 [prime-yield] count=9 remaining=8 chunks=1 wall_ms=172.962 max_chunk_ms=172.962
1790402023911 [prime-yield] count=10 remaining=7 chunks=1 wall_ms=21.365 max_chunk_ms=21.365
1790402023932 [prime-yield] count=11 remaining=6 chunks=1 wall_ms=21.329 max_chunk_ms=21.329
1790402023954 [prime-yield] count=12 remaining=5 chunks=1 wall_ms=21.311 max_chunk_ms=21.311
1790402023975 [prime-yield] count=13 remaining=4 chunks=1 wall_ms=21.310 max_chunk_ms=21.310
1790402023996 [prime-yield] count=14 remaining=3 chunks=1 wall_ms=21.263 max_chunk_ms=21.263
1790402024018 [prime-yield] count=15 remaining=2 chunks=1 wall_ms=21.257 max_chunk_ms=21.257
1790402024039 [prime-yield] count=16 remaining=1 chunks=1 wall_ms=21.044 max_chunk_ms=21.044
1790402024050 [prefix-cache] WARNING: first prefix insert is larger than the entire byte budget; this shape cannot produce cross-request hits. Subsequent refusals remain visible in prefix_cache_skips_budget
1790402024050 [prefix-cache] insert refused: entry 1113065472 exceeds budget 0 (spec-boundary, model q38, ns "rx-30720-256-4")
1790402024386 [spec-acc] ctx=30721 burst=16/45 cum=16/45=0.356
1790402024663 [spec-acc] ctx=30753 burst=19/39 cum=35/84=0.417
1790402024940 [spec-acc] ctx=30785 burst=21/39 cum=56/123=0.455
1790402025239 [spec-acc] ctx=30819 burst=18/42 cum=74/165=0.448
1790402025560 [spec-acc] ctx=30851 burst=18/45 cum=92/210=0.438
1790402025901 [spec-acc] ctx=30884 burst=19/48 cum=111/258=0.430
1790402026200 [spec-acc] ctx=30919 burst=19/42 cum=130/300=0.433
1790402026499 [spec-acc] ctx=30952 burst=10/42 cum=140/342=0.409
1790402026506 [meter] admit id=cmpl-0f1a66151c93aa55add1719379bb8b8f tenant=default lane=interactive model="q38"
1790402026516 [admission] per-session draft-state charge: model="q38" +46MB (measured capture high-water)
1790402026516 [admission] request cost: model="q38" ctx=32768 path=spec = 31552 B/token x ctx + 2515MB prefill-workspace + 369MB fixed = 3917MB
1790402026516 [admit-predict] id=cmpl-0f1a66151c93aa55add1719379bb8b8f tenant="rx-30720-256-4" model="q38" verdict=admit reason=global-p95 prompt=31040 predicted_completion=256 kv_hat=3917596520 booked_bytes=0 booked_real=0 inflight=0 cap=64 budget_bytes=81762758352 retry_after_s=- exempt=0 enforce=0 live_free_bytes=-
1790402026516 [worker] spec-reuse: 30976 committed tokens resumed [sampler=equivalent] (model q38)
1790402026516 [spec-k] model="q38" tenant="rx-30720-256-4" K=2 source=cached-long prompt=31040 cached=30976 lcp=0 active=1 wave=1 placement=single-or-non-pp2
1790402026942 [spec-acc] ctx=64 burst=20/24 cum=20/24=0.833
1790402027168 [spec-acc] ctx=97 burst=20/24 cum=40/48=0.833
1790402027393 [spec-acc] ctx=129 burst=22/24 cum=62/72=0.861
1790402027600 [spec-acc] ctx=163 burst=22/22 cum=84/94=0.894
1790402027807 [spec-acc] ctx=196 burst=21/22 cum=105/116=0.905
1790402028032 [spec-acc] ctx=228 burst=22/24 cum=127/140=0.907
1790402028335 [spec-acc] ctx=262 burst=18/32 cum=145/172=0.843
1790402028600 [spec-acc] ctx=296 burst=12/28 cum=157/200=0.785
1790402028606 [meter] admit id=cmpl-7fdd439da3edfb633e3018a4d467904c tenant=default lane=interactive model="q38"
1790402028616 [admission] per-session draft-state charge: model="q38" +46MB (measured capture high-water)
1790402028616 [admission] request cost: model="q38" ctx=32768 path=spec = 31552 B/token x ctx + 2521MB prefill-workspace + 369MB fixed = 3924MB
1790402028616 [admit-predict] id=cmpl-7fdd439da3edfb633e3018a4d467904c tenant="rx-30720-256-4" model="q38" verdict=admit reason=global-p95 prompt=31360 predicted_completion=256 kv_hat=3934246760 booked_bytes=0 booked_real=0 inflight=0 cap=64 budget_bytes=81762758352 retry_after_s=- exempt=0 enforce=0 live_free_bytes=-
1790402028617 [worker] spec-affinity: declined (identity did not nominate; 1 parked, 31360 prompt tokens; model q38)
1790402028617 [spec-k] model="q38" tenant="rx-30720-256-4" K=3 source=cold-long prompt=31360 cached=0 lcp=0 active=1 wave=1 placement=single-or-non-pp2
1790402029671 [prime-yield] count=1 remaining=16 chunks=1 wall_ms=1054.006 max_chunk_ms=1054.006
1790402030768 [prime-yield] count=2 remaining=15 chunks=1 wall_ms=1096.621 max_chunk_ms=1096.621
1790402031900 [prime-yield] count=3 remaining=14 chunks=1 wall_ms=1132.113 max_chunk_ms=1132.113
1790402033069 [prime-yield] count=4 remaining=13 chunks=1 wall_ms=1168.554 max_chunk_ms=1168.554
1790402034273 [prime-yield] count=5 remaining=12 chunks=1 wall_ms=1204.778 max_chunk_ms=1204.778
1790402035514 [prime-yield] count=6 remaining=11 chunks=1 wall_ms=1241.031 max_chunk_ms=1241.031
1790402036792 [prime-yield] count=7 remaining=10 chunks=1 wall_ms=1277.144 max_chunk_ms=1277.144
1790402037324 [prime-yield] count=8 remaining=9 chunks=1 wall_ms=532.470 max_chunk_ms=532.470
1790402037704 [prime-yield] count=9 remaining=8 chunks=1 wall_ms=380.273 max_chunk_ms=380.273
1790402037726 [prime-yield] count=10 remaining=7 chunks=1 wall_ms=21.305 max_chunk_ms=21.305
1790402037747 [prime-yield] count=11 remaining=6 chunks=1 wall_ms=21.232 max_chunk_ms=21.232
1790402037768 [prime-yield] count=12 remaining=5 chunks=1 wall_ms=21.221 max_chunk_ms=21.221
1790402037790 [prime-yield] count=13 remaining=4 chunks=1 wall_ms=21.208 max_chunk_ms=21.208
1790402037811 [prime-yield] count=14 remaining=3 chunks=1 wall_ms=21.245 max_chunk_ms=21.245
1790402037832 [prime-yield] count=15 remaining=2 chunks=1 wall_ms=21.217 max_chunk_ms=21.217
1790402037853 [prime-yield] count=16 remaining=1 chunks=1 wall_ms=21.198 max_chunk_ms=21.198
1790402038118 [spec-acc] ctx=31361 burst=21/33 cum=21/33=0.636
1790402038288 [spec-acc] ctx=31394 burst=24/24 cum=45/57=0.789
1790402038459 [spec-acc] ctx=31426 burst=24/24 cum=69/81=0.852
1790402038629 [spec-acc] ctx=31458 burst=24/24 cum=93/105=0.886
1790402038820 [spec-acc] ctx=31490 burst=25/27 cum=118/132=0.894
1790402039120 [spec-acc] ctx=31524 burst=21/42 cum=139/174=0.799
1790402039333 [spec-acc] ctx=31559 burst=24/30 cum=163/204=0.799
1790402039462 [spec-acc] ctx=31593 burst=17/18 cum=180/222=0.811
1790402039468 [meter] admit id=cmpl-9228ede709efd7ae7064f722490bb2f1 tenant=default lane=interactive model="q38"
1790402039479 [admission] per-session draft-state charge: model="q38" +46MB (measured capture high-water)
1790402039479 [admission] request cost: model="q38" ctx=32768 path=spec = 31552 B/token x ctx + 2508MB prefill-workspace + 369MB fixed = 3911MB
1790402039479 [admit-predict] id=cmpl-9228ede709efd7ae7064f722490bb2f1 tenant="rxc-30720-256-4-1" model="q38" verdict=admit reason=global-p95 prompt=30720 predicted_completion=256 kv_hat=3900946280 booked_bytes=0 booked_real=0 inflight=0 cap=64 budget_bytes=81762758352 retry_after_s=- exempt=0 enforce=0 live_free_bytes=-
1790402039479 [spec-k] model="q38" tenant="rxc-30720-256-4-1" K=3 source=cold-long prompt=30720 cached=0 lcp=0 active=1 wave=1 placement=single-or-non-pp2
1790402040534 [prime-yield] count=1 remaining=16 chunks=1 wall_ms=1054.127 max_chunk_ms=1054.127
1790402041630 [prime-yield] count=2 remaining=15 chunks=1 wall_ms=1096.518 max_chunk_ms=1096.518
1790402042763 [prime-yield] count=3 remaining=14 chunks=1 wall_ms=1132.735 max_chunk_ms=1132.735
1790402043932 [prime-yield] count=4 remaining=13 chunks=1 wall_ms=1169.226 max_chunk_ms=1169.226
1790402045138 [prime-yield] count=5 remaining=12 chunks=1 wall_ms=1205.666 max_chunk_ms=1205.666
1790402046380 [prime-yield] count=6 remaining=11 chunks=1 wall_ms=1241.654 max_chunk_ms=1241.654
1790402047657 [prime-yield] count=7 remaining=10 chunks=1 wall_ms=1277.407 max_chunk_ms=1277.407
1790402048190 [prime-yield] count=8 remaining=9 chunks=1 wall_ms=532.419 max_chunk_ms=532.419
1790402048362 [prime-yield] count=9 remaining=8 chunks=1 wall_ms=172.555 max_chunk_ms=172.555
1790402048384 [prime-yield] count=10 remaining=7 chunks=1 wall_ms=21.347 max_chunk_ms=21.347
1790402048405 [prime-yield] count=11 remaining=6 chunks=1 wall_ms=21.274 max_chunk_ms=21.274
1790402048426 [prime-yield] count=12 remaining=5 chunks=1 wall_ms=21.245 max_chunk_ms=21.245
1790402048447 [prime-yield] count=13 remaining=4 chunks=1 wall_ms=21.249 max_chunk_ms=21.249
1790402048469 [prime-yield] count=14 remaining=3 chunks=1 wall_ms=21.232 max_chunk_ms=21.232
1790402048490 [prime-yield] count=15 remaining=2 chunks=1 wall_ms=21.251 max_chunk_ms=21.251
1790402048511 [prime-yield] count=16 remaining=1 chunks=1 wall_ms=21.208 max_chunk_ms=21.208
1790402048523 [prefix-cache] insert refused: entry 1113065472 exceeds budget 0 (spec-boundary, model q38, ns "rxc-30720-256-4-1") (previous shape: 1 identical refusals not printed)
1790402048858 [spec-acc] ctx=30721 burst=16/45 cum=16/45=0.356
1790402049135 [spec-acc] ctx=30753 burst=19/39 cum=35/84=0.417
1790402049412 [spec-acc] ctx=30785 burst=21/39 cum=56/123=0.455
1790402049711 [spec-acc] ctx=30819 burst=18/42 cum=74/165=0.448
1790402050031 [spec-acc] ctx=30851 burst=18/45 cum=92/210=0.438
1790402050373 [spec-acc] ctx=30884 burst=19/48 cum=111/258=0.430
1790402050671 [spec-acc] ctx=30919 burst=19/42 cum=130/300=0.433
1790402050970 [spec-acc] ctx=30952 burst=10/42 cum=140/342=0.409
1790402050973 [meter] admit id=cmpl-26c507db08af3dee886602baea234bf6 tenant=default lane=interactive model="q38"
1790402050987 [admission] per-session draft-state charge: model="q38" +46MB (measured capture high-water)
1790402050987 [admission] request cost: model="q38" ctx=32768 path=spec = 31552 B/token x ctx + 2515MB prefill-workspace + 369MB fixed = 3917MB
1790402050987 [admit-predict] id=cmpl-26c507db08af3dee886602baea234bf6 tenant="rxc-30720-256-4-2" model="q38" verdict=admit reason=global-p95 prompt=31040 predicted_completion=256 kv_hat=3917596520 booked_bytes=0 booked_real=0 inflight=0 cap=64 budget_bytes=81762758352 retry_after_s=- exempt=0 enforce=0 live_free_bytes=-
1790402050988 [spec-k] model="q38" tenant="rxc-30720-256-4-2" K=3 source=cold-long prompt=31040 cached=0 lcp=0 active=1 wave=1 placement=single-or-non-pp2
1790402052042 [prime-yield] count=1 remaining=16 chunks=1 wall_ms=1054.154 max_chunk_ms=1054.154
1790402053138 [prime-yield] count=2 remaining=15 chunks=1 wall_ms=1096.306 max_chunk_ms=1096.306
1790402054270 [prime-yield] count=3 remaining=14 chunks=1 wall_ms=1132.085 max_chunk_ms=1132.085
1790402055439 [prime-yield] count=4 remaining=13 chunks=1 wall_ms=1168.094 max_chunk_ms=1168.094
1790402056643 [prime-yield] count=5 remaining=12 chunks=1 wall_ms=1204.382 max_chunk_ms=1204.382
1790402057883 [prime-yield] count=6 remaining=11 chunks=1 wall_ms=1240.216 max_chunk_ms=1240.216
1790402059160 [prime-yield] count=7 remaining=10 chunks=1 wall_ms=1276.627 max_chunk_ms=1276.627
1790402059692 [prime-yield] count=8 remaining=9 chunks=1 wall_ms=531.944 max_chunk_ms=531.944
1790402059974 [prime-yield] count=9 remaining=8 chunks=1 wall_ms=282.407 max_chunk_ms=282.407
1790402059996 [prime-yield] count=10 remaining=7 chunks=1 wall_ms=21.308 max_chunk_ms=21.308
1790402060017 [prime-yield] count=11 remaining=6 chunks=1 wall_ms=21.225 max_chunk_ms=21.225
1790402060038 [prime-yield] count=12 remaining=5 chunks=1 wall_ms=20.930 max_chunk_ms=20.930
1790402060059 [prime-yield] count=13 remaining=4 chunks=1 wall_ms=21.282 max_chunk_ms=21.282
1790402060081 [prime-yield] count=14 remaining=3 chunks=1 wall_ms=21.257 max_chunk_ms=21.257
1790402060102 [prime-yield] count=15 remaining=2 chunks=1 wall_ms=21.216 max_chunk_ms=21.216
1790402060123 [prime-yield] count=16 remaining=1 chunks=1 wall_ms=21.268 max_chunk_ms=21.268
1790402060137 [prefix-cache] insert refused: entry 1113065472 exceeds budget 0 (spec-boundary, model q38, ns "rxc-30720-256-4-2")
1790402060450 [spec-acc] ctx=31041 burst=17/42 cum=17/42=0.405
1790402060771 [spec-acc] ctx=31073 burst=19/45 cum=36/87=0.414
1790402061005 [spec-acc] ctx=31107 burst=22/33 cum=58/120=0.483
1790402061262 [spec-acc] ctx=31140 burst=21/36 cum=79/156=0.506
1790402061561 [spec-acc] ctx=31173 burst=20/42 cum=99/198=0.500
1790402061925 [spec-acc] ctx=31207 burst=17/51 cum=116/249=0.466
1790402062159 [spec-acc] ctx=31241 burst=22/33 cum=138/282=0.489
1790402062330 [spec-acc] ctx=31274 burst=16/24 cum=154/306=0.503
1790402062334 [meter] admit id=cmpl-dcb5a8201cca52cdbc731aff77f5e90c tenant=default lane=interactive model="q38"
1790402062347 [admission] per-session draft-state charge: model="q38" +46MB (measured capture high-water)
1790402062347 [admission] request cost: model="q38" ctx=32768 path=spec = 31552 B/token x ctx + 2521MB prefill-workspace + 369MB fixed = 3924MB
1790402062347 [admit-predict] id=cmpl-dcb5a8201cca52cdbc731aff77f5e90c tenant="rxc-30720-256-4-3" model="q38" verdict=admit reason=global-p95 prompt=31360 predicted_completion=256 kv_hat=3934246760 booked_bytes=0 booked_real=0 inflight=0 cap=64 budget_bytes=81762758352 retry_after_s=- exempt=0 enforce=0 live_free_bytes=-
1790402062348 [spec-k] model="q38" tenant="rxc-30720-256-4-3" K=3 source=cold-long prompt=31360 cached=0 lcp=0 active=1 wave=1 placement=single-or-non-pp2
1790402063402 [prime-yield] count=1 remaining=16 chunks=1 wall_ms=1053.708 max_chunk_ms=1053.708
1790402064498 [prime-yield] count=2 remaining=15 chunks=1 wall_ms=1095.892 max_chunk_ms=1095.892
1790402065630 [prime-yield] count=3 remaining=14 chunks=1 wall_ms=1131.777 max_chunk_ms=1131.777
1790402066798 [prime-yield] count=4 remaining=13 chunks=1 wall_ms=1168.066 max_chunk_ms=1168.066
1790402068002 [prime-yield] count=5 remaining=12 chunks=1 wall_ms=1203.927 max_chunk_ms=1203.927
1790402069242 [prime-yield] count=6 remaining=11 chunks=1 wall_ms=1240.205 max_chunk_ms=1240.205
1790402070518 [prime-yield] count=7 remaining=10 chunks=1 wall_ms=1276.313 max_chunk_ms=1276.313
1790402071051 [prime-yield] count=8 remaining=9 chunks=1 wall_ms=532.317 max_chunk_ms=532.317
1790402071431 [prime-yield] count=9 remaining=8 chunks=1 wall_ms=380.163 max_chunk_ms=380.163
1790402071452 [prime-yield] count=10 remaining=7 chunks=1 wall_ms=21.278 max_chunk_ms=21.278
1790402071474 [prime-yield] count=11 remaining=6 chunks=1 wall_ms=21.233 max_chunk_ms=21.233
1790402071495 [prime-yield] count=12 remaining=5 chunks=1 wall_ms=21.248 max_chunk_ms=21.248
1790402071516 [prime-yield] count=13 remaining=4 chunks=1 wall_ms=21.225 max_chunk_ms=21.225
1790402071537 [prime-yield] count=14 remaining=3 chunks=1 wall_ms=21.277 max_chunk_ms=21.277
1790402071559 [prime-yield] count=15 remaining=2 chunks=1 wall_ms=21.219 max_chunk_ms=21.219
1790402071580 [prime-yield] count=16 remaining=1 chunks=1 wall_ms=21.220 max_chunk_ms=21.220
1790402071595 [prefix-cache] insert refused: entry 1113065472 exceeds budget 0 (spec-boundary, model q38, ns "rxc-30720-256-4-3")
1790402071844 [spec-acc] ctx=31361 burst=21/33 cum=21/33=0.636
1790402072015 [spec-acc] ctx=31394 burst=24/24 cum=45/57=0.789
1790402072185 [spec-acc] ctx=31426 burst=24/24 cum=69/81=0.852
1790402072355 [spec-acc] ctx=31458 burst=24/24 cum=93/105=0.886
1790402072547 [spec-acc] ctx=31490 burst=25/27 cum=118/132=0.894
1790402072846 [spec-acc] ctx=31524 burst=21/42 cum=139/174=0.799
1790402073060 [spec-acc] ctx=31559 burst=24/30 cum=163/204=0.799
1790402073188 [spec-acc] ctx=31593 burst=17/18 cum=180/222=0.811
1790402073197 [meter] admit id=cmpl-22467807224d54b5bb985a508f3bf3a5 tenant=default lane=interactive model="q38"
1790402073205 [admission] per-session draft-state charge: model="q38" +46MB (measured capture high-water)
1790402073205 [admission] request cost: model="q38" ctx=124928 path=spec = 31552 B/token x ctx + 4396MB prefill-workspace + 369MB fixed = 8706MB
1790402073205 [admit-predict] id=cmpl-22467807224d54b5bb985a508f3bf3a5 tenant="rx-122880-32-0" model="q38" verdict=admit reason=global-p95 prompt=122880 predicted_completion=32 kv_hat=8689147752 booked_bytes=0 booked_real=0 inflight=0 cap=64 budget_bytes=81762758352 retry_after_s=- exempt=0 enforce=0 live_free_bytes=-
1790402073210 [spec-k] model="q38" tenant="rx-122880-32-0" K=3 source=cold-long prompt=122880 cached=0 lcp=0 active=1 wave=1 placement=single-or-non-pp2
1790402073210 [admission] fixed residual high-water: model="q38" 540MB (observed 4481MB at ctx 124928 path=spec)
1790402074273 [prime-yield] count=1 remaining=60 chunks=1 wall_ms=1054.858 max_chunk_ms=1054.858
1790402075370 [prime-yield] count=2 remaining=59 chunks=1 wall_ms=1096.931 max_chunk_ms=1096.931
1790402076503 [prime-yield] count=3 remaining=58 chunks=1 wall_ms=1132.768 max_chunk_ms=1132.768
1790402077672 [prime-yield] count=4 remaining=57 chunks=1 wall_ms=1168.620 max_chunk_ms=1168.620
1790402078877 [prime-yield] count=5 remaining=56 chunks=1 wall_ms=1204.873 max_chunk_ms=1204.873
1790402080118 [prime-yield] count=6 remaining=55 chunks=1 wall_ms=1240.919 max_chunk_ms=1240.919
1790402081395 [prime-yield] count=7 remaining=54 chunks=1 wall_ms=1276.996 max_chunk_ms=1276.996
1790402082708 [prime-yield] count=8 remaining=53 chunks=1 wall_ms=1312.954 max_chunk_ms=1312.954
1790402084056 [prime-yield] count=9 remaining=52 chunks=1 wall_ms=1348.155 max_chunk_ms=1348.155
1790402085441 [prime-yield] count=10 remaining=51 chunks=1 wall_ms=1384.992 max_chunk_ms=1384.992
1790402086862 [prime-yield] count=11 remaining=50 chunks=1 wall_ms=1420.320 max_chunk_ms=1420.320
1790402088318 [prime-yield] count=12 remaining=49 chunks=1 wall_ms=1456.330 max_chunk_ms=1456.330
1790402089811 [prime-yield] count=13 remaining=48 chunks=1 wall_ms=1492.633 max_chunk_ms=1492.633
1790402091340 [prime-yield] count=14 remaining=47 chunks=1 wall_ms=1528.640 max_chunk_ms=1528.640
1790402092905 [prime-yield] count=15 remaining=46 chunks=1 wall_ms=1564.800 max_chunk_ms=1564.800
1790402094506 [prime-yield] count=16 remaining=45 chunks=1 wall_ms=1601.449 max_chunk_ms=1601.449
1790402096144 [prime-yield] count=17 remaining=44 chunks=1 wall_ms=1637.961 max_chunk_ms=1637.961
1790402097819 [prime-yield] count=18 remaining=43 chunks=1 wall_ms=1674.079 max_chunk_ms=1674.079
1790402099530 [prime-yield] count=19 remaining=42 chunks=1 wall_ms=1710.969 max_chunk_ms=1710.969
1790402101277 [prime-yield] count=20 remaining=41 chunks=1 wall_ms=1747.050 max_chunk_ms=1747.050
1790402103060 [prime-yield] count=21 remaining=40 chunks=1 wall_ms=1783.172 max_chunk_ms=1783.172
1790402104880 [prime-yield] count=22 remaining=39 chunks=1 wall_ms=1819.644 max_chunk_ms=1819.644
1790402106736 [prime-yield] count=23 remaining=38 chunks=1 wall_ms=1855.986 max_chunk_ms=1855.986
1790402108628 [prime-yield] count=24 remaining=37 chunks=1 wall_ms=1891.560 max_chunk_ms=1891.560
1790402110555 [prime-yield] count=25 remaining=36 chunks=1 wall_ms=1927.239 max_chunk_ms=1927.239
1790402112519 [prime-yield] count=26 remaining=35 chunks=1 wall_ms=1963.795 max_chunk_ms=1963.795
1790402114520 [prime-yield] count=27 remaining=34 chunks=1 wall_ms=2001.053 max_chunk_ms=2001.053
1790402116557 [prime-yield] count=28 remaining=33 chunks=1 wall_ms=2036.909 max_chunk_ms=2036.909
1790402118631 [prime-yield] count=29 remaining=32 chunks=1 wall_ms=2073.274 max_chunk_ms=2073.274
1790402118883 [prime-yield] count=30 remaining=31 chunks=1 wall_ms=252.462 max_chunk_ms=252.462
1790402120817 [prime-yield] count=31 remaining=30 chunks=1 wall_ms=1933.353 max_chunk_ms=1933.353
1790402120838 [prime-yield] count=32 remaining=29 chunks=1 wall_ms=21.269 max_chunk_ms=21.269
1790402120860 [prime-yield] count=33 remaining=28 chunks=1 wall_ms=21.196 max_chunk_ms=21.196
1790402120881 [prime-yield] count=34 remaining=27 chunks=1 wall_ms=21.200 max_chunk_ms=21.200
1790402120902 [prime-yield] count=35 remaining=26 chunks=1 wall_ms=21.173 max_chunk_ms=21.173
1790402120923 [prime-yield] count=36 remaining=25 chunks=1 wall_ms=21.223 max_chunk_ms=21.223
1790402120945 [prime-yield] count=37 remaining=24 chunks=1 wall_ms=21.204 max_chunk_ms=21.204
1790402120966 [prime-yield] count=38 remaining=23 chunks=1 wall_ms=21.222 max_chunk_ms=21.222
1790402120987 [prime-yield] count=39 remaining=22 chunks=1 wall_ms=21.187 max_chunk_ms=21.187
1790402121009 [prime-yield] count=40 remaining=21 chunks=1 wall_ms=21.218 max_chunk_ms=21.218
1790402121030 [prime-yield] count=41 remaining=20 chunks=1 wall_ms=21.232 max_chunk_ms=21.232
1790402121051 [prime-yield] count=42 remaining=19 chunks=1 wall_ms=21.186 max_chunk_ms=21.186
1790402121073 [prime-yield] count=43 remaining=18 chunks=1 wall_ms=21.169 max_chunk_ms=21.169
1790402121094 [prime-yield] count=44 remaining=17 chunks=1 wall_ms=21.213 max_chunk_ms=21.213
1790402121115 [prime-yield] count=45 remaining=16 chunks=1 wall_ms=21.200 max_chunk_ms=21.200
1790402121136 [prime-yield] count=46 remaining=15 chunks=1 wall_ms=21.200 max_chunk_ms=21.200
1790402121158 [prime-yield] count=47 remaining=14 chunks=1 wall_ms=21.185 max_chunk_ms=21.185
1790402121179 [prime-yield] count=48 remaining=13 chunks=1 wall_ms=21.208 max_chunk_ms=21.208
1790402121200 [prime-yield] count=49 remaining=12 chunks=1 wall_ms=21.205 max_chunk_ms=21.205
1790402121222 [prime-yield] count=50 remaining=11 chunks=1 wall_ms=21.221 max_chunk_ms=21.221
1790402121243 [prime-yield] count=51 remaining=10 chunks=1 wall_ms=21.200 max_chunk_ms=21.200
1790402121264 [prime-yield] count=52 remaining=9 chunks=1 wall_ms=21.200 max_chunk_ms=21.200
1790402121286 [prime-yield] count=53 remaining=8 chunks=1 wall_ms=21.189 max_chunk_ms=21.189
1790402121307 [prime-yield] count=54 remaining=7 chunks=1 wall_ms=21.201 max_chunk_ms=21.201
1790402121328 [prime-yield] count=55 remaining=6 chunks=1 wall_ms=21.218 max_chunk_ms=21.218
1790402121349 [prime-yield] count=56 remaining=5 chunks=1 wall_ms=21.204 max_chunk_ms=21.204
1790402121371 [prime-yield] count=57 remaining=4 chunks=1 wall_ms=21.279 max_chunk_ms=21.279
1790402121392 [prime-yield] count=58 remaining=3 chunks=1 wall_ms=21.235 max_chunk_ms=21.235
1790402121413 [prime-yield] count=59 remaining=2 chunks=1 wall_ms=21.206 max_chunk_ms=21.206
1790402121435 [prime-yield] count=60 remaining=1 chunks=1 wall_ms=21.194 max_chunk_ms=21.194
1790402121457 [prefix-cache] insert refused: entry 3917912064 exceeds budget 0 (spec-boundary, model q38, ns "rx-122880-32-0")
1790402121491 [fa-pool] grow #5 dev=0 o_len 6389760 -> 17713152 ml_len 24960 -> 69192 (retired kept, zero=false)
1790402121528 [fa-pool] grow #6 dev=0 o_len 17713152 -> 35426304 ml_len 69192 -> 138384 (retired kept, zero=false)
1790402121868 [spec-acc] ctx=122881 burst=23/27 cum=23/27=0.852
1790402121881 [meter] admit id=cmpl-6e2a7dd76ecefdea94a0e79a9b398af0 tenant=default lane=interactive model="q38"
1790402121895 [admission] per-session draft-state charge: model="q38" +46MB (measured capture high-water)
1790402121895 [admission] request cost: model="q38" ctx=124928 path=spec = 31552 B/token x ctx + 4398MB prefill-workspace + 540MB fixed = 8879MB
1790402121895 [admit-predict] id=cmpl-6e2a7dd76ecefdea94a0e79a9b398af0 tenant="rx-122880-32-0" model="q38" verdict=admit reason=global-p95 prompt=122976 predicted_completion=32 kv_hat=8865191784 booked_bytes=0 booked_real=0 inflight=0 cap=64 budget_bytes=81762758352 retry_after_s=- exempt=0 enforce=0 live_free_bytes=-
1790402121896 [worker] spec-affinity: rewound to 119200 of 122976 prompt tokens (fingerprint; priming 3776 suffix; model q38)
1790402121896 [spec-k] model="q38" tenant="rx-122880-32-0" K=2 source=cached-long prompt=122976 cached=119200 lcp=0 active=1 wave=1 placement=single-or-non-pp2
1790402124442 [spec-acc] ctx=3776 burst=22/22 cum=22/22=1.000
1790402124454 [meter] admit id=cmpl-5d1adea5e64eb34c2c3f40a4cfbfbdec tenant=default lane=interactive model="q38"
1790402124468 [admission] per-session draft-state charge: model="q38" +46MB (measured capture high-water)
1790402124468 [admission] request cost: model="q38" ctx=124928 path=spec = 31552 B/token x ctx + 4400MB prefill-workspace + 540MB fixed = 8881MB
1790402124468 [admit-predict] id=cmpl-5d1adea5e64eb34c2c3f40a4cfbfbdec tenant="rx-122880-32-0" model="q38" verdict=admit reason=global-p95 prompt=123072 predicted_completion=32 kv_hat=8870186856 booked_bytes=0 booked_real=0 inflight=0 cap=64 budget_bytes=81762758352 retry_after_s=- exempt=0 enforce=0 live_free_bytes=-
1790402124469 [worker] spec-affinity: rewound to 122944 of 123072 prompt tokens (fingerprint; priming 128 suffix; model q38)
1790402124469 [spec-k] model="q38" tenant="rx-122880-32-0" K=2 source=cached-long prompt=123072 cached=122944 lcp=0 active=1 wave=1 placement=single-or-non-pp2
1790402125255 [spec-acc] ctx=128 burst=22/22 cum=22/22=1.000
1790402125267 [meter] admit id=cmpl-28a4de26f5c69c03d4fcbc2f187320b3 tenant=default lane=interactive model="q38"
1790402125281 [admission] per-session draft-state charge: model="q38" +46MB (measured capture high-water)
1790402125281 [admission] request cost: model="q38" ctx=124928 path=spec = 31552 B/token x ctx + 4396MB prefill-workspace + 540MB fixed = 8877MB
1790402125281 [admit-predict] id=cmpl-28a4de26f5c69c03d4fcbc2f187320b3 tenant="rxc-122880-32-0-1" model="q38" verdict=admit reason=global-p95 prompt=122880 predicted_completion=32 kv_hat=8860196712 booked_bytes=0 booked_real=0 inflight=0 cap=64 budget_bytes=81762758352 retry_after_s=- exempt=0 enforce=0 live_free_bytes=-
1790402125282 [spec-k] model="q38" tenant="rxc-122880-32-0-1" K=3 source=cold-long prompt=122880 cached=0 lcp=0 active=1 wave=1 placement=single-or-non-pp2
1790402126341 [prime-yield] count=1 remaining=60 chunks=1 wall_ms=1052.748 max_chunk_ms=1052.748
1790402127435 [prime-yield] count=2 remaining=59 chunks=1 wall_ms=1094.481 max_chunk_ms=1094.481
1790402128566 [prime-yield] count=3 remaining=58 chunks=1 wall_ms=1130.470 max_chunk_ms=1130.470
1790402129733 [prime-yield] count=4 remaining=57 chunks=1 wall_ms=1166.710 max_chunk_ms=1166.710
1790402130935 [prime-yield] count=5 remaining=56 chunks=1 wall_ms=1202.414 max_chunk_ms=1202.414
1790402132174 [prime-yield] count=6 remaining=55 chunks=1 wall_ms=1238.674 max_chunk_ms=1238.674
1790402133450 [prime-yield] count=7 remaining=54 chunks=1 wall_ms=1275.360 max_chunk_ms=1275.360
1790402134761 [prime-yield] count=8 remaining=53 chunks=1 wall_ms=1311.213 max_chunk_ms=1311.213
1790402136108 [prime-yield] count=9 remaining=52 chunks=1 wall_ms=1347.438 max_chunk_ms=1347.438
1790402137492 [prime-yield] count=10 remaining=51 chunks=1 wall_ms=1383.756 max_chunk_ms=1383.756
1790402138912 [prime-yield] count=11 remaining=50 chunks=1 wall_ms=1419.565 max_chunk_ms=1419.565
1790402140368 [prime-yield] count=12 remaining=49 chunks=1 wall_ms=1455.460 max_chunk_ms=1455.460
1790402141859 [prime-yield] count=13 remaining=48 chunks=1 wall_ms=1491.317 max_chunk_ms=1491.317
1790402143386 [prime-yield] count=14 remaining=47 chunks=1 wall_ms=1526.929 max_chunk_ms=1526.929
1790402144950 [prime-yield] count=15 remaining=46 chunks=1 wall_ms=1563.647 max_chunk_ms=1563.647
1790402146550 [prime-yield] count=16 remaining=45 chunks=1 wall_ms=1600.064 max_chunk_ms=1600.064
1790402148187 [prime-yield] count=17 remaining=44 chunks=1 wall_ms=1637.218 max_chunk_ms=1637.218
1790402149861 [prime-yield] count=18 remaining=43 chunks=1 wall_ms=1673.321 max_chunk_ms=1673.321
1790402151571 [prime-yield] count=19 remaining=42 chunks=1 wall_ms=1710.329 max_chunk_ms=1710.329
1790402153318 [prime-yield] count=20 remaining=41 chunks=1 wall_ms=1746.973 max_chunk_ms=1746.973
1790402155102 [prime-yield] count=21 remaining=40 chunks=1 wall_ms=1783.121 max_chunk_ms=1783.121
1790402156921 [prime-yield] count=22 remaining=39 chunks=1 wall_ms=1819.181 max_chunk_ms=1819.181
1790402158777 [prime-yield] count=23 remaining=38 chunks=1 wall_ms=1855.438 max_chunk_ms=1855.438
1790402160669 [prime-yield] count=24 remaining=37 chunks=1 wall_ms=1892.339 max_chunk_ms=1892.339
1790402162597 [prime-yield] count=25 remaining=36 chunks=1 wall_ms=1927.702 max_chunk_ms=1927.702
1790402164561 [prime-yield] count=26 remaining=35 chunks=1 wall_ms=1964.242 max_chunk_ms=1964.242
1790402166562 [prime-yield] count=27 remaining=34 chunks=1 wall_ms=2000.940 max_chunk_ms=2000.940
1790402168599 [prime-yield] count=28 remaining=33 chunks=1 wall_ms=2036.692 max_chunk_ms=2036.692
1790402170672 [prime-yield] count=29 remaining=32 chunks=1 wall_ms=2073.196 max_chunk_ms=2073.196
1790402170925 [prime-yield] count=30 remaining=31 chunks=1 wall_ms=252.704 max_chunk_ms=252.704
1790402172858 [prime-yield] count=31 remaining=30 chunks=1 wall_ms=1932.237 max_chunk_ms=1932.237
1790402172879 [prime-yield] count=32 remaining=29 chunks=1 wall_ms=21.498 max_chunk_ms=21.498
1790402172900 [prime-yield] count=33 remaining=28 chunks=1 wall_ms=21.165 max_chunk_ms=21.165
1790402172922 [prime-yield] count=34 remaining=27 chunks=1 wall_ms=21.163 max_chunk_ms=21.163
1790402172943 [prime-yield] count=35 remaining=26 chunks=1 wall_ms=21.202 max_chunk_ms=21.202
1790402172964 [prime-yield] count=36 remaining=25 chunks=1 wall_ms=21.175 max_chunk_ms=21.175
1790402172986 [prime-yield] count=37 remaining=24 chunks=1 wall_ms=21.199 max_chunk_ms=21.199
1790402173007 [prime-yield] count=38 remaining=23 chunks=1 wall_ms=21.190 max_chunk_ms=21.190
1790402173028 [prime-yield] count=39 remaining=22 chunks=1 wall_ms=21.164 max_chunk_ms=21.164
1790402173049 [prime-yield] count=40 remaining=21 chunks=1 wall_ms=21.194 max_chunk_ms=21.194
1790402173071 [prime-yield] count=41 remaining=20 chunks=1 wall_ms=21.176 max_chunk_ms=21.176
1790402173092 [prime-yield] count=42 remaining=19 chunks=1 wall_ms=21.213 max_chunk_ms=21.213
1790402173113 [prime-yield] count=43 remaining=18 chunks=1 wall_ms=21.168 max_chunk_ms=21.168
1790402173134 [prime-yield] count=44 remaining=17 chunks=1 wall_ms=21.164 max_chunk_ms=21.164
1790402173156 [prime-yield] count=45 remaining=16 chunks=1 wall_ms=21.171 max_chunk_ms=21.171
1790402173177 [prime-yield] count=46 remaining=15 chunks=1 wall_ms=21.159 max_chunk_ms=21.159
1790402173198 [prime-yield] count=47 remaining=14 chunks=1 wall_ms=21.165 max_chunk_ms=21.165
1790402173220 [prime-yield] count=48 remaining=13 chunks=1 wall_ms=21.187 max_chunk_ms=21.187
1790402173241 [prime-yield] count=49 remaining=12 chunks=1 wall_ms=21.185 max_chunk_ms=21.185
1790402173262 [prime-yield] count=50 remaining=11 chunks=1 wall_ms=21.179 max_chunk_ms=21.179
1790402173283 [prime-yield] count=51 remaining=10 chunks=1 wall_ms=21.157 max_chunk_ms=21.157
1790402173305 [prime-yield] count=52 remaining=9 chunks=1 wall_ms=21.169 max_chunk_ms=21.169
1790402173326 [prime-yield] count=53 remaining=8 chunks=1 wall_ms=21.174 max_chunk_ms=21.174
1790402173347 [prime-yield] count=54 remaining=7 chunks=1 wall_ms=21.176 max_chunk_ms=21.176
1790402173368 [prime-yield] count=55 remaining=6 chunks=1 wall_ms=21.155 max_chunk_ms=21.155
1790402173390 [prime-yield] count=56 remaining=5 chunks=1 wall_ms=21.179 max_chunk_ms=21.179
1790402173411 [prime-yield] count=57 remaining=4 chunks=1 wall_ms=21.166 max_chunk_ms=21.166
1790402173432 [prime-yield] count=58 remaining=3 chunks=1 wall_ms=21.179 max_chunk_ms=21.179
1790402173453 [prime-yield] count=59 remaining=2 chunks=1 wall_ms=21.188 max_chunk_ms=21.188
1790402173475 [prime-yield] count=60 remaining=1 chunks=1 wall_ms=21.170 max_chunk_ms=21.170
1790402173497 [prefix-cache] insert refused: entry 3917912064 exceeds budget 0 (spec-boundary, model q38, ns "rxc-122880-32-0-1")
1790402173908 [spec-acc] ctx=122881 burst=23/27 cum=23/27=0.852
1790402173919 [meter] admit id=cmpl-479e30add61f2c048fb73bbc924204b8 tenant=default lane=interactive model="q38"
1790402173935 [admission] per-session draft-state charge: model="q38" +46MB (measured capture high-water)
1790402173935 [admission] request cost: model="q38" ctx=124928 path=spec = 31552 B/token x ctx + 4398MB prefill-workspace + 540MB fixed = 8879MB
1790402173935 [admit-predict] id=cmpl-479e30add61f2c048fb73bbc924204b8 tenant="rxc-122880-32-0-2" model="q38" verdict=admit reason=global-p95 prompt=122976 predicted_completion=32 kv_hat=8865191784 booked_bytes=0 booked_real=0 inflight=0 cap=64 budget_bytes=81762758352 retry_after_s=- exempt=0 enforce=0 live_free_bytes=-
1790402173936 [spec-k] model="q38" tenant="rxc-122880-32-0-2" K=3 source=cold-long prompt=122976 cached=0 lcp=0 active=1 wave=1 placement=single-or-non-pp2
1790402174997 [prime-yield] count=1 remaining=61 chunks=1 wall_ms=1053.781 max_chunk_ms=1053.781
1790402176093 [prime-yield] count=2 remaining=60 chunks=1 wall_ms=1095.735 max_chunk_ms=1095.735
1790402177224 [prime-yield] count=3 remaining=59 chunks=1 wall_ms=1131.466 max_chunk_ms=1131.466
1790402178392 [prime-yield] count=4 remaining=58 chunks=1 wall_ms=1167.874 max_chunk_ms=1167.874
1790402179597 [prime-yield] count=5 remaining=57 chunks=1 wall_ms=1204.120 max_chunk_ms=1204.120
1790402180837 [prime-yield] count=6 remaining=56 chunks=1 wall_ms=1240.526 max_chunk_ms=1240.526
1790402182113 [prime-yield] count=7 remaining=55 chunks=1 wall_ms=1275.939 max_chunk_ms=1275.939
1790402183426 [prime-yield] count=8 remaining=54 chunks=1 wall_ms=1312.126 max_chunk_ms=1312.126
1790402184774 [prime-yield] count=9 remaining=53 chunks=1 wall_ms=1348.460 max_chunk_ms=1348.460
1790402186158 [prime-yield] count=10 remaining=52 chunks=1 wall_ms=1384.125 max_chunk_ms=1384.125
1790402187579 [prime-yield] count=11 remaining=51 chunks=1 wall_ms=1420.419 max_chunk_ms=1420.419
1790402189036 [prime-yield] count=12 remaining=50 chunks=1 wall_ms=1456.602 max_chunk_ms=1456.602
1790402190529 [prime-yield] count=13 remaining=49 chunks=1 wall_ms=1493.044 max_chunk_ms=1493.044
1790402192058 [prime-yield] count=14 remaining=48 chunks=1 wall_ms=1529.090 max_chunk_ms=1529.090
1790402193623 [prime-yield] count=15 remaining=47 chunks=1 wall_ms=1564.602 max_chunk_ms=1564.602
1790402195224 [prime-yield] count=16 remaining=46 chunks=1 wall_ms=1601.228 max_chunk_ms=1601.228
1790402196861 [prime-yield] count=17 remaining=45 chunks=1 wall_ms=1637.004 max_chunk_ms=1637.004
1790402198535 [prime-yield] count=18 remaining=44 chunks=1 wall_ms=1673.792 max_chunk_ms=1673.792
1790402200246 [prime-yield] count=19 remaining=43 chunks=1 wall_ms=1710.961 max_chunk_ms=1710.961
1790402201993 [prime-yield] count=20 remaining=42 chunks=1 wall_ms=1746.562 max_chunk_ms=1746.562
1790402203776 [prime-yield] count=21 remaining=41 chunks=1 wall_ms=1782.959 max_chunk_ms=1782.959
1790402205596 [prime-yield] count=22 remaining=40 chunks=1 wall_ms=1819.861 max_chunk_ms=1819.861
1790402207452 [prime-yield] count=23 remaining=39 chunks=1 wall_ms=1855.707 max_chunk_ms=1855.707
1790402209344 [prime-yield] count=24 remaining=38 chunks=1 wall_ms=1891.568 max_chunk_ms=1891.568
1790402211271 [prime-yield] count=25 remaining=37 chunks=1 wall_ms=1927.769 max_chunk_ms=1927.769
1790402213236 [prime-yield] count=26 remaining=36 chunks=1 wall_ms=1964.609 max_chunk_ms=1964.609
1790402215238 [prime-yield] count=27 remaining=35 chunks=1 wall_ms=2001.966 max_chunk_ms=2001.966
1790402217277 [prime-yield] count=28 remaining=34 chunks=1 wall_ms=2038.421 max_chunk_ms=2038.421
1790402219351 [prime-yield] count=29 remaining=33 chunks=1 wall_ms=2074.348 max_chunk_ms=2074.348
1790402219604 [prime-yield] count=30 remaining=32 chunks=1 wall_ms=252.374 max_chunk_ms=252.374
1790402221572 [prime-yield] count=31 remaining=31 chunks=1 wall_ms=1968.007 max_chunk_ms=1968.007
1790402221594 [prime-yield] count=32 remaining=30 chunks=1 wall_ms=21.807 max_chunk_ms=21.807
1790402221615 [prime-yield] count=33 remaining=29 chunks=1 wall_ms=21.261 max_chunk_ms=21.261
1790402221637 [prime-yield] count=34 remaining=28 chunks=1 wall_ms=21.221 max_chunk_ms=21.221
1790402221658 [prime-yield] count=35 remaining=27 chunks=1 wall_ms=21.229 max_chunk_ms=21.229
1790402221679 [prime-yield] count=36 remaining=26 chunks=1 wall_ms=21.255 max_chunk_ms=21.255
1790402221701 [prime-yield] count=37 remaining=25 chunks=1 wall_ms=21.244 max_chunk_ms=21.244
1790402221722 [prime-yield] count=38 remaining=24 chunks=1 wall_ms=21.240 max_chunk_ms=21.240
1790402221743 [prime-yield] count=39 remaining=23 chunks=1 wall_ms=21.229 max_chunk_ms=21.229
1790402221765 [prime-yield] count=40 remaining=22 chunks=1 wall_ms=21.215 max_chunk_ms=21.215
1790402221786 [prime-yield] count=41 remaining=21 chunks=1 wall_ms=21.227 max_chunk_ms=21.227
1790402221807 [prime-yield] count=42 remaining=20 chunks=1 wall_ms=21.216 max_chunk_ms=21.216
1790402221828 [prime-yield] count=43 remaining=19 chunks=1 wall_ms=21.223 max_chunk_ms=21.223
1790402221850 [prime-yield] count=44 remaining=18 chunks=1 wall_ms=21.232 max_chunk_ms=21.232
1790402221871 [prime-yield] count=45 remaining=17 chunks=1 wall_ms=21.235 max_chunk_ms=21.235
1790402221892 [prime-yield] count=46 remaining=16 chunks=1 wall_ms=21.207 max_chunk_ms=21.207
1790402221914 [prime-yield] count=47 remaining=15 chunks=1 wall_ms=21.219 max_chunk_ms=21.219
1790402221935 [prime-yield] count=48 remaining=14 chunks=1 wall_ms=21.233 max_chunk_ms=21.233
1790402221956 [prime-yield] count=49 remaining=13 chunks=1 wall_ms=21.220 max_chunk_ms=21.220
1790402221978 [prime-yield] count=50 remaining=12 chunks=1 wall_ms=21.245 max_chunk_ms=21.245
1790402221999 [prime-yield] count=51 remaining=11 chunks=1 wall_ms=21.234 max_chunk_ms=21.234
1790402222020 [prime-yield] count=52 remaining=10 chunks=1 wall_ms=21.132 max_chunk_ms=21.132
1790402222042 [prime-yield] count=53 remaining=9 chunks=1 wall_ms=21.105 max_chunk_ms=21.105
1790402222063 [prime-yield] count=54 remaining=8 chunks=1 wall_ms=21.238 max_chunk_ms=21.238
1790402222084 [prime-yield] count=55 remaining=7 chunks=1 wall_ms=21.214 max_chunk_ms=21.214
1790402222105 [prime-yield] count=56 remaining=6 chunks=1 wall_ms=21.230 max_chunk_ms=21.230
1790402222127 [prime-yield] count=57 remaining=5 chunks=1 wall_ms=21.197 max_chunk_ms=21.197
1790402222148 [prime-yield] count=58 remaining=4 chunks=1 wall_ms=21.209 max_chunk_ms=21.209
1790402222169 [prime-yield] count=59 remaining=3 chunks=1 wall_ms=21.191 max_chunk_ms=21.191
1790402222191 [prime-yield] count=60 remaining=2 chunks=1 wall_ms=21.225 max_chunk_ms=21.225
1790402222212 [prime-yield] count=61 remaining=1 chunks=1 wall_ms=21.207 max_chunk_ms=21.207
1790402222214 [prefix-cache] insert refused: entry 3917912064 exceeds budget 0 (spec-boundary, model q38, ns "rxc-122880-32-0-2")
1790402222581 [spec-acc] ctx=122977 burst=24/24 cum=24/24=1.000
1790402222592 [meter] admit id=cmpl-16da417a54b1e5bcc376d6150130efb4 tenant=default lane=interactive model="q38"
1790402222608 [admission] per-session draft-state charge: model="q38" +46MB (measured capture high-water)
1790402222608 [admission] request cost: model="q38" ctx=124928 path=spec = 31552 B/token x ctx + 4400MB prefill-workspace + 540MB fixed = 8881MB
1790402222608 [admit-predict] id=cmpl-16da417a54b1e5bcc376d6150130efb4 tenant="rxc-122880-32-0-3" model="q38" verdict=admit reason=global-p95 prompt=123072 predicted_completion=32 kv_hat=8870186856 booked_bytes=0 booked_real=0 inflight=0 cap=64 budget_bytes=81762758352 retry_after_s=- exempt=0 enforce=0 live_free_bytes=-
1790402222609 [spec-k] model="q38" tenant="rxc-122880-32-0-3" K=3 source=cold-long prompt=123072 cached=0 lcp=0 active=1 wave=1 placement=single-or-non-pp2
1790402223669 [prime-yield] count=1 remaining=61 chunks=1 wall_ms=1053.946 max_chunk_ms=1053.946
1790402224766 [prime-yield] count=2 remaining=60 chunks=1 wall_ms=1096.965 max_chunk_ms=1096.965
1790402225900 [prime-yield] count=3 remaining=59 chunks=1 wall_ms=1133.159 max_chunk_ms=1133.159
1790402227068 [prime-yield] count=4 remaining=58 chunks=1 wall_ms=1168.589 max_chunk_ms=1168.589
1790402228274 [prime-yield] count=5 remaining=57 chunks=1 wall_ms=1205.047 max_chunk_ms=1205.047
1790402229515 [prime-yield] count=6 remaining=56 chunks=1 wall_ms=1241.001 max_chunk_ms=1241.001
1790402230792 [prime-yield] count=7 remaining=55 chunks=1 wall_ms=1277.219 max_chunk_ms=1277.219
1790402232105 [prime-yield] count=8 remaining=54 chunks=1 wall_ms=1313.312 max_chunk_ms=1313.312
1790402233455 [prime-yield] count=9 remaining=53 chunks=1 wall_ms=1349.599 max_chunk_ms=1349.599
1790402234841 [prime-yield] count=10 remaining=52 chunks=1 wall_ms=1385.775 max_chunk_ms=1385.775
1790402236263 [prime-yield] count=11 remaining=51 chunks=1 wall_ms=1421.811 max_chunk_ms=1421.811
1790402237720 [prime-yield] count=12 remaining=50 chunks=1 wall_ms=1457.133 max_chunk_ms=1457.133
1790402239214 [prime-yield] count=13 remaining=49 chunks=1 wall_ms=1493.428 max_chunk_ms=1493.428
1790402240744 [prime-yield] count=14 remaining=48 chunks=1 wall_ms=1529.725 max_chunk_ms=1529.725
1790402242310 [prime-yield] count=15 remaining=47 chunks=1 wall_ms=1566.253 max_chunk_ms=1566.253
1790402243912 [prime-yield] count=16 remaining=46 chunks=1 wall_ms=1601.996 max_chunk_ms=1601.996
1790402245551 [prime-yield] count=17 remaining=45 chunks=1 wall_ms=1638.113 max_chunk_ms=1638.113
1790402247225 [prime-yield] count=18 remaining=44 chunks=1 wall_ms=1674.030 max_chunk_ms=1674.030
1790402248935 [prime-yield] count=19 remaining=43 chunks=1 wall_ms=1710.491 max_chunk_ms=1710.491
1790402250682 [prime-yield] count=20 remaining=42 chunks=1 wall_ms=1746.847 max_chunk_ms=1746.847
1790402252466 [prime-yield] count=21 remaining=41 chunks=1 wall_ms=1783.430 max_chunk_ms=1783.430
1790402254285 [prime-yield] count=22 remaining=40 chunks=1 wall_ms=1819.138 max_chunk_ms=1819.138
1790402256141 [prime-yield] count=23 remaining=39 chunks=1 wall_ms=1855.850 max_chunk_ms=1855.850
1790402258034 [prime-yield] count=24 remaining=38 chunks=1 wall_ms=1893.100 max_chunk_ms=1893.100
1790402259964 [prime-yield] count=25 remaining=37 chunks=1 wall_ms=1929.547 max_chunk_ms=1929.547
1790402261929 [prime-yield] count=26 remaining=36 chunks=1 wall_ms=1964.663 max_chunk_ms=1964.663
1790402263930 [prime-yield] count=27 remaining=35 chunks=1 wall_ms=2001.343 max_chunk_ms=2001.343
1790402265968 [prime-yield] count=28 remaining=34 chunks=1 wall_ms=2037.604 max_chunk_ms=2037.604
1790402268042 [prime-yield] count=29 remaining=33 chunks=1 wall_ms=2073.493 max_chunk_ms=2073.493
1790402268294 [prime-yield] count=30 remaining=32 chunks=1 wall_ms=252.163 max_chunk_ms=252.163
1790402270304 [prime-yield] count=31 remaining=31 chunks=1 wall_ms=2009.784 max_chunk_ms=2009.784
1790402270326 [prime-yield] count=32 remaining=30 chunks=1 wall_ms=22.101 max_chunk_ms=22.101
1790402270347 [prime-yield] count=33 remaining=29 chunks=1 wall_ms=21.301 max_chunk_ms=21.301
1790402270369 [prime-yield] count=34 remaining=28 chunks=1 wall_ms=21.319 max_chunk_ms=21.319
1790402270390 [prime-yield] count=35 remaining=27 chunks=1 wall_ms=21.273 max_chunk_ms=21.273
1790402270412 [prime-yield] count=36 remaining=26 chunks=1 wall_ms=21.264 max_chunk_ms=21.264
1790402270433 [prime-yield] count=37 remaining=25 chunks=1 wall_ms=21.240 max_chunk_ms=21.240
1790402270454 [prime-yield] count=38 remaining=24 chunks=1 wall_ms=21.238 max_chunk_ms=21.238
1790402270476 [prime-yield] count=39 remaining=23 chunks=1 wall_ms=21.226 max_chunk_ms=21.226
1790402270497 [prime-yield] count=40 remaining=22 chunks=1 wall_ms=21.247 max_chunk_ms=21.247
1790402270518 [prime-yield] count=41 remaining=21 chunks=1 wall_ms=21.263 max_chunk_ms=21.263
1790402270540 [prime-yield] count=42 remaining=20 chunks=1 wall_ms=21.249 max_chunk_ms=21.249
1790402270561 [prime-yield] count=43 remaining=19 chunks=1 wall_ms=21.241 max_chunk_ms=21.241
1790402270582 [prime-yield] count=44 remaining=18 chunks=1 wall_ms=21.256 max_chunk_ms=21.256
1790402270604 [prime-yield] count=45 remaining=17 chunks=1 wall_ms=21.243 max_chunk_ms=21.243
1790402270625 [prime-yield] count=46 remaining=16 chunks=1 wall_ms=21.225 max_chunk_ms=21.225
1790402270646 [prime-yield] count=47 remaining=15 chunks=1 wall_ms=21.232 max_chunk_ms=21.232
1790402270668 [prime-yield] count=48 remaining=14 chunks=1 wall_ms=21.256 max_chunk_ms=21.256
1790402270689 [prime-yield] count=49 remaining=13 chunks=1 wall_ms=21.245 max_chunk_ms=21.245
1790402270710 [prime-yield] count=50 remaining=12 chunks=1 wall_ms=21.260 max_chunk_ms=21.260
1790402270732 [prime-yield] count=51 remaining=11 chunks=1 wall_ms=21.258 max_chunk_ms=21.258
1790402270753 [prime-yield] count=52 remaining=10 chunks=1 wall_ms=21.227 max_chunk_ms=21.227
1790402270774 [prime-yield] count=53 remaining=9 chunks=1 wall_ms=21.231 max_chunk_ms=21.231
1790402270796 [prime-yield] count=54 remaining=8 chunks=1 wall_ms=21.221 max_chunk_ms=21.221
1790402270817 [prime-yield] count=55 remaining=7 chunks=1 wall_ms=21.229 max_chunk_ms=21.229
1790402270838 [prime-yield] count=56 remaining=6 chunks=1 wall_ms=21.217 max_chunk_ms=21.217
1790402270860 [prime-yield] count=57 remaining=5 chunks=1 wall_ms=21.265 max_chunk_ms=21.265
1790402270881 [prime-yield] count=58 remaining=4 chunks=1 wall_ms=21.271 max_chunk_ms=21.271
1790402270902 [prime-yield] count=59 remaining=3 chunks=1 wall_ms=21.258 max_chunk_ms=21.258
1790402270924 [prime-yield] count=60 remaining=2 chunks=1 wall_ms=21.232 max_chunk_ms=21.232
1790402270945 [prime-yield] count=61 remaining=1 chunks=1 wall_ms=21.234 max_chunk_ms=21.234
1790402270948 [prefix-cache] insert refused: entry 3917912064 exceeds budget 0 (spec-boundary, model q38, ns "rxc-122880-32-0-3")
1790402271314 [spec-acc] ctx=123073 burst=23/24 cum=23/24=0.958
1790402271327 [meter] admit id=cmpl-4e9531b4a42d70df5226572a29de9d4b tenant=default lane=interactive model="q38"
1790402271341 [admission] per-session draft-state charge: model="q38" +46MB (measured capture high-water)
1790402271341 [admission] request cost: model="q38" ctx=124928 path=spec = 31552 B/token x ctx + 4396MB prefill-workspace + 540MB fixed = 8877MB
1790402271341 [admit-predict] id=cmpl-4e9531b4a42d70df5226572a29de9d4b tenant="rx-122880-32-1" model="q38" verdict=admit reason=global-p95 prompt=122880 predicted_completion=32 kv_hat=8860196712 booked_bytes=0 booked_real=0 inflight=0 cap=64 budget_bytes=81762758352 retry_after_s=- exempt=0 enforce=0 live_free_bytes=-
1790402271342 [spec-k] model="q38" tenant="rx-122880-32-1" K=3 source=cold-long prompt=122880 cached=0 lcp=0 active=1 wave=1 placement=single-or-non-pp2
1790402272404 [prime-yield] count=1 remaining=60 chunks=1 wall_ms=1054.590 max_chunk_ms=1054.590
1790402273501 [prime-yield] count=2 remaining=59 chunks=1 wall_ms=1096.410 max_chunk_ms=1096.410
1790402274633 [prime-yield] count=3 remaining=58 chunks=1 wall_ms=1132.478 max_chunk_ms=1132.478
1790402275802 [prime-yield] count=4 remaining=57 chunks=1 wall_ms=1168.708 max_chunk_ms=1168.708
1790402277007 [prime-yield] count=5 remaining=56 chunks=1 wall_ms=1204.514 max_chunk_ms=1204.514
1790402278248 [prime-yield] count=6 remaining=55 chunks=1 wall_ms=1240.964 max_chunk_ms=1240.964
1790402279525 [prime-yield] count=7 remaining=54 chunks=1 wall_ms=1276.758 max_chunk_ms=1276.758
1790402280838 [prime-yield] count=8 remaining=53 chunks=1 wall_ms=1313.114 max_chunk_ms=1313.114
1790402282186 [prime-yield] count=9 remaining=52 chunks=1 wall_ms=1348.310 max_chunk_ms=1348.310
1790402283571 [prime-yield] count=10 remaining=51 chunks=1 wall_ms=1384.799 max_chunk_ms=1384.799
1790402284992 [prime-yield] count=11 remaining=50 chunks=1 wall_ms=1420.553 max_chunk_ms=1420.553
1790402286449 [prime-yield] count=12 remaining=49 chunks=1 wall_ms=1456.498 max_chunk_ms=1456.498
1790402287941 [prime-yield] count=13 remaining=48 chunks=1 wall_ms=1492.503 max_chunk_ms=1492.503
1790402289470 [prime-yield] count=14 remaining=47 chunks=1 wall_ms=1528.881 max_chunk_ms=1528.881
1790402291035 [prime-yield] count=15 remaining=46 chunks=1 wall_ms=1564.916 max_chunk_ms=1564.916
1790402292637 [prime-yield] count=16 remaining=45 chunks=1 wall_ms=1601.376 max_chunk_ms=1601.376
1790402294275 [prime-yield] count=17 remaining=44 chunks=1 wall_ms=1638.097 max_chunk_ms=1638.097
1790402295950 [prime-yield] count=18 remaining=43 chunks=1 wall_ms=1674.462 max_chunk_ms=1674.462
1790402297661 [prime-yield] count=19 remaining=42 chunks=1 wall_ms=1710.956 max_chunk_ms=1710.956
1790402299408 [prime-yield] count=20 remaining=41 chunks=1 wall_ms=1746.869 max_chunk_ms=1746.869
1790402301191 [prime-yield] count=21 remaining=40 chunks=1 wall_ms=1783.206 max_chunk_ms=1783.206
1790402303010 [prime-yield] count=22 remaining=39 chunks=1 wall_ms=1819.105 max_chunk_ms=1819.105
1790402304866 [prime-yield] count=23 remaining=38 chunks=1 wall_ms=1855.608 max_chunk_ms=1855.608
1790402306758 [prime-yield] count=24 remaining=37 chunks=1 wall_ms=1892.282 max_chunk_ms=1892.282
1790402308687 [prime-yield] count=25 remaining=36 chunks=1 wall_ms=1928.288 max_chunk_ms=1928.288
1790402310651 [prime-yield] count=26 remaining=35 chunks=1 wall_ms=1964.005 max_chunk_ms=1964.005
1790402312651 [prime-yield] count=27 remaining=34 chunks=1 wall_ms=2000.350 max_chunk_ms=2000.350
1790402314688 [prime-yield] count=28 remaining=33 chunks=1 wall_ms=2036.735 max_chunk_ms=2036.735
1790402316494 [prime-yield] count=29 remaining=32 chunks=1 wall_ms=1805.223 max_chunk_ms=1805.223
1790402318599 [prime-yield] count=30 remaining=31 chunks=1 wall_ms=2104.843 max_chunk_ms=2104.843
1790402319041 [prime-yield] count=31 remaining=30 chunks=1 wall_ms=442.630 max_chunk_ms=442.630
1790402319063 [prime-yield] count=32 remaining=29 chunks=1 wall_ms=21.548 max_chunk_ms=21.548
1790402319084 [prime-yield] count=33 remaining=28 chunks=1 wall_ms=21.275 max_chunk_ms=21.275
1790402319106 [prime-yield] count=34 remaining=27 chunks=1 wall_ms=21.254 max_chunk_ms=21.254
1790402319127 [prime-yield] count=35 remaining=26 chunks=1 wall_ms=21.235 max_chunk_ms=21.235
1790402319149 [prime-yield] count=36 remaining=25 chunks=1 wall_ms=21.260 max_chunk_ms=21.260
1790402319170 [prime-yield] count=37 remaining=24 chunks=1 wall_ms=21.235 max_chunk_ms=21.235
1790402319191 [prime-yield] count=38 remaining=23 chunks=1 wall_ms=21.220 max_chunk_ms=21.220
1790402319212 [prime-yield] count=39 remaining=22 chunks=1 wall_ms=21.236 max_chunk_ms=21.236
1790402319234 [prime-yield] count=40 remaining=21 chunks=1 wall_ms=21.295 max_chunk_ms=21.295
1790402319255 [prime-yield] count=41 remaining=20 chunks=1 wall_ms=21.279 max_chunk_ms=21.279
1790402319277 [prime-yield] count=42 remaining=19 chunks=1 wall_ms=21.281 max_chunk_ms=21.281
1790402319298 [prime-yield] count=43 remaining=18 chunks=1 wall_ms=21.280 max_chunk_ms=21.280
1790402319319 [prime-yield] count=44 remaining=17 chunks=1 wall_ms=21.281 max_chunk_ms=21.281
1790402319341 [prime-yield] count=45 remaining=16 chunks=1 wall_ms=21.286 max_chunk_ms=21.286
1790402319362 [prime-yield] count=46 remaining=15 chunks=1 wall_ms=21.307 max_chunk_ms=21.307
1790402319383 [prime-yield] count=47 remaining=14 chunks=1 wall_ms=21.279 max_chunk_ms=21.279
1790402319405 [prime-yield] count=48 remaining=13 chunks=1 wall_ms=21.301 max_chunk_ms=21.301
1790402319426 [prime-yield] count=49 remaining=12 chunks=1 wall_ms=21.273 max_chunk_ms=21.273
1790402319448 [prime-yield] count=50 remaining=11 chunks=1 wall_ms=21.299 max_chunk_ms=21.299
1790402319469 [prime-yield] count=51 remaining=10 chunks=1 wall_ms=21.326 max_chunk_ms=21.326
1790402319491 [prime-yield] count=52 remaining=9 chunks=1 wall_ms=21.314 max_chunk_ms=21.314
1790402319512 [prime-yield] count=53 remaining=8 chunks=1 wall_ms=21.280 max_chunk_ms=21.280
1790402319533 [prime-yield] count=54 remaining=7 chunks=1 wall_ms=21.260 max_chunk_ms=21.260
1790402319555 [prime-yield] count=55 remaining=6 chunks=1 wall_ms=21.272 max_chunk_ms=21.272
1790402319576 [prime-yield] count=56 remaining=5 chunks=1 wall_ms=21.273 max_chunk_ms=21.273
1790402319597 [prime-yield] count=57 remaining=4 chunks=1 wall_ms=21.299 max_chunk_ms=21.299
1790402319619 [prime-yield] count=58 remaining=3 chunks=1 wall_ms=21.277 max_chunk_ms=21.277
1790402319640 [prime-yield] count=59 remaining=2 chunks=1 wall_ms=21.269 max_chunk_ms=21.269
1790402319661 [prime-yield] count=60 remaining=1 chunks=1 wall_ms=21.276 max_chunk_ms=21.276
1790402319684 [prefix-cache] insert refused: entry 3886612480 exceeds budget 0 (spec-boundary, model q38, ns "rx-122880-32-1")
1790402320052 [spec-acc] ctx=122881 burst=22/24 cum=22/24=0.917
1790402320065 [meter] admit id=cmpl-8ae50c2b0266b5df6ba59a113d0bd71b tenant=default lane=interactive model="q38"
1790402320079 [admission] per-session draft-state charge: model="q38" +46MB (measured capture high-water)
1790402320079 [admission] request cost: model="q38" ctx=124928 path=spec = 31552 B/token x ctx + 4398MB prefill-workspace + 540MB fixed = 8879MB
1790402320079 [admit-predict] id=cmpl-8ae50c2b0266b5df6ba59a113d0bd71b tenant="rx-122880-32-1" model="q38" verdict=admit reason=global-p95 prompt=122976 predicted_completion=32 kv_hat=8865191784 booked_bytes=0 booked_real=0 inflight=0 cap=64 budget_bytes=81762758352 retry_after_s=- exempt=0 enforce=0 live_free_bytes=-
1790402320079 [worker] spec-reuse: 122912 committed tokens resumed [sampler=equivalent] (model q38)
1790402320079 [spec-k] model="q38" tenant="rx-122880-32-1" K=2 source=cached-long prompt=122976 cached=122912 lcp=0 active=1 wave=1 placement=single-or-non-pp2
1790402320864 [spec-acc] ctx=64 burst=21/22 cum=21/22=0.955
1790402320876 [meter] admit id=cmpl-79f615c8ef7580a68347f6c26abdbade tenant=default lane=interactive model="q38"
1790402320890 [admission] per-session draft-state charge: model="q38" +46MB (measured capture high-water)
1790402320890 [admission] request cost: model="q38" ctx=124928 path=spec = 31552 B/token x ctx + 4400MB prefill-workspace + 540MB fixed = 8881MB
1790402320890 [admit-predict] id=cmpl-79f615c8ef7580a68347f6c26abdbade tenant="rx-122880-32-1" model="q38" verdict=admit reason=global-p95 prompt=123072 predicted_completion=32 kv_hat=8870186856 booked_bytes=0 booked_real=0 inflight=0 cap=64 budget_bytes=81762758352 retry_after_s=- exempt=0 enforce=0 live_free_bytes=-
1790402320891 [worker] spec-affinity: rewound to 122944 of 123072 prompt tokens (fingerprint; priming 128 suffix; model q38)
1790402320891 [spec-k] model="q38" tenant="rx-122880-32-1" K=2 source=cached-long prompt=123072 cached=122944 lcp=0 active=1 wave=1 placement=single-or-non-pp2
1790402321677 [spec-acc] ctx=128 burst=22/22 cum=22/22=1.000
1790402321689 [meter] admit id=cmpl-661353f74edee4eedefa13553016a6d7 tenant=default lane=interactive model="q38"
1790402321703 [admission] per-session draft-state charge: model="q38" +46MB (measured capture high-water)
1790402321703 [admission] request cost: model="q38" ctx=124928 path=spec = 31552 B/token x ctx + 4396MB prefill-workspace + 540MB fixed = 8877MB
1790402321703 [admit-predict] id=cmpl-661353f74edee4eedefa13553016a6d7 tenant="rxc-122880-32-1-1" model="q38" verdict=admit reason=global-p95 prompt=122880 predicted_completion=32 kv_hat=8860196712 booked_bytes=0 booked_real=0 inflight=0 cap=64 budget_bytes=81762758352 retry_after_s=- exempt=0 enforce=0 live_free_bytes=-
1790402321703 [spec-k] model="q38" tenant="rxc-122880-32-1-1" K=3 source=cold-long prompt=122880 cached=0 lcp=0 active=1 wave=1 placement=single-or-non-pp2
1790402322762 [prime-yield] count=1 remaining=60 chunks=1 wall_ms=1053.139 max_chunk_ms=1053.139
1790402323857 [prime-yield] count=2 remaining=59 chunks=1 wall_ms=1095.206 max_chunk_ms=1095.206
1790402324988 [prime-yield] count=3 remaining=58 chunks=1 wall_ms=1130.651 max_chunk_ms=1130.651
1790402326155 [prime-yield] count=4 remaining=57 chunks=1 wall_ms=1167.088 max_chunk_ms=1167.088
1790402327358 [prime-yield] count=5 remaining=56 chunks=1 wall_ms=1203.054 max_chunk_ms=1203.054
1790402328598 [prime-yield] count=6 remaining=55 chunks=1 wall_ms=1239.124 max_chunk_ms=1239.124
1790402329873 [prime-yield] count=7 remaining=54 chunks=1 wall_ms=1275.449 max_chunk_ms=1275.449
1790402331185 [prime-yield] count=8 remaining=53 chunks=1 wall_ms=1311.689 max_chunk_ms=1311.689
1790402332533 [prime-yield] count=9 remaining=52 chunks=1 wall_ms=1348.001 max_chunk_ms=1348.001
1790402333917 [prime-yield] count=10 remaining=51 chunks=1 wall_ms=1383.603 max_chunk_ms=1383.603
1790402335337 [prime-yield] count=11 remaining=50 chunks=1 wall_ms=1419.945 max_chunk_ms=1419.945
1790402336793 [prime-yield] count=12 remaining=49 chunks=1 wall_ms=1455.914 max_chunk_ms=1455.914
1790402338286 [prime-yield] count=13 remaining=48 chunks=1 wall_ms=1492.643 max_chunk_ms=1492.643
1790402339814 [prime-yield] count=14 remaining=47 chunks=1 wall_ms=1528.386 max_chunk_ms=1528.386
1790402341378 [prime-yield] count=15 remaining=46 chunks=1 wall_ms=1563.895 max_chunk_ms=1563.895
1790402342979 [prime-yield] count=16 remaining=45 chunks=1 wall_ms=1600.903 max_chunk_ms=1600.903
1790402344616 [prime-yield] count=17 remaining=44 chunks=1 wall_ms=1636.885 max_chunk_ms=1636.885
1790402346290 [prime-yield] count=18 remaining=43 chunks=1 wall_ms=1673.241 max_chunk_ms=1673.241
1790402348000 [prime-yield] count=19 remaining=42 chunks=1 wall_ms=1709.803 max_chunk_ms=1709.803
1790402349745 [prime-yield] count=20 remaining=41 chunks=1 wall_ms=1745.522 max_chunk_ms=1745.522
1790402351527 [prime-yield] count=21 remaining=40 chunks=1 wall_ms=1781.259 max_chunk_ms=1781.259
1790402353344 [prime-yield] count=22 remaining=39 chunks=1 wall_ms=1817.201 max_chunk_ms=1817.201
1790402355198 [prime-yield] count=23 remaining=38 chunks=1 wall_ms=1853.678 max_chunk_ms=1853.678
1790402357087 [prime-yield] count=24 remaining=37 chunks=1 wall_ms=1889.531 max_chunk_ms=1889.531
1790402359012 [prime-yield] count=25 remaining=36 chunks=1 wall_ms=1924.818 max_chunk_ms=1924.818
1790402360974 [prime-yield] count=26 remaining=35 chunks=1 wall_ms=1961.678 max_chunk_ms=1961.678
1790402362973 [prime-yield] count=27 remaining=34 chunks=1 wall_ms=1998.100 max_chunk_ms=1998.100
1790402365007 [prime-yield] count=28 remaining=33 chunks=1 wall_ms=2034.735 max_chunk_ms=2034.735
1790402366812 [prime-yield] count=29 remaining=32 chunks=1 wall_ms=1804.294 max_chunk_ms=1804.294
1790402368914 [prime-yield] count=30 remaining=31 chunks=1 wall_ms=2101.906 max_chunk_ms=2101.906
1790402369356 [prime-yield] count=31 remaining=30 chunks=1 wall_ms=442.385 max_chunk_ms=442.385
1790402369378 [prime-yield] count=32 remaining=29 chunks=1 wall_ms=21.907 max_chunk_ms=21.907
1790402369400 [prime-yield] count=33 remaining=28 chunks=1 wall_ms=21.279 max_chunk_ms=21.279
1790402369421 [prime-yield] count=34 remaining=27 chunks=1 wall_ms=21.258 max_chunk_ms=21.258
1790402369443 [prime-yield] count=35 remaining=26 chunks=1 wall_ms=21.274 max_chunk_ms=21.274
1790402369464 [prime-yield] count=36 remaining=25 chunks=1 wall_ms=21.264 max_chunk_ms=21.264
1790402369485 [prime-yield] count=37 remaining=24 chunks=1 wall_ms=21.264 max_chunk_ms=21.264
1790402369507 [prime-yield] count=38 remaining=23 chunks=1 wall_ms=21.250 max_chunk_ms=21.250
1790402369528 [prime-yield] count=39 remaining=22 chunks=1 wall_ms=21.282 max_chunk_ms=21.282
1790402369549 [prime-yield] count=40 remaining=21 chunks=1 wall_ms=21.299 max_chunk_ms=21.299
1790402369571 [prime-yield] count=41 remaining=20 chunks=1 wall_ms=21.259 max_chunk_ms=21.259
1790402369592 [prime-yield] count=42 remaining=19 chunks=1 wall_ms=21.260 max_chunk_ms=21.260
1790402369613 [prime-yield] count=43 remaining=18 chunks=1 wall_ms=21.272 max_chunk_ms=21.272
1790402369635 [prime-yield] count=44 remaining=17 chunks=1 wall_ms=21.289 max_chunk_ms=21.289
1790402369656 [prime-yield] count=45 remaining=16 chunks=1 wall_ms=21.273 max_chunk_ms=21.273
1790402369678 [prime-yield] count=46 remaining=15 chunks=1 wall_ms=21.274 max_chunk_ms=21.274
1790402369699 [prime-yield] count=47 remaining=14 chunks=1 wall_ms=21.309 max_chunk_ms=21.309
1790402369720 [prime-yield] count=48 remaining=13 chunks=1 wall_ms=21.262 max_chunk_ms=21.262
1790402369742 [prime-yield] count=49 remaining=12 chunks=1 wall_ms=21.276 max_chunk_ms=21.276
1790402369763 [prime-yield] count=50 remaining=11 chunks=1 wall_ms=21.277 max_chunk_ms=21.277
1790402369784 [prime-yield] count=51 remaining=10 chunks=1 wall_ms=21.280 max_chunk_ms=21.280
1790402369806 [prime-yield] count=52 remaining=9 chunks=1 wall_ms=21.266 max_chunk_ms=21.266
1790402369827 [prime-yield] count=53 remaining=8 chunks=1 wall_ms=21.284 max_chunk_ms=21.284
1790402369849 [prime-yield] count=54 remaining=7 chunks=1 wall_ms=21.254 max_chunk_ms=21.254
1790402369870 [prime-yield] count=55 remaining=6 chunks=1 wall_ms=21.260 max_chunk_ms=21.260
1790402369891 [prime-yield] count=56 remaining=5 chunks=1 wall_ms=21.259 max_chunk_ms=21.259
1790402369913 [prime-yield] count=57 remaining=4 chunks=1 wall_ms=21.290 max_chunk_ms=21.290
1790402369934 [prime-yield] count=58 remaining=3 chunks=1 wall_ms=21.268 max_chunk_ms=21.268
1790402369955 [prime-yield] count=59 remaining=2 chunks=1 wall_ms=21.271 max_chunk_ms=21.271
1790402369977 [prime-yield] count=60 remaining=1 chunks=1 wall_ms=21.273 max_chunk_ms=21.273
1790402369999 [prefix-cache] insert refused: entry 3886612480 exceeds budget 0 (spec-boundary, model q38, ns "rxc-122880-32-1-1")
1790402370366 [spec-acc] ctx=122881 burst=22/24 cum=22/24=0.917
1790402370377 [meter] admit id=cmpl-9fed7b66961cfe0a75525cb6d45dcdb4 tenant=default lane=interactive model="q38"
1790402370394 [admission] per-session draft-state charge: model="q38" +46MB (measured capture high-water)
1790402370394 [admission] request cost: model="q38" ctx=124928 path=spec = 31552 B/token x ctx + 4398MB prefill-workspace + 540MB fixed = 8879MB
1790402370394 [admit-predict] id=cmpl-9fed7b66961cfe0a75525cb6d45dcdb4 tenant="rxc-122880-32-1-2" model="q38" verdict=admit reason=global-p95 prompt=122976 predicted_completion=32 kv_hat=8865191784 booked_bytes=0 booked_real=0 inflight=0 cap=64 budget_bytes=81762758352 retry_after_s=- exempt=0 enforce=0 live_free_bytes=-
1790402370394 [spec-k] model="q38" tenant="rxc-122880-32-1-2" K=3 source=cold-long prompt=122976 cached=0 lcp=0 active=1 wave=1 placement=single-or-non-pp2
1790402371453 [prime-yield] count=1 remaining=61 chunks=1 wall_ms=1052.001 max_chunk_ms=1052.001
1790402372547 [prime-yield] count=2 remaining=60 chunks=1 wall_ms=1094.051 max_chunk_ms=1094.051
1790402373677 [prime-yield] count=3 remaining=59 chunks=1 wall_ms=1129.706 max_chunk_ms=1129.706
1790402374843 [prime-yield] count=4 remaining=58 chunks=1 wall_ms=1166.068 max_chunk_ms=1166.068
1790402376046 [prime-yield] count=5 remaining=57 chunks=1 wall_ms=1202.645 max_chunk_ms=1202.645
1790402377285 [prime-yield] count=6 remaining=56 chunks=1 wall_ms=1238.409 max_chunk_ms=1238.409
1790402378560 [prime-yield] count=7 remaining=55 chunks=1 wall_ms=1275.009 max_chunk_ms=1275.009
1790402379871 [prime-yield] count=8 remaining=54 chunks=1 wall_ms=1311.216 max_chunk_ms=1311.216
1790402381218 [prime-yield] count=9 remaining=53 chunks=1 wall_ms=1346.785 max_chunk_ms=1346.785
1790402382601 [prime-yield] count=10 remaining=52 chunks=1 wall_ms=1382.822 max_chunk_ms=1382.822
1790402384020 [prime-yield] count=11 remaining=51 chunks=1 wall_ms=1419.164 max_chunk_ms=1419.164
1790402385476 [prime-yield] count=12 remaining=50 chunks=1 wall_ms=1455.202 max_chunk_ms=1455.202
1790402386968 [prime-yield] count=13 remaining=49 chunks=1 wall_ms=1491.790 max_chunk_ms=1491.790
1790402388495 [prime-yield] count=14 remaining=48 chunks=1 wall_ms=1527.411 max_chunk_ms=1527.411
1790402390059 [prime-yield] count=15 remaining=47 chunks=1 wall_ms=1563.946 max_chunk_ms=1563.946
1790402391660 [prime-yield] count=16 remaining=46 chunks=1 wall_ms=1600.762 max_chunk_ms=1600.762
1790402393297 [prime-yield] count=17 remaining=45 chunks=1 wall_ms=1637.079 max_chunk_ms=1637.079
1790402394970 [prime-yield] count=18 remaining=44 chunks=1 wall_ms=1672.877 max_chunk_ms=1672.877
1790402396680 [prime-yield] count=19 remaining=43 chunks=1 wall_ms=1709.436 max_chunk_ms=1709.436
1790402398426 [prime-yield] count=20 remaining=42 chunks=1 wall_ms=1745.671 max_chunk_ms=1745.671
1790402400208 [prime-yield] count=21 remaining=41 chunks=1 wall_ms=1782.352 max_chunk_ms=1782.352
1790402402027 [prime-yield] count=22 remaining=40 chunks=1 wall_ms=1818.515 max_chunk_ms=1818.515
1790402403882 [prime-yield] count=23 remaining=39 chunks=1 wall_ms=1855.131 max_chunk_ms=1855.131
1790402405774 [prime-yield] count=24 remaining=38 chunks=1 wall_ms=1891.471 max_chunk_ms=1891.471
1790402407702 [prime-yield] count=25 remaining=37 chunks=1 wall_ms=1928.186 max_chunk_ms=1928.186
1790402409666 [prime-yield] count=26 remaining=36 chunks=1 wall_ms=1963.788 max_chunk_ms=1963.788
1790402411665 [prime-yield] count=27 remaining=35 chunks=1 wall_ms=1999.341 max_chunk_ms=1999.341
1790402413701 [prime-yield] count=28 remaining=34 chunks=1 wall_ms=2035.574 max_chunk_ms=2035.574
1790402415506 [prime-yield] count=29 remaining=33 chunks=1 wall_ms=1804.547 max_chunk_ms=1804.547
1790402417608 [prime-yield] count=30 remaining=32 chunks=1 wall_ms=2102.652 max_chunk_ms=2102.652
1790402418073 [prime-yield] count=31 remaining=31 chunks=1 wall_ms=464.714 max_chunk_ms=464.714
1790402418095 [prime-yield] count=32 remaining=30 chunks=1 wall_ms=21.535 max_chunk_ms=21.535
1790402418117 [prime-yield] count=33 remaining=29 chunks=1 wall_ms=21.499 max_chunk_ms=21.499
1790402418138 [prime-yield] count=34 remaining=28 chunks=1 wall_ms=21.211 max_chunk_ms=21.211
1790402418159 [prime-yield] count=35 remaining=27 chunks=1 wall_ms=21.202 max_chunk_ms=21.202
1790402418181 [prime-yield] count=36 remaining=26 chunks=1 wall_ms=21.226 max_chunk_ms=21.226
1790402418202 [prime-yield] count=37 remaining=25 chunks=1 wall_ms=21.204 max_chunk_ms=21.204
1790402418223 [prime-yield] count=38 remaining=24 chunks=1 wall_ms=21.232 max_chunk_ms=21.232
1790402418244 [prime-yield] count=39 remaining=23 chunks=1 wall_ms=21.186 max_chunk_ms=21.186
1790402418266 [prime-yield] count=40 remaining=22 chunks=1 wall_ms=21.204 max_chunk_ms=21.204
1790402418287 [prime-yield] count=41 remaining=21 chunks=1 wall_ms=21.208 max_chunk_ms=21.208
1790402418308 [prime-yield] count=42 remaining=20 chunks=1 wall_ms=21.200 max_chunk_ms=21.200
1790402418330 [prime-yield] count=43 remaining=19 chunks=1 wall_ms=21.182 max_chunk_ms=21.182
1790402418351 [prime-yield] count=44 remaining=18 chunks=1 wall_ms=21.199 max_chunk_ms=21.199
1790402418372 [prime-yield] count=45 remaining=17 chunks=1 wall_ms=21.210 max_chunk_ms=21.210
1790402418394 [prime-yield] count=46 remaining=16 chunks=1 wall_ms=21.210 max_chunk_ms=21.210
1790402418415 [prime-yield] count=47 remaining=15 chunks=1 wall_ms=21.200 max_chunk_ms=21.200
1790402418436 [prime-yield] count=48 remaining=14 chunks=1 wall_ms=21.174 max_chunk_ms=21.174
1790402418457 [prime-yield] count=49 remaining=13 chunks=1 wall_ms=21.161 max_chunk_ms=21.161
1790402418479 [prime-yield] count=50 remaining=12 chunks=1 wall_ms=21.179 max_chunk_ms=21.179
1790402418500 [prime-yield] count=51 remaining=11 chunks=1 wall_ms=21.201 max_chunk_ms=21.201
1790402418521 [prime-yield] count=52 remaining=10 chunks=1 wall_ms=21.197 max_chunk_ms=21.197
1790402418542 [prime-yield] count=53 remaining=9 chunks=1 wall_ms=21.164 max_chunk_ms=21.164
1790402418564 [prime-yield] count=54 remaining=8 chunks=1 wall_ms=21.165 max_chunk_ms=21.165
1790402418585 [prime-yield] count=55 remaining=7 chunks=1 wall_ms=21.194 max_chunk_ms=21.194
1790402418606 [prime-yield] count=56 remaining=6 chunks=1 wall_ms=21.167 max_chunk_ms=21.167
1790402418628 [prime-yield] count=57 remaining=5 chunks=1 wall_ms=21.175 max_chunk_ms=21.175
1790402418649 [prime-yield] count=58 remaining=4 chunks=1 wall_ms=21.216 max_chunk_ms=21.216
1790402418670 [prime-yield] count=59 remaining=3 chunks=1 wall_ms=21.182 max_chunk_ms=21.182
1790402418691 [prime-yield] count=60 remaining=2 chunks=1 wall_ms=21.200 max_chunk_ms=21.200
1790402418713 [prime-yield] count=61 remaining=1 chunks=1 wall_ms=21.165 max_chunk_ms=21.165
1790402418715 [prefix-cache] insert refused: entry 3886612480 exceeds budget 0 (spec-boundary, model q38, ns "rxc-122880-32-1-2")
1790402419125 [spec-acc] ctx=122977 burst=22/27 cum=22/27=0.815
1790402419136 [meter] admit id=cmpl-aef0f72b46e40ddcaa38fa8de265bc71 tenant=default lane=interactive model="q38"
1790402419152 [admission] per-session draft-state charge: model="q38" +46MB (measured capture high-water)
1790402419152 [admission] request cost: model="q38" ctx=124928 path=spec = 31552 B/token x ctx + 4400MB prefill-workspace + 540MB fixed = 8881MB
1790402419152 [admit-predict] id=cmpl-aef0f72b46e40ddcaa38fa8de265bc71 tenant="rxc-122880-32-1-3" model="q38" verdict=admit reason=global-p95 prompt=123072 predicted_completion=32 kv_hat=8870186856 booked_bytes=0 booked_real=0 inflight=0 cap=64 budget_bytes=81762758352 retry_after_s=- exempt=0 enforce=0 live_free_bytes=-
1790402419153 [spec-k] model="q38" tenant="rxc-122880-32-1-3" K=3 source=cold-long prompt=123072 cached=0 lcp=0 active=1 wave=1 placement=single-or-non-pp2
1790402420212 [prime-yield] count=1 remaining=61 chunks=1 wall_ms=1051.870 max_chunk_ms=1051.870
1790402421307 [prime-yield] count=2 remaining=60 chunks=1 wall_ms=1095.323 max_chunk_ms=1095.323
1790402422439 [prime-yield] count=3 remaining=59 chunks=1 wall_ms=1131.306 max_chunk_ms=1131.306
1790402423606 [prime-yield] count=4 remaining=58 chunks=1 wall_ms=1167.692 max_chunk_ms=1167.692
1790402424810 [prime-yield] count=5 remaining=57 chunks=1 wall_ms=1203.796 max_chunk_ms=1203.796
1790402426050 [prime-yield] count=6 remaining=56 chunks=1 wall_ms=1239.522 max_chunk_ms=1239.522
1790402427326 [prime-yield] count=7 remaining=55 chunks=1 wall_ms=1275.684 max_chunk_ms=1275.684
1790402428638 [prime-yield] count=8 remaining=54 chunks=1 wall_ms=1311.684 max_chunk_ms=1311.684
1790402429985 [prime-yield] count=9 remaining=53 chunks=1 wall_ms=1347.205 max_chunk_ms=1347.205
1790402431368 [prime-yield] count=10 remaining=52 chunks=1 wall_ms=1383.139 max_chunk_ms=1383.139
1790402432788 [prime-yield] count=11 remaining=51 chunks=1 wall_ms=1419.339 max_chunk_ms=1419.339
1790402434243 [prime-yield] count=12 remaining=50 chunks=1 wall_ms=1455.454 max_chunk_ms=1455.454
1790402435735 [prime-yield] count=13 remaining=49 chunks=1 wall_ms=1491.331 max_chunk_ms=1491.331
1790402437262 [prime-yield] count=14 remaining=48 chunks=1 wall_ms=1527.527 max_chunk_ms=1527.527
1790402438825 [prime-yield] count=15 remaining=47 chunks=1 wall_ms=1563.001 max_chunk_ms=1563.001
1790402440424 [prime-yield] count=16 remaining=46 chunks=1 wall_ms=1598.772 max_chunk_ms=1598.772
1790402442059 [prime-yield] count=17 remaining=45 chunks=1 wall_ms=1634.872 max_chunk_ms=1634.872
1790402443731 [prime-yield] count=18 remaining=44 chunks=1 wall_ms=1671.525 max_chunk_ms=1671.525
1790402445440 [prime-yield] count=19 remaining=43 chunks=1 wall_ms=1708.548 max_chunk_ms=1708.548
1790402447185 [prime-yield] count=20 remaining=42 chunks=1 wall_ms=1744.671 max_chunk_ms=1744.671
1790402448966 [prime-yield] count=21 remaining=41 chunks=1 wall_ms=1781.115 max_chunk_ms=1781.115
1790402450783 [prime-yield] count=22 remaining=40 chunks=1 wall_ms=1817.333 max_chunk_ms=1817.333
1790402452637 [prime-yield] count=23 remaining=39 chunks=1 wall_ms=1853.949 max_chunk_ms=1853.949
1790402454528 [prime-yield] count=24 remaining=38 chunks=1 wall_ms=1890.449 max_chunk_ms=1890.449
1790402456455 [prime-yield] count=25 remaining=37 chunks=1 wall_ms=1927.027 max_chunk_ms=1927.027
1790402458418 [prime-yield] count=26 remaining=36 chunks=1 wall_ms=1962.997 max_chunk_ms=1962.997
1790402460418 [prime-yield] count=27 remaining=35 chunks=1 wall_ms=1999.567 max_chunk_ms=1999.567
1790402462454 [prime-yield] count=28 remaining=34 chunks=1 wall_ms=2035.823 max_chunk_ms=2035.823
1790402464259 [prime-yield] count=29 remaining=33 chunks=1 wall_ms=1804.569 max_chunk_ms=1804.569
1790402466362 [prime-yield] count=30 remaining=32 chunks=1 wall_ms=2103.171 max_chunk_ms=2103.171
1790402466837 [prime-yield] count=31 remaining=31 chunks=1 wall_ms=474.369 max_chunk_ms=474.369
1790402466859 [prime-yield] count=32 remaining=30 chunks=1 wall_ms=21.973 max_chunk_ms=21.973
1790402466880 [prime-yield] count=33 remaining=29 chunks=1 wall_ms=21.275 max_chunk_ms=21.275
1790402466901 [prime-yield] count=34 remaining=28 chunks=1 wall_ms=21.265 max_chunk_ms=21.265
1790402466923 [prime-yield] count=35 remaining=27 chunks=1 wall_ms=21.291 max_chunk_ms=21.291
1790402466944 [prime-yield] count=36 remaining=26 chunks=1 wall_ms=21.248 max_chunk_ms=21.248
1790402466965 [prime-yield] count=37 remaining=25 chunks=1 wall_ms=21.281 max_chunk_ms=21.281
1790402466987 [prime-yield] count=38 remaining=24 chunks=1 wall_ms=21.278 max_chunk_ms=21.278
1790402467008 [prime-yield] count=39 remaining=23 chunks=1 wall_ms=21.256 max_chunk_ms=21.256
1790402467030 [prime-yield] count=40 remaining=22 chunks=1 wall_ms=21.249 max_chunk_ms=21.249
1790402467051 [prime-yield] count=41 remaining=21 chunks=1 wall_ms=21.255 max_chunk_ms=21.255
1790402467072 [prime-yield] count=42 remaining=20 chunks=1 wall_ms=21.222 max_chunk_ms=21.222
1790402467094 [prime-yield] count=43 remaining=19 chunks=1 wall_ms=21.266 max_chunk_ms=21.266
1790402467115 [prime-yield] count=44 remaining=18 chunks=1 wall_ms=21.262 max_chunk_ms=21.262
1790402467136 [prime-yield] count=45 remaining=17 chunks=1 wall_ms=21.231 max_chunk_ms=21.231
1790402467158 [prime-yield] count=46 remaining=16 chunks=1 wall_ms=21.236 max_chunk_ms=21.236
1790402467179 [prime-yield] count=47 remaining=15 chunks=1 wall_ms=21.259 max_chunk_ms=21.259
1790402467200 [prime-yield] count=48 remaining=14 chunks=1 wall_ms=21.243 max_chunk_ms=21.243
1790402467222 [prime-yield] count=49 remaining=13 chunks=1 wall_ms=21.229 max_chunk_ms=21.229
1790402467243 [prime-yield] count=50 remaining=12 chunks=1 wall_ms=21.259 max_chunk_ms=21.259
1790402467264 [prime-yield] count=51 remaining=11 chunks=1 wall_ms=21.230 max_chunk_ms=21.230
1790402467286 [prime-yield] count=52 remaining=10 chunks=1 wall_ms=21.241 max_chunk_ms=21.241
1790402467307 [prime-yield] count=53 remaining=9 chunks=1 wall_ms=21.223 max_chunk_ms=21.223
1790402467328 [prime-yield] count=54 remaining=8 chunks=1 wall_ms=21.223 max_chunk_ms=21.223
1790402467350 [prime-yield] count=55 remaining=7 chunks=1 wall_ms=21.254 max_chunk_ms=21.254
1790402467371 [prime-yield] count=56 remaining=6 chunks=1 wall_ms=21.220 max_chunk_ms=21.220
1790402467392 [prime-yield] count=57 remaining=5 chunks=1 wall_ms=21.218 max_chunk_ms=21.218
1790402467414 [prime-yield] count=58 remaining=4 chunks=1 wall_ms=21.236 max_chunk_ms=21.236
1790402467435 [prime-yield] count=59 remaining=3 chunks=1 wall_ms=21.225 max_chunk_ms=21.225
1790402467456 [prime-yield] count=60 remaining=2 chunks=1 wall_ms=21.227 max_chunk_ms=21.227
1790402467477 [prime-yield] count=61 remaining=1 chunks=1 wall_ms=21.230 max_chunk_ms=21.230
1790402467480 [prefix-cache] insert refused: entry 3886612480 exceeds budget 0 (spec-boundary, model q38, ns "rxc-122880-32-1-3")
1790402467847 [spec-acc] ctx=123073 burst=23/24 cum=23/24=0.958
1790402467858 [meter] admit id=cmpl-44190f151341040c2f4d3d28bf73b7ee tenant=default lane=interactive model="q38"
1790402467874 [admission] per-session draft-state charge: model="q38" +46MB (measured capture high-water)
1790402467874 [admission] request cost: model="q38" ctx=124928 path=spec = 31552 B/token x ctx + 4396MB prefill-workspace + 540MB fixed = 8877MB
1790402467874 [admit-predict] id=cmpl-44190f151341040c2f4d3d28bf73b7ee tenant="rx-122880-32-2" model="q38" verdict=admit reason=global-p95 prompt=122880 predicted_completion=32 kv_hat=8860196712 booked_bytes=0 booked_real=0 inflight=0 cap=64 budget_bytes=81762758352 retry_after_s=- exempt=0 enforce=0 live_free_bytes=-
1790402467874 [spec-k] model="q38" tenant="rx-122880-32-2" K=3 source=cold-long prompt=122880 cached=0 lcp=0 active=1 wave=1 placement=single-or-non-pp2
1790402468937 [prime-yield] count=1 remaining=60 chunks=1 wall_ms=1054.569 max_chunk_ms=1054.569
1790402470034 [prime-yield] count=2 remaining=59 chunks=1 wall_ms=1096.493 max_chunk_ms=1096.493
1790402471166 [prime-yield] count=3 remaining=58 chunks=1 wall_ms=1132.350 max_chunk_ms=1132.350
1790402472335 [prime-yield] count=4 remaining=57 chunks=1 wall_ms=1168.574 max_chunk_ms=1168.574
1790402473540 [prime-yield] count=5 remaining=56 chunks=1 wall_ms=1204.704 max_chunk_ms=1204.704
1790402474780 [prime-yield] count=6 remaining=55 chunks=1 wall_ms=1240.476 max_chunk_ms=1240.476
1790402476057 [prime-yield] count=7 remaining=54 chunks=1 wall_ms=1276.310 max_chunk_ms=1276.310
1790402477369 [prime-yield] count=8 remaining=53 chunks=1 wall_ms=1312.418 max_chunk_ms=1312.418
1790402478718 [prime-yield] count=9 remaining=52 chunks=1 wall_ms=1348.661 max_chunk_ms=1348.661
1790402480103 [prime-yield] count=10 remaining=51 chunks=1 wall_ms=1384.792 max_chunk_ms=1384.792
1790402481524 [prime-yield] count=11 remaining=50 chunks=1 wall_ms=1420.789 max_chunk_ms=1420.789
1790402482980 [prime-yield] count=12 remaining=49 chunks=1 wall_ms=1456.090 max_chunk_ms=1456.090
1790402484472 [prime-yield] count=13 remaining=48 chunks=1 wall_ms=1492.090 max_chunk_ms=1492.090
1790402486000 [prime-yield] count=14 remaining=47 chunks=1 wall_ms=1528.105 max_chunk_ms=1528.105
1790402487565 [prime-yield] count=15 remaining=46 chunks=1 wall_ms=1564.279 max_chunk_ms=1564.279
1790402489166 [prime-yield] count=16 remaining=45 chunks=1 wall_ms=1600.619 max_chunk_ms=1600.619
1790402490802 [prime-yield] count=17 remaining=44 chunks=1 wall_ms=1636.336 max_chunk_ms=1636.336
1790402492476 [prime-yield] count=18 remaining=43 chunks=1 wall_ms=1673.384 max_chunk_ms=1673.384
1790402494186 [prime-yield] count=19 remaining=42 chunks=1 wall_ms=1710.322 max_chunk_ms=1710.322
1790402495933 [prime-yield] count=20 remaining=41 chunks=1 wall_ms=1746.405 max_chunk_ms=1746.405
1790402497716 [prime-yield] count=21 remaining=40 chunks=1 wall_ms=1783.372 max_chunk_ms=1783.372
1790402499536 [prime-yield] count=22 remaining=39 chunks=1 wall_ms=1819.409 max_chunk_ms=1819.409
1790402501391 [prime-yield] count=23 remaining=38 chunks=1 wall_ms=1855.701 max_chunk_ms=1855.701
1790402503284 [prime-yield] count=24 remaining=37 chunks=1 wall_ms=1891.981 max_chunk_ms=1891.981
1790402505211 [prime-yield] count=25 remaining=36 chunks=1 wall_ms=1927.232 max_chunk_ms=1927.232
1790402507176 [prime-yield] count=26 remaining=35 chunks=1 wall_ms=1964.922 max_chunk_ms=1964.922
1790402509177 [prime-yield] count=27 remaining=34 chunks=1 wall_ms=2001.172 max_chunk_ms=2001.172
1790402511215 [prime-yield] count=28 remaining=33 chunks=1 wall_ms=2037.882 max_chunk_ms=2037.882
1790402512543 [prime-yield] count=29 remaining=32 chunks=1 wall_ms=1327.368 max_chunk_ms=1327.368
1790402514638 [prime-yield] count=30 remaining=31 chunks=1 wall_ms=2094.722 max_chunk_ms=2094.722
1790402515544 [prime-yield] count=31 remaining=30 chunks=1 wall_ms=906.610 max_chunk_ms=906.610
1790402515574 [prime-yield] count=32 remaining=29 chunks=1 wall_ms=29.206 max_chunk_ms=29.206
1790402515595 [prime-yield] count=33 remaining=28 chunks=1 wall_ms=21.300 max_chunk_ms=21.300
1790402515617 [prime-yield] count=34 remaining=27 chunks=1 wall_ms=21.247 max_chunk_ms=21.247
1790402515638 [prime-yield] count=35 remaining=26 chunks=1 wall_ms=21.252 max_chunk_ms=21.252
1790402515659 [prime-yield] count=36 remaining=25 chunks=1 wall_ms=21.205 max_chunk_ms=21.205
1790402515680 [prime-yield] count=37 remaining=24 chunks=1 wall_ms=21.255 max_chunk_ms=21.255
1790402515702 [prime-yield] count=38 remaining=23 chunks=1 wall_ms=21.212 max_chunk_ms=21.212
1790402515723 [prime-yield] count=39 remaining=22 chunks=1 wall_ms=21.214 max_chunk_ms=21.214
1790402515744 [prime-yield] count=40 remaining=21 chunks=1 wall_ms=21.237 max_chunk_ms=21.237
1790402515766 [prime-yield] count=41 remaining=20 chunks=1 wall_ms=21.224 max_chunk_ms=21.224
1790402515787 [prime-yield] count=42 remaining=19 chunks=1 wall_ms=21.181 max_chunk_ms=21.181
1790402515808 [prime-yield] count=43 remaining=18 chunks=1 wall_ms=21.225 max_chunk_ms=21.225
1790402515830 [prime-yield] count=44 remaining=17 chunks=1 wall_ms=21.217 max_chunk_ms=21.217
1790402515851 [prime-yield] count=45 remaining=16 chunks=1 wall_ms=21.207 max_chunk_ms=21.207
1790402515872 [prime-yield] count=46 remaining=15 chunks=1 wall_ms=21.199 max_chunk_ms=21.199
1790402515894 [prime-yield] count=47 remaining=14 chunks=1 wall_ms=21.219 max_chunk_ms=21.219
1790402515915 [prime-yield] count=48 remaining=13 chunks=1 wall_ms=21.198 max_chunk_ms=21.198
1790402515936 [prime-yield] count=49 remaining=12 chunks=1 wall_ms=21.205 max_chunk_ms=21.205
1790402515957 [prime-yield] count=50 remaining=11 chunks=1 wall_ms=21.214 max_chunk_ms=21.214
1790402515979 [prime-yield] count=51 remaining=10 chunks=1 wall_ms=21.215 max_chunk_ms=21.215
1790402516000 [prime-yield] count=52 remaining=9 chunks=1 wall_ms=21.191 max_chunk_ms=21.191
1790402516021 [prime-yield] count=53 remaining=8 chunks=1 wall_ms=21.061 max_chunk_ms=21.061
1790402516042 [prime-yield] count=54 remaining=7 chunks=1 wall_ms=21.150 max_chunk_ms=21.150
1790402516064 [prime-yield] count=55 remaining=6 chunks=1 wall_ms=21.226 max_chunk_ms=21.226
1790402516085 [prime-yield] count=56 remaining=5 chunks=1 wall_ms=21.202 max_chunk_ms=21.202
1790402516106 [prime-yield] count=57 remaining=4 chunks=1 wall_ms=21.193 max_chunk_ms=21.193
1790402516128 [prime-yield] count=58 remaining=3 chunks=1 wall_ms=21.209 max_chunk_ms=21.209
1790402516149 [prime-yield] count=59 remaining=2 chunks=1 wall_ms=21.201 max_chunk_ms=21.201
1790402516170 [prime-yield] count=60 remaining=1 chunks=1 wall_ms=21.219 max_chunk_ms=21.219
1790402516193 [prefix-cache] insert refused: entry 3855312896 exceeds budget 0 (spec-boundary, model q38, ns "rx-122880-32-2")
1790402516603 [spec-acc] ctx=122881 burst=22/27 cum=22/27=0.815
1790402516615 [meter] admit id=cmpl-f7644ec70d5ff1a41d4075a0df662663 tenant=default lane=interactive model="q38"
1790402516630 [admission] per-session draft-state charge: model="q38" +46MB (measured capture high-water)
1790402516630 [admission] request cost: model="q38" ctx=124928 path=spec = 31552 B/token x ctx + 4398MB prefill-workspace + 540MB fixed = 8879MB
1790402516630 [admit-predict] id=cmpl-f7644ec70d5ff1a41d4075a0df662663 tenant="rx-122880-32-2" model="q38" verdict=admit reason=global-p95 prompt=122976 predicted_completion=32 kv_hat=8865191784 booked_bytes=0 booked_real=0 inflight=0 cap=64 budget_bytes=81762758352 retry_after_s=- exempt=0 enforce=0 live_free_bytes=-
1790402516631 [worker] spec-affinity: rewound to 117216 of 122976 prompt tokens (fingerprint; priming 5760 suffix; model q38)
1790402516631 [spec-k] model="q38" tenant="rx-122880-32-2" K=2 source=cached-long prompt=122976 cached=117216 lcp=0 active=1 wave=1 placement=single-or-non-pp2
1790402518720 [prime-yield] count=1 remaining=4 chunks=1 wall_ms=2089.133 max_chunk_ms=2089.133
1790402519612 [prime-yield] count=2 remaining=3 chunks=1 wall_ms=892.136 max_chunk_ms=892.136
1790402519821 [prime-yield] count=3 remaining=2 chunks=1 wall_ms=208.525 max_chunk_ms=208.525
1790402519841 [prime-yield] count=4 remaining=1 chunks=1 wall_ms=20.327 max_chunk_ms=20.327
1790402520224 [spec-acc] ctx=5761 burst=20/20 cum=20/20=1.000
1790402520236 [meter] admit id=cmpl-d10bb675e82d8cf0c0d2e06c0525718b tenant=default lane=interactive model="q38"
1790402520250 [admission] per-session draft-state charge: model="q38" +46MB (measured capture high-water)
1790402520250 [admission] request cost: model="q38" ctx=124928 path=spec = 31552 B/token x ctx + 4400MB prefill-workspace + 540MB fixed = 8881MB
1790402520250 [admit-predict] id=cmpl-d10bb675e82d8cf0c0d2e06c0525718b tenant="rx-122880-32-2" model="q38" verdict=admit reason=global-p95 prompt=123072 predicted_completion=32 kv_hat=8870186856 booked_bytes=0 booked_real=0 inflight=0 cap=64 budget_bytes=81762758352 retry_after_s=- exempt=0 enforce=0 live_free_bytes=-
1790402520250 [worker] spec-reuse: 123008 committed tokens resumed [sampler=equivalent] (model q38)
1790402520250 [spec-k] model="q38" tenant="rx-122880-32-2" K=2 source=cached-long prompt=123072 cached=123008 lcp=0 active=1 wave=1 placement=single-or-non-pp2
1790402521069 [spec-acc] ctx=64 burst=21/24 cum=21/24=0.875
1790402521081 [meter] admit id=cmpl-72cfdd6c78c2222d3e0e14e34b07e0c7 tenant=default lane=interactive model="q38"
1790402521095 [admission] per-session draft-state charge: model="q38" +46MB (measured capture high-water)
1790402521095 [admission] request cost: model="q38" ctx=124928 path=spec = 31552 B/token x ctx + 4396MB prefill-workspace + 540MB fixed = 8877MB
1790402521095 [admit-predict] id=cmpl-72cfdd6c78c2222d3e0e14e34b07e0c7 tenant="rxc-122880-32-2-1" model="q38" verdict=admit reason=global-p95 prompt=122880 predicted_completion=32 kv_hat=8860196712 booked_bytes=0 booked_real=0 inflight=0 cap=64 budget_bytes=81762758352 retry_after_s=- exempt=0 enforce=0 live_free_bytes=-
1790402521096 [spec-k] model="q38" tenant="rxc-122880-32-2-1" K=3 source=cold-long prompt=122880 cached=0 lcp=0 active=1 wave=1 placement=single-or-non-pp2
1790402522157 [prime-yield] count=1 remaining=60 chunks=1 wall_ms=1054.032 max_chunk_ms=1054.032
1790402523253 [prime-yield] count=2 remaining=59 chunks=1 wall_ms=1095.621 max_chunk_ms=1095.621
1790402524385 [prime-yield] count=3 remaining=58 chunks=1 wall_ms=1131.983 max_chunk_ms=1131.983
1790402525553 [prime-yield] count=4 remaining=57 chunks=1 wall_ms=1168.099 max_chunk_ms=1168.099
1790402526757 [prime-yield] count=5 remaining=56 chunks=1 wall_ms=1203.779 max_chunk_ms=1203.779
1790402527998 [prime-yield] count=6 remaining=55 chunks=1 wall_ms=1240.297 max_chunk_ms=1240.297
1790402529274 [prime-yield] count=7 remaining=54 chunks=1 wall_ms=1276.143 max_chunk_ms=1276.143
1790402530586 [prime-yield] count=8 remaining=53 chunks=1 wall_ms=1311.945 max_chunk_ms=1311.945
1790402531935 [prime-yield] count=9 remaining=52 chunks=1 wall_ms=1348.452 max_chunk_ms=1348.452
1790402533320 [prime-yield] count=10 remaining=51 chunks=1 wall_ms=1384.779 max_chunk_ms=1384.779
1790402534740 [prime-yield] count=11 remaining=50 chunks=1 wall_ms=1420.631 max_chunk_ms=1420.631
1790402536197 [prime-yield] count=12 remaining=49 chunks=1 wall_ms=1456.144 max_chunk_ms=1456.144
1790402537689 [prime-yield] count=13 remaining=48 chunks=1 wall_ms=1492.585 max_chunk_ms=1492.585
1790402539218 [prime-yield] count=14 remaining=47 chunks=1 wall_ms=1528.552 max_chunk_ms=1528.552
1790402540783 [prime-yield] count=15 remaining=46 chunks=1 wall_ms=1564.626 max_chunk_ms=1564.626
1790402542384 [prime-yield] count=16 remaining=45 chunks=1 wall_ms=1601.228 max_chunk_ms=1601.228
1790402544022 [prime-yield] count=17 remaining=44 chunks=1 wall_ms=1637.508 max_chunk_ms=1637.508
1790402545696 [prime-yield] count=18 remaining=43 chunks=1 wall_ms=1673.982 max_chunk_ms=1673.982
1790402547406 [prime-yield] count=19 remaining=42 chunks=1 wall_ms=1710.040 max_chunk_ms=1710.040
1790402549152 [prime-yield] count=20 remaining=41 chunks=1 wall_ms=1746.133 max_chunk_ms=1746.133
1790402550935 [prime-yield] count=21 remaining=40 chunks=1 wall_ms=1782.696 max_chunk_ms=1782.696
1790402552754 [prime-yield] count=22 remaining=39 chunks=1 wall_ms=1819.005 max_chunk_ms=1819.005
1790402554610 [prime-yield] count=23 remaining=38 chunks=1 wall_ms=1855.425 max_chunk_ms=1855.425
1790402556502 [prime-yield] count=24 remaining=37 chunks=1 wall_ms=1891.742 max_chunk_ms=1891.742
1790402558429 [prime-yield] count=25 remaining=36 chunks=1 wall_ms=1927.421 max_chunk_ms=1927.421
1790402560394 [prime-yield] count=26 remaining=35 chunks=1 wall_ms=1964.580 max_chunk_ms=1964.580
1790402562395 [prime-yield] count=27 remaining=34 chunks=1 wall_ms=2000.831 max_chunk_ms=2000.831
1790402564431 [prime-yield] count=28 remaining=33 chunks=1 wall_ms=2036.402 max_chunk_ms=2036.402
1790402565758 [prime-yield] count=29 remaining=32 chunks=1 wall_ms=1326.844 max_chunk_ms=1326.844
1790402567853 [prime-yield] count=30 remaining=31 chunks=1 wall_ms=2094.687 max_chunk_ms=2094.687
1790402568759 [prime-yield] count=31 remaining=30 chunks=1 wall_ms=905.749 max_chunk_ms=905.749
1790402568781 [prime-yield] count=32 remaining=29 chunks=1 wall_ms=22.167 max_chunk_ms=22.167
1790402568803 [prime-yield] count=33 remaining=28 chunks=1 wall_ms=21.315 max_chunk_ms=21.315
1790402568824 [prime-yield] count=34 remaining=27 chunks=1 wall_ms=21.287 max_chunk_ms=21.287
1790402568846 [prime-yield] count=35 remaining=26 chunks=1 wall_ms=21.284 max_chunk_ms=21.284
1790402568867 [prime-yield] count=36 remaining=25 chunks=1 wall_ms=21.287 max_chunk_ms=21.287
1790402568888 [prime-yield] count=37 remaining=24 chunks=1 wall_ms=21.298 max_chunk_ms=21.298
1790402568910 [prime-yield] count=38 remaining=23 chunks=1 wall_ms=21.275 max_chunk_ms=21.275
1790402568931 [prime-yield] count=39 remaining=22 chunks=1 wall_ms=21.265 max_chunk_ms=21.265
1790402568952 [prime-yield] count=40 remaining=21 chunks=1 wall_ms=21.277 max_chunk_ms=21.277
1790402568974 [prime-yield] count=41 remaining=20 chunks=1 wall_ms=21.273 max_chunk_ms=21.273
1790402568995 [prime-yield] count=42 remaining=19 chunks=1 wall_ms=21.283 max_chunk_ms=21.283
1790402569017 [prime-yield] count=43 remaining=18 chunks=1 wall_ms=21.289 max_chunk_ms=21.289
1790402569038 [prime-yield] count=44 remaining=17 chunks=1 wall_ms=21.292 max_chunk_ms=21.292
1790402569059 [prime-yield] count=45 remaining=16 chunks=1 wall_ms=21.293 max_chunk_ms=21.293
1790402569081 [prime-yield] count=46 remaining=15 chunks=1 wall_ms=21.275 max_chunk_ms=21.275
1790402569102 [prime-yield] count=47 remaining=14 chunks=1 wall_ms=21.291 max_chunk_ms=21.291
1790402569123 [prime-yield] count=48 remaining=13 chunks=1 wall_ms=21.267 max_chunk_ms=21.267
1790402569145 [prime-yield] count=49 remaining=12 chunks=1 wall_ms=21.291 max_chunk_ms=21.291
1790402569166 [prime-yield] count=50 remaining=11 chunks=1 wall_ms=21.273 max_chunk_ms=21.273
1790402569188 [prime-yield] count=51 remaining=10 chunks=1 wall_ms=21.260 max_chunk_ms=21.260
1790402569209 [prime-yield] count=52 remaining=9 chunks=1 wall_ms=21.299 max_chunk_ms=21.299
1790402569230 [prime-yield] count=53 remaining=8 chunks=1 wall_ms=21.282 max_chunk_ms=21.282
1790402569252 [prime-yield] count=54 remaining=7 chunks=1 wall_ms=21.274 max_chunk_ms=21.274
1790402569273 [prime-yield] count=55 remaining=6 chunks=1 wall_ms=21.274 max_chunk_ms=21.274
1790402569294 [prime-yield] count=56 remaining=5 chunks=1 wall_ms=21.261 max_chunk_ms=21.261
1790402569316 [prime-yield] count=57 remaining=4 chunks=1 wall_ms=21.285 max_chunk_ms=21.285
1790402569337 [prime-yield] count=58 remaining=3 chunks=1 wall_ms=21.250 max_chunk_ms=21.250
1790402569358 [prime-yield] count=59 remaining=2 chunks=1 wall_ms=21.274 max_chunk_ms=21.274
1790402569380 [prime-yield] count=60 remaining=1 chunks=1 wall_ms=21.283 max_chunk_ms=21.283
1790402569403 [prefix-cache] insert refused: entry 3855312896 exceeds budget 0 (spec-boundary, model q38, ns "rxc-122880-32-2-1")
1790402569813 [spec-acc] ctx=122881 burst=22/27 cum=22/27=0.815
1790402569823 [meter] admit id=cmpl-f52312edf10c59f3316ab51690a82d2e tenant=default lane=interactive model="q38"
1790402569840 [admission] per-session draft-state charge: model="q38" +46MB (measured capture high-water)
1790402569840 [admission] request cost: model="q38" ctx=124928 path=spec = 31552 B/token x ctx + 4398MB prefill-workspace + 540MB fixed = 8879MB
1790402569840 [admit-predict] id=cmpl-f52312edf10c59f3316ab51690a82d2e tenant="rxc-122880-32-2-2" model="q38" verdict=admit reason=global-p95 prompt=122976 predicted_completion=32 kv_hat=8865191784 booked_bytes=0 booked_real=0 inflight=0 cap=64 budget_bytes=81762758352 retry_after_s=- exempt=0 enforce=0 live_free_bytes=-
1790402569840 [spec-k] model="q38" tenant="rxc-122880-32-2-2" K=3 source=cold-long prompt=122976 cached=0 lcp=0 active=1 wave=1 placement=single-or-non-pp2
1790402570902 [prime-yield] count=1 remaining=61 chunks=1 wall_ms=1053.591 max_chunk_ms=1053.591
1790402571999 [prime-yield] count=2 remaining=60 chunks=1 wall_ms=1096.130 max_chunk_ms=1096.130
1790402573131 [prime-yield] count=3 remaining=59 chunks=1 wall_ms=1132.425 max_chunk_ms=1132.425
1790402574299 [prime-yield] count=4 remaining=58 chunks=1 wall_ms=1167.838 max_chunk_ms=1167.838
1790402575504 [prime-yield] count=5 remaining=57 chunks=1 wall_ms=1204.301 max_chunk_ms=1204.301
1790402576744 [prime-yield] count=6 remaining=56 chunks=1 wall_ms=1240.668 max_chunk_ms=1240.668
1790402578021 [prime-yield] count=7 remaining=55 chunks=1 wall_ms=1276.782 max_chunk_ms=1276.782
1790402579334 [prime-yield] count=8 remaining=54 chunks=1 wall_ms=1312.175 max_chunk_ms=1312.175
1790402580682 [prime-yield] count=9 remaining=53 chunks=1 wall_ms=1348.045 max_chunk_ms=1348.045
1790402582067 [prime-yield] count=10 remaining=52 chunks=1 wall_ms=1384.608 max_chunk_ms=1384.608
1790402583487 [prime-yield] count=11 remaining=51 chunks=1 wall_ms=1420.541 max_chunk_ms=1420.541
1790402584944 [prime-yield] count=12 remaining=50 chunks=1 wall_ms=1456.644 max_chunk_ms=1456.644
1790402586437 [prime-yield] count=13 remaining=49 chunks=1 wall_ms=1493.151 max_chunk_ms=1493.151
1790402587966 [prime-yield] count=14 remaining=48 chunks=1 wall_ms=1528.884 max_chunk_ms=1528.884
1790402589531 [prime-yield] count=15 remaining=47 chunks=1 wall_ms=1564.714 max_chunk_ms=1564.714
1790402591132 [prime-yield] count=16 remaining=46 chunks=1 wall_ms=1600.724 max_chunk_ms=1600.724
1790402592769 [prime-yield] count=17 remaining=45 chunks=1 wall_ms=1636.834 max_chunk_ms=1636.834
1790402594442 [prime-yield] count=18 remaining=44 chunks=1 wall_ms=1673.294 max_chunk_ms=1673.294
1790402596152 [prime-yield] count=19 remaining=43 chunks=1 wall_ms=1709.304 max_chunk_ms=1709.304
1790402597898 [prime-yield] count=20 remaining=42 chunks=1 wall_ms=1746.248 max_chunk_ms=1746.248
1790402599681 [prime-yield] count=21 remaining=41 chunks=1 wall_ms=1782.812 max_chunk_ms=1782.812
1790402601502 [prime-yield] count=22 remaining=40 chunks=1 wall_ms=1820.223 max_chunk_ms=1820.223
1790402603358 [prime-yield] count=23 remaining=39 chunks=1 wall_ms=1855.922 max_chunk_ms=1855.922
1790402605250 [prime-yield] count=24 remaining=38 chunks=1 wall_ms=1891.947 max_chunk_ms=1891.947
1790402607178 [prime-yield] count=25 remaining=37 chunks=1 wall_ms=1927.900 max_chunk_ms=1927.900
1790402609142 [prime-yield] count=26 remaining=36 chunks=1 wall_ms=1963.624 max_chunk_ms=1963.624
1790402611142 [prime-yield] count=27 remaining=35 chunks=1 wall_ms=1999.858 max_chunk_ms=1999.858
1790402613179 [prime-yield] count=28 remaining=34 chunks=1 wall_ms=2037.231 max_chunk_ms=2037.231
1790402614506 [prime-yield] count=29 remaining=33 chunks=1 wall_ms=1326.870 max_chunk_ms=1326.870
1790402616600 [prime-yield] count=30 remaining=32 chunks=1 wall_ms=2094.374 max_chunk_ms=2094.374
1790402617521 [prime-yield] count=31 remaining=31 chunks=1 wall_ms=919.931 max_chunk_ms=919.931
1790402617543 [prime-yield] count=32 remaining=30 chunks=1 wall_ms=22.020 max_chunk_ms=22.020
1790402617564 [prime-yield] count=33 remaining=29 chunks=1 wall_ms=21.212 max_chunk_ms=21.212
1790402617585 [prime-yield] count=34 remaining=28 chunks=1 wall_ms=21.188 max_chunk_ms=21.188
1790402617607 [prime-yield] count=35 remaining=27 chunks=1 wall_ms=21.191 max_chunk_ms=21.191
1790402617628 [prime-yield] count=36 remaining=26 chunks=1 wall_ms=21.220 max_chunk_ms=21.220
1790402617649 [prime-yield] count=37 remaining=25 chunks=1 wall_ms=21.203 max_chunk_ms=21.203
1790402617670 [prime-yield] count=38 remaining=24 chunks=1 wall_ms=21.211 max_chunk_ms=21.211
1790402617692 [prime-yield] count=39 remaining=23 chunks=1 wall_ms=21.226 max_chunk_ms=21.226
1790402617713 [prime-yield] count=40 remaining=22 chunks=1 wall_ms=21.212 max_chunk_ms=21.212
1790402617734 [prime-yield] count=41 remaining=21 chunks=1 wall_ms=21.250 max_chunk_ms=21.250
1790402617756 [prime-yield] count=42 remaining=20 chunks=1 wall_ms=21.207 max_chunk_ms=21.207
1790402617777 [prime-yield] count=43 remaining=19 chunks=1 wall_ms=21.205 max_chunk_ms=21.205
1790402617798 [prime-yield] count=44 remaining=18 chunks=1 wall_ms=21.192 max_chunk_ms=21.192
1790402617820 [prime-yield] count=45 remaining=17 chunks=1 wall_ms=21.201 max_chunk_ms=21.201
1790402617841 [prime-yield] count=46 remaining=16 chunks=1 wall_ms=21.199 max_chunk_ms=21.199
1790402617862 [prime-yield] count=47 remaining=15 chunks=1 wall_ms=21.188 max_chunk_ms=21.188
1790402617883 [prime-yield] count=48 remaining=14 chunks=1 wall_ms=21.221 max_chunk_ms=21.221
1790402617905 [prime-yield] count=49 remaining=13 chunks=1 wall_ms=21.199 max_chunk_ms=21.199
1790402617926 [prime-yield] count=50 remaining=12 chunks=1 wall_ms=21.177 max_chunk_ms=21.177
1790402617947 [prime-yield] count=51 remaining=11 chunks=1 wall_ms=21.191 max_chunk_ms=21.191
1790402617969 [prime-yield] count=52 remaining=10 chunks=1 wall_ms=21.200 max_chunk_ms=21.200
1790402617990 [prime-yield] count=53 remaining=9 chunks=1 wall_ms=21.195 max_chunk_ms=21.195
1790402618011 [prime-yield] count=54 remaining=8 chunks=1 wall_ms=21.198 max_chunk_ms=21.198
1790402618032 [prime-yield] count=55 remaining=7 chunks=1 wall_ms=20.825 max_chunk_ms=20.825
1790402618053 [prime-yield] count=56 remaining=6 chunks=1 wall_ms=21.193 max_chunk_ms=21.193
1790402618075 [prime-yield] count=57 remaining=5 chunks=1 wall_ms=21.209 max_chunk_ms=21.209
1790402618096 [prime-yield] count=58 remaining=4 chunks=1 wall_ms=21.170 max_chunk_ms=21.170
1790402618117 [prime-yield] count=59 remaining=3 chunks=1 wall_ms=21.213 max_chunk_ms=21.213
1790402618139 [prime-yield] count=60 remaining=2 chunks=1 wall_ms=21.189 max_chunk_ms=21.189
1790402618160 [prime-yield] count=61 remaining=1 chunks=1 wall_ms=21.221 max_chunk_ms=21.221
1790402618163 [prefix-cache] insert refused: entry 3855312896 exceeds budget 0 (spec-boundary, model q38, ns "rxc-122880-32-2-2")
1790402618529 [spec-acc] ctx=122977 burst=24/24 cum=24/24=1.000
1790402618539 [meter] admit id=cmpl-c73a8db8de5cfa1041a68918cbe67a64 tenant=default lane=interactive model="q38"
1790402618556 [admission] per-session draft-state charge: model="q38" +46MB (measured capture high-water)
1790402618556 [admission] request cost: model="q38" ctx=124928 path=spec = 31552 B/token x ctx + 4400MB prefill-workspace + 540MB fixed = 8881MB
1790402618556 [admit-predict] id=cmpl-c73a8db8de5cfa1041a68918cbe67a64 tenant="rxc-122880-32-2-3" model="q38" verdict=admit reason=global-p95 prompt=123072 predicted_completion=32 kv_hat=8870186856 booked_bytes=0 booked_real=0 inflight=0 cap=64 budget_bytes=81762758352 retry_after_s=- exempt=0 enforce=0 live_free_bytes=-
1790402618557 [spec-k] model="q38" tenant="rxc-122880-32-2-3" K=3 source=cold-long prompt=123072 cached=0 lcp=0 active=1 wave=1 placement=single-or-non-pp2
1790402619619 [prime-yield] count=1 remaining=61 chunks=1 wall_ms=1053.590 max_chunk_ms=1053.590
1790402620715 [prime-yield] count=2 remaining=60 chunks=1 wall_ms=1096.099 max_chunk_ms=1096.099
1790402621847 [prime-yield] count=3 remaining=59 chunks=1 wall_ms=1131.973 max_chunk_ms=1131.973
1790402623016 [prime-yield] count=4 remaining=58 chunks=1 wall_ms=1168.557 max_chunk_ms=1168.557
1790402624221 [prime-yield] count=5 remaining=57 chunks=1 wall_ms=1204.892 max_chunk_ms=1204.892
1790402625462 [prime-yield] count=6 remaining=56 chunks=1 wall_ms=1241.010 max_chunk_ms=1241.010
1790402626739 [prime-yield] count=7 remaining=55 chunks=1 wall_ms=1276.523 max_chunk_ms=1276.523
1790402628052 [prime-yield] count=8 remaining=54 chunks=1 wall_ms=1312.897 max_chunk_ms=1312.897
1790402629401 [prime-yield] count=9 remaining=53 chunks=1 wall_ms=1348.855 max_chunk_ms=1348.855
1790402630786 [prime-yield] count=10 remaining=52 chunks=1 wall_ms=1385.167 max_chunk_ms=1385.167
1790402632207 [prime-yield] count=11 remaining=51 chunks=1 wall_ms=1420.400 max_chunk_ms=1420.400
1790402633663 [prime-yield] count=12 remaining=50 chunks=1 wall_ms=1456.710 max_chunk_ms=1456.710
1790402635157 [prime-yield] count=13 remaining=49 chunks=1 wall_ms=1493.095 max_chunk_ms=1493.095
1790402636686 [prime-yield] count=14 remaining=48 chunks=1 wall_ms=1528.690 max_chunk_ms=1528.690
1790402638250 [prime-yield] count=15 remaining=47 chunks=1 wall_ms=1564.517 max_chunk_ms=1564.517
1790402639851 [prime-yield] count=16 remaining=46 chunks=1 wall_ms=1600.794 max_chunk_ms=1600.794
1790402641489 [prime-yield] count=17 remaining=45 chunks=1 wall_ms=1638.077 max_chunk_ms=1638.077
1790402643163 [prime-yield] count=18 remaining=44 chunks=1 wall_ms=1673.789 max_chunk_ms=1673.789
1790402644874 [prime-yield] count=19 remaining=43 chunks=1 wall_ms=1710.467 max_chunk_ms=1710.467
1790402646622 [prime-yield] count=20 remaining=42 chunks=1 wall_ms=1747.554 max_chunk_ms=1747.554
1790402648405 [prime-yield] count=21 remaining=41 chunks=1 wall_ms=1783.337 max_chunk_ms=1783.337
1790402650225 [prime-yield] count=22 remaining=40 chunks=1 wall_ms=1820.287 max_chunk_ms=1820.287
1790402652081 [prime-yield] count=23 remaining=39 chunks=1 wall_ms=1855.559 max_chunk_ms=1855.559
1790402653973 [prime-yield] count=24 remaining=38 chunks=1 wall_ms=1891.882 max_chunk_ms=1891.882
1790402655902 [prime-yield] count=25 remaining=37 chunks=1 wall_ms=1928.558 max_chunk_ms=1928.558
1790402657867 [prime-yield] count=26 remaining=36 chunks=1 wall_ms=1965.349 max_chunk_ms=1965.349
1790402659868 [prime-yield] count=27 remaining=35 chunks=1 wall_ms=2000.480 max_chunk_ms=2000.480
1790402661906 [prime-yield] count=28 remaining=34 chunks=1 wall_ms=2037.373 max_chunk_ms=2037.373
1790402663233 [prime-yield] count=29 remaining=33 chunks=1 wall_ms=1327.030 max_chunk_ms=1327.030
1790402665328 [prime-yield] count=30 remaining=32 chunks=1 wall_ms=2094.661 max_chunk_ms=2094.661
1790402666286 [prime-yield] count=31 remaining=31 chunks=1 wall_ms=958.136 max_chunk_ms=958.136
1790402666308 [prime-yield] count=32 remaining=30 chunks=1 wall_ms=21.805 max_chunk_ms=21.805
1790402666329 [prime-yield] count=33 remaining=29 chunks=1 wall_ms=21.329 max_chunk_ms=21.329
1790402666351 [prime-yield] count=34 remaining=28 chunks=1 wall_ms=21.326 max_chunk_ms=21.326
1790402666372 [prime-yield] count=35 remaining=27 chunks=1 wall_ms=21.314 max_chunk_ms=21.314
1790402666393 [prime-yield] count=36 remaining=26 chunks=1 wall_ms=21.278 max_chunk_ms=21.278
1790402666415 [prime-yield] count=37 remaining=25 chunks=1 wall_ms=21.300 max_chunk_ms=21.300
1790402666436 [prime-yield] count=38 remaining=24 chunks=1 wall_ms=21.282 max_chunk_ms=21.282
1790402666457 [prime-yield] count=39 remaining=23 chunks=1 wall_ms=21.259 max_chunk_ms=21.259
1790402666479 [prime-yield] count=40 remaining=22 chunks=1 wall_ms=21.306 max_chunk_ms=21.306
1790402666500 [prime-yield] count=41 remaining=21 chunks=1 wall_ms=21.252 max_chunk_ms=21.252
1790402666522 [prime-yield] count=42 remaining=20 chunks=1 wall_ms=21.257 max_chunk_ms=21.257
1790402666543 [prime-yield] count=43 remaining=19 chunks=1 wall_ms=21.279 max_chunk_ms=21.279
1790402666564 [prime-yield] count=44 remaining=18 chunks=1 wall_ms=21.272 max_chunk_ms=21.272
1790402666586 [prime-yield] count=45 remaining=17 chunks=1 wall_ms=21.257 max_chunk_ms=21.257
1790402666607 [prime-yield] count=46 remaining=16 chunks=1 wall_ms=21.217 max_chunk_ms=21.217
1790402666628 [prime-yield] count=47 remaining=15 chunks=1 wall_ms=21.235 max_chunk_ms=21.235
1790402666650 [prime-yield] count=48 remaining=14 chunks=1 wall_ms=21.239 max_chunk_ms=21.239
1790402666671 [prime-yield] count=49 remaining=13 chunks=1 wall_ms=21.248 max_chunk_ms=21.248
1790402666692 [prime-yield] count=50 remaining=12 chunks=1 wall_ms=21.244 max_chunk_ms=21.244
1790402666714 [prime-yield] count=51 remaining=11 chunks=1 wall_ms=21.249 max_chunk_ms=21.249
1790402666735 [prime-yield] count=52 remaining=10 chunks=1 wall_ms=21.238 max_chunk_ms=21.238
1790402666756 [prime-yield] count=53 remaining=9 chunks=1 wall_ms=21.259 max_chunk_ms=21.259
1790402666778 [prime-yield] count=54 remaining=8 chunks=1 wall_ms=21.255 max_chunk_ms=21.255
1790402666799 [prime-yield] count=55 remaining=7 chunks=1 wall_ms=21.245 max_chunk_ms=21.245
1790402666820 [prime-yield] count=56 remaining=6 chunks=1 wall_ms=21.259 max_chunk_ms=21.259
1790402666842 [prime-yield] count=57 remaining=5 chunks=1 wall_ms=21.265 max_chunk_ms=21.265
1790402666863 [prime-yield] count=58 remaining=4 chunks=1 wall_ms=21.306 max_chunk_ms=21.306
1790402666885 [prime-yield] count=59 remaining=3 chunks=1 wall_ms=21.283 max_chunk_ms=21.283
1790402666906 [prime-yield] count=60 remaining=2 chunks=1 wall_ms=21.301 max_chunk_ms=21.301
1790402666927 [prime-yield] count=61 remaining=1 chunks=1 wall_ms=21.302 max_chunk_ms=21.302
1790402666931 [prefix-cache] insert refused: entry 3855312896 exceeds budget 0 (spec-boundary, model q38, ns "rxc-122880-32-2-3")
1790402667383 [spec-acc] ctx=123073 burst=21/30 cum=21/30=0.700
1790402667395 [meter] admit id=cmpl-d1a5a5a24e36ee8f5702a1890c2bb856 tenant=default lane=interactive model="q38"
1790402667410 [admission] per-session draft-state charge: model="q38" +46MB (measured capture high-water)
1790402667410 [admission] request cost: model="q38" ctx=124928 path=spec = 31552 B/token x ctx + 4396MB prefill-workspace + 540MB fixed = 8877MB
1790402667410 [admit-predict] id=cmpl-d1a5a5a24e36ee8f5702a1890c2bb856 tenant="rx-122880-32-3" model="q38" verdict=admit reason=global-p95 prompt=122880 predicted_completion=32 kv_hat=8860196712 booked_bytes=0 booked_real=0 inflight=0 cap=64 budget_bytes=81762758352 retry_after_s=- exempt=0 enforce=0 live_free_bytes=-
1790402667411 [spec-k] model="q38" tenant="rx-122880-32-3" K=3 source=cold-long prompt=122880 cached=0 lcp=0 active=1 wave=1 placement=single-or-non-pp2
1790402668472 [prime-yield] count=1 remaining=60 chunks=1 wall_ms=1053.648 max_chunk_ms=1053.648
1790402669568 [prime-yield] count=2 remaining=59 chunks=1 wall_ms=1096.003 max_chunk_ms=1096.003
1790402670701 [prime-yield] count=3 remaining=58 chunks=1 wall_ms=1132.765 max_chunk_ms=1132.765
1790402671870 [prime-yield] count=4 remaining=57 chunks=1 wall_ms=1168.918 max_chunk_ms=1168.918
1790402673074 [prime-yield] count=5 remaining=56 chunks=1 wall_ms=1204.749 max_chunk_ms=1204.749
1790402674315 [prime-yield] count=6 remaining=55 chunks=1 wall_ms=1240.812 max_chunk_ms=1240.812
1790402675592 [prime-yield] count=7 remaining=54 chunks=1 wall_ms=1276.839 max_chunk_ms=1276.839
1790402676906 [prime-yield] count=8 remaining=53 chunks=1 wall_ms=1313.052 max_chunk_ms=1313.052
1790402678255 [prime-yield] count=9 remaining=52 chunks=1 wall_ms=1349.474 max_chunk_ms=1349.474
1790402679640 [prime-yield] count=10 remaining=51 chunks=1 wall_ms=1385.127 max_chunk_ms=1385.127
1790402681062 [prime-yield] count=11 remaining=50 chunks=1 wall_ms=1421.911 max_chunk_ms=1421.911
1790402682520 [prime-yield] count=12 remaining=49 chunks=1 wall_ms=1457.974 max_chunk_ms=1457.974
1790402684015 [prime-yield] count=13 remaining=48 chunks=1 wall_ms=1493.954 max_chunk_ms=1493.954
1790402685545 [prime-yield] count=14 remaining=47 chunks=1 wall_ms=1530.255 max_chunk_ms=1530.255
1790402687111 [prime-yield] count=15 remaining=46 chunks=1 wall_ms=1566.134 max_chunk_ms=1566.134
1790402688713 [prime-yield] count=16 remaining=45 chunks=1 wall_ms=1602.066 max_chunk_ms=1602.066
1790402690351 [prime-yield] count=17 remaining=44 chunks=1 wall_ms=1637.905 max_chunk_ms=1637.905
1790402692026 [prime-yield] count=18 remaining=43 chunks=1 wall_ms=1674.532 max_chunk_ms=1674.532
1790402693737 [prime-yield] count=19 remaining=42 chunks=1 wall_ms=1710.615 max_chunk_ms=1710.615
1790402695484 [prime-yield] count=20 remaining=41 chunks=1 wall_ms=1746.615 max_chunk_ms=1746.615
1790402697267 [prime-yield] count=21 remaining=40 chunks=1 wall_ms=1783.421 max_chunk_ms=1783.421
1790402699087 [prime-yield] count=22 remaining=39 chunks=1 wall_ms=1819.546 max_chunk_ms=1819.546
1790402700943 [prime-yield] count=23 remaining=38 chunks=1 wall_ms=1856.433 max_chunk_ms=1856.433
1790402702836 [prime-yield] count=24 remaining=37 chunks=1 wall_ms=1892.897 max_chunk_ms=1892.897
1790402704765 [prime-yield] count=25 remaining=36 chunks=1 wall_ms=1928.299 max_chunk_ms=1928.299
1790402706730 [prime-yield] count=26 remaining=35 chunks=1 wall_ms=1964.894 max_chunk_ms=1964.894
1790402708732 [prime-yield] count=27 remaining=34 chunks=1 wall_ms=2001.485 max_chunk_ms=2001.485
1790402710769 [prime-yield] count=28 remaining=33 chunks=1 wall_ms=2037.640 max_chunk_ms=2037.640
1790402711602 [prime-yield] count=29 remaining=32 chunks=1 wall_ms=832.260 max_chunk_ms=832.260
1790402713685 [prime-yield] count=30 remaining=31 chunks=1 wall_ms=2082.956 max_chunk_ms=2082.956
1790402715071 [prime-yield] count=31 remaining=30 chunks=1 wall_ms=1386.400 max_chunk_ms=1386.400
1790402715093 [prime-yield] count=32 remaining=29 chunks=1 wall_ms=21.721 max_chunk_ms=21.721
1790402715115 [prime-yield] count=33 remaining=28 chunks=1 wall_ms=21.297 max_chunk_ms=21.297
1790402715136 [prime-yield] count=34 remaining=27 chunks=1 wall_ms=21.261 max_chunk_ms=21.261
1790402715157 [prime-yield] count=35 remaining=26 chunks=1 wall_ms=21.274 max_chunk_ms=21.274
1790402715179 [prime-yield] count=36 remaining=25 chunks=1 wall_ms=21.304 max_chunk_ms=21.304
1790402715200 [prime-yield] count=37 remaining=24 chunks=1 wall_ms=21.300 max_chunk_ms=21.300
1790402715221 [prime-yield] count=38 remaining=23 chunks=1 wall_ms=21.283 max_chunk_ms=21.283
1790402715243 [prime-yield] count=39 remaining=22 chunks=1 wall_ms=21.293 max_chunk_ms=21.293
1790402715264 [prime-yield] count=40 remaining=21 chunks=1 wall_ms=21.287 max_chunk_ms=21.287
1790402715286 [prime-yield] count=41 remaining=20 chunks=1 wall_ms=21.282 max_chunk_ms=21.282
1790402715307 [prime-yield] count=42 remaining=19 chunks=1 wall_ms=21.283 max_chunk_ms=21.283
1790402715328 [prime-yield] count=43 remaining=18 chunks=1 wall_ms=21.242 max_chunk_ms=21.242
1790402715350 [prime-yield] count=44 remaining=17 chunks=1 wall_ms=21.301 max_chunk_ms=21.301
1790402715371 [prime-yield] count=45 remaining=16 chunks=1 wall_ms=21.296 max_chunk_ms=21.296
1790402715392 [prime-yield] count=46 remaining=15 chunks=1 wall_ms=21.291 max_chunk_ms=21.291
1790402715414 [prime-yield] count=47 remaining=14 chunks=1 wall_ms=21.287 max_chunk_ms=21.287
1790402715435 [prime-yield] count=48 remaining=13 chunks=1 wall_ms=21.312 max_chunk_ms=21.312
1790402715457 [prime-yield] count=49 remaining=12 chunks=1 wall_ms=21.269 max_chunk_ms=21.269
1790402715478 [prime-yield] count=50 remaining=11 chunks=1 wall_ms=21.330 max_chunk_ms=21.330
1790402715499 [prime-yield] count=51 remaining=10 chunks=1 wall_ms=21.280 max_chunk_ms=21.280
1790402715521 [prime-yield] count=52 remaining=9 chunks=1 wall_ms=21.303 max_chunk_ms=21.303
1790402715542 [prime-yield] count=53 remaining=8 chunks=1 wall_ms=21.307 max_chunk_ms=21.307
1790402715564 [prime-yield] count=54 remaining=7 chunks=1 wall_ms=21.323 max_chunk_ms=21.323
1790402715585 [prime-yield] count=55 remaining=6 chunks=1 wall_ms=21.289 max_chunk_ms=21.289
1790402715606 [prime-yield] count=56 remaining=5 chunks=1 wall_ms=21.287 max_chunk_ms=21.287
1790402715628 [prime-yield] count=57 remaining=4 chunks=1 wall_ms=21.268 max_chunk_ms=21.268
1790402715649 [prime-yield] count=58 remaining=3 chunks=1 wall_ms=21.272 max_chunk_ms=21.272
1790402715671 [prime-yield] count=59 remaining=2 chunks=1 wall_ms=21.306 max_chunk_ms=21.306
1790402715692 [prime-yield] count=60 remaining=1 chunks=1 wall_ms=21.270 max_chunk_ms=21.270
1790402715715 [prefix-cache] insert refused: entry 3824013312 exceeds budget 0 (spec-boundary, model q38, ns "rx-122880-32-3")
1790402716082 [spec-acc] ctx=122881 burst=23/24 cum=23/24=0.958
1790402716094 [meter] admit id=cmpl-11d6314ab9c7439817515a85786da922 tenant=default lane=interactive model="q38"
1790402716109 [admission] per-session draft-state charge: model="q38" +46MB (measured capture high-water)
1790402716109 [admission] request cost: model="q38" ctx=124928 path=spec = 31552 B/token x ctx + 4398MB prefill-workspace + 540MB fixed = 8879MB
1790402716109 [admit-predict] id=cmpl-11d6314ab9c7439817515a85786da922 tenant="rx-122880-32-3" model="q38" verdict=admit reason=global-p95 prompt=122976 predicted_completion=32 kv_hat=8865191784 booked_bytes=0 booked_real=0 inflight=0 cap=64 budget_bytes=81762758352 retry_after_s=- exempt=0 enforce=0 live_free_bytes=-
1790402716109 [worker] spec-affinity: rewound to 116224 of 122976 prompt tokens (fingerprint; priming 6752 suffix; model q38)
1790402716110 [spec-k] model="q38" tenant="rx-122880-32-3" K=2 source=cached-long prompt=122976 cached=116224 lcp=0 active=1 wave=1 placement=single-or-non-pp2
1790402718190 [prime-yield] count=1 remaining=4 chunks=1 wall_ms=2080.098 max_chunk_ms=2080.098
1790402719580 [prime-yield] count=2 remaining=3 chunks=1 wall_ms=1390.268 max_chunk_ms=1390.268
1790402719788 [prime-yield] count=3 remaining=2 chunks=1 wall_ms=208.301 max_chunk_ms=208.301
1790402719809 [prime-yield] count=4 remaining=1 chunks=1 wall_ms=20.350 max_chunk_ms=20.350
1790402720197 [spec-acc] ctx=6753 burst=20/20 cum=20/20=1.000
1790402720209 [meter] admit id=cmpl-4e61a30ffa6cbaa02fddc4c3620d0691 tenant=default lane=interactive model="q38"
1790402720223 [admission] per-session draft-state charge: model="q38" +46MB (measured capture high-water)
1790402720223 [admission] request cost: model="q38" ctx=124928 path=spec = 31552 B/token x ctx + 4400MB prefill-workspace + 540MB fixed = 8881MB
1790402720223 [admit-predict] id=cmpl-4e61a30ffa6cbaa02fddc4c3620d0691 tenant="rx-122880-32-3" model="q38" verdict=admit reason=global-p95 prompt=123072 predicted_completion=32 kv_hat=8870186856 booked_bytes=0 booked_real=0 inflight=0 cap=64 budget_bytes=81762758352 retry_after_s=- exempt=0 enforce=0 live_free_bytes=-
1790402720223 [worker] spec-reuse: 123008 committed tokens resumed [sampler=equivalent] (model q38)
1790402720223 [spec-k] model="q38" tenant="rx-122880-32-3" K=2 source=cached-long prompt=123072 cached=123008 lcp=0 active=1 wave=1 placement=single-or-non-pp2
1790402721007 [spec-acc] ctx=64 burst=22/22 cum=22/22=1.000
1790402721019 [meter] admit id=cmpl-af20257ef6dc0141f2bc3688042b1813 tenant=default lane=interactive model="q38"
1790402721033 [admission] per-session draft-state charge: model="q38" +46MB (measured capture high-water)
1790402721033 [admission] request cost: model="q38" ctx=124928 path=spec = 31552 B/token x ctx + 4396MB prefill-workspace + 540MB fixed = 8877MB
1790402721033 [admit-predict] id=cmpl-af20257ef6dc0141f2bc3688042b1813 tenant="rxc-122880-32-3-1" model="q38" verdict=admit reason=global-p95 prompt=122880 predicted_completion=32 kv_hat=8860196712 booked_bytes=0 booked_real=0 inflight=0 cap=64 budget_bytes=81762758352 retry_after_s=- exempt=0 enforce=0 live_free_bytes=-
1790402721034 [spec-k] model="q38" tenant="rxc-122880-32-3-1" K=3 source=cold-long prompt=122880 cached=0 lcp=0 active=1 wave=1 placement=single-or-non-pp2
1790402722095 [prime-yield] count=1 remaining=60 chunks=1 wall_ms=1054.210 max_chunk_ms=1054.210
1790402723191 [prime-yield] count=2 remaining=59 chunks=1 wall_ms=1095.243 max_chunk_ms=1095.243
1790402724322 [prime-yield] count=3 remaining=58 chunks=1 wall_ms=1130.857 max_chunk_ms=1130.857
1790402725489 [prime-yield] count=4 remaining=57 chunks=1 wall_ms=1166.932 max_chunk_ms=1166.932
1790402726692 [prime-yield] count=5 remaining=56 chunks=1 wall_ms=1202.951 max_chunk_ms=1202.951
1790402727931 [prime-yield] count=6 remaining=55 chunks=1 wall_ms=1238.532 max_chunk_ms=1238.532
1790402729206 [prime-yield] count=7 remaining=54 chunks=1 wall_ms=1275.638 max_chunk_ms=1275.638
1790402730518 [prime-yield] count=8 remaining=53 chunks=1 wall_ms=1311.296 max_chunk_ms=1311.296
1790402731865 [prime-yield] count=9 remaining=52 chunks=1 wall_ms=1347.635 max_chunk_ms=1347.635
1790402733249 [prime-yield] count=10 remaining=51 chunks=1 wall_ms=1383.237 max_chunk_ms=1383.237
1790402734668 [prime-yield] count=11 remaining=50 chunks=1 wall_ms=1419.016 max_chunk_ms=1419.016
1790402736124 [prime-yield] count=12 remaining=49 chunks=1 wall_ms=1456.066 max_chunk_ms=1456.066
1790402737616 [prime-yield] count=13 remaining=48 chunks=1 wall_ms=1491.893 max_chunk_ms=1491.893
1790402739144 [prime-yield] count=14 remaining=47 chunks=1 wall_ms=1528.236 max_chunk_ms=1528.236
1790402740708 [prime-yield] count=15 remaining=46 chunks=1 wall_ms=1563.445 max_chunk_ms=1563.445
1790402742309 [prime-yield] count=16 remaining=45 chunks=1 wall_ms=1600.738 max_chunk_ms=1600.738
1790402743945 [prime-yield] count=17 remaining=44 chunks=1 wall_ms=1636.501 max_chunk_ms=1636.501
1790402745619 [prime-yield] count=18 remaining=43 chunks=1 wall_ms=1673.225 max_chunk_ms=1673.225
1790402747329 [prime-yield] count=19 remaining=42 chunks=1 wall_ms=1710.272 max_chunk_ms=1710.272
1790402749076 [prime-yield] count=20 remaining=41 chunks=1 wall_ms=1746.873 max_chunk_ms=1746.873
1790402750859 [prime-yield] count=21 remaining=40 chunks=1 wall_ms=1782.104 max_chunk_ms=1782.104
1790402752677 [prime-yield] count=22 remaining=39 chunks=1 wall_ms=1818.784 max_chunk_ms=1818.784
1790402754532 [prime-yield] count=23 remaining=38 chunks=1 wall_ms=1854.499 max_chunk_ms=1854.499
1790402756424 [prime-yield] count=24 remaining=37 chunks=1 wall_ms=1891.459 max_chunk_ms=1891.459
1790402758352 [prime-yield] count=25 remaining=36 chunks=1 wall_ms=1928.140 max_chunk_ms=1928.140
1790402760316 [prime-yield] count=26 remaining=35 chunks=1 wall_ms=1964.108 max_chunk_ms=1964.108
1790402762316 [prime-yield] count=27 remaining=34 chunks=1 wall_ms=2000.037 max_chunk_ms=2000.037
1790402764353 [prime-yield] count=28 remaining=33 chunks=1 wall_ms=2036.886 max_chunk_ms=2036.886
1790402765186 [prime-yield] count=29 remaining=32 chunks=1 wall_ms=832.716 max_chunk_ms=832.716
1790402767270 [prime-yield] count=30 remaining=31 chunks=1 wall_ms=2083.633 max_chunk_ms=2083.633
1790402768656 [prime-yield] count=31 remaining=30 chunks=1 wall_ms=1386.104 max_chunk_ms=1386.104
1790402768679 [prime-yield] count=32 remaining=29 chunks=1 wall_ms=22.174 max_chunk_ms=22.174
1790402768700 [prime-yield] count=33 remaining=28 chunks=1 wall_ms=21.307 max_chunk_ms=21.307
1790402768721 [prime-yield] count=34 remaining=27 chunks=1 wall_ms=21.276 max_chunk_ms=21.276
1790402768743 [prime-yield] count=35 remaining=26 chunks=1 wall_ms=21.281 max_chunk_ms=21.281
1790402768764 [prime-yield] count=36 remaining=25 chunks=1 wall_ms=21.259 max_chunk_ms=21.259
1790402768785 [prime-yield] count=37 remaining=24 chunks=1 wall_ms=21.257 max_chunk_ms=21.257
1790402768807 [prime-yield] count=38 remaining=23 chunks=1 wall_ms=21.272 max_chunk_ms=21.272
1790402768828 [prime-yield] count=39 remaining=22 chunks=1 wall_ms=21.295 max_chunk_ms=21.295
1790402768850 [prime-yield] count=40 remaining=21 chunks=1 wall_ms=21.291 max_chunk_ms=21.291
1790402768871 [prime-yield] count=41 remaining=20 chunks=1 wall_ms=21.308 max_chunk_ms=21.308
1790402768892 [prime-yield] count=42 remaining=19 chunks=1 wall_ms=21.276 max_chunk_ms=21.276
1790402768914 [prime-yield] count=43 remaining=18 chunks=1 wall_ms=21.296 max_chunk_ms=21.296
1790402768935 [prime-yield] count=44 remaining=17 chunks=1 wall_ms=21.298 max_chunk_ms=21.298
1790402768956 [prime-yield] count=45 remaining=16 chunks=1 wall_ms=21.263 max_chunk_ms=21.263
1790402768978 [prime-yield] count=46 remaining=15 chunks=1 wall_ms=21.277 max_chunk_ms=21.277
1790402768999 [prime-yield] count=47 remaining=14 chunks=1 wall_ms=21.292 max_chunk_ms=21.292
1790402769021 [prime-yield] count=48 remaining=13 chunks=1 wall_ms=21.254 max_chunk_ms=21.254
1790402769042 [prime-yield] count=49 remaining=12 chunks=1 wall_ms=21.308 max_chunk_ms=21.308
1790402769063 [prime-yield] count=50 remaining=11 chunks=1 wall_ms=21.315 max_chunk_ms=21.315
1790402769085 [prime-yield] count=51 remaining=10 chunks=1 wall_ms=21.272 max_chunk_ms=21.272
1790402769106 [prime-yield] count=52 remaining=9 chunks=1 wall_ms=21.261 max_chunk_ms=21.261
1790402769128 [prime-yield] count=53 remaining=8 chunks=1 wall_ms=21.290 max_chunk_ms=21.290
1790402769149 [prime-yield] count=54 remaining=7 chunks=1 wall_ms=21.292 max_chunk_ms=21.292
1790402769170 [prime-yield] count=55 remaining=6 chunks=1 wall_ms=21.267 max_chunk_ms=21.267
1790402769192 [prime-yield] count=56 remaining=5 chunks=1 wall_ms=21.300 max_chunk_ms=21.300
1790402769213 [prime-yield] count=57 remaining=4 chunks=1 wall_ms=21.289 max_chunk_ms=21.289
1790402769234 [prime-yield] count=58 remaining=3 chunks=1 wall_ms=21.298 max_chunk_ms=21.298
1790402769256 [prime-yield] count=59 remaining=2 chunks=1 wall_ms=21.260 max_chunk_ms=21.260
1790402769277 [prime-yield] count=60 remaining=1 chunks=1 wall_ms=21.282 max_chunk_ms=21.282
1790402769301 [prefix-cache] insert refused: entry 3824013312 exceeds budget 0 (spec-boundary, model q38, ns "rxc-122880-32-3-1")
1790402769667 [spec-acc] ctx=122881 burst=23/24 cum=23/24=0.958
1790402769678 [meter] admit id=cmpl-d9688f4f84c34d67c6ff1ab9e1d16545 tenant=default lane=interactive model="q38"
1790402769694 [admission] per-session draft-state charge: model="q38" +46MB (measured capture high-water)
1790402769694 [admission] request cost: model="q38" ctx=124928 path=spec = 31552 B/token x ctx + 4398MB prefill-workspace + 540MB fixed = 8879MB
1790402769694 [admit-predict] id=cmpl-d9688f4f84c34d67c6ff1ab9e1d16545 tenant="rxc-122880-32-3-2" model="q38" verdict=admit reason=global-p95 prompt=122976 predicted_completion=32 kv_hat=8865191784 booked_bytes=0 booked_real=0 inflight=0 cap=64 budget_bytes=81762758352 retry_after_s=- exempt=0 enforce=0 live_free_bytes=-
1790402769695 [spec-k] model="q38" tenant="rxc-122880-32-3-2" K=3 source=cold-long prompt=122976 cached=0 lcp=0 active=1 wave=1 placement=single-or-non-pp2
1790402770759 [prime-yield] count=1 remaining=61 chunks=1 wall_ms=1054.382 max_chunk_ms=1054.382
1790402771855 [prime-yield] count=2 remaining=60 chunks=1 wall_ms=1096.051 max_chunk_ms=1096.051
1790402772987 [prime-yield] count=3 remaining=59 chunks=1 wall_ms=1132.285 max_chunk_ms=1132.285
1790402774156 [prime-yield] count=4 remaining=58 chunks=1 wall_ms=1168.315 max_chunk_ms=1168.315
1790402775361 [prime-yield] count=5 remaining=57 chunks=1 wall_ms=1204.694 max_chunk_ms=1204.694
1790402776601 [prime-yield] count=6 remaining=56 chunks=1 wall_ms=1240.862 max_chunk_ms=1240.862
1790402777879 [prime-yield] count=7 remaining=55 chunks=1 wall_ms=1277.083 max_chunk_ms=1277.083
1790402779191 [prime-yield] count=8 remaining=54 chunks=1 wall_ms=1312.496 max_chunk_ms=1312.496
1790402780540 [prime-yield] count=9 remaining=53 chunks=1 wall_ms=1348.790 max_chunk_ms=1348.790
1790402781925 [prime-yield] count=10 remaining=52 chunks=1 wall_ms=1384.624 max_chunk_ms=1384.624
1790402783346 [prime-yield] count=11 remaining=51 chunks=1 wall_ms=1420.813 max_chunk_ms=1420.813
1790402784803 [prime-yield] count=12 remaining=50 chunks=1 wall_ms=1457.303 max_chunk_ms=1457.303
1790402786297 [prime-yield] count=13 remaining=49 chunks=1 wall_ms=1493.496 max_chunk_ms=1493.496
1790402787827 [prime-yield] count=14 remaining=48 chunks=1 wall_ms=1529.608 max_chunk_ms=1529.608
1790402789393 [prime-yield] count=15 remaining=47 chunks=1 wall_ms=1565.807 max_chunk_ms=1565.807
1790402790995 [prime-yield] count=16 remaining=46 chunks=1 wall_ms=1601.895 max_chunk_ms=1601.895
1790402792633 [prime-yield] count=17 remaining=45 chunks=1 wall_ms=1638.182 max_chunk_ms=1638.182
1790402794308 [prime-yield] count=18 remaining=44 chunks=1 wall_ms=1674.837 max_chunk_ms=1674.837
1790402796019 [prime-yield] count=19 remaining=43 chunks=1 wall_ms=1710.617 max_chunk_ms=1710.617
1790402797766 [prime-yield] count=20 remaining=42 chunks=1 wall_ms=1746.821 max_chunk_ms=1746.821
1790402799549 [prime-yield] count=21 remaining=41 chunks=1 wall_ms=1782.921 max_chunk_ms=1782.921
1790402801368 [prime-yield] count=22 remaining=40 chunks=1 wall_ms=1819.503 max_chunk_ms=1819.503
1790402803224 [prime-yield] count=23 remaining=39 chunks=1 wall_ms=1855.873 max_chunk_ms=1855.873
1790402805116 [prime-yield] count=24 remaining=38 chunks=1 wall_ms=1891.867 max_chunk_ms=1891.867
1790402807044 [prime-yield] count=25 remaining=37 chunks=1 wall_ms=1927.472 max_chunk_ms=1927.472
1790402809009 [prime-yield] count=26 remaining=36 chunks=1 wall_ms=1964.659 max_chunk_ms=1964.659
1790402811010 [prime-yield] count=27 remaining=35 chunks=1 wall_ms=2000.666 max_chunk_ms=2000.666
1790402813047 [prime-yield] count=28 remaining=34 chunks=1 wall_ms=2037.531 max_chunk_ms=2037.531
1790402813880 [prime-yield] count=29 remaining=33 chunks=1 wall_ms=832.930 max_chunk_ms=832.930
1790402815964 [prime-yield] count=30 remaining=32 chunks=1 wall_ms=2083.601 max_chunk_ms=2083.601
1790402817388 [prime-yield] count=31 remaining=31 chunks=1 wall_ms=1424.210 max_chunk_ms=1424.210
1790402817411 [prime-yield] count=32 remaining=30 chunks=1 wall_ms=22.248 max_chunk_ms=22.248
1790402817432 [prime-yield] count=33 remaining=29 chunks=1 wall_ms=21.325 max_chunk_ms=21.325
1790402817454 [prime-yield] count=34 remaining=28 chunks=1 wall_ms=21.361 max_chunk_ms=21.361
1790402817475 [prime-yield] count=35 remaining=27 chunks=1 wall_ms=21.395 max_chunk_ms=21.395
1790402817497 [prime-yield] count=36 remaining=26 chunks=1 wall_ms=21.341 max_chunk_ms=21.341
1790402817518 [prime-yield] count=37 remaining=25 chunks=1 wall_ms=21.350 max_chunk_ms=21.350
1790402817540 [prime-yield] count=38 remaining=24 chunks=1 wall_ms=21.383 max_chunk_ms=21.383
1790402817561 [prime-yield] count=39 remaining=23 chunks=1 wall_ms=21.325 max_chunk_ms=21.325
1790402817582 [prime-yield] count=40 remaining=22 chunks=1 wall_ms=21.349 max_chunk_ms=21.349
1790402817604 [prime-yield] count=41 remaining=21 chunks=1 wall_ms=21.353 max_chunk_ms=21.353
1790402817625 [prime-yield] count=42 remaining=20 chunks=1 wall_ms=21.354 max_chunk_ms=21.354
1790402817647 [prime-yield] count=43 remaining=19 chunks=1 wall_ms=21.342 max_chunk_ms=21.342
1790402817668 [prime-yield] count=44 remaining=18 chunks=1 wall_ms=21.338 max_chunk_ms=21.338
1790402817690 [prime-yield] count=45 remaining=17 chunks=1 wall_ms=21.345 max_chunk_ms=21.345
1790402817711 [prime-yield] count=46 remaining=16 chunks=1 wall_ms=21.376 max_chunk_ms=21.376
1790402817733 [prime-yield] count=47 remaining=15 chunks=1 wall_ms=21.374 max_chunk_ms=21.374
1790402817754 [prime-yield] count=48 remaining=14 chunks=1 wall_ms=21.368 max_chunk_ms=21.368
1790402817775 [prime-yield] count=49 remaining=13 chunks=1 wall_ms=21.280 max_chunk_ms=21.280
1790402817797 [prime-yield] count=50 remaining=12 chunks=1 wall_ms=21.281 max_chunk_ms=21.281
1790402817818 [prime-yield] count=51 remaining=11 chunks=1 wall_ms=21.287 max_chunk_ms=21.287
1790402817840 [prime-yield] count=52 remaining=10 chunks=1 wall_ms=21.312 max_chunk_ms=21.312
1790402817861 [prime-yield] count=53 remaining=9 chunks=1 wall_ms=21.272 max_chunk_ms=21.272
1790402817882 [prime-yield] count=54 remaining=8 chunks=1 wall_ms=21.285 max_chunk_ms=21.285
1790402817904 [prime-yield] count=55 remaining=7 chunks=1 wall_ms=21.268 max_chunk_ms=21.268
1790402817925 [prime-yield] count=56 remaining=6 chunks=1 wall_ms=21.312 max_chunk_ms=21.312
1790402817947 [prime-yield] count=57 remaining=5 chunks=1 wall_ms=21.262 max_chunk_ms=21.262
1790402817968 [prime-yield] count=58 remaining=4 chunks=1 wall_ms=21.305 max_chunk_ms=21.305
1790402817989 [prime-yield] count=59 remaining=3 chunks=1 wall_ms=21.298 max_chunk_ms=21.298
1790402818011 [prime-yield] count=60 remaining=2 chunks=1 wall_ms=21.268 max_chunk_ms=21.268
1790402818032 [prime-yield] count=61 remaining=1 chunks=1 wall_ms=20.905 max_chunk_ms=20.905
1790402818036 [prefix-cache] insert refused: entry 3824013312 exceeds budget 0 (spec-boundary, model q38, ns "rxc-122880-32-3-2")
1790402818401 [spec-acc] ctx=122977 burst=24/24 cum=24/24=1.000
1790402818411 [meter] admit id=cmpl-aeefed9d80a2d21bf5dd7645aee0628e tenant=default lane=interactive model="q38"
1790402818428 [admission] per-session draft-state charge: model="q38" +46MB (measured capture high-water)
1790402818428 [admission] request cost: model="q38" ctx=124928 path=spec = 31552 B/token x ctx + 4400MB prefill-workspace + 540MB fixed = 8881MB
1790402818428 [admit-predict] id=cmpl-aeefed9d80a2d21bf5dd7645aee0628e tenant="rxc-122880-32-3-3" model="q38" verdict=admit reason=global-p95 prompt=123072 predicted_completion=32 kv_hat=8870186856 booked_bytes=0 booked_real=0 inflight=0 cap=64 budget_bytes=81762758352 retry_after_s=- exempt=0 enforce=0 live_free_bytes=-
1790402818429 [spec-k] model="q38" tenant="rxc-122880-32-3-3" K=3 source=cold-long prompt=123072 cached=0 lcp=0 active=1 wave=1 placement=single-or-non-pp2
1790402819492 [prime-yield] count=1 remaining=61 chunks=1 wall_ms=1054.037 max_chunk_ms=1054.037
1790402820589 [prime-yield] count=2 remaining=60 chunks=1 wall_ms=1096.556 max_chunk_ms=1096.556
1790402821721 [prime-yield] count=3 remaining=59 chunks=1 wall_ms=1132.385 max_chunk_ms=1132.385
1790402822890 [prime-yield] count=4 remaining=58 chunks=1 wall_ms=1168.931 max_chunk_ms=1168.931
1790402824096 [prime-yield] count=5 remaining=57 chunks=1 wall_ms=1205.396 max_chunk_ms=1205.396
1790402825337 [prime-yield] count=6 remaining=56 chunks=1 wall_ms=1240.746 max_chunk_ms=1240.746
1790402826613 [prime-yield] count=7 remaining=55 chunks=1 wall_ms=1276.581 max_chunk_ms=1276.581
1790402827926 [prime-yield] count=8 remaining=54 chunks=1 wall_ms=1312.612 max_chunk_ms=1312.612
1790402829275 [prime-yield] count=9 remaining=53 chunks=1 wall_ms=1348.889 max_chunk_ms=1348.889
1790402830660 [prime-yield] count=10 remaining=52 chunks=1 wall_ms=1384.688 max_chunk_ms=1384.688
1790402832081 [prime-yield] count=11 remaining=51 chunks=1 wall_ms=1420.875 max_chunk_ms=1420.875
1790402833538 [prime-yield] count=12 remaining=50 chunks=1 wall_ms=1457.081 max_chunk_ms=1457.081
1790402835031 [prime-yield] count=13 remaining=49 chunks=1 wall_ms=1493.075 max_chunk_ms=1493.075
1790402836561 [prime-yield] count=14 remaining=48 chunks=1 wall_ms=1529.231 max_chunk_ms=1529.231
1790402838126 [prime-yield] count=15 remaining=47 chunks=1 wall_ms=1565.539 max_chunk_ms=1565.539
1790402839728 [prime-yield] count=16 remaining=46 chunks=1 wall_ms=1601.756 max_chunk_ms=1601.756
1790402841366 [prime-yield] count=17 remaining=45 chunks=1 wall_ms=1637.919 max_chunk_ms=1637.919
1790402843040 [prime-yield] count=18 remaining=44 chunks=1 wall_ms=1673.253 max_chunk_ms=1673.253
1790402844750 [prime-yield] count=19 remaining=43 chunks=1 wall_ms=1709.876 max_chunk_ms=1709.876
1790402846496 [prime-yield] count=20 remaining=42 chunks=1 wall_ms=1746.008 max_chunk_ms=1746.008
1790402848278 [prime-yield] count=21 remaining=41 chunks=1 wall_ms=1782.046 max_chunk_ms=1782.046
1790402850098 [prime-yield] count=22 remaining=40 chunks=1 wall_ms=1819.362 max_chunk_ms=1819.362
1790402851953 [prime-yield] count=23 remaining=39 chunks=1 wall_ms=1855.141 max_chunk_ms=1855.141
1790402853845 [prime-yield] count=24 remaining=38 chunks=1 wall_ms=1891.963 max_chunk_ms=1891.963
1790402855774 [prime-yield] count=25 remaining=37 chunks=1 wall_ms=1928.900 max_chunk_ms=1928.900
1790402857739 [prime-yield] count=26 remaining=36 chunks=1 wall_ms=1965.137 max_chunk_ms=1965.137
1790402859741 [prime-yield] count=27 remaining=35 chunks=1 wall_ms=2001.627 max_chunk_ms=2001.627
1790402861779 [prime-yield] count=28 remaining=34 chunks=1 wall_ms=2037.435 max_chunk_ms=2037.435
1790402862612 [prime-yield] count=29 remaining=33 chunks=1 wall_ms=833.477 max_chunk_ms=833.477
1790402864696 [prime-yield] count=30 remaining=32 chunks=1 wall_ms=2084.193 max_chunk_ms=2084.193
1790402866155 [spec] pre-capture pool trim: released 1760MB cached back to the driver (driver free 876MB < required 3160MB; instantiate allocates from the driver)
1790402866157 [prime-yield] count=31 remaining=31 chunks=1 wall_ms=1460.495 max_chunk_ms=1460.495
1790402866180 [prime-yield] count=32 remaining=30 chunks=1 wall_ms=22.962 max_chunk_ms=22.962
1790402866202 [prime-yield] count=33 remaining=29 chunks=1 wall_ms=21.237 max_chunk_ms=21.237
1790402866223 [prime-yield] count=34 remaining=28 chunks=1 wall_ms=21.270 max_chunk_ms=21.270
1790402866244 [prime-yield] count=35 remaining=27 chunks=1 wall_ms=21.232 max_chunk_ms=21.232
1790402866266 [prime-yield] count=36 remaining=26 chunks=1 wall_ms=21.274 max_chunk_ms=21.274
1790402866287 [prime-yield] count=37 remaining=25 chunks=1 wall_ms=21.256 max_chunk_ms=21.256
1790402866308 [prime-yield] count=38 remaining=24 chunks=1 wall_ms=21.218 max_chunk_ms=21.218
1790402866330 [prime-yield] count=39 remaining=23 chunks=1 wall_ms=21.256 max_chunk_ms=21.256
1790402866351 [prime-yield] count=40 remaining=22 chunks=1 wall_ms=21.247 max_chunk_ms=21.247
1790402866372 [prime-yield] count=41 remaining=21 chunks=1 wall_ms=21.232 max_chunk_ms=21.232
1790402866394 [prime-yield] count=42 remaining=20 chunks=1 wall_ms=21.221 max_chunk_ms=21.221
1790402866415 [prime-yield] count=43 remaining=19 chunks=1 wall_ms=21.242 max_chunk_ms=21.242
1790402866436 [prime-yield] count=44 remaining=18 chunks=1 wall_ms=21.244 max_chunk_ms=21.244
1790402866458 [prime-yield] count=45 remaining=17 chunks=1 wall_ms=21.227 max_chunk_ms=21.227
1790402866479 [prime-yield] count=46 remaining=16 chunks=1 wall_ms=21.260 max_chunk_ms=21.260
1790402866500 [prime-yield] count=47 remaining=15 chunks=1 wall_ms=21.228 max_chunk_ms=21.228
1790402866522 [prime-yield] count=48 remaining=14 chunks=1 wall_ms=21.253 max_chunk_ms=21.253
1790402866543 [prime-yield] count=49 remaining=13 chunks=1 wall_ms=21.241 max_chunk_ms=21.241
1790402866564 [prime-yield] count=50 remaining=12 chunks=1 wall_ms=21.213 max_chunk_ms=21.213
1790402866586 [prime-yield] count=51 remaining=11 chunks=1 wall_ms=21.241 max_chunk_ms=21.241
1790402866607 [prime-yield] count=52 remaining=10 chunks=1 wall_ms=21.261 max_chunk_ms=21.261
1790402866628 [prime-yield] count=53 remaining=9 chunks=1 wall_ms=21.247 max_chunk_ms=21.247
1790402866650 [prime-yield] count=54 remaining=8 chunks=1 wall_ms=21.224 max_chunk_ms=21.224
1790402866671 [prime-yield] count=55 remaining=7 chunks=1 wall_ms=21.219 max_chunk_ms=21.219
1790402866692 [prime-yield] count=56 remaining=6 chunks=1 wall_ms=21.259 max_chunk_ms=21.259
1790402866714 [prime-yield] count=57 remaining=5 chunks=1 wall_ms=21.265 max_chunk_ms=21.265
1790402866735 [prime-yield] count=58 remaining=4 chunks=1 wall_ms=21.201 max_chunk_ms=21.201
1790402866756 [prime-yield] count=59 remaining=3 chunks=1 wall_ms=21.241 max_chunk_ms=21.241
1790402866778 [prime-yield] count=60 remaining=2 chunks=1 wall_ms=21.213 max_chunk_ms=21.213
1790402866799 [prime-yield] count=61 remaining=1 chunks=1 wall_ms=21.205 max_chunk_ms=21.205
1790402866805 [prefix-cache] insert refused: entry 3824013312 exceeds budget 0 (spec-boundary, model q38, ns "rxc-122880-32-3-3")
1790402867168 [spec-acc] ctx=123073 burst=23/24 cum=23/24=0.958
1790402867180 [meter] admit id=cmpl-f8777b46e9e86a0816718ae47a4683c1 tenant=default lane=interactive model="q38"
1790402867195 [admission] per-session draft-state charge: model="q38" +46MB (measured capture high-water)
1790402867195 [admission] request cost: model="q38" ctx=124928 path=spec = 31552 B/token x ctx + 4396MB prefill-workspace + 540MB fixed = 8877MB
1790402867195 [admit-predict] id=cmpl-f8777b46e9e86a0816718ae47a4683c1 tenant="rx-122880-32-4" model="q38" verdict=admit reason=global-p95 prompt=122880 predicted_completion=32 kv_hat=8860196712 booked_bytes=0 booked_real=0 inflight=0 cap=64 budget_bytes=81762758352 retry_after_s=- exempt=0 enforce=0 live_free_bytes=-
1790402867196 [admit-oom] reclaim-on-defer: evicted 0 prefix entries + 0 plain + 1 spec + 0 dspark parked sessions (global LRU); effective free 9053MB -> 13695MB
1790402867198 [admit-trim] dev0 driver_free_bytes=1690566656 floor_bytes=2147483648 reclaimed_bytes=436207616 still_owned_bytes=87651982524 pool_reserved_bytes=99220455424 driver_free_after=2126774272 before prime
1790402867198 [spec-k] model="q38" tenant="rx-122880-32-4" K=3 source=cold-long prompt=122880 cached=0 lcp=0 active=1 wave=1 placement=single-or-non-pp2
1790402868253 [prime-yield] count=1 remaining=60 chunks=1 wall_ms=1054.791 max_chunk_ms=1054.791
1790402869350 [prime-yield] count=2 remaining=59 chunks=1 wall_ms=1096.159 max_chunk_ms=1096.159
1790402870482 [prime-yield] count=3 remaining=58 chunks=1 wall_ms=1132.746 max_chunk_ms=1132.746
1790402871651 [prime-yield] count=4 remaining=57 chunks=1 wall_ms=1168.730 max_chunk_ms=1168.730
1790402872856 [prime-yield] count=5 remaining=56 chunks=1 wall_ms=1204.692 max_chunk_ms=1204.692
1790402874097 [prime-yield] count=6 remaining=55 chunks=1 wall_ms=1240.516 max_chunk_ms=1240.516
1790402875374 [prime-yield] count=7 remaining=54 chunks=1 wall_ms=1276.615 max_chunk_ms=1276.615
1790402876687 [prime-yield] count=8 remaining=53 chunks=1 wall_ms=1313.033 max_chunk_ms=1313.033
1790402878036 [prime-yield] count=9 remaining=52 chunks=1 wall_ms=1348.994 max_chunk_ms=1348.994
1790402879421 [prime-yield] count=10 remaining=51 chunks=1 wall_ms=1385.179 max_chunk_ms=1385.179
1790402880842 [prime-yield] count=11 remaining=50 chunks=1 wall_ms=1420.566 max_chunk_ms=1420.566
1790402882298 [prime-yield] count=12 remaining=49 chunks=1 wall_ms=1456.443 max_chunk_ms=1456.443
1790402883792 [prime-yield] count=13 remaining=48 chunks=1 wall_ms=1493.258 max_chunk_ms=1493.258
1790402885321 [prime-yield] count=14 remaining=47 chunks=1 wall_ms=1529.289 max_chunk_ms=1529.289
1790402886886 [prime-yield] count=15 remaining=46 chunks=1 wall_ms=1564.438 max_chunk_ms=1564.438
1790402888487 [prime-yield] count=16 remaining=45 chunks=1 wall_ms=1600.789 max_chunk_ms=1600.789
1790402890124 [prime-yield] count=17 remaining=44 chunks=1 wall_ms=1636.974 max_chunk_ms=1636.974
1790402891797 [prime-yield] count=18 remaining=43 chunks=1 wall_ms=1673.560 max_chunk_ms=1673.560
1790402893508 [prime-yield] count=19 remaining=42 chunks=1 wall_ms=1710.284 max_chunk_ms=1710.284
1790402895254 [prime-yield] count=20 remaining=41 chunks=1 wall_ms=1746.030 max_chunk_ms=1746.030
1790402897037 [prime-yield] count=21 remaining=40 chunks=1 wall_ms=1782.466 max_chunk_ms=1782.466
1790402898855 [prime-yield] count=22 remaining=39 chunks=1 wall_ms=1818.626 max_chunk_ms=1818.626
1790402900711 [prime-yield] count=23 remaining=38 chunks=1 wall_ms=1854.896 max_chunk_ms=1854.896
1790402902602 [prime-yield] count=24 remaining=37 chunks=1 wall_ms=1891.016 max_chunk_ms=1891.016
1790402904530 [prime-yield] count=25 remaining=36 chunks=1 wall_ms=1927.571 max_chunk_ms=1927.571
1790402906493 [prime-yield] count=26 remaining=35 chunks=1 wall_ms=1963.448 max_chunk_ms=1963.448
1790402908494 [prime-yield] count=27 remaining=34 chunks=1 wall_ms=2000.635 max_chunk_ms=2000.635
1790402910531 [prime-yield] count=28 remaining=33 chunks=1 wall_ms=2037.030 max_chunk_ms=2037.030
1790402910934 [prime-yield] count=29 remaining=32 chunks=1 wall_ms=403.071 max_chunk_ms=403.071
1790402913007 [prime-yield] count=30 remaining=31 chunks=1 wall_ms=2072.567 max_chunk_ms=2072.567
1790402914888 [spec] pre-capture pool trim: released 1888MB cached back to the driver (driver free 2028MB < required 3160MB; instantiate allocates from the driver)
1790402914890 [prime-yield] count=31 remaining=30 chunks=1 wall_ms=1883.084 max_chunk_ms=1883.084
1790402914913 [prime-yield] count=32 remaining=29 chunks=1 wall_ms=22.955 max_chunk_ms=22.955
1790402914935 [prime-yield] count=33 remaining=28 chunks=1 wall_ms=21.291 max_chunk_ms=21.291
1790402914956 [prime-yield] count=34 remaining=27 chunks=1 wall_ms=21.246 max_chunk_ms=21.246
1790402914977 [prime-yield] count=35 remaining=26 chunks=1 wall_ms=21.251 max_chunk_ms=21.251
1790402914999 [prime-yield] count=36 remaining=25 chunks=1 wall_ms=21.249 max_chunk_ms=21.249
1790402915020 [prime-yield] count=37 remaining=24 chunks=1 wall_ms=21.198 max_chunk_ms=21.198
1790402915041 [prime-yield] count=38 remaining=23 chunks=1 wall_ms=21.222 max_chunk_ms=21.222
1790402915063 [prime-yield] count=39 remaining=22 chunks=1 wall_ms=21.209 max_chunk_ms=21.209
1790402915084 [prime-yield] count=40 remaining=21 chunks=1 wall_ms=21.177 max_chunk_ms=21.177
1790402915105 [prime-yield] count=41 remaining=20 chunks=1 wall_ms=21.191 max_chunk_ms=21.191
1790402915126 [prime-yield] count=42 remaining=19 chunks=1 wall_ms=21.217 max_chunk_ms=21.217
1790402915148 [prime-yield] count=43 remaining=18 chunks=1 wall_ms=21.223 max_chunk_ms=21.223
1790402915169 [prime-yield] count=44 remaining=17 chunks=1 wall_ms=21.226 max_chunk_ms=21.226
1790402915190 [prime-yield] count=45 remaining=16 chunks=1 wall_ms=21.232 max_chunk_ms=21.232
1790402915212 [prime-yield] count=46 remaining=15 chunks=1 wall_ms=21.238 max_chunk_ms=21.238
1790402915233 [prime-yield] count=47 remaining=14 chunks=1 wall_ms=21.281 max_chunk_ms=21.281
1790402915254 [prime-yield] count=48 remaining=13 chunks=1 wall_ms=21.248 max_chunk_ms=21.248
1790402915276 [prime-yield] count=49 remaining=12 chunks=1 wall_ms=21.228 max_chunk_ms=21.228
1790402915297 [prime-yield] count=50 remaining=11 chunks=1 wall_ms=21.195 max_chunk_ms=21.195
1790402915318 [prime-yield] count=51 remaining=10 chunks=1 wall_ms=21.250 max_chunk_ms=21.250
1790402915340 [prime-yield] count=52 remaining=9 chunks=1 wall_ms=21.234 max_chunk_ms=21.234
1790402915361 [prime-yield] count=53 remaining=8 chunks=1 wall_ms=21.216 max_chunk_ms=21.216
1790402915382 [prime-yield] count=54 remaining=7 chunks=1 wall_ms=21.213 max_chunk_ms=21.213
1790402915404 [prime-yield] count=55 remaining=6 chunks=1 wall_ms=21.215 max_chunk_ms=21.215
1790402915425 [prime-yield] count=56 remaining=5 chunks=1 wall_ms=21.261 max_chunk_ms=21.261
1790402915446 [prime-yield] count=57 remaining=4 chunks=1 wall_ms=21.209 max_chunk_ms=21.209
1790402915468 [prime-yield] count=58 remaining=3 chunks=1 wall_ms=21.222 max_chunk_ms=21.222
1790402915489 [prime-yield] count=59 remaining=2 chunks=1 wall_ms=21.272 max_chunk_ms=21.272
1790402915510 [prime-yield] count=60 remaining=1 chunks=1 wall_ms=21.228 max_chunk_ms=21.228
1790402915536 [prefix-cache] insert refused: entry 3792713728 exceeds budget 0 (spec-boundary, model q38, ns "rx-122880-32-4")
1790402915900 [spec-acc] ctx=122881 burst=22/24 cum=22/24=0.917
1790402915912 [meter] admit id=cmpl-1298b8f5d084004c6d2a814d472c37d7 tenant=default lane=interactive model="q38"
1790402915927 [admission] per-session draft-state charge: model="q38" +46MB (measured capture high-water)
1790402915927 [admission] request cost: model="q38" ctx=124928 path=spec = 31552 B/token x ctx + 4398MB prefill-workspace + 540MB fixed = 8879MB
1790402915927 [admit-predict] id=cmpl-1298b8f5d084004c6d2a814d472c37d7 tenant="rx-122880-32-4" model="q38" verdict=admit reason=global-p95 prompt=122976 predicted_completion=32 kv_hat=8865191784 booked_bytes=0 booked_real=0 inflight=0 cap=64 budget_bytes=81762758352 retry_after_s=- exempt=0 enforce=0 live_free_bytes=-
1790402915927 [admit-oom] reclaim-on-defer: evicted 0 prefix entries + 0 plain + 1 spec + 0 dspark parked sessions (global LRU); effective free 9053MB -> 13695MB
1790402915928 [worker] spec-reuse: 122912 committed tokens resumed [sampler=equivalent] (model q38)
1790402915928 [spec-k] model="q38" tenant="rx-122880-32-4" K=2 source=cached-long prompt=122976 cached=122912 lcp=0 active=1 wave=1 placement=single-or-non-pp2
1790402916712 [spec-acc] ctx=64 burst=22/22 cum=22/22=1.000
1790402916723 [meter] admit id=cmpl-f557849b2784cde8486b78f48940dd49 tenant=default lane=interactive model="q38"
1790402916738 [admission] per-session draft-state charge: model="q38" +46MB (measured capture high-water)
1790402916738 [admission] request cost: model="q38" ctx=124928 path=spec = 31552 B/token x ctx + 4400MB prefill-workspace + 540MB fixed = 8881MB
1790402916738 [admit-predict] id=cmpl-f557849b2784cde8486b78f48940dd49 tenant="rx-122880-32-4" model="q38" verdict=admit reason=global-p95 prompt=123072 predicted_completion=32 kv_hat=8870186856 booked_bytes=0 booked_real=0 inflight=0 cap=64 budget_bytes=81762758352 retry_after_s=- exempt=0 enforce=0 live_free_bytes=-
1790402916738 [worker] spec-affinity: rewound to 122944 of 123072 prompt tokens (fingerprint; priming 128 suffix; model q38)
1790402916739 [spec-k] model="q38" tenant="rx-122880-32-4" K=2 source=cached-long prompt=123072 cached=122944 lcp=0 active=1 wave=1 placement=single-or-non-pp2
1790402917524 [spec-acc] ctx=128 burst=21/22 cum=21/22=0.955
1790402917536 [meter] admit id=cmpl-622ba73bd59331764da94ba39f486e9a tenant=default lane=interactive model="q38"
1790402917550 [admission] per-session draft-state charge: model="q38" +46MB (measured capture high-water)
1790402917550 [admission] request cost: model="q38" ctx=124928 path=spec = 31552 B/token x ctx + 4396MB prefill-workspace + 540MB fixed = 8877MB
1790402917550 [admit-predict] id=cmpl-622ba73bd59331764da94ba39f486e9a tenant="rxc-122880-32-4-1" model="q38" verdict=admit reason=global-p95 prompt=122880 predicted_completion=32 kv_hat=8860196712 booked_bytes=0 booked_real=0 inflight=0 cap=64 budget_bytes=81762758352 retry_after_s=- exempt=0 enforce=0 live_free_bytes=-
1790402917551 [spec-k] model="q38" tenant="rxc-122880-32-4-1" K=3 source=cold-long prompt=122880 cached=0 lcp=0 active=1 wave=1 placement=single-or-non-pp2
1790402918605 [prime-yield] count=1 remaining=60 chunks=1 wall_ms=1053.398 max_chunk_ms=1053.398
1790402919701 [prime-yield] count=2 remaining=59 chunks=1 wall_ms=1095.293 max_chunk_ms=1095.293
1790402920832 [prime-yield] count=3 remaining=58 chunks=1 wall_ms=1131.124 max_chunk_ms=1131.124
1790402921999 [prime-yield] count=4 remaining=57 chunks=1 wall_ms=1167.526 max_chunk_ms=1167.526
1790402923203 [prime-yield] count=5 remaining=56 chunks=1 wall_ms=1203.495 max_chunk_ms=1203.495
1790402924443 [prime-yield] count=6 remaining=55 chunks=1 wall_ms=1240.193 max_chunk_ms=1240.193
1790402925720 [prime-yield] count=7 remaining=54 chunks=1 wall_ms=1276.273 max_chunk_ms=1276.273
1790402927032 [prime-yield] count=8 remaining=53 chunks=1 wall_ms=1312.484 max_chunk_ms=1312.484
1790402928381 [prime-yield] count=9 remaining=52 chunks=1 wall_ms=1348.010 max_chunk_ms=1348.010
1790402929765 [prime-yield] count=10 remaining=51 chunks=1 wall_ms=1384.420 max_chunk_ms=1384.420
1790402931185 [prime-yield] count=11 remaining=50 chunks=1 wall_ms=1419.887 max_chunk_ms=1419.887
1790402932642 [prime-yield] count=12 remaining=49 chunks=1 wall_ms=1457.052 max_chunk_ms=1457.052
1790402934135 [prime-yield] count=13 remaining=48 chunks=1 wall_ms=1492.607 max_chunk_ms=1492.607
1790402935663 [prime-yield] count=14 remaining=47 chunks=1 wall_ms=1528.057 max_chunk_ms=1528.057
1790402937227 [prime-yield] count=15 remaining=46 chunks=1 wall_ms=1564.100 max_chunk_ms=1564.100
1790402938829 [prime-yield] count=16 remaining=45 chunks=1 wall_ms=1601.515 max_chunk_ms=1601.515
1790402940466 [prime-yield] count=17 remaining=44 chunks=1 wall_ms=1636.880 max_chunk_ms=1636.880
1790402942140 [prime-yield] count=18 remaining=43 chunks=1 wall_ms=1673.281 max_chunk_ms=1673.281
1790402943849 [prime-yield] count=19 remaining=42 chunks=1 wall_ms=1709.739 max_chunk_ms=1709.739
1790402945596 [prime-yield] count=20 remaining=41 chunks=1 wall_ms=1746.809 max_chunk_ms=1746.809
1790402947379 [prime-yield] count=21 remaining=40 chunks=1 wall_ms=1782.933 max_chunk_ms=1782.933
1790402949199 [prime-yield] count=22 remaining=39 chunks=1 wall_ms=1819.662 max_chunk_ms=1819.662
1790402951055 [prime-yield] count=23 remaining=38 chunks=1 wall_ms=1855.660 max_chunk_ms=1855.660
1790402952948 [prime-yield] count=24 remaining=37 chunks=1 wall_ms=1892.414 max_chunk_ms=1892.414
1790402954876 [prime-yield] count=25 remaining=36 chunks=1 wall_ms=1927.696 max_chunk_ms=1927.696
1790402956841 [prime-yield] count=26 remaining=35 chunks=1 wall_ms=1964.850 max_chunk_ms=1964.850
1790402958842 [prime-yield] count=27 remaining=34 chunks=1 wall_ms=2001.385 max_chunk_ms=2001.385
1790402960880 [prime-yield] count=28 remaining=33 chunks=1 wall_ms=2037.792 max_chunk_ms=2037.792
1790402961283 [prime-yield] count=29 remaining=32 chunks=1 wall_ms=402.542 max_chunk_ms=402.542
1790402963357 [prime-yield] count=30 remaining=31 chunks=1 wall_ms=2074.057 max_chunk_ms=2074.057
1790402965239 [spec] pre-capture pool trim: released 1984MB cached back to the driver (driver free 2060MB < required 3160MB; instantiate allocates from the driver)
1790402965242 [prime-yield] count=31 remaining=30 chunks=1 wall_ms=1884.234 max_chunk_ms=1884.234
1790402965265 [prime-yield] count=32 remaining=29 chunks=1 wall_ms=23.137 max_chunk_ms=23.137
1790402965286 [prime-yield] count=33 remaining=28 chunks=1 wall_ms=21.263 max_chunk_ms=21.263
1790402965308 [prime-yield] count=34 remaining=27 chunks=1 wall_ms=21.254 max_chunk_ms=21.254
1790402965329 [prime-yield] count=35 remaining=26 chunks=1 wall_ms=21.258 max_chunk_ms=21.258
1790402965350 [prime-yield] count=36 remaining=25 chunks=1 wall_ms=21.269 max_chunk_ms=21.269
1790402965372 [prime-yield] count=37 remaining=24 chunks=1 wall_ms=21.239 max_chunk_ms=21.239
1790402965393 [prime-yield] count=38 remaining=23 chunks=1 wall_ms=21.223 max_chunk_ms=21.223
1790402965414 [prime-yield] count=39 remaining=22 chunks=1 wall_ms=21.229 max_chunk_ms=21.229
1790402965436 [prime-yield] count=40 remaining=21 chunks=1 wall_ms=21.237 max_chunk_ms=21.237
1790402965457 [prime-yield] count=41 remaining=20 chunks=1 wall_ms=21.234 max_chunk_ms=21.234
1790402965478 [prime-yield] count=42 remaining=19 chunks=1 wall_ms=21.244 max_chunk_ms=21.244
1790402965500 [prime-yield] count=43 remaining=18 chunks=1 wall_ms=21.243 max_chunk_ms=21.243
1790402965521 [prime-yield] count=44 remaining=17 chunks=1 wall_ms=21.210 max_chunk_ms=21.210
1790402965542 [prime-yield] count=45 remaining=16 chunks=1 wall_ms=21.227 max_chunk_ms=21.227
1790402965563 [prime-yield] count=46 remaining=15 chunks=1 wall_ms=21.232 max_chunk_ms=21.232
1790402965585 [prime-yield] count=47 remaining=14 chunks=1 wall_ms=21.249 max_chunk_ms=21.249
1790402965606 [prime-yield] count=48 remaining=13 chunks=1 wall_ms=21.256 max_chunk_ms=21.256
1790402965627 [prime-yield] count=49 remaining=12 chunks=1 wall_ms=21.226 max_chunk_ms=21.226
1790402965649 [prime-yield] count=50 remaining=11 chunks=1 wall_ms=21.216 max_chunk_ms=21.216
1790402965670 [prime-yield] count=51 remaining=10 chunks=1 wall_ms=21.268 max_chunk_ms=21.268
1790402965691 [prime-yield] count=52 remaining=9 chunks=1 wall_ms=21.222 max_chunk_ms=21.222
1790402965713 [prime-yield] count=53 remaining=8 chunks=1 wall_ms=21.227 max_chunk_ms=21.227
1790402965734 [prime-yield] count=54 remaining=7 chunks=1 wall_ms=21.218 max_chunk_ms=21.218
1790402965755 [prime-yield] count=55 remaining=6 chunks=1 wall_ms=21.210 max_chunk_ms=21.210
1790402965777 [prime-yield] count=56 remaining=5 chunks=1 wall_ms=21.244 max_chunk_ms=21.244
1790402965798 [prime-yield] count=57 remaining=4 chunks=1 wall_ms=21.276 max_chunk_ms=21.276
1790402965820 [prime-yield] count=58 remaining=3 chunks=1 wall_ms=21.253 max_chunk_ms=21.253
1790402965841 [prime-yield] count=59 remaining=2 chunks=1 wall_ms=21.224 max_chunk_ms=21.224
1790402965862 [prime-yield] count=60 remaining=1 chunks=1 wall_ms=21.219 max_chunk_ms=21.219
1790402965888 [prefix-cache] insert refused: entry 3792713728 exceeds budget 0 (spec-boundary, model q38, ns "rxc-122880-32-4-1")
1790402966252 [spec-acc] ctx=122881 burst=22/24 cum=22/24=0.917
1790402966262 [meter] admit id=cmpl-b1b133ea9b8988568528f6c57fb69d68 tenant=default lane=interactive model="q38"
1790402966279 [admission] per-session draft-state charge: model="q38" +46MB (measured capture high-water)
1790402966279 [admission] request cost: model="q38" ctx=124928 path=spec = 31552 B/token x ctx + 4398MB prefill-workspace + 540MB fixed = 8879MB
1790402966279 [admit-predict] id=cmpl-b1b133ea9b8988568528f6c57fb69d68 tenant="rxc-122880-32-4-2" model="q38" verdict=admit reason=global-p95 prompt=122976 predicted_completion=32 kv_hat=8865191784 booked_bytes=0 booked_real=0 inflight=0 cap=64 budget_bytes=81762758352 retry_after_s=- exempt=0 enforce=0 live_free_bytes=-
1790402966279 [admit-oom] reclaim-on-defer: evicted 0 prefix entries + 0 plain + 1 spec + 0 dspark parked sessions (global LRU); effective free 9053MB -> 13695MB
1790402966280 [spec-k] model="q38" tenant="rxc-122880-32-4-2" K=3 source=cold-long prompt=122976 cached=0 lcp=0 active=1 wave=1 placement=single-or-non-pp2
1790402967335 [prime-yield] count=1 remaining=61 chunks=1 wall_ms=1055.237 max_chunk_ms=1055.237
1790402968431 [prime-yield] count=2 remaining=60 chunks=1 wall_ms=1095.848 max_chunk_ms=1095.848
1790402969564 [prime-yield] count=3 remaining=59 chunks=1 wall_ms=1132.919 max_chunk_ms=1132.919
1790402970733 [prime-yield] count=4 remaining=58 chunks=1 wall_ms=1168.754 max_chunk_ms=1168.754
1790402971938 [prime-yield] count=5 remaining=57 chunks=1 wall_ms=1204.785 max_chunk_ms=1204.785
1790402973179 [prime-yield] count=6 remaining=56 chunks=1 wall_ms=1241.205 max_chunk_ms=1241.205
1790402974456 [prime-yield] count=7 remaining=55 chunks=1 wall_ms=1277.091 max_chunk_ms=1277.091
1790402975770 [prime-yield] count=8 remaining=54 chunks=1 wall_ms=1313.220 max_chunk_ms=1313.220
1790402977119 [prime-yield] count=9 remaining=53 chunks=1 wall_ms=1349.446 max_chunk_ms=1349.446
1790402978505 [prime-yield] count=10 remaining=52 chunks=1 wall_ms=1385.843 max_chunk_ms=1385.843
1790402979927 [prime-yield] count=11 remaining=51 chunks=1 wall_ms=1421.576 max_chunk_ms=1421.576
1790402981385 [prime-yield] count=12 remaining=50 chunks=1 wall_ms=1457.418 max_chunk_ms=1457.418
1790402982877 [prime-yield] count=13 remaining=49 chunks=1 wall_ms=1492.807 max_chunk_ms=1492.807
1790402984407 [prime-yield] count=14 remaining=48 chunks=1 wall_ms=1529.006 max_chunk_ms=1529.006
1790402985972 [prime-yield] count=15 remaining=47 chunks=1 wall_ms=1565.464 max_chunk_ms=1565.464
1790402987574 [prime-yield] count=16 remaining=46 chunks=1 wall_ms=1601.815 max_chunk_ms=1601.815
1790402989212 [prime-yield] count=17 remaining=45 chunks=1 wall_ms=1637.635 max_chunk_ms=1637.635
1790402990886 [prime-yield] count=18 remaining=44 chunks=1 wall_ms=1673.617 max_chunk_ms=1673.617
1790402992596 [prime-yield] count=19 remaining=43 chunks=1 wall_ms=1709.686 max_chunk_ms=1709.686
1790402994342 [prime-yield] count=20 remaining=42 chunks=1 wall_ms=1746.369 max_chunk_ms=1746.369
1790402996124 [prime-yield] count=21 remaining=41 chunks=1 wall_ms=1782.231 max_chunk_ms=1782.231
1790402997943 [prime-yield] count=22 remaining=40 chunks=1 wall_ms=1818.751 max_chunk_ms=1818.751
1790402999799 [prime-yield] count=23 remaining=39 chunks=1 wall_ms=1855.685 max_chunk_ms=1855.685
1790403001691 [prime-yield] count=24 remaining=38 chunks=1 wall_ms=1891.755 max_chunk_ms=1891.755
1790403003618 [prime-yield] count=25 remaining=37 chunks=1 wall_ms=1927.195 max_chunk_ms=1927.195
1790403005583 [prime-yield] count=26 remaining=36 chunks=1 wall_ms=1964.200 max_chunk_ms=1964.200
1790403007584 [prime-yield] count=27 remaining=35 chunks=1 wall_ms=2000.799 max_chunk_ms=2000.799
1790403009621 [prime-yield] count=28 remaining=34 chunks=1 wall_ms=2036.745 max_chunk_ms=2036.745
1790403010024 [prime-yield] count=29 remaining=33 chunks=1 wall_ms=402.746 max_chunk_ms=402.746
1790403012096 [prime-yield] count=30 remaining=32 chunks=1 wall_ms=2072.603 max_chunk_ms=2072.603
1790403014025 [spec] pre-capture pool trim: released 1984MB cached back to the driver (driver free 2060MB < required 3160MB; instantiate allocates from the driver)
1790403014027 [prime-yield] count=31 remaining=31 chunks=1 wall_ms=1930.817 max_chunk_ms=1930.817
1790403014052 [prime-yield] count=32 remaining=30 chunks=1 wall_ms=24.929 max_chunk_ms=24.929
1790403014074 [prime-yield] count=33 remaining=29 chunks=1 wall_ms=21.249 max_chunk_ms=21.249
1790403014095 [prime-yield] count=34 remaining=28 chunks=1 wall_ms=21.260 max_chunk_ms=21.260
1790403014116 [prime-yield] count=35 remaining=27 chunks=1 wall_ms=21.291 max_chunk_ms=21.291
1790403014138 [prime-yield] count=36 remaining=26 chunks=1 wall_ms=21.305 max_chunk_ms=21.305
1790403014159 [prime-yield] count=37 remaining=25 chunks=1 wall_ms=21.307 max_chunk_ms=21.307
1790403014181 [prime-yield] count=38 remaining=24 chunks=1 wall_ms=21.301 max_chunk_ms=21.301
1790403014202 [prime-yield] count=39 remaining=23 chunks=1 wall_ms=21.299 max_chunk_ms=21.299
1790403014223 [prime-yield] count=40 remaining=22 chunks=1 wall_ms=21.278 max_chunk_ms=21.278
1790403014245 [prime-yield] count=41 remaining=21 chunks=1 wall_ms=21.346 max_chunk_ms=21.346
1790403014266 [prime-yield] count=42 remaining=20 chunks=1 wall_ms=21.281 max_chunk_ms=21.281
1790403014288 [prime-yield] count=43 remaining=19 chunks=1 wall_ms=21.338 max_chunk_ms=21.338
1790403014309 [prime-yield] count=44 remaining=18 chunks=1 wall_ms=21.303 max_chunk_ms=21.303
1790403014330 [prime-yield] count=45 remaining=17 chunks=1 wall_ms=21.257 max_chunk_ms=21.257
1790403014352 [prime-yield] count=46 remaining=16 chunks=1 wall_ms=21.300 max_chunk_ms=21.300
1790403014373 [prime-yield] count=47 remaining=15 chunks=1 wall_ms=21.282 max_chunk_ms=21.282
1790403014395 [prime-yield] count=48 remaining=14 chunks=1 wall_ms=21.325 max_chunk_ms=21.325
1790403014416 [prime-yield] count=49 remaining=13 chunks=1 wall_ms=21.279 max_chunk_ms=21.279
1790403014437 [prime-yield] count=50 remaining=12 chunks=1 wall_ms=21.299 max_chunk_ms=21.299
1790403014459 [prime-yield] count=51 remaining=11 chunks=1 wall_ms=21.272 max_chunk_ms=21.272
1790403014480 [prime-yield] count=52 remaining=10 chunks=1 wall_ms=21.260 max_chunk_ms=21.260
1790403014501 [prime-yield] count=53 remaining=9 chunks=1 wall_ms=21.267 max_chunk_ms=21.267
1790403014523 [prime-yield] count=54 remaining=8 chunks=1 wall_ms=21.283 max_chunk_ms=21.283
1790403014544 [prime-yield] count=55 remaining=7 chunks=1 wall_ms=21.265 max_chunk_ms=21.265
1790403014566 [prime-yield] count=56 remaining=6 chunks=1 wall_ms=21.291 max_chunk_ms=21.291
1790403014587 [prime-yield] count=57 remaining=5 chunks=1 wall_ms=21.314 max_chunk_ms=21.314
1790403014608 [prime-yield] count=58 remaining=4 chunks=1 wall_ms=21.265 max_chunk_ms=21.265
1790403014630 [prime-yield] count=59 remaining=3 chunks=1 wall_ms=21.292 max_chunk_ms=21.292
1790403014651 [prime-yield] count=60 remaining=2 chunks=1 wall_ms=21.280 max_chunk_ms=21.280
1790403014672 [prime-yield] count=61 remaining=1 chunks=1 wall_ms=21.287 max_chunk_ms=21.287
1790403014678 [prefix-cache] insert refused: entry 3792713728 exceeds budget 0 (spec-boundary, model q38, ns "rxc-122880-32-4-2")
1790403015042 [spec-acc] ctx=122977 burst=24/24 cum=24/24=1.000
1790403015052 [meter] admit id=cmpl-a13a4141c1d420b00805de02820cbc43 tenant=default lane=interactive model="q38"
1790403015068 [admission] per-session draft-state charge: model="q38" +46MB (measured capture high-water)
1790403015068 [admission] request cost: model="q38" ctx=124928 path=spec = 31552 B/token x ctx + 4400MB prefill-workspace + 540MB fixed = 8881MB
1790403015068 [admit-predict] id=cmpl-a13a4141c1d420b00805de02820cbc43 tenant="rxc-122880-32-4-3" model="q38" verdict=admit reason=global-p95 prompt=123072 predicted_completion=32 kv_hat=8870186856 booked_bytes=0 booked_real=0 inflight=0 cap=64 budget_bytes=81762758352 retry_after_s=- exempt=0 enforce=0 live_free_bytes=-
1790403015069 [admit-oom] reclaim-on-defer: evicted 0 prefix entries + 0 plain + 1 spec + 0 dspark parked sessions (global LRU); effective free 9053MB -> 13695MB
1790403015069 [spec-k] model="q38" tenant="rxc-122880-32-4-3" K=3 source=cold-long prompt=123072 cached=0 lcp=0 active=1 wave=1 placement=single-or-non-pp2
1790403016125 [prime-yield] count=1 remaining=61 chunks=1 wall_ms=1054.939 max_chunk_ms=1054.939
1790403017221 [prime-yield] count=2 remaining=60 chunks=1 wall_ms=1096.666 max_chunk_ms=1096.666
1790403018353 [prime-yield] count=3 remaining=59 chunks=1 wall_ms=1131.836 max_chunk_ms=1131.836
1790403019522 [prime-yield] count=4 remaining=58 chunks=1 wall_ms=1167.970 max_chunk_ms=1167.970
1790403020725 [prime-yield] count=5 remaining=57 chunks=1 wall_ms=1203.687 max_chunk_ms=1203.687
1790403021965 [prime-yield] count=6 remaining=56 chunks=1 wall_ms=1239.903 max_chunk_ms=1239.903
1790403023242 [prime-yield] count=7 remaining=55 chunks=1 wall_ms=1276.305 max_chunk_ms=1276.305
1790403024555 [prime-yield] count=8 remaining=54 chunks=1 wall_ms=1312.744 max_chunk_ms=1312.744
1790403025904 [prime-yield] count=9 remaining=53 chunks=1 wall_ms=1348.906 max_chunk_ms=1348.906
1790403027289 [prime-yield] count=10 remaining=52 chunks=1 wall_ms=1384.637 max_chunk_ms=1384.637
1790403028709 [prime-yield] count=11 remaining=51 chunks=1 wall_ms=1420.405 max_chunk_ms=1420.405
1790403030166 [prime-yield] count=12 remaining=50 chunks=1 wall_ms=1456.424 max_chunk_ms=1456.424
1790403031659 [prime-yield] count=13 remaining=49 chunks=1 wall_ms=1492.895 max_chunk_ms=1492.895
1790403033188 [prime-yield] count=14 remaining=48 chunks=1 wall_ms=1529.244 max_chunk_ms=1529.244
1790403034753 [prime-yield] count=15 remaining=47 chunks=1 wall_ms=1564.966 max_chunk_ms=1564.966
1790403036355 [prime-yield] count=16 remaining=46 chunks=1 wall_ms=1601.572 max_chunk_ms=1601.572
1790403037991 [prime-yield] count=17 remaining=45 chunks=1 wall_ms=1636.343 max_chunk_ms=1636.343
1790403039664 [prime-yield] count=18 remaining=44 chunks=1 wall_ms=1672.909 max_chunk_ms=1672.909
1790403041373 [prime-yield] count=19 remaining=43 chunks=1 wall_ms=1708.311 max_chunk_ms=1708.311
1790403043118 [prime-yield] count=20 remaining=42 chunks=1 wall_ms=1745.479 max_chunk_ms=1745.479
1790403044901 [prime-yield] count=21 remaining=41 chunks=1 wall_ms=1781.878 max_chunk_ms=1781.878
1790403046719 [prime-yield] count=22 remaining=40 chunks=1 wall_ms=1818.844 max_chunk_ms=1818.844
1790403048574 [prime-yield] count=23 remaining=39 chunks=1 wall_ms=1854.839 max_chunk_ms=1854.839
1790403050465 [prime-yield] count=24 remaining=38 chunks=1 wall_ms=1890.739 max_chunk_ms=1890.739
1790403052392 [prime-yield] count=25 remaining=37 chunks=1 wall_ms=1926.854 max_chunk_ms=1926.854
1790403054356 [prime-yield] count=26 remaining=36 chunks=1 wall_ms=1963.509 max_chunk_ms=1963.509
1790403056356 [prime-yield] count=27 remaining=35 chunks=1 wall_ms=2000.311 max_chunk_ms=2000.311
1790403058394 [prime-yield] count=28 remaining=34 chunks=1 wall_ms=2037.107 max_chunk_ms=2037.107
1790403058797 [prime-yield] count=29 remaining=33 chunks=1 wall_ms=402.684 max_chunk_ms=402.684
1790403060870 [prime-yield] count=30 remaining=32 chunks=1 wall_ms=2073.224 max_chunk_ms=2073.224
1790403062839 [spec] pre-capture pool trim: released 1920MB cached back to the driver (driver free 2060MB < required 3160MB; instantiate allocates from the driver)
1790403062841 [prime-yield] count=31 remaining=31 chunks=1 wall_ms=1970.764 max_chunk_ms=1970.764
1790403062864 [prime-yield] count=32 remaining=30 chunks=1 wall_ms=23.173 max_chunk_ms=23.173
1790403062886 [prime-yield] count=33 remaining=29 chunks=1 wall_ms=21.327 max_chunk_ms=21.327
1790403062907 [prime-yield] count=34 remaining=28 chunks=1 wall_ms=21.285 max_chunk_ms=21.285
1790403062928 [prime-yield] count=35 remaining=27 chunks=1 wall_ms=21.261 max_chunk_ms=21.261
1790403062950 [prime-yield] count=36 remaining=26 chunks=1 wall_ms=21.320 max_chunk_ms=21.320
1790403062971 [prime-yield] count=37 remaining=25 chunks=1 wall_ms=21.244 max_chunk_ms=21.244
1790403062992 [prime-yield] count=38 remaining=24 chunks=1 wall_ms=21.261 max_chunk_ms=21.261
1790403063014 [prime-yield] count=39 remaining=23 chunks=1 wall_ms=21.249 max_chunk_ms=21.249
1790403063035 [prime-yield] count=40 remaining=22 chunks=1 wall_ms=21.269 max_chunk_ms=21.269
1790403063056 [prime-yield] count=41 remaining=21 chunks=1 wall_ms=21.244 max_chunk_ms=21.244
1790403063078 [prime-yield] count=42 remaining=20 chunks=1 wall_ms=21.294 max_chunk_ms=21.294
1790403063099 [prime-yield] count=43 remaining=19 chunks=1 wall_ms=21.271 max_chunk_ms=21.271
1790403063121 [prime-yield] count=44 remaining=18 chunks=1 wall_ms=21.269 max_chunk_ms=21.269
1790403063142 [prime-yield] count=45 remaining=17 chunks=1 wall_ms=21.260 max_chunk_ms=21.260
1790403063163 [prime-yield] count=46 remaining=16 chunks=1 wall_ms=21.288 max_chunk_ms=21.288
1790403063185 [prime-yield] count=47 remaining=15 chunks=1 wall_ms=21.277 max_chunk_ms=21.277
1790403063206 [prime-yield] count=48 remaining=14 chunks=1 wall_ms=21.273 max_chunk_ms=21.273
1790403063227 [prime-yield] count=49 remaining=13 chunks=1 wall_ms=21.255 max_chunk_ms=21.255
1790403063249 [prime-yield] count=50 remaining=12 chunks=1 wall_ms=21.282 max_chunk_ms=21.282
1790403063270 [prime-yield] count=51 remaining=11 chunks=1 wall_ms=21.253 max_chunk_ms=21.253
1790403063291 [prime-yield] count=52 remaining=10 chunks=1 wall_ms=21.261 max_chunk_ms=21.261
1790403063313 [prime-yield] count=53 remaining=9 chunks=1 wall_ms=21.270 max_chunk_ms=21.270
1790403063334 [prime-yield] count=54 remaining=8 chunks=1 wall_ms=21.280 max_chunk_ms=21.280
1790403063356 [prime-yield] count=55 remaining=7 chunks=1 wall_ms=21.262 max_chunk_ms=21.262
1790403063377 [prime-yield] count=56 remaining=6 chunks=1 wall_ms=21.267 max_chunk_ms=21.267
1790403063398 [prime-yield] count=57 remaining=5 chunks=1 wall_ms=21.249 max_chunk_ms=21.249
1790403063420 [prime-yield] count=58 remaining=4 chunks=1 wall_ms=21.294 max_chunk_ms=21.294
1790403063441 [prime-yield] count=59 remaining=3 chunks=1 wall_ms=21.265 max_chunk_ms=21.265
1790403063462 [prime-yield] count=60 remaining=2 chunks=1 wall_ms=21.248 max_chunk_ms=21.248
1790403063484 [prime-yield] count=61 remaining=1 chunks=1 wall_ms=21.240 max_chunk_ms=21.240
1790403063490 [prefix-cache] insert refused: entry 3792713728 exceeds budget 0 (spec-boundary, model q38, ns "rxc-122880-32-4-3")
1790403063853 [spec-acc] ctx=123073 burst=23/24 cum=23/24=0.958
1790403063864 [meter] admit id=cmpl-860f71390675d41c2864e2b6f5050aa6 tenant=default lane=interactive model="q38"
1790403063880 [admission] per-session draft-state charge: model="q38" +46MB (measured capture high-water)
1790403063880 [admission] request cost: model="q38" ctx=124928 path=spec = 31552 B/token x ctx + 4396MB prefill-workspace + 540MB fixed = 8877MB
1790403063880 [admit-predict] id=cmpl-860f71390675d41c2864e2b6f5050aa6 tenant="rx-122880-256-0" model="q38" verdict=admit reason=global-p95 prompt=122880 predicted_completion=256 kv_hat=8867264360 booked_bytes=0 booked_real=0 inflight=0 cap=64 budget_bytes=81762758352 retry_after_s=- exempt=0 enforce=0 live_free_bytes=-
1790403063880 [admit-oom] reclaim-on-defer: evicted 0 prefix entries + 0 plain + 1 spec + 0 dspark parked sessions (global LRU); effective free 9053MB -> 13695MB
1790403063881 [spec-k] model="q38" tenant="rx-122880-256-0" K=3 source=cold-long prompt=122880 cached=0 lcp=0 active=1 wave=1 placement=single-or-non-pp2
1790403064936 [prime-yield] count=1 remaining=60 chunks=1 wall_ms=1054.770 max_chunk_ms=1054.770
1790403066032 [prime-yield] count=2 remaining=59 chunks=1 wall_ms=1095.972 max_chunk_ms=1095.972
1790403067164 [prime-yield] count=3 remaining=58 chunks=1 wall_ms=1132.215 max_chunk_ms=1132.215
1790403068333 [prime-yield] count=4 remaining=57 chunks=1 wall_ms=1168.845 max_chunk_ms=1168.845
1790403069538 [prime-yield] count=5 remaining=56 chunks=1 wall_ms=1204.846 max_chunk_ms=1204.846
1790403070779 [prime-yield] count=6 remaining=55 chunks=1 wall_ms=1240.896 max_chunk_ms=1240.896
1790403072056 [prime-yield] count=7 remaining=54 chunks=1 wall_ms=1276.938 max_chunk_ms=1276.938
1790403073369 [prime-yield] count=8 remaining=53 chunks=1 wall_ms=1312.482 max_chunk_ms=1312.482
1790403074718 [prime-yield] count=9 remaining=52 chunks=1 wall_ms=1348.695 max_chunk_ms=1348.695
1790403076103 [prime-yield] count=10 remaining=51 chunks=1 wall_ms=1384.950 max_chunk_ms=1384.950
1790403077523 [prime-yield] count=11 remaining=50 chunks=1 wall_ms=1420.422 max_chunk_ms=1420.422
1790403078980 [prime-yield] count=12 remaining=49 chunks=1 wall_ms=1456.301 max_chunk_ms=1456.301
1790403080473 [prime-yield] count=13 remaining=48 chunks=1 wall_ms=1492.661 max_chunk_ms=1492.661
1790403082002 [prime-yield] count=14 remaining=47 chunks=1 wall_ms=1529.259 max_chunk_ms=1529.259
1790403083568 [prime-yield] count=15 remaining=46 chunks=1 wall_ms=1565.696 max_chunk_ms=1565.696
1790403085169 [prime-yield] count=16 remaining=45 chunks=1 wall_ms=1601.358 max_chunk_ms=1601.358
1790403086807 [prime-yield] count=17 remaining=44 chunks=1 wall_ms=1637.496 max_chunk_ms=1637.496
1790403088481 [prime-yield] count=18 remaining=43 chunks=1 wall_ms=1673.889 max_chunk_ms=1673.889
1790403090192 [prime-yield] count=19 remaining=42 chunks=1 wall_ms=1710.652 max_chunk_ms=1710.652
1790403091939 [prime-yield] count=20 remaining=41 chunks=1 wall_ms=1746.953 max_chunk_ms=1746.953
1790403093722 [prime-yield] count=21 remaining=40 chunks=1 wall_ms=1783.098 max_chunk_ms=1783.098
1790403095541 [prime-yield] count=22 remaining=39 chunks=1 wall_ms=1818.910 max_chunk_ms=1818.910
1790403097397 [prime-yield] count=23 remaining=38 chunks=1 wall_ms=1855.959 max_chunk_ms=1855.959
1790403099289 [prime-yield] count=24 remaining=37 chunks=1 wall_ms=1891.641 max_chunk_ms=1891.641
1790403101217 [prime-yield] count=25 remaining=36 chunks=1 wall_ms=1927.816 max_chunk_ms=1927.816
1790403103181 [prime-yield] count=26 remaining=35 chunks=1 wall_ms=1964.290 max_chunk_ms=1964.290
1790403105183 [prime-yield] count=27 remaining=34 chunks=1 wall_ms=2001.429 max_chunk_ms=2001.429
1790403107013 [prime-yield] count=28 remaining=33 chunks=1 wall_ms=1830.140 max_chunk_ms=1830.140
1790403109083 [prime-yield] count=29 remaining=32 chunks=1 wall_ms=2069.434 max_chunk_ms=2069.434
1790403111189 [prime-yield] count=30 remaining=31 chunks=1 wall_ms=2106.314 max_chunk_ms=2106.314
1790403111477 [spec] pre-capture pool trim: released 1920MB cached back to the driver (driver free 1932MB < required 3160MB; instantiate allocates from the driver)
1790403111479 [prime-yield] count=31 remaining=30 chunks=1 wall_ms=289.429 max_chunk_ms=289.429
1790403111502 [prime-yield] count=32 remaining=29 chunks=1 wall_ms=23.076 max_chunk_ms=23.076
1790403111524 [prime-yield] count=33 remaining=28 chunks=1 wall_ms=21.254 max_chunk_ms=21.254
1790403111545 [prime-yield] count=34 remaining=27 chunks=1 wall_ms=21.232 max_chunk_ms=21.232
1790403111566 [prime-yield] count=35 remaining=26 chunks=1 wall_ms=21.237 max_chunk_ms=21.237
1790403111587 [prime-yield] count=36 remaining=25 chunks=1 wall_ms=21.187 max_chunk_ms=21.187
1790403111609 [prime-yield] count=37 remaining=24 chunks=1 wall_ms=21.188 max_chunk_ms=21.188
1790403111630 [prime-yield] count=38 remaining=23 chunks=1 wall_ms=21.170 max_chunk_ms=21.170
1790403111651 [prime-yield] count=39 remaining=22 chunks=1 wall_ms=21.191 max_chunk_ms=21.191
1790403111673 [prime-yield] count=40 remaining=21 chunks=1 wall_ms=21.194 max_chunk_ms=21.194
1790403111694 [prime-yield] count=41 remaining=20 chunks=1 wall_ms=21.186 max_chunk_ms=21.186
1790403111715 [prime-yield] count=42 remaining=19 chunks=1 wall_ms=21.171 max_chunk_ms=21.171
1790403111736 [prime-yield] count=43 remaining=18 chunks=1 wall_ms=21.181 max_chunk_ms=21.181
1790403111758 [prime-yield] count=44 remaining=17 chunks=1 wall_ms=21.194 max_chunk_ms=21.194
1790403111779 [prime-yield] count=45 remaining=16 chunks=1 wall_ms=21.201 max_chunk_ms=21.201
1790403111800 [prime-yield] count=46 remaining=15 chunks=1 wall_ms=21.197 max_chunk_ms=21.197
1790403111822 [prime-yield] count=47 remaining=14 chunks=1 wall_ms=21.188 max_chunk_ms=21.188
1790403111843 [prime-yield] count=48 remaining=13 chunks=1 wall_ms=21.184 max_chunk_ms=21.184
1790403111864 [prime-yield] count=49 remaining=12 chunks=1 wall_ms=21.193 max_chunk_ms=21.193
1790403111885 [prime-yield] count=50 remaining=11 chunks=1 wall_ms=21.174 max_chunk_ms=21.174
1790403111907 [prime-yield] count=51 remaining=10 chunks=1 wall_ms=21.218 max_chunk_ms=21.218
1790403111928 [prime-yield] count=52 remaining=9 chunks=1 wall_ms=21.203 max_chunk_ms=21.203
1790403111949 [prime-yield] count=53 remaining=8 chunks=1 wall_ms=21.182 max_chunk_ms=21.182
1790403111971 [prime-yield] count=54 remaining=7 chunks=1 wall_ms=21.192 max_chunk_ms=21.192
1790403111992 [prime-yield] count=55 remaining=6 chunks=1 wall_ms=21.203 max_chunk_ms=21.203
1790403112013 [prime-yield] count=56 remaining=5 chunks=1 wall_ms=21.218 max_chunk_ms=21.218
1790403112034 [prime-yield] count=57 remaining=4 chunks=1 wall_ms=20.773 max_chunk_ms=20.773
1790403112055 [prime-yield] count=58 remaining=3 chunks=1 wall_ms=21.183 max_chunk_ms=21.183
1790403112077 [prime-yield] count=59 remaining=2 chunks=1 wall_ms=21.187 max_chunk_ms=21.187
1790403112098 [prime-yield] count=60 remaining=1 chunks=1 wall_ms=21.243 max_chunk_ms=21.243
1790403112124 [prefix-cache] insert refused: entry 3761414144 exceeds budget 0 (spec-boundary, model q38, ns "rx-122880-256-0")
1790403112530 [spec-acc] ctx=122881 burst=25/27 cum=25/27=0.926
1790403112918 [spec-acc] ctx=122916 burst=25/27 cum=50/54=0.926
1790403113265 [spec-acc] ctx=122950 burst=24/24 cum=74/78=0.949
1790403113609 [spec-acc] ctx=122982 burst=24/24 cum=98/102=0.961
1790403113952 [spec-acc] ctx=123014 burst=24/24 cum=122/126=0.968
1790403114296 [spec-acc] ctx=123046 burst=24/24 cum=146/150=0.973
1790403114683 [spec-acc] ctx=123078 burst=26/27 cum=172/177=0.972
1790403114941 [spec-acc] ctx=123113 burst=18/18 cum=190/195=0.974
1790403114955 [meter] admit id=cmpl-8a29097ecb4fba515e533245727d0287 tenant=default lane=interactive model="q38"
1790403114967 [admission] per-session draft-state charge: model="q38" +46MB (measured capture high-water)
1790403114967 [admission] request cost: model="q38" ctx=124928 path=spec = 31552 B/token x ctx + 4402MB prefill-workspace + 540MB fixed = 8884MB
1790403114967 [admit-predict] id=cmpl-8a29097ecb4fba515e533245727d0287 tenant="rx-122880-256-0" model="q38" verdict=admit reason=global-p95 prompt=123200 predicted_completion=256 kv_hat=8883914600 booked_bytes=0 booked_real=0 inflight=0 cap=64 budget_bytes=81762758352 retry_after_s=- exempt=0 enforce=0 live_free_bytes=-
1790403114968 [admit-oom] reclaim-on-defer: evicted 0 prefix entries + 0 plain + 1 spec + 0 dspark parked sessions (global LRU); effective free 9053MB -> 13695MB
1790403114969 [worker] spec-affinity: rewound to 114240 of 123200 prompt tokens (fingerprint; priming 8960 suffix; model q38)
1790403114969 [spec-k] model="q38" tenant="rx-122880-256-0" K=2 source=cached-long prompt=123200 cached=114240 lcp=0 active=1 wave=1 placement=single-or-non-pp2
1790403117031 [prime-yield] count=1 remaining=6 chunks=1 wall_ms=2062.490 max_chunk_ms=2062.490
1790403119135 [prime-yield] count=2 remaining=5 chunks=1 wall_ms=2103.939 max_chunk_ms=2103.939
1790403119583 [prime-yield] count=3 remaining=4 chunks=1 wall_ms=447.965 max_chunk_ms=447.965
1790403119792 [prime-yield] count=4 remaining=3 chunks=1 wall_ms=208.660 max_chunk_ms=208.660
1790403119812 [prime-yield] count=5 remaining=2 chunks=1 wall_ms=20.359 max_chunk_ms=20.359
1790403119833 [prime-yield] count=6 remaining=1 chunks=1 wall_ms=20.301 max_chunk_ms=20.301
1790403120248 [spec-acc] ctx=8961 burst=22/22 cum=22/22=1.000
1790403120643 [spec-acc] ctx=8995 burst=22/22 cum=44/44=1.000
1790403121036 [spec-acc] ctx=9028 burst=22/22 cum=66/66=1.000
1790403121430 [spec-acc] ctx=9061 burst=22/22 cum=88/88=1.000
1790403121824 [spec-acc] ctx=9094 burst=22/22 cum=110/110=1.000
1790403122218 [spec-acc] ctx=9127 burst=22/22 cum=132/132=1.000
1790403122613 [spec-acc] ctx=9160 burst=22/22 cum=154/154=1.000
1790403122900 [spec-acc] ctx=9193 burst=16/16 cum=170/170=1.000
1790403122915 [meter] admit id=cmpl-627ba3f120222042975016b66134d708 tenant=default lane=interactive model="q38"
1790403122927 [admission] per-session draft-state charge: model="q38" +46MB (measured capture high-water)
1790403122927 [admission] request cost: model="q38" ctx=124928 path=spec = 31552 B/token x ctx + 4409MB prefill-workspace + 540MB fixed = 8890MB
1790403122927 [admit-predict] id=cmpl-627ba3f120222042975016b66134d708 tenant="rx-122880-256-0" model="q38" verdict=admit reason=global-p95 prompt=123520 predicted_completion=256 kv_hat=8900564840 booked_bytes=0 booked_real=0 inflight=0 cap=64 budget_bytes=81762758352 retry_after_s=- exempt=0 enforce=0 live_free_bytes=-
1790403122928 [worker] spec-affinity: rewound to 123168 of 123520 prompt tokens (fingerprint; priming 352 suffix; model q38)
1790403122928 [spec-k] model="q38" tenant="rx-122880-256-0" K=2 source=cached-long prompt=123520 cached=123168 lcp=0 active=1 wave=1 placement=single-or-non-pp2
1790403123761 [spec-acc] ctx=352 burst=22/22 cum=22/22=1.000
1790403124155 [spec-acc] ctx=386 burst=22/22 cum=44/44=1.000
1790403124548 [spec-acc] ctx=419 burst=22/22 cum=66/66=1.000
1790403124943 [spec-acc] ctx=452 burst=22/22 cum=88/88=1.000
1790403125338 [spec-acc] ctx=485 burst=22/22 cum=110/110=1.000
1790403125734 [spec-acc] ctx=518 burst=21/22 cum=131/132=0.992
1790403126129 [spec-acc] ctx=550 burst=21/22 cum=152/154=0.987
1790403126489 [spec-acc] ctx=582 burst=17/20 cum=169/174=0.971
1790403126503 [meter] admit id=cmpl-3705b107134f095a8fb89e4bbb27c03d tenant=default lane=interactive model="q38"
1790403126516 [admission] per-session draft-state charge: model="q38" +46MB (measured capture high-water)
1790403126516 [admission] request cost: model="q38" ctx=124928 path=spec = 31552 B/token x ctx + 4396MB prefill-workspace + 540MB fixed = 8877MB
1790403126516 [admit-predict] id=cmpl-3705b107134f095a8fb89e4bbb27c03d tenant="rxc-122880-256-0-1" model="q38" verdict=admit reason=global-p95 prompt=122880 predicted_completion=256 kv_hat=8867264360 booked_bytes=0 booked_real=0 inflight=0 cap=64 budget_bytes=81762758352 retry_after_s=- exempt=0 enforce=0 live_free_bytes=-
1790403126517 [spec-k] model="q38" tenant="rxc-122880-256-0-1" K=3 source=cold-long prompt=122880 cached=0 lcp=0 active=1 wave=1 placement=single-or-non-pp2
1790403127571 [prime-yield] count=1 remaining=60 chunks=1 wall_ms=1053.821 max_chunk_ms=1053.821
1790403128666 [prime-yield] count=2 remaining=59 chunks=1 wall_ms=1094.723 max_chunk_ms=1094.723
1790403129797 [prime-yield] count=3 remaining=58 chunks=1 wall_ms=1130.749 max_chunk_ms=1130.749
1790403130965 [prime-yield] count=4 remaining=57 chunks=1 wall_ms=1167.531 max_chunk_ms=1167.531
1790403132168 [prime-yield] count=5 remaining=56 chunks=1 wall_ms=1203.341 max_chunk_ms=1203.341
1790403133408 [prime-yield] count=6 remaining=55 chunks=1 wall_ms=1239.670 max_chunk_ms=1239.670
1790403134684 [prime-yield] count=7 remaining=54 chunks=1 wall_ms=1275.469 max_chunk_ms=1275.469
1790403135996 [prime-yield] count=8 remaining=53 chunks=1 wall_ms=1311.802 max_chunk_ms=1311.802
1790403137343 [prime-yield] count=9 remaining=52 chunks=1 wall_ms=1347.515 max_chunk_ms=1347.515
1790403138727 [prime-yield] count=10 remaining=51 chunks=1 wall_ms=1383.381 max_chunk_ms=1383.381
1790403140146 [prime-yield] count=11 remaining=50 chunks=1 wall_ms=1419.519 max_chunk_ms=1419.519
1790403141602 [prime-yield] count=12 remaining=49 chunks=1 wall_ms=1455.290 max_chunk_ms=1455.290
1790403143094 [prime-yield] count=13 remaining=48 chunks=1 wall_ms=1491.950 max_chunk_ms=1491.950
1790403144622 [prime-yield] count=14 remaining=47 chunks=1 wall_ms=1527.777 max_chunk_ms=1527.777
1790403146186 [prime-yield] count=15 remaining=46 chunks=1 wall_ms=1564.194 max_chunk_ms=1564.194
1790403147787 [prime-yield] count=16 remaining=45 chunks=1 wall_ms=1600.953 max_chunk_ms=1600.953
1790403149425 [prime-yield] count=17 remaining=44 chunks=1 wall_ms=1637.430 max_chunk_ms=1637.430
1790403151098 [prime-yield] count=18 remaining=43 chunks=1 wall_ms=1673.562 max_chunk_ms=1673.562
1790403152809 [prime-yield] count=19 remaining=42 chunks=1 wall_ms=1710.034 max_chunk_ms=1710.034
1790403154555 [prime-yield] count=20 remaining=41 chunks=1 wall_ms=1746.472 max_chunk_ms=1746.472
1790403156338 [prime-yield] count=21 remaining=40 chunks=1 wall_ms=1782.894 max_chunk_ms=1782.894
1790403158158 [prime-yield] count=22 remaining=39 chunks=1 wall_ms=1819.149 max_chunk_ms=1819.149
1790403160013 [prime-yield] count=23 remaining=38 chunks=1 wall_ms=1855.618 max_chunk_ms=1855.618
1790403161905 [prime-yield] count=24 remaining=37 chunks=1 wall_ms=1891.143 max_chunk_ms=1891.143
1790403163832 [prime-yield] count=25 remaining=36 chunks=1 wall_ms=1927.582 max_chunk_ms=1927.582
1790403165797 [prime-yield] count=26 remaining=35 chunks=1 wall_ms=1964.905 max_chunk_ms=1964.905
1790403167799 [prime-yield] count=27 remaining=34 chunks=1 wall_ms=2001.771 max_chunk_ms=2001.771
1790403169631 [prime-yield] count=28 remaining=33 chunks=1 wall_ms=1831.606 max_chunk_ms=1831.606
1790403171702 [prime-yield] count=29 remaining=32 chunks=1 wall_ms=2070.551 max_chunk_ms=2070.551
1790403173809 [prime-yield] count=30 remaining=31 chunks=1 wall_ms=2106.665 max_chunk_ms=2106.665
1790403174095 [spec] pre-capture pool trim: released 1696MB cached back to the driver (driver free 2220MB < required 3160MB; instantiate allocates from the driver)
1790403174097 [prime-yield] count=31 remaining=30 chunks=1 wall_ms=288.525 max_chunk_ms=288.525
1790403174120 [prime-yield] count=32 remaining=29 chunks=1 wall_ms=22.994 max_chunk_ms=22.994
1790403174142 [prime-yield] count=33 remaining=28 chunks=1 wall_ms=21.237 max_chunk_ms=21.237
1790403174163 [prime-yield] count=34 remaining=27 chunks=1 wall_ms=21.225 max_chunk_ms=21.225
1790403174184 [prime-yield] count=35 remaining=26 chunks=1 wall_ms=21.247 max_chunk_ms=21.247
1790403174206 [prime-yield] count=36 remaining=25 chunks=1 wall_ms=21.249 max_chunk_ms=21.249
1790403174227 [prime-yield] count=37 remaining=24 chunks=1 wall_ms=21.247 max_chunk_ms=21.247
1790403174248 [prime-yield] count=38 remaining=23 chunks=1 wall_ms=21.241 max_chunk_ms=21.241
1790403174270 [prime-yield] count=39 remaining=22 chunks=1 wall_ms=21.232 max_chunk_ms=21.232
1790403174291 [prime-yield] count=40 remaining=21 chunks=1 wall_ms=21.236 max_chunk_ms=21.236
1790403174312 [prime-yield] count=41 remaining=20 chunks=1 wall_ms=21.221 max_chunk_ms=21.221
1790403174334 [prime-yield] count=42 remaining=19 chunks=1 wall_ms=21.242 max_chunk_ms=21.242
1790403174355 [prime-yield] count=43 remaining=18 chunks=1 wall_ms=21.209 max_chunk_ms=21.209
1790403174376 [prime-yield] count=44 remaining=17 chunks=1 wall_ms=21.215 max_chunk_ms=21.215
1790403174398 [prime-yield] count=45 remaining=16 chunks=1 wall_ms=21.207 max_chunk_ms=21.207
1790403174419 [prime-yield] count=46 remaining=15 chunks=1 wall_ms=21.230 max_chunk_ms=21.230
1790403174440 [prime-yield] count=47 remaining=14 chunks=1 wall_ms=21.253 max_chunk_ms=21.253
1790403174462 [prime-yield] count=48 remaining=13 chunks=1 wall_ms=21.219 max_chunk_ms=21.219
1790403174483 [prime-yield] count=49 remaining=12 chunks=1 wall_ms=21.206 max_chunk_ms=21.206
1790403174504 [prime-yield] count=50 remaining=11 chunks=1 wall_ms=21.237 max_chunk_ms=21.237
1790403174526 [prime-yield] count=51 remaining=10 chunks=1 wall_ms=21.220 max_chunk_ms=21.220
1790403174547 [prime-yield] count=52 remaining=9 chunks=1 wall_ms=21.230 max_chunk_ms=21.230
1790403174568 [prime-yield] count=53 remaining=8 chunks=1 wall_ms=21.262 max_chunk_ms=21.262
1790403174590 [prime-yield] count=54 remaining=7 chunks=1 wall_ms=21.221 max_chunk_ms=21.221
1790403174611 [prime-yield] count=55 remaining=6 chunks=1 wall_ms=21.225 max_chunk_ms=21.225
1790403174632 [prime-yield] count=56 remaining=5 chunks=1 wall_ms=21.235 max_chunk_ms=21.235
1790403174654 [prime-yield] count=57 remaining=4 chunks=1 wall_ms=21.263 max_chunk_ms=21.263
1790403174675 [prime-yield] count=58 remaining=3 chunks=1 wall_ms=21.226 max_chunk_ms=21.226
1790403174696 [prime-yield] count=59 remaining=2 chunks=1 wall_ms=21.189 max_chunk_ms=21.189
1790403174718 [prime-yield] count=60 remaining=1 chunks=1 wall_ms=21.234 max_chunk_ms=21.234
1790403174743 [prefix-cache] insert refused: entry 3761414144 exceeds budget 0 (spec-boundary, model q38, ns "rxc-122880-256-0-1")
1790403175150 [spec-acc] ctx=122881 burst=25/27 cum=25/27=0.926
1790403175538 [spec-acc] ctx=122916 burst=25/27 cum=50/54=0.926
1790403175882 [spec-acc] ctx=122950 burst=24/24 cum=74/78=0.949
1790403176226 [spec-acc] ctx=122982 burst=24/24 cum=98/102=0.961
1790403176570 [spec-acc] ctx=123014 burst=24/24 cum=122/126=0.968
1790403176914 [spec-acc] ctx=123046 burst=24/24 cum=146/150=0.973
1790403177301 [spec-acc] ctx=123078 burst=26/27 cum=172/177=0.972
1790403177559 [spec-acc] ctx=123113 burst=18/18 cum=190/195=0.974
1790403177569 [meter] admit id=cmpl-4e21aff7cf0c6a55de5453913df7b28d tenant=default lane=interactive model="q38"
1790403177586 [admission] per-session draft-state charge: model="q38" +46MB (measured capture high-water)
1790403177586 [admission] request cost: model="q38" ctx=124928 path=spec = 31552 B/token x ctx + 4402MB prefill-workspace + 540MB fixed = 8884MB
1790403177586 [admit-predict] id=cmpl-4e21aff7cf0c6a55de5453913df7b28d tenant="rxc-122880-256-0-2" model="q38" verdict=admit reason=global-p95 prompt=123200 predicted_completion=256 kv_hat=8883914600 booked_bytes=0 booked_real=0 inflight=0 cap=64 budget_bytes=81762758352 retry_after_s=- exempt=0 enforce=0 live_free_bytes=-
1790403177586 [admit-oom] reclaim-on-defer: evicted 0 prefix entries + 0 plain + 1 spec + 0 dspark parked sessions (global LRU); effective free 9052MB -> 13693MB
1790403177587 [spec-k] model="q38" tenant="rxc-122880-256-0-2" K=3 source=cold-long prompt=123200 cached=0 lcp=0 active=1 wave=1 placement=single-or-non-pp2
1790403178643 [prime-yield] count=1 remaining=61 chunks=1 wall_ms=1055.467 max_chunk_ms=1055.467
1790403179738 [prime-yield] count=2 remaining=60 chunks=1 wall_ms=1095.659 max_chunk_ms=1095.659
1790403180870 [prime-yield] count=3 remaining=59 chunks=1 wall_ms=1131.813 max_chunk_ms=1131.813
1790403182038 [prime-yield] count=4 remaining=58 chunks=1 wall_ms=1167.632 max_chunk_ms=1167.632
1790403183242 [prime-yield] count=5 remaining=57 chunks=1 wall_ms=1203.845 max_chunk_ms=1203.845
1790403184482 [prime-yield] count=6 remaining=56 chunks=1 wall_ms=1240.145 max_chunk_ms=1240.145
1790403185759 [prime-yield] count=7 remaining=55 chunks=1 wall_ms=1276.581 max_chunk_ms=1276.581
1790403187071 [prime-yield] count=8 remaining=54 chunks=1 wall_ms=1312.331 max_chunk_ms=1312.331
1790403188420 [prime-yield] count=9 remaining=53 chunks=1 wall_ms=1348.863 max_chunk_ms=1348.863
1790403189805 [prime-yield] count=10 remaining=52 chunks=1 wall_ms=1384.523 max_chunk_ms=1384.523
1790403191225 [prime-yield] count=11 remaining=51 chunks=1 wall_ms=1419.888 max_chunk_ms=1419.888
1790403192681 [prime-yield] count=12 remaining=50 chunks=1 wall_ms=1456.062 max_chunk_ms=1456.062
1790403194174 [prime-yield] count=13 remaining=49 chunks=1 wall_ms=1492.399 max_chunk_ms=1492.399
1790403195702 [prime-yield] count=14 remaining=48 chunks=1 wall_ms=1528.275 max_chunk_ms=1528.275
1790403197266 [prime-yield] count=15 remaining=47 chunks=1 wall_ms=1564.135 max_chunk_ms=1564.135
1790403198867 [prime-yield] count=16 remaining=46 chunks=1 wall_ms=1600.345 max_chunk_ms=1600.345
1790403200504 [prime-yield] count=17 remaining=45 chunks=1 wall_ms=1637.227 max_chunk_ms=1637.227
1790403202178 [prime-yield] count=18 remaining=44 chunks=1 wall_ms=1673.301 max_chunk_ms=1673.301
1790403203887 [prime-yield] count=19 remaining=43 chunks=1 wall_ms=1709.532 max_chunk_ms=1709.532
1790403205633 [prime-yield] count=20 remaining=42 chunks=1 wall_ms=1745.731 max_chunk_ms=1745.731
1790403207415 [prime-yield] count=21 remaining=41 chunks=1 wall_ms=1781.660 max_chunk_ms=1781.660
1790403209233 [prime-yield] count=22 remaining=40 chunks=1 wall_ms=1818.308 max_chunk_ms=1818.308
1790403211088 [prime-yield] count=23 remaining=39 chunks=1 wall_ms=1854.630 max_chunk_ms=1854.630
1790403212980 [prime-yield] count=24 remaining=38 chunks=1 wall_ms=1891.412 max_chunk_ms=1891.412
1790403214908 [prime-yield] count=25 remaining=37 chunks=1 wall_ms=1927.538 max_chunk_ms=1927.538
1790403216871 [prime-yield] count=26 remaining=36 chunks=1 wall_ms=1963.213 max_chunk_ms=1963.213
1790403218871 [prime-yield] count=27 remaining=35 chunks=1 wall_ms=1999.547 max_chunk_ms=1999.547
1790403220700 [prime-yield] count=28 remaining=34 chunks=1 wall_ms=1829.199 max_chunk_ms=1829.199
1790403222768 [prime-yield] count=29 remaining=33 chunks=1 wall_ms=2068.480 max_chunk_ms=2068.480
1790403224874 [prime-yield] count=30 remaining=32 chunks=1 wall_ms=2105.342 max_chunk_ms=2105.342
1790403225354 [spec] pre-capture pool trim: released 1664MB cached back to the driver (driver free 2252MB < required 3160MB; instantiate allocates from the driver)
1790403225356 [prime-yield] count=31 remaining=31 chunks=1 wall_ms=482.219 max_chunk_ms=482.219
1790403225379 [prime-yield] count=32 remaining=30 chunks=1 wall_ms=22.936 max_chunk_ms=22.936
1790403225401 [prime-yield] count=33 remaining=29 chunks=1 wall_ms=21.245 max_chunk_ms=21.245
1790403225422 [prime-yield] count=34 remaining=28 chunks=1 wall_ms=21.235 max_chunk_ms=21.235
1790403225443 [prime-yield] count=35 remaining=27 chunks=1 wall_ms=21.207 max_chunk_ms=21.207
1790403225465 [prime-yield] count=36 remaining=26 chunks=1 wall_ms=21.235 max_chunk_ms=21.235
1790403225486 [prime-yield] count=37 remaining=25 chunks=1 wall_ms=21.218 max_chunk_ms=21.218
1790403225507 [prime-yield] count=38 remaining=24 chunks=1 wall_ms=21.209 max_chunk_ms=21.209
1790403225529 [prime-yield] count=39 remaining=23 chunks=1 wall_ms=21.220 max_chunk_ms=21.220
1790403225550 [prime-yield] count=40 remaining=22 chunks=1 wall_ms=21.213 max_chunk_ms=21.213
1790403225571 [prime-yield] count=41 remaining=21 chunks=1 wall_ms=21.231 max_chunk_ms=21.231
1790403225593 [prime-yield] count=42 remaining=20 chunks=1 wall_ms=21.195 max_chunk_ms=21.195
1790403225614 [prime-yield] count=43 remaining=19 chunks=1 wall_ms=21.210 max_chunk_ms=21.210
1790403225635 [prime-yield] count=44 remaining=18 chunks=1 wall_ms=21.181 max_chunk_ms=21.181
1790403225656 [prime-yield] count=45 remaining=17 chunks=1 wall_ms=21.213 max_chunk_ms=21.213
1790403225678 [prime-yield] count=46 remaining=16 chunks=1 wall_ms=21.207 max_chunk_ms=21.207
1790403225699 [prime-yield] count=47 remaining=15 chunks=1 wall_ms=21.225 max_chunk_ms=21.225
1790403225720 [prime-yield] count=48 remaining=14 chunks=1 wall_ms=21.215 max_chunk_ms=21.215
1790403225742 [prime-yield] count=49 remaining=13 chunks=1 wall_ms=21.202 max_chunk_ms=21.202
1790403225763 [prime-yield] count=50 remaining=12 chunks=1 wall_ms=21.249 max_chunk_ms=21.249
1790403225784 [prime-yield] count=51 remaining=11 chunks=1 wall_ms=21.183 max_chunk_ms=21.183
1790403225806 [prime-yield] count=52 remaining=10 chunks=1 wall_ms=21.223 max_chunk_ms=21.223
1790403225827 [prime-yield] count=53 remaining=9 chunks=1 wall_ms=21.254 max_chunk_ms=21.254
1790403225848 [prime-yield] count=54 remaining=8 chunks=1 wall_ms=21.279 max_chunk_ms=21.279
1790403225870 [prime-yield] count=55 remaining=7 chunks=1 wall_ms=21.247 max_chunk_ms=21.247
1790403225891 [prime-yield] count=56 remaining=6 chunks=1 wall_ms=21.278 max_chunk_ms=21.278
1790403225912 [prime-yield] count=57 remaining=5 chunks=1 wall_ms=21.215 max_chunk_ms=21.215
1790403225934 [prime-yield] count=58 remaining=4 chunks=1 wall_ms=21.215 max_chunk_ms=21.215
1790403225955 [prime-yield] count=59 remaining=3 chunks=1 wall_ms=21.180 max_chunk_ms=21.180
1790403225976 [prime-yield] count=60 remaining=2 chunks=1 wall_ms=21.202 max_chunk_ms=21.202
1790403225998 [prime-yield] count=61 remaining=1 chunks=1 wall_ms=21.221 max_chunk_ms=21.221
1790403226011 [prefix-cache] insert refused: entry 3761414144 exceeds budget 0 (spec-boundary, model q38, ns "rxc-122880-256-0-2")
1790403226371 [spec-acc] ctx=123201 burst=24/24 cum=24/24=1.000
1790403226715 [spec-acc] ctx=123234 burst=24/24 cum=48/48=1.000
1790403227102 [spec-acc] ctx=123266 burst=24/27 cum=72/75=0.960
1790403227446 [spec-acc] ctx=123299 burst=24/24 cum=96/99=0.970
1790403227834 [spec-acc] ctx=123331 burst=23/27 cum=119/126=0.944
1790403228178 [spec-acc] ctx=123363 burst=24/24 cum=143/150=0.953
1790403228566 [spec-acc] ctx=123395 burst=26/27 cum=169/177=0.955
1790403228867 [spec-acc] ctx=123430 burst=20/21 cum=189/198=0.955
1790403228878 [meter] admit id=cmpl-7d5171d62c55edf8241392ecaf589c55 tenant=default lane=interactive model="q38"
1790403228894 [admission] per-session draft-state charge: model="q38" +46MB (measured capture high-water)
1790403228894 [admission] request cost: model="q38" ctx=124928 path=spec = 31552 B/token x ctx + 4409MB prefill-workspace + 540MB fixed = 8890MB
1790403228894 [admit-predict] id=cmpl-7d5171d62c55edf8241392ecaf589c55 tenant="rxc-122880-256-0-3" model="q38" verdict=admit reason=global-p95 prompt=123520 predicted_completion=256 kv_hat=8900564840 booked_bytes=0 booked_real=0 inflight=0 cap=64 budget_bytes=81762758352 retry_after_s=- exempt=0 enforce=0 live_free_bytes=-
1790403228895 [admit-oom] reclaim-on-defer: evicted 0 prefix entries + 0 plain + 1 spec + 0 dspark parked sessions (global LRU); effective free 9052MB -> 13693MB
1790403228895 [spec-k] model="q38" tenant="rxc-122880-256-0-3" K=3 source=cold-long prompt=123520 cached=0 lcp=0 active=1 wave=1 placement=single-or-non-pp2
1790403229951 [prime-yield] count=1 remaining=61 chunks=1 wall_ms=1055.415 max_chunk_ms=1055.415
1790403231047 [prime-yield] count=2 remaining=60 chunks=1 wall_ms=1095.564 max_chunk_ms=1095.564
1790403232178 [prime-yield] count=3 remaining=59 chunks=1 wall_ms=1131.542 max_chunk_ms=1131.542
1790403233346 [prime-yield] count=4 remaining=58 chunks=1 wall_ms=1167.878 max_chunk_ms=1167.878
1790403234550 [prime-yield] count=5 remaining=57 chunks=1 wall_ms=1203.975 max_chunk_ms=1203.975
1790403235791 [prime-yield] count=6 remaining=56 chunks=1 wall_ms=1240.223 max_chunk_ms=1240.223
1790403237067 [prime-yield] count=7 remaining=55 chunks=1 wall_ms=1275.657 max_chunk_ms=1275.657
1790403238378 [prime-yield] count=8 remaining=54 chunks=1 wall_ms=1311.406 max_chunk_ms=1311.406
1790403239725 [prime-yield] count=9 remaining=53 chunks=1 wall_ms=1347.289 max_chunk_ms=1347.289
1790403241109 [prime-yield] count=10 remaining=52 chunks=1 wall_ms=1383.593 max_chunk_ms=1383.593
1790403242529 [prime-yield] count=11 remaining=51 chunks=1 wall_ms=1419.745 max_chunk_ms=1419.745
1790403243985 [prime-yield] count=12 remaining=50 chunks=1 wall_ms=1455.889 max_chunk_ms=1455.889
1790403245477 [prime-yield] count=13 remaining=49 chunks=1 wall_ms=1492.162 max_chunk_ms=1492.162
1790403247005 [prime-yield] count=14 remaining=48 chunks=1 wall_ms=1527.759 max_chunk_ms=1527.759
1790403248569 [prime-yield] count=15 remaining=47 chunks=1 wall_ms=1564.075 max_chunk_ms=1564.075
1790403250170 [prime-yield] count=16 remaining=46 chunks=1 wall_ms=1600.196 max_chunk_ms=1600.196
1790403251807 [prime-yield] count=17 remaining=45 chunks=1 wall_ms=1636.878 max_chunk_ms=1636.878
1790403253480 [prime-yield] count=18 remaining=44 chunks=1 wall_ms=1673.382 max_chunk_ms=1673.382
1790403255190 [prime-yield] count=19 remaining=43 chunks=1 wall_ms=1709.054 max_chunk_ms=1709.054
1790403256936 [prime-yield] count=20 remaining=42 chunks=1 wall_ms=1746.130 max_chunk_ms=1746.130
1790403258719 [prime-yield] count=21 remaining=41 chunks=1 wall_ms=1782.777 max_chunk_ms=1782.777
1790403260538 [prime-yield] count=22 remaining=40 chunks=1 wall_ms=1818.817 max_chunk_ms=1818.817
1790403262393 [prime-yield] count=23 remaining=39 chunks=1 wall_ms=1854.868 max_chunk_ms=1854.868
1790403264283 [prime-yield] count=24 remaining=38 chunks=1 wall_ms=1890.458 max_chunk_ms=1890.458
1790403266210 [prime-yield] count=25 remaining=37 chunks=1 wall_ms=1926.206 max_chunk_ms=1926.206
1790403268173 [prime-yield] count=26 remaining=36 chunks=1 wall_ms=1963.024 max_chunk_ms=1963.024
1790403270172 [prime-yield] count=27 remaining=35 chunks=1 wall_ms=1999.214 max_chunk_ms=1999.214
1790403272001 [prime-yield] count=28 remaining=34 chunks=1 wall_ms=1828.844 max_chunk_ms=1828.844
1790403274071 [prime-yield] count=29 remaining=33 chunks=1 wall_ms=2069.403 max_chunk_ms=2069.403
1790403276176 [prime-yield] count=30 remaining=32 chunks=1 wall_ms=2104.870 max_chunk_ms=2104.870
1790403276835 [spec] pre-capture pool trim: released 1664MB cached back to the driver (driver free 2252MB < required 3160MB; instantiate allocates from the driver)
1790403276837 [prime-yield] count=31 remaining=31 chunks=1 wall_ms=661.243 max_chunk_ms=661.243
1790403276860 [prime-yield] count=32 remaining=30 chunks=1 wall_ms=22.931 max_chunk_ms=22.931
1790403276882 [prime-yield] count=33 remaining=29 chunks=1 wall_ms=21.278 max_chunk_ms=21.278
1790403276903 [prime-yield] count=34 remaining=28 chunks=1 wall_ms=21.276 max_chunk_ms=21.276
1790403276924 [prime-yield] count=35 remaining=27 chunks=1 wall_ms=21.259 max_chunk_ms=21.259
1790403276946 [prime-yield] count=36 remaining=26 chunks=1 wall_ms=21.234 max_chunk_ms=21.234
1790403276967 [prime-yield] count=37 remaining=25 chunks=1 wall_ms=21.275 max_chunk_ms=21.275
1790403276988 [prime-yield] count=38 remaining=24 chunks=1 wall_ms=21.238 max_chunk_ms=21.238
1790403277010 [prime-yield] count=39 remaining=23 chunks=1 wall_ms=21.238 max_chunk_ms=21.238
1790403277031 [prime-yield] count=40 remaining=22 chunks=1 wall_ms=21.251 max_chunk_ms=21.251
1790403277052 [prime-yield] count=41 remaining=21 chunks=1 wall_ms=21.236 max_chunk_ms=21.236
1790403277074 [prime-yield] count=42 remaining=20 chunks=1 wall_ms=21.259 max_chunk_ms=21.259
1790403277095 [prime-yield] count=43 remaining=19 chunks=1 wall_ms=21.242 max_chunk_ms=21.242
1790403277116 [prime-yield] count=44 remaining=18 chunks=1 wall_ms=21.249 max_chunk_ms=21.249
1790403277138 [prime-yield] count=45 remaining=17 chunks=1 wall_ms=21.253 max_chunk_ms=21.253
1790403277159 [prime-yield] count=46 remaining=16 chunks=1 wall_ms=21.272 max_chunk_ms=21.272
1790403277180 [prime-yield] count=47 remaining=15 chunks=1 wall_ms=21.226 max_chunk_ms=21.226
1790403277202 [prime-yield] count=48 remaining=14 chunks=1 wall_ms=21.232 max_chunk_ms=21.232
1790403277223 [prime-yield] count=49 remaining=13 chunks=1 wall_ms=21.230 max_chunk_ms=21.230
1790403277244 [prime-yield] count=50 remaining=12 chunks=1 wall_ms=21.235 max_chunk_ms=21.235
1790403277266 [prime-yield] count=51 remaining=11 chunks=1 wall_ms=21.240 max_chunk_ms=21.240
1790403277287 [prime-yield] count=52 remaining=10 chunks=1 wall_ms=21.220 max_chunk_ms=21.220
1790403277308 [prime-yield] count=53 remaining=9 chunks=1 wall_ms=21.243 max_chunk_ms=21.243
1790403277330 [prime-yield] count=54 remaining=8 chunks=1 wall_ms=21.215 max_chunk_ms=21.215
1790403277351 [prime-yield] count=55 remaining=7 chunks=1 wall_ms=21.240 max_chunk_ms=21.240
1790403277372 [prime-yield] count=56 remaining=6 chunks=1 wall_ms=21.256 max_chunk_ms=21.256
1790403277394 [prime-yield] count=57 remaining=5 chunks=1 wall_ms=21.209 max_chunk_ms=21.209
1790403277415 [prime-yield] count=58 remaining=4 chunks=1 wall_ms=21.259 max_chunk_ms=21.259
1790403277436 [prime-yield] count=59 remaining=3 chunks=1 wall_ms=21.218 max_chunk_ms=21.218
1790403277458 [prime-yield] count=60 remaining=2 chunks=1 wall_ms=21.215 max_chunk_ms=21.215
1790403277479 [prime-yield] count=61 remaining=1 chunks=1 wall_ms=21.236 max_chunk_ms=21.236
1790403277487 [prefix-cache] insert refused: entry 3761414144 exceeds budget 0 (spec-boundary, model q38, ns "rxc-122880-256-0-3")
1790403277851 [spec-acc] ctx=123521 burst=23/24 cum=23/24=0.958
1790403278195 [spec-acc] ctx=123553 burst=24/24 cum=47/48=0.979
1790403278540 [spec-acc] ctx=123585 burst=24/24 cum=71/72=0.986
1790403278884 [spec-acc] ctx=123617 burst=24/24 cum=95/96=0.990
1790403279229 [spec-acc] ctx=123649 burst=24/24 cum=119/120=0.992
1790403279574 [spec-acc] ctx=123681 burst=24/24 cum=143/144=0.993
1790403279962 [spec-acc] ctx=123713 burst=25/27 cum=168/171=0.982
1790403280306 [spec-acc] ctx=123747 burst=23/24 cum=191/195=0.979
1790403280318 [meter] admit id=cmpl-085ba86bc3480ee602825a84158afd0c tenant=default lane=interactive model="q38"
1790403280333 [admission] per-session draft-state charge: model="q38" +46MB (measured capture high-water)
1790403280333 [admission] request cost: model="q38" ctx=124928 path=spec = 31552 B/token x ctx + 4396MB prefill-workspace + 540MB fixed = 8877MB
1790403280333 [admit-predict] id=cmpl-085ba86bc3480ee602825a84158afd0c tenant="rx-122880-256-1" model="q38" verdict=admit reason=global-p95 prompt=122880 predicted_completion=256 kv_hat=8867264360 booked_bytes=0 booked_real=0 inflight=0 cap=64 budget_bytes=81762758352 retry_after_s=- exempt=0 enforce=0 live_free_bytes=-
1790403280334 [admit-oom] reclaim-on-defer: evicted 0 prefix entries + 0 plain + 1 spec + 0 dspark parked sessions (global LRU); effective free 9052MB -> 13693MB
1790403280334 [spec-k] model="q38" tenant="rx-122880-256-1" K=3 source=cold-long prompt=122880 cached=0 lcp=0 active=1 wave=1 placement=single-or-non-pp2
1790403281390 [prime-yield] count=1 remaining=60 chunks=1 wall_ms=1055.347 max_chunk_ms=1055.347
1790403282485 [prime-yield] count=2 remaining=59 chunks=1 wall_ms=1095.036 max_chunk_ms=1095.036
1790403283616 [prime-yield] count=3 remaining=58 chunks=1 wall_ms=1130.853 max_chunk_ms=1130.853
1790403284783 [prime-yield] count=4 remaining=57 chunks=1 wall_ms=1167.085 max_chunk_ms=1167.085
1790403285987 [prime-yield] count=5 remaining=56 chunks=1 wall_ms=1203.103 max_chunk_ms=1203.103
1790403287226 [prime-yield] count=6 remaining=55 chunks=1 wall_ms=1239.070 max_chunk_ms=1239.070
1790403288502 [prime-yield] count=7 remaining=54 chunks=1 wall_ms=1275.570 max_chunk_ms=1275.570
1790403289814 [prime-yield] count=8 remaining=53 chunks=1 wall_ms=1312.179 max_chunk_ms=1312.179
1790403291162 [prime-yield] count=9 remaining=52 chunks=1 wall_ms=1348.193 max_chunk_ms=1348.193
1790403292547 [prime-yield] count=10 remaining=51 chunks=1 wall_ms=1384.859 max_chunk_ms=1384.859
1790403293968 [prime-yield] count=11 remaining=50 chunks=1 wall_ms=1420.621 max_chunk_ms=1420.621
1790403295426 [prime-yield] count=12 remaining=49 chunks=1 wall_ms=1457.325 max_chunk_ms=1457.325
1790403296918 [prime-yield] count=13 remaining=48 chunks=1 wall_ms=1492.612 max_chunk_ms=1492.612
1790403298448 [prime-yield] count=14 remaining=47 chunks=1 wall_ms=1529.122 max_chunk_ms=1529.122
1790403300014 [prime-yield] count=15 remaining=46 chunks=1 wall_ms=1565.791 max_chunk_ms=1565.791
1790403301616 [prime-yield] count=16 remaining=45 chunks=1 wall_ms=1602.092 max_chunk_ms=1602.092
1790403303254 [prime-yield] count=17 remaining=44 chunks=1 wall_ms=1637.869 max_chunk_ms=1637.869
1790403304928 [prime-yield] count=18 remaining=43 chunks=1 wall_ms=1674.529 max_chunk_ms=1674.529
1790403306640 [prime-yield] count=19 remaining=42 chunks=1 wall_ms=1711.072 max_chunk_ms=1711.072
1790403308387 [prime-yield] count=20 remaining=41 chunks=1 wall_ms=1747.678 max_chunk_ms=1747.678
1790403310171 [prime-yield] count=21 remaining=40 chunks=1 wall_ms=1783.621 max_chunk_ms=1783.621
1790403311991 [prime-yield] count=22 remaining=39 chunks=1 wall_ms=1820.074 max_chunk_ms=1820.074
1790403313848 [prime-yield] count=23 remaining=38 chunks=1 wall_ms=1856.488 max_chunk_ms=1856.488
1790403315741 [prime-yield] count=24 remaining=37 chunks=1 wall_ms=1892.701 max_chunk_ms=1892.701
1790403317669 [prime-yield] count=25 remaining=36 chunks=1 wall_ms=1928.507 max_chunk_ms=1928.507
1790403319635 [prime-yield] count=26 remaining=35 chunks=1 wall_ms=1965.651 max_chunk_ms=1965.651
1790403321638 [prime-yield] count=27 remaining=34 chunks=1 wall_ms=2002.323 max_chunk_ms=2002.323
1790403322981 [prime-yield] count=28 remaining=33 chunks=1 wall_ms=1343.623 max_chunk_ms=1343.623
1790403325043 [prime-yield] count=29 remaining=32 chunks=1 wall_ms=2061.212 max_chunk_ms=2061.212
1790403327142 [prime-yield] count=30 remaining=31 chunks=1 wall_ms=2098.564 max_chunk_ms=2098.564
1790403327934 [spec] pre-capture pool trim: released 1600MB cached back to the driver (driver free 2252MB < required 3160MB; instantiate allocates from the driver)
1790403327936 [prime-yield] count=31 remaining=30 chunks=1 wall_ms=794.011 max_chunk_ms=794.011
1790403327959 [prime-yield] count=32 remaining=29 chunks=1 wall_ms=23.025 max_chunk_ms=23.025
1790403327980 [prime-yield] count=33 remaining=28 chunks=1 wall_ms=21.357 max_chunk_ms=21.357
1790403328002 [prime-yield] count=34 remaining=27 chunks=1 wall_ms=21.301 max_chunk_ms=21.301
1790403328023 [prime-yield] count=35 remaining=26 chunks=1 wall_ms=21.181 max_chunk_ms=21.181
1790403328044 [prime-yield] count=36 remaining=25 chunks=1 wall_ms=21.325 max_chunk_ms=21.325
1790403328066 [prime-yield] count=37 remaining=24 chunks=1 wall_ms=21.324 max_chunk_ms=21.324
1790403328087 [prime-yield] count=38 remaining=23 chunks=1 wall_ms=21.313 max_chunk_ms=21.313
1790403328109 [prime-yield] count=39 remaining=22 chunks=1 wall_ms=21.312 max_chunk_ms=21.312
1790403328130 [prime-yield] count=40 remaining=21 chunks=1 wall_ms=21.288 max_chunk_ms=21.288
1790403328151 [prime-yield] count=41 remaining=20 chunks=1 wall_ms=21.322 max_chunk_ms=21.322
1790403328173 [prime-yield] count=42 remaining=19 chunks=1 wall_ms=21.339 max_chunk_ms=21.339
1790403328194 [prime-yield] count=43 remaining=18 chunks=1 wall_ms=21.281 max_chunk_ms=21.281
1790403328216 [prime-yield] count=44 remaining=17 chunks=1 wall_ms=21.280 max_chunk_ms=21.280
1790403328237 [prime-yield] count=45 remaining=16 chunks=1 wall_ms=21.301 max_chunk_ms=21.301
1790403328258 [prime-yield] count=46 remaining=15 chunks=1 wall_ms=21.304 max_chunk_ms=21.304
1790403328280 [prime-yield] count=47 remaining=14 chunks=1 wall_ms=21.323 max_chunk_ms=21.323
1790403328301 [prime-yield] count=48 remaining=13 chunks=1 wall_ms=21.312 max_chunk_ms=21.312
1790403328323 [prime-yield] count=49 remaining=12 chunks=1 wall_ms=21.276 max_chunk_ms=21.276
1790403328344 [prime-yield] count=50 remaining=11 chunks=1 wall_ms=21.273 max_chunk_ms=21.273
1790403328365 [prime-yield] count=51 remaining=10 chunks=1 wall_ms=21.313 max_chunk_ms=21.313
1790403328387 [prime-yield] count=52 remaining=9 chunks=1 wall_ms=21.268 max_chunk_ms=21.268
1790403328408 [prime-yield] count=53 remaining=8 chunks=1 wall_ms=21.332 max_chunk_ms=21.332
1790403328430 [prime-yield] count=54 remaining=7 chunks=1 wall_ms=21.247 max_chunk_ms=21.247
1790403328451 [prime-yield] count=55 remaining=6 chunks=1 wall_ms=21.281 max_chunk_ms=21.281
1790403328472 [prime-yield] count=56 remaining=5 chunks=1 wall_ms=21.287 max_chunk_ms=21.287
1790403328494 [prime-yield] count=57 remaining=4 chunks=1 wall_ms=21.277 max_chunk_ms=21.277
1790403328515 [prime-yield] count=58 remaining=3 chunks=1 wall_ms=21.244 max_chunk_ms=21.244
1790403328536 [prime-yield] count=59 remaining=2 chunks=1 wall_ms=21.280 max_chunk_ms=21.280
1790403328558 [prime-yield] count=60 remaining=1 chunks=1 wall_ms=21.272 max_chunk_ms=21.272
1790403328583 [prefix-cache] insert refused: entry 3730114560 exceeds budget 0 (spec-boundary, model q38, ns "rx-122880-256-1")
1790403328947 [spec-acc] ctx=122881 burst=24/24 cum=24/24=1.000
1790403329291 [spec-acc] ctx=122914 burst=24/24 cum=48/48=1.000
1790403329635 [spec-acc] ctx=122946 burst=24/24 cum=72/72=1.000
1790403329979 [spec-acc] ctx=122978 burst=24/24 cum=96/96=1.000
1790403330323 [spec-acc] ctx=123010 burst=24/24 cum=120/120=1.000
1790403330666 [spec-acc] ctx=123042 burst=24/24 cum=144/144=1.000
1790403331053 [spec-acc] ctx=123074 burst=25/27 cum=169/171=0.988
1790403331354 [spec-acc] ctx=123108 burst=21/21 cum=190/192=0.990
1790403331368 [meter] admit id=cmpl-741dc14dadbece8c473376bacc40647f tenant=default lane=interactive model="q38"
1790403331380 [admission] per-session draft-state charge: model="q38" +46MB (measured capture high-water)
1790403331380 [admission] request cost: model="q38" ctx=124928 path=spec = 31552 B/token x ctx + 4402MB prefill-workspace + 540MB fixed = 8884MB
1790403331380 [admit-predict] id=cmpl-741dc14dadbece8c473376bacc40647f tenant="rx-122880-256-1" model="q38" verdict=admit reason=global-p95 prompt=123200 predicted_completion=256 kv_hat=8883914600 booked_bytes=0 booked_real=0 inflight=0 cap=64 budget_bytes=81762758352 retry_after_s=- exempt=0 enforce=0 live_free_bytes=-
1790403331381 [admit-oom] reclaim-on-defer: evicted 0 prefix entries + 0 plain + 1 spec + 0 dspark parked sessions (global LRU); effective free 9052MB -> 13693MB
1790403331381 [worker] spec-reuse: 123136 committed tokens resumed [sampler=equivalent] (model q38)
1790403331381 [spec-k] model="q38" tenant="rx-122880-256-1" K=2 source=cached-long prompt=123200 cached=123136 lcp=0 active=1 wave=1 placement=single-or-non-pp2
1790403332167 [spec-acc] ctx=64 burst=22/22 cum=22/22=1.000
1790403332562 [spec-acc] ctx=98 burst=22/22 cum=44/44=1.000
1790403332955 [spec-acc] ctx=131 burst=22/22 cum=66/66=1.000
1790403333384 [spec-acc] ctx=164 burst=22/24 cum=88/90=0.978
1790403333778 [spec-acc] ctx=198 burst=22/22 cum=110/112=0.982
1790403334172 [spec-acc] ctx=231 burst=22/22 cum=132/134=0.985
1790403334567 [spec-acc] ctx=264 burst=22/22 cum=154/156=0.987
1790403334854 [spec-acc] ctx=297 burst=16/16 cum=170/172=0.988
1790403334869 [meter] admit id=cmpl-1f576cde1e85a29c0eb2a1f004d78fc9 tenant=default lane=interactive model="q38"
1790403334881 [admission] per-session draft-state charge: model="q38" +46MB (measured capture high-water)
1790403334881 [admission] request cost: model="q38" ctx=124928 path=spec = 31552 B/token x ctx + 4409MB prefill-workspace + 540MB fixed = 8890MB
1790403334881 [admit-predict] id=cmpl-1f576cde1e85a29c0eb2a1f004d78fc9 tenant="rx-122880-256-1" model="q38" verdict=admit reason=global-p95 prompt=123520 predicted_completion=256 kv_hat=8900564840 booked_bytes=0 booked_real=0 inflight=0 cap=64 budget_bytes=81762758352 retry_after_s=- exempt=0 enforce=0 live_free_bytes=-
1790403334882 [worker] spec-affinity: rewound to 123168 of 123520 prompt tokens (fingerprint; priming 352 suffix; model q38)
1790403334882 [spec-k] model="q38" tenant="rx-122880-256-1" K=2 source=cached-long prompt=123520 cached=123168 lcp=0 active=1 wave=1 placement=single-or-non-pp2
1790403335714 [spec-acc] ctx=352 burst=22/22 cum=22/22=1.000
1790403336108 [spec-acc] ctx=386 burst=22/22 cum=44/44=1.000
1790403336502 [spec-acc] ctx=419 burst=22/22 cum=66/66=1.000
1790403336896 [spec-acc] ctx=452 burst=22/22 cum=88/88=1.000
1790403337292 [spec-acc] ctx=485 burst=22/22 cum=110/110=1.000
1790403337687 [spec-acc] ctx=518 burst=22/22 cum=132/132=1.000
1790403338083 [spec-acc] ctx=551 burst=22/22 cum=154/154=1.000
1790403338371 [spec-acc] ctx=584 burst=16/16 cum=170/170=1.000
1790403338385 [meter] admit id=cmpl-ddced7207df5f634e7d36c7fb81bdde7 tenant=default lane=interactive model="q38"
1790403338398 [admission] per-session draft-state charge: model="q38" +46MB (measured capture high-water)
1790403338398 [admission] request cost: model="q38" ctx=124928 path=spec = 31552 B/token x ctx + 4396MB prefill-workspace + 540MB fixed = 8877MB
1790403338398 [admit-predict] id=cmpl-ddced7207df5f634e7d36c7fb81bdde7 tenant="rxc-122880-256-1-1" model="q38" verdict=admit reason=global-p95 prompt=122880 predicted_completion=256 kv_hat=8867264360 booked_bytes=0 booked_real=0 inflight=0 cap=64 budget_bytes=81762758352 retry_after_s=- exempt=0 enforce=0 live_free_bytes=-
1790403338398 [spec-k] model="q38" tenant="rxc-122880-256-1-1" K=3 source=cold-long prompt=122880 cached=0 lcp=0 active=1 wave=1 placement=single-or-non-pp2
1790403339453 [prime-yield] count=1 remaining=60 chunks=1 wall_ms=1054.537 max_chunk_ms=1054.537
1790403340548 [prime-yield] count=2 remaining=59 chunks=1 wall_ms=1094.696 max_chunk_ms=1094.696
1790403341679 [prime-yield] count=3 remaining=58 chunks=1 wall_ms=1131.373 max_chunk_ms=1131.373
1790403342847 [prime-yield] count=4 remaining=57 chunks=1 wall_ms=1167.322 max_chunk_ms=1167.322
1790403344050 [prime-yield] count=5 remaining=56 chunks=1 wall_ms=1203.127 max_chunk_ms=1203.127
1790403345290 [prime-yield] count=6 remaining=55 chunks=1 wall_ms=1239.990 max_chunk_ms=1239.990
1790403346566 [prime-yield] count=7 remaining=54 chunks=1 wall_ms=1276.243 max_chunk_ms=1276.243
1790403347879 [prime-yield] count=8 remaining=53 chunks=1 wall_ms=1312.336 max_chunk_ms=1312.336
1790403349227 [prime-yield] count=9 remaining=52 chunks=1 wall_ms=1348.366 max_chunk_ms=1348.366
1790403350612 [prime-yield] count=10 remaining=51 chunks=1 wall_ms=1384.342 max_chunk_ms=1384.342
1790403352032 [prime-yield] count=11 remaining=50 chunks=1 wall_ms=1420.072 max_chunk_ms=1420.072
1790403353489 [prime-yield] count=12 remaining=49 chunks=1 wall_ms=1456.517 max_chunk_ms=1456.517
1790403354982 [prime-yield] count=13 remaining=48 chunks=1 wall_ms=1492.675 max_chunk_ms=1492.675
1790403356510 [prime-yield] count=14 remaining=47 chunks=1 wall_ms=1528.755 max_chunk_ms=1528.755
1790403358075 [prime-yield] count=15 remaining=46 chunks=1 wall_ms=1564.958 max_chunk_ms=1564.958
1790403359677 [prime-yield] count=16 remaining=45 chunks=1 wall_ms=1601.265 max_chunk_ms=1601.265
1790403361315 [prime-yield] count=17 remaining=44 chunks=1 wall_ms=1638.300 max_chunk_ms=1638.300
1790403362990 [prime-yield] count=18 remaining=43 chunks=1 wall_ms=1674.264 max_chunk_ms=1674.264
1790403364701 [prime-yield] count=19 remaining=42 chunks=1 wall_ms=1710.795 max_chunk_ms=1710.795
1790403366447 [prime-yield] count=20 remaining=41 chunks=1 wall_ms=1746.386 max_chunk_ms=1746.386
1790403368230 [prime-yield] count=21 remaining=40 chunks=1 wall_ms=1782.724 max_chunk_ms=1782.724
1790403370049 [prime-yield] count=22 remaining=39 chunks=1 wall_ms=1818.964 max_chunk_ms=1818.964
1790403371905 [prime-yield] count=23 remaining=38 chunks=1 wall_ms=1855.566 max_chunk_ms=1855.566
1790403373797 [prime-yield] count=24 remaining=37 chunks=1 wall_ms=1891.606 max_chunk_ms=1891.606
1790403375725 [prime-yield] count=25 remaining=36 chunks=1 wall_ms=1928.439 max_chunk_ms=1928.439
1790403377690 [prime-yield] count=26 remaining=35 chunks=1 wall_ms=1964.250 max_chunk_ms=1964.250
1790403379690 [prime-yield] count=27 remaining=34 chunks=1 wall_ms=2000.734 max_chunk_ms=2000.734
1790403381034 [prime-yield] count=28 remaining=33 chunks=1 wall_ms=1343.167 max_chunk_ms=1343.167
1790403383095 [prime-yield] count=29 remaining=32 chunks=1 wall_ms=2061.054 max_chunk_ms=2061.054
1790403385193 [prime-yield] count=30 remaining=31 chunks=1 wall_ms=2097.906 max_chunk_ms=2097.906
1790403385985 [spec] pre-capture pool trim: released 1632MB cached back to the driver (driver free 2284MB < required 3160MB; instantiate allocates from the driver)
1790403385987 [prime-yield] count=31 remaining=30 chunks=1 wall_ms=794.043 max_chunk_ms=794.043
1790403386010 [prime-yield] count=32 remaining=29 chunks=1 wall_ms=23.067 max_chunk_ms=23.067
1790403386032 [prime-yield] count=33 remaining=28 chunks=1 wall_ms=20.979 max_chunk_ms=20.979
1790403386053 [prime-yield] count=34 remaining=27 chunks=1 wall_ms=21.390 max_chunk_ms=21.390
1790403386074 [prime-yield] count=35 remaining=26 chunks=1 wall_ms=21.353 max_chunk_ms=21.353
1790403386096 [prime-yield] count=36 remaining=25 chunks=1 wall_ms=21.364 max_chunk_ms=21.364
1790403386117 [prime-yield] count=37 remaining=24 chunks=1 wall_ms=21.368 max_chunk_ms=21.368
1790403386139 [prime-yield] count=38 remaining=23 chunks=1 wall_ms=21.393 max_chunk_ms=21.393
1790403386160 [prime-yield] count=39 remaining=22 chunks=1 wall_ms=21.359 max_chunk_ms=21.359
1790403386182 [prime-yield] count=40 remaining=21 chunks=1 wall_ms=21.355 max_chunk_ms=21.355
1790403386203 [prime-yield] count=41 remaining=20 chunks=1 wall_ms=21.343 max_chunk_ms=21.343
1790403386225 [prime-yield] count=42 remaining=19 chunks=1 wall_ms=21.355 max_chunk_ms=21.355
1790403386246 [prime-yield] count=43 remaining=18 chunks=1 wall_ms=21.336 max_chunk_ms=21.336
1790403386268 [prime-yield] count=44 remaining=17 chunks=1 wall_ms=21.384 max_chunk_ms=21.384
1790403386289 [prime-yield] count=45 remaining=16 chunks=1 wall_ms=21.356 max_chunk_ms=21.356
1790403386310 [prime-yield] count=46 remaining=15 chunks=1 wall_ms=21.356 max_chunk_ms=21.356
1790403386332 [prime-yield] count=47 remaining=14 chunks=1 wall_ms=21.354 max_chunk_ms=21.354
1790403386353 [prime-yield] count=48 remaining=13 chunks=1 wall_ms=21.392 max_chunk_ms=21.392
1790403386375 [prime-yield] count=49 remaining=12 chunks=1 wall_ms=21.357 max_chunk_ms=21.357
1790403386396 [prime-yield] count=50 remaining=11 chunks=1 wall_ms=21.347 max_chunk_ms=21.347
1790403386418 [prime-yield] count=51 remaining=10 chunks=1 wall_ms=21.363 max_chunk_ms=21.363
1790403386439 [prime-yield] count=52 remaining=9 chunks=1 wall_ms=21.337 max_chunk_ms=21.337
1790403386461 [prime-yield] count=53 remaining=8 chunks=1 wall_ms=21.341 max_chunk_ms=21.341
1790403386482 [prime-yield] count=54 remaining=7 chunks=1 wall_ms=21.358 max_chunk_ms=21.358
1790403386504 [prime-yield] count=55 remaining=6 chunks=1 wall_ms=21.364 max_chunk_ms=21.364
1790403386525 [prime-yield] count=56 remaining=5 chunks=1 wall_ms=21.381 max_chunk_ms=21.381
1790403386546 [prime-yield] count=57 remaining=4 chunks=1 wall_ms=21.332 max_chunk_ms=21.332
1790403386568 [prime-yield] count=58 remaining=3 chunks=1 wall_ms=21.360 max_chunk_ms=21.360
1790403386589 [prime-yield] count=59 remaining=2 chunks=1 wall_ms=21.332 max_chunk_ms=21.332
1790403386611 [prime-yield] count=60 remaining=1 chunks=1 wall_ms=21.324 max_chunk_ms=21.324
1790403386636 [prefix-cache] insert refused: entry 3730114560 exceeds budget 0 (spec-boundary, model q38, ns "rxc-122880-256-1-1")
1790403387000 [spec-acc] ctx=122881 burst=24/24 cum=24/24=1.000
1790403387345 [spec-acc] ctx=122914 burst=24/24 cum=48/48=1.000
1790403387689 [spec-acc] ctx=122946 burst=24/24 cum=72/72=1.000
1790403388033 [spec-acc] ctx=122978 burst=24/24 cum=96/96=1.000
1790403388377 [spec-acc] ctx=123010 burst=24/24 cum=120/120=1.000
1790403388721 [spec-acc] ctx=123042 burst=24/24 cum=144/144=1.000
1790403389108 [spec-acc] ctx=123074 burst=25/27 cum=169/171=0.988
1790403389409 [spec-acc] ctx=123108 burst=21/21 cum=190/192=0.990
1790403389419 [meter] admit id=cmpl-dfe2b2161135d011a8f813e9ac6158d5 tenant=default lane=interactive model="q38"
1790403389436 [admission] per-session draft-state charge: model="q38" +46MB (measured capture high-water)
1790403389436 [admission] request cost: model="q38" ctx=124928 path=spec = 31552 B/token x ctx + 4402MB prefill-workspace + 540MB fixed = 8884MB
1790403389436 [admit-predict] id=cmpl-dfe2b2161135d011a8f813e9ac6158d5 tenant="rxc-122880-256-1-2" model="q38" verdict=admit reason=global-p95 prompt=123200 predicted_completion=256 kv_hat=8883914600 booked_bytes=0 booked_real=0 inflight=0 cap=64 budget_bytes=81762758352 retry_after_s=- exempt=0 enforce=0 live_free_bytes=-
1790403389436 [admit-oom] reclaim-on-defer: evicted 0 prefix entries + 0 plain + 1 spec + 0 dspark parked sessions (global LRU); effective free 9052MB -> 13693MB
1790403389437 [spec-k] model="q38" tenant="rxc-122880-256-1-2" K=3 source=cold-long prompt=123200 cached=0 lcp=0 active=1 wave=1 placement=single-or-non-pp2
1790403390493 [prime-yield] count=1 remaining=61 chunks=1 wall_ms=1056.344 max_chunk_ms=1056.344
1790403391590 [prime-yield] count=2 remaining=60 chunks=1 wall_ms=1096.845 max_chunk_ms=1096.845
1790403392723 [prime-yield] count=3 remaining=59 chunks=1 wall_ms=1132.850 max_chunk_ms=1132.850
1790403393892 [prime-yield] count=4 remaining=58 chunks=1 wall_ms=1168.697 max_chunk_ms=1168.697
1790403395097 [prime-yield] count=5 remaining=57 chunks=1 wall_ms=1204.914 max_chunk_ms=1204.914
1790403396339 [prime-yield] count=6 remaining=56 chunks=1 wall_ms=1241.515 max_chunk_ms=1241.515
1790403397617 [prime-yield] count=7 remaining=55 chunks=1 wall_ms=1277.868 max_chunk_ms=1277.868
1790403398931 [prime-yield] count=8 remaining=54 chunks=1 wall_ms=1314.010 max_chunk_ms=1314.010
1790403400280 [prime-yield] count=9 remaining=53 chunks=1 wall_ms=1349.465 max_chunk_ms=1349.465
1790403401666 [prime-yield] count=10 remaining=52 chunks=1 wall_ms=1385.038 max_chunk_ms=1385.038
1790403403087 [prime-yield] count=11 remaining=51 chunks=1 wall_ms=1421.028 max_chunk_ms=1421.028
1790403404544 [prime-yield] count=12 remaining=50 chunks=1 wall_ms=1457.180 max_chunk_ms=1457.180
1790403406037 [prime-yield] count=13 remaining=49 chunks=1 wall_ms=1492.921 max_chunk_ms=1492.921
1790403407566 [prime-yield] count=14 remaining=48 chunks=1 wall_ms=1528.608 max_chunk_ms=1528.608
1790403409131 [prime-yield] count=15 remaining=47 chunks=1 wall_ms=1564.737 max_chunk_ms=1564.737
1790403410731 [prime-yield] count=16 remaining=46 chunks=1 wall_ms=1600.462 max_chunk_ms=1600.462
1790403412368 [prime-yield] count=17 remaining=45 chunks=1 wall_ms=1636.583 max_chunk_ms=1636.583
1790403414042 [prime-yield] count=18 remaining=44 chunks=1 wall_ms=1673.632 max_chunk_ms=1673.632
1790403415752 [prime-yield] count=19 remaining=43 chunks=1 wall_ms=1709.995 max_chunk_ms=1709.995
1790403417498 [prime-yield] count=20 remaining=42 chunks=1 wall_ms=1745.738 max_chunk_ms=1745.738
1790403419280 [prime-yield] count=21 remaining=41 chunks=1 wall_ms=1782.264 max_chunk_ms=1782.264
1790403421099 [prime-yield] count=22 remaining=40 chunks=1 wall_ms=1818.798 max_chunk_ms=1818.798
1790403422955 [prime-yield] count=23 remaining=39 chunks=1 wall_ms=1855.482 max_chunk_ms=1855.482
1790403424847 [prime-yield] count=24 remaining=38 chunks=1 wall_ms=1891.679 max_chunk_ms=1891.679
1790403426775 [prime-yield] count=25 remaining=37 chunks=1 wall_ms=1927.905 max_chunk_ms=1927.905
1790403428740 [prime-yield] count=26 remaining=36 chunks=1 wall_ms=1964.928 max_chunk_ms=1964.928
1790403430741 [prime-yield] count=27 remaining=35 chunks=1 wall_ms=2001.196 max_chunk_ms=2001.196
1790403432084 [prime-yield] count=28 remaining=34 chunks=1 wall_ms=1343.079 max_chunk_ms=1343.079
1790403434145 [prime-yield] count=29 remaining=33 chunks=1 wall_ms=2060.540 max_chunk_ms=2060.540
1790403436243 [prime-yield] count=30 remaining=32 chunks=1 wall_ms=2097.485 max_chunk_ms=2097.485
1790403437206 [spec] pre-capture pool trim: released 1728MB cached back to the driver (driver free 2188MB < required 3160MB; instantiate allocates from the driver)
1790403437208 [prime-yield] count=31 remaining=31 chunks=1 wall_ms=965.456 max_chunk_ms=965.456
1790403437232 [prime-yield] count=32 remaining=30 chunks=1 wall_ms=23.067 max_chunk_ms=23.067
1790403437253 [prime-yield] count=33 remaining=29 chunks=1 wall_ms=21.510 max_chunk_ms=21.510
1790403437275 [prime-yield] count=34 remaining=28 chunks=1 wall_ms=21.459 max_chunk_ms=21.459
1790403437296 [prime-yield] count=35 remaining=27 chunks=1 wall_ms=21.492 max_chunk_ms=21.492
1790403437318 [prime-yield] count=36 remaining=26 chunks=1 wall_ms=21.453 max_chunk_ms=21.453
1790403437339 [prime-yield] count=37 remaining=25 chunks=1 wall_ms=21.465 max_chunk_ms=21.465
1790403437361 [prime-yield] count=38 remaining=24 chunks=1 wall_ms=21.441 max_chunk_ms=21.441
1790403437383 [prime-yield] count=39 remaining=23 chunks=1 wall_ms=21.460 max_chunk_ms=21.460
1790403437404 [prime-yield] count=40 remaining=22 chunks=1 wall_ms=21.416 max_chunk_ms=21.416
1790403437426 [prime-yield] count=41 remaining=21 chunks=1 wall_ms=21.447 max_chunk_ms=21.447
1790403437447 [prime-yield] count=42 remaining=20 chunks=1 wall_ms=21.446 max_chunk_ms=21.446
1790403437469 [prime-yield] count=43 remaining=19 chunks=1 wall_ms=21.485 max_chunk_ms=21.485
1790403437490 [prime-yield] count=44 remaining=18 chunks=1 wall_ms=21.437 max_chunk_ms=21.437
1790403437512 [prime-yield] count=45 remaining=17 chunks=1 wall_ms=21.426 max_chunk_ms=21.426
1790403437533 [prime-yield] count=46 remaining=16 chunks=1 wall_ms=21.402 max_chunk_ms=21.402
1790403437555 [prime-yield] count=47 remaining=15 chunks=1 wall_ms=21.418 max_chunk_ms=21.418
1790403437576 [prime-yield] count=48 remaining=14 chunks=1 wall_ms=21.453 max_chunk_ms=21.453
1790403437598 [prime-yield] count=49 remaining=13 chunks=1 wall_ms=21.415 max_chunk_ms=21.415
1790403437619 [prime-yield] count=50 remaining=12 chunks=1 wall_ms=21.404 max_chunk_ms=21.404
1790403437641 [prime-yield] count=51 remaining=11 chunks=1 wall_ms=21.422 max_chunk_ms=21.422
1790403437662 [prime-yield] count=52 remaining=10 chunks=1 wall_ms=21.432 max_chunk_ms=21.432
1790403437684 [prime-yield] count=53 remaining=9 chunks=1 wall_ms=21.448 max_chunk_ms=21.448
1790403437705 [prime-yield] count=54 remaining=8 chunks=1 wall_ms=21.424 max_chunk_ms=21.424
1790403437727 [prime-yield] count=55 remaining=7 chunks=1 wall_ms=21.410 max_chunk_ms=21.410
1790403437748 [prime-yield] count=56 remaining=6 chunks=1 wall_ms=21.424 max_chunk_ms=21.424
1790403437770 [prime-yield] count=57 remaining=5 chunks=1 wall_ms=21.426 max_chunk_ms=21.426
1790403437791 [prime-yield] count=58 remaining=4 chunks=1 wall_ms=21.401 max_chunk_ms=21.401
1790403437813 [prime-yield] count=59 remaining=3 chunks=1 wall_ms=21.415 max_chunk_ms=21.415
1790403437835 [prime-yield] count=60 remaining=2 chunks=1 wall_ms=21.438 max_chunk_ms=21.438
1790403437856 [prime-yield] count=61 remaining=1 chunks=1 wall_ms=21.407 max_chunk_ms=21.407
1790403437862 [prefix-cache] insert refused: entry 3730114560 exceeds budget 0 (spec-boundary, model q38, ns "rxc-122880-256-1-2")
1790403438226 [spec-acc] ctx=123201 burst=24/24 cum=24/24=1.000
1790403438614 [spec-acc] ctx=123234 burst=26/27 cum=50/51=0.980
1790403438958 [spec-acc] ctx=123269 burst=24/24 cum=74/75=0.987
1790403439345 [spec-acc] ctx=123301 burst=24/27 cum=98/102=0.961
1790403439689 [spec-acc] ctx=123334 burst=24/24 cum=122/126=0.968
1790403440033 [spec-acc] ctx=123366 burst=24/24 cum=146/150=0.973
1790403440377 [spec-acc] ctx=123398 burst=24/24 cum=170/174=0.977
1790403440679 [spec-acc] ctx=123430 burst=21/21 cum=191/195=0.979
1790403440690 [meter] admit id=cmpl-ddaedf9a3344472c0203015a34dede56 tenant=default lane=interactive model="q38"
1790403440706 [admission] per-session draft-state charge: model="q38" +46MB (measured capture high-water)
1790403440706 [admission] request cost: model="q38" ctx=124928 path=spec = 31552 B/token x ctx + 4409MB prefill-workspace + 540MB fixed = 8890MB
1790403440706 [admit-predict] id=cmpl-ddaedf9a3344472c0203015a34dede56 tenant="rxc-122880-256-1-3" model="q38" verdict=admit reason=global-p95 prompt=123520 predicted_completion=256 kv_hat=8900564840 booked_bytes=0 booked_real=0 inflight=0 cap=64 budget_bytes=81762758352 retry_after_s=- exempt=0 enforce=0 live_free_bytes=-
1790403440706 [admit-oom] reclaim-on-defer: evicted 0 prefix entries + 0 plain + 1 spec + 0 dspark parked sessions (global LRU); effective free 9052MB -> 13693MB
1790403440707 [spec-k] model="q38" tenant="rxc-122880-256-1-3" K=3 source=cold-long prompt=123520 cached=0 lcp=0 active=1 wave=1 placement=single-or-non-pp2
1790403441763 [prime-yield] count=1 remaining=61 chunks=1 wall_ms=1055.699 max_chunk_ms=1055.699
1790403442860 [prime-yield] count=2 remaining=60 chunks=1 wall_ms=1096.252 max_chunk_ms=1096.252
1790403443992 [prime-yield] count=3 remaining=59 chunks=1 wall_ms=1132.607 max_chunk_ms=1132.607
1790403445162 [prime-yield] count=4 remaining=58 chunks=1 wall_ms=1169.240 max_chunk_ms=1169.240
1790403446367 [prime-yield] count=5 remaining=57 chunks=1 wall_ms=1205.045 max_chunk_ms=1205.045
1790403447609 [prime-yield] count=6 remaining=56 chunks=1 wall_ms=1241.561 max_chunk_ms=1241.561
1790403448886 [prime-yield] count=7 remaining=55 chunks=1 wall_ms=1277.625 max_chunk_ms=1277.625
1790403450200 [prime-yield] count=8 remaining=54 chunks=1 wall_ms=1313.957 max_chunk_ms=1313.957
1790403451551 [prime-yield] count=9 remaining=53 chunks=1 wall_ms=1350.157 max_chunk_ms=1350.157
1790403452937 [prime-yield] count=10 remaining=52 chunks=1 wall_ms=1386.687 max_chunk_ms=1386.687
1790403454360 [prime-yield] count=11 remaining=51 chunks=1 wall_ms=1422.360 max_chunk_ms=1422.360
1790403455818 [prime-yield] count=12 remaining=50 chunks=1 wall_ms=1458.163 max_chunk_ms=1458.163
1790403457313 [prime-yield] count=13 remaining=49 chunks=1 wall_ms=1494.302 max_chunk_ms=1494.302
1790403458843 [prime-yield] count=14 remaining=48 chunks=1 wall_ms=1530.621 max_chunk_ms=1530.621
1790403460410 [prime-yield] count=15 remaining=47 chunks=1 wall_ms=1566.821 max_chunk_ms=1566.821
1790403462013 [prime-yield] count=16 remaining=46 chunks=1 wall_ms=1602.211 max_chunk_ms=1602.211
1790403463651 [prime-yield] count=17 remaining=45 chunks=1 wall_ms=1638.376 max_chunk_ms=1638.376
1790403465326 [prime-yield] count=18 remaining=44 chunks=1 wall_ms=1674.393 max_chunk_ms=1674.393
1790403467037 [prime-yield] count=19 remaining=43 chunks=1 wall_ms=1710.935 max_chunk_ms=1710.935
1790403468785 [prime-yield] count=20 remaining=42 chunks=1 wall_ms=1747.667 max_chunk_ms=1747.667
1790403470569 [prime-yield] count=21 remaining=41 chunks=1 wall_ms=1784.115 max_chunk_ms=1784.115
1790403472389 [prime-yield] count=22 remaining=40 chunks=1 wall_ms=1819.593 max_chunk_ms=1819.593
1790403474244 [prime-yield] count=23 remaining=39 chunks=1 wall_ms=1855.602 max_chunk_ms=1855.602
1790403476137 [prime-yield] count=24 remaining=38 chunks=1 wall_ms=1892.756 max_chunk_ms=1892.756
1790403478066 [prime-yield] count=25 remaining=37 chunks=1 wall_ms=1928.860 max_chunk_ms=1928.860
1790403480032 [prime-yield] count=26 remaining=36 chunks=1 wall_ms=1965.893 max_chunk_ms=1965.893
1790403482035 [prime-yield] count=27 remaining=35 chunks=1 wall_ms=2002.493 max_chunk_ms=2002.493
1790403483379 [prime-yield] count=28 remaining=34 chunks=1 wall_ms=1344.109 max_chunk_ms=1344.109
1790403485441 [prime-yield] count=29 remaining=33 chunks=1 wall_ms=2061.889 max_chunk_ms=2061.889
1790403487540 [prime-yield] count=30 remaining=32 chunks=1 wall_ms=2098.766 max_chunk_ms=2098.766
1790403488710 [spec] pre-capture pool trim: released 1728MB cached back to the driver (driver free 2124MB < required 3160MB; instantiate allocates from the driver)
1790403488712 [prime-yield] count=31 remaining=31 chunks=1 wall_ms=1171.791 max_chunk_ms=1171.791
1790403488735 [prime-yield] count=32 remaining=30 chunks=1 wall_ms=22.912 max_chunk_ms=22.912
1790403488757 [prime-yield] count=33 remaining=29 chunks=1 wall_ms=21.456 max_chunk_ms=21.456
1790403488778 [prime-yield] count=34 remaining=28 chunks=1 wall_ms=21.453 max_chunk_ms=21.453
1790403488800 [prime-yield] count=35 remaining=27 chunks=1 wall_ms=21.445 max_chunk_ms=21.445
1790403488821 [prime-yield] count=36 remaining=26 chunks=1 wall_ms=21.445 max_chunk_ms=21.445
1790403488843 [prime-yield] count=37 remaining=25 chunks=1 wall_ms=21.414 max_chunk_ms=21.414
1790403488864 [prime-yield] count=38 remaining=24 chunks=1 wall_ms=21.409 max_chunk_ms=21.409
1790403488886 [prime-yield] count=39 remaining=23 chunks=1 wall_ms=21.428 max_chunk_ms=21.428
1790403488907 [prime-yield] count=40 remaining=22 chunks=1 wall_ms=21.426 max_chunk_ms=21.426
1790403488929 [prime-yield] count=41 remaining=21 chunks=1 wall_ms=21.469 max_chunk_ms=21.469
1790403488950 [prime-yield] count=42 remaining=20 chunks=1 wall_ms=21.452 max_chunk_ms=21.452
1790403488972 [prime-yield] count=43 remaining=19 chunks=1 wall_ms=21.468 max_chunk_ms=21.468
1790403488993 [prime-yield] count=44 remaining=18 chunks=1 wall_ms=21.429 max_chunk_ms=21.429
1790403489015 [prime-yield] count=45 remaining=17 chunks=1 wall_ms=21.426 max_chunk_ms=21.426
1790403489036 [prime-yield] count=46 remaining=16 chunks=1 wall_ms=21.424 max_chunk_ms=21.424
1790403489058 [prime-yield] count=47 remaining=15 chunks=1 wall_ms=21.466 max_chunk_ms=21.466
1790403489080 [prime-yield] count=48 remaining=14 chunks=1 wall_ms=21.400 max_chunk_ms=21.400
1790403489101 [prime-yield] count=49 remaining=13 chunks=1 wall_ms=21.414 max_chunk_ms=21.414
1790403489123 [prime-yield] count=50 remaining=12 chunks=1 wall_ms=21.410 max_chunk_ms=21.410
1790403489144 [prime-yield] count=51 remaining=11 chunks=1 wall_ms=21.408 max_chunk_ms=21.408
1790403489166 [prime-yield] count=52 remaining=10 chunks=1 wall_ms=21.415 max_chunk_ms=21.415
1790403489187 [prime-yield] count=53 remaining=9 chunks=1 wall_ms=21.431 max_chunk_ms=21.431
1790403489209 [prime-yield] count=54 remaining=8 chunks=1 wall_ms=21.425 max_chunk_ms=21.425
1790403489230 [prime-yield] count=55 remaining=7 chunks=1 wall_ms=21.415 max_chunk_ms=21.415
1790403489252 [prime-yield] count=56 remaining=6 chunks=1 wall_ms=21.438 max_chunk_ms=21.438
1790403489273 [prime-yield] count=57 remaining=5 chunks=1 wall_ms=21.388 max_chunk_ms=21.388
1790403489295 [prime-yield] count=58 remaining=4 chunks=1 wall_ms=21.418 max_chunk_ms=21.418
1790403489316 [prime-yield] count=59 remaining=3 chunks=1 wall_ms=21.400 max_chunk_ms=21.400
1790403489338 [prime-yield] count=60 remaining=2 chunks=1 wall_ms=21.398 max_chunk_ms=21.398
1790403489359 [prime-yield] count=61 remaining=1 chunks=1 wall_ms=21.437 max_chunk_ms=21.437
1790403489367 [prefix-cache] insert refused: entry 3730114560 exceeds budget 0 (spec-boundary, model q38, ns "rxc-122880-256-1-3")
1790403489731 [spec-acc] ctx=123521 burst=24/24 cum=24/24=1.000
1790403490076 [spec-acc] ctx=123554 burst=24/24 cum=48/48=1.000
1790403490421 [spec-acc] ctx=123586 burst=24/24 cum=72/72=1.000
1790403490809 [spec-acc] ctx=123618 burst=24/27 cum=96/99=0.970
1790403491154 [spec-acc] ctx=123651 burst=24/24 cum=120/123=0.976
1790403491542 [spec-acc] ctx=123683 burst=26/27 cum=146/150=0.973
1790403491930 [spec-acc] ctx=123718 burst=25/27 cum=171/177=0.966
1790403492189 [spec-acc] ctx=123752 burst=18/18 cum=189/195=0.969
1790403492201 [meter] admit id=cmpl-fb903c9766d2fd511e22fee8f9b06bbb tenant=default lane=interactive model="q38"
1790403492216 [admission] per-session draft-state charge: model="q38" +46MB (measured capture high-water)
1790403492216 [admission] request cost: model="q38" ctx=124928 path=spec = 31552 B/token x ctx + 4396MB prefill-workspace + 540MB fixed = 8877MB
1790403492216 [admit-predict] id=cmpl-fb903c9766d2fd511e22fee8f9b06bbb tenant="rx-122880-256-2" model="q38" verdict=admit reason=global-p95 prompt=122880 predicted_completion=256 kv_hat=8867264360 booked_bytes=0 booked_real=0 inflight=0 cap=64 budget_bytes=81762758352 retry_after_s=- exempt=0 enforce=0 live_free_bytes=-
1790403492216 [admit-oom] reclaim-on-defer: evicted 0 prefix entries + 0 plain + 1 spec + 0 dspark parked sessions (global LRU); effective free 9052MB -> 13693MB
1790403492217 [spec-k] model="q38" tenant="rx-122880-256-2" K=3 source=cold-long prompt=122880 cached=0 lcp=0 active=1 wave=1 placement=single-or-non-pp2
1790403493274 [prime-yield] count=1 remaining=60 chunks=1 wall_ms=1056.879 max_chunk_ms=1056.879
1790403494371 [prime-yield] count=2 remaining=59 chunks=1 wall_ms=1097.163 max_chunk_ms=1097.163
1790403495505 [prime-yield] count=3 remaining=58 chunks=1 wall_ms=1133.029 max_chunk_ms=1133.029
1790403496674 [prime-yield] count=4 remaining=57 chunks=1 wall_ms=1169.691 max_chunk_ms=1169.691
1790403497880 [prime-yield] count=5 remaining=56 chunks=1 wall_ms=1205.816 max_chunk_ms=1205.816
1790403499122 [prime-yield] count=6 remaining=55 chunks=1 wall_ms=1241.282 max_chunk_ms=1241.282
1790403500400 [prime-yield] count=7 remaining=54 chunks=1 wall_ms=1278.027 max_chunk_ms=1278.027
1790403501714 [prime-yield] count=8 remaining=53 chunks=1 wall_ms=1313.789 max_chunk_ms=1313.789
1790403503064 [prime-yield] count=9 remaining=52 chunks=1 wall_ms=1349.593 max_chunk_ms=1349.593
1790403504449 [prime-yield] count=10 remaining=51 chunks=1 wall_ms=1385.349 max_chunk_ms=1385.349
1790403505870 [prime-yield] count=11 remaining=50 chunks=1 wall_ms=1421.241 max_chunk_ms=1421.241
1790403507328 [prime-yield] count=12 remaining=49 chunks=1 wall_ms=1457.516 max_chunk_ms=1457.516
1790403508822 [prime-yield] count=13 remaining=48 chunks=1 wall_ms=1493.439 max_chunk_ms=1493.439
1790403510351 [prime-yield] count=14 remaining=47 chunks=1 wall_ms=1529.296 max_chunk_ms=1529.296
1790403511917 [prime-yield] count=15 remaining=46 chunks=1 wall_ms=1565.552 max_chunk_ms=1565.552
1790403513518 [prime-yield] count=16 remaining=45 chunks=1 wall_ms=1601.505 max_chunk_ms=1601.505
1790403515157 [prime-yield] count=17 remaining=44 chunks=1 wall_ms=1638.147 max_chunk_ms=1638.147
1790403516830 [prime-yield] count=18 remaining=43 chunks=1 wall_ms=1673.536 max_chunk_ms=1673.536
1790403518541 [prime-yield] count=19 remaining=42 chunks=1 wall_ms=1710.388 max_chunk_ms=1710.388
1790403520288 [prime-yield] count=20 remaining=41 chunks=1 wall_ms=1746.587 max_chunk_ms=1746.587
1790403522071 [prime-yield] count=21 remaining=40 chunks=1 wall_ms=1782.981 max_chunk_ms=1782.981
1790403523890 [prime-yield] count=22 remaining=39 chunks=1 wall_ms=1819.270 max_chunk_ms=1819.270
1790403525746 [prime-yield] count=23 remaining=38 chunks=1 wall_ms=1856.044 max_chunk_ms=1856.044
1790403527639 [prime-yield] count=24 remaining=37 chunks=1 wall_ms=1892.423 max_chunk_ms=1892.423
1790403529567 [prime-yield] count=25 remaining=36 chunks=1 wall_ms=1927.607 max_chunk_ms=1927.607
1790403531531 [prime-yield] count=26 remaining=35 chunks=1 wall_ms=1964.524 max_chunk_ms=1964.524
1790403533532 [prime-yield] count=27 remaining=34 chunks=1 wall_ms=2000.501 max_chunk_ms=2000.501
1790403534383 [prime-yield] count=28 remaining=33 chunks=1 wall_ms=850.953 max_chunk_ms=850.953
1790403536434 [prime-yield] count=29 remaining=32 chunks=1 wall_ms=2050.350 max_chunk_ms=2050.350
1790403538521 [prime-yield] count=30 remaining=31 chunks=1 wall_ms=2087.598 max_chunk_ms=2087.598
1790403539824 [spec] pre-capture pool trim: released 1664MB cached back to the driver (driver free 2220MB < required 3160MB; instantiate allocates from the driver)
1790403539826 [prime-yield] count=31 remaining=30 chunks=1 wall_ms=1304.800 max_chunk_ms=1304.800
1790403539849 [prime-yield] count=32 remaining=29 chunks=1 wall_ms=22.988 max_chunk_ms=22.988
1790403539871 [prime-yield] count=33 remaining=28 chunks=1 wall_ms=21.469 max_chunk_ms=21.469
1790403539892 [prime-yield] count=34 remaining=27 chunks=1 wall_ms=21.451 max_chunk_ms=21.451
1790403539914 [prime-yield] count=35 remaining=26 chunks=1 wall_ms=21.441 max_chunk_ms=21.441
1790403539935 [prime-yield] count=36 remaining=25 chunks=1 wall_ms=21.433 max_chunk_ms=21.433
1790403539957 [prime-yield] count=37 remaining=24 chunks=1 wall_ms=21.473 max_chunk_ms=21.473
1790403539979 [prime-yield] count=38 remaining=23 chunks=1 wall_ms=21.444 max_chunk_ms=21.444
1790403540000 [prime-yield] count=39 remaining=22 chunks=1 wall_ms=21.453 max_chunk_ms=21.453
1790403540022 [prime-yield] count=40 remaining=21 chunks=1 wall_ms=21.277 max_chunk_ms=21.277
1790403540043 [prime-yield] count=41 remaining=20 chunks=1 wall_ms=21.349 max_chunk_ms=21.349
1790403540065 [prime-yield] count=42 remaining=19 chunks=1 wall_ms=21.430 max_chunk_ms=21.430
1790403540086 [prime-yield] count=43 remaining=18 chunks=1 wall_ms=21.426 max_chunk_ms=21.426
1790403540108 [prime-yield] count=44 remaining=17 chunks=1 wall_ms=21.430 max_chunk_ms=21.430
1790403540129 [prime-yield] count=45 remaining=16 chunks=1 wall_ms=21.441 max_chunk_ms=21.441
1790403540151 [prime-yield] count=46 remaining=15 chunks=1 wall_ms=21.390 max_chunk_ms=21.390
1790403540172 [prime-yield] count=47 remaining=14 chunks=1 wall_ms=21.408 max_chunk_ms=21.408
1790403540194 [prime-yield] count=48 remaining=13 chunks=1 wall_ms=21.395 max_chunk_ms=21.395
1790403540215 [prime-yield] count=49 remaining=12 chunks=1 wall_ms=21.407 max_chunk_ms=21.407
1790403540237 [prime-yield] count=50 remaining=11 chunks=1 wall_ms=21.428 max_chunk_ms=21.428
1790403540258 [prime-yield] count=51 remaining=10 chunks=1 wall_ms=21.401 max_chunk_ms=21.401
1790403540280 [prime-yield] count=52 remaining=9 chunks=1 wall_ms=21.430 max_chunk_ms=21.430
1790403540301 [prime-yield] count=53 remaining=8 chunks=1 wall_ms=21.432 max_chunk_ms=21.432
1790403540323 [prime-yield] count=54 remaining=7 chunks=1 wall_ms=21.448 max_chunk_ms=21.448
1790403540344 [prime-yield] count=55 remaining=6 chunks=1 wall_ms=21.433 max_chunk_ms=21.433
1790403540366 [prime-yield] count=56 remaining=5 chunks=1 wall_ms=21.408 max_chunk_ms=21.408
1790403540387 [prime-yield] count=57 remaining=4 chunks=1 wall_ms=21.392 max_chunk_ms=21.392
1790403540409 [prime-yield] count=58 remaining=3 chunks=1 wall_ms=21.389 max_chunk_ms=21.389
1790403540430 [prime-yield] count=59 remaining=2 chunks=1 wall_ms=21.443 max_chunk_ms=21.443
1790403540452 [prime-yield] count=60 remaining=1 chunks=1 wall_ms=21.443 max_chunk_ms=21.443
1790403540476 [prefix-cache] insert refused: entry 3697805312 exceeds budget 0 (spec-boundary, model q38, ns "rx-122880-256-2")
1790403540841 [spec-acc] ctx=122881 burst=24/24 cum=24/24=1.000
1790403541229 [spec-acc] ctx=122914 burst=25/27 cum=49/51=0.961
1790403541617 [spec-acc] ctx=122948 burst=23/27 cum=72/78=0.923
1790403541961 [spec-acc] ctx=122980 burst=24/24 cum=96/102=0.941
1790403542434 [spec-acc] ctx=123012 burst=24/33 cum=120/135=0.889
1790403542778 [spec-acc] ctx=123047 burst=24/24 cum=144/159=0.906
1790403543165 [spec-acc] ctx=123079 burst=24/27 cum=168/186=0.903
1790403543423 [spec-acc] ctx=123112 burst=18/18 cum=186/204=0.912
1790403543437 [meter] admit id=cmpl-053d9acb567648c308dd33254028b4b2 tenant=default lane=interactive model="q38"
1790403543450 [admission] per-session draft-state charge: model="q38" +46MB (measured capture high-water)
1790403543450 [admission] request cost: model="q38" ctx=124928 path=spec = 31552 B/token x ctx + 4402MB prefill-workspace + 540MB fixed = 8884MB
1790403543450 [admit-predict] id=cmpl-053d9acb567648c308dd33254028b4b2 tenant="rx-122880-256-2" model="q38" verdict=admit reason=global-p95 prompt=123200 predicted_completion=256 kv_hat=8883914600 booked_bytes=0 booked_real=0 inflight=0 cap=64 budget_bytes=81762758352 retry_after_s=- exempt=0 enforce=0 live_free_bytes=-
1790403543450 [admit-oom] reclaim-on-defer: evicted 0 prefix entries + 0 plain + 1 spec + 0 dspark parked sessions (global LRU); effective free 9052MB -> 13693MB
1790403543451 [worker] spec-reuse: 123136 committed tokens resumed [sampler=equivalent] (model q38)
1790403543451 [spec-k] model="q38" tenant="rx-122880-256-2" K=2 source=cached-long prompt=123200 cached=123136 lcp=0 active=1 wave=1 placement=single-or-non-pp2
1790403544237 [spec-acc] ctx=64 burst=22/22 cum=22/22=1.000
1790403544631 [spec-acc] ctx=98 burst=22/22 cum=44/44=1.000
1790403545025 [spec-acc] ctx=131 burst=22/22 cum=66/66=1.000
1790403545419 [spec-acc] ctx=164 burst=22/22 cum=88/88=1.000
1790403545848 [spec-acc] ctx=197 burst=22/24 cum=110/112=0.982
1790403546243 [spec-acc] ctx=231 burst=21/22 cum=131/134=0.978
1790403546638 [spec-acc] ctx=263 burst=22/22 cum=153/156=0.981
1790403546926 [spec-acc] ctx=296 burst=16/16 cum=169/172=0.983
1790403546939 [meter] admit id=cmpl-d7d16b1d0e094031004fa9c5d032fc86 tenant=default lane=interactive model="q38"
1790403546952 [admission] per-session draft-state charge: model="q38" +46MB (measured capture high-water)
1790403546952 [admission] request cost: model="q38" ctx=124928 path=spec = 31552 B/token x ctx + 4409MB prefill-workspace + 540MB fixed = 8890MB
1790403546952 [admit-predict] id=cmpl-d7d16b1d0e094031004fa9c5d032fc86 tenant="rx-122880-256-2" model="q38" verdict=admit reason=global-p95 prompt=123520 predicted_completion=256 kv_hat=8900564840 booked_bytes=0 booked_real=0 inflight=0 cap=64 budget_bytes=81762758352 retry_after_s=- exempt=0 enforce=0 live_free_bytes=-
1790403546953 [worker] spec-reuse: 123456 committed tokens resumed [sampler=equivalent] (model q38)
1790403546953 [spec-k] model="q38" tenant="rx-122880-256-2" K=2 source=cached-long prompt=123520 cached=123456 lcp=0 active=1 wave=1 placement=single-or-non-pp2
1790403547738 [spec-acc] ctx=64 burst=21/22 cum=21/22=0.955
1790403548132 [spec-acc] ctx=97 burst=22/22 cum=43/44=0.977
1790403548561 [spec-acc] ctx=130 burst=22/24 cum=65/68=0.956
1790403548956 [spec-acc] ctx=164 burst=22/22 cum=87/90=0.967
1790403549351 [spec-acc] ctx=197 burst=22/22 cum=109/112=0.973
1790403549747 [spec-acc] ctx=230 burst=21/22 cum=130/134=0.970
1790403550142 [spec-acc] ctx=262 burst=22/22 cum=152/156=0.974
1790403550466 [spec-acc] ctx=295 burst=16/18 cum=168/174=0.966
1790403550480 [meter] admit id=cmpl-edc5386106379c2911290b7b1c32b419 tenant=default lane=interactive model="q38"
1790403550493 [admission] per-session draft-state charge: model="q38" +46MB (measured capture high-water)
1790403550493 [admission] request cost: model="q38" ctx=124928 path=spec = 31552 B/token x ctx + 4396MB prefill-workspace + 540MB fixed = 8877MB
1790403550493 [admit-predict] id=cmpl-edc5386106379c2911290b7b1c32b419 tenant="rxc-122880-256-2-1" model="q38" verdict=admit reason=global-p95 prompt=122880 predicted_completion=256 kv_hat=8867264360 booked_bytes=0 booked_real=0 inflight=0 cap=64 budget_bytes=81762758352 retry_after_s=- exempt=0 enforce=0 live_free_bytes=-
1790403550493 [spec-k] model="q38" tenant="rxc-122880-256-2-1" K=3 source=cold-long prompt=122880 cached=0 lcp=0 active=1 wave=1 placement=single-or-non-pp2
1790403551548 [prime-yield] count=1 remaining=60 chunks=1 wall_ms=1054.936 max_chunk_ms=1054.936
1790403552644 [prime-yield] count=2 remaining=59 chunks=1 wall_ms=1095.406 max_chunk_ms=1095.406
1790403553776 [prime-yield] count=3 remaining=58 chunks=1 wall_ms=1131.752 max_chunk_ms=1131.752
1790403554944 [prime-yield] count=4 remaining=57 chunks=1 wall_ms=1167.913 max_chunk_ms=1167.913
1790403556148 [prime-yield] count=5 remaining=56 chunks=1 wall_ms=1204.190 max_chunk_ms=1204.190
1790403557388 [prime-yield] count=6 remaining=55 chunks=1 wall_ms=1239.693 max_chunk_ms=1239.693
1790403558664 [prime-yield] count=7 remaining=54 chunks=1 wall_ms=1275.810 max_chunk_ms=1275.810
1790403559976 [prime-yield] count=8 remaining=53 chunks=1 wall_ms=1312.058 max_chunk_ms=1312.058
1790403561325 [prime-yield] count=9 remaining=52 chunks=1 wall_ms=1348.182 max_chunk_ms=1348.182
1790403562708 [prime-yield] count=10 remaining=51 chunks=1 wall_ms=1383.606 max_chunk_ms=1383.606
1790403564128 [prime-yield] count=11 remaining=50 chunks=1 wall_ms=1419.261 max_chunk_ms=1419.261
1790403565583 [prime-yield] count=12 remaining=49 chunks=1 wall_ms=1455.492 max_chunk_ms=1455.492
1790403567076 [prime-yield] count=13 remaining=48 chunks=1 wall_ms=1492.364 max_chunk_ms=1492.364
1790403568604 [prime-yield] count=14 remaining=47 chunks=1 wall_ms=1527.721 max_chunk_ms=1527.721
1790403570168 [prime-yield] count=15 remaining=46 chunks=1 wall_ms=1564.173 max_chunk_ms=1564.173
1790403571769 [prime-yield] count=16 remaining=45 chunks=1 wall_ms=1600.482 max_chunk_ms=1600.482
1790403573405 [prime-yield] count=17 remaining=44 chunks=1 wall_ms=1636.603 max_chunk_ms=1636.603
1790403575078 [prime-yield] count=18 remaining=43 chunks=1 wall_ms=1673.022 max_chunk_ms=1673.022
1790403576788 [prime-yield] count=19 remaining=42 chunks=1 wall_ms=1709.589 max_chunk_ms=1709.589
1790403578534 [prime-yield] count=20 remaining=41 chunks=1 wall_ms=1745.872 max_chunk_ms=1745.872
1790403580316 [prime-yield] count=21 remaining=40 chunks=1 wall_ms=1781.692 max_chunk_ms=1781.692
1790403582134 [prime-yield] count=22 remaining=39 chunks=1 wall_ms=1817.436 max_chunk_ms=1817.436
1790403583988 [prime-yield] count=23 remaining=38 chunks=1 wall_ms=1854.072 max_chunk_ms=1854.072
1790403585878 [prime-yield] count=24 remaining=37 chunks=1 wall_ms=1889.849 max_chunk_ms=1889.849
1790403587804 [prime-yield] count=25 remaining=36 chunks=1 wall_ms=1926.238 max_chunk_ms=1926.238
1790403589767 [prime-yield] count=26 remaining=35 chunks=1 wall_ms=1962.741 max_chunk_ms=1962.741
1790403591767 [prime-yield] count=27 remaining=34 chunks=1 wall_ms=1999.442 max_chunk_ms=1999.442
1790403592617 [prime-yield] count=28 remaining=33 chunks=1 wall_ms=850.481 max_chunk_ms=850.481
1790403594666 [prime-yield] count=29 remaining=32 chunks=1 wall_ms=2048.910 max_chunk_ms=2048.910
1790403596753 [prime-yield] count=30 remaining=31 chunks=1 wall_ms=2086.838 max_chunk_ms=2086.838
1790403598056 [spec] pre-capture pool trim: released 1856MB cached back to the driver (driver free 2028MB < required 3160MB; instantiate allocates from the driver)
1790403598058 [prime-yield] count=31 remaining=30 chunks=1 wall_ms=1304.925 max_chunk_ms=1304.925
1790403598082 [prime-yield] count=32 remaining=29 chunks=1 wall_ms=23.073 max_chunk_ms=23.073
1790403598103 [prime-yield] count=33 remaining=28 chunks=1 wall_ms=21.436 max_chunk_ms=21.436
1790403598125 [prime-yield] count=34 remaining=27 chunks=1 wall_ms=21.453 max_chunk_ms=21.453
1790403598146 [prime-yield] count=35 remaining=26 chunks=1 wall_ms=21.399 max_chunk_ms=21.399
1790403598168 [prime-yield] count=36 remaining=25 chunks=1 wall_ms=21.429 max_chunk_ms=21.429
1790403598189 [prime-yield] count=37 remaining=24 chunks=1 wall_ms=21.426 max_chunk_ms=21.426
1790403598211 [prime-yield] count=38 remaining=23 chunks=1 wall_ms=21.416 max_chunk_ms=21.416
1790403598232 [prime-yield] count=39 remaining=22 chunks=1 wall_ms=21.405 max_chunk_ms=21.405
1790403598254 [prime-yield] count=40 remaining=21 chunks=1 wall_ms=21.396 max_chunk_ms=21.396
1790403598275 [prime-yield] count=41 remaining=20 chunks=1 wall_ms=21.387 max_chunk_ms=21.387
1790403598297 [prime-yield] count=42 remaining=19 chunks=1 wall_ms=21.412 max_chunk_ms=21.412
1790403598318 [prime-yield] count=43 remaining=18 chunks=1 wall_ms=21.412 max_chunk_ms=21.412
1790403598340 [prime-yield] count=44 remaining=17 chunks=1 wall_ms=21.407 max_chunk_ms=21.407
1790403598361 [prime-yield] count=45 remaining=16 chunks=1 wall_ms=21.363 max_chunk_ms=21.363
1790403598383 [prime-yield] count=46 remaining=15 chunks=1 wall_ms=21.415 max_chunk_ms=21.415
1790403598404 [prime-yield] count=47 remaining=14 chunks=1 wall_ms=21.414 max_chunk_ms=21.414
1790403598426 [prime-yield] count=48 remaining=13 chunks=1 wall_ms=21.400 max_chunk_ms=21.400
1790403598447 [prime-yield] count=49 remaining=12 chunks=1 wall_ms=21.418 max_chunk_ms=21.418
1790403598469 [prime-yield] count=50 remaining=11 chunks=1 wall_ms=21.394 max_chunk_ms=21.394
1790403598490 [prime-yield] count=51 remaining=10 chunks=1 wall_ms=21.406 max_chunk_ms=21.406
1790403598512 [prime-yield] count=52 remaining=9 chunks=1 wall_ms=21.383 max_chunk_ms=21.383
1790403598533 [prime-yield] count=53 remaining=8 chunks=1 wall_ms=21.385 max_chunk_ms=21.385
1790403598555 [prime-yield] count=54 remaining=7 chunks=1 wall_ms=21.377 max_chunk_ms=21.377
1790403598576 [prime-yield] count=55 remaining=6 chunks=1 wall_ms=21.389 max_chunk_ms=21.389
1790403598598 [prime-yield] count=56 remaining=5 chunks=1 wall_ms=21.386 max_chunk_ms=21.386
1790403598619 [prime-yield] count=57 remaining=4 chunks=1 wall_ms=21.400 max_chunk_ms=21.400
1790403598641 [prime-yield] count=58 remaining=3 chunks=1 wall_ms=21.420 max_chunk_ms=21.420
1790403598662 [prime-yield] count=59 remaining=2 chunks=1 wall_ms=21.407 max_chunk_ms=21.407
1790403598684 [prime-yield] count=60 remaining=1 chunks=1 wall_ms=21.386 max_chunk_ms=21.386
1790403598708 [prefix-cache] insert refused: entry 3697805312 exceeds budget 0 (spec-boundary, model q38, ns "rxc-122880-256-2-1")
1790403599073 [spec-acc] ctx=122881 burst=24/24 cum=24/24=1.000
1790403599461 [spec-acc] ctx=122914 burst=25/27 cum=49/51=0.961
1790403599849 [spec-acc] ctx=122948 burst=23/27 cum=72/78=0.923
1790403600193 [spec-acc] ctx=122980 burst=24/24 cum=96/102=0.941
1790403600666 [spec-acc] ctx=123012 burst=24/33 cum=120/135=0.889
1790403601010 [spec-acc] ctx=123047 burst=24/24 cum=144/159=0.906
1790403601397 [spec-acc] ctx=123079 burst=24/27 cum=168/186=0.903
1790403601655 [spec-acc] ctx=123112 burst=18/18 cum=186/204=0.912
1790403601665 [meter] admit id=cmpl-38b5f8d8055b518f6f0889290b93f781 tenant=default lane=interactive model="q38"
1790403601682 [admission] per-session draft-state charge: model="q38" +46MB (measured capture high-water)
1790403601682 [admission] request cost: model="q38" ctx=124928 path=spec = 31552 B/token x ctx + 4402MB prefill-workspace + 540MB fixed = 8884MB
1790403601682 [admit-predict] id=cmpl-38b5f8d8055b518f6f0889290b93f781 tenant="rxc-122880-256-2-2" model="q38" verdict=admit reason=global-p95 prompt=123200 predicted_completion=256 kv_hat=8883914600 booked_bytes=0 booked_real=0 inflight=0 cap=64 budget_bytes=81762758352 retry_after_s=- exempt=0 enforce=0 live_free_bytes=-
1790403601682 [admit-oom] reclaim-on-defer: evicted 0 prefix entries + 0 plain + 1 spec + 0 dspark parked sessions (global LRU); effective free 9052MB -> 13693MB
1790403601683 [spec-k] model="q38" tenant="rxc-122880-256-2-2" K=3 source=cold-long prompt=123200 cached=0 lcp=0 active=1 wave=1 placement=single-or-non-pp2
1790403602738 [prime-yield] count=1 remaining=61 chunks=1 wall_ms=1054.841 max_chunk_ms=1054.841
1790403603833 [prime-yield] count=2 remaining=60 chunks=1 wall_ms=1095.377 max_chunk_ms=1095.377
1790403604965 [prime-yield] count=3 remaining=59 chunks=1 wall_ms=1131.311 max_chunk_ms=1131.311
1790403606132 [prime-yield] count=4 remaining=58 chunks=1 wall_ms=1167.304 max_chunk_ms=1167.304
1790403607336 [prime-yield] count=5 remaining=57 chunks=1 wall_ms=1203.282 max_chunk_ms=1203.282
1790403608575 [prime-yield] count=6 remaining=56 chunks=1 wall_ms=1239.505 max_chunk_ms=1239.505
1790403609852 [prime-yield] count=7 remaining=55 chunks=1 wall_ms=1276.148 max_chunk_ms=1276.148
1790403611164 [prime-yield] count=8 remaining=54 chunks=1 wall_ms=1312.055 max_chunk_ms=1312.055
1790403612512 [prime-yield] count=9 remaining=53 chunks=1 wall_ms=1348.382 max_chunk_ms=1348.382
1790403613896 [prime-yield] count=10 remaining=52 chunks=1 wall_ms=1384.003 max_chunk_ms=1384.003
1790403615317 [prime-yield] count=11 remaining=51 chunks=1 wall_ms=1420.246 max_chunk_ms=1420.246
1790403616773 [prime-yield] count=12 remaining=50 chunks=1 wall_ms=1455.967 max_chunk_ms=1455.967
1790403618265 [prime-yield] count=13 remaining=49 chunks=1 wall_ms=1491.713 max_chunk_ms=1491.713
1790403619792 [prime-yield] count=14 remaining=48 chunks=1 wall_ms=1527.313 max_chunk_ms=1527.313
1790403621356 [prime-yield] count=15 remaining=47 chunks=1 wall_ms=1563.885 max_chunk_ms=1563.885
1790403622957 [prime-yield] count=16 remaining=46 chunks=1 wall_ms=1600.712 max_chunk_ms=1600.712
1790403624594 [prime-yield] count=17 remaining=45 chunks=1 wall_ms=1636.681 max_chunk_ms=1636.681
1790403626267 [prime-yield] count=18 remaining=44 chunks=1 wall_ms=1672.378 max_chunk_ms=1672.378
1790403627976 [prime-yield] count=19 remaining=43 chunks=1 wall_ms=1709.190 max_chunk_ms=1709.190
1790403629721 [prime-yield] count=20 remaining=42 chunks=1 wall_ms=1744.952 max_chunk_ms=1744.952
1790403631503 [prime-yield] count=21 remaining=41 chunks=1 wall_ms=1781.753 max_chunk_ms=1781.753
1790403633321 [prime-yield] count=22 remaining=40 chunks=1 wall_ms=1818.184 max_chunk_ms=1818.184
1790403635176 [prime-yield] count=23 remaining=39 chunks=1 wall_ms=1855.105 max_chunk_ms=1855.105
1790403637068 [prime-yield] count=24 remaining=38 chunks=1 wall_ms=1891.495 max_chunk_ms=1891.495
1790403638997 [prime-yield] count=25 remaining=37 chunks=1 wall_ms=1928.516 max_chunk_ms=1928.516
1790403640961 [prime-yield] count=26 remaining=36 chunks=1 wall_ms=1963.946 max_chunk_ms=1963.946
1790403642961 [prime-yield] count=27 remaining=35 chunks=1 wall_ms=2000.075 max_chunk_ms=2000.075
1790403643812 [prime-yield] count=28 remaining=34 chunks=1 wall_ms=850.583 max_chunk_ms=850.583
1790403645862 [prime-yield] count=29 remaining=33 chunks=1 wall_ms=2050.286 max_chunk_ms=2050.286
1790403647950 [prime-yield] count=30 remaining=32 chunks=1 wall_ms=2087.991 max_chunk_ms=2087.991
1790403649418 [spec] pre-capture pool trim: released 1856MB cached back to the driver (driver free 2028MB < required 3160MB; instantiate allocates from the driver)
1790403649420 [prime-yield] count=31 remaining=31 chunks=1 wall_ms=1469.813 max_chunk_ms=1469.813
1790403649443 [prime-yield] count=32 remaining=30 chunks=1 wall_ms=23.037 max_chunk_ms=23.037
1790403649465 [prime-yield] count=33 remaining=29 chunks=1 wall_ms=21.468 max_chunk_ms=21.468
1790403649486 [prime-yield] count=34 remaining=28 chunks=1 wall_ms=21.491 max_chunk_ms=21.491
1790403649508 [prime-yield] count=35 remaining=27 chunks=1 wall_ms=21.477 max_chunk_ms=21.477
1790403649530 [prime-yield] count=36 remaining=26 chunks=1 wall_ms=21.482 max_chunk_ms=21.482
1790403649551 [prime-yield] count=37 remaining=25 chunks=1 wall_ms=21.476 max_chunk_ms=21.476
1790403649573 [prime-yield] count=38 remaining=24 chunks=1 wall_ms=21.476 max_chunk_ms=21.476
1790403649594 [prime-yield] count=39 remaining=23 chunks=1 wall_ms=21.484 max_chunk_ms=21.484
1790403649616 [prime-yield] count=40 remaining=22 chunks=1 wall_ms=21.479 max_chunk_ms=21.479
1790403649637 [prime-yield] count=41 remaining=21 chunks=1 wall_ms=21.471 max_chunk_ms=21.471
1790403649659 [prime-yield] count=42 remaining=20 chunks=1 wall_ms=21.431 max_chunk_ms=21.431
1790403649680 [prime-yield] count=43 remaining=19 chunks=1 wall_ms=21.450 max_chunk_ms=21.450
1790403649702 [prime-yield] count=44 remaining=18 chunks=1 wall_ms=21.458 max_chunk_ms=21.458
1790403649724 [prime-yield] count=45 remaining=17 chunks=1 wall_ms=21.478 max_chunk_ms=21.478
1790403649745 [prime-yield] count=46 remaining=16 chunks=1 wall_ms=21.433 max_chunk_ms=21.433
1790403649767 [prime-yield] count=47 remaining=15 chunks=1 wall_ms=21.483 max_chunk_ms=21.483
1790403649788 [prime-yield] count=48 remaining=14 chunks=1 wall_ms=21.420 max_chunk_ms=21.420
1790403649810 [prime-yield] count=49 remaining=13 chunks=1 wall_ms=21.482 max_chunk_ms=21.482
1790403649831 [prime-yield] count=50 remaining=12 chunks=1 wall_ms=21.466 max_chunk_ms=21.466
1790403649853 [prime-yield] count=51 remaining=11 chunks=1 wall_ms=21.461 max_chunk_ms=21.461
1790403649874 [prime-yield] count=52 remaining=10 chunks=1 wall_ms=21.443 max_chunk_ms=21.443
1790403649896 [prime-yield] count=53 remaining=9 chunks=1 wall_ms=21.450 max_chunk_ms=21.450
1790403649918 [prime-yield] count=54 remaining=8 chunks=1 wall_ms=21.429 max_chunk_ms=21.429
1790403649939 [prime-yield] count=55 remaining=7 chunks=1 wall_ms=21.443 max_chunk_ms=21.443
1790403649961 [prime-yield] count=56 remaining=6 chunks=1 wall_ms=21.472 max_chunk_ms=21.472
1790403649982 [prime-yield] count=57 remaining=5 chunks=1 wall_ms=21.428 max_chunk_ms=21.428
1790403650004 [prime-yield] count=58 remaining=4 chunks=1 wall_ms=21.463 max_chunk_ms=21.463
1790403650025 [prime-yield] count=59 remaining=3 chunks=1 wall_ms=21.174 max_chunk_ms=21.174
1790403650046 [prime-yield] count=60 remaining=2 chunks=1 wall_ms=21.405 max_chunk_ms=21.405
1790403650068 [prime-yield] count=61 remaining=1 chunks=1 wall_ms=21.437 max_chunk_ms=21.437
1790403650073 [prefix-cache] insert refused: entry 3697805312 exceeds budget 0 (spec-boundary, model q38, ns "rxc-122880-256-2-2")
1790403650438 [spec-acc] ctx=123201 burst=24/24 cum=24/24=1.000
1790403650782 [spec-acc] ctx=123234 burst=24/24 cum=48/48=1.000
1790403651169 [spec-acc] ctx=123266 burst=26/27 cum=74/75=0.987
1790403651513 [spec-acc] ctx=123301 burst=24/24 cum=98/99=0.990
1790403651858 [spec-acc] ctx=123333 burst=24/24 cum=122/123=0.992
1790403652202 [spec-acc] ctx=123365 burst=24/24 cum=146/147=0.993
1790403652546 [spec-acc] ctx=123397 burst=24/24 cum=170/171=0.994
1790403652891 [spec-acc] ctx=123429 burst=21/24 cum=191/195=0.979
1790403652902 [meter] admit id=cmpl-b40d985bd7650ba6aed3d414e849e96b tenant=default lane=interactive model="q38"
1790403652918 [admission] per-session draft-state charge: model="q38" +46MB (measured capture high-water)
1790403652918 [admission] request cost: model="q38" ctx=124928 path=spec = 31552 B/token x ctx + 4409MB prefill-workspace + 540MB fixed = 8890MB
1790403652918 [admit-predict] id=cmpl-b40d985bd7650ba6aed3d414e849e96b tenant="rxc-122880-256-2-3" model="q38" verdict=admit reason=global-p95 prompt=123520 predicted_completion=256 kv_hat=8900564840 booked_bytes=0 booked_real=0 inflight=0 cap=64 budget_bytes=81762758352 retry_after_s=- exempt=0 enforce=0 live_free_bytes=-
1790403652919 [admit-oom] reclaim-on-defer: evicted 0 prefix entries + 0 plain + 1 spec + 0 dspark parked sessions (global LRU); effective free 9052MB -> 13693MB
1790403652919 [spec-k] model="q38" tenant="rxc-122880-256-2-3" K=3 source=cold-long prompt=123520 cached=0 lcp=0 active=1 wave=1 placement=single-or-non-pp2
1790403653975 [prime-yield] count=1 remaining=61 chunks=1 wall_ms=1055.693 max_chunk_ms=1055.693
1790403655071 [prime-yield] count=2 remaining=60 chunks=1 wall_ms=1095.889 max_chunk_ms=1095.889
1790403656204 [prime-yield] count=3 remaining=59 chunks=1 wall_ms=1132.266 max_chunk_ms=1132.266
1790403657372 [prime-yield] count=4 remaining=58 chunks=1 wall_ms=1168.558 max_chunk_ms=1168.558
1790403658576 [prime-yield] count=5 remaining=57 chunks=1 wall_ms=1203.830 max_chunk_ms=1203.830
1790403659816 [prime-yield] count=6 remaining=56 chunks=1 wall_ms=1239.979 max_chunk_ms=1239.979
1790403661093 [prime-yield] count=7 remaining=55 chunks=1 wall_ms=1276.125 max_chunk_ms=1276.125
1790403662405 [prime-yield] count=8 remaining=54 chunks=1 wall_ms=1311.950 max_chunk_ms=1311.950
1790403663753 [prime-yield] count=9 remaining=53 chunks=1 wall_ms=1348.025 max_chunk_ms=1348.025
1790403665136 [prime-yield] count=10 remaining=52 chunks=1 wall_ms=1383.451 max_chunk_ms=1383.451
1790403666557 [prime-yield] count=11 remaining=51 chunks=1 wall_ms=1420.142 max_chunk_ms=1420.142
1790403668013 [prime-yield] count=12 remaining=50 chunks=1 wall_ms=1456.700 max_chunk_ms=1456.700
1790403669507 [prime-yield] count=13 remaining=49 chunks=1 wall_ms=1493.010 max_chunk_ms=1493.010
1790403671035 [prime-yield] count=14 remaining=48 chunks=1 wall_ms=1528.308 max_chunk_ms=1528.308
1790403672600 [prime-yield] count=15 remaining=47 chunks=1 wall_ms=1564.927 max_chunk_ms=1564.927
1790403674201 [prime-yield] count=16 remaining=46 chunks=1 wall_ms=1601.310 max_chunk_ms=1601.310
1790403675839 [prime-yield] count=17 remaining=45 chunks=1 wall_ms=1637.363 max_chunk_ms=1637.363
1790403677513 [prime-yield] count=18 remaining=44 chunks=1 wall_ms=1673.869 max_chunk_ms=1673.869
1790403679223 [prime-yield] count=19 remaining=43 chunks=1 wall_ms=1709.934 max_chunk_ms=1709.934
1790403680970 [prime-yield] count=20 remaining=42 chunks=1 wall_ms=1747.014 max_chunk_ms=1747.014
1790403682754 [prime-yield] count=21 remaining=41 chunks=1 wall_ms=1783.203 max_chunk_ms=1783.203
1790403684573 [prime-yield] count=22 remaining=40 chunks=1 wall_ms=1819.620 max_chunk_ms=1819.620
1790403686429 [prime-yield] count=23 remaining=39 chunks=1 wall_ms=1855.973 max_chunk_ms=1855.973
1790403688321 [prime-yield] count=24 remaining=38 chunks=1 wall_ms=1891.568 max_chunk_ms=1891.568
1790403690248 [prime-yield] count=25 remaining=37 chunks=1 wall_ms=1926.947 max_chunk_ms=1926.947
1790403692214 [prime-yield] count=26 remaining=36 chunks=1 wall_ms=1965.132 max_chunk_ms=1965.132
1790403694216 [prime-yield] count=27 remaining=35 chunks=1 wall_ms=2001.851 max_chunk_ms=2001.851
1790403695067 [prime-yield] count=28 remaining=34 chunks=1 wall_ms=851.027 max_chunk_ms=851.027
1790403697118 [prime-yield] count=29 remaining=33 chunks=1 wall_ms=2051.163 max_chunk_ms=2051.163
1790403699207 [prime-yield] count=30 remaining=32 chunks=1 wall_ms=2088.902 max_chunk_ms=2088.902
1790403700888 [spec] pre-capture pool trim: released 1856MB cached back to the driver (driver free 2028MB < required 3160MB; instantiate allocates from the driver)
1790403700890 [prime-yield] count=31 remaining=31 chunks=1 wall_ms=1682.950 max_chunk_ms=1682.950
1790403700913 [prime-yield] count=32 remaining=30 chunks=1 wall_ms=22.973 max_chunk_ms=22.973
1790403700935 [prime-yield] count=33 remaining=29 chunks=1 wall_ms=21.468 max_chunk_ms=21.468
1790403700956 [prime-yield] count=34 remaining=28 chunks=1 wall_ms=21.453 max_chunk_ms=21.453
1790403700978 [prime-yield] count=35 remaining=27 chunks=1 wall_ms=21.466 max_chunk_ms=21.466
1790403700999 [prime-yield] count=36 remaining=26 chunks=1 wall_ms=21.458 max_chunk_ms=21.458
1790403701021 [prime-yield] count=37 remaining=25 chunks=1 wall_ms=21.461 max_chunk_ms=21.461
1790403701043 [prime-yield] count=38 remaining=24 chunks=1 wall_ms=21.474 max_chunk_ms=21.474
1790403701064 [prime-yield] count=39 remaining=23 chunks=1 wall_ms=21.466 max_chunk_ms=21.466
1790403701086 [prime-yield] count=40 remaining=22 chunks=1 wall_ms=21.434 max_chunk_ms=21.434
1790403701107 [prime-yield] count=41 remaining=21 chunks=1 wall_ms=21.450 max_chunk_ms=21.450
1790403701129 [prime-yield] count=42 remaining=20 chunks=1 wall_ms=21.431 max_chunk_ms=21.431
1790403701150 [prime-yield] count=43 remaining=19 chunks=1 wall_ms=21.447 max_chunk_ms=21.447
1790403701172 [prime-yield] count=44 remaining=18 chunks=1 wall_ms=21.420 max_chunk_ms=21.420
1790403701193 [prime-yield] count=45 remaining=17 chunks=1 wall_ms=21.426 max_chunk_ms=21.426
1790403701215 [prime-yield] count=46 remaining=16 chunks=1 wall_ms=21.437 max_chunk_ms=21.437
1790403701236 [prime-yield] count=47 remaining=15 chunks=1 wall_ms=21.414 max_chunk_ms=21.414
1790403701258 [prime-yield] count=48 remaining=14 chunks=1 wall_ms=21.443 max_chunk_ms=21.443
1790403701279 [prime-yield] count=49 remaining=13 chunks=1 wall_ms=21.420 max_chunk_ms=21.420
1790403701301 [prime-yield] count=50 remaining=12 chunks=1 wall_ms=21.459 max_chunk_ms=21.459
1790403701323 [prime-yield] count=51 remaining=11 chunks=1 wall_ms=21.430 max_chunk_ms=21.430
1790403701344 [prime-yield] count=52 remaining=10 chunks=1 wall_ms=21.412 max_chunk_ms=21.412
1790403701366 [prime-yield] count=53 remaining=9 chunks=1 wall_ms=21.446 max_chunk_ms=21.446
1790403701387 [prime-yield] count=54 remaining=8 chunks=1 wall_ms=21.456 max_chunk_ms=21.456
1790403701409 [prime-yield] count=55 remaining=7 chunks=1 wall_ms=21.446 max_chunk_ms=21.446
1790403701430 [prime-yield] count=56 remaining=6 chunks=1 wall_ms=21.409 max_chunk_ms=21.409
1790403701452 [prime-yield] count=57 remaining=5 chunks=1 wall_ms=21.429 max_chunk_ms=21.429
1790403701473 [prime-yield] count=58 remaining=4 chunks=1 wall_ms=21.453 max_chunk_ms=21.453
1790403701495 [prime-yield] count=59 remaining=3 chunks=1 wall_ms=21.449 max_chunk_ms=21.449
1790403701516 [prime-yield] count=60 remaining=2 chunks=1 wall_ms=21.422 max_chunk_ms=21.422
1790403701538 [prime-yield] count=61 remaining=1 chunks=1 wall_ms=21.456 max_chunk_ms=21.456
1790403701545 [prefix-cache] insert refused: entry 3697805312 exceeds budget 0 (spec-boundary, model q38, ns "rxc-122880-256-2-3")
1790403701910 [spec-acc] ctx=123521 burst=24/24 cum=24/24=1.000
1790403702255 [spec-acc] ctx=123554 burst=24/24 cum=48/48=1.000
1790403702599 [spec-acc] ctx=123586 burst=24/24 cum=72/72=1.000
1790403702987 [spec-acc] ctx=123618 burst=26/27 cum=98/99=0.990
1790403703333 [spec-acc] ctx=123653 burst=24/24 cum=122/123=0.992
1790403703678 [spec-acc] ctx=123685 burst=24/24 cum=146/147=0.993
1790403704066 [spec-acc] ctx=123717 burst=26/27 cum=172/174=0.989
1790403704325 [spec-acc] ctx=123752 burst=18/18 cum=190/192=0.990
1790403704337 [meter] admit id=cmpl-5524dd7636eba756564873b9211047f8 tenant=default lane=interactive model="q38"
1790403704352 [admission] per-session draft-state charge: model="q38" +46MB (measured capture high-water)
1790403704352 [admission] request cost: model="q38" ctx=124928 path=spec = 31552 B/token x ctx + 4396MB prefill-workspace + 540MB fixed = 8877MB
1790403704352 [admit-predict] id=cmpl-5524dd7636eba756564873b9211047f8 tenant="rx-122880-256-3" model="q38" verdict=admit reason=global-p95 prompt=122880 predicted_completion=256 kv_hat=8867264360 booked_bytes=0 booked_real=0 inflight=0 cap=64 budget_bytes=81762758352 retry_after_s=- exempt=0 enforce=0 live_free_bytes=-
1790403704353 [admit-oom] reclaim-on-defer: evicted 0 prefix entries + 0 plain + 1 spec + 0 dspark parked sessions (global LRU); effective free 9052MB -> 13693MB
1790403704353 [spec-k] model="q38" tenant="rx-122880-256-3" K=3 source=cold-long prompt=122880 cached=0 lcp=0 active=1 wave=1 placement=single-or-non-pp2
1790403705410 [prime-yield] count=1 remaining=60 chunks=1 wall_ms=1056.153 max_chunk_ms=1056.153
1790403706507 [prime-yield] count=2 remaining=59 chunks=1 wall_ms=1096.995 max_chunk_ms=1096.995
1790403707640 [prime-yield] count=3 remaining=58 chunks=1 wall_ms=1132.486 max_chunk_ms=1132.486
1790403708809 [prime-yield] count=4 remaining=57 chunks=1 wall_ms=1169.018 max_chunk_ms=1169.018
1790403710014 [prime-yield] count=5 remaining=56 chunks=1 wall_ms=1205.149 max_chunk_ms=1205.149
1790403711255 [prime-yield] count=6 remaining=55 chunks=1 wall_ms=1241.024 max_chunk_ms=1241.024
1790403712532 [prime-yield] count=7 remaining=54 chunks=1 wall_ms=1277.246 max_chunk_ms=1277.246
1790403713846 [prime-yield] count=8 remaining=53 chunks=1 wall_ms=1313.342 max_chunk_ms=1313.342
1790403715196 [prime-yield] count=9 remaining=52 chunks=1 wall_ms=1349.463 max_chunk_ms=1349.463
1790403716581 [prime-yield] count=10 remaining=51 chunks=1 wall_ms=1385.313 max_chunk_ms=1385.313
1790403718003 [prime-yield] count=11 remaining=50 chunks=1 wall_ms=1421.640 max_chunk_ms=1421.640
1790403719460 [prime-yield] count=12 remaining=49 chunks=1 wall_ms=1457.323 max_chunk_ms=1457.323
1790403720954 [prime-yield] count=13 remaining=48 chunks=1 wall_ms=1493.274 max_chunk_ms=1493.274
1790403722483 [prime-yield] count=14 remaining=47 chunks=1 wall_ms=1529.137 max_chunk_ms=1529.137
1790403724048 [prime-yield] count=15 remaining=46 chunks=1 wall_ms=1565.227 max_chunk_ms=1565.227
1790403725650 [prime-yield] count=16 remaining=45 chunks=1 wall_ms=1601.617 max_chunk_ms=1601.617
1790403727289 [prime-yield] count=17 remaining=44 chunks=1 wall_ms=1638.597 max_chunk_ms=1638.597
1790403728963 [prime-yield] count=18 remaining=43 chunks=1 wall_ms=1674.359 max_chunk_ms=1674.359
1790403730674 [prime-yield] count=19 remaining=42 chunks=1 wall_ms=1711.071 max_chunk_ms=1711.071
1790403732421 [prime-yield] count=20 remaining=41 chunks=1 wall_ms=1746.875 max_chunk_ms=1746.875
1790403734205 [prime-yield] count=21 remaining=40 chunks=1 wall_ms=1783.700 max_chunk_ms=1783.700
1790403736025 [prime-yield] count=22 remaining=39 chunks=1 wall_ms=1820.043 max_chunk_ms=1820.043
1790403737882 [prime-yield] count=23 remaining=38 chunks=1 wall_ms=1856.167 max_chunk_ms=1856.167
1790403739774 [prime-yield] count=24 remaining=37 chunks=1 wall_ms=1892.230 max_chunk_ms=1892.230
1790403741702 [prime-yield] count=25 remaining=36 chunks=1 wall_ms=1927.938 max_chunk_ms=1927.938
1790403743667 [prime-yield] count=26 remaining=35 chunks=1 wall_ms=1964.840 max_chunk_ms=1964.840
1790403745669 [prime-yield] count=27 remaining=34 chunks=1 wall_ms=2001.322 max_chunk_ms=2001.322
1790403746071 [prime-yield] count=28 remaining=33 chunks=1 wall_ms=402.290 max_chunk_ms=402.290
1790403748110 [prime-yield] count=29 remaining=32 chunks=1 wall_ms=2038.787 max_chunk_ms=2038.787
1790403750190 [prime-yield] count=30 remaining=31 chunks=1 wall_ms=2080.192 max_chunk_ms=2080.192
1790403751959 [spec] pre-capture pool trim: released 1856MB cached back to the driver (driver free 2028MB < required 3160MB; instantiate allocates from the driver)
1790403751962 [prime-yield] count=31 remaining=30 chunks=1 wall_ms=1771.256 max_chunk_ms=1771.256
1790403751985 [prime-yield] count=32 remaining=29 chunks=1 wall_ms=23.009 max_chunk_ms=23.009
1790403752007 [prime-yield] count=33 remaining=28 chunks=1 wall_ms=21.452 max_chunk_ms=21.452
1790403752028 [prime-yield] count=34 remaining=27 chunks=1 wall_ms=20.995 max_chunk_ms=20.995
1790403752049 [prime-yield] count=35 remaining=26 chunks=1 wall_ms=21.414 max_chunk_ms=21.414
1790403752071 [prime-yield] count=36 remaining=25 chunks=1 wall_ms=21.438 max_chunk_ms=21.438
1790403752092 [prime-yield] count=37 remaining=24 chunks=1 wall_ms=21.432 max_chunk_ms=21.432
1790403752114 [prime-yield] count=38 remaining=23 chunks=1 wall_ms=21.426 max_chunk_ms=21.426
1790403752135 [prime-yield] count=39 remaining=22 chunks=1 wall_ms=21.409 max_chunk_ms=21.409
1790403752157 [prime-yield] count=40 remaining=21 chunks=1 wall_ms=21.418 max_chunk_ms=21.418
1790403752178 [prime-yield] count=41 remaining=20 chunks=1 wall_ms=21.409 max_chunk_ms=21.409
1790403752200 [prime-yield] count=42 remaining=19 chunks=1 wall_ms=21.405 max_chunk_ms=21.405
1790403752221 [prime-yield] count=43 remaining=18 chunks=1 wall_ms=21.427 max_chunk_ms=21.427
1790403752243 [prime-yield] count=44 remaining=17 chunks=1 wall_ms=21.414 max_chunk_ms=21.414
1790403752264 [prime-yield] count=45 remaining=16 chunks=1 wall_ms=21.397 max_chunk_ms=21.397
1790403752286 [prime-yield] count=46 remaining=15 chunks=1 wall_ms=21.405 max_chunk_ms=21.405
1790403752307 [prime-yield] count=47 remaining=14 chunks=1 wall_ms=21.408 max_chunk_ms=21.408
1790403752329 [prime-yield] count=48 remaining=13 chunks=1 wall_ms=21.409 max_chunk_ms=21.409
1790403752350 [prime-yield] count=49 remaining=12 chunks=1 wall_ms=21.444 max_chunk_ms=21.444
1790403752372 [prime-yield] count=50 remaining=11 chunks=1 wall_ms=21.406 max_chunk_ms=21.406
1790403752393 [prime-yield] count=51 remaining=10 chunks=1 wall_ms=21.434 max_chunk_ms=21.434
1790403752415 [prime-yield] count=52 remaining=9 chunks=1 wall_ms=21.393 max_chunk_ms=21.393
1790403752436 [prime-yield] count=53 remaining=8 chunks=1 wall_ms=21.411 max_chunk_ms=21.411
1790403752458 [prime-yield] count=54 remaining=7 chunks=1 wall_ms=21.392 max_chunk_ms=21.392
1790403752479 [prime-yield] count=55 remaining=6 chunks=1 wall_ms=21.397 max_chunk_ms=21.397
1790403752501 [prime-yield] count=56 remaining=5 chunks=1 wall_ms=21.398 max_chunk_ms=21.398
1790403752522 [prime-yield] count=57 remaining=4 chunks=1 wall_ms=21.406 max_chunk_ms=21.406
1790403752544 [prime-yield] count=58 remaining=3 chunks=1 wall_ms=21.387 max_chunk_ms=21.387
1790403752565 [prime-yield] count=59 remaining=2 chunks=1 wall_ms=21.386 max_chunk_ms=21.386
1790403752587 [prime-yield] count=60 remaining=1 chunks=1 wall_ms=21.401 max_chunk_ms=21.401
1790403752612 [prefix-cache] insert refused: entry 3666505728 exceeds budget 0 (spec-boundary, model q38, ns "rx-122880-256-3")
1790403752976 [spec-acc] ctx=122881 burst=24/24 cum=24/24=1.000
1790403753321 [spec-acc] ctx=122914 burst=24/24 cum=48/48=1.000
1790403753708 [spec-acc] ctx=122946 burst=25/27 cum=73/75=0.973
1790403754096 [spec-acc] ctx=122980 burst=23/27 cum=96/102=0.941
1790403754440 [spec-acc] ctx=123012 burst=24/24 cum=120/126=0.952
1790403754784 [spec-acc] ctx=123044 burst=24/24 cum=144/150=0.960
1790403755128 [spec-acc] ctx=123076 burst=24/24 cum=168/174=0.966
1790403755473 [spec-acc] ctx=123108 burst=22/24 cum=190/198=0.960
1790403755487 [meter] admit id=cmpl-48e2d2feca14ee1f02f05841e6cd273f tenant=default lane=interactive model="q38"
1790403755499 [admission] per-session draft-state charge: model="q38" +46MB (measured capture high-water)
1790403755499 [admission] request cost: model="q38" ctx=124928 path=spec = 31552 B/token x ctx + 4402MB prefill-workspace + 540MB fixed = 8884MB
1790403755499 [admit-predict] id=cmpl-48e2d2feca14ee1f02f05841e6cd273f tenant="rx-122880-256-3" model="q38" verdict=admit reason=global-p95 prompt=123200 predicted_completion=256 kv_hat=8883914600 booked_bytes=0 booked_real=0 inflight=0 cap=64 budget_bytes=81762758352 retry_after_s=- exempt=0 enforce=0 live_free_bytes=-
1790403755500 [admit-oom] reclaim-on-defer: evicted 0 prefix entries + 0 plain + 1 spec + 0 dspark parked sessions (global LRU); effective free 9052MB -> 13693MB
1790403755501 [worker] spec-affinity: rewound to 111232 of 123200 prompt tokens (fingerprint; priming 11968 suffix; model q38)
1790403755501 [spec-k] model="q38" tenant="rx-122880-256-3" K=2 source=cached-long prompt=123200 cached=111232 lcp=0 active=1 wave=1 placement=single-or-non-pp2
1790403757537 [prime-yield] count=1 remaining=6 chunks=1 wall_ms=2035.643 max_chunk_ms=2035.643
1790403759614 [prime-yield] count=2 remaining=5 chunks=1 wall_ms=2077.195 max_chunk_ms=2077.195
1790403761553 [prime-yield] count=3 remaining=4 chunks=1 wall_ms=1938.599 max_chunk_ms=1938.599
1790403761761 [prime-yield] count=4 remaining=3 chunks=1 wall_ms=208.468 max_chunk_ms=208.468
1790403761782 [prime-yield] count=5 remaining=2 chunks=1 wall_ms=20.512 max_chunk_ms=20.512
1790403761802 [prime-yield] count=6 remaining=1 chunks=1 wall_ms=20.467 max_chunk_ms=20.467
1790403762232 [spec-acc] ctx=11969 burst=22/22 cum=22/22=1.000
1790403762627 [spec-acc] ctx=12003 burst=21/22 cum=43/44=0.977
1790403763021 [spec-acc] ctx=12035 burst=22/22 cum=65/66=0.985
1790403763415 [spec-acc] ctx=12068 burst=22/22 cum=87/88=0.989
1790403763809 [spec-acc] ctx=12101 burst=22/22 cum=109/110=0.991
1790403764202 [spec-acc] ctx=12134 burst=22/22 cum=131/132=0.992
1790403764598 [spec-acc] ctx=12167 burst=22/22 cum=153/154=0.994
1790403764885 [spec-acc] ctx=12200 burst=16/16 cum=169/170=0.994
1790403764899 [meter] admit id=cmpl-4875f16ba0674e724dcac0b68ffd1e5d tenant=default lane=interactive model="q38"
1790403764912 [admission] per-session draft-state charge: model="q38" +46MB (measured capture high-water)
1790403764912 [admission] request cost: model="q38" ctx=124928 path=spec = 31552 B/token x ctx + 4409MB prefill-workspace + 540MB fixed = 8890MB
1790403764912 [admit-predict] id=cmpl-4875f16ba0674e724dcac0b68ffd1e5d tenant="rx-122880-256-3" model="q38" verdict=admit reason=global-p95 prompt=123520 predicted_completion=256 kv_hat=8900564840 booked_bytes=0 booked_real=0 inflight=0 cap=64 budget_bytes=81762758352 retry_after_s=- exempt=0 enforce=0 live_free_bytes=-
1790403764912 [worker] spec-reuse: 123456 committed tokens resumed [sampler=equivalent] (model q38)
1790403764912 [spec-k] model="q38" tenant="rx-122880-256-3" K=2 source=cached-long prompt=123520 cached=123456 lcp=0 active=1 wave=1 placement=single-or-non-pp2
1790403765697 [spec-acc] ctx=64 burst=22/22 cum=22/22=1.000
1790403766091 [spec-acc] ctx=98 burst=22/22 cum=44/44=1.000
1790403766485 [spec-acc] ctx=131 burst=22/22 cum=66/66=1.000
1790403766879 [spec-acc] ctx=164 burst=22/22 cum=88/88=1.000
1790403767274 [spec-acc] ctx=197 burst=22/22 cum=110/110=1.000
1790403767670 [spec-acc] ctx=230 burst=21/22 cum=131/132=0.992
1790403768065 [spec-acc] ctx=262 burst=22/22 cum=153/154=0.994
1790403768389 [spec-acc] ctx=295 burst=18/18 cum=171/172=0.994
1790403768403 [meter] admit id=cmpl-721d7a740458406411047b1a215bbef6 tenant=default lane=interactive model="q38"
1790403768415 [admission] per-session draft-state charge: model="q38" +46MB (measured capture high-water)
1790403768415 [admission] request cost: model="q38" ctx=124928 path=spec = 31552 B/token x ctx + 4396MB prefill-workspace + 540MB fixed = 8877MB
1790403768415 [admit-predict] id=cmpl-721d7a740458406411047b1a215bbef6 tenant="rxc-122880-256-3-1" model="q38" verdict=admit reason=global-p95 prompt=122880 predicted_completion=256 kv_hat=8867264360 booked_bytes=0 booked_real=0 inflight=0 cap=64 budget_bytes=81762758352 retry_after_s=- exempt=0 enforce=0 live_free_bytes=-
1790403768419 [spec-k] model="q38" tenant="rxc-122880-256-3-1" K=3 source=cold-long prompt=122880 cached=0 lcp=0 active=1 wave=1 placement=single-or-non-pp2
1790403769474 [prime-yield] count=1 remaining=60 chunks=1 wall_ms=1051.509 max_chunk_ms=1051.509
1790403770569 [prime-yield] count=2 remaining=59 chunks=1 wall_ms=1094.305 max_chunk_ms=1094.305
1790403771699 [prime-yield] count=3 remaining=58 chunks=1 wall_ms=1130.463 max_chunk_ms=1130.463
1790403772865 [prime-yield] count=4 remaining=57 chunks=1 wall_ms=1165.637 max_chunk_ms=1165.637
1790403774067 [prime-yield] count=5 remaining=56 chunks=1 wall_ms=1201.792 max_chunk_ms=1201.792
1790403775306 [prime-yield] count=6 remaining=55 chunks=1 wall_ms=1238.406 max_chunk_ms=1238.406
1790403776581 [prime-yield] count=7 remaining=54 chunks=1 wall_ms=1274.948 max_chunk_ms=1274.948
1790403777892 [prime-yield] count=8 remaining=53 chunks=1 wall_ms=1311.022 max_chunk_ms=1311.022
1790403779239 [prime-yield] count=9 remaining=52 chunks=1 wall_ms=1347.150 max_chunk_ms=1347.150
1790403780623 [prime-yield] count=10 remaining=51 chunks=1 wall_ms=1383.636 max_chunk_ms=1383.636
1790403782043 [prime-yield] count=11 remaining=50 chunks=1 wall_ms=1419.831 max_chunk_ms=1419.831
1790403783499 [prime-yield] count=12 remaining=49 chunks=1 wall_ms=1455.747 max_chunk_ms=1455.747
1790403784991 [prime-yield] count=13 remaining=48 chunks=1 wall_ms=1491.539 max_chunk_ms=1491.539
1790403786519 [prime-yield] count=14 remaining=47 chunks=1 wall_ms=1528.555 max_chunk_ms=1528.555
1790403788084 [prime-yield] count=15 remaining=46 chunks=1 wall_ms=1564.453 max_chunk_ms=1564.453
1790403789684 [prime-yield] count=16 remaining=45 chunks=1 wall_ms=1600.434 max_chunk_ms=1600.434
1790403791322 [prime-yield] count=17 remaining=44 chunks=1 wall_ms=1637.698 max_chunk_ms=1637.698
1790403792997 [prime-yield] count=18 remaining=43 chunks=1 wall_ms=1674.452 max_chunk_ms=1674.452
1790403794707 [prime-yield] count=19 remaining=42 chunks=1 wall_ms=1710.339 max_chunk_ms=1710.339
1790403796454 [prime-yield] count=20 remaining=41 chunks=1 wall_ms=1746.742 max_chunk_ms=1746.742
1790403798237 [prime-yield] count=21 remaining=40 chunks=1 wall_ms=1782.722 max_chunk_ms=1782.722
1790403800056 [prime-yield] count=22 remaining=39 chunks=1 wall_ms=1819.221 max_chunk_ms=1819.221
1790403801912 [prime-yield] count=23 remaining=38 chunks=1 wall_ms=1855.573 max_chunk_ms=1855.573
1790403803805 [prime-yield] count=24 remaining=37 chunks=1 wall_ms=1892.827 max_chunk_ms=1892.827
1790403805734 [prime-yield] count=25 remaining=36 chunks=1 wall_ms=1928.982 max_chunk_ms=1928.982
1790403807698 [prime-yield] count=26 remaining=35 chunks=1 wall_ms=1963.589 max_chunk_ms=1963.589
1790403809698 [prime-yield] count=27 remaining=34 chunks=1 wall_ms=2000.418 max_chunk_ms=2000.418
1790403810101 [prime-yield] count=28 remaining=33 chunks=1 wall_ms=402.393 max_chunk_ms=402.393
1790403812138 [prime-yield] count=29 remaining=32 chunks=1 wall_ms=2037.473 max_chunk_ms=2037.473
1790403814218 [prime-yield] count=30 remaining=31 chunks=1 wall_ms=2079.469 max_chunk_ms=2079.469
1790403815986 [spec] pre-capture pool trim: released 1760MB cached back to the driver (driver free 2252MB < required 3160MB; instantiate allocates from the driver)
1790403815988 [prime-yield] count=31 remaining=30 chunks=1 wall_ms=1770.299 max_chunk_ms=1770.299
1790403816014 [prime-yield] count=32 remaining=29 chunks=1 wall_ms=25.481 max_chunk_ms=25.481
1790403816035 [prime-yield] count=33 remaining=28 chunks=1 wall_ms=21.102 max_chunk_ms=21.102
1790403816057 [prime-yield] count=34 remaining=27 chunks=1 wall_ms=21.426 max_chunk_ms=21.426
1790403816078 [prime-yield] count=35 remaining=26 chunks=1 wall_ms=21.426 max_chunk_ms=21.426
1790403816100 [prime-yield] count=36 remaining=25 chunks=1 wall_ms=21.413 max_chunk_ms=21.413
1790403816121 [prime-yield] count=37 remaining=24 chunks=1 wall_ms=21.448 max_chunk_ms=21.448
1790403816143 [prime-yield] count=38 remaining=23 chunks=1 wall_ms=21.422 max_chunk_ms=21.422
1790403816164 [prime-yield] count=39 remaining=22 chunks=1 wall_ms=21.430 max_chunk_ms=21.430
1790403816186 [prime-yield] count=40 remaining=21 chunks=1 wall_ms=21.400 max_chunk_ms=21.400
1790403816208 [prime-yield] count=41 remaining=20 chunks=1 wall_ms=21.468 max_chunk_ms=21.468
1790403816229 [prime-yield] count=42 remaining=19 chunks=1 wall_ms=21.412 max_chunk_ms=21.412
1790403816251 [prime-yield] count=43 remaining=18 chunks=1 wall_ms=21.445 max_chunk_ms=21.445
1790403816272 [prime-yield] count=44 remaining=17 chunks=1 wall_ms=21.410 max_chunk_ms=21.410
1790403816294 [prime-yield] count=45 remaining=16 chunks=1 wall_ms=21.414 max_chunk_ms=21.414
1790403816315 [prime-yield] count=46 remaining=15 chunks=1 wall_ms=21.403 max_chunk_ms=21.403
1790403816337 [prime-yield] count=47 remaining=14 chunks=1 wall_ms=21.424 max_chunk_ms=21.424
1790403816358 [prime-yield] count=48 remaining=13 chunks=1 wall_ms=21.412 max_chunk_ms=21.412
1790403816380 [prime-yield] count=49 remaining=12 chunks=1 wall_ms=21.410 max_chunk_ms=21.410
1790403816401 [prime-yield] count=50 remaining=11 chunks=1 wall_ms=21.421 max_chunk_ms=21.421
1790403816423 [prime-yield] count=51 remaining=10 chunks=1 wall_ms=21.414 max_chunk_ms=21.414
1790403816444 [prime-yield] count=52 remaining=9 chunks=1 wall_ms=21.407 max_chunk_ms=21.407
1790403816466 [prime-yield] count=53 remaining=8 chunks=1 wall_ms=21.400 max_chunk_ms=21.400
1790403816487 [prime-yield] count=54 remaining=7 chunks=1 wall_ms=21.426 max_chunk_ms=21.426
1790403816509 [prime-yield] count=55 remaining=6 chunks=1 wall_ms=21.424 max_chunk_ms=21.424
1790403816530 [prime-yield] count=56 remaining=5 chunks=1 wall_ms=21.427 max_chunk_ms=21.427
1790403816552 [prime-yield] count=57 remaining=4 chunks=1 wall_ms=21.423 max_chunk_ms=21.423
1790403816573 [prime-yield] count=58 remaining=3 chunks=1 wall_ms=21.395 max_chunk_ms=21.395
1790403816595 [prime-yield] count=59 remaining=2 chunks=1 wall_ms=21.391 max_chunk_ms=21.391
1790403816616 [prime-yield] count=60 remaining=1 chunks=1 wall_ms=21.432 max_chunk_ms=21.432
1790403816641 [prefix-cache] insert refused: entry 3666505728 exceeds budget 0 (spec-boundary, model q38, ns "rxc-122880-256-3-1")
1790403817006 [spec-acc] ctx=122881 burst=24/24 cum=24/24=1.000
1790403817351 [spec-acc] ctx=122914 burst=24/24 cum=48/48=1.000
1790403817738 [spec-acc] ctx=122946 burst=25/27 cum=73/75=0.973
1790403818126 [spec-acc] ctx=122980 burst=23/27 cum=96/102=0.941
1790403818470 [spec-acc] ctx=123012 burst=24/24 cum=120/126=0.952
1790403818814 [spec-acc] ctx=123044 burst=24/24 cum=144/150=0.960
1790403819158 [spec-acc] ctx=123076 burst=24/24 cum=168/174=0.966
1790403819502 [spec-acc] ctx=123108 burst=22/24 cum=190/198=0.960
1790403819513 [meter] admit id=cmpl-463a07a0ce53fca53b40b531416d2db3 tenant=default lane=interactive model="q38"
1790403819529 [admission] per-session draft-state charge: model="q38" +46MB (measured capture high-water)
1790403819529 [admission] request cost: model="q38" ctx=124928 path=spec = 31552 B/token x ctx + 4402MB prefill-workspace + 540MB fixed = 8884MB
1790403819529 [admit-predict] id=cmpl-463a07a0ce53fca53b40b531416d2db3 tenant="rxc-122880-256-3-2" model="q38" verdict=admit reason=global-p95 prompt=123200 predicted_completion=256 kv_hat=8883914600 booked_bytes=0 booked_real=0 inflight=0 cap=64 budget_bytes=81762758352 retry_after_s=- exempt=0 enforce=0 live_free_bytes=-
1790403819530 [admit-oom] reclaim-on-defer: evicted 0 prefix entries + 0 plain + 1 spec + 0 dspark parked sessions (global LRU); effective free 9052MB -> 13693MB
1790403819530 [spec-k] model="q38" tenant="rxc-122880-256-3-2" K=3 source=cold-long prompt=123200 cached=0 lcp=0 active=1 wave=1 placement=single-or-non-pp2
1790403820587 [prime-yield] count=1 remaining=61 chunks=1 wall_ms=1056.252 max_chunk_ms=1056.252
1790403821683 [prime-yield] count=2 remaining=60 chunks=1 wall_ms=1096.320 max_chunk_ms=1096.320
1790403822815 [prime-yield] count=3 remaining=59 chunks=1 wall_ms=1131.932 max_chunk_ms=1131.932
1790403823983 [prime-yield] count=4 remaining=58 chunks=1 wall_ms=1167.791 max_chunk_ms=1167.791
1790403825188 [prime-yield] count=5 remaining=57 chunks=1 wall_ms=1204.218 max_chunk_ms=1204.218
1790403826429 [prime-yield] count=6 remaining=56 chunks=1 wall_ms=1240.783 max_chunk_ms=1240.783
1790403827705 [prime-yield] count=7 remaining=55 chunks=1 wall_ms=1276.523 max_chunk_ms=1276.523
1790403829018 [prime-yield] count=8 remaining=54 chunks=1 wall_ms=1312.983 max_chunk_ms=1312.983
1790403830367 [prime-yield] count=9 remaining=53 chunks=1 wall_ms=1348.988 max_chunk_ms=1348.988
1790403831752 [prime-yield] count=10 remaining=52 chunks=1 wall_ms=1384.720 max_chunk_ms=1384.720
1790403833173 [prime-yield] count=11 remaining=51 chunks=1 wall_ms=1420.626 max_chunk_ms=1420.626
1790403834629 [prime-yield] count=12 remaining=50 chunks=1 wall_ms=1456.126 max_chunk_ms=1456.126
1790403836122 [prime-yield] count=13 remaining=49 chunks=1 wall_ms=1492.756 max_chunk_ms=1492.756
1790403837651 [prime-yield] count=14 remaining=48 chunks=1 wall_ms=1528.644 max_chunk_ms=1528.644
1790403839217 [prime-yield] count=15 remaining=47 chunks=1 wall_ms=1565.528 max_chunk_ms=1565.528
1790403840818 [prime-yield] count=16 remaining=46 chunks=1 wall_ms=1601.558 max_chunk_ms=1601.558
1790403842456 [prime-yield] count=17 remaining=45 chunks=1 wall_ms=1638.140 max_chunk_ms=1638.140
1790403844131 [prime-yield] count=18 remaining=44 chunks=1 wall_ms=1674.041 max_chunk_ms=1674.041
1790403845841 [prime-yield] count=19 remaining=43 chunks=1 wall_ms=1710.092 max_chunk_ms=1710.092
1790403847587 [prime-yield] count=20 remaining=42 chunks=1 wall_ms=1746.397 max_chunk_ms=1746.397
1790403849370 [prime-yield] count=21 remaining=41 chunks=1 wall_ms=1782.935 max_chunk_ms=1782.935
1790403851190 [prime-yield] count=22 remaining=40 chunks=1 wall_ms=1819.273 max_chunk_ms=1819.273
1790403853046 [prime-yield] count=23 remaining=39 chunks=1 wall_ms=1856.122 max_chunk_ms=1856.122
1790403854939 [prime-yield] count=24 remaining=38 chunks=1 wall_ms=1892.361 max_chunk_ms=1892.361
1790403856868 [prime-yield] count=25 remaining=37 chunks=1 wall_ms=1929.066 max_chunk_ms=1929.066
1790403858833 [prime-yield] count=26 remaining=36 chunks=1 wall_ms=1965.235 max_chunk_ms=1965.235
1790403860836 [prime-yield] count=27 remaining=35 chunks=1 wall_ms=2002.341 max_chunk_ms=2002.341
1790403861238 [prime-yield] count=28 remaining=34 chunks=1 wall_ms=402.386 max_chunk_ms=402.386
1790403863278 [prime-yield] count=29 remaining=33 chunks=1 wall_ms=2039.384 max_chunk_ms=2039.384
1790403865358 [prime-yield] count=30 remaining=32 chunks=1 wall_ms=2080.123 max_chunk_ms=2080.123
1790403867330 [spec] pre-capture pool trim: released 1760MB cached back to the driver (driver free 2252MB < required 3160MB; instantiate allocates from the driver)
1790403867332 [prime-yield] count=31 remaining=31 chunks=1 wall_ms=1974.310 max_chunk_ms=1974.310
1790403867356 [prime-yield] count=32 remaining=30 chunks=1 wall_ms=23.049 max_chunk_ms=23.049
1790403867377 [prime-yield] count=33 remaining=29 chunks=1 wall_ms=21.502 max_chunk_ms=21.502
1790403867399 [prime-yield] count=34 remaining=28 chunks=1 wall_ms=21.452 max_chunk_ms=21.452
1790403867420 [prime-yield] count=35 remaining=27 chunks=1 wall_ms=21.486 max_chunk_ms=21.486
1790403867442 [prime-yield] count=36 remaining=26 chunks=1 wall_ms=21.469 max_chunk_ms=21.469
1790403867464 [prime-yield] count=37 remaining=25 chunks=1 wall_ms=21.501 max_chunk_ms=21.501
1790403867485 [prime-yield] count=38 remaining=24 chunks=1 wall_ms=21.475 max_chunk_ms=21.475
1790403867507 [prime-yield] count=39 remaining=23 chunks=1 wall_ms=21.483 max_chunk_ms=21.483
1790403867528 [prime-yield] count=40 remaining=22 chunks=1 wall_ms=21.471 max_chunk_ms=21.471
1790403867550 [prime-yield] count=41 remaining=21 chunks=1 wall_ms=21.463 max_chunk_ms=21.463
1790403867572 [prime-yield] count=42 remaining=20 chunks=1 wall_ms=21.513 max_chunk_ms=21.513
1790403867593 [prime-yield] count=43 remaining=19 chunks=1 wall_ms=21.469 max_chunk_ms=21.469
1790403867615 [prime-yield] count=44 remaining=18 chunks=1 wall_ms=21.500 max_chunk_ms=21.500
1790403867636 [prime-yield] count=45 remaining=17 chunks=1 wall_ms=21.472 max_chunk_ms=21.472
1790403867658 [prime-yield] count=46 remaining=16 chunks=1 wall_ms=21.466 max_chunk_ms=21.466
1790403867679 [prime-yield] count=47 remaining=15 chunks=1 wall_ms=21.466 max_chunk_ms=21.466
1790403867701 [prime-yield] count=48 remaining=14 chunks=1 wall_ms=21.458 max_chunk_ms=21.458
1790403867723 [prime-yield] count=49 remaining=13 chunks=1 wall_ms=21.518 max_chunk_ms=21.518
1790403867744 [prime-yield] count=50 remaining=12 chunks=1 wall_ms=21.461 max_chunk_ms=21.461
1790403867766 [prime-yield] count=51 remaining=11 chunks=1 wall_ms=21.495 max_chunk_ms=21.495
1790403867787 [prime-yield] count=52 remaining=10 chunks=1 wall_ms=21.489 max_chunk_ms=21.489
1790403867809 [prime-yield] count=53 remaining=9 chunks=1 wall_ms=21.513 max_chunk_ms=21.513
1790403867830 [prime-yield] count=54 remaining=8 chunks=1 wall_ms=21.486 max_chunk_ms=21.486
1790403867852 [prime-yield] count=55 remaining=7 chunks=1 wall_ms=21.493 max_chunk_ms=21.493
1790403867874 [prime-yield] count=56 remaining=6 chunks=1 wall_ms=21.465 max_chunk_ms=21.465
1790403867895 [prime-yield] count=57 remaining=5 chunks=1 wall_ms=21.479 max_chunk_ms=21.479
1790403867917 [prime-yield] count=58 remaining=4 chunks=1 wall_ms=21.434 max_chunk_ms=21.434
1790403867938 [prime-yield] count=59 remaining=3 chunks=1 wall_ms=21.491 max_chunk_ms=21.491
1790403867960 [prime-yield] count=60 remaining=2 chunks=1 wall_ms=21.437 max_chunk_ms=21.437
1790403867981 [prime-yield] count=61 remaining=1 chunks=1 wall_ms=21.491 max_chunk_ms=21.491
1790403867987 [prefix-cache] insert refused: entry 3666505728 exceeds budget 0 (spec-boundary, model q38, ns "rxc-122880-256-3-2")
1790403868352 [spec-acc] ctx=123201 burst=24/24 cum=24/24=1.000
1790403868696 [spec-acc] ctx=123234 burst=24/24 cum=48/48=1.000
1790403869084 [spec-acc] ctx=123266 burst=26/27 cum=74/75=0.987
1790403869428 [spec-acc] ctx=123301 burst=24/24 cum=98/99=0.990
1790403869773 [spec-acc] ctx=123333 burst=24/24 cum=122/123=0.992
1790403870117 [spec-acc] ctx=123365 burst=24/24 cum=146/147=0.993
1790403870462 [spec-acc] ctx=123397 burst=24/24 cum=170/171=0.994
1790403870764 [spec-acc] ctx=123429 burst=21/21 cum=191/192=0.995
1790403870774 [meter] admit id=cmpl-94b940e7b8d199842b88dde90bc6e05e tenant=default lane=interactive model="q38"
1790403870791 [admission] per-session draft-state charge: model="q38" +46MB (measured capture high-water)
1790403870791 [admission] request cost: model="q38" ctx=124928 path=spec = 31552 B/token x ctx + 4409MB prefill-workspace + 540MB fixed = 8890MB
1790403870791 [admit-predict] id=cmpl-94b940e7b8d199842b88dde90bc6e05e tenant="rxc-122880-256-3-3" model="q38" verdict=admit reason=global-p95 prompt=123520 predicted_completion=256 kv_hat=8900564840 booked_bytes=0 booked_real=0 inflight=0 cap=64 budget_bytes=81762758352 retry_after_s=- exempt=0 enforce=0 live_free_bytes=-
1790403870791 [admit-oom] reclaim-on-defer: evicted 0 prefix entries + 0 plain + 1 spec + 0 dspark parked sessions (global LRU); effective free 9052MB -> 13693MB
1790403870792 [spec-k] model="q38" tenant="rxc-122880-256-3-3" K=3 source=cold-long prompt=123520 cached=0 lcp=0 active=1 wave=1 placement=single-or-non-pp2
1790403871848 [prime-yield] count=1 remaining=61 chunks=1 wall_ms=1056.543 max_chunk_ms=1056.543
1790403872946 [prime-yield] count=2 remaining=60 chunks=1 wall_ms=1096.955 max_chunk_ms=1096.955
1790403874079 [prime-yield] count=3 remaining=59 chunks=1 wall_ms=1132.932 max_chunk_ms=1132.932
1790403875248 [prime-yield] count=4 remaining=58 chunks=1 wall_ms=1169.179 max_chunk_ms=1169.179
1790403876454 [prime-yield] count=5 remaining=57 chunks=1 wall_ms=1205.491 max_chunk_ms=1205.491
1790403877695 [prime-yield] count=6 remaining=56 chunks=1 wall_ms=1241.568 max_chunk_ms=1241.568
1790403878973 [prime-yield] count=7 remaining=55 chunks=1 wall_ms=1277.640 max_chunk_ms=1277.640
1790403880287 [prime-yield] count=8 remaining=54 chunks=1 wall_ms=1313.712 max_chunk_ms=1313.712
1790403881636 [prime-yield] count=9 remaining=53 chunks=1 wall_ms=1349.530 max_chunk_ms=1349.530
1790403883022 [prime-yield] count=10 remaining=52 chunks=1 wall_ms=1385.576 max_chunk_ms=1385.576
1790403884444 [prime-yield] count=11 remaining=51 chunks=1 wall_ms=1421.421 max_chunk_ms=1421.421
1790403885901 [prime-yield] count=12 remaining=50 chunks=1 wall_ms=1457.301 max_chunk_ms=1457.301
1790403887394 [prime-yield] count=13 remaining=49 chunks=1 wall_ms=1492.937 max_chunk_ms=1492.937
1790403888923 [prime-yield] count=14 remaining=48 chunks=1 wall_ms=1529.099 max_chunk_ms=1529.099
1790403890489 [prime-yield] count=15 remaining=47 chunks=1 wall_ms=1565.372 max_chunk_ms=1565.372
1790403892091 [prime-yield] count=16 remaining=46 chunks=1 wall_ms=1601.726 max_chunk_ms=1601.726
1790403893730 [prime-yield] count=17 remaining=45 chunks=1 wall_ms=1638.593 max_chunk_ms=1638.593
1790403895404 [prime-yield] count=18 remaining=44 chunks=1 wall_ms=1674.011 max_chunk_ms=1674.011
1790403897115 [prime-yield] count=19 remaining=43 chunks=1 wall_ms=1710.931 max_chunk_ms=1710.931
1790403898862 [prime-yield] count=20 remaining=42 chunks=1 wall_ms=1747.119 max_chunk_ms=1747.119
1790403900646 [prime-yield] count=21 remaining=41 chunks=1 wall_ms=1783.538 max_chunk_ms=1783.538
1790403902466 [prime-yield] count=22 remaining=40 chunks=1 wall_ms=1820.345 max_chunk_ms=1820.345
1790403904323 [prime-yield] count=23 remaining=39 chunks=1 wall_ms=1856.214 max_chunk_ms=1856.214
1790403906215 [prime-yield] count=24 remaining=38 chunks=1 wall_ms=1891.905 max_chunk_ms=1891.905
1790403908142 [prime-yield] count=25 remaining=37 chunks=1 wall_ms=1927.436 max_chunk_ms=1927.436
1790403910108 [prime-yield] count=26 remaining=36 chunks=1 wall_ms=1965.584 max_chunk_ms=1965.584
1790403912111 [prime-yield] count=27 remaining=35 chunks=1 wall_ms=2002.277 max_chunk_ms=2002.277
1790403912513 [prime-yield] count=28 remaining=34 chunks=1 wall_ms=402.317 max_chunk_ms=402.317
1790403914553 [prime-yield] count=29 remaining=33 chunks=1 wall_ms=2039.381 max_chunk_ms=2039.381
1790403916633 [prime-yield] count=30 remaining=32 chunks=1 wall_ms=2080.144 max_chunk_ms=2080.144
1790403918778 [spec] pre-capture pool trim: released 1728MB cached back to the driver (driver free 2284MB < required 3160MB; instantiate allocates from the driver)
1790403918781 [prime-yield] count=31 remaining=31 chunks=1 wall_ms=2147.638 max_chunk_ms=2147.638
1790403918804 [prime-yield] count=32 remaining=30 chunks=1 wall_ms=22.978 max_chunk_ms=22.978
1790403918825 [prime-yield] count=33 remaining=29 chunks=1 wall_ms=21.516 max_chunk_ms=21.516
1790403918847 [prime-yield] count=34 remaining=28 chunks=1 wall_ms=21.488 max_chunk_ms=21.488
1790403918868 [prime-yield] count=35 remaining=27 chunks=1 wall_ms=21.485 max_chunk_ms=21.485
1790403918890 [prime-yield] count=36 remaining=26 chunks=1 wall_ms=21.483 max_chunk_ms=21.483
1790403918912 [prime-yield] count=37 remaining=25 chunks=1 wall_ms=21.470 max_chunk_ms=21.470
1790403918933 [prime-yield] count=38 remaining=24 chunks=1 wall_ms=21.495 max_chunk_ms=21.495
1790403918955 [prime-yield] count=39 remaining=23 chunks=1 wall_ms=21.499 max_chunk_ms=21.499
1790403918976 [prime-yield] count=40 remaining=22 chunks=1 wall_ms=21.496 max_chunk_ms=21.496
1790403918998 [prime-yield] count=41 remaining=21 chunks=1 wall_ms=21.465 max_chunk_ms=21.465
1790403919020 [prime-yield] count=42 remaining=20 chunks=1 wall_ms=21.486 max_chunk_ms=21.486
1790403919041 [prime-yield] count=43 remaining=19 chunks=1 wall_ms=21.494 max_chunk_ms=21.494
1790403919063 [prime-yield] count=44 remaining=18 chunks=1 wall_ms=21.459 max_chunk_ms=21.459
1790403919084 [prime-yield] count=45 remaining=17 chunks=1 wall_ms=21.451 max_chunk_ms=21.451
1790403919106 [prime-yield] count=46 remaining=16 chunks=1 wall_ms=21.445 max_chunk_ms=21.445
1790403919127 [prime-yield] count=47 remaining=15 chunks=1 wall_ms=21.445 max_chunk_ms=21.445
1790403919149 [prime-yield] count=48 remaining=14 chunks=1 wall_ms=21.463 max_chunk_ms=21.463
1790403919170 [prime-yield] count=49 remaining=13 chunks=1 wall_ms=21.472 max_chunk_ms=21.472
1790403919192 [prime-yield] count=50 remaining=12 chunks=1 wall_ms=21.448 max_chunk_ms=21.448
1790403919214 [prime-yield] count=51 remaining=11 chunks=1 wall_ms=21.487 max_chunk_ms=21.487
1790403919235 [prime-yield] count=52 remaining=10 chunks=1 wall_ms=21.484 max_chunk_ms=21.484
1790403919257 [prime-yield] count=53 remaining=9 chunks=1 wall_ms=21.464 max_chunk_ms=21.464
1790403919278 [prime-yield] count=54 remaining=8 chunks=1 wall_ms=21.468 max_chunk_ms=21.468
1790403919300 [prime-yield] count=55 remaining=7 chunks=1 wall_ms=21.444 max_chunk_ms=21.444
1790403919321 [prime-yield] count=56 remaining=6 chunks=1 wall_ms=21.429 max_chunk_ms=21.429
1790403919343 [prime-yield] count=57 remaining=5 chunks=1 wall_ms=21.439 max_chunk_ms=21.439
1790403919364 [prime-yield] count=58 remaining=4 chunks=1 wall_ms=21.445 max_chunk_ms=21.445
1790403919386 [prime-yield] count=59 remaining=3 chunks=1 wall_ms=21.462 max_chunk_ms=21.462
1790403919408 [prime-yield] count=60 remaining=2 chunks=1 wall_ms=21.486 max_chunk_ms=21.486
1790403919429 [prime-yield] count=61 remaining=1 chunks=1 wall_ms=21.473 max_chunk_ms=21.473
1790403919436 [prefix-cache] insert refused: entry 3666505728 exceeds budget 0 (spec-boundary, model q38, ns "rxc-122880-256-3-3")
1790403919801 [spec-acc] ctx=123521 burst=24/24 cum=24/24=1.000
1790403920146 [spec-acc] ctx=123554 burst=24/24 cum=48/48=1.000
1790403920491 [spec-acc] ctx=123586 burst=24/24 cum=72/72=1.000
1790403920836 [spec-acc] ctx=123618 burst=24/24 cum=96/96=1.000
1790403921181 [spec-acc] ctx=123650 burst=24/24 cum=120/120=1.000
1790403921570 [spec-acc] ctx=123682 burst=25/27 cum=145/147=0.986
1790403921958 [spec-acc] ctx=123716 burst=26/27 cum=171/174=0.983
1790403922261 [spec-acc] ctx=123751 burst=19/21 cum=190/195=0.974
1790403922272 [meter] admit id=cmpl-599e2a42667481fd6cf2ba1a2ea8886f tenant=default lane=interactive model="q38"
1790403922287 [admission] per-session draft-state charge: model="q38" +46MB (measured capture high-water)
1790403922287 [admission] request cost: model="q38" ctx=124928 path=spec = 31552 B/token x ctx + 4396MB prefill-workspace + 540MB fixed = 8877MB
1790403922287 [admit-predict] id=cmpl-599e2a42667481fd6cf2ba1a2ea8886f tenant="rx-122880-256-4" model="q38" verdict=admit reason=global-p95 prompt=122880 predicted_completion=256 kv_hat=8867264360 booked_bytes=0 booked_real=0 inflight=0 cap=64 budget_bytes=81762758352 retry_after_s=- exempt=0 enforce=0 live_free_bytes=-
1790403922288 [admit-oom] reclaim-on-defer: evicted 0 prefix entries + 0 plain + 1 spec + 0 dspark parked sessions (global LRU); effective free 9052MB -> 13693MB
1790403922289 [spec-k] model="q38" tenant="rx-122880-256-4" K=3 source=cold-long prompt=122880 cached=0 lcp=0 active=1 wave=1 placement=single-or-non-pp2
1790403923346 [prime-yield] count=1 remaining=60 chunks=1 wall_ms=1056.739 max_chunk_ms=1056.739
1790403924444 [prime-yield] count=2 remaining=59 chunks=1 wall_ms=1097.671 max_chunk_ms=1097.671
1790403925578 [prime-yield] count=3 remaining=58 chunks=1 wall_ms=1133.843 max_chunk_ms=1133.843
1790403926747 [prime-yield] count=4 remaining=57 chunks=1 wall_ms=1169.722 max_chunk_ms=1169.722
1790403927953 [prime-yield] count=5 remaining=56 chunks=1 wall_ms=1205.971 max_chunk_ms=1205.971
1790403929195 [prime-yield] count=6 remaining=55 chunks=1 wall_ms=1241.954 max_chunk_ms=1241.954
1790403930474 [prime-yield] count=7 remaining=54 chunks=1 wall_ms=1278.383 max_chunk_ms=1278.383
1790403931789 [prime-yield] count=8 remaining=53 chunks=1 wall_ms=1314.532 max_chunk_ms=1314.532
1790403933139 [prime-yield] count=9 remaining=52 chunks=1 wall_ms=1350.145 max_chunk_ms=1350.145
1790403934525 [prime-yield] count=10 remaining=51 chunks=1 wall_ms=1385.967 max_chunk_ms=1385.967
1790403935947 [prime-yield] count=11 remaining=50 chunks=1 wall_ms=1422.173 max_chunk_ms=1422.173
1790403937405 [prime-yield] count=12 remaining=49 chunks=1 wall_ms=1458.050 max_chunk_ms=1458.050
1790403938900 [prime-yield] count=13 remaining=48 chunks=1 wall_ms=1494.514 max_chunk_ms=1494.514
1790403940431 [prime-yield] count=14 remaining=47 chunks=1 wall_ms=1530.283 max_chunk_ms=1530.283
1790403941997 [prime-yield] count=15 remaining=46 chunks=1 wall_ms=1566.588 max_chunk_ms=1566.588
1790403943600 [prime-yield] count=16 remaining=45 chunks=1 wall_ms=1602.841 max_chunk_ms=1602.841
1790403945239 [prime-yield] count=17 remaining=44 chunks=1 wall_ms=1638.428 max_chunk_ms=1638.428
1790403946914 [prime-yield] count=18 remaining=43 chunks=1 wall_ms=1674.684 max_chunk_ms=1674.684
1790403948625 [prime-yield] count=19 remaining=42 chunks=1 wall_ms=1711.729 max_chunk_ms=1711.729
1790403950374 [prime-yield] count=20 remaining=41 chunks=1 wall_ms=1747.998 max_chunk_ms=1747.998
1790403952159 [prime-yield] count=21 remaining=40 chunks=1 wall_ms=1784.779 max_chunk_ms=1784.779
1790403953980 [prime-yield] count=22 remaining=39 chunks=1 wall_ms=1821.224 max_chunk_ms=1821.224
1790403955837 [prime-yield] count=23 remaining=38 chunks=1 wall_ms=1857.065 max_chunk_ms=1857.065
1790403957731 [prime-yield] count=24 remaining=37 chunks=1 wall_ms=1893.825 max_chunk_ms=1893.825
1790403959661 [prime-yield] count=25 remaining=36 chunks=1 wall_ms=1930.117 max_chunk_ms=1930.117
1790403961629 [prime-yield] count=26 remaining=35 chunks=1 wall_ms=1966.983 max_chunk_ms=1966.983
1790403963468 [prime-yield] count=27 remaining=34 chunks=1 wall_ms=1839.096 max_chunk_ms=1839.096
1790403965505 [prime-yield] count=28 remaining=33 chunks=1 wall_ms=2037.026 max_chunk_ms=2037.026
1790403967577 [prime-yield] count=29 remaining=32 chunks=1 wall_ms=2072.289 max_chunk_ms=2072.289
1790403969686 [prime-yield] count=30 remaining=31 chunks=1 wall_ms=2109.004 max_chunk_ms=2109.004
1790403969952 [spec] pre-capture pool trim: released 1696MB cached back to the driver (driver free 2252MB < required 3160MB; instantiate allocates from the driver)
1790403969954 [prime-yield] count=31 remaining=30 chunks=1 wall_ms=267.648 max_chunk_ms=267.648
1790403969977 [prime-yield] count=32 remaining=29 chunks=1 wall_ms=22.967 max_chunk_ms=22.967
1790403969999 [prime-yield] count=33 remaining=28 chunks=1 wall_ms=21.493 max_chunk_ms=21.493
1790403970020 [prime-yield] count=34 remaining=27 chunks=1 wall_ms=21.364 max_chunk_ms=21.364
1790403970042 [prime-yield] count=35 remaining=26 chunks=1 wall_ms=21.357 max_chunk_ms=21.357
1790403970063 [prime-yield] count=36 remaining=25 chunks=1 wall_ms=21.466 max_chunk_ms=21.466
1790403970085 [prime-yield] count=37 remaining=24 chunks=1 wall_ms=21.496 max_chunk_ms=21.496
1790403970107 [prime-yield] count=38 remaining=23 chunks=1 wall_ms=21.503 max_chunk_ms=21.503
1790403970128 [prime-yield] count=39 remaining=22 chunks=1 wall_ms=21.498 max_chunk_ms=21.498
1790403970150 [prime-yield] count=40 remaining=21 chunks=1 wall_ms=21.472 max_chunk_ms=21.472
1790403970171 [prime-yield] count=41 remaining=20 chunks=1 wall_ms=21.476 max_chunk_ms=21.476
1790403970193 [prime-yield] count=42 remaining=19 chunks=1 wall_ms=21.463 max_chunk_ms=21.463
1790403970214 [prime-yield] count=43 remaining=18 chunks=1 wall_ms=21.520 max_chunk_ms=21.520
1790403970236 [prime-yield] count=44 remaining=17 chunks=1 wall_ms=21.481 max_chunk_ms=21.481
1790403970258 [prime-yield] count=45 remaining=16 chunks=1 wall_ms=21.498 max_chunk_ms=21.498
1790403970279 [prime-yield] count=46 remaining=15 chunks=1 wall_ms=21.490 max_chunk_ms=21.490
1790403970301 [prime-yield] count=47 remaining=14 chunks=1 wall_ms=21.493 max_chunk_ms=21.493
1790403970322 [prime-yield] count=48 remaining=13 chunks=1 wall_ms=21.492 max_chunk_ms=21.492
1790403970344 [prime-yield] count=49 remaining=12 chunks=1 wall_ms=21.497 max_chunk_ms=21.497
1790403970366 [prime-yield] count=50 remaining=11 chunks=1 wall_ms=21.466 max_chunk_ms=21.466
1790403970387 [prime-yield] count=51 remaining=10 chunks=1 wall_ms=21.469 max_chunk_ms=21.469
1790403970409 [prime-yield] count=52 remaining=9 chunks=1 wall_ms=21.473 max_chunk_ms=21.473
1790403970430 [prime-yield] count=53 remaining=8 chunks=1 wall_ms=21.441 max_chunk_ms=21.441
1790403970452 [prime-yield] count=54 remaining=7 chunks=1 wall_ms=21.460 max_chunk_ms=21.460
1790403970473 [prime-yield] count=55 remaining=6 chunks=1 wall_ms=21.457 max_chunk_ms=21.457
1790403970495 [prime-yield] count=56 remaining=5 chunks=1 wall_ms=21.458 max_chunk_ms=21.458
1790403970517 [prime-yield] count=57 remaining=4 chunks=1 wall_ms=21.473 max_chunk_ms=21.473
1790403970538 [prime-yield] count=58 remaining=3 chunks=1 wall_ms=21.471 max_chunk_ms=21.471
1790403970560 [prime-yield] count=59 remaining=2 chunks=1 wall_ms=21.469 max_chunk_ms=21.469
1790403970581 [prime-yield] count=60 remaining=1 chunks=1 wall_ms=21.461 max_chunk_ms=21.461
1790403970606 [prefix-cache] insert refused: entry 3635206144 exceeds budget 0 (spec-boundary, model q38, ns "rx-122880-256-4")
1790403971014 [spec-acc] ctx=122881 burst=24/27 cum=24/27=0.889
1790403971402 [spec-acc] ctx=122915 burst=26/27 cum=50/54=0.926
1790403971747 [spec-acc] ctx=122950 burst=24/24 cum=74/78=0.949
1790403972135 [spec-acc] ctx=122982 burst=26/27 cum=100/105=0.952
1790403972522 [spec-acc] ctx=123017 burst=25/27 cum=125/132=0.947
1790403972909 [spec-acc] ctx=123051 burst=23/27 cum=148/159=0.931
1790403973383 [spec-acc] ctx=123083 burst=23/33 cum=171/192=0.891
1790403973598 [spec-acc] ctx=123117 burst=15/15 cum=186/207=0.899
1790403973612 [meter] admit id=cmpl-040e8e6a8cf50cecf50a5eced816a229 tenant=default lane=interactive model="q38"
1790403973625 [admission] per-session draft-state charge: model="q38" +46MB (measured capture high-water)
1790403973625 [admission] request cost: model="q38" ctx=124928 path=spec = 31552 B/token x ctx + 4402MB prefill-workspace + 540MB fixed = 8884MB
1790403973625 [admit-predict] id=cmpl-040e8e6a8cf50cecf50a5eced816a229 tenant="rx-122880-256-4" model="q38" verdict=admit reason=global-p95 prompt=123200 predicted_completion=256 kv_hat=8883914600 booked_bytes=0 booked_real=0 inflight=0 cap=64 budget_bytes=81762758352 retry_after_s=- exempt=0 enforce=0 live_free_bytes=-
1790403973626 [admit-oom] reclaim-on-defer: evicted 0 prefix entries + 0 plain + 1 spec + 0 dspark parked sessions (global LRU); effective free 9052MB -> 13693MB
1790403973626 [worker] spec-affinity: rewound to 110240 of 123200 prompt tokens (fingerprint; priming 12960 suffix; model q38)
1790403973626 [spec-k] model="q38" tenant="rx-122880-256-4" K=2 source=cached-long prompt=123200 cached=110240 lcp=0 active=1 wave=1 placement=single-or-non-pp2
1790403975656 [prime-yield] count=1 remaining=8 chunks=1 wall_ms=2029.391 max_chunk_ms=2029.391
1790403977725 [prime-yield] count=2 remaining=7 chunks=1 wall_ms=2069.568 max_chunk_ms=2069.568
1790403979831 [prime-yield] count=3 remaining=6 chunks=1 wall_ms=2105.822 max_chunk_ms=2105.822
1790403980257 [prime-yield] count=4 remaining=5 chunks=1 wall_ms=425.213 max_chunk_ms=425.213
1790403980465 [prime-yield] count=5 remaining=4 chunks=1 wall_ms=208.333 max_chunk_ms=208.333
1790403980485 [prime-yield] count=6 remaining=3 chunks=1 wall_ms=20.472 max_chunk_ms=20.472
1790403980506 [prime-yield] count=7 remaining=2 chunks=1 wall_ms=20.435 max_chunk_ms=20.435
1790403980526 [prime-yield] count=8 remaining=1 chunks=1 wall_ms=20.447 max_chunk_ms=20.447
1790403980941 [spec-acc] ctx=12961 burst=22/22 cum=22/22=1.000
1790403981336 [spec-acc] ctx=12995 burst=22/22 cum=44/44=1.000
1790403981729 [spec-acc] ctx=13028 burst=22/22 cum=66/66=1.000
1790403982123 [spec-acc] ctx=13061 burst=22/22 cum=88/88=1.000
1790403982517 [spec-acc] ctx=13094 burst=21/22 cum=109/110=0.991
1790403982947 [spec-acc] ctx=13126 burst=22/24 cum=131/134=0.978
1790403983342 [spec-acc] ctx=13160 burst=21/22 cum=152/156=0.974
1790403983630 [spec-acc] ctx=13192 burst=16/16 cum=168/172=0.977
1790403983644 [meter] admit id=cmpl-18efdf7c168c10bf9a636456de102b7f tenant=default lane=interactive model="q38"
1790403983657 [admission] per-session draft-state charge: model="q38" +46MB (measured capture high-water)
1790403983657 [admission] request cost: model="q38" ctx=124928 path=spec = 31552 B/token x ctx + 4409MB prefill-workspace + 540MB fixed = 8890MB
1790403983657 [admit-predict] id=cmpl-18efdf7c168c10bf9a636456de102b7f tenant="rx-122880-256-4" model="q38" verdict=admit reason=global-p95 prompt=123520 predicted_completion=256 kv_hat=8900564840 booked_bytes=0 booked_real=0 inflight=0 cap=64 budget_bytes=81762758352 retry_after_s=- exempt=0 enforce=0 live_free_bytes=-
1790403983657 [worker] spec-reuse: 123456 committed tokens resumed [sampler=equivalent] (model q38)
1790403983657 [spec-k] model="q38" tenant="rx-122880-256-4" K=2 source=cached-long prompt=123520 cached=123456 lcp=0 active=1 wave=1 placement=single-or-non-pp2
1790403984442 [spec-acc] ctx=64 burst=22/22 cum=22/22=1.000
1790403984836 [spec-acc] ctx=98 burst=22/22 cum=44/44=1.000
1790403985230 [spec-acc] ctx=131 burst=22/22 cum=66/66=1.000
1790403985624 [spec-acc] ctx=164 burst=22/22 cum=88/88=1.000
1790403986055 [spec-acc] ctx=197 burst=22/24 cum=110/112=0.982
1790403986451 [spec-acc] ctx=231 burst=22/22 cum=132/134=0.985
1790403986846 [spec-acc] ctx=264 burst=22/22 cum=154/156=0.987
1790403987171 [spec-acc] ctx=297 burst=14/18 cum=168/174=0.966
1790403987185 [meter] admit id=cmpl-adff98e0596c6a496aa68eb66c1be210 tenant=default lane=interactive model="q38"
1790403987198 [admission] per-session draft-state charge: model="q38" +46MB (measured capture high-water)
1790403987198 [admission] request cost: model="q38" ctx=124928 path=spec = 31552 B/token x ctx + 4396MB prefill-workspace + 540MB fixed = 8877MB
1790403987198 [admit-predict] id=cmpl-adff98e0596c6a496aa68eb66c1be210 tenant="rxc-122880-256-4-1" model="q38" verdict=admit reason=global-p95 prompt=122880 predicted_completion=256 kv_hat=8867264360 booked_bytes=0 booked_real=0 inflight=0 cap=64 budget_bytes=81762758352 retry_after_s=- exempt=0 enforce=0 live_free_bytes=-
1790403987202 [spec-k] model="q38" tenant="rxc-122880-256-4-1" K=3 source=cold-long prompt=122880 cached=0 lcp=0 active=1 wave=1 placement=single-or-non-pp2
1790403988259 [prime-yield] count=1 remaining=60 chunks=1 wall_ms=1053.089 max_chunk_ms=1053.089
1790403989355 [prime-yield] count=2 remaining=59 chunks=1 wall_ms=1095.885 max_chunk_ms=1095.885
1790403990487 [prime-yield] count=3 remaining=58 chunks=1 wall_ms=1131.822 max_chunk_ms=1131.822
1790403991655 [prime-yield] count=4 remaining=57 chunks=1 wall_ms=1167.208 max_chunk_ms=1167.208
1790403992858 [prime-yield] count=5 remaining=56 chunks=1 wall_ms=1203.649 max_chunk_ms=1203.649
1790403994099 [prime-yield] count=6 remaining=55 chunks=1 wall_ms=1240.214 max_chunk_ms=1240.214
1790403995376 [prime-yield] count=7 remaining=54 chunks=1 wall_ms=1277.046 max_chunk_ms=1277.046
1790403996689 [prime-yield] count=8 remaining=53 chunks=1 wall_ms=1313.137 max_chunk_ms=1313.137
1790403998038 [prime-yield] count=9 remaining=52 chunks=1 wall_ms=1348.899 max_chunk_ms=1348.899
1790403999423 [prime-yield] count=10 remaining=51 chunks=1 wall_ms=1385.029 max_chunk_ms=1385.029
1790404000844 [prime-yield] count=11 remaining=50 chunks=1 wall_ms=1420.959 max_chunk_ms=1420.959
1790404002302 [prime-yield] count=12 remaining=49 chunks=1 wall_ms=1457.413 max_chunk_ms=1457.413
1790404003795 [prime-yield] count=13 remaining=48 chunks=1 wall_ms=1492.820 max_chunk_ms=1492.820
1790404005324 [prime-yield] count=14 remaining=47 chunks=1 wall_ms=1529.384 max_chunk_ms=1529.384
1790404006891 [prime-yield] count=15 remaining=46 chunks=1 wall_ms=1566.083 max_chunk_ms=1566.083
1790404008493 [prime-yield] count=16 remaining=45 chunks=1 wall_ms=1602.748 max_chunk_ms=1602.748
1790404010132 [prime-yield] count=17 remaining=44 chunks=1 wall_ms=1638.572 max_chunk_ms=1638.572
1790404011807 [prime-yield] count=18 remaining=43 chunks=1 wall_ms=1674.732 max_chunk_ms=1674.732
1790404013517 [prime-yield] count=19 remaining=42 chunks=1 wall_ms=1710.295 max_chunk_ms=1710.295
1790404015265 [prime-yield] count=20 remaining=41 chunks=1 wall_ms=1747.855 max_chunk_ms=1747.855
1790404017050 [prime-yield] count=21 remaining=40 chunks=1 wall_ms=1784.197 max_chunk_ms=1784.197
1790404018871 [prime-yield] count=22 remaining=39 chunks=1 wall_ms=1820.898 max_chunk_ms=1820.898
1790404020728 [prime-yield] count=23 remaining=38 chunks=1 wall_ms=1856.847 max_chunk_ms=1856.847
1790404022622 [prime-yield] count=24 remaining=37 chunks=1 wall_ms=1893.599 max_chunk_ms=1893.599
1790404024552 [prime-yield] count=25 remaining=36 chunks=1 wall_ms=1930.357 max_chunk_ms=1930.357
1790404026519 [prime-yield] count=26 remaining=35 chunks=1 wall_ms=1966.451 max_chunk_ms=1966.451
1790404028358 [prime-yield] count=27 remaining=34 chunks=1 wall_ms=1838.920 max_chunk_ms=1838.920
1790404030394 [prime-yield] count=28 remaining=33 chunks=1 wall_ms=2036.600 max_chunk_ms=2036.600
1790404032467 [prime-yield] count=29 remaining=32 chunks=1 wall_ms=2071.912 max_chunk_ms=2071.912
1790404034576 [prime-yield] count=30 remaining=31 chunks=1 wall_ms=2109.098 max_chunk_ms=2109.098
1790404034842 [spec] pre-capture pool trim: released 1696MB cached back to the driver (driver free 2380MB < required 3160MB; instantiate allocates from the driver)
1790404034844 [prime-yield] count=31 remaining=30 chunks=1 wall_ms=267.764 max_chunk_ms=267.764
1790404034867 [prime-yield] count=32 remaining=29 chunks=1 wall_ms=23.045 max_chunk_ms=23.045
1790404034888 [prime-yield] count=33 remaining=28 chunks=1 wall_ms=21.437 max_chunk_ms=21.437
1790404034910 [prime-yield] count=34 remaining=27 chunks=1 wall_ms=21.483 max_chunk_ms=21.483
1790404034932 [prime-yield] count=35 remaining=26 chunks=1 wall_ms=21.455 max_chunk_ms=21.455
1790404034953 [prime-yield] count=36 remaining=25 chunks=1 wall_ms=21.448 max_chunk_ms=21.448
1790404034975 [prime-yield] count=37 remaining=24 chunks=1 wall_ms=21.478 max_chunk_ms=21.478
1790404034996 [prime-yield] count=38 remaining=23 chunks=1 wall_ms=21.471 max_chunk_ms=21.471
1790404035018 [prime-yield] count=39 remaining=22 chunks=1 wall_ms=21.465 max_chunk_ms=21.465
1790404035039 [prime-yield] count=40 remaining=21 chunks=1 wall_ms=21.478 max_chunk_ms=21.478
1790404035061 [prime-yield] count=41 remaining=20 chunks=1 wall_ms=21.459 max_chunk_ms=21.459
1790404035082 [prime-yield] count=42 remaining=19 chunks=1 wall_ms=21.458 max_chunk_ms=21.458
1790404035104 [prime-yield] count=43 remaining=18 chunks=1 wall_ms=21.463 max_chunk_ms=21.463
1790404035126 [prime-yield] count=44 remaining=17 chunks=1 wall_ms=21.493 max_chunk_ms=21.493
1790404035147 [prime-yield] count=45 remaining=16 chunks=1 wall_ms=21.450 max_chunk_ms=21.450
1790404035169 [prime-yield] count=46 remaining=15 chunks=1 wall_ms=21.470 max_chunk_ms=21.470
1790404035190 [prime-yield] count=47 remaining=14 chunks=1 wall_ms=21.442 max_chunk_ms=21.442
1790404035212 [prime-yield] count=48 remaining=13 chunks=1 wall_ms=21.431 max_chunk_ms=21.431
1790404035233 [prime-yield] count=49 remaining=12 chunks=1 wall_ms=21.453 max_chunk_ms=21.453
1790404035255 [prime-yield] count=50 remaining=11 chunks=1 wall_ms=21.469 max_chunk_ms=21.469
1790404035276 [prime-yield] count=51 remaining=10 chunks=1 wall_ms=21.448 max_chunk_ms=21.448
1790404035298 [prime-yield] count=52 remaining=9 chunks=1 wall_ms=21.483 max_chunk_ms=21.483
1790404035320 [prime-yield] count=53 remaining=8 chunks=1 wall_ms=21.445 max_chunk_ms=21.445
1790404035341 [prime-yield] count=54 remaining=7 chunks=1 wall_ms=21.455 max_chunk_ms=21.455
1790404035363 [prime-yield] count=55 remaining=6 chunks=1 wall_ms=21.460 max_chunk_ms=21.460
1790404035384 [prime-yield] count=56 remaining=5 chunks=1 wall_ms=21.451 max_chunk_ms=21.451
1790404035406 [prime-yield] count=57 remaining=4 chunks=1 wall_ms=21.437 max_chunk_ms=21.437
1790404035427 [prime-yield] count=58 remaining=3 chunks=1 wall_ms=21.480 max_chunk_ms=21.480
1790404035449 [prime-yield] count=59 remaining=2 chunks=1 wall_ms=21.443 max_chunk_ms=21.443
1790404035470 [prime-yield] count=60 remaining=1 chunks=1 wall_ms=21.447 max_chunk_ms=21.447
1790404035496 [prefix-cache] insert refused: entry 3635206144 exceeds budget 0 (spec-boundary, model q38, ns "rxc-122880-256-4-1")
1790404035904 [spec-acc] ctx=122881 burst=24/27 cum=24/27=0.889
1790404036291 [spec-acc] ctx=122915 burst=26/27 cum=50/54=0.926
1790404036636 [spec-acc] ctx=122950 burst=24/24 cum=74/78=0.949
1790404037023 [spec-acc] ctx=122982 burst=26/27 cum=100/105=0.952
1790404037410 [spec-acc] ctx=123017 burst=25/27 cum=125/132=0.947
1790404037797 [spec-acc] ctx=123051 burst=23/27 cum=148/159=0.931
1790404038271 [spec-acc] ctx=123083 burst=23/33 cum=171/192=0.891
1790404038486 [spec-acc] ctx=123117 burst=15/15 cum=186/207=0.899
1790404038496 [meter] admit id=cmpl-12f3660c2ea9282a5eb6489e153d603e tenant=default lane=interactive model="q38"
1790404038513 [admission] per-session draft-state charge: model="q38" +46MB (measured capture high-water)
1790404038513 [admission] request cost: model="q38" ctx=124928 path=spec = 31552 B/token x ctx + 4402MB prefill-workspace + 540MB fixed = 8884MB
1790404038513 [admit-predict] id=cmpl-12f3660c2ea9282a5eb6489e153d603e tenant="rxc-122880-256-4-2" model="q38" verdict=admit reason=global-p95 prompt=123200 predicted_completion=256 kv_hat=8883914600 booked_bytes=0 booked_real=0 inflight=0 cap=64 budget_bytes=81762758352 retry_after_s=- exempt=0 enforce=0 live_free_bytes=-
1790404038513 [admit-oom] reclaim-on-defer: evicted 0 prefix entries + 0 plain + 1 spec + 0 dspark parked sessions (global LRU); effective free 9052MB -> 13693MB
1790404038514 [spec-k] model="q38" tenant="rxc-122880-256-4-2" K=3 source=cold-long prompt=123200 cached=0 lcp=0 active=1 wave=1 placement=single-or-non-pp2
1790404039571 [prime-yield] count=1 remaining=61 chunks=1 wall_ms=1056.322 max_chunk_ms=1056.322
1790404040667 [prime-yield] count=2 remaining=60 chunks=1 wall_ms=1096.504 max_chunk_ms=1096.504
1790404041800 [prime-yield] count=3 remaining=59 chunks=1 wall_ms=1132.370 max_chunk_ms=1132.370
1790404042968 [prime-yield] count=4 remaining=58 chunks=1 wall_ms=1168.559 max_chunk_ms=1168.559
1790404044173 [prime-yield] count=5 remaining=57 chunks=1 wall_ms=1204.480 max_chunk_ms=1204.480
1790404045414 [prime-yield] count=6 remaining=56 chunks=1 wall_ms=1240.862 max_chunk_ms=1240.862
1790404046691 [prime-yield] count=7 remaining=55 chunks=1 wall_ms=1276.712 max_chunk_ms=1276.712
1790404048005 [prime-yield] count=8 remaining=54 chunks=1 wall_ms=1313.888 max_chunk_ms=1313.888
1790404049354 [prime-yield] count=9 remaining=53 chunks=1 wall_ms=1349.234 max_chunk_ms=1349.234
1790404050740 [prime-yield] count=10 remaining=52 chunks=1 wall_ms=1385.258 max_chunk_ms=1385.258
1790404052161 [prime-yield] count=11 remaining=51 chunks=1 wall_ms=1421.451 max_chunk_ms=1421.451
1790404053619 [prime-yield] count=12 remaining=50 chunks=1 wall_ms=1457.573 max_chunk_ms=1457.573
1790404055112 [prime-yield] count=13 remaining=49 chunks=1 wall_ms=1493.284 max_chunk_ms=1493.284
1790404056642 [prime-yield] count=14 remaining=48 chunks=1 wall_ms=1529.732 max_chunk_ms=1529.732
1790404058208 [prime-yield] count=15 remaining=47 chunks=1 wall_ms=1565.927 max_chunk_ms=1565.927
1790404059812 [prime-yield] count=16 remaining=46 chunks=1 wall_ms=1603.748 max_chunk_ms=1603.748
1790404061451 [prime-yield] count=17 remaining=45 chunks=1 wall_ms=1638.526 max_chunk_ms=1638.526
1790404063125 [prime-yield] count=18 remaining=44 chunks=1 wall_ms=1674.457 max_chunk_ms=1674.457
1790404064837 [prime-yield] count=19 remaining=43 chunks=1 wall_ms=1711.149 max_chunk_ms=1711.149
1790404066584 [prime-yield] count=20 remaining=42 chunks=1 wall_ms=1747.611 max_chunk_ms=1747.611
1790404068369 [prime-yield] count=21 remaining=41 chunks=1 wall_ms=1784.012 max_chunk_ms=1784.012
1790404070190 [prime-yield] count=22 remaining=40 chunks=1 wall_ms=1821.009 max_chunk_ms=1821.009
1790404072047 [prime-yield] count=23 remaining=39 chunks=1 wall_ms=1856.704 max_chunk_ms=1856.704
1790404073940 [prime-yield] count=24 remaining=38 chunks=1 wall_ms=1892.865 max_chunk_ms=1892.865
1790404075869 [prime-yield] count=25 remaining=37 chunks=1 wall_ms=1929.466 max_chunk_ms=1929.466
1790404077834 [prime-yield] count=26 remaining=36 chunks=1 wall_ms=1964.784 max_chunk_ms=1964.784
1790404079672 [prime-yield] count=27 remaining=35 chunks=1 wall_ms=1838.049 max_chunk_ms=1838.049
1790404081708 [prime-yield] count=28 remaining=34 chunks=1 wall_ms=2036.017 max_chunk_ms=2036.017
1790404083780 [prime-yield] count=29 remaining=33 chunks=1 wall_ms=2071.422 max_chunk_ms=2071.422
1790404085888 [prime-yield] count=30 remaining=32 chunks=1 wall_ms=2108.100 max_chunk_ms=2108.100
1790404086359 [spec] pre-capture pool trim: released 1728MB cached back to the driver (driver free 2316MB < required 3160MB; instantiate allocates from the driver)
1790404086361 [prime-yield] count=31 remaining=31 chunks=1 wall_ms=472.244 max_chunk_ms=472.244
1790404086384 [prime-yield] count=32 remaining=30 chunks=1 wall_ms=23.021 max_chunk_ms=23.021
1790404086405 [prime-yield] count=33 remaining=29 chunks=1 wall_ms=21.449 max_chunk_ms=21.449
1790404086427 [prime-yield] count=34 remaining=28 chunks=1 wall_ms=21.433 max_chunk_ms=21.433
1790404086448 [prime-yield] count=35 remaining=27 chunks=1 wall_ms=21.400 max_chunk_ms=21.400
1790404086470 [prime-yield] count=36 remaining=26 chunks=1 wall_ms=21.443 max_chunk_ms=21.443
1790404086492 [prime-yield] count=37 remaining=25 chunks=1 wall_ms=21.441 max_chunk_ms=21.441
1790404086513 [prime-yield] count=38 remaining=24 chunks=1 wall_ms=21.429 max_chunk_ms=21.429
1790404086535 [prime-yield] count=39 remaining=23 chunks=1 wall_ms=21.433 max_chunk_ms=21.433
1790404086556 [prime-yield] count=40 remaining=22 chunks=1 wall_ms=21.440 max_chunk_ms=21.440
1790404086578 [prime-yield] count=41 remaining=21 chunks=1 wall_ms=21.412 max_chunk_ms=21.412
1790404086599 [prime-yield] count=42 remaining=20 chunks=1 wall_ms=21.444 max_chunk_ms=21.444
1790404086621 [prime-yield] count=43 remaining=19 chunks=1 wall_ms=21.426 max_chunk_ms=21.426
1790404086642 [prime-yield] count=44 remaining=18 chunks=1 wall_ms=21.421 max_chunk_ms=21.421
1790404086664 [prime-yield] count=45 remaining=17 chunks=1 wall_ms=21.403 max_chunk_ms=21.403
1790404086685 [prime-yield] count=46 remaining=16 chunks=1 wall_ms=21.423 max_chunk_ms=21.423
1790404086707 [prime-yield] count=47 remaining=15 chunks=1 wall_ms=21.421 max_chunk_ms=21.421
1790404086728 [prime-yield] count=48 remaining=14 chunks=1 wall_ms=21.432 max_chunk_ms=21.432
1790404086750 [prime-yield] count=49 remaining=13 chunks=1 wall_ms=21.413 max_chunk_ms=21.413
1790404086771 [prime-yield] count=50 remaining=12 chunks=1 wall_ms=21.446 max_chunk_ms=21.446
1790404086793 [prime-yield] count=51 remaining=11 chunks=1 wall_ms=21.420 max_chunk_ms=21.420
1790404086814 [prime-yield] count=52 remaining=10 chunks=1 wall_ms=21.423 max_chunk_ms=21.423
1790404086836 [prime-yield] count=53 remaining=9 chunks=1 wall_ms=21.433 max_chunk_ms=21.433
1790404086857 [prime-yield] count=54 remaining=8 chunks=1 wall_ms=21.417 max_chunk_ms=21.417
1790404086879 [prime-yield] count=55 remaining=7 chunks=1 wall_ms=21.415 max_chunk_ms=21.415
1790404086900 [prime-yield] count=56 remaining=6 chunks=1 wall_ms=21.433 max_chunk_ms=21.433
1790404086922 [prime-yield] count=57 remaining=5 chunks=1 wall_ms=21.416 max_chunk_ms=21.416
1790404086944 [prime-yield] count=58 remaining=4 chunks=1 wall_ms=21.441 max_chunk_ms=21.441
1790404086965 [prime-yield] count=59 remaining=3 chunks=1 wall_ms=21.433 max_chunk_ms=21.433
1790404086987 [prime-yield] count=60 remaining=2 chunks=1 wall_ms=21.407 max_chunk_ms=21.407
1790404087008 [prime-yield] count=61 remaining=1 chunks=1 wall_ms=21.390 max_chunk_ms=21.390
1790404087014 [prefix-cache] insert refused: entry 3635206144 exceeds budget 0 (spec-boundary, model q38, ns "rxc-122880-256-4-2")
1790404087378 [spec-acc] ctx=123201 burst=24/24 cum=24/24=1.000
1790404087722 [spec-acc] ctx=123234 burst=24/24 cum=48/48=1.000
1790404088110 [spec-acc] ctx=123266 burst=25/27 cum=73/75=0.973
1790404088454 [spec-acc] ctx=123300 burst=24/24 cum=97/99=0.980
1790404088842 [spec-acc] ctx=123332 burst=24/27 cum=121/126=0.960
1790404089186 [spec-acc] ctx=123365 burst=24/24 cum=145/150=0.967
1790404089574 [spec-acc] ctx=123397 burst=26/27 cum=171/177=0.966
1790404089876 [spec-acc] ctx=123432 burst=18/21 cum=189/198=0.955
1790404089886 [meter] admit id=cmpl-4e921f5a7524c40508e934430191cf18 tenant=default lane=interactive model="q38"
1790404089903 [admission] per-session draft-state charge: model="q38" +46MB (measured capture high-water)
1790404089903 [admission] request cost: model="q38" ctx=124928 path=spec = 31552 B/token x ctx + 4409MB prefill-workspace + 540MB fixed = 8890MB
1790404089903 [admit-predict] id=cmpl-4e921f5a7524c40508e934430191cf18 tenant="rxc-122880-256-4-3" model="q38" verdict=admit reason=global-p95 prompt=123520 predicted_completion=256 kv_hat=8900564840 booked_bytes=0 booked_real=0 inflight=0 cap=64 budget_bytes=81762758352 retry_after_s=- exempt=0 enforce=0 live_free_bytes=-
1790404089903 [admit-oom] reclaim-on-defer: evicted 0 prefix entries + 0 plain + 1 spec + 0 dspark parked sessions (global LRU); effective free 9052MB -> 13693MB
1790404089904 [spec-k] model="q38" tenant="rxc-122880-256-4-3" K=3 source=cold-long prompt=123520 cached=0 lcp=0 active=1 wave=1 placement=single-or-non-pp2
1790404090960 [prime-yield] count=1 remaining=61 chunks=1 wall_ms=1056.406 max_chunk_ms=1056.406
1790404092057 [prime-yield] count=2 remaining=60 chunks=1 wall_ms=1096.587 max_chunk_ms=1096.587
1790404093190 [prime-yield] count=3 remaining=59 chunks=1 wall_ms=1132.682 max_chunk_ms=1132.682
1790404094358 [prime-yield] count=4 remaining=58 chunks=1 wall_ms=1168.368 max_chunk_ms=1168.368
1790404095563 [prime-yield] count=5 remaining=57 chunks=1 wall_ms=1204.916 max_chunk_ms=1204.916
1790404096804 [prime-yield] count=6 remaining=56 chunks=1 wall_ms=1240.585 max_chunk_ms=1240.585
1790404098081 [prime-yield] count=7 remaining=55 chunks=1 wall_ms=1277.047 max_chunk_ms=1277.047
1790404099394 [prime-yield] count=8 remaining=54 chunks=1 wall_ms=1312.883 max_chunk_ms=1312.883
1790404100743 [prime-yield] count=9 remaining=53 chunks=1 wall_ms=1348.721 max_chunk_ms=1348.721
1790404102127 [prime-yield] count=10 remaining=52 chunks=1 wall_ms=1384.097 max_chunk_ms=1384.097
1790404103548 [prime-yield] count=11 remaining=51 chunks=1 wall_ms=1420.054 max_chunk_ms=1420.054
1790404105004 [prime-yield] count=12 remaining=50 chunks=1 wall_ms=1455.869 max_chunk_ms=1455.869
1790404106496 [prime-yield] count=13 remaining=49 chunks=1 wall_ms=1492.189 max_chunk_ms=1492.189
1790404108024 [prime-yield] count=14 remaining=48 chunks=1 wall_ms=1528.075 max_chunk_ms=1528.075
1790404109589 [prime-yield] count=15 remaining=47 chunks=1 wall_ms=1564.712 max_chunk_ms=1564.712
1790404111190 [prime-yield] count=16 remaining=46 chunks=1 wall_ms=1601.222 max_chunk_ms=1601.222
1790404112828 [prime-yield] count=17 remaining=45 chunks=1 wall_ms=1637.381 max_chunk_ms=1637.381
1790404114502 [prime-yield] count=18 remaining=44 chunks=1 wall_ms=1673.723 max_chunk_ms=1673.723
1790404116212 [prime-yield] count=19 remaining=43 chunks=1 wall_ms=1710.077 max_chunk_ms=1710.077
1790404117958 [prime-yield] count=20 remaining=42 chunks=1 wall_ms=1746.175 max_chunk_ms=1746.175
1790404119741 [prime-yield] count=21 remaining=41 chunks=1 wall_ms=1782.537 max_chunk_ms=1782.537
1790404121561 [prime-yield] count=22 remaining=40 chunks=1 wall_ms=1819.525 max_chunk_ms=1819.525
1790404123416 [prime-yield] count=23 remaining=39 chunks=1 wall_ms=1855.469 max_chunk_ms=1855.469
1790404125308 [prime-yield] count=24 remaining=38 chunks=1 wall_ms=1891.660 max_chunk_ms=1891.660
1790404127236 [prime-yield] count=25 remaining=37 chunks=1 wall_ms=1927.920 max_chunk_ms=1927.920
1790404129201 [prime-yield] count=26 remaining=36 chunks=1 wall_ms=1964.641 max_chunk_ms=1964.641
1790404131037 [prime-yield] count=27 remaining=35 chunks=1 wall_ms=1836.430 max_chunk_ms=1836.430
1790404133072 [prime-yield] count=28 remaining=34 chunks=1 wall_ms=2034.855 max_chunk_ms=2034.855
1790404135143 [prime-yield] count=29 remaining=33 chunks=1 wall_ms=2070.149 max_chunk_ms=2070.149
1790404137249 [prime-yield] count=30 remaining=32 chunks=1 wall_ms=2105.723 max_chunk_ms=2105.723
1790404137883 [spec] pre-capture pool trim: released 1696MB cached back to the driver (driver free 2380MB < required 3160MB; instantiate allocates from the driver)
1790404137885 [prime-yield] count=31 remaining=31 chunks=1 wall_ms=636.563 max_chunk_ms=636.563
1790404137909 [prime-yield] count=32 remaining=30 chunks=1 wall_ms=23.066 max_chunk_ms=23.066
1790404137930 [prime-yield] count=33 remaining=29 chunks=1 wall_ms=21.441 max_chunk_ms=21.441
1790404137952 [prime-yield] count=34 remaining=28 chunks=1 wall_ms=21.372 max_chunk_ms=21.372
1790404137973 [prime-yield] count=35 remaining=27 chunks=1 wall_ms=21.354 max_chunk_ms=21.354
1790404137995 [prime-yield] count=36 remaining=26 chunks=1 wall_ms=21.376 max_chunk_ms=21.376
1790404138016 [prime-yield] count=37 remaining=25 chunks=1 wall_ms=21.388 max_chunk_ms=21.388
1790404138037 [prime-yield] count=38 remaining=24 chunks=1 wall_ms=21.094 max_chunk_ms=21.094
1790404138059 [prime-yield] count=39 remaining=23 chunks=1 wall_ms=21.408 max_chunk_ms=21.408
1790404138080 [prime-yield] count=40 remaining=22 chunks=1 wall_ms=21.375 max_chunk_ms=21.375
1790404138102 [prime-yield] count=41 remaining=21 chunks=1 wall_ms=21.380 max_chunk_ms=21.380
1790404138123 [prime-yield] count=42 remaining=20 chunks=1 wall_ms=21.399 max_chunk_ms=21.399
1790404138145 [prime-yield] count=43 remaining=19 chunks=1 wall_ms=21.411 max_chunk_ms=21.411
1790404138166 [prime-yield] count=44 remaining=18 chunks=1 wall_ms=21.390 max_chunk_ms=21.390
1790404138188 [prime-yield] count=45 remaining=17 chunks=1 wall_ms=21.366 max_chunk_ms=21.366
1790404138209 [prime-yield] count=46 remaining=16 chunks=1 wall_ms=21.377 max_chunk_ms=21.377
1790404138231 [prime-yield] count=47 remaining=15 chunks=1 wall_ms=21.372 max_chunk_ms=21.372
1790404138252 [prime-yield] count=48 remaining=14 chunks=1 wall_ms=21.400 max_chunk_ms=21.400
1790404138274 [prime-yield] count=49 remaining=13 chunks=1 wall_ms=21.402 max_chunk_ms=21.402
1790404138295 [prime-yield] count=50 remaining=12 chunks=1 wall_ms=21.383 max_chunk_ms=21.383
1790404138317 [prime-yield] count=51 remaining=11 chunks=1 wall_ms=21.388 max_chunk_ms=21.388
1790404138338 [prime-yield] count=52 remaining=10 chunks=1 wall_ms=21.369 max_chunk_ms=21.369
1790404138359 [prime-yield] count=53 remaining=9 chunks=1 wall_ms=21.324 max_chunk_ms=21.324
1790404138381 [prime-yield] count=54 remaining=8 chunks=1 wall_ms=21.355 max_chunk_ms=21.355
1790404138402 [prime-yield] count=55 remaining=7 chunks=1 wall_ms=21.346 max_chunk_ms=21.346
1790404138424 [prime-yield] count=56 remaining=6 chunks=1 wall_ms=21.368 max_chunk_ms=21.368
1790404138445 [prime-yield] count=57 remaining=5 chunks=1 wall_ms=21.365 max_chunk_ms=21.365
1790404138467 [prime-yield] count=58 remaining=4 chunks=1 wall_ms=21.354 max_chunk_ms=21.354
1790404138488 [prime-yield] count=59 remaining=3 chunks=1 wall_ms=21.407 max_chunk_ms=21.407
1790404138510 [prime-yield] count=60 remaining=2 chunks=1 wall_ms=21.370 max_chunk_ms=21.370
1790404138531 [prime-yield] count=61 remaining=1 chunks=1 wall_ms=21.364 max_chunk_ms=21.364
1790404138539 [prefix-cache] insert refused: entry 3635206144 exceeds budget 0 (spec-boundary, model q38, ns "rxc-122880-256-4-3")
1790404138903 [spec-acc] ctx=123521 burst=24/24 cum=24/24=1.000
1790404139247 [spec-acc] ctx=123554 burst=24/24 cum=48/48=1.000
1790404139592 [spec-acc] ctx=123586 burst=24/24 cum=72/72=1.000
1790404139980 [spec-acc] ctx=123618 burst=26/27 cum=98/99=0.990
1790404140324 [spec-acc] ctx=123653 burst=24/24 cum=122/123=0.992
1790404140669 [spec-acc] ctx=123685 burst=24/24 cum=146/147=0.993
1790404141014 [spec-acc] ctx=123717 burst=24/24 cum=170/171=0.994
1790404141359 [spec-acc] ctx=123749 burst=22/24 cum=192/195=0.985
1790404141388 [server] SIGTERM: draining (0 in flight, deadline 30s)
1790404141388 [server] drain complete in 0.0s; exiting
1790404141453 [server] GPU worker shutdown complete
