timestamp, index, utilization.gpu [%], memory.used [MiB], power.draw [W], clocks.current.sm [MHz], clocks.current.memory [MHz], temperature.gpu
2026/09/23 23:24:33.675, 0, 0 %, 0 MiB, 52.08 W, 180 MHz, 12481 MHz, 34
2026/09/23 23:24:33.683, 1, 0 %, 0 MiB, 51.55 W, 180 MHz, 12481 MHz, 33
2026/09/23 23:24:33.939, 0, 0 %, 3 MiB, 51.69 W, 180 MHz, 12481 MHz, 34
2026/09/23 23:24:33.961, 1, 0 %, 1 MiB, 51.79 W, 180 MHz, 12481 MHz, 33
2026/09/23 23:24:34.211, 0, 0 %, 595 MiB, 57.68 W, 1447 MHz, 12481 MHz, 34
2026/09/23 23:24:34.211, 1, 0 %, 3 MiB, 50.29 W, 180 MHz, 405 MHz, 33
2026/09/23 23:24:34.461, 0, 0 %, 595 MiB, 61.60 W, 2362 MHz, 12481 MHz, 34
2026/09/23 23:24:34.461, 1, 0 %, 3 MiB, 48.70 W, 180 MHz, 405 MHz, 33
2026/09/23 23:24:34.711, 0, 0 %, 595 MiB, 65.96 W, 2362 MHz, 12481 MHz, 35
2026/09/23 23:24:34.711, 1, 0 %, 3 MiB, 42.29 W, 180 MHz, 405 MHz, 33
2026/09/23 23:24:34.961, 0, 0 %, 627 MiB, 87.16 W, 2355 MHz, 12481 MHz, 35
2026/09/23 23:24:34.961, 1, 0 %, 3 MiB, 41.40 W, 180 MHz, 405 MHz, 33
2026/09/23 23:24:35.211, 0, 0 %, 1267 MiB, 90.45 W, 2355 MHz, 12481 MHz, 35
2026/09/23 23:24:35.211, 1, 0 %, 595 MiB, 43.09 W, 180 MHz, 12481 MHz, 34
2026/09/23 23:24:35.462, 0, 0 %, 1331 MiB, 90.47 W, 2355 MHz, 12481 MHz, 35
2026/09/23 23:24:35.462, 1, 5 %, 1235 MiB, 53.84 W, 990 MHz, 12481 MHz, 34
2026/09/23 23:24:35.712, 0, 0 %, 2355 MiB, 90.59 W, 2355 MHz, 12481 MHz, 35
2026/09/23 23:24:35.712, 1, 2 %, 1299 MiB, 69.31 W, 2325 MHz, 12481 MHz, 34
2026/09/23 23:24:35.962, 0, 9 %, 3347 MiB, 91.02 W, 2355 MHz, 12481 MHz, 35
2026/09/23 23:24:35.962, 1, 0 %, 1299 MiB, 79.67 W, 2325 MHz, 12481 MHz, 34
2026/09/23 23:24:36.212, 0, 10 %, 3347 MiB, 91.36 W, 2355 MHz, 12481 MHz, 35
2026/09/23 23:24:36.212, 1, 0 %, 1299 MiB, 90.11 W, 2325 MHz, 12481 MHz, 34
2026/09/23 23:24:36.462, 0, 3 %, 3347 MiB, 91.49 W, 2355 MHz, 12481 MHz, 35
2026/09/23 23:24:36.462, 1, 0 %, 1299 MiB, 89.76 W, 2325 MHz, 12481 MHz, 34
2026/09/23 23:24:36.712, 0, 5 %, 6803 MiB, 92.10 W, 2355 MHz, 12481 MHz, 35
2026/09/23 23:24:36.712, 1, 0 %, 3315 MiB, 90.74 W, 2325 MHz, 12481 MHz, 34
2026/09/23 23:24:36.962, 0, 9 %, 6803 MiB, 92.13 W, 2355 MHz, 12481 MHz, 35
2026/09/23 23:24:36.962, 1, 0 %, 3315 MiB, 90.63 W, 2325 MHz, 12481 MHz, 34
2026/09/23 23:24:37.212, 0, 4 %, 6803 MiB, 91.69 W, 2355 MHz, 12481 MHz, 35
2026/09/23 23:24:37.212, 1, 0 %, 3315 MiB, 90.46 W, 2325 MHz, 12481 MHz, 34
2026/09/23 23:24:37.462, 0, 1 %, 6803 MiB, 91.79 W, 2355 MHz, 12481 MHz, 35
2026/09/23 23:24:37.462, 1, 0 %, 3315 MiB, 90.36 W, 2325 MHz, 12481 MHz, 34
2026/09/23 23:24:37.712, 0, 11 %, 6803 MiB, 91.99 W, 2355 MHz, 12481 MHz, 35
2026/09/23 23:24:37.712, 1, 0 %, 3315 MiB, 89.74 W, 2325 MHz, 12481 MHz, 34
2026/09/23 23:24:37.963, 0, 6 %, 6803 MiB, 91.76 W, 2355 MHz, 12481 MHz, 35
2026/09/23 23:24:37.963, 1, 0 %, 3315 MiB, 89.74 W, 2325 MHz, 12481 MHz, 34
2026/09/23 23:24:38.213, 0, 0 %, 6803 MiB, 91.56 W, 2355 MHz, 12481 MHz, 35
2026/09/23 23:24:38.213, 1, 0 %, 3315 MiB, 89.74 W, 2325 MHz, 12481 MHz, 34
2026/09/23 23:24:38.463, 0, 0 %, 6803 MiB, 91.34 W, 2355 MHz, 12481 MHz, 35
2026/09/23 23:24:38.463, 1, 0 %, 3315 MiB, 89.74 W, 2325 MHz, 12481 MHz, 34
2026/09/23 23:24:38.713, 0, 0 %, 6803 MiB, 90.43 W, 2355 MHz, 12481 MHz, 35
2026/09/23 23:24:38.713, 1, 0 %, 3315 MiB, 88.87 W, 2325 MHz, 12481 MHz, 34
2026/09/23 23:24:38.963, 0, 0 %, 6803 MiB, 90.22 W, 2355 MHz, 12481 MHz, 35
2026/09/23 23:24:38.963, 1, 0 %, 3315 MiB, 88.87 W, 2325 MHz, 12481 MHz, 34
2026/09/23 23:24:39.213, 0, 0 %, 6835 MiB, 90.23 W, 2355 MHz, 12481 MHz, 35
2026/09/23 23:24:39.213, 1, 0 %, 3315 MiB, 89.23 W, 2325 MHz, 12481 MHz, 35
2026/09/23 23:24:39.463, 0, 0 %, 6835 MiB, 90.23 W, 2355 MHz, 12481 MHz, 35
2026/09/23 23:24:39.463, 1, 0 %, 3315 MiB, 89.28 W, 2325 MHz, 12481 MHz, 35
2026/09/23 23:24:39.713, 0, 0 %, 6867 MiB, 90.24 W, 2355 MHz, 12481 MHz, 35
2026/09/23 23:24:39.713, 1, 0 %, 3315 MiB, 89.69 W, 2325 MHz, 12481 MHz, 35
2026/09/23 23:24:39.963, 0, 0 %, 6867 MiB, 90.24 W, 2355 MHz, 12481 MHz, 35
2026/09/23 23:24:39.963, 1, 0 %, 3315 MiB, 89.66 W, 2325 MHz, 12481 MHz, 35
2026/09/23 23:24:40.213, 0, 0 %, 10355 MiB, 91.07 W, 2355 MHz, 12481 MHz, 35
2026/09/23 23:24:40.213, 1, 0 %, 3315 MiB, 89.50 W, 2325 MHz, 12481 MHz, 35
2026/09/23 23:24:40.463, 0, 15 %, 10355 MiB, 91.77 W, 2355 MHz, 12481 MHz, 35
2026/09/23 23:24:40.463, 1, 0 %, 3315 MiB, 89.42 W, 2325 MHz, 12481 MHz, 35
2026/09/23 23:24:40.714, 0, 11 %, 10355 MiB, 92.53 W, 2355 MHz, 12481 MHz, 35
2026/09/23 23:24:40.714, 1, 0 %, 3315 MiB, 89.27 W, 2325 MHz, 12481 MHz, 35
2026/09/23 23:24:40.964, 0, 0 %, 10355 MiB, 92.52 W, 2355 MHz, 12481 MHz, 35
2026/09/23 23:24:40.964, 1, 0 %, 3315 MiB, 89.20 W, 2325 MHz, 12481 MHz, 35
2026/09/23 23:24:41.214, 0, 0 %, 10387 MiB, 91.75 W, 2355 MHz, 12481 MHz, 35
2026/09/23 23:24:41.214, 1, 0 %, 3315 MiB, 89.14 W, 2325 MHz, 12481 MHz, 35
2026/09/23 23:24:41.464, 0, 0 %, 10387 MiB, 91.07 W, 2355 MHz, 12481 MHz, 35
2026/09/23 23:24:41.464, 1, 0 %, 3315 MiB, 89.10 W, 2325 MHz, 12481 MHz, 35
2026/09/23 23:24:41.714, 0, 0 %, 10387 MiB, 90.31 W, 2355 MHz, 12481 MHz, 35
2026/09/23 23:24:41.714, 1, 0 %, 3315 MiB, 89.21 W, 2325 MHz, 12481 MHz, 35
2026/09/23 23:24:41.964, 0, 0 %, 10419 MiB, 90.34 W, 2355 MHz, 12481 MHz, 35
2026/09/23 23:24:41.964, 1, 0 %, 3315 MiB, 89.37 W, 2325 MHz, 12481 MHz, 35
2026/09/23 23:24:42.214, 0, 0 %, 10419 MiB, 90.31 W, 2355 MHz, 12481 MHz, 35
2026/09/23 23:24:42.214, 1, 0 %, 3315 MiB, 89.54 W, 2325 MHz, 12481 MHz, 35
2026/09/23 23:24:42.464, 0, 0 %, 10451 MiB, 90.34 W, 2355 MHz, 12481 MHz, 35
2026/09/23 23:24:42.464, 1, 0 %, 3315 MiB, 89.66 W, 2325 MHz, 12481 MHz, 35
2026/09/23 23:24:42.714, 0, 0 %, 10451 MiB, 90.32 W, 2355 MHz, 12481 MHz, 35
2026/09/23 23:24:42.714, 1, 0 %, 3315 MiB, 89.72 W, 2325 MHz, 12481 MHz, 35
2026/09/23 23:24:42.964, 0, 0 %, 13939 MiB, 90.92 W, 2355 MHz, 12481 MHz, 35
2026/09/23 23:24:42.964, 1, 0 %, 3315 MiB, 89.69 W, 2325 MHz, 12481 MHz, 35
2026/09/23 23:24:43.214, 0, 6 %, 13939 MiB, 91.46 W, 2355 MHz, 12481 MHz, 35
2026/09/23 23:24:43.214, 1, 0 %, 3315 MiB, 89.59 W, 2325 MHz, 12481 MHz, 35
2026/09/23 23:24:43.464, 0, 3 %, 13939 MiB, 91.62 W, 2355 MHz, 12481 MHz, 35
2026/09/23 23:24:43.464, 1, 0 %, 3315 MiB, 89.51 W, 2325 MHz, 12481 MHz, 35
2026/09/23 23:24:43.715, 0, 1 %, 13939 MiB, 91.70 W, 2355 MHz, 12481 MHz, 35
2026/09/23 23:24:43.715, 1, 0 %, 3315 MiB, 89.38 W, 2325 MHz, 12481 MHz, 35
2026/09/23 23:24:43.965, 0, 1 %, 13939 MiB, 91.18 W, 2355 MHz, 12481 MHz, 35
2026/09/23 23:24:43.965, 1, 0 %, 3315 MiB, 89.33 W, 2325 MHz, 12481 MHz, 35
2026/09/23 23:24:44.215, 0, 3 %, 13939 MiB, 91.41 W, 2355 MHz, 12481 MHz, 35
2026/09/23 23:24:44.215, 1, 0 %, 3315 MiB, 89.33 W, 2325 MHz, 12481 MHz, 35
2026/09/23 23:24:44.465, 0, 10 %, 13971 MiB, 91.54 W, 2355 MHz, 12481 MHz, 35
2026/09/23 23:24:44.465, 1, 0 %, 3315 MiB, 89.33 W, 2325 MHz, 12481 MHz, 35
2026/09/23 23:24:44.715, 0, 0 %, 13971 MiB, 91.53 W, 2355 MHz, 12481 MHz, 35
2026/09/23 23:24:44.715, 1, 0 %, 3315 MiB, 88.75 W, 2325 MHz, 12481 MHz, 35
2026/09/23 23:24:44.965, 0, 0 %, 13971 MiB, 91.44 W, 2355 MHz, 12481 MHz, 35
2026/09/23 23:24:44.965, 1, 0 %, 3315 MiB, 88.81 W, 2325 MHz, 12481 MHz, 35
2026/09/23 23:24:45.215, 0, 0 %, 13971 MiB, 90.70 W, 2355 MHz, 12481 MHz, 35
2026/09/23 23:24:45.215, 1, 0 %, 3315 MiB, 88.99 W, 2325 MHz, 12481 MHz, 35
2026/09/23 23:24:45.465, 0, 0 %, 14035 MiB, 90.36 W, 2355 MHz, 12481 MHz, 35
2026/09/23 23:24:45.465, 1, 0 %, 3315 MiB, 89.08 W, 2325 MHz, 12481 MHz, 35
2026/09/23 23:24:45.715, 0, 0 %, 14035 MiB, 90.29 W, 2355 MHz, 12481 MHz, 35
2026/09/23 23:24:45.715, 1, 0 %, 3315 MiB, 89.58 W, 2325 MHz, 12481 MHz, 35
2026/09/23 23:24:45.965, 0, 0 %, 14067 MiB, 90.30 W, 2355 MHz, 12481 MHz, 35
2026/09/23 23:24:45.965, 1, 0 %, 3315 MiB, 89.68 W, 2325 MHz, 12481 MHz, 35
2026/09/23 23:24:46.215, 0, 0 %, 14067 MiB, 90.31 W, 2355 MHz, 12481 MHz, 35
2026/09/23 23:24:46.215, 1, 0 %, 3315 MiB, 89.67 W, 2325 MHz, 12481 MHz, 35
2026/09/23 23:24:46.466, 0, 0 %, 14099 MiB, 90.25 W, 2355 MHz, 12481 MHz, 35
2026/09/23 23:24:46.466, 1, 0 %, 3315 MiB, 89.64 W, 2325 MHz, 12481 MHz, 35
2026/09/23 23:24:46.716, 0, 0 %, 14099 MiB, 90.23 W, 2355 MHz, 12481 MHz, 35
2026/09/23 23:24:46.716, 1, 0 %, 3315 MiB, 89.56 W, 2325 MHz, 12481 MHz, 35
2026/09/23 23:24:46.966, 0, 0 %, 17555 MiB, 91.19 W, 2355 MHz, 12481 MHz, 35
2026/09/23 23:24:46.966, 1, 0 %, 3315 MiB, 89.49 W, 2325 MHz, 12481 MHz, 35
2026/09/23 23:24:47.216, 0, 0 %, 17555 MiB, 91.49 W, 2355 MHz, 12481 MHz, 35
2026/09/23 23:24:47.216, 1, 0 %, 3315 MiB, 89.38 W, 2325 MHz, 12481 MHz, 35
2026/09/23 23:24:47.466, 0, 9 %, 17555 MiB, 91.86 W, 2355 MHz, 12481 MHz, 35
2026/09/23 23:24:47.466, 1, 0 %, 3315 MiB, 89.30 W, 2325 MHz, 12481 MHz, 35
2026/09/23 23:24:47.716, 0, 1 %, 17555 MiB, 92.11 W, 2355 MHz, 12481 MHz, 35
2026/09/23 23:24:47.716, 1, 0 %, 3315 MiB, 89.26 W, 2325 MHz, 12481 MHz, 35
2026/09/23 23:24:47.966, 0, 1 %, 17555 MiB, 91.27 W, 2355 MHz, 12481 MHz, 35
2026/09/23 23:24:47.966, 1, 0 %, 3315 MiB, 89.25 W, 2325 MHz, 12481 MHz, 35
2026/09/23 23:24:48.216, 0, 0 %, 17555 MiB, 91.30 W, 2355 MHz, 12481 MHz, 35
2026/09/23 23:24:48.216, 1, 0 %, 3315 MiB, 89.25 W, 2325 MHz, 12481 MHz, 35
2026/09/23 23:24:48.466, 0, 7 %, 17555 MiB, 91.55 W, 2355 MHz, 12481 MHz, 35
2026/09/23 23:24:48.466, 1, 0 %, 3315 MiB, 89.25 W, 2325 MHz, 12481 MHz, 35
2026/09/23 23:24:48.716, 0, 0 %, 17587 MiB, 91.47 W, 2355 MHz, 12481 MHz, 35
2026/09/23 23:24:48.716, 1, 0 %, 3315 MiB, 89.04 W, 2325 MHz, 12481 MHz, 35
2026/09/23 23:24:48.966, 0, 0 %, 17587 MiB, 91.37 W, 2355 MHz, 12481 MHz, 35
2026/09/23 23:24:48.966, 1, 0 %, 3315 MiB, 89.18 W, 2325 MHz, 12481 MHz, 35
2026/09/23 23:24:49.217, 0, 0 %, 17619 MiB, 91.06 W, 2355 MHz, 12481 MHz, 35
2026/09/23 23:24:49.217, 1, 0 %, 3315 MiB, 89.31 W, 2325 MHz, 12481 MHz, 35
2026/09/23 23:24:49.467, 0, 1 %, 17619 MiB, 90.51 W, 2355 MHz, 12481 MHz, 35
2026/09/23 23:24:49.467, 1, 0 %, 3315 MiB, 89.35 W, 2325 MHz, 12481 MHz, 35
2026/09/23 23:24:49.717, 0, 0 %, 17619 MiB, 90.25 W, 2355 MHz, 12481 MHz, 35
2026/09/23 23:24:49.717, 1, 0 %, 3315 MiB, 89.67 W, 2325 MHz, 12481 MHz, 35
2026/09/23 23:24:49.967, 0, 1 %, 17651 MiB, 90.28 W, 2355 MHz, 12481 MHz, 35
2026/09/23 23:24:49.967, 1, 0 %, 3315 MiB, 89.58 W, 2325 MHz, 12481 MHz, 35
2026/09/23 23:24:50.217, 0, 0 %, 17651 MiB, 90.21 W, 2355 MHz, 12481 MHz, 35
2026/09/23 23:24:50.217, 1, 0 %, 3315 MiB, 89.44 W, 2325 MHz, 12481 MHz, 35
2026/09/23 23:24:50.467, 0, 0 %, 17683 MiB, 90.28 W, 2355 MHz, 12481 MHz, 35
2026/09/23 23:24:50.467, 1, 0 %, 3315 MiB, 89.36 W, 2325 MHz, 12481 MHz, 35
2026/09/23 23:24:50.717, 0, 0 %, 17715 MiB, 90.27 W, 2355 MHz, 12481 MHz, 35
2026/09/23 23:24:50.717, 1, 0 %, 3315 MiB, 89.28 W, 2325 MHz, 12481 MHz, 35
2026/09/23 23:24:50.967, 0, 4 %, 21171 MiB, 91.04 W, 2355 MHz, 12481 MHz, 35
2026/09/23 23:24:50.967, 1, 0 %, 3315 MiB, 89.24 W, 2325 MHz, 12481 MHz, 35
2026/09/23 23:24:51.217, 0, 6 %, 21171 MiB, 91.59 W, 2355 MHz, 12481 MHz, 35
2026/09/23 23:24:51.217, 1, 0 %, 3315 MiB, 89.22 W, 2325 MHz, 12481 MHz, 35
2026/09/23 23:24:51.467, 0, 4 %, 21171 MiB, 91.65 W, 2355 MHz, 12481 MHz, 35
2026/09/23 23:24:51.467, 1, 0 %, 3315 MiB, 89.25 W, 2325 MHz, 12481 MHz, 35
2026/09/23 23:24:51.717, 0, 1 %, 21171 MiB, 91.84 W, 2355 MHz, 12481 MHz, 35
2026/09/23 23:24:51.717, 1, 0 %, 3315 MiB, 89.37 W, 2325 MHz, 12481 MHz, 35
2026/09/23 23:24:51.967, 0, 11 %, 21171 MiB, 91.73 W, 2355 MHz, 12481 MHz, 35
2026/09/23 23:24:51.968, 1, 0 %, 3315 MiB, 89.44 W, 2325 MHz, 12481 MHz, 35
2026/09/23 23:24:52.218, 0, 7 %, 21203 MiB, 91.65 W, 2355 MHz, 12481 MHz, 35
2026/09/23 23:24:52.218, 1, 0 %, 3315 MiB, 89.17 W, 2325 MHz, 12481 MHz, 35
2026/09/23 23:24:52.468, 0, 2 %, 21235 MiB, 91.59 W, 2355 MHz, 12481 MHz, 35
2026/09/23 23:24:52.468, 1, 0 %, 3315 MiB, 89.23 W, 2325 MHz, 12481 MHz, 35
2026/09/23 23:24:52.718, 0, 0 %, 21235 MiB, 91.41 W, 2355 MHz, 12481 MHz, 35
2026/09/23 23:24:52.718, 1, 0 %, 3315 MiB, 89.23 W, 2325 MHz, 12481 MHz, 35
2026/09/23 23:24:52.968, 0, 0 %, 21267 MiB, 90.78 W, 2355 MHz, 12481 MHz, 35
2026/09/23 23:24:52.968, 1, 0 %, 3315 MiB, 89.25 W, 2325 MHz, 12481 MHz, 35
2026/09/23 23:24:53.218, 0, 1 %, 21267 MiB, 90.34 W, 2355 MHz, 12481 MHz, 35
2026/09/23 23:24:53.218, 1, 0 %, 3315 MiB, 89.58 W, 2325 MHz, 12481 MHz, 35
2026/09/23 23:24:53.468, 0, 0 %, 21267 MiB, 90.37 W, 2355 MHz, 12481 MHz, 35
2026/09/23 23:24:53.468, 1, 0 %, 3315 MiB, 89.50 W, 2325 MHz, 12481 MHz, 35
2026/09/23 23:24:53.718, 0, 1 %, 21299 MiB, 90.38 W, 2355 MHz, 12481 MHz, 35
2026/09/23 23:24:53.718, 1, 0 %, 3315 MiB, 89.39 W, 2325 MHz, 12481 MHz, 35
2026/09/23 23:24:53.968, 0, 0 %, 21299 MiB, 90.38 W, 2355 MHz, 12481 MHz, 35
2026/09/23 23:24:53.968, 1, 0 %, 3315 MiB, 89.31 W, 2325 MHz, 12481 MHz, 35
2026/09/23 23:24:54.218, 0, 0 %, 21331 MiB, 90.35 W, 2355 MHz, 12481 MHz, 35
2026/09/23 23:24:54.218, 1, 0 %, 3315 MiB, 89.23 W, 2325 MHz, 12481 MHz, 35
2026/09/23 23:24:54.468, 0, 1 %, 21331 MiB, 90.28 W, 2355 MHz, 12481 MHz, 35
2026/09/23 23:24:54.468, 1, 0 %, 3315 MiB, 89.19 W, 2325 MHz, 12481 MHz, 35
2026/09/23 23:24:54.719, 0, 4 %, 24819 MiB, 90.83 W, 2355 MHz, 12481 MHz, 35
2026/09/23 23:24:54.719, 1, 0 %, 3315 MiB, 89.28 W, 2325 MHz, 12481 MHz, 35
2026/09/23 23:24:54.969, 0, 7 %, 24819 MiB, 91.24 W, 2355 MHz, 12481 MHz, 35
2026/09/23 23:24:54.969, 1, 0 %, 3315 MiB, 89.38 W, 2325 MHz, 12481 MHz, 35
2026/09/23 23:24:55.219, 0, 4 %, 24819 MiB, 91.47 W, 2355 MHz, 12481 MHz, 35
2026/09/23 23:24:55.219, 1, 0 %, 3315 MiB, 89.60 W, 2325 MHz, 12481 MHz, 35
2026/09/23 23:24:55.469, 0, 1 %, 24819 MiB, 91.68 W, 2355 MHz, 12481 MHz, 35
2026/09/23 23:24:55.469, 1, 0 %, 3315 MiB, 89.74 W, 2325 MHz, 12481 MHz, 35
2026/09/23 23:24:55.719, 0, 9 %, 24819 MiB, 92.00 W, 2355 MHz, 12481 MHz, 35
2026/09/23 23:24:55.719, 1, 0 %, 3315 MiB, 89.81 W, 2325 MHz, 12481 MHz, 35
2026/09/23 23:24:55.969, 0, 6 %, 24819 MiB, 91.81 W, 2355 MHz, 12481 MHz, 35
2026/09/23 23:24:55.969, 1, 0 %, 3315 MiB, 89.81 W, 2325 MHz, 12481 MHz, 35
2026/09/23 23:24:56.219, 0, 0 %, 24819 MiB, 91.62 W, 2355 MHz, 12481 MHz, 35
2026/09/23 23:24:56.219, 1, 0 %, 3315 MiB, 89.81 W, 2325 MHz, 12481 MHz, 35
2026/09/23 23:24:56.469, 0, 0 %, 24851 MiB, 91.48 W, 2355 MHz, 12481 MHz, 35
2026/09/23 23:24:56.469, 1, 0 %, 3315 MiB, 89.81 W, 2325 MHz, 12481 MHz, 35
2026/09/23 23:24:56.719, 0, 0 %, 24883 MiB, 90.60 W, 2355 MHz, 12481 MHz, 35
2026/09/23 23:24:56.719, 1, 0 %, 3315 MiB, 89.36 W, 2325 MHz, 12481 MHz, 35
2026/09/23 23:24:56.969, 0, 0 %, 24883 MiB, 90.34 W, 2355 MHz, 12481 MHz, 35
2026/09/23 23:24:56.969, 1, 0 %, 3315 MiB, 89.36 W, 2325 MHz, 12481 MHz, 35
2026/09/23 23:24:57.219, 0, 0 %, 24915 MiB, 90.28 W, 2355 MHz, 12481 MHz, 35
2026/09/23 23:24:57.219, 1, 0 %, 3315 MiB, 89.33 W, 2325 MHz, 12481 MHz, 35
2026/09/23 23:24:57.469, 0, 0 %, 24915 MiB, 90.30 W, 2355 MHz, 12481 MHz, 35
2026/09/23 23:24:57.470, 1, 0 %, 3315 MiB, 89.32 W, 2325 MHz, 12481 MHz, 35
2026/09/23 23:24:57.720, 0, 0 %, 24947 MiB, 90.31 W, 2355 MHz, 12481 MHz, 35
2026/09/23 23:24:57.720, 1, 0 %, 3315 MiB, 89.24 W, 2325 MHz, 12481 MHz, 35
2026/09/23 23:24:57.970, 0, 0 %, 24947 MiB, 90.29 W, 2355 MHz, 12481 MHz, 35
2026/09/23 23:24:57.970, 1, 0 %, 3315 MiB, 89.22 W, 2325 MHz, 12481 MHz, 35
2026/09/23 23:24:58.220, 0, 0 %, 28435 MiB, 91.18 W, 2355 MHz, 12481 MHz, 35
2026/09/23 23:24:58.220, 1, 0 %, 3315 MiB, 89.36 W, 2325 MHz, 12481 MHz, 35
2026/09/23 23:24:58.470, 0, 19 %, 28467 MiB, 92.30 W, 2355 MHz, 12481 MHz, 35
2026/09/23 23:24:58.470, 1, 0 %, 3315 MiB, 89.49 W, 2325 MHz, 12481 MHz, 35
2026/09/23 23:24:58.720, 0, 0 %, 28467 MiB, 92.32 W, 2355 MHz, 12481 MHz, 35
2026/09/23 23:24:58.720, 1, 0 %, 3315 MiB, 89.69 W, 2325 MHz, 12481 MHz, 35
2026/09/23 23:24:58.970, 0, 0 %, 28467 MiB, 92.36 W, 2355 MHz, 12481 MHz, 35
2026/09/23 23:24:58.970, 1, 0 %, 3315 MiB, 89.81 W, 2325 MHz, 12481 MHz, 35
2026/09/23 23:24:59.220, 0, 0 %, 28499 MiB, 91.58 W, 2355 MHz, 12481 MHz, 35
2026/09/23 23:24:59.220, 1, 0 %, 3315 MiB, 89.81 W, 2325 MHz, 12481 MHz, 35
2026/09/23 23:24:59.470, 0, 1 %, 28499 MiB, 90.50 W, 2355 MHz, 12481 MHz, 35
2026/09/23 23:24:59.470, 1, 0 %, 3315 MiB, 89.77 W, 2325 MHz, 12481 MHz, 35
2026/09/23 23:24:59.720, 0, 0 %, 28499 MiB, 90.33 W, 2355 MHz, 12481 MHz, 35
2026/09/23 23:24:59.720, 1, 0 %, 3315 MiB, 89.65 W, 2325 MHz, 12481 MHz, 35
2026/09/23 23:24:59.970, 0, 1 %, 28531 MiB, 90.34 W, 2355 MHz, 12481 MHz, 35
2026/09/23 23:24:59.970, 1, 0 %, 3315 MiB, 89.58 W, 2325 MHz, 12481 MHz, 35
2026/09/23 23:25:00.220, 0, 0 %, 28531 MiB, 90.30 W, 2355 MHz, 12481 MHz, 35
2026/09/23 23:25:00.220, 1, 0 %, 3315 MiB, 89.47 W, 2325 MHz, 12481 MHz, 35
2026/09/23 23:25:00.470, 0, 0 %, 28563 MiB, 90.35 W, 2355 MHz, 12481 MHz, 35
2026/09/23 23:25:00.471, 1, 0 %, 3315 MiB, 89.39 W, 2325 MHz, 12481 MHz, 35
2026/09/23 23:25:00.721, 0, 0 %, 28595 MiB, 90.34 W, 2355 MHz, 12481 MHz, 35
2026/09/23 23:25:00.721, 1, 0 %, 3315 MiB, 89.29 W, 2325 MHz, 12481 MHz, 35
2026/09/23 23:25:00.971, 0, 4 %, 32051 MiB, 91.14 W, 2355 MHz, 12481 MHz, 35
2026/09/23 23:25:00.971, 1, 0 %, 3315 MiB, 89.24 W, 2325 MHz, 12481 MHz, 35
2026/09/23 23:25:01.221, 0, 11 %, 32051 MiB, 92.07 W, 2355 MHz, 12481 MHz, 35
2026/09/23 23:25:01.221, 1, 0 %, 3315 MiB, 89.25 W, 2325 MHz, 12481 MHz, 35
2026/09/23 23:25:01.471, 0, 9 %, 32083 MiB, 92.71 W, 2355 MHz, 12481 MHz, 35
2026/09/23 23:25:01.471, 1, 0 %, 3315 MiB, 89.29 W, 2325 MHz, 12481 MHz, 35
2026/09/23 23:25:01.721, 0, 0 %, 32083 MiB, 92.75 W, 2355 MHz, 12481 MHz, 35
2026/09/23 23:25:01.721, 1, 0 %, 3315 MiB, 89.45 W, 2325 MHz, 12481 MHz, 35
2026/09/23 23:25:01.971, 0, 0 %, 32083 MiB, 91.94 W, 2355 MHz, 12481 MHz, 35
2026/09/23 23:25:01.971, 1, 0 %, 3315 MiB, 89.59 W, 2325 MHz, 12481 MHz, 35
2026/09/23 23:25:02.221, 0, 0 %, 32115 MiB, 91.07 W, 2355 MHz, 12481 MHz, 35
2026/09/23 23:25:02.221, 1, 0 %, 3315 MiB, 89.73 W, 2325 MHz, 12481 MHz, 35
2026/09/23 23:25:02.471, 0, 0 %, 32115 MiB, 90.40 W, 2355 MHz, 12481 MHz, 35
2026/09/23 23:25:02.471, 1, 0 %, 3315 MiB, 89.81 W, 2325 MHz, 12481 MHz, 35
2026/09/23 23:25:02.721, 0, 0 %, 32147 MiB, 90.39 W, 2355 MHz, 12481 MHz, 35
2026/09/23 23:25:02.721, 1, 0 %, 3315 MiB, 89.80 W, 2325 MHz, 12481 MHz, 35
2026/09/23 23:25:02.971, 0, 0 %, 32147 MiB, 90.39 W, 2355 MHz, 12481 MHz, 35
2026/09/23 23:25:02.972, 1, 0 %, 3315 MiB, 89.75 W, 2325 MHz, 12481 MHz, 35
2026/09/23 23:25:03.222, 0, 0 %, 32179 MiB, 90.34 W, 2355 MHz, 12481 MHz, 35
2026/09/23 23:25:03.222, 1, 0 %, 3315 MiB, 89.65 W, 2325 MHz, 12481 MHz, 35
2026/09/23 23:25:03.472, 0, 0 %, 32179 MiB, 90.40 W, 2355 MHz, 12481 MHz, 35
2026/09/23 23:25:03.472, 1, 0 %, 3315 MiB, 89.54 W, 2325 MHz, 12481 MHz, 35
2026/09/23 23:25:03.722, 0, 0 %, 35667 MiB, 91.12 W, 2355 MHz, 12481 MHz, 35
2026/09/23 23:25:03.722, 1, 0 %, 3315 MiB, 89.45 W, 2325 MHz, 12481 MHz, 35
2026/09/23 23:25:03.972, 0, 15 %, 35667 MiB, 91.82 W, 2355 MHz, 12481 MHz, 35
2026/09/23 23:25:03.972, 1, 0 %, 3315 MiB, 89.36 W, 2325 MHz, 12481 MHz, 35
2026/09/23 23:25:04.222, 0, 8 %, 35667 MiB, 92.46 W, 2355 MHz, 12481 MHz, 35
2026/09/23 23:25:04.222, 1, 0 %, 3315 MiB, 89.29 W, 2325 MHz, 12481 MHz, 35
2026/09/23 23:25:04.472, 0, 3 %, 35667 MiB, 92.74 W, 2355 MHz, 12481 MHz, 35
2026/09/23 23:25:04.472, 1, 0 %, 3315 MiB, 89.30 W, 2325 MHz, 12481 MHz, 35
2026/09/23 23:25:04.722, 0, 0 %, 35699 MiB, 92.35 W, 2355 MHz, 12481 MHz, 35
2026/09/23 23:25:04.722, 1, 0 %, 3315 MiB, 89.30 W, 2325 MHz, 12481 MHz, 35
2026/09/23 23:25:04.972, 0, 0 %, 35699 MiB, 91.64 W, 2355 MHz, 12481 MHz, 35
2026/09/23 23:25:04.972, 1, 0 %, 3315 MiB, 89.37 W, 2325 MHz, 12481 MHz, 35
2026/09/23 23:25:05.222, 0, 0 %, 35699 MiB, 91.00 W, 2355 MHz, 12481 MHz, 35
2026/09/23 23:25:05.222, 1, 0 %, 3315 MiB, 89.60 W, 2325 MHz, 12481 MHz, 35
2026/09/23 23:25:05.472, 0, 0 %, 35763 MiB, 90.64 W, 2355 MHz, 12481 MHz, 35
2026/09/23 23:25:05.472, 1, 0 %, 3315 MiB, 89.72 W, 2325 MHz, 12481 MHz, 35
2026/09/23 23:25:05.722, 0, 0 %, 35763 MiB, 90.36 W, 2355 MHz, 12481 MHz, 35
2026/09/23 23:25:05.722, 1, 0 %, 3315 MiB, 89.86 W, 2325 MHz, 12481 MHz, 35
2026/09/23 23:25:05.973, 0, 0 %, 35795 MiB, 90.30 W, 2355 MHz, 12481 MHz, 35
2026/09/23 23:25:05.973, 1, 0 %, 3315 MiB, 89.89 W, 2325 MHz, 12481 MHz, 35
2026/09/23 23:25:06.223, 0, 0 %, 35795 MiB, 90.37 W, 2355 MHz, 12481 MHz, 35
2026/09/23 23:25:06.223, 1, 0 %, 3315 MiB, 89.76 W, 2325 MHz, 12481 MHz, 35
2026/09/23 23:25:06.473, 0, 0 %, 35795 MiB, 90.32 W, 2355 MHz, 12481 MHz, 35
2026/09/23 23:25:06.473, 1, 0 %, 3315 MiB, 89.66 W, 2325 MHz, 12481 MHz, 35
2026/09/23 23:25:06.723, 0, 0 %, 35827 MiB, 90.33 W, 2355 MHz, 12481 MHz, 35
2026/09/23 23:25:06.723, 1, 0 %, 3315 MiB, 89.51 W, 2325 MHz, 12481 MHz, 35
2026/09/23 23:25:06.973, 0, 0 %, 39315 MiB, 90.37 W, 2355 MHz, 12481 MHz, 35
2026/09/23 23:25:06.973, 1, 0 %, 3315 MiB, 89.42 W, 2325 MHz, 12481 MHz, 35
2026/09/23 23:25:07.223, 0, 3 %, 39315 MiB, 91.54 W, 2355 MHz, 12481 MHz, 35
2026/09/23 23:25:07.223, 1, 0 %, 3315 MiB, 89.36 W, 2325 MHz, 12481 MHz, 35
2026/09/23 23:25:07.473, 0, 6 %, 39315 MiB, 91.87 W, 2355 MHz, 12481 MHz, 35
2026/09/23 23:25:07.473, 1, 0 %, 3315 MiB, 89.32 W, 2325 MHz, 12481 MHz, 35
2026/09/23 23:25:07.723, 0, 4 %, 39315 MiB, 92.25 W, 2355 MHz, 12481 MHz, 35
2026/09/23 23:25:07.723, 1, 0 %, 3315 MiB, 89.30 W, 2325 MHz, 12481 MHz, 35
2026/09/23 23:25:07.973, 0, 3 %, 39315 MiB, 92.49 W, 2355 MHz, 12481 MHz, 35
2026/09/23 23:25:07.973, 1, 0 %, 3315 MiB, 89.31 W, 2325 MHz, 12481 MHz, 35
2026/09/23 23:25:08.223, 0, 12 %, 39315 MiB, 92.10 W, 2355 MHz, 12481 MHz, 35
2026/09/23 23:25:08.223, 1, 0 %, 3315 MiB, 89.31 W, 2325 MHz, 12481 MHz, 35
2026/09/23 23:25:08.473, 0, 0 %, 39315 MiB, 91.83 W, 2355 MHz, 12481 MHz, 35
2026/09/23 23:25:08.473, 1, 0 %, 3315 MiB, 89.31 W, 2325 MHz, 12481 MHz, 35
2026/09/23 23:25:08.723, 0, 0 %, 39315 MiB, 91.49 W, 2355 MHz, 12481 MHz, 35
2026/09/23 23:25:08.724, 1, 0 %, 3315 MiB, 89.31 W, 2325 MHz, 12481 MHz, 35
2026/09/23 23:25:08.974, 0, 0 %, 39347 MiB, 91.25 W, 2355 MHz, 12481 MHz, 35
2026/09/23 23:25:08.974, 1, 0 %, 3315 MiB, 88.99 W, 2325 MHz, 12481 MHz, 35
2026/09/23 23:25:09.224, 0, 0 %, 39347 MiB, 90.43 W, 2355 MHz, 12481 MHz, 35
2026/09/23 23:25:09.224, 1, 0 %, 3315 MiB, 89.16 W, 2325 MHz, 12481 MHz, 35
2026/09/23 23:25:09.474, 0, 0 %, 39379 MiB, 90.39 W, 2355 MHz, 12481 MHz, 35
2026/09/23 23:25:09.474, 1, 0 %, 3315 MiB, 89.23 W, 2325 MHz, 12481 MHz, 35
2026/09/23 23:25:09.724, 0, 0 %, 39379 MiB, 90.42 W, 2355 MHz, 12481 MHz, 35
2026/09/23 23:25:09.724, 1, 0 %, 3315 MiB, 89.29 W, 2325 MHz, 12481 MHz, 35
2026/09/23 23:25:09.974, 0, 0 %, 39411 MiB, 90.40 W, 2355 MHz, 12481 MHz, 35
2026/09/23 23:25:09.974, 1, 0 %, 3315 MiB, 89.62 W, 2325 MHz, 12481 MHz, 35
2026/09/23 23:25:10.224, 0, 0 %, 39411 MiB, 90.39 W, 2355 MHz, 12481 MHz, 35
2026/09/23 23:25:10.224, 1, 0 %, 3315 MiB, 89.48 W, 2325 MHz, 12481 MHz, 35
2026/09/23 23:25:10.474, 0, 0 %, 42899 MiB, 90.43 W, 2355 MHz, 12481 MHz, 35
2026/09/23 23:25:10.474, 1, 0 %, 3315 MiB, 89.45 W, 2325 MHz, 12481 MHz, 35
2026/09/23 23:25:10.724, 0, 27 %, 42899 MiB, 92.21 W, 2355 MHz, 12481 MHz, 35
2026/09/23 23:25:10.724, 1, 0 %, 3315 MiB, 89.36 W, 2325 MHz, 12481 MHz, 35
2026/09/23 23:25:10.974, 0, 0 %, 42963 MiB, 92.37 W, 2355 MHz, 12481 MHz, 35
2026/09/23 23:25:10.974, 1, 0 %, 3315 MiB, 89.32 W, 2325 MHz, 12481 MHz, 35
2026/09/23 23:25:11.224, 0, 0 %, 42963 MiB, 92.41 W, 2355 MHz, 12481 MHz, 35
2026/09/23 23:25:11.225, 1, 0 %, 3315 MiB, 89.34 W, 2325 MHz, 12481 MHz, 35
2026/09/23 23:25:11.475, 0, 0 %, 42963 MiB, 92.40 W, 2355 MHz, 12481 MHz, 35
2026/09/23 23:25:11.475, 1, 0 %, 3315 MiB, 89.36 W, 2325 MHz, 12481 MHz, 35
2026/09/23 23:25:11.725, 0, 0 %, 42995 MiB, 90.57 W, 2355 MHz, 12481 MHz, 35
2026/09/23 23:25:11.725, 1, 0 %, 3315 MiB, 89.51 W, 2325 MHz, 12481 MHz, 35
2026/09/23 23:25:11.975, 0, 0 %, 42995 MiB, 90.42 W, 2355 MHz, 12481 MHz, 35
2026/09/23 23:25:11.975, 1, 0 %, 3315 MiB, 89.66 W, 2325 MHz, 12481 MHz, 35
2026/09/23 23:25:12.225, 0, 0 %, 43027 MiB, 90.47 W, 2355 MHz, 12481 MHz, 35
2026/09/23 23:25:12.225, 1, 0 %, 3315 MiB, 89.79 W, 2325 MHz, 12481 MHz, 35
2026/09/23 23:25:12.475, 0, 0 %, 43027 MiB, 90.43 W, 2355 MHz, 12481 MHz, 35
2026/09/23 23:25:12.475, 1, 0 %, 3315 MiB, 89.89 W, 2325 MHz, 12481 MHz, 35
2026/09/23 23:25:12.725, 0, 1 %, 43059 MiB, 90.49 W, 2355 MHz, 12481 MHz, 35
2026/09/23 23:25:12.725, 1, 0 %, 3315 MiB, 89.84 W, 2325 MHz, 12481 MHz, 35
2026/09/23 23:25:12.975, 0, 0 %, 43059 MiB, 90.46 W, 2355 MHz, 12481 MHz, 35
2026/09/23 23:25:12.975, 1, 0 %, 3315 MiB, 89.75 W, 2325 MHz, 12481 MHz, 35
2026/09/23 23:25:13.225, 0, 4 %, 46547 MiB, 91.36 W, 2355 MHz, 12481 MHz, 35
2026/09/23 23:25:13.225, 1, 0 %, 3315 MiB, 89.69 W, 2325 MHz, 12481 MHz, 35
2026/09/23 23:25:13.475, 0, 27 %, 46547 MiB, 92.40 W, 2355 MHz, 12481 MHz, 35
2026/09/23 23:25:13.475, 1, 0 %, 3315 MiB, 89.59 W, 2325 MHz, 12481 MHz, 35
2026/09/23 23:25:13.725, 0, 0 %, 46547 MiB, 92.36 W, 2355 MHz, 12481 MHz, 35
2026/09/23 23:25:13.725, 1, 0 %, 3315 MiB, 89.44 W, 2325 MHz, 12481 MHz, 35
2026/09/23 23:25:13.975, 0, 0 %, 46579 MiB, 92.32 W, 2355 MHz, 12481 MHz, 35
2026/09/23 23:25:13.975, 1, 0 %, 3315 MiB, 89.40 W, 2325 MHz, 12481 MHz, 35
2026/09/23 23:25:14.226, 0, 0 %, 46611 MiB, 91.42 W, 2355 MHz, 12481 MHz, 35
2026/09/23 23:25:14.226, 1, 0 %, 3315 MiB, 89.27 W, 2325 MHz, 12481 MHz, 35
2026/09/23 23:25:14.476, 0, 0 %, 46611 MiB, 90.38 W, 2355 MHz, 12481 MHz, 35
2026/09/23 23:25:14.476, 1, 0 %, 3315 MiB, 89.25 W, 2325 MHz, 12481 MHz, 35
2026/09/23 23:25:14.726, 0, 0 %, 46643 MiB, 90.42 W, 2355 MHz, 12481 MHz, 35
2026/09/23 23:25:14.726, 1, 0 %, 3315 MiB, 89.29 W, 2325 MHz, 12481 MHz, 35
2026/09/23 23:25:14.976, 0, 0 %, 46643 MiB, 90.42 W, 2355 MHz, 12481 MHz, 35
2026/09/23 23:25:14.976, 1, 0 %, 3315 MiB, 89.37 W, 2325 MHz, 12481 MHz, 35
2026/09/23 23:25:15.226, 0, 0 %, 46675 MiB, 90.41 W, 2355 MHz, 12481 MHz, 35
2026/09/23 23:25:15.226, 1, 0 %, 3315 MiB, 89.57 W, 2325 MHz, 12481 MHz, 35
2026/09/23 23:25:15.476, 0, 0 %, 46675 MiB, 90.44 W, 2355 MHz, 12481 MHz, 35
2026/09/23 23:25:15.476, 1, 0 %, 3315 MiB, 89.70 W, 2325 MHz, 12481 MHz, 35
2026/09/23 23:25:15.726, 0, 15 %, 50163 MiB, 91.72 W, 2355 MHz, 12481 MHz, 35
2026/09/23 23:25:15.726, 1, 0 %, 3315 MiB, 89.88 W, 2325 MHz, 12481 MHz, 35
2026/09/23 23:25:15.976, 0, 10 %, 50163 MiB, 92.48 W, 2355 MHz, 12481 MHz, 35
2026/09/23 23:25:15.976, 1, 0 %, 3315 MiB, 89.92 W, 2325 MHz, 12481 MHz, 35
2026/09/23 23:25:16.226, 0, 3 %, 50195 MiB, 92.98 W, 2355 MHz, 12481 MHz, 35
2026/09/23 23:25:16.226, 1, 0 %, 3315 MiB, 89.85 W, 2325 MHz, 12481 MHz, 35
2026/09/23 23:25:16.476, 0, 0 %, 50195 MiB, 93.03 W, 2355 MHz, 12481 MHz, 35
2026/09/23 23:25:16.476, 1, 0 %, 3315 MiB, 89.78 W, 2325 MHz, 12481 MHz, 35
2026/09/23 23:25:16.726, 0, 0 %, 50195 MiB, 91.79 W, 2355 MHz, 12481 MHz, 35
2026/09/23 23:25:16.726, 1, 0 %, 3315 MiB, 89.61 W, 2325 MHz, 12481 MHz, 35
2026/09/23 23:25:16.977, 0, 0 %, 50227 MiB, 90.97 W, 2355 MHz, 12481 MHz, 35
2026/09/23 23:25:16.977, 1, 0 %, 3315 MiB, 89.51 W, 2325 MHz, 12481 MHz, 35
2026/09/23 23:25:17.227, 0, 0 %, 50227 MiB, 90.47 W, 2355 MHz, 12481 MHz, 35
2026/09/23 23:25:17.227, 1, 0 %, 3315 MiB, 89.39 W, 2325 MHz, 12481 MHz, 35
2026/09/23 23:25:17.477, 0, 0 %, 50259 MiB, 90.46 W, 2355 MHz, 12481 MHz, 35
2026/09/23 23:25:17.477, 1, 0 %, 3315 MiB, 89.32 W, 2325 MHz, 12481 MHz, 35
2026/09/23 23:25:17.727, 0, 0 %, 50259 MiB, 90.47 W, 2355 MHz, 12481 MHz, 35
2026/09/23 23:25:17.727, 1, 0 %, 3315 MiB, 89.29 W, 2325 MHz, 12481 MHz, 35
2026/09/23 23:25:17.977, 0, 0 %, 50291 MiB, 90.43 W, 2355 MHz, 12481 MHz, 35
2026/09/23 23:25:17.977, 1, 0 %, 3315 MiB, 89.31 W, 2325 MHz, 12481 MHz, 35
2026/09/23 23:25:18.227, 0, 0 %, 50291 MiB, 90.44 W, 2355 MHz, 12481 MHz, 35
2026/09/23 23:25:18.227, 1, 0 %, 3315 MiB, 89.38 W, 2325 MHz, 12481 MHz, 35
2026/09/23 23:25:18.477, 0, 0 %, 53779 MiB, 91.04 W, 2355 MHz, 12481 MHz, 35
2026/09/23 23:25:18.477, 1, 0 %, 3315 MiB, 89.56 W, 2325 MHz, 12481 MHz, 35
2026/09/23 23:25:18.727, 0, 14 %, 53811 MiB, 92.77 W, 2355 MHz, 12481 MHz, 36
2026/09/23 23:25:18.727, 1, 0 %, 3315 MiB, 89.77 W, 2325 MHz, 12481 MHz, 35
2026/09/23 23:25:18.977, 0, 0 %, 53811 MiB, 92.77 W, 2355 MHz, 12481 MHz, 35
2026/09/23 23:25:18.977, 1, 0 %, 3315 MiB, 89.83 W, 2325 MHz, 12481 MHz, 35
2026/09/23 23:25:19.227, 0, 0 %, 53811 MiB, 92.76 W, 2355 MHz, 12481 MHz, 35
2026/09/23 23:25:19.227, 1, 0 %, 3315 MiB, 89.89 W, 2325 MHz, 12481 MHz, 35
2026/09/23 23:25:19.477, 0, 1 %, 53843 MiB, 92.17 W, 2355 MHz, 12481 MHz, 35
2026/09/23 23:25:19.477, 1, 0 %, 3315 MiB, 89.79 W, 2325 MHz, 12481 MHz, 35
2026/09/23 23:25:19.727, 0, 0 %, 53843 MiB, 90.42 W, 2355 MHz, 12481 MHz, 35
2026/09/23 23:25:19.728, 1, 0 %, 3315 MiB, 89.67 W, 2325 MHz, 12481 MHz, 35
2026/09/23 23:25:19.978, 0, 1 %, 53875 MiB, 90.44 W, 2355 MHz, 12481 MHz, 35
2026/09/23 23:25:19.978, 1, 0 %, 3315 MiB, 89.61 W, 2325 MHz, 12481 MHz, 35
2026/09/23 23:25:20.228, 0, 0 %, 53875 MiB, 90.44 W, 2355 MHz, 12481 MHz, 35
2026/09/23 23:25:20.228, 1, 0 %, 3315 MiB, 89.52 W, 2325 MHz, 12481 MHz, 35
2026/09/23 23:25:20.478, 0, 0 %, 53907 MiB, 90.43 W, 2355 MHz, 12481 MHz, 35
2026/09/23 23:25:20.478, 1, 0 %, 3315 MiB, 89.45 W, 2325 MHz, 12481 MHz, 35
2026/09/23 23:25:20.728, 0, 0 %, 53907 MiB, 90.48 W, 2355 MHz, 12481 MHz, 35
2026/09/23 23:25:20.728, 1, 0 %, 3315 MiB, 89.34 W, 2325 MHz, 12481 MHz, 35
2026/09/23 23:25:20.978, 0, 8 %, 57395 MiB, 91.10 W, 2355 MHz, 12481 MHz, 35
2026/09/23 23:25:20.978, 1, 0 %, 3315 MiB, 89.32 W, 2325 MHz, 12481 MHz, 35
2026/09/23 23:25:21.228, 0, 8 %, 57395 MiB, 92.02 W, 2355 MHz, 12481 MHz, 35
2026/09/23 23:25:21.228, 1, 0 %, 3315 MiB, 89.32 W, 2325 MHz, 12481 MHz, 35
2026/09/23 23:25:21.478, 0, 4 %, 57395 MiB, 92.31 W, 2355 MHz, 12481 MHz, 35
2026/09/23 23:25:21.478, 1, 0 %, 3315 MiB, 89.34 W, 2325 MHz, 12481 MHz, 35
2026/09/23 23:25:21.728, 0, 6 %, 57427 MiB, 92.98 W, 2355 MHz, 12481 MHz, 35
2026/09/23 23:25:21.728, 1, 0 %, 3315 MiB, 89.48 W, 2325 MHz, 12481 MHz, 35
2026/09/23 23:25:21.978, 0, 0 %, 57459 MiB, 92.52 W, 2355 MHz, 12481 MHz, 35
2026/09/23 23:25:21.978, 1, 0 %, 3315 MiB, 89.57 W, 2325 MHz, 12481 MHz, 35
2026/09/23 23:25:22.228, 0, 0 %, 57459 MiB, 91.48 W, 2355 MHz, 12481 MHz, 35
2026/09/23 23:25:22.228, 1, 0 %, 3315 MiB, 89.75 W, 2325 MHz, 12481 MHz, 35
2026/09/23 23:25:22.478, 0, 0 %, 57491 MiB, 91.14 W, 2355 MHz, 12481 MHz, 35
2026/09/23 23:25:22.478, 1, 0 %, 3315 MiB, 89.82 W, 2325 MHz, 12481 MHz, 35
2026/09/23 23:25:22.729, 0, 0 %, 57491 MiB, 90.53 W, 2355 MHz, 12481 MHz, 35
2026/09/23 23:25:22.729, 1, 0 %, 3315 MiB, 89.83 W, 2325 MHz, 12481 MHz, 35
2026/09/23 23:25:22.979, 0, 0 %, 57491 MiB, 90.46 W, 2355 MHz, 12481 MHz, 35
2026/09/23 23:25:22.979, 1, 0 %, 3315 MiB, 89.80 W, 2325 MHz, 12481 MHz, 35
2026/09/23 23:25:23.229, 0, 1 %, 57523 MiB, 90.43 W, 2355 MHz, 12481 MHz, 35
2026/09/23 23:25:23.229, 1, 0 %, 3315 MiB, 89.66 W, 2325 MHz, 12481 MHz, 35
2026/09/23 23:25:23.479, 0, 0 %, 57523 MiB, 90.45 W, 2355 MHz, 12481 MHz, 35
2026/09/23 23:25:23.479, 1, 0 %, 3315 MiB, 89.58 W, 2325 MHz, 12481 MHz, 35
2026/09/23 23:25:23.729, 0, 1 %, 57555 MiB, 90.40 W, 2355 MHz, 12481 MHz, 35
2026/09/23 23:25:23.729, 1, 0 %, 3315 MiB, 89.45 W, 2325 MHz, 12481 MHz, 35
2026/09/23 23:25:23.979, 0, 0 %, 57555 MiB, 90.40 W, 2355 MHz, 12481 MHz, 35
2026/09/23 23:25:23.979, 1, 0 %, 3315 MiB, 89.38 W, 2325 MHz, 12481 MHz, 35
2026/09/23 23:25:24.229, 0, 18 %, 61043 MiB, 91.78 W, 2355 MHz, 12481 MHz, 35
2026/09/23 23:25:24.229, 1, 0 %, 3315 MiB, 89.32 W, 2325 MHz, 12481 MHz, 35
2026/09/23 23:25:24.479, 0, 20 %, 61043 MiB, 92.51 W, 2355 MHz, 12481 MHz, 35
2026/09/23 23:25:24.479, 1, 0 %, 3315 MiB, 89.27 W, 2325 MHz, 12481 MHz, 35
2026/09/23 23:25:24.729, 0, 0 %, 61043 MiB, 92.52 W, 2355 MHz, 12481 MHz, 35
2026/09/23 23:25:24.729, 1, 0 %, 3315 MiB, 89.30 W, 2325 MHz, 12481 MHz, 35
2026/09/23 23:25:24.979, 0, 0 %, 61043 MiB, 92.57 W, 2355 MHz, 12481 MHz, 35
2026/09/23 23:25:24.979, 1, 0 %, 3315 MiB, 89.42 W, 2325 MHz, 12481 MHz, 35
2026/09/23 23:25:25.230, 0, 0 %, 61075 MiB, 91.29 W, 2355 MHz, 12481 MHz, 35
2026/09/23 23:25:25.230, 1, 0 %, 3315 MiB, 89.61 W, 2325 MHz, 12481 MHz, 35
2026/09/23 23:25:25.480, 0, 0 %, 61075 MiB, 90.44 W, 2355 MHz, 12481 MHz, 35
2026/09/23 23:25:25.480, 1, 0 %, 3315 MiB, 89.73 W, 2325 MHz, 12481 MHz, 35
2026/09/23 23:25:25.730, 0, 0 %, 61107 MiB, 90.49 W, 2355 MHz, 12481 MHz, 35
2026/09/23 23:25:25.730, 1, 0 %, 3315 MiB, 89.86 W, 2325 MHz, 12481 MHz, 35
2026/09/23 23:25:25.980, 0, 0 %, 61107 MiB, 90.49 W, 2355 MHz, 12481 MHz, 35
2026/09/23 23:25:25.980, 1, 0 %, 3315 MiB, 89.80 W, 2325 MHz, 12481 MHz, 35
2026/09/23 23:25:26.230, 0, 0 %, 61139 MiB, 90.53 W, 2355 MHz, 12481 MHz, 35
2026/09/23 23:25:26.230, 1, 0 %, 3315 MiB, 89.71 W, 2325 MHz, 12481 MHz, 35
2026/09/23 23:25:26.480, 0, 0 %, 61171 MiB, 90.52 W, 2355 MHz, 12481 MHz, 35
2026/09/23 23:25:26.480, 1, 0 %, 3315 MiB, 89.69 W, 2325 MHz, 12481 MHz, 35
2026/09/23 23:25:26.730, 0, 29 %, 64627 MiB, 91.57 W, 2355 MHz, 12481 MHz, 36
2026/09/23 23:25:26.730, 1, 0 %, 3315 MiB, 89.60 W, 2325 MHz, 12481 MHz, 35
2026/09/23 23:25:26.980, 0, 10 %, 64659 MiB, 92.50 W, 2355 MHz, 12481 MHz, 35
2026/09/23 23:25:26.980, 1, 0 %, 3315 MiB, 89.54 W, 2325 MHz, 12481 MHz, 35
2026/09/23 23:25:27.230, 0, 0 %, 64691 MiB, 92.44 W, 2355 MHz, 12481 MHz, 35
2026/09/23 23:25:27.230, 1, 0 %, 3315 MiB, 89.42 W, 2325 MHz, 12481 MHz, 35
2026/09/23 23:25:27.480, 0, 0 %, 64691 MiB, 92.45 W, 2355 MHz, 12481 MHz, 35
2026/09/23 23:25:27.480, 1, 0 %, 3315 MiB, 89.32 W, 2325 MHz, 12481 MHz, 35
2026/09/23 23:25:27.730, 0, 1 %, 64723 MiB, 91.41 W, 2355 MHz, 12481 MHz, 35
2026/09/23 23:25:27.730, 1, 0 %, 3315 MiB, 89.25 W, 2325 MHz, 12481 MHz, 35
2026/09/23 23:25:27.980, 0, 0 %, 64723 MiB, 90.50 W, 2355 MHz, 12481 MHz, 35
2026/09/23 23:25:27.980, 1, 0 %, 3315 MiB, 89.27 W, 2325 MHz, 12481 MHz, 35
2026/09/23 23:25:28.231, 0, 0 %, 64755 MiB, 90.43 W, 2355 MHz, 12481 MHz, 35
2026/09/23 23:25:28.231, 1, 0 %, 3315 MiB, 89.39 W, 2325 MHz, 12481 MHz, 35
2026/09/23 23:25:28.481, 0, 1 %, 64755 MiB, 90.46 W, 2355 MHz, 12481 MHz, 35
2026/09/23 23:25:28.481, 1, 0 %, 3315 MiB, 89.54 W, 2325 MHz, 12481 MHz, 35
2026/09/23 23:25:28.731, 0, 0 %, 64755 MiB, 90.46 W, 2355 MHz, 12481 MHz, 35
2026/09/23 23:25:28.731, 1, 0 %, 3315 MiB, 89.70 W, 2325 MHz, 12481 MHz, 35
2026/09/23 23:25:28.981, 0, 0 %, 64787 MiB, 90.47 W, 2355 MHz, 12481 MHz, 35
2026/09/23 23:25:28.981, 1, 0 %, 3315 MiB, 89.80 W, 2325 MHz, 12481 MHz, 35
2026/09/23 23:25:29.231, 0, 0 %, 68275 MiB, 90.54 W, 2355 MHz, 12481 MHz, 35
2026/09/23 23:25:29.231, 1, 0 %, 3315 MiB, 89.83 W, 2325 MHz, 12481 MHz, 35
2026/09/23 23:25:29.481, 0, 22 %, 68275 MiB, 91.85 W, 2355 MHz, 12481 MHz, 35
2026/09/23 23:25:29.481, 1, 0 %, 3315 MiB, 89.83 W, 2325 MHz, 12481 MHz, 35
2026/09/23 23:25:29.731, 0, 0 %, 68307 MiB, 92.42 W, 2355 MHz, 12481 MHz, 35
2026/09/23 23:25:29.731, 1, 0 %, 3315 MiB, 89.72 W, 2325 MHz, 12481 MHz, 35
2026/09/23 23:25:29.981, 0, 0 %, 68307 MiB, 92.39 W, 2355 MHz, 12481 MHz, 35
2026/09/23 23:25:29.981, 1, 0 %, 3315 MiB, 89.61 W, 2325 MHz, 12481 MHz, 35
2026/09/23 23:25:30.231, 0, 0 %, 68339 MiB, 92.33 W, 2355 MHz, 12481 MHz, 35
2026/09/23 23:25:30.231, 1, 0 %, 3315 MiB, 89.51 W, 2325 MHz, 12481 MHz, 35
2026/09/23 23:25:30.481, 0, 0 %, 68339 MiB, 91.07 W, 2355 MHz, 12481 MHz, 35
2026/09/23 23:25:30.481, 1, 0 %, 3315 MiB, 89.38 W, 2325 MHz, 12481 MHz, 35
2026/09/23 23:25:30.731, 0, 0 %, 68371 MiB, 90.42 W, 2355 MHz, 12481 MHz, 35
2026/09/23 23:25:30.731, 1, 0 %, 3315 MiB, 89.30 W, 2325 MHz, 12481 MHz, 35
2026/09/23 23:25:30.981, 0, 0 %, 68371 MiB, 90.40 W, 2355 MHz, 12481 MHz, 35
2026/09/23 23:25:30.982, 1, 0 %, 3315 MiB, 89.28 W, 2325 MHz, 12481 MHz, 35
2026/09/23 23:25:31.232, 0, 0 %, 68371 MiB, 90.43 W, 2355 MHz, 12481 MHz, 35
2026/09/23 23:25:31.232, 1, 0 %, 3315 MiB, 89.31 W, 2325 MHz, 12481 MHz, 35
2026/09/23 23:25:31.482, 0, 1 %, 68403 MiB, 90.49 W, 2355 MHz, 12481 MHz, 35
2026/09/23 23:25:31.482, 1, 0 %, 3315 MiB, 89.33 W, 2325 MHz, 12481 MHz, 35
2026/09/23 23:25:31.732, 0, 0 %, 71891 MiB, 90.43 W, 2355 MHz, 12481 MHz, 35
2026/09/23 23:25:31.732, 1, 0 %, 3315 MiB, 89.55 W, 2325 MHz, 12481 MHz, 35
2026/09/23 23:25:31.982, 0, 26 %, 71891 MiB, 92.11 W, 2355 MHz, 12481 MHz, 35
2026/09/23 23:25:31.982, 1, 0 %, 3315 MiB, 89.69 W, 2325 MHz, 12481 MHz, 35
2026/09/23 23:25:32.232, 0, 0 %, 71923 MiB, 92.75 W, 2355 MHz, 12481 MHz, 35
2026/09/23 23:25:32.232, 1, 0 %, 3315 MiB, 89.80 W, 2325 MHz, 12481 MHz, 35
2026/09/23 23:25:32.482, 0, 0 %, 71923 MiB, 92.67 W, 2355 MHz, 12481 MHz, 35
2026/09/23 23:25:32.482, 1, 0 %, 3315 MiB, 89.88 W, 2325 MHz, 12481 MHz, 35
2026/09/23 23:25:32.732, 0, 0 %, 71923 MiB, 92.68 W, 2355 MHz, 12481 MHz, 35
2026/09/23 23:25:32.732, 1, 0 %, 3315 MiB, 89.81 W, 2325 MHz, 12481 MHz, 35
2026/09/23 23:25:32.982, 0, 0 %, 71955 MiB, 91.25 W, 2355 MHz, 12481 MHz, 35
2026/09/23 23:25:32.982, 1, 0 %, 3315 MiB, 89.72 W, 2325 MHz, 12481 MHz, 35
2026/09/23 23:25:33.232, 0, 0 %, 71955 MiB, 90.43 W, 2355 MHz, 12481 MHz, 35
2026/09/23 23:25:33.232, 1, 0 %, 3315 MiB, 89.61 W, 2325 MHz, 12481 MHz, 35
2026/09/23 23:25:33.482, 0, 0 %, 71987 MiB, 90.48 W, 2355 MHz, 12481 MHz, 35
2026/09/23 23:25:33.482, 1, 0 %, 3315 MiB, 89.52 W, 2325 MHz, 12481 MHz, 35
2026/09/23 23:25:33.732, 0, 0 %, 71987 MiB, 90.53 W, 2355 MHz, 12481 MHz, 35
2026/09/23 23:25:33.733, 1, 0 %, 3315 MiB, 89.38 W, 2325 MHz, 12481 MHz, 35
2026/09/23 23:25:33.983, 0, 0 %, 72019 MiB, 90.51 W, 2355 MHz, 12481 MHz, 35
2026/09/23 23:25:33.983, 1, 0 %, 3315 MiB, 89.35 W, 2325 MHz, 12481 MHz, 35
2026/09/23 23:25:34.233, 0, 0 %, 72051 MiB, 90.56 W, 2355 MHz, 12481 MHz, 35
2026/09/23 23:25:34.233, 1, 0 %, 3315 MiB, 89.29 W, 2325 MHz, 12481 MHz, 35
2026/09/23 23:25:34.483, 0, 0 %, 75507 MiB, 91.37 W, 2355 MHz, 12481 MHz, 35
2026/09/23 23:25:34.483, 1, 0 %, 3315 MiB, 89.32 W, 2325 MHz, 12481 MHz, 35
2026/09/23 23:25:34.733, 0, 9 %, 75539 MiB, 92.70 W, 2355 MHz, 12481 MHz, 35
2026/09/23 23:25:34.733, 1, 0 %, 3315 MiB, 89.36 W, 2325 MHz, 12481 MHz, 35
2026/09/23 23:25:34.983, 0, 0 %, 75539 MiB, 92.72 W, 2355 MHz, 12481 MHz, 35
2026/09/23 23:25:34.983, 1, 0 %, 3315 MiB, 89.47 W, 2325 MHz, 12481 MHz, 35
2026/09/23 23:25:35.233, 0, 0 %, 75539 MiB, 92.65 W, 2355 MHz, 12481 MHz, 35
2026/09/23 23:25:35.233, 1, 0 %, 3315 MiB, 89.70 W, 2325 MHz, 12481 MHz, 35
2026/09/23 23:25:35.483, 0, 0 %, 75571 MiB, 91.96 W, 2355 MHz, 12481 MHz, 35
2026/09/23 23:25:35.483, 1, 0 %, 3315 MiB, 89.79 W, 2325 MHz, 12481 MHz, 35
2026/09/23 23:25:35.733, 0, 0 %, 75571 MiB, 90.48 W, 2355 MHz, 12481 MHz, 35
2026/09/23 23:25:35.733, 1, 0 %, 3315 MiB, 89.90 W, 2325 MHz, 12481 MHz, 35
2026/09/23 23:25:35.983, 0, 1 %, 75603 MiB, 90.47 W, 2355 MHz, 12481 MHz, 35
2026/09/23 23:25:35.983, 1, 0 %, 3315 MiB, 89.84 W, 2325 MHz, 12481 MHz, 35
2026/09/23 23:25:36.233, 0, 0 %, 75603 MiB, 90.45 W, 2355 MHz, 12481 MHz, 35
2026/09/23 23:25:36.233, 1, 0 %, 3315 MiB, 89.71 W, 2325 MHz, 12481 MHz, 35
2026/09/23 23:25:36.483, 0, 0 %, 75635 MiB, 90.44 W, 2355 MHz, 12481 MHz, 35
2026/09/23 23:25:36.483, 1, 0 %, 3315 MiB, 89.62 W, 2325 MHz, 12481 MHz, 35
2026/09/23 23:25:36.734, 0, 0 %, 75635 MiB, 90.40 W, 2355 MHz, 12481 MHz, 35
2026/09/23 23:25:36.734, 1, 0 %, 3315 MiB, 89.48 W, 2325 MHz, 12481 MHz, 35
2026/09/23 23:25:36.984, 0, 7 %, 79123 MiB, 90.95 W, 2355 MHz, 12481 MHz, 35
2026/09/23 23:25:36.984, 1, 0 %, 3315 MiB, 89.44 W, 2325 MHz, 12481 MHz, 35
2026/09/23 23:25:37.234, 0, 28 %, 79155 MiB, 92.68 W, 2355 MHz, 12481 MHz, 35
2026/09/23 23:25:37.234, 1, 0 %, 3315 MiB, 89.36 W, 2325 MHz, 12481 MHz, 35
2026/09/23 23:25:37.484, 0, 0 %, 79187 MiB, 92.72 W, 2355 MHz, 12481 MHz, 35
2026/09/23 23:25:37.484, 1, 0 %, 3315 MiB, 89.33 W, 2325 MHz, 12481 MHz, 35
2026/09/23 23:25:37.734, 0, 0 %, 79187 MiB, 92.71 W, 2355 MHz, 12481 MHz, 35
2026/09/23 23:25:37.734, 1, 0 %, 3315 MiB, 89.29 W, 2325 MHz, 12481 MHz, 35
2026/09/23 23:25:37.984, 0, 1 %, 79219 MiB, 92.22 W, 2355 MHz, 12481 MHz, 35
2026/09/23 23:25:37.984, 1, 0 %, 3315 MiB, 89.30 W, 2325 MHz, 12481 MHz, 35
2026/09/23 23:25:38.234, 0, 0 %, 79219 MiB, 90.46 W, 2355 MHz, 12481 MHz, 35
2026/09/23 23:25:38.234, 1, 0 %, 3315 MiB, 89.35 W, 2325 MHz, 12481 MHz, 35
2026/09/23 23:25:38.484, 0, 0 %, 79219 MiB, 90.42 W, 2355 MHz, 12481 MHz, 35
2026/09/23 23:25:38.484, 1, 0 %, 3315 MiB, 89.49 W, 2325 MHz, 12481 MHz, 35
2026/09/23 23:25:38.734, 0, 0 %, 79251 MiB, 90.50 W, 2355 MHz, 12481 MHz, 35
2026/09/23 23:25:38.734, 1, 0 %, 3315 MiB, 89.69 W, 2325 MHz, 12481 MHz, 35
2026/09/23 23:25:38.984, 0, 0 %, 79251 MiB, 90.43 W, 2355 MHz, 12481 MHz, 35
2026/09/23 23:25:38.984, 1, 0 %, 3315 MiB, 89.80 W, 2325 MHz, 12481 MHz, 35
2026/09/23 23:25:39.234, 0, 1 %, 79283 MiB, 90.46 W, 2355 MHz, 12481 MHz, 35
2026/09/23 23:25:39.234, 1, 0 %, 3315 MiB, 89.85 W, 2325 MHz, 12481 MHz, 35
2026/09/23 23:25:39.485, 0, 0 %, 79315 MiB, 90.46 W, 2355 MHz, 12481 MHz, 35
2026/09/23 23:25:39.485, 1, 0 %, 3315 MiB, 89.78 W, 2325 MHz, 12481 MHz, 35
2026/09/23 23:25:39.735, 0, 27 %, 82771 MiB, 92.49 W, 2355 MHz, 12481 MHz, 36
2026/09/23 23:25:39.735, 1, 0 %, 3315 MiB, 89.70 W, 2325 MHz, 12481 MHz, 35
2026/09/23 23:25:39.985, 0, 1 %, 82771 MiB, 92.66 W, 2355 MHz, 12481 MHz, 35
2026/09/23 23:25:39.985, 1, 0 %, 3315 MiB, 89.61 W, 2325 MHz, 12481 MHz, 35
2026/09/23 23:25:40.235, 0, 1 %, 82771 MiB, 92.86 W, 2355 MHz, 12481 MHz, 35
2026/09/23 23:25:40.235, 1, 0 %, 3315 MiB, 89.50 W, 2325 MHz, 12481 MHz, 35
2026/09/23 23:25:40.485, 0, 1 %, 82771 MiB, 92.90 W, 2355 MHz, 12481 MHz, 35
2026/09/23 23:25:40.485, 1, 0 %, 3315 MiB, 89.44 W, 2325 MHz, 12481 MHz, 35
2026/09/23 23:25:40.735, 0, 1 %, 82771 MiB, 91.13 W, 2355 MHz, 12481 MHz, 35
2026/09/23 23:25:40.735, 1, 0 %, 3315 MiB, 89.40 W, 2325 MHz, 12481 MHz, 35
2026/09/23 23:25:40.985, 0, 0 %, 82771 MiB, 90.89 W, 2355 MHz, 12481 MHz, 35
2026/09/23 23:25:40.985, 1, 0 %, 3315 MiB, 89.40 W, 2325 MHz, 12481 MHz, 35
2026/09/23 23:25:41.235, 0, 0 %, 82771 MiB, 90.69 W, 2355 MHz, 12481 MHz, 35
2026/09/23 23:25:41.235, 1, 0 %, 3315 MiB, 89.40 W, 2325 MHz, 12481 MHz, 35
2026/09/23 23:25:41.485, 0, 0 %, 82771 MiB, 90.62 W, 2355 MHz, 12481 MHz, 35
2026/09/23 23:25:41.485, 1, 0 %, 3315 MiB, 89.40 W, 2325 MHz, 12481 MHz, 35
2026/09/23 23:25:41.735, 0, 0 %, 82803 MiB, 90.47 W, 2355 MHz, 12481 MHz, 35
2026/09/23 23:25:41.735, 1, 0 %, 3315 MiB, 90.19 W, 2325 MHz, 12481 MHz, 35
2026/09/23 23:25:41.986, 0, 0 %, 82803 MiB, 90.39 W, 2355 MHz, 12481 MHz, 35
2026/09/23 23:25:41.986, 1, 0 %, 3315 MiB, 90.16 W, 2325 MHz, 12481 MHz, 35
2026/09/23 23:25:42.236, 0, 0 %, 82835 MiB, 90.44 W, 2355 MHz, 12481 MHz, 35
2026/09/23 23:25:42.236, 1, 0 %, 3315 MiB, 90.09 W, 2325 MHz, 12481 MHz, 35
2026/09/23 23:25:42.486, 0, 0 %, 82835 MiB, 90.43 W, 2355 MHz, 12481 MHz, 35
2026/09/23 23:25:42.486, 1, 0 %, 3315 MiB, 90.05 W, 2325 MHz, 12481 MHz, 35
2026/09/23 23:25:42.736, 0, 0 %, 82835 MiB, 90.44 W, 2355 MHz, 12481 MHz, 35
2026/09/23 23:25:42.736, 1, 0 %, 3315 MiB, 89.78 W, 2325 MHz, 12481 MHz, 35
2026/09/23 23:25:42.986, 0, 1 %, 82867 MiB, 90.47 W, 2355 MHz, 12481 MHz, 35
2026/09/23 23:25:42.986, 1, 0 %, 3315 MiB, 89.72 W, 2325 MHz, 12481 MHz, 35
2026/09/23 23:25:43.236, 0, 0 %, 82899 MiB, 90.49 W, 2355 MHz, 12481 MHz, 35
2026/09/23 23:25:43.236, 1, 0 %, 3315 MiB, 89.66 W, 2325 MHz, 12481 MHz, 35
2026/09/23 23:25:43.486, 0, 0 %, 82899 MiB, 90.54 W, 2355 MHz, 12481 MHz, 35
2026/09/23 23:25:43.486, 1, 0 %, 6771 MiB, 89.93 W, 2325 MHz, 12481 MHz, 35
2026/09/23 23:25:43.736, 0, 0 %, 82899 MiB, 90.55 W, 2355 MHz, 12481 MHz, 35
2026/09/23 23:25:43.736, 1, 1 %, 6771 MiB, 89.96 W, 2325 MHz, 12481 MHz, 35
2026/09/23 23:25:43.986, 0, 0 %, 82899 MiB, 90.49 W, 2355 MHz, 12481 MHz, 35
2026/09/23 23:25:43.986, 1, 1 %, 6771 MiB, 89.97 W, 2325 MHz, 12481 MHz, 35
2026/09/23 23:25:44.236, 0, 0 %, 82899 MiB, 90.46 W, 2355 MHz, 12481 MHz, 35
2026/09/23 23:25:44.236, 1, 1 %, 6771 MiB, 90.05 W, 2325 MHz, 12481 MHz, 35
2026/09/23 23:25:44.486, 0, 0 %, 82899 MiB, 90.45 W, 2355 MHz, 12481 MHz, 35
2026/09/23 23:25:44.486, 1, 1 %, 6771 MiB, 89.82 W, 2325 MHz, 12481 MHz, 35
2026/09/23 23:25:44.736, 0, 0 %, 82899 MiB, 90.45 W, 2355 MHz, 12481 MHz, 35
2026/09/23 23:25:44.736, 1, 1 %, 6771 MiB, 89.86 W, 2325 MHz, 12481 MHz, 35
2026/09/23 23:25:44.987, 0, 0 %, 82899 MiB, 90.45 W, 2355 MHz, 12481 MHz, 35
2026/09/23 23:25:44.987, 1, 1 %, 6771 MiB, 90.01 W, 2325 MHz, 12481 MHz, 35
2026/09/23 23:25:45.237, 0, 0 %, 82899 MiB, 90.45 W, 2355 MHz, 12481 MHz, 35
2026/09/23 23:25:45.237, 1, 1 %, 6771 MiB, 90.23 W, 2325 MHz, 12481 MHz, 35
2026/09/23 23:25:45.487, 0, 0 %, 82899 MiB, 89.68 W, 2355 MHz, 12481 MHz, 35
2026/09/23 23:25:45.487, 1, 1 %, 6771 MiB, 90.35 W, 2325 MHz, 12481 MHz, 35
2026/09/23 23:25:45.737, 0, 0 %, 82899 MiB, 89.68 W, 2355 MHz, 12481 MHz, 35
2026/09/23 23:25:45.737, 1, 1 %, 6771 MiB, 90.43 W, 2325 MHz, 12481 MHz, 35
2026/09/23 23:25:45.987, 0, 0 %, 82899 MiB, 89.68 W, 2355 MHz, 12481 MHz, 35
2026/09/23 23:25:45.987, 1, 1 %, 6771 MiB, 90.40 W, 2325 MHz, 12481 MHz, 35
2026/09/23 23:25:46.237, 0, 0 %, 82899 MiB, 89.68 W, 2355 MHz, 12481 MHz, 35
2026/09/23 23:25:46.237, 1, 1 %, 6771 MiB, 90.29 W, 2325 MHz, 12481 MHz, 35
2026/09/23 23:25:46.487, 0, 0 %, 82899 MiB, 89.75 W, 2355 MHz, 12481 MHz, 35
2026/09/23 23:25:46.487, 1, 1 %, 6771 MiB, 90.21 W, 2325 MHz, 12481 MHz, 35
2026/09/23 23:25:46.737, 0, 0 %, 82899 MiB, 89.75 W, 2355 MHz, 12481 MHz, 35
2026/09/23 23:25:46.737, 1, 1 %, 6771 MiB, 90.14 W, 2325 MHz, 12481 MHz, 35
2026/09/23 23:25:46.987, 0, 0 %, 82899 MiB, 89.75 W, 2355 MHz, 12481 MHz, 35
2026/09/23 23:25:46.987, 1, 1 %, 6771 MiB, 90.05 W, 2325 MHz, 12481 MHz, 35
2026/09/23 23:25:47.237, 0, 0 %, 82899 MiB, 89.75 W, 2355 MHz, 12481 MHz, 35
2026/09/23 23:25:47.237, 1, 1 %, 6771 MiB, 90.00 W, 2325 MHz, 12481 MHz, 35
2026/09/23 23:25:47.487, 0, 0 %, 82899 MiB, 89.50 W, 2355 MHz, 12481 MHz, 35
2026/09/23 23:25:47.487, 1, 6 %, 6771 MiB, 90.22 W, 2325 MHz, 12481 MHz, 35
2026/09/23 23:25:47.737, 0, 0 %, 82899 MiB, 89.50 W, 2355 MHz, 12481 MHz, 35
2026/09/23 23:25:47.737, 1, 1 %, 6771 MiB, 90.60 W, 2325 MHz, 12481 MHz, 35
2026/09/23 23:25:47.988, 0, 0 %, 82899 MiB, 89.50 W, 2355 MHz, 12481 MHz, 35
2026/09/23 23:25:47.988, 1, 0 %, 6771 MiB, 90.56 W, 2325 MHz, 12481 MHz, 35
2026/09/23 23:25:48.238, 0, 0 %, 82899 MiB, 89.50 W, 2355 MHz, 12481 MHz, 35
2026/09/23 23:25:48.238, 1, 0 %, 6771 MiB, 90.45 W, 2325 MHz, 12481 MHz, 35
2026/09/23 23:25:48.488, 0, 0 %, 82899 MiB, 90.07 W, 2355 MHz, 12481 MHz, 35
2026/09/23 23:25:48.488, 1, 0 %, 6803 MiB, 90.22 W, 2325 MHz, 12481 MHz, 35
2026/09/23 23:25:48.738, 0, 0 %, 82899 MiB, 90.13 W, 2355 MHz, 12481 MHz, 35
2026/09/23 23:25:48.738, 1, 0 %, 6803 MiB, 89.79 W, 2325 MHz, 12481 MHz, 35
2026/09/23 23:25:48.988, 0, 0 %, 82899 MiB, 90.15 W, 2355 MHz, 12481 MHz, 35
2026/09/23 23:25:48.988, 1, 0 %, 6835 MiB, 89.82 W, 2325 MHz, 12481 MHz, 35
2026/09/23 23:25:49.238, 0, 0 %, 82899 MiB, 90.18 W, 2355 MHz, 12481 MHz, 35
2026/09/23 23:25:49.238, 1, 0 %, 6835 MiB, 89.96 W, 2325 MHz, 12481 MHz, 35
2026/09/23 23:25:49.488, 0, 0 %, 82899 MiB, 90.36 W, 2355 MHz, 12481 MHz, 35
2026/09/23 23:25:49.488, 1, 0 %, 6835 MiB, 89.87 W, 2325 MHz, 12481 MHz, 35
2026/09/23 23:25:49.738, 0, 0 %, 82899 MiB, 90.38 W, 2355 MHz, 12481 MHz, 35
2026/09/23 23:25:49.738, 1, 0 %, 6867 MiB, 89.80 W, 2325 MHz, 12481 MHz, 35
2026/09/23 23:25:49.988, 0, 0 %, 82899 MiB, 90.41 W, 2355 MHz, 12481 MHz, 35
2026/09/23 23:25:49.988, 1, 0 %, 10355 MiB, 89.73 W, 2325 MHz, 12481 MHz, 35
2026/09/23 23:25:50.238, 0, 0 %, 82899 MiB, 90.43 W, 2355 MHz, 12481 MHz, 35
2026/09/23 23:25:50.238, 1, 2 %, 10355 MiB, 90.59 W, 2325 MHz, 12481 MHz, 35
2026/09/23 23:25:50.488, 0, 0 %, 82899 MiB, 90.39 W, 2355 MHz, 12481 MHz, 35
2026/09/23 23:25:50.488, 1, 0 %, 10355 MiB, 90.69 W, 2325 MHz, 12481 MHz, 35
2026/09/23 23:25:50.738, 0, 0 %, 82899 MiB, 90.43 W, 2355 MHz, 12481 MHz, 35
2026/09/23 23:25:50.738, 1, 5 %, 10355 MiB, 91.06 W, 2325 MHz, 12481 MHz, 35
2026/09/23 23:25:50.989, 0, 0 %, 82899 MiB, 90.42 W, 2355 MHz, 12481 MHz, 35
2026/09/23 23:25:50.989, 1, 1 %, 10355 MiB, 91.19 W, 2325 MHz, 12481 MHz, 35
2026/09/23 23:25:51.239, 0, 0 %, 82899 MiB, 90.38 W, 2355 MHz, 12481 MHz, 35
2026/09/23 23:25:51.239, 1, 1 %, 10355 MiB, 90.33 W, 2325 MHz, 12481 MHz, 35
2026/09/23 23:25:51.489, 0, 0 %, 82899 MiB, 90.38 W, 2355 MHz, 12481 MHz, 35
2026/09/23 23:25:51.489, 1, 1 %, 10355 MiB, 90.26 W, 2325 MHz, 12481 MHz, 35
2026/09/23 23:25:51.739, 0, 0 %, 82899 MiB, 90.38 W, 2355 MHz, 12481 MHz, 35
2026/09/23 23:25:51.739, 1, 4 %, 10355 MiB, 90.17 W, 2325 MHz, 12481 MHz, 35
2026/09/23 23:25:51.989, 0, 0 %, 82899 MiB, 90.38 W, 2355 MHz, 12481 MHz, 35
2026/09/23 23:25:51.989, 1, 5 %, 10355 MiB, 90.45 W, 2325 MHz, 12481 MHz, 35
2026/09/23 23:25:52.239, 0, 0 %, 82899 MiB, 89.18 W, 2355 MHz, 12481 MHz, 35
2026/09/23 23:25:52.239, 1, 5 %, 10355 MiB, 90.97 W, 2325 MHz, 12481 MHz, 35
2026/09/23 23:25:52.489, 0, 0 %, 82899 MiB, 89.35 W, 2355 MHz, 12481 MHz, 35
2026/09/23 23:25:52.489, 1, 4 %, 10387 MiB, 91.13 W, 2325 MHz, 12481 MHz, 35
2026/09/23 23:25:52.739, 0, 0 %, 82899 MiB, 89.52 W, 2355 MHz, 12481 MHz, 35
2026/09/23 23:25:52.739, 1, 0 %, 10387 MiB, 90.93 W, 2325 MHz, 12481 MHz, 35
2026/09/23 23:25:52.989, 0, 0 %, 82899 MiB, 89.61 W, 2355 MHz, 12481 MHz, 35
2026/09/23 23:25:52.989, 1, 0 %, 10387 MiB, 90.51 W, 2325 MHz, 12481 MHz, 35
2026/09/23 23:25:53.239, 0, 0 %, 82899 MiB, 90.16 W, 2355 MHz, 12481 MHz, 35
2026/09/23 23:25:53.239, 1, 1 %, 10419 MiB, 89.92 W, 2325 MHz, 12481 MHz, 35
2026/09/23 23:25:53.489, 0, 0 %, 82899 MiB, 90.35 W, 2355 MHz, 12481 MHz, 35
2026/09/23 23:25:53.489, 1, 0 %, 10419 MiB, 89.64 W, 2325 MHz, 12481 MHz, 35
2026/09/23 23:25:53.740, 0, 0 %, 82899 MiB, 90.42 W, 2355 MHz, 12481 MHz, 35
2026/09/23 23:25:53.740, 1, 1 %, 10451 MiB, 89.53 W, 2325 MHz, 12481 MHz, 35
2026/09/23 23:25:53.990, 0, 0 %, 82899 MiB, 90.37 W, 2355 MHz, 12481 MHz, 35
2026/09/23 23:25:53.990, 1, 0 %, 10451 MiB, 89.46 W, 2325 MHz, 12481 MHz, 35
2026/09/23 23:25:54.240, 0, 0 %, 82899 MiB, 90.35 W, 2355 MHz, 12481 MHz, 35
2026/09/23 23:25:54.240, 1, 0 %, 10451 MiB, 89.35 W, 2325 MHz, 12481 MHz, 35
2026/09/23 23:25:54.490, 0, 0 %, 82899 MiB, 90.33 W, 2355 MHz, 12481 MHz, 35
2026/09/23 23:25:54.490, 1, 1 %, 10483 MiB, 89.36 W, 2325 MHz, 12481 MHz, 35
2026/09/23 23:25:54.740, 0, 0 %, 82899 MiB, 90.28 W, 2355 MHz, 12481 MHz, 35
2026/09/23 23:25:54.740, 1, 0 %, 10483 MiB, 89.39 W, 2325 MHz, 12481 MHz, 35
2026/09/23 23:25:54.990, 0, 0 %, 82899 MiB, 90.32 W, 2355 MHz, 12481 MHz, 35
2026/09/23 23:25:54.990, 1, 1 %, 13971 MiB, 90.21 W, 2325 MHz, 12481 MHz, 35
2026/09/23 23:25:55.240, 0, 0 %, 82899 MiB, 90.35 W, 2355 MHz, 12481 MHz, 35
2026/09/23 23:25:55.240, 1, 0 %, 13971 MiB, 90.49 W, 2325 MHz, 12481 MHz, 35
2026/09/23 23:25:55.490, 0, 0 %, 82899 MiB, 90.36 W, 2355 MHz, 12481 MHz, 35
2026/09/23 23:25:55.490, 1, 1 %, 13971 MiB, 90.85 W, 2317 MHz, 12481 MHz, 35
2026/09/23 23:25:55.740, 0, 0 %, 82899 MiB, 90.41 W, 2355 MHz, 12481 MHz, 35
2026/09/23 23:25:55.740, 1, 8 %, 14003 MiB, 92.25 W, 2317 MHz, 12481 MHz, 35
2026/09/23 23:25:55.990, 0, 0 %, 82899 MiB, 90.42 W, 2355 MHz, 12481 MHz, 35
2026/09/23 23:25:55.990, 1, 0 %, 14003 MiB, 91.53 W, 2317 MHz, 12481 MHz, 35
2026/09/23 23:25:56.240, 0, 0 %, 82899 MiB, 90.42 W, 2355 MHz, 12481 MHz, 35
2026/09/23 23:25:56.240, 1, 0 %, 14003 MiB, 91.37 W, 2317 MHz, 12481 MHz, 35
2026/09/23 23:25:56.491, 0, 0 %, 82899 MiB, 90.45 W, 2355 MHz, 12481 MHz, 35
2026/09/23 23:25:56.491, 1, 0 %, 14035 MiB, 91.17 W, 2317 MHz, 12481 MHz, 35
2026/09/23 23:25:56.741, 0, 0 %, 82899 MiB, 90.38 W, 2355 MHz, 12481 MHz, 35
2026/09/23 23:25:56.741, 1, 0 %, 14035 MiB, 89.69 W, 2317 MHz, 12481 MHz, 35
2026/09/23 23:25:56.991, 0, 0 %, 82899 MiB, 90.36 W, 2355 MHz, 12481 MHz, 35
2026/09/23 23:25:56.991, 1, 0 %, 14035 MiB, 89.59 W, 2317 MHz, 12481 MHz, 35
2026/09/23 23:25:57.241, 0, 0 %, 82899 MiB, 90.38 W, 2355 MHz, 12481 MHz, 35
2026/09/23 23:25:57.241, 1, 1 %, 14067 MiB, 89.51 W, 2317 MHz, 12481 MHz, 35
2026/09/23 23:25:57.491, 0, 0 %, 82899 MiB, 90.32 W, 2355 MHz, 12481 MHz, 35
2026/09/23 23:25:57.491, 1, 0 %, 14067 MiB, 89.43 W, 2317 MHz, 12481 MHz, 35
2026/09/23 23:25:57.741, 0, 0 %, 82899 MiB, 90.34 W, 2355 MHz, 12481 MHz, 35
2026/09/23 23:25:57.741, 1, 0 %, 14131 MiB, 89.35 W, 2317 MHz, 12481 MHz, 35
2026/09/23 23:25:57.991, 0, 0 %, 82899 MiB, 90.38 W, 2355 MHz, 12481 MHz, 35
2026/09/23 23:25:57.991, 1, 0 %, 14131 MiB, 89.37 W, 2317 MHz, 12481 MHz, 35
2026/09/23 23:25:58.241, 0, 0 %, 82899 MiB, 90.35 W, 2355 MHz, 12481 MHz, 35
2026/09/23 23:25:58.241, 1, 27 %, 17587 MiB, 90.58 W, 2317 MHz, 12481 MHz, 35
2026/09/23 23:25:58.491, 0, 0 %, 82899 MiB, 90.36 W, 2355 MHz, 12481 MHz, 35
2026/09/23 23:25:58.491, 1, 1 %, 17587 MiB, 90.77 W, 2317 MHz, 12481 MHz, 35
2026/09/23 23:25:58.741, 0, 0 %, 82899 MiB, 90.40 W, 2355 MHz, 12481 MHz, 35
2026/09/23 23:25:58.741, 1, 1 %, 17587 MiB, 91.08 W, 2317 MHz, 12481 MHz, 35
2026/09/23 23:25:58.991, 0, 0 %, 82899 MiB, 90.35 W, 2355 MHz, 12481 MHz, 35
2026/09/23 23:25:58.991, 1, 1 %, 17587 MiB, 91.28 W, 2317 MHz, 12481 MHz, 35
2026/09/23 23:25:59.241, 0, 0 %, 82899 MiB, 90.35 W, 2355 MHz, 12481 MHz, 35
2026/09/23 23:25:59.241, 1, 1 %, 17587 MiB, 90.30 W, 2317 MHz, 12481 MHz, 35
2026/09/23 23:25:59.492, 0, 0 %, 82899 MiB, 90.35 W, 2355 MHz, 12481 MHz, 35
2026/09/23 23:25:59.492, 1, 1 %, 17587 MiB, 90.28 W, 2317 MHz, 12481 MHz, 35
2026/09/23 23:25:59.742, 0, 0 %, 82899 MiB, 90.35 W, 2355 MHz, 12481 MHz, 35
2026/09/23 23:25:59.742, 1, 1 %, 17587 MiB, 90.21 W, 2317 MHz, 12481 MHz, 35
2026/09/23 23:25:59.992, 0, 0 %, 82899 MiB, 90.35 W, 2355 MHz, 12481 MHz, 35
2026/09/23 23:25:59.992, 1, 1 %, 17587 MiB, 90.14 W, 2317 MHz, 12481 MHz, 35
2026/09/23 23:26:00.242, 0, 0 %, 82899 MiB, 90.17 W, 2355 MHz, 12481 MHz, 35
2026/09/23 23:26:00.242, 1, 1 %, 17587 MiB, 90.04 W, 2317 MHz, 12481 MHz, 35
2026/09/23 23:26:00.492, 0, 0 %, 82899 MiB, 90.17 W, 2355 MHz, 12481 MHz, 35
2026/09/23 23:26:00.492, 1, 1 %, 17587 MiB, 89.95 W, 2317 MHz, 12481 MHz, 35
2026/09/23 23:26:00.742, 0, 0 %, 82899 MiB, 90.17 W, 2355 MHz, 12481 MHz, 35
2026/09/23 23:26:00.742, 1, 1 %, 17587 MiB, 89.82 W, 2317 MHz, 12481 MHz, 35
2026/09/23 23:26:00.992, 0, 0 %, 82899 MiB, 90.17 W, 2355 MHz, 12481 MHz, 35
2026/09/23 23:26:00.992, 1, 1 %, 17587 MiB, 89.75 W, 2317 MHz, 12481 MHz, 35
2026/09/23 23:26:01.242, 0, 0 %, 82899 MiB, 90.24 W, 2355 MHz, 12481 MHz, 35
2026/09/23 23:26:01.242, 1, 1 %, 17587 MiB, 89.68 W, 2317 MHz, 12481 MHz, 35
2026/09/23 23:26:01.492, 0, 0 %, 82899 MiB, 90.24 W, 2355 MHz, 12481 MHz, 35
2026/09/23 23:26:01.492, 1, 1 %, 17587 MiB, 89.67 W, 2317 MHz, 12481 MHz, 35
2026/09/23 23:26:01.742, 0, 0 %, 82899 MiB, 90.24 W, 2355 MHz, 12481 MHz, 35
2026/09/23 23:26:01.742, 1, 1 %, 17587 MiB, 89.76 W, 2317 MHz, 12481 MHz, 35
2026/09/23 23:26:01.992, 0, 0 %, 82899 MiB, 90.24 W, 2355 MHz, 12481 MHz, 35
2026/09/23 23:26:01.992, 1, 1 %, 17587 MiB, 89.88 W, 2317 MHz, 12481 MHz, 35
2026/09/23 23:26:02.243, 0, 0 %, 82899 MiB, 89.75 W, 2355 MHz, 12481 MHz, 35
2026/09/23 23:26:02.243, 1, 1 %, 17587 MiB, 90.04 W, 2317 MHz, 12481 MHz, 35
2026/09/23 23:26:02.493, 0, 0 %, 82899 MiB, 89.63 W, 2355 MHz, 12481 MHz, 35
2026/09/23 23:26:02.493, 1, 1 %, 17619 MiB, 90.11 W, 2317 MHz, 12481 MHz, 35
2026/09/23 23:26:02.743, 0, 0 %, 82899 MiB, 89.75 W, 2355 MHz, 12481 MHz, 35
2026/09/23 23:26:02.743, 1, 0 %, 17619 MiB, 90.04 W, 2317 MHz, 12481 MHz, 35
2026/09/23 23:26:02.993, 0, 0 %, 82899 MiB, 89.83 W, 2355 MHz, 12481 MHz, 35
2026/09/23 23:26:02.993, 1, 0 %, 17619 MiB, 89.92 W, 2317 MHz, 12481 MHz, 35
2026/09/23 23:26:03.243, 0, 0 %, 82899 MiB, 90.04 W, 2355 MHz, 12481 MHz, 35
2026/09/23 23:26:03.243, 1, 1 %, 17651 MiB, 89.77 W, 2317 MHz, 12481 MHz, 35
2026/09/23 23:26:03.493, 0, 0 %, 82899 MiB, 90.37 W, 2355 MHz, 12481 MHz, 35
2026/09/23 23:26:03.493, 1, 0 %, 17651 MiB, 89.63 W, 2317 MHz, 12481 MHz, 35
2026/09/23 23:26:03.743, 0, 0 %, 82899 MiB, 90.43 W, 2355 MHz, 12481 MHz, 35
2026/09/23 23:26:03.743, 1, 0 %, 17651 MiB, 89.50 W, 2317 MHz, 12481 MHz, 35
2026/09/23 23:26:03.993, 0, 0 %, 82899 MiB, 90.36 W, 2355 MHz, 12481 MHz, 35
2026/09/23 23:26:03.993, 1, 0 %, 17683 MiB, 89.45 W, 2317 MHz, 12481 MHz, 35
2026/09/23 23:26:04.243, 0, 0 %, 82899 MiB, 90.34 W, 2355 MHz, 12481 MHz, 35
2026/09/23 23:26:04.243, 1, 0 %, 17683 MiB, 89.33 W, 2317 MHz, 12481 MHz, 35
2026/09/23 23:26:04.493, 0, 0 %, 82899 MiB, 90.35 W, 2355 MHz, 12481 MHz, 35
2026/09/23 23:26:04.493, 1, 0 %, 17715 MiB, 89.31 W, 2317 MHz, 12481 MHz, 35
2026/09/23 23:26:04.743, 0, 0 %, 82899 MiB, 90.32 W, 2355 MHz, 12481 MHz, 35
2026/09/23 23:26:04.743, 1, 0 %, 17715 MiB, 89.30 W, 2317 MHz, 12481 MHz, 35
2026/09/23 23:26:04.993, 0, 0 %, 82899 MiB, 90.40 W, 2355 MHz, 12481 MHz, 35
2026/09/23 23:26:04.993, 1, 0 %, 21203 MiB, 89.77 W, 2317 MHz, 12481 MHz, 35
2026/09/23 23:26:05.244, 0, 0 %, 82899 MiB, 90.43 W, 2355 MHz, 12481 MHz, 35
2026/09/23 23:26:05.244, 1, 1 %, 21203 MiB, 90.17 W, 2317 MHz, 12481 MHz, 35
2026/09/23 23:26:05.494, 0, 0 %, 82899 MiB, 90.41 W, 2355 MHz, 12481 MHz, 35
2026/09/23 23:26:05.494, 1, 1 %, 21203 MiB, 90.37 W, 2317 MHz, 12481 MHz, 35
2026/09/23 23:26:05.744, 0, 0 %, 82899 MiB, 90.45 W, 2355 MHz, 12481 MHz, 35
2026/09/23 23:26:05.744, 1, 1 %, 21203 MiB, 90.64 W, 2317 MHz, 12481 MHz, 35
2026/09/23 23:26:05.994, 0, 0 %, 82899 MiB, 90.42 W, 2355 MHz, 12481 MHz, 35
2026/09/23 23:26:05.994, 1, 1 %, 21203 MiB, 90.78 W, 2317 MHz, 12481 MHz, 35
2026/09/23 23:26:06.244, 0, 0 %, 82899 MiB, 90.42 W, 2355 MHz, 12481 MHz, 35
2026/09/23 23:26:06.244, 1, 1 %, 21203 MiB, 90.21 W, 2317 MHz, 12481 MHz, 35
2026/09/23 23:26:06.494, 0, 0 %, 82899 MiB, 90.42 W, 2355 MHz, 12481 MHz, 35
2026/09/23 23:26:06.494, 1, 1 %, 21203 MiB, 90.17 W, 2317 MHz, 12481 MHz, 35
2026/09/23 23:26:06.744, 0, 0 %, 82899 MiB, 90.42 W, 2355 MHz, 12481 MHz, 35
2026/09/23 23:26:06.744, 1, 1 %, 21203 MiB, 90.07 W, 2317 MHz, 12481 MHz, 35
2026/09/23 23:26:06.994, 0, 0 %, 82899 MiB, 88.67 W, 2355 MHz, 12481 MHz, 35
2026/09/23 23:26:06.994, 1, 1 %, 21203 MiB, 89.99 W, 2317 MHz, 12481 MHz, 35
2026/09/23 23:26:07.244, 0, 0 %, 82899 MiB, 88.67 W, 2355 MHz, 12481 MHz, 35
2026/09/23 23:26:07.244, 1, 1 %, 21203 MiB, 89.85 W, 2317 MHz, 12481 MHz, 35
2026/09/23 23:26:07.494, 0, 0 %, 82899 MiB, 88.67 W, 2355 MHz, 12481 MHz, 35
2026/09/23 23:26:07.494, 1, 1 %, 21203 MiB, 89.76 W, 2317 MHz, 12481 MHz, 35
2026/09/23 23:26:07.744, 0, 0 %, 82899 MiB, 88.67 W, 2355 MHz, 12481 MHz, 35
2026/09/23 23:26:07.744, 1, 1 %, 21203 MiB, 89.67 W, 2317 MHz, 12481 MHz, 35
2026/09/23 23:26:07.995, 0, 0 %, 82899 MiB, 88.89 W, 2355 MHz, 12481 MHz, 35
2026/09/23 23:26:07.995, 1, 1 %, 21203 MiB, 89.64 W, 2317 MHz, 12481 MHz, 35
2026/09/23 23:26:08.245, 0, 0 %, 82899 MiB, 88.89 W, 2355 MHz, 12481 MHz, 35
2026/09/23 23:26:08.245, 1, 0 %, 21203 MiB, 89.62 W, 2317 MHz, 12481 MHz, 35
2026/09/23 23:26:08.495, 0, 0 %, 82899 MiB, 88.89 W, 2355 MHz, 12481 MHz, 35
2026/09/23 23:26:08.495, 1, 1 %, 21203 MiB, 89.68 W, 2317 MHz, 12481 MHz, 35
2026/09/23 23:26:08.745, 0, 0 %, 82899 MiB, 88.89 W, 2355 MHz, 12481 MHz, 35
2026/09/23 23:26:08.745, 1, 1 %, 21203 MiB, 89.89 W, 2317 MHz, 12481 MHz, 35
2026/09/23 23:26:08.995, 0, 0 %, 82899 MiB, 89.11 W, 2355 MHz, 12481 MHz, 35
2026/09/23 23:26:08.995, 1, 1 %, 21203 MiB, 90.02 W, 2317 MHz, 12481 MHz, 35
2026/09/23 23:26:09.245, 0, 0 %, 82899 MiB, 89.11 W, 2355 MHz, 12481 MHz, 35
2026/09/23 23:26:09.245, 1, 1 %, 21203 MiB, 90.19 W, 2317 MHz, 12481 MHz, 35
2026/09/23 23:26:09.495, 0, 0 %, 82899 MiB, 89.11 W, 2355 MHz, 12481 MHz, 35
2026/09/23 23:26:09.495, 1, 1 %, 21203 MiB, 90.24 W, 2317 MHz, 12481 MHz, 35
2026/09/23 23:26:09.745, 0, 0 %, 82899 MiB, 89.11 W, 2355 MHz, 12481 MHz, 35
2026/09/23 23:26:09.745, 1, 1 %, 21203 MiB, 90.15 W, 2317 MHz, 12481 MHz, 35
2026/09/23 23:26:09.995, 0, 0 %, 82899 MiB, 89.13 W, 2355 MHz, 12481 MHz, 35
2026/09/23 23:26:09.995, 1, 1 %, 21203 MiB, 90.09 W, 2317 MHz, 12481 MHz, 35
2026/09/23 23:26:10.245, 0, 0 %, 82899 MiB, 89.13 W, 2355 MHz, 12481 MHz, 35
2026/09/23 23:26:10.245, 1, 1 %, 21203 MiB, 89.98 W, 2317 MHz, 12481 MHz, 35
2026/09/23 23:26:10.495, 0, 0 %, 82899 MiB, 89.13 W, 2355 MHz, 12481 MHz, 35
2026/09/23 23:26:10.495, 1, 1 %, 21203 MiB, 89.90 W, 2317 MHz, 12481 MHz, 35
2026/09/23 23:26:10.745, 0, 0 %, 82899 MiB, 89.13 W, 2355 MHz, 12481 MHz, 35
2026/09/23 23:26:10.746, 1, 1 %, 21203 MiB, 89.77 W, 2317 MHz, 12481 MHz, 35
2026/09/23 23:26:10.996, 0, 0 %, 82899 MiB, 88.63 W, 2355 MHz, 12481 MHz, 35
2026/09/23 23:26:10.996, 1, 1 %, 21203 MiB, 89.69 W, 2317 MHz, 12481 MHz, 35
2026/09/23 23:26:11.246, 0, 0 %, 82899 MiB, 88.63 W, 2355 MHz, 12481 MHz, 35
2026/09/23 23:26:11.246, 1, 1 %, 21203 MiB, 89.63 W, 2317 MHz, 12481 MHz, 35
2026/09/23 23:26:11.496, 0, 0 %, 82899 MiB, 88.63 W, 2355 MHz, 12481 MHz, 35
2026/09/23 23:26:11.496, 1, 1 %, 21203 MiB, 89.63 W, 2317 MHz, 12481 MHz, 35
2026/09/23 23:26:11.746, 0, 0 %, 82899 MiB, 88.63 W, 2355 MHz, 12481 MHz, 35
2026/09/23 23:26:11.746, 1, 1 %, 21203 MiB, 89.69 W, 2317 MHz, 12481 MHz, 35
2026/09/23 23:26:11.996, 0, 0 %, 82899 MiB, 88.65 W, 2355 MHz, 12481 MHz, 35
2026/09/23 23:26:11.996, 1, 1 %, 21203 MiB, 89.81 W, 2317 MHz, 12481 MHz, 35
2026/09/23 23:26:12.246, 0, 0 %, 82899 MiB, 88.65 W, 2355 MHz, 12481 MHz, 35
2026/09/23 23:26:12.246, 1, 0 %, 21203 MiB, 89.90 W, 2317 MHz, 12481 MHz, 35
2026/09/23 23:26:12.496, 0, 0 %, 82899 MiB, 88.65 W, 2355 MHz, 12481 MHz, 35
2026/09/23 23:26:12.496, 1, 1 %, 21203 MiB, 90.00 W, 2317 MHz, 12481 MHz, 35
2026/09/23 23:26:12.746, 0, 0 %, 82899 MiB, 88.65 W, 2355 MHz, 12481 MHz, 35
2026/09/23 23:26:12.746, 1, 1 %, 21203 MiB, 90.10 W, 2317 MHz, 12481 MHz, 35
2026/09/23 23:26:12.996, 0, 0 %, 82899 MiB, 89.16 W, 2355 MHz, 12481 MHz, 35
2026/09/23 23:26:12.996, 1, 1 %, 21203 MiB, 90.09 W, 2317 MHz, 12481 MHz, 35
2026/09/23 23:26:13.246, 0, 0 %, 82899 MiB, 89.16 W, 2355 MHz, 12481 MHz, 35
2026/09/23 23:26:13.246, 1, 1 %, 21203 MiB, 90.12 W, 2317 MHz, 12481 MHz, 35
2026/09/23 23:26:13.497, 0, 0 %, 82899 MiB, 89.16 W, 2355 MHz, 12481 MHz, 35
2026/09/23 23:26:13.497, 1, 1 %, 21203 MiB, 90.06 W, 2317 MHz, 12481 MHz, 35
2026/09/23 23:26:13.747, 0, 0 %, 82899 MiB, 89.16 W, 2355 MHz, 12481 MHz, 35
2026/09/23 23:26:13.747, 1, 1 %, 21203 MiB, 89.92 W, 2317 MHz, 12481 MHz, 35
2026/09/23 23:26:13.997, 0, 0 %, 82899 MiB, 89.16 W, 2355 MHz, 12481 MHz, 35
2026/09/23 23:26:13.997, 1, 1 %, 21203 MiB, 89.82 W, 2317 MHz, 12481 MHz, 35
2026/09/23 23:26:14.247, 0, 0 %, 82899 MiB, 89.16 W, 2355 MHz, 12481 MHz, 35
2026/09/23 23:26:14.247, 1, 1 %, 21203 MiB, 89.71 W, 2317 MHz, 12481 MHz, 35
2026/09/23 23:26:14.497, 0, 0 %, 82899 MiB, 89.16 W, 2355 MHz, 12481 MHz, 35
2026/09/23 23:26:14.497, 1, 1 %, 21203 MiB, 89.65 W, 2317 MHz, 12481 MHz, 35
2026/09/23 23:26:14.747, 0, 0 %, 82899 MiB, 89.16 W, 2355 MHz, 12481 MHz, 35
2026/09/23 23:26:14.747, 1, 1 %, 21203 MiB, 89.65 W, 2317 MHz, 12481 MHz, 35
2026/09/23 23:26:14.997, 0, 0 %, 82899 MiB, 88.77 W, 2355 MHz, 12481 MHz, 35
2026/09/23 23:26:14.997, 1, 1 %, 21235 MiB, 89.61 W, 2317 MHz, 12481 MHz, 35
2026/09/23 23:26:15.247, 0, 0 %, 82899 MiB, 89.17 W, 2355 MHz, 12481 MHz, 35
2026/09/23 23:26:15.247, 1, 0 %, 21267 MiB, 89.61 W, 2317 MHz, 12481 MHz, 35
2026/09/23 23:26:15.497, 0, 0 %, 82899 MiB, 89.32 W, 2355 MHz, 12481 MHz, 35
2026/09/23 23:26:15.497, 1, 0 %, 21267 MiB, 89.66 W, 2317 MHz, 12481 MHz, 35
2026/09/23 23:26:15.747, 0, 0 %, 82899 MiB, 89.50 W, 2355 MHz, 12481 MHz, 35
2026/09/23 23:26:15.747, 1, 0 %, 21267 MiB, 89.71 W, 2317 MHz, 12481 MHz, 35
2026/09/23 23:26:15.997, 0, 0 %, 82899 MiB, 90.43 W, 2355 MHz, 12481 MHz, 35
2026/09/23 23:26:15.997, 1, 0 %, 21299 MiB, 89.79 W, 2317 MHz, 12481 MHz, 35
2026/09/23 23:26:16.248, 0, 0 %, 82899 MiB, 90.39 W, 2355 MHz, 12481 MHz, 35
2026/09/23 23:26:16.248, 1, 0 %, 21299 MiB, 89.82 W, 2317 MHz, 12481 MHz, 35
2026/09/23 23:26:16.498, 0, 0 %, 82899 MiB, 90.45 W, 2355 MHz, 12481 MHz, 35
2026/09/23 23:26:16.498, 1, 0 %, 21331 MiB, 89.75 W, 2317 MHz, 12481 MHz, 35
2026/09/23 23:26:16.748, 0, 0 %, 82899 MiB, 90.43 W, 2355 MHz, 12481 MHz, 35
2026/09/23 23:26:16.748, 1, 0 %, 21331 MiB, 89.67 W, 2317 MHz, 12481 MHz, 35
2026/09/23 23:26:16.998, 0, 0 %, 82899 MiB, 90.42 W, 2355 MHz, 12481 MHz, 35
2026/09/23 23:26:16.998, 1, 0 %, 21331 MiB, 89.57 W, 2317 MHz, 12481 MHz, 35
2026/09/23 23:26:17.248, 0, 0 %, 82899 MiB, 90.45 W, 2355 MHz, 12481 MHz, 35
2026/09/23 23:26:17.248, 1, 0 %, 21363 MiB, 89.45 W, 2317 MHz, 12481 MHz, 35
2026/09/23 23:26:17.498, 0, 0 %, 82899 MiB, 90.37 W, 2355 MHz, 12481 MHz, 35
2026/09/23 23:26:17.498, 1, 0 %, 21363 MiB, 89.39 W, 2317 MHz, 12481 MHz, 35
2026/09/23 23:26:17.748, 0, 0 %, 82899 MiB, 90.43 W, 2355 MHz, 12481 MHz, 35
2026/09/23 23:26:17.748, 1, 3 %, 24851 MiB, 89.82 W, 2317 MHz, 12481 MHz, 35
2026/09/23 23:26:17.998, 0, 0 %, 82899 MiB, 90.46 W, 2355 MHz, 12481 MHz, 35
2026/09/23 23:26:17.998, 1, 1 %, 24851 MiB, 89.86 W, 2317 MHz, 12481 MHz, 35
2026/09/23 23:26:18.248, 0, 0 %, 82899 MiB, 90.42 W, 2355 MHz, 12481 MHz, 35
2026/09/23 23:26:18.248, 1, 1 %, 24851 MiB, 90.00 W, 2317 MHz, 12481 MHz, 35
2026/09/23 23:26:18.498, 0, 0 %, 82899 MiB, 90.46 W, 2355 MHz, 12481 MHz, 35
2026/09/23 23:26:18.498, 1, 1 %, 24851 MiB, 90.11 W, 2317 MHz, 12481 MHz, 35
2026/09/23 23:26:18.748, 0, 0 %, 82899 MiB, 90.47 W, 2355 MHz, 12481 MHz, 35
2026/09/23 23:26:18.749, 1, 1 %, 24851 MiB, 89.86 W, 2317 MHz, 12481 MHz, 35
2026/09/23 23:26:18.999, 0, 0 %, 82899 MiB, 90.47 W, 2355 MHz, 12481 MHz, 35
2026/09/23 23:26:18.999, 1, 1 %, 24851 MiB, 89.98 W, 2317 MHz, 12481 MHz, 35
2026/09/23 23:26:19.249, 0, 0 %, 82899 MiB, 90.47 W, 2355 MHz, 12481 MHz, 35
2026/09/23 23:26:19.249, 1, 1 %, 24851 MiB, 90.08 W, 2317 MHz, 12481 MHz, 35
2026/09/23 23:26:19.499, 0, 0 %, 82899 MiB, 90.47 W, 2355 MHz, 12481 MHz, 35
2026/09/23 23:26:19.499, 1, 1 %, 24851 MiB, 90.18 W, 2317 MHz, 12481 MHz, 35
2026/09/23 23:26:19.749, 0, 0 %, 82899 MiB, 88.62 W, 2355 MHz, 12481 MHz, 35
2026/09/23 23:26:19.749, 1, 0 %, 24851 MiB, 90.08 W, 2317 MHz, 12481 MHz, 35
2026/09/23 23:26:19.999, 0, 0 %, 82899 MiB, 88.62 W, 2355 MHz, 12481 MHz, 35
2026/09/23 23:26:19.999, 1, 1 %, 24851 MiB, 90.01 W, 2317 MHz, 12481 MHz, 35
2026/09/23 23:26:20.249, 0, 0 %, 82899 MiB, 88.62 W, 2355 MHz, 12481 MHz, 35
2026/09/23 23:26:20.249, 1, 1 %, 24851 MiB, 89.89 W, 2317 MHz, 12481 MHz, 35
2026/09/23 23:26:20.499, 0, 0 %, 82899 MiB, 88.62 W, 2355 MHz, 12481 MHz, 35
2026/09/23 23:26:20.499, 1, 1 %, 24851 MiB, 89.82 W, 2317 MHz, 12481 MHz, 35
2026/09/23 23:26:20.749, 0, 0 %, 82899 MiB, 89.60 W, 2355 MHz, 12481 MHz, 35
2026/09/23 23:26:20.749, 1, 1 %, 24851 MiB, 89.79 W, 2317 MHz, 12481 MHz, 35
2026/09/23 23:26:20.999, 0, 0 %, 82899 MiB, 89.60 W, 2355 MHz, 12481 MHz, 35
2026/09/23 23:26:20.999, 1, 17 %, 24851 MiB, 90.23 W, 2317 MHz, 12481 MHz, 35
2026/09/23 23:26:21.249, 0, 0 %, 82899 MiB, 89.60 W, 2355 MHz, 12481 MHz, 35
2026/09/23 23:26:21.249, 1, 9 %, 24851 MiB, 90.71 W, 2317 MHz, 12481 MHz, 35
2026/09/23 23:26:21.500, 0, 0 %, 82899 MiB, 89.60 W, 2355 MHz, 12481 MHz, 35
2026/09/23 23:26:21.500, 1, 0 %, 24851 MiB, 90.59 W, 2317 MHz, 12481 MHz, 35
2026/09/23 23:26:21.750, 0, 0 %, 82899 MiB, 89.73 W, 2355 MHz, 12481 MHz, 35
2026/09/23 23:26:21.750, 1, 1 %, 24883 MiB, 90.48 W, 2317 MHz, 12481 MHz, 35
2026/09/23 23:26:22.000, 0, 0 %, 82899 MiB, 89.83 W, 2355 MHz, 12481 MHz, 35
2026/09/23 23:26:22.000, 1, 0 %, 24883 MiB, 89.96 W, 2317 MHz, 12481 MHz, 35
2026/09/23 23:26:22.250, 0, 0 %, 82899 MiB, 89.95 W, 2355 MHz, 12481 MHz, 35
2026/09/23 23:26:22.250, 1, 0 %, 24915 MiB, 89.49 W, 2317 MHz, 12481 MHz, 35
2026/09/23 23:26:22.500, 0, 0 %, 82899 MiB, 89.98 W, 2355 MHz, 12481 MHz, 35
2026/09/23 23:26:22.500, 1, 1 %, 24915 MiB, 89.62 W, 2317 MHz, 12481 MHz, 35
2026/09/23 23:26:22.750, 0, 0 %, 82899 MiB, 90.35 W, 2355 MHz, 12481 MHz, 35
2026/09/23 23:26:22.750, 1, 0 %, 24915 MiB, 89.75 W, 2317 MHz, 12481 MHz, 35
2026/09/23 23:26:23.000, 0, 0 %, 82899 MiB, 90.36 W, 2355 MHz, 12481 MHz, 35
2026/09/23 23:26:23.000, 1, 1 %, 24979 MiB, 89.75 W, 2317 MHz, 12481 MHz, 35
2026/09/23 23:26:23.250, 0, 0 %, 82899 MiB, 90.30 W, 2355 MHz, 12481 MHz, 35
2026/09/23 23:26:23.250, 1, 0 %, 28435 MiB, 89.73 W, 2317 MHz, 12481 MHz, 35
2026/09/23 23:26:23.500, 0, 0 %, 82899 MiB, 90.38 W, 2355 MHz, 12481 MHz, 35
2026/09/23 23:26:23.500, 1, 19 %, 28467 MiB, 91.35 W, 2317 MHz, 12481 MHz, 35
2026/09/23 23:26:23.750, 0, 0 %, 82899 MiB, 90.44 W, 2355 MHz, 12481 MHz, 35
2026/09/23 23:26:23.750, 1, 0 %, 28499 MiB, 91.75 W, 2317 MHz, 12481 MHz, 35
2026/09/23 23:26:24.000, 0, 0 %, 82899 MiB, 90.39 W, 2355 MHz, 12481 MHz, 35
2026/09/23 23:26:24.000, 1, 0 %, 28499 MiB, 91.71 W, 2317 MHz, 12481 MHz, 35
2026/09/23 23:26:24.251, 0, 0 %, 82899 MiB, 90.38 W, 2355 MHz, 12481 MHz, 35
2026/09/23 23:26:24.251, 1, 0 %, 28499 MiB, 91.53 W, 2317 MHz, 12481 MHz, 35
2026/09/23 23:26:24.501, 0, 0 %, 82899 MiB, 90.35 W, 2355 MHz, 12481 MHz, 35
2026/09/23 23:26:24.501, 1, 1 %, 28531 MiB, 89.79 W, 2317 MHz, 12481 MHz, 35
2026/09/23 23:26:24.751, 0, 0 %, 82899 MiB, 90.31 W, 2355 MHz, 12481 MHz, 35
2026/09/23 23:26:24.751, 1, 0 %, 28531 MiB, 89.24 W, 2317 MHz, 12481 MHz, 35
2026/09/23 23:26:25.001, 0, 0 %, 82899 MiB, 90.34 W, 2355 MHz, 12481 MHz, 35
2026/09/23 23:26:25.001, 1, 1 %, 28563 MiB, 89.25 W, 2317 MHz, 12481 MHz, 35
2026/09/23 23:26:25.251, 0, 0 %, 82899 MiB, 90.43 W, 2355 MHz, 12481 MHz, 35
2026/09/23 23:26:25.251, 1, 0 %, 28563 MiB, 89.34 W, 2317 MHz, 12481 MHz, 35
2026/09/23 23:26:25.501, 0, 0 %, 82899 MiB, 90.40 W, 2355 MHz, 12481 MHz, 35
2026/09/23 23:26:25.501, 1, 0 %, 28595 MiB, 89.43 W, 2317 MHz, 12481 MHz, 35
2026/09/23 23:26:25.751, 0, 0 %, 82899 MiB, 90.43 W, 2355 MHz, 12481 MHz, 35
2026/09/23 23:26:25.751, 1, 0 %, 28595 MiB, 89.64 W, 2317 MHz, 12481 MHz, 35
2026/09/23 23:26:26.001, 0, 0 %, 82899 MiB, 90.48 W, 2355 MHz, 12481 MHz, 35
2026/09/23 23:26:26.001, 1, 3 %, 32083 MiB, 90.56 W, 2317 MHz, 12481 MHz, 35
2026/09/23 23:26:26.251, 0, 0 %, 82899 MiB, 90.41 W, 2355 MHz, 12481 MHz, 35
2026/09/23 23:26:26.251, 1, 12 %, 32083 MiB, 91.38 W, 2317 MHz, 12481 MHz, 35
2026/09/23 23:26:26.501, 0, 0 %, 82899 MiB, 90.44 W, 2355 MHz, 12481 MHz, 35
2026/09/23 23:26:26.501, 1, 1 %, 32083 MiB, 91.49 W, 2317 MHz, 12481 MHz, 35
2026/09/23 23:26:26.751, 0, 0 %, 82899 MiB, 90.41 W, 2355 MHz, 12481 MHz, 35
2026/09/23 23:26:26.751, 1, 1 %, 32083 MiB, 91.55 W, 2317 MHz, 12481 MHz, 35
2026/09/23 23:26:27.002, 0, 0 %, 82899 MiB, 90.36 W, 2355 MHz, 12481 MHz, 35
2026/09/23 23:26:27.002, 1, 1 %, 32083 MiB, 90.75 W, 2317 MHz, 12481 MHz, 35
2026/09/23 23:26:27.252, 0, 0 %, 82899 MiB, 90.36 W, 2355 MHz, 12481 MHz, 35
2026/09/23 23:26:27.252, 1, 1 %, 32083 MiB, 90.02 W, 2317 MHz, 12481 MHz, 35
2026/09/23 23:26:27.502, 0, 0 %, 82899 MiB, 90.36 W, 2355 MHz, 12481 MHz, 35
2026/09/23 23:26:27.502, 1, 1 %, 32083 MiB, 89.92 W, 2317 MHz, 12481 MHz, 35
2026/09/23 23:26:27.752, 0, 0 %, 82899 MiB, 90.36 W, 2355 MHz, 12481 MHz, 35
2026/09/23 23:26:27.752, 1, 1 %, 32083 MiB, 89.81 W, 2317 MHz, 12481 MHz, 35
2026/09/23 23:26:28.002, 0, 0 %, 82899 MiB, 89.60 W, 2355 MHz, 12481 MHz, 35
2026/09/23 23:26:28.002, 1, 1 %, 32083 MiB, 89.75 W, 2317 MHz, 12481 MHz, 35
2026/09/23 23:26:28.252, 0, 0 %, 82899 MiB, 89.60 W, 2355 MHz, 12481 MHz, 35
2026/09/23 23:26:28.252, 1, 1 %, 32083 MiB, 89.71 W, 2317 MHz, 12481 MHz, 35
2026/09/23 23:26:28.502, 0, 0 %, 82899 MiB, 89.60 W, 2355 MHz, 12481 MHz, 35
2026/09/23 23:26:28.502, 1, 1 %, 32083 MiB, 89.73 W, 2317 MHz, 12481 MHz, 35
2026/09/23 23:26:28.752, 0, 0 %, 82899 MiB, 89.60 W, 2355 MHz, 12481 MHz, 35
2026/09/23 23:26:28.752, 1, 1 %, 32083 MiB, 89.84 W, 2317 MHz, 12481 MHz, 35
2026/09/23 23:26:29.002, 0, 0 %, 82899 MiB, 89.35 W, 2355 MHz, 12481 MHz, 35
2026/09/23 23:26:29.002, 1, 1 %, 32083 MiB, 89.98 W, 2317 MHz, 12481 MHz, 35
2026/09/23 23:26:29.252, 0, 0 %, 82899 MiB, 89.35 W, 2355 MHz, 12481 MHz, 35
2026/09/23 23:26:29.252, 1, 1 %, 32083 MiB, 90.18 W, 2317 MHz, 12481 MHz, 35
2026/09/23 23:26:29.502, 0, 0 %, 82899 MiB, 89.35 W, 2355 MHz, 12481 MHz, 35
2026/09/23 23:26:29.502, 1, 1 %, 32083 MiB, 90.23 W, 2317 MHz, 12481 MHz, 35
2026/09/23 23:26:29.753, 0, 0 %, 82899 MiB, 89.35 W, 2355 MHz, 12481 MHz, 35
2026/09/23 23:26:29.753, 1, 1 %, 32083 MiB, 90.29 W, 2317 MHz, 12481 MHz, 35
2026/09/23 23:26:30.003, 0, 0 %, 82899 MiB, 89.14 W, 2355 MHz, 12481 MHz, 35
2026/09/23 23:26:30.003, 1, 1 %, 32083 MiB, 90.24 W, 2317 MHz, 12481 MHz, 35
2026/09/23 23:26:30.253, 0, 0 %, 82899 MiB, 89.14 W, 2355 MHz, 12481 MHz, 35
2026/09/23 23:26:30.253, 1, 1 %, 32083 MiB, 90.17 W, 2317 MHz, 12481 MHz, 35
2026/09/23 23:26:30.503, 0, 0 %, 82899 MiB, 89.14 W, 2355 MHz, 12481 MHz, 35
2026/09/23 23:26:30.503, 1, 1 %, 32115 MiB, 90.13 W, 2317 MHz, 12481 MHz, 35
2026/09/23 23:26:30.753, 0, 0 %, 82899 MiB, 90.17 W, 2355 MHz, 12481 MHz, 35
2026/09/23 23:26:30.753, 1, 0 %, 32115 MiB, 89.82 W, 2317 MHz, 12481 MHz, 35
2026/09/23 23:26:31.003, 0, 0 %, 82899 MiB, 91.17 W, 2355 MHz, 12481 MHz, 35
2026/09/23 23:26:31.003, 1, 0 %, 32115 MiB, 89.64 W, 2317 MHz, 12481 MHz, 35
2026/09/23 23:26:31.253, 0, 0 %, 82899 MiB, 90.97 W, 2355 MHz, 12481 MHz, 35
2026/09/23 23:26:31.253, 1, 0 %, 32147 MiB, 89.41 W, 2317 MHz, 12481 MHz, 35
2026/09/23 23:26:31.503, 0, 0 %, 82899 MiB, 90.90 W, 2355 MHz, 12481 MHz, 35
2026/09/23 23:26:31.503, 1, 0 %, 32147 MiB, 89.22 W, 2317 MHz, 12481 MHz, 35
2026/09/23 23:26:31.753, 0, 0 %, 82899 MiB, 90.38 W, 2355 MHz, 12481 MHz, 35
2026/09/23 23:26:31.753, 1, 0 %, 32147 MiB, 89.25 W, 2317 MHz, 12481 MHz, 35
2026/09/23 23:26:32.003, 0, 0 %, 82899 MiB, 90.34 W, 2355 MHz, 12481 MHz, 35
2026/09/23 23:26:32.003, 1, 0 %, 32179 MiB, 89.29 W, 2317 MHz, 12481 MHz, 35
2026/09/23 23:26:32.253, 0, 0 %, 82899 MiB, 90.40 W, 2355 MHz, 12481 MHz, 35
2026/09/23 23:26:32.253, 1, 0 %, 32179 MiB, 89.50 W, 2317 MHz, 12481 MHz, 35
2026/09/23 23:26:32.504, 0, 0 %, 82899 MiB, 90.38 W, 2355 MHz, 12481 MHz, 35
2026/09/23 23:26:32.504, 1, 0 %, 32211 MiB, 89.63 W, 2317 MHz, 12481 MHz, 35
2026/09/23 23:26:32.754, 0, 0 %, 82899 MiB, 90.37 W, 2355 MHz, 12481 MHz, 35
2026/09/23 23:26:32.754, 1, 0 %, 32211 MiB, 89.78 W, 2317 MHz, 12481 MHz, 35
2026/09/23 23:26:33.004, 0, 0 %, 82899 MiB, 90.38 W, 2355 MHz, 12481 MHz, 35
2026/09/23 23:26:33.004, 1, 0 %, 32211 MiB, 89.85 W, 2317 MHz, 12481 MHz, 35
2026/09/23 23:26:33.254, 0, 0 %, 82899 MiB, 90.41 W, 2355 MHz, 12481 MHz, 35
2026/09/23 23:26:33.254, 1, 3 %, 35699 MiB, 90.35 W, 2317 MHz, 12481 MHz, 35
2026/09/23 23:26:33.504, 0, 0 %, 82899 MiB, 90.39 W, 2355 MHz, 12481 MHz, 35
2026/09/23 23:26:33.504, 1, 1 %, 35699 MiB, 90.39 W, 2317 MHz, 12481 MHz, 35
2026/09/23 23:26:33.754, 0, 0 %, 82899 MiB, 90.42 W, 2355 MHz, 12481 MHz, 35
2026/09/23 23:26:33.754, 1, 1 %, 35699 MiB, 90.38 W, 2317 MHz, 12481 MHz, 35
2026/09/23 23:26:34.004, 0, 0 %, 82899 MiB, 90.39 W, 2355 MHz, 12481 MHz, 35
2026/09/23 23:26:34.004, 1, 1 %, 35699 MiB, 90.37 W, 2317 MHz, 12481 MHz, 35
2026/09/23 23:26:34.254, 0, 0 %, 82899 MiB, 90.38 W, 2355 MHz, 12481 MHz, 35
2026/09/23 23:26:34.254, 1, 1 %, 35699 MiB, 89.93 W, 2317 MHz, 12481 MHz, 35
2026/09/23 23:26:34.504, 0, 0 %, 82899 MiB, 90.38 W, 2355 MHz, 12481 MHz, 35
2026/09/23 23:26:34.504, 1, 1 %, 35699 MiB, 89.84 W, 2317 MHz, 12481 MHz, 35
2026/09/23 23:26:34.754, 0, 0 %, 82899 MiB, 90.38 W, 2355 MHz, 12481 MHz, 35
2026/09/23 23:26:34.754, 1, 1 %, 35699 MiB, 89.83 W, 2317 MHz, 12481 MHz, 35
2026/09/23 23:26:35.004, 0, 0 %, 82899 MiB, 90.38 W, 2355 MHz, 12481 MHz, 35
2026/09/23 23:26:35.004, 1, 1 %, 35699 MiB, 89.81 W, 2317 MHz, 12481 MHz, 35
2026/09/23 23:26:35.255, 0, 0 %, 82899 MiB, 89.16 W, 2355 MHz, 12481 MHz, 35
2026/09/23 23:26:35.255, 1, 1 %, 35699 MiB, 89.77 W, 2317 MHz, 12481 MHz, 35
2026/09/23 23:26:35.505, 0, 0 %, 82899 MiB, 89.16 W, 2355 MHz, 12481 MHz, 35
2026/09/23 23:26:35.505, 1, 1 %, 35699 MiB, 89.85 W, 2317 MHz, 12481 MHz, 35
2026/09/23 23:26:35.755, 0, 0 %, 82899 MiB, 89.16 W, 2355 MHz, 12481 MHz, 35
2026/09/23 23:26:35.755, 1, 1 %, 35699 MiB, 90.05 W, 2317 MHz, 12481 MHz, 35
2026/09/23 23:26:36.005, 0, 0 %, 82899 MiB, 89.16 W, 2355 MHz, 12481 MHz, 35
2026/09/23 23:26:36.005, 1, 1 %, 35699 MiB, 90.17 W, 2317 MHz, 12481 MHz, 35
2026/09/23 23:26:36.255, 0, 0 %, 82899 MiB, 88.67 W, 2355 MHz, 12481 MHz, 35
2026/09/23 23:26:36.255, 1, 1 %, 35699 MiB, 90.33 W, 2317 MHz, 12481 MHz, 35
2026/09/23 23:26:36.505, 0, 0 %, 82899 MiB, 88.67 W, 2355 MHz, 12481 MHz, 35
2026/09/23 23:26:36.505, 1, 1 %, 35699 MiB, 90.36 W, 2317 MHz, 12481 MHz, 35
2026/09/23 23:26:36.755, 0, 0 %, 82899 MiB, 88.67 W, 2355 MHz, 12481 MHz, 35
2026/09/23 23:26:36.755, 1, 1 %, 35699 MiB, 90.26 W, 2317 MHz, 12481 MHz, 35
2026/09/23 23:26:37.005, 0, 0 %, 82899 MiB, 88.67 W, 2355 MHz, 12481 MHz, 35
2026/09/23 23:26:37.005, 1, 1 %, 35699 MiB, 90.19 W, 2317 MHz, 12481 MHz, 35
2026/09/23 23:26:37.255, 0, 0 %, 82899 MiB, 88.72 W, 2355 MHz, 12481 MHz, 35
2026/09/23 23:26:37.255, 1, 1 %, 35699 MiB, 90.07 W, 2317 MHz, 12481 MHz, 35
2026/09/23 23:26:37.505, 0, 0 %, 82899 MiB, 88.72 W, 2355 MHz, 12481 MHz, 35
2026/09/23 23:26:37.505, 1, 1 %, 35699 MiB, 89.98 W, 2317 MHz, 12481 MHz, 35
2026/09/23 23:26:37.755, 0, 0 %, 82899 MiB, 88.72 W, 2355 MHz, 12481 MHz, 35
2026/09/23 23:26:37.755, 1, 1 %, 35699 MiB, 89.87 W, 2317 MHz, 12481 MHz, 35
2026/09/23 23:26:38.006, 0, 0 %, 82899 MiB, 88.72 W, 2355 MHz, 12481 MHz, 35
2026/09/23 23:26:38.006, 1, 1 %, 35699 MiB, 89.79 W, 2317 MHz, 12481 MHz, 35
2026/09/23 23:26:38.256, 0, 0 %, 82899 MiB, 88.97 W, 2355 MHz, 12481 MHz, 35
2026/09/23 23:26:38.256, 1, 1 %, 35699 MiB, 89.73 W, 2317 MHz, 12481 MHz, 35
2026/09/23 23:26:38.506, 0, 0 %, 82899 MiB, 88.97 W, 2355 MHz, 12481 MHz, 35
2026/09/23 23:26:38.506, 1, 1 %, 35699 MiB, 89.73 W, 2317 MHz, 12481 MHz, 35
2026/09/23 23:26:38.756, 0, 0 %, 82899 MiB, 88.97 W, 2355 MHz, 12481 MHz, 35
2026/09/23 23:26:38.756, 1, 1 %, 35699 MiB, 89.81 W, 2317 MHz, 12481 MHz, 35
2026/09/23 23:26:39.006, 0, 0 %, 82899 MiB, 88.97 W, 2355 MHz, 12481 MHz, 35
2026/09/23 23:26:39.006, 1, 1 %, 35699 MiB, 89.98 W, 2317 MHz, 12481 MHz, 35
2026/09/23 23:26:39.256, 0, 0 %, 82899 MiB, 89.65 W, 2355 MHz, 12481 MHz, 35
2026/09/23 23:26:39.256, 1, 1 %, 35699 MiB, 90.18 W, 2317 MHz, 12481 MHz, 35
2026/09/23 23:26:39.506, 0, 0 %, 82899 MiB, 89.65 W, 2355 MHz, 12481 MHz, 35
2026/09/23 23:26:39.506, 1, 1 %, 35699 MiB, 90.25 W, 2317 MHz, 12481 MHz, 35
2026/09/23 23:26:39.756, 0, 0 %, 82899 MiB, 89.65 W, 2355 MHz, 12481 MHz, 35
2026/09/23 23:26:39.756, 1, 1 %, 35699 MiB, 90.32 W, 2317 MHz, 12481 MHz, 35
2026/09/23 23:26:40.006, 0, 0 %, 82899 MiB, 89.65 W, 2355 MHz, 12481 MHz, 35
2026/09/23 23:26:40.006, 1, 1 %, 35699 MiB, 90.27 W, 2317 MHz, 12481 MHz, 35
2026/09/23 23:26:40.256, 0, 0 %, 82899 MiB, 89.60 W, 2355 MHz, 12481 MHz, 35
2026/09/23 23:26:40.256, 1, 1 %, 35699 MiB, 90.20 W, 2317 MHz, 12481 MHz, 35
2026/09/23 23:26:40.506, 0, 0 %, 82899 MiB, 89.60 W, 2355 MHz, 12481 MHz, 35
2026/09/23 23:26:40.506, 1, 1 %, 35699 MiB, 90.12 W, 2317 MHz, 12481 MHz, 35
2026/09/23 23:26:40.757, 0, 0 %, 82899 MiB, 89.59 W, 2355 MHz, 12481 MHz, 35
2026/09/23 23:26:40.757, 1, 0 %, 35731 MiB, 89.92 W, 2317 MHz, 12481 MHz, 35
2026/09/23 23:26:41.007, 0, 0 %, 82899 MiB, 89.66 W, 2355 MHz, 12481 MHz, 35
2026/09/23 23:26:41.007, 1, 0 %, 35731 MiB, 89.76 W, 2317 MHz, 12481 MHz, 35
2026/09/23 23:26:41.257, 0, 0 %, 82899 MiB, 89.84 W, 2355 MHz, 12481 MHz, 35
2026/09/23 23:26:41.257, 1, 0 %, 35731 MiB, 89.50 W, 2317 MHz, 12481 MHz, 35
2026/09/23 23:26:41.507, 0, 0 %, 82899 MiB, 89.92 W, 2355 MHz, 12481 MHz, 35
2026/09/23 23:26:41.507, 1, 0 %, 35763 MiB, 89.36 W, 2317 MHz, 12481 MHz, 35
2026/09/23 23:26:41.757, 0, 0 %, 82899 MiB, 90.25 W, 2355 MHz, 12481 MHz, 35
2026/09/23 23:26:41.757, 1, 0 %, 35763 MiB, 89.27 W, 2317 MHz, 12481 MHz, 35
2026/09/23 23:26:42.007, 0, 0 %, 82899 MiB, 90.25 W, 2355 MHz, 12481 MHz, 35
2026/09/23 23:26:42.007, 1, 0 %, 35763 MiB, 89.28 W, 2317 MHz, 12481 MHz, 35
2026/09/23 23:26:42.257, 0, 0 %, 82899 MiB, 90.32 W, 2355 MHz, 12481 MHz, 35
2026/09/23 23:26:42.257, 1, 0 %, 35795 MiB, 89.45 W, 2317 MHz, 12481 MHz, 35
2026/09/23 23:26:42.507, 0, 0 %, 82899 MiB, 90.29 W, 2355 MHz, 12481 MHz, 35
2026/09/23 23:26:42.507, 1, 0 %, 35795 MiB, 89.58 W, 2317 MHz, 12481 MHz, 35
2026/09/23 23:26:42.757, 0, 0 %, 82899 MiB, 90.29 W, 2355 MHz, 12481 MHz, 35
2026/09/23 23:26:42.757, 1, 0 %, 35795 MiB, 89.76 W, 2317 MHz, 12481 MHz, 35
2026/09/23 23:26:43.007, 0, 0 %, 82899 MiB, 90.30 W, 2355 MHz, 12481 MHz, 35
2026/09/23 23:26:43.007, 1, 0 %, 35827 MiB, 89.84 W, 2317 MHz, 12481 MHz, 35
2026/09/23 23:26:43.258, 0, 0 %, 82899 MiB, 90.27 W, 2355 MHz, 12481 MHz, 35
2026/09/23 23:26:43.258, 1, 0 %, 35859 MiB, 89.85 W, 2317 MHz, 12481 MHz, 35
2026/09/23 23:26:43.508, 0, 0 %, 82899 MiB, 90.27 W, 2355 MHz, 12481 MHz, 35
2026/09/23 23:26:43.508, 1, 0 %, 35859 MiB, 89.79 W, 2317 MHz, 12481 MHz, 35
2026/09/23 23:26:43.758, 0, 0 %, 82899 MiB, 90.30 W, 2355 MHz, 12481 MHz, 35
2026/09/23 23:26:43.758, 1, 1 %, 39315 MiB, 90.11 W, 2317 MHz, 12481 MHz, 35
2026/09/23 23:26:44.008, 0, 0 %, 82899 MiB, 90.30 W, 2355 MHz, 12481 MHz, 35
2026/09/23 23:26:44.008, 1, 1 %, 39315 MiB, 90.10 W, 2317 MHz, 12481 MHz, 35
2026/09/23 23:26:44.258, 0, 0 %, 82899 MiB, 90.34 W, 2355 MHz, 12481 MHz, 35
2026/09/23 23:26:44.258, 1, 1 %, 39315 MiB, 90.11 W, 2317 MHz, 12481 MHz, 35
2026/09/23 23:26:44.508, 0, 0 %, 82899 MiB, 90.37 W, 2355 MHz, 12481 MHz, 35
2026/09/23 23:26:44.508, 1, 1 %, 39315 MiB, 90.13 W, 2317 MHz, 12481 MHz, 35
2026/09/23 23:26:44.758, 0, 0 %, 82899 MiB, 90.34 W, 2355 MHz, 12481 MHz, 35
2026/09/23 23:26:44.758, 1, 1 %, 39315 MiB, 89.76 W, 2317 MHz, 12481 MHz, 35
2026/09/23 23:26:45.008, 0, 0 %, 82899 MiB, 90.34 W, 2355 MHz, 12481 MHz, 35
2026/09/23 23:26:45.008, 1, 1 %, 39315 MiB, 89.74 W, 2317 MHz, 12481 MHz, 35
2026/09/23 23:26:45.258, 0, 0 %, 82899 MiB, 90.34 W, 2355 MHz, 12481 MHz, 35
2026/09/23 23:26:45.258, 1, 1 %, 39315 MiB, 89.77 W, 2317 MHz, 12481 MHz, 35
2026/09/23 23:26:45.508, 0, 0 %, 82899 MiB, 90.34 W, 2355 MHz, 12481 MHz, 35
2026/09/23 23:26:45.508, 1, 1 %, 39315 MiB, 89.79 W, 2317 MHz, 12481 MHz, 35
2026/09/23 23:26:45.759, 0, 0 %, 82899 MiB, 89.19 W, 2355 MHz, 12481 MHz, 35
2026/09/23 23:26:45.759, 1, 1 %, 39315 MiB, 90.01 W, 2317 MHz, 12481 MHz, 35
2026/09/23 23:26:46.009, 0, 0 %, 82899 MiB, 89.19 W, 2355 MHz, 12481 MHz, 35
2026/09/23 23:26:46.009, 1, 1 %, 39315 MiB, 90.14 W, 2317 MHz, 12481 MHz, 35
2026/09/23 23:26:46.259, 0, 0 %, 82899 MiB, 89.19 W, 2355 MHz, 12481 MHz, 35
2026/09/23 23:26:46.259, 1, 1 %, 39315 MiB, 90.24 W, 2317 MHz, 12481 MHz, 35
2026/09/23 23:26:46.509, 0, 0 %, 82899 MiB, 89.19 W, 2355 MHz, 12481 MHz, 35
2026/09/23 23:26:46.509, 1, 1 %, 39315 MiB, 90.35 W, 2317 MHz, 12481 MHz, 35
2026/09/23 23:26:46.759, 0, 0 %, 82899 MiB, 90.14 W, 2355 MHz, 12481 MHz, 35
2026/09/23 23:26:46.759, 1, 1 %, 39315 MiB, 90.32 W, 2317 MHz, 12481 MHz, 35
2026/09/23 23:26:47.009, 0, 0 %, 82899 MiB, 90.14 W, 2355 MHz, 12481 MHz, 35
2026/09/23 23:26:47.009, 1, 1 %, 39315 MiB, 90.25 W, 2317 MHz, 12481 MHz, 35
2026/09/23 23:26:47.259, 0, 0 %, 82899 MiB, 89.82 W, 2355 MHz, 12481 MHz, 35
2026/09/23 23:26:47.259, 1, 15 %, 39347 MiB, 90.91 W, 2317 MHz, 12481 MHz, 35
2026/09/23 23:26:47.509, 0, 0 %, 82899 MiB, 89.86 W, 2355 MHz, 12481 MHz, 35
2026/09/23 23:26:47.509, 1, 0 %, 39347 MiB, 90.68 W, 2317 MHz, 12481 MHz, 35
2026/09/23 23:26:47.759, 0, 0 %, 82899 MiB, 89.73 W, 2355 MHz, 12481 MHz, 35
2026/09/23 23:26:47.759, 1, 0 %, 39347 MiB, 90.41 W, 2317 MHz, 12481 MHz, 35
2026/09/23 23:26:48.009, 0, 0 %, 82899 MiB, 89.82 W, 2355 MHz, 12481 MHz, 35
2026/09/23 23:26:48.009, 1, 0 %, 39379 MiB, 90.28 W, 2317 MHz, 12481 MHz, 35
2026/09/23 23:26:48.259, 0, 0 %, 82899 MiB, 90.25 W, 2355 MHz, 12481 MHz, 35
2026/09/23 23:26:48.259, 1, 0 %, 39379 MiB, 89.29 W, 2317 MHz, 12481 MHz, 35
2026/09/23 23:26:48.509, 0, 0 %, 82899 MiB, 90.28 W, 2355 MHz, 12481 MHz, 35
2026/09/23 23:26:48.510, 1, 0 %, 39411 MiB, 89.29 W, 2317 MHz, 12481 MHz, 35
2026/09/23 23:26:48.760, 0, 0 %, 82899 MiB, 90.31 W, 2355 MHz, 12481 MHz, 35
2026/09/23 23:26:48.760, 1, 0 %, 39411 MiB, 89.32 W, 2317 MHz, 12481 MHz, 35
2026/09/23 23:26:49.010, 0, 0 %, 82899 MiB, 90.28 W, 2355 MHz, 12481 MHz, 35
2026/09/23 23:26:49.010, 1, 0 %, 39443 MiB, 89.32 W, 2317 MHz, 12481 MHz, 35
2026/09/23 23:26:49.260, 0, 0 %, 82899 MiB, 90.29 W, 2355 MHz, 12481 MHz, 35
2026/09/23 23:26:49.260, 1, 0 %, 39443 MiB, 89.61 W, 2317 MHz, 12481 MHz, 35
2026/09/23 23:26:49.510, 0, 0 %, 82899 MiB, 90.36 W, 2355 MHz, 12481 MHz, 35
2026/09/23 23:26:49.510, 1, 0 %, 42931 MiB, 90.95 W, 2317 MHz, 12481 MHz, 35
2026/09/23 23:26:49.760, 0, 0 %, 82899 MiB, 90.33 W, 2355 MHz, 12481 MHz, 35
2026/09/23 23:26:49.760, 1, 10 %, 42963 MiB, 92.34 W, 2317 MHz, 12481 MHz, 35
2026/09/23 23:26:50.010, 0, 0 %, 82899 MiB, 90.33 W, 2355 MHz, 12481 MHz, 35
2026/09/23 23:26:50.010, 1, 0 %, 42995 MiB, 92.51 W, 2317 MHz, 12481 MHz, 35
2026/09/23 23:26:50.260, 0, 0 %, 82899 MiB, 90.34 W, 2355 MHz, 12481 MHz, 35
2026/09/23 23:26:50.260, 1, 0 %, 42995 MiB, 92.37 W, 2317 MHz, 12481 MHz, 35
2026/09/23 23:26:50.510, 0, 0 %, 82899 MiB, 90.27 W, 2355 MHz, 12481 MHz, 35
2026/09/23 23:26:50.510, 1, 0 %, 43027 MiB, 91.17 W, 2317 MHz, 12481 MHz, 35
2026/09/23 23:26:50.760, 0, 0 %, 82899 MiB, 90.33 W, 2355 MHz, 12481 MHz, 35
2026/09/23 23:26:50.760, 1, 0 %, 43027 MiB, 89.67 W, 2317 MHz, 12481 MHz, 35
2026/09/23 23:26:51.010, 0, 0 %, 82899 MiB, 90.37 W, 2355 MHz, 12481 MHz, 35
2026/09/23 23:26:51.010, 1, 0 %, 43059 MiB, 89.54 W, 2317 MHz, 12481 MHz, 35
2026/09/23 23:26:51.261, 0, 0 %, 82899 MiB, 90.37 W, 2355 MHz, 12481 MHz, 35
2026/09/23 23:26:51.261, 1, 0 %, 43059 MiB, 89.43 W, 2317 MHz, 12481 MHz, 35
2026/09/23 23:26:51.511, 0, 0 %, 82899 MiB, 90.38 W, 2355 MHz, 12481 MHz, 35
2026/09/23 23:26:51.511, 1, 0 %, 43059 MiB, 89.34 W, 2317 MHz, 12481 MHz, 35
2026/09/23 23:26:51.761, 0, 0 %, 82899 MiB, 90.33 W, 2355 MHz, 12481 MHz, 35
2026/09/23 23:26:51.761, 1, 0 %, 43091 MiB, 89.28 W, 2317 MHz, 12481 MHz, 35
2026/09/23 23:26:52.011, 0, 0 %, 82899 MiB, 90.29 W, 2355 MHz, 12481 MHz, 35
2026/09/23 23:26:52.011, 1, 0 %, 46579 MiB, 89.26 W, 2317 MHz, 12481 MHz, 35
2026/09/23 23:26:52.261, 0, 0 %, 82899 MiB, 90.36 W, 2355 MHz, 12481 MHz, 35
2026/09/23 23:26:52.261, 1, 25 %, 46579 MiB, 91.26 W, 2317 MHz, 12481 MHz, 35
2026/09/23 23:26:52.511, 0, 0 %, 82899 MiB, 90.35 W, 2355 MHz, 12481 MHz, 35
2026/09/23 23:26:52.511, 1, 14 %, 46579 MiB, 91.56 W, 2317 MHz, 12481 MHz, 35
2026/09/23 23:26:52.761, 0, 0 %, 82899 MiB, 90.36 W, 2355 MHz, 12481 MHz, 35
2026/09/23 23:26:52.761, 1, 0 %, 46579 MiB, 91.77 W, 2317 MHz, 12481 MHz, 35
2026/09/23 23:26:53.011, 0, 0 %, 82899 MiB, 90.35 W, 2355 MHz, 12481 MHz, 35
2026/09/23 23:26:53.011, 1, 1 %, 46611 MiB, 91.86 W, 2317 MHz, 12481 MHz, 35
2026/09/23 23:26:53.261, 0, 0 %, 82899 MiB, 90.29 W, 2355 MHz, 12481 MHz, 35
2026/09/23 23:26:53.261, 1, 0 %, 46611 MiB, 90.21 W, 2317 MHz, 12481 MHz, 35
2026/09/23 23:26:53.511, 0, 0 %, 82899 MiB, 90.29 W, 2355 MHz, 12481 MHz, 35
2026/09/23 23:26:53.511, 1, 0 %, 46643 MiB, 89.88 W, 2317 MHz, 12481 MHz, 35
2026/09/23 23:26:53.761, 0, 0 %, 82899 MiB, 90.28 W, 2355 MHz, 12481 MHz, 35
2026/09/23 23:26:53.761, 1, 0 %, 46643 MiB, 89.77 W, 2317 MHz, 12481 MHz, 35
2026/09/23 23:26:54.011, 0, 0 %, 82899 MiB, 90.27 W, 2355 MHz, 12481 MHz, 35
2026/09/23 23:26:54.011, 1, 0 %, 46643 MiB, 89.70 W, 2317 MHz, 12481 MHz, 35
2026/09/23 23:26:54.262, 0, 0 %, 82899 MiB, 90.26 W, 2355 MHz, 12481 MHz, 35
2026/09/23 23:26:54.262, 1, 1 %, 46707 MiB, 89.57 W, 2317 MHz, 12481 MHz, 35
2026/09/23 23:26:54.512, 0, 0 %, 82899 MiB, 90.27 W, 2355 MHz, 12481 MHz, 35
2026/09/23 23:26:54.512, 1, 0 %, 50163 MiB, 89.49 W, 2317 MHz, 12481 MHz, 35
2026/09/23 23:26:54.762, 0, 0 %, 82899 MiB, 90.30 W, 2355 MHz, 12481 MHz, 35
2026/09/23 23:26:54.762, 1, 21 %, 50163 MiB, 91.39 W, 2317 MHz, 12481 MHz, 35
2026/09/23 23:26:55.012, 0, 0 %, 82899 MiB, 90.32 W, 2355 MHz, 12481 MHz, 35
2026/09/23 23:26:55.012, 1, 0 %, 50227 MiB, 91.63 W, 2317 MHz, 12481 MHz, 35
2026/09/23 23:26:55.262, 0, 0 %, 82899 MiB, 90.32 W, 2355 MHz, 12481 MHz, 35
2026/09/23 23:26:55.262, 1, 0 %, 50227 MiB, 91.64 W, 2317 MHz, 12481 MHz, 35
2026/09/23 23:26:55.512, 0, 0 %, 82899 MiB, 90.29 W, 2355 MHz, 12481 MHz, 35
2026/09/23 23:26:55.512, 1, 0 %, 50227 MiB, 91.70 W, 2317 MHz, 12481 MHz, 35
2026/09/23 23:26:55.762, 0, 0 %, 82899 MiB, 90.31 W, 2355 MHz, 12481 MHz, 35
2026/09/23 23:26:55.762, 1, 0 %, 50259 MiB, 89.78 W, 2317 MHz, 12481 MHz, 35
2026/09/23 23:26:56.012, 0, 0 %, 82899 MiB, 90.32 W, 2355 MHz, 12481 MHz, 35
2026/09/23 23:26:56.012, 1, 0 %, 50259 MiB, 89.62 W, 2317 MHz, 12481 MHz, 35
2026/09/23 23:26:56.262, 0, 0 %, 82899 MiB, 90.33 W, 2355 MHz, 12481 MHz, 35
2026/09/23 23:26:56.262, 1, 0 %, 50291 MiB, 89.79 W, 2317 MHz, 12481 MHz, 35
2026/09/23 23:26:56.512, 0, 0 %, 82899 MiB, 90.38 W, 2355 MHz, 12481 MHz, 35
2026/09/23 23:26:56.512, 1, 0 %, 50291 MiB, 89.90 W, 2317 MHz, 12481 MHz, 35
2026/09/23 23:26:56.762, 0, 0 %, 82899 MiB, 90.35 W, 2355 MHz, 12481 MHz, 35
2026/09/23 23:26:56.762, 1, 0 %, 50323 MiB, 89.96 W, 2317 MHz, 12481 MHz, 35
2026/09/23 23:26:57.013, 0, 0 %, 82899 MiB, 90.32 W, 2355 MHz, 12481 MHz, 35
2026/09/23 23:26:57.013, 1, 0 %, 50323 MiB, 89.88 W, 2317 MHz, 12481 MHz, 35
2026/09/23 23:26:57.263, 0, 0 %, 82899 MiB, 90.38 W, 2355 MHz, 12481 MHz, 35
2026/09/23 23:26:57.263, 1, 0 %, 53811 MiB, 90.77 W, 2317 MHz, 12481 MHz, 35
2026/09/23 23:26:57.513, 0, 0 %, 82899 MiB, 90.35 W, 2355 MHz, 12481 MHz, 35
2026/09/23 23:26:57.513, 1, 25 %, 53843 MiB, 91.79 W, 2317 MHz, 12481 MHz, 35
2026/09/23 23:26:57.763, 0, 0 %, 82899 MiB, 90.35 W, 2355 MHz, 12481 MHz, 35
2026/09/23 23:26:57.763, 1, 0 %, 53843 MiB, 91.65 W, 2317 MHz, 12481 MHz, 35
2026/09/23 23:26:58.013, 0, 0 %, 82899 MiB, 90.36 W, 2355 MHz, 12481 MHz, 35
2026/09/23 23:26:58.013, 1, 0 %, 53875 MiB, 91.54 W, 2317 MHz, 12481 MHz, 35
2026/09/23 23:26:58.263, 0, 0 %, 82899 MiB, 90.27 W, 2355 MHz, 12481 MHz, 35
2026/09/23 23:26:58.263, 1, 1 %, 53875 MiB, 90.56 W, 2317 MHz, 12481 MHz, 35
2026/09/23 23:26:58.513, 0, 0 %, 82899 MiB, 90.26 W, 2355 MHz, 12481 MHz, 35
2026/09/23 23:26:58.513, 1, 0 %, 53875 MiB, 89.27 W, 2317 MHz, 12481 MHz, 35
2026/09/23 23:26:58.763, 0, 0 %, 82899 MiB, 90.30 W, 2355 MHz, 12481 MHz, 35
2026/09/23 23:26:58.763, 1, 1 %, 53907 MiB, 89.31 W, 2317 MHz, 12481 MHz, 35
2026/09/23 23:26:59.013, 0, 0 %, 82899 MiB, 90.27 W, 2355 MHz, 12481 MHz, 35
2026/09/23 23:26:59.013, 1, 0 %, 53907 MiB, 89.37 W, 2317 MHz, 12481 MHz, 35
2026/09/23 23:26:59.263, 0, 0 %, 82899 MiB, 90.29 W, 2355 MHz, 12481 MHz, 35
2026/09/23 23:26:59.263, 1, 0 %, 53939 MiB, 89.53 W, 2317 MHz, 12481 MHz, 35
2026/09/23 23:26:59.513, 0, 0 %, 82899 MiB, 90.30 W, 2355 MHz, 12481 MHz, 35
2026/09/23 23:26:59.513, 1, 0 %, 53939 MiB, 89.70 W, 2317 MHz, 12481 MHz, 35
2026/09/23 23:26:59.763, 0, 0 %, 82899 MiB, 90.26 W, 2355 MHz, 12481 MHz, 35
2026/09/23 23:26:59.763, 1, 28 %, 57427 MiB, 91.47 W, 2317 MHz, 12481 MHz, 35
2026/09/23 23:27:00.013, 0, 0 %, 82899 MiB, 90.33 W, 2355 MHz, 12481 MHz, 35
2026/09/23 23:27:00.014, 1, 12 %, 57459 MiB, 92.30 W, 2317 MHz, 12481 MHz, 35
2026/09/23 23:27:00.264, 0, 0 %, 82899 MiB, 90.33 W, 2355 MHz, 12481 MHz, 35
2026/09/23 23:27:00.264, 1, 0 %, 57459 MiB, 92.30 W, 2317 MHz, 12481 MHz, 35
2026/09/23 23:27:00.514, 0, 0 %, 82899 MiB, 90.31 W, 2355 MHz, 12481 MHz, 35
2026/09/23 23:27:00.514, 1, 0 %, 57459 MiB, 92.22 W, 2317 MHz, 12481 MHz, 35
2026/09/23 23:27:00.764, 0, 0 %, 82899 MiB, 90.36 W, 2355 MHz, 12481 MHz, 35
2026/09/23 23:27:00.764, 1, 1 %, 57491 MiB, 90.41 W, 2317 MHz, 12481 MHz, 35
2026/09/23 23:27:01.014, 0, 0 %, 82899 MiB, 90.29 W, 2355 MHz, 12481 MHz, 35
2026/09/23 23:27:01.014, 1, 0 %, 57491 MiB, 89.60 W, 2317 MHz, 12481 MHz, 35
2026/09/23 23:27:01.264, 0, 0 %, 82899 MiB, 90.28 W, 2355 MHz, 12481 MHz, 35
2026/09/23 23:27:01.264, 1, 0 %, 57523 MiB, 89.48 W, 2317 MHz, 12481 MHz, 35
2026/09/23 23:27:01.514, 0, 0 %, 82899 MiB, 90.31 W, 2355 MHz, 12481 MHz, 35
2026/09/23 23:27:01.514, 1, 1 %, 57523 MiB, 89.40 W, 2317 MHz, 12481 MHz, 35
2026/09/23 23:27:01.764, 0, 0 %, 82899 MiB, 90.29 W, 2355 MHz, 12481 MHz, 35
2026/09/23 23:27:01.764, 1, 0 %, 57555 MiB, 89.33 W, 2317 MHz, 12481 MHz, 35
2026/09/23 23:27:02.014, 0, 0 %, 82899 MiB, 90.29 W, 2355 MHz, 12481 MHz, 35
2026/09/23 23:27:02.014, 1, 0 %, 57587 MiB, 89.30 W, 2317 MHz, 12481 MHz, 35
2026/09/23 23:27:02.264, 0, 0 %, 82899 MiB, 90.34 W, 2355 MHz, 12481 MHz, 35
2026/09/23 23:27:02.264, 1, 0 %, 61043 MiB, 89.80 W, 2317 MHz, 12481 MHz, 35
2026/09/23 23:27:02.514, 0, 0 %, 82899 MiB, 90.32 W, 2355 MHz, 12481 MHz, 35
2026/09/23 23:27:02.514, 1, 23 %, 61075 MiB, 90.96 W, 2317 MHz, 12481 MHz, 35
2026/09/23 23:27:02.765, 0, 0 %, 82899 MiB, 90.29 W, 2355 MHz, 12481 MHz, 35
2026/09/23 23:27:02.765, 1, 0 %, 61075 MiB, 91.54 W, 2317 MHz, 12481 MHz, 35
2026/09/23 23:27:03.015, 0, 0 %, 82899 MiB, 90.30 W, 2355 MHz, 12481 MHz, 35
2026/09/23 23:27:03.015, 1, 0 %, 61075 MiB, 91.62 W, 2317 MHz, 12481 MHz, 35
2026/09/23 23:27:03.265, 0, 0 %, 82899 MiB, 90.26 W, 2355 MHz, 12481 MHz, 35
2026/09/23 23:27:03.265, 1, 0 %, 61107 MiB, 91.45 W, 2317 MHz, 12481 MHz, 35
2026/09/23 23:27:03.515, 0, 0 %, 82899 MiB, 90.26 W, 2355 MHz, 12481 MHz, 35
2026/09/23 23:27:03.515, 1, 0 %, 61107 MiB, 90.32 W, 2317 MHz, 12481 MHz, 35
2026/09/23 23:27:03.765, 0, 0 %, 82899 MiB, 90.31 W, 2355 MHz, 12481 MHz, 35
2026/09/23 23:27:03.765, 1, 0 %, 61139 MiB, 89.82 W, 2317 MHz, 12481 MHz, 35
2026/09/23 23:27:04.015, 0, 0 %, 82899 MiB, 90.29 W, 2355 MHz, 12481 MHz, 35
2026/09/23 23:27:04.015, 1, 0 %, 61139 MiB, 89.74 W, 2317 MHz, 12481 MHz, 35
2026/09/23 23:27:04.265, 0, 0 %, 82899 MiB, 90.27 W, 2355 MHz, 12481 MHz, 35
2026/09/23 23:27:04.265, 1, 0 %, 61171 MiB, 89.63 W, 2317 MHz, 12481 MHz, 35
2026/09/23 23:27:04.515, 0, 0 %, 82899 MiB, 90.31 W, 2355 MHz, 12481 MHz, 35
2026/09/23 23:27:04.515, 1, 1 %, 61171 MiB, 89.58 W, 2317 MHz, 12481 MHz, 35
2026/09/23 23:27:04.765, 0, 0 %, 82899 MiB, 90.32 W, 2355 MHz, 12481 MHz, 35
2026/09/23 23:27:04.765, 1, 5 %, 64659 MiB, 90.55 W, 2317 MHz, 12481 MHz, 35
2026/09/23 23:27:05.015, 0, 0 %, 82899 MiB, 90.36 W, 2355 MHz, 12481 MHz, 35
2026/09/23 23:27:05.015, 1, 26 %, 64691 MiB, 91.75 W, 2317 MHz, 12481 MHz, 35
2026/09/23 23:27:05.265, 0, 0 %, 82899 MiB, 90.37 W, 2355 MHz, 12481 MHz, 35
2026/09/23 23:27:05.265, 1, 0 %, 64723 MiB, 91.82 W, 2317 MHz, 12481 MHz, 35
2026/09/23 23:27:05.515, 0, 0 %, 82899 MiB, 90.32 W, 2355 MHz, 12481 MHz, 35
2026/09/23 23:27:05.515, 1, 0 %, 64723 MiB, 91.85 W, 2317 MHz, 12481 MHz, 35
2026/09/23 23:27:05.766, 0, 0 %, 82899 MiB, 90.32 W, 2355 MHz, 12481 MHz, 35
2026/09/23 23:27:05.766, 1, 0 %, 64755 MiB, 90.78 W, 2317 MHz, 12481 MHz, 35
2026/09/23 23:27:06.016, 0, 0 %, 82899 MiB, 90.32 W, 2355 MHz, 12481 MHz, 35
2026/09/23 23:27:06.016, 1, 0 %, 64755 MiB, 89.61 W, 2317 MHz, 12481 MHz, 35
2026/09/23 23:27:06.266, 0, 0 %, 82899 MiB, 90.33 W, 2355 MHz, 12481 MHz, 35
2026/09/23 23:27:06.266, 1, 0 %, 64755 MiB, 89.59 W, 2317 MHz, 12481 MHz, 35
2026/09/23 23:27:06.516, 0, 0 %, 82899 MiB, 90.39 W, 2355 MHz, 12481 MHz, 35
2026/09/23 23:27:06.516, 1, 0 %, 64787 MiB, 89.72 W, 2317 MHz, 12481 MHz, 35
2026/09/23 23:27:06.766, 0, 0 %, 82899 MiB, 90.39 W, 2355 MHz, 12481 MHz, 35
2026/09/23 23:27:06.766, 1, 0 %, 64787 MiB, 89.83 W, 2317 MHz, 12481 MHz, 35
2026/09/23 23:27:07.016, 0, 0 %, 82899 MiB, 90.35 W, 2355 MHz, 12481 MHz, 35
2026/09/23 23:27:07.016, 1, 1 %, 64819 MiB, 89.89 W, 2317 MHz, 12481 MHz, 35
2026/09/23 23:27:07.266, 0, 0 %, 82899 MiB, 90.36 W, 2355 MHz, 12481 MHz, 35
2026/09/23 23:27:07.266, 1, 0 %, 64819 MiB, 89.79 W, 2317 MHz, 12481 MHz, 35
2026/09/23 23:27:07.516, 0, 0 %, 82899 MiB, 90.37 W, 2355 MHz, 12481 MHz, 35
2026/09/23 23:27:07.516, 1, 0 %, 68307 MiB, 91.02 W, 2317 MHz, 12481 MHz, 35
2026/09/23 23:27:07.766, 0, 0 %, 82899 MiB, 90.36 W, 2355 MHz, 12481 MHz, 35
2026/09/23 23:27:07.766, 1, 0 %, 68307 MiB, 91.93 W, 2317 MHz, 12481 MHz, 35
2026/09/23 23:27:08.016, 0, 0 %, 82899 MiB, 90.40 W, 2355 MHz, 12481 MHz, 35
2026/09/23 23:27:08.016, 1, 0 %, 68307 MiB, 91.82 W, 2317 MHz, 12481 MHz, 35
2026/09/23 23:27:08.266, 0, 0 %, 82899 MiB, 90.35 W, 2355 MHz, 12481 MHz, 35
2026/09/23 23:27:08.266, 1, 0 %, 68339 MiB, 91.73 W, 2317 MHz, 12481 MHz, 35
2026/09/23 23:27:08.517, 0, 0 %, 82899 MiB, 90.28 W, 2355 MHz, 12481 MHz, 35
2026/09/23 23:27:08.517, 1, 1 %, 68339 MiB, 90.43 W, 2317 MHz, 12481 MHz, 35
2026/09/23 23:27:08.767, 0, 0 %, 82899 MiB, 90.27 W, 2355 MHz, 12481 MHz, 35
2026/09/23 23:27:08.767, 1, 0 %, 68339 MiB, 89.25 W, 2317 MHz, 12481 MHz, 35
2026/09/23 23:27:09.017, 0, 0 %, 82899 MiB, 90.23 W, 2355 MHz, 12481 MHz, 35
2026/09/23 23:27:09.017, 1, 0 %, 68371 MiB, 89.26 W, 2317 MHz, 12481 MHz, 35
2026/09/23 23:27:09.267, 0, 0 %, 82899 MiB, 90.27 W, 2355 MHz, 12481 MHz, 35
2026/09/23 23:27:09.267, 1, 0 %, 68371 MiB, 89.33 W, 2317 MHz, 12481 MHz, 35
2026/09/23 23:27:09.517, 0, 0 %, 82899 MiB, 90.30 W, 2355 MHz, 12481 MHz, 35
2026/09/23 23:27:09.517, 1, 0 %, 68435 MiB, 89.49 W, 2317 MHz, 12481 MHz, 35
2026/09/23 23:27:09.767, 0, 0 %, 82899 MiB, 90.29 W, 2355 MHz, 12481 MHz, 35
2026/09/23 23:27:09.767, 1, 0 %, 68435 MiB, 89.74 W, 2317 MHz, 12481 MHz, 35
2026/09/23 23:27:10.017, 0, 0 %, 82899 MiB, 90.38 W, 2355 MHz, 12481 MHz, 35
2026/09/23 23:27:10.017, 1, 14 %, 71891 MiB, 91.15 W, 2317 MHz, 12481 MHz, 35
2026/09/23 23:27:10.267, 0, 0 %, 82899 MiB, 90.37 W, 2355 MHz, 12481 MHz, 35
2026/09/23 23:27:10.267, 1, 1 %, 71891 MiB, 91.69 W, 2317 MHz, 12481 MHz, 35
2026/09/23 23:27:10.517, 0, 0 %, 82899 MiB, 90.35 W, 2355 MHz, 12481 MHz, 35
2026/09/23 23:27:10.517, 1, 1 %, 71891 MiB, 91.73 W, 2317 MHz, 12481 MHz, 35
2026/09/23 23:27:10.767, 0, 0 %, 82899 MiB, 90.39 W, 2355 MHz, 12481 MHz, 35
2026/09/23 23:27:10.767, 1, 1 %, 71891 MiB, 91.80 W, 2317 MHz, 12481 MHz, 35
2026/09/23 23:27:11.017, 0, 0 %, 82899 MiB, 90.37 W, 2355 MHz, 12481 MHz, 35
2026/09/23 23:27:11.017, 1, 1 %, 71891 MiB, 90.63 W, 2317 MHz, 12481 MHz, 35
2026/09/23 23:27:11.268, 0, 0 %, 82899 MiB, 90.37 W, 2355 MHz, 12481 MHz, 35
2026/09/23 23:27:11.268, 1, 1 %, 71891 MiB, 90.04 W, 2317 MHz, 12481 MHz, 35
2026/09/23 23:27:11.518, 0, 0 %, 82899 MiB, 90.37 W, 2355 MHz, 12481 MHz, 35
2026/09/23 23:27:11.518, 1, 1 %, 71891 MiB, 89.89 W, 2317 MHz, 12481 MHz, 35
2026/09/23 23:27:11.768, 0, 0 %, 82899 MiB, 90.37 W, 2355 MHz, 12481 MHz, 35
2026/09/23 23:27:11.768, 1, 0 %, 71891 MiB, 89.69 W, 2317 MHz, 12481 MHz, 35
2026/09/23 23:27:12.018, 0, 0 %, 82899 MiB, 88.64 W, 2355 MHz, 12481 MHz, 35
2026/09/23 23:27:12.018, 1, 0 %, 71891 MiB, 89.55 W, 2317 MHz, 12481 MHz, 35
2026/09/23 23:27:12.268, 0, 0 %, 82899 MiB, 88.64 W, 2355 MHz, 12481 MHz, 35
2026/09/23 23:27:12.268, 1, 0 %, 71891 MiB, 89.44 W, 2317 MHz, 12481 MHz, 35
2026/09/23 23:27:12.518, 0, 0 %, 82899 MiB, 88.64 W, 2355 MHz, 12481 MHz, 35
2026/09/23 23:27:12.518, 1, 0 %, 71891 MiB, 89.44 W, 2317 MHz, 12481 MHz, 35
2026/09/23 23:27:12.768, 0, 0 %, 82899 MiB, 88.64 W, 2355 MHz, 12481 MHz, 35
2026/09/23 23:27:12.768, 1, 0 %, 71891 MiB, 89.59 W, 2317 MHz, 12481 MHz, 35
2026/09/23 23:27:13.018, 0, 0 %, 82899 MiB, 89.66 W, 2355 MHz, 12481 MHz, 35
2026/09/23 23:27:13.018, 1, 0 %, 71891 MiB, 89.72 W, 2317 MHz, 12481 MHz, 35
2026/09/23 23:27:13.268, 0, 0 %, 82899 MiB, 89.66 W, 2355 MHz, 12481 MHz, 35
2026/09/23 23:27:13.269, 1, 0 %, 71891 MiB, 89.94 W, 2317 MHz, 12481 MHz, 35
2026/09/23 23:27:13.519, 0, 0 %, 82899 MiB, 89.66 W, 2355 MHz, 12481 MHz, 35
2026/09/23 23:27:13.519, 1, 0 %, 71891 MiB, 90.04 W, 2317 MHz, 12481 MHz, 35
2026/09/23 23:27:13.769, 0, 0 %, 82899 MiB, 89.66 W, 2355 MHz, 12481 MHz, 35
2026/09/23 23:27:13.769, 1, 0 %, 71891 MiB, 90.10 W, 2317 MHz, 12481 MHz, 35
2026/09/23 23:27:14.019, 0, 0 %, 82899 MiB, 89.16 W, 2355 MHz, 12481 MHz, 35
2026/09/23 23:27:14.019, 1, 0 %, 71891 MiB, 90.03 W, 2317 MHz, 12481 MHz, 35
2026/09/23 23:27:14.269, 0, 0 %, 82899 MiB, 89.16 W, 2355 MHz, 12481 MHz, 35
2026/09/23 23:27:14.269, 1, 0 %, 71891 MiB, 89.89 W, 2317 MHz, 12481 MHz, 35
2026/09/23 23:27:14.519, 0, 0 %, 82899 MiB, 89.37 W, 2355 MHz, 12481 MHz, 35
2026/09/23 23:27:14.519, 1, 0 %, 71923 MiB, 89.76 W, 2317 MHz, 12481 MHz, 35
2026/09/23 23:27:14.769, 0, 0 %, 82899 MiB, 89.52 W, 2355 MHz, 12481 MHz, 35
2026/09/23 23:27:14.769, 1, 0 %, 71955 MiB, 89.53 W, 2317 MHz, 12481 MHz, 35
2026/09/23 23:27:15.019, 0, 0 %, 82899 MiB, 90.00 W, 2355 MHz, 12481 MHz, 35
2026/09/23 23:27:15.019, 1, 0 %, 71955 MiB, 89.43 W, 2317 MHz, 12481 MHz, 35
2026/09/23 23:27:15.269, 0, 0 %, 82899 MiB, 90.08 W, 2355 MHz, 12481 MHz, 35
2026/09/23 23:27:15.269, 1, 0 %, 71955 MiB, 89.31 W, 2317 MHz, 12481 MHz, 35
2026/09/23 23:27:15.519, 0, 0 %, 82899 MiB, 90.34 W, 2355 MHz, 12481 MHz, 35
2026/09/23 23:27:15.520, 1, 1 %, 71987 MiB, 89.25 W, 2317 MHz, 12481 MHz, 35
2026/09/23 23:27:15.770, 0, 0 %, 82899 MiB, 90.34 W, 2355 MHz, 12481 MHz, 35
2026/09/23 23:27:15.770, 1, 0 %, 71987 MiB, 89.27 W, 2317 MHz, 12481 MHz, 35
2026/09/23 23:27:16.020, 0, 0 %, 82899 MiB, 90.27 W, 2355 MHz, 12481 MHz, 35
2026/09/23 23:27:16.020, 1, 0 %, 72019 MiB, 89.26 W, 2317 MHz, 12481 MHz, 35
2026/09/23 23:27:16.270, 0, 0 %, 82899 MiB, 90.26 W, 2355 MHz, 12481 MHz, 35
2026/09/23 23:27:16.270, 1, 0 %, 72019 MiB, 89.46 W, 2317 MHz, 12481 MHz, 35
2026/09/23 23:27:16.520, 0, 0 %, 82899 MiB, 90.32 W, 2355 MHz, 12481 MHz, 35
2026/09/23 23:27:16.520, 1, 0 %, 72019 MiB, 89.62 W, 2317 MHz, 12481 MHz, 35
2026/09/23 23:27:16.770, 0, 0 %, 82899 MiB, 90.35 W, 2355 MHz, 12481 MHz, 35
2026/09/23 23:27:16.770, 1, 0 %, 72051 MiB, 89.78 W, 2317 MHz, 12481 MHz, 35
2026/09/23 23:27:17.020, 0, 0 %, 82899 MiB, 90.36 W, 2355 MHz, 12481 MHz, 35
2026/09/23 23:27:17.020, 1, 0 %, 72083 MiB, 89.92 W, 2317 MHz, 12481 MHz, 35
2026/09/23 23:27:17.270, 0, 0 %, 82899 MiB, 90.39 W, 2355 MHz, 12481 MHz, 35
2026/09/23 23:27:17.270, 1, 0 %, 75539 MiB, 90.67 W, 2317 MHz, 12481 MHz, 35
2026/09/23 23:27:17.520, 0, 0 %, 82899 MiB, 90.35 W, 2355 MHz, 12481 MHz, 35
2026/09/23 23:27:17.520, 1, 1 %, 75539 MiB, 90.69 W, 2317 MHz, 12481 MHz, 35
2026/09/23 23:27:17.770, 0, 0 %, 82899 MiB, 90.36 W, 2355 MHz, 12481 MHz, 35
2026/09/23 23:27:17.770, 1, 1 %, 75539 MiB, 90.72 W, 2317 MHz, 12481 MHz, 35
2026/09/23 23:27:18.020, 0, 0 %, 82899 MiB, 90.40 W, 2355 MHz, 12481 MHz, 35
2026/09/23 23:27:18.020, 1, 1 %, 75539 MiB, 90.69 W, 2317 MHz, 12481 MHz, 35
2026/09/23 23:27:18.271, 0, 0 %, 82899 MiB, 90.41 W, 2355 MHz, 12481 MHz, 35
2026/09/23 23:27:18.271, 1, 1 %, 75539 MiB, 89.96 W, 2317 MHz, 12481 MHz, 35
2026/09/23 23:27:18.521, 0, 0 %, 82899 MiB, 90.41 W, 2355 MHz, 12481 MHz, 35
2026/09/23 23:27:18.521, 1, 1 %, 75539 MiB, 89.92 W, 2317 MHz, 12481 MHz, 35
2026/09/23 23:27:18.771, 0, 0 %, 82899 MiB, 90.41 W, 2355 MHz, 12481 MHz, 35
2026/09/23 23:27:18.771, 1, 1 %, 75539 MiB, 89.84 W, 2317 MHz, 12481 MHz, 35
2026/09/23 23:27:19.021, 0, 0 %, 82899 MiB, 90.41 W, 2355 MHz, 12481 MHz, 35
2026/09/23 23:27:19.021, 1, 1 %, 75539 MiB, 89.83 W, 2317 MHz, 12481 MHz, 35
2026/09/23 23:27:19.271, 0, 0 %, 82899 MiB, 89.30 W, 2355 MHz, 12481 MHz, 35
2026/09/23 23:27:19.271, 1, 1 %, 75539 MiB, 89.82 W, 2317 MHz, 12481 MHz, 35
2026/09/23 23:27:19.521, 0, 0 %, 82899 MiB, 89.30 W, 2355 MHz, 12481 MHz, 35
2026/09/23 23:27:19.521, 1, 1 %, 75539 MiB, 89.87 W, 2317 MHz, 12481 MHz, 35
2026/09/23 23:27:19.771, 0, 0 %, 82899 MiB, 89.30 W, 2355 MHz, 12481 MHz, 35
2026/09/23 23:27:19.771, 1, 16 %, 75539 MiB, 90.77 W, 2317 MHz, 12481 MHz, 35
2026/09/23 23:27:20.021, 0, 0 %, 82899 MiB, 89.32 W, 2355 MHz, 12481 MHz, 35
2026/09/23 23:27:20.021, 1, 1 %, 75571 MiB, 91.15 W, 2317 MHz, 12481 MHz, 35
2026/09/23 23:27:20.271, 0, 0 %, 82899 MiB, 89.67 W, 2355 MHz, 12481 MHz, 35
2026/09/23 23:27:20.271, 1, 0 %, 75571 MiB, 91.11 W, 2317 MHz, 12481 MHz, 35
2026/09/23 23:27:20.521, 0, 0 %, 82899 MiB, 89.76 W, 2355 MHz, 12481 MHz, 35
2026/09/23 23:27:20.521, 1, 0 %, 75603 MiB, 91.06 W, 2317 MHz, 12481 MHz, 35
2026/09/23 23:27:20.771, 0, 0 %, 82899 MiB, 89.88 W, 2355 MHz, 12481 MHz, 35
2026/09/23 23:27:20.771, 1, 0 %, 75603 MiB, 90.23 W, 2317 MHz, 12481 MHz, 35
2026/09/23 23:27:21.021, 0, 0 %, 82899 MiB, 90.39 W, 2355 MHz, 12481 MHz, 35
2026/09/23 23:27:21.022, 1, 0 %, 75635 MiB, 89.69 W, 2317 MHz, 12481 MHz, 35
2026/09/23 23:27:21.272, 0, 0 %, 82899 MiB, 90.37 W, 2355 MHz, 12481 MHz, 35
2026/09/23 23:27:21.272, 1, 1 %, 75635 MiB, 89.62 W, 2317 MHz, 12481 MHz, 35
2026/09/23 23:27:21.522, 0, 0 %, 82899 MiB, 90.40 W, 2355 MHz, 12481 MHz, 35
2026/09/23 23:27:21.522, 1, 0 %, 75635 MiB, 89.53 W, 2317 MHz, 12481 MHz, 35
2026/09/23 23:27:21.772, 0, 0 %, 82899 MiB, 90.42 W, 2355 MHz, 12481 MHz, 35
2026/09/23 23:27:21.772, 1, 0 %, 75667 MiB, 89.42 W, 2317 MHz, 12481 MHz, 35
2026/09/23 23:27:22.022, 0, 0 %, 82899 MiB, 90.43 W, 2355 MHz, 12481 MHz, 35
2026/09/23 23:27:22.022, 1, 0 %, 79155 MiB, 89.39 W, 2317 MHz, 12481 MHz, 35
2026/09/23 23:27:22.272, 0, 0 %, 82899 MiB, 90.45 W, 2355 MHz, 12481 MHz, 35
2026/09/23 23:27:22.272, 1, 4 %, 79155 MiB, 89.86 W, 2317 MHz, 12481 MHz, 35
2026/09/23 23:27:22.522, 0, 0 %, 82899 MiB, 90.40 W, 2355 MHz, 12481 MHz, 35
2026/09/23 23:27:22.522, 1, 2 %, 79155 MiB, 90.02 W, 2317 MHz, 12481 MHz, 35
2026/09/23 23:27:22.772, 0, 0 %, 82899 MiB, 90.38 W, 2355 MHz, 12481 MHz, 35
2026/09/23 23:27:22.772, 1, 2 %, 79155 MiB, 90.30 W, 2317 MHz, 12481 MHz, 35
2026/09/23 23:27:23.022, 0, 0 %, 82899 MiB, 90.43 W, 2355 MHz, 12481 MHz, 35
2026/09/23 23:27:23.022, 1, 1 %, 79155 MiB, 90.57 W, 2317 MHz, 12481 MHz, 35
2026/09/23 23:27:23.272, 0, 0 %, 82899 MiB, 90.43 W, 2355 MHz, 12481 MHz, 35
2026/09/23 23:27:23.272, 1, 2 %, 79155 MiB, 90.38 W, 2317 MHz, 12481 MHz, 35
2026/09/23 23:27:23.522, 0, 0 %, 82899 MiB, 90.43 W, 2355 MHz, 12481 MHz, 35
2026/09/23 23:27:23.522, 1, 2 %, 79155 MiB, 90.46 W, 2317 MHz, 12481 MHz, 35
2026/09/23 23:27:23.773, 0, 0 %, 82899 MiB, 90.43 W, 2355 MHz, 12481 MHz, 35
2026/09/23 23:27:23.773, 1, 2 %, 79155 MiB, 90.55 W, 2317 MHz, 12481 MHz, 35
2026/09/23 23:27:24.023, 0, 0 %, 82899 MiB, 90.63 W, 2355 MHz, 12481 MHz, 35
2026/09/23 23:27:24.023, 1, 3 %, 79155 MiB, 90.54 W, 2317 MHz, 12481 MHz, 35
2026/09/23 23:27:24.273, 0, 0 %, 82899 MiB, 90.63 W, 2355 MHz, 12481 MHz, 35
2026/09/23 23:27:24.273, 1, 2 %, 79155 MiB, 90.49 W, 2317 MHz, 12481 MHz, 35
2026/09/23 23:27:24.523, 0, 0 %, 82899 MiB, 90.63 W, 2355 MHz, 12481 MHz, 35
2026/09/23 23:27:24.523, 1, 2 %, 79155 MiB, 90.43 W, 2317 MHz, 12481 MHz, 35
2026/09/23 23:27:24.773, 0, 0 %, 82899 MiB, 90.63 W, 2355 MHz, 12481 MHz, 35
2026/09/23 23:27:24.773, 1, 2 %, 79155 MiB, 90.32 W, 2317 MHz, 12481 MHz, 35
2026/09/23 23:27:25.023, 0, 0 %, 82899 MiB, 90.63 W, 2355 MHz, 12481 MHz, 35
2026/09/23 23:27:25.023, 1, 1 %, 79155 MiB, 90.19 W, 2317 MHz, 12481 MHz, 35
2026/09/23 23:27:25.273, 0, 0 %, 82899 MiB, 90.63 W, 2355 MHz, 12481 MHz, 35
2026/09/23 23:27:25.273, 1, 1 %, 79155 MiB, 90.10 W, 2317 MHz, 12481 MHz, 35
2026/09/23 23:27:25.523, 0, 0 %, 82899 MiB, 90.63 W, 2355 MHz, 12481 MHz, 35
2026/09/23 23:27:25.523, 1, 1 %, 79155 MiB, 90.00 W, 2317 MHz, 12481 MHz, 35
2026/09/23 23:27:25.773, 0, 0 %, 82899 MiB, 90.63 W, 2355 MHz, 12481 MHz, 35
2026/09/23 23:27:25.773, 1, 1 %, 79155 MiB, 89.97 W, 2317 MHz, 12481 MHz, 35
2026/09/23 23:27:26.023, 0, 0 %, 82899 MiB, 90.13 W, 2355 MHz, 12481 MHz, 35
2026/09/23 23:27:26.023, 1, 2 %, 79187 MiB, 89.99 W, 2317 MHz, 12481 MHz, 35
2026/09/23 23:27:26.274, 0, 0 %, 82899 MiB, 90.16 W, 2355 MHz, 12481 MHz, 35
2026/09/23 23:27:26.274, 1, 1 %, 79187 MiB, 90.01 W, 2317 MHz, 12481 MHz, 35
2026/09/23 23:27:26.524, 0, 0 %, 82899 MiB, 90.21 W, 2355 MHz, 12481 MHz, 35
2026/09/23 23:27:26.524, 1, 0 %, 79187 MiB, 90.03 W, 2317 MHz, 12481 MHz, 35
2026/09/23 23:27:26.774, 0, 0 %, 82899 MiB, 90.24 W, 2355 MHz, 12481 MHz, 35
2026/09/23 23:27:26.774, 1, 0 %, 79187 MiB, 89.96 W, 2317 MHz, 12481 MHz, 35
2026/09/23 23:27:27.024, 0, 0 %, 82899 MiB, 90.41 W, 2355 MHz, 12481 MHz, 35
2026/09/23 23:27:27.024, 1, 0 %, 79219 MiB, 89.93 W, 2317 MHz, 12481 MHz, 35
2026/09/23 23:27:27.274, 0, 0 %, 82899 MiB, 90.47 W, 2355 MHz, 12481 MHz, 35
2026/09/23 23:27:27.274, 1, 0 %, 79219 MiB, 89.89 W, 2317 MHz, 12481 MHz, 35
2026/09/23 23:27:27.524, 0, 0 %, 82899 MiB, 90.41 W, 2355 MHz, 12481 MHz, 35
2026/09/23 23:27:27.524, 1, 0 %, 79219 MiB, 89.81 W, 2317 MHz, 12481 MHz, 35
2026/09/23 23:27:27.774, 0, 0 %, 82899 MiB, 90.38 W, 2355 MHz, 12481 MHz, 35
2026/09/23 23:27:27.774, 1, 0 %, 79251 MiB, 89.76 W, 2317 MHz, 12481 MHz, 35
2026/09/23 23:27:28.024, 0, 0 %, 82899 MiB, 90.39 W, 2355 MHz, 12481 MHz, 35
2026/09/23 23:27:28.024, 1, 0 %, 79251 MiB, 89.66 W, 2317 MHz, 12481 MHz, 35
2026/09/23 23:27:28.274, 0, 0 %, 82899 MiB, 90.30 W, 2355 MHz, 12481 MHz, 35
2026/09/23 23:27:28.274, 1, 0 %, 79283 MiB, 89.54 W, 2317 MHz, 12481 MHz, 35
2026/09/23 23:27:28.524, 0, 0 %, 82899 MiB, 90.38 W, 2355 MHz, 12481 MHz, 35
2026/09/23 23:27:28.524, 1, 0 %, 79315 MiB, 89.46 W, 2317 MHz, 12481 MHz, 35
2026/09/23 23:27:28.774, 0, 3 %, 86835 MiB, 90.90 W, 2355 MHz, 12481 MHz, 35
2026/09/23 23:27:28.774, 1, 4 %, 83251 MiB, 89.98 W, 2317 MHz, 12481 MHz, 35
2026/09/23 23:27:29.025, 0, 0 %, 86835 MiB, 90.85 W, 2355 MHz, 12481 MHz, 35
2026/09/23 23:27:29.025, 1, 0 %, 83251 MiB, 89.91 W, 2317 MHz, 12481 MHz, 35
2026/09/23 23:27:29.275, 0, 0 %, 86835 MiB, 90.88 W, 2355 MHz, 12481 MHz, 35
2026/09/23 23:27:29.275, 1, 0 %, 83251 MiB, 89.92 W, 2317 MHz, 12481 MHz, 35
2026/09/23 23:27:29.525, 0, 0 %, 86835 MiB, 90.90 W, 2355 MHz, 12481 MHz, 35
2026/09/23 23:27:29.525, 1, 0 %, 83251 MiB, 89.95 W, 2317 MHz, 12481 MHz, 35
2026/09/23 23:27:29.775, 0, 0 %, 86925 MiB, 90.39 W, 2355 MHz, 12481 MHz, 35
2026/09/23 23:27:29.775, 1, 0 %, 83339 MiB, 89.55 W, 2317 MHz, 12481 MHz, 35
2026/09/23 23:27:30.025, 0, 62 %, 86925 MiB, 125.58 W, 2332 MHz, 12481 MHz, 37
2026/09/23 23:27:30.025, 1, 20 %, 83341 MiB, 105.71 W, 2317 MHz, 12481 MHz, 39
2026/09/23 23:27:30.275, 0, 47 %, 86925 MiB, 141.95 W, 2332 MHz, 12481 MHz, 37
2026/09/23 23:27:30.275, 1, 49 %, 83341 MiB, 141.32 W, 2280 MHz, 12481 MHz, 38
2026/09/23 23:27:30.525, 0, 44 %, 86925 MiB, 166.88 W, 2317 MHz, 12481 MHz, 37
2026/09/23 23:27:30.525, 1, 47 %, 83341 MiB, 159.81 W, 2280 MHz, 12481 MHz, 38
2026/09/23 23:27:30.775, 0, 19 %, 86925 MiB, 179.95 W, 2317 MHz, 12481 MHz, 37
2026/09/23 23:27:30.775, 1, 30 %, 83341 MiB, 182.47 W, 2295 MHz, 12481 MHz, 37
2026/09/23 23:27:31.025, 0, 35 %, 86925 MiB, 183.34 W, 2332 MHz, 12481 MHz, 38
2026/09/23 23:27:31.025, 1, 47 %, 83341 MiB, 191.91 W, 2295 MHz, 12481 MHz, 40
2026/09/23 23:27:31.275, 0, 41 %, 86925 MiB, 183.75 W, 2325 MHz, 12481 MHz, 38
2026/09/23 23:27:31.275, 1, 44 %, 83341 MiB, 186.06 W, 2287 MHz, 12481 MHz, 38
2026/09/23 23:27:31.525, 0, 44 %, 86925 MiB, 183.03 W, 2317 MHz, 12481 MHz, 38
2026/09/23 23:27:31.525, 1, 47 %, 83341 MiB, 184.29 W, 2287 MHz, 12481 MHz, 38
2026/09/23 23:27:31.776, 0, 41 %, 86925 MiB, 185.49 W, 2317 MHz, 12481 MHz, 38
2026/09/23 23:27:31.776, 1, 44 %, 83341 MiB, 187.29 W, 2280 MHz, 12481 MHz, 38
2026/09/23 23:27:32.026, 0, 47 %, 86925 MiB, 172.52 W, 2317 MHz, 12481 MHz, 38
2026/09/23 23:27:32.026, 1, 46 %, 83341 MiB, 186.45 W, 2280 MHz, 12481 MHz, 38
2026/09/23 23:27:32.276, 0, 45 %, 86925 MiB, 174.24 W, 2317 MHz, 12481 MHz, 38
2026/09/23 23:27:32.276, 1, 50 %, 83341 MiB, 177.08 W, 2280 MHz, 12481 MHz, 39
2026/09/23 23:27:32.526, 0, 46 %, 86925 MiB, 173.66 W, 2317 MHz, 12481 MHz, 38
2026/09/23 23:27:32.526, 1, 45 %, 83341 MiB, 179.75 W, 2280 MHz, 12481 MHz, 38
2026/09/23 23:27:32.776, 0, 47 %, 86925 MiB, 177.26 W, 2317 MHz, 12481 MHz, 39
2026/09/23 23:27:32.776, 1, 49 %, 83341 MiB, 179.45 W, 2287 MHz, 12481 MHz, 38
2026/09/23 23:27:33.026, 0, 43 %, 86925 MiB, 176.31 W, 2317 MHz, 12481 MHz, 39
2026/09/23 23:27:33.026, 1, 49 %, 83341 MiB, 181.85 W, 2287 MHz, 12481 MHz, 38
2026/09/23 23:27:33.276, 0, 40 %, 86925 MiB, 176.19 W, 2317 MHz, 12481 MHz, 39
2026/09/23 23:27:33.276, 1, 44 %, 83341 MiB, 180.96 W, 2287 MHz, 12481 MHz, 38
2026/09/23 23:27:33.526, 0, 47 %, 86925 MiB, 176.39 W, 2317 MHz, 12481 MHz, 39
2026/09/23 23:27:33.526, 1, 43 %, 83341 MiB, 180.10 W, 2287 MHz, 12481 MHz, 38
2026/09/23 23:27:33.776, 0, 44 %, 86925 MiB, 174.80 W, 2317 MHz, 12481 MHz, 39
2026/09/23 23:27:33.776, 1, 50 %, 83341 MiB, 180.74 W, 2287 MHz, 12481 MHz, 38
2026/09/23 23:27:34.026, 0, 40 %, 86925 MiB, 176.02 W, 2325 MHz, 12481 MHz, 39
2026/09/23 23:27:34.026, 1, 45 %, 83341 MiB, 180.27 W, 2287 MHz, 12481 MHz, 38
2026/09/23 23:27:34.276, 0, 43 %, 86925 MiB, 174.97 W, 2317 MHz, 12481 MHz, 39
2026/09/23 23:27:34.276, 1, 43 %, 83341 MiB, 181.43 W, 2287 MHz, 12481 MHz, 38
2026/09/23 23:27:34.527, 0, 45 %, 86925 MiB, 175.48 W, 2317 MHz, 12481 MHz, 39
2026/09/23 23:27:34.527, 1, 47 %, 83341 MiB, 179.82 W, 2287 MHz, 12481 MHz, 38
2026/09/23 23:27:34.777, 0, 41 %, 86925 MiB, 174.88 W, 2317 MHz, 12481 MHz, 39
2026/09/23 23:27:34.777, 1, 48 %, 83341 MiB, 180.75 W, 2287 MHz, 12481 MHz, 38
2026/09/23 23:27:35.027, 0, 41 %, 86925 MiB, 175.56 W, 2317 MHz, 12481 MHz, 39
2026/09/23 23:27:35.027, 1, 43 %, 83341 MiB, 180.15 W, 2287 MHz, 12481 MHz, 39
2026/09/23 23:27:35.277, 0, 46 %, 86925 MiB, 175.01 W, 2317 MHz, 12481 MHz, 39
2026/09/23 23:27:35.277, 1, 45 %, 83341 MiB, 180.67 W, 2287 MHz, 12481 MHz, 38
2026/09/23 23:27:35.527, 0, 44 %, 86925 MiB, 175.61 W, 2317 MHz, 12481 MHz, 39
2026/09/23 23:27:35.527, 1, 49 %, 83341 MiB, 180.82 W, 2287 MHz, 12481 MHz, 39
2026/09/23 23:27:35.777, 0, 40 %, 86925 MiB, 176.38 W, 2317 MHz, 12481 MHz, 39
2026/09/23 23:27:35.777, 1, 46 %, 83341 MiB, 180.52 W, 2287 MHz, 12481 MHz, 38
2026/09/23 23:27:36.027, 0, 41 %, 86925 MiB, 175.65 W, 2317 MHz, 12481 MHz, 39
2026/09/23 23:27:36.027, 1, 42 %, 83341 MiB, 180.08 W, 2287 MHz, 12481 MHz, 39
2026/09/23 23:27:36.277, 0, 46 %, 86925 MiB, 175.71 W, 2325 MHz, 12481 MHz, 39
2026/09/23 23:27:36.277, 1, 44 %, 83341 MiB, 180.24 W, 2287 MHz, 12481 MHz, 38
2026/09/23 23:27:36.527, 0, 49 %, 86925 MiB, 179.60 W, 2317 MHz, 12481 MHz, 41
2026/09/23 23:27:36.527, 1, 49 %, 83341 MiB, 179.63 W, 2287 MHz, 12481 MHz, 39
2026/09/23 23:27:36.777, 0, 7 %, 86925 MiB, 187.14 W, 2325 MHz, 12481 MHz, 39
2026/09/23 23:27:36.777, 1, 93 %, 83341 MiB, 188.68 W, 2295 MHz, 12481 MHz, 43
2026/09/23 23:27:37.027, 0, 46 %, 86925 MiB, 186.13 W, 2325 MHz, 12481 MHz, 39
2026/09/23 23:27:37.027, 1, 50 %, 83341 MiB, 191.31 W, 2295 MHz, 12481 MHz, 39
2026/09/23 23:27:37.278, 0, 40 %, 86925 MiB, 189.43 W, 2317 MHz, 12481 MHz, 40
2026/09/23 23:27:37.278, 1, 46 %, 83341 MiB, 190.23 W, 2287 MHz, 12481 MHz, 39
2026/09/23 23:27:37.528, 0, 47 %, 86925 MiB, 187.41 W, 2325 MHz, 12481 MHz, 40
2026/09/23 23:27:37.528, 1, 43 %, 83341 MiB, 192.70 W, 2287 MHz, 12481 MHz, 39
2026/09/23 23:27:37.778, 0, 41 %, 86925 MiB, 174.25 W, 2317 MHz, 12481 MHz, 39
2026/09/23 23:27:37.778, 1, 46 %, 83341 MiB, 183.43 W, 2287 MHz, 12481 MHz, 39
2026/09/23 23:27:38.028, 0, 44 %, 86925 MiB, 175.03 W, 2317 MHz, 12481 MHz, 39
2026/09/23 23:27:38.028, 1, 43 %, 83341 MiB, 179.63 W, 2287 MHz, 12481 MHz, 39
2026/09/23 23:27:38.278, 0, 47 %, 86925 MiB, 172.91 W, 2317 MHz, 12481 MHz, 39
2026/09/23 23:27:38.278, 1, 49 %, 83341 MiB, 179.27 W, 2280 MHz, 12481 MHz, 39
2026/09/23 23:27:38.528, 0, 41 %, 86925 MiB, 172.71 W, 2317 MHz, 12481 MHz, 39
2026/09/23 23:27:38.528, 1, 48 %, 83341 MiB, 178.62 W, 2280 MHz, 12481 MHz, 40
2026/09/23 23:27:38.778, 0, 46 %, 86925 MiB, 174.89 W, 2317 MHz, 12481 MHz, 39
2026/09/23 23:27:38.778, 1, 44 %, 83341 MiB, 178.59 W, 2280 MHz, 12481 MHz, 39
2026/09/23 23:27:39.028, 0, 48 %, 86925 MiB, 173.74 W, 2317 MHz, 12481 MHz, 39
2026/09/23 23:27:39.028, 1, 49 %, 83341 MiB, 180.72 W, 2280 MHz, 12481 MHz, 39
2026/09/23 23:27:39.278, 0, 43 %, 86925 MiB, 175.33 W, 2317 MHz, 12481 MHz, 39
2026/09/23 23:27:39.278, 1, 50 %, 83341 MiB, 180.70 W, 2280 MHz, 12481 MHz, 40
2026/09/23 23:27:39.528, 0, 45 %, 86925 MiB, 174.99 W, 2317 MHz, 12481 MHz, 39
2026/09/23 23:27:39.528, 1, 45 %, 83341 MiB, 181.81 W, 2280 MHz, 12481 MHz, 39
2026/09/23 23:27:39.778, 0, 48 %, 86925 MiB, 175.56 W, 2317 MHz, 12481 MHz, 40
2026/09/23 23:27:39.778, 1, 48 %, 83341 MiB, 180.47 W, 2280 MHz, 12481 MHz, 40
2026/09/23 23:27:40.028, 0, 44 %, 86925 MiB, 175.87 W, 2317 MHz, 12481 MHz, 39
2026/09/23 23:27:40.028, 1, 50 %, 83341 MiB, 181.67 W, 2280 MHz, 12481 MHz, 39
2026/09/23 23:27:40.278, 0, 40 %, 86925 MiB, 176.12 W, 2317 MHz, 12481 MHz, 40
2026/09/23 23:27:40.279, 1, 46 %, 83341 MiB, 181.69 W, 2287 MHz, 12481 MHz, 39
2026/09/23 23:27:40.529, 0, 47 %, 86925 MiB, 175.19 W, 2325 MHz, 12481 MHz, 40
2026/09/23 23:27:40.529, 1, 42 %, 83341 MiB, 182.36 W, 2287 MHz, 12481 MHz, 39
2026/09/23 23:27:40.779, 0, 46 %, 86925 MiB, 175.30 W, 2317 MHz, 12481 MHz, 40
2026/09/23 23:27:40.779, 1, 50 %, 83341 MiB, 182.32 W, 2287 MHz, 12481 MHz, 39
2026/09/23 23:27:41.029, 0, 42 %, 86925 MiB, 175.70 W, 2317 MHz, 12481 MHz, 40
2026/09/23 23:27:41.029, 1, 48 %, 83341 MiB, 181.51 W, 2287 MHz, 12481 MHz, 39
2026/09/23 23:27:41.279, 0, 40 %, 86925 MiB, 174.70 W, 2317 MHz, 12481 MHz, 40
2026/09/23 23:27:41.279, 1, 44 %, 83341 MiB, 181.49 W, 2287 MHz, 12481 MHz, 39
2026/09/23 23:27:41.529, 0, 49 %, 86925 MiB, 175.03 W, 2325 MHz, 12481 MHz, 40
2026/09/23 23:27:41.529, 1, 43 %, 83341 MiB, 181.20 W, 2287 MHz, 12481 MHz, 39
2026/09/23 23:27:41.779, 0, 46 %, 86925 MiB, 174.59 W, 2317 MHz, 12481 MHz, 40
2026/09/23 23:27:41.779, 1, 51 %, 83341 MiB, 181.42 W, 2287 MHz, 12481 MHz, 39
2026/09/23 23:27:42.029, 0, 41 %, 86925 MiB, 174.81 W, 2325 MHz, 12481 MHz, 40
2026/09/23 23:27:42.029, 1, 48 %, 83341 MiB, 180.97 W, 2287 MHz, 12481 MHz, 39
2026/09/23 23:27:42.279, 0, 41 %, 86925 MiB, 174.48 W, 2317 MHz, 12481 MHz, 40
2026/09/23 23:27:42.279, 1, 43 %, 83341 MiB, 180.59 W, 2287 MHz, 12481 MHz, 39
2026/09/23 23:27:42.529, 0, 28 %, 86925 MiB, 189.88 W, 2325 MHz, 12481 MHz, 40
2026/09/23 23:27:42.529, 1, 21 %, 83341 MiB, 184.29 W, 2287 MHz, 12481 MHz, 43
2026/09/23 23:27:42.779, 0, 41 %, 86925 MiB, 186.64 W, 2332 MHz, 12481 MHz, 40
2026/09/23 23:27:42.779, 1, 46 %, 83341 MiB, 190.94 W, 2287 MHz, 12481 MHz, 39
2026/09/23 23:27:43.029, 0, 45 %, 86925 MiB, 187.22 W, 2317 MHz, 12481 MHz, 40
2026/09/23 23:27:43.029, 1, 44 %, 83341 MiB, 188.32 W, 2287 MHz, 12481 MHz, 40
2026/09/23 23:27:43.280, 0, 46 %, 86925 MiB, 187.21 W, 2317 MHz, 12481 MHz, 40
2026/09/23 23:27:43.280, 1, 50 %, 83341 MiB, 188.37 W, 2280 MHz, 12481 MHz, 40
2026/09/23 23:27:43.530, 0, 44 %, 86925 MiB, 173.49 W, 2317 MHz, 12481 MHz, 39
2026/09/23 23:27:43.530, 1, 46 %, 83341 MiB, 189.40 W, 2280 MHz, 12481 MHz, 40
2026/09/23 23:27:43.780, 0, 47 %, 86925 MiB, 178.24 W, 2317 MHz, 12481 MHz, 40
2026/09/23 23:27:43.780, 1, 49 %, 83341 MiB, 179.24 W, 2287 MHz, 12481 MHz, 40
2026/09/23 23:27:44.030, 0, 41 %, 86925 MiB, 177.89 W, 2317 MHz, 12481 MHz, 40
2026/09/23 23:27:44.030, 1, 48 %, 83341 MiB, 183.08 W, 2287 MHz, 12481 MHz, 39
2026/09/23 23:27:44.280, 0, 42 %, 86925 MiB, 177.01 W, 2317 MHz, 12481 MHz, 40
2026/09/23 23:27:44.280, 1, 43 %, 83341 MiB, 183.31 W, 2287 MHz, 12481 MHz, 39
2026/09/23 23:27:44.530, 0, 46 %, 86925 MiB, 177.94 W, 2325 MHz, 12481 MHz, 40
2026/09/23 23:27:44.530, 1, 46 %, 83341 MiB, 182.38 W, 2287 MHz, 12481 MHz, 39
2026/09/23 23:27:44.780, 0, 42 %, 86925 MiB, 174.82 W, 2317 MHz, 12481 MHz, 40
2026/09/23 23:27:44.780, 1, 47 %, 83341 MiB, 182.76 W, 2287 MHz, 12481 MHz, 39
2026/09/23 23:27:45.030, 0, 41 %, 86925 MiB, 175.87 W, 2325 MHz, 12481 MHz, 40
2026/09/23 23:27:45.030, 1, 43 %, 83341 MiB, 181.25 W, 2287 MHz, 12481 MHz, 40
2026/09/23 23:27:45.280, 0, 46 %, 86925 MiB, 175.38 W, 2325 MHz, 12481 MHz, 40
2026/09/23 23:27:45.280, 1, 45 %, 83341 MiB, 181.43 W, 2287 MHz, 12481 MHz, 39
2026/09/23 23:27:45.530, 0, 43 %, 86925 MiB, 174.68 W, 2317 MHz, 12481 MHz, 40
2026/09/23 23:27:45.530, 1, 50 %, 83341 MiB, 180.82 W, 2287 MHz, 12481 MHz, 40
2026/09/23 23:27:45.780, 0, 40 %, 86925 MiB, 174.81 W, 2317 MHz, 12481 MHz, 40
2026/09/23 23:27:45.780, 1, 44 %, 83341 MiB, 181.50 W, 2287 MHz, 12481 MHz, 40
2026/09/23 23:27:46.031, 0, 45 %, 86925 MiB, 175.11 W, 2317 MHz, 12481 MHz, 40
2026/09/23 23:27:46.031, 1, 44 %, 83341 MiB, 180.86 W, 2287 MHz, 12481 MHz, 40
2026/09/23 23:27:46.281, 0, 48 %, 86925 MiB, 176.19 W, 2325 MHz, 12481 MHz, 40
2026/09/23 23:27:46.281, 1, 48 %, 83341 MiB, 181.37 W, 2287 MHz, 12481 MHz, 40
2026/09/23 23:27:46.531, 0, 40 %, 86925 MiB, 176.04 W, 2317 MHz, 12481 MHz, 40
2026/09/23 23:27:46.531, 1, 50 %, 83341 MiB, 180.90 W, 2287 MHz, 12481 MHz, 40
2026/09/23 23:27:46.781, 0, 42 %, 86925 MiB, 176.20 W, 2325 MHz, 12481 MHz, 40
2026/09/23 23:27:46.781, 1, 42 %, 83341 MiB, 180.86 W, 2287 MHz, 12481 MHz, 40
2026/09/23 23:27:47.031, 0, 47 %, 86925 MiB, 175.78 W, 2317 MHz, 12481 MHz, 40
2026/09/23 23:27:47.031, 1, 45 %, 83341 MiB, 181.25 W, 2287 MHz, 12481 MHz, 40
2026/09/23 23:27:47.281, 0, 47 %, 86925 MiB, 175.56 W, 2325 MHz, 12481 MHz, 40
2026/09/23 23:27:47.281, 1, 50 %, 83341 MiB, 181.32 W, 2287 MHz, 12481 MHz, 40
2026/09/23 23:27:47.531, 0, 40 %, 86925 MiB, 175.93 W, 2317 MHz, 12481 MHz, 40
2026/09/23 23:27:47.531, 1, 50 %, 83341 MiB, 181.91 W, 2287 MHz, 12481 MHz, 40
2026/09/23 23:27:47.781, 0, 43 %, 86925 MiB, 175.55 W, 2325 MHz, 12481 MHz, 40
2026/09/23 23:27:47.781, 1, 43 %, 83341 MiB, 181.62 W, 2287 MHz, 12481 MHz, 40
2026/09/23 23:27:48.031, 0, 47 %, 86925 MiB, 182.48 W, 2317 MHz, 12481 MHz, 42
2026/09/23 23:27:48.031, 1, 46 %, 83341 MiB, 181.22 W, 2287 MHz, 12481 MHz, 40
2026/09/23 23:27:48.281, 0, 80 %, 86925 MiB, 188.01 W, 2332 MHz, 12481 MHz, 40
2026/09/23 23:27:48.281, 1, 2 %, 83341 MiB, 190.46 W, 2295 MHz, 12481 MHz, 44
2026/09/23 23:27:48.531, 0, 46 %, 86925 MiB, 187.64 W, 2332 MHz, 12481 MHz, 40
2026/09/23 23:27:48.531, 1, 42 %, 83341 MiB, 193.16 W, 2295 MHz, 12481 MHz, 40
2026/09/23 23:27:48.782, 0, 45 %, 86925 MiB, 188.97 W, 2317 MHz, 12481 MHz, 41
2026/09/23 23:27:48.782, 1, 50 %, 83341 MiB, 192.74 W, 2287 MHz, 12481 MHz, 40
2026/09/23 23:27:49.032, 0, 41 %, 86925 MiB, 185.78 W, 2325 MHz, 12481 MHz, 41
2026/09/23 23:27:49.032, 1, 45 %, 83341 MiB, 194.68 W, 2287 MHz, 12481 MHz, 40
2026/09/23 23:27:49.282, 0, 46 %, 86925 MiB, 174.82 W, 2317 MHz, 12481 MHz, 40
2026/09/23 23:27:49.282, 1, 45 %, 83341 MiB, 183.95 W, 2287 MHz, 12481 MHz, 40
2026/09/23 23:27:49.532, 0, 41 %, 86925 MiB, 174.10 W, 2317 MHz, 12481 MHz, 40
2026/09/23 23:27:49.532, 1, 50 %, 83341 MiB, 180.27 W, 2287 MHz, 12481 MHz, 40
2026/09/23 23:27:49.782, 0, 45 %, 86925 MiB, 175.00 W, 2325 MHz, 12481 MHz, 40
2026/09/23 23:27:49.782, 1, 43 %, 83341 MiB, 180.58 W, 2287 MHz, 12481 MHz, 40
2026/09/23 23:27:50.032, 0, 47 %, 86925 MiB, 174.29 W, 2317 MHz, 12481 MHz, 40
2026/09/23 23:27:50.032, 1, 49 %, 83341 MiB, 179.38 W, 2287 MHz, 12481 MHz, 40
2026/09/23 23:27:50.282, 0, 42 %, 86925 MiB, 177.18 W, 2325 MHz, 12481 MHz, 40
2026/09/23 23:27:50.282, 1, 48 %, 83341 MiB, 179.01 W, 2287 MHz, 12481 MHz, 41
2026/09/23 23:27:50.532, 0, 44 %, 86925 MiB, 176.21 W, 2317 MHz, 12481 MHz, 40
2026/09/23 23:27:50.532, 1, 44 %, 83341 MiB, 181.50 W, 2287 MHz, 12481 MHz, 40
2026/09/23 23:27:50.782, 0, 47 %, 86925 MiB, 176.54 W, 2325 MHz, 12481 MHz, 41
2026/09/23 23:27:50.782, 1, 48 %, 83341 MiB, 180.94 W, 2287 MHz, 12481 MHz, 41
2026/09/23 23:27:51.032, 0, 44 %, 86925 MiB, 176.37 W, 2317 MHz, 12481 MHz, 40
2026/09/23 23:27:51.032, 1, 50 %, 83341 MiB, 181.75 W, 2287 MHz, 12481 MHz, 40
2026/09/23 23:27:51.282, 0, 40 %, 86925 MiB, 177.13 W, 2317 MHz, 12481 MHz, 41
2026/09/23 23:27:51.282, 1, 46 %, 83341 MiB, 181.32 W, 2287 MHz, 12481 MHz, 40
2026/09/23 23:27:51.532, 0, 48 %, 86925 MiB, 177.49 W, 2317 MHz, 12481 MHz, 41
2026/09/23 23:27:51.533, 1, 43 %, 83341 MiB, 182.50 W, 2287 MHz, 12481 MHz, 40
2026/09/23 23:27:51.783, 0, 46 %, 86925 MiB, 176.45 W, 2317 MHz, 12481 MHz, 41
2026/09/23 23:27:51.783, 1, 51 %, 83341 MiB, 181.66 W, 2287 MHz, 12481 MHz, 40
2026/09/23 23:27:52.033, 0, 41 %, 86925 MiB, 177.33 W, 2325 MHz, 12481 MHz, 41
2026/09/23 23:27:52.033, 1, 47 %, 83341 MiB, 181.98 W, 2287 MHz, 12481 MHz, 40
2026/09/23 23:27:52.283, 0, 42 %, 86925 MiB, 176.23 W, 2317 MHz, 12481 MHz, 41
2026/09/23 23:27:52.283, 1, 43 %, 83341 MiB, 181.16 W, 2287 MHz, 12481 MHz, 40
2026/09/23 23:27:52.533, 0, 48 %, 86925 MiB, 176.04 W, 2325 MHz, 12481 MHz, 41
2026/09/23 23:27:52.533, 1, 44 %, 83341 MiB, 181.08 W, 2287 MHz, 12481 MHz, 40
2026/09/23 23:27:52.783, 0, 43 %, 86925 MiB, 176.50 W, 2317 MHz, 12481 MHz, 41
2026/09/23 23:27:52.783, 1, 50 %, 83341 MiB, 180.98 W, 2287 MHz, 12481 MHz, 40
2026/09/23 23:27:53.033, 0, 40 %, 86925 MiB, 176.28 W, 2325 MHz, 12481 MHz, 41
2026/09/23 23:27:53.033, 1, 45 %, 83341 MiB, 180.62 W, 2287 MHz, 12481 MHz, 40
2026/09/23 23:27:53.283, 0, 42 %, 86925 MiB, 177.15 W, 2317 MHz, 12481 MHz, 41
2026/09/23 23:27:53.283, 1, 43 %, 83341 MiB, 181.12 W, 2287 MHz, 12481 MHz, 40
2026/09/23 23:27:53.533, 0, 48 %, 86925 MiB, 176.96 W, 2325 MHz, 12481 MHz, 41
2026/09/23 23:27:53.533, 1, 45 %, 83341 MiB, 181.23 W, 2287 MHz, 12481 MHz, 40
2026/09/23 23:27:53.783, 0, 44 %, 86925 MiB, 176.81 W, 2317 MHz, 12481 MHz, 41
2026/09/23 23:27:53.783, 1, 50 %, 83341 MiB, 180.98 W, 2287 MHz, 12481 MHz, 40
2026/09/23 23:27:54.033, 0, 26 %, 86925 MiB, 185.38 W, 2340 MHz, 12481 MHz, 41
2026/09/23 23:27:54.033, 1, 56 %, 83341 MiB, 189.76 W, 2287 MHz, 12481 MHz, 44
2026/09/23 23:27:54.283, 0, 41 %, 86925 MiB, 186.79 W, 2325 MHz, 12481 MHz, 41
2026/09/23 23:27:54.283, 1, 46 %, 83341 MiB, 190.35 W, 2287 MHz, 12481 MHz, 40
2026/09/23 23:27:54.534, 0, 46 %, 86925 MiB, 186.50 W, 2325 MHz, 12481 MHz, 41
2026/09/23 23:27:54.534, 1, 45 %, 83341 MiB, 191.21 W, 2287 MHz, 12481 MHz, 40
2026/09/23 23:27:54.784, 0, 41 %, 86925 MiB, 184.82 W, 2317 MHz, 12481 MHz, 40
2026/09/23 23:27:54.784, 1, 45 %, 83341 MiB, 191.63 W, 2287 MHz, 12481 MHz, 40
2026/09/23 23:27:55.034, 0, 47 %, 86925 MiB, 175.53 W, 2317 MHz, 12481 MHz, 40
2026/09/23 23:27:55.034, 1, 45 %, 83341 MiB, 181.34 W, 2287 MHz, 12481 MHz, 41
2026/09/23 23:27:55.284, 0, 46 %, 86925 MiB, 175.22 W, 2317 MHz, 12481 MHz, 41
2026/09/23 23:27:55.284, 1, 50 %, 83341 MiB, 179.52 W, 2280 MHz, 12481 MHz, 41
2026/09/23 23:27:55.534, 0, 46 %, 86925 MiB, 175.35 W, 2317 MHz, 12481 MHz, 41
2026/09/23 23:27:55.534, 1, 45 %, 83341 MiB, 180.10 W, 2280 MHz, 12481 MHz, 40
2026/09/23 23:27:55.784, 0, 47 %, 86925 MiB, 178.68 W, 2317 MHz, 12481 MHz, 41
2026/09/23 23:27:55.784, 1, 50 %, 83341 MiB, 180.07 W, 2287 MHz, 12481 MHz, 40
2026/09/23 23:27:56.034, 0, 41 %, 86925 MiB, 177.76 W, 2325 MHz, 12481 MHz, 41
2026/09/23 23:27:56.034, 1, 47 %, 83341 MiB, 183.52 W, 2287 MHz, 12481 MHz, 40
2026/09/23 23:27:56.284, 0, 42 %, 86925 MiB, 176.32 W, 2317 MHz, 12481 MHz, 41
2026/09/23 23:27:56.284, 1, 43 %, 83341 MiB, 182.94 W, 2287 MHz, 12481 MHz, 40
2026/09/23 23:27:56.534, 0, 46 %, 86925 MiB, 176.71 W, 2325 MHz, 12481 MHz, 41
2026/09/23 23:27:56.534, 1, 45 %, 83341 MiB, 181.86 W, 2287 MHz, 12481 MHz, 40
2026/09/23 23:27:56.784, 0, 41 %, 86925 MiB, 173.86 W, 2317 MHz, 12481 MHz, 41
2026/09/23 23:27:56.784, 1, 47 %, 83341 MiB, 182.86 W, 2287 MHz, 12481 MHz, 40
2026/09/23 23:27:57.034, 0, 41 %, 86925 MiB, 175.38 W, 2317 MHz, 12481 MHz, 41
2026/09/23 23:27:57.034, 1, 42 %, 83341 MiB, 181.19 W, 2287 MHz, 12481 MHz, 41
2026/09/23 23:27:57.285, 0, 46 %, 86925 MiB, 174.51 W, 2317 MHz, 12481 MHz, 40
2026/09/23 23:27:57.285, 1, 45 %, 83341 MiB, 182.14 W, 2287 MHz, 12481 MHz, 40
2026/09/23 23:27:57.535, 0, 42 %, 86925 MiB, 175.04 W, 2317 MHz, 12481 MHz, 41
2026/09/23 23:27:57.535, 1, 50 %, 83341 MiB, 180.87 W, 2287 MHz, 12481 MHz, 41
2026/09/23 23:27:57.785, 0, 41 %, 86925 MiB, 175.42 W, 2325 MHz, 12481 MHz, 40
2026/09/23 23:27:57.785, 1, 44 %, 83341 MiB, 182.34 W, 2287 MHz, 12481 MHz, 41
2026/09/23 23:27:58.035, 0, 45 %, 86925 MiB, 175.52 W, 2317 MHz, 12481 MHz, 41
2026/09/23 23:27:58.035, 1, 44 %, 83341 MiB, 181.62 W, 2287 MHz, 12481 MHz, 41
2026/09/23 23:27:58.285, 0, 48 %, 86925 MiB, 175.77 W, 2325 MHz, 12481 MHz, 40
2026/09/23 23:27:58.285, 1, 49 %, 83341 MiB, 181.85 W, 2287 MHz, 12481 MHz, 41
2026/09/23 23:27:58.535, 0, 40 %, 86925 MiB, 175.07 W, 2317 MHz, 12481 MHz, 40
2026/09/23 23:27:58.535, 1, 50 %, 83341 MiB, 181.22 W, 2287 MHz, 12481 MHz, 41
2026/09/23 23:27:58.785, 0, 44 %, 86925 MiB, 176.35 W, 2325 MHz, 12481 MHz, 40
2026/09/23 23:27:58.785, 1, 43 %, 83341 MiB, 180.91 W, 2287 MHz, 12481 MHz, 41
2026/09/23 23:27:59.035, 0, 46 %, 86925 MiB, 175.83 W, 2317 MHz, 12481 MHz, 40
2026/09/23 23:27:59.035, 1, 45 %, 83341 MiB, 180.61 W, 2287 MHz, 12481 MHz, 41
2026/09/23 23:27:59.285, 0, 47 %, 86925 MiB, 176.36 W, 2325 MHz, 12481 MHz, 40
2026/09/23 23:27:59.285, 1, 49 %, 83341 MiB, 180.48 W, 2287 MHz, 12481 MHz, 41
2026/09/23 23:27:59.535, 0, 61 %, 86925 MiB, 187.09 W, 2317 MHz, 12481 MHz, 44
2026/09/23 23:27:59.535, 1, 49 %, 83341 MiB, 180.64 W, 2287 MHz, 12481 MHz, 41
2026/09/23 23:27:59.785, 0, 18 %, 86925 MiB, 187.91 W, 2340 MHz, 12481 MHz, 41
2026/09/23 23:27:59.785, 1, 84 %, 83341 MiB, 190.06 W, 2295 MHz, 12481 MHz, 43
2026/09/23 23:28:00.035, 0, 46 %, 86925 MiB, 187.80 W, 2325 MHz, 12481 MHz, 41
2026/09/23 23:28:00.035, 1, 50 %, 83341 MiB, 192.29 W, 2295 MHz, 12481 MHz, 41
2026/09/23 23:28:00.286, 0, 41 %, 86925 MiB, 190.01 W, 2317 MHz, 12481 MHz, 41
2026/09/23 23:28:00.286, 1, 46 %, 83341 MiB, 191.15 W, 2287 MHz, 12481 MHz, 41
2026/09/23 23:28:00.536, 0, 46 %, 86925 MiB, 182.91 W, 2325 MHz, 12481 MHz, 41
2026/09/23 23:28:00.536, 1, 44 %, 83341 MiB, 194.13 W, 2287 MHz, 12481 MHz, 41
2026/09/23 23:28:00.786, 0, 41 %, 86925 MiB, 176.59 W, 2317 MHz, 12481 MHz, 41
2026/09/23 23:28:00.786, 1, 47 %, 83341 MiB, 184.07 W, 2287 MHz, 12481 MHz, 40
2026/09/23 23:28:01.036, 0, 45 %, 86925 MiB, 176.73 W, 2317 MHz, 12481 MHz, 41
2026/09/23 23:28:01.036, 1, 43 %, 83341 MiB, 180.54 W, 2287 MHz, 12481 MHz, 41
2026/09/23 23:28:01.286, 0, 48 %, 86925 MiB, 175.09 W, 2325 MHz, 12481 MHz, 40
2026/09/23 23:28:01.286, 1, 49 %, 83341 MiB, 181.34 W, 2287 MHz, 12481 MHz, 41
2026/09/23 23:28:01.536, 0, 42 %, 86925 MiB, 175.31 W, 2317 MHz, 12481 MHz, 40
2026/09/23 23:28:01.536, 1, 48 %, 83341 MiB, 179.62 W, 2287 MHz, 12481 MHz, 41
2026/09/23 23:28:01.786, 0, 47 %, 86925 MiB, 178.03 W, 2317 MHz, 12481 MHz, 41
2026/09/23 23:28:01.786, 1, 45 %, 83341 MiB, 180.40 W, 2287 MHz, 12481 MHz, 41
2026/09/23 23:28:02.036, 0, 48 %, 86925 MiB, 177.53 W, 2317 MHz, 12481 MHz, 40
2026/09/23 23:28:02.036, 1, 49 %, 83341 MiB, 182.08 W, 2287 MHz, 12481 MHz, 41
2026/09/23 23:28:02.286, 0, 43 %, 86925 MiB, 178.82 W, 2317 MHz, 12481 MHz, 41
2026/09/23 23:28:02.286, 1, 49 %, 83341 MiB, 180.79 W, 2287 MHz, 12481 MHz, 41
2026/09/23 23:28:02.536, 0, 44 %, 86925 MiB, 177.99 W, 2317 MHz, 12481 MHz, 41
2026/09/23 23:28:02.536, 1, 44 %, 83341 MiB, 182.56 W, 2287 MHz, 12481 MHz, 41
2026/09/23 23:28:02.786, 0, 48 %, 86925 MiB, 179.18 W, 2317 MHz, 12481 MHz, 41
2026/09/23 23:28:02.786, 1, 48 %, 83341 MiB, 181.08 W, 2287 MHz, 12481 MHz, 41
2026/09/23 23:28:03.037, 0, 44 %, 86925 MiB, 178.57 W, 2317 MHz, 12481 MHz, 41
2026/09/23 23:28:03.037, 1, 50 %, 83341 MiB, 182.80 W, 2287 MHz, 12481 MHz, 41
2026/09/23 23:28:03.287, 0, 40 %, 86925 MiB, 177.90 W, 2317 MHz, 12481 MHz, 41
2026/09/23 23:28:03.287, 1, 45 %, 83341 MiB, 182.23 W, 2287 MHz, 12481 MHz, 41
2026/09/23 23:28:03.537, 0, 47 %, 86925 MiB, 177.80 W, 2325 MHz, 12481 MHz, 41
2026/09/23 23:28:03.537, 1, 43 %, 83341 MiB, 183.16 W, 2287 MHz, 12481 MHz, 40
2026/09/23 23:28:03.787, 0, 47 %, 86925 MiB, 177.44 W, 2317 MHz, 12481 MHz, 41
2026/09/23 23:28:03.787, 1, 50 %, 83341 MiB, 182.94 W, 2287 MHz, 12481 MHz, 41
2026/09/23 23:28:04.037, 0, 43 %, 86925 MiB, 177.12 W, 2325 MHz, 12481 MHz, 41
2026/09/23 23:28:04.037, 1, 49 %, 83341 MiB, 182.79 W, 2287 MHz, 12481 MHz, 40
2026/09/23 23:28:04.287, 0, 40 %, 86925 MiB, 177.20 W, 2317 MHz, 12481 MHz, 41
2026/09/23 23:28:04.287, 1, 44 %, 83341 MiB, 182.69 W, 2287 MHz, 12481 MHz, 41
2026/09/23 23:28:04.537, 0, 47 %, 86925 MiB, 176.27 W, 2325 MHz, 12481 MHz, 41
2026/09/23 23:28:04.537, 1, 43 %, 83341 MiB, 181.89 W, 2287 MHz, 12481 MHz, 40
2026/09/23 23:28:04.787, 0, 47 %, 86925 MiB, 176.22 W, 2317 MHz, 12481 MHz, 41
2026/09/23 23:28:04.787, 1, 50 %, 83341 MiB, 181.53 W, 2287 MHz, 12481 MHz, 41
2026/09/23 23:28:05.037, 0, 42 %, 86925 MiB, 176.08 W, 2325 MHz, 12481 MHz, 41
2026/09/23 23:28:05.037, 1, 48 %, 83341 MiB, 181.53 W, 2287 MHz, 12481 MHz, 40
2026/09/23 23:28:05.287, 0, 40 %, 86925 MiB, 175.47 W, 2317 MHz, 12481 MHz, 41
2026/09/23 23:28:05.287, 1, 44 %, 83341 MiB, 179.64 W, 2287 MHz, 12481 MHz, 41
2026/09/23 23:28:05.538, 0, 34 %, 86925 MiB, 187.52 W, 2340 MHz, 12481 MHz, 41
2026/09/23 23:28:05.538, 1, 11 %, 83341 MiB, 190.42 W, 2287 MHz, 12481 MHz, 44
2026/09/23 23:28:05.788, 0, 47 %, 86925 MiB, 189.00 W, 2325 MHz, 12481 MHz, 41
2026/09/23 23:28:05.788, 1, 48 %, 83341 MiB, 191.07 W, 2287 MHz, 12481 MHz, 41
2026/09/23 23:28:06.038, 0, 42 %, 86925 MiB, 189.02 W, 2325 MHz, 12481 MHz, 41
2026/09/23 23:28:06.038, 1, 48 %, 83341 MiB, 191.64 W, 2287 MHz, 12481 MHz, 41
2026/09/23 23:28:06.288, 0, 42 %, 86925 MiB, 188.68 W, 2317 MHz, 12481 MHz, 41
2026/09/23 23:28:06.288, 1, 43 %, 83341 MiB, 194.21 W, 2287 MHz, 12481 MHz, 41
2026/09/23 23:28:06.538, 0, 45 %, 86925 MiB, 179.18 W, 2325 MHz, 12481 MHz, 42
2026/09/23 23:28:06.538, 1, 46 %, 83341 MiB, 184.53 W, 2287 MHz, 12481 MHz, 41
2026/09/23 23:28:06.788, 0, 41 %, 86925 MiB, 174.36 W, 2317 MHz, 12481 MHz, 41
2026/09/23 23:28:06.788, 1, 45 %, 83341 MiB, 183.10 W, 2287 MHz, 12481 MHz, 41
2026/09/23 23:28:07.038, 0, 44 %, 86925 MiB, 175.66 W, 2317 MHz, 12481 MHz, 41
2026/09/23 23:28:07.038, 1, 43 %, 83341 MiB, 180.24 W, 2287 MHz, 12481 MHz, 41
2026/09/23 23:28:07.288, 0, 47 %, 86925 MiB, 175.08 W, 2325 MHz, 12481 MHz, 41
2026/09/23 23:28:07.288, 1, 47 %, 83341 MiB, 182.17 W, 2287 MHz, 12481 MHz, 41
2026/09/23 23:28:07.538, 0, 41 %, 86925 MiB, 176.17 W, 2317 MHz, 12481 MHz, 41
2026/09/23 23:28:07.538, 1, 50 %, 83341 MiB, 181.09 W, 2287 MHz, 12481 MHz, 41
2026/09/23 23:28:07.788, 0, 41 %, 86925 MiB, 177.28 W, 2325 MHz, 12481 MHz, 41
2026/09/23 23:28:07.788, 1, 43 %, 83341 MiB, 182.35 W, 2287 MHz, 12481 MHz, 41
2026/09/23 23:28:08.038, 0, 46 %, 86925 MiB, 177.35 W, 2317 MHz, 12481 MHz, 41
2026/09/23 23:28:08.038, 1, 44 %, 83341 MiB, 181.79 W, 2287 MHz, 12481 MHz, 41
2026/09/23 23:28:08.288, 0, 48 %, 86925 MiB, 176.63 W, 2325 MHz, 12481 MHz, 41
2026/09/23 23:28:08.288, 1, 49 %, 83341 MiB, 182.63 W, 2287 MHz, 12481 MHz, 41
2026/09/23 23:28:08.539, 0, 40 %, 86925 MiB, 176.43 W, 2317 MHz, 12481 MHz, 41
2026/09/23 23:28:08.539, 1, 50 %, 83341 MiB, 181.68 W, 2287 MHz, 12481 MHz, 41
2026/09/23 23:28:08.789, 0, 42 %, 86925 MiB, 176.25 W, 2325 MHz, 12481 MHz, 41
2026/09/23 23:28:08.789, 1, 43 %, 83341 MiB, 182.00 W, 2287 MHz, 12481 MHz, 41
2026/09/23 23:28:09.039, 0, 45 %, 86925 MiB, 176.62 W, 2317 MHz, 12481 MHz, 41
2026/09/23 23:28:09.039, 1, 44 %, 83341 MiB, 182.27 W, 2287 MHz, 12481 MHz, 41
2026/09/23 23:28:09.289, 0, 48 %, 86925 MiB, 176.66 W, 2325 MHz, 12481 MHz, 41
2026/09/23 23:28:09.289, 1, 48 %, 83341 MiB, 182.20 W, 2287 MHz, 12481 MHz, 41
2026/09/23 23:28:09.539, 0, 41 %, 86925 MiB, 177.12 W, 2317 MHz, 12481 MHz, 41
2026/09/23 23:28:09.539, 1, 50 %, 83341 MiB, 181.74 W, 2287 MHz, 12481 MHz, 41
2026/09/23 23:28:09.789, 0, 41 %, 86925 MiB, 176.93 W, 2325 MHz, 12481 MHz, 41
2026/09/23 23:28:09.789, 1, 43 %, 83341 MiB, 182.02 W, 2287 MHz, 12481 MHz, 41
2026/09/23 23:28:10.039, 0, 45 %, 86925 MiB, 177.17 W, 2325 MHz, 12481 MHz, 41
2026/09/23 23:28:10.039, 1, 44 %, 83341 MiB, 182.22 W, 2287 MHz, 12481 MHz, 41
2026/09/23 23:28:10.289, 0, 49 %, 86925 MiB, 177.35 W, 2325 MHz, 12481 MHz, 41
2026/09/23 23:28:10.289, 1, 47 %, 83341 MiB, 182.52 W, 2287 MHz, 12481 MHz, 41
2026/09/23 23:28:10.539, 0, 43 %, 86925 MiB, 178.44 W, 2325 MHz, 12481 MHz, 41
2026/09/23 23:28:10.539, 1, 50 %, 83341 MiB, 182.79 W, 2287 MHz, 12481 MHz, 41
2026/09/23 23:28:10.789, 0, 40 %, 86925 MiB, 177.68 W, 2325 MHz, 12481 MHz, 41
2026/09/23 23:28:10.789, 1, 45 %, 83341 MiB, 182.20 W, 2287 MHz, 12481 MHz, 41
2026/09/23 23:28:11.040, 0, 42 %, 86925 MiB, 182.01 W, 2317 MHz, 12481 MHz, 43
2026/09/23 23:28:11.040, 1, 42 %, 83341 MiB, 183.04 W, 2287 MHz, 12481 MHz, 41
2026/09/23 23:28:11.290, 0, 79 %, 86925 MiB, 188.21 W, 2355 MHz, 12481 MHz, 41
2026/09/23 23:28:11.290, 1, 3 %, 83341 MiB, 192.73 W, 2295 MHz, 12481 MHz, 43
2026/09/23 23:28:11.540, 0, 42 %, 86925 MiB, 186.43 W, 2325 MHz, 12481 MHz, 41
2026/09/23 23:28:11.540, 1, 49 %, 83341 MiB, 192.53 W, 2295 MHz, 12481 MHz, 42
2026/09/23 23:28:11.790, 0, 44 %, 86925 MiB, 187.45 W, 2317 MHz, 12481 MHz, 41
2026/09/23 23:28:11.790, 1, 44 %, 83341 MiB, 191.19 W, 2287 MHz, 12481 MHz, 41
2026/09/23 23:28:12.040, 0, 47 %, 86925 MiB, 185.07 W, 2317 MHz, 12481 MHz, 41
2026/09/23 23:28:12.040, 1, 49 %, 83341 MiB, 191.71 W, 2287 MHz, 12481 MHz, 41
2026/09/23 23:28:12.290, 0, 41 %, 86925 MiB, 178.74 W, 2317 MHz, 12481 MHz, 42
2026/09/23 23:28:12.290, 1, 48 %, 83341 MiB, 180.09 W, 2287 MHz, 12481 MHz, 41
2026/09/23 23:28:12.540, 0, 48 %, 86925 MiB, 178.52 W, 2325 MHz, 12481 MHz, 41
2026/09/23 23:28:12.540, 1, 43 %, 83341 MiB, 183.84 W, 2287 MHz, 12481 MHz, 41
2026/09/23 23:28:12.790, 0, 42 %, 86925 MiB, 177.25 W, 2317 MHz, 12481 MHz, 41
2026/09/23 23:28:12.790, 1, 48 %, 83341 MiB, 184.28 W, 2287 MHz, 12481 MHz, 41
2026/09/23 23:28:13.040, 0, 43 %, 86925 MiB, 178.47 W, 2325 MHz, 12481 MHz, 41
2026/09/23 23:28:13.040, 1, 43 %, 83341 MiB, 183.58 W, 2287 MHz, 12481 MHz, 41
2026/09/23 23:28:13.290, 0, 48 %, 86925 MiB, 174.78 W, 2325 MHz, 12481 MHz, 41
2026/09/23 23:28:13.290, 1, 47 %, 83341 MiB, 184.07 W, 2287 MHz, 12481 MHz, 41
2026/09/23 23:28:13.540, 0, 41 %, 86925 MiB, 175.50 W, 2317 MHz, 12481 MHz, 41
2026/09/23 23:28:13.540, 1, 51 %, 83341 MiB, 180.58 W, 2287 MHz, 12481 MHz, 41
2026/09/23 23:28:13.791, 0, 43 %, 86925 MiB, 175.93 W, 2325 MHz, 12481 MHz, 41
2026/09/23 23:28:13.791, 1, 43 %, 83341 MiB, 181.62 W, 2287 MHz, 12481 MHz, 41
2026/09/23 23:28:14.041, 0, 47 %, 86925 MiB, 176.10 W, 2317 MHz, 12481 MHz, 41
2026/09/23 23:28:14.041, 1, 46 %, 83341 MiB, 180.36 W, 2287 MHz, 12481 MHz, 42
2026/09/23 23:28:14.291, 0, 46 %, 86925 MiB, 177.49 W, 2325 MHz, 12481 MHz, 41
2026/09/23 23:28:14.291, 1, 50 %, 83341 MiB, 181.15 W, 2287 MHz, 12481 MHz, 41
2026/09/23 23:28:14.541, 0, 42 %, 86925 MiB, 176.60 W, 2317 MHz, 12481 MHz, 41
2026/09/23 23:28:14.541, 1, 47 %, 83341 MiB, 181.12 W, 2287 MHz, 12481 MHz, 41
2026/09/23 23:28:14.791, 0, 47 %, 86925 MiB, 177.79 W, 2317 MHz, 12481 MHz, 41
2026/09/23 23:28:14.791, 1, 45 %, 83341 MiB, 181.44 W, 2287 MHz, 12481 MHz, 42
2026/09/23 23:28:15.041, 0, 46 %, 86925 MiB, 176.62 W, 2317 MHz, 12481 MHz, 41
2026/09/23 23:28:15.041, 1, 50 %, 83341 MiB, 182.47 W, 2287 MHz, 12481 MHz, 41
2026/09/23 23:28:15.291, 0, 42 %, 86925 MiB, 178.06 W, 2317 MHz, 12481 MHz, 41
2026/09/23 23:28:15.291, 1, 48 %, 83341 MiB, 182.03 W, 2287 MHz, 12481 MHz, 42
2026/09/23 23:28:15.541, 0, 45 %, 86925 MiB, 177.38 W, 2325 MHz, 12481 MHz, 41
2026/09/23 23:28:15.541, 1, 44 %, 83341 MiB, 182.91 W, 2287 MHz, 12481 MHz, 41
2026/09/23 23:28:15.791, 0, 48 %, 86925 MiB, 177.18 W, 2317 MHz, 12481 MHz, 41
2026/09/23 23:28:15.791, 1, 49 %, 83341 MiB, 181.99 W, 2287 MHz, 12481 MHz, 41
2026/09/23 23:28:16.041, 0, 44 %, 86925 MiB, 176.76 W, 2317 MHz, 12481 MHz, 41
2026/09/23 23:28:16.041, 1, 50 %, 83341 MiB, 182.73 W, 2287 MHz, 12481 MHz, 41
2026/09/23 23:28:16.291, 0, 41 %, 86925 MiB, 176.31 W, 2317 MHz, 12481 MHz, 42
2026/09/23 23:28:16.291, 1, 47 %, 83341 MiB, 182.56 W, 2287 MHz, 12481 MHz, 41
2026/09/23 23:28:16.542, 0, 46 %, 86925 MiB, 176.48 W, 2317 MHz, 12481 MHz, 41
2026/09/23 23:28:16.542, 1, 43 %, 83341 MiB, 182.02 W, 2287 MHz, 12481 MHz, 41
2026/09/23 23:28:16.792, 0, 38 %, 86925 MiB, 173.98 W, 2317 MHz, 12481 MHz, 40
2026/09/23 23:28:16.792, 1, 49 %, 83341 MiB, 177.71 W, 2287 MHz, 12481 MHz, 41
2026/09/23 23:28:17.042, 0, 80 %, 86925 MiB, 181.58 W, 2347 MHz, 12481 MHz, 40
2026/09/23 23:28:17.042, 1, 2 %, 83341 MiB, 181.24 W, 2287 MHz, 12481 MHz, 41
2026/09/23 23:28:17.292, 0, 42 %, 86925 MiB, 179.58 W, 2347 MHz, 12481 MHz, 41
2026/09/23 23:28:17.292, 1, 44 %, 83341 MiB, 187.40 W, 2302 MHz, 12481 MHz, 41
2026/09/23 23:28:17.542, 0, 41 %, 86925 MiB, 178.52 W, 2325 MHz, 12481 MHz, 41
2026/09/23 23:28:17.542, 1, 46 %, 83341 MiB, 184.96 W, 2302 MHz, 12481 MHz, 41
2026/09/23 23:28:17.792, 0, 38 %, 86925 MiB, 180.09 W, 2325 MHz, 12481 MHz, 41
2026/09/23 23:28:17.792, 1, 41 %, 83341 MiB, 186.81 W, 2287 MHz, 12481 MHz, 41
2026/09/23 23:28:18.042, 0, 41 %, 86925 MiB, 172.53 W, 2325 MHz, 12481 MHz, 41
2026/09/23 23:28:18.042, 1, 46 %, 83341 MiB, 186.80 W, 2287 MHz, 12481 MHz, 41
2026/09/23 23:28:18.292, 0, 46 %, 86925 MiB, 172.63 W, 2325 MHz, 12481 MHz, 41
2026/09/23 23:28:18.292, 1, 47 %, 83341 MiB, 175.59 W, 2287 MHz, 12481 MHz, 41
2026/09/23 23:28:18.542, 0, 38 %, 86925 MiB, 172.77 W, 2325 MHz, 12481 MHz, 41
2026/09/23 23:28:18.542, 1, 41 %, 83341 MiB, 177.70 W, 2287 MHz, 12481 MHz, 41
2026/09/23 23:28:18.792, 0, 43 %, 86925 MiB, 170.69 W, 2325 MHz, 12481 MHz, 41
2026/09/23 23:28:18.792, 1, 47 %, 83341 MiB, 176.19 W, 2287 MHz, 12481 MHz, 41
2026/09/23 23:28:19.042, 0, 43 %, 86925 MiB, 171.66 W, 2325 MHz, 12481 MHz, 41
2026/09/23 23:28:19.042, 1, 43 %, 83341 MiB, 178.49 W, 2287 MHz, 12481 MHz, 41
2026/09/23 23:28:19.293, 0, 39 %, 86925 MiB, 170.90 W, 2325 MHz, 12481 MHz, 41
2026/09/23 23:28:19.293, 1, 41 %, 83341 MiB, 177.63 W, 2287 MHz, 12481 MHz, 41
2026/09/23 23:28:19.543, 0, 41 %, 86925 MiB, 171.29 W, 2325 MHz, 12481 MHz, 41
2026/09/23 23:28:19.543, 1, 47 %, 83341 MiB, 176.41 W, 2287 MHz, 12481 MHz, 41
2026/09/23 23:28:19.793, 0, 38 %, 86925 MiB, 173.28 W, 2325 MHz, 12481 MHz, 41
2026/09/23 23:28:19.793, 1, 42 %, 83341 MiB, 175.91 W, 2287 MHz, 12481 MHz, 41
2026/09/23 23:28:20.043, 0, 44 %, 86925 MiB, 173.18 W, 2325 MHz, 12481 MHz, 41
2026/09/23 23:28:20.043, 1, 47 %, 83341 MiB, 175.43 W, 2287 MHz, 12481 MHz, 41
2026/09/23 23:28:20.293, 0, 42 %, 86925 MiB, 172.76 W, 2325 MHz, 12481 MHz, 41
2026/09/23 23:28:20.293, 1, 42 %, 83341 MiB, 175.67 W, 2287 MHz, 12481 MHz, 41
2026/09/23 23:28:20.543, 0, 44 %, 86925 MiB, 172.27 W, 2325 MHz, 12481 MHz, 41
2026/09/23 23:28:20.543, 1, 41 %, 83341 MiB, 177.57 W, 2287 MHz, 12481 MHz, 41
2026/09/23 23:28:20.793, 0, 41 %, 86925 MiB, 171.52 W, 2325 MHz, 12481 MHz, 41
2026/09/23 23:28:20.793, 1, 41 %, 83341 MiB, 177.61 W, 2287 MHz, 12481 MHz, 41
2026/09/23 23:28:21.043, 0, 38 %, 86925 MiB, 171.46 W, 2325 MHz, 12481 MHz, 41
2026/09/23 23:28:21.043, 1, 43 %, 83341 MiB, 175.73 W, 2287 MHz, 12481 MHz, 41
2026/09/23 23:28:21.293, 0, 45 %, 86925 MiB, 173.03 W, 2325 MHz, 12481 MHz, 41
2026/09/23 23:28:21.293, 1, 47 %, 83341 MiB, 175.50 W, 2287 MHz, 12481 MHz, 41
2026/09/23 23:28:21.543, 0, 39 %, 86925 MiB, 172.49 W, 2325 MHz, 12481 MHz, 41
2026/09/23 23:28:21.543, 1, 40 %, 83341 MiB, 175.98 W, 2287 MHz, 12481 MHz, 41
2026/09/23 23:28:21.793, 0, 45 %, 86925 MiB, 171.82 W, 2325 MHz, 12481 MHz, 41
2026/09/23 23:28:21.793, 1, 47 %, 83341 MiB, 176.79 W, 2287 MHz, 12481 MHz, 41
2026/09/23 23:28:22.043, 0, 39 %, 86925 MiB, 171.84 W, 2325 MHz, 12481 MHz, 41
2026/09/23 23:28:22.043, 1, 40 %, 83341 MiB, 177.34 W, 2287 MHz, 12481 MHz, 41
2026/09/23 23:28:22.294, 0, 41 %, 86925 MiB, 172.45 W, 2325 MHz, 12481 MHz, 41
2026/09/23 23:28:22.294, 1, 46 %, 83341 MiB, 177.71 W, 2287 MHz, 12481 MHz, 41
2026/09/23 23:28:22.544, 0, 38 %, 86925 MiB, 172.49 W, 2325 MHz, 12481 MHz, 41
2026/09/23 23:28:22.544, 1, 45 %, 83341 MiB, 176.40 W, 2287 MHz, 12481 MHz, 41
2026/09/23 23:28:22.794, 0, 41 %, 86925 MiB, 172.72 W, 2325 MHz, 12481 MHz, 42
2026/09/23 23:28:22.794, 1, 46 %, 83341 MiB, 176.79 W, 2287 MHz, 12481 MHz, 41
2026/09/23 23:28:23.044, 0, 44 %, 86925 MiB, 188.31 W, 2325 MHz, 12481 MHz, 45
2026/09/23 23:28:23.044, 1, 42 %, 83341 MiB, 171.78 W, 2287 MHz, 12481 MHz, 41
2026/09/23 23:28:23.294, 0, 0 %, 86925 MiB, 182.28 W, 2355 MHz, 12481 MHz, 41
2026/09/23 23:28:23.294, 1, 85 %, 83341 MiB, 188.18 W, 2302 MHz, 12481 MHz, 42
2026/09/23 23:28:23.544, 0, 45 %, 86925 MiB, 182.30 W, 2325 MHz, 12481 MHz, 42
2026/09/23 23:28:23.544, 1, 45 %, 83341 MiB, 188.59 W, 2302 MHz, 12481 MHz, 41
2026/09/23 23:28:23.794, 0, 44 %, 86925 MiB, 181.98 W, 2325 MHz, 12481 MHz, 41
2026/09/23 23:28:23.794, 1, 43 %, 83341 MiB, 188.69 W, 2287 MHz, 12481 MHz, 42
2026/09/23 23:28:24.044, 0, 38 %, 86925 MiB, 165.90 W, 2325 MHz, 12481 MHz, 41
2026/09/23 23:28:24.044, 1, 40 %, 83341 MiB, 190.67 W, 2287 MHz, 12481 MHz, 41
2026/09/23 23:28:24.294, 0, 40 %, 86925 MiB, 173.23 W, 2325 MHz, 12481 MHz, 41
2026/09/23 23:28:24.294, 1, 44 %, 83341 MiB, 177.28 W, 2287 MHz, 12481 MHz, 41
2026/09/23 23:28:24.544, 0, 43 %, 86925 MiB, 171.59 W, 2325 MHz, 12481 MHz, 41
2026/09/23 23:28:24.544, 1, 48 %, 83341 MiB, 175.76 W, 2287 MHz, 12481 MHz, 41
2026/09/23 23:28:24.794, 0, 38 %, 86925 MiB, 173.51 W, 2325 MHz, 12481 MHz, 41
2026/09/23 23:28:24.794, 1, 40 %, 83341 MiB, 176.44 W, 2287 MHz, 12481 MHz, 41
2026/09/23 23:28:25.045, 0, 40 %, 86925 MiB, 172.99 W, 2325 MHz, 12481 MHz, 41
2026/09/23 23:28:25.045, 1, 44 %, 83341 MiB, 175.40 W, 2287 MHz, 12481 MHz, 41
2026/09/23 23:28:25.295, 0, 45 %, 86925 MiB, 172.87 W, 2325 MHz, 12481 MHz, 42
2026/09/23 23:28:25.295, 1, 47 %, 83341 MiB, 175.17 W, 2287 MHz, 12481 MHz, 41
2026/09/23 23:28:25.545, 0, 39 %, 86925 MiB, 173.21 W, 2325 MHz, 12481 MHz, 42
2026/09/23 23:28:25.545, 1, 40 %, 83341 MiB, 177.68 W, 2287 MHz, 12481 MHz, 42
2026/09/23 23:28:25.795, 0, 45 %, 86925 MiB, 171.21 W, 2325 MHz, 12481 MHz, 41
2026/09/23 23:28:25.795, 1, 46 %, 83341 MiB, 177.74 W, 2287 MHz, 12481 MHz, 42
2026/09/23 23:28:26.045, 0, 40 %, 86925 MiB, 170.68 W, 2325 MHz, 12481 MHz, 41
2026/09/23 23:28:26.045, 1, 40 %, 83341 MiB, 178.32 W, 2287 MHz, 12481 MHz, 41
2026/09/23 23:28:26.295, 0, 39 %, 86925 MiB, 171.48 W, 2325 MHz, 12481 MHz, 41
2026/09/23 23:28:26.295, 1, 43 %, 83341 MiB, 178.35 W, 2287 MHz, 12481 MHz, 41
2026/09/23 23:28:26.545, 0, 40 %, 86925 MiB, 171.24 W, 2325 MHz, 12481 MHz, 41
2026/09/23 23:28:26.545, 1, 47 %, 83341 MiB, 176.33 W, 2287 MHz, 12481 MHz, 41
2026/09/23 23:28:26.795, 0, 39 %, 86925 MiB, 173.31 W, 2325 MHz, 12481 MHz, 41
2026/09/23 23:28:26.795, 1, 43 %, 83341 MiB, 175.87 W, 2287 MHz, 12481 MHz, 41
2026/09/23 23:28:27.045, 0, 45 %, 86925 MiB, 172.90 W, 2325 MHz, 12481 MHz, 41
2026/09/23 23:28:27.045, 1, 47 %, 83341 MiB, 177.11 W, 2287 MHz, 12481 MHz, 41
2026/09/23 23:28:27.295, 0, 41 %, 86925 MiB, 171.92 W, 2325 MHz, 12481 MHz, 41
2026/09/23 23:28:27.295, 1, 40 %, 83341 MiB, 177.35 W, 2287 MHz, 12481 MHz, 41
2026/09/23 23:28:27.545, 0, 45 %, 86925 MiB, 171.78 W, 2325 MHz, 12481 MHz, 41
2026/09/23 23:28:27.545, 1, 43 %, 83341 MiB, 178.46 W, 2287 MHz, 12481 MHz, 41
2026/09/23 23:28:27.796, 0, 40 %, 86925 MiB, 171.27 W, 2325 MHz, 12481 MHz, 41
2026/09/23 23:28:27.796, 1, 40 %, 83341 MiB, 178.47 W, 2287 MHz, 12481 MHz, 41
2026/09/23 23:28:28.046, 0, 39 %, 86925 MiB, 171.52 W, 2325 MHz, 12481 MHz, 41
2026/09/23 23:28:28.046, 1, 44 %, 83341 MiB, 176.49 W, 2287 MHz, 12481 MHz, 41
2026/09/23 23:28:28.296, 0, 45 %, 86925 MiB, 172.56 W, 2325 MHz, 12481 MHz, 42
2026/09/23 23:28:28.296, 1, 47 %, 83341 MiB, 177.24 W, 2287 MHz, 12481 MHz, 41
2026/09/23 23:28:28.546, 0, 41 %, 86925 MiB, 172.74 W, 2325 MHz, 12481 MHz, 42
2026/09/23 23:28:28.546, 1, 40 %, 83341 MiB, 177.59 W, 2287 MHz, 12481 MHz, 42
2026/09/23 23:28:28.796, 0, 44 %, 86925 MiB, 172.17 W, 2325 MHz, 12481 MHz, 41
2026/09/23 23:28:28.796, 1, 45 %, 83341 MiB, 177.31 W, 2287 MHz, 12481 MHz, 41
2026/09/23 23:28:29.046, 0, 38 %, 86925 MiB, 178.97 W, 2325 MHz, 12481 MHz, 41
2026/09/23 23:28:29.046, 1, 40 %, 83341 MiB, 177.10 W, 2287 MHz, 12481 MHz, 41
2026/09/23 23:28:29.296, 0, 96 %, 86925 MiB, 184.60 W, 2340 MHz, 12481 MHz, 40
2026/09/23 23:28:29.296, 1, 9 %, 83341 MiB, 185.61 W, 2325 MHz, 12481 MHz, 45
2026/09/23 23:28:29.546, 0, 38 %, 86925 MiB, 185.15 W, 2332 MHz, 12481 MHz, 41
2026/09/23 23:28:29.546, 1, 46 %, 83341 MiB, 185.04 W, 2325 MHz, 12481 MHz, 41
2026/09/23 23:28:29.796, 0, 41 %, 86925 MiB, 185.65 W, 2325 MHz, 12481 MHz, 42
2026/09/23 23:28:29.796, 1, 46 %, 83341 MiB, 184.09 W, 2287 MHz, 12481 MHz, 41
2026/09/23 23:28:30.046, 0, 46 %, 86925 MiB, 182.70 W, 2325 MHz, 12481 MHz, 41
2026/09/23 23:28:30.046, 1, 47 %, 83341 MiB, 185.05 W, 2287 MHz, 12481 MHz, 42
2026/09/23 23:28:30.296, 0, 42 %, 86925 MiB, 171.83 W, 2325 MHz, 12481 MHz, 42
2026/09/23 23:28:30.296, 1, 42 %, 83341 MiB, 176.52 W, 2287 MHz, 12481 MHz, 41
2026/09/23 23:28:30.546, 0, 41 %, 86925 MiB, 172.68 W, 2325 MHz, 12481 MHz, 42
2026/09/23 23:28:30.546, 1, 40 %, 83341 MiB, 178.06 W, 2287 MHz, 12481 MHz, 42
2026/09/23 23:28:30.797, 0, 46 %, 86925 MiB, 170.98 W, 2325 MHz, 12481 MHz, 41
2026/09/23 23:28:30.797, 1, 47 %, 83341 MiB, 178.15 W, 2287 MHz, 12481 MHz, 42
2026/09/23 23:28:31.047, 0, 41 %, 86925 MiB, 171.07 W, 2325 MHz, 12481 MHz, 41
2026/09/23 23:28:31.047, 1, 41 %, 83341 MiB, 177.95 W, 2287 MHz, 12481 MHz, 41
2026/09/23 23:28:31.297, 0, 38 %, 86925 MiB, 171.05 W, 2325 MHz, 12481 MHz, 41
2026/09/23 23:28:31.297, 1, 42 %, 83341 MiB, 178.07 W, 2287 MHz, 12481 MHz, 41
2026/09/23 23:28:31.547, 0, 43 %, 86925 MiB, 171.05 W, 2325 MHz, 12481 MHz, 41
2026/09/23 23:28:31.547, 1, 47 %, 83341 MiB, 175.27 W, 2287 MHz, 12481 MHz, 41
2026/09/23 23:28:31.797, 0, 38 %, 86925 MiB, 173.61 W, 2325 MHz, 12481 MHz, 41
2026/09/23 23:28:31.797, 1, 40 %, 83341 MiB, 176.63 W, 2287 MHz, 12481 MHz, 41
2026/09/23 23:28:32.047, 0, 43 %, 86925 MiB, 172.71 W, 2325 MHz, 12481 MHz, 41
2026/09/23 23:28:32.047, 1, 47 %, 83341 MiB, 175.70 W, 2287 MHz, 12481 MHz, 41
2026/09/23 23:28:32.297, 0, 43 %, 86925 MiB, 172.35 W, 2325 MHz, 12481 MHz, 42
2026/09/23 23:28:32.297, 1, 43 %, 83341 MiB, 175.84 W, 2287 MHz, 12481 MHz, 41
2026/09/23 23:28:32.547, 0, 42 %, 86925 MiB, 172.35 W, 2325 MHz, 12481 MHz, 42
2026/09/23 23:28:32.547, 1, 40 %, 83341 MiB, 177.62 W, 2287 MHz, 12481 MHz, 41
2026/09/23 23:28:32.797, 0, 43 %, 86925 MiB, 170.78 W, 2325 MHz, 12481 MHz, 41
2026/09/23 23:28:32.797, 1, 43 %, 83341 MiB, 177.45 W, 2287 MHz, 12481 MHz, 41
2026/09/23 23:28:33.047, 0, 38 %, 86925 MiB, 170.55 W, 2325 MHz, 12481 MHz, 41
2026/09/23 23:28:33.047, 1, 40 %, 83341 MiB, 176.82 W, 2287 MHz, 12481 MHz, 41
2026/09/23 23:28:33.297, 0, 43 %, 86925 MiB, 173.10 W, 2325 MHz, 12481 MHz, 41
2026/09/23 23:28:33.297, 1, 47 %, 83341 MiB, 177.06 W, 2287 MHz, 12481 MHz, 41
2026/09/23 23:28:33.548, 0, 38 %, 86925 MiB, 172.42 W, 2325 MHz, 12481 MHz, 41
2026/09/23 23:28:33.548, 1, 43 %, 83341 MiB, 175.79 W, 2287 MHz, 12481 MHz, 41
2026/09/23 23:28:33.798, 0, 43 %, 86925 MiB, 172.53 W, 2325 MHz, 12481 MHz, 42
2026/09/23 23:28:33.798, 1, 47 %, 83341 MiB, 175.52 W, 2287 MHz, 12481 MHz, 41
2026/09/23 23:28:34.048, 0, 43 %, 86925 MiB, 172.46 W, 2325 MHz, 12481 MHz, 41
2026/09/23 23:28:34.048, 1, 43 %, 83341 MiB, 176.71 W, 2287 MHz, 12481 MHz, 41
2026/09/23 23:28:34.298, 0, 38 %, 86925 MiB, 171.57 W, 2325 MHz, 12481 MHz, 41
2026/09/23 23:28:34.298, 1, 41 %, 83341 MiB, 177.15 W, 2287 MHz, 12481 MHz, 41
2026/09/23 23:28:34.548, 0, 41 %, 86925 MiB, 171.46 W, 2325 MHz, 12481 MHz, 41
2026/09/23 23:28:34.548, 1, 47 %, 83341 MiB, 176.08 W, 2287 MHz, 12481 MHz, 41
2026/09/23 23:28:34.798, 0, 38 %, 86925 MiB, 173.37 W, 2325 MHz, 12481 MHz, 41
2026/09/23 23:28:34.798, 1, 43 %, 83341 MiB, 175.75 W, 2287 MHz, 12481 MHz, 41
2026/09/23 23:28:35.048, 0, 45 %, 86925 MiB, 172.66 W, 2325 MHz, 12481 MHz, 41
2026/09/23 23:28:35.048, 1, 47 %, 83341 MiB, 175.96 W, 2287 MHz, 12481 MHz, 41
2026/09/23 23:28:35.298, 0, 39 %, 86925 MiB, 188.92 W, 2325 MHz, 12481 MHz, 45
2026/09/23 23:28:35.298, 1, 41 %, 83341 MiB, 178.13 W, 2302 MHz, 12481 MHz, 40
2026/09/23 23:28:35.548, 0, 45 %, 86925 MiB, 181.66 W, 2362 MHz, 12481 MHz, 41
2026/09/23 23:28:35.548, 1, 81 %, 83341 MiB, 188.69 W, 2302 MHz, 12481 MHz, 41
2026/09/23 23:28:35.798, 0, 41 %, 86925 MiB, 181.19 W, 2325 MHz, 12481 MHz, 41
2026/09/23 23:28:35.798, 1, 40 %, 83341 MiB, 188.77 W, 2287 MHz, 12481 MHz, 41
2026/09/23 23:28:36.048, 0, 38 %, 86925 MiB, 180.80 W, 2325 MHz, 12481 MHz, 41
2026/09/23 23:28:36.048, 1, 41 %, 83341 MiB, 187.70 W, 2287 MHz, 12481 MHz, 41
2026/09/23 23:28:36.298, 0, 42 %, 86925 MiB, 165.41 W, 2325 MHz, 12481 MHz, 41
2026/09/23 23:28:36.298, 1, 47 %, 83341 MiB, 189.81 W, 2287 MHz, 12481 MHz, 41
2026/09/23 23:28:36.549, 0, 40 %, 86925 MiB, 173.40 W, 2325 MHz, 12481 MHz, 41
2026/09/23 23:28:36.549, 1, 45 %, 83341 MiB, 175.91 W, 2287 MHz, 12481 MHz, 41
2026/09/23 23:28:36.799, 0, 38 %, 86925 MiB, 174.17 W, 2325 MHz, 12481 MHz, 41
2026/09/23 23:28:36.799, 1, 42 %, 83341 MiB, 175.24 W, 2287 MHz, 12481 MHz, 41
2026/09/23 23:28:37.049, 0, 43 %, 86925 MiB, 174.08 W, 2325 MHz, 12481 MHz, 41
2026/09/23 23:28:37.049, 1, 47 %, 83341 MiB, 176.45 W, 2287 MHz, 12481 MHz, 41
2026/09/23 23:28:37.299, 0, 43 %, 86925 MiB, 172.74 W, 2325 MHz, 12481 MHz, 42
2026/09/23 23:28:37.299, 1, 44 %, 83341 MiB, 175.65 W, 2287 MHz, 12481 MHz, 41
2026/09/23 23:28:37.549, 0, 42 %, 86925 MiB, 173.46 W, 2325 MHz, 12481 MHz, 42
2026/09/23 23:28:37.549, 1, 40 %, 83341 MiB, 177.86 W, 2287 MHz, 12481 MHz, 41
2026/09/23 23:28:37.799, 0, 44 %, 86925 MiB, 171.51 W, 2325 MHz, 12481 MHz, 41
2026/09/23 23:28:37.799, 1, 44 %, 83341 MiB, 177.82 W, 2287 MHz, 12481 MHz, 42
2026/09/23 23:28:38.049, 0, 38 %, 86925 MiB, 171.58 W, 2325 MHz, 12481 MHz, 41
2026/09/23 23:28:38.049, 1, 40 %, 83341 MiB, 177.10 W, 2287 MHz, 12481 MHz, 41
2026/09/23 23:28:38.299, 0, 42 %, 86925 MiB, 173.09 W, 2325 MHz, 12481 MHz, 41
2026/09/23 23:28:38.299, 1, 46 %, 83341 MiB, 177.11 W, 2287 MHz, 12481 MHz, 41
2026/09/23 23:28:38.549, 0, 38 %, 86925 MiB, 172.96 W, 2325 MHz, 12481 MHz, 41
2026/09/23 23:28:38.549, 1, 44 %, 83341 MiB, 175.24 W, 2287 MHz, 12481 MHz, 41
2026/09/23 23:28:38.799, 0, 41 %, 86925 MiB, 173.05 W, 2325 MHz, 12481 MHz, 42
2026/09/23 23:28:38.799, 1, 46 %, 83341 MiB, 175.55 W, 2287 MHz, 12481 MHz, 41
2026/09/23 23:28:39.049, 0, 45 %, 86925 MiB, 172.80 W, 2325 MHz, 12481 MHz, 42
2026/09/23 23:28:39.049, 1, 45 %, 83341 MiB, 176.94 W, 2287 MHz, 12481 MHz, 42
2026/09/23 23:28:39.299, 0, 38 %, 86925 MiB, 171.30 W, 2325 MHz, 12481 MHz, 41
2026/09/23 23:28:39.299, 1, 40 %, 83341 MiB, 176.99 W, 2287 MHz, 12481 MHz, 42
2026/09/23 23:28:39.550, 0, 44 %, 86925 MiB, 171.49 W, 2325 MHz, 12481 MHz, 41
2026/09/23 23:28:39.550, 1, 45 %, 83341 MiB, 177.09 W, 2287 MHz, 12481 MHz, 41
2026/09/23 23:28:39.800, 0, 38 %, 86925 MiB, 172.57 W, 2325 MHz, 12481 MHz, 41
2026/09/23 23:28:39.800, 1, 40 %, 83341 MiB, 177.16 W, 2287 MHz, 12481 MHz, 41
2026/09/23 23:28:40.050, 0, 41 %, 86925 MiB, 171.72 W, 2325 MHz, 12481 MHz, 41
2026/09/23 23:28:40.050, 1, 46 %, 83341 MiB, 176.00 W, 2287 MHz, 12481 MHz, 41
2026/09/23 23:28:40.300, 0, 44 %, 86925 MiB, 172.71 W, 2325 MHz, 12481 MHz, 42
2026/09/23 23:28:40.300, 1, 44 %, 83341 MiB, 176.12 W, 2287 MHz, 12481 MHz, 41
2026/09/23 23:28:40.550, 0, 43 %, 86925 MiB, 171.66 W, 2325 MHz, 12481 MHz, 41
2026/09/23 23:28:40.550, 1, 40 %, 83341 MiB, 177.54 W, 2287 MHz, 12481 MHz, 41
2026/09/23 23:28:40.800, 0, 42 %, 86925 MiB, 170.44 W, 2325 MHz, 12481 MHz, 41
2026/09/23 23:28:40.800, 1, 42 %, 83341 MiB, 177.65 W, 2287 MHz, 12481 MHz, 41
2026/09/23 23:28:41.050, 0, 38 %, 86925 MiB, 171.16 W, 2325 MHz, 12481 MHz, 41
2026/09/23 23:28:41.050, 1, 42 %, 83341 MiB, 176.69 W, 2287 MHz, 12481 MHz, 41
2026/09/23 23:28:41.300, 0, 44 %, 86925 MiB, 176.68 W, 2325 MHz, 12481 MHz, 42
2026/09/23 23:28:41.300, 1, 47 %, 83341 MiB, 173.41 W, 2287 MHz, 12481 MHz, 41
2026/09/23 23:28:41.550, 0, 42 %, 86925 MiB, 182.39 W, 2355 MHz, 12481 MHz, 41
2026/09/23 23:28:41.550, 1, 10 %, 83341 MiB, 186.04 W, 2310 MHz, 12481 MHz, 45
2026/09/23 23:28:41.800, 0, 38 %, 86925 MiB, 183.93 W, 2325 MHz, 12481 MHz, 41
2026/09/23 23:28:41.800, 1, 40 %, 83341 MiB, 186.85 W, 2287 MHz, 12481 MHz, 41
2026/09/23 23:28:42.050, 0, 40 %, 86925 MiB, 183.07 W, 2325 MHz, 12481 MHz, 41
2026/09/23 23:28:42.050, 1, 44 %, 83341 MiB, 187.28 W, 2287 MHz, 12481 MHz, 41
2026/09/23 23:28:42.301, 0, 45 %, 86925 MiB, 178.65 W, 2325 MHz, 12481 MHz, 41
2026/09/23 23:28:42.301, 1, 48 %, 83341 MiB, 189.01 W, 2287 MHz, 12481 MHz, 41
2026/09/23 23:28:42.551, 0, 38 %, 86925 MiB, 173.26 W, 2317 MHz, 12481 MHz, 41
2026/09/23 23:28:42.551, 1, 43 %, 83341 MiB, 176.79 W, 2287 MHz, 12481 MHz, 41
2026/09/23 23:28:42.801, 0, 39 %, 86925 MiB, 172.54 W, 2325 MHz, 12481 MHz, 41
2026/09/23 23:28:42.801, 1, 44 %, 83341 MiB, 176.12 W, 2287 MHz, 12481 MHz, 41
2026/09/23 23:28:43.051, 0, 44 %, 86925 MiB, 172.84 W, 2325 MHz, 12481 MHz, 41
2026/09/23 23:28:43.051, 1, 48 %, 83341 MiB, 178.03 W, 2287 MHz, 12481 MHz, 41
2026/09/23 23:28:43.301, 0, 43 %, 86925 MiB, 171.61 W, 2325 MHz, 12481 MHz, 42
2026/09/23 23:28:43.301, 1, 43 %, 83341 MiB, 176.98 W, 2287 MHz, 12481 MHz, 41
2026/09/23 23:28:43.551, 0, 40 %, 86925 MiB, 172.68 W, 2325 MHz, 12481 MHz, 42
2026/09/23 23:28:43.551, 1, 40 %, 83341 MiB, 177.72 W, 2287 MHz, 12481 MHz, 42
2026/09/23 23:28:43.801, 0, 45 %, 86925 MiB, 170.68 W, 2325 MHz, 12481 MHz, 41
2026/09/23 23:28:43.801, 1, 45 %, 83341 MiB, 177.87 W, 2287 MHz, 12481 MHz, 42
2026/09/23 23:28:44.051, 0, 39 %, 86925 MiB, 171.40 W, 2325 MHz, 12481 MHz, 41
2026/09/23 23:28:44.051, 1, 40 %, 83341 MiB, 175.74 W, 2287 MHz, 12481 MHz, 41
2026/09/23 23:28:44.301, 0, 40 %, 86925 MiB, 172.72 W, 2325 MHz, 12481 MHz, 41
2026/09/23 23:28:44.301, 1, 44 %, 83341 MiB, 176.34 W, 2287 MHz, 12481 MHz, 41
2026/09/23 23:28:44.551, 0, 40 %, 86925 MiB, 171.95 W, 2325 MHz, 12481 MHz, 41
2026/09/23 23:28:44.551, 1, 46 %, 83341 MiB, 175.50 W, 2287 MHz, 12481 MHz, 41
2026/09/23 23:28:44.801, 0, 39 %, 86925 MiB, 173.41 W, 2325 MHz, 12481 MHz, 41
2026/09/23 23:28:44.801, 1, 43 %, 83341 MiB, 175.32 W, 2287 MHz, 12481 MHz, 41
2026/09/23 23:28:45.051, 0, 45 %, 86925 MiB, 172.85 W, 2325 MHz, 12481 MHz, 41
2026/09/23 23:28:45.051, 1, 47 %, 83341 MiB, 177.05 W, 2287 MHz, 12481 MHz, 41
2026/09/23 23:28:45.302, 0, 41 %, 86925 MiB, 171.68 W, 2325 MHz, 12481 MHz, 41
2026/09/23 23:28:45.302, 1, 41 %, 83341 MiB, 177.71 W, 2287 MHz, 12481 MHz, 41
2026/09/23 23:28:45.552, 0, 45 %, 86925 MiB, 171.59 W, 2325 MHz, 12481 MHz, 41
2026/09/23 23:28:45.552, 1, 42 %, 83341 MiB, 177.18 W, 2287 MHz, 12481 MHz, 41
2026/09/23 23:28:45.802, 0, 40 %, 86925 MiB, 171.10 W, 2325 MHz, 12481 MHz, 41
2026/09/23 23:28:45.802, 1, 40 %, 83341 MiB, 177.31 W, 2287 MHz, 12481 MHz, 41
2026/09/23 23:28:46.052, 0, 39 %, 86925 MiB, 171.37 W, 2325 MHz, 12481 MHz, 41
2026/09/23 23:28:46.052, 1, 43 %, 83341 MiB, 175.62 W, 2287 MHz, 12481 MHz, 41
2026/09/23 23:28:46.302, 0, 45 %, 86925 MiB, 172.53 W, 2325 MHz, 12481 MHz, 41
2026/09/23 23:28:46.302, 1, 47 %, 83341 MiB, 176.32 W, 2287 MHz, 12481 MHz, 41
2026/09/23 23:28:46.552, 0, 40 %, 86925 MiB, 172.65 W, 2317 MHz, 12481 MHz, 42
2026/09/23 23:28:46.552, 1, 40 %, 83341 MiB, 177.37 W, 2287 MHz, 12481 MHz, 41
2026/09/23 23:28:46.802, 0, 45 %, 86925 MiB, 171.02 W, 2325 MHz, 12481 MHz, 41
2026/09/23 23:28:46.802, 1, 46 %, 83341 MiB, 177.88 W, 2287 MHz, 12481 MHz, 42
2026/09/23 23:28:47.052, 0, 38 %, 86925 MiB, 171.69 W, 2325 MHz, 12481 MHz, 41
2026/09/23 23:28:47.052, 1, 40 %, 83341 MiB, 177.02 W, 2287 MHz, 12481 MHz, 41
2026/09/23 23:28:47.302, 0, 41 %, 86925 MiB, 172.23 W, 2325 MHz, 12481 MHz, 41
2026/09/23 23:28:47.302, 1, 45 %, 83341 MiB, 176.66 W, 2287 MHz, 12481 MHz, 41
2026/09/23 23:28:47.552, 0, 0 %, 86925 MiB, 184.27 W, 2325 MHz, 12481 MHz, 41
2026/09/23 23:28:47.552, 1, 43 %, 83341 MiB, 181.07 W, 2295 MHz, 12481 MHz, 40
2026/09/23 23:28:47.802, 0, 45 %, 86925 MiB, 184.24 W, 2347 MHz, 12481 MHz, 42
2026/09/23 23:28:47.802, 1, 48 %, 83341 MiB, 185.78 W, 2302 MHz, 12481 MHz, 42
2026/09/23 23:28:48.052, 0, 44 %, 86925 MiB, 185.32 W, 2325 MHz, 12481 MHz, 42
2026/09/23 23:28:48.052, 1, 43 %, 83341 MiB, 186.54 W, 2287 MHz, 12481 MHz, 42
2026/09/23 23:28:48.302, 0, 39 %, 86925 MiB, 182.65 W, 2325 MHz, 12481 MHz, 41
2026/09/23 23:28:48.302, 1, 40 %, 83341 MiB, 187.56 W, 2287 MHz, 12481 MHz, 41
2026/09/23 23:28:48.553, 0, 44 %, 86925 MiB, 170.77 W, 2325 MHz, 12481 MHz, 42
2026/09/23 23:28:48.553, 1, 43 %, 83341 MiB, 185.60 W, 2287 MHz, 12481 MHz, 41
2026/09/23 23:28:48.803, 0, 44 %, 86925 MiB, 171.61 W, 2325 MHz, 12481 MHz, 41
2026/09/23 23:28:48.803, 1, 44 %, 83341 MiB, 178.14 W, 2287 MHz, 12481 MHz, 42
2026/09/23 23:28:49.053, 0, 39 %, 86925 MiB, 170.41 W, 2325 MHz, 12481 MHz, 41
2026/09/23 23:28:49.053, 1, 40 %, 83341 MiB, 176.39 W, 2287 MHz, 12481 MHz, 41
2026/09/23 23:28:49.303, 0, 38 %, 86925 MiB, 171.83 W, 2325 MHz, 12481 MHz, 41
2026/09/23 23:28:49.303, 1, 43 %, 83341 MiB, 177.16 W, 2287 MHz, 12481 MHz, 42
2026/09/23 23:28:49.553, 0, 43 %, 86925 MiB, 171.16 W, 2325 MHz, 12481 MHz, 41
2026/09/23 23:28:49.553, 1, 47 %, 83341 MiB, 175.70 W, 2287 MHz, 12481 MHz, 41
2026/09/23 23:28:49.803, 0, 38 %, 86925 MiB, 173.11 W, 2325 MHz, 12481 MHz, 41
2026/09/23 23:28:49.803, 1, 42 %, 83341 MiB, 175.38 W, 2287 MHz, 12481 MHz, 41
2026/09/23 23:28:50.053, 0, 43 %, 86925 MiB, 173.33 W, 2325 MHz, 12481 MHz, 41
2026/09/23 23:28:50.053, 1, 47 %, 83341 MiB, 176.93 W, 2287 MHz, 12481 MHz, 41
2026/09/23 23:28:50.303, 0, 43 %, 86925 MiB, 171.99 W, 2325 MHz, 12481 MHz, 42
2026/09/23 23:28:50.303, 1, 43 %, 83341 MiB, 176.60 W, 2287 MHz, 12481 MHz, 41
2026/09/23 23:28:50.553, 0, 42 %, 86925 MiB, 172.74 W, 2325 MHz, 12481 MHz, 42
2026/09/23 23:28:50.553, 1, 40 %, 83341 MiB, 178.66 W, 2287 MHz, 12481 MHz, 42
2026/09/23 23:28:50.803, 0, 44 %, 86925 MiB, 171.74 W, 2325 MHz, 12481 MHz, 41
2026/09/23 23:28:50.803, 1, 44 %, 83341 MiB, 178.69 W, 2287 MHz, 12481 MHz, 42
2026/09/23 23:28:51.053, 0, 38 %, 86925 MiB, 171.61 W, 2325 MHz, 12481 MHz, 41
2026/09/23 23:28:51.053, 1, 40 %, 83341 MiB, 177.08 W, 2287 MHz, 12481 MHz, 41
2026/09/23 23:28:51.303, 0, 42 %, 86925 MiB, 172.65 W, 2325 MHz, 12481 MHz, 41
2026/09/23 23:28:51.303, 1, 46 %, 83341 MiB, 176.45 W, 2287 MHz, 12481 MHz, 41
2026/09/23 23:28:51.554, 0, 38 %, 86925 MiB, 172.26 W, 2325 MHz, 12481 MHz, 41
2026/09/23 23:28:51.554, 1, 44 %, 83341 MiB, 176.90 W, 2287 MHz, 12481 MHz, 41
2026/09/23 23:28:51.804, 0, 42 %, 86925 MiB, 172.82 W, 2325 MHz, 12481 MHz, 42
2026/09/23 23:28:51.804, 1, 46 %, 83341 MiB, 176.43 W, 2287 MHz, 12481 MHz, 41
2026/09/23 23:28:52.054, 0, 44 %, 86925 MiB, 172.97 W, 2325 MHz, 12481 MHz, 42
2026/09/23 23:28:52.054, 1, 44 %, 83341 MiB, 178.14 W, 2287 MHz, 12481 MHz, 42
2026/09/23 23:28:52.304, 0, 38 %, 86925 MiB, 172.04 W, 2325 MHz, 12481 MHz, 41
2026/09/23 23:28:52.304, 1, 40 %, 83341 MiB, 177.45 W, 2287 MHz, 12481 MHz, 42
2026/09/23 23:28:52.554, 0, 43 %, 86925 MiB, 171.56 W, 2325 MHz, 12481 MHz, 41
2026/09/23 23:28:52.554, 1, 47 %, 83341 MiB, 176.60 W, 2287 MHz, 12481 MHz, 41
2026/09/23 23:28:52.804, 0, 38 %, 86925 MiB, 173.52 W, 2325 MHz, 12481 MHz, 41
2026/09/23 23:28:52.804, 1, 41 %, 83341 MiB, 176.24 W, 2287 MHz, 12481 MHz, 41
2026/09/23 23:28:53.054, 0, 44 %, 86925 MiB, 173.32 W, 2325 MHz, 12481 MHz, 41
2026/09/23 23:28:53.054, 1, 47 %, 83341 MiB, 176.44 W, 2287 MHz, 12481 MHz, 41
2026/09/23 23:28:53.304, 0, 41 %, 86925 MiB, 172.09 W, 2325 MHz, 12481 MHz, 41
2026/09/23 23:28:53.304, 1, 42 %, 83341 MiB, 176.53 W, 2287 MHz, 12481 MHz, 41
2026/09/23 23:28:53.554, 0, 96 %, 86925 MiB, 191.18 W, 2325 MHz, 12481 MHz, 45
2026/09/23 23:28:53.554, 1, 43 %, 83341 MiB, 170.74 W, 2295 MHz, 12481 MHz, 41
2026/09/23 23:28:53.804, 0, 38 %, 86925 MiB, 183.76 W, 2362 MHz, 12481 MHz, 42
2026/09/23 23:28:53.804, 1, 58 %, 83341 MiB, 190.34 W, 2302 MHz, 12481 MHz, 42
2026/09/23 23:28:54.054, 0, 43 %, 86925 MiB, 184.19 W, 2325 MHz, 12481 MHz, 42
2026/09/23 23:28:54.054, 1, 43 %, 83341 MiB, 189.37 W, 2287 MHz, 12481 MHz, 42
2026/09/23 23:28:54.305, 0, 38 %, 86925 MiB, 184.67 W, 2325 MHz, 12481 MHz, 41
2026/09/23 23:28:54.305, 1, 45 %, 83341 MiB, 189.14 W, 2287 MHz, 12481 MHz, 42
2026/09/23 23:28:54.555, 0, 45 %, 86925 MiB, 164.87 W, 2325 MHz, 12481 MHz, 41
2026/09/23 23:28:54.555, 1, 44 %, 83341 MiB, 195.00 W, 2287 MHz, 12481 MHz, 41
2026/09/23 23:28:54.805, 0, 42 %, 86925 MiB, 171.40 W, 2325 MHz, 12481 MHz, 41
2026/09/23 23:28:54.805, 1, 47 %, 83341 MiB, 176.81 W, 2287 MHz, 12481 MHz, 41
2026/09/23 23:28:55.055, 0, 38 %, 86925 MiB, 171.25 W, 2325 MHz, 12481 MHz, 41
2026/09/23 23:28:55.055, 1, 42 %, 83341 MiB, 174.96 W, 2287 MHz, 12481 MHz, 41
2026/09/23 23:28:55.305, 0, 43 %, 86925 MiB, 173.69 W, 2325 MHz, 12481 MHz, 41
2026/09/23 23:28:55.305, 1, 41 %, 83341 MiB, 175.38 W, 2287 MHz, 12481 MHz, 41
2026/09/23 23:28:55.555, 0, 38 %, 86925 MiB, 173.98 W, 2325 MHz, 12481 MHz, 41
2026/09/23 23:28:55.555, 1, 47 %, 83341 MiB, 176.91 W, 2287 MHz, 12481 MHz, 41
2026/09/23 23:28:55.805, 0, 43 %, 86925 MiB, 172.85 W, 2325 MHz, 12481 MHz, 42
2026/09/23 23:28:55.805, 1, 41 %, 83341 MiB, 176.51 W, 2287 MHz, 12481 MHz, 41
2026/09/23 23:28:56.055, 0, 42 %, 86925 MiB, 172.04 W, 2325 MHz, 12481 MHz, 42
2026/09/23 23:28:56.055, 1, 47 %, 83341 MiB, 177.09 W, 2287 MHz, 12481 MHz, 42
2026/09/23 23:28:56.305, 0, 38 %, 86925 MiB, 171.70 W, 2325 MHz, 12481 MHz, 41
2026/09/23 23:28:56.305, 1, 41 %, 83341 MiB, 176.59 W, 2287 MHz, 12481 MHz, 41
2026/09/23 23:28:56.555, 0, 40 %, 86925 MiB, 171.95 W, 2325 MHz, 12481 MHz, 41
2026/09/23 23:28:56.555, 1, 43 %, 83341 MiB, 175.30 W, 2287 MHz, 12481 MHz, 41
2026/09/23 23:28:56.805, 0, 39 %, 86925 MiB, 173.22 W, 2325 MHz, 12481 MHz, 41
2026/09/23 23:28:56.805, 1, 40 %, 83341 MiB, 176.38 W, 2287 MHz, 12481 MHz, 41
2026/09/23 23:28:57.055, 0, 45 %, 86925 MiB, 172.68 W, 2325 MHz, 12481 MHz, 42
2026/09/23 23:28:57.055, 1, 44 %, 83341 MiB, 177.34 W, 2287 MHz, 12481 MHz, 42
2026/09/23 23:28:57.306, 0, 39 %, 86925 MiB, 171.55 W, 2325 MHz, 12481 MHz, 41
2026/09/23 23:28:57.306, 1, 46 %, 83341 MiB, 177.85 W, 2287 MHz, 12481 MHz, 42
2026/09/23 23:28:57.556, 0, 44 %, 86925 MiB, 171.41 W, 2325 MHz, 12481 MHz, 41
2026/09/23 23:28:57.556, 1, 40 %, 83341 MiB, 177.07 W, 2287 MHz, 12481 MHz, 41
2026/09/23 23:28:57.806, 0, 38 %, 86925 MiB, 172.09 W, 2325 MHz, 12481 MHz, 41
2026/09/23 23:28:57.806, 1, 43 %, 83341 MiB, 176.98 W, 2287 MHz, 12481 MHz, 41
2026/09/23 23:28:58.056, 0, 43 %, 86925 MiB, 172.72 W, 2325 MHz, 12481 MHz, 41
2026/09/23 23:28:58.056, 1, 41 %, 83341 MiB, 176.56 W, 2287 MHz, 12481 MHz, 41
2026/09/23 23:28:58.306, 0, 42 %, 86925 MiB, 172.10 W, 2325 MHz, 12481 MHz, 42
2026/09/23 23:28:58.306, 1, 47 %, 83341 MiB, 176.74 W, 2287 MHz, 12481 MHz, 41
2026/09/23 23:28:58.556, 0, 45 %, 86925 MiB, 172.33 W, 2325 MHz, 12481 MHz, 41
2026/09/23 23:28:58.556, 1, 41 %, 83341 MiB, 177.23 W, 2287 MHz, 12481 MHz, 41
2026/09/23 23:28:58.806, 0, 38 %, 86925 MiB, 172.49 W, 2325 MHz, 12481 MHz, 41
2026/09/23 23:28:58.806, 1, 45 %, 83341 MiB, 176.94 W, 2287 MHz, 12481 MHz, 41
2026/09/23 23:28:59.056, 0, 42 %, 86925 MiB, 172.58 W, 2325 MHz, 12481 MHz, 41
2026/09/23 23:28:59.056, 1, 40 %, 83341 MiB, 177.08 W, 2287 MHz, 12481 MHz, 41
2026/09/23 23:28:59.306, 0, 43 %, 86925 MiB, 172.49 W, 2325 MHz, 12481 MHz, 42
2026/09/23 23:28:59.306, 1, 47 %, 83341 MiB, 176.55 W, 2287 MHz, 12481 MHz, 41
2026/09/23 23:28:59.556, 0, 45 %, 86925 MiB, 172.83 W, 2325 MHz, 12481 MHz, 41
2026/09/23 23:28:59.556, 1, 41 %, 83341 MiB, 175.74 W, 2287 MHz, 12481 MHz, 41
2026/09/23 23:28:59.806, 0, 32 %, 86925 MiB, 182.98 W, 2332 MHz, 12481 MHz, 41
2026/09/23 23:28:59.806, 1, 61 %, 83341 MiB, 186.11 W, 2302 MHz, 12481 MHz, 44
2026/09/23 23:29:00.056, 0, 46 %, 86925 MiB, 183.11 W, 2347 MHz, 12481 MHz, 41
2026/09/23 23:29:00.056, 1, 44 %, 83341 MiB, 187.48 W, 2310 MHz, 12481 MHz, 42
2026/09/23 23:29:00.307, 0, 41 %, 86925 MiB, 182.71 W, 2325 MHz, 12481 MHz, 42
2026/09/23 23:29:00.307, 1, 48 %, 83341 MiB, 186.71 W, 2287 MHz, 12481 MHz, 41
2026/09/23 23:29:00.557, 0, 40 %, 86925 MiB, 182.35 W, 2325 MHz, 12481 MHz, 42
2026/09/23 23:29:00.557, 1, 45 %, 83341 MiB, 187.63 W, 2287 MHz, 12481 MHz, 42
2026/09/23 23:29:00.807, 0, 46 %, 86925 MiB, 170.54 W, 2325 MHz, 12481 MHz, 41
2026/09/23 23:29:00.807, 1, 42 %, 83341 MiB, 177.35 W, 2287 MHz, 12481 MHz, 41
2026/09/23 23:29:01.057, 0, 42 %, 86925 MiB, 170.51 W, 2325 MHz, 12481 MHz, 42
2026/09/23 23:29:01.057, 1, 47 %, 83341 MiB, 176.63 W, 2287 MHz, 12481 MHz, 42
2026/09/23 23:29:01.307, 0, 38 %, 86925 MiB, 170.65 W, 2325 MHz, 12481 MHz, 41
2026/09/23 23:29:01.307, 1, 45 %, 83341 MiB, 177.24 W, 2287 MHz, 12481 MHz, 42
2026/09/23 23:29:01.557, 0, 45 %, 86925 MiB, 170.53 W, 2325 MHz, 12481 MHz, 41
2026/09/23 23:29:01.557, 1, 40 %, 83341 MiB, 176.17 W, 2287 MHz, 12481 MHz, 41
2026/09/23 23:29:01.807, 0, 41 %, 86925 MiB, 171.60 W, 2325 MHz, 12481 MHz, 41
2026/09/23 23:29:01.807, 1, 47 %, 83341 MiB, 177.33 W, 2287 MHz, 12481 MHz, 41
2026/09/23 23:29:02.057, 0, 39 %, 86925 MiB, 170.89 W, 2325 MHz, 12481 MHz, 41
2026/09/23 23:29:02.057, 1, 41 %, 83341 MiB, 174.84 W, 2287 MHz, 12481 MHz, 41
2026/09/23 23:29:02.307, 0, 44 %, 86925 MiB, 173.23 W, 2317 MHz, 12481 MHz, 41
2026/09/23 23:29:02.307, 1, 42 %, 83341 MiB, 175.34 W, 2287 MHz, 12481 MHz, 41
2026/09/23 23:29:02.557, 0, 38 %, 86925 MiB, 172.82 W, 2317 MHz, 12481 MHz, 41
2026/09/23 23:29:02.557, 1, 47 %, 83341 MiB, 176.53 W, 2287 MHz, 12481 MHz, 41
2026/09/23 23:29:02.807, 0, 43 %, 86925 MiB, 171.93 W, 2325 MHz, 12481 MHz, 42
2026/09/23 23:29:02.807, 1, 40 %, 83341 MiB, 176.75 W, 2287 MHz, 12481 MHz, 41
2026/09/23 23:29:03.057, 0, 42 %, 86925 MiB, 172.23 W, 2325 MHz, 12481 MHz, 42
2026/09/23 23:29:03.058, 1, 47 %, 83341 MiB, 178.43 W, 2287 MHz, 12481 MHz, 41
2026/09/23 23:29:03.308, 0, 38 %, 86925 MiB, 170.96 W, 2325 MHz, 12481 MHz, 41
2026/09/23 23:29:03.308, 1, 43 %, 83341 MiB, 178.04 W, 2287 MHz, 12481 MHz, 42
2026/09/23 23:29:03.558, 0, 43 %, 86925 MiB, 170.74 W, 2325 MHz, 12481 MHz, 41
2026/09/23 23:29:03.558, 1, 40 %, 83341 MiB, 175.66 W, 2287 MHz, 12481 MHz, 41
2026/09/23 23:29:03.808, 0, 38 %, 86925 MiB, 172.77 W, 2325 MHz, 12481 MHz, 41
2026/09/23 23:29:03.808, 1, 43 %, 83341 MiB, 176.13 W, 2287 MHz, 12481 MHz, 41
2026/09/23 23:29:04.058, 0, 43 %, 86925 MiB, 173.10 W, 2325 MHz, 12481 MHz, 41
2026/09/23 23:29:04.058, 1, 40 %, 83341 MiB, 176.20 W, 2287 MHz, 12481 MHz, 41
2026/09/23 23:29:04.308, 0, 42 %, 86925 MiB, 172.20 W, 2325 MHz, 12481 MHz, 42
2026/09/23 23:29:04.308, 1, 47 %, 83341 MiB, 176.15 W, 2287 MHz, 12481 MHz, 41
2026/09/23 23:29:04.558, 0, 44 %, 86925 MiB, 172.23 W, 2325 MHz, 12481 MHz, 42
2026/09/23 23:29:04.558, 1, 42 %, 83341 MiB, 177.21 W, 2287 MHz, 12481 MHz, 41
2026/09/23 23:29:04.808, 0, 42 %, 86925 MiB, 171.79 W, 2325 MHz, 12481 MHz, 41
2026/09/23 23:29:04.808, 1, 47 %, 83341 MiB, 177.54 W, 2287 MHz, 12481 MHz, 41
2026/09/23 23:29:05.058, 0, 39 %, 86925 MiB, 172.46 W, 2325 MHz, 12481 MHz, 41
2026/09/23 23:29:05.058, 1, 40 %, 83341 MiB, 176.12 W, 2287 MHz, 12481 MHz, 41
2026/09/23 23:29:05.308, 0, 45 %, 86925 MiB, 172.85 W, 2325 MHz, 12481 MHz, 42
2026/09/23 23:29:05.308, 1, 44 %, 83341 MiB, 176.24 W, 2287 MHz, 12481 MHz, 41
2026/09/23 23:29:05.558, 0, 40 %, 86925 MiB, 172.16 W, 2325 MHz, 12481 MHz, 42
2026/09/23 23:29:05.558, 1, 46 %, 83341 MiB, 176.72 W, 2287 MHz, 12481 MHz, 42
2026/09/23 23:29:05.809, 0, 20 %, 86925 MiB, 177.96 W, 2332 MHz, 12481 MHz, 42
2026/09/23 23:29:05.809, 1, 4 %, 83341 MiB, 163.44 W, 2302 MHz, 12481 MHz, 41
2026/09/23 23:29:06.059, 0, 0 %, 86925 MiB, 177.26 W, 2355 MHz, 12481 MHz, 41
2026/09/23 23:29:06.059, 1, 52 %, 83341 MiB, 180.50 W, 2310 MHz, 12481 MHz, 45
2026/09/23 23:29:06.309, 0, 40 %, 86925 MiB, 181.63 W, 2325 MHz, 12481 MHz, 42
2026/09/23 23:29:06.309, 1, 50 %, 83341 MiB, 182.10 W, 2287 MHz, 12481 MHz, 41
2026/09/23 23:29:06.559, 0, 45 %, 86925 MiB, 183.24 W, 2325 MHz, 12481 MHz, 42
2026/09/23 23:29:06.559, 1, 45 %, 83341 MiB, 184.28 W, 2287 MHz, 12481 MHz, 41
2026/09/23 23:29:06.809, 0, 40 %, 86925 MiB, 180.43 W, 2317 MHz, 12481 MHz, 41
2026/09/23 23:29:06.809, 1, 50 %, 83341 MiB, 199.31 W, 2287 MHz, 12481 MHz, 41
2026/09/23 23:29:07.059, 0, 45 %, 86925 MiB, 178.90 W, 2317 MHz, 12481 MHz, 41
2026/09/23 23:29:07.059, 1, 46 %, 83341 MiB, 182.80 W, 2287 MHz, 12481 MHz, 41
2026/09/23 23:29:07.309, 0, 46 %, 86925 MiB, 175.04 W, 2325 MHz, 12481 MHz, 41
2026/09/23 23:29:07.309, 1, 44 %, 83341 MiB, 183.84 W, 2287 MHz, 12481 MHz, 41
2026/09/23 23:29:07.559, 0, 43 %, 86925 MiB, 175.32 W, 2317 MHz, 12481 MHz, 41
2026/09/23 23:29:07.559, 1, 49 %, 83341 MiB, 179.82 W, 2287 MHz, 12481 MHz, 42
2026/09/23 23:29:07.809, 0, 47 %, 86925 MiB, 177.93 W, 2317 MHz, 12481 MHz, 42
2026/09/23 23:29:07.809, 1, 43 %, 83341 MiB, 180.15 W, 2287 MHz, 12481 MHz, 42
2026/09/23 23:29:08.059, 0, 45 %, 86925 MiB, 177.18 W, 2317 MHz, 12481 MHz, 41
2026/09/23 23:29:08.059, 1, 44 %, 83341 MiB, 180.36 W, 2287 MHz, 12481 MHz, 42
2026/09/23 23:29:08.309, 0, 41 %, 86925 MiB, 179.31 W, 2317 MHz, 12481 MHz, 42
2026/09/23 23:29:08.309, 1, 48 %, 83341 MiB, 180.47 W, 2287 MHz, 12481 MHz, 42
2026/09/23 23:29:08.559, 0, 47 %, 86925 MiB, 178.35 W, 2317 MHz, 12481 MHz, 40
2026/09/23 23:29:08.562, 1, 49 %, 83341 MiB, 181.85 W, 2287 MHz, 12481 MHz, 42
2026/09/23 23:29:08.812, 0, 46 %, 86925 MiB, 179.09 W, 2317 MHz, 12481 MHz, 42
2026/09/23 23:29:08.812, 1, 43 %, 83341 MiB, 181.08 W, 2287 MHz, 12481 MHz, 42
2026/09/23 23:29:09.062, 0, 42 %, 86925 MiB, 178.38 W, 2325 MHz, 12481 MHz, 42
2026/09/23 23:29:09.062, 1, 48 %, 83341 MiB, 182.22 W, 2287 MHz, 12481 MHz, 42
2026/09/23 23:29:09.312, 0, 41 %, 86925 MiB, 178.45 W, 2317 MHz, 12481 MHz, 42
2026/09/23 23:29:09.312, 1, 50 %, 83341 MiB, 181.57 W, 2287 MHz, 12481 MHz, 42
2026/09/23 23:29:09.562, 0, 48 %, 86925 MiB, 177.64 W, 2325 MHz, 12481 MHz, 42
2026/09/23 23:29:09.562, 1, 47 %, 83341 MiB, 182.24 W, 2287 MHz, 12481 MHz, 41
2026/09/23 23:29:09.812, 0, 44 %, 86925 MiB, 177.37 W, 2317 MHz, 12481 MHz, 42
2026/09/23 23:29:09.812, 1, 46 %, 83341 MiB, 182.06 W, 2287 MHz, 12481 MHz, 42
2026/09/23 23:29:10.063, 0, 40 %, 86925 MiB, 177.79 W, 2325 MHz, 12481 MHz, 42
2026/09/23 23:29:10.063, 1, 50 %, 83341 MiB, 183.03 W, 2287 MHz, 12481 MHz, 41
2026/09/23 23:29:10.313, 0, 43 %, 86925 MiB, 177.93 W, 2317 MHz, 12481 MHz, 41
2026/09/23 23:29:10.313, 1, 49 %, 83341 MiB, 182.29 W, 2287 MHz, 12481 MHz, 42
2026/09/23 23:29:10.563, 0, 46 %, 86925 MiB, 178.63 W, 2325 MHz, 12481 MHz, 42
2026/09/23 23:29:10.563, 1, 45 %, 83341 MiB, 182.86 W, 2287 MHz, 12481 MHz, 41
2026/09/23 23:29:10.813, 0, 44 %, 86925 MiB, 178.54 W, 2317 MHz, 12481 MHz, 42
2026/09/23 23:29:10.813, 1, 45 %, 83341 MiB, 182.59 W, 2287 MHz, 12481 MHz, 42
2026/09/23 23:29:11.063, 0, 40 %, 86925 MiB, 177.34 W, 2325 MHz, 12481 MHz, 42
2026/09/23 23:29:11.063, 1, 50 %, 83341 MiB, 182.44 W, 2287 MHz, 12481 MHz, 41
2026/09/23 23:29:11.313, 0, 43 %, 86925 MiB, 177.71 W, 2317 MHz, 12481 MHz, 41
2026/09/23 23:29:11.313, 1, 48 %, 83341 MiB, 182.71 W, 2287 MHz, 12481 MHz, 42
2026/09/23 23:29:11.563, 0, 72 %, 86925 MiB, 193.45 W, 2317 MHz, 12481 MHz, 45
2026/09/23 23:29:11.563, 1, 45 %, 83341 MiB, 179.89 W, 2287 MHz, 12481 MHz, 40
2026/09/23 23:29:11.813, 0, 26 %, 86925 MiB, 183.43 W, 2355 MHz, 12481 MHz, 41
2026/09/23 23:29:11.813, 1, 46 %, 83341 MiB, 192.15 W, 2340 MHz, 12481 MHz, 42
2026/09/23 23:29:12.063, 0, 47 %, 86925 MiB, 183.76 W, 2325 MHz, 12481 MHz, 42
2026/09/23 23:29:12.063, 1, 44 %, 83341 MiB, 189.34 W, 2287 MHz, 12481 MHz, 42
2026/09/23 23:29:12.313, 0, 41 %, 86925 MiB, 185.96 W, 2317 MHz, 12481 MHz, 42
2026/09/23 23:29:12.313, 1, 50 %, 83341 MiB, 190.94 W, 2287 MHz, 12481 MHz, 42
2026/09/23 23:29:12.564, 0, 47 %, 86925 MiB, 169.99 W, 2325 MHz, 12481 MHz, 42
2026/09/23 23:29:12.564, 1, 46 %, 83341 MiB, 192.21 W, 2287 MHz, 12481 MHz, 41
2026/09/23 23:29:12.814, 0, 41 %, 86925 MiB, 179.75 W, 2317 MHz, 12481 MHz, 41
2026/09/23 23:29:12.814, 1, 49 %, 83341 MiB, 183.13 W, 2287 MHz, 12481 MHz, 41
2026/09/23 23:29:13.064, 0, 44 %, 86925 MiB, 180.28 W, 2317 MHz, 12481 MHz, 41
2026/09/23 23:29:13.064, 1, 47 %, 83341 MiB, 184.10 W, 2287 MHz, 12481 MHz, 41
2026/09/23 23:29:13.314, 0, 47 %, 86925 MiB, 175.67 W, 2325 MHz, 12481 MHz, 41
2026/09/23 23:29:13.314, 1, 43 %, 83341 MiB, 184.22 W, 2287 MHz, 12481 MHz, 41
2026/09/23 23:29:13.564, 0, 41 %, 86925 MiB, 176.68 W, 2317 MHz, 12481 MHz, 41
2026/09/23 23:29:13.564, 1, 47 %, 83341 MiB, 180.93 W, 2287 MHz, 12481 MHz, 42
2026/09/23 23:29:13.814, 0, 44 %, 86925 MiB, 176.04 W, 2325 MHz, 12481 MHz, 41
2026/09/23 23:29:13.814, 1, 48 %, 83341 MiB, 183.72 W, 2287 MHz, 12481 MHz, 41
2026/09/23 23:29:14.064, 0, 48 %, 86925 MiB, 176.40 W, 2317 MHz, 12481 MHz, 41
2026/09/23 23:29:14.064, 1, 43 %, 83341 MiB, 181.30 W, 2287 MHz, 12481 MHz, 42
2026/09/23 23:29:14.314, 0, 44 %, 86925 MiB, 178.34 W, 2325 MHz, 12481 MHz, 42
2026/09/23 23:29:14.314, 1, 45 %, 83341 MiB, 182.14 W, 2287 MHz, 12481 MHz, 41
2026/09/23 23:29:14.564, 0, 43 %, 86925 MiB, 177.77 W, 2317 MHz, 12481 MHz, 41
2026/09/23 23:29:14.564, 1, 50 %, 83341 MiB, 182.03 W, 2287 MHz, 12481 MHz, 42
2026/09/23 23:29:14.814, 0, 48 %, 86925 MiB, 178.76 W, 2317 MHz, 12481 MHz, 42
2026/09/23 23:29:14.814, 1, 44 %, 83341 MiB, 181.30 W, 2287 MHz, 12481 MHz, 42
2026/09/23 23:29:15.064, 0, 46 %, 86925 MiB, 178.24 W, 2317 MHz, 12481 MHz, 41
2026/09/23 23:29:15.064, 1, 43 %, 83341 MiB, 180.92 W, 2287 MHz, 12481 MHz, 42
2026/09/23 23:29:15.315, 0, 42 %, 86925 MiB, 178.93 W, 2317 MHz, 12481 MHz, 42
2026/09/23 23:29:15.315, 1, 48 %, 83341 MiB, 180.93 W, 2287 MHz, 12481 MHz, 42
2026/09/23 23:29:15.565, 0, 46 %, 86925 MiB, 179.22 W, 2325 MHz, 12481 MHz, 42
2026/09/23 23:29:15.565, 1, 50 %, 83341 MiB, 181.91 W, 2287 MHz, 12481 MHz, 42
2026/09/23 23:29:15.815, 0, 48 %, 86925 MiB, 179.45 W, 2317 MHz, 12481 MHz, 42
2026/09/23 23:29:15.815, 1, 43 %, 83341 MiB, 181.01 W, 2287 MHz, 12481 MHz, 42
2026/09/23 23:29:16.065, 0, 44 %, 86925 MiB, 179.41 W, 2325 MHz, 12481 MHz, 42
2026/09/23 23:29:16.065, 1, 46 %, 83341 MiB, 182.45 W, 2287 MHz, 12481 MHz, 42
2026/09/23 23:29:16.315, 0, 40 %, 86925 MiB, 179.42 W, 2325 MHz, 12481 MHz, 42
2026/09/23 23:29:16.315, 1, 50 %, 83341 MiB, 182.36 W, 2287 MHz, 12481 MHz, 42
2026/09/23 23:29:16.565, 0, 46 %, 86925 MiB, 177.54 W, 2325 MHz, 12481 MHz, 42
2026/09/23 23:29:16.565, 1, 50 %, 83341 MiB, 182.48 W, 2287 MHz, 12481 MHz, 42
2026/09/23 23:29:16.815, 0, 47 %, 86925 MiB, 177.49 W, 2325 MHz, 12481 MHz, 42
2026/09/23 23:29:16.815, 1, 43 %, 83341 MiB, 182.71 W, 2287 MHz, 12481 MHz, 42
2026/09/23 23:29:17.065, 0, 44 %, 86925 MiB, 176.79 W, 2325 MHz, 12481 MHz, 42
2026/09/23 23:29:17.065, 1, 45 %, 83341 MiB, 182.29 W, 2287 MHz, 12481 MHz, 42
2026/09/23 23:29:17.315, 0, 40 %, 86925 MiB, 188.66 W, 2317 MHz, 12481 MHz, 43
2026/09/23 23:29:17.315, 1, 47 %, 83341 MiB, 174.89 W, 2287 MHz, 12481 MHz, 40
2026/09/23 23:29:17.565, 0, 46 %, 86925 MiB, 191.37 W, 2355 MHz, 12481 MHz, 42
2026/09/23 23:29:17.565, 1, 88 %, 83341 MiB, 194.76 W, 2310 MHz, 12481 MHz, 42
2026/09/23 23:29:17.815, 0, 41 %, 86925 MiB, 189.37 W, 2325 MHz, 12481 MHz, 41
2026/09/23 23:29:17.815, 1, 50 %, 83341 MiB, 194.37 W, 2287 MHz, 12481 MHz, 41
2026/09/23 23:29:18.066, 0, 45 %, 86925 MiB, 191.75 W, 2325 MHz, 12481 MHz, 41
2026/09/23 23:29:18.066, 1, 46 %, 83341 MiB, 194.13 W, 2287 MHz, 12481 MHz, 42
2026/09/23 23:29:18.316, 0, 46 %, 86925 MiB, 181.95 W, 2325 MHz, 12481 MHz, 42
2026/09/23 23:29:18.316, 1, 44 %, 83341 MiB, 201.99 W, 2287 MHz, 12481 MHz, 41
2026/09/23 23:29:18.566, 0, 44 %, 86925 MiB, 175.96 W, 2317 MHz, 12481 MHz, 42
2026/09/23 23:29:18.566, 1, 50 %, 83341 MiB, 180.10 W, 2287 MHz, 12481 MHz, 42
2026/09/23 23:29:18.816, 0, 48 %, 86925 MiB, 178.33 W, 2317 MHz, 12481 MHz, 42
2026/09/23 23:29:18.816, 1, 43 %, 83341 MiB, 180.75 W, 2287 MHz, 12481 MHz, 42
2026/09/23 23:29:19.066, 0, 42 %, 86925 MiB, 177.54 W, 2325 MHz, 12481 MHz, 42
2026/09/23 23:29:19.066, 1, 48 %, 83341 MiB, 181.53 W, 2287 MHz, 12481 MHz, 42
2026/09/23 23:29:19.316, 0, 42 %, 86925 MiB, 179.50 W, 2317 MHz, 12481 MHz, 42
2026/09/23 23:29:19.316, 1, 49 %, 83341 MiB, 180.31 W, 2287 MHz, 12481 MHz, 42
2026/09/23 23:29:19.566, 0, 47 %, 86925 MiB, 179.35 W, 2325 MHz, 12481 MHz, 42
2026/09/23 23:29:19.566, 1, 45 %, 83341 MiB, 183.94 W, 2287 MHz, 12481 MHz, 41
2026/09/23 23:29:19.816, 0, 43 %, 86925 MiB, 177.95 W, 2317 MHz, 12481 MHz, 42
2026/09/23 23:29:19.816, 1, 47 %, 83341 MiB, 182.22 W, 2287 MHz, 12481 MHz, 42
2026/09/23 23:29:20.066, 0, 41 %, 86925 MiB, 179.19 W, 2325 MHz, 12481 MHz, 42
2026/09/23 23:29:20.066, 1, 50 %, 83341 MiB, 183.28 W, 2287 MHz, 12481 MHz, 41
2026/09/23 23:29:20.316, 0, 45 %, 86925 MiB, 178.05 W, 2317 MHz, 12481 MHz, 41
2026/09/23 23:29:20.316, 1, 47 %, 83341 MiB, 182.30 W, 2287 MHz, 12481 MHz, 42
2026/09/23 23:29:20.566, 0, 44 %, 86925 MiB, 178.03 W, 2325 MHz, 12481 MHz, 42
2026/09/23 23:29:20.566, 1, 43 %, 83341 MiB, 182.40 W, 2287 MHz, 12481 MHz, 41
2026/09/23 23:29:20.817, 0, 40 %, 86925 MiB, 177.42 W, 2325 MHz, 12481 MHz, 41
2026/09/23 23:29:20.817, 1, 50 %, 83341 MiB, 183.04 W, 2287 MHz, 12481 MHz, 41
2026/09/23 23:29:21.067, 0, 43 %, 86925 MiB, 177.91 W, 2325 MHz, 12481 MHz, 41
2026/09/23 23:29:21.067, 1, 49 %, 83341 MiB, 182.36 W, 2287 MHz, 12481 MHz, 41
2026/09/23 23:29:21.317, 0, 47 %, 86925 MiB, 177.65 W, 2325 MHz, 12481 MHz, 41
2026/09/23 23:29:21.317, 1, 44 %, 83341 MiB, 182.90 W, 2287 MHz, 12481 MHz, 41
2026/09/23 23:29:21.567, 0, 46 %, 86925 MiB, 178.03 W, 2325 MHz, 12481 MHz, 41
2026/09/23 23:29:21.567, 1, 43 %, 83341 MiB, 182.76 W, 2287 MHz, 12481 MHz, 41
2026/09/23 23:29:21.817, 0, 41 %, 86925 MiB, 177.35 W, 2325 MHz, 12481 MHz, 41
2026/09/23 23:29:21.817, 1, 50 %, 83341 MiB, 183.55 W, 2287 MHz, 12481 MHz, 41
2026/09/23 23:29:22.067, 0, 45 %, 86925 MiB, 177.71 W, 2317 MHz, 12481 MHz, 42
2026/09/23 23:29:22.067, 1, 47 %, 83341 MiB, 182.85 W, 2287 MHz, 12481 MHz, 41
2026/09/23 23:29:22.317, 0, 48 %, 86925 MiB, 177.24 W, 2325 MHz, 12481 MHz, 41
2026/09/23 23:29:22.317, 1, 44 %, 83341 MiB, 183.28 W, 2287 MHz, 12481 MHz, 41
2026/09/23 23:29:22.567, 0, 46 %, 86925 MiB, 177.09 W, 2317 MHz, 12481 MHz, 41
2026/09/23 23:29:22.567, 1, 43 %, 83341 MiB, 183.14 W, 2287 MHz, 12481 MHz, 41
2026/09/23 23:29:22.817, 0, 40 %, 86925 MiB, 176.61 W, 2317 MHz, 12481 MHz, 41
2026/09/23 23:29:22.817, 1, 51 %, 83341 MiB, 182.57 W, 2287 MHz, 12481 MHz, 41
2026/09/23 23:29:23.067, 0, 45 %, 86925 MiB, 179.94 W, 2317 MHz, 12481 MHz, 42
2026/09/23 23:29:23.067, 1, 27 %, 83341 MiB, 177.02 W, 2287 MHz, 12481 MHz, 40
2026/09/23 23:29:23.317, 0, 40 %, 86925 MiB, 184.73 W, 2355 MHz, 12481 MHz, 42
2026/09/23 23:29:23.317, 1, 73 %, 83341 MiB, 190.41 W, 2325 MHz, 12481 MHz, 42
2026/09/23 23:29:23.567, 0, 41 %, 86925 MiB, 188.09 W, 2317 MHz, 12481 MHz, 42
2026/09/23 23:29:23.567, 1, 50 %, 83341 MiB, 189.24 W, 2287 MHz, 12481 MHz, 42
2026/09/23 23:29:23.817, 0, 45 %, 86925 MiB, 187.48 W, 2317 MHz, 12481 MHz, 42
2026/09/23 23:29:23.818, 1, 45 %, 83341 MiB, 189.24 W, 2287 MHz, 12481 MHz, 42
2026/09/23 23:29:24.068, 0, 41 %, 86925 MiB, 185.46 W, 2325 MHz, 12481 MHz, 41
2026/09/23 23:29:24.068, 1, 50 %, 83341 MiB, 197.45 W, 2287 MHz, 12481 MHz, 41
2026/09/23 23:29:24.318, 0, 46 %, 86925 MiB, 178.37 W, 2317 MHz, 12481 MHz, 41
2026/09/23 23:29:24.318, 1, 45 %, 83341 MiB, 183.50 W, 2287 MHz, 12481 MHz, 41
2026/09/23 23:29:24.568, 0, 46 %, 86925 MiB, 174.94 W, 2325 MHz, 12481 MHz, 42
2026/09/23 23:29:24.568, 1, 44 %, 83341 MiB, 184.03 W, 2287 MHz, 12481 MHz, 41
2026/09/23 23:29:24.818, 0, 44 %, 86925 MiB, 175.21 W, 2325 MHz, 12481 MHz, 42
2026/09/23 23:29:24.818, 1, 47 %, 83341 MiB, 184.48 W, 2287 MHz, 12481 MHz, 41
2026/09/23 23:29:25.068, 0, 48 %, 86925 MiB, 178.62 W, 2317 MHz, 12481 MHz, 42
2026/09/23 23:29:25.068, 1, 43 %, 83341 MiB, 180.05 W, 2287 MHz, 12481 MHz, 42
2026/09/23 23:29:25.318, 0, 44 %, 86925 MiB, 175.76 W, 2325 MHz, 12481 MHz, 42
2026/09/23 23:29:25.318, 1, 45 %, 83341 MiB, 181.72 W, 2287 MHz, 12481 MHz, 41
2026/09/23 23:29:25.568, 0, 40 %, 86925 MiB, 177.98 W, 2317 MHz, 12481 MHz, 42
2026/09/23 23:29:25.568, 1, 50 %, 83341 MiB, 180.81 W, 2287 MHz, 12481 MHz, 42
2026/09/23 23:29:25.818, 0, 47 %, 86925 MiB, 177.00 W, 2325 MHz, 12481 MHz, 42
2026/09/23 23:29:25.818, 1, 44 %, 83341 MiB, 181.89 W, 2287 MHz, 12481 MHz, 42
2026/09/23 23:29:26.068, 0, 45 %, 86925 MiB, 176.74 W, 2325 MHz, 12481 MHz, 42
2026/09/23 23:29:26.068, 1, 44 %, 83341 MiB, 182.91 W, 2287 MHz, 12481 MHz, 42
2026/09/23 23:29:26.318, 0, 40 %, 86925 MiB, 177.86 W, 2317 MHz, 12481 MHz, 42
2026/09/23 23:29:26.318, 1, 49 %, 83341 MiB, 181.94 W, 2287 MHz, 12481 MHz, 42
2026/09/23 23:29:26.568, 0, 42 %, 86925 MiB, 178.03 W, 2325 MHz, 12481 MHz, 42
2026/09/23 23:29:26.568, 1, 50 %, 83341 MiB, 183.35 W, 2287 MHz, 12481 MHz, 42
2026/09/23 23:29:26.819, 0, 46 %, 86925 MiB, 178.31 W, 2317 MHz, 12481 MHz, 42
2026/09/23 23:29:26.819, 1, 43 %, 83341 MiB, 182.16 W, 2287 MHz, 12481 MHz, 42
2026/09/23 23:29:27.069, 0, 42 %, 86925 MiB, 178.01 W, 2325 MHz, 12481 MHz, 42
2026/09/23 23:29:27.069, 1, 47 %, 83341 MiB, 183.27 W, 2287 MHz, 12481 MHz, 42
2026/09/23 23:29:27.319, 0, 40 %, 86925 MiB, 177.48 W, 2317 MHz, 12481 MHz, 42
2026/09/23 23:29:27.319, 1, 50 %, 83341 MiB, 182.94 W, 2287 MHz, 12481 MHz, 42
2026/09/23 23:29:27.569, 0, 44 %, 86925 MiB, 176.54 W, 2325 MHz, 12481 MHz, 41
2026/09/23 23:29:27.569, 1, 47 %, 83341 MiB, 182.79 W, 2287 MHz, 12481 MHz, 42
2026/09/23 23:29:27.819, 0, 45 %, 86925 MiB, 177.71 W, 2317 MHz, 12481 MHz, 42
2026/09/23 23:29:27.819, 1, 44 %, 83341 MiB, 182.38 W, 2287 MHz, 12481 MHz, 42
2026/09/23 23:29:28.069, 0, 42 %, 86925 MiB, 177.46 W, 2325 MHz, 12481 MHz, 42
2026/09/23 23:29:28.069, 1, 47 %, 83341 MiB, 181.15 W, 2287 MHz, 12481 MHz, 42
2026/09/23 23:29:28.319, 0, 41 %, 86925 MiB, 178.04 W, 2317 MHz, 12481 MHz, 42
2026/09/23 23:29:28.319, 1, 50 %, 83341 MiB, 181.44 W, 2287 MHz, 12481 MHz, 42
2026/09/23 23:29:28.569, 0, 44 %, 86925 MiB, 178.14 W, 2325 MHz, 12481 MHz, 41
2026/09/23 23:29:28.569, 1, 48 %, 83341 MiB, 181.13 W, 2287 MHz, 12481 MHz, 42
