1790277663805 [server] build: memra-0.138.0-5912ba6b909c (id: source-tree, git: 5de4d6776d01)
1790277663805 [server] starting; models config = [("q9", "/data/ai-ml/hf-models/qwen35-9b-nvfp4-gguf/Qwen3.5-9B-NVFP4-MTP-GGUF.gguf", None)]
1790277663805 [worker-affinity] off (MEMRA_WORKER_CPUSET / MEMRA_WORKER_AFFINITY unset or =0)
1790277663805 [gpu-watch] Xid source: journalctl -k -f (/dev/kmsg unreadable — kernel.dmesg_restrict)
1790277664005 [gpu-watch] on: every 60s, probe deadline 10s, fatal after 3 consecutive misses (MEMRA_GPU_PROBE_MISSES), fatal Xid [48, 64, 79, 94, 95, 119, 120]
1790277664071 [worker] Engine ready (device=0, MEMRA_FAST=true)
1790277664071 [spec-gate] policy placement=single-or-non-pp2 LOW=2 HIGH=4 source=placement-default spec-admission=on
1790277664071 [spec-k] automatic table: prompt<1024 -> K=3; cold-long -> K=3; prompt>= 1024 and cached>= 1024 -> K=2 (K=5 when the loaded MTP head is rank-trimmed)
1790277664071 [worker] loading model "q9" <- /data/ai-ml/hf-models/qwen35-9b-nvfp4-gguf/Qwen3.5-9B-NVFP4-MTP-GGUF.gguf
1790277664111 [tensor-contract] bound 668 semantic tensors (pack qwen35, Gguf, output head Separate); every census tensor is claimed and every required tensor is present with its declared shape and storage
1790277665433 [q8rp] split-plane decode mirrors built: 92 tensors
1790277665614 [worker]   loaded "q9": 33 layers, eos=248046, stop=[248046]
1790277665614 [worker] q9: template caps tools=true think=true think_switch=true chat_ok=true effort_levels=false qwen_effort=false gemma_think=false dsv4=false glm5=false ctx=262144 tok="qwen35" instruct=Some("chatml") chat_defaults=None/None
1790277665614 [route-contract] model="q9" route=hybrid-worker capacity=64 sessions implemented=[capacity,occupancy,progress,fault-ownership,shutdown-ownership,memory-cost,rewrite-qualification,prime-fairness,service-metrics] refused=[]
1790277665614 [worker] q9: decode wave cap 16; scheduler tick cap 16 (exact-16 tier)
1790277665614 [prefix-cache] on: budget 2052MB (2051538944 B, derived: 2 x 1025769472 B max entry for model "q9" at served ctx 65536 (from MEMRA_CTX; MEMRA_CTX set), requested 2051538944 B; boot driver free 18244501504 B, post-reserve clamp 16633888768 B), policy plain-LRU (global oldest unleased entry first; leases untouchable), min prefix 64 tokens, immediate partial restore=off (rollback) (transformer-only; hybrid mid-entry + routed-MoE N/A)
1790277665614 [admission] "q9": plain 14848 B/token, spec 16704 B/token; fixed residual learns from effective-free deltas
1790277665614 [prime-walk] model="q9" route=mtp supported=true yield_door=true [gdn_dspark_compatible=true mtp_head_loaded=true no_hyper_connections=true no_pipeline_cuts=true]
1790277666434 [fa-pool] grow #0 dev=0 o_len 0 -> 266240 ml_len 0 -> 1040 (retired kept, zero=false)
1790277666442 [func] CAPTURE-TIME kernel lookup (not warmed): embed_gather_u32
1790277666442 [func] CAPTURE-TIME kernel lookup (not warmed): qmatvec_q8_0_mmvq
1790277666443 [func] CAPTURE-TIME kernel lookup (not warmed): inc_i32
1790277666443 [fa-pool] grow #1 dev=0 o_len 266240 -> 532480 ml_len 1040 -> 2080 (retired kept, zero=false)
1790277666443 [func] CAPTURE-TIME kernel lookup (not warmed): fa_decode_vec_q_v4_deep_dc
1790277666443 [func] CAPTURE-TIME kernel lookup (not warmed): fa_decode_combine_f32
1790277666443 [func] CAPTURE-TIME kernel lookup (not warmed): memra_sctr_inc
1790277666443 [func] CAPTURE-TIME kernel lookup (not warmed): gumbel_perturb_filtered_ctr_f32
1790277666456 [spec] draft-session state high-water: 41MB (max of parked delta 41MB and capture-time pool peak 9MB; charged per spec admission and gating future captures)
1790277666490 [fa-pool] grow #2 dev=0 o_len 532480 -> 1064960 ml_len 2080 -> 4160 (retired kept, zero=false)
1790277666784 [device-trim] reason=calibration-complete {"device":0,"reclaimed_bytes":1442840576,"still_owned_bytes":8327347072,"pool_reserved_bytes":8455716864,"pool_cached_bytes":128369792,"driver_free_bytes":16365453312,"synchronization_errors":[]}
1790277666784 [admit-cal] post-probe pool trim: released 1376MB cached back to the driver
1790277666784 [admit-cal] boot calibration done: model="q9" route=mtp transient floor 1536MB (static was 1536MB; measured 1266MB; probe kv charge 67MB, draft-state 41MB, drafted 48 accepted 47; [dev0 peak-mapped 9440MB rest-mapped 8064MB charged 109MB -> 1266MB]; 1.2s)
1790277666784 [admit-predict] shadow armed: budget_bytes=12831671424 budget_src=derived(effective_free_bytes=16493823104 - prefix_cache_budget_bytes=2051538944 - admission_reserve_bytes=1610612736) exempt_tenants=0 enforce=false (logging only, nothing is rejected; enforcement is a separate flip)
1790277666784 [admit-mem] door=OFF open_output_tokens=8192 defer_budget_ms=8000 (admission charges prompt+output, the reclaim flush demotes to the host tier before dropping, and a memory defer past the budget refuses 429 instead of queueing past the client's deadline)
1790277666784 [kv-vmm] door=ON routes=spec,plain granularity=2097152 grow=helper (rtx5090-receipt) reap=owner-tick slack_rows=64 faults=none
1790277666784 [server] worker ready; serving models: ["q9"]
1790277666784 [server] listening on http://127.0.0.1:18526
1790277668259 [meter] admit id=chatcmpl-3c827a6f07bde319c95ceec7144327fc tenant=default lane=interactive model="q9"
1790277668260 [admission] per-session draft-state charge: model="q9" +44MB (measured capture high-water)
1790277668260 [admission] request cost: model="q9" ctx=186 path=spec = 16704 B/token x ctx + 32MB prefill-workspace + 0MB fixed = 36MB
1790277668260 [admit-predict] id=chatcmpl-3c827a6f07bde319c95ceec7144327fc tenant="" model="q9" verdict=admit reason=maxtok-fallback prompt=90 predicted_completion=32 kv_hat=78516624 booked_bytes=0 booked_real=0 inflight=0 cap=64 budget_bytes=12831671424 retry_after_s=- exempt=0 enforce=0 live_free_bytes=-
1790277668260 [spec-k] model="q9" tenant="" K=3 source=cold-short prompt=90 cached=0 lcp=0 active=1 wave=1 placement=single-or-non-pp2
1790277668260 [admission] fixed residual high-water: model="q9" 103MB (observed 105MB at ctx 130 path=spec)
1790277668260 [kv-vmm] admit id=chatcmpl-3c827a6f07bde319c95ceec7144327fc owed_before=0 session_mapped=0 session_reserved=0 active=0
1790277668465 [spec-acc] ctx=90 burst=24/27 cum=24/27=0.889
1790277670468 [meter] admit id=chatcmpl-162e0ec43413c861e45cd2e2e57a1a59 tenant=default lane=interactive model="q9"
1790277670470 [admission] per-session draft-state charge: model="q9" +44MB (measured capture high-water)
1790277670470 [admission] request cost: model="q9" ctx=65600 path=spec = 16704 B/token x ctx + 519MB prefill-workspace + 103MB fixed = 1718MB
1790277670470 [admit-predict] id=chatcmpl-162e0ec43413c861e45cd2e2e57a1a59 tenant="" model="q9" verdict=admit reason=global-p95 prompt=1439 predicted_completion=32 kv_hat=690558728 booked_bytes=0 booked_real=0 inflight=0 cap=64 budget_bytes=12831671424 retry_after_s=- exempt=0 enforce=0 live_free_bytes=-
1790277670471 [worker] spec-affinity: declined (history diverged at 5 of checkpoint 64; 1 parked, 1439 prompt tokens; model q9)
1790277670472 [spec-k] model="q9" tenant="" K=3 source=cold-long prompt=1439 cached=0 lcp=0 active=1 wave=1 placement=single-or-non-pp2
1790277670472 [kv-vmm] admit id=chatcmpl-162e0ec43413c861e45cd2e2e57a1a59 owed_before=0 session_mapped=41943040 session_reserved=1254096896 active=0
1790277670775 [fa-pool] grow #3 dev=0 o_len 1064960 -> 2129920 ml_len 4160 -> 8320 (retired kept, zero=false)
1790277670913 [spec-acc] ctx=1439 burst=22/27 cum=22/27=0.815
1790277670913 [prefix-cache] insert (spec-boundary): 1408 tokens, 76.2MB (resident 76.2MB / 2052MB, model q9)
1790277671097 [spec-acc] ctx=1471 burst=19/39 cum=41/66=0.621
1790277671225 [spec-acc] ctx=1503 burst=25/27 cum=66/93=0.710
1790277671389 [spec-acc] ctx=1537 burst=24/33 cum=90/126=0.714
1790277671551 [spec-acc] ctx=1572 burst=22/33 cum=112/159=0.704
1790277671712 [spec-acc] ctx=1605 burst=22/33 cum=134/192=0.698
1790277671913 [spec-acc] ctx=1638 burst=19/42 cum=153/234=0.654
1790277672055 [spec-acc] ctx=1671 burst=23/30 cum=176/264=0.667
1790277672213 [spec-acc] ctx=1704 burst=21/33 cum=197/297=0.663
1790277672388 [spec-acc] ctx=1736 burst=20/36 cum=217/333=0.652
1790277672607 [spec-acc] ctx=1768 burst=19/45 cum=236/378=0.624
1790277672765 [spec-acc] ctx=1802 burst=22/33 cum=258/411=0.628
1790277672938 [spec-acc] ctx=1835 burst=23/36 cum=281/447=0.629
1790277673152 [spec-acc] ctx=1870 burst=20/45 cum=301/492=0.612
1790277673342 [spec-acc] ctx=1905 burst=20/39 cum=321/531=0.605
1790277673474 [spec-acc] ctx=1938 burst=25/27 cum=346/558=0.620
1790277673649 [spec-acc] ctx=1972 burst=23/36 cum=369/594=0.621
1790277673793 [spec-acc] ctx=2007 burst=23/30 cum=392/624=0.628
1790277674009 [spec-acc] ctx=2040 burst=18/45 cum=410/669=0.613
1790277674168 [spec-acc] ctx=2073 burst=22/33 cum=432/702=0.615
1790277674316 [spec-acc] ctx=2106 burst=24/30 cum=456/732=0.623
1790277674521 [spec-acc] ctx=2140 burst=20/42 cum=476/774=0.615
1790277674696 [spec-acc] ctx=2174 burst=21/36 cum=497/810=0.614
1790277674856 [spec-acc] ctx=2207 burst=21/33 cum=518/843=0.614
1790277675003 [spec-acc] ctx=2239 burst=22/30 cum=540/873=0.619
1790277675177 [spec-acc] ctx=2271 burst=21/36 cum=561/909=0.617
1790277675323 [spec-acc] ctx=2304 burst=22/30 cum=583/939=0.621
1790277675484 [spec-acc] ctx=2336 burst=23/33 cum=606/972=0.623
1790277675632 [spec-acc] ctx=2370 burst=24/30 cum=630/1002=0.629
1790277675777 [spec-acc] ctx=2404 burst=24/30 cum=654/1032=0.634
1790277675966 [spec-acc] ctx=2438 burst=22/39 cum=676/1071=0.631
1790277676112 [spec-acc] ctx=2473 burst=25/30 cum=701/1101=0.637
1790277676257 [spec-acc] ctx=2508 burst=22/30 cum=723/1131=0.639
1790277676406 [spec-acc] ctx=2540 burst=22/30 cum=745/1161=0.642
1790277676568 [spec-acc] ctx=2572 burst=23/33 cum=768/1194=0.643
1790277676743 [spec-acc] ctx=2606 burst=22/36 cum=790/1230=0.642
1790277676906 [spec-acc] ctx=2640 burst=21/33 cum=811/1263=0.642
1790277677067 [spec-acc] ctx=2672 burst=21/33 cum=832/1296=0.642
1790277677212 [spec-acc] ctx=2704 burst=22/30 cum=854/1326=0.644
1790277677344 [spec-acc] ctx=2736 burst=24/27 cum=878/1353=0.649
1790277677507 [spec-acc] ctx=2769 burst=21/33 cum=899/1386=0.649
1790277677654 [spec-acc] ctx=2801 burst=23/30 cum=922/1416=0.651
1790277677801 [spec-acc] ctx=2834 burst=25/30 cum=947/1446=0.655
1790277677978 [spec-acc] ctx=2869 burst=20/36 cum=967/1482=0.652
1790277678140 [spec-acc] ctx=2901 burst=24/33 cum=991/1515=0.654
1790277678257 [spec-acc] ctx=2936 burst=24/24 cum=1015/1539=0.660
1790277678436 [spec-acc] ctx=2968 burst=22/36 cum=1037/1575=0.658
1790277678568 [spec-acc] ctx=3002 burst=26/27 cum=1063/1602=0.664
1790277678716 [spec-acc] ctx=3037 burst=24/30 cum=1087/1632=0.666
1790277678881 [spec-acc] ctx=3071 burst=21/33 cum=1108/1665=0.665
1790277679013 [spec-acc] ctx=3103 burst=24/27 cum=1132/1692=0.669
1790277679178 [spec-acc] ctx=3136 burst=21/33 cum=1153/1725=0.668
1790277679311 [spec-acc] ctx=3168 burst=23/27 cum=1176/1752=0.671
1790277679458 [spec-acc] ctx=3200 burst=23/30 cum=1199/1782=0.673
1790277679608 [spec-acc] ctx=3233 burst=23/30 cum=1222/1812=0.674
1790277679727 [spec-acc] ctx=3266 burst=24/24 cum=1246/1836=0.679
1790277679907 [spec-acc] ctx=3298 burst=23/36 cum=1269/1872=0.678
1790277680040 [spec-acc] ctx=3333 burst=23/27 cum=1292/1899=0.680
1790277680188 [spec-acc] ctx=3365 burst=23/30 cum=1315/1929=0.682
1790277680338 [spec-acc] ctx=3398 burst=25/30 cum=1340/1959=0.684
1790277680486 [spec-acc] ctx=3433 burst=24/30 cum=1364/1989=0.686
1790277680634 [spec-acc] ctx=3467 burst=23/30 cum=1387/2019=0.687
1790277680784 [spec-acc] ctx=3500 burst=25/30 cum=1412/2049=0.689
1790277680918 [spec-acc] ctx=3535 burst=24/27 cum=1436/2076=0.692
1790277681068 [spec-acc] ctx=3568 burst=24/30 cum=1460/2106=0.693
1790277681231 [spec-acc] ctx=3602 burst=21/33 cum=1481/2139=0.692
1790277681381 [spec-acc] ctx=3634 burst=25/30 cum=1506/2169=0.694
1790277681514 [spec-acc] ctx=3669 burst=25/27 cum=1531/2196=0.697
1790277681664 [spec-acc] ctx=3703 burst=22/30 cum=1553/2226=0.698
1790277681801 [spec-acc] ctx=3735 burst=23/27 cum=1576/2253=0.700
1790277681965 [spec-acc] ctx=3767 burst=21/33 cum=1597/2286=0.699
1790277682101 [spec-acc] ctx=3799 burst=26/27 cum=1623/2313=0.702
1790277682249 [spec-acc] ctx=3834 burst=25/30 cum=1648/2343=0.703
1790277682445 [spec-acc] ctx=3869 burst=22/39 cum=1670/2382=0.701
1790277682594 [spec-acc] ctx=3904 burst=22/30 cum=1692/2412=0.701
1790277682749 [spec-acc] ctx=3936 burst=23/30 cum=1715/2442=0.702
1790277682904 [spec-acc] ctx=3969 burst=22/30 cum=1737/2472=0.703
1790277683104 [spec-acc] ctx=4001 burst=19/39 cum=1756/2511=0.699
1790277683319 [spec-acc] ctx=4033 burst=20/42 cum=1776/2553=0.696
1790277683504 [spec-acc] ctx=4067 burst=20/36 cum=1796/2589=0.694
1790277683654 [spec-acc] ctx=4099 burst=24/30 cum=1820/2619=0.695
1790277683794 [spec-acc] ctx=4133 burst=23/27 cum=1843/2646=0.697
1790277683949 [spec-acc] ctx=4165 burst=22/30 cum=1865/2676=0.697
1790277684104 [spec-acc] ctx=4197 burst=22/30 cum=1887/2706=0.697
1790277684238 [spec-acc] ctx=4229 burst=26/27 cum=1913/2733=0.700
1790277684409 [spec-acc] ctx=4264 burst=22/33 cum=1935/2766=0.700
1790277684548 [spec-acc] ctx=4297 burst=26/27 cum=1961/2793=0.702
1790277684689 [spec-acc] ctx=4332 burst=23/27 cum=1984/2820=0.704
1790277684824 [spec-acc] ctx=4364 burst=25/27 cum=2009/2847=0.706
1790277684978 [spec-acc] ctx=4398 burst=25/30 cum=2034/2877=0.707
1790277685164 [spec-acc] ctx=4433 burst=20/36 cum=2054/2913=0.705
1790277685304 [spec-acc] ctx=4465 burst=24/27 cum=2078/2940=0.707
1790277685454 [spec-acc] ctx=4498 burst=22/30 cum=2100/2970=0.707
1790277685609 [spec-acc] ctx=4530 burst=23/30 cum=2123/3000=0.708
1790277685749 [spec-acc] ctx=4563 burst=23/27 cum=2146/3027=0.709
1790277685904 [spec-acc] ctx=4595 burst=22/30 cum=2168/3057=0.709
1790277686039 [spec-acc] ctx=4627 burst=23/27 cum=2191/3084=0.710
1790277686179 [spec-acc] ctx=4659 burst=25/27 cum=2216/3111=0.712
1790277686364 [spec-acc] ctx=4693 burst=21/36 cum=2237/3147=0.711
1790277686500 [spec-acc] ctx=4726 burst=25/27 cum=2262/3174=0.713
1790277686697 [spec-acc] ctx=4760 burst=21/39 cum=2283/3213=0.711
1790277686850 [spec-acc] ctx=4794 burst=23/30 cum=2306/3243=0.711
1790277686988 [spec-acc] ctx=4827 burst=25/27 cum=2331/3270=0.713
1790277687170 [spec-acc] ctx=4861 burst=21/36 cum=2352/3306=0.711
1790277687292 [spec-acc] ctx=4894 burst=24/24 cum=2376/3330=0.714
1790277687474 [spec-acc] ctx=4926 burst=20/36 cum=2396/3366=0.712
1790277687658 [spec-acc] ctx=4958 burst=23/36 cum=2419/3402=0.711
1790277687812 [spec-acc] ctx=4993 burst=22/30 cum=2441/3432=0.711
1790277687951 [spec-acc] ctx=5025 burst=25/27 cum=2466/3459=0.713
1790277688105 [spec-acc] ctx=5059 burst=22/30 cum=2488/3489=0.713
1790277688258 [spec-acc] ctx=5091 burst=24/30 cum=2512/3519=0.714
1790277688397 [spec-acc] ctx=5125 burst=24/27 cum=2536/3546=0.715
1790277688583 [spec-acc] ctx=5158 burst=20/36 cum=2556/3582=0.714
1790277688737 [spec-acc] ctx=5190 burst=24/30 cum=2580/3612=0.714
1790277688874 [spec-acc] ctx=5224 burst=23/27 cum=2603/3639=0.715
1790277689029 [spec-acc] ctx=5256 burst=25/30 cum=2628/3669=0.716
1790277689183 [spec-acc] ctx=5291 burst=23/30 cum=2651/3699=0.717
1790277689323 [spec-acc] ctx=5324 burst=26/27 cum=2677/3726=0.718
1790277689476 [spec-acc] ctx=5359 burst=22/30 cum=2699/3756=0.719
1790277689476 [kv-vmm] retire id=chatcmpl-162e0ec43413c861e45cd2e2e57a1a59 planes=20 mapped=146800640 reserved=1254096896 used=90034560 slack_bytes=1187840 booked=1761635912
1790277689479 [meter] admit id=chatcmpl-9d87fdb7beef519964a4cdf4f4566d75 tenant=default lane=interactive model="q9"
1790277689485 [kv-vmm] trim id=chatcmpl-162e0ec43413c861e45cd2e2e57a1a59 pool=spec keep_rows=5455 released=41943040
1790277689485 [kv-vmm] ensure-walls n=119 us=1,2,2,2,2,2,2,2,2,2,2,2,6,2,2,2,2,2,2,3,2,3,2,2,2,2,2,3,3,4,2,1,1,1,2,3,7,2,2,1,1,2,2,1,2,2,2,3,2,3,2,2,1,2,1,2,2,2,2,2,2,2,2,2,1,2,2,2,2,2,6,2,2,2,2,2,2,2,2,2,2,2,2,2,2,2,3,2,2,2,2,2,3,2,2,1,2,2,2,4,2,2,2,2,2,2,3,2,2,2,2,2,4,2,2,1,2,2,2
1790277689487 [admit-predict] id=chatcmpl-9d87fdb7beef519964a4cdf4f4566d75 tenant="" model="q9" verdict=admit reason=global-p95 prompt=1439 predicted_completion=3921 kv_hat=755520584 booked_bytes=0 booked_real=0 inflight=0 cap=64 budget_bytes=12831671424 retry_after_s=- exempt=0 enforce=0 live_free_bytes=-
1790277689488 [worker] spec-affinity: declined (history diverged at 5 of checkpoint 64; 2 parked, 1439 prompt tokens; model q9)
1790277689489 [spec-k] model="q9" tenant="" K=3 source=cold-long prompt=1439 cached=0 lcp=6 active=1 wave=1 placement=single-or-non-pp2
1790277689489 [kv-vmm] admit id=chatcmpl-9d87fdb7beef519964a4cdf4f4566d75 owed_before=0 session_mapped=41943040 session_reserved=1254096896 active=0
1790277689490 [kv-vmm] reap released=41943040 pending=0
1790277689950 [spec-acc] ctx=1439 burst=22/27 cum=22/27=0.815
1790277689951 [prefix-cache] insert (spec-boundary): 1408 tokens, 76.2MB (resident 152.5MB / 2052MB, model q9)
1790277690125 [spec-acc] ctx=1471 burst=23/36 cum=45/63=0.714
1790277690271 [spec-acc] ctx=1506 burst=24/30 cum=69/93=0.742
1790277690445 [spec-acc] ctx=1540 burst=21/36 cum=90/129=0.698
1790277690588 [spec-acc] ctx=1573 burst=22/30 cum=112/159=0.704
1790277690762 [spec-acc] ctx=1605 burst=22/36 cum=134/195=0.687
1790277690954 [spec-acc] ctx=1639 burst=19/39 cum=153/234=0.654
1790277691084 [spec-acc] ctx=1671 burst=23/27 cum=176/261=0.674
1790277691245 [spec-acc] ctx=1703 burst=21/33 cum=197/294=0.670
1790277691390 [spec-acc] ctx=1735 burst=22/30 cum=219/324=0.676
1790277691610 [spec-acc] ctx=1767 burst=19/45 cum=238/369=0.645
1790277691784 [spec-acc] ctx=1801 burst=22/36 cum=260/405=0.642
1790277691915 [spec-acc] ctx=1835 burst=23/27 cum=283/432=0.655
1790277692076 [spec-acc] ctx=1867 burst=24/33 cum=307/465=0.660
1790277692238 [spec-acc] ctx=1902 burst=22/33 cum=329/498=0.661
1790277692384 [spec-acc] ctx=1935 burst=23/30 cum=352/528=0.667
1790277692559 [spec-acc] ctx=1968 burst=23/36 cum=375/564=0.665
1790277692691 [spec-acc] ctx=2003 burst=24/27 cum=399/591=0.675
1790277692883 [spec-acc] ctx=2036 burst=22/39 cum=421/630=0.668
1790277693045 [spec-acc] ctx=2071 burst=21/33 cum=442/663=0.667
1790277693177 [spec-acc] ctx=2103 burst=23/27 cum=465/690=0.674
1790277693341 [spec-acc] ctx=2135 burst=21/33 cum=486/723=0.672
1790277693517 [spec-acc] ctx=2167 burst=22/36 cum=508/759=0.669
1790277693693 [spec-acc] ctx=2201 burst=20/36 cum=528/795=0.664
1790277693827 [spec-acc] ctx=2233 burst=23/27 cum=551/822=0.670
1790277693989 [spec-acc] ctx=2265 burst=21/33 cum=572/855=0.669
1790277694121 [spec-acc] ctx=2297 burst=26/27 cum=598/882=0.678
1790277694268 [spec-acc] ctx=2332 burst=24/30 cum=622/912=0.682
1790277694446 [spec-acc] ctx=2366 burst=23/36 cum=645/948=0.680
1790277694592 [spec-acc] ctx=2401 burst=22/30 cum=667/978=0.682
1790277694756 [spec-acc] ctx=2433 burst=21/33 cum=688/1011=0.681
1790277694903 [spec-acc] ctx=2465 burst=22/30 cum=710/1041=0.682
1790277695051 [spec-acc] ctx=2497 burst=22/30 cum=732/1071=0.683
1790277695200 [spec-acc] ctx=2529 burst=22/30 cum=754/1101=0.685
1790277695406 [spec-acc] ctx=2561 burst=20/42 cum=774/1143=0.677
1790277695554 [spec-acc] ctx=2595 burst=25/30 cum=799/1173=0.681
1790277695688 [spec-acc] ctx=2630 burst=25/27 cum=824/1200=0.687
1790277695851 [spec-acc] ctx=2664 burst=21/33 cum=845/1233=0.685
1790277696029 [spec-acc] ctx=2696 burst=22/36 cum=867/1269=0.683
1790277696192 [spec-acc] ctx=2730 burst=23/33 cum=890/1302=0.684
1790277696340 [spec-acc] ctx=2764 burst=25/30 cum=915/1332=0.687
1790277696489 [spec-acc] ctx=2799 burst=23/30 cum=938/1362=0.689
1790277696652 [spec-acc] ctx=2832 burst=21/33 cum=959/1395=0.687
1790277696801 [spec-acc] ctx=2864 burst=25/30 cum=984/1425=0.691
1790277696964 [spec-acc] ctx=2899 burst=23/33 cum=1007/1458=0.691
1790277697113 [spec-acc] ctx=2933 burst=22/30 cum=1029/1488=0.692
1790277697307 [spec-acc] ctx=2965 burst=21/39 cum=1050/1527=0.688
1790277697440 [spec-acc] ctx=2999 burst=24/27 cum=1074/1554=0.691
1790277697576 [spec-acc] ctx=3032 burst=24/27 cum=1098/1581=0.694
1790277697770 [spec-acc] ctx=3065 burst=20/39 cum=1118/1620=0.690
1790277697922 [spec-acc] ctx=3098 burst=22/30 cum=1140/1650=0.691
1790277698071 [spec-acc] ctx=3130 burst=23/30 cum=1163/1680=0.692
1790277698210 [spec-acc] ctx=3163 burst=23/27 cum=1186/1707=0.695
1790277698343 [spec-acc] ctx=3195 burst=25/27 cum=1211/1734=0.698
1790277698525 [spec-acc] ctx=3229 burst=22/36 cum=1233/1770=0.697
1790277698659 [spec-acc] ctx=3263 burst=25/27 cum=1258/1797=0.700
1790277698825 [spec-acc] ctx=3297 burst=21/33 cum=1279/1830=0.699
1790277699006 [spec-acc] ctx=3329 burst=22/36 cum=1301/1866=0.697
1790277699171 [spec-acc] ctx=3363 burst=23/33 cum=1324/1899=0.697
1790277699325 [spec-acc] ctx=3397 burst=25/30 cum=1349/1929=0.699
1790277699474 [spec-acc] ctx=3432 burst=23/30 cum=1372/1959=0.700
1790277699625 [spec-acc] ctx=3465 burst=22/30 cum=1394/1989=0.701
1790277699760 [spec-acc] ctx=3497 burst=25/27 cum=1419/2016=0.704
1790277699956 [spec-acc] ctx=3531 burst=19/39 cum=1438/2055=0.700
1790277700122 [spec-acc] ctx=3563 burst=24/33 cum=1462/2088=0.700
1790277700272 [spec-acc] ctx=3598 burst=23/30 cum=1485/2118=0.701
1790277700455 [spec-acc] ctx=3631 burst=23/36 cum=1508/2154=0.700
1790277700636 [spec-acc] ctx=3666 burst=22/36 cum=1530/2190=0.699
1790277700771 [spec-acc] ctx=3700 burst=25/27 cum=1555/2217=0.701
1790277700892 [spec-acc] ctx=3734 burst=24/24 cum=1579/2241=0.705
1790277701043 [spec-acc] ctx=3766 burst=23/30 cum=1602/2271=0.705
1790277701196 [spec-acc] ctx=3799 burst=24/30 cum=1626/2301=0.707
1790277701331 [spec-acc] ctx=3833 burst=25/27 cum=1651/2328=0.709
1790277701513 [spec-acc] ctx=3867 burst=23/36 cum=1674/2364=0.708
1790277701633 [spec-acc] ctx=3902 burst=24/24 cum=1698/2388=0.711
1790277701784 [spec-acc] ctx=3934 burst=22/30 cum=1720/2418=0.711
1790277701952 [spec-acc] ctx=3966 burst=22/33 cum=1742/2451=0.711
1790277702088 [spec-acc] ctx=3999 burst=23/27 cum=1765/2478=0.712
1790277702270 [spec-acc] ctx=4031 burst=23/36 cum=1788/2514=0.711
1790277702409 [spec-acc] ctx=4066 burst=26/27 cum=1814/2541=0.714
1790277702591 [spec-acc] ctx=4101 burst=23/36 cum=1837/2577=0.713
1790277702759 [spec-acc] ctx=4136 burst=21/33 cum=1858/2610=0.712
1790277702911 [spec-acc] ctx=4168 burst=25/30 cum=1883/2640=0.713
1790277703032 [spec-acc] ctx=4203 burst=24/24 cum=1907/2664=0.716
1790277703185 [spec-acc] ctx=4235 burst=23/30 cum=1930/2694=0.716
1790277703325 [spec-acc] ctx=4268 burst=23/27 cum=1953/2721=0.718
1790277703446 [spec-acc] ctx=4300 burst=24/24 cum=1977/2745=0.720
1790277703584 [spec-acc] ctx=4332 burst=25/27 cum=2002/2772=0.722
1790277703766 [spec-acc] ctx=4366 burst=20/36 cum=2022/2808=0.720
1790277703888 [spec-acc] ctx=4398 burst=24/24 cum=2046/2832=0.722
1790277704056 [spec-acc] ctx=4430 burst=24/33 cum=2070/2865=0.723
1790277704210 [spec-acc] ctx=4465 burst=25/30 cum=2095/2895=0.724
1790277704347 [spec-acc] ctx=4500 burst=26/27 cum=2121/2922=0.726
1790277704486 [spec-acc] ctx=4535 burst=23/27 cum=2144/2949=0.727
1790277704671 [spec-acc] ctx=4567 burst=23/36 cum=2167/2985=0.726
1790277704823 [spec-acc] ctx=4602 burst=22/30 cum=2189/3015=0.726
1790277704975 [spec-acc] ctx=4634 burst=25/30 cum=2214/3045=0.727
1790277705113 [spec-acc] ctx=4669 burst=24/27 cum=2238/3072=0.729
1790277705234 [spec-acc] ctx=4702 burst=24/24 cum=2262/3096=0.731
1790277705419 [spec-acc] ctx=4734 burst=23/36 cum=2285/3132=0.730
1790277705543 [spec-acc] ctx=4769 burst=24/24 cum=2309/3156=0.732
1790277705695 [spec-acc] ctx=4801 burst=23/30 cum=2332/3186=0.732
1790277705849 [spec-acc] ctx=4834 burst=24/30 cum=2356/3216=0.733
1790277705973 [spec-acc] ctx=4868 burst=24/24 cum=2380/3240=0.735
1790277706159 [spec-acc] ctx=4900 burst=23/36 cum=2403/3276=0.734
1790277706282 [spec-acc] ctx=4935 burst=24/24 cum=2427/3300=0.735
1790277706452 [spec-acc] ctx=4967 burst=23/33 cum=2450/3333=0.735
1790277706607 [spec-acc] ctx=5001 burst=25/30 cum=2475/3363=0.736
1790277706745 [spec-acc] ctx=5036 burst=25/27 cum=2500/3390=0.737
1790277706883 [spec-acc] ctx=5070 burst=26/27 cum=2526/3417=0.739
1790277707023 [spec-acc] ctx=5105 burst=23/27 cum=2549/3444=0.740
1790277707177 [spec-acc] ctx=5137 burst=23/30 cum=2572/3474=0.740
1790277707316 [spec-acc] ctx=5170 burst=26/27 cum=2598/3501=0.742
1790277707454 [spec-acc] ctx=5205 burst=23/27 cum=2621/3528=0.743
1790277707625 [spec-acc] ctx=5237 burst=21/33 cum=2642/3561=0.742
1790277707779 [spec-acc] ctx=5269 burst=23/30 cum=2665/3591=0.742
1790277707918 [spec-acc] ctx=5302 burst=23/27 cum=2688/3618=0.743
1790277708072 [spec-acc] ctx=5334 burst=25/30 cum=2713/3648=0.744
1790277708212 [spec-acc] ctx=5369 burst=26/27 cum=2739/3675=0.745
1790277708367 [spec-acc] ctx=5404 burst=25/30 cum=2764/3705=0.746
1790277708524 [spec-acc] ctx=5439 burst=24/30 cum=2788/3735=0.746
1790277708663 [spec-acc] ctx=5473 burst=25/27 cum=2813/3762=0.748
1790277708818 [spec-acc] ctx=5507 burst=23/30 cum=2836/3792=0.748
1790277708973 [spec-acc] ctx=5540 burst=25/30 cum=2861/3822=0.749
1790277709096 [spec-acc] ctx=5575 burst=24/24 cum=2885/3846=0.750
1790277709236 [spec-acc] ctx=5607 burst=23/27 cum=2908/3873=0.751
1790277709409 [spec-acc] ctx=5639 burst=24/33 cum=2932/3906=0.751
1790277709564 [spec-acc] ctx=5674 burst=24/30 cum=2956/3936=0.751
1790277709704 [spec-acc] ctx=5708 burst=26/27 cum=2982/3963=0.752
1790277709844 [spec-acc] ctx=5743 burst=24/27 cum=3006/3990=0.753
1790277709983 [spec-acc] ctx=5776 burst=23/27 cum=3029/4017=0.754
1790277709983 [kv-vmm] retire id=chatcmpl-9d87fdb7beef519964a4cdf4f4566d75 planes=20 mapped=188743680 reserved=1254096896 used=97000128 slack_bytes=1187840 booked=1761635912
1790277709986 [meter] admit id=chatcmpl-25c8b7e627536a193b63dc51c0a0e784 tenant=default lane=interactive model="q9"
1790277709992 [kv-vmm] trim id=chatcmpl-9d87fdb7beef519964a4cdf4f4566d75 pool=spec keep_rows=5872 released=41943040
1790277709993 [kv-vmm] ensure-walls n=131 us=865,2,2,2,1,2,2,2,1,3,2,2,6,2,2,2,2,2,2,2,2,2,3,2,2,2,3,2,2,4,2,2,2,2,3,2,2,6,4,2,2,2,2,4,2,2,2,3,2,2,2,2,2,2,2,12,2,2,2,2,2,2,2,2,2,2,2,2,2,2,8,4,3,2,3,2,3,2,2,2,2,3,2,3,2,2,3,2,2,2,2,2,2,2,2,3,2,2,2,2,2,3,2,2,2,2,2,3,3,3,3,3,3,3,2,2,2,2,6,4,2,3,2,2,2,2,2,2,8,3,2
1790277709995 [admission] per-session draft-state charge: model="q9" +44MB (measured capture high-water)
1790277709995 [admission] request cost: model="q9" ctx=65600 path=spec = 16704 B/token x ctx + 520MB prefill-workspace + 103MB fixed = 1719MB
1790277709995 [admit-predict] id=chatcmpl-25c8b7e627536a193b63dc51c0a0e784 tenant="" model="q9" verdict=admit reason=global-p95 prompt=1442 predicted_completion=4363 kv_hat=764035208 booked_bytes=0 booked_real=0 inflight=0 cap=64 budget_bytes=12831671424 retry_after_s=- exempt=0 enforce=0 live_free_bytes=-
1790277709996 [worker] spec-affinity: declined (history diverged at 6 of checkpoint 1408; 2 parked, 1442 prompt tokens; model q9)
1790277709997 [spec-k] model="q9" tenant="" K=3 source=cold-long prompt=1442 cached=0 lcp=6 active=1 wave=1 placement=single-or-non-pp2
1790277709997 [kv-vmm] admit id=chatcmpl-25c8b7e627536a193b63dc51c0a0e784 owed_before=0 session_mapped=41943040 session_reserved=1254096896 active=0
1790277709998 [kv-vmm] reap released=41943040 pending=0
1790277710477 [spec-acc] ctx=1442 burst=22/30 cum=22/30=0.733
1790277710477 [prefix-cache] insert (spec-boundary): 1408 tokens, 76.2MB (resident 228.7MB / 2052MB, model q9)
1790277710640 [spec-acc] ctx=1475 burst=21/33 cum=43/63=0.683
1790277710771 [spec-acc] ctx=1507 burst=23/27 cum=66/90=0.733
1790277710934 [spec-acc] ctx=1539 burst=22/33 cum=88/123=0.715
1790277711094 [spec-acc] ctx=1572 burst=22/33 cum=110/156=0.705
1790277711255 [spec-acc] ctx=1605 burst=23/33 cum=133/189=0.704
1790277711447 [spec-acc] ctx=1639 burst=20/39 cum=153/228=0.671
1790277711638 [spec-acc] ctx=1672 burst=20/39 cum=173/267=0.648
1790277711813 [spec-acc] ctx=1705 burst=20/36 cum=193/303=0.637
1790277711991 [spec-acc] ctx=1737 burst=23/36 cum=216/339=0.637
1790277712153 [spec-acc] ctx=1772 burst=21/33 cum=237/372=0.637
1790277712343 [spec-acc] ctx=1804 burst=19/39 cum=256/411=0.623
1790277712537 [spec-acc] ctx=1836 burst=21/39 cum=277/450=0.616
1790277712727 [spec-acc] ctx=1870 burst=21/39 cum=298/489=0.609
1790277712889 [spec-acc] ctx=1904 burst=22/33 cum=320/522=0.613
1790277713037 [spec-acc] ctx=1937 burst=23/30 cum=343/552=0.621
1790277713199 [spec-acc] ctx=1970 burst=23/33 cum=366/585=0.626
1790277713346 [spec-acc] ctx=2004 burst=23/30 cum=389/615=0.633
1790277713539 [spec-acc] ctx=2037 burst=22/39 cum=411/654=0.628
1790277713776 [spec-acc] ctx=2072 burst=19/48 cum=430/702=0.613
1790277713955 [spec-acc] ctx=2107 burst=23/36 cum=453/738=0.614
1790277714147 [spec-acc] ctx=2142 burst=19/39 cum=472/777=0.607
1790277714370 [spec-acc] ctx=2174 burst=19/45 cum=491/822=0.597
1790277714503 [spec-acc] ctx=2208 burst=26/27 cum=517/849=0.609
1790277714641 [spec-acc] ctx=2243 burst=23/27 cum=540/876=0.616
1790277714788 [spec-acc] ctx=2275 burst=25/30 cum=565/906=0.624
1790277714941 [spec-acc] ctx=2310 burst=24/30 cum=589/936=0.629
1790277715088 [spec-acc] ctx=2344 burst=22/30 cum=611/966=0.633
1790277715241 [spec-acc] ctx=2376 burst=24/30 cum=635/996=0.638
1790277715403 [spec-acc] ctx=2410 burst=23/33 cum=658/1029=0.639
1790277715555 [spec-acc] ctx=2444 burst=24/30 cum=682/1059=0.644
1790277715688 [spec-acc] ctx=2478 burst=24/27 cum=706/1086=0.650
1790277715806 [spec-acc] ctx=2511 burst=24/24 cum=730/1110=0.658
1790277715959 [spec-acc] ctx=2543 burst=22/30 cum=752/1140=0.660
1790277716155 [spec-acc] ctx=2575 burst=19/39 cum=771/1179=0.654
1790277716333 [spec-acc] ctx=2607 burst=23/36 cum=794/1215=0.653
1790277716544 [spec-acc] ctx=2642 burst=19/42 cum=813/1257=0.647
1790277716678 [spec-acc] ctx=2675 burst=26/27 cum=839/1284=0.653
1790277716800 [spec-acc] ctx=2710 burst=24/24 cum=863/1308=0.660
1790277716918 [spec-acc] ctx=2742 burst=24/24 cum=887/1332=0.666
1790277717070 [spec-acc] ctx=2774 burst=24/30 cum=911/1362=0.669
1790277717233 [spec-acc] ctx=2808 burst=21/33 cum=932/1395=0.668
1790277717381 [spec-acc] ctx=2840 burst=24/30 cum=956/1425=0.671
1790277717561 [spec-acc] ctx=2874 burst=21/36 cum=977/1461=0.669
1790277717771 [spec-acc] ctx=2907 burst=21/42 cum=998/1503=0.664
1790277717967 [spec-acc] ctx=2942 burst=20/39 cum=1018/1542=0.660
1790277718087 [spec-acc] ctx=2975 burst=24/24 cum=1042/1566=0.665
1790277718221 [spec-acc] ctx=3007 burst=25/27 cum=1067/1593=0.670
1790277718402 [spec-acc] ctx=3041 burst=21/36 cum=1088/1629=0.668
1790277718567 [spec-acc] ctx=3074 burst=24/33 cum=1112/1662=0.669
1790277718703 [spec-acc] ctx=3109 burst=26/27 cum=1138/1689=0.674
1790277718853 [spec-acc] ctx=3144 burst=24/30 cum=1162/1719=0.676
1790277719034 [spec-acc] ctx=3178 burst=21/36 cum=1183/1755=0.674
1790277719184 [spec-acc] ctx=3211 burst=22/30 cum=1205/1785=0.675
1790277719319 [spec-acc] ctx=3243 burst=24/27 cum=1229/1812=0.678
1790277719485 [spec-acc] ctx=3276 burst=24/33 cum=1253/1845=0.679
1790277719636 [spec-acc] ctx=3311 burst=24/30 cum=1277/1875=0.681
1790277719773 [spec-acc] ctx=3345 burst=25/27 cum=1302/1902=0.685
1790277719954 [spec-acc] ctx=3379 burst=21/36 cum=1323/1938=0.683
1790277720166 [spec-acc] ctx=3412 burst=18/42 cum=1341/1980=0.677
1790277720334 [spec-acc] ctx=3444 burst=23/33 cum=1364/2013=0.678
1790277720469 [spec-acc] ctx=3478 burst=25/27 cum=1389/2040=0.681
1790277720621 [spec-acc] ctx=3512 burst=23/30 cum=1412/2070=0.682
1790277720774 [spec-acc] ctx=3545 burst=22/30 cum=1434/2100=0.683
1790277720940 [spec-acc] ctx=3577 burst=21/33 cum=1455/2133=0.682
1790277721107 [spec-acc] ctx=3609 burst=23/33 cum=1478/2166=0.682
1790277721245 [spec-acc] ctx=3643 burst=24/27 cum=1502/2193=0.685
1790277721380 [spec-acc] ctx=3676 burst=23/27 cum=1525/2220=0.687
1790277721563 [spec-acc] ctx=3708 burst=21/36 cum=1546/2256=0.685
1790277721732 [spec-acc] ctx=3741 burst=22/33 cum=1568/2289=0.685
1790277721883 [spec-acc] ctx=3774 burst=23/30 cum=1591/2319=0.686
1790277722019 [spec-acc] ctx=3807 burst=24/27 cum=1615/2346=0.688
1790277722201 [spec-acc] ctx=3840 burst=20/36 cum=1635/2382=0.686
1790277722368 [spec-acc] ctx=3872 burst=22/33 cum=1657/2415=0.686
1790277722504 [spec-acc] ctx=3905 burst=25/27 cum=1682/2442=0.689
1790277722656 [spec-acc] ctx=3939 burst=22/30 cum=1704/2472=0.689
1790277722824 [spec-acc] ctx=3971 burst=24/33 cum=1728/2505=0.690
1790277722963 [spec-acc] ctx=4006 burst=26/27 cum=1754/2532=0.693
1790277723148 [spec-acc] ctx=4041 burst=21/36 cum=1775/2568=0.691
1790277723284 [spec-acc] ctx=4074 burst=23/27 cum=1798/2595=0.693
1790277723436 [spec-acc] ctx=4106 burst=22/30 cum=1820/2625=0.693
1790277723573 [spec-acc] ctx=4138 burst=26/27 cum=1846/2652=0.696
1790277723726 [spec-acc] ctx=4173 burst=23/30 cum=1869/2682=0.697
1790277723880 [spec-acc] ctx=4206 burst=24/30 cum=1893/2712=0.698
1790277724035 [spec-acc] ctx=4240 burst=23/30 cum=1916/2742=0.699
1790277724187 [spec-acc] ctx=4273 burst=23/30 cum=1939/2772=0.699
1790277724326 [spec-acc] ctx=4306 burst=24/27 cum=1963/2799=0.701
1790277724465 [spec-acc] ctx=4339 burst=24/27 cum=1987/2826=0.703
1790277724602 [spec-acc] ctx=4372 burst=24/27 cum=2011/2853=0.705
1790277724757 [spec-acc] ctx=4405 burst=22/30 cum=2033/2883=0.705
1790277724881 [spec-acc] ctx=4437 burst=24/24 cum=2057/2907=0.708
1790277725003 [spec-acc] ctx=4469 burst=24/24 cum=2081/2931=0.710
1790277725188 [spec-acc] ctx=4501 burst=21/36 cum=2102/2967=0.708
1790277725312 [spec-acc] ctx=4534 burst=24/24 cum=2126/2991=0.711
1790277725436 [spec-acc] ctx=4566 burst=24/24 cum=2150/3015=0.713
1790277725619 [spec-acc] ctx=4598 burst=21/36 cum=2171/3051=0.712
1790277725790 [spec-acc] ctx=4631 burst=24/33 cum=2195/3084=0.712
1790277725914 [spec-acc] ctx=4666 burst=24/24 cum=2219/3108=0.714
1790277726084 [spec-acc] ctx=4698 burst=22/33 cum=2241/3141=0.713
1790277726238 [spec-acc] ctx=4731 burst=23/30 cum=2264/3171=0.714
1790277726361 [spec-acc] ctx=4764 burst=24/24 cum=2288/3195=0.716
1790277726515 [spec-acc] ctx=4796 burst=25/30 cum=2313/3225=0.717
1790277726732 [spec-acc] ctx=4831 burst=20/42 cum=2333/3267=0.714
1790277726871 [spec-acc] ctx=4865 burst=24/27 cum=2357/3294=0.716
1790277727024 [spec-acc] ctx=4898 burst=24/30 cum=2381/3324=0.716
1790277727211 [spec-acc] ctx=4932 burst=20/36 cum=2401/3360=0.715
1790277727366 [spec-acc] ctx=4964 burst=24/30 cum=2425/3390=0.715
1790277727489 [spec-acc] ctx=4998 burst=24/24 cum=2449/3414=0.717
1790277727675 [spec-acc] ctx=5030 burst=20/36 cum=2469/3450=0.716
1790277727847 [spec-acc] ctx=5062 burst=21/33 cum=2490/3483=0.715
1790277728018 [spec-acc] ctx=5094 burst=24/33 cum=2514/3516=0.715
1790277728142 [spec-acc] ctx=5129 burst=24/24 cum=2538/3540=0.717
1790277728281 [spec-acc] ctx=5161 burst=23/27 cum=2561/3567=0.718
1790277728420 [spec-acc] ctx=5193 burst=26/27 cum=2587/3594=0.720
1790277728560 [spec-acc] ctx=5228 burst=25/27 cum=2612/3621=0.721
1790277728733 [spec-acc] ctx=5262 burst=22/33 cum=2634/3654=0.721
1790277728920 [spec-acc] ctx=5295 burst=22/36 cum=2656/3690=0.720
1790277729060 [spec-acc] ctx=5329 burst=24/27 cum=2680/3717=0.721
1790277729187 [spec-acc] ctx=5362 burst=24/24 cum=2704/3741=0.723
1790277729326 [spec-acc] ctx=5394 burst=25/27 cum=2729/3768=0.724
1790277729483 [spec-acc] ctx=5428 burst=22/30 cum=2751/3798=0.724
1790277729608 [spec-acc] ctx=5460 burst=24/24 cum=2775/3822=0.726
1790277729779 [spec-acc] ctx=5492 burst=23/33 cum=2798/3855=0.726
1790277729905 [spec-acc] ctx=5526 burst=24/24 cum=2822/3879=0.728
1790277730029 [spec-acc] ctx=5558 burst=24/24 cum=2846/3903=0.729
1790277730029 [kv-vmm] retire id=chatcmpl-25c8b7e627536a193b63dc51c0a0e784 planes=20 mapped=167772160 reserved=1254096896 used=93358656 slack_bytes=1187840 booked=1762717256
1790277730032 [meter] admit id=chatcmpl-3b830a079c36b9458e40f34591c7a33c tenant=default lane=interactive model="q9"
1790277730038 [kv-vmm] trim id=chatcmpl-25c8b7e627536a193b63dc51c0a0e784 pool=spec keep_rows=5654 released=41943040
1790277730038 [kv-vmm] ensure-walls n=125 us=4196,2,2,2,2,2,2,2,2,2,2,2,5,2,3,2,2,2,3,2,2,3,2,3,2,2,2,2,2,2,2,2,2,1,3,2,7,2,2,3,2,3,2,2,2,2,3,2,2,2,2,3,3,2,2,2,2,2,2,3,2,3,2,2,2,2,2,2,2,4,7,2,2,2,2,2,2,2,2,2,2,1,2,4,2,3,2,3,2,2,3,2,4,2,2,2,2,2,2,2,2,1,2,2,2,3,2,3,2,2,3,2,2,2,2,2,2,2,6,2,2,2,2,2,2
1790277730041 [admit-predict] id=chatcmpl-3b830a079c36b9458e40f34591c7a33c tenant="" model="q9" verdict=admit reason=global-p95 prompt=1442 predicted_completion=4363 kv_hat=764035208 booked_bytes=0 booked_real=0 inflight=0 cap=64 budget_bytes=12831671424 retry_after_s=- exempt=0 enforce=0 live_free_bytes=-
1790277730042 [worker] spec-affinity: declined (history diverged at 6 of checkpoint 1408; 2 parked, 1442 prompt tokens; model q9)
1790277730043 [spec-k] model="q9" tenant="" K=3 source=cold-long prompt=1442 cached=0 lcp=6 active=1 wave=1 placement=single-or-non-pp2
1790277730043 [kv-vmm] admit id=chatcmpl-3b830a079c36b9458e40f34591c7a33c owed_before=0 session_mapped=41943040 session_reserved=1254096896 active=0
1790277730046 [kv-vmm] reap released=146800640 pending=0
1790277730563 [spec-acc] ctx=1442 burst=19/36 cum=19/36=0.528
1790277730563 [prefix-cache] insert (spec-boundary): 1408 tokens, 76.2MB (resident 304.9MB / 2052MB, model q9)
1790277730710 [spec-acc] ctx=1474 burst=23/30 cum=42/66=0.636
1790277730860 [spec-acc] ctx=1507 burst=25/30 cum=67/96=0.698
1790277731007 [spec-acc] ctx=1542 burst=22/30 cum=89/126=0.706
1790277731167 [spec-acc] ctx=1574 burst=22/33 cum=111/159=0.698
1790277731348 [spec-acc] ctx=1607 burst=21/36 cum=132/195=0.677
1790277731575 [spec-acc] ctx=1640 burst=20/45 cum=152/240=0.633
1790277731721 [spec-acc] ctx=1675 burst=22/30 cum=174/270=0.644
1790277731912 [spec-acc] ctx=1707 burst=22/39 cum=196/309=0.634
1790277732106 [spec-acc] ctx=1742 burst=19/39 cum=215/348=0.618
1790277732267 [spec-acc] ctx=1774 burst=21/33 cum=236/381=0.619
1790277732490 [spec-acc] ctx=1806 burst=18/45 cum=254/426=0.596
1790277732668 [spec-acc] ctx=1839 burst=20/36 cum=274/462=0.593
1790277732860 [spec-acc] ctx=1871 burst=21/39 cum=295/501=0.589
1790277733066 [spec-acc] ctx=1905 burst=19/42 cum=314/543=0.578
1790277733260 [spec-acc] ctx=1938 burst=21/39 cum=335/582=0.576
1790277733393 [spec-acc] ctx=1972 burst=23/27 cum=358/609=0.588
1790277733556 [spec-acc] ctx=2004 burst=21/33 cum=379/642=0.590
1790277733751 [spec-acc] ctx=2036 burst=20/39 cum=399/681=0.586
1790277733899 [spec-acc] ctx=2069 burst=22/30 cum=421/711=0.592
1790277734034 [spec-acc] ctx=2101 burst=23/27 cum=444/738=0.602
1790277734182 [spec-acc] ctx=2133 burst=23/30 cum=467/768=0.608
1790277734316 [spec-acc] ctx=2166 burst=24/27 cum=491/795=0.618
1790277734481 [spec-acc] ctx=2199 burst=22/33 cum=513/828=0.620
1790277734648 [spec-acc] ctx=2232 burst=24/33 cum=537/861=0.624
1790277734826 [spec-acc] ctx=2267 burst=22/36 cum=559/897=0.623
1790277734992 [spec-acc] ctx=2301 burst=21/33 cum=580/930=0.624
1790277735140 [spec-acc] ctx=2333 burst=23/30 cum=603/960=0.628
1790277735304 [spec-acc] ctx=2366 burst=21/33 cum=624/993=0.628
1790277735438 [spec-acc] ctx=2398 burst=24/27 cum=648/1020=0.635
1790277735572 [spec-acc] ctx=2431 burst=23/27 cum=671/1047=0.641
1790277735708 [spec-acc] ctx=2463 burst=24/27 cum=695/1074=0.647
1790277735887 [spec-acc] ctx=2496 burst=20/36 cum=715/1110=0.644
1790277736067 [spec-acc] ctx=2528 burst=21/36 cum=736/1146=0.642
1790277736216 [spec-acc] ctx=2561 burst=23/30 cum=759/1176=0.645
1790277736337 [spec-acc] ctx=2594 burst=24/24 cum=783/1200=0.652
1790277736501 [spec-acc] ctx=2626 burst=24/33 cum=807/1233=0.655
1790277736638 [spec-acc] ctx=2661 burst=23/27 cum=830/1260=0.659
1790277736833 [spec-acc] ctx=2693 burst=21/39 cum=851/1299=0.655
1790277736969 [spec-acc] ctx=2727 burst=25/27 cum=876/1326=0.661
1790277737104 [spec-acc] ctx=2761 burst=23/27 cum=899/1353=0.664
1790277737255 [spec-acc] ctx=2793 burst=23/30 cum=922/1383=0.667
1790277737404 [spec-acc] ctx=2826 burst=25/30 cum=947/1413=0.670
1790277737541 [spec-acc] ctx=2861 burst=24/27 cum=971/1440=0.674
1790277737721 [spec-acc] ctx=2894 burst=20/36 cum=991/1476=0.671
1790277737872 [spec-acc] ctx=2926 burst=22/30 cum=1013/1506=0.673
1790277738022 [spec-acc] ctx=2958 burst=24/30 cum=1037/1536=0.675
1790277738203 [spec-acc] ctx=2992 burst=20/36 cum=1057/1572=0.672
1790277738341 [spec-acc] ctx=3024 burst=24/27 cum=1081/1599=0.676
1790277738507 [spec-acc] ctx=3057 burst=21/33 cum=1102/1632=0.675
1790277738643 [spec-acc] ctx=3089 burst=23/27 cum=1125/1659=0.678
1790277738795 [spec-acc] ctx=3121 burst=23/30 cum=1148/1689=0.680
1790277738945 [spec-acc] ctx=3154 burst=22/30 cum=1170/1719=0.681
1790277739114 [spec-acc] ctx=3186 burst=22/33 cum=1192/1752=0.680
1790277739249 [spec-acc] ctx=3219 burst=24/27 cum=1216/1779=0.684
1790277739386 [spec-acc] ctx=3252 burst=24/27 cum=1240/1806=0.687
1790277739536 [spec-acc] ctx=3285 burst=25/30 cum=1265/1836=0.689
1790277739720 [spec-acc] ctx=3320 burst=20/36 cum=1285/1872=0.686
1790277739841 [spec-acc] ctx=3352 burst=24/24 cum=1309/1896=0.690
1790277740007 [spec-acc] ctx=3384 burst=21/33 cum=1330/1929=0.689
1790277740206 [spec-acc] ctx=3416 burst=19/39 cum=1349/1968=0.685
1790277740344 [spec-acc] ctx=3448 burst=24/27 cum=1373/1995=0.688
1790277740511 [spec-acc] ctx=3481 burst=24/33 cum=1397/2028=0.689
1790277740631 [spec-acc] ctx=3516 burst=24/24 cum=1421/2052=0.692
1790277740800 [spec-acc] ctx=3548 burst=23/33 cum=1444/2085=0.693
1790277740936 [spec-acc] ctx=3582 burst=26/27 cum=1470/2112=0.696
1790277741118 [spec-acc] ctx=3617 burst=20/36 cum=1490/2148=0.694
1790277741287 [spec-acc] ctx=3649 burst=21/33 cum=1511/2181=0.693
1790277741423 [spec-acc] ctx=3681 burst=24/27 cum=1535/2208=0.695
1790277741577 [spec-acc] ctx=3714 burst=23/30 cum=1558/2238=0.696
1790277741744 [spec-acc] ctx=3747 burst=24/33 cum=1582/2271=0.697
1790277741881 [spec-acc] ctx=3782 burst=23/27 cum=1605/2298=0.698
1790277742064 [spec-acc] ctx=3814 burst=21/36 cum=1626/2334=0.697
1790277742187 [spec-acc] ctx=3847 burst=24/24 cum=1650/2358=0.700
1790277742323 [spec-acc] ctx=3879 burst=24/27 cum=1674/2385=0.702
1790277742508 [spec-acc] ctx=3912 burst=21/36 cum=1695/2421=0.700
1790277742630 [spec-acc] ctx=3945 burst=24/24 cum=1719/2445=0.703
1790277742798 [spec-acc] ctx=3977 burst=24/33 cum=1743/2478=0.703
1790277742982 [spec-acc] ctx=4012 burst=21/36 cum=1764/2514=0.702
1790277743166 [spec-acc] ctx=4045 burst=21/36 cum=1785/2550=0.700
1790277743305 [spec-acc] ctx=4078 burst=26/27 cum=1811/2577=0.703
1790277743505 [spec-acc] ctx=4113 burst=22/39 cum=1833/2616=0.701
1790277743675 [spec-acc] ctx=4148 burst=22/33 cum=1855/2649=0.700
1790277743812 [spec-acc] ctx=4181 burst=23/27 cum=1878/2676=0.702
1790277743951 [spec-acc] ctx=4213 burst=24/27 cum=1902/2703=0.704
1790277744106 [spec-acc] ctx=4246 burst=24/30 cum=1926/2733=0.705
1790277744244 [spec-acc] ctx=4280 burst=26/27 cum=1952/2760=0.707
1790277744445 [spec-acc] ctx=4315 burst=19/39 cum=1971/2799=0.704
1790277744584 [spec-acc] ctx=4347 burst=23/27 cum=1994/2826=0.706
1790277744723 [spec-acc] ctx=4379 burst=24/27 cum=2018/2853=0.707
1790277744861 [spec-acc] ctx=4412 burst=23/27 cum=2041/2880=0.709
1790277745062 [spec-acc] ctx=4444 burst=21/39 cum=2062/2919=0.706
1790277745246 [spec-acc] ctx=4478 burst=21/36 cum=2083/2955=0.705
1790277745401 [spec-acc] ctx=4511 burst=25/30 cum=2108/2985=0.706
1790277745601 [spec-acc] ctx=4546 burst=20/39 cum=2128/3024=0.704
1790277745724 [spec-acc] ctx=4579 burst=24/24 cum=2152/3048=0.706
1790277745878 [spec-acc] ctx=4611 burst=23/30 cum=2175/3078=0.707
1790277746095 [spec-acc] ctx=4644 burst=20/42 cum=2195/3120=0.704
1790277746264 [spec-acc] ctx=4678 burst=21/33 cum=2216/3153=0.703
1790277746465 [spec-acc] ctx=4710 burst=20/39 cum=2236/3192=0.701
1790277746604 [spec-acc] ctx=4743 burst=26/27 cum=2262/3219=0.703
1790277746759 [spec-acc] ctx=4778 burst=23/30 cum=2285/3249=0.703
1790277746882 [spec-acc] ctx=4811 burst=24/24 cum=2309/3273=0.705
1790277747099 [spec-acc] ctx=4843 burst=21/42 cum=2330/3315=0.703
1790277747258 [spec-acc] ctx=4878 burst=25/30 cum=2355/3345=0.704
1790277747397 [spec-acc] ctx=4913 burst=24/27 cum=2379/3372=0.706
1790277747520 [spec-acc] ctx=4946 burst=24/24 cum=2403/3396=0.708
1790277747682 [spec-acc] ctx=4978 burst=22/30 cum=2425/3426=0.708
1790277747805 [spec-acc] ctx=5010 burst=24/24 cum=2449/3450=0.710
1790277747960 [spec-acc] ctx=5042 burst=23/30 cum=2472/3480=0.710
1790277748085 [spec-acc] ctx=5075 burst=24/24 cum=2496/3504=0.712
1790277748306 [spec-acc] ctx=5107 burst=19/42 cum=2515/3546=0.709
1790277748445 [spec-acc] ctx=5140 burst=25/27 cum=2540/3573=0.711
1790277748601 [spec-acc] ctx=5174 burst=22/30 cum=2562/3603=0.711
1790277748728 [spec-acc] ctx=5206 burst=24/24 cum=2586/3627=0.713
1790277748898 [spec-acc] ctx=5238 burst=23/33 cum=2609/3660=0.713
1790277749055 [spec-acc] ctx=5272 burst=22/30 cum=2631/3690=0.713
1790277749212 [spec-acc] ctx=5304 burst=25/30 cum=2656/3720=0.714
1790277749352 [spec-acc] ctx=5339 burst=24/27 cum=2680/3747=0.715
1790277749524 [spec-acc] ctx=5372 burst=21/33 cum=2701/3780=0.715
1790277749682 [spec-acc] ctx=5404 burst=23/30 cum=2724/3810=0.715
1790277749822 [spec-acc] ctx=5437 burst=26/27 cum=2750/3837=0.717
1790277749962 [spec-acc] ctx=5472 burst=25/27 cum=2775/3864=0.718
1790277750087 [spec-acc] ctx=5506 burst=24/24 cum=2799/3888=0.720
1790277750244 [spec-acc] ctx=5538 burst=24/30 cum=2823/3918=0.721
1790277750369 [spec-acc] ctx=5572 burst=24/24 cum=2847/3942=0.722
1790277750509 [spec-acc] ctx=5604 burst=24/27 cum=2871/3969=0.723
1790277750634 [spec-acc] ctx=5637 burst=24/24 cum=2895/3993=0.725
1790277750823 [spec-acc] ctx=5669 burst=22/36 cum=2917/4029=0.724
1790277750949 [spec-acc] ctx=5703 burst=24/24 cum=2941/4053=0.726
1790277751108 [spec-acc] ctx=5735 burst=25/30 cum=2966/4083=0.726
1790277751280 [spec-acc] ctx=5770 burst=21/33 cum=2987/4116=0.726
1790277751405 [spec-acc] ctx=5802 burst=24/24 cum=3011/4140=0.727
1790277751547 [spec-acc] ctx=5834 burst=23/27 cum=3034/4167=0.728
1790277751672 [spec-acc] ctx=5866 burst=24/24 cum=3058/4191=0.730
1790277751815 [spec-acc] ctx=5898 burst=23/27 cum=3081/4218=0.730
1790277751988 [spec-acc] ctx=5930 burst=21/33 cum=3102/4251=0.730
1790277752179 [spec-acc] ctx=5962 burst=20/36 cum=3122/4287=0.728
1790277752385 [spec-acc] ctx=5994 burst=21/39 cum=3143/4326=0.727
1790277752510 [spec-acc] ctx=6028 burst=24/24 cum=3167/4350=0.728
1790277752670 [spec-acc] ctx=6060 burst=23/30 cum=3190/4380=0.728
1790277752828 [spec-acc] ctx=6093 burst=22/30 cum=3212/4410=0.728
1790277752954 [spec-acc] ctx=6125 burst=24/24 cum=3236/4434=0.730
1790277753097 [spec-acc] ctx=6157 burst=26/27 cum=3262/4461=0.731
1790277753239 [spec-acc] ctx=6192 burst=26/27 cum=3288/4488=0.733
1790277753239 [kv-vmm] retire id=chatcmpl-3b830a079c36b9458e40f34591c7a33c planes=20 mapped=188743680 reserved=1254096896 used=103999104 slack_bytes=1187840 booked=1762717256
1790277753241 [meter] admit id=chatcmpl-9383ebb2367a8cf2ef1f80c4b8fd96ee tenant=default lane=interactive model="q9"
1790277753248 [kv-vmm] trim id=chatcmpl-3b830a079c36b9458e40f34591c7a33c pool=spec keep_rows=6291 released=41943040
1790277753248 [kv-vmm] ensure-walls n=145 us=2,2,2,3,2,3,2,2,2,2,3,3,6,3,3,2,2,2,2,3,2,2,2,2,2,12,2,2,2,3,3,2,2,3,2,3,3,7,4,3,2,2,2,2,2,2,3,2,2,2,3,3,2,2,2,4,2,3,2,3,2,2,3,2,2,2,2,3,3,2,3,7,2,2,2,2,2,2,2,3,2,4,2,2,2,2,2,2,2,3,2,2,2,3,3,4,2,2,2,2,4,2,3,2,2,3,2,2,2,3,2,2,4,2,2,2,2,3,2,6,3,2,2,2,2,2,2,5,2,8,3,4,2,3,3,2,2,2,2,2,3,3,2,4,3
1790277753250 [admission] per-session draft-state charge: model="q9" +44MB (measured capture high-water)
1790277753250 [admission] request cost: model="q9" ctx=65600 path=spec = 16704 B/token x ctx + 519MB prefill-workspace + 103MB fixed = 1718MB
1790277753250 [admit-predict] id=chatcmpl-9383ebb2367a8cf2ef1f80c4b8fd96ee tenant="" model="q9" verdict=admit reason=global-p95 prompt=1441 predicted_completion=4761 kv_hat=770306248 booked_bytes=0 booked_real=0 inflight=0 cap=64 budget_bytes=12831671424 retry_after_s=- exempt=0 enforce=0 live_free_bytes=-
1790277753252 [worker] spec-affinity: declined (history diverged at 6 of checkpoint 1408; 2 parked, 1441 prompt tokens; model q9)
1790277753256 [spec-k] model="q9" tenant="" K=3 source=cold-long prompt=1441 cached=0 lcp=6 active=1 wave=1 placement=single-or-non-pp2
1790277753256 [kv-vmm] admit id=chatcmpl-9383ebb2367a8cf2ef1f80c4b8fd96ee owed_before=0 session_mapped=41943040 session_reserved=1254096896 active=0
1790277753260 [kv-vmm] reap released=188743680 pending=0
1790277753876 [spec-acc] ctx=1441 burst=20/33 cum=20/33=0.606
1790277753876 [prefix-cache] insert (spec-boundary): 1408 tokens, 76.2MB (resident 381.1MB / 2052MB, model q9)
1790277754037 [spec-acc] ctx=1473 burst=24/33 cum=44/66=0.667
1790277754170 [spec-acc] ctx=1508 burst=23/27 cum=67/93=0.720
1790277754302 [spec-acc] ctx=1540 burst=24/27 cum=91/120=0.758
1790277754477 [spec-acc] ctx=1573 burst=22/36 cum=113/156=0.724
1790277754625 [spec-acc] ctx=1607 burst=23/30 cum=136/186=0.731
1790277754866 [spec-acc] ctx=1640 burst=16/48 cum=152/234=0.650
1790277755045 [spec-acc] ctx=1672 burst=20/36 cum=172/270=0.637
1790277755191 [spec-acc] ctx=1704 burst=24/30 cum=196/300=0.653
1790277755352 [spec-acc] ctx=1738 burst=22/33 cum=218/333=0.655
1790277755516 [spec-acc] ctx=1771 burst=21/33 cum=239/366=0.653
1790277755665 [spec-acc] ctx=1803 burst=24/30 cum=263/396=0.664
1790277755814 [spec-acc] ctx=1837 burst=23/30 cum=286/426=0.671
1790277756022 [spec-acc] ctx=1870 burst=21/42 cum=307/468=0.656
1790277756169 [spec-acc] ctx=1905 burst=22/30 cum=329/498=0.661
1790277756362 [spec-acc] ctx=1937 burst=20/39 cum=349/537=0.650
1790277756570 [spec-acc] ctx=1970 burst=19/42 cum=368/579=0.636
1790277756735 [spec-acc] ctx=2003 burst=22/33 cum=390/612=0.637
1790277756884 [spec-acc] ctx=2036 burst=23/30 cum=413/642=0.643
1790277757079 [spec-acc] ctx=2069 burst=20/39 cum=433/681=0.636
1790277757227 [spec-acc] ctx=2102 burst=22/30 cum=455/711=0.640
1790277757391 [spec-acc] ctx=2134 burst=24/33 cum=479/744=0.644
1790277757555 [spec-acc] ctx=2169 burst=23/33 cum=502/777=0.646
1790277757691 [spec-acc] ctx=2203 burst=23/27 cum=525/804=0.653
1790277757826 [spec-acc] ctx=2235 burst=24/27 cum=549/831=0.661
1790277757977 [spec-acc] ctx=2268 burst=22/30 cum=571/861=0.663
1790277758155 [spec-acc] ctx=2300 burst=21/36 cum=592/897=0.660
1790277758366 [spec-acc] ctx=2333 burst=19/42 cum=611/939=0.651
1790277758529 [spec-acc] ctx=2366 burst=24/33 cum=635/972=0.653
1790277758741 [spec-acc] ctx=2401 burst=18/42 cum=653/1014=0.644
1790277758937 [spec-acc] ctx=2433 burst=19/39 cum=672/1053=0.638
1790277759086 [spec-acc] ctx=2465 burst=23/30 cum=695/1083=0.642
1790277759222 [spec-acc] ctx=2498 burst=23/27 cum=718/1110=0.647
1790277759401 [spec-acc] ctx=2530 burst=22/36 cum=740/1146=0.646
1790277759537 [spec-acc] ctx=2564 burst=24/27 cum=764/1173=0.651
1790277759686 [spec-acc] ctx=2597 burst=22/30 cum=786/1203=0.653
1790277759823 [spec-acc] ctx=2629 burst=25/27 cum=811/1230=0.659
1790277760018 [spec-acc] ctx=2663 burst=20/39 cum=831/1269=0.655
1790277760228 [spec-acc] ctx=2696 burst=18/42 cum=849/1311=0.648
1790277760380 [spec-acc] ctx=2728 burst=22/30 cum=871/1341=0.650
1790277760529 [spec-acc] ctx=2760 burst=24/30 cum=895/1371=0.653
1790277760648 [spec-acc] ctx=2794 burst=24/24 cum=919/1395=0.659
1790277760830 [spec-acc] ctx=2826 burst=23/36 cum=942/1431=0.658
1790277760996 [spec-acc] ctx=2861 burst=22/33 cum=964/1464=0.658
1790277761145 [spec-acc] ctx=2894 burst=23/30 cum=987/1494=0.661
1790277761312 [spec-acc] ctx=2927 burst=22/33 cum=1009/1527=0.661
1790277761432 [spec-acc] ctx=2960 burst=24/24 cum=1033/1551=0.666
1790277761599 [spec-acc] ctx=2992 burst=22/33 cum=1055/1584=0.666
1790277761783 [spec-acc] ctx=3025 burst=23/36 cum=1078/1620=0.665
1790277761903 [spec-acc] ctx=3060 burst=24/24 cum=1102/1644=0.670
1790277762040 [spec-acc] ctx=3092 burst=24/27 cum=1126/1671=0.674
1790277762191 [spec-acc] ctx=3125 burst=25/30 cum=1151/1701=0.677
1790277762359 [spec-acc] ctx=3160 burst=21/33 cum=1172/1734=0.676
1790277762543 [spec-acc] ctx=3192 burst=21/36 cum=1193/1770=0.674
1790277762678 [spec-acc] ctx=3225 burst=24/27 cum=1217/1797=0.677
1790277762861 [spec-acc] ctx=3258 burst=23/36 cum=1240/1833=0.676
1790277763028 [spec-acc] ctx=3293 burst=24/33 cum=1264/1866=0.677
1790277763149 [spec-acc] ctx=3328 burst=24/24 cum=1288/1890=0.681
1790277763289 [spec-acc] ctx=3360 burst=24/27 cum=1312/1917=0.684
1790277763464 [spec-acc] ctx=3393 burst=21/33 cum=1333/1950=0.684
1790277763648 [spec-acc] ctx=3425 burst=20/36 cum=1353/1986=0.681
1790277763865 [spec-acc] ctx=3457 burst=20/42 cum=1373/2028=0.677
1790277764033 [spec-acc] ctx=3491 burst=22/30 cum=1395/2058=0.678
1790277764168 [spec-acc] ctx=3523 burst=23/27 cum=1418/2085=0.680
1790277764308 [spec-acc] ctx=3555 burst=25/27 cum=1443/2112=0.683
1790277764448 [spec-acc] ctx=3589 burst=24/27 cum=1467/2139=0.686
1790277764603 [spec-acc] ctx=3622 burst=23/30 cum=1490/2169=0.687
1790277764818 [spec-acc] ctx=3655 burst=21/42 cum=1511/2211=0.683
1790277764971 [spec-acc] ctx=3690 burst=25/30 cum=1536/2241=0.685
1790277765125 [spec-acc] ctx=3725 burst=23/30 cum=1559/2271=0.686
1790277765278 [spec-acc] ctx=3758 burst=25/30 cum=1584/2301=0.688
1790277765418 [spec-acc] ctx=3793 burst=24/27 cum=1608/2328=0.691
1790277765554 [spec-acc] ctx=3826 burst=25/27 cum=1633/2355=0.693
1790277765725 [spec-acc] ctx=3860 burst=21/33 cum=1654/2388=0.693
1790277765863 [spec-acc] ctx=3892 burst=26/27 cum=1680/2415=0.696
1790277766049 [spec-acc] ctx=3927 burst=22/36 cum=1702/2451=0.694
1790277766233 [spec-acc] ctx=3961 burst=22/36 cum=1724/2487=0.693
1790277766388 [spec-acc] ctx=3995 burst=23/30 cum=1747/2517=0.694
1790277766541 [spec-acc] ctx=4028 burst=23/30 cum=1770/2547=0.695
1790277766695 [spec-acc] ctx=4061 burst=23/30 cum=1793/2577=0.696
1790277766834 [spec-acc] ctx=4094 burst=23/27 cum=1816/2604=0.697
1790277766988 [spec-acc] ctx=4126 burst=25/30 cum=1841/2634=0.699
1790277767188 [spec-acc] ctx=4161 burst=22/39 cum=1863/2673=0.697
1790277767373 [spec-acc] ctx=4196 burst=20/36 cum=1883/2709=0.695
1790277767543 [spec-acc] ctx=4228 burst=22/33 cum=1905/2742=0.695
1790277767728 [spec-acc] ctx=4261 burst=20/36 cum=1925/2778=0.693
1790277767944 [spec-acc] ctx=4293 burst=20/42 cum=1945/2820=0.690
1790277768082 [spec-acc] ctx=4327 burst=26/27 cum=1971/2847=0.692
1790277768252 [spec-acc] ctx=4362 burst=22/33 cum=1993/2880=0.692
1790277768375 [spec-acc] ctx=4395 burst=24/24 cum=2017/2904=0.695
1790277768529 [spec-acc] ctx=4427 burst=22/30 cum=2039/2934=0.695
1790277768652 [spec-acc] ctx=4459 burst=24/24 cum=2063/2958=0.697
1790277768791 [spec-acc] ctx=4491 burst=25/27 cum=2088/2985=0.699
1790277768976 [spec-acc] ctx=4525 burst=23/36 cum=2111/3021=0.699
1790277769130 [spec-acc] ctx=4560 burst=24/30 cum=2135/3051=0.700
1790277769285 [spec-acc] ctx=4594 burst=25/30 cum=2160/3081=0.701
1790277769408 [spec-acc] ctx=4629 burst=24/24 cum=2184/3105=0.703
1790277769547 [spec-acc] ctx=4661 burst=25/27 cum=2209/3132=0.705
1790277769701 [spec-acc] ctx=4695 burst=24/30 cum=2233/3162=0.706
1790277769871 [spec-acc] ctx=4729 burst=22/33 cum=2255/3195=0.706
1790277770026 [spec-acc] ctx=4762 burst=25/30 cum=2280/3225=0.707
1790277770180 [spec-acc] ctx=4797 burst=24/30 cum=2304/3255=0.708
1790277770338 [spec-acc] ctx=4831 burst=24/30 cum=2328/3285=0.709
1790277770508 [spec-acc] ctx=4865 burst=23/33 cum=2351/3318=0.709
1790277770647 [spec-acc] ctx=4899 burst=26/27 cum=2377/3345=0.711
1790277770802 [spec-acc] ctx=4934 burst=23/30 cum=2400/3375=0.711
1790277770973 [spec-acc] ctx=4967 burst=22/33 cum=2422/3408=0.711
1790277771128 [spec-acc] ctx=5000 burst=23/30 cum=2445/3438=0.711
1790277771286 [spec-acc] ctx=5033 burst=22/30 cum=2467/3468=0.711
1790277771442 [spec-acc] ctx=5065 burst=25/30 cum=2492/3498=0.712
1790277771628 [spec-acc] ctx=5100 burst=20/36 cum=2512/3534=0.711
1790277771770 [spec-acc] ctx=5132 burst=23/27 cum=2535/3561=0.712
1790277771926 [spec-acc] ctx=5164 burst=23/30 cum=2558/3591=0.712
1790277772097 [spec-acc] ctx=5197 burst=21/33 cum=2579/3624=0.712
1790277772240 [spec-acc] ctx=5229 burst=25/27 cum=2604/3651=0.713
1790277772427 [spec-acc] ctx=5263 burst=21/36 cum=2625/3687=0.712
1790277772568 [spec-acc] ctx=5296 burst=23/27 cum=2648/3714=0.713
1790277772710 [spec-acc] ctx=5328 burst=23/27 cum=2671/3741=0.714
1790277772850 [spec-acc] ctx=5360 burst=23/27 cum=2694/3768=0.715
1790277772975 [spec-acc] ctx=5392 burst=24/24 cum=2718/3792=0.717
1790277773134 [spec-acc] ctx=5424 burst=24/30 cum=2742/3822=0.717
1790277773290 [spec-acc] ctx=5458 burst=23/30 cum=2765/3852=0.718
1790277773511 [spec-acc] ctx=5491 burst=19/42 cum=2784/3894=0.715
1790277773699 [spec-acc] ctx=5524 burst=20/36 cum=2804/3930=0.713
1790277773857 [spec-acc] ctx=5556 burst=25/30 cum=2829/3960=0.714
1790277773997 [spec-acc] ctx=5591 burst=25/27 cum=2854/3987=0.716
1790277774154 [spec-acc] ctx=5625 burst=23/30 cum=2877/4017=0.716
1790277774296 [spec-acc] ctx=5658 burst=23/27 cum=2900/4044=0.717
1790277774437 [spec-acc] ctx=5690 burst=26/27 cum=2926/4071=0.719
1790277774596 [spec-acc] ctx=5725 burst=23/30 cum=2949/4101=0.719
1790277774816 [spec-acc] ctx=5758 burst=20/42 cum=2969/4143=0.717
1790277774958 [spec-acc] ctx=5792 burst=25/27 cum=2994/4170=0.718
1790277775130 [spec-acc] ctx=5826 burst=22/33 cum=3016/4203=0.718
1790277775287 [spec-acc] ctx=5859 burst=24/30 cum=3040/4233=0.718
1790277775477 [spec-acc] ctx=5893 burst=20/36 cum=3060/4269=0.717
1790277775666 [spec-acc] ctx=5925 burst=20/36 cum=3080/4305=0.715
1790277775840 [spec-acc] ctx=5957 burst=21/33 cum=3101/4338=0.715
1790277775981 [spec-acc] ctx=5989 burst=23/27 cum=3124/4365=0.716
1790277776125 [spec-acc] ctx=6021 burst=24/27 cum=3148/4392=0.717
1790277776251 [spec-acc] ctx=6054 burst=24/24 cum=3172/4416=0.718
1790277776409 [spec-acc] ctx=6086 burst=22/30 cum=3194/4446=0.718
1790277776584 [spec-acc] ctx=6118 burst=22/33 cum=3216/4479=0.718
1790277776711 [spec-acc] ctx=6151 burst=24/24 cum=3240/4503=0.720
1790277776869 [spec-acc] ctx=6183 burst=25/30 cum=3265/4533=0.720
1790277777027 [spec-acc] ctx=6218 burst=25/30 cum=3290/4563=0.721
1790277777168 [spec-acc] ctx=6253 burst=24/27 cum=3314/4590=0.722
1790277777327 [spec-acc] ctx=6286 burst=22/30 cum=3336/4620=0.722
1790277777486 [spec-acc] ctx=6318 burst=25/30 cum=3361/4650=0.723
1790277777647 [spec-acc] ctx=6353 burst=24/30 cum=3385/4680=0.723
1790277777789 [spec-acc] ctx=6387 burst=23/27 cum=3408/4707=0.724
1790277777933 [spec-acc] ctx=6419 burst=25/27 cum=3433/4734=0.725
1790277778078 [spec-acc] ctx=6453 burst=24/27 cum=3457/4761=0.726
1790277778236 [spec-acc] ctx=6486 burst=25/30 cum=3482/4791=0.727
1790277778236 [kv-vmm] retire id=chatcmpl-9383ebb2367a8cf2ef1f80c4b8fd96ee planes=20 mapped=188743680 reserved=1254096896 used=108910080 slack_bytes=1187840 booked=1762356808
1790277778240 [meter] admit id=chatcmpl-91e0a876eb27feff1dc170fb9cae0478 tenant=default lane=interactive model="q9"
1790277778245 [kv-vmm] trim id=chatcmpl-9383ebb2367a8cf2ef1f80c4b8fd96ee pool=spec keep_rows=6585 released=41943040
1790277778245 [kv-vmm] ensure-walls n=153 us=2,3,3,2,2,2,2,2,2,2,2,2,7,2,2,2,2,2,3,2,3,2,2,2,2,2,2,2,2,2,2,2,2,2,3,2,2,6,2,2,2,2,2,2,2,2,2,3,3,3,3,2,2,3,2,2,2,3,2,3,2,2,3,2,3,3,2,2,4,2,6,2,2,1,2,2,3,2,2,2,2,3,2,2,2,2,3,2,2,2,2,3,2,2,2,2,2,2,2,2,2,2,2,2,2,2,2,2,2,2,2,2,2,2,3,2,2,2,2,6,4,2,2,3,2,2,2,2,6,2,3,3,2,3,2,2,2,3,2,2,2,2,2,2,4,2,2,3,2,3,3,2,2
1790277778247 [admission] per-session draft-state charge: model="q9" +44MB (measured capture high-water)
1790277778247 [admission] request cost: model="q9" ctx=1833 path=spec = 16704 B/token x ctx + 603MB prefill-workspace + 103MB fixed = 737MB
1790277778247 [admit-predict] id=chatcmpl-91e0a876eb27feff1dc170fb9cae0478 tenant="" model="q9" verdict=admit reason=global-p95 prompt=1673 predicted_completion=96 kv_hat=779881352 booked_bytes=0 booked_real=0 inflight=0 cap=64 budget_bytes=12831671424 retry_after_s=- exempt=0 enforce=0 live_free_bytes=-
1790277778248 [worker] spec-affinity: declined (history diverged at 4 of checkpoint 1408; 2 parked, 1673 prompt tokens; model q9)
1790277778248 [spec-k] model="q9" tenant="" K=3 source=cold-long prompt=1673 cached=0 lcp=4 active=1 wave=1 placement=single-or-non-pp2
1790277778248 [admission] fixed residual high-water: model="q9" 106MB (observed 136MB at ctx 1777 path=spec)
1790277778248 [kv-vmm] admit id=chatcmpl-91e0a876eb27feff1dc170fb9cae0478 owed_before=0 session_mapped=0 session_reserved=0 active=0
1790277778251 [kv-vmm] reap released=167772160 pending=0
1790277778876 [spec-acc] ctx=1673 burst=23/30 cum=23/30=0.767
1790277778876 [prefix-cache] insert (spec-boundary): 1632 tokens, 80.0MB (resident 461.1MB / 2052MB, model q9)
1790277779104 [spec-acc] ctx=1707 burst=18/42 cum=41/72=0.569
1790277779266 [spec-acc] ctx=1739 burst=22/30 cum=63/102=0.618
1790277779270 [meter] admit id=chatcmpl-d20d1ef25f572d7556ecd6e7bfab34cf tenant=default lane=interactive model="q9"
1790277779277 [admission] per-session draft-state charge: model="q9" +44MB (measured capture high-water)
1790277779277 [admission] request cost: model="q9" ctx=1832 path=spec = 16704 B/token x ctx + 603MB prefill-workspace + 106MB fixed = 740MB
1790277779277 [admit-predict] id=chatcmpl-d20d1ef25f572d7556ecd6e7bfab34cf tenant="" model="q9" verdict=admit reason=global-p95 prompt=1672 predicted_completion=96 kv_hat=782561032 booked_bytes=0 booked_real=0 inflight=0 cap=64 budget_bytes=12831671424 retry_after_s=- exempt=0 enforce=0 live_free_bytes=-
1790277779278 [worker] spec-affinity: declined (history diverged at 4 of checkpoint 1408; 2 parked, 1672 prompt tokens; model q9)
1790277779278 [spec-k] model="q9" tenant="" K=3 source=cold-long prompt=1672 cached=0 lcp=6 active=1 wave=1 placement=single-or-non-pp2
1790277779278 [kv-vmm] admit id=chatcmpl-d20d1ef25f572d7556ecd6e7bfab34cf owed_before=0 session_mapped=0 session_reserved=0 active=0
1790277779281 [kv-vmm] reap released=146800640 pending=0
1790277779864 [spec-acc] ctx=1672 burst=24/27 cum=24/27=0.889
1790277779865 [prefix-cache] insert (spec-boundary): 1632 tokens, 80.0MB (resident 541.1MB / 2052MB, model q9)
1790277780065 [spec-acc] ctx=1706 burst=22/39 cum=46/66=0.697
1790277780187 [spec-acc] ctx=1741 burst=20/24 cum=66/90=0.733
1790277780191 [meter] admit id=chatcmpl-3f90fd77f5a1d14b212aa59016a24c6f tenant=default lane=interactive model="q9"
1790277780197 [admission] per-session draft-state charge: model="q9" +44MB (measured capture high-water)
1790277780197 [admission] request cost: model="q9" ctx=1831 path=spec = 16704 B/token x ctx + 602MB prefill-workspace + 106MB fixed = 739MB
1790277780197 [admit-predict] id=chatcmpl-3f90fd77f5a1d14b212aa59016a24c6f tenant="" model="q9" verdict=admit reason=global-p95 prompt=1671 predicted_completion=96 kv_hat=782183880 booked_bytes=0 booked_real=0 inflight=0 cap=64 budget_bytes=12831671424 retry_after_s=- exempt=0 enforce=0 live_free_bytes=-
1790277780198 [worker] spec-affinity: declined (history diverged at 6 of checkpoint 1632; 2 parked, 1671 prompt tokens; model q9)
1790277780199 [spec-k] model="q9" tenant="" K=3 source=cold-long prompt=1671 cached=0 lcp=6 active=1 wave=1 placement=single-or-non-pp2
1790277780199 [kv-vmm] admit id=chatcmpl-3f90fd77f5a1d14b212aa59016a24c6f owed_before=0 session_mapped=0 session_reserved=0 active=0
1790277780201 [kv-vmm] reap released=146800640 pending=0
1790277780794 [spec-acc] ctx=1671 burst=23/30 cum=23/30=0.767
1790277780794 [prefix-cache] insert (spec-boundary): 1632 tokens, 80.0MB (resident 621.0MB / 2052MB, model q9)
1790277781012 [spec-acc] ctx=1705 burst=21/39 cum=44/69=0.638
1790277781157 [spec-acc] ctx=1739 burst=19/27 cum=63/96=0.656
1790277781161 [meter] admit id=chatcmpl-21fb2edced293604a5b94d6dcf8389bd tenant=default lane=interactive model="q9"
1790277781168 [admit-predict] id=chatcmpl-21fb2edced293604a5b94d6dcf8389bd tenant="" model="q9" verdict=admit reason=global-p95 prompt=1671 predicted_completion=96 kv_hat=782183880 booked_bytes=0 booked_real=0 inflight=0 cap=64 budget_bytes=12831671424 retry_after_s=- exempt=0 enforce=0 live_free_bytes=-
1790277781169 [worker] spec-affinity: declined (history diverged at 6 of checkpoint 1632; 2 parked, 1671 prompt tokens; model q9)
1790277781169 [spec-k] model="q9" tenant="" K=3 source=cold-long prompt=1671 cached=0 lcp=6 active=1 wave=1 placement=single-or-non-pp2
1790277781169 [kv-vmm] admit id=chatcmpl-21fb2edced293604a5b94d6dcf8389bd owed_before=0 session_mapped=0 session_reserved=0 active=0
1790277781761 [spec-acc] ctx=1671 burst=23/27 cum=23/27=0.852
1790277781761 [prefix-cache] insert (spec-boundary): 1632 tokens, 80.0MB (resident 701.0MB / 2052MB, model q9)
1790277781940 [spec-acc] ctx=1704 burst=22/33 cum=45/60=0.750
1790277782069 [spec-acc] ctx=1737 burst=22/24 cum=67/84=0.798
1790277782073 [meter] admit id=chatcmpl-1d4ed388121b8b5526f87857d28fa1d3 tenant=default lane=interactive model="q9"
1790277782080 [admission] per-session draft-state charge: model="q9" +44MB (measured capture high-water)
1790277782080 [admission] request cost: model="q9" ctx=1828 path=spec = 16704 B/token x ctx + 601MB prefill-workspace + 106MB fixed = 738MB
1790277782080 [admit-predict] id=chatcmpl-1d4ed388121b8b5526f87857d28fa1d3 tenant="" model="q9" verdict=admit reason=global-p95 prompt=1668 predicted_completion=96 kv_hat=781052424 booked_bytes=0 booked_real=0 inflight=0 cap=64 budget_bytes=12831671424 retry_after_s=- exempt=0 enforce=0 live_free_bytes=-
1790277782081 [worker] spec-affinity: declined (history diverged at 6 of checkpoint 1632; 2 parked, 1668 prompt tokens; model q9)
1790277782081 [spec-k] model="q9" tenant="" K=3 source=cold-long prompt=1668 cached=0 lcp=6 active=1 wave=1 placement=single-or-non-pp2
1790277782081 [kv-vmm] admit id=chatcmpl-1d4ed388121b8b5526f87857d28fa1d3 owed_before=0 session_mapped=0 session_reserved=0 active=0
1790277782663 [spec-acc] ctx=1668 burst=22/27 cum=22/27=0.815
1790277782663 [prefix-cache] insert (spec-boundary): 1632 tokens, 80.0MB (resident 781.0MB / 2052MB, model q9)
1790277782898 [spec-acc] ctx=1700 burst=19/45 cum=41/72=0.569
1790277783037 [spec-acc] ctx=1734 burst=22/27 cum=63/99=0.636
1790277784039 [meter] admit id=chatcmpl-0819edb41f9757a9a956fcf9a36d5226 tenant=default lane=interactive model="q9"
1790277784043 [admission] per-session draft-state charge: model="q9" +44MB (measured capture high-water)
1790277784043 [admission] request cost: model="q9" ctx=65600 path=spec = 16704 B/token x ctx + 1116MB prefill-workspace + 106MB fixed = 2318MB
1790277784043 [admit-predict] id=chatcmpl-0819edb41f9757a9a956fcf9a36d5226 tenant="" model="q9" verdict=admit reason=global-p95 prompt=3096 predicted_completion=5048 kv_hat=1402343688 booked_bytes=0 booked_real=0 inflight=0 cap=64 budget_bytes=12831671424 retry_after_s=- exempt=0 enforce=0 live_free_bytes=-
1790277784046 [worker] spec-affinity: declined (history diverged at 4 of checkpoint 1632; 2 parked, 3096 prompt tokens; model q9)
1790277784046 [spec-k] model="q9" tenant="" K=3 source=cold-long prompt=3096 cached=0 lcp=5 active=1 wave=1 placement=single-or-non-pp2
1790277784047 [kv-vmm] admit id=chatcmpl-0819edb41f9757a9a956fcf9a36d5226 owed_before=0 session_mapped=125829120 session_reserved=1254096896 active=0
1790277784909 [spec-acc] ctx=3096 burst=21/30 cum=21/30=0.700
1790277784909 [prefix-cache] insert (spec-boundary): 3072 tokens, 104.0MB (resident 885.0MB / 2052MB, model q9)
1790277785135 [spec-acc] ctx=3128 burst=21/42 cum=42/72=0.583
1790277785278 [spec-acc] ctx=3163 burst=23/27 cum=65/99=0.657
1790277785482 [spec-acc] ctx=3195 burst=19/39 cum=84/138=0.609
1790277785670 [spec-acc] ctx=3227 burst=20/36 cum=104/174=0.598
1790277785840 [spec-acc] ctx=3259 burst=21/33 cum=125/207=0.604
1790277786040 [spec-acc] ctx=3291 burst=21/39 cum=146/246=0.593
1790277786208 [spec-acc] ctx=3325 burst=21/33 cum=167/279=0.599
1790277786404 [spec-acc] ctx=3357 burst=19/39 cum=186/318=0.585
1790277786585 [spec-acc] ctx=3389 burst=20/36 cum=206/354=0.582
1790277786754 [spec-acc] ctx=3421 burst=22/33 cum=228/387=0.589
1790277786909 [spec-acc] ctx=3454 burst=23/30 cum=251/417=0.602
1790277787091 [spec-acc] ctx=3487 burst=21/36 cum=272/453=0.600
1790277787276 [spec-acc] ctx=3520 burst=22/36 cum=294/489=0.601
1790277787459 [spec-acc] ctx=3554 burst=22/36 cum=316/525=0.602
1790277787611 [spec-acc] ctx=3588 burst=22/30 cum=338/555=0.609
1790277787810 [spec-acc] ctx=3620 burst=21/39 cum=359/594=0.604
1790277787994 [spec-acc] ctx=3654 burst=20/36 cum=379/630=0.602
1790277788133 [spec-acc] ctx=3686 burst=23/27 cum=402/657=0.612
1790277788332 [spec-acc] ctx=3718 burst=19/39 cum=421/696=0.605
1790277788485 [spec-acc] ctx=3750 burst=23/30 cum=444/726=0.612
1790277788637 [spec-acc] ctx=3783 burst=24/30 cum=468/756=0.619
1790277788804 [spec-acc] ctx=3817 burst=23/33 cum=491/789=0.622
1790277788988 [spec-acc] ctx=3851 burst=23/36 cum=514/825=0.623
1790277789158 [spec-acc] ctx=3886 burst=21/33 cum=535/858=0.624
1790277789327 [spec-acc] ctx=3918 burst=21/33 cum=556/891=0.624
1790277789494 [spec-acc] ctx=3950 burst=24/33 cum=580/924=0.628
1790277789694 [spec-acc] ctx=3985 burst=20/39 cum=600/963=0.623
1790277789834 [spec-acc] ctx=4018 burst=23/27 cum=623/990=0.629
1790277789989 [spec-acc] ctx=4050 burst=25/30 cum=648/1020=0.635
1790277790174 [spec-acc] ctx=4085 burst=20/36 cum=668/1056=0.633
1790277790313 [spec-acc] ctx=4117 burst=23/27 cum=691/1083=0.638
1790277790559 [spec-acc] ctx=4149 burst=17/48 cum=708/1131=0.626
1790277790697 [spec-acc] ctx=4182 burst=25/27 cum=733/1158=0.633
1790277790898 [spec-acc] ctx=4216 burst=20/39 cum=753/1197=0.629
1790277791038 [spec-acc] ctx=4249 burst=25/27 cum=778/1224=0.636
1790277791208 [spec-acc] ctx=4283 burst=23/33 cum=801/1257=0.637
1790277791331 [spec-acc] ctx=4317 burst=24/24 cum=825/1281=0.644
1790277791484 [spec-acc] ctx=4349 burst=23/30 cum=848/1311=0.647
1790277791623 [spec-acc] ctx=4382 burst=23/27 cum=871/1338=0.651
1790277791793 [spec-acc] ctx=4414 burst=21/33 cum=892/1371=0.651
1790277791932 [spec-acc] ctx=4446 burst=23/27 cum=915/1398=0.655
1790277792086 [spec-acc] ctx=4478 burst=25/30 cum=940/1428=0.658
1790277792241 [spec-acc] ctx=4513 burst=23/30 cum=963/1458=0.660
1790277792379 [spec-acc] ctx=4546 burst=24/27 cum=987/1485=0.665
1790277792549 [spec-acc] ctx=4579 burst=22/33 cum=1009/1518=0.665
1790277792687 [spec-acc] ctx=4612 burst=24/27 cum=1033/1545=0.669
1790277792889 [spec-acc] ctx=4645 burst=19/39 cum=1052/1584=0.664
1790277793028 [spec-acc] ctx=4677 burst=25/27 cum=1077/1611=0.669
1790277793152 [spec-acc] ctx=4711 burst=24/24 cum=1101/1635=0.673
1790277793324 [spec-acc] ctx=4743 burst=22/33 cum=1123/1668=0.673
1790277793495 [spec-acc] ctx=4776 burst=22/33 cum=1145/1701=0.673
1790277793649 [spec-acc] ctx=4809 burst=22/30 cum=1167/1731=0.674
1790277793772 [spec-acc] ctx=4841 burst=24/24 cum=1191/1755=0.679
1790277793912 [spec-acc] ctx=4873 burst=26/27 cum=1217/1782=0.683
1790277794052 [spec-acc] ctx=4908 burst=25/27 cum=1242/1809=0.687
1790277794208 [spec-acc] ctx=4942 burst=24/30 cum=1266/1839=0.688
1790277794380 [spec-acc] ctx=4976 burst=21/33 cum=1287/1872=0.688
1790277794503 [spec-acc] ctx=5008 burst=24/24 cum=1311/1896=0.691
1790277794659 [spec-acc] ctx=5040 burst=24/30 cum=1335/1926=0.693
1790277794830 [spec-acc] ctx=5074 burst=21/33 cum=1356/1959=0.692
1790277795002 [spec-acc] ctx=5106 burst=21/33 cum=1377/1992=0.691
1790277795176 [spec-acc] ctx=5138 burst=22/33 cum=1399/2025=0.691
1790277795300 [spec-acc] ctx=5171 burst=24/24 cum=1423/2049=0.694
1790277795442 [spec-acc] ctx=5203 burst=24/27 cum=1447/2076=0.697
1790277795567 [spec-acc] ctx=5236 burst=24/24 cum=1471/2100=0.700
1790277795738 [spec-acc] ctx=5268 burst=21/33 cum=1492/2133=0.699
1790277795910 [spec-acc] ctx=5300 burst=23/33 cum=1515/2166=0.699
1790277796099 [spec-acc] ctx=5334 burst=23/36 cum=1538/2202=0.698
1790277796224 [spec-acc] ctx=5369 burst=24/24 cum=1562/2226=0.702
1790277796367 [spec-acc] ctx=5401 burst=25/27 cum=1587/2253=0.704
1790277796507 [spec-acc] ctx=5435 burst=25/27 cum=1612/2280=0.707
1790277796679 [spec-acc] ctx=5469 burst=21/33 cum=1633/2313=0.706
1790277796852 [spec-acc] ctx=5501 burst=21/33 cum=1654/2346=0.705
1790277797057 [spec-acc] ctx=5533 burst=22/39 cum=1676/2385=0.703
1790277797184 [spec-acc] ctx=5568 burst=24/24 cum=1700/2409=0.706
1790277797342 [spec-acc] ctx=5600 burst=24/30 cum=1724/2439=0.707
1790277797503 [spec-acc] ctx=5634 burst=24/30 cum=1748/2469=0.708
1790277797645 [spec-acc] ctx=5668 burst=23/27 cum=1771/2496=0.710
1790277797837 [spec-acc] ctx=5700 burst=20/36 cum=1791/2532=0.707
1790277797978 [spec-acc] ctx=5732 burst=24/27 cum=1815/2559=0.709
1790277798126 [spec-acc] ctx=5765 burst=24/27 cum=1839/2586=0.711
1790277798304 [spec-acc] ctx=5798 burst=21/33 cum=1860/2619=0.710
1790277798497 [spec-acc] ctx=5830 burst=22/36 cum=1882/2655=0.709
1790277798672 [spec-acc] ctx=5864 burst=21/33 cum=1903/2688=0.708
1790277798907 [spec-acc] ctx=5896 burst=20/45 cum=1923/2733=0.704
1790277799036 [spec-acc] ctx=5931 burst=24/24 cum=1947/2757=0.706
1790277799179 [spec-acc] ctx=5963 burst=25/27 cum=1972/2784=0.708
1790277799326 [spec-acc] ctx=5997 burst=24/27 cum=1996/2811=0.710
1790277799498 [spec-acc] ctx=6030 burst=21/33 cum=2017/2844=0.709
1790277799625 [spec-acc] ctx=6062 burst=24/24 cum=2041/2868=0.712
1790277799767 [spec-acc] ctx=6094 burst=25/27 cum=2066/2895=0.714
1790277799767 [kv-vmm] retire id=chatcmpl-0819edb41f9757a9a956fcf9a36d5226 planes=20 mapped=188743680 reserved=1254096896 used=102345408 slack_bytes=1187840 booked=2361955080
1790277799769 [meter] admit id=chatcmpl-f61901bb4743e42d3a01cda1dbdf4926 tenant=default lane=interactive model="q9"
1790277799776 [kv-vmm] trim id=chatcmpl-0819edb41f9757a9a956fcf9a36d5226 pool=spec keep_rows=6192 released=41943040
1790277799776 [kv-vmm] ensure-walls n=92 us=2,2,2,2,2,2,2,2,2,3,2,2,2,2,2,3,2,2,2,2,2,7,2,2,2,2,2,2,2,2,2,2,3,3,2,2,3,2,3,4,2,2,2,1,2,2,2,1,3,2,3,2,2,3,2,3,2,2,2,1,2,2,2,2,2,2,2,2,2,6,2,2,2,2,2,2,3,2,2,6,2,2,3,3,2,2,3,2,2,3,2,2
1790277799780 [admit-predict] id=chatcmpl-f61901bb4743e42d3a01cda1dbdf4926 tenant="" model="q9" verdict=admit reason=global-p95 prompt=3096 predicted_completion=5048 kv_hat=1402343688 booked_bytes=0 booked_real=0 inflight=0 cap=64 budget_bytes=12831671424 retry_after_s=- exempt=0 enforce=0 live_free_bytes=-
1790277799782 [worker] spec-affinity: declined (history diverged at 4 of checkpoint 1632; 2 parked, 3096 prompt tokens; model q9)
1790277799783 [spec-k] model="q9" tenant="" K=3 source=cold-long prompt=3096 cached=0 lcp=6 active=1 wave=1 placement=single-or-non-pp2
1790277799784 [kv-vmm] admit id=chatcmpl-f61901bb4743e42d3a01cda1dbdf4926 owed_before=0 session_mapped=125829120 session_reserved=1254096896 active=0
1790277799785 [kv-vmm] reap released=41943040 pending=0
1790277800727 [spec-acc] ctx=3096 burst=21/30 cum=21/30=0.700
1790277800727 [prefix-cache] insert (spec-boundary): 3072 tokens, 104.0MB (resident 989.0MB / 2052MB, model q9)
1790277800947 [spec-acc] ctx=3128 burst=21/39 cum=42/69=0.609
1790277801112 [spec-acc] ctx=3162 burst=25/30 cum=67/99=0.677
1790277801344 [spec-acc] ctx=3197 burst=19/42 cum=86/141=0.610
1790277801577 [spec-acc] ctx=3230 burst=21/42 cum=107/183=0.585
1790277801775 [spec-acc] ctx=3265 burst=20/36 cum=127/219=0.580
1790277801949 [spec-acc] ctx=3297 burst=22/33 cum=149/252=0.591
1790277802169 [spec-acc] ctx=3330 burst=19/42 cum=168/294=0.571
1790277802357 [spec-acc] ctx=3363 burst=21/36 cum=189/330=0.573
1790277802588 [spec-acc] ctx=3396 burst=18/45 cum=207/375=0.552
1790277802789 [spec-acc] ctx=3429 burst=20/39 cum=227/414=0.548
1790277802943 [spec-acc] ctx=3462 burst=24/30 cum=251/444=0.565
1790277803144 [spec-acc] ctx=3496 burst=19/39 cum=270/483=0.559
1790277803374 [spec-acc] ctx=3528 burst=20/45 cum=290/528=0.549
1790277803544 [spec-acc] ctx=3563 burst=22/33 cum=312/561=0.556
1790277803697 [spec-acc] ctx=3596 burst=25/30 cum=337/591=0.570
1790277803897 [spec-acc] ctx=3631 burst=20/39 cum=357/630=0.567
1790277804035 [spec-acc] ctx=3664 burst=23/27 cum=380/657=0.578
1790277804206 [spec-acc] ctx=3696 burst=21/33 cum=401/690=0.581
1790277804360 [spec-acc] ctx=3728 burst=23/30 cum=424/720=0.589
1790277804514 [spec-acc] ctx=3761 burst=23/30 cum=447/750=0.596
1790277804652 [spec-acc] ctx=3794 burst=26/27 cum=473/777=0.609
1790277804837 [spec-acc] ctx=3829 burst=21/36 cum=494/813=0.608
1790277804991 [spec-acc] ctx=3862 burst=24/30 cum=518/843=0.614
1790277805191 [spec-acc] ctx=3896 burst=19/39 cum=537/882=0.609
1790277805377 [spec-acc] ctx=3928 burst=22/36 cum=559/918=0.609
1790277805547 [spec-acc] ctx=3962 burst=22/33 cum=581/951=0.611
1790277805717 [spec-acc] ctx=3995 burst=24/33 cum=605/984=0.615
1790277805887 [spec-acc] ctx=4030 burst=24/33 cum=629/1017=0.618
1790277806089 [spec-acc] ctx=4065 burst=22/39 cum=651/1056=0.616
1790277806230 [spec-acc] ctx=4100 burst=24/27 cum=675/1083=0.623
1790277806384 [spec-acc] ctx=4133 burst=23/30 cum=698/1113=0.627
1790277806571 [spec-acc] ctx=4166 burst=20/36 cum=718/1149=0.625
1790277806741 [spec-acc] ctx=4198 burst=24/33 cum=742/1182=0.628
1790277806881 [spec-acc] ctx=4233 burst=24/27 cum=766/1209=0.634
1790277807098 [spec-acc] ctx=4266 burst=20/42 cum=786/1251=0.628
1790277807255 [spec-acc] ctx=4300 burst=22/30 cum=808/1281=0.631
1790277807410 [spec-acc] ctx=4332 burst=23/30 cum=831/1311=0.634
1790277807566 [spec-acc] ctx=4365 burst=22/30 cum=853/1341=0.636
1790277807721 [spec-acc] ctx=4397 burst=23/30 cum=876/1371=0.639
1790277807895 [spec-acc] ctx=4430 burst=21/33 cum=897/1404=0.639
1790277808035 [spec-acc] ctx=4462 burst=23/27 cum=920/1431=0.643
1790277808237 [spec-acc] ctx=4494 burst=21/39 cum=941/1470=0.640
1790277808363 [spec-acc] ctx=4528 burst=24/24 cum=965/1494=0.646
1790277808566 [spec-acc] ctx=4560 burst=22/39 cum=987/1533=0.644
1790277808690 [spec-acc] ctx=4595 burst=24/24 cum=1011/1557=0.649
1790277808879 [spec-acc] ctx=4627 burst=22/36 cum=1033/1593=0.648
1790277809037 [spec-acc] ctx=4661 burst=23/30 cum=1056/1623=0.651
1790277809177 [spec-acc] ctx=4694 burst=24/27 cum=1080/1650=0.655
1790277809316 [spec-acc] ctx=4727 burst=23/27 cum=1103/1677=0.658
1790277809522 [spec-acc] ctx=4759 burst=19/39 cum=1122/1716=0.654
1790277809680 [spec-acc] ctx=4791 burst=23/30 cum=1145/1746=0.656
1790277809820 [spec-acc] ctx=4824 burst=25/27 cum=1170/1773=0.660
1790277809961 [spec-acc] ctx=4858 burst=26/27 cum=1196/1800=0.664
1790277810167 [spec-acc] ctx=4893 burst=19/39 cum=1215/1839=0.661
1790277810308 [spec-acc] ctx=4925 burst=23/27 cum=1238/1866=0.663
1790277810529 [spec-acc] ctx=4957 burst=18/42 cum=1256/1908=0.658
1790277810686 [spec-acc] ctx=4989 burst=25/30 cum=1281/1938=0.661
1790277810861 [spec-acc] ctx=5024 burst=23/33 cum=1304/1971=0.662
1790277811018 [spec-acc] ctx=5058 burst=23/30 cum=1327/2001=0.663
1790277811193 [spec-acc] ctx=5091 burst=21/33 cum=1348/2034=0.663
1790277811319 [spec-acc] ctx=5123 burst=24/24 cum=1372/2058=0.667
1790277811495 [spec-acc] ctx=5155 burst=24/33 cum=1396/2091=0.668
1790277811637 [spec-acc] ctx=5190 burst=23/27 cum=1419/2118=0.670
1790277811810 [spec-acc] ctx=5222 burst=22/33 cum=1441/2151=0.670
1790277811954 [spec-acc] ctx=5255 burst=23/27 cum=1464/2178=0.672
1790277812079 [spec-acc] ctx=5287 burst=24/24 cum=1488/2202=0.676
1790277812221 [spec-acc] ctx=5319 burst=24/27 cum=1512/2229=0.678
1790277812397 [spec-acc] ctx=5352 burst=21/33 cum=1533/2262=0.678
1790277812572 [spec-acc] ctx=5384 burst=23/33 cum=1556/2295=0.678
1790277812713 [spec-acc] ctx=5418 burst=24/27 cum=1580/2322=0.680
1790277812887 [spec-acc] ctx=5451 burst=21/33 cum=1601/2355=0.680
1790277813061 [spec-acc] ctx=5483 burst=21/33 cum=1622/2388=0.679
1790277813203 [spec-acc] ctx=5515 burst=24/27 cum=1646/2415=0.682
1790277813377 [spec-acc] ctx=5548 burst=24/33 cum=1670/2448=0.682
1790277813583 [spec-acc] ctx=5583 burst=19/39 cum=1689/2487=0.679
1790277813725 [spec-acc] ctx=5615 burst=24/27 cum=1713/2514=0.681
1790277813902 [spec-acc] ctx=5648 burst=24/33 cum=1737/2547=0.682
1790277814061 [spec-acc] ctx=5683 burst=23/30 cum=1760/2577=0.683
1790277814204 [spec-acc] ctx=5716 burst=25/27 cum=1785/2604=0.685
1790277814346 [spec-acc] ctx=5750 burst=24/27 cum=1809/2631=0.688
1790277814505 [spec-acc] ctx=5783 burst=22/30 cum=1831/2661=0.688
1790277814711 [spec-acc] ctx=5815 burst=21/39 cum=1852/2700=0.686
1790277814855 [spec-acc] ctx=5849 burst=26/27 cum=1878/2727=0.689
1790277815020 [spec-acc] ctx=5884 burst=25/30 cum=1903/2757=0.690
1790277815178 [spec-acc] ctx=5919 burst=25/27 cum=1928/2784=0.693
1790277815350 [spec-acc] ctx=5953 burst=22/30 cum=1950/2814=0.693
1790277815485 [spec-acc] ctx=5985 burst=24/24 cum=1974/2838=0.696
1790277815654 [spec-acc] ctx=6017 burst=23/30 cum=1997/2868=0.696
1790277815837 [spec-acc] ctx=6050 burst=22/33 cum=2019/2901=0.696
1790277815970 [spec-acc] ctx=6083 burst=24/24 cum=2043/2925=0.698
1790277816152 [spec-acc] ctx=6115 burst=22/33 cum=2065/2958=0.698
1790277816301 [spec-acc] ctx=6148 burst=23/27 cum=2088/2985=0.699
1790277816484 [spec-acc] ctx=6180 burst=21/33 cum=2109/3018=0.699
1790277816733 [spec-acc] ctx=6212 burst=19/45 cum=2128/3063=0.695
1790277816901 [spec-acc] ctx=6246 burst=23/30 cum=2151/3093=0.695
1790277817033 [spec-acc] ctx=6279 burst=24/24 cum=2175/3117=0.698
1790277817216 [spec-acc] ctx=6311 burst=22/33 cum=2197/3150=0.697
1790277817382 [spec-acc] ctx=6344 burst=22/30 cum=2219/3180=0.698
1790277817649 [spec-acc] ctx=6376 burst=17/48 cum=2236/3228=0.693
1790277817832 [spec-acc] ctx=6409 burst=22/33 cum=2258/3261=0.692
1790277818015 [spec-acc] ctx=6442 burst=24/33 cum=2282/3294=0.693
1790277818182 [spec-acc] ctx=6477 burst=22/30 cum=2304/3324=0.693
1790277818315 [spec-acc] ctx=6509 burst=24/24 cum=2328/3348=0.695
1790277818498 [spec-acc] ctx=6541 burst=22/33 cum=2350/3381=0.695
1790277818632 [spec-acc] ctx=6574 burst=24/24 cum=2374/3405=0.697
1790277818782 [spec-acc] ctx=6606 burst=24/27 cum=2398/3432=0.699
1790277818949 [spec-acc] ctx=6639 burst=25/30 cum=2423/3462=0.700
1790277819116 [spec-acc] ctx=6674 burst=22/30 cum=2445/3492=0.700
1790277819249 [spec-acc] ctx=6706 burst=24/24 cum=2469/3516=0.702
1790277819417 [spec-acc] ctx=6738 burst=23/30 cum=2492/3546=0.703
1790277819550 [spec-acc] ctx=6771 burst=24/24 cum=2516/3570=0.705
1790277819700 [spec-acc] ctx=6803 burst=23/27 cum=2539/3597=0.706
1790277819850 [spec-acc] ctx=6835 burst=24/27 cum=2563/3624=0.707
1790277819984 [spec-acc] ctx=6868 burst=24/24 cum=2587/3648=0.709
1790277819984 [kv-vmm] retire id=chatcmpl-f61901bb4743e42d3a01cda1dbdf4926 planes=20 mapped=188743680 reserved=1254096896 used=115240896 slack_bytes=1187840 booked=2361955080
1790277819986 [meter] admit id=chatcmpl-b986e8008e10973346eae812042d7415 tenant=default lane=interactive model="q9"
1790277819994 [kv-vmm] trim id=chatcmpl-f61901bb4743e42d3a01cda1dbdf4926 pool=spec keep_rows=6964 released=41943040
1790277819994 [kv-vmm] ensure-walls n=115 us=2,3,2,2,2,2,3,2,2,2,4,2,3,2,2,3,4,2,3,2,6,2,2,2,2,2,4,2,2,2,2,3,3,2,2,2,2,2,2,2,2,3,2,5,4,2,2,3,3,2,2,2,3,2,2,2,2,2,2,3,2,2,2,2,2,2,2,2,1,8,3,2,2,2,2,2,2,2,7,2,2,2,2,1,3,2,3,2,2,2,2,2,2,2,2,2,3,2,3,2,3,2,2,3,2,2,3,3,2,3,3,2,2,2,4
1790277819997 [admission] per-session draft-state charge: model="q9" +44MB (measured capture high-water)
1790277819997 [admission] request cost: model="q9" ctx=65600 path=spec = 16704 B/token x ctx + 1116MB prefill-workspace + 106MB fixed = 2318MB
1790277819997 [admit-predict] id=chatcmpl-b986e8008e10973346eae812042d7415 tenant="" model="q9" verdict=admit reason=global-p95 prompt=3097 predicted_completion=5048 kv_hat=1402720840 booked_bytes=0 booked_real=0 inflight=0 cap=64 budget_bytes=12831671424 retry_after_s=- exempt=0 enforce=0 live_free_bytes=-
1790277820000 [worker] spec-affinity: declined (history diverged at 6 of checkpoint 3072; 2 parked, 3097 prompt tokens; model q9)
1790277820001 [spec-k] model="q9" tenant="" K=3 source=cold-long prompt=3097 cached=0 lcp=6 active=1 wave=1 placement=single-or-non-pp2
1790277820001 [kv-vmm] admit id=chatcmpl-b986e8008e10973346eae812042d7415 owed_before=0 session_mapped=83886080 session_reserved=1254096896 active=0
1790277820002 [kv-vmm] reap released=41943040 pending=0
1790277820976 [spec-acc] ctx=3097 burst=20/33 cum=20/33=0.606
1790277820976 [prefix-cache] insert (spec-boundary): 3072 tokens, 104.0MB (resident 1093.0MB / 2052MB, model q9)
1790277821165 [spec-acc] ctx=3129 burst=21/33 cum=41/66=0.621
1790277821336 [spec-acc] ctx=3161 burst=25/30 cum=66/96=0.688
1790277821517 [spec-acc] ctx=3196 burst=21/33 cum=87/129=0.674
1790277821682 [spec-acc] ctx=3228 burst=23/30 cum=110/159=0.692
1790277821864 [spec-acc] ctx=3261 burst=23/33 cum=133/192=0.693
1790277822122 [spec-acc] ctx=3295 burst=18/48 cum=151/240=0.629
1790277822297 [spec-acc] ctx=3329 burst=21/33 cum=172/273=0.630
1790277822516 [spec-acc] ctx=3361 burst=19/42 cum=191/315=0.606
1790277822672 [spec-acc] ctx=3394 burst=22/30 cum=213/345=0.617
1790277822874 [spec-acc] ctx=3426 burst=22/39 cum=235/384=0.612
1790277823044 [spec-acc] ctx=3461 burst=21/33 cum=256/417=0.614
1790277823198 [spec-acc] ctx=3493 burst=22/30 cum=278/447=0.622
1790277823368 [spec-acc] ctx=3525 burst=22/33 cum=300/480=0.625
1790277823541 [spec-acc] ctx=3558 burst=23/33 cum=323/513=0.630
1790277823712 [spec-acc] ctx=3592 burst=21/33 cum=344/546=0.630
1790277823898 [spec-acc] ctx=3624 burst=22/36 cum=366/582=0.629
1790277824068 [spec-acc] ctx=3658 burst=21/33 cum=387/615=0.629
1790277824223 [spec-acc] ctx=3690 burst=23/30 cum=410/645=0.636
1790277824411 [spec-acc] ctx=3723 burst=22/36 cum=432/681=0.634
1790277824552 [spec-acc] ctx=3757 burst=23/27 cum=455/708=0.643
1790277824753 [spec-acc] ctx=3789 burst=22/39 cum=477/747=0.639
1790277824955 [spec-acc] ctx=3824 burst=22/39 cum=499/786=0.635
1790277825159 [spec-acc] ctx=3859 burst=21/39 cum=520/825=0.630
1790277825314 [spec-acc] ctx=3893 burst=22/30 cum=542/855=0.634
1790277825470 [spec-acc] ctx=3925 burst=24/30 cum=566/885=0.640
1790277825610 [spec-acc] ctx=3959 burst=24/27 cum=590/912=0.647
1790277825783 [spec-acc] ctx=3992 burst=22/33 cum=612/945=0.648
1790277826033 [spec-acc] ctx=4025 burst=18/48 cum=630/993=0.634
1790277826191 [spec-acc] ctx=4059 burst=22/30 cum=652/1023=0.637
1790277826379 [spec-acc] ctx=4091 burst=20/36 cum=672/1059=0.635
1790277826520 [spec-acc] ctx=4123 burst=23/27 cum=695/1086=0.640
1790277826709 [spec-acc] ctx=4155 burst=22/36 cum=717/1122=0.639
1790277826853 [spec-acc] ctx=4189 burst=26/27 cum=743/1149=0.647
1790277827009 [spec-acc] ctx=4224 burst=22/30 cum=765/1179=0.649
1790277827165 [spec-acc] ctx=4256 burst=24/30 cum=789/1209=0.653
1790277827338 [spec-acc] ctx=4290 burst=22/33 cum=811/1242=0.653
1790277827512 [spec-acc] ctx=4323 burst=24/33 cum=835/1275=0.655
1790277827655 [spec-acc] ctx=4358 burst=25/27 cum=860/1302=0.661
1790277827828 [spec-acc] ctx=4392 burst=23/33 cum=883/1335=0.661
1790277828034 [spec-acc] ctx=4426 burst=19/39 cum=902/1374=0.656
1790277828190 [spec-acc] ctx=4458 burst=22/30 cum=924/1404=0.658
1790277828349 [spec-acc] ctx=4490 burst=24/30 cum=948/1434=0.661
1790277828491 [spec-acc] ctx=4524 burst=24/27 cum=972/1461=0.665
1790277828634 [spec-acc] ctx=4557 burst=23/27 cum=995/1488=0.669
1790277828822 [spec-acc] ctx=4589 burst=22/36 cum=1017/1524=0.667
1790277829013 [spec-acc] ctx=4623 burst=23/36 cum=1040/1560=0.667
1790277829157 [spec-acc] ctx=4658 burst=24/27 cum=1064/1587=0.670
1790277829314 [spec-acc] ctx=4691 burst=25/30 cum=1089/1617=0.673
1790277829457 [spec-acc] ctx=4726 burst=23/27 cum=1112/1644=0.676
1790277829614 [spec-acc] ctx=4758 burst=25/30 cum=1137/1674=0.679
1790277829773 [spec-acc] ctx=4793 burst=25/30 cum=1162/1704=0.682
1790277829931 [spec-acc] ctx=4828 burst=23/30 cum=1185/1734=0.683
1790277830089 [spec-acc] ctx=4861 burst=23/30 cum=1208/1764=0.685
1790277830295 [spec-acc] ctx=4894 burst=22/39 cum=1230/1803=0.682
1790277830501 [spec-acc] ctx=4929 burst=21/39 cum=1251/1842=0.679
1790277830628 [spec-acc] ctx=4963 burst=24/24 cum=1275/1866=0.683
1790277830770 [spec-acc] ctx=4995 burst=26/27 cum=1301/1893=0.687
1790277830913 [spec-acc] ctx=5030 burst=24/27 cum=1325/1920=0.690
1790277831040 [spec-acc] ctx=5063 burst=24/24 cum=1349/1944=0.694
1790277831217 [spec-acc] ctx=5095 burst=21/33 cum=1370/1977=0.693
1790277831361 [spec-acc] ctx=5127 burst=23/27 cum=1393/2004=0.695
1790277831538 [spec-acc] ctx=5159 burst=23/33 cum=1416/2037=0.695
1790277831729 [spec-acc] ctx=5193 burst=20/36 cum=1436/2073=0.693
1790277831875 [spec-acc] ctx=5225 burst=24/27 cum=1460/2100=0.695
1790277832034 [spec-acc] ctx=5258 burst=23/30 cum=1483/2130=0.696
1790277832161 [spec-acc] ctx=5291 burst=24/24 cum=1507/2154=0.700
1790277832339 [spec-acc] ctx=5323 burst=24/33 cum=1531/2187=0.700
1790277832498 [spec-acc] ctx=5358 burst=22/30 cum=1553/2217=0.700
1790277832643 [spec-acc] ctx=5390 burst=23/27 cum=1576/2244=0.702
1790277832805 [spec-acc] ctx=5422 burst=23/30 cum=1599/2274=0.703
1790277832932 [spec-acc] ctx=5455 burst=24/24 cum=1623/2298=0.706
1790277833061 [spec-acc] ctx=5487 burst=24/24 cum=1647/2322=0.709
1790277833061 [kv-vmm] retire id=chatcmpl-b986e8008e10973346eae812042d7415 planes=20 mapped=167772160 reserved=1254096896 used=92172672 slack_bytes=1187840 booked=2362315528
1790277833063 [meter] admit id=chatcmpl-63ef35fb6128715dfdfeb9860086a43f tenant=default lane=interactive model="q9"
1790277833070 [kv-vmm] trim id=chatcmpl-b986e8008e10973346eae812042d7415 pool=spec keep_rows=5583 released=41943040
1790277833071 [kv-vmm] ensure-walls n=73 us=999,2,3,2,2,2,2,2,2,2,2,2,2,2,2,2,2,2,2,3,6,2,2,2,2,2,2,2,2,2,2,2,2,2,2,2,2,2,2,3,2,2,3,2,2,2,2,3,3,2,2,2,2,3,2,2,2,2,2,2,2,2,2,3,3,2,2,2,2,6,2,2,2
1790277833074 [admission] per-session draft-state charge: model="q9" +44MB (measured capture high-water)
1790277833074 [admission] request cost: model="q9" ctx=65600 path=spec = 16704 B/token x ctx + 1116MB prefill-workspace + 106MB fixed = 2318MB
1790277833074 [admit-predict] id=chatcmpl-63ef35fb6128715dfdfeb9860086a43f tenant="" model="q9" verdict=admit reason=global-p95 prompt=3096 predicted_completion=5048 kv_hat=1402343688 booked_bytes=0 booked_real=0 inflight=0 cap=64 budget_bytes=12831671424 retry_after_s=- exempt=0 enforce=0 live_free_bytes=-
1790277833077 [worker] spec-affinity: declined (history diverged at 6 of checkpoint 3072; 2 parked, 3096 prompt tokens; model q9)
1790277833078 [spec-k] model="q9" tenant="" K=3 source=cold-long prompt=3096 cached=0 lcp=6 active=1 wave=1 placement=single-or-non-pp2
1790277833078 [kv-vmm] admit id=chatcmpl-63ef35fb6128715dfdfeb9860086a43f owed_before=0 session_mapped=83886080 session_reserved=1254096896 active=0
1790277833081 [kv-vmm] reap released=188743680 pending=0
1790277834084 [spec-acc] ctx=3096 burst=21/33 cum=21/33=0.636
1790277834084 [prefix-cache] insert (spec-boundary): 3072 tokens, 104.0MB (resident 1197.1MB / 2052MB, model q9)
1790277834308 [spec-acc] ctx=3129 burst=21/39 cum=42/72=0.583
1790277834460 [spec-acc] ctx=3163 burst=25/27 cum=67/99=0.677
1790277834649 [spec-acc] ctx=3197 burst=21/33 cum=88/132=0.667
1790277834855 [spec-acc] ctx=3229 burst=23/36 cum=111/168=0.661
1790277835033 [spec-acc] ctx=3264 burst=21/33 cum=132/201=0.657
1790277835229 [spec-acc] ctx=3296 burst=23/36 cum=155/237=0.654
1790277835444 [spec-acc] ctx=3331 burst=21/39 cum=176/276=0.638
1790277835649 [spec-acc] ctx=3365 burst=22/39 cum=198/315=0.629
1790277835914 [spec-acc] ctx=3400 burst=17/51 cum=215/366=0.587
1790277836103 [spec-acc] ctx=3434 burst=21/36 cum=236/402=0.587
1790277836259 [spec-acc] ctx=3467 burst=22/30 cum=258/432=0.597
1790277836413 [spec-acc] ctx=3499 burst=22/30 cum=280/462=0.606
1790277836613 [spec-acc] ctx=3531 burst=19/39 cum=299/501=0.597
1790277836829 [spec-acc] ctx=3563 burst=20/42 cum=319/543=0.587
1790277837030 [spec-acc] ctx=3597 burst=22/39 cum=341/582=0.586
1790277837246 [spec-acc] ctx=3632 burst=20/42 cum=361/624=0.579
1790277837400 [spec-acc] ctx=3666 burst=25/30 cum=386/654=0.590
1790277837616 [spec-acc] ctx=3701 burst=18/42 cum=404/696=0.580
1790277837786 [spec-acc] ctx=3733 burst=22/33 cum=426/729=0.584
1790277837925 [spec-acc] ctx=3766 burst=23/27 cum=449/756=0.594
1790277838110 [spec-acc] ctx=3798 burst=20/36 cum=469/792=0.592
1790277838314 [spec-acc] ctx=3830 burst=22/39 cum=491/831=0.591
1790277838453 [spec-acc] ctx=3865 burst=23/27 cum=514/858=0.599
1790277838609 [spec-acc] ctx=3897 burst=23/30 cum=537/888=0.605
1790277838795 [spec-acc] ctx=3930 burst=23/36 cum=560/924=0.606
1790277838934 [spec-acc] ctx=3965 burst=23/27 cum=583/951=0.613
1790277839092 [spec-acc] ctx=3997 burst=23/30 cum=606/981=0.618
1790277839248 [spec-acc] ctx=4030 burst=23/30 cum=629/1011=0.622
1790277839387 [spec-acc] ctx=4063 burst=26/27 cum=655/1038=0.631
1790277839543 [spec-acc] ctx=4098 burst=24/30 cum=679/1068=0.636
1790277839701 [spec-acc] ctx=4132 burst=22/30 cum=701/1098=0.638
1790277839856 [spec-acc] ctx=4164 burst=23/30 cum=724/1128=0.642
1790277840043 [spec-acc] ctx=4197 burst=23/36 cum=747/1164=0.642
1790277840217 [spec-acc] ctx=4232 burst=23/33 cum=770/1197=0.643
1790277840389 [spec-acc] ctx=4266 burst=23/33 cum=793/1230=0.645
1790277840544 [spec-acc] ctx=4300 burst=25/30 cum=818/1260=0.649
1790277840718 [spec-acc] ctx=4335 burst=22/33 cum=840/1293=0.650
1790277840859 [spec-acc] ctx=4368 burst=25/27 cum=865/1320=0.655
1790277841065 [spec-acc] ctx=4402 burst=22/39 cum=887/1359=0.653
1790277841205 [spec-acc] ctx=4437 burst=23/27 cum=910/1386=0.657
1790277841411 [spec-acc] ctx=4469 burst=22/39 cum=932/1425=0.654
1790277841584 [spec-acc] ctx=4504 burst=23/33 cum=955/1458=0.655
1790277841724 [spec-acc] ctx=4538 burst=24/27 cum=979/1485=0.659
1790277841898 [spec-acc] ctx=4571 burst=21/33 cum=1000/1518=0.659
1790277842055 [spec-acc] ctx=4603 burst=25/30 cum=1025/1548=0.662
1790277842213 [spec-acc] ctx=4638 burst=25/30 cum=1050/1578=0.665
1790277842403 [spec-acc] ctx=4673 burst=22/36 cum=1072/1614=0.664
1790277842639 [spec-acc] ctx=4707 burst=17/45 cum=1089/1659=0.656
1790277842845 [spec-acc] ctx=4739 burst=21/39 cum=1110/1698=0.654
1790277843004 [spec-acc] ctx=4773 burst=23/30 cum=1133/1728=0.656
1790277843192 [spec-acc] ctx=4806 burst=23/36 cum=1156/1764=0.655
1790277843367 [spec-acc] ctx=4841 burst=23/33 cum=1179/1797=0.656
1790277843493 [spec-acc] ctx=4875 burst=24/24 cum=1203/1821=0.661
1790277843668 [spec-acc] ctx=4907 burst=22/33 cum=1225/1854=0.661
1790277843810 [spec-acc] ctx=4940 burst=23/27 cum=1248/1881=0.663
1790277843985 [spec-acc] ctx=4972 burst=21/33 cum=1269/1914=0.663
1790277844159 [spec-acc] ctx=5004 burst=23/33 cum=1292/1947=0.664
1790277844305 [spec-acc] ctx=5038 burst=25/27 cum=1317/1974=0.667
1790277844479 [spec-acc] ctx=5072 burst=22/33 cum=1339/2007=0.667
1790277844639 [spec-acc] ctx=5105 burst=25/30 cum=1364/2037=0.670
1790277844797 [spec-acc] ctx=5140 burst=25/30 cum=1389/2067=0.672
1790277844940 [spec-acc] ctx=5175 burst=24/27 cum=1413/2094=0.675
1790277845086 [spec-acc] ctx=5208 burst=23/27 cum=1436/2121=0.677
1790277845260 [spec-acc] ctx=5240 burst=21/33 cum=1457/2154=0.676
1790277845407 [spec-acc] ctx=5272 burst=26/27 cum=1483/2181=0.680
1790277845582 [spec-acc] ctx=5307 burst=22/33 cum=1505/2214=0.680
1790277845772 [spec-acc] ctx=5340 burst=22/36 cum=1527/2250=0.679
1790277845917 [spec-acc] ctx=5374 burst=23/27 cum=1550/2277=0.681
1790277846044 [spec-acc] ctx=5406 burst=24/24 cum=1574/2301=0.684
1790277846204 [spec-acc] ctx=5438 burst=24/30 cum=1598/2331=0.686
1790277846363 [spec-acc] ctx=5472 burst=23/30 cum=1621/2361=0.687
1790277846541 [spec-acc] ctx=5505 burst=21/33 cum=1642/2394=0.686
1790277846668 [spec-acc] ctx=5537 burst=24/24 cum=1666/2418=0.689
1790277846827 [spec-acc] ctx=5569 burst=23/30 cum=1689/2448=0.690
1790277847004 [spec-acc] ctx=5602 burst=22/33 cum=1711/2481=0.690
1790277847132 [spec-acc] ctx=5635 burst=24/24 cum=1735/2505=0.693
1790277847325 [spec-acc] ctx=5667 burst=20/36 cum=1755/2541=0.691
1790277847485 [spec-acc] ctx=5699 burst=23/30 cum=1778/2571=0.692
1790277847711 [spec-acc] ctx=5732 burst=19/42 cum=1797/2613=0.688
1790277847886 [spec-acc] ctx=5765 burst=22/33 cum=1819/2646=0.687
1790277848029 [spec-acc] ctx=5798 burst=25/27 cum=1844/2673=0.690
1790277848191 [spec-acc] ctx=5832 burst=25/30 cum=1869/2703=0.691
1790277848350 [spec-acc] ctx=5867 burst=24/30 cum=1893/2733=0.693
1790277848480 [spec-acc] ctx=5901 burst=24/24 cum=1917/2757=0.695
1790277848480 [kv-vmm] retire id=chatcmpl-63ef35fb6128715dfdfeb9860086a43f planes=20 mapped=188743680 reserved=1254096896 used=99088128 slack_bytes=1187840 booked=2361955080
1790277848482 [meter] admit id=chatcmpl-2328e1cf1fef70b9a88646fce027b42a tenant=default lane=interactive model="q9"
1790277848489 [kv-vmm] trim id=chatcmpl-63ef35fb6128715dfdfeb9860086a43f pool=spec keep_rows=5997 released=41943040
1790277848489 [kv-vmm] ensure-walls n=85 us=2,2,2,2,2,2,2,2,2,3,2,2,6,2,2,2,2,3,2,2,5,2,2,2,2,2,2,2,3,2,2,2,2,3,2,2,3,2,2,2,2,2,2,2,2,2,2,3,2,2,3,2,2,2,2,3,2,2,2,2,2,2,2,2,2,2,4,2,7,3,2,2,2,2,2,2,2,2,6,2,2,2,2,2,2
1790277848493 [admission] per-session draft-state charge: model="q9" +44MB (measured capture high-water)
1790277848493 [admission] request cost: model="q9" ctx=65600 path=spec = 16704 B/token x ctx + 1115MB prefill-workspace + 106MB fixed = 2317MB
1790277848493 [admit-predict] id=chatcmpl-2328e1cf1fef70b9a88646fce027b42a tenant="" model="q9" verdict=admit reason=global-p95 prompt=3094 predicted_completion=5048 kv_hat=1401589384 booked_bytes=0 booked_real=0 inflight=0 cap=64 budget_bytes=12831671424 retry_after_s=- exempt=0 enforce=0 live_free_bytes=-
1790277848495 [worker] spec-affinity: declined (history diverged at 6 of checkpoint 3072; 2 parked, 3094 prompt tokens; model q9)
1790277848496 [spec-k] model="q9" tenant="" K=3 source=cold-long prompt=3094 cached=0 lcp=6 active=1 wave=1 placement=single-or-non-pp2
1790277848496 [kv-vmm] admit id=chatcmpl-2328e1cf1fef70b9a88646fce027b42a owed_before=0 session_mapped=83886080 session_reserved=1254096896 active=0
1790277848500 [kv-vmm] reap released=188743680 pending=0
1790277849496 [spec-acc] ctx=3094 burst=21/33 cum=21/33=0.636
1790277849496 [prefix-cache] insert (spec-boundary): 3072 tokens, 104.0MB (resident 1301.1MB / 2052MB, model q9)
1790277849709 [spec-acc] ctx=3127 burst=20/42 cum=41/75=0.547
1790277849875 [spec-acc] ctx=3161 burst=21/33 cum=62/108=0.574
1790277850049 [spec-acc] ctx=3193 burst=22/33 cum=84/141=0.596
1790277850206 [spec-acc] ctx=3226 burst=24/27 cum=108/168=0.643
1790277850426 [spec-acc] ctx=3259 burst=22/39 cum=130/207=0.628
1790277850589 [spec-acc] ctx=3294 burst=25/30 cum=155/237=0.654
1790277850789 [spec-acc] ctx=3329 burst=21/36 cum=176/273=0.645
1790277851035 [spec-acc] ctx=3362 burst=18/45 cum=194/318=0.610
1790277851250 [spec-acc] ctx=3395 burst=22/39 cum=216/357=0.605
1790277851434 [spec-acc] ctx=3430 burst=22/33 cum=238/390=0.610
1790277851603 [spec-acc] ctx=3463 burst=25/30 cum=263/420=0.626
1790277851803 [spec-acc] ctx=3498 burst=21/36 cum=284/456=0.623
1790277851939 [spec-acc] ctx=3531 burst=23/27 cum=307/483=0.636
1790277852139 [spec-acc] ctx=3563 burst=20/39 cum=327/522=0.626
1790277852353 [spec-acc] ctx=3596 burst=18/42 cum=345/564=0.612
1790277852539 [spec-acc] ctx=3628 burst=23/36 cum=368/600=0.613
1790277852724 [spec-acc] ctx=3663 burst=22/36 cum=390/636=0.613
1790277852849 [spec-acc] ctx=3697 burst=24/24 cum=414/660=0.627
1790277853003 [spec-acc] ctx=3729 burst=24/30 cum=438/690=0.635
1790277853171 [spec-acc] ctx=3763 burst=21/33 cum=459/723=0.635
1790277853309 [spec-acc] ctx=3795 burst=24/27 cum=483/750=0.644
1790277853464 [spec-acc] ctx=3828 burst=23/30 cum=506/780=0.649
1790277853698 [spec-acc] ctx=3861 burst=21/42 cum=527/822=0.641
1790277853863 [spec-acc] ctx=3896 burst=22/30 cum=549/852=0.644
1790277854058 [spec-acc] ctx=3928 burst=22/36 cum=571/888=0.643
1790277854204 [spec-acc] ctx=3962 burst=24/27 cum=595/915=0.650
1790277854435 [spec-acc] ctx=3995 burst=18/42 cum=613/957=0.641
1790277854624 [spec-acc] ctx=4027 burst=22/36 cum=635/993=0.639
1790277854783 [spec-acc] ctx=4061 burst=23/30 cum=658/1023=0.643
1790277854925 [spec-acc] ctx=4094 burst=24/27 cum=682/1050=0.650
1790277855115 [spec-acc] ctx=4127 burst=21/36 cum=703/1086=0.647
1790277855336 [spec-acc] ctx=4160 burst=19/42 cum=722/1128=0.640
1790277855494 [spec-acc] ctx=4193 burst=24/30 cum=746/1158=0.644
1790277855668 [spec-acc] ctx=4227 burst=24/33 cum=770/1191=0.647
1790277855810 [spec-acc] ctx=4262 burst=24/27 cum=794/1218=0.652
1790277856000 [spec-acc] ctx=4295 burst=20/36 cum=814/1254=0.649
1790277856190 [spec-acc] ctx=4327 burst=21/36 cum=835/1290=0.647
1790277856383 [spec-acc] ctx=4360 burst=20/36 cum=855/1326=0.645
1790277856590 [spec-acc] ctx=4392 burst=21/39 cum=876/1365=0.642
1790277856764 [spec-acc] ctx=4426 burst=22/33 cum=898/1398=0.642
1790277856923 [spec-acc] ctx=4459 burst=24/30 cum=922/1428=0.646
1790277857147 [spec-acc] ctx=4493 burst=19/42 cum=941/1470=0.640
1790277857274 [spec-acc] ctx=4526 burst=24/24 cum=965/1494=0.646
1790277857433 [spec-acc] ctx=4558 burst=25/30 cum=990/1524=0.650
1790277857640 [spec-acc] ctx=4593 burst=22/39 cum=1012/1563=0.647
1790277857785 [spec-acc] ctx=4628 burst=24/27 cum=1036/1590=0.652
1790277857912 [spec-acc] ctx=4661 burst=24/24 cum=1060/1614=0.657
1790277858122 [spec-acc] ctx=4693 burst=21/39 cum=1081/1653=0.654
1790277858248 [spec-acc] ctx=4727 burst=24/24 cum=1105/1677=0.659
1790277858456 [spec-acc] ctx=4759 burst=19/39 cum=1124/1716=0.655
1790277858666 [spec-acc] ctx=4791 burst=21/39 cum=1145/1755=0.652
1790277858841 [spec-acc] ctx=4825 burst=21/33 cum=1166/1788=0.652
1790277858986 [spec-acc] ctx=4857 burst=23/27 cum=1189/1815=0.655
1790277859193 [spec-acc] ctx=4889 burst=19/39 cum=1208/1854=0.652
1790277859357 [spec-acc] ctx=4921 burst=24/30 cum=1232/1884=0.654
1790277859550 [spec-acc] ctx=4955 burst=21/36 cum=1253/1920=0.653
1790277859774 [spec-acc] ctx=4988 burst=19/42 cum=1272/1962=0.648
1790277859908 [spec-acc] ctx=5021 burst=24/24 cum=1296/1986=0.653
1790277860052 [spec-acc] ctx=5053 burst=23/27 cum=1319/2013=0.655
1790277860180 [spec-acc] ctx=5085 burst=24/24 cum=1343/2037=0.659
1790277860325 [spec-acc] ctx=5117 burst=25/27 cum=1368/2064=0.663
1790277860518 [spec-acc] ctx=5151 burst=22/36 cum=1390/2100=0.662
1790277860678 [spec-acc] ctx=5185 burst=24/30 cum=1414/2130=0.664
1790277860857 [spec-acc] ctx=5219 burst=21/33 cum=1435/2163=0.663
1790277861034 [spec-acc] ctx=5251 burst=23/33 cum=1458/2196=0.664
1790277861178 [spec-acc] ctx=5285 burst=24/27 cum=1482/2223=0.667
1790277861326 [spec-acc] ctx=5318 burst=23/27 cum=1505/2250=0.669
1790277861536 [spec-acc] ctx=5350 burst=21/39 cum=1526/2289=0.667
1790277861681 [spec-acc] ctx=5384 burst=26/27 cum=1552/2316=0.670
1790277861844 [spec-acc] ctx=5419 burst=22/30 cum=1574/2346=0.671
1790277862007 [spec-acc] ctx=5451 burst=23/30 cum=1597/2376=0.672
1790277862152 [spec-acc] ctx=5484 burst=23/27 cum=1620/2403=0.674
1790277862330 [spec-acc] ctx=5516 burst=22/33 cum=1642/2436=0.674
1790277862461 [spec-acc] ctx=5549 burst=24/24 cum=1666/2460=0.677
1790277862592 [spec-acc] ctx=5581 burst=24/24 cum=1690/2484=0.680
1790277862753 [spec-acc] ctx=5613 burst=22/30 cum=1712/2514=0.681
1790277862898 [spec-acc] ctx=5645 burst=24/27 cum=1736/2541=0.683
1790277863061 [spec-acc] ctx=5678 burst=23/30 cum=1759/2571=0.684
1790277863209 [spec-acc] ctx=5711 burst=24/27 cum=1783/2598=0.686
1790277863402 [spec-acc] ctx=5744 burst=23/36 cum=1806/2634=0.686
1790277863580 [spec-acc] ctx=5779 burst=23/33 cum=1829/2667=0.686
1790277863729 [spec-acc] ctx=5813 burst=24/27 cum=1853/2694=0.688
1790277863907 [spec-acc] ctx=5846 burst=22/33 cum=1875/2727=0.688
1790277864085 [spec-acc] ctx=5879 burst=22/33 cum=1897/2760=0.687
1790277864215 [spec-acc] ctx=5912 burst=24/24 cum=1921/2784=0.690
1790277864415 [spec-acc] ctx=5944 burst=21/36 cum=1942/2820=0.689
1790277864580 [spec-acc] ctx=5977 burst=25/30 cum=1967/2850=0.690
1790277864763 [spec-acc] ctx=6012 burst=22/33 cum=1989/2883=0.690
1790277864945 [spec-acc] ctx=6045 burst=21/33 cum=2010/2916=0.689
1790277865107 [spec-acc] ctx=6077 burst=24/30 cum=2034/2946=0.690
1790277865253 [spec-acc] ctx=6111 burst=26/27 cum=2060/2973=0.693
1790277865433 [spec-acc] ctx=6146 burst=21/33 cum=2081/3006=0.692
1790277865633 [spec-acc] ctx=6178 burst=20/36 cum=2101/3042=0.691
1790277865765 [spec-acc] ctx=6210 burst=24/24 cum=2125/3066=0.693
1790277865932 [spec-acc] ctx=6242 burst=23/30 cum=2148/3096=0.694
1790277866065 [spec-acc] ctx=6275 burst=24/24 cum=2172/3120=0.696
1790277866216 [spec-acc] ctx=6307 burst=24/27 cum=2196/3147=0.698
1790277866366 [spec-acc] ctx=6340 burst=23/27 cum=2219/3174=0.699
1790277866566 [spec-acc] ctx=6372 burst=23/36 cum=2242/3210=0.698
1790277866722 [spec-acc] ctx=6407 burst=26/27 cum=2268/3237=0.701
1790277866870 [spec-acc] ctx=6442 burst=23/27 cum=2291/3264=0.702
1790277867006 [spec-acc] ctx=6474 burst=24/24 cum=2315/3288=0.704
1790277867154 [spec-acc] ctx=6506 burst=26/27 cum=2341/3315=0.706
1790277867287 [spec-acc] ctx=6541 burst=24/24 cum=2365/3339=0.708
1790277867287 [kv-vmm] retire id=chatcmpl-2328e1cf1fef70b9a88646fce027b42a planes=20 mapped=188743680 reserved=1254096896 used=109778688 slack_bytes=1187840 booked=2361234184
1790277867292 [meter] admit id=chatcmpl-deb6c0dc5d94e3490903af90a4bed237 tenant=default lane=interactive model="q9"
1790277867296 [kv-vmm] trim id=chatcmpl-2328e1cf1fef70b9a88646fce027b42a pool=spec keep_rows=6637 released=41943040
1790277867296 [kv-vmm] ensure-walls n=105 us=2,2,2,3,3,3,4,4,3,2,2,4,2,2,2,2,2,3,2,2,6,3,2,2,2,3,2,2,3,2,3,2,3,2,2,2,2,3,2,3,2,2,3,3,2,3,3,2,2,2,2,2,2,3,3,2,3,2,2,2,3,2,2,3,2,2,2,2,3,7,4,2,2,2,2,2,2,2,2,8,3,2,2,2,2,3,2,2,3,3,4,3,2,2,2,3,2,2,2,2,2,2,2,5,2
1790277867299 [admission] per-session draft-state charge: model="q9" +44MB (measured capture high-water)
1790277867299 [admission] request cost: model="q9" ctx=3118 path=spec = 16704 B/token x ctx + 1066MB prefill-workspace + 106MB fixed = 1225MB
1790277867299 [admit-predict] id=chatcmpl-deb6c0dc5d94e3490903af90a4bed237 tenant="" model="q9" verdict=admit reason=global-p95 prompt=2958 predicted_completion=96 kv_hat=1267578504 booked_bytes=0 booked_real=0 inflight=0 cap=64 budget_bytes=12831671424 retry_after_s=- exempt=0 enforce=0 live_free_bytes=-
1790277867301 [worker] spec-affinity: declined (history diverged at 4 of checkpoint 3072; 2 parked, 2958 prompt tokens; model q9)
1790277867302 [spec-k] model="q9" tenant="" K=3 source=cold-long prompt=2958 cached=0 lcp=5 active=1 wave=1 placement=single-or-non-pp2
1790277867302 [admission] fixed residual high-water: model="q9" 109MB (observed 160MB at ctx 3062 path=spec)
1790277867302 [kv-vmm] admit id=chatcmpl-deb6c0dc5d94e3490903af90a4bed237 owed_before=0 session_mapped=0 session_reserved=0 active=0
1790277867304 [kv-vmm] reap released=167772160 pending=0
1790277868185 [spec-acc] ctx=2958 burst=23/24 cum=23/24=0.958
1790277868185 [prefix-cache] insert (spec-boundary): 2912 tokens, 101.3MB (resident 1402.4MB / 2052MB, model q9)
1790277868447 [spec-acc] ctx=2990 burst=17/45 cum=40/69=0.580
1790277868649 [spec-acc] ctx=3022 burst=23/36 cum=63/105=0.600
1790277868655 [meter] admit id=chatcmpl-3d8b39a636c93e5abf90fb16fbd9fac6 tenant=default lane=interactive model="q9"
1790277868661 [admission] per-session draft-state charge: model="q9" +44MB (measured capture high-water)
1790277868661 [admission] request cost: model="q9" ctx=3121 path=spec = 16704 B/token x ctx + 1067MB prefill-workspace + 109MB fixed = 1228MB
1790277868661 [admit-predict] id=chatcmpl-3d8b39a636c93e5abf90fb16fbd9fac6 tenant="" model="q9" verdict=admit reason=global-p95 prompt=2961 predicted_completion=96 kv_hat=1271094920 booked_bytes=0 booked_real=0 inflight=0 cap=64 budget_bytes=12831671424 retry_after_s=- exempt=0 enforce=0 live_free_bytes=-
1790277868664 [worker] spec-affinity: declined (history diverged at 4 of checkpoint 3072; 2 parked, 2961 prompt tokens; model q9)
1790277868664 [spec-k] model="q9" tenant="" K=3 source=cold-long prompt=2961 cached=0 lcp=6 active=1 wave=1 placement=single-or-non-pp2
1790277868664 [admission] fixed residual high-water: model="q9" 109MB (observed 160MB at ctx 3065 path=spec)
1790277868664 [kv-vmm] admit id=chatcmpl-3d8b39a636c93e5abf90fb16fbd9fac6 owed_before=0 session_mapped=0 session_reserved=0 active=0
1790277868666 [kv-vmm] reap released=146800640 pending=0
1790277869584 [spec-acc] ctx=2961 burst=22/27 cum=22/27=0.815
1790277869584 [prefix-cache] insert (spec-boundary): 2944 tokens, 101.9MB (resident 1504.3MB / 2052MB, model q9)
1790277869818 [spec-acc] ctx=2993 burst=18/42 cum=40/69=0.580
1790277869981 [spec-acc] ctx=3025 burst=24/30 cum=64/99=0.646
1790277869987 [meter] admit id=chatcmpl-4e45be8a31091261d2a1e9563cc2f0fb tenant=default lane=interactive model="q9"
1790277869994 [admission] per-session draft-state charge: model="q9" +44MB (measured capture high-water)
1790277869994 [admission] request cost: model="q9" ctx=3117 path=spec = 16704 B/token x ctx + 1066MB prefill-workspace + 109MB fixed = 1227MB
1790277869994 [admit-predict] id=chatcmpl-4e45be8a31091261d2a1e9563cc2f0fb tenant="" model="q9" verdict=admit reason=global-p95 prompt=2957 predicted_completion=96 kv_hat=1269591880 booked_bytes=0 booked_real=0 inflight=0 cap=64 budget_bytes=12831671424 retry_after_s=- exempt=0 enforce=0 live_free_bytes=-
1790277869997 [worker] spec-affinity: declined (history diverged at 6 of checkpoint 2912; 2 parked, 2957 prompt tokens; model q9)
1790277869997 [spec-k] model="q9" tenant="" K=3 source=cold-long prompt=2957 cached=0 lcp=6 active=1 wave=1 placement=single-or-non-pp2
1790277869997 [kv-vmm] admit id=chatcmpl-4e45be8a31091261d2a1e9563cc2f0fb owed_before=0 session_mapped=0 session_reserved=0 active=0
1790277869999 [kv-vmm] reap released=146800640 pending=0
1790277870883 [spec-acc] ctx=2957 burst=23/24 cum=23/24=0.958
1790277870883 [prefix-cache] insert (spec-boundary): 2912 tokens, 101.3MB (resident 1605.7MB / 2052MB, model q9)
1790277871114 [spec-acc] ctx=2989 burst=19/42 cum=42/66=0.636
1790277871293 [spec-acc] ctx=3022 burst=23/33 cum=65/99=0.657
1790277871298 [meter] admit id=chatcmpl-b25e800c304e8a069e3d7acf17312402 tenant=default lane=interactive model="q9"
1790277871305 [admission] per-session draft-state charge: model="q9" +44MB (measured capture high-water)
1790277871305 [admission] request cost: model="q9" ctx=3110 path=spec = 16704 B/token x ctx + 1063MB prefill-workspace + 109MB fixed = 1224MB
1790277871305 [admit-predict] id=chatcmpl-b25e800c304e8a069e3d7acf17312402 tenant="" model="q9" verdict=admit reason=global-p95 prompt=2950 predicted_completion=96 kv_hat=1266951816 booked_bytes=0 booked_real=0 inflight=0 cap=64 budget_bytes=12831671424 retry_after_s=- exempt=0 enforce=0 live_free_bytes=-
1790277871308 [worker] spec-affinity: declined (history diverged at 6 of checkpoint 2944; 2 parked, 2950 prompt tokens; model q9)
1790277871308 [spec-k] model="q9" tenant="" K=3 source=cold-long prompt=2950 cached=0 lcp=6 active=1 wave=1 placement=single-or-non-pp2
1790277871308 [kv-vmm] admit id=chatcmpl-b25e800c304e8a069e3d7acf17312402 owed_before=0 session_mapped=0 session_reserved=0 active=0
1790277872164 [spec-acc] ctx=2950 burst=23/24 cum=23/24=0.958
1790277872164 [prefix-cache] insert (spec-boundary): 2912 tokens, 101.3MB (resident 1707.0MB / 2052MB, model q9)
1790277872411 [spec-acc] ctx=2982 burst=18/45 cum=41/69=0.594
1790277872589 [spec-acc] ctx=3015 burst=23/33 cum=64/102=0.627
1790277872594 [meter] admit id=chatcmpl-535620a9b5ea44d8b6ace7c575b3f9e7 tenant=default lane=interactive model="q9"
1790277872601 [admission] per-session draft-state charge: model="q9" +44MB (measured capture high-water)
1790277872601 [admission] request cost: model="q9" ctx=3109 path=spec = 16704 B/token x ctx + 1063MB prefill-workspace + 109MB fixed = 1224MB
1790277872601 [admit-predict] id=chatcmpl-535620a9b5ea44d8b6ace7c575b3f9e7 tenant="" model="q9" verdict=admit reason=tenant-p95 prompt=2949 predicted_completion=96 kv_hat=1266574664 booked_bytes=0 booked_real=0 inflight=0 cap=64 budget_bytes=12831671424 retry_after_s=- exempt=0 enforce=0 live_free_bytes=-
1790277872604 [worker] spec-affinity: declined (history diverged at 6 of checkpoint 2912; 2 parked, 2949 prompt tokens; model q9)
1790277872604 [spec-k] model="q9" tenant="" K=3 source=cold-long prompt=2949 cached=0 lcp=6 active=1 wave=1 placement=single-or-non-pp2
1790277872604 [kv-vmm] admit id=chatcmpl-535620a9b5ea44d8b6ace7c575b3f9e7 owed_before=0 session_mapped=0 session_reserved=0 active=0
1790277873483 [spec-acc] ctx=2949 burst=24/24 cum=24/24=1.000
1790277873483 [prefix-cache] insert (spec-boundary): 2912 tokens, 101.3MB (resident 1808.4MB / 2052MB, model q9)
1790277873782 [spec-acc] ctx=2982 burst=17/54 cum=41/78=0.526
1790277873912 [spec-acc] ctx=3017 burst=22/24 cum=63/102=0.618
1790277874915 [meter] admit id=chatcmpl-3933053f8a60eadd8826ef1b9fd6c67b tenant=default lane=interactive model="q9"
1790277874921 [admission] per-session draft-state charge: model="q9" +44MB (measured capture high-water)
1790277874921 [admission] request cost: model="q9" ctx=65600 path=spec = 16704 B/token x ctx + 1504MB prefill-workspace + 109MB fixed = 2708MB
1790277874921 [admit-predict] id=chatcmpl-3933053f8a60eadd8826ef1b9fd6c67b tenant="" model="q9" verdict=admit reason=tenant-p95 prompt=5755 predicted_completion=4761 kv_hat=1831985160 booked_bytes=0 booked_real=0 inflight=0 cap=64 budget_bytes=12831671424 retry_after_s=- exempt=0 enforce=0 live_free_bytes=-
1790277874926 [worker] spec-affinity: declined (history diverged at 4 of checkpoint 2912; 2 parked, 5755 prompt tokens; model q9)
1790277874927 [spec-k] model="q9" tenant="" K=3 source=cold-long prompt=5755 cached=0 lcp=5 active=1 wave=1 placement=single-or-non-pp2
1790277874927 [kv-vmm] admit id=chatcmpl-3933053f8a60eadd8826ef1b9fd6c67b owed_before=0 session_mapped=146800640 session_reserved=1254096896 active=0
1790277875792 [prime-yield] count=1 remaining=4 chunks=1 wall_ms=864.698 max_chunk_ms=864.698
1790277876201 [prime-yield] count=2 remaining=3 chunks=1 wall_ms=409.807 max_chunk_ms=409.807
1790277876267 [prime-yield] count=3 remaining=2 chunks=1 wall_ms=65.436 max_chunk_ms=65.436
1790277876294 [prime-yield] count=4 remaining=1 chunks=1 wall_ms=26.876 max_chunk_ms=26.876
1790277876305 [prefix-cache] insert (spec-boundary): 5728 tokens, 148.4MB (resident 1956.8MB / 2052MB, model q9)
1790277876465 [spec-acc] ctx=5756 burst=22/27 cum=22/27=0.815
1790277876736 [spec-acc] ctx=5788 burst=17/48 cum=39/75=0.520
1790277876885 [spec-acc] ctx=5821 burst=25/27 cum=64/102=0.627
1790277877050 [spec-acc] ctx=5855 burst=23/30 cum=87/132=0.659
1790277877231 [spec-acc] ctx=5888 burst=23/33 cum=110/165=0.667
1790277877414 [spec-acc] ctx=5922 burst=22/33 cum=132/198=0.667
1790277877591 [spec-acc] ctx=5955 burst=21/33 cum=153/231=0.662
1790277877767 [spec-acc] ctx=5987 burst=21/33 cum=174/264=0.659
1790277877957 [spec-acc] ctx=6019 burst=20/36 cum=194/300=0.647
1790277878146 [spec-acc] ctx=6051 burst=21/36 cum=215/336=0.640
1790277878350 [spec-acc] ctx=6084 burst=21/39 cum=236/375=0.629
1790277878508 [spec-acc] ctx=6118 burst=24/30 cum=260/405=0.642
1790277878684 [spec-acc] ctx=6152 burst=22/33 cum=282/438=0.644
1790277878877 [spec-acc] ctx=6185 burst=20/36 cum=302/474=0.637
1790277879098 [spec-acc] ctx=6217 burst=19/42 cum=321/516=0.622
1790277879288 [spec-acc] ctx=6250 burst=22/36 cum=343/552=0.621
1790277879495 [spec-acc] ctx=6284 burst=20/39 cum=363/591=0.614
1790277879654 [spec-acc] ctx=6317 burst=23/30 cum=386/621=0.622
1790277879847 [spec-acc] ctx=6350 burst=20/36 cum=406/657=0.618
1790277880053 [spec-acc] ctx=6382 burst=21/39 cum=427/696=0.614
1790277880276 [spec-acc] ctx=6416 burst=19/42 cum=446/738=0.604
1790277880466 [spec-acc] ctx=6449 burst=23/36 cum=469/774=0.606
1790277880640 [spec-acc] ctx=6484 burst=24/33 cum=493/807=0.611
1790277880850 [spec-acc] ctx=6519 burst=22/39 cum=515/846=0.609
1790277881008 [spec-acc] ctx=6554 burst=22/30 cum=537/876=0.613
1790277881199 [spec-acc] ctx=6586 burst=20/36 cum=557/912=0.611
1790277881408 [spec-acc] ctx=6618 burst=21/39 cum=578/951=0.608
1790277881583 [spec-acc] ctx=6652 burst=24/33 cum=602/984=0.612
1790277881807 [spec-acc] ctx=6687 burst=18/42 cum=620/1026=0.604
1790277881999 [spec-acc] ctx=6719 burst=20/36 cum=640/1062=0.603
1790277882142 [spec-acc] ctx=6751 burst=23/27 cum=663/1089=0.609
1790277882285 [spec-acc] ctx=6783 burst=23/27 cum=686/1116=0.615
1790277882478 [spec-acc] ctx=6815 burst=21/36 cum=707/1152=0.614
1790277882670 [spec-acc] ctx=6848 burst=21/36 cum=728/1188=0.613
1790277882847 [spec-acc] ctx=6881 burst=22/33 cum=750/1221=0.614
1790277882992 [spec-acc] ctx=6914 burst=23/27 cum=773/1248=0.619
1790277883169 [spec-acc] ctx=6946 burst=23/33 cum=796/1281=0.621
1790277883329 [spec-acc] ctx=6980 burst=24/30 cum=820/1311=0.625
1790277883473 [spec-acc] ctx=7014 burst=23/27 cum=843/1338=0.630
1790277883625 [spec-acc] ctx=7046 burst=23/27 cum=866/1365=0.634
1790277883805 [spec-acc] ctx=7078 burst=23/33 cum=889/1398=0.636
1790277883956 [spec-acc] ctx=7112 burst=23/27 cum=912/1425=0.640
1790277884104 [spec-acc] ctx=7144 burst=24/27 cum=936/1452=0.645
1790277884325 [spec-acc] ctx=7177 burst=21/39 cum=957/1491=0.642
1790277884504 [spec-acc] ctx=7211 burst=24/33 cum=981/1524=0.644
1790277884640 [spec-acc] ctx=7246 burst=24/24 cum=1005/1548=0.649
1790277884872 [spec-acc] ctx=7278 burst=18/42 cum=1023/1590=0.643
1790277885056 [spec-acc] ctx=7310 burst=23/33 cum=1046/1623=0.644
1790277885204 [spec-acc] ctx=7344 burst=24/27 cum=1070/1650=0.648
1790277885382 [spec-acc] ctx=7377 burst=23/30 cum=1093/1680=0.651
1790277885535 [spec-acc] ctx=7410 burst=24/27 cum=1117/1707=0.654
1790277885704 [spec-acc] ctx=7443 burst=25/30 cum=1142/1737=0.657
1790277885892 [spec-acc] ctx=7478 burst=22/33 cum=1164/1770=0.658
1790277886109 [spec-acc] ctx=7511 burst=21/39 cum=1185/1809=0.655
1790277886259 [spec-acc] ctx=7545 burst=25/27 cum=1210/1836=0.659
1790277886408 [spec-acc] ctx=7579 burst=23/27 cum=1233/1863=0.662
1790277886595 [spec-acc] ctx=7611 burst=23/33 cum=1256/1896=0.662
1790277886793 [spec-acc] ctx=7645 burst=21/36 cum=1277/1932=0.661
1790277886943 [spec-acc] ctx=7678 burst=24/27 cum=1301/1959=0.664
1790277887109 [spec-acc] ctx=7711 burst=22/30 cum=1323/1989=0.665
1790277887275 [spec-acc] ctx=7743 burst=22/30 cum=1345/2019=0.666
1790277887474 [spec-acc] ctx=7775 burst=22/36 cum=1367/2055=0.665
1790277887619 [spec-acc] ctx=7809 burst=24/27 cum=1391/2082=0.668
1790277887779 [spec-acc] ctx=7842 burst=24/30 cum=1415/2112=0.670
1790277887959 [spec-acc] ctx=7876 burst=22/33 cum=1437/2145=0.670
1790277888105 [spec-acc] ctx=7909 burst=23/27 cum=1460/2172=0.672
1790277888317 [spec-acc] ctx=7941 burst=21/39 cum=1481/2211=0.670
1790277888448 [spec-acc] ctx=7975 burst=24/24 cum=1505/2235=0.673
1790277888594 [spec-acc] ctx=8007 burst=23/27 cum=1528/2262=0.676
1790277888776 [spec-acc] ctx=8039 burst=22/33 cum=1550/2295=0.675
1790277888960 [spec-acc] ctx=8072 burst=24/33 cum=1574/2328=0.676
1790277889122 [spec-acc] ctx=8107 burst=24/30 cum=1598/2358=0.678
1790277889321 [spec-acc] ctx=8141 burst=21/36 cum=1619/2394=0.676
1790277889484 [spec-acc] ctx=8174 burst=26/27 cum=1645/2421=0.679
1790277889696 [spec-acc] ctx=8209 burst=21/36 cum=1666/2457=0.678
1790277889836 [spec-acc] ctx=8242 burst=24/24 cum=1690/2481=0.681
1790277890008 [spec-acc] ctx=8274 burst=23/30 cum=1713/2511=0.682
1790277890083 [fa-pool] grow #4 dev=0 o_len 2129920 -> 4259840 ml_len 8320 -> 16640 (retired kept, zero=false)
1790277890216 [spec-acc] ctx=8307 burst=20/36 cum=1733/2547=0.680
1790277890369 [spec-acc] ctx=8339 burst=26/27 cum=1759/2574=0.683
1790277890570 [spec-acc] ctx=8374 burst=23/36 cum=1782/2610=0.683
1790277890737 [spec-acc] ctx=8409 burst=24/30 cum=1806/2640=0.684
1790277890970 [spec-acc] ctx=8443 burst=20/42 cum=1826/2682=0.681
1790277891154 [spec-acc] ctx=8477 burst=21/33 cum=1847/2715=0.680
1790277891354 [spec-acc] ctx=8509 burst=20/36 cum=1867/2751=0.679
1790277891487 [spec-acc] ctx=8541 burst=24/24 cum=1891/2775=0.681
1790277891654 [spec-acc] ctx=8573 burst=24/30 cum=1915/2805=0.683
1790277891821 [spec-acc] ctx=8607 burst=23/30 cum=1938/2835=0.684
1790277892021 [spec-acc] ctx=8640 burst=21/36 cum=1959/2871=0.682
1790277892188 [spec-acc] ctx=8673 burst=24/30 cum=1983/2901=0.684
1790277892338 [spec-acc] ctx=8707 burst=24/27 cum=2007/2928=0.685
1790277892506 [spec-acc] ctx=8740 burst=22/30 cum=2029/2958=0.686
1790277892639 [spec-acc] ctx=8772 burst=24/24 cum=2053/2982=0.688
1790277892773 [spec-acc] ctx=8804 burst=24/24 cum=2077/3006=0.691
1790277892958 [spec-acc] ctx=8836 burst=22/33 cum=2099/3039=0.691
1790277893108 [spec-acc] ctx=8869 burst=24/27 cum=2123/3066=0.692
1790277893310 [spec-acc] ctx=8902 burst=22/36 cum=2145/3102=0.691
1790277893461 [spec-acc] ctx=8936 burst=25/27 cum=2170/3129=0.694
1790277893630 [spec-acc] ctx=8970 burst=22/30 cum=2192/3159=0.694
1790277893783 [spec-acc] ctx=9002 burst=25/27 cum=2217/3186=0.696
1790277893952 [spec-acc] ctx=9036 burst=24/30 cum=2241/3216=0.697
1790277894087 [spec-acc] ctx=9070 burst=24/24 cum=2265/3240=0.699
1790277894273 [spec-acc] ctx=9102 burst=21/33 cum=2286/3273=0.698
1790277894425 [spec-acc] ctx=9134 burst=23/27 cum=2309/3300=0.700
1790277894576 [spec-acc] ctx=9166 burst=26/27 cum=2335/3327=0.702
1790277894745 [spec-acc] ctx=9201 burst=23/30 cum=2358/3357=0.702
1790277894897 [spec-acc] ctx=9234 burst=26/27 cum=2384/3384=0.704
1790277895052 [spec-acc] ctx=9269 burst=23/27 cum=2407/3411=0.706
1790277895238 [spec-acc] ctx=9301 burst=21/33 cum=2428/3444=0.705
1790277895390 [spec-acc] ctx=9333 burst=23/27 cum=2451/3471=0.706
1790277895542 [spec-acc] ctx=9365 burst=26/27 cum=2477/3498=0.708
1790277895728 [spec-acc] ctx=9400 burst=22/33 cum=2499/3531=0.708
1790277895863 [spec-acc] ctx=9433 burst=24/24 cum=2523/3555=0.710
1790277896050 [spec-acc] ctx=9465 burst=21/33 cum=2544/3588=0.709
1790277896221 [spec-acc] ctx=9497 burst=23/30 cum=2567/3618=0.710
1790277896374 [spec-acc] ctx=9530 burst=26/27 cum=2593/3645=0.711
1790277896543 [spec-acc] ctx=9565 burst=24/30 cum=2617/3675=0.712
1790277896679 [spec-acc] ctx=9599 burst=24/24 cum=2641/3699=0.714
1790277896882 [spec-acc] ctx=9631 burst=22/36 cum=2663/3735=0.713
1790277897034 [spec-acc] ctx=9665 burst=23/27 cum=2686/3762=0.714
1790277897205 [spec-acc] ctx=9697 burst=23/30 cum=2709/3792=0.714
1790277897375 [spec-acc] ctx=9730 burst=22/30 cum=2731/3822=0.715
1790277897528 [spec-acc] ctx=9762 burst=23/27 cum=2754/3849=0.716
1790277897715 [spec-acc] ctx=9794 burst=23/33 cum=2777/3882=0.715
1790277897868 [spec-acc] ctx=9828 burst=23/27 cum=2800/3909=0.716
1790277898025 [spec-acc] ctx=9860 burst=23/27 cum=2823/3936=0.717
1790277898212 [spec-acc] ctx=9892 burst=21/33 cum=2844/3969=0.717
1790277898383 [spec-acc] ctx=9924 burst=24/30 cum=2868/3999=0.717
1790277898587 [spec-acc] ctx=9958 burst=21/36 cum=2889/4035=0.716
1790277898742 [spec-acc] ctx=9991 burst=23/27 cum=2912/4062=0.717
1790277898895 [spec-acc] ctx=10023 burst=24/27 cum=2936/4089=0.718
1790277899049 [spec-acc] ctx=10056 burst=23/27 cum=2959/4116=0.719
1790277899203 [spec-acc] ctx=10088 burst=24/27 cum=2983/4143=0.720
1790277899376 [spec-acc] ctx=10121 burst=22/30 cum=3005/4173=0.720
1790277899513 [spec-acc] ctx=10153 burst=24/24 cum=3029/4197=0.722
1790277899667 [spec-acc] ctx=10185 burst=25/27 cum=3054/4224=0.723
1790277899872 [spec-acc] ctx=10219 burst=22/36 cum=3076/4260=0.722
1790277900064 [spec-acc] ctx=10253 burst=21/33 cum=3097/4293=0.721
1790277900218 [spec-acc] ctx=10285 burst=25/27 cum=3122/4320=0.723
1790277900406 [spec-acc] ctx=10319 burst=24/33 cum=3146/4353=0.723
1790277900600 [spec-acc] ctx=10354 burst=21/33 cum=3167/4386=0.722
1790277900789 [spec-acc] ctx=10386 burst=24/33 cum=3191/4419=0.722
1790277900966 [spec-acc] ctx=10421 burst=23/30 cum=3214/4449=0.722
1790277901155 [spec-acc] ctx=10454 burst=23/33 cum=3237/4482=0.722
1790277901296 [spec-acc] ctx=10488 burst=24/24 cum=3261/4506=0.724
1790277901468 [spec-acc] ctx=10520 burst=25/30 cum=3286/4536=0.724
1790277901646 [spec-acc] ctx=10555 burst=23/30 cum=3309/4566=0.725
1790277901646 [kv-vmm] retire id=chatcmpl-3933053f8a60eadd8826ef1b9fd6c67b planes=20 mapped=251658240 reserved=1254096896 used=176845248 slack_bytes=1187840 booked=2751974664
1790277901648 [meter] admit id=chatcmpl-ce8ac0ab27302c3366b0660afa07b824 tenant=default lane=interactive model="q9"
1790277901656 [kv-vmm] trim id=chatcmpl-3933053f8a60eadd8826ef1b9fd6c67b pool=spec keep_rows=10652 released=41943040
1790277901656 [kv-vmm] ensure-walls n=151 us=1,3,2,2,1,1,2,2,2,3,2,2,2,2,2,3,2,2,2,2,2,2,2,3,2,3,2,2,2,2,3,2,3,3,2,2,2,3,4,2,2,2,2,2,2,3,2,3,2,2,2,2,2,2,2,2,2,2,4,2,2,7,2,2,2,2,2,2,2,2,2,2,2,2,2,2,6,4,2,3,2,2,2,5,2,3,2,2,2,3,2,2,2,3,2,2,3,2,2,2,2,2,2,2,2,2,2,2,2,2,2,2,2,2,2,2,2,3,2,2,7,2,2,2,2,4,4,2,3,2,2,3,2,2,2,2,2,2,2,2,2,3,3,2,2,3,2,3,3,3,2
1790277901663 [admission] per-session draft-state charge: model="q9" +44MB (measured capture high-water)
1790277901663 [admission] request cost: model="q9" ctx=65600 path=spec = 16704 B/token x ctx + 1504MB prefill-workspace + 109MB fixed = 2708MB
1790277901663 [admit-predict] id=chatcmpl-ce8ac0ab27302c3366b0660afa07b824 tenant="" model="q9" verdict=admit reason=tenant-p95 prompt=5761 predicted_completion=4817 kv_hat=1833119112 booked_bytes=0 booked_real=0 inflight=0 cap=64 budget_bytes=12831671424 retry_after_s=- exempt=0 enforce=0 live_free_bytes=-
1790277901668 [worker] spec-affinity: declined (history diverged at 4 of checkpoint 2912; 2 parked, 5761 prompt tokens; model q9)
1790277901669 [spec-k] model="q9" tenant="" K=3 source=cold-long prompt=5761 cached=0 lcp=6 active=1 wave=1 placement=single-or-non-pp2
1790277901669 [kv-vmm] admit id=chatcmpl-ce8ac0ab27302c3366b0660afa07b824 owed_before=0 session_mapped=146800640 session_reserved=1254096896 active=0
1790277901670 [kv-vmm] reap released=41943040 pending=0
1790277902642 [prime-yield] count=1 remaining=4 chunks=1 wall_ms=970.996 max_chunk_ms=970.996
1790277903072 [prime-yield] count=2 remaining=3 chunks=1 wall_ms=430.023 max_chunk_ms=430.023
1790277903138 [prime-yield] count=3 remaining=2 chunks=1 wall_ms=66.351 max_chunk_ms=66.351
1790277903166 [prime-yield] count=4 remaining=1 chunks=1 wall_ms=27.353 max_chunk_ms=27.353
1790277903177 [prefix-cache] insert (spec-boundary): 5728 tokens, 148.4MB (resident 2105.1MB / 2052MB, model q9)
1790277903177 [prefix-cache] evict (LRU): 1408 tokens, 76.2MB (model q9)
1790277903339 [spec-acc] ctx=5762 burst=22/27 cum=22/27=0.815
1790277903568 [spec-acc] ctx=5794 burst=21/39 cum=43/66=0.652
1790277903756 [spec-acc] ctx=5828 burst=21/33 cum=64/99=0.646
1790277903925 [spec-acc] ctx=5860 burst=24/30 cum=88/129=0.682
1790277904147 [spec-acc] ctx=5894 burst=20/39 cum=108/168=0.643
1790277904329 [spec-acc] ctx=5927 burst=22/33 cum=130/201=0.647
1790277904514 [spec-acc] ctx=5960 burst=22/33 cum=152/234=0.650
1790277904711 [spec-acc] ctx=5993 burst=22/36 cum=174/270=0.644
1790277904893 [spec-acc] ctx=6027 burst=23/33 cum=197/303=0.650
1790277905118 [spec-acc] ctx=6061 burst=19/42 cum=216/345=0.626
1790277905311 [spec-acc] ctx=6094 burst=21/36 cum=237/381=0.622
1790277905522 [spec-acc] ctx=6127 burst=20/39 cum=257/420=0.612
1790277905732 [spec-acc] ctx=6160 burst=21/39 cum=278/459=0.606
1790277905911 [spec-acc] ctx=6194 burst=22/33 cum=300/492=0.610
1790277906074 [spec-acc] ctx=6227 burst=23/30 cum=323/522=0.619
1790277906284 [spec-acc] ctx=6260 burst=20/39 cum=343/561=0.611
1790277906464 [spec-acc] ctx=6293 burst=21/33 cum=364/594=0.613
1790277906642 [spec-acc] ctx=6325 burst=21/33 cum=385/627=0.614
1790277906852 [spec-acc] ctx=6357 burst=20/39 cum=405/666=0.608
1790277907014 [spec-acc] ctx=6390 burst=23/30 cum=428/696=0.615
1790277907226 [spec-acc] ctx=6423 burst=21/39 cum=449/735=0.611
1790277907403 [spec-acc] ctx=6457 burst=23/33 cum=472/768=0.615
1790277907582 [spec-acc] ctx=6491 burst=23/33 cum=495/801=0.618
1790277907745 [spec-acc] ctx=6525 burst=24/30 cum=519/831=0.625
1790277907923 [spec-acc] ctx=6559 burst=23/33 cum=542/864=0.627
1790277908101 [spec-acc] ctx=6593 burst=22/33 cum=564/897=0.629
1790277908347 [spec-acc] ctx=6626 burst=18/45 cum=582/942=0.618
1790277908541 [spec-acc] ctx=6659 burst=23/36 cum=605/978=0.619
1790277908752 [spec-acc] ctx=6694 burst=22/39 cum=627/1017=0.617
1790277908899 [spec-acc] ctx=6729 burst=26/27 cum=653/1044=0.625
1790277909044 [spec-acc] ctx=6764 burst=23/27 cum=676/1071=0.631
1790277909206 [spec-acc] ctx=6796 burst=25/30 cum=701/1101=0.637
1790277909468 [spec-acc] ctx=6831 burst=17/48 cum=718/1149=0.625
1790277909632 [spec-acc] ctx=6864 burst=25/30 cum=743/1179=0.630
1790277909762 [spec-acc] ctx=6899 burst=24/24 cum=767/1203=0.638
1790277909973 [spec-acc] ctx=6931 burst=20/39 cum=787/1242=0.634
1790277910153 [spec-acc] ctx=6964 burst=21/33 cum=808/1275=0.634
1790277910301 [spec-acc] ctx=6996 burst=26/27 cum=834/1302=0.641
1790277910484 [spec-acc] ctx=7031 burst=24/33 cum=858/1335=0.643
1790277910649 [spec-acc] ctx=7066 burst=22/30 cum=880/1365=0.645
1790277910829 [spec-acc] ctx=7098 burst=21/33 cum=901/1398=0.644
1790277910975 [spec-acc] ctx=7130 burst=26/27 cum=927/1425=0.651
1790277911155 [spec-acc] ctx=7165 burst=22/33 cum=949/1458=0.651
1790277911370 [spec-acc] ctx=7198 burst=21/39 cum=970/1497=0.648
1790277911570 [spec-acc] ctx=7232 burst=20/36 cum=990/1533=0.646
1790277911754 [spec-acc] ctx=7264 burst=24/33 cum=1014/1566=0.648
1790277911954 [spec-acc] ctx=7299 burst=23/36 cum=1037/1602=0.647
1790277912103 [spec-acc] ctx=7334 burst=23/27 cum=1060/1629=0.651
1790277912286 [spec-acc] ctx=7366 burst=23/33 cum=1083/1662=0.652
1790277912436 [spec-acc] ctx=7400 burst=24/27 cum=1107/1689=0.655
1790277912637 [spec-acc] ctx=7433 burst=21/36 cum=1128/1725=0.654
1790277912788 [spec-acc] ctx=7466 burst=23/27 cum=1151/1752=0.657
1790277912937 [spec-acc] ctx=7498 burst=26/27 cum=1177/1779=0.662
1790277913122 [spec-acc] ctx=7533 burst=21/33 cum=1198/1812=0.661
1790277913306 [spec-acc] ctx=7565 burst=21/33 cum=1219/1845=0.661
1790277913490 [spec-acc] ctx=7597 burst=24/33 cum=1243/1878=0.662
1790277913657 [spec-acc] ctx=7632 burst=23/30 cum=1266/1908=0.664
1790277913858 [spec-acc] ctx=7665 burst=20/36 cum=1286/1944=0.662
1790277914023 [spec-acc] ctx=7697 burst=23/30 cum=1309/1974=0.663
1790277914207 [spec-acc] ctx=7730 burst=23/33 cum=1332/2007=0.664
1790277914391 [spec-acc] ctx=7764 burst=21/33 cum=1353/2040=0.663
1790277914575 [spec-acc] ctx=7796 burst=23/33 cum=1376/2073=0.664
1790277914759 [spec-acc] ctx=7830 burst=22/33 cum=1398/2106=0.664
1790277914925 [spec-acc] ctx=7863 burst=23/30 cum=1421/2136=0.665
1790277915125 [spec-acc] ctx=7896 burst=21/36 cum=1442/2172=0.664
1790277915276 [spec-acc] ctx=7929 burst=25/27 cum=1467/2199=0.667
1790277915443 [spec-acc] ctx=7963 burst=22/30 cum=1489/2229=0.668
1790277915643 [spec-acc] ctx=7995 burst=21/36 cum=1510/2265=0.667
1790277915777 [spec-acc] ctx=8028 burst=24/24 cum=1534/2289=0.670
1790277915944 [spec-acc] ctx=8060 burst=23/30 cum=1557/2319=0.671
1790277916162 [spec-acc] ctx=8093 burst=20/39 cum=1577/2358=0.669
1790277916328 [spec-acc] ctx=8126 burst=25/30 cum=1602/2388=0.671
1790277916478 [spec-acc] ctx=8161 burst=23/27 cum=1625/2415=0.673
1790277916662 [spec-acc] ctx=8193 burst=23/33 cum=1648/2448=0.673
1790277916874 [spec-acc] ctx=8227 burst=21/36 cum=1669/2484=0.672
1790277917066 [spec-acc] ctx=8260 burst=25/30 cum=1694/2514=0.674
1790277917243 [spec-acc] ctx=8295 burst=22/30 cum=1716/2544=0.675
1790277917424 [spec-acc] ctx=8327 burst=22/30 cum=1738/2574=0.675
1790277917587 [spec-acc] ctx=8359 burst=24/27 cum=1762/2601=0.677
1790277917759 [spec-acc] ctx=8392 burst=23/30 cum=1785/2631=0.678
1790277917917 [spec-acc] ctx=8425 burst=26/27 cum=1811/2658=0.681
1790277918106 [spec-acc] ctx=8460 burst=24/33 cum=1835/2691=0.682
1790277918334 [spec-acc] ctx=8495 burst=19/39 cum=1854/2730=0.679
1790277918489 [spec-acc] ctx=8527 burst=23/27 cum=1877/2757=0.681
1790277918683 [spec-acc] ctx=8559 burst=22/33 cum=1899/2790=0.681
1790277918837 [spec-acc] ctx=8592 burst=24/27 cum=1923/2817=0.683
1790277919009 [spec-acc] ctx=8625 burst=24/30 cum=1947/2847=0.684
1790277919203 [spec-acc] ctx=8659 burst=22/33 cum=1969/2880=0.684
1790277919358 [spec-acc] ctx=8692 burst=25/27 cum=1994/2907=0.686
1790277919569 [spec-acc] ctx=8726 burst=21/36 cum=2015/2943=0.685
1790277919707 [spec-acc] ctx=8759 burst=24/24 cum=2039/2967=0.687
1790277919900 [spec-acc] ctx=8791 burst=21/33 cum=2060/3000=0.687
1790277920055 [spec-acc] ctx=8823 burst=24/27 cum=2084/3027=0.688
1790277920210 [spec-acc] ctx=8856 burst=24/27 cum=2108/3054=0.690
1790277920404 [spec-acc] ctx=8889 burst=23/33 cum=2131/3087=0.690
1790277920559 [spec-acc] ctx=8923 burst=26/27 cum=2157/3114=0.693
1790277920736 [spec-acc] ctx=8958 burst=22/30 cum=2179/3144=0.693
1790277920910 [spec-acc] ctx=8990 burst=23/30 cum=2202/3174=0.694
1790277921085 [spec-acc] ctx=9023 burst=22/30 cum=2224/3204=0.694
1790277921241 [spec-acc] ctx=9055 burst=24/27 cum=2248/3231=0.696
1790277921415 [spec-acc] ctx=9088 burst=24/30 cum=2272/3261=0.697
1790277921572 [spec-acc] ctx=9122 burst=23/27 cum=2295/3288=0.698
1790277921729 [spec-acc] ctx=9154 burst=24/27 cum=2319/3315=0.700
1790277921886 [spec-acc] ctx=9187 burst=24/27 cum=2343/3342=0.701
1790277922078 [spec-acc] ctx=9220 burst=23/33 cum=2366/3375=0.701
1790277922272 [spec-acc] ctx=9254 burst=24/33 cum=2390/3408=0.701
1790277922412 [spec-acc] ctx=9289 burst=24/24 cum=2414/3432=0.703
1790277922569 [spec-acc] ctx=9321 burst=25/27 cum=2439/3459=0.705
1790277922761 [spec-acc] ctx=9355 burst=23/33 cum=2462/3492=0.705
1790277922903 [spec-acc] ctx=9389 burst=24/24 cum=2486/3516=0.707
1790277923092 [spec-acc] ctx=9421 burst=22/33 cum=2508/3549=0.707
1790277923247 [spec-acc] ctx=9454 burst=26/27 cum=2534/3576=0.709
1790277923247 [kv-vmm] retire id=chatcmpl-ce8ac0ab27302c3366b0660afa07b824 planes=20 mapped=230686720 reserved=1254096896 used=158487552 slack_bytes=1187840 booked=2752072968
1790277923250 [meter] admit id=chatcmpl-8c6e849a2ae38e952efc01c587e10dfc tenant=default lane=interactive model="q9"
1790277923257 [kv-vmm] trim id=chatcmpl-ce8ac0ab27302c3366b0660afa07b824 pool=spec keep_rows=9553 released=41943040
1790277923257 [kv-vmm] ensure-walls n=117 us=948,3,3,3,1,0,3,3,2,2,2,3,2,2,2,2,3,3,2,2,3,3,3,2,3,3,3,3,2,2,2,2,3,2,2,2,2,2,3,3,3,2,3,2,4,2,3,3,3,4,2,2,2,3,2,2,3,2,3,4,3,6,2,2,3,2,3,2,2,2,3,3,4,2,3,10,3,3,5,3,3,4,3,3,3,2,2,2,2,2,3,2,3,3,3,3,4,2,2,2,3,2,2,3,2,3,2,3,2,3,3,3,3,4,2,2,2
1790277923264 [admission] per-session draft-state charge: model="q9" +44MB (measured capture high-water)
1790277923264 [admission] request cost: model="q9" ctx=65600 path=spec = 16704 B/token x ctx + 1504MB prefill-workspace + 109MB fixed = 2708MB
1790277923264 [admit-predict] id=chatcmpl-8c6e849a2ae38e952efc01c587e10dfc tenant="" model="q9" verdict=admit reason=tenant-p95 prompt=5760 predicted_completion=4817 kv_hat=1833086024 booked_bytes=0 booked_real=0 inflight=0 cap=64 budget_bytes=12831671424 retry_after_s=- exempt=0 enforce=0 live_free_bytes=-
1790277923270 [worker] spec-affinity: declined (history diverged at 6 of checkpoint 5728; 2 parked, 5760 prompt tokens; model q9)
1790277923273 [spec-k] model="q9" tenant="" K=3 source=cold-long prompt=5760 cached=0 lcp=6 active=1 wave=1 placement=single-or-non-pp2
1790277923274 [kv-vmm] admit id=chatcmpl-8c6e849a2ae38e952efc01c587e10dfc owed_before=0 session_mapped=188743680 session_reserved=1254096896 active=0
1790277923274 [kv-vmm] reap released=41943040 pending=0
1790277924248 [prime-yield] count=1 remaining=4 chunks=1 wall_ms=973.671 max_chunk_ms=973.671
1790277924686 [prime-yield] count=2 remaining=3 chunks=1 wall_ms=437.351 max_chunk_ms=437.351
1790277924757 [prime-yield] count=3 remaining=2 chunks=1 wall_ms=71.413 max_chunk_ms=71.413
1790277924784 [prime-yield] count=4 remaining=1 chunks=1 wall_ms=26.590 max_chunk_ms=26.590
1790277924795 [prefix-cache] insert (spec-boundary): 5728 tokens, 148.4MB (resident 2177.3MB / 2052MB, model q9)
1790277924795 [prefix-cache] evict (LRU): 1408 tokens, 76.2MB (model q9)
1790277924795 [prefix-cache] evict (LRU): 1408 tokens, 76.2MB (model q9)
1790277924960 [spec-acc] ctx=5761 burst=22/27 cum=22/27=0.815
1790277925189 [spec-acc] ctx=5793 burst=19/39 cum=41/66=0.621
1790277925430 [spec-acc] ctx=5825 burst=18/42 cum=59/108=0.546
1790277925583 [spec-acc] ctx=5857 burst=23/27 cum=82/135=0.607
1790277925768 [spec-acc] ctx=5889 burst=24/33 cum=106/168=0.631
1790277925934 [spec-acc] ctx=5924 burst=22/30 cum=128/198=0.646
1790277926099 [spec-acc] ctx=5956 burst=22/30 cum=150/228=0.658
1790277926263 [spec-acc] ctx=5988 burst=23/30 cum=173/258=0.671
1790277926425 [spec-acc] ctx=6021 burst=23/30 cum=196/288=0.681
1790277926620 [spec-acc] ctx=6054 burst=21/36 cum=217/324=0.670
1790277926849 [spec-acc] ctx=6087 burst=18/42 cum=235/366=0.642
1790277927059 [spec-acc] ctx=6119 burst=19/39 cum=254/405=0.627
1790277927205 [spec-acc] ctx=6151 burst=23/27 cum=277/432=0.641
1790277927404 [spec-acc] ctx=6183 burst=20/36 cum=297/468=0.635
1790277927586 [spec-acc] ctx=6215 burst=21/33 cum=318/501=0.635
1790277927764 [spec-acc] ctx=6247 burst=22/33 cum=340/534=0.637
1790277927928 [spec-acc] ctx=6280 burst=23/30 cum=363/564=0.644
1790277928107 [spec-acc] ctx=6313 burst=21/33 cum=384/597=0.643
1790277928306 [spec-acc] ctx=6345 burst=20/36 cum=404/633=0.638
1790277928468 [spec-acc] ctx=6377 burst=24/30 cum=428/663=0.646
1790277928630 [spec-acc] ctx=6411 burst=22/30 cum=450/693=0.649
1790277928842 [spec-acc] ctx=6443 burst=19/39 cum=469/732=0.641
1790277928991 [spec-acc] ctx=6475 burst=23/27 cum=492/759=0.648
1790277929121 [spec-acc] ctx=6507 burst=24/24 cum=516/783=0.659
1790277929299 [spec-acc] ctx=6539 burst=23/33 cum=539/816=0.661
1790277929461 [spec-acc] ctx=6573 burst=22/30 cum=561/846=0.663
1790277929658 [spec-acc] ctx=6605 burst=20/36 cum=581/882=0.659
1790277929808 [spec-acc] ctx=6637 burst=23/27 cum=604/909=0.664
1790277929973 [spec-acc] ctx=6669 burst=23/30 cum=627/939=0.668
1790277930120 [spec-acc] ctx=6702 burst=23/27 cum=650/966=0.673
1790277930282 [spec-acc] ctx=6734 burst=24/30 cum=674/996=0.677
1790277930494 [spec-acc] ctx=6768 burst=20/39 cum=694/1035=0.671
1790277930642 [spec-acc] ctx=6801 burst=23/27 cum=717/1062=0.675
1790277930793 [spec-acc] ctx=6833 burst=24/27 cum=741/1089=0.680
1790277930956 [spec-acc] ctx=6866 burst=22/30 cum=763/1119=0.682
1790277931103 [spec-acc] ctx=6898 burst=26/27 cum=789/1146=0.688
1790277931249 [spec-acc] ctx=6933 burst=23/27 cum=812/1173=0.692
1790277931430 [spec-acc] ctx=6965 burst=24/33 cum=836/1206=0.693
1790277931596 [spec-acc] ctx=7000 burst=22/30 cum=858/1236=0.694
1790277931761 [spec-acc] ctx=7032 burst=24/30 cum=882/1266=0.697
1790277931911 [spec-acc] ctx=7066 burst=26/27 cum=908/1293=0.702
1790277932112 [spec-acc] ctx=7101 burst=23/36 cum=931/1329=0.701
1790277932279 [spec-acc] ctx=7136 burst=24/30 cum=955/1359=0.703
1790277932428 [spec-acc] ctx=7170 burst=23/27 cum=978/1386=0.706
1790277932580 [spec-acc] ctx=7202 burst=26/27 cum=1004/1413=0.711
1790277932746 [spec-acc] ctx=7237 burst=23/30 cum=1027/1443=0.712
1790277932973 [spec-acc] ctx=7270 burst=19/39 cum=1046/1482=0.706
1790277933138 [spec-acc] ctx=7302 burst=24/30 cum=1070/1512=0.708
1790277933304 [spec-acc] ctx=7336 burst=24/30 cum=1094/1542=0.709
1790277933453 [spec-acc] ctx=7370 burst=25/27 cum=1119/1569=0.713
1790277933653 [spec-acc] ctx=7404 burst=20/36 cum=1139/1605=0.710
1790277933820 [spec-acc] ctx=7436 burst=24/30 cum=1163/1635=0.711
1790277933969 [spec-acc] ctx=7470 burst=25/27 cum=1188/1662=0.715
1790277934136 [spec-acc] ctx=7504 burst=23/30 cum=1211/1692=0.716
1790277934337 [spec-acc] ctx=7537 burst=22/36 cum=1233/1728=0.714
1790277934487 [spec-acc] ctx=7571 burst=26/27 cum=1259/1755=0.717
1790277934669 [spec-acc] ctx=7606 burst=24/33 cum=1283/1788=0.718
1790277934838 [spec-acc] ctx=7641 burst=25/30 cum=1308/1818=0.719
1790277934970 [spec-acc] ctx=7676 burst=24/24 cum=1332/1842=0.723
1790277935137 [spec-acc] ctx=7708 burst=23/30 cum=1355/1872=0.724
1790277935337 [spec-acc] ctx=7741 burst=20/36 cum=1375/1908=0.721
1790277935504 [spec-acc] ctx=7773 burst=24/30 cum=1399/1938=0.722
1790277935704 [spec-acc] ctx=7807 burst=20/36 cum=1419/1974=0.719
1790277935888 [spec-acc] ctx=7839 burst=22/33 cum=1441/2007=0.718
1790277936037 [spec-acc] ctx=7872 burst=25/27 cum=1466/2034=0.721
1790277936238 [spec-acc] ctx=7906 burst=21/36 cum=1487/2070=0.718
1790277936389 [spec-acc] ctx=7939 burst=23/27 cum=1510/2097=0.720
1790277936539 [spec-acc] ctx=7971 burst=26/27 cum=1536/2124=0.723
1790277936716 [spec-acc] ctx=8006 burst=22/30 cum=1558/2154=0.723
1790277936953 [spec-acc] ctx=8038 burst=21/39 cum=1579/2193=0.720
1790277937131 [spec-acc] ctx=8072 burst=22/30 cum=1601/2223=0.720
1790277937275 [spec-acc] ctx=8104 burst=24/24 cum=1625/2247=0.723
1790277937468 [spec-acc] ctx=8136 burst=21/33 cum=1646/2280=0.722
1790277937609 [spec-acc] ctx=8168 burst=24/24 cum=1670/2304=0.725
1790277937781 [spec-acc] ctx=8200 burst=24/30 cum=1694/2334=0.726
1790277937991 [spec-acc] ctx=8234 burst=23/36 cum=1717/2370=0.724
1790277938163 [spec-acc] ctx=8269 burst=25/30 cum=1742/2400=0.726
1790277938370 [spec-acc] ctx=8304 burst=22/36 cum=1764/2436=0.724
1790277938578 [spec-acc] ctx=8338 burst=20/36 cum=1784/2472=0.722
1790277938714 [spec-acc] ctx=8370 burst=24/24 cum=1808/2496=0.724
1790277938869 [spec-acc] ctx=8402 burst=23/27 cum=1831/2523=0.726
1790277939042 [spec-acc] ctx=8434 burst=23/30 cum=1854/2553=0.726
1790277939247 [spec-acc] ctx=8467 burst=20/36 cum=1874/2589=0.724
1790277939402 [spec-acc] ctx=8499 burst=25/27 cum=1899/2616=0.726
1790277939575 [spec-acc] ctx=8533 burst=23/30 cum=1922/2646=0.726
1790277939729 [spec-acc] ctx=8566 burst=23/27 cum=1945/2673=0.728
1790277939935 [spec-acc] ctx=8598 burst=23/36 cum=1968/2709=0.726
1790277940109 [spec-acc] ctx=8633 burst=24/30 cum=1992/2739=0.727
1790277940246 [spec-acc] ctx=8667 burst=24/24 cum=2016/2763=0.730
1790277940452 [spec-acc] ctx=8699 burst=22/36 cum=2038/2799=0.728
1790277940695 [spec-acc] ctx=8733 burst=20/42 cum=2058/2841=0.724
1790277940867 [spec-acc] ctx=8767 burst=22/30 cum=2080/2871=0.724
1790277941055 [spec-acc] ctx=8799 burst=23/33 cum=2103/2904=0.724
1790277941229 [spec-acc] ctx=8833 burst=22/30 cum=2125/2934=0.724
1790277941470 [spec-acc] ctx=8865 burst=18/42 cum=2143/2976=0.720
1790277941661 [spec-acc] ctx=8897 burst=21/33 cum=2164/3009=0.719
1790277941850 [spec-acc] ctx=8929 burst=22/33 cum=2186/3042=0.719
1790277942077 [spec-acc] ctx=8962 burst=19/39 cum=2205/3081=0.716
1790277942215 [spec-acc] ctx=8994 burst=24/24 cum=2229/3105=0.718
1790277942388 [spec-acc] ctx=9026 burst=24/30 cum=2253/3135=0.719
1790277942544 [spec-acc] ctx=9060 burst=25/27 cum=2278/3162=0.720
1790277942769 [spec-acc] ctx=9094 burst=19/39 cum=2297/3201=0.718
1790277942944 [spec-acc] ctx=9126 burst=22/30 cum=2319/3231=0.718
1790277943082 [spec-acc] ctx=9158 burst=24/24 cum=2343/3255=0.720
1790277943273 [spec-acc] ctx=9190 burst=21/33 cum=2364/3288=0.719
1790277943485 [spec-acc] ctx=9222 burst=20/36 cum=2384/3324=0.717
1790277943658 [spec-acc] ctx=9254 burst=22/30 cum=2406/3354=0.717
1790277943867 [spec-acc] ctx=9286 burst=22/36 cum=2428/3390=0.716
1790277944023 [spec-acc] ctx=9320 burst=26/27 cum=2454/3417=0.718
1790277944215 [spec-acc] ctx=9355 burst=24/33 cum=2478/3450=0.718
1790277944352 [spec-acc] ctx=9390 burst=24/24 cum=2502/3474=0.720
1790277944558 [spec-acc] ctx=9422 burst=20/36 cum=2522/3510=0.719
1790277944783 [spec-acc] ctx=9454 burst=22/39 cum=2544/3549=0.717
1790277944989 [spec-acc] ctx=9489 burst=22/36 cum=2566/3585=0.716
1790277945146 [spec-acc] ctx=9523 burst=24/27 cum=2590/3612=0.717
1790277945284 [spec-acc] ctx=9556 burst=24/24 cum=2614/3636=0.719
1790277945438 [spec-acc] ctx=9588 burst=25/27 cum=2639/3663=0.720
1790277945592 [spec-acc] ctx=9622 burst=26/27 cum=2665/3690=0.722
1790277945783 [spec-acc] ctx=9657 burst=23/33 cum=2688/3723=0.722
1790277945937 [spec-acc] ctx=9691 burst=24/27 cum=2712/3750=0.723
1790277946109 [spec-acc] ctx=9724 burst=23/30 cum=2735/3780=0.724
1790277946300 [spec-acc] ctx=9757 burst=22/33 cum=2757/3813=0.723
1790277946455 [spec-acc] ctx=9790 burst=25/27 cum=2782/3840=0.724
1790277946627 [spec-acc] ctx=9824 burst=25/30 cum=2807/3870=0.725
1790277946766 [spec-acc] ctx=9859 burst=24/24 cum=2831/3894=0.727
1790277946922 [spec-acc] ctx=9891 burst=25/27 cum=2856/3921=0.728
1790277946922 [kv-vmm] retire id=chatcmpl-8c6e849a2ae38e952efc01c587e10dfc planes=20 mapped=251658240 reserved=1254096896 used=165770496 slack_bytes=1187840 booked=2752056584
1790277946924 [meter] admit id=chatcmpl-0972860068421bb671f59e2322566bb6 tenant=default lane=interactive model="q9"
1790277946931 [kv-vmm] trim id=chatcmpl-8c6e849a2ae38e952efc01c587e10dfc pool=spec keep_rows=9989 released=41943040
1790277946932 [kv-vmm] ensure-walls n=131 us=3,3,5,2,1,0,4,3,2,3,3,2,2,2,2,3,3,3,3,4,4,5,3,3,3,2,3,3,3,2,2,2,3,3,3,3,3,3,3,2,2,3,3,3,2,2,3,3,3,2,3,3,3,3,3,4,2,3,2,3,3,3,10,3,2,3,3,2,2,3,3,3,3,3,2,3,8,3,3,3,3,3,3,3,3,3,3,4,3,4,3,2,2,3,2,4,3,2,2,3,2,3,4,3,3,2,2,3,3,2,3,3,2,3,2,3,3,3,3,3,7,3,3,2,3,2,2,2,3,2,2
1790277946938 [admission] per-session draft-state charge: model="q9" +44MB (measured capture high-water)
1790277946938 [admission] request cost: model="q9" ctx=65600 path=spec = 16704 B/token x ctx + 1504MB prefill-workspace + 109MB fixed = 2708MB
1790277946938 [admit-predict] id=chatcmpl-0972860068421bb671f59e2322566bb6 tenant="" model="q9" verdict=admit reason=tenant-p95 prompt=5763 predicted_completion=4817 kv_hat=1833185288 booked_bytes=0 booked_real=0 inflight=0 cap=64 budget_bytes=12831671424 retry_after_s=- exempt=0 enforce=0 live_free_bytes=-
1790277946943 [worker] spec-affinity: declined (history diverged at 6 of checkpoint 5728; 2 parked, 5763 prompt tokens; model q9)
1790277946944 [spec-k] model="q9" tenant="" K=3 source=cold-long prompt=5763 cached=0 lcp=6 active=1 wave=1 placement=single-or-non-pp2
1790277946944 [kv-vmm] admit id=chatcmpl-0972860068421bb671f59e2322566bb6 owed_before=0 session_mapped=146800640 session_reserved=1254096896 active=0
1790277946948 [kv-vmm] reap released=251658240 pending=0
1790277947915 [prime-yield] count=1 remaining=4 chunks=1 wall_ms=967.491 max_chunk_ms=967.491
1790277948347 [prime-yield] count=2 remaining=3 chunks=1 wall_ms=431.930 max_chunk_ms=431.930
1790277948413 [prime-yield] count=3 remaining=2 chunks=1 wall_ms=65.499 max_chunk_ms=65.499
1790277948439 [prime-yield] count=4 remaining=1 chunks=1 wall_ms=26.628 max_chunk_ms=26.628
1790277948450 [prefix-cache] insert (spec-boundary): 5728 tokens, 148.4MB (resident 2173.2MB / 2052MB, model q9)
1790277948450 [prefix-cache] evict (LRU): 1408 tokens, 76.2MB (model q9)
1790277948450 [prefix-cache] evict (LRU): 1408 tokens, 76.2MB (model q9)
1790277948629 [spec-acc] ctx=5764 burst=20/33 cum=20/33=0.606
1790277948833 [spec-acc] ctx=5796 burst=20/39 cum=40/72=0.556
1790277949038 [spec-acc] ctx=5829 burst=20/39 cum=60/111=0.541
1790277949187 [spec-acc] ctx=5862 burst=24/27 cum=84/138=0.609
1790277949391 [spec-acc] ctx=5895 burst=20/36 cum=104/174=0.598
1790277949558 [spec-acc] ctx=5927 burst=24/30 cum=128/204=0.627
1790277949791 [spec-acc] ctx=5961 burst=21/42 cum=149/246=0.606
1790277950005 [spec-acc] ctx=5996 burst=20/39 cum=169/285=0.593
1790277950220 [spec-acc] ctx=6029 burst=20/39 cum=189/324=0.583
1790277950404 [spec-acc] ctx=6062 burst=22/33 cum=211/357=0.591
1790277950604 [spec-acc] ctx=6095 burst=23/36 cum=234/393=0.595
1790277950804 [spec-acc] ctx=6130 burst=22/36 cum=256/429=0.597
1790277950950 [spec-acc] ctx=6164 burst=24/27 cum=280/456=0.614
1790277951151 [spec-acc] ctx=6197 burst=21/36 cum=301/492=0.612
1790277951351 [spec-acc] ctx=6230 burst=21/36 cum=322/528=0.610
1790277951535 [spec-acc] ctx=6263 burst=21/33 cum=343/561=0.611
1790277951719 [spec-acc] ctx=6295 burst=21/33 cum=364/594=0.613
1790277951882 [spec-acc] ctx=6327 burst=24/30 cum=388/624=0.622
1790277952051 [spec-acc] ctx=6361 burst=22/30 cum=410/654=0.627
1790277952235 [spec-acc] ctx=6393 burst=22/33 cum=432/687=0.629
1790277952435 [spec-acc] ctx=6426 burst=20/36 cum=452/723=0.625
1790277952619 [spec-acc] ctx=6458 burst=22/33 cum=474/756=0.627
1790277952784 [spec-acc] ctx=6491 burst=22/30 cum=496/786=0.631
1790277952961 [spec-acc] ctx=6523 burst=23/30 cum=519/816=0.636
1790277953113 [spec-acc] ctx=6556 burst=26/27 cum=545/843=0.647
1790277953316 [spec-acc] ctx=6591 burst=23/36 cum=568/879=0.646
1790277953521 [spec-acc] ctx=6626 burst=22/36 cum=590/915=0.645
1790277953671 [spec-acc] ctx=6660 burst=25/27 cum=615/942=0.653
1790277953823 [spec-acc] ctx=6694 burst=23/27 cum=638/969=0.658
1790277954022 [spec-acc] ctx=6726 burst=22/36 cum=660/1005=0.657
1790277954222 [spec-acc] ctx=6760 burst=20/36 cum=680/1041=0.653
1790277954454 [spec-acc] ctx=6792 burst=20/42 cum=700/1083=0.646
1790277954653 [spec-acc] ctx=6826 burst=21/36 cum=721/1119=0.644
1790277954804 [spec-acc] ctx=6859 burst=23/27 cum=744/1146=0.649
1790277954953 [spec-acc] ctx=6891 burst=24/27 cum=768/1173=0.655
1790277955154 [spec-acc] ctx=6924 burst=20/36 cum=788/1209=0.652
1790277955354 [spec-acc] ctx=6956 burst=22/36 cum=810/1245=0.651
1790277955539 [spec-acc] ctx=6990 burst=21/33 cum=831/1278=0.650
1790277955739 [spec-acc] ctx=7022 burst=21/36 cum=852/1314=0.648
1790277955872 [spec-acc] ctx=7055 burst=24/24 cum=876/1338=0.655
1790277956056 [spec-acc] ctx=7087 burst=23/33 cum=899/1371=0.656
1790277956207 [spec-acc] ctx=7121 burst=23/27 cum=922/1398=0.660
1790277956389 [spec-acc] ctx=7153 burst=21/33 cum=943/1431=0.659
1790277956607 [spec-acc] ctx=7185 burst=19/39 cum=962/1470=0.654
1790277956773 [spec-acc] ctx=7217 burst=25/30 cum=987/1500=0.658
1790277956908 [spec-acc] ctx=7252 burst=24/24 cum=1011/1524=0.663
1790277957090 [spec-acc] ctx=7284 burst=23/33 cum=1034/1557=0.664
1790277957241 [spec-acc] ctx=7318 burst=25/27 cum=1059/1584=0.669
1790277957426 [spec-acc] ctx=7352 burst=21/33 cum=1080/1617=0.668
1790277957575 [spec-acc] ctx=7384 burst=25/27 cum=1105/1644=0.672
1790277957742 [spec-acc] ctx=7418 burst=23/30 cum=1128/1674=0.674
1790277957959 [spec-acc] ctx=7451 burst=19/39 cum=1147/1713=0.670
1790277958110 [spec-acc] ctx=7483 burst=23/27 cum=1170/1740=0.672
1790277958242 [spec-acc] ctx=7515 burst=24/24 cum=1194/1764=0.677
1790277958426 [spec-acc] ctx=7547 burst=23/33 cum=1217/1797=0.677
1790277958610 [spec-acc] ctx=7581 burst=23/33 cum=1240/1830=0.678
1790277958760 [spec-acc] ctx=7615 burst=25/27 cum=1265/1857=0.681
1790277958943 [spec-acc] ctx=7649 burst=24/33 cum=1289/1890=0.682
1790277959144 [spec-acc] ctx=7684 burst=22/36 cum=1311/1926=0.681
1790277959377 [spec-acc] ctx=7718 burst=18/42 cum=1329/1968=0.675
1790277959544 [spec-acc] ctx=7750 burst=23/30 cum=1352/1998=0.677
1790277959761 [spec-acc] ctx=7783 burst=21/39 cum=1373/2037=0.674
1790277959894 [spec-acc] ctx=7817 burst=24/24 cum=1397/2061=0.678
1790277960045 [spec-acc] ctx=7849 burst=23/27 cum=1420/2088=0.680
1790277960195 [spec-acc] ctx=7881 burst=25/27 cum=1445/2115=0.683
1790277960363 [spec-acc] ctx=7915 burst=23/30 cum=1468/2145=0.684
1790277960530 [spec-acc] ctx=7948 burst=22/30 cum=1490/2175=0.685
1790277960714 [spec-acc] ctx=7980 burst=24/33 cum=1514/2208=0.686
1790277960847 [spec-acc] ctx=8015 burst=24/24 cum=1538/2232=0.689
1790277961048 [spec-acc] ctx=8047 burst=20/36 cum=1558/2268=0.687
1790277961215 [spec-acc] ctx=8079 burst=23/30 cum=1581/2298=0.688
1790277961416 [spec-acc] ctx=8112 burst=23/36 cum=1604/2334=0.687
1790277961600 [spec-acc] ctx=8147 burst=22/33 cum=1626/2367=0.687
1790277961800 [spec-acc] ctx=8180 burst=23/36 cum=1649/2403=0.686
1790277961934 [spec-acc] ctx=8215 burst=24/24 cum=1673/2427=0.689
1790277962134 [spec-acc] ctx=8247 burst=22/36 cum=1695/2463=0.688
1790277962284 [spec-acc] ctx=8281 burst=25/27 cum=1720/2490=0.691
1790277962469 [spec-acc] ctx=8315 burst=22/33 cum=1742/2523=0.690
1790277962653 [spec-acc] ctx=8348 burst=24/33 cum=1766/2556=0.691
1790277962837 [spec-acc] ctx=8383 burst=21/33 cum=1787/2589=0.690
1790277963055 [spec-acc] ctx=8415 burst=22/39 cum=1809/2628=0.688
1790277963205 [spec-acc] ctx=8450 burst=23/27 cum=1832/2655=0.690
1790277963423 [spec-acc] ctx=8482 burst=21/39 cum=1853/2694=0.688
1790277963608 [spec-acc] ctx=8516 burst=22/33 cum=1875/2727=0.688
1790277963826 [spec-acc] ctx=8549 burst=19/39 cum=1894/2766=0.685
1790277963977 [spec-acc] ctx=8581 burst=24/27 cum=1918/2793=0.687
1790277964111 [spec-acc] ctx=8614 burst=24/24 cum=1942/2817=0.689
1790277964346 [spec-acc] ctx=8646 burst=21/42 cum=1963/2859=0.687
1790277964535 [spec-acc] ctx=8681 burst=21/33 cum=1984/2892=0.686
1790277964703 [spec-acc] ctx=8713 burst=23/30 cum=2007/2922=0.687
1790277964854 [spec-acc] ctx=8746 burst=25/27 cum=2032/2949=0.689
1790277965022 [spec-acc] ctx=8780 burst=25/30 cum=2057/2979=0.691
1790277965174 [spec-acc] ctx=8815 burst=24/27 cum=2081/3006=0.692
1790277965326 [spec-acc] ctx=8848 burst=23/27 cum=2104/3033=0.694
1790277965477 [spec-acc] ctx=8880 burst=24/27 cum=2128/3060=0.695
1790277965629 [spec-acc] ctx=8913 burst=25/27 cum=2153/3087=0.697
1790277965835 [spec-acc] ctx=8947 burst=20/36 cum=2173/3123=0.696
1790277965988 [spec-acc] ctx=8979 burst=24/27 cum=2197/3150=0.697
1790277966123 [spec-acc] ctx=9012 burst=24/24 cum=2221/3174=0.700
1790277966309 [spec-acc] ctx=9044 burst=24/33 cum=2245/3207=0.700
1790277966444 [spec-acc] ctx=9079 burst=24/24 cum=2269/3231=0.702
1790277966613 [spec-acc] ctx=9111 burst=23/30 cum=2292/3261=0.703
1790277966766 [spec-acc] ctx=9144 burst=25/27 cum=2317/3288=0.705
1790277966924 [spec-acc] ctx=9178 burst=25/27 cum=2342/3315=0.706
1790277967111 [spec-acc] ctx=9212 burst=21/33 cum=2363/3348=0.706
1790277967298 [spec-acc] ctx=9244 burst=21/33 cum=2384/3381=0.705
1790277967433 [spec-acc] ctx=9276 burst=24/24 cum=2408/3405=0.707
1790277967569 [spec-acc] ctx=9308 burst=24/24 cum=2432/3429=0.709
1790277967763 [spec-acc] ctx=9340 burst=22/33 cum=2454/3462=0.709
1790277967987 [spec-acc] ctx=9373 burst=20/36 cum=2474/3498=0.707
1790277968136 [spec-acc] ctx=9405 burst=24/24 cum=2498/3522=0.709
1790277968299 [spec-acc] ctx=9437 burst=24/27 cum=2522/3549=0.711
1790277968461 [spec-acc] ctx=9470 burst=24/27 cum=2546/3576=0.712
1790277968625 [spec-acc] ctx=9503 burst=26/27 cum=2572/3603=0.714
1790277968819 [spec-acc] ctx=9538 burst=24/33 cum=2596/3636=0.714
1790277968996 [spec-acc] ctx=9573 burst=22/30 cum=2618/3666=0.714
1790277969172 [spec-acc] ctx=9605 burst=25/30 cum=2643/3696=0.715
1790277969313 [spec-acc] ctx=9640 burst=24/24 cum=2667/3720=0.717
1790277969454 [spec-acc] ctx=9672 burst=24/24 cum=2691/3744=0.719
1790277969649 [spec-acc] ctx=9704 burst=23/33 cum=2714/3777=0.719
1790277969830 [spec-acc] ctx=9738 burst=23/30 cum=2737/3807=0.719
1790277969989 [spec-acc] ctx=9771 burst=23/27 cum=2760/3834=0.720
1790277970149 [spec-acc] ctx=9803 burst=24/27 cum=2784/3861=0.721
1790277970307 [spec-acc] ctx=9836 burst=25/27 cum=2809/3888=0.722
1790277970449 [spec-acc] ctx=9870 burst=24/24 cum=2833/3912=0.724
1790277970627 [spec-acc] ctx=9902 burst=23/30 cum=2856/3942=0.725
1790277970766 [spec-acc] ctx=9935 burst=24/24 cum=2880/3966=0.726
1790277970944 [spec-acc] ctx=9967 burst=22/30 cum=2902/3996=0.726
1790277971101 [spec-acc] ctx=9999 burst=25/27 cum=2927/4023=0.728
1790277971261 [spec-acc] ctx=10033 burst=23/27 cum=2950/4050=0.728
1790277971508 [spec-acc] ctx=10065 burst=18/42 cum=2968/4092=0.725
1790277971721 [spec-acc] ctx=10097 burst=20/36 cum=2988/4128=0.724
1790277971881 [spec-acc] ctx=10129 burst=23/27 cum=3011/4155=0.725
1790277972039 [spec-acc] ctx=10161 burst=25/27 cum=3036/4182=0.726
1790277972216 [spec-acc] ctx=10195 burst=25/30 cum=3061/4212=0.727
1790277972392 [spec-acc] ctx=10230 burst=25/30 cum=3086/4242=0.727
1790277972533 [spec-acc] ctx=10265 burst=24/24 cum=3110/4266=0.729
1790277972671 [spec-acc] ctx=10297 burst=24/24 cum=3134/4290=0.731
1790277972829 [spec-acc] ctx=10329 burst=26/27 cum=3160/4317=0.732
1790277972829 [kv-vmm] retire id=chatcmpl-0972860068421bb671f59e2322566bb6 planes=20 mapped=251658240 reserved=1254096896 used=173103552 slack_bytes=1187840 booked=2752105736
1790277972831 [meter] admit id=chatcmpl-a8b1f3cecf2806179dd260661928bb27 tenant=default lane=interactive model="q9"
1790277972839 [kv-vmm] trim id=chatcmpl-0972860068421bb671f59e2322566bb6 pool=spec keep_rows=10428 released=41943040
1790277972839 [kv-vmm] ensure-walls n=144 us=2,2,2,2,1,0,2,2,2,2,3,3,2,4,2,3,3,2,2,2,2,2,2,2,2,2,3,2,2,2,2,2,2,2,2,2,2,2,2,2,2,2,2,2,2,2,2,2,2,3,2,2,2,3,3,2,2,2,2,2,2,7,2,2,3,3,2,2,2,2,2,2,2,3,2,2,6,2,3,4,2,2,2,2,2,2,2,2,2,2,2,1,2,2,2,2,2,2,2,2,2,2,2,3,2,2,2,2,3,3,2,2,3,1,2,2,2,2,2,6,2,2,2,2,2,4,2,2,2,2,2,2,2,2,2,3,2,2,2,2,2,2,2,2
1790277972846 [admission] per-session draft-state charge: model="q9" +44MB (measured capture high-water)
1790277972846 [admission] request cost: model="q9" ctx=65600 path=spec = 16704 B/token x ctx + 1504MB prefill-workspace + 109MB fixed = 2708MB
1790277972846 [admit-predict] id=chatcmpl-a8b1f3cecf2806179dd260661928bb27 tenant="" model="q9" verdict=admit reason=tenant-p95 prompt=5761 predicted_completion=4817 kv_hat=1833119112 booked_bytes=0 booked_real=0 inflight=0 cap=64 budget_bytes=12831671424 retry_after_s=- exempt=0 enforce=0 live_free_bytes=-
1790277972851 [worker] spec-affinity: declined (history diverged at 6 of checkpoint 5728; 2 parked, 5761 prompt tokens; model q9)
1790277972852 [spec-k] model="q9" tenant="" K=3 source=cold-long prompt=5761 cached=0 lcp=6 active=1 wave=1 placement=single-or-non-pp2
1790277972852 [kv-vmm] admit id=chatcmpl-a8b1f3cecf2806179dd260661928bb27 owed_before=0 session_mapped=146800640 session_reserved=1254096896 active=0
1790277972855 [kv-vmm] reap released=230686720 pending=0
1790277973826 [prime-yield] count=1 remaining=4 chunks=1 wall_ms=971.028 max_chunk_ms=971.028
1790277974257 [prime-yield] count=2 remaining=3 chunks=1 wall_ms=430.775 max_chunk_ms=430.775
1790277974324 [prime-yield] count=3 remaining=2 chunks=1 wall_ms=66.785 max_chunk_ms=66.785
1790277974352 [prime-yield] count=4 remaining=1 chunks=1 wall_ms=28.101 max_chunk_ms=28.101
1790277974363 [prefix-cache] insert (spec-boundary): 5728 tokens, 148.4MB (resident 2169.2MB / 2052MB, model q9)
1790277974363 [prefix-cache] evict (LRU): 1632 tokens, 80.0MB (model q9)
1790277974363 [prefix-cache] evict (LRU): 1632 tokens, 80.0MB (model q9)
1790277974545 [spec-acc] ctx=5762 burst=22/30 cum=22/30=0.733
1790277974791 [spec-acc] ctx=5795 burst=19/42 cum=41/72=0.569
1790277975016 [spec-acc] ctx=5828 burst=21/39 cum=62/111=0.559
1790277975153 [spec-acc] ctx=5862 burst=24/24 cum=86/135=0.637
1790277975388 [spec-acc] ctx=5894 burst=19/42 cum=105/177=0.593
1790277975588 [spec-acc] ctx=5927 burst=20/36 cum=125/213=0.587
1790277975803 [spec-acc] ctx=5959 burst=21/39 cum=146/252=0.579
1790277975982 [spec-acc] ctx=5993 burst=21/33 cum=167/285=0.586
1790277976231 [spec-acc] ctx=6025 burst=19/45 cum=186/330=0.564
1790277976441 [spec-acc] ctx=6059 burst=19/39 cum=205/369=0.556
1790277976635 [spec-acc] ctx=6091 burst=23/36 cum=228/405=0.563
1790277976814 [spec-acc] ctx=6126 burst=21/33 cum=249/438=0.568
1790277976980 [spec-acc] ctx=6158 burst=23/30 cum=272/468=0.581
1790277977144 [spec-acc] ctx=6191 burst=22/30 cum=294/498=0.590
1790277977339 [spec-acc] ctx=6223 burst=21/36 cum=315/534=0.590
1790277977517 [spec-acc] ctx=6256 burst=22/33 cum=337/567=0.594
1790277977698 [spec-acc] ctx=6289 burst=23/33 cum=360/600=0.600
1790277977898 [spec-acc] ctx=6323 burst=20/36 cum=380/636=0.597
1790277978111 [spec-acc] ctx=6355 burst=20/39 cum=400/675=0.593
1790277978257 [spec-acc] ctx=6388 burst=25/27 cum=425/702=0.605
1790277978420 [spec-acc] ctx=6422 burst=23/30 cum=448/732=0.612
1790277978584 [spec-acc] ctx=6455 burst=24/30 cum=472/762=0.619
1790277978766 [spec-acc] ctx=6489 burst=22/33 cum=494/795=0.621
1790277978915 [spec-acc] ctx=6522 burst=23/27 cum=517/822=0.629
1790277979100 [spec-acc] ctx=6554 burst=24/33 cum=541/855=0.633
1790277979266 [spec-acc] ctx=6589 burst=24/30 cum=565/885=0.638
1790277979448 [spec-acc] ctx=6623 burst=21/33 cum=586/918=0.638
1790277979644 [spec-acc] ctx=6655 burst=20/36 cum=606/954=0.635
1790277979839 [spec-acc] ctx=6687 burst=21/36 cum=627/990=0.633
1790277980002 [spec-acc] ctx=6720 burst=24/30 cum=651/1020=0.638
1790277980152 [spec-acc] ctx=6754 burst=23/27 cum=674/1047=0.644
1790277980368 [spec-acc] ctx=6786 burst=20/39 cum=694/1086=0.639
1790277980568 [spec-acc] ctx=6819 burst=21/36 cum=715/1122=0.637
1790277980769 [spec-acc] ctx=6852 burst=22/36 cum=737/1158=0.636
1790277980969 [spec-acc] ctx=6886 burst=20/36 cum=757/1194=0.634
1790277981186 [spec-acc] ctx=6918 burst=19/39 cum=776/1233=0.629
1790277981419 [spec-acc] ctx=6950 burst=20/42 cum=796/1275=0.624
1790277981603 [spec-acc] ctx=6984 burst=23/33 cum=819/1308=0.626
1790277981754 [spec-acc] ctx=7018 burst=23/27 cum=842/1335=0.631
1790277981920 [spec-acc] ctx=7050 burst=25/30 cum=867/1365=0.635
1790277982087 [spec-acc] ctx=7085 burst=24/30 cum=891/1395=0.639
1790277982255 [spec-acc] ctx=7119 burst=25/30 cum=916/1425=0.643
1790277982421 [spec-acc] ctx=7154 burst=23/30 cum=939/1455=0.645
1790277982588 [spec-acc] ctx=7187 burst=23/30 cum=962/1485=0.648
1790277982789 [spec-acc] ctx=7220 burst=22/36 cum=984/1521=0.647
1790277982989 [spec-acc] ctx=7254 burst=23/36 cum=1007/1557=0.647
1790277983140 [spec-acc] ctx=7289 burst=23/27 cum=1030/1584=0.650
1790277983357 [spec-acc] ctx=7321 burst=19/39 cum=1049/1623=0.646
1790277983489 [spec-acc] ctx=7353 burst=24/24 cum=1073/1647=0.651
1790277983660 [spec-acc] ctx=7385 burst=25/30 cum=1098/1677=0.655
1790277983809 [spec-acc] ctx=7420 burst=24/27 cum=1122/1704=0.658
1790277984026 [spec-acc] ctx=7453 burst=19/39 cum=1141/1743=0.655
1790277984177 [spec-acc] ctx=7485 burst=23/27 cum=1164/1770=0.658
1790277984344 [spec-acc] ctx=7517 burst=23/30 cum=1187/1800=0.659
1790277984544 [spec-acc] ctx=7550 burst=22/36 cum=1209/1836=0.658
1790277984710 [spec-acc] ctx=7584 burst=22/30 cum=1231/1866=0.660
1790277984860 [spec-acc] ctx=7616 burst=23/27 cum=1254/1893=0.662
1790277985063 [spec-acc] ctx=7648 burst=20/36 cum=1274/1929=0.660
1790277985195 [spec-acc] ctx=7680 burst=24/24 cum=1298/1953=0.665
1790277985344 [spec-acc] ctx=7712 burst=26/27 cum=1324/1980=0.669
1790277985510 [spec-acc] ctx=7747 burst=25/30 cum=1349/2010=0.671
1790277985778 [spec-acc] ctx=7782 burst=17/48 cum=1366/2058=0.664
1790277985961 [spec-acc] ctx=7815 burst=21/33 cum=1387/2091=0.663
1790277986128 [spec-acc] ctx=7847 burst=25/30 cum=1412/2121=0.666
1790277986362 [spec-acc] ctx=7882 burst=20/42 cum=1432/2163=0.662
1790277986495 [spec-acc] ctx=7916 burst=24/24 cum=1456/2187=0.666
1790277986646 [spec-acc] ctx=7948 burst=24/27 cum=1480/2214=0.668
1790277986830 [spec-acc] ctx=7981 burst=22/33 cum=1502/2247=0.668
1790277986981 [spec-acc] ctx=8014 burst=23/27 cum=1525/2274=0.671
1790277987148 [spec-acc] ctx=8046 burst=24/30 cum=1549/2304=0.672
1790277987332 [spec-acc] ctx=8080 burst=22/33 cum=1571/2337=0.672
1790277987517 [spec-acc] ctx=8113 burst=21/33 cum=1592/2370=0.672
1790277987667 [spec-acc] ctx=8145 burst=25/27 cum=1617/2397=0.675
1790277987868 [spec-acc] ctx=8179 burst=22/36 cum=1639/2433=0.674
1790277988086 [spec-acc] ctx=8213 burst=20/39 cum=1659/2472=0.671
1790277988254 [spec-acc] ctx=8246 burst=23/30 cum=1682/2502=0.672
1790277988404 [spec-acc] ctx=8279 burst=23/27 cum=1705/2529=0.674
1790277988573 [spec-acc] ctx=8311 burst=22/30 cum=1727/2559=0.675
1790277988791 [spec-acc] ctx=8343 burst=22/39 cum=1749/2598=0.673
1790277988958 [spec-acc] ctx=8378 burst=25/30 cum=1774/2628=0.675
1790277989143 [spec-acc] ctx=8413 burst=23/33 cum=1797/2661=0.675
1790277989378 [spec-acc] ctx=8447 burst=19/42 cum=1816/2703=0.672
1790277989566 [spec-acc] ctx=8480 burst=23/33 cum=1839/2736=0.672
1790277989751 [spec-acc] ctx=8514 burst=21/33 cum=1860/2769=0.672
1790277989886 [spec-acc] ctx=8546 burst=24/24 cum=1884/2793=0.675
1790277990037 [spec-acc] ctx=8578 burst=25/27 cum=1909/2820=0.677
1790277990238 [spec-acc] ctx=8612 burst=20/36 cum=1929/2856=0.675
1790277990390 [spec-acc] ctx=8644 burst=26/27 cum=1955/2883=0.678
1790277990541 [spec-acc] ctx=8679 burst=23/27 cum=1978/2910=0.680
1790277990693 [spec-acc] ctx=8711 burst=26/27 cum=2004/2937=0.682
1790277990895 [spec-acc] ctx=8746 burst=20/36 cum=2024/2973=0.681
1790277991046 [spec-acc] ctx=8778 burst=25/27 cum=2049/3000=0.683
1790277991200 [spec-acc] ctx=8812 burst=24/27 cum=2073/3027=0.685
1790277991370 [spec-acc] ctx=8845 burst=23/30 cum=2096/3057=0.686
1790277991522 [spec-acc] ctx=8878 burst=25/27 cum=2121/3084=0.688
1790277991675 [spec-acc] ctx=8912 burst=25/27 cum=2146/3111=0.690
1790277991844 [spec-acc] ctx=8946 burst=25/30 cum=2171/3141=0.691
1790277991979 [spec-acc] ctx=8981 burst=24/24 cum=2195/3165=0.694
1790277991979 [kv-vmm] retire id=chatcmpl-a8b1f3cecf2806179dd260661928bb27 planes=20 mapped=230686720 reserved=1254096896 used=150536448 slack_bytes=1187840 booked=2752072968
1790277991988 [meter] admit id=chatcmpl-0f3546461f10716fe561dd9f9814c1e5 tenant=default lane=interactive model="q9"
1790277991989 [kv-vmm] trim id=chatcmpl-a8b1f3cecf2806179dd260661928bb27 pool=spec keep_rows=9077 released=41943040
1790277991989 [kv-vmm] ensure-walls n=103 us=2,3,2,2,1,1,2,3,2,3,2,2,2,1,2,2,2,2,2,2,2,2,2,2,3,2,2,3,3,2,2,2,2,2,2,2,2,4,2,2,2,2,2,2,2,2,2,2,5,2,2,2,3,2,2,2,2,2,4,2,2,10,2,2,2,2,2,2,3,2,2,2,2,2,2,3,6,2,2,2,3,3,2,3,2,2,3,2,4,2,2,2,2,2,2,2,2,2,2,2,2,2,2
1790277991994 [admission] per-session draft-state charge: model="q9" +44MB (measured capture high-water)
1790277991994 [admission] request cost: model="q9" ctx=5824 path=spec = 16704 B/token x ctx + 1502MB prefill-workspace + 109MB fixed = 1708MB
1790277991994 [admit-predict] id=chatcmpl-0f3546461f10716fe561dd9f9814c1e5 tenant="" model="q9" verdict=admit reason=tenant-p95 prompt=5664 predicted_completion=96 kv_hat=1751049992 booked_bytes=0 booked_real=0 inflight=0 cap=64 budget_bytes=12831671424 retry_after_s=- exempt=0 enforce=0 live_free_bytes=-
1790277991999 [worker] spec-affinity: declined (history diverged at 4 of checkpoint 5728; 2 parked, 5664 prompt tokens; model q9)
1790277991999 [spec-k] model="q9" tenant="" K=3 source=cold-long prompt=5664 cached=0 lcp=5 active=1 wave=1 placement=single-or-non-pp2
1790277991999 [admission] fixed residual high-water: model="q9" 114MB (observed 210MB at ctx 5768 path=spec)
1790277991999 [kv-vmm] admit id=chatcmpl-0f3546461f10716fe561dd9f9814c1e5 owed_before=0 session_mapped=0 session_reserved=0 active=0
1790277992002 [kv-vmm] reap released=251658240 pending=0
1790277992973 [prime-yield] count=1 remaining=4 chunks=1 wall_ms=970.877 max_chunk_ms=970.877
1790277993367 [prime-yield] count=2 remaining=3 chunks=1 wall_ms=393.960 max_chunk_ms=393.960
1790277993439 [prime-yield] count=3 remaining=2 chunks=1 wall_ms=72.254 max_chunk_ms=72.254
1790277993467 [prime-yield] count=4 remaining=1 chunks=1 wall_ms=27.628 max_chunk_ms=27.628
1790277993478 [prefix-cache] insert (spec-boundary): 5632 tokens, 146.8MB (resident 2156.0MB / 2052MB, model q9)
1790277993478 [prefix-cache] evict (LRU): 1632 tokens, 80.0MB (model q9)
1790277993478 [prefix-cache] evict (LRU): 1632 tokens, 80.0MB (model q9)
1790277993642 [spec-acc] ctx=5665 burst=22/27 cum=22/27=0.815
1790277993888 [spec-acc] ctx=5697 burst=20/42 cum=42/69=0.609
1790277994077 [spec-acc] ctx=5731 burst=18/33 cum=60/102=0.588
1790277994091 [kv-vmm] reap released=209715200 pending=0
1790277994092 [meter] admit id=chatcmpl-42e59ef7bf43fddeabe9b72973f07212 tenant=default lane=interactive model="q9"
1790277994100 [admission] per-session draft-state charge: model="q9" +44MB (measured capture high-water)
1790277994100 [admission] request cost: model="q9" ctx=5820 path=spec = 16704 B/token x ctx + 1502MB prefill-workspace + 114MB fixed = 1713MB
1790277994100 [admit-predict] id=chatcmpl-42e59ef7bf43fddeabe9b72973f07212 tenant="" model="q9" verdict=admit reason=tenant-p95 prompt=5660 predicted_completion=96 kv_hat=1755934408 booked_bytes=0 booked_real=0 inflight=0 cap=64 budget_bytes=12831671424 retry_after_s=- exempt=0 enforce=0 live_free_bytes=-
1790277994106 [worker] spec-affinity: declined (history diverged at 4 of checkpoint 5728; 2 parked, 5660 prompt tokens; model q9)
1790277994107 [spec-k] model="q9" tenant="" K=3 source=cold-long prompt=5660 cached=0 lcp=6 active=1 wave=1 placement=single-or-non-pp2
1790277994107 [kv-vmm] admit id=chatcmpl-42e59ef7bf43fddeabe9b72973f07212 owed_before=0 session_mapped=0 session_reserved=0 active=0
1790277995076 [prime-yield] count=1 remaining=4 chunks=1 wall_ms=969.368 max_chunk_ms=969.368
1790277995468 [prime-yield] count=2 remaining=3 chunks=1 wall_ms=391.489 max_chunk_ms=391.489
1790277995533 [prime-yield] count=3 remaining=2 chunks=1 wall_ms=65.479 max_chunk_ms=65.479
1790277995561 [prime-yield] count=4 remaining=1 chunks=1 wall_ms=27.300 max_chunk_ms=27.300
1790277995571 [prefix-cache] insert (spec-boundary): 5632 tokens, 146.8MB (resident 2142.9MB / 2052MB, model q9)
1790277995571 [prefix-cache] evict (LRU): 1632 tokens, 80.0MB (model q9)
1790277995571 [prefix-cache] evict (LRU): 3072 tokens, 104.0MB (model q9)
1790277995733 [spec-acc] ctx=5661 burst=22/27 cum=22/27=0.815
1790277996029 [spec-acc] ctx=5693 burst=18/51 cum=40/78=0.513
1790277996181 [spec-acc] ctx=5728 burst=22/27 cum=62/105=0.590
1790277996190 [meter] admit id=chatcmpl-5a44ec5a6e375da3561dc398ec66cfa2 tenant=default lane=interactive model="q9"
1790277996197 [admission] per-session draft-state charge: model="q9" +44MB (measured capture high-water)
1790277996197 [admission] request cost: model="q9" ctx=5813 path=spec = 16704 B/token x ctx + 1502MB prefill-workspace + 114MB fixed = 1713MB
1790277996197 [admit-predict] id=chatcmpl-5a44ec5a6e375da3561dc398ec66cfa2 tenant="" model="q9" verdict=admit reason=tenant-p95 prompt=5653 predicted_completion=96 kv_hat=1755702792 booked_bytes=0 booked_real=0 inflight=0 cap=64 budget_bytes=12831671424 retry_after_s=- exempt=0 enforce=0 live_free_bytes=-
1790277996202 [worker] spec-affinity: declined (history diverged at 6 of checkpoint 5632; 2 parked, 5653 prompt tokens; model q9)
1790277996202 [spec-k] model="q9" tenant="" K=3 source=cold-long prompt=5653 cached=0 lcp=6 active=1 wave=1 placement=single-or-non-pp2
1790277996202 [kv-vmm] admit id=chatcmpl-5a44ec5a6e375da3561dc398ec66cfa2 owed_before=0 session_mapped=0 session_reserved=0 active=0
1790277996204 [kv-vmm] reap released=188743680 pending=0
1790277997139 [prime-yield] count=1 remaining=4 chunks=1 wall_ms=934.761 max_chunk_ms=934.761
1790277997531 [prime-yield] count=2 remaining=3 chunks=1 wall_ms=391.952 max_chunk_ms=391.952
1790277997597 [prime-yield] count=3 remaining=2 chunks=1 wall_ms=66.128 max_chunk_ms=66.128
1790277997624 [prime-yield] count=4 remaining=1 chunks=1 wall_ms=27.559 max_chunk_ms=27.559
1790277997635 [prefix-cache] insert (spec-boundary): 5632 tokens, 146.8MB (resident 2105.7MB / 2052MB, model q9)
1790277997635 [prefix-cache] evict (LRU): 3072 tokens, 104.0MB (model q9)
1790277997794 [spec-acc] ctx=5654 burst=23/27 cum=23/27=0.852
1790277998001 [spec-acc] ctx=5687 burst=20/36 cum=43/63=0.683
1790277998189 [spec-acc] ctx=5719 burst=22/33 cum=65/96=0.677
1790277998198 [meter] admit id=chatcmpl-040d3f233c927d0e5b197caef8bafcb4 tenant=default lane=interactive model="q9"
1790277998204 [admission] per-session draft-state charge: model="q9" +44MB (measured capture high-water)
1790277998204 [admission] request cost: model="q9" ctx=5810 path=spec = 16704 B/token x ctx + 1502MB prefill-workspace + 114MB fixed = 1713MB
1790277998204 [admit-predict] id=chatcmpl-040d3f233c927d0e5b197caef8bafcb4 tenant="" model="q9" verdict=admit reason=tenant-p95 prompt=5650 predicted_completion=96 kv_hat=1755603528 booked_bytes=0 booked_real=0 inflight=0 cap=64 budget_bytes=12831671424 retry_after_s=- exempt=0 enforce=0 live_free_bytes=-
1790277998209 [worker] spec-affinity: declined (history diverged at 6 of checkpoint 5632; 2 parked, 5650 prompt tokens; model q9)
1790277998210 [spec-k] model="q9" tenant="" K=3 source=cold-long prompt=5650 cached=0 lcp=6 active=1 wave=1 placement=single-or-non-pp2
1790277998210 [kv-vmm] admit id=chatcmpl-040d3f233c927d0e5b197caef8bafcb4 owed_before=0 session_mapped=0 session_reserved=0 active=0
1790277999140 [prime-yield] count=1 remaining=4 chunks=1 wall_ms=930.222 max_chunk_ms=930.222
1790277999528 [prime-yield] count=2 remaining=3 chunks=1 wall_ms=387.703 max_chunk_ms=387.703
1790277999591 [prime-yield] count=3 remaining=2 chunks=1 wall_ms=63.566 max_chunk_ms=63.566
1790277999618 [prime-yield] count=4 remaining=1 chunks=1 wall_ms=26.433 max_chunk_ms=26.433
1790277999628 [prefix-cache] insert (spec-boundary): 5632 tokens, 146.8MB (resident 2148.4MB / 2052MB, model q9)
1790277999628 [prefix-cache] evict (LRU): 3072 tokens, 104.0MB (model q9)
1790277999818 [spec-acc] ctx=5651 burst=21/33 cum=21/33=0.636
1790278000055 [spec-acc] ctx=5684 burst=19/42 cum=40/75=0.533
1790278000222 [spec-acc] ctx=5717 burst=20/30 cum=60/105=0.571
1790278000232 [meter] admit id=chatcmpl-28cf4cd116da6f57851149069e6d654c tenant=default lane=interactive model="q9"
1790278000237 [admission] per-session draft-state charge: model="q9" +44MB (measured capture high-water)
1790278000237 [admission] request cost: model="q9" ctx=5807 path=spec = 16704 B/token x ctx + 1502MB prefill-workspace + 114MB fixed = 1713MB
1790278000237 [admit-predict] id=chatcmpl-28cf4cd116da6f57851149069e6d654c tenant="" model="q9" verdict=admit reason=tenant-p95 prompt=5647 predicted_completion=96 kv_hat=1755504264 booked_bytes=0 booked_real=0 inflight=0 cap=64 budget_bytes=12831671424 retry_after_s=- exempt=0 enforce=0 live_free_bytes=-
1790278000242 [worker] spec-affinity: declined (history diverged at 6 of checkpoint 5632; 2 parked, 5647 prompt tokens; model q9)
1790278000243 [spec-k] model="q9" tenant="" K=3 source=cold-long prompt=5647 cached=0 lcp=6 active=1 wave=1 placement=single-or-non-pp2
1790278000247 [kv-vmm] admit id=chatcmpl-28cf4cd116da6f57851149069e6d654c owed_before=0 session_mapped=0 session_reserved=0 active=0
1790278001188 [prime-yield] count=1 remaining=4 chunks=1 wall_ms=940.775 max_chunk_ms=940.775
1790278001570 [prime-yield] count=2 remaining=3 chunks=1 wall_ms=381.754 max_chunk_ms=381.754
1790278001638 [prime-yield] count=3 remaining=2 chunks=1 wall_ms=68.491 max_chunk_ms=68.491
1790278001667 [prime-yield] count=4 remaining=1 chunks=1 wall_ms=28.118 max_chunk_ms=28.118
1790278001678 [prefix-cache] insert (spec-boundary): 5600 tokens, 146.2MB (resident 2190.7MB / 2052MB, model q9)
1790278001678 [prefix-cache] evict (LRU): 3072 tokens, 104.0MB (model q9)
1790278001678 [prefix-cache] evict (LRU): 3072 tokens, 104.0MB (model q9)
1790278001841 [spec-acc] ctx=5648 burst=21/30 cum=21/30=0.700
1790278002058 [spec-acc] ctx=5680 burst=19/42 cum=40/72=0.556
1790278002228 [spec-acc] ctx=5713 burst=20/33 cum=60/105=0.571
1790278003231 [meter] admit id=chatcmpl-f2e30551edcfe19991c78a451bae9299 tenant=default lane=interactive model="q9"
1790278003234 [admission] per-session draft-state charge: model="q9" +44MB (measured capture high-water)
1790278003234 [admission] request cost: model="q9" ctx=65600 path=spec = 16704 B/token x ctx + 536MB prefill-workspace + 114MB fixed = 1745MB
1790278003234 [admit-predict] id=chatcmpl-f2e30551edcfe19991c78a451bae9299 tenant="" model="q9" verdict=admit reason=tenant-p95 prompt=1486 predicted_completion=4817 kv_hat=798677640 booked_bytes=0 booked_real=0 inflight=0 cap=64 budget_bytes=12831671424 retry_after_s=- exempt=0 enforce=0 live_free_bytes=-
1790278003235 [worker] spec-affinity: declined (history diverged at 4 of checkpoint 5632; 2 parked, 1486 prompt tokens; model q9)
1790278003236 [spec-k] model="q9" tenant="" K=3 source=cold-long prompt=1486 cached=0 lcp=5 active=1 wave=1 placement=single-or-non-pp2
1790278003236 [kv-vmm] admit id=chatcmpl-f2e30551edcfe19991c78a451bae9299 owed_before=0 session_mapped=41943040 session_reserved=1254096896 active=0
1790278003770 [spec-acc] ctx=1486 burst=20/36 cum=20/36=0.556
1790278003770 [prefix-cache] insert (spec-boundary): 1408 tokens, 76.2MB (resident 2058.8MB / 2052MB, model q9)
1790278003770 [prefix-cache] evict (LRU): 2912 tokens, 101.3MB (model q9)
1790278003770 [prefix-cache] insert (spec-boundary): 1440 tokens, 76.8MB (resident 2034.2MB / 2052MB, model q9)
1790278003901 [spec-acc] ctx=1519 burst=24/27 cum=44/63=0.698
1790278004064 [spec-acc] ctx=1552 burst=21/33 cum=65/96=0.677
1790278004220 [spec-acc] ctx=1584 burst=24/30 cum=89/126=0.706
1790278004398 [spec-acc] ctx=1618 burst=23/36 cum=112/162=0.691
1790278004574 [spec-acc] ctx=1653 burst=21/36 cum=133/198=0.672
1790278004720 [spec-acc] ctx=1686 burst=23/30 cum=156/228=0.684
1790278004853 [spec-acc] ctx=1719 burst=23/27 cum=179/255=0.702
1790278005000 [spec-acc] ctx=1751 burst=25/30 cum=204/285=0.716
1790278005182 [spec-acc] ctx=1786 burst=22/36 cum=226/321=0.704
1790278005391 [spec-acc] ctx=1820 burst=18/42 cum=244/363=0.672
1790278005569 [spec-acc] ctx=1852 burst=23/36 cum=267/399=0.669
1790278005805 [spec-acc] ctx=1887 burst=17/48 cum=284/447=0.635
1790278005984 [spec-acc] ctx=1920 burst=20/36 cum=304/483=0.629
1790278006118 [spec-acc] ctx=1952 burst=23/27 cum=327/510=0.641
1790278006284 [spec-acc] ctx=1984 burst=22/33 cum=349/543=0.643
1790278006463 [spec-acc] ctx=2017 burst=20/36 cum=369/579=0.637
1790278006687 [spec-acc] ctx=2049 burst=17/45 cum=386/624=0.619
1790278006851 [spec-acc] ctx=2081 burst=21/33 cum=407/657=0.619
1790278007001 [spec-acc] ctx=2113 burst=24/30 cum=431/687=0.627
1790278007135 [spec-acc] ctx=2147 burst=24/27 cum=455/714=0.637
1790278007272 [spec-acc] ctx=2180 burst=23/27 cum=478/741=0.645
1790278007407 [spec-acc] ctx=2212 burst=24/27 cum=502/768=0.654
1790278007573 [spec-acc] ctx=2245 burst=22/33 cum=524/801=0.654
1790278007737 [spec-acc] ctx=2278 burst=21/33 cum=545/834=0.653
1790278007902 [spec-acc] ctx=2310 burst=24/33 cum=569/867=0.656
1790278008021 [spec-acc] ctx=2345 burst=24/24 cum=593/891=0.666
1790278008174 [spec-acc] ctx=2377 burst=24/30 cum=617/921=0.670
1790278008325 [spec-acc] ctx=2411 burst=24/30 cum=641/951=0.674
1790278008461 [spec-acc] ctx=2445 burst=24/27 cum=665/978=0.680
1790278008626 [spec-acc] ctx=2478 burst=22/33 cum=687/1011=0.680
1790278008761 [spec-acc] ctx=2511 burst=25/27 cum=712/1038=0.686
1790278008896 [spec-acc] ctx=2545 burst=25/27 cum=737/1065=0.692
1790278009016 [spec-acc] ctx=2579 burst=24/24 cum=761/1089=0.699
1790278009182 [spec-acc] ctx=2611 burst=22/33 cum=783/1122=0.698
1790278009378 [spec-acc] ctx=2644 burst=22/39 cum=805/1161=0.693
1790278009531 [spec-acc] ctx=2679 burst=25/30 cum=830/1191=0.697
1790278009681 [spec-acc] ctx=2714 burst=24/30 cum=854/1221=0.699
1790278009877 [spec-acc] ctx=2748 burst=22/39 cum=876/1260=0.695
1790278010031 [spec-acc] ctx=2783 burst=24/30 cum=900/1290=0.698
1790278010222 [spec-acc] ctx=2817 burst=22/36 cum=922/1326=0.695
1790278010405 [spec-acc] ctx=2851 burst=22/33 cum=944/1359=0.695
1790278010549 [spec-acc] ctx=2884 burst=24/27 cum=968/1386=0.698
1790278010693 [spec-acc] ctx=2917 burst=23/27 cum=991/1413=0.701
1790278010836 [spec-acc] ctx=2949 burst=26/27 cum=1017/1440=0.706
1790278011041 [spec-acc] ctx=2984 burst=21/39 cum=1038/1479=0.702
1790278011213 [spec-acc] ctx=3018 burst=23/33 cum=1061/1512=0.702
1790278011352 [spec-acc] ctx=3052 burst=26/27 cum=1087/1539=0.706
1790278011492 [spec-acc] ctx=3087 burst=25/27 cum=1112/1566=0.710
1790278011647 [spec-acc] ctx=3121 burst=24/30 cum=1136/1596=0.712
1790278011820 [spec-acc] ctx=3155 burst=21/33 cum=1157/1629=0.710
1790278011959 [spec-acc] ctx=3187 burst=23/27 cum=1180/1656=0.713
1790278012147 [spec-acc] ctx=3219 burst=20/36 cum=1200/1692=0.709
1790278012367 [spec-acc] ctx=3251 burst=19/42 cum=1219/1734=0.703
1790278012507 [spec-acc] ctx=3284 burst=23/27 cum=1242/1761=0.705
1790278012678 [spec-acc] ctx=3316 burst=23/33 cum=1265/1794=0.705
1790278012836 [spec-acc] ctx=3350 burst=25/30 cum=1290/1824=0.707
1790278013008 [spec-acc] ctx=3385 burst=22/33 cum=1312/1857=0.707
1790278013132 [spec-acc] ctx=3418 burst=24/24 cum=1336/1881=0.710
1790278013256 [spec-acc] ctx=3450 burst=24/24 cum=1360/1905=0.714
1790278013381 [spec-acc] ctx=3482 burst=24/24 cum=1384/1929=0.717
1790278013538 [spec-acc] ctx=3514 burst=23/30 cum=1407/1959=0.718
1790278013694 [spec-acc] ctx=3547 burst=23/30 cum=1430/1989=0.719
1790278013866 [spec-acc] ctx=3580 burst=23/33 cum=1453/2022=0.719
1790278014008 [spec-acc] ctx=3614 burst=26/27 cum=1479/2049=0.722
1790278014164 [spec-acc] ctx=3649 burst=22/30 cum=1501/2079=0.722
1790278014164 [kv-vmm] retire id=chatcmpl-f2e30551edcfe19991c78a451bae9299 planes=20 mapped=125829120 reserved=1254096896 used=61470720 slack_bytes=1187840 booked=1789041096
1790278014165 [meter] admit id=chatcmpl-d49232687489de61eb062a8397a65f19 tenant=default lane=interactive model="q9"
1790278014173 [kv-vmm] trim id=chatcmpl-f2e30551edcfe19991c78a451bae9299 pool=spec keep_rows=3745 released=41943040
1790278014173 [kv-vmm] ensure-walls n=66 us=1,3,2,2,2,4,2,3,2,2,2,8,3,4,3,2,4,3,3,3,3,2,3,2,2,3,3,2,2,3,2,3,2,2,3,7,2,2,3,2,2,2,3,4,2,2,2,2,2,2,3,3,4,3,2,2,2,2,2,2,3,3,2,2,2,3
1790278014175 [admission] per-session draft-state charge: model="q9" +44MB (measured capture high-water)
1790278014175 [admission] request cost: model="q9" ctx=65600 path=spec = 16704 B/token x ctx + 541MB prefill-workspace + 114MB fixed = 1750MB
1790278014175 [admit-predict] id=chatcmpl-d49232687489de61eb062a8397a65f19 tenant="" model="q9" verdict=admit reason=tenant-p95 prompt=1500 predicted_completion=4817 kv_hat=803957768 booked_bytes=0 booked_real=0 inflight=0 cap=64 budget_bytes=12831671424 retry_after_s=- exempt=0 enforce=0 live_free_bytes=-
1790278014177 [worker] spec-affinity: declined (history diverged at 4 of checkpoint 5600; 2 parked, 1500 prompt tokens; model q9)
1790278014178 [spec-k] model="q9" tenant="" K=3 source=cold-long prompt=1500 cached=0 lcp=6 active=1 wave=1 placement=single-or-non-pp2
1790278014179 [kv-vmm] admit id=chatcmpl-d49232687489de61eb062a8397a65f19 owed_before=0 session_mapped=83886080 session_reserved=1254096896 active=0
1790278014179 [kv-vmm] reap released=41943040 pending=0
1790278014809 [spec-acc] ctx=1500 burst=23/33 cum=23/33=0.697
1790278014809 [prefix-cache] insert (spec-boundary): 1408 tokens, 76.2MB (resident 2110.5MB / 2052MB, model q9)
1790278014809 [prefix-cache] evict (LRU): 2944 tokens, 101.9MB (model q9)
1790278014810 [prefix-cache] insert (spec-boundary): 1472 tokens, 77.3MB (resident 2085.9MB / 2052MB, model q9)
1790278014810 [prefix-cache] evict (LRU): 2912 tokens, 101.3MB (model q9)
1790278014970 [spec-acc] ctx=1535 burst=23/33 cum=46/66=0.697
1790278015117 [spec-acc] ctx=1569 burst=23/30 cum=69/96=0.719
1790278015265 [spec-acc] ctx=1602 burst=23/30 cum=92/126=0.730
1790278015397 [spec-acc] ctx=1635 burst=23/27 cum=115/153=0.752
1790278015587 [spec-acc] ctx=1667 burst=22/36 cum=137/189=0.725
1790278015795 [spec-acc] ctx=1701 burst=22/39 cum=159/228=0.697
1790278016032 [spec-acc] ctx=1736 burst=20/45 cum=179/273=0.656
1790278016203 [spec-acc] ctx=1771 burst=24/33 cum=203/306=0.663
1790278016403 [spec-acc] ctx=1806 burst=21/39 cum=224/345=0.649
1790278016587 [spec-acc] ctx=1840 burst=22/36 cum=246/381=0.646
1790278016769 [spec-acc] ctx=1874 burst=23/36 cum=269/417=0.645
1790278016954 [spec-acc] ctx=1909 burst=23/36 cum=292/453=0.645
1790278017200 [spec-acc] ctx=1944 burst=18/48 cum=310/501=0.619
1790278017383 [spec-acc] ctx=1978 burst=22/36 cum=332/537=0.618
1790278017551 [spec-acc] ctx=2012 burst=23/33 cum=355/570=0.623
1790278017734 [spec-acc] ctx=2046 burst=23/36 cum=378/606=0.624
1790278017904 [spec-acc] ctx=2081 burst=23/33 cum=401/639=0.628
1790278018105 [spec-acc] ctx=2115 burst=19/39 cum=420/678=0.619
1790278018335 [spec-acc] ctx=2147 burst=20/45 cum=440/723=0.609
1790278018504 [spec-acc] ctx=2182 burst=21/33 cum=461/756=0.610
1790278018708 [spec-acc] ctx=2214 burst=19/39 cum=480/795=0.604
1790278018881 [spec-acc] ctx=2246 burst=24/33 cum=504/828=0.609
1790278019065 [spec-acc] ctx=2281 burst=23/36 cum=527/864=0.610
1790278019253 [spec-acc] ctx=2316 burst=21/36 cum=548/900=0.609
1790278019437 [spec-acc] ctx=2349 burst=23/36 cum=571/936=0.610
1790278019606 [spec-acc] ctx=2384 burst=22/33 cum=593/969=0.612
1790278019777 [spec-acc] ctx=2417 burst=23/33 cum=616/1002=0.615
1790278019946 [spec-acc] ctx=2451 burst=21/33 cum=637/1035=0.615
1790278020085 [spec-acc] ctx=2483 burst=26/27 cum=663/1062=0.624
1790278020301 [spec-acc] ctx=2518 burst=21/42 cum=684/1104=0.620
1790278020438 [spec-acc] ctx=2553 burst=24/27 cum=708/1131=0.626
1790278020561 [spec-acc] ctx=2586 burst=24/24 cum=732/1155=0.634
1790278020686 [spec-acc] ctx=2618 burst=24/24 cum=756/1179=0.641
1790278020868 [spec-acc] ctx=2650 burst=21/36 cum=777/1215=0.640
1790278021038 [spec-acc] ctx=2683 burst=21/33 cum=798/1248=0.639
1790278021285 [spec-acc] ctx=2715 burst=19/48 cum=817/1296=0.630
1790278021452 [spec-acc] ctx=2750 burst=23/33 cum=840/1329=0.632
1790278021622 [spec-acc] ctx=2784 burst=23/33 cum=863/1362=0.634
1790278021792 [spec-acc] ctx=2818 burst=21/33 cum=884/1395=0.634
1790278021962 [spec-acc] ctx=2850 burst=23/33 cum=907/1428=0.635
1790278022117 [spec-acc] ctx=2884 burst=22/30 cum=929/1458=0.637
1790278022269 [spec-acc] ctx=2916 burst=22/30 cum=951/1488=0.639
1790278022409 [spec-acc] ctx=2948 burst=23/27 cum=974/1515=0.643
1790278022564 [spec-acc] ctx=2980 burst=22/30 cum=996/1545=0.645
1790278022733 [spec-acc] ctx=3012 burst=22/33 cum=1018/1578=0.645
1790278022903 [spec-acc] ctx=3045 burst=24/33 cum=1042/1611=0.647
1790278023088 [spec-acc] ctx=3080 burst=23/36 cum=1065/1647=0.647
1790278023258 [spec-acc] ctx=3115 burst=24/33 cum=1089/1680=0.648
1790278023427 [spec-acc] ctx=3150 burst=21/33 cum=1110/1713=0.648
1790278023597 [spec-acc] ctx=3182 burst=23/33 cum=1133/1746=0.649
1790278023750 [spec-acc] ctx=3216 burst=22/30 cum=1155/1776=0.650
1790278023920 [spec-acc] ctx=3248 burst=23/33 cum=1178/1809=0.651
1790278024059 [spec-acc] ctx=3282 burst=23/27 cum=1201/1836=0.654
1790278024198 [spec-acc] ctx=3314 burst=24/27 cum=1225/1863=0.658
1790278024368 [spec-acc] ctx=3347 burst=23/33 cum=1248/1896=0.658
1790278024538 [spec-acc] ctx=3381 burst=24/33 cum=1272/1929=0.659
1790278024692 [spec-acc] ctx=3416 burst=23/30 cum=1295/1959=0.661
1790278024862 [spec-acc] ctx=3449 burst=22/33 cum=1317/1992=0.661
1790278025078 [spec-acc] ctx=3482 burst=20/42 cum=1337/2034=0.657
1790278025266 [spec-acc] ctx=3516 burst=21/36 cum=1358/2070=0.656
1790278025453 [spec-acc] ctx=3549 burst=20/36 cum=1378/2106=0.654
1790278025624 [spec-acc] ctx=3581 burst=22/33 cum=1400/2139=0.655
1790278025778 [spec-acc] ctx=3614 burst=23/30 cum=1423/2169=0.656
1790278025937 [spec-acc] ctx=3647 burst=24/30 cum=1447/2199=0.658
1790278026060 [spec-acc] ctx=3681 burst=24/24 cum=1471/2223=0.662
1790278026216 [spec-acc] ctx=3713 burst=24/30 cum=1495/2253=0.664
1790278026386 [spec-acc] ctx=3747 burst=24/33 cum=1519/2286=0.664
1790278026511 [spec-acc] ctx=3782 burst=24/24 cum=1543/2310=0.668
1790278026650 [spec-acc] ctx=3814 burst=24/27 cum=1567/2337=0.671
1790278026808 [spec-acc] ctx=3847 burst=22/30 cum=1589/2367=0.671
1790278027010 [spec-acc] ctx=3879 burst=20/39 cum=1609/2406=0.669
1790278027165 [spec-acc] ctx=3912 burst=23/30 cum=1632/2436=0.670
1790278027354 [spec-acc] ctx=3945 burst=21/36 cum=1653/2472=0.669
1790278027494 [spec-acc] ctx=3978 burst=23/27 cum=1676/2499=0.671
1790278027634 [spec-acc] ctx=4010 burst=24/27 cum=1700/2526=0.673
1790278027774 [spec-acc] ctx=4043 burst=23/27 cum=1723/2553=0.675
1790278027964 [spec-acc] ctx=4075 burst=21/36 cum=1744/2589=0.674
1790278028120 [spec-acc] ctx=4108 burst=25/30 cum=1769/2619=0.675
1790278028276 [spec-acc] ctx=4143 burst=25/30 cum=1794/2649=0.677
1790278028419 [spec-acc] ctx=4178 burst=23/27 cum=1817/2676=0.679
1790278028593 [spec-acc] ctx=4210 burst=24/33 cum=1841/2709=0.680
1790278028733 [spec-acc] ctx=4245 burst=23/27 cum=1864/2736=0.681
1790278028859 [spec-acc] ctx=4277 burst=24/24 cum=1888/2760=0.684
1790278029003 [spec-acc] ctx=4309 burst=24/27 cum=1912/2787=0.686
1790278029144 [spec-acc] ctx=4342 burst=23/27 cum=1935/2814=0.688
1790278029300 [spec-acc] ctx=4374 burst=23/30 cum=1958/2844=0.688
1790278029442 [spec-acc] ctx=4407 burst=23/27 cum=1981/2871=0.690
1790278029599 [spec-acc] ctx=4439 burst=22/30 cum=2003/2901=0.690
1790278029742 [spec-acc] ctx=4471 burst=24/27 cum=2027/2928=0.692
1790278029899 [spec-acc] ctx=4504 burst=25/30 cum=2052/2958=0.694
1790278030074 [spec-acc] ctx=4539 burst=23/33 cum=2075/2991=0.694
1790278030231 [spec-acc] ctx=4573 burst=25/30 cum=2100/3021=0.695
1790278030438 [spec-acc] ctx=4608 burst=20/39 cum=2120/3060=0.693
1790278030613 [spec-acc] ctx=4641 burst=23/33 cum=2143/3093=0.693
1790278030754 [spec-acc] ctx=4675 burst=24/27 cum=2167/3120=0.695
1790278030960 [spec-acc] ctx=4708 burst=20/39 cum=2187/3159=0.692
1790278031118 [spec-acc] ctx=4741 burst=25/30 cum=2212/3189=0.694
1790278031292 [spec-acc] ctx=4776 burst=21/33 cum=2233/3222=0.693
1790278031450 [spec-acc] ctx=4808 burst=25/30 cum=2258/3252=0.694
1790278031608 [spec-acc] ctx=4843 burst=25/30 cum=2283/3282=0.696
1790278031734 [spec-acc] ctx=4878 burst=24/24 cum=2307/3306=0.698
1790278031878 [spec-acc] ctx=4910 burst=23/27 cum=2330/3333=0.699
1790278032004 [spec-acc] ctx=4942 burst=24/24 cum=2354/3357=0.701
1790278032163 [spec-acc] ctx=4974 burst=23/30 cum=2377/3387=0.702
1790278032312 [spec-acc] ctx=5007 burst=23/27 cum=2400/3414=0.703
1790278032470 [spec-acc] ctx=5039 burst=23/27 cum=2423/3441=0.704
1790278032657 [spec-acc] ctx=5071 burst=22/33 cum=2445/3474=0.704
1790278032791 [spec-acc] ctx=5104 burst=24/24 cum=2469/3498=0.706
1790278032976 [spec-acc] ctx=5136 burst=21/33 cum=2490/3531=0.705
1790278033174 [spec-acc] ctx=5168 burst=22/36 cum=2512/3567=0.704
1790278033372 [spec-acc] ctx=5202 burst=22/36 cum=2534/3603=0.703
1790278033519 [spec-acc] ctx=5236 burst=26/27 cum=2560/3630=0.705
1790278033651 [spec-acc] ctx=5271 burst=24/24 cum=2584/3654=0.707
1790278033784 [spec-acc] ctx=5303 burst=24/24 cum=2608/3678=0.709
1790278033951 [spec-acc] ctx=5335 burst=22/30 cum=2630/3708=0.709
1790278034102 [spec-acc] ctx=5367 burst=24/27 cum=2654/3735=0.711
1790278034285 [spec-acc] ctx=5400 burst=23/33 cum=2677/3768=0.710
1790278034439 [spec-acc] ctx=5434 burst=23/27 cum=2700/3795=0.711
1790278034627 [spec-acc] ctx=5466 burst=24/33 cum=2724/3828=0.712
1790278034758 [spec-acc] ctx=5501 burst=24/24 cum=2748/3852=0.713
1790278034973 [spec-acc] ctx=5533 burst=20/39 cum=2768/3891=0.711
1790278035140 [spec-acc] ctx=5566 burst=22/30 cum=2790/3921=0.712
1790278035272 [spec-acc] ctx=5598 burst=24/24 cum=2814/3945=0.713
1790278035423 [spec-acc] ctx=5630 burst=26/27 cum=2840/3972=0.715
1790278035606 [spec-acc] ctx=5665 burst=24/33 cum=2864/4005=0.715
1790278035806 [spec-acc] ctx=5700 burst=20/36 cum=2884/4041=0.714
1790278035953 [spec-acc] ctx=5732 burst=23/27 cum=2907/4068=0.715
1790278036121 [spec-acc] ctx=5764 burst=23/30 cum=2930/4098=0.715
1790278036280 [spec-acc] ctx=5797 burst=24/30 cum=2954/4128=0.716
1790278036439 [spec-acc] ctx=5831 burst=22/30 cum=2976/4158=0.716
1790278036621 [spec-acc] ctx=5863 burst=23/33 cum=2999/4191=0.716
1790278036764 [spec-acc] ctx=5897 burst=23/27 cum=3022/4218=0.716
1790278036924 [spec-acc] ctx=5929 burst=25/30 cum=3047/4248=0.717
1790278037085 [spec-acc] ctx=5964 burst=23/30 cum=3070/4278=0.718
1790278037254 [spec-acc] ctx=5997 burst=24/30 cum=3094/4308=0.718
1790278037429 [spec-acc] ctx=6031 burst=25/30 cum=3119/4338=0.719
1790278037601 [spec-acc] ctx=6066 burst=24/30 cum=3143/4368=0.720
1790278037807 [spec-acc] ctx=6100 burst=21/36 cum=3164/4404=0.718
1790278037958 [spec-acc] ctx=6133 burst=23/27 cum=3187/4431=0.719
1790278038091 [spec-acc] ctx=6165 burst=24/24 cum=3211/4455=0.721
1790278038275 [spec-acc] ctx=6197 burst=24/33 cum=3235/4488=0.721
1790278038275 [kv-vmm] retire id=chatcmpl-d49232687489de61eb062a8397a65f19 planes=20 mapped=188743680 reserved=1254096896 used=104082624 slack_bytes=1187840 booked=1794087368
1790278038278 [meter] admit id=chatcmpl-2e0108aebeea048d71de75a16e093627 tenant=default lane=interactive model="q9"
1790278038285 [kv-vmm] trim id=chatcmpl-d49232687489de61eb062a8397a65f19 pool=spec keep_rows=6296 released=41943040
1790278038285 [kv-vmm] ensure-walls n=142 us=2,3,3,3,3,3,3,2,3,4,6,3,3,3,3,3,2,2,3,3,3,3,4,4,3,2,5,2,3,3,3,3,3,3,7,3,3,3,3,4,3,3,3,2,3,3,2,3,3,3,3,3,2,2,3,2,3,2,2,2,2,3,5,2,2,3,2,3,7,3,3,2,3,2,3,3,2,2,3,3,2,3,3,3,4,2,2,3,3,2,2,3,3,2,3,4,3,2,3,3,3,2,3,3,3,3,3,3,3,3,3,3,3,3,3,3,7,3,3,3,3,2,3,4,3,2,7,2,3,2,3,3,3,3,3,3,3,2,4,3,3,2
1790278038288 [admission] per-session draft-state charge: model="q9" +44MB (measured capture high-water)
1790278038288 [admission] request cost: model="q9" ctx=65600 path=spec = 16704 B/token x ctx + 548MB prefill-workspace + 114MB fixed = 1757MB
1790278038288 [admit-predict] id=chatcmpl-2e0108aebeea048d71de75a16e093627 tenant="" model="q9" verdict=admit reason=tenant-p95 prompt=1519 predicted_completion=4817 kv_hat=811123656 booked_bytes=0 booked_real=0 inflight=0 cap=64 budget_bytes=12831671424 retry_after_s=- exempt=0 enforce=0 live_free_bytes=-
1790278038294 [worker] spec-affinity: declined (history diverged at 6 of checkpoint 1440; 2 parked, 1519 prompt tokens; model q9)
1790278038296 [spec-k] model="q9" tenant="" K=3 source=cold-long prompt=1519 cached=0 lcp=6 active=1 wave=1 placement=single-or-non-pp2
1790278038296 [kv-vmm] admit id=chatcmpl-2e0108aebeea048d71de75a16e093627 owed_before=0 session_mapped=41943040 session_reserved=1254096896 active=0
1790278038297 [kv-vmm] reap released=41943040 pending=0
1790278038916 [spec-acc] ctx=1519 burst=19/36 cum=19/36=0.528
1790278038916 [prefix-cache] insert (spec-boundary): 1408 tokens, 76.2MB (resident 2060.8MB / 2052MB, model q9)
1790278038916 [prefix-cache] evict (LRU): 2912 tokens, 101.3MB (model q9)
1790278038916 [prefix-cache] insert (spec-boundary): 1472 tokens, 77.3MB (resident 2036.7MB / 2052MB, model q9)
1790278039109 [spec-acc] ctx=1551 burst=20/36 cum=39/72=0.542
1790278039302 [spec-acc] ctx=1583 burst=23/36 cum=62/108=0.574
1790278039444 [spec-acc] ctx=1618 burst=23/27 cum=85/135=0.630
1790278039585 [spec-acc] ctx=1650 burst=23/27 cum=108/162=0.667
1790278039755 [spec-acc] ctx=1682 burst=22/33 cum=130/195=0.667
1790278039939 [spec-acc] ctx=1715 burst=20/36 cum=150/231=0.649
1790278040109 [spec-acc] ctx=1747 burst=21/33 cum=171/264=0.648
1790278040308 [spec-acc] ctx=1779 burst=20/39 cum=191/303=0.630
1790278040489 [spec-acc] ctx=1812 burst=21/36 cum=212/339=0.625
1790278040643 [spec-acc] ctx=1845 burst=22/30 cum=234/369=0.634
1790278040841 [spec-acc] ctx=1877 burst=19/39 cum=253/408=0.620
1790278041025 [spec-acc] ctx=1909 burst=21/36 cum=274/444=0.617
1790278041176 [spec-acc] ctx=1942 burst=22/30 cum=296/474=0.624
1790278041361 [spec-acc] ctx=1974 burst=21/36 cum=317/510=0.622
1790278041546 [spec-acc] ctx=2007 burst=20/36 cum=337/546=0.617
1790278041810 [spec-acc] ctx=2039 burst=17/51 cum=354/597=0.593
1790278041992 [spec-acc] ctx=2073 burst=23/36 cum=377/633=0.596
1790278042241 [spec-acc] ctx=2108 burst=19/48 cum=396/681=0.581
1790278042425 [spec-acc] ctx=2143 burst=20/36 cum=416/717=0.580
1790278042641 [spec-acc] ctx=2175 burst=18/42 cum=434/759=0.572
1790278042872 [spec-acc] ctx=2207 burst=17/45 cum=451/804=0.561
1790278043088 [spec-acc] ctx=2239 burst=19/42 cum=470/846=0.556
1790278043258 [spec-acc] ctx=2272 burst=21/33 cum=491/879=0.559
1790278043428 [spec-acc] ctx=2304 burst=22/33 cum=513/912=0.562
1790278043628 [spec-acc] ctx=2337 burst=21/39 cum=534/951=0.562
1790278043797 [spec-acc] ctx=2371 burst=21/33 cum=555/984=0.564
1790278043936 [spec-acc] ctx=2403 burst=23/27 cum=578/1011=0.572
1790278044090 [spec-acc] ctx=2435 burst=22/30 cum=600/1041=0.576
1790278044229 [spec-acc] ctx=2467 burst=23/27 cum=623/1068=0.583
1790278044352 [spec-acc] ctx=2499 burst=24/24 cum=647/1092=0.592
1790278044553 [spec-acc] ctx=2531 burst=21/39 cum=668/1131=0.591
1790278044691 [spec-acc] ctx=2565 burst=23/27 cum=691/1158=0.597
1790278044876 [spec-acc] ctx=2597 burst=23/36 cum=714/1194=0.598
1790278045062 [spec-acc] ctx=2632 burst=21/36 cum=735/1230=0.598
1790278045216 [spec-acc] ctx=2665 burst=22/30 cum=757/1260=0.601
1790278045385 [spec-acc] ctx=2697 burst=24/33 cum=781/1293=0.604
1790278045555 [spec-acc] ctx=2732 burst=23/33 cum=804/1326=0.606
1790278045708 [spec-acc] ctx=2766 burst=22/30 cum=826/1356=0.609
1790278045847 [spec-acc] ctx=2798 burst=23/27 cum=849/1383=0.614
1790278046032 [spec-acc] ctx=2830 burst=20/36 cum=869/1419=0.612
1790278046217 [spec-acc] ctx=2862 burst=20/36 cum=889/1455=0.611
1790278046387 [spec-acc] ctx=2894 burst=21/33 cum=910/1488=0.612
1790278046526 [spec-acc] ctx=2926 burst=24/27 cum=934/1515=0.617
1790278046665 [spec-acc] ctx=2959 burst=25/27 cum=959/1542=0.622
1790278046804 [spec-acc] ctx=2993 burst=25/27 cum=984/1569=0.627
1790278046974 [spec-acc] ctx=3027 burst=23/33 cum=1007/1602=0.629
1790278047145 [spec-acc] ctx=3061 burst=22/33 cum=1029/1635=0.629
1790278047284 [spec-acc] ctx=3094 burst=25/27 cum=1054/1662=0.634
1790278047457 [spec-acc] ctx=3128 burst=21/33 cum=1075/1695=0.634
1790278047659 [spec-acc] ctx=3160 burst=22/39 cum=1097/1734=0.633
1790278047829 [spec-acc] ctx=3195 burst=23/33 cum=1120/1767=0.634
1790278048018 [spec-acc] ctx=3229 burst=22/36 cum=1142/1803=0.633
1790278048189 [spec-acc] ctx=3263 burst=24/33 cum=1166/1836=0.635
1790278048329 [spec-acc] ctx=3298 burst=24/27 cum=1190/1863=0.639
1790278048469 [spec-acc] ctx=3331 burst=23/27 cum=1213/1890=0.642
1790278048609 [spec-acc] ctx=3363 burst=25/27 cum=1238/1917=0.646
1790278048782 [spec-acc] ctx=3397 burst=23/33 cum=1261/1950=0.647
1790278048938 [spec-acc] ctx=3431 burst=24/30 cum=1285/1980=0.649
1790278049078 [spec-acc] ctx=3465 burst=24/27 cum=1309/2007=0.652
1790278049236 [spec-acc] ctx=3498 burst=23/30 cum=1332/2037=0.654
1790278049375 [spec-acc] ctx=3531 burst=26/27 cum=1358/2064=0.658
1790278049502 [spec-acc] ctx=3566 burst=24/24 cum=1382/2088=0.662
1790278049641 [spec-acc] ctx=3598 burst=23/27 cum=1405/2115=0.664
1790278049796 [spec-acc] ctx=3630 burst=22/30 cum=1427/2145=0.665
1790278049971 [spec-acc] ctx=3662 burst=21/33 cum=1448/2178=0.665
1790278050172 [spec-acc] ctx=3694 burst=20/39 cum=1468/2217=0.662
1790278050326 [spec-acc] ctx=3727 burst=24/30 cum=1492/2247=0.664
1790278050517 [spec-acc] ctx=3761 burst=21/36 cum=1513/2283=0.663
1790278050672 [spec-acc] ctx=3794 burst=22/30 cum=1535/2313=0.664
1790278050811 [spec-acc] ctx=3826 burst=23/27 cum=1558/2340=0.666
1790278050981 [spec-acc] ctx=3858 burst=21/33 cum=1579/2373=0.665
1790278051156 [spec-acc] ctx=3890 burst=22/33 cum=1601/2406=0.665
1790278051310 [spec-acc] ctx=3923 burst=23/30 cum=1624/2436=0.667
1790278051435 [spec-acc] ctx=3956 burst=24/24 cum=1648/2460=0.670
1790278051560 [spec-acc] ctx=3988 burst=24/24 cum=1672/2484=0.673
1790278051686 [spec-acc] ctx=4020 burst=24/24 cum=1696/2508=0.676
1790278051854 [spec-acc] ctx=4052 burst=24/30 cum=1720/2538=0.678
1790278052005 [spec-acc] ctx=4086 burst=25/27 cum=1745/2565=0.680
1790278052238 [spec-acc] ctx=4120 burst=18/42 cum=1763/2607=0.676
1790278052403 [spec-acc] ctx=4152 burst=24/30 cum=1787/2637=0.678
1790278052665 [spec-acc] ctx=4186 burst=17/48 cum=1804/2685=0.672
1790278052811 [spec-acc] ctx=4219 burst=23/27 cum=1827/2712=0.674
1790278053009 [spec-acc] ctx=4251 burst=23/36 cum=1850/2748=0.673
1790278053160 [spec-acc] ctx=4286 burst=24/27 cum=1874/2775=0.675
1790278053308 [spec-acc] ctx=4319 burst=26/27 cum=1900/2802=0.678
1790278053443 [spec-acc] ctx=4354 burst=24/24 cum=1924/2826=0.681
1790278053607 [spec-acc] ctx=4386 burst=23/30 cum=1947/2856=0.682
1790278053772 [spec-acc] ctx=4419 burst=24/30 cum=1971/2886=0.683
1790278053963 [spec-acc] ctx=4453 burst=20/36 cum=1991/2922=0.681
1790278054140 [spec-acc] ctx=4485 burst=21/33 cum=2012/2955=0.681
1790278054284 [spec-acc] ctx=4517 burst=24/27 cum=2036/2982=0.683
1790278054428 [spec-acc] ctx=4550 burst=25/27 cum=2061/3009=0.685
1790278054588 [spec-acc] ctx=4584 burst=23/30 cum=2084/3039=0.686
1790278054748 [spec-acc] ctx=4617 burst=23/30 cum=2107/3069=0.687
1790278054893 [spec-acc] ctx=4650 burst=23/27 cum=2130/3096=0.688
1790278055103 [spec-acc] ctx=4682 burst=22/39 cum=2152/3135=0.686
1790278055263 [spec-acc] ctx=4717 burst=25/30 cum=2177/3165=0.688
1790278055441 [spec-acc] ctx=4752 burst=22/33 cum=2199/3198=0.688
1790278055681 [spec-acc] ctx=4785 burst=18/45 cum=2217/3243=0.684
1790278055892 [spec-acc] ctx=4818 burst=21/39 cum=2238/3282=0.682
1790278056069 [spec-acc] ctx=4852 burst=21/33 cum=2259/3315=0.681
1790278056197 [spec-acc] ctx=4884 burst=24/24 cum=2283/3339=0.684
1790278056359 [spec-acc] ctx=4916 burst=25/30 cum=2308/3369=0.685
1790278056487 [spec-acc] ctx=4951 burst=24/24 cum=2332/3393=0.687
1790278056615 [spec-acc] ctx=4983 burst=24/24 cum=2356/3417=0.689
1790278056780 [spec-acc] ctx=5015 burst=22/30 cum=2378/3447=0.690
1790278056927 [spec-acc] ctx=5047 burst=24/27 cum=2402/3474=0.691
1790278057088 [spec-acc] ctx=5080 burst=23/30 cum=2425/3504=0.692
1790278057250 [spec-acc] ctx=5113 burst=22/30 cum=2447/3534=0.692
1790278057412 [spec-acc] ctx=5145 burst=24/30 cum=2471/3564=0.693
1790278057560 [spec-acc] ctx=5179 burst=24/27 cum=2495/3591=0.695
1790278057722 [spec-acc] ctx=5212 burst=23/30 cum=2518/3621=0.695
1790278057884 [spec-acc] ctx=5245 burst=22/30 cum=2540/3651=0.696
1790278058013 [spec-acc] ctx=5277 burst=24/24 cum=2564/3675=0.698
1790278058180 [spec-acc] ctx=5309 burst=23/30 cum=2587/3705=0.698
1790278058344 [spec-acc] ctx=5342 burst=22/30 cum=2609/3735=0.699
1790278058540 [spec-acc] ctx=5374 burst=20/36 cum=2629/3771=0.697
1790278058702 [spec-acc] ctx=5406 burst=25/30 cum=2654/3801=0.698
1790278058849 [spec-acc] ctx=5441 burst=24/27 cum=2678/3828=0.700
1790278058997 [spec-acc] ctx=5474 burst=26/27 cum=2704/3855=0.701
1790278059129 [spec-acc] ctx=5509 burst=24/24 cum=2728/3879=0.703
1790278059307 [spec-acc] ctx=5541 burst=23/33 cum=2751/3912=0.703
1790278059307 [kv-vmm] retire id=chatcmpl-2e0108aebeea048d71de75a16e093627 planes=20 mapped=167772160 reserved=1254096896 used=93108096 slack_bytes=1187840 booked=1800935880
1790278059309 [meter] admit id=chatcmpl-fdfc2710845eb4c0570ba835a71c0971 tenant=default lane=interactive model="q9"
1790278059317 [kv-vmm] trim id=chatcmpl-2e0108aebeea048d71de75a16e093627 pool=spec keep_rows=5639 released=41943040
1790278059317 [kv-vmm] ensure-walls n=123 us=748,2,2,4,2,3,2,2,3,2,8,2,3,2,2,3,2,2,3,3,3,2,2,3,3,4,4,3,3,3,3,2,4,3,7,2,2,2,2,3,3,3,3,2,2,2,2,3,3,3,2,3,2,2,4,3,2,2,2,2,3,2,2,2,3,2,2,2,6,3,2,2,3,2,2,2,2,2,2,3,2,2,2,2,3,2,2,2,3,2,2,2,3,2,2,3,2,2,2,2,2,2,2,3,3,2,2,2,2,2,3,3,3,2,2,3,3,7,2,2,3,3,2
1790278059320 [admission] per-session draft-state charge: model="q9" +44MB (measured capture high-water)
1790278059320 [admission] request cost: model="q9" ctx=65600 path=spec = 16704 B/token x ctx + 540MB prefill-workspace + 114MB fixed = 1749MB
1790278059320 [admit-predict] id=chatcmpl-fdfc2710845eb4c0570ba835a71c0971 tenant="" model="q9" verdict=admit reason=tenant-p95 prompt=1498 predicted_completion=4817 kv_hat=803203464 booked_bytes=0 booked_real=0 inflight=0 cap=64 budget_bytes=12831671424 retry_after_s=- exempt=0 enforce=0 live_free_bytes=-
1790278059321 [worker] spec-affinity: declined (history diverged at 6 of checkpoint 1472; 2 parked, 1498 prompt tokens; model q9)
1790278059322 [spec-k] model="q9" tenant="" K=3 source=cold-long prompt=1498 cached=0 lcp=6 active=1 wave=1 placement=single-or-non-pp2
1790278059322 [kv-vmm] admit id=chatcmpl-fdfc2710845eb4c0570ba835a71c0971 owed_before=0 session_mapped=41943040 session_reserved=1254096896 active=0
1790278059325 [kv-vmm] reap released=125829120 pending=0
1790278059936 [spec-acc] ctx=1498 burst=19/36 cum=19/36=0.528
1790278059936 [prefix-cache] insert (spec-boundary): 1408 tokens, 76.2MB (resident 2112.9MB / 2052MB, model q9)
1790278059936 [prefix-cache] evict (LRU): 2912 tokens, 101.3MB (model q9)
1790278059936 [prefix-cache] insert (spec-boundary): 1472 tokens, 77.3MB (resident 2088.9MB / 2052MB, model q9)
1790278059936 [prefix-cache] evict (LRU): 5728 tokens, 148.4MB (model q9)
1790278060145 [spec-acc] ctx=1530 burst=21/39 cum=40/75=0.533
1790278060301 [spec-acc] ctx=1564 burst=24/30 cum=64/105=0.610
1790278060489 [spec-acc] ctx=1598 burst=22/36 cum=86/141=0.610
1790278060644 [spec-acc] ctx=1632 burst=24/30 cum=110/171=0.643
1790278060812 [spec-acc] ctx=1666 burst=21/33 cum=131/204=0.642
1790278060996 [spec-acc] ctx=1698 burst=22/36 cum=153/240=0.637
1790278061195 [spec-acc] ctx=1732 burst=21/39 cum=174/279=0.624
1790278061377 [spec-acc] ctx=1766 burst=20/36 cum=194/315=0.616
1790278061574 [spec-acc] ctx=1798 burst=20/39 cum=214/354=0.605
1790278061743 [spec-acc] ctx=1831 burst=21/33 cum=235/387=0.607
1790278061942 [spec-acc] ctx=1863 burst=22/39 cum=257/426=0.603
1790278062111 [spec-acc] ctx=1898 burst=21/33 cum=278/459=0.606
1790278062266 [spec-acc] ctx=1930 burst=23/30 cum=301/489=0.616
1790278062467 [spec-acc] ctx=1963 burst=20/39 cum=321/528=0.608
1790278062699 [spec-acc] ctx=1996 burst=18/45 cum=339/573=0.592
1790278062884 [spec-acc] ctx=2029 burst=21/36 cum=360/609=0.591
1790278063084 [spec-acc] ctx=2062 burst=21/39 cum=381/648=0.588
1790278063238 [spec-acc] ctx=2096 burst=24/30 cum=405/678=0.597
1790278063454 [spec-acc] ctx=2130 burst=20/42 cum=425/720=0.590
1790278063640 [spec-acc] ctx=2164 burst=20/36 cum=445/756=0.589
1790278063870 [spec-acc] ctx=2196 burst=19/45 cum=464/801=0.579
1790278064055 [spec-acc] ctx=2230 burst=22/36 cum=486/837=0.581
1790278064209 [spec-acc] ctx=2264 burst=24/30 cum=510/867=0.588
1790278064348 [spec-acc] ctx=2298 burst=24/27 cum=534/894=0.597
1790278064549 [spec-acc] ctx=2331 burst=21/39 cum=555/933=0.595
1790278064703 [spec-acc] ctx=2365 burst=24/30 cum=579/963=0.601
1790278064842 [spec-acc] ctx=2399 burst=25/27 cum=604/990=0.610
1790278064995 [spec-acc] ctx=2433 burst=24/30 cum=628/1020=0.616
1790278065196 [spec-acc] ctx=2467 burst=20/39 cum=648/1059=0.612
1790278065350 [spec-acc] ctx=2500 burst=22/30 cum=670/1089=0.615
1790278065520 [spec-acc] ctx=2532 burst=24/33 cum=694/1122=0.619
1790278065675 [spec-acc] ctx=2567 burst=25/30 cum=719/1152=0.624
1790278065863 [spec-acc] ctx=2602 burst=20/36 cum=739/1188=0.622
1790278066052 [spec-acc] ctx=2634 burst=23/36 cum=762/1224=0.623
1790278066207 [spec-acc] ctx=2669 burst=23/30 cum=785/1254=0.626
1790278066383 [spec-acc] ctx=2702 burst=23/33 cum=808/1287=0.628
1790278066554 [spec-acc] ctx=2736 burst=22/33 cum=830/1320=0.629
1790278066677 [spec-acc] ctx=2769 burst=24/24 cum=854/1344=0.635
1790278066821 [spec-acc] ctx=2801 burst=25/27 cum=879/1371=0.641
1790278066992 [spec-acc] ctx=2835 burst=21/33 cum=900/1404=0.641
1790278067178 [spec-acc] ctx=2867 burst=21/36 cum=921/1440=0.640
1790278067367 [spec-acc] ctx=2900 burst=22/36 cum=943/1476=0.639
1790278067521 [spec-acc] ctx=2934 burst=22/30 cum=965/1506=0.641
1790278067645 [spec-acc] ctx=2966 burst=24/24 cum=989/1530=0.646
1790278067783 [spec-acc] ctx=2998 burst=24/27 cum=1013/1557=0.651
1790278067968 [spec-acc] ctx=3031 burst=21/36 cum=1034/1593=0.649
1790278068123 [spec-acc] ctx=3064 burst=24/30 cum=1058/1623=0.652
1790278068262 [spec-acc] ctx=3098 burst=23/27 cum=1081/1650=0.655
1790278068385 [spec-acc] ctx=3130 burst=24/24 cum=1105/1674=0.660
1790278068524 [spec-acc] ctx=3162 burst=23/27 cum=1128/1701=0.663
1790278068711 [spec-acc] ctx=3194 burst=21/36 cum=1149/1737=0.661
1790278068883 [spec-acc] ctx=3227 burst=23/33 cum=1172/1770=0.662
1790278069023 [spec-acc] ctx=3261 burst=24/27 cum=1196/1797=0.666
1790278069204 [spec-acc] ctx=3294 burst=23/33 cum=1219/1830=0.666
1790278069372 [spec-acc] ctx=3328 burst=24/30 cum=1243/1860=0.668
1790278069556 [spec-acc] ctx=3362 burst=22/33 cum=1265/1893=0.668
1790278069703 [spec-acc] ctx=3395 burst=26/27 cum=1291/1920=0.672
1790278069931 [spec-acc] ctx=3430 burst=18/42 cum=1309/1962=0.667
1790278070096 [spec-acc] ctx=3462 burst=24/30 cum=1333/1992=0.669
1790278070247 [spec-acc] ctx=3496 burst=25/27 cum=1358/2019=0.673
1790278070376 [spec-acc] ctx=3530 burst=24/24 cum=1382/2043=0.676
1790278070539 [spec-acc] ctx=3562 burst=22/30 cum=1404/2073=0.677
1790278070702 [spec-acc] ctx=3594 burst=22/30 cum=1426/2103=0.678
1790278070865 [spec-acc] ctx=3626 burst=23/30 cum=1449/2133=0.679
1790278071013 [spec-acc] ctx=3659 burst=24/27 cum=1473/2160=0.682
1790278071196 [spec-acc] ctx=3692 burst=23/33 cum=1496/2193=0.682
1790278071348 [spec-acc] ctx=3726 burst=24/27 cum=1520/2220=0.685
1790278071493 [spec-acc] ctx=3759 burst=23/27 cum=1543/2247=0.687
1790278071621 [spec-acc] ctx=3791 burst=24/24 cum=1567/2271=0.690
1790278071766 [spec-acc] ctx=3823 burst=24/27 cum=1591/2298=0.692
1790278071897 [spec-acc] ctx=3856 burst=24/24 cum=1615/2322=0.696
1790278072041 [spec-acc] ctx=3888 burst=26/27 cum=1641/2349=0.699
1790278072203 [spec-acc] ctx=3923 burst=24/30 cum=1665/2379=0.700
1790278072332 [spec-acc] ctx=3957 burst=24/24 cum=1689/2403=0.703
1790278072481 [spec-acc] ctx=3989 burst=25/27 cum=1714/2430=0.705
1790278072627 [spec-acc] ctx=4023 burst=25/27 cum=1739/2457=0.708
1790278072756 [spec-acc] ctx=4057 burst=24/24 cum=1763/2481=0.711
1790278072918 [spec-acc] ctx=4089 burst=25/30 cum=1788/2511=0.712
1790278072918 [kv-vmm] retire id=chatcmpl-fdfc2710845eb4c0570ba835a71c0971 planes=20 mapped=146800640 reserved=1254096896 used=68870592 slack_bytes=1187840 booked=1793366472
1790278072921 [meter] admit id=chatcmpl-8e7f19a082e189c7f4b4234dcf65b847 tenant=default lane=interactive model="q9"
1790278072927 [kv-vmm] trim id=chatcmpl-fdfc2710845eb4c0570ba835a71c0971 pool=spec keep_rows=4188 released=41943040
1790278072928 [kv-vmm] ensure-walls n=79 us=2,3,3,3,3,2,3,2,2,3,7,3,3,2,3,3,2,3,3,3,3,3,3,3,2,3,2,3,2,4,3,3,3,2,6,2,2,3,2,2,3,3,3,3,3,4,2,3,2,2,2,2,4,3,3,3,3,2,2,2,3,2,3,2,3,3,3,2,7,3,2,2,2,2,3,3,3,2,2
1790278072930 [admission] per-session draft-state charge: model="q9" +44MB (measured capture high-water)
1790278072930 [admission] request cost: model="q9" ctx=65600 path=spec = 16704 B/token x ctx + 538MB prefill-workspace + 114MB fixed = 1747MB
1790278072930 [admit-predict] id=chatcmpl-8e7f19a082e189c7f4b4234dcf65b847 tenant="" model="q9" verdict=admit reason=tenant-p95 prompt=1492 predicted_completion=4817 kv_hat=800940552 booked_bytes=0 booked_real=0 inflight=0 cap=64 budget_bytes=12831671424 retry_after_s=- exempt=0 enforce=0 live_free_bytes=-
1790278072932 [worker] spec-affinity: declined (history diverged at 6 of checkpoint 1472; 2 parked, 1492 prompt tokens; model q9)
1790278072935 [spec-k] model="q9" tenant="" K=3 source=cold-long prompt=1492 cached=0 lcp=6 active=1 wave=1 placement=single-or-non-pp2
1790278072935 [kv-vmm] admit id=chatcmpl-8e7f19a082e189c7f4b4234dcf65b847 owed_before=0 session_mapped=41943040 session_reserved=1254096896 active=0
1790278072939 [kv-vmm] reap released=188743680 pending=0
1790278073532 [spec-acc] ctx=1492 burst=20/33 cum=20/33=0.606
1790278073534 [prefix-cache] insert (spec-boundary): 1408 tokens, 76.2MB (resident 2016.7MB / 2052MB, model q9)
1790278073534 [prefix-cache] insert (spec-boundary): 1472 tokens, 77.3MB (resident 2094.0MB / 2052MB, model q9)
1790278073534 [prefix-cache] evict (LRU): 5728 tokens, 148.4MB (model q9)
1790278073745 [spec-acc] ctx=1524 burst=22/39 cum=42/72=0.583
1790278073904 [spec-acc] ctx=1559 burst=23/30 cum=65/102=0.637
1790278074047 [spec-acc] ctx=1592 burst=24/27 cum=89/129=0.690
1790278074218 [spec-acc] ctx=1625 burst=23/33 cum=112/162=0.691
1790278074422 [spec-acc] ctx=1659 burst=21/39 cum=133/201=0.662
1790278074594 [spec-acc] ctx=1693 burst=22/33 cum=155/234=0.662
1790278074766 [spec-acc] ctx=1726 burst=21/33 cum=176/267=0.659
1790278075001 [spec-acc] ctx=1758 burst=18/45 cum=194/312=0.622
1790278075188 [spec-acc] ctx=1791 burst=21/36 cum=215/348=0.618
1790278075377 [spec-acc] ctx=1824 burst=20/36 cum=235/384=0.612
1790278075583 [spec-acc] ctx=1856 burst=20/39 cum=255/423=0.603
1790278075786 [spec-acc] ctx=1889 burst=20/39 cum=275/462=0.595
1790278075974 [spec-acc] ctx=1922 burst=22/36 cum=297/498=0.596
1790278076164 [spec-acc] ctx=1956 burst=21/36 cum=318/534=0.596
1790278076305 [spec-acc] ctx=1989 burst=23/27 cum=341/561=0.608
1790278076496 [spec-acc] ctx=2021 burst=21/36 cum=362/597=0.606
1790278076655 [spec-acc] ctx=2054 burst=22/30 cum=384/627=0.612
1790278076828 [spec-acc] ctx=2086 burst=21/33 cum=405/660=0.614
1790278076987 [spec-acc] ctx=2118 burst=25/30 cum=430/690=0.623
1790278077160 [spec-acc] ctx=2153 burst=21/33 cum=451/723=0.624
1790278077351 [spec-acc] ctx=2185 burst=23/36 cum=474/759=0.625
1790278077493 [spec-acc] ctx=2220 burst=25/27 cum=499/786=0.635
1790278077699 [spec-acc] ctx=2254 burst=20/39 cum=519/825=0.629
1790278077889 [spec-acc] ctx=2287 burst=21/36 cum=540/861=0.627
1790278078095 [spec-acc] ctx=2320 burst=19/39 cum=559/900=0.621
1790278078272 [spec-acc] ctx=2352 burst=23/33 cum=582/933=0.624
1790278078414 [spec-acc] ctx=2386 burst=24/27 cum=606/960=0.631
1790278078557 [spec-acc] ctx=2419 burst=25/27 cum=631/987=0.639
1790278078728 [spec-acc] ctx=2453 burst=23/33 cum=654/1020=0.641
1790278078919 [spec-acc] ctx=2487 burst=23/36 cum=677/1056=0.641
1790278079153 [spec-acc] ctx=2522 burst=19/45 cum=696/1101=0.632
1790278079325 [spec-acc] ctx=2556 burst=24/33 cum=720/1134=0.635
1790278079531 [spec-acc] ctx=2591 burst=19/39 cum=739/1173=0.630
1790278079705 [spec-acc] ctx=2623 burst=21/33 cum=760/1206=0.630
1790278079892 [spec-acc] ctx=2655 burst=23/36 cum=783/1242=0.630
1790278080032 [spec-acc] ctx=2690 burst=24/27 cum=807/1269=0.636
1790278080173 [spec-acc] ctx=2723 burst=26/27 cum=833/1296=0.643
1790278080328 [spec-acc] ctx=2758 burst=25/30 cum=858/1326=0.647
1790278080500 [spec-acc] ctx=2793 burst=22/33 cum=880/1359=0.648
1790278080718 [spec-acc] ctx=2826 burst=21/42 cum=901/1401=0.643
1790278080907 [spec-acc] ctx=2861 burst=20/36 cum=921/1437=0.641
1790278081079 [spec-acc] ctx=2893 burst=22/33 cum=943/1470=0.641
1790278081266 [spec-acc] ctx=2926 burst=21/36 cum=964/1506=0.640
1790278081439 [spec-acc] ctx=2959 burst=22/33 cum=986/1539=0.641
1790278081580 [spec-acc] ctx=2992 burst=24/27 cum=1010/1566=0.645
1790278081761 [spec-acc] ctx=3025 burst=23/33 cum=1033/1599=0.646
1790278081933 [spec-acc] ctx=3059 burst=23/33 cum=1056/1632=0.647
1790278082065 [spec-acc] ctx=3093 burst=24/24 cum=1080/1656=0.652
1790278082205 [spec-acc] ctx=3125 burst=26/27 cum=1106/1683=0.657
1790278082380 [spec-acc] ctx=3160 burst=24/33 cum=1130/1716=0.659
1790278082565 [spec-acc] ctx=3195 burst=22/33 cum=1152/1749=0.659
1790278082711 [spec-acc] ctx=3228 burst=24/27 cum=1176/1776=0.662
1790278082890 [spec-acc] ctx=3261 burst=22/33 cum=1198/1809=0.662
1790278083065 [spec-acc] ctx=3294 burst=23/33 cum=1221/1842=0.663
1790278083222 [spec-acc] ctx=3328 burst=22/30 cum=1243/1872=0.664
1790278083380 [spec-acc] ctx=3360 burst=23/30 cum=1266/1902=0.666
1790278083569 [spec-acc] ctx=3393 burst=22/36 cum=1288/1938=0.665
1790278083759 [spec-acc] ctx=3427 burst=23/36 cum=1311/1974=0.664
1790278083916 [spec-acc] ctx=3462 burst=22/30 cum=1333/2004=0.665
1790278084090 [spec-acc] ctx=3494 burst=21/33 cum=1354/2037=0.665
1790278084247 [spec-acc] ctx=3526 burst=25/30 cum=1379/2067=0.667
1790278084390 [spec-acc] ctx=3561 burst=26/27 cum=1405/2094=0.671
1790278084516 [spec-acc] ctx=3596 burst=24/24 cum=1429/2118=0.675
1790278084754 [spec-acc] ctx=3628 burst=19/45 cum=1448/2163=0.669
1790278084928 [spec-acc] ctx=3662 burst=23/33 cum=1471/2196=0.670
1790278085102 [spec-acc] ctx=3696 burst=23/33 cum=1494/2229=0.670
1790278085276 [spec-acc] ctx=3730 burst=21/33 cum=1515/2262=0.670
1790278085434 [spec-acc] ctx=3762 burst=24/30 cum=1539/2292=0.671
1790278085624 [spec-acc] ctx=3796 burst=20/36 cum=1559/2328=0.670
1790278085798 [spec-acc] ctx=3828 burst=21/33 cum=1580/2361=0.669
1790278085987 [spec-acc] ctx=3860 burst=23/36 cum=1603/2397=0.669
1790278086146 [spec-acc] ctx=3895 burst=24/30 cum=1627/2427=0.670
1790278086368 [spec-acc] ctx=3929 burst=21/42 cum=1648/2469=0.667
1790278086529 [spec-acc] ctx=3964 burst=22/30 cum=1670/2499=0.668
1790278086688 [spec-acc] ctx=3996 burst=22/30 cum=1692/2529=0.669
1790278086847 [spec-acc] ctx=4028 burst=23/30 cum=1715/2559=0.670
1790278086993 [spec-acc] ctx=4061 burst=26/27 cum=1741/2586=0.673
1790278087136 [spec-acc] ctx=4096 burst=24/27 cum=1765/2613=0.675
1790278087327 [spec-acc] ctx=4129 burst=21/36 cum=1786/2649=0.674
1790278087519 [spec-acc] ctx=4162 burst=21/36 cum=1807/2685=0.673
1790278087696 [spec-acc] ctx=4195 burst=22/33 cum=1829/2718=0.673
1790278087839 [spec-acc] ctx=4228 burst=26/27 cum=1855/2745=0.676
1790278087984 [spec-acc] ctx=4263 burst=26/27 cum=1881/2772=0.679
1790278088160 [spec-acc] ctx=4298 burst=24/33 cum=1905/2805=0.679
1790278088351 [spec-acc] ctx=4333 burst=22/36 cum=1927/2841=0.678
1790278088513 [spec-acc] ctx=4367 burst=22/30 cum=1949/2871=0.679
1790278088641 [spec-acc] ctx=4399 burst=24/24 cum=1973/2895=0.682
1790278088770 [spec-acc] ctx=4431 burst=24/24 cum=1997/2919=0.684
1790278088978 [spec-acc] ctx=4463 burst=22/39 cum=2019/2958=0.683
1790278089137 [spec-acc] ctx=4498 burst=23/30 cum=2042/2988=0.683
1790278089282 [spec-acc] ctx=4531 burst=23/27 cum=2065/3015=0.685
1790278089426 [spec-acc] ctx=4563 burst=24/27 cum=2089/3042=0.687
1790278089570 [spec-acc] ctx=4596 burst=24/27 cum=2113/3069=0.688
1790278089762 [spec-acc] ctx=4629 burst=23/36 cum=2136/3105=0.688
1790278089938 [spec-acc] ctx=4664 burst=23/33 cum=2159/3138=0.688
1790278090083 [spec-acc] ctx=4698 burst=23/27 cum=2182/3165=0.689
1790278090243 [spec-acc] ctx=4730 burst=22/30 cum=2204/3195=0.690
1790278090388 [spec-acc] ctx=4762 burst=24/27 cum=2228/3222=0.691
1790278090567 [spec-acc] ctx=4795 burst=24/33 cum=2252/3255=0.692
1790278090759 [spec-acc] ctx=4830 burst=23/36 cum=2275/3291=0.691
1790278090937 [spec-acc] ctx=4865 burst=21/33 cum=2296/3324=0.691
1790278091083 [spec-acc] ctx=4897 burst=23/27 cum=2319/3351=0.692
1790278091293 [spec-acc] ctx=4929 burst=20/39 cum=2339/3390=0.690
1790278091454 [spec-acc] ctx=4962 burst=22/30 cum=2361/3420=0.690
1790278091668 [spec-acc] ctx=4994 burst=22/39 cum=2383/3459=0.689
1790278091830 [spec-acc] ctx=5029 burst=22/30 cum=2405/3489=0.689
1790278091991 [spec-acc] ctx=5061 burst=23/30 cum=2428/3519=0.690
1790278092121 [spec-acc] ctx=5094 burst=24/24 cum=2452/3543=0.692
1790278092285 [spec-acc] ctx=5126 burst=23/30 cum=2475/3573=0.693
1790278092512 [spec-acc] ctx=5159 burst=21/42 cum=2496/3615=0.690
1790278092674 [spec-acc] ctx=5194 burst=25/30 cum=2521/3645=0.692
1790278092822 [spec-acc] ctx=5229 burst=23/27 cum=2544/3672=0.693
1790278093019 [spec-acc] ctx=5261 burst=22/36 cum=2566/3708=0.692
1790278093197 [spec-acc] ctx=5295 burst=21/33 cum=2587/3741=0.692
1790278093376 [spec-acc] ctx=5327 burst=23/33 cum=2610/3774=0.692
1790278093575 [spec-acc] ctx=5361 burst=21/36 cum=2631/3810=0.691
1790278093723 [spec-acc] ctx=5394 burst=26/27 cum=2657/3837=0.692
1790278093869 [spec-acc] ctx=5429 burst=24/27 cum=2681/3864=0.694
1790278094048 [spec-acc] ctx=5462 burst=21/33 cum=2702/3897=0.693
1790278094226 [spec-acc] ctx=5494 burst=23/33 cum=2725/3930=0.693
1790278094407 [spec-acc] ctx=5528 burst=23/33 cum=2748/3963=0.693
1790278094637 [spec-acc] ctx=5562 burst=20/42 cum=2768/4005=0.691
1790278094767 [spec-acc] ctx=5596 burst=24/24 cum=2792/4029=0.693
1790278094897 [spec-acc] ctx=5628 burst=24/24 cum=2816/4053=0.695
1790278095093 [spec-acc] ctx=5660 burst=21/36 cum=2837/4089=0.694
1790278095225 [spec-acc] ctx=5693 burst=24/24 cum=2861/4113=0.696
1790278095408 [spec-acc] ctx=5725 burst=24/33 cum=2885/4146=0.696
1790278095604 [spec-acc] ctx=5760 burst=22/36 cum=2907/4182=0.695
1790278095750 [spec-acc] ctx=5794 burst=23/27 cum=2930/4209=0.696
1790278095913 [spec-acc] ctx=5826 burst=24/30 cum=2954/4239=0.697
1790278096079 [spec-acc] ctx=5860 burst=25/30 cum=2979/4269=0.698
1790278096227 [spec-acc] ctx=5895 burst=23/27 cum=3002/4296=0.699
1790278096360 [spec-acc] ctx=5927 burst=24/24 cum=3026/4320=0.700
1790278096543 [spec-acc] ctx=5959 burst=23/33 cum=3049/4353=0.700
1790278096543 [kv-vmm] retire id=chatcmpl-8e7f19a082e189c7f4b4234dcf65b847 planes=20 mapped=188743680 reserved=1254096896 used=100090368 slack_bytes=1187840 booked=1791203784
1790278096545 [meter] admit id=chatcmpl-0bf342190c0bbe8c8ed3c825f6cfe542 tenant=default lane=interactive model="q9"
1790278096552 [kv-vmm] trim id=chatcmpl-8e7f19a082e189c7f4b4234dcf65b847 pool=spec keep_rows=6057 released=41943040
1790278096553 [kv-vmm] ensure-walls n=135 us=2,4,2,3,3,3,3,3,3,3,3,7,3,3,2,2,3,4,2,3,2,4,3,2,2,3,3,3,4,2,3,3,2,2,2,10,2,3,2,2,3,3,2,3,3,4,2,2,3,3,2,2,2,3,3,3,3,2,2,2,2,3,4,3,3,2,3,3,7,3,2,3,2,3,2,3,4,3,4,2,3,2,2,3,3,3,3,3,2,2,2,3,3,2,2,2,2,2,2,2,3,3,2,3,3,2,2,3,2,3,3,3,2,2,2,2,2,6,2,2,2,2,2,3,2,2,6,4,2,2,2,2,2,2,2
1790278096556 [admission] per-session draft-state charge: model="q9" +44MB (measured capture high-water)
1790278096556 [admission] request cost: model="q9" ctx=65600 path=spec = 16704 B/token x ctx + 1136MB prefill-workspace + 114MB fixed = 2346MB
1790278096556 [admit-predict] id=chatcmpl-0bf342190c0bbe8c8ed3c825f6cfe542 tenant="" model="q9" verdict=admit reason=tenant-p95 prompt=3152 predicted_completion=4817 kv_hat=1427012872 booked_bytes=0 booked_real=0 inflight=0 cap=64 budget_bytes=12831671424 retry_after_s=- exempt=0 enforce=0 live_free_bytes=-
1790278096559 [worker] spec-affinity: declined (history diverged at 5 of checkpoint 1472; 2 parked, 3152 prompt tokens; model q9)
1790278096563 [spec-k] model="q9" tenant="" K=3 source=cold-long prompt=3152 cached=0 lcp=5 active=1 wave=1 placement=single-or-non-pp2
1790278096564 [kv-vmm] admit id=chatcmpl-0bf342190c0bbe8c8ed3c825f6cfe542 owed_before=0 session_mapped=125829120 session_reserved=1254096896 active=0
1790278096567 [kv-vmm] reap released=167772160 pending=0
1790278097653 [spec-acc] ctx=3152 burst=20/42 cum=20/42=0.476
1790278097653 [prefix-cache] insert (spec-boundary): 3072 tokens, 104.0MB (resident 2049.6MB / 2052MB, model q9)
1790278097653 [prefix-cache] insert (spec-boundary): 3136 tokens, 105.1MB (resident 2154.7MB / 2052MB, model q9)
1790278097653 [prefix-cache] evict (LRU): 5728 tokens, 148.4MB (model q9)
1790278097856 [spec-acc] ctx=3187 burst=21/36 cum=41/78=0.526
1790278098021 [spec-acc] ctx=3220 burst=23/30 cum=64/108=0.593
1790278098169 [spec-acc] ctx=3253 burst=23/27 cum=87/135=0.644
1790278098348 [spec-acc] ctx=3285 burst=22/33 cum=109/168=0.649
1790278098544 [spec-acc] ctx=3318 burst=23/36 cum=132/204=0.647
1790278098751 [spec-acc] ctx=3353 burst=22/39 cum=154/243=0.634
1790278098962 [spec-acc] ctx=3388 burst=19/39 cum=173/282=0.613
1790278099152 [spec-acc] ctx=3420 burst=20/36 cum=193/318=0.607
1790278099326 [spec-acc] ctx=3452 burst=22/33 cum=215/351=0.613
1790278099514 [spec-acc] ctx=3485 burst=22/36 cum=237/387=0.612
1790278099701 [spec-acc] ctx=3519 burst=20/36 cum=257/423=0.608
1790278099901 [spec-acc] ctx=3551 burst=19/39 cum=276/462=0.597
1790278100108 [spec-acc] ctx=3583 burst=20/39 cum=296/501=0.591
1790278100231 [spec-acc] ctx=3616 burst=24/24 cum=320/525=0.610
1790278100431 [spec-acc] ctx=3648 burst=21/39 cum=341/564=0.605
1790278100648 [spec-acc] ctx=3682 burst=20/42 cum=361/606=0.596
1790278100817 [spec-acc] ctx=3716 burst=24/33 cum=385/639=0.603
1790278100976 [spec-acc] ctx=3751 burst=23/30 cum=408/669=0.610
1790278101116 [spec-acc] ctx=3784 burst=24/27 cum=432/696=0.621
1790278101254 [spec-acc] ctx=3817 burst=26/27 cum=458/723=0.633
1790278101393 [spec-acc] ctx=3852 burst=26/27 cum=484/750=0.645
1790278101517 [spec-acc] ctx=3887 burst=24/24 cum=508/774=0.656
1790278101687 [spec-acc] ctx=3919 burst=23/33 cum=531/807=0.658
1790278101842 [spec-acc] ctx=3953 burst=22/30 cum=553/837=0.661
1790278102062 [spec-acc] ctx=3985 burst=19/42 cum=572/879=0.651
1790278102249 [spec-acc] ctx=4018 burst=20/36 cum=592/915=0.647
1790278102404 [spec-acc] ctx=4050 burst=22/30 cum=614/945=0.650
1790278102589 [spec-acc] ctx=4082 burst=21/33 cum=635/978=0.649
1790278102792 [spec-acc] ctx=4114 burst=21/36 cum=656/1014=0.647
1790278103008 [spec-acc] ctx=4147 burst=20/39 cum=676/1053=0.642
1790278103157 [spec-acc] ctx=4180 burst=23/27 cum=699/1080=0.647
1790278103337 [spec-acc] ctx=4212 burst=22/33 cum=721/1113=0.648
1790278103504 [spec-acc] ctx=4245 burst=22/30 cum=743/1143=0.650
1790278103635 [spec-acc] ctx=4277 burst=24/24 cum=767/1167=0.657
1790278103780 [spec-acc] ctx=4309 burst=24/27 cum=791/1194=0.662
1790278103924 [spec-acc] ctx=4342 burst=26/27 cum=817/1221=0.669
1790278104103 [spec-acc] ctx=4377 burst=22/33 cum=839/1254=0.669
1790278104327 [spec-acc] ctx=4410 burst=18/42 cum=857/1296=0.661
1790278104505 [spec-acc] ctx=4442 burst=24/33 cum=881/1329=0.663
1790278104668 [spec-acc] ctx=4477 burst=23/30 cum=904/1359=0.665
1790278104844 [spec-acc] ctx=4510 burst=24/33 cum=928/1392=0.667
1790278104989 [spec-acc] ctx=4545 burst=25/27 cum=953/1419=0.672
1790278105168 [spec-acc] ctx=4579 burst=22/33 cum=975/1452=0.671
1790278105329 [spec-acc] ctx=4612 burst=25/30 cum=1000/1482=0.675
1790278105458 [spec-acc] ctx=4647 burst=24/24 cum=1024/1506=0.680
1790278105605 [spec-acc] ctx=4679 burst=24/27 cum=1048/1533=0.684
1790278105782 [spec-acc] ctx=4712 burst=22/33 cum=1070/1566=0.683
1790278105943 [spec-acc] ctx=4745 burst=24/30 cum=1094/1596=0.685
1790278106154 [spec-acc] ctx=4779 burst=21/39 cum=1115/1635=0.682
1790278106333 [spec-acc] ctx=4813 burst=24/33 cum=1139/1668=0.683
1790278106527 [spec-acc] ctx=4848 burst=21/36 cum=1160/1704=0.681
1790278106723 [spec-acc] ctx=4881 burst=20/36 cum=1180/1740=0.678
1790278106887 [spec-acc] ctx=4913 burst=22/30 cum=1202/1770=0.679
1790278107016 [spec-acc] ctx=4945 burst=24/24 cum=1226/1794=0.683
1790278107162 [spec-acc] ctx=4977 burst=24/27 cum=1250/1821=0.686
1790278107310 [spec-acc] ctx=5010 burst=25/27 cum=1275/1848=0.690
1790278107507 [spec-acc] ctx=5044 burst=22/36 cum=1297/1884=0.688
1790278107705 [spec-acc] ctx=5078 burst=22/36 cum=1319/1920=0.687
1790278107867 [spec-acc] ctx=5112 burst=22/30 cum=1341/1950=0.688
1790278107998 [spec-acc] ctx=5144 burst=24/24 cum=1365/1974=0.691
1790278108160 [spec-acc] ctx=5176 burst=22/30 cum=1387/2004=0.692
1790278108292 [spec-acc] ctx=5208 burst=24/24 cum=1411/2028=0.696
1790278108441 [spec-acc] ctx=5240 burst=25/27 cum=1436/2055=0.699
1790278108590 [spec-acc] ctx=5274 burst=26/27 cum=1462/2082=0.702
1790278108769 [spec-acc] ctx=5309 burst=24/33 cum=1486/2115=0.703
1790278108947 [spec-acc] ctx=5344 burst=21/33 cum=1507/2148=0.702
1790278109144 [spec-acc] ctx=5376 burst=22/36 cum=1529/2184=0.700
1790278109342 [spec-acc] ctx=5410 burst=22/36 cum=1551/2220=0.699
1790278109526 [spec-acc] ctx=5444 burst=22/33 cum=1573/2253=0.698
1790278109742 [spec-acc] ctx=5477 burst=22/39 cum=1595/2292=0.696
1790278109875 [spec-acc] ctx=5512 burst=24/24 cum=1619/2316=0.699
1790278110059 [spec-acc] ctx=5544 burst=22/33 cum=1641/2349=0.699
1790278110191 [spec-acc] ctx=5577 burst=24/24 cum=1665/2373=0.702
1790278110321 [spec-acc] ctx=5609 burst=24/24 cum=1689/2397=0.705
1790278110485 [spec-acc] ctx=5641 burst=22/30 cum=1711/2427=0.705
1790278110485 [kv-vmm] retire id=chatcmpl-0bf342190c0bbe8c8ed3c825f6cfe542 planes=20 mapped=167772160 reserved=1254096896 used=94745088 slack_bytes=1187840 booked=2389547464
1790278110486 [meter] admit id=chatcmpl-1808c98846340938cda9537eff6304a8 tenant=default lane=interactive model="q9"
1790278110494 [kv-vmm] trim id=chatcmpl-0bf342190c0bbe8c8ed3c825f6cfe542 pool=spec keep_rows=5737 released=41943040
1790278110494 [kv-vmm] ensure-walls n=76 us=2,2,3,2,2,2,4,2,3,2,2,2,2,2,2,2,2,2,3,7,2,2,3,2,2,2,2,2,2,2,2,2,2,3,2,2,2,2,2,2,2,2,2,2,2,2,3,4,2,2,3,2,3,2,3,3,3,3,2,3,3,3,3,2,3,3,2,7,4,3,3,2,2,2,2,2
1790278110498 [admit-predict] id=chatcmpl-1808c98846340938cda9537eff6304a8 tenant="" model="q9" verdict=admit reason=tenant-p95 prompt=3152 predicted_completion=4817 kv_hat=1427012872 booked_bytes=0 booked_real=0 inflight=0 cap=64 budget_bytes=12831671424 retry_after_s=- exempt=0 enforce=0 live_free_bytes=-
1790278110501 [worker] spec-affinity: declined (history diverged at 5 of checkpoint 1472; 2 parked, 3152 prompt tokens; model q9)
1790278110502 [spec-k] model="q9" tenant="" K=3 source=cold-long prompt=3152 cached=0 lcp=6 active=1 wave=1 placement=single-or-non-pp2
1790278110502 [kv-vmm] admit id=chatcmpl-1808c98846340938cda9537eff6304a8 owed_before=0 session_mapped=83886080 session_reserved=1254096896 active=0
1790278110505 [kv-vmm] reap released=146800640 pending=0
1790278111555 [spec-acc] ctx=3152 burst=22/33 cum=22/33=0.667
1790278111555 [prefix-cache] insert (spec-boundary): 3072 tokens, 104.0MB (resident 2110.4MB / 2052MB, model q9)
1790278111555 [prefix-cache] evict (LRU): 5728 tokens, 148.4MB (model q9)
1790278111555 [prefix-cache] insert (spec-boundary): 3136 tokens, 105.1MB (resident 2067.1MB / 2052MB, model q9)
1790278111555 [prefix-cache] evict (LRU): 5728 tokens, 148.4MB (model q9)
1790278111765 [spec-acc] ctx=3186 burst=21/36 cum=43/69=0.623
1790278111935 [spec-acc] ctx=3219 burst=24/30 cum=67/99=0.677
1790278112151 [spec-acc] ctx=3253 burst=20/39 cum=87/138=0.630
1790278112299 [spec-acc] ctx=3286 burst=23/27 cum=110/165=0.667
1790278112479 [spec-acc] ctx=3318 burst=21/33 cum=131/198=0.662
1790278112676 [spec-acc] ctx=3350 burst=22/36 cum=153/234=0.654
1790278112867 [spec-acc] ctx=3384 burst=20/36 cum=173/270=0.641
1790278113092 [spec-acc] ctx=3416 burst=20/42 cum=193/312=0.619
1790278113314 [spec-acc] ctx=3450 burst=21/42 cum=214/354=0.605
1790278113537 [spec-acc] ctx=3485 burst=18/42 cum=232/396=0.586
1790278113745 [spec-acc] ctx=3517 burst=19/39 cum=251/435=0.577
1790278113936 [spec-acc] ctx=3549 burst=20/36 cum=271/471=0.575
1790278114129 [spec-acc] ctx=3581 burst=21/36 cum=292/507=0.576
1790278114320 [spec-acc] ctx=3614 burst=22/36 cum=314/543=0.578
1790278114479 [spec-acc] ctx=3648 burst=22/30 cum=336/573=0.586
1790278114641 [spec-acc] ctx=3680 burst=23/30 cum=359/603=0.595
1790278114800 [spec-acc] ctx=3713 burst=23/30 cum=382/633=0.603
1790278114978 [spec-acc] ctx=3746 burst=23/33 cum=405/666=0.608
1790278115169 [spec-acc] ctx=3780 burst=20/36 cum=425/702=0.605
1790278115315 [spec-acc] ctx=3812 burst=24/27 cum=449/729=0.616
1790278115457 [spec-acc] ctx=3845 burst=26/27 cum=475/756=0.628
1790278115649 [spec-acc] ctx=3880 burst=20/36 cum=495/792=0.625
1790278115858 [spec-acc] ctx=3912 burst=19/39 cum=514/831=0.619
1790278116020 [spec-acc] ctx=3944 burst=24/30 cum=538/861=0.625
1790278116205 [spec-acc] ctx=3978 burst=23/33 cum=561/894=0.628
1790278116421 [spec-acc] ctx=4012 burst=20/39 cum=581/933=0.623
1790278116568 [spec-acc] ctx=4045 burst=23/27 cum=604/960=0.629
1790278116804 [spec-acc] ctx=4077 burst=18/42 cum=622/1002=0.621
1790278117029 [spec-acc] ctx=4109 burst=20/42 cum=642/1044=0.615
1790278117219 [spec-acc] ctx=4143 burst=21/36 cum=663/1080=0.614
1790278117392 [spec-acc] ctx=4176 burst=23/33 cum=686/1113=0.616
1790278117566 [spec-acc] ctx=4210 burst=23/33 cum=709/1146=0.619
1790278117707 [spec-acc] ctx=4244 burst=26/27 cum=735/1173=0.627
1790278117850 [spec-acc] ctx=4279 burst=25/27 cum=760/1200=0.633
1790278118039 [spec-acc] ctx=4313 burst=20/36 cum=780/1236=0.631
1790278118214 [spec-acc] ctx=4345 burst=21/33 cum=801/1269=0.631
1790278118371 [spec-acc] ctx=4377 burst=23/30 cum=824/1299=0.634
1790278118513 [spec-acc] ctx=4410 burst=24/27 cum=848/1326=0.640
1790278118639 [spec-acc] ctx=4443 burst=24/24 cum=872/1350=0.646
1790278118798 [spec-acc] ctx=4475 burst=22/30 cum=894/1380=0.648
1790278118971 [spec-acc] ctx=4507 burst=23/33 cum=917/1413=0.649
1790278119177 [spec-acc] ctx=4541 burst=21/39 cum=938/1452=0.646
1790278119336 [spec-acc] ctx=4575 burst=22/30 cum=960/1482=0.648
1790278119509 [spec-acc] ctx=4607 burst=21/33 cum=981/1515=0.648
1790278119683 [spec-acc] ctx=4639 burst=24/33 cum=1005/1548=0.649
1790278119858 [spec-acc] ctx=4674 burst=25/30 cum=1030/1578=0.653
1790278120064 [spec-acc] ctx=4709 burst=21/36 cum=1051/1614=0.651
1790278120266 [spec-acc] ctx=4742 burst=23/36 cum=1074/1650=0.651
1790278120432 [spec-acc] ctx=4777 burst=24/30 cum=1098/1680=0.654
1790278120613 [spec-acc] ctx=4811 burst=21/33 cum=1119/1713=0.653
1790278120776 [spec-acc] ctx=4843 burst=22/30 cum=1141/1743=0.655
1790278120990 [spec-acc] ctx=4875 burst=19/39 cum=1160/1782=0.651
1790278121156 [spec-acc] ctx=4907 burst=25/30 cum=1185/1812=0.654
1790278121307 [spec-acc] ctx=4942 burst=26/27 cum=1211/1839=0.659
1790278121455 [spec-acc] ctx=4977 burst=24/27 cum=1235/1866=0.662
1790278121622 [spec-acc] ctx=5010 burst=22/30 cum=1257/1896=0.663
1790278121767 [spec-acc] ctx=5042 burst=24/27 cum=1281/1923=0.666
1790278121912 [spec-acc] ctx=5075 burst=24/27 cum=1305/1950=0.669
1790278122108 [spec-acc] ctx=5108 burst=20/36 cum=1325/1986=0.667
1790278122288 [spec-acc] ctx=5140 burst=22/33 cum=1347/2019=0.667
1790278122501 [spec-acc] ctx=5173 burst=21/39 cum=1368/2058=0.665
1790278122629 [spec-acc] ctx=5207 burst=24/24 cum=1392/2082=0.669
1790278122809 [spec-acc] ctx=5239 burst=21/33 cum=1413/2115=0.668
1790278122990 [spec-acc] ctx=5271 burst=22/33 cum=1435/2148=0.668
1790278123121 [spec-acc] ctx=5304 burst=24/24 cum=1459/2172=0.672
1790278123267 [spec-acc] ctx=5336 burst=24/27 cum=1483/2199=0.674
1790278123413 [spec-acc] ctx=5369 burst=26/27 cum=1509/2226=0.678
1790278123559 [spec-acc] ctx=5404 burst=25/27 cum=1534/2253=0.681
1790278123709 [spec-acc] ctx=5438 burst=23/27 cum=1557/2280=0.683
1790278123854 [spec-acc] ctx=5470 burst=23/27 cum=1580/2307=0.685
1790278124017 [spec-acc] ctx=5502 burst=23/30 cum=1603/2337=0.686
1790278124245 [spec-acc] ctx=5535 burst=20/42 cum=1623/2379=0.682
1790278124391 [spec-acc] ctx=5569 burst=26/27 cum=1649/2406=0.685
1790278124526 [spec-acc] ctx=5604 burst=24/24 cum=1673/2430=0.688
1790278124672 [spec-acc] ctx=5636 burst=26/27 cum=1699/2457=0.691
1790278124802 [spec-acc] ctx=5671 burst=24/24 cum=1723/2481=0.694
1790278124948 [spec-acc] ctx=5703 burst=26/27 cum=1749/2508=0.697
1790278125128 [spec-acc] ctx=5738 burst=23/33 cum=1772/2541=0.697
1790278125311 [spec-acc] ctx=5772 burst=24/33 cum=1796/2574=0.698
1790278125475 [spec-acc] ctx=5807 burst=25/30 cum=1821/2604=0.699
1790278125671 [spec-acc] ctx=5842 burst=22/36 cum=1843/2640=0.698
1790278125850 [spec-acc] ctx=5876 burst=24/33 cum=1867/2673=0.698
1790278126046 [spec-acc] ctx=5911 burst=21/36 cum=1888/2709=0.697
1790278126262 [spec-acc] ctx=5944 burst=21/39 cum=1909/2748=0.695
1790278126428 [spec-acc] ctx=5978 burst=22/30 cum=1931/2778=0.695
1790278126577 [spec-acc] ctx=6010 burst=23/27 cum=1954/2805=0.697
1790278126778 [spec-acc] ctx=6042 burst=21/36 cum=1975/2841=0.695
1790278126979 [spec-acc] ctx=6075 burst=23/36 cum=1998/2877=0.694
1790278127179 [spec-acc] ctx=6110 burst=20/36 cum=2018/2913=0.693
1790278127380 [spec-acc] ctx=6142 burst=22/36 cum=2040/2949=0.692
1790278127580 [spec-acc] ctx=6176 burst=20/36 cum=2060/2985=0.690
1790278127747 [spec-acc] ctx=6208 burst=23/30 cum=2083/3015=0.691
1790278127931 [spec-acc] ctx=6241 burst=21/33 cum=2104/3048=0.690
1790278128115 [spec-acc] ctx=6273 burst=22/33 cum=2126/3081=0.690
1790278128298 [spec-acc] ctx=6306 burst=21/33 cum=2147/3114=0.689
1790278128497 [spec-acc] ctx=6338 burst=23/36 cum=2170/3150=0.689
1790278128648 [spec-acc] ctx=6373 burst=26/27 cum=2196/3177=0.691
1790278128849 [spec-acc] ctx=6408 burst=23/36 cum=2219/3213=0.691
1790278129016 [spec-acc] ctx=6443 burst=24/30 cum=2243/3243=0.692
1790278129149 [spec-acc] ctx=6477 burst=24/24 cum=2267/3267=0.694
1790278129349 [spec-acc] ctx=6509 burst=23/36 cum=2290/3303=0.693
1790278129482 [spec-acc] ctx=6544 burst=24/24 cum=2314/3327=0.696
1790278129633 [spec-acc] ctx=6576 burst=23/27 cum=2337/3354=0.697
1790278129817 [spec-acc] ctx=6608 burst=23/33 cum=2360/3387=0.697
1790278129983 [spec-acc] ctx=6642 burst=22/30 cum=2382/3417=0.697
1790278130134 [spec-acc] ctx=6674 burst=24/27 cum=2406/3444=0.699
1790278130300 [spec-acc] ctx=6707 burst=24/30 cum=2430/3474=0.699
1790278130467 [spec-acc] ctx=6741 burst=22/30 cum=2452/3504=0.700
1790278130651 [spec-acc] ctx=6773 burst=21/33 cum=2473/3537=0.699
1790278130801 [spec-acc] ctx=6805 burst=24/27 cum=2497/3564=0.701
1790278130935 [spec-acc] ctx=6838 burst=24/24 cum=2521/3588=0.703
1790278131119 [spec-acc] ctx=6870 burst=24/33 cum=2545/3621=0.703
1790278131286 [spec-acc] ctx=6905 burst=24/30 cum=2569/3651=0.704
1790278131453 [spec-acc] ctx=6939 burst=23/30 cum=2592/3681=0.704
1790278131603 [spec-acc] ctx=6972 burst=24/27 cum=2616/3708=0.706
1790278131770 [spec-acc] ctx=7005 burst=22/30 cum=2638/3738=0.706
1790278132004 [spec-acc] ctx=7037 burst=21/42 cum=2659/3780=0.703
1790278132171 [spec-acc] ctx=7072 burst=24/30 cum=2683/3810=0.704
1790278132355 [spec-acc] ctx=7106 burst=22/33 cum=2705/3843=0.704
1790278132522 [spec-acc] ctx=7139 burst=22/30 cum=2727/3873=0.704
1790278132672 [spec-acc] ctx=7171 burst=24/27 cum=2751/3900=0.705
1790278132857 [spec-acc] ctx=7204 burst=22/33 cum=2773/3933=0.705
1790278132990 [spec-acc] ctx=7237 burst=24/24 cum=2797/3957=0.707
1790278133125 [spec-acc] ctx=7269 burst=24/24 cum=2821/3981=0.709
1790278133326 [spec-acc] ctx=7301 burst=22/36 cum=2843/4017=0.708
1790278133527 [spec-acc] ctx=7335 burst=22/36 cum=2865/4053=0.707
1790278133727 [spec-acc] ctx=7369 burst=23/36 cum=2888/4089=0.706
1790278133877 [spec-acc] ctx=7404 burst=26/27 cum=2914/4116=0.708
1790278134010 [spec-acc] ctx=7439 burst=24/24 cum=2938/4140=0.710
1790278134010 [kv-vmm] retire id=chatcmpl-1808c98846340938cda9537eff6304a8 planes=20 mapped=188743680 reserved=1254096896 used=124778880 slack_bytes=1187840 booked=2389547464
1790278134012 [meter] admit id=chatcmpl-bb57a6722dc0bb00bc20249b9cb52f62 tenant=default lane=interactive model="q9"
1790278134020 [kv-vmm] trim id=chatcmpl-1808c98846340938cda9537eff6304a8 pool=spec keep_rows=7535 released=41943040
1790278134020 [kv-vmm] ensure-walls n=130 us=2,4,2,3,2,4,3,3,2,3,4,3,3,2,2,3,2,2,2,7,3,2,2,2,3,2,3,3,3,2,3,3,2,2,2,2,4,2,3,2,2,2,2,3,2,2,2,4,2,2,2,2,2,4,2,2,2,2,2,2,3,2,3,2,2,2,2,6,2,2,2,2,2,2,2,3,2,7,2,2,2,3,2,2,3,3,2,3,3,2,3,3,3,3,3,3,2,3,2,3,3,3,3,2,2,2,3,3,3,2,2,4,3,2,3,3,3,3,3,2,3,3,2,3,3,2,3,3,3,2
1790278134024 [admission] per-session draft-state charge: model="q9" +44MB (measured capture high-water)
1790278134024 [admission] request cost: model="q9" ctx=65600 path=spec = 16704 B/token x ctx + 1144MB prefill-workspace + 114MB fixed = 2353MB
1790278134024 [admit-predict] id=chatcmpl-bb57a6722dc0bb00bc20249b9cb52f62 tenant="" model="q9" verdict=admit reason=tenant-p95 prompt=3173 predicted_completion=4817 kv_hat=1434933064 booked_bytes=0 booked_real=0 inflight=0 cap=64 budget_bytes=12831671424 retry_after_s=- exempt=0 enforce=0 live_free_bytes=-
1790278134027 [worker] spec-affinity: declined (history diverged at 6 of checkpoint 3136; 2 parked, 3173 prompt tokens; model q9)
1790278134028 [spec-k] model="q9" tenant="" K=3 source=cold-long prompt=3173 cached=0 lcp=6 active=1 wave=1 placement=single-or-non-pp2
1790278134029 [kv-vmm] admit id=chatcmpl-bb57a6722dc0bb00bc20249b9cb52f62 owed_before=0 session_mapped=125829120 session_reserved=1254096896 active=0
1790278134032 [kv-vmm] reap released=188743680 pending=0
1790278135052 [spec-acc] ctx=3173 burst=22/33 cum=22/33=0.667
1790278135052 [prefix-cache] insert (spec-boundary): 3072 tokens, 104.0MB (resident 2022.7MB / 2052MB, model q9)
1790278135052 [prefix-cache] insert (spec-boundary): 3136 tokens, 105.1MB (resident 2127.8MB / 2052MB, model q9)
1790278135052 [prefix-cache] evict (LRU): 5632 tokens, 146.8MB (model q9)
1790278135275 [spec-acc] ctx=3207 burst=19/39 cum=41/72=0.569
1790278135441 [spec-acc] ctx=3239 burst=24/30 cum=65/102=0.637
1790278135656 [spec-acc] ctx=3273 burst=20/39 cum=85/141=0.603
1790278135819 [spec-acc] ctx=3306 burst=25/30 cum=110/171=0.643
1790278135962 [spec-acc] ctx=3341 burst=24/27 cum=134/198=0.677
1790278136154 [spec-acc] ctx=3374 burst=23/36 cum=157/234=0.671
1790278136342 [spec-acc] ctx=3409 burst=21/36 cum=178/270=0.659
1790278136517 [spec-acc] ctx=3442 burst=24/33 cum=202/303=0.667
1790278136690 [spec-acc] ctx=3477 burst=21/33 cum=223/336=0.664
1790278136880 [spec-acc] ctx=3509 burst=20/36 cum=243/372=0.653
1790278137086 [spec-acc] ctx=3541 burst=19/39 cum=262/411=0.637
1790278137244 [spec-acc] ctx=3573 burst=22/30 cum=284/441=0.644
1790278137434 [spec-acc] ctx=3605 burst=22/36 cum=306/477=0.642
1790278137656 [spec-acc] ctx=3639 burst=18/42 cum=324/519=0.624
1790278137908 [spec-acc] ctx=3671 burst=19/48 cum=343/567=0.605
1790278138067 [spec-acc] ctx=3706 burst=24/30 cum=367/597=0.615
1790278138257 [spec-acc] ctx=3740 burst=20/36 cum=387/633=0.611
1790278138478 [spec-acc] ctx=3772 burst=19/42 cum=406/675=0.601
1790278138683 [spec-acc] ctx=3805 burst=22/39 cum=428/714=0.599
1790278138858 [spec-acc] ctx=3840 burst=22/33 cum=450/747=0.602
1790278139079 [spec-acc] ctx=3873 burst=19/42 cum=469/789=0.594
1790278139205 [spec-acc] ctx=3906 burst=24/24 cum=493/813=0.606
1790278139347 [spec-acc] ctx=3938 burst=23/27 cum=516/840=0.614
1790278139490 [spec-acc] ctx=3970 burst=23/27 cum=539/867=0.622
1790278139696 [spec-acc] ctx=4002 burst=22/39 cum=561/906=0.619
1790278139871 [spec-acc] ctx=4037 burst=22/33 cum=583/939=0.621
1790278140046 [spec-acc] ctx=4070 burst=22/33 cum=605/972=0.622
1790278140222 [spec-acc] ctx=4103 burst=23/33 cum=628/1005=0.625
1790278140397 [spec-acc] ctx=4137 burst=21/33 cum=649/1038=0.625
1790278140604 [spec-acc] ctx=4169 burst=22/39 cum=671/1077=0.623
1790278140779 [spec-acc] ctx=4204 burst=22/33 cum=693/1110=0.624
1790278140939 [spec-acc] ctx=4237 burst=23/30 cum=716/1140=0.628
1790278141130 [spec-acc] ctx=4270 burst=21/36 cum=737/1176=0.627
1790278141291 [spec-acc] ctx=4303 burst=25/30 cum=762/1206=0.632
1790278141434 [spec-acc] ctx=4338 burst=23/27 cum=785/1233=0.637
1790278141626 [spec-acc] ctx=4370 burst=22/36 cum=807/1269=0.636
1790278141769 [spec-acc] ctx=4404 burst=24/27 cum=831/1296=0.641
1790278141896 [spec-acc] ctx=4437 burst=24/24 cum=855/1320=0.648
1790278142025 [spec-acc] ctx=4469 burst=24/24 cum=879/1344=0.654
1790278142201 [spec-acc] ctx=4501 burst=21/33 cum=900/1377=0.654
1790278142378 [spec-acc] ctx=4533 burst=22/33 cum=922/1410=0.654
1790278142618 [spec-acc] ctx=4566 burst=19/45 cum=941/1455=0.647
1790278142827 [spec-acc] ctx=4600 burst=19/39 cum=960/1494=0.643
1790278143018 [spec-acc] ctx=4632 burst=21/36 cum=981/1530=0.641
1790278143163 [spec-acc] ctx=4665 burst=25/27 cum=1006/1557=0.646
1790278143307 [spec-acc] ctx=4699 burst=26/27 cum=1032/1584=0.652
1790278143450 [spec-acc] ctx=4734 burst=26/27 cum=1058/1611=0.657
1790278143595 [spec-acc] ctx=4769 burst=23/27 cum=1081/1638=0.660
1790278143739 [spec-acc] ctx=4801 burst=25/27 cum=1106/1665=0.664
1790278143867 [spec-acc] ctx=4835 burst=24/24 cum=1130/1689=0.669
1790278143996 [spec-acc] ctx=4867 burst=24/24 cum=1154/1713=0.674
1790278144222 [spec-acc] ctx=4899 burst=18/42 cum=1172/1755=0.668
1790278144398 [spec-acc] ctx=4931 burst=24/33 cum=1196/1788=0.669
1790278144593 [spec-acc] ctx=4966 burst=21/36 cum=1217/1824=0.667
1790278144770 [spec-acc] ctx=4999 burst=21/33 cum=1238/1857=0.667
1790278144933 [spec-acc] ctx=5031 burst=22/30 cum=1260/1887=0.668
1790278145113 [spec-acc] ctx=5063 burst=22/33 cum=1282/1920=0.668
1790278145371 [spec-acc] ctx=5096 burst=18/48 cum=1300/1968=0.661
1790278145536 [spec-acc] ctx=5130 burst=23/30 cum=1323/1998=0.662
1790278145733 [spec-acc] ctx=5163 burst=20/36 cum=1343/2034=0.660
1790278145910 [spec-acc] ctx=5195 burst=21/33 cum=1364/2067=0.660
1790278146088 [spec-acc] ctx=5227 burst=21/33 cum=1385/2100=0.660
1790278146251 [spec-acc] ctx=5259 burst=22/30 cum=1407/2130=0.661
1790278146414 [spec-acc] ctx=5291 burst=22/30 cum=1429/2160=0.662
1790278146625 [spec-acc] ctx=5323 burst=21/39 cum=1450/2199=0.659
1790278146802 [spec-acc] ctx=5357 burst=22/33 cum=1472/2232=0.659
1790278146983 [spec-acc] ctx=5390 burst=22/33 cum=1494/2265=0.660
1790278147144 [spec-acc] ctx=5423 burst=25/30 cum=1519/2295=0.662
1790278147306 [spec-acc] ctx=5458 burst=22/30 cum=1541/2325=0.663
1790278147469 [spec-acc] ctx=5490 burst=22/30 cum=1563/2355=0.664
1790278147616 [spec-acc] ctx=5522 burst=26/27 cum=1589/2382=0.667
1790278147782 [spec-acc] ctx=5557 burst=24/30 cum=1613/2412=0.669
1790278147911 [spec-acc] ctx=5591 burst=24/24 cum=1637/2436=0.672
1790278148057 [spec-acc] ctx=5623 burst=26/27 cum=1663/2463=0.675
1790278148254 [spec-acc] ctx=5658 burst=20/36 cum=1683/2499=0.673
1790278148437 [spec-acc] ctx=5690 burst=22/33 cum=1705/2532=0.673
1790278148615 [spec-acc] ctx=5723 burst=21/33 cum=1726/2565=0.673
1790278148793 [spec-acc] ctx=5755 burst=22/33 cum=1748/2598=0.673
1790278149021 [spec-acc] ctx=5788 burst=20/42 cum=1768/2640=0.670
1790278149219 [spec-acc] ctx=5822 burst=20/36 cum=1788/2676=0.668
1790278149451 [spec-acc] ctx=5854 burst=20/42 cum=1808/2718=0.665
1790278149597 [spec-acc] ctx=5888 burst=24/27 cum=1832/2745=0.667
1790278149760 [spec-acc] ctx=5921 burst=25/30 cum=1857/2775=0.669
1790278149907 [spec-acc] ctx=5956 burst=26/27 cum=1883/2802=0.672
1790278150056 [spec-acc] ctx=5991 burst=25/27 cum=1908/2829=0.674
1790278150220 [spec-acc] ctx=6025 burst=24/30 cum=1932/2859=0.676
1790278150387 [spec-acc] ctx=6059 burst=24/30 cum=1956/2889=0.677
1790278150519 [spec-acc] ctx=6093 burst=24/24 cum=1980/2913=0.680
1790278150650 [spec-acc] ctx=6125 burst=24/24 cum=2004/2937=0.682
1790278150813 [spec-acc] ctx=6157 burst=23/30 cum=2027/2967=0.683
1790278150813 [kv-vmm] retire id=chatcmpl-bb57a6722dc0bb00bc20249b9cb52f62 planes=20 mapped=188743680 reserved=1254096896 used=103381056 slack_bytes=1187840 booked=2397116872
1790278150815 [meter] admit id=chatcmpl-a7bdb57fff91c7ce3e49c44cb358d277 tenant=default lane=interactive model="q9"
1790278150822 [kv-vmm] trim id=chatcmpl-bb57a6722dc0bb00bc20249b9cb52f62 pool=spec keep_rows=6254 released=41943040
1790278150824 [kv-vmm] ensure-walls n=91 us=3,3,3,2,2,2,2,2,2,2,2,2,2,2,2,2,3,2,6,2,2,3,3,3,2,2,2,2,2,4,2,3,2,3,4,3,2,3,3,2,3,3,2,2,2,2,2,2,3,3,2,3,2,3,2,3,2,3,2,3,3,3,2,2,2,3,2,7,2,2,2,2,2,3,2,2,6,2,2,2,2,2,2,2,3,4,2,3,3,2,1
1790278150827 [admission] per-session draft-state charge: model="q9" +44MB (measured capture high-water)
1790278150827 [admission] request cost: model="q9" ctx=65600 path=spec = 16704 B/token x ctx + 1136MB prefill-workspace + 114MB fixed = 2345MB
1790278150827 [admit-predict] id=chatcmpl-a7bdb57fff91c7ce3e49c44cb358d277 tenant="" model="q9" verdict=admit reason=tenant-p95 prompt=3151 predicted_completion=4817 kv_hat=1426635720 booked_bytes=0 booked_real=0 inflight=0 cap=64 budget_bytes=12831671424 retry_after_s=- exempt=0 enforce=0 live_free_bytes=-
1790278150830 [worker] spec-affinity: declined (history diverged at 6 of checkpoint 3136; 2 parked, 3151 prompt tokens; model q9)
1790278150831 [spec-k] model="q9" tenant="" K=3 source=cold-long prompt=3151 cached=0 lcp=6 active=1 wave=1 placement=single-or-non-pp2
1790278150831 [kv-vmm] admit id=chatcmpl-a7bdb57fff91c7ce3e49c44cb358d277 owed_before=0 session_mapped=83886080 session_reserved=1254096896 active=0
1790278150834 [kv-vmm] reap released=167772160 pending=0
1790278151865 [spec-acc] ctx=3151 burst=20/33 cum=20/33=0.606
1790278151865 [prefix-cache] insert (spec-boundary): 3072 tokens, 104.0MB (resident 2085.0MB / 2052MB, model q9)
1790278151865 [prefix-cache] evict (LRU): 5632 tokens, 146.8MB (model q9)
1790278151866 [prefix-cache] insert (spec-boundary): 3104 tokens, 104.6MB (resident 2042.8MB / 2052MB, model q9)
1790278152133 [spec-acc] ctx=3183 burst=19/48 cum=39/81=0.481
1790278152298 [spec-acc] ctx=3218 burst=24/30 cum=63/111=0.568
1790278152461 [spec-acc] ctx=3252 burst=23/30 cum=86/141=0.610
1790278152624 [spec-acc] ctx=3285 burst=25/30 cum=111/171=0.649
1790278152823 [spec-acc] ctx=3320 burst=21/36 cum=132/207=0.638
1790278153048 [spec-acc] ctx=3353 burst=20/42 cum=152/249=0.610
1790278153254 [spec-acc] ctx=3387 burst=22/39 cum=174/288=0.604
1790278153476 [spec-acc] ctx=3422 burst=18/42 cum=192/330=0.582
1790278153701 [spec-acc] ctx=3454 burst=20/42 cum=212/372=0.570
1790278153860 [spec-acc] ctx=3488 burst=25/30 cum=237/402=0.590
1790278154065 [spec-acc] ctx=3523 burst=20/39 cum=257/441=0.583
1790278154270 [spec-acc] ctx=3556 burst=19/39 cum=276/480=0.575
1790278154492 [spec-acc] ctx=3588 burst=20/42 cum=296/522=0.567
1790278154681 [spec-acc] ctx=3622 burst=21/36 cum=317/558=0.568
1790278154856 [spec-acc] ctx=3655 burst=21/33 cum=338/591=0.572
1790278155014 [spec-acc] ctx=3687 burst=22/30 cum=360/621=0.580
1790278155208 [spec-acc] ctx=3719 burst=21/36 cum=381/657=0.580
1790278155397 [spec-acc] ctx=3752 burst=20/36 cum=401/693=0.579
1790278155588 [spec-acc] ctx=3784 burst=21/36 cum=422/729=0.579
1790278155746 [spec-acc] ctx=3817 burst=24/30 cum=446/759=0.588
1790278155905 [spec-acc] ctx=3851 burst=23/30 cum=469/789=0.594
1790278156063 [spec-acc] ctx=3884 burst=22/30 cum=491/819=0.600
1790278156319 [spec-acc] ctx=3916 burst=17/48 cum=508/867=0.586
1790278156527 [spec-acc] ctx=3949 burst=19/39 cum=527/906=0.582
1790278156673 [spec-acc] ctx=3981 burst=26/27 cum=553/933=0.593
1790278156816 [spec-acc] ctx=4016 burst=24/27 cum=577/960=0.601
1790278157009 [spec-acc] ctx=4049 burst=22/36 cum=599/996=0.601
1790278157198 [spec-acc] ctx=4083 burst=22/36 cum=621/1032=0.602
1790278157389 [spec-acc] ctx=4117 burst=22/36 cum=643/1068=0.602
1790278157564 [spec-acc] ctx=4151 burst=23/33 cum=666/1101=0.605
1790278157753 [spec-acc] ctx=4185 burst=21/36 cum=687/1137=0.604
1790278157911 [spec-acc] ctx=4218 burst=23/30 cum=710/1167=0.608
1790278158054 [spec-acc] ctx=4251 burst=23/27 cum=733/1194=0.614
1790278158244 [spec-acc] ctx=4283 burst=23/36 cum=756/1230=0.615
1790278158418 [spec-acc] ctx=4318 burst=23/33 cum=779/1263=0.617
1790278158579 [spec-acc] ctx=4352 burst=22/30 cum=801/1293=0.619
1790278158721 [spec-acc] ctx=4384 burst=23/27 cum=824/1320=0.624
1790278158849 [spec-acc] ctx=4416 burst=24/24 cum=848/1344=0.631
1790278158991 [spec-acc] ctx=4448 burst=26/27 cum=874/1371=0.637
1790278159166 [spec-acc] ctx=4483 burst=23/33 cum=897/1404=0.639
1790278159324 [spec-acc] ctx=4517 burst=25/30 cum=922/1434=0.643
1790278159499 [spec-acc] ctx=4552 burst=21/33 cum=943/1467=0.643
1790278159707 [spec-acc] ctx=4584 burst=20/39 cum=963/1506=0.639
1790278159914 [spec-acc] ctx=4617 burst=19/39 cum=982/1545=0.636
1790278160121 [spec-acc] ctx=4649 burst=19/39 cum=1001/1584=0.632
1790278160297 [spec-acc] ctx=4681 burst=21/33 cum=1022/1617=0.632
1790278160472 [spec-acc] ctx=4713 burst=21/33 cum=1043/1650=0.632
1790278160650 [spec-acc] ctx=4745 burst=22/33 cum=1065/1683=0.633
1790278160809 [spec-acc] ctx=4778 burst=24/30 cum=1089/1713=0.636
1790278160935 [spec-acc] ctx=4812 burst=24/24 cum=1113/1737=0.641
1790278161082 [spec-acc] ctx=4844 burst=25/27 cum=1138/1764=0.645
1790278161241 [spec-acc] ctx=4878 burst=24/30 cum=1162/1794=0.648
1790278161401 [spec-acc] ctx=4912 burst=22/30 cum=1184/1824=0.649
1790278161547 [spec-acc] ctx=4944 burst=24/27 cum=1208/1851=0.653
1790278161755 [spec-acc] ctx=4977 burst=21/39 cum=1229/1890=0.650
1790278161933 [spec-acc] ctx=5011 burst=22/33 cum=1251/1923=0.651
1790278162141 [spec-acc] ctx=5044 burst=19/39 cum=1270/1962=0.647
1790278162301 [spec-acc] ctx=5076 burst=23/30 cum=1293/1992=0.649
1790278162477 [spec-acc] ctx=5109 burst=21/33 cum=1314/2025=0.649
1790278162670 [spec-acc] ctx=5141 burst=23/36 cum=1337/2061=0.649
1790278162862 [spec-acc] ctx=5176 burst=23/33 cum=1360/2094=0.649
1790278163054 [spec-acc] ctx=5210 burst=21/33 cum=1381/2127=0.649
1790278163208 [spec-acc] ctx=5242 burst=23/27 cum=1404/2154=0.652
1790278163359 [spec-acc] ctx=5274 burst=26/27 cum=1430/2181=0.656
1790278163526 [spec-acc] ctx=5309 burst=25/30 cum=1455/2211=0.658
1790278163728 [spec-acc] ctx=5344 burst=20/36 cum=1475/2247=0.656
1790278163929 [spec-acc] ctx=5376 burst=23/36 cum=1498/2283=0.656
1790278164130 [spec-acc] ctx=5411 burst=21/36 cum=1519/2319=0.655
1790278164298 [spec-acc] ctx=5444 burst=25/30 cum=1544/2349=0.657
1790278164465 [spec-acc] ctx=5479 burst=23/30 cum=1567/2379=0.659
1790278164599 [spec-acc] ctx=5512 burst=24/24 cum=1591/2403=0.662
1790278164750 [spec-acc] ctx=5544 burst=23/27 cum=1614/2430=0.664
1790278164901 [spec-acc] ctx=5576 burst=25/27 cum=1639/2457=0.667
1790278165051 [spec-acc] ctx=5610 burst=23/27 cum=1662/2484=0.669
1790278165202 [spec-acc] ctx=5642 burst=25/27 cum=1687/2511=0.672
1790278165336 [spec-acc] ctx=5676 burst=24/24 cum=1711/2535=0.675
1790278165526 [spec-acc] ctx=5708 burst=21/33 cum=1732/2568=0.674
1790278165526 [kv-vmm] retire id=chatcmpl-a7bdb57fff91c7ce3e49c44cb358d277 planes=20 mapped=188743680 reserved=1254096896 used=95864256 slack_bytes=1187840 booked=2389187016
1790278165528 [meter] admit id=chatcmpl-3beceba002f9023329d2c16438c63136 tenant=default lane=interactive model="q9"
1790278165536 [kv-vmm] trim id=chatcmpl-a7bdb57fff91c7ce3e49c44cb358d277 pool=spec keep_rows=5804 released=41943040
1790278165536 [kv-vmm] ensure-walls n=78 us=2,2,2,3,2,2,2,2,2,2,2,2,2,3,2,2,2,2,2,6,2,4,2,2,2,2,2,2,4,2,3,2,3,2,3,4,2,2,3,4,2,2,2,2,2,2,2,3,2,2,2,2,2,2,2,3,4,2,2,2,2,2,2,2,2,3,2,7,2,2,3,2,2,2,2,2,2,7
1790278165540 [admit-predict] id=chatcmpl-3beceba002f9023329d2c16438c63136 tenant="" model="q9" verdict=admit reason=tenant-p95 prompt=3151 predicted_completion=4761 kv_hat=1425700296 booked_bytes=0 booked_real=0 inflight=0 cap=64 budget_bytes=12831671424 retry_after_s=- exempt=0 enforce=0 live_free_bytes=-
1790278165544 [worker] spec-affinity: declined (history diverged at 6 of checkpoint 3136; 2 parked, 3151 prompt tokens; model q9)
1790278165545 [spec-k] model="q9" tenant="" K=3 source=cold-long prompt=3151 cached=0 lcp=6 active=1 wave=1 placement=single-or-non-pp2
1790278165545 [kv-vmm] admit id=chatcmpl-3beceba002f9023329d2c16438c63136 owed_before=0 session_mapped=83886080 session_reserved=1254096896 active=0
1790278165548 [kv-vmm] reap released=188743680 pending=0
1790278166585 [spec-acc] ctx=3151 burst=22/36 cum=22/36=0.611
1790278166585 [prefix-cache] insert (spec-boundary): 3072 tokens, 104.0MB (resident 2146.8MB / 2052MB, model q9)
1790278166585 [prefix-cache] evict (LRU): 5632 tokens, 146.8MB (model q9)
1790278166585 [prefix-cache] insert (spec-boundary): 3104 tokens, 104.6MB (resident 2104.6MB / 2052MB, model q9)
1790278166585 [prefix-cache] evict (LRU): 5632 tokens, 146.8MB (model q9)
1790278166785 [spec-acc] ctx=3186 burst=22/36 cum=44/72=0.611
1790278166982 [spec-acc] ctx=3220 burst=22/36 cum=66/108=0.611
1790278167128 [spec-acc] ctx=3254 burst=24/27 cum=90/135=0.667
1790278167274 [spec-acc] ctx=3287 burst=25/27 cum=115/162=0.710
1790278167450 [spec-acc] ctx=3321 burst=23/33 cum=138/195=0.708
1790278167691 [spec-acc] ctx=3355 burst=18/45 cum=156/240=0.650
1790278167867 [spec-acc] ctx=3388 burst=21/33 cum=177/273=0.648
1790278168064 [spec-acc] ctx=3420 burst=20/36 cum=197/309=0.638
1790278168242 [spec-acc] ctx=3452 burst=21/33 cum=218/342=0.637
1790278168463 [spec-acc] ctx=3484 burst=19/39 cum=237/381=0.622
1790278168695 [spec-acc] ctx=3516 burst=19/42 cum=256/423=0.605
1790278168927 [spec-acc] ctx=3549 burst=18/42 cum=274/465=0.589
1790278169163 [spec-acc] ctx=3581 burst=18/42 cum=292/507=0.576
1790278169342 [spec-acc] ctx=3613 burst=22/33 cum=314/540=0.581
1790278169510 [spec-acc] ctx=3646 burst=24/30 cum=338/570=0.593
1790278169717 [spec-acc] ctx=3680 burst=20/39 cum=358/609=0.588
1790278169910 [spec-acc] ctx=3713 burst=21/36 cum=379/645=0.588
1790278170117 [spec-acc] ctx=3746 burst=21/39 cum=400/684=0.585
1790278170279 [spec-acc] ctx=3780 burst=25/30 cum=425/714=0.595
1790278170421 [spec-acc] ctx=3815 burst=26/27 cum=451/741=0.609
1790278170565 [spec-acc] ctx=3850 burst=24/27 cum=475/768=0.618
1790278170804 [spec-acc] ctx=3883 burst=17/45 cum=492/813=0.605
1790278170979 [spec-acc] ctx=3915 burst=21/33 cum=513/846=0.606
1790278171200 [spec-acc] ctx=3947 burst=21/42 cum=534/888=0.601
1790278171359 [spec-acc] ctx=3982 burst=24/30 cum=558/918=0.608
1790278171565 [spec-acc] ctx=4016 burst=20/39 cum=578/957=0.604
1790278171723 [spec-acc] ctx=4049 burst=25/30 cum=603/987=0.611
1790278171882 [spec-acc] ctx=4084 burst=23/30 cum=626/1017=0.616
1790278172071 [spec-acc] ctx=4117 burst=21/36 cum=647/1053=0.614
1790278172246 [spec-acc] ctx=4150 burst=23/33 cum=670/1086=0.617
1790278172420 [spec-acc] ctx=4184 burst=21/33 cum=691/1119=0.618
1790278172565 [spec-acc] ctx=4216 burst=23/27 cum=714/1146=0.623
1790278172692 [spec-acc] ctx=4248 burst=24/24 cum=738/1170=0.631
1790278172850 [spec-acc] ctx=4280 burst=22/30 cum=760/1200=0.633
1790278173013 [spec-acc] ctx=4312 burst=25/30 cum=785/1230=0.638
1790278173187 [spec-acc] ctx=4347 burst=24/33 cum=809/1263=0.641
1790278173362 [spec-acc] ctx=4382 burst=21/33 cum=830/1296=0.640
1790278173505 [spec-acc] ctx=4414 burst=23/27 cum=853/1323=0.645
1790278173632 [spec-acc] ctx=4446 burst=24/24 cum=877/1347=0.651
1790278173793 [spec-acc] ctx=4478 burst=22/30 cum=899/1377=0.653
1790278173936 [spec-acc] ctx=4510 burst=23/27 cum=922/1404=0.657
1790278174063 [spec-acc] ctx=4542 burst=24/24 cum=946/1428=0.662
1790278174238 [spec-acc] ctx=4574 burst=24/33 cum=970/1461=0.664
1790278174430 [spec-acc] ctx=4609 burst=21/36 cum=991/1497=0.662
1790278174589 [spec-acc] ctx=4642 burst=22/30 cum=1013/1527=0.663
1790278174748 [spec-acc] ctx=4674 burst=24/30 cum=1037/1557=0.666
1790278174926 [spec-acc] ctx=4708 burst=21/33 cum=1058/1590=0.665
1790278175118 [spec-acc] ctx=4740 burst=23/36 cum=1081/1626=0.665
1790278175295 [spec-acc] ctx=4775 burst=23/33 cum=1104/1659=0.665
1790278175486 [spec-acc] ctx=4809 burst=22/36 cum=1126/1695=0.664
1790278175631 [spec-acc] ctx=4843 burst=25/27 cum=1151/1722=0.668
1790278175759 [spec-acc] ctx=4877 burst=24/24 cum=1175/1746=0.673
1790278175902 [spec-acc] ctx=4909 burst=23/27 cum=1198/1773=0.676
1790278176113 [spec-acc] ctx=4941 burst=20/39 cum=1218/1812=0.672
1790278176273 [spec-acc] ctx=4974 burst=23/30 cum=1241/1842=0.674
1790278176434 [spec-acc] ctx=5007 burst=22/30 cum=1263/1872=0.675
1790278176630 [spec-acc] ctx=5039 burst=22/36 cum=1285/1908=0.673
1790278176790 [spec-acc] ctx=5073 burst=23/30 cum=1308/1938=0.675
1790278177002 [spec-acc] ctx=5106 burst=21/39 cum=1329/1977=0.672
1790278177146 [spec-acc] ctx=5140 burst=24/27 cum=1353/2004=0.675
1790278177307 [spec-acc] ctx=5173 burst=22/30 cum=1375/2034=0.676
1790278177504 [spec-acc] ctx=5205 burst=22/36 cum=1397/2070=0.675
1790278177651 [spec-acc] ctx=5239 burst=25/27 cum=1422/2097=0.678
1790278177780 [spec-acc] ctx=5273 burst=24/24 cum=1446/2121=0.682
1790278177924 [spec-acc] ctx=5305 burst=23/27 cum=1469/2148=0.684
1790278178072 [spec-acc] ctx=5337 burst=23/27 cum=1492/2175=0.686
1790278178269 [spec-acc] ctx=5369 burst=21/36 cum=1513/2211=0.684
1790278178430 [spec-acc] ctx=5402 burst=23/30 cum=1536/2241=0.685
1790278178607 [spec-acc] ctx=5435 burst=24/33 cum=1560/2274=0.686
1790278178754 [spec-acc] ctx=5470 burst=26/27 cum=1586/2301=0.689
1790278178902 [spec-acc] ctx=5505 burst=23/27 cum=1609/2328=0.691
1790278179032 [spec-acc] ctx=5537 burst=24/24 cum=1633/2352=0.694
1790278179161 [spec-acc] ctx=5569 burst=24/24 cum=1657/2376=0.697
1790278179406 [spec-acc] ctx=5601 burst=20/45 cum=1677/2421=0.693
1790278179538 [spec-acc] ctx=5636 burst=24/24 cum=1701/2445=0.696
1790278179748 [spec-acc] ctx=5668 burst=22/39 cum=1723/2484=0.694
1790278179927 [spec-acc] ctx=5703 burst=23/33 cum=1746/2517=0.694
1790278180123 [spec-acc] ctx=5737 burst=23/36 cum=1769/2553=0.693
1790278180271 [spec-acc] ctx=5772 burst=25/27 cum=1794/2580=0.695
1790278180433 [spec-acc] ctx=5806 burst=22/30 cum=1816/2610=0.696
1790278180578 [spec-acc] ctx=5838 burst=23/27 cum=1839/2637=0.697
1790278180741 [spec-acc] ctx=5870 burst=24/30 cum=1863/2667=0.699
1790278180956 [spec-acc] ctx=5904 burst=21/39 cum=1884/2706=0.696
1790278181156 [spec-acc] ctx=5938 burst=21/36 cum=1905/2742=0.695
1790278181308 [spec-acc] ctx=5971 burst=26/27 cum=1931/2769=0.697
1790278181489 [spec-acc] ctx=6006 burst=22/33 cum=1953/2802=0.697
1790278181668 [spec-acc] ctx=6039 burst=21/33 cum=1974/2835=0.696
1790278181881 [spec-acc] ctx=6071 burst=21/39 cum=1995/2874=0.694
1790278182060 [spec-acc] ctx=6105 burst=22/33 cum=2017/2907=0.694
1790278182226 [spec-acc] ctx=6138 burst=24/30 cum=2041/2937=0.695
1790278182377 [spec-acc] ctx=6172 burst=25/27 cum=2066/2964=0.697
1790278182542 [spec-acc] ctx=6206 burst=23/30 cum=2089/2994=0.698
1790278182726 [spec-acc] ctx=6239 burst=23/33 cum=2112/3027=0.698
1790278182910 [spec-acc] ctx=6273 burst=24/33 cum=2136/3060=0.698
1790278183127 [spec-acc] ctx=6308 burst=19/39 cum=2155/3099=0.695
1790278183294 [spec-acc] ctx=6340 burst=24/30 cum=2179/3129=0.696
1790278183459 [spec-acc] ctx=6374 burst=25/30 cum=2204/3159=0.698
1790278183595 [spec-acc] ctx=6409 burst=24/24 cum=2228/3183=0.700
1790278183760 [spec-acc] ctx=6441 burst=24/30 cum=2252/3213=0.701
1790278183912 [spec-acc] ctx=6475 burst=26/27 cum=2278/3240=0.703
1790278183912 [kv-vmm] retire id=chatcmpl-3beceba002f9023329d2c16438c63136 planes=20 mapped=188743680 reserved=1254096896 used=108726336 slack_bytes=1187840 booked=2389187016
1790278183914 [meter] admit id=chatcmpl-6d010df8855b86673566d57bd4fb84d5 tenant=default lane=interactive model="q9"
1790278183921 [kv-vmm] trim id=chatcmpl-3beceba002f9023329d2c16438c63136 pool=spec keep_rows=6574 released=41943040
1790278183921 [kv-vmm] ensure-walls n=101 us=2,2,2,2,2,2,2,2,2,2,2,3,2,2,3,2,2,2,4,7,3,2,2,2,2,3,3,3,2,2,2,2,2,3,2,2,2,2,2,2,2,2,2,2,2,2,2,2,2,2,2,2,2,2,2,2,2,2,2,2,2,2,2,2,2,2,2,7,2,2,3,2,2,3,2,3,2,7,2,2,2,2,2,2,2,2,2,2,2,2,2,2,2,2,2,2,2,2,2,2,2
1790278183928 [admission] per-session draft-state charge: model="q9" +44MB (measured capture high-water)
1790278183928 [admission] request cost: model="q9" ctx=65600 path=spec = 16704 B/token x ctx + 1504MB prefill-workspace + 114MB fixed = 2714MB
1790278183928 [admit-predict] id=chatcmpl-6d010df8855b86673566d57bd4fb84d5 tenant="" model="q9" verdict=admit reason=tenant-p95 prompt=5803 predicted_completion=4761 kv_hat=1838590152 booked_bytes=0 booked_real=0 inflight=0 cap=64 budget_bytes=12831671424 retry_after_s=- exempt=0 enforce=0 live_free_bytes=-
1790278183933 [worker] spec-affinity: declined (history diverged at 5 of checkpoint 3104; 2 parked, 5803 prompt tokens; model q9)
1790278183934 [spec-k] model="q9" tenant="" K=3 source=cold-long prompt=5803 cached=0 lcp=5 active=1 wave=1 placement=single-or-non-pp2
1790278183934 [kv-vmm] admit id=chatcmpl-6d010df8855b86673566d57bd4fb84d5 owed_before=0 session_mapped=146800640 session_reserved=1254096896 active=0
1790278183937 [kv-vmm] reap released=188743680 pending=0
1790278184917 [prime-yield] count=1 remaining=5 chunks=1 wall_ms=980.311 max_chunk_ms=980.311
1790278185360 [prime-yield] count=2 remaining=4 chunks=1 wall_ms=442.526 max_chunk_ms=442.526
1790278185415 [prime-yield] count=3 remaining=3 chunks=1 wall_ms=54.994 max_chunk_ms=54.994
1790278185476 [prime-yield] count=4 remaining=2 chunks=1 wall_ms=60.861 max_chunk_ms=60.861
1790278185503 [prime-yield] count=5 remaining=1 chunks=1 wall_ms=26.716 max_chunk_ms=26.716
1790278185514 [prefix-cache] insert (spec-boundary): 5728 tokens, 148.4MB (resident 2106.2MB / 2052MB, model q9)
1790278185514 [prefix-cache] evict (LRU): 5600 tokens, 146.2MB (model q9)
1790278185514 [prefix-cache] insert (spec-boundary): 5760 tokens, 148.9MB (resident 2108.9MB / 2052MB, model q9)
1790278185514 [prefix-cache] evict (LRU): 1408 tokens, 76.2MB (model q9)
1790278185703 [spec-acc] ctx=5804 burst=22/30 cum=22/30=0.733
1790278185937 [spec-acc] ctx=5837 burst=22/39 cum=44/69=0.638
1790278186161 [spec-acc] ctx=5872 burst=22/39 cum=66/108=0.611
1790278186352 [spec-acc] ctx=5907 burst=23/33 cum=89/141=0.631
1790278186539 [spec-acc] ctx=5941 burst=22/33 cum=111/174=0.638
1790278186740 [spec-acc] ctx=5974 burst=21/36 cum=132/210=0.629
1790278186922 [spec-acc] ctx=6007 burst=22/33 cum=154/243=0.634
1790278187136 [spec-acc] ctx=6040 burst=22/39 cum=176/282=0.624
1790278187318 [spec-acc] ctx=6075 burst=22/33 cum=198/315=0.629
1790278187533 [spec-acc] ctx=6108 burst=22/39 cum=220/354=0.621
1790278187766 [spec-acc] ctx=6143 burst=20/42 cum=240/396=0.606
1790278187967 [spec-acc] ctx=6177 burst=20/36 cum=260/432=0.602
1790278188185 [spec-acc] ctx=6209 burst=22/39 cum=282/471=0.599
1790278188401 [spec-acc] ctx=6244 burst=19/39 cum=301/510=0.590
1790278188586 [spec-acc] ctx=6276 burst=21/33 cum=322/543=0.593
1790278188819 [spec-acc] ctx=6308 burst=20/42 cum=342/585=0.585
1790278189001 [spec-acc] ctx=6342 burst=22/33 cum=364/618=0.589
1790278189201 [spec-acc] ctx=6375 burst=22/36 cum=386/654=0.590
1790278189413 [spec-acc] ctx=6409 burst=20/39 cum=406/693=0.586
1790278189625 [spec-acc] ctx=6442 burst=20/39 cum=426/732=0.582
1790278189838 [spec-acc] ctx=6475 burst=20/39 cum=446/771=0.578
1790278190036 [spec-acc] ctx=6508 burst=20/36 cum=466/807=0.577
1790278190252 [spec-acc] ctx=6540 burst=21/39 cum=487/846=0.576
1790278190468 [spec-acc] ctx=6574 burst=21/39 cum=508/885=0.574
1790278190653 [spec-acc] ctx=6608 burst=22/33 cum=530/918=0.577
1790278190888 [spec-acc] ctx=6641 burst=18/42 cum=548/960=0.571
1790278191068 [spec-acc] ctx=6673 burst=24/33 cum=572/993=0.576
1790278191254 [spec-acc] ctx=6708 burst=21/33 cum=593/1026=0.578
1790278191437 [spec-acc] ctx=6740 burst=22/33 cum=615/1059=0.581
1790278191637 [spec-acc] ctx=6773 burst=22/36 cum=637/1095=0.582
1790278191855 [spec-acc] ctx=6807 burst=20/39 cum=657/1134=0.579
1790278192039 [spec-acc] ctx=6840 burst=21/33 cum=678/1167=0.581
1790278192222 [spec-acc] ctx=6872 burst=23/33 cum=701/1200=0.584
1790278192423 [spec-acc] ctx=6906 burst=22/36 cum=723/1236=0.585
1790278192623 [spec-acc] ctx=6940 burst=20/36 cum=743/1272=0.584
1790278192790 [spec-acc] ctx=6972 burst=23/30 cum=766/1302=0.588
1790278193007 [spec-acc] ctx=7005 burst=20/39 cum=786/1341=0.586
1790278193191 [spec-acc] ctx=7038 burst=24/33 cum=810/1374=0.590
1790278193357 [spec-acc] ctx=7073 burst=25/30 cum=835/1404=0.595
1790278193540 [spec-acc] ctx=7108 burst=21/33 cum=856/1437=0.596
1790278193792 [spec-acc] ctx=7140 burst=17/45 cum=873/1482=0.589
1790278193957 [spec-acc] ctx=7172 burst=23/30 cum=896/1512=0.593
1790278194141 [spec-acc] ctx=7205 burst=21/33 cum=917/1545=0.594
1790278194310 [spec-acc] ctx=7237 burst=24/30 cum=941/1575=0.597
1790278194475 [spec-acc] ctx=7271 burst=24/30 cum=965/1605=0.601
1790278194658 [spec-acc] ctx=7305 burst=23/33 cum=988/1638=0.603
1790278194842 [spec-acc] ctx=7339 burst=23/33 cum=1011/1671=0.605
1790278195059 [spec-acc] ctx=7373 burst=21/39 cum=1032/1710=0.604
1790278195226 [spec-acc] ctx=7407 burst=22/30 cum=1054/1740=0.606
1790278195360 [spec-acc] ctx=7439 burst=24/24 cum=1078/1764=0.611
1790278195510 [spec-acc] ctx=7471 burst=24/27 cum=1102/1791=0.615
1790278195694 [spec-acc] ctx=7504 burst=21/33 cum=1123/1824=0.616
1790278195877 [spec-acc] ctx=7536 burst=22/33 cum=1145/1857=0.617
1790278196078 [spec-acc] ctx=7569 burst=20/36 cum=1165/1893=0.615
1790278196262 [spec-acc] ctx=7601 burst=21/33 cum=1186/1926=0.616
1790278196412 [spec-acc] ctx=7633 burst=25/27 cum=1211/1953=0.620
1790278196595 [spec-acc] ctx=7667 burst=22/33 cum=1233/1986=0.621
1790278196762 [spec-acc] ctx=7700 burst=24/30 cum=1257/2016=0.624
1790278196979 [spec-acc] ctx=7734 burst=20/39 cum=1277/2055=0.621
1790278197230 [spec-acc] ctx=7767 burst=17/45 cum=1294/2100=0.616
1790278197414 [spec-acc] ctx=7799 burst=24/33 cum=1318/2133=0.618
1790278197597 [spec-acc] ctx=7834 burst=22/33 cum=1340/2166=0.619
1790278197782 [spec-acc] ctx=7867 burst=21/33 cum=1361/2199=0.619
1790278197932 [spec-acc] ctx=7899 burst=24/27 cum=1385/2226=0.622
1790278198117 [spec-acc] ctx=7932 burst=24/33 cum=1409/2259=0.624
1790278198268 [spec-acc] ctx=7967 burst=23/27 cum=1432/2286=0.626
1790278198418 [spec-acc] ctx=7999 burst=24/27 cum=1456/2313=0.629
1790278198619 [spec-acc] ctx=8032 burst=22/36 cum=1478/2349=0.629
1790278198821 [spec-acc] ctx=8066 burst=21/36 cum=1499/2385=0.629
1790278199006 [spec-acc] ctx=8099 burst=24/33 cum=1523/2418=0.630
1790278199158 [spec-acc] ctx=8134 burst=23/27 cum=1546/2445=0.632
1790278199343 [spec-acc] ctx=8166 burst=23/30 cum=1569/2475=0.634
1790278199508 [spec-acc] ctx=8199 burst=23/27 cum=1592/2502=0.636
1790278199725 [spec-acc] ctx=8231 burst=22/36 cum=1614/2538=0.636
1790278199886 [spec-acc] ctx=8265 burst=24/27 cum=1638/2565=0.639
1790278200027 [spec-acc] ctx=8298 burst=24/24 cum=1662/2589=0.642
1790278200273 [spec-acc] ctx=8330 burst=18/42 cum=1680/2631=0.639
1790278200434 [spec-acc] ctx=8362 burst=24/27 cum=1704/2658=0.641
1790278200609 [spec-acc] ctx=8395 burst=22/30 cum=1726/2688=0.642
1790278200804 [spec-acc] ctx=8427 burst=24/33 cum=1750/2721=0.643
1790278200979 [spec-acc] ctx=8462 burst=22/30 cum=1772/2751=0.644
1790278201156 [spec-acc] ctx=8494 burst=22/30 cum=1794/2781=0.645
1790278201331 [spec-acc] ctx=8526 burst=22/30 cum=1816/2811=0.646
1790278201506 [spec-acc] ctx=8558 burst=24/30 cum=1840/2841=0.648
1790278201701 [spec-acc] ctx=8592 burst=23/33 cum=1863/2874=0.648
1790278201876 [spec-acc] ctx=8626 burst=24/30 cum=1887/2904=0.650
1790278202070 [spec-acc] ctx=8660 burst=23/33 cum=1910/2937=0.650
1790278202228 [spec-acc] ctx=8694 burst=25/27 cum=1935/2964=0.653
1790278202409 [spec-acc] ctx=8728 burst=24/30 cum=1959/2994=0.654
1790278202550 [spec-acc] ctx=8762 burst=24/24 cum=1983/3018=0.657
1790278202727 [spec-acc] ctx=8794 burst=22/30 cum=2005/3048=0.658
1790278202939 [spec-acc] ctx=8826 burst=23/36 cum=2028/3084=0.658
1790278203168 [spec-acc] ctx=8861 burst=21/39 cum=2049/3123=0.656
1790278203327 [spec-acc] ctx=8895 burst=23/27 cum=2072/3150=0.658
1790278203505 [spec-acc] ctx=8927 burst=24/30 cum=2096/3180=0.659
1790278203698 [spec-acc] ctx=8961 burst=22/33 cum=2118/3213=0.659
1790278203875 [spec-acc] ctx=8994 burst=25/30 cum=2143/3243=0.661
1790278204087 [spec-acc] ctx=9029 burst=21/36 cum=2164/3279=0.660
1790278204283 [spec-acc] ctx=9062 burst=24/33 cum=2188/3312=0.661
1790278204428 [spec-acc] ctx=9097 burst=24/24 cum=2212/3336=0.663
1790278204606 [spec-acc] ctx=9129 burst=25/30 cum=2237/3366=0.665
1790278204782 [spec-acc] ctx=9164 burst=25/30 cum=2262/3396=0.666
1790278204959 [spec-acc] ctx=9199 burst=23/30 cum=2285/3426=0.667
1790278205175 [spec-acc] ctx=9232 burst=23/36 cum=2308/3462=0.667
1790278205316 [spec-acc] ctx=9267 burst=24/24 cum=2332/3486=0.669
1790278205511 [spec-acc] ctx=9299 burst=21/33 cum=2353/3519=0.669
1790278205689 [spec-acc] ctx=9331 burst=22/30 cum=2375/3549=0.669
1790278205866 [spec-acc] ctx=9363 burst=25/30 cum=2400/3579=0.671
1790278206028 [spec-acc] ctx=9398 burst=24/27 cum=2424/3606=0.672
1790278206242 [spec-acc] ctx=9431 burst=20/36 cum=2444/3642=0.671
1790278206419 [spec-acc] ctx=9463 burst=22/30 cum=2466/3672=0.672
1790278206614 [spec-acc] ctx=9495 burst=21/33 cum=2487/3705=0.671
1790278206793 [spec-acc] ctx=9527 burst=22/30 cum=2509/3735=0.672
1790278207006 [spec-acc] ctx=9559 burst=21/36 cum=2530/3771=0.671
1790278207145 [spec-acc] ctx=9592 burst=24/24 cum=2554/3795=0.673
1790278207305 [spec-acc] ctx=9624 burst=23/27 cum=2577/3822=0.674
1790278207463 [spec-acc] ctx=9656 burst=26/27 cum=2603/3849=0.676
1790278207623 [spec-acc] ctx=9691 burst=25/27 cum=2628/3876=0.678
1790278207816 [spec-acc] ctx=9725 burst=21/33 cum=2649/3909=0.678
1790278207976 [spec-acc] ctx=9757 burst=24/27 cum=2673/3936=0.679
1790278208134 [spec-acc] ctx=9790 burst=26/27 cum=2699/3963=0.681
1790278208312 [spec-acc] ctx=9825 burst=23/30 cum=2722/3993=0.682
1790278208452 [spec-acc] ctx=9858 burst=24/24 cum=2746/4017=0.684
1790278208631 [spec-acc] ctx=9890 burst=24/30 cum=2770/4047=0.684
1790278208826 [spec-acc] ctx=9924 burst=22/33 cum=2792/4080=0.684
1790278209020 [spec-acc] ctx=9957 burst=21/33 cum=2813/4113=0.684
1790278209197 [spec-acc] ctx=9989 burst=24/30 cum=2837/4143=0.685
1790278209373 [spec-acc] ctx=10023 burst=23/30 cum=2860/4173=0.685
1790278209551 [spec-acc] ctx=10056 burst=25/30 cum=2885/4203=0.686
1790278209728 [spec-acc] ctx=10091 burst=22/30 cum=2907/4233=0.687
1790278209940 [spec-acc] ctx=10123 burst=21/36 cum=2928/4269=0.686
1790278210153 [spec-acc] ctx=10156 burst=23/36 cum=2951/4305=0.685
1790278210314 [spec-acc] ctx=10191 burst=24/27 cum=2975/4332=0.687
1790278210473 [spec-acc] ctx=10224 burst=25/27 cum=3000/4359=0.688
1790278210616 [spec-acc] ctx=10258 burst=24/24 cum=3024/4383=0.690
1790278210793 [spec-acc] ctx=10290 burst=22/30 cum=3046/4413=0.690
1790278210793 [kv-vmm] retire id=chatcmpl-6d010df8855b86673566d57bd4fb84d5 planes=20 mapped=251658240 reserved=1254096896 used=172401984 slack_bytes=1187840 booked=2757777864
1790278210795 [meter] admit id=chatcmpl-dda1ea340b0c38b49d90929d748310e1 tenant=default lane=interactive model="q9"
1790278210803 [kv-vmm] trim id=chatcmpl-6d010df8855b86673566d57bd4fb84d5 pool=spec keep_rows=10386 released=41943040
1790278210803 [kv-vmm] ensure-walls n=142 us=2,4,2,1,1,1,0,2,2,3,3,2,3,2,2,2,2,2,2,2,2,2,2,2,2,2,4,2,2,3,4,3,2,2,2,3,2,2,2,3,3,2,3,2,2,2,2,2,2,3,2,2,2,2,2,2,2,2,2,2,2,6,2,2,3,2,2,2,2,2,3,3,2,4,2,6,2,2,2,2,2,3,2,2,3,3,3,2,2,3,2,2,3,2,2,2,2,2,2,2,2,2,2,2,2,3,2,2,2,3,2,2,3,2,2,2,2,2,2,7,2,2,3,2,3,3,2,2,2,3,2,2,2,2,2,2,3,2,3,2,2,2
1790278210810 [admission] per-session draft-state charge: model="q9" +44MB (measured capture high-water)
1790278210810 [admission] request cost: model="q9" ctx=65600 path=spec = 16704 B/token x ctx + 1505MB prefill-workspace + 114MB fixed = 2714MB
1790278210810 [admit-predict] id=chatcmpl-dda1ea340b0c38b49d90929d748310e1 tenant="" model="q9" verdict=admit reason=tenant-p95 prompt=5815 predicted_completion=4761 kv_hat=1838987208 booked_bytes=0 booked_real=0 inflight=0 cap=64 budget_bytes=12831671424 retry_after_s=- exempt=0 enforce=0 live_free_bytes=-
1790278210815 [worker] spec-affinity: declined (history diverged at 5 of checkpoint 3104; 2 parked, 5815 prompt tokens; model q9)
1790278210816 [spec-k] model="q9" tenant="" K=3 source=cold-long prompt=5815 cached=0 lcp=6 active=1 wave=1 placement=single-or-non-pp2
1790278210817 [kv-vmm] admit id=chatcmpl-dda1ea340b0c38b49d90929d748310e1 owed_before=0 session_mapped=188743680 session_reserved=1254096896 active=0
1790278210820 [kv-vmm] reap released=188743680 pending=0
1790278211786 [prime-yield] count=1 remaining=5 chunks=1 wall_ms=966.062 max_chunk_ms=966.062
1790278212216 [prime-yield] count=2 remaining=4 chunks=1 wall_ms=429.994 max_chunk_ms=429.994
1790278212270 [prime-yield] count=3 remaining=3 chunks=1 wall_ms=54.376 max_chunk_ms=54.376
1790278212329 [prime-yield] count=4 remaining=2 chunks=1 wall_ms=58.489 max_chunk_ms=58.489
1790278212355 [prime-yield] count=5 remaining=1 chunks=1 wall_ms=25.836 max_chunk_ms=25.836
1790278212366 [prefix-cache] insert (spec-boundary): 5728 tokens, 148.4MB (resident 2181.0MB / 2052MB, model q9)
1790278212366 [prefix-cache] evict (LRU): 1440 tokens, 76.8MB (model q9)
1790278212366 [prefix-cache] evict (LRU): 1408 tokens, 76.2MB (model q9)
1790278212366 [prefix-cache] insert (spec-boundary): 5792 tokens, 149.5MB (resident 2177.5MB / 2052MB, model q9)
1790278212366 [prefix-cache] evict (LRU): 1472 tokens, 77.3MB (model q9)
1790278212366 [prefix-cache] evict (LRU): 1408 tokens, 76.2MB (model q9)
1790278212546 [spec-acc] ctx=5816 burst=21/30 cum=21/30=0.700
1790278212736 [spec-acc] ctx=5848 burst=22/33 cum=43/63=0.683
1790278212923 [spec-acc] ctx=5881 burst=23/33 cum=66/96=0.688
1790278213144 [spec-acc] ctx=5915 burst=19/39 cum=85/135=0.630
1790278213313 [spec-acc] ctx=5947 burst=25/30 cum=110/165=0.667
1790278213529 [spec-acc] ctx=5982 burst=21/39 cum=131/204=0.642
1790278213728 [spec-acc] ctx=6016 burst=20/36 cum=151/240=0.629
1790278213944 [spec-acc] ctx=6048 burst=22/39 cum=173/279=0.620
1790278214145 [spec-acc] ctx=6083 burst=20/36 cum=193/315=0.613
1790278214361 [spec-acc] ctx=6115 burst=21/39 cum=214/354=0.605
1790278214512 [spec-acc] ctx=6149 burst=24/27 cum=238/381=0.625
1790278214678 [spec-acc] ctx=6182 burst=25/30 cum=263/411=0.640
1790278214845 [spec-acc] ctx=6217 burst=22/30 cum=285/441=0.646
1790278215046 [spec-acc] ctx=6249 burst=22/36 cum=307/477=0.644
1790278215195 [spec-acc] ctx=6283 burst=24/27 cum=331/504=0.657
1790278215430 [spec-acc] ctx=6316 burst=18/42 cum=349/546=0.639
1790278215631 [spec-acc] ctx=6348 burst=21/36 cum=370/582=0.636
1790278215848 [spec-acc] ctx=6381 burst=22/39 cum=392/621=0.631
1790278216015 [spec-acc] ctx=6416 burst=24/30 cum=416/651=0.639
1790278216215 [spec-acc] ctx=6450 burst=22/36 cum=438/687=0.638
1790278216431 [spec-acc] ctx=6484 burst=19/39 cum=457/726=0.629
1790278216615 [spec-acc] ctx=6516 burst=24/33 cum=481/759=0.634
1790278216782 [spec-acc] ctx=6551 burst=24/30 cum=505/789=0.640
1790278216949 [spec-acc] ctx=6585 burst=25/30 cum=530/819=0.647
1790278217165 [spec-acc] ctx=6620 burst=22/39 cum=552/858=0.643
1790278217399 [spec-acc] ctx=6655 burst=19/42 cum=571/900=0.634
1790278217583 [spec-acc] ctx=6688 burst=21/33 cum=592/933=0.635
1790278217749 [spec-acc] ctx=6720 burst=22/30 cum=614/963=0.638
1790278217966 [spec-acc] ctx=6752 burst=19/39 cum=633/1002=0.632
1790278218099 [spec-acc] ctx=6784 burst=24/24 cum=657/1026=0.640
1790278218267 [spec-acc] ctx=6816 burst=25/30 cum=682/1056=0.646
1790278218501 [spec-acc] ctx=6851 burst=18/42 cum=700/1098=0.638
1790278218651 [spec-acc] ctx=6883 burst=25/27 cum=725/1125=0.644
1790278218819 [spec-acc] ctx=6917 burst=25/30 cum=750/1155=0.649
1790278218968 [spec-acc] ctx=6952 burst=26/27 cum=776/1182=0.657
1790278219152 [spec-acc] ctx=6987 burst=23/33 cum=799/1215=0.658
1790278219302 [spec-acc] ctx=7021 burst=26/27 cum=825/1242=0.664
1790278219436 [spec-acc] ctx=7056 burst=24/24 cum=849/1266=0.671
1790278219602 [spec-acc] ctx=7088 burst=24/30 cum=873/1296=0.674
1790278219821 [spec-acc] ctx=7122 burst=19/39 cum=892/1335=0.668
1790278220038 [spec-acc] ctx=7154 burst=20/39 cum=912/1374=0.664
1790278220205 [spec-acc] ctx=7187 burst=24/30 cum=936/1404=0.667
1790278220406 [spec-acc] ctx=7221 burst=23/36 cum=959/1440=0.666
1790278220640 [spec-acc] ctx=7256 burst=18/42 cum=977/1482=0.659
1790278220840 [spec-acc] ctx=7288 burst=20/36 cum=997/1518=0.657
1790278221006 [spec-acc] ctx=7320 burst=22/30 cum=1019/1548=0.658
1790278221256 [spec-acc] ctx=7352 burst=20/45 cum=1039/1593=0.652
1790278221440 [spec-acc] ctx=7387 burst=21/33 cum=1060/1626=0.652
1790278221640 [spec-acc] ctx=7419 burst=20/36 cum=1080/1662=0.650
1790278221840 [spec-acc] ctx=7451 burst=21/36 cum=1101/1698=0.648
1790278222055 [spec-acc] ctx=7484 burst=20/36 cum=1121/1734=0.646
1790278222343 [spec-acc] ctx=7516 burst=17/48 cum=1138/1782=0.639
1790278222517 [spec-acc] ctx=7549 burst=25/30 cum=1163/1812=0.642
1790278222744 [spec-acc] ctx=7584 burst=21/39 cum=1184/1851=0.640
1790278222916 [spec-acc] ctx=7618 burst=25/30 cum=1209/1881=0.643
1790278223140 [spec-acc] ctx=7653 burst=22/39 cum=1231/1920=0.641
1790278223363 [spec-acc] ctx=7688 burst=19/39 cum=1250/1959=0.638
1790278223534 [spec-acc] ctx=7720 burst=22/30 cum=1272/1989=0.640
1790278223705 [spec-acc] ctx=7752 burst=22/30 cum=1294/2019=0.641
1790278223862 [spec-acc] ctx=7784 burst=25/27 cum=1319/2046=0.645
1790278224016 [spec-acc] ctx=7818 burst=23/27 cum=1342/2073=0.647
1790278224188 [spec-acc] ctx=7850 burst=22/30 cum=1364/2103=0.649
1790278224362 [spec-acc] ctx=7882 burst=23/30 cum=1387/2133=0.650
1790278224499 [spec-acc] ctx=7915 burst=24/24 cum=1411/2157=0.654
1790278224654 [spec-acc] ctx=7947 burst=24/27 cum=1435/2184=0.657
1790278224810 [spec-acc] ctx=7980 burst=25/27 cum=1460/2211=0.660
1790278224964 [spec-acc] ctx=8014 burst=23/27 cum=1483/2238=0.663
1790278225135 [spec-acc] ctx=8046 burst=22/30 cum=1505/2268=0.664
1790278225326 [spec-acc] ctx=8078 burst=21/33 cum=1526/2301=0.663
1790278225514 [spec-acc] ctx=8110 burst=21/33 cum=1547/2334=0.663
1790278225686 [spec-acc] ctx=8142 burst=23/30 cum=1570/2364=0.664
1790278225877 [spec-acc] ctx=8175 burst=21/33 cum=1591/2397=0.664
1790278226083 [spec-acc] ctx=8207 burst=20/36 cum=1611/2433=0.662
1790278226289 [spec-acc] ctx=8239 burst=20/36 cum=1631/2469=0.661
1790278226446 [spec-acc] ctx=8271 burst=25/27 cum=1656/2496=0.663
1790278226652 [spec-acc] ctx=8305 burst=23/36 cum=1679/2532=0.663
1790278226827 [spec-acc] ctx=8340 burst=23/30 cum=1702/2562=0.664
1790278227033 [spec-acc] ctx=8373 burst=23/36 cum=1725/2598=0.664
1790278227187 [spec-acc] ctx=8408 burst=26/27 cum=1751/2625=0.667
1790278227379 [spec-acc] ctx=8443 burst=22/33 cum=1773/2658=0.667
1790278227586 [spec-acc] ctx=8476 burst=23/36 cum=1796/2694=0.667
1790278227757 [spec-acc] ctx=8511 burst=23/30 cum=1819/2724=0.668
1790278227931 [spec-acc] ctx=8544 burst=24/30 cum=1843/2754=0.669
1790278228121 [spec-acc] ctx=8578 burst=24/33 cum=1867/2787=0.670
1790278228330 [spec-acc] ctx=8613 burst=21/36 cum=1888/2823=0.669
1790278228502 [spec-acc] ctx=8646 burst=22/30 cum=1910/2853=0.669
1790278228674 [spec-acc] ctx=8678 burst=23/30 cum=1933/2883=0.670
1790278228936 [spec-acc] ctx=8711 burst=19/45 cum=1952/2928=0.667
1790278229074 [spec-acc] ctx=8745 burst=24/24 cum=1976/2952=0.669
1790278229232 [spec-acc] ctx=8777 burst=24/27 cum=2000/2979=0.671
1790278229404 [spec-acc] ctx=8810 burst=24/30 cum=2024/3009=0.673
1790278229595 [spec-acc] ctx=8844 burst=24/33 cum=2048/3042=0.673
1790278229769 [spec-acc] ctx=8879 burst=22/30 cum=2070/3072=0.674
1790278229994 [spec-acc] ctx=8911 burst=19/39 cum=2089/3111=0.671
1790278230152 [spec-acc] ctx=8943 burst=23/27 cum=2112/3138=0.673
1790278230326 [spec-acc] ctx=8975 burst=24/30 cum=2136/3168=0.674
1790278230501 [spec-acc] ctx=9009 burst=22/30 cum=2158/3198=0.675
1790278230657 [spec-acc] ctx=9041 burst=23/27 cum=2181/3225=0.676
1790278230832 [spec-acc] ctx=9073 burst=22/30 cum=2203/3255=0.677
1790278231023 [spec-acc] ctx=9105 burst=24/33 cum=2227/3288=0.677
1790278231180 [spec-acc] ctx=9140 burst=23/27 cum=2250/3315=0.679
1790278231389 [spec-acc] ctx=9172 burst=20/36 cum=2270/3351=0.677
1790278231601 [spec-acc] ctx=9204 burst=23/36 cum=2293/3387=0.677
1790278231792 [spec-acc] ctx=9239 burst=21/33 cum=2314/3420=0.677
1790278231950 [spec-acc] ctx=9271 burst=23/27 cum=2337/3447=0.678
1790278232124 [spec-acc] ctx=9303 burst=25/30 cum=2362/3477=0.679
1790278232281 [spec-acc] ctx=9338 burst=24/27 cum=2386/3504=0.681
1790278232439 [spec-acc] ctx=9371 burst=23/27 cum=2409/3531=0.682
1790278232579 [spec-acc] ctx=9403 burst=24/24 cum=2433/3555=0.684
1790278232737 [spec-acc] ctx=9435 burst=23/27 cum=2456/3582=0.686
1790278232912 [spec-acc] ctx=9467 burst=22/30 cum=2478/3612=0.686
1790278233053 [spec-acc] ctx=9499 burst=24/24 cum=2502/3636=0.688
1790278233192 [spec-acc] ctx=9531 burst=24/24 cum=2526/3660=0.690
1790278233369 [spec-acc] ctx=9563 burst=25/30 cum=2551/3690=0.691
1790278233561 [spec-acc] ctx=9598 burst=23/33 cum=2574/3723=0.691
1790278233738 [spec-acc] ctx=9632 burst=22/30 cum=2596/3753=0.692
1790278233965 [spec-acc] ctx=9664 burst=22/39 cum=2618/3792=0.690
1790278234141 [spec-acc] ctx=9699 burst=25/30 cum=2643/3822=0.692
1790278234316 [spec-acc] ctx=9734 burst=23/30 cum=2666/3852=0.692
1790278234493 [spec-acc] ctx=9767 burst=25/30 cum=2691/3882=0.693
1790278234652 [spec-acc] ctx=9802 burst=25/27 cum=2716/3909=0.695
1790278234810 [spec-acc] ctx=9836 burst=26/27 cum=2742/3936=0.697
1790278234970 [spec-acc] ctx=9871 burst=23/27 cum=2765/3963=0.698
1790278235181 [spec-acc] ctx=9903 burst=22/36 cum=2787/3999=0.697
1790278235500 [spec-acc] ctx=9937 burst=14/54 cum=2801/4053=0.691
1790278235660 [spec-acc] ctx=9969 burst=26/27 cum=2827/4080=0.693
1790278235819 [spec-acc] ctx=10004 burst=24/27 cum=2851/4107=0.694
1790278236014 [spec-acc] ctx=10037 burst=21/33 cum=2872/4140=0.694
1790278236191 [spec-acc] ctx=10069 burst=24/30 cum=2896/4170=0.694
1790278236367 [spec-acc] ctx=10103 burst=24/30 cum=2920/4200=0.695
1790278236596 [spec-acc] ctx=10137 burst=20/39 cum=2940/4239=0.694
1790278236738 [spec-acc] ctx=10170 burst=24/24 cum=2964/4263=0.695
1790278236897 [spec-acc] ctx=10202 burst=25/27 cum=2989/4290=0.697
1790278237056 [spec-acc] ctx=10236 burst=25/27 cum=3014/4317=0.698
1790278237268 [spec-acc] ctx=10270 burst=21/36 cum=3035/4353=0.697
1790278237409 [spec-acc] ctx=10303 burst=24/24 cum=3059/4377=0.699
1790278237551 [spec-acc] ctx=10335 burst=24/24 cum=3083/4401=0.701
1790278237710 [spec-acc] ctx=10367 burst=23/27 cum=3106/4428=0.701
1790278237710 [kv-vmm] retire id=chatcmpl-dda1ea340b0c38b49d90929d748310e1 planes=20 mapped=251658240 reserved=1254096896 used=173688192 slack_bytes=1187840 booked=2757974472
1790278237713 [meter] admit id=chatcmpl-32d2d1de314ab8d0e23eb23bde80a7e5 tenant=default lane=interactive model="q9"
1790278237720 [kv-vmm] trim id=chatcmpl-dda1ea340b0c38b49d90929d748310e1 pool=spec keep_rows=10463 released=41943040
1790278237721 [kv-vmm] ensure-walls n=144 us=2,3,3,1,2,1,1,3,3,2,2,3,2,2,3,2,2,2,2,2,2,2,2,2,4,2,2,3,2,2,3,2,2,2,2,2,3,2,2,3,2,3,3,3,2,2,2,2,2,3,2,2,2,3,2,2,2,2,3,4,6,2,2,3,2,3,2,2,3,2,2,2,2,2,3,7,4,2,2,2,2,2,2,3,2,2,3,2,2,2,2,2,2,2,4,2,2,2,2,2,3,2,3,4,2,2,2,2,2,2,2,3,2,3,3,2,2,2,2,7,2,2,2,4,2,2,2,2,2,2,2,2,2,2,3,2,2,2,2,2,2,2,2,3
1790278237728 [admission] per-session draft-state charge: model="q9" +44MB (measured capture high-water)
1790278237728 [admission] request cost: model="q9" ctx=65600 path=spec = 16704 B/token x ctx + 1505MB prefill-workspace + 114MB fixed = 2714MB
1790278237728 [admit-predict] id=chatcmpl-32d2d1de314ab8d0e23eb23bde80a7e5 tenant="" model="q9" verdict=admit reason=tenant-p95 prompt=5822 predicted_completion=4761 kv_hat=1839218824 booked_bytes=0 booked_real=0 inflight=0 cap=64 budget_bytes=12831671424 retry_after_s=- exempt=0 enforce=0 live_free_bytes=-
1790278237733 [worker] spec-affinity: declined (history diverged at 6 of checkpoint 5760; 2 parked, 5822 prompt tokens; model q9)
1790278237734 [spec-k] model="q9" tenant="" K=3 source=cold-long prompt=5822 cached=0 lcp=6 active=1 wave=1 placement=single-or-non-pp2
1790278237734 [kv-vmm] admit id=chatcmpl-32d2d1de314ab8d0e23eb23bde80a7e5 owed_before=0 session_mapped=146800640 session_reserved=1254096896 active=0
1790278237737 [kv-vmm] reap released=188743680 pending=0
1790278238721 [prime-yield] count=1 remaining=5 chunks=1 wall_ms=983.487 max_chunk_ms=983.487
1790278239154 [prime-yield] count=2 remaining=4 chunks=1 wall_ms=432.996 max_chunk_ms=432.996
1790278239209 [prime-yield] count=3 remaining=3 chunks=1 wall_ms=55.129 max_chunk_ms=55.129
1790278239269 [prime-yield] count=4 remaining=2 chunks=1 wall_ms=60.336 max_chunk_ms=60.336
1790278239296 [prime-yield] count=5 remaining=1 chunks=1 wall_ms=26.390 max_chunk_ms=26.390
1790278239307 [prefix-cache] insert (spec-boundary): 5728 tokens, 148.4MB (resident 2172.4MB / 2052MB, model q9)
1790278239307 [prefix-cache] evict (LRU): 1472 tokens, 77.3MB (model q9)
1790278239307 [prefix-cache] evict (LRU): 1408 tokens, 76.2MB (model q9)
1790278239307 [prefix-cache] insert (spec-boundary): 5792 tokens, 149.5MB (resident 2168.3MB / 2052MB, model q9)
1790278239307 [prefix-cache] evict (LRU): 1472 tokens, 77.3MB (model q9)
1790278239307 [prefix-cache] evict (LRU): 1408 tokens, 76.2MB (model q9)
1790278239506 [spec-acc] ctx=5823 burst=22/33 cum=22/33=0.667
1790278239683 [spec-acc] ctx=5857 burst=22/30 cum=44/63=0.698
1790278239877 [spec-acc] ctx=5889 burst=21/33 cum=65/96=0.677
1790278240031 [spec-acc] ctx=5921 burst=23/27 cum=88/123=0.715
1790278240184 [spec-acc] ctx=5953 burst=23/27 cum=111/150=0.740
1790278240368 [spec-acc] ctx=5985 burst=24/33 cum=135/183=0.738
1790278240518 [spec-acc] ctx=6020 burst=23/27 cum=158/210=0.752
1790278240764 [spec-acc] ctx=6052 burst=18/45 cum=176/255=0.690
1790278241013 [spec-acc] ctx=6085 burst=19/45 cum=195/300=0.650
1790278241194 [spec-acc] ctx=6119 burst=24/33 cum=219/333=0.658
1790278241443 [spec-acc] ctx=6154 burst=18/45 cum=237/378=0.627
1790278241643 [spec-acc] ctx=6187 burst=23/36 cum=260/414=0.628
1790278241892 [spec-acc] ctx=6222 burst=18/45 cum=278/459=0.606
1790278242059 [spec-acc] ctx=6255 burst=24/30 cum=302/489=0.618
1790278242343 [spec-acc] ctx=6289 burst=18/51 cum=320/540=0.593
1790278242558 [spec-acc] ctx=6324 burst=22/39 cum=342/579=0.591
1790278242742 [spec-acc] ctx=6359 burst=23/33 cum=365/612=0.596
1790278242959 [spec-acc] ctx=6393 burst=20/39 cum=385/651=0.591
1790278243143 [spec-acc] ctx=6426 burst=21/33 cum=406/684=0.594
1790278243359 [spec-acc] ctx=6458 burst=19/39 cum=425/723=0.588
1790278243524 [spec-acc] ctx=6490 burst=23/30 cum=448/753=0.595
1790278243744 [spec-acc] ctx=6523 burst=19/39 cum=467/792=0.590
1790278243960 [spec-acc] ctx=6555 burst=19/39 cum=486/831=0.585
1790278244125 [spec-acc] ctx=6587 burst=23/30 cum=509/861=0.591
1790278244276 [spec-acc] ctx=6620 burst=24/27 cum=533/888=0.600
1790278244545 [spec-acc] ctx=6653 burst=17/48 cum=550/936=0.588
1790278244726 [spec-acc] ctx=6686 burst=22/33 cum=572/969=0.590
1790278244911 [spec-acc] ctx=6719 burst=22/33 cum=594/1002=0.593
1790278245111 [spec-acc] ctx=6752 burst=20/36 cum=614/1038=0.592
1790278245363 [spec-acc] ctx=6784 burst=19/45 cum=633/1083=0.584
1790278245528 [spec-acc] ctx=6818 burst=22/30 cum=655/1113=0.588
1790278245746 [spec-acc] ctx=6850 burst=20/39 cum=675/1152=0.586
1790278245912 [spec-acc] ctx=6883 burst=22/30 cum=697/1182=0.590
1790278246096 [spec-acc] ctx=6915 burst=21/33 cum=718/1215=0.591
1790278246364 [spec-acc] ctx=6947 burst=18/48 cum=736/1263=0.583
1790278246530 [spec-acc] ctx=6981 burst=22/30 cum=758/1293=0.586
1790278246681 [spec-acc] ctx=7013 burst=24/27 cum=782/1320=0.592
1790278246865 [spec-acc] ctx=7046 burst=21/33 cum=803/1353=0.593
1790278247066 [spec-acc] ctx=7078 burst=23/36 cum=826/1389=0.595
1790278247302 [spec-acc] ctx=7113 burst=18/42 cum=844/1431=0.590
1790278247488 [spec-acc] ctx=7145 burst=22/30 cum=866/1461=0.593
1790278247652 [spec-acc] ctx=7177 burst=26/27 cum=892/1488=0.599
1790278247847 [spec-acc] ctx=7212 burst=23/33 cum=915/1521=0.602
1790278248005 [spec-acc] ctx=7246 burst=25/27 cum=940/1548=0.607
1790278248196 [spec-acc] ctx=7280 burst=23/33 cum=963/1581=0.609
1790278248353 [spec-acc] ctx=7314 burst=24/27 cum=987/1608=0.614
1790278248560 [spec-acc] ctx=7347 burst=21/36 cum=1008/1644=0.613
1790278248769 [spec-acc] ctx=7380 burst=23/36 cum=1031/1680=0.614
1790278248941 [spec-acc] ctx=7415 burst=23/30 cum=1054/1710=0.616
1790278249131 [spec-acc] ctx=7448 burst=21/33 cum=1075/1743=0.617
1790278249289 [spec-acc] ctx=7480 burst=26/27 cum=1101/1770=0.622
1790278249445 [spec-acc] ctx=7515 burst=26/27 cum=1127/1797=0.627
1790278249600 [spec-acc] ctx=7550 burst=26/27 cum=1153/1824=0.632
1790278249774 [spec-acc] ctx=7585 burst=25/30 cum=1178/1854=0.635
1790278249999 [spec-acc] ctx=7620 burst=21/39 cum=1199/1893=0.633
1790278250174 [spec-acc] ctx=7654 burst=22/30 cum=1221/1923=0.635
1790278250344 [spec-acc] ctx=7686 burst=22/30 cum=1243/1953=0.636
1790278250481 [spec-acc] ctx=7718 burst=24/24 cum=1267/1977=0.641
1790278250705 [spec-acc] ctx=7750 burst=19/39 cum=1286/2016=0.638
1790278250893 [spec-acc] ctx=7782 burst=22/33 cum=1308/2049=0.638
1790278251064 [spec-acc] ctx=7815 burst=23/30 cum=1331/2079=0.640
1790278251201 [spec-acc] ctx=7848 burst=24/24 cum=1355/2103=0.644
1790278251444 [spec-acc] ctx=7880 burst=18/42 cum=1373/2145=0.640
1790278251634 [spec-acc] ctx=7912 burst=24/33 cum=1397/2178=0.641
1790278251807 [spec-acc] ctx=7947 burst=22/30 cum=1419/2208=0.643
1790278251962 [spec-acc] ctx=7979 burst=24/27 cum=1443/2235=0.646
1790278252155 [spec-acc] ctx=8012 burst=22/33 cum=1465/2268=0.646
1790278252310 [spec-acc] ctx=8045 burst=25/27 cum=1490/2295=0.649
1790278252448 [spec-acc] ctx=8079 burst=24/24 cum=1514/2319=0.653
1790278252603 [spec-acc] ctx=8111 burst=26/27 cum=1540/2346=0.656
1790278252777 [spec-acc] ctx=8146 burst=23/30 cum=1563/2376=0.658
1790278252950 [spec-acc] ctx=8179 burst=22/30 cum=1585/2406=0.659
1790278253108 [spec-acc] ctx=8211 burst=24/27 cum=1609/2433=0.661
1790278253334 [spec-acc] ctx=8244 burst=21/39 cum=1630/2472=0.659
1790278253491 [spec-acc] ctx=8278 burst=25/27 cum=1655/2499=0.662
1790278253664 [spec-acc] ctx=8312 burst=23/30 cum=1678/2529=0.664
1790278253838 [spec-acc] ctx=8345 burst=22/30 cum=1700/2559=0.664
1790278254013 [spec-acc] ctx=8377 burst=24/30 cum=1724/2589=0.666
1790278254187 [spec-acc] ctx=8411 burst=23/30 cum=1747/2619=0.667
1790278254397 [spec-acc] ctx=8444 burst=20/36 cum=1767/2655=0.666
1790278254587 [spec-acc] ctx=8476 burst=21/33 cum=1788/2688=0.665
1790278254745 [spec-acc] ctx=8508 burst=26/27 cum=1814/2715=0.668
1790278254901 [spec-acc] ctx=8543 burst=24/27 cum=1838/2742=0.670
1790278255076 [spec-acc] ctx=8576 burst=24/30 cum=1862/2772=0.672
1790278255215 [spec-acc] ctx=8610 burst=24/24 cum=1886/2796=0.675
1790278255388 [spec-acc] ctx=8642 burst=24/30 cum=1910/2826=0.676
1790278255598 [spec-acc] ctx=8676 burst=22/36 cum=1932/2862=0.675
1790278255755 [spec-acc] ctx=8710 burst=24/27 cum=1956/2889=0.677
1790278255912 [spec-acc] ctx=8743 burst=23/27 cum=1979/2916=0.679
1790278256086 [spec-acc] ctx=8775 burst=24/30 cum=2003/2946=0.680
1790278256264 [spec-acc] ctx=8809 burst=25/30 cum=2028/2976=0.681
1790278256437 [spec-acc] ctx=8844 burst=25/30 cum=2053/3006=0.683
1790278256580 [spec-acc] ctx=8879 burst=24/24 cum=2077/3030=0.685
1790278256718 [spec-acc] ctx=8911 burst=24/24 cum=2101/3054=0.688
1790278256857 [spec-acc] ctx=8943 burst=24/24 cum=2125/3078=0.690
1790278257014 [spec-acc] ctx=8975 burst=24/27 cum=2149/3105=0.692
1790278257153 [spec-acc] ctx=9008 burst=24/24 cum=2173/3129=0.694
1790278257315 [spec-acc] ctx=9040 burst=23/27 cum=2196/3156=0.696
1790278257315 [kv-vmm] retire id=chatcmpl-32d2d1de314ab8d0e23eb23bde80a7e5 planes=20 mapped=230686720 reserved=1254096896 used=151521984 slack_bytes=1187840 booked=2758089160
1790278257317 [meter] admit id=chatcmpl-b78a11da5006f15f658ce46d736961a0 tenant=default lane=interactive model="q9"
1790278257325 [kv-vmm] trim id=chatcmpl-32d2d1de314ab8d0e23eb23bde80a7e5 pool=spec keep_rows=9136 released=41943040
1790278257326 [kv-vmm] ensure-walls n=104 us=3,2,3,1,2,2,1,3,2,2,2,2,2,2,2,3,3,3,2,3,2,2,3,3,3,2,3,2,2,2,2,3,2,3,2,2,3,3,2,3,3,3,3,3,2,3,3,4,2,2,2,2,2,2,2,2,2,3,2,2,7,3,3,3,2,3,2,3,3,2,3,2,2,3,2,7,3,3,3,2,3,2,4,3,2,3,3,3,2,2,3,2,3,3,4,3,2,3,3,2,2,2,3,3
1790278257332 [admission] per-session draft-state charge: model="q9" +44MB (measured capture high-water)
1790278257332 [admission] request cost: model="q9" ctx=65600 path=spec = 16704 B/token x ctx + 1505MB prefill-workspace + 114MB fixed = 2714MB
1790278257332 [admit-predict] id=chatcmpl-b78a11da5006f15f658ce46d736961a0 tenant="" model="q9" verdict=admit reason=tenant-p95 prompt=5821 predicted_completion=4761 kv_hat=1839185736 booked_bytes=0 booked_real=0 inflight=0 cap=64 budget_bytes=12831671424 retry_after_s=- exempt=0 enforce=0 live_free_bytes=-
1790278257338 [worker] spec-affinity: declined (history diverged at 6 of checkpoint 5792; 2 parked, 5821 prompt tokens; model q9)
1790278257339 [spec-k] model="q9" tenant="" K=3 source=cold-long prompt=5821 cached=0 lcp=6 active=1 wave=1 placement=single-or-non-pp2
1790278257339 [kv-vmm] admit id=chatcmpl-b78a11da5006f15f658ce46d736961a0 owed_before=0 session_mapped=146800640 session_reserved=1254096896 active=0
1790278257349 [kv-vmm] reap released=251658240 pending=0
1790278258321 [prime-yield] count=1 remaining=5 chunks=1 wall_ms=971.374 max_chunk_ms=971.374
1790278258754 [prime-yield] count=2 remaining=4 chunks=1 wall_ms=432.911 max_chunk_ms=432.911
1790278258809 [prime-yield] count=3 remaining=3 chunks=1 wall_ms=55.274 max_chunk_ms=55.274
1790278258869 [prime-yield] count=4 remaining=2 chunks=1 wall_ms=60.249 max_chunk_ms=60.249
1790278258896 [prime-yield] count=5 remaining=1 chunks=1 wall_ms=26.601 max_chunk_ms=26.601
1790278258908 [prefix-cache] insert (spec-boundary): 5728 tokens, 148.4MB (resident 2163.2MB / 2052MB, model q9)
1790278258908 [prefix-cache] evict (LRU): 1472 tokens, 77.3MB (model q9)
1790278258908 [prefix-cache] evict (LRU): 3072 tokens, 104.0MB (model q9)
1790278258908 [prefix-cache] insert (spec-boundary): 5792 tokens, 149.5MB (resident 2131.3MB / 2052MB, model q9)
1790278258908 [prefix-cache] evict (LRU): 3136 tokens, 105.1MB (model q9)
1790278259107 [spec-acc] ctx=5822 burst=20/33 cum=20/33=0.606
1790278259338 [spec-acc] ctx=5854 burst=22/39 cum=42/72=0.583
1790278259493 [spec-acc] ctx=5889 burst=23/27 cum=65/99=0.657
1790278259683 [spec-acc] ctx=5921 burst=23/33 cum=88/132=0.667
1790278259886 [spec-acc] ctx=5955 burst=21/36 cum=109/168=0.649
1790278260053 [spec-acc] ctx=5988 burst=22/30 cum=131/198=0.662
1790278260251 [spec-acc] ctx=6020 burst=22/36 cum=153/234=0.654
1790278260432 [spec-acc] ctx=6054 burst=22/33 cum=175/267=0.655
1790278260630 [spec-acc] ctx=6087 burst=23/36 cum=198/303=0.653
1790278260896 [spec-acc] ctx=6122 burst=19/48 cum=217/351=0.618
1790278261112 [spec-acc] ctx=6157 burst=21/39 cum=238/390=0.610
1790278261312 [spec-acc] ctx=6191 burst=22/36 cum=260/426=0.610
1790278261480 [spec-acc] ctx=6225 burst=24/30 cum=284/456=0.623
1790278261612 [spec-acc] ctx=6259 burst=24/24 cum=308/480=0.642
1790278261791 [spec-acc] ctx=6291 burst=21/33 cum=329/513=0.641
1790278261954 [spec-acc] ctx=6323 burst=22/30 cum=351/543=0.646
1790278262133 [spec-acc] ctx=6355 burst=24/33 cum=375/576=0.651
1790278262366 [spec-acc] ctx=6390 burst=19/42 cum=394/618=0.638
1790278262582 [spec-acc] ctx=6423 burst=19/39 cum=413/657=0.629
1790278262798 [spec-acc] ctx=6455 burst=20/39 cum=433/696=0.622
1790278262982 [spec-acc] ctx=6488 burst=21/33 cum=454/729=0.623
1790278263247 [spec-acc] ctx=6520 burst=18/48 cum=472/777=0.607
1790278263447 [spec-acc] ctx=6554 burst=21/36 cum=493/813=0.606
1790278263615 [spec-acc] ctx=6587 burst=24/30 cum=517/843=0.613
1790278263832 [spec-acc] ctx=6621 burst=19/39 cum=536/882=0.608
1790278264016 [spec-acc] ctx=6653 burst=23/33 cum=559/915=0.611
1790278264200 [spec-acc] ctx=6687 burst=21/33 cum=580/948=0.612
1790278264384 [spec-acc] ctx=6719 burst=21/33 cum=601/981=0.613
1790278264569 [spec-acc] ctx=6751 burst=22/33 cum=623/1014=0.614
1790278264769 [spec-acc] ctx=6784 burst=22/36 cum=645/1050=0.614
1790278264934 [spec-acc] ctx=6818 burst=24/30 cum=669/1080=0.619
1790278265151 [spec-acc] ctx=6852 burst=19/39 cum=688/1119=0.615
1790278265335 [spec-acc] ctx=6884 burst=23/33 cum=711/1152=0.617
1790278265503 [spec-acc] ctx=6918 burst=22/30 cum=733/1182=0.620
1790278265670 [spec-acc] ctx=6950 burst=22/30 cum=755/1212=0.623
1790278265870 [spec-acc] ctx=6982 burst=21/36 cum=776/1248=0.622
1790278266052 [spec-acc] ctx=7015 burst=24/33 cum=800/1281=0.625
1790278266203 [spec-acc] ctx=7050 burst=25/27 cum=825/1308=0.631
1790278266353 [spec-acc] ctx=7084 burst=24/27 cum=849/1335=0.636
1790278266504 [spec-acc] ctx=7117 burst=23/27 cum=872/1362=0.640
1790278266671 [spec-acc] ctx=7149 burst=23/30 cum=895/1392=0.643
1790278266837 [spec-acc] ctx=7182 burst=25/30 cum=920/1422=0.647
1790278266988 [spec-acc] ctx=7217 burst=23/27 cum=943/1449=0.651
1790278267205 [spec-acc] ctx=7249 burst=21/39 cum=964/1488=0.648
1790278267355 [spec-acc] ctx=7283 burst=23/27 cum=987/1515=0.651
1790278267556 [spec-acc] ctx=7315 burst=22/36 cum=1009/1551=0.651
1790278267790 [spec-acc] ctx=7349 burst=19/42 cum=1028/1593=0.645
1790278267939 [spec-acc] ctx=7382 burst=23/27 cum=1051/1620=0.649
1790278268106 [spec-acc] ctx=7414 burst=25/30 cum=1076/1650=0.652
1790278268256 [spec-acc] ctx=7449 burst=24/27 cum=1100/1677=0.656
1790278268407 [spec-acc] ctx=7482 burst=25/27 cum=1125/1704=0.660
1790278268540 [spec-acc] ctx=7516 burst=24/24 cum=1149/1728=0.665
1790278268674 [spec-acc] ctx=7548 burst=24/24 cum=1173/1752=0.670
1790278268824 [spec-acc] ctx=7580 burst=23/27 cum=1196/1779=0.672
1790278269024 [spec-acc] ctx=7612 burst=21/36 cum=1217/1815=0.671
1790278269224 [spec-acc] ctx=7645 burst=23/36 cum=1240/1851=0.670
1790278269441 [spec-acc] ctx=7680 burst=21/39 cum=1261/1890=0.667
1790278269608 [spec-acc] ctx=7714 burst=22/30 cum=1283/1920=0.668
1790278269775 [spec-acc] ctx=7746 burst=22/30 cum=1305/1950=0.669
1790278269942 [spec-acc] ctx=7778 burst=22/30 cum=1327/1980=0.670
1790278270109 [spec-acc] ctx=7810 burst=22/30 cum=1349/2010=0.671
1790278270293 [spec-acc] ctx=7842 burst=22/33 cum=1371/2043=0.671
1790278270443 [spec-acc] ctx=7875 burst=25/27 cum=1396/2070=0.674
1790278270628 [spec-acc] ctx=7909 burst=22/33 cum=1418/2103=0.674
1790278270795 [spec-acc] ctx=7942 burst=25/30 cum=1443/2133=0.677
1790278270980 [spec-acc] ctx=7977 burst=21/33 cum=1464/2166=0.676
1790278271131 [spec-acc] ctx=8009 burst=26/27 cum=1490/2193=0.679
1790278271333 [spec-acc] ctx=8044 burst=22/36 cum=1512/2229=0.678
1790278271518 [spec-acc] ctx=8078 burst=21/33 cum=1533/2262=0.678
1790278271703 [spec-acc] ctx=8110 burst=23/33 cum=1556/2295=0.678
1790278271855 [spec-acc] ctx=8144 burst=24/27 cum=1580/2322=0.680
1790278272043 [spec-acc] ctx=8177 burst=23/33 cum=1603/2355=0.681
1790278272195 [spec-acc] ctx=8211 burst=25/27 cum=1628/2382=0.683
1790278272357 [spec-acc] ctx=8245 burst=24/27 cum=1652/2409=0.686
1790278272506 [spec-acc] ctx=8278 burst=24/24 cum=1676/2433=0.689
1790278272652 [spec-acc] ctx=8310 burst=24/24 cum=1700/2457=0.692
1790278272832 [spec-acc] ctx=8342 burst=23/30 cum=1723/2487=0.693
1790278273044 [spec-acc] ctx=8375 burst=23/36 cum=1746/2523=0.692
1790278273203 [spec-acc] ctx=8410 burst=23/27 cum=1769/2550=0.694
1790278273362 [spec-acc] ctx=8442 burst=24/27 cum=1793/2577=0.696
1790278273521 [spec-acc] ctx=8475 burst=23/27 cum=1816/2604=0.697
1790278273663 [spec-acc] ctx=8507 burst=24/24 cum=1840/2628=0.700
1790278273825 [spec-acc] ctx=8539 burst=24/27 cum=1864/2655=0.702
1790278274004 [spec-acc] ctx=8572 burst=23/30 cum=1887/2685=0.703
1790278274200 [spec-acc] ctx=8605 burst=22/33 cum=1909/2718=0.702
1790278274373 [spec-acc] ctx=8638 burst=23/30 cum=1932/2748=0.703
1790278274527 [spec-acc] ctx=8671 burst=23/27 cum=1955/2775=0.705
1790278274721 [spec-acc] ctx=8703 burst=21/33 cum=1976/2808=0.704
1790278274859 [spec-acc] ctx=8735 burst=24/24 cum=2000/2832=0.706
1790278275086 [spec-acc] ctx=8767 burst=20/39 cum=2020/2871=0.704
1790278275259 [spec-acc] ctx=8800 burst=23/30 cum=2043/2901=0.704
1790278275417 [spec-acc] ctx=8833 burst=25/27 cum=2068/2928=0.706
1790278275573 [spec-acc] ctx=8867 burst=24/27 cum=2092/2955=0.708
1790278275711 [spec-acc] ctx=8900 burst=24/24 cum=2116/2979=0.710
1790278275887 [spec-acc] ctx=8932 burst=23/30 cum=2139/3009=0.711
1790278276095 [spec-acc] ctx=8965 burst=20/36 cum=2159/3045=0.709
1790278276252 [spec-acc] ctx=8997 burst=24/27 cum=2183/3072=0.711
1790278276426 [spec-acc] ctx=9030 burst=25/30 cum=2208/3102=0.712
1790278276602 [spec-acc] ctx=9065 burst=24/30 cum=2232/3132=0.713
1790278276758 [spec-acc] ctx=9099 burst=24/27 cum=2256/3159=0.714
1790278276914 [spec-acc] ctx=9132 burst=25/27 cum=2281/3186=0.716
1790278277089 [spec-acc] ctx=9166 burst=25/30 cum=2306/3216=0.717
1790278277245 [spec-acc] ctx=9201 burst=25/27 cum=2331/3243=0.719
1790278277404 [spec-acc] ctx=9235 burst=26/27 cum=2357/3270=0.721
1790278277561 [spec-acc] ctx=9270 burst=25/27 cum=2382/3297=0.722
1790278277719 [spec-acc] ctx=9304 burst=24/27 cum=2406/3324=0.724
1790278277876 [spec-acc] ctx=9337 burst=24/27 cum=2430/3351=0.725
1790278278052 [spec-acc] ctx=9370 burst=23/30 cum=2453/3381=0.726
1790278278224 [spec-acc] ctx=9403 burst=22/30 cum=2475/3411=0.726
1790278278413 [spec-acc] ctx=9435 burst=21/33 cum=2496/3444=0.725
1790278278570 [spec-acc] ctx=9467 burst=23/27 cum=2519/3471=0.726
1790278278725 [spec-acc] ctx=9499 burst=23/27 cum=2542/3498=0.727
1790278278880 [spec-acc] ctx=9531 burst=26/27 cum=2568/3525=0.729
1790278279036 [spec-acc] ctx=9566 burst=26/27 cum=2594/3552=0.730
1790278279174 [spec-acc] ctx=9601 burst=24/24 cum=2618/3576=0.732
1790278279347 [spec-acc] ctx=9633 burst=22/30 cum=2640/3606=0.732
1790278279520 [spec-acc] ctx=9665 burst=22/30 cum=2662/3636=0.732
1790278279692 [spec-acc] ctx=9697 burst=25/30 cum=2687/3666=0.733
1790278279865 [spec-acc] ctx=9732 burst=23/30 cum=2710/3696=0.733
1790278280023 [spec-acc] ctx=9765 burst=25/27 cum=2735/3723=0.735
1790278280178 [spec-acc] ctx=9799 burst=25/27 cum=2760/3750=0.736
1790278280338 [spec-acc] ctx=9833 burst=26/27 cum=2786/3777=0.738
1790278280477 [spec-acc] ctx=9868 burst=24/24 cum=2810/3801=0.739
1790278280667 [spec-acc] ctx=9900 burst=24/33 cum=2834/3834=0.739
1790278280809 [spec-acc] ctx=9935 burst=24/24 cum=2858/3858=0.741
1790278280965 [spec-acc] ctx=9967 burst=24/27 cum=2882/3885=0.742
1790278281105 [spec-acc] ctx=10000 burst=24/24 cum=2906/3909=0.743
1790278281296 [spec-acc] ctx=10032 burst=22/33 cum=2928/3942=0.743
1790278281434 [spec-acc] ctx=10065 burst=24/24 cum=2952/3966=0.744
1790278281610 [spec-acc] ctx=10097 burst=22/30 cum=2974/3996=0.744
1790278281749 [spec-acc] ctx=10129 burst=24/24 cum=2998/4020=0.746
1790278281941 [spec-acc] ctx=10161 burst=23/33 cum=3021/4053=0.745
1790278282081 [spec-acc] ctx=10195 burst=24/24 cum=3045/4077=0.747
1790278282274 [spec-acc] ctx=10227 burst=24/33 cum=3069/4110=0.747
1790278282432 [spec-acc] ctx=10262 burst=25/27 cum=3094/4137=0.748
1790278282589 [spec-acc] ctx=10296 burst=23/27 cum=3117/4164=0.749
1790278282728 [spec-acc] ctx=10328 burst=24/24 cum=3141/4188=0.750
1790278282902 [spec-acc] ctx=10360 burst=23/30 cum=3164/4218=0.750
1790278283059 [spec-acc] ctx=10393 burst=24/27 cum=3188/4245=0.751
1790278283216 [spec-acc] ctx=10426 burst=23/27 cum=3211/4272=0.752
1790278283358 [spec-acc] ctx=10458 burst=24/24 cum=3235/4296=0.753
1790278283515 [spec-acc] ctx=10490 burst=24/27 cum=3259/4323=0.754
1790278283674 [spec-acc] ctx=10523 burst=25/27 cum=3284/4350=0.755
1790278283832 [spec-acc] ctx=10557 burst=25/27 cum=3309/4377=0.756
1790278283991 [spec-acc] ctx=10591 burst=25/27 cum=3334/4404=0.757
1790278284166 [spec-acc] ctx=10625 burst=24/30 cum=3358/4434=0.757
1790278284325 [spec-acc] ctx=10659 burst=26/27 cum=3384/4461=0.759
1790278284465 [spec-acc] ctx=10694 burst=24/24 cum=3408/4485=0.760
1790278284605 [spec-acc] ctx=10726 burst=24/24 cum=3432/4509=0.761
1790278284745 [spec-acc] ctx=10758 burst=24/24 cum=3456/4533=0.762
1790278284885 [spec-acc] ctx=10790 burst=24/24 cum=3480/4557=0.764
1790278285044 [spec-acc] ctx=10822 burst=26/27 cum=3506/4584=0.765
1790278285203 [spec-acc] ctx=10857 burst=23/27 cum=3529/4611=0.765
1790278285346 [spec-acc] ctx=10889 burst=24/24 cum=3553/4635=0.767
1790278285505 [spec-acc] ctx=10921 burst=24/27 cum=3577/4662=0.767
1790278285663 [spec-acc] ctx=10954 burst=26/27 cum=3603/4689=0.768
1790278285822 [spec-acc] ctx=10989 burst=23/27 cum=3626/4716=0.769
1790278285963 [spec-acc] ctx=11021 burst=24/24 cum=3650/4740=0.770
1790278286122 [spec-acc] ctx=11053 burst=26/27 cum=3676/4767=0.771
1790278286264 [spec-acc] ctx=11088 burst=24/24 cum=3700/4791=0.772
1790278286404 [spec-acc] ctx=11120 burst=24/24 cum=3724/4815=0.773
1790278286564 [spec-acc] ctx=11152 burst=25/27 cum=3749/4842=0.774
1790278286705 [spec-acc] ctx=11186 burst=24/24 cum=3773/4866=0.775
1790278286847 [spec-acc] ctx=11218 burst=24/24 cum=3797/4890=0.776
1790278287006 [spec-acc] ctx=11250 burst=24/27 cum=3821/4917=0.777
1790278287148 [spec-acc] ctx=11283 burst=24/24 cum=3845/4941=0.778
1790278287307 [spec-acc] ctx=11315 burst=25/27 cum=3870/4968=0.779
1790278287449 [spec-acc] ctx=11349 burst=24/24 cum=3894/4992=0.780
1790278287590 [spec-acc] ctx=11381 burst=24/24 cum=3918/5016=0.781
1790278287749 [spec-acc] ctx=11413 burst=25/27 cum=3943/5043=0.782
1790278287909 [spec-acc] ctx=11447 burst=26/27 cum=3969/5070=0.783
1790278288051 [spec-acc] ctx=11482 burst=24/24 cum=3993/5094=0.784
1790278288212 [spec-acc] ctx=11514 burst=25/27 cum=4018/5121=0.785
1790278288354 [spec-acc] ctx=11548 burst=24/24 cum=4042/5145=0.786
1790278288497 [spec-acc] ctx=11580 burst=24/24 cum=4066/5169=0.787
1790278288657 [spec-acc] ctx=11612 burst=26/27 cum=4092/5196=0.788
1790278288819 [spec-acc] ctx=11647 burst=26/27 cum=4118/5223=0.788
1790278288979 [spec-acc] ctx=11682 burst=26/27 cum=4144/5250=0.789
1790278289123 [spec-acc] ctx=11717 burst=24/24 cum=4168/5274=0.790
1790278289284 [spec-acc] ctx=11749 burst=23/27 cum=4191/5301=0.791
1790278289427 [spec-acc] ctx=11781 burst=24/24 cum=4215/5325=0.792
1790278289587 [spec-acc] ctx=11813 burst=26/27 cum=4241/5352=0.792
1790278289732 [spec-acc] ctx=11848 burst=24/24 cum=4265/5376=0.793
1790278289874 [spec-acc] ctx=11880 burst=24/24 cum=4289/5400=0.794
1790278290034 [spec-acc] ctx=11912 burst=25/27 cum=4314/5427=0.795
1790278290177 [spec-acc] ctx=11946 burst=24/24 cum=4338/5451=0.796
1790278290322 [spec-acc] ctx=11978 burst=24/24 cum=4362/5475=0.797
1790278290483 [spec-acc] ctx=12010 burst=26/27 cum=4388/5502=0.798
1790278290626 [spec-acc] ctx=12045 burst=24/24 cum=4412/5526=0.798
1790278290788 [spec-acc] ctx=12077 burst=26/27 cum=4438/5553=0.799
1790278290933 [spec-acc] ctx=12112 burst=24/24 cum=4462/5577=0.800
1790278291076 [spec-acc] ctx=12144 burst=24/24 cum=4486/5601=0.801
1790278291237 [spec-acc] ctx=12176 burst=26/27 cum=4512/5628=0.802
1790278291400 [spec-acc] ctx=12211 burst=26/27 cum=4538/5655=0.802
1790278291543 [spec-acc] ctx=12246 burst=24/24 cum=4562/5679=0.803
1790278291706 [spec-acc] ctx=12278 burst=25/27 cum=4587/5706=0.804
1790278291852 [spec-acc] ctx=12312 burst=24/24 cum=4611/5730=0.805
1790278291998 [spec-acc] ctx=12344 burst=24/24 cum=4635/5754=0.806
1790278292142 [spec-acc] ctx=12376 burst=24/24 cum=4659/5778=0.806
1790278292306 [spec-acc] ctx=12408 burst=26/27 cum=4685/5805=0.807
1790278292467 [spec-acc] ctx=12443 burst=26/27 cum=4711/5832=0.808
1790278292612 [spec-acc] ctx=12478 burst=24/24 cum=4735/5856=0.809
1790278292757 [spec-acc] ctx=12510 burst=24/24 cum=4759/5880=0.809
1790278292921 [spec-acc] ctx=12542 burst=26/27 cum=4785/5907=0.810
1790278293064 [spec-acc] ctx=12577 burst=24/24 cum=4809/5931=0.811
1790278293210 [spec-acc] ctx=12609 burst=24/24 cum=4833/5955=0.812
1790278293357 [spec-acc] ctx=12641 burst=24/24 cum=4857/5979=0.812
1790278293503 [spec-acc] ctx=12673 burst=24/24 cum=4881/6003=0.813
1790278293647 [spec-acc] ctx=12705 burst=24/24 cum=4905/6027=0.814
1790278293793 [spec-acc] ctx=12737 burst=24/24 cum=4929/6051=0.815
1790278293939 [spec-acc] ctx=12769 burst=24/24 cum=4953/6075=0.815
1790278294084 [spec-acc] ctx=12801 burst=24/24 cum=4977/6099=0.816
1790278294248 [spec-acc] ctx=12833 burst=26/27 cum=5003/6126=0.817
1790278294393 [spec-acc] ctx=12868 burst=24/24 cum=5027/6150=0.817
1790278294539 [spec-acc] ctx=12900 burst=24/24 cum=5051/6174=0.818
1790278294703 [spec-acc] ctx=12932 burst=26/27 cum=5077/6201=0.819
1790278294848 [spec-acc] ctx=12967 burst=24/24 cum=5101/6225=0.819
1790278294993 [spec-acc] ctx=12999 burst=24/24 cum=5125/6249=0.820
1790278295140 [spec-acc] ctx=13031 burst=24/24 cum=5149/6273=0.821
1790278295285 [spec-acc] ctx=13063 burst=24/24 cum=5173/6297=0.822
1790278295431 [spec-acc] ctx=13095 burst=24/24 cum=5197/6321=0.822
1790278295576 [spec-acc] ctx=13127 burst=24/24 cum=5221/6345=0.823
1790278295733 [spec-acc] ctx=13159 burst=24/24 cum=5245/6369=0.824
1790278295891 [spec-acc] ctx=13191 burst=24/24 cum=5269/6393=0.824
1790278296067 [spec-acc] ctx=13223 burst=26/27 cum=5295/6420=0.825
1790278296224 [spec-acc] ctx=13258 burst=24/24 cum=5319/6444=0.825
1790278296375 [spec-acc] ctx=13290 burst=24/24 cum=5343/6468=0.826
1790278296527 [spec-acc] ctx=13322 burst=24/24 cum=5367/6492=0.827
1790278296680 [spec-acc] ctx=13354 burst=24/24 cum=5391/6516=0.827
1790278296849 [spec-acc] ctx=13386 burst=26/27 cum=5417/6543=0.828
1790278297001 [spec-acc] ctx=13421 burst=24/24 cum=5441/6567=0.829
1790278297151 [spec-acc] ctx=13453 burst=24/24 cum=5465/6591=0.829
1790278297301 [spec-acc] ctx=13485 burst=24/24 cum=5489/6615=0.830
1790278297451 [spec-acc] ctx=13517 burst=24/24 cum=5513/6639=0.830
1790278297602 [spec-acc] ctx=13549 burst=24/24 cum=5537/6663=0.831
1790278297752 [spec-acc] ctx=13581 burst=24/24 cum=5561/6687=0.832
1790278297922 [spec-acc] ctx=13613 burst=26/27 cum=5587/6714=0.832
1790278298073 [spec-acc] ctx=13648 burst=24/24 cum=5611/6738=0.833
1790278298225 [spec-acc] ctx=13680 burst=24/24 cum=5635/6762=0.833
1790278298376 [spec-acc] ctx=13712 burst=24/24 cum=5659/6786=0.834
1790278298527 [spec-acc] ctx=13744 burst=24/24 cum=5683/6810=0.835
1790278298678 [spec-acc] ctx=13776 burst=24/24 cum=5707/6834=0.835
1790278298829 [spec-acc] ctx=13808 burst=24/24 cum=5731/6858=0.836
1790278298983 [spec-acc] ctx=13840 burst=24/24 cum=5755/6882=0.836
1790278299134 [spec-acc] ctx=13872 burst=24/24 cum=5779/6906=0.837
1790278299286 [spec-acc] ctx=13904 burst=24/24 cum=5803/6930=0.837
1790278299456 [spec-acc] ctx=13936 burst=26/27 cum=5829/6957=0.838
1790278299629 [spec-acc] ctx=13971 burst=26/27 cum=5855/6984=0.838
1790278299780 [spec-acc] ctx=14006 burst=24/24 cum=5879/7008=0.839
1790278299780 [kv-vmm] ensure-walls n=256 us=3,3,3,3,3,2,2,2,3,2,2,2,3,3,3,3,2,3,3,2,3,2,3,2,2,2,2,2,2,3,2,2,2,2,3,2,2,2,2,2,2,3,3,3,4,2,2,3,2,2,3,2,2,2,2,3,2,3,2,2,8,3,3,2,2,3,2,3,2,2,3,2,3,2,2,6,2,3,2,2,2,3,2,2,2,2,3,3,4,2,2,3,2,3,2,2,3,3,3,3,3,2,2,2,3,3,2,3,3,3,3,2,3,2,3,3,2,2,3,6,2,2,2,2,2,3,3,2,2,3,2,4,3,3,3,2,3,2,2,2,2,3,2,2,2,3,4,4,3,3,2,3,2,2,2,2,2,2,7,2,2,2,2,2,2,4,2,2,3,2,2,2,2,3,2,2,2,7,2,2,3,3,4,2,2,2,2,2,3,2,2,2,1,3,2,3,2,2,2,2,2,3,2,4,2,2,2,2,3,2,2,2,4,2,2,3,2,2,2,3,3,3,2,2,2,3,2,2,3,2,2,2,2,3,2,2,11,2,2,3,2,6,3,2,2,3,2,3,2,2,2,2,2,2,2,2
1790278299931 [spec-acc] ctx=14038 burst=24/24 cum=5903/7032=0.839
1790278300104 [spec-acc] ctx=14070 burst=26/27 cum=5929/7059=0.840
1790278300255 [spec-acc] ctx=14105 burst=24/24 cum=5953/7083=0.840
1790278300407 [spec-acc] ctx=14137 burst=24/24 cum=5977/7107=0.841
1790278300559 [spec-acc] ctx=14169 burst=24/24 cum=6001/7131=0.842
1790278300712 [spec-acc] ctx=14201 burst=24/24 cum=6025/7155=0.842
1790278300864 [spec-acc] ctx=14233 burst=24/24 cum=6049/7179=0.843
1790278301015 [spec-acc] ctx=14265 burst=24/24 cum=6073/7203=0.843
1790278301169 [spec-acc] ctx=14297 burst=24/24 cum=6097/7227=0.844
1790278301321 [spec-acc] ctx=14329 burst=24/24 cum=6121/7251=0.844
1790278301492 [spec-acc] ctx=14361 burst=26/27 cum=6147/7278=0.845
1790278301665 [spec-acc] ctx=14396 burst=25/27 cum=6172/7305=0.845
1790278301817 [spec-acc] ctx=14430 burst=24/24 cum=6196/7329=0.845
1790278301970 [spec-acc] ctx=14462 burst=24/24 cum=6220/7353=0.846
1790278302123 [spec-acc] ctx=14494 burst=24/24 cum=6244/7377=0.846
1790278302275 [spec-acc] ctx=14526 burst=24/24 cum=6268/7401=0.847
1790278302428 [spec-acc] ctx=14558 burst=24/24 cum=6292/7425=0.847
1790278302600 [spec-acc] ctx=14590 burst=25/27 cum=6317/7452=0.848
1790278302753 [spec-acc] ctx=14624 burst=24/24 cum=6341/7476=0.848
1790278302908 [spec-acc] ctx=14656 burst=24/24 cum=6365/7500=0.849
1790278303061 [spec-acc] ctx=14688 burst=24/24 cum=6389/7524=0.849
1790278303234 [spec-acc] ctx=14720 burst=26/27 cum=6415/7551=0.850
1790278303410 [spec-acc] ctx=14755 burst=26/27 cum=6441/7578=0.850
1790278303563 [spec-acc] ctx=14790 burst=24/24 cum=6465/7602=0.850
1790278303717 [spec-acc] ctx=14822 burst=24/24 cum=6489/7626=0.851
1790278303892 [spec-acc] ctx=14854 burst=26/27 cum=6515/7653=0.851
1790278304045 [spec-acc] ctx=14889 burst=24/24 cum=6539/7677=0.852
1790278304198 [spec-acc] ctx=14921 burst=24/24 cum=6563/7701=0.852
1790278304354 [spec-acc] ctx=14953 burst=24/24 cum=6587/7725=0.853
1790278304508 [spec-acc] ctx=14985 burst=24/24 cum=6611/7749=0.853
1790278304662 [spec-acc] ctx=15017 burst=24/24 cum=6635/7773=0.854
1790278304817 [spec-acc] ctx=15049 burst=24/24 cum=6659/7797=0.854
1790278304970 [spec-acc] ctx=15081 burst=24/24 cum=6683/7821=0.854
1790278305143 [spec-acc] ctx=15113 burst=26/27 cum=6709/7848=0.855
1790278305297 [spec-acc] ctx=15148 burst=24/24 cum=6733/7872=0.855
1790278305453 [spec-acc] ctx=15180 burst=24/24 cum=6757/7896=0.856
1790278305607 [spec-acc] ctx=15212 burst=24/24 cum=6781/7920=0.856
1790278305760 [spec-acc] ctx=15244 burst=24/24 cum=6805/7944=0.857
1790278305934 [spec-acc] ctx=15276 burst=24/27 cum=6829/7971=0.857
1790278306088 [spec-acc] ctx=15309 burst=24/24 cum=6853/7995=0.857
1790278306243 [spec-acc] ctx=15341 burst=24/24 cum=6877/8019=0.858
1790278306418 [spec-acc] ctx=15373 burst=24/27 cum=6901/8046=0.858
1790278306573 [spec-acc] ctx=15406 burst=24/24 cum=6925/8070=0.858
1790278306747 [spec-acc] ctx=15438 burst=24/27 cum=6949/8097=0.858
1790278306901 [spec-acc] ctx=15471 burst=24/24 cum=6973/8121=0.859
1790278307058 [spec-acc] ctx=15503 burst=24/24 cum=6997/8145=0.859
1790278307212 [spec-acc] ctx=15535 burst=24/24 cum=7021/8169=0.859
1790278307367 [spec-acc] ctx=15567 burst=24/24 cum=7045/8193=0.860
1790278307522 [spec-acc] ctx=15599 burst=24/24 cum=7069/8217=0.860
1790278307678 [spec-acc] ctx=15631 burst=24/24 cum=7093/8241=0.861
1790278307835 [spec-acc] ctx=15663 burst=24/24 cum=7117/8265=0.861
1790278307990 [spec-acc] ctx=15695 burst=24/24 cum=7141/8289=0.862
1790278308145 [spec-acc] ctx=15727 burst=24/24 cum=7165/8313=0.862
1790278308325 [spec-acc] ctx=15759 burst=24/27 cum=7189/8340=0.862
1790278308483 [spec-acc] ctx=15792 burst=24/24 cum=7213/8364=0.862
1790278308644 [spec-acc] ctx=15824 burst=24/24 cum=7237/8388=0.863
1790278308802 [spec-acc] ctx=15856 burst=24/24 cum=7261/8412=0.863
1790278308963 [spec-acc] ctx=15888 burst=24/24 cum=7285/8436=0.864
1790278309125 [spec-acc] ctx=15920 burst=24/24 cum=7309/8460=0.864
1790278309283 [spec-acc] ctx=15952 burst=24/24 cum=7333/8484=0.864
1790278309444 [spec-acc] ctx=15984 burst=24/24 cum=7357/8508=0.865
1790278309602 [spec-acc] ctx=16016 burst=24/24 cum=7381/8532=0.865
1790278309783 [spec-acc] ctx=16048 burst=24/27 cum=7405/8559=0.865
1790278309944 [spec-acc] ctx=16081 burst=24/24 cum=7429/8583=0.866
1790278310101 [spec-acc] ctx=16113 burst=24/24 cum=7453/8607=0.866
1790278310276 [spec-acc] ctx=16145 burst=24/27 cum=7477/8634=0.866
1790278310428 [spec-acc] ctx=16178 burst=24/24 cum=7501/8658=0.866
1790278310582 [spec-acc] ctx=16210 burst=24/24 cum=7525/8682=0.867
1790278310738 [spec-acc] ctx=16242 burst=24/24 cum=7549/8706=0.867
1790278310890 [spec-acc] ctx=16274 burst=24/24 cum=7573/8730=0.867
1790278311045 [spec-acc] ctx=16306 burst=24/24 cum=7597/8754=0.868
1790278311200 [spec-acc] ctx=16338 burst=24/24 cum=7621/8778=0.868
1790278311352 [spec-acc] ctx=16370 burst=24/24 cum=7645/8802=0.869
1790278311504 [spec-acc] ctx=16402 burst=24/24 cum=7669/8826=0.869
1790278311657 [spec-acc] ctx=16434 burst=24/24 cum=7693/8850=0.869
1790278311807 [spec-acc] ctx=16466 burst=24/24 cum=7717/8874=0.870
1790278311962 [spec-acc] ctx=16498 burst=24/24 cum=7741/8898=0.870
1790278312113 [spec-acc] ctx=16530 burst=24/24 cum=7765/8922=0.870
1790278312265 [spec-acc] ctx=16562 burst=24/24 cum=7789/8946=0.871
1790278312419 [spec-acc] ctx=16594 burst=24/24 cum=7813/8970=0.871
1790278312589 [spec-acc] ctx=16626 burst=26/27 cum=7839/8997=0.871
1790278312741 [spec-acc] ctx=16661 burst=24/24 cum=7863/9021=0.872
1790278312912 [spec-acc] ctx=16693 burst=26/27 cum=7889/9048=0.872
1790278313065 [spec-acc] ctx=16728 burst=24/24 cum=7913/9072=0.872
1790278313216 [spec-acc] ctx=16760 burst=24/24 cum=7937/9096=0.873
1790278313368 [spec-acc] ctx=16792 burst=24/24 cum=7961/9120=0.873
1790278313522 [spec-acc] ctx=16824 burst=24/24 cum=7985/9144=0.873
1790278313675 [spec-acc] ctx=16856 burst=24/24 cum=8009/9168=0.874
1790278313828 [spec-acc] ctx=16888 burst=24/24 cum=8033/9192=0.874
1790278313980 [spec-acc] ctx=16920 burst=24/24 cum=8057/9216=0.874
1790278314131 [spec-acc] ctx=16952 burst=24/24 cum=8081/9240=0.875
1790278314304 [spec-acc] ctx=16984 burst=26/27 cum=8107/9267=0.875
1790278314456 [spec-acc] ctx=17019 burst=24/24 cum=8131/9291=0.875
1790278314607 [spec-acc] ctx=17051 burst=24/24 cum=8155/9315=0.875
1790278314761 [spec-acc] ctx=17083 burst=24/24 cum=8179/9339=0.876
1790278314913 [spec-acc] ctx=17115 burst=24/24 cum=8203/9363=0.876
1790278315067 [spec-acc] ctx=17147 burst=24/24 cum=8227/9387=0.876
1790278315219 [spec-acc] ctx=17179 burst=24/24 cum=8251/9411=0.877
1790278315371 [spec-acc] ctx=17211 burst=24/24 cum=8275/9435=0.877
1790278315525 [spec-acc] ctx=17243 burst=24/24 cum=8299/9459=0.877
1790278315697 [spec-acc] ctx=17275 burst=24/27 cum=8323/9486=0.877
1790278315850 [spec-acc] ctx=17308 burst=24/24 cum=8347/9510=0.878
1790278316005 [spec-acc] ctx=17340 burst=24/24 cum=8371/9534=0.878
1790278316157 [spec-acc] ctx=17372 burst=24/24 cum=8395/9558=0.878
1790278316310 [spec-acc] ctx=17404 burst=24/24 cum=8419/9582=0.879
1790278316464 [spec-acc] ctx=17436 burst=24/24 cum=8443/9606=0.879
1790278316616 [spec-acc] ctx=17468 burst=24/24 cum=8467/9630=0.879
1790278316788 [spec-acc] ctx=17500 burst=26/27 cum=8493/9657=0.879
1790278316941 [spec-acc] ctx=17535 burst=24/24 cum=8517/9681=0.880
1790278317094 [spec-acc] ctx=17567 burst=24/24 cum=8541/9705=0.880
1790278317246 [spec-acc] ctx=17599 burst=24/24 cum=8565/9729=0.880
1790278317399 [spec-acc] ctx=17631 burst=24/24 cum=8589/9753=0.881
1790278317552 [spec-acc] ctx=17663 burst=24/24 cum=8613/9777=0.881
1790278317707 [spec-acc] ctx=17695 burst=24/24 cum=8637/9801=0.881
1790278317861 [spec-acc] ctx=17727 burst=24/24 cum=8661/9825=0.882
1790278318014 [spec-acc] ctx=17759 burst=24/24 cum=8685/9849=0.882
1790278318170 [spec-acc] ctx=17791 burst=24/24 cum=8709/9873=0.882
1790278318323 [spec-acc] ctx=17823 burst=24/24 cum=8733/9897=0.882
1790278318477 [spec-acc] ctx=17855 burst=24/24 cum=8757/9921=0.883
1790278318652 [spec-acc] ctx=17887 burst=25/27 cum=8782/9948=0.883
1790278318811 [spec-acc] ctx=17921 burst=24/24 cum=8806/9972=0.883
1790278318982 [spec-acc] ctx=17953 burst=24/24 cum=8830/9996=0.883
1790278319148 [spec-acc] ctx=17985 burst=24/24 cum=8854/10020=0.884
1790278319310 [spec-acc] ctx=18017 burst=24/24 cum=8878/10044=0.884
1790278319474 [spec-acc] ctx=18049 burst=24/24 cum=8902/10068=0.884
1790278319636 [spec-acc] ctx=18081 burst=24/24 cum=8926/10092=0.884
1790278319797 [spec-acc] ctx=18113 burst=24/24 cum=8950/10116=0.885
1790278319957 [spec-acc] ctx=18145 burst=24/24 cum=8974/10140=0.885
1790278320118 [spec-acc] ctx=18177 burst=24/24 cum=8998/10164=0.885
1790278320279 [spec-acc] ctx=18209 burst=24/24 cum=9022/10188=0.886
1790278320440 [spec-acc] ctx=18241 burst=24/24 cum=9046/10212=0.886
1790278320621 [spec-acc] ctx=18273 burst=25/27 cum=9071/10239=0.886
1790278320782 [spec-acc] ctx=18307 burst=24/24 cum=9095/10263=0.886
1790278320943 [spec-acc] ctx=18339 burst=24/24 cum=9119/10287=0.886
1790278321104 [spec-acc] ctx=18371 burst=24/24 cum=9143/10311=0.887
1790278321264 [spec-acc] ctx=18403 burst=24/24 cum=9167/10335=0.887
1790278321424 [spec-acc] ctx=18435 burst=24/24 cum=9191/10359=0.887
1790278321583 [spec-acc] ctx=18467 burst=24/24 cum=9215/10383=0.888
1790278321742 [spec-acc] ctx=18499 burst=24/24 cum=9239/10407=0.888
1790278321901 [spec-acc] ctx=18531 burst=24/24 cum=9263/10431=0.888
1790278322060 [spec-acc] ctx=18563 burst=24/24 cum=9287/10455=0.888
1790278322239 [spec-acc] ctx=18595 burst=24/27 cum=9311/10482=0.888
1790278322399 [spec-acc] ctx=18628 burst=24/24 cum=9335/10506=0.889
1790278322560 [spec-acc] ctx=18660 burst=24/24 cum=9359/10530=0.889
1790278322719 [spec-acc] ctx=18692 burst=24/24 cum=9383/10554=0.889
1790278322879 [spec-acc] ctx=18724 burst=24/24 cum=9407/10578=0.889
1790278323040 [spec-acc] ctx=18756 burst=24/24 cum=9431/10602=0.890
1790278323200 [spec-acc] ctx=18788 burst=24/24 cum=9455/10626=0.890
1790278323360 [spec-acc] ctx=18820 burst=24/24 cum=9479/10650=0.890
1790278323519 [spec-acc] ctx=18852 burst=24/24 cum=9503/10674=0.890
1790278323681 [spec-acc] ctx=18884 burst=24/24 cum=9527/10698=0.891
1790278323841 [spec-acc] ctx=18916 burst=24/24 cum=9551/10722=0.891
1790278324001 [spec-acc] ctx=18948 burst=24/24 cum=9575/10746=0.891
1790278324161 [spec-acc] ctx=18980 burst=24/24 cum=9599/10770=0.891
1790278324321 [spec-acc] ctx=19012 burst=24/24 cum=9623/10794=0.892
1790278324502 [spec-acc] ctx=19044 burst=26/27 cum=9649/10821=0.892
1790278324662 [spec-acc] ctx=19079 burst=24/24 cum=9673/10845=0.892
1790278324822 [spec-acc] ctx=19111 burst=24/24 cum=9697/10869=0.892
1790278324983 [spec-acc] ctx=19143 burst=24/24 cum=9721/10893=0.892
1790278325143 [spec-acc] ctx=19175 burst=24/24 cum=9745/10917=0.893
1790278325304 [spec-acc] ctx=19207 burst=24/24 cum=9769/10941=0.893
1790278325464 [spec-acc] ctx=19239 burst=24/24 cum=9793/10965=0.893
1790278325625 [spec-acc] ctx=19271 burst=24/24 cum=9817/10989=0.893
1790278325786 [spec-acc] ctx=19303 burst=24/24 cum=9841/11013=0.894
1790278325946 [spec-acc] ctx=19335 burst=24/24 cum=9865/11037=0.894
1790278326106 [spec-acc] ctx=19367 burst=24/24 cum=9889/11061=0.894
1790278326267 [spec-acc] ctx=19399 burst=24/24 cum=9913/11085=0.894
1790278326448 [spec-acc] ctx=19431 burst=25/27 cum=9938/11112=0.894
1790278326609 [spec-acc] ctx=19465 burst=24/24 cum=9962/11136=0.895
1790278326770 [spec-acc] ctx=19497 burst=24/24 cum=9986/11160=0.895
1790278326930 [spec-acc] ctx=19529 burst=24/24 cum=10010/11184=0.895
1790278327091 [spec-acc] ctx=19561 burst=24/24 cum=10034/11208=0.895
1790278327252 [spec-acc] ctx=19593 burst=24/24 cum=10058/11232=0.895
1790278327413 [spec-acc] ctx=19625 burst=24/24 cum=10082/11256=0.896
1790278327574 [spec-acc] ctx=19657 burst=24/24 cum=10106/11280=0.896
1790278327735 [spec-acc] ctx=19689 burst=24/24 cum=10130/11304=0.896
1790278327897 [spec-acc] ctx=19721 burst=24/24 cum=10154/11328=0.896
1790278328058 [spec-acc] ctx=19753 burst=24/24 cum=10178/11352=0.897
1790278328220 [spec-acc] ctx=19785 burst=24/24 cum=10202/11376=0.897
1790278328407 [spec-acc] ctx=19817 burst=25/27 cum=10227/11403=0.897
1790278328569 [spec-acc] ctx=19851 burst=24/24 cum=10251/11427=0.897
1790278328731 [spec-acc] ctx=19883 burst=24/24 cum=10275/11451=0.897
1790278328892 [spec-acc] ctx=19915 burst=24/24 cum=10299/11475=0.898
1790278329053 [spec-acc] ctx=19947 burst=24/24 cum=10323/11499=0.898
1790278329215 [spec-acc] ctx=19979 burst=24/24 cum=10347/11523=0.898
1790278329378 [spec-acc] ctx=20011 burst=24/24 cum=10371/11547=0.898
1790278329540 [spec-acc] ctx=20043 burst=24/24 cum=10395/11571=0.898
1790278329702 [spec-acc] ctx=20075 burst=24/24 cum=10419/11595=0.899
1790278329867 [spec-acc] ctx=20107 burst=24/24 cum=10443/11619=0.899
1790278330028 [spec-acc] ctx=20139 burst=24/24 cum=10467/11643=0.899
1790278330191 [spec-acc] ctx=20171 burst=24/24 cum=10491/11667=0.899
1790278330352 [spec-acc] ctx=20203 burst=24/24 cum=10515/11691=0.899
1790278330515 [spec-acc] ctx=20235 burst=24/24 cum=10539/11715=0.900
1790278330698 [spec-acc] ctx=20267 burst=24/27 cum=10563/11742=0.900
1790278330860 [spec-acc] ctx=20300 burst=24/24 cum=10587/11766=0.900
1790278331022 [spec-acc] ctx=20332 burst=24/24 cum=10611/11790=0.900
1790278331189 [spec-acc] ctx=20364 burst=24/24 cum=10635/11814=0.900
1790278331351 [spec-acc] ctx=20396 burst=24/24 cum=10659/11838=0.900
1790278331513 [spec-acc] ctx=20428 burst=24/24 cum=10683/11862=0.901
1790278331676 [spec-acc] ctx=20460 burst=24/24 cum=10707/11886=0.901
1790278331839 [spec-acc] ctx=20492 burst=24/24 cum=10731/11910=0.901
1790278332002 [spec-acc] ctx=20524 burst=24/24 cum=10755/11934=0.901
1790278332164 [spec-acc] ctx=20556 burst=24/24 cum=10779/11958=0.901
1790278332328 [spec-acc] ctx=20588 burst=24/24 cum=10803/11982=0.902
1790278332510 [spec-acc] ctx=20620 burst=26/27 cum=10829/12009=0.902
1790278332671 [spec-acc] ctx=20655 burst=24/24 cum=10853/12033=0.902
1790278332832 [spec-acc] ctx=20687 burst=24/24 cum=10877/12057=0.902
1790278332992 [spec-acc] ctx=20719 burst=24/24 cum=10901/12081=0.902
1790278333154 [spec-acc] ctx=20751 burst=24/24 cum=10925/12105=0.903
1790278333315 [spec-acc] ctx=20783 burst=24/24 cum=10949/12129=0.903
1790278333476 [spec-acc] ctx=20815 burst=24/24 cum=10973/12153=0.903
1790278333637 [spec-acc] ctx=20847 burst=24/24 cum=10997/12177=0.903
1790278333798 [spec-acc] ctx=20879 burst=24/24 cum=11021/12201=0.903
1790278333960 [spec-acc] ctx=20911 burst=24/24 cum=11045/12225=0.903
1790278334121 [spec-acc] ctx=20943 burst=24/24 cum=11069/12249=0.904
1790278334282 [spec-acc] ctx=20975 burst=24/24 cum=11093/12273=0.904
1790278334444 [spec-acc] ctx=21007 burst=24/24 cum=11117/12297=0.904
1790278334626 [spec-acc] ctx=21039 burst=24/27 cum=11141/12324=0.904
1790278334787 [spec-acc] ctx=21072 burst=24/24 cum=11165/12348=0.904
1790278334952 [spec-acc] ctx=21104 burst=24/24 cum=11189/12372=0.904
1790278335113 [spec-acc] ctx=21136 burst=24/24 cum=11213/12396=0.905
1790278335275 [spec-acc] ctx=21168 burst=24/24 cum=11237/12420=0.905
1790278335437 [spec-acc] ctx=21200 burst=24/24 cum=11261/12444=0.905
1790278335599 [spec-acc] ctx=21232 burst=24/24 cum=11285/12468=0.905
1790278335761 [spec-acc] ctx=21264 burst=24/24 cum=11309/12492=0.905
1790278335923 [spec-acc] ctx=21296 burst=24/24 cum=11333/12516=0.905
1790278336084 [spec-acc] ctx=21328 burst=24/24 cum=11357/12540=0.906
1790278336246 [spec-acc] ctx=21360 burst=24/24 cum=11381/12564=0.906
1790278336429 [spec-acc] ctx=21392 burst=26/27 cum=11407/12591=0.906
1790278336593 [spec-acc] ctx=21427 burst=24/24 cum=11431/12615=0.906
1790278336756 [spec-acc] ctx=21459 burst=24/24 cum=11455/12639=0.906
1790278336918 [spec-acc] ctx=21491 burst=24/24 cum=11479/12663=0.906
1790278337080 [spec-acc] ctx=21523 burst=24/24 cum=11503/12687=0.907
1790278337243 [spec-acc] ctx=21555 burst=24/24 cum=11527/12711=0.907
1790278337405 [spec-acc] ctx=21587 burst=24/24 cum=11551/12735=0.907
1790278337568 [spec-acc] ctx=21619 burst=24/24 cum=11575/12759=0.907
1790278337730 [spec-acc] ctx=21651 burst=24/24 cum=11599/12783=0.907
1790278337895 [spec-acc] ctx=21683 burst=24/24 cum=11623/12807=0.908
1790278338059 [spec-acc] ctx=21715 burst=24/24 cum=11647/12831=0.908
1790278338222 [spec-acc] ctx=21747 burst=24/24 cum=11671/12855=0.908
1790278338385 [spec-acc] ctx=21779 burst=24/24 cum=11695/12879=0.908
1790278338569 [spec-acc] ctx=21811 burst=24/27 cum=11719/12906=0.908
1790278338732 [spec-acc] ctx=21844 burst=24/24 cum=11743/12930=0.908
1790278338898 [spec-acc] ctx=21876 burst=24/24 cum=11767/12954=0.908
1790278339061 [spec-acc] ctx=21908 burst=24/24 cum=11791/12978=0.909
1790278339224 [spec-acc] ctx=21940 burst=24/24 cum=11815/13002=0.909
1790278339388 [spec-acc] ctx=21972 burst=24/24 cum=11839/13026=0.909
1790278339552 [spec-acc] ctx=22004 burst=24/24 cum=11863/13050=0.909
1790278339715 [spec-acc] ctx=22036 burst=24/24 cum=11887/13074=0.909
1790278339881 [spec-acc] ctx=22068 burst=24/24 cum=11911/13098=0.909
1790278340065 [spec-acc] ctx=22100 burst=24/27 cum=11935/13125=0.909
1790278340229 [spec-acc] ctx=22133 burst=24/24 cum=11959/13149=0.909
1790278340393 [spec-acc] ctx=22165 burst=24/24 cum=11983/13173=0.910
1790278340579 [spec-acc] ctx=22197 burst=24/27 cum=12007/13200=0.910
1790278340764 [spec-acc] ctx=22230 burst=25/27 cum=12032/13227=0.910
1790278340928 [spec-acc] ctx=22264 burst=24/24 cum=12056/13251=0.910
1790278340928 [kv-vmm] ensure-walls n=256 us=2,2,2,4,2,2,2,2,3,2,2,2,2,2,2,2,3,2,2,2,3,2,2,2,2,3,2,2,2,3,2,2,2,2,2,3,4,3,3,7,2,2,3,3,3,4,3,4,3,2,2,2,2,2,3,2,2,3,3,3,2,3,3,2,4,2,2,2,2,9,3,2,2,2,2,2,2,2,2,2,2,2,2,3,2,3,2,2,2,2,2,2,2,2,3,2,2,2,2,9,4,3,2,2,2,3,3,2,2,2,2,2,4,2,2,3,2,2,2,2,4,2,3,2,3,2,2,2,2,2,3,3,3,2,3,2,2,2,2,2,3,2,2,3,4,4,3,2,2,3,2,2,2,2,7,2,2,4,2,7,3,2,2,4,2,2,2,2,2,2,2,2,4,2,4,3,2,2,2,2,4,2,2,3,2,2,2,2,2,2,2,2,2,2,5,2,2,2,2,2,2,2,3,2,2,2,2,3,2,3,2,3,2,2,2,2,1,3,6,2,2,2,3,2,2,2,2,2,2,4,3,2,2,2,3,3,2,2,7,2,3,2,2,3,2,2,3,2,2,2,3,3,2,2,2,2
1790278341092 [spec-acc] ctx=22296 burst=24/24 cum=12080/13275=0.910
1790278341258 [spec-acc] ctx=22328 burst=24/24 cum=12104/13299=0.910
1790278341443 [spec-acc] ctx=22360 burst=26/27 cum=12130/13326=0.910
1790278341608 [spec-acc] ctx=22395 burst=24/24 cum=12154/13350=0.910
1790278341772 [spec-acc] ctx=22427 burst=24/24 cum=12178/13374=0.911
1790278341937 [spec-acc] ctx=22459 burst=24/24 cum=12202/13398=0.911
1790278342104 [spec-acc] ctx=22491 burst=24/24 cum=12226/13422=0.911
1790278342268 [spec-acc] ctx=22523 burst=24/24 cum=12250/13446=0.911
1790278342432 [spec-acc] ctx=22555 burst=24/24 cum=12274/13470=0.911
1790278342619 [spec-acc] ctx=22587 burst=24/27 cum=12298/13497=0.911
1790278342784 [spec-acc] ctx=22620 burst=24/24 cum=12322/13521=0.911
1790278342949 [spec-acc] ctx=22652 burst=24/24 cum=12346/13545=0.911
1790278343114 [spec-acc] ctx=22684 burst=24/24 cum=12370/13569=0.912
1790278343281 [spec-acc] ctx=22716 burst=24/24 cum=12394/13593=0.912
1790278343446 [spec-acc] ctx=22748 burst=24/24 cum=12418/13617=0.912
1790278343611 [spec-acc] ctx=22780 burst=24/24 cum=12442/13641=0.912
1790278343776 [spec-acc] ctx=22812 burst=24/24 cum=12466/13665=0.912
1790278343947 [spec-acc] ctx=22844 burst=24/24 cum=12490/13689=0.912
1790278344112 [spec-acc] ctx=22876 burst=24/24 cum=12514/13713=0.913
1790278344298 [spec-acc] ctx=22908 burst=26/27 cum=12540/13740=0.913
1790278344468 [spec-acc] ctx=22943 burst=24/24 cum=12564/13764=0.913
1790278344633 [spec-acc] ctx=22975 burst=24/24 cum=12588/13788=0.913
1790278344798 [spec-acc] ctx=23007 burst=24/24 cum=12612/13812=0.913
1790278344968 [spec-acc] ctx=23039 burst=24/24 cum=12636/13836=0.913
1790278345134 [spec-acc] ctx=23071 burst=24/24 cum=12660/13860=0.913
1790278345300 [spec-acc] ctx=23103 burst=24/24 cum=12684/13884=0.914
1790278345468 [spec-acc] ctx=23135 burst=24/24 cum=12708/13908=0.914
1790278345634 [spec-acc] ctx=23167 burst=24/24 cum=12732/13932=0.914
1790278345799 [spec-acc] ctx=23199 burst=24/24 cum=12756/13956=0.914
1790278345968 [spec-acc] ctx=23231 burst=24/24 cum=12780/13980=0.914
1790278346134 [spec-acc] ctx=23263 burst=24/24 cum=12804/14004=0.914
1790278346300 [spec-acc] ctx=23295 burst=24/24 cum=12828/14028=0.914
1790278346489 [spec-acc] ctx=23327 burst=24/27 cum=12852/14055=0.914
1790278346655 [spec-acc] ctx=23360 burst=24/24 cum=12876/14079=0.915
1790278346821 [spec-acc] ctx=23392 burst=24/24 cum=12900/14103=0.915
1790278346989 [spec-acc] ctx=23424 burst=24/24 cum=12924/14127=0.915
1790278347155 [spec-acc] ctx=23456 burst=24/24 cum=12948/14151=0.915
1790278347318 [deadline] request chatcmpl-b78a11da5006f15f658ce46d736961a0 delivered PARTIAL: 17695 tokens in 90.0s of a 90000 ms deadline (prompt 5821); non-streaming caller advised to stream
1790278347321 [meter] admit id=chatcmpl-9abc67d44bcab0b00eda112321559394 tenant=default lane=interactive model="q9"
1790278347322 [spec-acc] ctx=23488 burst=24/24 cum=12972/14175=0.915
1790278347322 [abort] client disconnected: model "q9", prompt 5821 (0 cached, 23520 fed), 17699 generated — billed to abort point, 89.98s
1790278347322 [kv-vmm] retire id=chatcmpl-b78a11da5006f15f658ce46d736961a0 planes=20 mapped=503316480 reserved=1254096896 used=392861376 slack_bytes=1187840 booked=2758072776
1790278347323 [kv-vmm] ensure-walls n=37 us=2,4,3,2,3,3,2,3,2,2,3,3,3,3,2,2,2,2,2,2,2,2,6,2,2,3,2,2,3,3,2,3,3,2,2,3,2
1790278347330 [admission] per-session draft-state charge: model="q9" +44MB (measured capture high-water)
1790278347330 [admission] request cost: model="q9" ctx=65600 path=spec = 16704 B/token x ctx + 1505MB prefill-workspace + 114MB fixed = 2714MB
1790278347330 [admit-predict] id=chatcmpl-9abc67d44bcab0b00eda112321559394 tenant="" model="q9" verdict=admit reason=tenant-p95 prompt=5812 predicted_completion=4761 kv_hat=1838887944 booked_bytes=0 booked_real=0 inflight=0 cap=64 budget_bytes=12831671424 retry_after_s=- exempt=0 enforce=0 live_free_bytes=-
1790278347335 [worker] spec-affinity: declined (history diverged at 6 of checkpoint 5792; 2 parked, 5812 prompt tokens; model q9)
1790278347336 [spec-k] model="q9" tenant="" K=3 source=cold-long prompt=5812 cached=0 lcp=6 active=1 wave=1 placement=single-or-non-pp2
1790278347336 [kv-vmm] admit id=chatcmpl-9abc67d44bcab0b00eda112321559394 owed_before=0 session_mapped=146800640 session_reserved=1254096896 active=0
1790278347347 [kv-vmm] reap released=503316480 pending=0
1790278348309 [prime-yield] count=1 remaining=5 chunks=1 wall_ms=962.551 max_chunk_ms=962.551
1790278348742 [prime-yield] count=2 remaining=4 chunks=1 wall_ms=432.336 max_chunk_ms=432.336
1790278348797 [prime-yield] count=3 remaining=3 chunks=1 wall_ms=55.093 max_chunk_ms=55.093
1790278348856 [prime-yield] count=4 remaining=2 chunks=1 wall_ms=59.306 max_chunk_ms=59.306
1790278348883 [prime-yield] count=5 remaining=1 chunks=1 wall_ms=26.632 max_chunk_ms=26.632
1790278348895 [prefix-cache] insert (spec-boundary): 5728 tokens, 148.4MB (resident 2174.6MB / 2052MB, model q9)
1790278348895 [prefix-cache] evict (LRU): 3072 tokens, 104.0MB (model q9)
1790278348895 [prefix-cache] evict (LRU): 3136 tokens, 105.1MB (model q9)
1790278348895 [prefix-cache] insert (spec-boundary): 5792 tokens, 149.5MB (resident 2115.0MB / 2052MB, model q9)
1790278348895 [prefix-cache] evict (LRU): 3072 tokens, 104.0MB (model q9)
1790278349076 [spec-acc] ctx=5813 burst=22/30 cum=22/30=0.733
1790278349286 [spec-acc] ctx=5846 burst=21/36 cum=43/66=0.652
1790278349457 [spec-acc] ctx=5879 burst=23/30 cum=66/96=0.688
1790278349662 [spec-acc] ctx=5912 burst=22/36 cum=88/132=0.667
1790278349883 [spec-acc] ctx=5946 burst=19/39 cum=107/171=0.626
1790278350033 [spec-acc] ctx=5978 burst=24/27 cum=131/198=0.662
1790278350266 [spec-acc] ctx=6011 burst=18/42 cum=149/240=0.621
1790278350432 [spec-acc] ctx=6043 burst=23/30 cum=172/270=0.637
1790278350599 [spec-acc] ctx=6076 burst=25/30 cum=197/300=0.657
1790278350783 [spec-acc] ctx=6111 burst=23/33 cum=220/333=0.661
1790278351000 [spec-acc] ctx=6145 burst=21/39 cum=241/372=0.648
1790278351167 [spec-acc] ctx=6179 burst=22/30 cum=263/402=0.654
1790278351367 [spec-acc] ctx=6211 burst=21/36 cum=284/438=0.648
1790278351633 [spec-acc] ctx=6244 burst=18/48 cum=302/486=0.621
1790278351784 [spec-acc] ctx=6278 burst=23/27 cum=325/513=0.634
1790278352017 [spec-acc] ctx=6310 burst=20/42 cum=345/555=0.622
1790278352234 [spec-acc] ctx=6344 burst=19/39 cum=364/594=0.613
1790278352418 [spec-acc] ctx=6376 burst=21/33 cum=385/627=0.614
1790278352618 [spec-acc] ctx=6408 burst=21/36 cum=406/663=0.612
1790278352785 [spec-acc] ctx=6441 burst=25/30 cum=431/693=0.622
1790278353051 [spec-acc] ctx=6476 burst=16/48 cum=447/741=0.603
1790278353270 [spec-acc] ctx=6508 burst=20/39 cum=467/780=0.599
1790278353452 [spec-acc] ctx=6541 burst=23/33 cum=490/813=0.603
1790278353653 [spec-acc] ctx=6575 burst=23/36 cum=513/849=0.604
1790278353803 [spec-acc] ctx=6610 burst=24/27 cum=537/876=0.613
1790278353936 [spec-acc] ctx=6643 burst=24/24 cum=561/900=0.623
1790278354137 [spec-acc] ctx=6675 burst=20/36 cum=581/936=0.621
1790278354388 [spec-acc] ctx=6707 burst=17/45 cum=598/981=0.610
1790278354604 [spec-acc] ctx=6739 burst=21/39 cum=619/1020=0.607
1790278354754 [spec-acc] ctx=6773 burst=23/27 cum=642/1047=0.613
1790278354989 [spec-acc] ctx=6805 burst=19/42 cum=661/1089=0.607
1790278355189 [spec-acc] ctx=6838 burst=20/36 cum=681/1125=0.605
1790278355440 [spec-acc] ctx=6870 burst=20/45 cum=701/1170=0.599
1790278355590 [spec-acc] ctx=6905 burst=25/27 cum=726/1197=0.607
1790278355757 [spec-acc] ctx=6939 burst=25/30 cum=751/1227=0.612
1790278355908 [spec-acc] ctx=6974 burst=25/27 cum=776/1254=0.619
1790278356074 [spec-acc] ctx=7008 burst=25/30 cum=801/1284=0.624
1790278356241 [spec-acc] ctx=7043 burst=23/30 cum=824/1314=0.627
1790278356425 [spec-acc] ctx=7076 burst=23/33 cum=847/1347=0.629
1790278356592 [spec-acc] ctx=7110 burst=24/30 cum=871/1377=0.633
1790278356759 [spec-acc] ctx=7144 burst=25/30 cum=896/1407=0.637
1790278356926 [spec-acc] ctx=7179 burst=24/30 cum=920/1437=0.640
1790278357076 [spec-acc] ctx=7213 burst=25/27 cum=945/1464=0.645
1790278357294 [spec-acc] ctx=7247 burst=19/39 cum=964/1503=0.641
1790278357461 [spec-acc] ctx=7279 burst=22/30 cum=986/1533=0.643
1790278357645 [spec-acc] ctx=7311 burst=22/33 cum=1008/1566=0.644
1790278357829 [spec-acc] ctx=7344 burst=23/33 cum=1031/1599=0.645
1790278357980 [spec-acc] ctx=7378 burst=23/27 cum=1054/1626=0.648
1790278358130 [spec-acc] ctx=7410 burst=23/27 cum=1077/1653=0.652
1790278358366 [spec-acc] ctx=7442 burst=18/42 cum=1095/1695=0.646
1790278358567 [spec-acc] ctx=7474 burst=23/36 cum=1118/1731=0.646
1790278358718 [spec-acc] ctx=7509 burst=25/27 cum=1143/1758=0.650
1790278358903 [spec-acc] ctx=7543 burst=22/33 cum=1165/1791=0.650
1790278359070 [spec-acc] ctx=7576 burst=25/30 cum=1190/1821=0.653
1790278359221 [spec-acc] ctx=7611 burst=24/27 cum=1214/1848=0.657
1790278359425 [spec-acc] ctx=7644 burst=23/36 cum=1237/1884=0.657
1790278359628 [spec-acc] ctx=7679 burst=22/36 cum=1259/1920=0.656
1790278359813 [spec-acc] ctx=7713 burst=23/33 cum=1282/1953=0.656
1790278359981 [spec-acc] ctx=7747 burst=23/30 cum=1305/1983=0.658
1790278360167 [spec-acc] ctx=7780 burst=24/33 cum=1329/2016=0.659
1790278360336 [spec-acc] ctx=7815 burst=22/30 cum=1351/2046=0.660
1790278360590 [spec-acc] ctx=7847 burst=18/45 cum=1369/2091=0.655
1790278360798 [spec-acc] ctx=7880 burst=20/36 cum=1389/2127=0.653
1790278360984 [spec-acc] ctx=7912 burst=22/33 cum=1411/2160=0.653
1790278361222 [spec-acc] ctx=7945 burst=20/42 cum=1431/2202=0.650
1790278361459 [spec-acc] ctx=7979 burst=18/42 cum=1449/2244=0.646
1790278361617 [spec-acc] ctx=8011 burst=23/27 cum=1472/2271=0.648
1790278361787 [spec-acc] ctx=8043 burst=24/30 cum=1496/2301=0.650
1790278361922 [spec-acc] ctx=8077 burst=24/24 cum=1520/2325=0.654
1790278362166 [spec-acc] ctx=8109 burst=20/42 cum=1540/2367=0.651
1790278362387 [spec-acc] ctx=8143 burst=20/39 cum=1560/2406=0.648
1790278362541 [spec-acc] ctx=8176 burst=23/27 cum=1583/2433=0.651
1790278362733 [spec-acc] ctx=8208 burst=23/33 cum=1606/2466=0.651
1790278362954 [spec-acc] ctx=8242 burst=19/39 cum=1625/2505=0.649
1790278363125 [spec-acc] ctx=8274 burst=23/30 cum=1648/2535=0.650
1790278363281 [spec-acc] ctx=8307 burst=23/27 cum=1671/2562=0.652
1790278363451 [spec-acc] ctx=8339 burst=22/30 cum=1693/2592=0.653
1790278363622 [spec-acc] ctx=8371 burst=23/30 cum=1716/2622=0.654
1790278363775 [spec-acc] ctx=8404 burst=23/27 cum=1739/2649=0.656
1790278363931 [spec-acc] ctx=8436 burst=24/27 cum=1763/2676=0.659
1790278364103 [spec-acc] ctx=8469 burst=23/30 cum=1786/2706=0.660
1790278364291 [spec-acc] ctx=8502 burst=23/33 cum=1809/2739=0.660
1790278364444 [spec-acc] ctx=8536 burst=24/27 cum=1833/2766=0.663
1790278364599 [spec-acc] ctx=8569 burst=23/27 cum=1856/2793=0.665
1790278364752 [spec-acc] ctx=8601 burst=26/27 cum=1882/2820=0.667
1790278364923 [spec-acc] ctx=8636 burst=22/30 cum=1904/2850=0.668
1790278365060 [spec-acc] ctx=8668 burst=24/24 cum=1928/2874=0.671
1790278365233 [spec-acc] ctx=8700 burst=22/30 cum=1950/2904=0.671
1790278365422 [spec-acc] ctx=8732 burst=23/33 cum=1973/2937=0.672
1790278365576 [spec-acc] ctx=8766 burst=23/27 cum=1996/2964=0.673
1790278365764 [spec-acc] ctx=8798 burst=23/33 cum=2019/2997=0.674
1790278365937 [spec-acc] ctx=8832 burst=23/30 cum=2042/3027=0.675
1790278366092 [spec-acc] ctx=8865 burst=23/27 cum=2065/3054=0.676
1790278366284 [spec-acc] ctx=8897 burst=23/33 cum=2088/3087=0.676
1790278366438 [spec-acc] ctx=8931 burst=23/27 cum=2111/3114=0.678
1790278366627 [spec-acc] ctx=8963 burst=24/33 cum=2135/3147=0.678
1790278366799 [spec-acc] ctx=8998 burst=23/30 cum=2158/3177=0.679
1790278366971 [spec-acc] ctx=9031 burst=24/30 cum=2182/3207=0.680
1790278367109 [spec-acc] ctx=9065 burst=24/24 cum=2206/3231=0.683
1790278367333 [spec-acc] ctx=9097 burst=21/39 cum=2227/3270=0.681
1790278367506 [spec-acc] ctx=9131 burst=22/30 cum=2249/3300=0.682
1790278367713 [spec-acc] ctx=9163 burst=20/36 cum=2269/3336=0.680
1790278367852 [spec-acc] ctx=9195 burst=24/24 cum=2293/3360=0.682
1790278367990 [spec-acc] ctx=9227 burst=24/24 cum=2317/3384=0.685
1790278368145 [spec-acc] ctx=9259 burst=23/27 cum=2340/3411=0.686
1790278368286 [spec-acc] ctx=9291 burst=24/24 cum=2364/3435=0.688
1790278368458 [spec-acc] ctx=9323 burst=22/30 cum=2386/3465=0.689
1790278368631 [spec-acc] ctx=9355 burst=25/30 cum=2411/3495=0.690
1790278368805 [spec-acc] ctx=9390 burst=23/30 cum=2434/3525=0.690
1790278368978 [spec-acc] ctx=9423 burst=23/30 cum=2457/3555=0.691
1790278369150 [spec-acc] ctx=9456 burst=23/30 cum=2480/3585=0.692
1790278369290 [spec-acc] ctx=9489 burst=24/24 cum=2504/3609=0.694
1790278369463 [spec-acc] ctx=9521 burst=22/30 cum=2526/3639=0.694
1790278369463 [kv-vmm] retire id=chatcmpl-9abc67d44bcab0b00eda112321559394 planes=20 mapped=230686720 reserved=1254096896 used=159556608 slack_bytes=1187840 booked=2757925320
1790278369473 [kv-vmm] trim id=chatcmpl-9abc67d44bcab0b00eda112321559394 pool=spec keep_rows=9617 released=41943040
1790278369473 [kv-vmm] ensure-walls n=119 us=2,3,3,2,2,2,1,2,2,2,2,2,2,3,2,2,2,2,3,2,2,3,2,2,4,3,2,3,2,3,4,2,2,2,2,2,2,2,2,3,3,2,2,2,2,2,2,2,2,2,2,2,2,2,2,2,2,2,2,2,6,2,2,2,2,2,3,3,2,3,2,4,2,2,3,6,2,2,3,3,2,2,4,3,2,6,2,2,2,2,2,2,3,2,2,3,3,3,2,2,4,2,3,3,3,2,2,2,4,2,2,2,2,2,2,2,2,2,3
1790278369478 [kv-vmm] reap released=251658240 pending=0
1790278371547 [server] SIGTERM: draining (0 in flight, deadline 30s)
1790278371547 [server] drain complete in 0.0s; exiting
1790278371599 [server] GPU worker shutdown complete
