[server] build: memra-0.138.0-66fed542e59a (id: source-tree, git: e5167f577d9f)
[server] starting; models config = [("gate", "/data/models/kernel-oracles/Qwen3.5-9B-NVFP4-MTP-GGUF.gguf", None)]
[gpu-watch] Xid source: /dev/kmsg
[worker-affinity] off (MEMRA_WORKER_CPUSET / MEMRA_WORKER_AFFINITY unset or =0)
[gpu-watch] on: every 60s, probe deadline 10s, fatal after 3 consecutive misses (MEMRA_GPU_PROBE_MISSES), fatal Xid [48, 64, 79, 94, 95, 119, 120]
[worker] Engine ready (device=0, MEMRA_FAST=true)
[spec-gate] policy placement=single-or-non-pp2 LOW=64 HIGH=65 source=env-resolved spec-admission=on
[spec-k] automatic table: prompt<1024 -> K=3; cold-long -> K=3; prompt>= 1024 and cached>= 1024 -> K=2 (K=5 when the loaded MTP head is rank-trimmed)
[worker] loading model "gate" <- /data/models/kernel-oracles/Qwen3.5-9B-NVFP4-MTP-GGUF.gguf
[tensor-contract] bound 668 semantic tensors (pack qwen35, Gguf, output head Separate); every census tensor is claimed and every required tensor is present with its declared shape and storage
[q8rp] split-plane decode mirrors built: 92 tensors
[worker]   loaded "gate": 33 layers, eos=248046, stop=[248046]
[worker] gate: template caps tools=true think=true think_switch=true chat_ok=true effort_levels=false qwen_effort=false gemma_think=false dsv4=false glm5=false ctx=262144 tok="qwen35" instruct=Some("chatml") chat_defaults=None/None
[route-contract] model="gate" route=hybrid-worker capacity=5 sessions implemented=[capacity,occupancy,progress,fault-ownership,shutdown-ownership,memory-cost,rewrite-qualification,prime-fairness,service-metrics] refused=[]
[worker] gate: decode wave cap 16; scheduler tick cap 16 (exact-16 tier)
[prefix-cache] on: budget 7890MB (7890010112 B, derived: 2 x 3945005056 B max entry for model "gate" at served ctx 262144 (from checkpoint; MEMRA_CTX unset), requested 7890010112 B; boot driver free 94420795392 B, post-reserve clamp 92810182656 B), policy plain-LRU (global oldest unleased entry first; leases untouchable), min prefix 64 tokens, immediate partial restore=off (rollback) (transformer-only; hybrid mid-entry + routed-MoE N/A)
[admission] "gate": plain 14848 B/token, spec 16704 B/token; fixed residual learns from effective-free deltas
[prime-walk] model="gate" route=mtp supported=true yield_door=true [gdn_dspark_compatible=true mtp_head_loaded=true no_hyper_connections=true no_pipeline_cuts=true]
[fa-pool] grow #0 dev=0 o_len 0 -> 266240 ml_len 0 -> 1040 (retired kept, zero=false)
[func] CAPTURE-TIME kernel lookup (not warmed): embed_gather_u32
[func] CAPTURE-TIME kernel lookup (not warmed): qmatvec_q8_0_mmvq
[func] CAPTURE-TIME kernel lookup (not warmed): inc_i32
[fa-pool] grow #1 dev=0 o_len 266240 -> 532480 ml_len 1040 -> 2080 (retired kept, zero=false)
[func] CAPTURE-TIME kernel lookup (not warmed): fa_decode_vec_q_v4_deep_dc
[func] CAPTURE-TIME kernel lookup (not warmed): fa_decode_combine_f32
[func] CAPTURE-TIME kernel lookup (not warmed): memra_sctr_inc
[func] CAPTURE-TIME kernel lookup (not warmed): gumbel_perturb_filtered_ctr_f32
[spec] draft-session state high-water: 41MB (max of parked delta 41MB and capture-time pool peak 9MB; charged per spec admission and gating future captures)
[prime-chunk] phase=mtp-trunk rows=4096 wall_ms=475.293
[prime-finalize] walker=memra_engine::spec::prime::MtpPrimeWalker<'_> wall_ms=0.002 success=true
[fa-pool] grow #2 dev=0 o_len 532480 -> 1064960 ml_len 2080 -> 4160 (retired kept, zero=false)
[device-trim] reason=calibration-complete {"device":0,"reclaimed_bytes":1442840576,"still_owned_bytes":8327347072,"pool_reserved_bytes":8455716864,"pool_cached_bytes":128369792,"driver_free_bytes":92541747200,"synchronization_errors":[]}
[admit-cal] post-probe pool trim: released 1376MB cached back to the driver
[admit-cal] boot calibration done: model="gate" route=mtp transient floor 1536MB (static was 1536MB; measured 1266MB; probe kv charge 67MB, draft-state 41MB, drafted 48 accepted 47; [dev0 peak-mapped 9440MB rest-mapped 8064MB charged 109MB -> 1266MB]; 0.7s)
[admit-mem] door=OFF open_output_tokens=8192 defer_budget_ms=8000 (admission charges prompt+output, the reclaim flush demotes to the host tier before dropping, and a memory defer past the budget refuses 429 instead of queueing past the client's deadline)
[server] worker ready; serving models: ["gate"]
[server] listening on http://127.0.0.1:18521
[meter] admit id=cmpl-4fd93fd798ec3623b8105eeb40c2d314 tenant=default lane=interactive model="gate"
[admission] per-session draft-state charge: model="gate" +44MB (measured capture high-water)
[admission] request cost: model="gate" ctx=1986 path=spec = 16704 B/token x ctx + 692MB prefill-workspace + 0MB fixed = 726MB
[spec-k] model="gate" tenant="" K=3 source=cold-long prompt=1921 cached=0 lcp=0 active=1 wave=1 placement=single-or-non-pp2
[admission] fixed residual high-water: model="gate" 107MB (observed 139MB at ctx 1930 path=spec)
[prime-chunk] phase=mtp-trunk rows=1921 wall_ms=245.339
[prime-finalize] walker=memra_server::prime_observation::ObservedPrime<'_, memra_engine::spec::prime::MtpPrimeWalker<'_>> wall_ms=0.001 success=true
[tick-spec] seq=1 slot=0 trace=- start_ms=0.002 gap_ms=0.002 wall_ms=246.452 generated=0->1 rounds=0 drafted=0 accepted=0 k=3
[tick] act=1 int=1 priming=0 ready=0 spec=1 demoted=0 spec_calls=1 spec_ms=246.5 prefill_single_calls=0 prefill_single_tokens=0 prefill_batch_calls=0 prefill_batch_tokens=0 prefill_ms=0.0 decode_ms=0.0
[meter] admit id=cmpl-3c59adcd5bdb40d9ff1afa24a9d93186 tenant=default lane=interactive model="gate"
[admission] per-session draft-state charge: model="gate" +44MB (measured capture high-water)
[admission] request cost: model="gate" ctx=2230 path=spec = 16704 B/token x ctx + 780MB prefill-workspace + 107MB fixed = 924MB
[worker] spec-affinity: declined (history diverged at 0 of checkpoint 1921; 1 parked, 2165 prompt tokens; model gate)
[spec-k] model="gate" tenant="" K=3 source=cold-long prompt=2165 cached=0 lcp=0 active=1 wave=1 placement=single-or-non-pp2
[admission] fixed residual high-water: model="gate" 107MB (observed 143MB at ctx 2174 path=spec)
[prime-chunk] phase=mtp-trunk rows=2165 wall_ms=292.610
[prime-finalize] walker=memra_server::prime_observation::ObservedPrime<'_, memra_engine::spec::prime::MtpPrimeWalker<'_>> wall_ms=0.001 success=true
[tick-spec] seq=1 slot=0 trace=- start_ms=0.001 gap_ms=0.001 wall_ms=293.654 generated=0->1 rounds=0 drafted=0 accepted=0 k=3
[tick] act=1 int=1 priming=0 ready=0 spec=1 demoted=0 spec_calls=1 spec_ms=293.7 prefill_single_calls=0 prefill_single_tokens=0 prefill_batch_calls=0 prefill_batch_tokens=0 prefill_ms=0.0 decode_ms=0.0
[meter] admit id=cmpl-7761353e4e4e91e74b54bfb37ce11494 tenant=default lane=interactive model="gate"
[admission] per-session draft-state charge: model="gate" +44MB (measured capture high-water)
[admission] request cost: model="gate" ctx=2230 path=spec = 16704 B/token x ctx + 780MB prefill-workspace + 107MB fixed = 925MB
[worker] spec-affinity: declined (history diverged at 0 of checkpoint 1921; 2 parked, 2165 prompt tokens; model gate)
[spec-k] model="gate" tenant="" K=3 source=cold-long prompt=2165 cached=0 lcp=0 active=1 wave=1 placement=single-or-non-pp2
[prime-chunk] phase=mtp-trunk rows=2165 wall_ms=291.158
[prime-finalize] walker=memra_server::prime_observation::ObservedPrime<'_, memra_engine::spec::prime::MtpPrimeWalker<'_>> wall_ms=0.001 success=true
[tick-spec] seq=1 slot=0 trace=- start_ms=0.001 gap_ms=0.001 wall_ms=292.213 generated=0->1 rounds=0 drafted=0 accepted=0 k=3
[tick] act=1 int=1 priming=0 ready=0 spec=1 demoted=0 spec_calls=1 spec_ms=292.2 prefill_single_calls=0 prefill_single_tokens=0 prefill_batch_calls=0 prefill_batch_tokens=0 prefill_ms=0.0 decode_ms=0.0
[meter] admit id=cmpl-c4fdd435b85a7c4cc257db15c9154167 tenant=default lane=interactive model="gate"
[admission] per-session draft-state charge: model="gate" +44MB (measured capture high-water)
[admission] request cost: model="gate" ctx=135559 path=spec = 16704 B/token x ctx + 3629MB prefill-workspace + 107MB fixed = 6001MB
[worker] spec-affinity: declined (history diverged at 4 of checkpoint 2165; 2 parked, 135494 prompt tokens; model gate)
[spec-k] model="gate" tenant="" K=3 source=cold-long prompt=135494 cached=0 lcp=0 active=1 wave=1 placement=single-or-non-pp2
[admission] fixed residual high-water: model="gate" 355MB (observed 2618MB at ctx 135503 path=spec)
[prime-chunk] phase=mtp-trunk rows=4096 wall_ms=328.633
[prime-yield] count=1 remaining=68 chunks=1 wall_ms=328.633 max_chunk_ms=328.633
[tick-spec] seq=1 slot=0 trace=- start_ms=0.002 gap_ms=0.002 wall_ms=331.236 generated=0->0 rounds=0 drafted=0 accepted=0 k=3
[tick] act=1 int=1 priming=1 ready=0 spec=1 demoted=0 spec_calls=1 spec_ms=331.2 prefill_single_calls=0 prefill_single_tokens=0 prefill_batch_calls=0 prefill_batch_tokens=0 prefill_ms=0.0 decode_ms=0.0
[prime-chunk] phase=mtp-trunk rows=4096 wall_ms=341.683
[prime-yield] count=2 remaining=67 chunks=1 wall_ms=341.683 max_chunk_ms=341.683
[tick-spec] seq=1 slot=0 trace=- start_ms=0.002 gap_ms=0.002 wall_ms=341.888 generated=0->0 rounds=0 drafted=0 accepted=0 k=3
[tick] act=1 int=1 priming=1 ready=0 spec=1 demoted=0 spec_calls=1 spec_ms=341.9 prefill_single_calls=0 prefill_single_tokens=0 prefill_batch_calls=0 prefill_batch_tokens=0 prefill_ms=0.0 decode_ms=0.0
[prime-chunk] phase=mtp-trunk rows=4096 wall_ms=356.227
[prime-yield] count=3 remaining=66 chunks=1 wall_ms=356.227 max_chunk_ms=356.227
[tick-spec] seq=1 slot=0 trace=- start_ms=0.001 gap_ms=0.001 wall_ms=356.414 generated=0->0 rounds=0 drafted=0 accepted=0 k=3
[tick] act=1 int=1 priming=1 ready=0 spec=1 demoted=0 spec_calls=1 spec_ms=356.4 prefill_single_calls=0 prefill_single_tokens=0 prefill_batch_calls=0 prefill_batch_tokens=0 prefill_ms=0.0 decode_ms=0.0
[prime-chunk] phase=mtp-trunk rows=4096 wall_ms=368.115
[prime-yield] count=4 remaining=65 chunks=1 wall_ms=368.115 max_chunk_ms=368.115
[tick-spec] seq=1 slot=0 trace=- start_ms=0.001 gap_ms=0.001 wall_ms=368.300 generated=0->0 rounds=0 drafted=0 accepted=0 k=3
[tick] act=1 int=1 priming=1 ready=0 spec=1 demoted=0 spec_calls=1 spec_ms=368.3 prefill_single_calls=0 prefill_single_tokens=0 prefill_batch_calls=0 prefill_batch_tokens=0 prefill_ms=0.0 decode_ms=0.0
[prime-chunk] phase=mtp-trunk rows=4096 wall_ms=381.894
[prime-yield] count=5 remaining=64 chunks=1 wall_ms=381.894 max_chunk_ms=381.894
[tick-spec] seq=1 slot=0 trace=- start_ms=0.001 gap_ms=0.001 wall_ms=382.079 generated=0->0 rounds=0 drafted=0 accepted=0 k=3
[tick] act=1 int=1 priming=1 ready=0 spec=1 demoted=0 spec_calls=1 spec_ms=382.1 prefill_single_calls=0 prefill_single_tokens=0 prefill_batch_calls=0 prefill_batch_tokens=0 prefill_ms=0.0 decode_ms=0.0
[prime-chunk] phase=mtp-trunk rows=4096 wall_ms=396.072
[prime-yield] count=6 remaining=63 chunks=1 wall_ms=396.072 max_chunk_ms=396.072
[tick-spec] seq=1 slot=0 trace=- start_ms=0.000 gap_ms=0.000 wall_ms=396.259 generated=0->0 rounds=0 drafted=0 accepted=0 k=3
[tick] act=1 int=1 priming=1 ready=0 spec=1 demoted=0 spec_calls=1 spec_ms=396.3 prefill_single_calls=0 prefill_single_tokens=0 prefill_batch_calls=0 prefill_batch_tokens=0 prefill_ms=0.0 decode_ms=0.0
[prime-chunk] phase=mtp-trunk rows=4096 wall_ms=408.315
[prime-yield] count=7 remaining=62 chunks=1 wall_ms=408.315 max_chunk_ms=408.315
[tick-spec] seq=1 slot=0 trace=- start_ms=0.000 gap_ms=0.000 wall_ms=408.516 generated=0->0 rounds=0 drafted=0 accepted=0 k=3
[tick] act=1 int=1 priming=1 ready=0 spec=1 demoted=0 spec_calls=1 spec_ms=408.5 prefill_single_calls=0 prefill_single_tokens=0 prefill_batch_calls=0 prefill_batch_tokens=0 prefill_ms=0.0 decode_ms=0.0
[prime-chunk] phase=mtp-trunk rows=4096 wall_ms=421.679
[prime-yield] count=8 remaining=61 chunks=1 wall_ms=421.679 max_chunk_ms=421.679
[tick-spec] seq=1 slot=0 trace=- start_ms=0.000 gap_ms=0.000 wall_ms=421.862 generated=0->0 rounds=0 drafted=0 accepted=0 k=3
[tick] act=1 int=1 priming=1 ready=0 spec=1 demoted=0 spec_calls=1 spec_ms=421.9 prefill_single_calls=0 prefill_single_tokens=0 prefill_batch_calls=0 prefill_batch_tokens=0 prefill_ms=0.0 decode_ms=0.0
[prime-chunk] phase=mtp-trunk rows=4096 wall_ms=434.944
[prime-yield] count=9 remaining=60 chunks=1 wall_ms=434.944 max_chunk_ms=434.944
[tick-spec] seq=1 slot=0 trace=- start_ms=0.000 gap_ms=0.000 wall_ms=435.123 generated=0->0 rounds=0 drafted=0 accepted=0 k=3
[tick] act=1 int=1 priming=1 ready=0 spec=1 demoted=0 spec_calls=1 spec_ms=435.1 prefill_single_calls=0 prefill_single_tokens=0 prefill_batch_calls=0 prefill_batch_tokens=0 prefill_ms=0.0 decode_ms=0.0
[prime-chunk] phase=mtp-trunk rows=4096 wall_ms=449.439
[prime-yield] count=10 remaining=59 chunks=1 wall_ms=449.439 max_chunk_ms=449.439
[tick-spec] seq=1 slot=0 trace=- start_ms=0.000 gap_ms=0.000 wall_ms=449.631 generated=0->0 rounds=0 drafted=0 accepted=0 k=3
[tick] act=1 int=1 priming=1 ready=0 spec=1 demoted=0 spec_calls=1 spec_ms=449.6 prefill_single_calls=0 prefill_single_tokens=0 prefill_batch_calls=0 prefill_batch_tokens=0 prefill_ms=0.0 decode_ms=0.0
[prime-chunk] phase=mtp-trunk rows=4096 wall_ms=461.821
[prime-yield] count=11 remaining=58 chunks=1 wall_ms=461.821 max_chunk_ms=461.821
[tick-spec] seq=1 slot=0 trace=- start_ms=0.000 gap_ms=0.000 wall_ms=462.005 generated=0->0 rounds=0 drafted=0 accepted=0 k=3
[tick] act=1 int=1 priming=1 ready=0 spec=1 demoted=0 spec_calls=1 spec_ms=462.0 prefill_single_calls=0 prefill_single_tokens=0 prefill_batch_calls=0 prefill_batch_tokens=0 prefill_ms=0.0 decode_ms=0.0
[prime-chunk] phase=mtp-trunk rows=4096 wall_ms=475.968
[prime-yield] count=12 remaining=57 chunks=1 wall_ms=475.968 max_chunk_ms=475.968
[tick-spec] seq=1 slot=0 trace=- start_ms=0.000 gap_ms=0.000 wall_ms=476.150 generated=0->0 rounds=0 drafted=0 accepted=0 k=3
[tick] act=1 int=1 priming=1 ready=0 spec=1 demoted=0 spec_calls=1 spec_ms=476.2 prefill_single_calls=0 prefill_single_tokens=0 prefill_batch_calls=0 prefill_batch_tokens=0 prefill_ms=0.0 decode_ms=0.0
[prime-chunk] phase=mtp-trunk rows=4096 wall_ms=488.993
[prime-yield] count=13 remaining=56 chunks=1 wall_ms=488.993 max_chunk_ms=488.993
[tick-spec] seq=1 slot=0 trace=- start_ms=0.000 gap_ms=0.000 wall_ms=489.176 generated=0->0 rounds=0 drafted=0 accepted=0 k=3
[tick] act=1 int=1 priming=1 ready=0 spec=1 demoted=0 spec_calls=1 spec_ms=489.2 prefill_single_calls=0 prefill_single_tokens=0 prefill_batch_calls=0 prefill_batch_tokens=0 prefill_ms=0.0 decode_ms=0.0
[prime-chunk] phase=mtp-trunk rows=4096 wall_ms=502.757
[prime-yield] count=14 remaining=55 chunks=1 wall_ms=502.757 max_chunk_ms=502.757
[tick-spec] seq=1 slot=0 trace=- start_ms=0.000 gap_ms=0.000 wall_ms=502.942 generated=0->0 rounds=0 drafted=0 accepted=0 k=3
[tick] act=1 int=1 priming=1 ready=0 spec=1 demoted=0 spec_calls=1 spec_ms=502.9 prefill_single_calls=0 prefill_single_tokens=0 prefill_batch_calls=0 prefill_batch_tokens=0 prefill_ms=0.0 decode_ms=0.0
[prime-chunk] phase=mtp-trunk rows=4096 wall_ms=516.022
[prime-yield] count=15 remaining=54 chunks=1 wall_ms=516.022 max_chunk_ms=516.022
[tick-spec] seq=1 slot=0 trace=- start_ms=0.000 gap_ms=0.000 wall_ms=516.210 generated=0->0 rounds=0 drafted=0 accepted=0 k=3
[tick] act=1 int=1 priming=1 ready=0 spec=1 demoted=0 spec_calls=1 spec_ms=516.2 prefill_single_calls=0 prefill_single_tokens=0 prefill_batch_calls=0 prefill_batch_tokens=0 prefill_ms=0.0 decode_ms=0.0
[prime-chunk] phase=mtp-trunk rows=4096 wall_ms=528.323
[prime-yield] count=16 remaining=53 chunks=1 wall_ms=528.323 max_chunk_ms=528.323
[tick-spec] seq=1 slot=0 trace=- start_ms=0.001 gap_ms=0.001 wall_ms=528.507 generated=0->0 rounds=0 drafted=0 accepted=0 k=3
[tick] act=1 int=1 priming=1 ready=0 spec=1 demoted=0 spec_calls=1 spec_ms=528.5 prefill_single_calls=0 prefill_single_tokens=0 prefill_batch_calls=0 prefill_batch_tokens=0 prefill_ms=0.0 decode_ms=0.0
[prime-chunk] phase=mtp-trunk rows=4096 wall_ms=542.757
[prime-yield] count=17 remaining=52 chunks=1 wall_ms=542.757 max_chunk_ms=542.757
[tick-spec] seq=1 slot=0 trace=- start_ms=0.000 gap_ms=0.000 wall_ms=542.941 generated=0->0 rounds=0 drafted=0 accepted=0 k=3
[tick] act=1 int=1 priming=1 ready=0 spec=1 demoted=0 spec_calls=1 spec_ms=542.9 prefill_single_calls=0 prefill_single_tokens=0 prefill_batch_calls=0 prefill_batch_tokens=0 prefill_ms=0.0 decode_ms=0.0
[prime-chunk] phase=mtp-trunk rows=4096 wall_ms=555.106
[prime-yield] count=18 remaining=51 chunks=1 wall_ms=555.106 max_chunk_ms=555.106
[tick-spec] seq=1 slot=0 trace=- start_ms=0.000 gap_ms=0.000 wall_ms=555.308 generated=0->0 rounds=0 drafted=0 accepted=0 k=3
[tick] act=1 int=1 priming=1 ready=0 spec=1 demoted=0 spec_calls=1 spec_ms=555.3 prefill_single_calls=0 prefill_single_tokens=0 prefill_batch_calls=0 prefill_batch_tokens=0 prefill_ms=0.0 decode_ms=0.0
[prime-chunk] phase=mtp-trunk rows=4096 wall_ms=568.900
[prime-yield] count=19 remaining=50 chunks=1 wall_ms=568.900 max_chunk_ms=568.900
[tick-spec] seq=1 slot=0 trace=- start_ms=0.000 gap_ms=0.000 wall_ms=569.085 generated=0->0 rounds=0 drafted=0 accepted=0 k=3
[tick] act=1 int=1 priming=1 ready=0 spec=1 demoted=0 spec_calls=1 spec_ms=569.1 prefill_single_calls=0 prefill_single_tokens=0 prefill_batch_calls=0 prefill_batch_tokens=0 prefill_ms=0.0 decode_ms=0.0
[prime-chunk] phase=mtp-trunk rows=4096 wall_ms=582.841
[prime-yield] count=20 remaining=49 chunks=1 wall_ms=582.841 max_chunk_ms=582.841
[tick-spec] seq=1 slot=0 trace=- start_ms=0.000 gap_ms=0.000 wall_ms=583.035 generated=0->0 rounds=0 drafted=0 accepted=0 k=3
[tick] act=1 int=1 priming=1 ready=0 spec=1 demoted=0 spec_calls=1 spec_ms=583.0 prefill_single_calls=0 prefill_single_tokens=0 prefill_batch_calls=0 prefill_batch_tokens=0 prefill_ms=0.0 decode_ms=0.0
[prime-chunk] phase=mtp-trunk rows=4096 wall_ms=595.114
[prime-yield] count=21 remaining=48 chunks=1 wall_ms=595.114 max_chunk_ms=595.114
[tick-spec] seq=1 slot=0 trace=- start_ms=0.000 gap_ms=0.000 wall_ms=595.315 generated=0->0 rounds=0 drafted=0 accepted=0 k=3
[tick] act=1 int=1 priming=1 ready=0 spec=1 demoted=0 spec_calls=1 spec_ms=595.3 prefill_single_calls=0 prefill_single_tokens=0 prefill_batch_calls=0 prefill_batch_tokens=0 prefill_ms=0.0 decode_ms=0.0
[prime-chunk] phase=mtp-trunk rows=4096 wall_ms=609.518
[prime-yield] count=22 remaining=47 chunks=1 wall_ms=609.518 max_chunk_ms=609.518
[tick-spec] seq=1 slot=0 trace=- start_ms=0.000 gap_ms=0.000 wall_ms=609.713 generated=0->0 rounds=0 drafted=0 accepted=0 k=3
[tick] act=1 int=1 priming=1 ready=0 spec=1 demoted=0 spec_calls=1 spec_ms=609.7 prefill_single_calls=0 prefill_single_tokens=0 prefill_batch_calls=0 prefill_batch_tokens=0 prefill_ms=0.0 decode_ms=0.0
[prime-chunk] phase=mtp-trunk rows=4096 wall_ms=622.743
[prime-yield] count=23 remaining=46 chunks=1 wall_ms=622.743 max_chunk_ms=622.743
[tick-spec] seq=1 slot=0 trace=- start_ms=0.000 gap_ms=0.000 wall_ms=622.933 generated=0->0 rounds=0 drafted=0 accepted=0 k=3
[tick] act=1 int=1 priming=1 ready=0 spec=1 demoted=0 spec_calls=1 spec_ms=622.9 prefill_single_calls=0 prefill_single_tokens=0 prefill_batch_calls=0 prefill_batch_tokens=0 prefill_ms=0.0 decode_ms=0.0
[prime-chunk] phase=mtp-trunk rows=4096 wall_ms=636.077
[prime-yield] count=24 remaining=45 chunks=1 wall_ms=636.077 max_chunk_ms=636.077
[tick-spec] seq=1 slot=0 trace=- start_ms=0.000 gap_ms=0.000 wall_ms=636.266 generated=0->0 rounds=0 drafted=0 accepted=0 k=3
[tick] act=1 int=1 priming=1 ready=0 spec=1 demoted=0 spec_calls=1 spec_ms=636.3 prefill_single_calls=0 prefill_single_tokens=0 prefill_batch_calls=0 prefill_batch_tokens=0 prefill_ms=0.0 decode_ms=0.0
[prime-chunk] phase=mtp-trunk rows=4096 wall_ms=649.420
[prime-yield] count=25 remaining=44 chunks=1 wall_ms=649.420 max_chunk_ms=649.420
[tick-spec] seq=1 slot=0 trace=- start_ms=0.000 gap_ms=0.000 wall_ms=649.603 generated=0->0 rounds=0 drafted=0 accepted=0 k=3
[tick] act=1 int=1 priming=1 ready=0 spec=1 demoted=0 spec_calls=1 spec_ms=649.6 prefill_single_calls=0 prefill_single_tokens=0 prefill_batch_calls=0 prefill_batch_tokens=0 prefill_ms=0.0 decode_ms=0.0
[prime-chunk] phase=mtp-trunk rows=4096 wall_ms=661.659
[prime-yield] count=26 remaining=43 chunks=1 wall_ms=661.659 max_chunk_ms=661.659
[tick-spec] seq=1 slot=0 trace=- start_ms=0.000 gap_ms=0.000 wall_ms=661.846 generated=0->0 rounds=0 drafted=0 accepted=0 k=3
[tick] act=1 int=1 priming=1 ready=0 spec=1 demoted=0 spec_calls=1 spec_ms=661.9 prefill_single_calls=0 prefill_single_tokens=0 prefill_batch_calls=0 prefill_batch_tokens=0 prefill_ms=0.0 decode_ms=0.0
[prime-chunk] phase=mtp-trunk rows=4096 wall_ms=700.260
[prime-yield] count=27 remaining=42 chunks=1 wall_ms=700.260 max_chunk_ms=700.260
[tick-spec] seq=1 slot=0 trace=- start_ms=0.000 gap_ms=0.000 wall_ms=700.452 generated=0->0 rounds=0 drafted=0 accepted=0 k=3
[tick] act=1 int=1 priming=1 ready=0 spec=1 demoted=0 spec_calls=1 spec_ms=700.5 prefill_single_calls=0 prefill_single_tokens=0 prefill_batch_calls=0 prefill_batch_tokens=0 prefill_ms=0.0 decode_ms=0.0
[prime-chunk] phase=mtp-trunk rows=4096 wall_ms=688.558
[prime-yield] count=28 remaining=41 chunks=1 wall_ms=688.558 max_chunk_ms=688.558
[tick-spec] seq=1 slot=0 trace=- start_ms=0.000 gap_ms=0.000 wall_ms=688.748 generated=0->0 rounds=0 drafted=0 accepted=0 k=3
[tick] act=1 int=1 priming=1 ready=0 spec=1 demoted=0 spec_calls=1 spec_ms=688.8 prefill_single_calls=0 prefill_single_tokens=0 prefill_batch_calls=0 prefill_batch_tokens=0 prefill_ms=0.0 decode_ms=0.0
[prime-chunk] phase=mtp-trunk rows=4096 wall_ms=701.721
[prime-yield] count=29 remaining=40 chunks=1 wall_ms=701.721 max_chunk_ms=701.721
[tick-spec] seq=1 slot=0 trace=- start_ms=0.000 gap_ms=0.000 wall_ms=701.915 generated=0->0 rounds=0 drafted=0 accepted=0 k=3
[tick] act=1 int=1 priming=1 ready=0 spec=1 demoted=0 spec_calls=1 spec_ms=701.9 prefill_single_calls=0 prefill_single_tokens=0 prefill_batch_calls=0 prefill_batch_tokens=0 prefill_ms=0.0 decode_ms=0.0
[prime-chunk] phase=mtp-trunk rows=4096 wall_ms=714.989
[prime-yield] count=30 remaining=39 chunks=1 wall_ms=714.989 max_chunk_ms=714.989
[tick-spec] seq=1 slot=0 trace=- start_ms=0.000 gap_ms=0.000 wall_ms=715.178 generated=0->0 rounds=0 drafted=0 accepted=0 k=3
[tick] act=1 int=1 priming=1 ready=0 spec=1 demoted=0 spec_calls=1 spec_ms=715.2 prefill_single_calls=0 prefill_single_tokens=0 prefill_batch_calls=0 prefill_batch_tokens=0 prefill_ms=0.0 decode_ms=0.0
[prime-chunk] phase=mtp-trunk rows=4096 wall_ms=729.510
[prime-yield] count=31 remaining=38 chunks=1 wall_ms=729.510 max_chunk_ms=729.510
[tick-spec] seq=1 slot=0 trace=- start_ms=0.000 gap_ms=0.000 wall_ms=729.700 generated=0->0 rounds=0 drafted=0 accepted=0 k=3
[tick] act=1 int=1 priming=1 ready=0 spec=1 demoted=0 spec_calls=1 spec_ms=729.7 prefill_single_calls=0 prefill_single_tokens=0 prefill_batch_calls=0 prefill_batch_tokens=0 prefill_ms=0.0 decode_ms=0.0
[prime-chunk] phase=mtp-trunk rows=4096 wall_ms=741.771
[prime-yield] count=32 remaining=37 chunks=1 wall_ms=741.771 max_chunk_ms=741.771
[tick-spec] seq=1 slot=0 trace=- start_ms=0.000 gap_ms=0.000 wall_ms=741.957 generated=0->0 rounds=0 drafted=0 accepted=0 k=3
[tick] act=1 int=1 priming=1 ready=0 spec=1 demoted=0 spec_calls=1 spec_ms=742.0 prefill_single_calls=0 prefill_single_tokens=0 prefill_batch_calls=0 prefill_batch_tokens=0 prefill_ms=0.0 decode_ms=0.0
[prime-chunk] phase=mtp-trunk rows=4096 wall_ms=756.083
[prime-yield] count=33 remaining=36 chunks=1 wall_ms=756.083 max_chunk_ms=756.083
[tick-spec] seq=1 slot=0 trace=- start_ms=0.000 gap_ms=0.000 wall_ms=756.271 generated=0->0 rounds=0 drafted=0 accepted=0 k=3
[tick] act=1 int=1 priming=1 ready=0 spec=1 demoted=0 spec_calls=1 spec_ms=756.3 prefill_single_calls=0 prefill_single_tokens=0 prefill_batch_calls=0 prefill_batch_tokens=0 prefill_ms=0.0 decode_ms=0.0
[prime-chunk] phase=mtp-trunk rows=288 wall_ms=122.102
[prime-yield] count=34 remaining=35 chunks=1 wall_ms=122.102 max_chunk_ms=122.102
[tick-spec] seq=1 slot=0 trace=- start_ms=0.000 gap_ms=0.000 wall_ms=122.287 generated=0->0 rounds=0 drafted=0 accepted=0 k=3
[tick] act=1 int=1 priming=1 ready=0 spec=1 demoted=0 spec_calls=1 spec_ms=122.3 prefill_single_calls=0 prefill_single_tokens=0 prefill_batch_calls=0 prefill_batch_tokens=0 prefill_ms=0.0 decode_ms=0.0
[fa-pool] grow #3 dev=0 o_len 1064960 -> 4337664 ml_len 4160 -> 16944 (retired kept, zero=false)
[prime-chunk] phase=mtp-trunk rows=38 wall_ms=126.597
[prime-yield] count=35 remaining=34 chunks=1 wall_ms=126.597 max_chunk_ms=126.597
[tick-spec] seq=1 slot=0 trace=- start_ms=0.000 gap_ms=0.000 wall_ms=126.777 generated=0->0 rounds=0 drafted=0 accepted=0 k=3
[tick] act=1 int=1 priming=1 ready=0 spec=1 demoted=0 spec_calls=1 spec_ms=126.8 prefill_single_calls=0 prefill_single_tokens=0 prefill_batch_calls=0 prefill_batch_tokens=0 prefill_ms=0.0 decode_ms=0.0
[prime-chunk] phase=mtp-draft-fill rows=4096 wall_ms=88.148
[prime-yield] count=36 remaining=33 chunks=1 wall_ms=88.148 max_chunk_ms=88.148
[tick-spec] seq=1 slot=0 trace=- start_ms=0.000 gap_ms=0.000 wall_ms=88.330 generated=0->0 rounds=0 drafted=0 accepted=0 k=3
[tick] act=1 int=1 priming=1 ready=0 spec=1 demoted=0 spec_calls=1 spec_ms=88.3 prefill_single_calls=0 prefill_single_tokens=0 prefill_batch_calls=0 prefill_batch_tokens=0 prefill_ms=0.0 decode_ms=0.0
[prime-chunk] phase=mtp-draft-fill rows=4096 wall_ms=88.252
[prime-yield] count=37 remaining=32 chunks=1 wall_ms=88.252 max_chunk_ms=88.252
[tick-spec] seq=1 slot=0 trace=- start_ms=0.000 gap_ms=0.000 wall_ms=88.429 generated=0->0 rounds=0 drafted=0 accepted=0 k=3
[tick] act=1 int=1 priming=1 ready=0 spec=1 demoted=0 spec_calls=1 spec_ms=88.4 prefill_single_calls=0 prefill_single_tokens=0 prefill_batch_calls=0 prefill_batch_tokens=0 prefill_ms=0.0 decode_ms=0.0
[prime-chunk] phase=mtp-draft-fill rows=4096 wall_ms=88.244
[prime-yield] count=38 remaining=31 chunks=1 wall_ms=88.244 max_chunk_ms=88.244
[tick-spec] seq=1 slot=0 trace=- start_ms=0.000 gap_ms=0.000 wall_ms=88.433 generated=0->0 rounds=0 drafted=0 accepted=0 k=3
[tick] act=1 int=1 priming=1 ready=0 spec=1 demoted=0 spec_calls=1 spec_ms=88.4 prefill_single_calls=0 prefill_single_tokens=0 prefill_batch_calls=0 prefill_batch_tokens=0 prefill_ms=0.0 decode_ms=0.0
[prime-chunk] phase=mtp-draft-fill rows=4096 wall_ms=87.705
[prime-yield] count=39 remaining=30 chunks=1 wall_ms=87.705 max_chunk_ms=87.705
[tick-spec] seq=1 slot=0 trace=- start_ms=0.000 gap_ms=0.000 wall_ms=87.881 generated=0->0 rounds=0 drafted=0 accepted=0 k=3
[tick] act=1 int=1 priming=1 ready=0 spec=1 demoted=0 spec_calls=1 spec_ms=87.9 prefill_single_calls=0 prefill_single_tokens=0 prefill_batch_calls=0 prefill_batch_tokens=0 prefill_ms=0.0 decode_ms=0.0
[prime-chunk] phase=mtp-draft-fill rows=4096 wall_ms=87.815
[prime-yield] count=40 remaining=29 chunks=1 wall_ms=87.815 max_chunk_ms=87.815
[tick-spec] seq=1 slot=0 trace=- start_ms=0.000 gap_ms=0.000 wall_ms=87.990 generated=0->0 rounds=0 drafted=0 accepted=0 k=3
[tick] act=1 int=1 priming=1 ready=0 spec=1 demoted=0 spec_calls=1 spec_ms=88.0 prefill_single_calls=0 prefill_single_tokens=0 prefill_batch_calls=0 prefill_batch_tokens=0 prefill_ms=0.0 decode_ms=0.0
[prime-chunk] phase=mtp-draft-fill rows=4096 wall_ms=87.959
[prime-yield] count=41 remaining=28 chunks=1 wall_ms=87.959 max_chunk_ms=87.959
[tick-spec] seq=1 slot=0 trace=- start_ms=0.000 gap_ms=0.000 wall_ms=88.133 generated=0->0 rounds=0 drafted=0 accepted=0 k=3
[tick] act=1 int=1 priming=1 ready=0 spec=1 demoted=0 spec_calls=1 spec_ms=88.1 prefill_single_calls=0 prefill_single_tokens=0 prefill_batch_calls=0 prefill_batch_tokens=0 prefill_ms=0.0 decode_ms=0.0
[prime-chunk] phase=mtp-draft-fill rows=4096 wall_ms=87.694
[prime-yield] count=42 remaining=27 chunks=1 wall_ms=87.694 max_chunk_ms=87.694
[tick-spec] seq=1 slot=0 trace=- start_ms=0.000 gap_ms=0.000 wall_ms=87.869 generated=0->0 rounds=0 drafted=0 accepted=0 k=3
[tick] act=1 int=1 priming=1 ready=0 spec=1 demoted=0 spec_calls=1 spec_ms=87.9 prefill_single_calls=0 prefill_single_tokens=0 prefill_batch_calls=0 prefill_batch_tokens=0 prefill_ms=0.0 decode_ms=0.0
[prime-chunk] phase=mtp-draft-fill rows=4096 wall_ms=87.860
[prime-yield] count=43 remaining=26 chunks=1 wall_ms=87.860 max_chunk_ms=87.860
[tick-spec] seq=1 slot=0 trace=- start_ms=0.000 gap_ms=0.000 wall_ms=88.035 generated=0->0 rounds=0 drafted=0 accepted=0 k=3
[tick] act=1 int=1 priming=1 ready=0 spec=1 demoted=0 spec_calls=1 spec_ms=88.0 prefill_single_calls=0 prefill_single_tokens=0 prefill_batch_calls=0 prefill_batch_tokens=0 prefill_ms=0.0 decode_ms=0.0
[prime-chunk] phase=mtp-draft-fill rows=4096 wall_ms=88.563
[prime-yield] count=44 remaining=25 chunks=1 wall_ms=88.563 max_chunk_ms=88.563
[tick-spec] seq=1 slot=0 trace=- start_ms=0.000 gap_ms=0.000 wall_ms=88.751 generated=0->0 rounds=0 drafted=0 accepted=0 k=3
[tick] act=1 int=1 priming=1 ready=0 spec=1 demoted=0 spec_calls=1 spec_ms=88.8 prefill_single_calls=0 prefill_single_tokens=0 prefill_batch_calls=0 prefill_batch_tokens=0 prefill_ms=0.0 decode_ms=0.0
[prime-chunk] phase=mtp-draft-fill rows=4096 wall_ms=88.904
[prime-yield] count=45 remaining=24 chunks=1 wall_ms=88.904 max_chunk_ms=88.904
[tick-spec] seq=1 slot=0 trace=- start_ms=0.000 gap_ms=0.000 wall_ms=89.078 generated=0->0 rounds=0 drafted=0 accepted=0 k=3
[tick] act=1 int=1 priming=1 ready=0 spec=1 demoted=0 spec_calls=1 spec_ms=89.1 prefill_single_calls=0 prefill_single_tokens=0 prefill_batch_calls=0 prefill_batch_tokens=0 prefill_ms=0.0 decode_ms=0.0
[prime-chunk] phase=mtp-draft-fill rows=4096 wall_ms=87.880
[prime-yield] count=46 remaining=23 chunks=1 wall_ms=87.880 max_chunk_ms=87.880
[tick-spec] seq=1 slot=0 trace=- start_ms=0.000 gap_ms=0.000 wall_ms=88.054 generated=0->0 rounds=0 drafted=0 accepted=0 k=3
[tick] act=1 int=1 priming=1 ready=0 spec=1 demoted=0 spec_calls=1 spec_ms=88.1 prefill_single_calls=0 prefill_single_tokens=0 prefill_batch_calls=0 prefill_batch_tokens=0 prefill_ms=0.0 decode_ms=0.0
[prime-chunk] phase=mtp-draft-fill rows=4096 wall_ms=87.841
[prime-yield] count=47 remaining=22 chunks=1 wall_ms=87.841 max_chunk_ms=87.841
[tick-spec] seq=1 slot=0 trace=- start_ms=0.000 gap_ms=0.000 wall_ms=88.015 generated=0->0 rounds=0 drafted=0 accepted=0 k=3
[tick] act=1 int=1 priming=1 ready=0 spec=1 demoted=0 spec_calls=1 spec_ms=88.0 prefill_single_calls=0 prefill_single_tokens=0 prefill_batch_calls=0 prefill_batch_tokens=0 prefill_ms=0.0 decode_ms=0.0
[prime-chunk] phase=mtp-draft-fill rows=4096 wall_ms=88.010
[prime-yield] count=48 remaining=21 chunks=1 wall_ms=88.010 max_chunk_ms=88.010
[tick-spec] seq=1 slot=0 trace=- start_ms=0.000 gap_ms=0.000 wall_ms=88.184 generated=0->0 rounds=0 drafted=0 accepted=0 k=3
[tick] act=1 int=1 priming=1 ready=0 spec=1 demoted=0 spec_calls=1 spec_ms=88.2 prefill_single_calls=0 prefill_single_tokens=0 prefill_batch_calls=0 prefill_batch_tokens=0 prefill_ms=0.0 decode_ms=0.0
[prime-chunk] phase=mtp-draft-fill rows=4096 wall_ms=87.819
[prime-yield] count=49 remaining=20 chunks=1 wall_ms=87.819 max_chunk_ms=87.819
[tick-spec] seq=1 slot=0 trace=- start_ms=0.000 gap_ms=0.000 wall_ms=87.994 generated=0->0 rounds=0 drafted=0 accepted=0 k=3
[tick] act=1 int=1 priming=1 ready=0 spec=1 demoted=0 spec_calls=1 spec_ms=88.0 prefill_single_calls=0 prefill_single_tokens=0 prefill_batch_calls=0 prefill_batch_tokens=0 prefill_ms=0.0 decode_ms=0.0
[prime-chunk] phase=mtp-draft-fill rows=4096 wall_ms=87.782
[prime-yield] count=50 remaining=19 chunks=1 wall_ms=87.782 max_chunk_ms=87.782
[tick-spec] seq=1 slot=0 trace=- start_ms=0.000 gap_ms=0.000 wall_ms=87.956 generated=0->0 rounds=0 drafted=0 accepted=0 k=3
[tick] act=1 int=1 priming=1 ready=0 spec=1 demoted=0 spec_calls=1 spec_ms=88.0 prefill_single_calls=0 prefill_single_tokens=0 prefill_batch_calls=0 prefill_batch_tokens=0 prefill_ms=0.0 decode_ms=0.0
[prime-chunk] phase=mtp-draft-fill rows=4096 wall_ms=88.086
[prime-yield] count=51 remaining=18 chunks=1 wall_ms=88.086 max_chunk_ms=88.086
[tick-spec] seq=1 slot=0 trace=- start_ms=0.000 gap_ms=0.000 wall_ms=88.260 generated=0->0 rounds=0 drafted=0 accepted=0 k=3
[tick] act=1 int=1 priming=1 ready=0 spec=1 demoted=0 spec_calls=1 spec_ms=88.3 prefill_single_calls=0 prefill_single_tokens=0 prefill_batch_calls=0 prefill_batch_tokens=0 prefill_ms=0.0 decode_ms=0.0
[prime-chunk] phase=mtp-draft-fill rows=4096 wall_ms=87.748
[prime-yield] count=52 remaining=17 chunks=1 wall_ms=87.748 max_chunk_ms=87.748
[tick-spec] seq=1 slot=0 trace=- start_ms=0.000 gap_ms=0.000 wall_ms=87.923 generated=0->0 rounds=0 drafted=0 accepted=0 k=3
[tick] act=1 int=1 priming=1 ready=0 spec=1 demoted=0 spec_calls=1 spec_ms=87.9 prefill_single_calls=0 prefill_single_tokens=0 prefill_batch_calls=0 prefill_batch_tokens=0 prefill_ms=0.0 decode_ms=0.0
[prime-chunk] phase=mtp-draft-fill rows=4096 wall_ms=87.805
[prime-yield] count=53 remaining=16 chunks=1 wall_ms=87.805 max_chunk_ms=87.805
[tick-spec] seq=1 slot=0 trace=- start_ms=0.000 gap_ms=0.000 wall_ms=87.989 generated=0->0 rounds=0 drafted=0 accepted=0 k=3
[tick] act=1 int=1 priming=1 ready=0 spec=1 demoted=0 spec_calls=1 spec_ms=88.0 prefill_single_calls=0 prefill_single_tokens=0 prefill_batch_calls=0 prefill_batch_tokens=0 prefill_ms=0.0 decode_ms=0.0
[prime-chunk] phase=mtp-draft-fill rows=4096 wall_ms=87.917
[prime-yield] count=54 remaining=15 chunks=1 wall_ms=87.917 max_chunk_ms=87.917
[tick-spec] seq=1 slot=0 trace=- start_ms=0.000 gap_ms=0.000 wall_ms=88.090 generated=0->0 rounds=0 drafted=0 accepted=0 k=3
[tick] act=1 int=1 priming=1 ready=0 spec=1 demoted=0 spec_calls=1 spec_ms=88.1 prefill_single_calls=0 prefill_single_tokens=0 prefill_batch_calls=0 prefill_batch_tokens=0 prefill_ms=0.0 decode_ms=0.0
[prime-chunk] phase=mtp-draft-fill rows=4096 wall_ms=87.797
[prime-yield] count=55 remaining=14 chunks=1 wall_ms=87.797 max_chunk_ms=87.797
[tick-spec] seq=1 slot=0 trace=- start_ms=0.000 gap_ms=0.000 wall_ms=87.980 generated=0->0 rounds=0 drafted=0 accepted=0 k=3
[tick] act=1 int=1 priming=1 ready=0 spec=1 demoted=0 spec_calls=1 spec_ms=88.0 prefill_single_calls=0 prefill_single_tokens=0 prefill_batch_calls=0 prefill_batch_tokens=0 prefill_ms=0.0 decode_ms=0.0
[prime-chunk] phase=mtp-draft-fill rows=4096 wall_ms=87.915
[prime-yield] count=56 remaining=13 chunks=1 wall_ms=87.915 max_chunk_ms=87.915
[tick-spec] seq=1 slot=0 trace=- start_ms=0.000 gap_ms=0.000 wall_ms=88.095 generated=0->0 rounds=0 drafted=0 accepted=0 k=3
[tick] act=1 int=1 priming=1 ready=0 spec=1 demoted=0 spec_calls=1 spec_ms=88.1 prefill_single_calls=0 prefill_single_tokens=0 prefill_batch_calls=0 prefill_batch_tokens=0 prefill_ms=0.0 decode_ms=0.0
[prime-chunk] phase=mtp-draft-fill rows=4096 wall_ms=89.026
[prime-yield] count=57 remaining=12 chunks=1 wall_ms=89.026 max_chunk_ms=89.026
[tick-spec] seq=1 slot=0 trace=- start_ms=0.000 gap_ms=0.000 wall_ms=89.211 generated=0->0 rounds=0 drafted=0 accepted=0 k=3
[tick] act=1 int=1 priming=1 ready=0 spec=1 demoted=0 spec_calls=1 spec_ms=89.2 prefill_single_calls=0 prefill_single_tokens=0 prefill_batch_calls=0 prefill_batch_tokens=0 prefill_ms=0.0 decode_ms=0.0
[prime-chunk] phase=mtp-draft-fill rows=4096 wall_ms=87.868
[prime-yield] count=58 remaining=11 chunks=1 wall_ms=87.868 max_chunk_ms=87.868
[tick-spec] seq=1 slot=0 trace=- start_ms=0.000 gap_ms=0.000 wall_ms=88.044 generated=0->0 rounds=0 drafted=0 accepted=0 k=3
[tick] act=1 int=1 priming=1 ready=0 spec=1 demoted=0 spec_calls=1 spec_ms=88.1 prefill_single_calls=0 prefill_single_tokens=0 prefill_batch_calls=0 prefill_batch_tokens=0 prefill_ms=0.0 decode_ms=0.0
[prime-chunk] phase=mtp-draft-fill rows=4096 wall_ms=88.351
[prime-yield] count=59 remaining=10 chunks=1 wall_ms=88.351 max_chunk_ms=88.351
[tick-spec] seq=1 slot=0 trace=- start_ms=0.000 gap_ms=0.000 wall_ms=88.525 generated=0->0 rounds=0 drafted=0 accepted=0 k=3
[tick] act=1 int=1 priming=1 ready=0 spec=1 demoted=0 spec_calls=1 spec_ms=88.5 prefill_single_calls=0 prefill_single_tokens=0 prefill_batch_calls=0 prefill_batch_tokens=0 prefill_ms=0.0 decode_ms=0.0
[prime-chunk] phase=mtp-draft-fill rows=4096 wall_ms=88.216
[prime-yield] count=60 remaining=9 chunks=1 wall_ms=88.216 max_chunk_ms=88.216
[tick-spec] seq=1 slot=0 trace=- start_ms=0.000 gap_ms=0.000 wall_ms=88.392 generated=0->0 rounds=0 drafted=0 accepted=0 k=3
[tick] act=1 int=1 priming=1 ready=0 spec=1 demoted=0 spec_calls=1 spec_ms=88.4 prefill_single_calls=0 prefill_single_tokens=0 prefill_batch_calls=0 prefill_batch_tokens=0 prefill_ms=0.0 decode_ms=0.0
[prime-chunk] phase=mtp-draft-fill rows=4096 wall_ms=87.849
[prime-yield] count=61 remaining=8 chunks=1 wall_ms=87.849 max_chunk_ms=87.849
[tick-spec] seq=1 slot=0 trace=- start_ms=0.000 gap_ms=0.000 wall_ms=88.023 generated=0->0 rounds=0 drafted=0 accepted=0 k=3
[tick] act=1 int=1 priming=1 ready=0 spec=1 demoted=0 spec_calls=1 spec_ms=88.0 prefill_single_calls=0 prefill_single_tokens=0 prefill_batch_calls=0 prefill_batch_tokens=0 prefill_ms=0.0 decode_ms=0.0
[prime-chunk] phase=mtp-draft-fill rows=4096 wall_ms=87.900
[prime-yield] count=62 remaining=7 chunks=1 wall_ms=87.900 max_chunk_ms=87.900
[tick-spec] seq=1 slot=0 trace=- start_ms=0.000 gap_ms=0.000 wall_ms=88.076 generated=0->0 rounds=0 drafted=0 accepted=0 k=3
[tick] act=1 int=1 priming=1 ready=0 spec=1 demoted=0 spec_calls=1 spec_ms=88.1 prefill_single_calls=0 prefill_single_tokens=0 prefill_batch_calls=0 prefill_batch_tokens=0 prefill_ms=0.0 decode_ms=0.0
[prime-chunk] phase=mtp-draft-fill rows=4096 wall_ms=87.808
[prime-yield] count=63 remaining=6 chunks=1 wall_ms=87.808 max_chunk_ms=87.808
[tick-spec] seq=1 slot=0 trace=- start_ms=0.000 gap_ms=0.000 wall_ms=87.982 generated=0->0 rounds=0 drafted=0 accepted=0 k=3
[tick] act=1 int=1 priming=1 ready=0 spec=1 demoted=0 spec_calls=1 spec_ms=88.0 prefill_single_calls=0 prefill_single_tokens=0 prefill_batch_calls=0 prefill_batch_tokens=0 prefill_ms=0.0 decode_ms=0.0
[prime-chunk] phase=mtp-draft-fill rows=4096 wall_ms=87.842
[prime-yield] count=64 remaining=5 chunks=1 wall_ms=87.842 max_chunk_ms=87.842
[tick-spec] seq=1 slot=0 trace=- start_ms=0.000 gap_ms=0.000 wall_ms=88.026 generated=0->0 rounds=0 drafted=0 accepted=0 k=3
[tick] act=1 int=1 priming=1 ready=0 spec=1 demoted=0 spec_calls=1 spec_ms=88.0 prefill_single_calls=0 prefill_single_tokens=0 prefill_batch_calls=0 prefill_batch_tokens=0 prefill_ms=0.0 decode_ms=0.0
[prime-chunk] phase=mtp-draft-fill rows=4096 wall_ms=87.861
[prime-yield] count=65 remaining=4 chunks=1 wall_ms=87.861 max_chunk_ms=87.861
[tick-spec] seq=1 slot=0 trace=- start_ms=0.000 gap_ms=0.000 wall_ms=88.042 generated=0->0 rounds=0 drafted=0 accepted=0 k=3
[tick] act=1 int=1 priming=1 ready=0 spec=1 demoted=0 spec_calls=1 spec_ms=88.0 prefill_single_calls=0 prefill_single_tokens=0 prefill_batch_calls=0 prefill_batch_tokens=0 prefill_ms=0.0 decode_ms=0.0
[prime-chunk] phase=mtp-draft-fill rows=4096 wall_ms=87.786
[prime-yield] count=66 remaining=3 chunks=1 wall_ms=87.786 max_chunk_ms=87.786
[tick-spec] seq=1 slot=0 trace=- start_ms=0.000 gap_ms=0.000 wall_ms=87.964 generated=0->0 rounds=0 drafted=0 accepted=0 k=3
[tick] act=1 int=1 priming=1 ready=0 spec=1 demoted=0 spec_calls=1 spec_ms=88.0 prefill_single_calls=0 prefill_single_tokens=0 prefill_batch_calls=0 prefill_batch_tokens=0 prefill_ms=0.0 decode_ms=0.0
[prime-chunk] phase=mtp-draft-fill rows=4096 wall_ms=88.210
[prime-yield] count=67 remaining=2 chunks=1 wall_ms=88.210 max_chunk_ms=88.210
[tick-spec] seq=1 slot=0 trace=- start_ms=0.000 gap_ms=0.000 wall_ms=88.384 generated=0->0 rounds=0 drafted=0 accepted=0 k=3
[tick] act=1 int=1 priming=1 ready=0 spec=1 demoted=0 spec_calls=1 spec_ms=88.4 prefill_single_calls=0 prefill_single_tokens=0 prefill_batch_calls=0 prefill_batch_tokens=0 prefill_ms=0.0 decode_ms=0.0
[prime-chunk] phase=mtp-draft-fill rows=4096 wall_ms=88.858
[prime-yield] count=68 remaining=1 chunks=1 wall_ms=88.858 max_chunk_ms=88.858
[tick-spec] seq=1 slot=0 trace=- start_ms=0.000 gap_ms=0.000 wall_ms=89.039 generated=0->0 rounds=0 drafted=0 accepted=0 k=3
[tick] act=1 int=1 priming=1 ready=0 spec=1 demoted=0 spec_calls=1 spec_ms=89.0 prefill_single_calls=0 prefill_single_tokens=0 prefill_batch_calls=0 prefill_batch_tokens=0 prefill_ms=0.0 decode_ms=0.0
[prime-chunk] phase=mtp-draft-fill rows=326 wall_ms=7.102
[prime-finalize] walker=memra_server::prime_observation::ObservedPrime<'_, memra_engine::spec::prime::MtpPrimeWalker<'_>> wall_ms=0.001 success=true
[tick-spec] seq=1 slot=0 trace=- start_ms=0.000 gap_ms=0.000 wall_ms=8.648 generated=0->1 rounds=0 drafted=0 accepted=0 k=3
[tick] act=1 int=1 priming=0 ready=0 spec=1 demoted=0 spec_calls=1 spec_ms=8.7 prefill_single_calls=0 prefill_single_tokens=0 prefill_batch_calls=0 prefill_batch_tokens=0 prefill_ms=0.0 decode_ms=0.0
[meter] admit id=cmpl-b5d061b88a0306755cd4feeb4eb4d606 tenant=default lane=interactive model="gate"
[admission] per-session draft-state charge: model="gate" +44MB (measured capture high-water)
[admission] request cost: model="gate" ctx=32880 path=spec = 16704 B/token x ctx + 1947MB prefill-workspace + 355MB fixed = 2851MB
[worker] spec-affinity: declined (history diverged at 4 of checkpoint 2165; 2 parked, 32815 prompt tokens; model gate)
[spec-k] model="gate" tenant="" K=3 source=cold-long prompt=32815 cached=0 lcp=0 active=1 wave=1 placement=single-or-non-pp2
[prime-chunk] phase=mtp-trunk rows=4096 wall_ms=329.419
[prime-yield] count=1 remaining=17 chunks=1 wall_ms=329.419 max_chunk_ms=329.419
[tick-spec] seq=1 slot=0 trace=- start_ms=0.000 gap_ms=0.000 wall_ms=329.504 generated=0->0 rounds=0 drafted=0 accepted=0 k=3
[tick] act=1 int=1 priming=1 ready=0 spec=1 demoted=0 spec_calls=1 spec_ms=329.5 prefill_single_calls=0 prefill_single_tokens=0 prefill_batch_calls=0 prefill_batch_tokens=0 prefill_ms=0.0 decode_ms=0.0
[prime-chunk] phase=mtp-trunk rows=4096 wall_ms=341.813
[prime-yield] count=2 remaining=16 chunks=1 wall_ms=341.813 max_chunk_ms=341.813
[tick-spec] seq=1 slot=0 trace=- start_ms=0.000 gap_ms=0.000 wall_ms=341.871 generated=0->0 rounds=0 drafted=0 accepted=0 k=3
[tick] act=1 int=1 priming=1 ready=0 spec=1 demoted=0 spec_calls=1 spec_ms=341.9 prefill_single_calls=0 prefill_single_tokens=0 prefill_batch_calls=0 prefill_batch_tokens=0 prefill_ms=0.0 decode_ms=0.0
[prime-chunk] phase=mtp-trunk rows=4096 wall_ms=356.233
[prime-yield] count=3 remaining=15 chunks=1 wall_ms=356.233 max_chunk_ms=356.233
[tick-spec] seq=1 slot=0 trace=- start_ms=0.000 gap_ms=0.000 wall_ms=356.294 generated=0->0 rounds=0 drafted=0 accepted=0 k=3
[tick] act=1 int=1 priming=1 ready=0 spec=1 demoted=0 spec_calls=1 spec_ms=356.3 prefill_single_calls=0 prefill_single_tokens=0 prefill_batch_calls=0 prefill_batch_tokens=0 prefill_ms=0.0 decode_ms=0.0
[prime-chunk] phase=mtp-trunk rows=4096 wall_ms=369.624
[prime-yield] count=4 remaining=14 chunks=1 wall_ms=369.624 max_chunk_ms=369.624
[tick-spec] seq=1 slot=0 trace=- start_ms=0.000 gap_ms=0.000 wall_ms=369.680 generated=0->0 rounds=0 drafted=0 accepted=0 k=3
[tick] act=1 int=1 priming=1 ready=0 spec=1 demoted=0 spec_calls=1 spec_ms=369.7 prefill_single_calls=0 prefill_single_tokens=0 prefill_batch_calls=0 prefill_batch_tokens=0 prefill_ms=0.0 decode_ms=0.0
[prime-chunk] phase=mtp-trunk rows=4096 wall_ms=382.932
[prime-yield] count=5 remaining=13 chunks=1 wall_ms=382.932 max_chunk_ms=382.932
[tick-spec] seq=1 slot=0 trace=- start_ms=0.000 gap_ms=0.000 wall_ms=382.988 generated=0->0 rounds=0 drafted=0 accepted=0 k=3
[tick] act=1 int=1 priming=1 ready=0 spec=1 demoted=0 spec_calls=1 spec_ms=383.0 prefill_single_calls=0 prefill_single_tokens=0 prefill_batch_calls=0 prefill_batch_tokens=0 prefill_ms=0.0 decode_ms=0.0
[prime-chunk] phase=mtp-trunk rows=4096 wall_ms=395.149
[prime-yield] count=6 remaining=12 chunks=1 wall_ms=395.149 max_chunk_ms=395.149
[tick-spec] seq=1 slot=0 trace=- start_ms=0.000 gap_ms=0.000 wall_ms=395.204 generated=0->0 rounds=0 drafted=0 accepted=0 k=3
[tick] act=1 int=1 priming=1 ready=0 spec=1 demoted=0 spec_calls=1 spec_ms=395.2 prefill_single_calls=0 prefill_single_tokens=0 prefill_batch_calls=0 prefill_batch_tokens=0 prefill_ms=0.0 decode_ms=0.0
[prime-chunk] phase=mtp-trunk rows=4096 wall_ms=408.474
[prime-yield] count=7 remaining=11 chunks=1 wall_ms=408.474 max_chunk_ms=408.474
[tick-spec] seq=1 slot=0 trace=- start_ms=0.000 gap_ms=0.000 wall_ms=408.530 generated=0->0 rounds=0 drafted=0 accepted=0 k=3
[tick] act=1 int=1 priming=1 ready=0 spec=1 demoted=0 spec_calls=1 spec_ms=408.5 prefill_single_calls=0 prefill_single_tokens=0 prefill_batch_calls=0 prefill_batch_tokens=0 prefill_ms=0.0 decode_ms=0.0
[prime-chunk] phase=mtp-trunk rows=4096 wall_ms=423.573
[prime-yield] count=8 remaining=10 chunks=1 wall_ms=423.573 max_chunk_ms=423.573
[tick-spec] seq=1 slot=0 trace=- start_ms=0.000 gap_ms=0.000 wall_ms=423.632 generated=0->0 rounds=0 drafted=0 accepted=0 k=3
[tick] act=1 int=1 priming=1 ready=0 spec=1 demoted=0 spec_calls=1 spec_ms=423.6 prefill_single_calls=0 prefill_single_tokens=0 prefill_batch_calls=0 prefill_batch_tokens=0 prefill_ms=0.0 decode_ms=0.0
[prime-chunk] phase=mtp-trunk rows=47 wall_ms=61.413
[prime-yield] count=9 remaining=9 chunks=1 wall_ms=61.413 max_chunk_ms=61.413
[tick-spec] seq=1 slot=0 trace=- start_ms=0.000 gap_ms=0.000 wall_ms=61.482 generated=0->0 rounds=0 drafted=0 accepted=0 k=3
[tick] act=1 int=1 priming=1 ready=0 spec=1 demoted=0 spec_calls=1 spec_ms=61.5 prefill_single_calls=0 prefill_single_tokens=0 prefill_batch_calls=0 prefill_batch_tokens=0 prefill_ms=0.0 decode_ms=0.0
[prime-chunk] phase=mtp-draft-fill rows=4096 wall_ms=88.609
[prime-yield] count=10 remaining=8 chunks=1 wall_ms=88.609 max_chunk_ms=88.609
[tick-spec] seq=1 slot=0 trace=- start_ms=0.000 gap_ms=0.000 wall_ms=88.664 generated=0->0 rounds=0 drafted=0 accepted=0 k=3
[tick] act=1 int=1 priming=1 ready=0 spec=1 demoted=0 spec_calls=1 spec_ms=88.7 prefill_single_calls=0 prefill_single_tokens=0 prefill_batch_calls=0 prefill_batch_tokens=0 prefill_ms=0.0 decode_ms=0.0
[prime-chunk] phase=mtp-draft-fill rows=4096 wall_ms=88.280
[prime-yield] count=11 remaining=7 chunks=1 wall_ms=88.280 max_chunk_ms=88.280
[tick-spec] seq=1 slot=0 trace=- start_ms=0.000 gap_ms=0.000 wall_ms=88.340 generated=0->0 rounds=0 drafted=0 accepted=0 k=3
[tick] act=1 int=1 priming=1 ready=0 spec=1 demoted=0 spec_calls=1 spec_ms=88.3 prefill_single_calls=0 prefill_single_tokens=0 prefill_batch_calls=0 prefill_batch_tokens=0 prefill_ms=0.0 decode_ms=0.0
[prime-chunk] phase=mtp-draft-fill rows=4096 wall_ms=87.792
[prime-yield] count=12 remaining=6 chunks=1 wall_ms=87.792 max_chunk_ms=87.792
[tick-spec] seq=1 slot=0 trace=- start_ms=0.000 gap_ms=0.000 wall_ms=87.844 generated=0->0 rounds=0 drafted=0 accepted=0 k=3
[tick] act=1 int=1 priming=1 ready=0 spec=1 demoted=0 spec_calls=1 spec_ms=87.9 prefill_single_calls=0 prefill_single_tokens=0 prefill_batch_calls=0 prefill_batch_tokens=0 prefill_ms=0.0 decode_ms=0.0
[prime-chunk] phase=mtp-draft-fill rows=4096 wall_ms=87.914
[prime-yield] count=13 remaining=5 chunks=1 wall_ms=87.914 max_chunk_ms=87.914
[tick-spec] seq=1 slot=0 trace=- start_ms=0.000 gap_ms=0.000 wall_ms=87.964 generated=0->0 rounds=0 drafted=0 accepted=0 k=3
[tick] act=1 int=1 priming=1 ready=0 spec=1 demoted=0 spec_calls=1 spec_ms=88.0 prefill_single_calls=0 prefill_single_tokens=0 prefill_batch_calls=0 prefill_batch_tokens=0 prefill_ms=0.0 decode_ms=0.0
[prime-chunk] phase=mtp-draft-fill rows=4096 wall_ms=87.915
[prime-yield] count=14 remaining=4 chunks=1 wall_ms=87.915 max_chunk_ms=87.915
[tick-spec] seq=1 slot=0 trace=- start_ms=0.000 gap_ms=0.000 wall_ms=87.965 generated=0->0 rounds=0 drafted=0 accepted=0 k=3
[tick] act=1 int=1 priming=1 ready=0 spec=1 demoted=0 spec_calls=1 spec_ms=88.0 prefill_single_calls=0 prefill_single_tokens=0 prefill_batch_calls=0 prefill_batch_tokens=0 prefill_ms=0.0 decode_ms=0.0
[prime-chunk] phase=mtp-draft-fill rows=4096 wall_ms=88.150
[prime-yield] count=15 remaining=3 chunks=1 wall_ms=88.150 max_chunk_ms=88.150
[tick-spec] seq=1 slot=0 trace=- start_ms=0.000 gap_ms=0.000 wall_ms=88.210 generated=0->0 rounds=0 drafted=0 accepted=0 k=3
[tick] act=1 int=1 priming=1 ready=0 spec=1 demoted=0 spec_calls=1 spec_ms=88.2 prefill_single_calls=0 prefill_single_tokens=0 prefill_batch_calls=0 prefill_batch_tokens=0 prefill_ms=0.0 decode_ms=0.0
[prime-chunk] phase=mtp-draft-fill rows=4096 wall_ms=87.813
[prime-yield] count=16 remaining=2 chunks=1 wall_ms=87.813 max_chunk_ms=87.813
[tick-spec] seq=1 slot=0 trace=- start_ms=0.000 gap_ms=0.000 wall_ms=87.868 generated=0->0 rounds=0 drafted=0 accepted=0 k=3
[tick] act=1 int=1 priming=1 ready=0 spec=1 demoted=0 spec_calls=1 spec_ms=87.9 prefill_single_calls=0 prefill_single_tokens=0 prefill_batch_calls=0 prefill_batch_tokens=0 prefill_ms=0.0 decode_ms=0.0
[prime-chunk] phase=mtp-draft-fill rows=4096 wall_ms=87.836
[prime-yield] count=17 remaining=1 chunks=1 wall_ms=87.836 max_chunk_ms=87.836
[tick-spec] seq=1 slot=0 trace=- start_ms=0.000 gap_ms=0.000 wall_ms=87.887 generated=0->0 rounds=0 drafted=0 accepted=0 k=3
[tick] act=1 int=1 priming=1 ready=0 spec=1 demoted=0 spec_calls=1 spec_ms=87.9 prefill_single_calls=0 prefill_single_tokens=0 prefill_batch_calls=0 prefill_batch_tokens=0 prefill_ms=0.0 decode_ms=0.0
[prime-chunk] phase=mtp-draft-fill rows=47 wall_ms=1.274
[prime-finalize] walker=memra_server::prime_observation::ObservedPrime<'_, memra_engine::spec::prime::MtpPrimeWalker<'_>> wall_ms=0.002 success=true
[tick-spec] seq=1 slot=0 trace=- start_ms=0.000 gap_ms=0.000 wall_ms=2.440 generated=0->1 rounds=0 drafted=0 accepted=0 k=3
[tick] act=1 int=1 priming=0 ready=0 spec=1 demoted=0 spec_calls=1 spec_ms=2.5 prefill_single_calls=0 prefill_single_tokens=0 prefill_batch_calls=0 prefill_batch_tokens=0 prefill_ms=0.0 decode_ms=0.0
[meter] admit id=cmpl-e8ca03f4550f92f9727c31fe9f2a74dc tenant=default lane=interactive model="gate"
[admission] per-session draft-state charge: model="gate" +44MB (measured capture high-water)
[admission] request cost: model="gate" ctx=2230 path=spec = 16704 B/token x ctx + 780MB prefill-workspace + 355MB fixed = 1172MB
[worker] spec-affinity: declined (history diverged at 4 of checkpoint 135494; 2 parked, 2165 prompt tokens; model gate)
[spec-k] model="gate" tenant="" K=3 source=cold-long prompt=2165 cached=0 lcp=0 active=1 wave=1 placement=single-or-non-pp2
[prime-chunk] phase=mtp-trunk rows=2165 wall_ms=256.330
[prime-finalize] walker=memra_server::prime_observation::ObservedPrime<'_, memra_engine::spec::prime::MtpPrimeWalker<'_>> wall_ms=0.001 success=true
[tick-spec] seq=1 slot=0 trace=- start_ms=0.000 gap_ms=0.000 wall_ms=257.395 generated=0->1 rounds=0 drafted=0 accepted=0 k=3
[tick] act=1 int=1 priming=0 ready=0 spec=1 demoted=0 spec_calls=1 spec_ms=257.4 prefill_single_calls=0 prefill_single_tokens=0 prefill_batch_calls=0 prefill_batch_tokens=0 prefill_ms=0.0 decode_ms=0.0
[meter] admit id=cmpl-ecb32d2e77fab13c68a956958bb9d662 tenant=default lane=interactive model="gate"
[meter] admit id=cmpl-56c22d7d6cb94244bc681af36fbe0a9f tenant=default lane=interactive model="gate"
[admission] per-session draft-state charge: model="gate" +44MB (measured capture high-water)
[admission] request cost: model="gate" ctx=6325 path=spec = 16704 B/token x ctx + 780MB prefill-workspace + 355MB fixed = 1241MB
[spec-k] model="gate" tenant="decoder-0" K=3 source=cold-long prompt=2165 cached=0 lcp=0 active=1 wave=2 placement=single-or-non-pp2
[prime-chunk] phase=mtp-trunk rows=2165 wall_ms=255.971
[prime-finalize] walker=memra_server::prime_observation::ObservedPrime<'_, memra_engine::spec::prime::MtpPrimeWalker<'_>> wall_ms=0.001 success=true
[tick-spec] seq=1 slot=0 trace=- start_ms=0.000 gap_ms=0.000 wall_ms=257.017 generated=0->1 rounds=0 drafted=0 accepted=0 k=3
[tick] act=1 int=1 priming=0 ready=0 spec=1 demoted=0 spec_calls=1 spec_ms=257.0 prefill_single_calls=0 prefill_single_tokens=0 prefill_batch_calls=0 prefill_batch_tokens=0 prefill_ms=0.0 decode_ms=0.0
[spec-k] model="gate" tenant="decoder-1" K=3 source=cold-long prompt=2165 cached=0 lcp=0 active=2 wave=2 placement=single-or-non-pp2
[prefix-cache] insert (spec-boundary): 2144 tokens, 88.5MB (resident 88.5MB / 7890MB, model gate, ns "decoder-0")
[prime-chunk] phase=mtp-trunk rows=2165 wall_ms=255.206
[prime-finalize] walker=memra_server::prime_observation::ObservedPrime<'_, memra_engine::spec::prime::MtpPrimeWalker<'_>> wall_ms=0.001 success=true
[spec-acc] ctx=2165 burst=19/39 cum=19/39=0.487
[tick-spec] seq=1 slot=1 trace=- start_ms=0.001 gap_ms=0.001 wall_ms=434.354 generated=0->33 rounds=13 drafted=39 accepted=19 k=3
[spec-acc] ctx=2166 burst=21/30 cum=21/30=0.700
[tick-spec] seq=2 slot=0 trace=- start_ms=434.378 gap_ms=0.023 wall_ms=178.194 generated=1->33 rounds=10 drafted=30 accepted=21 k=3
[tick] act=2 int=2 priming=0 ready=0 spec=2 demoted=0 spec_calls=2 spec_ms=612.6 prefill_single_calls=0 prefill_single_tokens=0 prefill_batch_calls=0 prefill_batch_tokens=0 prefill_ms=0.0 decode_ms=0.0
[prefix-cache] insert (spec-boundary): 2144 tokens, 88.5MB (resident 177.0MB / 7890MB, model gate, ns "decoder-1")
[spec-acc] ctx=2198 burst=23/27 cum=44/57=0.772
[tick-spec] seq=1 slot=0 trace=- start_ms=0.001 gap_ms=0.001 wall_ms=125.937 generated=33->65 rounds=9 drafted=27 accepted=23 k=3
[spec-acc] ctx=2198 burst=22/30 cum=41/69=0.594
[tick-spec] seq=2 slot=1 trace=- start_ms=125.959 gap_ms=0.021 wall_ms=161.496 generated=33->65 rounds=10 drafted=30 accepted=22 k=3
[tick] act=2 int=2 priming=0 ready=0 spec=2 demoted=0 spec_calls=2 spec_ms=287.5 prefill_single_calls=0 prefill_single_tokens=0 prefill_batch_calls=0 prefill_batch_tokens=0 prefill_ms=0.0 decode_ms=0.0
[spec-acc] ctx=2230 burst=25/27 cum=69/84=0.821
[tick-spec] seq=1 slot=0 trace=- start_ms=0.001 gap_ms=0.001 wall_ms=120.228 generated=65->99 rounds=9 drafted=27 accepted=25 k=3
[spec-acc] ctx=2230 burst=25/27 cum=66/96=0.688
[tick-spec] seq=2 slot=1 trace=- start_ms=120.238 gap_ms=0.009 wall_ms=155.571 generated=65->99 rounds=9 drafted=27 accepted=25 k=3
[tick] act=2 int=2 priming=0 ready=0 spec=2 demoted=0 spec_calls=2 spec_ms=275.8 prefill_single_calls=0 prefill_single_tokens=0 prefill_batch_calls=0 prefill_batch_tokens=0 prefill_ms=0.0 decode_ms=0.0
[spec-acc] ctx=2264 burst=25/27 cum=94/111=0.847
[tick-spec] seq=1 slot=0 trace=- start_ms=0.001 gap_ms=0.001 wall_ms=121.344 generated=99->133 rounds=9 drafted=27 accepted=25 k=3
[spec-acc] ctx=2264 burst=25/27 cum=91/123=0.740
[tick-spec] seq=2 slot=1 trace=- start_ms=121.354 gap_ms=0.009 wall_ms=152.790 generated=99->133 rounds=9 drafted=27 accepted=25 k=3
[tick] act=2 int=2 priming=0 ready=0 spec=2 demoted=0 spec_calls=2 spec_ms=274.2 prefill_single_calls=0 prefill_single_tokens=0 prefill_batch_calls=0 prefill_batch_tokens=0 prefill_ms=0.0 decode_ms=0.0
[spec-acc] ctx=2298 burst=24/27 cum=118/138=0.855
[tick-spec] seq=1 slot=0 trace=- start_ms=0.000 gap_ms=0.000 wall_ms=126.652 generated=133->166 rounds=9 drafted=27 accepted=24 k=3
[spec-acc] ctx=2298 burst=24/27 cum=115/150=0.767
[tick-spec] seq=2 slot=1 trace=- start_ms=126.661 gap_ms=0.008 wall_ms=159.355 generated=133->166 rounds=9 drafted=27 accepted=24 k=3
[tick] act=2 int=2 priming=0 ready=0 spec=2 demoted=0 spec_calls=2 spec_ms=286.0 prefill_single_calls=0 prefill_single_tokens=0 prefill_batch_calls=0 prefill_batch_tokens=0 prefill_ms=0.0 decode_ms=0.0
[spec-acc] ctx=2331 burst=24/30 cum=142/168=0.845
[tick-spec] seq=1 slot=0 trace=- start_ms=0.000 gap_ms=0.000 wall_ms=138.522 generated=166->200 rounds=10 drafted=30 accepted=24 k=3
[spec-acc] ctx=2331 burst=24/30 cum=139/180=0.772
[tick-spec] seq=2 slot=1 trace=- start_ms=138.532 gap_ms=0.009 wall_ms=159.834 generated=166->200 rounds=10 drafted=30 accepted=24 k=3
[tick] act=2 int=2 priming=0 ready=0 spec=2 demoted=0 spec_calls=2 spec_ms=298.4 prefill_single_calls=0 prefill_single_tokens=0 prefill_batch_calls=0 prefill_batch_tokens=0 prefill_ms=0.0 decode_ms=0.0
[spec-acc] ctx=2365 burst=23/33 cum=165/201=0.821
[tick-spec] seq=1 slot=0 trace=- start_ms=0.000 gap_ms=0.000 wall_ms=152.742 generated=200->234 rounds=11 drafted=33 accepted=23 k=3
[spec-acc] ctx=2365 burst=24/24 cum=163/204=0.799
[tick-spec] seq=2 slot=1 trace=- start_ms=152.751 gap_ms=0.008 wall_ms=137.288 generated=200->232 rounds=8 drafted=24 accepted=24 k=3
[tick] act=2 int=2 priming=0 ready=0 spec=2 demoted=0 spec_calls=2 spec_ms=290.0 prefill_single_calls=0 prefill_single_tokens=0 prefill_batch_calls=0 prefill_batch_tokens=0 prefill_ms=0.0 decode_ms=0.0
[spec-acc] ctx=2399 burst=23/27 cum=188/228=0.825
[tick-spec] seq=1 slot=0 trace=- start_ms=0.001 gap_ms=0.001 wall_ms=121.323 generated=234->266 rounds=9 drafted=27 accepted=23 k=3
[spec-acc] ctx=2397 burst=26/27 cum=189/231=0.818
[tick-spec] seq=2 slot=1 trace=- start_ms=121.333 gap_ms=0.009 wall_ms=135.146 generated=232->267 rounds=9 drafted=27 accepted=26 k=3
[tick] act=2 int=2 priming=0 ready=0 spec=2 demoted=0 spec_calls=2 spec_ms=256.5 prefill_single_calls=0 prefill_single_tokens=0 prefill_batch_calls=0 prefill_batch_tokens=0 prefill_ms=0.0 decode_ms=0.0
[spec-acc] ctx=2431 burst=22/30 cum=210/258=0.814
[tick-spec] seq=1 slot=0 trace=- start_ms=0.001 gap_ms=0.001 wall_ms=149.950 generated=266->298 rounds=10 drafted=30 accepted=22 k=3
[meter] admit id=cmpl-fbf53855e286200bc25074d1cb965354 tenant=default lane=interactive model="gate"
[spec-acc] ctx=2432 burst=3/3 cum=192/234=0.821
[tick-spec] seq=2 slot=1 trace=- start_ms=149.960 gap_ms=0.009 wall_ms=15.267 generated=267->271 rounds=1 drafted=3 accepted=3 k=3
[tick] act=2 int=2 priming=0 ready=0 spec=2 demoted=0 spec_calls=2 spec_ms=165.2 prefill_single_calls=0 prefill_single_tokens=0 prefill_batch_calls=0 prefill_batch_tokens=0 prefill_ms=0.0 decode_ms=0.0
[admission] per-session draft-state charge: model="gate" +44MB (measured capture high-water)
[admission] request cost: model="gate" ctx=135590 path=spec = 16704 B/token x ctx + 3629MB prefill-workspace + 355MB fixed = 6249MB
[spec-k] model="gate" tenant="long" K=3 source=cold-long prompt=135494 cached=0 lcp=0 active=3 wave=3 placement=single-or-non-pp2
[admission] fixed residual high-water: model="gate" 355MB (observed 2619MB at ctx 135534 path=spec)
[prime-chunk] phase=mtp-trunk rows=4096 wall_ms=328.534
[prime-yield] count=1 remaining=68 chunks=1 wall_ms=328.534 max_chunk_ms=328.534
[tick-spec] seq=1 slot=2 trace=- start_ms=0.001 gap_ms=0.001 wall_ms=331.490 generated=0->0 rounds=0 drafted=0 accepted=0 k=3
[spec-acc] ctx=2463 burst=2/3 cum=212/261=0.812
[tick-spec] seq=2 slot=0 trace=- start_ms=331.501 gap_ms=0.009 wall_ms=14.534 generated=298->301 rounds=1 drafted=3 accepted=2 k=3
[spec-acc] ctx=2436 burst=3/3 cum=195/237=0.823
[tick-spec] seq=3 slot=1 trace=- start_ms=346.046 gap_ms=0.011 wall_ms=13.377 generated=271->275 rounds=1 drafted=3 accepted=3 k=3
[tick] act=3 int=3 priming=1 ready=0 spec=3 demoted=0 spec_calls=3 spec_ms=359.4 prefill_single_calls=0 prefill_single_tokens=0 prefill_batch_calls=0 prefill_batch_tokens=0 prefill_ms=0.0 decode_ms=0.0
[spec-acc] ctx=2466 burst=3/3 cum=215/264=0.814
[tick-spec] seq=1 slot=0 trace=- start_ms=0.002 gap_ms=0.002 wall_ms=15.431 generated=301->305 rounds=1 drafted=3 accepted=3 k=3
[spec-acc] ctx=2440 burst=3/3 cum=198/240=0.825
[tick-spec] seq=2 slot=1 trace=- start_ms=15.441 gap_ms=0.008 wall_ms=14.384 generated=275->279 rounds=1 drafted=3 accepted=3 k=3
[tick] act=3 int=3 priming=1 ready=0 spec=3 demoted=0 spec_calls=2 spec_ms=29.8 prefill_single_calls=0 prefill_single_tokens=0 prefill_batch_calls=0 prefill_batch_tokens=0 prefill_ms=0.0 decode_ms=0.0
[spec-acc] ctx=2470 burst=3/3 cum=218/267=0.816
[tick-spec] seq=1 slot=0 trace=- start_ms=0.001 gap_ms=0.001 wall_ms=15.432 generated=305->309 rounds=1 drafted=3 accepted=3 k=3
[spec-acc] ctx=2444 burst=3/3 cum=201/243=0.827
[tick-spec] seq=2 slot=1 trace=- start_ms=15.441 gap_ms=0.008 wall_ms=14.364 generated=279->283 rounds=1 drafted=3 accepted=3 k=3
[tick] act=3 int=3 priming=1 ready=0 spec=3 demoted=0 spec_calls=2 spec_ms=29.8 prefill_single_calls=0 prefill_single_tokens=0 prefill_batch_calls=0 prefill_batch_tokens=0 prefill_ms=0.0 decode_ms=0.0
[spec-acc] ctx=2448 burst=3/3 cum=204/246=0.829
[tick-spec] seq=1 slot=1 trace=- start_ms=0.001 gap_ms=0.001 wall_ms=14.387 generated=283->287 rounds=1 drafted=3 accepted=3 k=3
[spec-acc] ctx=2474 burst=3/3 cum=221/270=0.819
[tick-spec] seq=2 slot=0 trace=- start_ms=14.396 gap_ms=0.008 wall_ms=14.356 generated=309->313 rounds=1 drafted=3 accepted=3 k=3
[tick] act=3 int=3 priming=1 ready=0 spec=3 demoted=0 spec_calls=2 spec_ms=28.8 prefill_single_calls=0 prefill_single_tokens=0 prefill_batch_calls=0 prefill_batch_tokens=0 prefill_ms=0.0 decode_ms=0.0
[spec-acc] ctx=2478 burst=2/3 cum=223/273=0.817
[tick-spec] seq=1 slot=0 trace=- start_ms=0.001 gap_ms=0.001 wall_ms=13.448 generated=313->316 rounds=1 drafted=3 accepted=2 k=3
[spec-acc] ctx=2452 burst=3/3 cum=207/249=0.831
[tick-spec] seq=2 slot=1 trace=- start_ms=13.456 gap_ms=0.008 wall_ms=15.426 generated=287->291 rounds=1 drafted=3 accepted=3 k=3
[tick] act=3 int=3 priming=1 ready=0 spec=3 demoted=0 spec_calls=2 spec_ms=28.9 prefill_single_calls=0 prefill_single_tokens=0 prefill_batch_calls=0 prefill_batch_tokens=0 prefill_ms=0.0 decode_ms=0.0
[spec-acc] ctx=2481 burst=3/3 cum=226/276=0.819
[tick-spec] seq=1 slot=0 trace=- start_ms=0.001 gap_ms=0.001 wall_ms=12.227 generated=316->320 rounds=1 drafted=3 accepted=3 k=3
[spec-acc] ctx=2456 burst=3/3 cum=210/252=0.833
[tick-spec] seq=2 slot=1 trace=- start_ms=12.236 gap_ms=0.008 wall_ms=13.278 generated=291->295 rounds=1 drafted=3 accepted=3 k=3
[tick] act=3 int=3 priming=1 ready=0 spec=3 demoted=0 spec_calls=2 spec_ms=25.5 prefill_single_calls=0 prefill_single_tokens=0 prefill_batch_calls=0 prefill_batch_tokens=0 prefill_ms=0.0 decode_ms=0.0
[spec-acc] ctx=2460 burst=3/3 cum=213/255=0.835
[tick-spec] seq=1 slot=1 trace=- start_ms=0.001 gap_ms=0.001 wall_ms=14.331 generated=295->299 rounds=1 drafted=3 accepted=3 k=3
[spec-acc] ctx=2485 burst=3/3 cum=229/279=0.821
[tick-spec] seq=2 slot=0 trace=- start_ms=14.340 gap_ms=0.008 wall_ms=14.373 generated=320->324 rounds=1 drafted=3 accepted=3 k=3
[tick] act=3 int=3 priming=1 ready=0 spec=3 demoted=0 spec_calls=2 spec_ms=28.7 prefill_single_calls=0 prefill_single_tokens=0 prefill_batch_calls=0 prefill_batch_tokens=0 prefill_ms=0.0 decode_ms=0.0
[spec-acc] ctx=2489 burst=2/3 cum=231/282=0.819
[tick-spec] seq=1 slot=0 trace=- start_ms=0.000 gap_ms=0.000 wall_ms=14.508 generated=324->327 rounds=1 drafted=3 accepted=2 k=3
[spec-acc] ctx=2464 burst=3/3 cum=216/258=0.837
[tick-spec] seq=2 slot=1 trace=- start_ms=14.516 gap_ms=0.007 wall_ms=15.431 generated=299->303 rounds=1 drafted=3 accepted=3 k=3
[tick] act=3 int=3 priming=1 ready=0 spec=3 demoted=0 spec_calls=2 spec_ms=30.0 prefill_single_calls=0 prefill_single_tokens=0 prefill_batch_calls=0 prefill_batch_tokens=0 prefill_ms=0.0 decode_ms=0.0
[spec-acc] ctx=2492 burst=3/3 cum=234/285=0.821
[tick-spec] seq=1 slot=0 trace=- start_ms=0.000 gap_ms=0.000 wall_ms=33.450 generated=327->331 rounds=1 drafted=3 accepted=3 k=3
[spec-acc] ctx=2468 burst=3/3 cum=219/261=0.839
[tick-spec] seq=2 slot=1 trace=- start_ms=33.458 gap_ms=0.007 wall_ms=34.173 generated=303->307 rounds=1 drafted=3 accepted=3 k=3
[prime-chunk] phase=mtp-trunk rows=4096 wall_ms=341.801
[prime-yield] count=2 remaining=67 chunks=1 wall_ms=341.801 max_chunk_ms=341.801
[tick-spec] seq=3 slot=2 trace=- start_ms=67.639 gap_ms=0.008 wall_ms=341.993 generated=0->0 rounds=0 drafted=0 accepted=0 k=3
[tick] act=3 int=3 priming=1 ready=0 spec=3 demoted=0 spec_calls=3 spec_ms=409.6 prefill_single_calls=0 prefill_single_tokens=0 prefill_batch_calls=0 prefill_batch_tokens=0 prefill_ms=0.0 decode_ms=0.0
[spec-acc] ctx=2472 burst=3/3 cum=222/264=0.841
[tick-spec] seq=1 slot=1 trace=- start_ms=0.001 gap_ms=0.001 wall_ms=14.411 generated=307->311 rounds=1 drafted=3 accepted=3 k=3
[spec-acc] ctx=2496 burst=2/3 cum=236/288=0.819
[tick-spec] seq=2 slot=0 trace=- start_ms=14.420 gap_ms=0.008 wall_ms=14.495 generated=331->334 rounds=1 drafted=3 accepted=2 k=3
[tick] act=3 int=3 priming=1 ready=0 spec=3 demoted=0 spec_calls=2 spec_ms=28.9 prefill_single_calls=0 prefill_single_tokens=0 prefill_batch_calls=0 prefill_batch_tokens=0 prefill_ms=0.0 decode_ms=0.0
[spec-acc] ctx=2499 burst=3/3 cum=239/291=0.821
[tick-spec] seq=1 slot=0 trace=- start_ms=0.000 gap_ms=0.000 wall_ms=15.438 generated=334->338 rounds=1 drafted=3 accepted=3 k=3
[spec-acc] ctx=2476 burst=3/3 cum=225/267=0.843
[tick-spec] seq=2 slot=1 trace=- start_ms=15.447 gap_ms=0.008 wall_ms=12.305 generated=311->315 rounds=1 drafted=3 accepted=3 k=3
[tick] act=3 int=3 priming=1 ready=0 spec=3 demoted=0 spec_calls=2 spec_ms=27.8 prefill_single_calls=0 prefill_single_tokens=0 prefill_batch_calls=0 prefill_batch_tokens=0 prefill_ms=0.0 decode_ms=0.0
[spec-acc] ctx=2503 burst=3/3 cum=242/294=0.823
[tick-spec] seq=1 slot=0 trace=- start_ms=0.000 gap_ms=0.000 wall_ms=14.357 generated=338->342 rounds=1 drafted=3 accepted=3 k=3
[spec-acc] ctx=2480 burst=3/3 cum=228/270=0.844
[tick-spec] seq=2 slot=1 trace=- start_ms=14.366 gap_ms=0.008 wall_ms=14.364 generated=315->319 rounds=1 drafted=3 accepted=3 k=3
[tick] act=3 int=3 priming=1 ready=0 spec=3 demoted=0 spec_calls=2 spec_ms=28.7 prefill_single_calls=0 prefill_single_tokens=0 prefill_batch_calls=0 prefill_batch_tokens=0 prefill_ms=0.0 decode_ms=0.0
[spec-acc] ctx=2484 burst=3/3 cum=231/273=0.846
[tick-spec] seq=1 slot=1 trace=- start_ms=0.000 gap_ms=0.000 wall_ms=13.332 generated=319->323 rounds=1 drafted=3 accepted=3 k=3
[spec-acc] ctx=2507 burst=3/3 cum=245/297=0.825
[tick-spec] seq=2 slot=0 trace=- start_ms=13.339 gap_ms=0.007 wall_ms=14.353 generated=342->346 rounds=1 drafted=3 accepted=3 k=3
[tick] act=3 int=3 priming=1 ready=0 spec=3 demoted=0 spec_calls=2 spec_ms=27.7 prefill_single_calls=0 prefill_single_tokens=0 prefill_batch_calls=0 prefill_batch_tokens=0 prefill_ms=0.0 decode_ms=0.0
[spec-acc] ctx=2511 burst=2/3 cum=247/300=0.823
[tick-spec] seq=1 slot=0 trace=- start_ms=0.000 gap_ms=0.000 wall_ms=15.549 generated=346->349 rounds=1 drafted=3 accepted=2 k=3
[spec-acc] ctx=2488 burst=3/3 cum=234/276=0.848
[tick-spec] seq=2 slot=1 trace=- start_ms=15.557 gap_ms=0.008 wall_ms=13.316 generated=323->327 rounds=1 drafted=3 accepted=3 k=3
[tick] act=3 int=3 priming=1 ready=0 spec=3 demoted=0 spec_calls=2 spec_ms=28.9 prefill_single_calls=0 prefill_single_tokens=0 prefill_batch_calls=0 prefill_batch_tokens=0 prefill_ms=0.0 decode_ms=0.0
[spec-acc] ctx=2514 burst=3/3 cum=250/303=0.825
[tick-spec] seq=1 slot=0 trace=- start_ms=0.001 gap_ms=0.001 wall_ms=15.510 generated=349->353 rounds=1 drafted=3 accepted=3 k=3
[spec-acc] ctx=2492 burst=3/3 cum=237/279=0.849
[tick-spec] seq=2 slot=1 trace=- start_ms=15.518 gap_ms=0.008 wall_ms=13.304 generated=327->331 rounds=1 drafted=3 accepted=3 k=3
[tick] act=3 int=3 priming=1 ready=0 spec=3 demoted=0 spec_calls=2 spec_ms=28.8 prefill_single_calls=0 prefill_single_tokens=0 prefill_batch_calls=0 prefill_batch_tokens=0 prefill_ms=0.0 decode_ms=0.0
[spec-acc] ctx=2496 burst=3/3 cum=240/282=0.851
[tick-spec] seq=1 slot=1 trace=- start_ms=0.001 gap_ms=0.001 wall_ms=13.312 generated=331->335 rounds=1 drafted=3 accepted=3 k=3
[spec-acc] ctx=2518 burst=3/3 cum=253/306=0.827
[tick-spec] seq=2 slot=0 trace=- start_ms=13.320 gap_ms=0.007 wall_ms=14.338 generated=353->357 rounds=1 drafted=3 accepted=3 k=3
[tick] act=3 int=3 priming=1 ready=0 spec=3 demoted=0 spec_calls=2 spec_ms=27.7 prefill_single_calls=0 prefill_single_tokens=0 prefill_batch_calls=0 prefill_batch_tokens=0 prefill_ms=0.0 decode_ms=0.0
[spec-acc] ctx=2522 burst=2/3 cum=255/309=0.825
[tick-spec] seq=1 slot=0 trace=- start_ms=0.000 gap_ms=0.000 wall_ms=14.451 generated=357->360 rounds=1 drafted=3 accepted=2 k=3
[spec-acc] ctx=2500 burst=3/3 cum=243/285=0.853
[tick-spec] seq=2 slot=1 trace=- start_ms=14.459 gap_ms=0.008 wall_ms=33.575 generated=335->339 rounds=1 drafted=3 accepted=3 k=3
[tick] act=3 int=3 priming=1 ready=0 spec=3 demoted=0 spec_calls=2 spec_ms=48.0 prefill_single_calls=0 prefill_single_tokens=0 prefill_batch_calls=0 prefill_batch_tokens=0 prefill_ms=0.0 decode_ms=0.0
[spec-acc] ctx=2525 burst=3/3 cum=258/312=0.827
[tick-spec] seq=1 slot=0 trace=- start_ms=0.000 gap_ms=0.000 wall_ms=26.957 generated=360->364 rounds=1 drafted=3 accepted=3 k=3
[spec-acc] ctx=2504 burst=3/3 cum=246/288=0.854
[tick-spec] seq=2 slot=1 trace=- start_ms=26.965 gap_ms=0.007 wall_ms=13.360 generated=339->343 rounds=1 drafted=3 accepted=3 k=3
[tick] act=3 int=3 priming=1 ready=0 spec=3 demoted=0 spec_calls=2 spec_ms=40.3 prefill_single_calls=0 prefill_single_tokens=0 prefill_batch_calls=0 prefill_batch_tokens=0 prefill_ms=0.0 decode_ms=0.0
[spec-acc] ctx=2508 burst=3/3 cum=249/291=0.856
[tick-spec] seq=1 slot=1 trace=- start_ms=0.000 gap_ms=0.000 wall_ms=12.265 generated=343->347 rounds=1 drafted=3 accepted=3 k=3
[spec-acc] ctx=2529 burst=2/3 cum=260/315=0.825
[tick-spec] seq=2 slot=0 trace=- start_ms=12.273 gap_ms=0.007 wall_ms=14.483 generated=364->367 rounds=1 drafted=3 accepted=2 k=3
[prime-chunk] phase=mtp-trunk rows=4096 wall_ms=355.133
[prime-yield] count=3 remaining=66 chunks=1 wall_ms=355.133 max_chunk_ms=355.133
[tick-spec] seq=3 slot=2 trace=- start_ms=26.764 gap_ms=0.009 wall_ms=355.322 generated=0->0 rounds=0 drafted=0 accepted=0 k=3
[tick] act=3 int=3 priming=1 ready=0 spec=3 demoted=0 spec_calls=3 spec_ms=382.1 prefill_single_calls=0 prefill_single_tokens=0 prefill_batch_calls=0 prefill_batch_tokens=0 prefill_ms=0.0 decode_ms=0.0
[spec-acc] ctx=2532 burst=3/3 cum=263/318=0.827
[tick-spec] seq=1 slot=0 trace=- start_ms=0.001 gap_ms=0.001 wall_ms=14.413 generated=367->371 rounds=1 drafted=3 accepted=3 k=3
[spec-acc] ctx=2512 burst=3/3 cum=252/294=0.857
[tick-spec] seq=2 slot=1 trace=- start_ms=14.422 gap_ms=0.009 wall_ms=15.433 generated=347->351 rounds=1 drafted=3 accepted=3 k=3
[tick] act=3 int=3 priming=1 ready=0 spec=3 demoted=0 spec_calls=2 spec_ms=29.9 prefill_single_calls=0 prefill_single_tokens=0 prefill_batch_calls=0 prefill_batch_tokens=0 prefill_ms=0.0 decode_ms=0.0
[spec-acc] ctx=2536 burst=3/3 cum=266/321=0.829
[tick-spec] seq=1 slot=0 trace=- start_ms=0.000 gap_ms=0.000 wall_ms=13.385 generated=371->375 rounds=1 drafted=3 accepted=3 k=3
[spec-acc] ctx=2516 burst=3/3 cum=255/297=0.859
[tick-spec] seq=2 slot=1 trace=- start_ms=13.393 gap_ms=0.007 wall_ms=14.568 generated=351->355 rounds=1 drafted=3 accepted=3 k=3
[tick] act=3 int=3 priming=1 ready=0 spec=3 demoted=0 spec_calls=2 spec_ms=28.0 prefill_single_calls=0 prefill_single_tokens=0 prefill_batch_calls=0 prefill_batch_tokens=0 prefill_ms=0.0 decode_ms=0.0
[spec-acc] ctx=2520 burst=3/3 cum=258/300=0.860
[tick-spec] seq=1 slot=1 trace=- start_ms=0.000 gap_ms=0.000 wall_ms=15.453 generated=355->359 rounds=1 drafted=3 accepted=3 k=3
[spec-acc] ctx=2540 burst=3/3 cum=269/324=0.830
[tick-spec] seq=2 slot=0 trace=- start_ms=15.461 gap_ms=0.007 wall_ms=14.407 generated=375->379 rounds=1 drafted=3 accepted=3 k=3
[tick] act=3 int=3 priming=1 ready=0 spec=3 demoted=0 spec_calls=2 spec_ms=29.9 prefill_single_calls=0 prefill_single_tokens=0 prefill_batch_calls=0 prefill_batch_tokens=0 prefill_ms=0.0 decode_ms=0.0
[spec-acc] ctx=2544 burst=0/3 cum=269/327=0.823
[tick-spec] seq=1 slot=0 trace=- start_ms=0.000 gap_ms=0.000 wall_ms=15.448 generated=379->380 rounds=1 drafted=3 accepted=0 k=3
[spec-acc] ctx=2524 burst=3/3 cum=261/303=0.861
[tick-spec] seq=2 slot=1 trace=- start_ms=15.456 gap_ms=0.007 wall_ms=13.343 generated=359->363 rounds=1 drafted=3 accepted=3 k=3
[tick] act=3 int=3 priming=1 ready=0 spec=3 demoted=0 spec_calls=2 spec_ms=28.8 prefill_single_calls=0 prefill_single_tokens=0 prefill_batch_calls=0 prefill_batch_tokens=0 prefill_ms=0.0 decode_ms=0.0
[spec-acc] ctx=2545 burst=0/3 cum=269/330=0.815
[tick-spec] seq=1 slot=0 trace=- start_ms=0.000 gap_ms=0.000 wall_ms=13.358 generated=380->381 rounds=1 drafted=3 accepted=0 k=3
[spec-acc] ctx=2528 burst=3/3 cum=264/306=0.863
[tick-spec] seq=2 slot=1 trace=- start_ms=13.365 gap_ms=0.007 wall_ms=15.355 generated=363->367 rounds=1 drafted=3 accepted=3 k=3
[tick] act=3 int=3 priming=1 ready=0 spec=3 demoted=0 spec_calls=2 spec_ms=28.7 prefill_single_calls=0 prefill_single_tokens=0 prefill_batch_calls=0 prefill_batch_tokens=0 prefill_ms=0.0 decode_ms=0.0
[spec-acc] ctx=2532 burst=3/3 cum=267/309=0.864
[tick-spec] seq=1 slot=1 trace=- start_ms=0.000 gap_ms=0.000 wall_ms=15.384 generated=367->371 rounds=1 drafted=3 accepted=3 k=3
[spec-acc] ctx=2546 burst=2/3 cum=271/333=0.814
[tick-spec] seq=2 slot=0 trace=- start_ms=15.392 gap_ms=0.007 wall_ms=35.030 generated=381->384 rounds=1 drafted=3 accepted=2 k=3
[tick] act=3 int=3 priming=1 ready=0 spec=3 demoted=0 spec_calls=2 spec_ms=50.4 prefill_single_calls=0 prefill_single_tokens=0 prefill_batch_calls=0 prefill_batch_tokens=0 prefill_ms=0.0 decode_ms=0.0
[spec-acc] ctx=2549 burst=0/3 cum=271/336=0.807
[tick-spec] seq=1 slot=0 trace=- start_ms=0.000 gap_ms=0.000 wall_ms=27.199 generated=384->385 rounds=1 drafted=3 accepted=0 k=3
[spec-acc] ctx=2536 burst=3/3 cum=270/312=0.865
[tick-spec] seq=2 slot=1 trace=- start_ms=27.207 gap_ms=0.007 wall_ms=15.359 generated=371->375 rounds=1 drafted=3 accepted=3 k=3
[tick] act=3 int=3 priming=1 ready=0 spec=3 demoted=0 spec_calls=2 spec_ms=42.6 prefill_single_calls=0 prefill_single_tokens=0 prefill_batch_calls=0 prefill_batch_tokens=0 prefill_ms=0.0 decode_ms=0.0
[spec-acc] ctx=2550 burst=3/3 cum=274/339=0.808
[tick-spec] seq=1 slot=0 trace=- start_ms=0.000 gap_ms=0.000 wall_ms=15.931 generated=385->389 rounds=1 drafted=3 accepted=3 k=3
[spec-acc] ctx=2540 burst=3/3 cum=273/315=0.867
[tick-spec] seq=2 slot=1 trace=- start_ms=15.939 gap_ms=0.007 wall_ms=14.329 generated=375->379 rounds=1 drafted=3 accepted=3 k=3
[tick] act=3 int=3 priming=1 ready=0 spec=3 demoted=0 spec_calls=2 spec_ms=30.3 prefill_single_calls=0 prefill_single_tokens=0 prefill_batch_calls=0 prefill_batch_tokens=0 prefill_ms=0.0 decode_ms=0.0
[spec-acc] ctx=2544 burst=3/3 cum=276/318=0.868
[tick-spec] seq=1 slot=1 trace=- start_ms=0.001 gap_ms=0.001 wall_ms=13.290 generated=379->383 rounds=1 drafted=3 accepted=3 k=3
[spec-acc] ctx=2554 burst=1/3 cum=275/342=0.804
[tick-spec] seq=2 slot=0 trace=- start_ms=13.298 gap_ms=0.008 wall_ms=12.303 generated=389->391 rounds=1 drafted=3 accepted=1 k=3
[tick] act=3 int=3 priming=1 ready=0 spec=3 demoted=0 spec_calls=2 spec_ms=25.6 prefill_single_calls=0 prefill_single_tokens=0 prefill_batch_calls=0 prefill_batch_tokens=0 prefill_ms=0.0 decode_ms=0.0
[spec-acc] ctx=2556 burst=3/3 cum=278/345=0.806
[tick-spec] seq=1 slot=0 trace=- start_ms=0.000 gap_ms=0.000 wall_ms=13.263 generated=391->395 rounds=1 drafted=3 accepted=3 k=3
[spec-acc] ctx=2548 burst=3/3 cum=279/321=0.869
[tick-spec] seq=2 slot=1 trace=- start_ms=13.271 gap_ms=0.007 wall_ms=15.422 generated=383->387 rounds=1 drafted=3 accepted=3 k=3
[prime-chunk] phase=mtp-trunk rows=4096 wall_ms=368.491
[prime-yield] count=4 remaining=65 chunks=1 wall_ms=368.491 max_chunk_ms=368.491
[tick-spec] seq=3 slot=2 trace=- start_ms=28.701 gap_ms=0.008 wall_ms=368.675 generated=0->0 rounds=0 drafted=0 accepted=0 k=3
[tick] act=3 int=3 priming=1 ready=0 spec=3 demoted=0 spec_calls=3 spec_ms=397.4 prefill_single_calls=0 prefill_single_tokens=0 prefill_batch_calls=0 prefill_batch_tokens=0 prefill_ms=0.0 decode_ms=0.0
[spec-acc] ctx=2560 burst=2/3 cum=280/348=0.805
[tick-spec] seq=1 slot=0 trace=- start_ms=0.001 gap_ms=0.001 wall_ms=14.452 generated=395->398 rounds=1 drafted=3 accepted=2 k=3
[spec-acc] ctx=2552 burst=3/3 cum=282/324=0.870
[tick-spec] seq=2 slot=1 trace=- start_ms=14.461 gap_ms=0.008 wall_ms=14.340 generated=387->391 rounds=1 drafted=3 accepted=3 k=3
[tick] act=3 int=3 priming=1 ready=0 spec=3 demoted=0 spec_calls=2 spec_ms=28.8 prefill_single_calls=0 prefill_single_tokens=0 prefill_batch_calls=0 prefill_batch_tokens=0 prefill_ms=0.0 decode_ms=0.0
[spec-acc] ctx=2556 burst=3/3 cum=285/327=0.872
[tick-spec] seq=1 slot=1 trace=- start_ms=0.001 gap_ms=0.001 wall_ms=15.358 generated=391->395 rounds=1 drafted=3 accepted=3 k=3
[spec-acc] ctx=2563 burst=3/3 cum=283/351=0.806
[tick-spec] seq=2 slot=0 trace=- start_ms=15.367 gap_ms=0.008 wall_ms=12.249 generated=398->402 rounds=1 drafted=3 accepted=3 k=3
[tick] act=3 int=3 priming=1 ready=0 spec=3 demoted=0 spec_calls=2 spec_ms=27.6 prefill_single_calls=0 prefill_single_tokens=0 prefill_batch_calls=0 prefill_batch_tokens=0 prefill_ms=0.0 decode_ms=0.0
[spec-acc] ctx=2567 burst=2/3 cum=285/354=0.805
[tick-spec] seq=1 slot=0 trace=- start_ms=0.000 gap_ms=0.000 wall_ms=13.414 generated=402->405 rounds=1 drafted=3 accepted=2 k=3
[spec-acc] ctx=2560 burst=2/3 cum=287/330=0.870
[tick-spec] seq=2 slot=1 trace=- start_ms=13.421 gap_ms=0.007 wall_ms=14.403 generated=395->398 rounds=1 drafted=3 accepted=2 k=3
[tick] act=3 int=3 priming=1 ready=0 spec=3 demoted=0 spec_calls=2 spec_ms=27.8 prefill_single_calls=0 prefill_single_tokens=0 prefill_batch_calls=0 prefill_batch_tokens=0 prefill_ms=0.0 decode_ms=0.0
[spec-acc] ctx=2570 burst=3/3 cum=288/357=0.807
[tick-spec] seq=1 slot=0 trace=- start_ms=0.000 gap_ms=0.000 wall_ms=39.709 generated=405->409 rounds=1 drafted=3 accepted=3 k=3
[spec-acc] ctx=2563 burst=3/3 cum=290/333=0.871
[tick-spec] seq=2 slot=1 trace=- start_ms=39.717 gap_ms=0.008 wall_ms=28.064 generated=398->402 rounds=1 drafted=3 accepted=3 k=3
[tick] act=3 int=3 priming=1 ready=0 spec=3 demoted=0 spec_calls=2 spec_ms=67.8 prefill_single_calls=0 prefill_single_tokens=0 prefill_batch_calls=0 prefill_batch_tokens=0 prefill_ms=0.0 decode_ms=0.0
[spec-acc] ctx=2567 burst=3/3 cum=293/336=0.872
[tick-spec] seq=1 slot=1 trace=- start_ms=0.000 gap_ms=0.000 wall_ms=13.291 generated=402->406 rounds=1 drafted=3 accepted=3 k=3
[spec-acc] ctx=2574 burst=3/3 cum=291/360=0.808
[tick-spec] seq=2 slot=0 trace=- start_ms=13.299 gap_ms=0.007 wall_ms=12.210 generated=409->413 rounds=1 drafted=3 accepted=3 k=3
[tick] act=3 int=3 priming=1 ready=0 spec=3 demoted=0 spec_calls=2 spec_ms=25.5 prefill_single_calls=0 prefill_single_tokens=0 prefill_batch_calls=0 prefill_batch_tokens=0 prefill_ms=0.0 decode_ms=0.0
[spec-acc] ctx=2578 burst=3/3 cum=294/363=0.810
[tick-spec] seq=1 slot=0 trace=- start_ms=0.000 gap_ms=0.000 wall_ms=14.346 generated=413->417 rounds=1 drafted=3 accepted=3 k=3
[spec-acc] ctx=2571 burst=3/3 cum=296/339=0.873
[tick-spec] seq=2 slot=1 trace=- start_ms=14.354 gap_ms=0.008 wall_ms=12.229 generated=406->410 rounds=1 drafted=3 accepted=3 k=3
[tick] act=3 int=3 priming=1 ready=0 spec=3 demoted=0 spec_calls=2 spec_ms=26.6 prefill_single_calls=0 prefill_single_tokens=0 prefill_batch_calls=0 prefill_batch_tokens=0 prefill_ms=0.0 decode_ms=0.0
[spec-acc] ctx=2582 burst=3/3 cum=297/366=0.811
[tick-spec] seq=1 slot=0 trace=- start_ms=0.000 gap_ms=0.000 wall_ms=13.258 generated=417->421 rounds=1 drafted=3 accepted=3 k=3
[spec-acc] ctx=2575 burst=3/3 cum=299/342=0.874
[tick-spec] seq=2 slot=1 trace=- start_ms=13.266 gap_ms=0.007 wall_ms=12.250 generated=410->414 rounds=1 drafted=3 accepted=3 k=3
[tick] act=3 int=3 priming=1 ready=0 spec=3 demoted=0 spec_calls=2 spec_ms=25.5 prefill_single_calls=0 prefill_single_tokens=0 prefill_batch_calls=0 prefill_batch_tokens=0 prefill_ms=0.0 decode_ms=0.0
[spec-acc] ctx=2579 burst=3/3 cum=302/345=0.875
[tick-spec] seq=1 slot=1 trace=- start_ms=0.000 gap_ms=0.000 wall_ms=14.339 generated=414->418 rounds=1 drafted=3 accepted=3 k=3
[spec-acc] ctx=2586 burst=1/3 cum=298/369=0.808
[tick-spec] seq=2 slot=0 trace=- start_ms=14.347 gap_ms=0.007 wall_ms=16.181 generated=421->423 rounds=1 drafted=3 accepted=1 k=3
[tick] act=3 int=3 priming=1 ready=0 spec=3 demoted=0 spec_calls=2 spec_ms=30.5 prefill_single_calls=0 prefill_single_tokens=0 prefill_batch_calls=0 prefill_batch_tokens=0 prefill_ms=0.0 decode_ms=0.0
[spec-acc] ctx=2588 burst=3/3 cum=301/372=0.809
[tick-spec] seq=1 slot=0 trace=- start_ms=0.000 gap_ms=0.000 wall_ms=14.340 generated=423->427 rounds=1 drafted=3 accepted=3 k=3
[spec-acc] ctx=2583 burst=3/3 cum=305/348=0.876
[tick-spec] seq=2 slot=1 trace=- start_ms=14.347 gap_ms=0.007 wall_ms=13.280 generated=418->422 rounds=1 drafted=3 accepted=3 k=3
[tick] act=3 int=3 priming=1 ready=0 spec=3 demoted=0 spec_calls=2 spec_ms=27.6 prefill_single_calls=0 prefill_single_tokens=0 prefill_batch_calls=0 prefill_batch_tokens=0 prefill_ms=0.0 decode_ms=0.0
[spec-acc] ctx=2592 burst=3/3 cum=304/375=0.811
[tick-spec] seq=1 slot=0 trace=- start_ms=0.000 gap_ms=0.000 wall_ms=14.339 generated=427->431 rounds=1 drafted=3 accepted=3 k=3
[spec-acc] ctx=2587 burst=3/3 cum=308/351=0.877
[tick-spec] seq=2 slot=1 trace=- start_ms=14.347 gap_ms=0.008 wall_ms=13.241 generated=422->426 rounds=1 drafted=3 accepted=3 k=3
[tick] act=3 int=3 priming=1 ready=0 spec=3 demoted=0 spec_calls=2 spec_ms=27.6 prefill_single_calls=0 prefill_single_tokens=0 prefill_batch_calls=0 prefill_batch_tokens=0 prefill_ms=0.0 decode_ms=0.0
[spec-acc] ctx=2591 burst=3/3 cum=311/354=0.879
[tick-spec] seq=1 slot=1 trace=- start_ms=0.000 gap_ms=0.000 wall_ms=13.279 generated=426->430 rounds=1 drafted=3 accepted=3 k=3
[spec-acc] ctx=2596 burst=1/3 cum=305/378=0.807
[tick-spec] seq=2 slot=0 trace=- start_ms=13.287 gap_ms=0.008 wall_ms=15.450 generated=431->433 rounds=1 drafted=3 accepted=1 k=3
[prime-chunk] phase=mtp-trunk rows=4096 wall_ms=381.836
[prime-yield] count=5 remaining=64 chunks=1 wall_ms=381.836 max_chunk_ms=381.836
[tick-spec] seq=3 slot=2 trace=- start_ms=28.745 gap_ms=0.008 wall_ms=382.022 generated=0->0 rounds=0 drafted=0 accepted=0 k=3
[tick] act=3 int=3 priming=1 ready=0 spec=3 demoted=0 spec_calls=3 spec_ms=410.8 prefill_single_calls=0 prefill_single_tokens=0 prefill_batch_calls=0 prefill_batch_tokens=0 prefill_ms=0.0 decode_ms=0.0
[spec-acc] ctx=2598 burst=1/3 cum=306/381=0.803
[tick-spec] seq=1 slot=0 trace=- start_ms=0.001 gap_ms=0.001 wall_ms=16.464 generated=433->435 rounds=1 drafted=3 accepted=1 k=3
[spec-acc] ctx=2595 burst=3/3 cum=314/357=0.880
[tick-spec] seq=2 slot=1 trace=- start_ms=16.473 gap_ms=0.008 wall_ms=33.812 generated=430->434 rounds=1 drafted=3 accepted=3 k=3
[tick] act=3 int=3 priming=1 ready=0 spec=3 demoted=0 spec_calls=2 spec_ms=50.3 prefill_single_calls=0 prefill_single_tokens=0 prefill_batch_calls=0 prefill_batch_tokens=0 prefill_ms=0.0 decode_ms=0.0
[spec-acc] ctx=2600 burst=2/3 cum=308/384=0.802
[tick-spec] seq=1 slot=0 trace=- start_ms=0.001 gap_ms=0.001 wall_ms=15.491 generated=435->438 rounds=1 drafted=3 accepted=2 k=3
[spec-acc] ctx=2599 burst=3/3 cum=317/360=0.881
[tick-spec] seq=2 slot=1 trace=- start_ms=15.500 gap_ms=0.008 wall_ms=14.368 generated=434->438 rounds=1 drafted=3 accepted=3 k=3
[tick] act=3 int=3 priming=1 ready=0 spec=3 demoted=0 spec_calls=2 spec_ms=29.9 prefill_single_calls=0 prefill_single_tokens=0 prefill_batch_calls=0 prefill_batch_tokens=0 prefill_ms=0.0 decode_ms=0.0
[spec-acc] ctx=2603 burst=3/3 cum=320/363=0.882
[tick-spec] seq=1 slot=1 trace=- start_ms=0.000 gap_ms=0.000 wall_ms=13.302 generated=438->442 rounds=1 drafted=3 accepted=3 k=3
[spec-acc] ctx=2603 burst=3/3 cum=311/387=0.804
[tick-spec] seq=2 slot=0 trace=- start_ms=13.310 gap_ms=0.007 wall_ms=15.342 generated=438->442 rounds=1 drafted=3 accepted=3 k=3
[tick] act=3 int=3 priming=1 ready=0 spec=3 demoted=0 spec_calls=2 spec_ms=28.7 prefill_single_calls=0 prefill_single_tokens=0 prefill_batch_calls=0 prefill_batch_tokens=0 prefill_ms=0.0 decode_ms=0.0
[spec-acc] ctx=2607 burst=3/3 cum=314/390=0.805
[tick-spec] seq=1 slot=0 trace=- start_ms=0.000 gap_ms=0.000 wall_ms=14.382 generated=442->446 rounds=1 drafted=3 accepted=3 k=3
[spec-acc] ctx=2607 burst=0/3 cum=320/366=0.874
[tick-spec] seq=2 slot=1 trace=- start_ms=14.390 gap_ms=0.007 wall_ms=13.353 generated=442->443 rounds=1 drafted=3 accepted=0 k=3
[tick] act=3 int=3 priming=1 ready=0 spec=3 demoted=0 spec_calls=2 spec_ms=27.8 prefill_single_calls=0 prefill_single_tokens=0 prefill_batch_calls=0 prefill_batch_tokens=0 prefill_ms=0.0 decode_ms=0.0
[spec-acc] ctx=2611 burst=3/3 cum=317/393=0.807
[tick-spec] seq=1 slot=0 trace=- start_ms=0.000 gap_ms=0.000 wall_ms=15.336 generated=446->450 rounds=1 drafted=3 accepted=3 k=3
[spec-acc] ctx=2608 burst=3/3 cum=323/369=0.875
[tick-spec] seq=2 slot=1 trace=- start_ms=15.344 gap_ms=0.007 wall_ms=13.313 generated=443->447 rounds=1 drafted=3 accepted=3 k=3
[tick] act=3 int=3 priming=1 ready=0 spec=3 demoted=0 spec_calls=2 spec_ms=28.7 prefill_single_calls=0 prefill_single_tokens=0 prefill_batch_calls=0 prefill_batch_tokens=0 prefill_ms=0.0 decode_ms=0.0
[spec-acc] ctx=2612 burst=3/3 cum=326/372=0.876
[tick-spec] seq=1 slot=1 trace=- start_ms=0.000 gap_ms=0.000 wall_ms=14.340 generated=447->451 rounds=1 drafted=3 accepted=3 k=3
[spec-acc] ctx=2615 burst=3/3 cum=320/396=0.808
[tick-spec] seq=2 slot=0 trace=- start_ms=14.349 gap_ms=0.008 wall_ms=13.245 generated=450->454 rounds=1 drafted=3 accepted=3 k=3
[tick] act=3 int=3 priming=1 ready=0 spec=3 demoted=0 spec_calls=2 spec_ms=27.6 prefill_single_calls=0 prefill_single_tokens=0 prefill_batch_calls=0 prefill_batch_tokens=0 prefill_ms=0.0 decode_ms=0.0
[spec-acc] ctx=2619 burst=3/3 cum=323/399=0.810
[tick-spec] seq=1 slot=0 trace=- start_ms=0.000 gap_ms=0.000 wall_ms=15.371 generated=454->458 rounds=1 drafted=3 accepted=3 k=3
[spec-acc] ctx=2616 burst=3/3 cum=329/375=0.877
[tick-spec] seq=2 slot=1 trace=- start_ms=15.379 gap_ms=0.007 wall_ms=14.348 generated=451->455 rounds=1 drafted=3 accepted=3 k=3
[tick] act=3 int=3 priming=1 ready=0 spec=3 demoted=0 spec_calls=2 spec_ms=29.7 prefill_single_calls=0 prefill_single_tokens=0 prefill_batch_calls=0 prefill_batch_tokens=0 prefill_ms=0.0 decode_ms=0.0
[spec-acc] ctx=2623 burst=3/3 cum=326/402=0.811
[tick-spec] seq=1 slot=0 trace=- start_ms=0.000 gap_ms=0.000 wall_ms=14.320 generated=458->462 rounds=1 drafted=3 accepted=3 k=3
[spec-acc] ctx=2620 burst=2/3 cum=331/378=0.876
[tick-spec] seq=2 slot=1 trace=- start_ms=14.327 gap_ms=0.007 wall_ms=14.422 generated=455->458 rounds=1 drafted=3 accepted=2 k=3
[tick] act=3 int=3 priming=1 ready=0 spec=3 demoted=0 spec_calls=2 spec_ms=28.8 prefill_single_calls=0 prefill_single_tokens=0 prefill_batch_calls=0 prefill_batch_tokens=0 prefill_ms=0.0 decode_ms=0.0
[spec-acc] ctx=2623 burst=3/3 cum=334/381=0.877
[tick-spec] seq=1 slot=1 trace=- start_ms=0.000 gap_ms=0.000 wall_ms=14.385 generated=458->462 rounds=1 drafted=3 accepted=3 k=3
[spec-acc] ctx=2627 burst=0/3 cum=326/405=0.805
[tick-spec] seq=2 slot=0 trace=- start_ms=14.393 gap_ms=0.007 wall_ms=14.387 generated=462->463 rounds=1 drafted=3 accepted=0 k=3
[tick] act=3 int=3 priming=1 ready=0 spec=3 demoted=0 spec_calls=2 spec_ms=28.8 prefill_single_calls=0 prefill_single_tokens=0 prefill_batch_calls=0 prefill_batch_tokens=0 prefill_ms=0.0 decode_ms=0.0
[spec-acc] ctx=2628 burst=3/3 cum=329/408=0.806
[tick-spec] seq=1 slot=0 trace=- start_ms=0.000 gap_ms=0.000 wall_ms=14.332 generated=463->467 rounds=1 drafted=3 accepted=3 k=3
[spec-acc] ctx=2627 burst=3/3 cum=337/384=0.878
[tick-spec] seq=2 slot=1 trace=- start_ms=14.340 gap_ms=0.008 wall_ms=29.213 generated=462->466 rounds=1 drafted=3 accepted=3 k=3
[tick] act=3 int=3 priming=1 ready=0 spec=3 demoted=0 spec_calls=2 spec_ms=43.6 prefill_single_calls=0 prefill_single_tokens=0 prefill_batch_calls=0 prefill_batch_tokens=0 prefill_ms=0.0 decode_ms=0.0
[spec-acc] ctx=2632 burst=3/3 cum=332/411=0.808
[tick-spec] seq=1 slot=0 trace=- start_ms=0.000 gap_ms=0.000 wall_ms=28.907 generated=467->471 rounds=1 drafted=3 accepted=3 k=3
[spec-acc] ctx=2631 burst=3/3 cum=340/387=0.879
[tick-spec] seq=2 slot=1 trace=- start_ms=28.916 gap_ms=0.009 wall_ms=14.488 generated=466->470 rounds=1 drafted=3 accepted=3 k=3
[prime-chunk] phase=mtp-trunk rows=4096 wall_ms=395.160
[prime-yield] count=6 remaining=63 chunks=1 wall_ms=395.160 max_chunk_ms=395.160
[tick-spec] seq=3 slot=2 trace=- start_ms=43.414 gap_ms=0.010 wall_ms=395.364 generated=0->0 rounds=0 drafted=0 accepted=0 k=3
[tick] act=3 int=3 priming=1 ready=0 spec=3 demoted=0 spec_calls=3 spec_ms=438.8 prefill_single_calls=0 prefill_single_tokens=0 prefill_batch_calls=0 prefill_batch_tokens=0 prefill_ms=0.0 decode_ms=0.0
[spec-acc] ctx=2635 burst=3/3 cum=343/390=0.879
[tick-spec] seq=1 slot=1 trace=- start_ms=0.001 gap_ms=0.001 wall_ms=14.532 generated=470->474 rounds=1 drafted=3 accepted=3 k=3
[spec-acc] ctx=2636 burst=3/3 cum=335/414=0.809
[tick-spec] seq=2 slot=0 trace=- start_ms=14.541 gap_ms=0.008 wall_ms=14.401 generated=471->475 rounds=1 drafted=3 accepted=3 k=3
[tick] act=3 int=3 priming=1 ready=0 spec=3 demoted=0 spec_calls=2 spec_ms=29.0 prefill_single_calls=0 prefill_single_tokens=0 prefill_batch_calls=0 prefill_batch_tokens=0 prefill_ms=0.0 decode_ms=0.0
[spec-acc] ctx=2640 burst=3/3 cum=338/417=0.811
[tick-spec] seq=1 slot=0 trace=- start_ms=0.000 gap_ms=0.000 wall_ms=15.445 generated=475->479 rounds=1 drafted=3 accepted=3 k=3
[spec-acc] ctx=2639 burst=3/3 cum=346/393=0.880
[tick-spec] seq=2 slot=1 trace=- start_ms=15.453 gap_ms=0.008 wall_ms=12.838 generated=474->478 rounds=1 drafted=3 accepted=3 k=3
[tick] act=3 int=3 priming=1 ready=0 spec=3 demoted=0 spec_calls=2 spec_ms=28.3 prefill_single_calls=0 prefill_single_tokens=0 prefill_batch_calls=0 prefill_batch_tokens=0 prefill_ms=0.0 decode_ms=0.0
[spec-acc] ctx=2644 burst=3/3 cum=341/420=0.812
[tick-spec] seq=1 slot=0 trace=- start_ms=0.001 gap_ms=0.001 wall_ms=15.436 generated=479->483 rounds=1 drafted=3 accepted=3 k=3
[spec-acc] ctx=2643 burst=3/3 cum=349/396=0.881
[tick-spec] seq=2 slot=1 trace=- start_ms=15.445 gap_ms=0.008 wall_ms=13.353 generated=478->482 rounds=1 drafted=3 accepted=3 k=3
[tick] act=3 int=3 priming=1 ready=0 spec=3 demoted=0 spec_calls=2 spec_ms=28.8 prefill_single_calls=0 prefill_single_tokens=0 prefill_batch_calls=0 prefill_batch_tokens=0 prefill_ms=0.0 decode_ms=0.0
[spec-acc] ctx=2647 burst=3/3 cum=352/399=0.882
[tick-spec] seq=1 slot=1 trace=- start_ms=0.000 gap_ms=0.000 wall_ms=14.409 generated=482->486 rounds=1 drafted=3 accepted=3 k=3
[spec-acc] ctx=2648 burst=3/3 cum=344/423=0.813
[tick-spec] seq=2 slot=0 trace=- start_ms=14.417 gap_ms=0.008 wall_ms=14.825 generated=483->487 rounds=1 drafted=3 accepted=3 k=3
[tick] act=3 int=3 priming=1 ready=0 spec=3 demoted=0 spec_calls=2 spec_ms=29.3 prefill_single_calls=0 prefill_single_tokens=0 prefill_batch_calls=0 prefill_batch_tokens=0 prefill_ms=0.0 decode_ms=0.0
[spec-acc] ctx=2652 burst=3/3 cum=347/426=0.815
[tick-spec] seq=1 slot=0 trace=- start_ms=0.000 gap_ms=0.000 wall_ms=13.376 generated=487->491 rounds=1 drafted=3 accepted=3 k=3
[spec-acc] ctx=2651 burst=3/3 cum=355/402=0.883
[tick-spec] seq=2 slot=1 trace=- start_ms=13.384 gap_ms=0.007 wall_ms=14.370 generated=486->490 rounds=1 drafted=3 accepted=3 k=3
[tick] act=3 int=3 priming=1 ready=0 spec=3 demoted=0 spec_calls=2 spec_ms=27.8 prefill_single_calls=0 prefill_single_tokens=0 prefill_batch_calls=0 prefill_batch_tokens=0 prefill_ms=0.0 decode_ms=0.0
[spec-acc] ctx=2656 burst=2/3 cum=349/429=0.814
[tick-spec] seq=1 slot=0 trace=- start_ms=0.000 gap_ms=0.000 wall_ms=32.273 generated=491->494 rounds=1 drafted=3 accepted=2 k=3
[spec-acc] ctx=2655 burst=3/3 cum=358/405=0.884
[tick-spec] seq=2 slot=1 trace=- start_ms=32.281 gap_ms=0.008 wall_ms=32.459 generated=490->494 rounds=1 drafted=3 accepted=3 k=3
[tick] act=3 int=3 priming=1 ready=0 spec=3 demoted=0 spec_calls=2 spec_ms=64.7 prefill_single_calls=0 prefill_single_tokens=0 prefill_batch_calls=0 prefill_batch_tokens=0 prefill_ms=0.0 decode_ms=0.0
[spec-acc] ctx=2659 burst=3/3 cum=361/408=0.885
[tick-spec] seq=1 slot=1 trace=- start_ms=0.001 gap_ms=0.001 wall_ms=14.385 generated=494->498 rounds=1 drafted=3 accepted=3 k=3
[spec-acc] ctx=2659 burst=3/3 cum=352/432=0.815
[tick-spec] seq=2 slot=0 trace=- start_ms=14.393 gap_ms=0.008 wall_ms=14.461 generated=494->498 rounds=1 drafted=3 accepted=3 k=3
[tick] act=3 int=3 priming=1 ready=0 spec=3 demoted=0 spec_calls=2 spec_ms=28.9 prefill_single_calls=0 prefill_single_tokens=0 prefill_batch_calls=0 prefill_batch_tokens=0 prefill_ms=0.0 decode_ms=0.0
[spec-acc] ctx=2663 burst=3/3 cum=355/435=0.816
[tick-spec] seq=1 slot=0 trace=- start_ms=0.000 gap_ms=0.000 wall_ms=14.377 generated=498->502 rounds=1 drafted=3 accepted=3 k=3
[spec-acc] ctx=2663 burst=3/3 cum=364/411=0.886
[tick-spec] seq=2 slot=1 trace=- start_ms=14.385 gap_ms=0.007 wall_ms=13.322 generated=498->502 rounds=1 drafted=3 accepted=3 k=3
[tick] act=3 int=3 priming=1 ready=0 spec=3 demoted=0 spec_calls=2 spec_ms=27.7 prefill_single_calls=0 prefill_single_tokens=0 prefill_batch_calls=0 prefill_batch_tokens=0 prefill_ms=0.0 decode_ms=0.0
[spec-acc] ctx=2667 burst=3/3 cum=358/438=0.817
[tick-spec] seq=1 slot=0 trace=- start_ms=0.001 gap_ms=0.001 wall_ms=15.444 generated=502->506 rounds=1 drafted=3 accepted=3 k=3
[spec-acc] ctx=2667 burst=3/3 cum=367/414=0.886
[tick-spec] seq=2 slot=1 trace=- start_ms=15.453 gap_ms=0.008 wall_ms=14.403 generated=502->506 rounds=1 drafted=3 accepted=3 k=3
[tick] act=3 int=3 priming=1 ready=0 spec=3 demoted=0 spec_calls=2 spec_ms=29.9 prefill_single_calls=0 prefill_single_tokens=0 prefill_batch_calls=0 prefill_batch_tokens=0 prefill_ms=0.0 decode_ms=0.0
[spec-acc] ctx=2671 burst=2/3 cum=369/417=0.885
[tick-spec] seq=1 slot=1 trace=- start_ms=0.000 gap_ms=0.000 wall_ms=14.475 generated=506->509 rounds=1 drafted=3 accepted=2 k=3
[spec-acc] ctx=2671 burst=3/3 cum=361/441=0.819
[tick-spec] seq=2 slot=0 trace=- start_ms=14.483 gap_ms=0.007 wall_ms=14.379 generated=506->510 rounds=1 drafted=3 accepted=3 k=3
[tick] act=3 int=3 priming=1 ready=0 spec=3 demoted=0 spec_calls=2 spec_ms=28.9 prefill_single_calls=0 prefill_single_tokens=0 prefill_batch_calls=0 prefill_batch_tokens=0 prefill_ms=0.0 decode_ms=0.0
[spec-acc] ctx=2675 burst=2/3 cum=363/444=0.818
[tick-spec] seq=1 slot=0 trace=- start_ms=0.000 gap_ms=0.000 wall_ms=15.555 generated=510->513 rounds=1 drafted=3 accepted=2 k=3
[spec-acc] ctx=2674 burst=3/3 cum=372/420=0.886
[tick-spec] seq=2 slot=1 trace=- start_ms=15.562 gap_ms=0.007 wall_ms=15.429 generated=509->513 rounds=1 drafted=3 accepted=3 k=3
[prime-chunk] phase=mtp-trunk rows=4096 wall_ms=408.532
[prime-yield] count=7 remaining=62 chunks=1 wall_ms=408.532 max_chunk_ms=408.532
[tick-spec] seq=3 slot=2 trace=- start_ms=30.999 gap_ms=0.008 wall_ms=408.719 generated=0->0 rounds=0 drafted=0 accepted=0 k=3
[tick] act=3 int=3 priming=1 ready=0 spec=3 demoted=0 spec_calls=3 spec_ms=439.7 prefill_single_calls=0 prefill_single_tokens=0 prefill_batch_calls=0 prefill_batch_tokens=0 prefill_ms=0.0 decode_ms=0.0
[spec-acc] ctx=2678 burst=3/3 cum=366/447=0.819
[tick-spec] seq=1 slot=0 trace=- start_ms=0.001 gap_ms=0.001 wall_ms=31.104 generated=513->517 rounds=1 drafted=3 accepted=3 k=3
[spec-acc] ctx=2678 burst=0/3 cum=372/423=0.879
[tick-spec] seq=2 slot=1 trace=- start_ms=31.113 gap_ms=0.009 wall_ms=33.982 generated=513->514 rounds=1 drafted=3 accepted=0 k=3
[tick] act=3 int=3 priming=1 ready=0 spec=3 demoted=0 spec_calls=2 spec_ms=65.1 prefill_single_calls=0 prefill_single_tokens=0 prefill_batch_calls=0 prefill_batch_tokens=0 prefill_ms=0.0 decode_ms=0.0
[spec-acc] ctx=2679 burst=1/3 cum=373/426=0.876
[tick-spec] seq=1 slot=1 trace=- start_ms=0.001 gap_ms=0.001 wall_ms=15.566 generated=514->516 rounds=1 drafted=3 accepted=1 k=3
[spec-acc] ctx=2682 burst=0/3 cum=366/450=0.813
[tick-spec] seq=2 slot=0 trace=- start_ms=15.574 gap_ms=0.008 wall_ms=13.390 generated=517->518 rounds=1 drafted=3 accepted=0 k=3
[tick] act=3 int=3 priming=1 ready=0 spec=3 demoted=0 spec_calls=2 spec_ms=29.0 prefill_single_calls=0 prefill_single_tokens=0 prefill_batch_calls=0 prefill_batch_tokens=0 prefill_ms=0.0 decode_ms=0.0
[spec-acc] ctx=2683 burst=3/3 cum=369/453=0.815
[tick-spec] seq=1 slot=0 trace=- start_ms=0.000 gap_ms=0.000 wall_ms=15.482 generated=518->522 rounds=1 drafted=3 accepted=3 k=3
[spec-acc] ctx=2681 burst=3/3 cum=376/429=0.876
[tick-spec] seq=2 slot=1 trace=- start_ms=15.498 gap_ms=0.016 wall_ms=13.361 generated=516->520 rounds=1 drafted=3 accepted=3 k=3
[tick] act=3 int=3 priming=1 ready=0 spec=3 demoted=0 spec_calls=2 spec_ms=28.9 prefill_single_calls=0 prefill_single_tokens=0 prefill_batch_calls=0 prefill_batch_tokens=0 prefill_ms=0.0 decode_ms=0.0
[spec-acc] ctx=2687 burst=3/3 cum=372/456=0.816
[tick-spec] seq=1 slot=0 trace=- start_ms=0.000 gap_ms=0.000 wall_ms=14.378 generated=522->526 rounds=1 drafted=3 accepted=3 k=3
[spec-acc] ctx=2685 burst=3/3 cum=379/432=0.877
[tick-spec] seq=2 slot=1 trace=- start_ms=14.386 gap_ms=0.007 wall_ms=15.473 generated=520->524 rounds=1 drafted=3 accepted=3 k=3
[tick] act=3 int=3 priming=1 ready=0 spec=3 demoted=0 spec_calls=2 spec_ms=29.9 prefill_single_calls=0 prefill_single_tokens=0 prefill_batch_calls=0 prefill_batch_tokens=0 prefill_ms=0.0 decode_ms=0.0
[spec-acc] ctx=2689 burst=3/3 cum=382/435=0.878
[tick-spec] seq=1 slot=1 trace=- start_ms=0.000 gap_ms=0.000 wall_ms=14.357 generated=524->528 rounds=1 drafted=3 accepted=3 k=3
[spec-acc] ctx=2691 burst=3/3 cum=375/459=0.817
[tick-spec] seq=2 slot=0 trace=- start_ms=14.365 gap_ms=0.008 wall_ms=15.422 generated=526->530 rounds=1 drafted=3 accepted=3 k=3
[tick] act=3 int=3 priming=1 ready=0 spec=3 demoted=0 spec_calls=2 spec_ms=29.8 prefill_single_calls=0 prefill_single_tokens=0 prefill_batch_calls=0 prefill_batch_tokens=0 prefill_ms=0.1 decode_ms=0.0
[spec-acc] ctx=2695 burst=3/3 cum=378/462=0.818
[tick-spec] seq=1 slot=0 trace=- start_ms=0.000 gap_ms=0.000 wall_ms=13.362 generated=530->534 rounds=1 drafted=3 accepted=3 k=3
[spec-acc] ctx=2693 burst=3/3 cum=385/438=0.879
[tick-spec] seq=2 slot=1 trace=- start_ms=13.370 gap_ms=0.008 wall_ms=15.454 generated=528->532 rounds=1 drafted=3 accepted=3 k=3
[tick] act=3 int=3 priming=1 ready=0 spec=3 demoted=0 spec_calls=2 spec_ms=28.8 prefill_single_calls=0 prefill_single_tokens=0 prefill_batch_calls=0 prefill_batch_tokens=0 prefill_ms=0.0 decode_ms=0.0
[spec-acc] ctx=2699 burst=3/3 cum=381/465=0.819
[tick-spec] seq=1 slot=0 trace=- start_ms=0.000 gap_ms=0.000 wall_ms=13.373 generated=534->538 rounds=1 drafted=3 accepted=3 k=3
[spec-acc] ctx=2697 burst=3/3 cum=388/441=0.880
[tick-spec] seq=2 slot=1 trace=- start_ms=13.381 gap_ms=0.007 wall_ms=15.457 generated=532->536 rounds=1 drafted=3 accepted=3 k=3
[tick] act=3 int=3 priming=1 ready=0 spec=3 demoted=0 spec_calls=2 spec_ms=28.8 prefill_single_calls=0 prefill_single_tokens=0 prefill_batch_calls=0 prefill_batch_tokens=0 prefill_ms=0.0 decode_ms=0.0
[spec-acc] ctx=2701 burst=3/3 cum=391/444=0.881
[tick-spec] seq=1 slot=1 trace=- start_ms=0.001 gap_ms=0.001 wall_ms=13.384 generated=536->540 rounds=1 drafted=3 accepted=3 k=3
[spec-acc] ctx=2703 burst=3/3 cum=384/468=0.821
[tick-spec] seq=2 slot=0 trace=- start_ms=13.392 gap_ms=0.008 wall_ms=14.380 generated=538->542 rounds=1 drafted=3 accepted=3 k=3
[tick] act=3 int=3 priming=1 ready=0 spec=3 demoted=0 spec_calls=2 spec_ms=27.8 prefill_single_calls=0 prefill_single_tokens=0 prefill_batch_calls=0 prefill_batch_tokens=0 prefill_ms=0.0 decode_ms=0.0
[spec-acc] ctx=2707 burst=3/3 cum=387/471=0.822
[tick-spec] seq=1 slot=0 trace=- start_ms=0.000 gap_ms=0.000 wall_ms=14.402 generated=542->546 rounds=1 drafted=3 accepted=3 k=3
[spec-acc] ctx=2705 burst=2/3 cum=393/447=0.879
[tick-spec] seq=2 slot=1 trace=- start_ms=14.409 gap_ms=0.007 wall_ms=14.473 generated=540->543 rounds=1 drafted=3 accepted=2 k=3
[tick] act=3 int=3 priming=1 ready=0 spec=3 demoted=0 spec_calls=2 spec_ms=28.9 prefill_single_calls=0 prefill_single_tokens=0 prefill_batch_calls=0 prefill_batch_tokens=0 prefill_ms=0.0 decode_ms=0.0
[spec-acc] ctx=2711 burst=3/3 cum=390/474=0.823
[tick-spec] seq=1 slot=0 trace=- start_ms=0.001 gap_ms=0.001 wall_ms=15.463 generated=546->550 rounds=1 drafted=3 accepted=3 k=3
[spec-acc] ctx=2708 burst=3/3 cum=396/450=0.880
[tick-spec] seq=2 slot=1 trace=- start_ms=15.472 gap_ms=0.008 wall_ms=26.524 generated=543->547 rounds=1 drafted=3 accepted=3 k=3
[tick] act=3 int=3 priming=1 ready=0 spec=3 demoted=0 spec_calls=2 spec_ms=42.0 prefill_single_calls=0 prefill_single_tokens=0 prefill_batch_calls=0 prefill_batch_tokens=0 prefill_ms=0.0 decode_ms=0.0
[spec-acc] ctx=2712 burst=3/3 cum=399/453=0.881
[tick-spec] seq=1 slot=1 trace=- start_ms=0.001 gap_ms=0.001 wall_ms=28.991 generated=547->551 rounds=1 drafted=3 accepted=3 k=3
[spec-acc] ctx=2715 burst=3/3 cum=393/477=0.824
[tick-spec] seq=2 slot=0 trace=- start_ms=28.999 gap_ms=0.008 wall_ms=14.295 generated=550->554 rounds=1 drafted=3 accepted=3 k=3
[prime-chunk] phase=mtp-trunk rows=4096 wall_ms=422.894
[prime-yield] count=8 remaining=61 chunks=1 wall_ms=422.894 max_chunk_ms=422.894
[tick-spec] seq=3 slot=2 trace=- start_ms=43.302 gap_ms=0.008 wall_ms=423.196 generated=0->0 rounds=0 drafted=0 accepted=0 k=3
[tick] act=3 int=3 priming=1 ready=0 spec=3 demoted=0 spec_calls=3 spec_ms=466.5 prefill_single_calls=0 prefill_single_tokens=0 prefill_batch_calls=0 prefill_batch_tokens=0 prefill_ms=0.0 decode_ms=0.0
[spec-acc] ctx=2719 burst=3/3 cum=396/480=0.825
[tick-spec] seq=1 slot=0 trace=- start_ms=0.001 gap_ms=0.001 wall_ms=13.371 generated=554->558 rounds=1 drafted=3 accepted=3 k=3
[spec-acc] ctx=2716 burst=3/3 cum=402/456=0.882
[tick-spec] seq=2 slot=1 trace=- start_ms=13.380 gap_ms=0.008 wall_ms=14.413 generated=551->555 rounds=1 drafted=3 accepted=3 k=3
[tick] act=3 int=3 priming=1 ready=0 spec=3 demoted=0 spec_calls=2 spec_ms=27.8 prefill_single_calls=0 prefill_single_tokens=0 prefill_batch_calls=0 prefill_batch_tokens=0 prefill_ms=0.0 decode_ms=0.0
[spec-acc] ctx=2723 burst=3/3 cum=399/483=0.826
[tick-spec] seq=1 slot=0 trace=- start_ms=0.001 gap_ms=0.001 wall_ms=15.492 generated=558->562 rounds=1 drafted=3 accepted=3 k=3
[spec-acc] ctx=2720 burst=2/3 cum=404/459=0.880
[tick-spec] seq=2 slot=1 trace=- start_ms=15.501 gap_ms=0.008 wall_ms=14.476 generated=555->558 rounds=1 drafted=3 accepted=2 k=3
[tick] act=3 int=3 priming=1 ready=0 spec=3 demoted=0 spec_calls=2 spec_ms=30.0 prefill_single_calls=0 prefill_single_tokens=0 prefill_batch_calls=0 prefill_batch_tokens=0 prefill_ms=0.0 decode_ms=0.0
[spec-acc] ctx=2723 burst=3/3 cum=407/462=0.881
[tick-spec] seq=1 slot=1 trace=- start_ms=0.000 gap_ms=0.000 wall_ms=13.383 generated=558->562 rounds=1 drafted=3 accepted=3 k=3
[spec-acc] ctx=2727 burst=3/3 cum=402/486=0.827
[tick-spec] seq=2 slot=0 trace=- start_ms=13.391 gap_ms=0.008 wall_ms=15.466 generated=562->566 rounds=1 drafted=3 accepted=3 k=3
[tick] act=3 int=3 priming=1 ready=0 spec=3 demoted=0 spec_calls=2 spec_ms=28.9 prefill_single_calls=0 prefill_single_tokens=0 prefill_batch_calls=0 prefill_batch_tokens=0 prefill_ms=0.0 decode_ms=0.0
[spec-acc] ctx=2731 burst=3/3 cum=405/489=0.828
[tick-spec] seq=1 slot=0 trace=- start_ms=0.000 gap_ms=0.000 wall_ms=14.385 generated=566->570 rounds=1 drafted=3 accepted=3 k=3
[spec-acc] ctx=2727 burst=3/3 cum=410/465=0.882
[tick-spec] seq=2 slot=1 trace=- start_ms=14.393 gap_ms=0.007 wall_ms=15.429 generated=562->566 rounds=1 drafted=3 accepted=3 k=3
[tick] act=3 int=3 priming=1 ready=0 spec=3 demoted=0 spec_calls=2 spec_ms=29.8 prefill_single_calls=0 prefill_single_tokens=0 prefill_batch_calls=0 prefill_batch_tokens=0 prefill_ms=0.0 decode_ms=0.0
[spec-acc] ctx=2735 burst=3/3 cum=408/492=0.829
[tick-spec] seq=1 slot=0 trace=- start_ms=0.000 gap_ms=0.000 wall_ms=28.461 generated=570->574 rounds=1 drafted=3 accepted=3 k=3
[spec-acc] ctx=2731 burst=3/3 cum=413/468=0.882
[tick-spec] seq=2 slot=1 trace=- start_ms=28.469 gap_ms=0.007 wall_ms=33.340 generated=566->570 rounds=1 drafted=3 accepted=3 k=3
[tick] act=3 int=3 priming=1 ready=0 spec=3 demoted=0 spec_calls=2 spec_ms=61.8 prefill_single_calls=0 prefill_single_tokens=0 prefill_batch_calls=0 prefill_batch_tokens=0 prefill_ms=0.0 decode_ms=0.0
[spec-acc] ctx=2735 burst=2/3 cum=415/471=0.881
[tick-spec] seq=1 slot=1 trace=- start_ms=0.000 gap_ms=0.000 wall_ms=15.573 generated=570->573 rounds=1 drafted=3 accepted=2 k=3
[spec-acc] ctx=2739 burst=3/3 cum=411/495=0.830
[tick-spec] seq=2 slot=0 trace=- start_ms=15.581 gap_ms=0.008 wall_ms=14.378 generated=574->578 rounds=1 drafted=3 accepted=3 k=3
[tick] act=3 int=3 priming=1 ready=0 spec=3 demoted=0 spec_calls=2 spec_ms=30.0 prefill_single_calls=0 prefill_single_tokens=0 prefill_batch_calls=0 prefill_batch_tokens=0 prefill_ms=0.0 decode_ms=0.0
[spec-acc] ctx=2743 burst=3/3 cum=414/498=0.831
[tick-spec] seq=1 slot=0 trace=- start_ms=0.000 gap_ms=0.000 wall_ms=14.638 generated=578->582 rounds=1 drafted=3 accepted=3 k=3
[spec-acc] ctx=2738 burst=3/3 cum=418/474=0.882
[tick-spec] seq=2 slot=1 trace=- start_ms=14.646 gap_ms=0.007 wall_ms=13.332 generated=573->577 rounds=1 drafted=3 accepted=3 k=3
[tick] act=3 int=3 priming=1 ready=0 spec=3 demoted=0 spec_calls=2 spec_ms=28.0 prefill_single_calls=0 prefill_single_tokens=0 prefill_batch_calls=0 prefill_batch_tokens=0 prefill_ms=0.0 decode_ms=0.0
[spec-acc] ctx=2747 burst=3/3 cum=417/501=0.832
[tick-spec] seq=1 slot=0 trace=- start_ms=0.000 gap_ms=0.000 wall_ms=15.422 generated=582->586 rounds=1 drafted=3 accepted=3 k=3
[spec-acc] ctx=2742 burst=3/3 cum=421/477=0.883
[tick-spec] seq=2 slot=1 trace=- start_ms=15.430 gap_ms=0.008 wall_ms=13.361 generated=577->581 rounds=1 drafted=3 accepted=3 k=3
[tick] act=3 int=3 priming=1 ready=0 spec=3 demoted=0 spec_calls=2 spec_ms=28.8 prefill_single_calls=0 prefill_single_tokens=0 prefill_batch_calls=0 prefill_batch_tokens=0 prefill_ms=0.0 decode_ms=0.0
[spec-acc] ctx=2746 burst=3/3 cum=424/480=0.883
[tick-spec] seq=1 slot=1 trace=- start_ms=0.000 gap_ms=0.000 wall_ms=14.553 generated=581->585 rounds=1 drafted=3 accepted=3 k=3
[spec-acc] ctx=2751 burst=3/3 cum=420/504=0.833
[tick-spec] seq=2 slot=0 trace=- start_ms=14.561 gap_ms=0.008 wall_ms=14.385 generated=586->590 rounds=1 drafted=3 accepted=3 k=3
[tick] act=3 int=3 priming=1 ready=0 spec=3 demoted=0 spec_calls=2 spec_ms=29.0 prefill_single_calls=0 prefill_single_tokens=0 prefill_batch_calls=0 prefill_batch_tokens=0 prefill_ms=0.0 decode_ms=0.0
[spec-acc] ctx=2755 burst=3/3 cum=423/507=0.834
[tick-spec] seq=1 slot=0 trace=- start_ms=0.000 gap_ms=0.000 wall_ms=14.375 generated=590->594 rounds=1 drafted=3 accepted=3 k=3
[spec-acc] ctx=2750 burst=3/3 cum=427/483=0.884
[tick-spec] seq=2 slot=1 trace=- start_ms=14.383 gap_ms=0.007 wall_ms=14.401 generated=585->589 rounds=1 drafted=3 accepted=3 k=3
[tick] act=3 int=3 priming=1 ready=0 spec=3 demoted=0 spec_calls=2 spec_ms=28.8 prefill_single_calls=0 prefill_single_tokens=0 prefill_batch_calls=0 prefill_batch_tokens=0 prefill_ms=0.0 decode_ms=0.0
[spec-acc] ctx=2759 burst=3/3 cum=426/510=0.835
[tick-spec] seq=1 slot=0 trace=- start_ms=0.000 gap_ms=0.000 wall_ms=15.452 generated=594->598 rounds=1 drafted=3 accepted=3 k=3
[spec-acc] ctx=2754 burst=3/3 cum=430/486=0.885
[tick-spec] seq=2 slot=1 trace=- start_ms=15.469 gap_ms=0.016 wall_ms=15.444 generated=589->593 rounds=1 drafted=3 accepted=3 k=3
[tick] act=3 int=3 priming=1 ready=0 spec=3 demoted=0 spec_calls=2 spec_ms=30.9 prefill_single_calls=0 prefill_single_tokens=0 prefill_batch_calls=0 prefill_batch_tokens=0 prefill_ms=0.0 decode_ms=0.0
[spec-acc] ctx=2758 burst=3/3 cum=433/489=0.885
[tick-spec] seq=1 slot=1 trace=- start_ms=0.000 gap_ms=0.000 wall_ms=14.431 generated=593->597 rounds=1 drafted=3 accepted=3 k=3
[spec-acc] ctx=2763 burst=3/3 cum=429/513=0.836
[tick-spec] seq=2 slot=0 trace=- start_ms=14.439 gap_ms=0.008 wall_ms=14.369 generated=598->602 rounds=1 drafted=3 accepted=3 k=3
[prime-chunk] phase=mtp-trunk rows=4096 wall_ms=436.101
[prime-yield] count=9 remaining=60 chunks=1 wall_ms=436.101 max_chunk_ms=436.101
[tick-spec] seq=3 slot=2 trace=- start_ms=28.818 gap_ms=0.009 wall_ms=436.295 generated=0->0 rounds=0 drafted=0 accepted=0 k=3
[tick] act=3 int=3 priming=1 ready=0 spec=3 demoted=0 spec_calls=3 spec_ms=465.1 prefill_single_calls=0 prefill_single_tokens=0 prefill_batch_calls=0 prefill_batch_tokens=0 prefill_ms=0.0 decode_ms=0.0
[spec-acc] ctx=2767 burst=3/3 cum=432/516=0.837
[tick-spec] seq=1 slot=0 trace=- start_ms=0.001 gap_ms=0.001 wall_ms=15.466 generated=602->606 rounds=1 drafted=3 accepted=3 k=3
[spec-acc] ctx=2762 burst=0/3 cum=433/492=0.880
[tick-spec] seq=2 slot=1 trace=- start_ms=15.474 gap_ms=0.008 wall_ms=14.525 generated=597->598 rounds=1 drafted=3 accepted=0 k=3
[tick] act=3 int=3 priming=1 ready=0 spec=3 demoted=0 spec_calls=2 spec_ms=30.0 prefill_single_calls=0 prefill_single_tokens=0 prefill_batch_calls=0 prefill_batch_tokens=0 prefill_ms=0.0 decode_ms=0.0
[spec-acc] ctx=2771 burst=3/3 cum=435/519=0.838
[tick-spec] seq=1 slot=0 trace=- start_ms=0.000 gap_ms=0.000 wall_ms=15.474 generated=606->610 rounds=1 drafted=3 accepted=3 k=3
[spec-acc] ctx=2763 burst=3/3 cum=436/495=0.881
[tick-spec] seq=2 slot=1 trace=- start_ms=15.482 gap_ms=0.007 wall_ms=14.410 generated=598->602 rounds=1 drafted=3 accepted=3 k=3
[tick] act=3 int=3 priming=1 ready=0 spec=3 demoted=0 spec_calls=2 spec_ms=29.9 prefill_single_calls=0 prefill_single_tokens=0 prefill_batch_calls=0 prefill_batch_tokens=0 prefill_ms=0.0 decode_ms=0.0
[spec-acc] ctx=2767 burst=3/3 cum=439/498=0.882
[tick-spec] seq=1 slot=1 trace=- start_ms=0.000 gap_ms=0.000 wall_ms=14.399 generated=602->606 rounds=1 drafted=3 accepted=3 k=3
[spec-acc] ctx=2775 burst=3/3 cum=438/522=0.839
[tick-spec] seq=2 slot=0 trace=- start_ms=14.407 gap_ms=0.007 wall_ms=14.382 generated=610->614 rounds=1 drafted=3 accepted=3 k=3
[tick] act=3 int=3 priming=1 ready=0 spec=3 demoted=0 spec_calls=2 spec_ms=28.8 prefill_single_calls=0 prefill_single_tokens=0 prefill_batch_calls=0 prefill_batch_tokens=0 prefill_ms=0.0 decode_ms=0.0
[spec-acc] ctx=2779 burst=0/3 cum=438/525=0.834
[tick-spec] seq=1 slot=0 trace=- start_ms=0.000 gap_ms=0.000 wall_ms=15.504 generated=614->615 rounds=1 drafted=3 accepted=0 k=3
[spec-acc] ctx=2771 burst=3/3 cum=442/501=0.882
[tick-spec] seq=2 slot=1 trace=- start_ms=15.511 gap_ms=0.007 wall_ms=13.314 generated=606->610 rounds=1 drafted=3 accepted=3 k=3
[tick] act=3 int=3 priming=1 ready=0 spec=3 demoted=0 spec_calls=2 spec_ms=28.8 prefill_single_calls=0 prefill_single_tokens=0 prefill_batch_calls=0 prefill_batch_tokens=0 prefill_ms=0.0 decode_ms=0.0
[spec-acc] ctx=2780 burst=1/3 cum=439/528=0.831
[tick-spec] seq=1 slot=0 trace=- start_ms=0.000 gap_ms=0.000 wall_ms=15.554 generated=615->617 rounds=1 drafted=3 accepted=1 k=3
[spec-acc] ctx=2775 burst=3/3 cum=445/504=0.883
[tick-spec] seq=2 slot=1 trace=- start_ms=15.562 gap_ms=0.007 wall_ms=13.334 generated=610->614 rounds=1 drafted=3 accepted=3 k=3
[tick] act=3 int=3 priming=1 ready=0 spec=3 demoted=0 spec_calls=2 spec_ms=28.9 prefill_single_calls=0 prefill_single_tokens=0 prefill_batch_calls=0 prefill_batch_tokens=0 prefill_ms=0.0 decode_ms=0.0
[spec-acc] ctx=2779 burst=3/3 cum=448/507=0.884
[tick-spec] seq=1 slot=1 trace=- start_ms=0.000 gap_ms=0.000 wall_ms=14.358 generated=614->618 rounds=1 drafted=3 accepted=3 k=3
[spec-acc] ctx=2782 burst=0/3 cum=439/531=0.827
[tick-spec] seq=2 slot=0 trace=- start_ms=14.373 gap_ms=0.015 wall_ms=15.470 generated=617->618 rounds=1 drafted=3 accepted=0 k=3
[tick] act=3 int=3 priming=1 ready=0 spec=3 demoted=0 spec_calls=2 spec_ms=29.9 prefill_single_calls=0 prefill_single_tokens=0 prefill_batch_calls=0 prefill_batch_tokens=0 prefill_ms=0.0 decode_ms=0.0
[spec-acc] ctx=2783 burst=3/3 cum=442/534=0.828
[tick-spec] seq=1 slot=0 trace=- start_ms=0.000 gap_ms=0.000 wall_ms=15.433 generated=618->622 rounds=1 drafted=3 accepted=3 k=3
[spec-acc] ctx=2783 burst=3/3 cum=451/510=0.884
[tick-spec] seq=2 slot=1 trace=- start_ms=15.442 gap_ms=0.008 wall_ms=15.445 generated=618->622 rounds=1 drafted=3 accepted=3 k=3
[tick] act=3 int=3 priming=1 ready=0 spec=3 demoted=0 spec_calls=2 spec_ms=30.9 prefill_single_calls=0 prefill_single_tokens=0 prefill_batch_calls=0 prefill_batch_tokens=0 prefill_ms=0.0 decode_ms=0.0
[spec-acc] ctx=2787 burst=3/3 cum=445/537=0.829
[tick-spec] seq=1 slot=0 trace=- start_ms=0.000 gap_ms=0.000 wall_ms=14.422 generated=622->626 rounds=1 drafted=3 accepted=3 k=3
[spec-acc] ctx=2787 burst=3/3 cum=454/513=0.885
[tick-spec] seq=2 slot=1 trace=- start_ms=14.430 gap_ms=0.007 wall_ms=33.303 generated=622->626 rounds=1 drafted=3 accepted=3 k=3
[tick] act=3 int=3 priming=1 ready=0 spec=3 demoted=0 spec_calls=2 spec_ms=47.7 prefill_single_calls=0 prefill_single_tokens=0 prefill_batch_calls=0 prefill_batch_tokens=0 prefill_ms=0.0 decode_ms=0.0
[spec-acc] ctx=2791 burst=3/3 cum=457/516=0.886
[tick-spec] seq=1 slot=1 trace=- start_ms=0.001 gap_ms=0.001 wall_ms=28.932 generated=626->630 rounds=1 drafted=3 accepted=3 k=3
[spec-acc] ctx=2791 burst=3/3 cum=448/540=0.830
[tick-spec] seq=2 slot=0 trace=- start_ms=28.941 gap_ms=0.009 wall_ms=12.267 generated=626->630 rounds=1 drafted=3 accepted=3 k=3
[tick] act=3 int=3 priming=1 ready=0 spec=3 demoted=0 spec_calls=2 spec_ms=41.2 prefill_single_calls=0 prefill_single_tokens=0 prefill_batch_calls=0 prefill_batch_tokens=0 prefill_ms=0.0 decode_ms=0.0
[spec-acc] ctx=2795 burst=2/3 cum=450/543=0.829
[tick-spec] seq=1 slot=0 trace=- start_ms=0.000 gap_ms=0.000 wall_ms=13.418 generated=630->633 rounds=1 drafted=3 accepted=2 k=3
[spec-acc] ctx=2795 burst=2/3 cum=459/519=0.884
[tick-spec] seq=2 slot=1 trace=- start_ms=13.426 gap_ms=0.007 wall_ms=14.505 generated=630->633 rounds=1 drafted=3 accepted=2 k=3
[tick] act=3 int=3 priming=1 ready=0 spec=3 demoted=0 spec_calls=2 spec_ms=27.9 prefill_single_calls=0 prefill_single_tokens=0 prefill_batch_calls=0 prefill_batch_tokens=0 prefill_ms=0.0 decode_ms=0.0
[spec-acc] ctx=2798 burst=3/3 cum=453/546=0.830
[tick-spec] seq=1 slot=0 trace=- start_ms=0.000 gap_ms=0.000 wall_ms=13.338 generated=633->637 rounds=1 drafted=3 accepted=3 k=3
[spec-acc] ctx=2798 burst=3/3 cum=462/522=0.885
[tick-spec] seq=2 slot=1 trace=- start_ms=13.346 gap_ms=0.007 wall_ms=14.429 generated=633->637 rounds=1 drafted=3 accepted=3 k=3
[tick] act=3 int=3 priming=1 ready=0 spec=3 demoted=0 spec_calls=2 spec_ms=27.8 prefill_single_calls=0 prefill_single_tokens=0 prefill_batch_calls=0 prefill_batch_tokens=0 prefill_ms=0.0 decode_ms=0.0
[spec-acc] ctx=2802 burst=3/3 cum=465/525=0.886
[tick-spec] seq=1 slot=1 trace=- start_ms=0.000 gap_ms=0.000 wall_ms=14.403 generated=637->641 rounds=1 drafted=3 accepted=3 k=3
[spec-acc] ctx=2802 burst=1/3 cum=454/549=0.827
[tick-spec] seq=2 slot=0 trace=- start_ms=14.411 gap_ms=0.007 wall_ms=14.473 generated=637->639 rounds=1 drafted=3 accepted=1 k=3
[tick] act=3 int=3 priming=1 ready=0 spec=3 demoted=0 spec_calls=2 spec_ms=28.9 prefill_single_calls=0 prefill_single_tokens=0 prefill_batch_calls=0 prefill_batch_tokens=0 prefill_ms=0.0 decode_ms=0.0
[spec-acc] ctx=2804 burst=3/3 cum=457/552=0.828
[tick-spec] seq=1 slot=0 trace=- start_ms=0.000 gap_ms=0.000 wall_ms=14.434 generated=639->643 rounds=1 drafted=3 accepted=3 k=3
[spec-acc] ctx=2806 burst=3/3 cum=468/528=0.886
[tick-spec] seq=2 slot=1 trace=- start_ms=14.443 gap_ms=0.008 wall_ms=13.368 generated=641->645 rounds=1 drafted=3 accepted=3 k=3
[prime-chunk] phase=mtp-trunk rows=4096 wall_ms=449.558
[prime-yield] count=10 remaining=59 chunks=1 wall_ms=449.558 max_chunk_ms=449.558
[tick-spec] seq=3 slot=2 trace=- start_ms=27.826 gap_ms=0.016 wall_ms=449.758 generated=0->0 rounds=0 drafted=0 accepted=0 k=3
[tick] act=3 int=3 priming=1 ready=0 spec=3 demoted=0 spec_calls=3 spec_ms=477.6 prefill_single_calls=0 prefill_single_tokens=0 prefill_batch_calls=0 prefill_batch_tokens=0 prefill_ms=0.0 decode_ms=0.0
[spec-acc] ctx=2808 burst=3/3 cum=460/555=0.829
[tick-spec] seq=1 slot=0 trace=- start_ms=0.001 gap_ms=0.001 wall_ms=41.494 generated=643->647 rounds=1 drafted=3 accepted=3 k=3
[spec-acc] ctx=2810 burst=1/3 cum=469/531=0.883
[tick-spec] seq=2 slot=1 trace=- start_ms=41.503 gap_ms=0.008 wall_ms=14.468 generated=645->647 rounds=1 drafted=3 accepted=1 k=3
[tick] act=3 int=3 priming=1 ready=0 spec=3 demoted=0 spec_calls=2 spec_ms=56.0 prefill_single_calls=0 prefill_single_tokens=0 prefill_batch_calls=0 prefill_batch_tokens=0 prefill_ms=0.0 decode_ms=0.0
[spec-acc] ctx=2812 burst=0/3 cum=469/534=0.878
[tick-spec] seq=1 slot=1 trace=- start_ms=0.001 gap_ms=0.001 wall_ms=13.378 generated=647->648 rounds=1 drafted=3 accepted=0 k=3
[spec-acc] ctx=2812 burst=3/3 cum=463/558=0.830
[tick-spec] seq=2 slot=0 trace=- start_ms=13.387 gap_ms=0.008 wall_ms=15.458 generated=647->651 rounds=1 drafted=3 accepted=3 k=3
[tick] act=3 int=3 priming=1 ready=0 spec=3 demoted=0 spec_calls=2 spec_ms=28.9 prefill_single_calls=0 prefill_single_tokens=0 prefill_batch_calls=0 prefill_batch_tokens=0 prefill_ms=0.0 decode_ms=0.0
[spec-acc] ctx=2816 burst=2/3 cum=465/561=0.829
[tick-spec] seq=1 slot=0 trace=- start_ms=0.000 gap_ms=0.000 wall_ms=14.522 generated=651->654 rounds=1 drafted=3 accepted=2 k=3
[spec-acc] ctx=2813 burst=3/3 cum=472/537=0.879
[tick-spec] seq=2 slot=1 trace=- start_ms=14.529 gap_ms=0.007 wall_ms=15.446 generated=648->652 rounds=1 drafted=3 accepted=3 k=3
[tick] act=3 int=3 priming=1 ready=0 spec=3 demoted=0 spec_calls=2 spec_ms=30.0 prefill_single_calls=0 prefill_single_tokens=0 prefill_batch_calls=0 prefill_batch_tokens=0 prefill_ms=0.0 decode_ms=0.0
[spec-acc] ctx=2819 burst=3/3 cum=468/564=0.830
[tick-spec] seq=1 slot=0 trace=- start_ms=0.000 gap_ms=0.000 wall_ms=14.383 generated=654->658 rounds=1 drafted=3 accepted=3 k=3
[spec-acc] ctx=2817 burst=3/3 cum=475/540=0.880
[tick-spec] seq=2 slot=1 trace=- start_ms=14.392 gap_ms=0.008 wall_ms=15.449 generated=652->656 rounds=1 drafted=3 accepted=3 k=3
[tick] act=3 int=3 priming=1 ready=0 spec=3 demoted=0 spec_calls=2 spec_ms=29.8 prefill_single_calls=0 prefill_single_tokens=0 prefill_batch_calls=0 prefill_batch_tokens=0 prefill_ms=0.0 decode_ms=0.0
[spec-acc] ctx=2821 burst=3/3 cum=478/543=0.880
[tick-spec] seq=1 slot=1 trace=- start_ms=0.000 gap_ms=0.000 wall_ms=14.392 generated=656->660 rounds=1 drafted=3 accepted=3 k=3
[spec-acc] ctx=2823 burst=3/3 cum=471/567=0.831
[tick-spec] seq=2 slot=0 trace=- start_ms=14.400 gap_ms=0.007 wall_ms=14.397 generated=658->662 rounds=1 drafted=3 accepted=3 k=3
[tick] act=3 int=3 priming=1 ready=0 spec=3 demoted=0 spec_calls=2 spec_ms=28.8 prefill_single_calls=0 prefill_single_tokens=0 prefill_batch_calls=0 prefill_batch_tokens=0 prefill_ms=0.0 decode_ms=0.0
[spec-acc] ctx=2827 burst=3/3 cum=474/570=0.832
[tick-spec] seq=1 slot=0 trace=- start_ms=0.000 gap_ms=0.000 wall_ms=13.327 generated=662->666 rounds=1 drafted=3 accepted=3 k=3
[spec-acc] ctx=2825 burst=2/3 cum=480/546=0.879
[tick-spec] seq=2 slot=1 trace=- start_ms=13.336 gap_ms=0.008 wall_ms=14.527 generated=660->663 rounds=1 drafted=3 accepted=2 k=3
[tick] act=3 int=3 priming=1 ready=0 spec=3 demoted=0 spec_calls=2 spec_ms=27.9 prefill_single_calls=0 prefill_single_tokens=0 prefill_batch_calls=0 prefill_batch_tokens=0 prefill_ms=0.0 decode_ms=0.0
[spec-acc] ctx=2831 burst=2/3 cum=476/573=0.831
[tick-spec] seq=1 slot=0 trace=- start_ms=0.000 gap_ms=0.000 wall_ms=15.534 generated=666->669 rounds=1 drafted=3 accepted=2 k=3
[spec-acc] ctx=2828 burst=3/3 cum=483/549=0.880
[tick-spec] seq=2 slot=1 trace=- start_ms=15.543 gap_ms=0.008 wall_ms=14.415 generated=663->667 rounds=1 drafted=3 accepted=3 k=3
[tick] act=3 int=3 priming=1 ready=0 spec=3 demoted=0 spec_calls=2 spec_ms=30.0 prefill_single_calls=0 prefill_single_tokens=0 prefill_batch_calls=0 prefill_batch_tokens=0 prefill_ms=0.0 decode_ms=0.0
[spec-acc] ctx=2832 burst=3/3 cum=486/552=0.880
[tick-spec] seq=1 slot=1 trace=- start_ms=0.000 gap_ms=0.000 wall_ms=14.411 generated=667->671 rounds=1 drafted=3 accepted=3 k=3
[spec-acc] ctx=2834 burst=3/3 cum=479/576=0.832
[tick-spec] seq=2 slot=0 trace=- start_ms=14.418 gap_ms=0.007 wall_ms=14.342 generated=669->673 rounds=1 drafted=3 accepted=3 k=3
[tick] act=3 int=3 priming=1 ready=0 spec=3 demoted=0 spec_calls=2 spec_ms=28.8 prefill_single_calls=0 prefill_single_tokens=0 prefill_batch_calls=0 prefill_batch_tokens=0 prefill_ms=0.0 decode_ms=0.0
[spec-acc] ctx=2838 burst=3/3 cum=482/579=0.832
[tick-spec] seq=1 slot=0 trace=- start_ms=0.000 gap_ms=0.000 wall_ms=15.493 generated=673->677 rounds=1 drafted=3 accepted=3 k=3
[spec-acc] ctx=2836 burst=3/3 cum=489/555=0.881
[tick-spec] seq=2 slot=1 trace=- start_ms=15.500 gap_ms=0.007 wall_ms=14.405 generated=671->675 rounds=1 drafted=3 accepted=3 k=3
[tick] act=3 int=3 priming=1 ready=0 spec=3 demoted=0 spec_calls=2 spec_ms=29.9 prefill_single_calls=0 prefill_single_tokens=0 prefill_batch_calls=0 prefill_batch_tokens=0 prefill_ms=0.0 decode_ms=0.0
[spec-acc] ctx=2842 burst=2/3 cum=484/582=0.832
[tick-spec] seq=1 slot=0 trace=- start_ms=0.000 gap_ms=0.000 wall_ms=27.805 generated=677->680 rounds=1 drafted=3 accepted=2 k=3
[spec-acc] ctx=2840 burst=3/3 cum=492/558=0.882
[tick-spec] seq=2 slot=1 trace=- start_ms=27.813 gap_ms=0.007 wall_ms=25.790 generated=675->679 rounds=1 drafted=3 accepted=3 k=3
[tick] act=3 int=3 priming=1 ready=0 spec=3 demoted=0 spec_calls=2 spec_ms=53.6 prefill_single_calls=0 prefill_single_tokens=0 prefill_batch_calls=0 prefill_batch_tokens=0 prefill_ms=0.0 decode_ms=0.0
[spec-acc] ctx=2844 burst=3/3 cum=495/561=0.882
[tick-spec] seq=1 slot=1 trace=- start_ms=0.001 gap_ms=0.001 wall_ms=14.427 generated=679->683 rounds=1 drafted=3 accepted=3 k=3
[spec-acc] ctx=2845 burst=3/3 cum=487/585=0.832
[tick-spec] seq=2 slot=0 trace=- start_ms=14.435 gap_ms=0.008 wall_ms=14.418 generated=680->684 rounds=1 drafted=3 accepted=3 k=3
[tick] act=3 int=3 priming=1 ready=0 spec=3 demoted=0 spec_calls=2 spec_ms=28.9 prefill_single_calls=0 prefill_single_tokens=0 prefill_batch_calls=0 prefill_batch_tokens=0 prefill_ms=0.0 decode_ms=0.0
[spec-acc] ctx=2849 burst=3/3 cum=490/588=0.833
[tick-spec] seq=1 slot=0 trace=- start_ms=0.000 gap_ms=0.000 wall_ms=14.385 generated=684->688 rounds=1 drafted=3 accepted=3 k=3
[spec-acc] ctx=2848 burst=3/3 cum=498/564=0.883
[tick-spec] seq=2 slot=1 trace=- start_ms=14.393 gap_ms=0.007 wall_ms=12.333 generated=683->687 rounds=1 drafted=3 accepted=3 k=3
[tick] act=3 int=3 priming=1 ready=0 spec=3 demoted=0 spec_calls=2 spec_ms=26.7 prefill_single_calls=0 prefill_single_tokens=0 prefill_batch_calls=0 prefill_batch_tokens=0 prefill_ms=0.0 decode_ms=0.0
[spec-acc] ctx=2853 burst=3/3 cum=493/591=0.834
[tick-spec] seq=1 slot=0 trace=- start_ms=0.001 gap_ms=0.001 wall_ms=14.413 generated=688->692 rounds=1 drafted=3 accepted=3 k=3
[spec-acc] ctx=2852 burst=3/3 cum=501/567=0.884
[tick-spec] seq=2 slot=1 trace=- start_ms=14.421 gap_ms=0.008 wall_ms=13.327 generated=687->691 rounds=1 drafted=3 accepted=3 k=3
[prime-chunk] phase=mtp-trunk rows=4096 wall_ms=462.837
[prime-yield] count=11 remaining=58 chunks=1 wall_ms=462.837 max_chunk_ms=462.837
[tick-spec] seq=3 slot=2 trace=- start_ms=27.757 gap_ms=0.008 wall_ms=463.042 generated=0->0 rounds=0 drafted=0 accepted=0 k=3
[tick] act=3 int=3 priming=1 ready=0 spec=3 demoted=0 spec_calls=3 spec_ms=490.8 prefill_single_calls=0 prefill_single_tokens=0 prefill_batch_calls=0 prefill_batch_tokens=0 prefill_ms=0.0 decode_ms=0.0
[spec-acc] ctx=2856 burst=2/3 cum=503/570=0.882
[tick-spec] seq=1 slot=1 trace=- start_ms=0.001 gap_ms=0.001 wall_ms=37.724 generated=691->694 rounds=1 drafted=3 accepted=2 k=3
[spec-acc] ctx=2857 burst=3/3 cum=496/594=0.835
[tick-spec] seq=2 slot=0 trace=- start_ms=37.741 gap_ms=0.017 wall_ms=33.472 generated=692->696 rounds=1 drafted=3 accepted=3 k=3
[tick] act=3 int=3 priming=1 ready=0 spec=3 demoted=0 spec_calls=2 spec_ms=71.2 prefill_single_calls=0 prefill_single_tokens=0 prefill_batch_calls=0 prefill_batch_tokens=0 prefill_ms=0.0 decode_ms=0.0
[spec-acc] ctx=2861 burst=2/3 cum=498/597=0.834
[tick-spec] seq=1 slot=0 trace=- start_ms=0.001 gap_ms=0.001 wall_ms=15.314 generated=696->699 rounds=1 drafted=3 accepted=2 k=3
[spec-acc] ctx=2859 burst=3/3 cum=506/573=0.883
[tick-spec] seq=2 slot=1 trace=- start_ms=15.322 gap_ms=0.008 wall_ms=15.467 generated=694->698 rounds=1 drafted=3 accepted=3 k=3
[tick] act=3 int=3 priming=1 ready=0 spec=3 demoted=0 spec_calls=2 spec_ms=30.8 prefill_single_calls=0 prefill_single_tokens=0 prefill_batch_calls=0 prefill_batch_tokens=0 prefill_ms=0.0 decode_ms=0.0
[spec-acc] ctx=2864 burst=2/3 cum=500/600=0.833
[tick-spec] seq=1 slot=0 trace=- start_ms=0.001 gap_ms=0.001 wall_ms=15.557 generated=699->702 rounds=1 drafted=3 accepted=2 k=3
[spec-acc] ctx=2863 burst=3/3 cum=509/576=0.884
[tick-spec] seq=2 slot=1 trace=- start_ms=15.565 gap_ms=0.008 wall_ms=15.447 generated=698->702 rounds=1 drafted=3 accepted=3 k=3
[tick] act=3 int=3 priming=1 ready=0 spec=3 demoted=0 spec_calls=2 spec_ms=31.0 prefill_single_calls=0 prefill_single_tokens=0 prefill_batch_calls=0 prefill_batch_tokens=0 prefill_ms=0.0 decode_ms=0.0
[spec-acc] ctx=2867 burst=3/3 cum=512/579=0.884
[tick-spec] seq=1 slot=1 trace=- start_ms=0.000 gap_ms=0.000 wall_ms=12.348 generated=702->706 rounds=1 drafted=3 accepted=3 k=3
[spec-acc] ctx=2867 burst=1/3 cum=501/603=0.831
[tick-spec] seq=2 slot=0 trace=- start_ms=12.356 gap_ms=0.007 wall_ms=15.487 generated=702->704 rounds=1 drafted=3 accepted=1 k=3
[tick] act=3 int=3 priming=1 ready=0 spec=3 demoted=0 spec_calls=2 spec_ms=27.9 prefill_single_calls=0 prefill_single_tokens=0 prefill_batch_calls=0 prefill_batch_tokens=0 prefill_ms=0.0 decode_ms=0.0
[spec-acc] ctx=2869 burst=2/3 cum=503/606=0.830
[tick-spec] seq=1 slot=0 trace=- start_ms=0.000 gap_ms=0.000 wall_ms=13.410 generated=704->707 rounds=1 drafted=3 accepted=2 k=3
[spec-acc] ctx=2871 burst=3/3 cum=515/582=0.885
[tick-spec] seq=2 slot=1 trace=- start_ms=13.418 gap_ms=0.008 wall_ms=14.383 generated=706->710 rounds=1 drafted=3 accepted=3 k=3
[tick] act=3 int=3 priming=1 ready=0 spec=3 demoted=0 spec_calls=2 spec_ms=27.8 prefill_single_calls=0 prefill_single_tokens=0 prefill_batch_calls=0 prefill_batch_tokens=0 prefill_ms=0.0 decode_ms=0.0
[spec-acc] ctx=2872 burst=3/3 cum=506/609=0.831
[tick-spec] seq=1 slot=0 trace=- start_ms=0.000 gap_ms=0.000 wall_ms=14.437 generated=707->711 rounds=1 drafted=3 accepted=3 k=3
[spec-acc] ctx=2875 burst=3/3 cum=518/585=0.885
[tick-spec] seq=2 slot=1 trace=- start_ms=14.445 gap_ms=0.008 wall_ms=15.452 generated=710->714 rounds=1 drafted=3 accepted=3 k=3
[tick] act=3 int=3 priming=1 ready=0 spec=3 demoted=0 spec_calls=2 spec_ms=29.9 prefill_single_calls=0 prefill_single_tokens=0 prefill_batch_calls=0 prefill_batch_tokens=0 prefill_ms=0.0 decode_ms=0.0
[spec-acc] ctx=2879 burst=3/3 cum=521/588=0.886
[tick-spec] seq=1 slot=1 trace=- start_ms=0.000 gap_ms=0.000 wall_ms=14.360 generated=714->718 rounds=1 drafted=3 accepted=3 k=3
[spec-acc] ctx=2876 burst=3/3 cum=509/612=0.832
[tick-spec] seq=2 slot=0 trace=- start_ms=14.368 gap_ms=0.008 wall_ms=13.365 generated=711->715 rounds=1 drafted=3 accepted=3 k=3
[tick] act=3 int=3 priming=1 ready=0 spec=3 demoted=0 spec_calls=2 spec_ms=27.7 prefill_single_calls=0 prefill_single_tokens=0 prefill_batch_calls=0 prefill_batch_tokens=0 prefill_ms=0.0 decode_ms=0.0
[spec-acc] ctx=2880 burst=3/3 cum=512/615=0.833
[tick-spec] seq=1 slot=0 trace=- start_ms=0.000 gap_ms=0.000 wall_ms=14.350 generated=715->719 rounds=1 drafted=3 accepted=3 k=3
[spec-acc] ctx=2883 burst=3/3 cum=524/591=0.887
[tick-spec] seq=2 slot=1 trace=- start_ms=14.357 gap_ms=0.007 wall_ms=14.392 generated=718->722 rounds=1 drafted=3 accepted=3 k=3
[tick] act=3 int=3 priming=1 ready=0 spec=3 demoted=0 spec_calls=2 spec_ms=28.8 prefill_single_calls=0 prefill_single_tokens=0 prefill_batch_calls=0 prefill_batch_tokens=0 prefill_ms=0.0 decode_ms=0.0
[spec-acc] ctx=2884 burst=2/3 cum=514/618=0.832
[tick-spec] seq=1 slot=0 trace=- start_ms=0.001 gap_ms=0.001 wall_ms=13.449 generated=719->722 rounds=1 drafted=3 accepted=2 k=3
[spec-acc] ctx=2887 burst=3/3 cum=527/594=0.887
[tick-spec] seq=2 slot=1 trace=- start_ms=13.457 gap_ms=0.008 wall_ms=12.309 generated=722->726 rounds=1 drafted=3 accepted=3 k=3
[tick] act=3 int=3 priming=1 ready=0 spec=3 demoted=0 spec_calls=2 spec_ms=25.8 prefill_single_calls=0 prefill_single_tokens=0 prefill_batch_calls=0 prefill_batch_tokens=0 prefill_ms=0.0 decode_ms=0.0
[spec-acc] ctx=2891 burst=3/3 cum=530/597=0.888
[tick-spec] seq=1 slot=1 trace=- start_ms=0.000 gap_ms=0.000 wall_ms=15.462 generated=726->730 rounds=1 drafted=3 accepted=3 k=3
[spec-acc] ctx=2887 burst=3/3 cum=517/621=0.833
[tick-spec] seq=2 slot=0 trace=- start_ms=15.470 gap_ms=0.007 wall_ms=28.142 generated=722->726 rounds=1 drafted=3 accepted=3 k=3
[tick] act=3 int=3 priming=1 ready=0 spec=3 demoted=0 spec_calls=2 spec_ms=43.6 prefill_single_calls=0 prefill_single_tokens=0 prefill_batch_calls=0 prefill_batch_tokens=0 prefill_ms=0.0 decode_ms=0.0
[spec-acc] ctx=2891 burst=3/3 cum=520/624=0.833
[tick-spec] seq=1 slot=0 trace=- start_ms=0.000 gap_ms=0.000 wall_ms=28.726 generated=726->730 rounds=1 drafted=3 accepted=3 k=3
[spec-acc] ctx=2895 burst=3/3 cum=533/600=0.888
[tick-spec] seq=2 slot=1 trace=- start_ms=28.734 gap_ms=0.007 wall_ms=15.454 generated=730->734 rounds=1 drafted=3 accepted=3 k=3
[tick] act=3 int=3 priming=1 ready=0 spec=3 demoted=0 spec_calls=2 spec_ms=44.2 prefill_single_calls=0 prefill_single_tokens=0 prefill_batch_calls=0 prefill_batch_tokens=0 prefill_ms=0.0 decode_ms=0.0
[spec-acc] ctx=2895 burst=3/3 cum=523/627=0.834
[tick-spec] seq=1 slot=0 trace=- start_ms=0.000 gap_ms=0.000 wall_ms=15.447 generated=730->734 rounds=1 drafted=3 accepted=3 k=3
[spec-acc] ctx=2899 burst=3/3 cum=536/603=0.889
[tick-spec] seq=2 slot=1 trace=- start_ms=15.455 gap_ms=0.008 wall_ms=13.312 generated=734->738 rounds=1 drafted=3 accepted=3 k=3
[prime-chunk] phase=mtp-trunk rows=4096 wall_ms=475.081
[prime-yield] count=12 remaining=57 chunks=1 wall_ms=475.081 max_chunk_ms=475.081
[tick-spec] seq=3 slot=2 trace=- start_ms=28.775 gap_ms=0.008 wall_ms=475.270 generated=0->0 rounds=0 drafted=0 accepted=0 k=3
[tick] act=3 int=3 priming=1 ready=0 spec=3 demoted=0 spec_calls=3 spec_ms=504.1 prefill_single_calls=0 prefill_single_tokens=0 prefill_batch_calls=0 prefill_batch_tokens=0 prefill_ms=0.0 decode_ms=0.0
[spec-acc] ctx=2903 burst=3/3 cum=539/606=0.889
[tick-spec] seq=1 slot=1 trace=- start_ms=0.001 gap_ms=0.001 wall_ms=13.386 generated=738->742 rounds=1 drafted=3 accepted=3 k=3
[spec-acc] ctx=2899 burst=3/3 cum=526/630=0.835
[tick-spec] seq=2 slot=0 trace=- start_ms=13.395 gap_ms=0.008 wall_ms=14.403 generated=734->738 rounds=1 drafted=3 accepted=3 k=3
[tick] act=3 int=3 priming=1 ready=0 spec=3 demoted=0 spec_calls=2 spec_ms=27.8 prefill_single_calls=0 prefill_single_tokens=0 prefill_batch_calls=0 prefill_batch_tokens=0 prefill_ms=0.0 decode_ms=0.0
[spec-acc] ctx=2903 burst=3/3 cum=529/633=0.836
[tick-spec] seq=1 slot=0 trace=- start_ms=0.000 gap_ms=0.000 wall_ms=37.833 generated=738->742 rounds=1 drafted=3 accepted=3 k=3
[spec-acc] ctx=2907 burst=3/3 cum=542/609=0.890
[tick-spec] seq=2 slot=1 trace=- start_ms=37.841 gap_ms=0.007 wall_ms=25.944 generated=742->746 rounds=1 drafted=3 accepted=3 k=3
[tick] act=3 int=3 priming=1 ready=0 spec=3 demoted=0 spec_calls=2 spec_ms=63.8 prefill_single_calls=0 prefill_single_tokens=0 prefill_batch_calls=0 prefill_batch_tokens=0 prefill_ms=0.0 decode_ms=0.0
[spec-acc] ctx=2907 burst=3/3 cum=532/636=0.836
[tick-spec] seq=1 slot=0 trace=- start_ms=0.001 gap_ms=0.001 wall_ms=14.381 generated=742->746 rounds=1 drafted=3 accepted=3 k=3
[spec-acc] ctx=2911 burst=3/3 cum=545/612=0.891
[tick-spec] seq=2 slot=1 trace=- start_ms=14.389 gap_ms=0.008 wall_ms=14.419 generated=746->750 rounds=1 drafted=3 accepted=3 k=3
[tick] act=3 int=3 priming=1 ready=0 spec=3 demoted=0 spec_calls=2 spec_ms=28.8 prefill_single_calls=0 prefill_single_tokens=0 prefill_batch_calls=0 prefill_batch_tokens=0 prefill_ms=0.0 decode_ms=0.0
[spec-acc] ctx=2915 burst=2/3 cum=547/615=0.889
[tick-spec] seq=1 slot=1 trace=- start_ms=0.000 gap_ms=0.000 wall_ms=12.393 generated=750->753 rounds=1 drafted=3 accepted=2 k=3
[spec-acc] ctx=2911 burst=3/3 cum=535/639=0.837
[tick-spec] seq=2 slot=0 trace=- start_ms=12.401 gap_ms=0.007 wall_ms=14.417 generated=746->750 rounds=1 drafted=3 accepted=3 k=3
[tick] act=3 int=3 priming=1 ready=0 spec=3 demoted=0 spec_calls=2 spec_ms=26.8 prefill_single_calls=0 prefill_single_tokens=0 prefill_batch_calls=0 prefill_batch_tokens=0 prefill_ms=0.0 decode_ms=0.0
[spec-acc] ctx=2915 burst=2/3 cum=537/642=0.836
[tick-spec] seq=1 slot=0 trace=- start_ms=0.000 gap_ms=0.000 wall_ms=13.452 generated=750->753 rounds=1 drafted=3 accepted=2 k=3
[spec-acc] ctx=2918 burst=3/3 cum=550/618=0.890
[tick-spec] seq=2 slot=1 trace=- start_ms=13.460 gap_ms=0.007 wall_ms=14.414 generated=753->757 rounds=1 drafted=3 accepted=3 k=3
[tick] act=3 int=3 priming=1 ready=0 spec=3 demoted=0 spec_calls=2 spec_ms=27.9 prefill_single_calls=0 prefill_single_tokens=0 prefill_batch_calls=0 prefill_batch_tokens=0 prefill_ms=0.0 decode_ms=0.0
[spec-acc] ctx=2918 burst=3/3 cum=540/645=0.837
[tick-spec] seq=1 slot=0 trace=- start_ms=0.000 gap_ms=0.000 wall_ms=14.380 generated=753->757 rounds=1 drafted=3 accepted=3 k=3
[spec-acc] ctx=2922 burst=3/3 cum=553/621=0.890
[tick-spec] seq=2 slot=1 trace=- start_ms=14.388 gap_ms=0.007 wall_ms=13.340 generated=757->761 rounds=1 drafted=3 accepted=3 k=3
[tick] act=3 int=3 priming=1 ready=0 spec=3 demoted=0 spec_calls=2 spec_ms=27.7 prefill_single_calls=0 prefill_single_tokens=0 prefill_batch_calls=0 prefill_batch_tokens=0 prefill_ms=0.0 decode_ms=0.0
[spec-acc] ctx=2926 burst=3/3 cum=556/624=0.891
[tick-spec] seq=1 slot=1 trace=- start_ms=0.000 gap_ms=0.000 wall_ms=14.356 generated=761->765 rounds=1 drafted=3 accepted=3 k=3
[spec-acc] ctx=2922 burst=3/3 cum=543/648=0.838
[tick-spec] seq=2 slot=0 trace=- start_ms=14.365 gap_ms=0.008 wall_ms=15.414 generated=757->761 rounds=1 drafted=3 accepted=3 k=3
[tick] act=3 int=3 priming=1 ready=0 spec=3 demoted=0 spec_calls=2 spec_ms=29.8 prefill_single_calls=0 prefill_single_tokens=0 prefill_batch_calls=0 prefill_batch_tokens=0 prefill_ms=0.0 decode_ms=0.0
[spec-acc] ctx=2926 burst=2/3 cum=545/651=0.837
[tick-spec] seq=1 slot=0 trace=- start_ms=0.000 gap_ms=0.000 wall_ms=14.498 generated=761->764 rounds=1 drafted=3 accepted=2 k=3
[spec-acc] ctx=2930 burst=3/3 cum=559/627=0.892
[tick-spec] seq=2 slot=1 trace=- start_ms=14.506 gap_ms=0.008 wall_ms=14.371 generated=765->769 rounds=1 drafted=3 accepted=3 k=3
[tick] act=3 int=3 priming=1 ready=0 spec=3 demoted=0 spec_calls=2 spec_ms=28.9 prefill_single_calls=0 prefill_single_tokens=0 prefill_batch_calls=0 prefill_batch_tokens=0 prefill_ms=0.0 decode_ms=0.0
[spec-acc] ctx=2929 burst=3/3 cum=548/654=0.838
[tick-spec] seq=1 slot=0 trace=- start_ms=0.000 gap_ms=0.000 wall_ms=14.432 generated=764->768 rounds=1 drafted=3 accepted=3 k=3
[spec-acc] ctx=2934 burst=3/3 cum=562/630=0.892
[tick-spec] seq=2 slot=1 trace=- start_ms=14.440 gap_ms=0.007 wall_ms=14.411 generated=769->773 rounds=1 drafted=3 accepted=3 k=3
[tick] act=3 int=3 priming=1 ready=0 spec=3 demoted=0 spec_calls=2 spec_ms=28.9 prefill_single_calls=0 prefill_single_tokens=0 prefill_batch_calls=0 prefill_batch_tokens=0 prefill_ms=0.0 decode_ms=0.0
[spec-acc] ctx=2938 burst=3/3 cum=565/633=0.893
[tick-spec] seq=1 slot=1 trace=- start_ms=0.000 gap_ms=0.000 wall_ms=15.423 generated=773->777 rounds=1 drafted=3 accepted=3 k=3
[spec-acc] ctx=2933 burst=3/3 cum=551/657=0.839
[tick-spec] seq=2 slot=0 trace=- start_ms=15.431 gap_ms=0.008 wall_ms=13.354 generated=768->772 rounds=1 drafted=3 accepted=3 k=3
[tick] act=3 int=3 priming=1 ready=0 spec=3 demoted=0 spec_calls=2 spec_ms=28.8 prefill_single_calls=0 prefill_single_tokens=0 prefill_batch_calls=0 prefill_batch_tokens=0 prefill_ms=0.0 decode_ms=0.0
[spec-acc] ctx=2937 burst=3/3 cum=554/660=0.839
[tick-spec] seq=1 slot=0 trace=- start_ms=0.000 gap_ms=0.000 wall_ms=15.427 generated=772->776 rounds=1 drafted=3 accepted=3 k=3
[spec-acc] ctx=2942 burst=3/3 cum=568/636=0.893
[tick-spec] seq=2 slot=1 trace=- start_ms=15.435 gap_ms=0.008 wall_ms=30.211 generated=777->781 rounds=1 drafted=3 accepted=3 k=3
[tick] act=3 int=3 priming=1 ready=0 spec=3 demoted=0 spec_calls=2 spec_ms=45.7 prefill_single_calls=0 prefill_single_tokens=0 prefill_batch_calls=0 prefill_batch_tokens=0 prefill_ms=0.0 decode_ms=0.0
[spec-acc] ctx=2941 burst=3/3 cum=557/663=0.840
[tick-spec] seq=1 slot=0 trace=- start_ms=0.001 gap_ms=0.001 wall_ms=27.621 generated=776->780 rounds=1 drafted=3 accepted=3 k=3
[spec-acc] ctx=2946 burst=3/3 cum=571/639=0.894
[tick-spec] seq=2 slot=1 trace=- start_ms=27.630 gap_ms=0.008 wall_ms=14.401 generated=781->785 rounds=1 drafted=3 accepted=3 k=3
[tick] act=3 int=3 priming=1 ready=0 spec=3 demoted=0 spec_calls=2 spec_ms=42.0 prefill_single_calls=0 prefill_single_tokens=0 prefill_batch_calls=0 prefill_batch_tokens=0 prefill_ms=0.0 decode_ms=0.0
[spec-acc] ctx=2950 burst=3/3 cum=574/642=0.894
[tick-spec] seq=1 slot=1 trace=- start_ms=0.001 gap_ms=0.001 wall_ms=14.422 generated=785->789 rounds=1 drafted=3 accepted=3 k=3
[spec-acc] ctx=2945 burst=3/3 cum=560/666=0.841
[tick-spec] seq=2 slot=0 trace=- start_ms=14.430 gap_ms=0.008 wall_ms=14.378 generated=780->784 rounds=1 drafted=3 accepted=3 k=3
[prime-chunk] phase=mtp-trunk rows=4096 wall_ms=489.435
[prime-yield] count=13 remaining=56 chunks=1 wall_ms=489.435 max_chunk_ms=489.435
[tick-spec] seq=3 slot=2 trace=- start_ms=28.816 gap_ms=0.008 wall_ms=489.628 generated=0->0 rounds=0 drafted=0 accepted=0 k=3
[tick] act=3 int=3 priming=1 ready=0 spec=3 demoted=0 spec_calls=3 spec_ms=518.5 prefill_single_calls=0 prefill_single_tokens=0 prefill_batch_calls=0 prefill_batch_tokens=0 prefill_ms=0.0 decode_ms=0.0
[spec-acc] ctx=2949 burst=3/3 cum=563/669=0.842
[tick-spec] seq=1 slot=0 trace=- start_ms=0.001 gap_ms=0.001 wall_ms=13.358 generated=784->788 rounds=1 drafted=3 accepted=3 k=3
[spec-acc] ctx=2954 burst=3/3 cum=577/645=0.895
[tick-spec] seq=2 slot=1 trace=- start_ms=13.367 gap_ms=0.008 wall_ms=14.426 generated=789->793 rounds=1 drafted=3 accepted=3 k=3
[tick] act=3 int=3 priming=1 ready=0 spec=3 demoted=0 spec_calls=2 spec_ms=27.8 prefill_single_calls=0 prefill_single_tokens=0 prefill_batch_calls=0 prefill_batch_tokens=0 prefill_ms=0.0 decode_ms=0.0
[meter] admit id=cmpl-766e14183270f02340ea7357da5dbf0e tenant=default lane=interactive model="gate"
[spec-acc] ctx=2953 burst=3/3 cum=566/672=0.842
[tick-spec] seq=1 slot=0 trace=- start_ms=0.001 gap_ms=0.001 wall_ms=31.194 generated=788->792 rounds=1 drafted=3 accepted=3 k=3
[tick-spec] seq=2 slot=1 trace=- start_ms=31.203 gap_ms=0.008 wall_ms=20.198 generated=793->793 rounds=0 drafted=0 accepted=0 k=3
[tick] act=3 int=3 priming=1 ready=0 spec=3 demoted=0 spec_calls=2 spec_ms=51.4 prefill_single_calls=0 prefill_single_tokens=0 prefill_batch_calls=0 prefill_batch_tokens=0 prefill_ms=0.0 decode_ms=0.0
[admission] per-session draft-state charge: model="gate" +44MB (measured capture high-water)
[admission] request cost: model="gate" ctx=32911 path=spec = 16704 B/token x ctx + 1947MB prefill-workspace + 355MB fixed = 2851MB
[spec-k] model="gate" tenant="second" K=3 source=cold-long prompt=32815 cached=0 lcp=0 active=4 wave=4 placement=single-or-non-pp2
[spec-acc] ctx=2957 burst=3/3 cum=569/675=0.843
[tick-spec] seq=1 slot=0 trace=- start_ms=0.001 gap_ms=0.001 wall_ms=14.374 generated=792->796 rounds=1 drafted=3 accepted=3 k=3
[spec-acc] ctx=2958 burst=3/3 cum=580/648=0.895
[tick-spec] seq=2 slot=1 trace=- start_ms=14.383 gap_ms=0.008 wall_ms=14.376 generated=793->797 rounds=1 drafted=3 accepted=3 k=3
[prime-chunk] phase=mtp-trunk rows=4096 wall_ms=329.504
[prime-yield] count=1 remaining=17 chunks=1 wall_ms=329.504 max_chunk_ms=329.504
[tick-spec] seq=3 slot=3 trace=- start_ms=28.768 gap_ms=0.008 wall_ms=330.085 generated=0->0 rounds=0 drafted=0 accepted=0 k=3
[tick] act=4 int=4 priming=2 ready=0 spec=4 demoted=0 spec_calls=3 spec_ms=358.9 prefill_single_calls=0 prefill_single_tokens=0 prefill_batch_calls=0 prefill_batch_tokens=0 prefill_ms=0.0 decode_ms=0.0
[spec-acc] ctx=2962 burst=3/3 cum=583/651=0.896
[tick-spec] seq=1 slot=1 trace=- start_ms=0.001 gap_ms=0.001 wall_ms=14.363 generated=797->801 rounds=1 drafted=3 accepted=3 k=3
[spec-acc] ctx=2961 burst=3/3 cum=572/678=0.844
[tick-spec] seq=2 slot=0 trace=- start_ms=14.373 gap_ms=0.008 wall_ms=13.272 generated=796->800 rounds=1 drafted=3 accepted=3 k=3
[tick] act=4 int=4 priming=2 ready=0 spec=4 demoted=0 spec_calls=2 spec_ms=27.7 prefill_single_calls=0 prefill_single_tokens=0 prefill_batch_calls=0 prefill_batch_tokens=0 prefill_ms=0.0 decode_ms=0.0
[spec-acc] ctx=2965 burst=3/3 cum=575/681=0.844
[tick-spec] seq=1 slot=0 trace=- start_ms=0.001 gap_ms=0.001 wall_ms=14.383 generated=800->804 rounds=1 drafted=3 accepted=3 k=3
[spec-acc] ctx=2966 burst=2/3 cum=585/654=0.894
[tick-spec] seq=2 slot=1 trace=- start_ms=14.391 gap_ms=0.008 wall_ms=14.440 generated=801->804 rounds=1 drafted=3 accepted=2 k=3
[tick] act=4 int=4 priming=2 ready=0 spec=4 demoted=0 spec_calls=2 spec_ms=28.8 prefill_single_calls=0 prefill_single_tokens=0 prefill_batch_calls=0 prefill_batch_tokens=0 prefill_ms=0.0 decode_ms=0.0
[spec-acc] ctx=2969 burst=0/3 cum=575/684=0.841
[tick-spec] seq=1 slot=0 trace=- start_ms=0.001 gap_ms=0.001 wall_ms=15.471 generated=804->805 rounds=1 drafted=3 accepted=0 k=3
[spec-acc] ctx=2969 burst=3/3 cum=588/657=0.895
[tick-spec] seq=2 slot=1 trace=- start_ms=15.479 gap_ms=0.008 wall_ms=13.293 generated=804->808 rounds=1 drafted=3 accepted=3 k=3
[tick] act=4 int=4 priming=2 ready=0 spec=4 demoted=0 spec_calls=2 spec_ms=28.8 prefill_single_calls=0 prefill_single_tokens=0 prefill_batch_calls=0 prefill_batch_tokens=0 prefill_ms=0.0 decode_ms=0.0
[spec-acc] ctx=2970 burst=0/3 cum=575/687=0.837
[tick-spec] seq=1 slot=0 trace=- start_ms=0.001 gap_ms=0.001 wall_ms=15.433 generated=805->806 rounds=1 drafted=3 accepted=0 k=3
[spec-acc] ctx=2973 burst=3/3 cum=591/660=0.895
[tick-spec] seq=2 slot=1 trace=- start_ms=15.441 gap_ms=0.008 wall_ms=14.397 generated=808->812 rounds=1 drafted=3 accepted=3 k=3
[tick] act=4 int=4 priming=2 ready=0 spec=4 demoted=0 spec_calls=2 spec_ms=29.8 prefill_single_calls=0 prefill_single_tokens=0 prefill_batch_calls=0 prefill_batch_tokens=0 prefill_ms=0.0 decode_ms=0.0
[spec-acc] ctx=2977 burst=2/3 cum=593/663=0.894
[tick-spec] seq=1 slot=1 trace=- start_ms=0.000 gap_ms=0.000 wall_ms=13.383 generated=812->815 rounds=1 drafted=3 accepted=2 k=3
[spec-acc] ctx=2971 burst=2/3 cum=577/690=0.836
[tick-spec] seq=2 slot=0 trace=- start_ms=13.391 gap_ms=0.007 wall_ms=15.519 generated=806->809 rounds=1 drafted=3 accepted=2 k=3
[tick] act=4 int=4 priming=2 ready=0 spec=4 demoted=0 spec_calls=2 spec_ms=28.9 prefill_single_calls=0 prefill_single_tokens=0 prefill_batch_calls=0 prefill_batch_tokens=0 prefill_ms=0.0 decode_ms=0.0
[spec-acc] ctx=2974 burst=3/3 cum=580/693=0.837
[tick-spec] seq=1 slot=0 trace=- start_ms=0.000 gap_ms=0.000 wall_ms=14.344 generated=809->813 rounds=1 drafted=3 accepted=3 k=3
[spec-acc] ctx=2980 burst=3/3 cum=596/666=0.895
[tick-spec] seq=2 slot=1 trace=- start_ms=14.352 gap_ms=0.008 wall_ms=15.387 generated=815->819 rounds=1 drafted=3 accepted=3 k=3
[tick] act=4 int=4 priming=2 ready=0 spec=4 demoted=0 spec_calls=2 spec_ms=29.7 prefill_single_calls=0 prefill_single_tokens=0 prefill_batch_calls=0 prefill_batch_tokens=0 prefill_ms=0.0 decode_ms=0.0
[spec-acc] ctx=2978 burst=3/3 cum=583/696=0.838
[tick-spec] seq=1 slot=0 trace=- start_ms=0.000 gap_ms=0.000 wall_ms=30.334 generated=813->817 rounds=1 drafted=3 accepted=3 k=3
[spec-acc] ctx=2984 burst=3/3 cum=599/669=0.895
[tick-spec] seq=2 slot=1 trace=- start_ms=30.342 gap_ms=0.007 wall_ms=28.423 generated=819->823 rounds=1 drafted=3 accepted=3 k=3
[tick] act=4 int=4 priming=2 ready=0 spec=4 demoted=0 spec_calls=2 spec_ms=58.8 prefill_single_calls=0 prefill_single_tokens=0 prefill_batch_calls=0 prefill_batch_tokens=0 prefill_ms=0.0 decode_ms=0.0
[spec-acc] ctx=2982 burst=3/3 cum=586/699=0.838
[tick-spec] seq=1 slot=0 trace=- start_ms=0.001 gap_ms=0.001 wall_ms=14.350 generated=817->821 rounds=1 drafted=3 accepted=3 k=3
[spec-acc] ctx=2988 burst=3/3 cum=602/672=0.896
[tick-spec] seq=2 slot=1 trace=- start_ms=14.359 gap_ms=0.008 wall_ms=14.366 generated=823->827 rounds=1 drafted=3 accepted=3 k=3
[tick] act=4 int=4 priming=2 ready=0 spec=4 demoted=0 spec_calls=2 spec_ms=28.7 prefill_single_calls=0 prefill_single_tokens=0 prefill_batch_calls=0 prefill_batch_tokens=0 prefill_ms=0.0 decode_ms=0.0
[spec-acc] ctx=2992 burst=3/3 cum=605/675=0.896
[tick-spec] seq=1 slot=1 trace=- start_ms=0.000 gap_ms=0.000 wall_ms=13.264 generated=827->831 rounds=1 drafted=3 accepted=3 k=3
[spec-acc] ctx=2986 burst=2/3 cum=588/702=0.838
[tick-spec] seq=2 slot=0 trace=- start_ms=13.272 gap_ms=0.007 wall_ms=15.495 generated=821->824 rounds=1 drafted=3 accepted=2 k=3
[prime-chunk] phase=mtp-trunk rows=4096 wall_ms=501.660
[prime-yield] count=14 remaining=55 chunks=1 wall_ms=501.660 max_chunk_ms=501.660
[tick-spec] seq=3 slot=2 trace=- start_ms=28.775 gap_ms=0.008 wall_ms=501.851 generated=0->0 rounds=0 drafted=0 accepted=0 k=3
[tick] act=4 int=4 priming=2 ready=0 spec=4 demoted=0 spec_calls=3 spec_ms=530.6 prefill_single_calls=0 prefill_single_tokens=0 prefill_batch_calls=0 prefill_batch_tokens=0 prefill_ms=0.0 decode_ms=0.0
[spec-acc] ctx=2989 burst=2/3 cum=590/705=0.837
[tick-spec] seq=1 slot=0 trace=- start_ms=0.001 gap_ms=0.001 wall_ms=31.262 generated=824->827 rounds=1 drafted=3 accepted=2 k=3
[spec-acc] ctx=2996 burst=3/3 cum=608/678=0.897
[tick-spec] seq=2 slot=1 trace=- start_ms=31.271 gap_ms=0.008 wall_ms=32.786 generated=831->835 rounds=1 drafted=3 accepted=3 k=3
[tick] act=4 int=4 priming=2 ready=0 spec=4 demoted=0 spec_calls=2 spec_ms=64.1 prefill_single_calls=0 prefill_single_tokens=0 prefill_batch_calls=0 prefill_batch_tokens=0 prefill_ms=0.0 decode_ms=0.0
[spec-acc] ctx=2992 burst=3/3 cum=593/708=0.838
[tick-spec] seq=1 slot=0 trace=- start_ms=0.001 gap_ms=0.001 wall_ms=14.357 generated=827->831 rounds=1 drafted=3 accepted=3 k=3
[spec-acc] ctx=3000 burst=3/3 cum=611/681=0.897
[tick-spec] seq=2 slot=1 trace=- start_ms=14.365 gap_ms=0.008 wall_ms=14.417 generated=835->839 rounds=1 drafted=3 accepted=3 k=3
[tick] act=4 int=4 priming=2 ready=0 spec=4 demoted=0 spec_calls=2 spec_ms=28.8 prefill_single_calls=0 prefill_single_tokens=0 prefill_batch_calls=0 prefill_batch_tokens=0 prefill_ms=0.0 decode_ms=0.0
[spec-acc] ctx=2996 burst=3/3 cum=596/711=0.838
[tick-spec] seq=1 slot=0 trace=- start_ms=0.000 gap_ms=0.000 wall_ms=13.381 generated=831->835 rounds=1 drafted=3 accepted=3 k=3
[spec-acc] ctx=3004 burst=3/3 cum=614/684=0.898
[tick-spec] seq=2 slot=1 trace=- start_ms=13.389 gap_ms=0.008 wall_ms=14.374 generated=839->843 rounds=1 drafted=3 accepted=3 k=3
[tick] act=4 int=4 priming=2 ready=0 spec=4 demoted=0 spec_calls=2 spec_ms=27.8 prefill_single_calls=0 prefill_single_tokens=0 prefill_batch_calls=0 prefill_batch_tokens=0 prefill_ms=0.0 decode_ms=0.0
[spec-acc] ctx=3008 burst=3/3 cum=617/687=0.898
[tick-spec] seq=1 slot=1 trace=- start_ms=0.001 gap_ms=0.001 wall_ms=14.460 generated=843->847 rounds=1 drafted=3 accepted=3 k=3
[spec-acc] ctx=3000 burst=3/3 cum=599/714=0.839
[tick-spec] seq=2 slot=0 trace=- start_ms=14.468 gap_ms=0.008 wall_ms=15.423 generated=835->839 rounds=1 drafted=3 accepted=3 k=3
[tick] act=4 int=4 priming=2 ready=0 spec=4 demoted=0 spec_calls=2 spec_ms=29.9 prefill_single_calls=0 prefill_single_tokens=0 prefill_batch_calls=0 prefill_batch_tokens=0 prefill_ms=0.0 decode_ms=0.0
[spec-acc] ctx=3004 burst=3/3 cum=602/717=0.840
[tick-spec] seq=1 slot=0 trace=- start_ms=0.000 gap_ms=0.000 wall_ms=13.392 generated=839->843 rounds=1 drafted=3 accepted=3 k=3
[spec-acc] ctx=3012 burst=3/3 cum=620/690=0.899
[tick-spec] seq=2 slot=1 trace=- start_ms=13.399 gap_ms=0.007 wall_ms=13.352 generated=847->851 rounds=1 drafted=3 accepted=3 k=3
[tick] act=4 int=4 priming=2 ready=0 spec=4 demoted=0 spec_calls=2 spec_ms=26.8 prefill_single_calls=0 prefill_single_tokens=0 prefill_batch_calls=0 prefill_batch_tokens=0 prefill_ms=0.0 decode_ms=0.0
[spec-acc] ctx=3008 burst=3/3 cum=605/720=0.840
[tick-spec] seq=1 slot=0 trace=- start_ms=0.000 gap_ms=0.000 wall_ms=14.471 generated=843->847 rounds=1 drafted=3 accepted=3 k=3
[spec-acc] ctx=3016 burst=3/3 cum=623/693=0.899
[tick-spec] seq=2 slot=1 trace=- start_ms=14.480 gap_ms=0.008 wall_ms=14.409 generated=851->855 rounds=1 drafted=3 accepted=3 k=3
[tick] act=4 int=4 priming=2 ready=0 spec=4 demoted=0 spec_calls=2 spec_ms=28.9 prefill_single_calls=0 prefill_single_tokens=0 prefill_batch_calls=0 prefill_batch_tokens=0 prefill_ms=0.0 decode_ms=0.0
[spec-acc] ctx=3012 burst=3/3 cum=608/723=0.841
[tick-spec] seq=1 slot=0 trace=- start_ms=0.000 gap_ms=0.000 wall_ms=15.427 generated=847->851 rounds=1 drafted=3 accepted=3 k=3
[spec-acc] ctx=3020 burst=3/3 cum=626/696=0.899
[tick-spec] seq=2 slot=1 trace=- start_ms=15.435 gap_ms=0.007 wall_ms=14.443 generated=855->859 rounds=1 drafted=3 accepted=3 k=3
[tick] act=4 int=4 priming=2 ready=0 spec=4 demoted=0 spec_calls=2 spec_ms=29.9 prefill_single_calls=0 prefill_single_tokens=0 prefill_batch_calls=0 prefill_batch_tokens=0 prefill_ms=0.0 decode_ms=0.0
[spec-acc] ctx=3024 burst=3/3 cum=629/699=0.900
[tick-spec] seq=1 slot=1 trace=- start_ms=0.000 gap_ms=0.000 wall_ms=13.313 generated=859->863 rounds=1 drafted=3 accepted=3 k=3
[spec-acc] ctx=3016 burst=3/3 cum=611/726=0.842
[tick-spec] seq=2 slot=0 trace=- start_ms=13.321 gap_ms=0.007 wall_ms=15.529 generated=851->855 rounds=1 drafted=3 accepted=3 k=3
[tick] act=4 int=4 priming=2 ready=0 spec=4 demoted=0 spec_calls=2 spec_ms=28.9 prefill_single_calls=0 prefill_single_tokens=0 prefill_batch_calls=0 prefill_batch_tokens=0 prefill_ms=0.0 decode_ms=0.0
[spec-acc] ctx=3020 burst=3/3 cum=614/729=0.842
[tick-spec] seq=1 slot=0 trace=- start_ms=0.000 gap_ms=0.000 wall_ms=14.374 generated=855->859 rounds=1 drafted=3 accepted=3 k=3
[spec-acc] ctx=3028 burst=3/3 cum=632/702=0.900
[tick-spec] seq=2 slot=1 trace=- start_ms=14.382 gap_ms=0.008 wall_ms=15.500 generated=863->867 rounds=1 drafted=3 accepted=3 k=3
[tick] act=4 int=4 priming=2 ready=0 spec=4 demoted=0 spec_calls=2 spec_ms=29.9 prefill_single_calls=0 prefill_single_tokens=0 prefill_batch_calls=0 prefill_batch_tokens=0 prefill_ms=0.0 decode_ms=0.0
[spec-acc] ctx=3024 burst=3/3 cum=617/732=0.843
[tick-spec] seq=1 slot=0 trace=- start_ms=0.000 gap_ms=0.000 wall_ms=15.439 generated=859->863 rounds=1 drafted=3 accepted=3 k=3
[spec-acc] ctx=3032 burst=3/3 cum=635/705=0.901
[tick-spec] seq=2 slot=1 trace=- start_ms=15.447 gap_ms=0.007 wall_ms=25.388 generated=867->871 rounds=1 drafted=3 accepted=3 k=3
[tick] act=4 int=4 priming=2 ready=0 spec=4 demoted=0 spec_calls=2 spec_ms=40.8 prefill_single_calls=0 prefill_single_tokens=0 prefill_batch_calls=0 prefill_batch_tokens=0 prefill_ms=0.0 decode_ms=0.0
[spec-acc] ctx=3028 burst=3/3 cum=620/735=0.844
[tick-spec] seq=1 slot=0 trace=- start_ms=0.000 gap_ms=0.000 wall_ms=29.041 generated=863->867 rounds=1 drafted=3 accepted=3 k=3
[spec-acc] ctx=3036 burst=2/3 cum=637/708=0.900
[tick-spec] seq=2 slot=1 trace=- start_ms=29.049 gap_ms=0.007 wall_ms=12.394 generated=871->874 rounds=1 drafted=3 accepted=2 k=3
[tick] act=4 int=4 priming=2 ready=0 spec=4 demoted=0 spec_calls=2 spec_ms=41.5 prefill_single_calls=0 prefill_single_tokens=0 prefill_batch_calls=0 prefill_batch_tokens=0 prefill_ms=0.0 decode_ms=0.0
[spec-acc] ctx=3039 burst=3/3 cum=640/711=0.900
[tick-spec] seq=1 slot=1 trace=- start_ms=0.001 gap_ms=0.001 wall_ms=15.451 generated=874->878 rounds=1 drafted=3 accepted=3 k=3
[spec-acc] ctx=3032 burst=3/3 cum=623/738=0.844
[tick-spec] seq=2 slot=0 trace=- start_ms=15.460 gap_ms=0.008 wall_ms=14.352 generated=867->871 rounds=1 drafted=3 accepted=3 k=3
[tick] act=4 int=4 priming=2 ready=0 spec=4 demoted=0 spec_calls=2 spec_ms=29.8 prefill_single_calls=0 prefill_single_tokens=0 prefill_batch_calls=0 prefill_batch_tokens=0 prefill_ms=0.0 decode_ms=0.0
[spec-acc] ctx=3036 burst=3/3 cum=626/741=0.845
[tick-spec] seq=1 slot=0 trace=- start_ms=0.000 gap_ms=0.000 wall_ms=13.344 generated=871->875 rounds=1 drafted=3 accepted=3 k=3
[spec-acc] ctx=3043 burst=3/3 cum=643/714=0.901
[tick-spec] seq=2 slot=1 trace=- start_ms=13.358 gap_ms=0.013 wall_ms=13.356 generated=878->882 rounds=1 drafted=3 accepted=3 k=3
[tick] act=4 int=4 priming=2 ready=0 spec=4 demoted=0 spec_calls=2 spec_ms=26.7 prefill_single_calls=0 prefill_single_tokens=0 prefill_batch_calls=0 prefill_batch_tokens=0 prefill_ms=0.0 decode_ms=0.0
[spec-acc] ctx=3040 burst=3/3 cum=629/744=0.845
[tick-spec] seq=1 slot=0 trace=- start_ms=0.001 gap_ms=0.001 wall_ms=13.339 generated=875->879 rounds=1 drafted=3 accepted=3 k=3
[spec-acc] ctx=3047 burst=3/3 cum=646/717=0.901
[tick-spec] seq=2 slot=1 trace=- start_ms=13.348 gap_ms=0.008 wall_ms=15.429 generated=882->886 rounds=1 drafted=3 accepted=3 k=3
[meter] admit id=cmpl-6484abc5f3f310de176a6214d56994cd tenant=default lane=interactive model="gate"
[prime-chunk] phase=mtp-trunk rows=4096 wall_ms=342.808
[prime-yield] count=2 remaining=16 chunks=1 wall_ms=342.808 max_chunk_ms=342.808
[tick-spec] seq=3 slot=3 trace=- start_ms=28.785 gap_ms=0.009 wall_ms=342.869 generated=0->0 rounds=0 drafted=0 accepted=0 k=3
[tick] act=4 int=4 priming=2 ready=0 spec=4 demoted=0 spec_calls=3 spec_ms=371.7 prefill_single_calls=0 prefill_single_tokens=0 prefill_batch_calls=0 prefill_batch_tokens=0 prefill_ms=0.0 decode_ms=0.0
[admission] per-session draft-state charge: model="gate" +44MB (measured capture high-water)
[admission] request cost: model="gate" ctx=2261 path=spec = 16704 B/token x ctx + 780MB prefill-workspace + 355MB fixed = 1173MB
[spec-k] model="gate" tenant="peer" K=3 source=cold-long prompt=2165 cached=0 lcp=0 active=5 wave=5 placement=single-or-non-pp2
[prime-chunk] phase=mtp-trunk rows=2165 wall_ms=254.113
[prime-finalize] walker=memra_server::prime_observation::ObservedPrime<'_, memra_engine::spec::prime::MtpPrimeWalker<'_>> wall_ms=0.001 success=true
[tick-spec] seq=1 slot=4 trace=- start_ms=0.001 gap_ms=0.001 wall_ms=255.163 generated=0->1 rounds=0 drafted=0 accepted=0 k=3
[spec-acc] ctx=3044 burst=3/3 cum=632/747=0.846
[tick-spec] seq=2 slot=0 trace=- start_ms=255.176 gap_ms=0.012 wall_ms=13.334 generated=879->883 rounds=1 drafted=3 accepted=3 k=3
[spec-acc] ctx=3051 burst=3/3 cum=649/720=0.901
[tick-spec] seq=3 slot=1 trace=- start_ms=268.519 gap_ms=0.008 wall_ms=14.415 generated=886->890 rounds=1 drafted=3 accepted=3 k=3
[tick] act=5 int=5 priming=2 ready=0 spec=5 demoted=0 spec_calls=3 spec_ms=282.9 prefill_single_calls=0 prefill_single_tokens=0 prefill_batch_calls=0 prefill_batch_tokens=0 prefill_ms=0.0 decode_ms=0.0
[prefix-cache] insert (spec-boundary): 2144 tokens, 88.5MB (resident 265.6MB / 7890MB, model gate, ns "peer")
[spec-acc] ctx=3055 burst=2/3 cum=651/723=0.900
[tick-spec] seq=1 slot=1 trace=- start_ms=0.001 gap_ms=0.001 wall_ms=13.451 generated=890->893 rounds=1 drafted=3 accepted=2 k=3
[tick-spec] seq=2 slot=4 trace=- start_ms=13.460 gap_ms=0.008 wall_ms=8.310 generated=1->2 rounds=0 drafted=0 accepted=0 k=3
[spec-acc] ctx=3048 burst=3/3 cum=635/750=0.847
[tick-spec] seq=3 slot=0 trace=- start_ms=21.781 gap_ms=0.012 wall_ms=13.282 generated=883->887 rounds=1 drafted=3 accepted=3 k=3
[prime-chunk] phase=mtp-trunk rows=4096 wall_ms=514.923
[prime-yield] count=15 remaining=54 chunks=1 wall_ms=514.923 max_chunk_ms=514.923
[tick-spec] seq=4 slot=2 trace=- start_ms=35.073 gap_ms=0.009 wall_ms=515.113 generated=0->0 rounds=0 drafted=0 accepted=0 k=3
[tick] act=5 int=5 priming=2 ready=0 spec=5 demoted=0 spec_calls=4 spec_ms=550.2 prefill_single_calls=0 prefill_single_tokens=0 prefill_batch_calls=0 prefill_batch_tokens=0 prefill_ms=0.0 decode_ms=0.0
[tick-spec] seq=1 slot=4 trace=- start_ms=0.001 gap_ms=0.001 wall_ms=9.440 generated=2->3 rounds=0 drafted=0 accepted=0 k=3
[spec-acc] ctx=3052 burst=3/3 cum=638/753=0.847
[tick-spec] seq=2 slot=0 trace=- start_ms=9.453 gap_ms=0.012 wall_ms=14.363 generated=887->891 rounds=1 drafted=3 accepted=3 k=3
[spec-acc] ctx=3058 burst=3/3 cum=654/726=0.901
[tick-spec] seq=3 slot=1 trace=- start_ms=23.825 gap_ms=0.009 wall_ms=14.400 generated=893->897 rounds=1 drafted=3 accepted=3 k=3
[tick] act=5 int=5 priming=2 ready=0 spec=5 demoted=0 spec_calls=3 spec_ms=38.2 prefill_single_calls=0 prefill_single_tokens=0 prefill_batch_calls=0 prefill_batch_tokens=0 prefill_ms=0.0 decode_ms=0.0
[spec-acc] ctx=3056 burst=3/3 cum=641/756=0.848
[tick-spec] seq=1 slot=0 trace=- start_ms=0.001 gap_ms=0.001 wall_ms=13.306 generated=891->895 rounds=1 drafted=3 accepted=3 k=3
[spec-acc] ctx=3062 burst=3/3 cum=657/729=0.901
[tick-spec] seq=2 slot=1 trace=- start_ms=13.314 gap_ms=0.008 wall_ms=15.424 generated=897->901 rounds=1 drafted=3 accepted=3 k=3
[tick-spec] seq=3 slot=4 trace=- start_ms=28.746 gap_ms=0.008 wall_ms=8.311 generated=3->4 rounds=0 drafted=0 accepted=0 k=3
[tick] act=5 int=5 priming=2 ready=0 spec=5 demoted=0 spec_calls=3 spec_ms=37.1 prefill_single_calls=0 prefill_single_tokens=0 prefill_batch_calls=0 prefill_batch_tokens=0 prefill_ms=0.0 decode_ms=0.0
[spec-acc] ctx=3060 burst=3/3 cum=644/759=0.848
[tick-spec] seq=1 slot=0 trace=- start_ms=0.001 gap_ms=0.001 wall_ms=14.390 generated=895->899 rounds=1 drafted=3 accepted=3 k=3
[spec-acc] ctx=3066 burst=2/3 cum=659/732=0.900
[tick-spec] seq=2 slot=1 trace=- start_ms=14.399 gap_ms=0.008 wall_ms=14.494 generated=901->904 rounds=1 drafted=3 accepted=2 k=3
[tick-spec] seq=3 slot=4 trace=- start_ms=28.900 gap_ms=0.008 wall_ms=8.316 generated=4->5 rounds=0 drafted=0 accepted=0 k=3
[tick] act=5 int=5 priming=2 ready=0 spec=5 demoted=0 spec_calls=3 spec_ms=37.2 prefill_single_calls=0 prefill_single_tokens=0 prefill_batch_calls=0 prefill_batch_tokens=0 prefill_ms=0.0 decode_ms=0.0
[spec-acc] ctx=3064 burst=3/3 cum=647/762=0.849
[tick-spec] seq=1 slot=0 trace=- start_ms=0.001 gap_ms=0.001 wall_ms=13.288 generated=899->903 rounds=1 drafted=3 accepted=3 k=3
[spec-acc] ctx=3069 burst=3/3 cum=662/735=0.901
[tick-spec] seq=2 slot=1 trace=- start_ms=13.296 gap_ms=0.008 wall_ms=14.396 generated=904->908 rounds=1 drafted=3 accepted=3 k=3
[tick-spec] seq=3 slot=4 trace=- start_ms=27.701 gap_ms=0.008 wall_ms=9.433 generated=5->6 rounds=0 drafted=0 accepted=0 k=3
[tick] act=5 int=5 priming=2 ready=0 spec=5 demoted=0 spec_calls=3 spec_ms=37.1 prefill_single_calls=0 prefill_single_tokens=0 prefill_batch_calls=0 prefill_batch_tokens=0 prefill_ms=0.0 decode_ms=0.0
[spec-acc] ctx=3073 burst=3/3 cum=665/738=0.901
[tick-spec] seq=1 slot=1 trace=- start_ms=0.001 gap_ms=0.001 wall_ms=15.423 generated=908->912 rounds=1 drafted=3 accepted=3 k=3
[tick-spec] seq=2 slot=4 trace=- start_ms=15.432 gap_ms=0.008 wall_ms=8.293 generated=6->7 rounds=0 drafted=0 accepted=0 k=3
[spec-acc] ctx=3068 burst=3/3 cum=650/765=0.850
[tick-spec] seq=3 slot=0 trace=- start_ms=23.737 gap_ms=0.013 wall_ms=14.316 generated=903->907 rounds=1 drafted=3 accepted=3 k=3
[tick] act=5 int=5 priming=2 ready=0 spec=5 demoted=0 spec_calls=3 spec_ms=38.1 prefill_single_calls=0 prefill_single_tokens=0 prefill_batch_calls=0 prefill_batch_tokens=0 prefill_ms=0.0 decode_ms=0.0
[tick-spec] seq=1 slot=4 trace=- start_ms=0.001 gap_ms=0.001 wall_ms=8.303 generated=7->8 rounds=0 drafted=0 accepted=0 k=3
[spec-acc] ctx=3072 burst=3/3 cum=653/768=0.850
[tick-spec] seq=2 slot=0 trace=- start_ms=8.314 gap_ms=0.011 wall_ms=14.382 generated=907->911 rounds=1 drafted=3 accepted=3 k=3
[spec-acc] ctx=3077 burst=3/3 cum=668/741=0.901
[tick-spec] seq=3 slot=1 trace=- start_ms=22.704 gap_ms=0.008 wall_ms=28.200 generated=912->916 rounds=1 drafted=3 accepted=3 k=3
[tick] act=5 int=5 priming=2 ready=0 spec=5 demoted=0 spec_calls=3 spec_ms=50.9 prefill_single_calls=0 prefill_single_tokens=0 prefill_batch_calls=0 prefill_batch_tokens=0 prefill_ms=0.0 decode_ms=0.0
[spec-acc] ctx=3076 burst=3/3 cum=656/771=0.851
[tick-spec] seq=1 slot=0 trace=- start_ms=0.001 gap_ms=0.001 wall_ms=32.039 generated=911->915 rounds=1 drafted=3 accepted=3 k=3
[spec-acc] ctx=3081 burst=3/3 cum=671/744=0.902
[tick-spec] seq=2 slot=1 trace=- start_ms=32.048 gap_ms=0.008 wall_ms=14.380 generated=916->920 rounds=1 drafted=3 accepted=3 k=3
[tick-spec] seq=3 slot=4 trace=- start_ms=46.436 gap_ms=0.009 wall_ms=8.295 generated=8->9 rounds=0 drafted=0 accepted=0 k=3
[tick] act=5 int=5 priming=2 ready=0 spec=5 demoted=0 spec_calls=3 spec_ms=54.8 prefill_single_calls=0 prefill_single_tokens=0 prefill_batch_calls=0 prefill_batch_tokens=0 prefill_ms=0.0 decode_ms=0.0
[spec-acc] ctx=3080 burst=3/3 cum=659/774=0.851
[tick-spec] seq=1 slot=0 trace=- start_ms=0.001 gap_ms=0.001 wall_ms=15.441 generated=915->919 rounds=1 drafted=3 accepted=3 k=3
[spec-acc] ctx=3085 burst=2/3 cum=673/747=0.901
[tick-spec] seq=2 slot=1 trace=- start_ms=15.450 gap_ms=0.008 wall_ms=14.505 generated=920->923 rounds=1 drafted=3 accepted=2 k=3
[tick-spec] seq=3 slot=4 trace=- start_ms=29.962 gap_ms=0.008 wall_ms=9.442 generated=9->10 rounds=0 drafted=0 accepted=0 k=3
[tick] act=5 int=5 priming=2 ready=0 spec=5 demoted=0 spec_calls=3 spec_ms=39.4 prefill_single_calls=0 prefill_single_tokens=0 prefill_batch_calls=0 prefill_batch_tokens=0 prefill_ms=0.0 decode_ms=0.0
[spec-acc] ctx=3084 burst=3/3 cum=662/777=0.852
[tick-spec] seq=1 slot=0 trace=- start_ms=0.001 gap_ms=0.001 wall_ms=15.419 generated=919->923 rounds=1 drafted=3 accepted=3 k=3
[spec-acc] ctx=3088 burst=3/3 cum=676/750=0.901
[tick-spec] seq=2 slot=1 trace=- start_ms=15.427 gap_ms=0.008 wall_ms=13.331 generated=923->927 rounds=1 drafted=3 accepted=3 k=3
[tick-spec] seq=3 slot=4 trace=- start_ms=28.766 gap_ms=0.008 wall_ms=9.364 generated=10->11 rounds=0 drafted=0 accepted=0 k=3
[tick] act=5 int=5 priming=2 ready=0 spec=5 demoted=0 spec_calls=3 spec_ms=38.1 prefill_single_calls=0 prefill_single_tokens=0 prefill_batch_calls=0 prefill_batch_tokens=0 prefill_ms=0.0 decode_ms=0.0
[spec-acc] ctx=3092 burst=3/3 cum=679/753=0.902
[tick-spec] seq=1 slot=1 trace=- start_ms=0.001 gap_ms=0.001 wall_ms=13.307 generated=927->931 rounds=1 drafted=3 accepted=3 k=3
[tick-spec] seq=2 slot=4 trace=- start_ms=13.316 gap_ms=0.008 wall_ms=9.298 generated=11->12 rounds=0 drafted=0 accepted=0 k=3
[spec-acc] ctx=3088 burst=3/3 cum=665/780=0.853
[tick-spec] seq=3 slot=0 trace=- start_ms=22.624 gap_ms=0.011 wall_ms=12.241 generated=923->927 rounds=1 drafted=3 accepted=3 k=3
[tick] act=5 int=5 priming=2 ready=0 spec=5 demoted=0 spec_calls=3 spec_ms=34.9 prefill_single_calls=0 prefill_single_tokens=0 prefill_batch_calls=0 prefill_batch_tokens=0 prefill_ms=0.0 decode_ms=0.0
[tick-spec] seq=1 slot=4 trace=- start_ms=0.001 gap_ms=0.001 wall_ms=8.294 generated=12->13 rounds=0 drafted=0 accepted=0 k=3
[spec-acc] ctx=3092 burst=3/3 cum=668/783=0.853
[tick-spec] seq=2 slot=0 trace=- start_ms=8.306 gap_ms=0.012 wall_ms=12.244 generated=927->931 rounds=1 drafted=3 accepted=3 k=3
[spec-acc] ctx=3096 burst=2/3 cum=681/756=0.901
[tick-spec] seq=3 slot=1 trace=- start_ms=20.558 gap_ms=0.008 wall_ms=15.518 generated=931->934 rounds=1 drafted=3 accepted=2 k=3
[tick] act=5 int=5 priming=2 ready=0 spec=5 demoted=0 spec_calls=3 spec_ms=36.1 prefill_single_calls=0 prefill_single_tokens=0 prefill_batch_calls=0 prefill_batch_tokens=0 prefill_ms=0.0 decode_ms=0.0
[spec-acc] ctx=3096 burst=1/3 cum=669/786=0.851
[tick-spec] seq=1 slot=0 trace=- start_ms=0.001 gap_ms=0.001 wall_ms=13.399 generated=931->933 rounds=1 drafted=3 accepted=1 k=3
[spec-acc] ctx=3099 burst=3/3 cum=684/759=0.901
[tick-spec] seq=2 slot=1 trace=- start_ms=13.407 gap_ms=0.008 wall_ms=16.160 generated=934->938 rounds=1 drafted=3 accepted=3 k=3
[tick-spec] seq=3 slot=4 trace=- start_ms=29.576 gap_ms=0.008 wall_ms=9.368 generated=13->14 rounds=0 drafted=0 accepted=0 k=3
[prime-chunk] phase=mtp-trunk rows=4096 wall_ms=354.947
[prime-yield] count=3 remaining=15 chunks=1 wall_ms=354.947 max_chunk_ms=354.947
[tick-spec] seq=4 slot=3 trace=- start_ms=38.955 gap_ms=0.011 wall_ms=355.016 generated=0->0 rounds=0 drafted=0 accepted=0 k=3
[tick] act=5 int=5 priming=2 ready=0 spec=5 demoted=0 spec_calls=4 spec_ms=394.0 prefill_single_calls=0 prefill_single_tokens=0 prefill_batch_calls=0 prefill_batch_tokens=0 prefill_ms=0.0 decode_ms=0.0
[spec-acc] ctx=3098 burst=3/3 cum=672/789=0.852
[tick-spec] seq=1 slot=0 trace=- start_ms=0.001 gap_ms=0.001 wall_ms=29.471 generated=933->937 rounds=1 drafted=3 accepted=3 k=3
[spec-acc] ctx=3103 burst=3/3 cum=687/762=0.902
[tick-spec] seq=2 slot=1 trace=- start_ms=29.480 gap_ms=0.008 wall_ms=38.943 generated=938->942 rounds=1 drafted=3 accepted=3 k=3
[tick-spec] seq=3 slot=4 trace=- start_ms=68.432 gap_ms=0.008 wall_ms=9.495 generated=14->15 rounds=0 drafted=0 accepted=0 k=3
[tick] act=5 int=5 priming=2 ready=0 spec=5 demoted=0 spec_calls=3 spec_ms=77.9 prefill_single_calls=0 prefill_single_tokens=0 prefill_batch_calls=0 prefill_batch_tokens=0 prefill_ms=0.0 decode_ms=0.0
[spec-acc] ctx=3102 burst=3/3 cum=675/792=0.852
[tick-spec] seq=1 slot=0 trace=- start_ms=0.001 gap_ms=0.001 wall_ms=12.318 generated=937->941 rounds=1 drafted=3 accepted=3 k=3
[spec-acc] ctx=3107 burst=3/3 cum=690/765=0.902
[tick-spec] seq=2 slot=1 trace=- start_ms=12.326 gap_ms=0.008 wall_ms=13.315 generated=942->946 rounds=1 drafted=3 accepted=3 k=3
[tick-spec] seq=3 slot=4 trace=- start_ms=25.649 gap_ms=0.008 wall_ms=8.268 generated=15->16 rounds=0 drafted=0 accepted=0 k=3
[tick] act=5 int=5 priming=2 ready=0 spec=5 demoted=0 spec_calls=3 spec_ms=33.9 prefill_single_calls=0 prefill_single_tokens=0 prefill_batch_calls=0 prefill_batch_tokens=0 prefill_ms=0.0 decode_ms=0.0
[spec-acc] ctx=3111 burst=3/3 cum=693/768=0.902
[tick-spec] seq=1 slot=1 trace=- start_ms=0.001 gap_ms=0.001 wall_ms=14.386 generated=946->950 rounds=1 drafted=3 accepted=3 k=3
[tick-spec] seq=2 slot=4 trace=- start_ms=14.394 gap_ms=0.008 wall_ms=8.280 generated=16->17 rounds=0 drafted=0 accepted=0 k=3
[spec-acc] ctx=3106 burst=3/3 cum=678/795=0.853
[tick-spec] seq=3 slot=0 trace=- start_ms=22.686 gap_ms=0.012 wall_ms=14.337 generated=941->945 rounds=1 drafted=3 accepted=3 k=3
[tick] act=5 int=5 priming=2 ready=0 spec=5 demoted=0 spec_calls=3 spec_ms=37.0 prefill_single_calls=0 prefill_single_tokens=0 prefill_batch_calls=0 prefill_batch_tokens=0 prefill_ms=0.0 decode_ms=0.0
[tick-spec] seq=1 slot=4 trace=- start_ms=0.001 gap_ms=0.001 wall_ms=9.351 generated=17->18 rounds=0 drafted=0 accepted=0 k=3
[spec-acc] ctx=3110 burst=3/3 cum=681/798=0.853
[tick-spec] seq=2 slot=0 trace=- start_ms=9.363 gap_ms=0.011 wall_ms=15.420 generated=945->949 rounds=1 drafted=3 accepted=3 k=3
[spec-acc] ctx=3115 burst=2/3 cum=695/771=0.901
[tick-spec] seq=3 slot=1 trace=- start_ms=24.792 gap_ms=0.008 wall_ms=13.468 generated=950->953 rounds=1 drafted=3 accepted=2 k=3
[tick] act=5 int=5 priming=2 ready=0 spec=5 demoted=0 spec_calls=3 spec_ms=38.3 prefill_single_calls=0 prefill_single_tokens=0 prefill_batch_calls=0 prefill_batch_tokens=0 prefill_ms=0.0 decode_ms=0.0
[spec-acc] ctx=3114 burst=3/3 cum=684/801=0.854
[tick-spec] seq=1 slot=0 trace=- start_ms=0.001 gap_ms=0.001 wall_ms=13.281 generated=949->953 rounds=1 drafted=3 accepted=3 k=3
[spec-acc] ctx=3118 burst=3/3 cum=698/774=0.902
[tick-spec] seq=2 slot=1 trace=- start_ms=13.290 gap_ms=0.008 wall_ms=13.310 generated=953->957 rounds=1 drafted=3 accepted=3 k=3
[tick-spec] seq=3 slot=4 trace=- start_ms=26.607 gap_ms=0.008 wall_ms=9.332 generated=18->19 rounds=0 drafted=0 accepted=0 k=3
[tick] act=5 int=5 priming=2 ready=0 spec=5 demoted=0 spec_calls=3 spec_ms=36.0 prefill_single_calls=0 prefill_single_tokens=0 prefill_batch_calls=0 prefill_batch_tokens=0 prefill_ms=0.0 decode_ms=0.0
[spec-acc] ctx=3118 burst=2/3 cum=686/804=0.853
[tick-spec] seq=1 slot=0 trace=- start_ms=0.001 gap_ms=0.001 wall_ms=14.453 generated=953->956 rounds=1 drafted=3 accepted=2 k=3
[spec-acc] ctx=3122 burst=3/3 cum=701/777=0.902
[tick-spec] seq=2 slot=1 trace=- start_ms=14.462 gap_ms=0.008 wall_ms=15.415 generated=957->961 rounds=1 drafted=3 accepted=3 k=3
[tick-spec] seq=3 slot=4 trace=- start_ms=29.893 gap_ms=0.016 wall_ms=8.298 generated=19->20 rounds=0 drafted=0 accepted=0 k=3
[tick] act=5 int=5 priming=2 ready=0 spec=5 demoted=0 spec_calls=3 spec_ms=38.2 prefill_single_calls=0 prefill_single_tokens=0 prefill_batch_calls=0 prefill_batch_tokens=0 prefill_ms=0.0 decode_ms=0.0
[spec-acc] ctx=3121 burst=3/3 cum=689/807=0.854
[tick-spec] seq=1 slot=0 trace=- start_ms=0.001 gap_ms=0.001 wall_ms=14.358 generated=956->960 rounds=1 drafted=3 accepted=3 k=3
[spec-acc] ctx=3126 burst=1/3 cum=702/780=0.900
[tick-spec] seq=2 slot=1 trace=- start_ms=14.367 gap_ms=0.008 wall_ms=14.491 generated=961->963 rounds=1 drafted=3 accepted=1 k=3
[tick-spec] seq=3 slot=4 trace=- start_ms=28.867 gap_ms=0.009 wall_ms=9.355 generated=20->21 rounds=0 drafted=0 accepted=0 k=3
[tick] act=5 int=5 priming=2 ready=0 spec=5 demoted=0 spec_calls=3 spec_ms=38.2 prefill_single_calls=0 prefill_single_tokens=0 prefill_batch_calls=0 prefill_batch_tokens=0 prefill_ms=0.0 decode_ms=0.0
[spec-acc] ctx=3128 burst=3/3 cum=705/783=0.900
[tick-spec] seq=1 slot=1 trace=- start_ms=0.001 gap_ms=0.001 wall_ms=14.392 generated=963->967 rounds=1 drafted=3 accepted=3 k=3
[tick-spec] seq=2 slot=4 trace=- start_ms=14.401 gap_ms=0.008 wall_ms=15.178 generated=21->22 rounds=0 drafted=0 accepted=0 k=3
[spec-acc] ctx=3125 burst=3/3 cum=692/810=0.854
[tick-spec] seq=3 slot=0 trace=- start_ms=29.590 gap_ms=0.012 wall_ms=24.168 generated=960->964 rounds=1 drafted=3 accepted=3 k=3
[prime-chunk] phase=mtp-trunk rows=4096 wall_ms=529.192
[prime-yield] count=16 remaining=53 chunks=1 wall_ms=529.192 max_chunk_ms=529.192
[tick-spec] seq=4 slot=2 trace=- start_ms=53.766 gap_ms=0.009 wall_ms=529.383 generated=0->0 rounds=0 drafted=0 accepted=0 k=3
[tick] act=5 int=5 priming=2 ready=0 spec=5 demoted=0 spec_calls=4 spec_ms=583.2 prefill_single_calls=0 prefill_single_tokens=0 prefill_batch_calls=0 prefill_batch_tokens=0 prefill_ms=0.0 decode_ms=0.0
[tick-spec] seq=1 slot=4 trace=- start_ms=0.001 gap_ms=0.001 wall_ms=8.404 generated=22->23 rounds=0 drafted=0 accepted=0 k=3
[spec-acc] ctx=3129 burst=3/3 cum=695/813=0.855
[tick-spec] seq=2 slot=0 trace=- start_ms=8.416 gap_ms=0.011 wall_ms=12.286 generated=964->968 rounds=1 drafted=3 accepted=3 k=3
[spec-acc] ctx=3132 burst=3/3 cum=708/786=0.901
[tick-spec] seq=3 slot=1 trace=- start_ms=20.710 gap_ms=0.008 wall_ms=15.410 generated=967->971 rounds=1 drafted=3 accepted=3 k=3
[tick] act=5 int=5 priming=2 ready=0 spec=5 demoted=0 spec_calls=3 spec_ms=36.1 prefill_single_calls=0 prefill_single_tokens=0 prefill_batch_calls=0 prefill_batch_tokens=0 prefill_ms=0.0 decode_ms=0.0
[spec-acc] ctx=3133 burst=3/3 cum=698/816=0.855
[tick-spec] seq=1 slot=0 trace=- start_ms=0.001 gap_ms=0.001 wall_ms=13.298 generated=968->972 rounds=1 drafted=3 accepted=3 k=3
[spec-acc] ctx=3136 burst=3/3 cum=711/789=0.901
[tick-spec] seq=2 slot=1 trace=- start_ms=13.307 gap_ms=0.008 wall_ms=32.491 generated=971->975 rounds=1 drafted=3 accepted=3 k=3
[tick-spec] seq=3 slot=4 trace=- start_ms=45.807 gap_ms=0.009 wall_ms=19.966 generated=23->24 rounds=0 drafted=0 accepted=0 k=3
[tick] act=5 int=5 priming=2 ready=0 spec=5 demoted=0 spec_calls=3 spec_ms=65.8 prefill_single_calls=0 prefill_single_tokens=0 prefill_batch_calls=0 prefill_batch_tokens=0 prefill_ms=0.0 decode_ms=0.0
[spec-acc] ctx=3137 burst=3/3 cum=701/819=0.856
[tick-spec] seq=1 slot=0 trace=- start_ms=0.001 gap_ms=0.001 wall_ms=14.384 generated=972->976 rounds=1 drafted=3 accepted=3 k=3
[spec-acc] ctx=3140 burst=3/3 cum=714/792=0.902
[tick-spec] seq=2 slot=1 trace=- start_ms=14.392 gap_ms=0.008 wall_ms=15.426 generated=975->979 rounds=1 drafted=3 accepted=3 k=3
[tick-spec] seq=3 slot=4 trace=- start_ms=29.827 gap_ms=0.008 wall_ms=8.277 generated=24->25 rounds=0 drafted=0 accepted=0 k=3
[tick] act=5 int=5 priming=2 ready=0 spec=5 demoted=0 spec_calls=3 spec_ms=38.1 prefill_single_calls=0 prefill_single_tokens=0 prefill_batch_calls=0 prefill_batch_tokens=0 prefill_ms=0.0 decode_ms=0.0
[spec-acc] ctx=3141 burst=3/3 cum=704/822=0.856
[tick-spec] seq=1 slot=0 trace=- start_ms=0.001 gap_ms=0.001 wall_ms=14.362 generated=976->980 rounds=1 drafted=3 accepted=3 k=3
[spec-acc] ctx=3144 burst=3/3 cum=717/795=0.902
[tick-spec] seq=2 slot=1 trace=- start_ms=14.370 gap_ms=0.008 wall_ms=15.396 generated=979->983 rounds=1 drafted=3 accepted=3 k=3
[tick-spec] seq=3 slot=4 trace=- start_ms=29.775 gap_ms=0.008 wall_ms=9.371 generated=25->26 rounds=0 drafted=0 accepted=0 k=3
[tick] act=5 int=5 priming=2 ready=0 spec=5 demoted=0 spec_calls=3 spec_ms=39.2 prefill_single_calls=0 prefill_single_tokens=0 prefill_batch_calls=0 prefill_batch_tokens=0 prefill_ms=0.0 decode_ms=0.0
[spec-acc] ctx=3148 burst=3/3 cum=720/798=0.902
[tick-spec] seq=1 slot=1 trace=- start_ms=0.001 gap_ms=0.001 wall_ms=14.346 generated=983->987 rounds=1 drafted=3 accepted=3 k=3
[tick-spec] seq=2 slot=4 trace=- start_ms=14.355 gap_ms=0.008 wall_ms=8.274 generated=26->27 rounds=0 drafted=0 accepted=0 k=3
[spec-acc] ctx=3145 burst=3/3 cum=707/825=0.857
[tick-spec] seq=3 slot=0 trace=- start_ms=22.640 gap_ms=0.012 wall_ms=15.635 generated=980->984 rounds=1 drafted=3 accepted=3 k=3
[tick] act=5 int=5 priming=2 ready=0 spec=5 demoted=0 spec_calls=3 spec_ms=38.3 prefill_single_calls=0 prefill_single_tokens=0 prefill_batch_calls=0 prefill_batch_tokens=0 prefill_ms=0.0 decode_ms=0.0
[tick-spec] seq=1 slot=4 trace=- start_ms=0.001 gap_ms=0.001 wall_ms=9.353 generated=27->28 rounds=0 drafted=0 accepted=0 k=3
[spec-acc] ctx=3149 burst=3/3 cum=710/828=0.857
[tick-spec] seq=2 slot=0 trace=- start_ms=9.365 gap_ms=0.011 wall_ms=14.367 generated=984->988 rounds=1 drafted=3 accepted=3 k=3
[spec-acc] ctx=3152 burst=3/3 cum=723/801=0.903
[tick-spec] seq=3 slot=1 trace=- start_ms=23.740 gap_ms=0.008 wall_ms=14.352 generated=987->991 rounds=1 drafted=3 accepted=3 k=3
[tick] act=5 int=5 priming=2 ready=0 spec=5 demoted=0 spec_calls=3 spec_ms=38.1 prefill_single_calls=0 prefill_single_tokens=0 prefill_batch_calls=0 prefill_batch_tokens=0 prefill_ms=0.0 decode_ms=0.0
[spec-acc] ctx=3153 burst=3/3 cum=713/831=0.858
[tick-spec] seq=1 slot=0 trace=- start_ms=0.001 gap_ms=0.001 wall_ms=14.336 generated=988->992 rounds=1 drafted=3 accepted=3 k=3
[spec-acc] ctx=3156 burst=1/3 cum=724/804=0.900
[tick-spec] seq=2 slot=1 trace=- start_ms=14.345 gap_ms=0.008 wall_ms=15.713 generated=991->993 rounds=1 drafted=3 accepted=1 k=3
[tick-spec] seq=3 slot=4 trace=- start_ms=30.066 gap_ms=0.008 wall_ms=9.378 generated=28->29 rounds=0 drafted=0 accepted=0 k=3
[tick] act=5 int=5 priming=2 ready=0 spec=5 demoted=0 spec_calls=3 spec_ms=39.5 prefill_single_calls=0 prefill_single_tokens=0 prefill_batch_calls=0 prefill_batch_tokens=0 prefill_ms=0.0 decode_ms=0.0
[spec-acc] ctx=3157 burst=3/3 cum=716/834=0.859
[tick-spec] seq=1 slot=0 trace=- start_ms=0.001 gap_ms=0.001 wall_ms=14.365 generated=992->996 rounds=1 drafted=3 accepted=3 k=3
[spec-acc] ctx=3158 burst=3/3 cum=727/807=0.901
[tick-spec] seq=2 slot=1 trace=- start_ms=14.373 gap_ms=0.008 wall_ms=13.300 generated=993->997 rounds=1 drafted=3 accepted=3 k=3
[tick-spec] seq=3 slot=4 trace=- start_ms=27.681 gap_ms=0.008 wall_ms=8.311 generated=29->30 rounds=0 drafted=0 accepted=0 k=3
[tick] act=5 int=5 priming=2 ready=0 spec=5 demoted=0 spec_calls=3 spec_ms=36.0 prefill_single_calls=0 prefill_single_tokens=0 prefill_batch_calls=0 prefill_batch_tokens=0 prefill_ms=0.0 decode_ms=0.0
[spec-acc] ctx=3161 burst=3/3 cum=719/837=0.859
[tick-spec] seq=1 slot=0 trace=- start_ms=0.001 gap_ms=0.001 wall_ms=14.359 generated=996->1000 rounds=1 drafted=3 accepted=3 k=3
[spec-acc] ctx=3162 burst=3/3 cum=730/810=0.901
[tick-spec] seq=2 slot=1 trace=- start_ms=14.367 gap_ms=0.008 wall_ms=13.310 generated=997->1001 rounds=1 drafted=3 accepted=3 k=3
[tick-spec] seq=3 slot=4 trace=- start_ms=27.686 gap_ms=0.008 wall_ms=16.676 generated=30->31 rounds=0 drafted=0 accepted=0 k=3
[tick] act=5 int=5 priming=2 ready=0 spec=5 demoted=0 spec_calls=3 spec_ms=44.4 prefill_single_calls=0 prefill_single_tokens=0 prefill_batch_calls=0 prefill_batch_tokens=0 prefill_ms=0.0 decode_ms=0.0
[spec-acc] ctx=3166 burst=3/3 cum=733/813=0.902
[tick-spec] seq=1 slot=1 trace=- start_ms=0.001 gap_ms=0.001 wall_ms=17.344 generated=1001->1005 rounds=1 drafted=3 accepted=3 k=3
[tick-spec] seq=2 slot=4 trace=- start_ms=17.353 gap_ms=0.008 wall_ms=17.637 generated=31->32 rounds=0 drafted=0 accepted=0 k=3
[spec-acc] ctx=3165 burst=3/3 cum=722/840=0.860
[tick-spec] seq=3 slot=0 trace=- start_ms=35.002 gap_ms=0.012 wall_ms=14.419 generated=1000->1004 rounds=1 drafted=3 accepted=3 k=3
[tick] act=5 int=5 priming=2 ready=0 spec=5 demoted=0 spec_calls=3 spec_ms=49.4 prefill_single_calls=0 prefill_single_tokens=0 prefill_batch_calls=0 prefill_batch_tokens=0 prefill_ms=0.0 decode_ms=0.0
[spec-acc] ctx=3169 burst=3/3 cum=725/843=0.860
[tick-spec] seq=1 slot=0 trace=- start_ms=0.001 gap_ms=0.001 wall_ms=15.497 generated=1004->1008 rounds=1 drafted=3 accepted=3 k=3
[spec-acc] ctx=3170 burst=3/3 cum=736/816=0.902
[tick-spec] seq=2 slot=1 trace=- start_ms=15.507 gap_ms=0.008 wall_ms=15.508 generated=1005->1009 rounds=1 drafted=3 accepted=3 k=3
[tick] act=4 int=4 priming=2 ready=0 spec=4 demoted=0 spec_calls=2 spec_ms=31.0 prefill_single_calls=0 prefill_single_tokens=0 prefill_batch_calls=0 prefill_batch_tokens=0 prefill_ms=0.0 decode_ms=0.0
[spec-acc] ctx=3173 burst=3/3 cum=728/846=0.861
[tick-spec] seq=1 slot=0 trace=- start_ms=0.001 gap_ms=0.001 wall_ms=14.397 generated=1008->1012 rounds=1 drafted=3 accepted=3 k=3
[spec-acc] ctx=3174 burst=3/3 cum=739/819=0.902
[tick-spec] seq=2 slot=1 trace=- start_ms=14.406 gap_ms=0.008 wall_ms=12.294 generated=1009->1013 rounds=1 drafted=3 accepted=3 k=3
[prime-chunk] phase=mtp-trunk rows=4096 wall_ms=368.296
[prime-yield] count=4 remaining=14 chunks=1 wall_ms=368.296 max_chunk_ms=368.296
[tick-spec] seq=3 slot=3 trace=- start_ms=26.708 gap_ms=0.009 wall_ms=368.361 generated=0->0 rounds=0 drafted=0 accepted=0 k=3
[tick] act=4 int=4 priming=2 ready=0 spec=4 demoted=0 spec_calls=3 spec_ms=395.1 prefill_single_calls=0 prefill_single_tokens=0 prefill_batch_calls=0 prefill_batch_tokens=0 prefill_ms=0.0 decode_ms=0.0
[spec-acc] ctx=3177 burst=3/3 cum=731/849=0.861
[tick-spec] seq=1 slot=0 trace=- start_ms=0.001 gap_ms=0.001 wall_ms=14.425 generated=1012->1016 rounds=1 drafted=3 accepted=3 k=3
[spec-acc] ctx=3178 burst=3/3 cum=742/822=0.903
[tick-spec] seq=2 slot=1 trace=- start_ms=14.433 gap_ms=0.008 wall_ms=14.377 generated=1013->1017 rounds=1 drafted=3 accepted=3 k=3
[tick] act=4 int=4 priming=2 ready=0 spec=4 demoted=0 spec_calls=2 spec_ms=28.8 prefill_single_calls=0 prefill_single_tokens=0 prefill_batch_calls=0 prefill_batch_tokens=0 prefill_ms=0.0 decode_ms=0.0
[spec-acc] ctx=3182 burst=3/3 cum=745/825=0.903
[tick-spec] seq=1 slot=1 trace=- start_ms=0.000 gap_ms=0.000 wall_ms=14.416 generated=1017->1021 rounds=1 drafted=3 accepted=3 k=3
[spec-acc] ctx=3181 burst=3/3 cum=734/852=0.862
[tick-spec] seq=2 slot=0 trace=- start_ms=14.424 gap_ms=0.008 wall_ms=14.411 generated=1016->1020 rounds=1 drafted=3 accepted=3 k=3
[tick] act=4 int=4 priming=2 ready=0 spec=4 demoted=0 spec_calls=2 spec_ms=28.8 prefill_single_calls=0 prefill_single_tokens=0 prefill_batch_calls=0 prefill_batch_tokens=0 prefill_ms=0.0 decode_ms=0.0
[spec-acc] ctx=3185 burst=3/3 cum=737/855=0.862
[tick-spec] seq=1 slot=0 trace=- start_ms=0.000 gap_ms=0.000 wall_ms=15.475 generated=1020->1024 rounds=1 drafted=3 accepted=3 k=3
[spec-acc] ctx=3186 burst=1/3 cum=746/828=0.901
[tick-spec] seq=2 slot=1 trace=- start_ms=15.483 gap_ms=0.007 wall_ms=14.489 generated=1021->1023 rounds=1 drafted=3 accepted=1 k=3
[tick] act=4 int=4 priming=2 ready=0 spec=4 demoted=0 spec_calls=2 spec_ms=30.0 prefill_single_calls=0 prefill_single_tokens=0 prefill_batch_calls=0 prefill_batch_tokens=0 prefill_ms=0.0 decode_ms=0.0
[spec-acc] ctx=3189 burst=3/3 cum=740/858=0.862
[tick-spec] seq=1 slot=0 trace=- start_ms=0.000 gap_ms=0.000 wall_ms=15.491 generated=1024->1028 rounds=1 drafted=3 accepted=3 k=3
[spec-acc] ctx=3188 burst=3/3 cum=749/831=0.901
[tick-spec] seq=2 slot=1 trace=- start_ms=15.499 gap_ms=0.007 wall_ms=15.503 generated=1023->1027 rounds=1 drafted=3 accepted=3 k=3
[tick] act=4 int=4 priming=2 ready=0 spec=4 demoted=0 spec_calls=2 spec_ms=31.0 prefill_single_calls=0 prefill_single_tokens=0 prefill_batch_calls=0 prefill_batch_tokens=0 prefill_ms=0.0 decode_ms=0.0
[spec-acc] ctx=3193 burst=3/3 cum=743/861=0.863
[tick-spec] seq=1 slot=0 trace=- start_ms=0.000 gap_ms=0.000 wall_ms=13.407 generated=1028->1032 rounds=1 drafted=3 accepted=3 k=3
[spec-acc] ctx=3192 burst=3/3 cum=752/834=0.902
[tick-spec] seq=2 slot=1 trace=- start_ms=13.415 gap_ms=0.008 wall_ms=30.157 generated=1027->1031 rounds=1 drafted=3 accepted=3 k=3
[tick] act=4 int=4 priming=2 ready=0 spec=4 demoted=0 spec_calls=2 spec_ms=43.6 prefill_single_calls=0 prefill_single_tokens=0 prefill_batch_calls=0 prefill_batch_tokens=0 prefill_ms=0.0 decode_ms=0.0
[spec-acc] ctx=3196 burst=3/3 cum=755/837=0.902
[tick-spec] seq=1 slot=1 trace=- start_ms=0.001 gap_ms=0.001 wall_ms=29.476 generated=1031->1035 rounds=1 drafted=3 accepted=3 k=3
[spec-acc] ctx=3197 burst=3/3 cum=746/864=0.863
[tick-spec] seq=2 slot=0 trace=- start_ms=29.486 gap_ms=0.009 wall_ms=14.433 generated=1032->1036 rounds=1 drafted=3 accepted=3 k=3
[tick] act=4 int=4 priming=2 ready=0 spec=4 demoted=0 spec_calls=2 spec_ms=43.9 prefill_single_calls=0 prefill_single_tokens=0 prefill_batch_calls=0 prefill_batch_tokens=0 prefill_ms=0.0 decode_ms=0.0
[spec-acc] ctx=3201 burst=3/3 cum=749/867=0.864
[tick-spec] seq=1 slot=0 trace=- start_ms=0.000 gap_ms=0.000 wall_ms=14.407 generated=1036->1040 rounds=1 drafted=3 accepted=3 k=3
[spec-acc] ctx=3200 burst=3/3 cum=758/840=0.902
[tick-spec] seq=2 slot=1 trace=- start_ms=14.415 gap_ms=0.007 wall_ms=14.429 generated=1035->1039 rounds=1 drafted=3 accepted=3 k=3
[tick] act=4 int=4 priming=2 ready=0 spec=4 demoted=0 spec_calls=2 spec_ms=28.9 prefill_single_calls=0 prefill_single_tokens=0 prefill_batch_calls=0 prefill_batch_tokens=0 prefill_ms=0.0 decode_ms=0.0
[spec-acc] ctx=3205 burst=3/3 cum=752/870=0.864
[tick-spec] seq=1 slot=0 trace=- start_ms=0.000 gap_ms=0.000 wall_ms=15.509 generated=1040->1044 rounds=1 drafted=3 accepted=3 k=3
[spec-acc] ctx=3204 burst=3/3 cum=761/843=0.903
[tick-spec] seq=2 slot=1 trace=- start_ms=15.518 gap_ms=0.008 wall_ms=15.500 generated=1039->1043 rounds=1 drafted=3 accepted=3 k=3
[tick] act=4 int=4 priming=2 ready=0 spec=4 demoted=0 spec_calls=2 spec_ms=31.0 prefill_single_calls=0 prefill_single_tokens=0 prefill_batch_calls=0 prefill_batch_tokens=0 prefill_ms=0.0 decode_ms=0.0
[spec-acc] ctx=3209 burst=3/3 cum=755/873=0.865
[tick-spec] seq=1 slot=0 trace=- start_ms=0.000 gap_ms=0.000 wall_ms=14.407 generated=1044->1048 rounds=1 drafted=3 accepted=3 k=3
[spec-acc] ctx=3208 burst=3/3 cum=764/846=0.903
[tick-spec] seq=2 slot=1 trace=- start_ms=14.415 gap_ms=0.007 wall_ms=14.420 generated=1043->1047 rounds=1 drafted=3 accepted=3 k=3
[tick] act=4 int=4 priming=2 ready=0 spec=4 demoted=0 spec_calls=2 spec_ms=28.8 prefill_single_calls=0 prefill_single_tokens=0 prefill_batch_calls=0 prefill_batch_tokens=0 prefill_ms=0.0 decode_ms=0.0
[spec-acc] ctx=3212 burst=3/3 cum=767/849=0.903
[tick-spec] seq=1 slot=1 trace=- start_ms=0.000 gap_ms=0.000 wall_ms=15.422 generated=1047->1051 rounds=1 drafted=3 accepted=3 k=3
[spec-acc] ctx=3213 burst=3/3 cum=758/876=0.865
[tick-spec] seq=2 slot=0 trace=- start_ms=15.430 gap_ms=0.008 wall_ms=15.451 generated=1048->1052 rounds=1 drafted=3 accepted=3 k=3
[prime-chunk] phase=mtp-trunk rows=4096 wall_ms=542.504
[prime-yield] count=17 remaining=52 chunks=1 wall_ms=542.504 max_chunk_ms=542.504
[tick-spec] seq=3 slot=2 trace=- start_ms=30.889 gap_ms=0.008 wall_ms=542.693 generated=0->0 rounds=0 drafted=0 accepted=0 k=3
[tick] act=4 int=4 priming=2 ready=0 spec=4 demoted=0 spec_calls=3 spec_ms=573.6 prefill_single_calls=0 prefill_single_tokens=0 prefill_batch_calls=0 prefill_batch_tokens=0 prefill_ms=0.0 decode_ms=0.0
[spec-acc] ctx=3217 burst=3/3 cum=761/879=0.866
[tick-spec] seq=1 slot=0 trace=- start_ms=0.001 gap_ms=0.001 wall_ms=13.409 generated=1052->1056 rounds=1 drafted=3 accepted=3 k=3
[spec-acc] ctx=3216 burst=1/3 cum=768/852=0.901
[tick-spec] seq=2 slot=1 trace=- start_ms=13.419 gap_ms=0.009 wall_ms=15.558 generated=1051->1053 rounds=1 drafted=3 accepted=1 k=3
[tick] act=4 int=4 priming=2 ready=0 spec=4 demoted=0 spec_calls=2 spec_ms=29.0 prefill_single_calls=0 prefill_single_tokens=0 prefill_batch_calls=0 prefill_batch_tokens=0 prefill_ms=0.0 decode_ms=0.0
[spec-acc] ctx=3221 burst=3/3 cum=764/882=0.866
[tick-spec] seq=1 slot=0 trace=- start_ms=0.001 gap_ms=0.001 wall_ms=14.414 generated=1056->1060 rounds=1 drafted=3 accepted=3 k=3
[spec-acc] ctx=3218 burst=3/3 cum=771/855=0.902
[tick-spec] seq=2 slot=1 trace=- start_ms=14.423 gap_ms=0.008 wall_ms=15.486 generated=1053->1057 rounds=1 drafted=3 accepted=3 k=3
[tick] act=4 int=4 priming=2 ready=0 spec=4 demoted=0 spec_calls=2 spec_ms=29.9 prefill_single_calls=0 prefill_single_tokens=0 prefill_batch_calls=0 prefill_batch_tokens=0 prefill_ms=0.0 decode_ms=0.0
[spec-acc] ctx=3225 burst=3/3 cum=767/885=0.867
[tick-spec] seq=1 slot=0 trace=- start_ms=0.000 gap_ms=0.000 wall_ms=15.521 generated=1060->1064 rounds=1 drafted=3 accepted=3 k=3
[spec-acc] ctx=3222 burst=3/3 cum=774/858=0.902
[tick-spec] seq=2 slot=1 trace=- start_ms=15.529 gap_ms=0.007 wall_ms=14.457 generated=1057->1061 rounds=1 drafted=3 accepted=3 k=3
[tick] act=4 int=4 priming=2 ready=0 spec=4 demoted=0 spec_calls=2 spec_ms=30.0 prefill_single_calls=0 prefill_single_tokens=0 prefill_batch_calls=0 prefill_batch_tokens=0 prefill_ms=0.0 decode_ms=0.0
[spec-acc] ctx=3226 burst=3/3 cum=777/861=0.902
[tick-spec] seq=1 slot=1 trace=- start_ms=0.000 gap_ms=0.000 wall_ms=15.874 generated=1061->1065 rounds=1 drafted=3 accepted=3 k=3
[spec-acc] ctx=3229 burst=3/3 cum=770/888=0.867
[tick-spec] seq=2 slot=0 trace=- start_ms=15.882 gap_ms=0.007 wall_ms=15.484 generated=1064->1068 rounds=1 drafted=3 accepted=3 k=3
[tick] act=4 int=4 priming=2 ready=0 spec=4 demoted=0 spec_calls=2 spec_ms=31.4 prefill_single_calls=0 prefill_single_tokens=0 prefill_batch_calls=0 prefill_batch_tokens=0 prefill_ms=0.0 decode_ms=0.0
[spec-acc] ctx=3233 burst=3/3 cum=773/891=0.868
[tick-spec] seq=1 slot=0 trace=- start_ms=0.000 gap_ms=0.000 wall_ms=13.344 generated=1068->1072 rounds=1 drafted=3 accepted=3 k=3
[spec-acc] ctx=3230 burst=3/3 cum=780/864=0.903
[tick-spec] seq=2 slot=1 trace=- start_ms=13.352 gap_ms=0.007 wall_ms=15.483 generated=1065->1069 rounds=1 drafted=3 accepted=3 k=3
[tick] act=4 int=4 priming=2 ready=0 spec=4 demoted=0 spec_calls=2 spec_ms=28.8 prefill_single_calls=0 prefill_single_tokens=0 prefill_batch_calls=0 prefill_batch_tokens=0 prefill_ms=0.0 decode_ms=0.0
[spec-acc] ctx=3237 burst=3/3 cum=776/894=0.868
[tick-spec] seq=1 slot=0 trace=- start_ms=0.001 gap_ms=0.001 wall_ms=14.434 generated=1072->1076 rounds=1 drafted=3 accepted=3 k=3
[spec-acc] ctx=3234 burst=3/3 cum=783/867=0.903
[tick-spec] seq=2 slot=1 trace=- start_ms=14.443 gap_ms=0.008 wall_ms=14.463 generated=1069->1073 rounds=1 drafted=3 accepted=3 k=3
[tick] act=4 int=4 priming=2 ready=0 spec=4 demoted=0 spec_calls=2 spec_ms=28.9 prefill_single_calls=0 prefill_single_tokens=0 prefill_batch_calls=0 prefill_batch_tokens=0 prefill_ms=0.0 decode_ms=0.0
[spec-acc] ctx=3241 burst=3/3 cum=779/897=0.868
[tick-spec] seq=1 slot=0 trace=- start_ms=0.000 gap_ms=0.000 wall_ms=30.184 generated=1076->1080 rounds=1 drafted=3 accepted=3 k=3
[spec-acc] ctx=3238 burst=3/3 cum=786/870=0.903
[tick-spec] seq=2 slot=1 trace=- start_ms=30.192 gap_ms=0.007 wall_ms=29.315 generated=1073->1077 rounds=1 drafted=3 accepted=3 k=3
[tick] act=4 int=4 priming=2 ready=0 spec=4 demoted=0 spec_calls=2 spec_ms=59.5 prefill_single_calls=0 prefill_single_tokens=0 prefill_batch_calls=0 prefill_batch_tokens=0 prefill_ms=0.0 decode_ms=0.0
[spec-acc] ctx=3242 burst=3/3 cum=789/873=0.904
[tick-spec] seq=1 slot=1 trace=- start_ms=0.000 gap_ms=0.000 wall_ms=14.452 generated=1077->1081 rounds=1 drafted=3 accepted=3 k=3
[spec-acc] ctx=3245 burst=3/3 cum=782/900=0.869
[tick-spec] seq=2 slot=0 trace=- start_ms=14.460 gap_ms=0.007 wall_ms=14.399 generated=1080->1084 rounds=1 drafted=3 accepted=3 k=3
[tick] act=4 int=4 priming=2 ready=0 spec=4 demoted=0 spec_calls=2 spec_ms=28.9 prefill_single_calls=0 prefill_single_tokens=0 prefill_batch_calls=0 prefill_batch_tokens=0 prefill_ms=0.0 decode_ms=0.0
[spec-acc] ctx=3249 burst=3/3 cum=785/903=0.869
[tick-spec] seq=1 slot=0 trace=- start_ms=0.000 gap_ms=0.000 wall_ms=15.481 generated=1084->1088 rounds=1 drafted=3 accepted=3 k=3
[spec-acc] ctx=3246 burst=2/3 cum=791/876=0.903
[tick-spec] seq=2 slot=1 trace=- start_ms=15.489 gap_ms=0.007 wall_ms=15.569 generated=1081->1084 rounds=1 drafted=3 accepted=2 k=3
[tick] act=4 int=4 priming=2 ready=0 spec=4 demoted=0 spec_calls=2 spec_ms=31.1 prefill_single_calls=0 prefill_single_tokens=0 prefill_batch_calls=0 prefill_batch_tokens=0 prefill_ms=0.0 decode_ms=0.0
[spec-acc] ctx=3253 burst=3/3 cum=788/906=0.870
[tick-spec] seq=1 slot=0 trace=- start_ms=0.000 gap_ms=0.000 wall_ms=13.363 generated=1088->1092 rounds=1 drafted=3 accepted=3 k=3
[spec-acc] ctx=3249 burst=3/3 cum=794/879=0.903
[tick-spec] seq=2 slot=1 trace=- start_ms=13.371 gap_ms=0.007 wall_ms=14.443 generated=1084->1088 rounds=1 drafted=3 accepted=3 k=3
[tick] act=4 int=4 priming=2 ready=0 spec=4 demoted=0 spec_calls=2 spec_ms=27.8 prefill_single_calls=0 prefill_single_tokens=0 prefill_batch_calls=0 prefill_batch_tokens=0 prefill_ms=0.0 decode_ms=0.0
[spec-acc] ctx=3257 burst=3/3 cum=791/909=0.870
[tick-spec] seq=1 slot=0 trace=- start_ms=0.000 gap_ms=0.000 wall_ms=13.362 generated=1092->1096 rounds=1 drafted=3 accepted=3 k=3
[spec-acc] ctx=3253 burst=3/3 cum=797/882=0.904
[tick-spec] seq=2 slot=1 trace=- start_ms=13.370 gap_ms=0.007 wall_ms=15.506 generated=1088->1092 rounds=1 drafted=3 accepted=3 k=3
[tick] act=4 int=4 priming=2 ready=0 spec=4 demoted=0 spec_calls=2 spec_ms=28.9 prefill_single_calls=0 prefill_single_tokens=0 prefill_batch_calls=0 prefill_batch_tokens=0 prefill_ms=0.0 decode_ms=0.0
[spec-acc] ctx=3257 burst=3/3 cum=800/885=0.904
[tick-spec] seq=1 slot=1 trace=- start_ms=0.000 gap_ms=0.000 wall_ms=15.480 generated=1092->1096 rounds=1 drafted=3 accepted=3 k=3
[spec-acc] ctx=3261 burst=3/3 cum=794/912=0.871
[tick-spec] seq=2 slot=0 trace=- start_ms=15.488 gap_ms=0.008 wall_ms=14.417 generated=1096->1100 rounds=1 drafted=3 accepted=3 k=3
[tick] act=4 int=4 priming=2 ready=0 spec=4 demoted=0 spec_calls=2 spec_ms=29.9 prefill_single_calls=0 prefill_single_tokens=0 prefill_batch_calls=0 prefill_batch_tokens=0 prefill_ms=0.0 decode_ms=0.0
[spec-acc] ctx=3265 burst=3/3 cum=797/915=0.871
[tick-spec] seq=1 slot=0 trace=- start_ms=0.001 gap_ms=0.001 wall_ms=14.386 generated=1100->1104 rounds=1 drafted=3 accepted=3 k=3
[spec-acc] ctx=3261 burst=3/3 cum=803/888=0.904
[tick-spec] seq=2 slot=1 trace=- start_ms=14.394 gap_ms=0.008 wall_ms=14.459 generated=1096->1100 rounds=1 drafted=3 accepted=3 k=3
[tick] act=4 int=4 priming=2 ready=0 spec=4 demoted=0 spec_calls=2 spec_ms=28.9 prefill_single_calls=0 prefill_single_tokens=0 prefill_batch_calls=0 prefill_batch_tokens=0 prefill_ms=0.0 decode_ms=0.0
[spec-acc] ctx=3269 burst=0/3 cum=797/918=0.868
[tick-spec] seq=1 slot=0 trace=- start_ms=0.001 gap_ms=0.001 wall_ms=13.512 generated=1104->1105 rounds=1 drafted=3 accepted=0 k=3
[spec-acc] ctx=3265 burst=2/3 cum=805/891=0.903
[tick-spec] seq=2 slot=1 trace=- start_ms=13.520 gap_ms=0.008 wall_ms=13.454 generated=1100->1103 rounds=1 drafted=3 accepted=2 k=3
[tick] act=4 int=4 priming=2 ready=0 spec=4 demoted=0 spec_calls=2 spec_ms=27.0 prefill_single_calls=0 prefill_single_tokens=0 prefill_batch_calls=0 prefill_batch_tokens=0 prefill_ms=0.0 decode_ms=0.0
[spec-acc] ctx=3270 burst=3/3 cum=800/921=0.869
[tick-spec] seq=1 slot=0 trace=- start_ms=0.000 gap_ms=0.000 wall_ms=15.445 generated=1105->1109 rounds=1 drafted=3 accepted=3 k=3
[spec-acc] ctx=3268 burst=3/3 cum=808/894=0.904
[tick-spec] seq=2 slot=1 trace=- start_ms=15.453 gap_ms=0.007 wall_ms=15.444 generated=1103->1107 rounds=1 drafted=3 accepted=3 k=3
[tick] act=4 int=4 priming=2 ready=0 spec=4 demoted=0 spec_calls=2 spec_ms=30.9 prefill_single_calls=0 prefill_single_tokens=0 prefill_batch_calls=0 prefill_batch_tokens=0 prefill_ms=0.0 decode_ms=0.0
[spec-acc] ctx=3272 burst=3/3 cum=811/897=0.904
[tick-spec] seq=1 slot=1 trace=- start_ms=0.000 gap_ms=0.000 wall_ms=15.867 generated=1107->1111 rounds=1 drafted=3 accepted=3 k=3
[spec-acc] ctx=3274 burst=3/3 cum=803/924=0.869
[tick-spec] seq=2 slot=0 trace=- start_ms=15.875 gap_ms=0.007 wall_ms=24.758 generated=1109->1113 rounds=1 drafted=3 accepted=3 k=3
[prime-chunk] phase=mtp-trunk rows=4096 wall_ms=382.783
[prime-yield] count=5 remaining=13 chunks=1 wall_ms=382.783 max_chunk_ms=382.783
[tick-spec] seq=3 slot=3 trace=- start_ms=40.642 gap_ms=0.008 wall_ms=382.848 generated=0->0 rounds=0 drafted=0 accepted=0 k=3
[tick] act=4 int=4 priming=2 ready=0 spec=4 demoted=0 spec_calls=3 spec_ms=423.5 prefill_single_calls=0 prefill_single_tokens=0 prefill_batch_calls=0 prefill_batch_tokens=0 prefill_ms=0.0 decode_ms=0.0
[spec-acc] ctx=3278 burst=3/3 cum=806/927=0.869
[tick-spec] seq=1 slot=0 trace=- start_ms=0.001 gap_ms=0.001 wall_ms=14.415 generated=1113->1117 rounds=1 drafted=3 accepted=3 k=3
[spec-acc] ctx=3276 burst=2/3 cum=813/900=0.903
[tick-spec] seq=2 slot=1 trace=- start_ms=14.424 gap_ms=0.008 wall_ms=14.581 generated=1111->1114 rounds=1 drafted=3 accepted=2 k=3
[tick] act=4 int=4 priming=2 ready=0 spec=4 demoted=0 spec_calls=2 spec_ms=29.0 prefill_single_calls=0 prefill_single_tokens=0 prefill_batch_calls=0 prefill_batch_tokens=0 prefill_ms=0.0 decode_ms=0.0
[spec-acc] ctx=3282 burst=3/3 cum=809/930=0.870
[tick-spec] seq=1 slot=0 trace=- start_ms=0.001 gap_ms=0.001 wall_ms=13.359 generated=1117->1121 rounds=1 drafted=3 accepted=3 k=3
[spec-acc] ctx=3279 burst=3/3 cum=816/903=0.904
[tick-spec] seq=2 slot=1 trace=- start_ms=13.367 gap_ms=0.008 wall_ms=13.411 generated=1114->1118 rounds=1 drafted=3 accepted=3 k=3
[tick] act=4 int=4 priming=2 ready=0 spec=4 demoted=0 spec_calls=2 spec_ms=26.8 prefill_single_calls=0 prefill_single_tokens=0 prefill_batch_calls=0 prefill_batch_tokens=0 prefill_ms=0.0 decode_ms=0.0
[spec-acc] ctx=3286 burst=3/3 cum=812/933=0.870
[tick-spec] seq=1 slot=0 trace=- start_ms=0.001 gap_ms=0.001 wall_ms=12.305 generated=1121->1125 rounds=1 drafted=3 accepted=3 k=3
[spec-acc] ctx=3283 burst=3/3 cum=819/906=0.904
[tick-spec] seq=2 slot=1 trace=- start_ms=12.313 gap_ms=0.008 wall_ms=15.512 generated=1118->1122 rounds=1 drafted=3 accepted=3 k=3
[tick] act=4 int=4 priming=2 ready=0 spec=4 demoted=0 spec_calls=2 spec_ms=27.8 prefill_single_calls=0 prefill_single_tokens=0 prefill_batch_calls=0 prefill_batch_tokens=0 prefill_ms=0.0 decode_ms=0.0
[spec-acc] ctx=3287 burst=3/3 cum=822/909=0.904
[tick-spec] seq=1 slot=1 trace=- start_ms=0.000 gap_ms=0.000 wall_ms=15.489 generated=1122->1126 rounds=1 drafted=3 accepted=3 k=3
[spec-acc] ctx=3290 burst=3/3 cum=815/936=0.871
[tick-spec] seq=2 slot=0 trace=- start_ms=15.497 gap_ms=0.007 wall_ms=14.469 generated=1125->1129 rounds=1 drafted=3 accepted=3 k=3
[tick] act=4 int=4 priming=2 ready=0 spec=4 demoted=0 spec_calls=2 spec_ms=30.0 prefill_single_calls=0 prefill_single_tokens=0 prefill_batch_calls=0 prefill_batch_tokens=0 prefill_ms=0.0 decode_ms=0.0
[spec-acc] ctx=3294 burst=2/3 cum=817/939=0.870
[tick-spec] seq=1 slot=0 trace=- start_ms=0.000 gap_ms=0.000 wall_ms=12.396 generated=1129->1132 rounds=1 drafted=3 accepted=2 k=3
[spec-acc] ctx=3291 burst=3/3 cum=825/912=0.905
[tick-spec] seq=2 slot=1 trace=- start_ms=12.404 gap_ms=0.008 wall_ms=13.367 generated=1126->1130 rounds=1 drafted=3 accepted=3 k=3
[tick] act=4 int=4 priming=2 ready=0 spec=4 demoted=0 spec_calls=2 spec_ms=25.8 prefill_single_calls=0 prefill_single_tokens=0 prefill_batch_calls=0 prefill_batch_tokens=0 prefill_ms=0.0 decode_ms=0.0
[spec-acc] ctx=3297 burst=2/3 cum=819/942=0.869
[tick-spec] seq=1 slot=0 trace=- start_ms=0.000 gap_ms=0.000 wall_ms=13.616 generated=1132->1135 rounds=1 drafted=3 accepted=2 k=3
[spec-acc] ctx=3295 burst=3/3 cum=828/915=0.905
[tick-spec] seq=2 slot=1 trace=- start_ms=13.624 gap_ms=0.007 wall_ms=15.565 generated=1130->1134 rounds=1 drafted=3 accepted=3 k=3
[tick] act=4 int=4 priming=2 ready=0 spec=4 demoted=0 spec_calls=2 spec_ms=29.2 prefill_single_calls=0 prefill_single_tokens=0 prefill_batch_calls=0 prefill_batch_tokens=0 prefill_ms=0.0 decode_ms=0.0
[spec-acc] ctx=3300 burst=2/3 cum=821/945=0.869
[tick-spec] seq=1 slot=0 trace=- start_ms=0.000 gap_ms=0.000 wall_ms=14.521 generated=1135->1138 rounds=1 drafted=3 accepted=2 k=3
[spec-acc] ctx=3299 burst=3/3 cum=831/918=0.905
[tick-spec] seq=2 slot=1 trace=- start_ms=14.529 gap_ms=0.008 wall_ms=13.348 generated=1134->1138 rounds=1 drafted=3 accepted=3 k=3
[tick] act=4 int=4 priming=2 ready=0 spec=4 demoted=0 spec_calls=2 spec_ms=27.9 prefill_single_calls=0 prefill_single_tokens=0 prefill_batch_calls=0 prefill_batch_tokens=0 prefill_ms=0.0 decode_ms=0.0
[spec-acc] ctx=3303 burst=3/3 cum=834/921=0.906
[tick-spec] seq=1 slot=1 trace=- start_ms=0.001 gap_ms=0.001 wall_ms=14.437 generated=1138->1142 rounds=1 drafted=3 accepted=3 k=3
[spec-acc] ctx=3303 burst=3/3 cum=824/948=0.869
[tick-spec] seq=2 slot=0 trace=- start_ms=14.446 gap_ms=0.008 wall_ms=28.160 generated=1138->1142 rounds=1 drafted=3 accepted=3 k=3
[tick] act=4 int=4 priming=2 ready=0 spec=4 demoted=0 spec_calls=2 spec_ms=42.6 prefill_single_calls=0 prefill_single_tokens=0 prefill_batch_calls=0 prefill_batch_tokens=0 prefill_ms=0.0 decode_ms=0.0
[spec-acc] ctx=3307 burst=3/3 cum=827/951=0.870
[tick-spec] seq=1 slot=0 trace=- start_ms=0.001 gap_ms=0.001 wall_ms=29.429 generated=1142->1146 rounds=1 drafted=3 accepted=3 k=3
[spec-acc] ctx=3307 burst=3/3 cum=837/924=0.906
[tick-spec] seq=2 slot=1 trace=- start_ms=29.438 gap_ms=0.008 wall_ms=14.413 generated=1142->1146 rounds=1 drafted=3 accepted=3 k=3
[tick] act=4 int=4 priming=2 ready=0 spec=4 demoted=0 spec_calls=2 spec_ms=43.9 prefill_single_calls=0 prefill_single_tokens=0 prefill_batch_calls=0 prefill_batch_tokens=0 prefill_ms=0.0 decode_ms=0.0
[spec-acc] ctx=3311 burst=1/3 cum=828/954=0.868
[tick-spec] seq=1 slot=0 trace=- start_ms=0.001 gap_ms=0.001 wall_ms=12.388 generated=1146->1148 rounds=1 drafted=3 accepted=1 k=3
[spec-acc] ctx=3311 burst=3/3 cum=840/927=0.906
[tick-spec] seq=2 slot=1 trace=- start_ms=12.397 gap_ms=0.008 wall_ms=15.542 generated=1146->1150 rounds=1 drafted=3 accepted=3 k=3
[tick] act=4 int=4 priming=2 ready=0 spec=4 demoted=0 spec_calls=2 spec_ms=27.9 prefill_single_calls=0 prefill_single_tokens=0 prefill_batch_calls=0 prefill_batch_tokens=0 prefill_ms=0.0 decode_ms=0.0
[spec-acc] ctx=3313 burst=3/3 cum=831/957=0.868
[tick-spec] seq=1 slot=0 trace=- start_ms=0.000 gap_ms=0.000 wall_ms=14.453 generated=1148->1152 rounds=1 drafted=3 accepted=3 k=3
[spec-acc] ctx=3315 burst=3/3 cum=843/930=0.906
[tick-spec] seq=2 slot=1 trace=- start_ms=14.461 gap_ms=0.008 wall_ms=14.423 generated=1150->1154 rounds=1 drafted=3 accepted=3 k=3
[prime-chunk] phase=mtp-trunk rows=4096 wall_ms=555.897
[prime-yield] count=18 remaining=51 chunks=1 wall_ms=555.897 max_chunk_ms=555.897
[tick-spec] seq=3 slot=2 trace=- start_ms=28.893 gap_ms=0.009 wall_ms=556.089 generated=0->0 rounds=0 drafted=0 accepted=0 k=3
[tick] act=4 int=4 priming=2 ready=0 spec=4 demoted=0 spec_calls=3 spec_ms=585.0 prefill_single_calls=0 prefill_single_tokens=0 prefill_batch_calls=0 prefill_batch_tokens=0 prefill_ms=0.0 decode_ms=0.0
[spec-acc] ctx=3319 burst=3/3 cum=846/933=0.907
[tick-spec] seq=1 slot=1 trace=- start_ms=0.001 gap_ms=0.001 wall_ms=15.521 generated=1154->1158 rounds=1 drafted=3 accepted=3 k=3
[spec-acc] ctx=3317 burst=3/3 cum=834/960=0.869
[tick-spec] seq=2 slot=0 trace=- start_ms=15.529 gap_ms=0.008 wall_ms=14.431 generated=1152->1156 rounds=1 drafted=3 accepted=3 k=3
[tick] act=4 int=4 priming=2 ready=0 spec=4 demoted=0 spec_calls=2 spec_ms=30.0 prefill_single_calls=0 prefill_single_tokens=0 prefill_batch_calls=0 prefill_batch_tokens=0 prefill_ms=0.0 decode_ms=0.0
[spec-acc] ctx=3321 burst=3/3 cum=837/963=0.869
[tick-spec] seq=1 slot=0 trace=- start_ms=0.001 gap_ms=0.001 wall_ms=14.436 generated=1156->1160 rounds=1 drafted=3 accepted=3 k=3
[spec-acc] ctx=3323 burst=3/3 cum=849/936=0.907
[tick-spec] seq=2 slot=1 trace=- start_ms=14.445 gap_ms=0.008 wall_ms=13.434 generated=1158->1162 rounds=1 drafted=3 accepted=3 k=3
[tick] act=4 int=4 priming=2 ready=0 spec=4 demoted=0 spec_calls=2 spec_ms=27.9 prefill_single_calls=0 prefill_single_tokens=0 prefill_batch_calls=0 prefill_batch_tokens=0 prefill_ms=0.0 decode_ms=0.0
[spec-acc] ctx=3325 burst=3/3 cum=840/966=0.870
[tick-spec] seq=1 slot=0 trace=- start_ms=0.001 gap_ms=0.001 wall_ms=14.405 generated=1160->1164 rounds=1 drafted=3 accepted=3 k=3
[spec-acc] ctx=3327 burst=3/3 cum=852/939=0.907
[tick-spec] seq=2 slot=1 trace=- start_ms=14.413 gap_ms=0.008 wall_ms=14.429 generated=1162->1166 rounds=1 drafted=3 accepted=3 k=3
[tick] act=4 int=4 priming=2 ready=0 spec=4 demoted=0 spec_calls=2 spec_ms=28.9 prefill_single_calls=0 prefill_single_tokens=0 prefill_batch_calls=0 prefill_batch_tokens=0 prefill_ms=0.0 decode_ms=0.0
[spec-acc] ctx=3329 burst=3/3 cum=843/969=0.870
[tick-spec] seq=1 slot=0 trace=- start_ms=0.001 gap_ms=0.001 wall_ms=13.372 generated=1164->1168 rounds=1 drafted=3 accepted=3 k=3
[spec-acc] ctx=3331 burst=3/3 cum=855/942=0.908
[tick-spec] seq=2 slot=1 trace=- start_ms=13.381 gap_ms=0.008 wall_ms=15.480 generated=1166->1170 rounds=1 drafted=3 accepted=3 k=3
[tick] act=4 int=4 priming=2 ready=0 spec=4 demoted=0 spec_calls=2 spec_ms=28.9 prefill_single_calls=0 prefill_single_tokens=0 prefill_batch_calls=0 prefill_batch_tokens=0 prefill_ms=0.0 decode_ms=0.0
[spec-acc] ctx=3335 burst=3/3 cum=858/945=0.908
[tick-spec] seq=1 slot=1 trace=- start_ms=0.000 gap_ms=0.000 wall_ms=14.392 generated=1170->1174 rounds=1 drafted=3 accepted=3 k=3
[spec-acc] ctx=3333 burst=3/3 cum=846/972=0.870
[tick-spec] seq=2 slot=0 trace=- start_ms=14.399 gap_ms=0.007 wall_ms=13.370 generated=1168->1172 rounds=1 drafted=3 accepted=3 k=3
[tick] act=4 int=4 priming=2 ready=0 spec=4 demoted=0 spec_calls=2 spec_ms=27.8 prefill_single_calls=0 prefill_single_tokens=0 prefill_batch_calls=0 prefill_batch_tokens=0 prefill_ms=0.0 decode_ms=0.0
[spec-acc] ctx=3337 burst=2/3 cum=848/975=0.870
[tick-spec] seq=1 slot=0 trace=- start_ms=0.000 gap_ms=0.000 wall_ms=15.589 generated=1172->1175 rounds=1 drafted=3 accepted=2 k=3
[spec-acc] ctx=3339 burst=3/3 cum=861/948=0.908
[tick-spec] seq=2 slot=1 trace=- start_ms=15.597 gap_ms=0.007 wall_ms=14.458 generated=1174->1178 rounds=1 drafted=3 accepted=3 k=3
[tick] act=4 int=4 priming=2 ready=0 spec=4 demoted=0 spec_calls=2 spec_ms=30.1 prefill_single_calls=0 prefill_single_tokens=0 prefill_batch_calls=0 prefill_batch_tokens=0 prefill_ms=0.0 decode_ms=0.0
[spec-acc] ctx=3340 burst=3/3 cum=851/978=0.870
[tick-spec] seq=1 slot=0 trace=- start_ms=0.000 gap_ms=0.000 wall_ms=13.434 generated=1175->1179 rounds=1 drafted=3 accepted=3 k=3
[spec-acc] ctx=3343 burst=3/3 cum=864/951=0.909
[tick-spec] seq=2 slot=1 trace=- start_ms=13.442 gap_ms=0.007 wall_ms=14.470 generated=1178->1182 rounds=1 drafted=3 accepted=3 k=3
[tick] act=4 int=4 priming=2 ready=0 spec=4 demoted=0 spec_calls=2 spec_ms=27.9 prefill_single_calls=0 prefill_single_tokens=0 prefill_batch_calls=0 prefill_batch_tokens=0 prefill_ms=0.0 decode_ms=0.0
[spec-acc] ctx=3344 burst=3/3 cum=854/981=0.871
[tick-spec] seq=1 slot=0 trace=- start_ms=0.000 gap_ms=0.000 wall_ms=14.440 generated=1179->1183 rounds=1 drafted=3 accepted=3 k=3
[spec-acc] ctx=3347 burst=3/3 cum=867/954=0.909
[tick-spec] seq=2 slot=1 trace=- start_ms=14.448 gap_ms=0.008 wall_ms=15.512 generated=1182->1186 rounds=1 drafted=3 accepted=3 k=3
[tick] act=4 int=4 priming=2 ready=0 spec=4 demoted=0 spec_calls=2 spec_ms=30.0 prefill_single_calls=0 prefill_single_tokens=0 prefill_batch_calls=0 prefill_batch_tokens=0 prefill_ms=0.0 decode_ms=0.0
[spec-acc] ctx=3351 burst=3/3 cum=870/957=0.909
[tick-spec] seq=1 slot=1 trace=- start_ms=0.001 gap_ms=0.001 wall_ms=29.761 generated=1186->1190 rounds=1 drafted=3 accepted=3 k=3
[spec-acc] ctx=3348 burst=2/3 cum=856/984=0.870
[tick-spec] seq=2 slot=0 trace=- start_ms=29.770 gap_ms=0.008 wall_ms=28.247 generated=1183->1186 rounds=1 drafted=3 accepted=2 k=3
[tick] act=4 int=4 priming=2 ready=0 spec=4 demoted=0 spec_calls=2 spec_ms=58.0 prefill_single_calls=0 prefill_single_tokens=0 prefill_batch_calls=0 prefill_batch_tokens=0 prefill_ms=0.0 decode_ms=0.0
[spec-acc] ctx=3351 burst=0/3 cum=856/987=0.867
[tick-spec] seq=1 slot=0 trace=- start_ms=0.000 gap_ms=0.000 wall_ms=15.509 generated=1186->1187 rounds=1 drafted=3 accepted=0 k=3
[spec-acc] ctx=3355 burst=3/3 cum=873/960=0.909
[tick-spec] seq=2 slot=1 trace=- start_ms=15.516 gap_ms=0.007 wall_ms=15.493 generated=1190->1194 rounds=1 drafted=3 accepted=3 k=3
[tick] act=4 int=4 priming=2 ready=0 spec=4 demoted=0 spec_calls=2 spec_ms=31.0 prefill_single_calls=0 prefill_single_tokens=0 prefill_batch_calls=0 prefill_batch_tokens=0 prefill_ms=0.0 decode_ms=0.0
[spec-acc] ctx=3352 burst=0/3 cum=856/990=0.865
[tick-spec] seq=1 slot=0 trace=- start_ms=0.001 gap_ms=0.001 wall_ms=14.479 generated=1187->1188 rounds=1 drafted=3 accepted=0 k=3
[spec-acc] ctx=3359 burst=3/3 cum=876/963=0.910
[tick-spec] seq=2 slot=1 trace=- start_ms=14.493 gap_ms=0.014 wall_ms=15.490 generated=1194->1198 rounds=1 drafted=3 accepted=3 k=3
[tick] act=4 int=4 priming=2 ready=0 spec=4 demoted=0 spec_calls=2 spec_ms=30.0 prefill_single_calls=0 prefill_single_tokens=0 prefill_batch_calls=0 prefill_batch_tokens=0 prefill_ms=0.0 decode_ms=0.0
[spec-acc] ctx=3353 burst=2/3 cum=858/993=0.864
[tick-spec] seq=1 slot=0 trace=- start_ms=0.000 gap_ms=0.000 wall_ms=15.479 generated=1188->1191 rounds=1 drafted=3 accepted=2 k=3
[spec-acc] ctx=3363 burst=3/3 cum=879/966=0.910
[tick-spec] seq=2 slot=1 trace=- start_ms=15.488 gap_ms=0.008 wall_ms=14.427 generated=1198->1202 rounds=1 drafted=3 accepted=3 k=3
[tick] act=4 int=4 priming=2 ready=0 spec=4 demoted=0 spec_calls=2 spec_ms=29.9 prefill_single_calls=0 prefill_single_tokens=0 prefill_batch_calls=0 prefill_batch_tokens=0 prefill_ms=0.0 decode_ms=0.0
[spec-acc] ctx=3367 burst=3/3 cum=882/969=0.910
[tick-spec] seq=1 slot=1 trace=- start_ms=0.000 gap_ms=0.000 wall_ms=15.486 generated=1202->1206 rounds=1 drafted=3 accepted=3 k=3
[spec-acc] ctx=3356 burst=3/3 cum=861/996=0.864
[tick-spec] seq=2 slot=0 trace=- start_ms=15.494 gap_ms=0.007 wall_ms=14.433 generated=1191->1195 rounds=1 drafted=3 accepted=3 k=3
[tick] act=4 int=4 priming=2 ready=0 spec=4 demoted=0 spec_calls=2 spec_ms=29.9 prefill_single_calls=0 prefill_single_tokens=0 prefill_batch_calls=0 prefill_batch_tokens=0 prefill_ms=0.0 decode_ms=0.0
[spec-acc] ctx=3360 burst=0/3 cum=861/999=0.862
[tick-spec] seq=1 slot=0 trace=- start_ms=0.000 gap_ms=0.000 wall_ms=15.556 generated=1195->1196 rounds=1 drafted=3 accepted=0 k=3
[spec-acc] ctx=3371 burst=3/3 cum=885/972=0.910
[tick-spec] seq=2 slot=1 trace=- start_ms=15.563 gap_ms=0.007 wall_ms=14.414 generated=1206->1210 rounds=1 drafted=3 accepted=3 k=3
[tick] act=4 int=4 priming=2 ready=0 spec=4 demoted=0 spec_calls=2 spec_ms=30.0 prefill_single_calls=0 prefill_single_tokens=0 prefill_batch_calls=0 prefill_batch_tokens=0 prefill_ms=0.0 decode_ms=0.0
[spec-acc] ctx=3361 burst=3/3 cum=864/1002=0.862
[tick-spec] seq=1 slot=0 trace=- start_ms=0.000 gap_ms=0.000 wall_ms=14.442 generated=1196->1200 rounds=1 drafted=3 accepted=3 k=3
[spec-acc] ctx=3375 burst=3/3 cum=888/975=0.911
[tick-spec] seq=2 slot=1 trace=- start_ms=14.450 gap_ms=0.008 wall_ms=15.468 generated=1210->1214 rounds=1 drafted=3 accepted=3 k=3
[tick] act=4 int=4 priming=2 ready=0 spec=4 demoted=0 spec_calls=2 spec_ms=29.9 prefill_single_calls=0 prefill_single_tokens=0 prefill_batch_calls=0 prefill_batch_tokens=0 prefill_ms=0.0 decode_ms=0.0
[spec-acc] ctx=3365 burst=3/3 cum=867/1005=0.863
[tick-spec] seq=1 slot=0 trace=- start_ms=0.000 gap_ms=0.000 wall_ms=13.375 generated=1200->1204 rounds=1 drafted=3 accepted=3 k=3
[spec-acc] ctx=3379 burst=3/3 cum=891/978=0.911
[tick-spec] seq=2 slot=1 trace=- start_ms=13.383 gap_ms=0.008 wall_ms=15.481 generated=1214->1218 rounds=1 drafted=3 accepted=3 k=3
[tick] act=4 int=4 priming=2 ready=0 spec=4 demoted=0 spec_calls=2 spec_ms=28.9 prefill_single_calls=0 prefill_single_tokens=0 prefill_batch_calls=0 prefill_batch_tokens=0 prefill_ms=0.0 decode_ms=0.0
[spec-acc] ctx=3383 burst=3/3 cum=894/981=0.911
[tick-spec] seq=1 slot=1 trace=- start_ms=0.000 gap_ms=0.000 wall_ms=13.376 generated=1218->1222 rounds=1 drafted=3 accepted=3 k=3
[spec-acc] ctx=3369 burst=3/3 cum=870/1008=0.863
[tick-spec] seq=2 slot=0 trace=- start_ms=13.384 gap_ms=0.008 wall_ms=12.394 generated=1204->1208 rounds=1 drafted=3 accepted=3 k=3
[prime-chunk] phase=mtp-trunk rows=4096 wall_ms=396.071
[prime-yield] count=6 remaining=12 chunks=1 wall_ms=396.071 max_chunk_ms=396.071
[tick-spec] seq=3 slot=3 trace=- start_ms=25.787 gap_ms=0.009 wall_ms=396.138 generated=0->0 rounds=0 drafted=0 accepted=0 k=3
[tick] act=4 int=4 priming=2 ready=0 spec=4 demoted=0 spec_calls=3 spec_ms=421.9 prefill_single_calls=0 prefill_single_tokens=0 prefill_batch_calls=0 prefill_batch_tokens=0 prefill_ms=0.0 decode_ms=0.0
[spec-acc] ctx=3373 burst=3/3 cum=873/1011=0.864
[tick-spec] seq=1 slot=0 trace=- start_ms=0.001 gap_ms=0.001 wall_ms=14.487 generated=1208->1212 rounds=1 drafted=3 accepted=3 k=3
[spec-acc] ctx=3387 burst=3/3 cum=897/984=0.912
[tick-spec] seq=2 slot=1 trace=- start_ms=14.495 gap_ms=0.008 wall_ms=13.441 generated=1222->1226 rounds=1 drafted=3 accepted=3 k=3
[tick] act=4 int=4 priming=2 ready=0 spec=4 demoted=0 spec_calls=2 spec_ms=27.9 prefill_single_calls=0 prefill_single_tokens=0 prefill_batch_calls=0 prefill_batch_tokens=0 prefill_ms=0.0 decode_ms=0.0
[spec-acc] ctx=3377 burst=3/3 cum=876/1014=0.864
[tick-spec] seq=1 slot=0 trace=- start_ms=0.001 gap_ms=0.001 wall_ms=15.527 generated=1212->1216 rounds=1 drafted=3 accepted=3 k=3
[spec-acc] ctx=3391 burst=3/3 cum=900/987=0.912
[tick-spec] seq=2 slot=1 trace=- start_ms=15.535 gap_ms=0.008 wall_ms=15.504 generated=1226->1230 rounds=1 drafted=3 accepted=3 k=3
[tick] act=4 int=4 priming=2 ready=0 spec=4 demoted=0 spec_calls=2 spec_ms=31.0 prefill_single_calls=0 prefill_single_tokens=0 prefill_batch_calls=0 prefill_batch_tokens=0 prefill_ms=0.0 decode_ms=0.0
[spec-acc] ctx=3381 burst=3/3 cum=879/1017=0.864
[tick-spec] seq=1 slot=0 trace=- start_ms=0.000 gap_ms=0.000 wall_ms=15.471 generated=1216->1220 rounds=1 drafted=3 accepted=3 k=3
[spec-acc] ctx=3395 burst=3/3 cum=903/990=0.912
[tick-spec] seq=2 slot=1 trace=- start_ms=15.479 gap_ms=0.007 wall_ms=15.524 generated=1230->1234 rounds=1 drafted=3 accepted=3 k=3
[tick] act=4 int=4 priming=2 ready=0 spec=4 demoted=0 spec_calls=2 spec_ms=31.0 prefill_single_calls=0 prefill_single_tokens=0 prefill_batch_calls=0 prefill_batch_tokens=0 prefill_ms=0.0 decode_ms=0.0
[spec-acc] ctx=3399 burst=3/3 cum=906/993=0.912
[tick-spec] seq=1 slot=1 trace=- start_ms=0.001 gap_ms=0.001 wall_ms=13.399 generated=1234->1238 rounds=1 drafted=3 accepted=3 k=3
[spec-acc] ctx=3385 burst=2/3 cum=881/1020=0.864
[tick-spec] seq=2 slot=0 trace=- start_ms=13.407 gap_ms=0.008 wall_ms=14.569 generated=1220->1223 rounds=1 drafted=3 accepted=2 k=3
[tick] act=4 int=4 priming=2 ready=0 spec=4 demoted=0 spec_calls=2 spec_ms=28.0 prefill_single_calls=0 prefill_single_tokens=0 prefill_batch_calls=0 prefill_batch_tokens=0 prefill_ms=0.0 decode_ms=0.0
[spec-acc] ctx=3388 burst=3/3 cum=884/1023=0.864
[tick-spec] seq=1 slot=0 trace=- start_ms=0.000 gap_ms=0.000 wall_ms=14.433 generated=1223->1227 rounds=1 drafted=3 accepted=3 k=3
[spec-acc] ctx=3403 burst=3/3 cum=909/996=0.913
[tick-spec] seq=2 slot=1 trace=- start_ms=14.441 gap_ms=0.007 wall_ms=15.474 generated=1238->1242 rounds=1 drafted=3 accepted=3 k=3
[tick] act=4 int=4 priming=2 ready=0 spec=4 demoted=0 spec_calls=2 spec_ms=29.9 prefill_single_calls=0 prefill_single_tokens=0 prefill_batch_calls=0 prefill_batch_tokens=0 prefill_ms=0.0 decode_ms=0.0
[spec-acc] ctx=3392 burst=1/3 cum=885/1026=0.863
[tick-spec] seq=1 slot=0 trace=- start_ms=0.000 gap_ms=0.000 wall_ms=15.549 generated=1227->1229 rounds=1 drafted=3 accepted=1 k=3
[spec-acc] ctx=3407 burst=3/3 cum=912/999=0.913
[tick-spec] seq=2 slot=1 trace=- start_ms=15.557 gap_ms=0.007 wall_ms=13.353 generated=1242->1246 rounds=1 drafted=3 accepted=3 k=3
[tick] act=4 int=4 priming=2 ready=0 spec=4 demoted=0 spec_calls=2 spec_ms=28.9 prefill_single_calls=0 prefill_single_tokens=0 prefill_batch_calls=0 prefill_batch_tokens=0 prefill_ms=0.0 decode_ms=0.0
[spec-acc] ctx=3394 burst=3/3 cum=888/1029=0.863
[tick-spec] seq=1 slot=0 trace=- start_ms=0.000 gap_ms=0.000 wall_ms=15.492 generated=1229->1233 rounds=1 drafted=3 accepted=3 k=3
[spec-acc] ctx=3411 burst=3/3 cum=915/1002=0.913
[tick-spec] seq=2 slot=1 trace=- start_ms=15.500 gap_ms=0.007 wall_ms=15.527 generated=1246->1250 rounds=1 drafted=3 accepted=3 k=3
[tick] act=4 int=4 priming=2 ready=0 spec=4 demoted=0 spec_calls=2 spec_ms=31.0 prefill_single_calls=0 prefill_single_tokens=0 prefill_batch_calls=0 prefill_batch_tokens=0 prefill_ms=0.0 decode_ms=0.0
[spec-acc] ctx=3415 burst=2/3 cum=917/1005=0.912
[tick-spec] seq=1 slot=1 trace=- start_ms=0.001 gap_ms=0.001 wall_ms=14.525 generated=1250->1253 rounds=1 drafted=3 accepted=2 k=3
[spec-acc] ctx=3398 burst=3/3 cum=891/1032=0.863
[tick-spec] seq=2 slot=0 trace=- start_ms=14.544 gap_ms=0.018 wall_ms=15.494 generated=1233->1237 rounds=1 drafted=3 accepted=3 k=3
[tick] act=4 int=4 priming=2 ready=0 spec=4 demoted=0 spec_calls=2 spec_ms=30.0 prefill_single_calls=0 prefill_single_tokens=0 prefill_batch_calls=0 prefill_batch_tokens=0 prefill_ms=0.0 decode_ms=0.0
[spec-acc] ctx=3402 burst=3/3 cum=894/1035=0.864
[tick-spec] seq=1 slot=0 trace=- start_ms=0.001 gap_ms=0.001 wall_ms=30.795 generated=1237->1241 rounds=1 drafted=3 accepted=3 k=3
[spec-acc] ctx=3418 burst=3/3 cum=920/1008=0.913
[tick-spec] seq=2 slot=1 trace=- start_ms=30.803 gap_ms=0.008 wall_ms=32.169 generated=1253->1257 rounds=1 drafted=3 accepted=3 k=3
[tick] act=4 int=4 priming=2 ready=0 spec=4 demoted=0 spec_calls=2 spec_ms=63.0 prefill_single_calls=0 prefill_single_tokens=0 prefill_batch_calls=0 prefill_batch_tokens=0 prefill_ms=0.0 decode_ms=0.0
[spec-acc] ctx=3406 burst=3/3 cum=897/1038=0.864
[tick-spec] seq=1 slot=0 trace=- start_ms=0.001 gap_ms=0.001 wall_ms=15.472 generated=1241->1245 rounds=1 drafted=3 accepted=3 k=3
[spec-acc] ctx=3422 burst=3/3 cum=923/1011=0.913
[tick-spec] seq=2 slot=1 trace=- start_ms=15.481 gap_ms=0.008 wall_ms=13.332 generated=1257->1261 rounds=1 drafted=3 accepted=3 k=3
[tick] act=4 int=4 priming=2 ready=0 spec=4 demoted=0 spec_calls=2 spec_ms=28.8 prefill_single_calls=0 prefill_single_tokens=0 prefill_batch_calls=0 prefill_batch_tokens=0 prefill_ms=0.0 decode_ms=0.0
[spec-acc] ctx=3410 burst=3/3 cum=900/1041=0.865
[tick-spec] seq=1 slot=0 trace=- start_ms=0.000 gap_ms=0.000 wall_ms=15.493 generated=1245->1249 rounds=1 drafted=3 accepted=3 k=3
[spec-acc] ctx=3426 burst=2/3 cum=925/1014=0.912
[tick-spec] seq=2 slot=1 trace=- start_ms=15.501 gap_ms=0.008 wall_ms=15.593 generated=1261->1264 rounds=1 drafted=3 accepted=2 k=3
[prime-chunk] phase=mtp-trunk rows=4096 wall_ms=568.125
[prime-yield] count=19 remaining=50 chunks=1 wall_ms=568.125 max_chunk_ms=568.125
[tick-spec] seq=3 slot=2 trace=- start_ms=31.102 gap_ms=0.008 wall_ms=568.319 generated=0->0 rounds=0 drafted=0 accepted=0 k=3
[tick] act=4 int=4 priming=2 ready=0 spec=4 demoted=0 spec_calls=3 spec_ms=599.4 prefill_single_calls=0 prefill_single_tokens=0 prefill_batch_calls=0 prefill_batch_tokens=0 prefill_ms=0.0 decode_ms=0.0
[spec-acc] ctx=3429 burst=3/3 cum=928/1017=0.912
[tick-spec] seq=1 slot=1 trace=- start_ms=0.001 gap_ms=0.001 wall_ms=13.425 generated=1264->1268 rounds=1 drafted=3 accepted=3 k=3
[spec-acc] ctx=3414 burst=3/3 cum=903/1044=0.865
[tick-spec] seq=2 slot=0 trace=- start_ms=13.434 gap_ms=0.008 wall_ms=13.380 generated=1249->1253 rounds=1 drafted=3 accepted=3 k=3
[tick] act=4 int=4 priming=2 ready=0 spec=4 demoted=0 spec_calls=2 spec_ms=26.8 prefill_single_calls=0 prefill_single_tokens=0 prefill_batch_calls=0 prefill_batch_tokens=0 prefill_ms=0.0 decode_ms=0.0
[spec-acc] ctx=3418 burst=3/3 cum=906/1047=0.865
[tick-spec] seq=1 slot=0 trace=- start_ms=0.001 gap_ms=0.001 wall_ms=14.428 generated=1253->1257 rounds=1 drafted=3 accepted=3 k=3
[spec-acc] ctx=3433 burst=3/3 cum=931/1020=0.913
[tick-spec] seq=2 slot=1 trace=- start_ms=14.437 gap_ms=0.008 wall_ms=14.431 generated=1268->1272 rounds=1 drafted=3 accepted=3 k=3
[tick] act=4 int=4 priming=2 ready=0 spec=4 demoted=0 spec_calls=2 spec_ms=28.9 prefill_single_calls=0 prefill_single_tokens=0 prefill_batch_calls=0 prefill_batch_tokens=0 prefill_ms=0.0 decode_ms=0.0
[spec-acc] ctx=3422 burst=3/3 cum=909/1050=0.866
[tick-spec] seq=1 slot=0 trace=- start_ms=0.000 gap_ms=0.000 wall_ms=13.380 generated=1257->1261 rounds=1 drafted=3 accepted=3 k=3
[spec-acc] ctx=3437 burst=3/3 cum=934/1023=0.913
[tick-spec] seq=2 slot=1 trace=- start_ms=13.387 gap_ms=0.007 wall_ms=13.363 generated=1272->1276 rounds=1 drafted=3 accepted=3 k=3
[tick] act=4 int=4 priming=2 ready=0 spec=4 demoted=0 spec_calls=2 spec_ms=26.8 prefill_single_calls=0 prefill_single_tokens=0 prefill_batch_calls=0 prefill_batch_tokens=0 prefill_ms=0.0 decode_ms=0.0
[spec-acc] ctx=3426 burst=3/3 cum=912/1053=0.866
[tick-spec] seq=1 slot=0 trace=- start_ms=0.000 gap_ms=0.000 wall_ms=13.373 generated=1261->1265 rounds=1 drafted=3 accepted=3 k=3
[spec-acc] ctx=3441 burst=3/3 cum=937/1026=0.913
[tick-spec] seq=2 slot=1 trace=- start_ms=13.381 gap_ms=0.008 wall_ms=15.504 generated=1276->1280 rounds=1 drafted=3 accepted=3 k=3
[tick] act=4 int=4 priming=2 ready=0 spec=4 demoted=0 spec_calls=2 spec_ms=28.9 prefill_single_calls=0 prefill_single_tokens=0 prefill_batch_calls=0 prefill_batch_tokens=0 prefill_ms=0.0 decode_ms=0.0
[spec-acc] ctx=3445 burst=3/3 cum=940/1029=0.914
[tick-spec] seq=1 slot=1 trace=- start_ms=0.001 gap_ms=0.001 wall_ms=15.511 generated=1280->1284 rounds=1 drafted=3 accepted=3 k=3
[spec-acc] ctx=3430 burst=3/3 cum=915/1056=0.866
[tick-spec] seq=2 slot=0 trace=- start_ms=15.519 gap_ms=0.008 wall_ms=12.323 generated=1265->1269 rounds=1 drafted=3 accepted=3 k=3
[tick] act=4 int=4 priming=2 ready=0 spec=4 demoted=0 spec_calls=2 spec_ms=27.9 prefill_single_calls=0 prefill_single_tokens=0 prefill_batch_calls=0 prefill_batch_tokens=0 prefill_ms=0.0 decode_ms=0.0
[spec-acc] ctx=3434 burst=2/3 cum=917/1059=0.866
[tick-spec] seq=1 slot=0 trace=- start_ms=0.000 gap_ms=0.000 wall_ms=15.560 generated=1269->1272 rounds=1 drafted=3 accepted=2 k=3
[spec-acc] ctx=3449 burst=3/3 cum=943/1032=0.914
[tick-spec] seq=2 slot=1 trace=- start_ms=15.568 gap_ms=0.007 wall_ms=15.715 generated=1284->1288 rounds=1 drafted=3 accepted=3 k=3
[tick] act=4 int=4 priming=2 ready=0 spec=4 demoted=0 spec_calls=2 spec_ms=31.3 prefill_single_calls=0 prefill_single_tokens=0 prefill_batch_calls=0 prefill_batch_tokens=0 prefill_ms=0.0 decode_ms=0.0
[spec-acc] ctx=3437 burst=1/3 cum=918/1062=0.864
[tick-spec] seq=1 slot=0 trace=- start_ms=0.001 gap_ms=0.001 wall_ms=13.424 generated=1272->1274 rounds=1 drafted=3 accepted=1 k=3
[spec-acc] ctx=3453 burst=3/3 cum=946/1035=0.914
[tick-spec] seq=2 slot=1 trace=- start_ms=13.433 gap_ms=0.008 wall_ms=15.461 generated=1288->1292 rounds=1 drafted=3 accepted=3 k=3
[tick] act=4 int=4 priming=2 ready=0 spec=4 demoted=0 spec_calls=2 spec_ms=28.9 prefill_single_calls=0 prefill_single_tokens=0 prefill_batch_calls=0 prefill_batch_tokens=0 prefill_ms=0.0 decode_ms=0.0
[spec-acc] ctx=3439 burst=3/3 cum=921/1065=0.865
[tick-spec] seq=1 slot=0 trace=- start_ms=0.000 gap_ms=0.000 wall_ms=14.397 generated=1274->1278 rounds=1 drafted=3 accepted=3 k=3
[spec-acc] ctx=3457 burst=3/3 cum=949/1038=0.914
[tick-spec] seq=2 slot=1 trace=- start_ms=14.405 gap_ms=0.007 wall_ms=15.525 generated=1292->1296 rounds=1 drafted=3 accepted=3 k=3
[tick] act=4 int=4 priming=2 ready=0 spec=4 demoted=0 spec_calls=2 spec_ms=29.9 prefill_single_calls=0 prefill_single_tokens=0 prefill_batch_calls=0 prefill_batch_tokens=0 prefill_ms=0.0 decode_ms=0.0
[spec-acc] ctx=3461 burst=3/3 cum=952/1041=0.915
[tick-spec] seq=1 slot=1 trace=- start_ms=0.000 gap_ms=0.000 wall_ms=15.593 generated=1296->1300 rounds=1 drafted=3 accepted=3 k=3
[spec-acc] ctx=3443 burst=3/3 cum=924/1068=0.865
[tick-spec] seq=2 slot=0 trace=- start_ms=15.610 gap_ms=0.017 wall_ms=25.890 generated=1278->1282 rounds=1 drafted=3 accepted=3 k=3
[tick] act=4 int=4 priming=2 ready=0 spec=4 demoted=0 spec_calls=2 spec_ms=41.5 prefill_single_calls=0 prefill_single_tokens=0 prefill_batch_calls=0 prefill_batch_tokens=0 prefill_ms=0.0 decode_ms=0.0
[spec-acc] ctx=3447 burst=3/3 cum=927/1071=0.866
[tick-spec] seq=1 slot=0 trace=- start_ms=0.001 gap_ms=0.001 wall_ms=29.429 generated=1282->1286 rounds=1 drafted=3 accepted=3 k=3
[spec-acc] ctx=3465 burst=3/3 cum=955/1044=0.915
[tick-spec] seq=2 slot=1 trace=- start_ms=29.438 gap_ms=0.008 wall_ms=14.439 generated=1300->1304 rounds=1 drafted=3 accepted=3 k=3
[tick] act=4 int=4 priming=2 ready=0 spec=4 demoted=0 spec_calls=2 spec_ms=43.9 prefill_single_calls=0 prefill_single_tokens=0 prefill_batch_calls=0 prefill_batch_tokens=0 prefill_ms=0.0 decode_ms=0.0
[spec-acc] ctx=3451 burst=3/3 cum=930/1074=0.866
[tick-spec] seq=1 slot=0 trace=- start_ms=0.001 gap_ms=0.001 wall_ms=15.534 generated=1286->1290 rounds=1 drafted=3 accepted=3 k=3
[spec-acc] ctx=3469 burst=3/3 cum=958/1047=0.915
[tick-spec] seq=2 slot=1 trace=- start_ms=15.542 gap_ms=0.008 wall_ms=14.434 generated=1304->1308 rounds=1 drafted=3 accepted=3 k=3
[tick] act=4 int=4 priming=2 ready=0 spec=4 demoted=0 spec_calls=2 spec_ms=30.0 prefill_single_calls=0 prefill_single_tokens=0 prefill_batch_calls=0 prefill_batch_tokens=0 prefill_ms=0.0 decode_ms=0.0
[spec-acc] ctx=3455 burst=3/3 cum=933/1077=0.866
[tick-spec] seq=1 slot=0 trace=- start_ms=0.000 gap_ms=0.000 wall_ms=14.445 generated=1290->1294 rounds=1 drafted=3 accepted=3 k=3
[spec-acc] ctx=3473 burst=3/3 cum=961/1050=0.915
[tick-spec] seq=2 slot=1 trace=- start_ms=14.453 gap_ms=0.007 wall_ms=13.417 generated=1308->1312 rounds=1 drafted=3 accepted=3 k=3
[tick] act=4 int=4 priming=2 ready=0 spec=4 demoted=0 spec_calls=2 spec_ms=27.9 prefill_single_calls=0 prefill_single_tokens=0 prefill_batch_calls=0 prefill_batch_tokens=0 prefill_ms=0.0 decode_ms=0.0
[spec-acc] ctx=3477 burst=3/3 cum=964/1053=0.915
[tick-spec] seq=1 slot=1 trace=- start_ms=0.000 gap_ms=0.000 wall_ms=15.554 generated=1312->1316 rounds=1 drafted=3 accepted=3 k=3
[spec-acc] ctx=3459 burst=3/3 cum=936/1080=0.867
[tick-spec] seq=2 slot=0 trace=- start_ms=15.562 gap_ms=0.007 wall_ms=13.348 generated=1294->1298 rounds=1 drafted=3 accepted=3 k=3
[tick] act=4 int=4 priming=2 ready=0 spec=4 demoted=0 spec_calls=2 spec_ms=28.9 prefill_single_calls=0 prefill_single_tokens=0 prefill_batch_calls=0 prefill_batch_tokens=0 prefill_ms=0.0 decode_ms=0.0
[spec-acc] ctx=3463 burst=3/3 cum=939/1083=0.867
[tick-spec] seq=1 slot=0 trace=- start_ms=0.000 gap_ms=0.000 wall_ms=13.386 generated=1298->1302 rounds=1 drafted=3 accepted=3 k=3
[spec-acc] ctx=3481 burst=3/3 cum=967/1056=0.916
[tick-spec] seq=2 slot=1 trace=- start_ms=13.394 gap_ms=0.007 wall_ms=14.471 generated=1316->1320 rounds=1 drafted=3 accepted=3 k=3
[tick] act=4 int=4 priming=2 ready=0 spec=4 demoted=0 spec_calls=2 spec_ms=27.9 prefill_single_calls=0 prefill_single_tokens=0 prefill_batch_calls=0 prefill_batch_tokens=0 prefill_ms=0.0 decode_ms=0.0
[spec-acc] ctx=3467 burst=3/3 cum=942/1086=0.867
[tick-spec] seq=1 slot=0 trace=- start_ms=0.001 gap_ms=0.001 wall_ms=14.458 generated=1302->1306 rounds=1 drafted=3 accepted=3 k=3
[spec-acc] ctx=3485 burst=3/3 cum=970/1059=0.916
[tick-spec] seq=2 slot=1 trace=- start_ms=14.467 gap_ms=0.008 wall_ms=13.470 generated=1320->1324 rounds=1 drafted=3 accepted=3 k=3
[tick] act=4 int=4 priming=2 ready=0 spec=4 demoted=0 spec_calls=2 spec_ms=27.9 prefill_single_calls=0 prefill_single_tokens=0 prefill_batch_calls=0 prefill_batch_tokens=0 prefill_ms=0.0 decode_ms=0.0
[spec-acc] ctx=3471 burst=2/3 cum=944/1089=0.867
[tick-spec] seq=1 slot=0 trace=- start_ms=0.001 gap_ms=0.001 wall_ms=13.509 generated=1306->1309 rounds=1 drafted=3 accepted=2 k=3
[spec-acc] ctx=3489 burst=3/3 cum=973/1062=0.916
[tick-spec] seq=2 slot=1 trace=- start_ms=13.524 gap_ms=0.014 wall_ms=13.396 generated=1324->1328 rounds=1 drafted=3 accepted=3 k=3
[tick] act=4 int=4 priming=2 ready=0 spec=4 demoted=0 spec_calls=2 spec_ms=26.9 prefill_single_calls=0 prefill_single_tokens=0 prefill_batch_calls=0 prefill_batch_tokens=0 prefill_ms=0.0 decode_ms=0.0
[spec-acc] ctx=3493 burst=3/3 cum=976/1065=0.916
[tick-spec] seq=1 slot=1 trace=- start_ms=0.001 gap_ms=0.001 wall_ms=14.461 generated=1328->1332 rounds=1 drafted=3 accepted=3 k=3
[spec-acc] ctx=3474 burst=3/3 cum=947/1092=0.867
[tick-spec] seq=2 slot=0 trace=- start_ms=14.469 gap_ms=0.008 wall_ms=15.524 generated=1309->1313 rounds=1 drafted=3 accepted=3 k=3
[tick] act=4 int=4 priming=2 ready=0 spec=4 demoted=0 spec_calls=2 spec_ms=30.0 prefill_single_calls=0 prefill_single_tokens=0 prefill_batch_calls=0 prefill_batch_tokens=0 prefill_ms=0.0 decode_ms=0.0
[spec-acc] ctx=3478 burst=3/3 cum=950/1095=0.868
[tick-spec] seq=1 slot=0 trace=- start_ms=0.000 gap_ms=0.000 wall_ms=14.439 generated=1313->1317 rounds=1 drafted=3 accepted=3 k=3
[spec-acc] ctx=3497 burst=3/3 cum=979/1068=0.917
[tick-spec] seq=2 slot=1 trace=- start_ms=14.447 gap_ms=0.007 wall_ms=14.457 generated=1332->1336 rounds=1 drafted=3 accepted=3 k=3
[prime-chunk] phase=mtp-trunk rows=4096 wall_ms=409.314
[prime-yield] count=7 remaining=11 chunks=1 wall_ms=409.314 max_chunk_ms=409.314
[tick-spec] seq=3 slot=3 trace=- start_ms=28.912 gap_ms=0.008 wall_ms=409.388 generated=0->0 rounds=0 drafted=0 accepted=0 k=3
[tick] act=4 int=4 priming=2 ready=0 spec=4 demoted=0 spec_calls=3 spec_ms=438.3 prefill_single_calls=0 prefill_single_tokens=0 prefill_batch_calls=0 prefill_batch_tokens=0 prefill_ms=0.0 decode_ms=0.0
[spec-acc] ctx=3482 burst=3/3 cum=953/1098=0.868
[tick-spec] seq=1 slot=0 trace=- start_ms=0.001 gap_ms=0.001 wall_ms=13.466 generated=1317->1321 rounds=1 drafted=3 accepted=3 k=3
[spec-acc] ctx=3501 burst=3/3 cum=982/1071=0.917
[tick-spec] seq=2 slot=1 trace=- start_ms=13.475 gap_ms=0.008 wall_ms=13.387 generated=1336->1340 rounds=1 drafted=3 accepted=3 k=3
[tick] act=4 int=4 priming=2 ready=0 spec=4 demoted=0 spec_calls=2 spec_ms=26.9 prefill_single_calls=0 prefill_single_tokens=0 prefill_batch_calls=0 prefill_batch_tokens=0 prefill_ms=0.0 decode_ms=0.0
[spec-acc] ctx=3486 burst=3/3 cum=956/1101=0.868
[tick-spec] seq=1 slot=0 trace=- start_ms=0.001 gap_ms=0.001 wall_ms=12.351 generated=1321->1325 rounds=1 drafted=3 accepted=3 k=3
[spec-acc] ctx=3505 burst=3/3 cum=985/1074=0.917
[tick-spec] seq=2 slot=1 trace=- start_ms=12.364 gap_ms=0.013 wall_ms=14.633 generated=1340->1344 rounds=1 drafted=3 accepted=3 k=3
[tick] act=4 int=4 priming=2 ready=0 spec=4 demoted=0 spec_calls=2 spec_ms=27.0 prefill_single_calls=0 prefill_single_tokens=0 prefill_batch_calls=0 prefill_batch_tokens=0 prefill_ms=0.0 decode_ms=0.0
[spec-acc] ctx=3509 burst=3/3 cum=988/1077=0.917
[tick-spec] seq=1 slot=1 trace=- start_ms=0.001 gap_ms=0.001 wall_ms=14.470 generated=1344->1348 rounds=1 drafted=3 accepted=3 k=3
[spec-acc] ctx=3490 burst=3/3 cum=959/1104=0.869
[tick-spec] seq=2 slot=0 trace=- start_ms=14.478 gap_ms=0.008 wall_ms=15.486 generated=1325->1329 rounds=1 drafted=3 accepted=3 k=3
[tick] act=4 int=4 priming=2 ready=0 spec=4 demoted=0 spec_calls=2 spec_ms=30.0 prefill_single_calls=0 prefill_single_tokens=0 prefill_batch_calls=0 prefill_batch_tokens=0 prefill_ms=0.0 decode_ms=0.0
[spec-acc] ctx=3494 burst=3/3 cum=962/1107=0.869
[tick-spec] seq=1 slot=0 trace=- start_ms=0.000 gap_ms=0.000 wall_ms=14.437 generated=1329->1333 rounds=1 drafted=3 accepted=3 k=3
[spec-acc] ctx=3513 burst=0/3 cum=988/1080=0.915
[tick-spec] seq=2 slot=1 trace=- start_ms=14.445 gap_ms=0.007 wall_ms=13.430 generated=1348->1349 rounds=1 drafted=3 accepted=0 k=3
[tick] act=4 int=4 priming=2 ready=0 spec=4 demoted=0 spec_calls=2 spec_ms=27.9 prefill_single_calls=0 prefill_single_tokens=0 prefill_batch_calls=0 prefill_batch_tokens=0 prefill_ms=0.0 decode_ms=0.0
[spec-acc] ctx=3498 burst=3/3 cum=965/1110=0.869
[tick-spec] seq=1 slot=0 trace=- start_ms=0.001 gap_ms=0.001 wall_ms=14.453 generated=1333->1337 rounds=1 drafted=3 accepted=3 k=3
[spec-acc] ctx=3514 burst=2/3 cum=990/1083=0.914
[tick-spec] seq=2 slot=1 trace=- start_ms=14.462 gap_ms=0.008 wall_ms=14.518 generated=1349->1352 rounds=1 drafted=3 accepted=2 k=3
[tick] act=4 int=4 priming=2 ready=0 spec=4 demoted=0 spec_calls=2 spec_ms=29.0 prefill_single_calls=0 prefill_single_tokens=0 prefill_batch_calls=0 prefill_batch_tokens=0 prefill_ms=0.0 decode_ms=0.0
[spec-acc] ctx=3502 burst=3/3 cum=968/1113=0.870
[tick-spec] seq=1 slot=0 trace=- start_ms=0.000 gap_ms=0.000 wall_ms=15.508 generated=1337->1341 rounds=1 drafted=3 accepted=3 k=3
[spec-acc] ctx=3517 burst=3/3 cum=993/1086=0.914
[tick-spec] seq=2 slot=1 trace=- start_ms=15.516 gap_ms=0.007 wall_ms=14.464 generated=1352->1356 rounds=1 drafted=3 accepted=3 k=3
[tick] act=4 int=4 priming=2 ready=0 spec=4 demoted=0 spec_calls=2 spec_ms=30.0 prefill_single_calls=0 prefill_single_tokens=0 prefill_batch_calls=0 prefill_batch_tokens=0 prefill_ms=0.0 decode_ms=0.0
[spec-acc] ctx=3521 burst=3/3 cum=996/1089=0.915
[tick-spec] seq=1 slot=1 trace=- start_ms=0.001 gap_ms=0.001 wall_ms=15.485 generated=1356->1360 rounds=1 drafted=3 accepted=3 k=3
[spec-acc] ctx=3506 burst=3/3 cum=971/1116=0.870
[tick-spec] seq=2 slot=0 trace=- start_ms=15.493 gap_ms=0.008 wall_ms=15.453 generated=1341->1345 rounds=1 drafted=3 accepted=3 k=3
[tick] act=4 int=4 priming=2 ready=0 spec=4 demoted=0 spec_calls=2 spec_ms=31.0 prefill_single_calls=0 prefill_single_tokens=0 prefill_batch_calls=0 prefill_batch_tokens=0 prefill_ms=0.0 decode_ms=0.0
[spec-acc] ctx=3510 burst=3/3 cum=974/1119=0.870
[tick-spec] seq=1 slot=0 trace=- start_ms=0.000 gap_ms=0.000 wall_ms=13.411 generated=1345->1349 rounds=1 drafted=3 accepted=3 k=3
[spec-acc] ctx=3525 burst=3/3 cum=999/1092=0.915
[tick-spec] seq=2 slot=1 trace=- start_ms=13.419 gap_ms=0.008 wall_ms=29.408 generated=1360->1364 rounds=1 drafted=3 accepted=3 k=3
[tick] act=4 int=4 priming=2 ready=0 spec=4 demoted=0 spec_calls=2 spec_ms=42.8 prefill_single_calls=0 prefill_single_tokens=0 prefill_batch_calls=0 prefill_batch_tokens=0 prefill_ms=0.0 decode_ms=0.0
[spec-acc] ctx=3514 burst=2/3 cum=976/1122=0.870
[tick-spec] seq=1 slot=0 trace=- start_ms=0.001 gap_ms=0.001 wall_ms=34.498 generated=1349->1352 rounds=1 drafted=3 accepted=2 k=3
[spec-acc] ctx=3529 burst=3/3 cum=1002/1095=0.915
[tick-spec] seq=2 slot=1 trace=- start_ms=34.507 gap_ms=0.008 wall_ms=14.457 generated=1364->1368 rounds=1 drafted=3 accepted=3 k=3
[tick] act=4 int=4 priming=2 ready=0 spec=4 demoted=0 spec_calls=2 spec_ms=49.0 prefill_single_calls=0 prefill_single_tokens=0 prefill_batch_calls=0 prefill_batch_tokens=0 prefill_ms=0.0 decode_ms=0.0
[spec-acc] ctx=3517 burst=3/3 cum=979/1125=0.870
[tick-spec] seq=1 slot=0 trace=- start_ms=0.001 gap_ms=0.001 wall_ms=13.384 generated=1352->1356 rounds=1 drafted=3 accepted=3 k=3
[spec-acc] ctx=3533 burst=3/3 cum=1005/1098=0.915
[tick-spec] seq=2 slot=1 trace=- start_ms=13.392 gap_ms=0.008 wall_ms=13.393 generated=1368->1372 rounds=1 drafted=3 accepted=3 k=3
[tick] act=4 int=4 priming=2 ready=0 spec=4 demoted=0 spec_calls=2 spec_ms=26.8 prefill_single_calls=0 prefill_single_tokens=0 prefill_batch_calls=0 prefill_batch_tokens=0 prefill_ms=0.0 decode_ms=0.0
[spec-acc] ctx=3537 burst=3/3 cum=1008/1101=0.916
[tick-spec] seq=1 slot=1 trace=- start_ms=0.000 gap_ms=0.000 wall_ms=14.433 generated=1372->1376 rounds=1 drafted=3 accepted=3 k=3
[spec-acc] ctx=3521 burst=3/3 cum=982/1128=0.871
[tick-spec] seq=2 slot=0 trace=- start_ms=14.441 gap_ms=0.007 wall_ms=14.419 generated=1356->1360 rounds=1 drafted=3 accepted=3 k=3
[tick] act=4 int=4 priming=2 ready=0 spec=4 demoted=0 spec_calls=2 spec_ms=28.9 prefill_single_calls=0 prefill_single_tokens=0 prefill_batch_calls=0 prefill_batch_tokens=0 prefill_ms=0.0 decode_ms=0.0
[spec-acc] ctx=3525 burst=3/3 cum=985/1131=0.871
[tick-spec] seq=1 slot=0 trace=- start_ms=0.000 gap_ms=0.000 wall_ms=14.428 generated=1360->1364 rounds=1 drafted=3 accepted=3 k=3
[spec-acc] ctx=3541 burst=3/3 cum=1011/1104=0.916
[tick-spec] seq=2 slot=1 trace=- start_ms=14.436 gap_ms=0.008 wall_ms=14.480 generated=1376->1380 rounds=1 drafted=3 accepted=3 k=3
[prime-chunk] phase=mtp-trunk rows=4096 wall_ms=581.417
[prime-yield] count=20 remaining=49 chunks=1 wall_ms=581.417 max_chunk_ms=581.417
[tick-spec] seq=3 slot=2 trace=- start_ms=28.926 gap_ms=0.009 wall_ms=581.612 generated=0->0 rounds=0 drafted=0 accepted=0 k=3
[tick] act=4 int=4 priming=2 ready=0 spec=4 demoted=0 spec_calls=3 spec_ms=610.5 prefill_single_calls=0 prefill_single_tokens=0 prefill_batch_calls=0 prefill_batch_tokens=0 prefill_ms=0.0 decode_ms=0.0
[spec-acc] ctx=3529 burst=3/3 cum=988/1134=0.871
[tick-spec] seq=1 slot=0 trace=- start_ms=0.001 gap_ms=0.001 wall_ms=13.424 generated=1364->1368 rounds=1 drafted=3 accepted=3 k=3
[spec-acc] ctx=3545 burst=3/3 cum=1014/1107=0.916
[tick-spec] seq=2 slot=1 trace=- start_ms=13.433 gap_ms=0.008 wall_ms=14.469 generated=1380->1384 rounds=1 drafted=3 accepted=3 k=3
[tick] act=4 int=4 priming=2 ready=0 spec=4 demoted=0 spec_calls=2 spec_ms=27.9 prefill_single_calls=0 prefill_single_tokens=0 prefill_batch_calls=0 prefill_batch_tokens=0 prefill_ms=0.0 decode_ms=0.0
[spec-acc] ctx=3533 burst=1/3 cum=989/1137=0.870
[tick-spec] seq=1 slot=0 trace=- start_ms=0.001 gap_ms=0.001 wall_ms=15.552 generated=1368->1370 rounds=1 drafted=3 accepted=1 k=3
[spec-acc] ctx=3549 burst=3/3 cum=1017/1110=0.916
[tick-spec] seq=2 slot=1 trace=- start_ms=15.568 gap_ms=0.015 wall_ms=12.379 generated=1384->1388 rounds=1 drafted=3 accepted=3 k=3
[tick] act=4 int=4 priming=2 ready=0 spec=4 demoted=0 spec_calls=2 spec_ms=28.0 prefill_single_calls=0 prefill_single_tokens=0 prefill_batch_calls=0 prefill_batch_tokens=0 prefill_ms=0.0 decode_ms=0.0
[spec-acc] ctx=3553 burst=3/3 cum=1020/1113=0.916
[tick-spec] seq=1 slot=1 trace=- start_ms=0.001 gap_ms=0.001 wall_ms=15.492 generated=1388->1392 rounds=1 drafted=3 accepted=3 k=3
[spec-acc] ctx=3535 burst=1/3 cum=990/1140=0.868
[tick-spec] seq=2 slot=0 trace=- start_ms=15.500 gap_ms=0.008 wall_ms=14.495 generated=1370->1372 rounds=1 drafted=3 accepted=1 k=3
[tick] act=4 int=4 priming=2 ready=0 spec=4 demoted=0 spec_calls=2 spec_ms=30.0 prefill_single_calls=0 prefill_single_tokens=0 prefill_batch_calls=0 prefill_batch_tokens=0 prefill_ms=0.0 decode_ms=0.0
[spec-acc] ctx=3537 burst=3/3 cum=993/1143=0.869
[tick-spec] seq=1 slot=0 trace=- start_ms=0.000 gap_ms=0.000 wall_ms=15.481 generated=1372->1376 rounds=1 drafted=3 accepted=3 k=3
[spec-acc] ctx=3557 burst=3/3 cum=1023/1116=0.917
[tick-spec] seq=2 slot=1 trace=- start_ms=15.488 gap_ms=0.007 wall_ms=14.424 generated=1392->1396 rounds=1 drafted=3 accepted=3 k=3
[tick] act=4 int=4 priming=2 ready=0 spec=4 demoted=0 spec_calls=2 spec_ms=29.9 prefill_single_calls=0 prefill_single_tokens=0 prefill_batch_calls=0 prefill_batch_tokens=0 prefill_ms=0.0 decode_ms=0.0
[spec-acc] ctx=3541 burst=3/3 cum=996/1146=0.869
[tick-spec] seq=1 slot=0 trace=- start_ms=0.001 gap_ms=0.001 wall_ms=14.433 generated=1376->1380 rounds=1 drafted=3 accepted=3 k=3
[spec-acc] ctx=3561 burst=3/3 cum=1026/1119=0.917
[tick-spec] seq=2 slot=1 trace=- start_ms=14.441 gap_ms=0.008 wall_ms=14.427 generated=1396->1400 rounds=1 drafted=3 accepted=3 k=3
[tick] act=4 int=4 priming=2 ready=0 spec=4 demoted=0 spec_calls=2 spec_ms=28.9 prefill_single_calls=0 prefill_single_tokens=0 prefill_batch_calls=0 prefill_batch_tokens=0 prefill_ms=0.0 decode_ms=0.0
[spec-acc] ctx=3545 burst=3/3 cum=999/1149=0.869
[tick-spec] seq=1 slot=0 trace=- start_ms=0.000 gap_ms=0.000 wall_ms=15.492 generated=1380->1384 rounds=1 drafted=3 accepted=3 k=3
[spec-acc] ctx=3565 burst=3/3 cum=1029/1122=0.917
[tick-spec] seq=2 slot=1 trace=- start_ms=15.500 gap_ms=0.007 wall_ms=13.450 generated=1400->1404 rounds=1 drafted=3 accepted=3 k=3
[tick] act=4 int=4 priming=2 ready=0 spec=4 demoted=0 spec_calls=2 spec_ms=29.0 prefill_single_calls=0 prefill_single_tokens=0 prefill_batch_calls=0 prefill_batch_tokens=0 prefill_ms=0.0 decode_ms=0.0
[spec-acc] ctx=3569 burst=3/3 cum=1032/1125=0.917
[tick-spec] seq=1 slot=1 trace=- start_ms=0.001 gap_ms=0.001 wall_ms=29.937 generated=1404->1408 rounds=1 drafted=3 accepted=3 k=3
[spec-acc] ctx=3549 burst=3/3 cum=1002/1152=0.870
[tick-spec] seq=2 slot=0 trace=- start_ms=29.945 gap_ms=0.008 wall_ms=33.114 generated=1384->1388 rounds=1 drafted=3 accepted=3 k=3
[tick] act=4 int=4 priming=2 ready=0 spec=4 demoted=0 spec_calls=2 spec_ms=63.1 prefill_single_calls=0 prefill_single_tokens=0 prefill_batch_calls=0 prefill_batch_tokens=0 prefill_ms=0.0 decode_ms=0.0
[spec-acc] ctx=3553 burst=3/3 cum=1005/1155=0.870
[tick-spec] seq=1 slot=0 trace=- start_ms=0.000 gap_ms=0.000 wall_ms=14.831 generated=1388->1392 rounds=1 drafted=3 accepted=3 k=3
[spec-acc] ctx=3573 burst=3/3 cum=1035/1128=0.918
[tick-spec] seq=2 slot=1 trace=- start_ms=14.840 gap_ms=0.008 wall_ms=13.381 generated=1408->1412 rounds=1 drafted=3 accepted=3 k=3
[tick] act=4 int=4 priming=2 ready=0 spec=4 demoted=0 spec_calls=2 spec_ms=28.2 prefill_single_calls=0 prefill_single_tokens=0 prefill_batch_calls=0 prefill_batch_tokens=0 prefill_ms=0.0 decode_ms=0.0
[spec-acc] ctx=3557 burst=2/3 cum=1007/1158=0.870
[tick-spec] seq=1 slot=0 trace=- start_ms=0.000 gap_ms=0.000 wall_ms=13.473 generated=1392->1395 rounds=1 drafted=3 accepted=2 k=3
[spec-acc] ctx=3577 burst=3/3 cum=1038/1131=0.918
[tick-spec] seq=2 slot=1 trace=- start_ms=13.481 gap_ms=0.007 wall_ms=15.503 generated=1412->1416 rounds=1 drafted=3 accepted=3 k=3
[tick] act=4 int=4 priming=2 ready=0 spec=4 demoted=0 spec_calls=2 spec_ms=29.0 prefill_single_calls=0 prefill_single_tokens=0 prefill_batch_calls=0 prefill_batch_tokens=0 prefill_ms=0.0 decode_ms=0.0
[spec-acc] ctx=3560 burst=3/3 cum=1010/1161=0.870
[tick-spec] seq=1 slot=0 trace=- start_ms=0.001 gap_ms=0.001 wall_ms=14.750 generated=1395->1399 rounds=1 drafted=3 accepted=3 k=3
[spec-acc] ctx=3581 burst=3/3 cum=1041/1134=0.918
[tick-spec] seq=2 slot=1 trace=- start_ms=14.758 gap_ms=0.008 wall_ms=15.532 generated=1416->1420 rounds=1 drafted=3 accepted=3 k=3
[tick] act=4 int=4 priming=2 ready=0 spec=4 demoted=0 spec_calls=2 spec_ms=30.3 prefill_single_calls=0 prefill_single_tokens=0 prefill_batch_calls=0 prefill_batch_tokens=0 prefill_ms=0.0 decode_ms=0.0
[spec-acc] ctx=3585 burst=3/3 cum=1044/1137=0.918
[tick-spec] seq=1 slot=1 trace=- start_ms=0.000 gap_ms=0.000 wall_ms=13.406 generated=1420->1424 rounds=1 drafted=3 accepted=3 k=3
[spec-acc] ctx=3564 burst=1/3 cum=1011/1164=0.869
[tick-spec] seq=2 slot=0 trace=- start_ms=13.414 gap_ms=0.007 wall_ms=14.488 generated=1399->1401 rounds=1 drafted=3 accepted=1 k=3
[tick] act=4 int=4 priming=2 ready=0 spec=4 demoted=0 spec_calls=2 spec_ms=27.9 prefill_single_calls=0 prefill_single_tokens=0 prefill_batch_calls=0 prefill_batch_tokens=0 prefill_ms=0.0 decode_ms=0.0
[spec-acc] ctx=3566 burst=3/3 cum=1014/1167=0.869
[tick-spec] seq=1 slot=0 trace=- start_ms=0.000 gap_ms=0.000 wall_ms=15.523 generated=1401->1405 rounds=1 drafted=3 accepted=3 k=3
[spec-acc] ctx=3589 burst=3/3 cum=1047/1140=0.918
[tick-spec] seq=2 slot=1 trace=- start_ms=15.531 gap_ms=0.008 wall_ms=14.441 generated=1424->1428 rounds=1 drafted=3 accepted=3 k=3
[tick] act=4 int=4 priming=2 ready=0 spec=4 demoted=0 spec_calls=2 spec_ms=30.0 prefill_single_calls=0 prefill_single_tokens=0 prefill_batch_calls=0 prefill_batch_tokens=0 prefill_ms=0.0 decode_ms=0.0
[spec-acc] ctx=3570 burst=3/3 cum=1017/1170=0.869
[tick-spec] seq=1 slot=0 trace=- start_ms=0.000 gap_ms=0.000 wall_ms=14.416 generated=1405->1409 rounds=1 drafted=3 accepted=3 k=3
[spec-acc] ctx=3593 burst=3/3 cum=1050/1143=0.919
[tick-spec] seq=2 slot=1 trace=- start_ms=14.425 gap_ms=0.008 wall_ms=14.446 generated=1428->1432 rounds=1 drafted=3 accepted=3 k=3
[tick] act=4 int=4 priming=2 ready=0 spec=4 demoted=0 spec_calls=2 spec_ms=28.9 prefill_single_calls=0 prefill_single_tokens=0 prefill_batch_calls=0 prefill_batch_tokens=0 prefill_ms=0.0 decode_ms=0.0
[spec-acc] ctx=3574 burst=3/3 cum=1020/1173=0.870
[tick-spec] seq=1 slot=0 trace=- start_ms=0.000 gap_ms=0.000 wall_ms=12.316 generated=1409->1413 rounds=1 drafted=3 accepted=3 k=3
[spec-acc] ctx=3597 burst=3/3 cum=1053/1146=0.919
[tick-spec] seq=2 slot=1 trace=- start_ms=12.323 gap_ms=0.007 wall_ms=14.451 generated=1432->1436 rounds=1 drafted=3 accepted=3 k=3
[tick] act=4 int=4 priming=2 ready=0 spec=4 demoted=0 spec_calls=2 spec_ms=26.8 prefill_single_calls=0 prefill_single_tokens=0 prefill_batch_calls=0 prefill_batch_tokens=0 prefill_ms=0.0 decode_ms=0.0
[spec-acc] ctx=3601 burst=2/3 cum=1055/1149=0.918
[tick-spec] seq=1 slot=1 trace=- start_ms=0.000 gap_ms=0.000 wall_ms=12.464 generated=1436->1439 rounds=1 drafted=3 accepted=2 k=3
[spec-acc] ctx=3578 burst=3/3 cum=1023/1176=0.870
[tick-spec] seq=2 slot=0 trace=- start_ms=12.472 gap_ms=0.007 wall_ms=15.455 generated=1413->1417 rounds=1 drafted=3 accepted=3 k=3
[tick] act=4 int=4 priming=2 ready=0 spec=4 demoted=0 spec_calls=2 spec_ms=27.9 prefill_single_calls=0 prefill_single_tokens=0 prefill_batch_calls=0 prefill_batch_tokens=0 prefill_ms=0.0 decode_ms=0.0
[spec-acc] ctx=3582 burst=1/3 cum=1024/1179=0.869
[tick-spec] seq=1 slot=0 trace=- start_ms=0.000 gap_ms=0.000 wall_ms=15.596 generated=1417->1419 rounds=1 drafted=3 accepted=1 k=3
[spec-acc] ctx=3604 burst=3/3 cum=1058/1152=0.918
[tick-spec] seq=2 slot=1 trace=- start_ms=15.604 gap_ms=0.008 wall_ms=31.348 generated=1439->1443 rounds=1 drafted=3 accepted=3 k=3
[tick] act=4 int=4 priming=2 ready=0 spec=4 demoted=0 spec_calls=2 spec_ms=47.0 prefill_single_calls=0 prefill_single_tokens=0 prefill_batch_calls=0 prefill_batch_tokens=0 prefill_ms=0.0 decode_ms=0.0
[spec-acc] ctx=3584 burst=3/3 cum=1027/1182=0.869
[tick-spec] seq=1 slot=0 trace=- start_ms=0.001 gap_ms=0.001 wall_ms=30.969 generated=1419->1423 rounds=1 drafted=3 accepted=3 k=3
[spec-acc] ctx=3608 burst=3/3 cum=1061/1155=0.919
[tick-spec] seq=2 slot=1 trace=- start_ms=30.977 gap_ms=0.008 wall_ms=14.496 generated=1443->1447 rounds=1 drafted=3 accepted=3 k=3
[prime-chunk] phase=mtp-trunk rows=4096 wall_ms=423.441
[prime-yield] count=8 remaining=10 chunks=1 wall_ms=423.441 max_chunk_ms=423.441
[tick-spec] seq=3 slot=3 trace=- start_ms=45.482 gap_ms=0.008 wall_ms=423.505 generated=0->0 rounds=0 drafted=0 accepted=0 k=3
[tick] act=4 int=4 priming=2 ready=0 spec=4 demoted=0 spec_calls=3 spec_ms=469.0 prefill_single_calls=0 prefill_single_tokens=0 prefill_batch_calls=0 prefill_batch_tokens=0 prefill_ms=0.0 decode_ms=0.0
[spec-acc] ctx=3588 burst=3/3 cum=1030/1185=0.869
[tick-spec] seq=1 slot=0 trace=- start_ms=0.001 gap_ms=0.001 wall_ms=14.471 generated=1423->1427 rounds=1 drafted=3 accepted=3 k=3
[spec-acc] ctx=3612 burst=3/3 cum=1064/1158=0.919
[tick-spec] seq=2 slot=1 trace=- start_ms=14.479 gap_ms=0.008 wall_ms=15.534 generated=1447->1451 rounds=1 drafted=3 accepted=3 k=3
[tick] act=4 int=4 priming=2 ready=0 spec=4 demoted=0 spec_calls=2 spec_ms=30.0 prefill_single_calls=0 prefill_single_tokens=0 prefill_batch_calls=0 prefill_batch_tokens=0 prefill_ms=0.0 decode_ms=0.0
[spec-acc] ctx=3616 burst=3/3 cum=1067/1161=0.919
[tick-spec] seq=1 slot=1 trace=- start_ms=0.001 gap_ms=0.001 wall_ms=15.564 generated=1451->1455 rounds=1 drafted=3 accepted=3 k=3
[spec-acc] ctx=3592 burst=3/3 cum=1033/1188=0.870
[tick-spec] seq=2 slot=0 trace=- start_ms=15.572 gap_ms=0.008 wall_ms=13.370 generated=1427->1431 rounds=1 drafted=3 accepted=3 k=3
[tick] act=4 int=4 priming=2 ready=0 spec=4 demoted=0 spec_calls=2 spec_ms=28.9 prefill_single_calls=0 prefill_single_tokens=0 prefill_batch_calls=0 prefill_batch_tokens=0 prefill_ms=0.0 decode_ms=0.0
[spec-acc] ctx=3596 burst=3/3 cum=1036/1191=0.870
[tick-spec] seq=1 slot=0 trace=- start_ms=0.000 gap_ms=0.000 wall_ms=15.542 generated=1431->1435 rounds=1 drafted=3 accepted=3 k=3
[spec-acc] ctx=3620 burst=3/3 cum=1070/1164=0.919
[tick-spec] seq=2 slot=1 trace=- start_ms=15.550 gap_ms=0.007 wall_ms=14.436 generated=1455->1459 rounds=1 drafted=3 accepted=3 k=3
[tick] act=4 int=4 priming=2 ready=0 spec=4 demoted=0 spec_calls=2 spec_ms=30.0 prefill_single_calls=0 prefill_single_tokens=0 prefill_batch_calls=0 prefill_batch_tokens=0 prefill_ms=0.0 decode_ms=0.0
[spec-acc] ctx=3600 burst=2/3 cum=1038/1194=0.869
[tick-spec] seq=1 slot=0 trace=- start_ms=0.000 gap_ms=0.000 wall_ms=15.622 generated=1435->1438 rounds=1 drafted=3 accepted=2 k=3
[spec-acc] ctx=3624 burst=3/3 cum=1073/1167=0.919
[tick-spec] seq=2 slot=1 trace=- start_ms=15.630 gap_ms=0.007 wall_ms=15.513 generated=1459->1463 rounds=1 drafted=3 accepted=3 k=3
[tick] act=4 int=4 priming=2 ready=0 spec=4 demoted=0 spec_calls=2 spec_ms=31.2 prefill_single_calls=0 prefill_single_tokens=0 prefill_batch_calls=0 prefill_batch_tokens=0 prefill_ms=0.0 decode_ms=0.0
[spec-acc] ctx=3603 burst=3/3 cum=1041/1197=0.870
[tick-spec] seq=1 slot=0 trace=- start_ms=0.000 gap_ms=0.000 wall_ms=31.671 generated=1438->1442 rounds=1 drafted=3 accepted=3 k=3
[spec-acc] ctx=3628 burst=3/3 cum=1076/1170=0.920
[tick-spec] seq=2 slot=1 trace=- start_ms=31.679 gap_ms=0.008 wall_ms=29.759 generated=1463->1467 rounds=1 drafted=3 accepted=3 k=3
[tick] act=4 int=4 priming=2 ready=0 spec=4 demoted=0 spec_calls=2 spec_ms=61.4 prefill_single_calls=0 prefill_single_tokens=0 prefill_batch_calls=0 prefill_batch_tokens=0 prefill_ms=0.0 decode_ms=0.0
[spec-acc] ctx=3632 burst=3/3 cum=1079/1173=0.920
[tick-spec] seq=1 slot=1 trace=- start_ms=0.001 gap_ms=0.001 wall_ms=13.406 generated=1467->1471 rounds=1 drafted=3 accepted=3 k=3
[spec-acc] ctx=3607 burst=1/3 cum=1042/1200=0.868
[tick-spec] seq=2 slot=0 trace=- start_ms=13.414 gap_ms=0.008 wall_ms=14.494 generated=1442->1444 rounds=1 drafted=3 accepted=1 k=3
[tick] act=4 int=4 priming=2 ready=0 spec=4 demoted=0 spec_calls=2 spec_ms=27.9 prefill_single_calls=0 prefill_single_tokens=0 prefill_batch_calls=0 prefill_batch_tokens=0 prefill_ms=0.0 decode_ms=0.0
[spec-acc] ctx=3609 burst=1/3 cum=1043/1203=0.867
[tick-spec] seq=1 slot=0 trace=- start_ms=0.000 gap_ms=0.000 wall_ms=14.531 generated=1444->1446 rounds=1 drafted=3 accepted=1 k=3
[spec-acc] ctx=3636 burst=3/3 cum=1082/1176=0.920
[tick-spec] seq=2 slot=1 trace=- start_ms=14.539 gap_ms=0.007 wall_ms=15.554 generated=1471->1475 rounds=1 drafted=3 accepted=3 k=3
[tick] act=4 int=4 priming=2 ready=0 spec=4 demoted=0 spec_calls=2 spec_ms=30.1 prefill_single_calls=0 prefill_single_tokens=0 prefill_batch_calls=0 prefill_batch_tokens=0 prefill_ms=0.0 decode_ms=0.0
[spec-acc] ctx=3611 burst=3/3 cum=1046/1206=0.867
[tick-spec] seq=1 slot=0 trace=- start_ms=0.001 gap_ms=0.001 wall_ms=14.426 generated=1446->1450 rounds=1 drafted=3 accepted=3 k=3
[spec-acc] ctx=3640 burst=3/3 cum=1085/1179=0.920
[tick-spec] seq=2 slot=1 trace=- start_ms=14.434 gap_ms=0.008 wall_ms=15.541 generated=1475->1479 rounds=1 drafted=3 accepted=3 k=3
[tick] act=4 int=4 priming=2 ready=0 spec=4 demoted=0 spec_calls=2 spec_ms=30.0 prefill_single_calls=0 prefill_single_tokens=0 prefill_batch_calls=0 prefill_batch_tokens=0 prefill_ms=0.0 decode_ms=0.0
[spec-acc] ctx=3615 burst=3/3 cum=1049/1209=0.868
[tick-spec] seq=1 slot=0 trace=- start_ms=0.000 gap_ms=0.000 wall_ms=15.556 generated=1450->1454 rounds=1 drafted=3 accepted=3 k=3
[spec-acc] ctx=3644 burst=3/3 cum=1088/1182=0.920
[tick-spec] seq=2 slot=1 trace=- start_ms=15.574 gap_ms=0.017 wall_ms=15.489 generated=1479->1483 rounds=1 drafted=3 accepted=3 k=3
[tick] act=4 int=4 priming=2 ready=0 spec=4 demoted=0 spec_calls=2 spec_ms=31.1 prefill_single_calls=0 prefill_single_tokens=0 prefill_batch_calls=0 prefill_batch_tokens=0 prefill_ms=0.0 decode_ms=0.0
[spec-acc] ctx=3648 burst=3/3 cum=1091/1185=0.921
[tick-spec] seq=1 slot=1 trace=- start_ms=0.001 gap_ms=0.001 wall_ms=15.506 generated=1483->1487 rounds=1 drafted=3 accepted=3 k=3
[spec-acc] ctx=3619 burst=1/3 cum=1050/1212=0.866
[tick-spec] seq=2 slot=0 trace=- start_ms=15.514 gap_ms=0.008 wall_ms=14.497 generated=1454->1456 rounds=1 drafted=3 accepted=1 k=3
[tick] act=4 int=4 priming=2 ready=0 spec=4 demoted=0 spec_calls=2 spec_ms=30.0 prefill_single_calls=0 prefill_single_tokens=0 prefill_batch_calls=0 prefill_batch_tokens=0 prefill_ms=0.0 decode_ms=0.0
[spec-acc] ctx=3621 burst=3/3 cum=1053/1215=0.867
[tick-spec] seq=1 slot=0 trace=- start_ms=0.000 gap_ms=0.000 wall_ms=15.510 generated=1456->1460 rounds=1 drafted=3 accepted=3 k=3
[spec-acc] ctx=3652 burst=3/3 cum=1094/1188=0.921
[tick-spec] seq=2 slot=1 trace=- start_ms=15.517 gap_ms=0.007 wall_ms=15.490 generated=1487->1491 rounds=1 drafted=3 accepted=3 k=3
[tick] act=4 int=4 priming=2 ready=0 spec=4 demoted=0 spec_calls=2 spec_ms=31.0 prefill_single_calls=0 prefill_single_tokens=0 prefill_batch_calls=0 prefill_batch_tokens=0 prefill_ms=0.0 decode_ms=0.0
[spec-acc] ctx=3625 burst=1/3 cum=1054/1218=0.865
[tick-spec] seq=1 slot=0 trace=- start_ms=0.000 gap_ms=0.000 wall_ms=14.524 generated=1460->1462 rounds=1 drafted=3 accepted=1 k=3
[spec-acc] ctx=3656 burst=3/3 cum=1097/1191=0.921
[tick-spec] seq=2 slot=1 trace=- start_ms=14.532 gap_ms=0.008 wall_ms=13.425 generated=1491->1495 rounds=1 drafted=3 accepted=3 k=3
[prime-chunk] phase=mtp-trunk rows=4096 wall_ms=594.717
[prime-yield] count=21 remaining=48 chunks=1 wall_ms=594.717 max_chunk_ms=594.717
[tick-spec] seq=3 slot=2 trace=- start_ms=27.965 gap_ms=0.009 wall_ms=594.912 generated=0->0 rounds=0 drafted=0 accepted=0 k=3
[tick] act=4 int=4 priming=2 ready=0 spec=4 demoted=0 spec_calls=3 spec_ms=622.9 prefill_single_calls=0 prefill_single_tokens=0 prefill_batch_calls=0 prefill_batch_tokens=0 prefill_ms=0.0 decode_ms=0.0
[spec-acc] ctx=3627 burst=3/3 cum=1057/1221=0.866
[tick-spec] seq=1 slot=0 trace=- start_ms=0.001 gap_ms=0.001 wall_ms=14.480 generated=1462->1466 rounds=1 drafted=3 accepted=3 k=3
[spec-acc] ctx=3660 burst=3/3 cum=1100/1194=0.921
[tick-spec] seq=2 slot=1 trace=- start_ms=14.489 gap_ms=0.008 wall_ms=15.513 generated=1495->1499 rounds=1 drafted=3 accepted=3 k=3
[tick] act=4 int=4 priming=2 ready=0 spec=4 demoted=0 spec_calls=2 spec_ms=30.0 prefill_single_calls=0 prefill_single_tokens=0 prefill_batch_calls=0 prefill_batch_tokens=0 prefill_ms=0.0 decode_ms=0.0
[spec-acc] ctx=3664 burst=3/3 cum=1103/1197=0.921
[tick-spec] seq=1 slot=1 trace=- start_ms=0.001 gap_ms=0.001 wall_ms=15.521 generated=1499->1503 rounds=1 drafted=3 accepted=3 k=3
[spec-acc] ctx=3631 burst=3/3 cum=1060/1224=0.866
[tick-spec] seq=2 slot=0 trace=- start_ms=15.529 gap_ms=0.008 wall_ms=26.787 generated=1466->1470 rounds=1 drafted=3 accepted=3 k=3
[tick] act=4 int=4 priming=2 ready=0 spec=4 demoted=0 spec_calls=2 spec_ms=42.3 prefill_single_calls=0 prefill_single_tokens=0 prefill_batch_calls=0 prefill_batch_tokens=0 prefill_ms=0.0 decode_ms=0.0
[spec-acc] ctx=3635 burst=3/3 cum=1063/1227=0.866
[tick-spec] seq=1 slot=0 trace=- start_ms=0.001 gap_ms=0.001 wall_ms=29.397 generated=1470->1474 rounds=1 drafted=3 accepted=3 k=3
[spec-acc] ctx=3668 burst=3/3 cum=1106/1200=0.922
[tick-spec] seq=2 slot=1 trace=- start_ms=29.406 gap_ms=0.008 wall_ms=15.503 generated=1503->1507 rounds=1 drafted=3 accepted=3 k=3
[tick] act=4 int=4 priming=2 ready=0 spec=4 demoted=0 spec_calls=2 spec_ms=44.9 prefill_single_calls=0 prefill_single_tokens=0 prefill_batch_calls=0 prefill_batch_tokens=0 prefill_ms=0.0 decode_ms=0.0
[spec-acc] ctx=3639 burst=3/3 cum=1066/1230=0.867
[tick-spec] seq=1 slot=0 trace=- start_ms=0.001 gap_ms=0.001 wall_ms=15.524 generated=1474->1478 rounds=1 drafted=3 accepted=3 k=3
[spec-acc] ctx=3672 burst=3/3 cum=1109/1203=0.922
[tick-spec] seq=2 slot=1 trace=- start_ms=15.533 gap_ms=0.008 wall_ms=14.464 generated=1507->1511 rounds=1 drafted=3 accepted=3 k=3
[tick] act=4 int=4 priming=2 ready=0 spec=4 demoted=0 spec_calls=2 spec_ms=30.0 prefill_single_calls=0 prefill_single_tokens=0 prefill_batch_calls=0 prefill_batch_tokens=0 prefill_ms=0.0 decode_ms=0.0
[spec-acc] ctx=3643 burst=2/3 cum=1068/1233=0.866
[tick-spec] seq=1 slot=0 trace=- start_ms=0.001 gap_ms=0.001 wall_ms=15.598 generated=1478->1481 rounds=1 drafted=3 accepted=2 k=3
[spec-acc] ctx=3676 burst=2/3 cum=1111/1206=0.921
[tick-spec] seq=2 slot=1 trace=- start_ms=15.606 gap_ms=0.008 wall_ms=13.489 generated=1511->1514 rounds=1 drafted=3 accepted=2 k=3
[tick] act=4 int=4 priming=2 ready=0 spec=4 demoted=0 spec_calls=2 spec_ms=29.1 prefill_single_calls=0 prefill_single_tokens=0 prefill_batch_calls=0 prefill_batch_tokens=0 prefill_ms=0.0 decode_ms=0.0
[spec-acc] ctx=3679 burst=3/3 cum=1114/1209=0.921
[tick-spec] seq=1 slot=1 trace=- start_ms=0.000 gap_ms=0.000 wall_ms=15.535 generated=1514->1518 rounds=1 drafted=3 accepted=3 k=3
[spec-acc] ctx=3646 burst=3/3 cum=1071/1236=0.867
[tick-spec] seq=2 slot=0 trace=- start_ms=15.543 gap_ms=0.007 wall_ms=14.426 generated=1481->1485 rounds=1 drafted=3 accepted=3 k=3
[tick] act=4 int=4 priming=2 ready=0 spec=4 demoted=0 spec_calls=2 spec_ms=30.0 prefill_single_calls=0 prefill_single_tokens=0 prefill_batch_calls=0 prefill_batch_tokens=0 prefill_ms=0.0 decode_ms=0.0
[spec-acc] ctx=3650 burst=3/3 cum=1074/1239=0.867
[tick-spec] seq=1 slot=0 trace=- start_ms=0.000 gap_ms=0.000 wall_ms=14.514 generated=1485->1489 rounds=1 drafted=3 accepted=3 k=3
[spec-acc] ctx=3683 burst=3/3 cum=1117/1212=0.922
[tick-spec] seq=2 slot=1 trace=- start_ms=14.522 gap_ms=0.007 wall_ms=14.449 generated=1518->1522 rounds=1 drafted=3 accepted=3 k=3
[tick] act=4 int=4 priming=2 ready=0 spec=4 demoted=0 spec_calls=2 spec_ms=29.0 prefill_single_calls=0 prefill_single_tokens=0 prefill_batch_calls=0 prefill_batch_tokens=0 prefill_ms=0.0 decode_ms=0.0
[spec-acc] ctx=3654 burst=3/3 cum=1077/1242=0.867
[tick-spec] seq=1 slot=0 trace=- start_ms=0.000 gap_ms=0.000 wall_ms=14.424 generated=1489->1493 rounds=1 drafted=3 accepted=3 k=3
[spec-acc] ctx=3687 burst=3/3 cum=1120/1215=0.922
[tick-spec] seq=2 slot=1 trace=- start_ms=14.433 gap_ms=0.008 wall_ms=15.634 generated=1522->1526 rounds=1 drafted=3 accepted=3 k=3
[tick] act=4 int=4 priming=2 ready=0 spec=4 demoted=0 spec_calls=2 spec_ms=30.1 prefill_single_calls=0 prefill_single_tokens=0 prefill_batch_calls=0 prefill_batch_tokens=0 prefill_ms=0.0 decode_ms=0.0
[spec-acc] ctx=3658 burst=3/3 cum=1080/1245=0.867
[tick-spec] seq=1 slot=0 trace=- start_ms=0.001 gap_ms=0.001 wall_ms=12.384 generated=1493->1497 rounds=1 drafted=3 accepted=3 k=3
[spec-acc] ctx=3691 burst=2/3 cum=1122/1218=0.921
[tick-spec] seq=2 slot=1 trace=- start_ms=12.392 gap_ms=0.008 wall_ms=14.543 generated=1526->1529 rounds=1 drafted=3 accepted=2 k=3
[tick] act=4 int=4 priming=2 ready=0 spec=4 demoted=0 spec_calls=2 spec_ms=26.9 prefill_single_calls=0 prefill_single_tokens=0 prefill_batch_calls=0 prefill_batch_tokens=0 prefill_ms=0.0 decode_ms=0.0
[spec-acc] ctx=3694 burst=3/3 cum=1125/1221=0.921
[tick-spec] seq=1 slot=1 trace=- start_ms=0.000 gap_ms=0.000 wall_ms=13.414 generated=1529->1533 rounds=1 drafted=3 accepted=3 k=3
[spec-acc] ctx=3662 burst=1/3 cum=1081/1248=0.866
[tick-spec] seq=2 slot=0 trace=- start_ms=13.422 gap_ms=0.007 wall_ms=14.592 generated=1497->1499 rounds=1 drafted=3 accepted=1 k=3
[tick] act=4 int=4 priming=2 ready=0 spec=4 demoted=0 spec_calls=2 spec_ms=28.0 prefill_single_calls=0 prefill_single_tokens=0 prefill_batch_calls=0 prefill_batch_tokens=0 prefill_ms=0.0 decode_ms=0.0
[spec-acc] ctx=3664 burst=3/3 cum=1084/1251=0.867
[tick-spec] seq=1 slot=0 trace=- start_ms=0.000 gap_ms=0.000 wall_ms=14.456 generated=1499->1503 rounds=1 drafted=3 accepted=3 k=3
[spec-acc] ctx=3698 burst=3/3 cum=1128/1224=0.922
[tick-spec] seq=2 slot=1 trace=- start_ms=14.464 gap_ms=0.007 wall_ms=15.506 generated=1533->1537 rounds=1 drafted=3 accepted=3 k=3
[tick] act=4 int=4 priming=2 ready=0 spec=4 demoted=0 spec_calls=2 spec_ms=30.0 prefill_single_calls=0 prefill_single_tokens=0 prefill_batch_calls=0 prefill_batch_tokens=0 prefill_ms=0.0 decode_ms=0.0
[spec-acc] ctx=3668 burst=1/3 cum=1085/1254=0.865
[tick-spec] seq=1 slot=0 trace=- start_ms=0.000 gap_ms=0.000 wall_ms=25.643 generated=1503->1505 rounds=1 drafted=3 accepted=1 k=3
[spec-acc] ctx=3702 burst=3/3 cum=1131/1227=0.922
[tick-spec] seq=2 slot=1 trace=- start_ms=25.651 gap_ms=0.007 wall_ms=29.149 generated=1537->1541 rounds=1 drafted=3 accepted=3 k=3
[tick] act=4 int=4 priming=2 ready=0 spec=4 demoted=0 spec_calls=2 spec_ms=54.8 prefill_single_calls=0 prefill_single_tokens=0 prefill_batch_calls=0 prefill_batch_tokens=0 prefill_ms=0.0 decode_ms=0.0
[spec-acc] ctx=3670 burst=3/3 cum=1088/1257=0.866
[tick-spec] seq=1 slot=0 trace=- start_ms=0.001 gap_ms=0.001 wall_ms=13.397 generated=1505->1509 rounds=1 drafted=3 accepted=3 k=3
[spec-acc] ctx=3706 burst=3/3 cum=1134/1230=0.922
[tick-spec] seq=2 slot=1 trace=- start_ms=13.406 gap_ms=0.008 wall_ms=14.426 generated=1541->1545 rounds=1 drafted=3 accepted=3 k=3
[tick] act=4 int=4 priming=2 ready=0 spec=4 demoted=0 spec_calls=2 spec_ms=27.8 prefill_single_calls=0 prefill_single_tokens=0 prefill_batch_calls=0 prefill_batch_tokens=0 prefill_ms=0.0 decode_ms=0.0
[spec-acc] ctx=3710 burst=2/3 cum=1136/1233=0.921
[tick-spec] seq=1 slot=1 trace=- start_ms=0.000 gap_ms=0.000 wall_ms=13.503 generated=1545->1548 rounds=1 drafted=3 accepted=2 k=3
[spec-acc] ctx=3674 burst=3/3 cum=1091/1260=0.866
[tick-spec] seq=2 slot=0 trace=- start_ms=13.511 gap_ms=0.007 wall_ms=14.506 generated=1509->1513 rounds=1 drafted=3 accepted=3 k=3
[tick] act=4 int=4 priming=2 ready=0 spec=4 demoted=0 spec_calls=2 spec_ms=28.0 prefill_single_calls=0 prefill_single_tokens=0 prefill_batch_calls=0 prefill_batch_tokens=0 prefill_ms=0.0 decode_ms=0.0
[spec-acc] ctx=3678 burst=3/3 cum=1094/1263=0.866
[tick-spec] seq=1 slot=0 trace=- start_ms=0.000 gap_ms=0.000 wall_ms=13.386 generated=1513->1517 rounds=1 drafted=3 accepted=3 k=3
[spec-acc] ctx=3713 burst=3/3 cum=1139/1236=0.922
[tick-spec] seq=2 slot=1 trace=- start_ms=13.394 gap_ms=0.007 wall_ms=14.477 generated=1548->1552 rounds=1 drafted=3 accepted=3 k=3
[tick] act=4 int=4 priming=2 ready=0 spec=4 demoted=0 spec_calls=2 spec_ms=27.9 prefill_single_calls=0 prefill_single_tokens=0 prefill_batch_calls=0 prefill_batch_tokens=0 prefill_ms=0.0 decode_ms=0.0
[spec-acc] ctx=3682 burst=3/3 cum=1097/1266=0.867
[tick-spec] seq=1 slot=0 trace=- start_ms=0.001 gap_ms=0.001 wall_ms=13.399 generated=1517->1521 rounds=1 drafted=3 accepted=3 k=3
[spec-acc] ctx=3717 burst=3/3 cum=1142/1239=0.922
[tick-spec] seq=2 slot=1 trace=- start_ms=13.407 gap_ms=0.008 wall_ms=14.450 generated=1552->1556 rounds=1 drafted=3 accepted=3 k=3
[tick] act=4 int=4 priming=2 ready=0 spec=4 demoted=0 spec_calls=2 spec_ms=27.9 prefill_single_calls=0 prefill_single_tokens=0 prefill_batch_calls=0 prefill_batch_tokens=0 prefill_ms=0.0 decode_ms=0.0
[spec-acc] ctx=3686 burst=2/3 cum=1099/1269=0.866
[tick-spec] seq=1 slot=0 trace=- start_ms=0.000 gap_ms=0.000 wall_ms=14.520 generated=1521->1524 rounds=1 drafted=3 accepted=2 k=3
[spec-acc] ctx=3721 burst=1/3 cum=1143/1242=0.920
[tick-spec] seq=2 slot=1 trace=- start_ms=14.527 gap_ms=0.007 wall_ms=13.470 generated=1556->1558 rounds=1 drafted=3 accepted=1 k=3
[prime-chunk] phase=mtp-trunk rows=47 wall_ms=60.315
[prime-yield] count=9 remaining=9 chunks=1 wall_ms=60.315 max_chunk_ms=60.315
[tick-spec] seq=3 slot=3 trace=- start_ms=28.006 gap_ms=0.009 wall_ms=60.377 generated=0->0 rounds=0 drafted=0 accepted=0 k=3
[tick] act=4 int=4 priming=2 ready=0 spec=4 demoted=0 spec_calls=3 spec_ms=88.4 prefill_single_calls=0 prefill_single_tokens=0 prefill_batch_calls=0 prefill_batch_tokens=0 prefill_ms=0.0 decode_ms=0.0
[spec-acc] ctx=3723 burst=3/3 cum=1146/1245=0.920
[tick-spec] seq=1 slot=1 trace=- start_ms=0.001 gap_ms=0.001 wall_ms=15.511 generated=1558->1562 rounds=1 drafted=3 accepted=3 k=3
[spec-acc] ctx=3689 burst=3/3 cum=1102/1272=0.866
[tick-spec] seq=2 slot=0 trace=- start_ms=15.520 gap_ms=0.008 wall_ms=15.538 generated=1524->1528 rounds=1 drafted=3 accepted=3 k=3
[prime-chunk] phase=mtp-trunk rows=4096 wall_ms=608.298
[prime-yield] count=22 remaining=47 chunks=1 wall_ms=608.298 max_chunk_ms=608.298
[tick-spec] seq=3 slot=2 trace=- start_ms=31.066 gap_ms=0.008 wall_ms=608.503 generated=0->0 rounds=0 drafted=0 accepted=0 k=3
[tick] act=4 int=4 priming=2 ready=0 spec=4 demoted=0 spec_calls=3 spec_ms=639.6 prefill_single_calls=0 prefill_single_tokens=0 prefill_batch_calls=0 prefill_batch_tokens=0 prefill_ms=0.0 decode_ms=0.0
[spec-acc] ctx=3693 burst=3/3 cum=1105/1275=0.867
[tick-spec] seq=1 slot=0 trace=- start_ms=0.001 gap_ms=0.001 wall_ms=15.555 generated=1528->1532 rounds=1 drafted=3 accepted=3 k=3
[spec-acc] ctx=3727 burst=3/3 cum=1149/1248=0.921
[tick-spec] seq=2 slot=1 trace=- start_ms=15.564 gap_ms=0.008 wall_ms=32.955 generated=1562->1566 rounds=1 drafted=3 accepted=3 k=3
[tick] act=4 int=4 priming=2 ready=0 spec=4 demoted=0 spec_calls=2 spec_ms=48.5 prefill_single_calls=0 prefill_single_tokens=0 prefill_batch_calls=0 prefill_batch_tokens=0 prefill_ms=0.0 decode_ms=0.0
[spec-acc] ctx=3697 burst=3/3 cum=1108/1278=0.867
[tick-spec] seq=1 slot=0 trace=- start_ms=0.001 gap_ms=0.001 wall_ms=27.316 generated=1532->1536 rounds=1 drafted=3 accepted=3 k=3
[spec-acc] ctx=3731 burst=3/3 cum=1152/1251=0.921
[tick-spec] seq=2 slot=1 trace=- start_ms=27.325 gap_ms=0.008 wall_ms=13.406 generated=1566->1570 rounds=1 drafted=3 accepted=3 k=3
[tick] act=4 int=4 priming=2 ready=0 spec=4 demoted=0 spec_calls=2 spec_ms=40.7 prefill_single_calls=0 prefill_single_tokens=0 prefill_batch_calls=0 prefill_batch_tokens=0 prefill_ms=0.0 decode_ms=0.0
[spec-acc] ctx=3701 burst=3/3 cum=1111/1281=0.867
[tick-spec] seq=1 slot=0 trace=- start_ms=0.001 gap_ms=0.001 wall_ms=14.458 generated=1536->1540 rounds=1 drafted=3 accepted=3 k=3
[spec-acc] ctx=3735 burst=3/3 cum=1155/1254=0.921
[tick-spec] seq=2 slot=1 trace=- start_ms=14.466 gap_ms=0.008 wall_ms=15.504 generated=1570->1574 rounds=1 drafted=3 accepted=3 k=3
[tick] act=4 int=4 priming=2 ready=0 spec=4 demoted=0 spec_calls=2 spec_ms=30.0 prefill_single_calls=0 prefill_single_tokens=0 prefill_batch_calls=0 prefill_batch_tokens=0 prefill_ms=0.0 decode_ms=0.0
[spec-acc] ctx=3739 burst=3/3 cum=1158/1257=0.921
[tick-spec] seq=1 slot=1 trace=- start_ms=0.000 gap_ms=0.000 wall_ms=14.416 generated=1574->1578 rounds=1 drafted=3 accepted=3 k=3
[spec-acc] ctx=3705 burst=1/3 cum=1112/1284=0.866
[tick-spec] seq=2 slot=0 trace=- start_ms=14.437 gap_ms=0.020 wall_ms=13.478 generated=1540->1542 rounds=1 drafted=3 accepted=1 k=3
[tick] act=4 int=4 priming=2 ready=0 spec=4 demoted=0 spec_calls=2 spec_ms=27.9 prefill_single_calls=0 prefill_single_tokens=0 prefill_batch_calls=0 prefill_batch_tokens=0 prefill_ms=0.0 decode_ms=0.0
[spec-acc] ctx=3707 burst=3/3 cum=1115/1287=0.866
[tick-spec] seq=1 slot=0 trace=- start_ms=0.000 gap_ms=0.000 wall_ms=15.487 generated=1542->1546 rounds=1 drafted=3 accepted=3 k=3
[spec-acc] ctx=3743 burst=3/3 cum=1161/1260=0.921
[tick-spec] seq=2 slot=1 trace=- start_ms=15.495 gap_ms=0.008 wall_ms=14.433 generated=1578->1582 rounds=1 drafted=3 accepted=3 k=3
[tick] act=4 int=4 priming=2 ready=0 spec=4 demoted=0 spec_calls=2 spec_ms=29.9 prefill_single_calls=0 prefill_single_tokens=0 prefill_batch_calls=0 prefill_batch_tokens=0 prefill_ms=0.0 decode_ms=0.0
[spec-acc] ctx=3711 burst=3/3 cum=1118/1290=0.867
[tick-spec] seq=1 slot=0 trace=- start_ms=0.000 gap_ms=0.000 wall_ms=15.510 generated=1546->1550 rounds=1 drafted=3 accepted=3 k=3
[spec-acc] ctx=3747 burst=3/3 cum=1164/1263=0.922
[tick-spec] seq=2 slot=1 trace=- start_ms=15.518 gap_ms=0.007 wall_ms=14.414 generated=1582->1586 rounds=1 drafted=3 accepted=3 k=3
[tick] act=4 int=4 priming=2 ready=0 spec=4 demoted=0 spec_calls=2 spec_ms=29.9 prefill_single_calls=0 prefill_single_tokens=0 prefill_batch_calls=0 prefill_batch_tokens=0 prefill_ms=0.0 decode_ms=0.0
[spec-acc] ctx=3715 burst=0/3 cum=1118/1293=0.865
[tick-spec] seq=1 slot=0 trace=- start_ms=0.000 gap_ms=0.000 wall_ms=13.438 generated=1550->1551 rounds=1 drafted=3 accepted=0 k=3
[spec-acc] ctx=3751 burst=1/3 cum=1165/1266=0.920
[tick-spec] seq=2 slot=1 trace=- start_ms=13.445 gap_ms=0.007 wall_ms=14.553 generated=1586->1588 rounds=1 drafted=3 accepted=1 k=3
[tick] act=4 int=4 priming=2 ready=0 spec=4 demoted=0 spec_calls=2 spec_ms=28.0 prefill_single_calls=0 prefill_single_tokens=0 prefill_batch_calls=0 prefill_batch_tokens=0 prefill_ms=0.0 decode_ms=0.0
[spec-acc] ctx=3753 burst=3/3 cum=1168/1269=0.920
[tick-spec] seq=1 slot=1 trace=- start_ms=0.000 gap_ms=0.000 wall_ms=14.424 generated=1588->1592 rounds=1 drafted=3 accepted=3 k=3
[spec-acc] ctx=3716 burst=3/3 cum=1121/1296=0.865
[tick-spec] seq=2 slot=0 trace=- start_ms=14.432 gap_ms=0.007 wall_ms=14.415 generated=1551->1555 rounds=1 drafted=3 accepted=3 k=3
[tick] act=4 int=4 priming=2 ready=0 spec=4 demoted=0 spec_calls=2 spec_ms=28.9 prefill_single_calls=0 prefill_single_tokens=0 prefill_batch_calls=0 prefill_batch_tokens=0 prefill_ms=0.0 decode_ms=0.0
[spec-acc] ctx=3720 burst=3/3 cum=1124/1299=0.865
[tick-spec] seq=1 slot=0 trace=- start_ms=0.000 gap_ms=0.000 wall_ms=15.507 generated=1555->1559 rounds=1 drafted=3 accepted=3 k=3
[spec-acc] ctx=3757 burst=3/3 cum=1171/1272=0.921
[tick-spec] seq=2 slot=1 trace=- start_ms=15.516 gap_ms=0.008 wall_ms=15.513 generated=1592->1596 rounds=1 drafted=3 accepted=3 k=3
[tick] act=4 int=4 priming=2 ready=0 spec=4 demoted=0 spec_calls=2 spec_ms=31.0 prefill_single_calls=0 prefill_single_tokens=0 prefill_batch_calls=0 prefill_batch_tokens=0 prefill_ms=0.0 decode_ms=0.0
[spec-acc] ctx=3724 burst=3/3 cum=1127/1302=0.866
[tick-spec] seq=1 slot=0 trace=- start_ms=0.000 gap_ms=0.000 wall_ms=13.389 generated=1559->1563 rounds=1 drafted=3 accepted=3 k=3
[spec-acc] ctx=3761 burst=3/3 cum=1174/1275=0.921
[tick-spec] seq=2 slot=1 trace=- start_ms=13.397 gap_ms=0.007 wall_ms=13.387 generated=1596->1600 rounds=1 drafted=3 accepted=3 k=3
[tick] act=4 int=4 priming=2 ready=0 spec=4 demoted=0 spec_calls=2 spec_ms=26.8 prefill_single_calls=0 prefill_single_tokens=0 prefill_batch_calls=0 prefill_batch_tokens=0 prefill_ms=0.0 decode_ms=0.0
[spec-acc] ctx=3728 burst=3/3 cum=1130/1305=0.866
[tick-spec] seq=1 slot=0 trace=- start_ms=0.000 gap_ms=0.000 wall_ms=28.205 generated=1563->1567 rounds=1 drafted=3 accepted=3 k=3
[spec-acc] ctx=3765 burst=3/3 cum=1177/1278=0.921
[tick-spec] seq=2 slot=1 trace=- start_ms=28.213 gap_ms=0.007 wall_ms=27.376 generated=1600->1604 rounds=1 drafted=3 accepted=3 k=3
[tick] act=4 int=4 priming=2 ready=0 spec=4 demoted=0 spec_calls=2 spec_ms=55.6 prefill_single_calls=0 prefill_single_tokens=0 prefill_batch_calls=0 prefill_batch_tokens=0 prefill_ms=0.0 decode_ms=0.0
[spec-acc] ctx=3769 burst=3/3 cum=1180/1281=0.921
[tick-spec] seq=1 slot=1 trace=- start_ms=0.001 gap_ms=0.001 wall_ms=15.530 generated=1604->1608 rounds=1 drafted=3 accepted=3 k=3
[spec-acc] ctx=3732 burst=3/3 cum=1133/1308=0.866
[tick-spec] seq=2 slot=0 trace=- start_ms=15.539 gap_ms=0.008 wall_ms=14.416 generated=1567->1571 rounds=1 drafted=3 accepted=3 k=3
[tick] act=4 int=4 priming=2 ready=0 spec=4 demoted=0 spec_calls=2 spec_ms=30.0 prefill_single_calls=0 prefill_single_tokens=0 prefill_batch_calls=0 prefill_batch_tokens=0 prefill_ms=0.0 decode_ms=0.0
[spec-acc] ctx=3736 burst=3/3 cum=1136/1311=0.867
[tick-spec] seq=1 slot=0 trace=- start_ms=0.000 gap_ms=0.000 wall_ms=13.409 generated=1571->1575 rounds=1 drafted=3 accepted=3 k=3
[spec-acc] ctx=3773 burst=3/3 cum=1183/1284=0.921
[tick-spec] seq=2 slot=1 trace=- start_ms=13.417 gap_ms=0.007 wall_ms=14.444 generated=1608->1612 rounds=1 drafted=3 accepted=3 k=3
[tick] act=4 int=4 priming=2 ready=0 spec=4 demoted=0 spec_calls=2 spec_ms=27.9 prefill_single_calls=0 prefill_single_tokens=0 prefill_batch_calls=0 prefill_batch_tokens=0 prefill_ms=0.0 decode_ms=0.0
[spec-acc] ctx=3740 burst=3/3 cum=1139/1314=0.867
[tick-spec] seq=1 slot=0 trace=- start_ms=0.001 gap_ms=0.001 wall_ms=15.489 generated=1575->1579 rounds=1 drafted=3 accepted=3 k=3
[spec-acc] ctx=3777 burst=3/3 cum=1186/1287=0.922
[tick-spec] seq=2 slot=1 trace=- start_ms=15.497 gap_ms=0.008 wall_ms=14.404 generated=1612->1616 rounds=1 drafted=3 accepted=3 k=3
[tick] act=4 int=4 priming=2 ready=0 spec=4 demoted=0 spec_calls=2 spec_ms=29.9 prefill_single_calls=0 prefill_single_tokens=0 prefill_batch_calls=0 prefill_batch_tokens=0 prefill_ms=0.0 decode_ms=0.0
[spec-acc] ctx=3744 burst=3/3 cum=1142/1317=0.867
[tick-spec] seq=1 slot=0 trace=- start_ms=0.000 gap_ms=0.000 wall_ms=13.410 generated=1579->1583 rounds=1 drafted=3 accepted=3 k=3
[spec-acc] ctx=3781 burst=2/3 cum=1188/1290=0.921
[tick-spec] seq=2 slot=1 trace=- start_ms=13.418 gap_ms=0.007 wall_ms=14.535 generated=1616->1619 rounds=1 drafted=3 accepted=2 k=3
[tick] act=4 int=4 priming=2 ready=0 spec=4 demoted=0 spec_calls=2 spec_ms=28.0 prefill_single_calls=0 prefill_single_tokens=0 prefill_batch_calls=0 prefill_batch_tokens=0 prefill_ms=0.0 decode_ms=0.0
[spec-acc] ctx=3784 burst=3/3 cum=1191/1293=0.921
[tick-spec] seq=1 slot=1 trace=- start_ms=0.000 gap_ms=0.000 wall_ms=13.394 generated=1619->1623 rounds=1 drafted=3 accepted=3 k=3
[spec-acc] ctx=3748 burst=1/3 cum=1143/1320=0.866
[tick-spec] seq=2 slot=0 trace=- start_ms=13.402 gap_ms=0.008 wall_ms=15.539 generated=1583->1585 rounds=1 drafted=3 accepted=1 k=3
[tick] act=4 int=4 priming=2 ready=0 spec=4 demoted=0 spec_calls=2 spec_ms=28.9 prefill_single_calls=0 prefill_single_tokens=0 prefill_batch_calls=0 prefill_batch_tokens=0 prefill_ms=0.0 decode_ms=0.0
[spec-acc] ctx=3750 burst=3/3 cum=1146/1323=0.866
[tick-spec] seq=1 slot=0 trace=- start_ms=0.001 gap_ms=0.001 wall_ms=13.411 generated=1585->1589 rounds=1 drafted=3 accepted=3 k=3
[spec-acc] ctx=3788 burst=3/3 cum=1194/1296=0.921
[tick-spec] seq=2 slot=1 trace=- start_ms=13.419 gap_ms=0.008 wall_ms=15.404 generated=1623->1627 rounds=1 drafted=3 accepted=3 k=3
[tick] act=4 int=4 priming=2 ready=0 spec=4 demoted=0 spec_calls=2 spec_ms=28.8 prefill_single_calls=0 prefill_single_tokens=0 prefill_batch_calls=0 prefill_batch_tokens=0 prefill_ms=0.0 decode_ms=0.0
[spec-acc] ctx=3754 burst=1/3 cum=1147/1326=0.865
[tick-spec] seq=1 slot=0 trace=- start_ms=0.001 gap_ms=0.001 wall_ms=14.513 generated=1589->1591 rounds=1 drafted=3 accepted=1 k=3
[spec-acc] ctx=3792 burst=3/3 cum=1197/1299=0.921
[tick-spec] seq=2 slot=1 trace=- start_ms=14.522 gap_ms=0.008 wall_ms=15.474 generated=1627->1631 rounds=1 drafted=3 accepted=3 k=3
[prime-chunk] phase=mtp-draft-fill rows=4096 wall_ms=88.027
[prime-yield] count=10 remaining=8 chunks=1 wall_ms=88.027 max_chunk_ms=88.027
[tick-spec] seq=3 slot=3 trace=- start_ms=30.005 gap_ms=0.009 wall_ms=88.092 generated=0->0 rounds=0 drafted=0 accepted=0 k=3
[tick] act=4 int=4 priming=2 ready=0 spec=4 demoted=0 spec_calls=3 spec_ms=118.1 prefill_single_calls=0 prefill_single_tokens=0 prefill_batch_calls=0 prefill_batch_tokens=0 prefill_ms=0.0 decode_ms=0.0
[spec-acc] ctx=3756 burst=3/3 cum=1150/1329=0.865
[tick-spec] seq=1 slot=0 trace=- start_ms=0.001 gap_ms=0.001 wall_ms=14.462 generated=1591->1595 rounds=1 drafted=3 accepted=3 k=3
[spec-acc] ctx=3796 burst=3/3 cum=1200/1302=0.922
[tick-spec] seq=2 slot=1 trace=- start_ms=14.471 gap_ms=0.008 wall_ms=14.445 generated=1631->1635 rounds=1 drafted=3 accepted=3 k=3
[tick] act=4 int=4 priming=2 ready=0 spec=4 demoted=0 spec_calls=2 spec_ms=28.9 prefill_single_calls=0 prefill_single_tokens=0 prefill_batch_calls=0 prefill_batch_tokens=0 prefill_ms=0.0 decode_ms=0.0
[spec-acc] ctx=3800 burst=3/3 cum=1203/1305=0.922
[tick-spec] seq=1 slot=1 trace=- start_ms=0.001 gap_ms=0.001 wall_ms=14.463 generated=1635->1639 rounds=1 drafted=3 accepted=3 k=3
[spec-acc] ctx=3760 burst=3/3 cum=1153/1332=0.866
[tick-spec] seq=2 slot=0 trace=- start_ms=14.471 gap_ms=0.008 wall_ms=13.395 generated=1595->1599 rounds=1 drafted=3 accepted=3 k=3
[prime-chunk] phase=mtp-trunk rows=4096 wall_ms=621.569
[prime-yield] count=23 remaining=46 chunks=1 wall_ms=621.569 max_chunk_ms=621.569
[tick-spec] seq=3 slot=2 trace=- start_ms=27.875 gap_ms=0.009 wall_ms=621.758 generated=0->0 rounds=0 drafted=0 accepted=0 k=3
[tick] act=4 int=4 priming=2 ready=0 spec=4 demoted=0 spec_calls=3 spec_ms=649.6 prefill_single_calls=0 prefill_single_tokens=0 prefill_batch_calls=0 prefill_batch_tokens=0 prefill_ms=0.0 decode_ms=0.0
[spec-acc] ctx=3764 burst=3/3 cum=1156/1335=0.866
[tick-spec] seq=1 slot=0 trace=- start_ms=0.001 gap_ms=0.001 wall_ms=15.530 generated=1599->1603 rounds=1 drafted=3 accepted=3 k=3
[spec-acc] ctx=3804 burst=3/3 cum=1206/1308=0.922
[tick-spec] seq=2 slot=1 trace=- start_ms=15.539 gap_ms=0.009 wall_ms=13.451 generated=1639->1643 rounds=1 drafted=3 accepted=3 k=3
[tick] act=4 int=4 priming=2 ready=0 spec=4 demoted=0 spec_calls=2 spec_ms=29.0 prefill_single_calls=0 prefill_single_tokens=0 prefill_batch_calls=0 prefill_batch_tokens=0 prefill_ms=0.0 decode_ms=0.0
[spec-acc] ctx=3768 burst=3/3 cum=1159/1338=0.866
[tick-spec] seq=1 slot=0 trace=- start_ms=0.001 gap_ms=0.001 wall_ms=13.392 generated=1603->1607 rounds=1 drafted=3 accepted=3 k=3
[spec-acc] ctx=3808 burst=3/3 cum=1209/1311=0.922
[tick-spec] seq=2 slot=1 trace=- start_ms=13.401 gap_ms=0.008 wall_ms=15.506 generated=1643->1647 rounds=1 drafted=3 accepted=3 k=3
[tick] act=4 int=4 priming=2 ready=0 spec=4 demoted=0 spec_calls=2 spec_ms=28.9 prefill_single_calls=0 prefill_single_tokens=0 prefill_batch_calls=0 prefill_batch_tokens=0 prefill_ms=0.0 decode_ms=0.0
[spec-acc] ctx=3772 burst=2/3 cum=1161/1341=0.866
[tick-spec] seq=1 slot=0 trace=- start_ms=0.000 gap_ms=0.000 wall_ms=14.539 generated=1607->1610 rounds=1 drafted=3 accepted=2 k=3
[spec-acc] ctx=3812 burst=3/3 cum=1212/1314=0.922
[tick-spec] seq=2 slot=1 trace=- start_ms=14.547 gap_ms=0.008 wall_ms=14.441 generated=1647->1651 rounds=1 drafted=3 accepted=3 k=3
[tick] act=4 int=4 priming=2 ready=0 spec=4 demoted=0 spec_calls=2 spec_ms=29.0 prefill_single_calls=0 prefill_single_tokens=0 prefill_batch_calls=0 prefill_batch_tokens=0 prefill_ms=0.0 decode_ms=0.0
[spec-acc] ctx=3816 burst=3/3 cum=1215/1317=0.923
[tick-spec] seq=1 slot=1 trace=- start_ms=0.001 gap_ms=0.001 wall_ms=13.514 generated=1651->1655 rounds=1 drafted=3 accepted=3 k=3
[spec-acc] ctx=3775 burst=3/3 cum=1164/1344=0.866
[tick-spec] seq=2 slot=0 trace=- start_ms=13.523 gap_ms=0.008 wall_ms=14.466 generated=1610->1614 rounds=1 drafted=3 accepted=3 k=3
[tick] act=4 int=4 priming=2 ready=0 spec=4 demoted=0 spec_calls=2 spec_ms=28.0 prefill_single_calls=0 prefill_single_tokens=0 prefill_batch_calls=0 prefill_batch_tokens=0 prefill_ms=0.0 decode_ms=0.0
[spec-acc] ctx=3779 burst=3/3 cum=1167/1347=0.866
[tick-spec] seq=1 slot=0 trace=- start_ms=0.001 gap_ms=0.001 wall_ms=15.525 generated=1614->1618 rounds=1 drafted=3 accepted=3 k=3
[spec-acc] ctx=3820 burst=3/3 cum=1218/1320=0.923
[tick-spec] seq=2 slot=1 trace=- start_ms=15.542 gap_ms=0.016 wall_ms=13.409 generated=1655->1659 rounds=1 drafted=3 accepted=3 k=3
[tick] act=4 int=4 priming=2 ready=0 spec=4 demoted=0 spec_calls=2 spec_ms=29.0 prefill_single_calls=0 prefill_single_tokens=0 prefill_batch_calls=0 prefill_batch_tokens=0 prefill_ms=0.0 decode_ms=0.0
[spec-acc] ctx=3783 burst=3/3 cum=1170/1350=0.867
[tick-spec] seq=1 slot=0 trace=- start_ms=0.001 gap_ms=0.001 wall_ms=15.523 generated=1618->1622 rounds=1 drafted=3 accepted=3 k=3
[spec-acc] ctx=3824 burst=3/3 cum=1221/1323=0.923
[tick-spec] seq=2 slot=1 trace=- start_ms=15.532 gap_ms=0.008 wall_ms=14.493 generated=1659->1663 rounds=1 drafted=3 accepted=3 k=3
[tick] act=4 int=4 priming=2 ready=0 spec=4 demoted=0 spec_calls=2 spec_ms=30.0 prefill_single_calls=0 prefill_single_tokens=0 prefill_batch_calls=0 prefill_batch_tokens=0 prefill_ms=0.0 decode_ms=0.0
[spec-acc] ctx=3787 burst=3/3 cum=1173/1353=0.867
[tick-spec] seq=1 slot=0 trace=- start_ms=0.000 gap_ms=0.000 wall_ms=14.434 generated=1622->1626 rounds=1 drafted=3 accepted=3 k=3
[spec-acc] ctx=3828 burst=1/3 cum=1222/1326=0.922
[tick-spec] seq=2 slot=1 trace=- start_ms=14.442 gap_ms=0.007 wall_ms=27.073 generated=1663->1665 rounds=1 drafted=3 accepted=1 k=3
[tick] act=4 int=4 priming=2 ready=0 spec=4 demoted=0 spec_calls=2 spec_ms=41.5 prefill_single_calls=0 prefill_single_tokens=0 prefill_batch_calls=0 prefill_batch_tokens=0 prefill_ms=0.0 decode_ms=0.0
[spec-acc] ctx=3830 burst=3/3 cum=1225/1329=0.922
[tick-spec] seq=1 slot=1 trace=- start_ms=0.001 gap_ms=0.001 wall_ms=32.370 generated=1665->1669 rounds=1 drafted=3 accepted=3 k=3
[spec-acc] ctx=3791 burst=1/3 cum=1174/1356=0.866
[tick-spec] seq=2 slot=0 trace=- start_ms=32.379 gap_ms=0.008 wall_ms=12.402 generated=1626->1628 rounds=1 drafted=3 accepted=1 k=3
[tick] act=4 int=4 priming=2 ready=0 spec=4 demoted=0 spec_calls=2 spec_ms=44.8 prefill_single_calls=0 prefill_single_tokens=0 prefill_batch_calls=0 prefill_batch_tokens=0 prefill_ms=0.0 decode_ms=0.0
[spec-acc] ctx=3793 burst=3/3 cum=1177/1359=0.866
[tick-spec] seq=1 slot=0 trace=- start_ms=0.000 gap_ms=0.000 wall_ms=13.390 generated=1628->1632 rounds=1 drafted=3 accepted=3 k=3
[spec-acc] ctx=3834 burst=2/3 cum=1227/1332=0.921
[tick-spec] seq=2 slot=1 trace=- start_ms=13.398 gap_ms=0.008 wall_ms=15.584 generated=1669->1672 rounds=1 drafted=3 accepted=2 k=3
[tick] act=4 int=4 priming=2 ready=0 spec=4 demoted=0 spec_calls=2 spec_ms=29.0 prefill_single_calls=0 prefill_single_tokens=0 prefill_batch_calls=0 prefill_batch_tokens=0 prefill_ms=0.0 decode_ms=0.0
[spec-acc] ctx=3797 burst=1/3 cum=1178/1362=0.865
[tick-spec] seq=1 slot=0 trace=- start_ms=0.001 gap_ms=0.001 wall_ms=14.499 generated=1632->1634 rounds=1 drafted=3 accepted=1 k=3
[spec-acc] ctx=3837 burst=3/3 cum=1230/1335=0.921
[tick-spec] seq=2 slot=1 trace=- start_ms=14.507 gap_ms=0.008 wall_ms=12.352 generated=1672->1676 rounds=1 drafted=3 accepted=3 k=3
[tick] act=4 int=4 priming=2 ready=0 spec=4 demoted=0 spec_calls=2 spec_ms=26.9 prefill_single_calls=0 prefill_single_tokens=0 prefill_batch_calls=0 prefill_batch_tokens=0 prefill_ms=0.0 decode_ms=0.0
[spec-acc] ctx=3799 burst=3/3 cum=1181/1365=0.865
[tick-spec] seq=1 slot=0 trace=- start_ms=0.000 gap_ms=0.000 wall_ms=15.465 generated=1634->1638 rounds=1 drafted=3 accepted=3 k=3
[spec-acc] ctx=3841 burst=3/3 cum=1233/1338=0.922
[tick-spec] seq=2 slot=1 trace=- start_ms=15.473 gap_ms=0.007 wall_ms=14.477 generated=1676->1680 rounds=1 drafted=3 accepted=3 k=3
[tick] act=4 int=4 priming=2 ready=0 spec=4 demoted=0 spec_calls=2 spec_ms=30.0 prefill_single_calls=0 prefill_single_tokens=0 prefill_batch_calls=0 prefill_batch_tokens=0 prefill_ms=0.0 decode_ms=0.0
[spec-acc] ctx=3845 burst=3/3 cum=1236/1341=0.922
[tick-spec] seq=1 slot=1 trace=- start_ms=0.000 gap_ms=0.000 wall_ms=14.855 generated=1680->1684 rounds=1 drafted=3 accepted=3 k=3
[spec-acc] ctx=3803 burst=3/3 cum=1184/1368=0.865
[tick-spec] seq=2 slot=0 trace=- start_ms=14.863 gap_ms=0.008 wall_ms=14.440 generated=1638->1642 rounds=1 drafted=3 accepted=3 k=3
[tick] act=4 int=4 priming=2 ready=0 spec=4 demoted=0 spec_calls=2 spec_ms=29.3 prefill_single_calls=0 prefill_single_tokens=0 prefill_batch_calls=0 prefill_batch_tokens=0 prefill_ms=0.0 decode_ms=0.0
[spec-acc] ctx=3807 burst=3/3 cum=1187/1371=0.866
[tick-spec] seq=1 slot=0 trace=- start_ms=0.000 gap_ms=0.000 wall_ms=14.113 generated=1642->1646 rounds=1 drafted=3 accepted=3 k=3
[spec-acc] ctx=3849 burst=3/3 cum=1239/1344=0.922
[tick-spec] seq=2 slot=1 trace=- start_ms=14.121 gap_ms=0.008 wall_ms=13.450 generated=1684->1688 rounds=1 drafted=3 accepted=3 k=3
[tick] act=4 int=4 priming=2 ready=0 spec=4 demoted=0 spec_calls=2 spec_ms=27.6 prefill_single_calls=0 prefill_single_tokens=0 prefill_batch_calls=0 prefill_batch_tokens=0 prefill_ms=0.0 decode_ms=0.0
[spec-acc] ctx=3811 burst=3/3 cum=1190/1374=0.866
[tick-spec] seq=1 slot=0 trace=- start_ms=0.000 gap_ms=0.000 wall_ms=13.429 generated=1646->1650 rounds=1 drafted=3 accepted=3 k=3
[spec-acc] ctx=3853 burst=3/3 cum=1242/1347=0.922
[tick-spec] seq=2 slot=1 trace=- start_ms=13.437 gap_ms=0.008 wall_ms=15.520 generated=1688->1692 rounds=1 drafted=3 accepted=3 k=3
[tick] act=4 int=4 priming=2 ready=0 spec=4 demoted=0 spec_calls=2 spec_ms=29.0 prefill_single_calls=0 prefill_single_tokens=0 prefill_batch_calls=0 prefill_batch_tokens=0 prefill_ms=0.0 decode_ms=0.0
[spec-acc] ctx=3815 burst=2/3 cum=1192/1377=0.866
[tick-spec] seq=1 slot=0 trace=- start_ms=0.000 gap_ms=0.000 wall_ms=15.567 generated=1650->1653 rounds=1 drafted=3 accepted=2 k=3
[spec-acc] ctx=3857 burst=3/3 cum=1245/1350=0.922
[tick-spec] seq=2 slot=1 trace=- start_ms=15.575 gap_ms=0.007 wall_ms=15.514 generated=1692->1696 rounds=1 drafted=3 accepted=3 k=3
[tick] act=4 int=4 priming=2 ready=0 spec=4 demoted=0 spec_calls=2 spec_ms=31.1 prefill_single_calls=0 prefill_single_tokens=0 prefill_batch_calls=0 prefill_batch_tokens=0 prefill_ms=0.0 decode_ms=0.0
[spec-acc] ctx=3861 burst=2/3 cum=1247/1353=0.922
[tick-spec] seq=1 slot=1 trace=- start_ms=0.001 gap_ms=0.001 wall_ms=14.541 generated=1696->1699 rounds=1 drafted=3 accepted=2 k=3
[spec-acc] ctx=3818 burst=3/3 cum=1195/1380=0.866
[tick-spec] seq=2 slot=0 trace=- start_ms=14.549 gap_ms=0.008 wall_ms=14.647 generated=1653->1657 rounds=1 drafted=3 accepted=3 k=3
[tick] act=4 int=4 priming=2 ready=0 spec=4 demoted=0 spec_calls=2 spec_ms=29.2 prefill_single_calls=0 prefill_single_tokens=0 prefill_batch_calls=0 prefill_batch_tokens=0 prefill_ms=0.0 decode_ms=0.0
[spec-acc] ctx=3822 burst=3/3 cum=1198/1383=0.866
[tick-spec] seq=1 slot=0 trace=- start_ms=0.000 gap_ms=0.000 wall_ms=28.858 generated=1657->1661 rounds=1 drafted=3 accepted=3 k=3
[spec-acc] ctx=3864 burst=3/3 cum=1250/1356=0.922
[tick-spec] seq=2 slot=1 trace=- start_ms=28.866 gap_ms=0.008 wall_ms=30.991 generated=1699->1703 rounds=1 drafted=3 accepted=3 k=3
[tick] act=4 int=4 priming=2 ready=0 spec=4 demoted=0 spec_calls=2 spec_ms=59.9 prefill_single_calls=0 prefill_single_tokens=0 prefill_batch_calls=0 prefill_batch_tokens=0 prefill_ms=0.0 decode_ms=0.0
[spec-acc] ctx=3826 burst=3/3 cum=1201/1386=0.867
[tick-spec] seq=1 slot=0 trace=- start_ms=0.001 gap_ms=0.001 wall_ms=14.475 generated=1661->1665 rounds=1 drafted=3 accepted=3 k=3
[spec-acc] ctx=3868 burst=3/3 cum=1253/1359=0.922
[tick-spec] seq=2 slot=1 trace=- start_ms=14.484 gap_ms=0.008 wall_ms=14.447 generated=1703->1707 rounds=1 drafted=3 accepted=3 k=3
[prime-chunk] phase=mtp-draft-fill rows=4096 wall_ms=87.977
[prime-yield] count=11 remaining=7 chunks=1 wall_ms=87.977 max_chunk_ms=87.977
[tick-spec] seq=3 slot=3 trace=- start_ms=28.939 gap_ms=0.008 wall_ms=88.041 generated=0->0 rounds=0 drafted=0 accepted=0 k=3
[tick] act=4 int=4 priming=2 ready=0 spec=4 demoted=0 spec_calls=3 spec_ms=117.0 prefill_single_calls=0 prefill_single_tokens=0 prefill_batch_calls=0 prefill_batch_tokens=0 prefill_ms=0.0 decode_ms=0.0
[spec-acc] ctx=3830 burst=3/3 cum=1204/1389=0.867
[tick-spec] seq=1 slot=0 trace=- start_ms=0.001 gap_ms=0.001 wall_ms=15.514 generated=1665->1669 rounds=1 drafted=3 accepted=3 k=3
[spec-acc] ctx=3872 burst=2/3 cum=1255/1362=0.921
[tick-spec] seq=2 slot=1 trace=- start_ms=15.529 gap_ms=0.014 wall_ms=14.529 generated=1707->1710 rounds=1 drafted=3 accepted=2 k=3
[tick] act=4 int=4 priming=2 ready=0 spec=4 demoted=0 spec_calls=2 spec_ms=30.1 prefill_single_calls=0 prefill_single_tokens=0 prefill_batch_calls=0 prefill_batch_tokens=0 prefill_ms=0.0 decode_ms=0.0
[spec-acc] ctx=3875 burst=3/3 cum=1258/1365=0.922
[tick-spec] seq=1 slot=1 trace=- start_ms=0.001 gap_ms=0.001 wall_ms=15.512 generated=1710->1714 rounds=1 drafted=3 accepted=3 k=3
[spec-acc] ctx=3834 burst=1/3 cum=1205/1392=0.866
[tick-spec] seq=2 slot=0 trace=- start_ms=15.520 gap_ms=0.008 wall_ms=14.493 generated=1669->1671 rounds=1 drafted=3 accepted=1 k=3
[prime-chunk] phase=mtp-trunk rows=4096 wall_ms=635.911
[prime-yield] count=24 remaining=45 chunks=1 wall_ms=635.911 max_chunk_ms=635.911
[tick-spec] seq=3 slot=2 trace=- start_ms=30.022 gap_ms=0.009 wall_ms=636.107 generated=0->0 rounds=0 drafted=0 accepted=0 k=3
[tick] act=4 int=4 priming=2 ready=0 spec=4 demoted=0 spec_calls=3 spec_ms=666.1 prefill_single_calls=0 prefill_single_tokens=0 prefill_batch_calls=0 prefill_batch_tokens=0 prefill_ms=0.0 decode_ms=0.0
[spec-acc] ctx=3836 burst=3/3 cum=1208/1395=0.866
[tick-spec] seq=1 slot=0 trace=- start_ms=0.001 gap_ms=0.001 wall_ms=14.509 generated=1671->1675 rounds=1 drafted=3 accepted=3 k=3
[spec-acc] ctx=3879 burst=3/3 cum=1261/1368=0.922
[tick-spec] seq=2 slot=1 trace=- start_ms=14.518 gap_ms=0.009 wall_ms=15.565 generated=1714->1718 rounds=1 drafted=3 accepted=3 k=3
[tick] act=4 int=4 priming=2 ready=0 spec=4 demoted=0 spec_calls=2 spec_ms=30.1 prefill_single_calls=0 prefill_single_tokens=0 prefill_batch_calls=0 prefill_batch_tokens=0 prefill_ms=0.0 decode_ms=0.0
[spec-acc] ctx=3840 burst=1/3 cum=1209/1398=0.865
[tick-spec] seq=1 slot=0 trace=- start_ms=0.001 gap_ms=0.001 wall_ms=15.546 generated=1675->1677 rounds=1 drafted=3 accepted=1 k=3
[spec-acc] ctx=3883 burst=3/3 cum=1264/1371=0.922
[tick-spec] seq=2 slot=1 trace=- start_ms=15.554 gap_ms=0.008 wall_ms=27.757 generated=1718->1722 rounds=1 drafted=3 accepted=3 k=3
[tick] act=4 int=4 priming=2 ready=0 spec=4 demoted=0 spec_calls=2 spec_ms=43.3 prefill_single_calls=0 prefill_single_tokens=0 prefill_batch_calls=0 prefill_batch_tokens=0 prefill_ms=0.0 decode_ms=0.0
[spec-acc] ctx=3842 burst=2/3 cum=1211/1401=0.864
[tick-spec] seq=1 slot=0 trace=- start_ms=0.001 gap_ms=0.001 wall_ms=29.697 generated=1677->1680 rounds=1 drafted=3 accepted=2 k=3
[spec-acc] ctx=3887 burst=3/3 cum=1267/1374=0.922
[tick-spec] seq=2 slot=1 trace=- start_ms=29.706 gap_ms=0.008 wall_ms=14.476 generated=1722->1726 rounds=1 drafted=3 accepted=3 k=3
[tick] act=4 int=4 priming=2 ready=0 spec=4 demoted=0 spec_calls=2 spec_ms=44.2 prefill_single_calls=0 prefill_single_tokens=0 prefill_batch_calls=0 prefill_batch_tokens=0 prefill_ms=0.0 decode_ms=0.0
[spec-acc] ctx=3891 burst=2/3 cum=1269/1377=0.922
[tick-spec] seq=1 slot=1 trace=- start_ms=0.001 gap_ms=0.001 wall_ms=14.567 generated=1726->1729 rounds=1 drafted=3 accepted=2 k=3
[spec-acc] ctx=3845 burst=2/3 cum=1213/1404=0.864
[tick-spec] seq=2 slot=0 trace=- start_ms=14.577 gap_ms=0.008 wall_ms=13.456 generated=1680->1683 rounds=1 drafted=3 accepted=2 k=3
[tick] act=4 int=4 priming=2 ready=0 spec=4 demoted=0 spec_calls=2 spec_ms=28.0 prefill_single_calls=0 prefill_single_tokens=0 prefill_batch_calls=0 prefill_batch_tokens=0 prefill_ms=0.0 decode_ms=0.0
[spec-acc] ctx=3848 burst=3/3 cum=1216/1407=0.864
[tick-spec] seq=1 slot=0 trace=- start_ms=0.000 gap_ms=0.000 wall_ms=14.437 generated=1683->1687 rounds=1 drafted=3 accepted=3 k=3
[spec-acc] ctx=3894 burst=3/3 cum=1272/1380=0.922
[tick-spec] seq=2 slot=1 trace=- start_ms=14.445 gap_ms=0.007 wall_ms=13.407 generated=1729->1733 rounds=1 drafted=3 accepted=3 k=3
[tick] act=4 int=4 priming=2 ready=0 spec=4 demoted=0 spec_calls=2 spec_ms=27.9 prefill_single_calls=0 prefill_single_tokens=0 prefill_batch_calls=0 prefill_batch_tokens=0 prefill_ms=0.0 decode_ms=0.0
[spec-acc] ctx=3852 burst=3/3 cum=1219/1410=0.865
[tick-spec] seq=1 slot=0 trace=- start_ms=0.000 gap_ms=0.000 wall_ms=14.457 generated=1687->1691 rounds=1 drafted=3 accepted=3 k=3
[spec-acc] ctx=3898 burst=3/3 cum=1275/1383=0.922
[tick-spec] seq=2 slot=1 trace=- start_ms=14.466 gap_ms=0.008 wall_ms=13.439 generated=1733->1737 rounds=1 drafted=3 accepted=3 k=3
[tick] act=4 int=4 priming=2 ready=0 spec=4 demoted=0 spec_calls=2 spec_ms=27.9 prefill_single_calls=0 prefill_single_tokens=0 prefill_batch_calls=0 prefill_batch_tokens=0 prefill_ms=0.0 decode_ms=0.0
[spec-acc] ctx=3856 burst=2/3 cum=1221/1413=0.864
[tick-spec] seq=1 slot=0 trace=- start_ms=0.000 gap_ms=0.000 wall_ms=15.599 generated=1691->1694 rounds=1 drafted=3 accepted=2 k=3
[spec-acc] ctx=3902 burst=2/3 cum=1277/1386=0.921
[tick-spec] seq=2 slot=1 trace=- start_ms=15.607 gap_ms=0.007 wall_ms=15.600 generated=1737->1740 rounds=1 drafted=3 accepted=2 k=3
[tick] act=4 int=4 priming=2 ready=0 spec=4 demoted=0 spec_calls=2 spec_ms=31.2 prefill_single_calls=0 prefill_single_tokens=0 prefill_batch_calls=0 prefill_batch_tokens=0 prefill_ms=0.0 decode_ms=0.0
[spec-acc] ctx=3905 burst=3/3 cum=1280/1389=0.922
[tick-spec] seq=1 slot=1 trace=- start_ms=0.000 gap_ms=0.000 wall_ms=13.436 generated=1740->1744 rounds=1 drafted=3 accepted=3 k=3
[spec-acc] ctx=3859 burst=3/3 cum=1224/1416=0.864
[tick-spec] seq=2 slot=0 trace=- start_ms=13.444 gap_ms=0.008 wall_ms=14.428 generated=1694->1698 rounds=1 drafted=3 accepted=3 k=3
[tick] act=4 int=4 priming=2 ready=0 spec=4 demoted=0 spec_calls=2 spec_ms=27.9 prefill_single_calls=0 prefill_single_tokens=0 prefill_batch_calls=0 prefill_batch_tokens=0 prefill_ms=0.0 decode_ms=0.0
[spec-acc] ctx=3863 burst=3/3 cum=1227/1419=0.865
[tick-spec] seq=1 slot=0 trace=- start_ms=0.000 gap_ms=0.000 wall_ms=14.423 generated=1698->1702 rounds=1 drafted=3 accepted=3 k=3
[spec-acc] ctx=3909 burst=3/3 cum=1283/1392=0.922
[tick-spec] seq=2 slot=1 trace=- start_ms=14.431 gap_ms=0.008 wall_ms=14.479 generated=1744->1748 rounds=1 drafted=3 accepted=3 k=3
[tick] act=4 int=4 priming=2 ready=0 spec=4 demoted=0 spec_calls=2 spec_ms=28.9 prefill_single_calls=0 prefill_single_tokens=0 prefill_batch_calls=0 prefill_batch_tokens=0 prefill_ms=0.0 decode_ms=0.0
[spec-acc] ctx=3867 burst=3/3 cum=1230/1422=0.865
[tick-spec] seq=1 slot=0 trace=- start_ms=0.000 gap_ms=0.000 wall_ms=13.372 generated=1702->1706 rounds=1 drafted=3 accepted=3 k=3
[spec-acc] ctx=3913 burst=3/3 cum=1286/1395=0.922
[tick-spec] seq=2 slot=1 trace=- start_ms=13.380 gap_ms=0.007 wall_ms=13.403 generated=1748->1752 rounds=1 drafted=3 accepted=3 k=3
[tick] act=4 int=4 priming=2 ready=0 spec=4 demoted=0 spec_calls=2 spec_ms=26.8 prefill_single_calls=0 prefill_single_tokens=0 prefill_batch_calls=0 prefill_batch_tokens=0 prefill_ms=0.0 decode_ms=0.0
[spec-acc] ctx=3871 burst=3/3 cum=1233/1425=0.865
[tick-spec] seq=1 slot=0 trace=- start_ms=0.000 gap_ms=0.000 wall_ms=12.660 generated=1706->1710 rounds=1 drafted=3 accepted=3 k=3
[spec-acc] ctx=3917 burst=3/3 cum=1289/1398=0.922
[tick-spec] seq=2 slot=1 trace=- start_ms=12.677 gap_ms=0.017 wall_ms=15.548 generated=1752->1756 rounds=1 drafted=3 accepted=3 k=3
[tick] act=4 int=4 priming=2 ready=0 spec=4 demoted=0 spec_calls=2 spec_ms=28.2 prefill_single_calls=0 prefill_single_tokens=0 prefill_batch_calls=0 prefill_batch_tokens=0 prefill_ms=0.0 decode_ms=0.0
[spec-acc] ctx=3921 burst=2/3 cum=1291/1401=0.921
[tick-spec] seq=1 slot=1 trace=- start_ms=0.001 gap_ms=0.001 wall_ms=29.697 generated=1756->1759 rounds=1 drafted=3 accepted=2 k=3
[spec-acc] ctx=3875 burst=1/3 cum=1234/1428=0.864
[tick-spec] seq=2 slot=0 trace=- start_ms=29.718 gap_ms=0.020 wall_ms=29.553 generated=1710->1712 rounds=1 drafted=3 accepted=1 k=3
[tick] act=4 int=4 priming=2 ready=0 spec=4 demoted=0 spec_calls=2 spec_ms=59.3 prefill_single_calls=0 prefill_single_tokens=0 prefill_batch_calls=0 prefill_batch_tokens=0 prefill_ms=0.0 decode_ms=0.0
[spec-acc] ctx=3877 burst=3/3 cum=1237/1431=0.864
[tick-spec] seq=1 slot=0 trace=- start_ms=0.001 gap_ms=0.001 wall_ms=15.540 generated=1712->1716 rounds=1 drafted=3 accepted=3 k=3
[spec-acc] ctx=3924 burst=3/3 cum=1294/1404=0.922
[tick-spec] seq=2 slot=1 trace=- start_ms=15.563 gap_ms=0.023 wall_ms=14.469 generated=1759->1763 rounds=1 drafted=3 accepted=3 k=3
[tick] act=4 int=4 priming=2 ready=0 spec=4 demoted=0 spec_calls=2 spec_ms=30.0 prefill_single_calls=0 prefill_single_tokens=0 prefill_batch_calls=0 prefill_batch_tokens=0 prefill_ms=0.0 decode_ms=0.0
[spec-acc] ctx=3881 burst=3/3 cum=1240/1434=0.865
[tick-spec] seq=1 slot=0 trace=- start_ms=0.001 gap_ms=0.001 wall_ms=15.491 generated=1716->1720 rounds=1 drafted=3 accepted=3 k=3
[spec-acc] ctx=3928 burst=3/3 cum=1297/1407=0.922
[tick-spec] seq=2 slot=1 trace=- start_ms=15.499 gap_ms=0.008 wall_ms=12.319 generated=1763->1767 rounds=1 drafted=3 accepted=3 k=3
[tick] act=4 int=4 priming=2 ready=0 spec=4 demoted=0 spec_calls=2 spec_ms=27.8 prefill_single_calls=0 prefill_single_tokens=0 prefill_batch_calls=0 prefill_batch_tokens=0 prefill_ms=0.0 decode_ms=0.0
[spec-acc] ctx=3885 burst=3/3 cum=1243/1437=0.865
[tick-spec] seq=1 slot=0 trace=- start_ms=0.001 gap_ms=0.001 wall_ms=15.511 generated=1720->1724 rounds=1 drafted=3 accepted=3 k=3
[spec-acc] ctx=3932 burst=2/3 cum=1299/1410=0.921
[tick-spec] seq=2 slot=1 trace=- start_ms=15.520 gap_ms=0.008 wall_ms=13.469 generated=1767->1770 rounds=1 drafted=3 accepted=2 k=3
[tick] act=4 int=4 priming=2 ready=0 spec=4 demoted=0 spec_calls=2 spec_ms=29.0 prefill_single_calls=0 prefill_single_tokens=0 prefill_batch_calls=0 prefill_batch_tokens=0 prefill_ms=0.0 decode_ms=0.0
[spec-acc] ctx=3935 burst=3/3 cum=1302/1413=0.921
[tick-spec] seq=1 slot=1 trace=- start_ms=0.000 gap_ms=0.000 wall_ms=15.527 generated=1770->1774 rounds=1 drafted=3 accepted=3 k=3
[spec-acc] ctx=3889 burst=3/3 cum=1246/1440=0.865
[tick-spec] seq=2 slot=0 trace=- start_ms=15.536 gap_ms=0.008 wall_ms=13.365 generated=1724->1728 rounds=1 drafted=3 accepted=3 k=3
[tick] act=4 int=4 priming=2 ready=0 spec=4 demoted=0 spec_calls=2 spec_ms=28.9 prefill_single_calls=0 prefill_single_tokens=0 prefill_batch_calls=0 prefill_batch_tokens=0 prefill_ms=0.0 decode_ms=0.0
[spec-acc] ctx=3893 burst=3/3 cum=1249/1443=0.866
[tick-spec] seq=1 slot=0 trace=- start_ms=0.000 gap_ms=0.000 wall_ms=14.426 generated=1728->1732 rounds=1 drafted=3 accepted=3 k=3
[spec-acc] ctx=3939 burst=3/3 cum=1305/1416=0.922
[tick-spec] seq=2 slot=1 trace=- start_ms=14.434 gap_ms=0.007 wall_ms=13.401 generated=1774->1778 rounds=1 drafted=3 accepted=3 k=3
[tick] act=4 int=4 priming=2 ready=0 spec=4 demoted=0 spec_calls=2 spec_ms=27.8 prefill_single_calls=0 prefill_single_tokens=0 prefill_batch_calls=0 prefill_batch_tokens=0 prefill_ms=0.0 decode_ms=0.0
[spec-acc] ctx=3897 burst=2/3 cum=1251/1446=0.865
[tick-spec] seq=1 slot=0 trace=- start_ms=0.001 gap_ms=0.001 wall_ms=14.536 generated=1732->1735 rounds=1 drafted=3 accepted=2 k=3
[spec-acc] ctx=3943 burst=3/3 cum=1308/1419=0.922
[tick-spec] seq=2 slot=1 trace=- start_ms=14.544 gap_ms=0.008 wall_ms=14.440 generated=1778->1782 rounds=1 drafted=3 accepted=3 k=3
[tick] act=4 int=4 priming=2 ready=0 spec=4 demoted=0 spec_calls=2 spec_ms=29.0 prefill_single_calls=0 prefill_single_tokens=0 prefill_batch_calls=0 prefill_batch_tokens=0 prefill_ms=0.0 decode_ms=0.0
[spec-acc] ctx=3900 burst=3/3 cum=1254/1449=0.865
[tick-spec] seq=1 slot=0 trace=- start_ms=0.000 gap_ms=0.000 wall_ms=14.446 generated=1735->1739 rounds=1 drafted=3 accepted=3 k=3
[spec-acc] ctx=3947 burst=3/3 cum=1311/1422=0.922
[tick-spec] seq=2 slot=1 trace=- start_ms=14.455 gap_ms=0.008 wall_ms=14.490 generated=1782->1786 rounds=1 drafted=3 accepted=3 k=3
[prime-chunk] phase=mtp-draft-fill rows=4096 wall_ms=87.937
[prime-yield] count=12 remaining=6 chunks=1 wall_ms=87.937 max_chunk_ms=87.937
[tick-spec] seq=3 slot=3 trace=- start_ms=28.953 gap_ms=0.008 wall_ms=87.997 generated=0->0 rounds=0 drafted=0 accepted=0 k=3
[tick] act=4 int=4 priming=2 ready=0 spec=4 demoted=0 spec_calls=3 spec_ms=117.0 prefill_single_calls=0 prefill_single_tokens=0 prefill_batch_calls=0 prefill_batch_tokens=0 prefill_ms=0.0 decode_ms=0.0
[spec-acc] ctx=3951 burst=2/3 cum=1313/1425=0.921
[tick-spec] seq=1 slot=1 trace=- start_ms=0.001 gap_ms=0.001 wall_ms=14.579 generated=1786->1789 rounds=1 drafted=3 accepted=2 k=3
[spec-acc] ctx=3904 burst=3/3 cum=1257/1452=0.866
[tick-spec] seq=2 slot=0 trace=- start_ms=14.588 gap_ms=0.008 wall_ms=14.466 generated=1739->1743 rounds=1 drafted=3 accepted=3 k=3
[tick] act=4 int=4 priming=2 ready=0 spec=4 demoted=0 spec_calls=2 spec_ms=29.1 prefill_single_calls=0 prefill_single_tokens=0 prefill_batch_calls=0 prefill_batch_tokens=0 prefill_ms=0.0 decode_ms=0.0
[spec-acc] ctx=3908 burst=3/3 cum=1260/1455=0.866
[tick-spec] seq=1 slot=0 trace=- start_ms=0.000 gap_ms=0.000 wall_ms=14.423 generated=1743->1747 rounds=1 drafted=3 accepted=3 k=3
[spec-acc] ctx=3954 burst=3/3 cum=1316/1428=0.922
[tick-spec] seq=2 slot=1 trace=- start_ms=14.432 gap_ms=0.008 wall_ms=14.428 generated=1789->1793 rounds=1 drafted=3 accepted=3 k=3
[prime-chunk] phase=mtp-trunk rows=4096 wall_ms=649.333
[prime-yield] count=25 remaining=44 chunks=1 wall_ms=649.333 max_chunk_ms=649.333
[tick-spec] seq=3 slot=2 trace=- start_ms=28.868 gap_ms=0.008 wall_ms=649.526 generated=0->0 rounds=0 drafted=0 accepted=0 k=3
[tick] act=4 int=4 priming=2 ready=0 spec=4 demoted=0 spec_calls=3 spec_ms=678.4 prefill_single_calls=0 prefill_single_tokens=0 prefill_batch_calls=0 prefill_batch_tokens=0 prefill_ms=0.0 decode_ms=0.0
[spec-acc] ctx=3912 burst=3/3 cum=1263/1458=0.866
[tick-spec] seq=1 slot=0 trace=- start_ms=0.001 gap_ms=0.001 wall_ms=14.467 generated=1747->1751 rounds=1 drafted=3 accepted=3 k=3
[spec-acc] ctx=3958 burst=3/3 cum=1319/1431=0.922
[tick-spec] seq=2 slot=1 trace=- start_ms=14.476 gap_ms=0.008 wall_ms=15.494 generated=1793->1797 rounds=1 drafted=3 accepted=3 k=3
[tick] act=4 int=4 priming=2 ready=0 spec=4 demoted=0 spec_calls=2 spec_ms=30.0 prefill_single_calls=0 prefill_single_tokens=0 prefill_batch_calls=0 prefill_batch_tokens=0 prefill_ms=0.0 decode_ms=0.0
[spec-acc] ctx=3916 burst=1/3 cum=1264/1461=0.865
[tick-spec] seq=1 slot=0 trace=- start_ms=0.001 gap_ms=0.001 wall_ms=12.417 generated=1751->1753 rounds=1 drafted=3 accepted=1 k=3
[spec-acc] ctx=3962 burst=2/3 cum=1321/1434=0.921
[tick-spec] seq=2 slot=1 trace=- start_ms=12.425 gap_ms=0.008 wall_ms=13.524 generated=1797->1800 rounds=1 drafted=3 accepted=2 k=3
[tick] act=4 int=4 priming=2 ready=0 spec=4 demoted=0 spec_calls=2 spec_ms=26.0 prefill_single_calls=0 prefill_single_tokens=0 prefill_batch_calls=0 prefill_batch_tokens=0 prefill_ms=0.0 decode_ms=0.0
[spec-acc] ctx=3965 burst=3/3 cum=1324/1437=0.921
[tick-spec] seq=1 slot=1 trace=- start_ms=0.000 gap_ms=0.000 wall_ms=14.458 generated=1800->1804 rounds=1 drafted=3 accepted=3 k=3
[spec-acc] ctx=3918 burst=3/3 cum=1267/1464=0.865
[tick-spec] seq=2 slot=0 trace=- start_ms=14.466 gap_ms=0.007 wall_ms=14.483 generated=1753->1757 rounds=1 drafted=3 accepted=3 k=3
[tick] act=4 int=4 priming=2 ready=0 spec=4 demoted=0 spec_calls=2 spec_ms=29.0 prefill_single_calls=0 prefill_single_tokens=0 prefill_batch_calls=0 prefill_batch_tokens=0 prefill_ms=0.0 decode_ms=0.0
[spec-acc] ctx=3922 burst=3/3 cum=1270/1467=0.866
[tick-spec] seq=1 slot=0 trace=- start_ms=0.000 gap_ms=0.000 wall_ms=14.448 generated=1757->1761 rounds=1 drafted=3 accepted=3 k=3
[spec-acc] ctx=3969 burst=3/3 cum=1327/1440=0.922
[tick-spec] seq=2 slot=1 trace=- start_ms=14.456 gap_ms=0.007 wall_ms=13.395 generated=1804->1808 rounds=1 drafted=3 accepted=3 k=3
[tick] act=4 int=4 priming=2 ready=0 spec=4 demoted=0 spec_calls=2 spec_ms=27.9 prefill_single_calls=0 prefill_single_tokens=0 prefill_batch_calls=0 prefill_batch_tokens=0 prefill_ms=0.0 decode_ms=0.0
[spec-acc] ctx=3926 burst=3/3 cum=1273/1470=0.866
[tick-spec] seq=1 slot=0 trace=- start_ms=0.000 gap_ms=0.000 wall_ms=14.426 generated=1761->1765 rounds=1 drafted=3 accepted=3 k=3
[spec-acc] ctx=3973 burst=3/3 cum=1330/1443=0.922
[tick-spec] seq=2 slot=1 trace=- start_ms=14.435 gap_ms=0.008 wall_ms=14.440 generated=1808->1812 rounds=1 drafted=3 accepted=3 k=3
[tick] act=4 int=4 priming=2 ready=0 spec=4 demoted=0 spec_calls=2 spec_ms=28.9 prefill_single_calls=0 prefill_single_tokens=0 prefill_batch_calls=0 prefill_batch_tokens=0 prefill_ms=0.0 decode_ms=0.0
[spec-acc] ctx=3930 burst=3/3 cum=1276/1473=0.866
[tick-spec] seq=1 slot=0 trace=- start_ms=0.000 gap_ms=0.000 wall_ms=13.409 generated=1765->1769 rounds=1 drafted=3 accepted=3 k=3
[spec-acc] ctx=3977 burst=3/3 cum=1333/1446=0.922
[tick-spec] seq=2 slot=1 trace=- start_ms=13.418 gap_ms=0.008 wall_ms=31.243 generated=1812->1816 rounds=1 drafted=3 accepted=3 k=3
[tick] act=4 int=4 priming=2 ready=0 spec=4 demoted=0 spec_calls=2 spec_ms=44.7 prefill_single_calls=0 prefill_single_tokens=0 prefill_batch_calls=0 prefill_batch_tokens=0 prefill_ms=0.0 decode_ms=0.0
[spec-acc] ctx=3981 burst=2/3 cum=1335/1449=0.921
[tick-spec] seq=1 slot=1 trace=- start_ms=0.001 gap_ms=0.001 wall_ms=35.952 generated=1816->1819 rounds=1 drafted=3 accepted=2 k=3
[spec-acc] ctx=3934 burst=3/3 cum=1279/1476=0.867
[tick-spec] seq=2 slot=0 trace=- start_ms=35.960 gap_ms=0.008 wall_ms=14.479 generated=1769->1773 rounds=1 drafted=3 accepted=3 k=3
[tick] act=4 int=4 priming=2 ready=0 spec=4 demoted=0 spec_calls=2 spec_ms=50.4 prefill_single_calls=0 prefill_single_tokens=0 prefill_batch_calls=0 prefill_batch_tokens=0 prefill_ms=0.0 decode_ms=0.0
[spec-acc] ctx=3938 burst=2/3 cum=1281/1479=0.866
[tick-spec] seq=1 slot=0 trace=- start_ms=0.001 gap_ms=0.001 wall_ms=14.514 generated=1773->1776 rounds=1 drafted=3 accepted=2 k=3
[spec-acc] ctx=3984 burst=3/3 cum=1338/1452=0.921
[tick-spec] seq=2 slot=1 trace=- start_ms=14.523 gap_ms=0.008 wall_ms=15.511 generated=1819->1823 rounds=1 drafted=3 accepted=3 k=3
[tick] act=4 int=4 priming=2 ready=0 spec=4 demoted=0 spec_calls=2 spec_ms=30.0 prefill_single_calls=0 prefill_single_tokens=0 prefill_batch_calls=0 prefill_batch_tokens=0 prefill_ms=0.0 decode_ms=0.0
[spec-acc] ctx=3941 burst=3/3 cum=1284/1482=0.866
[tick-spec] seq=1 slot=0 trace=- start_ms=0.009 gap_ms=0.009 wall_ms=14.465 generated=1776->1780 rounds=1 drafted=3 accepted=3 k=3
[spec-acc] ctx=3988 burst=3/3 cum=1341/1455=0.922
[tick-spec] seq=2 slot=1 trace=- start_ms=14.482 gap_ms=0.008 wall_ms=14.475 generated=1823->1827 rounds=1 drafted=3 accepted=3 k=3
[tick] act=4 int=4 priming=2 ready=0 spec=4 demoted=0 spec_calls=2 spec_ms=29.0 prefill_single_calls=0 prefill_single_tokens=0 prefill_batch_calls=0 prefill_batch_tokens=0 prefill_ms=0.0 decode_ms=0.0
[spec-acc] ctx=3945 burst=3/3 cum=1287/1485=0.867
[tick-spec] seq=1 slot=0 trace=- start_ms=0.000 gap_ms=0.000 wall_ms=14.433 generated=1780->1784 rounds=1 drafted=3 accepted=3 k=3
[spec-acc] ctx=3992 burst=1/3 cum=1342/1458=0.920
[tick-spec] seq=2 slot=1 trace=- start_ms=14.441 gap_ms=0.007 wall_ms=13.476 generated=1827->1829 rounds=1 drafted=3 accepted=1 k=3
[tick] act=4 int=4 priming=2 ready=0 spec=4 demoted=0 spec_calls=2 spec_ms=27.9 prefill_single_calls=0 prefill_single_tokens=0 prefill_batch_calls=0 prefill_batch_tokens=0 prefill_ms=0.0 decode_ms=0.0
[spec-acc] ctx=3994 burst=3/3 cum=1345/1461=0.921
[tick-spec] seq=1 slot=1 trace=- start_ms=0.001 gap_ms=0.001 wall_ms=14.528 generated=1829->1833 rounds=1 drafted=3 accepted=3 k=3
[spec-acc] ctx=3949 burst=3/3 cum=1290/1488=0.867
[tick-spec] seq=2 slot=0 trace=- start_ms=14.537 gap_ms=0.008 wall_ms=15.479 generated=1784->1788 rounds=1 drafted=3 accepted=3 k=3
[tick] act=4 int=4 priming=2 ready=0 spec=4 demoted=0 spec_calls=2 spec_ms=30.0 prefill_single_calls=0 prefill_single_tokens=0 prefill_batch_calls=0 prefill_batch_tokens=0 prefill_ms=0.0 decode_ms=0.0
[spec-acc] ctx=3953 burst=3/3 cum=1293/1491=0.867
[tick-spec] seq=1 slot=0 trace=- start_ms=0.000 gap_ms=0.000 wall_ms=14.460 generated=1788->1792 rounds=1 drafted=3 accepted=3 k=3
[spec-acc] ctx=3998 burst=3/3 cum=1348/1464=0.921
[tick-spec] seq=2 slot=1 trace=- start_ms=14.467 gap_ms=0.007 wall_ms=15.481 generated=1833->1837 rounds=1 drafted=3 accepted=3 k=3
[tick] act=4 int=4 priming=2 ready=0 spec=4 demoted=0 spec_calls=2 spec_ms=30.0 prefill_single_calls=0 prefill_single_tokens=0 prefill_batch_calls=0 prefill_batch_tokens=0 prefill_ms=0.0 decode_ms=0.0
[spec-acc] ctx=3957 burst=1/3 cum=1294/1494=0.866
[tick-spec] seq=1 slot=0 trace=- start_ms=0.000 gap_ms=0.000 wall_ms=15.558 generated=1792->1794 rounds=1 drafted=3 accepted=1 k=3
[spec-acc] ctx=4002 burst=3/3 cum=1351/1467=0.921
[tick-spec] seq=2 slot=1 trace=- start_ms=15.566 gap_ms=0.008 wall_ms=15.525 generated=1837->1841 rounds=1 drafted=3 accepted=3 k=3
[tick] act=4 int=4 priming=2 ready=0 spec=4 demoted=0 spec_calls=2 spec_ms=31.1 prefill_single_calls=0 prefill_single_tokens=0 prefill_batch_calls=0 prefill_batch_tokens=0 prefill_ms=0.0 decode_ms=0.0
[spec-acc] ctx=3959 burst=3/3 cum=1297/1497=0.866
[tick-spec] seq=1 slot=0 trace=- start_ms=0.000 gap_ms=0.000 wall_ms=14.444 generated=1794->1798 rounds=1 drafted=3 accepted=3 k=3
[spec-acc] ctx=4006 burst=3/3 cum=1354/1470=0.921
[tick-spec] seq=2 slot=1 trace=- start_ms=14.453 gap_ms=0.008 wall_ms=13.422 generated=1841->1845 rounds=1 drafted=3 accepted=3 k=3
[tick] act=4 int=4 priming=2 ready=0 spec=4 demoted=0 spec_calls=2 spec_ms=27.9 prefill_single_calls=0 prefill_single_tokens=0 prefill_batch_calls=0 prefill_batch_tokens=0 prefill_ms=0.0 decode_ms=0.0
[spec-acc] ctx=4010 burst=3/3 cum=1357/1473=0.921
[tick-spec] seq=1 slot=1 trace=- start_ms=0.000 gap_ms=0.000 wall_ms=15.470 generated=1845->1849 rounds=1 drafted=3 accepted=3 k=3
[spec-acc] ctx=3963 burst=3/3 cum=1300/1500=0.867
[tick-spec] seq=2 slot=0 trace=- start_ms=15.478 gap_ms=0.007 wall_ms=29.603 generated=1798->1802 rounds=1 drafted=3 accepted=3 k=3
[tick] act=4 int=4 priming=2 ready=0 spec=4 demoted=0 spec_calls=2 spec_ms=45.1 prefill_single_calls=0 prefill_single_tokens=0 prefill_batch_calls=0 prefill_batch_tokens=0 prefill_ms=0.0 decode_ms=0.0
[spec-acc] ctx=3967 burst=3/3 cum=1303/1503=0.867
[tick-spec] seq=1 slot=0 trace=- start_ms=0.001 gap_ms=0.001 wall_ms=31.762 generated=1802->1806 rounds=1 drafted=3 accepted=3 k=3
[spec-acc] ctx=4014 burst=3/3 cum=1360/1476=0.921
[tick-spec] seq=2 slot=1 trace=- start_ms=31.771 gap_ms=0.008 wall_ms=16.488 generated=1849->1853 rounds=1 drafted=3 accepted=3 k=3
[tick] act=4 int=4 priming=2 ready=0 spec=4 demoted=0 spec_calls=2 spec_ms=48.3 prefill_single_calls=0 prefill_single_tokens=0 prefill_batch_calls=0 prefill_batch_tokens=0 prefill_ms=0.0 decode_ms=0.0
[spec-acc] ctx=3971 burst=3/3 cum=1306/1506=0.867
[tick-spec] seq=1 slot=0 trace=- start_ms=0.001 gap_ms=0.001 wall_ms=14.461 generated=1806->1810 rounds=1 drafted=3 accepted=3 k=3
[spec-acc] ctx=4018 burst=3/3 cum=1363/1479=0.922
[tick-spec] seq=2 slot=1 trace=- start_ms=14.469 gap_ms=0.008 wall_ms=13.392 generated=1853->1857 rounds=1 drafted=3 accepted=3 k=3
[tick] act=4 int=4 priming=2 ready=0 spec=4 demoted=0 spec_calls=2 spec_ms=27.9 prefill_single_calls=0 prefill_single_tokens=0 prefill_batch_calls=0 prefill_batch_tokens=0 prefill_ms=0.0 decode_ms=0.0
[spec-acc] ctx=3975 burst=3/3 cum=1309/1509=0.867
[tick-spec] seq=1 slot=0 trace=- start_ms=0.000 gap_ms=0.000 wall_ms=15.472 generated=1810->1814 rounds=1 drafted=3 accepted=3 k=3
[spec-acc] ctx=4022 burst=1/3 cum=1364/1482=0.920
[tick-spec] seq=2 slot=1 trace=- start_ms=15.480 gap_ms=0.007 wall_ms=14.532 generated=1857->1859 rounds=1 drafted=3 accepted=1 k=3
[tick] act=4 int=4 priming=2 ready=0 spec=4 demoted=0 spec_calls=2 spec_ms=30.0 prefill_single_calls=0 prefill_single_tokens=0 prefill_batch_calls=0 prefill_batch_tokens=0 prefill_ms=0.0 decode_ms=0.0
[spec-acc] ctx=4024 burst=3/3 cum=1367/1485=0.921
[tick-spec] seq=1 slot=1 trace=- start_ms=0.000 gap_ms=0.000 wall_ms=15.495 generated=1859->1863 rounds=1 drafted=3 accepted=3 k=3
[spec-acc] ctx=3979 burst=2/3 cum=1311/1512=0.867
[tick-spec] seq=2 slot=0 trace=- start_ms=15.504 gap_ms=0.008 wall_ms=14.553 generated=1814->1817 rounds=1 drafted=3 accepted=2 k=3
[prime-chunk] phase=mtp-draft-fill rows=4096 wall_ms=87.906
[prime-yield] count=13 remaining=5 chunks=1 wall_ms=87.906 max_chunk_ms=87.906
[tick-spec] seq=3 slot=3 trace=- start_ms=30.066 gap_ms=0.009 wall_ms=87.967 generated=0->0 rounds=0 drafted=0 accepted=0 k=3
[tick] act=4 int=4 priming=2 ready=0 spec=4 demoted=0 spec_calls=3 spec_ms=118.0 prefill_single_calls=0 prefill_single_tokens=0 prefill_batch_calls=0 prefill_batch_tokens=0 prefill_ms=0.0 decode_ms=0.0
[spec-acc] ctx=3982 burst=3/3 cum=1314/1515=0.867
[tick-spec] seq=1 slot=0 trace=- start_ms=0.000 gap_ms=0.000 wall_ms=14.606 generated=1817->1821 rounds=1 drafted=3 accepted=3 k=3
[spec-acc] ctx=4028 burst=3/3 cum=1370/1488=0.921
[tick-spec] seq=2 slot=1 trace=- start_ms=14.614 gap_ms=0.008 wall_ms=15.511 generated=1863->1867 rounds=1 drafted=3 accepted=3 k=3
[tick] act=4 int=4 priming=2 ready=0 spec=4 demoted=0 spec_calls=2 spec_ms=30.1 prefill_single_calls=0 prefill_single_tokens=0 prefill_batch_calls=0 prefill_batch_tokens=0 prefill_ms=0.0 decode_ms=0.0
[spec-acc] ctx=3986 burst=3/3 cum=1317/1518=0.868
[tick-spec] seq=1 slot=0 trace=- start_ms=0.001 gap_ms=0.001 wall_ms=13.365 generated=1821->1825 rounds=1 drafted=3 accepted=3 k=3
[spec-acc] ctx=4032 burst=3/3 cum=1373/1491=0.921
[tick-spec] seq=2 slot=1 trace=- start_ms=13.374 gap_ms=0.008 wall_ms=31.388 generated=1867->1871 rounds=1 drafted=3 accepted=3 k=3
[prime-chunk] phase=mtp-trunk rows=4096 wall_ms=661.526
[prime-yield] count=26 remaining=43 chunks=1 wall_ms=661.526 max_chunk_ms=661.526
[tick-spec] seq=3 slot=2 trace=- start_ms=44.772 gap_ms=0.009 wall_ms=661.715 generated=0->0 rounds=0 drafted=0 accepted=0 k=3
[tick] act=4 int=4 priming=2 ready=0 spec=4 demoted=0 spec_calls=3 spec_ms=706.5 prefill_single_calls=0 prefill_single_tokens=0 prefill_batch_calls=0 prefill_batch_tokens=0 prefill_ms=0.0 decode_ms=0.0
[spec-acc] ctx=3990 burst=3/3 cum=1320/1521=0.868
[tick-spec] seq=1 slot=0 trace=- start_ms=0.001 gap_ms=0.001 wall_ms=13.415 generated=1825->1829 rounds=1 drafted=3 accepted=3 k=3
[spec-acc] ctx=4036 burst=3/3 cum=1376/1494=0.921
[tick-spec] seq=2 slot=1 trace=- start_ms=13.425 gap_ms=0.008 wall_ms=15.529 generated=1871->1875 rounds=1 drafted=3 accepted=3 k=3
[tick] act=4 int=4 priming=2 ready=0 spec=4 demoted=0 spec_calls=2 spec_ms=29.0 prefill_single_calls=0 prefill_single_tokens=0 prefill_batch_calls=0 prefill_batch_tokens=0 prefill_ms=0.0 decode_ms=0.0
[spec-acc] ctx=4040 burst=3/3 cum=1379/1497=0.921
[tick-spec] seq=1 slot=1 trace=- start_ms=0.001 gap_ms=0.001 wall_ms=13.399 generated=1875->1879 rounds=1 drafted=3 accepted=3 k=3
[spec-acc] ctx=3994 burst=3/3 cum=1323/1524=0.868
[tick-spec] seq=2 slot=0 trace=- start_ms=13.408 gap_ms=0.008 wall_ms=15.524 generated=1829->1833 rounds=1 drafted=3 accepted=3 k=3
[tick] act=4 int=4 priming=2 ready=0 spec=4 demoted=0 spec_calls=2 spec_ms=28.9 prefill_single_calls=0 prefill_single_tokens=0 prefill_batch_calls=0 prefill_batch_tokens=0 prefill_ms=0.0 decode_ms=0.0
[spec-acc] ctx=3998 burst=1/3 cum=1324/1527=0.867
[tick-spec] seq=1 slot=0 trace=- start_ms=0.000 gap_ms=0.000 wall_ms=14.491 generated=1833->1835 rounds=1 drafted=3 accepted=1 k=3
[spec-acc] ctx=4044 burst=3/3 cum=1382/1500=0.921
[tick-spec] seq=2 slot=1 trace=- start_ms=14.499 gap_ms=0.008 wall_ms=15.487 generated=1879->1883 rounds=1 drafted=3 accepted=3 k=3
[tick] act=4 int=4 priming=2 ready=0 spec=4 demoted=0 spec_calls=2 spec_ms=30.0 prefill_single_calls=0 prefill_single_tokens=0 prefill_batch_calls=0 prefill_batch_tokens=0 prefill_ms=0.0 decode_ms=0.0
[spec-acc] ctx=4000 burst=3/3 cum=1327/1530=0.867
[tick-spec] seq=1 slot=0 trace=- start_ms=0.001 gap_ms=0.001 wall_ms=14.469 generated=1835->1839 rounds=1 drafted=3 accepted=3 k=3
[spec-acc] ctx=4048 burst=3/3 cum=1385/1503=0.921
[tick-spec] seq=2 slot=1 trace=- start_ms=14.478 gap_ms=0.008 wall_ms=16.525 generated=1883->1887 rounds=1 drafted=3 accepted=3 k=3
[tick] act=4 int=4 priming=2 ready=0 spec=4 demoted=0 spec_calls=2 spec_ms=31.0 prefill_single_calls=0 prefill_single_tokens=0 prefill_batch_calls=0 prefill_batch_tokens=0 prefill_ms=0.0 decode_ms=0.0
[spec-acc] ctx=4004 burst=3/3 cum=1330/1533=0.868
[tick-spec] seq=1 slot=0 trace=- start_ms=0.000 gap_ms=0.000 wall_ms=14.446 generated=1839->1843 rounds=1 drafted=3 accepted=3 k=3
[spec-acc] ctx=4052 burst=2/3 cum=1387/1506=0.921
[tick-spec] seq=2 slot=1 trace=- start_ms=14.454 gap_ms=0.007 wall_ms=14.535 generated=1887->1890 rounds=1 drafted=3 accepted=2 k=3
[tick] act=4 int=4 priming=2 ready=0 spec=4 demoted=0 spec_calls=2 spec_ms=29.0 prefill_single_calls=0 prefill_single_tokens=0 prefill_batch_calls=0 prefill_batch_tokens=0 prefill_ms=0.0 decode_ms=0.0
[spec-acc] ctx=4055 burst=3/3 cum=1390/1509=0.921
[tick-spec] seq=1 slot=1 trace=- start_ms=0.001 gap_ms=0.001 wall_ms=14.458 generated=1890->1894 rounds=1 drafted=3 accepted=3 k=3
[spec-acc] ctx=4008 burst=3/3 cum=1333/1536=0.868
[tick-spec] seq=2 slot=0 trace=- start_ms=14.467 gap_ms=0.008 wall_ms=15.476 generated=1843->1847 rounds=1 drafted=3 accepted=3 k=3
[tick] act=4 int=4 priming=2 ready=0 spec=4 demoted=0 spec_calls=2 spec_ms=30.0 prefill_single_calls=0 prefill_single_tokens=0 prefill_batch_calls=0 prefill_batch_tokens=0 prefill_ms=0.0 decode_ms=0.0
[spec-acc] ctx=4012 burst=3/3 cum=1336/1539=0.868
[tick-spec] seq=1 slot=0 trace=- start_ms=0.001 gap_ms=0.001 wall_ms=13.386 generated=1847->1851 rounds=1 drafted=3 accepted=3 k=3
[spec-acc] ctx=4059 burst=3/3 cum=1393/1512=0.921
[tick-spec] seq=2 slot=1 trace=- start_ms=13.395 gap_ms=0.008 wall_ms=13.376 generated=1894->1898 rounds=1 drafted=3 accepted=3 k=3
[tick] act=4 int=4 priming=2 ready=0 spec=4 demoted=0 spec_calls=2 spec_ms=26.8 prefill_single_calls=0 prefill_single_tokens=0 prefill_batch_calls=0 prefill_batch_tokens=0 prefill_ms=0.0 decode_ms=0.0
[spec-acc] ctx=4016 burst=3/3 cum=1339/1542=0.868
[tick-spec] seq=1 slot=0 trace=- start_ms=0.000 gap_ms=0.000 wall_ms=13.389 generated=1851->1855 rounds=1 drafted=3 accepted=3 k=3
[spec-acc] ctx=4063 burst=3/3 cum=1396/1515=0.921
[tick-spec] seq=2 slot=1 trace=- start_ms=13.397 gap_ms=0.008 wall_ms=13.390 generated=1898->1902 rounds=1 drafted=3 accepted=3 k=3
[tick] act=4 int=4 priming=2 ready=0 spec=4 demoted=0 spec_calls=2 spec_ms=26.8 prefill_single_calls=0 prefill_single_tokens=0 prefill_batch_calls=0 prefill_batch_tokens=0 prefill_ms=0.0 decode_ms=0.0
[spec-acc] ctx=4020 burst=2/3 cum=1341/1545=0.868
[tick-spec] seq=1 slot=0 trace=- start_ms=0.001 gap_ms=0.001 wall_ms=28.444 generated=1855->1858 rounds=1 drafted=3 accepted=2 k=3
[spec-acc] ctx=4067 burst=3/3 cum=1399/1518=0.922
[tick-spec] seq=2 slot=1 trace=- start_ms=28.457 gap_ms=0.013 wall_ms=32.257 generated=1902->1906 rounds=1 drafted=3 accepted=3 k=3
[tick] act=4 int=4 priming=2 ready=0 spec=4 demoted=0 spec_calls=2 spec_ms=60.7 prefill_single_calls=0 prefill_single_tokens=0 prefill_batch_calls=0 prefill_batch_tokens=0 prefill_ms=0.0 decode_ms=0.0
[spec-acc] ctx=4071 burst=3/3 cum=1402/1521=0.922
[tick-spec] seq=1 slot=1 trace=- start_ms=0.001 gap_ms=0.001 wall_ms=14.467 generated=1906->1910 rounds=1 drafted=3 accepted=3 k=3
[spec-acc] ctx=4023 burst=3/3 cum=1344/1548=0.868
[tick-spec] seq=2 slot=0 trace=- start_ms=14.476 gap_ms=0.008 wall_ms=14.516 generated=1858->1862 rounds=1 drafted=3 accepted=3 k=3
[tick] act=4 int=4 priming=2 ready=0 spec=4 demoted=0 spec_calls=2 spec_ms=29.0 prefill_single_calls=0 prefill_single_tokens=0 prefill_batch_calls=0 prefill_batch_tokens=0 prefill_ms=0.0 decode_ms=0.0
[spec-acc] ctx=4027 burst=3/3 cum=1347/1551=0.868
[tick-spec] seq=1 slot=0 trace=- start_ms=0.000 gap_ms=0.000 wall_ms=13.379 generated=1862->1866 rounds=1 drafted=3 accepted=3 k=3
[spec-acc] ctx=4075 burst=3/3 cum=1405/1524=0.922
[tick-spec] seq=2 slot=1 trace=- start_ms=13.387 gap_ms=0.008 wall_ms=14.509 generated=1910->1914 rounds=1 drafted=3 accepted=3 k=3
[tick] act=4 int=4 priming=2 ready=0 spec=4 demoted=0 spec_calls=2 spec_ms=27.9 prefill_single_calls=0 prefill_single_tokens=0 prefill_batch_calls=0 prefill_batch_tokens=0 prefill_ms=0.0 decode_ms=0.0
[spec-acc] ctx=4031 burst=3/3 cum=1350/1554=0.869
[tick-spec] seq=1 slot=0 trace=- start_ms=0.000 gap_ms=0.000 wall_ms=12.317 generated=1866->1870 rounds=1 drafted=3 accepted=3 k=3
[spec-acc] ctx=4079 burst=3/3 cum=1408/1527=0.922
[tick-spec] seq=2 slot=1 trace=- start_ms=12.325 gap_ms=0.007 wall_ms=14.436 generated=1914->1918 rounds=1 drafted=3 accepted=3 k=3
[tick] act=4 int=4 priming=2 ready=0 spec=4 demoted=0 spec_calls=2 spec_ms=26.8 prefill_single_calls=0 prefill_single_tokens=0 prefill_batch_calls=0 prefill_batch_tokens=0 prefill_ms=0.0 decode_ms=0.0
[spec-acc] ctx=4035 burst=3/3 cum=1353/1557=0.869
[tick-spec] seq=1 slot=0 trace=- start_ms=0.000 gap_ms=0.000 wall_ms=15.505 generated=1870->1874 rounds=1 drafted=3 accepted=3 k=3
[spec-acc] ctx=4083 burst=3/3 cum=1411/1530=0.922
[tick-spec] seq=2 slot=1 trace=- start_ms=15.513 gap_ms=0.008 wall_ms=14.472 generated=1918->1922 rounds=1 drafted=3 accepted=3 k=3
[tick] act=4 int=4 priming=2 ready=0 spec=4 demoted=0 spec_calls=2 spec_ms=30.0 prefill_single_calls=0 prefill_single_tokens=0 prefill_batch_calls=0 prefill_batch_tokens=0 prefill_ms=0.0 decode_ms=0.0
[spec-acc] ctx=4087 burst=3/3 cum=1414/1533=0.922
[tick-spec] seq=1 slot=1 trace=- start_ms=0.000 gap_ms=0.000 wall_ms=15.525 generated=1922->1926 rounds=1 drafted=3 accepted=3 k=3
[spec-acc] ctx=4039 burst=1/3 cum=1354/1560=0.868
[tick-spec] seq=2 slot=0 trace=- start_ms=15.533 gap_ms=0.007 wall_ms=14.693 generated=1874->1876 rounds=1 drafted=3 accepted=1 k=3
[tick] act=4 int=4 priming=2 ready=0 spec=4 demoted=0 spec_calls=2 spec_ms=30.2 prefill_single_calls=0 prefill_single_tokens=0 prefill_batch_calls=0 prefill_batch_tokens=0 prefill_ms=0.0 decode_ms=0.0
[spec-acc] ctx=4041 burst=3/3 cum=1357/1563=0.868
[tick-spec] seq=1 slot=0 trace=- start_ms=0.000 gap_ms=0.000 wall_ms=14.442 generated=1876->1880 rounds=1 drafted=3 accepted=3 k=3
[spec-acc] ctx=4091 burst=3/3 cum=1417/1536=0.923
[tick-spec] seq=2 slot=1 trace=- start_ms=14.450 gap_ms=0.008 wall_ms=14.457 generated=1926->1930 rounds=1 drafted=3 accepted=3 k=3
[tick] act=4 int=4 priming=2 ready=0 spec=4 demoted=0 spec_calls=2 spec_ms=28.9 prefill_single_calls=0 prefill_single_tokens=0 prefill_batch_calls=0 prefill_batch_tokens=0 prefill_ms=0.0 decode_ms=0.0
[spec-acc] ctx=4045 burst=3/3 cum=1360/1566=0.868
[tick-spec] seq=1 slot=0 trace=- start_ms=0.000 gap_ms=0.000 wall_ms=14.399 generated=1880->1884 rounds=1 drafted=3 accepted=3 k=3
[spec-acc] ctx=4095 burst=3/3 cum=1420/1539=0.923
[tick-spec] seq=2 slot=1 trace=- start_ms=14.407 gap_ms=0.008 wall_ms=15.531 generated=1930->1934 rounds=1 drafted=3 accepted=3 k=3
[tick] act=4 int=4 priming=2 ready=0 spec=4 demoted=0 spec_calls=2 spec_ms=29.9 prefill_single_calls=0 prefill_single_tokens=0 prefill_batch_calls=0 prefill_batch_tokens=0 prefill_ms=0.0 decode_ms=0.0
[spec-acc] ctx=4049 burst=3/3 cum=1363/1569=0.869
[tick-spec] seq=1 slot=0 trace=- start_ms=0.000 gap_ms=0.000 wall_ms=14.422 generated=1884->1888 rounds=1 drafted=3 accepted=3 k=3
[spec-acc] ctx=4099 burst=3/3 cum=1423/1542=0.923
[tick-spec] seq=2 slot=1 trace=- start_ms=14.431 gap_ms=0.008 wall_ms=12.321 generated=1934->1938 rounds=1 drafted=3 accepted=3 k=3
[tick] act=4 int=4 priming=2 ready=0 spec=4 demoted=0 spec_calls=2 spec_ms=26.8 prefill_single_calls=0 prefill_single_tokens=0 prefill_batch_calls=0 prefill_batch_tokens=0 prefill_ms=0.0 decode_ms=0.0
[spec-acc] ctx=4103 burst=3/3 cum=1426/1545=0.923
[tick-spec] seq=1 slot=1 trace=- start_ms=0.000 gap_ms=0.000 wall_ms=14.494 generated=1938->1942 rounds=1 drafted=3 accepted=3 k=3
[spec-acc] ctx=4053 burst=3/3 cum=1366/1572=0.869
[tick-spec] seq=2 slot=0 trace=- start_ms=14.502 gap_ms=0.007 wall_ms=29.657 generated=1888->1892 rounds=1 drafted=3 accepted=3 k=3
[tick] act=4 int=4 priming=2 ready=0 spec=4 demoted=0 spec_calls=2 spec_ms=44.2 prefill_single_calls=0 prefill_single_tokens=0 prefill_batch_calls=0 prefill_batch_tokens=0 prefill_ms=0.0 decode_ms=0.0
[spec-acc] ctx=4057 burst=3/3 cum=1369/1575=0.869
[tick-spec] seq=1 slot=0 trace=- start_ms=0.001 gap_ms=0.001 wall_ms=29.743 generated=1892->1896 rounds=1 drafted=3 accepted=3 k=3
[spec-acc] ctx=4107 burst=3/3 cum=1429/1548=0.923
[tick-spec] seq=2 slot=1 trace=- start_ms=29.752 gap_ms=0.008 wall_ms=15.531 generated=1942->1946 rounds=1 drafted=3 accepted=3 k=3
[tick] act=4 int=4 priming=2 ready=0 spec=4 demoted=0 spec_calls=2 spec_ms=45.3 prefill_single_calls=0 prefill_single_tokens=0 prefill_batch_calls=0 prefill_batch_tokens=0 prefill_ms=0.0 decode_ms=0.0
[spec-acc] ctx=4061 burst=2/3 cum=1371/1578=0.869
[tick-spec] seq=1 slot=0 trace=- start_ms=0.001 gap_ms=0.001 wall_ms=14.527 generated=1896->1899 rounds=1 drafted=3 accepted=2 k=3
[spec-acc] ctx=4111 burst=3/3 cum=1432/1551=0.923
[tick-spec] seq=2 slot=1 trace=- start_ms=14.543 gap_ms=0.015 wall_ms=14.447 generated=1946->1950 rounds=1 drafted=3 accepted=3 k=3
[prime-chunk] phase=mtp-draft-fill rows=4096 wall_ms=87.827
[prime-yield] count=14 remaining=4 chunks=1 wall_ms=87.827 max_chunk_ms=87.827
[tick-spec] seq=3 slot=3 trace=- start_ms=28.999 gap_ms=0.009 wall_ms=87.886 generated=0->0 rounds=0 drafted=0 accepted=0 k=3
[tick] act=4 int=4 priming=2 ready=0 spec=4 demoted=0 spec_calls=3 spec_ms=116.9 prefill_single_calls=0 prefill_single_tokens=0 prefill_batch_calls=0 prefill_batch_tokens=0 prefill_ms=0.0 decode_ms=0.0
[spec-acc] ctx=4064 burst=2/3 cum=1373/1581=0.868
[tick-spec] seq=1 slot=0 trace=- start_ms=0.001 gap_ms=0.001 wall_ms=14.614 generated=1899->1902 rounds=1 drafted=3 accepted=2 k=3
[spec-acc] ctx=4115 burst=3/3 cum=1435/1554=0.923
[tick-spec] seq=2 slot=1 trace=- start_ms=14.623 gap_ms=0.008 wall_ms=14.481 generated=1950->1954 rounds=1 drafted=3 accepted=3 k=3
[tick] act=4 int=4 priming=2 ready=0 spec=4 demoted=0 spec_calls=2 spec_ms=29.1 prefill_single_calls=0 prefill_single_tokens=0 prefill_batch_calls=0 prefill_batch_tokens=0 prefill_ms=0.0 decode_ms=0.0
[spec-acc] ctx=4119 burst=3/3 cum=1438/1557=0.924
[tick-spec] seq=1 slot=1 trace=- start_ms=0.001 gap_ms=0.001 wall_ms=14.416 generated=1954->1958 rounds=1 drafted=3 accepted=3 k=3
[spec-acc] ctx=4067 burst=3/3 cum=1376/1584=0.869
[tick-spec] seq=2 slot=0 trace=- start_ms=14.424 gap_ms=0.008 wall_ms=14.452 generated=1902->1906 rounds=1 drafted=3 accepted=3 k=3
[prime-chunk] phase=mtp-trunk rows=4096 wall_ms=675.970
[prime-yield] count=27 remaining=42 chunks=1 wall_ms=675.970 max_chunk_ms=675.970
[tick-spec] seq=3 slot=2 trace=- start_ms=28.885 gap_ms=0.009 wall_ms=676.159 generated=0->0 rounds=0 drafted=0 accepted=0 k=3
[tick] act=4 int=4 priming=2 ready=0 spec=4 demoted=0 spec_calls=3 spec_ms=705.1 prefill_single_calls=0 prefill_single_tokens=0 prefill_batch_calls=0 prefill_batch_tokens=0 prefill_ms=0.0 decode_ms=0.0
[spec-acc] ctx=4071 burst=3/3 cum=1379/1587=0.869
[tick-spec] seq=1 slot=0 trace=- start_ms=0.001 gap_ms=0.001 wall_ms=31.887 generated=1906->1910 rounds=1 drafted=3 accepted=3 k=3
[spec-acc] ctx=4123 burst=3/3 cum=1441/1560=0.924
[tick-spec] seq=2 slot=1 trace=- start_ms=31.896 gap_ms=0.008 wall_ms=14.472 generated=1958->1962 rounds=1 drafted=3 accepted=3 k=3
[tick] act=4 int=4 priming=2 ready=0 spec=4 demoted=0 spec_calls=2 spec_ms=46.4 prefill_single_calls=0 prefill_single_tokens=0 prefill_batch_calls=0 prefill_batch_tokens=0 prefill_ms=0.0 decode_ms=0.0
[spec-acc] ctx=4075 burst=3/3 cum=1382/1590=0.869
[tick-spec] seq=1 slot=0 trace=- start_ms=0.001 gap_ms=0.001 wall_ms=14.770 generated=1910->1914 rounds=1 drafted=3 accepted=3 k=3
[spec-acc] ctx=4127 burst=3/3 cum=1444/1563=0.924
[tick-spec] seq=2 slot=1 trace=- start_ms=14.779 gap_ms=0.008 wall_ms=14.478 generated=1962->1966 rounds=1 drafted=3 accepted=3 k=3
[tick] act=4 int=4 priming=2 ready=0 spec=4 demoted=0 spec_calls=2 spec_ms=29.3 prefill_single_calls=0 prefill_single_tokens=0 prefill_batch_calls=0 prefill_batch_tokens=0 prefill_ms=0.0 decode_ms=0.0
[spec-acc] ctx=4079 burst=2/3 cum=1384/1593=0.869
[tick-spec] seq=1 slot=0 trace=- start_ms=0.000 gap_ms=0.000 wall_ms=14.544 generated=1914->1917 rounds=1 drafted=3 accepted=2 k=3
[spec-acc] ctx=4131 burst=3/3 cum=1447/1566=0.924
[tick-spec] seq=2 slot=1 trace=- start_ms=14.552 gap_ms=0.008 wall_ms=12.388 generated=1966->1970 rounds=1 drafted=3 accepted=3 k=3
[tick] act=4 int=4 priming=2 ready=0 spec=4 demoted=0 spec_calls=2 spec_ms=26.9 prefill_single_calls=0 prefill_single_tokens=0 prefill_batch_calls=0 prefill_batch_tokens=0 prefill_ms=0.0 decode_ms=0.0
[spec-acc] ctx=4135 burst=3/3 cum=1450/1569=0.924
[tick-spec] seq=1 slot=1 trace=- start_ms=0.001 gap_ms=0.001 wall_ms=15.484 generated=1970->1974 rounds=1 drafted=3 accepted=3 k=3
[spec-acc] ctx=4082 burst=3/3 cum=1387/1596=0.869
[tick-spec] seq=2 slot=0 trace=- start_ms=15.493 gap_ms=0.008 wall_ms=14.480 generated=1917->1921 rounds=1 drafted=3 accepted=3 k=3
[tick] act=4 int=4 priming=2 ready=0 spec=4 demoted=0 spec_calls=2 spec_ms=30.0 prefill_single_calls=0 prefill_single_tokens=0 prefill_batch_calls=0 prefill_batch_tokens=0 prefill_ms=0.0 decode_ms=0.0
[spec-acc] ctx=4086 burst=3/3 cum=1390/1599=0.869
[tick-spec] seq=1 slot=0 trace=- start_ms=0.000 gap_ms=0.000 wall_ms=13.375 generated=1921->1925 rounds=1 drafted=3 accepted=3 k=3
[spec-acc] ctx=4139 burst=3/3 cum=1453/1572=0.924
[tick-spec] seq=2 slot=1 trace=- start_ms=13.383 gap_ms=0.007 wall_ms=14.510 generated=1974->1978 rounds=1 drafted=3 accepted=3 k=3
[tick] act=4 int=4 priming=2 ready=0 spec=4 demoted=0 spec_calls=2 spec_ms=27.9 prefill_single_calls=0 prefill_single_tokens=0 prefill_batch_calls=0 prefill_batch_tokens=0 prefill_ms=0.0 decode_ms=0.0
[spec-acc] ctx=4090 burst=3/3 cum=1393/1602=0.870
[tick-spec] seq=1 slot=0 trace=- start_ms=0.000 gap_ms=0.000 wall_ms=14.435 generated=1925->1929 rounds=1 drafted=3 accepted=3 k=3
[spec-acc] ctx=4143 burst=3/3 cum=1456/1575=0.924
[tick-spec] seq=2 slot=1 trace=- start_ms=14.443 gap_ms=0.007 wall_ms=13.425 generated=1978->1982 rounds=1 drafted=3 accepted=3 k=3
[tick] act=4 int=4 priming=2 ready=0 spec=4 demoted=0 spec_calls=2 spec_ms=27.9 prefill_single_calls=0 prefill_single_tokens=0 prefill_batch_calls=0 prefill_batch_tokens=0 prefill_ms=0.0 decode_ms=0.0
[spec-acc] ctx=4094 burst=3/3 cum=1396/1605=0.870
[tick-spec] seq=1 slot=0 trace=- start_ms=0.000 gap_ms=0.000 wall_ms=14.426 generated=1929->1933 rounds=1 drafted=3 accepted=3 k=3
[spec-acc] ctx=4147 burst=3/3 cum=1459/1578=0.925
[tick-spec] seq=2 slot=1 trace=- start_ms=14.433 gap_ms=0.007 wall_ms=13.395 generated=1982->1986 rounds=1 drafted=3 accepted=3 k=3
[tick] act=4 int=4 priming=2 ready=0 spec=4 demoted=0 spec_calls=2 spec_ms=27.8 prefill_single_calls=0 prefill_single_tokens=0 prefill_batch_calls=0 prefill_batch_tokens=0 prefill_ms=0.0 decode_ms=0.0
[spec-acc] ctx=4151 burst=3/3 cum=1462/1581=0.925
[tick-spec] seq=1 slot=1 trace=- start_ms=0.000 gap_ms=0.000 wall_ms=15.517 generated=1986->1990 rounds=1 drafted=3 accepted=3 k=3
[spec-acc] ctx=4098 burst=3/3 cum=1399/1608=0.870
[tick-spec] seq=2 slot=0 trace=- start_ms=15.525 gap_ms=0.007 wall_ms=15.483 generated=1933->1937 rounds=1 drafted=3 accepted=3 k=3
[tick] act=4 int=4 priming=2 ready=0 spec=4 demoted=0 spec_calls=2 spec_ms=31.0 prefill_single_calls=0 prefill_single_tokens=0 prefill_batch_calls=0 prefill_batch_tokens=0 prefill_ms=0.0 decode_ms=0.0
[spec-acc] ctx=4102 burst=2/3 cum=1401/1611=0.870
[tick-spec] seq=1 slot=0 trace=- start_ms=0.000 gap_ms=0.000 wall_ms=14.528 generated=1937->1940 rounds=1 drafted=3 accepted=2 k=3
[spec-acc] ctx=4155 burst=3/3 cum=1465/1584=0.925
[tick-spec] seq=2 slot=1 trace=- start_ms=14.536 gap_ms=0.008 wall_ms=13.420 generated=1990->1994 rounds=1 drafted=3 accepted=3 k=3
[tick] act=4 int=4 priming=2 ready=0 spec=4 demoted=0 spec_calls=2 spec_ms=28.0 prefill_single_calls=0 prefill_single_tokens=0 prefill_batch_calls=0 prefill_batch_tokens=0 prefill_ms=0.0 decode_ms=0.0
[spec-acc] ctx=4105 burst=3/3 cum=1404/1614=0.870
[tick-spec] seq=1 slot=0 trace=- start_ms=0.000 gap_ms=0.000 wall_ms=28.863 generated=1940->1944 rounds=1 drafted=3 accepted=3 k=3
[spec-acc] ctx=4159 burst=3/3 cum=1468/1587=0.925
[tick-spec] seq=2 slot=1 trace=- start_ms=28.871 gap_ms=0.008 wall_ms=27.152 generated=1994->1998 rounds=1 drafted=3 accepted=3 k=3
[tick] act=4 int=4 priming=2 ready=0 spec=4 demoted=0 spec_calls=2 spec_ms=56.0 prefill_single_calls=0 prefill_single_tokens=0 prefill_batch_calls=0 prefill_batch_tokens=0 prefill_ms=0.0 decode_ms=0.0
[spec-acc] ctx=4109 burst=3/3 cum=1407/1617=0.870
[tick-spec] seq=1 slot=0 trace=- start_ms=0.001 gap_ms=0.001 wall_ms=13.428 generated=1944->1948 rounds=1 drafted=3 accepted=3 k=3
[spec-acc] ctx=4163 burst=3/3 cum=1471/1590=0.925
[tick-spec] seq=2 slot=1 trace=- start_ms=13.437 gap_ms=0.008 wall_ms=14.487 generated=1998->2002 rounds=1 drafted=3 accepted=3 k=3
[tick] act=4 int=4 priming=2 ready=0 spec=4 demoted=0 spec_calls=2 spec_ms=27.9 prefill_single_calls=0 prefill_single_tokens=0 prefill_batch_calls=0 prefill_batch_tokens=0 prefill_ms=0.0 decode_ms=0.0
[spec-acc] ctx=4167 burst=3/3 cum=1474/1593=0.925
[tick-spec] seq=1 slot=1 trace=- start_ms=0.001 gap_ms=0.001 wall_ms=15.498 generated=2002->2006 rounds=1 drafted=3 accepted=3 k=3
[spec-acc] ctx=4113 burst=3/3 cum=1410/1620=0.870
[tick-spec] seq=2 slot=0 trace=- start_ms=15.506 gap_ms=0.008 wall_ms=15.530 generated=1948->1952 rounds=1 drafted=3 accepted=3 k=3
[tick] act=4 int=4 priming=2 ready=0 spec=4 demoted=0 spec_calls=2 spec_ms=31.0 prefill_single_calls=0 prefill_single_tokens=0 prefill_batch_calls=0 prefill_batch_tokens=0 prefill_ms=0.0 decode_ms=0.0
[spec-acc] ctx=4117 burst=3/3 cum=1413/1623=0.871
[tick-spec] seq=1 slot=0 trace=- start_ms=0.000 gap_ms=0.000 wall_ms=15.496 generated=1952->1956 rounds=1 drafted=3 accepted=3 k=3
[spec-acc] ctx=4171 burst=3/3 cum=1477/1596=0.925
[tick-spec] seq=2 slot=1 trace=- start_ms=15.504 gap_ms=0.007 wall_ms=15.500 generated=2006->2010 rounds=1 drafted=3 accepted=3 k=3
[tick] act=4 int=4 priming=2 ready=0 spec=4 demoted=0 spec_calls=2 spec_ms=31.0 prefill_single_calls=0 prefill_single_tokens=0 prefill_batch_calls=0 prefill_batch_tokens=0 prefill_ms=0.0 decode_ms=0.0
[spec-acc] ctx=4121 burst=1/3 cum=1414/1626=0.870
[tick-spec] seq=1 slot=0 trace=- start_ms=0.000 gap_ms=0.000 wall_ms=13.515 generated=1956->1958 rounds=1 drafted=3 accepted=1 k=3
[spec-acc] ctx=4175 burst=3/3 cum=1480/1599=0.926
[tick-spec] seq=2 slot=1 trace=- start_ms=13.523 gap_ms=0.008 wall_ms=14.476 generated=2010->2014 rounds=1 drafted=3 accepted=3 k=3
[tick] act=4 int=4 priming=2 ready=0 spec=4 demoted=0 spec_calls=2 spec_ms=28.0 prefill_single_calls=0 prefill_single_tokens=0 prefill_batch_calls=0 prefill_batch_tokens=0 prefill_ms=0.0 decode_ms=0.0
[spec-acc] ctx=4123 burst=3/3 cum=1417/1629=0.870
[tick-spec] seq=1 slot=0 trace=- start_ms=0.000 gap_ms=0.000 wall_ms=15.463 generated=1958->1962 rounds=1 drafted=3 accepted=3 k=3
[spec-acc] ctx=4179 burst=3/3 cum=1483/1602=0.926
[tick-spec] seq=2 slot=1 trace=- start_ms=15.471 gap_ms=0.007 wall_ms=14.449 generated=2014->2018 rounds=1 drafted=3 accepted=3 k=3
[tick] act=4 int=4 priming=2 ready=0 spec=4 demoted=0 spec_calls=2 spec_ms=29.9 prefill_single_calls=0 prefill_single_tokens=0 prefill_batch_calls=0 prefill_batch_tokens=0 prefill_ms=0.0 decode_ms=0.0
[spec-acc] ctx=4183 burst=3/3 cum=1486/1605=0.926
[tick-spec] seq=1 slot=1 trace=- start_ms=0.000 gap_ms=0.000 wall_ms=14.434 generated=2018->2022 rounds=1 drafted=3 accepted=3 k=3
[spec-acc] ctx=4127 burst=3/3 cum=1420/1632=0.870
[tick-spec] seq=2 slot=0 trace=- start_ms=14.442 gap_ms=0.008 wall_ms=14.422 generated=1962->1966 rounds=1 drafted=3 accepted=3 k=3
[tick] act=4 int=4 priming=2 ready=0 spec=4 demoted=0 spec_calls=2 spec_ms=28.9 prefill_single_calls=0 prefill_single_tokens=0 prefill_batch_calls=0 prefill_batch_tokens=0 prefill_ms=0.0 decode_ms=0.0
[spec-acc] ctx=4131 burst=3/3 cum=1423/1635=0.870
[tick-spec] seq=1 slot=0 trace=- start_ms=0.000 gap_ms=0.000 wall_ms=15.505 generated=1966->1970 rounds=1 drafted=3 accepted=3 k=3
[spec-acc] ctx=4187 burst=3/3 cum=1489/1608=0.926
[tick-spec] seq=2 slot=1 trace=- start_ms=15.513 gap_ms=0.008 wall_ms=15.505 generated=2022->2026 rounds=1 drafted=3 accepted=3 k=3
[tick] act=4 int=4 priming=2 ready=0 spec=4 demoted=0 spec_calls=2 spec_ms=31.0 prefill_single_calls=0 prefill_single_tokens=0 prefill_batch_calls=0 prefill_batch_tokens=0 prefill_ms=0.0 decode_ms=0.0
[spec-acc] ctx=4135 burst=3/3 cum=1426/1638=0.871
[tick-spec] seq=1 slot=0 trace=- start_ms=0.000 gap_ms=0.000 wall_ms=15.492 generated=1970->1974 rounds=1 drafted=3 accepted=3 k=3
[spec-acc] ctx=4191 burst=3/3 cum=1492/1611=0.926
[tick-spec] seq=2 slot=1 trace=- start_ms=15.499 gap_ms=0.007 wall_ms=15.574 generated=2026->2030 rounds=1 drafted=3 accepted=3 k=3
[tick] act=4 int=4 priming=2 ready=0 spec=4 demoted=0 spec_calls=2 spec_ms=31.1 prefill_single_calls=0 prefill_single_tokens=0 prefill_batch_calls=0 prefill_batch_tokens=0 prefill_ms=0.0 decode_ms=0.0
[spec-acc] ctx=4139 burst=3/3 cum=1429/1641=0.871
[tick-spec] seq=1 slot=0 trace=- start_ms=0.001 gap_ms=0.001 wall_ms=28.164 generated=1974->1978 rounds=1 drafted=3 accepted=3 k=3
[spec-acc] ctx=4195 burst=3/3 cum=1495/1614=0.926
[tick-spec] seq=2 slot=1 trace=- start_ms=28.172 gap_ms=0.008 wall_ms=32.877 generated=2030->2034 rounds=1 drafted=3 accepted=3 k=3
[prime-chunk] phase=mtp-draft-fill rows=4096 wall_ms=89.304
[prime-yield] count=15 remaining=3 chunks=1 wall_ms=89.304 max_chunk_ms=89.304
[tick-spec] seq=3 slot=3 trace=- start_ms=61.058 gap_ms=0.009 wall_ms=89.365 generated=0->0 rounds=0 drafted=0 accepted=0 k=3
[tick] act=4 int=4 priming=2 ready=0 spec=4 demoted=0 spec_calls=3 spec_ms=150.4 prefill_single_calls=0 prefill_single_tokens=0 prefill_batch_calls=0 prefill_batch_tokens=0 prefill_ms=0.0 decode_ms=0.0
[spec-acc] ctx=4199 burst=3/3 cum=1498/1617=0.926
[tick-spec] seq=1 slot=1 trace=- start_ms=0.001 gap_ms=0.001 wall_ms=14.438 generated=2034->2038 rounds=1 drafted=3 accepted=3 k=3
[spec-acc] ctx=4143 burst=2/3 cum=1431/1644=0.870
[tick-spec] seq=2 slot=0 trace=- start_ms=14.448 gap_ms=0.008 wall_ms=13.477 generated=1978->1981 rounds=1 drafted=3 accepted=2 k=3
[tick] act=4 int=4 priming=2 ready=0 spec=4 demoted=0 spec_calls=2 spec_ms=27.9 prefill_single_calls=0 prefill_single_tokens=0 prefill_batch_calls=0 prefill_batch_tokens=0 prefill_ms=0.0 decode_ms=0.0
[spec-acc] ctx=4146 burst=3/3 cum=1434/1647=0.871
[tick-spec] seq=1 slot=0 trace=- start_ms=0.000 gap_ms=0.000 wall_ms=13.443 generated=1981->1985 rounds=1 drafted=3 accepted=3 k=3
[spec-acc] ctx=4203 burst=3/3 cum=1501/1620=0.927
[tick-spec] seq=2 slot=1 trace=- start_ms=13.451 gap_ms=0.007 wall_ms=14.471 generated=2038->2042 rounds=1 drafted=3 accepted=3 k=3
[prime-chunk] phase=mtp-trunk rows=4096 wall_ms=688.176
[prime-yield] count=28 remaining=41 chunks=1 wall_ms=688.176 max_chunk_ms=688.176
[tick-spec] seq=3 slot=2 trace=- start_ms=27.930 gap_ms=0.008 wall_ms=688.375 generated=0->0 rounds=0 drafted=0 accepted=0 k=3
[tick] act=4 int=4 priming=2 ready=0 spec=4 demoted=0 spec_calls=3 spec_ms=716.3 prefill_single_calls=0 prefill_single_tokens=0 prefill_batch_calls=0 prefill_batch_tokens=0 prefill_ms=0.0 decode_ms=0.0
[spec-acc] ctx=4150 burst=3/3 cum=1437/1650=0.871
[tick-spec] seq=1 slot=0 trace=- start_ms=0.001 gap_ms=0.001 wall_ms=15.605 generated=1985->1989 rounds=1 drafted=3 accepted=3 k=3
[spec-acc] ctx=4207 burst=3/3 cum=1504/1623=0.927
[tick-spec] seq=2 slot=1 trace=- start_ms=15.614 gap_ms=0.009 wall_ms=15.736 generated=2042->2046 rounds=1 drafted=3 accepted=3 k=3
[tick] act=4 int=4 priming=2 ready=0 spec=4 demoted=0 spec_calls=2 spec_ms=31.4 prefill_single_calls=0 prefill_single_tokens=0 prefill_batch_calls=0 prefill_batch_tokens=0 prefill_ms=0.0 decode_ms=0.0
[spec-acc] ctx=4154 burst=3/3 cum=1440/1653=0.871
[tick-spec] seq=1 slot=0 trace=- start_ms=0.001 gap_ms=0.001 wall_ms=28.839 generated=1989->1993 rounds=1 drafted=3 accepted=3 k=3
[spec-acc] ctx=4211 burst=3/3 cum=1507/1626=0.927
[tick-spec] seq=2 slot=1 trace=- start_ms=28.848 gap_ms=0.008 wall_ms=29.065 generated=2046->2050 rounds=1 drafted=3 accepted=3 k=3
[tick] act=4 int=4 priming=2 ready=0 spec=4 demoted=0 spec_calls=2 spec_ms=57.9 prefill_single_calls=0 prefill_single_tokens=0 prefill_batch_calls=0 prefill_batch_tokens=0 prefill_ms=0.0 decode_ms=0.0
[spec-acc] ctx=4215 burst=3/3 cum=1510/1629=0.927
[tick-spec] seq=1 slot=1 trace=- start_ms=0.001 gap_ms=0.001 wall_ms=14.429 generated=2050->2054 rounds=1 drafted=3 accepted=3 k=3
[spec-acc] ctx=4158 burst=3/3 cum=1443/1656=0.871
[tick-spec] seq=2 slot=0 trace=- start_ms=14.439 gap_ms=0.009 wall_ms=13.412 generated=1993->1997 rounds=1 drafted=3 accepted=3 k=3
[tick] act=4 int=4 priming=2 ready=0 spec=4 demoted=0 spec_calls=2 spec_ms=27.9 prefill_single_calls=0 prefill_single_tokens=0 prefill_batch_calls=0 prefill_batch_tokens=0 prefill_ms=0.0 decode_ms=0.0
[spec-acc] ctx=4162 burst=1/3 cum=1444/1659=0.870
[tick-spec] seq=1 slot=0 trace=- start_ms=0.000 gap_ms=0.000 wall_ms=15.640 generated=1997->1999 rounds=1 drafted=3 accepted=1 k=3
[spec-acc] ctx=4219 burst=3/3 cum=1513/1632=0.927
[tick-spec] seq=2 slot=1 trace=- start_ms=15.657 gap_ms=0.017 wall_ms=15.518 generated=2054->2058 rounds=1 drafted=3 accepted=3 k=3
[tick] act=4 int=4 priming=2 ready=0 spec=4 demoted=0 spec_calls=2 spec_ms=31.2 prefill_single_calls=0 prefill_single_tokens=0 prefill_batch_calls=0 prefill_batch_tokens=0 prefill_ms=0.0 decode_ms=0.0
[spec-acc] ctx=4164 burst=3/3 cum=1447/1662=0.871
[tick-spec] seq=1 slot=0 trace=- start_ms=0.001 gap_ms=0.001 wall_ms=14.443 generated=1999->2003 rounds=1 drafted=3 accepted=3 k=3
[spec-acc] ctx=4223 burst=3/3 cum=1516/1635=0.927
[tick-spec] seq=2 slot=1 trace=- start_ms=14.451 gap_ms=0.008 wall_ms=15.512 generated=2058->2062 rounds=1 drafted=3 accepted=3 k=3
[tick] act=4 int=4 priming=2 ready=0 spec=4 demoted=0 spec_calls=2 spec_ms=30.0 prefill_single_calls=0 prefill_single_tokens=0 prefill_batch_calls=0 prefill_batch_tokens=0 prefill_ms=0.0 decode_ms=0.0
[spec-acc] ctx=4168 burst=3/3 cum=1450/1665=0.871
[tick-spec] seq=1 slot=0 trace=- start_ms=0.001 gap_ms=0.001 wall_ms=14.446 generated=2003->2007 rounds=1 drafted=3 accepted=3 k=3
[spec-acc] ctx=4227 burst=3/3 cum=1519/1638=0.927
[tick-spec] seq=2 slot=1 trace=- start_ms=14.455 gap_ms=0.008 wall_ms=15.536 generated=2062->2066 rounds=1 drafted=3 accepted=3 k=3
[tick] act=4 int=4 priming=2 ready=0 spec=4 demoted=0 spec_calls=2 spec_ms=30.0 prefill_single_calls=0 prefill_single_tokens=0 prefill_batch_calls=0 prefill_batch_tokens=0 prefill_ms=0.0 decode_ms=0.0
[spec-acc] ctx=4231 burst=3/3 cum=1522/1641=0.927
[tick-spec] seq=1 slot=1 trace=- start_ms=0.001 gap_ms=0.001 wall_ms=14.488 generated=2066->2070 rounds=1 drafted=3 accepted=3 k=3
[spec-acc] ctx=4172 burst=3/3 cum=1453/1668=0.871
[tick-spec] seq=2 slot=0 trace=- start_ms=14.497 gap_ms=0.008 wall_ms=15.480 generated=2007->2011 rounds=1 drafted=3 accepted=3 k=3
[tick] act=4 int=4 priming=2 ready=0 spec=4 demoted=0 spec_calls=2 spec_ms=30.0 prefill_single_calls=0 prefill_single_tokens=0 prefill_batch_calls=0 prefill_batch_tokens=0 prefill_ms=0.0 decode_ms=0.0
[spec-acc] ctx=4176 burst=3/3 cum=1456/1671=0.871
[tick-spec] seq=1 slot=0 trace=- start_ms=0.000 gap_ms=0.000 wall_ms=14.547 generated=2011->2015 rounds=1 drafted=3 accepted=3 k=3
[spec-acc] ctx=4235 burst=3/3 cum=1525/1644=0.928
[tick-spec] seq=2 slot=1 trace=- start_ms=14.556 gap_ms=0.008 wall_ms=13.467 generated=2070->2074 rounds=1 drafted=3 accepted=3 k=3
[tick] act=4 int=4 priming=2 ready=0 spec=4 demoted=0 spec_calls=2 spec_ms=28.0 prefill_single_calls=0 prefill_single_tokens=0 prefill_batch_calls=0 prefill_batch_tokens=0 prefill_ms=0.0 decode_ms=0.0
[spec-acc] ctx=4180 burst=3/3 cum=1459/1674=0.872
[tick-spec] seq=1 slot=0 trace=- start_ms=0.001 gap_ms=0.001 wall_ms=12.322 generated=2015->2019 rounds=1 drafted=3 accepted=3 k=3
[spec-acc] ctx=4239 burst=3/3 cum=1528/1647=0.928
[tick-spec] seq=2 slot=1 trace=- start_ms=12.331 gap_ms=0.008 wall_ms=14.456 generated=2074->2078 rounds=1 drafted=3 accepted=3 k=3
[tick] act=4 int=4 priming=2 ready=0 spec=4 demoted=0 spec_calls=2 spec_ms=26.8 prefill_single_calls=0 prefill_single_tokens=0 prefill_batch_calls=0 prefill_batch_tokens=0 prefill_ms=0.0 decode_ms=0.0
[spec-acc] ctx=4184 burst=2/3 cum=1461/1677=0.871
[tick-spec] seq=1 slot=0 trace=- start_ms=0.000 gap_ms=0.000 wall_ms=14.553 generated=2019->2022 rounds=1 drafted=3 accepted=2 k=3
[spec-acc] ctx=4243 burst=3/3 cum=1531/1650=0.928
[tick-spec] seq=2 slot=1 trace=- start_ms=14.561 gap_ms=0.007 wall_ms=14.536 generated=2078->2082 rounds=1 drafted=3 accepted=3 k=3
[tick] act=4 int=4 priming=2 ready=0 spec=4 demoted=0 spec_calls=2 spec_ms=29.1 prefill_single_calls=0 prefill_single_tokens=0 prefill_batch_calls=0 prefill_batch_tokens=0 prefill_ms=0.0 decode_ms=0.0
[spec-acc] ctx=4247 burst=3/3 cum=1534/1653=0.928
[tick-spec] seq=1 slot=1 trace=- start_ms=0.000 gap_ms=0.000 wall_ms=13.422 generated=2082->2086 rounds=1 drafted=3 accepted=3 k=3
[spec-acc] ctx=4187 burst=3/3 cum=1464/1680=0.871
[tick-spec] seq=2 slot=0 trace=- start_ms=13.431 gap_ms=0.008 wall_ms=26.007 generated=2022->2026 rounds=1 drafted=3 accepted=3 k=3
[tick] act=4 int=4 priming=2 ready=0 spec=4 demoted=0 spec_calls=2 spec_ms=39.5 prefill_single_calls=0 prefill_single_tokens=0 prefill_batch_calls=0 prefill_batch_tokens=0 prefill_ms=0.0 decode_ms=0.0
[spec-acc] ctx=4191 burst=3/3 cum=1467/1683=0.872
[tick-spec] seq=1 slot=0 trace=- start_ms=0.001 gap_ms=0.001 wall_ms=31.312 generated=2026->2030 rounds=1 drafted=3 accepted=3 k=3
[spec-acc] ctx=4251 burst=3/3 cum=1537/1656=0.928
[tick-spec] seq=2 slot=1 trace=- start_ms=31.321 gap_ms=0.008 wall_ms=13.482 generated=2086->2090 rounds=1 drafted=3 accepted=3 k=3
[tick] act=4 int=4 priming=2 ready=0 spec=4 demoted=0 spec_calls=2 spec_ms=44.8 prefill_single_calls=0 prefill_single_tokens=0 prefill_batch_calls=0 prefill_batch_tokens=0 prefill_ms=0.0 decode_ms=0.0
[spec-acc] ctx=4195 burst=3/3 cum=1470/1686=0.872
[tick-spec] seq=1 slot=0 trace=- start_ms=0.001 gap_ms=0.001 wall_ms=12.320 generated=2030->2034 rounds=1 drafted=3 accepted=3 k=3
[spec-acc] ctx=4255 burst=3/3 cum=1540/1659=0.928
[tick-spec] seq=2 slot=1 trace=- start_ms=12.329 gap_ms=0.008 wall_ms=15.527 generated=2090->2094 rounds=1 drafted=3 accepted=3 k=3
[tick] act=4 int=4 priming=2 ready=0 spec=4 demoted=0 spec_calls=2 spec_ms=27.9 prefill_single_calls=0 prefill_single_tokens=0 prefill_batch_calls=0 prefill_batch_tokens=0 prefill_ms=0.0 decode_ms=0.0
[spec-acc] ctx=4199 burst=3/3 cum=1473/1689=0.872
[tick-spec] seq=1 slot=0 trace=- start_ms=0.000 gap_ms=0.000 wall_ms=14.429 generated=2034->2038 rounds=1 drafted=3 accepted=3 k=3
[spec-acc] ctx=4259 burst=3/3 cum=1543/1662=0.928
[tick-spec] seq=2 slot=1 trace=- start_ms=14.437 gap_ms=0.007 wall_ms=14.486 generated=2094->2098 rounds=1 drafted=3 accepted=3 k=3
[tick] act=4 int=4 priming=2 ready=0 spec=4 demoted=0 spec_calls=2 spec_ms=28.9 prefill_single_calls=0 prefill_single_tokens=0 prefill_batch_calls=0 prefill_batch_tokens=0 prefill_ms=0.0 decode_ms=0.0
[spec-acc] ctx=4263 burst=3/3 cum=1546/1665=0.929
[tick-spec] seq=1 slot=1 trace=- start_ms=0.001 gap_ms=0.001 wall_ms=15.513 generated=2098->2102 rounds=1 drafted=3 accepted=3 k=3
[spec-acc] ctx=4203 burst=1/3 cum=1474/1692=0.871
[tick-spec] seq=2 slot=0 trace=- start_ms=15.521 gap_ms=0.008 wall_ms=14.537 generated=2038->2040 rounds=1 drafted=3 accepted=1 k=3
[tick] act=4 int=4 priming=2 ready=0 spec=4 demoted=0 spec_calls=2 spec_ms=30.1 prefill_single_calls=0 prefill_single_tokens=0 prefill_batch_calls=0 prefill_batch_tokens=0 prefill_ms=0.0 decode_ms=0.0
[spec-acc] ctx=4205 burst=3/3 cum=1477/1695=0.871
[tick-spec] seq=1 slot=0 trace=- start_ms=0.000 gap_ms=0.000 wall_ms=15.774 generated=2040->2044 rounds=1 drafted=3 accepted=3 k=3
[spec-acc] ctx=4267 burst=3/3 cum=1549/1668=0.929
[tick-spec] seq=2 slot=1 trace=- start_ms=15.781 gap_ms=0.007 wall_ms=14.540 generated=2102->2106 rounds=1 drafted=3 accepted=3 k=3
[tick] act=4 int=4 priming=2 ready=0 spec=4 demoted=0 spec_calls=2 spec_ms=30.3 prefill_single_calls=0 prefill_single_tokens=0 prefill_batch_calls=0 prefill_batch_tokens=0 prefill_ms=0.0 decode_ms=0.0
[spec-acc] ctx=4209 burst=3/3 cum=1480/1698=0.872
[tick-spec] seq=1 slot=0 trace=- start_ms=0.000 gap_ms=0.000 wall_ms=14.478 generated=2044->2048 rounds=1 drafted=3 accepted=3 k=3
[spec-acc] ctx=4271 burst=3/3 cum=1552/1671=0.929
[tick-spec] seq=2 slot=1 trace=- start_ms=14.486 gap_ms=0.007 wall_ms=15.517 generated=2106->2110 rounds=1 drafted=3 accepted=3 k=3
[tick] act=4 int=4 priming=2 ready=0 spec=4 demoted=0 spec_calls=2 spec_ms=30.0 prefill_single_calls=0 prefill_single_tokens=0 prefill_batch_calls=0 prefill_batch_tokens=0 prefill_ms=0.0 decode_ms=0.0
[spec-acc] ctx=4213 burst=3/3 cum=1483/1701=0.872
[tick-spec] seq=1 slot=0 trace=- start_ms=0.000 gap_ms=0.000 wall_ms=15.536 generated=2048->2052 rounds=1 drafted=3 accepted=3 k=3
[spec-acc] ctx=4275 burst=3/3 cum=1555/1674=0.929
[tick-spec] seq=2 slot=1 trace=- start_ms=15.544 gap_ms=0.008 wall_ms=15.510 generated=2110->2114 rounds=1 drafted=3 accepted=3 k=3
[tick] act=4 int=4 priming=2 ready=0 spec=4 demoted=0 spec_calls=2 spec_ms=31.1 prefill_single_calls=0 prefill_single_tokens=0 prefill_batch_calls=0 prefill_batch_tokens=0 prefill_ms=0.0 decode_ms=0.0
[spec-acc] ctx=4279 burst=3/3 cum=1558/1677=0.929
[tick-spec] seq=1 slot=1 trace=- start_ms=0.001 gap_ms=0.001 wall_ms=14.499 generated=2114->2118 rounds=1 drafted=3 accepted=3 k=3
[spec-acc] ctx=4217 burst=3/3 cum=1486/1704=0.872
[tick-spec] seq=2 slot=0 trace=- start_ms=14.507 gap_ms=0.008 wall_ms=14.475 generated=2052->2056 rounds=1 drafted=3 accepted=3 k=3
[tick] act=4 int=4 priming=2 ready=0 spec=4 demoted=0 spec_calls=2 spec_ms=29.0 prefill_single_calls=0 prefill_single_tokens=0 prefill_batch_calls=0 prefill_batch_tokens=0 prefill_ms=0.0 decode_ms=0.0
[spec-acc] ctx=4221 burst=3/3 cum=1489/1707=0.872
[tick-spec] seq=1 slot=0 trace=- start_ms=0.000 gap_ms=0.000 wall_ms=15.518 generated=2056->2060 rounds=1 drafted=3 accepted=3 k=3
[spec-acc] ctx=4283 burst=3/3 cum=1561/1680=0.929
[tick-spec] seq=2 slot=1 trace=- start_ms=15.526 gap_ms=0.007 wall_ms=16.668 generated=2118->2122 rounds=1 drafted=3 accepted=3 k=3
[prime-chunk] phase=mtp-draft-fill rows=4096 wall_ms=87.950
[prime-yield] count=16 remaining=2 chunks=1 wall_ms=87.950 max_chunk_ms=87.950
[tick-spec] seq=3 slot=3 trace=- start_ms=32.203 gap_ms=0.009 wall_ms=88.009 generated=0->0 rounds=0 drafted=0 accepted=0 k=3
[tick] act=4 int=4 priming=2 ready=0 spec=4 demoted=0 spec_calls=3 spec_ms=120.2 prefill_single_calls=0 prefill_single_tokens=0 prefill_batch_calls=0 prefill_batch_tokens=0 prefill_ms=0.0 decode_ms=0.0
[spec-acc] ctx=4225 burst=2/3 cum=1491/1710=0.872
[tick-spec] seq=1 slot=0 trace=- start_ms=0.001 gap_ms=0.001 wall_ms=13.551 generated=2060->2063 rounds=1 drafted=3 accepted=2 k=3
[spec-acc] ctx=4287 burst=3/3 cum=1564/1683=0.929
[tick-spec] seq=2 slot=1 trace=- start_ms=13.559 gap_ms=0.008 wall_ms=14.450 generated=2122->2126 rounds=1 drafted=3 accepted=3 k=3
[tick] act=4 int=4 priming=2 ready=0 spec=4 demoted=0 spec_calls=2 spec_ms=28.0 prefill_single_calls=0 prefill_single_tokens=0 prefill_batch_calls=0 prefill_batch_tokens=0 prefill_ms=0.0 decode_ms=0.0
[spec-acc] ctx=4228 burst=3/3 cum=1494/1713=0.872
[tick-spec] seq=1 slot=0 trace=- start_ms=0.001 gap_ms=0.001 wall_ms=13.409 generated=2063->2067 rounds=1 drafted=3 accepted=3 k=3
[spec-acc] ctx=4291 burst=3/3 cum=1567/1686=0.929
[tick-spec] seq=2 slot=1 trace=- start_ms=13.418 gap_ms=0.008 wall_ms=14.455 generated=2126->2130 rounds=1 drafted=3 accepted=3 k=3
[prime-chunk] phase=mtp-trunk rows=4096 wall_ms=702.546
[prime-yield] count=29 remaining=40 chunks=1 wall_ms=702.546 max_chunk_ms=702.546
[tick-spec] seq=3 slot=2 trace=- start_ms=27.881 gap_ms=0.009 wall_ms=702.739 generated=0->0 rounds=0 drafted=0 accepted=0 k=3
[tick] act=4 int=4 priming=2 ready=0 spec=4 demoted=0 spec_calls=3 spec_ms=730.6 prefill_single_calls=0 prefill_single_tokens=0 prefill_batch_calls=0 prefill_batch_tokens=0 prefill_ms=0.0 decode_ms=0.0
[spec-acc] ctx=4295 burst=3/3 cum=1570/1689=0.930
[tick-spec] seq=1 slot=1 trace=- start_ms=0.001 gap_ms=0.001 wall_ms=14.577 generated=2130->2134 rounds=1 drafted=3 accepted=3 k=3
[spec-acc] ctx=4232 burst=3/3 cum=1497/1716=0.872
[tick-spec] seq=2 slot=0 trace=- start_ms=14.586 gap_ms=0.008 wall_ms=15.530 generated=2067->2071 rounds=1 drafted=3 accepted=3 k=3
[tick] act=4 int=4 priming=2 ready=0 spec=4 demoted=0 spec_calls=2 spec_ms=30.1 prefill_single_calls=0 prefill_single_tokens=0 prefill_batch_calls=0 prefill_batch_tokens=0 prefill_ms=0.0 decode_ms=0.0
[spec-acc] ctx=4236 burst=3/3 cum=1500/1719=0.873
[tick-spec] seq=1 slot=0 trace=- start_ms=0.000 gap_ms=0.000 wall_ms=14.492 generated=2071->2075 rounds=1 drafted=3 accepted=3 k=3
[spec-acc] ctx=4299 burst=3/3 cum=1573/1692=0.930
[tick-spec] seq=2 slot=1 trace=- start_ms=14.500 gap_ms=0.007 wall_ms=13.408 generated=2134->2138 rounds=1 drafted=3 accepted=3 k=3
[tick] act=4 int=4 priming=2 ready=0 spec=4 demoted=0 spec_calls=2 spec_ms=27.9 prefill_single_calls=0 prefill_single_tokens=0 prefill_batch_calls=0 prefill_batch_tokens=0 prefill_ms=0.0 decode_ms=0.0
[spec-acc] ctx=4240 burst=3/3 cum=1503/1722=0.873
[tick-spec] seq=1 slot=0 trace=- start_ms=0.001 gap_ms=0.001 wall_ms=14.488 generated=2075->2079 rounds=1 drafted=3 accepted=3 k=3
[spec-acc] ctx=4303 burst=3/3 cum=1576/1695=0.930
[tick-spec] seq=2 slot=1 trace=- start_ms=14.503 gap_ms=0.015 wall_ms=27.036 generated=2138->2142 rounds=1 drafted=3 accepted=3 k=3
[tick] act=4 int=4 priming=2 ready=0 spec=4 demoted=0 spec_calls=2 spec_ms=41.5 prefill_single_calls=0 prefill_single_tokens=0 prefill_batch_calls=0 prefill_batch_tokens=0 prefill_ms=0.0 decode_ms=0.0
[spec-acc] ctx=4244 burst=1/3 cum=1504/1725=0.872
[tick-spec] seq=1 slot=0 trace=- start_ms=0.001 gap_ms=0.001 wall_ms=28.437 generated=2079->2081 rounds=1 drafted=3 accepted=1 k=3
[spec-acc] ctx=4307 burst=3/3 cum=1579/1698=0.930
[tick-spec] seq=2 slot=1 trace=- start_ms=28.446 gap_ms=0.008 wall_ms=14.485 generated=2142->2146 rounds=1 drafted=3 accepted=3 k=3
[tick] act=4 int=4 priming=2 ready=0 spec=4 demoted=0 spec_calls=2 spec_ms=42.9 prefill_single_calls=0 prefill_single_tokens=0 prefill_batch_calls=0 prefill_batch_tokens=0 prefill_ms=0.0 decode_ms=0.0
[spec-acc] ctx=4311 burst=3/3 cum=1582/1701=0.930
[tick-spec] seq=1 slot=1 trace=- start_ms=0.001 gap_ms=0.001 wall_ms=15.522 generated=2146->2150 rounds=1 drafted=3 accepted=3 k=3
[spec-acc] ctx=4246 burst=3/3 cum=1507/1728=0.872
[tick-spec] seq=2 slot=0 trace=- start_ms=15.531 gap_ms=0.008 wall_ms=15.551 generated=2081->2085 rounds=1 drafted=3 accepted=3 k=3
[tick] act=4 int=4 priming=2 ready=0 spec=4 demoted=0 spec_calls=2 spec_ms=31.1 prefill_single_calls=0 prefill_single_tokens=0 prefill_batch_calls=0 prefill_batch_tokens=0 prefill_ms=0.0 decode_ms=0.0
[spec-acc] ctx=4250 burst=3/3 cum=1510/1731=0.872
[tick-spec] seq=1 slot=0 trace=- start_ms=0.001 gap_ms=0.001 wall_ms=14.484 generated=2085->2089 rounds=1 drafted=3 accepted=3 k=3
[spec-acc] ctx=4315 burst=3/3 cum=1585/1704=0.930
[tick-spec] seq=2 slot=1 trace=- start_ms=14.492 gap_ms=0.008 wall_ms=14.488 generated=2150->2154 rounds=1 drafted=3 accepted=3 k=3
[tick] act=4 int=4 priming=2 ready=0 spec=4 demoted=0 spec_calls=2 spec_ms=29.0 prefill_single_calls=0 prefill_single_tokens=0 prefill_batch_calls=0 prefill_batch_tokens=0 prefill_ms=0.0 decode_ms=0.0
[spec-acc] ctx=4254 burst=3/3 cum=1513/1734=0.873
[tick-spec] seq=1 slot=0 trace=- start_ms=0.000 gap_ms=0.000 wall_ms=13.414 generated=2089->2093 rounds=1 drafted=3 accepted=3 k=3
[spec-acc] ctx=4319 burst=3/3 cum=1588/1707=0.930
[tick-spec] seq=2 slot=1 trace=- start_ms=13.422 gap_ms=0.007 wall_ms=14.476 generated=2154->2158 rounds=1 drafted=3 accepted=3 k=3
[tick] act=4 int=4 priming=2 ready=0 spec=4 demoted=0 spec_calls=2 spec_ms=27.9 prefill_single_calls=0 prefill_single_tokens=0 prefill_batch_calls=0 prefill_batch_tokens=0 prefill_ms=0.0 decode_ms=0.0
[spec-acc] ctx=4258 burst=3/3 cum=1516/1737=0.873
[tick-spec] seq=1 slot=0 trace=- start_ms=0.000 gap_ms=0.000 wall_ms=13.381 generated=2093->2097 rounds=1 drafted=3 accepted=3 k=3
[spec-acc] ctx=4323 burst=3/3 cum=1591/1710=0.930
[tick-spec] seq=2 slot=1 trace=- start_ms=13.389 gap_ms=0.007 wall_ms=14.482 generated=2158->2162 rounds=1 drafted=3 accepted=3 k=3
[tick] act=4 int=4 priming=2 ready=0 spec=4 demoted=0 spec_calls=2 spec_ms=27.9 prefill_single_calls=0 prefill_single_tokens=0 prefill_batch_calls=0 prefill_batch_tokens=0 prefill_ms=0.0 decode_ms=0.0
[spec-acc] ctx=4327 burst=3/3 cum=1594/1713=0.931
[tick-spec] seq=1 slot=1 trace=- start_ms=0.000 gap_ms=0.000 wall_ms=15.517 generated=2162->2166 rounds=1 drafted=3 accepted=3 k=3
[spec-acc] ctx=4262 burst=3/3 cum=1519/1740=0.873
[tick-spec] seq=2 slot=0 trace=- start_ms=15.524 gap_ms=0.007 wall_ms=14.465 generated=2097->2101 rounds=1 drafted=3 accepted=3 k=3
[tick] act=4 int=4 priming=2 ready=0 spec=4 demoted=0 spec_calls=2 spec_ms=30.0 prefill_single_calls=0 prefill_single_tokens=0 prefill_batch_calls=0 prefill_batch_tokens=0 prefill_ms=0.0 decode_ms=0.0
[spec-acc] ctx=4266 burst=2/3 cum=1521/1743=0.873
[tick-spec] seq=1 slot=0 trace=- start_ms=0.000 gap_ms=0.000 wall_ms=15.572 generated=2101->2104 rounds=1 drafted=3 accepted=2 k=3
[spec-acc] ctx=4331 burst=3/3 cum=1597/1716=0.931
[tick-spec] seq=2 slot=1 trace=- start_ms=15.580 gap_ms=0.007 wall_ms=14.475 generated=2166->2170 rounds=1 drafted=3 accepted=3 k=3
[tick] act=4 int=4 priming=2 ready=0 spec=4 demoted=0 spec_calls=2 spec_ms=30.1 prefill_single_calls=0 prefill_single_tokens=0 prefill_batch_calls=0 prefill_batch_tokens=0 prefill_ms=0.0 decode_ms=0.0
[spec-acc] ctx=4269 burst=3/3 cum=1524/1746=0.873
[tick-spec] seq=1 slot=0 trace=- start_ms=0.000 gap_ms=0.000 wall_ms=13.401 generated=2104->2108 rounds=1 drafted=3 accepted=3 k=3
[spec-acc] ctx=4335 burst=3/3 cum=1600/1719=0.931
[tick-spec] seq=2 slot=1 trace=- start_ms=13.409 gap_ms=0.007 wall_ms=15.551 generated=2170->2174 rounds=1 drafted=3 accepted=3 k=3
[tick] act=4 int=4 priming=2 ready=0 spec=4 demoted=0 spec_calls=2 spec_ms=29.0 prefill_single_calls=0 prefill_single_tokens=0 prefill_batch_calls=0 prefill_batch_tokens=0 prefill_ms=0.0 decode_ms=0.0
[spec-acc] ctx=4273 burst=3/3 cum=1527/1749=0.873
[tick-spec] seq=1 slot=0 trace=- start_ms=0.000 gap_ms=0.000 wall_ms=15.538 generated=2108->2112 rounds=1 drafted=3 accepted=3 k=3
[spec-acc] ctx=4339 burst=3/3 cum=1603/1722=0.931
[tick-spec] seq=2 slot=1 trace=- start_ms=15.546 gap_ms=0.007 wall_ms=13.401 generated=2174->2178 rounds=1 drafted=3 accepted=3 k=3
[tick] act=4 int=4 priming=2 ready=0 spec=4 demoted=0 spec_calls=2 spec_ms=29.0 prefill_single_calls=0 prefill_single_tokens=0 prefill_batch_calls=0 prefill_batch_tokens=0 prefill_ms=0.0 decode_ms=0.0
[spec-acc] ctx=4343 burst=3/3 cum=1606/1725=0.931
[tick-spec] seq=1 slot=1 trace=- start_ms=0.000 gap_ms=0.000 wall_ms=28.118 generated=2178->2182 rounds=1 drafted=3 accepted=3 k=3
[spec-acc] ctx=4277 burst=3/3 cum=1530/1752=0.873
[tick-spec] seq=2 slot=0 trace=- start_ms=28.126 gap_ms=0.008 wall_ms=26.379 generated=2112->2116 rounds=1 drafted=3 accepted=3 k=3
[tick] act=4 int=4 priming=2 ready=0 spec=4 demoted=0 spec_calls=2 spec_ms=54.5 prefill_single_calls=0 prefill_single_tokens=0 prefill_batch_calls=0 prefill_batch_tokens=0 prefill_ms=0.0 decode_ms=0.0
[spec-acc] ctx=4281 burst=3/3 cum=1533/1755=0.874
[tick-spec] seq=1 slot=0 trace=- start_ms=0.000 gap_ms=0.000 wall_ms=15.571 generated=2116->2120 rounds=1 drafted=3 accepted=3 k=3
[spec-acc] ctx=4347 burst=3/3 cum=1609/1728=0.931
[tick-spec] seq=2 slot=1 trace=- start_ms=15.579 gap_ms=0.007 wall_ms=15.525 generated=2182->2186 rounds=1 drafted=3 accepted=3 k=3
[tick] act=4 int=4 priming=2 ready=0 spec=4 demoted=0 spec_calls=2 spec_ms=31.1 prefill_single_calls=0 prefill_single_tokens=0 prefill_batch_calls=0 prefill_batch_tokens=0 prefill_ms=0.0 decode_ms=0.0
[spec-acc] ctx=4285 burst=1/3 cum=1534/1758=0.873
[tick-spec] seq=1 slot=0 trace=- start_ms=0.000 gap_ms=0.000 wall_ms=15.616 generated=2120->2122 rounds=1 drafted=3 accepted=1 k=3
[spec-acc] ctx=4351 burst=3/3 cum=1612/1731=0.931
[tick-spec] seq=2 slot=1 trace=- start_ms=15.624 gap_ms=0.007 wall_ms=15.521 generated=2186->2190 rounds=1 drafted=3 accepted=3 k=3
[tick] act=4 int=4 priming=2 ready=0 spec=4 demoted=0 spec_calls=2 spec_ms=31.2 prefill_single_calls=0 prefill_single_tokens=0 prefill_batch_calls=0 prefill_batch_tokens=0 prefill_ms=0.0 decode_ms=0.0
[spec-acc] ctx=4287 burst=3/3 cum=1537/1761=0.873
[tick-spec] seq=1 slot=0 trace=- start_ms=0.000 gap_ms=0.000 wall_ms=15.470 generated=2122->2126 rounds=1 drafted=3 accepted=3 k=3
[spec-acc] ctx=4355 burst=3/3 cum=1615/1734=0.931
[tick-spec] seq=2 slot=1 trace=- start_ms=15.478 gap_ms=0.007 wall_ms=14.486 generated=2190->2194 rounds=1 drafted=3 accepted=3 k=3
[tick] act=4 int=4 priming=2 ready=0 spec=4 demoted=0 spec_calls=2 spec_ms=30.0 prefill_single_calls=0 prefill_single_tokens=0 prefill_batch_calls=0 prefill_batch_tokens=0 prefill_ms=0.0 decode_ms=0.0
[spec-acc] ctx=4359 burst=3/3 cum=1618/1737=0.931
[tick-spec] seq=1 slot=1 trace=- start_ms=0.000 gap_ms=0.000 wall_ms=14.536 generated=2194->2198 rounds=1 drafted=3 accepted=3 k=3
[spec-acc] ctx=4291 burst=3/3 cum=1540/1764=0.873
[tick-spec] seq=2 slot=0 trace=- start_ms=14.544 gap_ms=0.008 wall_ms=13.420 generated=2126->2130 rounds=1 drafted=3 accepted=3 k=3
[tick] act=4 int=4 priming=2 ready=0 spec=4 demoted=0 spec_calls=2 spec_ms=28.0 prefill_single_calls=0 prefill_single_tokens=0 prefill_batch_calls=0 prefill_batch_tokens=0 prefill_ms=0.0 decode_ms=0.0
[spec-acc] ctx=4295 burst=3/3 cum=1543/1767=0.873
[tick-spec] seq=1 slot=0 trace=- start_ms=0.000 gap_ms=0.000 wall_ms=12.356 generated=2130->2134 rounds=1 drafted=3 accepted=3 k=3
[spec-acc] ctx=4363 burst=3/3 cum=1621/1740=0.932
[tick-spec] seq=2 slot=1 trace=- start_ms=12.365 gap_ms=0.008 wall_ms=14.492 generated=2198->2202 rounds=1 drafted=3 accepted=3 k=3
[tick] act=4 int=4 priming=2 ready=0 spec=4 demoted=0 spec_calls=2 spec_ms=26.9 prefill_single_calls=0 prefill_single_tokens=0 prefill_batch_calls=0 prefill_batch_tokens=0 prefill_ms=0.0 decode_ms=0.0
[spec-acc] ctx=4299 burst=3/3 cum=1546/1770=0.873
[tick-spec] seq=1 slot=0 trace=- start_ms=0.000 gap_ms=0.000 wall_ms=13.421 generated=2134->2138 rounds=1 drafted=3 accepted=3 k=3
[spec-acc] ctx=4367 burst=3/3 cum=1624/1743=0.932
[tick-spec] seq=2 slot=1 trace=- start_ms=13.429 gap_ms=0.007 wall_ms=13.400 generated=2202->2206 rounds=1 drafted=3 accepted=3 k=3
[tick] act=4 int=4 priming=2 ready=0 spec=4 demoted=0 spec_calls=2 spec_ms=26.8 prefill_single_calls=0 prefill_single_tokens=0 prefill_batch_calls=0 prefill_batch_tokens=0 prefill_ms=0.0 decode_ms=0.0
[spec-acc] ctx=4303 burst=3/3 cum=1549/1773=0.874
[tick-spec] seq=1 slot=0 trace=- start_ms=0.000 gap_ms=0.000 wall_ms=13.459 generated=2138->2142 rounds=1 drafted=3 accepted=3 k=3
[spec-acc] ctx=4371 burst=3/3 cum=1627/1746=0.932
[tick-spec] seq=2 slot=1 trace=- start_ms=13.467 gap_ms=0.007 wall_ms=14.474 generated=2206->2210 rounds=1 drafted=3 accepted=3 k=3
[tick] act=4 int=4 priming=2 ready=0 spec=4 demoted=0 spec_calls=2 spec_ms=27.9 prefill_single_calls=0 prefill_single_tokens=0 prefill_batch_calls=0 prefill_batch_tokens=0 prefill_ms=0.0 decode_ms=0.0
[spec-acc] ctx=4375 burst=3/3 cum=1630/1749=0.932
[tick-spec] seq=1 slot=1 trace=- start_ms=0.001 gap_ms=0.001 wall_ms=14.495 generated=2210->2214 rounds=1 drafted=3 accepted=3 k=3
[spec-acc] ctx=4307 burst=2/3 cum=1551/1776=0.873
[tick-spec] seq=2 slot=0 trace=- start_ms=14.504 gap_ms=0.008 wall_ms=13.503 generated=2142->2145 rounds=1 drafted=3 accepted=2 k=3
[prime-chunk] phase=mtp-draft-fill rows=4096 wall_ms=88.085
[prime-yield] count=17 remaining=1 chunks=1 wall_ms=88.085 max_chunk_ms=88.085
[tick-spec] seq=3 slot=3 trace=- start_ms=28.016 gap_ms=0.009 wall_ms=88.143 generated=0->0 rounds=0 drafted=0 accepted=0 k=3
[tick] act=4 int=4 priming=2 ready=0 spec=4 demoted=0 spec_calls=3 spec_ms=116.2 prefill_single_calls=0 prefill_single_tokens=0 prefill_batch_calls=0 prefill_batch_tokens=0 prefill_ms=0.0 decode_ms=0.0
[spec-acc] ctx=4310 burst=3/3 cum=1554/1779=0.874
[tick-spec] seq=1 slot=0 trace=- start_ms=0.000 gap_ms=0.000 wall_ms=14.464 generated=2145->2149 rounds=1 drafted=3 accepted=3 k=3
[spec-acc] ctx=4379 burst=3/3 cum=1633/1752=0.932
[tick-spec] seq=2 slot=1 trace=- start_ms=14.473 gap_ms=0.008 wall_ms=15.535 generated=2214->2218 rounds=1 drafted=3 accepted=3 k=3
[tick] act=4 int=4 priming=2 ready=0 spec=4 demoted=0 spec_calls=2 spec_ms=30.0 prefill_single_calls=0 prefill_single_tokens=0 prefill_batch_calls=0 prefill_batch_tokens=0 prefill_ms=0.0 decode_ms=0.0
[spec-acc] ctx=4314 burst=3/3 cum=1557/1782=0.874
[tick-spec] seq=1 slot=0 trace=- start_ms=0.001 gap_ms=0.001 wall_ms=14.413 generated=2149->2153 rounds=1 drafted=3 accepted=3 k=3
[spec-acc] ctx=4383 burst=3/3 cum=1636/1755=0.932
[tick-spec] seq=2 slot=1 trace=- start_ms=14.422 gap_ms=0.008 wall_ms=14.599 generated=2218->2222 rounds=1 drafted=3 accepted=3 k=3
[prime-chunk] phase=mtp-trunk rows=4096 wall_ms=714.849
[prime-yield] count=30 remaining=39 chunks=1 wall_ms=714.849 max_chunk_ms=714.849
[tick-spec] seq=3 slot=2 trace=- start_ms=29.030 gap_ms=0.008 wall_ms=715.036 generated=0->0 rounds=0 drafted=0 accepted=0 k=3
[tick] act=4 int=4 priming=2 ready=0 spec=4 demoted=0 spec_calls=3 spec_ms=744.1 prefill_single_calls=0 prefill_single_tokens=0 prefill_batch_calls=0 prefill_batch_tokens=0 prefill_ms=0.0 decode_ms=0.0
[spec-acc] ctx=4318 burst=3/3 cum=1560/1785=0.874
[tick-spec] seq=1 slot=0 trace=- start_ms=0.001 gap_ms=0.001 wall_ms=15.541 generated=2153->2157 rounds=1 drafted=3 accepted=3 k=3
[spec-acc] ctx=4387 burst=3/3 cum=1639/1758=0.932
[tick-spec] seq=2 slot=1 trace=- start_ms=15.551 gap_ms=0.009 wall_ms=15.570 generated=2222->2226 rounds=1 drafted=3 accepted=3 k=3
[tick] act=4 int=4 priming=2 ready=0 spec=4 demoted=0 spec_calls=2 spec_ms=31.1 prefill_single_calls=0 prefill_single_tokens=0 prefill_batch_calls=0 prefill_batch_tokens=0 prefill_ms=0.0 decode_ms=0.0
[spec-acc] ctx=4391 burst=3/3 cum=1642/1761=0.932
[tick-spec] seq=1 slot=1 trace=- start_ms=0.001 gap_ms=0.001 wall_ms=15.547 generated=2226->2230 rounds=1 drafted=3 accepted=3 k=3
[spec-acc] ctx=4322 burst=3/3 cum=1563/1788=0.874
[tick-spec] seq=2 slot=0 trace=- start_ms=15.555 gap_ms=0.008 wall_ms=14.491 generated=2157->2161 rounds=1 drafted=3 accepted=3 k=3
[tick] act=4 int=4 priming=2 ready=0 spec=4 demoted=0 spec_calls=2 spec_ms=30.1 prefill_single_calls=0 prefill_single_tokens=0 prefill_batch_calls=0 prefill_batch_tokens=0 prefill_ms=0.0 decode_ms=0.0
[spec-acc] ctx=4326 burst=1/3 cum=1564/1791=0.873
[tick-spec] seq=1 slot=0 trace=- start_ms=0.000 gap_ms=0.000 wall_ms=32.892 generated=2161->2163 rounds=1 drafted=3 accepted=1 k=3
[spec-acc] ctx=4395 burst=3/3 cum=1645/1764=0.933
[tick-spec] seq=2 slot=1 trace=- start_ms=32.900 gap_ms=0.008 wall_ms=28.310 generated=2230->2234 rounds=1 drafted=3 accepted=3 k=3
[tick] act=4 int=4 priming=2 ready=0 spec=4 demoted=0 spec_calls=2 spec_ms=61.2 prefill_single_calls=0 prefill_single_tokens=0 prefill_batch_calls=0 prefill_batch_tokens=0 prefill_ms=0.0 decode_ms=0.0
[spec-acc] ctx=4328 burst=3/3 cum=1567/1794=0.873
[tick-spec] seq=1 slot=0 trace=- start_ms=0.001 gap_ms=0.001 wall_ms=12.374 generated=2163->2167 rounds=1 drafted=3 accepted=3 k=3
[spec-acc] ctx=4399 burst=3/3 cum=1648/1767=0.933
[tick-spec] seq=2 slot=1 trace=- start_ms=12.383 gap_ms=0.008 wall_ms=13.400 generated=2234->2238 rounds=1 drafted=3 accepted=3 k=3
[tick] act=4 int=4 priming=2 ready=0 spec=4 demoted=0 spec_calls=2 spec_ms=25.8 prefill_single_calls=0 prefill_single_tokens=0 prefill_batch_calls=0 prefill_batch_tokens=0 prefill_ms=0.0 decode_ms=0.0
[spec-acc] ctx=4332 burst=3/3 cum=1570/1797=0.874
[tick-spec] seq=1 slot=0 trace=- start_ms=0.000 gap_ms=0.000 wall_ms=14.435 generated=2167->2171 rounds=1 drafted=3 accepted=3 k=3
[spec-acc] ctx=4403 burst=3/3 cum=1651/1770=0.933
[tick-spec] seq=2 slot=1 trace=- start_ms=14.443 gap_ms=0.007 wall_ms=13.475 generated=2238->2242 rounds=1 drafted=3 accepted=3 k=3
[tick] act=4 int=4 priming=2 ready=0 spec=4 demoted=0 spec_calls=2 spec_ms=27.9 prefill_single_calls=0 prefill_single_tokens=0 prefill_batch_calls=0 prefill_batch_tokens=0 prefill_ms=0.0 decode_ms=0.0
[spec-acc] ctx=4407 burst=3/3 cum=1654/1773=0.933
[tick-spec] seq=1 slot=1 trace=- start_ms=0.000 gap_ms=0.000 wall_ms=15.522 generated=2242->2246 rounds=1 drafted=3 accepted=3 k=3
[spec-acc] ctx=4336 burst=3/3 cum=1573/1800=0.874
[tick-spec] seq=2 slot=0 trace=- start_ms=15.539 gap_ms=0.016 wall_ms=15.497 generated=2171->2175 rounds=1 drafted=3 accepted=3 k=3
[tick] act=4 int=4 priming=2 ready=0 spec=4 demoted=0 spec_calls=2 spec_ms=31.0 prefill_single_calls=0 prefill_single_tokens=0 prefill_batch_calls=0 prefill_batch_tokens=0 prefill_ms=0.0 decode_ms=0.0
[spec-acc] ctx=4340 burst=3/3 cum=1576/1803=0.874
[tick-spec] seq=1 slot=0 trace=- start_ms=0.000 gap_ms=0.000 wall_ms=14.482 generated=2175->2179 rounds=1 drafted=3 accepted=3 k=3
[spec-acc] ctx=4411 burst=3/3 cum=1657/1776=0.933
[tick-spec] seq=2 slot=1 trace=- start_ms=14.490 gap_ms=0.008 wall_ms=13.498 generated=2246->2250 rounds=1 drafted=3 accepted=3 k=3
[tick] act=4 int=4 priming=2 ready=0 spec=4 demoted=0 spec_calls=2 spec_ms=28.0 prefill_single_calls=0 prefill_single_tokens=0 prefill_batch_calls=0 prefill_batch_tokens=0 prefill_ms=0.0 decode_ms=0.0
[spec-acc] ctx=4344 burst=3/3 cum=1579/1806=0.874
[tick-spec] seq=1 slot=0 trace=- start_ms=0.000 gap_ms=0.000 wall_ms=14.423 generated=2179->2183 rounds=1 drafted=3 accepted=3 k=3
[spec-acc] ctx=4415 burst=3/3 cum=1660/1779=0.933
[tick-spec] seq=2 slot=1 trace=- start_ms=14.439 gap_ms=0.015 wall_ms=15.510 generated=2250->2254 rounds=1 drafted=3 accepted=3 k=3
[tick] act=4 int=4 priming=2 ready=0 spec=4 demoted=0 spec_calls=2 spec_ms=30.0 prefill_single_calls=0 prefill_single_tokens=0 prefill_batch_calls=0 prefill_batch_tokens=0 prefill_ms=0.0 decode_ms=0.0
[spec-acc] ctx=4348 burst=2/3 cum=1581/1809=0.874
[tick-spec] seq=1 slot=0 trace=- start_ms=0.001 gap_ms=0.001 wall_ms=13.509 generated=2183->2186 rounds=1 drafted=3 accepted=2 k=3
[spec-acc] ctx=4419 burst=3/3 cum=1663/1782=0.933
[tick-spec] seq=2 slot=1 trace=- start_ms=13.518 gap_ms=0.008 wall_ms=15.527 generated=2254->2258 rounds=1 drafted=3 accepted=3 k=3
[tick] act=4 int=4 priming=2 ready=0 spec=4 demoted=0 spec_calls=2 spec_ms=29.1 prefill_single_calls=0 prefill_single_tokens=0 prefill_batch_calls=0 prefill_batch_tokens=0 prefill_ms=0.0 decode_ms=0.0
[spec-acc] ctx=4423 burst=3/3 cum=1666/1785=0.933
[tick-spec] seq=1 slot=1 trace=- start_ms=0.001 gap_ms=0.001 wall_ms=16.796 generated=2258->2262 rounds=1 drafted=3 accepted=3 k=3
[spec-acc] ctx=4351 burst=3/3 cum=1584/1812=0.874
[tick-spec] seq=2 slot=0 trace=- start_ms=16.805 gap_ms=0.008 wall_ms=15.537 generated=2186->2190 rounds=1 drafted=3 accepted=3 k=3
[tick] act=4 int=4 priming=2 ready=0 spec=4 demoted=0 spec_calls=2 spec_ms=32.4 prefill_single_calls=0 prefill_single_tokens=0 prefill_batch_calls=0 prefill_batch_tokens=0 prefill_ms=0.0 decode_ms=0.0
[spec-acc] ctx=4355 burst=3/3 cum=1587/1815=0.874
[tick-spec] seq=1 slot=0 trace=- start_ms=0.001 gap_ms=0.001 wall_ms=14.484 generated=2190->2194 rounds=1 drafted=3 accepted=3 k=3
[spec-acc] ctx=4427 burst=3/3 cum=1669/1788=0.933
[tick-spec] seq=2 slot=1 trace=- start_ms=14.492 gap_ms=0.008 wall_ms=14.481 generated=2262->2266 rounds=1 drafted=3 accepted=3 k=3
[tick] act=4 int=4 priming=2 ready=0 spec=4 demoted=0 spec_calls=2 spec_ms=29.0 prefill_single_calls=0 prefill_single_tokens=0 prefill_batch_calls=0 prefill_batch_tokens=0 prefill_ms=0.0 decode_ms=0.0
[spec-acc] ctx=4359 burst=3/3 cum=1590/1818=0.875
[tick-spec] seq=1 slot=0 trace=- start_ms=0.000 gap_ms=0.000 wall_ms=13.452 generated=2194->2198 rounds=1 drafted=3 accepted=3 k=3
[spec-acc] ctx=4431 burst=3/3 cum=1672/1791=0.934
[tick-spec] seq=2 slot=1 trace=- start_ms=13.460 gap_ms=0.007 wall_ms=29.361 generated=2266->2270 rounds=1 drafted=3 accepted=3 k=3
[tick] act=4 int=4 priming=2 ready=0 spec=4 demoted=0 spec_calls=2 spec_ms=42.8 prefill_single_calls=0 prefill_single_tokens=0 prefill_batch_calls=0 prefill_batch_tokens=0 prefill_ms=0.0 decode_ms=0.0
[spec-acc] ctx=4363 burst=3/3 cum=1593/1821=0.875
[tick-spec] seq=1 slot=0 trace=- start_ms=0.001 gap_ms=0.001 wall_ms=28.534 generated=2198->2202 rounds=1 drafted=3 accepted=3 k=3
[spec-acc] ctx=4435 burst=3/3 cum=1675/1794=0.934
[tick-spec] seq=2 slot=1 trace=- start_ms=28.542 gap_ms=0.008 wall_ms=14.460 generated=2270->2274 rounds=1 drafted=3 accepted=3 k=3
[tick] act=4 int=4 priming=2 ready=0 spec=4 demoted=0 spec_calls=2 spec_ms=43.0 prefill_single_calls=0 prefill_single_tokens=0 prefill_batch_calls=0 prefill_batch_tokens=0 prefill_ms=0.0 decode_ms=0.0
[spec-acc] ctx=4439 burst=3/3 cum=1678/1797=0.934
[tick-spec] seq=1 slot=1 trace=- start_ms=0.001 gap_ms=0.001 wall_ms=14.450 generated=2274->2278 rounds=1 drafted=3 accepted=3 k=3
[spec-acc] ctx=4367 burst=3/3 cum=1596/1824=0.875
[tick-spec] seq=2 slot=0 trace=- start_ms=14.458 gap_ms=0.008 wall_ms=15.516 generated=2202->2206 rounds=1 drafted=3 accepted=3 k=3
[tick] act=4 int=4 priming=2 ready=0 spec=4 demoted=0 spec_calls=2 spec_ms=30.0 prefill_single_calls=0 prefill_single_tokens=0 prefill_batch_calls=0 prefill_batch_tokens=0 prefill_ms=0.0 decode_ms=0.0
[spec-acc] ctx=4371 burst=3/3 cum=1599/1827=0.875
[tick-spec] seq=1 slot=0 trace=- start_ms=0.000 gap_ms=0.000 wall_ms=15.535 generated=2206->2210 rounds=1 drafted=3 accepted=3 k=3
[spec-acc] ctx=4443 burst=3/3 cum=1681/1800=0.934
[tick-spec] seq=2 slot=1 trace=- start_ms=15.543 gap_ms=0.007 wall_ms=14.460 generated=2278->2282 rounds=1 drafted=3 accepted=3 k=3
[tick] act=4 int=4 priming=2 ready=0 spec=4 demoted=0 spec_calls=2 spec_ms=30.0 prefill_single_calls=0 prefill_single_tokens=0 prefill_batch_calls=0 prefill_batch_tokens=0 prefill_ms=0.0 decode_ms=0.0
[spec-acc] ctx=4375 burst=3/3 cum=1602/1830=0.875
[tick-spec] seq=1 slot=0 trace=- start_ms=0.001 gap_ms=0.001 wall_ms=13.421 generated=2210->2214 rounds=1 drafted=3 accepted=3 k=3
[spec-acc] ctx=4447 burst=3/3 cum=1684/1803=0.934
[tick-spec] seq=2 slot=1 trace=- start_ms=13.429 gap_ms=0.008 wall_ms=14.457 generated=2282->2286 rounds=1 drafted=3 accepted=3 k=3
[tick] act=4 int=4 priming=2 ready=0 spec=4 demoted=0 spec_calls=2 spec_ms=27.9 prefill_single_calls=0 prefill_single_tokens=0 prefill_batch_calls=0 prefill_batch_tokens=0 prefill_ms=0.0 decode_ms=0.0
[spec-acc] ctx=4379 burst=3/3 cum=1605/1833=0.876
[tick-spec] seq=1 slot=0 trace=- start_ms=0.000 gap_ms=0.000 wall_ms=14.462 generated=2214->2218 rounds=1 drafted=3 accepted=3 k=3
[spec-acc] ctx=4451 burst=3/3 cum=1687/1806=0.934
[tick-spec] seq=2 slot=1 trace=- start_ms=14.471 gap_ms=0.008 wall_ms=13.414 generated=2286->2290 rounds=1 drafted=3 accepted=3 k=3
[tick] act=4 int=4 priming=2 ready=0 spec=4 demoted=0 spec_calls=2 spec_ms=27.9 prefill_single_calls=0 prefill_single_tokens=0 prefill_batch_calls=0 prefill_batch_tokens=0 prefill_ms=0.0 decode_ms=0.0
[spec-acc] ctx=4455 burst=3/3 cum=1690/1809=0.934
[tick-spec] seq=1 slot=1 trace=- start_ms=0.000 gap_ms=0.000 wall_ms=14.480 generated=2290->2294 rounds=1 drafted=3 accepted=3 k=3
[spec-acc] ctx=4383 burst=3/3 cum=1608/1836=0.876
[tick-spec] seq=2 slot=0 trace=- start_ms=14.494 gap_ms=0.013 wall_ms=14.441 generated=2218->2222 rounds=1 drafted=3 accepted=3 k=3
[tick] act=4 int=4 priming=2 ready=0 spec=4 demoted=0 spec_calls=2 spec_ms=28.9 prefill_single_calls=0 prefill_single_tokens=0 prefill_batch_calls=0 prefill_batch_tokens=0 prefill_ms=0.0 decode_ms=0.0
[spec-acc] ctx=4387 burst=3/3 cum=1611/1839=0.876
[tick-spec] seq=1 slot=0 trace=- start_ms=0.000 gap_ms=0.000 wall_ms=13.415 generated=2222->2226 rounds=1 drafted=3 accepted=3 k=3
[spec-acc] ctx=4459 burst=3/3 cum=1693/1812=0.934
[tick-spec] seq=2 slot=1 trace=- start_ms=13.423 gap_ms=0.008 wall_ms=14.538 generated=2294->2298 rounds=1 drafted=3 accepted=3 k=3
[tick] act=4 int=4 priming=2 ready=0 spec=4 demoted=0 spec_calls=2 spec_ms=28.0 prefill_single_calls=0 prefill_single_tokens=0 prefill_batch_calls=0 prefill_batch_tokens=0 prefill_ms=0.0 decode_ms=0.0
[spec-acc] ctx=4391 burst=3/3 cum=1614/1842=0.876
[tick-spec] seq=1 slot=0 trace=- start_ms=0.001 gap_ms=0.001 wall_ms=14.472 generated=2226->2230 rounds=1 drafted=3 accepted=3 k=3
[spec-acc] ctx=4463 burst=3/3 cum=1696/1815=0.934
[tick-spec] seq=2 slot=1 trace=- start_ms=14.481 gap_ms=0.008 wall_ms=14.491 generated=2298->2302 rounds=1 drafted=3 accepted=3 k=3
[tick] act=4 int=4 priming=2 ready=0 spec=4 demoted=0 spec_calls=2 spec_ms=29.0 prefill_single_calls=0 prefill_single_tokens=0 prefill_batch_calls=0 prefill_batch_tokens=0 prefill_ms=0.0 decode_ms=0.0
[spec-acc] ctx=4395 burst=3/3 cum=1617/1845=0.876
[tick-spec] seq=1 slot=0 trace=- start_ms=0.001 gap_ms=0.001 wall_ms=14.461 generated=2230->2234 rounds=1 drafted=3 accepted=3 k=3
[spec-acc] ctx=4467 burst=3/3 cum=1699/1818=0.935
[tick-spec] seq=2 slot=1 trace=- start_ms=14.469 gap_ms=0.008 wall_ms=15.558 generated=2302->2306 rounds=1 drafted=3 accepted=3 k=3
[prime-chunk] phase=mtp-draft-fill rows=47 wall_ms=1.292
[prime-finalize] walker=memra_server::prime_observation::ObservedPrime<'_, memra_engine::spec::prime::MtpPrimeWalker<'_>> wall_ms=0.002 success=true
[tick-spec] seq=3 slot=3 trace=- start_ms=30.037 gap_ms=0.009 wall_ms=2.468 generated=0->1 rounds=0 drafted=0 accepted=0 k=3
[tick] act=4 int=4 priming=1 ready=0 spec=4 demoted=0 spec_calls=3 spec_ms=32.5 prefill_single_calls=0 prefill_single_tokens=0 prefill_batch_calls=0 prefill_batch_tokens=0 prefill_ms=0.0 decode_ms=0.0
[prefix-cache] insert (spec-boundary): 32768 tokens, 600.1MB (resident 865.6MB / 7890MB, model gate, ns "second")
[tick-spec] seq=1 slot=3 trace=- start_ms=0.001 gap_ms=0.001 wall_ms=12.719 generated=1->2 rounds=0 drafted=0 accepted=0 k=3
[spec-acc] ctx=4399 burst=3/3 cum=1620/1848=0.877
[tick-spec] seq=2 slot=0 trace=- start_ms=12.738 gap_ms=0.019 wall_ms=16.093 generated=2234->2238 rounds=1 drafted=3 accepted=3 k=3
[spec-acc] ctx=4471 burst=3/3 cum=1702/1821=0.935
[tick-spec] seq=3 slot=1 trace=- start_ms=28.839 gap_ms=0.008 wall_ms=30.899 generated=2306->2310 rounds=1 drafted=3 accepted=3 k=3
[prime-chunk] phase=mtp-trunk rows=4096 wall_ms=728.213
[prime-yield] count=31 remaining=38 chunks=1 wall_ms=728.213 max_chunk_ms=728.213
[tick-spec] seq=4 slot=2 trace=- start_ms=59.747 gap_ms=0.008 wall_ms=728.403 generated=0->0 rounds=0 drafted=0 accepted=0 k=3
[tick] act=4 int=4 priming=1 ready=0 spec=4 demoted=0 spec_calls=4 spec_ms=788.2 prefill_single_calls=0 prefill_single_tokens=0 prefill_batch_calls=0 prefill_batch_tokens=0 prefill_ms=0.0 decode_ms=0.0
[spec-acc] ctx=4403 burst=3/3 cum=1623/1851=0.877
[tick-spec] seq=1 slot=0 trace=- start_ms=0.001 gap_ms=0.001 wall_ms=14.499 generated=2238->2242 rounds=1 drafted=3 accepted=3 k=3
[spec-acc] ctx=4475 burst=3/3 cum=1705/1824=0.935
[tick-spec] seq=2 slot=1 trace=- start_ms=14.508 gap_ms=0.008 wall_ms=14.484 generated=2310->2314 rounds=1 drafted=3 accepted=3 k=3
[tick-spec] seq=3 slot=3 trace=- start_ms=29.000 gap_ms=0.009 wall_ms=9.728 generated=2->3 rounds=0 drafted=0 accepted=0 k=3
[tick] act=4 int=4 priming=1 ready=0 spec=4 demoted=0 spec_calls=3 spec_ms=38.7 prefill_single_calls=0 prefill_single_tokens=0 prefill_batch_calls=0 prefill_batch_tokens=0 prefill_ms=0.0 decode_ms=0.0
[spec-acc] ctx=4407 burst=3/3 cum=1626/1854=0.877
[tick-spec] seq=1 slot=0 trace=- start_ms=0.001 gap_ms=0.001 wall_ms=15.509 generated=2242->2246 rounds=1 drafted=3 accepted=3 k=3
[spec-acc] ctx=4479 burst=3/3 cum=1708/1827=0.935
[tick-spec] seq=2 slot=1 trace=- start_ms=15.517 gap_ms=0.008 wall_ms=15.524 generated=2314->2318 rounds=1 drafted=3 accepted=3 k=3
[tick-spec] seq=3 slot=3 trace=- start_ms=31.049 gap_ms=0.008 wall_ms=8.639 generated=3->4 rounds=0 drafted=0 accepted=0 k=3
[tick] act=4 int=4 priming=1 ready=0 spec=4 demoted=0 spec_calls=3 spec_ms=39.7 prefill_single_calls=0 prefill_single_tokens=0 prefill_batch_calls=0 prefill_batch_tokens=0 prefill_ms=0.0 decode_ms=0.0
[spec-acc] ctx=4483 burst=3/3 cum=1711/1830=0.935
[tick-spec] seq=1 slot=1 trace=- start_ms=0.001 gap_ms=0.001 wall_ms=13.414 generated=2318->2322 rounds=1 drafted=3 accepted=3 k=3
[tick-spec] seq=2 slot=3 trace=- start_ms=13.422 gap_ms=0.008 wall_ms=8.646 generated=4->5 rounds=0 drafted=0 accepted=0 k=3
[spec-acc] ctx=4411 burst=3/3 cum=1629/1857=0.877
[tick-spec] seq=3 slot=0 trace=- start_ms=22.080 gap_ms=0.011 wall_ms=15.512 generated=2246->2250 rounds=1 drafted=3 accepted=3 k=3
[tick] act=4 int=4 priming=1 ready=0 spec=4 demoted=0 spec_calls=3 spec_ms=37.6 prefill_single_calls=0 prefill_single_tokens=0 prefill_batch_calls=0 prefill_batch_tokens=0 prefill_ms=0.0 decode_ms=0.0
[tick-spec] seq=1 slot=3 trace=- start_ms=0.000 gap_ms=0.000 wall_ms=23.390 generated=5->6 rounds=0 drafted=0 accepted=0 k=3
[spec-acc] ctx=4415 burst=3/3 cum=1632/1860=0.877
[tick-spec] seq=2 slot=0 trace=- start_ms=23.404 gap_ms=0.013 wall_ms=18.294 generated=2250->2254 rounds=1 drafted=3 accepted=3 k=3
[spec-acc] ctx=4487 burst=3/3 cum=1714/1833=0.935
[tick-spec] seq=3 slot=1 trace=- start_ms=41.706 gap_ms=0.008 wall_ms=25.989 generated=2322->2326 rounds=1 drafted=3 accepted=3 k=3
[tick] act=4 int=4 priming=1 ready=0 spec=4 demoted=0 spec_calls=3 spec_ms=67.7 prefill_single_calls=0 prefill_single_tokens=0 prefill_batch_calls=0 prefill_batch_tokens=0 prefill_ms=0.0 decode_ms=0.0
[spec-acc] ctx=4419 burst=2/3 cum=1634/1863=0.877
[tick-spec] seq=1 slot=0 trace=- start_ms=0.001 gap_ms=0.001 wall_ms=14.630 generated=2254->2257 rounds=1 drafted=3 accepted=2 k=3
[spec-acc] ctx=4491 burst=3/3 cum=1717/1836=0.935
[tick-spec] seq=2 slot=1 trace=- start_ms=14.638 gap_ms=0.008 wall_ms=13.441 generated=2326->2330 rounds=1 drafted=3 accepted=3 k=3
[tick-spec] seq=3 slot=3 trace=- start_ms=28.087 gap_ms=0.009 wall_ms=8.640 generated=6->7 rounds=0 drafted=0 accepted=0 k=3
[tick] act=4 int=4 priming=1 ready=0 spec=4 demoted=0 spec_calls=3 spec_ms=36.7 prefill_single_calls=0 prefill_single_tokens=0 prefill_batch_calls=0 prefill_batch_tokens=0 prefill_ms=0.0 decode_ms=0.0
[spec-acc] ctx=4422 burst=3/3 cum=1637/1866=0.877
[tick-spec] seq=1 slot=0 trace=- start_ms=0.001 gap_ms=0.001 wall_ms=15.527 generated=2257->2261 rounds=1 drafted=3 accepted=3 k=3
[spec-acc] ctx=4495 burst=3/3 cum=1720/1839=0.935
[tick-spec] seq=2 slot=1 trace=- start_ms=15.535 gap_ms=0.008 wall_ms=15.540 generated=2330->2334 rounds=1 drafted=3 accepted=3 k=3
[tick-spec] seq=3 slot=3 trace=- start_ms=31.083 gap_ms=0.008 wall_ms=9.705 generated=7->8 rounds=0 drafted=0 accepted=0 k=3
[tick] act=4 int=4 priming=1 ready=0 spec=4 demoted=0 spec_calls=3 spec_ms=40.8 prefill_single_calls=0 prefill_single_tokens=0 prefill_batch_calls=0 prefill_batch_tokens=0 prefill_ms=0.0 decode_ms=0.0
[spec-acc] ctx=4499 burst=3/3 cum=1723/1842=0.935
[tick-spec] seq=1 slot=1 trace=- start_ms=0.001 gap_ms=0.001 wall_ms=13.423 generated=2334->2338 rounds=1 drafted=3 accepted=3 k=3
[tick-spec] seq=2 slot=3 trace=- start_ms=13.431 gap_ms=0.008 wall_ms=8.624 generated=8->9 rounds=0 drafted=0 accepted=0 k=3
[spec-acc] ctx=4426 burst=3/3 cum=1640/1869=0.877
[tick-spec] seq=3 slot=0 trace=- start_ms=22.066 gap_ms=0.011 wall_ms=13.388 generated=2261->2265 rounds=1 drafted=3 accepted=3 k=3
[tick] act=4 int=4 priming=1 ready=0 spec=4 demoted=0 spec_calls=3 spec_ms=35.5 prefill_single_calls=0 prefill_single_tokens=0 prefill_batch_calls=0 prefill_batch_tokens=0 prefill_ms=0.0 decode_ms=0.0
[tick-spec] seq=1 slot=3 trace=- start_ms=0.000 gap_ms=0.000 wall_ms=8.625 generated=9->10 rounds=0 drafted=0 accepted=0 k=3
[spec-acc] ctx=4430 burst=2/3 cum=1642/1872=0.877
[tick-spec] seq=2 slot=0 trace=- start_ms=8.636 gap_ms=0.011 wall_ms=13.483 generated=2265->2268 rounds=1 drafted=3 accepted=2 k=3
[spec-acc] ctx=4503 burst=3/3 cum=1726/1845=0.936
[tick-spec] seq=3 slot=1 trace=- start_ms=22.127 gap_ms=0.008 wall_ms=13.483 generated=2338->2342 rounds=1 drafted=3 accepted=3 k=3
[tick] act=4 int=4 priming=1 ready=0 spec=4 demoted=0 spec_calls=3 spec_ms=35.6 prefill_single_calls=0 prefill_single_tokens=0 prefill_batch_calls=0 prefill_batch_tokens=0 prefill_ms=0.0 decode_ms=0.0
[spec-acc] ctx=4433 burst=3/3 cum=1645/1875=0.877
[tick-spec] seq=1 slot=0 trace=- start_ms=0.000 gap_ms=0.000 wall_ms=15.549 generated=2268->2272 rounds=1 drafted=3 accepted=3 k=3
[spec-acc] ctx=4507 burst=3/3 cum=1729/1848=0.936
[tick-spec] seq=2 slot=1 trace=- start_ms=15.557 gap_ms=0.008 wall_ms=15.559 generated=2342->2346 rounds=1 drafted=3 accepted=3 k=3
[tick-spec] seq=3 slot=3 trace=- start_ms=31.124 gap_ms=0.008 wall_ms=8.664 generated=10->11 rounds=0 drafted=0 accepted=0 k=3
[tick] act=4 int=4 priming=1 ready=0 spec=4 demoted=0 spec_calls=3 spec_ms=39.8 prefill_single_calls=0 prefill_single_tokens=0 prefill_batch_calls=0 prefill_batch_tokens=0 prefill_ms=0.0 decode_ms=0.0
[spec-acc] ctx=4437 burst=3/3 cum=1648/1878=0.878
[tick-spec] seq=1 slot=0 trace=- start_ms=0.000 gap_ms=0.000 wall_ms=13.443 generated=2272->2276 rounds=1 drafted=3 accepted=3 k=3
[spec-acc] ctx=4511 burst=3/3 cum=1732/1851=0.936
[tick-spec] seq=2 slot=1 trace=- start_ms=13.451 gap_ms=0.008 wall_ms=15.554 generated=2346->2350 rounds=1 drafted=3 accepted=3 k=3
[tick-spec] seq=3 slot=3 trace=- start_ms=29.014 gap_ms=0.009 wall_ms=8.641 generated=11->12 rounds=0 drafted=0 accepted=0 k=3
[tick] act=4 int=4 priming=1 ready=0 spec=4 demoted=0 spec_calls=3 spec_ms=37.7 prefill_single_calls=0 prefill_single_tokens=0 prefill_batch_calls=0 prefill_batch_tokens=0 prefill_ms=0.0 decode_ms=0.0
[spec-acc] ctx=4515 burst=3/3 cum=1735/1854=0.936
[tick-spec] seq=1 slot=1 trace=- start_ms=0.000 gap_ms=0.000 wall_ms=14.519 generated=2350->2354 rounds=1 drafted=3 accepted=3 k=3
[tick-spec] seq=2 slot=3 trace=- start_ms=14.527 gap_ms=0.007 wall_ms=19.196 generated=12->13 rounds=0 drafted=0 accepted=0 k=3
[spec-acc] ctx=4441 burst=3/3 cum=1651/1881=0.878
[tick-spec] seq=3 slot=0 trace=- start_ms=33.735 gap_ms=0.012 wall_ms=18.259 generated=2276->2280 rounds=1 drafted=3 accepted=3 k=3
[tick] act=4 int=4 priming=1 ready=0 spec=4 demoted=0 spec_calls=3 spec_ms=52.0 prefill_single_calls=0 prefill_single_tokens=0 prefill_batch_calls=0 prefill_batch_tokens=0 prefill_ms=0.0 decode_ms=0.0
[tick-spec] seq=1 slot=3 trace=- start_ms=0.001 gap_ms=0.001 wall_ms=15.262 generated=13->14 rounds=0 drafted=0 accepted=0 k=3
[spec-acc] ctx=4445 burst=3/3 cum=1654/1884=0.878
[tick-spec] seq=2 slot=0 trace=- start_ms=15.274 gap_ms=0.012 wall_ms=14.464 generated=2280->2284 rounds=1 drafted=3 accepted=3 k=3
[spec-acc] ctx=4519 burst=3/3 cum=1738/1857=0.936
[tick-spec] seq=3 slot=1 trace=- start_ms=29.747 gap_ms=0.008 wall_ms=14.515 generated=2354->2358 rounds=1 drafted=3 accepted=3 k=3
[tick] act=4 int=4 priming=1 ready=0 spec=4 demoted=0 spec_calls=3 spec_ms=44.3 prefill_single_calls=0 prefill_single_tokens=0 prefill_batch_calls=0 prefill_batch_tokens=0 prefill_ms=0.0 decode_ms=0.0
[spec-acc] ctx=4449 burst=3/3 cum=1657/1887=0.878
[tick-spec] seq=1 slot=0 trace=- start_ms=0.001 gap_ms=0.001 wall_ms=14.508 generated=2284->2288 rounds=1 drafted=3 accepted=3 k=3
[spec-acc] ctx=4523 burst=3/3 cum=1741/1860=0.936
[tick-spec] seq=2 slot=1 trace=- start_ms=14.516 gap_ms=0.008 wall_ms=14.528 generated=2358->2362 rounds=1 drafted=3 accepted=3 k=3
[tick-spec] seq=3 slot=3 trace=- start_ms=29.053 gap_ms=0.009 wall_ms=8.623 generated=14->15 rounds=0 drafted=0 accepted=0 k=3
[tick] act=4 int=4 priming=1 ready=0 spec=4 demoted=0 spec_calls=3 spec_ms=37.7 prefill_single_calls=0 prefill_single_tokens=0 prefill_batch_calls=0 prefill_batch_tokens=0 prefill_ms=0.0 decode_ms=0.0
[spec-acc] ctx=4453 burst=3/3 cum=1660/1890=0.878
[tick-spec] seq=1 slot=0 trace=- start_ms=0.000 gap_ms=0.000 wall_ms=14.513 generated=2288->2292 rounds=1 drafted=3 accepted=3 k=3
[spec-acc] ctx=4527 burst=3/3 cum=1744/1863=0.936
[tick-spec] seq=2 slot=1 trace=- start_ms=14.522 gap_ms=0.008 wall_ms=15.578 generated=2362->2366 rounds=1 drafted=3 accepted=3 k=3
[tick-spec] seq=3 slot=3 trace=- start_ms=30.108 gap_ms=0.008 wall_ms=8.623 generated=15->16 rounds=0 drafted=0 accepted=0 k=3
[tick] act=4 int=4 priming=1 ready=0 spec=4 demoted=0 spec_calls=3 spec_ms=38.7 prefill_single_calls=0 prefill_single_tokens=0 prefill_batch_calls=0 prefill_batch_tokens=0 prefill_ms=0.0 decode_ms=0.0
[spec-acc] ctx=4531 burst=3/3 cum=1747/1866=0.936
[tick-spec] seq=1 slot=1 trace=- start_ms=0.001 gap_ms=0.001 wall_ms=14.562 generated=2366->2370 rounds=1 drafted=3 accepted=3 k=3
[tick-spec] seq=2 slot=3 trace=- start_ms=14.570 gap_ms=0.008 wall_ms=9.688 generated=16->17 rounds=0 drafted=0 accepted=0 k=3
[spec-acc] ctx=4457 burst=1/3 cum=1661/1893=0.877
[tick-spec] seq=3 slot=0 trace=- start_ms=24.278 gap_ms=0.019 wall_ms=13.446 generated=2292->2294 rounds=1 drafted=3 accepted=1 k=3
[tick] act=4 int=4 priming=1 ready=0 spec=4 demoted=0 spec_calls=3 spec_ms=37.7 prefill_single_calls=0 prefill_single_tokens=0 prefill_batch_calls=0 prefill_batch_tokens=0 prefill_ms=0.0 decode_ms=0.0
[tick-spec] seq=1 slot=3 trace=- start_ms=0.001 gap_ms=0.001 wall_ms=8.634 generated=17->18 rounds=0 drafted=0 accepted=0 k=3
[spec-acc] ctx=4459 burst=3/3 cum=1664/1896=0.878
[tick-spec] seq=2 slot=0 trace=- start_ms=8.688 gap_ms=0.054 wall_ms=14.405 generated=2294->2298 rounds=1 drafted=3 accepted=3 k=3
[spec-acc] ctx=4535 burst=3/3 cum=1750/1869=0.936
[tick-spec] seq=3 slot=1 trace=- start_ms=23.101 gap_ms=0.009 wall_ms=14.517 generated=2370->2374 rounds=1 drafted=3 accepted=3 k=3
[tick] act=4 int=4 priming=1 ready=0 spec=4 demoted=0 spec_calls=3 spec_ms=37.6 prefill_single_calls=0 prefill_single_tokens=0 prefill_batch_calls=0 prefill_batch_tokens=0 prefill_ms=0.0 decode_ms=0.0
[spec-acc] ctx=4463 burst=3/3 cum=1667/1899=0.878
[tick-spec] seq=1 slot=0 trace=- start_ms=0.000 gap_ms=0.000 wall_ms=14.413 generated=2298->2302 rounds=1 drafted=3 accepted=3 k=3
[spec-acc] ctx=4539 burst=3/3 cum=1753/1872=0.936
[tick-spec] seq=2 slot=1 trace=- start_ms=14.421 gap_ms=0.007 wall_ms=14.515 generated=2374->2378 rounds=1 drafted=3 accepted=3 k=3
[tick-spec] seq=3 slot=3 trace=- start_ms=28.950 gap_ms=0.015 wall_ms=8.601 generated=18->19 rounds=0 drafted=0 accepted=0 k=3
[prime-chunk] phase=mtp-trunk rows=4096 wall_ms=742.605
[prime-yield] count=32 remaining=37 chunks=1 wall_ms=742.605 max_chunk_ms=742.605
[tick-spec] seq=4 slot=2 trace=- start_ms=37.563 gap_ms=0.012 wall_ms=742.793 generated=0->0 rounds=0 drafted=0 accepted=0 k=3
[tick] act=4 int=4 priming=1 ready=0 spec=4 demoted=0 spec_calls=4 spec_ms=780.4 prefill_single_calls=0 prefill_single_tokens=0 prefill_batch_calls=0 prefill_batch_tokens=0 prefill_ms=0.0 decode_ms=0.0
[spec-acc] ctx=4467 burst=3/3 cum=1670/1902=0.878
[tick-spec] seq=1 slot=0 trace=- start_ms=0.001 gap_ms=0.001 wall_ms=14.518 generated=2302->2306 rounds=1 drafted=3 accepted=3 k=3
[spec-acc] ctx=4543 burst=3/3 cum=1756/1875=0.937
[tick-spec] seq=2 slot=1 trace=- start_ms=14.527 gap_ms=0.009 wall_ms=13.459 generated=2378->2382 rounds=1 drafted=3 accepted=3 k=3
[tick-spec] seq=3 slot=3 trace=- start_ms=27.995 gap_ms=0.009 wall_ms=9.690 generated=19->20 rounds=0 drafted=0 accepted=0 k=3
[tick] act=4 int=4 priming=1 ready=0 spec=4 demoted=0 spec_calls=3 spec_ms=37.7 prefill_single_calls=0 prefill_single_tokens=0 prefill_batch_calls=0 prefill_batch_tokens=0 prefill_ms=0.0 decode_ms=0.0
[spec-acc] ctx=4547 burst=3/3 cum=1759/1878=0.937
[tick-spec] seq=1 slot=1 trace=- start_ms=0.001 gap_ms=0.001 wall_ms=15.559 generated=2382->2386 rounds=1 drafted=3 accepted=3 k=3
[tick-spec] seq=2 slot=3 trace=- start_ms=15.568 gap_ms=0.008 wall_ms=9.691 generated=20->21 rounds=0 drafted=0 accepted=0 k=3
[spec-acc] ctx=4471 burst=2/3 cum=1672/1905=0.878
[tick-spec] seq=3 slot=0 trace=- start_ms=25.269 gap_ms=0.011 wall_ms=15.550 generated=2306->2309 rounds=1 drafted=3 accepted=2 k=3
[tick] act=4 int=4 priming=1 ready=0 spec=4 demoted=0 spec_calls=3 spec_ms=40.8 prefill_single_calls=0 prefill_single_tokens=0 prefill_batch_calls=0 prefill_batch_tokens=0 prefill_ms=0.0 decode_ms=0.0
[tick-spec] seq=1 slot=3 trace=- start_ms=0.001 gap_ms=0.001 wall_ms=9.693 generated=21->22 rounds=0 drafted=0 accepted=0 k=3
[spec-acc] ctx=4474 burst=3/3 cum=1675/1908=0.878
[tick-spec] seq=2 slot=0 trace=- start_ms=9.705 gap_ms=0.012 wall_ms=15.475 generated=2309->2313 rounds=1 drafted=3 accepted=3 k=3
[spec-acc] ctx=4551 burst=3/3 cum=1762/1881=0.937
[tick-spec] seq=3 slot=1 trace=- start_ms=25.189 gap_ms=0.008 wall_ms=15.664 generated=2386->2390 rounds=1 drafted=3 accepted=3 k=3
[tick] act=4 int=4 priming=1 ready=0 spec=4 demoted=0 spec_calls=3 spec_ms=40.9 prefill_single_calls=0 prefill_single_tokens=0 prefill_batch_calls=0 prefill_batch_tokens=0 prefill_ms=0.0 decode_ms=0.0
[spec-acc] ctx=4478 burst=3/3 cum=1678/1911=0.878
[tick-spec] seq=1 slot=0 trace=- start_ms=0.000 gap_ms=0.000 wall_ms=14.482 generated=2313->2317 rounds=1 drafted=3 accepted=3 k=3
[spec-acc] ctx=4555 burst=3/3 cum=1765/1884=0.937
[tick-spec] seq=2 slot=1 trace=- start_ms=14.491 gap_ms=0.008 wall_ms=14.543 generated=2390->2394 rounds=1 drafted=3 accepted=3 k=3
[tick-spec] seq=3 slot=3 trace=- start_ms=29.042 gap_ms=0.008 wall_ms=9.719 generated=22->23 rounds=0 drafted=0 accepted=0 k=3
[tick] act=4 int=4 priming=1 ready=0 spec=4 demoted=0 spec_calls=3 spec_ms=38.8 prefill_single_calls=0 prefill_single_tokens=0 prefill_batch_calls=0 prefill_batch_tokens=0 prefill_ms=0.0 decode_ms=0.0
[spec-acc] ctx=4482 burst=3/3 cum=1681/1914=0.878
[tick-spec] seq=1 slot=0 trace=- start_ms=0.001 gap_ms=0.001 wall_ms=13.428 generated=2317->2321 rounds=1 drafted=3 accepted=3 k=3
[spec-acc] ctx=4559 burst=3/3 cum=1768/1887=0.937
[tick-spec] seq=2 slot=1 trace=- start_ms=13.436 gap_ms=0.008 wall_ms=14.543 generated=2394->2398 rounds=1 drafted=3 accepted=3 k=3
[tick-spec] seq=3 slot=3 trace=- start_ms=27.988 gap_ms=0.008 wall_ms=8.616 generated=23->24 rounds=0 drafted=0 accepted=0 k=3
[tick] act=4 int=4 priming=1 ready=0 spec=4 demoted=0 spec_calls=3 spec_ms=36.6 prefill_single_calls=0 prefill_single_tokens=0 prefill_batch_calls=0 prefill_batch_tokens=0 prefill_ms=0.0 decode_ms=0.0
[spec-acc] ctx=4563 burst=3/3 cum=1771/1890=0.937
[tick-spec] seq=1 slot=1 trace=- start_ms=0.001 gap_ms=0.001 wall_ms=15.680 generated=2398->2402 rounds=1 drafted=3 accepted=3 k=3
[tick-spec] seq=2 slot=3 trace=- start_ms=15.689 gap_ms=0.008 wall_ms=18.387 generated=24->25 rounds=0 drafted=0 accepted=0 k=3
[spec-acc] ctx=4486 burst=3/3 cum=1684/1917=0.878
[tick-spec] seq=3 slot=0 trace=- start_ms=34.089 gap_ms=0.013 wall_ms=22.403 generated=2321->2325 rounds=1 drafted=3 accepted=3 k=3
[tick] act=4 int=4 priming=1 ready=0 spec=4 demoted=0 spec_calls=3 spec_ms=56.5 prefill_single_calls=0 prefill_single_tokens=0 prefill_batch_calls=0 prefill_batch_tokens=0 prefill_ms=0.0 decode_ms=0.0
[tick-spec] seq=1 slot=3 trace=- start_ms=0.001 gap_ms=0.001 wall_ms=17.787 generated=25->26 rounds=0 drafted=0 accepted=0 k=3
[spec-acc] ctx=4490 burst=3/3 cum=1687/1920=0.879
[tick-spec] seq=2 slot=0 trace=- start_ms=17.800 gap_ms=0.013 wall_ms=14.477 generated=2325->2329 rounds=1 drafted=3 accepted=3 k=3
[spec-acc] ctx=4567 burst=3/3 cum=1774/1893=0.937
[tick-spec] seq=3 slot=1 trace=- start_ms=32.285 gap_ms=0.008 wall_ms=14.551 generated=2402->2406 rounds=1 drafted=3 accepted=3 k=3
[tick] act=4 int=4 priming=1 ready=0 spec=4 demoted=0 spec_calls=3 spec_ms=46.8 prefill_single_calls=0 prefill_single_tokens=0 prefill_batch_calls=0 prefill_batch_tokens=0 prefill_ms=0.0 decode_ms=0.0
[spec-acc] ctx=4494 burst=3/3 cum=1690/1923=0.879
[tick-spec] seq=1 slot=0 trace=- start_ms=0.000 gap_ms=0.000 wall_ms=14.498 generated=2329->2333 rounds=1 drafted=3 accepted=3 k=3
[spec-acc] ctx=4571 burst=3/3 cum=1777/1896=0.937
[tick-spec] seq=2 slot=1 trace=- start_ms=14.506 gap_ms=0.008 wall_ms=15.617 generated=2406->2410 rounds=1 drafted=3 accepted=3 k=3
[tick-spec] seq=3 slot=3 trace=- start_ms=30.131 gap_ms=0.008 wall_ms=8.636 generated=26->27 rounds=0 drafted=0 accepted=0 k=3
[tick] act=4 int=4 priming=1 ready=0 spec=4 demoted=0 spec_calls=3 spec_ms=38.8 prefill_single_calls=0 prefill_single_tokens=0 prefill_batch_calls=0 prefill_batch_tokens=0 prefill_ms=0.0 decode_ms=0.0
[spec-acc] ctx=4498 burst=3/3 cum=1693/1926=0.879
[tick-spec] seq=1 slot=0 trace=- start_ms=0.001 gap_ms=0.001 wall_ms=15.503 generated=2333->2337 rounds=1 drafted=3 accepted=3 k=3
[spec-acc] ctx=4575 burst=3/3 cum=1780/1899=0.937
[tick-spec] seq=2 slot=1 trace=- start_ms=15.512 gap_ms=0.008 wall_ms=13.495 generated=2410->2414 rounds=1 drafted=3 accepted=3 k=3
[tick-spec] seq=3 slot=3 trace=- start_ms=29.014 gap_ms=0.008 wall_ms=8.618 generated=27->28 rounds=0 drafted=0 accepted=0 k=3
[tick] act=4 int=4 priming=1 ready=0 spec=4 demoted=0 spec_calls=3 spec_ms=37.6 prefill_single_calls=0 prefill_single_tokens=0 prefill_batch_calls=0 prefill_batch_tokens=0 prefill_ms=0.0 decode_ms=0.0
[spec-acc] ctx=4579 burst=3/3 cum=1783/1902=0.937
[tick-spec] seq=1 slot=1 trace=- start_ms=0.000 gap_ms=0.000 wall_ms=14.545 generated=2414->2418 rounds=1 drafted=3 accepted=3 k=3
[tick-spec] seq=2 slot=3 trace=- start_ms=14.553 gap_ms=0.007 wall_ms=8.634 generated=28->29 rounds=0 drafted=0 accepted=0 k=3
[spec-acc] ctx=4502 burst=3/3 cum=1696/1929=0.879
[tick-spec] seq=3 slot=0 trace=- start_ms=23.199 gap_ms=0.012 wall_ms=13.391 generated=2337->2341 rounds=1 drafted=3 accepted=3 k=3
[tick] act=4 int=4 priming=1 ready=0 spec=4 demoted=0 spec_calls=3 spec_ms=36.6 prefill_single_calls=0 prefill_single_tokens=0 prefill_batch_calls=0 prefill_batch_tokens=0 prefill_ms=0.0 decode_ms=0.0
[tick-spec] seq=1 slot=3 trace=- start_ms=0.001 gap_ms=0.001 wall_ms=9.680 generated=29->30 rounds=0 drafted=0 accepted=0 k=3
[spec-acc] ctx=4506 burst=3/3 cum=1699/1932=0.879
[tick-spec] seq=2 slot=0 trace=- start_ms=9.693 gap_ms=0.012 wall_ms=14.448 generated=2341->2345 rounds=1 drafted=3 accepted=3 k=3
[spec-acc] ctx=4583 burst=3/3 cum=1786/1905=0.938
[tick-spec] seq=3 slot=1 trace=- start_ms=24.149 gap_ms=0.009 wall_ms=14.568 generated=2418->2422 rounds=1 drafted=3 accepted=3 k=3
[tick] act=4 int=4 priming=1 ready=0 spec=4 demoted=0 spec_calls=3 spec_ms=38.7 prefill_single_calls=0 prefill_single_tokens=0 prefill_batch_calls=0 prefill_batch_tokens=0 prefill_ms=0.0 decode_ms=0.0
[spec-acc] ctx=4510 burst=3/3 cum=1702/1935=0.880
[tick-spec] seq=1 slot=0 trace=- start_ms=0.000 gap_ms=0.000 wall_ms=15.524 generated=2345->2349 rounds=1 drafted=3 accepted=3 k=3
[spec-acc] ctx=4587 burst=3/3 cum=1789/1908=0.938
[tick-spec] seq=2 slot=1 trace=- start_ms=15.534 gap_ms=0.009 wall_ms=14.686 generated=2422->2426 rounds=1 drafted=3 accepted=3 k=3
[tick-spec] seq=3 slot=3 trace=- start_ms=30.228 gap_ms=0.009 wall_ms=8.642 generated=30->31 rounds=0 drafted=0 accepted=0 k=3
[tick] act=4 int=4 priming=1 ready=0 spec=4 demoted=0 spec_calls=3 spec_ms=38.9 prefill_single_calls=0 prefill_single_tokens=0 prefill_batch_calls=0 prefill_batch_tokens=0 prefill_ms=0.0 decode_ms=0.0
[spec-acc] ctx=4514 burst=3/3 cum=1705/1938=0.880
[tick-spec] seq=1 slot=0 trace=- start_ms=0.001 gap_ms=0.001 wall_ms=15.489 generated=2349->2353 rounds=1 drafted=3 accepted=3 k=3
[spec-acc] ctx=4591 burst=3/3 cum=1792/1911=0.938
[tick-spec] seq=2 slot=1 trace=- start_ms=15.498 gap_ms=0.008 wall_ms=13.558 generated=2426->2430 rounds=1 drafted=3 accepted=3 k=3
[tick-spec] seq=3 slot=3 trace=- start_ms=29.064 gap_ms=0.009 wall_ms=21.686 generated=31->32 rounds=0 drafted=0 accepted=0 k=3
[tick] act=4 int=4 priming=1 ready=0 spec=4 demoted=0 spec_calls=3 spec_ms=50.8 prefill_single_calls=0 prefill_single_tokens=0 prefill_batch_calls=0 prefill_batch_tokens=0 prefill_ms=0.0 decode_ms=0.0
[spec-acc] ctx=4595 burst=3/3 cum=1795/1914=0.938
[tick-spec] seq=1 slot=1 trace=- start_ms=0.001 gap_ms=0.001 wall_ms=16.037 generated=2430->2434 rounds=1 drafted=3 accepted=3 k=3
[spec-acc] ctx=4518 burst=3/3 cum=1708/1941=0.880
[tick-spec] seq=2 slot=0 trace=- start_ms=16.047 gap_ms=0.009 wall_ms=25.748 generated=2353->2357 rounds=1 drafted=3 accepted=3 k=3
[tick] act=3 int=3 priming=1 ready=0 spec=3 demoted=0 spec_calls=2 spec_ms=41.8 prefill_single_calls=0 prefill_single_tokens=0 prefill_batch_calls=0 prefill_batch_tokens=0 prefill_ms=0.0 decode_ms=0.0
[spec-acc] ctx=4522 burst=3/3 cum=1711/1944=0.880
[tick-spec] seq=1 slot=0 trace=- start_ms=0.001 gap_ms=0.001 wall_ms=14.956 generated=2357->2361 rounds=1 drafted=3 accepted=3 k=3
[spec-acc] ctx=4599 burst=3/3 cum=1798/1917=0.938
[tick-spec] seq=2 slot=1 trace=- start_ms=14.965 gap_ms=0.008 wall_ms=15.598 generated=2434->2438 rounds=1 drafted=3 accepted=3 k=3
[tick] act=3 int=3 priming=1 ready=0 spec=3 demoted=0 spec_calls=2 spec_ms=30.6 prefill_single_calls=0 prefill_single_tokens=0 prefill_batch_calls=0 prefill_batch_tokens=0 prefill_ms=0.0 decode_ms=0.0
[spec-acc] ctx=4526 burst=3/3 cum=1714/1947=0.880
[tick-spec] seq=1 slot=0 trace=- start_ms=0.000 gap_ms=0.000 wall_ms=14.463 generated=2361->2365 rounds=1 drafted=3 accepted=3 k=3
[spec-acc] ctx=4603 burst=3/3 cum=1801/1920=0.938
[tick-spec] seq=2 slot=1 trace=- start_ms=14.472 gap_ms=0.008 wall_ms=13.468 generated=2438->2442 rounds=1 drafted=3 accepted=3 k=3
[tick] act=3 int=3 priming=1 ready=0 spec=3 demoted=0 spec_calls=2 spec_ms=27.9 prefill_single_calls=0 prefill_single_tokens=0 prefill_batch_calls=0 prefill_batch_tokens=0 prefill_ms=0.0 decode_ms=0.0
[spec-acc] ctx=4607 burst=3/3 cum=1804/1923=0.938
[tick-spec] seq=1 slot=1 trace=- start_ms=0.000 gap_ms=0.000 wall_ms=13.497 generated=2442->2446 rounds=1 drafted=3 accepted=3 k=3
[spec-acc] ctx=4530 burst=3/3 cum=1717/1950=0.881
[tick-spec] seq=2 slot=0 trace=- start_ms=13.505 gap_ms=0.007 wall_ms=13.660 generated=2365->2369 rounds=1 drafted=3 accepted=3 k=3
[tick] act=3 int=3 priming=1 ready=0 spec=3 demoted=0 spec_calls=2 spec_ms=27.2 prefill_single_calls=0 prefill_single_tokens=0 prefill_batch_calls=0 prefill_batch_tokens=0 prefill_ms=0.0 decode_ms=0.0
[spec-acc] ctx=4534 burst=3/3 cum=1720/1953=0.881
[tick-spec] seq=1 slot=0 trace=- start_ms=0.000 gap_ms=0.000 wall_ms=14.518 generated=2369->2373 rounds=1 drafted=3 accepted=3 k=3
[spec-acc] ctx=4611 burst=3/3 cum=1807/1926=0.938
[tick-spec] seq=2 slot=1 trace=- start_ms=14.526 gap_ms=0.008 wall_ms=15.568 generated=2446->2450 rounds=1 drafted=3 accepted=3 k=3
[prime-chunk] phase=mtp-trunk rows=4096 wall_ms=754.777
[prime-yield] count=33 remaining=36 chunks=1 wall_ms=754.777 max_chunk_ms=754.777
[tick-spec] seq=3 slot=2 trace=- start_ms=30.103 gap_ms=0.009 wall_ms=754.990 generated=0->0 rounds=0 drafted=0 accepted=0 k=3
[tick] act=3 int=3 priming=1 ready=0 spec=3 demoted=0 spec_calls=3 spec_ms=785.1 prefill_single_calls=0 prefill_single_tokens=0 prefill_batch_calls=0 prefill_batch_tokens=0 prefill_ms=0.0 decode_ms=0.0
[spec-acc] ctx=4538 burst=3/3 cum=1723/1956=0.881
[tick-spec] seq=1 slot=0 trace=- start_ms=0.001 gap_ms=0.001 wall_ms=32.585 generated=2373->2377 rounds=1 drafted=3 accepted=3 k=3
[spec-acc] ctx=4615 burst=3/3 cum=1810/1929=0.938
[tick-spec] seq=2 slot=1 trace=- start_ms=32.594 gap_ms=0.008 wall_ms=15.623 generated=2450->2454 rounds=1 drafted=3 accepted=3 k=3
[tick] act=3 int=3 priming=1 ready=0 spec=3 demoted=0 spec_calls=2 spec_ms=48.2 prefill_single_calls=0 prefill_single_tokens=0 prefill_batch_calls=0 prefill_batch_tokens=0 prefill_ms=0.0 decode_ms=0.0
[spec-acc] ctx=4619 burst=3/3 cum=1813/1932=0.938
[tick-spec] seq=1 slot=1 trace=- start_ms=0.001 gap_ms=0.001 wall_ms=15.593 generated=2454->2458 rounds=1 drafted=3 accepted=3 k=3
[spec-acc] ctx=4542 burst=2/3 cum=1725/1959=0.881
[tick-spec] seq=2 slot=0 trace=- start_ms=15.602 gap_ms=0.009 wall_ms=15.727 generated=2377->2380 rounds=1 drafted=3 accepted=2 k=3
[tick] act=3 int=3 priming=1 ready=0 spec=3 demoted=0 spec_calls=2 spec_ms=31.3 prefill_single_calls=0 prefill_single_tokens=0 prefill_batch_calls=0 prefill_batch_tokens=0 prefill_ms=0.0 decode_ms=0.0
[spec-acc] ctx=4545 burst=3/3 cum=1728/1962=0.881
[tick-spec] seq=1 slot=0 trace=- start_ms=0.000 gap_ms=0.000 wall_ms=15.568 generated=2380->2384 rounds=1 drafted=3 accepted=3 k=3
[spec-acc] ctx=4623 burst=3/3 cum=1816/1935=0.939
[tick-spec] seq=2 slot=1 trace=- start_ms=15.576 gap_ms=0.007 wall_ms=15.570 generated=2458->2462 rounds=1 drafted=3 accepted=3 k=3
[tick] act=3 int=3 priming=1 ready=0 spec=3 demoted=0 spec_calls=2 spec_ms=31.2 prefill_single_calls=0 prefill_single_tokens=0 prefill_batch_calls=0 prefill_batch_tokens=0 prefill_ms=0.0 decode_ms=0.0
[spec-acc] ctx=4549 burst=3/3 cum=1731/1965=0.881
[tick-spec] seq=1 slot=0 trace=- start_ms=0.000 gap_ms=0.000 wall_ms=15.553 generated=2384->2388 rounds=1 drafted=3 accepted=3 k=3
[spec-acc] ctx=4627 burst=3/3 cum=1819/1938=0.939
[tick-spec] seq=2 slot=1 trace=- start_ms=15.561 gap_ms=0.008 wall_ms=15.633 generated=2462->2466 rounds=1 drafted=3 accepted=3 k=3
[tick] act=3 int=3 priming=1 ready=0 spec=3 demoted=0 spec_calls=2 spec_ms=31.2 prefill_single_calls=0 prefill_single_tokens=0 prefill_batch_calls=0 prefill_batch_tokens=0 prefill_ms=0.0 decode_ms=0.0
[spec-acc] ctx=4631 burst=3/3 cum=1822/1941=0.939
[tick-spec] seq=1 slot=1 trace=- start_ms=0.000 gap_ms=0.000 wall_ms=14.572 generated=2466->2470 rounds=1 drafted=3 accepted=3 k=3
[spec-acc] ctx=4553 burst=2/3 cum=1733/1968=0.881
[tick-spec] seq=2 slot=0 trace=- start_ms=14.580 gap_ms=0.008 wall_ms=14.613 generated=2388->2391 rounds=1 drafted=3 accepted=2 k=3
[tick] act=3 int=3 priming=1 ready=0 spec=3 demoted=0 spec_calls=2 spec_ms=29.2 prefill_single_calls=0 prefill_single_tokens=0 prefill_batch_calls=0 prefill_batch_tokens=0 prefill_ms=0.0 decode_ms=0.0
[spec-acc] ctx=4556 burst=3/3 cum=1736/1971=0.881
[tick-spec] seq=1 slot=0 trace=- start_ms=0.000 gap_ms=0.000 wall_ms=15.571 generated=2391->2395 rounds=1 drafted=3 accepted=3 k=3
[spec-acc] ctx=4635 burst=3/3 cum=1825/1944=0.939
[tick-spec] seq=2 slot=1 trace=- start_ms=15.579 gap_ms=0.008 wall_ms=14.604 generated=2470->2474 rounds=1 drafted=3 accepted=3 k=3
[tick] act=3 int=3 priming=1 ready=0 spec=3 demoted=0 spec_calls=2 spec_ms=30.2 prefill_single_calls=0 prefill_single_tokens=0 prefill_batch_calls=0 prefill_batch_tokens=0 prefill_ms=0.0 decode_ms=0.0
[spec-acc] ctx=4560 burst=3/3 cum=1739/1974=0.881
[tick-spec] seq=1 slot=0 trace=- start_ms=0.000 gap_ms=0.000 wall_ms=15.617 generated=2395->2399 rounds=1 drafted=3 accepted=3 k=3
[spec-acc] ctx=4639 burst=3/3 cum=1828/1947=0.939
[tick-spec] seq=2 slot=1 trace=- start_ms=15.625 gap_ms=0.007 wall_ms=14.598 generated=2474->2478 rounds=1 drafted=3 accepted=3 k=3
[tick] act=3 int=3 priming=1 ready=0 spec=3 demoted=0 spec_calls=2 spec_ms=30.2 prefill_single_calls=0 prefill_single_tokens=0 prefill_batch_calls=0 prefill_batch_tokens=0 prefill_ms=0.0 decode_ms=0.0
[spec-acc] ctx=4643 burst=3/3 cum=1831/1950=0.939
[tick-spec] seq=1 slot=1 trace=- start_ms=0.000 gap_ms=0.000 wall_ms=13.543 generated=2478->2482 rounds=1 drafted=3 accepted=3 k=3
[spec-acc] ctx=4564 burst=3/3 cum=1742/1977=0.881
[tick-spec] seq=2 slot=0 trace=- start_ms=13.551 gap_ms=0.007 wall_ms=15.597 generated=2399->2403 rounds=1 drafted=3 accepted=3 k=3
[tick] act=3 int=3 priming=1 ready=0 spec=3 demoted=0 spec_calls=2 spec_ms=29.2 prefill_single_calls=0 prefill_single_tokens=0 prefill_batch_calls=0 prefill_batch_tokens=0 prefill_ms=0.0 decode_ms=0.0
[spec-acc] ctx=4568 burst=3/3 cum=1745/1980=0.881
[tick-spec] seq=1 slot=0 trace=- start_ms=0.000 gap_ms=0.000 wall_ms=15.644 generated=2403->2407 rounds=1 drafted=3 accepted=3 k=3
[spec-acc] ctx=4647 burst=3/3 cum=1834/1953=0.939
[tick-spec] seq=2 slot=1 trace=- start_ms=15.652 gap_ms=0.008 wall_ms=27.554 generated=2482->2486 rounds=1 drafted=3 accepted=3 k=3
[tick] act=3 int=3 priming=1 ready=0 spec=3 demoted=0 spec_calls=2 spec_ms=43.2 prefill_single_calls=0 prefill_single_tokens=0 prefill_batch_calls=0 prefill_batch_tokens=0 prefill_ms=0.0 decode_ms=0.0
[spec-acc] ctx=4572 burst=3/3 cum=1748/1983=0.881
[tick-spec] seq=1 slot=0 trace=- start_ms=0.001 gap_ms=0.001 wall_ms=29.178 generated=2407->2411 rounds=1 drafted=3 accepted=3 k=3
[spec-acc] ctx=4651 burst=3/3 cum=1837/1956=0.939
[tick-spec] seq=2 slot=1 trace=- start_ms=29.187 gap_ms=0.008 wall_ms=13.551 generated=2486->2490 rounds=1 drafted=3 accepted=3 k=3
[tick] act=3 int=3 priming=1 ready=0 spec=3 demoted=0 spec_calls=2 spec_ms=42.7 prefill_single_calls=0 prefill_single_tokens=0 prefill_batch_calls=0 prefill_batch_tokens=0 prefill_ms=0.0 decode_ms=0.0
[spec-acc] ctx=4655 burst=3/3 cum=1840/1959=0.939
[tick-spec] seq=1 slot=1 trace=- start_ms=0.001 gap_ms=0.001 wall_ms=14.643 generated=2490->2494 rounds=1 drafted=3 accepted=3 k=3
[spec-acc] ctx=4576 burst=3/3 cum=1751/1986=0.882
[tick-spec] seq=2 slot=0 trace=- start_ms=14.651 gap_ms=0.008 wall_ms=14.587 generated=2411->2415 rounds=1 drafted=3 accepted=3 k=3
[tick] act=3 int=3 priming=1 ready=0 spec=3 demoted=0 spec_calls=2 spec_ms=29.2 prefill_single_calls=0 prefill_single_tokens=0 prefill_batch_calls=0 prefill_batch_tokens=0 prefill_ms=0.0 decode_ms=0.0
[spec-acc] ctx=4580 burst=3/3 cum=1754/1989=0.882
[tick-spec] seq=1 slot=0 trace=- start_ms=0.000 gap_ms=0.000 wall_ms=15.616 generated=2415->2419 rounds=1 drafted=3 accepted=3 k=3
[spec-acc] ctx=4659 burst=3/3 cum=1843/1962=0.939
[tick-spec] seq=2 slot=1 trace=- start_ms=15.624 gap_ms=0.007 wall_ms=15.650 generated=2494->2498 rounds=1 drafted=3 accepted=3 k=3
[tick] act=3 int=3 priming=1 ready=0 spec=3 demoted=0 spec_calls=2 spec_ms=31.3 prefill_single_calls=0 prefill_single_tokens=0 prefill_batch_calls=0 prefill_batch_tokens=0 prefill_ms=0.0 decode_ms=0.0
[spec-acc] ctx=4584 burst=3/3 cum=1757/1992=0.882
[tick-spec] seq=1 slot=0 trace=- start_ms=0.000 gap_ms=0.000 wall_ms=14.557 generated=2419->2423 rounds=1 drafted=3 accepted=3 k=3
[spec-acc] ctx=4663 burst=3/3 cum=1846/1965=0.939
[tick-spec] seq=2 slot=1 trace=- start_ms=14.565 gap_ms=0.008 wall_ms=15.734 generated=2498->2502 rounds=1 drafted=3 accepted=3 k=3
[tick] act=3 int=3 priming=1 ready=0 spec=3 demoted=0 spec_calls=2 spec_ms=30.3 prefill_single_calls=0 prefill_single_tokens=0 prefill_batch_calls=0 prefill_batch_tokens=0 prefill_ms=0.0 decode_ms=0.0
[spec-acc] ctx=4667 burst=3/3 cum=1849/1968=0.940
[tick-spec] seq=1 slot=1 trace=- start_ms=0.001 gap_ms=0.001 wall_ms=13.511 generated=2502->2506 rounds=1 drafted=3 accepted=3 k=3
[spec-acc] ctx=4588 burst=3/3 cum=1760/1995=0.882
[tick-spec] seq=2 slot=0 trace=- start_ms=13.520 gap_ms=0.008 wall_ms=14.543 generated=2423->2427 rounds=1 drafted=3 accepted=3 k=3
[tick] act=3 int=3 priming=1 ready=0 spec=3 demoted=0 spec_calls=2 spec_ms=28.1 prefill_single_calls=0 prefill_single_tokens=0 prefill_batch_calls=0 prefill_batch_tokens=0 prefill_ms=0.0 decode_ms=0.0
[spec-acc] ctx=4592 burst=3/3 cum=1763/1998=0.882
[tick-spec] seq=1 slot=0 trace=- start_ms=0.000 gap_ms=0.000 wall_ms=14.663 generated=2427->2431 rounds=1 drafted=3 accepted=3 k=3
[spec-acc] ctx=4671 burst=3/3 cum=1852/1971=0.940
[tick-spec] seq=2 slot=1 trace=- start_ms=14.671 gap_ms=0.007 wall_ms=15.698 generated=2506->2510 rounds=1 drafted=3 accepted=3 k=3
[tick] act=3 int=3 priming=1 ready=0 spec=3 demoted=0 spec_calls=2 spec_ms=30.4 prefill_single_calls=0 prefill_single_tokens=0 prefill_batch_calls=0 prefill_batch_tokens=0 prefill_ms=0.0 decode_ms=0.0
[spec-acc] ctx=4596 burst=3/3 cum=1766/2001=0.883
[tick-spec] seq=1 slot=0 trace=- start_ms=0.000 gap_ms=0.000 wall_ms=14.620 generated=2431->2435 rounds=1 drafted=3 accepted=3 k=3
[spec-acc] ctx=4675 burst=3/3 cum=1855/1974=0.940
[tick-spec] seq=2 slot=1 trace=- start_ms=14.628 gap_ms=0.008 wall_ms=14.622 generated=2510->2514 rounds=1 drafted=3 accepted=3 k=3
[tick] act=3 int=3 priming=1 ready=0 spec=3 demoted=0 spec_calls=2 spec_ms=29.3 prefill_single_calls=0 prefill_single_tokens=0 prefill_batch_calls=0 prefill_batch_tokens=0 prefill_ms=0.0 decode_ms=0.0
[spec-acc] ctx=4679 burst=3/3 cum=1858/1977=0.940
[tick-spec] seq=1 slot=1 trace=- start_ms=0.000 gap_ms=0.000 wall_ms=13.529 generated=2514->2518 rounds=1 drafted=3 accepted=3 k=3
[spec-acc] ctx=4600 burst=3/3 cum=1769/2004=0.883
[tick-spec] seq=2 slot=0 trace=- start_ms=13.537 gap_ms=0.007 wall_ms=15.693 generated=2435->2439 rounds=1 drafted=3 accepted=3 k=3
[tick] act=3 int=3 priming=1 ready=0 spec=3 demoted=0 spec_calls=2 spec_ms=29.2 prefill_single_calls=0 prefill_single_tokens=0 prefill_batch_calls=0 prefill_batch_tokens=0 prefill_ms=0.0 decode_ms=0.0
[spec-acc] ctx=4604 burst=3/3 cum=1772/2007=0.883
[tick-spec] seq=1 slot=0 trace=- start_ms=0.000 gap_ms=0.000 wall_ms=15.636 generated=2439->2443 rounds=1 drafted=3 accepted=3 k=3
[spec-acc] ctx=4683 burst=3/3 cum=1861/1980=0.940
[tick-spec] seq=2 slot=1 trace=- start_ms=15.644 gap_ms=0.007 wall_ms=31.162 generated=2518->2522 rounds=1 drafted=3 accepted=3 k=3
[tick] act=3 int=3 priming=1 ready=0 spec=3 demoted=0 spec_calls=2 spec_ms=46.8 prefill_single_calls=0 prefill_single_tokens=0 prefill_batch_calls=0 prefill_batch_tokens=0 prefill_ms=0.0 decode_ms=0.0
[spec-acc] ctx=4608 burst=3/3 cum=1775/2010=0.883
[tick-spec] seq=1 slot=0 trace=- start_ms=0.001 gap_ms=0.001 wall_ms=31.099 generated=2443->2447 rounds=1 drafted=3 accepted=3 k=3
[spec-acc] ctx=4687 burst=3/3 cum=1864/1983=0.940
[tick-spec] seq=2 slot=1 trace=- start_ms=31.108 gap_ms=0.008 wall_ms=12.477 generated=2522->2526 rounds=1 drafted=3 accepted=3 k=3
[tick] act=3 int=3 priming=1 ready=0 spec=3 demoted=0 spec_calls=2 spec_ms=43.6 prefill_single_calls=0 prefill_single_tokens=0 prefill_batch_calls=0 prefill_batch_tokens=0 prefill_ms=0.0 decode_ms=0.0
[spec-acc] ctx=4691 burst=3/3 cum=1867/1986=0.940
[tick-spec] seq=1 slot=1 trace=- start_ms=0.001 gap_ms=0.001 wall_ms=15.665 generated=2526->2530 rounds=1 drafted=3 accepted=3 k=3
[spec-acc] ctx=4612 burst=3/3 cum=1778/2013=0.883
[tick-spec] seq=2 slot=0 trace=- start_ms=15.674 gap_ms=0.008 wall_ms=14.616 generated=2447->2451 rounds=1 drafted=3 accepted=3 k=3
[tick] act=3 int=3 priming=1 ready=0 spec=3 demoted=0 spec_calls=2 spec_ms=30.3 prefill_single_calls=0 prefill_single_tokens=0 prefill_batch_calls=0 prefill_batch_tokens=0 prefill_ms=0.0 decode_ms=0.0
[spec-acc] ctx=4616 burst=3/3 cum=1781/2016=0.883
[tick-spec] seq=1 slot=0 trace=- start_ms=0.000 gap_ms=0.000 wall_ms=13.505 generated=2451->2455 rounds=1 drafted=3 accepted=3 k=3
[spec-acc] ctx=4695 burst=3/3 cum=1870/1989=0.940
[tick-spec] seq=2 slot=1 trace=- start_ms=13.513 gap_ms=0.007 wall_ms=14.611 generated=2530->2534 rounds=1 drafted=3 accepted=3 k=3
[tick] act=3 int=3 priming=1 ready=0 spec=3 demoted=0 spec_calls=2 spec_ms=28.1 prefill_single_calls=0 prefill_single_tokens=0 prefill_batch_calls=0 prefill_batch_tokens=0 prefill_ms=0.0 decode_ms=0.0
[spec-acc] ctx=4620 burst=3/3 cum=1784/2019=0.884
[tick-spec] seq=1 slot=0 trace=- start_ms=0.001 gap_ms=0.001 wall_ms=13.501 generated=2455->2459 rounds=1 drafted=3 accepted=3 k=3
[spec-acc] ctx=4699 burst=3/3 cum=1873/1992=0.940
[tick-spec] seq=2 slot=1 trace=- start_ms=13.509 gap_ms=0.008 wall_ms=15.677 generated=2534->2538 rounds=1 drafted=3 accepted=3 k=3
[prime-chunk] phase=mtp-trunk rows=288 wall_ms=121.732
[prime-yield] count=34 remaining=35 chunks=1 wall_ms=121.732 max_chunk_ms=121.732
[tick-spec] seq=3 slot=2 trace=- start_ms=29.194 gap_ms=0.008 wall_ms=121.922 generated=0->0 rounds=0 drafted=0 accepted=0 k=3
[tick] act=3 int=3 priming=1 ready=0 spec=3 demoted=0 spec_calls=3 spec_ms=151.1 prefill_single_calls=0 prefill_single_tokens=0 prefill_batch_calls=0 prefill_batch_tokens=0 prefill_ms=0.0 decode_ms=0.0
[spec-acc] ctx=4703 burst=3/3 cum=1876/1995=0.940
[tick-spec] seq=1 slot=1 trace=- start_ms=0.001 gap_ms=0.001 wall_ms=15.677 generated=2538->2542 rounds=1 drafted=3 accepted=3 k=3
[spec-acc] ctx=4624 burst=2/3 cum=1786/2022=0.883
[tick-spec] seq=2 slot=0 trace=- start_ms=15.687 gap_ms=0.009 wall_ms=29.442 generated=2459->2462 rounds=1 drafted=3 accepted=2 k=3
[tick] act=3 int=3 priming=1 ready=0 spec=3 demoted=0 spec_calls=2 spec_ms=45.1 prefill_single_calls=0 prefill_single_tokens=0 prefill_batch_calls=0 prefill_batch_tokens=0 prefill_ms=0.0 decode_ms=0.0
[spec-acc] ctx=4627 burst=3/3 cum=1789/2025=0.883
[tick-spec] seq=1 slot=0 trace=- start_ms=0.000 gap_ms=0.000 wall_ms=31.456 generated=2462->2466 rounds=1 drafted=3 accepted=3 k=3
[spec-acc] ctx=4707 burst=3/3 cum=1879/1998=0.940
[tick-spec] seq=2 slot=1 trace=- start_ms=31.464 gap_ms=0.008 wall_ms=13.535 generated=2542->2546 rounds=1 drafted=3 accepted=3 k=3
[prime-chunk] phase=mtp-trunk rows=38 wall_ms=125.430
[prime-yield] count=35 remaining=34 chunks=1 wall_ms=125.430 max_chunk_ms=125.430
[tick-spec] seq=3 slot=2 trace=- start_ms=45.007 gap_ms=0.009 wall_ms=125.628 generated=0->0 rounds=0 drafted=0 accepted=0 k=3
[tick] act=3 int=3 priming=1 ready=0 spec=3 demoted=0 spec_calls=3 spec_ms=170.6 prefill_single_calls=0 prefill_single_tokens=0 prefill_batch_calls=0 prefill_batch_tokens=0 prefill_ms=0.0 decode_ms=0.0
[spec-acc] ctx=4631 burst=3/3 cum=1792/2028=0.884
[tick-spec] seq=1 slot=0 trace=- start_ms=0.001 gap_ms=0.001 wall_ms=13.539 generated=2466->2470 rounds=1 drafted=3 accepted=3 k=3
[spec-acc] ctx=4711 burst=3/3 cum=1882/2001=0.941
[tick-spec] seq=2 slot=1 trace=- start_ms=13.548 gap_ms=0.008 wall_ms=13.560 generated=2546->2550 rounds=1 drafted=3 accepted=3 k=3
[tick] act=3 int=3 priming=1 ready=0 spec=3 demoted=0 spec_calls=2 spec_ms=27.1 prefill_single_calls=0 prefill_single_tokens=0 prefill_batch_calls=0 prefill_batch_tokens=0 prefill_ms=0.0 decode_ms=0.0
[spec-acc] ctx=4715 burst=3/3 cum=1885/2004=0.941
[tick-spec] seq=1 slot=1 trace=- start_ms=0.001 gap_ms=0.001 wall_ms=14.602 generated=2550->2554 rounds=1 drafted=3 accepted=3 k=3
[spec-acc] ctx=4635 burst=2/3 cum=1794/2031=0.883
[tick-spec] seq=2 slot=0 trace=- start_ms=14.610 gap_ms=0.008 wall_ms=14.667 generated=2470->2473 rounds=1 drafted=3 accepted=2 k=3
[tick] act=3 int=3 priming=1 ready=0 spec=3 demoted=0 spec_calls=2 spec_ms=29.3 prefill_single_calls=0 prefill_single_tokens=0 prefill_batch_calls=0 prefill_batch_tokens=0 prefill_ms=0.0 decode_ms=0.0
[spec-acc] ctx=4638 burst=3/3 cum=1797/2034=0.883
[tick-spec] seq=1 slot=0 trace=- start_ms=0.000 gap_ms=0.000 wall_ms=14.913 generated=2473->2477 rounds=1 drafted=3 accepted=3 k=3
[spec-acc] ctx=4719 burst=3/3 cum=1888/2007=0.941
[tick-spec] seq=2 slot=1 trace=- start_ms=14.921 gap_ms=0.008 wall_ms=14.658 generated=2554->2558 rounds=1 drafted=3 accepted=3 k=3
[prime-chunk] phase=mtp-draft-fill rows=4096 wall_ms=88.142
[prime-yield] count=36 remaining=33 chunks=1 wall_ms=88.142 max_chunk_ms=88.142
[tick-spec] seq=3 slot=2 trace=- start_ms=29.588 gap_ms=0.009 wall_ms=88.324 generated=0->0 rounds=0 drafted=0 accepted=0 k=3
[tick] act=3 int=3 priming=1 ready=0 spec=3 demoted=0 spec_calls=3 spec_ms=117.9 prefill_single_calls=0 prefill_single_tokens=0 prefill_batch_calls=0 prefill_batch_tokens=0 prefill_ms=0.0 decode_ms=0.0
[spec-acc] ctx=4642 burst=3/3 cum=1800/2037=0.884
[tick-spec] seq=1 slot=0 trace=- start_ms=0.001 gap_ms=0.001 wall_ms=15.786 generated=2477->2481 rounds=1 drafted=3 accepted=3 k=3
[spec-acc] ctx=4723 burst=3/3 cum=1891/2010=0.941
[tick-spec] seq=2 slot=1 trace=- start_ms=15.795 gap_ms=0.009 wall_ms=14.608 generated=2558->2562 rounds=1 drafted=3 accepted=3 k=3
[tick] act=3 int=3 priming=1 ready=0 spec=3 demoted=0 spec_calls=2 spec_ms=30.4 prefill_single_calls=0 prefill_single_tokens=0 prefill_batch_calls=0 prefill_batch_tokens=0 prefill_ms=0.0 decode_ms=0.0
[spec-acc] ctx=4727 burst=3/3 cum=1894/2013=0.941
[tick-spec] seq=1 slot=1 trace=- start_ms=0.001 gap_ms=0.001 wall_ms=12.491 generated=2562->2566 rounds=1 drafted=3 accepted=3 k=3
[spec-acc] ctx=4646 burst=3/3 cum=1803/2040=0.884
[tick-spec] seq=2 slot=0 trace=- start_ms=12.499 gap_ms=0.008 wall_ms=14.552 generated=2481->2485 rounds=1 drafted=3 accepted=3 k=3
[prime-chunk] phase=mtp-draft-fill rows=4096 wall_ms=87.962
[prime-yield] count=37 remaining=32 chunks=1 wall_ms=87.962 max_chunk_ms=87.962
[tick-spec] seq=3 slot=2 trace=- start_ms=27.061 gap_ms=0.009 wall_ms=88.142 generated=0->0 rounds=0 drafted=0 accepted=0 k=3
[tick] act=3 int=3 priming=1 ready=0 spec=3 demoted=0 spec_calls=3 spec_ms=115.2 prefill_single_calls=0 prefill_single_tokens=0 prefill_batch_calls=0 prefill_batch_tokens=0 prefill_ms=0.0 decode_ms=0.0
[spec-acc] ctx=4650 burst=3/3 cum=1806/2043=0.884
[tick-spec] seq=1 slot=0 trace=- start_ms=0.000 gap_ms=0.000 wall_ms=15.598 generated=2485->2489 rounds=1 drafted=3 accepted=3 k=3
[spec-acc] ctx=4731 burst=3/3 cum=1897/2016=0.941
[tick-spec] seq=2 slot=1 trace=- start_ms=15.606 gap_ms=0.007 wall_ms=15.697 generated=2566->2570 rounds=1 drafted=3 accepted=3 k=3
[tick] act=3 int=3 priming=1 ready=0 spec=3 demoted=0 spec_calls=2 spec_ms=31.3 prefill_single_calls=0 prefill_single_tokens=0 prefill_batch_calls=0 prefill_batch_tokens=0 prefill_ms=0.0 decode_ms=0.0
[spec-acc] ctx=4654 burst=3/3 cum=1809/2046=0.884
[tick-spec] seq=1 slot=0 trace=- start_ms=0.001 gap_ms=0.001 wall_ms=14.612 generated=2489->2493 rounds=1 drafted=3 accepted=3 k=3
[spec-acc] ctx=4735 burst=3/3 cum=1900/2019=0.941
[tick-spec] seq=2 slot=1 trace=- start_ms=14.620 gap_ms=0.008 wall_ms=15.665 generated=2570->2574 rounds=1 drafted=3 accepted=3 k=3
[prime-chunk] phase=mtp-draft-fill rows=4096 wall_ms=88.040
[prime-yield] count=38 remaining=31 chunks=1 wall_ms=88.040 max_chunk_ms=88.040
[tick-spec] seq=3 slot=2 trace=- start_ms=30.295 gap_ms=0.009 wall_ms=88.219 generated=0->0 rounds=0 drafted=0 accepted=0 k=3
[tick] act=3 int=3 priming=1 ready=0 spec=3 demoted=0 spec_calls=3 spec_ms=118.5 prefill_single_calls=0 prefill_single_tokens=0 prefill_batch_calls=0 prefill_batch_tokens=0 prefill_ms=0.0 decode_ms=0.0
[spec-acc] ctx=4739 burst=3/3 cum=1903/2022=0.941
[tick-spec] seq=1 slot=1 trace=- start_ms=0.000 gap_ms=0.000 wall_ms=15.653 generated=2574->2578 rounds=1 drafted=3 accepted=3 k=3
[spec-acc] ctx=4658 burst=3/3 cum=1812/2049=0.884
[tick-spec] seq=2 slot=0 trace=- start_ms=15.661 gap_ms=0.008 wall_ms=15.672 generated=2493->2497 rounds=1 drafted=3 accepted=3 k=3
[tick] act=3 int=3 priming=1 ready=0 spec=3 demoted=0 spec_calls=2 spec_ms=31.3 prefill_single_calls=0 prefill_single_tokens=0 prefill_batch_calls=0 prefill_batch_tokens=0 prefill_ms=0.0 decode_ms=0.0
[spec-acc] ctx=4662 burst=3/3 cum=1815/2052=0.885
[tick-spec] seq=1 slot=0 trace=- start_ms=0.000 gap_ms=0.000 wall_ms=15.726 generated=2497->2501 rounds=1 drafted=3 accepted=3 k=3
[spec-acc] ctx=4743 burst=3/3 cum=1906/2025=0.941
[tick-spec] seq=2 slot=1 trace=- start_ms=15.734 gap_ms=0.007 wall_ms=14.610 generated=2578->2582 rounds=1 drafted=3 accepted=3 k=3
[prime-chunk] phase=mtp-draft-fill rows=4096 wall_ms=87.862
[prime-yield] count=39 remaining=30 chunks=1 wall_ms=87.862 max_chunk_ms=87.862
[tick-spec] seq=3 slot=2 trace=- start_ms=30.353 gap_ms=0.009 wall_ms=88.045 generated=0->0 rounds=0 drafted=0 accepted=0 k=3
[tick] act=3 int=3 priming=1 ready=0 spec=3 demoted=0 spec_calls=3 spec_ms=118.4 prefill_single_calls=0 prefill_single_tokens=0 prefill_batch_calls=0 prefill_batch_tokens=0 prefill_ms=0.0 decode_ms=0.0
[spec-acc] ctx=4666 burst=3/3 cum=1818/2055=0.885
[tick-spec] seq=1 slot=0 trace=- start_ms=0.000 gap_ms=0.000 wall_ms=14.596 generated=2501->2505 rounds=1 drafted=3 accepted=3 k=3
[spec-acc] ctx=4747 burst=3/3 cum=1909/2028=0.941
[tick-spec] seq=2 slot=1 trace=- start_ms=14.604 gap_ms=0.008 wall_ms=15.708 generated=2582->2586 rounds=1 drafted=3 accepted=3 k=3
[tick] act=3 int=3 priming=1 ready=0 spec=3 demoted=0 spec_calls=2 spec_ms=30.3 prefill_single_calls=0 prefill_single_tokens=0 prefill_batch_calls=0 prefill_batch_tokens=0 prefill_ms=0.0 decode_ms=0.0
[spec-acc] ctx=4751 burst=3/3 cum=1912/2031=0.941
[tick-spec] seq=1 slot=1 trace=- start_ms=0.000 gap_ms=0.000 wall_ms=14.587 generated=2586->2590 rounds=1 drafted=3 accepted=3 k=3
[spec-acc] ctx=4670 burst=3/3 cum=1821/2058=0.885
[tick-spec] seq=2 slot=0 trace=- start_ms=14.595 gap_ms=0.007 wall_ms=12.492 generated=2505->2509 rounds=1 drafted=3 accepted=3 k=3
[prime-chunk] phase=mtp-draft-fill rows=4096 wall_ms=88.550
[prime-yield] count=40 remaining=29 chunks=1 wall_ms=88.550 max_chunk_ms=88.550
[tick-spec] seq=3 slot=2 trace=- start_ms=27.095 gap_ms=0.008 wall_ms=88.730 generated=0->0 rounds=0 drafted=0 accepted=0 k=3
[tick] act=3 int=3 priming=1 ready=0 spec=3 demoted=0 spec_calls=3 spec_ms=115.8 prefill_single_calls=0 prefill_single_tokens=0 prefill_batch_calls=0 prefill_batch_tokens=0 prefill_ms=0.0 decode_ms=0.0
[spec-acc] ctx=4674 burst=3/3 cum=1824/2061=0.885
[tick-spec] seq=1 slot=0 trace=- start_ms=0.001 gap_ms=0.001 wall_ms=14.554 generated=2509->2513 rounds=1 drafted=3 accepted=3 k=3
[spec-acc] ctx=4755 burst=3/3 cum=1915/2034=0.941
[tick-spec] seq=2 slot=1 trace=- start_ms=14.564 gap_ms=0.009 wall_ms=14.595 generated=2590->2594 rounds=1 drafted=3 accepted=3 k=3
[tick] act=3 int=3 priming=1 ready=0 spec=3 demoted=0 spec_calls=2 spec_ms=29.2 prefill_single_calls=0 prefill_single_tokens=0 prefill_batch_calls=0 prefill_batch_tokens=0 prefill_ms=0.0 decode_ms=0.0
[spec-acc] ctx=4678 burst=3/3 cum=1827/2064=0.885
[tick-spec] seq=1 slot=0 trace=- start_ms=0.001 gap_ms=0.001 wall_ms=14.568 generated=2513->2517 rounds=1 drafted=3 accepted=3 k=3
[spec-acc] ctx=4759 burst=3/3 cum=1918/2037=0.942
[tick-spec] seq=2 slot=1 trace=- start_ms=14.576 gap_ms=0.008 wall_ms=15.720 generated=2594->2598 rounds=1 drafted=3 accepted=3 k=3
[prime-chunk] phase=mtp-draft-fill rows=4096 wall_ms=87.999
[prime-yield] count=41 remaining=28 chunks=1 wall_ms=87.999 max_chunk_ms=87.999
[tick-spec] seq=3 slot=2 trace=- start_ms=30.305 gap_ms=0.008 wall_ms=88.189 generated=0->0 rounds=0 drafted=0 accepted=0 k=3
[tick] act=3 int=3 priming=1 ready=0 spec=3 demoted=0 spec_calls=3 spec_ms=118.5 prefill_single_calls=0 prefill_single_tokens=0 prefill_batch_calls=0 prefill_batch_tokens=0 prefill_ms=0.0 decode_ms=0.0
[spec-acc] ctx=4763 burst=3/3 cum=1921/2040=0.942
[tick-spec] seq=1 slot=1 trace=- start_ms=0.001 gap_ms=0.001 wall_ms=14.582 generated=2598->2602 rounds=1 drafted=3 accepted=3 k=3
[spec-acc] ctx=4682 burst=3/3 cum=1830/2067=0.885
[tick-spec] seq=2 slot=0 trace=- start_ms=14.590 gap_ms=0.008 wall_ms=13.517 generated=2517->2521 rounds=1 drafted=3 accepted=3 k=3
[tick] act=3 int=3 priming=1 ready=0 spec=3 demoted=0 spec_calls=2 spec_ms=28.1 prefill_single_calls=0 prefill_single_tokens=0 prefill_batch_calls=0 prefill_batch_tokens=0 prefill_ms=0.0 decode_ms=0.0
[spec-acc] ctx=4686 burst=3/3 cum=1833/2070=0.886
[tick-spec] seq=1 slot=0 trace=- start_ms=0.000 gap_ms=0.000 wall_ms=14.622 generated=2521->2525 rounds=1 drafted=3 accepted=3 k=3
[spec-acc] ctx=4767 burst=3/3 cum=1924/2043=0.942
[tick-spec] seq=2 slot=1 trace=- start_ms=14.630 gap_ms=0.008 wall_ms=14.613 generated=2602->2606 rounds=1 drafted=3 accepted=3 k=3
[prime-chunk] phase=mtp-draft-fill rows=4096 wall_ms=88.941
[prime-yield] count=42 remaining=27 chunks=1 wall_ms=88.941 max_chunk_ms=88.941
[tick-spec] seq=3 slot=2 trace=- start_ms=29.252 gap_ms=0.009 wall_ms=89.120 generated=0->0 rounds=0 drafted=0 accepted=0 k=3
[tick] act=3 int=3 priming=1 ready=0 spec=3 demoted=0 spec_calls=3 spec_ms=118.4 prefill_single_calls=0 prefill_single_tokens=0 prefill_batch_calls=0 prefill_batch_tokens=0 prefill_ms=0.0 decode_ms=0.0
[spec-acc] ctx=4690 burst=3/3 cum=1836/2073=0.886
[tick-spec] seq=1 slot=0 trace=- start_ms=0.001 gap_ms=0.001 wall_ms=15.681 generated=2525->2529 rounds=1 drafted=3 accepted=3 k=3
[spec-acc] ctx=4771 burst=3/3 cum=1927/2046=0.942
[tick-spec] seq=2 slot=1 trace=- start_ms=15.690 gap_ms=0.008 wall_ms=14.612 generated=2606->2610 rounds=1 drafted=3 accepted=3 k=3
[tick] act=3 int=3 priming=1 ready=0 spec=3 demoted=0 spec_calls=2 spec_ms=30.3 prefill_single_calls=0 prefill_single_tokens=0 prefill_batch_calls=0 prefill_batch_tokens=0 prefill_ms=0.0 decode_ms=0.0
[spec-acc] ctx=4775 burst=3/3 cum=1930/2049=0.942
[tick-spec] seq=1 slot=1 trace=- start_ms=0.000 gap_ms=0.000 wall_ms=15.651 generated=2610->2614 rounds=1 drafted=3 accepted=3 k=3
[spec-acc] ctx=4694 burst=3/3 cum=1839/2076=0.886
[tick-spec] seq=2 slot=0 trace=- start_ms=15.659 gap_ms=0.007 wall_ms=15.629 generated=2529->2533 rounds=1 drafted=3 accepted=3 k=3
[prime-chunk] phase=mtp-draft-fill rows=4096 wall_ms=90.508
[prime-yield] count=43 remaining=26 chunks=1 wall_ms=90.508 max_chunk_ms=90.508
[tick-spec] seq=3 slot=2 trace=- start_ms=31.296 gap_ms=0.008 wall_ms=90.687 generated=0->0 rounds=0 drafted=0 accepted=0 k=3
[tick] act=3 int=3 priming=1 ready=0 spec=3 demoted=0 spec_calls=3 spec_ms=122.0 prefill_single_calls=0 prefill_single_tokens=0 prefill_batch_calls=0 prefill_batch_tokens=0 prefill_ms=0.0 decode_ms=0.0
[spec-acc] ctx=4698 burst=3/3 cum=1842/2079=0.886
[tick-spec] seq=1 slot=0 trace=- start_ms=0.001 gap_ms=0.001 wall_ms=15.662 generated=2533->2537 rounds=1 drafted=3 accepted=3 k=3
[spec-acc] ctx=4779 burst=3/3 cum=1933/2052=0.942
[tick-spec] seq=2 slot=1 trace=- start_ms=15.670 gap_ms=0.008 wall_ms=14.678 generated=2614->2618 rounds=1 drafted=3 accepted=3 k=3
[tick] act=3 int=3 priming=1 ready=0 spec=3 demoted=0 spec_calls=2 spec_ms=30.4 prefill_single_calls=0 prefill_single_tokens=0 prefill_batch_calls=0 prefill_batch_tokens=0 prefill_ms=0.0 decode_ms=0.0
[spec-acc] ctx=4702 burst=3/3 cum=1845/2082=0.886
[tick-spec] seq=1 slot=0 trace=- start_ms=0.000 gap_ms=0.000 wall_ms=15.664 generated=2537->2541 rounds=1 drafted=3 accepted=3 k=3
[spec-acc] ctx=4783 burst=3/3 cum=1936/2055=0.942
[tick-spec] seq=2 slot=1 trace=- start_ms=15.672 gap_ms=0.008 wall_ms=15.664 generated=2618->2622 rounds=1 drafted=3 accepted=3 k=3
[prime-chunk] phase=mtp-draft-fill rows=4096 wall_ms=88.089
[prime-yield] count=44 remaining=25 chunks=1 wall_ms=88.089 max_chunk_ms=88.089
[tick-spec] seq=3 slot=2 trace=- start_ms=31.344 gap_ms=0.008 wall_ms=88.268 generated=0->0 rounds=0 drafted=0 accepted=0 k=3
[tick] act=3 int=3 priming=1 ready=0 spec=3 demoted=0 spec_calls=3 spec_ms=119.6 prefill_single_calls=0 prefill_single_tokens=0 prefill_batch_calls=0 prefill_batch_tokens=0 prefill_ms=0.0 decode_ms=0.0
[spec-acc] ctx=4787 burst=3/3 cum=1939/2058=0.942
[tick-spec] seq=1 slot=1 trace=- start_ms=0.000 gap_ms=0.000 wall_ms=13.554 generated=2622->2626 rounds=1 drafted=3 accepted=3 k=3
[spec-acc] ctx=4706 burst=2/3 cum=1847/2085=0.886
[tick-spec] seq=2 slot=0 trace=- start_ms=13.562 gap_ms=0.007 wall_ms=14.703 generated=2541->2544 rounds=1 drafted=3 accepted=2 k=3
[tick] act=3 int=3 priming=1 ready=0 spec=3 demoted=0 spec_calls=2 spec_ms=28.3 prefill_single_calls=0 prefill_single_tokens=0 prefill_batch_calls=0 prefill_batch_tokens=0 prefill_ms=0.0 decode_ms=0.0
[spec-acc] ctx=4709 burst=3/3 cum=1850/2088=0.886
[tick-spec] seq=1 slot=0 trace=- start_ms=0.000 gap_ms=0.000 wall_ms=14.596 generated=2544->2548 rounds=1 drafted=3 accepted=3 k=3
[spec-acc] ctx=4791 burst=3/3 cum=1942/2061=0.942
[tick-spec] seq=2 slot=1 trace=- start_ms=14.604 gap_ms=0.008 wall_ms=14.589 generated=2626->2630 rounds=1 drafted=3 accepted=3 k=3
[prime-chunk] phase=mtp-draft-fill rows=4096 wall_ms=87.875
[prime-yield] count=45 remaining=24 chunks=1 wall_ms=87.875 max_chunk_ms=87.875
[tick-spec] seq=3 slot=2 trace=- start_ms=29.202 gap_ms=0.009 wall_ms=88.061 generated=0->0 rounds=0 drafted=0 accepted=0 k=3
[tick] act=3 int=3 priming=1 ready=0 spec=3 demoted=0 spec_calls=3 spec_ms=117.3 prefill_single_calls=0 prefill_single_tokens=0 prefill_batch_calls=0 prefill_batch_tokens=0 prefill_ms=0.0 decode_ms=0.0
[spec-acc] ctx=4713 burst=3/3 cum=1853/2091=0.886
[tick-spec] seq=1 slot=0 trace=- start_ms=0.001 gap_ms=0.001 wall_ms=14.586 generated=2548->2552 rounds=1 drafted=3 accepted=3 k=3
[spec-acc] ctx=4795 burst=3/3 cum=1945/2064=0.942
[tick-spec] seq=2 slot=1 trace=- start_ms=14.594 gap_ms=0.008 wall_ms=15.667 generated=2630->2634 rounds=1 drafted=3 accepted=3 k=3
[tick] act=3 int=3 priming=1 ready=0 spec=3 demoted=0 spec_calls=2 spec_ms=30.3 prefill_single_calls=0 prefill_single_tokens=0 prefill_batch_calls=0 prefill_batch_tokens=0 prefill_ms=0.0 decode_ms=0.0
[spec-acc] ctx=4799 burst=3/3 cum=1948/2067=0.942
[tick-spec] seq=1 slot=1 trace=- start_ms=0.000 gap_ms=0.000 wall_ms=15.690 generated=2634->2638 rounds=1 drafted=3 accepted=3 k=3
[spec-acc] ctx=4717 burst=2/3 cum=1855/2094=0.886
[tick-spec] seq=2 slot=0 trace=- start_ms=15.698 gap_ms=0.007 wall_ms=15.765 generated=2552->2555 rounds=1 drafted=3 accepted=2 k=3
[prime-chunk] phase=mtp-draft-fill rows=4096 wall_ms=88.014
[prime-yield] count=46 remaining=23 chunks=1 wall_ms=88.014 max_chunk_ms=88.014
[tick-spec] seq=3 slot=2 trace=- start_ms=31.471 gap_ms=0.009 wall_ms=88.206 generated=0->0 rounds=0 drafted=0 accepted=0 k=3
[tick] act=3 int=3 priming=1 ready=0 spec=3 demoted=0 spec_calls=3 spec_ms=119.7 prefill_single_calls=0 prefill_single_tokens=0 prefill_batch_calls=0 prefill_batch_tokens=0 prefill_ms=0.0 decode_ms=0.0
[spec-acc] ctx=4720 burst=3/3 cum=1858/2097=0.886
[tick-spec] seq=1 slot=0 trace=- start_ms=0.000 gap_ms=0.000 wall_ms=12.516 generated=2555->2559 rounds=1 drafted=3 accepted=3 k=3
[spec-acc] ctx=4803 burst=3/3 cum=1951/2070=0.943
[tick-spec] seq=2 slot=1 trace=- start_ms=12.524 gap_ms=0.007 wall_ms=14.646 generated=2638->2642 rounds=1 drafted=3 accepted=3 k=3
[tick] act=3 int=3 priming=1 ready=0 spec=3 demoted=0 spec_calls=2 spec_ms=27.2 prefill_single_calls=0 prefill_single_tokens=0 prefill_batch_calls=0 prefill_batch_tokens=0 prefill_ms=0.0 decode_ms=0.0
[spec-acc] ctx=4724 burst=3/3 cum=1861/2100=0.886
[tick-spec] seq=1 slot=0 trace=- start_ms=0.000 gap_ms=0.000 wall_ms=13.584 generated=2559->2563 rounds=1 drafted=3 accepted=3 k=3
[spec-acc] ctx=4807 burst=3/3 cum=1954/2073=0.943
[tick-spec] seq=2 slot=1 trace=- start_ms=13.592 gap_ms=0.007 wall_ms=13.542 generated=2642->2646 rounds=1 drafted=3 accepted=3 k=3
[prime-chunk] phase=mtp-draft-fill rows=4096 wall_ms=87.990
[prime-yield] count=47 remaining=22 chunks=1 wall_ms=87.990 max_chunk_ms=87.990
[tick-spec] seq=3 slot=2 trace=- start_ms=27.143 gap_ms=0.009 wall_ms=88.180 generated=0->0 rounds=0 drafted=0 accepted=0 k=3
[tick] act=3 int=3 priming=1 ready=0 spec=3 demoted=0 spec_calls=3 spec_ms=115.3 prefill_single_calls=0 prefill_single_tokens=0 prefill_batch_calls=0 prefill_batch_tokens=0 prefill_ms=0.0 decode_ms=0.0
[spec-acc] ctx=4811 burst=3/3 cum=1957/2076=0.943
[tick-spec] seq=1 slot=1 trace=- start_ms=0.000 gap_ms=0.000 wall_ms=15.649 generated=2646->2650 rounds=1 drafted=3 accepted=3 k=3
[spec-acc] ctx=4728 burst=3/3 cum=1864/2103=0.886
[tick-spec] seq=2 slot=0 trace=- start_ms=15.657 gap_ms=0.008 wall_ms=13.553 generated=2563->2567 rounds=1 drafted=3 accepted=3 k=3
[tick] act=3 int=3 priming=1 ready=0 spec=3 demoted=0 spec_calls=2 spec_ms=29.2 prefill_single_calls=0 prefill_single_tokens=0 prefill_batch_calls=0 prefill_batch_tokens=0 prefill_ms=0.0 decode_ms=0.0
[spec-acc] ctx=4732 burst=3/3 cum=1867/2106=0.887
[tick-spec] seq=1 slot=0 trace=- start_ms=0.000 gap_ms=0.000 wall_ms=15.631 generated=2567->2571 rounds=1 drafted=3 accepted=3 k=3
[spec-acc] ctx=4815 burst=3/3 cum=1960/2079=0.943
[tick-spec] seq=2 slot=1 trace=- start_ms=15.639 gap_ms=0.007 wall_ms=15.737 generated=2650->2654 rounds=1 drafted=3 accepted=3 k=3
[prime-chunk] phase=mtp-draft-fill rows=4096 wall_ms=88.012
[prime-yield] count=48 remaining=21 chunks=1 wall_ms=88.012 max_chunk_ms=88.012
[tick-spec] seq=3 slot=2 trace=- start_ms=31.384 gap_ms=0.009 wall_ms=88.197 generated=0->0 rounds=0 drafted=0 accepted=0 k=3
[tick] act=3 int=3 priming=1 ready=0 spec=3 demoted=0 spec_calls=3 spec_ms=119.6 prefill_single_calls=0 prefill_single_tokens=0 prefill_batch_calls=0 prefill_batch_tokens=0 prefill_ms=0.0 decode_ms=0.0
[spec-acc] ctx=4736 burst=3/3 cum=1870/2109=0.887
[tick-spec] seq=1 slot=0 trace=- start_ms=0.000 gap_ms=0.000 wall_ms=14.612 generated=2571->2575 rounds=1 drafted=3 accepted=3 k=3
[spec-acc] ctx=4819 burst=3/3 cum=1963/2082=0.943
[tick-spec] seq=2 slot=1 trace=- start_ms=14.620 gap_ms=0.007 wall_ms=14.595 generated=2654->2658 rounds=1 drafted=3 accepted=3 k=3
[tick] act=3 int=3 priming=1 ready=0 spec=3 demoted=0 spec_calls=2 spec_ms=29.2 prefill_single_calls=0 prefill_single_tokens=0 prefill_batch_calls=0 prefill_batch_tokens=0 prefill_ms=0.0 decode_ms=0.0
[spec-acc] ctx=4823 burst=3/3 cum=1966/2085=0.943
[tick-spec] seq=1 slot=1 trace=- start_ms=0.000 gap_ms=0.000 wall_ms=14.620 generated=2658->2662 rounds=1 drafted=3 accepted=3 k=3
[spec-acc] ctx=4740 burst=3/3 cum=1873/2112=0.887
[tick-spec] seq=2 slot=0 trace=- start_ms=14.628 gap_ms=0.007 wall_ms=13.555 generated=2575->2579 rounds=1 drafted=3 accepted=3 k=3
[prime-chunk] phase=mtp-draft-fill rows=4096 wall_ms=88.890
[prime-yield] count=49 remaining=20 chunks=1 wall_ms=88.890 max_chunk_ms=88.890
[tick-spec] seq=3 slot=2 trace=- start_ms=28.192 gap_ms=0.008 wall_ms=89.070 generated=0->0 rounds=0 drafted=0 accepted=0 k=3
[tick] act=3 int=3 priming=1 ready=0 spec=3 demoted=0 spec_calls=3 spec_ms=117.3 prefill_single_calls=0 prefill_single_tokens=0 prefill_batch_calls=0 prefill_batch_tokens=0 prefill_ms=0.0 decode_ms=0.0
[spec-acc] ctx=4744 burst=3/3 cum=1876/2115=0.887
[tick-spec] seq=1 slot=0 trace=- start_ms=0.000 gap_ms=0.000 wall_ms=15.940 generated=2579->2583 rounds=1 drafted=3 accepted=3 k=3
[spec-acc] ctx=4827 burst=3/3 cum=1969/2088=0.943
[tick-spec] seq=2 slot=1 trace=- start_ms=15.948 gap_ms=0.007 wall_ms=15.684 generated=2662->2666 rounds=1 drafted=3 accepted=3 k=3
[tick] act=3 int=3 priming=1 ready=0 spec=3 demoted=0 spec_calls=2 spec_ms=31.6 prefill_single_calls=0 prefill_single_tokens=0 prefill_batch_calls=0 prefill_batch_tokens=0 prefill_ms=0.0 decode_ms=0.0
[spec-acc] ctx=4748 burst=3/3 cum=1879/2118=0.887
[tick-spec] seq=1 slot=0 trace=- start_ms=0.000 gap_ms=0.000 wall_ms=15.633 generated=2583->2587 rounds=1 drafted=3 accepted=3 k=3
[spec-acc] ctx=4831 burst=3/3 cum=1972/2091=0.943
[tick-spec] seq=2 slot=1 trace=- start_ms=15.641 gap_ms=0.007 wall_ms=15.679 generated=2666->2670 rounds=1 drafted=3 accepted=3 k=3
[prime-chunk] phase=mtp-draft-fill rows=4096 wall_ms=88.248
[prime-yield] count=50 remaining=19 chunks=1 wall_ms=88.248 max_chunk_ms=88.248
[tick-spec] seq=3 slot=2 trace=- start_ms=31.329 gap_ms=0.009 wall_ms=88.427 generated=0->0 rounds=0 drafted=0 accepted=0 k=3
[tick] act=3 int=3 priming=1 ready=0 spec=3 demoted=0 spec_calls=3 spec_ms=119.8 prefill_single_calls=0 prefill_single_tokens=0 prefill_batch_calls=0 prefill_batch_tokens=0 prefill_ms=0.0 decode_ms=0.0
[spec-acc] ctx=4835 burst=3/3 cum=1975/2094=0.943
[tick-spec] seq=1 slot=1 trace=- start_ms=0.000 gap_ms=0.000 wall_ms=15.649 generated=2670->2674 rounds=1 drafted=3 accepted=3 k=3
[spec-acc] ctx=4752 burst=3/3 cum=1882/2121=0.887
[tick-spec] seq=2 slot=0 trace=- start_ms=15.657 gap_ms=0.007 wall_ms=13.537 generated=2587->2591 rounds=1 drafted=3 accepted=3 k=3
[tick] act=3 int=3 priming=1 ready=0 spec=3 demoted=0 spec_calls=2 spec_ms=29.2 prefill_single_calls=0 prefill_single_tokens=0 prefill_batch_calls=0 prefill_batch_tokens=0 prefill_ms=0.0 decode_ms=0.0
[spec-acc] ctx=4756 burst=3/3 cum=1885/2124=0.887
[tick-spec] seq=1 slot=0 trace=- start_ms=0.000 gap_ms=0.000 wall_ms=14.608 generated=2591->2595 rounds=1 drafted=3 accepted=3 k=3
[spec-acc] ctx=4839 burst=3/3 cum=1978/2097=0.943
[tick-spec] seq=2 slot=1 trace=- start_ms=14.615 gap_ms=0.007 wall_ms=15.685 generated=2674->2678 rounds=1 drafted=3 accepted=3 k=3
[prime-chunk] phase=mtp-draft-fill rows=4096 wall_ms=87.885
[prime-yield] count=51 remaining=18 chunks=1 wall_ms=87.885 max_chunk_ms=87.885
[tick-spec] seq=3 slot=2 trace=- start_ms=30.316 gap_ms=0.015 wall_ms=88.064 generated=0->0 rounds=0 drafted=0 accepted=0 k=3
[tick] act=3 int=3 priming=1 ready=0 spec=3 demoted=0 spec_calls=3 spec_ms=118.4 prefill_single_calls=0 prefill_single_tokens=0 prefill_batch_calls=0 prefill_batch_tokens=0 prefill_ms=0.0 decode_ms=0.0
[spec-acc] ctx=4760 burst=3/3 cum=1888/2127=0.888
[tick-spec] seq=1 slot=0 trace=- start_ms=0.001 gap_ms=0.001 wall_ms=14.602 generated=2595->2599 rounds=1 drafted=3 accepted=3 k=3
[spec-acc] ctx=4843 burst=3/3 cum=1981/2100=0.943
[tick-spec] seq=2 slot=1 trace=- start_ms=14.611 gap_ms=0.008 wall_ms=14.597 generated=2678->2682 rounds=1 drafted=3 accepted=3 k=3
[tick] act=3 int=3 priming=1 ready=0 spec=3 demoted=0 spec_calls=2 spec_ms=29.2 prefill_single_calls=0 prefill_single_tokens=0 prefill_batch_calls=0 prefill_batch_tokens=0 prefill_ms=0.0 decode_ms=0.0
[spec-acc] ctx=4847 burst=3/3 cum=1984/2103=0.943
[tick-spec] seq=1 slot=1 trace=- start_ms=0.000 gap_ms=0.000 wall_ms=14.669 generated=2682->2686 rounds=1 drafted=3 accepted=3 k=3
[spec-acc] ctx=4764 burst=3/3 cum=1891/2130=0.888
[tick-spec] seq=2 slot=0 trace=- start_ms=14.677 gap_ms=0.007 wall_ms=14.587 generated=2599->2603 rounds=1 drafted=3 accepted=3 k=3
[prime-chunk] phase=mtp-draft-fill rows=4096 wall_ms=88.069
[prime-yield] count=52 remaining=17 chunks=1 wall_ms=88.069 max_chunk_ms=88.069
[tick-spec] seq=3 slot=2 trace=- start_ms=29.272 gap_ms=0.008 wall_ms=88.253 generated=0->0 rounds=0 drafted=0 accepted=0 k=3
[tick] act=3 int=3 priming=1 ready=0 spec=3 demoted=0 spec_calls=3 spec_ms=117.5 prefill_single_calls=0 prefill_single_tokens=0 prefill_batch_calls=0 prefill_batch_tokens=0 prefill_ms=0.0 decode_ms=0.0
[spec-acc] ctx=4768 burst=3/3 cum=1894/2133=0.888
[tick-spec] seq=1 slot=0 trace=- start_ms=0.000 gap_ms=0.000 wall_ms=13.523 generated=2603->2607 rounds=1 drafted=3 accepted=3 k=3
[spec-acc] ctx=4851 burst=3/3 cum=1987/2106=0.943
[tick-spec] seq=2 slot=1 trace=- start_ms=13.531 gap_ms=0.008 wall_ms=14.659 generated=2686->2690 rounds=1 drafted=3 accepted=3 k=3
[tick] act=3 int=3 priming=1 ready=0 spec=3 demoted=0 spec_calls=2 spec_ms=28.2 prefill_single_calls=0 prefill_single_tokens=0 prefill_batch_calls=0 prefill_batch_tokens=0 prefill_ms=0.0 decode_ms=0.0
[spec-acc] ctx=4772 burst=3/3 cum=1897/2136=0.888
[tick-spec] seq=1 slot=0 trace=- start_ms=0.000 gap_ms=0.000 wall_ms=12.493 generated=2607->2611 rounds=1 drafted=3 accepted=3 k=3
[spec-acc] ctx=4855 burst=3/3 cum=1990/2109=0.944
[tick-spec] seq=2 slot=1 trace=- start_ms=12.509 gap_ms=0.016 wall_ms=14.619 generated=2690->2694 rounds=1 drafted=3 accepted=3 k=3
[prime-chunk] phase=mtp-draft-fill rows=4096 wall_ms=87.973
[prime-yield] count=53 remaining=16 chunks=1 wall_ms=87.973 max_chunk_ms=87.973
[tick-spec] seq=3 slot=2 trace=- start_ms=27.137 gap_ms=0.008 wall_ms=88.154 generated=0->0 rounds=0 drafted=0 accepted=0 k=3
[tick] act=3 int=3 priming=1 ready=0 spec=3 demoted=0 spec_calls=3 spec_ms=115.3 prefill_single_calls=0 prefill_single_tokens=0 prefill_batch_calls=0 prefill_batch_tokens=0 prefill_ms=0.0 decode_ms=0.0
[spec-acc] ctx=4859 burst=3/3 cum=1993/2112=0.944
[tick-spec] seq=1 slot=1 trace=- start_ms=0.000 gap_ms=0.000 wall_ms=14.612 generated=2694->2698 rounds=1 drafted=3 accepted=3 k=3
[spec-acc] ctx=4776 burst=3/3 cum=1900/2139=0.888
[tick-spec] seq=2 slot=0 trace=- start_ms=14.620 gap_ms=0.008 wall_ms=13.546 generated=2611->2615 rounds=1 drafted=3 accepted=3 k=3
[tick] act=3 int=3 priming=1 ready=0 spec=3 demoted=0 spec_calls=2 spec_ms=28.2 prefill_single_calls=0 prefill_single_tokens=0 prefill_batch_calls=0 prefill_batch_tokens=0 prefill_ms=0.0 decode_ms=0.0
[spec-acc] ctx=4780 burst=3/3 cum=1903/2142=0.888
[tick-spec] seq=1 slot=0 trace=- start_ms=0.000 gap_ms=0.000 wall_ms=13.530 generated=2615->2619 rounds=1 drafted=3 accepted=3 k=3
[spec-acc] ctx=4863 burst=3/3 cum=1996/2115=0.944
[tick-spec] seq=2 slot=1 trace=- start_ms=13.538 gap_ms=0.007 wall_ms=14.614 generated=2698->2702 rounds=1 drafted=3 accepted=3 k=3
[prime-chunk] phase=mtp-draft-fill rows=4096 wall_ms=88.356
[prime-yield] count=54 remaining=15 chunks=1 wall_ms=88.356 max_chunk_ms=88.356
[tick-spec] seq=3 slot=2 trace=- start_ms=28.160 gap_ms=0.009 wall_ms=88.537 generated=0->0 rounds=0 drafted=0 accepted=0 k=3
[tick] act=3 int=3 priming=1 ready=0 spec=3 demoted=0 spec_calls=3 spec_ms=116.7 prefill_single_calls=0 prefill_single_tokens=0 prefill_batch_calls=0 prefill_batch_tokens=0 prefill_ms=0.0 decode_ms=0.0
[spec-acc] ctx=4784 burst=3/3 cum=1906/2145=0.889
[tick-spec] seq=1 slot=0 trace=- start_ms=0.001 gap_ms=0.001 wall_ms=14.615 generated=2619->2623 rounds=1 drafted=3 accepted=3 k=3
[spec-acc] ctx=4867 burst=3/3 cum=1999/2118=0.944
[tick-spec] seq=2 slot=1 trace=- start_ms=14.624 gap_ms=0.008 wall_ms=14.633 generated=2702->2706 rounds=1 drafted=3 accepted=3 k=3
[tick] act=3 int=3 priming=1 ready=0 spec=3 demoted=0 spec_calls=2 spec_ms=29.3 prefill_single_calls=0 prefill_single_tokens=0 prefill_batch_calls=0 prefill_batch_tokens=0 prefill_ms=0.0 decode_ms=0.0
[spec-acc] ctx=4871 burst=3/3 cum=2002/2121=0.944
[tick-spec] seq=1 slot=1 trace=- start_ms=0.000 gap_ms=0.000 wall_ms=14.628 generated=2706->2710 rounds=1 drafted=3 accepted=3 k=3
[spec-acc] ctx=4788 burst=2/3 cum=1908/2148=0.888
[tick-spec] seq=2 slot=0 trace=- start_ms=14.636 gap_ms=0.008 wall_ms=14.717 generated=2623->2626 rounds=1 drafted=3 accepted=2 k=3
[prime-chunk] phase=mtp-draft-fill rows=4096 wall_ms=88.112
[prime-yield] count=55 remaining=14 chunks=1 wall_ms=88.112 max_chunk_ms=88.112
[tick-spec] seq=3 slot=2 trace=- start_ms=29.362 gap_ms=0.009 wall_ms=88.291 generated=0->0 rounds=0 drafted=0 accepted=0 k=3
[tick] act=3 int=3 priming=1 ready=0 spec=3 demoted=0 spec_calls=3 spec_ms=117.7 prefill_single_calls=0 prefill_single_tokens=0 prefill_batch_calls=0 prefill_batch_tokens=0 prefill_ms=0.0 decode_ms=0.0
[spec-acc] ctx=4791 burst=3/3 cum=1911/2151=0.888
[tick-spec] seq=1 slot=0 trace=- start_ms=0.001 gap_ms=0.001 wall_ms=14.614 generated=2626->2630 rounds=1 drafted=3 accepted=3 k=3
[spec-acc] ctx=4875 burst=3/3 cum=2005/2124=0.944
[tick-spec] seq=2 slot=1 trace=- start_ms=14.622 gap_ms=0.008 wall_ms=14.610 generated=2710->2714 rounds=1 drafted=3 accepted=3 k=3
[tick] act=3 int=3 priming=1 ready=0 spec=3 demoted=0 spec_calls=2 spec_ms=29.2 prefill_single_calls=0 prefill_single_tokens=0 prefill_batch_calls=0 prefill_batch_tokens=0 prefill_ms=0.0 decode_ms=0.0
[spec-acc] ctx=4795 burst=3/3 cum=1914/2154=0.889
[tick-spec] seq=1 slot=0 trace=- start_ms=0.001 gap_ms=0.001 wall_ms=15.651 generated=2630->2634 rounds=1 drafted=3 accepted=3 k=3
[spec-acc] ctx=4879 burst=3/3 cum=2008/2127=0.944
[tick-spec] seq=2 slot=1 trace=- start_ms=15.659 gap_ms=0.008 wall_ms=15.690 generated=2714->2718 rounds=1 drafted=3 accepted=3 k=3
[prime-chunk] phase=mtp-draft-fill rows=4096 wall_ms=89.162
[prime-yield] count=56 remaining=13 chunks=1 wall_ms=89.162 max_chunk_ms=89.162
[tick-spec] seq=3 slot=2 trace=- start_ms=31.358 gap_ms=0.008 wall_ms=89.341 generated=0->0 rounds=0 drafted=0 accepted=0 k=3
[tick] act=3 int=3 priming=1 ready=0 spec=3 demoted=0 spec_calls=3 spec_ms=120.7 prefill_single_calls=0 prefill_single_tokens=0 prefill_batch_calls=0 prefill_batch_tokens=0 prefill_ms=0.0 decode_ms=0.0
[spec-acc] ctx=4883 burst=3/3 cum=2011/2130=0.944
[tick-spec] seq=1 slot=1 trace=- start_ms=0.001 gap_ms=0.001 wall_ms=15.673 generated=2718->2722 rounds=1 drafted=3 accepted=3 k=3
[spec-acc] ctx=4799 burst=2/3 cum=1916/2157=0.888
[tick-spec] seq=2 slot=0 trace=- start_ms=15.682 gap_ms=0.008 wall_ms=15.801 generated=2634->2637 rounds=1 drafted=3 accepted=2 k=3
[tick] act=3 int=3 priming=1 ready=0 spec=3 demoted=0 spec_calls=2 spec_ms=31.5 prefill_single_calls=0 prefill_single_tokens=0 prefill_batch_calls=0 prefill_batch_tokens=0 prefill_ms=0.0 decode_ms=0.0
[spec-acc] ctx=4802 burst=3/3 cum=1919/2160=0.888
[tick-spec] seq=1 slot=0 trace=- start_ms=0.000 gap_ms=0.000 wall_ms=14.582 generated=2637->2641 rounds=1 drafted=3 accepted=3 k=3
[spec-acc] ctx=4887 burst=3/3 cum=2014/2133=0.944
[tick-spec] seq=2 slot=1 trace=- start_ms=14.596 gap_ms=0.014 wall_ms=15.709 generated=2722->2726 rounds=1 drafted=3 accepted=3 k=3
[prime-chunk] phase=mtp-draft-fill rows=4096 wall_ms=87.861
[prime-yield] count=57 remaining=12 chunks=1 wall_ms=87.861 max_chunk_ms=87.861
[tick-spec] seq=3 slot=2 trace=- start_ms=30.313 gap_ms=0.008 wall_ms=88.040 generated=0->0 rounds=0 drafted=0 accepted=0 k=3
[tick] act=3 int=3 priming=1 ready=0 spec=3 demoted=0 spec_calls=3 spec_ms=118.4 prefill_single_calls=0 prefill_single_tokens=0 prefill_batch_calls=0 prefill_batch_tokens=0 prefill_ms=0.0 decode_ms=0.0
[spec-acc] ctx=4806 burst=3/3 cum=1922/2163=0.889
[tick-spec] seq=1 slot=0 trace=- start_ms=0.001 gap_ms=0.001 wall_ms=14.633 generated=2641->2645 rounds=1 drafted=3 accepted=3 k=3
[spec-acc] ctx=4891 burst=3/3 cum=2017/2136=0.944
[tick-spec] seq=2 slot=1 trace=- start_ms=14.641 gap_ms=0.008 wall_ms=15.658 generated=2726->2730 rounds=1 drafted=3 accepted=3 k=3
[tick] act=3 int=3 priming=1 ready=0 spec=3 demoted=0 spec_calls=2 spec_ms=30.3 prefill_single_calls=0 prefill_single_tokens=0 prefill_batch_calls=0 prefill_batch_tokens=0 prefill_ms=0.0 decode_ms=0.0
[spec-acc] ctx=4895 burst=3/3 cum=2020/2139=0.944
[tick-spec] seq=1 slot=1 trace=- start_ms=0.000 gap_ms=0.000 wall_ms=13.572 generated=2730->2734 rounds=1 drafted=3 accepted=3 k=3
[spec-acc] ctx=4810 burst=3/3 cum=1925/2166=0.889
[tick-spec] seq=2 slot=0 trace=- start_ms=13.580 gap_ms=0.007 wall_ms=13.549 generated=2645->2649 rounds=1 drafted=3 accepted=3 k=3
[prime-chunk] phase=mtp-draft-fill rows=4096 wall_ms=88.168
[prime-yield] count=58 remaining=11 chunks=1 wall_ms=88.168 max_chunk_ms=88.168
[tick-spec] seq=3 slot=2 trace=- start_ms=27.137 gap_ms=0.008 wall_ms=88.353 generated=0->0 rounds=0 drafted=0 accepted=0 k=3
[tick] act=3 int=3 priming=1 ready=0 spec=3 demoted=0 spec_calls=3 spec_ms=115.5 prefill_single_calls=0 prefill_single_tokens=0 prefill_batch_calls=0 prefill_batch_tokens=0 prefill_ms=0.0 decode_ms=0.0
[spec-acc] ctx=4814 burst=3/3 cum=1928/2169=0.889
[tick-spec] seq=1 slot=0 trace=- start_ms=0.000 gap_ms=0.000 wall_ms=13.586 generated=2649->2653 rounds=1 drafted=3 accepted=3 k=3
[spec-acc] ctx=4899 burst=3/3 cum=2023/2142=0.944
[tick-spec] seq=2 slot=1 trace=- start_ms=13.594 gap_ms=0.008 wall_ms=15.666 generated=2734->2738 rounds=1 drafted=3 accepted=3 k=3
[tick] act=3 int=3 priming=1 ready=0 spec=3 demoted=0 spec_calls=2 spec_ms=29.3 prefill_single_calls=0 prefill_single_tokens=0 prefill_batch_calls=0 prefill_batch_tokens=0 prefill_ms=0.0 decode_ms=0.0
[spec-acc] ctx=4818 burst=3/3 cum=1931/2172=0.889
[tick-spec] seq=1 slot=0 trace=- start_ms=0.000 gap_ms=0.000 wall_ms=14.599 generated=2653->2657 rounds=1 drafted=3 accepted=3 k=3
[spec-acc] ctx=4903 burst=3/3 cum=2026/2145=0.945
[tick-spec] seq=2 slot=1 trace=- start_ms=14.606 gap_ms=0.007 wall_ms=14.593 generated=2738->2742 rounds=1 drafted=3 accepted=3 k=3
[prime-chunk] phase=mtp-draft-fill rows=4096 wall_ms=87.925
[prime-yield] count=59 remaining=10 chunks=1 wall_ms=87.925 max_chunk_ms=87.925
[tick-spec] seq=3 slot=2 trace=- start_ms=29.208 gap_ms=0.009 wall_ms=88.117 generated=0->0 rounds=0 drafted=0 accepted=0 k=3
[tick] act=3 int=3 priming=1 ready=0 spec=3 demoted=0 spec_calls=3 spec_ms=117.3 prefill_single_calls=0 prefill_single_tokens=0 prefill_batch_calls=0 prefill_batch_tokens=0 prefill_ms=0.0 decode_ms=0.0
[spec-acc] ctx=4907 burst=3/3 cum=2029/2148=0.945
[tick-spec] seq=1 slot=1 trace=- start_ms=0.000 gap_ms=0.000 wall_ms=13.567 generated=2742->2746 rounds=1 drafted=3 accepted=3 k=3
[spec-acc] ctx=4822 burst=3/3 cum=1934/2175=0.889
[tick-spec] seq=2 slot=0 trace=- start_ms=13.575 gap_ms=0.007 wall_ms=15.695 generated=2657->2661 rounds=1 drafted=3 accepted=3 k=3
[tick] act=3 int=3 priming=1 ready=0 spec=3 demoted=0 spec_calls=2 spec_ms=29.3 prefill_single_calls=0 prefill_single_tokens=0 prefill_batch_calls=0 prefill_batch_tokens=0 prefill_ms=0.0 decode_ms=0.0
[spec-acc] ctx=4826 burst=3/3 cum=1937/2178=0.889
[tick-spec] seq=1 slot=0 trace=- start_ms=0.000 gap_ms=0.000 wall_ms=14.604 generated=2661->2665 rounds=1 drafted=3 accepted=3 k=3
[spec-acc] ctx=4911 burst=3/3 cum=2032/2151=0.945
[tick-spec] seq=2 slot=1 trace=- start_ms=14.612 gap_ms=0.008 wall_ms=14.619 generated=2746->2750 rounds=1 drafted=3 accepted=3 k=3
[prime-chunk] phase=mtp-draft-fill rows=4096 wall_ms=88.192
[prime-yield] count=60 remaining=9 chunks=1 wall_ms=88.192 max_chunk_ms=88.192
[tick-spec] seq=3 slot=2 trace=- start_ms=29.239 gap_ms=0.009 wall_ms=88.375 generated=0->0 rounds=0 drafted=0 accepted=0 k=3
[tick] act=3 int=3 priming=1 ready=0 spec=3 demoted=0 spec_calls=3 spec_ms=117.6 prefill_single_calls=0 prefill_single_tokens=0 prefill_batch_calls=0 prefill_batch_tokens=0 prefill_ms=0.0 decode_ms=0.0
[spec-acc] ctx=4830 burst=3/3 cum=1940/2181=0.890
[tick-spec] seq=1 slot=0 trace=- start_ms=0.001 gap_ms=0.001 wall_ms=13.556 generated=2665->2669 rounds=1 drafted=3 accepted=3 k=3
[spec-acc] ctx=4915 burst=3/3 cum=2035/2154=0.945
[tick-spec] seq=2 slot=1 trace=- start_ms=13.565 gap_ms=0.008 wall_ms=15.661 generated=2750->2754 rounds=1 drafted=3 accepted=3 k=3
[tick] act=3 int=3 priming=1 ready=0 spec=3 demoted=0 spec_calls=2 spec_ms=29.2 prefill_single_calls=0 prefill_single_tokens=0 prefill_batch_calls=0 prefill_batch_tokens=0 prefill_ms=0.0 decode_ms=0.0
[spec-acc] ctx=4919 burst=3/3 cum=2038/2157=0.945
[tick-spec] seq=1 slot=1 trace=- start_ms=0.000 gap_ms=0.000 wall_ms=14.629 generated=2754->2758 rounds=1 drafted=3 accepted=3 k=3
[spec-acc] ctx=4834 burst=3/3 cum=1943/2184=0.890
[tick-spec] seq=2 slot=0 trace=- start_ms=14.637 gap_ms=0.008 wall_ms=14.641 generated=2669->2673 rounds=1 drafted=3 accepted=3 k=3
[prime-chunk] phase=mtp-draft-fill rows=4096 wall_ms=88.244
[prime-yield] count=61 remaining=8 chunks=1 wall_ms=88.244 max_chunk_ms=88.244
[tick-spec] seq=3 slot=2 trace=- start_ms=29.286 gap_ms=0.008 wall_ms=88.422 generated=0->0 rounds=0 drafted=0 accepted=0 k=3
[tick] act=3 int=3 priming=1 ready=0 spec=3 demoted=0 spec_calls=3 spec_ms=117.7 prefill_single_calls=0 prefill_single_tokens=0 prefill_batch_calls=0 prefill_batch_tokens=0 prefill_ms=0.0 decode_ms=0.0
[spec-acc] ctx=4838 burst=3/3 cum=1946/2187=0.890
[tick-spec] seq=1 slot=0 trace=- start_ms=0.000 gap_ms=0.000 wall_ms=14.619 generated=2673->2677 rounds=1 drafted=3 accepted=3 k=3
[spec-acc] ctx=4923 burst=3/3 cum=2041/2160=0.945
[tick-spec] seq=2 slot=1 trace=- start_ms=14.627 gap_ms=0.008 wall_ms=15.673 generated=2758->2762 rounds=1 drafted=3 accepted=3 k=3
[tick] act=3 int=3 priming=1 ready=0 spec=3 demoted=0 spec_calls=2 spec_ms=30.3 prefill_single_calls=0 prefill_single_tokens=0 prefill_batch_calls=0 prefill_batch_tokens=0 prefill_ms=0.0 decode_ms=0.0
[spec-acc] ctx=4842 burst=3/3 cum=1949/2190=0.890
[tick-spec] seq=1 slot=0 trace=- start_ms=0.000 gap_ms=0.000 wall_ms=15.652 generated=2677->2681 rounds=1 drafted=3 accepted=3 k=3
[spec-acc] ctx=4927 burst=3/3 cum=2044/2163=0.945
[tick-spec] seq=2 slot=1 trace=- start_ms=15.668 gap_ms=0.016 wall_ms=15.726 generated=2762->2766 rounds=1 drafted=3 accepted=3 k=3
[prime-chunk] phase=mtp-draft-fill rows=4096 wall_ms=88.001
[prime-yield] count=62 remaining=7 chunks=1 wall_ms=88.001 max_chunk_ms=88.001
[tick-spec] seq=3 slot=2 trace=- start_ms=31.402 gap_ms=0.008 wall_ms=88.180 generated=0->0 rounds=0 drafted=0 accepted=0 k=3
[tick] act=3 int=3 priming=1 ready=0 spec=3 demoted=0 spec_calls=3 spec_ms=119.6 prefill_single_calls=0 prefill_single_tokens=0 prefill_batch_calls=0 prefill_batch_tokens=0 prefill_ms=0.0 decode_ms=0.0
[spec-acc] ctx=4931 burst=3/3 cum=2047/2166=0.945
[tick-spec] seq=1 slot=1 trace=- start_ms=0.000 gap_ms=0.000 wall_ms=13.573 generated=2766->2770 rounds=1 drafted=3 accepted=3 k=3
[spec-acc] ctx=4846 burst=3/3 cum=1952/2193=0.890
[tick-spec] seq=2 slot=0 trace=- start_ms=13.580 gap_ms=0.007 wall_ms=14.591 generated=2681->2685 rounds=1 drafted=3 accepted=3 k=3
[tick] act=3 int=3 priming=1 ready=0 spec=3 demoted=0 spec_calls=2 spec_ms=28.2 prefill_single_calls=0 prefill_single_tokens=0 prefill_batch_calls=0 prefill_batch_tokens=0 prefill_ms=0.0 decode_ms=0.0
[spec-acc] ctx=4850 burst=3/3 cum=1955/2196=0.890
[tick-spec] seq=1 slot=0 trace=- start_ms=0.000 gap_ms=0.000 wall_ms=15.644 generated=2685->2689 rounds=1 drafted=3 accepted=3 k=3
[spec-acc] ctx=4935 burst=3/3 cum=2050/2169=0.945
[tick-spec] seq=2 slot=1 trace=- start_ms=15.652 gap_ms=0.007 wall_ms=15.690 generated=2770->2774 rounds=1 drafted=3 accepted=3 k=3
[prime-chunk] phase=mtp-draft-fill rows=4096 wall_ms=89.559
[prime-yield] count=63 remaining=6 chunks=1 wall_ms=89.559 max_chunk_ms=89.559
[tick-spec] seq=3 slot=2 trace=- start_ms=31.350 gap_ms=0.008 wall_ms=89.739 generated=0->0 rounds=0 drafted=0 accepted=0 k=3
[tick] act=3 int=3 priming=1 ready=0 spec=3 demoted=0 spec_calls=3 spec_ms=121.1 prefill_single_calls=0 prefill_single_tokens=0 prefill_batch_calls=0 prefill_batch_tokens=0 prefill_ms=0.0 decode_ms=0.0
[spec-acc] ctx=4854 burst=3/3 cum=1958/2199=0.890
[tick-spec] seq=1 slot=0 trace=- start_ms=0.001 gap_ms=0.001 wall_ms=16.194 generated=2689->2693 rounds=1 drafted=3 accepted=3 k=3
[spec-acc] ctx=4939 burst=3/3 cum=2053/2172=0.945
[tick-spec] seq=2 slot=1 trace=- start_ms=16.203 gap_ms=0.008 wall_ms=15.685 generated=2774->2778 rounds=1 drafted=3 accepted=3 k=3
[tick] act=3 int=3 priming=1 ready=0 spec=3 demoted=0 spec_calls=2 spec_ms=31.9 prefill_single_calls=0 prefill_single_tokens=0 prefill_batch_calls=0 prefill_batch_tokens=0 prefill_ms=0.0 decode_ms=0.0
[spec-acc] ctx=4943 burst=3/3 cum=2056/2175=0.945
[tick-spec] seq=1 slot=1 trace=- start_ms=0.001 gap_ms=0.001 wall_ms=15.709 generated=2778->2782 rounds=1 drafted=3 accepted=3 k=3
[spec-acc] ctx=4858 burst=3/3 cum=1961/2202=0.891
[tick-spec] seq=2 slot=0 trace=- start_ms=15.718 gap_ms=0.008 wall_ms=15.675 generated=2693->2697 rounds=1 drafted=3 accepted=3 k=3
[prime-chunk] phase=mtp-draft-fill rows=4096 wall_ms=88.145
[prime-yield] count=64 remaining=5 chunks=1 wall_ms=88.145 max_chunk_ms=88.145
[tick-spec] seq=3 slot=2 trace=- start_ms=31.401 gap_ms=0.009 wall_ms=88.331 generated=0->0 rounds=0 drafted=0 accepted=0 k=3
[tick] act=3 int=3 priming=1 ready=0 spec=3 demoted=0 spec_calls=3 spec_ms=119.7 prefill_single_calls=0 prefill_single_tokens=0 prefill_batch_calls=0 prefill_batch_tokens=0 prefill_ms=0.0 decode_ms=0.0
[spec-acc] ctx=4862 burst=3/3 cum=1964/2205=0.891
[tick-spec] seq=1 slot=0 trace=- start_ms=0.001 gap_ms=0.001 wall_ms=14.645 generated=2697->2701 rounds=1 drafted=3 accepted=3 k=3
[spec-acc] ctx=4947 burst=3/3 cum=2059/2178=0.945
[tick-spec] seq=2 slot=1 trace=- start_ms=14.654 gap_ms=0.008 wall_ms=15.671 generated=2782->2786 rounds=1 drafted=3 accepted=3 k=3
[tick] act=3 int=3 priming=1 ready=0 spec=3 demoted=0 spec_calls=2 spec_ms=30.3 prefill_single_calls=0 prefill_single_tokens=0 prefill_batch_calls=0 prefill_batch_tokens=0 prefill_ms=0.0 decode_ms=0.0
[spec-acc] ctx=4866 burst=3/3 cum=1967/2208=0.891
[tick-spec] seq=1 slot=0 trace=- start_ms=0.001 gap_ms=0.001 wall_ms=15.659 generated=2701->2705 rounds=1 drafted=3 accepted=3 k=3
[spec-acc] ctx=4951 burst=3/3 cum=2062/2181=0.945
[tick-spec] seq=2 slot=1 trace=- start_ms=15.668 gap_ms=0.009 wall_ms=14.700 generated=2786->2790 rounds=1 drafted=3 accepted=3 k=3
[prime-chunk] phase=mtp-draft-fill rows=4096 wall_ms=88.026
[prime-yield] count=65 remaining=4 chunks=1 wall_ms=88.026 max_chunk_ms=88.026
[tick-spec] seq=3 slot=2 trace=- start_ms=30.376 gap_ms=0.008 wall_ms=88.209 generated=0->0 rounds=0 drafted=0 accepted=0 k=3
[tick] act=3 int=3 priming=1 ready=0 spec=3 demoted=0 spec_calls=3 spec_ms=118.6 prefill_single_calls=0 prefill_single_tokens=0 prefill_batch_calls=0 prefill_batch_tokens=0 prefill_ms=0.0 decode_ms=0.0
[spec-acc] ctx=4955 burst=3/3 cum=2065/2184=0.946
[tick-spec] seq=1 slot=1 trace=- start_ms=0.001 gap_ms=0.001 wall_ms=12.505 generated=2790->2794 rounds=1 drafted=3 accepted=3 k=3
[spec-acc] ctx=4870 burst=2/3 cum=1969/2211=0.891
[tick-spec] seq=2 slot=0 trace=- start_ms=12.514 gap_ms=0.008 wall_ms=13.645 generated=2705->2708 rounds=1 drafted=3 accepted=2 k=3
[tick] act=3 int=3 priming=1 ready=0 spec=3 demoted=0 spec_calls=2 spec_ms=26.2 prefill_single_calls=0 prefill_single_tokens=0 prefill_batch_calls=0 prefill_batch_tokens=0 prefill_ms=0.0 decode_ms=0.0
[spec-acc] ctx=4873 burst=3/3 cum=1972/2214=0.891
[tick-spec] seq=1 slot=0 trace=- start_ms=0.000 gap_ms=0.000 wall_ms=14.592 generated=2708->2712 rounds=1 drafted=3 accepted=3 k=3
[spec-acc] ctx=4959 burst=3/3 cum=2068/2187=0.946
[tick-spec] seq=2 slot=1 trace=- start_ms=14.600 gap_ms=0.007 wall_ms=13.564 generated=2794->2798 rounds=1 drafted=3 accepted=3 k=3
[prime-chunk] phase=mtp-draft-fill rows=4096 wall_ms=88.134
[prime-yield] count=66 remaining=3 chunks=1 wall_ms=88.134 max_chunk_ms=88.134
[tick-spec] seq=3 slot=2 trace=- start_ms=28.173 gap_ms=0.009 wall_ms=88.314 generated=0->0 rounds=0 drafted=0 accepted=0 k=3
[tick] act=3 int=3 priming=1 ready=0 spec=3 demoted=0 spec_calls=3 spec_ms=116.5 prefill_single_calls=0 prefill_single_tokens=0 prefill_batch_calls=0 prefill_batch_tokens=0 prefill_ms=0.0 decode_ms=0.0
[spec-acc] ctx=4877 burst=3/3 cum=1975/2217=0.891
[tick-spec] seq=1 slot=0 trace=- start_ms=0.001 gap_ms=0.001 wall_ms=15.658 generated=2712->2716 rounds=1 drafted=3 accepted=3 k=3
[spec-acc] ctx=4963 burst=3/3 cum=2071/2190=0.946
[tick-spec] seq=2 slot=1 trace=- start_ms=15.666 gap_ms=0.008 wall_ms=14.608 generated=2798->2802 rounds=1 drafted=3 accepted=3 k=3
[tick] act=3 int=3 priming=1 ready=0 spec=3 demoted=0 spec_calls=2 spec_ms=30.3 prefill_single_calls=0 prefill_single_tokens=0 prefill_batch_calls=0 prefill_batch_tokens=0 prefill_ms=0.0 decode_ms=0.0
[spec-acc] ctx=4967 burst=3/3 cum=2074/2193=0.946
[tick-spec] seq=1 slot=1 trace=- start_ms=0.000 gap_ms=0.000 wall_ms=15.657 generated=2802->2806 rounds=1 drafted=3 accepted=3 k=3
[spec-acc] ctx=4881 burst=3/3 cum=1978/2220=0.891
[tick-spec] seq=2 slot=0 trace=- start_ms=15.665 gap_ms=0.007 wall_ms=14.575 generated=2716->2720 rounds=1 drafted=3 accepted=3 k=3
[prime-chunk] phase=mtp-draft-fill rows=4096 wall_ms=87.886
[prime-yield] count=67 remaining=2 chunks=1 wall_ms=87.886 max_chunk_ms=87.886
[tick-spec] seq=3 slot=2 trace=- start_ms=30.249 gap_ms=0.009 wall_ms=88.072 generated=0->0 rounds=0 drafted=0 accepted=0 k=3
[tick] act=3 int=3 priming=1 ready=0 spec=3 demoted=0 spec_calls=3 spec_ms=118.3 prefill_single_calls=0 prefill_single_tokens=0 prefill_batch_calls=0 prefill_batch_tokens=0 prefill_ms=0.0 decode_ms=0.0
[spec-acc] ctx=4885 burst=3/3 cum=1981/2223=0.891
[tick-spec] seq=1 slot=0 trace=- start_ms=0.000 gap_ms=0.000 wall_ms=15.631 generated=2720->2724 rounds=1 drafted=3 accepted=3 k=3
[spec-acc] ctx=4971 burst=3/3 cum=2077/2196=0.946
[tick-spec] seq=2 slot=1 trace=- start_ms=15.639 gap_ms=0.008 wall_ms=14.647 generated=2806->2810 rounds=1 drafted=3 accepted=3 k=3
[tick] act=3 int=3 priming=1 ready=0 spec=3 demoted=0 spec_calls=2 spec_ms=30.3 prefill_single_calls=0 prefill_single_tokens=0 prefill_batch_calls=0 prefill_batch_tokens=0 prefill_ms=0.0 decode_ms=0.0
[spec-acc] ctx=4889 burst=3/3 cum=1984/2226=0.891
[tick-spec] seq=1 slot=0 trace=- start_ms=0.000 gap_ms=0.000 wall_ms=15.291 generated=2724->2728 rounds=1 drafted=3 accepted=3 k=3
[spec-acc] ctx=4975 burst=3/3 cum=2080/2199=0.946
[tick-spec] seq=2 slot=1 trace=- start_ms=15.300 gap_ms=0.008 wall_ms=14.602 generated=2810->2814 rounds=1 drafted=3 accepted=3 k=3
[prime-chunk] phase=mtp-draft-fill rows=4096 wall_ms=88.008
[prime-yield] count=68 remaining=1 chunks=1 wall_ms=88.008 max_chunk_ms=88.008
[tick-spec] seq=3 slot=2 trace=- start_ms=29.911 gap_ms=0.008 wall_ms=88.189 generated=0->0 rounds=0 drafted=0 accepted=0 k=3
[tick] act=3 int=3 priming=1 ready=0 spec=3 demoted=0 spec_calls=3 spec_ms=118.1 prefill_single_calls=0 prefill_single_tokens=0 prefill_batch_calls=0 prefill_batch_tokens=0 prefill_ms=0.0 decode_ms=0.0
[spec-acc] ctx=4979 burst=3/3 cum=2083/2202=0.946
[tick-spec] seq=1 slot=1 trace=- start_ms=0.001 gap_ms=0.001 wall_ms=15.703 generated=2814->2818 rounds=1 drafted=3 accepted=3 k=3
[spec-acc] ctx=4893 burst=3/3 cum=1987/2229=0.891
[tick-spec] seq=2 slot=0 trace=- start_ms=15.712 gap_ms=0.009 wall_ms=13.571 generated=2728->2732 rounds=1 drafted=3 accepted=3 k=3
[tick] act=3 int=3 priming=1 ready=0 spec=3 demoted=0 spec_calls=2 spec_ms=29.3 prefill_single_calls=0 prefill_single_tokens=0 prefill_batch_calls=0 prefill_batch_tokens=0 prefill_ms=0.0 decode_ms=0.0
[spec-acc] ctx=4897 burst=3/3 cum=1990/2232=0.892
[tick-spec] seq=1 slot=0 trace=- start_ms=0.000 gap_ms=0.000 wall_ms=14.672 generated=2732->2736 rounds=1 drafted=3 accepted=3 k=3
[spec-acc] ctx=4983 burst=3/3 cum=2086/2205=0.946
[tick-spec] seq=2 slot=1 trace=- start_ms=14.680 gap_ms=0.007 wall_ms=13.545 generated=2818->2822 rounds=1 drafted=3 accepted=3 k=3
[prime-chunk] phase=mtp-draft-fill rows=326 wall_ms=7.202
[prime-finalize] walker=memra_server::prime_observation::ObservedPrime<'_, memra_engine::spec::prime::MtpPrimeWalker<'_>> wall_ms=0.003 success=true
[tick-spec] seq=3 slot=2 trace=- start_ms=28.234 gap_ms=0.008 wall_ms=8.754 generated=0->1 rounds=0 drafted=0 accepted=0 k=3
[tick] act=3 int=3 priming=0 ready=0 spec=3 demoted=0 spec_calls=3 spec_ms=37.0 prefill_single_calls=0 prefill_single_tokens=0 prefill_batch_calls=0 prefill_batch_tokens=0 prefill_ms=0.0 decode_ms=0.0
[prefix-cache] insert (spec-boundary): 135456 tokens, 2315.4MB (resident 3181.0MB / 7890MB, model gate, ns "long")
[spec-acc] ctx=4901 burst=26/27 cum=2016/2259=0.892
[tick-spec] seq=1 slot=0 trace=- start_ms=0.001 gap_ms=0.001 wall_ms=129.809 generated=2736->2771 rounds=9 drafted=27 accepted=26 k=3
[spec-acc] ctx=4987 burst=24/24 cum=2110/2229=0.947
[tick-spec] seq=2 slot=1 trace=- start_ms=129.819 gap_ms=0.009 wall_ms=139.783 generated=2822->2854 rounds=8 drafted=24 accepted=24 k=3
[fa-pool] grow #4 dev=0 o_len 4337664 -> 13012992 ml_len 16944 -> 50832 (retired kept, zero=false)
[fa-pool] grow #5 dev=0 o_len 13012992 -> 26025984 ml_len 50832 -> 101664 (retired kept, zero=false)
[spec-acc] ctx=135495 burst=15/51 cum=15/51=0.294
[tick-spec] seq=3 slot=2 trace=- start_ms=269.614 gap_ms=0.012 wall_ms=503.404 generated=1->32 rounds=17 drafted=51 accepted=15 k=3
[tick] act=3 int=3 priming=0 ready=0 spec=3 demoted=0 spec_calls=3 spec_ms=773.0 prefill_single_calls=0 prefill_single_tokens=0 prefill_batch_calls=0 prefill_batch_tokens=0 prefill_ms=0.0 decode_ms=0.0
[spec-acc] ctx=4936 burst=25/30 cum=2041/2289=0.892
[tick-spec] seq=1 slot=0 trace=- start_ms=0.001 gap_ms=0.001 wall_ms=157.547 generated=2771->2806 rounds=10 drafted=30 accepted=25 k=3
[spec-acc] ctx=5019 burst=24/24 cum=2134/2253=0.947
[tick-spec] seq=2 slot=1 trace=- start_ms=157.557 gap_ms=0.009 wall_ms=113.708 generated=2854->2886 rounds=8 drafted=24 accepted=24 k=3
[tick] act=2 int=2 priming=0 ready=0 spec=2 demoted=0 spec_calls=2 spec_ms=271.3 prefill_single_calls=0 prefill_single_tokens=0 prefill_batch_calls=0 prefill_batch_tokens=0 prefill_ms=0.0 decode_ms=0.0
[spec-acc] ctx=4971 burst=25/27 cum=2066/2316=0.892
[tick-spec] seq=1 slot=0 trace=- start_ms=0.000 gap_ms=0.000 wall_ms=158.897 generated=2806->2840 rounds=9 drafted=27 accepted=25 k=3
[spec-acc] ctx=5051 burst=24/24 cum=2158/2277=0.948
[tick-spec] seq=2 slot=1 trace=- start_ms=158.914 gap_ms=0.017 wall_ms=111.939 generated=2886->2918 rounds=8 drafted=24 accepted=24 k=3
[tick] act=2 int=2 priming=0 ready=0 spec=2 demoted=0 spec_calls=2 spec_ms=270.9 prefill_single_calls=0 prefill_single_tokens=0 prefill_batch_calls=0 prefill_batch_tokens=0 prefill_ms=0.0 decode_ms=0.0
[spec-acc] ctx=5005 burst=25/27 cum=2091/2343=0.892
[tick-spec] seq=1 slot=0 trace=- start_ms=0.000 gap_ms=0.000 wall_ms=151.143 generated=2840->2874 rounds=9 drafted=27 accepted=25 k=3
[spec-acc] ctx=5083 burst=24/24 cum=2182/2301=0.948
[tick-spec] seq=2 slot=1 trace=- start_ms=151.152 gap_ms=0.009 wall_ms=112.881 generated=2918->2950 rounds=8 drafted=24 accepted=24 k=3
[tick] act=2 int=2 priming=0 ready=0 spec=2 demoted=0 spec_calls=2 spec_ms=264.0 prefill_single_calls=0 prefill_single_tokens=0 prefill_batch_calls=0 prefill_batch_tokens=0 prefill_ms=0.0 decode_ms=0.0
[spec-acc] ctx=5039 burst=26/27 cum=2117/2370=0.893
[tick-spec] seq=1 slot=0 trace=- start_ms=0.000 gap_ms=0.000 wall_ms=159.716 generated=2874->2909 rounds=9 drafted=27 accepted=26 k=3
[spec-acc] ctx=5115 burst=24/24 cum=2206/2325=0.949
[tick-spec] seq=2 slot=1 trace=- start_ms=159.738 gap_ms=0.021 wall_ms=113.535 generated=2950->2982 rounds=8 drafted=24 accepted=24 k=3
[tick] act=2 int=2 priming=0 ready=0 spec=2 demoted=0 spec_calls=2 spec_ms=273.3 prefill_single_calls=0 prefill_single_tokens=0 prefill_batch_calls=0 prefill_batch_tokens=0 prefill_ms=0.0 decode_ms=0.0
[spec-acc] ctx=5074 burst=25/27 cum=2142/2397=0.894
[tick-spec] seq=1 slot=0 trace=- start_ms=0.001 gap_ms=0.001 wall_ms=155.607 generated=2909->2943 rounds=9 drafted=27 accepted=25 k=3
[spec-acc] ctx=5147 burst=24/24 cum=2230/2349=0.949
[tick-spec] seq=2 slot=1 trace=- start_ms=155.617 gap_ms=0.010 wall_ms=110.859 generated=2982->3014 rounds=8 drafted=24 accepted=24 k=3
[tick] act=2 int=2 priming=0 ready=0 spec=2 demoted=0 spec_calls=2 spec_ms=266.5 prefill_single_calls=0 prefill_single_tokens=0 prefill_batch_calls=0 prefill_batch_tokens=0 prefill_ms=0.0 decode_ms=0.0
[spec-acc] ctx=5108 burst=25/27 cum=2167/2424=0.894
[tick-spec] seq=1 slot=0 trace=- start_ms=0.001 gap_ms=0.001 wall_ms=121.417 generated=2943->2977 rounds=9 drafted=27 accepted=25 k=3
[spec-acc] ctx=5179 burst=24/24 cum=2254/2373=0.950
[tick-spec] seq=2 slot=1 trace=- start_ms=121.427 gap_ms=0.009 wall_ms=139.044 generated=3014->3046 rounds=8 drafted=24 accepted=24 k=3
[tick] act=2 int=2 priming=0 ready=0 spec=2 demoted=0 spec_calls=2 spec_ms=260.5 prefill_single_calls=0 prefill_single_tokens=0 prefill_batch_calls=0 prefill_batch_tokens=0 prefill_ms=0.0 decode_ms=0.0
[spec-acc] ctx=5142 burst=26/27 cum=2193/2451=0.895
[tick-spec] seq=1 slot=0 trace=- start_ms=0.001 gap_ms=0.001 wall_ms=126.937 generated=2977->3012 rounds=9 drafted=27 accepted=26 k=3
[spec-acc] ctx=5211 burst=24/24 cum=2278/2397=0.950
[tick-spec] seq=2 slot=1 trace=- start_ms=126.947 gap_ms=0.009 wall_ms=134.508 generated=3046->3078 rounds=8 drafted=24 accepted=24 k=3
[tick] act=2 int=2 priming=0 ready=0 spec=2 demoted=0 spec_calls=2 spec_ms=261.5 prefill_single_calls=0 prefill_single_tokens=0 prefill_batch_calls=0 prefill_batch_tokens=0 prefill_ms=0.0 decode_ms=0.0
[spec-acc] ctx=5177 burst=25/27 cum=2218/2478=0.895
[tick-spec] seq=1 slot=0 trace=- start_ms=0.001 gap_ms=0.001 wall_ms=121.560 generated=3012->3046 rounds=9 drafted=27 accepted=25 k=3
[spec-acc] ctx=5243 burst=24/24 cum=2302/2421=0.951
[tick-spec] seq=2 slot=1 trace=- start_ms=121.570 gap_ms=0.009 wall_ms=123.297 generated=3078->3110 rounds=8 drafted=24 accepted=24 k=3
[tick] act=2 int=2 priming=0 ready=0 spec=2 demoted=0 spec_calls=2 spec_ms=244.9 prefill_single_calls=0 prefill_single_tokens=0 prefill_batch_calls=0 prefill_batch_tokens=0 prefill_ms=0.0 decode_ms=0.0
[spec-acc] ctx=5211 burst=25/27 cum=2243/2505=0.895
[tick-spec] seq=1 slot=0 trace=- start_ms=0.001 gap_ms=0.001 wall_ms=126.722 generated=3046->3080 rounds=9 drafted=27 accepted=25 k=3
[spec-acc] ctx=5275 burst=24/24 cum=2326/2445=0.951
[tick-spec] seq=2 slot=1 trace=- start_ms=126.731 gap_ms=0.009 wall_ms=108.975 generated=3110->3142 rounds=8 drafted=24 accepted=24 k=3
[tick] act=2 int=2 priming=0 ready=0 spec=2 demoted=0 spec_calls=2 spec_ms=235.7 prefill_single_calls=0 prefill_single_tokens=0 prefill_batch_calls=0 prefill_batch_tokens=0 prefill_ms=0.0 decode_ms=0.0
[spec-acc] ctx=5245 burst=25/27 cum=2268/2532=0.896
[tick-spec] seq=1 slot=0 trace=- start_ms=0.000 gap_ms=0.000 wall_ms=155.149 generated=3080->3114 rounds=9 drafted=27 accepted=25 k=3
[spec-acc] ctx=5307 burst=24/24 cum=2350/2469=0.952
[tick-spec] seq=2 slot=1 trace=- start_ms=155.158 gap_ms=0.009 wall_ms=114.046 generated=3142->3174 rounds=8 drafted=24 accepted=24 k=3
[tick] act=2 int=2 priming=0 ready=0 spec=2 demoted=0 spec_calls=2 spec_ms=269.2 prefill_single_calls=0 prefill_single_tokens=0 prefill_batch_calls=0 prefill_batch_tokens=0 prefill_ms=0.0 decode_ms=0.0
[spec-acc] ctx=5279 burst=25/27 cum=2293/2559=0.896
[tick-spec] seq=1 slot=0 trace=- start_ms=0.001 gap_ms=0.001 wall_ms=157.170 generated=3114->3148 rounds=9 drafted=27 accepted=25 k=3
[spec-acc] ctx=5339 burst=24/24 cum=2374/2493=0.952
[tick-spec] seq=2 slot=1 trace=- start_ms=157.180 gap_ms=0.010 wall_ms=109.878 generated=3174->3206 rounds=8 drafted=24 accepted=24 k=3
[tick] act=2 int=2 priming=0 ready=0 spec=2 demoted=0 spec_calls=2 spec_ms=267.1 prefill_single_calls=0 prefill_single_tokens=0 prefill_batch_calls=0 prefill_batch_tokens=0 prefill_ms=0.0 decode_ms=0.0
[spec-acc] ctx=5313 burst=26/27 cum=2319/2586=0.897
[tick-spec] seq=1 slot=0 trace=- start_ms=0.001 gap_ms=0.001 wall_ms=151.452 generated=3148->3183 rounds=9 drafted=27 accepted=26 k=3
[spec-acc] ctx=5371 burst=24/24 cum=2398/2517=0.953
[tick-spec] seq=2 slot=1 trace=- start_ms=151.462 gap_ms=0.009 wall_ms=111.191 generated=3206->3238 rounds=8 drafted=24 accepted=24 k=3
[tick] act=2 int=2 priming=0 ready=0 spec=2 demoted=0 spec_calls=2 spec_ms=262.7 prefill_single_calls=0 prefill_single_tokens=0 prefill_batch_calls=0 prefill_batch_tokens=0 prefill_ms=0.0 decode_ms=0.0
[spec-acc] ctx=5348 burst=24/24 cum=2343/2610=0.898
[tick-spec] seq=1 slot=0 trace=- start_ms=0.000 gap_ms=0.000 wall_ms=108.701 generated=3183->3215 rounds=8 drafted=24 accepted=24 k=3
[spec-acc] ctx=5403 burst=24/24 cum=2422/2541=0.953
[tick-spec] seq=2 slot=1 trace=- start_ms=108.710 gap_ms=0.008 wall_ms=137.562 generated=3238->3270 rounds=8 drafted=24 accepted=24 k=3
[tick] act=2 int=2 priming=0 ready=0 spec=2 demoted=0 spec_calls=2 spec_ms=246.3 prefill_single_calls=0 prefill_single_tokens=0 prefill_batch_calls=0 prefill_batch_tokens=0 prefill_ms=0.0 decode_ms=0.0
[spec-acc] ctx=5380 burst=24/24 cum=2367/2634=0.899
[tick-spec] seq=1 slot=0 trace=- start_ms=0.000 gap_ms=0.000 wall_ms=112.940 generated=3215->3247 rounds=8 drafted=24 accepted=24 k=3
[spec-acc] ctx=5435 burst=24/24 cum=2446/2565=0.954
[tick-spec] seq=2 slot=1 trace=- start_ms=112.949 gap_ms=0.009 wall_ms=135.974 generated=3270->3302 rounds=8 drafted=24 accepted=24 k=3
[tick] act=2 int=2 priming=0 ready=0 spec=2 demoted=0 spec_calls=2 spec_ms=248.9 prefill_single_calls=0 prefill_single_tokens=0 prefill_batch_calls=0 prefill_batch_tokens=0 prefill_ms=0.0 decode_ms=0.0
[spec-acc] ctx=5412 burst=25/27 cum=2392/2661=0.899
[tick-spec] seq=1 slot=0 trace=- start_ms=0.000 gap_ms=0.000 wall_ms=123.939 generated=3247->3281 rounds=9 drafted=27 accepted=25 k=3
[spec-acc] ctx=5467 burst=24/24 cum=2470/2589=0.954
[tick-spec] seq=2 slot=1 trace=- start_ms=123.948 gap_ms=0.009 wall_ms=107.901 generated=3302->3334 rounds=8 drafted=24 accepted=24 k=3
[tick] act=2 int=2 priming=0 ready=0 spec=2 demoted=0 spec_calls=2 spec_ms=231.9 prefill_single_calls=0 prefill_single_tokens=0 prefill_batch_calls=0 prefill_batch_tokens=0 prefill_ms=0.0 decode_ms=0.0
[spec-acc] ctx=5446 burst=24/24 cum=2416/2685=0.900
[tick-spec] seq=1 slot=0 trace=- start_ms=0.000 gap_ms=0.000 wall_ms=139.321 generated=3281->3313 rounds=8 drafted=24 accepted=24 k=3
[spec-acc] ctx=5499 burst=24/24 cum=2494/2613=0.954
[tick-spec] seq=2 slot=1 trace=- start_ms=139.339 gap_ms=0.017 wall_ms=111.182 generated=3334->3366 rounds=8 drafted=24 accepted=24 k=3
[tick] act=2 int=2 priming=0 ready=0 spec=2 demoted=0 spec_calls=2 spec_ms=250.5 prefill_single_calls=0 prefill_single_tokens=0 prefill_batch_calls=0 prefill_batch_tokens=0 prefill_ms=0.0 decode_ms=0.0
[spec-acc] ctx=5478 burst=24/24 cum=2440/2709=0.901
[tick-spec] seq=1 slot=0 trace=- start_ms=0.000 gap_ms=0.000 wall_ms=132.543 generated=3313->3345 rounds=8 drafted=24 accepted=24 k=3
[spec-acc] ctx=5531 burst=24/24 cum=2518/2637=0.955
[tick-spec] seq=2 slot=1 trace=- start_ms=132.552 gap_ms=0.009 wall_ms=107.951 generated=3366->3398 rounds=8 drafted=24 accepted=24 k=3
[tick] act=2 int=2 priming=0 ready=0 spec=2 demoted=0 spec_calls=2 spec_ms=240.5 prefill_single_calls=0 prefill_single_tokens=0 prefill_batch_calls=0 prefill_batch_tokens=0 prefill_ms=0.0 decode_ms=0.0
[spec-acc] ctx=5510 burst=24/24 cum=2464/2733=0.902
[tick-spec] seq=1 slot=0 trace=- start_ms=0.000 gap_ms=0.000 wall_ms=113.188 generated=3345->3377 rounds=8 drafted=24 accepted=24 k=3
[spec-acc] ctx=5563 burst=24/24 cum=2542/2661=0.955
[tick-spec] seq=2 slot=1 trace=- start_ms=113.197 gap_ms=0.009 wall_ms=139.311 generated=3398->3430 rounds=8 drafted=24 accepted=24 k=3
[tick] act=2 int=2 priming=0 ready=0 spec=2 demoted=0 spec_calls=2 spec_ms=252.5 prefill_single_calls=0 prefill_single_tokens=0 prefill_batch_calls=0 prefill_batch_tokens=0 prefill_ms=0.0 decode_ms=0.0
[spec-acc] ctx=5542 burst=24/24 cum=2488/2757=0.902
[tick-spec] seq=1 slot=0 trace=- start_ms=0.000 gap_ms=0.000 wall_ms=111.042 generated=3377->3409 rounds=8 drafted=24 accepted=24 k=3
[spec-acc] ctx=5595 burst=24/24 cum=2566/2685=0.956
[tick-spec] seq=2 slot=1 trace=- start_ms=111.051 gap_ms=0.009 wall_ms=136.978 generated=3430->3462 rounds=8 drafted=24 accepted=24 k=3
[tick] act=2 int=2 priming=0 ready=0 spec=2 demoted=0 spec_calls=2 spec_ms=248.0 prefill_single_calls=0 prefill_single_tokens=0 prefill_batch_calls=0 prefill_batch_tokens=0 prefill_ms=0.0 decode_ms=0.0
[spec-acc] ctx=5574 burst=24/24 cum=2512/2781=0.903
[tick-spec] seq=1 slot=0 trace=- start_ms=0.000 gap_ms=0.000 wall_ms=113.348 generated=3409->3441 rounds=8 drafted=24 accepted=24 k=3
[spec-acc] ctx=5627 burst=24/24 cum=2590/2709=0.956
[tick-spec] seq=2 slot=1 trace=- start_ms=113.357 gap_ms=0.009 wall_ms=113.255 generated=3462->3494 rounds=8 drafted=24 accepted=24 k=3
[tick] act=2 int=2 priming=0 ready=0 spec=2 demoted=0 spec_calls=2 spec_ms=226.6 prefill_single_calls=0 prefill_single_tokens=0 prefill_batch_calls=0 prefill_batch_tokens=0 prefill_ms=0.0 decode_ms=0.0
[spec-acc] ctx=5606 burst=24/24 cum=2536/2805=0.904
[tick-spec] seq=1 slot=0 trace=- start_ms=0.000 gap_ms=0.000 wall_ms=138.443 generated=3441->3473 rounds=8 drafted=24 accepted=24 k=3
[spec-acc] ctx=5659 burst=24/24 cum=2614/2733=0.956
[tick-spec] seq=2 slot=1 trace=- start_ms=138.452 gap_ms=0.009 wall_ms=115.291 generated=3494->3526 rounds=8 drafted=24 accepted=24 k=3
[tick] act=2 int=2 priming=0 ready=0 spec=2 demoted=0 spec_calls=2 spec_ms=253.8 prefill_single_calls=0 prefill_single_tokens=0 prefill_batch_calls=0 prefill_batch_tokens=0 prefill_ms=0.0 decode_ms=0.0
[spec-acc] ctx=5638 burst=24/24 cum=2560/2829=0.905
[tick-spec] seq=1 slot=0 trace=- start_ms=0.000 gap_ms=0.000 wall_ms=142.669 generated=3473->3505 rounds=8 drafted=24 accepted=24 k=3
[spec-acc] ctx=5691 burst=24/24 cum=2638/2757=0.957
[tick-spec] seq=2 slot=1 trace=- start_ms=142.679 gap_ms=0.010 wall_ms=110.035 generated=3526->3558 rounds=8 drafted=24 accepted=24 k=3
[tick] act=2 int=2 priming=0 ready=0 spec=2 demoted=0 spec_calls=2 spec_ms=252.7 prefill_single_calls=0 prefill_single_tokens=0 prefill_batch_calls=0 prefill_batch_tokens=0 prefill_ms=0.0 decode_ms=0.0
[spec-acc] ctx=5670 burst=24/24 cum=2584/2853=0.906
[tick-spec] seq=1 slot=0 trace=- start_ms=0.000 gap_ms=0.000 wall_ms=116.635 generated=3505->3537 rounds=8 drafted=24 accepted=24 k=3
[spec-acc] ctx=5723 burst=24/24 cum=2662/2781=0.957
[tick-spec] seq=2 slot=1 trace=- start_ms=116.644 gap_ms=0.008 wall_ms=144.735 generated=3558->3590 rounds=8 drafted=24 accepted=24 k=3
[tick] act=2 int=2 priming=0 ready=0 spec=2 demoted=0 spec_calls=2 spec_ms=261.4 prefill_single_calls=0 prefill_single_tokens=0 prefill_batch_calls=0 prefill_batch_tokens=0 prefill_ms=0.0 decode_ms=0.0
[spec-acc] ctx=5702 burst=24/24 cum=2608/2877=0.906
[tick-spec] seq=1 slot=0 trace=- start_ms=0.000 gap_ms=0.000 wall_ms=111.225 generated=3537->3569 rounds=8 drafted=24 accepted=24 k=3
[spec-acc] ctx=5755 burst=24/24 cum=2686/2805=0.958
[tick-spec] seq=2 slot=1 trace=- start_ms=111.234 gap_ms=0.008 wall_ms=139.949 generated=3590->3622 rounds=8 drafted=24 accepted=24 k=3
[tick] act=2 int=2 priming=0 ready=0 spec=2 demoted=0 spec_calls=2 spec_ms=251.2 prefill_single_calls=0 prefill_single_tokens=0 prefill_batch_calls=0 prefill_batch_tokens=0 prefill_ms=0.0 decode_ms=0.0
[spec-acc] ctx=5734 burst=24/24 cum=2632/2901=0.907
[tick-spec] seq=1 slot=0 trace=- start_ms=0.000 gap_ms=0.000 wall_ms=112.090 generated=3569->3601 rounds=8 drafted=24 accepted=24 k=3
[spec-acc] ctx=5787 burst=24/24 cum=2710/2829=0.958
[tick-spec] seq=2 slot=1 trace=- start_ms=112.099 gap_ms=0.009 wall_ms=110.644 generated=3622->3654 rounds=8 drafted=24 accepted=24 k=3
[tick] act=2 int=2 priming=0 ready=0 spec=2 demoted=0 spec_calls=2 spec_ms=222.8 prefill_single_calls=0 prefill_single_tokens=0 prefill_batch_calls=0 prefill_batch_tokens=0 prefill_ms=0.0 decode_ms=0.0
[spec-acc] ctx=5766 burst=24/24 cum=2656/2925=0.908
[tick-spec] seq=1 slot=0 trace=- start_ms=0.000 gap_ms=0.000 wall_ms=136.812 generated=3601->3633 rounds=8 drafted=24 accepted=24 k=3
[spec-acc] ctx=5819 burst=24/24 cum=2734/2853=0.958
[tick-spec] seq=2 slot=1 trace=- start_ms=136.821 gap_ms=0.009 wall_ms=110.109 generated=3654->3686 rounds=8 drafted=24 accepted=24 k=3
[tick] act=2 int=2 priming=0 ready=0 spec=2 demoted=0 spec_calls=2 spec_ms=246.9 prefill_single_calls=0 prefill_single_tokens=0 prefill_batch_calls=0 prefill_batch_tokens=0 prefill_ms=0.0 decode_ms=0.0
[spec-acc] ctx=5798 burst=24/24 cum=2680/2949=0.909
[tick-spec] seq=1 slot=0 trace=- start_ms=0.000 gap_ms=0.000 wall_ms=145.410 generated=3633->3665 rounds=8 drafted=24 accepted=24 k=3
[spec-acc] ctx=5851 burst=24/24 cum=2758/2877=0.959
[tick-spec] seq=2 slot=1 trace=- start_ms=145.419 gap_ms=0.009 wall_ms=112.171 generated=3686->3718 rounds=8 drafted=24 accepted=24 k=3
[tick] act=2 int=2 priming=0 ready=0 spec=2 demoted=0 spec_calls=2 spec_ms=257.6 prefill_single_calls=0 prefill_single_tokens=0 prefill_batch_calls=0 prefill_batch_tokens=0 prefill_ms=0.0 decode_ms=0.0
[spec-acc] ctx=5830 burst=24/24 cum=2704/2973=0.910
[tick-spec] seq=1 slot=0 trace=- start_ms=0.000 gap_ms=0.000 wall_ms=128.060 generated=3665->3697 rounds=8 drafted=24 accepted=24 k=3
[spec-acc] ctx=5883 burst=24/24 cum=2782/2901=0.959
[tick-spec] seq=2 slot=1 trace=- start_ms=128.069 gap_ms=0.009 wall_ms=127.594 generated=3718->3750 rounds=8 drafted=24 accepted=24 k=3
[tick] act=2 int=2 priming=0 ready=0 spec=2 demoted=0 spec_calls=2 spec_ms=255.7 prefill_single_calls=0 prefill_single_tokens=0 prefill_batch_calls=0 prefill_batch_tokens=0 prefill_ms=0.0 decode_ms=0.0
[spec-acc] ctx=5862 burst=24/24 cum=2728/2997=0.910
[tick-spec] seq=1 slot=0 trace=- start_ms=0.000 gap_ms=0.000 wall_ms=115.330 generated=3697->3729 rounds=8 drafted=24 accepted=24 k=3
[spec-acc] ctx=5915 burst=24/24 cum=2806/2925=0.959
[tick-spec] seq=2 slot=1 trace=- start_ms=115.339 gap_ms=0.008 wall_ms=142.341 generated=3750->3782 rounds=8 drafted=24 accepted=24 k=3
[tick] act=2 int=2 priming=0 ready=0 spec=2 demoted=0 spec_calls=2 spec_ms=257.7 prefill_single_calls=0 prefill_single_tokens=0 prefill_batch_calls=0 prefill_batch_tokens=0 prefill_ms=0.0 decode_ms=0.0
[spec-acc] ctx=5894 burst=24/24 cum=2752/3021=0.911
[tick-spec] seq=1 slot=0 trace=- start_ms=0.000 gap_ms=0.000 wall_ms=109.035 generated=3729->3761 rounds=8 drafted=24 accepted=24 k=3
[spec-acc] ctx=5947 burst=24/24 cum=2830/2949=0.960
[tick-spec] seq=2 slot=1 trace=- start_ms=109.045 gap_ms=0.009 wall_ms=138.149 generated=3782->3814 rounds=8 drafted=24 accepted=24 k=3
[tick] act=2 int=2 priming=0 ready=0 spec=2 demoted=0 spec_calls=2 spec_ms=247.2 prefill_single_calls=0 prefill_single_tokens=0 prefill_batch_calls=0 prefill_batch_tokens=0 prefill_ms=0.0 decode_ms=0.0
[spec-acc] ctx=5926 burst=24/24 cum=2776/3045=0.912
[tick-spec] seq=1 slot=0 trace=- start_ms=0.000 gap_ms=0.000 wall_ms=112.075 generated=3761->3793 rounds=8 drafted=24 accepted=24 k=3
[spec-acc] ctx=5979 burst=24/24 cum=2854/2973=0.960
[tick-spec] seq=2 slot=1 trace=- start_ms=112.084 gap_ms=0.009 wall_ms=113.254 generated=3814->3846 rounds=8 drafted=24 accepted=24 k=3
[tick] act=2 int=2 priming=0 ready=0 spec=2 demoted=0 spec_calls=2 spec_ms=225.3 prefill_single_calls=0 prefill_single_tokens=0 prefill_batch_calls=0 prefill_batch_tokens=0 prefill_ms=0.0 decode_ms=0.0
[spec-acc] ctx=5958 burst=24/24 cum=2800/3069=0.912
[tick-spec] seq=1 slot=0 trace=- start_ms=0.000 gap_ms=0.000 wall_ms=143.063 generated=3793->3825 rounds=8 drafted=24 accepted=24 k=3
[spec-acc] ctx=6011 burst=24/24 cum=2878/2997=0.960
[tick-spec] seq=2 slot=1 trace=- start_ms=143.072 gap_ms=0.009 wall_ms=109.250 generated=3846->3878 rounds=8 drafted=24 accepted=24 k=3
[tick] act=2 int=2 priming=0 ready=0 spec=2 demoted=0 spec_calls=2 spec_ms=252.3 prefill_single_calls=0 prefill_single_tokens=0 prefill_batch_calls=0 prefill_batch_tokens=0 prefill_ms=0.0 decode_ms=0.0
[spec-acc] ctx=5990 burst=24/24 cum=2824/3093=0.913
[tick-spec] seq=1 slot=0 trace=- start_ms=0.000 gap_ms=0.000 wall_ms=140.226 generated=3825->3857 rounds=8 drafted=24 accepted=24 k=3
[spec-acc] ctx=6043 burst=24/24 cum=2902/3021=0.961
[tick-spec] seq=2 slot=1 trace=- start_ms=140.235 gap_ms=0.009 wall_ms=114.720 generated=3878->3910 rounds=8 drafted=24 accepted=24 k=3
[tick] act=2 int=2 priming=0 ready=0 spec=2 demoted=0 spec_calls=2 spec_ms=255.0 prefill_single_calls=0 prefill_single_tokens=0 prefill_batch_calls=0 prefill_batch_tokens=0 prefill_ms=0.0 decode_ms=0.0
[spec-acc] ctx=6022 burst=24/24 cum=2848/3117=0.914
[tick-spec] seq=1 slot=0 trace=- start_ms=0.000 gap_ms=0.000 wall_ms=112.256 generated=3857->3889 rounds=8 drafted=24 accepted=24 k=3
[spec-acc] ctx=6075 burst=24/24 cum=2926/3045=0.961
[tick-spec] seq=2 slot=1 trace=- start_ms=112.265 gap_ms=0.009 wall_ms=140.224 generated=3910->3942 rounds=8 drafted=24 accepted=24 k=3
[tick] act=2 int=2 priming=0 ready=0 spec=2 demoted=0 spec_calls=2 spec_ms=252.5 prefill_single_calls=0 prefill_single_tokens=0 prefill_batch_calls=0 prefill_batch_tokens=0 prefill_ms=0.0 decode_ms=0.0
[spec-acc] ctx=6054 burst=24/24 cum=2872/3141=0.914
[tick-spec] seq=1 slot=0 trace=- start_ms=0.000 gap_ms=0.000 wall_ms=111.285 generated=3889->3921 rounds=8 drafted=24 accepted=24 k=3
[spec-acc] ctx=6107 burst=24/24 cum=2950/3069=0.961
[tick-spec] seq=2 slot=1 trace=- start_ms=111.294 gap_ms=0.009 wall_ms=137.456 generated=3942->3974 rounds=8 drafted=24 accepted=24 k=3
[tick] act=2 int=2 priming=0 ready=0 spec=2 demoted=0 spec_calls=2 spec_ms=248.8 prefill_single_calls=0 prefill_single_tokens=0 prefill_batch_calls=0 prefill_batch_tokens=0 prefill_ms=0.0 decode_ms=0.0
[spec-acc] ctx=6086 burst=24/24 cum=2896/3165=0.915
[tick-spec] seq=1 slot=0 trace=- start_ms=0.000 gap_ms=0.000 wall_ms=112.247 generated=3921->3953 rounds=8 drafted=24 accepted=24 k=3
[spec-acc] ctx=6139 burst=24/24 cum=2974/3093=0.962
[tick-spec] seq=2 slot=1 trace=- start_ms=112.256 gap_ms=0.009 wall_ms=127.879 generated=3974->4006 rounds=8 drafted=24 accepted=24 k=3
[tick] act=2 int=2 priming=0 ready=0 spec=2 demoted=0 spec_calls=2 spec_ms=240.1 prefill_single_calls=0 prefill_single_tokens=0 prefill_batch_calls=0 prefill_batch_tokens=0 prefill_ms=0.0 decode_ms=0.0
[spec-acc] ctx=6118 burst=24/24 cum=2920/3189=0.916
[tick-spec] seq=1 slot=0 trace=- start_ms=0.001 gap_ms=0.001 wall_ms=131.287 generated=3953->3985 rounds=8 drafted=24 accepted=24 k=3
[spec-acc] ctx=6171 burst=24/24 cum=2998/3117=0.962
[tick-spec] seq=2 slot=1 trace=- start_ms=131.297 gap_ms=0.009 wall_ms=110.328 generated=4006->4038 rounds=8 drafted=24 accepted=24 k=3
[tick] act=2 int=2 priming=0 ready=0 spec=2 demoted=0 spec_calls=2 spec_ms=241.6 prefill_single_calls=0 prefill_single_tokens=0 prefill_batch_calls=0 prefill_batch_tokens=0 prefill_ms=0.0 decode_ms=0.0
[spec-acc] ctx=6150 burst=24/24 cum=2944/3213=0.916
[tick-spec] seq=1 slot=0 trace=- start_ms=0.000 gap_ms=0.000 wall_ms=138.556 generated=3985->4017 rounds=8 drafted=24 accepted=24 k=3
[spec-acc] ctx=6203 burst=24/24 cum=3022/3141=0.962
[tick-spec] seq=2 slot=1 trace=- start_ms=138.565 gap_ms=0.009 wall_ms=112.318 generated=4038->4070 rounds=8 drafted=24 accepted=24 k=3
[tick] act=2 int=2 priming=0 ready=0 spec=2 demoted=0 spec_calls=2 spec_ms=250.9 prefill_single_calls=0 prefill_single_tokens=0 prefill_batch_calls=0 prefill_batch_tokens=0 prefill_ms=0.0 decode_ms=0.0
[spec-acc] ctx=6182 burst=24/24 cum=2968/3237=0.917
[tick-spec] seq=1 slot=0 trace=- start_ms=0.000 gap_ms=0.000 wall_ms=143.579 generated=4017->4049 rounds=8 drafted=24 accepted=24 k=3
[spec-acc] ctx=6235 burst=21/21 cum=3043/3162=0.962
[tick-spec] seq=2 slot=1 trace=- start_ms=143.588 gap_ms=0.009 wall_ms=100.638 generated=4070->4096 rounds=7 drafted=21 accepted=21 k=3
[tick] act=2 int=2 priming=0 ready=0 spec=2 demoted=0 spec_calls=2 spec_ms=244.2 prefill_single_calls=0 prefill_single_tokens=0 prefill_batch_calls=0 prefill_batch_tokens=0 prefill_ms=0.0 decode_ms=0.0
[spec-acc] ctx=6214 burst=24/27 cum=2992/3264=0.917
[tick-spec] seq=1 slot=0 trace=- start_ms=0.000 gap_ms=0.000 wall_ms=124.738 generated=4049->4082 rounds=9 drafted=27 accepted=24 k=3
[tick] act=1 int=1 priming=0 ready=0 spec=1 demoted=0 spec_calls=1 spec_ms=124.7 prefill_single_calls=0 prefill_single_tokens=0 prefill_batch_calls=0 prefill_batch_tokens=0 prefill_ms=0.0 decode_ms=0.0
[spec-acc] ctx=6247 burst=12/12 cum=3004/3276=0.917
[tick-spec] seq=1 slot=0 trace=- start_ms=0.000 gap_ms=0.000 wall_ms=82.905 generated=4082->4096 rounds=4 drafted=12 accepted=12 k=3
[tick] act=1 int=1 priming=0 ready=0 spec=1 demoted=0 spec_calls=1 spec_ms=82.9 prefill_single_calls=0 prefill_single_tokens=0 prefill_batch_calls=0 prefill_batch_tokens=0 prefill_ms=0.0 decode_ms=0.0
[server] SIGTERM: draining (0 in flight, deadline 30s)
[server] drain complete in 0.0s; exiting
[server] GPU worker shutdown complete
