timestamp, index, utilization.gpu [%], memory.used [MiB], power.draw [W], clocks.current.sm [MHz], clocks.current.memory [MHz], temperature.gpu
2026/09/27 05:01:34.412, 0, 0 %, 0 MiB, 36.49 W, 180 MHz, 405 MHz, 31
2026/09/27 05:01:34.427, 1, 0 %, 0 MiB, 39.14 W, 180 MHz, 405 MHz, 32
2026/09/27 05:01:34.690, 0, 0 %, 3 MiB, 37.53 W, 180 MHz, 405 MHz, 31
2026/09/27 05:01:34.692, 1, 0 %, 3 MiB, 39.65 W, 180 MHz, 405 MHz, 32
2026/09/27 05:01:34.942, 0, 2 %, 595 MiB, 42.62 W, 892 MHz, 12481 MHz, 33
2026/09/27 05:01:34.942, 1, 0 %, 3 MiB, 39.59 W, 172 MHz, 405 MHz, 32
2026/09/27 05:01:35.192, 0, 0 %, 595 MiB, 49.83 W, 2362 MHz, 12481 MHz, 33
2026/09/27 05:01:35.192, 1, 0 %, 3 MiB, 39.50 W, 180 MHz, 405 MHz, 32
2026/09/27 05:01:35.442, 0, 0 %, 595 MiB, 67.82 W, 2362 MHz, 12481 MHz, 33
2026/09/27 05:01:35.442, 1, 0 %, 3 MiB, 39.46 W, 180 MHz, 405 MHz, 32
2026/09/27 05:01:35.692, 0, 0 %, 595 MiB, 87.73 W, 2362 MHz, 12481 MHz, 33
2026/09/27 05:01:35.692, 1, 0 %, 3 MiB, 39.22 W, 180 MHz, 405 MHz, 32
2026/09/27 05:01:35.942, 0, 0 %, 627 MiB, 90.79 W, 2362 MHz, 12481 MHz, 33
2026/09/27 05:01:35.942, 1, 0 %, 3 MiB, 39.14 W, 180 MHz, 405 MHz, 32
2026/09/27 05:01:36.192, 0, 10 %, 1267 MiB, 91.01 W, 2362 MHz, 12481 MHz, 33
2026/09/27 05:01:36.192, 1, 0 %, 595 MiB, 50.17 W, 180 MHz, 12481 MHz, 33
2026/09/27 05:01:36.442, 0, 0 %, 1331 MiB, 91.08 W, 2362 MHz, 12481 MHz, 33
2026/09/27 05:01:36.442, 1, 6 %, 1299 MiB, 60.33 W, 2100 MHz, 12481 MHz, 33
2026/09/27 05:01:36.692, 0, 2 %, 2355 MiB, 91.26 W, 2362 MHz, 12481 MHz, 33
2026/09/27 05:01:36.692, 1, 2 %, 1299 MiB, 75.27 W, 2325 MHz, 12481 MHz, 33
2026/09/27 05:01:36.943, 0, 9 %, 2355 MiB, 91.82 W, 2362 MHz, 12481 MHz, 33
2026/09/27 05:01:36.943, 1, 0 %, 1299 MiB, 81.02 W, 2325 MHz, 12481 MHz, 33
2026/09/27 05:01:37.193, 0, 1 %, 2355 MiB, 91.71 W, 2362 MHz, 12481 MHz, 33
2026/09/27 05:01:37.193, 1, 0 %, 1299 MiB, 89.98 W, 2325 MHz, 12481 MHz, 33
2026/09/27 05:01:37.443, 0, 2 %, 3347 MiB, 91.86 W, 2362 MHz, 12481 MHz, 33
2026/09/27 05:01:37.443, 1, 0 %, 1299 MiB, 89.85 W, 2325 MHz, 12481 MHz, 33
2026/09/27 05:01:37.693, 0, 1 %, 3347 MiB, 91.83 W, 2362 MHz, 12481 MHz, 33
2026/09/27 05:01:37.693, 1, 0 %, 1299 MiB, 90.05 W, 2325 MHz, 12481 MHz, 33
2026/09/27 05:01:37.943, 0, 1 %, 3347 MiB, 91.23 W, 2362 MHz, 12481 MHz, 33
2026/09/27 05:01:37.943, 1, 0 %, 1299 MiB, 90.27 W, 2325 MHz, 12481 MHz, 33
2026/09/27 05:01:38.193, 0, 1 %, 3347 MiB, 91.26 W, 2362 MHz, 12481 MHz, 34
2026/09/27 05:01:38.193, 1, 0 %, 1299 MiB, 90.41 W, 2325 MHz, 12481 MHz, 33
2026/09/27 05:01:38.443, 0, 1 %, 3347 MiB, 91.11 W, 2362 MHz, 12481 MHz, 34
2026/09/27 05:01:38.444, 1, 0 %, 1299 MiB, 90.47 W, 2325 MHz, 12481 MHz, 33
2026/09/27 05:01:38.694, 0, 0 %, 3347 MiB, 91.07 W, 2362 MHz, 12481 MHz, 34
2026/09/27 05:01:38.694, 1, 0 %, 1299 MiB, 90.47 W, 2325 MHz, 12481 MHz, 33
2026/09/27 05:01:38.944, 0, 1 %, 3347 MiB, 91.13 W, 2362 MHz, 12481 MHz, 34
2026/09/27 05:01:38.944, 1, 0 %, 1299 MiB, 90.47 W, 2325 MHz, 12481 MHz, 33
2026/09/27 05:01:39.194, 0, 1 %, 3347 MiB, 91.08 W, 2362 MHz, 12481 MHz, 34
2026/09/27 05:01:39.194, 1, 0 %, 1299 MiB, 90.47 W, 2325 MHz, 12481 MHz, 33
2026/09/27 05:01:39.444, 0, 1 %, 3347 MiB, 91.06 W, 2362 MHz, 12481 MHz, 34
2026/09/27 05:01:39.444, 1, 0 %, 1299 MiB, 88.34 W, 2325 MHz, 12481 MHz, 33
2026/09/27 05:01:39.694, 0, 1 %, 3347 MiB, 91.22 W, 2362 MHz, 12481 MHz, 34
2026/09/27 05:01:39.694, 1, 0 %, 1299 MiB, 88.34 W, 2325 MHz, 12481 MHz, 33
2026/09/27 05:01:39.944, 0, 1 %, 3347 MiB, 91.24 W, 2362 MHz, 12481 MHz, 34
2026/09/27 05:01:39.944, 1, 0 %, 1299 MiB, 88.34 W, 2325 MHz, 12481 MHz, 33
2026/09/27 05:01:40.194, 0, 1 %, 3347 MiB, 91.29 W, 2362 MHz, 12481 MHz, 34
2026/09/27 05:01:40.194, 1, 0 %, 2323 MiB, 88.34 W, 2325 MHz, 12481 MHz, 33
2026/09/27 05:01:40.444, 0, 1 %, 5075 MiB, 91.58 W, 2362 MHz, 12481 MHz, 34
2026/09/27 05:01:40.444, 1, 57 %, 3315 MiB, 90.55 W, 2325 MHz, 12481 MHz, 33
2026/09/27 05:01:40.695, 0, 1 %, 5075 MiB, 91.49 W, 2362 MHz, 12481 MHz, 34
2026/09/27 05:01:40.695, 1, 0 %, 3315 MiB, 90.58 W, 2325 MHz, 12481 MHz, 33
2026/09/27 05:01:40.945, 0, 1 %, 5075 MiB, 91.54 W, 2362 MHz, 12481 MHz, 34
2026/09/27 05:01:40.945, 1, 0 %, 3315 MiB, 90.59 W, 2325 MHz, 12481 MHz, 34
2026/09/27 05:01:41.195, 0, 1 %, 5075 MiB, 91.57 W, 2362 MHz, 12481 MHz, 34
2026/09/27 05:01:41.195, 1, 0 %, 3315 MiB, 90.57 W, 2325 MHz, 12481 MHz, 34
2026/09/27 05:01:41.445, 0, 1 %, 5075 MiB, 91.36 W, 2362 MHz, 12481 MHz, 34
2026/09/27 05:01:41.445, 1, 0 %, 3315 MiB, 90.67 W, 2325 MHz, 12481 MHz, 34
2026/09/27 05:01:41.695, 0, 1 %, 5075 MiB, 91.36 W, 2362 MHz, 12481 MHz, 34
2026/09/27 05:01:41.695, 1, 0 %, 3315 MiB, 90.67 W, 2325 MHz, 12481 MHz, 34
2026/09/27 05:01:41.945, 0, 1 %, 5075 MiB, 91.42 W, 2362 MHz, 12481 MHz, 34
2026/09/27 05:01:41.945, 1, 0 %, 3315 MiB, 90.67 W, 2325 MHz, 12481 MHz, 34
2026/09/27 05:01:42.195, 0, 1 %, 5075 MiB, 91.36 W, 2362 MHz, 12481 MHz, 34
2026/09/27 05:01:42.195, 1, 0 %, 3315 MiB, 90.67 W, 2325 MHz, 12481 MHz, 34
2026/09/27 05:01:42.445, 0, 1 %, 5075 MiB, 91.35 W, 2362 MHz, 12481 MHz, 34
2026/09/27 05:01:42.445, 1, 0 %, 3315 MiB, 87.99 W, 2325 MHz, 12481 MHz, 34
2026/09/27 05:01:42.695, 0, 1 %, 5075 MiB, 91.41 W, 2362 MHz, 12481 MHz, 34
2026/09/27 05:01:42.696, 1, 0 %, 3315 MiB, 87.99 W, 2325 MHz, 12481 MHz, 34
2026/09/27 05:01:42.946, 0, 1 %, 5075 MiB, 91.36 W, 2362 MHz, 12481 MHz, 34
2026/09/27 05:01:42.946, 1, 0 %, 3315 MiB, 87.99 W, 2325 MHz, 12481 MHz, 34
2026/09/27 05:01:43.196, 0, 1 %, 5075 MiB, 91.43 W, 2362 MHz, 12481 MHz, 34
2026/09/27 05:01:43.196, 1, 0 %, 3315 MiB, 87.99 W, 2325 MHz, 12481 MHz, 34
2026/09/27 05:01:43.446, 0, 1 %, 5075 MiB, 91.53 W, 2362 MHz, 12481 MHz, 34
2026/09/27 05:01:43.446, 1, 0 %, 3315 MiB, 89.32 W, 2325 MHz, 12481 MHz, 34
2026/09/27 05:01:43.696, 0, 1 %, 5075 MiB, 91.49 W, 2362 MHz, 12481 MHz, 34
2026/09/27 05:01:43.696, 1, 0 %, 3315 MiB, 89.32 W, 2325 MHz, 12481 MHz, 34
2026/09/27 05:01:43.946, 0, 1 %, 5075 MiB, 91.44 W, 2362 MHz, 12481 MHz, 34
2026/09/27 05:01:43.946, 1, 0 %, 3315 MiB, 89.32 W, 2325 MHz, 12481 MHz, 34
2026/09/27 05:01:44.196, 0, 1 %, 5075 MiB, 91.47 W, 2362 MHz, 12481 MHz, 34
2026/09/27 05:01:44.196, 1, 0 %, 3315 MiB, 89.32 W, 2325 MHz, 12481 MHz, 34
2026/09/27 05:01:44.446, 0, 1 %, 5075 MiB, 91.39 W, 2362 MHz, 12481 MHz, 34
2026/09/27 05:01:44.446, 1, 0 %, 3315 MiB, 89.07 W, 2325 MHz, 12481 MHz, 34
2026/09/27 05:01:44.696, 0, 1 %, 5075 MiB, 91.42 W, 2362 MHz, 12481 MHz, 34
2026/09/27 05:01:44.696, 1, 0 %, 3315 MiB, 89.07 W, 2325 MHz, 12481 MHz, 34
2026/09/27 05:01:44.946, 0, 1 %, 5075 MiB, 91.51 W, 2362 MHz, 12481 MHz, 34
2026/09/27 05:01:44.947, 1, 0 %, 3315 MiB, 89.07 W, 2325 MHz, 12481 MHz, 34
2026/09/27 05:01:45.197, 0, 0 %, 5075 MiB, 91.32 W, 2362 MHz, 12481 MHz, 34
2026/09/27 05:01:45.197, 1, 0 %, 3315 MiB, 89.07 W, 2325 MHz, 12481 MHz, 34
2026/09/27 05:01:45.447, 0, 0 %, 5075 MiB, 91.32 W, 2362 MHz, 12481 MHz, 34
2026/09/27 05:01:45.447, 1, 0 %, 3315 MiB, 87.96 W, 2325 MHz, 12481 MHz, 34
2026/09/27 05:01:45.697, 0, 0 %, 5075 MiB, 91.21 W, 2362 MHz, 12481 MHz, 34
2026/09/27 05:01:45.697, 1, 0 %, 3315 MiB, 87.96 W, 2325 MHz, 12481 MHz, 34
2026/09/27 05:01:45.947, 0, 0 %, 5075 MiB, 91.04 W, 2362 MHz, 12481 MHz, 34
2026/09/27 05:01:45.947, 1, 0 %, 3315 MiB, 87.96 W, 2325 MHz, 12481 MHz, 34
2026/09/27 05:01:46.197, 0, 0 %, 5075 MiB, 91.12 W, 2362 MHz, 12481 MHz, 34
2026/09/27 05:01:46.197, 1, 0 %, 3315 MiB, 87.96 W, 2325 MHz, 12481 MHz, 34
2026/09/27 05:01:46.447, 0, 0 %, 5075 MiB, 91.13 W, 2362 MHz, 12481 MHz, 34
2026/09/27 05:01:46.447, 1, 0 %, 3315 MiB, 87.95 W, 2325 MHz, 12481 MHz, 34
2026/09/27 05:01:46.697, 0, 1 %, 5107 MiB, 91.14 W, 2362 MHz, 12481 MHz, 34
2026/09/27 05:01:46.697, 1, 0 %, 3315 MiB, 88.27 W, 2325 MHz, 12481 MHz, 34
2026/09/27 05:01:46.947, 0, 0 %, 5107 MiB, 91.21 W, 2362 MHz, 12481 MHz, 34
2026/09/27 05:01:46.947, 1, 0 %, 3315 MiB, 88.58 W, 2325 MHz, 12481 MHz, 34
2026/09/27 05:01:47.197, 0, 0 %, 5107 MiB, 91.19 W, 2362 MHz, 12481 MHz, 34
2026/09/27 05:01:47.197, 1, 0 %, 3315 MiB, 88.91 W, 2325 MHz, 12481 MHz, 34
2026/09/27 05:01:47.447, 0, 0 %, 5139 MiB, 91.19 W, 2362 MHz, 12481 MHz, 34
2026/09/27 05:01:47.448, 1, 0 %, 3315 MiB, 90.06 W, 2325 MHz, 12481 MHz, 34
2026/09/27 05:01:47.698, 0, 0 %, 5139 MiB, 91.23 W, 2362 MHz, 12481 MHz, 34
2026/09/27 05:01:47.698, 1, 0 %, 3315 MiB, 90.59 W, 2325 MHz, 12481 MHz, 34
2026/09/27 05:01:47.948, 0, 0 %, 5171 MiB, 91.28 W, 2362 MHz, 12481 MHz, 34
2026/09/27 05:01:47.948, 1, 0 %, 5043 MiB, 90.64 W, 2325 MHz, 12481 MHz, 34
2026/09/27 05:01:48.198, 0, 0 %, 5171 MiB, 91.27 W, 2362 MHz, 12481 MHz, 34
2026/09/27 05:01:48.198, 1, 1 %, 5043 MiB, 90.52 W, 2325 MHz, 12481 MHz, 34
2026/09/27 05:01:48.448, 0, 0 %, 5171 MiB, 91.30 W, 2362 MHz, 12481 MHz, 34
2026/09/27 05:01:48.448, 1, 1 %, 5043 MiB, 90.49 W, 2325 MHz, 12481 MHz, 34
2026/09/27 05:01:48.698, 0, 0 %, 5171 MiB, 91.28 W, 2362 MHz, 12481 MHz, 34
2026/09/27 05:01:48.698, 1, 1 %, 5043 MiB, 90.47 W, 2325 MHz, 12481 MHz, 34
2026/09/27 05:01:48.948, 0, 0 %, 5171 MiB, 91.23 W, 2362 MHz, 12481 MHz, 34
2026/09/27 05:01:48.948, 1, 1 %, 5043 MiB, 90.33 W, 2325 MHz, 12481 MHz, 34
2026/09/27 05:01:49.198, 0, 0 %, 5171 MiB, 91.23 W, 2362 MHz, 12481 MHz, 34
2026/09/27 05:01:49.199, 1, 1 %, 5043 MiB, 90.32 W, 2325 MHz, 12481 MHz, 34
2026/09/27 05:01:49.449, 0, 0 %, 5171 MiB, 91.23 W, 2362 MHz, 12481 MHz, 34
2026/09/27 05:01:49.449, 1, 1 %, 5043 MiB, 90.40 W, 2325 MHz, 12481 MHz, 34
2026/09/27 05:01:49.699, 0, 0 %, 5171 MiB, 91.23 W, 2362 MHz, 12481 MHz, 34
2026/09/27 05:01:49.699, 1, 1 %, 5043 MiB, 90.69 W, 2325 MHz, 12481 MHz, 34
2026/09/27 05:01:49.949, 0, 0 %, 5171 MiB, 89.74 W, 2362 MHz, 12481 MHz, 34
2026/09/27 05:01:49.949, 1, 1 %, 5043 MiB, 90.90 W, 2325 MHz, 12481 MHz, 34
2026/09/27 05:01:50.199, 0, 0 %, 5171 MiB, 89.74 W, 2362 MHz, 12481 MHz, 34
2026/09/27 05:01:50.199, 1, 1 %, 5043 MiB, 91.10 W, 2325 MHz, 12481 MHz, 34
2026/09/27 05:01:50.449, 0, 0 %, 5171 MiB, 89.74 W, 2362 MHz, 12481 MHz, 34
2026/09/27 05:01:50.450, 1, 0 %, 5043 MiB, 91.14 W, 2325 MHz, 12481 MHz, 34
2026/09/27 05:01:50.702, 0, 0 %, 5171 MiB, 89.74 W, 2362 MHz, 12481 MHz, 34
2026/09/27 05:01:50.702, 1, 1 %, 5043 MiB, 91.01 W, 2325 MHz, 12481 MHz, 34
2026/09/27 05:01:50.952, 0, 0 %, 5171 MiB, 88.73 W, 2362 MHz, 12481 MHz, 34
2026/09/27 05:01:50.952, 1, 1 %, 5043 MiB, 90.93 W, 2325 MHz, 12481 MHz, 34
2026/09/27 05:01:51.202, 0, 0 %, 5171 MiB, 88.73 W, 2362 MHz, 12481 MHz, 34
2026/09/27 05:01:51.202, 1, 1 %, 5043 MiB, 90.72 W, 2325 MHz, 12481 MHz, 34
2026/09/27 05:01:51.453, 0, 0 %, 5171 MiB, 88.73 W, 2362 MHz, 12481 MHz, 34
2026/09/27 05:01:51.453, 1, 1 %, 5043 MiB, 90.63 W, 2325 MHz, 12481 MHz, 34
2026/09/27 05:01:51.703, 0, 0 %, 5171 MiB, 88.73 W, 2362 MHz, 12481 MHz, 34
2026/09/27 05:01:51.703, 1, 1 %, 5043 MiB, 90.51 W, 2325 MHz, 12481 MHz, 34
2026/09/27 05:01:51.953, 0, 0 %, 5171 MiB, 89.22 W, 2362 MHz, 12481 MHz, 34
2026/09/27 05:01:51.953, 1, 1 %, 5043 MiB, 90.42 W, 2325 MHz, 12481 MHz, 34
2026/09/27 05:01:52.203, 0, 0 %, 5171 MiB, 89.22 W, 2362 MHz, 12481 MHz, 34
2026/09/27 05:01:52.203, 1, 1 %, 5043 MiB, 90.39 W, 2325 MHz, 12481 MHz, 34
2026/09/27 05:01:52.453, 0, 0 %, 5171 MiB, 89.22 W, 2362 MHz, 12481 MHz, 34
2026/09/27 05:01:52.453, 1, 1 %, 5043 MiB, 90.43 W, 2325 MHz, 12481 MHz, 34
2026/09/27 05:01:52.704, 0, 0 %, 5171 MiB, 89.22 W, 2362 MHz, 12481 MHz, 34
2026/09/27 05:01:52.704, 1, 1 %, 5043 MiB, 90.66 W, 2325 MHz, 12481 MHz, 34
2026/09/27 05:01:52.954, 0, 0 %, 5171 MiB, 90.20 W, 2362 MHz, 12481 MHz, 35
2026/09/27 05:01:52.954, 1, 0 %, 5043 MiB, 90.82 W, 2325 MHz, 12481 MHz, 34
2026/09/27 05:01:53.204, 0, 0 %, 5171 MiB, 90.20 W, 2362 MHz, 12481 MHz, 35
2026/09/27 05:01:53.204, 1, 0 %, 5043 MiB, 90.97 W, 2325 MHz, 12481 MHz, 34
2026/09/27 05:01:53.454, 0, 0 %, 5171 MiB, 90.20 W, 2362 MHz, 12481 MHz, 35
2026/09/27 05:01:53.454, 1, 0 %, 5043 MiB, 91.02 W, 2325 MHz, 12481 MHz, 34
2026/09/27 05:01:53.704, 0, 0 %, 5171 MiB, 90.20 W, 2362 MHz, 12481 MHz, 35
2026/09/27 05:01:53.704, 1, 0 %, 5043 MiB, 90.90 W, 2325 MHz, 12481 MHz, 34
2026/09/27 05:01:53.955, 0, 0 %, 5171 MiB, 90.20 W, 2362 MHz, 12481 MHz, 35
2026/09/27 05:01:53.955, 1, 0 %, 5043 MiB, 90.74 W, 2325 MHz, 12481 MHz, 34
2026/09/27 05:01:54.205, 0, 0 %, 5171 MiB, 90.29 W, 2362 MHz, 12481 MHz, 35
2026/09/27 05:01:54.205, 1, 0 %, 5075 MiB, 90.60 W, 2325 MHz, 12481 MHz, 34
2026/09/27 05:01:54.455, 0, 0 %, 5171 MiB, 90.43 W, 2362 MHz, 12481 MHz, 35
2026/09/27 05:01:54.455, 1, 0 %, 5075 MiB, 90.45 W, 2325 MHz, 12481 MHz, 34
2026/09/27 05:01:54.705, 0, 0 %, 5171 MiB, 90.55 W, 2362 MHz, 12481 MHz, 35
2026/09/27 05:01:54.705, 1, 0 %, 5107 MiB, 90.23 W, 2325 MHz, 12481 MHz, 34
2026/09/27 05:01:54.955, 0, 0 %, 5171 MiB, 91.04 W, 2362 MHz, 12481 MHz, 35
2026/09/27 05:01:54.956, 1, 0 %, 5107 MiB, 90.21 W, 2325 MHz, 12481 MHz, 34
2026/09/27 05:01:55.206, 0, 0 %, 6899 MiB, 91.26 W, 2362 MHz, 12481 MHz, 35
2026/09/27 05:01:55.206, 1, 0 %, 5139 MiB, 90.07 W, 2325 MHz, 12481 MHz, 34
2026/09/27 05:01:55.456, 0, 2 %, 6899 MiB, 91.64 W, 2362 MHz, 12481 MHz, 35
2026/09/27 05:01:55.456, 1, 0 %, 5139 MiB, 90.17 W, 2325 MHz, 12481 MHz, 34
2026/09/27 05:01:55.706, 0, 1 %, 6899 MiB, 91.78 W, 2362 MHz, 12481 MHz, 35
2026/09/27 05:01:55.706, 1, 0 %, 5139 MiB, 90.30 W, 2325 MHz, 12481 MHz, 34
2026/09/27 05:01:55.956, 0, 1 %, 6899 MiB, 91.88 W, 2362 MHz, 12481 MHz, 35
2026/09/27 05:01:55.957, 1, 0 %, 5139 MiB, 90.45 W, 2325 MHz, 12481 MHz, 34
2026/09/27 05:01:56.207, 0, 1 %, 6899 MiB, 91.96 W, 2362 MHz, 12481 MHz, 35
2026/09/27 05:01:56.207, 1, 0 %, 5139 MiB, 90.71 W, 2325 MHz, 12481 MHz, 34
2026/09/27 05:01:56.457, 0, 1 %, 6899 MiB, 91.72 W, 2362 MHz, 12481 MHz, 35
2026/09/27 05:01:56.457, 1, 0 %, 5139 MiB, 90.71 W, 2325 MHz, 12481 MHz, 34
2026/09/27 05:01:56.707, 0, 1 %, 6899 MiB, 91.76 W, 2362 MHz, 12481 MHz, 35
2026/09/27 05:01:56.707, 1, 0 %, 5139 MiB, 90.71 W, 2325 MHz, 12481 MHz, 34
2026/09/27 05:01:56.957, 0, 1 %, 6899 MiB, 91.72 W, 2362 MHz, 12481 MHz, 35
2026/09/27 05:01:56.957, 1, 0 %, 5139 MiB, 90.71 W, 2325 MHz, 12481 MHz, 34
2026/09/27 05:01:57.208, 0, 1 %, 6899 MiB, 91.80 W, 2362 MHz, 12481 MHz, 35
2026/09/27 05:01:57.208, 1, 0 %, 5139 MiB, 88.44 W, 2325 MHz, 12481 MHz, 34
2026/09/27 05:01:57.458, 0, 1 %, 6899 MiB, 91.79 W, 2362 MHz, 12481 MHz, 35
2026/09/27 05:01:57.458, 1, 0 %, 5139 MiB, 88.44 W, 2325 MHz, 12481 MHz, 34
2026/09/27 05:01:57.708, 0, 1 %, 6899 MiB, 91.78 W, 2362 MHz, 12481 MHz, 35
2026/09/27 05:01:57.708, 1, 0 %, 5139 MiB, 88.44 W, 2325 MHz, 12481 MHz, 34
2026/09/27 05:01:57.958, 0, 1 %, 6899 MiB, 91.83 W, 2362 MHz, 12481 MHz, 35
2026/09/27 05:01:57.958, 1, 0 %, 5139 MiB, 88.44 W, 2325 MHz, 12481 MHz, 34
2026/09/27 05:01:58.208, 0, 1 %, 6899 MiB, 91.86 W, 2362 MHz, 12481 MHz, 35
2026/09/27 05:01:58.208, 1, 0 %, 5139 MiB, 88.44 W, 2325 MHz, 12481 MHz, 34
2026/09/27 05:01:58.458, 0, 1 %, 6899 MiB, 91.81 W, 2362 MHz, 12481 MHz, 35
2026/09/27 05:01:58.459, 1, 0 %, 5139 MiB, 88.44 W, 2325 MHz, 12481 MHz, 34
2026/09/27 05:01:58.709, 0, 2 %, 6899 MiB, 91.93 W, 2362 MHz, 12481 MHz, 35
2026/09/27 05:01:58.709, 1, 0 %, 5139 MiB, 88.44 W, 2325 MHz, 12481 MHz, 34
2026/09/27 05:01:58.959, 0, 1 %, 6899 MiB, 91.85 W, 2362 MHz, 12481 MHz, 35
2026/09/27 05:01:58.959, 1, 0 %, 5139 MiB, 88.44 W, 2325 MHz, 12481 MHz, 34
2026/09/27 05:01:59.209, 0, 0 %, 6899 MiB, 91.70 W, 2362 MHz, 12481 MHz, 35
2026/09/27 05:01:59.209, 1, 0 %, 5139 MiB, 88.93 W, 2325 MHz, 12481 MHz, 34
2026/09/27 05:01:59.459, 0, 0 %, 6899 MiB, 91.64 W, 2362 MHz, 12481 MHz, 35
2026/09/27 05:01:59.459, 1, 0 %, 5139 MiB, 88.93 W, 2325 MHz, 12481 MHz, 34
2026/09/27 05:01:59.709, 0, 0 %, 6899 MiB, 91.38 W, 2362 MHz, 12481 MHz, 35
2026/09/27 05:01:59.709, 1, 0 %, 5139 MiB, 88.93 W, 2325 MHz, 12481 MHz, 34
2026/09/27 05:01:59.959, 0, 0 %, 6931 MiB, 91.31 W, 2362 MHz, 12481 MHz, 35
2026/09/27 05:01:59.960, 1, 0 %, 5139 MiB, 89.33 W, 2325 MHz, 12481 MHz, 35
2026/09/27 05:02:00.210, 0, 0 %, 6931 MiB, 91.32 W, 2362 MHz, 12481 MHz, 35
2026/09/27 05:02:00.210, 1, 0 %, 5139 MiB, 89.54 W, 2325 MHz, 12481 MHz, 35
2026/09/27 05:02:00.460, 0, 0 %, 6963 MiB, 91.25 W, 2362 MHz, 12481 MHz, 35
2026/09/27 05:02:00.460, 1, 0 %, 5139 MiB, 89.81 W, 2325 MHz, 12481 MHz, 35
2026/09/27 05:02:00.710, 0, 0 %, 6963 MiB, 91.35 W, 2362 MHz, 12481 MHz, 35
2026/09/27 05:02:00.710, 1, 0 %, 5139 MiB, 89.93 W, 2325 MHz, 12481 MHz, 35
2026/09/27 05:02:00.960, 0, 0 %, 6963 MiB, 91.36 W, 2362 MHz, 12481 MHz, 35
2026/09/27 05:02:00.960, 1, 0 %, 5139 MiB, 90.46 W, 2325 MHz, 12481 MHz, 35
2026/09/27 05:02:01.210, 0, 0 %, 6995 MiB, 91.31 W, 2362 MHz, 12481 MHz, 35
2026/09/27 05:02:01.210, 1, 0 %, 5139 MiB, 90.30 W, 2325 MHz, 12481 MHz, 35
2026/09/27 05:02:01.460, 0, 0 %, 6995 MiB, 91.34 W, 2362 MHz, 12481 MHz, 35
2026/09/27 05:02:01.460, 1, 0 %, 5139 MiB, 90.18 W, 2325 MHz, 12481 MHz, 35
2026/09/27 05:02:01.711, 0, 0 %, 7027 MiB, 91.33 W, 2362 MHz, 12481 MHz, 35
2026/09/27 05:02:01.711, 1, 2 %, 6867 MiB, 90.51 W, 2325 MHz, 12481 MHz, 35
2026/09/27 05:02:01.961, 0, 0 %, 7027 MiB, 91.26 W, 2362 MHz, 12481 MHz, 35
2026/09/27 05:02:01.961, 1, 1 %, 6867 MiB, 90.66 W, 2325 MHz, 12481 MHz, 35
2026/09/27 05:02:02.211, 0, 0 %, 7027 MiB, 91.27 W, 2362 MHz, 12481 MHz, 35
2026/09/27 05:02:02.211, 1, 2 %, 6867 MiB, 91.04 W, 2317 MHz, 12481 MHz, 35
2026/09/27 05:02:02.461, 0, 0 %, 7027 MiB, 91.27 W, 2362 MHz, 12481 MHz, 35
2026/09/27 05:02:02.461, 1, 2 %, 6867 MiB, 91.35 W, 2317 MHz, 12481 MHz, 35
2026/09/27 05:02:02.711, 0, 0 %, 7027 MiB, 91.24 W, 2362 MHz, 12481 MHz, 35
2026/09/27 05:02:02.711, 1, 1 %, 6867 MiB, 91.40 W, 2317 MHz, 12481 MHz, 35
2026/09/27 05:02:02.961, 0, 0 %, 7027 MiB, 91.24 W, 2362 MHz, 12481 MHz, 35
2026/09/27 05:02:02.961, 1, 1 %, 6867 MiB, 91.50 W, 2317 MHz, 12481 MHz, 35
2026/09/27 05:02:03.211, 0, 0 %, 7027 MiB, 91.24 W, 2362 MHz, 12481 MHz, 35
2026/09/27 05:02:03.211, 1, 2 %, 6867 MiB, 91.57 W, 2317 MHz, 12481 MHz, 35
2026/09/27 05:02:03.462, 0, 0 %, 7027 MiB, 91.24 W, 2362 MHz, 12481 MHz, 35
2026/09/27 05:02:03.462, 1, 1 %, 6867 MiB, 91.49 W, 2317 MHz, 12481 MHz, 35
2026/09/27 05:02:03.712, 0, 0 %, 7027 MiB, 90.70 W, 2362 MHz, 12481 MHz, 35
2026/09/27 05:02:03.712, 1, 2 %, 6867 MiB, 91.43 W, 2317 MHz, 12481 MHz, 35
2026/09/27 05:02:03.962, 0, 0 %, 7027 MiB, 90.70 W, 2362 MHz, 12481 MHz, 35
2026/09/27 05:02:03.962, 1, 2 %, 6867 MiB, 91.31 W, 2317 MHz, 12481 MHz, 35
2026/09/27 05:02:04.212, 0, 0 %, 7027 MiB, 90.70 W, 2362 MHz, 12481 MHz, 35
2026/09/27 05:02:04.212, 1, 0 %, 6867 MiB, 90.92 W, 2317 MHz, 12481 MHz, 35
2026/09/27 05:02:04.462, 0, 0 %, 7027 MiB, 90.70 W, 2362 MHz, 12481 MHz, 35
2026/09/27 05:02:04.462, 1, 0 %, 6867 MiB, 90.66 W, 2317 MHz, 12481 MHz, 35
2026/09/27 05:02:04.712, 0, 0 %, 7027 MiB, 90.41 W, 2362 MHz, 12481 MHz, 35
2026/09/27 05:02:04.712, 1, 0 %, 6899 MiB, 90.28 W, 2317 MHz, 12481 MHz, 35
2026/09/27 05:02:04.962, 0, 0 %, 7027 MiB, 90.55 W, 2362 MHz, 12481 MHz, 35
2026/09/27 05:02:04.962, 1, 0 %, 6899 MiB, 90.10 W, 2317 MHz, 12481 MHz, 35
2026/09/27 05:02:05.212, 0, 0 %, 7027 MiB, 90.73 W, 2362 MHz, 12481 MHz, 35
2026/09/27 05:02:05.212, 1, 0 %, 6931 MiB, 90.15 W, 2317 MHz, 12481 MHz, 35
2026/09/27 05:02:05.462, 0, 0 %, 7027 MiB, 90.77 W, 2362 MHz, 12481 MHz, 35
2026/09/27 05:02:05.462, 1, 0 %, 6931 MiB, 90.34 W, 2317 MHz, 12481 MHz, 35
2026/09/27 05:02:05.713, 0, 0 %, 7027 MiB, 91.35 W, 2362 MHz, 12481 MHz, 35
2026/09/27 05:02:05.713, 1, 0 %, 6963 MiB, 90.67 W, 2317 MHz, 12481 MHz, 35
2026/09/27 05:02:05.963, 0, 0 %, 7027 MiB, 91.37 W, 2362 MHz, 12481 MHz, 35
2026/09/27 05:02:05.963, 1, 0 %, 6963 MiB, 90.92 W, 2317 MHz, 12481 MHz, 35
2026/09/27 05:02:06.213, 0, 0 %, 8755 MiB, 91.72 W, 2362 MHz, 12481 MHz, 35
2026/09/27 05:02:06.213, 1, 0 %, 6995 MiB, 91.17 W, 2317 MHz, 12481 MHz, 35
2026/09/27 05:02:06.463, 0, 1 %, 8755 MiB, 91.91 W, 2362 MHz, 12481 MHz, 35
2026/09/27 05:02:06.463, 1, 0 %, 6995 MiB, 91.17 W, 2317 MHz, 12481 MHz, 35
2026/09/27 05:02:06.713, 0, 1 %, 8755 MiB, 92.09 W, 2362 MHz, 12481 MHz, 35
2026/09/27 05:02:06.713, 1, 0 %, 6995 MiB, 91.04 W, 2317 MHz, 12481 MHz, 35
2026/09/27 05:02:06.963, 0, 1 %, 8755 MiB, 92.18 W, 2362 MHz, 12481 MHz, 35
2026/09/27 05:02:06.963, 1, 0 %, 6995 MiB, 90.91 W, 2317 MHz, 12481 MHz, 35
2026/09/27 05:02:07.213, 0, 1 %, 8755 MiB, 91.99 W, 2362 MHz, 12481 MHz, 35
2026/09/27 05:02:07.213, 1, 0 %, 6995 MiB, 90.71 W, 2317 MHz, 12481 MHz, 35
2026/09/27 05:02:07.464, 0, 2 %, 8755 MiB, 91.98 W, 2362 MHz, 12481 MHz, 35
2026/09/27 05:02:07.464, 1, 0 %, 6995 MiB, 90.71 W, 2317 MHz, 12481 MHz, 35
2026/09/27 05:02:07.714, 0, 0 %, 8755 MiB, 91.82 W, 2362 MHz, 12481 MHz, 35
2026/09/27 05:02:07.714, 1, 0 %, 6995 MiB, 90.71 W, 2317 MHz, 12481 MHz, 35
2026/09/27 05:02:07.964, 0, 0 %, 8755 MiB, 91.78 W, 2362 MHz, 12481 MHz, 35
2026/09/27 05:02:07.964, 1, 0 %, 6995 MiB, 90.71 W, 2317 MHz, 12481 MHz, 35
2026/09/27 05:02:08.214, 0, 0 %, 8755 MiB, 91.59 W, 2362 MHz, 12481 MHz, 35
2026/09/27 05:02:08.214, 1, 0 %, 6995 MiB, 88.89 W, 2317 MHz, 12481 MHz, 35
2026/09/27 05:02:08.464, 0, 0 %, 8755 MiB, 91.52 W, 2362 MHz, 12481 MHz, 35
2026/09/27 05:02:08.464, 1, 0 %, 6995 MiB, 88.89 W, 2317 MHz, 12481 MHz, 35
2026/09/27 05:02:08.714, 0, 1 %, 8755 MiB, 91.76 W, 2362 MHz, 12481 MHz, 35
2026/09/27 05:02:08.714, 1, 0 %, 6995 MiB, 88.89 W, 2317 MHz, 12481 MHz, 35
2026/09/27 05:02:08.964, 0, 1 %, 8755 MiB, 91.76 W, 2362 MHz, 12481 MHz, 35
2026/09/27 05:02:08.965, 1, 0 %, 6995 MiB, 88.89 W, 2317 MHz, 12481 MHz, 35
2026/09/27 05:02:09.215, 0, 1 %, 8755 MiB, 91.94 W, 2362 MHz, 12481 MHz, 35
2026/09/27 05:02:09.215, 1, 0 %, 6995 MiB, 89.40 W, 2317 MHz, 12481 MHz, 35
2026/09/27 05:02:09.465, 0, 1 %, 8755 MiB, 92.00 W, 2362 MHz, 12481 MHz, 35
2026/09/27 05:02:09.465, 1, 0 %, 6995 MiB, 89.40 W, 2317 MHz, 12481 MHz, 35
2026/09/27 05:02:09.715, 0, 1 %, 8755 MiB, 91.86 W, 2362 MHz, 12481 MHz, 35
2026/09/27 05:02:09.715, 1, 0 %, 6995 MiB, 89.40 W, 2317 MHz, 12481 MHz, 35
2026/09/27 05:02:09.965, 0, 1 %, 8755 MiB, 91.89 W, 2362 MHz, 12481 MHz, 35
2026/09/27 05:02:09.965, 1, 0 %, 6995 MiB, 89.40 W, 2317 MHz, 12481 MHz, 35
2026/09/27 05:02:10.216, 0, 1 %, 8755 MiB, 91.87 W, 2362 MHz, 12481 MHz, 35
2026/09/27 05:02:10.216, 1, 0 %, 6995 MiB, 89.42 W, 2317 MHz, 12481 MHz, 35
2026/09/27 05:02:10.466, 0, 1 %, 8755 MiB, 91.78 W, 2362 MHz, 12481 MHz, 35
2026/09/27 05:02:10.466, 1, 0 %, 6995 MiB, 89.42 W, 2317 MHz, 12481 MHz, 35
2026/09/27 05:02:10.716, 0, 0 %, 8787 MiB, 91.71 W, 2362 MHz, 12481 MHz, 35
2026/09/27 05:02:10.716, 1, 0 %, 6995 MiB, 89.75 W, 2317 MHz, 12481 MHz, 35
2026/09/27 05:02:10.966, 0, 0 %, 8787 MiB, 91.63 W, 2362 MHz, 12481 MHz, 35
2026/09/27 05:02:10.966, 1, 0 %, 6995 MiB, 89.79 W, 2317 MHz, 12481 MHz, 35
2026/09/27 05:02:11.216, 0, 0 %, 8787 MiB, 91.47 W, 2362 MHz, 12481 MHz, 35
2026/09/27 05:02:11.216, 1, 0 %, 6995 MiB, 90.27 W, 2317 MHz, 12481 MHz, 35
2026/09/27 05:02:11.466, 0, 0 %, 8819 MiB, 91.46 W, 2362 MHz, 12481 MHz, 35
2026/09/27 05:02:11.466, 1, 0 %, 6995 MiB, 90.26 W, 2317 MHz, 12481 MHz, 35
2026/09/27 05:02:11.716, 0, 0 %, 8819 MiB, 91.45 W, 2362 MHz, 12481 MHz, 35
2026/09/27 05:02:11.716, 1, 0 %, 6995 MiB, 90.21 W, 2317 MHz, 12481 MHz, 35
2026/09/27 05:02:11.966, 0, 0 %, 8819 MiB, 91.43 W, 2362 MHz, 12481 MHz, 35
2026/09/27 05:02:11.966, 1, 0 %, 6995 MiB, 90.25 W, 2317 MHz, 12481 MHz, 35
2026/09/27 05:02:12.217, 0, 0 %, 8851 MiB, 91.49 W, 2362 MHz, 12481 MHz, 35
2026/09/27 05:02:12.217, 1, 0 %, 6995 MiB, 90.47 W, 2317 MHz, 12481 MHz, 35
2026/09/27 05:02:12.467, 0, 1 %, 8851 MiB, 91.51 W, 2362 MHz, 12481 MHz, 35
2026/09/27 05:02:12.467, 1, 0 %, 6995 MiB, 90.67 W, 2317 MHz, 12481 MHz, 35
2026/09/27 05:02:12.717, 0, 0 %, 8851 MiB, 91.50 W, 2362 MHz, 12481 MHz, 35
2026/09/27 05:02:12.717, 1, 0 %, 6995 MiB, 90.94 W, 2317 MHz, 12481 MHz, 35
2026/09/27 05:02:12.967, 0, 0 %, 8883 MiB, 91.58 W, 2362 MHz, 12481 MHz, 35
2026/09/27 05:02:12.967, 1, 0 %, 6995 MiB, 91.07 W, 2317 MHz, 12481 MHz, 35
2026/09/27 05:02:13.217, 0, 0 %, 8883 MiB, 91.55 W, 2362 MHz, 12481 MHz, 35
2026/09/27 05:02:13.217, 1, 0 %, 6995 MiB, 91.10 W, 2317 MHz, 12481 MHz, 35
2026/09/27 05:02:13.467, 0, 0 %, 8915 MiB, 91.55 W, 2362 MHz, 12481 MHz, 35
2026/09/27 05:02:13.467, 1, 0 %, 8723 MiB, 90.97 W, 2317 MHz, 12481 MHz, 35
2026/09/27 05:02:13.717, 0, 0 %, 8915 MiB, 91.61 W, 2362 MHz, 12481 MHz, 35
2026/09/27 05:02:13.717, 1, 1 %, 8723 MiB, 91.21 W, 2317 MHz, 12481 MHz, 35
2026/09/27 05:02:13.967, 0, 0 %, 8915 MiB, 91.58 W, 2362 MHz, 12481 MHz, 35
2026/09/27 05:02:13.967, 1, 1 %, 8723 MiB, 91.17 W, 2317 MHz, 12481 MHz, 35
2026/09/27 05:02:14.218, 0, 0 %, 8915 MiB, 91.55 W, 2362 MHz, 12481 MHz, 35
2026/09/27 05:02:14.218, 1, 1 %, 8723 MiB, 91.11 W, 2317 MHz, 12481 MHz, 35
2026/09/27 05:02:14.468, 0, 0 %, 8915 MiB, 91.59 W, 2362 MHz, 12481 MHz, 35
2026/09/27 05:02:14.468, 1, 1 %, 8723 MiB, 91.08 W, 2317 MHz, 12481 MHz, 35
2026/09/27 05:02:14.718, 0, 0 %, 8915 MiB, 91.60 W, 2362 MHz, 12481 MHz, 35
2026/09/27 05:02:14.718, 1, 1 %, 8723 MiB, 90.69 W, 2317 MHz, 12481 MHz, 35
2026/09/27 05:02:14.968, 0, 0 %, 8915 MiB, 91.60 W, 2362 MHz, 12481 MHz, 35
2026/09/27 05:02:14.968, 1, 1 %, 8723 MiB, 90.63 W, 2317 MHz, 12481 MHz, 35
2026/09/27 05:02:15.218, 0, 0 %, 8915 MiB, 91.60 W, 2362 MHz, 12481 MHz, 35
2026/09/27 05:02:15.218, 1, 1 %, 8723 MiB, 90.62 W, 2317 MHz, 12481 MHz, 35
2026/09/27 05:02:15.469, 0, 0 %, 8915 MiB, 91.60 W, 2362 MHz, 12481 MHz, 35
2026/09/27 05:02:15.469, 1, 1 %, 8723 MiB, 90.75 W, 2317 MHz, 12481 MHz, 35
2026/09/27 05:02:15.719, 0, 0 %, 8915 MiB, 90.22 W, 2362 MHz, 12481 MHz, 35
2026/09/27 05:02:15.719, 1, 1 %, 8723 MiB, 91.08 W, 2317 MHz, 12481 MHz, 35
2026/09/27 05:02:15.969, 0, 0 %, 8915 MiB, 90.22 W, 2362 MHz, 12481 MHz, 35
2026/09/27 05:02:15.969, 1, 1 %, 8723 MiB, 91.32 W, 2317 MHz, 12481 MHz, 35
2026/09/27 05:02:16.219, 0, 0 %, 8915 MiB, 90.22 W, 2362 MHz, 12481 MHz, 35
2026/09/27 05:02:16.219, 1, 1 %, 8723 MiB, 91.53 W, 2317 MHz, 12481 MHz, 35
2026/09/27 05:02:16.469, 0, 0 %, 8915 MiB, 90.22 W, 2362 MHz, 12481 MHz, 35
2026/09/27 05:02:16.469, 1, 1 %, 8723 MiB, 91.61 W, 2317 MHz, 12481 MHz, 35
2026/09/27 05:02:16.719, 0, 0 %, 8915 MiB, 89.71 W, 2362 MHz, 12481 MHz, 35
2026/09/27 05:02:16.719, 1, 1 %, 8723 MiB, 91.51 W, 2317 MHz, 12481 MHz, 35
2026/09/27 05:02:16.969, 0, 0 %, 8915 MiB, 89.71 W, 2362 MHz, 12481 MHz, 35
2026/09/27 05:02:16.969, 1, 1 %, 8723 MiB, 91.40 W, 2317 MHz, 12481 MHz, 35
2026/09/27 05:02:17.219, 0, 0 %, 8915 MiB, 90.04 W, 2362 MHz, 12481 MHz, 35
2026/09/27 05:02:17.219, 1, 0 %, 8755 MiB, 91.14 W, 2317 MHz, 12481 MHz, 35
2026/09/27 05:02:17.469, 0, 0 %, 8915 MiB, 90.19 W, 2362 MHz, 12481 MHz, 35
2026/09/27 05:02:17.469, 1, 0 %, 8755 MiB, 90.89 W, 2317 MHz, 12481 MHz, 35
2026/09/27 05:02:17.719, 0, 0 %, 8915 MiB, 90.88 W, 2362 MHz, 12481 MHz, 35
2026/09/27 05:02:17.719, 1, 0 %, 8787 MiB, 90.55 W, 2317 MHz, 12481 MHz, 35
2026/09/27 05:02:17.970, 0, 0 %, 8915 MiB, 90.99 W, 2362 MHz, 12481 MHz, 35
2026/09/27 05:02:17.970, 1, 0 %, 8787 MiB, 90.36 W, 2317 MHz, 12481 MHz, 35
2026/09/27 05:02:18.220, 0, 0 %, 8915 MiB, 91.50 W, 2362 MHz, 12481 MHz, 35
2026/09/27 05:02:18.220, 1, 0 %, 8787 MiB, 90.21 W, 2317 MHz, 12481 MHz, 35
2026/09/27 05:02:18.470, 0, 0 %, 8915 MiB, 91.48 W, 2362 MHz, 12481 MHz, 35
2026/09/27 05:02:18.470, 1, 0 %, 8819 MiB, 90.21 W, 2317 MHz, 12481 MHz, 35
2026/09/27 05:02:18.720, 0, 0 %, 8915 MiB, 91.52 W, 2362 MHz, 12481 MHz, 35
2026/09/27 05:02:18.720, 1, 0 %, 8819 MiB, 90.27 W, 2317 MHz, 12481 MHz, 35
2026/09/27 05:02:18.970, 0, 0 %, 8915 MiB, 91.51 W, 2362 MHz, 12481 MHz, 35
2026/09/27 05:02:18.970, 1, 0 %, 8851 MiB, 90.49 W, 2317 MHz, 12481 MHz, 35
2026/09/27 05:02:19.220, 0, 0 %, 8915 MiB, 91.56 W, 2362 MHz, 12481 MHz, 35
2026/09/27 05:02:19.220, 1, 0 %, 8851 MiB, 90.86 W, 2317 MHz, 12481 MHz, 35
2026/09/27 05:02:19.470, 0, 0 %, 10643 MiB, 91.82 W, 2362 MHz, 12481 MHz, 35
2026/09/27 05:02:19.470, 1, 0 %, 8883 MiB, 91.07 W, 2317 MHz, 12481 MHz, 35
2026/09/27 05:02:19.720, 0, 1 %, 10643 MiB, 91.89 W, 2355 MHz, 12481 MHz, 35
2026/09/27 05:02:19.720, 1, 0 %, 8883 MiB, 91.29 W, 2317 MHz, 12481 MHz, 35
2026/09/27 05:02:19.971, 0, 1 %, 10643 MiB, 91.98 W, 2355 MHz, 12481 MHz, 35
2026/09/27 05:02:19.971, 1, 0 %, 8883 MiB, 91.22 W, 2317 MHz, 12481 MHz, 35
2026/09/27 05:02:20.221, 0, 1 %, 10643 MiB, 92.07 W, 2355 MHz, 12481 MHz, 35
2026/09/27 05:02:20.221, 1, 0 %, 8883 MiB, 91.05 W, 2317 MHz, 12481 MHz, 35
2026/09/27 05:02:20.471, 0, 1 %, 10643 MiB, 91.87 W, 2355 MHz, 12481 MHz, 35
2026/09/27 05:02:20.471, 1, 0 %, 8883 MiB, 90.98 W, 2317 MHz, 12481 MHz, 35
2026/09/27 05:02:20.721, 0, 1 %, 10643 MiB, 91.94 W, 2355 MHz, 12481 MHz, 35
2026/09/27 05:02:20.721, 1, 0 %, 8883 MiB, 90.98 W, 2317 MHz, 12481 MHz, 35
2026/09/27 05:02:20.971, 0, 1 %, 10643 MiB, 91.93 W, 2355 MHz, 12481 MHz, 35
2026/09/27 05:02:20.971, 1, 0 %, 8883 MiB, 90.98 W, 2317 MHz, 12481 MHz, 35
2026/09/27 05:02:21.221, 0, 1 %, 10643 MiB, 91.90 W, 2355 MHz, 12481 MHz, 35
2026/09/27 05:02:21.221, 1, 0 %, 8883 MiB, 90.98 W, 2317 MHz, 12481 MHz, 35
2026/09/27 05:02:21.471, 0, 0 %, 10643 MiB, 91.91 W, 2355 MHz, 12481 MHz, 35
2026/09/27 05:02:21.471, 1, 0 %, 8883 MiB, 90.96 W, 2317 MHz, 12481 MHz, 35
2026/09/27 05:02:21.721, 0, 1 %, 10643 MiB, 91.85 W, 2355 MHz, 12481 MHz, 35
2026/09/27 05:02:21.721, 1, 0 %, 8883 MiB, 90.96 W, 2317 MHz, 12481 MHz, 35
2026/09/27 05:02:21.971, 0, 1 %, 10643 MiB, 91.79 W, 2355 MHz, 12481 MHz, 35
2026/09/27 05:02:21.971, 1, 0 %, 8883 MiB, 90.96 W, 2317 MHz, 12481 MHz, 35
2026/09/27 05:02:22.222, 0, 1 %, 10643 MiB, 91.87 W, 2355 MHz, 12481 MHz, 35
2026/09/27 05:02:22.222, 1, 0 %, 8883 MiB, 90.96 W, 2317 MHz, 12481 MHz, 35
2026/09/27 05:02:22.472, 0, 1 %, 10643 MiB, 91.89 W, 2355 MHz, 12481 MHz, 35
2026/09/27 05:02:22.472, 1, 0 %, 8883 MiB, 91.86 W, 2317 MHz, 12481 MHz, 35
2026/09/27 05:02:22.722, 0, 1 %, 10643 MiB, 91.92 W, 2355 MHz, 12481 MHz, 35
2026/09/27 05:02:22.722, 1, 0 %, 8883 MiB, 91.86 W, 2317 MHz, 12481 MHz, 35
2026/09/27 05:02:22.972, 0, 1 %, 10643 MiB, 91.96 W, 2355 MHz, 12481 MHz, 35
2026/09/27 05:02:22.972, 1, 0 %, 8883 MiB, 91.86 W, 2317 MHz, 12481 MHz, 35
2026/09/27 05:02:23.222, 0, 1 %, 10643 MiB, 91.90 W, 2355 MHz, 12481 MHz, 35
2026/09/27 05:02:23.222, 1, 0 %, 8883 MiB, 91.86 W, 2317 MHz, 12481 MHz, 35
2026/09/27 05:02:23.472, 0, 1 %, 10643 MiB, 91.88 W, 2355 MHz, 12481 MHz, 35
2026/09/27 05:02:23.472, 1, 0 %, 8883 MiB, 91.62 W, 2317 MHz, 12481 MHz, 35
2026/09/27 05:02:23.722, 0, 0 %, 10643 MiB, 91.81 W, 2355 MHz, 12481 MHz, 35
2026/09/27 05:02:23.722, 1, 0 %, 8883 MiB, 91.62 W, 2317 MHz, 12481 MHz, 35
2026/09/27 05:02:23.972, 0, 0 %, 10643 MiB, 91.70 W, 2355 MHz, 12481 MHz, 35
2026/09/27 05:02:23.972, 1, 0 %, 8883 MiB, 91.62 W, 2317 MHz, 12481 MHz, 35
2026/09/27 05:02:24.222, 0, 0 %, 10675 MiB, 91.59 W, 2355 MHz, 12481 MHz, 35
2026/09/27 05:02:24.223, 1, 0 %, 8883 MiB, 91.62 W, 2317 MHz, 12481 MHz, 35
2026/09/27 05:02:24.473, 0, 1 %, 10675 MiB, 91.58 W, 2355 MHz, 12481 MHz, 35
2026/09/27 05:02:24.473, 1, 0 %, 8883 MiB, 89.17 W, 2317 MHz, 12481 MHz, 35
2026/09/27 05:02:24.723, 0, 0 %, 10675 MiB, 91.50 W, 2355 MHz, 12481 MHz, 35
2026/09/27 05:02:24.723, 1, 0 %, 8883 MiB, 89.41 W, 2317 MHz, 12481 MHz, 35
2026/09/27 05:02:24.973, 0, 0 %, 10707 MiB, 91.54 W, 2355 MHz, 12481 MHz, 35
2026/09/27 05:02:24.973, 1, 0 %, 8883 MiB, 89.51 W, 2317 MHz, 12481 MHz, 35
2026/09/27 05:02:25.223, 0, 0 %, 10707 MiB, 91.62 W, 2355 MHz, 12481 MHz, 35
2026/09/27 05:02:25.223, 1, 0 %, 8883 MiB, 89.62 W, 2317 MHz, 12481 MHz, 35
2026/09/27 05:02:25.473, 0, 0 %, 10707 MiB, 91.53 W, 2355 MHz, 12481 MHz, 35
2026/09/27 05:02:25.473, 1, 0 %, 8883 MiB, 90.27 W, 2317 MHz, 12481 MHz, 35
2026/09/27 05:02:25.723, 0, 1 %, 10739 MiB, 91.61 W, 2355 MHz, 12481 MHz, 35
2026/09/27 05:02:25.723, 1, 0 %, 8883 MiB, 90.45 W, 2317 MHz, 12481 MHz, 35
2026/09/27 05:02:25.973, 0, 0 %, 10771 MiB, 91.58 W, 2355 MHz, 12481 MHz, 35
2026/09/27 05:02:25.973, 1, 0 %, 8883 MiB, 90.67 W, 2317 MHz, 12481 MHz, 35
2026/09/27 05:02:26.223, 0, 0 %, 10771 MiB, 91.56 W, 2355 MHz, 12481 MHz, 35
2026/09/27 05:02:26.224, 1, 0 %, 10611 MiB, 91.43 W, 2317 MHz, 12481 MHz, 35
2026/09/27 05:02:26.474, 0, 0 %, 10771 MiB, 91.59 W, 2355 MHz, 12481 MHz, 35
2026/09/27 05:02:26.474, 1, 2 %, 10611 MiB, 91.67 W, 2317 MHz, 12481 MHz, 35
2026/09/27 05:02:26.724, 0, 0 %, 10771 MiB, 91.54 W, 2355 MHz, 12481 MHz, 35
2026/09/27 05:02:26.724, 1, 2 %, 10611 MiB, 91.93 W, 2317 MHz, 12481 MHz, 35
2026/09/27 05:02:26.974, 0, 0 %, 10771 MiB, 91.53 W, 2355 MHz, 12481 MHz, 35
2026/09/27 05:02:26.974, 1, 1 %, 10611 MiB, 92.04 W, 2317 MHz, 12481 MHz, 35
2026/09/27 05:02:27.224, 0, 0 %, 10771 MiB, 91.53 W, 2355 MHz, 12481 MHz, 35
2026/09/27 05:02:27.224, 1, 1 %, 10611 MiB, 91.73 W, 2317 MHz, 12481 MHz, 35
2026/09/27 05:02:27.474, 0, 0 %, 10771 MiB, 91.53 W, 2355 MHz, 12481 MHz, 35
2026/09/27 05:02:27.474, 1, 2 %, 10611 MiB, 91.47 W, 2317 MHz, 12481 MHz, 35
2026/09/27 05:02:27.724, 0, 0 %, 10771 MiB, 91.53 W, 2355 MHz, 12481 MHz, 35
2026/09/27 05:02:27.725, 1, 1 %, 10611 MiB, 91.31 W, 2317 MHz, 12481 MHz, 35
2026/09/27 05:02:27.975, 0, 0 %, 10771 MiB, 91.53 W, 2355 MHz, 12481 MHz, 35
2026/09/27 05:02:27.975, 1, 1 %, 10611 MiB, 91.07 W, 2317 MHz, 12481 MHz, 35
2026/09/27 05:02:28.225, 0, 0 %, 10771 MiB, 90.29 W, 2355 MHz, 12481 MHz, 35
2026/09/27 05:02:28.225, 1, 1 %, 10611 MiB, 90.87 W, 2317 MHz, 12481 MHz, 35
2026/09/27 05:02:28.475, 0, 0 %, 10771 MiB, 90.29 W, 2355 MHz, 12481 MHz, 35
2026/09/27 05:02:28.475, 1, 0 %, 10611 MiB, 90.65 W, 2317 MHz, 12481 MHz, 35
2026/09/27 05:02:28.725, 0, 0 %, 10771 MiB, 90.29 W, 2355 MHz, 12481 MHz, 35
2026/09/27 05:02:28.725, 1, 1 %, 10611 MiB, 90.60 W, 2317 MHz, 12481 MHz, 35
2026/09/27 05:02:28.975, 0, 0 %, 10771 MiB, 90.29 W, 2355 MHz, 12481 MHz, 35
2026/09/27 05:02:28.975, 1, 0 %, 10611 MiB, 90.54 W, 2317 MHz, 12481 MHz, 35
2026/09/27 05:02:29.226, 0, 0 %, 10771 MiB, 89.71 W, 2355 MHz, 12481 MHz, 35
2026/09/27 05:02:29.226, 1, 0 %, 10611 MiB, 90.69 W, 2317 MHz, 12481 MHz, 35
2026/09/27 05:02:29.476, 0, 0 %, 10771 MiB, 89.71 W, 2355 MHz, 12481 MHz, 35
2026/09/27 05:02:29.476, 1, 1 %, 10611 MiB, 91.01 W, 2317 MHz, 12481 MHz, 35
2026/09/27 05:02:29.726, 0, 0 %, 10771 MiB, 89.71 W, 2355 MHz, 12481 MHz, 35
2026/09/27 05:02:29.726, 1, 0 %, 10611 MiB, 91.09 W, 2317 MHz, 12481 MHz, 35
2026/09/27 05:02:29.976, 0, 0 %, 10771 MiB, 89.71 W, 2355 MHz, 12481 MHz, 35
2026/09/27 05:02:29.976, 1, 0 %, 10611 MiB, 91.25 W, 2317 MHz, 12481 MHz, 35
2026/09/27 05:02:30.226, 0, 0 %, 10771 MiB, 89.94 W, 2355 MHz, 12481 MHz, 35
2026/09/27 05:02:30.226, 1, 0 %, 10643 MiB, 91.17 W, 2317 MHz, 12481 MHz, 35
2026/09/27 05:02:30.476, 0, 0 %, 10771 MiB, 90.30 W, 2355 MHz, 12481 MHz, 35
2026/09/27 05:02:30.476, 1, 0 %, 10643 MiB, 90.95 W, 2317 MHz, 12481 MHz, 35
2026/09/27 05:02:30.726, 0, 0 %, 10771 MiB, 90.48 W, 2355 MHz, 12481 MHz, 35
2026/09/27 05:02:30.727, 1, 0 %, 10675 MiB, 90.85 W, 2317 MHz, 12481 MHz, 35
2026/09/27 05:02:30.977, 0, 0 %, 10771 MiB, 90.65 W, 2355 MHz, 12481 MHz, 35
2026/09/27 05:02:30.977, 1, 0 %, 10675 MiB, 90.67 W, 2317 MHz, 12481 MHz, 35
2026/09/27 05:02:31.227, 0, 0 %, 10771 MiB, 91.56 W, 2355 MHz, 12481 MHz, 35
2026/09/27 05:02:31.227, 1, 0 %, 10675 MiB, 90.56 W, 2317 MHz, 12481 MHz, 35
2026/09/27 05:02:31.477, 0, 0 %, 10771 MiB, 91.60 W, 2355 MHz, 12481 MHz, 35
2026/09/27 05:02:31.477, 1, 0 %, 10739 MiB, 90.45 W, 2317 MHz, 12481 MHz, 35
2026/09/27 05:02:31.727, 0, 0 %, 12499 MiB, 91.54 W, 2355 MHz, 12481 MHz, 35
2026/09/27 05:02:31.727, 1, 0 %, 10739 MiB, 90.39 W, 2317 MHz, 12481 MHz, 35
2026/09/27 05:02:31.977, 0, 1 %, 12499 MiB, 92.09 W, 2355 MHz, 12481 MHz, 35
2026/09/27 05:02:31.977, 1, 0 %, 10739 MiB, 90.36 W, 2317 MHz, 12481 MHz, 35
2026/09/27 05:02:32.227, 0, 1 %, 12499 MiB, 92.24 W, 2355 MHz, 12481 MHz, 35
2026/09/27 05:02:32.227, 1, 0 %, 10739 MiB, 90.37 W, 2317 MHz, 12481 MHz, 35
2026/09/27 05:02:32.477, 0, 1 %, 12499 MiB, 92.31 W, 2355 MHz, 12481 MHz, 35
2026/09/27 05:02:32.478, 1, 0 %, 10739 MiB, 90.51 W, 2317 MHz, 12481 MHz, 35
2026/09/27 05:02:32.728, 0, 1 %, 12499 MiB, 92.45 W, 2355 MHz, 12481 MHz, 35
2026/09/27 05:02:32.728, 1, 0 %, 10739 MiB, 90.73 W, 2317 MHz, 12481 MHz, 35
2026/09/27 05:02:32.978, 0, 1 %, 12499 MiB, 92.10 W, 2355 MHz, 12481 MHz, 35
2026/09/27 05:02:32.978, 1, 0 %, 10739 MiB, 90.75 W, 2317 MHz, 12481 MHz, 35
2026/09/27 05:02:33.228, 0, 1 %, 12499 MiB, 92.06 W, 2355 MHz, 12481 MHz, 35
2026/09/27 05:02:33.228, 1, 0 %, 10739 MiB, 90.75 W, 2317 MHz, 12481 MHz, 35
2026/09/27 05:02:33.478, 0, 1 %, 12499 MiB, 92.18 W, 2355 MHz, 12481 MHz, 35
2026/09/27 05:02:33.478, 1, 0 %, 10739 MiB, 90.75 W, 2317 MHz, 12481 MHz, 35
2026/09/27 05:02:33.728, 0, 1 %, 12499 MiB, 92.18 W, 2355 MHz, 12481 MHz, 35
2026/09/27 05:02:33.728, 1, 0 %, 10739 MiB, 90.75 W, 2317 MHz, 12481 MHz, 35
2026/09/27 05:02:33.978, 0, 1 %, 12499 MiB, 92.23 W, 2355 MHz, 12481 MHz, 35
2026/09/27 05:02:33.978, 1, 0 %, 10739 MiB, 89.42 W, 2317 MHz, 12481 MHz, 35
2026/09/27 05:02:34.228, 0, 0 %, 12499 MiB, 92.16 W, 2355 MHz, 12481 MHz, 35
2026/09/27 05:02:34.228, 1, 0 %, 10739 MiB, 89.42 W, 2317 MHz, 12481 MHz, 35
2026/09/27 05:02:34.479, 0, 1 %, 12499 MiB, 92.10 W, 2355 MHz, 12481 MHz, 35
2026/09/27 05:02:34.479, 1, 0 %, 10739 MiB, 89.42 W, 2317 MHz, 12481 MHz, 35
2026/09/27 05:02:34.729, 0, 1 %, 12499 MiB, 92.13 W, 2355 MHz, 12481 MHz, 35
2026/09/27 05:02:34.729, 1, 0 %, 10739 MiB, 89.42 W, 2317 MHz, 12481 MHz, 35
2026/09/27 05:02:34.979, 0, 1 %, 12499 MiB, 92.07 W, 2355 MHz, 12481 MHz, 35
2026/09/27 05:02:34.979, 1, 0 %, 10739 MiB, 88.93 W, 2317 MHz, 12481 MHz, 35
2026/09/27 05:02:35.229, 0, 1 %, 12499 MiB, 92.05 W, 2355 MHz, 12481 MHz, 35
2026/09/27 05:02:35.229, 1, 0 %, 10739 MiB, 88.93 W, 2317 MHz, 12481 MHz, 35
2026/09/27 05:02:35.479, 0, 0 %, 12531 MiB, 91.92 W, 2355 MHz, 12481 MHz, 35
2026/09/27 05:02:35.479, 1, 0 %, 10739 MiB, 88.82 W, 2317 MHz, 12481 MHz, 35
2026/09/27 05:02:35.729, 0, 0 %, 12531 MiB, 91.82 W, 2355 MHz, 12481 MHz, 35
2026/09/27 05:02:35.729, 1, 0 %, 10739 MiB, 89.00 W, 2317 MHz, 12481 MHz, 35
2026/09/27 05:02:35.979, 0, 0 %, 12531 MiB, 91.68 W, 2355 MHz, 12481 MHz, 35
2026/09/27 05:02:35.979, 1, 0 %, 10739 MiB, 89.90 W, 2317 MHz, 12481 MHz, 35
2026/09/27 05:02:36.229, 0, 0 %, 12563 MiB, 91.67 W, 2355 MHz, 12481 MHz, 35
2026/09/27 05:02:36.229, 1, 0 %, 10739 MiB, 90.09 W, 2317 MHz, 12481 MHz, 35
2026/09/27 05:02:36.479, 0, 0 %, 12563 MiB, 91.67 W, 2355 MHz, 12481 MHz, 35
2026/09/27 05:02:36.479, 1, 0 %, 10739 MiB, 91.03 W, 2317 MHz, 12481 MHz, 35
2026/09/27 05:02:36.730, 0, 0 %, 12563 MiB, 91.63 W, 2355 MHz, 12481 MHz, 35
2026/09/27 05:02:36.730, 1, 0 %, 10739 MiB, 91.14 W, 2317 MHz, 12481 MHz, 35
2026/09/27 05:02:36.980, 0, 0 %, 12595 MiB, 91.65 W, 2355 MHz, 12481 MHz, 35
2026/09/27 05:02:36.980, 1, 0 %, 10739 MiB, 91.20 W, 2317 MHz, 12481 MHz, 35
2026/09/27 05:02:37.230, 0, 0 %, 12595 MiB, 91.64 W, 2355 MHz, 12481 MHz, 35
2026/09/27 05:02:37.230, 1, 0 %, 10739 MiB, 91.13 W, 2317 MHz, 12481 MHz, 35
2026/09/27 05:02:37.480, 0, 0 %, 12595 MiB, 91.61 W, 2355 MHz, 12481 MHz, 35
2026/09/27 05:02:37.480, 1, 0 %, 10739 MiB, 90.97 W, 2317 MHz, 12481 MHz, 35
2026/09/27 05:02:37.730, 0, 0 %, 12659 MiB, 91.66 W, 2355 MHz, 12481 MHz, 36
2026/09/27 05:02:37.730, 1, 0 %, 10739 MiB, 90.83 W, 2317 MHz, 12481 MHz, 35
2026/09/27 05:02:37.980, 0, 0 %, 12659 MiB, 91.66 W, 2355 MHz, 12481 MHz, 35
2026/09/27 05:02:37.980, 1, 0 %, 10739 MiB, 90.61 W, 2317 MHz, 12481 MHz, 35
2026/09/27 05:02:38.230, 0, 0 %, 12659 MiB, 91.66 W, 2355 MHz, 12481 MHz, 35
2026/09/27 05:02:38.230, 1, 0 %, 12467 MiB, 91.12 W, 2317 MHz, 12481 MHz, 35
2026/09/27 05:02:38.481, 0, 0 %, 12659 MiB, 91.72 W, 2355 MHz, 12481 MHz, 35
2026/09/27 05:02:38.481, 1, 1 %, 12467 MiB, 91.12 W, 2317 MHz, 12481 MHz, 35
2026/09/27 05:02:38.731, 0, 0 %, 12659 MiB, 91.67 W, 2355 MHz, 12481 MHz, 35
2026/09/27 05:02:38.731, 1, 1 %, 12467 MiB, 91.15 W, 2317 MHz, 12481 MHz, 35
2026/09/27 05:02:38.981, 0, 0 %, 12659 MiB, 91.64 W, 2355 MHz, 12481 MHz, 35
2026/09/27 05:02:38.981, 1, 1 %, 12467 MiB, 91.25 W, 2317 MHz, 12481 MHz, 35
2026/09/27 05:02:39.231, 0, 0 %, 12659 MiB, 91.68 W, 2355 MHz, 12481 MHz, 35
2026/09/27 05:02:39.231, 1, 1 %, 12467 MiB, 90.75 W, 2317 MHz, 12481 MHz, 35
2026/09/27 05:02:39.481, 0, 0 %, 12659 MiB, 91.68 W, 2355 MHz, 12481 MHz, 35
2026/09/27 05:02:39.481, 1, 1 %, 12467 MiB, 90.94 W, 2317 MHz, 12481 MHz, 35
2026/09/27 05:02:39.731, 0, 0 %, 12659 MiB, 91.68 W, 2355 MHz, 12481 MHz, 35
2026/09/27 05:02:39.732, 1, 1 %, 12467 MiB, 91.15 W, 2317 MHz, 12481 MHz, 35
2026/09/27 05:02:39.982, 0, 0 %, 12659 MiB, 91.68 W, 2355 MHz, 12481 MHz, 35
2026/09/27 05:02:39.982, 1, 1 %, 12467 MiB, 91.45 W, 2317 MHz, 12481 MHz, 35
2026/09/27 05:02:40.232, 0, 0 %, 12659 MiB, 90.20 W, 2355 MHz, 12481 MHz, 35
2026/09/27 05:02:40.232, 1, 1 %, 12467 MiB, 91.55 W, 2317 MHz, 12481 MHz, 35
2026/09/27 05:02:40.482, 0, 0 %, 12659 MiB, 90.20 W, 2355 MHz, 12481 MHz, 35
2026/09/27 05:02:40.482, 1, 1 %, 12467 MiB, 91.62 W, 2317 MHz, 12481 MHz, 35
2026/09/27 05:02:40.732, 0, 0 %, 12659 MiB, 90.20 W, 2355 MHz, 12481 MHz, 35
2026/09/27 05:02:40.732, 1, 1 %, 12467 MiB, 91.51 W, 2317 MHz, 12481 MHz, 35
2026/09/27 05:02:40.982, 0, 0 %, 12659 MiB, 90.20 W, 2355 MHz, 12481 MHz, 35
2026/09/27 05:02:40.982, 1, 2 %, 12467 MiB, 91.39 W, 2317 MHz, 12481 MHz, 35
2026/09/27 05:02:41.232, 0, 0 %, 12659 MiB, 90.25 W, 2355 MHz, 12481 MHz, 35
2026/09/27 05:02:41.232, 1, 1 %, 12467 MiB, 91.29 W, 2317 MHz, 12481 MHz, 35
2026/09/27 05:02:41.483, 0, 0 %, 12659 MiB, 90.25 W, 2355 MHz, 12481 MHz, 35
2026/09/27 05:02:41.483, 1, 1 %, 12467 MiB, 91.03 W, 2317 MHz, 12481 MHz, 35
2026/09/27 05:02:41.733, 0, 0 %, 12659 MiB, 90.25 W, 2355 MHz, 12481 MHz, 35
2026/09/27 05:02:41.733, 1, 1 %, 12467 MiB, 90.94 W, 2317 MHz, 12481 MHz, 35
2026/09/27 05:02:41.983, 0, 0 %, 12659 MiB, 90.92 W, 2355 MHz, 12481 MHz, 35
2026/09/27 05:02:41.983, 1, 1 %, 12499 MiB, 90.71 W, 2317 MHz, 12481 MHz, 35
2026/09/27 05:02:42.233, 0, 0 %, 12659 MiB, 91.64 W, 2355 MHz, 12481 MHz, 35
2026/09/27 05:02:42.233, 1, 0 %, 12499 MiB, 90.56 W, 2317 MHz, 12481 MHz, 35
2026/09/27 05:02:42.483, 0, 0 %, 12659 MiB, 91.61 W, 2355 MHz, 12481 MHz, 36
2026/09/27 05:02:42.483, 1, 0 %, 12499 MiB, 90.42 W, 2317 MHz, 12481 MHz, 35
2026/09/27 05:02:42.733, 0, 0 %, 12659 MiB, 91.63 W, 2355 MHz, 12481 MHz, 35
2026/09/27 05:02:42.733, 1, 0 %, 12531 MiB, 90.38 W, 2317 MHz, 12481 MHz, 35
2026/09/27 05:02:42.983, 0, 0 %, 12659 MiB, 91.56 W, 2355 MHz, 12481 MHz, 35
2026/09/27 05:02:42.983, 1, 0 %, 12531 MiB, 90.56 W, 2317 MHz, 12481 MHz, 35
2026/09/27 05:02:43.233, 0, 0 %, 12659 MiB, 91.57 W, 2355 MHz, 12481 MHz, 35
2026/09/27 05:02:43.233, 1, 0 %, 12531 MiB, 90.78 W, 2317 MHz, 12481 MHz, 35
2026/09/27 05:02:43.484, 0, 0 %, 12659 MiB, 91.64 W, 2355 MHz, 12481 MHz, 35
2026/09/27 05:02:43.484, 1, 0 %, 12563 MiB, 91.11 W, 2317 MHz, 12481 MHz, 35
2026/09/27 05:02:43.734, 0, 0 %, 12659 MiB, 91.59 W, 2355 MHz, 12481 MHz, 35
2026/09/27 05:02:43.734, 1, 0 %, 12563 MiB, 91.26 W, 2317 MHz, 12481 MHz, 35
2026/09/27 05:02:43.984, 0, 0 %, 12659 MiB, 91.61 W, 2355 MHz, 12481 MHz, 35
2026/09/27 05:02:43.984, 1, 0 %, 12595 MiB, 91.23 W, 2317 MHz, 12481 MHz, 35
2026/09/27 05:02:44.234, 0, 0 %, 12659 MiB, 91.62 W, 2355 MHz, 12481 MHz, 35
2026/09/27 05:02:44.234, 1, 1 %, 12627 MiB, 91.16 W, 2317 MHz, 12481 MHz, 35
2026/09/27 05:02:44.484, 0, 2 %, 14387 MiB, 91.93 W, 2355 MHz, 12481 MHz, 36
2026/09/27 05:02:44.484, 1, 0 %, 12627 MiB, 91.05 W, 2317 MHz, 12481 MHz, 35
2026/09/27 05:02:44.734, 0, 1 %, 14387 MiB, 92.09 W, 2355 MHz, 12481 MHz, 35
2026/09/27 05:02:44.734, 1, 0 %, 12627 MiB, 90.89 W, 2317 MHz, 12481 MHz, 35
2026/09/27 05:02:44.984, 0, 1 %, 14387 MiB, 92.20 W, 2355 MHz, 12481 MHz, 35
2026/09/27 05:02:44.984, 1, 0 %, 12627 MiB, 90.70 W, 2317 MHz, 12481 MHz, 35
2026/09/27 05:02:45.235, 0, 1 %, 14387 MiB, 92.23 W, 2355 MHz, 12481 MHz, 35
2026/09/27 05:02:45.235, 1, 0 %, 12627 MiB, 90.56 W, 2317 MHz, 12481 MHz, 35
2026/09/27 05:02:45.485, 0, 0 %, 14387 MiB, 92.00 W, 2355 MHz, 12481 MHz, 35
2026/09/27 05:02:45.485, 1, 0 %, 12627 MiB, 90.43 W, 2317 MHz, 12481 MHz, 35
2026/09/27 05:02:45.735, 0, 0 %, 14387 MiB, 91.92 W, 2355 MHz, 12481 MHz, 36
2026/09/27 05:02:45.735, 1, 0 %, 12627 MiB, 90.43 W, 2317 MHz, 12481 MHz, 35
2026/09/27 05:02:45.985, 0, 1 %, 14387 MiB, 91.82 W, 2355 MHz, 12481 MHz, 35
2026/09/27 05:02:45.985, 1, 0 %, 12627 MiB, 90.43 W, 2317 MHz, 12481 MHz, 35
2026/09/27 05:02:46.235, 0, 0 %, 14387 MiB, 91.85 W, 2355 MHz, 12481 MHz, 35
2026/09/27 05:02:46.235, 1, 0 %, 12627 MiB, 90.43 W, 2317 MHz, 12481 MHz, 35
2026/09/27 05:02:46.485, 0, 1 %, 14387 MiB, 91.85 W, 2355 MHz, 12481 MHz, 35
2026/09/27 05:02:46.485, 1, 0 %, 12627 MiB, 91.38 W, 2317 MHz, 12481 MHz, 35
2026/09/27 05:02:46.735, 0, 1 %, 14387 MiB, 91.87 W, 2355 MHz, 12481 MHz, 35
2026/09/27 05:02:46.736, 1, 0 %, 12627 MiB, 91.38 W, 2317 MHz, 12481 MHz, 35
2026/09/27 05:02:46.986, 0, 1 %, 14387 MiB, 91.95 W, 2355 MHz, 12481 MHz, 35
2026/09/27 05:02:46.986, 1, 0 %, 12627 MiB, 91.38 W, 2317 MHz, 12481 MHz, 35
2026/09/27 05:02:47.236, 0, 1 %, 14387 MiB, 91.93 W, 2355 MHz, 12481 MHz, 36
2026/09/27 05:02:47.236, 1, 0 %, 12627 MiB, 91.38 W, 2317 MHz, 12481 MHz, 35
2026/09/27 05:02:47.486, 0, 0 %, 14387 MiB, 91.89 W, 2355 MHz, 12481 MHz, 35
2026/09/27 05:02:47.486, 1, 0 %, 12627 MiB, 91.13 W, 2317 MHz, 12481 MHz, 35
2026/09/27 05:02:47.736, 0, 0 %, 14387 MiB, 91.91 W, 2355 MHz, 12481 MHz, 35
2026/09/27 05:02:47.736, 1, 0 %, 12627 MiB, 91.13 W, 2317 MHz, 12481 MHz, 35
2026/09/27 05:02:47.986, 0, 0 %, 14387 MiB, 91.87 W, 2355 MHz, 12481 MHz, 35
2026/09/27 05:02:47.986, 1, 0 %, 12627 MiB, 91.13 W, 2317 MHz, 12481 MHz, 35
2026/09/27 05:02:48.236, 0, 0 %, 14387 MiB, 91.87 W, 2355 MHz, 12481 MHz, 35
2026/09/27 05:02:48.236, 1, 0 %, 12627 MiB, 91.13 W, 2317 MHz, 12481 MHz, 35
2026/09/27 05:02:48.487, 0, 1 %, 14387 MiB, 91.92 W, 2355 MHz, 12481 MHz, 35
2026/09/27 05:02:48.487, 1, 0 %, 12627 MiB, 90.64 W, 2317 MHz, 12481 MHz, 35
2026/09/27 05:02:48.737, 0, 1 %, 14387 MiB, 91.91 W, 2355 MHz, 12481 MHz, 36
2026/09/27 05:02:48.737, 1, 0 %, 12627 MiB, 90.64 W, 2317 MHz, 12481 MHz, 35
2026/09/27 05:02:48.987, 0, 1 %, 14387 MiB, 92.00 W, 2355 MHz, 12481 MHz, 36
2026/09/27 05:02:48.987, 1, 0 %, 12627 MiB, 90.64 W, 2317 MHz, 12481 MHz, 35
2026/09/27 05:02:49.237, 0, 1 %, 14387 MiB, 92.04 W, 2355 MHz, 12481 MHz, 35
2026/09/27 05:02:49.237, 1, 0 %, 12627 MiB, 90.64 W, 2317 MHz, 12481 MHz, 35
2026/09/27 05:02:49.487, 0, 1 %, 14387 MiB, 92.01 W, 2355 MHz, 12481 MHz, 35
2026/09/27 05:02:49.487, 1, 0 %, 12627 MiB, 91.38 W, 2317 MHz, 12481 MHz, 35
2026/09/27 05:02:49.737, 0, 1 %, 14387 MiB, 92.05 W, 2355 MHz, 12481 MHz, 35
2026/09/27 05:02:49.737, 1, 0 %, 12627 MiB, 91.38 W, 2317 MHz, 12481 MHz, 35
2026/09/27 05:02:49.987, 0, 1 %, 14387 MiB, 92.01 W, 2355 MHz, 12481 MHz, 35
2026/09/27 05:02:49.987, 1, 0 %, 12627 MiB, 91.38 W, 2317 MHz, 12481 MHz, 35
2026/09/27 05:02:50.238, 0, 1 %, 14387 MiB, 91.97 W, 2355 MHz, 12481 MHz, 35
2026/09/27 05:02:50.238, 1, 0 %, 12627 MiB, 91.38 W, 2317 MHz, 12481 MHz, 35
2026/09/27 05:02:50.488, 0, 0 %, 14419 MiB, 91.90 W, 2355 MHz, 12481 MHz, 36
2026/09/27 05:02:50.488, 1, 0 %, 12627 MiB, 90.13 W, 2317 MHz, 12481 MHz, 35
2026/09/27 05:02:50.738, 0, 0 %, 14419 MiB, 91.81 W, 2355 MHz, 12481 MHz, 35
2026/09/27 05:02:50.738, 1, 0 %, 12627 MiB, 90.31 W, 2317 MHz, 12481 MHz, 35
2026/09/27 05:02:50.988, 0, 0 %, 14419 MiB, 91.68 W, 2355 MHz, 12481 MHz, 35
2026/09/27 05:02:50.988, 1, 0 %, 12627 MiB, 90.44 W, 2317 MHz, 12481 MHz, 35
2026/09/27 05:02:51.238, 0, 1 %, 14451 MiB, 91.70 W, 2355 MHz, 12481 MHz, 35
2026/09/27 05:02:51.238, 1, 0 %, 12627 MiB, 90.50 W, 2317 MHz, 12481 MHz, 35
2026/09/27 05:02:51.488, 0, 0 %, 14451 MiB, 91.65 W, 2355 MHz, 12481 MHz, 35
2026/09/27 05:02:51.488, 1, 0 %, 12627 MiB, 90.96 W, 2317 MHz, 12481 MHz, 35
2026/09/27 05:02:51.738, 0, 0 %, 14483 MiB, 91.65 W, 2355 MHz, 12481 MHz, 35
2026/09/27 05:02:51.738, 1, 0 %, 12627 MiB, 90.82 W, 2317 MHz, 12481 MHz, 35
2026/09/27 05:02:51.988, 0, 0 %, 14483 MiB, 91.72 W, 2355 MHz, 12481 MHz, 36
2026/09/27 05:02:51.988, 1, 0 %, 12627 MiB, 90.60 W, 2317 MHz, 12481 MHz, 35
2026/09/27 05:02:52.238, 0, 0 %, 14483 MiB, 91.65 W, 2355 MHz, 12481 MHz, 36
2026/09/27 05:02:52.238, 1, 0 %, 12627 MiB, 90.49 W, 2317 MHz, 12481 MHz, 35
2026/09/27 05:02:52.488, 0, 0 %, 14515 MiB, 91.66 W, 2355 MHz, 12481 MHz, 35
2026/09/27 05:02:52.488, 1, 0 %, 12627 MiB, 90.34 W, 2317 MHz, 12481 MHz, 35
2026/09/27 05:02:52.739, 0, 0 %, 14515 MiB, 91.66 W, 2355 MHz, 12481 MHz, 35
2026/09/27 05:02:52.739, 1, 0 %, 12627 MiB, 90.30 W, 2317 MHz, 12481 MHz, 35
2026/09/27 05:02:52.989, 0, 0 %, 14547 MiB, 91.63 W, 2355 MHz, 12481 MHz, 35
2026/09/27 05:02:52.989, 1, 0 %, 14355 MiB, 90.78 W, 2317 MHz, 12481 MHz, 35
2026/09/27 05:02:53.239, 0, 0 %, 14547 MiB, 91.64 W, 2355 MHz, 12481 MHz, 35
2026/09/27 05:02:53.239, 1, 1 %, 14355 MiB, 90.87 W, 2317 MHz, 12481 MHz, 35
2026/09/27 05:02:53.489, 0, 0 %, 14547 MiB, 91.63 W, 2355 MHz, 12481 MHz, 36
2026/09/27 05:02:53.489, 1, 1 %, 14355 MiB, 91.30 W, 2317 MHz, 12481 MHz, 35
2026/09/27 05:02:53.739, 0, 0 %, 14547 MiB, 91.61 W, 2355 MHz, 12481 MHz, 36
2026/09/27 05:02:53.739, 1, 1 %, 14355 MiB, 91.63 W, 2317 MHz, 12481 MHz, 35
2026/09/27 05:02:53.989, 0, 0 %, 14547 MiB, 91.62 W, 2355 MHz, 12481 MHz, 36
2026/09/27 05:02:53.989, 1, 0 %, 14355 MiB, 91.49 W, 2317 MHz, 12481 MHz, 35
2026/09/27 05:02:54.239, 0, 0 %, 14547 MiB, 91.62 W, 2355 MHz, 12481 MHz, 36
2026/09/27 05:02:54.240, 1, 1 %, 14355 MiB, 91.60 W, 2317 MHz, 12481 MHz, 35
2026/09/27 05:02:54.490, 0, 0 %, 14547 MiB, 91.62 W, 2355 MHz, 12481 MHz, 36
2026/09/27 05:02:54.490, 1, 1 %, 14355 MiB, 91.49 W, 2317 MHz, 12481 MHz, 35
2026/09/27 05:02:54.740, 0, 0 %, 14547 MiB, 91.62 W, 2355 MHz, 12481 MHz, 36
2026/09/27 05:02:54.740, 1, 1 %, 14355 MiB, 91.36 W, 2317 MHz, 12481 MHz, 35
2026/09/27 05:02:54.990, 0, 0 %, 14547 MiB, 92.15 W, 2355 MHz, 12481 MHz, 35
2026/09/27 05:02:54.990, 1, 1 %, 14355 MiB, 91.21 W, 2317 MHz, 12481 MHz, 35
2026/09/27 05:02:55.240, 0, 0 %, 14547 MiB, 92.15 W, 2355 MHz, 12481 MHz, 35
2026/09/27 05:02:55.240, 1, 1 %, 14355 MiB, 91.08 W, 2317 MHz, 12481 MHz, 35
2026/09/27 05:02:55.490, 0, 0 %, 14547 MiB, 92.15 W, 2355 MHz, 12481 MHz, 35
2026/09/27 05:02:55.491, 1, 1 %, 14355 MiB, 90.91 W, 2317 MHz, 12481 MHz, 35
2026/09/27 05:02:55.741, 0, 0 %, 14547 MiB, 92.15 W, 2355 MHz, 12481 MHz, 35
2026/09/27 05:02:55.741, 1, 1 %, 14355 MiB, 90.78 W, 2317 MHz, 12481 MHz, 35
2026/09/27 05:02:55.991, 0, 0 %, 14547 MiB, 92.25 W, 2355 MHz, 12481 MHz, 35
2026/09/27 05:02:55.991, 1, 1 %, 14355 MiB, 90.66 W, 2317 MHz, 12481 MHz, 35
2026/09/27 05:02:56.241, 0, 0 %, 14547 MiB, 92.25 W, 2355 MHz, 12481 MHz, 35
2026/09/27 05:02:56.241, 1, 1 %, 14355 MiB, 90.58 W, 2317 MHz, 12481 MHz, 35
2026/09/27 05:02:56.491, 0, 0 %, 14547 MiB, 92.25 W, 2355 MHz, 12481 MHz, 35
2026/09/27 05:02:56.491, 1, 1 %, 14355 MiB, 90.60 W, 2317 MHz, 12481 MHz, 35
2026/09/27 05:02:56.741, 0, 0 %, 14547 MiB, 92.25 W, 2355 MHz, 12481 MHz, 35
2026/09/27 05:02:56.741, 1, 1 %, 14355 MiB, 90.69 W, 2317 MHz, 12481 MHz, 35
2026/09/27 05:02:56.991, 0, 0 %, 14547 MiB, 91.96 W, 2355 MHz, 12481 MHz, 35
2026/09/27 05:02:56.991, 1, 1 %, 14355 MiB, 91.02 W, 2317 MHz, 12481 MHz, 35
2026/09/27 05:02:57.241, 0, 0 %, 14547 MiB, 91.96 W, 2355 MHz, 12481 MHz, 35
2026/09/27 05:02:57.241, 1, 1 %, 14355 MiB, 91.25 W, 2317 MHz, 12481 MHz, 35
2026/09/27 05:02:57.492, 0, 0 %, 14547 MiB, 91.96 W, 2355 MHz, 12481 MHz, 35
2026/09/27 05:02:57.492, 1, 1 %, 14355 MiB, 91.50 W, 2317 MHz, 12481 MHz, 35
2026/09/27 05:02:57.742, 0, 0 %, 14547 MiB, 91.96 W, 2355 MHz, 12481 MHz, 35
2026/09/27 05:02:57.742, 1, 1 %, 14355 MiB, 91.57 W, 2317 MHz, 12481 MHz, 35
2026/09/27 05:02:57.992, 0, 0 %, 14547 MiB, 91.66 W, 2355 MHz, 12481 MHz, 35
2026/09/27 05:02:57.992, 1, 1 %, 14355 MiB, 91.46 W, 2317 MHz, 12481 MHz, 35
2026/09/27 05:02:58.242, 0, 0 %, 14547 MiB, 91.66 W, 2355 MHz, 12481 MHz, 35
2026/09/27 05:02:58.242, 1, 1 %, 14387 MiB, 91.37 W, 2317 MHz, 12481 MHz, 35
2026/09/27 05:02:58.492, 0, 0 %, 14547 MiB, 91.30 W, 2355 MHz, 12481 MHz, 35
2026/09/27 05:02:58.492, 1, 0 %, 14387 MiB, 91.13 W, 2317 MHz, 12481 MHz, 35
2026/09/27 05:02:58.743, 0, 0 %, 14547 MiB, 91.33 W, 2355 MHz, 12481 MHz, 35
2026/09/27 05:02:58.743, 1, 0 %, 14387 MiB, 90.96 W, 2317 MHz, 12481 MHz, 35
2026/09/27 05:02:58.993, 0, 0 %, 14547 MiB, 91.12 W, 2355 MHz, 12481 MHz, 35
2026/09/27 05:02:58.993, 1, 0 %, 14419 MiB, 90.72 W, 2317 MHz, 12481 MHz, 35
2026/09/27 05:02:59.243, 0, 0 %, 14547 MiB, 91.19 W, 2355 MHz, 12481 MHz, 35
2026/09/27 05:02:59.243, 1, 1 %, 14419 MiB, 90.56 W, 2317 MHz, 12481 MHz, 35
2026/09/27 05:02:59.493, 0, 0 %, 14547 MiB, 91.61 W, 2355 MHz, 12481 MHz, 35
2026/09/27 05:02:59.493, 1, 0 %, 14419 MiB, 90.37 W, 2317 MHz, 12481 MHz, 35
2026/09/27 05:02:59.743, 0, 0 %, 14547 MiB, 91.65 W, 2355 MHz, 12481 MHz, 35
2026/09/27 05:02:59.743, 1, 1 %, 14451 MiB, 90.35 W, 2317 MHz, 12481 MHz, 35
2026/09/27 05:02:59.993, 0, 0 %, 14547 MiB, 91.59 W, 2355 MHz, 12481 MHz, 35
2026/09/27 05:02:59.993, 1, 0 %, 14451 MiB, 90.35 W, 2317 MHz, 12481 MHz, 35
2026/09/27 05:03:00.243, 0, 0 %, 14547 MiB, 91.58 W, 2355 MHz, 12481 MHz, 36
2026/09/27 05:03:00.243, 1, 0 %, 14483 MiB, 90.38 W, 2317 MHz, 12481 MHz, 35
2026/09/27 05:03:00.494, 0, 0 %, 14547 MiB, 91.60 W, 2355 MHz, 12481 MHz, 35
2026/09/27 05:03:00.494, 1, 0 %, 14483 MiB, 90.69 W, 2317 MHz, 12481 MHz, 35
2026/09/27 05:03:00.744, 0, 0 %, 16275 MiB, 91.53 W, 2355 MHz, 12481 MHz, 35
2026/09/27 05:03:00.744, 1, 0 %, 14515 MiB, 90.90 W, 2317 MHz, 12481 MHz, 35
2026/09/27 05:03:00.994, 0, 0 %, 16275 MiB, 91.82 W, 2355 MHz, 12481 MHz, 35
2026/09/27 05:03:00.994, 1, 0 %, 14515 MiB, 91.13 W, 2317 MHz, 12481 MHz, 35
2026/09/27 05:03:01.244, 0, 1 %, 16275 MiB, 91.94 W, 2355 MHz, 12481 MHz, 36
2026/09/27 05:03:01.244, 1, 0 %, 14515 MiB, 91.29 W, 2317 MHz, 12481 MHz, 35
2026/09/27 05:03:01.494, 0, 1 %, 16275 MiB, 91.93 W, 2355 MHz, 12481 MHz, 36
2026/09/27 05:03:01.494, 1, 0 %, 14515 MiB, 91.21 W, 2317 MHz, 12481 MHz, 35
2026/09/27 05:03:01.745, 0, 1 %, 16275 MiB, 92.04 W, 2355 MHz, 12481 MHz, 36
2026/09/27 05:03:01.745, 1, 0 %, 14515 MiB, 91.10 W, 2317 MHz, 12481 MHz, 35
2026/09/27 05:03:01.995, 0, 1 %, 16275 MiB, 91.88 W, 2355 MHz, 12481 MHz, 35
2026/09/27 05:03:01.995, 1, 0 %, 14515 MiB, 91.10 W, 2317 MHz, 12481 MHz, 35
2026/09/27 05:03:02.245, 0, 1 %, 16275 MiB, 91.79 W, 2355 MHz, 12481 MHz, 35
2026/09/27 05:03:02.245, 1, 0 %, 14515 MiB, 91.10 W, 2317 MHz, 12481 MHz, 35
2026/09/27 05:03:02.495, 0, 1 %, 16275 MiB, 91.90 W, 2355 MHz, 12481 MHz, 35
2026/09/27 05:03:02.495, 1, 0 %, 14515 MiB, 91.10 W, 2317 MHz, 12481 MHz, 35
2026/09/27 05:03:02.745, 0, 1 %, 16275 MiB, 91.85 W, 2355 MHz, 12481 MHz, 36
2026/09/27 05:03:02.745, 1, 0 %, 14515 MiB, 91.10 W, 2317 MHz, 12481 MHz, 35
2026/09/27 05:03:02.995, 0, 1 %, 16275 MiB, 91.84 W, 2355 MHz, 12481 MHz, 36
2026/09/27 05:03:02.995, 1, 0 %, 14515 MiB, 90.43 W, 2317 MHz, 12481 MHz, 35
2026/09/27 05:03:03.245, 0, 1 %, 16275 MiB, 91.92 W, 2355 MHz, 12481 MHz, 36
2026/09/27 05:03:03.245, 1, 0 %, 14515 MiB, 90.43 W, 2317 MHz, 12481 MHz, 35
2026/09/27 05:03:03.496, 0, 1 %, 16275 MiB, 91.85 W, 2355 MHz, 12481 MHz, 36
2026/09/27 05:03:03.496, 1, 0 %, 14515 MiB, 90.43 W, 2317 MHz, 12481 MHz, 35
2026/09/27 05:03:03.746, 0, 1 %, 16275 MiB, 91.87 W, 2355 MHz, 12481 MHz, 35
2026/09/27 05:03:03.746, 1, 0 %, 14515 MiB, 90.43 W, 2317 MHz, 12481 MHz, 35
2026/09/27 05:03:03.996, 0, 1 %, 16275 MiB, 91.93 W, 2355 MHz, 12481 MHz, 35
2026/09/27 05:03:03.996, 1, 0 %, 14515 MiB, 91.38 W, 2317 MHz, 12481 MHz, 35
2026/09/27 05:03:04.246, 0, 1 %, 16275 MiB, 91.92 W, 2355 MHz, 12481 MHz, 35
2026/09/27 05:03:04.246, 1, 0 %, 14515 MiB, 91.38 W, 2317 MHz, 12481 MHz, 35
2026/09/27 05:03:04.496, 0, 1 %, 16275 MiB, 91.98 W, 2355 MHz, 12481 MHz, 36
2026/09/27 05:03:04.496, 1, 0 %, 14515 MiB, 91.38 W, 2317 MHz, 12481 MHz, 35
2026/09/27 05:03:04.746, 0, 1 %, 16275 MiB, 92.00 W, 2355 MHz, 12481 MHz, 36
2026/09/27 05:03:04.746, 1, 0 %, 14515 MiB, 91.38 W, 2317 MHz, 12481 MHz, 35
2026/09/27 05:03:04.996, 0, 1 %, 16275 MiB, 91.87 W, 2355 MHz, 12481 MHz, 36
2026/09/27 05:03:04.997, 1, 0 %, 14515 MiB, 90.89 W, 2317 MHz, 12481 MHz, 35
2026/09/27 05:03:05.247, 0, 1 %, 16275 MiB, 91.87 W, 2355 MHz, 12481 MHz, 36
2026/09/27 05:03:05.247, 1, 0 %, 14515 MiB, 90.89 W, 2317 MHz, 12481 MHz, 35
2026/09/27 05:03:05.497, 0, 1 %, 16275 MiB, 91.87 W, 2355 MHz, 12481 MHz, 36
2026/09/27 05:03:05.497, 1, 0 %, 14515 MiB, 90.89 W, 2317 MHz, 12481 MHz, 35
2026/09/27 05:03:05.747, 0, 1 %, 16275 MiB, 91.82 W, 2355 MHz, 12481 MHz, 35
2026/09/27 05:03:05.747, 1, 0 %, 14515 MiB, 90.89 W, 2317 MHz, 12481 MHz, 35
2026/09/27 05:03:05.997, 0, 0 %, 16275 MiB, 91.92 W, 2355 MHz, 12481 MHz, 36
2026/09/27 05:03:05.997, 1, 0 %, 14515 MiB, 90.91 W, 2317 MHz, 12481 MHz, 35
2026/09/27 05:03:06.247, 0, 1 %, 16275 MiB, 91.91 W, 2355 MHz, 12481 MHz, 36
2026/09/27 05:03:06.247, 1, 0 %, 14515 MiB, 90.91 W, 2317 MHz, 12481 MHz, 35
2026/09/27 05:03:06.497, 0, 0 %, 16275 MiB, 91.75 W, 2355 MHz, 12481 MHz, 36
2026/09/27 05:03:06.498, 1, 0 %, 14515 MiB, 90.91 W, 2317 MHz, 12481 MHz, 35
2026/09/27 05:03:06.748, 0, 0 %, 16307 MiB, 91.76 W, 2355 MHz, 12481 MHz, 36
2026/09/27 05:03:06.748, 1, 0 %, 14515 MiB, 91.07 W, 2317 MHz, 12481 MHz, 35
2026/09/27 05:03:06.998, 0, 0 %, 16307 MiB, 91.64 W, 2355 MHz, 12481 MHz, 35
2026/09/27 05:03:06.998, 1, 0 %, 14515 MiB, 91.01 W, 2317 MHz, 12481 MHz, 35
2026/09/27 05:03:07.248, 0, 0 %, 16339 MiB, 91.58 W, 2355 MHz, 12481 MHz, 35
2026/09/27 05:03:07.248, 1, 0 %, 14515 MiB, 90.99 W, 2317 MHz, 12481 MHz, 35
2026/09/27 05:03:07.498, 0, 0 %, 16339 MiB, 91.64 W, 2355 MHz, 12481 MHz, 36
2026/09/27 05:03:07.498, 1, 0 %, 14515 MiB, 91.04 W, 2317 MHz, 12481 MHz, 35
2026/09/27 05:03:07.748, 0, 0 %, 16339 MiB, 91.60 W, 2355 MHz, 12481 MHz, 36
2026/09/27 05:03:07.748, 1, 0 %, 14515 MiB, 90.94 W, 2317 MHz, 12481 MHz, 35
2026/09/27 05:03:07.998, 0, 0 %, 16371 MiB, 91.60 W, 2355 MHz, 12481 MHz, 36
2026/09/27 05:03:07.998, 1, 0 %, 14515 MiB, 91.17 W, 2317 MHz, 12481 MHz, 35
2026/09/27 05:03:08.248, 0, 0 %, 16371 MiB, 91.62 W, 2355 MHz, 12481 MHz, 36
2026/09/27 05:03:08.248, 1, 0 %, 14515 MiB, 91.22 W, 2317 MHz, 12481 MHz, 35
2026/09/27 05:03:08.498, 0, 0 %, 16403 MiB, 91.57 W, 2355 MHz, 12481 MHz, 36
2026/09/27 05:03:08.499, 1, 0 %, 14515 MiB, 91.13 W, 2317 MHz, 12481 MHz, 35
2026/09/27 05:03:08.749, 0, 0 %, 16403 MiB, 91.58 W, 2355 MHz, 12481 MHz, 35
2026/09/27 05:03:08.749, 1, 0 %, 14515 MiB, 91.02 W, 2317 MHz, 12481 MHz, 35
2026/09/27 05:03:08.999, 0, 0 %, 16435 MiB, 91.60 W, 2355 MHz, 12481 MHz, 35
2026/09/27 05:03:08.999, 1, 0 %, 16243 MiB, 90.89 W, 2317 MHz, 12481 MHz, 35
2026/09/27 05:03:09.249, 0, 0 %, 16435 MiB, 91.61 W, 2355 MHz, 12481 MHz, 36
2026/09/27 05:03:09.249, 1, 1 %, 16243 MiB, 90.96 W, 2317 MHz, 12481 MHz, 35
2026/09/27 05:03:09.499, 0, 0 %, 16435 MiB, 91.59 W, 2355 MHz, 12481 MHz, 36
2026/09/27 05:03:09.499, 1, 0 %, 16243 MiB, 90.83 W, 2317 MHz, 12481 MHz, 35
2026/09/27 05:03:09.749, 0, 0 %, 16435 MiB, 91.59 W, 2355 MHz, 12481 MHz, 36
2026/09/27 05:03:09.749, 1, 1 %, 16243 MiB, 90.79 W, 2317 MHz, 12481 MHz, 35
2026/09/27 05:03:09.999, 0, 0 %, 16435 MiB, 91.56 W, 2355 MHz, 12481 MHz, 35
2026/09/27 05:03:10.000, 1, 1 %, 16243 MiB, 90.74 W, 2317 MHz, 12481 MHz, 35
2026/09/27 05:03:10.250, 0, 0 %, 16435 MiB, 91.56 W, 2355 MHz, 12481 MHz, 35
2026/09/27 05:03:10.250, 1, 1 %, 16243 MiB, 90.55 W, 2317 MHz, 12481 MHz, 35
2026/09/27 05:03:10.500, 0, 0 %, 16435 MiB, 91.56 W, 2355 MHz, 12481 MHz, 35
2026/09/27 05:03:10.500, 1, 1 %, 16243 MiB, 90.59 W, 2317 MHz, 12481 MHz, 35
2026/09/27 05:03:10.750, 0, 0 %, 16435 MiB, 91.56 W, 2355 MHz, 12481 MHz, 35
2026/09/27 05:03:10.750, 1, 1 %, 16243 MiB, 90.74 W, 2317 MHz, 12481 MHz, 35
2026/09/27 05:03:11.000, 0, 0 %, 16435 MiB, 91.17 W, 2355 MHz, 12481 MHz, 35
2026/09/27 05:03:11.000, 1, 1 %, 16243 MiB, 91.11 W, 2317 MHz, 12481 MHz, 35
2026/09/27 05:03:11.250, 0, 0 %, 16435 MiB, 91.17 W, 2355 MHz, 12481 MHz, 35
2026/09/27 05:03:11.251, 1, 1 %, 16243 MiB, 91.32 W, 2317 MHz, 12481 MHz, 35
2026/09/27 05:03:11.501, 0, 0 %, 16435 MiB, 91.17 W, 2355 MHz, 12481 MHz, 35
2026/09/27 05:03:11.501, 1, 1 %, 16243 MiB, 91.57 W, 2317 MHz, 12481 MHz, 35
2026/09/27 05:03:11.751, 0, 0 %, 16435 MiB, 91.17 W, 2355 MHz, 12481 MHz, 35
2026/09/27 05:03:11.751, 1, 1 %, 16243 MiB, 91.59 W, 2317 MHz, 12481 MHz, 35
2026/09/27 05:03:12.001, 0, 0 %, 16435 MiB, 90.68 W, 2355 MHz, 12481 MHz, 35
2026/09/27 05:03:12.001, 1, 1 %, 16243 MiB, 91.45 W, 2317 MHz, 12481 MHz, 35
2026/09/27 05:03:12.251, 0, 0 %, 16435 MiB, 90.68 W, 2355 MHz, 12481 MHz, 35
2026/09/27 05:03:12.251, 1, 1 %, 16243 MiB, 91.38 W, 2317 MHz, 12481 MHz, 35
2026/09/27 05:03:12.501, 0, 0 %, 16435 MiB, 90.68 W, 2355 MHz, 12481 MHz, 35
2026/09/27 05:03:12.502, 1, 1 %, 16243 MiB, 91.23 W, 2317 MHz, 12481 MHz, 35
2026/09/27 05:03:12.752, 0, 0 %, 16435 MiB, 90.68 W, 2355 MHz, 12481 MHz, 35
2026/09/27 05:03:12.752, 1, 1 %, 16243 MiB, 91.09 W, 2317 MHz, 12481 MHz, 35
2026/09/27 05:03:13.002, 0, 0 %, 16435 MiB, 90.69 W, 2355 MHz, 12481 MHz, 35
2026/09/27 05:03:13.002, 1, 1 %, 16243 MiB, 90.88 W, 2317 MHz, 12481 MHz, 35
2026/09/27 05:03:13.252, 0, 0 %, 16435 MiB, 90.69 W, 2355 MHz, 12481 MHz, 35
2026/09/27 05:03:13.252, 1, 1 %, 16243 MiB, 90.74 W, 2317 MHz, 12481 MHz, 35
2026/09/27 05:03:13.502, 0, 0 %, 16435 MiB, 90.69 W, 2355 MHz, 12481 MHz, 35
2026/09/27 05:03:13.502, 1, 1 %, 16243 MiB, 90.63 W, 2317 MHz, 12481 MHz, 35
2026/09/27 05:03:13.752, 0, 0 %, 16435 MiB, 90.69 W, 2355 MHz, 12481 MHz, 35
2026/09/27 05:03:13.752, 1, 1 %, 16243 MiB, 90.61 W, 2317 MHz, 12481 MHz, 35
2026/09/27 05:03:14.002, 0, 0 %, 16435 MiB, 89.71 W, 2355 MHz, 12481 MHz, 35
2026/09/27 05:03:14.002, 1, 1 %, 16243 MiB, 90.72 W, 2317 MHz, 12481 MHz, 35
2026/09/27 05:03:14.253, 0, 0 %, 16435 MiB, 89.71 W, 2355 MHz, 12481 MHz, 35
2026/09/27 05:03:14.253, 1, 1 %, 16243 MiB, 90.87 W, 2317 MHz, 12481 MHz, 35
2026/09/27 05:03:14.503, 0, 0 %, 16435 MiB, 89.71 W, 2355 MHz, 12481 MHz, 35
2026/09/27 05:03:14.503, 1, 1 %, 16243 MiB, 91.14 W, 2317 MHz, 12481 MHz, 35
2026/09/27 05:03:14.753, 0, 0 %, 16435 MiB, 89.90 W, 2355 MHz, 12481 MHz, 35
2026/09/27 05:03:14.753, 1, 0 %, 16275 MiB, 91.27 W, 2317 MHz, 12481 MHz, 35
2026/09/27 05:03:15.003, 0, 0 %, 16435 MiB, 90.52 W, 2355 MHz, 12481 MHz, 35
2026/09/27 05:03:15.003, 1, 0 %, 16275 MiB, 91.35 W, 2317 MHz, 12481 MHz, 35
2026/09/27 05:03:15.253, 0, 0 %, 16435 MiB, 90.69 W, 2355 MHz, 12481 MHz, 35
2026/09/27 05:03:15.253, 1, 0 %, 16307 MiB, 91.35 W, 2317 MHz, 12481 MHz, 35
2026/09/27 05:03:15.503, 0, 0 %, 16435 MiB, 90.89 W, 2355 MHz, 12481 MHz, 35
2026/09/27 05:03:15.503, 1, 0 %, 16307 MiB, 91.19 W, 2317 MHz, 12481 MHz, 35
2026/09/27 05:03:15.753, 0, 0 %, 16435 MiB, 91.52 W, 2355 MHz, 12481 MHz, 35
2026/09/27 05:03:15.753, 1, 0 %, 16307 MiB, 91.08 W, 2317 MHz, 12481 MHz, 35
2026/09/27 05:03:16.003, 0, 0 %, 16435 MiB, 91.60 W, 2355 MHz, 12481 MHz, 36
2026/09/27 05:03:16.004, 1, 0 %, 16339 MiB, 90.90 W, 2317 MHz, 12481 MHz, 35
2026/09/27 05:03:16.254, 0, 0 %, 16435 MiB, 91.56 W, 2355 MHz, 12481 MHz, 36
2026/09/27 05:03:16.254, 1, 1 %, 16339 MiB, 90.77 W, 2317 MHz, 12481 MHz, 35
2026/09/27 05:03:16.504, 0, 0 %, 16435 MiB, 91.50 W, 2355 MHz, 12481 MHz, 36
2026/09/27 05:03:16.504, 1, 0 %, 16339 MiB, 90.54 W, 2317 MHz, 12481 MHz, 35
2026/09/27 05:03:16.754, 0, 0 %, 16435 MiB, 91.54 W, 2355 MHz, 12481 MHz, 35
2026/09/27 05:03:16.754, 1, 1 %, 16371 MiB, 90.49 W, 2317 MHz, 12481 MHz, 35
2026/09/27 05:03:17.004, 0, 0 %, 16435 MiB, 91.50 W, 2355 MHz, 12481 MHz, 35
2026/09/27 05:03:17.004, 1, 0 %, 16371 MiB, 90.39 W, 2317 MHz, 12481 MHz, 35
2026/09/27 05:03:17.254, 0, 1 %, 18163 MiB, 92.02 W, 2355 MHz, 12481 MHz, 36
2026/09/27 05:03:17.254, 1, 0 %, 16403 MiB, 90.40 W, 2317 MHz, 12481 MHz, 35
2026/09/27 05:03:17.504, 0, 1 %, 18163 MiB, 92.18 W, 2355 MHz, 12481 MHz, 36
2026/09/27 05:03:17.504, 1, 0 %, 16403 MiB, 90.46 W, 2317 MHz, 12481 MHz, 35
2026/09/27 05:03:17.754, 0, 1 %, 18163 MiB, 92.24 W, 2355 MHz, 12481 MHz, 36
2026/09/27 05:03:17.754, 1, 0 %, 16403 MiB, 90.46 W, 2317 MHz, 12481 MHz, 35
2026/09/27 05:03:18.004, 0, 1 %, 18163 MiB, 92.36 W, 2355 MHz, 12481 MHz, 36
2026/09/27 05:03:18.005, 1, 0 %, 16403 MiB, 90.73 W, 2317 MHz, 12481 MHz, 35
2026/09/27 05:03:18.255, 0, 1 %, 18163 MiB, 91.93 W, 2355 MHz, 12481 MHz, 35
2026/09/27 05:03:18.255, 1, 0 %, 16403 MiB, 90.78 W, 2317 MHz, 12481 MHz, 35
2026/09/27 05:03:18.505, 0, 1 %, 18163 MiB, 91.88 W, 2355 MHz, 12481 MHz, 35
2026/09/27 05:03:18.505, 1, 0 %, 16403 MiB, 90.78 W, 2317 MHz, 12481 MHz, 35
2026/09/27 05:03:18.755, 0, 1 %, 18163 MiB, 91.95 W, 2355 MHz, 12481 MHz, 36
2026/09/27 05:03:18.755, 1, 0 %, 16403 MiB, 90.78 W, 2317 MHz, 12481 MHz, 35
2026/09/27 05:03:19.005, 0, 1 %, 18163 MiB, 91.92 W, 2355 MHz, 12481 MHz, 36
2026/09/27 05:03:19.005, 1, 0 %, 16403 MiB, 90.78 W, 2317 MHz, 12481 MHz, 35
2026/09/27 05:03:19.255, 0, 1 %, 18163 MiB, 91.91 W, 2355 MHz, 12481 MHz, 36
2026/09/27 05:03:19.255, 1, 0 %, 16403 MiB, 90.42 W, 2317 MHz, 12481 MHz, 35
2026/09/27 05:03:19.505, 0, 1 %, 18163 MiB, 91.98 W, 2355 MHz, 12481 MHz, 36
2026/09/27 05:03:19.505, 1, 0 %, 16403 MiB, 90.42 W, 2317 MHz, 12481 MHz, 35
2026/09/27 05:03:19.755, 0, 1 %, 18163 MiB, 91.99 W, 2355 MHz, 12481 MHz, 36
2026/09/27 05:03:19.755, 1, 0 %, 16403 MiB, 90.42 W, 2317 MHz, 12481 MHz, 35
2026/09/27 05:03:20.005, 0, 1 %, 18163 MiB, 91.98 W, 2355 MHz, 12481 MHz, 35
2026/09/27 05:03:20.005, 1, 0 %, 16403 MiB, 90.42 W, 2317 MHz, 12481 MHz, 35
2026/09/27 05:03:20.256, 0, 1 %, 18163 MiB, 92.07 W, 2355 MHz, 12481 MHz, 35
2026/09/27 05:03:20.256, 1, 0 %, 16403 MiB, 89.91 W, 2317 MHz, 12481 MHz, 35
2026/09/27 05:03:20.506, 0, 1 %, 18163 MiB, 92.09 W, 2355 MHz, 12481 MHz, 36
2026/09/27 05:03:20.506, 1, 0 %, 16403 MiB, 89.91 W, 2317 MHz, 12481 MHz, 35
2026/09/27 05:03:20.756, 0, 1 %, 18163 MiB, 92.04 W, 2355 MHz, 12481 MHz, 36
2026/09/27 05:03:20.756, 1, 0 %, 16403 MiB, 89.91 W, 2317 MHz, 12481 MHz, 35
2026/09/27 05:03:21.006, 0, 1 %, 18163 MiB, 92.12 W, 2355 MHz, 12481 MHz, 36
2026/09/27 05:03:21.006, 1, 0 %, 16403 MiB, 89.91 W, 2317 MHz, 12481 MHz, 35
2026/09/27 05:03:21.256, 0, 1 %, 18163 MiB, 92.07 W, 2355 MHz, 12481 MHz, 36
2026/09/27 05:03:21.256, 1, 0 %, 16403 MiB, 89.42 W, 2317 MHz, 12481 MHz, 35
2026/09/27 05:03:21.506, 0, 1 %, 18163 MiB, 92.07 W, 2355 MHz, 12481 MHz, 36
2026/09/27 05:03:21.506, 1, 0 %, 16403 MiB, 89.42 W, 2317 MHz, 12481 MHz, 35
2026/09/27 05:03:21.756, 0, 1 %, 18163 MiB, 92.08 W, 2355 MHz, 12481 MHz, 35
2026/09/27 05:03:21.756, 1, 0 %, 16403 MiB, 89.42 W, 2317 MHz, 12481 MHz, 35
2026/09/27 05:03:22.006, 0, 1 %, 18163 MiB, 92.00 W, 2355 MHz, 12481 MHz, 36
2026/09/27 05:03:22.006, 1, 0 %, 16403 MiB, 89.42 W, 2317 MHz, 12481 MHz, 35
2026/09/27 05:03:22.256, 0, 1 %, 18163 MiB, 91.98 W, 2355 MHz, 12481 MHz, 36
2026/09/27 05:03:22.256, 1, 0 %, 16403 MiB, 89.91 W, 2317 MHz, 12481 MHz, 35
2026/09/27 05:03:22.507, 0, 1 %, 18163 MiB, 91.99 W, 2355 MHz, 12481 MHz, 36
2026/09/27 05:03:22.507, 1, 0 %, 16403 MiB, 89.91 W, 2317 MHz, 12481 MHz, 35
2026/09/27 05:03:22.757, 0, 0 %, 18163 MiB, 91.86 W, 2355 MHz, 12481 MHz, 36
2026/09/27 05:03:22.757, 1, 0 %, 16403 MiB, 89.91 W, 2317 MHz, 12481 MHz, 35
2026/09/27 05:03:23.007, 0, 0 %, 18163 MiB, 91.79 W, 2355 MHz, 12481 MHz, 36
2026/09/27 05:03:23.007, 1, 0 %, 16403 MiB, 89.91 W, 2317 MHz, 12481 MHz, 35
2026/09/27 05:03:23.257, 0, 0 %, 18163 MiB, 91.72 W, 2355 MHz, 12481 MHz, 35
2026/09/27 05:03:23.257, 1, 0 %, 16403 MiB, 90.18 W, 2317 MHz, 12481 MHz, 35
2026/09/27 05:03:23.507, 0, 0 %, 18195 MiB, 91.56 W, 2355 MHz, 12481 MHz, 36
2026/09/27 05:03:23.507, 1, 0 %, 16403 MiB, 90.18 W, 2317 MHz, 12481 MHz, 35
2026/09/27 05:03:23.757, 0, 0 %, 18195 MiB, 91.66 W, 2355 MHz, 12481 MHz, 36
2026/09/27 05:03:23.757, 1, 0 %, 16403 MiB, 90.24 W, 2317 MHz, 12481 MHz, 35
2026/09/27 05:03:24.007, 0, 0 %, 18195 MiB, 91.66 W, 2355 MHz, 12481 MHz, 36
2026/09/27 05:03:24.007, 1, 0 %, 16403 MiB, 90.24 W, 2317 MHz, 12481 MHz, 35
2026/09/27 05:03:24.257, 0, 0 %, 18227 MiB, 91.67 W, 2355 MHz, 12481 MHz, 36
2026/09/27 05:03:24.257, 1, 0 %, 16403 MiB, 90.49 W, 2317 MHz, 12481 MHz, 35
2026/09/27 05:03:24.507, 0, 0 %, 18227 MiB, 91.72 W, 2355 MHz, 12481 MHz, 36
2026/09/27 05:03:24.507, 1, 0 %, 16403 MiB, 90.46 W, 2317 MHz, 12481 MHz, 35
2026/09/27 05:03:24.757, 0, 0 %, 18227 MiB, 91.67 W, 2355 MHz, 12481 MHz, 36
2026/09/27 05:03:24.757, 1, 0 %, 16403 MiB, 90.32 W, 2317 MHz, 12481 MHz, 35
2026/09/27 05:03:25.007, 0, 1 %, 18259 MiB, 91.62 W, 2355 MHz, 12481 MHz, 35
2026/09/27 05:03:25.007, 1, 0 %, 16403 MiB, 90.63 W, 2317 MHz, 12481 MHz, 35
2026/09/27 05:03:25.258, 0, 0 %, 18291 MiB, 91.66 W, 2355 MHz, 12481 MHz, 36
2026/09/27 05:03:25.258, 1, 0 %, 16403 MiB, 90.86 W, 2317 MHz, 12481 MHz, 35
2026/09/27 05:03:25.508, 0, 0 %, 18291 MiB, 91.63 W, 2355 MHz, 12481 MHz, 36
2026/09/27 05:03:25.508, 1, 0 %, 18131 MiB, 91.36 W, 2317 MHz, 12481 MHz, 35
2026/09/27 05:03:25.758, 0, 0 %, 18291 MiB, 91.63 W, 2355 MHz, 12481 MHz, 36
2026/09/27 05:03:25.758, 1, 1 %, 18131 MiB, 91.60 W, 2317 MHz, 12481 MHz, 35
2026/09/27 05:03:26.008, 0, 0 %, 18291 MiB, 91.69 W, 2355 MHz, 12481 MHz, 36
2026/09/27 05:03:26.008, 1, 1 %, 18131 MiB, 91.63 W, 2317 MHz, 12481 MHz, 35
2026/09/27 05:03:26.258, 0, 0 %, 18291 MiB, 91.64 W, 2355 MHz, 12481 MHz, 36
2026/09/27 05:03:26.258, 1, 1 %, 18131 MiB, 91.62 W, 2317 MHz, 12481 MHz, 35
2026/09/27 05:03:26.508, 0, 0 %, 18291 MiB, 91.68 W, 2355 MHz, 12481 MHz, 35
2026/09/27 05:03:26.508, 1, 1 %, 18131 MiB, 91.54 W, 2317 MHz, 12481 MHz, 35
2026/09/27 05:03:26.758, 0, 0 %, 18291 MiB, 91.68 W, 2355 MHz, 12481 MHz, 35
2026/09/27 05:03:26.758, 1, 1 %, 18131 MiB, 91.16 W, 2317 MHz, 12481 MHz, 35
2026/09/27 05:03:27.008, 0, 0 %, 18291 MiB, 91.68 W, 2355 MHz, 12481 MHz, 35
2026/09/27 05:03:27.008, 1, 1 %, 18131 MiB, 90.96 W, 2317 MHz, 12481 MHz, 35
2026/09/27 05:03:27.259, 0, 0 %, 18291 MiB, 91.68 W, 2355 MHz, 12481 MHz, 35
2026/09/27 05:03:27.259, 1, 1 %, 18131 MiB, 90.81 W, 2317 MHz, 12481 MHz, 35
2026/09/27 05:03:27.509, 0, 0 %, 18291 MiB, 90.74 W, 2355 MHz, 12481 MHz, 35
2026/09/27 05:03:27.509, 1, 1 %, 18131 MiB, 90.69 W, 2317 MHz, 12481 MHz, 35
2026/09/27 05:03:27.759, 0, 0 %, 18291 MiB, 90.74 W, 2355 MHz, 12481 MHz, 35
2026/09/27 05:03:27.759, 1, 1 %, 18131 MiB, 90.58 W, 2317 MHz, 12481 MHz, 35
2026/09/27 05:03:28.009, 0, 0 %, 18291 MiB, 90.74 W, 2355 MHz, 12481 MHz, 35
2026/09/27 05:03:28.009, 1, 1 %, 18131 MiB, 90.61 W, 2317 MHz, 12481 MHz, 35
2026/09/27 05:03:28.259, 0, 0 %, 18291 MiB, 90.74 W, 2355 MHz, 12481 MHz, 35
2026/09/27 05:03:28.259, 1, 1 %, 18131 MiB, 90.68 W, 2317 MHz, 12481 MHz, 35
2026/09/27 05:03:28.509, 0, 0 %, 18291 MiB, 90.76 W, 2355 MHz, 12481 MHz, 35
2026/09/27 05:03:28.509, 1, 1 %, 18131 MiB, 91.02 W, 2317 MHz, 12481 MHz, 35
2026/09/27 05:03:28.759, 0, 0 %, 18291 MiB, 90.76 W, 2355 MHz, 12481 MHz, 35
2026/09/27 05:03:28.759, 1, 1 %, 18131 MiB, 91.27 W, 2317 MHz, 12481 MHz, 35
2026/09/27 05:03:29.010, 0, 0 %, 18291 MiB, 90.76 W, 2355 MHz, 12481 MHz, 35
2026/09/27 05:03:29.010, 1, 1 %, 18131 MiB, 91.52 W, 2317 MHz, 12481 MHz, 35
2026/09/27 05:03:29.260, 0, 0 %, 18291 MiB, 90.76 W, 2355 MHz, 12481 MHz, 35
2026/09/27 05:03:29.260, 1, 1 %, 18131 MiB, 91.59 W, 2317 MHz, 12481 MHz, 35
2026/09/27 05:03:29.510, 0, 0 %, 18291 MiB, 90.49 W, 2355 MHz, 12481 MHz, 35
2026/09/27 05:03:29.510, 1, 1 %, 18131 MiB, 91.52 W, 2317 MHz, 12481 MHz, 35
2026/09/27 05:03:29.760, 0, 0 %, 18291 MiB, 90.49 W, 2355 MHz, 12481 MHz, 35
2026/09/27 05:03:29.760, 1, 1 %, 18131 MiB, 91.41 W, 2317 MHz, 12481 MHz, 35
2026/09/27 05:03:30.010, 0, 0 %, 18291 MiB, 90.49 W, 2355 MHz, 12481 MHz, 35
2026/09/27 05:03:30.010, 1, 1 %, 18131 MiB, 91.22 W, 2317 MHz, 12481 MHz, 35
2026/09/27 05:03:30.260, 0, 0 %, 18291 MiB, 90.49 W, 2355 MHz, 12481 MHz, 35
2026/09/27 05:03:30.260, 1, 1 %, 18131 MiB, 91.11 W, 2317 MHz, 12481 MHz, 35
2026/09/27 05:03:30.510, 0, 0 %, 18291 MiB, 89.71 W, 2355 MHz, 12481 MHz, 35
2026/09/27 05:03:30.510, 1, 0 %, 18131 MiB, 90.85 W, 2317 MHz, 12481 MHz, 35
2026/09/27 05:03:30.760, 0, 0 %, 18291 MiB, 89.71 W, 2355 MHz, 12481 MHz, 35
2026/09/27 05:03:30.760, 1, 0 %, 18131 MiB, 90.73 W, 2317 MHz, 12481 MHz, 35
2026/09/27 05:03:31.010, 0, 0 %, 18291 MiB, 89.71 W, 2355 MHz, 12481 MHz, 35
2026/09/27 05:03:31.010, 1, 0 %, 18131 MiB, 90.53 W, 2317 MHz, 12481 MHz, 35
2026/09/27 05:03:31.261, 0, 0 %, 18291 MiB, 89.71 W, 2355 MHz, 12481 MHz, 35
2026/09/27 05:03:31.261, 1, 0 %, 18131 MiB, 90.40 W, 2317 MHz, 12481 MHz, 35
2026/09/27 05:03:31.511, 0, 0 %, 18291 MiB, 90.37 W, 2355 MHz, 12481 MHz, 35
2026/09/27 05:03:31.511, 1, 1 %, 18163 MiB, 90.37 W, 2317 MHz, 12481 MHz, 35
2026/09/27 05:03:31.761, 0, 0 %, 18291 MiB, 90.57 W, 2355 MHz, 12481 MHz, 35
2026/09/27 05:03:31.761, 1, 0 %, 18163 MiB, 90.41 W, 2317 MHz, 12481 MHz, 35
2026/09/27 05:03:32.011, 0, 0 %, 18291 MiB, 90.75 W, 2355 MHz, 12481 MHz, 36
2026/09/27 05:03:32.011, 1, 0 %, 18163 MiB, 90.64 W, 2317 MHz, 12481 MHz, 35
2026/09/27 05:03:32.261, 0, 0 %, 18291 MiB, 90.84 W, 2355 MHz, 12481 MHz, 36
2026/09/27 05:03:32.261, 1, 0 %, 18195 MiB, 90.91 W, 2317 MHz, 12481 MHz, 35
2026/09/27 05:03:32.511, 0, 0 %, 18291 MiB, 91.56 W, 2355 MHz, 12481 MHz, 35
2026/09/27 05:03:32.511, 1, 0 %, 18195 MiB, 91.11 W, 2317 MHz, 12481 MHz, 35
2026/09/27 05:03:32.761, 0, 0 %, 18291 MiB, 91.54 W, 2355 MHz, 12481 MHz, 35
2026/09/27 05:03:32.761, 1, 0 %, 18227 MiB, 91.26 W, 2317 MHz, 12481 MHz, 35
2026/09/27 05:03:33.012, 0, 0 %, 18291 MiB, 91.59 W, 2355 MHz, 12481 MHz, 35
2026/09/27 05:03:33.012, 1, 0 %, 18259 MiB, 91.21 W, 2317 MHz, 12481 MHz, 35
2026/09/27 05:03:33.262, 0, 0 %, 20019 MiB, 91.74 W, 2355 MHz, 12481 MHz, 36
2026/09/27 05:03:33.262, 1, 0 %, 18259 MiB, 91.13 W, 2317 MHz, 12481 MHz, 35
2026/09/27 05:03:33.512, 0, 1 %, 20019 MiB, 91.86 W, 2355 MHz, 12481 MHz, 36
2026/09/27 05:03:33.512, 1, 0 %, 18259 MiB, 90.98 W, 2317 MHz, 12481 MHz, 35
2026/09/27 05:03:33.762, 0, 1 %, 20019 MiB, 91.96 W, 2355 MHz, 12481 MHz, 36
2026/09/27 05:03:33.762, 1, 0 %, 18259 MiB, 90.82 W, 2317 MHz, 12481 MHz, 35
2026/09/27 05:03:34.012, 0, 1 %, 20019 MiB, 92.04 W, 2355 MHz, 12481 MHz, 36
2026/09/27 05:03:34.012, 1, 0 %, 18259 MiB, 90.61 W, 2317 MHz, 12481 MHz, 35
2026/09/27 05:03:34.262, 0, 1 %, 20019 MiB, 92.10 W, 2355 MHz, 12481 MHz, 35
2026/09/27 05:03:34.262, 1, 0 %, 18259 MiB, 90.50 W, 2317 MHz, 12481 MHz, 35
2026/09/27 05:03:34.512, 0, 1 %, 20019 MiB, 91.99 W, 2355 MHz, 12481 MHz, 35
2026/09/27 05:03:34.513, 1, 0 %, 18259 MiB, 90.50 W, 2317 MHz, 12481 MHz, 35
2026/09/27 05:03:34.763, 0, 1 %, 20019 MiB, 92.02 W, 2355 MHz, 12481 MHz, 36
2026/09/27 05:03:34.763, 1, 0 %, 18259 MiB, 90.50 W, 2317 MHz, 12481 MHz, 35
2026/09/27 05:03:35.013, 0, 1 %, 20019 MiB, 92.04 W, 2355 MHz, 12481 MHz, 36
2026/09/27 05:03:35.013, 1, 0 %, 18259 MiB, 90.50 W, 2317 MHz, 12481 MHz, 35
2026/09/27 05:03:35.263, 0, 1 %, 20019 MiB, 92.10 W, 2355 MHz, 12481 MHz, 36
2026/09/27 05:03:35.263, 1, 0 %, 18259 MiB, 88.47 W, 2317 MHz, 12481 MHz, 35
2026/09/27 05:03:35.513, 0, 1 %, 20019 MiB, 92.06 W, 2355 MHz, 12481 MHz, 36
2026/09/27 05:03:35.513, 1, 0 %, 18259 MiB, 88.47 W, 2317 MHz, 12481 MHz, 35
2026/09/27 05:03:35.763, 0, 1 %, 20019 MiB, 92.02 W, 2355 MHz, 12481 MHz, 36
2026/09/27 05:03:35.763, 1, 0 %, 18259 MiB, 88.47 W, 2317 MHz, 12481 MHz, 35
2026/09/27 05:03:36.013, 0, 1 %, 20019 MiB, 91.99 W, 2355 MHz, 12481 MHz, 35
2026/09/27 05:03:36.013, 1, 0 %, 18259 MiB, 88.47 W, 2317 MHz, 12481 MHz, 35
2026/09/27 05:03:36.264, 0, 1 %, 20019 MiB, 91.94 W, 2355 MHz, 12481 MHz, 36
2026/09/27 05:03:36.264, 1, 0 %, 18259 MiB, 88.93 W, 2317 MHz, 12481 MHz, 35
2026/09/27 05:03:36.514, 0, 1 %, 20019 MiB, 91.96 W, 2355 MHz, 12481 MHz, 36
2026/09/27 05:03:36.514, 1, 0 %, 18259 MiB, 88.93 W, 2317 MHz, 12481 MHz, 35
2026/09/27 05:03:36.764, 0, 1 %, 20019 MiB, 91.97 W, 2355 MHz, 12481 MHz, 36
2026/09/27 05:03:36.764, 1, 0 %, 18259 MiB, 88.93 W, 2317 MHz, 12481 MHz, 35
2026/09/27 05:03:37.014, 0, 1 %, 20019 MiB, 91.97 W, 2355 MHz, 12481 MHz, 36
2026/09/27 05:03:37.014, 1, 0 %, 18259 MiB, 88.93 W, 2317 MHz, 12481 MHz, 35
2026/09/27 05:03:37.264, 0, 1 %, 20019 MiB, 91.96 W, 2355 MHz, 12481 MHz, 36
2026/09/27 05:03:37.264, 1, 0 %, 18259 MiB, 88.93 W, 2317 MHz, 12481 MHz, 35
2026/09/27 05:03:37.514, 0, 1 %, 20019 MiB, 91.97 W, 2355 MHz, 12481 MHz, 36
2026/09/27 05:03:37.514, 1, 0 %, 18259 MiB, 88.93 W, 2317 MHz, 12481 MHz, 35
2026/09/27 05:03:37.764, 0, 1 %, 20019 MiB, 91.96 W, 2355 MHz, 12481 MHz, 35
2026/09/27 05:03:37.764, 1, 0 %, 18259 MiB, 88.93 W, 2317 MHz, 12481 MHz, 35
2026/09/27 05:03:38.014, 0, 1 %, 20019 MiB, 91.98 W, 2355 MHz, 12481 MHz, 36
2026/09/27 05:03:38.014, 1, 0 %, 18259 MiB, 88.93 W, 2317 MHz, 12481 MHz, 35
2026/09/27 05:03:38.264, 0, 1 %, 20019 MiB, 91.96 W, 2355 MHz, 12481 MHz, 36
2026/09/27 05:03:38.265, 1, 0 %, 18259 MiB, 88.69 W, 2317 MHz, 12481 MHz, 35
2026/09/27 05:03:38.515, 0, 1 %, 20019 MiB, 91.92 W, 2355 MHz, 12481 MHz, 36
2026/09/27 05:03:38.515, 1, 0 %, 18259 MiB, 88.69 W, 2317 MHz, 12481 MHz, 35
2026/09/27 05:03:38.765, 0, 0 %, 20019 MiB, 91.91 W, 2355 MHz, 12481 MHz, 36
2026/09/27 05:03:38.765, 1, 0 %, 18259 MiB, 88.69 W, 2317 MHz, 12481 MHz, 35
2026/09/27 05:03:39.015, 0, 0 %, 20051 MiB, 91.77 W, 2355 MHz, 12481 MHz, 36
2026/09/27 05:03:39.015, 1, 0 %, 18259 MiB, 89.28 W, 2317 MHz, 12481 MHz, 35
2026/09/27 05:03:39.265, 0, 0 %, 20051 MiB, 91.71 W, 2355 MHz, 12481 MHz, 35
2026/09/27 05:03:39.265, 1, 0 %, 18259 MiB, 90.52 W, 2317 MHz, 12481 MHz, 35
2026/09/27 05:03:39.515, 0, 0 %, 20051 MiB, 91.62 W, 2355 MHz, 12481 MHz, 36
2026/09/27 05:03:39.515, 1, 0 %, 18259 MiB, 90.70 W, 2317 MHz, 12481 MHz, 35
2026/09/27 05:03:39.765, 0, 1 %, 20083 MiB, 91.63 W, 2355 MHz, 12481 MHz, 36
2026/09/27 05:03:39.765, 1, 0 %, 18259 MiB, 90.77 W, 2317 MHz, 12481 MHz, 35
2026/09/27 05:03:40.015, 0, 0 %, 20083 MiB, 91.68 W, 2355 MHz, 12481 MHz, 36
2026/09/27 05:03:40.015, 1, 0 %, 18259 MiB, 91.21 W, 2317 MHz, 12481 MHz, 35
2026/09/27 05:03:40.265, 0, 0 %, 20115 MiB, 91.73 W, 2355 MHz, 12481 MHz, 36
2026/09/27 05:03:40.265, 1, 0 %, 18259 MiB, 91.14 W, 2317 MHz, 12481 MHz, 35
2026/09/27 05:03:40.516, 0, 0 %, 20115 MiB, 91.74 W, 2355 MHz, 12481 MHz, 36
2026/09/27 05:03:40.516, 1, 0 %, 18259 MiB, 90.96 W, 2317 MHz, 12481 MHz, 35
2026/09/27 05:03:40.766, 0, 0 %, 20115 MiB, 91.72 W, 2355 MHz, 12481 MHz, 36
2026/09/27 05:03:40.766, 1, 0 %, 18259 MiB, 90.81 W, 2317 MHz, 12481 MHz, 35
2026/09/27 05:03:41.016, 0, 1 %, 20179 MiB, 91.71 W, 2355 MHz, 12481 MHz, 35
2026/09/27 05:03:41.016, 1, 0 %, 18259 MiB, 90.60 W, 2317 MHz, 12481 MHz, 35
2026/09/27 05:03:41.266, 0, 0 %, 20179 MiB, 91.65 W, 2355 MHz, 12481 MHz, 36
2026/09/27 05:03:41.266, 1, 0 %, 18259 MiB, 90.46 W, 2317 MHz, 12481 MHz, 35
2026/09/27 05:03:41.516, 0, 0 %, 20179 MiB, 91.71 W, 2355 MHz, 12481 MHz, 36
2026/09/27 05:03:41.516, 1, 1 %, 19987 MiB, 90.55 W, 2317 MHz, 12481 MHz, 35
2026/09/27 05:03:41.766, 0, 0 %, 20179 MiB, 91.67 W, 2355 MHz, 12481 MHz, 36
2026/09/27 05:03:41.766, 1, 1 %, 19987 MiB, 90.56 W, 2317 MHz, 12481 MHz, 35
2026/09/27 05:03:42.016, 0, 0 %, 20179 MiB, 91.63 W, 2355 MHz, 12481 MHz, 36
2026/09/27 05:03:42.016, 1, 1 %, 19987 MiB, 90.72 W, 2317 MHz, 12481 MHz, 35
2026/09/27 05:03:42.266, 0, 0 %, 20179 MiB, 91.65 W, 2355 MHz, 12481 MHz, 36
2026/09/27 05:03:42.266, 1, 1 %, 19987 MiB, 90.83 W, 2317 MHz, 12481 MHz, 35
2026/09/27 05:03:42.517, 0, 0 %, 20179 MiB, 91.68 W, 2355 MHz, 12481 MHz, 36
2026/09/27 05:03:42.517, 1, 1 %, 19987 MiB, 90.96 W, 2317 MHz, 12481 MHz, 35
2026/09/27 05:03:42.767, 0, 0 %, 20179 MiB, 91.68 W, 2355 MHz, 12481 MHz, 36
2026/09/27 05:03:42.767, 1, 1 %, 19987 MiB, 91.22 W, 2317 MHz, 12481 MHz, 35
2026/09/27 05:03:43.017, 0, 0 %, 20179 MiB, 91.68 W, 2355 MHz, 12481 MHz, 36
2026/09/27 05:03:43.017, 1, 1 %, 19987 MiB, 91.43 W, 2317 MHz, 12481 MHz, 35
2026/09/27 05:03:43.267, 0, 0 %, 20179 MiB, 91.68 W, 2355 MHz, 12481 MHz, 36
2026/09/27 05:03:43.267, 1, 1 %, 19987 MiB, 91.58 W, 2317 MHz, 12481 MHz, 35
2026/09/27 05:03:43.517, 0, 0 %, 20179 MiB, 91.33 W, 2355 MHz, 12481 MHz, 35
2026/09/27 05:03:43.517, 1, 1 %, 19987 MiB, 91.57 W, 2317 MHz, 12481 MHz, 35
2026/09/27 05:03:43.767, 0, 0 %, 20179 MiB, 91.33 W, 2355 MHz, 12481 MHz, 35
2026/09/27 05:03:43.767, 1, 1 %, 19987 MiB, 91.51 W, 2317 MHz, 12481 MHz, 35
2026/09/27 05:03:44.017, 0, 0 %, 20179 MiB, 91.33 W, 2355 MHz, 12481 MHz, 35
2026/09/27 05:03:44.017, 1, 1 %, 19987 MiB, 91.34 W, 2317 MHz, 12481 MHz, 35
2026/09/27 05:03:44.267, 0, 0 %, 20179 MiB, 91.33 W, 2355 MHz, 12481 MHz, 35
2026/09/27 05:03:44.267, 1, 0 %, 19987 MiB, 91.22 W, 2317 MHz, 12481 MHz, 35
2026/09/27 05:03:44.517, 0, 0 %, 20179 MiB, 90.68 W, 2355 MHz, 12481 MHz, 35
2026/09/27 05:03:44.517, 1, 1 %, 19987 MiB, 91.02 W, 2317 MHz, 12481 MHz, 35
2026/09/27 05:03:44.768, 0, 0 %, 20179 MiB, 90.68 W, 2355 MHz, 12481 MHz, 35
2026/09/27 05:03:44.768, 1, 1 %, 19987 MiB, 90.86 W, 2317 MHz, 12481 MHz, 35
2026/09/27 05:03:45.018, 0, 0 %, 20179 MiB, 90.68 W, 2355 MHz, 12481 MHz, 35
2026/09/27 05:03:45.018, 1, 1 %, 19987 MiB, 90.75 W, 2317 MHz, 12481 MHz, 35
2026/09/27 05:03:45.268, 0, 0 %, 20179 MiB, 90.68 W, 2355 MHz, 12481 MHz, 35
2026/09/27 05:03:45.268, 1, 1 %, 19987 MiB, 90.69 W, 2317 MHz, 12481 MHz, 35
2026/09/27 05:03:45.518, 0, 0 %, 20179 MiB, 90.19 W, 2355 MHz, 12481 MHz, 35
2026/09/27 05:03:45.518, 1, 1 %, 19987 MiB, 90.68 W, 2317 MHz, 12481 MHz, 35
2026/09/27 05:03:45.768, 0, 0 %, 20179 MiB, 90.19 W, 2355 MHz, 12481 MHz, 35
2026/09/27 05:03:45.768, 1, 1 %, 19987 MiB, 90.69 W, 2317 MHz, 12481 MHz, 35
2026/09/27 05:03:46.018, 0, 0 %, 20179 MiB, 89.92 W, 2355 MHz, 12481 MHz, 35
2026/09/27 05:03:46.018, 1, 1 %, 20019 MiB, 90.86 W, 2317 MHz, 12481 MHz, 35
2026/09/27 05:03:46.268, 0, 0 %, 20179 MiB, 90.07 W, 2355 MHz, 12481 MHz, 36
2026/09/27 05:03:46.268, 1, 1 %, 20019 MiB, 91.04 W, 2317 MHz, 12481 MHz, 35
2026/09/27 05:03:46.518, 0, 0 %, 20179 MiB, 90.77 W, 2355 MHz, 12481 MHz, 36
2026/09/27 05:03:46.519, 1, 0 %, 20019 MiB, 91.23 W, 2317 MHz, 12481 MHz, 35
2026/09/27 05:03:46.769, 0, 0 %, 20179 MiB, 90.86 W, 2355 MHz, 12481 MHz, 35
2026/09/27 05:03:46.769, 1, 0 %, 20019 MiB, 91.33 W, 2317 MHz, 12481 MHz, 35
2026/09/27 05:03:47.019, 0, 0 %, 20179 MiB, 90.99 W, 2355 MHz, 12481 MHz, 35
2026/09/27 05:03:47.019, 1, 0 %, 20051 MiB, 91.31 W, 2317 MHz, 12481 MHz, 35
2026/09/27 05:03:47.269, 0, 0 %, 20179 MiB, 91.61 W, 2355 MHz, 12481 MHz, 35
2026/09/27 05:03:47.269, 1, 0 %, 20051 MiB, 91.22 W, 2317 MHz, 12481 MHz, 35
2026/09/27 05:03:47.519, 0, 0 %, 20179 MiB, 91.61 W, 2355 MHz, 12481 MHz, 36
2026/09/27 05:03:47.519, 1, 0 %, 20051 MiB, 91.04 W, 2317 MHz, 12481 MHz, 35
2026/09/27 05:03:47.769, 0, 0 %, 20179 MiB, 91.64 W, 2355 MHz, 12481 MHz, 36
2026/09/27 05:03:47.769, 1, 1 %, 20083 MiB, 90.92 W, 2317 MHz, 12481 MHz, 35
2026/09/27 05:03:48.019, 0, 0 %, 20179 MiB, 91.65 W, 2355 MHz, 12481 MHz, 36
2026/09/27 05:03:48.019, 1, 0 %, 20083 MiB, 90.71 W, 2317 MHz, 12481 MHz, 35
2026/09/27 05:03:48.269, 0, 0 %, 20179 MiB, 91.59 W, 2355 MHz, 12481 MHz, 36
2026/09/27 05:03:48.270, 1, 0 %, 20115 MiB, 90.56 W, 2317 MHz, 12481 MHz, 35
2026/09/27 05:03:48.520, 0, 0 %, 20179 MiB, 91.56 W, 2355 MHz, 12481 MHz, 36
2026/09/27 05:03:48.520, 1, 0 %, 20147 MiB, 90.43 W, 2317 MHz, 12481 MHz, 35
2026/09/27 05:03:48.770, 0, 1 %, 21907 MiB, 91.72 W, 2355 MHz, 12481 MHz, 36
2026/09/27 05:03:48.770, 1, 0 %, 20147 MiB, 90.38 W, 2317 MHz, 12481 MHz, 35
2026/09/27 05:03:49.020, 0, 1 %, 21907 MiB, 91.82 W, 2355 MHz, 12481 MHz, 36
2026/09/27 05:03:49.020, 1, 0 %, 20147 MiB, 90.36 W, 2317 MHz, 12481 MHz, 35
2026/09/27 05:03:49.270, 0, 1 %, 21907 MiB, 91.95 W, 2355 MHz, 12481 MHz, 36
2026/09/27 05:03:49.270, 1, 0 %, 20147 MiB, 90.41 W, 2317 MHz, 12481 MHz, 35
2026/09/27 05:03:49.520, 0, 1 %, 21907 MiB, 92.14 W, 2355 MHz, 12481 MHz, 36
2026/09/27 05:03:49.520, 1, 0 %, 20147 MiB, 90.60 W, 2317 MHz, 12481 MHz, 35
2026/09/27 05:03:49.770, 0, 1 %, 21907 MiB, 92.06 W, 2355 MHz, 12481 MHz, 36
2026/09/27 05:03:49.770, 1, 0 %, 20147 MiB, 90.75 W, 2317 MHz, 12481 MHz, 35
2026/09/27 05:03:50.020, 0, 1 %, 21907 MiB, 92.08 W, 2355 MHz, 12481 MHz, 36
2026/09/27 05:03:50.021, 1, 0 %, 20147 MiB, 90.75 W, 2317 MHz, 12481 MHz, 35
2026/09/27 05:03:50.271, 0, 1 %, 21907 MiB, 92.05 W, 2355 MHz, 12481 MHz, 36
2026/09/27 05:03:50.271, 1, 0 %, 20147 MiB, 90.75 W, 2317 MHz, 12481 MHz, 35
2026/09/27 05:03:50.521, 0, 1 %, 21907 MiB, 91.94 W, 2355 MHz, 12481 MHz, 35
2026/09/27 05:03:50.521, 1, 0 %, 20147 MiB, 90.75 W, 2317 MHz, 12481 MHz, 35
2026/09/27 05:03:50.771, 0, 1 %, 21907 MiB, 91.97 W, 2355 MHz, 12481 MHz, 36
2026/09/27 05:03:50.771, 1, 0 %, 20147 MiB, 89.45 W, 2317 MHz, 12481 MHz, 35
2026/09/27 05:03:51.021, 0, 1 %, 21907 MiB, 91.95 W, 2355 MHz, 12481 MHz, 36
2026/09/27 05:03:51.021, 1, 0 %, 20147 MiB, 89.45 W, 2317 MHz, 12481 MHz, 35
2026/09/27 05:03:51.271, 0, 1 %, 21907 MiB, 91.90 W, 2355 MHz, 12481 MHz, 36
2026/09/27 05:03:51.271, 1, 0 %, 20147 MiB, 89.45 W, 2317 MHz, 12481 MHz, 35
2026/09/27 05:03:51.521, 0, 1 %, 21907 MiB, 91.99 W, 2355 MHz, 12481 MHz, 36
2026/09/27 05:03:51.521, 1, 0 %, 20147 MiB, 89.45 W, 2317 MHz, 12481 MHz, 35
2026/09/27 05:03:51.771, 0, 1 %, 21907 MiB, 91.95 W, 2355 MHz, 12481 MHz, 36
2026/09/27 05:03:51.771, 1, 0 %, 20147 MiB, 88.93 W, 2317 MHz, 12481 MHz, 35
2026/09/27 05:03:52.022, 0, 1 %, 21907 MiB, 91.98 W, 2355 MHz, 12481 MHz, 36
2026/09/27 05:03:52.022, 1, 0 %, 20147 MiB, 88.93 W, 2317 MHz, 12481 MHz, 35
2026/09/27 05:03:52.272, 0, 1 %, 21907 MiB, 92.03 W, 2355 MHz, 12481 MHz, 36
2026/09/27 05:03:52.272, 1, 0 %, 20147 MiB, 88.93 W, 2317 MHz, 12481 MHz, 35
2026/09/27 05:03:52.522, 0, 1 %, 21907 MiB, 91.98 W, 2355 MHz, 12481 MHz, 36
2026/09/27 05:03:52.522, 1, 0 %, 20147 MiB, 88.93 W, 2317 MHz, 12481 MHz, 35
2026/09/27 05:03:52.772, 0, 0 %, 21907 MiB, 91.92 W, 2355 MHz, 12481 MHz, 36
2026/09/27 05:03:52.772, 1, 0 %, 20147 MiB, 88.98 W, 2317 MHz, 12481 MHz, 35
2026/09/27 05:03:53.022, 0, 1 %, 21907 MiB, 91.97 W, 2355 MHz, 12481 MHz, 36
2026/09/27 05:03:53.022, 1, 0 %, 20147 MiB, 88.98 W, 2317 MHz, 12481 MHz, 35
2026/09/27 05:03:53.272, 0, 1 %, 21907 MiB, 91.91 W, 2355 MHz, 12481 MHz, 36
2026/09/27 05:03:53.272, 1, 0 %, 20147 MiB, 88.98 W, 2317 MHz, 12481 MHz, 35
2026/09/27 05:03:53.522, 0, 1 %, 21907 MiB, 91.95 W, 2355 MHz, 12481 MHz, 36
2026/09/27 05:03:53.522, 1, 0 %, 20147 MiB, 88.98 W, 2317 MHz, 12481 MHz, 35
2026/09/27 05:03:53.772, 0, 1 %, 21907 MiB, 92.00 W, 2355 MHz, 12481 MHz, 35
2026/09/27 05:03:53.773, 1, 0 %, 20147 MiB, 89.20 W, 2317 MHz, 12481 MHz, 35
2026/09/27 05:03:54.023, 0, 0 %, 21907 MiB, 91.95 W, 2355 MHz, 12481 MHz, 36
2026/09/27 05:03:54.023, 1, 0 %, 20147 MiB, 89.20 W, 2317 MHz, 12481 MHz, 35
2026/09/27 05:03:54.273, 0, 1 %, 21907 MiB, 92.00 W, 2355 MHz, 12481 MHz, 36
2026/09/27 05:03:54.273, 1, 0 %, 20147 MiB, 89.20 W, 2317 MHz, 12481 MHz, 35
2026/09/27 05:03:54.523, 0, 0 %, 21907 MiB, 91.94 W, 2355 MHz, 12481 MHz, 36
2026/09/27 05:03:54.523, 1, 0 %, 20147 MiB, 89.20 W, 2317 MHz, 12481 MHz, 35
2026/09/27 05:03:54.773, 0, 0 %, 21939 MiB, 91.89 W, 2355 MHz, 12481 MHz, 36
2026/09/27 05:03:54.773, 1, 0 %, 20147 MiB, 90.83 W, 2317 MHz, 12481 MHz, 35
2026/09/27 05:03:55.023, 0, 0 %, 21939 MiB, 91.83 W, 2355 MHz, 12481 MHz, 36
2026/09/27 05:03:55.023, 1, 0 %, 20147 MiB, 90.73 W, 2317 MHz, 12481 MHz, 35
2026/09/27 05:03:55.273, 0, 0 %, 21939 MiB, 91.78 W, 2355 MHz, 12481 MHz, 36
2026/09/27 05:03:55.273, 1, 0 %, 20147 MiB, 90.69 W, 2317 MHz, 12481 MHz, 35
2026/09/27 05:03:55.523, 0, 1 %, 21971 MiB, 91.71 W, 2355 MHz, 12481 MHz, 36
2026/09/27 05:03:55.523, 1, 0 %, 20147 MiB, 90.61 W, 2317 MHz, 12481 MHz, 35
2026/09/27 05:03:55.773, 0, 0 %, 21971 MiB, 91.70 W, 2355 MHz, 12481 MHz, 36
2026/09/27 05:03:55.773, 1, 0 %, 20147 MiB, 90.32 W, 2317 MHz, 12481 MHz, 35
2026/09/27 05:03:56.024, 0, 0 %, 21971 MiB, 91.67 W, 2355 MHz, 12481 MHz, 36
2026/09/27 05:03:56.024, 1, 0 %, 20147 MiB, 90.29 W, 2317 MHz, 12481 MHz, 35
2026/09/27 05:03:56.274, 0, 0 %, 22003 MiB, 91.67 W, 2355 MHz, 12481 MHz, 36
2026/09/27 05:03:56.274, 1, 0 %, 20147 MiB, 90.32 W, 2317 MHz, 12481 MHz, 35
2026/09/27 05:03:56.524, 0, 0 %, 22003 MiB, 91.70 W, 2355 MHz, 12481 MHz, 36
2026/09/27 05:03:56.524, 1, 0 %, 20147 MiB, 90.46 W, 2317 MHz, 12481 MHz, 35
2026/09/27 05:03:56.774, 0, 0 %, 22003 MiB, 91.61 W, 2355 MHz, 12481 MHz, 36
2026/09/27 05:03:56.774, 1, 0 %, 20147 MiB, 90.66 W, 2317 MHz, 12481 MHz, 35
2026/09/27 05:03:57.024, 0, 1 %, 22035 MiB, 91.63 W, 2355 MHz, 12481 MHz, 36
2026/09/27 05:03:57.024, 1, 0 %, 20147 MiB, 90.99 W, 2317 MHz, 12481 MHz, 35
2026/09/27 05:03:57.274, 0, 0 %, 22035 MiB, 91.62 W, 2355 MHz, 12481 MHz, 36
2026/09/27 05:03:57.274, 1, 0 %, 20147 MiB, 91.15 W, 2317 MHz, 12481 MHz, 35
2026/09/27 05:03:57.524, 0, 0 %, 22067 MiB, 91.61 W, 2355 MHz, 12481 MHz, 36
2026/09/27 05:03:57.524, 1, 0 %, 21875 MiB, 91.68 W, 2317 MHz, 12481 MHz, 35
2026/09/27 05:03:57.774, 0, 0 %, 22067 MiB, 91.62 W, 2355 MHz, 12481 MHz, 36
2026/09/27 05:03:57.774, 1, 1 %, 21875 MiB, 91.74 W, 2317 MHz, 12481 MHz, 35
2026/09/27 05:03:58.025, 0, 0 %, 22067 MiB, 91.62 W, 2355 MHz, 12481 MHz, 36
2026/09/27 05:03:58.025, 1, 1 %, 21875 MiB, 91.68 W, 2317 MHz, 12481 MHz, 35
2026/09/27 05:03:58.275, 0, 0 %, 22067 MiB, 91.56 W, 2355 MHz, 12481 MHz, 36
2026/09/27 05:03:58.275, 1, 1 %, 21875 MiB, 91.65 W, 2317 MHz, 12481 MHz, 35
2026/09/27 05:03:58.525, 0, 0 %, 22067 MiB, 91.61 W, 2355 MHz, 12481 MHz, 36
2026/09/27 05:03:58.525, 1, 1 %, 21875 MiB, 91.25 W, 2317 MHz, 12481 MHz, 35
2026/09/27 05:03:58.775, 0, 0 %, 22067 MiB, 91.61 W, 2355 MHz, 12481 MHz, 36
2026/09/27 05:03:58.775, 1, 1 %, 21875 MiB, 91.03 W, 2317 MHz, 12481 MHz, 35
2026/09/27 05:03:59.025, 0, 0 %, 22067 MiB, 91.61 W, 2355 MHz, 12481 MHz, 36
2026/09/27 05:03:59.025, 1, 1 %, 21875 MiB, 90.88 W, 2317 MHz, 12481 MHz, 35
2026/09/27 05:03:59.275, 0, 0 %, 22067 MiB, 91.61 W, 2355 MHz, 12481 MHz, 36
2026/09/27 05:03:59.275, 1, 1 %, 21875 MiB, 90.80 W, 2317 MHz, 12481 MHz, 35
2026/09/27 05:03:59.525, 0, 0 %, 22067 MiB, 92.18 W, 2355 MHz, 12481 MHz, 35
2026/09/27 05:03:59.525, 1, 1 %, 21875 MiB, 90.72 W, 2317 MHz, 12481 MHz, 35
2026/09/27 05:03:59.775, 0, 0 %, 22067 MiB, 92.18 W, 2355 MHz, 12481 MHz, 35
2026/09/27 05:03:59.775, 1, 1 %, 21875 MiB, 90.71 W, 2317 MHz, 12481 MHz, 35
2026/09/27 05:04:00.025, 0, 0 %, 22067 MiB, 92.18 W, 2355 MHz, 12481 MHz, 35
2026/09/27 05:04:00.026, 1, 1 %, 21875 MiB, 90.84 W, 2317 MHz, 12481 MHz, 35
2026/09/27 05:04:00.276, 0, 0 %, 22067 MiB, 92.18 W, 2355 MHz, 12481 MHz, 35
2026/09/27 05:04:00.276, 1, 1 %, 21875 MiB, 91.06 W, 2317 MHz, 12481 MHz, 35
2026/09/27 05:04:00.526, 0, 0 %, 22067 MiB, 91.67 W, 2355 MHz, 12481 MHz, 35
2026/09/27 05:04:00.526, 1, 1 %, 21875 MiB, 91.35 W, 2317 MHz, 12481 MHz, 35
2026/09/27 05:04:00.776, 0, 0 %, 22067 MiB, 91.67 W, 2355 MHz, 12481 MHz, 35
2026/09/27 05:04:00.776, 1, 1 %, 21875 MiB, 91.51 W, 2317 MHz, 12481 MHz, 35
2026/09/27 05:04:01.026, 0, 0 %, 22067 MiB, 91.67 W, 2355 MHz, 12481 MHz, 35
2026/09/27 05:04:01.026, 1, 1 %, 21875 MiB, 91.63 W, 2317 MHz, 12481 MHz, 35
2026/09/27 05:04:01.276, 0, 0 %, 22067 MiB, 91.67 W, 2355 MHz, 12481 MHz, 35
2026/09/27 05:04:01.276, 1, 1 %, 21875 MiB, 91.55 W, 2317 MHz, 12481 MHz, 35
2026/09/27 05:04:01.526, 0, 0 %, 22067 MiB, 91.74 W, 2355 MHz, 12481 MHz, 35
2026/09/27 05:04:01.526, 1, 1 %, 21875 MiB, 91.40 W, 2317 MHz, 12481 MHz, 35
2026/09/27 05:04:01.776, 0, 0 %, 22067 MiB, 91.74 W, 2355 MHz, 12481 MHz, 35
2026/09/27 05:04:01.776, 1, 1 %, 21875 MiB, 91.29 W, 2317 MHz, 12481 MHz, 35
2026/09/27 05:04:02.026, 0, 0 %, 22067 MiB, 91.74 W, 2355 MHz, 12481 MHz, 35
2026/09/27 05:04:02.026, 1, 1 %, 21875 MiB, 91.11 W, 2317 MHz, 12481 MHz, 35
2026/09/27 05:04:02.276, 0, 0 %, 22067 MiB, 91.74 W, 2355 MHz, 12481 MHz, 35
2026/09/27 05:04:02.276, 1, 1 %, 21875 MiB, 91.00 W, 2317 MHz, 12481 MHz, 35
2026/09/27 05:04:02.527, 0, 0 %, 22067 MiB, 91.23 W, 2355 MHz, 12481 MHz, 36
2026/09/27 05:04:02.527, 1, 0 %, 21907 MiB, 90.83 W, 2317 MHz, 12481 MHz, 35
2026/09/27 05:04:02.777, 0, 0 %, 22067 MiB, 91.29 W, 2355 MHz, 12481 MHz, 35
2026/09/27 05:04:02.777, 1, 0 %, 21907 MiB, 90.70 W, 2317 MHz, 12481 MHz, 35
2026/09/27 05:04:03.027, 0, 0 %, 22067 MiB, 91.34 W, 2355 MHz, 12481 MHz, 35
2026/09/27 05:04:03.027, 1, 0 %, 21939 MiB, 90.54 W, 2317 MHz, 12481 MHz, 35
2026/09/27 05:04:03.277, 0, 0 %, 22067 MiB, 91.36 W, 2355 MHz, 12481 MHz, 35
2026/09/27 05:04:03.277, 1, 1 %, 21939 MiB, 90.48 W, 2317 MHz, 12481 MHz, 35
2026/09/27 05:04:03.527, 0, 0 %, 22067 MiB, 91.58 W, 2355 MHz, 12481 MHz, 35
2026/09/27 05:04:03.527, 1, 0 %, 21939 MiB, 90.53 W, 2317 MHz, 12481 MHz, 35
2026/09/27 05:04:03.777, 0, 0 %, 22067 MiB, 91.51 W, 2355 MHz, 12481 MHz, 35
2026/09/27 05:04:03.777, 1, 1 %, 21971 MiB, 90.75 W, 2317 MHz, 12481 MHz, 35
2026/09/27 05:04:04.027, 0, 0 %, 22067 MiB, 91.53 W, 2355 MHz, 12481 MHz, 36
2026/09/27 05:04:04.027, 1, 0 %, 21971 MiB, 91.04 W, 2317 MHz, 12481 MHz, 35
2026/09/27 05:04:04.277, 0, 0 %, 22067 MiB, 91.62 W, 2355 MHz, 12481 MHz, 36
2026/09/27 05:04:04.277, 1, 0 %, 22003 MiB, 91.22 W, 2317 MHz, 12481 MHz, 35
2026/09/27 05:04:04.527, 0, 0 %, 22067 MiB, 91.53 W, 2355 MHz, 12481 MHz, 35
2026/09/27 05:04:04.527, 1, 0 %, 22003 MiB, 91.37 W, 2317 MHz, 12481 MHz, 35
2026/09/27 05:04:04.777, 0, 2 %, 23795 MiB, 92.12 W, 2355 MHz, 12481 MHz, 36
2026/09/27 05:04:04.778, 1, 0 %, 22035 MiB, 91.32 W, 2317 MHz, 12481 MHz, 35
2026/09/27 05:04:05.028, 0, 1 %, 23795 MiB, 92.28 W, 2355 MHz, 12481 MHz, 35
2026/09/27 05:04:05.028, 1, 0 %, 22035 MiB, 91.18 W, 2317 MHz, 12481 MHz, 35
2026/09/27 05:04:05.278, 0, 1 %, 23795 MiB, 92.28 W, 2355 MHz, 12481 MHz, 36
2026/09/27 05:04:05.278, 1, 0 %, 22035 MiB, 91.06 W, 2317 MHz, 12481 MHz, 35
2026/09/27 05:04:05.528, 0, 1 %, 23795 MiB, 92.41 W, 2355 MHz, 12481 MHz, 36
2026/09/27 05:04:05.528, 1, 0 %, 22035 MiB, 90.85 W, 2317 MHz, 12481 MHz, 35
2026/09/27 05:04:05.778, 0, 1 %, 23795 MiB, 91.99 W, 2355 MHz, 12481 MHz, 36
2026/09/27 05:04:05.778, 1, 0 %, 22035 MiB, 90.79 W, 2317 MHz, 12481 MHz, 35
2026/09/27 05:04:06.028, 0, 1 %, 23795 MiB, 91.93 W, 2355 MHz, 12481 MHz, 36
2026/09/27 05:04:06.028, 1, 0 %, 22035 MiB, 90.79 W, 2317 MHz, 12481 MHz, 35
2026/09/27 05:04:06.278, 0, 1 %, 23795 MiB, 91.96 W, 2355 MHz, 12481 MHz, 36
2026/09/27 05:04:06.278, 1, 0 %, 22035 MiB, 90.79 W, 2317 MHz, 12481 MHz, 35
2026/09/27 05:04:06.528, 0, 1 %, 23795 MiB, 91.99 W, 2355 MHz, 12481 MHz, 35
2026/09/27 05:04:06.528, 1, 0 %, 22035 MiB, 90.79 W, 2317 MHz, 12481 MHz, 35
2026/09/27 05:04:06.779, 0, 1 %, 23795 MiB, 91.92 W, 2355 MHz, 12481 MHz, 36
2026/09/27 05:04:06.779, 1, 0 %, 22035 MiB, 88.44 W, 2317 MHz, 12481 MHz, 35
2026/09/27 05:04:07.029, 0, 1 %, 23795 MiB, 91.99 W, 2355 MHz, 12481 MHz, 36
2026/09/27 05:04:07.029, 1, 0 %, 22035 MiB, 88.44 W, 2317 MHz, 12481 MHz, 35
2026/09/27 05:04:07.279, 0, 1 %, 23795 MiB, 91.94 W, 2355 MHz, 12481 MHz, 36
2026/09/27 05:04:07.279, 1, 0 %, 22035 MiB, 88.44 W, 2317 MHz, 12481 MHz, 35
2026/09/27 05:04:07.529, 0, 1 %, 23795 MiB, 91.89 W, 2355 MHz, 12481 MHz, 36
2026/09/27 05:04:07.529, 1, 0 %, 22035 MiB, 88.44 W, 2317 MHz, 12481 MHz, 35
2026/09/27 05:04:07.779, 0, 1 %, 23795 MiB, 91.94 W, 2355 MHz, 12481 MHz, 36
2026/09/27 05:04:07.779, 1, 0 %, 22035 MiB, 88.93 W, 2317 MHz, 12481 MHz, 35
2026/09/27 05:04:08.029, 0, 1 %, 23795 MiB, 91.93 W, 2355 MHz, 12481 MHz, 35
2026/09/27 05:04:08.029, 1, 0 %, 22035 MiB, 88.93 W, 2317 MHz, 12481 MHz, 35
2026/09/27 05:04:08.279, 0, 1 %, 23795 MiB, 91.99 W, 2355 MHz, 12481 MHz, 36
2026/09/27 05:04:08.279, 1, 0 %, 22035 MiB, 88.93 W, 2317 MHz, 12481 MHz, 35
2026/09/27 05:04:08.529, 0, 1 %, 23795 MiB, 92.05 W, 2355 MHz, 12481 MHz, 36
2026/09/27 05:04:08.529, 1, 0 %, 22035 MiB, 88.93 W, 2317 MHz, 12481 MHz, 35
2026/09/27 05:04:08.780, 0, 1 %, 23795 MiB, 92.01 W, 2355 MHz, 12481 MHz, 36
2026/09/27 05:04:08.780, 1, 0 %, 22035 MiB, 88.93 W, 2317 MHz, 12481 MHz, 35
2026/09/27 05:04:09.030, 0, 1 %, 23795 MiB, 92.00 W, 2355 MHz, 12481 MHz, 36
2026/09/27 05:04:09.030, 1, 0 %, 22035 MiB, 88.93 W, 2317 MHz, 12481 MHz, 35
2026/09/27 05:04:09.280, 0, 1 %, 23795 MiB, 92.00 W, 2355 MHz, 12481 MHz, 36
2026/09/27 05:04:09.280, 1, 0 %, 22035 MiB, 88.93 W, 2317 MHz, 12481 MHz, 35
2026/09/27 05:04:09.530, 0, 0 %, 23795 MiB, 91.95 W, 2355 MHz, 12481 MHz, 36
2026/09/27 05:04:09.530, 1, 0 %, 22035 MiB, 88.93 W, 2317 MHz, 12481 MHz, 35
2026/09/27 05:04:09.780, 0, 1 %, 23795 MiB, 91.98 W, 2355 MHz, 12481 MHz, 35
2026/09/27 05:04:09.780, 1, 0 %, 22035 MiB, 88.69 W, 2317 MHz, 12481 MHz, 35
2026/09/27 05:04:10.030, 0, 1 %, 23795 MiB, 91.92 W, 2355 MHz, 12481 MHz, 36
2026/09/27 05:04:10.030, 1, 0 %, 22035 MiB, 88.69 W, 2317 MHz, 12481 MHz, 35
2026/09/27 05:04:10.280, 0, 0 %, 23795 MiB, 91.82 W, 2355 MHz, 12481 MHz, 36
2026/09/27 05:04:10.280, 1, 0 %, 22035 MiB, 88.69 W, 2317 MHz, 12481 MHz, 35
2026/09/27 05:04:10.530, 0, 0 %, 23795 MiB, 91.73 W, 2355 MHz, 12481 MHz, 36
2026/09/27 05:04:10.530, 1, 0 %, 22035 MiB, 88.69 W, 2317 MHz, 12481 MHz, 35
2026/09/27 05:04:10.780, 0, 0 %, 23827 MiB, 91.68 W, 2355 MHz, 12481 MHz, 36
2026/09/27 05:04:10.781, 1, 0 %, 22035 MiB, 88.83 W, 2317 MHz, 12481 MHz, 35
2026/09/27 05:04:11.031, 0, 0 %, 23827 MiB, 91.60 W, 2355 MHz, 12481 MHz, 36
2026/09/27 05:04:11.031, 1, 0 %, 22035 MiB, 89.36 W, 2317 MHz, 12481 MHz, 35
2026/09/27 05:04:11.281, 0, 0 %, 23827 MiB, 91.62 W, 2355 MHz, 12481 MHz, 35
2026/09/27 05:04:11.281, 1, 0 %, 22035 MiB, 89.61 W, 2317 MHz, 12481 MHz, 35
2026/09/27 05:04:11.531, 0, 1 %, 23859 MiB, 91.65 W, 2355 MHz, 12481 MHz, 36
2026/09/27 05:04:11.531, 1, 0 %, 22035 MiB, 89.87 W, 2317 MHz, 12481 MHz, 35
2026/09/27 05:04:11.781, 0, 0 %, 23859 MiB, 91.55 W, 2355 MHz, 12481 MHz, 36
2026/09/27 05:04:11.781, 1, 0 %, 22035 MiB, 91.24 W, 2317 MHz, 12481 MHz, 35
2026/09/27 05:04:12.031, 0, 0 %, 23859 MiB, 91.59 W, 2355 MHz, 12481 MHz, 36
2026/09/27 05:04:12.031, 1, 0 %, 22035 MiB, 91.14 W, 2317 MHz, 12481 MHz, 35
2026/09/27 05:04:12.281, 0, 0 %, 23891 MiB, 91.57 W, 2355 MHz, 12481 MHz, 36
2026/09/27 05:04:12.281, 1, 0 %, 22035 MiB, 91.03 W, 2317 MHz, 12481 MHz, 35
2026/09/27 05:04:12.531, 0, 0 %, 23891 MiB, 91.59 W, 2355 MHz, 12481 MHz, 36
2026/09/27 05:04:12.531, 1, 0 %, 22035 MiB, 90.83 W, 2317 MHz, 12481 MHz, 35
2026/09/27 05:04:12.781, 0, 0 %, 23891 MiB, 91.65 W, 2355 MHz, 12481 MHz, 36
2026/09/27 05:04:12.782, 1, 0 %, 22035 MiB, 90.69 W, 2317 MHz, 12481 MHz, 35
2026/09/27 05:04:13.032, 0, 0 %, 23923 MiB, 91.58 W, 2355 MHz, 12481 MHz, 36
2026/09/27 05:04:13.032, 1, 0 %, 22035 MiB, 90.49 W, 2317 MHz, 12481 MHz, 35
2026/09/27 05:04:13.282, 0, 0 %, 23923 MiB, 91.63 W, 2355 MHz, 12481 MHz, 36
2026/09/27 05:04:13.282, 1, 0 %, 22035 MiB, 90.38 W, 2317 MHz, 12481 MHz, 35
2026/09/27 05:04:13.532, 0, 0 %, 23923 MiB, 91.66 W, 2355 MHz, 12481 MHz, 36
2026/09/27 05:04:13.532, 1, 0 %, 22035 MiB, 90.31 W, 2317 MHz, 12481 MHz, 35
2026/09/27 05:04:13.782, 0, 0 %, 23955 MiB, 91.64 W, 2355 MHz, 12481 MHz, 36
2026/09/27 05:04:13.782, 1, 2 %, 23763 MiB, 90.64 W, 2317 MHz, 12481 MHz, 35
2026/09/27 05:04:14.032, 0, 0 %, 23955 MiB, 91.63 W, 2355 MHz, 12481 MHz, 36
2026/09/27 05:04:14.032, 1, 1 %, 23763 MiB, 90.77 W, 2317 MHz, 12481 MHz, 35
2026/09/27 05:04:14.282, 0, 0 %, 23955 MiB, 91.61 W, 2355 MHz, 12481 MHz, 36
2026/09/27 05:04:14.282, 1, 1 %, 23763 MiB, 91.07 W, 2317 MHz, 12481 MHz, 35
2026/09/27 05:04:14.532, 0, 0 %, 23955 MiB, 91.51 W, 2355 MHz, 12481 MHz, 35
2026/09/27 05:04:14.532, 1, 1 %, 23763 MiB, 91.49 W, 2317 MHz, 12481 MHz, 35
2026/09/27 05:04:14.783, 0, 0 %, 23955 MiB, 91.50 W, 2355 MHz, 12481 MHz, 35
2026/09/27 05:04:14.783, 1, 1 %, 23763 MiB, 91.40 W, 2317 MHz, 12481 MHz, 35
2026/09/27 05:04:15.033, 0, 0 %, 23955 MiB, 91.50 W, 2355 MHz, 12481 MHz, 35
2026/09/27 05:04:15.033, 1, 1 %, 23763 MiB, 91.61 W, 2317 MHz, 12481 MHz, 35
2026/09/27 05:04:15.283, 0, 0 %, 23955 MiB, 91.50 W, 2355 MHz, 12481 MHz, 35
2026/09/27 05:04:15.283, 1, 1 %, 23763 MiB, 91.60 W, 2317 MHz, 12481 MHz, 35
2026/09/27 05:04:15.533, 0, 0 %, 23955 MiB, 91.50 W, 2355 MHz, 12481 MHz, 35
2026/09/27 05:04:15.533, 1, 0 %, 23763 MiB, 91.46 W, 2317 MHz, 12481 MHz, 35
2026/09/27 05:04:15.783, 0, 0 %, 23955 MiB, 92.16 W, 2355 MHz, 12481 MHz, 35
2026/09/27 05:04:15.783, 1, 1 %, 23763 MiB, 91.38 W, 2317 MHz, 12481 MHz, 35
2026/09/27 05:04:16.033, 0, 0 %, 23955 MiB, 92.16 W, 2355 MHz, 12481 MHz, 35
2026/09/27 05:04:16.033, 1, 1 %, 23763 MiB, 91.17 W, 2317 MHz, 12481 MHz, 35
2026/09/27 05:04:16.283, 0, 0 %, 23955 MiB, 92.16 W, 2355 MHz, 12481 MHz, 35
2026/09/27 05:04:16.283, 1, 1 %, 23763 MiB, 91.02 W, 2317 MHz, 12481 MHz, 35
2026/09/27 05:04:16.533, 0, 0 %, 23955 MiB, 92.16 W, 2355 MHz, 12481 MHz, 35
2026/09/27 05:04:16.533, 1, 1 %, 23763 MiB, 90.84 W, 2317 MHz, 12481 MHz, 35
2026/09/27 05:04:16.783, 0, 0 %, 23955 MiB, 92.25 W, 2355 MHz, 12481 MHz, 35
2026/09/27 05:04:16.783, 1, 1 %, 23763 MiB, 90.75 W, 2317 MHz, 12481 MHz, 35
2026/09/27 05:04:17.033, 0, 0 %, 23955 MiB, 92.25 W, 2355 MHz, 12481 MHz, 35
2026/09/27 05:04:17.034, 1, 1 %, 23763 MiB, 90.66 W, 2317 MHz, 12481 MHz, 35
2026/09/27 05:04:17.284, 0, 0 %, 23955 MiB, 92.25 W, 2355 MHz, 12481 MHz, 35
2026/09/27 05:04:17.284, 1, 1 %, 23763 MiB, 90.65 W, 2317 MHz, 12481 MHz, 35
2026/09/27 05:04:17.534, 0, 0 %, 23955 MiB, 92.25 W, 2355 MHz, 12481 MHz, 35
2026/09/27 05:04:17.534, 1, 1 %, 23763 MiB, 90.75 W, 2317 MHz, 12481 MHz, 35
2026/09/27 05:04:17.784, 0, 0 %, 23955 MiB, 91.77 W, 2355 MHz, 12481 MHz, 35
2026/09/27 05:04:17.784, 1, 1 %, 23763 MiB, 90.88 W, 2317 MHz, 12481 MHz, 35
2026/09/27 05:04:18.034, 0, 0 %, 23955 MiB, 91.77 W, 2355 MHz, 12481 MHz, 35
2026/09/27 05:04:18.034, 1, 1 %, 23763 MiB, 91.24 W, 2317 MHz, 12481 MHz, 35
2026/09/27 05:04:18.284, 0, 0 %, 23955 MiB, 91.77 W, 2355 MHz, 12481 MHz, 35
2026/09/27 05:04:18.284, 1, 1 %, 23763 MiB, 91.43 W, 2317 MHz, 12481 MHz, 35
2026/09/27 05:04:18.534, 0, 0 %, 23955 MiB, 91.77 W, 2355 MHz, 12481 MHz, 35
2026/09/27 05:04:18.534, 1, 1 %, 23763 MiB, 91.61 W, 2317 MHz, 12481 MHz, 35
2026/09/27 05:04:18.784, 0, 0 %, 23955 MiB, 91.72 W, 2355 MHz, 12481 MHz, 35
2026/09/27 05:04:18.784, 1, 1 %, 23763 MiB, 91.61 W, 2317 MHz, 12481 MHz, 35
2026/09/27 05:04:19.034, 0, 0 %, 23955 MiB, 91.27 W, 2355 MHz, 12481 MHz, 35
2026/09/27 05:04:19.034, 1, 1 %, 23795 MiB, 91.45 W, 2317 MHz, 12481 MHz, 35
2026/09/27 05:04:19.285, 0, 0 %, 23955 MiB, 91.30 W, 2355 MHz, 12481 MHz, 35
2026/09/27 05:04:19.285, 1, 0 %, 23795 MiB, 91.27 W, 2317 MHz, 12481 MHz, 35
2026/09/27 05:04:19.535, 0, 0 %, 23955 MiB, 91.33 W, 2355 MHz, 12481 MHz, 35
2026/09/27 05:04:19.535, 1, 0 %, 23795 MiB, 91.00 W, 2317 MHz, 12481 MHz, 35
2026/09/27 05:04:19.785, 0, 0 %, 23955 MiB, 91.09 W, 2355 MHz, 12481 MHz, 36
2026/09/27 05:04:19.785, 1, 1 %, 23827 MiB, 90.83 W, 2317 MHz, 12481 MHz, 35
2026/09/27 05:04:20.035, 0, 0 %, 23955 MiB, 91.52 W, 2355 MHz, 12481 MHz, 36
2026/09/27 05:04:20.035, 1, 0 %, 23827 MiB, 90.54 W, 2317 MHz, 12481 MHz, 35
2026/09/27 05:04:20.285, 0, 0 %, 23955 MiB, 91.53 W, 2355 MHz, 12481 MHz, 36
2026/09/27 05:04:20.285, 1, 0 %, 23859 MiB, 90.42 W, 2317 MHz, 12481 MHz, 35
2026/09/27 05:04:20.535, 0, 0 %, 23955 MiB, 91.57 W, 2355 MHz, 12481 MHz, 35
2026/09/27 05:04:20.535, 1, 0 %, 23859 MiB, 90.37 W, 2317 MHz, 12481 MHz, 35
2026/09/27 05:04:20.785, 0, 0 %, 23955 MiB, 91.55 W, 2355 MHz, 12481 MHz, 35
2026/09/27 05:04:20.785, 1, 0 %, 23891 MiB, 90.34 W, 2317 MHz, 12481 MHz, 35
2026/09/27 05:04:21.035, 0, 0 %, 23955 MiB, 91.56 W, 2355 MHz, 12481 MHz, 35
2026/09/27 05:04:21.035, 1, 1 %, 23891 MiB, 90.45 W, 2317 MHz, 12481 MHz, 35
2026/09/27 05:04:21.285, 0, 0 %, 25683 MiB, 91.72 W, 2355 MHz, 12481 MHz, 36
2026/09/27 05:04:21.285, 1, 0 %, 23923 MiB, 90.63 W, 2317 MHz, 12481 MHz, 35
2026/09/27 05:04:21.536, 0, 1 %, 25683 MiB, 91.86 W, 2355 MHz, 12481 MHz, 36
2026/09/27 05:04:21.536, 1, 0 %, 23923 MiB, 90.95 W, 2317 MHz, 12481 MHz, 35
2026/09/27 05:04:21.786, 0, 1 %, 25683 MiB, 91.92 W, 2355 MHz, 12481 MHz, 36
2026/09/27 05:04:21.786, 1, 0 %, 23923 MiB, 91.12 W, 2317 MHz, 12481 MHz, 35
2026/09/27 05:04:22.036, 0, 1 %, 25683 MiB, 92.06 W, 2355 MHz, 12481 MHz, 36
2026/09/27 05:04:22.036, 1, 0 %, 23923 MiB, 91.27 W, 2317 MHz, 12481 MHz, 35
2026/09/27 05:04:22.286, 0, 1 %, 25683 MiB, 91.97 W, 2355 MHz, 12481 MHz, 36
2026/09/27 05:04:22.286, 1, 0 %, 23923 MiB, 91.34 W, 2317 MHz, 12481 MHz, 35
2026/09/27 05:04:22.536, 0, 0 %, 25683 MiB, 91.97 W, 2355 MHz, 12481 MHz, 35
2026/09/27 05:04:22.536, 1, 0 %, 23923 MiB, 91.34 W, 2317 MHz, 12481 MHz, 35
2026/09/27 05:04:22.786, 0, 1 %, 25683 MiB, 91.99 W, 2355 MHz, 12481 MHz, 36
2026/09/27 05:04:22.786, 1, 0 %, 23923 MiB, 91.34 W, 2317 MHz, 12481 MHz, 35
2026/09/27 05:04:23.036, 0, 1 %, 25683 MiB, 91.93 W, 2355 MHz, 12481 MHz, 36
2026/09/27 05:04:23.036, 1, 0 %, 23923 MiB, 91.34 W, 2317 MHz, 12481 MHz, 35
2026/09/27 05:04:23.286, 0, 1 %, 25683 MiB, 91.97 W, 2355 MHz, 12481 MHz, 36
2026/09/27 05:04:23.286, 1, 0 %, 23923 MiB, 88.44 W, 2317 MHz, 12481 MHz, 35
2026/09/27 05:04:23.536, 0, 1 %, 25683 MiB, 91.93 W, 2355 MHz, 12481 MHz, 36
2026/09/27 05:04:23.536, 1, 0 %, 23923 MiB, 88.44 W, 2317 MHz, 12481 MHz, 35
2026/09/27 05:04:23.786, 0, 1 %, 25683 MiB, 91.89 W, 2355 MHz, 12481 MHz, 36
2026/09/27 05:04:23.786, 1, 0 %, 23923 MiB, 88.44 W, 2317 MHz, 12481 MHz, 35
2026/09/27 05:04:24.037, 0, 1 %, 25683 MiB, 91.95 W, 2355 MHz, 12481 MHz, 36
2026/09/27 05:04:24.037, 1, 0 %, 23923 MiB, 88.44 W, 2317 MHz, 12481 MHz, 35
2026/09/27 05:04:24.287, 0, 1 %, 25683 MiB, 91.94 W, 2355 MHz, 12481 MHz, 36
2026/09/27 05:04:24.287, 1, 0 %, 23923 MiB, 88.50 W, 2317 MHz, 12481 MHz, 35
2026/09/27 05:04:24.537, 0, 1 %, 25683 MiB, 91.89 W, 2355 MHz, 12481 MHz, 36
2026/09/27 05:04:24.537, 1, 0 %, 23923 MiB, 88.50 W, 2317 MHz, 12481 MHz, 35
2026/09/27 05:04:24.787, 0, 1 %, 25683 MiB, 91.92 W, 2355 MHz, 12481 MHz, 36
2026/09/27 05:04:24.787, 1, 0 %, 23923 MiB, 88.50 W, 2317 MHz, 12481 MHz, 35
2026/09/27 05:04:25.037, 0, 1 %, 25683 MiB, 91.88 W, 2355 MHz, 12481 MHz, 36
2026/09/27 05:04:25.037, 1, 0 %, 23923 MiB, 88.50 W, 2317 MHz, 12481 MHz, 35
2026/09/27 05:04:25.287, 0, 1 %, 25683 MiB, 91.91 W, 2355 MHz, 12481 MHz, 36
2026/09/27 05:04:25.287, 1, 0 %, 23923 MiB, 88.96 W, 2317 MHz, 12481 MHz, 35
2026/09/27 05:04:25.537, 0, 1 %, 25683 MiB, 91.96 W, 2355 MHz, 12481 MHz, 36
2026/09/27 05:04:25.537, 1, 0 %, 23923 MiB, 88.96 W, 2317 MHz, 12481 MHz, 35
2026/09/27 05:04:25.787, 0, 1 %, 25683 MiB, 91.93 W, 2355 MHz, 12481 MHz, 35
2026/09/27 05:04:25.787, 1, 0 %, 23923 MiB, 88.96 W, 2317 MHz, 12481 MHz, 35
2026/09/27 05:04:26.038, 0, 1 %, 25683 MiB, 91.99 W, 2355 MHz, 12481 MHz, 36
2026/09/27 05:04:26.038, 1, 0 %, 23923 MiB, 88.96 W, 2317 MHz, 12481 MHz, 35
2026/09/27 05:04:26.288, 0, 1 %, 25683 MiB, 92.02 W, 2355 MHz, 12481 MHz, 36
2026/09/27 05:04:26.288, 1, 0 %, 23923 MiB, 88.98 W, 2317 MHz, 12481 MHz, 35
2026/09/27 05:04:26.538, 0, 1 %, 25683 MiB, 92.00 W, 2355 MHz, 12481 MHz, 36
2026/09/27 05:04:26.538, 1, 0 %, 23923 MiB, 88.98 W, 2317 MHz, 12481 MHz, 35
2026/09/27 05:04:26.788, 0, 1 %, 25683 MiB, 92.01 W, 2355 MHz, 12481 MHz, 36
2026/09/27 05:04:26.788, 1, 0 %, 23923 MiB, 88.98 W, 2317 MHz, 12481 MHz, 35
2026/09/27 05:04:27.038, 0, 0 %, 25683 MiB, 91.91 W, 2355 MHz, 12481 MHz, 36
2026/09/27 05:04:27.038, 1, 0 %, 23923 MiB, 88.98 W, 2317 MHz, 12481 MHz, 35
2026/09/27 05:04:27.288, 0, 0 %, 25683 MiB, 91.79 W, 2355 MHz, 12481 MHz, 36
2026/09/27 05:04:27.288, 1, 0 %, 23923 MiB, 88.50 W, 2317 MHz, 12481 MHz, 35
2026/09/27 05:04:27.538, 0, 0 %, 25683 MiB, 91.70 W, 2355 MHz, 12481 MHz, 36
2026/09/27 05:04:27.538, 1, 0 %, 23923 MiB, 88.50 W, 2317 MHz, 12481 MHz, 35
2026/09/27 05:04:27.789, 0, 0 %, 25683 MiB, 91.66 W, 2355 MHz, 12481 MHz, 36
2026/09/27 05:04:27.789, 1, 0 %, 23923 MiB, 88.50 W, 2317 MHz, 12481 MHz, 35
2026/09/27 05:04:28.039, 0, 0 %, 25683 MiB, 91.59 W, 2355 MHz, 12481 MHz, 36
2026/09/27 05:04:28.039, 1, 0 %, 23923 MiB, 88.50 W, 2317 MHz, 12481 MHz, 35
2026/09/27 05:04:28.289, 0, 0 %, 25715 MiB, 91.65 W, 2355 MHz, 12481 MHz, 36
2026/09/27 05:04:28.289, 1, 0 %, 23923 MiB, 88.75 W, 2317 MHz, 12481 MHz, 35
2026/09/27 05:04:28.539, 0, 0 %, 25715 MiB, 91.60 W, 2355 MHz, 12481 MHz, 36
2026/09/27 05:04:28.539, 1, 0 %, 23923 MiB, 89.55 W, 2317 MHz, 12481 MHz, 35
2026/09/27 05:04:28.789, 0, 0 %, 25715 MiB, 91.60 W, 2355 MHz, 12481 MHz, 36
2026/09/27 05:04:28.789, 1, 0 %, 23923 MiB, 89.79 W, 2317 MHz, 12481 MHz, 35
2026/09/27 05:04:29.039, 0, 0 %, 25747 MiB, 91.66 W, 2355 MHz, 12481 MHz, 36
2026/09/27 05:04:29.039, 1, 0 %, 23923 MiB, 90.04 W, 2317 MHz, 12481 MHz, 35
2026/09/27 05:04:29.289, 0, 0 %, 25747 MiB, 91.62 W, 2355 MHz, 12481 MHz, 36
2026/09/27 05:04:29.289, 1, 0 %, 23923 MiB, 91.29 W, 2317 MHz, 12481 MHz, 35
2026/09/27 05:04:29.539, 0, 0 %, 25747 MiB, 91.61 W, 2355 MHz, 12481 MHz, 36
2026/09/27 05:04:29.540, 1, 0 %, 23923 MiB, 91.14 W, 2317 MHz, 12481 MHz, 35
2026/09/27 05:04:29.790, 0, 1 %, 25779 MiB, 91.62 W, 2355 MHz, 12481 MHz, 36
2026/09/27 05:04:29.790, 1, 0 %, 23923 MiB, 91.05 W, 2317 MHz, 12481 MHz, 35
2026/09/27 05:04:30.040, 0, 0 %, 25811 MiB, 91.60 W, 2355 MHz, 12481 MHz, 36
2026/09/27 05:04:30.040, 1, 0 %, 23923 MiB, 90.87 W, 2317 MHz, 12481 MHz, 35
2026/09/27 05:04:30.290, 0, 0 %, 25811 MiB, 91.67 W, 2355 MHz, 12481 MHz, 36
2026/09/27 05:04:30.290, 1, 0 %, 25651 MiB, 90.75 W, 2317 MHz, 12481 MHz, 35
2026/09/27 05:04:30.540, 0, 0 %, 25811 MiB, 91.69 W, 2355 MHz, 12481 MHz, 35
2026/09/27 05:04:30.540, 1, 1 %, 25651 MiB, 90.84 W, 2317 MHz, 12481 MHz, 35
2026/09/27 05:04:30.790, 0, 0 %, 25811 MiB, 91.65 W, 2355 MHz, 12481 MHz, 36
2026/09/27 05:04:30.790, 1, 1 %, 25651 MiB, 90.80 W, 2317 MHz, 12481 MHz, 35
2026/09/27 05:04:31.040, 0, 0 %, 25811 MiB, 91.67 W, 2355 MHz, 12481 MHz, 36
2026/09/27 05:04:31.040, 1, 1 %, 25651 MiB, 90.78 W, 2317 MHz, 12481 MHz, 35
2026/09/27 05:04:31.290, 0, 0 %, 25811 MiB, 91.69 W, 2355 MHz, 12481 MHz, 36
2026/09/27 05:04:31.290, 1, 1 %, 25651 MiB, 90.82 W, 2317 MHz, 12481 MHz, 35
2026/09/27 05:04:31.541, 0, 0 %, 25811 MiB, 91.69 W, 2355 MHz, 12481 MHz, 36
2026/09/27 05:04:31.541, 1, 1 %, 25651 MiB, 90.75 W, 2317 MHz, 12481 MHz, 35
2026/09/27 05:04:31.791, 0, 0 %, 25811 MiB, 91.69 W, 2355 MHz, 12481 MHz, 36
2026/09/27 05:04:31.791, 1, 1 %, 25651 MiB, 90.83 W, 2317 MHz, 12481 MHz, 35
2026/09/27 05:04:32.041, 0, 0 %, 25811 MiB, 91.69 W, 2355 MHz, 12481 MHz, 36
2026/09/27 05:04:32.041, 1, 1 %, 25651 MiB, 91.14 W, 2317 MHz, 12481 MHz, 35
2026/09/27 05:04:32.291, 0, 0 %, 25811 MiB, 89.74 W, 2355 MHz, 12481 MHz, 35
2026/09/27 05:04:32.291, 1, 1 %, 25651 MiB, 91.34 W, 2317 MHz, 12481 MHz, 35
2026/09/27 05:04:32.541, 0, 0 %, 25811 MiB, 89.74 W, 2355 MHz, 12481 MHz, 35
2026/09/27 05:04:32.541, 1, 1 %, 25651 MiB, 91.51 W, 2317 MHz, 12481 MHz, 35
2026/09/27 05:04:32.791, 0, 0 %, 25811 MiB, 89.74 W, 2355 MHz, 12481 MHz, 35
2026/09/27 05:04:32.791, 1, 1 %, 25651 MiB, 91.59 W, 2317 MHz, 12481 MHz, 35
2026/09/27 05:04:33.041, 0, 0 %, 25811 MiB, 89.74 W, 2355 MHz, 12481 MHz, 35
2026/09/27 05:04:33.041, 1, 1 %, 25651 MiB, 91.51 W, 2317 MHz, 12481 MHz, 35
2026/09/27 05:04:33.291, 0, 0 %, 25811 MiB, 89.50 W, 2355 MHz, 12481 MHz, 35
2026/09/27 05:04:33.291, 1, 1 %, 25651 MiB, 91.38 W, 2317 MHz, 12481 MHz, 35
2026/09/27 05:04:33.542, 0, 0 %, 25811 MiB, 89.50 W, 2355 MHz, 12481 MHz, 35
2026/09/27 05:04:33.542, 1, 1 %, 25651 MiB, 91.25 W, 2317 MHz, 12481 MHz, 35
2026/09/27 05:04:33.792, 0, 0 %, 25811 MiB, 89.50 W, 2355 MHz, 12481 MHz, 35
2026/09/27 05:04:33.792, 1, 1 %, 25651 MiB, 91.14 W, 2317 MHz, 12481 MHz, 35
2026/09/27 05:04:34.042, 0, 0 %, 25811 MiB, 89.50 W, 2355 MHz, 12481 MHz, 35
2026/09/27 05:04:34.042, 1, 1 %, 25651 MiB, 90.96 W, 2317 MHz, 12481 MHz, 35
2026/09/27 05:04:34.292, 0, 0 %, 25811 MiB, 89.38 W, 2355 MHz, 12481 MHz, 35
2026/09/27 05:04:34.292, 1, 1 %, 25651 MiB, 90.88 W, 2317 MHz, 12481 MHz, 35
2026/09/27 05:04:34.542, 0, 0 %, 25811 MiB, 89.38 W, 2355 MHz, 12481 MHz, 35
2026/09/27 05:04:34.542, 1, 1 %, 25651 MiB, 90.73 W, 2317 MHz, 12481 MHz, 35
2026/09/27 05:04:34.792, 0, 0 %, 25811 MiB, 89.38 W, 2355 MHz, 12481 MHz, 35
2026/09/27 05:04:34.792, 1, 1 %, 25651 MiB, 90.70 W, 2317 MHz, 12481 MHz, 35
2026/09/27 05:04:35.042, 0, 0 %, 25811 MiB, 89.38 W, 2355 MHz, 12481 MHz, 35
2026/09/27 05:04:35.042, 1, 1 %, 25651 MiB, 90.80 W, 2317 MHz, 12481 MHz, 35
2026/09/27 05:04:35.292, 0, 0 %, 25811 MiB, 90.06 W, 2355 MHz, 12481 MHz, 35
2026/09/27 05:04:35.292, 1, 1 %, 25651 MiB, 90.85 W, 2317 MHz, 12481 MHz, 35
2026/09/27 05:04:35.543, 0, 0 %, 25811 MiB, 90.06 W, 2355 MHz, 12481 MHz, 35
2026/09/27 05:04:35.543, 1, 0 %, 25651 MiB, 91.04 W, 2317 MHz, 12481 MHz, 35
2026/09/27 05:04:35.793, 0, 0 %, 25811 MiB, 90.06 W, 2355 MHz, 12481 MHz, 35
2026/09/27 05:04:35.793, 1, 0 %, 25651 MiB, 91.25 W, 2317 MHz, 12481 MHz, 35
2026/09/27 05:04:36.043, 0, 0 %, 25811 MiB, 90.36 W, 2355 MHz, 12481 MHz, 35
2026/09/27 05:04:36.043, 1, 0 %, 25683 MiB, 91.25 W, 2317 MHz, 12481 MHz, 35
2026/09/27 05:04:36.293, 0, 0 %, 25811 MiB, 90.25 W, 2355 MHz, 12481 MHz, 36
2026/09/27 05:04:36.293, 1, 0 %, 25683 MiB, 91.33 W, 2317 MHz, 12481 MHz, 35
2026/09/27 05:04:36.543, 0, 0 %, 25811 MiB, 90.56 W, 2355 MHz, 12481 MHz, 35
2026/09/27 05:04:36.543, 1, 0 %, 25683 MiB, 91.23 W, 2317 MHz, 12481 MHz, 35
2026/09/27 05:04:36.793, 0, 0 %, 25811 MiB, 90.70 W, 2355 MHz, 12481 MHz, 36
2026/09/27 05:04:36.793, 1, 1 %, 25715 MiB, 91.09 W, 2317 MHz, 12481 MHz, 35
2026/09/27 05:04:37.043, 0, 0 %, 25811 MiB, 91.60 W, 2355 MHz, 12481 MHz, 35
2026/09/27 05:04:37.043, 1, 0 %, 25715 MiB, 90.96 W, 2317 MHz, 12481 MHz, 35
2026/09/27 05:04:37.293, 0, 0 %, 25811 MiB, 91.57 W, 2355 MHz, 12481 MHz, 36
2026/09/27 05:04:37.293, 1, 1 %, 25747 MiB, 90.77 W, 2317 MHz, 12481 MHz, 35
2026/09/27 05:04:37.544, 0, 0 %, 25811 MiB, 91.62 W, 2355 MHz, 12481 MHz, 36
2026/09/27 05:04:37.544, 1, 0 %, 25779 MiB, 90.69 W, 2317 MHz, 12481 MHz, 35
2026/09/27 05:04:37.794, 0, 2 %, 27539 MiB, 91.90 W, 2355 MHz, 12481 MHz, 36
2026/09/27 05:04:37.794, 1, 0 %, 25779 MiB, 90.58 W, 2317 MHz, 12481 MHz, 35
2026/09/27 05:04:38.044, 0, 1 %, 27539 MiB, 92.02 W, 2355 MHz, 12481 MHz, 36
2026/09/27 05:04:38.044, 1, 0 %, 25779 MiB, 90.52 W, 2317 MHz, 12481 MHz, 35
2026/09/27 05:04:38.294, 0, 1 %, 27539 MiB, 92.10 W, 2355 MHz, 12481 MHz, 36
2026/09/27 05:04:38.294, 1, 0 %, 25779 MiB, 90.43 W, 2317 MHz, 12481 MHz, 35
2026/09/27 05:04:38.544, 0, 1 %, 27539 MiB, 92.15 W, 2355 MHz, 12481 MHz, 35
2026/09/27 05:04:38.544, 1, 0 %, 25779 MiB, 90.43 W, 2317 MHz, 12481 MHz, 35
2026/09/27 05:04:38.794, 0, 0 %, 27539 MiB, 91.94 W, 2355 MHz, 12481 MHz, 36
2026/09/27 05:04:38.794, 1, 0 %, 25779 MiB, 90.49 W, 2317 MHz, 12481 MHz, 35
2026/09/27 05:04:39.044, 0, 1 %, 27539 MiB, 92.00 W, 2355 MHz, 12481 MHz, 36
2026/09/27 05:04:39.044, 1, 0 %, 25779 MiB, 90.49 W, 2317 MHz, 12481 MHz, 35
2026/09/27 05:04:39.294, 0, 1 %, 27539 MiB, 91.96 W, 2355 MHz, 12481 MHz, 36
2026/09/27 05:04:39.294, 1, 0 %, 25779 MiB, 90.49 W, 2317 MHz, 12481 MHz, 35
2026/09/27 05:04:39.544, 0, 1 %, 27539 MiB, 92.02 W, 2355 MHz, 12481 MHz, 36
2026/09/27 05:04:39.544, 1, 0 %, 25779 MiB, 90.49 W, 2317 MHz, 12481 MHz, 35
2026/09/27 05:04:39.794, 0, 1 %, 27539 MiB, 92.01 W, 2355 MHz, 12481 MHz, 36
2026/09/27 05:04:39.794, 1, 0 %, 25779 MiB, 91.43 W, 2317 MHz, 12481 MHz, 35
2026/09/27 05:04:40.045, 0, 1 %, 27539 MiB, 92.02 W, 2355 MHz, 12481 MHz, 36
2026/09/27 05:04:40.045, 1, 0 %, 25779 MiB, 91.43 W, 2317 MHz, 12481 MHz, 35
2026/09/27 05:04:40.295, 0, 1 %, 27539 MiB, 92.09 W, 2355 MHz, 12481 MHz, 36
2026/09/27 05:04:40.295, 1, 0 %, 25779 MiB, 91.43 W, 2317 MHz, 12481 MHz, 35
2026/09/27 05:04:40.545, 0, 1 %, 27539 MiB, 92.08 W, 2355 MHz, 12481 MHz, 36
2026/09/27 05:04:40.545, 1, 0 %, 25779 MiB, 91.43 W, 2317 MHz, 12481 MHz, 35
2026/09/27 05:04:40.795, 0, 1 %, 27539 MiB, 92.09 W, 2355 MHz, 12481 MHz, 36
2026/09/27 05:04:40.795, 1, 0 %, 25779 MiB, 91.18 W, 2317 MHz, 12481 MHz, 35
2026/09/27 05:04:41.045, 0, 1 %, 27539 MiB, 92.10 W, 2355 MHz, 12481 MHz, 36
2026/09/27 05:04:41.045, 1, 0 %, 25779 MiB, 91.18 W, 2317 MHz, 12481 MHz, 35
2026/09/27 05:04:41.295, 0, 1 %, 27539 MiB, 92.06 W, 2355 MHz, 12481 MHz, 36
2026/09/27 05:04:41.295, 1, 0 %, 25779 MiB, 91.18 W, 2317 MHz, 12481 MHz, 35
2026/09/27 05:04:41.545, 0, 1 %, 27539 MiB, 92.04 W, 2355 MHz, 12481 MHz, 36
2026/09/27 05:04:41.545, 1, 0 %, 25779 MiB, 91.18 W, 2317 MHz, 12481 MHz, 35
2026/09/27 05:04:41.795, 0, 1 %, 27539 MiB, 92.02 W, 2355 MHz, 12481 MHz, 36
2026/09/27 05:04:41.795, 1, 0 %, 25779 MiB, 90.67 W, 2317 MHz, 12481 MHz, 35
2026/09/27 05:04:42.045, 0, 1 %, 27539 MiB, 91.99 W, 2355 MHz, 12481 MHz, 36
2026/09/27 05:04:42.045, 1, 0 %, 25779 MiB, 90.67 W, 2317 MHz, 12481 MHz, 35
2026/09/27 05:04:42.295, 0, 0 %, 27539 MiB, 91.99 W, 2355 MHz, 12481 MHz, 36
2026/09/27 05:04:42.296, 1, 0 %, 25779 MiB, 90.67 W, 2317 MHz, 12481 MHz, 35
2026/09/27 05:04:42.546, 0, 1 %, 27539 MiB, 92.07 W, 2355 MHz, 12481 MHz, 36
2026/09/27 05:04:42.546, 1, 0 %, 25779 MiB, 90.67 W, 2317 MHz, 12481 MHz, 35
2026/09/27 05:04:42.796, 0, 1 %, 27539 MiB, 92.04 W, 2355 MHz, 12481 MHz, 36
2026/09/27 05:04:42.796, 1, 0 %, 25779 MiB, 90.89 W, 2317 MHz, 12481 MHz, 35
2026/09/27 05:04:43.046, 0, 1 %, 27539 MiB, 92.03 W, 2355 MHz, 12481 MHz, 36
2026/09/27 05:04:43.046, 1, 0 %, 25779 MiB, 90.89 W, 2317 MHz, 12481 MHz, 35
2026/09/27 05:04:43.296, 0, 1 %, 27539 MiB, 92.04 W, 2355 MHz, 12481 MHz, 36
2026/09/27 05:04:43.296, 1, 0 %, 25779 MiB, 90.89 W, 2317 MHz, 12481 MHz, 35
2026/09/27 05:04:43.546, 0, 0 %, 27539 MiB, 91.89 W, 2355 MHz, 12481 MHz, 36
2026/09/27 05:04:43.546, 1, 0 %, 25779 MiB, 90.89 W, 2317 MHz, 12481 MHz, 35
2026/09/27 05:04:43.796, 0, 0 %, 27571 MiB, 91.89 W, 2355 MHz, 12481 MHz, 36
2026/09/27 05:04:43.796, 1, 0 %, 25779 MiB, 90.80 W, 2317 MHz, 12481 MHz, 35
2026/09/27 05:04:44.046, 0, 0 %, 27571 MiB, 91.76 W, 2355 MHz, 12481 MHz, 36
2026/09/27 05:04:44.046, 1, 0 %, 25779 MiB, 90.79 W, 2317 MHz, 12481 MHz, 35
2026/09/27 05:04:44.296, 0, 0 %, 27571 MiB, 91.67 W, 2355 MHz, 12481 MHz, 36
2026/09/27 05:04:44.296, 1, 0 %, 25779 MiB, 90.75 W, 2317 MHz, 12481 MHz, 35
2026/09/27 05:04:44.547, 0, 0 %, 27571 MiB, 91.67 W, 2355 MHz, 12481 MHz, 36
2026/09/27 05:04:44.547, 1, 0 %, 25779 MiB, 90.71 W, 2317 MHz, 12481 MHz, 35
2026/09/27 05:04:44.797, 0, 0 %, 27603 MiB, 91.67 W, 2355 MHz, 12481 MHz, 36
2026/09/27 05:04:44.797, 1, 0 %, 25779 MiB, 90.56 W, 2317 MHz, 12481 MHz, 35
2026/09/27 05:04:45.047, 0, 0 %, 27603 MiB, 91.65 W, 2355 MHz, 12481 MHz, 36
2026/09/27 05:04:45.047, 1, 0 %, 25779 MiB, 90.47 W, 2317 MHz, 12481 MHz, 35
2026/09/27 05:04:45.297, 0, 0 %, 27603 MiB, 91.70 W, 2355 MHz, 12481 MHz, 36
2026/09/27 05:04:45.297, 1, 0 %, 25779 MiB, 90.34 W, 2317 MHz, 12481 MHz, 35
2026/09/27 05:04:45.547, 0, 0 %, 27635 MiB, 91.68 W, 2355 MHz, 12481 MHz, 36
2026/09/27 05:04:45.547, 1, 0 %, 25779 MiB, 90.34 W, 2317 MHz, 12481 MHz, 35
2026/09/27 05:04:45.797, 0, 0 %, 27635 MiB, 91.67 W, 2355 MHz, 12481 MHz, 36
2026/09/27 05:04:45.797, 1, 0 %, 25779 MiB, 90.37 W, 2317 MHz, 12481 MHz, 35
2026/09/27 05:04:46.047, 0, 0 %, 27635 MiB, 91.75 W, 2355 MHz, 12481 MHz, 36
2026/09/27 05:04:46.047, 1, 0 %, 25779 MiB, 90.53 W, 2317 MHz, 12481 MHz, 35
2026/09/27 05:04:46.297, 0, 0 %, 27667 MiB, 91.70 W, 2355 MHz, 12481 MHz, 36
2026/09/27 05:04:46.297, 1, 0 %, 25779 MiB, 90.91 W, 2317 MHz, 12481 MHz, 35
2026/09/27 05:04:46.548, 0, 0 %, 27667 MiB, 91.72 W, 2355 MHz, 12481 MHz, 36
2026/09/27 05:04:46.548, 1, 0 %, 25779 MiB, 91.09 W, 2317 MHz, 12481 MHz, 35
2026/09/27 05:04:46.798, 0, 0 %, 27699 MiB, 91.71 W, 2355 MHz, 12481 MHz, 36
2026/09/27 05:04:46.798, 1, 0 %, 25779 MiB, 91.27 W, 2317 MHz, 12481 MHz, 35
2026/09/27 05:04:47.048, 0, 0 %, 27699 MiB, 91.73 W, 2355 MHz, 12481 MHz, 36
2026/09/27 05:04:47.048, 1, 0 %, 27507 MiB, 91.46 W, 2317 MHz, 12481 MHz, 35
2026/09/27 05:04:47.298, 0, 0 %, 27699 MiB, 91.72 W, 2355 MHz, 12481 MHz, 36
2026/09/27 05:04:47.298, 1, 1 %, 27507 MiB, 91.46 W, 2317 MHz, 12481 MHz, 35
2026/09/27 05:04:47.548, 0, 0 %, 27699 MiB, 91.81 W, 2355 MHz, 12481 MHz, 36
2026/09/27 05:04:47.548, 1, 1 %, 27507 MiB, 91.44 W, 2317 MHz, 12481 MHz, 35
2026/09/27 05:04:47.798, 0, 0 %, 27699 MiB, 91.73 W, 2355 MHz, 12481 MHz, 36
2026/09/27 05:04:47.798, 1, 1 %, 27507 MiB, 91.32 W, 2317 MHz, 12481 MHz, 35
2026/09/27 05:04:48.048, 0, 0 %, 27699 MiB, 91.74 W, 2355 MHz, 12481 MHz, 36
2026/09/27 05:04:48.048, 1, 1 %, 27507 MiB, 91.06 W, 2317 MHz, 12481 MHz, 35
2026/09/27 05:04:48.299, 0, 0 %, 27699 MiB, 91.74 W, 2355 MHz, 12481 MHz, 36
2026/09/27 05:04:48.299, 1, 1 %, 27507 MiB, 90.87 W, 2317 MHz, 12481 MHz, 35
2026/09/27 05:04:48.549, 0, 0 %, 27699 MiB, 91.74 W, 2355 MHz, 12481 MHz, 36
2026/09/27 05:04:48.549, 1, 1 %, 27507 MiB, 90.74 W, 2317 MHz, 12481 MHz, 35
2026/09/27 05:04:48.799, 0, 0 %, 27699 MiB, 91.74 W, 2355 MHz, 12481 MHz, 36
2026/09/27 05:04:48.799, 1, 1 %, 27507 MiB, 90.65 W, 2317 MHz, 12481 MHz, 35
2026/09/27 05:04:49.049, 0, 0 %, 27699 MiB, 90.20 W, 2355 MHz, 12481 MHz, 35
2026/09/27 05:04:49.049, 1, 1 %, 27507 MiB, 90.61 W, 2317 MHz, 12481 MHz, 35
2026/09/27 05:04:49.299, 0, 0 %, 27699 MiB, 90.20 W, 2355 MHz, 12481 MHz, 35
2026/09/27 05:04:49.299, 1, 1 %, 27507 MiB, 90.69 W, 2317 MHz, 12481 MHz, 35
2026/09/27 05:04:49.549, 0, 0 %, 27699 MiB, 90.20 W, 2355 MHz, 12481 MHz, 35
2026/09/27 05:04:49.549, 1, 1 %, 27507 MiB, 90.88 W, 2317 MHz, 12481 MHz, 35
2026/09/27 05:04:49.799, 0, 0 %, 27699 MiB, 90.20 W, 2355 MHz, 12481 MHz, 35
2026/09/27 05:04:49.799, 1, 1 %, 27507 MiB, 91.22 W, 2317 MHz, 12481 MHz, 35
2026/09/27 05:04:50.050, 0, 0 %, 27699 MiB, 89.96 W, 2355 MHz, 12481 MHz, 35
2026/09/27 05:04:50.050, 1, 1 %, 27507 MiB, 91.46 W, 2317 MHz, 12481 MHz, 35
2026/09/27 05:04:50.300, 0, 0 %, 27699 MiB, 89.96 W, 2355 MHz, 12481 MHz, 35
2026/09/27 05:04:50.300, 1, 1 %, 27507 MiB, 91.65 W, 2317 MHz, 12481 MHz, 35
2026/09/27 05:04:50.550, 0, 0 %, 27699 MiB, 89.96 W, 2355 MHz, 12481 MHz, 35
2026/09/27 05:04:50.550, 1, 1 %, 27507 MiB, 91.63 W, 2317 MHz, 12481 MHz, 35
2026/09/27 05:04:50.800, 0, 0 %, 27699 MiB, 89.96 W, 2355 MHz, 12481 MHz, 35
2026/09/27 05:04:50.800, 1, 1 %, 27507 MiB, 91.50 W, 2317 MHz, 12481 MHz, 35
2026/09/27 05:04:51.050, 0, 0 %, 27699 MiB, 91.27 W, 2355 MHz, 12481 MHz, 35
2026/09/27 05:04:51.050, 1, 1 %, 27507 MiB, 91.37 W, 2317 MHz, 12481 MHz, 35
2026/09/27 05:04:51.300, 0, 0 %, 27699 MiB, 91.27 W, 2355 MHz, 12481 MHz, 35
2026/09/27 05:04:51.300, 1, 1 %, 27507 MiB, 91.21 W, 2317 MHz, 12481 MHz, 35
2026/09/27 05:04:51.550, 0, 0 %, 27699 MiB, 91.27 W, 2355 MHz, 12481 MHz, 35
2026/09/27 05:04:51.550, 1, 1 %, 27507 MiB, 91.10 W, 2317 MHz, 12481 MHz, 35
2026/09/27 05:04:51.800, 0, 0 %, 27699 MiB, 91.27 W, 2355 MHz, 12481 MHz, 35
2026/09/27 05:04:51.800, 1, 1 %, 27507 MiB, 90.88 W, 2317 MHz, 12481 MHz, 35
2026/09/27 05:04:52.051, 0, 0 %, 27699 MiB, 90.98 W, 2355 MHz, 12481 MHz, 35
2026/09/27 05:04:52.051, 1, 0 %, 27507 MiB, 90.73 W, 2317 MHz, 12481 MHz, 35
2026/09/27 05:04:52.301, 0, 0 %, 27699 MiB, 90.98 W, 2355 MHz, 12481 MHz, 35
2026/09/27 05:04:52.301, 1, 1 %, 27507 MiB, 90.59 W, 2317 MHz, 12481 MHz, 35
2026/09/27 05:04:52.551, 0, 0 %, 27699 MiB, 90.98 W, 2355 MHz, 12481 MHz, 35
2026/09/27 05:04:52.551, 1, 1 %, 27507 MiB, 90.55 W, 2317 MHz, 12481 MHz, 35
2026/09/27 05:04:52.801, 0, 0 %, 27699 MiB, 90.53 W, 2355 MHz, 12481 MHz, 35
2026/09/27 05:04:52.801, 1, 1 %, 27539 MiB, 90.57 W, 2317 MHz, 12481 MHz, 35
2026/09/27 05:04:53.051, 0, 0 %, 27699 MiB, 90.70 W, 2355 MHz, 12481 MHz, 36
2026/09/27 05:04:53.051, 1, 0 %, 27539 MiB, 90.65 W, 2317 MHz, 12481 MHz, 35
2026/09/27 05:04:53.301, 0, 0 %, 27699 MiB, 90.84 W, 2355 MHz, 12481 MHz, 36
2026/09/27 05:04:53.301, 1, 0 %, 27539 MiB, 90.91 W, 2317 MHz, 12481 MHz, 35
2026/09/27 05:04:53.551, 0, 0 %, 27699 MiB, 90.96 W, 2355 MHz, 12481 MHz, 36
2026/09/27 05:04:53.551, 1, 0 %, 27571 MiB, 91.04 W, 2317 MHz, 12481 MHz, 35
2026/09/27 05:04:53.802, 0, 0 %, 27699 MiB, 91.62 W, 2355 MHz, 12481 MHz, 36
2026/09/27 05:04:53.802, 1, 0 %, 27571 MiB, 91.26 W, 2317 MHz, 12481 MHz, 35
2026/09/27 05:04:54.052, 0, 0 %, 27699 MiB, 91.58 W, 2355 MHz, 12481 MHz, 36
2026/09/27 05:04:54.052, 1, 0 %, 27571 MiB, 91.33 W, 2317 MHz, 12481 MHz, 35
2026/09/27 05:04:54.302, 0, 0 %, 27699 MiB, 91.56 W, 2355 MHz, 12481 MHz, 36
2026/09/27 05:04:54.302, 1, 0 %, 27603 MiB, 91.27 W, 2317 MHz, 12481 MHz, 35
2026/09/27 05:04:54.552, 0, 0 %, 27699 MiB, 91.57 W, 2355 MHz, 12481 MHz, 35
2026/09/27 05:04:54.552, 1, 0 %, 27603 MiB, 91.18 W, 2317 MHz, 12481 MHz, 35
2026/09/27 05:04:54.802, 0, 0 %, 27699 MiB, 91.56 W, 2355 MHz, 12481 MHz, 36
2026/09/27 05:04:54.802, 1, 0 %, 27635 MiB, 91.03 W, 2317 MHz, 12481 MHz, 35
2026/09/27 05:04:55.052, 0, 0 %, 27699 MiB, 91.58 W, 2355 MHz, 12481 MHz, 36
2026/09/27 05:04:55.052, 1, 1 %, 27667 MiB, 90.88 W, 2317 MHz, 12481 MHz, 35
2026/09/27 05:04:55.302, 0, 0 %, 29427 MiB, 92.19 W, 2355 MHz, 12481 MHz, 36
2026/09/27 05:04:55.302, 1, 0 %, 27667 MiB, 90.71 W, 2317 MHz, 12481 MHz, 35
2026/09/27 05:04:55.552, 0, 1 %, 29427 MiB, 92.38 W, 2355 MHz, 12481 MHz, 36
2026/09/27 05:04:55.552, 1, 0 %, 27667 MiB, 90.60 W, 2317 MHz, 12481 MHz, 35
2026/09/27 05:04:55.802, 0, 1 %, 29427 MiB, 92.48 W, 2355 MHz, 12481 MHz, 36
2026/09/27 05:04:55.803, 1, 0 %, 27667 MiB, 90.46 W, 2317 MHz, 12481 MHz, 35
2026/09/27 05:04:56.053, 0, 1 %, 29427 MiB, 92.61 W, 2355 MHz, 12481 MHz, 36
2026/09/27 05:04:56.053, 1, 0 %, 27667 MiB, 90.41 W, 2317 MHz, 12481 MHz, 35
2026/09/27 05:04:56.303, 0, 0 %, 29427 MiB, 92.18 W, 2355 MHz, 12481 MHz, 36
2026/09/27 05:04:56.303, 1, 0 %, 27667 MiB, 90.41 W, 2317 MHz, 12481 MHz, 35
2026/09/27 05:04:56.553, 0, 0 %, 29427 MiB, 92.05 W, 2355 MHz, 12481 MHz, 36
2026/09/27 05:04:56.553, 1, 0 %, 27667 MiB, 90.41 W, 2317 MHz, 12481 MHz, 35
2026/09/27 05:04:56.803, 0, 0 %, 29427 MiB, 92.04 W, 2355 MHz, 12481 MHz, 36
2026/09/27 05:04:56.803, 1, 0 %, 27667 MiB, 90.41 W, 2317 MHz, 12481 MHz, 35
2026/09/27 05:04:57.053, 0, 1 %, 29427 MiB, 91.98 W, 2355 MHz, 12481 MHz, 36
2026/09/27 05:04:57.053, 1, 0 %, 27667 MiB, 90.41 W, 2317 MHz, 12481 MHz, 35
2026/09/27 05:04:57.303, 0, 1 %, 29427 MiB, 92.01 W, 2355 MHz, 12481 MHz, 36
2026/09/27 05:04:57.303, 1, 0 %, 27667 MiB, 89.43 W, 2317 MHz, 12481 MHz, 35
2026/09/27 05:04:57.553, 0, 1 %, 29427 MiB, 92.00 W, 2355 MHz, 12481 MHz, 36
2026/09/27 05:04:57.553, 1, 0 %, 27667 MiB, 89.43 W, 2317 MHz, 12481 MHz, 35
2026/09/27 05:04:57.803, 0, 1 %, 29427 MiB, 91.96 W, 2355 MHz, 12481 MHz, 36
2026/09/27 05:04:57.803, 1, 0 %, 27667 MiB, 89.43 W, 2317 MHz, 12481 MHz, 35
2026/09/27 05:04:58.053, 0, 1 %, 29427 MiB, 92.09 W, 2355 MHz, 12481 MHz, 36
2026/09/27 05:04:58.053, 1, 0 %, 27667 MiB, 89.43 W, 2317 MHz, 12481 MHz, 35
2026/09/27 05:04:58.303, 0, 1 %, 29427 MiB, 92.04 W, 2355 MHz, 12481 MHz, 36
2026/09/27 05:04:58.304, 1, 0 %, 27667 MiB, 88.93 W, 2317 MHz, 12481 MHz, 35
2026/09/27 05:04:58.554, 0, 1 %, 29427 MiB, 92.04 W, 2355 MHz, 12481 MHz, 36
2026/09/27 05:04:58.554, 1, 0 %, 27667 MiB, 88.93 W, 2317 MHz, 12481 MHz, 35
2026/09/27 05:04:58.804, 0, 0 %, 29427 MiB, 92.07 W, 2355 MHz, 12481 MHz, 36
2026/09/27 05:04:58.804, 1, 0 %, 27667 MiB, 88.93 W, 2317 MHz, 12481 MHz, 35
2026/09/27 05:04:59.054, 0, 1 %, 29427 MiB, 91.97 W, 2355 MHz, 12481 MHz, 36
2026/09/27 05:04:59.054, 1, 0 %, 27667 MiB, 88.93 W, 2317 MHz, 12481 MHz, 35
2026/09/27 05:04:59.304, 0, 1 %, 29427 MiB, 92.03 W, 2355 MHz, 12481 MHz, 36
2026/09/27 05:04:59.304, 1, 0 %, 27667 MiB, 88.71 W, 2317 MHz, 12481 MHz, 35
2026/09/27 05:04:59.554, 0, 1 %, 29427 MiB, 92.04 W, 2355 MHz, 12481 MHz, 36
2026/09/27 05:04:59.554, 1, 0 %, 27667 MiB, 88.71 W, 2317 MHz, 12481 MHz, 35
2026/09/27 05:04:59.804, 0, 1 %, 29427 MiB, 91.97 W, 2355 MHz, 12481 MHz, 36
2026/09/27 05:04:59.804, 1, 0 %, 27667 MiB, 88.71 W, 2317 MHz, 12481 MHz, 35
2026/09/27 05:05:00.054, 0, 1 %, 29427 MiB, 92.00 W, 2355 MHz, 12481 MHz, 36
2026/09/27 05:05:00.054, 1, 0 %, 27667 MiB, 88.71 W, 2317 MHz, 12481 MHz, 35
2026/09/27 05:05:00.304, 0, 1 %, 29427 MiB, 92.02 W, 2355 MHz, 12481 MHz, 36
2026/09/27 05:05:00.304, 1, 0 %, 27667 MiB, 89.47 W, 2317 MHz, 12481 MHz, 35
2026/09/27 05:05:00.554, 0, 1 %, 29427 MiB, 92.01 W, 2355 MHz, 12481 MHz, 36
2026/09/27 05:05:00.554, 1, 0 %, 27667 MiB, 89.47 W, 2317 MHz, 12481 MHz, 35
2026/09/27 05:05:00.804, 0, 1 %, 29427 MiB, 92.03 W, 2355 MHz, 12481 MHz, 36
2026/09/27 05:05:00.804, 1, 0 %, 27667 MiB, 89.47 W, 2317 MHz, 12481 MHz, 35
2026/09/27 05:05:01.055, 0, 1 %, 29427 MiB, 92.07 W, 2355 MHz, 12481 MHz, 36
2026/09/27 05:05:01.055, 1, 0 %, 27667 MiB, 89.47 W, 2317 MHz, 12481 MHz, 35
2026/09/27 05:05:01.305, 0, 1 %, 29427 MiB, 92.03 W, 2355 MHz, 12481 MHz, 36
2026/09/27 05:05:01.305, 1, 0 %, 27667 MiB, 89.47 W, 2317 MHz, 12481 MHz, 35
2026/09/27 05:05:01.555, 0, 0 %, 29459 MiB, 91.96 W, 2355 MHz, 12481 MHz, 36
2026/09/27 05:05:01.555, 1, 0 %, 27667 MiB, 89.47 W, 2317 MHz, 12481 MHz, 35
2026/09/27 05:05:01.805, 0, 0 %, 29459 MiB, 91.88 W, 2355 MHz, 12481 MHz, 36
2026/09/27 05:05:01.805, 1, 0 %, 27667 MiB, 89.78 W, 2317 MHz, 12481 MHz, 35
2026/09/27 05:05:02.055, 0, 0 %, 29459 MiB, 91.73 W, 2355 MHz, 12481 MHz, 36
2026/09/27 05:05:02.055, 1, 0 %, 27667 MiB, 89.88 W, 2317 MHz, 12481 MHz, 35
2026/09/27 05:05:02.305, 0, 0 %, 29491 MiB, 91.67 W, 2355 MHz, 12481 MHz, 36
2026/09/27 05:05:02.305, 1, 0 %, 27667 MiB, 90.39 W, 2317 MHz, 12481 MHz, 35
2026/09/27 05:05:02.555, 0, 0 %, 29491 MiB, 91.65 W, 2355 MHz, 12481 MHz, 36
2026/09/27 05:05:02.555, 1, 0 %, 27667 MiB, 90.40 W, 2317 MHz, 12481 MHz, 35
2026/09/27 05:05:02.805, 0, 0 %, 29491 MiB, 91.64 W, 2355 MHz, 12481 MHz, 36
2026/09/27 05:05:02.805, 1, 0 %, 27667 MiB, 90.44 W, 2317 MHz, 12481 MHz, 35
2026/09/27 05:05:03.055, 0, 0 %, 29523 MiB, 91.69 W, 2355 MHz, 12481 MHz, 36
2026/09/27 05:05:03.055, 1, 0 %, 27667 MiB, 90.38 W, 2317 MHz, 12481 MHz, 35
2026/09/27 05:05:03.305, 0, 1 %, 29523 MiB, 91.64 W, 2355 MHz, 12481 MHz, 36
2026/09/27 05:05:03.306, 1, 0 %, 27667 MiB, 90.38 W, 2317 MHz, 12481 MHz, 35
2026/09/27 05:05:03.556, 0, 0 %, 29523 MiB, 91.63 W, 2355 MHz, 12481 MHz, 36
2026/09/27 05:05:03.556, 1, 0 %, 27667 MiB, 90.42 W, 2317 MHz, 12481 MHz, 35
2026/09/27 05:05:03.806, 0, 0 %, 29555 MiB, 91.65 W, 2355 MHz, 12481 MHz, 36
2026/09/27 05:05:03.806, 1, 0 %, 27667 MiB, 90.62 W, 2317 MHz, 12481 MHz, 35
2026/09/27 05:05:04.056, 0, 0 %, 29555 MiB, 91.60 W, 2355 MHz, 12481 MHz, 36
2026/09/27 05:05:04.056, 1, 0 %, 27667 MiB, 90.81 W, 2317 MHz, 12481 MHz, 35
2026/09/27 05:05:04.306, 0, 0 %, 29587 MiB, 91.64 W, 2355 MHz, 12481 MHz, 36
2026/09/27 05:05:04.306, 1, 0 %, 29395 MiB, 91.48 W, 2317 MHz, 12481 MHz, 35
2026/09/27 05:05:04.556, 0, 0 %, 29587 MiB, 91.71 W, 2355 MHz, 12481 MHz, 36
2026/09/27 05:05:04.556, 1, 0 %, 29395 MiB, 91.62 W, 2317 MHz, 12481 MHz, 35
2026/09/27 05:05:04.806, 0, 0 %, 29587 MiB, 91.71 W, 2355 MHz, 12481 MHz, 36
2026/09/27 05:05:04.806, 1, 1 %, 29395 MiB, 91.75 W, 2317 MHz, 12481 MHz, 35
2026/09/27 05:05:05.056, 0, 0 %, 29587 MiB, 91.69 W, 2355 MHz, 12481 MHz, 36
2026/09/27 05:05:05.056, 1, 1 %, 29395 MiB, 91.73 W, 2317 MHz, 12481 MHz, 35
2026/09/27 05:05:05.307, 0, 0 %, 29587 MiB, 91.71 W, 2355 MHz, 12481 MHz, 36
2026/09/27 05:05:05.307, 1, 1 %, 29395 MiB, 91.36 W, 2317 MHz, 12481 MHz, 35
2026/09/27 05:05:05.557, 0, 0 %, 29587 MiB, 91.71 W, 2355 MHz, 12481 MHz, 36
2026/09/27 05:05:05.557, 1, 1 %, 29395 MiB, 91.26 W, 2317 MHz, 12481 MHz, 35
2026/09/27 05:05:05.807, 0, 0 %, 29587 MiB, 91.71 W, 2355 MHz, 12481 MHz, 36
2026/09/27 05:05:05.807, 1, 1 %, 29395 MiB, 91.07 W, 2317 MHz, 12481 MHz, 35
2026/09/27 05:05:06.057, 0, 0 %, 29587 MiB, 91.71 W, 2355 MHz, 12481 MHz, 36
2026/09/27 05:05:06.057, 1, 1 %, 29395 MiB, 90.98 W, 2317 MHz, 12481 MHz, 35
2026/09/27 05:05:06.307, 0, 0 %, 29587 MiB, 89.71 W, 2355 MHz, 12481 MHz, 35
2026/09/27 05:05:06.307, 1, 0 %, 29395 MiB, 90.76 W, 2317 MHz, 12481 MHz, 35
2026/09/27 05:05:06.557, 0, 0 %, 29587 MiB, 89.71 W, 2355 MHz, 12481 MHz, 35
2026/09/27 05:05:06.557, 1, 1 %, 29395 MiB, 90.70 W, 2317 MHz, 12481 MHz, 35
2026/09/27 05:05:06.807, 0, 0 %, 29587 MiB, 89.71 W, 2355 MHz, 12481 MHz, 35
2026/09/27 05:05:06.807, 1, 1 %, 29395 MiB, 90.67 W, 2317 MHz, 12481 MHz, 35
2026/09/27 05:05:07.057, 0, 0 %, 29587 MiB, 89.71 W, 2355 MHz, 12481 MHz, 35
2026/09/27 05:05:07.058, 1, 1 %, 29395 MiB, 90.70 W, 2317 MHz, 12481 MHz, 35
2026/09/27 05:05:07.308, 0, 0 %, 29587 MiB, 89.46 W, 2355 MHz, 12481 MHz, 35
2026/09/27 05:05:07.308, 1, 1 %, 29395 MiB, 90.93 W, 2317 MHz, 12481 MHz, 35
2026/09/27 05:05:07.558, 0, 0 %, 29587 MiB, 89.46 W, 2355 MHz, 12481 MHz, 35
2026/09/27 05:05:07.558, 1, 1 %, 29395 MiB, 91.15 W, 2317 MHz, 12481 MHz, 35
2026/09/27 05:05:07.808, 0, 0 %, 29587 MiB, 89.46 W, 2355 MHz, 12481 MHz, 35
2026/09/27 05:05:07.808, 1, 1 %, 29395 MiB, 91.48 W, 2317 MHz, 12481 MHz, 35
2026/09/27 05:05:08.058, 0, 0 %, 29587 MiB, 89.46 W, 2355 MHz, 12481 MHz, 35
2026/09/27 05:05:08.058, 1, 1 %, 29395 MiB, 91.58 W, 2317 MHz, 12481 MHz, 35
2026/09/27 05:05:08.308, 0, 0 %, 29587 MiB, 89.27 W, 2355 MHz, 12481 MHz, 35
2026/09/27 05:05:08.308, 1, 1 %, 29395 MiB, 91.62 W, 2317 MHz, 12481 MHz, 35
2026/09/27 05:05:08.558, 0, 0 %, 29587 MiB, 89.27 W, 2355 MHz, 12481 MHz, 35
2026/09/27 05:05:08.558, 1, 1 %, 29395 MiB, 91.53 W, 2317 MHz, 12481 MHz, 35
2026/09/27 05:05:08.808, 0, 0 %, 29587 MiB, 89.27 W, 2355 MHz, 12481 MHz, 35
2026/09/27 05:05:08.808, 1, 1 %, 29395 MiB, 91.38 W, 2317 MHz, 12481 MHz, 35
2026/09/27 05:05:09.059, 0, 0 %, 29587 MiB, 89.27 W, 2355 MHz, 12481 MHz, 35
2026/09/27 05:05:09.059, 1, 1 %, 29395 MiB, 91.28 W, 2317 MHz, 12481 MHz, 35
2026/09/27 05:05:09.309, 0, 0 %, 29587 MiB, 90.68 W, 2355 MHz, 12481 MHz, 35
2026/09/27 05:05:09.309, 1, 1 %, 29395 MiB, 91.10 W, 2317 MHz, 12481 MHz, 35
2026/09/27 05:05:09.559, 0, 0 %, 29587 MiB, 90.68 W, 2355 MHz, 12481 MHz, 35
2026/09/27 05:05:09.559, 1, 1 %, 29395 MiB, 90.97 W, 2317 MHz, 12481 MHz, 35
2026/09/27 05:05:09.809, 0, 0 %, 29587 MiB, 90.68 W, 2355 MHz, 12481 MHz, 35
2026/09/27 05:05:09.809, 1, 1 %, 29395 MiB, 90.75 W, 2317 MHz, 12481 MHz, 35
2026/09/27 05:05:10.059, 0, 0 %, 29587 MiB, 90.56 W, 2355 MHz, 12481 MHz, 35
2026/09/27 05:05:10.059, 1, 1 %, 29427 MiB, 90.64 W, 2317 MHz, 12481 MHz, 35
2026/09/27 05:05:10.309, 0, 0 %, 29587 MiB, 90.65 W, 2355 MHz, 12481 MHz, 36
2026/09/27 05:05:10.309, 1, 0 %, 29427 MiB, 90.49 W, 2317 MHz, 12481 MHz, 35
2026/09/27 05:05:10.559, 0, 0 %, 29587 MiB, 90.86 W, 2355 MHz, 12481 MHz, 35
2026/09/27 05:05:10.559, 1, 0 %, 29459 MiB, 90.45 W, 2317 MHz, 12481 MHz, 35
2026/09/27 05:05:10.810, 0, 0 %, 29587 MiB, 90.97 W, 2355 MHz, 12481 MHz, 36
2026/09/27 05:05:10.810, 1, 1 %, 29459 MiB, 90.57 W, 2317 MHz, 12481 MHz, 35
2026/09/27 05:05:11.060, 0, 0 %, 29587 MiB, 91.57 W, 2355 MHz, 12481 MHz, 36
2026/09/27 05:05:11.060, 1, 0 %, 29459 MiB, 90.76 W, 2317 MHz, 12481 MHz, 35
2026/09/27 05:05:11.310, 0, 0 %, 29587 MiB, 91.54 W, 2355 MHz, 12481 MHz, 36
2026/09/27 05:05:11.310, 1, 0 %, 29491 MiB, 91.02 W, 2317 MHz, 12481 MHz, 35
2026/09/27 05:05:11.560, 0, 0 %, 29587 MiB, 91.58 W, 2355 MHz, 12481 MHz, 36
2026/09/27 05:05:11.560, 1, 0 %, 29491 MiB, 91.21 W, 2317 MHz, 12481 MHz, 35
2026/09/27 05:05:11.810, 0, 0 %, 29587 MiB, 91.57 W, 2355 MHz, 12481 MHz, 36
2026/09/27 05:05:11.810, 1, 0 %, 29491 MiB, 91.28 W, 2317 MHz, 12481 MHz, 35
2026/09/27 05:05:12.060, 0, 0 %, 29587 MiB, 91.58 W, 2355 MHz, 12481 MHz, 36
2026/09/27 05:05:12.060, 1, 0 %, 29523 MiB, 91.22 W, 2317 MHz, 12481 MHz, 35
2026/09/27 05:05:12.310, 0, 0 %, 29587 MiB, 91.60 W, 2355 MHz, 12481 MHz, 36
2026/09/27 05:05:12.310, 1, 0 %, 29523 MiB, 91.08 W, 2317 MHz, 12481 MHz, 35
2026/09/27 05:05:12.560, 0, 2 %, 31315 MiB, 91.86 W, 2355 MHz, 12481 MHz, 36
2026/09/27 05:05:12.561, 1, 0 %, 29555 MiB, 90.97 W, 2317 MHz, 12481 MHz, 35
2026/09/27 05:05:12.811, 0, 1 %, 31315 MiB, 91.96 W, 2355 MHz, 12481 MHz, 36
2026/09/27 05:05:12.811, 1, 0 %, 29555 MiB, 90.74 W, 2317 MHz, 12481 MHz, 35
2026/09/27 05:05:13.061, 0, 1 %, 31315 MiB, 92.04 W, 2355 MHz, 12481 MHz, 36
2026/09/27 05:05:13.061, 1, 0 %, 29555 MiB, 90.61 W, 2317 MHz, 12481 MHz, 35
2026/09/27 05:05:13.311, 0, 1 %, 31315 MiB, 92.14 W, 2355 MHz, 12481 MHz, 36
2026/09/27 05:05:13.311, 1, 0 %, 29555 MiB, 90.45 W, 2317 MHz, 12481 MHz, 35
2026/09/27 05:05:13.561, 0, 1 %, 31315 MiB, 91.98 W, 2355 MHz, 12481 MHz, 36
2026/09/27 05:05:13.561, 1, 0 %, 29555 MiB, 90.42 W, 2317 MHz, 12481 MHz, 35
2026/09/27 05:05:13.811, 0, 1 %, 31315 MiB, 92.02 W, 2355 MHz, 12481 MHz, 36
2026/09/27 05:05:13.811, 1, 0 %, 29555 MiB, 90.42 W, 2317 MHz, 12481 MHz, 35
2026/09/27 05:05:14.061, 0, 1 %, 31315 MiB, 92.03 W, 2355 MHz, 12481 MHz, 36
2026/09/27 05:05:14.061, 1, 0 %, 29555 MiB, 90.42 W, 2317 MHz, 12481 MHz, 35
2026/09/27 05:05:14.311, 0, 1 %, 31315 MiB, 92.08 W, 2355 MHz, 12481 MHz, 36
2026/09/27 05:05:14.311, 1, 0 %, 29555 MiB, 90.42 W, 2317 MHz, 12481 MHz, 35
2026/09/27 05:05:14.562, 0, 1 %, 31315 MiB, 92.03 W, 2355 MHz, 12481 MHz, 36
2026/09/27 05:05:14.562, 1, 0 %, 29555 MiB, 89.90 W, 2317 MHz, 12481 MHz, 35
2026/09/27 05:05:14.812, 0, 1 %, 31315 MiB, 92.00 W, 2355 MHz, 12481 MHz, 36
2026/09/27 05:05:14.812, 1, 0 %, 29555 MiB, 89.90 W, 2317 MHz, 12481 MHz, 35
2026/09/27 05:05:15.062, 0, 1 %, 31315 MiB, 92.00 W, 2355 MHz, 12481 MHz, 36
2026/09/27 05:05:15.062, 1, 0 %, 29555 MiB, 89.90 W, 2317 MHz, 12481 MHz, 35
2026/09/27 05:05:15.312, 0, 1 %, 31315 MiB, 91.91 W, 2355 MHz, 12481 MHz, 36
2026/09/27 05:05:15.312, 1, 0 %, 29555 MiB, 89.90 W, 2317 MHz, 12481 MHz, 35
2026/09/27 05:05:15.562, 0, 1 %, 31315 MiB, 91.93 W, 2355 MHz, 12481 MHz, 36
2026/09/27 05:05:15.562, 1, 0 %, 29555 MiB, 89.47 W, 2317 MHz, 12481 MHz, 35
2026/09/27 05:05:15.812, 0, 1 %, 31315 MiB, 91.90 W, 2355 MHz, 12481 MHz, 36
2026/09/27 05:05:15.812, 1, 0 %, 29555 MiB, 89.47 W, 2317 MHz, 12481 MHz, 35
2026/09/27 05:05:16.062, 0, 1 %, 31315 MiB, 91.87 W, 2355 MHz, 12481 MHz, 36
2026/09/27 05:05:16.062, 1, 0 %, 29555 MiB, 89.47 W, 2317 MHz, 12481 MHz, 35
2026/09/27 05:05:16.312, 0, 1 %, 31315 MiB, 91.88 W, 2355 MHz, 12481 MHz, 36
2026/09/27 05:05:16.312, 1, 0 %, 29555 MiB, 89.47 W, 2317 MHz, 12481 MHz, 35
2026/09/27 05:05:16.562, 0, 1 %, 31315 MiB, 91.89 W, 2355 MHz, 12481 MHz, 36
2026/09/27 05:05:16.562, 1, 0 %, 29555 MiB, 88.96 W, 2317 MHz, 12481 MHz, 35
2026/09/27 05:05:16.812, 0, 1 %, 31315 MiB, 91.88 W, 2355 MHz, 12481 MHz, 36
2026/09/27 05:05:16.812, 1, 0 %, 29555 MiB, 88.96 W, 2317 MHz, 12481 MHz, 35
2026/09/27 05:05:17.063, 0, 1 %, 31315 MiB, 91.97 W, 2355 MHz, 12481 MHz, 36
2026/09/27 05:05:17.063, 1, 0 %, 29555 MiB, 88.96 W, 2317 MHz, 12481 MHz, 35
2026/09/27 05:05:17.313, 0, 1 %, 31315 MiB, 92.00 W, 2355 MHz, 12481 MHz, 36
2026/09/27 05:05:17.313, 1, 0 %, 29555 MiB, 88.96 W, 2317 MHz, 12481 MHz, 35
2026/09/27 05:05:17.563, 0, 1 %, 31315 MiB, 91.99 W, 2355 MHz, 12481 MHz, 36
2026/09/27 05:05:17.563, 1, 0 %, 29555 MiB, 88.44 W, 2317 MHz, 12481 MHz, 35
2026/09/27 05:05:17.813, 0, 1 %, 31315 MiB, 92.00 W, 2355 MHz, 12481 MHz, 36
2026/09/27 05:05:17.813, 1, 0 %, 29555 MiB, 88.44 W, 2317 MHz, 12481 MHz, 35
2026/09/27 05:05:18.063, 0, 1 %, 31315 MiB, 91.97 W, 2355 MHz, 12481 MHz, 36
2026/09/27 05:05:18.063, 1, 0 %, 29555 MiB, 88.44 W, 2317 MHz, 12481 MHz, 35
2026/09/27 05:05:18.313, 0, 0 %, 31315 MiB, 91.86 W, 2355 MHz, 12481 MHz, 36
2026/09/27 05:05:18.313, 1, 0 %, 29555 MiB, 88.44 W, 2317 MHz, 12481 MHz, 35
2026/09/27 05:05:18.563, 0, 0 %, 31315 MiB, 91.82 W, 2355 MHz, 12481 MHz, 35
2026/09/27 05:05:18.563, 1, 0 %, 29555 MiB, 88.96 W, 2317 MHz, 12481 MHz, 35
2026/09/27 05:05:18.813, 0, 0 %, 31347 MiB, 91.73 W, 2355 MHz, 12481 MHz, 36
2026/09/27 05:05:18.813, 1, 0 %, 29555 MiB, 89.78 W, 2317 MHz, 12481 MHz, 35
2026/09/27 05:05:19.063, 0, 0 %, 31347 MiB, 91.59 W, 2355 MHz, 12481 MHz, 36
2026/09/27 05:05:19.063, 1, 0 %, 29555 MiB, 89.93 W, 2317 MHz, 12481 MHz, 35
2026/09/27 05:05:19.314, 0, 0 %, 31347 MiB, 91.66 W, 2355 MHz, 12481 MHz, 36
2026/09/27 05:05:19.314, 1, 0 %, 29555 MiB, 90.08 W, 2317 MHz, 12481 MHz, 35
2026/09/27 05:05:19.564, 0, 0 %, 31379 MiB, 91.57 W, 2355 MHz, 12481 MHz, 36
2026/09/27 05:05:19.564, 1, 0 %, 29555 MiB, 90.71 W, 2317 MHz, 12481 MHz, 35
2026/09/27 05:05:19.814, 0, 0 %, 31379 MiB, 91.60 W, 2355 MHz, 12481 MHz, 36
2026/09/27 05:05:19.814, 1, 0 %, 29555 MiB, 90.75 W, 2317 MHz, 12481 MHz, 35
2026/09/27 05:05:20.064, 0, 0 %, 31411 MiB, 91.67 W, 2355 MHz, 12481 MHz, 36
2026/09/27 05:05:20.064, 1, 0 %, 29555 MiB, 90.62 W, 2317 MHz, 12481 MHz, 35
2026/09/27 05:05:20.314, 0, 1 %, 31411 MiB, 91.60 W, 2355 MHz, 12481 MHz, 36
2026/09/27 05:05:20.314, 1, 0 %, 29555 MiB, 90.45 W, 2317 MHz, 12481 MHz, 35
2026/09/27 05:05:20.564, 0, 0 %, 31411 MiB, 91.63 W, 2355 MHz, 12481 MHz, 36
2026/09/27 05:05:20.564, 1, 0 %, 29555 MiB, 90.35 W, 2317 MHz, 12481 MHz, 35
2026/09/27 05:05:20.814, 0, 0 %, 31443 MiB, 91.64 W, 2355 MHz, 12481 MHz, 36
2026/09/27 05:05:20.814, 1, 0 %, 29555 MiB, 90.25 W, 2317 MHz, 12481 MHz, 35
2026/09/27 05:05:21.064, 0, 0 %, 31443 MiB, 91.61 W, 2355 MHz, 12481 MHz, 36
2026/09/27 05:05:21.064, 1, 0 %, 29555 MiB, 90.24 W, 2317 MHz, 12481 MHz, 35
2026/09/27 05:05:21.314, 0, 0 %, 31475 MiB, 91.66 W, 2355 MHz, 12481 MHz, 36
2026/09/27 05:05:21.314, 1, 0 %, 31283 MiB, 90.50 W, 2317 MHz, 12481 MHz, 35
2026/09/27 05:05:21.564, 0, 0 %, 31475 MiB, 91.70 W, 2355 MHz, 12481 MHz, 36
2026/09/27 05:05:21.565, 1, 1 %, 31283 MiB, 90.86 W, 2317 MHz, 12481 MHz, 35
2026/09/27 05:05:21.815, 0, 0 %, 31475 MiB, 91.68 W, 2355 MHz, 12481 MHz, 36
2026/09/27 05:05:21.815, 1, 1 %, 31283 MiB, 91.29 W, 2317 MHz, 12481 MHz, 35
2026/09/27 05:05:22.065, 0, 0 %, 31475 MiB, 91.71 W, 2355 MHz, 12481 MHz, 36
2026/09/27 05:05:22.065, 1, 1 %, 31283 MiB, 91.54 W, 2317 MHz, 12481 MHz, 35
2026/09/27 05:05:22.315, 0, 0 %, 31475 MiB, 91.67 W, 2355 MHz, 12481 MHz, 36
2026/09/27 05:05:22.315, 1, 1 %, 31283 MiB, 91.83 W, 2317 MHz, 12481 MHz, 35
2026/09/27 05:05:22.565, 0, 0 %, 31475 MiB, 91.68 W, 2355 MHz, 12481 MHz, 36
2026/09/27 05:05:22.565, 1, 1 %, 31283 MiB, 91.55 W, 2317 MHz, 12481 MHz, 35
2026/09/27 05:05:22.815, 0, 0 %, 31475 MiB, 91.68 W, 2355 MHz, 12481 MHz, 36
2026/09/27 05:05:22.815, 1, 1 %, 31283 MiB, 91.42 W, 2317 MHz, 12481 MHz, 35
2026/09/27 05:05:23.065, 0, 0 %, 31475 MiB, 91.68 W, 2355 MHz, 12481 MHz, 36
2026/09/27 05:05:23.065, 1, 1 %, 31283 MiB, 91.32 W, 2317 MHz, 12481 MHz, 35
2026/09/27 05:05:23.315, 0, 0 %, 31475 MiB, 91.68 W, 2355 MHz, 12481 MHz, 36
2026/09/27 05:05:23.315, 1, 1 %, 31283 MiB, 91.17 W, 2317 MHz, 12481 MHz, 35
2026/09/27 05:05:23.565, 0, 0 %, 31475 MiB, 90.74 W, 2355 MHz, 12481 MHz, 35
2026/09/27 05:05:23.565, 1, 1 %, 31283 MiB, 91.02 W, 2317 MHz, 12481 MHz, 35
2026/09/27 05:05:23.815, 0, 0 %, 31475 MiB, 90.74 W, 2355 MHz, 12481 MHz, 35
2026/09/27 05:05:23.815, 1, 1 %, 31283 MiB, 90.81 W, 2317 MHz, 12481 MHz, 35
2026/09/27 05:05:24.065, 0, 0 %, 31475 MiB, 90.74 W, 2355 MHz, 12481 MHz, 35
2026/09/27 05:05:24.065, 1, 1 %, 31283 MiB, 90.72 W, 2317 MHz, 12481 MHz, 35
2026/09/27 05:05:24.316, 0, 0 %, 31475 MiB, 90.74 W, 2355 MHz, 12481 MHz, 35
2026/09/27 05:05:24.316, 1, 1 %, 31283 MiB, 90.60 W, 2317 MHz, 12481 MHz, 35
2026/09/27 05:05:24.566, 0, 0 %, 31475 MiB, 90.72 W, 2355 MHz, 12481 MHz, 35
2026/09/27 05:05:24.566, 1, 1 %, 31283 MiB, 90.65 W, 2317 MHz, 12481 MHz, 35
2026/09/27 05:05:24.816, 0, 0 %, 31475 MiB, 90.72 W, 2355 MHz, 12481 MHz, 35
2026/09/27 05:05:24.816, 1, 1 %, 31283 MiB, 90.74 W, 2317 MHz, 12481 MHz, 35
2026/09/27 05:05:25.066, 0, 0 %, 31475 MiB, 90.72 W, 2355 MHz, 12481 MHz, 35
2026/09/27 05:05:25.066, 1, 1 %, 31283 MiB, 90.96 W, 2317 MHz, 12481 MHz, 35
2026/09/27 05:05:25.316, 0, 0 %, 31475 MiB, 90.72 W, 2355 MHz, 12481 MHz, 35
2026/09/27 05:05:25.316, 1, 1 %, 31283 MiB, 91.29 W, 2317 MHz, 12481 MHz, 35
2026/09/27 05:05:25.566, 0, 0 %, 31475 MiB, 91.72 W, 2355 MHz, 12481 MHz, 35
2026/09/27 05:05:25.566, 1, 1 %, 31283 MiB, 91.42 W, 2317 MHz, 12481 MHz, 35
2026/09/27 05:05:25.816, 0, 0 %, 31475 MiB, 91.72 W, 2355 MHz, 12481 MHz, 35
2026/09/27 05:05:25.816, 1, 1 %, 31283 MiB, 91.61 W, 2317 MHz, 12481 MHz, 35
2026/09/27 05:05:26.067, 0, 0 %, 31475 MiB, 91.72 W, 2355 MHz, 12481 MHz, 35
2026/09/27 05:05:26.067, 1, 1 %, 31283 MiB, 91.57 W, 2317 MHz, 12481 MHz, 35
2026/09/27 05:05:26.317, 0, 0 %, 31475 MiB, 91.72 W, 2355 MHz, 12481 MHz, 35
2026/09/27 05:05:26.317, 1, 1 %, 31283 MiB, 91.44 W, 2317 MHz, 12481 MHz, 35
2026/09/27 05:05:26.567, 0, 0 %, 31475 MiB, 91.71 W, 2355 MHz, 12481 MHz, 35
2026/09/27 05:05:26.567, 1, 0 %, 31315 MiB, 91.29 W, 2317 MHz, 12481 MHz, 35
2026/09/27 05:05:26.817, 0, 0 %, 31475 MiB, 91.67 W, 2355 MHz, 12481 MHz, 36
2026/09/27 05:05:26.817, 1, 0 %, 31315 MiB, 91.02 W, 2317 MHz, 12481 MHz, 35
2026/09/27 05:05:27.067, 0, 0 %, 31475 MiB, 91.67 W, 2355 MHz, 12481 MHz, 36
2026/09/27 05:05:27.067, 1, 0 %, 31315 MiB, 90.80 W, 2317 MHz, 12481 MHz, 35
2026/09/27 05:05:27.317, 0, 0 %, 31475 MiB, 91.65 W, 2355 MHz, 12481 MHz, 36
2026/09/27 05:05:27.317, 1, 1 %, 31347 MiB, 90.56 W, 2317 MHz, 12481 MHz, 35
2026/09/27 05:05:27.567, 0, 0 %, 31475 MiB, 91.54 W, 2355 MHz, 12481 MHz, 36
2026/09/27 05:05:27.567, 1, 0 %, 31347 MiB, 90.40 W, 2317 MHz, 12481 MHz, 35
2026/09/27 05:05:27.818, 0, 0 %, 31475 MiB, 91.63 W, 2355 MHz, 12481 MHz, 36
2026/09/27 05:05:27.818, 1, 0 %, 31347 MiB, 90.27 W, 2317 MHz, 12481 MHz, 35
2026/09/27 05:05:28.068, 0, 0 %, 31475 MiB, 91.56 W, 2355 MHz, 12481 MHz, 36
2026/09/27 05:05:28.068, 1, 0 %, 31379 MiB, 90.32 W, 2317 MHz, 12481 MHz, 35
2026/09/27 05:05:28.318, 0, 0 %, 31475 MiB, 91.61 W, 2355 MHz, 12481 MHz, 36
2026/09/27 05:05:28.318, 1, 0 %, 31379 MiB, 90.36 W, 2317 MHz, 12481 MHz, 35
2026/09/27 05:05:28.568, 0, 0 %, 31475 MiB, 91.62 W, 2355 MHz, 12481 MHz, 36
2026/09/27 05:05:28.568, 1, 0 %, 31411 MiB, 90.54 W, 2317 MHz, 12481 MHz, 35
2026/09/27 05:05:28.818, 0, 0 %, 31475 MiB, 91.57 W, 2355 MHz, 12481 MHz, 36
2026/09/27 05:05:28.818, 1, 0 %, 31411 MiB, 90.91 W, 2317 MHz, 12481 MHz, 35
2026/09/27 05:05:29.068, 0, 0 %, 33203 MiB, 91.93 W, 2355 MHz, 12481 MHz, 36
2026/09/27 05:05:29.068, 1, 0 %, 31443 MiB, 91.12 W, 2317 MHz, 12481 MHz, 35
2026/09/27 05:05:29.318, 0, 2 %, 33203 MiB, 92.01 W, 2355 MHz, 12481 MHz, 36
2026/09/27 05:05:29.318, 1, 0 %, 31443 MiB, 91.32 W, 2317 MHz, 12481 MHz, 35
2026/09/27 05:05:29.569, 0, 1 %, 33203 MiB, 92.13 W, 2355 MHz, 12481 MHz, 36
2026/09/27 05:05:29.569, 1, 0 %, 31443 MiB, 91.35 W, 2317 MHz, 12481 MHz, 35
2026/09/27 05:05:29.819, 0, 1 %, 33203 MiB, 92.25 W, 2355 MHz, 12481 MHz, 36
2026/09/27 05:05:29.819, 1, 0 %, 31443 MiB, 91.21 W, 2317 MHz, 12481 MHz, 35
2026/09/27 05:05:30.069, 0, 1 %, 33203 MiB, 92.07 W, 2355 MHz, 12481 MHz, 36
2026/09/27 05:05:30.069, 1, 0 %, 31443 MiB, 91.11 W, 2317 MHz, 12481 MHz, 35
2026/09/27 05:05:30.319, 0, 1 %, 33203 MiB, 92.01 W, 2355 MHz, 12481 MHz, 36
2026/09/27 05:05:30.319, 1, 0 %, 31443 MiB, 91.11 W, 2317 MHz, 12481 MHz, 35
2026/09/27 05:05:30.569, 0, 1 %, 33203 MiB, 92.00 W, 2355 MHz, 12481 MHz, 36
2026/09/27 05:05:30.569, 1, 0 %, 31443 MiB, 91.11 W, 2317 MHz, 12481 MHz, 35
2026/09/27 05:05:30.819, 0, 1 %, 33203 MiB, 91.92 W, 2355 MHz, 12481 MHz, 36
2026/09/27 05:05:30.819, 1, 0 %, 31443 MiB, 91.11 W, 2317 MHz, 12481 MHz, 35
2026/09/27 05:05:31.069, 0, 1 %, 33203 MiB, 91.94 W, 2355 MHz, 12481 MHz, 36
2026/09/27 05:05:31.069, 1, 0 %, 31443 MiB, 88.48 W, 2317 MHz, 12481 MHz, 35
2026/09/27 05:05:31.319, 0, 1 %, 33203 MiB, 92.01 W, 2355 MHz, 12481 MHz, 36
2026/09/27 05:05:31.319, 1, 0 %, 31443 MiB, 88.48 W, 2317 MHz, 12481 MHz, 35
2026/09/27 05:05:31.570, 0, 1 %, 33203 MiB, 92.01 W, 2355 MHz, 12481 MHz, 36
2026/09/27 05:05:31.570, 1, 0 %, 31443 MiB, 88.48 W, 2317 MHz, 12481 MHz, 35
2026/09/27 05:05:31.820, 0, 1 %, 33203 MiB, 92.01 W, 2355 MHz, 12481 MHz, 36
2026/09/27 05:05:31.820, 1, 0 %, 31443 MiB, 88.48 W, 2317 MHz, 12481 MHz, 35
2026/09/27 05:05:32.070, 0, 1 %, 33203 MiB, 92.04 W, 2355 MHz, 12481 MHz, 36
2026/09/27 05:05:32.070, 1, 0 %, 31443 MiB, 89.91 W, 2317 MHz, 12481 MHz, 35
2026/09/27 05:05:32.320, 0, 1 %, 33203 MiB, 91.95 W, 2355 MHz, 12481 MHz, 36
2026/09/27 05:05:32.320, 1, 0 %, 31443 MiB, 89.91 W, 2317 MHz, 12481 MHz, 35
2026/09/27 05:05:32.570, 0, 1 %, 33203 MiB, 91.98 W, 2355 MHz, 12481 MHz, 36
2026/09/27 05:05:32.570, 1, 0 %, 31443 MiB, 89.91 W, 2317 MHz, 12481 MHz, 35
2026/09/27 05:05:32.820, 0, 1 %, 33203 MiB, 91.98 W, 2355 MHz, 12481 MHz, 36
2026/09/27 05:05:32.820, 1, 0 %, 31443 MiB, 89.91 W, 2317 MHz, 12481 MHz, 35
2026/09/27 05:05:33.070, 0, 1 %, 33203 MiB, 91.92 W, 2355 MHz, 12481 MHz, 36
2026/09/27 05:05:33.070, 1, 0 %, 31443 MiB, 89.47 W, 2317 MHz, 12481 MHz, 35
2026/09/27 05:05:33.320, 0, 1 %, 33203 MiB, 92.01 W, 2355 MHz, 12481 MHz, 36
2026/09/27 05:05:33.320, 1, 0 %, 31443 MiB, 89.47 W, 2317 MHz, 12481 MHz, 35
2026/09/27 05:05:33.571, 0, 1 %, 33203 MiB, 92.02 W, 2355 MHz, 12481 MHz, 36
2026/09/27 05:05:33.571, 1, 0 %, 31443 MiB, 89.47 W, 2317 MHz, 12481 MHz, 35
2026/09/27 05:05:33.821, 0, 1 %, 33203 MiB, 92.05 W, 2355 MHz, 12481 MHz, 36
2026/09/27 05:05:33.821, 1, 0 %, 31443 MiB, 89.47 W, 2317 MHz, 12481 MHz, 35
2026/09/27 05:05:34.071, 0, 0 %, 33203 MiB, 91.97 W, 2355 MHz, 12481 MHz, 36
2026/09/27 05:05:34.071, 1, 0 %, 31443 MiB, 88.96 W, 2317 MHz, 12481 MHz, 35
2026/09/27 05:05:34.321, 0, 0 %, 33203 MiB, 91.89 W, 2355 MHz, 12481 MHz, 36
2026/09/27 05:05:34.321, 1, 0 %, 31443 MiB, 88.96 W, 2317 MHz, 12481 MHz, 35
2026/09/27 05:05:34.571, 0, 0 %, 33203 MiB, 91.73 W, 2355 MHz, 12481 MHz, 36
2026/09/27 05:05:34.571, 1, 0 %, 31443 MiB, 88.96 W, 2317 MHz, 12481 MHz, 35
2026/09/27 05:05:34.821, 0, 0 %, 33203 MiB, 91.65 W, 2355 MHz, 12481 MHz, 36
2026/09/27 05:05:34.821, 1, 0 %, 31443 MiB, 88.96 W, 2317 MHz, 12481 MHz, 35
2026/09/27 05:05:35.071, 0, 1 %, 33235 MiB, 91.71 W, 2355 MHz, 12481 MHz, 36
2026/09/27 05:05:35.071, 1, 0 %, 31443 MiB, 89.65 W, 2317 MHz, 12481 MHz, 35
2026/09/27 05:05:35.321, 0, 0 %, 33235 MiB, 91.69 W, 2355 MHz, 12481 MHz, 36
2026/09/27 05:05:35.321, 1, 0 %, 31443 MiB, 89.84 W, 2317 MHz, 12481 MHz, 35
2026/09/27 05:05:35.571, 0, 0 %, 33267 MiB, 91.77 W, 2355 MHz, 12481 MHz, 36
2026/09/27 05:05:35.572, 1, 0 %, 31443 MiB, 89.93 W, 2317 MHz, 12481 MHz, 35
2026/09/27 05:05:35.822, 0, 1 %, 33267 MiB, 91.72 W, 2355 MHz, 12481 MHz, 36
2026/09/27 05:05:35.822, 1, 0 %, 31443 MiB, 90.15 W, 2317 MHz, 12481 MHz, 35
2026/09/27 05:05:36.072, 0, 0 %, 33267 MiB, 91.67 W, 2355 MHz, 12481 MHz, 36
2026/09/27 05:05:36.072, 1, 0 %, 31443 MiB, 90.93 W, 2317 MHz, 12481 MHz, 35
2026/09/27 05:05:36.322, 0, 0 %, 33299 MiB, 91.67 W, 2355 MHz, 12481 MHz, 36
2026/09/27 05:05:36.322, 1, 0 %, 31443 MiB, 91.14 W, 2317 MHz, 12481 MHz, 35
2026/09/27 05:05:36.572, 0, 0 %, 33299 MiB, 91.65 W, 2355 MHz, 12481 MHz, 36
2026/09/27 05:05:36.572, 1, 0 %, 31443 MiB, 91.27 W, 2317 MHz, 12481 MHz, 35
2026/09/27 05:05:36.822, 0, 0 %, 33331 MiB, 91.68 W, 2355 MHz, 12481 MHz, 36
2026/09/27 05:05:36.822, 1, 0 %, 33171 MiB, 91.50 W, 2317 MHz, 12481 MHz, 35
2026/09/27 05:05:37.072, 0, 0 %, 33331 MiB, 91.68 W, 2355 MHz, 12481 MHz, 36
2026/09/27 05:05:37.072, 1, 2 %, 33171 MiB, 91.49 W, 2317 MHz, 12481 MHz, 35
2026/09/27 05:05:37.322, 0, 0 %, 33331 MiB, 91.68 W, 2355 MHz, 12481 MHz, 36
2026/09/27 05:05:37.322, 1, 1 %, 33171 MiB, 91.48 W, 2317 MHz, 12481 MHz, 35
2026/09/27 05:05:37.572, 0, 0 %, 33331 MiB, 91.69 W, 2355 MHz, 12481 MHz, 36
2026/09/27 05:05:37.572, 1, 1 %, 33171 MiB, 91.45 W, 2317 MHz, 12481 MHz, 35
2026/09/27 05:05:37.822, 0, 0 %, 33331 MiB, 91.69 W, 2355 MHz, 12481 MHz, 36
2026/09/27 05:05:37.822, 1, 1 %, 33171 MiB, 91.09 W, 2317 MHz, 12481 MHz, 35
2026/09/27 05:05:38.073, 0, 0 %, 33331 MiB, 91.68 W, 2355 MHz, 12481 MHz, 36
2026/09/27 05:05:38.073, 1, 1 %, 33171 MiB, 90.97 W, 2317 MHz, 12481 MHz, 35
2026/09/27 05:05:38.323, 0, 0 %, 33331 MiB, 91.68 W, 2355 MHz, 12481 MHz, 36
2026/09/27 05:05:38.323, 1, 1 %, 33171 MiB, 90.80 W, 2317 MHz, 12481 MHz, 35
2026/09/27 05:05:38.573, 0, 0 %, 33331 MiB, 91.68 W, 2355 MHz, 12481 MHz, 36
2026/09/27 05:05:38.573, 1, 1 %, 33171 MiB, 90.74 W, 2317 MHz, 12481 MHz, 35
2026/09/27 05:05:38.823, 0, 0 %, 33331 MiB, 91.68 W, 2355 MHz, 12481 MHz, 36
2026/09/27 05:05:38.823, 1, 1 %, 33171 MiB, 90.73 W, 2317 MHz, 12481 MHz, 35
2026/09/27 05:05:39.073, 0, 0 %, 33331 MiB, 90.29 W, 2355 MHz, 12481 MHz, 35
2026/09/27 05:05:39.073, 1, 1 %, 33171 MiB, 90.77 W, 2317 MHz, 12481 MHz, 35
2026/09/27 05:05:39.323, 0, 0 %, 33331 MiB, 90.29 W, 2355 MHz, 12481 MHz, 35
2026/09/27 05:05:39.323, 1, 1 %, 33171 MiB, 91.06 W, 2317 MHz, 12481 MHz, 35
2026/09/27 05:05:39.573, 0, 0 %, 33331 MiB, 90.29 W, 2355 MHz, 12481 MHz, 35
2026/09/27 05:05:39.573, 1, 1 %, 33171 MiB, 91.24 W, 2317 MHz, 12481 MHz, 35
2026/09/27 05:05:39.823, 0, 0 %, 33331 MiB, 90.29 W, 2355 MHz, 12481 MHz, 35
2026/09/27 05:05:39.823, 1, 1 %, 33171 MiB, 91.50 W, 2317 MHz, 12481 MHz, 35
2026/09/27 05:05:40.073, 0, 0 %, 33331 MiB, 90.25 W, 2355 MHz, 12481 MHz, 35
2026/09/27 05:05:40.073, 1, 1 %, 33171 MiB, 91.67 W, 2317 MHz, 12481 MHz, 35
2026/09/27 05:05:40.323, 0, 0 %, 33331 MiB, 90.25 W, 2355 MHz, 12481 MHz, 35
2026/09/27 05:05:40.323, 1, 1 %, 33171 MiB, 91.66 W, 2317 MHz, 12481 MHz, 35
2026/09/27 05:05:40.574, 0, 0 %, 33331 MiB, 90.25 W, 2355 MHz, 12481 MHz, 35
2026/09/27 05:05:40.574, 1, 1 %, 33171 MiB, 91.62 W, 2317 MHz, 12481 MHz, 35
2026/09/27 05:05:40.824, 0, 0 %, 33331 MiB, 90.25 W, 2355 MHz, 12481 MHz, 35
2026/09/27 05:05:40.824, 1, 1 %, 33171 MiB, 91.46 W, 2317 MHz, 12481 MHz, 35
2026/09/27 05:05:41.074, 0, 0 %, 33331 MiB, 91.27 W, 2355 MHz, 12481 MHz, 35
2026/09/27 05:05:41.074, 1, 1 %, 33171 MiB, 91.25 W, 2317 MHz, 12481 MHz, 35
2026/09/27 05:05:41.324, 0, 0 %, 33331 MiB, 91.27 W, 2355 MHz, 12481 MHz, 35
2026/09/27 05:05:41.324, 1, 0 %, 33171 MiB, 90.97 W, 2317 MHz, 12481 MHz, 35
2026/09/27 05:05:41.574, 0, 0 %, 33331 MiB, 91.27 W, 2355 MHz, 12481 MHz, 35
2026/09/27 05:05:41.574, 1, 0 %, 33171 MiB, 90.73 W, 2317 MHz, 12481 MHz, 35
2026/09/27 05:05:41.824, 0, 0 %, 33331 MiB, 90.63 W, 2355 MHz, 12481 MHz, 36
2026/09/27 05:05:41.824, 1, 0 %, 33203 MiB, 90.57 W, 2317 MHz, 12481 MHz, 35
2026/09/27 05:05:42.074, 0, 0 %, 33331 MiB, 90.36 W, 2355 MHz, 12481 MHz, 36
2026/09/27 05:05:42.074, 1, 0 %, 33203 MiB, 90.40 W, 2317 MHz, 12481 MHz, 35
2026/09/27 05:05:42.324, 0, 0 %, 33331 MiB, 90.54 W, 2355 MHz, 12481 MHz, 36
2026/09/27 05:05:42.324, 1, 0 %, 33235 MiB, 90.41 W, 2317 MHz, 12481 MHz, 35
2026/09/27 05:05:42.575, 0, 0 %, 33331 MiB, 90.74 W, 2355 MHz, 12481 MHz, 36
2026/09/27 05:05:42.575, 1, 0 %, 33235 MiB, 90.48 W, 2317 MHz, 12481 MHz, 35
2026/09/27 05:05:42.825, 0, 0 %, 33331 MiB, 91.65 W, 2355 MHz, 12481 MHz, 36
2026/09/27 05:05:42.825, 1, 0 %, 33267 MiB, 90.63 W, 2317 MHz, 12481 MHz, 35
2026/09/27 05:05:43.075, 0, 0 %, 33331 MiB, 91.63 W, 2355 MHz, 12481 MHz, 36
2026/09/27 05:05:43.075, 1, 1 %, 33299 MiB, 90.84 W, 2317 MHz, 12481 MHz, 35
2026/09/27 05:05:43.325, 0, 0 %, 35059 MiB, 92.04 W, 2355 MHz, 12481 MHz, 36
2026/09/27 05:05:43.325, 1, 0 %, 33299 MiB, 91.17 W, 2317 MHz, 12481 MHz, 35
2026/09/27 05:05:43.575, 0, 1 %, 35059 MiB, 92.27 W, 2355 MHz, 12481 MHz, 36
2026/09/27 05:05:43.575, 1, 0 %, 33299 MiB, 91.30 W, 2317 MHz, 12481 MHz, 35
2026/09/27 05:05:43.825, 0, 1 %, 35059 MiB, 92.32 W, 2355 MHz, 12481 MHz, 36
2026/09/27 05:05:43.825, 1, 0 %, 33299 MiB, 91.38 W, 2317 MHz, 12481 MHz, 35
2026/09/27 05:05:44.075, 0, 1 %, 35059 MiB, 92.49 W, 2355 MHz, 12481 MHz, 36
2026/09/27 05:05:44.075, 1, 0 %, 33299 MiB, 91.25 W, 2317 MHz, 12481 MHz, 35
2026/09/27 05:05:44.325, 0, 1 %, 35059 MiB, 92.56 W, 2355 MHz, 12481 MHz, 36
2026/09/27 05:05:44.325, 1, 0 %, 33299 MiB, 91.09 W, 2317 MHz, 12481 MHz, 35
2026/09/27 05:05:44.575, 0, 1 %, 35059 MiB, 92.09 W, 2355 MHz, 12481 MHz, 36
2026/09/27 05:05:44.575, 1, 0 %, 33299 MiB, 91.09 W, 2317 MHz, 12481 MHz, 35
2026/09/27 05:05:44.826, 0, 1 %, 35059 MiB, 92.14 W, 2355 MHz, 12481 MHz, 36
2026/09/27 05:05:44.826, 1, 0 %, 33299 MiB, 91.09 W, 2317 MHz, 12481 MHz, 35
2026/09/27 05:05:45.076, 0, 1 %, 35059 MiB, 92.05 W, 2355 MHz, 12481 MHz, 36
2026/09/27 05:05:45.076, 1, 0 %, 33299 MiB, 91.09 W, 2317 MHz, 12481 MHz, 35
2026/09/27 05:05:45.326, 0, 1 %, 35059 MiB, 92.08 W, 2355 MHz, 12481 MHz, 36
2026/09/27 05:05:45.326, 1, 0 %, 33299 MiB, 89.91 W, 2317 MHz, 12481 MHz, 35
2026/09/27 05:05:45.576, 0, 1 %, 35059 MiB, 92.09 W, 2355 MHz, 12481 MHz, 36
2026/09/27 05:05:45.576, 1, 0 %, 33299 MiB, 89.91 W, 2317 MHz, 12481 MHz, 35
2026/09/27 05:05:45.826, 0, 1 %, 35059 MiB, 92.07 W, 2355 MHz, 12481 MHz, 36
2026/09/27 05:05:45.826, 1, 0 %, 33299 MiB, 89.91 W, 2317 MHz, 12481 MHz, 35
2026/09/27 05:05:46.076, 0, 1 %, 35059 MiB, 92.14 W, 2355 MHz, 12481 MHz, 36
2026/09/27 05:05:46.076, 1, 0 %, 33299 MiB, 89.91 W, 2317 MHz, 12481 MHz, 35
2026/09/27 05:05:46.326, 0, 1 %, 35059 MiB, 92.15 W, 2355 MHz, 12481 MHz, 36
2026/09/27 05:05:46.326, 1, 0 %, 33299 MiB, 90.89 W, 2317 MHz, 12481 MHz, 35
2026/09/27 05:05:46.576, 0, 1 %, 35059 MiB, 92.16 W, 2355 MHz, 12481 MHz, 36
2026/09/27 05:05:46.577, 1, 0 %, 33299 MiB, 90.89 W, 2317 MHz, 12481 MHz, 35
2026/09/27 05:05:46.827, 0, 1 %, 35059 MiB, 92.21 W, 2355 MHz, 12481 MHz, 36
2026/09/27 05:05:46.827, 1, 0 %, 33299 MiB, 90.89 W, 2317 MHz, 12481 MHz, 35
2026/09/27 05:05:47.077, 0, 1 %, 35059 MiB, 92.17 W, 2355 MHz, 12481 MHz, 36
2026/09/27 05:05:47.077, 1, 0 %, 33299 MiB, 90.89 W, 2317 MHz, 12481 MHz, 35
2026/09/27 05:05:47.327, 0, 1 %, 35059 MiB, 92.13 W, 2355 MHz, 12481 MHz, 36
2026/09/27 05:05:47.327, 1, 0 %, 33299 MiB, 90.64 W, 2317 MHz, 12481 MHz, 35
2026/09/27 05:05:47.577, 0, 1 %, 35059 MiB, 92.16 W, 2355 MHz, 12481 MHz, 36
2026/09/27 05:05:47.577, 1, 0 %, 33299 MiB, 90.64 W, 2317 MHz, 12481 MHz, 35
2026/09/27 05:05:47.827, 0, 1 %, 35059 MiB, 92.11 W, 2355 MHz, 12481 MHz, 36
2026/09/27 05:05:47.827, 1, 0 %, 33299 MiB, 90.64 W, 2317 MHz, 12481 MHz, 35
2026/09/27 05:05:48.077, 0, 0 %, 35091 MiB, 91.96 W, 2355 MHz, 12481 MHz, 36
2026/09/27 05:05:48.077, 1, 0 %, 33299 MiB, 90.97 W, 2317 MHz, 12481 MHz, 35
2026/09/27 05:05:48.327, 0, 0 %, 35091 MiB, 91.91 W, 2355 MHz, 12481 MHz, 36
2026/09/27 05:05:48.328, 1, 0 %, 33299 MiB, 91.36 W, 2317 MHz, 12481 MHz, 35
2026/09/27 05:05:48.578, 0, 0 %, 35091 MiB, 91.71 W, 2355 MHz, 12481 MHz, 36
2026/09/27 05:05:48.578, 1, 0 %, 33299 MiB, 91.21 W, 2317 MHz, 12481 MHz, 35
2026/09/27 05:05:48.828, 0, 0 %, 35091 MiB, 91.67 W, 2355 MHz, 12481 MHz, 36
2026/09/27 05:05:48.828, 1, 0 %, 33299 MiB, 91.06 W, 2317 MHz, 12481 MHz, 35
2026/09/27 05:05:49.078, 0, 0 %, 35123 MiB, 91.70 W, 2355 MHz, 12481 MHz, 36
2026/09/27 05:05:49.078, 1, 0 %, 33299 MiB, 90.41 W, 2317 MHz, 12481 MHz, 35
2026/09/27 05:05:49.328, 0, 0 %, 35123 MiB, 91.69 W, 2355 MHz, 12481 MHz, 36
2026/09/27 05:05:49.328, 1, 0 %, 33299 MiB, 90.38 W, 2317 MHz, 12481 MHz, 35
2026/09/27 05:05:49.578, 0, 0 %, 35123 MiB, 91.73 W, 2355 MHz, 12481 MHz, 36
2026/09/27 05:05:49.578, 1, 0 %, 33299 MiB, 90.43 W, 2317 MHz, 12481 MHz, 35
2026/09/27 05:05:49.828, 0, 0 %, 35155 MiB, 91.79 W, 2355 MHz, 12481 MHz, 36
2026/09/27 05:05:49.828, 1, 0 %, 33299 MiB, 90.51 W, 2317 MHz, 12481 MHz, 35
2026/09/27 05:05:50.078, 0, 0 %, 35155 MiB, 91.70 W, 2355 MHz, 12481 MHz, 36
2026/09/27 05:05:50.078, 1, 0 %, 33299 MiB, 90.69 W, 2317 MHz, 12481 MHz, 35
2026/09/27 05:05:50.329, 0, 0 %, 35155 MiB, 91.72 W, 2355 MHz, 12481 MHz, 36
2026/09/27 05:05:50.329, 1, 0 %, 33299 MiB, 90.98 W, 2317 MHz, 12481 MHz, 35
2026/09/27 05:05:50.579, 0, 1 %, 35187 MiB, 91.68 W, 2355 MHz, 12481 MHz, 36
2026/09/27 05:05:50.579, 1, 0 %, 33299 MiB, 91.13 W, 2317 MHz, 12481 MHz, 35
2026/09/27 05:05:50.829, 0, 0 %, 35187 MiB, 91.62 W, 2355 MHz, 12481 MHz, 36
2026/09/27 05:05:50.829, 1, 0 %, 33299 MiB, 91.27 W, 2317 MHz, 12481 MHz, 35
2026/09/27 05:05:51.079, 0, 0 %, 35219 MiB, 91.72 W, 2355 MHz, 12481 MHz, 36
2026/09/27 05:05:51.079, 1, 0 %, 35027 MiB, 91.19 W, 2317 MHz, 12481 MHz, 35
2026/09/27 05:05:51.329, 0, 0 %, 35219 MiB, 91.71 W, 2355 MHz, 12481 MHz, 36
2026/09/27 05:05:51.329, 1, 1 %, 35027 MiB, 91.40 W, 2317 MHz, 12481 MHz, 35
2026/09/27 05:05:51.579, 0, 0 %, 35219 MiB, 91.76 W, 2355 MHz, 12481 MHz, 36
2026/09/27 05:05:51.579, 1, 1 %, 35027 MiB, 91.35 W, 2317 MHz, 12481 MHz, 35
2026/09/27 05:05:51.829, 0, 0 %, 35219 MiB, 91.78 W, 2355 MHz, 12481 MHz, 36
2026/09/27 05:05:51.829, 1, 1 %, 35027 MiB, 91.28 W, 2317 MHz, 12481 MHz, 35
2026/09/27 05:05:52.079, 0, 0 %, 35219 MiB, 91.72 W, 2355 MHz, 12481 MHz, 36
2026/09/27 05:05:52.080, 1, 1 %, 35027 MiB, 91.28 W, 2317 MHz, 12481 MHz, 35
2026/09/27 05:05:52.330, 0, 0 %, 35219 MiB, 91.71 W, 2355 MHz, 12481 MHz, 36
2026/09/27 05:05:52.330, 1, 1 %, 35027 MiB, 91.00 W, 2317 MHz, 12481 MHz, 35
2026/09/27 05:05:52.580, 0, 0 %, 35219 MiB, 91.71 W, 2355 MHz, 12481 MHz, 36
2026/09/27 05:05:52.580, 1, 1 %, 35027 MiB, 90.91 W, 2317 MHz, 12481 MHz, 35
2026/09/27 05:05:52.830, 0, 0 %, 35219 MiB, 91.71 W, 2355 MHz, 12481 MHz, 36
2026/09/27 05:05:52.830, 1, 1 %, 35027 MiB, 90.83 W, 2317 MHz, 12481 MHz, 35
2026/09/27 05:05:53.080, 0, 0 %, 35219 MiB, 91.71 W, 2355 MHz, 12481 MHz, 36
2026/09/27 05:05:53.080, 1, 1 %, 35027 MiB, 90.80 W, 2317 MHz, 12481 MHz, 35
2026/09/27 05:05:53.330, 0, 0 %, 35219 MiB, 91.67 W, 2355 MHz, 12481 MHz, 36
2026/09/27 05:05:53.330, 1, 1 %, 35027 MiB, 90.80 W, 2317 MHz, 12481 MHz, 35
2026/09/27 05:05:53.580, 0, 0 %, 35219 MiB, 91.67 W, 2355 MHz, 12481 MHz, 36
2026/09/27 05:05:53.580, 1, 1 %, 35027 MiB, 91.00 W, 2317 MHz, 12481 MHz, 35
2026/09/27 05:05:53.830, 0, 0 %, 35219 MiB, 91.67 W, 2355 MHz, 12481 MHz, 36
2026/09/27 05:05:53.830, 1, 1 %, 35027 MiB, 91.30 W, 2317 MHz, 12481 MHz, 35
2026/09/27 05:05:54.081, 0, 0 %, 35219 MiB, 91.67 W, 2355 MHz, 12481 MHz, 36
2026/09/27 05:05:54.081, 1, 1 %, 35027 MiB, 91.51 W, 2317 MHz, 12481 MHz, 35
2026/09/27 05:05:54.331, 0, 0 %, 35219 MiB, 91.42 W, 2355 MHz, 12481 MHz, 36
2026/09/27 05:05:54.331, 1, 1 %, 35027 MiB, 91.75 W, 2317 MHz, 12481 MHz, 35
2026/09/27 05:05:54.581, 0, 0 %, 35219 MiB, 91.42 W, 2355 MHz, 12481 MHz, 36
2026/09/27 05:05:54.581, 1, 1 %, 35027 MiB, 91.68 W, 2317 MHz, 12481 MHz, 35
2026/09/27 05:05:54.831, 0, 0 %, 35219 MiB, 91.42 W, 2355 MHz, 12481 MHz, 36
2026/09/27 05:05:54.831, 1, 1 %, 35027 MiB, 91.50 W, 2317 MHz, 12481 MHz, 35
2026/09/27 05:05:55.081, 0, 0 %, 35219 MiB, 91.42 W, 2355 MHz, 12481 MHz, 36
2026/09/27 05:05:55.081, 1, 1 %, 35027 MiB, 91.48 W, 2317 MHz, 12481 MHz, 35
2026/09/27 05:05:55.331, 0, 0 %, 35219 MiB, 90.81 W, 2355 MHz, 12481 MHz, 35
2026/09/27 05:05:55.331, 1, 1 %, 35059 MiB, 91.23 W, 2317 MHz, 12481 MHz, 35
2026/09/27 05:05:55.581, 0, 0 %, 35219 MiB, 90.98 W, 2355 MHz, 12481 MHz, 36
2026/09/27 05:05:55.581, 1, 0 %, 35059 MiB, 91.04 W, 2317 MHz, 12481 MHz, 35
2026/09/27 05:05:55.831, 0, 0 %, 35219 MiB, 91.06 W, 2355 MHz, 12481 MHz, 36
2026/09/27 05:05:55.831, 1, 0 %, 35059 MiB, 90.79 W, 2317 MHz, 12481 MHz, 35
2026/09/27 05:05:56.081, 0, 0 %, 35219 MiB, 91.17 W, 2355 MHz, 12481 MHz, 36
2026/09/27 05:05:56.081, 1, 0 %, 35091 MiB, 90.54 W, 2317 MHz, 12481 MHz, 35
2026/09/27 05:05:56.332, 0, 0 %, 35219 MiB, 91.64 W, 2355 MHz, 12481 MHz, 36
2026/09/27 05:05:56.332, 1, 0 %, 35091 MiB, 90.38 W, 2317 MHz, 12481 MHz, 35
2026/09/27 05:05:56.582, 0, 0 %, 35219 MiB, 91.64 W, 2355 MHz, 12481 MHz, 36
2026/09/27 05:05:56.582, 1, 0 %, 35091 MiB, 90.44 W, 2317 MHz, 12481 MHz, 35
2026/09/27 05:05:56.832, 0, 0 %, 35219 MiB, 91.64 W, 2355 MHz, 12481 MHz, 36
2026/09/27 05:05:56.832, 1, 0 %, 35123 MiB, 90.49 W, 2317 MHz, 12481 MHz, 35
2026/09/27 05:05:57.082, 0, 0 %, 35219 MiB, 91.61 W, 2355 MHz, 12481 MHz, 36
2026/09/27 05:05:57.082, 1, 0 %, 35123 MiB, 90.68 W, 2317 MHz, 12481 MHz, 35
2026/09/27 05:05:57.332, 0, 0 %, 35219 MiB, 91.64 W, 2355 MHz, 12481 MHz, 36
2026/09/27 05:05:57.332, 1, 0 %, 35155 MiB, 91.00 W, 2317 MHz, 12481 MHz, 35
2026/09/27 05:05:57.582, 0, 0 %, 35219 MiB, 91.65 W, 2355 MHz, 12481 MHz, 36
2026/09/27 05:05:57.582, 1, 0 %, 35187 MiB, 91.17 W, 2317 MHz, 12481 MHz, 35
2026/09/27 05:05:57.832, 0, 0 %, 36947 MiB, 92.09 W, 2355 MHz, 12481 MHz, 36
2026/09/27 05:05:57.832, 1, 0 %, 35187 MiB, 91.39 W, 2317 MHz, 12481 MHz, 35
2026/09/27 05:05:58.082, 0, 1 %, 36947 MiB, 92.35 W, 2355 MHz, 12481 MHz, 36
2026/09/27 05:05:58.082, 1, 0 %, 35187 MiB, 91.36 W, 2317 MHz, 12481 MHz, 35
2026/09/27 05:05:58.332, 0, 1 %, 36947 MiB, 92.46 W, 2355 MHz, 12481 MHz, 36
2026/09/27 05:05:58.332, 1, 0 %, 35187 MiB, 91.20 W, 2317 MHz, 12481 MHz, 35
2026/09/27 05:05:58.582, 0, 1 %, 36947 MiB, 92.54 W, 2355 MHz, 12481 MHz, 36
2026/09/27 05:05:58.583, 1, 0 %, 35187 MiB, 91.09 W, 2317 MHz, 12481 MHz, 35
2026/09/27 05:05:58.833, 0, 1 %, 36947 MiB, 92.62 W, 2355 MHz, 12481 MHz, 36
2026/09/27 05:05:58.833, 1, 0 %, 35187 MiB, 90.96 W, 2317 MHz, 12481 MHz, 35
2026/09/27 05:05:59.083, 0, 1 %, 36947 MiB, 92.09 W, 2355 MHz, 12481 MHz, 36
2026/09/27 05:05:59.083, 1, 0 %, 35187 MiB, 90.96 W, 2317 MHz, 12481 MHz, 35
2026/09/27 05:05:59.333, 0, 1 %, 36947 MiB, 92.04 W, 2355 MHz, 12481 MHz, 36
2026/09/27 05:05:59.333, 1, 0 %, 35187 MiB, 90.96 W, 2317 MHz, 12481 MHz, 35
2026/09/27 05:05:59.583, 0, 1 %, 36947 MiB, 92.12 W, 2355 MHz, 12481 MHz, 36
2026/09/27 05:05:59.583, 1, 0 %, 35187 MiB, 90.96 W, 2317 MHz, 12481 MHz, 35
2026/09/27 05:05:59.833, 0, 1 %, 36947 MiB, 92.08 W, 2355 MHz, 12481 MHz, 36
2026/09/27 05:05:59.833, 1, 0 %, 35187 MiB, 89.45 W, 2317 MHz, 12481 MHz, 35
2026/09/27 05:06:00.083, 0, 1 %, 36947 MiB, 92.09 W, 2355 MHz, 12481 MHz, 36
2026/09/27 05:06:00.083, 1, 0 %, 35187 MiB, 89.45 W, 2317 MHz, 12481 MHz, 35
2026/09/27 05:06:00.333, 0, 1 %, 36947 MiB, 92.11 W, 2355 MHz, 12481 MHz, 36
2026/09/27 05:06:00.333, 1, 0 %, 35187 MiB, 89.45 W, 2317 MHz, 12481 MHz, 35
2026/09/27 05:06:00.583, 0, 1 %, 36947 MiB, 92.02 W, 2355 MHz, 12481 MHz, 36
2026/09/27 05:06:00.583, 1, 0 %, 35187 MiB, 89.45 W, 2317 MHz, 12481 MHz, 35
2026/09/27 05:06:00.833, 0, 1 %, 36947 MiB, 92.04 W, 2355 MHz, 12481 MHz, 36
2026/09/27 05:06:00.833, 1, 0 %, 35187 MiB, 90.45 W, 2317 MHz, 12481 MHz, 35
2026/09/27 05:06:01.084, 0, 1 %, 36947 MiB, 92.09 W, 2355 MHz, 12481 MHz, 36
2026/09/27 05:06:01.084, 1, 0 %, 35187 MiB, 90.45 W, 2317 MHz, 12481 MHz, 35
2026/09/27 05:06:01.334, 0, 1 %, 36947 MiB, 92.08 W, 2355 MHz, 12481 MHz, 36
2026/09/27 05:06:01.334, 1, 0 %, 35187 MiB, 90.45 W, 2317 MHz, 12481 MHz, 35
2026/09/27 05:06:01.584, 0, 1 %, 36947 MiB, 92.14 W, 2355 MHz, 12481 MHz, 36
2026/09/27 05:06:01.584, 1, 0 %, 35187 MiB, 90.45 W, 2317 MHz, 12481 MHz, 35
2026/09/27 05:06:01.834, 0, 1 %, 36947 MiB, 92.12 W, 2355 MHz, 12481 MHz, 36
2026/09/27 05:06:01.834, 1, 0 %, 35187 MiB, 90.21 W, 2317 MHz, 12481 MHz, 35
2026/09/27 05:06:02.084, 0, 0 %, 36979 MiB, 92.01 W, 2355 MHz, 12481 MHz, 36
2026/09/27 05:06:02.084, 1, 0 %, 35187 MiB, 89.87 W, 2317 MHz, 12481 MHz, 35
2026/09/27 05:06:02.334, 0, 0 %, 36979 MiB, 91.94 W, 2355 MHz, 12481 MHz, 36
2026/09/27 05:06:02.334, 1, 0 %, 35187 MiB, 90.04 W, 2317 MHz, 12481 MHz, 35
2026/09/27 05:06:02.584, 0, 0 %, 37011 MiB, 91.80 W, 2355 MHz, 12481 MHz, 36
2026/09/27 05:06:02.584, 1, 0 %, 35187 MiB, 90.09 W, 2317 MHz, 12481 MHz, 35
2026/09/27 05:06:02.834, 0, 1 %, 37011 MiB, 91.74 W, 2355 MHz, 12481 MHz, 36
2026/09/27 05:06:02.834, 1, 0 %, 35187 MiB, 90.31 W, 2317 MHz, 12481 MHz, 35
2026/09/27 05:06:03.084, 0, 0 %, 37011 MiB, 91.76 W, 2355 MHz, 12481 MHz, 36
2026/09/27 05:06:03.084, 1, 0 %, 35187 MiB, 90.55 W, 2317 MHz, 12481 MHz, 35
2026/09/27 05:06:03.335, 0, 0 %, 37043 MiB, 91.71 W, 2355 MHz, 12481 MHz, 36
2026/09/27 05:06:03.335, 1, 0 %, 35187 MiB, 90.39 W, 2317 MHz, 12481 MHz, 35
2026/09/27 05:06:03.585, 0, 0 %, 37043 MiB, 91.72 W, 2355 MHz, 12481 MHz, 36
2026/09/27 05:06:03.585, 1, 0 %, 35187 MiB, 90.35 W, 2317 MHz, 12481 MHz, 35
2026/09/27 05:06:03.835, 0, 0 %, 37043 MiB, 91.78 W, 2355 MHz, 12481 MHz, 36
2026/09/27 05:06:03.835, 1, 0 %, 35187 MiB, 90.38 W, 2317 MHz, 12481 MHz, 35
2026/09/27 05:06:04.085, 0, 0 %, 37075 MiB, 91.70 W, 2355 MHz, 12481 MHz, 36
2026/09/27 05:06:04.085, 1, 0 %, 35187 MiB, 90.40 W, 2317 MHz, 12481 MHz, 35
2026/09/27 05:06:04.335, 0, 0 %, 37075 MiB, 91.73 W, 2355 MHz, 12481 MHz, 36
2026/09/27 05:06:04.335, 1, 0 %, 35187 MiB, 90.71 W, 2317 MHz, 12481 MHz, 35
2026/09/27 05:06:04.585, 0, 0 %, 37075 MiB, 91.79 W, 2355 MHz, 12481 MHz, 36
2026/09/27 05:06:04.585, 1, 1 %, 36915 MiB, 91.36 W, 2317 MHz, 12481 MHz, 35
2026/09/27 05:06:04.835, 0, 0 %, 37075 MiB, 91.69 W, 2355 MHz, 12481 MHz, 36
2026/09/27 05:06:04.835, 1, 2 %, 36915 MiB, 91.79 W, 2317 MHz, 12481 MHz, 35
2026/09/27 05:06:05.085, 0, 0 %, 37075 MiB, 91.72 W, 2355 MHz, 12481 MHz, 36
2026/09/27 05:06:05.085, 1, 2 %, 36915 MiB, 92.03 W, 2317 MHz, 12481 MHz, 35
2026/09/27 05:06:05.336, 0, 0 %, 37075 MiB, 91.71 W, 2355 MHz, 12481 MHz, 36
2026/09/27 05:06:05.336, 1, 1 %, 36915 MiB, 92.05 W, 2317 MHz, 12481 MHz, 35
2026/09/27 05:06:05.586, 0, 0 %, 37075 MiB, 91.65 W, 2355 MHz, 12481 MHz, 36
2026/09/27 05:06:05.586, 1, 1 %, 36915 MiB, 91.58 W, 2317 MHz, 12481 MHz, 35
2026/09/27 05:06:05.836, 0, 0 %, 37075 MiB, 91.65 W, 2355 MHz, 12481 MHz, 36
2026/09/27 05:06:05.836, 1, 1 %, 36915 MiB, 91.39 W, 2317 MHz, 12481 MHz, 35
2026/09/27 05:06:06.086, 0, 0 %, 37075 MiB, 91.65 W, 2355 MHz, 12481 MHz, 36
2026/09/27 05:06:06.086, 1, 1 %, 36915 MiB, 91.28 W, 2317 MHz, 12481 MHz, 35
2026/09/27 05:06:06.336, 0, 0 %, 37075 MiB, 91.65 W, 2355 MHz, 12481 MHz, 36
2026/09/27 05:06:06.336, 1, 1 %, 36915 MiB, 91.20 W, 2317 MHz, 12481 MHz, 35
2026/09/27 05:06:06.586, 0, 0 %, 37075 MiB, 90.69 W, 2355 MHz, 12481 MHz, 35
2026/09/27 05:06:06.586, 1, 2 %, 36915 MiB, 91.11 W, 2317 MHz, 12481 MHz, 35
2026/09/27 05:06:06.836, 0, 0 %, 37075 MiB, 90.69 W, 2355 MHz, 12481 MHz, 35
2026/09/27 05:06:06.836, 1, 1 %, 36915 MiB, 91.02 W, 2317 MHz, 12481 MHz, 35
2026/09/27 05:06:07.086, 0, 0 %, 37075 MiB, 90.69 W, 2355 MHz, 12481 MHz, 35
2026/09/27 05:06:07.087, 1, 1 %, 36915 MiB, 90.87 W, 2317 MHz, 12481 MHz, 35
2026/09/27 05:06:07.337, 0, 0 %, 37075 MiB, 90.69 W, 2355 MHz, 12481 MHz, 35
2026/09/27 05:06:07.337, 1, 1 %, 36915 MiB, 90.88 W, 2317 MHz, 12481 MHz, 35
2026/09/27 05:06:07.587, 0, 0 %, 37075 MiB, 90.50 W, 2355 MHz, 12481 MHz, 36
2026/09/27 05:06:07.587, 1, 1 %, 36915 MiB, 90.89 W, 2317 MHz, 12481 MHz, 35
2026/09/27 05:06:07.837, 0, 0 %, 37075 MiB, 90.50 W, 2355 MHz, 12481 MHz, 36
2026/09/27 05:06:07.837, 1, 1 %, 36915 MiB, 91.07 W, 2317 MHz, 12481 MHz, 35
2026/09/27 05:06:08.087, 0, 0 %, 37075 MiB, 90.68 W, 2355 MHz, 12481 MHz, 36
2026/09/27 05:06:08.087, 1, 1 %, 36947 MiB, 91.24 W, 2317 MHz, 12481 MHz, 35
2026/09/27 05:06:08.337, 0, 0 %, 37075 MiB, 90.77 W, 2355 MHz, 12481 MHz, 36
2026/09/27 05:06:08.337, 1, 0 %, 36947 MiB, 91.32 W, 2317 MHz, 12481 MHz, 35
2026/09/27 05:06:08.587, 0, 0 %, 37075 MiB, 91.40 W, 2355 MHz, 12481 MHz, 36
2026/09/27 05:06:08.587, 1, 0 %, 36979 MiB, 91.40 W, 2317 MHz, 12481 MHz, 35
2026/09/27 05:06:08.837, 0, 0 %, 37075 MiB, 91.47 W, 2355 MHz, 12481 MHz, 36
2026/09/27 05:06:08.837, 1, 0 %, 36979 MiB, 91.32 W, 2317 MHz, 12481 MHz, 35
2026/09/27 05:06:09.088, 0, 0 %, 37075 MiB, 91.61 W, 2355 MHz, 12481 MHz, 36
2026/09/27 05:06:09.088, 1, 0 %, 36979 MiB, 91.21 W, 2317 MHz, 12481 MHz, 35
2026/09/27 05:06:09.338, 0, 0 %, 37075 MiB, 91.69 W, 2355 MHz, 12481 MHz, 36
2026/09/27 05:06:09.338, 1, 1 %, 37011 MiB, 91.12 W, 2317 MHz, 12481 MHz, 35
2026/09/27 05:06:09.588, 0, 0 %, 37075 MiB, 91.68 W, 2355 MHz, 12481 MHz, 36
2026/09/27 05:06:09.588, 1, 0 %, 37011 MiB, 90.98 W, 2317 MHz, 12481 MHz, 35
2026/09/27 05:06:09.838, 0, 0 %, 37075 MiB, 91.62 W, 2355 MHz, 12481 MHz, 36
2026/09/27 05:06:09.838, 1, 0 %, 37043 MiB, 90.79 W, 2317 MHz, 12481 MHz, 35
2026/09/27 05:06:10.088, 0, 0 %, 37075 MiB, 91.61 W, 2355 MHz, 12481 MHz, 36
2026/09/27 05:06:10.088, 1, 1 %, 37043 MiB, 90.65 W, 2317 MHz, 12481 MHz, 35
2026/09/27 05:06:10.338, 0, 0 %, 38835 MiB, 91.61 W, 2355 MHz, 12481 MHz, 36
2026/09/27 05:06:10.338, 1, 0 %, 37043 MiB, 90.51 W, 2317 MHz, 12481 MHz, 35
2026/09/27 05:06:10.588, 0, 1 %, 38835 MiB, 91.87 W, 2355 MHz, 12481 MHz, 36
2026/09/27 05:06:10.588, 1, 0 %, 37043 MiB, 90.45 W, 2317 MHz, 12481 MHz, 35
2026/09/27 05:06:10.838, 0, 1 %, 38835 MiB, 92.00 W, 2355 MHz, 12481 MHz, 36
2026/09/27 05:06:10.838, 1, 0 %, 37043 MiB, 90.42 W, 2317 MHz, 12481 MHz, 35
2026/09/27 05:06:11.089, 0, 1 %, 38835 MiB, 92.11 W, 2355 MHz, 12481 MHz, 36
2026/09/27 05:06:11.089, 1, 0 %, 37043 MiB, 90.48 W, 2317 MHz, 12481 MHz, 35
2026/09/27 05:06:11.339, 0, 1 %, 38835 MiB, 92.17 W, 2355 MHz, 12481 MHz, 36
2026/09/27 05:06:11.339, 1, 0 %, 37043 MiB, 90.56 W, 2317 MHz, 12481 MHz, 35
2026/09/27 05:06:11.589, 0, 0 %, 38835 MiB, 92.07 W, 2355 MHz, 12481 MHz, 36
2026/09/27 05:06:11.589, 1, 0 %, 37043 MiB, 90.56 W, 2317 MHz, 12481 MHz, 35
2026/09/27 05:06:11.839, 0, 1 %, 38835 MiB, 92.01 W, 2355 MHz, 12481 MHz, 36
2026/09/27 05:06:11.839, 1, 0 %, 37043 MiB, 90.56 W, 2317 MHz, 12481 MHz, 35
2026/09/27 05:06:12.089, 0, 1 %, 38835 MiB, 92.02 W, 2355 MHz, 12481 MHz, 36
2026/09/27 05:06:12.089, 1, 0 %, 37043 MiB, 90.56 W, 2317 MHz, 12481 MHz, 35
2026/09/27 05:06:12.339, 0, 1 %, 38835 MiB, 92.04 W, 2355 MHz, 12481 MHz, 36
2026/09/27 05:06:12.339, 1, 0 %, 37043 MiB, 89.41 W, 2317 MHz, 12481 MHz, 35
2026/09/27 05:06:12.589, 0, 1 %, 38835 MiB, 92.03 W, 2355 MHz, 12481 MHz, 36
2026/09/27 05:06:12.589, 1, 0 %, 37043 MiB, 89.41 W, 2317 MHz, 12481 MHz, 35
2026/09/27 05:06:12.839, 0, 1 %, 38835 MiB, 91.99 W, 2355 MHz, 12481 MHz, 36
2026/09/27 05:06:12.840, 1, 0 %, 37043 MiB, 89.41 W, 2317 MHz, 12481 MHz, 35
2026/09/27 05:06:13.090, 0, 1 %, 38835 MiB, 92.02 W, 2355 MHz, 12481 MHz, 36
2026/09/27 05:06:13.090, 1, 0 %, 37043 MiB, 89.41 W, 2317 MHz, 12481 MHz, 35
2026/09/27 05:06:13.340, 0, 1 %, 38835 MiB, 91.98 W, 2355 MHz, 12481 MHz, 36
2026/09/27 05:06:13.340, 1, 0 %, 37043 MiB, 88.93 W, 2317 MHz, 12481 MHz, 35
2026/09/27 05:06:13.590, 0, 1 %, 38835 MiB, 92.03 W, 2355 MHz, 12481 MHz, 36
2026/09/27 05:06:13.590, 1, 0 %, 37043 MiB, 88.93 W, 2317 MHz, 12481 MHz, 35
2026/09/27 05:06:13.840, 0, 1 %, 38835 MiB, 92.09 W, 2355 MHz, 12481 MHz, 36
2026/09/27 05:06:13.840, 1, 0 %, 37043 MiB, 88.93 W, 2317 MHz, 12481 MHz, 35
2026/09/27 05:06:14.090, 0, 1 %, 38835 MiB, 92.04 W, 2355 MHz, 12481 MHz, 36
2026/09/27 05:06:14.090, 1, 0 %, 37043 MiB, 88.93 W, 2317 MHz, 12481 MHz, 35
2026/09/27 05:06:14.340, 0, 1 %, 38835 MiB, 92.11 W, 2355 MHz, 12481 MHz, 36
2026/09/27 05:06:14.340, 1, 0 %, 37043 MiB, 88.44 W, 2317 MHz, 12481 MHz, 35
2026/09/27 05:06:14.590, 0, 1 %, 38835 MiB, 92.01 W, 2355 MHz, 12481 MHz, 36
2026/09/27 05:06:14.590, 1, 0 %, 37043 MiB, 88.44 W, 2317 MHz, 12481 MHz, 35
2026/09/27 05:06:14.840, 0, 1 %, 38835 MiB, 92.04 W, 2355 MHz, 12481 MHz, 36
2026/09/27 05:06:14.840, 1, 0 %, 37043 MiB, 88.44 W, 2317 MHz, 12481 MHz, 35
2026/09/27 05:06:15.091, 0, 1 %, 38835 MiB, 92.05 W, 2355 MHz, 12481 MHz, 36
2026/09/27 05:06:15.091, 1, 0 %, 37043 MiB, 88.44 W, 2317 MHz, 12481 MHz, 35
2026/09/27 05:06:15.341, 0, 0 %, 38835 MiB, 91.89 W, 2355 MHz, 12481 MHz, 36
2026/09/27 05:06:15.341, 1, 0 %, 37043 MiB, 89.91 W, 2317 MHz, 12481 MHz, 35
2026/09/27 05:06:15.591, 0, 0 %, 38867 MiB, 91.79 W, 2355 MHz, 12481 MHz, 36
2026/09/27 05:06:15.591, 1, 0 %, 37043 MiB, 89.91 W, 2317 MHz, 12481 MHz, 35
2026/09/27 05:06:15.841, 0, 0 %, 38867 MiB, 91.76 W, 2355 MHz, 12481 MHz, 36
2026/09/27 05:06:15.841, 1, 0 %, 37043 MiB, 90.25 W, 2317 MHz, 12481 MHz, 35
2026/09/27 05:06:16.091, 0, 0 %, 38867 MiB, 91.63 W, 2355 MHz, 12481 MHz, 36
2026/09/27 05:06:16.091, 1, 0 %, 37043 MiB, 90.33 W, 2317 MHz, 12481 MHz, 35
2026/09/27 05:06:16.341, 0, 0 %, 38899 MiB, 91.70 W, 2355 MHz, 12481 MHz, 36
2026/09/27 05:06:16.341, 1, 0 %, 37043 MiB, 90.88 W, 2317 MHz, 12481 MHz, 35
2026/09/27 05:06:16.591, 0, 0 %, 38899 MiB, 91.75 W, 2355 MHz, 12481 MHz, 36
2026/09/27 05:06:16.591, 1, 0 %, 37043 MiB, 90.85 W, 2317 MHz, 12481 MHz, 35
2026/09/27 05:06:16.841, 0, 0 %, 38899 MiB, 91.68 W, 2355 MHz, 12481 MHz, 36
2026/09/27 05:06:16.841, 1, 0 %, 37043 MiB, 90.77 W, 2317 MHz, 12481 MHz, 35
2026/09/27 05:06:17.091, 0, 1 %, 38931 MiB, 91.70 W, 2355 MHz, 12481 MHz, 36
2026/09/27 05:06:17.091, 1, 0 %, 37043 MiB, 90.67 W, 2317 MHz, 12481 MHz, 35
2026/09/27 05:06:17.341, 0, 0 %, 38931 MiB, 91.70 W, 2355 MHz, 12481 MHz, 36
2026/09/27 05:06:17.341, 1, 0 %, 37043 MiB, 90.51 W, 2317 MHz, 12481 MHz, 35
2026/09/27 05:06:17.592, 0, 0 %, 38963 MiB, 91.61 W, 2355 MHz, 12481 MHz, 36
2026/09/27 05:06:17.592, 1, 0 %, 37043 MiB, 90.44 W, 2317 MHz, 12481 MHz, 35
2026/09/27 05:06:17.842, 0, 0 %, 38963 MiB, 91.64 W, 2355 MHz, 12481 MHz, 36
2026/09/27 05:06:17.842, 1, 0 %, 37043 MiB, 90.34 W, 2317 MHz, 12481 MHz, 35
2026/09/27 05:06:18.092, 0, 0 %, 38995 MiB, 91.64 W, 2355 MHz, 12481 MHz, 36
2026/09/27 05:06:18.092, 1, 0 %, 38803 MiB, 90.30 W, 2317 MHz, 12481 MHz, 35
2026/09/27 05:06:18.342, 0, 0 %, 38995 MiB, 91.70 W, 2355 MHz, 12481 MHz, 36
2026/09/27 05:06:18.342, 1, 1 %, 38803 MiB, 90.62 W, 2317 MHz, 12481 MHz, 35
2026/09/27 05:06:18.592, 0, 0 %, 38995 MiB, 91.76 W, 2355 MHz, 12481 MHz, 36
2026/09/27 05:06:18.592, 1, 1 %, 38803 MiB, 90.86 W, 2317 MHz, 12481 MHz, 35
2026/09/27 05:06:18.842, 0, 0 %, 38995 MiB, 91.73 W, 2355 MHz, 12481 MHz, 36
2026/09/27 05:06:18.842, 1, 1 %, 38803 MiB, 91.30 W, 2317 MHz, 12481 MHz, 35
2026/09/27 05:06:19.092, 0, 0 %, 38995 MiB, 91.72 W, 2355 MHz, 12481 MHz, 36
2026/09/27 05:06:19.092, 1, 1 %, 38803 MiB, 91.54 W, 2317 MHz, 12481 MHz, 35
2026/09/27 05:06:19.342, 0, 0 %, 38995 MiB, 91.72 W, 2355 MHz, 12481 MHz, 36
2026/09/27 05:06:19.342, 1, 1 %, 38803 MiB, 91.59 W, 2317 MHz, 12481 MHz, 35
2026/09/27 05:06:19.592, 0, 0 %, 38995 MiB, 91.72 W, 2355 MHz, 12481 MHz, 36
2026/09/27 05:06:19.592, 1, 1 %, 38803 MiB, 91.62 W, 2317 MHz, 12481 MHz, 35
2026/09/27 05:06:19.842, 0, 0 %, 38995 MiB, 91.72 W, 2355 MHz, 12481 MHz, 36
2026/09/27 05:06:19.842, 1, 1 %, 38803 MiB, 91.50 W, 2317 MHz, 12481 MHz, 35
2026/09/27 05:06:20.093, 0, 0 %, 38995 MiB, 92.33 W, 2355 MHz, 12481 MHz, 36
2026/09/27 05:06:20.093, 1, 1 %, 38803 MiB, 91.36 W, 2317 MHz, 12481 MHz, 35
2026/09/27 05:06:20.343, 0, 0 %, 38995 MiB, 92.33 W, 2355 MHz, 12481 MHz, 36
2026/09/27 05:06:20.343, 1, 1 %, 38803 MiB, 91.22 W, 2317 MHz, 12481 MHz, 35
2026/09/27 05:06:20.593, 0, 0 %, 38995 MiB, 92.33 W, 2355 MHz, 12481 MHz, 36
2026/09/27 05:06:20.593, 1, 1 %, 38803 MiB, 91.11 W, 2317 MHz, 12481 MHz, 35
2026/09/27 05:06:20.843, 0, 0 %, 38995 MiB, 92.33 W, 2355 MHz, 12481 MHz, 36
2026/09/27 05:06:20.843, 1, 1 %, 38803 MiB, 90.92 W, 2317 MHz, 12481 MHz, 35
2026/09/27 05:06:21.093, 0, 0 %, 38995 MiB, 91.98 W, 2355 MHz, 12481 MHz, 36
2026/09/27 05:06:21.093, 1, 1 %, 38803 MiB, 90.87 W, 2317 MHz, 12481 MHz, 35
2026/09/27 05:06:21.343, 0, 0 %, 38995 MiB, 91.98 W, 2355 MHz, 12481 MHz, 36
2026/09/27 05:06:21.343, 1, 1 %, 38803 MiB, 90.73 W, 2317 MHz, 12481 MHz, 35
2026/09/27 05:06:21.593, 0, 0 %, 38995 MiB, 91.98 W, 2355 MHz, 12481 MHz, 36
2026/09/27 05:06:21.593, 1, 1 %, 38803 MiB, 90.72 W, 2317 MHz, 12481 MHz, 35
2026/09/27 05:06:21.843, 0, 0 %, 38995 MiB, 91.98 W, 2355 MHz, 12481 MHz, 36
2026/09/27 05:06:21.843, 1, 1 %, 38803 MiB, 90.76 W, 2317 MHz, 12481 MHz, 35
2026/09/27 05:06:22.093, 0, 0 %, 38995 MiB, 91.66 W, 2355 MHz, 12481 MHz, 36
2026/09/27 05:06:22.093, 1, 1 %, 38803 MiB, 90.83 W, 2317 MHz, 12481 MHz, 35
2026/09/27 05:06:22.343, 0, 0 %, 38995 MiB, 91.66 W, 2355 MHz, 12481 MHz, 36
2026/09/27 05:06:22.343, 1, 1 %, 38803 MiB, 91.20 W, 2317 MHz, 12481 MHz, 35
2026/09/27 05:06:22.594, 0, 0 %, 38995 MiB, 91.66 W, 2355 MHz, 12481 MHz, 36
2026/09/27 05:06:22.594, 1, 1 %, 38803 MiB, 91.38 W, 2317 MHz, 12481 MHz, 35
2026/09/27 05:06:22.844, 0, 0 %, 38995 MiB, 91.66 W, 2355 MHz, 12481 MHz, 36
2026/09/27 05:06:22.844, 1, 1 %, 38803 MiB, 91.61 W, 2317 MHz, 12481 MHz, 35
2026/09/27 05:06:23.094, 0, 0 %, 38995 MiB, 91.42 W, 2355 MHz, 12481 MHz, 36
2026/09/27 05:06:23.094, 1, 1 %, 38803 MiB, 91.74 W, 2317 MHz, 12481 MHz, 35
2026/09/27 05:06:23.344, 0, 0 %, 38995 MiB, 90.95 W, 2355 MHz, 12481 MHz, 35
2026/09/27 05:06:23.344, 1, 0 %, 38835 MiB, 91.55 W, 2317 MHz, 12481 MHz, 35
2026/09/27 05:06:23.594, 0, 0 %, 38995 MiB, 91.13 W, 2355 MHz, 12481 MHz, 36
2026/09/27 05:06:23.594, 1, 0 %, 38835 MiB, 91.37 W, 2317 MHz, 12481 MHz, 35
2026/09/27 05:06:23.844, 0, 0 %, 38995 MiB, 91.17 W, 2355 MHz, 12481 MHz, 36
2026/09/27 05:06:23.844, 1, 0 %, 38867 MiB, 91.11 W, 2317 MHz, 12481 MHz, 35
2026/09/27 05:06:24.094, 0, 0 %, 38995 MiB, 91.33 W, 2355 MHz, 12481 MHz, 36
2026/09/27 05:06:24.094, 1, 1 %, 38867 MiB, 90.92 W, 2317 MHz, 12481 MHz, 35
2026/09/27 05:06:24.344, 0, 0 %, 38995 MiB, 91.72 W, 2355 MHz, 12481 MHz, 36
2026/09/27 05:06:24.344, 1, 0 %, 38867 MiB, 90.68 W, 2317 MHz, 12481 MHz, 35
2026/09/27 05:06:24.594, 0, 0 %, 38995 MiB, 91.64 W, 2355 MHz, 12481 MHz, 36
2026/09/27 05:06:24.595, 1, 1 %, 38899 MiB, 90.58 W, 2317 MHz, 12481 MHz, 35
2026/09/27 05:06:24.845, 0, 0 %, 38995 MiB, 91.70 W, 2355 MHz, 12481 MHz, 36
2026/09/27 05:06:24.845, 1, 0 %, 38899 MiB, 90.48 W, 2317 MHz, 12481 MHz, 35
2026/09/27 05:06:25.095, 0, 0 %, 38995 MiB, 91.67 W, 2355 MHz, 12481 MHz, 36
2026/09/27 05:06:25.095, 1, 0 %, 38931 MiB, 90.36 W, 2317 MHz, 12481 MHz, 35
2026/09/27 05:06:25.345, 0, 0 %, 38995 MiB, 91.64 W, 2355 MHz, 12481 MHz, 36
2026/09/27 05:06:25.345, 1, 0 %, 38931 MiB, 90.39 W, 2317 MHz, 12481 MHz, 35
2026/09/27 05:06:25.595, 0, 0 %, 40723 MiB, 91.66 W, 2355 MHz, 12481 MHz, 36
2026/09/27 05:06:25.595, 1, 0 %, 38963 MiB, 90.44 W, 2317 MHz, 12481 MHz, 35
2026/09/27 05:06:25.845, 0, 2 %, 40723 MiB, 92.14 W, 2355 MHz, 12481 MHz, 36
2026/09/27 05:06:25.845, 1, 0 %, 38963 MiB, 90.70 W, 2317 MHz, 12481 MHz, 35
2026/09/27 05:06:26.095, 0, 0 %, 40723 MiB, 92.19 W, 2355 MHz, 12481 MHz, 36
2026/09/27 05:06:26.095, 1, 0 %, 38963 MiB, 90.94 W, 2317 MHz, 12481 MHz, 35
2026/09/27 05:06:26.345, 0, 1 %, 40723 MiB, 92.26 W, 2355 MHz, 12481 MHz, 36
2026/09/27 05:06:26.345, 1, 0 %, 38963 MiB, 91.22 W, 2317 MHz, 12481 MHz, 35
2026/09/27 05:06:26.597, 0, 1 %, 40723 MiB, 92.36 W, 2355 MHz, 12481 MHz, 36
2026/09/27 05:06:26.597, 1, 0 %, 38963 MiB, 91.32 W, 2317 MHz, 12481 MHz, 35
2026/09/27 05:06:26.847, 0, 1 %, 40723 MiB, 91.92 W, 2355 MHz, 12481 MHz, 36
2026/09/27 05:06:26.847, 1, 0 %, 38963 MiB, 91.34 W, 2317 MHz, 12481 MHz, 35
2026/09/27 05:06:27.097, 0, 1 %, 40723 MiB, 92.07 W, 2355 MHz, 12481 MHz, 36
2026/09/27 05:06:27.097, 1, 0 %, 38963 MiB, 91.34 W, 2317 MHz, 12481 MHz, 35
2026/09/27 05:06:27.347, 0, 1 %, 40723 MiB, 92.08 W, 2355 MHz, 12481 MHz, 36
2026/09/27 05:06:27.347, 1, 0 %, 38963 MiB, 91.34 W, 2317 MHz, 12481 MHz, 35
2026/09/27 05:06:27.597, 0, 1 %, 40723 MiB, 92.15 W, 2355 MHz, 12481 MHz, 36
2026/09/27 05:06:27.598, 1, 0 %, 38963 MiB, 91.34 W, 2317 MHz, 12481 MHz, 35
2026/09/27 05:06:27.848, 0, 1 %, 40723 MiB, 92.18 W, 2355 MHz, 12481 MHz, 36
2026/09/27 05:06:27.848, 1, 0 %, 38963 MiB, 88.93 W, 2317 MHz, 12481 MHz, 35
2026/09/27 05:06:28.098, 0, 1 %, 40723 MiB, 92.13 W, 2355 MHz, 12481 MHz, 36
2026/09/27 05:06:28.098, 1, 0 %, 38963 MiB, 88.93 W, 2317 MHz, 12481 MHz, 35
2026/09/27 05:06:28.348, 0, 1 %, 40723 MiB, 92.10 W, 2355 MHz, 12481 MHz, 36
2026/09/27 05:06:28.348, 1, 0 %, 38963 MiB, 88.93 W, 2317 MHz, 12481 MHz, 35
2026/09/27 05:06:28.598, 0, 1 %, 40723 MiB, 92.04 W, 2355 MHz, 12481 MHz, 36
2026/09/27 05:06:28.598, 1, 0 %, 38963 MiB, 88.93 W, 2317 MHz, 12481 MHz, 35
2026/09/27 05:06:28.848, 0, 1 %, 40723 MiB, 92.03 W, 2355 MHz, 12481 MHz, 36
2026/09/27 05:06:28.848, 1, 0 %, 38963 MiB, 88.68 W, 2317 MHz, 12481 MHz, 35
2026/09/27 05:06:29.098, 0, 1 %, 40723 MiB, 92.03 W, 2355 MHz, 12481 MHz, 36
2026/09/27 05:06:29.098, 1, 0 %, 38963 MiB, 88.68 W, 2317 MHz, 12481 MHz, 35
2026/09/27 05:06:29.348, 0, 1 %, 40723 MiB, 92.10 W, 2355 MHz, 12481 MHz, 36
2026/09/27 05:06:29.348, 1, 0 %, 38963 MiB, 88.68 W, 2317 MHz, 12481 MHz, 35
2026/09/27 05:06:29.598, 0, 1 %, 40723 MiB, 92.13 W, 2355 MHz, 12481 MHz, 36
2026/09/27 05:06:29.598, 1, 0 %, 38963 MiB, 88.68 W, 2317 MHz, 12481 MHz, 35
2026/09/27 05:06:29.849, 0, 1 %, 40723 MiB, 92.12 W, 2355 MHz, 12481 MHz, 36
2026/09/27 05:06:29.849, 1, 0 %, 38963 MiB, 89.91 W, 2317 MHz, 12481 MHz, 35
2026/09/27 05:06:30.099, 0, 1 %, 40723 MiB, 92.10 W, 2355 MHz, 12481 MHz, 36
2026/09/27 05:06:30.099, 1, 0 %, 38963 MiB, 89.91 W, 2317 MHz, 12481 MHz, 35
2026/09/27 05:06:30.349, 0, 1 %, 40723 MiB, 92.10 W, 2355 MHz, 12481 MHz, 36
2026/09/27 05:06:30.349, 1, 0 %, 38963 MiB, 89.91 W, 2317 MHz, 12481 MHz, 35
2026/09/27 05:06:30.599, 0, 0 %, 40723 MiB, 91.96 W, 2355 MHz, 12481 MHz, 36
2026/09/27 05:06:30.599, 1, 0 %, 38963 MiB, 89.91 W, 2317 MHz, 12481 MHz, 35
2026/09/27 05:06:30.849, 0, 0 %, 40723 MiB, 91.88 W, 2355 MHz, 12481 MHz, 36
2026/09/27 05:06:30.849, 1, 0 %, 38963 MiB, 89.67 W, 2317 MHz, 12481 MHz, 35
2026/09/27 05:06:31.099, 0, 0 %, 40723 MiB, 91.78 W, 2355 MHz, 12481 MHz, 36
2026/09/27 05:06:31.099, 1, 0 %, 38963 MiB, 89.67 W, 2317 MHz, 12481 MHz, 35
2026/09/27 05:06:31.349, 0, 0 %, 40755 MiB, 91.69 W, 2355 MHz, 12481 MHz, 36
2026/09/27 05:06:31.349, 1, 0 %, 38963 MiB, 89.46 W, 2317 MHz, 12481 MHz, 35
2026/09/27 05:06:31.599, 0, 0 %, 40755 MiB, 91.64 W, 2355 MHz, 12481 MHz, 36
2026/09/27 05:06:31.599, 1, 0 %, 38963 MiB, 89.55 W, 2317 MHz, 12481 MHz, 35
2026/09/27 05:06:31.850, 0, 0 %, 40755 MiB, 91.61 W, 2355 MHz, 12481 MHz, 36
2026/09/27 05:06:31.850, 1, 0 %, 38963 MiB, 89.86 W, 2317 MHz, 12481 MHz, 35
2026/09/27 05:06:32.100, 0, 0 %, 40787 MiB, 91.68 W, 2355 MHz, 12481 MHz, 36
2026/09/27 05:06:32.100, 1, 0 %, 38963 MiB, 89.93 W, 2317 MHz, 12481 MHz, 35
2026/09/27 05:06:32.350, 0, 1 %, 40787 MiB, 91.65 W, 2355 MHz, 12481 MHz, 36
2026/09/27 05:06:32.350, 1, 0 %, 38963 MiB, 90.41 W, 2317 MHz, 12481 MHz, 35
2026/09/27 05:06:32.600, 0, 0 %, 40787 MiB, 91.72 W, 2355 MHz, 12481 MHz, 36
2026/09/27 05:06:32.600, 1, 0 %, 38963 MiB, 90.44 W, 2317 MHz, 12481 MHz, 35
2026/09/27 05:06:32.850, 0, 0 %, 40819 MiB, 91.74 W, 2355 MHz, 12481 MHz, 36
2026/09/27 05:06:32.850, 1, 0 %, 38963 MiB, 90.52 W, 2317 MHz, 12481 MHz, 35
2026/09/27 05:06:33.100, 0, 0 %, 40851 MiB, 91.71 W, 2355 MHz, 12481 MHz, 36
2026/09/27 05:06:33.100, 1, 0 %, 38963 MiB, 90.71 W, 2317 MHz, 12481 MHz, 35
2026/09/27 05:06:33.350, 0, 0 %, 40851 MiB, 91.82 W, 2355 MHz, 12481 MHz, 36
2026/09/27 05:06:33.350, 1, 2 %, 40691 MiB, 91.29 W, 2317 MHz, 12481 MHz, 35
2026/09/27 05:06:33.600, 0, 0 %, 40851 MiB, 91.74 W, 2355 MHz, 12481 MHz, 36
2026/09/27 05:06:33.601, 1, 1 %, 40691 MiB, 91.53 W, 2317 MHz, 12481 MHz, 35
2026/09/27 05:06:33.851, 0, 0 %, 40851 MiB, 91.74 W, 2355 MHz, 12481 MHz, 36
2026/09/27 05:06:33.851, 1, 1 %, 40691 MiB, 91.83 W, 2317 MHz, 12481 MHz, 35
2026/09/27 05:06:34.101, 0, 0 %, 40851 MiB, 91.77 W, 2355 MHz, 12481 MHz, 36
2026/09/27 05:06:34.101, 1, 1 %, 40691 MiB, 91.88 W, 2317 MHz, 12481 MHz, 35
2026/09/27 05:06:34.351, 0, 0 %, 40851 MiB, 91.70 W, 2355 MHz, 12481 MHz, 36
2026/09/27 05:06:34.351, 1, 1 %, 40691 MiB, 91.62 W, 2317 MHz, 12481 MHz, 35
2026/09/27 05:06:34.601, 0, 0 %, 40851 MiB, 91.70 W, 2355 MHz, 12481 MHz, 36
2026/09/27 05:06:34.601, 1, 1 %, 40691 MiB, 91.48 W, 2317 MHz, 12481 MHz, 35
2026/09/27 05:06:34.851, 0, 0 %, 40851 MiB, 91.70 W, 2355 MHz, 12481 MHz, 36
2026/09/27 05:06:34.851, 1, 1 %, 40691 MiB, 91.32 W, 2317 MHz, 12481 MHz, 35
2026/09/27 05:06:35.101, 0, 0 %, 40851 MiB, 91.70 W, 2355 MHz, 12481 MHz, 36
2026/09/27 05:06:35.101, 1, 1 %, 40691 MiB, 91.27 W, 2317 MHz, 12481 MHz, 35
2026/09/27 05:06:35.351, 0, 0 %, 40851 MiB, 89.73 W, 2355 MHz, 12481 MHz, 36
2026/09/27 05:06:35.351, 1, 1 %, 40691 MiB, 91.10 W, 2317 MHz, 12481 MHz, 35
2026/09/27 05:06:35.601, 0, 0 %, 40851 MiB, 89.73 W, 2355 MHz, 12481 MHz, 36
2026/09/27 05:06:35.601, 1, 1 %, 40691 MiB, 91.05 W, 2317 MHz, 12481 MHz, 35
2026/09/27 05:06:35.851, 0, 0 %, 40851 MiB, 89.73 W, 2355 MHz, 12481 MHz, 36
2026/09/27 05:06:35.851, 1, 1 %, 40691 MiB, 90.94 W, 2317 MHz, 12481 MHz, 35
2026/09/27 05:06:36.102, 0, 0 %, 40851 MiB, 89.73 W, 2355 MHz, 12481 MHz, 36
2026/09/27 05:06:36.102, 1, 1 %, 40691 MiB, 90.89 W, 2317 MHz, 12481 MHz, 35
2026/09/27 05:06:36.352, 0, 0 %, 40851 MiB, 89.22 W, 2355 MHz, 12481 MHz, 36
2026/09/27 05:06:36.352, 1, 1 %, 40691 MiB, 90.94 W, 2317 MHz, 12481 MHz, 35
2026/09/27 05:06:36.602, 0, 0 %, 40851 MiB, 89.22 W, 2355 MHz, 12481 MHz, 36
2026/09/27 05:06:36.602, 1, 1 %, 40691 MiB, 90.97 W, 2317 MHz, 12481 MHz, 35
2026/09/27 05:06:36.852, 0, 0 %, 40851 MiB, 89.22 W, 2355 MHz, 12481 MHz, 36
2026/09/27 05:06:36.852, 1, 1 %, 40691 MiB, 91.29 W, 2317 MHz, 12481 MHz, 35
2026/09/27 05:06:37.102, 0, 0 %, 40851 MiB, 89.22 W, 2355 MHz, 12481 MHz, 36
2026/09/27 05:06:37.102, 1, 1 %, 40691 MiB, 91.49 W, 2317 MHz, 12481 MHz, 35
2026/09/27 05:06:37.352, 0, 0 %, 40851 MiB, 90.69 W, 2355 MHz, 12481 MHz, 36
2026/09/27 05:06:37.352, 1, 0 %, 40691 MiB, 91.66 W, 2317 MHz, 12481 MHz, 35
2026/09/27 05:06:37.602, 0, 0 %, 40851 MiB, 90.69 W, 2355 MHz, 12481 MHz, 36
2026/09/27 05:06:37.602, 1, 0 %, 40691 MiB, 91.67 W, 2317 MHz, 12481 MHz, 35
2026/09/27 05:06:37.852, 0, 0 %, 40851 MiB, 90.60 W, 2355 MHz, 12481 MHz, 36
2026/09/27 05:06:37.852, 1, 0 %, 40723 MiB, 91.48 W, 2317 MHz, 12481 MHz, 35
2026/09/27 05:06:38.102, 0, 0 %, 40851 MiB, 90.71 W, 2355 MHz, 12481 MHz, 36
2026/09/27 05:06:38.102, 1, 0 %, 40723 MiB, 91.25 W, 2317 MHz, 12481 MHz, 35
2026/09/27 05:06:38.353, 0, 0 %, 40851 MiB, 91.01 W, 2355 MHz, 12481 MHz, 36
2026/09/27 05:06:38.353, 1, 0 %, 40723 MiB, 91.04 W, 2317 MHz, 12481 MHz, 35
2026/09/27 05:06:38.603, 0, 0 %, 40851 MiB, 91.05 W, 2355 MHz, 12481 MHz, 36
2026/09/27 05:06:38.603, 1, 0 %, 40755 MiB, 90.93 W, 2317 MHz, 12481 MHz, 35
2026/09/27 05:06:38.853, 0, 0 %, 40851 MiB, 91.65 W, 2355 MHz, 12481 MHz, 36
2026/09/27 05:06:38.853, 1, 0 %, 40755 MiB, 90.75 W, 2317 MHz, 12481 MHz, 35
2026/09/27 05:06:39.103, 0, 0 %, 40851 MiB, 91.68 W, 2355 MHz, 12481 MHz, 36
2026/09/27 05:06:39.103, 1, 0 %, 40787 MiB, 90.68 W, 2317 MHz, 12481 MHz, 35
2026/09/27 05:06:39.353, 0, 0 %, 42387 MiB, 91.62 W, 2355 MHz, 12481 MHz, 36
2026/09/27 05:06:39.353, 1, 0 %, 40819 MiB, 90.58 W, 2317 MHz, 12481 MHz, 35
2026/09/27 05:06:39.603, 0, 1 %, 42579 MiB, 92.00 W, 2355 MHz, 12481 MHz, 36
2026/09/27 05:06:39.603, 1, 0 %, 40819 MiB, 90.57 W, 2317 MHz, 12481 MHz, 35
2026/09/27 05:06:39.853, 0, 1 %, 42579 MiB, 92.13 W, 2355 MHz, 12481 MHz, 36
2026/09/27 05:06:39.853, 1, 0 %, 40819 MiB, 90.61 W, 2317 MHz, 12481 MHz, 35
2026/09/27 05:06:40.103, 0, 1 %, 42579 MiB, 92.21 W, 2355 MHz, 12481 MHz, 36
2026/09/27 05:06:40.103, 1, 0 %, 40819 MiB, 90.62 W, 2317 MHz, 12481 MHz, 35
2026/09/27 05:06:40.353, 0, 1 %, 42579 MiB, 92.41 W, 2355 MHz, 12481 MHz, 36
2026/09/27 05:06:40.353, 1, 0 %, 40819 MiB, 90.86 W, 2317 MHz, 12481 MHz, 35
2026/09/27 05:06:40.603, 0, 1 %, 42579 MiB, 92.15 W, 2355 MHz, 12481 MHz, 36
2026/09/27 05:06:40.603, 1, 0 %, 40819 MiB, 90.89 W, 2317 MHz, 12481 MHz, 35
2026/09/27 05:06:40.854, 0, 1 %, 42579 MiB, 92.11 W, 2355 MHz, 12481 MHz, 36
2026/09/27 05:06:40.854, 1, 0 %, 40819 MiB, 90.89 W, 2317 MHz, 12481 MHz, 35
2026/09/27 05:06:41.104, 0, 1 %, 42579 MiB, 92.12 W, 2355 MHz, 12481 MHz, 36
2026/09/27 05:06:41.104, 1, 0 %, 40819 MiB, 90.89 W, 2317 MHz, 12481 MHz, 35
2026/09/27 05:06:41.354, 0, 1 %, 42579 MiB, 92.07 W, 2355 MHz, 12481 MHz, 36
2026/09/27 05:06:41.354, 1, 0 %, 40819 MiB, 90.89 W, 2317 MHz, 12481 MHz, 35
2026/09/27 05:06:41.604, 0, 1 %, 42579 MiB, 92.08 W, 2355 MHz, 12481 MHz, 36
2026/09/27 05:06:41.604, 1, 0 %, 40819 MiB, 89.42 W, 2317 MHz, 12481 MHz, 35
2026/09/27 05:06:41.854, 0, 1 %, 42579 MiB, 92.15 W, 2355 MHz, 12481 MHz, 36
2026/09/27 05:06:41.854, 1, 0 %, 40819 MiB, 89.42 W, 2317 MHz, 12481 MHz, 35
2026/09/27 05:06:42.104, 0, 1 %, 42579 MiB, 92.08 W, 2355 MHz, 12481 MHz, 36
2026/09/27 05:06:42.104, 1, 0 %, 40819 MiB, 89.42 W, 2317 MHz, 12481 MHz, 35
2026/09/27 05:06:42.354, 0, 1 %, 42579 MiB, 92.16 W, 2355 MHz, 12481 MHz, 36
2026/09/27 05:06:42.354, 1, 0 %, 40819 MiB, 89.42 W, 2317 MHz, 12481 MHz, 35
2026/09/27 05:06:42.604, 0, 1 %, 42579 MiB, 92.23 W, 2355 MHz, 12481 MHz, 36
2026/09/27 05:06:42.604, 1, 0 %, 40819 MiB, 88.96 W, 2317 MHz, 12481 MHz, 35
2026/09/27 05:06:42.854, 0, 1 %, 42579 MiB, 92.22 W, 2355 MHz, 12481 MHz, 36
2026/09/27 05:06:42.855, 1, 0 %, 40819 MiB, 88.96 W, 2317 MHz, 12481 MHz, 35
2026/09/27 05:06:43.105, 0, 1 %, 42579 MiB, 92.23 W, 2355 MHz, 12481 MHz, 36
2026/09/27 05:06:43.105, 1, 0 %, 40819 MiB, 88.96 W, 2317 MHz, 12481 MHz, 35
2026/09/27 05:06:43.355, 0, 1 %, 42579 MiB, 92.13 W, 2355 MHz, 12481 MHz, 36
2026/09/27 05:06:43.355, 1, 0 %, 40819 MiB, 88.96 W, 2317 MHz, 12481 MHz, 35
2026/09/27 05:06:43.605, 0, 0 %, 42579 MiB, 92.04 W, 2355 MHz, 12481 MHz, 36
2026/09/27 05:06:43.605, 1, 0 %, 40819 MiB, 88.47 W, 2317 MHz, 12481 MHz, 35
2026/09/27 05:06:43.855, 0, 0 %, 42611 MiB, 91.96 W, 2355 MHz, 12481 MHz, 36
2026/09/27 05:06:43.855, 1, 0 %, 40819 MiB, 88.82 W, 2317 MHz, 12481 MHz, 35
2026/09/27 05:06:44.105, 0, 0 %, 42611 MiB, 91.82 W, 2355 MHz, 12481 MHz, 36
2026/09/27 05:06:44.105, 1, 0 %, 40819 MiB, 89.12 W, 2317 MHz, 12481 MHz, 35
2026/09/27 05:06:44.355, 0, 0 %, 42611 MiB, 91.70 W, 2355 MHz, 12481 MHz, 36
2026/09/27 05:06:44.355, 1, 0 %, 40819 MiB, 89.46 W, 2317 MHz, 12481 MHz, 35
2026/09/27 05:06:44.605, 0, 0 %, 42611 MiB, 91.71 W, 2355 MHz, 12481 MHz, 36
2026/09/27 05:06:44.605, 1, 0 %, 40819 MiB, 90.65 W, 2317 MHz, 12481 MHz, 35
2026/09/27 05:06:44.855, 0, 1 %, 42643 MiB, 91.64 W, 2355 MHz, 12481 MHz, 36
2026/09/27 05:06:44.856, 1, 0 %, 40819 MiB, 91.27 W, 2317 MHz, 12481 MHz, 35
2026/09/27 05:06:45.106, 0, 0 %, 42643 MiB, 91.67 W, 2355 MHz, 12481 MHz, 36
2026/09/27 05:06:45.106, 1, 0 %, 40819 MiB, 91.20 W, 2317 MHz, 12481 MHz, 35
2026/09/27 05:06:45.356, 0, 0 %, 42643 MiB, 91.69 W, 2355 MHz, 12481 MHz, 36
2026/09/27 05:06:45.356, 1, 0 %, 40819 MiB, 91.05 W, 2317 MHz, 12481 MHz, 35
2026/09/27 05:06:45.606, 0, 0 %, 42675 MiB, 91.67 W, 2355 MHz, 12481 MHz, 36
2026/09/27 05:06:45.606, 1, 0 %, 40819 MiB, 90.96 W, 2317 MHz, 12481 MHz, 35
2026/09/27 05:06:45.856, 0, 0 %, 42675 MiB, 91.67 W, 2355 MHz, 12481 MHz, 36
2026/09/27 05:06:45.856, 1, 0 %, 40819 MiB, 90.85 W, 2317 MHz, 12481 MHz, 35
2026/09/27 05:06:46.106, 0, 0 %, 42675 MiB, 91.73 W, 2355 MHz, 12481 MHz, 36
2026/09/27 05:06:46.106, 1, 0 %, 40819 MiB, 90.69 W, 2317 MHz, 12481 MHz, 35
2026/09/27 05:06:46.356, 0, 0 %, 42707 MiB, 91.67 W, 2355 MHz, 12481 MHz, 36
2026/09/27 05:06:46.356, 1, 0 %, 40819 MiB, 90.53 W, 2317 MHz, 12481 MHz, 35
2026/09/27 05:06:46.606, 0, 0 %, 42739 MiB, 91.69 W, 2355 MHz, 12481 MHz, 36
2026/09/27 05:06:46.606, 1, 0 %, 40819 MiB, 90.49 W, 2317 MHz, 12481 MHz, 35
2026/09/27 05:06:46.857, 0, 0 %, 42739 MiB, 91.70 W, 2355 MHz, 12481 MHz, 36
2026/09/27 05:06:46.857, 1, 0 %, 42547 MiB, 90.42 W, 2317 MHz, 12481 MHz, 35
2026/09/27 05:06:47.107, 0, 0 %, 42739 MiB, 91.68 W, 2355 MHz, 12481 MHz, 36
2026/09/27 05:06:47.107, 1, 2 %, 42547 MiB, 90.85 W, 2317 MHz, 12481 MHz, 35
2026/09/27 05:06:47.357, 0, 0 %, 42739 MiB, 91.78 W, 2355 MHz, 12481 MHz, 36
2026/09/27 05:06:47.357, 1, 1 %, 42547 MiB, 91.05 W, 2317 MHz, 12481 MHz, 35
2026/09/27 05:06:47.607, 0, 0 %, 42739 MiB, 91.78 W, 2355 MHz, 12481 MHz, 36
2026/09/27 05:06:47.607, 1, 1 %, 42547 MiB, 91.32 W, 2317 MHz, 12481 MHz, 35
2026/09/27 05:06:47.857, 0, 0 %, 42739 MiB, 91.72 W, 2355 MHz, 12481 MHz, 36
2026/09/27 05:06:47.857, 1, 1 %, 42547 MiB, 91.80 W, 2317 MHz, 12481 MHz, 35
2026/09/27 05:06:48.107, 0, 0 %, 42739 MiB, 91.72 W, 2355 MHz, 12481 MHz, 36
2026/09/27 05:06:48.107, 1, 1 %, 42547 MiB, 91.64 W, 2317 MHz, 12481 MHz, 35
2026/09/27 05:06:48.357, 0, 0 %, 42739 MiB, 91.72 W, 2355 MHz, 12481 MHz, 36
2026/09/27 05:06:48.357, 1, 1 %, 42547 MiB, 91.81 W, 2317 MHz, 12481 MHz, 35
2026/09/27 05:06:48.608, 0, 0 %, 42739 MiB, 91.72 W, 2355 MHz, 12481 MHz, 36
2026/09/27 05:06:48.608, 1, 1 %, 42547 MiB, 91.80 W, 2317 MHz, 12481 MHz, 35
2026/09/27 05:06:48.858, 0, 0 %, 42739 MiB, 89.73 W, 2355 MHz, 12481 MHz, 36
2026/09/27 05:06:48.858, 1, 1 %, 42547 MiB, 91.66 W, 2317 MHz, 12481 MHz, 35
2026/09/27 05:06:49.108, 0, 0 %, 42739 MiB, 89.73 W, 2355 MHz, 12481 MHz, 36
2026/09/27 05:06:49.108, 1, 1 %, 42547 MiB, 91.56 W, 2317 MHz, 12481 MHz, 35
2026/09/27 05:06:49.358, 0, 0 %, 42739 MiB, 89.73 W, 2355 MHz, 12481 MHz, 36
2026/09/27 05:06:49.358, 1, 1 %, 42547 MiB, 91.44 W, 2317 MHz, 12481 MHz, 35
2026/09/27 05:06:49.608, 0, 0 %, 42739 MiB, 89.73 W, 2355 MHz, 12481 MHz, 36
2026/09/27 05:06:49.608, 1, 1 %, 42547 MiB, 91.26 W, 2317 MHz, 12481 MHz, 35
2026/09/27 05:06:49.858, 0, 0 %, 42739 MiB, 90.78 W, 2355 MHz, 12481 MHz, 35
2026/09/27 05:06:49.858, 1, 1 %, 42547 MiB, 91.07 W, 2317 MHz, 12481 MHz, 35
2026/09/27 05:06:50.108, 0, 0 %, 42739 MiB, 90.78 W, 2355 MHz, 12481 MHz, 35
2026/09/27 05:06:50.108, 1, 1 %, 42547 MiB, 90.97 W, 2317 MHz, 12481 MHz, 35
2026/09/27 05:06:50.358, 0, 0 %, 42739 MiB, 90.78 W, 2355 MHz, 12481 MHz, 35
2026/09/27 05:06:50.358, 1, 1 %, 42547 MiB, 90.81 W, 2317 MHz, 12481 MHz, 35
2026/09/27 05:06:50.609, 0, 0 %, 42739 MiB, 90.78 W, 2355 MHz, 12481 MHz, 35
2026/09/27 05:06:50.609, 1, 1 %, 42547 MiB, 90.81 W, 2317 MHz, 12481 MHz, 35
2026/09/27 05:06:50.859, 0, 0 %, 42739 MiB, 90.25 W, 2355 MHz, 12481 MHz, 36
2026/09/27 05:06:50.859, 1, 1 %, 42547 MiB, 90.85 W, 2317 MHz, 12481 MHz, 35
2026/09/27 05:06:51.109, 0, 0 %, 42739 MiB, 90.33 W, 2355 MHz, 12481 MHz, 36
2026/09/27 05:06:51.109, 1, 1 %, 42579 MiB, 90.93 W, 2317 MHz, 12481 MHz, 35
2026/09/27 05:06:51.359, 0, 0 %, 42739 MiB, 90.59 W, 2355 MHz, 12481 MHz, 36
2026/09/27 05:06:51.359, 1, 0 %, 42579 MiB, 91.16 W, 2317 MHz, 12481 MHz, 35
2026/09/27 05:06:51.609, 0, 0 %, 42739 MiB, 90.73 W, 2355 MHz, 12481 MHz, 36
2026/09/27 05:06:51.609, 1, 0 %, 42579 MiB, 91.31 W, 2317 MHz, 12481 MHz, 35
2026/09/27 05:06:51.859, 0, 0 %, 42739 MiB, 91.44 W, 2355 MHz, 12481 MHz, 36
2026/09/27 05:06:51.859, 1, 0 %, 42611 MiB, 91.36 W, 2317 MHz, 12481 MHz, 35
2026/09/27 05:06:52.109, 0, 0 %, 42739 MiB, 91.70 W, 2355 MHz, 12481 MHz, 36
2026/09/27 05:06:52.109, 1, 0 %, 42611 MiB, 91.37 W, 2317 MHz, 12481 MHz, 35
2026/09/27 05:06:52.359, 0, 0 %, 42739 MiB, 91.69 W, 2355 MHz, 12481 MHz, 36
2026/09/27 05:06:52.359, 1, 0 %, 42611 MiB, 91.21 W, 2317 MHz, 12481 MHz, 35
2026/09/27 05:06:52.609, 0, 0 %, 42739 MiB, 91.67 W, 2355 MHz, 12481 MHz, 36
2026/09/27 05:06:52.609, 1, 0 %, 42643 MiB, 91.14 W, 2317 MHz, 12481 MHz, 35
2026/09/27 05:06:52.860, 0, 0 %, 42739 MiB, 91.69 W, 2355 MHz, 12481 MHz, 36
2026/09/27 05:06:52.860, 1, 0 %, 42643 MiB, 91.02 W, 2317 MHz, 12481 MHz, 35
2026/09/27 05:06:53.110, 0, 0 %, 42739 MiB, 91.71 W, 2355 MHz, 12481 MHz, 36
2026/09/27 05:06:53.110, 1, 0 %, 42675 MiB, 90.88 W, 2317 MHz, 12481 MHz, 35
2026/09/27 05:06:53.360, 0, 0 %, 42739 MiB, 91.72 W, 2355 MHz, 12481 MHz, 36
2026/09/27 05:06:53.360, 1, 0 %, 42707 MiB, 90.75 W, 2317 MHz, 12481 MHz, 35
2026/09/27 05:06:53.610, 0, 1 %, 44467 MiB, 92.19 W, 2355 MHz, 12481 MHz, 36
2026/09/27 05:06:53.610, 1, 0 %, 42707 MiB, 90.69 W, 2317 MHz, 12481 MHz, 35
2026/09/27 05:06:53.860, 0, 1 %, 44467 MiB, 92.37 W, 2355 MHz, 12481 MHz, 36
2026/09/27 05:06:53.860, 1, 0 %, 42707 MiB, 90.55 W, 2317 MHz, 12481 MHz, 35
2026/09/27 05:06:54.110, 0, 1 %, 44467 MiB, 92.39 W, 2355 MHz, 12481 MHz, 36
2026/09/27 05:06:54.110, 1, 0 %, 42707 MiB, 90.54 W, 2317 MHz, 12481 MHz, 35
2026/09/27 05:06:54.360, 0, 1 %, 44467 MiB, 92.60 W, 2355 MHz, 12481 MHz, 36
2026/09/27 05:06:54.360, 1, 0 %, 42707 MiB, 90.51 W, 2317 MHz, 12481 MHz, 35
2026/09/27 05:06:54.610, 0, 1 %, 44467 MiB, 92.23 W, 2355 MHz, 12481 MHz, 36
2026/09/27 05:06:54.610, 1, 0 %, 42707 MiB, 90.52 W, 2317 MHz, 12481 MHz, 35
2026/09/27 05:06:54.861, 0, 1 %, 44467 MiB, 92.16 W, 2355 MHz, 12481 MHz, 36
2026/09/27 05:06:54.861, 1, 0 %, 42707 MiB, 90.52 W, 2317 MHz, 12481 MHz, 35
2026/09/27 05:06:55.111, 0, 1 %, 44467 MiB, 92.23 W, 2355 MHz, 12481 MHz, 36
2026/09/27 05:06:55.111, 1, 0 %, 42707 MiB, 90.52 W, 2317 MHz, 12481 MHz, 35
2026/09/27 05:06:55.361, 0, 1 %, 44467 MiB, 92.16 W, 2355 MHz, 12481 MHz, 36
2026/09/27 05:06:55.361, 1, 0 %, 42707 MiB, 90.52 W, 2317 MHz, 12481 MHz, 35
2026/09/27 05:06:55.611, 0, 1 %, 44467 MiB, 92.19 W, 2355 MHz, 12481 MHz, 36
2026/09/27 05:06:55.611, 1, 0 %, 42707 MiB, 90.89 W, 2317 MHz, 12481 MHz, 35
2026/09/27 05:06:55.861, 0, 2 %, 44467 MiB, 92.34 W, 2355 MHz, 12481 MHz, 36
2026/09/27 05:06:55.861, 1, 0 %, 42707 MiB, 90.89 W, 2317 MHz, 12481 MHz, 35
2026/09/27 05:06:56.111, 0, 1 %, 44467 MiB, 92.35 W, 2355 MHz, 12481 MHz, 36
2026/09/27 05:06:56.111, 1, 0 %, 42707 MiB, 90.89 W, 2317 MHz, 12481 MHz, 35
2026/09/27 05:06:56.361, 0, 1 %, 44467 MiB, 92.38 W, 2355 MHz, 12481 MHz, 36
2026/09/27 05:06:56.361, 1, 0 %, 42707 MiB, 90.89 W, 2317 MHz, 12481 MHz, 35
2026/09/27 05:06:56.611, 0, 1 %, 44467 MiB, 92.40 W, 2355 MHz, 12481 MHz, 36
2026/09/27 05:06:56.611, 1, 0 %, 42707 MiB, 90.89 W, 2317 MHz, 12481 MHz, 35
2026/09/27 05:06:56.861, 0, 1 %, 44467 MiB, 92.20 W, 2355 MHz, 12481 MHz, 36
2026/09/27 05:06:56.862, 1, 0 %, 42707 MiB, 90.89 W, 2317 MHz, 12481 MHz, 35
2026/09/27 05:06:57.112, 0, 1 %, 44467 MiB, 92.14 W, 2355 MHz, 12481 MHz, 36
2026/09/27 05:06:57.112, 1, 0 %, 42707 MiB, 90.89 W, 2317 MHz, 12481 MHz, 35
2026/09/27 05:06:57.362, 0, 0 %, 44467 MiB, 92.01 W, 2355 MHz, 12481 MHz, 36
2026/09/27 05:06:57.362, 1, 0 %, 42707 MiB, 90.89 W, 2317 MHz, 12481 MHz, 35
2026/09/27 05:06:57.612, 0, 0 %, 44467 MiB, 91.85 W, 2355 MHz, 12481 MHz, 36
2026/09/27 05:06:57.612, 1, 0 %, 42707 MiB, 90.39 W, 2317 MHz, 12481 MHz, 35
2026/09/27 05:06:57.862, 0, 1 %, 44531 MiB, 91.83 W, 2355 MHz, 12481 MHz, 36
2026/09/27 05:06:57.862, 1, 0 %, 42707 MiB, 90.06 W, 2317 MHz, 12481 MHz, 35
2026/09/27 05:06:58.112, 0, 0 %, 44531 MiB, 91.78 W, 2355 MHz, 12481 MHz, 36
2026/09/27 05:06:58.112, 1, 0 %, 42707 MiB, 90.11 W, 2317 MHz, 12481 MHz, 35
2026/09/27 05:06:58.362, 0, 0 %, 44531 MiB, 91.74 W, 2355 MHz, 12481 MHz, 36
2026/09/27 05:06:58.362, 1, 0 %, 42707 MiB, 90.21 W, 2317 MHz, 12481 MHz, 35
2026/09/27 05:06:58.612, 0, 1 %, 44563 MiB, 91.79 W, 2355 MHz, 12481 MHz, 36
2026/09/27 05:06:58.612, 1, 0 %, 42707 MiB, 90.27 W, 2317 MHz, 12481 MHz, 35
2026/09/27 05:06:58.863, 0, 0 %, 44563 MiB, 91.77 W, 2355 MHz, 12481 MHz, 36
2026/09/27 05:06:58.863, 1, 0 %, 42707 MiB, 91.01 W, 2317 MHz, 12481 MHz, 35
2026/09/27 05:06:59.113, 0, 0 %, 44563 MiB, 91.71 W, 2355 MHz, 12481 MHz, 36
2026/09/27 05:06:59.113, 1, 0 %, 42707 MiB, 91.15 W, 2317 MHz, 12481 MHz, 35
2026/09/27 05:06:59.363, 0, 0 %, 44595 MiB, 91.80 W, 2355 MHz, 12481 MHz, 36
2026/09/27 05:06:59.363, 1, 0 %, 42707 MiB, 91.29 W, 2317 MHz, 12481 MHz, 35
2026/09/27 05:06:59.613, 0, 0 %, 44595 MiB, 91.80 W, 2355 MHz, 12481 MHz, 36
2026/09/27 05:06:59.613, 1, 0 %, 42707 MiB, 91.17 W, 2317 MHz, 12481 MHz, 35
2026/09/27 05:06:59.863, 0, 0 %, 44595 MiB, 91.87 W, 2355 MHz, 12481 MHz, 36
2026/09/27 05:06:59.863, 1, 0 %, 44435 MiB, 91.64 W, 2317 MHz, 12481 MHz, 35
2026/09/27 05:07:00.113, 0, 0 %, 44595 MiB, 91.92 W, 2355 MHz, 12481 MHz, 36
2026/09/27 05:07:00.113, 1, 1 %, 44435 MiB, 91.62 W, 2317 MHz, 12481 MHz, 35
2026/09/27 05:07:00.363, 0, 0 %, 44595 MiB, 91.85 W, 2355 MHz, 12481 MHz, 36
2026/09/27 05:07:00.363, 1, 0 %, 44435 MiB, 91.57 W, 2317 MHz, 12481 MHz, 35
2026/09/27 05:07:00.614, 0, 0 %, 44595 MiB, 91.85 W, 2355 MHz, 12481 MHz, 36
2026/09/27 05:07:00.614, 1, 1 %, 44435 MiB, 91.54 W, 2317 MHz, 12481 MHz, 35
2026/09/27 05:07:00.864, 0, 0 %, 44595 MiB, 91.78 W, 2355 MHz, 12481 MHz, 36
2026/09/27 05:07:00.864, 1, 1 %, 44435 MiB, 91.10 W, 2317 MHz, 12481 MHz, 35
2026/09/27 05:07:01.114, 0, 0 %, 44595 MiB, 91.78 W, 2355 MHz, 12481 MHz, 36
2026/09/27 05:07:01.114, 1, 1 %, 44435 MiB, 90.88 W, 2317 MHz, 12481 MHz, 35
2026/09/27 05:07:01.364, 0, 0 %, 44595 MiB, 91.78 W, 2355 MHz, 12481 MHz, 36
2026/09/27 05:07:01.364, 1, 1 %, 44435 MiB, 90.91 W, 2317 MHz, 12481 MHz, 35
2026/09/27 05:07:01.614, 0, 0 %, 44595 MiB, 91.78 W, 2355 MHz, 12481 MHz, 36
2026/09/27 05:07:01.614, 1, 1 %, 44435 MiB, 90.89 W, 2317 MHz, 12481 MHz, 35
2026/09/27 05:07:01.864, 0, 0 %, 44595 MiB, 90.29 W, 2355 MHz, 12481 MHz, 36
2026/09/27 05:07:01.864, 1, 1 %, 44435 MiB, 90.96 W, 2317 MHz, 12481 MHz, 35
2026/09/27 05:07:02.114, 0, 0 %, 44595 MiB, 90.29 W, 2355 MHz, 12481 MHz, 36
2026/09/27 05:07:02.114, 1, 1 %, 44435 MiB, 91.36 W, 2317 MHz, 12481 MHz, 35
2026/09/27 05:07:02.364, 0, 0 %, 44595 MiB, 90.29 W, 2355 MHz, 12481 MHz, 36
2026/09/27 05:07:02.364, 1, 1 %, 44435 MiB, 91.56 W, 2317 MHz, 12481 MHz, 35
2026/09/27 05:07:02.615, 0, 0 %, 44595 MiB, 90.29 W, 2355 MHz, 12481 MHz, 36
2026/09/27 05:07:02.615, 1, 1 %, 44435 MiB, 91.81 W, 2317 MHz, 12481 MHz, 35
2026/09/27 05:07:02.865, 0, 0 %, 44595 MiB, 90.25 W, 2355 MHz, 12481 MHz, 36
2026/09/27 05:07:02.865, 1, 1 %, 44435 MiB, 91.88 W, 2317 MHz, 12481 MHz, 35
2026/09/27 05:07:03.115, 0, 0 %, 44595 MiB, 90.25 W, 2355 MHz, 12481 MHz, 36
2026/09/27 05:07:03.115, 1, 1 %, 44435 MiB, 91.67 W, 2317 MHz, 12481 MHz, 35
2026/09/27 05:07:03.365, 0, 0 %, 44595 MiB, 90.25 W, 2355 MHz, 12481 MHz, 36
2026/09/27 05:07:03.365, 1, 1 %, 44435 MiB, 91.62 W, 2317 MHz, 12481 MHz, 35
2026/09/27 05:07:03.615, 0, 0 %, 44595 MiB, 90.25 W, 2355 MHz, 12481 MHz, 36
2026/09/27 05:07:03.615, 1, 0 %, 44435 MiB, 91.34 W, 2317 MHz, 12481 MHz, 35
2026/09/27 05:07:03.865, 0, 0 %, 44595 MiB, 91.17 W, 2355 MHz, 12481 MHz, 36
2026/09/27 05:07:03.865, 1, 0 %, 44435 MiB, 91.12 W, 2317 MHz, 12481 MHz, 35
2026/09/27 05:07:04.115, 0, 0 %, 44595 MiB, 91.17 W, 2355 MHz, 12481 MHz, 35
2026/09/27 05:07:04.115, 1, 1 %, 44499 MiB, 90.85 W, 2317 MHz, 12481 MHz, 35
2026/09/27 05:07:04.365, 0, 0 %, 44595 MiB, 91.29 W, 2355 MHz, 12481 MHz, 36
2026/09/27 05:07:04.365, 1, 0 %, 44499 MiB, 90.66 W, 2317 MHz, 12481 MHz, 35
2026/09/27 05:07:04.616, 0, 0 %, 44595 MiB, 91.31 W, 2355 MHz, 12481 MHz, 36
2026/09/27 05:07:04.616, 1, 0 %, 44499 MiB, 90.52 W, 2317 MHz, 12481 MHz, 35
2026/09/27 05:07:04.866, 0, 0 %, 44595 MiB, 91.57 W, 2355 MHz, 12481 MHz, 36
2026/09/27 05:07:04.866, 1, 1 %, 44531 MiB, 90.51 W, 2317 MHz, 12481 MHz, 35
2026/09/27 05:07:05.116, 0, 0 %, 44595 MiB, 91.60 W, 2355 MHz, 12481 MHz, 36
2026/09/27 05:07:05.116, 1, 0 %, 44531 MiB, 90.57 W, 2317 MHz, 12481 MHz, 35
2026/09/27 05:07:05.366, 0, 0 %, 44595 MiB, 91.71 W, 2355 MHz, 12481 MHz, 36
2026/09/27 05:07:05.366, 1, 0 %, 44563 MiB, 90.62 W, 2317 MHz, 12481 MHz, 35
2026/09/27 05:07:05.616, 0, 0 %, 44595 MiB, 91.79 W, 2355 MHz, 12481 MHz, 36
2026/09/27 05:07:05.616, 1, 0 %, 44563 MiB, 90.81 W, 2317 MHz, 12481 MHz, 35
2026/09/27 05:07:05.866, 0, 1 %, 46323 MiB, 92.02 W, 2355 MHz, 12481 MHz, 36
2026/09/27 05:07:05.866, 1, 0 %, 44563 MiB, 91.05 W, 2317 MHz, 12481 MHz, 35
2026/09/27 05:07:06.116, 0, 1 %, 46323 MiB, 92.09 W, 2355 MHz, 12481 MHz, 36
2026/09/27 05:07:06.116, 1, 0 %, 44563 MiB, 91.25 W, 2317 MHz, 12481 MHz, 35
2026/09/27 05:07:06.366, 0, 1 %, 46323 MiB, 92.24 W, 2355 MHz, 12481 MHz, 36
2026/09/27 05:07:06.366, 1, 0 %, 44563 MiB, 91.33 W, 2317 MHz, 12481 MHz, 35
2026/09/27 05:07:06.616, 0, 1 %, 46323 MiB, 92.26 W, 2355 MHz, 12481 MHz, 36
2026/09/27 05:07:06.617, 1, 0 %, 44563 MiB, 91.39 W, 2317 MHz, 12481 MHz, 35
2026/09/27 05:07:06.867, 0, 1 %, 46323 MiB, 92.18 W, 2355 MHz, 12481 MHz, 36
2026/09/27 05:07:06.867, 1, 0 %, 44563 MiB, 91.34 W, 2317 MHz, 12481 MHz, 35
2026/09/27 05:07:07.117, 0, 1 %, 46323 MiB, 92.20 W, 2355 MHz, 12481 MHz, 36
2026/09/27 05:07:07.117, 1, 0 %, 44563 MiB, 91.34 W, 2317 MHz, 12481 MHz, 35
2026/09/27 05:07:07.367, 0, 2 %, 46323 MiB, 92.27 W, 2355 MHz, 12481 MHz, 36
2026/09/27 05:07:07.367, 1, 0 %, 44563 MiB, 91.34 W, 2317 MHz, 12481 MHz, 35
2026/09/27 05:07:07.617, 0, 1 %, 46323 MiB, 92.39 W, 2355 MHz, 12481 MHz, 36
2026/09/27 05:07:07.617, 1, 0 %, 44563 MiB, 91.34 W, 2317 MHz, 12481 MHz, 35
2026/09/27 05:07:07.867, 0, 1 %, 46323 MiB, 92.46 W, 2355 MHz, 12481 MHz, 36
2026/09/27 05:07:07.867, 1, 0 %, 44563 MiB, 89.46 W, 2317 MHz, 12481 MHz, 35
2026/09/27 05:07:08.117, 0, 1 %, 46323 MiB, 92.44 W, 2355 MHz, 12481 MHz, 36
2026/09/27 05:07:08.117, 1, 0 %, 44563 MiB, 89.46 W, 2317 MHz, 12481 MHz, 35
2026/09/27 05:07:08.367, 0, 1 %, 46323 MiB, 92.38 W, 2355 MHz, 12481 MHz, 36
2026/09/27 05:07:08.367, 1, 0 %, 44563 MiB, 89.46 W, 2317 MHz, 12481 MHz, 35
2026/09/27 05:07:08.618, 0, 1 %, 46323 MiB, 92.31 W, 2355 MHz, 12481 MHz, 36
2026/09/27 05:07:08.618, 1, 0 %, 44563 MiB, 89.46 W, 2317 MHz, 12481 MHz, 35
2026/09/27 05:07:08.868, 0, 1 %, 46323 MiB, 92.21 W, 2355 MHz, 12481 MHz, 36
2026/09/27 05:07:08.868, 1, 0 %, 44563 MiB, 89.42 W, 2317 MHz, 12481 MHz, 35
2026/09/27 05:07:09.118, 0, 0 %, 46355 MiB, 92.17 W, 2355 MHz, 12481 MHz, 36
2026/09/27 05:07:09.118, 1, 0 %, 44563 MiB, 89.49 W, 2317 MHz, 12481 MHz, 35
2026/09/27 05:07:09.368, 0, 0 %, 46355 MiB, 92.00 W, 2355 MHz, 12481 MHz, 36
2026/09/27 05:07:09.368, 1, 0 %, 44563 MiB, 89.71 W, 2317 MHz, 12481 MHz, 35
2026/09/27 05:07:09.618, 0, 0 %, 46387 MiB, 91.84 W, 2355 MHz, 12481 MHz, 36
2026/09/27 05:07:09.618, 1, 0 %, 44563 MiB, 89.96 W, 2317 MHz, 12481 MHz, 35
2026/09/27 05:07:09.868, 0, 0 %, 46387 MiB, 91.76 W, 2355 MHz, 12481 MHz, 36
2026/09/27 05:07:09.868, 1, 0 %, 44563 MiB, 90.64 W, 2317 MHz, 12481 MHz, 35
2026/09/27 05:07:10.118, 0, 0 %, 46419 MiB, 91.64 W, 2355 MHz, 12481 MHz, 36
2026/09/27 05:07:10.118, 1, 0 %, 44563 MiB, 91.33 W, 2317 MHz, 12481 MHz, 35
2026/09/27 05:07:10.368, 0, 0 %, 46419 MiB, 91.64 W, 2355 MHz, 12481 MHz, 36
2026/09/27 05:07:10.368, 1, 0 %, 44563 MiB, 91.29 W, 2317 MHz, 12481 MHz, 35
2026/09/27 05:07:10.619, 0, 0 %, 46419 MiB, 91.73 W, 2355 MHz, 12481 MHz, 36
2026/09/27 05:07:10.619, 1, 0 %, 44563 MiB, 91.12 W, 2317 MHz, 12481 MHz, 35
2026/09/27 05:07:10.869, 0, 1 %, 46451 MiB, 91.69 W, 2355 MHz, 12481 MHz, 36
2026/09/27 05:07:10.869, 1, 0 %, 44563 MiB, 91.04 W, 2317 MHz, 12481 MHz, 35
2026/09/27 05:07:11.119, 0, 0 %, 46451 MiB, 91.74 W, 2355 MHz, 12481 MHz, 36
2026/09/27 05:07:11.119, 1, 0 %, 44563 MiB, 90.88 W, 2317 MHz, 12481 MHz, 35
2026/09/27 05:07:11.369, 0, 0 %, 46483 MiB, 91.77 W, 2355 MHz, 12481 MHz, 36
2026/09/27 05:07:11.369, 1, 0 %, 44563 MiB, 90.75 W, 2317 MHz, 12481 MHz, 35
2026/09/27 05:07:11.619, 0, 0 %, 46483 MiB, 91.74 W, 2355 MHz, 12481 MHz, 36
2026/09/27 05:07:11.619, 1, 0 %, 44563 MiB, 90.62 W, 2317 MHz, 12481 MHz, 35
2026/09/27 05:07:11.869, 0, 0 %, 46483 MiB, 91.79 W, 2355 MHz, 12481 MHz, 36
2026/09/27 05:07:11.869, 1, 0 %, 44563 MiB, 90.53 W, 2317 MHz, 12481 MHz, 35
2026/09/27 05:07:12.119, 0, 0 %, 46483 MiB, 91.77 W, 2355 MHz, 12481 MHz, 36
2026/09/27 05:07:12.119, 1, 1 %, 46291 MiB, 90.76 W, 2317 MHz, 12481 MHz, 35
2026/09/27 05:07:12.369, 0, 0 %, 46483 MiB, 91.76 W, 2355 MHz, 12481 MHz, 36
2026/09/27 05:07:12.369, 1, 1 %, 46291 MiB, 90.83 W, 2317 MHz, 12481 MHz, 35
2026/09/27 05:07:12.619, 0, 0 %, 46483 MiB, 91.81 W, 2355 MHz, 12481 MHz, 36
2026/09/27 05:07:12.619, 1, 2 %, 46291 MiB, 91.07 W, 2317 MHz, 12481 MHz, 35
2026/09/27 05:07:12.870, 0, 0 %, 46483 MiB, 91.75 W, 2355 MHz, 12481 MHz, 36
2026/09/27 05:07:12.870, 1, 1 %, 46291 MiB, 91.34 W, 2317 MHz, 12481 MHz, 35
2026/09/27 05:07:13.120, 0, 0 %, 46483 MiB, 91.72 W, 2355 MHz, 12481 MHz, 36
2026/09/27 05:07:13.120, 1, 1 %, 46291 MiB, 91.53 W, 2317 MHz, 12481 MHz, 35
2026/09/27 05:07:13.370, 0, 0 %, 46483 MiB, 91.72 W, 2355 MHz, 12481 MHz, 36
2026/09/27 05:07:13.370, 1, 1 %, 46291 MiB, 91.75 W, 2317 MHz, 12481 MHz, 35
2026/09/27 05:07:13.620, 0, 0 %, 46483 MiB, 91.72 W, 2355 MHz, 12481 MHz, 36
2026/09/27 05:07:13.620, 1, 1 %, 46291 MiB, 91.89 W, 2317 MHz, 12481 MHz, 35
2026/09/27 05:07:13.870, 0, 0 %, 46483 MiB, 91.72 W, 2355 MHz, 12481 MHz, 36
2026/09/27 05:07:13.870, 1, 2 %, 46291 MiB, 91.89 W, 2317 MHz, 12481 MHz, 35
2026/09/27 05:07:14.120, 0, 0 %, 46483 MiB, 90.22 W, 2355 MHz, 12481 MHz, 36
2026/09/27 05:07:14.120, 1, 1 %, 46291 MiB, 91.75 W, 2317 MHz, 12481 MHz, 35
2026/09/27 05:07:14.370, 0, 0 %, 46483 MiB, 90.22 W, 2355 MHz, 12481 MHz, 36
2026/09/27 05:07:14.370, 1, 1 %, 46291 MiB, 91.63 W, 2317 MHz, 12481 MHz, 35
2026/09/27 05:07:14.620, 0, 0 %, 46483 MiB, 90.22 W, 2355 MHz, 12481 MHz, 36
2026/09/27 05:07:14.620, 1, 1 %, 46291 MiB, 91.49 W, 2317 MHz, 12481 MHz, 35
2026/09/27 05:07:14.870, 0, 0 %, 46483 MiB, 90.22 W, 2355 MHz, 12481 MHz, 36
2026/09/27 05:07:14.871, 1, 1 %, 46291 MiB, 91.33 W, 2317 MHz, 12481 MHz, 35
2026/09/27 05:07:15.121, 0, 0 %, 46483 MiB, 89.71 W, 2355 MHz, 12481 MHz, 36
2026/09/27 05:07:15.121, 1, 1 %, 46323 MiB, 91.10 W, 2317 MHz, 12481 MHz, 35
2026/09/27 05:07:15.371, 0, 0 %, 46483 MiB, 90.19 W, 2355 MHz, 12481 MHz, 36
2026/09/27 05:07:15.371, 1, 0 %, 46355 MiB, 90.96 W, 2317 MHz, 12481 MHz, 35
2026/09/27 05:07:15.621, 0, 0 %, 46483 MiB, 90.38 W, 2355 MHz, 12481 MHz, 36
2026/09/27 05:07:15.621, 1, 0 %, 46355 MiB, 90.73 W, 2317 MHz, 12481 MHz, 35
2026/09/27 05:07:15.871, 0, 0 %, 46483 MiB, 90.56 W, 2355 MHz, 12481 MHz, 36
2026/09/27 05:07:15.871, 1, 0 %, 46355 MiB, 90.64 W, 2317 MHz, 12481 MHz, 35
2026/09/27 05:07:16.121, 0, 0 %, 46483 MiB, 91.51 W, 2355 MHz, 12481 MHz, 36
2026/09/27 05:07:16.121, 1, 0 %, 46387 MiB, 90.55 W, 2317 MHz, 12481 MHz, 35
2026/09/27 05:07:16.371, 0, 0 %, 46483 MiB, 91.64 W, 2355 MHz, 12481 MHz, 36
2026/09/27 05:07:16.371, 1, 0 %, 46387 MiB, 90.62 W, 2317 MHz, 12481 MHz, 35
2026/09/27 05:07:16.621, 0, 0 %, 46483 MiB, 91.68 W, 2355 MHz, 12481 MHz, 36
2026/09/27 05:07:16.621, 1, 0 %, 46387 MiB, 90.87 W, 2317 MHz, 12481 MHz, 35
2026/09/27 05:07:16.871, 0, 0 %, 46483 MiB, 91.70 W, 2355 MHz, 12481 MHz, 36
2026/09/27 05:07:16.871, 1, 1 %, 46419 MiB, 91.09 W, 2317 MHz, 12481 MHz, 35
2026/09/27 05:07:17.122, 0, 0 %, 46483 MiB, 91.69 W, 2355 MHz, 12481 MHz, 36
2026/09/27 05:07:17.122, 1, 0 %, 46419 MiB, 91.28 W, 2317 MHz, 12481 MHz, 35
2026/09/27 05:07:17.372, 0, 0 %, 46483 MiB, 91.63 W, 2355 MHz, 12481 MHz, 36
2026/09/27 05:07:17.372, 1, 1 %, 46451 MiB, 91.37 W, 2317 MHz, 12481 MHz, 35
2026/09/27 05:07:17.622, 0, 0 %, 46483 MiB, 91.63 W, 2355 MHz, 12481 MHz, 36
2026/09/27 05:07:17.622, 1, 0 %, 46451 MiB, 91.34 W, 2317 MHz, 12481 MHz, 35
2026/09/27 05:07:17.872, 0, 1 %, 48243 MiB, 91.79 W, 2355 MHz, 12481 MHz, 36
2026/09/27 05:07:17.872, 1, 0 %, 46451 MiB, 91.27 W, 2317 MHz, 12481 MHz, 35
2026/09/27 05:07:18.122, 0, 1 %, 48243 MiB, 91.88 W, 2355 MHz, 12481 MHz, 36
2026/09/27 05:07:18.122, 1, 0 %, 46451 MiB, 91.15 W, 2317 MHz, 12481 MHz, 35
2026/09/27 05:07:18.372, 0, 1 %, 48243 MiB, 92.05 W, 2355 MHz, 12481 MHz, 36
2026/09/27 05:07:18.372, 1, 0 %, 46451 MiB, 91.05 W, 2317 MHz, 12481 MHz, 35
2026/09/27 05:07:18.622, 0, 1 %, 48243 MiB, 92.12 W, 2355 MHz, 12481 MHz, 36
2026/09/27 05:07:18.622, 1, 0 %, 46451 MiB, 90.80 W, 2317 MHz, 12481 MHz, 35
2026/09/27 05:07:18.873, 0, 1 %, 48243 MiB, 92.07 W, 2355 MHz, 12481 MHz, 36
2026/09/27 05:07:18.873, 1, 0 %, 46451 MiB, 90.72 W, 2317 MHz, 12481 MHz, 35
2026/09/27 05:07:19.123, 0, 1 %, 48243 MiB, 92.09 W, 2355 MHz, 12481 MHz, 36
2026/09/27 05:07:19.123, 1, 0 %, 46451 MiB, 90.72 W, 2317 MHz, 12481 MHz, 35
2026/09/27 05:07:19.373, 0, 1 %, 48243 MiB, 92.06 W, 2355 MHz, 12481 MHz, 36
2026/09/27 05:07:19.373, 1, 0 %, 46451 MiB, 90.72 W, 2317 MHz, 12481 MHz, 35
2026/09/27 05:07:19.623, 0, 1 %, 48243 MiB, 92.11 W, 2355 MHz, 12481 MHz, 36
2026/09/27 05:07:19.623, 1, 0 %, 46451 MiB, 90.72 W, 2317 MHz, 12481 MHz, 35
2026/09/27 05:07:19.873, 0, 1 %, 48243 MiB, 92.08 W, 2355 MHz, 12481 MHz, 36
2026/09/27 05:07:19.873, 1, 0 %, 46451 MiB, 89.45 W, 2317 MHz, 12481 MHz, 35
2026/09/27 05:07:20.123, 0, 1 %, 48243 MiB, 92.08 W, 2355 MHz, 12481 MHz, 36
2026/09/27 05:07:20.123, 1, 0 %, 46451 MiB, 89.45 W, 2317 MHz, 12481 MHz, 35
2026/09/27 05:07:20.373, 0, 1 %, 48243 MiB, 92.12 W, 2355 MHz, 12481 MHz, 36
2026/09/27 05:07:20.373, 1, 0 %, 46451 MiB, 89.45 W, 2317 MHz, 12481 MHz, 35
2026/09/27 05:07:20.624, 0, 1 %, 48243 MiB, 92.09 W, 2355 MHz, 12481 MHz, 36
2026/09/27 05:07:20.624, 1, 0 %, 46451 MiB, 89.45 W, 2317 MHz, 12481 MHz, 35
2026/09/27 05:07:20.874, 0, 1 %, 48243 MiB, 92.13 W, 2355 MHz, 12481 MHz, 36
2026/09/27 05:07:20.874, 1, 0 %, 46451 MiB, 89.91 W, 2317 MHz, 12481 MHz, 35
2026/09/27 05:07:21.124, 0, 1 %, 48243 MiB, 92.15 W, 2355 MHz, 12481 MHz, 36
2026/09/27 05:07:21.124, 1, 0 %, 46451 MiB, 89.91 W, 2317 MHz, 12481 MHz, 35
2026/09/27 05:07:21.374, 0, 1 %, 48243 MiB, 92.08 W, 2355 MHz, 12481 MHz, 36
2026/09/27 05:07:21.374, 1, 0 %, 46451 MiB, 89.91 W, 2317 MHz, 12481 MHz, 35
2026/09/27 05:07:21.624, 0, 1 %, 48243 MiB, 92.08 W, 2355 MHz, 12481 MHz, 36
2026/09/27 05:07:21.624, 1, 0 %, 46451 MiB, 89.91 W, 2317 MHz, 12481 MHz, 35
2026/09/27 05:07:21.874, 0, 1 %, 48243 MiB, 92.09 W, 2355 MHz, 12481 MHz, 36
2026/09/27 05:07:21.874, 1, 0 %, 46451 MiB, 89.91 W, 2317 MHz, 12481 MHz, 35
2026/09/27 05:07:22.124, 0, 1 %, 48243 MiB, 92.02 W, 2355 MHz, 12481 MHz, 36
2026/09/27 05:07:22.124, 1, 0 %, 46451 MiB, 89.91 W, 2317 MHz, 12481 MHz, 35
2026/09/27 05:07:22.374, 0, 1 %, 48243 MiB, 92.09 W, 2355 MHz, 12481 MHz, 36
2026/09/27 05:07:22.374, 1, 0 %, 46451 MiB, 89.91 W, 2317 MHz, 12481 MHz, 35
2026/09/27 05:07:22.624, 0, 0 %, 48243 MiB, 92.00 W, 2355 MHz, 12481 MHz, 36
2026/09/27 05:07:22.624, 1, 0 %, 46451 MiB, 89.91 W, 2317 MHz, 12481 MHz, 35
2026/09/27 05:07:22.874, 0, 0 %, 48243 MiB, 91.84 W, 2355 MHz, 12481 MHz, 36
2026/09/27 05:07:22.874, 1, 0 %, 46451 MiB, 89.91 W, 2317 MHz, 12481 MHz, 35
2026/09/27 05:07:23.125, 0, 0 %, 48243 MiB, 91.78 W, 2355 MHz, 12481 MHz, 36
2026/09/27 05:07:23.125, 1, 0 %, 46451 MiB, 89.91 W, 2317 MHz, 12481 MHz, 35
2026/09/27 05:07:23.375, 0, 1 %, 48275 MiB, 91.62 W, 2355 MHz, 12481 MHz, 36
2026/09/27 05:07:23.375, 1, 0 %, 46451 MiB, 89.78 W, 2317 MHz, 12481 MHz, 35
2026/09/27 05:07:23.625, 0, 0 %, 48275 MiB, 91.57 W, 2355 MHz, 12481 MHz, 36
2026/09/27 05:07:23.625, 1, 0 %, 46451 MiB, 89.94 W, 2317 MHz, 12481 MHz, 35
2026/09/27 05:07:23.875, 0, 0 %, 48275 MiB, 91.64 W, 2355 MHz, 12481 MHz, 36
2026/09/27 05:07:23.875, 1, 0 %, 46451 MiB, 90.26 W, 2317 MHz, 12481 MHz, 35
2026/09/27 05:07:24.125, 0, 0 %, 48307 MiB, 91.63 W, 2355 MHz, 12481 MHz, 36
2026/09/27 05:07:24.125, 1, 0 %, 46451 MiB, 90.50 W, 2317 MHz, 12481 MHz, 35
2026/09/27 05:07:24.375, 0, 0 %, 48307 MiB, 91.68 W, 2355 MHz, 12481 MHz, 36
2026/09/27 05:07:24.375, 1, 0 %, 46451 MiB, 91.22 W, 2317 MHz, 12481 MHz, 35
2026/09/27 05:07:24.625, 0, 0 %, 48307 MiB, 91.73 W, 2355 MHz, 12481 MHz, 36
2026/09/27 05:07:24.625, 1, 0 %, 46451 MiB, 91.37 W, 2317 MHz, 12481 MHz, 35
2026/09/27 05:07:24.875, 0, 1 %, 48339 MiB, 91.68 W, 2355 MHz, 12481 MHz, 36
2026/09/27 05:07:24.876, 1, 0 %, 46451 MiB, 91.28 W, 2317 MHz, 12481 MHz, 35
2026/09/27 05:07:25.126, 0, 0 %, 48339 MiB, 91.71 W, 2355 MHz, 12481 MHz, 36
2026/09/27 05:07:25.126, 1, 0 %, 46451 MiB, 91.15 W, 2317 MHz, 12481 MHz, 35
2026/09/27 05:07:25.376, 0, 0 %, 48371 MiB, 91.76 W, 2355 MHz, 12481 MHz, 36
2026/09/27 05:07:25.376, 1, 2 %, 48211 MiB, 91.27 W, 2317 MHz, 12481 MHz, 35
2026/09/27 05:07:25.626, 0, 0 %, 48371 MiB, 91.78 W, 2355 MHz, 12481 MHz, 36
2026/09/27 05:07:25.626, 1, 1 %, 48211 MiB, 91.19 W, 2317 MHz, 12481 MHz, 35
2026/09/27 05:07:25.876, 0, 0 %, 48371 MiB, 91.77 W, 2355 MHz, 12481 MHz, 36
2026/09/27 05:07:25.876, 1, 1 %, 48211 MiB, 91.14 W, 2317 MHz, 12481 MHz, 35
2026/09/27 05:07:26.126, 0, 0 %, 48371 MiB, 91.77 W, 2355 MHz, 12481 MHz, 36
2026/09/27 05:07:26.126, 1, 1 %, 48211 MiB, 91.10 W, 2317 MHz, 12481 MHz, 35
2026/09/27 05:07:26.376, 0, 0 %, 48371 MiB, 91.72 W, 2355 MHz, 12481 MHz, 36
2026/09/27 05:07:26.376, 1, 1 %, 48211 MiB, 90.91 W, 2317 MHz, 12481 MHz, 35
2026/09/27 05:07:26.626, 0, 0 %, 48371 MiB, 91.72 W, 2355 MHz, 12481 MHz, 36
2026/09/27 05:07:26.626, 1, 1 %, 48211 MiB, 90.78 W, 2317 MHz, 12481 MHz, 35
2026/09/27 05:07:26.877, 0, 0 %, 48371 MiB, 91.72 W, 2355 MHz, 12481 MHz, 36
2026/09/27 05:07:26.877, 1, 1 %, 48211 MiB, 90.80 W, 2317 MHz, 12481 MHz, 35
2026/09/27 05:07:27.127, 0, 0 %, 48371 MiB, 91.72 W, 2355 MHz, 12481 MHz, 36
2026/09/27 05:07:27.127, 1, 1 %, 48211 MiB, 90.84 W, 2317 MHz, 12481 MHz, 35
2026/09/27 05:07:27.377, 0, 0 %, 48371 MiB, 90.68 W, 2355 MHz, 12481 MHz, 36
2026/09/27 05:07:27.377, 1, 1 %, 48211 MiB, 90.95 W, 2317 MHz, 12481 MHz, 35
2026/09/27 05:07:27.627, 0, 0 %, 48371 MiB, 90.68 W, 2355 MHz, 12481 MHz, 36
2026/09/27 05:07:27.627, 1, 1 %, 48211 MiB, 91.25 W, 2317 MHz, 12481 MHz, 35
2026/09/27 05:07:27.877, 0, 0 %, 48371 MiB, 90.68 W, 2355 MHz, 12481 MHz, 36
2026/09/27 05:07:27.877, 1, 1 %, 48211 MiB, 91.38 W, 2317 MHz, 12481 MHz, 35
2026/09/27 05:07:28.127, 0, 0 %, 48371 MiB, 90.68 W, 2355 MHz, 12481 MHz, 36
2026/09/27 05:07:28.127, 1, 1 %, 48211 MiB, 91.58 W, 2317 MHz, 12481 MHz, 35
2026/09/27 05:07:28.377, 0, 0 %, 48371 MiB, 90.30 W, 2355 MHz, 12481 MHz, 36
2026/09/27 05:07:28.377, 1, 1 %, 48211 MiB, 91.63 W, 2317 MHz, 12481 MHz, 35
2026/09/27 05:07:28.627, 0, 0 %, 48371 MiB, 90.30 W, 2355 MHz, 12481 MHz, 36
2026/09/27 05:07:28.628, 1, 1 %, 48211 MiB, 91.50 W, 2317 MHz, 12481 MHz, 35
2026/09/27 05:07:28.878, 0, 0 %, 48371 MiB, 90.30 W, 2355 MHz, 12481 MHz, 36
2026/09/27 05:07:28.878, 1, 1 %, 48211 MiB, 91.38 W, 2317 MHz, 12481 MHz, 35
2026/09/27 05:07:29.128, 0, 0 %, 48371 MiB, 90.30 W, 2355 MHz, 12481 MHz, 36
2026/09/27 05:07:29.128, 1, 1 %, 48211 MiB, 91.25 W, 2317 MHz, 12481 MHz, 35
2026/09/27 05:07:29.378, 0, 0 %, 48371 MiB, 90.30 W, 2355 MHz, 12481 MHz, 36
2026/09/27 05:07:29.378, 1, 1 %, 48211 MiB, 91.11 W, 2317 MHz, 12481 MHz, 35
2026/09/27 05:07:29.628, 0, 0 %, 48371 MiB, 90.30 W, 2355 MHz, 12481 MHz, 36
2026/09/27 05:07:29.628, 1, 1 %, 48211 MiB, 90.99 W, 2317 MHz, 12481 MHz, 35
2026/09/27 05:07:29.878, 0, 0 %, 48371 MiB, 90.30 W, 2355 MHz, 12481 MHz, 36
2026/09/27 05:07:29.878, 1, 1 %, 48211 MiB, 90.94 W, 2317 MHz, 12481 MHz, 35
2026/09/27 05:07:30.128, 0, 0 %, 48371 MiB, 90.30 W, 2355 MHz, 12481 MHz, 36
2026/09/27 05:07:30.128, 1, 1 %, 48211 MiB, 90.75 W, 2317 MHz, 12481 MHz, 35
2026/09/27 05:07:30.378, 0, 0 %, 48371 MiB, 89.28 W, 2355 MHz, 12481 MHz, 36
2026/09/27 05:07:30.378, 1, 1 %, 48211 MiB, 90.75 W, 2317 MHz, 12481 MHz, 35
2026/09/27 05:07:30.628, 0, 0 %, 48371 MiB, 89.28 W, 2355 MHz, 12481 MHz, 36
2026/09/27 05:07:30.628, 1, 1 %, 48211 MiB, 90.79 W, 2317 MHz, 12481 MHz, 35
2026/09/27 05:07:30.878, 0, 0 %, 48371 MiB, 89.28 W, 2355 MHz, 12481 MHz, 36
2026/09/27 05:07:30.878, 1, 0 %, 48211 MiB, 90.73 W, 2317 MHz, 12481 MHz, 35
2026/09/27 05:07:31.129, 0, 0 %, 48371 MiB, 89.28 W, 2355 MHz, 12481 MHz, 36
2026/09/27 05:07:31.129, 1, 1 %, 48243 MiB, 90.98 W, 2317 MHz, 12481 MHz, 35
2026/09/27 05:07:31.379, 0, 0 %, 48371 MiB, 90.22 W, 2355 MHz, 12481 MHz, 36
2026/09/27 05:07:31.379, 1, 0 %, 48243 MiB, 91.12 W, 2317 MHz, 12481 MHz, 35
2026/09/27 05:07:31.629, 0, 0 %, 48371 MiB, 90.47 W, 2355 MHz, 12481 MHz, 36
2026/09/27 05:07:31.629, 1, 0 %, 48243 MiB, 91.26 W, 2317 MHz, 12481 MHz, 35
2026/09/27 05:07:31.879, 0, 0 %, 48371 MiB, 90.70 W, 2355 MHz, 12481 MHz, 36
2026/09/27 05:07:31.879, 1, 1 %, 48275 MiB, 91.37 W, 2317 MHz, 12481 MHz, 35
2026/09/27 05:07:32.129, 0, 0 %, 48371 MiB, 90.82 W, 2355 MHz, 12481 MHz, 36
2026/09/27 05:07:32.129, 1, 0 %, 48275 MiB, 91.30 W, 2317 MHz, 12481 MHz, 35
2026/09/27 05:07:32.379, 0, 0 %, 48371 MiB, 91.81 W, 2355 MHz, 12481 MHz, 36
2026/09/27 05:07:32.379, 1, 1 %, 48307 MiB, 91.23 W, 2317 MHz, 12481 MHz, 35
2026/09/27 05:07:32.629, 0, 0 %, 48371 MiB, 91.74 W, 2355 MHz, 12481 MHz, 36
2026/09/27 05:07:32.629, 1, 0 %, 48339 MiB, 91.09 W, 2317 MHz, 12481 MHz, 35
2026/09/27 05:07:32.879, 0, 1 %, 50099 MiB, 92.25 W, 2355 MHz, 12481 MHz, 36
2026/09/27 05:07:32.879, 1, 0 %, 48339 MiB, 90.98 W, 2317 MHz, 12481 MHz, 35
2026/09/27 05:07:33.129, 0, 1 %, 50099 MiB, 92.28 W, 2355 MHz, 12481 MHz, 36
2026/09/27 05:07:33.129, 1, 0 %, 48339 MiB, 90.79 W, 2317 MHz, 12481 MHz, 35
2026/09/27 05:07:33.380, 0, 1 %, 50099 MiB, 92.33 W, 2355 MHz, 12481 MHz, 36
2026/09/27 05:07:33.380, 1, 0 %, 48339 MiB, 90.64 W, 2317 MHz, 12481 MHz, 35
2026/09/27 05:07:33.630, 0, 0 %, 50099 MiB, 92.43 W, 2355 MHz, 12481 MHz, 36
2026/09/27 05:07:33.630, 1, 0 %, 48339 MiB, 90.46 W, 2317 MHz, 12481 MHz, 35
2026/09/27 05:07:33.880, 0, 1 %, 50099 MiB, 92.04 W, 2355 MHz, 12481 MHz, 36
2026/09/27 05:07:33.880, 1, 0 %, 48339 MiB, 90.45 W, 2317 MHz, 12481 MHz, 35
2026/09/27 05:07:34.130, 0, 1 %, 50099 MiB, 92.08 W, 2355 MHz, 12481 MHz, 36
2026/09/27 05:07:34.130, 1, 0 %, 48339 MiB, 90.45 W, 2317 MHz, 12481 MHz, 35
2026/09/27 05:07:34.380, 0, 0 %, 50099 MiB, 92.14 W, 2355 MHz, 12481 MHz, 36
2026/09/27 05:07:34.380, 1, 0 %, 48339 MiB, 90.45 W, 2317 MHz, 12481 MHz, 35
2026/09/27 05:07:34.630, 0, 1 %, 50099 MiB, 92.09 W, 2355 MHz, 12481 MHz, 36
2026/09/27 05:07:34.630, 1, 0 %, 48339 MiB, 90.45 W, 2317 MHz, 12481 MHz, 35
2026/09/27 05:07:34.880, 0, 1 %, 50099 MiB, 92.09 W, 2355 MHz, 12481 MHz, 36
2026/09/27 05:07:34.880, 1, 0 %, 48339 MiB, 90.40 W, 2317 MHz, 12481 MHz, 35
2026/09/27 05:07:35.130, 0, 1 %, 50099 MiB, 92.11 W, 2355 MHz, 12481 MHz, 36
2026/09/27 05:07:35.130, 1, 0 %, 48339 MiB, 90.40 W, 2317 MHz, 12481 MHz, 35
2026/09/27 05:07:35.381, 0, 0 %, 50099 MiB, 92.09 W, 2355 MHz, 12481 MHz, 36
2026/09/27 05:07:35.381, 1, 0 %, 48339 MiB, 90.40 W, 2317 MHz, 12481 MHz, 35
2026/09/27 05:07:35.631, 0, 1 %, 50099 MiB, 92.14 W, 2355 MHz, 12481 MHz, 36
2026/09/27 05:07:35.631, 1, 0 %, 48339 MiB, 90.40 W, 2317 MHz, 12481 MHz, 35
2026/09/27 05:07:35.881, 0, 1 %, 50099 MiB, 92.12 W, 2355 MHz, 12481 MHz, 36
2026/09/27 05:07:35.881, 1, 0 %, 48339 MiB, 90.40 W, 2317 MHz, 12481 MHz, 35
2026/09/27 05:07:36.131, 0, 1 %, 50099 MiB, 92.07 W, 2355 MHz, 12481 MHz, 36
2026/09/27 05:07:36.131, 1, 0 %, 48339 MiB, 90.40 W, 2317 MHz, 12481 MHz, 35
2026/09/27 05:07:36.381, 0, 0 %, 50099 MiB, 92.03 W, 2355 MHz, 12481 MHz, 36
2026/09/27 05:07:36.381, 1, 0 %, 48339 MiB, 90.40 W, 2317 MHz, 12481 MHz, 35
2026/09/27 05:07:36.631, 0, 1 %, 50099 MiB, 92.05 W, 2355 MHz, 12481 MHz, 36
2026/09/27 05:07:36.631, 1, 0 %, 48339 MiB, 90.40 W, 2317 MHz, 12481 MHz, 35
2026/09/27 05:07:36.881, 0, 1 %, 50099 MiB, 92.01 W, 2355 MHz, 12481 MHz, 36
2026/09/27 05:07:36.881, 1, 0 %, 48339 MiB, 89.91 W, 2317 MHz, 12481 MHz, 35
2026/09/27 05:07:37.131, 0, 0 %, 50099 MiB, 92.06 W, 2355 MHz, 12481 MHz, 36
2026/09/27 05:07:37.131, 1, 0 %, 48339 MiB, 89.91 W, 2317 MHz, 12481 MHz, 35
2026/09/27 05:07:37.382, 0, 1 %, 50099 MiB, 92.08 W, 2355 MHz, 12481 MHz, 36
2026/09/27 05:07:37.382, 1, 0 %, 48339 MiB, 89.91 W, 2317 MHz, 12481 MHz, 35
2026/09/27 05:07:37.632, 0, 1 %, 50099 MiB, 92.06 W, 2355 MHz, 12481 MHz, 36
2026/09/27 05:07:37.632, 1, 0 %, 48339 MiB, 89.91 W, 2317 MHz, 12481 MHz, 35
2026/09/27 05:07:37.882, 0, 0 %, 50099 MiB, 92.14 W, 2355 MHz, 12481 MHz, 36
2026/09/27 05:07:37.882, 1, 0 %, 48339 MiB, 89.42 W, 2317 MHz, 12481 MHz, 35
2026/09/27 05:07:38.132, 0, 0 %, 50099 MiB, 92.12 W, 2355 MHz, 12481 MHz, 36
2026/09/27 05:07:38.132, 1, 0 %, 48339 MiB, 89.42 W, 2317 MHz, 12481 MHz, 35
2026/09/27 05:07:38.382, 0, 1 %, 50099 MiB, 92.12 W, 2355 MHz, 12481 MHz, 36
2026/09/27 05:07:38.382, 1, 0 %, 48339 MiB, 89.42 W, 2317 MHz, 12481 MHz, 35
2026/09/27 05:07:38.632, 0, 0 %, 50099 MiB, 92.11 W, 2355 MHz, 12481 MHz, 36
2026/09/27 05:07:38.632, 1, 0 %, 48339 MiB, 89.42 W, 2317 MHz, 12481 MHz, 35
2026/09/27 05:07:38.882, 0, 0 %, 50099 MiB, 91.94 W, 2355 MHz, 12481 MHz, 36
2026/09/27 05:07:38.882, 1, 0 %, 48339 MiB, 89.91 W, 2317 MHz, 12481 MHz, 35
2026/09/27 05:07:39.132, 0, 0 %, 50131 MiB, 91.86 W, 2355 MHz, 12481 MHz, 36
2026/09/27 05:07:39.132, 1, 0 %, 48339 MiB, 90.71 W, 2317 MHz, 12481 MHz, 35
2026/09/27 05:07:39.382, 0, 0 %, 50131 MiB, 91.75 W, 2355 MHz, 12481 MHz, 36
2026/09/27 05:07:39.383, 1, 0 %, 48339 MiB, 90.77 W, 2317 MHz, 12481 MHz, 35
2026/09/27 05:07:39.633, 0, 0 %, 50131 MiB, 91.67 W, 2355 MHz, 12481 MHz, 36
2026/09/27 05:07:39.633, 1, 0 %, 48339 MiB, 90.79 W, 2317 MHz, 12481 MHz, 35
2026/09/27 05:07:39.883, 0, 0 %, 50163 MiB, 91.75 W, 2355 MHz, 12481 MHz, 36
2026/09/27 05:07:39.883, 1, 0 %, 48339 MiB, 91.16 W, 2317 MHz, 12481 MHz, 35
2026/09/27 05:07:40.133, 0, 0 %, 50163 MiB, 91.76 W, 2355 MHz, 12481 MHz, 36
2026/09/27 05:07:40.133, 1, 0 %, 48339 MiB, 90.90 W, 2317 MHz, 12481 MHz, 35
2026/09/27 05:07:40.383, 0, 0 %, 50163 MiB, 91.68 W, 2355 MHz, 12481 MHz, 36
2026/09/27 05:07:40.383, 1, 0 %, 48339 MiB, 90.78 W, 2317 MHz, 12481 MHz, 35
2026/09/27 05:07:40.633, 0, 1 %, 50195 MiB, 91.73 W, 2355 MHz, 12481 MHz, 36
2026/09/27 05:07:40.633, 1, 0 %, 48339 MiB, 90.64 W, 2317 MHz, 12481 MHz, 35
2026/09/27 05:07:40.883, 0, 0 %, 50195 MiB, 91.72 W, 2355 MHz, 12481 MHz, 36
2026/09/27 05:07:40.883, 1, 0 %, 48339 MiB, 90.53 W, 2317 MHz, 12481 MHz, 35
2026/09/27 05:07:41.133, 0, 0 %, 50195 MiB, 91.69 W, 2355 MHz, 12481 MHz, 36
2026/09/27 05:07:41.133, 1, 0 %, 48339 MiB, 90.44 W, 2317 MHz, 12481 MHz, 35
2026/09/27 05:07:41.383, 0, 0 %, 50227 MiB, 91.83 W, 2355 MHz, 12481 MHz, 36
2026/09/27 05:07:41.383, 1, 0 %, 48339 MiB, 90.45 W, 2317 MHz, 12481 MHz, 35
2026/09/27 05:07:41.633, 0, 0 %, 50259 MiB, 91.80 W, 2355 MHz, 12481 MHz, 36
2026/09/27 05:07:41.633, 1, 0 %, 48339 MiB, 90.47 W, 2317 MHz, 12481 MHz, 35
2026/09/27 05:07:41.883, 0, 0 %, 50259 MiB, 91.78 W, 2355 MHz, 12481 MHz, 36
2026/09/27 05:07:41.883, 1, 0 %, 50067 MiB, 90.95 W, 2317 MHz, 12481 MHz, 35
2026/09/27 05:07:42.134, 0, 0 %, 50259 MiB, 91.83 W, 2355 MHz, 12481 MHz, 36
2026/09/27 05:07:42.134, 1, 1 %, 50067 MiB, 91.40 W, 2317 MHz, 12481 MHz, 35
2026/09/27 05:07:42.384, 0, 0 %, 50259 MiB, 91.77 W, 2355 MHz, 12481 MHz, 36
2026/09/27 05:07:42.384, 1, 0 %, 50067 MiB, 91.63 W, 2317 MHz, 12481 MHz, 35
2026/09/27 05:07:42.634, 0, 0 %, 50259 MiB, 91.77 W, 2355 MHz, 12481 MHz, 36
2026/09/27 05:07:42.634, 1, 1 %, 50067 MiB, 91.97 W, 2317 MHz, 12481 MHz, 35
2026/09/27 05:07:42.884, 0, 0 %, 50259 MiB, 91.77 W, 2355 MHz, 12481 MHz, 36
2026/09/27 05:07:42.884, 1, 1 %, 50067 MiB, 91.71 W, 2317 MHz, 12481 MHz, 35
2026/09/27 05:07:43.134, 0, 0 %, 50259 MiB, 91.77 W, 2355 MHz, 12481 MHz, 36
2026/09/27 05:07:43.134, 1, 1 %, 50067 MiB, 91.61 W, 2317 MHz, 12481 MHz, 35
2026/09/27 05:07:43.384, 0, 0 %, 50259 MiB, 91.77 W, 2355 MHz, 12481 MHz, 36
2026/09/27 05:07:43.384, 1, 1 %, 50067 MiB, 91.51 W, 2317 MHz, 12481 MHz, 35
2026/09/27 05:07:43.634, 0, 0 %, 50259 MiB, 91.77 W, 2355 MHz, 12481 MHz, 36
2026/09/27 05:07:43.634, 1, 0 %, 50067 MiB, 91.33 W, 2317 MHz, 12481 MHz, 35
2026/09/27 05:07:43.884, 0, 0 %, 50259 MiB, 89.82 W, 2355 MHz, 12481 MHz, 36
2026/09/27 05:07:43.884, 1, 1 %, 50067 MiB, 91.19 W, 2317 MHz, 12481 MHz, 35
2026/09/27 05:07:44.135, 0, 0 %, 50259 MiB, 89.82 W, 2355 MHz, 12481 MHz, 36
2026/09/27 05:07:44.135, 1, 1 %, 50067 MiB, 90.99 W, 2317 MHz, 12481 MHz, 35
2026/09/27 05:07:44.385, 0, 0 %, 50259 MiB, 89.82 W, 2355 MHz, 12481 MHz, 36
2026/09/27 05:07:44.385, 1, 1 %, 50067 MiB, 90.90 W, 2317 MHz, 12481 MHz, 35
2026/09/27 05:07:44.635, 0, 0 %, 50259 MiB, 89.82 W, 2355 MHz, 12481 MHz, 36
2026/09/27 05:07:44.635, 1, 1 %, 50067 MiB, 90.75 W, 2317 MHz, 12481 MHz, 35
2026/09/27 05:07:44.885, 0, 0 %, 50259 MiB, 90.68 W, 2355 MHz, 12481 MHz, 36
2026/09/27 05:07:44.885, 1, 1 %, 50067 MiB, 90.68 W, 2317 MHz, 12481 MHz, 35
2026/09/27 05:07:45.135, 0, 0 %, 50259 MiB, 90.68 W, 2355 MHz, 12481 MHz, 36
2026/09/27 05:07:45.135, 1, 1 %, 50067 MiB, 90.74 W, 2317 MHz, 12481 MHz, 35
2026/09/27 05:07:45.385, 0, 0 %, 50259 MiB, 90.68 W, 2355 MHz, 12481 MHz, 36
2026/09/27 05:07:45.385, 1, 1 %, 50067 MiB, 90.76 W, 2317 MHz, 12481 MHz, 35
2026/09/27 05:07:45.635, 0, 0 %, 50259 MiB, 90.68 W, 2355 MHz, 12481 MHz, 36
2026/09/27 05:07:45.635, 1, 1 %, 50067 MiB, 91.04 W, 2317 MHz, 12481 MHz, 35
2026/09/27 05:07:45.885, 0, 0 %, 50259 MiB, 90.44 W, 2355 MHz, 12481 MHz, 36
2026/09/27 05:07:45.885, 1, 1 %, 50067 MiB, 91.26 W, 2317 MHz, 12481 MHz, 35
2026/09/27 05:07:46.136, 0, 0 %, 50259 MiB, 90.44 W, 2355 MHz, 12481 MHz, 36
2026/09/27 05:07:46.136, 1, 1 %, 50067 MiB, 91.48 W, 2317 MHz, 12481 MHz, 35
2026/09/27 05:07:46.386, 0, 0 %, 50259 MiB, 90.44 W, 2355 MHz, 12481 MHz, 36
2026/09/27 05:07:46.386, 1, 1 %, 50067 MiB, 91.61 W, 2317 MHz, 12481 MHz, 35
2026/09/27 05:07:46.636, 0, 0 %, 50259 MiB, 90.44 W, 2355 MHz, 12481 MHz, 36
2026/09/27 05:07:46.636, 1, 1 %, 50067 MiB, 91.59 W, 2317 MHz, 12481 MHz, 35
2026/09/27 05:07:46.886, 0, 0 %, 50259 MiB, 90.20 W, 2355 MHz, 12481 MHz, 36
2026/09/27 05:07:46.886, 1, 1 %, 50067 MiB, 91.53 W, 2317 MHz, 12481 MHz, 35
2026/09/27 05:07:47.136, 0, 0 %, 50259 MiB, 90.20 W, 2355 MHz, 12481 MHz, 36
2026/09/27 05:07:47.136, 1, 1 %, 50067 MiB, 91.40 W, 2317 MHz, 12481 MHz, 35
2026/09/27 05:07:47.386, 0, 0 %, 50259 MiB, 90.20 W, 2355 MHz, 12481 MHz, 36
2026/09/27 05:07:47.386, 1, 1 %, 50067 MiB, 91.26 W, 2317 MHz, 12481 MHz, 35
2026/09/27 05:07:47.636, 0, 0 %, 50259 MiB, 90.18 W, 2355 MHz, 12481 MHz, 36
2026/09/27 05:07:47.636, 1, 0 %, 50099 MiB, 90.93 W, 2317 MHz, 12481 MHz, 35
2026/09/27 05:07:47.886, 0, 0 %, 50259 MiB, 90.57 W, 2355 MHz, 12481 MHz, 36
2026/09/27 05:07:47.886, 1, 0 %, 50099 MiB, 90.75 W, 2317 MHz, 12481 MHz, 35
2026/09/27 05:07:48.136, 0, 0 %, 50259 MiB, 90.73 W, 2355 MHz, 12481 MHz, 36
2026/09/27 05:07:48.137, 1, 1 %, 50131 MiB, 90.50 W, 2317 MHz, 12481 MHz, 35
2026/09/27 05:07:48.387, 0, 0 %, 50259 MiB, 90.93 W, 2355 MHz, 12481 MHz, 36
2026/09/27 05:07:48.387, 1, 0 %, 50131 MiB, 90.39 W, 2317 MHz, 12481 MHz, 35
2026/09/27 05:07:48.637, 0, 0 %, 50259 MiB, 91.71 W, 2355 MHz, 12481 MHz, 36
2026/09/27 05:07:48.637, 1, 0 %, 50131 MiB, 90.41 W, 2317 MHz, 12481 MHz, 35
2026/09/27 05:07:48.887, 0, 0 %, 50259 MiB, 91.71 W, 2355 MHz, 12481 MHz, 36
2026/09/27 05:07:48.887, 1, 1 %, 50163 MiB, 90.49 W, 2317 MHz, 12481 MHz, 35
2026/09/27 05:07:49.137, 0, 0 %, 50259 MiB, 91.75 W, 2355 MHz, 12481 MHz, 36
2026/09/27 05:07:49.137, 1, 0 %, 50163 MiB, 90.73 W, 2317 MHz, 12481 MHz, 35
2026/09/27 05:07:49.387, 0, 0 %, 50259 MiB, 91.68 W, 2355 MHz, 12481 MHz, 36
2026/09/27 05:07:49.387, 1, 1 %, 50195 MiB, 90.95 W, 2317 MHz, 12481 MHz, 35
2026/09/27 05:07:49.637, 0, 0 %, 50259 MiB, 91.67 W, 2355 MHz, 12481 MHz, 36
2026/09/27 05:07:49.637, 1, 0 %, 50227 MiB, 91.18 W, 2317 MHz, 12481 MHz, 35
2026/09/27 05:07:49.887, 0, 1 %, 51987 MiB, 91.97 W, 2355 MHz, 12481 MHz, 36
2026/09/27 05:07:49.887, 1, 0 %, 50227 MiB, 91.32 W, 2317 MHz, 12481 MHz, 35
2026/09/27 05:07:50.137, 0, 1 %, 51987 MiB, 92.01 W, 2355 MHz, 12481 MHz, 36
2026/09/27 05:07:50.137, 1, 0 %, 50227 MiB, 91.37 W, 2317 MHz, 12481 MHz, 35
2026/09/27 05:07:50.387, 0, 1 %, 51987 MiB, 92.17 W, 2355 MHz, 12481 MHz, 36
2026/09/27 05:07:50.387, 1, 0 %, 50227 MiB, 91.29 W, 2317 MHz, 12481 MHz, 35
2026/09/27 05:07:50.637, 0, 1 %, 51987 MiB, 92.34 W, 2355 MHz, 12481 MHz, 36
2026/09/27 05:07:50.637, 1, 0 %, 50227 MiB, 91.17 W, 2317 MHz, 12481 MHz, 35
2026/09/27 05:07:50.888, 0, 1 %, 51987 MiB, 92.13 W, 2355 MHz, 12481 MHz, 36
2026/09/27 05:07:50.888, 1, 0 %, 50227 MiB, 91.14 W, 2317 MHz, 12481 MHz, 35
2026/09/27 05:07:51.138, 0, 1 %, 51987 MiB, 92.13 W, 2355 MHz, 12481 MHz, 36
2026/09/27 05:07:51.138, 1, 0 %, 50227 MiB, 91.14 W, 2317 MHz, 12481 MHz, 35
2026/09/27 05:07:51.388, 0, 1 %, 51987 MiB, 92.10 W, 2355 MHz, 12481 MHz, 36
2026/09/27 05:07:51.388, 1, 0 %, 50227 MiB, 91.14 W, 2317 MHz, 12481 MHz, 35
2026/09/27 05:07:51.638, 0, 1 %, 51987 MiB, 92.04 W, 2355 MHz, 12481 MHz, 36
2026/09/27 05:07:51.638, 1, 0 %, 50227 MiB, 91.14 W, 2317 MHz, 12481 MHz, 35
2026/09/27 05:07:51.888, 0, 1 %, 51987 MiB, 92.09 W, 2355 MHz, 12481 MHz, 36
2026/09/27 05:07:51.888, 1, 0 %, 50227 MiB, 89.00 W, 2317 MHz, 12481 MHz, 35
2026/09/27 05:07:52.138, 0, 1 %, 51987 MiB, 92.12 W, 2355 MHz, 12481 MHz, 36
2026/09/27 05:07:52.138, 1, 0 %, 50227 MiB, 89.00 W, 2317 MHz, 12481 MHz, 35
2026/09/27 05:07:52.388, 0, 1 %, 51987 MiB, 92.11 W, 2355 MHz, 12481 MHz, 36
2026/09/27 05:07:52.388, 1, 0 %, 50227 MiB, 89.00 W, 2317 MHz, 12481 MHz, 35
2026/09/27 05:07:52.638, 0, 0 %, 51987 MiB, 92.13 W, 2355 MHz, 12481 MHz, 36
2026/09/27 05:07:52.638, 1, 0 %, 50227 MiB, 89.00 W, 2317 MHz, 12481 MHz, 35
2026/09/27 05:07:52.889, 0, 1 %, 51987 MiB, 92.02 W, 2355 MHz, 12481 MHz, 36
2026/09/27 05:07:52.889, 1, 0 %, 50227 MiB, 88.71 W, 2317 MHz, 12481 MHz, 35
2026/09/27 05:07:53.139, 0, 1 %, 51987 MiB, 91.99 W, 2355 MHz, 12481 MHz, 36
2026/09/27 05:07:53.139, 1, 0 %, 50227 MiB, 88.71 W, 2317 MHz, 12481 MHz, 35
2026/09/27 05:07:53.389, 0, 0 %, 51987 MiB, 92.04 W, 2355 MHz, 12481 MHz, 36
2026/09/27 05:07:53.389, 1, 0 %, 50227 MiB, 88.71 W, 2317 MHz, 12481 MHz, 35
2026/09/27 05:07:53.639, 0, 0 %, 51987 MiB, 91.99 W, 2355 MHz, 12481 MHz, 36
2026/09/27 05:07:53.639, 1, 0 %, 50227 MiB, 88.71 W, 2317 MHz, 12481 MHz, 35
2026/09/27 05:07:53.889, 0, 1 %, 51987 MiB, 92.04 W, 2355 MHz, 12481 MHz, 36
2026/09/27 05:07:53.889, 1, 0 %, 50227 MiB, 89.42 W, 2317 MHz, 12481 MHz, 35
2026/09/27 05:07:54.139, 0, 1 %, 51987 MiB, 92.00 W, 2355 MHz, 12481 MHz, 36
2026/09/27 05:07:54.139, 1, 0 %, 50227 MiB, 89.42 W, 2317 MHz, 12481 MHz, 35
2026/09/27 05:07:54.389, 0, 0 %, 51987 MiB, 91.91 W, 2355 MHz, 12481 MHz, 36
2026/09/27 05:07:54.389, 1, 0 %, 50227 MiB, 89.42 W, 2317 MHz, 12481 MHz, 35
2026/09/27 05:07:54.639, 0, 0 %, 51987 MiB, 91.95 W, 2355 MHz, 12481 MHz, 36
2026/09/27 05:07:54.639, 1, 0 %, 50227 MiB, 89.42 W, 2317 MHz, 12481 MHz, 35
2026/09/27 05:07:54.890, 0, 1 %, 51987 MiB, 91.98 W, 2355 MHz, 12481 MHz, 36
2026/09/27 05:07:54.890, 1, 0 %, 50227 MiB, 88.93 W, 2317 MHz, 12481 MHz, 35
2026/09/27 05:07:55.140, 0, 1 %, 51987 MiB, 92.01 W, 2355 MHz, 12481 MHz, 36
2026/09/27 05:07:55.140, 1, 0 %, 50227 MiB, 88.93 W, 2317 MHz, 12481 MHz, 35
2026/09/27 05:07:55.390, 0, 0 %, 51987 MiB, 92.10 W, 2355 MHz, 12481 MHz, 36
2026/09/27 05:07:55.390, 1, 0 %, 50227 MiB, 88.93 W, 2317 MHz, 12481 MHz, 35
2026/09/27 05:07:55.640, 0, 0 %, 51987 MiB, 92.07 W, 2355 MHz, 12481 MHz, 36
2026/09/27 05:07:55.640, 1, 0 %, 50227 MiB, 88.93 W, 2317 MHz, 12481 MHz, 35
2026/09/27 05:07:55.890, 0, 0 %, 51987 MiB, 91.97 W, 2355 MHz, 12481 MHz, 36
2026/09/27 05:07:55.890, 1, 0 %, 50227 MiB, 88.93 W, 2317 MHz, 12481 MHz, 35
2026/09/27 05:07:56.140, 0, 0 %, 51987 MiB, 91.94 W, 2355 MHz, 12481 MHz, 36
2026/09/27 05:07:56.140, 1, 0 %, 50227 MiB, 88.93 W, 2317 MHz, 12481 MHz, 35
2026/09/27 05:07:56.390, 0, 0 %, 51987 MiB, 91.79 W, 2355 MHz, 12481 MHz, 36
2026/09/27 05:07:56.390, 1, 0 %, 50227 MiB, 88.93 W, 2317 MHz, 12481 MHz, 35
2026/09/27 05:07:56.640, 0, 0 %, 52019 MiB, 91.74 W, 2355 MHz, 12481 MHz, 36
2026/09/27 05:07:56.640, 1, 0 %, 50227 MiB, 89.37 W, 2317 MHz, 12481 MHz, 35
2026/09/27 05:07:56.891, 0, 0 %, 52019 MiB, 91.80 W, 2355 MHz, 12481 MHz, 36
2026/09/27 05:07:56.891, 1, 0 %, 50227 MiB, 90.07 W, 2317 MHz, 12481 MHz, 35
2026/09/27 05:07:57.141, 0, 0 %, 52051 MiB, 91.78 W, 2355 MHz, 12481 MHz, 36
2026/09/27 05:07:57.141, 1, 0 %, 50227 MiB, 90.31 W, 2317 MHz, 12481 MHz, 35
2026/09/27 05:07:57.391, 0, 0 %, 52051 MiB, 91.81 W, 2355 MHz, 12481 MHz, 36
2026/09/27 05:07:57.391, 1, 0 %, 50227 MiB, 90.41 W, 2317 MHz, 12481 MHz, 35
2026/09/27 05:07:57.641, 0, 0 %, 52051 MiB, 91.86 W, 2355 MHz, 12481 MHz, 36
2026/09/27 05:07:57.641, 1, 0 %, 50227 MiB, 91.19 W, 2317 MHz, 12481 MHz, 35
2026/09/27 05:07:57.891, 0, 1 %, 52115 MiB, 91.79 W, 2355 MHz, 12481 MHz, 36
2026/09/27 05:07:57.891, 1, 0 %, 50227 MiB, 91.10 W, 2317 MHz, 12481 MHz, 35
2026/09/27 05:07:58.141, 0, 0 %, 52115 MiB, 91.81 W, 2355 MHz, 12481 MHz, 36
2026/09/27 05:07:58.141, 1, 0 %, 50227 MiB, 90.93 W, 2317 MHz, 12481 MHz, 35
2026/09/27 05:07:58.391, 0, 0 %, 52115 MiB, 91.87 W, 2355 MHz, 12481 MHz, 36
2026/09/27 05:07:58.391, 1, 1 %, 51955 MiB, 91.01 W, 2317 MHz, 12481 MHz, 35
2026/09/27 05:07:58.641, 0, 0 %, 52115 MiB, 91.79 W, 2355 MHz, 12481 MHz, 36
2026/09/27 05:07:58.641, 1, 1 %, 51955 MiB, 90.90 W, 2317 MHz, 12481 MHz, 35
2026/09/27 05:07:58.891, 0, 0 %, 52115 MiB, 91.83 W, 2355 MHz, 12481 MHz, 36
2026/09/27 05:07:58.891, 1, 1 %, 51955 MiB, 90.86 W, 2317 MHz, 12481 MHz, 35
2026/09/27 05:07:59.142, 0, 0 %, 52115 MiB, 91.81 W, 2355 MHz, 12481 MHz, 36
2026/09/27 05:07:59.142, 1, 1 %, 51955 MiB, 90.83 W, 2317 MHz, 12481 MHz, 35
2026/09/27 05:07:59.392, 0, 0 %, 52115 MiB, 91.74 W, 2355 MHz, 12481 MHz, 36
2026/09/27 05:07:59.392, 1, 1 %, 51955 MiB, 90.63 W, 2317 MHz, 12481 MHz, 35
2026/09/27 05:07:59.642, 0, 0 %, 52115 MiB, 91.74 W, 2355 MHz, 12481 MHz, 36
2026/09/27 05:07:59.642, 1, 1 %, 51955 MiB, 90.70 W, 2317 MHz, 12481 MHz, 35
2026/09/27 05:07:59.892, 0, 0 %, 52115 MiB, 91.74 W, 2355 MHz, 12481 MHz, 36
2026/09/27 05:07:59.892, 1, 1 %, 51955 MiB, 90.81 W, 2317 MHz, 12481 MHz, 35
2026/09/27 05:08:00.142, 0, 0 %, 52115 MiB, 91.74 W, 2355 MHz, 12481 MHz, 36
2026/09/27 05:08:00.142, 1, 1 %, 51955 MiB, 91.13 W, 2317 MHz, 12481 MHz, 35
2026/09/27 05:08:00.392, 0, 0 %, 52115 MiB, 91.73 W, 2355 MHz, 12481 MHz, 36
2026/09/27 05:08:00.392, 1, 1 %, 51955 MiB, 91.38 W, 2317 MHz, 12481 MHz, 35
2026/09/27 05:08:00.642, 0, 0 %, 52115 MiB, 91.73 W, 2355 MHz, 12481 MHz, 36
2026/09/27 05:08:00.642, 1, 1 %, 51955 MiB, 91.64 W, 2317 MHz, 12481 MHz, 35
2026/09/27 05:08:00.892, 0, 0 %, 52115 MiB, 91.73 W, 2355 MHz, 12481 MHz, 36
2026/09/27 05:08:00.892, 1, 1 %, 51955 MiB, 91.75 W, 2317 MHz, 12481 MHz, 35
2026/09/27 05:08:01.142, 0, 0 %, 52115 MiB, 91.73 W, 2355 MHz, 12481 MHz, 36
2026/09/27 05:08:01.142, 1, 1 %, 51955 MiB, 91.75 W, 2317 MHz, 12481 MHz, 35
2026/09/27 05:08:01.393, 0, 0 %, 52115 MiB, 91.20 W, 2355 MHz, 12481 MHz, 36
2026/09/27 05:08:01.393, 1, 1 %, 51955 MiB, 91.64 W, 2317 MHz, 12481 MHz, 35
2026/09/27 05:08:01.643, 0, 0 %, 52115 MiB, 91.20 W, 2355 MHz, 12481 MHz, 36
2026/09/27 05:08:01.643, 1, 1 %, 51955 MiB, 91.51 W, 2317 MHz, 12481 MHz, 35
2026/09/27 05:08:01.893, 0, 0 %, 52115 MiB, 91.20 W, 2355 MHz, 12481 MHz, 36
2026/09/27 05:08:01.893, 1, 1 %, 51955 MiB, 91.37 W, 2317 MHz, 12481 MHz, 35
2026/09/27 05:08:02.143, 0, 0 %, 52115 MiB, 91.20 W, 2355 MHz, 12481 MHz, 36
2026/09/27 05:08:02.143, 1, 1 %, 51955 MiB, 91.11 W, 2317 MHz, 12481 MHz, 35
2026/09/27 05:08:02.393, 0, 0 %, 52115 MiB, 90.68 W, 2355 MHz, 12481 MHz, 36
2026/09/27 05:08:02.393, 1, 1 %, 51955 MiB, 91.00 W, 2317 MHz, 12481 MHz, 35
2026/09/27 05:08:02.643, 0, 0 %, 52115 MiB, 90.68 W, 2355 MHz, 12481 MHz, 36
2026/09/27 05:08:02.643, 1, 0 %, 51955 MiB, 90.74 W, 2317 MHz, 12481 MHz, 35
2026/09/27 05:08:02.893, 0, 0 %, 52115 MiB, 90.68 W, 2355 MHz, 12481 MHz, 36
2026/09/27 05:08:02.893, 1, 0 %, 51955 MiB, 90.60 W, 2317 MHz, 12481 MHz, 35
2026/09/27 05:08:03.143, 0, 0 %, 52115 MiB, 90.68 W, 2355 MHz, 12481 MHz, 36
2026/09/27 05:08:03.143, 1, 1 %, 51987 MiB, 90.49 W, 2317 MHz, 12481 MHz, 35
2026/09/27 05:08:03.394, 0, 0 %, 52115 MiB, 92.09 W, 2355 MHz, 12481 MHz, 36
2026/09/27 05:08:03.394, 1, 0 %, 51987 MiB, 90.45 W, 2317 MHz, 12481 MHz, 35
2026/09/27 05:08:03.644, 0, 0 %, 52115 MiB, 92.05 W, 2355 MHz, 12481 MHz, 36
2026/09/27 05:08:03.644, 1, 0 %, 51987 MiB, 90.63 W, 2317 MHz, 12481 MHz, 35
2026/09/27 05:08:03.894, 0, 0 %, 52115 MiB, 92.00 W, 2355 MHz, 12481 MHz, 36
2026/09/27 05:08:03.894, 1, 0 %, 52019 MiB, 90.84 W, 2317 MHz, 12481 MHz, 35
2026/09/27 05:08:04.144, 0, 0 %, 52115 MiB, 91.95 W, 2355 MHz, 12481 MHz, 36
2026/09/27 05:08:04.144, 1, 0 %, 52019 MiB, 91.09 W, 2317 MHz, 12481 MHz, 35
2026/09/27 05:08:04.394, 0, 0 %, 52115 MiB, 91.72 W, 2355 MHz, 12481 MHz, 36
2026/09/27 05:08:04.394, 1, 0 %, 52051 MiB, 91.23 W, 2317 MHz, 12481 MHz, 35
2026/09/27 05:08:04.644, 0, 0 %, 52115 MiB, 91.71 W, 2355 MHz, 12481 MHz, 36
2026/09/27 05:08:04.644, 1, 0 %, 52083 MiB, 91.32 W, 2317 MHz, 12481 MHz, 35
2026/09/27 05:08:04.894, 0, 0 %, 53843 MiB, 91.86 W, 2355 MHz, 12481 MHz, 36
2026/09/27 05:08:04.894, 1, 0 %, 52083 MiB, 91.24 W, 2317 MHz, 12481 MHz, 35
2026/09/27 05:08:05.144, 0, 1 %, 53843 MiB, 92.04 W, 2355 MHz, 12481 MHz, 36
2026/09/27 05:08:05.145, 1, 0 %, 52083 MiB, 91.14 W, 2317 MHz, 12481 MHz, 35
2026/09/27 05:08:05.395, 0, 1 %, 53843 MiB, 92.16 W, 2355 MHz, 12481 MHz, 36
2026/09/27 05:08:05.395, 1, 0 %, 52083 MiB, 91.03 W, 2317 MHz, 12481 MHz, 35
2026/09/27 05:08:05.645, 0, 1 %, 53843 MiB, 92.26 W, 2355 MHz, 12481 MHz, 36
2026/09/27 05:08:05.645, 1, 0 %, 52083 MiB, 90.78 W, 2317 MHz, 12481 MHz, 35
2026/09/27 05:08:05.895, 0, 1 %, 53843 MiB, 92.37 W, 2355 MHz, 12481 MHz, 36
2026/09/27 05:08:05.895, 1, 0 %, 52083 MiB, 90.67 W, 2317 MHz, 12481 MHz, 35
2026/09/27 05:08:06.145, 0, 1 %, 53843 MiB, 92.14 W, 2355 MHz, 12481 MHz, 36
2026/09/27 05:08:06.145, 1, 0 %, 52083 MiB, 90.65 W, 2317 MHz, 12481 MHz, 35
2026/09/27 05:08:06.395, 0, 1 %, 53843 MiB, 92.12 W, 2355 MHz, 12481 MHz, 36
2026/09/27 05:08:06.395, 1, 0 %, 52083 MiB, 90.65 W, 2317 MHz, 12481 MHz, 35
2026/09/27 05:08:06.645, 0, 1 %, 53843 MiB, 92.15 W, 2355 MHz, 12481 MHz, 36
2026/09/27 05:08:06.645, 1, 0 %, 52083 MiB, 90.65 W, 2317 MHz, 12481 MHz, 35
2026/09/27 05:08:06.895, 0, 1 %, 53843 MiB, 92.18 W, 2355 MHz, 12481 MHz, 36
2026/09/27 05:08:06.895, 1, 0 %, 52083 MiB, 90.65 W, 2317 MHz, 12481 MHz, 35
2026/09/27 05:08:07.146, 0, 1 %, 53843 MiB, 92.16 W, 2355 MHz, 12481 MHz, 36
2026/09/27 05:08:07.146, 1, 0 %, 52083 MiB, 88.98 W, 2317 MHz, 12481 MHz, 35
2026/09/27 05:08:07.396, 0, 1 %, 53843 MiB, 92.21 W, 2355 MHz, 12481 MHz, 36
2026/09/27 05:08:07.396, 1, 0 %, 52083 MiB, 88.98 W, 2317 MHz, 12481 MHz, 35
2026/09/27 05:08:07.646, 0, 1 %, 53843 MiB, 92.19 W, 2355 MHz, 12481 MHz, 36
2026/09/27 05:08:07.646, 1, 0 %, 52083 MiB, 88.98 W, 2317 MHz, 12481 MHz, 35
2026/09/27 05:08:07.896, 0, 1 %, 53843 MiB, 92.20 W, 2355 MHz, 12481 MHz, 36
2026/09/27 05:08:07.896, 1, 0 %, 52083 MiB, 88.98 W, 2317 MHz, 12481 MHz, 35
2026/09/27 05:08:08.146, 0, 1 %, 53843 MiB, 92.26 W, 2355 MHz, 12481 MHz, 36
2026/09/27 05:08:08.146, 1, 0 %, 52083 MiB, 89.45 W, 2317 MHz, 12481 MHz, 35
2026/09/27 05:08:08.396, 0, 1 %, 53843 MiB, 92.18 W, 2355 MHz, 12481 MHz, 36
2026/09/27 05:08:08.396, 1, 0 %, 52083 MiB, 89.45 W, 2317 MHz, 12481 MHz, 35
2026/09/27 05:08:08.646, 0, 1 %, 53843 MiB, 92.20 W, 2355 MHz, 12481 MHz, 36
2026/09/27 05:08:08.646, 1, 0 %, 52083 MiB, 89.45 W, 2317 MHz, 12481 MHz, 35
2026/09/27 05:08:08.896, 0, 1 %, 53843 MiB, 92.21 W, 2355 MHz, 12481 MHz, 36
2026/09/27 05:08:08.896, 1, 0 %, 52083 MiB, 89.45 W, 2317 MHz, 12481 MHz, 35
2026/09/27 05:08:09.146, 0, 1 %, 53843 MiB, 92.20 W, 2355 MHz, 12481 MHz, 36
2026/09/27 05:08:09.146, 1, 0 %, 52083 MiB, 88.93 W, 2317 MHz, 12481 MHz, 35
2026/09/27 05:08:09.396, 0, 0 %, 53843 MiB, 92.24 W, 2355 MHz, 12481 MHz, 36
2026/09/27 05:08:09.396, 1, 0 %, 52083 MiB, 88.93 W, 2317 MHz, 12481 MHz, 35
2026/09/27 05:08:09.646, 0, 1 %, 53843 MiB, 92.20 W, 2355 MHz, 12481 MHz, 36
2026/09/27 05:08:09.647, 1, 0 %, 52083 MiB, 88.93 W, 2317 MHz, 12481 MHz, 35
2026/09/27 05:08:09.897, 0, 1 %, 53843 MiB, 92.12 W, 2355 MHz, 12481 MHz, 36
2026/09/27 05:08:09.897, 1, 0 %, 52083 MiB, 88.93 W, 2317 MHz, 12481 MHz, 35
2026/09/27 05:08:10.147, 0, 0 %, 53875 MiB, 92.05 W, 2355 MHz, 12481 MHz, 36
2026/09/27 05:08:10.147, 1, 0 %, 52083 MiB, 89.11 W, 2317 MHz, 12481 MHz, 35
2026/09/27 05:08:10.397, 0, 0 %, 53875 MiB, 91.95 W, 2355 MHz, 12481 MHz, 36
2026/09/27 05:08:10.397, 1, 0 %, 52083 MiB, 89.28 W, 2317 MHz, 12481 MHz, 35
2026/09/27 05:08:10.647, 0, 0 %, 53875 MiB, 91.86 W, 2355 MHz, 12481 MHz, 36
2026/09/27 05:08:10.647, 1, 0 %, 52083 MiB, 89.49 W, 2317 MHz, 12481 MHz, 35
2026/09/27 05:08:10.897, 0, 0 %, 53875 MiB, 91.78 W, 2355 MHz, 12481 MHz, 36
2026/09/27 05:08:10.897, 1, 0 %, 52083 MiB, 89.64 W, 2317 MHz, 12481 MHz, 35
2026/09/27 05:08:11.147, 0, 0 %, 53907 MiB, 91.74 W, 2355 MHz, 12481 MHz, 36
2026/09/27 05:08:11.147, 1, 0 %, 52083 MiB, 90.70 W, 2317 MHz, 12481 MHz, 35
2026/09/27 05:08:11.397, 0, 0 %, 53939 MiB, 91.74 W, 2355 MHz, 12481 MHz, 36
2026/09/27 05:08:11.397, 1, 0 %, 52083 MiB, 90.86 W, 2317 MHz, 12481 MHz, 35
2026/09/27 05:08:11.647, 0, 0 %, 53939 MiB, 91.82 W, 2355 MHz, 12481 MHz, 36
2026/09/27 05:08:11.647, 1, 0 %, 52083 MiB, 91.09 W, 2317 MHz, 12481 MHz, 35
2026/09/27 05:08:11.898, 0, 0 %, 53939 MiB, 91.77 W, 2355 MHz, 12481 MHz, 36
2026/09/27 05:08:11.898, 1, 0 %, 52083 MiB, 91.16 W, 2317 MHz, 12481 MHz, 35
2026/09/27 05:08:12.148, 0, 1 %, 53971 MiB, 91.81 W, 2355 MHz, 12481 MHz, 36
2026/09/27 05:08:12.148, 1, 0 %, 52083 MiB, 91.07 W, 2317 MHz, 12481 MHz, 35
2026/09/27 05:08:12.398, 0, 0 %, 53971 MiB, 91.79 W, 2355 MHz, 12481 MHz, 36
2026/09/27 05:08:12.398, 1, 0 %, 52083 MiB, 91.09 W, 2317 MHz, 12481 MHz, 35
2026/09/27 05:08:12.648, 0, 0 %, 54003 MiB, 91.72 W, 2355 MHz, 12481 MHz, 36
2026/09/27 05:08:12.648, 1, 0 %, 52083 MiB, 90.95 W, 2317 MHz, 12481 MHz, 35
2026/09/27 05:08:12.898, 0, 0 %, 54003 MiB, 91.77 W, 2355 MHz, 12481 MHz, 36
2026/09/27 05:08:12.898, 1, 0 %, 52083 MiB, 90.79 W, 2317 MHz, 12481 MHz, 35
2026/09/27 05:08:13.148, 0, 0 %, 54003 MiB, 91.78 W, 2355 MHz, 12481 MHz, 36
2026/09/27 05:08:13.148, 1, 0 %, 52083 MiB, 90.61 W, 2317 MHz, 12481 MHz, 35
2026/09/27 05:08:13.398, 0, 0 %, 54003 MiB, 91.79 W, 2355 MHz, 12481 MHz, 36
2026/09/27 05:08:13.398, 1, 2 %, 53811 MiB, 90.83 W, 2317 MHz, 12481 MHz, 35
2026/09/27 05:08:13.649, 0, 0 %, 54003 MiB, 91.84 W, 2355 MHz, 12481 MHz, 36
2026/09/27 05:08:13.649, 1, 1 %, 53811 MiB, 90.79 W, 2317 MHz, 12481 MHz, 35
2026/09/27 05:08:13.899, 0, 0 %, 54003 MiB, 91.83 W, 2355 MHz, 12481 MHz, 36
2026/09/27 05:08:13.899, 1, 1 %, 53811 MiB, 90.81 W, 2317 MHz, 12481 MHz, 35
2026/09/27 05:08:14.149, 0, 0 %, 54003 MiB, 91.75 W, 2355 MHz, 12481 MHz, 36
2026/09/27 05:08:14.149, 1, 1 %, 53811 MiB, 90.96 W, 2317 MHz, 12481 MHz, 35
2026/09/27 05:08:14.399, 0, 0 %, 54003 MiB, 91.75 W, 2355 MHz, 12481 MHz, 36
2026/09/27 05:08:14.399, 1, 1 %, 53811 MiB, 90.79 W, 2317 MHz, 12481 MHz, 35
2026/09/27 05:08:14.649, 0, 0 %, 54003 MiB, 91.75 W, 2355 MHz, 12481 MHz, 36
2026/09/27 05:08:14.649, 1, 1 %, 53811 MiB, 91.07 W, 2317 MHz, 12481 MHz, 35
2026/09/27 05:08:14.899, 0, 0 %, 54003 MiB, 91.75 W, 2355 MHz, 12481 MHz, 36
2026/09/27 05:08:14.899, 1, 1 %, 53811 MiB, 91.31 W, 2317 MHz, 12481 MHz, 35
2026/09/27 05:08:15.149, 0, 0 %, 54003 MiB, 91.75 W, 2355 MHz, 12481 MHz, 36
2026/09/27 05:08:15.149, 1, 1 %, 53811 MiB, 91.57 W, 2317 MHz, 12481 MHz, 35
2026/09/27 05:08:15.399, 0, 0 %, 54003 MiB, 91.75 W, 2355 MHz, 12481 MHz, 36
2026/09/27 05:08:15.399, 1, 1 %, 53811 MiB, 91.68 W, 2317 MHz, 12481 MHz, 35
2026/09/27 05:08:15.649, 0, 0 %, 54003 MiB, 91.75 W, 2355 MHz, 12481 MHz, 36
2026/09/27 05:08:15.650, 1, 1 %, 53811 MiB, 91.59 W, 2317 MHz, 12481 MHz, 35
2026/09/27 05:08:15.900, 0, 0 %, 54003 MiB, 91.75 W, 2355 MHz, 12481 MHz, 36
2026/09/27 05:08:15.900, 1, 1 %, 53811 MiB, 91.51 W, 2317 MHz, 12481 MHz, 35
2026/09/27 05:08:16.150, 0, 0 %, 54003 MiB, 91.75 W, 2355 MHz, 12481 MHz, 36
2026/09/27 05:08:16.150, 1, 1 %, 53811 MiB, 91.36 W, 2317 MHz, 12481 MHz, 35
2026/09/27 05:08:16.400, 0, 0 %, 54003 MiB, 91.48 W, 2355 MHz, 12481 MHz, 36
2026/09/27 05:08:16.400, 1, 1 %, 53811 MiB, 91.25 W, 2317 MHz, 12481 MHz, 35
2026/09/27 05:08:16.650, 0, 0 %, 54003 MiB, 91.48 W, 2355 MHz, 12481 MHz, 36
2026/09/27 05:08:16.650, 1, 1 %, 53811 MiB, 91.14 W, 2317 MHz, 12481 MHz, 35
2026/09/27 05:08:16.900, 0, 0 %, 54003 MiB, 91.48 W, 2355 MHz, 12481 MHz, 36
2026/09/27 05:08:16.900, 1, 1 %, 53811 MiB, 91.03 W, 2317 MHz, 12481 MHz, 35
2026/09/27 05:08:17.150, 0, 0 %, 54003 MiB, 91.48 W, 2355 MHz, 12481 MHz, 36
2026/09/27 05:08:17.150, 1, 1 %, 53811 MiB, 90.86 W, 2317 MHz, 12481 MHz, 35
2026/09/27 05:08:17.400, 0, 0 %, 54003 MiB, 91.69 W, 2355 MHz, 12481 MHz, 36
2026/09/27 05:08:17.400, 1, 1 %, 53811 MiB, 90.82 W, 2317 MHz, 12481 MHz, 35
2026/09/27 05:08:17.650, 0, 0 %, 54003 MiB, 91.69 W, 2355 MHz, 12481 MHz, 36
2026/09/27 05:08:17.650, 1, 1 %, 53811 MiB, 90.76 W, 2317 MHz, 12481 MHz, 35
2026/09/27 05:08:17.900, 0, 0 %, 54003 MiB, 91.69 W, 2355 MHz, 12481 MHz, 36
2026/09/27 05:08:17.900, 1, 1 %, 53811 MiB, 90.80 W, 2317 MHz, 12481 MHz, 35
2026/09/27 05:08:18.150, 0, 0 %, 54003 MiB, 91.69 W, 2355 MHz, 12481 MHz, 36
2026/09/27 05:08:18.151, 1, 1 %, 53811 MiB, 91.02 W, 2317 MHz, 12481 MHz, 35
2026/09/27 05:08:18.401, 0, 0 %, 54003 MiB, 92.24 W, 2355 MHz, 12481 MHz, 36
2026/09/27 05:08:18.401, 1, 1 %, 53843 MiB, 91.21 W, 2317 MHz, 12481 MHz, 35
2026/09/27 05:08:18.651, 0, 0 %, 54003 MiB, 92.16 W, 2355 MHz, 12481 MHz, 36
2026/09/27 05:08:18.651, 1, 0 %, 53843 MiB, 91.41 W, 2317 MHz, 12481 MHz, 35
2026/09/27 05:08:18.901, 0, 0 %, 54003 MiB, 92.04 W, 2355 MHz, 12481 MHz, 36
2026/09/27 05:08:18.901, 1, 0 %, 53843 MiB, 91.47 W, 2317 MHz, 12481 MHz, 35
2026/09/27 05:08:19.151, 0, 0 %, 54003 MiB, 92.00 W, 2355 MHz, 12481 MHz, 36
2026/09/27 05:08:19.151, 1, 1 %, 53907 MiB, 91.45 W, 2317 MHz, 12481 MHz, 35
2026/09/27 05:08:19.401, 0, 0 %, 54003 MiB, 91.68 W, 2355 MHz, 12481 MHz, 36
2026/09/27 05:08:19.401, 1, 0 %, 53907 MiB, 91.32 W, 2317 MHz, 12481 MHz, 35
2026/09/27 05:08:19.651, 0, 0 %, 54003 MiB, 91.63 W, 2355 MHz, 12481 MHz, 36
2026/09/27 05:08:19.651, 1, 0 %, 53907 MiB, 91.14 W, 2317 MHz, 12481 MHz, 35
2026/09/27 05:08:19.901, 0, 0 %, 54003 MiB, 91.69 W, 2355 MHz, 12481 MHz, 36
2026/09/27 05:08:19.901, 1, 1 %, 53939 MiB, 91.04 W, 2317 MHz, 12481 MHz, 35
2026/09/27 05:08:20.151, 0, 0 %, 54003 MiB, 91.68 W, 2355 MHz, 12481 MHz, 36
2026/09/27 05:08:20.151, 1, 0 %, 53939 MiB, 90.82 W, 2317 MHz, 12481 MHz, 35
2026/09/27 05:08:20.402, 0, 0 %, 54003 MiB, 91.64 W, 2355 MHz, 12481 MHz, 36
2026/09/27 05:08:20.402, 1, 1 %, 53971 MiB, 90.73 W, 2317 MHz, 12481 MHz, 35
2026/09/27 05:08:20.652, 0, 0 %, 54003 MiB, 91.66 W, 2355 MHz, 12481 MHz, 36
2026/09/27 05:08:20.652, 1, 0 %, 53971 MiB, 90.61 W, 2317 MHz, 12481 MHz, 35
2026/09/27 05:08:20.902, 0, 0 %, 55731 MiB, 92.27 W, 2355 MHz, 12481 MHz, 36
2026/09/27 05:08:20.902, 1, 0 %, 53971 MiB, 90.55 W, 2317 MHz, 12481 MHz, 35
2026/09/27 05:08:21.152, 0, 1 %, 55731 MiB, 92.31 W, 2355 MHz, 12481 MHz, 36
2026/09/27 05:08:21.152, 1, 0 %, 53971 MiB, 90.48 W, 2317 MHz, 12481 MHz, 35
2026/09/27 05:08:21.402, 0, 1 %, 55731 MiB, 92.46 W, 2355 MHz, 12481 MHz, 36
2026/09/27 05:08:21.402, 1, 0 %, 53971 MiB, 90.46 W, 2317 MHz, 12481 MHz, 35
2026/09/27 05:08:21.652, 0, 0 %, 55731 MiB, 92.51 W, 2355 MHz, 12481 MHz, 36
2026/09/27 05:08:21.652, 1, 0 %, 53971 MiB, 90.51 W, 2317 MHz, 12481 MHz, 35
2026/09/27 05:08:21.902, 0, 1 %, 55731 MiB, 92.04 W, 2355 MHz, 12481 MHz, 36
2026/09/27 05:08:21.902, 1, 0 %, 53971 MiB, 90.59 W, 2317 MHz, 12481 MHz, 35
2026/09/27 05:08:22.152, 0, 1 %, 55731 MiB, 92.03 W, 2355 MHz, 12481 MHz, 36
2026/09/27 05:08:22.152, 1, 0 %, 53971 MiB, 90.59 W, 2317 MHz, 12481 MHz, 35
2026/09/27 05:08:22.403, 0, 1 %, 55731 MiB, 92.02 W, 2355 MHz, 12481 MHz, 36
2026/09/27 05:08:22.403, 1, 0 %, 53971 MiB, 90.59 W, 2317 MHz, 12481 MHz, 35
2026/09/27 05:08:22.653, 0, 1 %, 55731 MiB, 92.09 W, 2355 MHz, 12481 MHz, 36
2026/09/27 05:08:22.653, 1, 0 %, 53971 MiB, 90.59 W, 2317 MHz, 12481 MHz, 35
2026/09/27 05:08:22.903, 0, 1 %, 55731 MiB, 92.08 W, 2355 MHz, 12481 MHz, 36
2026/09/27 05:08:22.903, 1, 0 %, 53971 MiB, 89.91 W, 2317 MHz, 12481 MHz, 35
2026/09/27 05:08:23.153, 0, 1 %, 55731 MiB, 92.01 W, 2355 MHz, 12481 MHz, 36
2026/09/27 05:08:23.153, 1, 0 %, 53971 MiB, 89.91 W, 2317 MHz, 12481 MHz, 35
2026/09/27 05:08:23.403, 0, 1 %, 55731 MiB, 92.06 W, 2355 MHz, 12481 MHz, 36
2026/09/27 05:08:23.403, 1, 0 %, 53971 MiB, 89.91 W, 2317 MHz, 12481 MHz, 35
2026/09/27 05:08:23.653, 0, 1 %, 55731 MiB, 92.03 W, 2355 MHz, 12481 MHz, 36
2026/09/27 05:08:23.653, 1, 0 %, 53971 MiB, 89.91 W, 2317 MHz, 12481 MHz, 35
2026/09/27 05:08:23.903, 0, 1 %, 55731 MiB, 92.02 W, 2355 MHz, 12481 MHz, 36
2026/09/27 05:08:23.903, 1, 0 %, 53971 MiB, 89.67 W, 2317 MHz, 12481 MHz, 35
2026/09/27 05:08:24.153, 0, 1 %, 55731 MiB, 92.07 W, 2355 MHz, 12481 MHz, 36
2026/09/27 05:08:24.153, 1, 0 %, 53971 MiB, 89.67 W, 2317 MHz, 12481 MHz, 35
2026/09/27 05:08:24.404, 0, 1 %, 55731 MiB, 92.08 W, 2355 MHz, 12481 MHz, 36
2026/09/27 05:08:24.404, 1, 0 %, 53971 MiB, 89.67 W, 2317 MHz, 12481 MHz, 35
2026/09/27 05:08:24.654, 0, 1 %, 55731 MiB, 92.06 W, 2355 MHz, 12481 MHz, 36
2026/09/27 05:08:24.654, 1, 0 %, 53971 MiB, 89.67 W, 2317 MHz, 12481 MHz, 35
2026/09/27 05:08:24.904, 0, 1 %, 55731 MiB, 92.11 W, 2355 MHz, 12481 MHz, 36
2026/09/27 05:08:24.904, 1, 0 %, 53971 MiB, 89.42 W, 2317 MHz, 12481 MHz, 35
2026/09/27 05:08:25.154, 0, 1 %, 55731 MiB, 92.08 W, 2355 MHz, 12481 MHz, 36
2026/09/27 05:08:25.154, 1, 0 %, 53971 MiB, 89.42 W, 2317 MHz, 12481 MHz, 35
2026/09/27 05:08:25.404, 0, 1 %, 55731 MiB, 92.03 W, 2355 MHz, 12481 MHz, 36
2026/09/27 05:08:25.404, 1, 0 %, 53971 MiB, 89.42 W, 2317 MHz, 12481 MHz, 35
2026/09/27 05:08:25.654, 0, 1 %, 55731 MiB, 92.07 W, 2355 MHz, 12481 MHz, 36
2026/09/27 05:08:25.654, 1, 0 %, 53971 MiB, 89.42 W, 2317 MHz, 12481 MHz, 35
2026/09/27 05:08:25.904, 0, 1 %, 55731 MiB, 92.01 W, 2355 MHz, 12481 MHz, 36
2026/09/27 05:08:25.904, 1, 0 %, 53971 MiB, 90.45 W, 2317 MHz, 12481 MHz, 35
2026/09/27 05:08:26.154, 0, 1 %, 55731 MiB, 92.04 W, 2355 MHz, 12481 MHz, 36
2026/09/27 05:08:26.154, 1, 0 %, 53971 MiB, 90.45 W, 2317 MHz, 12481 MHz, 35
2026/09/27 05:08:26.404, 0, 1 %, 55731 MiB, 92.00 W, 2355 MHz, 12481 MHz, 36
2026/09/27 05:08:26.404, 1, 0 %, 53971 MiB, 90.45 W, 2317 MHz, 12481 MHz, 35
2026/09/27 05:08:26.655, 0, 0 %, 55763 MiB, 91.94 W, 2355 MHz, 12481 MHz, 36
2026/09/27 05:08:26.655, 1, 0 %, 53971 MiB, 90.90 W, 2317 MHz, 12481 MHz, 35
2026/09/27 05:08:26.905, 0, 0 %, 55763 MiB, 91.86 W, 2355 MHz, 12481 MHz, 36
2026/09/27 05:08:26.905, 1, 0 %, 53971 MiB, 91.33 W, 2317 MHz, 12481 MHz, 35
2026/09/27 05:08:27.155, 0, 0 %, 55763 MiB, 91.78 W, 2355 MHz, 12481 MHz, 36
2026/09/27 05:08:27.155, 1, 0 %, 53971 MiB, 91.21 W, 2317 MHz, 12481 MHz, 35
2026/09/27 05:08:27.405, 0, 0 %, 55795 MiB, 91.66 W, 2355 MHz, 12481 MHz, 36
2026/09/27 05:08:27.405, 1, 0 %, 53971 MiB, 91.12 W, 2317 MHz, 12481 MHz, 35
2026/09/27 05:08:27.655, 0, 0 %, 55795 MiB, 91.67 W, 2355 MHz, 12481 MHz, 36
2026/09/27 05:08:27.655, 1, 0 %, 53971 MiB, 90.67 W, 2317 MHz, 12481 MHz, 35
2026/09/27 05:08:27.905, 0, 0 %, 55795 MiB, 91.64 W, 2355 MHz, 12481 MHz, 36
2026/09/27 05:08:27.905, 1, 0 %, 53971 MiB, 90.59 W, 2317 MHz, 12481 MHz, 35
2026/09/27 05:08:28.155, 0, 0 %, 55827 MiB, 91.64 W, 2355 MHz, 12481 MHz, 36
2026/09/27 05:08:28.155, 1, 0 %, 53971 MiB, 90.46 W, 2317 MHz, 12481 MHz, 35
2026/09/27 05:08:28.405, 0, 0 %, 55827 MiB, 91.75 W, 2355 MHz, 12481 MHz, 36
2026/09/27 05:08:28.405, 1, 0 %, 53971 MiB, 90.40 W, 2317 MHz, 12481 MHz, 35
2026/09/27 05:08:28.655, 0, 0 %, 55827 MiB, 91.72 W, 2355 MHz, 12481 MHz, 36
2026/09/27 05:08:28.656, 1, 0 %, 53971 MiB, 90.38 W, 2317 MHz, 12481 MHz, 35
2026/09/27 05:08:28.906, 0, 0 %, 55859 MiB, 91.77 W, 2355 MHz, 12481 MHz, 36
2026/09/27 05:08:28.906, 1, 0 %, 53971 MiB, 90.41 W, 2317 MHz, 12481 MHz, 35
2026/09/27 05:08:29.156, 0, 0 %, 55859 MiB, 91.81 W, 2355 MHz, 12481 MHz, 36
2026/09/27 05:08:29.156, 1, 0 %, 53971 MiB, 90.67 W, 2317 MHz, 12481 MHz, 35
2026/09/27 05:08:29.406, 0, 0 %, 55891 MiB, 91.75 W, 2355 MHz, 12481 MHz, 36
2026/09/27 05:08:29.406, 1, 1 %, 55699 MiB, 91.17 W, 2317 MHz, 12481 MHz, 35
2026/09/27 05:08:29.656, 0, 0 %, 55891 MiB, 91.74 W, 2355 MHz, 12481 MHz, 36
2026/09/27 05:08:29.656, 1, 1 %, 55699 MiB, 91.61 W, 2317 MHz, 12481 MHz, 35
2026/09/27 05:08:29.906, 0, 0 %, 55891 MiB, 91.74 W, 2355 MHz, 12481 MHz, 36
2026/09/27 05:08:29.906, 1, 1 %, 55699 MiB, 91.80 W, 2317 MHz, 12481 MHz, 35
2026/09/27 05:08:30.156, 0, 0 %, 55891 MiB, 91.71 W, 2355 MHz, 12481 MHz, 36
2026/09/27 05:08:30.156, 1, 0 %, 55699 MiB, 91.89 W, 2317 MHz, 12481 MHz, 35
2026/09/27 05:08:30.406, 0, 0 %, 55891 MiB, 91.72 W, 2355 MHz, 12481 MHz, 36
2026/09/27 05:08:30.406, 1, 1 %, 55699 MiB, 91.64 W, 2317 MHz, 12481 MHz, 35
2026/09/27 05:08:30.656, 0, 0 %, 55891 MiB, 91.72 W, 2355 MHz, 12481 MHz, 36
2026/09/27 05:08:30.656, 1, 1 %, 55699 MiB, 91.40 W, 2317 MHz, 12481 MHz, 35
2026/09/27 05:08:30.907, 0, 0 %, 55891 MiB, 91.72 W, 2355 MHz, 12481 MHz, 36
2026/09/27 05:08:30.907, 1, 1 %, 55699 MiB, 91.30 W, 2317 MHz, 12481 MHz, 35
2026/09/27 05:08:31.157, 0, 0 %, 55891 MiB, 91.72 W, 2355 MHz, 12481 MHz, 36
2026/09/27 05:08:31.157, 1, 1 %, 55699 MiB, 91.12 W, 2317 MHz, 12481 MHz, 35
2026/09/27 05:08:31.407, 0, 0 %, 55891 MiB, 90.72 W, 2355 MHz, 12481 MHz, 36
2026/09/27 05:08:31.407, 1, 1 %, 55699 MiB, 90.99 W, 2317 MHz, 12481 MHz, 35
2026/09/27 05:08:31.657, 0, 0 %, 55891 MiB, 90.72 W, 2355 MHz, 12481 MHz, 36
2026/09/27 05:08:31.657, 1, 1 %, 55699 MiB, 90.86 W, 2317 MHz, 12481 MHz, 35
2026/09/27 05:08:31.907, 0, 0 %, 55891 MiB, 90.72 W, 2355 MHz, 12481 MHz, 36
2026/09/27 05:08:31.907, 1, 1 %, 55699 MiB, 90.77 W, 2317 MHz, 12481 MHz, 35
2026/09/27 05:08:32.157, 0, 0 %, 55891 MiB, 90.72 W, 2355 MHz, 12481 MHz, 36
2026/09/27 05:08:32.157, 1, 1 %, 55699 MiB, 90.75 W, 2317 MHz, 12481 MHz, 35
2026/09/27 05:08:32.407, 0, 0 %, 55891 MiB, 90.23 W, 2355 MHz, 12481 MHz, 36
2026/09/27 05:08:32.407, 1, 1 %, 55699 MiB, 90.81 W, 2317 MHz, 12481 MHz, 35
2026/09/27 05:08:32.657, 0, 0 %, 55891 MiB, 90.23 W, 2355 MHz, 12481 MHz, 36
2026/09/27 05:08:32.658, 1, 1 %, 55699 MiB, 90.94 W, 2317 MHz, 12481 MHz, 35
2026/09/27 05:08:32.908, 0, 0 %, 55891 MiB, 90.23 W, 2355 MHz, 12481 MHz, 36
2026/09/27 05:08:32.908, 1, 1 %, 55699 MiB, 91.13 W, 2317 MHz, 12481 MHz, 35
2026/09/27 05:08:33.158, 0, 0 %, 55891 MiB, 90.23 W, 2355 MHz, 12481 MHz, 36
2026/09/27 05:08:33.158, 1, 1 %, 55699 MiB, 91.42 W, 2317 MHz, 12481 MHz, 35
2026/09/27 05:08:33.408, 0, 0 %, 55891 MiB, 90.25 W, 2355 MHz, 12481 MHz, 36
2026/09/27 05:08:33.408, 1, 1 %, 55699 MiB, 91.55 W, 2317 MHz, 12481 MHz, 35
2026/09/27 05:08:33.658, 0, 0 %, 55891 MiB, 90.25 W, 2355 MHz, 12481 MHz, 36
2026/09/27 05:08:33.658, 1, 1 %, 55699 MiB, 91.69 W, 2317 MHz, 12481 MHz, 35
2026/09/27 05:08:33.908, 0, 0 %, 55891 MiB, 90.25 W, 2355 MHz, 12481 MHz, 36
2026/09/27 05:08:33.908, 1, 1 %, 55699 MiB, 91.66 W, 2317 MHz, 12481 MHz, 35
2026/09/27 05:08:34.158, 0, 0 %, 55891 MiB, 90.25 W, 2355 MHz, 12481 MHz, 36
2026/09/27 05:08:34.158, 1, 1 %, 55699 MiB, 91.53 W, 2317 MHz, 12481 MHz, 35
2026/09/27 05:08:34.408, 0, 0 %, 55891 MiB, 90.28 W, 2355 MHz, 12481 MHz, 36
2026/09/27 05:08:34.408, 1, 1 %, 55699 MiB, 91.43 W, 2317 MHz, 12481 MHz, 35
2026/09/27 05:08:34.659, 0, 0 %, 55891 MiB, 90.37 W, 2355 MHz, 12481 MHz, 36
2026/09/27 05:08:34.659, 1, 1 %, 55731 MiB, 91.23 W, 2317 MHz, 12481 MHz, 35
2026/09/27 05:08:34.909, 0, 0 %, 55891 MiB, 90.64 W, 2355 MHz, 12481 MHz, 36
2026/09/27 05:08:34.909, 1, 0 %, 55731 MiB, 91.03 W, 2317 MHz, 12481 MHz, 35
2026/09/27 05:08:35.159, 0, 0 %, 55891 MiB, 90.75 W, 2355 MHz, 12481 MHz, 36
2026/09/27 05:08:35.159, 1, 0 %, 55731 MiB, 90.76 W, 2317 MHz, 12481 MHz, 35
2026/09/27 05:08:35.409, 0, 0 %, 55891 MiB, 91.53 W, 2355 MHz, 12481 MHz, 36
2026/09/27 05:08:35.409, 1, 0 %, 55763 MiB, 90.69 W, 2317 MHz, 12481 MHz, 35
2026/09/27 05:08:35.659, 0, 0 %, 55891 MiB, 91.79 W, 2355 MHz, 12481 MHz, 36
2026/09/27 05:08:35.659, 1, 0 %, 55763 MiB, 90.51 W, 2317 MHz, 12481 MHz, 35
2026/09/27 05:08:35.909, 0, 0 %, 55891 MiB, 91.73 W, 2355 MHz, 12481 MHz, 36
2026/09/27 05:08:35.909, 1, 0 %, 55795 MiB, 90.54 W, 2317 MHz, 12481 MHz, 35
2026/09/27 05:08:36.159, 0, 0 %, 55891 MiB, 91.79 W, 2355 MHz, 12481 MHz, 36
2026/09/27 05:08:36.159, 1, 0 %, 55795 MiB, 90.61 W, 2317 MHz, 12481 MHz, 35
2026/09/27 05:08:36.409, 0, 0 %, 55891 MiB, 91.66 W, 2355 MHz, 12481 MHz, 36
2026/09/27 05:08:36.409, 1, 0 %, 55827 MiB, 90.62 W, 2317 MHz, 12481 MHz, 35
2026/09/27 05:08:36.659, 0, 0 %, 55891 MiB, 91.73 W, 2355 MHz, 12481 MHz, 36
2026/09/27 05:08:36.659, 1, 0 %, 55827 MiB, 90.91 W, 2317 MHz, 12481 MHz, 35
2026/09/27 05:08:36.909, 0, 0 %, 57619 MiB, 91.94 W, 2355 MHz, 12481 MHz, 36
2026/09/27 05:08:36.909, 1, 0 %, 55859 MiB, 91.11 W, 2317 MHz, 12481 MHz, 35
2026/09/27 05:08:37.160, 0, 1 %, 57619 MiB, 91.98 W, 2355 MHz, 12481 MHz, 36
2026/09/27 05:08:37.160, 1, 0 %, 55859 MiB, 91.31 W, 2317 MHz, 12481 MHz, 35
2026/09/27 05:08:37.410, 0, 1 %, 57619 MiB, 92.09 W, 2355 MHz, 12481 MHz, 36
2026/09/27 05:08:37.410, 1, 0 %, 55859 MiB, 91.41 W, 2317 MHz, 12481 MHz, 35
2026/09/27 05:08:37.660, 0, 1 %, 57619 MiB, 92.16 W, 2355 MHz, 12481 MHz, 36
2026/09/27 05:08:37.660, 1, 0 %, 55859 MiB, 91.31 W, 2317 MHz, 12481 MHz, 35
2026/09/27 05:08:37.910, 0, 1 %, 57619 MiB, 92.11 W, 2355 MHz, 12481 MHz, 36
2026/09/27 05:08:37.910, 1, 0 %, 55859 MiB, 91.23 W, 2317 MHz, 12481 MHz, 35
2026/09/27 05:08:38.160, 0, 1 %, 57619 MiB, 92.14 W, 2355 MHz, 12481 MHz, 36
2026/09/27 05:08:38.160, 1, 0 %, 55859 MiB, 91.23 W, 2317 MHz, 12481 MHz, 35
2026/09/27 05:08:38.410, 0, 1 %, 57619 MiB, 92.19 W, 2355 MHz, 12481 MHz, 36
2026/09/27 05:08:38.410, 1, 0 %, 55859 MiB, 91.23 W, 2317 MHz, 12481 MHz, 35
2026/09/27 05:08:38.660, 0, 1 %, 57619 MiB, 92.15 W, 2355 MHz, 12481 MHz, 36
2026/09/27 05:08:38.660, 1, 0 %, 55859 MiB, 91.23 W, 2317 MHz, 12481 MHz, 35
2026/09/27 05:08:38.910, 0, 1 %, 57619 MiB, 92.14 W, 2355 MHz, 12481 MHz, 36
2026/09/27 05:08:38.910, 1, 0 %, 55859 MiB, 90.89 W, 2317 MHz, 12481 MHz, 35
2026/09/27 05:08:39.160, 0, 1 %, 57619 MiB, 92.10 W, 2355 MHz, 12481 MHz, 36
2026/09/27 05:08:39.160, 1, 0 %, 55859 MiB, 90.89 W, 2317 MHz, 12481 MHz, 35
2026/09/27 05:08:39.411, 0, 1 %, 57619 MiB, 92.06 W, 2355 MHz, 12481 MHz, 36
2026/09/27 05:08:39.411, 1, 0 %, 55859 MiB, 90.89 W, 2317 MHz, 12481 MHz, 35
2026/09/27 05:08:39.661, 0, 1 %, 57619 MiB, 92.07 W, 2355 MHz, 12481 MHz, 36
2026/09/27 05:08:39.661, 1, 0 %, 55859 MiB, 90.89 W, 2317 MHz, 12481 MHz, 35
2026/09/27 05:08:39.911, 0, 1 %, 57619 MiB, 92.04 W, 2355 MHz, 12481 MHz, 36
2026/09/27 05:08:39.911, 1, 0 %, 55859 MiB, 91.38 W, 2317 MHz, 12481 MHz, 35
2026/09/27 05:08:40.161, 0, 1 %, 57619 MiB, 92.05 W, 2355 MHz, 12481 MHz, 36
2026/09/27 05:08:40.161, 1, 0 %, 55859 MiB, 91.38 W, 2317 MHz, 12481 MHz, 35
2026/09/27 05:08:40.411, 0, 1 %, 57619 MiB, 92.07 W, 2355 MHz, 12481 MHz, 36
2026/09/27 05:08:40.411, 1, 0 %, 55859 MiB, 91.38 W, 2317 MHz, 12481 MHz, 35
2026/09/27 05:08:40.661, 0, 1 %, 57619 MiB, 92.03 W, 2355 MHz, 12481 MHz, 36
2026/09/27 05:08:40.661, 1, 0 %, 55859 MiB, 91.38 W, 2317 MHz, 12481 MHz, 35
2026/09/27 05:08:40.911, 0, 1 %, 57619 MiB, 92.06 W, 2355 MHz, 12481 MHz, 36
2026/09/27 05:08:40.911, 1, 0 %, 55859 MiB, 91.38 W, 2317 MHz, 12481 MHz, 35
2026/09/27 05:08:41.161, 0, 1 %, 57619 MiB, 92.06 W, 2355 MHz, 12481 MHz, 36
2026/09/27 05:08:41.162, 1, 0 %, 55859 MiB, 91.38 W, 2317 MHz, 12481 MHz, 35
2026/09/27 05:08:41.412, 0, 1 %, 57619 MiB, 92.07 W, 2355 MHz, 12481 MHz, 36
2026/09/27 05:08:41.412, 1, 0 %, 55859 MiB, 91.38 W, 2317 MHz, 12481 MHz, 35
2026/09/27 05:08:41.662, 0, 1 %, 57619 MiB, 92.14 W, 2355 MHz, 12481 MHz, 36
2026/09/27 05:08:41.662, 1, 0 %, 55859 MiB, 91.38 W, 2317 MHz, 12481 MHz, 35
2026/09/27 05:08:41.912, 0, 1 %, 57619 MiB, 92.11 W, 2355 MHz, 12481 MHz, 36
2026/09/27 05:08:41.912, 1, 0 %, 55859 MiB, 90.89 W, 2317 MHz, 12481 MHz, 35
2026/09/27 05:08:42.162, 0, 1 %, 57619 MiB, 92.09 W, 2355 MHz, 12481 MHz, 36
2026/09/27 05:08:42.162, 1, 0 %, 55859 MiB, 90.89 W, 2317 MHz, 12481 MHz, 35
2026/09/27 05:08:42.412, 0, 0 %, 57619 MiB, 92.06 W, 2355 MHz, 12481 MHz, 36
2026/09/27 05:08:42.412, 1, 0 %, 55859 MiB, 90.89 W, 2317 MHz, 12481 MHz, 35
2026/09/27 05:08:42.662, 0, 0 %, 57619 MiB, 91.96 W, 2355 MHz, 12481 MHz, 36
2026/09/27 05:08:42.662, 1, 0 %, 55859 MiB, 90.89 W, 2317 MHz, 12481 MHz, 35
2026/09/27 05:08:42.912, 0, 0 %, 57651 MiB, 91.85 W, 2355 MHz, 12481 MHz, 36
2026/09/27 05:08:42.912, 1, 0 %, 55859 MiB, 90.37 W, 2317 MHz, 12481 MHz, 35
2026/09/27 05:08:43.163, 0, 0 %, 57651 MiB, 91.85 W, 2355 MHz, 12481 MHz, 36
2026/09/27 05:08:43.163, 1, 0 %, 55859 MiB, 90.41 W, 2317 MHz, 12481 MHz, 35
2026/09/27 05:08:43.413, 0, 0 %, 57651 MiB, 91.72 W, 2355 MHz, 12481 MHz, 36
2026/09/27 05:08:43.413, 1, 0 %, 55859 MiB, 90.43 W, 2317 MHz, 12481 MHz, 35
2026/09/27 05:08:43.663, 0, 0 %, 57683 MiB, 91.72 W, 2355 MHz, 12481 MHz, 36
2026/09/27 05:08:43.663, 1, 0 %, 55859 MiB, 90.50 W, 2317 MHz, 12481 MHz, 35
2026/09/27 05:08:43.913, 0, 1 %, 57683 MiB, 91.79 W, 2355 MHz, 12481 MHz, 36
2026/09/27 05:08:43.913, 1, 0 %, 55859 MiB, 90.75 W, 2317 MHz, 12481 MHz, 35
2026/09/27 05:08:44.163, 0, 0 %, 57683 MiB, 91.70 W, 2355 MHz, 12481 MHz, 36
2026/09/27 05:08:44.163, 1, 0 %, 55859 MiB, 91.03 W, 2317 MHz, 12481 MHz, 35
2026/09/27 05:08:44.413, 0, 0 %, 57715 MiB, 91.75 W, 2355 MHz, 12481 MHz, 36
2026/09/27 05:08:44.413, 1, 0 %, 55859 MiB, 91.16 W, 2317 MHz, 12481 MHz, 35
2026/09/27 05:08:44.663, 0, 0 %, 57715 MiB, 91.78 W, 2355 MHz, 12481 MHz, 36
2026/09/27 05:08:44.663, 1, 0 %, 55859 MiB, 91.29 W, 2317 MHz, 12481 MHz, 35
2026/09/27 05:08:44.913, 0, 0 %, 57715 MiB, 91.73 W, 2355 MHz, 12481 MHz, 36
2026/09/27 05:08:44.913, 1, 0 %, 55859 MiB, 91.25 W, 2317 MHz, 12481 MHz, 35
2026/09/27 05:08:45.163, 0, 0 %, 57747 MiB, 91.80 W, 2355 MHz, 12481 MHz, 36
2026/09/27 05:08:45.163, 1, 0 %, 55859 MiB, 91.18 W, 2317 MHz, 12481 MHz, 35
2026/09/27 05:08:45.413, 0, 0 %, 57747 MiB, 91.87 W, 2355 MHz, 12481 MHz, 36
2026/09/27 05:08:45.413, 1, 0 %, 55859 MiB, 91.09 W, 2317 MHz, 12481 MHz, 35
2026/09/27 05:08:45.664, 0, 0 %, 57779 MiB, 91.78 W, 2355 MHz, 12481 MHz, 36
2026/09/27 05:08:45.664, 1, 0 %, 55859 MiB, 90.93 W, 2317 MHz, 12481 MHz, 35
2026/09/27 05:08:45.914, 0, 0 %, 57779 MiB, 91.87 W, 2355 MHz, 12481 MHz, 36
2026/09/27 05:08:45.914, 1, 1 %, 57587 MiB, 91.21 W, 2317 MHz, 12481 MHz, 35
2026/09/27 05:08:46.164, 0, 0 %, 57779 MiB, 91.79 W, 2355 MHz, 12481 MHz, 36
2026/09/27 05:08:46.164, 1, 1 %, 57587 MiB, 91.12 W, 2317 MHz, 12481 MHz, 35
2026/09/27 05:08:46.414, 0, 0 %, 57779 MiB, 91.72 W, 2355 MHz, 12481 MHz, 36
2026/09/27 05:08:46.414, 1, 1 %, 57587 MiB, 91.10 W, 2317 MHz, 12481 MHz, 35
2026/09/27 05:08:46.664, 0, 0 %, 57779 MiB, 91.80 W, 2355 MHz, 12481 MHz, 36
2026/09/27 05:08:46.664, 1, 1 %, 57587 MiB, 91.12 W, 2317 MHz, 12481 MHz, 35
2026/09/27 05:08:46.914, 0, 0 %, 57779 MiB, 91.82 W, 2355 MHz, 12481 MHz, 36
2026/09/27 05:08:46.914, 1, 1 %, 57587 MiB, 90.82 W, 2317 MHz, 12481 MHz, 35
2026/09/27 05:08:47.164, 0, 0 %, 57779 MiB, 91.82 W, 2355 MHz, 12481 MHz, 36
2026/09/27 05:08:47.164, 1, 1 %, 57587 MiB, 90.90 W, 2317 MHz, 12481 MHz, 35
2026/09/27 05:08:47.414, 0, 0 %, 57779 MiB, 91.82 W, 2355 MHz, 12481 MHz, 36
2026/09/27 05:08:47.414, 1, 1 %, 57587 MiB, 91.09 W, 2317 MHz, 12481 MHz, 35
2026/09/27 05:08:47.664, 0, 0 %, 57779 MiB, 91.82 W, 2355 MHz, 12481 MHz, 36
2026/09/27 05:08:47.665, 1, 1 %, 57587 MiB, 91.39 W, 2317 MHz, 12481 MHz, 35
2026/09/27 05:08:47.915, 0, 0 %, 57779 MiB, 90.25 W, 2355 MHz, 12481 MHz, 36
2026/09/27 05:08:47.915, 1, 1 %, 57587 MiB, 91.53 W, 2317 MHz, 12481 MHz, 35
2026/09/27 05:08:48.165, 0, 0 %, 57779 MiB, 90.25 W, 2355 MHz, 12481 MHz, 36
2026/09/27 05:08:48.165, 1, 1 %, 57587 MiB, 91.74 W, 2317 MHz, 12481 MHz, 35
2026/09/27 05:08:48.415, 0, 0 %, 57779 MiB, 90.25 W, 2355 MHz, 12481 MHz, 36
2026/09/27 05:08:48.415, 1, 1 %, 57587 MiB, 91.70 W, 2317 MHz, 12481 MHz, 35
2026/09/27 05:08:48.665, 0, 0 %, 57779 MiB, 90.25 W, 2355 MHz, 12481 MHz, 36
2026/09/27 05:08:48.665, 1, 1 %, 57587 MiB, 91.53 W, 2317 MHz, 12481 MHz, 35
2026/09/27 05:08:48.915, 0, 0 %, 57779 MiB, 90.22 W, 2355 MHz, 12481 MHz, 36
2026/09/27 05:08:48.915, 1, 1 %, 57587 MiB, 91.45 W, 2317 MHz, 12481 MHz, 35
2026/09/27 05:08:49.165, 0, 0 %, 57779 MiB, 90.22 W, 2355 MHz, 12481 MHz, 36
2026/09/27 05:08:49.165, 1, 1 %, 57587 MiB, 91.29 W, 2317 MHz, 12481 MHz, 35
2026/09/27 05:08:49.415, 0, 0 %, 57779 MiB, 90.22 W, 2355 MHz, 12481 MHz, 36
2026/09/27 05:08:49.416, 1, 1 %, 57587 MiB, 91.17 W, 2317 MHz, 12481 MHz, 35
2026/09/27 05:08:49.666, 0, 0 %, 57779 MiB, 90.22 W, 2355 MHz, 12481 MHz, 36
2026/09/27 05:08:49.666, 1, 0 %, 57587 MiB, 91.02 W, 2317 MHz, 12481 MHz, 35
2026/09/27 05:08:49.916, 0, 0 %, 57779 MiB, 90.20 W, 2355 MHz, 12481 MHz, 36
2026/09/27 05:08:49.916, 1, 1 %, 57587 MiB, 90.91 W, 2317 MHz, 12481 MHz, 35
2026/09/27 05:08:50.166, 0, 0 %, 57779 MiB, 90.20 W, 2355 MHz, 12481 MHz, 36
2026/09/27 05:08:50.166, 1, 1 %, 57587 MiB, 90.78 W, 2317 MHz, 12481 MHz, 35
2026/09/27 05:08:50.416, 0, 0 %, 57779 MiB, 90.20 W, 2355 MHz, 12481 MHz, 36
2026/09/27 05:08:50.416, 1, 1 %, 57587 MiB, 90.79 W, 2317 MHz, 12481 MHz, 35
2026/09/27 05:08:50.666, 0, 0 %, 57779 MiB, 90.20 W, 2355 MHz, 12481 MHz, 36
2026/09/27 05:08:50.666, 1, 1 %, 57587 MiB, 90.89 W, 2317 MHz, 12481 MHz, 35
2026/09/27 05:08:50.916, 0, 0 %, 57779 MiB, 90.69 W, 2355 MHz, 12481 MHz, 36
2026/09/27 05:08:50.916, 1, 1 %, 57587 MiB, 91.00 W, 2317 MHz, 12481 MHz, 35
2026/09/27 05:08:51.166, 0, 0 %, 57779 MiB, 91.04 W, 2355 MHz, 12481 MHz, 36
2026/09/27 05:08:51.166, 1, 0 %, 57619 MiB, 91.28 W, 2317 MHz, 12481 MHz, 35
2026/09/27 05:08:51.417, 0, 0 %, 57779 MiB, 91.17 W, 2355 MHz, 12481 MHz, 36
2026/09/27 05:08:51.417, 1, 0 %, 57619 MiB, 91.37 W, 2317 MHz, 12481 MHz, 35
2026/09/27 05:08:51.667, 0, 0 %, 57779 MiB, 91.22 W, 2355 MHz, 12481 MHz, 36
2026/09/27 05:08:51.667, 1, 0 %, 57619 MiB, 91.46 W, 2317 MHz, 12481 MHz, 35
2026/09/27 05:08:51.917, 0, 0 %, 57779 MiB, 91.36 W, 2355 MHz, 12481 MHz, 36
2026/09/27 05:08:51.917, 1, 0 %, 57651 MiB, 91.43 W, 2317 MHz, 12481 MHz, 35
2026/09/27 05:08:52.167, 0, 0 %, 57779 MiB, 91.71 W, 2355 MHz, 12481 MHz, 36
2026/09/27 05:08:52.167, 1, 0 %, 57651 MiB, 91.30 W, 2317 MHz, 12481 MHz, 35
2026/09/27 05:08:52.417, 0, 0 %, 57779 MiB, 91.63 W, 2355 MHz, 12481 MHz, 36
2026/09/27 05:08:52.417, 1, 0 %, 57651 MiB, 91.25 W, 2317 MHz, 12481 MHz, 35
2026/09/27 05:08:52.667, 0, 0 %, 57779 MiB, 91.65 W, 2355 MHz, 12481 MHz, 36
2026/09/27 05:08:52.667, 1, 1 %, 57683 MiB, 91.11 W, 2317 MHz, 12481 MHz, 35
2026/09/27 05:08:52.917, 0, 0 %, 57779 MiB, 91.70 W, 2355 MHz, 12481 MHz, 36
2026/09/27 05:08:52.917, 1, 0 %, 57683 MiB, 90.99 W, 2317 MHz, 12481 MHz, 35
2026/09/27 05:08:53.167, 0, 0 %, 57779 MiB, 91.69 W, 2355 MHz, 12481 MHz, 36
2026/09/27 05:08:53.167, 1, 1 %, 57715 MiB, 90.78 W, 2317 MHz, 12481 MHz, 35
2026/09/27 05:08:53.418, 0, 0 %, 57779 MiB, 91.69 W, 2355 MHz, 12481 MHz, 36
2026/09/27 05:08:53.418, 1, 0 %, 57715 MiB, 90.63 W, 2317 MHz, 12481 MHz, 35
2026/09/27 05:08:53.668, 0, 1 %, 59507 MiB, 91.92 W, 2355 MHz, 12481 MHz, 36
2026/09/27 05:08:53.668, 1, 0 %, 57747 MiB, 90.54 W, 2317 MHz, 12481 MHz, 35
2026/09/27 05:08:53.918, 0, 1 %, 59507 MiB, 92.03 W, 2355 MHz, 12481 MHz, 36
2026/09/27 05:08:53.918, 1, 0 %, 57747 MiB, 90.49 W, 2317 MHz, 12481 MHz, 35
2026/09/27 05:08:54.168, 0, 1 %, 59507 MiB, 92.09 W, 2355 MHz, 12481 MHz, 36
2026/09/27 05:08:54.168, 1, 0 %, 57747 MiB, 90.51 W, 2317 MHz, 12481 MHz, 35
2026/09/27 05:08:54.418, 0, 1 %, 59507 MiB, 92.33 W, 2355 MHz, 12481 MHz, 36
2026/09/27 05:08:54.418, 1, 0 %, 57747 MiB, 90.59 W, 2317 MHz, 12481 MHz, 35
2026/09/27 05:08:54.668, 0, 1 %, 59507 MiB, 92.17 W, 2355 MHz, 12481 MHz, 36
2026/09/27 05:08:54.668, 1, 0 %, 57747 MiB, 90.77 W, 2317 MHz, 12481 MHz, 35
2026/09/27 05:08:54.918, 0, 1 %, 59507 MiB, 92.18 W, 2355 MHz, 12481 MHz, 36
2026/09/27 05:08:54.918, 1, 0 %, 57747 MiB, 90.77 W, 2317 MHz, 12481 MHz, 35
2026/09/27 05:08:55.168, 0, 1 %, 59507 MiB, 92.22 W, 2355 MHz, 12481 MHz, 36
2026/09/27 05:08:55.168, 1, 0 %, 57747 MiB, 90.77 W, 2317 MHz, 12481 MHz, 35
2026/09/27 05:08:55.418, 0, 1 %, 59507 MiB, 92.10 W, 2355 MHz, 12481 MHz, 36
2026/09/27 05:08:55.418, 1, 0 %, 57747 MiB, 90.77 W, 2317 MHz, 12481 MHz, 35
2026/09/27 05:08:55.669, 0, 1 %, 59507 MiB, 92.11 W, 2355 MHz, 12481 MHz, 36
2026/09/27 05:08:55.669, 1, 0 %, 57747 MiB, 90.42 W, 2317 MHz, 12481 MHz, 35
2026/09/27 05:08:55.919, 0, 1 %, 59507 MiB, 92.11 W, 2355 MHz, 12481 MHz, 36
2026/09/27 05:08:55.919, 1, 0 %, 57747 MiB, 90.42 W, 2317 MHz, 12481 MHz, 35
2026/09/27 05:08:56.169, 0, 1 %, 59507 MiB, 92.05 W, 2355 MHz, 12481 MHz, 36
2026/09/27 05:08:56.169, 1, 0 %, 57747 MiB, 90.42 W, 2317 MHz, 12481 MHz, 35
2026/09/27 05:08:56.419, 0, 1 %, 59507 MiB, 92.15 W, 2355 MHz, 12481 MHz, 36
2026/09/27 05:08:56.419, 1, 0 %, 57747 MiB, 90.42 W, 2317 MHz, 12481 MHz, 35
2026/09/27 05:08:56.669, 0, 1 %, 59507 MiB, 92.13 W, 2355 MHz, 12481 MHz, 36
2026/09/27 05:08:56.669, 1, 0 %, 57747 MiB, 89.42 W, 2317 MHz, 12481 MHz, 35
2026/09/27 05:08:56.919, 0, 1 %, 59507 MiB, 92.13 W, 2355 MHz, 12481 MHz, 36
2026/09/27 05:08:56.919, 1, 0 %, 57747 MiB, 89.42 W, 2317 MHz, 12481 MHz, 35
2026/09/27 05:08:57.169, 0, 1 %, 59507 MiB, 92.17 W, 2355 MHz, 12481 MHz, 36
2026/09/27 05:08:57.169, 1, 0 %, 57747 MiB, 89.42 W, 2317 MHz, 12481 MHz, 35
2026/09/27 05:08:57.419, 0, 1 %, 59507 MiB, 92.08 W, 2355 MHz, 12481 MHz, 36
2026/09/27 05:08:57.419, 1, 0 %, 57747 MiB, 89.42 W, 2317 MHz, 12481 MHz, 35
2026/09/27 05:08:57.669, 0, 1 %, 59507 MiB, 92.11 W, 2355 MHz, 12481 MHz, 36
2026/09/27 05:08:57.669, 1, 0 %, 57747 MiB, 89.18 W, 2317 MHz, 12481 MHz, 35
2026/09/27 05:08:57.919, 0, 1 %, 59507 MiB, 92.12 W, 2355 MHz, 12481 MHz, 36
2026/09/27 05:08:57.920, 1, 0 %, 57747 MiB, 89.18 W, 2317 MHz, 12481 MHz, 35
2026/09/27 05:08:58.170, 0, 1 %, 59507 MiB, 92.11 W, 2355 MHz, 12481 MHz, 36
2026/09/27 05:08:58.170, 1, 0 %, 57747 MiB, 89.18 W, 2317 MHz, 12481 MHz, 35
2026/09/27 05:08:58.420, 0, 1 %, 59507 MiB, 92.14 W, 2355 MHz, 12481 MHz, 36
2026/09/27 05:08:58.420, 1, 0 %, 57747 MiB, 89.18 W, 2317 MHz, 12481 MHz, 35
2026/09/27 05:08:58.670, 0, 1 %, 59507 MiB, 92.21 W, 2355 MHz, 12481 MHz, 36
2026/09/27 05:08:58.670, 1, 0 %, 57747 MiB, 89.67 W, 2317 MHz, 12481 MHz, 35
2026/09/27 05:08:58.920, 0, 1 %, 59507 MiB, 92.18 W, 2355 MHz, 12481 MHz, 36
2026/09/27 05:08:58.920, 1, 0 %, 57747 MiB, 89.67 W, 2317 MHz, 12481 MHz, 35
2026/09/27 05:08:59.170, 0, 1 %, 59507 MiB, 92.20 W, 2355 MHz, 12481 MHz, 36
2026/09/27 05:08:59.170, 1, 0 %, 57747 MiB, 89.67 W, 2317 MHz, 12481 MHz, 35
2026/09/27 05:08:59.420, 0, 0 %, 59507 MiB, 92.11 W, 2355 MHz, 12481 MHz, 36
2026/09/27 05:08:59.420, 1, 0 %, 57747 MiB, 89.67 W, 2317 MHz, 12481 MHz, 35
2026/09/27 05:08:59.671, 0, 0 %, 59507 MiB, 91.94 W, 2355 MHz, 12481 MHz, 36
2026/09/27 05:08:59.671, 1, 0 %, 57747 MiB, 89.91 W, 2317 MHz, 12481 MHz, 35
2026/09/27 05:08:59.921, 0, 0 %, 59507 MiB, 91.91 W, 2355 MHz, 12481 MHz, 36
2026/09/27 05:08:59.921, 1, 0 %, 57747 MiB, 89.91 W, 2317 MHz, 12481 MHz, 35
2026/09/27 05:09:00.171, 0, 0 %, 59507 MiB, 91.78 W, 2355 MHz, 12481 MHz, 36
2026/09/27 05:09:00.171, 1, 0 %, 57747 MiB, 89.91 W, 2317 MHz, 12481 MHz, 35
2026/09/27 05:09:00.421, 0, 1 %, 59539 MiB, 91.76 W, 2355 MHz, 12481 MHz, 36
2026/09/27 05:09:00.421, 1, 0 %, 57747 MiB, 89.73 W, 2317 MHz, 12481 MHz, 35
2026/09/27 05:09:00.671, 0, 0 %, 59539 MiB, 91.79 W, 2355 MHz, 12481 MHz, 36
2026/09/27 05:09:00.671, 1, 0 %, 57747 MiB, 89.75 W, 2317 MHz, 12481 MHz, 35
2026/09/27 05:09:00.921, 0, 0 %, 59539 MiB, 91.73 W, 2355 MHz, 12481 MHz, 36
2026/09/27 05:09:00.921, 1, 0 %, 57747 MiB, 89.83 W, 2317 MHz, 12481 MHz, 35
2026/09/27 05:09:01.171, 0, 0 %, 59539 MiB, 91.74 W, 2355 MHz, 12481 MHz, 36
2026/09/27 05:09:01.171, 1, 0 %, 57747 MiB, 89.92 W, 2317 MHz, 12481 MHz, 35
2026/09/27 05:09:01.422, 0, 1 %, 59571 MiB, 91.75 W, 2355 MHz, 12481 MHz, 36
2026/09/27 05:09:01.422, 1, 0 %, 57747 MiB, 90.39 W, 2317 MHz, 12481 MHz, 35
2026/09/27 05:09:01.672, 0, 0 %, 59571 MiB, 91.68 W, 2355 MHz, 12481 MHz, 36
2026/09/27 05:09:01.672, 1, 0 %, 57747 MiB, 90.44 W, 2317 MHz, 12481 MHz, 35
2026/09/27 05:09:01.922, 0, 0 %, 59571 MiB, 91.73 W, 2355 MHz, 12481 MHz, 36
2026/09/27 05:09:01.922, 1, 0 %, 57747 MiB, 90.64 W, 2317 MHz, 12481 MHz, 35
2026/09/27 05:09:02.172, 0, 0 %, 59603 MiB, 91.75 W, 2355 MHz, 12481 MHz, 36
2026/09/27 05:09:02.172, 1, 0 %, 57747 MiB, 90.97 W, 2317 MHz, 12481 MHz, 35
2026/09/27 05:09:02.422, 0, 0 %, 59635 MiB, 91.75 W, 2355 MHz, 12481 MHz, 36
2026/09/27 05:09:02.422, 1, 0 %, 57747 MiB, 91.12 W, 2317 MHz, 12481 MHz, 35
2026/09/27 05:09:02.672, 0, 0 %, 59635 MiB, 91.89 W, 2355 MHz, 12481 MHz, 36
2026/09/27 05:09:02.672, 1, 0 %, 59475 MiB, 91.51 W, 2317 MHz, 12481 MHz, 35
2026/09/27 05:09:02.922, 0, 0 %, 59635 MiB, 91.83 W, 2355 MHz, 12481 MHz, 36
2026/09/27 05:09:02.922, 1, 1 %, 59475 MiB, 91.53 W, 2317 MHz, 12481 MHz, 35
2026/09/27 05:09:03.172, 0, 0 %, 59635 MiB, 91.82 W, 2355 MHz, 12481 MHz, 36
2026/09/27 05:09:03.172, 1, 1 %, 59475 MiB, 91.50 W, 2317 MHz, 12481 MHz, 35
2026/09/27 05:09:03.422, 0, 0 %, 59635 MiB, 91.86 W, 2355 MHz, 12481 MHz, 36
2026/09/27 05:09:03.422, 1, 1 %, 59475 MiB, 91.47 W, 2317 MHz, 12481 MHz, 35
2026/09/27 05:09:03.673, 0, 0 %, 59635 MiB, 91.78 W, 2355 MHz, 12481 MHz, 36
2026/09/27 05:09:03.673, 1, 1 %, 59475 MiB, 91.21 W, 2317 MHz, 12481 MHz, 35
2026/09/27 05:09:03.923, 0, 0 %, 59635 MiB, 91.78 W, 2355 MHz, 12481 MHz, 36
2026/09/27 05:09:03.923, 1, 1 %, 59475 MiB, 91.11 W, 2317 MHz, 12481 MHz, 35
2026/09/27 05:09:04.173, 0, 0 %, 59635 MiB, 91.78 W, 2355 MHz, 12481 MHz, 36
2026/09/27 05:09:04.173, 1, 1 %, 59475 MiB, 90.91 W, 2317 MHz, 12481 MHz, 35
2026/09/27 05:09:04.423, 0, 0 %, 59635 MiB, 91.78 W, 2355 MHz, 12481 MHz, 36
2026/09/27 05:09:04.423, 1, 1 %, 59475 MiB, 90.79 W, 2317 MHz, 12481 MHz, 35
2026/09/27 05:09:04.673, 0, 0 %, 59635 MiB, 91.71 W, 2355 MHz, 12481 MHz, 36
2026/09/27 05:09:04.673, 1, 1 %, 59475 MiB, 90.73 W, 2317 MHz, 12481 MHz, 35
2026/09/27 05:09:04.923, 0, 0 %, 59635 MiB, 91.71 W, 2355 MHz, 12481 MHz, 36
2026/09/27 05:09:04.923, 1, 1 %, 59475 MiB, 90.70 W, 2317 MHz, 12481 MHz, 35
2026/09/27 05:09:05.173, 0, 0 %, 59635 MiB, 91.71 W, 2355 MHz, 12481 MHz, 36
2026/09/27 05:09:05.173, 1, 1 %, 59475 MiB, 90.78 W, 2317 MHz, 12481 MHz, 35
2026/09/27 05:09:05.423, 0, 0 %, 59635 MiB, 91.71 W, 2355 MHz, 12481 MHz, 36
2026/09/27 05:09:05.423, 1, 1 %, 59475 MiB, 90.94 W, 2317 MHz, 12481 MHz, 35
2026/09/27 05:09:05.673, 0, 0 %, 59635 MiB, 91.72 W, 2355 MHz, 12481 MHz, 36
2026/09/27 05:09:05.673, 1, 1 %, 59475 MiB, 91.25 W, 2317 MHz, 12481 MHz, 35
2026/09/27 05:09:05.923, 0, 0 %, 59635 MiB, 91.72 W, 2355 MHz, 12481 MHz, 36
2026/09/27 05:09:05.924, 1, 1 %, 59475 MiB, 91.46 W, 2317 MHz, 12481 MHz, 35
2026/09/27 05:09:06.174, 0, 0 %, 59635 MiB, 91.72 W, 2355 MHz, 12481 MHz, 36
2026/09/27 05:09:06.174, 1, 1 %, 59475 MiB, 91.65 W, 2317 MHz, 12481 MHz, 35
2026/09/27 05:09:06.424, 0, 0 %, 59635 MiB, 91.72 W, 2355 MHz, 12481 MHz, 36
2026/09/27 05:09:06.424, 1, 1 %, 59475 MiB, 91.70 W, 2317 MHz, 12481 MHz, 35
2026/09/27 05:09:06.674, 0, 0 %, 59635 MiB, 90.74 W, 2355 MHz, 12481 MHz, 36
2026/09/27 05:09:06.674, 1, 1 %, 59475 MiB, 91.59 W, 2317 MHz, 12481 MHz, 35
2026/09/27 05:09:06.924, 0, 0 %, 59635 MiB, 90.74 W, 2355 MHz, 12481 MHz, 36
2026/09/27 05:09:06.924, 1, 1 %, 59475 MiB, 91.50 W, 2317 MHz, 12481 MHz, 35
2026/09/27 05:09:07.174, 0, 0 %, 59635 MiB, 90.74 W, 2355 MHz, 12481 MHz, 36
2026/09/27 05:09:07.174, 1, 1 %, 59475 MiB, 91.33 W, 2317 MHz, 12481 MHz, 35
2026/09/27 05:09:07.424, 0, 0 %, 59635 MiB, 90.74 W, 2355 MHz, 12481 MHz, 36
2026/09/27 05:09:07.424, 1, 1 %, 59475 MiB, 91.17 W, 2317 MHz, 12481 MHz, 35
2026/09/27 05:09:07.674, 0, 0 %, 59635 MiB, 90.72 W, 2355 MHz, 12481 MHz, 36
2026/09/27 05:09:07.674, 1, 1 %, 59475 MiB, 90.97 W, 2317 MHz, 12481 MHz, 35
2026/09/27 05:09:07.924, 0, 0 %, 59635 MiB, 90.72 W, 2355 MHz, 12481 MHz, 36
2026/09/27 05:09:07.924, 1, 1 %, 59475 MiB, 90.83 W, 2317 MHz, 12481 MHz, 35
2026/09/27 05:09:08.175, 0, 0 %, 59635 MiB, 90.72 W, 2355 MHz, 12481 MHz, 36
2026/09/27 05:09:08.175, 1, 0 %, 59475 MiB, 90.57 W, 2317 MHz, 12481 MHz, 35
2026/09/27 05:09:08.425, 0, 0 %, 59635 MiB, 90.72 W, 2355 MHz, 12481 MHz, 36
2026/09/27 05:09:08.425, 1, 0 %, 59475 MiB, 90.45 W, 2317 MHz, 12481 MHz, 35
2026/09/27 05:09:08.675, 0, 0 %, 59635 MiB, 91.23 W, 2355 MHz, 12481 MHz, 36
2026/09/27 05:09:08.675, 1, 1 %, 59507 MiB, 90.40 W, 2317 MHz, 12481 MHz, 35
2026/09/27 05:09:08.925, 0, 0 %, 59635 MiB, 91.34 W, 2355 MHz, 12481 MHz, 36
2026/09/27 05:09:08.925, 1, 0 %, 59507 MiB, 90.43 W, 2317 MHz, 12481 MHz, 35
2026/09/27 05:09:09.175, 0, 0 %, 59635 MiB, 91.39 W, 2355 MHz, 12481 MHz, 36
2026/09/27 05:09:09.175, 1, 0 %, 59539 MiB, 90.75 W, 2317 MHz, 12481 MHz, 35
2026/09/27 05:09:09.425, 0, 0 %, 59635 MiB, 91.43 W, 2355 MHz, 12481 MHz, 36
2026/09/27 05:09:09.425, 1, 0 %, 59539 MiB, 91.00 W, 2317 MHz, 12481 MHz, 35
2026/09/27 05:09:09.675, 0, 0 %, 59635 MiB, 91.72 W, 2355 MHz, 12481 MHz, 36
2026/09/27 05:09:09.675, 1, 0 %, 59539 MiB, 91.22 W, 2317 MHz, 12481 MHz, 35
2026/09/27 05:09:09.925, 0, 0 %, 59635 MiB, 91.74 W, 2355 MHz, 12481 MHz, 36
2026/09/27 05:09:09.925, 1, 0 %, 59571 MiB, 91.36 W, 2317 MHz, 12481 MHz, 35
2026/09/27 05:09:10.176, 0, 0 %, 59635 MiB, 91.69 W, 2355 MHz, 12481 MHz, 36
2026/09/27 05:09:10.176, 1, 0 %, 59603 MiB, 91.32 W, 2317 MHz, 12481 MHz, 35
2026/09/27 05:09:10.426, 0, 2 %, 61363 MiB, 92.20 W, 2355 MHz, 12481 MHz, 36
2026/09/27 05:09:10.426, 1, 0 %, 59603 MiB, 91.27 W, 2317 MHz, 12481 MHz, 35
2026/09/27 05:09:10.676, 0, 0 %, 61363 MiB, 92.22 W, 2355 MHz, 12481 MHz, 36
2026/09/27 05:09:10.676, 1, 0 %, 59603 MiB, 91.11 W, 2317 MHz, 12481 MHz, 35
2026/09/27 05:09:10.926, 0, 1 %, 61363 MiB, 92.34 W, 2355 MHz, 12481 MHz, 36
2026/09/27 05:09:10.926, 1, 0 %, 59603 MiB, 91.00 W, 2317 MHz, 12481 MHz, 35
2026/09/27 05:09:11.176, 0, 1 %, 61363 MiB, 92.50 W, 2355 MHz, 12481 MHz, 36
2026/09/27 05:09:11.176, 1, 0 %, 59603 MiB, 90.77 W, 2317 MHz, 12481 MHz, 35
2026/09/27 05:09:11.426, 0, 1 %, 61363 MiB, 92.10 W, 2355 MHz, 12481 MHz, 36
2026/09/27 05:09:11.426, 1, 0 %, 59603 MiB, 90.68 W, 2317 MHz, 12481 MHz, 35
2026/09/27 05:09:11.676, 0, 1 %, 61363 MiB, 92.13 W, 2355 MHz, 12481 MHz, 36
2026/09/27 05:09:11.676, 1, 0 %, 59603 MiB, 90.68 W, 2317 MHz, 12481 MHz, 35
2026/09/27 05:09:11.926, 0, 1 %, 61363 MiB, 92.11 W, 2355 MHz, 12481 MHz, 36
2026/09/27 05:09:11.926, 1, 0 %, 59603 MiB, 90.68 W, 2317 MHz, 12481 MHz, 35
2026/09/27 05:09:12.177, 0, 1 %, 61363 MiB, 92.06 W, 2355 MHz, 12481 MHz, 36
2026/09/27 05:09:12.177, 1, 0 %, 59603 MiB, 90.68 W, 2317 MHz, 12481 MHz, 35
2026/09/27 05:09:12.427, 0, 1 %, 61363 MiB, 92.06 W, 2355 MHz, 12481 MHz, 36
2026/09/27 05:09:12.427, 1, 0 %, 59603 MiB, 88.44 W, 2317 MHz, 12481 MHz, 35
2026/09/27 05:09:12.678, 0, 1 %, 61363 MiB, 92.10 W, 2355 MHz, 12481 MHz, 36
2026/09/27 05:09:12.678, 1, 0 %, 59603 MiB, 88.44 W, 2317 MHz, 12481 MHz, 35
2026/09/27 05:09:12.928, 0, 1 %, 61363 MiB, 92.11 W, 2355 MHz, 12481 MHz, 36
2026/09/27 05:09:12.928, 1, 0 %, 59603 MiB, 88.44 W, 2317 MHz, 12481 MHz, 35
2026/09/27 05:09:13.178, 0, 1 %, 61363 MiB, 92.15 W, 2355 MHz, 12481 MHz, 36
2026/09/27 05:09:13.178, 1, 0 %, 59603 MiB, 88.44 W, 2317 MHz, 12481 MHz, 35
2026/09/27 05:09:13.428, 0, 1 %, 61363 MiB, 92.16 W, 2355 MHz, 12481 MHz, 36
2026/09/27 05:09:13.428, 1, 0 %, 59603 MiB, 88.96 W, 2317 MHz, 12481 MHz, 35
2026/09/27 05:09:13.678, 0, 1 %, 61363 MiB, 92.11 W, 2355 MHz, 12481 MHz, 36
2026/09/27 05:09:13.678, 1, 0 %, 59603 MiB, 88.96 W, 2317 MHz, 12481 MHz, 35
2026/09/27 05:09:13.928, 0, 1 %, 61363 MiB, 92.13 W, 2355 MHz, 12481 MHz, 36
2026/09/27 05:09:13.928, 1, 0 %, 59603 MiB, 88.96 W, 2317 MHz, 12481 MHz, 35
2026/09/27 05:09:14.178, 0, 1 %, 61363 MiB, 92.10 W, 2355 MHz, 12481 MHz, 36
2026/09/27 05:09:14.178, 1, 0 %, 59603 MiB, 88.96 W, 2317 MHz, 12481 MHz, 35
2026/09/27 05:09:14.429, 0, 1 %, 61363 MiB, 92.07 W, 2355 MHz, 12481 MHz, 36
2026/09/27 05:09:14.429, 1, 0 %, 59603 MiB, 88.93 W, 2317 MHz, 12481 MHz, 35
2026/09/27 05:09:14.679, 0, 1 %, 61363 MiB, 92.14 W, 2355 MHz, 12481 MHz, 36
2026/09/27 05:09:14.679, 1, 0 %, 59603 MiB, 88.93 W, 2317 MHz, 12481 MHz, 35
2026/09/27 05:09:14.929, 0, 1 %, 61363 MiB, 92.11 W, 2355 MHz, 12481 MHz, 36
2026/09/27 05:09:14.929, 1, 0 %, 59603 MiB, 88.93 W, 2317 MHz, 12481 MHz, 35
2026/09/27 05:09:15.179, 0, 1 %, 61363 MiB, 92.11 W, 2355 MHz, 12481 MHz, 36
2026/09/27 05:09:15.179, 1, 0 %, 59603 MiB, 88.93 W, 2317 MHz, 12481 MHz, 35
2026/09/27 05:09:15.429, 0, 1 %, 61363 MiB, 92.19 W, 2355 MHz, 12481 MHz, 36
2026/09/27 05:09:15.429, 1, 0 %, 59603 MiB, 88.44 W, 2317 MHz, 12481 MHz, 35
2026/09/27 05:09:15.679, 0, 1 %, 61363 MiB, 92.11 W, 2355 MHz, 12481 MHz, 36
2026/09/27 05:09:15.679, 1, 0 %, 59603 MiB, 88.44 W, 2317 MHz, 12481 MHz, 35
2026/09/27 05:09:15.929, 0, 0 %, 61363 MiB, 92.09 W, 2355 MHz, 12481 MHz, 36
2026/09/27 05:09:15.929, 1, 0 %, 59603 MiB, 88.44 W, 2317 MHz, 12481 MHz, 35
2026/09/27 05:09:16.179, 0, 0 %, 61395 MiB, 92.06 W, 2355 MHz, 12481 MHz, 36
2026/09/27 05:09:16.179, 1, 0 %, 59603 MiB, 89.02 W, 2317 MHz, 12481 MHz, 35
2026/09/27 05:09:16.429, 0, 0 %, 61395 MiB, 91.90 W, 2355 MHz, 12481 MHz, 36
2026/09/27 05:09:16.430, 1, 0 %, 59603 MiB, 90.00 W, 2317 MHz, 12481 MHz, 35
2026/09/27 05:09:16.680, 0, 0 %, 61395 MiB, 91.85 W, 2355 MHz, 12481 MHz, 36
2026/09/27 05:09:16.680, 1, 0 %, 59603 MiB, 90.31 W, 2317 MHz, 12481 MHz, 35
2026/09/27 05:09:16.930, 0, 0 %, 61395 MiB, 91.79 W, 2355 MHz, 12481 MHz, 36
2026/09/27 05:09:16.930, 1, 0 %, 59603 MiB, 90.44 W, 2317 MHz, 12481 MHz, 35
2026/09/27 05:09:17.180, 0, 0 %, 61427 MiB, 91.71 W, 2355 MHz, 12481 MHz, 36
2026/09/27 05:09:17.180, 1, 0 %, 59603 MiB, 91.19 W, 2317 MHz, 12481 MHz, 35
2026/09/27 05:09:17.430, 0, 0 %, 61427 MiB, 91.77 W, 2355 MHz, 12481 MHz, 36
2026/09/27 05:09:17.430, 1, 0 %, 59603 MiB, 91.16 W, 2317 MHz, 12481 MHz, 35
2026/09/27 05:09:17.680, 0, 0 %, 61427 MiB, 91.78 W, 2355 MHz, 12481 MHz, 36
2026/09/27 05:09:17.680, 1, 0 %, 59603 MiB, 91.02 W, 2317 MHz, 12481 MHz, 35
2026/09/27 05:09:17.930, 0, 0 %, 61459 MiB, 91.76 W, 2355 MHz, 12481 MHz, 36
2026/09/27 05:09:17.930, 1, 0 %, 59603 MiB, 90.90 W, 2317 MHz, 12481 MHz, 35
2026/09/27 05:09:18.180, 0, 0 %, 61459 MiB, 91.77 W, 2355 MHz, 12481 MHz, 36
2026/09/27 05:09:18.180, 1, 0 %, 59603 MiB, 90.86 W, 2317 MHz, 12481 MHz, 35
2026/09/27 05:09:18.431, 0, 0 %, 61459 MiB, 91.67 W, 2355 MHz, 12481 MHz, 36
2026/09/27 05:09:18.431, 1, 0 %, 59603 MiB, 90.72 W, 2317 MHz, 12481 MHz, 35
2026/09/27 05:09:18.681, 0, 1 %, 61491 MiB, 91.66 W, 2355 MHz, 12481 MHz, 36
2026/09/27 05:09:18.681, 1, 0 %, 59603 MiB, 90.58 W, 2317 MHz, 12481 MHz, 35
2026/09/27 05:09:18.931, 0, 0 %, 61523 MiB, 91.68 W, 2355 MHz, 12481 MHz, 36
2026/09/27 05:09:18.931, 1, 0 %, 59603 MiB, 90.50 W, 2317 MHz, 12481 MHz, 35
2026/09/27 05:09:19.181, 0, 0 %, 61523 MiB, 91.67 W, 2355 MHz, 12481 MHz, 36
2026/09/27 05:09:19.181, 1, 0 %, 59603 MiB, 90.37 W, 2317 MHz, 12481 MHz, 35
2026/09/27 05:09:19.431, 0, 0 %, 61523 MiB, 91.73 W, 2355 MHz, 12481 MHz, 36
2026/09/27 05:09:19.431, 1, 1 %, 61331 MiB, 90.62 W, 2317 MHz, 12481 MHz, 35
2026/09/27 05:09:19.681, 0, 0 %, 61523 MiB, 91.79 W, 2355 MHz, 12481 MHz, 36
2026/09/27 05:09:19.681, 1, 1 %, 61331 MiB, 90.76 W, 2317 MHz, 12481 MHz, 35
2026/09/27 05:09:19.931, 0, 0 %, 61523 MiB, 91.75 W, 2355 MHz, 12481 MHz, 36
2026/09/27 05:09:19.931, 1, 1 %, 61331 MiB, 90.94 W, 2317 MHz, 12481 MHz, 35
2026/09/27 05:09:20.181, 0, 0 %, 61523 MiB, 91.75 W, 2355 MHz, 12481 MHz, 36
2026/09/27 05:09:20.182, 1, 1 %, 61331 MiB, 91.35 W, 2317 MHz, 12481 MHz, 35
2026/09/27 05:09:20.432, 0, 0 %, 61523 MiB, 91.76 W, 2355 MHz, 12481 MHz, 36
2026/09/27 05:09:20.432, 1, 1 %, 61331 MiB, 91.39 W, 2317 MHz, 12481 MHz, 35
2026/09/27 05:09:20.682, 0, 0 %, 61523 MiB, 91.76 W, 2355 MHz, 12481 MHz, 36
2026/09/27 05:09:20.682, 1, 1 %, 61331 MiB, 91.61 W, 2317 MHz, 12481 MHz, 35
2026/09/27 05:09:20.932, 0, 0 %, 61523 MiB, 91.76 W, 2355 MHz, 12481 MHz, 36
2026/09/27 05:09:20.932, 1, 1 %, 61331 MiB, 91.68 W, 2317 MHz, 12481 MHz, 35
2026/09/27 05:09:21.182, 0, 0 %, 61523 MiB, 91.76 W, 2355 MHz, 12481 MHz, 36
2026/09/27 05:09:21.182, 1, 1 %, 61331 MiB, 91.60 W, 2317 MHz, 12481 MHz, 35
2026/09/27 05:09:21.432, 0, 0 %, 61523 MiB, 91.23 W, 2355 MHz, 12481 MHz, 36
2026/09/27 05:09:21.432, 1, 1 %, 61331 MiB, 91.50 W, 2317 MHz, 12481 MHz, 35
2026/09/27 05:09:21.682, 0, 0 %, 61523 MiB, 91.23 W, 2355 MHz, 12481 MHz, 36
2026/09/27 05:09:21.682, 1, 1 %, 61331 MiB, 91.32 W, 2317 MHz, 12481 MHz, 35
2026/09/27 05:09:21.932, 0, 0 %, 61523 MiB, 91.23 W, 2355 MHz, 12481 MHz, 36
2026/09/27 05:09:21.932, 1, 1 %, 61331 MiB, 91.19 W, 2317 MHz, 12481 MHz, 35
2026/09/27 05:09:22.182, 0, 0 %, 61523 MiB, 91.23 W, 2355 MHz, 12481 MHz, 36
2026/09/27 05:09:22.182, 1, 1 %, 61331 MiB, 91.04 W, 2317 MHz, 12481 MHz, 35
2026/09/27 05:09:22.433, 0, 0 %, 61523 MiB, 91.01 W, 2355 MHz, 12481 MHz, 36
2026/09/27 05:09:22.433, 1, 1 %, 61331 MiB, 90.96 W, 2317 MHz, 12481 MHz, 35
2026/09/27 05:09:22.683, 0, 0 %, 61523 MiB, 91.01 W, 2355 MHz, 12481 MHz, 36
2026/09/27 05:09:22.683, 1, 1 %, 61331 MiB, 90.86 W, 2317 MHz, 12481 MHz, 35
2026/09/27 05:09:22.933, 0, 0 %, 61523 MiB, 91.01 W, 2355 MHz, 12481 MHz, 36
2026/09/27 05:09:22.933, 1, 1 %, 61331 MiB, 90.83 W, 2317 MHz, 12481 MHz, 35
2026/09/27 05:09:23.183, 0, 0 %, 61523 MiB, 91.01 W, 2355 MHz, 12481 MHz, 36
2026/09/27 05:09:23.183, 1, 1 %, 61331 MiB, 90.85 W, 2317 MHz, 12481 MHz, 35
2026/09/27 05:09:23.433, 0, 0 %, 61523 MiB, 90.25 W, 2355 MHz, 12481 MHz, 36
2026/09/27 05:09:23.433, 1, 1 %, 61331 MiB, 90.87 W, 2317 MHz, 12481 MHz, 35
2026/09/27 05:09:23.683, 0, 0 %, 61523 MiB, 90.25 W, 2355 MHz, 12481 MHz, 36
2026/09/27 05:09:23.683, 1, 1 %, 61331 MiB, 91.12 W, 2317 MHz, 12481 MHz, 35
2026/09/27 05:09:23.933, 0, 0 %, 61523 MiB, 90.25 W, 2355 MHz, 12481 MHz, 36
2026/09/27 05:09:23.933, 1, 1 %, 61331 MiB, 91.32 W, 2317 MHz, 12481 MHz, 35
2026/09/27 05:09:24.183, 0, 0 %, 61523 MiB, 91.20 W, 2355 MHz, 12481 MHz, 36
2026/09/27 05:09:24.183, 1, 1 %, 61363 MiB, 91.55 W, 2317 MHz, 12481 MHz, 35
2026/09/27 05:09:24.433, 0, 0 %, 61523 MiB, 92.11 W, 2355 MHz, 12481 MHz, 36
2026/09/27 05:09:24.434, 1, 0 %, 61363 MiB, 91.61 W, 2317 MHz, 12481 MHz, 35
2026/09/27 05:09:24.684, 0, 0 %, 61523 MiB, 92.06 W, 2355 MHz, 12481 MHz, 36
2026/09/27 05:09:24.684, 1, 0 %, 61363 MiB, 91.50 W, 2317 MHz, 12481 MHz, 35
2026/09/27 05:09:24.934, 0, 0 %, 61523 MiB, 91.99 W, 2355 MHz, 12481 MHz, 36
2026/09/27 05:09:24.934, 1, 0 %, 61395 MiB, 91.33 W, 2317 MHz, 12481 MHz, 35
2026/09/27 05:09:25.184, 0, 0 %, 61523 MiB, 91.98 W, 2355 MHz, 12481 MHz, 36
2026/09/27 05:09:25.184, 1, 0 %, 61395 MiB, 91.13 W, 2317 MHz, 12481 MHz, 35
2026/09/27 05:09:25.434, 0, 0 %, 61523 MiB, 91.73 W, 2355 MHz, 12481 MHz, 36
2026/09/27 05:09:25.434, 1, 0 %, 61395 MiB, 91.01 W, 2317 MHz, 12481 MHz, 35
2026/09/27 05:09:25.684, 0, 0 %, 61523 MiB, 91.69 W, 2355 MHz, 12481 MHz, 36
2026/09/27 05:09:25.684, 1, 0 %, 61427 MiB, 90.82 W, 2317 MHz, 12481 MHz, 35
2026/09/27 05:09:25.934, 0, 0 %, 61523 MiB, 91.69 W, 2355 MHz, 12481 MHz, 36
2026/09/27 05:09:25.934, 1, 0 %, 61427 MiB, 90.70 W, 2317 MHz, 12481 MHz, 35
2026/09/27 05:09:26.184, 0, 0 %, 61523 MiB, 91.64 W, 2355 MHz, 12481 MHz, 36
2026/09/27 05:09:26.184, 1, 0 %, 61459 MiB, 90.50 W, 2317 MHz, 12481 MHz, 35
2026/09/27 05:09:26.434, 0, 0 %, 61523 MiB, 91.68 W, 2355 MHz, 12481 MHz, 36
2026/09/27 05:09:26.434, 1, 0 %, 61491 MiB, 90.46 W, 2317 MHz, 12481 MHz, 35
2026/09/27 05:09:26.685, 0, 0 %, 63251 MiB, 91.72 W, 2355 MHz, 12481 MHz, 36
2026/09/27 05:09:26.685, 1, 0 %, 61491 MiB, 90.43 W, 2317 MHz, 12481 MHz, 35
2026/09/27 05:09:26.935, 0, 1 %, 63251 MiB, 91.99 W, 2355 MHz, 12481 MHz, 36
2026/09/27 05:09:26.935, 1, 0 %, 61491 MiB, 90.51 W, 2317 MHz, 12481 MHz, 35
2026/09/27 05:09:27.185, 0, 1 %, 63251 MiB, 92.07 W, 2355 MHz, 12481 MHz, 36
2026/09/27 05:09:27.185, 1, 0 %, 61491 MiB, 90.61 W, 2317 MHz, 12481 MHz, 35
2026/09/27 05:09:27.435, 0, 1 %, 63251 MiB, 92.20 W, 2355 MHz, 12481 MHz, 36
2026/09/27 05:09:27.435, 1, 0 %, 61491 MiB, 90.79 W, 2317 MHz, 12481 MHz, 35
2026/09/27 05:09:27.685, 0, 1 %, 63251 MiB, 92.26 W, 2355 MHz, 12481 MHz, 36
2026/09/27 05:09:27.685, 1, 0 %, 61491 MiB, 91.07 W, 2317 MHz, 12481 MHz, 35
2026/09/27 05:09:27.935, 0, 1 %, 63251 MiB, 92.08 W, 2355 MHz, 12481 MHz, 36
2026/09/27 05:09:27.935, 1, 0 %, 61491 MiB, 91.07 W, 2317 MHz, 12481 MHz, 35
2026/09/27 05:09:28.185, 0, 1 %, 63251 MiB, 92.12 W, 2355 MHz, 12481 MHz, 36
2026/09/27 05:09:28.185, 1, 0 %, 61491 MiB, 91.07 W, 2317 MHz, 12481 MHz, 35
2026/09/27 05:09:28.436, 0, 1 %, 63251 MiB, 92.09 W, 2355 MHz, 12481 MHz, 36
2026/09/27 05:09:28.436, 1, 0 %, 61491 MiB, 91.07 W, 2317 MHz, 12481 MHz, 35
2026/09/27 05:09:28.686, 0, 1 %, 63251 MiB, 92.13 W, 2355 MHz, 12481 MHz, 36
2026/09/27 05:09:28.686, 1, 0 %, 61491 MiB, 88.93 W, 2317 MHz, 12481 MHz, 35
2026/09/27 05:09:28.936, 0, 1 %, 63251 MiB, 92.11 W, 2355 MHz, 12481 MHz, 36
2026/09/27 05:09:28.936, 1, 0 %, 61491 MiB, 88.93 W, 2317 MHz, 12481 MHz, 35
2026/09/27 05:09:29.186, 0, 1 %, 63251 MiB, 92.08 W, 2355 MHz, 12481 MHz, 36
2026/09/27 05:09:29.186, 1, 0 %, 61491 MiB, 88.93 W, 2317 MHz, 12481 MHz, 35
2026/09/27 05:09:29.436, 0, 1 %, 63251 MiB, 92.12 W, 2355 MHz, 12481 MHz, 36
2026/09/27 05:09:29.436, 1, 0 %, 61491 MiB, 88.93 W, 2317 MHz, 12481 MHz, 35
2026/09/27 05:09:29.686, 0, 1 %, 63251 MiB, 92.10 W, 2355 MHz, 12481 MHz, 36
2026/09/27 05:09:29.686, 1, 0 %, 61491 MiB, 88.93 W, 2317 MHz, 12481 MHz, 35
2026/09/27 05:09:29.936, 0, 1 %, 63251 MiB, 92.08 W, 2355 MHz, 12481 MHz, 36
2026/09/27 05:09:29.936, 1, 0 %, 61491 MiB, 88.93 W, 2317 MHz, 12481 MHz, 35
2026/09/27 05:09:30.186, 0, 1 %, 63251 MiB, 92.04 W, 2355 MHz, 12481 MHz, 36
2026/09/27 05:09:30.187, 1, 0 %, 61491 MiB, 88.93 W, 2317 MHz, 12481 MHz, 35
2026/09/27 05:09:30.437, 0, 1 %, 63251 MiB, 91.99 W, 2355 MHz, 12481 MHz, 36
2026/09/27 05:09:30.437, 1, 0 %, 61491 MiB, 88.93 W, 2317 MHz, 12481 MHz, 35
2026/09/27 05:09:30.687, 0, 1 %, 63251 MiB, 91.97 W, 2355 MHz, 12481 MHz, 36
2026/09/27 05:09:30.687, 1, 0 %, 61491 MiB, 88.44 W, 2317 MHz, 12481 MHz, 35
2026/09/27 05:09:30.937, 0, 1 %, 63251 MiB, 92.05 W, 2355 MHz, 12481 MHz, 36
2026/09/27 05:09:30.937, 1, 0 %, 61491 MiB, 88.44 W, 2317 MHz, 12481 MHz, 35
2026/09/27 05:09:31.187, 0, 1 %, 63251 MiB, 92.03 W, 2355 MHz, 12481 MHz, 36
2026/09/27 05:09:31.187, 1, 0 %, 61491 MiB, 88.44 W, 2317 MHz, 12481 MHz, 35
2026/09/27 05:09:31.437, 0, 1 %, 63251 MiB, 92.15 W, 2355 MHz, 12481 MHz, 36
2026/09/27 05:09:31.437, 1, 0 %, 61491 MiB, 88.44 W, 2317 MHz, 12481 MHz, 35
2026/09/27 05:09:31.687, 0, 1 %, 63251 MiB, 92.09 W, 2355 MHz, 12481 MHz, 36
2026/09/27 05:09:31.687, 1, 0 %, 61491 MiB, 89.91 W, 2317 MHz, 12481 MHz, 35
2026/09/27 05:09:31.937, 0, 1 %, 63251 MiB, 91.98 W, 2355 MHz, 12481 MHz, 36
2026/09/27 05:09:31.937, 1, 0 %, 61491 MiB, 89.91 W, 2317 MHz, 12481 MHz, 35
2026/09/27 05:09:32.187, 0, 0 %, 63283 MiB, 92.00 W, 2355 MHz, 12481 MHz, 36
2026/09/27 05:09:32.187, 1, 0 %, 61491 MiB, 89.99 W, 2317 MHz, 12481 MHz, 35
2026/09/27 05:09:32.437, 0, 0 %, 63283 MiB, 91.79 W, 2355 MHz, 12481 MHz, 36
2026/09/27 05:09:32.437, 1, 0 %, 61491 MiB, 90.10 W, 2317 MHz, 12481 MHz, 35
2026/09/27 05:09:32.687, 0, 0 %, 63283 MiB, 91.77 W, 2355 MHz, 12481 MHz, 36
2026/09/27 05:09:32.688, 1, 0 %, 61491 MiB, 90.20 W, 2317 MHz, 12481 MHz, 35
2026/09/27 05:09:32.938, 0, 0 %, 63315 MiB, 91.75 W, 2355 MHz, 12481 MHz, 36
2026/09/27 05:09:32.938, 1, 0 %, 61491 MiB, 90.48 W, 2317 MHz, 12481 MHz, 35
2026/09/27 05:09:33.188, 0, 0 %, 63315 MiB, 91.69 W, 2355 MHz, 12481 MHz, 36
2026/09/27 05:09:33.188, 1, 0 %, 61491 MiB, 90.63 W, 2317 MHz, 12481 MHz, 35
2026/09/27 05:09:33.438, 0, 0 %, 63315 MiB, 91.71 W, 2355 MHz, 12481 MHz, 36
2026/09/27 05:09:33.438, 1, 0 %, 61491 MiB, 90.53 W, 2317 MHz, 12481 MHz, 35
2026/09/27 05:09:33.688, 0, 1 %, 63347 MiB, 91.74 W, 2355 MHz, 12481 MHz, 36
2026/09/27 05:09:33.688, 1, 0 %, 61491 MiB, 90.44 W, 2317 MHz, 12481 MHz, 35
2026/09/27 05:09:33.938, 0, 0 %, 63347 MiB, 91.68 W, 2355 MHz, 12481 MHz, 36
2026/09/27 05:09:33.938, 1, 0 %, 61491 MiB, 90.43 W, 2317 MHz, 12481 MHz, 35
2026/09/27 05:09:34.188, 0, 0 %, 63379 MiB, 91.72 W, 2355 MHz, 12481 MHz, 36
2026/09/27 05:09:34.188, 1, 0 %, 61491 MiB, 90.47 W, 2317 MHz, 12481 MHz, 35
2026/09/27 05:09:34.438, 0, 0 %, 63379 MiB, 91.72 W, 2355 MHz, 12481 MHz, 36
2026/09/27 05:09:34.438, 1, 0 %, 61491 MiB, 90.52 W, 2317 MHz, 12481 MHz, 35
2026/09/27 05:09:34.688, 0, 0 %, 63411 MiB, 91.70 W, 2355 MHz, 12481 MHz, 36
2026/09/27 05:09:34.688, 1, 0 %, 63219 MiB, 91.05 W, 2317 MHz, 12481 MHz, 35
2026/09/27 05:09:34.938, 0, 0 %, 63411 MiB, 91.79 W, 2355 MHz, 12481 MHz, 36
2026/09/27 05:09:34.939, 1, 2 %, 63219 MiB, 91.43 W, 2317 MHz, 12481 MHz, 35
2026/09/27 05:09:35.189, 0, 0 %, 63411 MiB, 91.76 W, 2355 MHz, 12481 MHz, 36
2026/09/27 05:09:35.189, 1, 1 %, 63219 MiB, 91.79 W, 2317 MHz, 12481 MHz, 35
2026/09/27 05:09:35.439, 0, 0 %, 63411 MiB, 91.82 W, 2355 MHz, 12481 MHz, 36
2026/09/27 05:09:35.439, 1, 1 %, 63219 MiB, 92.06 W, 2317 MHz, 12481 MHz, 35
2026/09/27 05:09:35.689, 0, 0 %, 63411 MiB, 91.84 W, 2355 MHz, 12481 MHz, 36
2026/09/27 05:09:35.689, 1, 1 %, 63219 MiB, 92.12 W, 2317 MHz, 12481 MHz, 35
2026/09/27 05:09:35.939, 0, 0 %, 63411 MiB, 91.86 W, 2355 MHz, 12481 MHz, 36
2026/09/27 05:09:35.939, 1, 1 %, 63219 MiB, 91.67 W, 2317 MHz, 12481 MHz, 35
2026/09/27 05:09:36.189, 0, 0 %, 63411 MiB, 91.86 W, 2355 MHz, 12481 MHz, 36
2026/09/27 05:09:36.189, 1, 1 %, 63219 MiB, 91.53 W, 2317 MHz, 12481 MHz, 35
2026/09/27 05:09:36.439, 0, 0 %, 63411 MiB, 91.86 W, 2355 MHz, 12481 MHz, 36
2026/09/27 05:09:36.439, 1, 1 %, 63219 MiB, 91.31 W, 2317 MHz, 12481 MHz, 35
2026/09/27 05:09:36.689, 0, 0 %, 63411 MiB, 91.86 W, 2355 MHz, 12481 MHz, 36
2026/09/27 05:09:36.689, 1, 1 %, 63219 MiB, 91.10 W, 2317 MHz, 12481 MHz, 35
2026/09/27 05:09:36.939, 0, 0 %, 63411 MiB, 90.28 W, 2355 MHz, 12481 MHz, 36
2026/09/27 05:09:36.940, 1, 1 %, 63219 MiB, 90.99 W, 2317 MHz, 12481 MHz, 35
2026/09/27 05:09:37.190, 0, 0 %, 63411 MiB, 90.28 W, 2355 MHz, 12481 MHz, 36
2026/09/27 05:09:37.190, 1, 0 %, 63219 MiB, 90.74 W, 2317 MHz, 12481 MHz, 35
2026/09/27 05:09:37.440, 0, 0 %, 63411 MiB, 90.28 W, 2355 MHz, 12481 MHz, 36
2026/09/27 05:09:37.440, 1, 1 %, 63219 MiB, 90.69 W, 2317 MHz, 12481 MHz, 35
2026/09/27 05:09:37.690, 0, 0 %, 63411 MiB, 90.28 W, 2355 MHz, 12481 MHz, 36
2026/09/27 05:09:37.690, 1, 1 %, 63219 MiB, 90.69 W, 2317 MHz, 12481 MHz, 35
2026/09/27 05:09:37.940, 0, 0 %, 63411 MiB, 90.25 W, 2355 MHz, 12481 MHz, 36
2026/09/27 05:09:37.940, 1, 1 %, 63219 MiB, 90.74 W, 2317 MHz, 12481 MHz, 35
2026/09/27 05:09:38.190, 0, 0 %, 63411 MiB, 90.25 W, 2355 MHz, 12481 MHz, 36
2026/09/27 05:09:38.190, 1, 1 %, 63219 MiB, 91.00 W, 2317 MHz, 12481 MHz, 35
2026/09/27 05:09:38.440, 0, 0 %, 63411 MiB, 90.25 W, 2355 MHz, 12481 MHz, 36
2026/09/27 05:09:38.440, 1, 1 %, 63219 MiB, 91.20 W, 2317 MHz, 12481 MHz, 35
2026/09/27 05:09:38.690, 0, 0 %, 63411 MiB, 90.25 W, 2355 MHz, 12481 MHz, 36
2026/09/27 05:09:38.690, 1, 1 %, 63219 MiB, 91.47 W, 2317 MHz, 12481 MHz, 35
2026/09/27 05:09:38.940, 0, 0 %, 63411 MiB, 89.98 W, 2355 MHz, 12481 MHz, 36
2026/09/27 05:09:38.940, 1, 1 %, 63219 MiB, 91.62 W, 2317 MHz, 12481 MHz, 35
2026/09/27 05:09:39.191, 0, 0 %, 63411 MiB, 89.98 W, 2355 MHz, 12481 MHz, 36
2026/09/27 05:09:39.191, 1, 1 %, 63219 MiB, 91.75 W, 2317 MHz, 12481 MHz, 35
2026/09/27 05:09:39.441, 0, 0 %, 63411 MiB, 89.98 W, 2355 MHz, 12481 MHz, 36
2026/09/27 05:09:39.441, 1, 1 %, 63219 MiB, 91.68 W, 2317 MHz, 12481 MHz, 35
2026/09/27 05:09:39.691, 0, 0 %, 63411 MiB, 89.98 W, 2355 MHz, 12481 MHz, 36
2026/09/27 05:09:39.691, 1, 1 %, 63251 MiB, 91.54 W, 2317 MHz, 12481 MHz, 35
2026/09/27 05:09:39.941, 0, 0 %, 63411 MiB, 89.73 W, 2355 MHz, 12481 MHz, 36
2026/09/27 05:09:39.941, 1, 1 %, 63251 MiB, 91.40 W, 2317 MHz, 12481 MHz, 35
2026/09/27 05:09:40.191, 0, 0 %, 63411 MiB, 89.98 W, 2355 MHz, 12481 MHz, 36
2026/09/27 05:09:40.191, 1, 0 %, 63251 MiB, 91.07 W, 2317 MHz, 12481 MHz, 35
2026/09/27 05:09:40.441, 0, 0 %, 63411 MiB, 90.27 W, 2355 MHz, 12481 MHz, 36
2026/09/27 05:09:40.441, 1, 0 %, 63283 MiB, 90.90 W, 2317 MHz, 12481 MHz, 35
2026/09/27 05:09:40.691, 0, 0 %, 63411 MiB, 90.43 W, 2355 MHz, 12481 MHz, 36
2026/09/27 05:09:40.691, 1, 0 %, 63283 MiB, 90.66 W, 2317 MHz, 12481 MHz, 35
2026/09/27 05:09:40.941, 0, 0 %, 63411 MiB, 91.68 W, 2355 MHz, 12481 MHz, 36
2026/09/27 05:09:40.941, 1, 0 %, 63315 MiB, 90.53 W, 2317 MHz, 12481 MHz, 35
2026/09/27 05:09:41.191, 0, 0 %, 63411 MiB, 91.69 W, 2355 MHz, 12481 MHz, 36
2026/09/27 05:09:41.191, 1, 0 %, 63315 MiB, 90.48 W, 2317 MHz, 12481 MHz, 35
2026/09/27 05:09:41.441, 0, 0 %, 63411 MiB, 91.73 W, 2355 MHz, 12481 MHz, 36
2026/09/27 05:09:41.441, 1, 0 %, 63315 MiB, 90.49 W, 2317 MHz, 12481 MHz, 35
2026/09/27 05:09:41.692, 0, 0 %, 63411 MiB, 91.67 W, 2355 MHz, 12481 MHz, 36
2026/09/27 05:09:41.692, 1, 0 %, 63347 MiB, 90.54 W, 2317 MHz, 12481 MHz, 35
2026/09/27 05:09:41.942, 0, 0 %, 63411 MiB, 91.71 W, 2355 MHz, 12481 MHz, 36
2026/09/27 05:09:41.942, 1, 0 %, 63379 MiB, 90.76 W, 2317 MHz, 12481 MHz, 35
2026/09/27 05:09:42.192, 0, 0 %, 65139 MiB, 92.12 W, 2355 MHz, 12481 MHz, 36
2026/09/27 05:09:42.192, 1, 0 %, 63379 MiB, 91.11 W, 2317 MHz, 12481 MHz, 35
2026/09/27 05:09:42.442, 0, 1 %, 65139 MiB, 92.24 W, 2355 MHz, 12481 MHz, 36
2026/09/27 05:09:42.442, 1, 0 %, 63379 MiB, 91.24 W, 2317 MHz, 12481 MHz, 35
2026/09/27 05:09:42.692, 0, 1 %, 65139 MiB, 92.37 W, 2355 MHz, 12481 MHz, 36
2026/09/27 05:09:42.692, 1, 0 %, 63379 MiB, 91.46 W, 2317 MHz, 12481 MHz, 35
2026/09/27 05:09:42.942, 0, 1 %, 65139 MiB, 92.42 W, 2355 MHz, 12481 MHz, 36
2026/09/27 05:09:42.942, 1, 0 %, 63379 MiB, 91.40 W, 2317 MHz, 12481 MHz, 35
2026/09/27 05:09:43.192, 0, 1 %, 65139 MiB, 92.12 W, 2355 MHz, 12481 MHz, 36
2026/09/27 05:09:43.192, 1, 0 %, 63379 MiB, 91.37 W, 2317 MHz, 12481 MHz, 35
2026/09/27 05:09:43.442, 0, 1 %, 65139 MiB, 92.15 W, 2355 MHz, 12481 MHz, 36
2026/09/27 05:09:43.442, 1, 0 %, 63379 MiB, 91.37 W, 2317 MHz, 12481 MHz, 35
2026/09/27 05:09:43.692, 0, 1 %, 65139 MiB, 92.12 W, 2355 MHz, 12481 MHz, 36
2026/09/27 05:09:43.692, 1, 0 %, 63379 MiB, 91.37 W, 2317 MHz, 12481 MHz, 35
2026/09/27 05:09:43.943, 0, 1 %, 65139 MiB, 92.15 W, 2355 MHz, 12481 MHz, 36
2026/09/27 05:09:43.943, 1, 0 %, 63379 MiB, 91.37 W, 2317 MHz, 12481 MHz, 35
2026/09/27 05:09:44.193, 0, 1 %, 65139 MiB, 92.20 W, 2355 MHz, 12481 MHz, 36
2026/09/27 05:09:44.193, 1, 0 %, 63379 MiB, 88.93 W, 2317 MHz, 12481 MHz, 35
2026/09/27 05:09:44.443, 0, 1 %, 65139 MiB, 92.15 W, 2355 MHz, 12481 MHz, 36
2026/09/27 05:09:44.443, 1, 0 %, 63379 MiB, 88.93 W, 2317 MHz, 12481 MHz, 35
2026/09/27 05:09:44.693, 0, 1 %, 65139 MiB, 92.14 W, 2355 MHz, 12481 MHz, 36
2026/09/27 05:09:44.693, 1, 0 %, 63379 MiB, 88.93 W, 2317 MHz, 12481 MHz, 35
2026/09/27 05:09:44.943, 0, 1 %, 65139 MiB, 92.14 W, 2355 MHz, 12481 MHz, 36
2026/09/27 05:09:44.943, 1, 0 %, 63379 MiB, 88.93 W, 2317 MHz, 12481 MHz, 35
2026/09/27 05:09:45.193, 0, 1 %, 65139 MiB, 92.08 W, 2355 MHz, 12481 MHz, 36
2026/09/27 05:09:45.193, 1, 0 %, 63379 MiB, 88.69 W, 2317 MHz, 12481 MHz, 35
2026/09/27 05:09:45.443, 0, 1 %, 65139 MiB, 92.14 W, 2355 MHz, 12481 MHz, 36
2026/09/27 05:09:45.443, 1, 0 %, 63379 MiB, 88.69 W, 2317 MHz, 12481 MHz, 35
2026/09/27 05:09:45.694, 0, 1 %, 65139 MiB, 92.11 W, 2355 MHz, 12481 MHz, 36
2026/09/27 05:09:45.694, 1, 0 %, 63379 MiB, 88.69 W, 2317 MHz, 12481 MHz, 35
2026/09/27 05:09:45.944, 0, 1 %, 65139 MiB, 92.13 W, 2355 MHz, 12481 MHz, 36
2026/09/27 05:09:45.944, 1, 0 %, 63379 MiB, 88.69 W, 2317 MHz, 12481 MHz, 35
2026/09/27 05:09:46.194, 0, 1 %, 65139 MiB, 92.14 W, 2355 MHz, 12481 MHz, 36
2026/09/27 05:09:46.194, 1, 0 %, 63379 MiB, 88.93 W, 2317 MHz, 12481 MHz, 35
2026/09/27 05:09:46.444, 0, 1 %, 65139 MiB, 92.12 W, 2355 MHz, 12481 MHz, 36
2026/09/27 05:09:46.444, 1, 0 %, 63379 MiB, 88.93 W, 2317 MHz, 12481 MHz, 35
2026/09/27 05:09:46.694, 0, 1 %, 65139 MiB, 92.14 W, 2355 MHz, 12481 MHz, 36
2026/09/27 05:09:46.694, 1, 0 %, 63379 MiB, 88.93 W, 2317 MHz, 12481 MHz, 35
2026/09/27 05:09:46.944, 0, 1 %, 65139 MiB, 92.22 W, 2355 MHz, 12481 MHz, 36
2026/09/27 05:09:46.944, 1, 0 %, 63379 MiB, 88.93 W, 2317 MHz, 12481 MHz, 35
2026/09/27 05:09:47.194, 0, 1 %, 65139 MiB, 92.17 W, 2355 MHz, 12481 MHz, 36
2026/09/27 05:09:47.194, 1, 0 %, 63379 MiB, 89.17 W, 2317 MHz, 12481 MHz, 35
2026/09/27 05:09:47.444, 0, 0 %, 65139 MiB, 92.03 W, 2355 MHz, 12481 MHz, 36
2026/09/27 05:09:47.444, 1, 0 %, 63379 MiB, 89.17 W, 2317 MHz, 12481 MHz, 35
2026/09/27 05:09:47.695, 0, 0 %, 65171 MiB, 91.99 W, 2355 MHz, 12481 MHz, 36
2026/09/27 05:09:47.695, 1, 0 %, 63379 MiB, 89.17 W, 2317 MHz, 12481 MHz, 35
2026/09/27 05:09:47.945, 0, 0 %, 65171 MiB, 91.75 W, 2355 MHz, 12481 MHz, 36
2026/09/27 05:09:47.945, 1, 0 %, 63379 MiB, 89.25 W, 2317 MHz, 12481 MHz, 35
2026/09/27 05:09:48.195, 0, 0 %, 65171 MiB, 91.72 W, 2355 MHz, 12481 MHz, 36
2026/09/27 05:09:48.195, 1, 0 %, 63379 MiB, 89.78 W, 2317 MHz, 12481 MHz, 35
2026/09/27 05:09:48.445, 0, 0 %, 65171 MiB, 91.76 W, 2355 MHz, 12481 MHz, 36
2026/09/27 05:09:48.445, 1, 0 %, 63379 MiB, 89.88 W, 2317 MHz, 12481 MHz, 35
2026/09/27 05:09:48.695, 0, 1 %, 65203 MiB, 91.76 W, 2355 MHz, 12481 MHz, 36
2026/09/27 05:09:48.695, 1, 0 %, 63379 MiB, 89.99 W, 2317 MHz, 12481 MHz, 35
2026/09/27 05:09:48.945, 0, 0 %, 65203 MiB, 91.84 W, 2355 MHz, 12481 MHz, 36
2026/09/27 05:09:48.945, 1, 0 %, 63379 MiB, 90.45 W, 2317 MHz, 12481 MHz, 35
2026/09/27 05:09:49.195, 0, 0 %, 65203 MiB, 91.81 W, 2355 MHz, 12481 MHz, 36
2026/09/27 05:09:49.195, 1, 0 %, 63379 MiB, 90.75 W, 2317 MHz, 12481 MHz, 35
2026/09/27 05:09:49.446, 0, 0 %, 65235 MiB, 91.75 W, 2355 MHz, 12481 MHz, 36
2026/09/27 05:09:49.446, 1, 0 %, 63379 MiB, 90.96 W, 2317 MHz, 12481 MHz, 35
2026/09/27 05:09:49.696, 0, 0 %, 65235 MiB, 91.79 W, 2355 MHz, 12481 MHz, 36
2026/09/27 05:09:49.696, 1, 0 %, 63379 MiB, 91.18 W, 2317 MHz, 12481 MHz, 35
2026/09/27 05:09:49.946, 0, 0 %, 65267 MiB, 91.70 W, 2355 MHz, 12481 MHz, 36
2026/09/27 05:09:49.946, 1, 0 %, 63379 MiB, 91.34 W, 2317 MHz, 12481 MHz, 35
2026/09/27 05:09:50.196, 0, 1 %, 65267 MiB, 91.73 W, 2355 MHz, 12481 MHz, 36
2026/09/27 05:09:50.196, 1, 0 %, 63379 MiB, 91.32 W, 2317 MHz, 12481 MHz, 35
2026/09/27 05:09:50.446, 0, 0 %, 65267 MiB, 91.77 W, 2355 MHz, 12481 MHz, 36
2026/09/27 05:09:50.446, 1, 0 %, 63379 MiB, 91.22 W, 2317 MHz, 12481 MHz, 35
2026/09/27 05:09:50.696, 0, 0 %, 65299 MiB, 91.74 W, 2355 MHz, 12481 MHz, 36
2026/09/27 05:09:50.696, 1, 1 %, 65107 MiB, 91.39 W, 2317 MHz, 12481 MHz, 35
2026/09/27 05:09:50.946, 0, 0 %, 65299 MiB, 91.78 W, 2355 MHz, 12481 MHz, 36
2026/09/27 05:09:50.946, 1, 1 %, 65107 MiB, 91.37 W, 2317 MHz, 12481 MHz, 35
2026/09/27 05:09:51.196, 0, 0 %, 65299 MiB, 91.76 W, 2355 MHz, 12481 MHz, 36
2026/09/27 05:09:51.196, 1, 1 %, 65107 MiB, 91.25 W, 2317 MHz, 12481 MHz, 35
2026/09/27 05:09:51.446, 0, 0 %, 65299 MiB, 91.73 W, 2355 MHz, 12481 MHz, 36
2026/09/27 05:09:51.446, 1, 1 %, 65107 MiB, 91.24 W, 2317 MHz, 12481 MHz, 35
2026/09/27 05:09:51.696, 0, 0 %, 65299 MiB, 91.69 W, 2355 MHz, 12481 MHz, 36
2026/09/27 05:09:51.696, 1, 1 %, 65107 MiB, 90.91 W, 2317 MHz, 12481 MHz, 35
2026/09/27 05:09:51.947, 0, 0 %, 65299 MiB, 91.69 W, 2355 MHz, 12481 MHz, 36
2026/09/27 05:09:51.947, 1, 1 %, 65107 MiB, 90.81 W, 2317 MHz, 12481 MHz, 35
2026/09/27 05:09:52.197, 0, 0 %, 65299 MiB, 91.69 W, 2355 MHz, 12481 MHz, 36
2026/09/27 05:09:52.197, 1, 1 %, 65107 MiB, 90.79 W, 2317 MHz, 12481 MHz, 35
2026/09/27 05:09:52.447, 0, 0 %, 65299 MiB, 91.69 W, 2355 MHz, 12481 MHz, 36
2026/09/27 05:09:52.447, 1, 1 %, 65107 MiB, 90.81 W, 2317 MHz, 12481 MHz, 35
2026/09/27 05:09:52.697, 0, 0 %, 65299 MiB, 90.25 W, 2355 MHz, 12481 MHz, 36
2026/09/27 05:09:52.697, 1, 1 %, 65107 MiB, 90.96 W, 2317 MHz, 12481 MHz, 35
2026/09/27 05:09:52.947, 0, 0 %, 65299 MiB, 90.25 W, 2355 MHz, 12481 MHz, 36
2026/09/27 05:09:52.947, 1, 1 %, 65107 MiB, 91.15 W, 2317 MHz, 12481 MHz, 35
2026/09/27 05:09:53.197, 0, 0 %, 65299 MiB, 90.25 W, 2355 MHz, 12481 MHz, 36
2026/09/27 05:09:53.197, 1, 1 %, 65107 MiB, 91.47 W, 2317 MHz, 12481 MHz, 35
2026/09/27 05:09:53.447, 0, 0 %, 65299 MiB, 90.25 W, 2355 MHz, 12481 MHz, 36
2026/09/27 05:09:53.447, 1, 1 %, 65107 MiB, 91.59 W, 2317 MHz, 12481 MHz, 35
2026/09/27 05:09:53.697, 0, 0 %, 65299 MiB, 91.23 W, 2355 MHz, 12481 MHz, 36
2026/09/27 05:09:53.698, 1, 1 %, 65107 MiB, 91.71 W, 2317 MHz, 12481 MHz, 35
2026/09/27 05:09:53.948, 0, 0 %, 65299 MiB, 91.23 W, 2355 MHz, 12481 MHz, 36
2026/09/27 05:09:53.948, 1, 1 %, 65107 MiB, 91.65 W, 2317 MHz, 12481 MHz, 35
2026/09/27 05:09:54.198, 0, 0 %, 65299 MiB, 91.23 W, 2355 MHz, 12481 MHz, 36
2026/09/27 05:09:54.198, 1, 1 %, 65107 MiB, 91.54 W, 2317 MHz, 12481 MHz, 35
2026/09/27 05:09:54.448, 0, 0 %, 65299 MiB, 91.23 W, 2355 MHz, 12481 MHz, 36
2026/09/27 05:09:54.448, 1, 1 %, 65107 MiB, 91.44 W, 2317 MHz, 12481 MHz, 35
2026/09/27 05:09:54.698, 0, 0 %, 65299 MiB, 90.99 W, 2355 MHz, 12481 MHz, 36
2026/09/27 05:09:54.698, 1, 1 %, 65107 MiB, 91.25 W, 2317 MHz, 12481 MHz, 35
2026/09/27 05:09:54.948, 0, 0 %, 65299 MiB, 90.99 W, 2355 MHz, 12481 MHz, 36
2026/09/27 05:09:54.948, 1, 1 %, 65107 MiB, 91.13 W, 2317 MHz, 12481 MHz, 35
2026/09/27 05:09:55.198, 0, 0 %, 65299 MiB, 90.99 W, 2355 MHz, 12481 MHz, 36
2026/09/27 05:09:55.198, 1, 1 %, 65107 MiB, 90.96 W, 2317 MHz, 12481 MHz, 35
2026/09/27 05:09:55.448, 0, 0 %, 65299 MiB, 90.99 W, 2355 MHz, 12481 MHz, 36
2026/09/27 05:09:55.448, 1, 1 %, 65107 MiB, 90.87 W, 2317 MHz, 12481 MHz, 35
2026/09/27 05:09:55.698, 0, 0 %, 65299 MiB, 90.20 W, 2355 MHz, 12481 MHz, 36
2026/09/27 05:09:55.699, 1, 1 %, 65139 MiB, 90.80 W, 2317 MHz, 12481 MHz, 35
2026/09/27 05:09:55.949, 0, 0 %, 65299 MiB, 90.62 W, 2355 MHz, 12481 MHz, 36
2026/09/27 05:09:55.949, 1, 0 %, 65139 MiB, 90.74 W, 2317 MHz, 12481 MHz, 35
2026/09/27 05:09:56.199, 0, 0 %, 65299 MiB, 90.74 W, 2355 MHz, 12481 MHz, 36
2026/09/27 05:09:56.199, 1, 0 %, 65139 MiB, 90.71 W, 2317 MHz, 12481 MHz, 35
2026/09/27 05:09:56.449, 0, 0 %, 65299 MiB, 90.87 W, 2355 MHz, 12481 MHz, 36
2026/09/27 05:09:56.449, 1, 0 %, 65171 MiB, 90.81 W, 2317 MHz, 12481 MHz, 35
2026/09/27 05:09:56.699, 0, 0 %, 65299 MiB, 91.64 W, 2355 MHz, 12481 MHz, 36
2026/09/27 05:09:56.699, 1, 0 %, 65171 MiB, 91.09 W, 2317 MHz, 12481 MHz, 35
2026/09/27 05:09:56.949, 0, 0 %, 65299 MiB, 91.62 W, 2355 MHz, 12481 MHz, 36
2026/09/27 05:09:56.949, 1, 0 %, 65171 MiB, 91.21 W, 2317 MHz, 12481 MHz, 35
2026/09/27 05:09:57.199, 0, 0 %, 65299 MiB, 91.64 W, 2355 MHz, 12481 MHz, 36
2026/09/27 05:09:57.199, 1, 1 %, 65203 MiB, 91.45 W, 2317 MHz, 12481 MHz, 35
2026/09/27 05:09:57.449, 0, 0 %, 65299 MiB, 91.71 W, 2355 MHz, 12481 MHz, 36
2026/09/27 05:09:57.449, 1, 0 %, 65203 MiB, 91.45 W, 2317 MHz, 12481 MHz, 35
2026/09/27 05:09:57.699, 0, 0 %, 65299 MiB, 91.65 W, 2355 MHz, 12481 MHz, 36
2026/09/27 05:09:57.699, 1, 0 %, 65203 MiB, 91.28 W, 2317 MHz, 12481 MHz, 35
2026/09/27 05:09:57.950, 0, 0 %, 65299 MiB, 91.72 W, 2355 MHz, 12481 MHz, 36
2026/09/27 05:09:57.950, 1, 1 %, 65235 MiB, 91.20 W, 2317 MHz, 12481 MHz, 35
2026/09/27 05:09:58.200, 0, 0 %, 67027 MiB, 91.76 W, 2355 MHz, 12481 MHz, 36
2026/09/27 05:09:58.200, 1, 0 %, 65267 MiB, 90.99 W, 2317 MHz, 12481 MHz, 35
2026/09/27 05:09:58.450, 0, 1 %, 67027 MiB, 92.06 W, 2355 MHz, 12481 MHz, 36
2026/09/27 05:09:58.450, 1, 0 %, 65267 MiB, 90.90 W, 2317 MHz, 12481 MHz, 35
2026/09/27 05:09:58.700, 0, 1 %, 67027 MiB, 92.20 W, 2355 MHz, 12481 MHz, 36
2026/09/27 05:09:58.700, 1, 0 %, 65267 MiB, 90.72 W, 2317 MHz, 12481 MHz, 35
2026/09/27 05:09:58.950, 0, 1 %, 67027 MiB, 92.32 W, 2355 MHz, 12481 MHz, 36
2026/09/27 05:09:58.950, 1, 0 %, 65267 MiB, 90.61 W, 2317 MHz, 12481 MHz, 35
2026/09/27 05:09:59.200, 0, 1 %, 67027 MiB, 92.40 W, 2355 MHz, 12481 MHz, 36
2026/09/27 05:09:59.200, 1, 0 %, 65267 MiB, 90.47 W, 2317 MHz, 12481 MHz, 35
2026/09/27 05:09:59.450, 0, 1 %, 67027 MiB, 92.26 W, 2355 MHz, 12481 MHz, 36
2026/09/27 05:09:59.450, 1, 0 %, 65267 MiB, 90.46 W, 2317 MHz, 12481 MHz, 35
2026/09/27 05:09:59.700, 0, 1 %, 67027 MiB, 92.19 W, 2355 MHz, 12481 MHz, 36
2026/09/27 05:09:59.700, 1, 0 %, 65267 MiB, 90.46 W, 2317 MHz, 12481 MHz, 35
2026/09/27 05:09:59.950, 0, 1 %, 67027 MiB, 92.12 W, 2355 MHz, 12481 MHz, 36
2026/09/27 05:09:59.950, 1, 0 %, 65267 MiB, 90.46 W, 2317 MHz, 12481 MHz, 35
2026/09/27 05:10:00.201, 0, 1 %, 67027 MiB, 92.13 W, 2355 MHz, 12481 MHz, 36
2026/09/27 05:10:00.201, 1, 0 %, 65267 MiB, 90.46 W, 2317 MHz, 12481 MHz, 35
2026/09/27 05:10:00.451, 0, 1 %, 67027 MiB, 92.04 W, 2355 MHz, 12481 MHz, 36
2026/09/27 05:10:00.451, 1, 0 %, 65267 MiB, 89.91 W, 2317 MHz, 12481 MHz, 35
2026/09/27 05:10:00.701, 0, 1 %, 67027 MiB, 92.06 W, 2355 MHz, 12481 MHz, 36
2026/09/27 05:10:00.701, 1, 0 %, 65267 MiB, 89.91 W, 2317 MHz, 12481 MHz, 35
2026/09/27 05:10:00.951, 0, 1 %, 67027 MiB, 92.11 W, 2355 MHz, 12481 MHz, 36
2026/09/27 05:10:00.951, 1, 0 %, 65267 MiB, 89.91 W, 2317 MHz, 12481 MHz, 35
2026/09/27 05:10:01.201, 0, 1 %, 67027 MiB, 92.09 W, 2355 MHz, 12481 MHz, 36
2026/09/27 05:10:01.201, 1, 0 %, 65267 MiB, 89.91 W, 2317 MHz, 12481 MHz, 35
2026/09/27 05:10:01.451, 0, 1 %, 67027 MiB, 92.15 W, 2355 MHz, 12481 MHz, 36
2026/09/27 05:10:01.451, 1, 0 %, 65267 MiB, 89.47 W, 2317 MHz, 12481 MHz, 35
2026/09/27 05:10:01.701, 0, 1 %, 67027 MiB, 92.17 W, 2355 MHz, 12481 MHz, 36
2026/09/27 05:10:01.701, 1, 0 %, 65267 MiB, 89.47 W, 2317 MHz, 12481 MHz, 35
2026/09/27 05:10:01.951, 0, 1 %, 67027 MiB, 92.17 W, 2355 MHz, 12481 MHz, 36
2026/09/27 05:10:01.951, 1, 0 %, 65267 MiB, 89.47 W, 2317 MHz, 12481 MHz, 35
2026/09/27 05:10:02.202, 0, 1 %, 67027 MiB, 92.17 W, 2355 MHz, 12481 MHz, 36
2026/09/27 05:10:02.202, 1, 0 %, 65267 MiB, 89.47 W, 2317 MHz, 12481 MHz, 35
2026/09/27 05:10:02.452, 0, 1 %, 67027 MiB, 92.17 W, 2355 MHz, 12481 MHz, 36
2026/09/27 05:10:02.452, 1, 0 %, 65267 MiB, 89.18 W, 2317 MHz, 12481 MHz, 35
2026/09/27 05:10:02.702, 0, 1 %, 67027 MiB, 92.10 W, 2355 MHz, 12481 MHz, 36
2026/09/27 05:10:02.702, 1, 0 %, 65267 MiB, 89.18 W, 2317 MHz, 12481 MHz, 35
2026/09/27 05:10:02.952, 0, 1 %, 67027 MiB, 92.19 W, 2355 MHz, 12481 MHz, 36
2026/09/27 05:10:02.952, 1, 0 %, 65267 MiB, 89.18 W, 2317 MHz, 12481 MHz, 35
2026/09/27 05:10:03.202, 0, 1 %, 67027 MiB, 92.16 W, 2355 MHz, 12481 MHz, 36
2026/09/27 05:10:03.202, 1, 0 %, 65267 MiB, 89.18 W, 2317 MHz, 12481 MHz, 35
2026/09/27 05:10:03.452, 0, 1 %, 67027 MiB, 92.14 W, 2355 MHz, 12481 MHz, 36
2026/09/27 05:10:03.452, 1, 0 %, 65267 MiB, 88.50 W, 2317 MHz, 12481 MHz, 35
2026/09/27 05:10:03.702, 0, 0 %, 67027 MiB, 92.13 W, 2355 MHz, 12481 MHz, 36
2026/09/27 05:10:03.702, 1, 0 %, 65267 MiB, 88.50 W, 2317 MHz, 12481 MHz, 35
2026/09/27 05:10:03.952, 0, 0 %, 67027 MiB, 91.91 W, 2355 MHz, 12481 MHz, 36
2026/09/27 05:10:03.952, 1, 0 %, 65267 MiB, 88.50 W, 2317 MHz, 12481 MHz, 35
2026/09/27 05:10:04.203, 0, 0 %, 67027 MiB, 91.88 W, 2355 MHz, 12481 MHz, 36
2026/09/27 05:10:04.203, 1, 0 %, 65267 MiB, 88.50 W, 2317 MHz, 12481 MHz, 35
2026/09/27 05:10:04.453, 0, 0 %, 67027 MiB, 91.80 W, 2355 MHz, 12481 MHz, 36
2026/09/27 05:10:04.453, 1, 0 %, 65267 MiB, 89.20 W, 2317 MHz, 12481 MHz, 35
2026/09/27 05:10:04.703, 0, 0 %, 67059 MiB, 91.74 W, 2355 MHz, 12481 MHz, 36
2026/09/27 05:10:04.703, 1, 0 %, 65267 MiB, 89.76 W, 2317 MHz, 12481 MHz, 35
2026/09/27 05:10:04.953, 0, 0 %, 67059 MiB, 91.78 W, 2355 MHz, 12481 MHz, 36
2026/09/27 05:10:04.953, 1, 0 %, 65267 MiB, 89.90 W, 2317 MHz, 12481 MHz, 35
2026/09/27 05:10:05.203, 0, 0 %, 67059 MiB, 91.76 W, 2355 MHz, 12481 MHz, 36
2026/09/27 05:10:05.203, 1, 0 %, 65267 MiB, 90.04 W, 2317 MHz, 12481 MHz, 35
2026/09/27 05:10:05.453, 0, 0 %, 67091 MiB, 91.71 W, 2355 MHz, 12481 MHz, 36
2026/09/27 05:10:05.453, 1, 0 %, 65267 MiB, 90.26 W, 2317 MHz, 12481 MHz, 35
2026/09/27 05:10:05.703, 0, 0 %, 67091 MiB, 91.78 W, 2355 MHz, 12481 MHz, 36
2026/09/27 05:10:05.703, 1, 0 %, 65267 MiB, 90.72 W, 2317 MHz, 12481 MHz, 35
2026/09/27 05:10:05.953, 0, 0 %, 67091 MiB, 91.76 W, 2355 MHz, 12481 MHz, 36
2026/09/27 05:10:05.953, 1, 0 %, 65267 MiB, 90.60 W, 2317 MHz, 12481 MHz, 35
2026/09/27 05:10:06.204, 0, 0 %, 67123 MiB, 91.76 W, 2355 MHz, 12481 MHz, 36
2026/09/27 05:10:06.204, 1, 0 %, 65267 MiB, 90.44 W, 2317 MHz, 12481 MHz, 35
2026/09/27 05:10:06.454, 0, 0 %, 67155 MiB, 91.83 W, 2355 MHz, 12481 MHz, 36
2026/09/27 05:10:06.454, 1, 0 %, 65267 MiB, 90.37 W, 2317 MHz, 12481 MHz, 35
2026/09/27 05:10:06.704, 0, 0 %, 67155 MiB, 91.81 W, 2355 MHz, 12481 MHz, 36
2026/09/27 05:10:06.704, 1, 0 %, 65267 MiB, 90.39 W, 2317 MHz, 12481 MHz, 35
2026/09/27 05:10:06.954, 0, 0 %, 67155 MiB, 91.86 W, 2355 MHz, 12481 MHz, 36
2026/09/27 05:10:06.954, 1, 0 %, 66995 MiB, 90.80 W, 2317 MHz, 12481 MHz, 35
2026/09/27 05:10:07.204, 0, 0 %, 67155 MiB, 91.89 W, 2355 MHz, 12481 MHz, 36
2026/09/27 05:10:07.204, 1, 1 %, 66995 MiB, 90.98 W, 2317 MHz, 12481 MHz, 35
2026/09/27 05:10:07.454, 0, 0 %, 67155 MiB, 91.82 W, 2355 MHz, 12481 MHz, 36
2026/09/27 05:10:07.454, 1, 1 %, 66995 MiB, 91.27 W, 2317 MHz, 12481 MHz, 35
2026/09/27 05:10:07.704, 0, 0 %, 67155 MiB, 91.77 W, 2355 MHz, 12481 MHz, 36
2026/09/27 05:10:07.704, 1, 1 %, 66995 MiB, 91.66 W, 2317 MHz, 12481 MHz, 35
2026/09/27 05:10:07.954, 0, 0 %, 67155 MiB, 91.81 W, 2355 MHz, 12481 MHz, 36
2026/09/27 05:10:07.954, 1, 1 %, 66995 MiB, 91.49 W, 2317 MHz, 12481 MHz, 35
2026/09/27 05:10:08.205, 0, 0 %, 67155 MiB, 91.81 W, 2355 MHz, 12481 MHz, 36
2026/09/27 05:10:08.205, 1, 1 %, 66995 MiB, 91.71 W, 2317 MHz, 12481 MHz, 35
2026/09/27 05:10:08.455, 0, 0 %, 67155 MiB, 91.81 W, 2355 MHz, 12481 MHz, 36
2026/09/27 05:10:08.455, 1, 1 %, 66995 MiB, 91.61 W, 2317 MHz, 12481 MHz, 35
2026/09/27 05:10:08.705, 0, 0 %, 67155 MiB, 91.81 W, 2355 MHz, 12481 MHz, 36
2026/09/27 05:10:08.705, 1, 1 %, 66995 MiB, 91.49 W, 2317 MHz, 12481 MHz, 35
2026/09/27 05:10:08.955, 0, 0 %, 67155 MiB, 89.28 W, 2355 MHz, 12481 MHz, 36
2026/09/27 05:10:08.955, 1, 1 %, 66995 MiB, 91.41 W, 2317 MHz, 12481 MHz, 35
2026/09/27 05:10:09.205, 0, 0 %, 67155 MiB, 89.28 W, 2355 MHz, 12481 MHz, 36
2026/09/27 05:10:09.205, 1, 1 %, 66995 MiB, 91.20 W, 2317 MHz, 12481 MHz, 35
2026/09/27 05:10:09.455, 0, 0 %, 67155 MiB, 89.28 W, 2355 MHz, 12481 MHz, 36
2026/09/27 05:10:09.455, 1, 1 %, 66995 MiB, 91.08 W, 2317 MHz, 12481 MHz, 35
2026/09/27 05:10:09.705, 0, 0 %, 67155 MiB, 89.28 W, 2355 MHz, 12481 MHz, 36
2026/09/27 05:10:09.705, 1, 1 %, 66995 MiB, 90.91 W, 2317 MHz, 12481 MHz, 35
2026/09/27 05:10:09.955, 0, 0 %, 67155 MiB, 89.28 W, 2355 MHz, 12481 MHz, 36
2026/09/27 05:10:09.955, 1, 1 %, 66995 MiB, 90.80 W, 2317 MHz, 12481 MHz, 35
2026/09/27 05:10:10.205, 0, 0 %, 67155 MiB, 89.28 W, 2355 MHz, 12481 MHz, 36
2026/09/27 05:10:10.205, 1, 1 %, 66995 MiB, 90.71 W, 2317 MHz, 12481 MHz, 35
2026/09/27 05:10:10.455, 0, 0 %, 67155 MiB, 89.28 W, 2355 MHz, 12481 MHz, 36
2026/09/27 05:10:10.455, 1, 1 %, 66995 MiB, 90.75 W, 2317 MHz, 12481 MHz, 35
2026/09/27 05:10:10.706, 0, 0 %, 67155 MiB, 89.28 W, 2355 MHz, 12481 MHz, 36
2026/09/27 05:10:10.706, 1, 1 %, 66995 MiB, 90.82 W, 2317 MHz, 12481 MHz, 35
2026/09/27 05:10:10.956, 0, 0 %, 67155 MiB, 89.28 W, 2355 MHz, 12481 MHz, 36
2026/09/27 05:10:10.956, 1, 1 %, 66995 MiB, 90.98 W, 2317 MHz, 12481 MHz, 35
2026/09/27 05:10:11.206, 0, 0 %, 67155 MiB, 89.28 W, 2355 MHz, 12481 MHz, 36
2026/09/27 05:10:11.206, 1, 1 %, 66995 MiB, 91.33 W, 2317 MHz, 12481 MHz, 35
2026/09/27 05:10:11.456, 0, 0 %, 67155 MiB, 89.28 W, 2355 MHz, 12481 MHz, 36
2026/09/27 05:10:11.456, 1, 1 %, 66995 MiB, 91.47 W, 2317 MHz, 12481 MHz, 35
2026/09/27 05:10:11.706, 0, 0 %, 67155 MiB, 89.28 W, 2355 MHz, 12481 MHz, 36
2026/09/27 05:10:11.706, 1, 1 %, 66995 MiB, 91.71 W, 2317 MHz, 12481 MHz, 35
2026/09/27 05:10:11.956, 0, 0 %, 67155 MiB, 90.01 W, 2355 MHz, 12481 MHz, 36
2026/09/27 05:10:11.956, 1, 1 %, 66995 MiB, 91.67 W, 2317 MHz, 12481 MHz, 35
2026/09/27 05:10:12.206, 0, 0 %, 67155 MiB, 90.01 W, 2355 MHz, 12481 MHz, 36
2026/09/27 05:10:12.206, 1, 0 %, 66995 MiB, 91.44 W, 2317 MHz, 12481 MHz, 35
2026/09/27 05:10:12.457, 0, 0 %, 67155 MiB, 90.56 W, 2355 MHz, 12481 MHz, 36
2026/09/27 05:10:12.457, 1, 0 %, 67027 MiB, 91.25 W, 2317 MHz, 12481 MHz, 35
2026/09/27 05:10:12.707, 0, 0 %, 67155 MiB, 90.68 W, 2355 MHz, 12481 MHz, 36
2026/09/27 05:10:12.707, 1, 1 %, 67027 MiB, 90.99 W, 2317 MHz, 12481 MHz, 35
2026/09/27 05:10:12.958, 0, 0 %, 67155 MiB, 90.90 W, 2355 MHz, 12481 MHz, 36
2026/09/27 05:10:12.958, 1, 0 %, 67027 MiB, 90.82 W, 2317 MHz, 12481 MHz, 35
2026/09/27 05:10:13.208, 0, 0 %, 67155 MiB, 90.99 W, 2355 MHz, 12481 MHz, 36
2026/09/27 05:10:13.208, 1, 1 %, 67059 MiB, 90.63 W, 2317 MHz, 12481 MHz, 35
2026/09/27 05:10:13.459, 0, 0 %, 67155 MiB, 91.14 W, 2355 MHz, 12481 MHz, 36
2026/09/27 05:10:13.459, 1, 0 %, 67059 MiB, 90.53 W, 2317 MHz, 12481 MHz, 35
2026/09/27 05:10:13.709, 0, 0 %, 67155 MiB, 91.70 W, 2355 MHz, 12481 MHz, 36
2026/09/27 05:10:13.709, 1, 0 %, 67059 MiB, 90.41 W, 2317 MHz, 12481 MHz, 35
2026/09/27 05:10:13.959, 0, 0 %, 67155 MiB, 91.68 W, 2355 MHz, 12481 MHz, 36
2026/09/27 05:10:13.959, 1, 0 %, 67123 MiB, 90.39 W, 2317 MHz, 12481 MHz, 35
2026/09/27 05:10:14.209, 0, 0 %, 67155 MiB, 91.77 W, 2355 MHz, 12481 MHz, 36
2026/09/27 05:10:14.209, 1, 0 %, 67123 MiB, 90.44 W, 2317 MHz, 12481 MHz, 35
2026/09/27 05:10:14.459, 0, 1 %, 68883 MiB, 92.27 W, 2355 MHz, 12481 MHz, 36
2026/09/27 05:10:14.459, 1, 0 %, 67123 MiB, 90.57 W, 2317 MHz, 12481 MHz, 35
2026/09/27 05:10:14.709, 0, 1 %, 68883 MiB, 92.39 W, 2355 MHz, 12481 MHz, 36
2026/09/27 05:10:14.709, 1, 0 %, 67123 MiB, 90.81 W, 2317 MHz, 12481 MHz, 35
2026/09/27 05:10:14.959, 0, 1 %, 68883 MiB, 92.52 W, 2355 MHz, 12481 MHz, 36
2026/09/27 05:10:14.960, 1, 0 %, 67123 MiB, 90.99 W, 2317 MHz, 12481 MHz, 35
2026/09/27 05:10:15.210, 0, 1 %, 68883 MiB, 92.59 W, 2355 MHz, 12481 MHz, 36
2026/09/27 05:10:15.210, 1, 0 %, 67123 MiB, 91.20 W, 2317 MHz, 12481 MHz, 35
2026/09/27 05:10:15.460, 0, 1 %, 68883 MiB, 92.18 W, 2355 MHz, 12481 MHz, 36
2026/09/27 05:10:15.460, 1, 0 %, 67123 MiB, 91.18 W, 2317 MHz, 12481 MHz, 35
2026/09/27 05:10:15.710, 0, 1 %, 68883 MiB, 92.22 W, 2355 MHz, 12481 MHz, 36
2026/09/27 05:10:15.710, 1, 0 %, 67123 MiB, 91.18 W, 2317 MHz, 12481 MHz, 35
2026/09/27 05:10:15.960, 0, 1 %, 68883 MiB, 92.17 W, 2355 MHz, 12481 MHz, 36
2026/09/27 05:10:15.960, 1, 0 %, 67123 MiB, 91.18 W, 2317 MHz, 12481 MHz, 35
2026/09/27 05:10:16.210, 0, 1 %, 68883 MiB, 92.18 W, 2355 MHz, 12481 MHz, 36
2026/09/27 05:10:16.211, 1, 0 %, 67123 MiB, 91.18 W, 2317 MHz, 12481 MHz, 35
2026/09/27 05:10:16.461, 0, 1 %, 68883 MiB, 92.15 W, 2355 MHz, 12481 MHz, 36
2026/09/27 05:10:16.461, 1, 0 %, 67123 MiB, 89.91 W, 2317 MHz, 12481 MHz, 35
2026/09/27 05:10:16.711, 0, 1 %, 68883 MiB, 92.11 W, 2355 MHz, 12481 MHz, 36
2026/09/27 05:10:16.711, 1, 0 %, 67123 MiB, 89.91 W, 2317 MHz, 12481 MHz, 35
2026/09/27 05:10:16.961, 0, 0 %, 68883 MiB, 92.11 W, 2355 MHz, 12481 MHz, 36
2026/09/27 05:10:16.961, 1, 0 %, 67123 MiB, 89.91 W, 2317 MHz, 12481 MHz, 35
2026/09/27 05:10:17.211, 0, 1 %, 68883 MiB, 92.09 W, 2355 MHz, 12481 MHz, 36
2026/09/27 05:10:17.211, 1, 0 %, 67123 MiB, 89.91 W, 2317 MHz, 12481 MHz, 35
2026/09/27 05:10:17.461, 0, 1 %, 68883 MiB, 92.13 W, 2355 MHz, 12481 MHz, 36
2026/09/27 05:10:17.461, 1, 0 %, 67123 MiB, 89.91 W, 2317 MHz, 12481 MHz, 35
2026/09/27 05:10:17.711, 0, 1 %, 68883 MiB, 92.15 W, 2355 MHz, 12481 MHz, 36
2026/09/27 05:10:17.712, 1, 0 %, 67123 MiB, 89.91 W, 2317 MHz, 12481 MHz, 35
2026/09/27 05:10:17.962, 0, 1 %, 68883 MiB, 92.18 W, 2355 MHz, 12481 MHz, 36
2026/09/27 05:10:17.962, 1, 0 %, 67123 MiB, 89.91 W, 2317 MHz, 12481 MHz, 35
2026/09/27 05:10:18.212, 0, 1 %, 68883 MiB, 92.21 W, 2355 MHz, 12481 MHz, 36
2026/09/27 05:10:18.212, 1, 0 %, 67123 MiB, 89.91 W, 2317 MHz, 12481 MHz, 35
2026/09/27 05:10:18.462, 0, 1 %, 68883 MiB, 92.26 W, 2355 MHz, 12481 MHz, 36
2026/09/27 05:10:18.462, 1, 0 %, 67123 MiB, 90.64 W, 2317 MHz, 12481 MHz, 35
2026/09/27 05:10:18.712, 0, 1 %, 68883 MiB, 92.23 W, 2355 MHz, 12481 MHz, 36
2026/09/27 05:10:18.712, 1, 0 %, 67123 MiB, 90.64 W, 2317 MHz, 12481 MHz, 35
2026/09/27 05:10:18.962, 0, 1 %, 68883 MiB, 92.25 W, 2355 MHz, 12481 MHz, 36
2026/09/27 05:10:18.962, 1, 0 %, 67123 MiB, 90.64 W, 2317 MHz, 12481 MHz, 35
2026/09/27 05:10:19.213, 0, 0 %, 68915 MiB, 92.15 W, 2355 MHz, 12481 MHz, 36
2026/09/27 05:10:19.213, 1, 0 %, 67123 MiB, 91.17 W, 2317 MHz, 12481 MHz, 35
2026/09/27 05:10:19.463, 0, 0 %, 68915 MiB, 91.95 W, 2355 MHz, 12481 MHz, 36
2026/09/27 05:10:19.463, 1, 0 %, 67123 MiB, 90.96 W, 2317 MHz, 12481 MHz, 35
2026/09/27 05:10:19.713, 0, 0 %, 68915 MiB, 91.89 W, 2355 MHz, 12481 MHz, 36
2026/09/27 05:10:19.713, 1, 0 %, 67123 MiB, 90.95 W, 2317 MHz, 12481 MHz, 35
2026/09/27 05:10:19.963, 0, 0 %, 68915 MiB, 91.76 W, 2355 MHz, 12481 MHz, 36
2026/09/27 05:10:19.963, 1, 0 %, 67123 MiB, 90.93 W, 2317 MHz, 12481 MHz, 35
2026/09/27 05:10:20.213, 0, 0 %, 68947 MiB, 91.78 W, 2355 MHz, 12481 MHz, 36
2026/09/27 05:10:20.213, 1, 0 %, 67123 MiB, 90.82 W, 2317 MHz, 12481 MHz, 35
2026/09/27 05:10:20.463, 0, 0 %, 68947 MiB, 91.82 W, 2355 MHz, 12481 MHz, 36
2026/09/27 05:10:20.463, 1, 0 %, 67123 MiB, 90.68 W, 2317 MHz, 12481 MHz, 35
2026/09/27 05:10:20.713, 0, 0 %, 68979 MiB, 91.79 W, 2355 MHz, 12481 MHz, 36
2026/09/27 05:10:20.713, 1, 0 %, 67123 MiB, 90.54 W, 2317 MHz, 12481 MHz, 35
2026/09/27 05:10:20.964, 0, 1 %, 68979 MiB, 91.78 W, 2355 MHz, 12481 MHz, 36
2026/09/27 05:10:20.964, 1, 0 %, 67123 MiB, 90.40 W, 2317 MHz, 12481 MHz, 35
2026/09/27 05:10:21.214, 0, 0 %, 68979 MiB, 91.76 W, 2355 MHz, 12481 MHz, 36
2026/09/27 05:10:21.214, 1, 0 %, 67123 MiB, 90.36 W, 2317 MHz, 12481 MHz, 35
2026/09/27 05:10:21.464, 0, 1 %, 69011 MiB, 91.72 W, 2355 MHz, 12481 MHz, 36
2026/09/27 05:10:21.464, 1, 0 %, 67123 MiB, 90.40 W, 2317 MHz, 12481 MHz, 35
2026/09/27 05:10:21.714, 0, 0 %, 69043 MiB, 91.76 W, 2355 MHz, 12481 MHz, 36
2026/09/27 05:10:21.714, 1, 0 %, 67123 MiB, 90.45 W, 2317 MHz, 12481 MHz, 35
2026/09/27 05:10:21.964, 0, 0 %, 69043 MiB, 91.76 W, 2355 MHz, 12481 MHz, 36
2026/09/27 05:10:21.964, 1, 0 %, 68851 MiB, 91.13 W, 2317 MHz, 12481 MHz, 35
2026/09/27 05:10:22.214, 0, 0 %, 69043 MiB, 91.81 W, 2355 MHz, 12481 MHz, 36
2026/09/27 05:10:22.214, 1, 1 %, 68851 MiB, 91.41 W, 2317 MHz, 12481 MHz, 35
2026/09/27 05:10:22.464, 0, 0 %, 69043 MiB, 91.83 W, 2355 MHz, 12481 MHz, 36
2026/09/27 05:10:22.465, 1, 1 %, 68851 MiB, 91.82 W, 2317 MHz, 12481 MHz, 35
2026/09/27 05:10:22.715, 0, 0 %, 69043 MiB, 91.83 W, 2355 MHz, 12481 MHz, 36
2026/09/27 05:10:22.715, 1, 1 %, 68851 MiB, 92.03 W, 2317 MHz, 12481 MHz, 35
2026/09/27 05:10:22.965, 0, 0 %, 69043 MiB, 91.77 W, 2355 MHz, 12481 MHz, 36
2026/09/27 05:10:22.965, 1, 1 %, 68851 MiB, 91.80 W, 2317 MHz, 12481 MHz, 35
2026/09/27 05:10:23.215, 0, 0 %, 69043 MiB, 91.76 W, 2355 MHz, 12481 MHz, 36
2026/09/27 05:10:23.215, 1, 1 %, 68851 MiB, 91.66 W, 2317 MHz, 12481 MHz, 35
2026/09/27 05:10:23.465, 0, 0 %, 69043 MiB, 91.76 W, 2355 MHz, 12481 MHz, 36
2026/09/27 05:10:23.465, 1, 1 %, 68851 MiB, 91.48 W, 2317 MHz, 12481 MHz, 35
2026/09/27 05:10:23.716, 0, 0 %, 69043 MiB, 91.76 W, 2355 MHz, 12481 MHz, 36
2026/09/27 05:10:23.716, 1, 1 %, 68851 MiB, 91.33 W, 2317 MHz, 12481 MHz, 35
2026/09/27 05:10:23.966, 0, 0 %, 69043 MiB, 91.76 W, 2355 MHz, 12481 MHz, 36
2026/09/27 05:10:23.966, 1, 1 %, 68851 MiB, 91.12 W, 2317 MHz, 12481 MHz, 35
2026/09/27 05:10:24.216, 0, 0 %, 69043 MiB, 89.79 W, 2355 MHz, 12481 MHz, 36
2026/09/27 05:10:24.216, 1, 1 %, 68851 MiB, 91.00 W, 2317 MHz, 12481 MHz, 35
2026/09/27 05:10:24.466, 0, 0 %, 69043 MiB, 89.79 W, 2355 MHz, 12481 MHz, 36
2026/09/27 05:10:24.466, 1, 1 %, 68851 MiB, 90.87 W, 2317 MHz, 12481 MHz, 35
2026/09/27 05:10:24.716, 0, 0 %, 69043 MiB, 89.79 W, 2355 MHz, 12481 MHz, 36
2026/09/27 05:10:24.716, 1, 1 %, 68851 MiB, 90.81 W, 2317 MHz, 12481 MHz, 35
2026/09/27 05:10:24.967, 0, 0 %, 69043 MiB, 89.79 W, 2355 MHz, 12481 MHz, 36
2026/09/27 05:10:24.967, 1, 1 %, 68851 MiB, 90.79 W, 2317 MHz, 12481 MHz, 35
2026/09/27 05:10:25.217, 0, 0 %, 69043 MiB, 90.68 W, 2355 MHz, 12481 MHz, 36
2026/09/27 05:10:25.217, 1, 1 %, 68851 MiB, 90.82 W, 2317 MHz, 12481 MHz, 35
2026/09/27 05:10:25.467, 0, 0 %, 69043 MiB, 90.68 W, 2355 MHz, 12481 MHz, 36
2026/09/27 05:10:25.467, 1, 1 %, 68851 MiB, 91.00 W, 2317 MHz, 12481 MHz, 35
2026/09/27 05:10:25.717, 0, 0 %, 69043 MiB, 90.68 W, 2355 MHz, 12481 MHz, 36
2026/09/27 05:10:25.717, 1, 1 %, 68851 MiB, 91.24 W, 2317 MHz, 12481 MHz, 35
2026/09/27 05:10:25.967, 0, 0 %, 69043 MiB, 90.68 W, 2355 MHz, 12481 MHz, 36
2026/09/27 05:10:25.967, 1, 0 %, 68851 MiB, 91.49 W, 2317 MHz, 12481 MHz, 35
2026/09/27 05:10:26.217, 0, 0 %, 69043 MiB, 90.20 W, 2355 MHz, 12481 MHz, 36
2026/09/27 05:10:26.218, 1, 0 %, 68851 MiB, 91.56 W, 2317 MHz, 12481 MHz, 35
2026/09/27 05:10:26.468, 0, 0 %, 69043 MiB, 90.20 W, 2355 MHz, 12481 MHz, 36
2026/09/27 05:10:26.468, 1, 1 %, 68883 MiB, 91.65 W, 2317 MHz, 12481 MHz, 35
2026/09/27 05:10:26.718, 0, 0 %, 69043 MiB, 90.48 W, 2355 MHz, 12481 MHz, 36
2026/09/27 05:10:26.718, 1, 1 %, 68883 MiB, 91.55 W, 2317 MHz, 12481 MHz, 35
2026/09/27 05:10:26.968, 0, 0 %, 69043 MiB, 90.66 W, 2355 MHz, 12481 MHz, 36
2026/09/27 05:10:26.968, 1, 0 %, 68883 MiB, 91.33 W, 2317 MHz, 12481 MHz, 35
2026/09/27 05:10:27.218, 0, 0 %, 69043 MiB, 91.22 W, 2355 MHz, 12481 MHz, 36
2026/09/27 05:10:27.218, 1, 0 %, 68883 MiB, 91.22 W, 2317 MHz, 12481 MHz, 35
2026/09/27 05:10:27.468, 0, 0 %, 69043 MiB, 91.32 W, 2355 MHz, 12481 MHz, 36
2026/09/27 05:10:27.468, 1, 1 %, 68915 MiB, 90.90 W, 2317 MHz, 12481 MHz, 35
2026/09/27 05:10:27.718, 0, 0 %, 69043 MiB, 91.66 W, 2355 MHz, 12481 MHz, 36
2026/09/27 05:10:27.718, 1, 0 %, 68915 MiB, 90.74 W, 2317 MHz, 12481 MHz, 35
2026/09/27 05:10:27.968, 0, 0 %, 69043 MiB, 91.65 W, 2355 MHz, 12481 MHz, 36
2026/09/27 05:10:27.968, 1, 0 %, 68947 MiB, 90.59 W, 2317 MHz, 12481 MHz, 35
2026/09/27 05:10:28.219, 0, 0 %, 69043 MiB, 91.66 W, 2355 MHz, 12481 MHz, 36
2026/09/27 05:10:28.219, 1, 0 %, 68947 MiB, 90.50 W, 2317 MHz, 12481 MHz, 35
2026/09/27 05:10:28.469, 0, 0 %, 69043 MiB, 91.67 W, 2355 MHz, 12481 MHz, 36
2026/09/27 05:10:28.469, 1, 0 %, 68947 MiB, 90.41 W, 2317 MHz, 12481 MHz, 35
2026/09/27 05:10:28.719, 0, 0 %, 69043 MiB, 91.68 W, 2355 MHz, 12481 MHz, 36
2026/09/27 05:10:28.719, 1, 1 %, 69011 MiB, 90.48 W, 2317 MHz, 12481 MHz, 35
2026/09/27 05:10:28.969, 0, 0 %, 70771 MiB, 91.70 W, 2355 MHz, 12481 MHz, 36
2026/09/27 05:10:28.969, 1, 0 %, 69011 MiB, 90.60 W, 2317 MHz, 12481 MHz, 35
2026/09/27 05:10:29.219, 0, 1 %, 70771 MiB, 91.95 W, 2355 MHz, 12481 MHz, 36
2026/09/27 05:10:29.219, 1, 0 %, 69011 MiB, 90.81 W, 2317 MHz, 12481 MHz, 35
2026/09/27 05:10:29.469, 0, 1 %, 70771 MiB, 92.08 W, 2355 MHz, 12481 MHz, 36
2026/09/27 05:10:29.469, 1, 0 %, 69011 MiB, 91.14 W, 2317 MHz, 12481 MHz, 35
2026/09/27 05:10:29.719, 0, 1 %, 70771 MiB, 92.20 W, 2355 MHz, 12481 MHz, 36
2026/09/27 05:10:29.719, 1, 0 %, 69011 MiB, 91.22 W, 2317 MHz, 12481 MHz, 35
2026/09/27 05:10:29.970, 0, 1 %, 70771 MiB, 92.26 W, 2355 MHz, 12481 MHz, 36
2026/09/27 05:10:29.970, 1, 0 %, 69011 MiB, 91.39 W, 2317 MHz, 12481 MHz, 35
2026/09/27 05:10:30.220, 0, 1 %, 70771 MiB, 92.12 W, 2355 MHz, 12481 MHz, 36
2026/09/27 05:10:30.220, 1, 0 %, 69011 MiB, 91.39 W, 2317 MHz, 12481 MHz, 35
2026/09/27 05:10:30.470, 0, 1 %, 70771 MiB, 92.10 W, 2355 MHz, 12481 MHz, 36
2026/09/27 05:10:30.470, 1, 0 %, 69011 MiB, 91.39 W, 2317 MHz, 12481 MHz, 35
2026/09/27 05:10:30.720, 0, 1 %, 70771 MiB, 92.06 W, 2355 MHz, 12481 MHz, 36
2026/09/27 05:10:30.720, 1, 0 %, 69011 MiB, 91.39 W, 2317 MHz, 12481 MHz, 35
2026/09/27 05:10:30.970, 0, 1 %, 70771 MiB, 92.10 W, 2355 MHz, 12481 MHz, 36
2026/09/27 05:10:30.970, 1, 0 %, 69011 MiB, 89.46 W, 2317 MHz, 12481 MHz, 35
2026/09/27 05:10:31.220, 0, 1 %, 70771 MiB, 92.06 W, 2355 MHz, 12481 MHz, 36
2026/09/27 05:10:31.221, 1, 0 %, 69011 MiB, 89.46 W, 2317 MHz, 12481 MHz, 35
2026/09/27 05:10:31.471, 0, 1 %, 70771 MiB, 92.09 W, 2355 MHz, 12481 MHz, 36
2026/09/27 05:10:31.471, 1, 0 %, 69011 MiB, 89.46 W, 2317 MHz, 12481 MHz, 35
2026/09/27 05:10:31.721, 0, 1 %, 70771 MiB, 92.17 W, 2355 MHz, 12481 MHz, 36
2026/09/27 05:10:31.721, 1, 0 %, 69011 MiB, 89.46 W, 2317 MHz, 12481 MHz, 35
2026/09/27 05:10:31.971, 0, 1 %, 70771 MiB, 92.12 W, 2355 MHz, 12481 MHz, 36
2026/09/27 05:10:31.971, 1, 0 %, 69011 MiB, 89.41 W, 2317 MHz, 12481 MHz, 35
2026/09/27 05:10:32.221, 0, 1 %, 70771 MiB, 92.10 W, 2355 MHz, 12481 MHz, 36
2026/09/27 05:10:32.221, 1, 0 %, 69011 MiB, 89.41 W, 2317 MHz, 12481 MHz, 35
2026/09/27 05:10:32.471, 0, 1 %, 70771 MiB, 92.07 W, 2355 MHz, 12481 MHz, 36
2026/09/27 05:10:32.472, 1, 0 %, 69011 MiB, 89.41 W, 2317 MHz, 12481 MHz, 35
2026/09/27 05:10:32.722, 0, 1 %, 70771 MiB, 92.01 W, 2355 MHz, 12481 MHz, 36
2026/09/27 05:10:32.722, 1, 0 %, 69011 MiB, 89.41 W, 2317 MHz, 12481 MHz, 35
2026/09/27 05:10:32.972, 0, 1 %, 70771 MiB, 92.02 W, 2355 MHz, 12481 MHz, 36
2026/09/27 05:10:32.972, 1, 0 %, 69011 MiB, 90.40 W, 2317 MHz, 12481 MHz, 35
2026/09/27 05:10:33.222, 0, 1 %, 70771 MiB, 92.08 W, 2355 MHz, 12481 MHz, 36
2026/09/27 05:10:33.222, 1, 0 %, 69011 MiB, 90.40 W, 2317 MHz, 12481 MHz, 35
2026/09/27 05:10:33.472, 0, 1 %, 70771 MiB, 92.04 W, 2355 MHz, 12481 MHz, 36
2026/09/27 05:10:33.472, 1, 0 %, 69011 MiB, 90.40 W, 2317 MHz, 12481 MHz, 35
2026/09/27 05:10:33.722, 0, 1 %, 70771 MiB, 92.05 W, 2355 MHz, 12481 MHz, 36
2026/09/27 05:10:33.722, 1, 0 %, 69011 MiB, 90.40 W, 2317 MHz, 12481 MHz, 35
2026/09/27 05:10:33.973, 0, 1 %, 70771 MiB, 92.04 W, 2355 MHz, 12481 MHz, 36
2026/09/27 05:10:33.973, 1, 0 %, 69011 MiB, 90.15 W, 2317 MHz, 12481 MHz, 35
2026/09/27 05:10:34.223, 0, 1 %, 70771 MiB, 91.96 W, 2355 MHz, 12481 MHz, 36
2026/09/27 05:10:34.223, 1, 0 %, 69011 MiB, 90.15 W, 2317 MHz, 12481 MHz, 35
2026/09/27 05:10:34.473, 0, 1 %, 70771 MiB, 92.01 W, 2355 MHz, 12481 MHz, 36
2026/09/27 05:10:34.473, 1, 0 %, 69011 MiB, 90.15 W, 2317 MHz, 12481 MHz, 35
2026/09/27 05:10:34.723, 0, 0 %, 70803 MiB, 91.93 W, 2355 MHz, 12481 MHz, 36
2026/09/27 05:10:34.723, 1, 0 %, 69011 MiB, 90.15 W, 2317 MHz, 12481 MHz, 35
2026/09/27 05:10:34.973, 0, 0 %, 70803 MiB, 91.87 W, 2355 MHz, 12481 MHz, 36
2026/09/27 05:10:34.973, 1, 0 %, 69011 MiB, 90.07 W, 2317 MHz, 12481 MHz, 35
2026/09/27 05:10:35.223, 0, 0 %, 70803 MiB, 91.86 W, 2355 MHz, 12481 MHz, 36
2026/09/27 05:10:35.223, 1, 0 %, 69011 MiB, 90.13 W, 2317 MHz, 12481 MHz, 35
2026/09/27 05:10:35.474, 0, 0 %, 70803 MiB, 91.85 W, 2355 MHz, 12481 MHz, 36
2026/09/27 05:10:35.474, 1, 0 %, 69011 MiB, 90.22 W, 2317 MHz, 12481 MHz, 35
2026/09/27 05:10:35.724, 0, 1 %, 70835 MiB, 91.89 W, 2355 MHz, 12481 MHz, 36
2026/09/27 05:10:35.724, 1, 0 %, 69011 MiB, 90.25 W, 2317 MHz, 12481 MHz, 35
2026/09/27 05:10:35.974, 0, 0 %, 70835 MiB, 91.89 W, 2355 MHz, 12481 MHz, 36
2026/09/27 05:10:35.974, 1, 0 %, 69011 MiB, 90.52 W, 2317 MHz, 12481 MHz, 35
2026/09/27 05:10:36.224, 0, 0 %, 70835 MiB, 91.82 W, 2355 MHz, 12481 MHz, 36
2026/09/27 05:10:36.224, 1, 0 %, 69011 MiB, 90.56 W, 2317 MHz, 12481 MHz, 35
2026/09/27 05:10:36.474, 0, 0 %, 70867 MiB, 91.75 W, 2355 MHz, 12481 MHz, 36
2026/09/27 05:10:36.474, 1, 0 %, 69011 MiB, 90.74 W, 2317 MHz, 12481 MHz, 35
2026/09/27 05:10:36.724, 0, 0 %, 70867 MiB, 91.72 W, 2355 MHz, 12481 MHz, 36
2026/09/27 05:10:36.724, 1, 0 %, 69011 MiB, 90.96 W, 2317 MHz, 12481 MHz, 35
2026/09/27 05:10:36.974, 0, 0 %, 70899 MiB, 91.68 W, 2355 MHz, 12481 MHz, 36
2026/09/27 05:10:36.975, 1, 0 %, 69011 MiB, 91.18 W, 2317 MHz, 12481 MHz, 35
2026/09/27 05:10:37.225, 0, 1 %, 70899 MiB, 91.72 W, 2355 MHz, 12481 MHz, 36
2026/09/27 05:10:37.225, 1, 0 %, 69011 MiB, 91.33 W, 2317 MHz, 12481 MHz, 35
2026/09/27 05:10:37.475, 0, 0 %, 70931 MiB, 91.70 W, 2355 MHz, 12481 MHz, 36
2026/09/27 05:10:37.475, 1, 0 %, 69011 MiB, 91.28 W, 2317 MHz, 12481 MHz, 35
2026/09/27 05:10:37.725, 0, 0 %, 70931 MiB, 91.75 W, 2355 MHz, 12481 MHz, 36
2026/09/27 05:10:37.725, 1, 1 %, 70739 MiB, 91.45 W, 2317 MHz, 12481 MHz, 35
2026/09/27 05:10:37.975, 0, 0 %, 70931 MiB, 91.79 W, 2355 MHz, 12481 MHz, 36
2026/09/27 05:10:37.975, 1, 1 %, 70739 MiB, 91.45 W, 2317 MHz, 12481 MHz, 35
2026/09/27 05:10:38.225, 0, 0 %, 70931 MiB, 91.74 W, 2355 MHz, 12481 MHz, 36
2026/09/27 05:10:38.225, 1, 1 %, 70739 MiB, 91.43 W, 2317 MHz, 12481 MHz, 36
2026/09/27 05:10:38.475, 0, 0 %, 70931 MiB, 91.75 W, 2355 MHz, 12481 MHz, 36
2026/09/27 05:10:38.475, 1, 1 %, 70739 MiB, 91.37 W, 2317 MHz, 12481 MHz, 35
2026/09/27 05:10:38.726, 0, 0 %, 70931 MiB, 91.77 W, 2355 MHz, 12481 MHz, 36
2026/09/27 05:10:38.726, 1, 1 %, 70739 MiB, 91.08 W, 2317 MHz, 12481 MHz, 35
2026/09/27 05:10:38.976, 0, 0 %, 70931 MiB, 91.77 W, 2355 MHz, 12481 MHz, 36
2026/09/27 05:10:38.976, 1, 1 %, 70739 MiB, 90.94 W, 2317 MHz, 12481 MHz, 35
2026/09/27 05:10:39.226, 0, 0 %, 70931 MiB, 91.77 W, 2355 MHz, 12481 MHz, 36
2026/09/27 05:10:39.226, 1, 1 %, 70739 MiB, 90.84 W, 2317 MHz, 12481 MHz, 35
2026/09/27 05:10:39.476, 0, 0 %, 70931 MiB, 91.77 W, 2355 MHz, 12481 MHz, 36
2026/09/27 05:10:39.476, 1, 1 %, 70739 MiB, 90.82 W, 2317 MHz, 12481 MHz, 35
2026/09/27 05:10:39.726, 0, 0 %, 70931 MiB, 90.25 W, 2355 MHz, 12481 MHz, 36
2026/09/27 05:10:39.726, 1, 1 %, 70739 MiB, 90.85 W, 2317 MHz, 12481 MHz, 35
2026/09/27 05:10:39.976, 0, 0 %, 70931 MiB, 90.25 W, 2355 MHz, 12481 MHz, 36
2026/09/27 05:10:39.976, 1, 1 %, 70739 MiB, 90.93 W, 2317 MHz, 12481 MHz, 35
2026/09/27 05:10:40.226, 0, 0 %, 70931 MiB, 90.25 W, 2355 MHz, 12481 MHz, 36
2026/09/27 05:10:40.227, 1, 1 %, 70739 MiB, 91.19 W, 2317 MHz, 12481 MHz, 35
2026/09/27 05:10:40.477, 0, 0 %, 70931 MiB, 90.25 W, 2355 MHz, 12481 MHz, 36
2026/09/27 05:10:40.477, 1, 1 %, 70739 MiB, 91.47 W, 2317 MHz, 12481 MHz, 35
2026/09/27 05:10:40.727, 0, 0 %, 70931 MiB, 90.25 W, 2355 MHz, 12481 MHz, 36
2026/09/27 05:10:40.727, 1, 1 %, 70739 MiB, 91.61 W, 2317 MHz, 12481 MHz, 35
2026/09/27 05:10:40.977, 0, 0 %, 70931 MiB, 90.25 W, 2355 MHz, 12481 MHz, 36
2026/09/27 05:10:40.977, 1, 1 %, 70739 MiB, 91.78 W, 2317 MHz, 12481 MHz, 35
2026/09/27 05:10:41.227, 0, 0 %, 70931 MiB, 90.25 W, 2355 MHz, 12481 MHz, 36
2026/09/27 05:10:41.227, 1, 1 %, 70739 MiB, 91.70 W, 2317 MHz, 12481 MHz, 35
2026/09/27 05:10:41.477, 0, 0 %, 70931 MiB, 90.25 W, 2355 MHz, 12481 MHz, 36
2026/09/27 05:10:41.477, 1, 1 %, 70739 MiB, 91.53 W, 2317 MHz, 12481 MHz, 36
2026/09/27 05:10:41.728, 0, 0 %, 70931 MiB, 89.98 W, 2355 MHz, 12481 MHz, 35
2026/09/27 05:10:41.729, 1, 1 %, 70739 MiB, 91.40 W, 2317 MHz, 12481 MHz, 35
2026/09/27 05:10:41.979, 0, 0 %, 70931 MiB, 89.98 W, 2355 MHz, 12481 MHz, 36
2026/09/27 05:10:41.979, 1, 1 %, 70739 MiB, 91.19 W, 2317 MHz, 12481 MHz, 35
2026/09/27 05:10:42.229, 0, 0 %, 70931 MiB, 89.98 W, 2355 MHz, 12481 MHz, 36
2026/09/27 05:10:42.230, 1, 1 %, 70739 MiB, 91.06 W, 2317 MHz, 12481 MHz, 35
2026/09/27 05:10:42.480, 0, 0 %, 70931 MiB, 90.22 W, 2355 MHz, 12481 MHz, 36
2026/09/27 05:10:42.480, 1, 1 %, 70771 MiB, 90.85 W, 2317 MHz, 12481 MHz, 35
2026/09/27 05:10:42.730, 0, 0 %, 70931 MiB, 90.98 W, 2355 MHz, 12481 MHz, 36
2026/09/27 05:10:42.730, 1, 0 %, 70771 MiB, 90.71 W, 2317 MHz, 12481 MHz, 35
2026/09/27 05:10:42.980, 0, 0 %, 70931 MiB, 91.06 W, 2355 MHz, 12481 MHz, 36
2026/09/27 05:10:42.980, 1, 0 %, 70771 MiB, 90.53 W, 2317 MHz, 12481 MHz, 36
2026/09/27 05:10:43.230, 0, 0 %, 70931 MiB, 91.16 W, 2355 MHz, 12481 MHz, 36
2026/09/27 05:10:43.230, 1, 0 %, 70803 MiB, 90.46 W, 2317 MHz, 12481 MHz, 35
2026/09/27 05:10:43.480, 0, 0 %, 70931 MiB, 91.67 W, 2355 MHz, 12481 MHz, 36
2026/09/27 05:10:43.480, 1, 0 %, 70803 MiB, 90.49 W, 2317 MHz, 12481 MHz, 35
2026/09/27 05:10:43.730, 0, 0 %, 70931 MiB, 91.71 W, 2355 MHz, 12481 MHz, 36
2026/09/27 05:10:43.730, 1, 0 %, 70835 MiB, 90.68 W, 2317 MHz, 12481 MHz, 35
2026/09/27 05:10:43.980, 0, 0 %, 70931 MiB, 91.74 W, 2355 MHz, 12481 MHz, 36
2026/09/27 05:10:43.981, 1, 0 %, 70835 MiB, 91.00 W, 2317 MHz, 12481 MHz, 35
2026/09/27 05:10:44.231, 0, 0 %, 70931 MiB, 91.78 W, 2355 MHz, 12481 MHz, 36
2026/09/27 05:10:44.231, 1, 0 %, 70835 MiB, 91.14 W, 2317 MHz, 12481 MHz, 35
2026/09/27 05:10:44.481, 0, 0 %, 70931 MiB, 91.72 W, 2355 MHz, 12481 MHz, 36
2026/09/27 05:10:44.481, 1, 1 %, 70867 MiB, 91.39 W, 2317 MHz, 12481 MHz, 35
2026/09/27 05:10:44.731, 0, 0 %, 70931 MiB, 91.69 W, 2355 MHz, 12481 MHz, 36
2026/09/27 05:10:44.731, 1, 0 %, 70867 MiB, 91.36 W, 2317 MHz, 12481 MHz, 35
2026/09/27 05:10:44.981, 0, 0 %, 72659 MiB, 92.09 W, 2355 MHz, 12481 MHz, 36
2026/09/27 05:10:44.981, 1, 0 %, 70899 MiB, 91.28 W, 2317 MHz, 12481 MHz, 35
2026/09/27 05:10:45.231, 0, 1 %, 72659 MiB, 92.17 W, 2355 MHz, 12481 MHz, 36
2026/09/27 05:10:45.231, 1, 0 %, 70899 MiB, 91.20 W, 2317 MHz, 12481 MHz, 35
2026/09/27 05:10:45.481, 0, 1 %, 72659 MiB, 92.31 W, 2355 MHz, 12481 MHz, 36
2026/09/27 05:10:45.482, 1, 0 %, 70899 MiB, 90.99 W, 2317 MHz, 12481 MHz, 35
2026/09/27 05:10:45.732, 0, 0 %, 72659 MiB, 92.36 W, 2355 MHz, 12481 MHz, 36
2026/09/27 05:10:45.732, 1, 0 %, 70899 MiB, 90.85 W, 2317 MHz, 12481 MHz, 35
2026/09/27 05:10:45.982, 0, 0 %, 72659 MiB, 92.03 W, 2355 MHz, 12481 MHz, 36
2026/09/27 05:10:45.982, 1, 0 %, 70899 MiB, 90.75 W, 2317 MHz, 12481 MHz, 35
2026/09/27 05:10:46.232, 0, 1 %, 72659 MiB, 92.06 W, 2355 MHz, 12481 MHz, 36
2026/09/27 05:10:46.232, 1, 0 %, 70899 MiB, 90.75 W, 2317 MHz, 12481 MHz, 35
2026/09/27 05:10:46.482, 0, 1 %, 72659 MiB, 92.04 W, 2355 MHz, 12481 MHz, 36
2026/09/27 05:10:46.482, 1, 0 %, 70899 MiB, 90.75 W, 2317 MHz, 12481 MHz, 35
2026/09/27 05:10:46.732, 0, 1 %, 72659 MiB, 92.03 W, 2355 MHz, 12481 MHz, 36
2026/09/27 05:10:46.732, 1, 0 %, 70899 MiB, 90.75 W, 2317 MHz, 12481 MHz, 35
2026/09/27 05:10:46.983, 0, 1 %, 72659 MiB, 92.09 W, 2355 MHz, 12481 MHz, 36
2026/09/27 05:10:46.983, 1, 0 %, 70899 MiB, 88.93 W, 2317 MHz, 12481 MHz, 35
2026/09/27 05:10:47.233, 0, 1 %, 72659 MiB, 92.13 W, 2355 MHz, 12481 MHz, 36
2026/09/27 05:10:47.233, 1, 0 %, 70899 MiB, 88.93 W, 2317 MHz, 12481 MHz, 35
2026/09/27 05:10:47.483, 0, 1 %, 72659 MiB, 92.12 W, 2355 MHz, 12481 MHz, 36
2026/09/27 05:10:47.483, 1, 0 %, 70899 MiB, 88.93 W, 2317 MHz, 12481 MHz, 35
2026/09/27 05:10:47.733, 0, 1 %, 72659 MiB, 92.18 W, 2355 MHz, 12481 MHz, 36
2026/09/27 05:10:47.733, 1, 0 %, 70899 MiB, 88.93 W, 2317 MHz, 12481 MHz, 35
2026/09/27 05:10:47.983, 0, 1 %, 72659 MiB, 92.13 W, 2355 MHz, 12481 MHz, 36
2026/09/27 05:10:47.983, 1, 0 %, 70899 MiB, 89.91 W, 2317 MHz, 12481 MHz, 35
2026/09/27 05:10:48.233, 0, 1 %, 72659 MiB, 92.11 W, 2355 MHz, 12481 MHz, 36
2026/09/27 05:10:48.233, 1, 0 %, 70899 MiB, 89.91 W, 2317 MHz, 12481 MHz, 35
2026/09/27 05:10:48.484, 0, 1 %, 72659 MiB, 92.13 W, 2355 MHz, 12481 MHz, 36
2026/09/27 05:10:48.484, 1, 0 %, 70899 MiB, 89.91 W, 2317 MHz, 12481 MHz, 35
2026/09/27 05:10:48.734, 0, 1 %, 72659 MiB, 92.06 W, 2355 MHz, 12481 MHz, 36
2026/09/27 05:10:48.734, 1, 0 %, 70899 MiB, 89.91 W, 2317 MHz, 12481 MHz, 35
2026/09/27 05:10:48.984, 0, 1 %, 72659 MiB, 92.08 W, 2355 MHz, 12481 MHz, 36
2026/09/27 05:10:48.984, 1, 0 %, 70899 MiB, 89.67 W, 2317 MHz, 12481 MHz, 35
2026/09/27 05:10:49.234, 0, 1 %, 72659 MiB, 92.09 W, 2355 MHz, 12481 MHz, 36
2026/09/27 05:10:49.234, 1, 0 %, 70899 MiB, 89.67 W, 2317 MHz, 12481 MHz, 35
2026/09/27 05:10:49.484, 0, 1 %, 72659 MiB, 92.06 W, 2355 MHz, 12481 MHz, 36
2026/09/27 05:10:49.484, 1, 0 %, 70899 MiB, 89.67 W, 2317 MHz, 12481 MHz, 35
2026/09/27 05:10:49.735, 0, 1 %, 72659 MiB, 92.11 W, 2355 MHz, 12481 MHz, 36
2026/09/27 05:10:49.735, 1, 0 %, 70899 MiB, 89.67 W, 2317 MHz, 12481 MHz, 35
2026/09/27 05:10:49.985, 0, 1 %, 72659 MiB, 92.17 W, 2355 MHz, 12481 MHz, 36
2026/09/27 05:10:49.985, 1, 0 %, 70899 MiB, 89.20 W, 2317 MHz, 12481 MHz, 35
2026/09/27 05:10:50.235, 0, 1 %, 72659 MiB, 92.13 W, 2355 MHz, 12481 MHz, 36
2026/09/27 05:10:50.235, 1, 0 %, 70899 MiB, 89.20 W, 2317 MHz, 12481 MHz, 35
2026/09/27 05:10:50.485, 0, 1 %, 72659 MiB, 92.19 W, 2355 MHz, 12481 MHz, 36
2026/09/27 05:10:50.485, 1, 0 %, 70899 MiB, 89.20 W, 2317 MHz, 12481 MHz, 35
2026/09/27 05:10:50.735, 0, 0 %, 72659 MiB, 92.07 W, 2355 MHz, 12481 MHz, 36
2026/09/27 05:10:50.735, 1, 0 %, 70899 MiB, 89.20 W, 2317 MHz, 12481 MHz, 35
2026/09/27 05:10:50.986, 0, 0 %, 72659 MiB, 91.94 W, 2355 MHz, 12481 MHz, 36
2026/09/27 05:10:50.986, 1, 0 %, 70899 MiB, 88.96 W, 2317 MHz, 12481 MHz, 35
2026/09/27 05:10:51.236, 0, 0 %, 72691 MiB, 91.90 W, 2355 MHz, 12481 MHz, 36
2026/09/27 05:10:51.236, 1, 0 %, 70899 MiB, 89.45 W, 2317 MHz, 12481 MHz, 35
2026/09/27 05:10:51.486, 0, 0 %, 72691 MiB, 91.77 W, 2355 MHz, 12481 MHz, 36
2026/09/27 05:10:51.486, 1, 0 %, 70899 MiB, 89.78 W, 2317 MHz, 12481 MHz, 35
2026/09/27 05:10:51.736, 0, 0 %, 72691 MiB, 91.77 W, 2355 MHz, 12481 MHz, 36
2026/09/27 05:10:51.736, 1, 0 %, 70899 MiB, 89.94 W, 2317 MHz, 12481 MHz, 35
2026/09/27 05:10:51.986, 0, 0 %, 72723 MiB, 91.80 W, 2355 MHz, 12481 MHz, 36
2026/09/27 05:10:51.986, 1, 0 %, 70899 MiB, 91.13 W, 2317 MHz, 12481 MHz, 35
2026/09/27 05:10:52.236, 0, 0 %, 72723 MiB, 91.72 W, 2355 MHz, 12481 MHz, 36
2026/09/27 05:10:52.236, 1, 0 %, 70899 MiB, 91.25 W, 2317 MHz, 12481 MHz, 35
2026/09/27 05:10:52.486, 0, 0 %, 72723 MiB, 91.76 W, 2355 MHz, 12481 MHz, 36
2026/09/27 05:10:52.486, 1, 0 %, 70899 MiB, 91.12 W, 2317 MHz, 12481 MHz, 35
2026/09/27 05:10:52.736, 0, 0 %, 72755 MiB, 91.81 W, 2355 MHz, 12481 MHz, 36
2026/09/27 05:10:52.736, 1, 0 %, 70899 MiB, 91.00 W, 2317 MHz, 12481 MHz, 35
2026/09/27 05:10:52.987, 0, 0 %, 72755 MiB, 91.75 W, 2355 MHz, 12481 MHz, 36
2026/09/27 05:10:52.987, 1, 0 %, 70899 MiB, 90.81 W, 2317 MHz, 12481 MHz, 35
2026/09/27 05:10:53.237, 0, 0 %, 72755 MiB, 91.79 W, 2355 MHz, 12481 MHz, 36
2026/09/27 05:10:53.237, 1, 0 %, 70899 MiB, 90.66 W, 2317 MHz, 12481 MHz, 35
2026/09/27 05:10:53.487, 0, 0 %, 72787 MiB, 91.81 W, 2355 MHz, 12481 MHz, 36
2026/09/27 05:10:53.487, 1, 0 %, 70899 MiB, 90.54 W, 2317 MHz, 12481 MHz, 35
2026/09/27 05:10:53.737, 0, 0 %, 72787 MiB, 91.74 W, 2355 MHz, 12481 MHz, 36
2026/09/27 05:10:53.737, 1, 0 %, 70899 MiB, 90.46 W, 2317 MHz, 12481 MHz, 35
2026/09/27 05:10:53.987, 0, 0 %, 72787 MiB, 91.80 W, 2355 MHz, 12481 MHz, 36
2026/09/27 05:10:53.987, 1, 0 %, 70899 MiB, 90.39 W, 2317 MHz, 12481 MHz, 35
2026/09/27 05:10:54.237, 0, 0 %, 72819 MiB, 91.84 W, 2355 MHz, 12481 MHz, 36
2026/09/27 05:10:54.237, 1, 0 %, 72627 MiB, 90.57 W, 2317 MHz, 12481 MHz, 35
2026/09/27 05:10:54.487, 0, 0 %, 72819 MiB, 91.79 W, 2355 MHz, 12481 MHz, 36
2026/09/27 05:10:54.487, 1, 1 %, 72627 MiB, 90.88 W, 2317 MHz, 12481 MHz, 35
2026/09/27 05:10:54.738, 0, 0 %, 72819 MiB, 91.84 W, 2355 MHz, 12481 MHz, 36
2026/09/27 05:10:54.738, 1, 1 %, 72627 MiB, 91.12 W, 2317 MHz, 12481 MHz, 35
2026/09/27 05:10:54.988, 0, 0 %, 72819 MiB, 91.78 W, 2355 MHz, 12481 MHz, 36
2026/09/27 05:10:54.988, 1, 1 %, 72627 MiB, 91.55 W, 2317 MHz, 12481 MHz, 35
2026/09/27 05:10:55.238, 0, 0 %, 72819 MiB, 91.75 W, 2355 MHz, 12481 MHz, 36
2026/09/27 05:10:55.238, 1, 1 %, 72627 MiB, 91.66 W, 2317 MHz, 12481 MHz, 35
2026/09/27 05:10:55.488, 0, 0 %, 72819 MiB, 91.75 W, 2355 MHz, 12481 MHz, 36
2026/09/27 05:10:55.488, 1, 1 %, 72627 MiB, 91.71 W, 2317 MHz, 12481 MHz, 35
2026/09/27 05:10:55.738, 0, 0 %, 72819 MiB, 91.75 W, 2355 MHz, 12481 MHz, 36
2026/09/27 05:10:55.738, 1, 1 %, 72627 MiB, 91.72 W, 2317 MHz, 12481 MHz, 35
2026/09/27 05:10:55.988, 0, 0 %, 72819 MiB, 91.75 W, 2355 MHz, 12481 MHz, 36
2026/09/27 05:10:55.988, 1, 1 %, 72627 MiB, 91.57 W, 2317 MHz, 12481 MHz, 35
2026/09/27 05:10:56.238, 0, 0 %, 72819 MiB, 89.25 W, 2355 MHz, 12481 MHz, 36
2026/09/27 05:10:56.239, 1, 1 %, 72627 MiB, 91.48 W, 2317 MHz, 12481 MHz, 35
2026/09/27 05:10:56.489, 0, 0 %, 72819 MiB, 89.25 W, 2355 MHz, 12481 MHz, 36
2026/09/27 05:10:56.489, 1, 1 %, 72627 MiB, 91.31 W, 2317 MHz, 12481 MHz, 35
2026/09/27 05:10:56.739, 0, 0 %, 72819 MiB, 89.25 W, 2355 MHz, 12481 MHz, 36
2026/09/27 05:10:56.739, 1, 1 %, 72627 MiB, 91.15 W, 2317 MHz, 12481 MHz, 35
2026/09/27 05:10:56.989, 0, 0 %, 72819 MiB, 89.25 W, 2355 MHz, 12481 MHz, 36
2026/09/27 05:10:56.989, 1, 1 %, 72627 MiB, 91.00 W, 2317 MHz, 12481 MHz, 35
2026/09/27 05:10:57.239, 0, 0 %, 72819 MiB, 90.25 W, 2355 MHz, 12481 MHz, 36
2026/09/27 05:10:57.239, 1, 1 %, 72627 MiB, 90.90 W, 2317 MHz, 12481 MHz, 35
2026/09/27 05:10:57.489, 0, 0 %, 72819 MiB, 90.25 W, 2355 MHz, 12481 MHz, 36
2026/09/27 05:10:57.489, 1, 1 %, 72627 MiB, 90.84 W, 2317 MHz, 12481 MHz, 36
2026/09/27 05:10:57.739, 0, 0 %, 72819 MiB, 90.25 W, 2355 MHz, 12481 MHz, 36
2026/09/27 05:10:57.739, 1, 1 %, 72627 MiB, 90.81 W, 2317 MHz, 12481 MHz, 35
2026/09/27 05:10:57.989, 0, 0 %, 72819 MiB, 90.25 W, 2355 MHz, 12481 MHz, 36
2026/09/27 05:10:57.989, 1, 1 %, 72627 MiB, 90.89 W, 2317 MHz, 12481 MHz, 35
2026/09/27 05:10:58.240, 0, 0 %, 72819 MiB, 90.30 W, 2355 MHz, 12481 MHz, 36
2026/09/27 05:10:58.240, 1, 1 %, 72627 MiB, 90.94 W, 2317 MHz, 12481 MHz, 35
2026/09/27 05:10:58.490, 0, 0 %, 72819 MiB, 90.30 W, 2355 MHz, 12481 MHz, 36
2026/09/27 05:10:58.490, 1, 1 %, 72627 MiB, 91.22 W, 2317 MHz, 12481 MHz, 35
2026/09/27 05:10:58.740, 0, 0 %, 72819 MiB, 90.30 W, 2355 MHz, 12481 MHz, 36
2026/09/27 05:10:58.740, 1, 1 %, 72627 MiB, 91.41 W, 2317 MHz, 12481 MHz, 35
2026/09/27 05:10:58.990, 0, 0 %, 72819 MiB, 90.30 W, 2355 MHz, 12481 MHz, 36
2026/09/27 05:10:58.990, 1, 1 %, 72627 MiB, 91.61 W, 2317 MHz, 12481 MHz, 36
2026/09/27 05:10:59.240, 0, 0 %, 72819 MiB, 89.50 W, 2355 MHz, 12481 MHz, 36
2026/09/27 05:10:59.240, 1, 0 %, 72659 MiB, 91.71 W, 2317 MHz, 12481 MHz, 35
2026/09/27 05:10:59.490, 0, 0 %, 72819 MiB, 89.85 W, 2355 MHz, 12481 MHz, 36
2026/09/27 05:10:59.490, 1, 0 %, 72659 MiB, 91.55 W, 2317 MHz, 12481 MHz, 35
2026/09/27 05:10:59.740, 0, 0 %, 72819 MiB, 90.21 W, 2355 MHz, 12481 MHz, 36
2026/09/27 05:10:59.740, 1, 0 %, 72659 MiB, 91.37 W, 2317 MHz, 12481 MHz, 35
2026/09/27 05:10:59.991, 0, 0 %, 72819 MiB, 90.37 W, 2355 MHz, 12481 MHz, 36
2026/09/27 05:10:59.991, 1, 0 %, 72691 MiB, 91.15 W, 2317 MHz, 12481 MHz, 35
2026/09/27 05:11:00.241, 0, 0 %, 72819 MiB, 91.75 W, 2355 MHz, 12481 MHz, 36
2026/09/27 05:11:00.241, 1, 0 %, 72691 MiB, 91.02 W, 2317 MHz, 12481 MHz, 35
2026/09/27 05:11:00.491, 0, 0 %, 72819 MiB, 91.74 W, 2355 MHz, 12481 MHz, 36
2026/09/27 05:11:00.491, 1, 0 %, 72723 MiB, 90.84 W, 2317 MHz, 12481 MHz, 35
2026/09/27 05:11:00.741, 0, 0 %, 72819 MiB, 91.67 W, 2355 MHz, 12481 MHz, 36
2026/09/27 05:11:00.741, 1, 1 %, 72723 MiB, 90.75 W, 2317 MHz, 12481 MHz, 36
2026/09/27 05:11:00.991, 0, 0 %, 72819 MiB, 91.72 W, 2355 MHz, 12481 MHz, 36
2026/09/27 05:11:00.991, 1, 0 %, 72723 MiB, 90.58 W, 2317 MHz, 12481 MHz, 35
2026/09/27 05:11:01.241, 0, 0 %, 72819 MiB, 91.69 W, 2355 MHz, 12481 MHz, 36
2026/09/27 05:11:01.241, 1, 1 %, 72755 MiB, 90.48 W, 2317 MHz, 12481 MHz, 35
2026/09/27 05:11:01.491, 0, 0 %, 72819 MiB, 91.68 W, 2355 MHz, 12481 MHz, 36
2026/09/27 05:11:01.491, 1, 0 %, 72755 MiB, 90.43 W, 2317 MHz, 12481 MHz, 35
2026/09/27 05:11:01.742, 0, 0 %, 74547 MiB, 91.99 W, 2355 MHz, 12481 MHz, 36
2026/09/27 05:11:01.742, 1, 0 %, 72787 MiB, 90.50 W, 2317 MHz, 12481 MHz, 35
2026/09/27 05:11:01.992, 0, 1 %, 74547 MiB, 92.00 W, 2355 MHz, 12481 MHz, 36
2026/09/27 05:11:01.992, 1, 0 %, 72787 MiB, 90.72 W, 2317 MHz, 12481 MHz, 35
2026/09/27 05:11:02.242, 0, 1 %, 74547 MiB, 92.12 W, 2355 MHz, 12481 MHz, 36
2026/09/27 05:11:02.242, 1, 0 %, 72787 MiB, 90.92 W, 2317 MHz, 12481 MHz, 36
2026/09/27 05:11:02.492, 0, 1 %, 74547 MiB, 92.23 W, 2355 MHz, 12481 MHz, 36
2026/09/27 05:11:02.492, 1, 0 %, 72787 MiB, 91.17 W, 2317 MHz, 12481 MHz, 35
2026/09/27 05:11:02.742, 0, 1 %, 74547 MiB, 92.07 W, 2355 MHz, 12481 MHz, 36
2026/09/27 05:11:02.742, 1, 0 %, 72787 MiB, 91.23 W, 2317 MHz, 12481 MHz, 35
2026/09/27 05:11:02.992, 0, 1 %, 74547 MiB, 92.08 W, 2355 MHz, 12481 MHz, 36
2026/09/27 05:11:02.992, 1, 0 %, 72787 MiB, 91.23 W, 2317 MHz, 12481 MHz, 35
2026/09/27 05:11:03.242, 0, 1 %, 74547 MiB, 92.09 W, 2355 MHz, 12481 MHz, 36
2026/09/27 05:11:03.242, 1, 0 %, 72787 MiB, 91.23 W, 2317 MHz, 12481 MHz, 35
2026/09/27 05:11:03.493, 0, 1 %, 74547 MiB, 92.07 W, 2355 MHz, 12481 MHz, 36
2026/09/27 05:11:03.493, 1, 0 %, 72787 MiB, 91.23 W, 2317 MHz, 12481 MHz, 35
2026/09/27 05:11:03.743, 0, 1 %, 74547 MiB, 92.09 W, 2355 MHz, 12481 MHz, 36
2026/09/27 05:11:03.743, 1, 0 %, 72787 MiB, 88.93 W, 2317 MHz, 12481 MHz, 35
2026/09/27 05:11:03.993, 0, 1 %, 74547 MiB, 92.06 W, 2355 MHz, 12481 MHz, 36
2026/09/27 05:11:03.993, 1, 0 %, 72787 MiB, 88.93 W, 2317 MHz, 12481 MHz, 35
2026/09/27 05:11:04.243, 0, 0 %, 74547 MiB, 92.03 W, 2355 MHz, 12481 MHz, 36
2026/09/27 05:11:04.243, 1, 0 %, 72787 MiB, 88.93 W, 2317 MHz, 12481 MHz, 35
2026/09/27 05:11:04.493, 0, 0 %, 74547 MiB, 92.03 W, 2355 MHz, 12481 MHz, 36
2026/09/27 05:11:04.493, 1, 0 %, 72787 MiB, 88.93 W, 2317 MHz, 12481 MHz, 35
2026/09/27 05:11:04.743, 0, 0 %, 74547 MiB, 92.05 W, 2355 MHz, 12481 MHz, 36
2026/09/27 05:11:04.743, 1, 0 %, 72787 MiB, 88.93 W, 2317 MHz, 12481 MHz, 35
2026/09/27 05:11:04.993, 0, 1 %, 74547 MiB, 92.06 W, 2355 MHz, 12481 MHz, 36
2026/09/27 05:11:04.994, 1, 0 %, 72787 MiB, 88.93 W, 2317 MHz, 12481 MHz, 35
2026/09/27 05:11:05.244, 0, 1 %, 74547 MiB, 92.11 W, 2355 MHz, 12481 MHz, 36
2026/09/27 05:11:05.244, 1, 0 %, 72787 MiB, 88.93 W, 2317 MHz, 12481 MHz, 35
2026/09/27 05:11:05.494, 0, 1 %, 74547 MiB, 92.09 W, 2355 MHz, 12481 MHz, 36
2026/09/27 05:11:05.494, 1, 0 %, 72787 MiB, 88.93 W, 2317 MHz, 12481 MHz, 35
2026/09/27 05:11:05.744, 0, 1 %, 74547 MiB, 92.07 W, 2355 MHz, 12481 MHz, 36
2026/09/27 05:11:05.744, 1, 0 %, 72787 MiB, 89.42 W, 2317 MHz, 12481 MHz, 35
2026/09/27 05:11:05.994, 0, 0 %, 74547 MiB, 92.10 W, 2355 MHz, 12481 MHz, 36
2026/09/27 05:11:05.994, 1, 0 %, 72787 MiB, 89.42 W, 2317 MHz, 12481 MHz, 35
2026/09/27 05:11:06.244, 0, 1 %, 74547 MiB, 92.06 W, 2355 MHz, 12481 MHz, 36
2026/09/27 05:11:06.244, 1, 0 %, 72787 MiB, 89.42 W, 2317 MHz, 12481 MHz, 35
2026/09/27 05:11:06.494, 0, 1 %, 74547 MiB, 92.09 W, 2355 MHz, 12481 MHz, 36
2026/09/27 05:11:06.494, 1, 0 %, 72787 MiB, 89.42 W, 2317 MHz, 12481 MHz, 35
2026/09/27 05:11:06.744, 0, 1 %, 74547 MiB, 92.13 W, 2355 MHz, 12481 MHz, 36
2026/09/27 05:11:06.745, 1, 0 %, 72787 MiB, 89.96 W, 2317 MHz, 12481 MHz, 35
2026/09/27 05:11:06.995, 0, 1 %, 74547 MiB, 92.07 W, 2355 MHz, 12481 MHz, 36
2026/09/27 05:11:06.995, 1, 0 %, 72787 MiB, 89.96 W, 2317 MHz, 12481 MHz, 35
2026/09/27 05:11:07.245, 0, 1 %, 74547 MiB, 92.14 W, 2355 MHz, 12481 MHz, 36
2026/09/27 05:11:07.245, 1, 0 %, 72787 MiB, 89.96 W, 2317 MHz, 12481 MHz, 35
2026/09/27 05:11:07.495, 0, 1 %, 74547 MiB, 92.19 W, 2355 MHz, 12481 MHz, 36
2026/09/27 05:11:07.495, 1, 0 %, 72787 MiB, 89.96 W, 2317 MHz, 12481 MHz, 35
2026/09/27 05:11:07.745, 0, 1 %, 74547 MiB, 92.10 W, 2355 MHz, 12481 MHz, 36
2026/09/27 05:11:07.745, 1, 0 %, 72787 MiB, 89.48 W, 2317 MHz, 12481 MHz, 35
2026/09/27 05:11:07.995, 0, 0 %, 74547 MiB, 92.09 W, 2355 MHz, 12481 MHz, 36
2026/09/27 05:11:07.995, 1, 0 %, 72787 MiB, 89.48 W, 2317 MHz, 12481 MHz, 35
2026/09/27 05:11:08.245, 0, 0 %, 74547 MiB, 91.97 W, 2355 MHz, 12481 MHz, 36
2026/09/27 05:11:08.246, 1, 0 %, 72787 MiB, 89.48 W, 2317 MHz, 12481 MHz, 35
2026/09/27 05:11:08.496, 0, 0 %, 74547 MiB, 91.86 W, 2355 MHz, 12481 MHz, 36
2026/09/27 05:11:08.496, 1, 0 %, 72787 MiB, 89.48 W, 2317 MHz, 12481 MHz, 35
2026/09/27 05:11:08.746, 0, 0 %, 74579 MiB, 91.82 W, 2355 MHz, 12481 MHz, 36
2026/09/27 05:11:08.746, 1, 0 %, 72787 MiB, 88.50 W, 2317 MHz, 12481 MHz, 35
2026/09/27 05:11:08.996, 0, 1 %, 74579 MiB, 91.76 W, 2355 MHz, 12481 MHz, 36
2026/09/27 05:11:08.996, 1, 0 %, 72787 MiB, 89.00 W, 2317 MHz, 12481 MHz, 35
2026/09/27 05:11:09.246, 0, 0 %, 74579 MiB, 91.78 W, 2355 MHz, 12481 MHz, 36
2026/09/27 05:11:09.246, 1, 0 %, 72787 MiB, 89.23 W, 2317 MHz, 12481 MHz, 35
2026/09/27 05:11:09.496, 0, 0 %, 74611 MiB, 91.80 W, 2355 MHz, 12481 MHz, 36
2026/09/27 05:11:09.496, 1, 0 %, 72787 MiB, 89.56 W, 2317 MHz, 12481 MHz, 35
2026/09/27 05:11:09.746, 0, 0 %, 74611 MiB, 91.78 W, 2355 MHz, 12481 MHz, 36
2026/09/27 05:11:09.746, 1, 0 %, 72787 MiB, 90.89 W, 2317 MHz, 12481 MHz, 35
2026/09/27 05:11:09.996, 0, 0 %, 74611 MiB, 91.77 W, 2355 MHz, 12481 MHz, 36
2026/09/27 05:11:09.996, 1, 0 %, 72787 MiB, 91.25 W, 2317 MHz, 12481 MHz, 35
2026/09/27 05:11:10.246, 0, 1 %, 74643 MiB, 91.79 W, 2355 MHz, 12481 MHz, 36
2026/09/27 05:11:10.247, 1, 0 %, 72787 MiB, 91.32 W, 2317 MHz, 12481 MHz, 35
2026/09/27 05:11:10.497, 0, 0 %, 74675 MiB, 91.77 W, 2355 MHz, 12481 MHz, 36
2026/09/27 05:11:10.497, 1, 0 %, 72787 MiB, 91.24 W, 2317 MHz, 12481 MHz, 35
2026/09/27 05:11:10.747, 0, 0 %, 74675 MiB, 91.80 W, 2355 MHz, 12481 MHz, 36
2026/09/27 05:11:10.747, 1, 0 %, 74515 MiB, 91.42 W, 2317 MHz, 12481 MHz, 35
2026/09/27 05:11:10.997, 0, 0 %, 74675 MiB, 91.85 W, 2355 MHz, 12481 MHz, 36
2026/09/27 05:11:10.997, 1, 1 %, 74515 MiB, 91.43 W, 2317 MHz, 12481 MHz, 35
2026/09/27 05:11:11.247, 0, 0 %, 74675 MiB, 91.76 W, 2355 MHz, 12481 MHz, 36
2026/09/27 05:11:11.247, 1, 1 %, 74515 MiB, 91.37 W, 2317 MHz, 12481 MHz, 35
2026/09/27 05:11:11.497, 0, 0 %, 74675 MiB, 91.80 W, 2355 MHz, 12481 MHz, 36
2026/09/27 05:11:11.497, 1, 1 %, 74515 MiB, 91.32 W, 2317 MHz, 12481 MHz, 35
2026/09/27 05:11:11.747, 0, 0 %, 74675 MiB, 91.86 W, 2355 MHz, 12481 MHz, 36
2026/09/27 05:11:11.747, 1, 1 %, 74515 MiB, 91.29 W, 2317 MHz, 12481 MHz, 35
2026/09/27 05:11:11.997, 0, 0 %, 74675 MiB, 91.86 W, 2355 MHz, 12481 MHz, 36
2026/09/27 05:11:11.997, 1, 1 %, 74515 MiB, 90.79 W, 2317 MHz, 12481 MHz, 35
2026/09/27 05:11:12.247, 0, 0 %, 74675 MiB, 91.86 W, 2355 MHz, 12481 MHz, 36
2026/09/27 05:11:12.248, 1, 1 %, 74515 MiB, 90.72 W, 2317 MHz, 12481 MHz, 35
2026/09/27 05:11:12.498, 0, 0 %, 74675 MiB, 91.86 W, 2355 MHz, 12481 MHz, 36
2026/09/27 05:11:12.498, 1, 1 %, 74515 MiB, 90.73 W, 2317 MHz, 12481 MHz, 35
2026/09/27 05:11:12.748, 0, 0 %, 74675 MiB, 91.23 W, 2355 MHz, 12481 MHz, 36
2026/09/27 05:11:12.748, 1, 0 %, 74515 MiB, 90.75 W, 2317 MHz, 12481 MHz, 35
2026/09/27 05:11:12.998, 0, 0 %, 74675 MiB, 91.23 W, 2355 MHz, 12481 MHz, 36
2026/09/27 05:11:12.998, 1, 1 %, 74515 MiB, 90.93 W, 2317 MHz, 12481 MHz, 35
2026/09/27 05:11:13.248, 0, 0 %, 74675 MiB, 91.23 W, 2355 MHz, 12481 MHz, 36
2026/09/27 05:11:13.248, 1, 1 %, 74515 MiB, 91.19 W, 2317 MHz, 12481 MHz, 35
2026/09/27 05:11:13.498, 0, 0 %, 74675 MiB, 91.23 W, 2355 MHz, 12481 MHz, 36
2026/09/27 05:11:13.498, 1, 1 %, 74515 MiB, 91.48 W, 2317 MHz, 12481 MHz, 36
2026/09/27 05:11:13.748, 0, 0 %, 74675 MiB, 91.69 W, 2355 MHz, 12481 MHz, 36
2026/09/27 05:11:13.748, 1, 1 %, 74515 MiB, 91.59 W, 2317 MHz, 12481 MHz, 35
2026/09/27 05:11:13.998, 0, 0 %, 74675 MiB, 91.69 W, 2355 MHz, 12481 MHz, 36
2026/09/27 05:11:13.998, 1, 1 %, 74515 MiB, 91.68 W, 2317 MHz, 12481 MHz, 35
2026/09/27 05:11:14.248, 0, 0 %, 74675 MiB, 91.69 W, 2355 MHz, 12481 MHz, 36
2026/09/27 05:11:14.248, 1, 1 %, 74515 MiB, 91.61 W, 2317 MHz, 12481 MHz, 35
2026/09/27 05:11:14.498, 0, 0 %, 74675 MiB, 91.69 W, 2355 MHz, 12481 MHz, 36
2026/09/27 05:11:14.499, 1, 1 %, 74515 MiB, 91.45 W, 2317 MHz, 12481 MHz, 35
2026/09/27 05:11:14.749, 0, 0 %, 74675 MiB, 92.25 W, 2355 MHz, 12481 MHz, 36
2026/09/27 05:11:14.749, 1, 1 %, 74515 MiB, 91.37 W, 2317 MHz, 12481 MHz, 35
2026/09/27 05:11:14.999, 0, 0 %, 74675 MiB, 92.25 W, 2355 MHz, 12481 MHz, 36
2026/09/27 05:11:14.999, 1, 1 %, 74515 MiB, 91.18 W, 2317 MHz, 12481 MHz, 36
2026/09/27 05:11:15.249, 0, 0 %, 74675 MiB, 92.25 W, 2355 MHz, 12481 MHz, 36
2026/09/27 05:11:15.249, 1, 1 %, 74515 MiB, 91.04 W, 2317 MHz, 12481 MHz, 35
2026/09/27 05:11:15.499, 0, 0 %, 74675 MiB, 92.25 W, 2355 MHz, 12481 MHz, 36
2026/09/27 05:11:15.499, 1, 1 %, 74515 MiB, 90.84 W, 2317 MHz, 12481 MHz, 35
2026/09/27 05:11:15.749, 0, 0 %, 74675 MiB, 92.16 W, 2355 MHz, 12481 MHz, 36
2026/09/27 05:11:15.749, 1, 1 %, 74515 MiB, 90.73 W, 2317 MHz, 12481 MHz, 35
2026/09/27 05:11:15.999, 0, 0 %, 74675 MiB, 92.16 W, 2355 MHz, 12481 MHz, 36
2026/09/27 05:11:15.999, 1, 1 %, 74515 MiB, 90.63 W, 2317 MHz, 12481 MHz, 35
2026/09/27 05:11:16.249, 0, 0 %, 74675 MiB, 92.16 W, 2355 MHz, 12481 MHz, 36
2026/09/27 05:11:16.250, 1, 0 %, 74515 MiB, 90.62 W, 2317 MHz, 12481 MHz, 35
2026/09/27 05:11:16.500, 0, 0 %, 74675 MiB, 92.16 W, 2355 MHz, 12481 MHz, 36
2026/09/27 05:11:16.500, 1, 0 %, 74515 MiB, 90.65 W, 2317 MHz, 12481 MHz, 35
2026/09/27 05:11:16.750, 0, 0 %, 74675 MiB, 92.07 W, 2355 MHz, 12481 MHz, 36
2026/09/27 05:11:16.750, 1, 0 %, 74547 MiB, 90.76 W, 2317 MHz, 12481 MHz, 36
2026/09/27 05:11:17.000, 0, 0 %, 74675 MiB, 92.04 W, 2355 MHz, 12481 MHz, 36
2026/09/27 05:11:17.000, 1, 0 %, 74547 MiB, 90.98 W, 2317 MHz, 12481 MHz, 35
2026/09/27 05:11:17.250, 0, 0 %, 74675 MiB, 91.98 W, 2355 MHz, 12481 MHz, 36
2026/09/27 05:11:17.250, 1, 0 %, 74579 MiB, 91.11 W, 2317 MHz, 12481 MHz, 35
2026/09/27 05:11:17.500, 0, 0 %, 74675 MiB, 91.94 W, 2355 MHz, 12481 MHz, 36
2026/09/27 05:11:17.500, 1, 1 %, 74579 MiB, 91.31 W, 2317 MHz, 12481 MHz, 35
2026/09/27 05:11:17.750, 0, 0 %, 74675 MiB, 91.73 W, 2355 MHz, 12481 MHz, 36
2026/09/27 05:11:17.750, 1, 0 %, 74579 MiB, 91.32 W, 2317 MHz, 12481 MHz, 35
2026/09/27 05:11:18.000, 0, 0 %, 74675 MiB, 91.75 W, 2355 MHz, 12481 MHz, 36
2026/09/27 05:11:18.000, 1, 1 %, 74643 MiB, 91.27 W, 2317 MHz, 12481 MHz, 35
2026/09/27 05:11:18.250, 0, 0 %, 74675 MiB, 91.71 W, 2355 MHz, 12481 MHz, 36
2026/09/27 05:11:18.250, 1, 0 %, 74643 MiB, 91.15 W, 2317 MHz, 12481 MHz, 36
2026/09/27 05:11:18.500, 0, 2 %, 76403 MiB, 91.98 W, 2355 MHz, 12481 MHz, 36
2026/09/27 05:11:18.501, 1, 0 %, 74643 MiB, 90.98 W, 2317 MHz, 12481 MHz, 35
2026/09/27 05:11:18.751, 0, 1 %, 76403 MiB, 92.12 W, 2355 MHz, 12481 MHz, 36
2026/09/27 05:11:18.751, 1, 0 %, 74643 MiB, 90.86 W, 2317 MHz, 12481 MHz, 35
2026/09/27 05:11:19.001, 0, 1 %, 76403 MiB, 92.15 W, 2355 MHz, 12481 MHz, 36
2026/09/27 05:11:19.001, 1, 0 %, 74643 MiB, 90.62 W, 2317 MHz, 12481 MHz, 35
2026/09/27 05:11:19.251, 0, 1 %, 76403 MiB, 92.31 W, 2355 MHz, 12481 MHz, 36
2026/09/27 05:11:19.251, 1, 0 %, 74643 MiB, 90.52 W, 2317 MHz, 12481 MHz, 35
2026/09/27 05:11:19.501, 0, 1 %, 76403 MiB, 92.10 W, 2355 MHz, 12481 MHz, 36
2026/09/27 05:11:19.501, 1, 0 %, 74643 MiB, 90.50 W, 2317 MHz, 12481 MHz, 35
2026/09/27 05:11:19.751, 0, 1 %, 76403 MiB, 92.10 W, 2355 MHz, 12481 MHz, 36
2026/09/27 05:11:19.751, 1, 0 %, 74643 MiB, 90.50 W, 2317 MHz, 12481 MHz, 35
2026/09/27 05:11:20.002, 0, 1 %, 76403 MiB, 92.15 W, 2355 MHz, 12481 MHz, 36
2026/09/27 05:11:20.002, 1, 0 %, 74643 MiB, 90.50 W, 2317 MHz, 12481 MHz, 35
2026/09/27 05:11:20.252, 0, 1 %, 76403 MiB, 92.14 W, 2355 MHz, 12481 MHz, 36
2026/09/27 05:11:20.252, 1, 0 %, 74643 MiB, 90.50 W, 2317 MHz, 12481 MHz, 35
2026/09/27 05:11:20.502, 0, 1 %, 76403 MiB, 92.17 W, 2355 MHz, 12481 MHz, 36
2026/09/27 05:11:20.502, 1, 0 %, 74643 MiB, 89.90 W, 2317 MHz, 12481 MHz, 35
2026/09/27 05:11:20.752, 0, 1 %, 76403 MiB, 92.18 W, 2355 MHz, 12481 MHz, 36
2026/09/27 05:11:20.752, 1, 0 %, 74643 MiB, 89.90 W, 2317 MHz, 12481 MHz, 35
2026/09/27 05:11:21.002, 0, 1 %, 76403 MiB, 92.14 W, 2355 MHz, 12481 MHz, 36
2026/09/27 05:11:21.002, 1, 0 %, 74643 MiB, 89.90 W, 2317 MHz, 12481 MHz, 35
2026/09/27 05:11:21.252, 0, 1 %, 76403 MiB, 92.13 W, 2355 MHz, 12481 MHz, 36
2026/09/27 05:11:21.252, 1, 0 %, 74643 MiB, 89.90 W, 2317 MHz, 12481 MHz, 35
2026/09/27 05:11:21.503, 0, 1 %, 76403 MiB, 92.16 W, 2355 MHz, 12481 MHz, 36
2026/09/27 05:11:21.503, 1, 0 %, 74643 MiB, 89.42 W, 2317 MHz, 12481 MHz, 35
2026/09/27 05:11:21.753, 0, 1 %, 76403 MiB, 92.11 W, 2355 MHz, 12481 MHz, 36
2026/09/27 05:11:21.753, 1, 0 %, 74643 MiB, 89.42 W, 2317 MHz, 12481 MHz, 35
2026/09/27 05:11:22.003, 0, 1 %, 76403 MiB, 92.16 W, 2355 MHz, 12481 MHz, 36
2026/09/27 05:11:22.003, 1, 0 %, 74643 MiB, 89.42 W, 2317 MHz, 12481 MHz, 35
2026/09/27 05:11:22.253, 0, 1 %, 76403 MiB, 92.13 W, 2355 MHz, 12481 MHz, 36
2026/09/27 05:11:22.253, 1, 0 %, 74643 MiB, 89.42 W, 2317 MHz, 12481 MHz, 35
2026/09/27 05:11:22.503, 0, 1 %, 76403 MiB, 92.11 W, 2355 MHz, 12481 MHz, 36
2026/09/27 05:11:22.503, 1, 0 %, 74643 MiB, 89.17 W, 2317 MHz, 12481 MHz, 35
2026/09/27 05:11:22.753, 0, 1 %, 76403 MiB, 92.14 W, 2355 MHz, 12481 MHz, 36
2026/09/27 05:11:22.754, 1, 0 %, 74643 MiB, 89.17 W, 2317 MHz, 12481 MHz, 35
2026/09/27 05:11:23.004, 0, 1 %, 76403 MiB, 92.13 W, 2355 MHz, 12481 MHz, 36
2026/09/27 05:11:23.004, 1, 0 %, 74643 MiB, 89.17 W, 2317 MHz, 12481 MHz, 35
2026/09/27 05:11:23.254, 0, 1 %, 76403 MiB, 92.17 W, 2355 MHz, 12481 MHz, 36
2026/09/27 05:11:23.254, 1, 0 %, 74643 MiB, 89.17 W, 2317 MHz, 12481 MHz, 35
2026/09/27 05:11:23.504, 0, 1 %, 76403 MiB, 92.24 W, 2355 MHz, 12481 MHz, 36
2026/09/27 05:11:23.504, 1, 0 %, 74643 MiB, 88.93 W, 2317 MHz, 12481 MHz, 35
2026/09/27 05:11:23.754, 0, 1 %, 76403 MiB, 92.16 W, 2355 MHz, 12481 MHz, 36
2026/09/27 05:11:23.754, 1, 0 %, 74643 MiB, 88.93 W, 2317 MHz, 12481 MHz, 35
2026/09/27 05:11:24.004, 0, 1 %, 76403 MiB, 92.12 W, 2355 MHz, 12481 MHz, 36
2026/09/27 05:11:24.004, 1, 0 %, 74643 MiB, 88.93 W, 2317 MHz, 12481 MHz, 35
2026/09/27 05:11:24.254, 0, 0 %, 76435 MiB, 92.05 W, 2355 MHz, 12481 MHz, 36
2026/09/27 05:11:24.254, 1, 0 %, 74643 MiB, 89.19 W, 2317 MHz, 12481 MHz, 35
2026/09/27 05:11:24.505, 0, 0 %, 76435 MiB, 91.89 W, 2355 MHz, 12481 MHz, 36
2026/09/27 05:11:24.505, 1, 0 %, 74643 MiB, 89.92 W, 2317 MHz, 12481 MHz, 35
2026/09/27 05:11:24.755, 0, 0 %, 76435 MiB, 91.83 W, 2355 MHz, 12481 MHz, 36
2026/09/27 05:11:24.755, 1, 0 %, 74643 MiB, 90.11 W, 2317 MHz, 12481 MHz, 35
2026/09/27 05:11:25.005, 0, 0 %, 76435 MiB, 91.74 W, 2355 MHz, 12481 MHz, 36
2026/09/27 05:11:25.005, 1, 0 %, 74643 MiB, 90.32 W, 2317 MHz, 12481 MHz, 35
2026/09/27 05:11:25.255, 0, 1 %, 76467 MiB, 91.71 W, 2355 MHz, 12481 MHz, 36
2026/09/27 05:11:25.255, 1, 0 %, 74643 MiB, 91.25 W, 2317 MHz, 12481 MHz, 35
2026/09/27 05:11:25.505, 0, 0 %, 76467 MiB, 91.75 W, 2355 MHz, 12481 MHz, 36
2026/09/27 05:11:25.505, 1, 0 %, 74643 MiB, 91.14 W, 2317 MHz, 12481 MHz, 35
2026/09/27 05:11:25.755, 0, 0 %, 76467 MiB, 91.69 W, 2355 MHz, 12481 MHz, 36
2026/09/27 05:11:25.755, 1, 0 %, 74643 MiB, 91.03 W, 2317 MHz, 12481 MHz, 35
2026/09/27 05:11:26.005, 0, 0 %, 76499 MiB, 91.73 W, 2355 MHz, 12481 MHz, 36
2026/09/27 05:11:26.005, 1, 0 %, 74643 MiB, 90.85 W, 2317 MHz, 12481 MHz, 35
2026/09/27 05:11:26.255, 0, 0 %, 76499 MiB, 91.81 W, 2355 MHz, 12481 MHz, 36
2026/09/27 05:11:26.255, 1, 0 %, 74643 MiB, 90.72 W, 2317 MHz, 12481 MHz, 35
2026/09/27 05:11:26.505, 0, 0 %, 76531 MiB, 91.79 W, 2355 MHz, 12481 MHz, 36
2026/09/27 05:11:26.505, 1, 0 %, 74643 MiB, 90.54 W, 2317 MHz, 12481 MHz, 35
2026/09/27 05:11:26.755, 0, 1 %, 76563 MiB, 91.85 W, 2355 MHz, 12481 MHz, 36
2026/09/27 05:11:26.756, 1, 0 %, 74643 MiB, 90.47 W, 2317 MHz, 12481 MHz, 35
2026/09/27 05:11:27.006, 0, 0 %, 76563 MiB, 91.90 W, 2355 MHz, 12481 MHz, 36
2026/09/27 05:11:27.006, 1, 0 %, 74643 MiB, 90.36 W, 2317 MHz, 12481 MHz, 35
2026/09/27 05:11:27.256, 0, 0 %, 76563 MiB, 91.83 W, 2355 MHz, 12481 MHz, 36
2026/09/27 05:11:27.256, 1, 1 %, 76371 MiB, 90.76 W, 2317 MHz, 12481 MHz, 36
2026/09/27 05:11:27.506, 0, 0 %, 76563 MiB, 91.86 W, 2355 MHz, 12481 MHz, 36
2026/09/27 05:11:27.506, 1, 1 %, 76371 MiB, 90.98 W, 2317 MHz, 12481 MHz, 35
2026/09/27 05:11:27.756, 0, 0 %, 76563 MiB, 91.84 W, 2355 MHz, 12481 MHz, 36
2026/09/27 05:11:27.756, 1, 1 %, 76371 MiB, 91.19 W, 2317 MHz, 12481 MHz, 35
2026/09/27 05:11:28.006, 0, 0 %, 76563 MiB, 91.78 W, 2355 MHz, 12481 MHz, 36
2026/09/27 05:11:28.006, 1, 1 %, 76371 MiB, 91.65 W, 2317 MHz, 12481 MHz, 35
2026/09/27 05:11:28.256, 0, 0 %, 76563 MiB, 91.79 W, 2355 MHz, 12481 MHz, 36
2026/09/27 05:11:28.256, 1, 1 %, 76371 MiB, 91.48 W, 2317 MHz, 12481 MHz, 35
2026/09/27 05:11:28.506, 0, 0 %, 76563 MiB, 91.79 W, 2355 MHz, 12481 MHz, 36
2026/09/27 05:11:28.507, 1, 1 %, 76371 MiB, 91.66 W, 2317 MHz, 12481 MHz, 35
2026/09/27 05:11:28.757, 0, 0 %, 76563 MiB, 91.79 W, 2355 MHz, 12481 MHz, 36
2026/09/27 05:11:28.757, 1, 1 %, 76371 MiB, 91.75 W, 2317 MHz, 12481 MHz, 35
2026/09/27 05:11:29.007, 0, 0 %, 76563 MiB, 91.79 W, 2355 MHz, 12481 MHz, 36
2026/09/27 05:11:29.007, 1, 1 %, 76371 MiB, 91.63 W, 2317 MHz, 12481 MHz, 35
2026/09/27 05:11:29.257, 0, 0 %, 76563 MiB, 89.71 W, 2355 MHz, 12481 MHz, 36
2026/09/27 05:11:29.257, 1, 0 %, 76371 MiB, 91.53 W, 2317 MHz, 12481 MHz, 35
2026/09/27 05:11:29.507, 0, 0 %, 76563 MiB, 89.71 W, 2355 MHz, 12481 MHz, 36
2026/09/27 05:11:29.507, 1, 1 %, 76371 MiB, 91.36 W, 2317 MHz, 12481 MHz, 36
2026/09/27 05:11:29.757, 0, 0 %, 76563 MiB, 89.71 W, 2355 MHz, 12481 MHz, 36
2026/09/27 05:11:29.757, 1, 1 %, 76371 MiB, 91.18 W, 2317 MHz, 12481 MHz, 35
2026/09/27 05:11:30.007, 0, 0 %, 76563 MiB, 89.71 W, 2355 MHz, 12481 MHz, 36
2026/09/27 05:11:30.007, 1, 1 %, 76371 MiB, 91.01 W, 2317 MHz, 12481 MHz, 35
2026/09/27 05:11:30.257, 0, 0 %, 76563 MiB, 90.84 W, 2355 MHz, 12481 MHz, 36
2026/09/27 05:11:30.258, 1, 1 %, 76371 MiB, 90.90 W, 2317 MHz, 12481 MHz, 35
2026/09/27 05:11:30.508, 0, 0 %, 76563 MiB, 90.84 W, 2355 MHz, 12481 MHz, 36
2026/09/27 05:11:30.508, 1, 1 %, 76371 MiB, 90.77 W, 2317 MHz, 12481 MHz, 35
2026/09/27 05:11:30.758, 0, 0 %, 76563 MiB, 90.84 W, 2355 MHz, 12481 MHz, 36
2026/09/27 05:11:30.758, 1, 1 %, 76371 MiB, 90.74 W, 2317 MHz, 12481 MHz, 35
2026/09/27 05:11:31.008, 0, 0 %, 76563 MiB, 90.84 W, 2355 MHz, 12481 MHz, 36
2026/09/27 05:11:31.008, 1, 1 %, 76371 MiB, 90.72 W, 2317 MHz, 12481 MHz, 36
2026/09/27 05:11:31.258, 0, 0 %, 76563 MiB, 90.52 W, 2355 MHz, 12481 MHz, 36
2026/09/27 05:11:31.258, 1, 1 %, 76371 MiB, 90.76 W, 2317 MHz, 12481 MHz, 35
2026/09/27 05:11:31.508, 0, 0 %, 76563 MiB, 90.52 W, 2355 MHz, 12481 MHz, 36
2026/09/27 05:11:31.508, 1, 1 %, 76371 MiB, 91.07 W, 2317 MHz, 12481 MHz, 35
2026/09/27 05:11:31.758, 0, 0 %, 76563 MiB, 90.52 W, 2355 MHz, 12481 MHz, 36
2026/09/27 05:11:31.758, 1, 0 %, 76371 MiB, 91.26 W, 2317 MHz, 12481 MHz, 35
2026/09/27 05:11:32.008, 0, 0 %, 76563 MiB, 90.52 W, 2355 MHz, 12481 MHz, 36
2026/09/27 05:11:32.009, 1, 1 %, 76371 MiB, 91.59 W, 2317 MHz, 12481 MHz, 35
2026/09/27 05:11:32.259, 0, 0 %, 76563 MiB, 90.00 W, 2355 MHz, 12481 MHz, 36
2026/09/27 05:11:32.259, 1, 0 %, 76371 MiB, 91.72 W, 2317 MHz, 12481 MHz, 35
2026/09/27 05:11:32.509, 0, 0 %, 76563 MiB, 90.00 W, 2355 MHz, 12481 MHz, 36
2026/09/27 05:11:32.509, 1, 1 %, 76371 MiB, 91.67 W, 2317 MHz, 12481 MHz, 36
2026/09/27 05:11:32.759, 0, 0 %, 76563 MiB, 90.01 W, 2355 MHz, 12481 MHz, 36
2026/09/27 05:11:32.759, 1, 1 %, 76403 MiB, 91.59 W, 2317 MHz, 12481 MHz, 36
2026/09/27 05:11:33.009, 0, 0 %, 76563 MiB, 90.19 W, 2355 MHz, 12481 MHz, 36
2026/09/27 05:11:33.009, 1, 0 %, 76403 MiB, 91.33 W, 2317 MHz, 12481 MHz, 35
2026/09/27 05:11:33.259, 0, 0 %, 76563 MiB, 90.91 W, 2355 MHz, 12481 MHz, 36
2026/09/27 05:11:33.259, 1, 0 %, 76403 MiB, 91.17 W, 2317 MHz, 12481 MHz, 35
2026/09/27 05:11:33.509, 0, 0 %, 76563 MiB, 91.01 W, 2355 MHz, 12481 MHz, 36
2026/09/27 05:11:33.509, 1, 1 %, 76435 MiB, 90.85 W, 2317 MHz, 12481 MHz, 35
2026/09/27 05:11:33.759, 0, 0 %, 76563 MiB, 91.63 W, 2355 MHz, 12481 MHz, 36
2026/09/27 05:11:33.759, 1, 0 %, 76435 MiB, 90.67 W, 2317 MHz, 12481 MHz, 35
2026/09/27 05:11:34.009, 0, 0 %, 76563 MiB, 91.66 W, 2355 MHz, 12481 MHz, 36
2026/09/27 05:11:34.009, 1, 0 %, 76467 MiB, 90.56 W, 2317 MHz, 12481 MHz, 35
2026/09/27 05:11:34.260, 0, 0 %, 76563 MiB, 91.64 W, 2355 MHz, 12481 MHz, 36
2026/09/27 05:11:34.260, 1, 0 %, 76467 MiB, 90.47 W, 2317 MHz, 12481 MHz, 36
2026/09/27 05:11:34.510, 0, 0 %, 76563 MiB, 91.65 W, 2355 MHz, 12481 MHz, 36
2026/09/27 05:11:34.510, 1, 0 %, 76499 MiB, 90.44 W, 2317 MHz, 12481 MHz, 35
2026/09/27 05:11:34.760, 0, 0 %, 76563 MiB, 91.70 W, 2355 MHz, 12481 MHz, 36
2026/09/27 05:11:34.760, 1, 1 %, 76531 MiB, 90.49 W, 2317 MHz, 12481 MHz, 35
2026/09/27 05:11:35.010, 0, 0 %, 78291 MiB, 91.63 W, 2355 MHz, 12481 MHz, 36
2026/09/27 05:11:35.010, 1, 0 %, 76531 MiB, 90.66 W, 2317 MHz, 12481 MHz, 35
2026/09/27 05:11:35.260, 0, 1 %, 78291 MiB, 92.14 W, 2355 MHz, 12481 MHz, 36
2026/09/27 05:11:35.260, 1, 0 %, 76531 MiB, 90.85 W, 2317 MHz, 12481 MHz, 35
2026/09/27 05:11:35.510, 0, 1 %, 78291 MiB, 92.22 W, 2355 MHz, 12481 MHz, 36
2026/09/27 05:11:35.510, 1, 0 %, 76531 MiB, 91.21 W, 2317 MHz, 12481 MHz, 35
2026/09/27 05:11:35.760, 0, 0 %, 78291 MiB, 92.29 W, 2355 MHz, 12481 MHz, 36
2026/09/27 05:11:35.760, 1, 0 %, 76531 MiB, 91.39 W, 2317 MHz, 12481 MHz, 36
2026/09/27 05:11:36.010, 0, 1 %, 78291 MiB, 92.38 W, 2355 MHz, 12481 MHz, 36
2026/09/27 05:11:36.010, 1, 0 %, 76531 MiB, 91.47 W, 2317 MHz, 12481 MHz, 35
2026/09/27 05:11:36.260, 0, 1 %, 78291 MiB, 92.05 W, 2355 MHz, 12481 MHz, 36
2026/09/27 05:11:36.261, 1, 0 %, 76531 MiB, 91.47 W, 2317 MHz, 12481 MHz, 35
2026/09/27 05:11:36.511, 0, 1 %, 78291 MiB, 92.05 W, 2355 MHz, 12481 MHz, 36
2026/09/27 05:11:36.511, 1, 0 %, 76531 MiB, 91.47 W, 2317 MHz, 12481 MHz, 35
2026/09/27 05:11:36.761, 0, 1 %, 78291 MiB, 92.08 W, 2355 MHz, 12481 MHz, 36
2026/09/27 05:11:36.761, 1, 0 %, 76531 MiB, 91.47 W, 2317 MHz, 12481 MHz, 35
2026/09/27 05:11:37.011, 0, 1 %, 78291 MiB, 92.05 W, 2355 MHz, 12481 MHz, 36
2026/09/27 05:11:37.011, 1, 0 %, 76531 MiB, 89.45 W, 2317 MHz, 12481 MHz, 35
2026/09/27 05:11:37.261, 0, 1 %, 78291 MiB, 92.06 W, 2355 MHz, 12481 MHz, 36
2026/09/27 05:11:37.261, 1, 0 %, 76531 MiB, 89.45 W, 2317 MHz, 12481 MHz, 35
2026/09/27 05:11:37.511, 0, 1 %, 78291 MiB, 92.07 W, 2355 MHz, 12481 MHz, 36
2026/09/27 05:11:37.511, 1, 0 %, 76531 MiB, 89.45 W, 2317 MHz, 12481 MHz, 35
2026/09/27 05:11:37.761, 0, 1 %, 78291 MiB, 92.04 W, 2355 MHz, 12481 MHz, 36
2026/09/27 05:11:37.761, 1, 0 %, 76531 MiB, 89.45 W, 2317 MHz, 12481 MHz, 35
2026/09/27 05:11:38.012, 0, 1 %, 78291 MiB, 92.09 W, 2355 MHz, 12481 MHz, 36
2026/09/27 05:11:38.012, 1, 0 %, 76531 MiB, 89.41 W, 2317 MHz, 12481 MHz, 35
2026/09/27 05:11:38.262, 0, 1 %, 78291 MiB, 92.09 W, 2355 MHz, 12481 MHz, 36
2026/09/27 05:11:38.262, 1, 0 %, 76531 MiB, 89.41 W, 2317 MHz, 12481 MHz, 35
2026/09/27 05:11:38.512, 0, 1 %, 78291 MiB, 92.10 W, 2355 MHz, 12481 MHz, 36
2026/09/27 05:11:38.512, 1, 0 %, 76531 MiB, 89.41 W, 2317 MHz, 12481 MHz, 35
2026/09/27 05:11:38.762, 0, 1 %, 78291 MiB, 92.11 W, 2355 MHz, 12481 MHz, 36
2026/09/27 05:11:38.762, 1, 0 %, 76531 MiB, 89.41 W, 2317 MHz, 12481 MHz, 35
2026/09/27 05:11:39.012, 0, 1 %, 78291 MiB, 92.12 W, 2355 MHz, 12481 MHz, 36
2026/09/27 05:11:39.012, 1, 0 %, 76531 MiB, 89.90 W, 2317 MHz, 12481 MHz, 35
2026/09/27 05:11:39.262, 0, 1 %, 78291 MiB, 92.07 W, 2355 MHz, 12481 MHz, 36
2026/09/27 05:11:39.262, 1, 0 %, 76531 MiB, 89.90 W, 2317 MHz, 12481 MHz, 35
2026/09/27 05:11:39.512, 0, 1 %, 78291 MiB, 92.10 W, 2355 MHz, 12481 MHz, 36
2026/09/27 05:11:39.513, 1, 0 %, 76531 MiB, 89.90 W, 2317 MHz, 12481 MHz, 35
2026/09/27 05:11:39.763, 0, 1 %, 78291 MiB, 92.09 W, 2355 MHz, 12481 MHz, 36
2026/09/27 05:11:39.763, 1, 0 %, 76531 MiB, 89.90 W, 2317 MHz, 12481 MHz, 35
2026/09/27 05:11:40.013, 0, 0 %, 78291 MiB, 92.03 W, 2355 MHz, 12481 MHz, 36
2026/09/27 05:11:40.013, 1, 0 %, 76531 MiB, 89.96 W, 2317 MHz, 12481 MHz, 35
2026/09/27 05:11:40.263, 0, 1 %, 78291 MiB, 92.11 W, 2355 MHz, 12481 MHz, 36
2026/09/27 05:11:40.263, 1, 0 %, 76531 MiB, 89.96 W, 2317 MHz, 12481 MHz, 35
2026/09/27 05:11:40.513, 0, 1 %, 78291 MiB, 92.04 W, 2355 MHz, 12481 MHz, 36
2026/09/27 05:11:40.513, 1, 0 %, 76531 MiB, 89.96 W, 2317 MHz, 12481 MHz, 35
2026/09/27 05:11:40.763, 0, 1 %, 78291 MiB, 92.05 W, 2355 MHz, 12481 MHz, 36
2026/09/27 05:11:40.763, 1, 0 %, 76531 MiB, 89.96 W, 2317 MHz, 12481 MHz, 35
2026/09/27 05:11:41.013, 0, 0 %, 78291 MiB, 92.11 W, 2355 MHz, 12481 MHz, 36
2026/09/27 05:11:41.013, 1, 0 %, 76531 MiB, 89.69 W, 2317 MHz, 12481 MHz, 35
2026/09/27 05:11:41.263, 0, 0 %, 78323 MiB, 91.92 W, 2355 MHz, 12481 MHz, 36
2026/09/27 05:11:41.263, 1, 0 %, 76531 MiB, 89.69 W, 2317 MHz, 12481 MHz, 35
2026/09/27 05:11:41.513, 0, 0 %, 78323 MiB, 91.90 W, 2355 MHz, 12481 MHz, 36
2026/09/27 05:11:41.513, 1, 0 %, 76531 MiB, 89.90 W, 2317 MHz, 12481 MHz, 35
2026/09/27 05:11:41.763, 0, 0 %, 78323 MiB, 91.81 W, 2355 MHz, 12481 MHz, 36
2026/09/27 05:11:41.763, 1, 0 %, 76531 MiB, 89.95 W, 2317 MHz, 12481 MHz, 35
2026/09/27 05:11:42.013, 0, 0 %, 78355 MiB, 91.73 W, 2355 MHz, 12481 MHz, 36
2026/09/27 05:11:42.014, 1, 0 %, 76531 MiB, 90.65 W, 2317 MHz, 12481 MHz, 35
2026/09/27 05:11:42.264, 0, 0 %, 78355 MiB, 91.77 W, 2355 MHz, 12481 MHz, 36
2026/09/27 05:11:42.264, 1, 0 %, 76531 MiB, 90.65 W, 2317 MHz, 12481 MHz, 35
2026/09/27 05:11:42.514, 0, 0 %, 78355 MiB, 91.71 W, 2355 MHz, 12481 MHz, 36
2026/09/27 05:11:42.514, 1, 0 %, 76531 MiB, 90.74 W, 2317 MHz, 12481 MHz, 35
2026/09/27 05:11:42.764, 0, 0 %, 78387 MiB, 91.73 W, 2355 MHz, 12481 MHz, 36
2026/09/27 05:11:42.764, 1, 0 %, 76531 MiB, 90.97 W, 2317 MHz, 12481 MHz, 35
2026/09/27 05:11:43.014, 0, 0 %, 78387 MiB, 91.74 W, 2355 MHz, 12481 MHz, 36
2026/09/27 05:11:43.014, 1, 0 %, 76531 MiB, 91.22 W, 2317 MHz, 12481 MHz, 35
2026/09/27 05:11:43.264, 0, 0 %, 78387 MiB, 91.73 W, 2355 MHz, 12481 MHz, 36
2026/09/27 05:11:43.264, 1, 0 %, 76531 MiB, 91.35 W, 2317 MHz, 12481 MHz, 35
2026/09/27 05:11:43.514, 0, 1 %, 78419 MiB, 91.75 W, 2355 MHz, 12481 MHz, 36
2026/09/27 05:11:43.514, 1, 0 %, 76531 MiB, 91.37 W, 2317 MHz, 12481 MHz, 35
2026/09/27 05:11:43.764, 0, 0 %, 78419 MiB, 91.84 W, 2355 MHz, 12481 MHz, 36
2026/09/27 05:11:43.764, 1, 0 %, 76531 MiB, 91.31 W, 2317 MHz, 12481 MHz, 35
2026/09/27 05:11:44.014, 0, 0 %, 78451 MiB, 91.85 W, 2355 MHz, 12481 MHz, 36
2026/09/27 05:11:44.014, 1, 2 %, 78259 MiB, 91.66 W, 2317 MHz, 12481 MHz, 35
2026/09/27 05:11:44.264, 0, 0 %, 78451 MiB, 91.81 W, 2355 MHz, 12481 MHz, 36
2026/09/27 05:11:44.264, 1, 1 %, 78259 MiB, 91.62 W, 2317 MHz, 12481 MHz, 35
2026/09/27 05:11:44.515, 0, 0 %, 78451 MiB, 91.83 W, 2355 MHz, 12481 MHz, 36
2026/09/27 05:11:44.515, 1, 1 %, 78259 MiB, 91.51 W, 2317 MHz, 12481 MHz, 35
2026/09/27 05:11:44.765, 0, 0 %, 78451 MiB, 91.74 W, 2355 MHz, 12481 MHz, 36
2026/09/27 05:11:44.765, 1, 1 %, 78259 MiB, 91.42 W, 2317 MHz, 12481 MHz, 35
2026/09/27 05:11:45.015, 0, 0 %, 78451 MiB, 91.72 W, 2355 MHz, 12481 MHz, 36
2026/09/27 05:11:45.015, 1, 1 %, 78259 MiB, 90.93 W, 2317 MHz, 12481 MHz, 35
2026/09/27 05:11:45.265, 0, 0 %, 78451 MiB, 91.72 W, 2355 MHz, 12481 MHz, 36
2026/09/27 05:11:45.265, 1, 1 %, 78259 MiB, 90.81 W, 2317 MHz, 12481 MHz, 35
2026/09/27 05:11:45.515, 0, 0 %, 78451 MiB, 91.72 W, 2355 MHz, 12481 MHz, 36
2026/09/27 05:11:45.515, 1, 1 %, 78259 MiB, 90.73 W, 2317 MHz, 12481 MHz, 36
2026/09/27 05:11:45.765, 0, 0 %, 78451 MiB, 91.72 W, 2355 MHz, 12481 MHz, 36
2026/09/27 05:11:45.765, 1, 1 %, 78259 MiB, 90.78 W, 2317 MHz, 12481 MHz, 35
2026/09/27 05:11:46.015, 0, 0 %, 78451 MiB, 89.71 W, 2355 MHz, 12481 MHz, 36
2026/09/27 05:11:46.015, 1, 1 %, 78259 MiB, 90.85 W, 2317 MHz, 12481 MHz, 35
2026/09/27 05:11:46.265, 0, 0 %, 78451 MiB, 89.71 W, 2355 MHz, 12481 MHz, 36
2026/09/27 05:11:46.265, 1, 1 %, 78259 MiB, 91.05 W, 2317 MHz, 12481 MHz, 35
2026/09/27 05:11:46.515, 0, 0 %, 78451 MiB, 89.71 W, 2355 MHz, 12481 MHz, 36
2026/09/27 05:11:46.515, 1, 1 %, 78259 MiB, 91.37 W, 2317 MHz, 12481 MHz, 35
2026/09/27 05:11:46.766, 0, 0 %, 78451 MiB, 89.71 W, 2355 MHz, 12481 MHz, 36
2026/09/27 05:11:46.766, 1, 1 %, 78259 MiB, 91.56 W, 2317 MHz, 12481 MHz, 35
2026/09/27 05:11:47.016, 0, 0 %, 78451 MiB, 89.71 W, 2355 MHz, 12481 MHz, 36
2026/09/27 05:11:47.016, 1, 1 %, 78259 MiB, 91.75 W, 2317 MHz, 12481 MHz, 36
2026/09/27 05:11:47.266, 0, 0 %, 78451 MiB, 89.71 W, 2355 MHz, 12481 MHz, 36
2026/09/27 05:11:47.266, 1, 1 %, 78259 MiB, 91.75 W, 2317 MHz, 12481 MHz, 35
2026/09/27 05:11:47.516, 0, 0 %, 78451 MiB, 89.71 W, 2355 MHz, 12481 MHz, 36
2026/09/27 05:11:47.516, 1, 1 %, 78259 MiB, 91.60 W, 2317 MHz, 12481 MHz, 35
2026/09/27 05:11:47.766, 0, 0 %, 78451 MiB, 89.71 W, 2355 MHz, 12481 MHz, 36
2026/09/27 05:11:47.766, 1, 1 %, 78259 MiB, 91.49 W, 2317 MHz, 12481 MHz, 35
2026/09/27 05:11:48.016, 0, 0 %, 78451 MiB, 90.49 W, 2355 MHz, 12481 MHz, 36
2026/09/27 05:11:48.016, 1, 1 %, 78259 MiB, 91.34 W, 2317 MHz, 12481 MHz, 35
2026/09/27 05:11:48.266, 0, 0 %, 78451 MiB, 90.49 W, 2355 MHz, 12481 MHz, 36
2026/09/27 05:11:48.266, 1, 1 %, 78259 MiB, 91.18 W, 2317 MHz, 12481 MHz, 35
2026/09/27 05:11:48.516, 0, 0 %, 78451 MiB, 90.49 W, 2355 MHz, 12481 MHz, 36
2026/09/27 05:11:48.517, 1, 1 %, 78259 MiB, 91.01 W, 2317 MHz, 12481 MHz, 35
2026/09/27 05:11:48.767, 0, 0 %, 78451 MiB, 90.49 W, 2355 MHz, 12481 MHz, 36
2026/09/27 05:11:48.767, 1, 1 %, 78259 MiB, 90.93 W, 2317 MHz, 12481 MHz, 36
2026/09/27 05:11:49.017, 0, 0 %, 78451 MiB, 90.20 W, 2355 MHz, 12481 MHz, 36
2026/09/27 05:11:49.017, 1, 1 %, 78259 MiB, 90.81 W, 2317 MHz, 12481 MHz, 35
2026/09/27 05:11:49.267, 0, 0 %, 78451 MiB, 90.37 W, 2355 MHz, 12481 MHz, 36
2026/09/27 05:11:49.267, 1, 1 %, 78291 MiB, 90.74 W, 2317 MHz, 12481 MHz, 35
2026/09/27 05:11:49.517, 0, 0 %, 78451 MiB, 90.54 W, 2355 MHz, 12481 MHz, 36
2026/09/27 05:11:49.517, 1, 0 %, 78291 MiB, 90.72 W, 2317 MHz, 12481 MHz, 35
2026/09/27 05:11:49.767, 0, 0 %, 78451 MiB, 90.68 W, 2355 MHz, 12481 MHz, 36
2026/09/27 05:11:49.767, 1, 0 %, 78323 MiB, 90.70 W, 2317 MHz, 12481 MHz, 35
2026/09/27 05:11:50.017, 0, 0 %, 78451 MiB, 91.30 W, 2355 MHz, 12481 MHz, 36
2026/09/27 05:11:50.017, 1, 0 %, 78323 MiB, 90.93 W, 2317 MHz, 12481 MHz, 35
2026/09/27 05:11:50.267, 0, 0 %, 78451 MiB, 91.67 W, 2355 MHz, 12481 MHz, 36
2026/09/27 05:11:50.267, 1, 0 %, 78323 MiB, 91.11 W, 2317 MHz, 12481 MHz, 36
2026/09/27 05:11:50.517, 0, 0 %, 78451 MiB, 91.61 W, 2355 MHz, 12481 MHz, 36
2026/09/27 05:11:50.517, 1, 0 %, 78355 MiB, 91.30 W, 2317 MHz, 12481 MHz, 35
2026/09/27 05:11:50.767, 0, 0 %, 78451 MiB, 91.69 W, 2355 MHz, 12481 MHz, 36
2026/09/27 05:11:50.767, 1, 0 %, 78355 MiB, 91.43 W, 2317 MHz, 12481 MHz, 35
2026/09/27 05:11:51.018, 0, 0 %, 78451 MiB, 91.62 W, 2355 MHz, 12481 MHz, 36
2026/09/27 05:11:51.018, 1, 0 %, 78387 MiB, 91.37 W, 2317 MHz, 12481 MHz, 35
2026/09/27 05:11:51.268, 0, 0 %, 78451 MiB, 91.63 W, 2355 MHz, 12481 MHz, 36
2026/09/27 05:11:51.268, 1, 0 %, 78387 MiB, 91.30 W, 2317 MHz, 12481 MHz, 35
2026/09/27 05:11:51.518, 0, 0 %, 80179 MiB, 92.14 W, 2355 MHz, 12481 MHz, 36
2026/09/27 05:11:51.518, 1, 0 %, 78419 MiB, 91.17 W, 2317 MHz, 12481 MHz, 35
2026/09/27 05:11:51.768, 0, 1 %, 80179 MiB, 92.22 W, 2355 MHz, 12481 MHz, 36
2026/09/27 05:11:51.768, 1, 0 %, 78419 MiB, 91.05 W, 2317 MHz, 12481 MHz, 35
2026/09/27 05:11:52.018, 0, 1 %, 80179 MiB, 92.34 W, 2355 MHz, 12481 MHz, 36
2026/09/27 05:11:52.018, 1, 0 %, 78419 MiB, 90.80 W, 2317 MHz, 12481 MHz, 35
2026/09/27 05:11:52.268, 0, 1 %, 80179 MiB, 92.50 W, 2355 MHz, 12481 MHz, 36
2026/09/27 05:11:52.268, 1, 0 %, 78419 MiB, 90.68 W, 2317 MHz, 12481 MHz, 35
2026/09/27 05:11:52.518, 0, 1 %, 80179 MiB, 92.06 W, 2355 MHz, 12481 MHz, 36
2026/09/27 05:11:52.518, 1, 0 %, 78419 MiB, 90.59 W, 2317 MHz, 12481 MHz, 35
2026/09/27 05:11:52.768, 0, 1 %, 80179 MiB, 92.16 W, 2355 MHz, 12481 MHz, 36
2026/09/27 05:11:52.768, 1, 0 %, 78419 MiB, 90.59 W, 2317 MHz, 12481 MHz, 35
2026/09/27 05:11:53.018, 0, 1 %, 80179 MiB, 92.19 W, 2355 MHz, 12481 MHz, 36
2026/09/27 05:11:53.019, 1, 0 %, 78419 MiB, 90.59 W, 2317 MHz, 12481 MHz, 35
2026/09/27 05:11:53.269, 0, 1 %, 80179 MiB, 92.15 W, 2355 MHz, 12481 MHz, 36
2026/09/27 05:11:53.269, 1, 0 %, 78419 MiB, 90.59 W, 2317 MHz, 12481 MHz, 35
2026/09/27 05:11:53.519, 0, 1 %, 80179 MiB, 92.19 W, 2355 MHz, 12481 MHz, 36
2026/09/27 05:11:53.519, 1, 0 %, 78419 MiB, 89.91 W, 2317 MHz, 12481 MHz, 35
2026/09/27 05:11:53.769, 0, 1 %, 80179 MiB, 92.11 W, 2355 MHz, 12481 MHz, 36
2026/09/27 05:11:53.769, 1, 0 %, 78419 MiB, 89.91 W, 2317 MHz, 12481 MHz, 35
2026/09/27 05:11:54.019, 0, 1 %, 80179 MiB, 92.09 W, 2355 MHz, 12481 MHz, 36
2026/09/27 05:11:54.019, 1, 0 %, 78419 MiB, 89.91 W, 2317 MHz, 12481 MHz, 35
2026/09/27 05:11:54.269, 0, 1 %, 80179 MiB, 92.12 W, 2355 MHz, 12481 MHz, 36
2026/09/27 05:11:54.269, 1, 0 %, 78419 MiB, 89.91 W, 2317 MHz, 12481 MHz, 35
2026/09/27 05:11:54.519, 0, 1 %, 80179 MiB, 92.09 W, 2355 MHz, 12481 MHz, 36
2026/09/27 05:11:54.519, 1, 0 %, 78419 MiB, 89.42 W, 2317 MHz, 12481 MHz, 35
2026/09/27 05:11:54.769, 0, 1 %, 80179 MiB, 92.13 W, 2355 MHz, 12481 MHz, 36
2026/09/27 05:11:54.769, 1, 0 %, 78419 MiB, 89.42 W, 2317 MHz, 12481 MHz, 35
2026/09/27 05:11:55.019, 0, 1 %, 80179 MiB, 92.12 W, 2355 MHz, 12481 MHz, 36
2026/09/27 05:11:55.019, 1, 0 %, 78419 MiB, 89.42 W, 2317 MHz, 12481 MHz, 35
2026/09/27 05:11:55.269, 0, 1 %, 80179 MiB, 92.11 W, 2355 MHz, 12481 MHz, 36
2026/09/27 05:11:55.269, 1, 0 %, 78419 MiB, 89.42 W, 2317 MHz, 12481 MHz, 35
2026/09/27 05:11:55.519, 0, 1 %, 80179 MiB, 92.10 W, 2355 MHz, 12481 MHz, 36
2026/09/27 05:11:55.519, 1, 0 %, 78419 MiB, 88.93 W, 2317 MHz, 12481 MHz, 35
2026/09/27 05:11:55.770, 0, 1 %, 80179 MiB, 92.10 W, 2355 MHz, 12481 MHz, 36
2026/09/27 05:11:55.770, 1, 0 %, 78419 MiB, 88.93 W, 2317 MHz, 12481 MHz, 35
2026/09/27 05:11:56.020, 0, 1 %, 80179 MiB, 92.07 W, 2355 MHz, 12481 MHz, 36
2026/09/27 05:11:56.020, 1, 0 %, 78419 MiB, 88.93 W, 2317 MHz, 12481 MHz, 35
2026/09/27 05:11:56.270, 0, 1 %, 80179 MiB, 92.10 W, 2355 MHz, 12481 MHz, 36
2026/09/27 05:11:56.270, 1, 0 %, 78419 MiB, 88.93 W, 2317 MHz, 12481 MHz, 35
2026/09/27 05:11:56.520, 0, 1 %, 80179 MiB, 92.12 W, 2355 MHz, 12481 MHz, 36
2026/09/27 05:11:56.520, 1, 0 %, 78419 MiB, 88.69 W, 2317 MHz, 12481 MHz, 35
2026/09/27 05:11:56.770, 0, 1 %, 80179 MiB, 92.09 W, 2355 MHz, 12481 MHz, 36
2026/09/27 05:11:56.770, 1, 0 %, 78419 MiB, 88.69 W, 2317 MHz, 12481 MHz, 35
2026/09/27 05:11:57.020, 0, 1 %, 80179 MiB, 92.15 W, 2355 MHz, 12481 MHz, 36
2026/09/27 05:11:57.020, 1, 0 %, 78419 MiB, 88.69 W, 2317 MHz, 12481 MHz, 35
2026/09/27 05:11:57.270, 0, 0 %, 80179 MiB, 92.00 W, 2355 MHz, 12481 MHz, 36
2026/09/27 05:11:57.270, 1, 0 %, 78419 MiB, 88.69 W, 2317 MHz, 12481 MHz, 35
2026/09/27 05:11:57.520, 0, 0 %, 80179 MiB, 91.91 W, 2355 MHz, 12481 MHz, 36
2026/09/27 05:11:57.520, 1, 0 %, 78419 MiB, 88.93 W, 2317 MHz, 12481 MHz, 35
2026/09/27 05:11:57.770, 0, 0 %, 80211 MiB, 91.85 W, 2355 MHz, 12481 MHz, 36
2026/09/27 05:11:57.771, 1, 0 %, 78419 MiB, 89.63 W, 2317 MHz, 12481 MHz, 35
2026/09/27 05:11:58.021, 0, 0 %, 80211 MiB, 91.72 W, 2355 MHz, 12481 MHz, 36
2026/09/27 05:11:58.021, 1, 0 %, 78419 MiB, 89.94 W, 2317 MHz, 12481 MHz, 35
2026/09/27 05:11:58.271, 0, 0 %, 80211 MiB, 91.68 W, 2355 MHz, 12481 MHz, 36
2026/09/27 05:11:58.271, 1, 0 %, 78419 MiB, 90.09 W, 2317 MHz, 12481 MHz, 35
2026/09/27 05:11:58.521, 0, 1 %, 80243 MiB, 91.74 W, 2355 MHz, 12481 MHz, 36
2026/09/27 05:11:58.521, 1, 0 %, 78419 MiB, 90.94 W, 2317 MHz, 12481 MHz, 35
2026/09/27 05:11:58.771, 0, 0 %, 80243 MiB, 91.76 W, 2355 MHz, 12481 MHz, 36
2026/09/27 05:11:58.771, 1, 0 %, 78419 MiB, 91.14 W, 2317 MHz, 12481 MHz, 35
2026/09/27 05:11:59.021, 0, 0 %, 80275 MiB, 91.78 W, 2355 MHz, 12481 MHz, 36
2026/09/27 05:11:59.021, 1, 0 %, 78419 MiB, 91.00 W, 2317 MHz, 12481 MHz, 35
2026/09/27 05:11:59.271, 0, 0 %, 80275 MiB, 91.84 W, 2355 MHz, 12481 MHz, 36
2026/09/27 05:11:59.271, 1, 0 %, 78419 MiB, 90.87 W, 2317 MHz, 12481 MHz, 35
2026/09/27 05:11:59.521, 0, 0 %, 80275 MiB, 91.76 W, 2355 MHz, 12481 MHz, 36
2026/09/27 05:11:59.521, 1, 0 %, 78419 MiB, 90.70 W, 2317 MHz, 12481 MHz, 35
2026/09/27 05:11:59.771, 0, 0 %, 80307 MiB, 91.78 W, 2355 MHz, 12481 MHz, 36
2026/09/27 05:11:59.771, 1, 0 %, 78419 MiB, 90.57 W, 2317 MHz, 12481 MHz, 35
2026/09/27 05:12:00.021, 0, 1 %, 80307 MiB, 91.80 W, 2355 MHz, 12481 MHz, 36
2026/09/27 05:12:00.022, 1, 0 %, 78419 MiB, 90.43 W, 2317 MHz, 12481 MHz, 35
2026/09/27 05:12:00.272, 0, 0 %, 80307 MiB, 91.76 W, 2355 MHz, 12481 MHz, 36
2026/09/27 05:12:00.272, 1, 0 %, 78419 MiB, 90.38 W, 2317 MHz, 12481 MHz, 35
2026/09/27 05:12:00.522, 0, 0 %, 80339 MiB, 91.81 W, 2355 MHz, 12481 MHz, 36
2026/09/27 05:12:00.522, 1, 1 %, 80147 MiB, 90.97 W, 2317 MHz, 12481 MHz, 35
2026/09/27 05:12:00.772, 0, 0 %, 80339 MiB, 91.75 W, 2355 MHz, 12481 MHz, 36
2026/09/27 05:12:00.772, 1, 1 %, 80147 MiB, 91.12 W, 2317 MHz, 12481 MHz, 35
2026/09/27 05:12:01.022, 0, 0 %, 80339 MiB, 91.71 W, 2355 MHz, 12481 MHz, 36
2026/09/27 05:12:01.022, 1, 0 %, 80147 MiB, 91.50 W, 2317 MHz, 12481 MHz, 35
2026/09/27 05:12:01.272, 0, 0 %, 80339 MiB, 91.80 W, 2355 MHz, 12481 MHz, 36
2026/09/27 05:12:01.272, 1, 1 %, 80147 MiB, 91.80 W, 2317 MHz, 12481 MHz, 35
2026/09/27 05:12:01.522, 0, 0 %, 80339 MiB, 91.80 W, 2355 MHz, 12481 MHz, 36
2026/09/27 05:12:01.522, 1, 1 %, 80147 MiB, 91.61 W, 2317 MHz, 12481 MHz, 35
2026/09/27 05:12:01.772, 0, 0 %, 80339 MiB, 91.80 W, 2355 MHz, 12481 MHz, 36
2026/09/27 05:12:01.772, 1, 1 %, 80147 MiB, 91.74 W, 2317 MHz, 12481 MHz, 35
2026/09/27 05:12:02.023, 0, 0 %, 80339 MiB, 91.80 W, 2355 MHz, 12481 MHz, 36
2026/09/27 05:12:02.023, 1, 1 %, 80147 MiB, 91.67 W, 2317 MHz, 12481 MHz, 35
2026/09/27 05:12:02.273, 0, 0 %, 80339 MiB, 91.80 W, 2355 MHz, 12481 MHz, 36
2026/09/27 05:12:02.273, 1, 1 %, 80147 MiB, 91.55 W, 2317 MHz, 12481 MHz, 35
2026/09/27 05:12:02.523, 0, 0 %, 80339 MiB, 90.29 W, 2355 MHz, 12481 MHz, 36
2026/09/27 05:12:02.523, 1, 1 %, 80147 MiB, 91.42 W, 2317 MHz, 12481 MHz, 35
2026/09/27 05:12:02.773, 0, 0 %, 80339 MiB, 90.29 W, 2355 MHz, 12481 MHz, 36
2026/09/27 05:12:02.773, 1, 1 %, 80147 MiB, 91.32 W, 2317 MHz, 12481 MHz, 35
2026/09/27 05:12:03.023, 0, 0 %, 80339 MiB, 90.29 W, 2355 MHz, 12481 MHz, 36
2026/09/27 05:12:03.023, 1, 1 %, 80147 MiB, 91.15 W, 2317 MHz, 12481 MHz, 36
2026/09/27 05:12:03.273, 0, 0 %, 80339 MiB, 90.29 W, 2355 MHz, 12481 MHz, 36
2026/09/27 05:12:03.273, 1, 1 %, 80147 MiB, 91.07 W, 2317 MHz, 12481 MHz, 35
2026/09/27 05:12:03.523, 0, 0 %, 80339 MiB, 90.20 W, 2355 MHz, 12481 MHz, 36
2026/09/27 05:12:03.523, 1, 1 %, 80147 MiB, 90.89 W, 2317 MHz, 12481 MHz, 35
2026/09/27 05:12:03.773, 0, 0 %, 80339 MiB, 90.20 W, 2355 MHz, 12481 MHz, 36
2026/09/27 05:12:03.773, 1, 1 %, 80147 MiB, 90.75 W, 2317 MHz, 12481 MHz, 35
2026/09/27 05:12:04.024, 0, 0 %, 80339 MiB, 90.20 W, 2355 MHz, 12481 MHz, 36
2026/09/27 05:12:04.024, 1, 1 %, 80147 MiB, 90.77 W, 2317 MHz, 12481 MHz, 35
2026/09/27 05:12:04.274, 0, 0 %, 80339 MiB, 90.20 W, 2355 MHz, 12481 MHz, 36
2026/09/27 05:12:04.274, 1, 1 %, 80147 MiB, 90.81 W, 2317 MHz, 12481 MHz, 35
2026/09/27 05:12:04.524, 0, 0 %, 80339 MiB, 90.20 W, 2355 MHz, 12481 MHz, 36
2026/09/27 05:12:04.524, 1, 1 %, 80147 MiB, 90.98 W, 2317 MHz, 12481 MHz, 35
2026/09/27 05:12:04.774, 0, 0 %, 80339 MiB, 90.20 W, 2355 MHz, 12481 MHz, 36
2026/09/27 05:12:04.774, 1, 1 %, 80147 MiB, 91.26 W, 2317 MHz, 12481 MHz, 36
2026/09/27 05:12:05.024, 0, 0 %, 80339 MiB, 90.20 W, 2355 MHz, 12481 MHz, 36
2026/09/27 05:12:05.024, 1, 1 %, 80147 MiB, 91.47 W, 2317 MHz, 12481 MHz, 35
2026/09/27 05:12:05.274, 0, 0 %, 80339 MiB, 90.20 W, 2355 MHz, 12481 MHz, 36
2026/09/27 05:12:05.274, 1, 1 %, 80147 MiB, 91.60 W, 2317 MHz, 12481 MHz, 35
2026/09/27 05:12:05.524, 0, 0 %, 80339 MiB, 91.76 W, 2355 MHz, 12481 MHz, 36
2026/09/27 05:12:05.524, 1, 1 %, 80147 MiB, 91.71 W, 2317 MHz, 12481 MHz, 35
2026/09/27 05:12:05.774, 0, 0 %, 80339 MiB, 91.05 W, 2355 MHz, 12481 MHz, 36
2026/09/27 05:12:05.775, 1, 1 %, 80179 MiB, 91.58 W, 2317 MHz, 12481 MHz, 35
2026/09/27 05:12:06.025, 0, 0 %, 80339 MiB, 91.11 W, 2355 MHz, 12481 MHz, 36
2026/09/27 05:12:06.025, 1, 0 %, 80179 MiB, 91.36 W, 2317 MHz, 12481 MHz, 35
2026/09/27 05:12:06.275, 0, 0 %, 80339 MiB, 91.21 W, 2355 MHz, 12481 MHz, 36
2026/09/27 05:12:06.275, 1, 0 %, 80179 MiB, 91.19 W, 2317 MHz, 12481 MHz, 35
2026/09/27 05:12:06.525, 0, 0 %, 80339 MiB, 90.80 W, 2355 MHz, 12481 MHz, 36
2026/09/27 05:12:06.525, 1, 0 %, 80211 MiB, 90.92 W, 2317 MHz, 12481 MHz, 35
2026/09/27 05:12:06.775, 0, 0 %, 80339 MiB, 91.69 W, 2355 MHz, 12481 MHz, 36
2026/09/27 05:12:06.775, 1, 0 %, 80211 MiB, 90.78 W, 2317 MHz, 12481 MHz, 35
2026/09/27 05:12:07.025, 0, 0 %, 80339 MiB, 91.72 W, 2355 MHz, 12481 MHz, 36
2026/09/27 05:12:07.025, 1, 0 %, 80243 MiB, 90.61 W, 2317 MHz, 12481 MHz, 35
2026/09/27 05:12:07.275, 0, 0 %, 80339 MiB, 91.64 W, 2355 MHz, 12481 MHz, 36
2026/09/27 05:12:07.275, 1, 0 %, 80243 MiB, 90.53 W, 2317 MHz, 12481 MHz, 35
2026/09/27 05:12:07.525, 0, 0 %, 80339 MiB, 91.72 W, 2355 MHz, 12481 MHz, 36
2026/09/27 05:12:07.525, 1, 0 %, 80275 MiB, 90.43 W, 2317 MHz, 12481 MHz, 35
2026/09/27 05:12:07.775, 0, 0 %, 80339 MiB, 91.72 W, 2355 MHz, 12481 MHz, 36
2026/09/27 05:12:07.775, 1, 0 %, 80275 MiB, 90.44 W, 2317 MHz, 12481 MHz, 35
2026/09/27 05:12:08.025, 0, 0 %, 82067 MiB, 91.71 W, 2355 MHz, 12481 MHz, 36
2026/09/27 05:12:08.025, 1, 0 %, 80307 MiB, 90.54 W, 2317 MHz, 12481 MHz, 35
2026/09/27 05:12:08.275, 0, 1 %, 82067 MiB, 92.42 W, 2355 MHz, 12481 MHz, 36
2026/09/27 05:12:08.276, 1, 0 %, 80307 MiB, 90.71 W, 2317 MHz, 12481 MHz, 35
2026/09/27 05:12:08.526, 0, 1 %, 82067 MiB, 92.48 W, 2355 MHz, 12481 MHz, 36
2026/09/27 05:12:08.526, 1, 0 %, 80307 MiB, 91.02 W, 2317 MHz, 12481 MHz, 35
2026/09/27 05:12:08.776, 0, 1 %, 82067 MiB, 92.55 W, 2355 MHz, 12481 MHz, 36
2026/09/27 05:12:08.776, 1, 0 %, 80307 MiB, 91.20 W, 2317 MHz, 12481 MHz, 35
2026/09/27 05:12:09.026, 0, 1 %, 82067 MiB, 92.66 W, 2355 MHz, 12481 MHz, 36
2026/09/27 05:12:09.026, 1, 0 %, 80307 MiB, 91.36 W, 2317 MHz, 12481 MHz, 35
2026/09/27 05:12:09.276, 0, 1 %, 82067 MiB, 92.12 W, 2355 MHz, 12481 MHz, 36
2026/09/27 05:12:09.276, 1, 0 %, 80307 MiB, 91.36 W, 2317 MHz, 12481 MHz, 35
2026/09/27 05:12:09.526, 0, 1 %, 82067 MiB, 92.12 W, 2355 MHz, 12481 MHz, 36
2026/09/27 05:12:09.526, 1, 0 %, 80307 MiB, 91.36 W, 2317 MHz, 12481 MHz, 35
2026/09/27 05:12:09.776, 0, 0 %, 82067 MiB, 92.17 W, 2355 MHz, 12481 MHz, 36
2026/09/27 05:12:09.776, 1, 0 %, 80307 MiB, 91.36 W, 2317 MHz, 12481 MHz, 35
2026/09/27 05:12:10.026, 0, 1 %, 82067 MiB, 92.17 W, 2355 MHz, 12481 MHz, 36
2026/09/27 05:12:10.026, 1, 0 %, 80307 MiB, 88.93 W, 2317 MHz, 12481 MHz, 35
2026/09/27 05:12:10.277, 0, 1 %, 82067 MiB, 92.17 W, 2355 MHz, 12481 MHz, 36
2026/09/27 05:12:10.277, 1, 0 %, 80307 MiB, 88.93 W, 2317 MHz, 12481 MHz, 35
2026/09/27 05:12:10.527, 0, 1 %, 82067 MiB, 92.18 W, 2355 MHz, 12481 MHz, 36
2026/09/27 05:12:10.527, 1, 0 %, 80307 MiB, 88.93 W, 2317 MHz, 12481 MHz, 35
2026/09/27 05:12:10.777, 0, 1 %, 82067 MiB, 92.13 W, 2355 MHz, 12481 MHz, 36
2026/09/27 05:12:10.777, 1, 0 %, 80307 MiB, 88.93 W, 2317 MHz, 12481 MHz, 35
2026/09/27 05:12:11.027, 0, 1 %, 82067 MiB, 92.12 W, 2355 MHz, 12481 MHz, 36
2026/09/27 05:12:11.027, 1, 0 %, 80307 MiB, 88.44 W, 2317 MHz, 12481 MHz, 35
2026/09/27 05:12:11.277, 0, 1 %, 82067 MiB, 92.21 W, 2355 MHz, 12481 MHz, 36
2026/09/27 05:12:11.277, 1, 0 %, 80307 MiB, 88.44 W, 2317 MHz, 12481 MHz, 35
2026/09/27 05:12:11.527, 0, 1 %, 82067 MiB, 92.18 W, 2355 MHz, 12481 MHz, 36
2026/09/27 05:12:11.527, 1, 0 %, 80307 MiB, 88.44 W, 2317 MHz, 12481 MHz, 35
2026/09/27 05:12:11.777, 0, 1 %, 82067 MiB, 92.19 W, 2355 MHz, 12481 MHz, 36
2026/09/27 05:12:11.777, 1, 0 %, 80307 MiB, 88.44 W, 2317 MHz, 12481 MHz, 35
2026/09/27 05:12:12.027, 0, 1 %, 82067 MiB, 92.18 W, 2355 MHz, 12481 MHz, 36
2026/09/27 05:12:12.028, 1, 0 %, 80307 MiB, 89.18 W, 2317 MHz, 12481 MHz, 35
2026/09/27 05:12:12.278, 0, 1 %, 82067 MiB, 92.09 W, 2355 MHz, 12481 MHz, 36
2026/09/27 05:12:12.278, 1, 0 %, 80307 MiB, 89.18 W, 2317 MHz, 12481 MHz, 35
2026/09/27 05:12:12.528, 0, 1 %, 82067 MiB, 92.16 W, 2355 MHz, 12481 MHz, 36
2026/09/27 05:12:12.528, 1, 0 %, 80307 MiB, 89.18 W, 2317 MHz, 12481 MHz, 35
2026/09/27 05:12:12.778, 0, 1 %, 82067 MiB, 92.08 W, 2355 MHz, 12481 MHz, 36
2026/09/27 05:12:12.778, 1, 0 %, 80307 MiB, 89.18 W, 2317 MHz, 12481 MHz, 35
2026/09/27 05:12:13.028, 0, 1 %, 82067 MiB, 92.10 W, 2355 MHz, 12481 MHz, 36
2026/09/27 05:12:13.028, 1, 0 %, 80307 MiB, 89.66 W, 2317 MHz, 12481 MHz, 35
2026/09/27 05:12:13.278, 0, 1 %, 82067 MiB, 92.13 W, 2355 MHz, 12481 MHz, 36
2026/09/27 05:12:13.278, 1, 0 %, 80307 MiB, 89.66 W, 2317 MHz, 12481 MHz, 35
2026/09/27 05:12:13.528, 0, 1 %, 82067 MiB, 92.13 W, 2355 MHz, 12481 MHz, 36
2026/09/27 05:12:13.528, 1, 0 %, 80307 MiB, 89.66 W, 2317 MHz, 12481 MHz, 35
2026/09/27 05:12:13.778, 0, 0 %, 82067 MiB, 92.09 W, 2355 MHz, 12481 MHz, 36
2026/09/27 05:12:13.778, 1, 0 %, 80307 MiB, 89.66 W, 2317 MHz, 12481 MHz, 35
2026/09/27 05:12:14.028, 0, 0 %, 82067 MiB, 92.01 W, 2355 MHz, 12481 MHz, 36
2026/09/27 05:12:14.028, 1, 0 %, 80307 MiB, 88.44 W, 2317 MHz, 12481 MHz, 35
2026/09/27 05:12:14.278, 0, 0 %, 82067 MiB, 91.93 W, 2355 MHz, 12481 MHz, 36
2026/09/27 05:12:14.279, 1, 0 %, 80307 MiB, 88.44 W, 2317 MHz, 12481 MHz, 35
2026/09/27 05:12:14.529, 0, 0 %, 82099 MiB, 91.85 W, 2355 MHz, 12481 MHz, 36
2026/09/27 05:12:14.529, 1, 0 %, 80307 MiB, 88.44 W, 2317 MHz, 12481 MHz, 35
2026/09/27 05:12:14.779, 0, 0 %, 82099 MiB, 91.90 W, 2355 MHz, 12481 MHz, 36
2026/09/27 05:12:14.779, 1, 0 %, 80307 MiB, 89.07 W, 2317 MHz, 12481 MHz, 35
2026/09/27 05:12:15.029, 0, 0 %, 82099 MiB, 91.83 W, 2355 MHz, 12481 MHz, 36
2026/09/27 05:12:15.029, 1, 0 %, 80307 MiB, 90.07 W, 2317 MHz, 12481 MHz, 35
2026/09/27 05:12:15.279, 0, 0 %, 82131 MiB, 91.83 W, 2355 MHz, 12481 MHz, 36
2026/09/27 05:12:15.279, 1, 0 %, 80307 MiB, 90.16 W, 2317 MHz, 12481 MHz, 35
2026/09/27 05:12:15.529, 0, 0 %, 82131 MiB, 91.84 W, 2355 MHz, 12481 MHz, 36
2026/09/27 05:12:15.529, 1, 0 %, 80307 MiB, 90.31 W, 2317 MHz, 12481 MHz, 35
2026/09/27 05:12:15.779, 0, 0 %, 82131 MiB, 91.76 W, 2355 MHz, 12481 MHz, 36
2026/09/27 05:12:15.779, 1, 0 %, 80307 MiB, 90.78 W, 2317 MHz, 12481 MHz, 35
2026/09/27 05:12:16.029, 0, 0 %, 82163 MiB, 91.84 W, 2355 MHz, 12481 MHz, 36
2026/09/27 05:12:16.029, 1, 0 %, 80307 MiB, 91.07 W, 2317 MHz, 12481 MHz, 35
2026/09/27 05:12:16.279, 0, 0 %, 82163 MiB, 91.79 W, 2355 MHz, 12481 MHz, 36
2026/09/27 05:12:16.279, 1, 0 %, 80307 MiB, 91.18 W, 2317 MHz, 12481 MHz, 35
2026/09/27 05:12:16.529, 0, 0 %, 82195 MiB, 91.75 W, 2355 MHz, 12481 MHz, 36
2026/09/27 05:12:16.529, 1, 0 %, 82035 MiB, 91.48 W, 2317 MHz, 12481 MHz, 35
2026/09/27 05:12:16.779, 0, 0 %, 82195 MiB, 91.82 W, 2355 MHz, 12481 MHz, 36
2026/09/27 05:12:16.779, 1, 2 %, 82035 MiB, 91.54 W, 2317 MHz, 12481 MHz, 35
2026/09/27 05:12:17.029, 0, 0 %, 82195 MiB, 91.79 W, 2355 MHz, 12481 MHz, 36
2026/09/27 05:12:17.030, 1, 1 %, 82035 MiB, 91.51 W, 2317 MHz, 12481 MHz, 35
2026/09/27 05:12:17.280, 0, 0 %, 82195 MiB, 91.82 W, 2355 MHz, 12481 MHz, 36
2026/09/27 05:12:17.280, 1, 1 %, 82035 MiB, 91.48 W, 2317 MHz, 12481 MHz, 35
2026/09/27 05:12:17.530, 0, 0 %, 82195 MiB, 91.85 W, 2355 MHz, 12481 MHz, 36
2026/09/27 05:12:17.530, 1, 1 %, 82035 MiB, 91.21 W, 2317 MHz, 12481 MHz, 35
2026/09/27 05:12:17.780, 0, 0 %, 82195 MiB, 91.85 W, 2355 MHz, 12481 MHz, 36
2026/09/27 05:12:17.780, 1, 1 %, 82035 MiB, 91.05 W, 2317 MHz, 12481 MHz, 35
2026/09/27 05:12:18.030, 0, 0 %, 82195 MiB, 91.85 W, 2355 MHz, 12481 MHz, 36
2026/09/27 05:12:18.030, 1, 1 %, 82035 MiB, 90.86 W, 2317 MHz, 12481 MHz, 35
2026/09/27 05:12:18.280, 0, 0 %, 82195 MiB, 91.85 W, 2355 MHz, 12481 MHz, 36
2026/09/27 05:12:18.280, 1, 1 %, 82035 MiB, 90.78 W, 2317 MHz, 12481 MHz, 35
2026/09/27 05:12:18.530, 0, 0 %, 82195 MiB, 91.85 W, 2355 MHz, 12481 MHz, 36
2026/09/27 05:12:18.530, 1, 1 %, 82035 MiB, 90.73 W, 2317 MHz, 12481 MHz, 35
2026/09/27 05:12:18.780, 0, 0 %, 82195 MiB, 90.81 W, 2355 MHz, 12481 MHz, 36
2026/09/27 05:12:18.780, 1, 1 %, 82035 MiB, 90.67 W, 2317 MHz, 12481 MHz, 35
2026/09/27 05:12:19.030, 0, 0 %, 82195 MiB, 90.81 W, 2355 MHz, 12481 MHz, 36
2026/09/27 05:12:19.030, 1, 1 %, 82035 MiB, 90.75 W, 2317 MHz, 12481 MHz, 35
2026/09/27 05:12:19.280, 0, 0 %, 82195 MiB, 90.81 W, 2355 MHz, 12481 MHz, 36
2026/09/27 05:12:19.280, 1, 1 %, 82035 MiB, 90.90 W, 2317 MHz, 12481 MHz, 35
2026/09/27 05:12:19.530, 0, 0 %, 82195 MiB, 90.81 W, 2355 MHz, 12481 MHz, 36
2026/09/27 05:12:19.530, 1, 1 %, 82035 MiB, 91.23 W, 2317 MHz, 12481 MHz, 35
2026/09/27 05:12:19.781, 0, 0 %, 82195 MiB, 90.20 W, 2355 MHz, 12481 MHz, 36
2026/09/27 05:12:19.781, 1, 1 %, 82035 MiB, 91.46 W, 2317 MHz, 12481 MHz, 35
2026/09/27 05:12:20.031, 0, 0 %, 82195 MiB, 90.20 W, 2355 MHz, 12481 MHz, 36
2026/09/27 05:12:20.031, 1, 1 %, 82035 MiB, 91.68 W, 2317 MHz, 12481 MHz, 35
2026/09/27 05:12:20.281, 0, 0 %, 82195 MiB, 90.20 W, 2355 MHz, 12481 MHz, 36
2026/09/27 05:12:20.281, 1, 1 %, 82035 MiB, 91.70 W, 2317 MHz, 12481 MHz, 35
2026/09/27 05:12:20.531, 0, 0 %, 82195 MiB, 90.20 W, 2355 MHz, 12481 MHz, 36
2026/09/27 05:12:20.531, 1, 1 %, 82035 MiB, 91.56 W, 2317 MHz, 12481 MHz, 35
2026/09/27 05:12:20.781, 0, 0 %, 82195 MiB, 90.20 W, 2355 MHz, 12481 MHz, 36
2026/09/27 05:12:20.781, 1, 1 %, 82035 MiB, 91.45 W, 2317 MHz, 12481 MHz, 36
2026/09/27 05:12:21.031, 0, 0 %, 82195 MiB, 90.20 W, 2355 MHz, 12481 MHz, 36
2026/09/27 05:12:21.031, 1, 1 %, 82035 MiB, 91.29 W, 2317 MHz, 12481 MHz, 35
2026/09/27 05:12:21.281, 0, 0 %, 82195 MiB, 90.20 W, 2355 MHz, 12481 MHz, 36
2026/09/27 05:12:21.281, 1, 1 %, 82035 MiB, 91.16 W, 2317 MHz, 12481 MHz, 35
2026/09/27 05:12:21.531, 0, 0 %, 82195 MiB, 90.20 W, 2355 MHz, 12481 MHz, 36
2026/09/27 05:12:21.531, 1, 1 %, 82035 MiB, 91.03 W, 2317 MHz, 12481 MHz, 35
2026/09/27 05:12:21.781, 0, 0 %, 82195 MiB, 90.68 W, 2355 MHz, 12481 MHz, 36
2026/09/27 05:12:21.781, 1, 1 %, 82035 MiB, 90.88 W, 2317 MHz, 12481 MHz, 35
2026/09/27 05:12:22.031, 0, 0 %, 82195 MiB, 90.68 W, 2355 MHz, 12481 MHz, 36
2026/09/27 05:12:22.031, 1, 0 %, 82035 MiB, 90.70 W, 2317 MHz, 12481 MHz, 35
2026/09/27 05:12:22.282, 0, 0 %, 82195 MiB, 90.68 W, 2355 MHz, 12481 MHz, 36
2026/09/27 05:12:22.282, 1, 0 %, 82035 MiB, 90.60 W, 2317 MHz, 12481 MHz, 35
2026/09/27 05:12:22.532, 0, 0 %, 82195 MiB, 91.42 W, 2355 MHz, 12481 MHz, 36
2026/09/27 05:12:22.532, 1, 0 %, 82067 MiB, 90.52 W, 2317 MHz, 12481 MHz, 35
2026/09/27 05:12:22.782, 0, 0 %, 82195 MiB, 91.66 W, 2355 MHz, 12481 MHz, 36
2026/09/27 05:12:22.782, 1, 0 %, 82067 MiB, 90.52 W, 2317 MHz, 12481 MHz, 35
2026/09/27 05:12:23.032, 0, 0 %, 82195 MiB, 91.68 W, 2355 MHz, 12481 MHz, 36
2026/09/27 05:12:23.032, 1, 0 %, 82099 MiB, 90.79 W, 2317 MHz, 12481 MHz, 35
2026/09/27 05:12:23.282, 0, 0 %, 82195 MiB, 91.69 W, 2355 MHz, 12481 MHz, 36
2026/09/27 05:12:23.282, 1, 0 %, 82099 MiB, 91.00 W, 2317 MHz, 12481 MHz, 35
2026/09/27 05:12:23.532, 0, 0 %, 82195 MiB, 91.72 W, 2355 MHz, 12481 MHz, 36
2026/09/27 05:12:23.532, 1, 0 %, 82099 MiB, 91.22 W, 2317 MHz, 12481 MHz, 35
2026/09/27 05:12:23.782, 0, 0 %, 82195 MiB, 91.78 W, 2355 MHz, 12481 MHz, 36
2026/09/27 05:12:23.782, 1, 0 %, 82131 MiB, 91.39 W, 2317 MHz, 12481 MHz, 35
2026/09/27 05:12:24.032, 0, 0 %, 83923 MiB, 91.73 W, 2355 MHz, 12481 MHz, 36
2026/09/27 05:12:24.032, 1, 0 %, 82163 MiB, 91.31 W, 2317 MHz, 12481 MHz, 35
2026/09/27 05:12:24.282, 0, 1 %, 83923 MiB, 92.50 W, 2355 MHz, 12481 MHz, 36
2026/09/27 05:12:24.282, 1, 0 %, 82163 MiB, 91.22 W, 2317 MHz, 12481 MHz, 35
2026/09/27 05:12:24.532, 0, 1 %, 83923 MiB, 92.64 W, 2355 MHz, 12481 MHz, 36
2026/09/27 05:12:24.532, 1, 0 %, 82163 MiB, 91.07 W, 2317 MHz, 12481 MHz, 35
2026/09/27 05:12:24.782, 0, 1 %, 83923 MiB, 92.75 W, 2355 MHz, 12481 MHz, 36
2026/09/27 05:12:24.782, 1, 0 %, 82163 MiB, 90.94 W, 2317 MHz, 12481 MHz, 35
2026/09/27 05:12:25.033, 0, 1 %, 83923 MiB, 92.88 W, 2355 MHz, 12481 MHz, 36
2026/09/27 05:12:25.033, 1, 0 %, 82163 MiB, 90.74 W, 2317 MHz, 12481 MHz, 35
2026/09/27 05:12:25.283, 0, 1 %, 83923 MiB, 92.28 W, 2355 MHz, 12481 MHz, 36
2026/09/27 05:12:25.283, 1, 0 %, 82163 MiB, 90.74 W, 2317 MHz, 12481 MHz, 35
2026/09/27 05:12:25.533, 0, 1 %, 83923 MiB, 92.23 W, 2355 MHz, 12481 MHz, 36
2026/09/27 05:12:25.533, 1, 0 %, 82163 MiB, 90.74 W, 2317 MHz, 12481 MHz, 35
2026/09/27 05:12:25.783, 0, 1 %, 83923 MiB, 92.25 W, 2355 MHz, 12481 MHz, 36
2026/09/27 05:12:25.783, 1, 0 %, 82163 MiB, 90.74 W, 2317 MHz, 12481 MHz, 35
2026/09/27 05:12:26.033, 0, 1 %, 83923 MiB, 92.25 W, 2355 MHz, 12481 MHz, 36
2026/09/27 05:12:26.033, 1, 0 %, 82163 MiB, 88.44 W, 2317 MHz, 12481 MHz, 35
2026/09/27 05:12:26.283, 0, 1 %, 83923 MiB, 92.15 W, 2355 MHz, 12481 MHz, 36
2026/09/27 05:12:26.283, 1, 0 %, 82163 MiB, 88.44 W, 2317 MHz, 12481 MHz, 35
2026/09/27 05:12:26.533, 0, 1 %, 83923 MiB, 92.21 W, 2355 MHz, 12481 MHz, 36
2026/09/27 05:12:26.533, 1, 0 %, 82163 MiB, 88.44 W, 2317 MHz, 12481 MHz, 35
2026/09/27 05:12:26.783, 0, 1 %, 83923 MiB, 92.13 W, 2355 MHz, 12481 MHz, 36
2026/09/27 05:12:26.783, 1, 0 %, 82163 MiB, 88.44 W, 2317 MHz, 12481 MHz, 35
2026/09/27 05:12:27.033, 0, 1 %, 83923 MiB, 92.10 W, 2355 MHz, 12481 MHz, 36
2026/09/27 05:12:27.033, 1, 0 %, 82163 MiB, 89.17 W, 2317 MHz, 12481 MHz, 35
2026/09/27 05:12:27.283, 0, 1 %, 83923 MiB, 92.23 W, 2355 MHz, 12481 MHz, 36
2026/09/27 05:12:27.283, 1, 0 %, 82163 MiB, 89.17 W, 2317 MHz, 12481 MHz, 35
2026/09/27 05:12:27.534, 0, 1 %, 83923 MiB, 92.18 W, 2355 MHz, 12481 MHz, 36
2026/09/27 05:12:27.534, 1, 0 %, 82163 MiB, 89.17 W, 2317 MHz, 12481 MHz, 35
2026/09/27 05:12:27.784, 0, 1 %, 83923 MiB, 92.19 W, 2355 MHz, 12481 MHz, 36
2026/09/27 05:12:27.784, 1, 0 %, 82163 MiB, 89.17 W, 2317 MHz, 12481 MHz, 35
2026/09/27 05:12:28.034, 0, 1 %, 83923 MiB, 92.25 W, 2355 MHz, 12481 MHz, 36
2026/09/27 05:12:28.034, 1, 0 %, 82163 MiB, 89.42 W, 2317 MHz, 12481 MHz, 35
2026/09/27 05:12:28.284, 0, 1 %, 83923 MiB, 92.15 W, 2355 MHz, 12481 MHz, 36
2026/09/27 05:12:28.284, 1, 0 %, 82163 MiB, 89.42 W, 2317 MHz, 12481 MHz, 35
2026/09/27 05:12:28.534, 0, 1 %, 83923 MiB, 92.19 W, 2355 MHz, 12481 MHz, 36
2026/09/27 05:12:28.534, 1, 0 %, 82163 MiB, 89.42 W, 2317 MHz, 12481 MHz, 35
2026/09/27 05:12:28.784, 0, 1 %, 83923 MiB, 92.20 W, 2355 MHz, 12481 MHz, 36
2026/09/27 05:12:28.784, 1, 0 %, 82163 MiB, 89.42 W, 2317 MHz, 12481 MHz, 35
2026/09/27 05:12:29.034, 0, 1 %, 83923 MiB, 92.17 W, 2355 MHz, 12481 MHz, 36
2026/09/27 05:12:29.034, 1, 0 %, 82163 MiB, 88.44 W, 2317 MHz, 12481 MHz, 35
2026/09/27 05:12:29.284, 0, 1 %, 83923 MiB, 92.20 W, 2355 MHz, 12481 MHz, 36
2026/09/27 05:12:29.284, 1, 0 %, 82163 MiB, 88.44 W, 2317 MHz, 12481 MHz, 35
2026/09/27 05:12:29.534, 0, 0 %, 83923 MiB, 92.23 W, 2355 MHz, 12481 MHz, 36
2026/09/27 05:12:29.535, 1, 0 %, 82163 MiB, 88.44 W, 2317 MHz, 12481 MHz, 35
2026/09/27 05:12:29.785, 0, 0 %, 83955 MiB, 92.06 W, 2355 MHz, 12481 MHz, 36
2026/09/27 05:12:29.785, 1, 0 %, 82163 MiB, 88.44 W, 2317 MHz, 12481 MHz, 35
2026/09/27 05:12:30.035, 0, 0 %, 83955 MiB, 92.03 W, 2355 MHz, 12481 MHz, 36
2026/09/27 05:12:30.035, 1, 0 %, 82163 MiB, 89.74 W, 2317 MHz, 12481 MHz, 35
2026/09/27 05:12:30.285, 0, 0 %, 83955 MiB, 91.86 W, 2355 MHz, 12481 MHz, 36
2026/09/27 05:12:30.285, 1, 0 %, 82163 MiB, 89.99 W, 2317 MHz, 12481 MHz, 35
2026/09/27 05:12:30.535, 0, 0 %, 83955 MiB, 91.79 W, 2355 MHz, 12481 MHz, 36
2026/09/27 05:12:30.535, 1, 0 %, 82163 MiB, 90.26 W, 2317 MHz, 12481 MHz, 35
2026/09/27 05:12:30.785, 0, 0 %, 83987 MiB, 91.89 W, 2355 MHz, 12481 MHz, 36
2026/09/27 05:12:30.785, 1, 0 %, 82163 MiB, 90.39 W, 2317 MHz, 12481 MHz, 35
2026/09/27 05:12:31.035, 0, 0 %, 83987 MiB, 91.86 W, 2355 MHz, 12481 MHz, 36
2026/09/27 05:12:31.035, 1, 0 %, 82163 MiB, 91.33 W, 2317 MHz, 12481 MHz, 35
2026/09/27 05:12:31.285, 0, 0 %, 83987 MiB, 91.86 W, 2355 MHz, 12481 MHz, 36
2026/09/27 05:12:31.285, 1, 0 %, 82163 MiB, 91.31 W, 2317 MHz, 12481 MHz, 35
2026/09/27 05:12:31.535, 0, 1 %, 84019 MiB, 91.89 W, 2355 MHz, 12481 MHz, 36
2026/09/27 05:12:31.536, 1, 0 %, 82163 MiB, 91.21 W, 2317 MHz, 12481 MHz, 35
2026/09/27 05:12:31.786, 0, 0 %, 84019 MiB, 91.78 W, 2355 MHz, 12481 MHz, 36
2026/09/27 05:12:31.786, 1, 0 %, 82163 MiB, 91.10 W, 2317 MHz, 12481 MHz, 35
2026/09/27 05:12:32.036, 0, 0 %, 84019 MiB, 91.78 W, 2355 MHz, 12481 MHz, 36
2026/09/27 05:12:32.036, 1, 0 %, 82163 MiB, 90.92 W, 2317 MHz, 12481 MHz, 35
2026/09/27 05:12:32.286, 0, 0 %, 84051 MiB, 91.82 W, 2355 MHz, 12481 MHz, 36
2026/09/27 05:12:32.286, 1, 0 %, 82163 MiB, 90.78 W, 2317 MHz, 12481 MHz, 35
2026/09/27 05:12:32.536, 0, 0 %, 84083 MiB, 91.75 W, 2355 MHz, 12481 MHz, 36
2026/09/27 05:12:32.536, 1, 0 %, 82163 MiB, 90.60 W, 2317 MHz, 12481 MHz, 35
2026/09/27 05:12:32.786, 0, 0 %, 84083 MiB, 91.86 W, 2355 MHz, 12481 MHz, 36
2026/09/27 05:12:32.786, 1, 0 %, 83891 MiB, 90.90 W, 2317 MHz, 12481 MHz, 35
2026/09/27 05:12:33.036, 0, 0 %, 84083 MiB, 91.89 W, 2355 MHz, 12481 MHz, 36
2026/09/27 05:12:33.036, 1, 1 %, 83891 MiB, 91.03 W, 2317 MHz, 12481 MHz, 35
2026/09/27 05:12:33.286, 0, 0 %, 84083 MiB, 91.84 W, 2355 MHz, 12481 MHz, 36
2026/09/27 05:12:33.286, 1, 1 %, 83891 MiB, 91.07 W, 2317 MHz, 12481 MHz, 35
2026/09/27 05:12:33.536, 0, 0 %, 84083 MiB, 91.89 W, 2355 MHz, 12481 MHz, 36
2026/09/27 05:12:33.537, 1, 1 %, 83891 MiB, 91.22 W, 2317 MHz, 12481 MHz, 35
2026/09/27 05:12:33.787, 0, 0 %, 84083 MiB, 91.85 W, 2355 MHz, 12481 MHz, 36
2026/09/27 05:12:33.787, 1, 1 %, 83891 MiB, 91.33 W, 2317 MHz, 12481 MHz, 35
2026/09/27 05:12:34.037, 0, 0 %, 84083 MiB, 91.85 W, 2355 MHz, 12481 MHz, 36
2026/09/27 05:12:34.037, 1, 1 %, 83891 MiB, 91.10 W, 2317 MHz, 12481 MHz, 35
2026/09/27 05:12:34.287, 0, 0 %, 84083 MiB, 91.85 W, 2355 MHz, 12481 MHz, 36
2026/09/27 05:12:34.287, 1, 1 %, 83891 MiB, 91.32 W, 2317 MHz, 12481 MHz, 35
2026/09/27 05:12:34.537, 0, 0 %, 84083 MiB, 91.85 W, 2355 MHz, 12481 MHz, 36
2026/09/27 05:12:34.537, 1, 1 %, 83891 MiB, 91.59 W, 2317 MHz, 12481 MHz, 35
2026/09/27 05:12:34.787, 0, 0 %, 84083 MiB, 90.68 W, 2355 MHz, 12481 MHz, 36
2026/09/27 05:12:34.787, 1, 1 %, 83891 MiB, 91.73 W, 2317 MHz, 12481 MHz, 35
2026/09/27 05:12:35.037, 0, 0 %, 84083 MiB, 90.68 W, 2355 MHz, 12481 MHz, 36
2026/09/27 05:12:35.037, 1, 1 %, 83891 MiB, 91.68 W, 2317 MHz, 12481 MHz, 35
2026/09/27 05:12:35.287, 0, 0 %, 84083 MiB, 90.68 W, 2355 MHz, 12481 MHz, 36
2026/09/27 05:12:35.287, 1, 1 %, 83891 MiB, 91.58 W, 2317 MHz, 12481 MHz, 35
2026/09/27 05:12:35.537, 0, 0 %, 84083 MiB, 90.68 W, 2355 MHz, 12481 MHz, 36
2026/09/27 05:12:35.537, 1, 1 %, 83891 MiB, 91.39 W, 2317 MHz, 12481 MHz, 35
2026/09/27 05:12:35.788, 0, 0 %, 84083 MiB, 90.20 W, 2355 MHz, 12481 MHz, 36
2026/09/27 05:12:35.788, 1, 1 %, 83891 MiB, 91.29 W, 2317 MHz, 12481 MHz, 35
2026/09/27 05:12:36.038, 0, 0 %, 84083 MiB, 90.20 W, 2355 MHz, 12481 MHz, 36
2026/09/27 05:12:36.038, 1, 1 %, 83891 MiB, 91.15 W, 2317 MHz, 12481 MHz, 35
2026/09/27 05:12:36.288, 0, 0 %, 84083 MiB, 90.20 W, 2355 MHz, 12481 MHz, 36
2026/09/27 05:12:36.288, 1, 1 %, 83891 MiB, 91.03 W, 2317 MHz, 12481 MHz, 35
2026/09/27 05:12:36.538, 0, 0 %, 84083 MiB, 90.20 W, 2355 MHz, 12481 MHz, 36
2026/09/27 05:12:36.538, 1, 1 %, 83891 MiB, 90.93 W, 2317 MHz, 12481 MHz, 35
2026/09/27 05:12:36.788, 0, 0 %, 84083 MiB, 89.95 W, 2355 MHz, 12481 MHz, 36
2026/09/27 05:12:36.788, 1, 1 %, 83891 MiB, 90.81 W, 2317 MHz, 12481 MHz, 36
2026/09/27 05:12:37.038, 0, 0 %, 84083 MiB, 89.95 W, 2355 MHz, 12481 MHz, 36
2026/09/27 05:12:37.038, 1, 1 %, 83891 MiB, 90.77 W, 2317 MHz, 12481 MHz, 35
2026/09/27 05:12:37.288, 0, 0 %, 84083 MiB, 89.95 W, 2355 MHz, 12481 MHz, 36
2026/09/27 05:12:37.288, 1, 1 %, 83891 MiB, 90.83 W, 2317 MHz, 12481 MHz, 35
2026/09/27 05:12:37.538, 0, 0 %, 84083 MiB, 89.95 W, 2355 MHz, 12481 MHz, 36
2026/09/27 05:12:37.538, 1, 1 %, 83891 MiB, 90.96 W, 2317 MHz, 12481 MHz, 35
2026/09/27 05:12:37.788, 0, 0 %, 84083 MiB, 89.22 W, 2355 MHz, 12481 MHz, 36
2026/09/27 05:12:37.788, 1, 1 %, 83891 MiB, 91.18 W, 2317 MHz, 12481 MHz, 35
2026/09/27 05:12:38.038, 0, 0 %, 84083 MiB, 89.48 W, 2355 MHz, 12481 MHz, 36
2026/09/27 05:12:38.038, 1, 1 %, 83923 MiB, 91.46 W, 2317 MHz, 12481 MHz, 35
2026/09/27 05:12:38.289, 0, 0 %, 84083 MiB, 89.89 W, 2355 MHz, 12481 MHz, 36
2026/09/27 05:12:38.289, 1, 0 %, 83923 MiB, 91.50 W, 2317 MHz, 12481 MHz, 35
2026/09/27 05:12:38.539, 0, 0 %, 84083 MiB, 90.11 W, 2355 MHz, 12481 MHz, 36
2026/09/27 05:12:38.539, 1, 0 %, 83923 MiB, 91.55 W, 2317 MHz, 12481 MHz, 35
2026/09/27 05:12:38.789, 0, 0 %, 84083 MiB, 91.36 W, 2355 MHz, 12481 MHz, 36
2026/09/27 05:12:38.789, 1, 0 %, 83955 MiB, 91.40 W, 2317 MHz, 12481 MHz, 35
2026/09/27 05:12:39.039, 0, 0 %, 84083 MiB, 91.67 W, 2355 MHz, 12481 MHz, 36
2026/09/27 05:12:39.039, 1, 0 %, 83955 MiB, 91.12 W, 2317 MHz, 12481 MHz, 35
2026/09/27 05:12:39.289, 0, 0 %, 84083 MiB, 91.76 W, 2355 MHz, 12481 MHz, 36
2026/09/27 05:12:39.289, 1, 0 %, 83987 MiB, 91.06 W, 2317 MHz, 12481 MHz, 35
2026/09/27 05:12:39.539, 0, 0 %, 84083 MiB, 91.68 W, 2355 MHz, 12481 MHz, 36
2026/09/27 05:12:39.539, 1, 1 %, 83987 MiB, 90.84 W, 2317 MHz, 12481 MHz, 35
2026/09/27 05:12:39.789, 0, 0 %, 84083 MiB, 91.72 W, 2355 MHz, 12481 MHz, 36
2026/09/27 05:12:39.789, 1, 0 %, 83987 MiB, 90.72 W, 2317 MHz, 12481 MHz, 35
2026/09/27 05:12:40.039, 0, 0 %, 84083 MiB, 91.71 W, 2355 MHz, 12481 MHz, 36
2026/09/27 05:12:40.039, 1, 1 %, 84019 MiB, 90.62 W, 2317 MHz, 12481 MHz, 35
2026/09/27 05:12:40.289, 0, 0 %, 84083 MiB, 91.64 W, 2355 MHz, 12481 MHz, 36
2026/09/27 05:12:40.289, 1, 0 %, 84051 MiB, 90.48 W, 2317 MHz, 12481 MHz, 35
2026/09/27 05:12:40.539, 0, 0 %, 87283 MiB, 94.44 W, 2355 MHz, 12481 MHz, 36
2026/09/27 05:12:40.539, 1, 4 %, 87251 MiB, 91.95 W, 2317 MHz, 12481 MHz, 36
2026/09/27 05:12:40.790, 0, 0 %, 87283 MiB, 94.42 W, 2355 MHz, 12481 MHz, 36
2026/09/27 05:12:40.790, 1, 0 %, 87251 MiB, 92.00 W, 2317 MHz, 12481 MHz, 35
2026/09/27 05:12:41.040, 0, 0 %, 87283 MiB, 94.43 W, 2355 MHz, 12481 MHz, 36
2026/09/27 05:12:41.040, 1, 0 %, 87251 MiB, 92.10 W, 2317 MHz, 12481 MHz, 35
2026/09/27 05:12:41.290, 0, 0 %, 87283 MiB, 94.61 W, 2355 MHz, 12481 MHz, 36
2026/09/27 05:12:41.290, 1, 0 %, 87251 MiB, 92.26 W, 2317 MHz, 12481 MHz, 35
2026/09/27 05:12:41.540, 0, 89 %, 87393 MiB, 111.92 W, 2355 MHz, 12481 MHz, 41
2026/09/27 05:12:41.540, 1, 50 %, 87355 MiB, 122.54 W, 2317 MHz, 12481 MHz, 39
2026/09/27 05:12:41.790, 0, 98 %, 87393 MiB, 168.35 W, 2332 MHz, 12481 MHz, 42
2026/09/27 05:12:41.790, 1, 59 %, 87361 MiB, 154.02 W, 2295 MHz, 12481 MHz, 40
2026/09/27 05:12:42.040, 0, 99 %, 87425 MiB, 199.41 W, 2302 MHz, 12481 MHz, 38
2026/09/27 05:12:42.040, 1, 28 %, 87393 MiB, 199.68 W, 2265 MHz, 12481 MHz, 40
2026/09/27 05:12:42.290, 0, 93 %, 87425 MiB, 258.45 W, 2325 MHz, 12481 MHz, 43
2026/09/27 05:12:42.290, 1, 82 %, 87393 MiB, 238.37 W, 2295 MHz, 12481 MHz, 42
2026/09/27 05:12:42.540, 0, 93 %, 87425 MiB, 273.82 W, 2340 MHz, 12481 MHz, 44
2026/09/27 05:12:42.540, 1, 79 %, 87393 MiB, 261.48 W, 2302 MHz, 12481 MHz, 43
2026/09/27 05:12:42.790, 0, 93 %, 87425 MiB, 278.05 W, 2340 MHz, 12481 MHz, 42
2026/09/27 05:12:42.790, 1, 82 %, 87393 MiB, 269.48 W, 2302 MHz, 12481 MHz, 41
2026/09/27 05:12:43.040, 0, 92 %, 87425 MiB, 285.44 W, 2340 MHz, 12481 MHz, 43
2026/09/27 05:12:43.040, 1, 82 %, 87393 MiB, 279.42 W, 2302 MHz, 12481 MHz, 43
2026/09/27 05:12:43.291, 0, 95 %, 87425 MiB, 280.89 W, 2340 MHz, 12481 MHz, 43
2026/09/27 05:12:43.291, 1, 80 %, 87393 MiB, 288.14 W, 2302 MHz, 12481 MHz, 44
2026/09/27 05:12:43.541, 0, 95 %, 87425 MiB, 279.99 W, 2340 MHz, 12481 MHz, 44
2026/09/27 05:12:43.541, 1, 82 %, 87393 MiB, 288.09 W, 2317 MHz, 12481 MHz, 42
2026/09/27 05:12:43.791, 0, 93 %, 87425 MiB, 279.70 W, 2340 MHz, 12481 MHz, 43
2026/09/27 05:12:43.791, 1, 82 %, 87393 MiB, 287.29 W, 2302 MHz, 12481 MHz, 42
2026/09/27 05:12:44.041, 0, 95 %, 87425 MiB, 276.94 W, 2355 MHz, 12481 MHz, 43
2026/09/27 05:12:44.041, 1, 82 %, 87393 MiB, 290.43 W, 2302 MHz, 12481 MHz, 43
2026/09/27 05:12:44.291, 0, 82 %, 87425 MiB, 272.50 W, 2377 MHz, 12481 MHz, 44
2026/09/27 05:12:44.291, 1, 92 %, 87393 MiB, 291.76 W, 2295 MHz, 12481 MHz, 44
2026/09/27 05:12:44.541, 0, 97 %, 87425 MiB, 272.41 W, 2355 MHz, 12481 MHz, 43
2026/09/27 05:12:44.541, 1, 82 %, 87393 MiB, 289.52 W, 2347 MHz, 12481 MHz, 43
2026/09/27 05:12:44.791, 0, 97 %, 87425 MiB, 269.37 W, 2362 MHz, 12481 MHz, 44
2026/09/27 05:12:44.791, 1, 82 %, 87393 MiB, 289.27 W, 2332 MHz, 12481 MHz, 42
2026/09/27 05:12:45.041, 0, 97 %, 87425 MiB, 271.46 W, 2392 MHz, 12481 MHz, 44
2026/09/27 05:12:45.041, 1, 82 %, 87393 MiB, 290.33 W, 2325 MHz, 12481 MHz, 44
2026/09/27 05:12:45.291, 0, 60 %, 87425 MiB, 275.08 W, 2347 MHz, 12481 MHz, 41
2026/09/27 05:12:45.291, 1, 82 %, 87393 MiB, 279.56 W, 2340 MHz, 12481 MHz, 43
2026/09/27 05:12:45.542, 0, 99 %, 87425 MiB, 273.89 W, 2370 MHz, 12481 MHz, 45
2026/09/27 05:12:45.542, 1, 82 %, 87393 MiB, 289.31 W, 2355 MHz, 12481 MHz, 44
2026/09/27 05:12:45.792, 0, 99 %, 87425 MiB, 275.75 W, 2370 MHz, 12481 MHz, 45
2026/09/27 05:12:45.792, 1, 82 %, 87393 MiB, 290.32 W, 2362 MHz, 12481 MHz, 45
2026/09/27 05:12:46.042, 0, 99 %, 87425 MiB, 274.40 W, 2377 MHz, 12481 MHz, 45
2026/09/27 05:12:46.042, 1, 82 %, 87393 MiB, 289.73 W, 2362 MHz, 12481 MHz, 45
2026/09/27 05:12:46.292, 0, 99 %, 87425 MiB, 281.37 W, 2392 MHz, 12481 MHz, 44
2026/09/27 05:12:46.292, 1, 82 %, 87393 MiB, 291.16 W, 2355 MHz, 12481 MHz, 45
2026/09/27 05:12:46.542, 0, 44 %, 87425 MiB, 268.92 W, 2392 MHz, 12481 MHz, 44
2026/09/27 05:12:46.542, 1, 93 %, 87393 MiB, 289.87 W, 2362 MHz, 12481 MHz, 44
2026/09/27 05:12:46.792, 0, 99 %, 87425 MiB, 268.02 W, 2385 MHz, 12481 MHz, 45
2026/09/27 05:12:46.792, 1, 82 %, 87393 MiB, 289.94 W, 2385 MHz, 12481 MHz, 44
2026/09/27 05:12:47.042, 0, 99 %, 87425 MiB, 265.13 W, 2400 MHz, 12481 MHz, 44
2026/09/27 05:12:47.042, 1, 82 %, 87393 MiB, 287.58 W, 2422 MHz, 12481 MHz, 43
2026/09/27 05:12:47.292, 0, 99 %, 87425 MiB, 263.51 W, 2422 MHz, 12481 MHz, 44
2026/09/27 05:12:47.292, 1, 82 %, 87393 MiB, 286.56 W, 2422 MHz, 12481 MHz, 44
2026/09/27 05:12:47.542, 0, 99 %, 87425 MiB, 274.58 W, 2415 MHz, 12481 MHz, 43
2026/09/27 05:12:47.542, 1, 82 %, 87393 MiB, 283.70 W, 2385 MHz, 12481 MHz, 44
2026/09/27 05:12:47.793, 0, 99 %, 87425 MiB, 265.57 W, 2407 MHz, 12481 MHz, 45
2026/09/27 05:12:47.793, 1, 91 %, 87393 MiB, 287.09 W, 2400 MHz, 12481 MHz, 45
2026/09/27 05:12:48.043, 0, 99 %, 87425 MiB, 266.62 W, 2392 MHz, 12481 MHz, 46
2026/09/27 05:12:48.043, 1, 82 %, 87393 MiB, 286.41 W, 2400 MHz, 12481 MHz, 46
2026/09/27 05:12:48.293, 0, 99 %, 87425 MiB, 267.01 W, 2407 MHz, 12481 MHz, 45
2026/09/27 05:12:48.293, 1, 82 %, 87393 MiB, 288.06 W, 2400 MHz, 12481 MHz, 46
2026/09/27 05:12:48.543, 0, 99 %, 87425 MiB, 267.08 W, 2422 MHz, 12481 MHz, 45
2026/09/27 05:12:48.543, 1, 81 %, 87393 MiB, 282.88 W, 2400 MHz, 12481 MHz, 46
2026/09/27 05:12:48.793, 0, 33 %, 87425 MiB, 266.57 W, 2422 MHz, 12481 MHz, 44
2026/09/27 05:12:48.793, 1, 87 %, 87393 MiB, 288.12 W, 2400 MHz, 12481 MHz, 46
2026/09/27 05:12:49.043, 0, 99 %, 87425 MiB, 265.22 W, 2400 MHz, 12481 MHz, 44
2026/09/27 05:12:49.043, 1, 82 %, 87393 MiB, 285.97 W, 2400 MHz, 12481 MHz, 44
2026/09/27 05:12:49.293, 0, 99 %, 87425 MiB, 264.60 W, 2422 MHz, 12481 MHz, 45
2026/09/27 05:12:49.293, 1, 82 %, 87393 MiB, 285.55 W, 2422 MHz, 12481 MHz, 45
2026/09/27 05:12:49.543, 0, 99 %, 87425 MiB, 265.38 W, 2422 MHz, 12481 MHz, 45
2026/09/27 05:12:49.543, 1, 82 %, 87393 MiB, 283.33 W, 2422 MHz, 12481 MHz, 45
2026/09/27 05:12:49.793, 0, 99 %, 87425 MiB, 263.69 W, 2422 MHz, 12481 MHz, 42
2026/09/27 05:12:49.793, 1, 82 %, 87393 MiB, 276.45 W, 2415 MHz, 12481 MHz, 46
2026/09/27 05:12:50.044, 0, 79 %, 87425 MiB, 264.78 W, 2400 MHz, 12481 MHz, 46
2026/09/27 05:12:50.044, 1, 82 %, 87393 MiB, 286.46 W, 2415 MHz, 12481 MHz, 46
2026/09/27 05:12:50.294, 0, 99 %, 87425 MiB, 264.52 W, 2415 MHz, 12481 MHz, 45
2026/09/27 05:12:50.294, 1, 80 %, 87393 MiB, 285.61 W, 2407 MHz, 12481 MHz, 46
2026/09/27 05:12:50.544, 0, 99 %, 87425 MiB, 264.72 W, 2422 MHz, 12481 MHz, 45
2026/09/27 05:12:50.544, 1, 82 %, 87393 MiB, 284.89 W, 2422 MHz, 12481 MHz, 45
2026/09/27 05:12:50.794, 0, 99 %, 87425 MiB, 270.83 W, 2422 MHz, 12481 MHz, 46
2026/09/27 05:12:50.794, 1, 82 %, 87393 MiB, 284.02 W, 2422 MHz, 12481 MHz, 44
2026/09/27 05:12:51.044, 0, 70 %, 87425 MiB, 263.85 W, 2422 MHz, 12481 MHz, 45
2026/09/27 05:12:51.044, 1, 82 %, 87393 MiB, 284.71 W, 2422 MHz, 12481 MHz, 46
2026/09/27 05:12:51.294, 0, 99 %, 87425 MiB, 263.69 W, 2400 MHz, 12481 MHz, 45
2026/09/27 05:12:51.294, 1, 82 %, 87393 MiB, 284.10 W, 2422 MHz, 12481 MHz, 46
2026/09/27 05:12:51.544, 0, 99 %, 87425 MiB, 262.36 W, 2422 MHz, 12481 MHz, 46
2026/09/27 05:12:51.544, 1, 82 %, 87393 MiB, 283.71 W, 2422 MHz, 12481 MHz, 46
2026/09/27 05:12:51.794, 0, 99 %, 87425 MiB, 262.91 W, 2422 MHz, 12481 MHz, 46
2026/09/27 05:12:51.794, 1, 82 %, 87393 MiB, 282.92 W, 2422 MHz, 12481 MHz, 46
2026/09/27 05:12:52.044, 0, 99 %, 87425 MiB, 266.16 W, 2422 MHz, 12481 MHz, 43
2026/09/27 05:12:52.044, 1, 93 %, 87393 MiB, 282.71 W, 2422 MHz, 12481 MHz, 47
2026/09/27 05:12:52.294, 0, 99 %, 87425 MiB, 259.36 W, 2400 MHz, 12481 MHz, 45
2026/09/27 05:12:52.295, 1, 82 %, 87393 MiB, 282.99 W, 2422 MHz, 12481 MHz, 46
2026/09/27 05:12:52.545, 0, 99 %, 87425 MiB, 259.62 W, 2422 MHz, 12481 MHz, 45
2026/09/27 05:12:52.545, 1, 82 %, 87393 MiB, 283.28 W, 2422 MHz, 12481 MHz, 45
2026/09/27 05:12:52.795, 0, 99 %, 87425 MiB, 260.65 W, 2422 MHz, 12481 MHz, 45
2026/09/27 05:12:52.795, 1, 82 %, 87393 MiB, 284.26 W, 2422 MHz, 12481 MHz, 46
2026/09/27 05:12:53.045, 0, 99 %, 87425 MiB, 266.18 W, 2422 MHz, 12481 MHz, 45
2026/09/27 05:12:53.045, 1, 82 %, 87393 MiB, 276.78 W, 2422 MHz, 12481 MHz, 46
2026/09/27 05:12:53.295, 0, 99 %, 87425 MiB, 260.93 W, 2422 MHz, 12481 MHz, 46
2026/09/27 05:12:53.295, 1, 87 %, 87393 MiB, 285.47 W, 2422 MHz, 12481 MHz, 48
2026/09/27 05:12:53.545, 0, 99 %, 87425 MiB, 262.18 W, 2400 MHz, 12481 MHz, 46
2026/09/27 05:12:53.545, 1, 80 %, 87393 MiB, 286.08 W, 2422 MHz, 12481 MHz, 47
2026/09/27 05:12:53.795, 0, 98 %, 87425 MiB, 260.99 W, 2422 MHz, 12481 MHz, 46
2026/09/27 05:12:53.795, 1, 82 %, 87393 MiB, 285.19 W, 2422 MHz, 12481 MHz, 45
2026/09/27 05:12:54.045, 0, 98 %, 87425 MiB, 261.19 W, 2422 MHz, 12481 MHz, 46
2026/09/27 05:12:54.045, 1, 81 %, 87393 MiB, 285.22 W, 2422 MHz, 12481 MHz, 45
2026/09/27 05:12:54.295, 0, 33 %, 87425 MiB, 262.54 W, 2422 MHz, 12481 MHz, 45
2026/09/27 05:12:54.295, 1, 91 %, 87393 MiB, 283.98 W, 2422 MHz, 12481 MHz, 46
2026/09/27 05:12:54.545, 0, 98 %, 87425 MiB, 262.28 W, 2407 MHz, 12481 MHz, 46
2026/09/27 05:12:54.545, 1, 82 %, 87393 MiB, 286.77 W, 2422 MHz, 12481 MHz, 46
2026/09/27 05:12:54.796, 0, 98 %, 87425 MiB, 262.64 W, 2422 MHz, 12481 MHz, 47
2026/09/27 05:12:54.796, 1, 82 %, 87393 MiB, 286.27 W, 2422 MHz, 12481 MHz, 47
2026/09/27 05:12:55.046, 0, 98 %, 87425 MiB, 263.98 W, 2422 MHz, 12481 MHz, 46
2026/09/27 05:12:55.046, 1, 82 %, 87393 MiB, 286.16 W, 2422 MHz, 12481 MHz, 47
2026/09/27 05:12:55.296, 0, 98 %, 87425 MiB, 275.01 W, 2422 MHz, 12481 MHz, 47
2026/09/27 05:12:55.296, 1, 79 %, 87393 MiB, 281.56 W, 2422 MHz, 12481 MHz, 47
2026/09/27 05:12:55.546, 0, 98 %, 87425 MiB, 264.34 W, 2422 MHz, 12481 MHz, 45
2026/09/27 05:12:55.546, 1, 90 %, 87393 MiB, 285.68 W, 2422 MHz, 12481 MHz, 46
2026/09/27 05:12:55.796, 0, 98 %, 87425 MiB, 263.83 W, 2400 MHz, 12481 MHz, 45
2026/09/27 05:12:55.796, 1, 81 %, 87393 MiB, 285.05 W, 2422 MHz, 12481 MHz, 46
2026/09/27 05:12:56.046, 0, 98 %, 87425 MiB, 262.55 W, 2422 MHz, 12481 MHz, 45
2026/09/27 05:12:56.046, 1, 82 %, 87393 MiB, 285.33 W, 2422 MHz, 12481 MHz, 47
2026/09/27 05:12:56.296, 0, 98 %, 87425 MiB, 263.58 W, 2422 MHz, 12481 MHz, 46
2026/09/27 05:12:56.296, 1, 81 %, 87393 MiB, 285.48 W, 2422 MHz, 12481 MHz, 47
2026/09/27 05:12:56.546, 0, 54 %, 87425 MiB, 262.08 W, 2422 MHz, 12481 MHz, 43
2026/09/27 05:12:56.546, 1, 81 %, 87393 MiB, 284.94 W, 2422 MHz, 12481 MHz, 47
2026/09/27 05:12:56.796, 0, 98 %, 87425 MiB, 263.80 W, 2400 MHz, 12481 MHz, 47
2026/09/27 05:12:56.796, 1, 81 %, 87393 MiB, 287.93 W, 2422 MHz, 12481 MHz, 47
2026/09/27 05:12:57.047, 0, 98 %, 87425 MiB, 263.20 W, 2422 MHz, 12481 MHz, 47
2026/09/27 05:12:57.047, 1, 80 %, 87393 MiB, 286.73 W, 2422 MHz, 12481 MHz, 47
2026/09/27 05:12:57.297, 0, 98 %, 87425 MiB, 264.10 W, 2422 MHz, 12481 MHz, 46
2026/09/27 05:12:57.297, 1, 81 %, 87393 MiB, 286.99 W, 2422 MHz, 12481 MHz, 46
2026/09/27 05:12:57.547, 0, 98 %, 87425 MiB, 273.25 W, 2422 MHz, 12481 MHz, 46
2026/09/27 05:12:57.547, 1, 81 %, 87393 MiB, 277.01 W, 2422 MHz, 12481 MHz, 46
2026/09/27 05:12:57.797, 0, 57 %, 87425 MiB, 262.33 W, 2422 MHz, 12481 MHz, 46
2026/09/27 05:12:57.797, 1, 100 %, 87393 MiB, 285.73 W, 2422 MHz, 12481 MHz, 47
2026/09/27 05:12:58.047, 0, 98 %, 87425 MiB, 263.46 W, 2400 MHz, 12481 MHz, 46
2026/09/27 05:12:58.047, 1, 81 %, 87393 MiB, 285.21 W, 2422 MHz, 12481 MHz, 47
2026/09/27 05:12:58.297, 0, 98 %, 87425 MiB, 262.01 W, 2422 MHz, 12481 MHz, 46
2026/09/27 05:12:58.297, 1, 81 %, 87393 MiB, 283.95 W, 2422 MHz, 12481 MHz, 48
2026/09/27 05:12:58.547, 0, 98 %, 87425 MiB, 263.02 W, 2422 MHz, 12481 MHz, 47
2026/09/27 05:12:58.547, 1, 81 %, 87393 MiB, 286.33 W, 2422 MHz, 12481 MHz, 47
2026/09/27 05:12:58.797, 0, 97 %, 87425 MiB, 261.12 W, 2422 MHz, 12481 MHz, 46
2026/09/27 05:12:58.797, 1, 81 %, 87393 MiB, 286.65 W, 2422 MHz, 12481 MHz, 49
2026/09/27 05:12:59.048, 0, 99 %, 87425 MiB, 261.54 W, 2400 MHz, 12481 MHz, 47
2026/09/27 05:12:59.048, 1, 86 %, 87393 MiB, 293.37 W, 2422 MHz, 12481 MHz, 48
2026/09/27 05:12:59.298, 0, 99 %, 87425 MiB, 266.12 W, 2422 MHz, 12481 MHz, 47
2026/09/27 05:12:59.298, 1, 88 %, 87393 MiB, 298.62 W, 2422 MHz, 12481 MHz, 48
2026/09/27 05:12:59.548, 0, 99 %, 87425 MiB, 265.86 W, 2422 MHz, 12481 MHz, 47
2026/09/27 05:12:59.548, 1, 88 %, 87393 MiB, 300.81 W, 2422 MHz, 12481 MHz, 47
2026/09/27 05:12:59.798, 0, 7 %, 87425 MiB, 247.49 W, 2422 MHz, 12481 MHz, 44
2026/09/27 05:12:59.798, 1, 86 %, 87393 MiB, 282.34 W, 2422 MHz, 12481 MHz, 43
2026/09/27 05:13:00.048, 0, 99 %, 87425 MiB, 245.06 W, 2377 MHz, 12481 MHz, 45
2026/09/27 05:13:00.048, 1, 99 %, 87393 MiB, 267.79 W, 2370 MHz, 12481 MHz, 46
2026/09/27 05:13:00.298, 0, 99 %, 87425 MiB, 237.95 W, 2407 MHz, 12481 MHz, 45
2026/09/27 05:13:00.298, 1, 99 %, 87393 MiB, 261.64 W, 2407 MHz, 12481 MHz, 46
2026/09/27 05:13:00.548, 0, 99 %, 87425 MiB, 235.99 W, 2407 MHz, 12481 MHz, 45
2026/09/27 05:13:00.548, 1, 99 %, 87393 MiB, 255.18 W, 2407 MHz, 12481 MHz, 46
2026/09/27 05:13:00.798, 0, 70 %, 87425 MiB, 259.73 W, 2407 MHz, 12481 MHz, 46
2026/09/27 05:13:00.798, 1, 73 %, 87393 MiB, 253.61 W, 2407 MHz, 12481 MHz, 45
2026/09/27 05:13:01.049, 0, 90 %, 87425 MiB, 260.01 W, 2407 MHz, 12481 MHz, 47
2026/09/27 05:13:01.049, 1, 83 %, 87393 MiB, 264.48 W, 2422 MHz, 12481 MHz, 48
2026/09/27 05:13:01.299, 0, 90 %, 87425 MiB, 259.26 W, 2422 MHz, 12481 MHz, 45
2026/09/27 05:13:01.299, 1, 82 %, 87393 MiB, 263.71 W, 2422 MHz, 12481 MHz, 47
2026/09/27 05:13:01.549, 0, 93 %, 87425 MiB, 260.65 W, 2422 MHz, 12481 MHz, 47
2026/09/27 05:13:01.549, 1, 83 %, 87393 MiB, 264.77 W, 2422 MHz, 12481 MHz, 48
2026/09/27 05:13:01.799, 0, 30 %, 87425 MiB, 251.93 W, 2422 MHz, 12481 MHz, 46
2026/09/27 05:13:01.799, 1, 88 %, 87393 MiB, 277.23 W, 2422 MHz, 12481 MHz, 48
2026/09/27 05:13:02.049, 0, 95 %, 87425 MiB, 253.32 W, 2415 MHz, 12481 MHz, 47
2026/09/27 05:13:02.049, 1, 77 %, 87393 MiB, 277.39 W, 2422 MHz, 12481 MHz, 47
2026/09/27 05:13:02.299, 0, 95 %, 87425 MiB, 255.15 W, 2422 MHz, 12481 MHz, 46
2026/09/27 05:13:02.299, 1, 83 %, 87393 MiB, 278.24 W, 2422 MHz, 12481 MHz, 47
2026/09/27 05:13:02.549, 0, 95 %, 87425 MiB, 255.30 W, 2422 MHz, 12481 MHz, 47
2026/09/27 05:13:02.549, 1, 83 %, 87393 MiB, 279.92 W, 2422 MHz, 12481 MHz, 48
2026/09/27 05:13:02.799, 0, 68 %, 87425 MiB, 258.64 W, 2422 MHz, 12481 MHz, 46
2026/09/27 05:13:02.799, 1, 79 %, 87393 MiB, 280.55 W, 2422 MHz, 12481 MHz, 48
2026/09/27 05:13:03.049, 0, 97 %, 87425 MiB, 258.68 W, 2400 MHz, 12481 MHz, 47
2026/09/27 05:13:03.049, 1, 80 %, 87393 MiB, 282.13 W, 2422 MHz, 12481 MHz, 48
2026/09/27 05:13:03.300, 0, 97 %, 87425 MiB, 258.03 W, 2422 MHz, 12481 MHz, 47
2026/09/27 05:13:03.300, 1, 82 %, 87393 MiB, 281.32 W, 2422 MHz, 12481 MHz, 46
2026/09/27 05:13:03.550, 0, 96 %, 87425 MiB, 259.79 W, 2422 MHz, 12481 MHz, 46
2026/09/27 05:13:03.550, 1, 82 %, 87393 MiB, 282.06 W, 2422 MHz, 12481 MHz, 48
2026/09/27 05:13:03.800, 0, 97 %, 87425 MiB, 256.30 W, 2422 MHz, 12481 MHz, 43
2026/09/27 05:13:03.800, 1, 82 %, 87393 MiB, 276.54 W, 2422 MHz, 12481 MHz, 48
2026/09/27 05:13:04.050, 0, 89 %, 87425 MiB, 257.97 W, 2415 MHz, 12481 MHz, 47
2026/09/27 05:13:04.050, 1, 82 %, 87393 MiB, 283.78 W, 2422 MHz, 12481 MHz, 47
2026/09/27 05:13:04.300, 0, 99 %, 87425 MiB, 259.82 W, 2422 MHz, 12481 MHz, 47
2026/09/27 05:13:04.300, 1, 82 %, 87393 MiB, 284.34 W, 2422 MHz, 12481 MHz, 48
2026/09/27 05:13:04.550, 0, 99 %, 87425 MiB, 259.00 W, 2422 MHz, 12481 MHz, 47
2026/09/27 05:13:04.550, 1, 82 %, 87393 MiB, 284.52 W, 2422 MHz, 12481 MHz, 48
2026/09/27 05:13:04.800, 0, 99 %, 87425 MiB, 272.15 W, 2422 MHz, 12481 MHz, 47
2026/09/27 05:13:04.800, 1, 82 %, 87393 MiB, 278.69 W, 2422 MHz, 12481 MHz, 48
2026/09/27 05:13:05.050, 0, 36 %, 87425 MiB, 261.14 W, 2422 MHz, 12481 MHz, 46
2026/09/27 05:13:05.050, 1, 82 %, 87393 MiB, 286.82 W, 2422 MHz, 12481 MHz, 47
2026/09/27 05:13:05.300, 0, 99 %, 87425 MiB, 261.45 W, 2422 MHz, 12481 MHz, 47
2026/09/27 05:13:05.300, 1, 82 %, 87393 MiB, 288.10 W, 2422 MHz, 12481 MHz, 48
2026/09/27 05:13:05.551, 0, 99 %, 87425 MiB, 263.19 W, 2422 MHz, 12481 MHz, 47
2026/09/27 05:13:05.551, 1, 82 %, 87393 MiB, 287.62 W, 2422 MHz, 12481 MHz, 48
2026/09/27 05:13:05.801, 0, 99 %, 87425 MiB, 262.69 W, 2422 MHz, 12481 MHz, 47
2026/09/27 05:13:05.801, 1, 82 %, 87393 MiB, 287.21 W, 2422 MHz, 12481 MHz, 49
2026/09/27 05:13:06.051, 0, 99 %, 87425 MiB, 260.80 W, 2422 MHz, 12481 MHz, 44
2026/09/27 05:13:06.051, 1, 91 %, 87393 MiB, 288.07 W, 2422 MHz, 12481 MHz, 47
2026/09/27 05:13:06.301, 0, 99 %, 87425 MiB, 261.85 W, 2422 MHz, 12481 MHz, 47
2026/09/27 05:13:06.301, 1, 82 %, 87393 MiB, 287.81 W, 2422 MHz, 12481 MHz, 48
2026/09/27 05:13:06.551, 0, 99 %, 87425 MiB, 260.26 W, 2422 MHz, 12481 MHz, 47
2026/09/27 05:13:06.551, 1, 82 %, 87393 MiB, 287.72 W, 2422 MHz, 12481 MHz, 48
2026/09/27 05:13:06.801, 0, 99 %, 87425 MiB, 262.02 W, 2422 MHz, 12481 MHz, 48
2026/09/27 05:13:06.801, 1, 82 %, 87393 MiB, 288.01 W, 2422 MHz, 12481 MHz, 49
2026/09/27 05:13:07.051, 0, 99 %, 87425 MiB, 273.20 W, 2422 MHz, 12481 MHz, 48
2026/09/27 05:13:07.051, 1, 83 %, 87393 MiB, 284.77 W, 2422 MHz, 12481 MHz, 49
2026/09/27 05:13:07.301, 0, 99 %, 87425 MiB, 260.86 W, 2422 MHz, 12481 MHz, 46
2026/09/27 05:13:07.301, 1, 82 %, 87393 MiB, 288.15 W, 2422 MHz, 12481 MHz, 48
2026/09/27 05:13:07.551, 0, 99 %, 87425 MiB, 262.80 W, 2422 MHz, 12481 MHz, 47
2026/09/27 05:13:07.551, 1, 82 %, 87393 MiB, 286.98 W, 2422 MHz, 12481 MHz, 48
2026/09/27 05:13:07.802, 0, 99 %, 87425 MiB, 262.72 W, 2422 MHz, 12481 MHz, 48
2026/09/27 05:13:07.802, 1, 82 %, 87393 MiB, 286.50 W, 2422 MHz, 12481 MHz, 48
2026/09/27 05:13:08.052, 0, 99 %, 87425 MiB, 261.66 W, 2422 MHz, 12481 MHz, 48
2026/09/27 05:13:08.052, 1, 82 %, 87393 MiB, 283.20 W, 2422 MHz, 12481 MHz, 49
2026/09/27 05:13:08.302, 0, 94 %, 87425 MiB, 260.95 W, 2422 MHz, 12481 MHz, 47
2026/09/27 05:13:08.302, 1, 91 %, 87393 MiB, 287.07 W, 2422 MHz, 12481 MHz, 48
2026/09/27 05:13:08.552, 0, 99 %, 87425 MiB, 261.09 W, 2422 MHz, 12481 MHz, 47
2026/09/27 05:13:08.552, 1, 82 %, 87393 MiB, 287.83 W, 2422 MHz, 12481 MHz, 48
2026/09/27 05:13:08.802, 0, 99 %, 87425 MiB, 261.51 W, 2422 MHz, 12481 MHz, 47
2026/09/27 05:13:08.802, 1, 82 %, 87393 MiB, 287.41 W, 2422 MHz, 12481 MHz, 49
2026/09/27 05:13:09.052, 0, 99 %, 87425 MiB, 261.32 W, 2422 MHz, 12481 MHz, 48
2026/09/27 05:13:09.052, 1, 82 %, 87393 MiB, 287.19 W, 2422 MHz, 12481 MHz, 49
2026/09/27 05:13:09.302, 0, 42 %, 87425 MiB, 258.44 W, 2422 MHz, 12481 MHz, 44
2026/09/27 05:13:09.302, 1, 82 %, 87393 MiB, 283.07 W, 2422 MHz, 12481 MHz, 49
2026/09/27 05:13:09.552, 0, 99 %, 87425 MiB, 260.04 W, 2415 MHz, 12481 MHz, 48
2026/09/27 05:13:09.552, 1, 82 %, 87393 MiB, 285.37 W, 2422 MHz, 12481 MHz, 48
2026/09/27 05:13:09.802, 0, 99 %, 87425 MiB, 261.50 W, 2422 MHz, 12481 MHz, 47
2026/09/27 05:13:09.802, 1, 82 %, 87393 MiB, 287.03 W, 2422 MHz, 12481 MHz, 48
2026/09/27 05:13:10.052, 0, 99 %, 87425 MiB, 262.36 W, 2422 MHz, 12481 MHz, 47
2026/09/27 05:13:10.052, 1, 82 %, 87393 MiB, 286.70 W, 2422 MHz, 12481 MHz, 48
2026/09/27 05:13:10.302, 0, 99 %, 87425 MiB, 276.27 W, 2422 MHz, 12481 MHz, 48
2026/09/27 05:13:10.303, 1, 82 %, 87393 MiB, 284.97 W, 2422 MHz, 12481 MHz, 49
2026/09/27 05:13:10.553, 0, 80 %, 87425 MiB, 264.40 W, 2422 MHz, 12481 MHz, 48
2026/09/27 05:13:10.553, 1, 93 %, 87393 MiB, 286.72 W, 2422 MHz, 12481 MHz, 49
2026/09/27 05:13:10.803, 0, 99 %, 87425 MiB, 263.64 W, 2415 MHz, 12481 MHz, 47
2026/09/27 05:13:10.803, 1, 81 %, 87393 MiB, 286.79 W, 2422 MHz, 12481 MHz, 48
2026/09/27 05:13:11.053, 0, 98 %, 87425 MiB, 263.48 W, 2422 MHz, 12481 MHz, 48
2026/09/27 05:13:11.053, 1, 82 %, 87393 MiB, 285.25 W, 2422 MHz, 12481 MHz, 48
2026/09/27 05:13:11.303, 0, 99 %, 87425 MiB, 263.35 W, 2422 MHz, 12481 MHz, 47
2026/09/27 05:13:11.303, 1, 82 %, 87393 MiB, 286.34 W, 2422 MHz, 12481 MHz, 48
2026/09/27 05:13:11.553, 0, 62 %, 87425 MiB, 263.35 W, 2422 MHz, 12481 MHz, 44
2026/09/27 05:13:11.553, 1, 82 %, 87393 MiB, 286.08 W, 2422 MHz, 12481 MHz, 50
2026/09/27 05:13:11.803, 0, 98 %, 87425 MiB, 263.25 W, 2415 MHz, 12481 MHz, 48
2026/09/27 05:13:11.803, 1, 82 %, 87393 MiB, 285.74 W, 2422 MHz, 12481 MHz, 49
2026/09/27 05:13:12.053, 0, 99 %, 87425 MiB, 263.66 W, 2422 MHz, 12481 MHz, 48
2026/09/27 05:13:12.053, 1, 79 %, 87393 MiB, 287.47 W, 2422 MHz, 12481 MHz, 49
2026/09/27 05:13:12.303, 0, 99 %, 87425 MiB, 263.94 W, 2422 MHz, 12481 MHz, 48
2026/09/27 05:13:12.303, 1, 80 %, 87393 MiB, 286.25 W, 2422 MHz, 12481 MHz, 49
2026/09/27 05:13:12.553, 0, 98 %, 87425 MiB, 269.63 W, 2422 MHz, 12481 MHz, 47
2026/09/27 05:13:12.553, 1, 82 %, 87393 MiB, 278.74 W, 2422 MHz, 12481 MHz, 47
2026/09/27 05:13:12.804, 0, 57 %, 87425 MiB, 263.75 W, 2422 MHz, 12481 MHz, 47
2026/09/27 05:13:12.804, 1, 100 %, 87393 MiB, 288.52 W, 2422 MHz, 12481 MHz, 49
2026/09/27 05:13:13.054, 0, 98 %, 87425 MiB, 262.58 W, 2422 MHz, 12481 MHz, 48
2026/09/27 05:13:13.054, 1, 82 %, 87393 MiB, 287.88 W, 2422 MHz, 12481 MHz, 49
2026/09/27 05:13:13.304, 0, 98 %, 87425 MiB, 262.55 W, 2422 MHz, 12481 MHz, 48
2026/09/27 05:13:13.304, 1, 82 %, 87393 MiB, 287.36 W, 2422 MHz, 12481 MHz, 49
2026/09/27 05:13:13.554, 0, 98 %, 87425 MiB, 263.23 W, 2422 MHz, 12481 MHz, 48
2026/09/27 05:13:13.554, 1, 82 %, 87393 MiB, 287.65 W, 2422 MHz, 12481 MHz, 49
2026/09/27 05:13:13.804, 0, 90 %, 87425 MiB, 262.25 W, 2422 MHz, 12481 MHz, 47
2026/09/27 05:13:13.804, 1, 82 %, 87393 MiB, 285.78 W, 2422 MHz, 12481 MHz, 49
2026/09/27 05:13:14.054, 0, 98 %, 87425 MiB, 263.79 W, 2422 MHz, 12481 MHz, 48
2026/09/27 05:13:14.054, 1, 81 %, 87393 MiB, 287.52 W, 2422 MHz, 12481 MHz, 48
2026/09/27 05:13:14.304, 0, 98 %, 87425 MiB, 263.61 W, 2422 MHz, 12481 MHz, 47
2026/09/27 05:13:14.304, 1, 81 %, 87393 MiB, 288.60 W, 2422 MHz, 12481 MHz, 48
2026/09/27 05:13:14.554, 0, 98 %, 87425 MiB, 263.78 W, 2422 MHz, 12481 MHz, 47
2026/09/27 05:13:14.554, 1, 82 %, 87393 MiB, 287.94 W, 2422 MHz, 12481 MHz, 48
2026/09/27 05:13:14.804, 0, 98 %, 87425 MiB, 273.47 W, 2422 MHz, 12481 MHz, 48
2026/09/27 05:13:14.804, 1, 81 %, 87393 MiB, 280.18 W, 2422 MHz, 12481 MHz, 49
2026/09/27 05:13:15.054, 0, 33 %, 87425 MiB, 263.15 W, 2422 MHz, 12481 MHz, 48
2026/09/27 05:13:15.054, 1, 81 %, 87393 MiB, 287.45 W, 2422 MHz, 12481 MHz, 50
2026/09/27 05:13:15.304, 0, 98 %, 87425 MiB, 261.95 W, 2422 MHz, 12481 MHz, 48
2026/09/27 05:13:15.305, 1, 80 %, 87393 MiB, 287.59 W, 2422 MHz, 12481 MHz, 49
2026/09/27 05:13:15.555, 0, 98 %, 87425 MiB, 261.49 W, 2422 MHz, 12481 MHz, 49
2026/09/27 05:13:15.555, 1, 80 %, 87393 MiB, 286.61 W, 2422 MHz, 12481 MHz, 50
2026/09/27 05:13:15.805, 0, 98 %, 87425 MiB, 263.04 W, 2422 MHz, 12481 MHz, 48
2026/09/27 05:13:15.805, 1, 81 %, 87393 MiB, 287.52 W, 2422 MHz, 12481 MHz, 48
2026/09/27 05:13:16.055, 0, 98 %, 87425 MiB, 260.42 W, 2422 MHz, 12481 MHz, 46
2026/09/27 05:13:16.055, 1, 91 %, 87393 MiB, 288.52 W, 2422 MHz, 12481 MHz, 49
2026/09/27 05:13:16.305, 0, 98 %, 87425 MiB, 261.36 W, 2422 MHz, 12481 MHz, 48
2026/09/27 05:13:16.305, 1, 81 %, 87393 MiB, 287.66 W, 2422 MHz, 12481 MHz, 49
2026/09/27 05:13:16.555, 0, 98 %, 87425 MiB, 259.92 W, 2422 MHz, 12481 MHz, 48
2026/09/27 05:13:16.555, 1, 81 %, 87393 MiB, 288.35 W, 2422 MHz, 12481 MHz, 50
2026/09/27 05:13:16.805, 0, 98 %, 87425 MiB, 259.88 W, 2422 MHz, 12481 MHz, 48
2026/09/27 05:13:16.805, 1, 81 %, 87393 MiB, 287.97 W, 2422 MHz, 12481 MHz, 50
2026/09/27 05:13:17.055, 0, 98 %, 87425 MiB, 271.77 W, 2422 MHz, 12481 MHz, 48
2026/09/27 05:13:17.055, 1, 81 %, 87393 MiB, 282.61 W, 2422 MHz, 12481 MHz, 50
2026/09/27 05:13:17.305, 0, 99 %, 87425 MiB, 262.53 W, 2422 MHz, 12481 MHz, 48
2026/09/27 05:13:17.305, 1, 88 %, 87393 MiB, 289.15 W, 2422 MHz, 12481 MHz, 50
2026/09/27 05:13:17.555, 0, 99 %, 87425 MiB, 267.27 W, 2422 MHz, 12481 MHz, 49
2026/09/27 05:13:17.555, 1, 88 %, 87393 MiB, 294.08 W, 2422 MHz, 12481 MHz, 50
2026/09/27 05:13:17.805, 0, 99 %, 87425 MiB, 257.59 W, 2422 MHz, 12481 MHz, 45
2026/09/27 05:13:17.805, 1, 86 %, 87393 MiB, 300.45 W, 2422 MHz, 12481 MHz, 50
2026/09/27 05:13:18.056, 0, 8 %, 87425 MiB, 245.97 W, 2422 MHz, 12481 MHz, 46
2026/09/27 05:13:18.056, 1, 99 %, 87393 MiB, 279.38 W, 2422 MHz, 12481 MHz, 47
2026/09/27 05:13:18.306, 0, 99 %, 87425 MiB, 252.32 W, 2407 MHz, 12481 MHz, 47
2026/09/27 05:13:18.306, 1, 99 %, 87393 MiB, 267.40 W, 2415 MHz, 12481 MHz, 47
2026/09/27 05:13:18.556, 0, 99 %, 87425 MiB, 247.01 W, 2407 MHz, 12481 MHz, 47
2026/09/27 05:13:18.556, 1, 99 %, 87393 MiB, 258.59 W, 2415 MHz, 12481 MHz, 47
2026/09/27 05:13:18.806, 0, 99 %, 87521 MiB, 231.53 W, 2407 MHz, 12481 MHz, 44
2026/09/27 05:13:18.806, 1, 99 %, 87489 MiB, 241.70 W, 2415 MHz, 12481 MHz, 45
2026/09/27 05:13:19.056, 0, 62 %, 87521 MiB, 247.19 W, 2407 MHz, 12481 MHz, 48
2026/09/27 05:13:19.056, 1, 83 %, 87489 MiB, 247.93 W, 2415 MHz, 12481 MHz, 49
2026/09/27 05:13:19.306, 0, 91 %, 87521 MiB, 247.58 W, 2422 MHz, 12481 MHz, 47
2026/09/27 05:13:19.306, 1, 80 %, 87489 MiB, 247.36 W, 2422 MHz, 12481 MHz, 48
2026/09/27 05:13:19.556, 0, 93 %, 87521 MiB, 246.45 W, 2422 MHz, 12481 MHz, 48
2026/09/27 05:13:19.556, 1, 83 %, 87489 MiB, 248.91 W, 2422 MHz, 12481 MHz, 50
2026/09/27 05:13:19.806, 0, 93 %, 87521 MiB, 260.59 W, 2422 MHz, 12481 MHz, 47
2026/09/27 05:13:19.806, 1, 76 %, 87489 MiB, 254.88 W, 2422 MHz, 12481 MHz, 48
2026/09/27 05:13:20.056, 0, 33 %, 87521 MiB, 253.67 W, 2422 MHz, 12481 MHz, 48
2026/09/27 05:13:20.056, 1, 78 %, 87489 MiB, 278.59 W, 2422 MHz, 12481 MHz, 48
2026/09/27 05:13:20.306, 0, 95 %, 87521 MiB, 256.00 W, 2422 MHz, 12481 MHz, 48
2026/09/27 05:13:20.307, 1, 83 %, 87489 MiB, 280.30 W, 2422 MHz, 12481 MHz, 49
2026/09/27 05:13:20.557, 0, 95 %, 87521 MiB, 257.49 W, 2422 MHz, 12481 MHz, 48
2026/09/27 05:13:20.557, 1, 83 %, 87489 MiB, 278.73 W, 2422 MHz, 12481 MHz, 49
2026/09/27 05:13:20.807, 0, 95 %, 87521 MiB, 259.19 W, 2422 MHz, 12481 MHz, 48
2026/09/27 05:13:20.807, 1, 81 %, 87489 MiB, 281.10 W, 2422 MHz, 12481 MHz, 48
2026/09/27 05:13:21.057, 0, 51 %, 87521 MiB, 259.11 W, 2422 MHz, 12481 MHz, 48
2026/09/27 05:13:21.057, 1, 79 %, 87489 MiB, 282.21 W, 2422 MHz, 12481 MHz, 49
2026/09/27 05:13:21.307, 0, 96 %, 87521 MiB, 258.89 W, 2422 MHz, 12481 MHz, 47
2026/09/27 05:13:21.307, 1, 82 %, 87489 MiB, 283.15 W, 2422 MHz, 12481 MHz, 48
2026/09/27 05:13:21.557, 0, 97 %, 87521 MiB, 258.55 W, 2422 MHz, 12481 MHz, 48
2026/09/27 05:13:21.557, 1, 82 %, 87489 MiB, 282.92 W, 2422 MHz, 12481 MHz, 49
2026/09/27 05:13:21.807, 0, 97 %, 87521 MiB, 259.96 W, 2422 MHz, 12481 MHz, 49
2026/09/27 05:13:21.807, 1, 82 %, 87489 MiB, 283.50 W, 2422 MHz, 12481 MHz, 49
2026/09/27 05:13:22.057, 0, 97 %, 87521 MiB, 257.65 W, 2422 MHz, 12481 MHz, 46
2026/09/27 05:13:22.057, 1, 91 %, 87489 MiB, 285.15 W, 2422 MHz, 12481 MHz, 50
2026/09/27 05:13:22.307, 0, 99 %, 87521 MiB, 258.78 W, 2422 MHz, 12481 MHz, 48
2026/09/27 05:13:22.307, 1, 82 %, 87489 MiB, 284.11 W, 2422 MHz, 12481 MHz, 49
2026/09/27 05:13:22.557, 0, 99 %, 87521 MiB, 258.67 W, 2422 MHz, 12481 MHz, 49
2026/09/27 05:13:22.557, 1, 80 %, 87489 MiB, 285.53 W, 2422 MHz, 12481 MHz, 50
2026/09/27 05:13:22.807, 0, 99 %, 87521 MiB, 259.79 W, 2422 MHz, 12481 MHz, 48
2026/09/27 05:13:22.807, 1, 80 %, 87489 MiB, 286.08 W, 2422 MHz, 12481 MHz, 48
2026/09/27 05:13:23.057, 0, 99 %, 87521 MiB, 269.04 W, 2422 MHz, 12481 MHz, 48
2026/09/27 05:13:23.057, 1, 91 %, 87489 MiB, 288.15 W, 2422 MHz, 12481 MHz, 51
2026/09/27 05:13:23.308, 0, 99 %, 87521 MiB, 262.31 W, 2422 MHz, 12481 MHz, 49
2026/09/27 05:13:23.308, 1, 82 %, 87489 MiB, 288.23 W, 2422 MHz, 12481 MHz, 50
2026/09/27 05:13:23.558, 0, 99 %, 87521 MiB, 262.94 W, 2422 MHz, 12481 MHz, 49
2026/09/27 05:13:23.558, 1, 79 %, 87489 MiB, 289.07 W, 2422 MHz, 12481 MHz, 49
2026/09/27 05:13:23.808, 0, 99 %, 87521 MiB, 263.76 W, 2422 MHz, 12481 MHz, 48
2026/09/27 05:13:23.808, 1, 81 %, 87489 MiB, 290.18 W, 2422 MHz, 12481 MHz, 48
2026/09/27 05:13:24.058, 0, 99 %, 87521 MiB, 266.57 W, 2422 MHz, 12481 MHz, 48
2026/09/27 05:13:24.058, 1, 82 %, 87489 MiB, 284.45 W, 2422 MHz, 12481 MHz, 49
2026/09/27 05:13:24.308, 0, 99 %, 87521 MiB, 262.91 W, 2422 MHz, 12481 MHz, 49
2026/09/27 05:13:24.308, 1, 91 %, 87489 MiB, 288.29 W, 2422 MHz, 12481 MHz, 50
2026/09/27 05:13:24.558, 0, 99 %, 87521 MiB, 263.55 W, 2422 MHz, 12481 MHz, 49
2026/09/27 05:13:24.558, 1, 80 %, 87489 MiB, 288.01 W, 2422 MHz, 12481 MHz, 50
2026/09/27 05:13:24.808, 0, 99 %, 87521 MiB, 263.50 W, 2422 MHz, 12481 MHz, 48
2026/09/27 05:13:24.808, 1, 79 %, 87489 MiB, 288.26 W, 2422 MHz, 12481 MHz, 48
2026/09/27 05:13:25.058, 0, 99 %, 87521 MiB, 264.86 W, 2422 MHz, 12481 MHz, 49
2026/09/27 05:13:25.058, 1, 82 %, 87489 MiB, 287.91 W, 2422 MHz, 12481 MHz, 49
2026/09/27 05:13:25.308, 0, 33 %, 87521 MiB, 263.58 W, 2422 MHz, 12481 MHz, 48
2026/09/27 05:13:25.308, 1, 91 %, 87489 MiB, 287.54 W, 2422 MHz, 12481 MHz, 51
2026/09/27 05:13:25.558, 0, 99 %, 87521 MiB, 264.14 W, 2422 MHz, 12481 MHz, 48
2026/09/27 05:13:25.558, 1, 82 %, 87489 MiB, 288.59 W, 2422 MHz, 12481 MHz, 50
2026/09/27 05:13:25.809, 0, 99 %, 87521 MiB, 264.86 W, 2422 MHz, 12481 MHz, 48
2026/09/27 05:13:25.809, 1, 79 %, 87489 MiB, 287.60 W, 2422 MHz, 12481 MHz, 49
2026/09/27 05:13:26.059, 0, 99 %, 87521 MiB, 265.95 W, 2422 MHz, 12481 MHz, 48
2026/09/27 05:13:26.059, 1, 82 %, 87489 MiB, 289.12 W, 2422 MHz, 12481 MHz, 48
2026/09/27 05:13:26.309, 0, 99 %, 87521 MiB, 271.90 W, 2422 MHz, 12481 MHz, 48
2026/09/27 05:13:26.309, 1, 82 %, 87489 MiB, 280.99 W, 2422 MHz, 12481 MHz, 49
2026/09/27 05:13:26.559, 0, 99 %, 87521 MiB, 262.96 W, 2422 MHz, 12481 MHz, 48
2026/09/27 05:13:26.559, 1, 91 %, 87489 MiB, 287.21 W, 2422 MHz, 12481 MHz, 50
2026/09/27 05:13:26.809, 0, 99 %, 87521 MiB, 262.35 W, 2422 MHz, 12481 MHz, 49
2026/09/27 05:13:26.809, 1, 82 %, 87489 MiB, 289.25 W, 2422 MHz, 12481 MHz, 50
2026/09/27 05:13:27.059, 0, 99 %, 87521 MiB, 262.36 W, 2422 MHz, 12481 MHz, 49
2026/09/27 05:13:27.059, 1, 81 %, 87489 MiB, 287.95 W, 2422 MHz, 12481 MHz, 49
2026/09/27 05:13:27.309, 0, 99 %, 87521 MiB, 264.21 W, 2422 MHz, 12481 MHz, 49
2026/09/27 05:13:27.309, 1, 82 %, 87489 MiB, 287.47 W, 2422 MHz, 12481 MHz, 48
2026/09/27 05:13:27.559, 0, 33 %, 87521 MiB, 263.49 W, 2422 MHz, 12481 MHz, 47
2026/09/27 05:13:27.559, 1, 91 %, 87489 MiB, 288.69 W, 2422 MHz, 12481 MHz, 50
2026/09/27 05:13:27.809, 0, 99 %, 87521 MiB, 263.56 W, 2422 MHz, 12481 MHz, 49
2026/09/27 05:13:27.809, 1, 82 %, 87489 MiB, 288.17 W, 2422 MHz, 12481 MHz, 50
2026/09/27 05:13:28.059, 0, 99 %, 87521 MiB, 262.93 W, 2422 MHz, 12481 MHz, 49
2026/09/27 05:13:28.059, 1, 81 %, 87489 MiB, 288.36 W, 2422 MHz, 12481 MHz, 51
2026/09/27 05:13:28.309, 0, 99 %, 87521 MiB, 263.22 W, 2422 MHz, 12481 MHz, 49
2026/09/27 05:13:28.309, 1, 80 %, 87489 MiB, 289.52 W, 2422 MHz, 12481 MHz, 50
2026/09/27 05:13:28.559, 0, 98 %, 87521 MiB, 272.35 W, 2422 MHz, 12481 MHz, 48
2026/09/27 05:13:28.559, 1, 81 %, 87489 MiB, 288.11 W, 2422 MHz, 12481 MHz, 51
2026/09/27 05:13:28.810, 0, 99 %, 87521 MiB, 262.70 W, 2422 MHz, 12481 MHz, 48
2026/09/27 05:13:28.810, 1, 91 %, 87489 MiB, 290.13 W, 2422 MHz, 12481 MHz, 50
2026/09/27 05:13:29.060, 0, 99 %, 87521 MiB, 262.25 W, 2422 MHz, 12481 MHz, 49
2026/09/27 05:13:29.060, 1, 82 %, 87489 MiB, 286.98 W, 2422 MHz, 12481 MHz, 50
2026/09/27 05:13:29.310, 0, 99 %, 87521 MiB, 261.89 W, 2422 MHz, 12481 MHz, 49
2026/09/27 05:13:29.310, 1, 82 %, 87489 MiB, 287.01 W, 2422 MHz, 12481 MHz, 50
2026/09/27 05:13:29.560, 0, 99 %, 87521 MiB, 261.99 W, 2422 MHz, 12481 MHz, 49
2026/09/27 05:13:29.560, 1, 82 %, 87489 MiB, 283.29 W, 2422 MHz, 12481 MHz, 50
2026/09/27 05:13:29.810, 0, 34 %, 87521 MiB, 263.24 W, 2422 MHz, 12481 MHz, 47
2026/09/27 05:13:29.810, 1, 85 %, 87489 MiB, 287.68 W, 2422 MHz, 12481 MHz, 49
2026/09/27 05:13:30.060, 0, 98 %, 87521 MiB, 263.58 W, 2422 MHz, 12481 MHz, 47
2026/09/27 05:13:30.060, 1, 82 %, 87489 MiB, 287.98 W, 2422 MHz, 12481 MHz, 50
2026/09/27 05:13:30.310, 0, 99 %, 87521 MiB, 263.57 W, 2422 MHz, 12481 MHz, 48
2026/09/27 05:13:30.310, 1, 82 %, 87489 MiB, 289.35 W, 2422 MHz, 12481 MHz, 50
2026/09/27 05:13:30.560, 0, 98 %, 87521 MiB, 263.92 W, 2422 MHz, 12481 MHz, 49
2026/09/27 05:13:30.560, 1, 82 %, 87489 MiB, 288.17 W, 2422 MHz, 12481 MHz, 50
2026/09/27 05:13:30.810, 0, 99 %, 87521 MiB, 263.17 W, 2422 MHz, 12481 MHz, 45
2026/09/27 05:13:30.810, 1, 82 %, 87489 MiB, 283.73 W, 2422 MHz, 12481 MHz, 50
2026/09/27 05:13:31.060, 0, 87 %, 87521 MiB, 263.09 W, 2422 MHz, 12481 MHz, 49
2026/09/27 05:13:31.060, 1, 81 %, 87489 MiB, 287.08 W, 2422 MHz, 12481 MHz, 49
2026/09/27 05:13:31.311, 0, 98 %, 87521 MiB, 263.50 W, 2422 MHz, 12481 MHz, 48
2026/09/27 05:13:31.311, 1, 82 %, 87489 MiB, 287.15 W, 2422 MHz, 12481 MHz, 49
2026/09/27 05:13:31.561, 0, 98 %, 87521 MiB, 263.28 W, 2422 MHz, 12481 MHz, 48
2026/09/27 05:13:31.561, 1, 82 %, 87489 MiB, 288.96 W, 2422 MHz, 12481 MHz, 49
2026/09/27 05:13:31.811, 0, 99 %, 87521 MiB, 276.08 W, 2422 MHz, 12481 MHz, 48
2026/09/27 05:13:31.811, 1, 82 %, 87489 MiB, 286.97 W, 2422 MHz, 12481 MHz, 49
2026/09/27 05:13:32.061, 0, 58 %, 87521 MiB, 263.26 W, 2422 MHz, 12481 MHz, 48
2026/09/27 05:13:32.061, 1, 82 %, 87489 MiB, 290.17 W, 2422 MHz, 12481 MHz, 51
2026/09/27 05:13:32.311, 0, 98 %, 87521 MiB, 264.08 W, 2422 MHz, 12481 MHz, 49
2026/09/27 05:13:32.311, 1, 80 %, 87489 MiB, 289.21 W, 2422 MHz, 12481 MHz, 50
2026/09/27 05:13:32.561, 0, 98 %, 87521 MiB, 264.15 W, 2422 MHz, 12481 MHz, 49
2026/09/27 05:13:32.561, 1, 80 %, 87489 MiB, 287.83 W, 2422 MHz, 12481 MHz, 50
2026/09/27 05:13:32.811, 0, 98 %, 87521 MiB, 264.95 W, 2422 MHz, 12481 MHz, 49
2026/09/27 05:13:32.811, 1, 81 %, 87489 MiB, 289.89 W, 2422 MHz, 12481 MHz, 49
2026/09/27 05:13:33.061, 0, 98 %, 87521 MiB, 265.77 W, 2422 MHz, 12481 MHz, 46
2026/09/27 05:13:33.061, 1, 100 %, 87489 MiB, 289.83 W, 2422 MHz, 12481 MHz, 50
2026/09/27 05:13:33.311, 0, 98 %, 87521 MiB, 264.54 W, 2422 MHz, 12481 MHz, 48
2026/09/27 05:13:33.311, 1, 81 %, 87489 MiB, 290.21 W, 2422 MHz, 12481 MHz, 50
2026/09/27 05:13:33.561, 0, 98 %, 87521 MiB, 264.17 W, 2422 MHz, 12481 MHz, 49
2026/09/27 05:13:33.561, 1, 81 %, 87489 MiB, 290.95 W, 2422 MHz, 12481 MHz, 50
2026/09/27 05:13:33.811, 0, 98 %, 87521 MiB, 263.35 W, 2422 MHz, 12481 MHz, 49
2026/09/27 05:13:33.811, 1, 82 %, 87489 MiB, 290.96 W, 2422 MHz, 12481 MHz, 50
2026/09/27 05:13:34.061, 0, 98 %, 87521 MiB, 270.73 W, 2422 MHz, 12481 MHz, 49
2026/09/27 05:13:34.061, 1, 81 %, 87489 MiB, 279.54 W, 2422 MHz, 12481 MHz, 50
2026/09/27 05:13:34.312, 0, 98 %, 87521 MiB, 264.71 W, 2422 MHz, 12481 MHz, 48
2026/09/27 05:13:34.312, 1, 82 %, 87489 MiB, 288.83 W, 2422 MHz, 12481 MHz, 49
2026/09/27 05:13:34.562, 0, 98 %, 87521 MiB, 265.20 W, 2422 MHz, 12481 MHz, 49
2026/09/27 05:13:34.562, 1, 81 %, 87489 MiB, 287.18 W, 2422 MHz, 12481 MHz, 49
2026/09/27 05:13:34.812, 0, 98 %, 87521 MiB, 265.28 W, 2422 MHz, 12481 MHz, 49
2026/09/27 05:13:34.812, 1, 81 %, 87489 MiB, 286.69 W, 2422 MHz, 12481 MHz, 50
2026/09/27 05:13:35.062, 0, 98 %, 87521 MiB, 265.36 W, 2422 MHz, 12481 MHz, 49
2026/09/27 05:13:35.062, 1, 81 %, 87489 MiB, 288.40 W, 2422 MHz, 12481 MHz, 49
2026/09/27 05:13:35.312, 0, 33 %, 87521 MiB, 265.72 W, 2422 MHz, 12481 MHz, 48
2026/09/27 05:13:35.312, 1, 91 %, 87489 MiB, 288.21 W, 2422 MHz, 12481 MHz, 51
2026/09/27 05:13:35.562, 0, 98 %, 87521 MiB, 265.55 W, 2422 MHz, 12481 MHz, 49
2026/09/27 05:13:35.562, 1, 81 %, 87489 MiB, 288.58 W, 2422 MHz, 12481 MHz, 50
2026/09/27 05:13:35.812, 0, 98 %, 87521 MiB, 265.99 W, 2422 MHz, 12481 MHz, 49
2026/09/27 05:13:35.812, 1, 81 %, 87489 MiB, 287.22 W, 2422 MHz, 12481 MHz, 51
2026/09/27 05:13:36.062, 0, 98 %, 87521 MiB, 265.44 W, 2422 MHz, 12481 MHz, 49
2026/09/27 05:13:36.062, 1, 81 %, 87489 MiB, 288.63 W, 2422 MHz, 12481 MHz, 51
2026/09/27 05:13:36.312, 0, 98 %, 87521 MiB, 274.47 W, 2422 MHz, 12481 MHz, 49
2026/09/27 05:13:36.312, 1, 81 %, 87489 MiB, 280.92 W, 2422 MHz, 12481 MHz, 51
2026/09/27 05:13:36.562, 0, 93 %, 87521 MiB, 263.47 W, 2422 MHz, 12481 MHz, 49
2026/09/27 05:13:36.562, 1, 90 %, 87489 MiB, 291.86 W, 2422 MHz, 12481 MHz, 50
2026/09/27 05:13:36.813, 0, 98 %, 87521 MiB, 263.56 W, 2422 MHz, 12481 MHz, 49
2026/09/27 05:13:36.813, 1, 81 %, 87489 MiB, 291.66 W, 2422 MHz, 12481 MHz, 50
2026/09/27 05:13:37.063, 0, 98 %, 87521 MiB, 262.68 W, 2422 MHz, 12481 MHz, 49
2026/09/27 05:13:37.063, 1, 81 %, 87489 MiB, 291.41 W, 2422 MHz, 12481 MHz, 49
2026/09/27 05:13:37.313, 0, 98 %, 87521 MiB, 263.62 W, 2422 MHz, 12481 MHz, 48
2026/09/27 05:13:37.313, 1, 81 %, 87489 MiB, 290.11 W, 2422 MHz, 12481 MHz, 49
2026/09/27 05:13:37.563, 0, 64 %, 87521 MiB, 262.92 W, 2422 MHz, 12481 MHz, 46
2026/09/27 05:13:37.563, 1, 81 %, 87489 MiB, 287.97 W, 2422 MHz, 12481 MHz, 51
2026/09/27 05:13:37.813, 0, 98 %, 87521 MiB, 263.67 W, 2422 MHz, 12481 MHz, 49
2026/09/27 05:13:37.813, 1, 81 %, 87489 MiB, 289.72 W, 2422 MHz, 12481 MHz, 50
2026/09/27 05:13:38.063, 0, 98 %, 87521 MiB, 262.72 W, 2422 MHz, 12481 MHz, 49
2026/09/27 05:13:38.063, 1, 81 %, 87489 MiB, 289.19 W, 2422 MHz, 12481 MHz, 50
2026/09/27 05:13:38.313, 0, 98 %, 87521 MiB, 263.05 W, 2422 MHz, 12481 MHz, 49
2026/09/27 05:13:38.313, 1, 81 %, 87489 MiB, 290.96 W, 2422 MHz, 12481 MHz, 50
2026/09/27 05:13:38.563, 0, 98 %, 87521 MiB, 271.53 W, 2422 MHz, 12481 MHz, 49
2026/09/27 05:13:38.563, 1, 81 %, 87489 MiB, 282.13 W, 2422 MHz, 12481 MHz, 51
2026/09/27 05:13:38.813, 0, 39 %, 87521 MiB, 265.56 W, 2422 MHz, 12481 MHz, 48
2026/09/27 05:13:38.813, 1, 91 %, 87489 MiB, 291.63 W, 2422 MHz, 12481 MHz, 49
2026/09/27 05:13:39.063, 0, 98 %, 87521 MiB, 266.07 W, 2422 MHz, 12481 MHz, 49
2026/09/27 05:13:39.063, 1, 81 %, 87489 MiB, 290.67 W, 2422 MHz, 12481 MHz, 49
2026/09/27 05:13:39.314, 0, 98 %, 87521 MiB, 266.33 W, 2422 MHz, 12481 MHz, 49
2026/09/27 05:13:39.314, 1, 81 %, 87489 MiB, 289.79 W, 2422 MHz, 12481 MHz, 49
2026/09/27 05:13:39.564, 0, 98 %, 87521 MiB, 267.31 W, 2422 MHz, 12481 MHz, 49
2026/09/27 05:13:39.564, 1, 81 %, 87489 MiB, 292.41 W, 2422 MHz, 12481 MHz, 49
2026/09/27 05:13:39.814, 0, 98 %, 87521 MiB, 264.18 W, 2422 MHz, 12481 MHz, 47
2026/09/27 05:13:39.814, 1, 81 %, 87489 MiB, 290.29 W, 2422 MHz, 12481 MHz, 51
2026/09/27 05:13:40.064, 0, 98 %, 87521 MiB, 265.09 W, 2422 MHz, 12481 MHz, 49
2026/09/27 05:13:40.064, 1, 81 %, 87489 MiB, 291.31 W, 2422 MHz, 12481 MHz, 50
2026/09/27 05:13:40.314, 0, 98 %, 87521 MiB, 262.69 W, 2422 MHz, 12481 MHz, 49
2026/09/27 05:13:40.314, 1, 81 %, 87489 MiB, 289.82 W, 2422 MHz, 12481 MHz, 50
2026/09/27 05:13:40.564, 0, 98 %, 87521 MiB, 262.39 W, 2422 MHz, 12481 MHz, 48
2026/09/27 05:13:40.564, 1, 81 %, 87489 MiB, 289.79 W, 2422 MHz, 12481 MHz, 50
2026/09/27 05:13:40.814, 0, 98 %, 87521 MiB, 273.83 W, 2422 MHz, 12481 MHz, 49
2026/09/27 05:13:40.814, 1, 81 %, 87489 MiB, 282.02 W, 2422 MHz, 12481 MHz, 50
2026/09/27 05:13:41.064, 0, 57 %, 87521 MiB, 261.05 W, 2422 MHz, 12481 MHz, 48
2026/09/27 05:13:41.064, 1, 82 %, 87489 MiB, 291.48 W, 2422 MHz, 12481 MHz, 51
2026/09/27 05:13:41.314, 0, 98 %, 87521 MiB, 263.36 W, 2422 MHz, 12481 MHz, 49
2026/09/27 05:13:41.314, 1, 81 %, 87489 MiB, 290.40 W, 2422 MHz, 12481 MHz, 51
2026/09/27 05:13:41.564, 0, 98 %, 87521 MiB, 263.86 W, 2422 MHz, 12481 MHz, 50
2026/09/27 05:13:41.564, 1, 81 %, 87489 MiB, 291.81 W, 2422 MHz, 12481 MHz, 51
2026/09/27 05:13:41.815, 0, 98 %, 87521 MiB, 265.54 W, 2422 MHz, 12481 MHz, 49
2026/09/27 05:13:41.815, 1, 81 %, 87489 MiB, 291.18 W, 2422 MHz, 12481 MHz, 51
2026/09/27 05:13:42.065, 0, 98 %, 87521 MiB, 270.07 W, 2422 MHz, 12481 MHz, 47
2026/09/27 05:13:42.065, 1, 90 %, 87489 MiB, 290.87 W, 2422 MHz, 12481 MHz, 50
2026/09/27 05:13:42.315, 0, 98 %, 87521 MiB, 265.14 W, 2422 MHz, 12481 MHz, 49
2026/09/27 05:13:42.315, 1, 81 %, 87489 MiB, 291.25 W, 2422 MHz, 12481 MHz, 49
2026/09/27 05:13:42.565, 0, 98 %, 87521 MiB, 264.79 W, 2422 MHz, 12481 MHz, 49
2026/09/27 05:13:42.565, 1, 81 %, 87489 MiB, 290.60 W, 2422 MHz, 12481 MHz, 49
2026/09/27 05:13:42.815, 0, 98 %, 87521 MiB, 264.55 W, 2422 MHz, 12481 MHz, 49
2026/09/27 05:13:42.815, 1, 81 %, 87489 MiB, 290.58 W, 2422 MHz, 12481 MHz, 49
2026/09/27 05:13:43.065, 0, 98 %, 87521 MiB, 268.33 W, 2422 MHz, 12481 MHz, 49
2026/09/27 05:13:43.065, 1, 81 %, 87489 MiB, 280.62 W, 2422 MHz, 12481 MHz, 49
2026/09/27 05:13:43.315, 0, 97 %, 87521 MiB, 262.91 W, 2422 MHz, 12481 MHz, 48
2026/09/27 05:13:43.315, 1, 90 %, 87489 MiB, 288.76 W, 2422 MHz, 12481 MHz, 50
2026/09/27 05:13:43.565, 0, 97 %, 87521 MiB, 263.93 W, 2422 MHz, 12481 MHz, 48
2026/09/27 05:13:43.565, 1, 81 %, 87489 MiB, 288.51 W, 2422 MHz, 12481 MHz, 50
2026/09/27 05:13:43.815, 0, 97 %, 87521 MiB, 264.77 W, 2422 MHz, 12481 MHz, 49
2026/09/27 05:13:43.815, 1, 81 %, 87489 MiB, 288.35 W, 2422 MHz, 12481 MHz, 49
2026/09/27 05:13:44.066, 0, 98 %, 87521 MiB, 264.33 W, 2422 MHz, 12481 MHz, 49
2026/09/27 05:13:44.066, 1, 81 %, 87489 MiB, 290.44 W, 2422 MHz, 12481 MHz, 50
2026/09/27 05:13:44.316, 0, 69 %, 87521 MiB, 264.83 W, 2422 MHz, 12481 MHz, 46
2026/09/27 05:13:44.316, 1, 81 %, 87489 MiB, 284.32 W, 2422 MHz, 12481 MHz, 50
2026/09/27 05:13:44.566, 0, 97 %, 87521 MiB, 264.63 W, 2422 MHz, 12481 MHz, 48
2026/09/27 05:13:44.566, 1, 80 %, 87489 MiB, 290.10 W, 2422 MHz, 12481 MHz, 51
2026/09/27 05:13:44.816, 0, 97 %, 87521 MiB, 263.81 W, 2422 MHz, 12481 MHz, 49
2026/09/27 05:13:44.816, 1, 81 %, 87489 MiB, 290.24 W, 2422 MHz, 12481 MHz, 50
2026/09/27 05:13:45.066, 0, 97 %, 87521 MiB, 263.90 W, 2422 MHz, 12481 MHz, 48
2026/09/27 05:13:45.066, 1, 81 %, 87489 MiB, 289.92 W, 2422 MHz, 12481 MHz, 50
2026/09/27 05:13:45.316, 0, 97 %, 87521 MiB, 271.40 W, 2422 MHz, 12481 MHz, 48
2026/09/27 05:13:45.316, 1, 81 %, 87489 MiB, 287.20 W, 2422 MHz, 12481 MHz, 49
2026/09/27 05:13:45.566, 0, 33 %, 87521 MiB, 265.11 W, 2422 MHz, 12481 MHz, 48
2026/09/27 05:13:45.566, 1, 90 %, 87489 MiB, 290.99 W, 2422 MHz, 12481 MHz, 51
2026/09/27 05:13:45.816, 0, 97 %, 87521 MiB, 264.69 W, 2422 MHz, 12481 MHz, 49
2026/09/27 05:13:45.816, 1, 80 %, 87489 MiB, 288.39 W, 2422 MHz, 12481 MHz, 50
2026/09/27 05:13:46.066, 0, 97 %, 87521 MiB, 263.97 W, 2422 MHz, 12481 MHz, 49
2026/09/27 05:13:46.066, 1, 80 %, 87489 MiB, 289.45 W, 2422 MHz, 12481 MHz, 51
2026/09/27 05:13:46.316, 0, 97 %, 87521 MiB, 264.61 W, 2422 MHz, 12481 MHz, 49
2026/09/27 05:13:46.316, 1, 80 %, 87489 MiB, 290.38 W, 2422 MHz, 12481 MHz, 50
2026/09/27 05:13:46.567, 0, 97 %, 87521 MiB, 274.39 W, 2422 MHz, 12481 MHz, 49
2026/09/27 05:13:46.567, 1, 80 %, 87489 MiB, 287.00 W, 2422 MHz, 12481 MHz, 50
2026/09/27 05:13:46.817, 0, 72 %, 87521 MiB, 263.58 W, 2422 MHz, 12481 MHz, 49
2026/09/27 05:13:46.817, 1, 100 %, 87489 MiB, 291.69 W, 2422 MHz, 12481 MHz, 51
2026/09/27 05:13:47.067, 0, 97 %, 87521 MiB, 265.73 W, 2422 MHz, 12481 MHz, 49
2026/09/27 05:13:47.067, 1, 80 %, 87489 MiB, 290.75 W, 2422 MHz, 12481 MHz, 51
2026/09/27 05:13:47.317, 0, 97 %, 87521 MiB, 265.46 W, 2422 MHz, 12481 MHz, 49
2026/09/27 05:13:47.317, 1, 80 %, 87489 MiB, 290.48 W, 2422 MHz, 12481 MHz, 50
2026/09/27 05:13:47.567, 0, 97 %, 87521 MiB, 265.52 W, 2422 MHz, 12481 MHz, 48
2026/09/27 05:13:47.567, 1, 80 %, 87489 MiB, 289.23 W, 2422 MHz, 12481 MHz, 51
2026/09/27 05:13:47.817, 0, 97 %, 87521 MiB, 263.34 W, 2422 MHz, 12481 MHz, 48
2026/09/27 05:13:47.817, 1, 80 %, 87489 MiB, 290.38 W, 2422 MHz, 12481 MHz, 52
2026/09/27 05:13:48.067, 0, 97 %, 87521 MiB, 264.40 W, 2422 MHz, 12481 MHz, 50
2026/09/27 05:13:48.067, 1, 80 %, 87489 MiB, 289.21 W, 2422 MHz, 12481 MHz, 51
2026/09/27 05:13:48.317, 0, 97 %, 87521 MiB, 264.67 W, 2422 MHz, 12481 MHz, 49
2026/09/27 05:13:48.317, 1, 80 %, 87489 MiB, 287.94 W, 2422 MHz, 12481 MHz, 51
2026/09/27 05:13:48.567, 0, 97 %, 87521 MiB, 264.98 W, 2422 MHz, 12481 MHz, 49
2026/09/27 05:13:48.567, 1, 80 %, 87489 MiB, 288.67 W, 2422 MHz, 12481 MHz, 51
2026/09/27 05:13:48.817, 0, 97 %, 87521 MiB, 275.90 W, 2422 MHz, 12481 MHz, 49
2026/09/27 05:13:48.817, 1, 80 %, 87489 MiB, 281.26 W, 2422 MHz, 12481 MHz, 51
2026/09/27 05:13:49.068, 0, 54 %, 87521 MiB, 263.84 W, 2422 MHz, 12481 MHz, 49
2026/09/27 05:13:49.068, 1, 84 %, 87489 MiB, 290.17 W, 2422 MHz, 12481 MHz, 51
2026/09/27 05:13:49.318, 0, 97 %, 87521 MiB, 264.97 W, 2422 MHz, 12481 MHz, 49
2026/09/27 05:13:49.318, 1, 80 %, 87489 MiB, 290.38 W, 2422 MHz, 12481 MHz, 51
2026/09/27 05:13:49.568, 0, 97 %, 87521 MiB, 265.73 W, 2422 MHz, 12481 MHz, 50
2026/09/27 05:13:49.568, 1, 80 %, 87489 MiB, 289.70 W, 2422 MHz, 12481 MHz, 51
2026/09/27 05:13:49.818, 0, 97 %, 87521 MiB, 265.91 W, 2422 MHz, 12481 MHz, 49
2026/09/27 05:13:49.818, 1, 80 %, 87489 MiB, 290.85 W, 2422 MHz, 12481 MHz, 51
2026/09/27 05:13:50.068, 0, 97 %, 87521 MiB, 267.21 W, 2422 MHz, 12481 MHz, 49
2026/09/27 05:13:50.068, 1, 90 %, 87489 MiB, 290.40 W, 2422 MHz, 12481 MHz, 52
2026/09/27 05:13:50.318, 0, 97 %, 87521 MiB, 264.16 W, 2422 MHz, 12481 MHz, 49
2026/09/27 05:13:50.318, 1, 82 %, 87489 MiB, 290.56 W, 2422 MHz, 12481 MHz, 51
2026/09/27 05:13:50.568, 0, 97 %, 87521 MiB, 262.96 W, 2422 MHz, 12481 MHz, 49
2026/09/27 05:13:50.568, 1, 80 %, 87489 MiB, 288.68 W, 2422 MHz, 12481 MHz, 51
2026/09/27 05:13:50.818, 0, 97 %, 87521 MiB, 262.80 W, 2422 MHz, 12481 MHz, 49
2026/09/27 05:13:50.818, 1, 80 %, 87489 MiB, 288.58 W, 2422 MHz, 12481 MHz, 50
2026/09/27 05:13:51.068, 0, 97 %, 87521 MiB, 271.71 W, 2422 MHz, 12481 MHz, 49
2026/09/27 05:13:51.068, 1, 80 %, 87489 MiB, 281.03 W, 2422 MHz, 12481 MHz, 51
2026/09/27 05:13:51.318, 0, 75 %, 87521 MiB, 264.00 W, 2422 MHz, 12481 MHz, 49
2026/09/27 05:13:51.318, 1, 98 %, 87489 MiB, 291.53 W, 2422 MHz, 12481 MHz, 51
2026/09/27 05:13:51.569, 0, 97 %, 87521 MiB, 264.78 W, 2422 MHz, 12481 MHz, 49
2026/09/27 05:13:51.569, 1, 80 %, 87489 MiB, 291.01 W, 2422 MHz, 12481 MHz, 51
2026/09/27 05:13:51.819, 0, 97 %, 87521 MiB, 264.60 W, 2422 MHz, 12481 MHz, 49
2026/09/27 05:13:51.819, 1, 80 %, 87489 MiB, 290.34 W, 2422 MHz, 12481 MHz, 50
2026/09/27 05:13:52.069, 0, 97 %, 87521 MiB, 264.67 W, 2422 MHz, 12481 MHz, 49
2026/09/27 05:13:52.069, 1, 80 %, 87489 MiB, 292.28 W, 2422 MHz, 12481 MHz, 51
2026/09/27 05:13:52.319, 0, 97 %, 87521 MiB, 269.96 W, 2422 MHz, 12481 MHz, 48
2026/09/27 05:13:52.319, 1, 80 %, 87489 MiB, 282.94 W, 2422 MHz, 12481 MHz, 50
2026/09/27 05:13:52.569, 0, 97 %, 87521 MiB, 266.75 W, 2422 MHz, 12481 MHz, 49
2026/09/27 05:13:52.569, 1, 90 %, 87489 MiB, 292.49 W, 2422 MHz, 12481 MHz, 51
2026/09/27 05:13:52.819, 0, 97 %, 87521 MiB, 266.27 W, 2422 MHz, 12481 MHz, 48
2026/09/27 05:13:52.819, 1, 80 %, 87489 MiB, 290.34 W, 2422 MHz, 12481 MHz, 51
2026/09/27 05:13:53.069, 0, 97 %, 87521 MiB, 267.52 W, 2422 MHz, 12481 MHz, 48
2026/09/27 05:13:53.069, 1, 80 %, 87489 MiB, 290.11 W, 2422 MHz, 12481 MHz, 50
2026/09/27 05:13:53.319, 0, 97 %, 87521 MiB, 270.28 W, 2422 MHz, 12481 MHz, 49
2026/09/27 05:13:53.319, 1, 80 %, 87489 MiB, 290.98 W, 2422 MHz, 12481 MHz, 50
2026/09/27 05:13:53.569, 0, 68 %, 87521 MiB, 264.18 W, 2422 MHz, 12481 MHz, 46
2026/09/27 05:13:53.569, 1, 80 %, 87489 MiB, 289.19 W, 2422 MHz, 12481 MHz, 50
2026/09/27 05:13:53.819, 0, 97 %, 87521 MiB, 265.02 W, 2422 MHz, 12481 MHz, 48
2026/09/27 05:13:53.819, 1, 80 %, 87489 MiB, 289.53 W, 2422 MHz, 12481 MHz, 51
2026/09/27 05:13:54.069, 0, 97 %, 87521 MiB, 264.92 W, 2422 MHz, 12481 MHz, 48
2026/09/27 05:13:54.069, 1, 80 %, 87489 MiB, 289.25 W, 2422 MHz, 12481 MHz, 50
2026/09/27 05:13:54.320, 0, 97 %, 87521 MiB, 266.14 W, 2422 MHz, 12481 MHz, 50
2026/09/27 05:13:54.320, 1, 80 %, 87489 MiB, 288.70 W, 2422 MHz, 12481 MHz, 50
2026/09/27 05:13:54.570, 0, 97 %, 87521 MiB, 278.92 W, 2422 MHz, 12481 MHz, 49
2026/09/27 05:13:54.570, 1, 80 %, 87489 MiB, 281.65 W, 2422 MHz, 12481 MHz, 49
2026/09/27 05:13:54.820, 0, 31 %, 87521 MiB, 265.56 W, 2422 MHz, 12481 MHz, 48
2026/09/27 05:13:54.820, 1, 89 %, 87489 MiB, 289.64 W, 2422 MHz, 12481 MHz, 50
2026/09/27 05:13:55.070, 0, 97 %, 87521 MiB, 265.50 W, 2422 MHz, 12481 MHz, 50
2026/09/27 05:13:55.070, 1, 80 %, 87489 MiB, 290.20 W, 2422 MHz, 12481 MHz, 49
2026/09/27 05:13:55.320, 0, 97 %, 87521 MiB, 265.80 W, 2422 MHz, 12481 MHz, 49
2026/09/27 05:13:55.320, 1, 80 %, 87489 MiB, 289.65 W, 2422 MHz, 12481 MHz, 49
2026/09/27 05:13:55.570, 0, 96 %, 87521 MiB, 265.43 W, 2422 MHz, 12481 MHz, 50
2026/09/27 05:13:55.570, 1, 83 %, 87489 MiB, 290.15 W, 2422 MHz, 12481 MHz, 51
2026/09/27 05:13:55.820, 0, 96 %, 87521 MiB, 266.81 W, 2422 MHz, 12481 MHz, 47
2026/09/27 05:13:55.820, 1, 80 %, 87489 MiB, 281.00 W, 2422 MHz, 12481 MHz, 51
2026/09/27 05:13:56.070, 0, 37 %, 87521 MiB, 266.58 W, 2422 MHz, 12481 MHz, 49
2026/09/27 05:13:56.070, 1, 83 %, 87489 MiB, 291.73 W, 2422 MHz, 12481 MHz, 51
2026/09/27 05:13:56.320, 0, 96 %, 87521 MiB, 265.46 W, 2422 MHz, 12481 MHz, 50
2026/09/27 05:13:56.320, 1, 82 %, 87489 MiB, 291.79 W, 2422 MHz, 12481 MHz, 51
2026/09/27 05:13:56.570, 0, 96 %, 87521 MiB, 264.35 W, 2422 MHz, 12481 MHz, 49
2026/09/27 05:13:56.570, 1, 79 %, 87489 MiB, 292.39 W, 2422 MHz, 12481 MHz, 50
2026/09/27 05:13:56.821, 0, 96 %, 87521 MiB, 274.07 W, 2422 MHz, 12481 MHz, 49
2026/09/27 05:13:56.821, 1, 79 %, 87489 MiB, 292.34 W, 2422 MHz, 12481 MHz, 51
2026/09/27 05:13:57.071, 0, 96 %, 87521 MiB, 262.31 W, 2422 MHz, 12481 MHz, 46
2026/09/27 05:13:57.071, 1, 100 %, 87489 MiB, 290.49 W, 2422 MHz, 12481 MHz, 51
2026/09/27 05:13:57.321, 0, 96 %, 87521 MiB, 262.83 W, 2422 MHz, 12481 MHz, 49
2026/09/27 05:13:57.321, 1, 79 %, 87489 MiB, 291.21 W, 2422 MHz, 12481 MHz, 51
2026/09/27 05:13:57.571, 0, 96 %, 87521 MiB, 264.03 W, 2422 MHz, 12481 MHz, 48
2026/09/27 05:13:57.571, 1, 79 %, 87489 MiB, 288.03 W, 2422 MHz, 12481 MHz, 50
2026/09/27 05:13:57.821, 0, 96 %, 87521 MiB, 265.91 W, 2422 MHz, 12481 MHz, 50
2026/09/27 05:13:57.821, 1, 79 %, 87489 MiB, 289.90 W, 2422 MHz, 12481 MHz, 50
2026/09/27 05:13:58.071, 0, 97 %, 87521 MiB, 277.21 W, 2422 MHz, 12481 MHz, 49
2026/09/27 05:13:58.071, 1, 81 %, 87489 MiB, 282.81 W, 2422 MHz, 12481 MHz, 50
2026/09/27 05:13:58.321, 0, 95 %, 87521 MiB, 265.83 W, 2422 MHz, 12481 MHz, 49
2026/09/27 05:13:58.321, 1, 89 %, 87489 MiB, 290.89 W, 2422 MHz, 12481 MHz, 50
2026/09/27 05:13:58.571, 0, 96 %, 87521 MiB, 266.58 W, 2422 MHz, 12481 MHz, 50
2026/09/27 05:13:58.571, 1, 80 %, 87489 MiB, 291.41 W, 2422 MHz, 12481 MHz, 50
2026/09/27 05:13:58.821, 0, 96 %, 87521 MiB, 265.24 W, 2422 MHz, 12481 MHz, 49
2026/09/27 05:13:58.821, 1, 84 %, 87489 MiB, 291.12 W, 2422 MHz, 12481 MHz, 51
2026/09/27 05:13:59.071, 0, 96 %, 87521 MiB, 266.51 W, 2422 MHz, 12481 MHz, 49
2026/09/27 05:13:59.072, 1, 79 %, 87489 MiB, 289.29 W, 2422 MHz, 12481 MHz, 51
2026/09/27 05:13:59.322, 0, 96 %, 87521 MiB, 267.43 W, 2422 MHz, 12481 MHz, 49
2026/09/27 05:13:59.322, 1, 79 %, 87489 MiB, 280.27 W, 2422 MHz, 12481 MHz, 51
2026/09/27 05:13:59.572, 0, 96 %, 87521 MiB, 263.14 W, 2422 MHz, 12481 MHz, 49
2026/09/27 05:13:59.572, 1, 89 %, 87489 MiB, 286.52 W, 2422 MHz, 12481 MHz, 51
2026/09/27 05:13:59.822, 0, 96 %, 87521 MiB, 262.92 W, 2422 MHz, 12481 MHz, 49
2026/09/27 05:13:59.822, 1, 79 %, 87489 MiB, 288.66 W, 2422 MHz, 12481 MHz, 51
2026/09/27 05:14:00.072, 0, 96 %, 87521 MiB, 263.86 W, 2422 MHz, 12481 MHz, 48
2026/09/27 05:14:00.072, 1, 79 %, 87489 MiB, 289.48 W, 2422 MHz, 12481 MHz, 49
2026/09/27 05:14:00.322, 0, 96 %, 87521 MiB, 269.37 W, 2422 MHz, 12481 MHz, 49
2026/09/27 05:14:00.322, 1, 80 %, 87489 MiB, 292.54 W, 2422 MHz, 12481 MHz, 49
2026/09/27 05:14:00.572, 0, 80 %, 87521 MiB, 263.49 W, 2422 MHz, 12481 MHz, 47
2026/09/27 05:14:00.572, 1, 80 %, 87489 MiB, 291.86 W, 2422 MHz, 12481 MHz, 49
2026/09/27 05:14:00.822, 0, 97 %, 87521 MiB, 265.65 W, 2422 MHz, 12481 MHz, 49
2026/09/27 05:14:00.822, 1, 79 %, 87489 MiB, 292.89 W, 2422 MHz, 12481 MHz, 49
2026/09/27 05:14:01.072, 0, 96 %, 87521 MiB, 263.92 W, 2422 MHz, 12481 MHz, 50
2026/09/27 05:14:01.072, 1, 84 %, 87489 MiB, 291.54 W, 2422 MHz, 12481 MHz, 51
2026/09/27 05:14:01.322, 0, 96 %, 87521 MiB, 264.31 W, 2422 MHz, 12481 MHz, 50
2026/09/27 05:14:01.322, 1, 79 %, 87489 MiB, 289.80 W, 2422 MHz, 12481 MHz, 51
2026/09/27 05:14:01.573, 0, 96 %, 87521 MiB, 277.10 W, 2422 MHz, 12481 MHz, 48
2026/09/27 05:14:01.573, 1, 79 %, 87489 MiB, 281.42 W, 2422 MHz, 12481 MHz, 51
2026/09/27 05:14:01.823, 0, 59 %, 87521 MiB, 265.42 W, 2422 MHz, 12481 MHz, 49
2026/09/27 05:14:01.823, 1, 79 %, 87489 MiB, 290.37 W, 2422 MHz, 12481 MHz, 51
2026/09/27 05:14:02.073, 0, 96 %, 87521 MiB, 265.44 W, 2422 MHz, 12481 MHz, 49
2026/09/27 05:14:02.073, 1, 79 %, 87489 MiB, 289.45 W, 2422 MHz, 12481 MHz, 51
2026/09/27 05:14:02.323, 0, 98 %, 87521 MiB, 265.95 W, 2422 MHz, 12481 MHz, 49
2026/09/27 05:14:02.323, 1, 79 %, 87489 MiB, 288.57 W, 2422 MHz, 12481 MHz, 50
2026/09/27 05:14:02.573, 0, 96 %, 87521 MiB, 266.48 W, 2422 MHz, 12481 MHz, 49
2026/09/27 05:14:02.573, 1, 79 %, 87489 MiB, 290.94 W, 2422 MHz, 12481 MHz, 50
2026/09/27 05:14:02.823, 0, 96 %, 87521 MiB, 274.64 W, 2422 MHz, 12481 MHz, 50
2026/09/27 05:14:02.823, 1, 83 %, 87489 MiB, 282.75 W, 2422 MHz, 12481 MHz, 51
2026/09/27 05:14:03.073, 0, 39 %, 87521 MiB, 266.68 W, 2422 MHz, 12481 MHz, 49
2026/09/27 05:14:03.073, 1, 79 %, 87489 MiB, 291.46 W, 2422 MHz, 12481 MHz, 50
2026/09/27 05:14:03.323, 0, 96 %, 87521 MiB, 265.51 W, 2422 MHz, 12481 MHz, 49
2026/09/27 05:14:03.323, 1, 84 %, 87489 MiB, 291.44 W, 2422 MHz, 12481 MHz, 52
2026/09/27 05:14:03.573, 0, 96 %, 87521 MiB, 264.59 W, 2422 MHz, 12481 MHz, 49
2026/09/27 05:14:03.573, 1, 79 %, 87489 MiB, 291.42 W, 2422 MHz, 12481 MHz, 51
2026/09/27 05:14:03.823, 0, 96 %, 87521 MiB, 267.40 W, 2422 MHz, 12481 MHz, 48
2026/09/27 05:14:03.824, 1, 79 %, 87489 MiB, 291.80 W, 2422 MHz, 12481 MHz, 50
2026/09/27 05:14:04.074, 0, 97 %, 87521 MiB, 271.37 W, 2422 MHz, 12481 MHz, 50
2026/09/27 05:14:04.074, 1, 89 %, 87489 MiB, 292.01 W, 2422 MHz, 12481 MHz, 52
2026/09/27 05:14:04.324, 0, 97 %, 87521 MiB, 266.31 W, 2422 MHz, 12481 MHz, 48
2026/09/27 05:14:04.324, 1, 79 %, 87489 MiB, 290.93 W, 2422 MHz, 12481 MHz, 50
2026/09/27 05:14:04.574, 0, 96 %, 87521 MiB, 265.85 W, 2422 MHz, 12481 MHz, 49
2026/09/27 05:14:04.574, 1, 79 %, 87489 MiB, 291.46 W, 2422 MHz, 12481 MHz, 49
2026/09/27 05:14:04.824, 0, 96 %, 87521 MiB, 264.35 W, 2422 MHz, 12481 MHz, 49
2026/09/27 05:14:04.824, 1, 81 %, 87489 MiB, 291.17 W, 2422 MHz, 12481 MHz, 51
2026/09/27 05:14:05.074, 0, 96 %, 87521 MiB, 270.43 W, 2422 MHz, 12481 MHz, 49
2026/09/27 05:14:05.074, 1, 79 %, 87489 MiB, 280.02 W, 2422 MHz, 12481 MHz, 51
2026/09/27 05:14:05.324, 0, 33 %, 87521 MiB, 263.03 W, 2422 MHz, 12481 MHz, 49
2026/09/27 05:14:05.324, 1, 89 %, 87489 MiB, 289.86 W, 2422 MHz, 12481 MHz, 52
2026/09/27 05:14:05.574, 0, 96 %, 87521 MiB, 262.96 W, 2422 MHz, 12481 MHz, 49
2026/09/27 05:14:05.574, 1, 79 %, 87489 MiB, 287.86 W, 2422 MHz, 12481 MHz, 51
2026/09/27 05:14:05.824, 0, 96 %, 87521 MiB, 264.67 W, 2422 MHz, 12481 MHz, 49
2026/09/27 05:14:05.824, 1, 79 %, 87489 MiB, 288.40 W, 2422 MHz, 12481 MHz, 50
2026/09/27 05:14:06.074, 0, 96 %, 87521 MiB, 264.20 W, 2422 MHz, 12481 MHz, 49
2026/09/27 05:14:06.074, 1, 79 %, 87489 MiB, 291.14 W, 2422 MHz, 12481 MHz, 50
2026/09/27 05:14:06.325, 0, 96 %, 87521 MiB, 276.71 W, 2422 MHz, 12481 MHz, 50
2026/09/27 05:14:06.325, 1, 83 %, 87489 MiB, 283.58 W, 2422 MHz, 12481 MHz, 51
2026/09/27 05:14:06.575, 0, 39 %, 87521 MiB, 265.73 W, 2422 MHz, 12481 MHz, 49
2026/09/27 05:14:06.575, 1, 89 %, 87489 MiB, 293.25 W, 2422 MHz, 12481 MHz, 50
2026/09/27 05:14:06.825, 0, 96 %, 87521 MiB, 265.77 W, 2422 MHz, 12481 MHz, 50
2026/09/27 05:14:06.825, 1, 84 %, 87489 MiB, 289.47 W, 2422 MHz, 12481 MHz, 51
2026/09/27 05:14:07.075, 0, 96 %, 87521 MiB, 264.67 W, 2422 MHz, 12481 MHz, 49
2026/09/27 05:14:07.075, 1, 79 %, 87489 MiB, 289.93 W, 2422 MHz, 12481 MHz, 51
2026/09/27 05:14:07.325, 0, 97 %, 87521 MiB, 267.21 W, 2422 MHz, 12481 MHz, 49
2026/09/27 05:14:07.325, 1, 79 %, 87489 MiB, 288.89 W, 2422 MHz, 12481 MHz, 51
2026/09/27 05:14:07.575, 0, 96 %, 87521 MiB, 277.37 W, 2422 MHz, 12481 MHz, 49
2026/09/27 05:14:07.575, 1, 79 %, 87489 MiB, 281.85 W, 2422 MHz, 12481 MHz, 49
2026/09/27 05:14:07.825, 0, 51 %, 87521 MiB, 265.24 W, 2422 MHz, 12481 MHz, 49
2026/09/27 05:14:07.825, 1, 99 %, 87489 MiB, 289.85 W, 2422 MHz, 12481 MHz, 51
2026/09/27 05:14:08.075, 0, 96 %, 87521 MiB, 265.13 W, 2422 MHz, 12481 MHz, 49
2026/09/27 05:14:08.075, 1, 82 %, 87489 MiB, 290.51 W, 2422 MHz, 12481 MHz, 51
2026/09/27 05:14:08.325, 0, 96 %, 87521 MiB, 264.83 W, 2422 MHz, 12481 MHz, 50
2026/09/27 05:14:08.325, 1, 81 %, 87489 MiB, 289.54 W, 2422 MHz, 12481 MHz, 51
2026/09/27 05:14:08.575, 0, 96 %, 87521 MiB, 263.36 W, 2422 MHz, 12481 MHz, 49
2026/09/27 05:14:08.576, 1, 79 %, 87489 MiB, 290.23 W, 2422 MHz, 12481 MHz, 51
2026/09/27 05:14:08.826, 0, 96 %, 87521 MiB, 265.09 W, 2422 MHz, 12481 MHz, 46
2026/09/27 05:14:08.826, 1, 79 %, 87489 MiB, 289.77 W, 2422 MHz, 12481 MHz, 50
2026/09/27 05:14:09.076, 0, 63 %, 87521 MiB, 263.99 W, 2422 MHz, 12481 MHz, 49
2026/09/27 05:14:09.076, 1, 79 %, 87489 MiB, 288.56 W, 2422 MHz, 12481 MHz, 50
2026/09/27 05:14:09.326, 0, 96 %, 87521 MiB, 264.83 W, 2422 MHz, 12481 MHz, 49
2026/09/27 05:14:09.326, 1, 79 %, 87489 MiB, 289.06 W, 2422 MHz, 12481 MHz, 50
2026/09/27 05:14:09.576, 0, 96 %, 87521 MiB, 265.50 W, 2422 MHz, 12481 MHz, 50
2026/09/27 05:14:09.576, 1, 83 %, 87489 MiB, 289.60 W, 2422 MHz, 12481 MHz, 51
2026/09/27 05:14:09.826, 0, 96 %, 87521 MiB, 276.08 W, 2422 MHz, 12481 MHz, 49
2026/09/27 05:14:09.826, 1, 79 %, 87489 MiB, 286.23 W, 2422 MHz, 12481 MHz, 51
2026/09/27 05:14:10.076, 0, 96 %, 87521 MiB, 264.50 W, 2422 MHz, 12481 MHz, 46
2026/09/27 05:14:10.076, 1, 100 %, 87489 MiB, 291.54 W, 2422 MHz, 12481 MHz, 52
2026/09/27 05:14:10.326, 0, 95 %, 87521 MiB, 265.60 W, 2422 MHz, 12481 MHz, 49
2026/09/27 05:14:10.326, 1, 78 %, 87489 MiB, 290.53 W, 2422 MHz, 12481 MHz, 51
2026/09/27 05:14:10.576, 0, 97 %, 87521 MiB, 266.74 W, 2422 MHz, 12481 MHz, 50
2026/09/27 05:14:10.576, 1, 79 %, 87489 MiB, 289.14 W, 2422 MHz, 12481 MHz, 50
2026/09/27 05:14:10.826, 0, 96 %, 87521 MiB, 266.05 W, 2422 MHz, 12481 MHz, 50
2026/09/27 05:14:10.826, 1, 79 %, 87489 MiB, 288.95 W, 2422 MHz, 12481 MHz, 51
2026/09/27 05:14:11.077, 0, 95 %, 87521 MiB, 278.95 W, 2422 MHz, 12481 MHz, 50
2026/09/27 05:14:11.077, 1, 78 %, 87489 MiB, 281.12 W, 2422 MHz, 12481 MHz, 51
2026/09/27 05:14:11.327, 0, 74 %, 87521 MiB, 267.59 W, 2422 MHz, 12481 MHz, 49
2026/09/27 05:14:11.327, 1, 97 %, 87489 MiB, 291.24 W, 2422 MHz, 12481 MHz, 51
2026/09/27 05:14:11.577, 0, 95 %, 87521 MiB, 266.93 W, 2422 MHz, 12481 MHz, 49
2026/09/27 05:14:11.577, 1, 78 %, 87489 MiB, 292.80 W, 2422 MHz, 12481 MHz, 51
2026/09/27 05:14:11.827, 0, 97 %, 87521 MiB, 267.87 W, 2422 MHz, 12481 MHz, 50
2026/09/27 05:14:11.827, 1, 78 %, 87489 MiB, 292.30 W, 2422 MHz, 12481 MHz, 50
2026/09/27 05:14:12.077, 0, 96 %, 87521 MiB, 267.18 W, 2422 MHz, 12481 MHz, 50
2026/09/27 05:14:12.077, 1, 85 %, 87489 MiB, 292.67 W, 2422 MHz, 12481 MHz, 51
2026/09/27 05:14:12.327, 0, 95 %, 87521 MiB, 275.68 W, 2422 MHz, 12481 MHz, 50
2026/09/27 05:14:12.327, 1, 78 %, 87489 MiB, 282.45 W, 2422 MHz, 12481 MHz, 51
2026/09/27 05:14:12.577, 0, 78 %, 87521 MiB, 264.05 W, 2422 MHz, 12481 MHz, 49
2026/09/27 05:14:12.577, 1, 93 %, 87489 MiB, 291.22 W, 2422 MHz, 12481 MHz, 52
2026/09/27 05:14:12.827, 0, 95 %, 87521 MiB, 264.11 W, 2422 MHz, 12481 MHz, 49
2026/09/27 05:14:12.827, 1, 78 %, 87489 MiB, 288.83 W, 2422 MHz, 12481 MHz, 51
2026/09/27 05:14:13.077, 0, 95 %, 87521 MiB, 265.09 W, 2422 MHz, 12481 MHz, 49
2026/09/27 05:14:13.077, 1, 79 %, 87489 MiB, 288.00 W, 2422 MHz, 12481 MHz, 50
2026/09/27 05:14:13.327, 0, 95 %, 87521 MiB, 264.81 W, 2422 MHz, 12481 MHz, 50
2026/09/27 05:14:13.328, 1, 84 %, 87489 MiB, 289.78 W, 2422 MHz, 12481 MHz, 51
2026/09/27 05:14:13.578, 0, 95 %, 87521 MiB, 276.07 W, 2422 MHz, 12481 MHz, 50
2026/09/27 05:14:13.578, 1, 78 %, 87489 MiB, 289.56 W, 2422 MHz, 12481 MHz, 51
2026/09/27 05:14:13.828, 0, 79 %, 87521 MiB, 265.80 W, 2422 MHz, 12481 MHz, 50
2026/09/27 05:14:13.828, 1, 92 %, 87489 MiB, 291.36 W, 2422 MHz, 12481 MHz, 52
2026/09/27 05:14:14.078, 0, 95 %, 87521 MiB, 264.29 W, 2422 MHz, 12481 MHz, 49
2026/09/27 05:14:14.078, 1, 78 %, 87489 MiB, 290.36 W, 2422 MHz, 12481 MHz, 51
2026/09/27 05:14:14.328, 0, 96 %, 87521 MiB, 265.77 W, 2422 MHz, 12481 MHz, 49
2026/09/27 05:14:14.328, 1, 79 %, 87489 MiB, 288.85 W, 2422 MHz, 12481 MHz, 50
2026/09/27 05:14:14.578, 0, 95 %, 87521 MiB, 265.18 W, 2422 MHz, 12481 MHz, 50
2026/09/27 05:14:14.578, 1, 84 %, 87489 MiB, 281.47 W, 2422 MHz, 12481 MHz, 51
2026/09/27 05:14:14.828, 0, 95 %, 87521 MiB, 265.86 W, 2422 MHz, 12481 MHz, 46
2026/09/27 05:14:14.828, 1, 78 %, 87489 MiB, 287.59 W, 2422 MHz, 12481 MHz, 51
2026/09/27 05:14:15.078, 0, 77 %, 87521 MiB, 268.09 W, 2422 MHz, 12481 MHz, 50
2026/09/27 05:14:15.078, 1, 78 %, 87489 MiB, 289.70 W, 2422 MHz, 12481 MHz, 51
2026/09/27 05:14:15.328, 0, 97 %, 87521 MiB, 267.85 W, 2422 MHz, 12481 MHz, 49
2026/09/27 05:14:15.328, 1, 78 %, 87489 MiB, 289.94 W, 2422 MHz, 12481 MHz, 50
2026/09/27 05:14:15.578, 0, 96 %, 87521 MiB, 268.66 W, 2422 MHz, 12481 MHz, 50
2026/09/27 05:14:15.578, 1, 79 %, 87489 MiB, 290.84 W, 2422 MHz, 12481 MHz, 50
2026/09/27 05:14:15.829, 0, 95 %, 87521 MiB, 279.75 W, 2422 MHz, 12481 MHz, 50
2026/09/27 05:14:15.829, 1, 85 %, 87489 MiB, 286.19 W, 2422 MHz, 12481 MHz, 51
2026/09/27 05:14:16.079, 0, 95 %, 87521 MiB, 267.26 W, 2422 MHz, 12481 MHz, 46
2026/09/27 05:14:16.079, 1, 97 %, 87489 MiB, 294.25 W, 2422 MHz, 12481 MHz, 51
2026/09/27 05:14:16.329, 0, 95 %, 87521 MiB, 267.04 W, 2422 MHz, 12481 MHz, 49
2026/09/27 05:14:16.329, 1, 78 %, 87489 MiB, 294.76 W, 2422 MHz, 12481 MHz, 51
2026/09/27 05:14:16.579, 0, 97 %, 87521 MiB, 267.59 W, 2422 MHz, 12481 MHz, 49
2026/09/27 05:14:16.579, 1, 78 %, 87489 MiB, 291.83 W, 2422 MHz, 12481 MHz, 50
2026/09/27 05:14:16.829, 0, 95 %, 87521 MiB, 266.14 W, 2422 MHz, 12481 MHz, 50
2026/09/27 05:14:16.829, 1, 78 %, 87489 MiB, 290.84 W, 2422 MHz, 12481 MHz, 51
2026/09/27 05:14:17.079, 0, 95 %, 87521 MiB, 277.27 W, 2422 MHz, 12481 MHz, 49
2026/09/27 05:14:17.079, 1, 78 %, 87489 MiB, 281.16 W, 2422 MHz, 12481 MHz, 51
2026/09/27 05:14:17.329, 0, 68 %, 87521 MiB, 265.94 W, 2422 MHz, 12481 MHz, 49
2026/09/27 05:14:17.329, 1, 100 %, 87489 MiB, 288.39 W, 2422 MHz, 12481 MHz, 52
2026/09/27 05:14:17.579, 0, 95 %, 87521 MiB, 266.27 W, 2422 MHz, 12481 MHz, 48
2026/09/27 05:14:17.579, 1, 78 %, 87489 MiB, 288.37 W, 2422 MHz, 12481 MHz, 51
2026/09/27 05:14:17.829, 0, 95 %, 87521 MiB, 266.99 W, 2422 MHz, 12481 MHz, 49
2026/09/27 05:14:17.829, 1, 78 %, 87489 MiB, 286.80 W, 2422 MHz, 12481 MHz, 50
2026/09/27 05:14:18.079, 0, 95 %, 87521 MiB, 267.28 W, 2422 MHz, 12481 MHz, 50
2026/09/27 05:14:18.079, 1, 78 %, 87489 MiB, 290.35 W, 2422 MHz, 12481 MHz, 51
2026/09/27 05:14:18.330, 0, 96 %, 87521 MiB, 276.92 W, 2422 MHz, 12481 MHz, 49
2026/09/27 05:14:18.330, 1, 78 %, 87489 MiB, 281.60 W, 2422 MHz, 12481 MHz, 50
2026/09/27 05:14:18.580, 0, 61 %, 87521 MiB, 263.43 W, 2422 MHz, 12481 MHz, 49
2026/09/27 05:14:18.580, 1, 100 %, 87489 MiB, 290.52 W, 2422 MHz, 12481 MHz, 51
2026/09/27 05:14:18.830, 0, 97 %, 87521 MiB, 267.13 W, 2422 MHz, 12481 MHz, 49
2026/09/27 05:14:18.830, 1, 78 %, 87489 MiB, 289.19 W, 2422 MHz, 12481 MHz, 50
2026/09/27 05:14:19.080, 0, 95 %, 87521 MiB, 266.34 W, 2422 MHz, 12481 MHz, 49
2026/09/27 05:14:19.080, 1, 81 %, 87489 MiB, 290.36 W, 2422 MHz, 12481 MHz, 52
2026/09/27 05:14:19.330, 0, 95 %, 87521 MiB, 268.35 W, 2422 MHz, 12481 MHz, 48
2026/09/27 05:14:19.330, 1, 78 %, 87489 MiB, 291.62 W, 2422 MHz, 12481 MHz, 51
2026/09/27 05:14:19.580, 0, 95 %, 87521 MiB, 279.55 W, 2422 MHz, 12481 MHz, 50
2026/09/27 05:14:19.580, 1, 78 %, 87489 MiB, 288.55 W, 2422 MHz, 12481 MHz, 49
2026/09/27 05:14:19.830, 0, 50 %, 87521 MiB, 267.45 W, 2422 MHz, 12481 MHz, 50
2026/09/27 05:14:19.830, 1, 99 %, 87489 MiB, 291.87 W, 2422 MHz, 12481 MHz, 50
2026/09/27 05:14:20.080, 0, 95 %, 87521 MiB, 268.28 W, 2422 MHz, 12481 MHz, 50
2026/09/27 05:14:20.080, 1, 85 %, 87489 MiB, 291.62 W, 2422 MHz, 12481 MHz, 52
2026/09/27 05:14:20.330, 0, 95 %, 87521 MiB, 265.51 W, 2422 MHz, 12481 MHz, 49
2026/09/27 05:14:20.330, 1, 78 %, 87489 MiB, 290.20 W, 2422 MHz, 12481 MHz, 51
2026/09/27 05:14:20.580, 0, 95 %, 87521 MiB, 266.89 W, 2422 MHz, 12481 MHz, 50
2026/09/27 05:14:20.580, 1, 78 %, 87489 MiB, 284.58 W, 2422 MHz, 12481 MHz, 49
2026/09/27 05:14:20.830, 0, 95 %, 87521 MiB, 266.75 W, 2422 MHz, 12481 MHz, 47
2026/09/27 05:14:20.831, 1, 80 %, 87489 MiB, 285.52 W, 2422 MHz, 12481 MHz, 51
2026/09/27 05:14:21.081, 0, 41 %, 87521 MiB, 266.29 W, 2422 MHz, 12481 MHz, 49
2026/09/27 05:14:21.081, 1, 85 %, 87489 MiB, 292.79 W, 2422 MHz, 12481 MHz, 51
2026/09/27 05:14:21.331, 0, 95 %, 87521 MiB, 266.65 W, 2422 MHz, 12481 MHz, 48
2026/09/27 05:14:21.331, 1, 78 %, 87489 MiB, 294.33 W, 2422 MHz, 12481 MHz, 51
2026/09/27 05:14:21.581, 0, 97 %, 87521 MiB, 266.39 W, 2422 MHz, 12481 MHz, 50
2026/09/27 05:14:21.581, 1, 78 %, 87489 MiB, 292.99 W, 2422 MHz, 12481 MHz, 50
2026/09/27 05:14:21.831, 0, 95 %, 87521 MiB, 274.49 W, 2422 MHz, 12481 MHz, 50
2026/09/27 05:14:21.831, 1, 79 %, 87489 MiB, 290.60 W, 2422 MHz, 12481 MHz, 51
2026/09/27 05:14:22.081, 0, 95 %, 87521 MiB, 268.87 W, 2422 MHz, 12481 MHz, 49
2026/09/27 05:14:22.081, 1, 89 %, 87489 MiB, 290.95 W, 2422 MHz, 12481 MHz, 53
2026/09/27 05:14:22.331, 0, 95 %, 87521 MiB, 265.07 W, 2422 MHz, 12481 MHz, 49
2026/09/27 05:14:22.331, 1, 78 %, 87489 MiB, 291.20 W, 2422 MHz, 12481 MHz, 51
2026/09/27 05:14:22.581, 0, 97 %, 87521 MiB, 266.16 W, 2422 MHz, 12481 MHz, 49
2026/09/27 05:14:22.581, 1, 78 %, 87489 MiB, 289.34 W, 2422 MHz, 12481 MHz, 50
2026/09/27 05:14:22.831, 0, 95 %, 87521 MiB, 265.95 W, 2422 MHz, 12481 MHz, 50
2026/09/27 05:14:22.831, 1, 78 %, 87489 MiB, 291.33 W, 2422 MHz, 12481 MHz, 51
2026/09/27 05:14:23.081, 0, 95 %, 87521 MiB, 269.59 W, 2422 MHz, 12481 MHz, 49
2026/09/27 05:14:23.081, 1, 78 %, 87489 MiB, 281.98 W, 2422 MHz, 12481 MHz, 51
2026/09/27 05:14:23.332, 0, 31 %, 87521 MiB, 262.38 W, 2422 MHz, 12481 MHz, 48
2026/09/27 05:14:23.332, 1, 89 %, 87489 MiB, 291.40 W, 2422 MHz, 12481 MHz, 52
2026/09/27 05:14:23.582, 0, 97 %, 87521 MiB, 264.07 W, 2422 MHz, 12481 MHz, 49
2026/09/27 05:14:23.582, 1, 78 %, 87489 MiB, 289.77 W, 2422 MHz, 12481 MHz, 50
2026/09/27 05:14:23.832, 0, 95 %, 87521 MiB, 265.19 W, 2422 MHz, 12481 MHz, 50
2026/09/27 05:14:23.832, 1, 79 %, 87489 MiB, 291.44 W, 2422 MHz, 12481 MHz, 52
2026/09/27 05:14:24.082, 0, 95 %, 87521 MiB, 266.40 W, 2422 MHz, 12481 MHz, 49
2026/09/27 05:14:24.082, 1, 78 %, 87489 MiB, 291.40 W, 2422 MHz, 12481 MHz, 50
2026/09/27 05:14:24.332, 0, 95 %, 87521 MiB, 281.62 W, 2422 MHz, 12481 MHz, 50
2026/09/27 05:14:24.332, 1, 78 %, 87489 MiB, 283.37 W, 2422 MHz, 12481 MHz, 49
2026/09/27 05:14:24.582, 0, 37 %, 87521 MiB, 268.46 W, 2422 MHz, 12481 MHz, 46
2026/09/27 05:14:24.582, 1, 85 %, 87489 MiB, 293.58 W, 2422 MHz, 12481 MHz, 50
2026/09/27 05:14:24.832, 0, 95 %, 87521 MiB, 269.83 W, 2422 MHz, 12481 MHz, 50
2026/09/27 05:14:24.832, 1, 80 %, 87489 MiB, 292.35 W, 2422 MHz, 12481 MHz, 52
2026/09/27 05:14:25.082, 0, 95 %, 87521 MiB, 268.67 W, 2422 MHz, 12481 MHz, 48
2026/09/27 05:14:25.082, 1, 77 %, 87489 MiB, 292.05 W, 2422 MHz, 12481 MHz, 51
2026/09/27 05:14:25.332, 0, 95 %, 87521 MiB, 268.57 W, 2422 MHz, 12481 MHz, 50
2026/09/27 05:14:25.332, 1, 79 %, 87489 MiB, 292.15 W, 2422 MHz, 12481 MHz, 50
2026/09/27 05:14:25.582, 0, 95 %, 87521 MiB, 279.07 W, 2422 MHz, 12481 MHz, 50
2026/09/27 05:14:25.582, 1, 79 %, 87489 MiB, 282.40 W, 2422 MHz, 12481 MHz, 51
2026/09/27 05:14:25.832, 0, 59 %, 87521 MiB, 264.61 W, 2422 MHz, 12481 MHz, 49
2026/09/27 05:14:25.832, 1, 78 %, 87489 MiB, 291.35 W, 2422 MHz, 12481 MHz, 52
2026/09/27 05:14:26.083, 0, 94 %, 87521 MiB, 264.69 W, 2422 MHz, 12481 MHz, 49
2026/09/27 05:14:26.083, 1, 78 %, 87489 MiB, 292.21 W, 2422 MHz, 12481 MHz, 50
2026/09/27 05:14:26.333, 0, 94 %, 87521 MiB, 264.59 W, 2422 MHz, 12481 MHz, 50
2026/09/27 05:14:26.333, 1, 83 %, 87489 MiB, 291.92 W, 2422 MHz, 12481 MHz, 51
2026/09/27 05:14:26.583, 0, 94 %, 87521 MiB, 265.88 W, 2422 MHz, 12481 MHz, 49
2026/09/27 05:14:26.583, 1, 77 %, 87489 MiB, 290.48 W, 2422 MHz, 12481 MHz, 51
2026/09/27 05:14:26.833, 0, 97 %, 87521 MiB, 276.73 W, 2422 MHz, 12481 MHz, 50
2026/09/27 05:14:26.833, 1, 78 %, 87489 MiB, 283.01 W, 2422 MHz, 12481 MHz, 50
2026/09/27 05:14:27.083, 0, 79 %, 87521 MiB, 264.93 W, 2422 MHz, 12481 MHz, 48
2026/09/27 05:14:27.083, 1, 78 %, 87489 MiB, 287.22 W, 2422 MHz, 12481 MHz, 50
2026/09/27 05:14:27.333, 0, 94 %, 87521 MiB, 267.27 W, 2422 MHz, 12481 MHz, 50
2026/09/27 05:14:27.333, 1, 87 %, 87489 MiB, 288.78 W, 2422 MHz, 12481 MHz, 52
2026/09/27 05:14:27.583, 0, 94 %, 87521 MiB, 266.49 W, 2422 MHz, 12481 MHz, 48
2026/09/27 05:14:27.583, 1, 77 %, 87489 MiB, 289.12 W, 2422 MHz, 12481 MHz, 51
2026/09/27 05:14:27.833, 0, 95 %, 87521 MiB, 266.50 W, 2422 MHz, 12481 MHz, 50
2026/09/27 05:14:27.833, 1, 78 %, 87489 MiB, 289.22 W, 2422 MHz, 12481 MHz, 50
2026/09/27 05:14:28.083, 0, 94 %, 87521 MiB, 278.48 W, 2422 MHz, 12481 MHz, 50
2026/09/27 05:14:28.083, 1, 77 %, 87489 MiB, 283.45 W, 2422 MHz, 12481 MHz, 51
2026/09/27 05:14:28.333, 0, 94 %, 87521 MiB, 264.66 W, 2422 MHz, 12481 MHz, 49
2026/09/27 05:14:28.333, 1, 88 %, 87489 MiB, 290.25 W, 2422 MHz, 12481 MHz, 52
2026/09/27 05:14:28.584, 0, 97 %, 87521 MiB, 266.19 W, 2422 MHz, 12481 MHz, 49
2026/09/27 05:14:28.584, 1, 77 %, 87489 MiB, 290.07 W, 2422 MHz, 12481 MHz, 50
2026/09/27 05:14:28.834, 0, 95 %, 87521 MiB, 267.01 W, 2422 MHz, 12481 MHz, 50
2026/09/27 05:14:28.834, 1, 78 %, 87489 MiB, 291.27 W, 2422 MHz, 12481 MHz, 52
2026/09/27 05:14:29.084, 0, 94 %, 87521 MiB, 266.62 W, 2422 MHz, 12481 MHz, 49
2026/09/27 05:14:29.084, 1, 77 %, 87489 MiB, 291.60 W, 2422 MHz, 12481 MHz, 50
2026/09/27 05:14:29.334, 0, 95 %, 87521 MiB, 272.22 W, 2422 MHz, 12481 MHz, 49
2026/09/27 05:14:29.334, 1, 78 %, 87489 MiB, 284.08 W, 2422 MHz, 12481 MHz, 49
2026/09/27 05:14:29.584, 0, 94 %, 87521 MiB, 266.23 W, 2422 MHz, 12481 MHz, 50
2026/09/27 05:14:29.584, 1, 88 %, 87489 MiB, 293.14 W, 2422 MHz, 12481 MHz, 50
2026/09/27 05:14:29.834, 0, 94 %, 87521 MiB, 266.38 W, 2422 MHz, 12481 MHz, 50
2026/09/27 05:14:29.834, 1, 86 %, 87489 MiB, 293.40 W, 2422 MHz, 12481 MHz, 51
2026/09/27 05:14:30.084, 0, 94 %, 87521 MiB, 267.71 W, 2422 MHz, 12481 MHz, 49
2026/09/27 05:14:30.084, 1, 78 %, 87489 MiB, 293.04 W, 2422 MHz, 12481 MHz, 50
2026/09/27 05:14:30.334, 0, 94 %, 87521 MiB, 272.28 W, 2422 MHz, 12481 MHz, 50
2026/09/27 05:14:30.334, 1, 86 %, 87489 MiB, 294.60 W, 2422 MHz, 12481 MHz, 52
2026/09/27 05:14:30.584, 0, 94 %, 87521 MiB, 276.17 W, 2422 MHz, 12481 MHz, 48
2026/09/27 05:14:30.584, 1, 77 %, 87489 MiB, 291.20 W, 2422 MHz, 12481 MHz, 50
2026/09/27 05:14:30.835, 0, 64 %, 87521 MiB, 266.83 W, 2422 MHz, 12481 MHz, 49
2026/09/27 05:14:30.835, 1, 100 %, 87489 MiB, 291.95 W, 2422 MHz, 12481 MHz, 52
2026/09/27 05:14:31.085, 0, 97 %, 87521 MiB, 266.15 W, 2422 MHz, 12481 MHz, 50
2026/09/27 05:14:31.085, 1, 78 %, 87489 MiB, 292.85 W, 2422 MHz, 12481 MHz, 50
2026/09/27 05:14:31.335, 0, 95 %, 87521 MiB, 268.31 W, 2422 MHz, 12481 MHz, 50
2026/09/27 05:14:31.335, 1, 83 %, 87489 MiB, 294.48 W, 2422 MHz, 12481 MHz, 52
2026/09/27 05:14:31.585, 0, 95 %, 87521 MiB, 271.17 W, 2422 MHz, 12481 MHz, 48
2026/09/27 05:14:31.585, 1, 78 %, 87489 MiB, 287.21 W, 2422 MHz, 12481 MHz, 51
2026/09/27 05:14:31.835, 0, 95 %, 87521 MiB, 264.72 W, 2422 MHz, 12481 MHz, 47
2026/09/27 05:14:31.835, 1, 78 %, 87489 MiB, 292.54 W, 2422 MHz, 12481 MHz, 50
2026/09/27 05:14:32.085, 0, 0 %, 87521 MiB, 246.21 W, 2422 MHz, 12481 MHz, 47
2026/09/27 05:14:32.085, 1, 98 %, 87489 MiB, 270.24 W, 2415 MHz, 12481 MHz, 49
2026/09/27 05:14:32.335, 0, 98 %, 87521 MiB, 236.98 W, 2407 MHz, 12481 MHz, 47
2026/09/27 05:14:32.335, 1, 98 %, 87489 MiB, 264.87 W, 2415 MHz, 12481 MHz, 49
2026/09/27 05:14:32.585, 0, 98 %, 87521 MiB, 230.88 W, 2407 MHz, 12481 MHz, 47
2026/09/27 05:14:32.585, 1, 98 %, 87489 MiB, 254.22 W, 2415 MHz, 12481 MHz, 49
