timestamp, index, pstate, clocks.current.sm [MHz], clocks.current.memory [MHz], power.draw [W], power.limit [W], power.max_limit [W], temperature.gpu, memory.used [MiB], utilization.gpu [%], pcie.link.gen.current, pcie.link.width.current
2026/09/22 01:08:56.364, 0, P0, 180 MHz, 12481 MHz, 53.23 W, 600.00 W, 600.00 W, 44, 0 MiB, 0 %, 5, 16
2026/09/22 01:08:56.620, 0, P0, 180 MHz, 12481 MHz, 53.23 W, 600.00 W, 600.00 W, 44, 0 MiB, 0 %, 5, 16
2026/09/22 01:08:56.871, 0, P0, 180 MHz, 12481 MHz, 53.23 W, 600.00 W, 600.00 W, 44, 0 MiB, 0 %, 5, 16
2026/09/22 01:08:57.121, 0, P0, 180 MHz, 12481 MHz, 53.24 W, 600.00 W, 600.00 W, 44, 0 MiB, 0 %, 5, 16
2026/09/22 01:08:57.372, 0, P0, 180 MHz, 12481 MHz, 53.24 W, 600.00 W, 600.00 W, 44, 0 MiB, 0 %, 5, 16
2026/09/22 01:08:57.622, 0, P0, 180 MHz, 12481 MHz, 53.24 W, 600.00 W, 600.00 W, 44, 0 MiB, 0 %, 5, 16
2026/09/22 01:08:57.873, 0, P0, 180 MHz, 12481 MHz, 53.24 W, 600.00 W, 600.00 W, 44, 0 MiB, 0 %, 5, 16
2026/09/22 01:08:58.123, 0, P0, 180 MHz, 12481 MHz, 53.22 W, 600.00 W, 600.00 W, 43, 0 MiB, 0 %, 5, 16
2026/09/22 01:08:58.374, 0, P0, 180 MHz, 12481 MHz, 53.22 W, 600.00 W, 600.00 W, 43, 0 MiB, 0 %, 5, 16
2026/09/22 01:08:58.624, 0, P0, 180 MHz, 12481 MHz, 53.22 W, 600.00 W, 600.00 W, 43, 0 MiB, 0 %, 5, 16
2026/09/22 01:08:58.875, 0, P0, 180 MHz, 12481 MHz, 53.22 W, 600.00 W, 600.00 W, 43, 0 MiB, 0 %, 5, 16
2026/09/22 01:08:59.125, 0, P0, 180 MHz, 12481 MHz, 52.97 W, 600.00 W, 600.00 W, 43, 0 MiB, 0 %, 5, 16
2026/09/22 01:08:59.376, 0, P0, 180 MHz, 12481 MHz, 52.97 W, 600.00 W, 600.00 W, 43, 0 MiB, 0 %, 5, 16
2026/09/22 01:08:59.626, 0, P0, 180 MHz, 12481 MHz, 52.97 W, 600.00 W, 600.00 W, 43, 0 MiB, 0 %, 5, 16
2026/09/22 01:08:59.877, 0, P0, 180 MHz, 12481 MHz, 52.97 W, 600.00 W, 600.00 W, 43, 0 MiB, 0 %, 5, 16
2026/09/22 01:09:00.127, 0, P8, 172 MHz, 405 MHz, 42.32 W, 600.00 W, 600.00 W, 43, 0 MiB, 0 %, 1, 16
2026/09/22 01:09:00.378, 0, P8, 172 MHz, 405 MHz, 42.32 W, 600.00 W, 600.00 W, 43, 0 MiB, 0 %, 1, 16
2026/09/22 01:09:00.629, 0, P8, 172 MHz, 405 MHz, 42.32 W, 600.00 W, 600.00 W, 43, 0 MiB, 0 %, 1, 16
2026/09/22 01:09:00.879, 0, P8, 172 MHz, 405 MHz, 42.32 W, 600.00 W, 600.00 W, 43, 0 MiB, 0 %, 1, 16
2026/09/22 01:09:01.130, 0, P8, 180 MHz, 405 MHz, 40.20 W, 600.00 W, 600.00 W, 43, 0 MiB, 0 %, 1, 16
2026/09/22 01:09:01.381, 0, P8, 180 MHz, 405 MHz, 40.20 W, 600.00 W, 600.00 W, 43, 0 MiB, 0 %, 1, 16
2026/09/22 01:09:01.631, 0, P8, 180 MHz, 405 MHz, 40.20 W, 600.00 W, 600.00 W, 43, 0 MiB, 0 %, 1, 16
2026/09/22 01:09:01.882, 0, P8, 180 MHz, 405 MHz, 40.20 W, 600.00 W, 600.00 W, 43, 0 MiB, 0 %, 1, 16
2026/09/22 01:09:02.132, 0, P8, 180 MHz, 405 MHz, 39.69 W, 600.00 W, 600.00 W, 42, 0 MiB, 0 %, 1, 16
2026/09/22 01:09:02.383, 0, P8, 180 MHz, 405 MHz, 39.69 W, 600.00 W, 600.00 W, 42, 0 MiB, 0 %, 1, 16
2026/09/22 01:09:02.634, 0, P8, 180 MHz, 405 MHz, 39.69 W, 600.00 W, 600.00 W, 42, 0 MiB, 0 %, 1, 16
2026/09/22 01:09:02.885, 0, P8, 180 MHz, 405 MHz, 39.69 W, 600.00 W, 600.00 W, 42, 0 MiB, 0 %, 1, 16
2026/09/22 01:09:03.136, 0, P8, 180 MHz, 405 MHz, 36.08 W, 600.00 W, 600.00 W, 42, 0 MiB, 0 %, 1, 16
2026/09/22 01:09:03.386, 0, P8, 180 MHz, 405 MHz, 36.08 W, 600.00 W, 600.00 W, 42, 0 MiB, 0 %, 1, 16
2026/09/22 01:09:03.637, 0, P8, 180 MHz, 405 MHz, 36.08 W, 600.00 W, 600.00 W, 42, 0 MiB, 0 %, 1, 16
2026/09/22 01:09:03.888, 0, P8, 180 MHz, 405 MHz, 36.08 W, 600.00 W, 600.00 W, 42, 0 MiB, 0 %, 1, 16
2026/09/22 01:09:04.139, 0, P8, 180 MHz, 405 MHz, 36.06 W, 600.00 W, 600.00 W, 42, 0 MiB, 0 %, 1, 16
2026/09/22 01:09:04.389, 0, P8, 180 MHz, 405 MHz, 36.06 W, 600.00 W, 600.00 W, 42, 0 MiB, 0 %, 1, 16
2026/09/22 01:09:04.640, 0, P8, 180 MHz, 405 MHz, 36.06 W, 600.00 W, 600.00 W, 42, 1 MiB, 0 %, 1, 16
2026/09/22 01:09:04.892, 0, P0, 180 MHz, 12481 MHz, 42.73 W, 600.00 W, 600.00 W, 43, 595 MiB, 0 %, 5, 16
2026/09/22 01:09:05.142, 0, P0, 2347 MHz, 12481 MHz, 64.12 W, 600.00 W, 600.00 W, 43, 1555 MiB, 0 %, 5, 16
2026/09/22 01:09:05.393, 0, P0, 2347 MHz, 12481 MHz, 69.09 W, 600.00 W, 600.00 W, 43, 2483 MiB, 7 %, 5, 16
2026/09/22 01:09:05.643, 0, P0, 2355 MHz, 12481 MHz, 74.11 W, 600.00 W, 600.00 W, 43, 3379 MiB, 6 %, 5, 16
2026/09/22 01:09:05.894, 0, P0, 2355 MHz, 12481 MHz, 94.60 W, 600.00 W, 600.00 W, 43, 4275 MiB, 7 %, 5, 16
2026/09/22 01:09:06.145, 0, P0, 2355 MHz, 12481 MHz, 94.70 W, 600.00 W, 600.00 W, 43, 5171 MiB, 7 %, 5, 16
2026/09/22 01:09:06.395, 0, P0, 2355 MHz, 12481 MHz, 94.70 W, 600.00 W, 600.00 W, 43, 6067 MiB, 6 %, 5, 16
2026/09/22 01:09:06.646, 0, P0, 2355 MHz, 12481 MHz, 94.60 W, 600.00 W, 600.00 W, 43, 6963 MiB, 7 %, 5, 16
2026/09/22 01:09:06.896, 0, P0, 2355 MHz, 12481 MHz, 94.69 W, 600.00 W, 600.00 W, 43, 7827 MiB, 6 %, 5, 16
2026/09/22 01:09:07.147, 0, P0, 2355 MHz, 12481 MHz, 94.71 W, 600.00 W, 600.00 W, 43, 8755 MiB, 6 %, 5, 16
2026/09/22 01:09:07.397, 0, P0, 2355 MHz, 12481 MHz, 94.71 W, 600.00 W, 600.00 W, 43, 9651 MiB, 7 %, 5, 16
2026/09/22 01:09:07.648, 0, P0, 2355 MHz, 12481 MHz, 94.72 W, 600.00 W, 600.00 W, 43, 10547 MiB, 6 %, 5, 16
2026/09/22 01:09:07.898, 0, P0, 2355 MHz, 12481 MHz, 94.64 W, 600.00 W, 600.00 W, 43, 11411 MiB, 7 %, 5, 16
2026/09/22 01:09:08.149, 0, P0, 2355 MHz, 12481 MHz, 94.72 W, 600.00 W, 600.00 W, 43, 12307 MiB, 7 %, 5, 16
2026/09/22 01:09:08.399, 0, P0, 2355 MHz, 12481 MHz, 94.68 W, 600.00 W, 600.00 W, 43, 13203 MiB, 7 %, 5, 16
2026/09/22 01:09:08.650, 0, P0, 2355 MHz, 12481 MHz, 94.69 W, 600.00 W, 600.00 W, 43, 14067 MiB, 7 %, 5, 16
2026/09/22 01:09:08.900, 0, P0, 2355 MHz, 12481 MHz, 94.76 W, 600.00 W, 600.00 W, 43, 14739 MiB, 7 %, 5, 16
2026/09/22 01:09:09.150, 0, P0, 2355 MHz, 12481 MHz, 94.20 W, 600.00 W, 600.00 W, 43, 14739 MiB, 0 %, 5, 16
2026/09/22 01:09:09.401, 0, P0, 2355 MHz, 12481 MHz, 93.90 W, 600.00 W, 600.00 W, 43, 14739 MiB, 0 %, 5, 16
2026/09/22 01:09:09.651, 0, P0, 2355 MHz, 12481 MHz, 93.40 W, 600.00 W, 600.00 W, 43, 14739 MiB, 0 %, 5, 16
2026/09/22 01:09:09.901, 0, P0, 2355 MHz, 12481 MHz, 93.07 W, 600.00 W, 600.00 W, 43, 14739 MiB, 0 %, 5, 16
2026/09/22 01:09:10.152, 0, P0, 2355 MHz, 12481 MHz, 93.06 W, 600.00 W, 600.00 W, 43, 14739 MiB, 0 %, 5, 16
2026/09/22 01:09:10.402, 0, P0, 2355 MHz, 12481 MHz, 93.06 W, 600.00 W, 600.00 W, 43, 14739 MiB, 0 %, 5, 16
2026/09/22 01:09:10.652, 0, P0, 2347 MHz, 12481 MHz, 94.90 W, 600.00 W, 600.00 W, 43, 15955 MiB, 0 %, 5, 16
2026/09/22 01:09:10.903, 0, P0, 2347 MHz, 12481 MHz, 132.11 W, 600.00 W, 600.00 W, 46, 16243 MiB, 73 %, 5, 16
2026/09/22 01:09:11.154, 0, P0, 2422 MHz, 12481 MHz, 177.64 W, 600.00 W, 600.00 W, 47, 16243 MiB, 97 %, 5, 16
2026/09/22 01:09:11.404, 0, P0, 2422 MHz, 12481 MHz, 179.83 W, 600.00 W, 600.00 W, 45, 16659 MiB, 56 %, 5, 16
2026/09/22 01:09:11.655, 0, P0, 2370 MHz, 12481 MHz, 217.43 W, 600.00 W, 600.00 W, 44, 16659 MiB, 0 %, 5, 16
2026/09/22 01:09:11.905, 0, P0, 2370 MHz, 12481 MHz, 185.12 W, 600.00 W, 600.00 W, 43, 16659 MiB, 0 %, 5, 16
2026/09/22 01:09:12.155, 0, P0, 2355 MHz, 12481 MHz, 117.27 W, 600.00 W, 600.00 W, 43, 16659 MiB, 0 %, 5, 16
2026/09/22 01:09:12.406, 0, P0, 2355 MHz, 12481 MHz, 94.39 W, 600.00 W, 600.00 W, 43, 16659 MiB, 0 %, 5, 16
2026/09/22 01:09:12.656, 0, P0, 2355 MHz, 12481 MHz, 94.39 W, 600.00 W, 600.00 W, 43, 16659 MiB, 0 %, 5, 16
2026/09/22 01:09:12.906, 0, P0, 2355 MHz, 12481 MHz, 94.39 W, 600.00 W, 600.00 W, 43, 16659 MiB, 0 %, 5, 16
2026/09/22 01:09:13.156, 0, P0, 2355 MHz, 12481 MHz, 94.39 W, 600.00 W, 600.00 W, 43, 16659 MiB, 0 %, 5, 16
2026/09/22 01:09:13.407, 0, P0, 2355 MHz, 12481 MHz, 129.14 W, 600.00 W, 600.00 W, 50, 25555 MiB, 37 %, 5, 16
2026/09/22 01:09:13.658, 0, P0, 2422 MHz, 12481 MHz, 203.69 W, 600.00 W, 600.00 W, 54, 25555 MiB, 100 %, 5, 16
2026/09/22 01:09:13.908, 0, P0, 2422 MHz, 12481 MHz, 217.04 W, 600.00 W, 600.00 W, 49, 25555 MiB, 99 %, 5, 16
2026/09/22 01:09:14.159, 0, P0, 2422 MHz, 12481 MHz, 234.00 W, 600.00 W, 600.00 W, 48, 25555 MiB, 97 %, 5, 16
2026/09/22 01:09:14.410, 0, P0, 2422 MHz, 12481 MHz, 369.78 W, 600.00 W, 600.00 W, 48, 25555 MiB, 97 %, 5, 16
2026/09/22 01:09:14.661, 0, P0, 2422 MHz, 12481 MHz, 323.06 W, 600.00 W, 600.00 W, 49, 25555 MiB, 97 %, 5, 16
2026/09/22 01:09:14.912, 0, P0, 2422 MHz, 12481 MHz, 325.70 W, 600.00 W, 600.00 W, 49, 25555 MiB, 97 %, 5, 16
2026/09/22 01:09:15.163, 0, P0, 2422 MHz, 12481 MHz, 325.27 W, 600.00 W, 600.00 W, 49, 25555 MiB, 97 %, 5, 16
2026/09/22 01:09:15.413, 0, P0, 2422 MHz, 12481 MHz, 325.13 W, 600.00 W, 600.00 W, 49, 25555 MiB, 97 %, 5, 16
2026/09/22 01:09:15.664, 0, P0, 2422 MHz, 12481 MHz, 324.97 W, 600.00 W, 600.00 W, 49, 25555 MiB, 97 %, 5, 16
2026/09/22 01:09:15.915, 0, P0, 2422 MHz, 12481 MHz, 325.61 W, 600.00 W, 600.00 W, 49, 25555 MiB, 97 %, 5, 16
2026/09/22 01:09:16.166, 0, P0, 2422 MHz, 12481 MHz, 326.28 W, 600.00 W, 600.00 W, 49, 25555 MiB, 97 %, 5, 16
2026/09/22 01:09:16.417, 0, P0, 2422 MHz, 12481 MHz, 326.49 W, 600.00 W, 600.00 W, 49, 25555 MiB, 97 %, 5, 16
2026/09/22 01:09:16.668, 0, P0, 2422 MHz, 12481 MHz, 326.31 W, 600.00 W, 600.00 W, 49, 25555 MiB, 97 %, 5, 16
2026/09/22 01:09:16.919, 0, P0, 2422 MHz, 12481 MHz, 326.51 W, 600.00 W, 600.00 W, 49, 25555 MiB, 97 %, 5, 16
2026/09/22 01:09:17.169, 0, P0, 2422 MHz, 12481 MHz, 326.72 W, 600.00 W, 600.00 W, 50, 25555 MiB, 97 %, 5, 16
2026/09/22 01:09:17.420, 0, P0, 2422 MHz, 12481 MHz, 326.73 W, 600.00 W, 600.00 W, 50, 25555 MiB, 97 %, 5, 16
2026/09/22 01:09:17.671, 0, P0, 2422 MHz, 12481 MHz, 327.01 W, 600.00 W, 600.00 W, 50, 25555 MiB, 97 %, 5, 16
2026/09/22 01:09:17.922, 0, P0, 2422 MHz, 12481 MHz, 327.17 W, 600.00 W, 600.00 W, 50, 25555 MiB, 97 %, 5, 16
2026/09/22 01:09:18.173, 0, P0, 2422 MHz, 12481 MHz, 327.07 W, 600.00 W, 600.00 W, 50, 25555 MiB, 97 %, 5, 16
2026/09/22 01:09:18.424, 0, P0, 2422 MHz, 12481 MHz, 327.20 W, 600.00 W, 600.00 W, 50, 25555 MiB, 97 %, 5, 16
2026/09/22 01:09:18.674, 0, P0, 2422 MHz, 12481 MHz, 327.13 W, 600.00 W, 600.00 W, 50, 25555 MiB, 97 %, 5, 16
2026/09/22 01:09:18.925, 0, P0, 2422 MHz, 12481 MHz, 327.08 W, 600.00 W, 600.00 W, 50, 25555 MiB, 97 %, 5, 16
2026/09/22 01:09:19.176, 0, P0, 2422 MHz, 12481 MHz, 327.51 W, 600.00 W, 600.00 W, 50, 25555 MiB, 97 %, 5, 16
2026/09/22 01:09:19.427, 0, P0, 2422 MHz, 12481 MHz, 327.74 W, 600.00 W, 600.00 W, 50, 25555 MiB, 97 %, 5, 16
2026/09/22 01:09:19.678, 0, P0, 2422 MHz, 12481 MHz, 327.93 W, 600.00 W, 600.00 W, 50, 25555 MiB, 97 %, 5, 16
2026/09/22 01:09:19.929, 0, P0, 2422 MHz, 12481 MHz, 328.22 W, 600.00 W, 600.00 W, 51, 25555 MiB, 97 %, 5, 16
2026/09/22 01:09:20.180, 0, P0, 2422 MHz, 12481 MHz, 328.24 W, 600.00 W, 600.00 W, 51, 25555 MiB, 97 %, 5, 16
2026/09/22 01:09:20.431, 0, P0, 2422 MHz, 12481 MHz, 328.32 W, 600.00 W, 600.00 W, 51, 25555 MiB, 97 %, 5, 16
2026/09/22 01:09:20.682, 0, P0, 2422 MHz, 12481 MHz, 328.61 W, 600.00 W, 600.00 W, 51, 25555 MiB, 97 %, 5, 16
2026/09/22 01:09:20.933, 0, P0, 2422 MHz, 12481 MHz, 328.75 W, 600.00 W, 600.00 W, 51, 25555 MiB, 97 %, 5, 16
2026/09/22 01:09:21.183, 0, P0, 2422 MHz, 12481 MHz, 328.58 W, 600.00 W, 600.00 W, 51, 25555 MiB, 97 %, 5, 16
2026/09/22 01:09:21.434, 0, P0, 2422 MHz, 12481 MHz, 328.89 W, 600.00 W, 600.00 W, 51, 25555 MiB, 97 %, 5, 16
2026/09/22 01:09:21.685, 0, P0, 2422 MHz, 12481 MHz, 328.79 W, 600.00 W, 600.00 W, 51, 25555 MiB, 97 %, 5, 16
2026/09/22 01:09:21.936, 0, P0, 2422 MHz, 12481 MHz, 358.18 W, 600.00 W, 600.00 W, 57, 26227 MiB, 100 %, 5, 16
2026/09/22 01:09:22.188, 0, P0, 2422 MHz, 12481 MHz, 389.36 W, 600.00 W, 600.00 W, 58, 26227 MiB, 100 %, 5, 16
2026/09/22 01:09:22.439, 0, P0, 2422 MHz, 12481 MHz, 388.58 W, 600.00 W, 600.00 W, 52, 26227 MiB, 97 %, 5, 16
2026/09/22 01:09:22.690, 0, P0, 2422 MHz, 12481 MHz, 387.89 W, 600.00 W, 600.00 W, 52, 26227 MiB, 97 %, 5, 16
2026/09/22 01:09:22.941, 0, P0, 2422 MHz, 12481 MHz, 359.74 W, 600.00 W, 600.00 W, 52, 26227 MiB, 97 %, 5, 16
2026/09/22 01:09:23.191, 0, P0, 2422 MHz, 12481 MHz, 327.43 W, 600.00 W, 600.00 W, 52, 26227 MiB, 97 %, 5, 16
2026/09/22 01:09:23.442, 0, P0, 2422 MHz, 12481 MHz, 330.10 W, 600.00 W, 600.00 W, 52, 26227 MiB, 97 %, 5, 16
2026/09/22 01:09:23.693, 0, P0, 2422 MHz, 12481 MHz, 330.12 W, 600.00 W, 600.00 W, 52, 26227 MiB, 97 %, 5, 16
2026/09/22 01:09:23.944, 0, P0, 2422 MHz, 12481 MHz, 329.68 W, 600.00 W, 600.00 W, 52, 26227 MiB, 97 %, 5, 16
2026/09/22 01:09:24.195, 0, P0, 2422 MHz, 12481 MHz, 329.56 W, 600.00 W, 600.00 W, 52, 26227 MiB, 97 %, 5, 16
2026/09/22 01:09:24.446, 0, P0, 2422 MHz, 12481 MHz, 328.83 W, 600.00 W, 600.00 W, 52, 26227 MiB, 97 %, 5, 16
2026/09/22 01:09:24.696, 0, P0, 2422 MHz, 12481 MHz, 328.75 W, 600.00 W, 600.00 W, 52, 26227 MiB, 97 %, 5, 16
2026/09/22 01:09:24.947, 0, P0, 2422 MHz, 12481 MHz, 329.20 W, 600.00 W, 600.00 W, 52, 26227 MiB, 97 %, 5, 16
2026/09/22 01:09:25.198, 0, P0, 2422 MHz, 12481 MHz, 329.54 W, 600.00 W, 600.00 W, 52, 26227 MiB, 97 %, 5, 16
2026/09/22 01:09:25.449, 0, P0, 2422 MHz, 12481 MHz, 329.40 W, 600.00 W, 600.00 W, 52, 26227 MiB, 97 %, 5, 16
2026/09/22 01:09:25.700, 0, P0, 2422 MHz, 12481 MHz, 329.64 W, 600.00 W, 600.00 W, 52, 26227 MiB, 97 %, 5, 16
2026/09/22 01:09:25.951, 0, P0, 2422 MHz, 12481 MHz, 330.10 W, 600.00 W, 600.00 W, 52, 26227 MiB, 97 %, 5, 16
2026/09/22 01:09:26.202, 0, P0, 2422 MHz, 12481 MHz, 329.90 W, 600.00 W, 600.00 W, 52, 26227 MiB, 97 %, 5, 16
2026/09/22 01:09:26.453, 0, P0, 2422 MHz, 12481 MHz, 330.42 W, 600.00 W, 600.00 W, 52, 26227 MiB, 97 %, 5, 16
2026/09/22 01:09:26.703, 0, P0, 2422 MHz, 12481 MHz, 330.32 W, 600.00 W, 600.00 W, 52, 26227 MiB, 97 %, 5, 16
2026/09/22 01:09:26.954, 0, P0, 2422 MHz, 12481 MHz, 330.42 W, 600.00 W, 600.00 W, 52, 26227 MiB, 97 %, 5, 16
2026/09/22 01:09:27.205, 0, P0, 2422 MHz, 12481 MHz, 330.39 W, 600.00 W, 600.00 W, 52, 26227 MiB, 97 %, 5, 16
2026/09/22 01:09:27.456, 0, P0, 2422 MHz, 12481 MHz, 359.45 W, 600.00 W, 600.00 W, 58, 26451 MiB, 94 %, 5, 16
2026/09/22 01:09:27.706, 0, P0, 2422 MHz, 12481 MHz, 390.02 W, 600.00 W, 600.00 W, 59, 26451 MiB, 100 %, 5, 16
2026/09/22 01:09:27.957, 0, P0, 2422 MHz, 12481 MHz, 386.69 W, 600.00 W, 600.00 W, 53, 26451 MiB, 97 %, 5, 16
2026/09/22 01:09:28.208, 0, P0, 2422 MHz, 12481 MHz, 387.85 W, 600.00 W, 600.00 W, 53, 26451 MiB, 97 %, 5, 16
2026/09/22 01:09:28.459, 0, P0, 2422 MHz, 12481 MHz, 355.61 W, 600.00 W, 600.00 W, 53, 26451 MiB, 97 %, 5, 16
2026/09/22 01:09:28.710, 0, P0, 2422 MHz, 12481 MHz, 327.71 W, 600.00 W, 600.00 W, 53, 26451 MiB, 97 %, 5, 16
2026/09/22 01:09:28.961, 0, P0, 2422 MHz, 12481 MHz, 331.28 W, 600.00 W, 600.00 W, 53, 26451 MiB, 97 %, 5, 16
2026/09/22 01:09:29.212, 0, P0, 2422 MHz, 12481 MHz, 330.86 W, 600.00 W, 600.00 W, 53, 26451 MiB, 97 %, 5, 16
2026/09/22 01:09:29.463, 0, P0, 2422 MHz, 12481 MHz, 330.56 W, 600.00 W, 600.00 W, 53, 26451 MiB, 97 %, 5, 16
2026/09/22 01:09:29.714, 0, P0, 2422 MHz, 12481 MHz, 330.37 W, 600.00 W, 600.00 W, 53, 26451 MiB, 97 %, 5, 16
2026/09/22 01:09:29.965, 0, P0, 2422 MHz, 12481 MHz, 330.87 W, 600.00 W, 600.00 W, 53, 26451 MiB, 97 %, 5, 16
2026/09/22 01:09:30.216, 0, P0, 2422 MHz, 12481 MHz, 331.44 W, 600.00 W, 600.00 W, 53, 26451 MiB, 97 %, 5, 16
2026/09/22 01:09:30.466, 0, P0, 2422 MHz, 12481 MHz, 331.87 W, 600.00 W, 600.00 W, 53, 26451 MiB, 97 %, 5, 16
2026/09/22 01:09:30.717, 0, P0, 2422 MHz, 12481 MHz, 331.61 W, 600.00 W, 600.00 W, 53, 26451 MiB, 97 %, 5, 16
2026/09/22 01:09:30.968, 0, P0, 2422 MHz, 12481 MHz, 331.47 W, 600.00 W, 600.00 W, 53, 26451 MiB, 97 %, 5, 16
2026/09/22 01:09:31.219, 0, P0, 2422 MHz, 12481 MHz, 331.27 W, 600.00 W, 600.00 W, 53, 26451 MiB, 97 %, 5, 16
2026/09/22 01:09:31.470, 0, P0, 2422 MHz, 12481 MHz, 331.56 W, 600.00 W, 600.00 W, 53, 26451 MiB, 97 %, 5, 16
2026/09/22 01:09:31.721, 0, P0, 2422 MHz, 12481 MHz, 331.95 W, 600.00 W, 600.00 W, 53, 26451 MiB, 97 %, 5, 16
2026/09/22 01:09:31.972, 0, P0, 2422 MHz, 12481 MHz, 331.71 W, 600.00 W, 600.00 W, 53, 26451 MiB, 97 %, 5, 16
2026/09/22 01:09:32.223, 0, P0, 2422 MHz, 12481 MHz, 331.60 W, 600.00 W, 600.00 W, 53, 26451 MiB, 97 %, 5, 16
2026/09/22 01:09:32.473, 0, P0, 2422 MHz, 12481 MHz, 331.85 W, 600.00 W, 600.00 W, 53, 26451 MiB, 97 %, 5, 16
2026/09/22 01:09:32.724, 0, P0, 2422 MHz, 12481 MHz, 331.42 W, 600.00 W, 600.00 W, 53, 26451 MiB, 97 %, 5, 16
2026/09/22 01:09:32.975, 0, P0, 2422 MHz, 12481 MHz, 331.72 W, 600.00 W, 600.00 W, 53, 26451 MiB, 97 %, 5, 16
2026/09/22 01:09:33.226, 0, P0, 2422 MHz, 12481 MHz, 331.78 W, 600.00 W, 600.00 W, 53, 26451 MiB, 97 %, 5, 16
2026/09/22 01:09:33.477, 0, P0, 2422 MHz, 12481 MHz, 331.92 W, 600.00 W, 600.00 W, 54, 26451 MiB, 97 %, 5, 16
2026/09/22 01:09:33.728, 0, P0, 2422 MHz, 12481 MHz, 332.37 W, 600.00 W, 600.00 W, 54, 26451 MiB, 97 %, 5, 16
2026/09/22 01:09:33.979, 0, P0, 2422 MHz, 12481 MHz, 332.58 W, 600.00 W, 600.00 W, 54, 26451 MiB, 97 %, 5, 16
2026/09/22 01:09:34.229, 0, P0, 2422 MHz, 12481 MHz, 332.33 W, 600.00 W, 600.00 W, 54, 26451 MiB, 97 %, 5, 16
2026/09/22 01:09:34.480, 0, P0, 2422 MHz, 12481 MHz, 332.30 W, 600.00 W, 600.00 W, 54, 26451 MiB, 97 %, 5, 16
2026/09/22 01:09:34.731, 0, P0, 2422 MHz, 12481 MHz, 332.53 W, 600.00 W, 600.00 W, 54, 26451 MiB, 97 %, 5, 16
2026/09/22 01:09:34.982, 0, P0, 2422 MHz, 12481 MHz, 332.20 W, 600.00 W, 600.00 W, 54, 26451 MiB, 97 %, 5, 16
2026/09/22 01:09:35.233, 0, P0, 2422 MHz, 12481 MHz, 331.58 W, 600.00 W, 600.00 W, 54, 26451 MiB, 97 %, 5, 16
2026/09/22 01:09:35.484, 0, P0, 2422 MHz, 12481 MHz, 331.52 W, 600.00 W, 600.00 W, 54, 26451 MiB, 97 %, 5, 16
2026/09/22 01:09:35.734, 0, P0, 2422 MHz, 12481 MHz, 331.55 W, 600.00 W, 600.00 W, 54, 26675 MiB, 97 %, 5, 16
2026/09/22 01:09:35.985, 0, P0, 2422 MHz, 12481 MHz, 366.59 W, 600.00 W, 600.00 W, 60, 26675 MiB, 100 %, 5, 16
2026/09/22 01:09:36.236, 0, P0, 2422 MHz, 12481 MHz, 393.09 W, 600.00 W, 600.00 W, 60, 26675 MiB, 100 %, 5, 16
2026/09/22 01:09:36.486, 0, P0, 2422 MHz, 12481 MHz, 390.93 W, 600.00 W, 600.00 W, 54, 26675 MiB, 97 %, 5, 16
2026/09/22 01:09:36.737, 0, P0, 2422 MHz, 12481 MHz, 389.83 W, 600.00 W, 600.00 W, 54, 26675 MiB, 97 %, 5, 16
2026/09/22 01:09:36.988, 0, P0, 2422 MHz, 12481 MHz, 355.07 W, 600.00 W, 600.00 W, 54, 26675 MiB, 97 %, 5, 16
2026/09/22 01:09:37.239, 0, P0, 2422 MHz, 12481 MHz, 328.98 W, 600.00 W, 600.00 W, 54, 26675 MiB, 97 %, 5, 16
2026/09/22 01:09:37.490, 0, P0, 2422 MHz, 12481 MHz, 332.25 W, 600.00 W, 600.00 W, 54, 26675 MiB, 97 %, 5, 16
2026/09/22 01:09:37.741, 0, P0, 2422 MHz, 12481 MHz, 331.98 W, 600.00 W, 600.00 W, 54, 26675 MiB, 97 %, 5, 16
2026/09/22 01:09:37.992, 0, P0, 2422 MHz, 12481 MHz, 332.76 W, 600.00 W, 600.00 W, 54, 26675 MiB, 97 %, 5, 16
2026/09/22 01:09:38.242, 0, P0, 2422 MHz, 12481 MHz, 332.71 W, 600.00 W, 600.00 W, 54, 26675 MiB, 97 %, 5, 16
2026/09/22 01:09:38.493, 0, P0, 2422 MHz, 12481 MHz, 332.96 W, 600.00 W, 600.00 W, 54, 26675 MiB, 97 %, 5, 16
2026/09/22 01:09:38.744, 0, P0, 2422 MHz, 12481 MHz, 333.41 W, 600.00 W, 600.00 W, 54, 26675 MiB, 97 %, 5, 16
2026/09/22 01:09:38.995, 0, P0, 2422 MHz, 12481 MHz, 332.83 W, 600.00 W, 600.00 W, 54, 26675 MiB, 97 %, 5, 16
2026/09/22 01:09:39.246, 0, P0, 2422 MHz, 12481 MHz, 333.00 W, 600.00 W, 600.00 W, 54, 26675 MiB, 97 %, 5, 16
2026/09/22 01:09:39.496, 0, P0, 2422 MHz, 12481 MHz, 332.82 W, 600.00 W, 600.00 W, 54, 26675 MiB, 97 %, 5, 16
2026/09/22 01:09:39.747, 0, P0, 2422 MHz, 12481 MHz, 332.78 W, 600.00 W, 600.00 W, 54, 26675 MiB, 97 %, 5, 16
2026/09/22 01:09:39.998, 0, P0, 2422 MHz, 12481 MHz, 332.95 W, 600.00 W, 600.00 W, 54, 26675 MiB, 97 %, 5, 16
2026/09/22 01:09:40.249, 0, P0, 2422 MHz, 12481 MHz, 332.69 W, 600.00 W, 600.00 W, 54, 26675 MiB, 97 %, 5, 16
2026/09/22 01:09:40.500, 0, P0, 2422 MHz, 12481 MHz, 332.48 W, 600.00 W, 600.00 W, 54, 26675 MiB, 97 %, 5, 16
2026/09/22 01:09:40.751, 0, P0, 2422 MHz, 12481 MHz, 332.49 W, 600.00 W, 600.00 W, 54, 26675 MiB, 97 %, 5, 16
2026/09/22 01:09:41.001, 0, P0, 2422 MHz, 12481 MHz, 332.58 W, 600.00 W, 600.00 W, 54, 26675 MiB, 97 %, 5, 16
2026/09/22 01:09:41.253, 0, P0, 2422 MHz, 12481 MHz, 332.59 W, 600.00 W, 600.00 W, 54, 26675 MiB, 97 %, 5, 16
2026/09/22 01:09:41.503, 0, P0, 2422 MHz, 12481 MHz, 332.73 W, 600.00 W, 600.00 W, 54, 26675 MiB, 97 %, 5, 16
2026/09/22 01:09:41.754, 0, P0, 2422 MHz, 12481 MHz, 332.84 W, 600.00 W, 600.00 W, 54, 26675 MiB, 97 %, 5, 16
2026/09/22 01:09:42.005, 0, P0, 2422 MHz, 12481 MHz, 332.81 W, 600.00 W, 600.00 W, 54, 26675 MiB, 97 %, 5, 16
2026/09/22 01:09:42.256, 0, P0, 2422 MHz, 12481 MHz, 332.74 W, 600.00 W, 600.00 W, 54, 26675 MiB, 97 %, 5, 16
2026/09/22 01:09:42.507, 0, P0, 2422 MHz, 12481 MHz, 339.48 W, 600.00 W, 600.00 W, 54, 26867 MiB, 97 %, 5, 16
2026/09/22 01:09:42.757, 0, P0, 2422 MHz, 12481 MHz, 386.97 W, 600.00 W, 600.00 W, 61, 26867 MiB, 100 %, 5, 16
2026/09/22 01:09:43.008, 0, P0, 2422 MHz, 12481 MHz, 392.11 W, 600.00 W, 600.00 W, 57, 26867 MiB, 97 %, 5, 16
2026/09/22 01:09:43.259, 0, P0, 2422 MHz, 12481 MHz, 391.85 W, 600.00 W, 600.00 W, 55, 26867 MiB, 97 %, 5, 16
2026/09/22 01:09:43.510, 0, P0, 2422 MHz, 12481 MHz, 389.02 W, 600.00 W, 600.00 W, 55, 26867 MiB, 97 %, 5, 16
2026/09/22 01:09:43.760, 0, P0, 2422 MHz, 12481 MHz, 342.71 W, 600.00 W, 600.00 W, 55, 26867 MiB, 97 %, 5, 16
2026/09/22 01:09:44.012, 0, P0, 2422 MHz, 12481 MHz, 334.86 W, 600.00 W, 600.00 W, 55, 26867 MiB, 97 %, 5, 16
2026/09/22 01:09:44.262, 0, P0, 2422 MHz, 12481 MHz, 334.10 W, 600.00 W, 600.00 W, 55, 26867 MiB, 97 %, 5, 16
2026/09/22 01:09:44.513, 0, P0, 2422 MHz, 12481 MHz, 333.85 W, 600.00 W, 600.00 W, 55, 26867 MiB, 97 %, 5, 16
2026/09/22 01:09:44.764, 0, P0, 2422 MHz, 12481 MHz, 333.82 W, 600.00 W, 600.00 W, 55, 26867 MiB, 97 %, 5, 16
2026/09/22 01:09:45.015, 0, P0, 2422 MHz, 12481 MHz, 333.66 W, 600.00 W, 600.00 W, 55, 26867 MiB, 97 %, 5, 16
2026/09/22 01:09:45.266, 0, P0, 2422 MHz, 12481 MHz, 333.91 W, 600.00 W, 600.00 W, 55, 26867 MiB, 97 %, 5, 16
2026/09/22 01:09:45.517, 0, P0, 2422 MHz, 12481 MHz, 333.42 W, 600.00 W, 600.00 W, 55, 26867 MiB, 97 %, 5, 16
2026/09/22 01:09:45.768, 0, P0, 2422 MHz, 12481 MHz, 333.56 W, 600.00 W, 600.00 W, 55, 26867 MiB, 97 %, 5, 16
2026/09/22 01:09:46.019, 0, P0, 2422 MHz, 12481 MHz, 333.49 W, 600.00 W, 600.00 W, 55, 26867 MiB, 97 %, 5, 16
2026/09/22 01:09:46.270, 0, P0, 2422 MHz, 12481 MHz, 333.53 W, 600.00 W, 600.00 W, 55, 26867 MiB, 97 %, 5, 16
2026/09/22 01:09:46.520, 0, P0, 2422 MHz, 12481 MHz, 333.82 W, 600.00 W, 600.00 W, 55, 26867 MiB, 97 %, 5, 16
2026/09/22 01:09:46.771, 0, P0, 2422 MHz, 12481 MHz, 333.85 W, 600.00 W, 600.00 W, 55, 26867 MiB, 97 %, 5, 16
2026/09/22 01:09:47.022, 0, P0, 2422 MHz, 12481 MHz, 334.02 W, 600.00 W, 600.00 W, 55, 26867 MiB, 97 %, 5, 16
2026/09/22 01:09:47.273, 0, P0, 2422 MHz, 12481 MHz, 334.37 W, 600.00 W, 600.00 W, 55, 26867 MiB, 97 %, 5, 16
2026/09/22 01:09:47.524, 0, P0, 2422 MHz, 12481 MHz, 334.81 W, 600.00 W, 600.00 W, 55, 26867 MiB, 97 %, 5, 16
2026/09/22 01:09:47.775, 0, P0, 2422 MHz, 12481 MHz, 334.59 W, 600.00 W, 600.00 W, 55, 26867 MiB, 97 %, 5, 16
2026/09/22 01:09:48.025, 0, P0, 2422 MHz, 12481 MHz, 334.86 W, 600.00 W, 600.00 W, 55, 26867 MiB, 97 %, 5, 16
2026/09/22 01:09:48.276, 0, P0, 2422 MHz, 12481 MHz, 334.71 W, 600.00 W, 600.00 W, 55, 26867 MiB, 97 %, 5, 16
2026/09/22 01:09:48.527, 0, P0, 2422 MHz, 12481 MHz, 334.59 W, 600.00 W, 600.00 W, 55, 26867 MiB, 97 %, 5, 16
2026/09/22 01:09:48.778, 0, P0, 2422 MHz, 12481 MHz, 335.01 W, 600.00 W, 600.00 W, 55, 26867 MiB, 97 %, 5, 16
2026/09/22 01:09:49.029, 0, P0, 2422 MHz, 12481 MHz, 334.94 W, 600.00 W, 600.00 W, 55, 26867 MiB, 97 %, 5, 16
2026/09/22 01:09:49.280, 0, P0, 2422 MHz, 12481 MHz, 334.81 W, 600.00 W, 600.00 W, 55, 26867 MiB, 97 %, 5, 16
2026/09/22 01:09:49.531, 0, P0, 2422 MHz, 12481 MHz, 335.32 W, 600.00 W, 600.00 W, 55, 26867 MiB, 97 %, 5, 16
2026/09/22 01:09:49.782, 0, P0, 2422 MHz, 12481 MHz, 334.85 W, 600.00 W, 600.00 W, 55, 26867 MiB, 97 %, 5, 16
2026/09/22 01:09:50.033, 0, P0, 2422 MHz, 12481 MHz, 334.92 W, 600.00 W, 600.00 W, 55, 26867 MiB, 97 %, 5, 16
2026/09/22 01:09:50.283, 0, P0, 2422 MHz, 12481 MHz, 334.58 W, 600.00 W, 600.00 W, 55, 26867 MiB, 97 %, 5, 16
2026/09/22 01:09:50.534, 0, P0, 2422 MHz, 12481 MHz, 364.86 W, 600.00 W, 600.00 W, 61, 26867 MiB, 95 %, 5, 16
2026/09/22 01:09:50.784, 0, P0, 2422 MHz, 12481 MHz, 411.76 W, 600.00 W, 600.00 W, 59, 26867 MiB, 99 %, 5, 16
2026/09/22 01:09:51.035, 0, P0, 2422 MHz, 12481 MHz, 407.84 W, 600.00 W, 600.00 W, 56, 26867 MiB, 97 %, 5, 16
2026/09/22 01:09:51.286, 0, P0, 2422 MHz, 12481 MHz, 409.38 W, 600.00 W, 600.00 W, 55, 26867 MiB, 97 %, 5, 16
2026/09/22 01:09:51.536, 0, P0, 2422 MHz, 12481 MHz, 378.47 W, 600.00 W, 600.00 W, 55, 26867 MiB, 97 %, 5, 16
2026/09/22 01:09:51.787, 0, P0, 2422 MHz, 12481 MHz, 331.39 W, 600.00 W, 600.00 W, 55, 26867 MiB, 97 %, 5, 16
2026/09/22 01:09:52.038, 0, P0, 2422 MHz, 12481 MHz, 334.63 W, 600.00 W, 600.00 W, 55, 26867 MiB, 97 %, 5, 16
2026/09/22 01:09:52.289, 0, P0, 2422 MHz, 12481 MHz, 356.77 W, 600.00 W, 600.00 W, 61, 26867 MiB, 94 %, 5, 16
2026/09/22 01:09:52.540, 0, P0, 2422 MHz, 12481 MHz, 391.23 W, 600.00 W, 600.00 W, 62, 26867 MiB, 100 %, 5, 16
2026/09/22 01:09:52.790, 0, P0, 2422 MHz, 12481 MHz, 408.73 W, 600.00 W, 600.00 W, 56, 26867 MiB, 97 %, 5, 16
2026/09/22 01:09:53.041, 0, P0, 2422 MHz, 12481 MHz, 407.33 W, 600.00 W, 600.00 W, 56, 26867 MiB, 97 %, 5, 16
2026/09/22 01:09:53.292, 0, P0, 2422 MHz, 12481 MHz, 388.59 W, 600.00 W, 600.00 W, 55, 26867 MiB, 97 %, 5, 16
2026/09/22 01:09:53.542, 0, P0, 2422 MHz, 12481 MHz, 351.17 W, 600.00 W, 600.00 W, 55, 26867 MiB, 97 %, 5, 16
2026/09/22 01:09:53.793, 0, P0, 2422 MHz, 12481 MHz, 334.84 W, 600.00 W, 600.00 W, 55, 26867 MiB, 97 %, 5, 16
2026/09/22 01:09:54.044, 0, P0, 2422 MHz, 12481 MHz, 333.93 W, 600.00 W, 600.00 W, 55, 26867 MiB, 97 %, 5, 16
2026/09/22 01:09:54.295, 0, P0, 2422 MHz, 12481 MHz, 384.00 W, 600.00 W, 600.00 W, 62, 26867 MiB, 100 %, 5, 16
2026/09/22 01:09:54.545, 0, P0, 2422 MHz, 12481 MHz, 412.19 W, 600.00 W, 600.00 W, 58, 26867 MiB, 100 %, 5, 16
2026/09/22 01:09:54.796, 0, P0, 2422 MHz, 12481 MHz, 410.28 W, 600.00 W, 600.00 W, 56, 26867 MiB, 97 %, 5, 16
2026/09/22 01:09:55.047, 0, P0, 2422 MHz, 12481 MHz, 408.51 W, 600.00 W, 600.00 W, 55, 26867 MiB, 97 %, 5, 16
2026/09/22 01:09:55.298, 0, P0, 2422 MHz, 12481 MHz, 359.66 W, 600.00 W, 600.00 W, 55, 26867 MiB, 97 %, 5, 16
2026/09/22 01:09:55.549, 0, P0, 2422 MHz, 12481 MHz, 331.40 W, 600.00 W, 600.00 W, 55, 26867 MiB, 97 %, 5, 16
2026/09/22 01:09:55.800, 0, P0, 2422 MHz, 12481 MHz, 334.17 W, 600.00 W, 600.00 W, 55, 26867 MiB, 97 %, 5, 16
2026/09/22 01:09:56.050, 0, P0, 2422 MHz, 12481 MHz, 359.66 W, 600.00 W, 600.00 W, 61, 26867 MiB, 100 %, 5, 16
2026/09/22 01:09:56.301, 0, P0, 2422 MHz, 12481 MHz, 410.74 W, 600.00 W, 600.00 W, 62, 26867 MiB, 100 %, 5, 16
2026/09/22 01:09:56.551, 0, P0, 2422 MHz, 12481 MHz, 408.33 W, 600.00 W, 600.00 W, 56, 26867 MiB, 98 %, 5, 16
2026/09/22 01:09:56.802, 0, P0, 2422 MHz, 12481 MHz, 408.07 W, 600.00 W, 600.00 W, 55, 26867 MiB, 97 %, 5, 16
2026/09/22 01:09:57.053, 0, P0, 2422 MHz, 12481 MHz, 386.76 W, 600.00 W, 600.00 W, 55, 26867 MiB, 97 %, 5, 16
2026/09/22 01:09:57.304, 0, P0, 2422 MHz, 12481 MHz, 334.81 W, 600.00 W, 600.00 W, 55, 26867 MiB, 97 %, 5, 16
2026/09/22 01:09:57.555, 0, P0, 2422 MHz, 12481 MHz, 333.91 W, 600.00 W, 600.00 W, 55, 26867 MiB, 97 %, 5, 16
2026/09/22 01:09:57.805, 0, P0, 2422 MHz, 12481 MHz, 350.33 W, 600.00 W, 600.00 W, 60, 26867 MiB, 96 %, 5, 16
2026/09/22 01:09:58.056, 0, P0, 2422 MHz, 12481 MHz, 383.60 W, 600.00 W, 600.00 W, 62, 26867 MiB, 100 %, 5, 16
2026/09/22 01:09:58.307, 0, P0, 2422 MHz, 12481 MHz, 401.59 W, 600.00 W, 600.00 W, 56, 26867 MiB, 98 %, 5, 16
2026/09/22 01:09:58.558, 0, P0, 2422 MHz, 12481 MHz, 401.84 W, 600.00 W, 600.00 W, 55, 26867 MiB, 97 %, 5, 16
2026/09/22 01:09:58.808, 0, P0, 2422 MHz, 12481 MHz, 387.58 W, 600.00 W, 600.00 W, 55, 26867 MiB, 97 %, 5, 16
2026/09/22 01:09:59.059, 0, P0, 2422 MHz, 12481 MHz, 352.25 W, 600.00 W, 600.00 W, 55, 26867 MiB, 97 %, 5, 16
2026/09/22 01:09:59.310, 0, P0, 2422 MHz, 12481 MHz, 334.51 W, 600.00 W, 600.00 W, 55, 26867 MiB, 97 %, 5, 16
2026/09/22 01:09:59.561, 0, P0, 2422 MHz, 12481 MHz, 334.20 W, 600.00 W, 600.00 W, 55, 26867 MiB, 97 %, 5, 16
2026/09/22 01:09:59.811, 0, P0, 2422 MHz, 12481 MHz, 266.28 W, 600.00 W, 600.00 W, 51, 26867 MiB, 0 %, 5, 16
2026/09/22 01:10:00.062, 0, P0, 2422 MHz, 12481 MHz, 217.48 W, 600.00 W, 600.00 W, 50, 26867 MiB, 0 %, 5, 16
2026/09/22 01:10:00.312, 0, P0, 2422 MHz, 12481 MHz, 144.01 W, 600.00 W, 600.00 W, 50, 26867 MiB, 0 %, 5, 16
2026/09/22 01:10:00.562, 0, P0, 2422 MHz, 12481 MHz, 95.15 W, 600.00 W, 600.00 W, 50, 29427 MiB, 0 %, 5, 16
2026/09/22 01:10:00.813, 0, P0, 2422 MHz, 12481 MHz, 196.94 W, 600.00 W, 600.00 W, 60, 29427 MiB, 100 %, 5, 16
2026/09/22 01:10:01.064, 0, P0, 2422 MHz, 12481 MHz, 276.55 W, 600.00 W, 600.00 W, 61, 29427 MiB, 100 %, 5, 16
2026/09/22 01:10:01.315, 0, P0, 2422 MHz, 12481 MHz, 396.63 W, 600.00 W, 600.00 W, 62, 29427 MiB, 100 %, 5, 16
2026/09/22 01:10:01.565, 0, P0, 2422 MHz, 12481 MHz, 460.38 W, 600.00 W, 600.00 W, 56, 29427 MiB, 99 %, 5, 16
2026/09/22 01:10:01.816, 0, P0, 2422 MHz, 12481 MHz, 424.59 W, 600.00 W, 600.00 W, 55, 29427 MiB, 97 %, 5, 16
2026/09/22 01:10:02.067, 0, P0, 2422 MHz, 12481 MHz, 391.77 W, 600.00 W, 600.00 W, 55, 29427 MiB, 97 %, 5, 16
2026/09/22 01:10:02.318, 0, P0, 2422 MHz, 12481 MHz, 342.54 W, 600.00 W, 600.00 W, 55, 29427 MiB, 97 %, 5, 16
2026/09/22 01:10:02.569, 0, P0, 2422 MHz, 12481 MHz, 333.39 W, 600.00 W, 600.00 W, 54, 29427 MiB, 97 %, 5, 16
2026/09/22 01:10:02.820, 0, P0, 2422 MHz, 12481 MHz, 333.35 W, 600.00 W, 600.00 W, 54, 29427 MiB, 97 %, 5, 16
2026/09/22 01:10:03.070, 0, P0, 2422 MHz, 12481 MHz, 333.11 W, 600.00 W, 600.00 W, 54, 29427 MiB, 97 %, 5, 16
2026/09/22 01:10:03.321, 0, P0, 2422 MHz, 12481 MHz, 332.82 W, 600.00 W, 600.00 W, 54, 29427 MiB, 97 %, 5, 16
2026/09/22 01:10:03.572, 0, P0, 2422 MHz, 12481 MHz, 332.65 W, 600.00 W, 600.00 W, 54, 29427 MiB, 97 %, 5, 16
2026/09/22 01:10:03.823, 0, P0, 2422 MHz, 12481 MHz, 332.95 W, 600.00 W, 600.00 W, 54, 29427 MiB, 97 %, 5, 16
2026/09/22 01:10:04.074, 0, P0, 2422 MHz, 12481 MHz, 333.04 W, 600.00 W, 600.00 W, 54, 29427 MiB, 97 %, 5, 16
2026/09/22 01:10:04.325, 0, P0, 2422 MHz, 12481 MHz, 332.36 W, 600.00 W, 600.00 W, 54, 29427 MiB, 97 %, 5, 16
2026/09/22 01:10:04.576, 0, P0, 2422 MHz, 12481 MHz, 332.60 W, 600.00 W, 600.00 W, 54, 29427 MiB, 97 %, 5, 16
2026/09/22 01:10:04.826, 0, P0, 2422 MHz, 12481 MHz, 332.05 W, 600.00 W, 600.00 W, 54, 29427 MiB, 97 %, 5, 16
2026/09/22 01:10:05.077, 0, P0, 2422 MHz, 12481 MHz, 331.61 W, 600.00 W, 600.00 W, 54, 29427 MiB, 97 %, 5, 16
2026/09/22 01:10:05.328, 0, P0, 2422 MHz, 12481 MHz, 331.86 W, 600.00 W, 600.00 W, 54, 29427 MiB, 97 %, 5, 16
2026/09/22 01:10:05.579, 0, P0, 2422 MHz, 12481 MHz, 332.14 W, 600.00 W, 600.00 W, 54, 29427 MiB, 97 %, 5, 16
2026/09/22 01:10:05.830, 0, P0, 2422 MHz, 12481 MHz, 332.01 W, 600.00 W, 600.00 W, 54, 29427 MiB, 97 %, 5, 16
2026/09/22 01:10:06.081, 0, P0, 2422 MHz, 12481 MHz, 332.06 W, 600.00 W, 600.00 W, 54, 29427 MiB, 97 %, 5, 16
2026/09/22 01:10:06.332, 0, P0, 2422 MHz, 12481 MHz, 332.28 W, 600.00 W, 600.00 W, 54, 29427 MiB, 97 %, 5, 16
2026/09/22 01:10:06.583, 0, P0, 2422 MHz, 12481 MHz, 332.19 W, 600.00 W, 600.00 W, 54, 29427 MiB, 97 %, 5, 16
2026/09/22 01:10:06.833, 0, P0, 2422 MHz, 12481 MHz, 331.85 W, 600.00 W, 600.00 W, 54, 29427 MiB, 97 %, 5, 16
2026/09/22 01:10:07.084, 0, P0, 2422 MHz, 12481 MHz, 332.06 W, 600.00 W, 600.00 W, 54, 29427 MiB, 97 %, 5, 16
2026/09/22 01:10:07.335, 0, P0, 2422 MHz, 12481 MHz, 331.91 W, 600.00 W, 600.00 W, 54, 29427 MiB, 97 %, 5, 16
2026/09/22 01:10:07.586, 0, P0, 2422 MHz, 12481 MHz, 332.16 W, 600.00 W, 600.00 W, 54, 29427 MiB, 97 %, 5, 16
2026/09/22 01:10:07.837, 0, P0, 2422 MHz, 12481 MHz, 332.22 W, 600.00 W, 600.00 W, 54, 29427 MiB, 97 %, 5, 16
2026/09/22 01:10:08.088, 0, P0, 2422 MHz, 12481 MHz, 342.49 W, 600.00 W, 600.00 W, 58, 29651 MiB, 97 %, 5, 16
2026/09/22 01:10:08.339, 0, P0, 2422 MHz, 12481 MHz, 376.89 W, 600.00 W, 600.00 W, 60, 29651 MiB, 100 %, 5, 16
2026/09/22 01:10:08.589, 0, P0, 2422 MHz, 12481 MHz, 428.12 W, 600.00 W, 600.00 W, 60, 29651 MiB, 100 %, 5, 16
2026/09/22 01:10:08.840, 0, P0, 2422 MHz, 12481 MHz, 460.46 W, 600.00 W, 600.00 W, 60, 29651 MiB, 100 %, 5, 16
2026/09/22 01:10:09.090, 0, P0, 2422 MHz, 12481 MHz, 463.38 W, 600.00 W, 600.00 W, 55, 29651 MiB, 97 %, 5, 16
2026/09/22 01:10:09.341, 0, P0, 2422 MHz, 12481 MHz, 430.38 W, 600.00 W, 600.00 W, 55, 29651 MiB, 97 %, 5, 16
2026/09/22 01:10:09.592, 0, P0, 2422 MHz, 12481 MHz, 379.85 W, 600.00 W, 600.00 W, 54, 29651 MiB, 97 %, 5, 16
2026/09/22 01:10:09.843, 0, P0, 2422 MHz, 12481 MHz, 339.28 W, 600.00 W, 600.00 W, 54, 29651 MiB, 97 %, 5, 16
2026/09/22 01:10:10.094, 0, P0, 2422 MHz, 12481 MHz, 333.31 W, 600.00 W, 600.00 W, 54, 29651 MiB, 97 %, 5, 16
2026/09/22 01:10:10.345, 0, P0, 2422 MHz, 12481 MHz, 333.05 W, 600.00 W, 600.00 W, 54, 29651 MiB, 97 %, 5, 16
2026/09/22 01:10:10.595, 0, P0, 2422 MHz, 12481 MHz, 332.67 W, 600.00 W, 600.00 W, 54, 29651 MiB, 97 %, 5, 16
2026/09/22 01:10:10.848, 0, P0, 2422 MHz, 12481 MHz, 332.56 W, 600.00 W, 600.00 W, 54, 29651 MiB, 97 %, 5, 16
2026/09/22 01:10:11.099, 0, P0, 2422 MHz, 12481 MHz, 332.43 W, 600.00 W, 600.00 W, 54, 29651 MiB, 97 %, 5, 16
2026/09/22 01:10:11.350, 0, P0, 2422 MHz, 12481 MHz, 332.65 W, 600.00 W, 600.00 W, 54, 29651 MiB, 97 %, 5, 16
2026/09/22 01:10:11.600, 0, P0, 2422 MHz, 12481 MHz, 333.41 W, 600.00 W, 600.00 W, 54, 29651 MiB, 97 %, 5, 16
2026/09/22 01:10:11.852, 0, P0, 2422 MHz, 12481 MHz, 333.11 W, 600.00 W, 600.00 W, 54, 29651 MiB, 97 %, 5, 16
2026/09/22 01:10:12.103, 0, P0, 2422 MHz, 12481 MHz, 333.21 W, 600.00 W, 600.00 W, 54, 29651 MiB, 97 %, 5, 16
2026/09/22 01:10:12.354, 0, P0, 2422 MHz, 12481 MHz, 332.69 W, 600.00 W, 600.00 W, 54, 29651 MiB, 97 %, 5, 16
2026/09/22 01:10:12.605, 0, P0, 2422 MHz, 12481 MHz, 332.54 W, 600.00 W, 600.00 W, 54, 29651 MiB, 97 %, 5, 16
2026/09/22 01:10:12.856, 0, P0, 2422 MHz, 12481 MHz, 332.14 W, 600.00 W, 600.00 W, 54, 29651 MiB, 97 %, 5, 16
2026/09/22 01:10:13.106, 0, P0, 2422 MHz, 12481 MHz, 332.30 W, 600.00 W, 600.00 W, 54, 29651 MiB, 97 %, 5, 16
2026/09/22 01:10:13.357, 0, P0, 2422 MHz, 12481 MHz, 332.10 W, 600.00 W, 600.00 W, 54, 29651 MiB, 97 %, 5, 16
2026/09/22 01:10:13.608, 0, P0, 2422 MHz, 12481 MHz, 332.11 W, 600.00 W, 600.00 W, 54, 29651 MiB, 97 %, 5, 16
2026/09/22 01:10:13.859, 0, P0, 2422 MHz, 12481 MHz, 331.65 W, 600.00 W, 600.00 W, 54, 29651 MiB, 97 %, 5, 16
2026/09/22 01:10:14.109, 0, P0, 2422 MHz, 12481 MHz, 331.67 W, 600.00 W, 600.00 W, 54, 29651 MiB, 97 %, 5, 16
2026/09/22 01:10:14.360, 0, P0, 2422 MHz, 12481 MHz, 332.04 W, 600.00 W, 600.00 W, 54, 29651 MiB, 97 %, 5, 16
2026/09/22 01:10:14.611, 0, P0, 2422 MHz, 12481 MHz, 331.88 W, 600.00 W, 600.00 W, 54, 29651 MiB, 97 %, 5, 16
2026/09/22 01:10:14.862, 0, P0, 2422 MHz, 12481 MHz, 331.94 W, 600.00 W, 600.00 W, 54, 29651 MiB, 97 %, 5, 16
2026/09/22 01:10:15.112, 0, P0, 2422 MHz, 12481 MHz, 332.21 W, 600.00 W, 600.00 W, 54, 29651 MiB, 97 %, 5, 16
2026/09/22 01:10:15.363, 0, P0, 2422 MHz, 12481 MHz, 331.97 W, 600.00 W, 600.00 W, 54, 29651 MiB, 97 %, 5, 16
2026/09/22 01:10:15.614, 0, P0, 2422 MHz, 12481 MHz, 331.96 W, 600.00 W, 600.00 W, 54, 29651 MiB, 97 %, 5, 16
2026/09/22 01:10:15.865, 0, P0, 2422 MHz, 12481 MHz, 331.96 W, 600.00 W, 600.00 W, 54, 29651 MiB, 97 %, 5, 16
2026/09/22 01:10:16.115, 0, P0, 2422 MHz, 12481 MHz, 332.16 W, 600.00 W, 600.00 W, 54, 29651 MiB, 97 %, 5, 16
2026/09/22 01:10:16.366, 0, P0, 2422 MHz, 12481 MHz, 331.92 W, 600.00 W, 600.00 W, 54, 29651 MiB, 97 %, 5, 16
2026/09/22 01:10:16.617, 0, P0, 2422 MHz, 12481 MHz, 331.86 W, 600.00 W, 600.00 W, 54, 29651 MiB, 97 %, 5, 16
2026/09/22 01:10:16.868, 0, P0, 2422 MHz, 12481 MHz, 332.19 W, 600.00 W, 600.00 W, 54, 29651 MiB, 97 %, 5, 16
2026/09/22 01:10:17.118, 0, P0, 2422 MHz, 12481 MHz, 331.80 W, 600.00 W, 600.00 W, 54, 29651 MiB, 97 %, 5, 16
2026/09/22 01:10:17.369, 0, P0, 2422 MHz, 12481 MHz, 332.14 W, 600.00 W, 600.00 W, 54, 29651 MiB, 97 %, 5, 16
2026/09/22 01:10:17.620, 0, P0, 2422 MHz, 12481 MHz, 332.33 W, 600.00 W, 600.00 W, 54, 29651 MiB, 97 %, 5, 16
2026/09/22 01:10:17.871, 0, P0, 2422 MHz, 12481 MHz, 332.33 W, 600.00 W, 600.00 W, 54, 29651 MiB, 97 %, 5, 16
2026/09/22 01:10:18.121, 0, P0, 2422 MHz, 12481 MHz, 332.39 W, 600.00 W, 600.00 W, 54, 29651 MiB, 97 %, 5, 16
2026/09/22 01:10:18.372, 0, P0, 2422 MHz, 12481 MHz, 332.70 W, 600.00 W, 600.00 W, 54, 29651 MiB, 97 %, 5, 16
2026/09/22 01:10:18.623, 0, P0, 2422 MHz, 12481 MHz, 332.57 W, 600.00 W, 600.00 W, 54, 29651 MiB, 97 %, 5, 16
2026/09/22 01:10:18.874, 0, P0, 2422 MHz, 12481 MHz, 332.39 W, 600.00 W, 600.00 W, 54, 29651 MiB, 97 %, 5, 16
2026/09/22 01:10:19.124, 0, P0, 2422 MHz, 12481 MHz, 332.59 W, 600.00 W, 600.00 W, 54, 29651 MiB, 97 %, 5, 16
2026/09/22 01:10:19.375, 0, P0, 2422 MHz, 12481 MHz, 331.85 W, 600.00 W, 600.00 W, 54, 29651 MiB, 97 %, 5, 16
2026/09/22 01:10:19.626, 0, P0, 2422 MHz, 12481 MHz, 332.33 W, 600.00 W, 600.00 W, 54, 29651 MiB, 97 %, 5, 16
2026/09/22 01:10:19.877, 0, P0, 2422 MHz, 12481 MHz, 331.78 W, 600.00 W, 600.00 W, 54, 29651 MiB, 97 %, 5, 16
2026/09/22 01:10:20.127, 0, P0, 2422 MHz, 12481 MHz, 332.02 W, 600.00 W, 600.00 W, 54, 29651 MiB, 97 %, 5, 16
2026/09/22 01:10:20.378, 0, P0, 2422 MHz, 12481 MHz, 332.18 W, 600.00 W, 600.00 W, 54, 29651 MiB, 97 %, 5, 16
2026/09/22 01:10:20.629, 0, P0, 2422 MHz, 12481 MHz, 331.85 W, 600.00 W, 600.00 W, 54, 29651 MiB, 97 %, 5, 16
2026/09/22 01:10:20.880, 0, P0, 2422 MHz, 12481 MHz, 332.67 W, 600.00 W, 600.00 W, 54, 29651 MiB, 97 %, 5, 16
2026/09/22 01:10:21.130, 0, P0, 2422 MHz, 12481 MHz, 332.44 W, 600.00 W, 600.00 W, 54, 29651 MiB, 97 %, 5, 16
2026/09/22 01:10:21.381, 0, P0, 2422 MHz, 12481 MHz, 332.22 W, 600.00 W, 600.00 W, 54, 29651 MiB, 97 %, 5, 16
2026/09/22 01:10:21.632, 0, P0, 2422 MHz, 12481 MHz, 332.41 W, 600.00 W, 600.00 W, 54, 29651 MiB, 97 %, 5, 16
2026/09/22 01:10:21.883, 0, P0, 2422 MHz, 12481 MHz, 332.13 W, 600.00 W, 600.00 W, 54, 29651 MiB, 97 %, 5, 16
2026/09/22 01:10:22.133, 0, P0, 2422 MHz, 12481 MHz, 339.26 W, 600.00 W, 600.00 W, 57, 29939 MiB, 97 %, 5, 16
2026/09/22 01:10:22.384, 0, P0, 2422 MHz, 12481 MHz, 371.71 W, 600.00 W, 600.00 W, 60, 29939 MiB, 100 %, 5, 16
2026/09/22 01:10:22.634, 0, P0, 2422 MHz, 12481 MHz, 420.53 W, 600.00 W, 600.00 W, 61, 29939 MiB, 100 %, 5, 16
2026/09/22 01:10:22.885, 0, P0, 2422 MHz, 12481 MHz, 450.99 W, 600.00 W, 600.00 W, 61, 29939 MiB, 100 %, 5, 16
2026/09/22 01:10:23.135, 0, P0, 2422 MHz, 12481 MHz, 459.85 W, 600.00 W, 600.00 W, 55, 29939 MiB, 98 %, 5, 16
2026/09/22 01:10:23.386, 0, P0, 2422 MHz, 12481 MHz, 426.72 W, 600.00 W, 600.00 W, 54, 29939 MiB, 97 %, 5, 16
2026/09/22 01:10:23.637, 0, P0, 2422 MHz, 12481 MHz, 377.95 W, 600.00 W, 600.00 W, 54, 29939 MiB, 97 %, 5, 16
2026/09/22 01:10:23.887, 0, P0, 2422 MHz, 12481 MHz, 344.79 W, 600.00 W, 600.00 W, 54, 29939 MiB, 97 %, 5, 16
2026/09/22 01:10:24.138, 0, P0, 2422 MHz, 12481 MHz, 331.92 W, 600.00 W, 600.00 W, 54, 29939 MiB, 97 %, 5, 16
2026/09/22 01:10:24.389, 0, P0, 2422 MHz, 12481 MHz, 331.89 W, 600.00 W, 600.00 W, 54, 29939 MiB, 97 %, 5, 16
2026/09/22 01:10:24.640, 0, P0, 2422 MHz, 12481 MHz, 331.82 W, 600.00 W, 600.00 W, 54, 29939 MiB, 97 %, 5, 16
2026/09/22 01:10:24.891, 0, P0, 2422 MHz, 12481 MHz, 331.71 W, 600.00 W, 600.00 W, 54, 29939 MiB, 97 %, 5, 16
2026/09/22 01:10:25.141, 0, P0, 2422 MHz, 12481 MHz, 331.94 W, 600.00 W, 600.00 W, 54, 29939 MiB, 97 %, 5, 16
2026/09/22 01:10:25.392, 0, P0, 2422 MHz, 12481 MHz, 332.07 W, 600.00 W, 600.00 W, 54, 29939 MiB, 97 %, 5, 16
2026/09/22 01:10:25.643, 0, P0, 2422 MHz, 12481 MHz, 332.33 W, 600.00 W, 600.00 W, 54, 29939 MiB, 97 %, 5, 16
2026/09/22 01:10:25.894, 0, P0, 2422 MHz, 12481 MHz, 332.78 W, 600.00 W, 600.00 W, 54, 29939 MiB, 97 %, 5, 16
2026/09/22 01:10:26.145, 0, P0, 2422 MHz, 12481 MHz, 332.56 W, 600.00 W, 600.00 W, 54, 29939 MiB, 97 %, 5, 16
2026/09/22 01:10:26.396, 0, P0, 2422 MHz, 12481 MHz, 332.58 W, 600.00 W, 600.00 W, 54, 29939 MiB, 97 %, 5, 16
2026/09/22 01:10:26.647, 0, P0, 2422 MHz, 12481 MHz, 332.54 W, 600.00 W, 600.00 W, 54, 29939 MiB, 97 %, 5, 16
2026/09/22 01:10:26.898, 0, P0, 2422 MHz, 12481 MHz, 331.70 W, 600.00 W, 600.00 W, 54, 29939 MiB, 97 %, 5, 16
2026/09/22 01:10:27.149, 0, P0, 2422 MHz, 12481 MHz, 332.17 W, 600.00 W, 600.00 W, 54, 29939 MiB, 97 %, 5, 16
2026/09/22 01:10:27.400, 0, P0, 2422 MHz, 12481 MHz, 332.19 W, 600.00 W, 600.00 W, 54, 29939 MiB, 97 %, 5, 16
2026/09/22 01:10:27.650, 0, P0, 2422 MHz, 12481 MHz, 331.46 W, 600.00 W, 600.00 W, 54, 29939 MiB, 97 %, 5, 16
2026/09/22 01:10:27.901, 0, P0, 2422 MHz, 12481 MHz, 332.03 W, 600.00 W, 600.00 W, 54, 29939 MiB, 97 %, 5, 16
2026/09/22 01:10:28.152, 0, P0, 2422 MHz, 12481 MHz, 331.96 W, 600.00 W, 600.00 W, 54, 29939 MiB, 97 %, 5, 16
2026/09/22 01:10:28.403, 0, P0, 2422 MHz, 12481 MHz, 331.77 W, 600.00 W, 600.00 W, 54, 29939 MiB, 97 %, 5, 16
2026/09/22 01:10:28.654, 0, P0, 2422 MHz, 12481 MHz, 332.21 W, 600.00 W, 600.00 W, 54, 29939 MiB, 97 %, 5, 16
2026/09/22 01:10:28.904, 0, P0, 2422 MHz, 12481 MHz, 331.81 W, 600.00 W, 600.00 W, 54, 29939 MiB, 97 %, 5, 16
2026/09/22 01:10:29.155, 0, P0, 2422 MHz, 12481 MHz, 332.16 W, 600.00 W, 600.00 W, 54, 29939 MiB, 97 %, 5, 16
2026/09/22 01:10:29.406, 0, P0, 2422 MHz, 12481 MHz, 332.19 W, 600.00 W, 600.00 W, 54, 29939 MiB, 97 %, 5, 16
2026/09/22 01:10:29.657, 0, P0, 2422 MHz, 12481 MHz, 331.64 W, 600.00 W, 600.00 W, 54, 29939 MiB, 97 %, 5, 16
2026/09/22 01:10:29.907, 0, P0, 2422 MHz, 12481 MHz, 332.30 W, 600.00 W, 600.00 W, 54, 29939 MiB, 97 %, 5, 16
2026/09/22 01:10:30.158, 0, P0, 2422 MHz, 12481 MHz, 331.87 W, 600.00 W, 600.00 W, 54, 29939 MiB, 97 %, 5, 16
2026/09/22 01:10:30.409, 0, P0, 2422 MHz, 12481 MHz, 332.06 W, 600.00 W, 600.00 W, 54, 29939 MiB, 97 %, 5, 16
2026/09/22 01:10:30.660, 0, P0, 2422 MHz, 12481 MHz, 332.17 W, 600.00 W, 600.00 W, 54, 29939 MiB, 97 %, 5, 16
2026/09/22 01:10:30.911, 0, P0, 2422 MHz, 12481 MHz, 331.58 W, 600.00 W, 600.00 W, 54, 29939 MiB, 97 %, 5, 16
2026/09/22 01:10:31.161, 0, P0, 2422 MHz, 12481 MHz, 332.04 W, 600.00 W, 600.00 W, 54, 29939 MiB, 97 %, 5, 16
2026/09/22 01:10:31.412, 0, P0, 2422 MHz, 12481 MHz, 331.83 W, 600.00 W, 600.00 W, 54, 29939 MiB, 97 %, 5, 16
2026/09/22 01:10:31.663, 0, P0, 2422 MHz, 12481 MHz, 331.55 W, 600.00 W, 600.00 W, 54, 29939 MiB, 97 %, 5, 16
2026/09/22 01:10:31.914, 0, P0, 2422 MHz, 12481 MHz, 331.84 W, 600.00 W, 600.00 W, 54, 29939 MiB, 97 %, 5, 16
2026/09/22 01:10:32.165, 0, P0, 2422 MHz, 12481 MHz, 331.58 W, 600.00 W, 600.00 W, 54, 29939 MiB, 97 %, 5, 16
2026/09/22 01:10:32.416, 0, P0, 2422 MHz, 12481 MHz, 363.67 W, 600.00 W, 600.00 W, 59, 30227 MiB, 100 %, 5, 16
2026/09/22 01:10:32.667, 0, P0, 2422 MHz, 12481 MHz, 398.72 W, 600.00 W, 600.00 W, 60, 30227 MiB, 100 %, 5, 16
2026/09/22 01:10:32.918, 0, P0, 2422 MHz, 12481 MHz, 452.08 W, 600.00 W, 600.00 W, 60, 30227 MiB, 100 %, 5, 16
2026/09/22 01:10:33.168, 0, P0, 2422 MHz, 12481 MHz, 478.98 W, 600.00 W, 600.00 W, 60, 30227 MiB, 100 %, 5, 16
2026/09/22 01:10:33.419, 0, P0, 2422 MHz, 12481 MHz, 445.64 W, 600.00 W, 600.00 W, 55, 30227 MiB, 97 %, 5, 16
2026/09/22 01:10:33.670, 0, P0, 2422 MHz, 12481 MHz, 411.70 W, 600.00 W, 600.00 W, 54, 30227 MiB, 97 %, 5, 16
2026/09/22 01:10:33.921, 0, P0, 2422 MHz, 12481 MHz, 360.14 W, 600.00 W, 600.00 W, 54, 30227 MiB, 97 %, 5, 16
2026/09/22 01:10:34.172, 0, P0, 2422 MHz, 12481 MHz, 328.39 W, 600.00 W, 600.00 W, 54, 30227 MiB, 97 %, 5, 16
2026/09/22 01:10:34.422, 0, P0, 2422 MHz, 12481 MHz, 332.03 W, 600.00 W, 600.00 W, 54, 30227 MiB, 97 %, 5, 16
2026/09/22 01:10:34.673, 0, P0, 2422 MHz, 12481 MHz, 331.67 W, 600.00 W, 600.00 W, 54, 30227 MiB, 97 %, 5, 16
2026/09/22 01:10:34.924, 0, P0, 2422 MHz, 12481 MHz, 331.30 W, 600.00 W, 600.00 W, 54, 30227 MiB, 97 %, 5, 16
2026/09/22 01:10:35.175, 0, P0, 2422 MHz, 12481 MHz, 331.48 W, 600.00 W, 600.00 W, 54, 30227 MiB, 97 %, 5, 16
2026/09/22 01:10:35.426, 0, P0, 2422 MHz, 12481 MHz, 331.35 W, 600.00 W, 600.00 W, 54, 30227 MiB, 97 %, 5, 16
2026/09/22 01:10:35.676, 0, P0, 2422 MHz, 12481 MHz, 332.03 W, 600.00 W, 600.00 W, 54, 30227 MiB, 97 %, 5, 16
2026/09/22 01:10:35.927, 0, P0, 2422 MHz, 12481 MHz, 331.75 W, 600.00 W, 600.00 W, 54, 30227 MiB, 97 %, 5, 16
2026/09/22 01:10:36.178, 0, P0, 2422 MHz, 12481 MHz, 331.86 W, 600.00 W, 600.00 W, 54, 30227 MiB, 97 %, 5, 16
2026/09/22 01:10:36.429, 0, P0, 2422 MHz, 12481 MHz, 332.20 W, 600.00 W, 600.00 W, 54, 30227 MiB, 97 %, 5, 16
2026/09/22 01:10:36.680, 0, P0, 2422 MHz, 12481 MHz, 331.56 W, 600.00 W, 600.00 W, 54, 30227 MiB, 97 %, 5, 16
2026/09/22 01:10:36.931, 0, P0, 2422 MHz, 12481 MHz, 331.51 W, 600.00 W, 600.00 W, 54, 30227 MiB, 97 %, 5, 16
2026/09/22 01:10:37.181, 0, P0, 2422 MHz, 12481 MHz, 331.73 W, 600.00 W, 600.00 W, 54, 30227 MiB, 97 %, 5, 16
2026/09/22 01:10:37.432, 0, P0, 2422 MHz, 12481 MHz, 331.59 W, 600.00 W, 600.00 W, 54, 30227 MiB, 97 %, 5, 16
2026/09/22 01:10:37.683, 0, P0, 2422 MHz, 12481 MHz, 331.49 W, 600.00 W, 600.00 W, 54, 30227 MiB, 97 %, 5, 16
2026/09/22 01:10:37.934, 0, P0, 2422 MHz, 12481 MHz, 331.67 W, 600.00 W, 600.00 W, 54, 30227 MiB, 97 %, 5, 16
2026/09/22 01:10:38.185, 0, P0, 2422 MHz, 12481 MHz, 331.42 W, 600.00 W, 600.00 W, 54, 30227 MiB, 97 %, 5, 16
2026/09/22 01:10:38.436, 0, P0, 2422 MHz, 12481 MHz, 331.49 W, 600.00 W, 600.00 W, 54, 30227 MiB, 97 %, 5, 16
2026/09/22 01:10:38.687, 0, P0, 2422 MHz, 12481 MHz, 331.54 W, 600.00 W, 600.00 W, 54, 30227 MiB, 97 %, 5, 16
2026/09/22 01:10:38.937, 0, P0, 2422 MHz, 12481 MHz, 332.02 W, 600.00 W, 600.00 W, 54, 30227 MiB, 97 %, 5, 16
2026/09/22 01:10:39.188, 0, P0, 2422 MHz, 12481 MHz, 331.90 W, 600.00 W, 600.00 W, 54, 30227 MiB, 97 %, 5, 16
2026/09/22 01:10:39.439, 0, P0, 2422 MHz, 12481 MHz, 331.81 W, 600.00 W, 600.00 W, 54, 30227 MiB, 97 %, 5, 16
2026/09/22 01:10:39.690, 0, P0, 2422 MHz, 12481 MHz, 331.95 W, 600.00 W, 600.00 W, 54, 30227 MiB, 97 %, 5, 16
2026/09/22 01:10:39.941, 0, P0, 2422 MHz, 12481 MHz, 331.91 W, 600.00 W, 600.00 W, 54, 30227 MiB, 97 %, 5, 16
2026/09/22 01:10:40.192, 0, P0, 2422 MHz, 12481 MHz, 331.58 W, 600.00 W, 600.00 W, 54, 30451 MiB, 97 %, 5, 16
2026/09/22 01:10:40.442, 0, P0, 2422 MHz, 12481 MHz, 373.62 W, 600.00 W, 600.00 W, 60, 30451 MiB, 100 %, 5, 16
2026/09/22 01:10:40.693, 0, P0, 2422 MHz, 12481 MHz, 404.39 W, 600.00 W, 600.00 W, 61, 30451 MiB, 100 %, 5, 16
2026/09/22 01:10:40.943, 0, P0, 2422 MHz, 12481 MHz, 452.06 W, 600.00 W, 600.00 W, 61, 30451 MiB, 100 %, 5, 16
2026/09/22 01:10:41.194, 0, P0, 2422 MHz, 12481 MHz, 463.11 W, 600.00 W, 600.00 W, 56, 30451 MiB, 100 %, 5, 16
2026/09/22 01:10:41.445, 0, P0, 2422 MHz, 12481 MHz, 421.27 W, 600.00 W, 600.00 W, 54, 30451 MiB, 97 %, 5, 16
2026/09/22 01:10:41.696, 0, P0, 2422 MHz, 12481 MHz, 390.66 W, 600.00 W, 600.00 W, 54, 30451 MiB, 97 %, 5, 16
2026/09/22 01:10:41.946, 0, P0, 2422 MHz, 12481 MHz, 340.38 W, 600.00 W, 600.00 W, 54, 30451 MiB, 97 %, 5, 16
2026/09/22 01:10:42.197, 0, P0, 2422 MHz, 12481 MHz, 331.89 W, 600.00 W, 600.00 W, 54, 30451 MiB, 97 %, 5, 16
2026/09/22 01:10:42.448, 0, P0, 2422 MHz, 12481 MHz, 332.04 W, 600.00 W, 600.00 W, 54, 30451 MiB, 97 %, 5, 16
2026/09/22 01:10:42.699, 0, P0, 2422 MHz, 12481 MHz, 332.28 W, 600.00 W, 600.00 W, 54, 30451 MiB, 97 %, 5, 16
2026/09/22 01:10:42.950, 0, P0, 2422 MHz, 12481 MHz, 331.67 W, 600.00 W, 600.00 W, 54, 30451 MiB, 97 %, 5, 16
2026/09/22 01:10:43.201, 0, P0, 2422 MHz, 12481 MHz, 331.99 W, 600.00 W, 600.00 W, 54, 30451 MiB, 97 %, 5, 16
2026/09/22 01:10:43.451, 0, P0, 2422 MHz, 12481 MHz, 331.24 W, 600.00 W, 600.00 W, 54, 30451 MiB, 97 %, 5, 16
2026/09/22 01:10:43.702, 0, P0, 2422 MHz, 12481 MHz, 331.35 W, 600.00 W, 600.00 W, 54, 30451 MiB, 97 %, 5, 16
2026/09/22 01:10:43.953, 0, P0, 2422 MHz, 12481 MHz, 331.55 W, 600.00 W, 600.00 W, 54, 30451 MiB, 97 %, 5, 16
2026/09/22 01:10:44.204, 0, P0, 2422 MHz, 12481 MHz, 331.50 W, 600.00 W, 600.00 W, 54, 30451 MiB, 97 %, 5, 16
2026/09/22 01:10:44.455, 0, P0, 2422 MHz, 12481 MHz, 331.54 W, 600.00 W, 600.00 W, 54, 30451 MiB, 97 %, 5, 16
2026/09/22 01:10:44.706, 0, P0, 2422 MHz, 12481 MHz, 331.90 W, 600.00 W, 600.00 W, 54, 30451 MiB, 97 %, 5, 16
2026/09/22 01:10:44.957, 0, P0, 2422 MHz, 12481 MHz, 331.51 W, 600.00 W, 600.00 W, 54, 30451 MiB, 97 %, 5, 16
2026/09/22 01:10:45.207, 0, P0, 2422 MHz, 12481 MHz, 331.38 W, 600.00 W, 600.00 W, 54, 30451 MiB, 97 %, 5, 16
2026/09/22 01:10:45.458, 0, P0, 2422 MHz, 12481 MHz, 331.16 W, 600.00 W, 600.00 W, 54, 30451 MiB, 97 %, 5, 16
2026/09/22 01:10:45.709, 0, P0, 2422 MHz, 12481 MHz, 331.15 W, 600.00 W, 600.00 W, 54, 30451 MiB, 97 %, 5, 16
2026/09/22 01:10:45.960, 0, P0, 2422 MHz, 12481 MHz, 331.58 W, 600.00 W, 600.00 W, 54, 30451 MiB, 97 %, 5, 16
2026/09/22 01:10:46.211, 0, P0, 2422 MHz, 12481 MHz, 331.73 W, 600.00 W, 600.00 W, 54, 30451 MiB, 97 %, 5, 16
2026/09/22 01:10:46.462, 0, P0, 2422 MHz, 12481 MHz, 331.91 W, 600.00 W, 600.00 W, 54, 30451 MiB, 97 %, 5, 16
2026/09/22 01:10:46.713, 0, P0, 2422 MHz, 12481 MHz, 331.03 W, 600.00 W, 600.00 W, 54, 30451 MiB, 97 %, 5, 16
2026/09/22 01:10:46.964, 0, P0, 2422 MHz, 12481 MHz, 331.38 W, 600.00 W, 600.00 W, 54, 30451 MiB, 97 %, 5, 16
2026/09/22 01:10:47.215, 0, P0, 2422 MHz, 12481 MHz, 330.85 W, 600.00 W, 600.00 W, 54, 30451 MiB, 97 %, 5, 16
2026/09/22 01:10:47.466, 0, P0, 2422 MHz, 12481 MHz, 331.36 W, 600.00 W, 600.00 W, 54, 30451 MiB, 97 %, 5, 16
2026/09/22 01:10:47.717, 0, P0, 2422 MHz, 12481 MHz, 331.59 W, 600.00 W, 600.00 W, 54, 30451 MiB, 97 %, 5, 16
2026/09/22 01:10:47.968, 0, P0, 2422 MHz, 12481 MHz, 339.81 W, 600.00 W, 600.00 W, 56, 30451 MiB, 97 %, 5, 16
2026/09/22 01:10:48.218, 0, P0, 2422 MHz, 12481 MHz, 390.07 W, 600.00 W, 600.00 W, 60, 30451 MiB, 100 %, 5, 16
2026/09/22 01:10:48.469, 0, P0, 2422 MHz, 12481 MHz, 421.95 W, 600.00 W, 600.00 W, 60, 30451 MiB, 100 %, 5, 16
2026/09/22 01:10:48.719, 0, P0, 2422 MHz, 12481 MHz, 464.56 W, 600.00 W, 600.00 W, 61, 30451 MiB, 100 %, 5, 16
2026/09/22 01:10:48.970, 0, P0, 2422 MHz, 12481 MHz, 454.91 W, 600.00 W, 600.00 W, 55, 30451 MiB, 98 %, 5, 16
2026/09/22 01:10:49.221, 0, P0, 2422 MHz, 12481 MHz, 405.75 W, 600.00 W, 600.00 W, 54, 30451 MiB, 97 %, 5, 16
2026/09/22 01:10:49.471, 0, P0, 2422 MHz, 12481 MHz, 370.55 W, 600.00 W, 600.00 W, 54, 30451 MiB, 97 %, 5, 16
2026/09/22 01:10:49.722, 0, P0, 2422 MHz, 12481 MHz, 328.56 W, 600.00 W, 600.00 W, 54, 30451 MiB, 97 %, 5, 16
2026/09/22 01:10:49.973, 0, P0, 2422 MHz, 12481 MHz, 332.21 W, 600.00 W, 600.00 W, 54, 30451 MiB, 97 %, 5, 16
2026/09/22 01:10:50.224, 0, P0, 2422 MHz, 12481 MHz, 352.02 W, 600.00 W, 600.00 W, 59, 30451 MiB, 94 %, 5, 16
2026/09/22 01:10:50.475, 0, P0, 2422 MHz, 12481 MHz, 383.25 W, 600.00 W, 600.00 W, 60, 30451 MiB, 100 %, 5, 16
2026/09/22 01:10:50.725, 0, P0, 2422 MHz, 12481 MHz, 434.56 W, 600.00 W, 600.00 W, 61, 30451 MiB, 100 %, 5, 16
2026/09/22 01:10:50.975, 0, P0, 2422 MHz, 12481 MHz, 462.43 W, 600.00 W, 600.00 W, 61, 30451 MiB, 100 %, 5, 16
2026/09/22 01:10:51.226, 0, P0, 2422 MHz, 12481 MHz, 439.75 W, 600.00 W, 600.00 W, 55, 30451 MiB, 97 %, 5, 16
2026/09/22 01:10:51.477, 0, P0, 2422 MHz, 12481 MHz, 406.74 W, 600.00 W, 600.00 W, 54, 30451 MiB, 97 %, 5, 16
2026/09/22 01:10:51.728, 0, P0, 2422 MHz, 12481 MHz, 357.54 W, 600.00 W, 600.00 W, 54, 30451 MiB, 97 %, 5, 16
2026/09/22 01:10:51.979, 0, P0, 2422 MHz, 12481 MHz, 330.37 W, 600.00 W, 600.00 W, 54, 30451 MiB, 97 %, 5, 16
2026/09/22 01:10:52.230, 0, P0, 2422 MHz, 12481 MHz, 333.98 W, 600.00 W, 600.00 W, 54, 30451 MiB, 97 %, 5, 16
2026/09/22 01:10:52.480, 0, P0, 2422 MHz, 12481 MHz, 353.73 W, 600.00 W, 600.00 W, 58, 30451 MiB, 92 %, 5, 16
2026/09/22 01:10:52.731, 0, P0, 2422 MHz, 12481 MHz, 401.02 W, 600.00 W, 600.00 W, 61, 30451 MiB, 100 %, 5, 16
2026/09/22 01:10:52.982, 0, P0, 2422 MHz, 12481 MHz, 433.23 W, 600.00 W, 600.00 W, 61, 30451 MiB, 100 %, 5, 16
2026/09/22 01:10:53.232, 0, P0, 2422 MHz, 12481 MHz, 462.35 W, 600.00 W, 600.00 W, 57, 30451 MiB, 99 %, 5, 16
2026/09/22 01:10:53.483, 0, P0, 2422 MHz, 12481 MHz, 443.36 W, 600.00 W, 600.00 W, 55, 30451 MiB, 97 %, 5, 16
2026/09/22 01:10:53.734, 0, P0, 2422 MHz, 12481 MHz, 395.01 W, 600.00 W, 600.00 W, 55, 30451 MiB, 97 %, 5, 16
2026/09/22 01:10:53.985, 0, P0, 2422 MHz, 12481 MHz, 362.70 W, 600.00 W, 600.00 W, 54, 30451 MiB, 97 %, 5, 16
2026/09/22 01:10:54.236, 0, P0, 2422 MHz, 12481 MHz, 332.20 W, 600.00 W, 600.00 W, 54, 30451 MiB, 97 %, 5, 16
2026/09/22 01:10:54.487, 0, P0, 2422 MHz, 12481 MHz, 332.36 W, 600.00 W, 600.00 W, 54, 30451 MiB, 97 %, 5, 16
2026/09/22 01:10:54.737, 0, P0, 2422 MHz, 12481 MHz, 363.39 W, 600.00 W, 600.00 W, 60, 30451 MiB, 91 %, 5, 16
2026/09/22 01:10:54.988, 0, P0, 2422 MHz, 12481 MHz, 396.24 W, 600.00 W, 600.00 W, 60, 30451 MiB, 100 %, 5, 16
2026/09/22 01:10:55.238, 0, P0, 2422 MHz, 12481 MHz, 446.34 W, 600.00 W, 600.00 W, 61, 30451 MiB, 100 %, 5, 16
2026/09/22 01:10:55.489, 0, P0, 2422 MHz, 12481 MHz, 463.17 W, 600.00 W, 600.00 W, 60, 30451 MiB, 99 %, 5, 16
2026/09/22 01:10:55.740, 0, P0, 2422 MHz, 12481 MHz, 433.82 W, 600.00 W, 600.00 W, 55, 30451 MiB, 97 %, 5, 16
2026/09/22 01:10:55.991, 0, P0, 2422 MHz, 12481 MHz, 400.27 W, 600.00 W, 600.00 W, 55, 30451 MiB, 97 %, 5, 16
2026/09/22 01:10:56.241, 0, P0, 2422 MHz, 12481 MHz, 353.69 W, 600.00 W, 600.00 W, 55, 30451 MiB, 97 %, 5, 16
2026/09/22 01:10:56.492, 0, P0, 2422 MHz, 12481 MHz, 332.67 W, 600.00 W, 600.00 W, 55, 30451 MiB, 97 %, 5, 16
2026/09/22 01:10:56.743, 0, P0, 2422 MHz, 12481 MHz, 334.35 W, 600.00 W, 600.00 W, 55, 30451 MiB, 97 %, 5, 16
2026/09/22 01:10:56.994, 0, P0, 2422 MHz, 12481 MHz, 362.32 W, 600.00 W, 600.00 W, 60, 30451 MiB, 89 %, 5, 16
2026/09/22 01:10:57.244, 0, P0, 2422 MHz, 12481 MHz, 415.49 W, 600.00 W, 600.00 W, 62, 30451 MiB, 100 %, 5, 16
2026/09/22 01:10:57.495, 0, P0, 2422 MHz, 12481 MHz, 453.80 W, 600.00 W, 600.00 W, 61, 30451 MiB, 100 %, 5, 16
2026/09/22 01:10:57.745, 0, P0, 2422 MHz, 12481 MHz, 465.59 W, 600.00 W, 600.00 W, 56, 30451 MiB, 99 %, 5, 16
2026/09/22 01:10:57.996, 0, P0, 2422 MHz, 12481 MHz, 438.76 W, 600.00 W, 600.00 W, 55, 30451 MiB, 97 %, 5, 16
2026/09/22 01:10:58.247, 0, P0, 2422 MHz, 12481 MHz, 385.10 W, 600.00 W, 600.00 W, 55, 30451 MiB, 97 %, 5, 16
2026/09/22 01:10:58.498, 0, P0, 2422 MHz, 12481 MHz, 349.19 W, 600.00 W, 600.00 W, 55, 30451 MiB, 97 %, 5, 16
2026/09/22 01:10:58.749, 0, P0, 2422 MHz, 12481 MHz, 333.46 W, 600.00 W, 600.00 W, 55, 30451 MiB, 97 %, 5, 16
2026/09/22 01:10:59.000, 0, P0, 2422 MHz, 12481 MHz, 328.63 W, 600.00 W, 600.00 W, 55, 30451 MiB, 97 %, 5, 16
2026/09/22 01:10:59.250, 0, P0, 2422 MHz, 12481 MHz, 256.15 W, 600.00 W, 600.00 W, 51, 30451 MiB, 0 %, 5, 16
2026/09/22 01:10:59.500, 0, P0, 2422 MHz, 12481 MHz, 207.52 W, 600.00 W, 600.00 W, 50, 30451 MiB, 0 %, 5, 16
2026/09/22 01:10:59.751, 0, P0, 2422 MHz, 12481 MHz, 134.63 W, 600.00 W, 600.00 W, 50, 30451 MiB, 0 %, 5, 16
2026/09/22 01:11:00.001, 0, P0, 2422 MHz, 12481 MHz, 94.73 W, 600.00 W, 600.00 W, 50, 33011 MiB, 0 %, 5, 16
2026/09/22 01:11:00.252, 0, P0, 2422 MHz, 12481 MHz, 215.11 W, 600.00 W, 600.00 W, 59, 33011 MiB, 100 %, 5, 16
2026/09/22 01:11:00.502, 0, P0, 2422 MHz, 12481 MHz, 301.42 W, 600.00 W, 600.00 W, 61, 33011 MiB, 100 %, 5, 16
2026/09/22 01:11:00.754, 0, P0, 2422 MHz, 12481 MHz, 427.47 W, 600.00 W, 600.00 W, 61, 33011 MiB, 100 %, 5, 16
2026/09/22 01:11:01.005, 0, P0, 2422 MHz, 12481 MHz, 507.97 W, 600.00 W, 600.00 W, 61, 33011 MiB, 100 %, 5, 16
2026/09/22 01:11:01.255, 0, P0, 2422 MHz, 12481 MHz, 507.92 W, 600.00 W, 600.00 W, 62, 33011 MiB, 100 %, 5, 16
2026/09/22 01:11:01.506, 0, P0, 2422 MHz, 12481 MHz, 505.92 W, 600.00 W, 600.00 W, 61, 33011 MiB, 100 %, 5, 16
2026/09/22 01:11:01.756, 0, P0, 2422 MHz, 12481 MHz, 457.78 W, 600.00 W, 600.00 W, 56, 33011 MiB, 97 %, 5, 16
2026/09/22 01:11:02.007, 0, P0, 2422 MHz, 12481 MHz, 423.37 W, 600.00 W, 600.00 W, 55, 33011 MiB, 97 %, 5, 16
2026/09/22 01:11:02.258, 0, P0, 2422 MHz, 12481 MHz, 372.85 W, 600.00 W, 600.00 W, 55, 33011 MiB, 97 %, 5, 16
2026/09/22 01:11:02.509, 0, P0, 2422 MHz, 12481 MHz, 340.75 W, 600.00 W, 600.00 W, 55, 33011 MiB, 97 %, 5, 16
2026/09/22 01:11:02.759, 0, P0, 2422 MHz, 12481 MHz, 334.96 W, 600.00 W, 600.00 W, 55, 33011 MiB, 97 %, 5, 16
2026/09/22 01:11:03.010, 0, P0, 2422 MHz, 12481 MHz, 334.61 W, 600.00 W, 600.00 W, 55, 33011 MiB, 97 %, 5, 16
2026/09/22 01:11:03.261, 0, P0, 2422 MHz, 12481 MHz, 335.76 W, 600.00 W, 600.00 W, 55, 33011 MiB, 97 %, 5, 16
2026/09/22 01:11:03.512, 0, P0, 2422 MHz, 12481 MHz, 336.27 W, 600.00 W, 600.00 W, 55, 33011 MiB, 97 %, 5, 16
2026/09/22 01:11:03.763, 0, P0, 2422 MHz, 12481 MHz, 335.76 W, 600.00 W, 600.00 W, 55, 33011 MiB, 97 %, 5, 16
2026/09/22 01:11:04.014, 0, P0, 2422 MHz, 12481 MHz, 335.96 W, 600.00 W, 600.00 W, 54, 33011 MiB, 97 %, 5, 16
2026/09/22 01:11:04.265, 0, P0, 2422 MHz, 12481 MHz, 336.36 W, 600.00 W, 600.00 W, 54, 33011 MiB, 97 %, 5, 16
2026/09/22 01:11:04.515, 0, P0, 2422 MHz, 12481 MHz, 334.52 W, 600.00 W, 600.00 W, 54, 33011 MiB, 97 %, 5, 16
2026/09/22 01:11:04.766, 0, P0, 2422 MHz, 12481 MHz, 334.29 W, 600.00 W, 600.00 W, 54, 33011 MiB, 97 %, 5, 16
2026/09/22 01:11:05.017, 0, P0, 2422 MHz, 12481 MHz, 333.45 W, 600.00 W, 600.00 W, 54, 33011 MiB, 97 %, 5, 16
2026/09/22 01:11:05.268, 0, P0, 2422 MHz, 12481 MHz, 332.87 W, 600.00 W, 600.00 W, 54, 33011 MiB, 97 %, 5, 16
2026/09/22 01:11:05.519, 0, P0, 2422 MHz, 12481 MHz, 333.25 W, 600.00 W, 600.00 W, 54, 33011 MiB, 97 %, 5, 16
2026/09/22 01:11:05.770, 0, P0, 2422 MHz, 12481 MHz, 332.71 W, 600.00 W, 600.00 W, 54, 33011 MiB, 97 %, 5, 16
2026/09/22 01:11:06.021, 0, P0, 2422 MHz, 12481 MHz, 333.37 W, 600.00 W, 600.00 W, 54, 33011 MiB, 97 %, 5, 16
2026/09/22 01:11:06.272, 0, P0, 2422 MHz, 12481 MHz, 332.32 W, 600.00 W, 600.00 W, 54, 33011 MiB, 97 %, 5, 16
2026/09/22 01:11:06.522, 0, P0, 2422 MHz, 12481 MHz, 333.24 W, 600.00 W, 600.00 W, 54, 33011 MiB, 97 %, 5, 16
2026/09/22 01:11:06.773, 0, P0, 2422 MHz, 12481 MHz, 333.19 W, 600.00 W, 600.00 W, 54, 33011 MiB, 97 %, 5, 16
2026/09/22 01:11:07.024, 0, P0, 2422 MHz, 12481 MHz, 333.08 W, 600.00 W, 600.00 W, 54, 33011 MiB, 97 %, 5, 16
2026/09/22 01:11:07.275, 0, P0, 2422 MHz, 12481 MHz, 333.48 W, 600.00 W, 600.00 W, 54, 33011 MiB, 97 %, 5, 16
2026/09/22 01:11:07.526, 0, P0, 2422 MHz, 12481 MHz, 332.84 W, 600.00 W, 600.00 W, 54, 33011 MiB, 97 %, 5, 16
2026/09/22 01:11:07.777, 0, P0, 2422 MHz, 12481 MHz, 332.72 W, 600.00 W, 600.00 W, 54, 33011 MiB, 97 %, 5, 16
2026/09/22 01:11:08.028, 0, P0, 2422 MHz, 12481 MHz, 332.59 W, 600.00 W, 600.00 W, 54, 33011 MiB, 97 %, 5, 16
2026/09/22 01:11:08.278, 0, P0, 2422 MHz, 12481 MHz, 332.67 W, 600.00 W, 600.00 W, 54, 33011 MiB, 97 %, 5, 16
2026/09/22 01:11:08.529, 0, P0, 2422 MHz, 12481 MHz, 332.90 W, 600.00 W, 600.00 W, 54, 33011 MiB, 97 %, 5, 16
2026/09/22 01:11:08.780, 0, P0, 2422 MHz, 12481 MHz, 332.37 W, 600.00 W, 600.00 W, 54, 33011 MiB, 97 %, 5, 16
2026/09/22 01:11:09.031, 0, P0, 2422 MHz, 12481 MHz, 332.95 W, 600.00 W, 600.00 W, 54, 33011 MiB, 97 %, 5, 16
2026/09/22 01:11:09.282, 0, P0, 2422 MHz, 12481 MHz, 332.42 W, 600.00 W, 600.00 W, 54, 33011 MiB, 97 %, 5, 16
2026/09/22 01:11:09.533, 0, P0, 2422 MHz, 12481 MHz, 333.11 W, 600.00 W, 600.00 W, 54, 33011 MiB, 97 %, 5, 16
2026/09/22 01:11:09.784, 0, P0, 2422 MHz, 12481 MHz, 332.99 W, 600.00 W, 600.00 W, 54, 33011 MiB, 97 %, 5, 16
2026/09/22 01:11:10.034, 0, P0, 2422 MHz, 12481 MHz, 333.25 W, 600.00 W, 600.00 W, 54, 33011 MiB, 97 %, 5, 16
2026/09/22 01:11:10.286, 0, P0, 2422 MHz, 12481 MHz, 333.23 W, 600.00 W, 600.00 W, 54, 33203 MiB, 97 %, 5, 16
2026/09/22 01:11:10.536, 0, P0, 2422 MHz, 12481 MHz, 374.15 W, 600.00 W, 600.00 W, 60, 33203 MiB, 91 %, 5, 16
2026/09/22 01:11:10.787, 0, P0, 2422 MHz, 12481 MHz, 409.72 W, 600.00 W, 600.00 W, 61, 33203 MiB, 100 %, 5, 16
2026/09/22 01:11:11.038, 0, P0, 2422 MHz, 12481 MHz, 462.82 W, 600.00 W, 600.00 W, 61, 33203 MiB, 100 %, 5, 16
2026/09/22 01:11:11.289, 0, P0, 2422 MHz, 12481 MHz, 497.96 W, 600.00 W, 600.00 W, 61, 33203 MiB, 100 %, 5, 16
2026/09/22 01:11:11.540, 0, P0, 2422 MHz, 12481 MHz, 507.86 W, 600.00 W, 600.00 W, 61, 33203 MiB, 100 %, 5, 16
2026/09/22 01:11:11.790, 0, P0, 2422 MHz, 12481 MHz, 506.46 W, 600.00 W, 600.00 W, 61, 33203 MiB, 100 %, 5, 16
2026/09/22 01:11:12.041, 0, P0, 2422 MHz, 12481 MHz, 463.80 W, 600.00 W, 600.00 W, 56, 33203 MiB, 97 %, 5, 16
2026/09/22 01:11:12.292, 0, P0, 2422 MHz, 12481 MHz, 428.89 W, 600.00 W, 600.00 W, 55, 33203 MiB, 97 %, 5, 16
2026/09/22 01:11:12.542, 0, P0, 2422 MHz, 12481 MHz, 379.65 W, 600.00 W, 600.00 W, 55, 33203 MiB, 97 %, 5, 16
2026/09/22 01:11:12.794, 0, P0, 2422 MHz, 12481 MHz, 344.74 W, 600.00 W, 600.00 W, 55, 33203 MiB, 97 %, 5, 16
2026/09/22 01:11:13.044, 0, P0, 2422 MHz, 12481 MHz, 335.60 W, 600.00 W, 600.00 W, 55, 33203 MiB, 97 %, 5, 16
2026/09/22 01:11:13.295, 0, P0, 2422 MHz, 12481 MHz, 336.14 W, 600.00 W, 600.00 W, 55, 33203 MiB, 97 %, 5, 16
2026/09/22 01:11:13.546, 0, P0, 2422 MHz, 12481 MHz, 335.72 W, 600.00 W, 600.00 W, 55, 33203 MiB, 97 %, 5, 16
2026/09/22 01:11:13.797, 0, P0, 2422 MHz, 12481 MHz, 335.69 W, 600.00 W, 600.00 W, 55, 33203 MiB, 97 %, 5, 16
2026/09/22 01:11:14.048, 0, P0, 2422 MHz, 12481 MHz, 335.46 W, 600.00 W, 600.00 W, 55, 33203 MiB, 97 %, 5, 16
2026/09/22 01:11:14.299, 0, P0, 2422 MHz, 12481 MHz, 335.11 W, 600.00 W, 600.00 W, 54, 33203 MiB, 97 %, 5, 16
2026/09/22 01:11:14.550, 0, P0, 2422 MHz, 12481 MHz, 335.62 W, 600.00 W, 600.00 W, 54, 33203 MiB, 97 %, 5, 16
2026/09/22 01:11:14.801, 0, P0, 2422 MHz, 12481 MHz, 333.87 W, 600.00 W, 600.00 W, 54, 33203 MiB, 97 %, 5, 16
2026/09/22 01:11:15.051, 0, P0, 2422 MHz, 12481 MHz, 334.27 W, 600.00 W, 600.00 W, 54, 33203 MiB, 97 %, 5, 16
2026/09/22 01:11:15.302, 0, P0, 2422 MHz, 12481 MHz, 335.18 W, 600.00 W, 600.00 W, 54, 33203 MiB, 97 %, 5, 16
2026/09/22 01:11:15.553, 0, P0, 2422 MHz, 12481 MHz, 335.42 W, 600.00 W, 600.00 W, 54, 33203 MiB, 97 %, 5, 16
2026/09/22 01:11:15.804, 0, P0, 2422 MHz, 12481 MHz, 335.82 W, 600.00 W, 600.00 W, 54, 33203 MiB, 97 %, 5, 16
2026/09/22 01:11:16.055, 0, P0, 2422 MHz, 12481 MHz, 334.69 W, 600.00 W, 600.00 W, 54, 33203 MiB, 97 %, 5, 16
2026/09/22 01:11:16.306, 0, P0, 2422 MHz, 12481 MHz, 334.12 W, 600.00 W, 600.00 W, 54, 33203 MiB, 97 %, 5, 16
2026/09/22 01:11:16.557, 0, P0, 2422 MHz, 12481 MHz, 332.97 W, 600.00 W, 600.00 W, 54, 33203 MiB, 97 %, 5, 16
2026/09/22 01:11:16.808, 0, P0, 2422 MHz, 12481 MHz, 332.92 W, 600.00 W, 600.00 W, 54, 33203 MiB, 97 %, 5, 16
2026/09/22 01:11:17.058, 0, P0, 2422 MHz, 12481 MHz, 333.68 W, 600.00 W, 600.00 W, 54, 33203 MiB, 97 %, 5, 16
2026/09/22 01:11:17.309, 0, P0, 2422 MHz, 12481 MHz, 333.25 W, 600.00 W, 600.00 W, 54, 33203 MiB, 97 %, 5, 16
2026/09/22 01:11:17.560, 0, P0, 2422 MHz, 12481 MHz, 333.24 W, 600.00 W, 600.00 W, 54, 33203 MiB, 97 %, 5, 16
2026/09/22 01:11:17.811, 0, P0, 2422 MHz, 12481 MHz, 333.39 W, 600.00 W, 600.00 W, 54, 33203 MiB, 97 %, 5, 16
2026/09/22 01:11:18.062, 0, P0, 2422 MHz, 12481 MHz, 332.89 W, 600.00 W, 600.00 W, 54, 33203 MiB, 97 %, 5, 16
2026/09/22 01:11:18.313, 0, P0, 2422 MHz, 12481 MHz, 333.44 W, 600.00 W, 600.00 W, 54, 33203 MiB, 97 %, 5, 16
2026/09/22 01:11:18.563, 0, P0, 2422 MHz, 12481 MHz, 333.43 W, 600.00 W, 600.00 W, 54, 33203 MiB, 97 %, 5, 16
2026/09/22 01:11:18.814, 0, P0, 2422 MHz, 12481 MHz, 332.93 W, 600.00 W, 600.00 W, 54, 33587 MiB, 97 %, 5, 16
2026/09/22 01:11:19.065, 0, P0, 2422 MHz, 12481 MHz, 373.98 W, 600.00 W, 600.00 W, 60, 33587 MiB, 100 %, 5, 16
2026/09/22 01:11:19.315, 0, P0, 2422 MHz, 12481 MHz, 408.92 W, 600.00 W, 600.00 W, 61, 33587 MiB, 100 %, 5, 16
2026/09/22 01:11:19.567, 0, P0, 2422 MHz, 12481 MHz, 462.12 W, 600.00 W, 600.00 W, 61, 33587 MiB, 100 %, 5, 16
2026/09/22 01:11:19.817, 0, P0, 2422 MHz, 12481 MHz, 494.74 W, 600.00 W, 600.00 W, 61, 33587 MiB, 100 %, 5, 16
2026/09/22 01:11:20.069, 0, P0, 2422 MHz, 12481 MHz, 508.66 W, 600.00 W, 600.00 W, 61, 33587 MiB, 100 %, 5, 16
2026/09/22 01:11:20.320, 0, P0, 2422 MHz, 12481 MHz, 507.23 W, 600.00 W, 600.00 W, 61, 33587 MiB, 100 %, 5, 16
2026/09/22 01:11:20.571, 0, P0, 2422 MHz, 12481 MHz, 465.28 W, 600.00 W, 600.00 W, 56, 33587 MiB, 97 %, 5, 16
2026/09/22 01:11:20.822, 0, P0, 2422 MHz, 12481 MHz, 431.48 W, 600.00 W, 600.00 W, 55, 33587 MiB, 97 %, 5, 16
2026/09/22 01:11:21.073, 0, P0, 2422 MHz, 12481 MHz, 381.97 W, 600.00 W, 600.00 W, 55, 33587 MiB, 97 %, 5, 16
2026/09/22 01:11:21.323, 0, P0, 2422 MHz, 12481 MHz, 347.53 W, 600.00 W, 600.00 W, 55, 33587 MiB, 97 %, 5, 16
2026/09/22 01:11:21.574, 0, P0, 2422 MHz, 12481 MHz, 336.26 W, 600.00 W, 600.00 W, 55, 33587 MiB, 97 %, 5, 16
2026/09/22 01:11:21.825, 0, P0, 2422 MHz, 12481 MHz, 337.98 W, 600.00 W, 600.00 W, 55, 33587 MiB, 97 %, 5, 16
2026/09/22 01:11:22.076, 0, P0, 2422 MHz, 12481 MHz, 337.00 W, 600.00 W, 600.00 W, 55, 33587 MiB, 97 %, 5, 16
2026/09/22 01:11:22.327, 0, P0, 2422 MHz, 12481 MHz, 337.23 W, 600.00 W, 600.00 W, 55, 33587 MiB, 97 %, 5, 16
2026/09/22 01:11:22.578, 0, P0, 2422 MHz, 12481 MHz, 337.09 W, 600.00 W, 600.00 W, 55, 33587 MiB, 97 %, 5, 16
2026/09/22 01:11:22.829, 0, P0, 2422 MHz, 12481 MHz, 336.39 W, 600.00 W, 600.00 W, 55, 33587 MiB, 97 %, 5, 16
2026/09/22 01:11:23.080, 0, P0, 2422 MHz, 12481 MHz, 336.61 W, 600.00 W, 600.00 W, 54, 33587 MiB, 97 %, 5, 16
2026/09/22 01:11:23.331, 0, P0, 2422 MHz, 12481 MHz, 335.57 W, 600.00 W, 600.00 W, 54, 33587 MiB, 97 %, 5, 16
2026/09/22 01:11:23.581, 0, P0, 2422 MHz, 12481 MHz, 335.05 W, 600.00 W, 600.00 W, 54, 33587 MiB, 97 %, 5, 16
2026/09/22 01:11:23.832, 0, P0, 2422 MHz, 12481 MHz, 334.93 W, 600.00 W, 600.00 W, 54, 33587 MiB, 97 %, 5, 16
2026/09/22 01:11:24.083, 0, P0, 2422 MHz, 12481 MHz, 335.88 W, 600.00 W, 600.00 W, 54, 33587 MiB, 97 %, 5, 16
2026/09/22 01:11:24.334, 0, P0, 2422 MHz, 12481 MHz, 334.51 W, 600.00 W, 600.00 W, 54, 33587 MiB, 97 %, 5, 16
2026/09/22 01:11:24.585, 0, P0, 2422 MHz, 12481 MHz, 334.63 W, 600.00 W, 600.00 W, 54, 33587 MiB, 97 %, 5, 16
2026/09/22 01:11:24.836, 0, P0, 2422 MHz, 12481 MHz, 333.92 W, 600.00 W, 600.00 W, 54, 33587 MiB, 97 %, 5, 16
2026/09/22 01:11:25.087, 0, P0, 2422 MHz, 12481 MHz, 332.42 W, 600.00 W, 600.00 W, 54, 33587 MiB, 97 %, 5, 16
2026/09/22 01:11:25.337, 0, P0, 2422 MHz, 12481 MHz, 333.07 W, 600.00 W, 600.00 W, 54, 33587 MiB, 97 %, 5, 16
2026/09/22 01:11:25.588, 0, P0, 2422 MHz, 12481 MHz, 333.74 W, 600.00 W, 600.00 W, 54, 33587 MiB, 97 %, 5, 16
2026/09/22 01:11:25.839, 0, P0, 2422 MHz, 12481 MHz, 333.27 W, 600.00 W, 600.00 W, 54, 33587 MiB, 97 %, 5, 16
2026/09/22 01:11:26.090, 0, P0, 2422 MHz, 12481 MHz, 333.63 W, 600.00 W, 600.00 W, 54, 33587 MiB, 97 %, 5, 16
2026/09/22 01:11:26.341, 0, P0, 2422 MHz, 12481 MHz, 333.72 W, 600.00 W, 600.00 W, 54, 33587 MiB, 97 %, 5, 16
2026/09/22 01:11:26.592, 0, P0, 2422 MHz, 12481 MHz, 332.83 W, 600.00 W, 600.00 W, 54, 33587 MiB, 97 %, 5, 16
2026/09/22 01:11:26.843, 0, P0, 2422 MHz, 12481 MHz, 333.34 W, 600.00 W, 600.00 W, 54, 33587 MiB, 97 %, 5, 16
2026/09/22 01:11:27.095, 0, P0, 2422 MHz, 12481 MHz, 333.08 W, 600.00 W, 600.00 W, 54, 33587 MiB, 97 %, 5, 16
2026/09/22 01:11:27.345, 0, P0, 2422 MHz, 12481 MHz, 332.58 W, 600.00 W, 600.00 W, 54, 33587 MiB, 97 %, 5, 16
2026/09/22 01:11:27.596, 0, P0, 2422 MHz, 12481 MHz, 351.62 W, 600.00 W, 600.00 W, 59, 33907 MiB, 89 %, 5, 16
2026/09/22 01:11:27.847, 0, P0, 2422 MHz, 12481 MHz, 386.96 W, 600.00 W, 600.00 W, 61, 33907 MiB, 100 %, 5, 16
2026/09/22 01:11:28.098, 0, P0, 2422 MHz, 12481 MHz, 439.92 W, 600.00 W, 600.00 W, 61, 33907 MiB, 100 %, 5, 16
2026/09/22 01:11:28.348, 0, P0, 2422 MHz, 12481 MHz, 472.68 W, 600.00 W, 600.00 W, 61, 33907 MiB, 100 %, 5, 16
2026/09/22 01:11:28.599, 0, P0, 2422 MHz, 12481 MHz, 509.55 W, 600.00 W, 600.00 W, 61, 33907 MiB, 100 %, 5, 16
2026/09/22 01:11:28.850, 0, P0, 2422 MHz, 12481 MHz, 507.33 W, 600.00 W, 600.00 W, 61, 33907 MiB, 100 %, 5, 16
2026/09/22 01:11:29.101, 0, P0, 2422 MHz, 12481 MHz, 487.10 W, 600.00 W, 600.00 W, 56, 33907 MiB, 98 %, 5, 16
2026/09/22 01:11:29.352, 0, P0, 2422 MHz, 12481 MHz, 450.25 W, 600.00 W, 600.00 W, 55, 33907 MiB, 97 %, 5, 16
2026/09/22 01:11:29.603, 0, P0, 2422 MHz, 12481 MHz, 401.03 W, 600.00 W, 600.00 W, 55, 33907 MiB, 97 %, 5, 16
2026/09/22 01:11:29.854, 0, P0, 2422 MHz, 12481 MHz, 366.94 W, 600.00 W, 600.00 W, 55, 33907 MiB, 97 %, 5, 16
2026/09/22 01:11:30.104, 0, P0, 2422 MHz, 12481 MHz, 333.30 W, 600.00 W, 600.00 W, 55, 33907 MiB, 97 %, 5, 16
2026/09/22 01:11:30.355, 0, P0, 2422 MHz, 12481 MHz, 336.22 W, 600.00 W, 600.00 W, 55, 33907 MiB, 97 %, 5, 16
2026/09/22 01:11:30.606, 0, P0, 2422 MHz, 12481 MHz, 336.07 W, 600.00 W, 600.00 W, 55, 33907 MiB, 97 %, 5, 16
2026/09/22 01:11:30.857, 0, P0, 2422 MHz, 12481 MHz, 336.26 W, 600.00 W, 600.00 W, 55, 33907 MiB, 97 %, 5, 16
2026/09/22 01:11:31.107, 0, P0, 2422 MHz, 12481 MHz, 335.16 W, 600.00 W, 600.00 W, 54, 33907 MiB, 97 %, 5, 16
2026/09/22 01:11:31.358, 0, P0, 2422 MHz, 12481 MHz, 335.25 W, 600.00 W, 600.00 W, 54, 33907 MiB, 97 %, 5, 16
2026/09/22 01:11:31.609, 0, P0, 2422 MHz, 12481 MHz, 335.37 W, 600.00 W, 600.00 W, 54, 33907 MiB, 97 %, 5, 16
2026/09/22 01:11:31.860, 0, P0, 2422 MHz, 12481 MHz, 335.63 W, 600.00 W, 600.00 W, 54, 33907 MiB, 97 %, 5, 16
2026/09/22 01:11:32.111, 0, P0, 2422 MHz, 12481 MHz, 335.95 W, 600.00 W, 600.00 W, 54, 33907 MiB, 97 %, 5, 16
2026/09/22 01:11:32.361, 0, P0, 2422 MHz, 12481 MHz, 336.73 W, 600.00 W, 600.00 W, 54, 33907 MiB, 97 %, 5, 16
2026/09/22 01:11:32.612, 0, P0, 2422 MHz, 12481 MHz, 336.88 W, 600.00 W, 600.00 W, 54, 33907 MiB, 97 %, 5, 16
2026/09/22 01:11:32.863, 0, P0, 2422 MHz, 12481 MHz, 335.89 W, 600.00 W, 600.00 W, 54, 33907 MiB, 97 %, 5, 16
2026/09/22 01:11:33.114, 0, P0, 2422 MHz, 12481 MHz, 336.21 W, 600.00 W, 600.00 W, 54, 33907 MiB, 97 %, 5, 16
2026/09/22 01:11:33.365, 0, P0, 2422 MHz, 12481 MHz, 334.34 W, 600.00 W, 600.00 W, 54, 33907 MiB, 97 %, 5, 16
2026/09/22 01:11:33.615, 0, P0, 2422 MHz, 12481 MHz, 332.99 W, 600.00 W, 600.00 W, 54, 33907 MiB, 97 %, 5, 16
2026/09/22 01:11:33.866, 0, P0, 2422 MHz, 12481 MHz, 332.54 W, 600.00 W, 600.00 W, 54, 33907 MiB, 97 %, 5, 16
2026/09/22 01:11:34.117, 0, P0, 2422 MHz, 12481 MHz, 332.64 W, 600.00 W, 600.00 W, 54, 33907 MiB, 97 %, 5, 16
2026/09/22 01:11:34.368, 0, P0, 2422 MHz, 12481 MHz, 333.04 W, 600.00 W, 600.00 W, 54, 33907 MiB, 97 %, 5, 16
2026/09/22 01:11:34.619, 0, P0, 2422 MHz, 12481 MHz, 332.58 W, 600.00 W, 600.00 W, 54, 33907 MiB, 97 %, 5, 16
2026/09/22 01:11:34.869, 0, P0, 2422 MHz, 12481 MHz, 333.65 W, 600.00 W, 600.00 W, 54, 33907 MiB, 97 %, 5, 16
2026/09/22 01:11:35.120, 0, P0, 2422 MHz, 12481 MHz, 333.61 W, 600.00 W, 600.00 W, 54, 33907 MiB, 97 %, 5, 16
2026/09/22 01:11:35.371, 0, P0, 2422 MHz, 12481 MHz, 359.62 W, 600.00 W, 600.00 W, 59, 34259 MiB, 90 %, 5, 16
2026/09/22 01:11:35.622, 0, P0, 2422 MHz, 12481 MHz, 395.07 W, 600.00 W, 600.00 W, 61, 34259 MiB, 100 %, 5, 16
2026/09/22 01:11:35.872, 0, P0, 2422 MHz, 12481 MHz, 447.77 W, 600.00 W, 600.00 W, 62, 34259 MiB, 100 %, 5, 16
2026/09/22 01:11:36.123, 0, P0, 2422 MHz, 12481 MHz, 482.80 W, 600.00 W, 600.00 W, 61, 34259 MiB, 100 %, 5, 16
2026/09/22 01:11:36.373, 0, P0, 2422 MHz, 12481 MHz, 509.10 W, 600.00 W, 600.00 W, 61, 34259 MiB, 100 %, 5, 16
2026/09/22 01:11:36.624, 0, P0, 2422 MHz, 12481 MHz, 507.52 W, 600.00 W, 600.00 W, 61, 34259 MiB, 100 %, 5, 16
2026/09/22 01:11:36.875, 0, P0, 2422 MHz, 12481 MHz, 477.66 W, 600.00 W, 600.00 W, 56, 34259 MiB, 97 %, 5, 16
2026/09/22 01:11:37.125, 0, P0, 2422 MHz, 12481 MHz, 444.29 W, 600.00 W, 600.00 W, 55, 34259 MiB, 97 %, 5, 16
2026/09/22 01:11:37.376, 0, P0, 2422 MHz, 12481 MHz, 393.60 W, 600.00 W, 600.00 W, 55, 34259 MiB, 97 %, 5, 16
2026/09/22 01:11:37.627, 0, P0, 2422 MHz, 12481 MHz, 361.42 W, 600.00 W, 600.00 W, 55, 34259 MiB, 97 %, 5, 16
2026/09/22 01:11:37.878, 0, P0, 2422 MHz, 12481 MHz, 335.60 W, 600.00 W, 600.00 W, 55, 34259 MiB, 97 %, 5, 16
2026/09/22 01:11:38.129, 0, P0, 2422 MHz, 12481 MHz, 336.56 W, 600.00 W, 600.00 W, 55, 34259 MiB, 97 %, 5, 16
2026/09/22 01:11:38.379, 0, P0, 2422 MHz, 12481 MHz, 336.35 W, 600.00 W, 600.00 W, 55, 34259 MiB, 97 %, 5, 16
2026/09/22 01:11:38.630, 0, P0, 2422 MHz, 12481 MHz, 335.77 W, 600.00 W, 600.00 W, 55, 34259 MiB, 97 %, 5, 16
2026/09/22 01:11:38.881, 0, P0, 2422 MHz, 12481 MHz, 335.93 W, 600.00 W, 600.00 W, 55, 34259 MiB, 97 %, 5, 16
2026/09/22 01:11:39.132, 0, P0, 2422 MHz, 12481 MHz, 336.11 W, 600.00 W, 600.00 W, 55, 34259 MiB, 97 %, 5, 16
2026/09/22 01:11:39.383, 0, P0, 2422 MHz, 12481 MHz, 335.60 W, 600.00 W, 600.00 W, 55, 34259 MiB, 97 %, 5, 16
2026/09/22 01:11:39.633, 0, P0, 2422 MHz, 12481 MHz, 336.07 W, 600.00 W, 600.00 W, 55, 34259 MiB, 97 %, 5, 16
2026/09/22 01:11:39.884, 0, P0, 2422 MHz, 12481 MHz, 336.29 W, 600.00 W, 600.00 W, 55, 34259 MiB, 97 %, 5, 16
2026/09/22 01:11:40.135, 0, P0, 2422 MHz, 12481 MHz, 334.74 W, 600.00 W, 600.00 W, 55, 34259 MiB, 97 %, 5, 16
2026/09/22 01:11:40.386, 0, P0, 2422 MHz, 12481 MHz, 336.54 W, 600.00 W, 600.00 W, 55, 34259 MiB, 97 %, 5, 16
2026/09/22 01:11:40.637, 0, P0, 2422 MHz, 12481 MHz, 335.98 W, 600.00 W, 600.00 W, 54, 34259 MiB, 97 %, 5, 16
2026/09/22 01:11:40.888, 0, P0, 2422 MHz, 12481 MHz, 335.30 W, 600.00 W, 600.00 W, 54, 34259 MiB, 97 %, 5, 16
2026/09/22 01:11:41.138, 0, P0, 2422 MHz, 12481 MHz, 335.76 W, 600.00 W, 600.00 W, 54, 34259 MiB, 97 %, 5, 16
2026/09/22 01:11:41.389, 0, P0, 2422 MHz, 12481 MHz, 333.52 W, 600.00 W, 600.00 W, 54, 34259 MiB, 97 %, 5, 16
2026/09/22 01:11:41.640, 0, P0, 2422 MHz, 12481 MHz, 333.47 W, 600.00 W, 600.00 W, 54, 34259 MiB, 97 %, 5, 16
2026/09/22 01:11:41.891, 0, P0, 2422 MHz, 12481 MHz, 355.18 W, 600.00 W, 600.00 W, 61, 34259 MiB, 100 %, 5, 16
2026/09/22 01:11:42.141, 0, P0, 2422 MHz, 12481 MHz, 390.22 W, 600.00 W, 600.00 W, 60, 34259 MiB, 100 %, 5, 16
2026/09/22 01:11:42.392, 0, P0, 2422 MHz, 12481 MHz, 443.95 W, 600.00 W, 600.00 W, 62, 34259 MiB, 100 %, 5, 16
2026/09/22 01:11:42.642, 0, P0, 2422 MHz, 12481 MHz, 476.46 W, 600.00 W, 600.00 W, 62, 34259 MiB, 100 %, 5, 16
2026/09/22 01:11:42.894, 0, P0, 2422 MHz, 12481 MHz, 509.52 W, 600.00 W, 600.00 W, 62, 34259 MiB, 100 %, 5, 16
2026/09/22 01:11:43.145, 0, P0, 2422 MHz, 12481 MHz, 507.62 W, 600.00 W, 600.00 W, 62, 34259 MiB, 100 %, 5, 16
2026/09/22 01:11:43.395, 0, P0, 2422 MHz, 12481 MHz, 481.74 W, 600.00 W, 600.00 W, 56, 34259 MiB, 100 %, 5, 16
2026/09/22 01:11:43.647, 0, P0, 2422 MHz, 12481 MHz, 448.82 W, 600.00 W, 600.00 W, 56, 34259 MiB, 97 %, 5, 16
2026/09/22 01:11:43.898, 0, P0, 2422 MHz, 12481 MHz, 397.86 W, 600.00 W, 600.00 W, 55, 34259 MiB, 97 %, 5, 16
2026/09/22 01:11:44.149, 0, P0, 2422 MHz, 12481 MHz, 362.75 W, 600.00 W, 600.00 W, 55, 34259 MiB, 97 %, 5, 16
2026/09/22 01:11:44.399, 0, P0, 2422 MHz, 12481 MHz, 336.72 W, 600.00 W, 600.00 W, 55, 34259 MiB, 97 %, 5, 16
2026/09/22 01:11:44.650, 0, P0, 2422 MHz, 12481 MHz, 335.98 W, 600.00 W, 600.00 W, 55, 34259 MiB, 97 %, 5, 16
2026/09/22 01:11:44.901, 0, P0, 2422 MHz, 12481 MHz, 364.92 W, 600.00 W, 600.00 W, 61, 34259 MiB, 100 %, 5, 16
2026/09/22 01:11:45.152, 0, P0, 2422 MHz, 12481 MHz, 400.77 W, 600.00 W, 600.00 W, 62, 34259 MiB, 100 %, 5, 16
2026/09/22 01:11:45.402, 0, P0, 2422 MHz, 12481 MHz, 450.90 W, 600.00 W, 600.00 W, 62, 34259 MiB, 100 %, 5, 16
2026/09/22 01:11:45.653, 0, P0, 2422 MHz, 12481 MHz, 488.06 W, 600.00 W, 600.00 W, 62, 34259 MiB, 100 %, 5, 16
2026/09/22 01:11:45.903, 0, P0, 2422 MHz, 12481 MHz, 510.61 W, 600.00 W, 600.00 W, 62, 34259 MiB, 100 %, 5, 16
2026/09/22 01:11:46.154, 0, P0, 2422 MHz, 12481 MHz, 509.22 W, 600.00 W, 600.00 W, 62, 34259 MiB, 100 %, 5, 16
2026/09/22 01:11:46.404, 0, P0, 2422 MHz, 12481 MHz, 476.42 W, 600.00 W, 600.00 W, 56, 34259 MiB, 99 %, 5, 16
2026/09/22 01:11:46.655, 0, P0, 2422 MHz, 12481 MHz, 442.73 W, 600.00 W, 600.00 W, 56, 34259 MiB, 97 %, 5, 16
2026/09/22 01:11:46.906, 0, P0, 2422 MHz, 12481 MHz, 391.60 W, 600.00 W, 600.00 W, 56, 34259 MiB, 97 %, 5, 16
2026/09/22 01:11:47.157, 0, P0, 2422 MHz, 12481 MHz, 359.69 W, 600.00 W, 600.00 W, 55, 34259 MiB, 97 %, 5, 16
2026/09/22 01:11:47.408, 0, P0, 2422 MHz, 12481 MHz, 336.23 W, 600.00 W, 600.00 W, 55, 34259 MiB, 97 %, 5, 16
2026/09/22 01:11:47.659, 0, P0, 2422 MHz, 12481 MHz, 336.20 W, 600.00 W, 600.00 W, 55, 34259 MiB, 97 %, 5, 16
2026/09/22 01:11:47.909, 0, P0, 2422 MHz, 12481 MHz, 370.57 W, 600.00 W, 600.00 W, 62, 34259 MiB, 100 %, 5, 16
2026/09/22 01:11:48.160, 0, P0, 2422 MHz, 12481 MHz, 405.97 W, 600.00 W, 600.00 W, 62, 34259 MiB, 100 %, 5, 16
2026/09/22 01:11:48.410, 0, P0, 2422 MHz, 12481 MHz, 458.99 W, 600.00 W, 600.00 W, 62, 34259 MiB, 100 %, 5, 16
2026/09/22 01:11:48.661, 0, P0, 2422 MHz, 12481 MHz, 494.23 W, 600.00 W, 600.00 W, 62, 34259 MiB, 100 %, 5, 16
2026/09/22 01:11:48.911, 0, P0, 2422 MHz, 12481 MHz, 510.40 W, 600.00 W, 600.00 W, 63, 34259 MiB, 100 %, 5, 16
2026/09/22 01:11:49.162, 0, P0, 2422 MHz, 12481 MHz, 508.31 W, 600.00 W, 600.00 W, 62, 34259 MiB, 100 %, 5, 16
2026/09/22 01:11:49.412, 0, P0, 2422 MHz, 12481 MHz, 471.20 W, 600.00 W, 600.00 W, 56, 34259 MiB, 98 %, 5, 16
2026/09/22 01:11:49.663, 0, P0, 2422 MHz, 12481 MHz, 436.56 W, 600.00 W, 600.00 W, 56, 34259 MiB, 97 %, 5, 16
2026/09/22 01:11:49.914, 0, P0, 2422 MHz, 12481 MHz, 383.25 W, 600.00 W, 600.00 W, 56, 34259 MiB, 97 %, 5, 16
2026/09/22 01:11:50.165, 0, P0, 2422 MHz, 12481 MHz, 352.82 W, 600.00 W, 600.00 W, 56, 34259 MiB, 97 %, 5, 16
2026/09/22 01:11:50.416, 0, P0, 2422 MHz, 12481 MHz, 335.57 W, 600.00 W, 600.00 W, 55, 34259 MiB, 97 %, 5, 16
2026/09/22 01:11:50.667, 0, P0, 2422 MHz, 12481 MHz, 336.30 W, 600.00 W, 600.00 W, 55, 34259 MiB, 97 %, 5, 16
2026/09/22 01:11:50.917, 0, P0, 2422 MHz, 12481 MHz, 377.61 W, 600.00 W, 600.00 W, 61, 34259 MiB, 100 %, 5, 16
2026/09/22 01:11:51.168, 0, P0, 2422 MHz, 12481 MHz, 413.38 W, 600.00 W, 600.00 W, 62, 34259 MiB, 100 %, 5, 16
2026/09/22 01:11:51.420, 0, P0, 2422 MHz, 12481 MHz, 466.01 W, 600.00 W, 600.00 W, 61, 34259 MiB, 100 %, 5, 16
2026/09/22 01:11:51.671, 0, P0, 2422 MHz, 12481 MHz, 500.49 W, 600.00 W, 600.00 W, 63, 34259 MiB, 100 %, 5, 16
2026/09/22 01:11:51.921, 0, P0, 2422 MHz, 12481 MHz, 509.68 W, 600.00 W, 600.00 W, 62, 34259 MiB, 100 %, 5, 16
2026/09/22 01:11:52.172, 0, P0, 2422 MHz, 12481 MHz, 507.90 W, 600.00 W, 600.00 W, 62, 34259 MiB, 100 %, 5, 16
2026/09/22 01:11:52.422, 0, P0, 2422 MHz, 12481 MHz, 464.20 W, 600.00 W, 600.00 W, 56, 34259 MiB, 97 %, 5, 16
2026/09/22 01:11:52.673, 0, P0, 2422 MHz, 12481 MHz, 429.73 W, 600.00 W, 600.00 W, 56, 34259 MiB, 97 %, 5, 16
2026/09/22 01:11:52.924, 0, P0, 2422 MHz, 12481 MHz, 378.11 W, 600.00 W, 600.00 W, 56, 34259 MiB, 97 %, 5, 16
2026/09/22 01:11:53.174, 0, P0, 2422 MHz, 12481 MHz, 348.65 W, 600.00 W, 600.00 W, 56, 34259 MiB, 97 %, 5, 16
2026/09/22 01:11:53.425, 0, P0, 2422 MHz, 12481 MHz, 337.02 W, 600.00 W, 600.00 W, 56, 34259 MiB, 97 %, 5, 16
2026/09/22 01:11:53.676, 0, P0, 2422 MHz, 12481 MHz, 352.81 W, 600.00 W, 600.00 W, 55, 34259 MiB, 97 %, 5, 16
2026/09/22 01:11:53.927, 0, P0, 2422 MHz, 12481 MHz, 386.65 W, 600.00 W, 600.00 W, 62, 34259 MiB, 100 %, 5, 16
2026/09/22 01:11:54.177, 0, P0, 2422 MHz, 12481 MHz, 420.52 W, 600.00 W, 600.00 W, 62, 34259 MiB, 100 %, 5, 16
2026/09/22 01:11:54.428, 0, P0, 2422 MHz, 12481 MHz, 472.51 W, 600.00 W, 600.00 W, 63, 34259 MiB, 100 %, 5, 16
2026/09/22 01:11:54.678, 0, P0, 2422 MHz, 12481 MHz, 511.45 W, 600.00 W, 600.00 W, 62, 34259 MiB, 100 %, 5, 16
2026/09/22 01:11:54.929, 0, P0, 2422 MHz, 12481 MHz, 509.77 W, 600.00 W, 600.00 W, 63, 34259 MiB, 100 %, 5, 16
2026/09/22 01:11:55.180, 0, P0, 2422 MHz, 12481 MHz, 488.54 W, 600.00 W, 600.00 W, 62, 34259 MiB, 100 %, 5, 16
2026/09/22 01:11:55.431, 0, P0, 2422 MHz, 12481 MHz, 454.77 W, 600.00 W, 600.00 W, 56, 34259 MiB, 97 %, 5, 16
2026/09/22 01:11:55.681, 0, P0, 2422 MHz, 12481 MHz, 401.68 W, 600.00 W, 600.00 W, 56, 34259 MiB, 97 %, 5, 16
2026/09/22 01:11:55.932, 0, P0, 2422 MHz, 12481 MHz, 371.31 W, 600.00 W, 600.00 W, 56, 34259 MiB, 97 %, 5, 16
2026/09/22 01:11:56.183, 0, P0, 2422 MHz, 12481 MHz, 336.14 W, 600.00 W, 600.00 W, 56, 34259 MiB, 97 %, 5, 16
2026/09/22 01:11:56.434, 0, P0, 2422 MHz, 12481 MHz, 337.24 W, 600.00 W, 600.00 W, 56, 34259 MiB, 97 %, 5, 16
2026/09/22 01:11:56.685, 0, P0, 2422 MHz, 12481 MHz, 294.82 W, 600.00 W, 600.00 W, 52, 34259 MiB, 0 %, 5, 16
2026/09/22 01:11:56.935, 0, P0, 2422 MHz, 12481 MHz, 247.02 W, 600.00 W, 600.00 W, 51, 34259 MiB, 0 %, 5, 16
2026/09/22 01:11:57.186, 0, P0, 2422 MHz, 12481 MHz, 174.76 W, 600.00 W, 600.00 W, 51, 34259 MiB, 0 %, 5, 16
2026/09/22 01:11:57.436, 0, P0, 2422 MHz, 12481 MHz, 126.02 W, 600.00 W, 600.00 W, 51, 34259 MiB, 0 %, 5, 16
2026/09/22 01:11:57.686, 0, P0, 2422 MHz, 12481 MHz, 121.99 W, 600.00 W, 600.00 W, 54, 34515 MiB, 98 %, 5, 16
2026/09/22 01:11:57.937, 0, P0, 2422 MHz, 12481 MHz, 170.81 W, 600.00 W, 600.00 W, 54, 34515 MiB, 97 %, 5, 16
2026/09/22 01:11:58.188, 0, P0, 2422 MHz, 12481 MHz, 243.84 W, 600.00 W, 600.00 W, 55, 34515 MiB, 97 %, 5, 16
2026/09/22 01:11:58.439, 0, P0, 2422 MHz, 12481 MHz, 292.48 W, 600.00 W, 600.00 W, 55, 34515 MiB, 97 %, 5, 16
2026/09/22 01:11:58.690, 0, P0, 2422 MHz, 12481 MHz, 333.01 W, 600.00 W, 600.00 W, 55, 34515 MiB, 97 %, 5, 16
2026/09/22 01:11:58.941, 0, P0, 2422 MHz, 12481 MHz, 333.52 W, 600.00 W, 600.00 W, 55, 34515 MiB, 97 %, 5, 16
2026/09/22 01:11:59.191, 0, P0, 2422 MHz, 12481 MHz, 333.09 W, 600.00 W, 600.00 W, 55, 34515 MiB, 97 %, 5, 16
2026/09/22 01:11:59.442, 0, P0, 2422 MHz, 12481 MHz, 333.11 W, 600.00 W, 600.00 W, 55, 34515 MiB, 97 %, 5, 16
2026/09/22 01:11:59.693, 0, P0, 2422 MHz, 12481 MHz, 333.30 W, 600.00 W, 600.00 W, 55, 34515 MiB, 97 %, 5, 16
2026/09/22 01:11:59.944, 0, P0, 2422 MHz, 12481 MHz, 332.93 W, 600.00 W, 600.00 W, 55, 34515 MiB, 97 %, 5, 16
2026/09/22 01:12:00.195, 0, P0, 2422 MHz, 12481 MHz, 333.04 W, 600.00 W, 600.00 W, 54, 34515 MiB, 97 %, 5, 16
2026/09/22 01:12:00.446, 0, P0, 2422 MHz, 12481 MHz, 332.91 W, 600.00 W, 600.00 W, 54, 34515 MiB, 97 %, 5, 16
2026/09/22 01:12:00.697, 0, P0, 2422 MHz, 12481 MHz, 332.53 W, 600.00 W, 600.00 W, 54, 34515 MiB, 97 %, 5, 16
2026/09/22 01:12:00.948, 0, P0, 2422 MHz, 12481 MHz, 332.30 W, 600.00 W, 600.00 W, 54, 34515 MiB, 97 %, 5, 16
2026/09/22 01:12:01.199, 0, P0, 2422 MHz, 12481 MHz, 332.29 W, 600.00 W, 600.00 W, 54, 34515 MiB, 97 %, 5, 16
2026/09/22 01:12:01.449, 0, P0, 2422 MHz, 12481 MHz, 332.48 W, 600.00 W, 600.00 W, 54, 34515 MiB, 97 %, 5, 16
2026/09/22 01:12:01.700, 0, P0, 2422 MHz, 12481 MHz, 332.74 W, 600.00 W, 600.00 W, 54, 34515 MiB, 97 %, 5, 16
2026/09/22 01:12:01.951, 0, P0, 2422 MHz, 12481 MHz, 332.77 W, 600.00 W, 600.00 W, 54, 34515 MiB, 97 %, 5, 16
2026/09/22 01:12:02.202, 0, P0, 2422 MHz, 12481 MHz, 333.10 W, 600.00 W, 600.00 W, 54, 34515 MiB, 97 %, 5, 16
2026/09/22 01:12:02.453, 0, P0, 2422 MHz, 12481 MHz, 333.08 W, 600.00 W, 600.00 W, 54, 34515 MiB, 97 %, 5, 16
2026/09/22 01:12:02.704, 0, P0, 2422 MHz, 12481 MHz, 332.78 W, 600.00 W, 600.00 W, 54, 34515 MiB, 97 %, 5, 16
2026/09/22 01:12:02.955, 0, P0, 2422 MHz, 12481 MHz, 332.02 W, 600.00 W, 600.00 W, 54, 34515 MiB, 97 %, 5, 16
2026/09/22 01:12:03.205, 0, P0, 2422 MHz, 12481 MHz, 322.19 W, 600.00 W, 600.00 W, 54, 34515 MiB, 97 %, 5, 16
2026/09/22 01:12:03.456, 0, P0, 2422 MHz, 12481 MHz, 321.42 W, 600.00 W, 600.00 W, 54, 34515 MiB, 97 %, 5, 16
2026/09/22 01:12:03.707, 0, P0, 2422 MHz, 12481 MHz, 322.13 W, 600.00 W, 600.00 W, 54, 34515 MiB, 97 %, 5, 16
2026/09/22 01:12:03.958, 0, P0, 2422 MHz, 12481 MHz, 323.01 W, 600.00 W, 600.00 W, 54, 34515 MiB, 97 %, 5, 16
2026/09/22 01:12:04.209, 0, P0, 2422 MHz, 12481 MHz, 332.74 W, 600.00 W, 600.00 W, 54, 34515 MiB, 97 %, 5, 16
2026/09/22 01:12:04.460, 0, P0, 2422 MHz, 12481 MHz, 333.11 W, 600.00 W, 600.00 W, 54, 34515 MiB, 97 %, 5, 16
2026/09/22 01:12:04.711, 0, P0, 2422 MHz, 12481 MHz, 332.56 W, 600.00 W, 600.00 W, 54, 34515 MiB, 97 %, 5, 16
2026/09/22 01:12:04.961, 0, P0, 2422 MHz, 12481 MHz, 332.60 W, 600.00 W, 600.00 W, 54, 34515 MiB, 97 %, 5, 16
2026/09/22 01:12:05.212, 0, P0, 2422 MHz, 12481 MHz, 332.09 W, 600.00 W, 600.00 W, 54, 34515 MiB, 97 %, 5, 16
2026/09/22 01:12:05.463, 0, P0, 2422 MHz, 12481 MHz, 332.12 W, 600.00 W, 600.00 W, 54, 34515 MiB, 97 %, 5, 16
2026/09/22 01:12:05.714, 0, P0, 2422 MHz, 12481 MHz, 332.26 W, 600.00 W, 600.00 W, 54, 34515 MiB, 97 %, 5, 16
2026/09/22 01:12:05.965, 0, P0, 2422 MHz, 12481 MHz, 332.06 W, 600.00 W, 600.00 W, 54, 34515 MiB, 97 %, 5, 16
2026/09/22 01:12:06.216, 0, P0, 2422 MHz, 12481 MHz, 332.58 W, 600.00 W, 600.00 W, 54, 34515 MiB, 97 %, 5, 16
2026/09/22 01:12:06.467, 0, P0, 2422 MHz, 12481 MHz, 326.64 W, 600.00 W, 600.00 W, 54, 34611 MiB, 97 %, 5, 16
2026/09/22 01:12:06.718, 0, P0, 2422 MHz, 12481 MHz, 322.81 W, 600.00 W, 600.00 W, 54, 34611 MiB, 97 %, 5, 16
2026/09/22 01:12:06.968, 0, P0, 2422 MHz, 12481 MHz, 322.46 W, 600.00 W, 600.00 W, 54, 34611 MiB, 97 %, 5, 16
2026/09/22 01:12:07.220, 0, P0, 2422 MHz, 12481 MHz, 322.22 W, 600.00 W, 600.00 W, 54, 34611 MiB, 97 %, 5, 16
2026/09/22 01:12:07.470, 0, P0, 2422 MHz, 12481 MHz, 327.11 W, 600.00 W, 600.00 W, 54, 34611 MiB, 97 %, 5, 16
2026/09/22 01:12:07.721, 0, P0, 2422 MHz, 12481 MHz, 331.63 W, 600.00 W, 600.00 W, 54, 34611 MiB, 97 %, 5, 16
2026/09/22 01:12:07.972, 0, P0, 2422 MHz, 12481 MHz, 331.96 W, 600.00 W, 600.00 W, 54, 34611 MiB, 97 %, 5, 16
2026/09/22 01:12:08.223, 0, P0, 2422 MHz, 12481 MHz, 332.03 W, 600.00 W, 600.00 W, 54, 34611 MiB, 97 %, 5, 16
2026/09/22 01:12:08.474, 0, P0, 2422 MHz, 12481 MHz, 332.15 W, 600.00 W, 600.00 W, 54, 34611 MiB, 97 %, 5, 16
2026/09/22 01:12:08.725, 0, P0, 2422 MHz, 12481 MHz, 332.26 W, 600.00 W, 600.00 W, 54, 34611 MiB, 97 %, 5, 16
2026/09/22 01:12:08.976, 0, P0, 2422 MHz, 12481 MHz, 332.09 W, 600.00 W, 600.00 W, 54, 34611 MiB, 97 %, 5, 16
2026/09/22 01:12:09.227, 0, P0, 2422 MHz, 12481 MHz, 332.13 W, 600.00 W, 600.00 W, 54, 34611 MiB, 97 %, 5, 16
2026/09/22 01:12:09.478, 0, P0, 2422 MHz, 12481 MHz, 332.02 W, 600.00 W, 600.00 W, 54, 34611 MiB, 97 %, 5, 16
2026/09/22 01:12:09.728, 0, P0, 2422 MHz, 12481 MHz, 322.39 W, 600.00 W, 600.00 W, 54, 34771 MiB, 98 %, 5, 16
2026/09/22 01:12:09.979, 0, P0, 2422 MHz, 12481 MHz, 322.06 W, 600.00 W, 600.00 W, 54, 34771 MiB, 97 %, 5, 16
2026/09/22 01:12:10.230, 0, P0, 2422 MHz, 12481 MHz, 322.93 W, 600.00 W, 600.00 W, 54, 34771 MiB, 97 %, 5, 16
2026/09/22 01:12:10.481, 0, P0, 2422 MHz, 12481 MHz, 322.78 W, 600.00 W, 600.00 W, 54, 34771 MiB, 97 %, 5, 16
2026/09/22 01:12:10.732, 0, P0, 2422 MHz, 12481 MHz, 331.33 W, 600.00 W, 600.00 W, 54, 34771 MiB, 97 %, 5, 16
2026/09/22 01:12:10.983, 0, P0, 2422 MHz, 12481 MHz, 332.93 W, 600.00 W, 600.00 W, 54, 34771 MiB, 97 %, 5, 16
2026/09/22 01:12:11.234, 0, P0, 2422 MHz, 12481 MHz, 332.49 W, 600.00 W, 600.00 W, 54, 34771 MiB, 97 %, 5, 16
2026/09/22 01:12:11.484, 0, P0, 2422 MHz, 12481 MHz, 332.57 W, 600.00 W, 600.00 W, 54, 34771 MiB, 97 %, 5, 16
2026/09/22 01:12:11.735, 0, P0, 2422 MHz, 12481 MHz, 332.44 W, 600.00 W, 600.00 W, 54, 34771 MiB, 97 %, 5, 16
2026/09/22 01:12:11.986, 0, P0, 2422 MHz, 12481 MHz, 332.27 W, 600.00 W, 600.00 W, 54, 34771 MiB, 97 %, 5, 16
2026/09/22 01:12:12.237, 0, P0, 2422 MHz, 12481 MHz, 332.11 W, 600.00 W, 600.00 W, 54, 34771 MiB, 97 %, 5, 16
2026/09/22 01:12:12.488, 0, P0, 2422 MHz, 12481 MHz, 332.11 W, 600.00 W, 600.00 W, 54, 34771 MiB, 97 %, 5, 16
2026/09/22 01:12:12.739, 0, P0, 2422 MHz, 12481 MHz, 332.18 W, 600.00 W, 600.00 W, 54, 34771 MiB, 97 %, 5, 16
2026/09/22 01:12:12.990, 0, P0, 2422 MHz, 12481 MHz, 332.12 W, 600.00 W, 600.00 W, 54, 34771 MiB, 97 %, 5, 16
2026/09/22 01:12:13.241, 0, P0, 2422 MHz, 12481 MHz, 332.11 W, 600.00 W, 600.00 W, 54, 34771 MiB, 97 %, 5, 16
2026/09/22 01:12:13.492, 0, P0, 2422 MHz, 12481 MHz, 332.19 W, 600.00 W, 600.00 W, 54, 34771 MiB, 97 %, 5, 16
2026/09/22 01:12:13.743, 0, P0, 2422 MHz, 12481 MHz, 332.24 W, 600.00 W, 600.00 W, 54, 34771 MiB, 97 %, 5, 16
2026/09/22 01:12:13.993, 0, P0, 2422 MHz, 12481 MHz, 332.33 W, 600.00 W, 600.00 W, 54, 34771 MiB, 97 %, 5, 16
2026/09/22 01:12:14.244, 0, P0, 2422 MHz, 12481 MHz, 332.06 W, 600.00 W, 600.00 W, 54, 34771 MiB, 97 %, 5, 16
2026/09/22 01:12:14.495, 0, P0, 2422 MHz, 12481 MHz, 331.70 W, 600.00 W, 600.00 W, 54, 34771 MiB, 97 %, 5, 16
2026/09/22 01:12:14.746, 0, P0, 2422 MHz, 12481 MHz, 331.66 W, 600.00 W, 600.00 W, 54, 34771 MiB, 97 %, 5, 16
2026/09/22 01:12:14.997, 0, P0, 2422 MHz, 12481 MHz, 331.75 W, 600.00 W, 600.00 W, 54, 34771 MiB, 97 %, 5, 16
2026/09/22 01:12:15.248, 0, P0, 2422 MHz, 12481 MHz, 331.90 W, 600.00 W, 600.00 W, 54, 34771 MiB, 97 %, 5, 16
2026/09/22 01:12:15.499, 0, P0, 2422 MHz, 12481 MHz, 332.35 W, 600.00 W, 600.00 W, 54, 34771 MiB, 97 %, 5, 16
2026/09/22 01:12:15.750, 0, P0, 2422 MHz, 12481 MHz, 332.68 W, 600.00 W, 600.00 W, 54, 34771 MiB, 97 %, 5, 16
2026/09/22 01:12:16.001, 0, P0, 2422 MHz, 12481 MHz, 332.51 W, 600.00 W, 600.00 W, 54, 34771 MiB, 97 %, 5, 16
2026/09/22 01:12:16.252, 0, P0, 2422 MHz, 12481 MHz, 332.51 W, 600.00 W, 600.00 W, 54, 34771 MiB, 97 %, 5, 16
2026/09/22 01:12:16.502, 0, P0, 2422 MHz, 12481 MHz, 321.10 W, 600.00 W, 600.00 W, 54, 34963 MiB, 97 %, 5, 16
2026/09/22 01:12:16.753, 0, P0, 2422 MHz, 12481 MHz, 320.33 W, 600.00 W, 600.00 W, 54, 34963 MiB, 97 %, 5, 16
2026/09/22 01:12:17.004, 0, P0, 2422 MHz, 12481 MHz, 320.45 W, 600.00 W, 600.00 W, 54, 34963 MiB, 97 %, 5, 16
2026/09/22 01:12:17.255, 0, P0, 2422 MHz, 12481 MHz, 320.66 W, 600.00 W, 600.00 W, 54, 34963 MiB, 97 %, 5, 16
2026/09/22 01:12:17.506, 0, P0, 2422 MHz, 12481 MHz, 331.24 W, 600.00 W, 600.00 W, 54, 34963 MiB, 97 %, 5, 16
2026/09/22 01:12:17.757, 0, P0, 2422 MHz, 12481 MHz, 331.58 W, 600.00 W, 600.00 W, 54, 34963 MiB, 97 %, 5, 16
2026/09/22 01:12:18.008, 0, P0, 2422 MHz, 12481 MHz, 331.95 W, 600.00 W, 600.00 W, 54, 34963 MiB, 97 %, 5, 16
2026/09/22 01:12:18.258, 0, P0, 2422 MHz, 12481 MHz, 331.86 W, 600.00 W, 600.00 W, 54, 34963 MiB, 97 %, 5, 16
2026/09/22 01:12:18.509, 0, P0, 2422 MHz, 12481 MHz, 332.33 W, 600.00 W, 600.00 W, 54, 34963 MiB, 97 %, 5, 16
2026/09/22 01:12:18.760, 0, P0, 2422 MHz, 12481 MHz, 332.29 W, 600.00 W, 600.00 W, 54, 34963 MiB, 97 %, 5, 16
2026/09/22 01:12:19.011, 0, P0, 2422 MHz, 12481 MHz, 332.12 W, 600.00 W, 600.00 W, 54, 34963 MiB, 97 %, 5, 16
2026/09/22 01:12:19.262, 0, P0, 2422 MHz, 12481 MHz, 332.46 W, 600.00 W, 600.00 W, 54, 34963 MiB, 97 %, 5, 16
2026/09/22 01:12:19.513, 0, P0, 2422 MHz, 12481 MHz, 332.07 W, 600.00 W, 600.00 W, 54, 34963 MiB, 97 %, 5, 16
2026/09/22 01:12:19.764, 0, P0, 2422 MHz, 12481 MHz, 332.18 W, 600.00 W, 600.00 W, 54, 34963 MiB, 97 %, 5, 16
2026/09/22 01:12:20.015, 0, P0, 2422 MHz, 12481 MHz, 332.11 W, 600.00 W, 600.00 W, 54, 34963 MiB, 97 %, 5, 16
2026/09/22 01:12:20.265, 0, P0, 2422 MHz, 12481 MHz, 332.05 W, 600.00 W, 600.00 W, 54, 34963 MiB, 97 %, 5, 16
2026/09/22 01:12:20.516, 0, P0, 2422 MHz, 12481 MHz, 332.11 W, 600.00 W, 600.00 W, 54, 34963 MiB, 97 %, 5, 16
2026/09/22 01:12:20.767, 0, P0, 2422 MHz, 12481 MHz, 332.24 W, 600.00 W, 600.00 W, 54, 34963 MiB, 97 %, 5, 16
2026/09/22 01:12:21.018, 0, P0, 2422 MHz, 12481 MHz, 331.79 W, 600.00 W, 600.00 W, 54, 34963 MiB, 96 %, 5, 16
2026/09/22 01:12:21.269, 0, P0, 2422 MHz, 12481 MHz, 331.87 W, 600.00 W, 600.00 W, 54, 34963 MiB, 97 %, 5, 16
2026/09/22 01:12:21.519, 0, P0, 2422 MHz, 12481 MHz, 332.33 W, 600.00 W, 600.00 W, 54, 34963 MiB, 97 %, 5, 16
2026/09/22 01:12:21.770, 0, P0, 2422 MHz, 12481 MHz, 332.47 W, 600.00 W, 600.00 W, 54, 34963 MiB, 97 %, 5, 16
2026/09/22 01:12:22.021, 0, P0, 2422 MHz, 12481 MHz, 332.51 W, 600.00 W, 600.00 W, 54, 34963 MiB, 97 %, 5, 16
2026/09/22 01:12:22.272, 0, P0, 2422 MHz, 12481 MHz, 332.24 W, 600.00 W, 600.00 W, 54, 34963 MiB, 97 %, 5, 16
2026/09/22 01:12:22.523, 0, P0, 2422 MHz, 12481 MHz, 332.04 W, 600.00 W, 600.00 W, 54, 34963 MiB, 97 %, 5, 16
2026/09/22 01:12:22.774, 0, P0, 2422 MHz, 12481 MHz, 331.24 W, 600.00 W, 600.00 W, 54, 34963 MiB, 97 %, 5, 16
2026/09/22 01:12:23.025, 0, P0, 2422 MHz, 12481 MHz, 331.63 W, 600.00 W, 600.00 W, 54, 34963 MiB, 97 %, 5, 16
2026/09/22 01:12:23.276, 0, P0, 2422 MHz, 12481 MHz, 331.73 W, 600.00 W, 600.00 W, 54, 34963 MiB, 97 %, 5, 16
2026/09/22 01:12:23.526, 0, P0, 2422 MHz, 12481 MHz, 331.62 W, 600.00 W, 600.00 W, 54, 34963 MiB, 97 %, 5, 16
2026/09/22 01:12:23.777, 0, P0, 2422 MHz, 12481 MHz, 332.55 W, 600.00 W, 600.00 W, 54, 34963 MiB, 97 %, 5, 16
2026/09/22 01:12:24.028, 0, P0, 2422 MHz, 12481 MHz, 332.36 W, 600.00 W, 600.00 W, 54, 34963 MiB, 97 %, 5, 16
2026/09/22 01:12:24.279, 0, P0, 2422 MHz, 12481 MHz, 322.36 W, 600.00 W, 600.00 W, 54, 35219 MiB, 92 %, 5, 16
2026/09/22 01:12:24.530, 0, P0, 2422 MHz, 12481 MHz, 320.81 W, 600.00 W, 600.00 W, 54, 35219 MiB, 97 %, 5, 16
2026/09/22 01:12:24.781, 0, P0, 2422 MHz, 12481 MHz, 320.06 W, 600.00 W, 600.00 W, 54, 35219 MiB, 97 %, 5, 16
2026/09/22 01:12:25.031, 0, P0, 2422 MHz, 12481 MHz, 319.94 W, 600.00 W, 600.00 W, 54, 35219 MiB, 97 %, 5, 16
2026/09/22 01:12:25.282, 0, P0, 2422 MHz, 12481 MHz, 328.90 W, 600.00 W, 600.00 W, 54, 35219 MiB, 97 %, 5, 16
2026/09/22 01:12:25.533, 0, P0, 2422 MHz, 12481 MHz, 331.80 W, 600.00 W, 600.00 W, 54, 35219 MiB, 97 %, 5, 16
2026/09/22 01:12:25.784, 0, P0, 2422 MHz, 12481 MHz, 331.53 W, 600.00 W, 600.00 W, 54, 35219 MiB, 97 %, 5, 16
2026/09/22 01:12:26.035, 0, P0, 2422 MHz, 12481 MHz, 331.85 W, 600.00 W, 600.00 W, 54, 35219 MiB, 97 %, 5, 16
2026/09/22 01:12:26.286, 0, P0, 2422 MHz, 12481 MHz, 331.61 W, 600.00 W, 600.00 W, 54, 35219 MiB, 97 %, 5, 16
2026/09/22 01:12:26.537, 0, P0, 2422 MHz, 12481 MHz, 331.42 W, 600.00 W, 600.00 W, 54, 35219 MiB, 97 %, 5, 16
2026/09/22 01:12:26.788, 0, P0, 2422 MHz, 12481 MHz, 331.99 W, 600.00 W, 600.00 W, 54, 35219 MiB, 97 %, 5, 16
2026/09/22 01:12:27.039, 0, P0, 2422 MHz, 12481 MHz, 331.75 W, 600.00 W, 600.00 W, 54, 35219 MiB, 97 %, 5, 16
2026/09/22 01:12:27.290, 0, P0, 2422 MHz, 12481 MHz, 331.41 W, 600.00 W, 600.00 W, 54, 35219 MiB, 97 %, 5, 16
2026/09/22 01:12:27.540, 0, P0, 2422 MHz, 12481 MHz, 331.95 W, 600.00 W, 600.00 W, 54, 35219 MiB, 97 %, 5, 16
2026/09/22 01:12:27.791, 0, P0, 2422 MHz, 12481 MHz, 331.36 W, 600.00 W, 600.00 W, 54, 35219 MiB, 97 %, 5, 16
2026/09/22 01:12:28.042, 0, P0, 2422 MHz, 12481 MHz, 331.35 W, 600.00 W, 600.00 W, 54, 35219 MiB, 97 %, 5, 16
2026/09/22 01:12:28.293, 0, P0, 2422 MHz, 12481 MHz, 331.19 W, 600.00 W, 600.00 W, 54, 35219 MiB, 97 %, 5, 16
2026/09/22 01:12:28.544, 0, P0, 2422 MHz, 12481 MHz, 330.99 W, 600.00 W, 600.00 W, 54, 35219 MiB, 97 %, 5, 16
2026/09/22 01:12:28.795, 0, P0, 2422 MHz, 12481 MHz, 331.64 W, 600.00 W, 600.00 W, 54, 35219 MiB, 97 %, 5, 16
2026/09/22 01:12:29.045, 0, P0, 2422 MHz, 12481 MHz, 332.04 W, 600.00 W, 600.00 W, 54, 35219 MiB, 97 %, 5, 16
2026/09/22 01:12:29.296, 0, P0, 2422 MHz, 12481 MHz, 332.06 W, 600.00 W, 600.00 W, 54, 35219 MiB, 97 %, 5, 16
2026/09/22 01:12:29.547, 0, P0, 2422 MHz, 12481 MHz, 332.24 W, 600.00 W, 600.00 W, 54, 35219 MiB, 97 %, 5, 16
2026/09/22 01:12:29.798, 0, P0, 2422 MHz, 12481 MHz, 331.67 W, 600.00 W, 600.00 W, 54, 35219 MiB, 97 %, 5, 16
2026/09/22 01:12:30.049, 0, P0, 2422 MHz, 12481 MHz, 331.73 W, 600.00 W, 600.00 W, 54, 35219 MiB, 97 %, 5, 16
2026/09/22 01:12:30.300, 0, P0, 2422 MHz, 12481 MHz, 332.11 W, 600.00 W, 600.00 W, 54, 35219 MiB, 97 %, 5, 16
2026/09/22 01:12:30.551, 0, P0, 2422 MHz, 12481 MHz, 331.81 W, 600.00 W, 600.00 W, 54, 35219 MiB, 97 %, 5, 16
2026/09/22 01:12:30.801, 0, P0, 2422 MHz, 12481 MHz, 332.33 W, 600.00 W, 600.00 W, 54, 35219 MiB, 97 %, 5, 16
2026/09/22 01:12:31.052, 0, P0, 2422 MHz, 12481 MHz, 332.48 W, 600.00 W, 600.00 W, 54, 35219 MiB, 97 %, 5, 16
2026/09/22 01:12:31.303, 0, P0, 2422 MHz, 12481 MHz, 331.65 W, 600.00 W, 600.00 W, 54, 35219 MiB, 97 %, 5, 16
2026/09/22 01:12:31.554, 0, P0, 2422 MHz, 12481 MHz, 332.15 W, 600.00 W, 600.00 W, 54, 35219 MiB, 97 %, 5, 16
2026/09/22 01:12:31.805, 0, P0, 2422 MHz, 12481 MHz, 331.88 W, 600.00 W, 600.00 W, 54, 35219 MiB, 97 %, 5, 16
2026/09/22 01:12:32.056, 0, P0, 2422 MHz, 12481 MHz, 327.67 W, 600.00 W, 600.00 W, 54, 35507 MiB, 97 %, 5, 16
2026/09/22 01:12:32.307, 0, P0, 2422 MHz, 12481 MHz, 319.01 W, 600.00 W, 600.00 W, 53, 35507 MiB, 92 %, 5, 16
2026/09/22 01:12:32.558, 0, P0, 2422 MHz, 12481 MHz, 319.26 W, 600.00 W, 600.00 W, 54, 35507 MiB, 97 %, 5, 16
2026/09/22 01:12:32.809, 0, P0, 2422 MHz, 12481 MHz, 318.68 W, 600.00 W, 600.00 W, 54, 35507 MiB, 97 %, 5, 16
2026/09/22 01:12:33.060, 0, P0, 2422 MHz, 12481 MHz, 322.64 W, 600.00 W, 600.00 W, 54, 35507 MiB, 97 %, 5, 16
2026/09/22 01:12:33.311, 0, P0, 2422 MHz, 12481 MHz, 331.28 W, 600.00 W, 600.00 W, 54, 35507 MiB, 97 %, 5, 16
2026/09/22 01:12:33.562, 0, P0, 2422 MHz, 12481 MHz, 331.52 W, 600.00 W, 600.00 W, 54, 35507 MiB, 97 %, 5, 16
2026/09/22 01:12:33.812, 0, P0, 2422 MHz, 12481 MHz, 331.52 W, 600.00 W, 600.00 W, 54, 35507 MiB, 97 %, 5, 16
2026/09/22 01:12:34.063, 0, P0, 2422 MHz, 12481 MHz, 331.74 W, 600.00 W, 600.00 W, 54, 35507 MiB, 97 %, 5, 16
2026/09/22 01:12:34.314, 0, P0, 2422 MHz, 12481 MHz, 331.73 W, 600.00 W, 600.00 W, 54, 35507 MiB, 97 %, 5, 16
2026/09/22 01:12:34.565, 0, P0, 2422 MHz, 12481 MHz, 331.30 W, 600.00 W, 600.00 W, 54, 35507 MiB, 97 %, 5, 16
2026/09/22 01:12:34.816, 0, P0, 2422 MHz, 12481 MHz, 331.25 W, 600.00 W, 600.00 W, 54, 35507 MiB, 97 %, 5, 16
2026/09/22 01:12:35.067, 0, P0, 2422 MHz, 12481 MHz, 331.15 W, 600.00 W, 600.00 W, 54, 35507 MiB, 97 %, 5, 16
2026/09/22 01:12:35.318, 0, P0, 2422 MHz, 12481 MHz, 331.16 W, 600.00 W, 600.00 W, 54, 35507 MiB, 97 %, 5, 16
2026/09/22 01:12:35.569, 0, P0, 2422 MHz, 12481 MHz, 331.59 W, 600.00 W, 600.00 W, 54, 35507 MiB, 97 %, 5, 16
2026/09/22 01:12:35.820, 0, P0, 2422 MHz, 12481 MHz, 332.06 W, 600.00 W, 600.00 W, 54, 35507 MiB, 97 %, 5, 16
2026/09/22 01:12:36.070, 0, P0, 2422 MHz, 12481 MHz, 331.19 W, 600.00 W, 600.00 W, 54, 35507 MiB, 97 %, 5, 16
2026/09/22 01:12:36.321, 0, P0, 2422 MHz, 12481 MHz, 330.98 W, 600.00 W, 600.00 W, 54, 35507 MiB, 97 %, 5, 16
2026/09/22 01:12:36.572, 0, P0, 2422 MHz, 12481 MHz, 331.27 W, 600.00 W, 600.00 W, 54, 35507 MiB, 97 %, 5, 16
2026/09/22 01:12:36.823, 0, P0, 2422 MHz, 12481 MHz, 330.95 W, 600.00 W, 600.00 W, 54, 35507 MiB, 97 %, 5, 16
2026/09/22 01:12:37.074, 0, P0, 2422 MHz, 12481 MHz, 331.52 W, 600.00 W, 600.00 W, 54, 35507 MiB, 97 %, 5, 16
2026/09/22 01:12:37.325, 0, P0, 2422 MHz, 12481 MHz, 332.05 W, 600.00 W, 600.00 W, 54, 35507 MiB, 97 %, 5, 16
2026/09/22 01:12:37.576, 0, P0, 2422 MHz, 12481 MHz, 331.75 W, 600.00 W, 600.00 W, 54, 35507 MiB, 97 %, 5, 16
2026/09/22 01:12:37.827, 0, P0, 2422 MHz, 12481 MHz, 332.26 W, 600.00 W, 600.00 W, 54, 35507 MiB, 97 %, 5, 16
2026/09/22 01:12:38.078, 0, P0, 2422 MHz, 12481 MHz, 332.49 W, 600.00 W, 600.00 W, 54, 35507 MiB, 97 %, 5, 16
2026/09/22 01:12:38.328, 0, P0, 2422 MHz, 12481 MHz, 331.93 W, 600.00 W, 600.00 W, 54, 35507 MiB, 97 %, 5, 16
2026/09/22 01:12:38.579, 0, P0, 2422 MHz, 12481 MHz, 331.98 W, 600.00 W, 600.00 W, 54, 35507 MiB, 97 %, 5, 16
2026/09/22 01:12:38.830, 0, P0, 2422 MHz, 12481 MHz, 331.94 W, 600.00 W, 600.00 W, 54, 35507 MiB, 97 %, 5, 16
2026/09/22 01:12:39.081, 0, P0, 2422 MHz, 12481 MHz, 331.68 W, 600.00 W, 600.00 W, 54, 35507 MiB, 97 %, 5, 16
2026/09/22 01:12:39.332, 0, P0, 2422 MHz, 12481 MHz, 331.75 W, 600.00 W, 600.00 W, 54, 35507 MiB, 97 %, 5, 16
2026/09/22 01:12:39.583, 0, P0, 2422 MHz, 12481 MHz, 332.11 W, 600.00 W, 600.00 W, 54, 35507 MiB, 97 %, 5, 16
2026/09/22 01:12:39.834, 0, P0, 2422 MHz, 12481 MHz, 332.42 W, 600.00 W, 600.00 W, 54, 35507 MiB, 97 %, 5, 16
2026/09/22 01:12:40.085, 0, P0, 2422 MHz, 12481 MHz, 332.24 W, 600.00 W, 600.00 W, 54, 35507 MiB, 97 %, 5, 16
2026/09/22 01:12:40.335, 0, P0, 2422 MHz, 12481 MHz, 332.49 W, 600.00 W, 600.00 W, 54, 35507 MiB, 97 %, 5, 16
2026/09/22 01:12:40.586, 0, P0, 2422 MHz, 12481 MHz, 332.08 W, 600.00 W, 600.00 W, 54, 35507 MiB, 97 %, 5, 16
2026/09/22 01:12:40.837, 0, P0, 2422 MHz, 12481 MHz, 319.83 W, 600.00 W, 600.00 W, 54, 35795 MiB, 96 %, 5, 16
2026/09/22 01:12:41.091, 0, P0, 2422 MHz, 12481 MHz, 320.01 W, 600.00 W, 600.00 W, 54, 35795 MiB, 97 %, 5, 16
2026/09/22 01:12:41.342, 0, P0, 2422 MHz, 12481 MHz, 319.78 W, 600.00 W, 600.00 W, 54, 35795 MiB, 97 %, 5, 16
2026/09/22 01:12:41.592, 0, P0, 2422 MHz, 12481 MHz, 319.63 W, 600.00 W, 600.00 W, 54, 35795 MiB, 97 %, 5, 16
2026/09/22 01:12:41.843, 0, P0, 2422 MHz, 12481 MHz, 330.49 W, 600.00 W, 600.00 W, 54, 35795 MiB, 97 %, 5, 16
2026/09/22 01:12:42.095, 0, P0, 2422 MHz, 12481 MHz, 331.57 W, 600.00 W, 600.00 W, 54, 35795 MiB, 96 %, 5, 16
2026/09/22 01:12:42.345, 0, P0, 2422 MHz, 12481 MHz, 330.84 W, 600.00 W, 600.00 W, 54, 35795 MiB, 97 %, 5, 16
2026/09/22 01:12:42.596, 0, P0, 2422 MHz, 12481 MHz, 331.10 W, 600.00 W, 600.00 W, 54, 35795 MiB, 97 %, 5, 16
2026/09/22 01:12:42.847, 0, P0, 2422 MHz, 12481 MHz, 331.16 W, 600.00 W, 600.00 W, 54, 35795 MiB, 97 %, 5, 16
2026/09/22 01:12:43.098, 0, P0, 2422 MHz, 12481 MHz, 330.73 W, 600.00 W, 600.00 W, 54, 35795 MiB, 97 %, 5, 16
2026/09/22 01:12:43.348, 0, P0, 2422 MHz, 12481 MHz, 331.64 W, 600.00 W, 600.00 W, 54, 35795 MiB, 97 %, 5, 16
2026/09/22 01:12:43.599, 0, P0, 2422 MHz, 12481 MHz, 331.26 W, 600.00 W, 600.00 W, 54, 35795 MiB, 97 %, 5, 16
2026/09/22 01:12:43.850, 0, P0, 2422 MHz, 12481 MHz, 331.52 W, 600.00 W, 600.00 W, 54, 35795 MiB, 97 %, 5, 16
2026/09/22 01:12:44.101, 0, P0, 2422 MHz, 12481 MHz, 331.78 W, 600.00 W, 600.00 W, 54, 35795 MiB, 97 %, 5, 16
2026/09/22 01:12:44.352, 0, P0, 2422 MHz, 12481 MHz, 331.33 W, 600.00 W, 600.00 W, 54, 35795 MiB, 97 %, 5, 16
2026/09/22 01:12:44.603, 0, P0, 2422 MHz, 12481 MHz, 331.34 W, 600.00 W, 600.00 W, 54, 35795 MiB, 97 %, 5, 16
2026/09/22 01:12:44.854, 0, P0, 2422 MHz, 12481 MHz, 331.40 W, 600.00 W, 600.00 W, 54, 35795 MiB, 97 %, 5, 16
2026/09/22 01:12:45.105, 0, P0, 2422 MHz, 12481 MHz, 331.54 W, 600.00 W, 600.00 W, 54, 35795 MiB, 97 %, 5, 16
2026/09/22 01:12:45.356, 0, P0, 2422 MHz, 12481 MHz, 331.61 W, 600.00 W, 600.00 W, 54, 35795 MiB, 97 %, 5, 16
2026/09/22 01:12:45.606, 0, P0, 2422 MHz, 12481 MHz, 332.66 W, 600.00 W, 600.00 W, 54, 35795 MiB, 97 %, 5, 16
2026/09/22 01:12:45.857, 0, P0, 2422 MHz, 12481 MHz, 332.29 W, 600.00 W, 600.00 W, 54, 35795 MiB, 97 %, 5, 16
2026/09/22 01:12:46.108, 0, P0, 2422 MHz, 12481 MHz, 332.16 W, 600.00 W, 600.00 W, 54, 35795 MiB, 97 %, 5, 16
2026/09/22 01:12:46.359, 0, P0, 2422 MHz, 12481 MHz, 332.44 W, 600.00 W, 600.00 W, 54, 35795 MiB, 97 %, 5, 16
2026/09/22 01:12:46.609, 0, P0, 2422 MHz, 12481 MHz, 324.47 W, 600.00 W, 600.00 W, 54, 36051 MiB, 92 %, 5, 16
2026/09/22 01:12:46.860, 0, P0, 2422 MHz, 12481 MHz, 320.78 W, 600.00 W, 600.00 W, 54, 36051 MiB, 97 %, 5, 16
2026/09/22 01:12:47.111, 0, P0, 2422 MHz, 12481 MHz, 320.30 W, 600.00 W, 600.00 W, 54, 36051 MiB, 97 %, 5, 16
2026/09/22 01:12:47.362, 0, P0, 2422 MHz, 12481 MHz, 319.53 W, 600.00 W, 600.00 W, 54, 36051 MiB, 97 %, 5, 16
2026/09/22 01:12:47.612, 0, P0, 2422 MHz, 12481 MHz, 326.17 W, 600.00 W, 600.00 W, 54, 36051 MiB, 97 %, 5, 16
2026/09/22 01:12:47.863, 0, P0, 2422 MHz, 12481 MHz, 331.35 W, 600.00 W, 600.00 W, 54, 36051 MiB, 97 %, 5, 16
2026/09/22 01:12:48.114, 0, P0, 2422 MHz, 12481 MHz, 331.85 W, 600.00 W, 600.00 W, 54, 36051 MiB, 97 %, 5, 16
2026/09/22 01:12:48.364, 0, P0, 2422 MHz, 12481 MHz, 332.29 W, 600.00 W, 600.00 W, 54, 36051 MiB, 97 %, 5, 16
2026/09/22 01:12:48.615, 0, P0, 2422 MHz, 12481 MHz, 331.67 W, 600.00 W, 600.00 W, 54, 36051 MiB, 97 %, 5, 16
2026/09/22 01:12:48.866, 0, P0, 2422 MHz, 12481 MHz, 331.61 W, 600.00 W, 600.00 W, 54, 36051 MiB, 97 %, 5, 16
2026/09/22 01:12:49.117, 0, P0, 2422 MHz, 12481 MHz, 331.27 W, 600.00 W, 600.00 W, 54, 36051 MiB, 97 %, 5, 16
2026/09/22 01:12:49.368, 0, P0, 2422 MHz, 12481 MHz, 331.54 W, 600.00 W, 600.00 W, 54, 36051 MiB, 97 %, 5, 16
2026/09/22 01:12:49.618, 0, P0, 2422 MHz, 12481 MHz, 332.07 W, 600.00 W, 600.00 W, 54, 36051 MiB, 97 %, 5, 16
2026/09/22 01:12:49.869, 0, P0, 2422 MHz, 12481 MHz, 332.13 W, 600.00 W, 600.00 W, 54, 36051 MiB, 97 %, 5, 16
2026/09/22 01:12:50.120, 0, P0, 2422 MHz, 12481 MHz, 332.48 W, 600.00 W, 600.00 W, 54, 36051 MiB, 97 %, 5, 16
2026/09/22 01:12:50.371, 0, P0, 2422 MHz, 12481 MHz, 331.89 W, 600.00 W, 600.00 W, 54, 36051 MiB, 97 %, 5, 16
2026/09/22 01:12:50.621, 0, P0, 2422 MHz, 12481 MHz, 331.47 W, 600.00 W, 600.00 W, 54, 36051 MiB, 97 %, 5, 16
2026/09/22 01:12:50.872, 0, P0, 2422 MHz, 12481 MHz, 331.91 W, 600.00 W, 600.00 W, 54, 36051 MiB, 97 %, 5, 16
2026/09/22 01:12:51.123, 0, P0, 2422 MHz, 12481 MHz, 340.46 W, 600.00 W, 600.00 W, 53, 36339 MiB, 97 %, 5, 16
2026/09/22 01:12:51.374, 0, P0, 2422 MHz, 12481 MHz, 387.32 W, 600.00 W, 600.00 W, 60, 36339 MiB, 99 %, 5, 16
2026/09/22 01:12:51.624, 0, P0, 2415 MHz, 12481 MHz, 418.40 W, 600.00 W, 600.00 W, 60, 36339 MiB, 99 %, 5, 16
2026/09/22 01:12:51.875, 0, P0, 2415 MHz, 12481 MHz, 455.90 W, 600.00 W, 600.00 W, 60, 36339 MiB, 99 %, 5, 16
2026/09/22 01:12:52.125, 0, P0, 2415 MHz, 12481 MHz, 437.15 W, 600.00 W, 600.00 W, 55, 36499 MiB, 98 %, 5, 16
2026/09/22 01:12:52.376, 0, P0, 2422 MHz, 12481 MHz, 390.78 W, 600.00 W, 600.00 W, 54, 36499 MiB, 97 %, 5, 16
2026/09/22 01:12:52.626, 0, P0, 2422 MHz, 12481 MHz, 357.65 W, 600.00 W, 600.00 W, 54, 36499 MiB, 97 %, 5, 16
2026/09/22 01:12:52.877, 0, P0, 2422 MHz, 12481 MHz, 318.61 W, 600.00 W, 600.00 W, 54, 36499 MiB, 97 %, 5, 16
2026/09/22 01:12:53.128, 0, P0, 2422 MHz, 12481 MHz, 330.11 W, 600.00 W, 600.00 W, 54, 36499 MiB, 97 %, 5, 16
2026/09/22 01:12:53.379, 0, P0, 2422 MHz, 12481 MHz, 331.69 W, 600.00 W, 600.00 W, 54, 36499 MiB, 97 %, 5, 16
2026/09/22 01:12:53.629, 0, P0, 2422 MHz, 12481 MHz, 331.90 W, 600.00 W, 600.00 W, 54, 36499 MiB, 97 %, 5, 16
2026/09/22 01:12:53.880, 0, P0, 2422 MHz, 12481 MHz, 331.69 W, 600.00 W, 600.00 W, 54, 36499 MiB, 97 %, 5, 16
2026/09/22 01:12:54.131, 0, P0, 2422 MHz, 12481 MHz, 331.31 W, 600.00 W, 600.00 W, 54, 36499 MiB, 97 %, 5, 16
2026/09/22 01:12:54.382, 0, P0, 2422 MHz, 12481 MHz, 331.42 W, 600.00 W, 600.00 W, 54, 36499 MiB, 97 %, 5, 16
2026/09/22 01:12:54.632, 0, P0, 2422 MHz, 12481 MHz, 331.13 W, 600.00 W, 600.00 W, 54, 36499 MiB, 97 %, 5, 16
2026/09/22 01:12:54.883, 0, P0, 2422 MHz, 12481 MHz, 332.31 W, 600.00 W, 600.00 W, 54, 36499 MiB, 97 %, 5, 16
2026/09/22 01:12:55.134, 0, P0, 2422 MHz, 12481 MHz, 323.51 W, 600.00 W, 600.00 W, 54, 36819 MiB, 97 %, 5, 16
2026/09/22 01:12:55.385, 0, P0, 2422 MHz, 12481 MHz, 320.36 W, 600.00 W, 600.00 W, 54, 36819 MiB, 97 %, 5, 16
2026/09/22 01:12:55.635, 0, P0, 2422 MHz, 12481 MHz, 321.87 W, 600.00 W, 600.00 W, 54, 36819 MiB, 97 %, 5, 16
2026/09/22 01:12:55.886, 0, P0, 2422 MHz, 12481 MHz, 322.11 W, 600.00 W, 600.00 W, 54, 36819 MiB, 97 %, 5, 16
2026/09/22 01:12:56.137, 0, P0, 2422 MHz, 12481 MHz, 330.45 W, 600.00 W, 600.00 W, 54, 36819 MiB, 97 %, 5, 16
2026/09/22 01:12:56.388, 0, P0, 2422 MHz, 12481 MHz, 335.38 W, 600.00 W, 600.00 W, 54, 36819 MiB, 97 %, 5, 16
2026/09/22 01:12:56.638, 0, P0, 2422 MHz, 12481 MHz, 334.00 W, 600.00 W, 600.00 W, 54, 36819 MiB, 97 %, 5, 16
2026/09/22 01:12:56.889, 0, P0, 2422 MHz, 12481 MHz, 334.22 W, 600.00 W, 600.00 W, 54, 36819 MiB, 97 %, 5, 16
2026/09/22 01:12:57.140, 0, P0, 2422 MHz, 12481 MHz, 334.30 W, 600.00 W, 600.00 W, 54, 36819 MiB, 97 %, 5, 16
2026/09/22 01:12:57.391, 0, P0, 2422 MHz, 12481 MHz, 334.99 W, 600.00 W, 600.00 W, 54, 36819 MiB, 97 %, 5, 16
2026/09/22 01:12:57.642, 0, P0, 2422 MHz, 12481 MHz, 336.01 W, 600.00 W, 600.00 W, 54, 36819 MiB, 97 %, 5, 16
2026/09/22 01:12:57.893, 0, P0, 2422 MHz, 12481 MHz, 336.46 W, 600.00 W, 600.00 W, 54, 36819 MiB, 97 %, 5, 16
2026/09/22 01:12:58.144, 0, P0, 2422 MHz, 12481 MHz, 335.59 W, 600.00 W, 600.00 W, 54, 36819 MiB, 97 %, 5, 16
2026/09/22 01:12:58.395, 0, P0, 2422 MHz, 12481 MHz, 334.29 W, 600.00 W, 600.00 W, 54, 36819 MiB, 97 %, 5, 16
2026/09/22 01:12:58.646, 0, P0, 2422 MHz, 12481 MHz, 333.47 W, 600.00 W, 600.00 W, 54, 36819 MiB, 97 %, 5, 16
2026/09/22 01:12:58.896, 0, P0, 2422 MHz, 12481 MHz, 333.25 W, 600.00 W, 600.00 W, 54, 36819 MiB, 97 %, 5, 16
2026/09/22 01:12:59.147, 0, P0, 2422 MHz, 12481 MHz, 333.55 W, 600.00 W, 600.00 W, 54, 36819 MiB, 97 %, 5, 16
2026/09/22 01:12:59.398, 0, P0, 2422 MHz, 12481 MHz, 333.37 W, 600.00 W, 600.00 W, 54, 36819 MiB, 97 %, 5, 16
2026/09/22 01:12:59.649, 0, P0, 2422 MHz, 12481 MHz, 333.36 W, 600.00 W, 600.00 W, 54, 36819 MiB, 97 %, 5, 16
2026/09/22 01:12:59.900, 0, P0, 2422 MHz, 12481 MHz, 333.39 W, 600.00 W, 600.00 W, 54, 36883 MiB, 97 %, 5, 16
2026/09/22 01:13:00.150, 0, P0, 2422 MHz, 12481 MHz, 320.52 W, 600.00 W, 600.00 W, 54, 37203 MiB, 97 %, 5, 16
2026/09/22 01:13:00.401, 0, P0, 2422 MHz, 12481 MHz, 320.82 W, 600.00 W, 600.00 W, 54, 37203 MiB, 97 %, 5, 16
2026/09/22 01:13:00.652, 0, P0, 2422 MHz, 12481 MHz, 321.02 W, 600.00 W, 600.00 W, 54, 37203 MiB, 97 %, 5, 16
2026/09/22 01:13:00.903, 0, P0, 2422 MHz, 12481 MHz, 321.43 W, 600.00 W, 600.00 W, 54, 37203 MiB, 97 %, 5, 16
2026/09/22 01:13:01.153, 0, P0, 2422 MHz, 12481 MHz, 334.57 W, 600.00 W, 600.00 W, 54, 37203 MiB, 97 %, 5, 16
2026/09/22 01:13:01.404, 0, P0, 2422 MHz, 12481 MHz, 333.36 W, 600.00 W, 600.00 W, 54, 37203 MiB, 97 %, 5, 16
2026/09/22 01:13:01.656, 0, P0, 2422 MHz, 12481 MHz, 333.02 W, 600.00 W, 600.00 W, 54, 37203 MiB, 97 %, 5, 16
2026/09/22 01:13:01.906, 0, P0, 2422 MHz, 12481 MHz, 333.99 W, 600.00 W, 600.00 W, 54, 37203 MiB, 97 %, 5, 16
2026/09/22 01:13:02.157, 0, P0, 2422 MHz, 12481 MHz, 334.72 W, 600.00 W, 600.00 W, 54, 37203 MiB, 97 %, 5, 16
2026/09/22 01:13:02.408, 0, P0, 2422 MHz, 12481 MHz, 334.74 W, 600.00 W, 600.00 W, 54, 37203 MiB, 97 %, 5, 16
2026/09/22 01:13:02.659, 0, P0, 2422 MHz, 12481 MHz, 335.77 W, 600.00 W, 600.00 W, 54, 37203 MiB, 97 %, 5, 16
2026/09/22 01:13:02.910, 0, P0, 2422 MHz, 12481 MHz, 334.89 W, 600.00 W, 600.00 W, 54, 37203 MiB, 97 %, 5, 16
2026/09/22 01:13:03.161, 0, P0, 2422 MHz, 12481 MHz, 334.04 W, 600.00 W, 600.00 W, 54, 37203 MiB, 97 %, 5, 16
2026/09/22 01:13:03.412, 0, P0, 2422 MHz, 12481 MHz, 334.30 W, 600.00 W, 600.00 W, 54, 37203 MiB, 97 %, 5, 16
2026/09/22 01:13:03.663, 0, P0, 2422 MHz, 12481 MHz, 333.34 W, 600.00 W, 600.00 W, 54, 37203 MiB, 97 %, 5, 16
2026/09/22 01:13:03.913, 0, P0, 2422 MHz, 12481 MHz, 333.24 W, 600.00 W, 600.00 W, 54, 37203 MiB, 97 %, 5, 16
2026/09/22 01:13:04.164, 0, P0, 2422 MHz, 12481 MHz, 333.55 W, 600.00 W, 600.00 W, 54, 37203 MiB, 97 %, 5, 16
2026/09/22 01:13:04.415, 0, P0, 2422 MHz, 12481 MHz, 333.18 W, 600.00 W, 600.00 W, 54, 37203 MiB, 97 %, 5, 16
2026/09/22 01:13:04.666, 0, P0, 2422 MHz, 12481 MHz, 333.01 W, 600.00 W, 600.00 W, 54, 37203 MiB, 97 %, 5, 16
2026/09/22 01:13:04.917, 0, P0, 2422 MHz, 12481 MHz, 333.20 W, 600.00 W, 600.00 W, 54, 37203 MiB, 97 %, 5, 16
2026/09/22 01:13:05.167, 0, P0, 2422 MHz, 12481 MHz, 332.96 W, 600.00 W, 600.00 W, 54, 37203 MiB, 97 %, 5, 16
2026/09/22 01:13:05.418, 0, P0, 2422 MHz, 12481 MHz, 333.22 W, 600.00 W, 600.00 W, 54, 37203 MiB, 97 %, 5, 16
2026/09/22 01:13:05.669, 0, P0, 2422 MHz, 12481 MHz, 332.78 W, 600.00 W, 600.00 W, 54, 37203 MiB, 97 %, 5, 16
2026/09/22 01:13:05.920, 0, P0, 2422 MHz, 12481 MHz, 332.36 W, 600.00 W, 600.00 W, 54, 37203 MiB, 97 %, 5, 16
2026/09/22 01:13:06.171, 0, P0, 2422 MHz, 12481 MHz, 332.52 W, 600.00 W, 600.00 W, 54, 37203 MiB, 97 %, 5, 16
2026/09/22 01:13:06.422, 0, P0, 2422 MHz, 12481 MHz, 332.03 W, 600.00 W, 600.00 W, 54, 37203 MiB, 97 %, 5, 16
2026/09/22 01:13:06.673, 0, P0, 2422 MHz, 12481 MHz, 332.60 W, 600.00 W, 600.00 W, 54, 37203 MiB, 97 %, 5, 16
2026/09/22 01:13:06.924, 0, P0, 2422 MHz, 12481 MHz, 327.15 W, 600.00 W, 600.00 W, 54, 37619 MiB, 97 %, 5, 16
2026/09/22 01:13:07.174, 0, P0, 2422 MHz, 12481 MHz, 320.77 W, 600.00 W, 600.00 W, 54, 37619 MiB, 97 %, 5, 16
2026/09/22 01:13:07.425, 0, P0, 2422 MHz, 12481 MHz, 320.58 W, 600.00 W, 600.00 W, 54, 37619 MiB, 97 %, 5, 16
2026/09/22 01:13:07.676, 0, P0, 2422 MHz, 12481 MHz, 320.71 W, 600.00 W, 600.00 W, 54, 37619 MiB, 97 %, 5, 16
2026/09/22 01:13:07.927, 0, P0, 2422 MHz, 12481 MHz, 327.26 W, 600.00 W, 600.00 W, 54, 37619 MiB, 97 %, 5, 16
2026/09/22 01:13:08.178, 0, P0, 2422 MHz, 12481 MHz, 334.53 W, 600.00 W, 600.00 W, 54, 37619 MiB, 97 %, 5, 16
2026/09/22 01:13:08.429, 0, P0, 2422 MHz, 12481 MHz, 334.32 W, 600.00 W, 600.00 W, 54, 37619 MiB, 97 %, 5, 16
2026/09/22 01:13:08.680, 0, P0, 2422 MHz, 12481 MHz, 334.40 W, 600.00 W, 600.00 W, 54, 37619 MiB, 97 %, 5, 16
2026/09/22 01:13:08.930, 0, P0, 2422 MHz, 12481 MHz, 333.96 W, 600.00 W, 600.00 W, 54, 37619 MiB, 97 %, 5, 16
2026/09/22 01:13:09.181, 0, P0, 2422 MHz, 12481 MHz, 334.86 W, 600.00 W, 600.00 W, 54, 37619 MiB, 97 %, 5, 16
2026/09/22 01:13:09.432, 0, P0, 2422 MHz, 12481 MHz, 334.51 W, 600.00 W, 600.00 W, 54, 37619 MiB, 97 %, 5, 16
2026/09/22 01:13:09.683, 0, P0, 2422 MHz, 12481 MHz, 335.25 W, 600.00 W, 600.00 W, 54, 37619 MiB, 97 %, 5, 16
2026/09/22 01:13:09.934, 0, P0, 2422 MHz, 12481 MHz, 334.54 W, 600.00 W, 600.00 W, 54, 37619 MiB, 97 %, 5, 16
2026/09/22 01:13:10.185, 0, P0, 2422 MHz, 12481 MHz, 333.23 W, 600.00 W, 600.00 W, 54, 37619 MiB, 97 %, 5, 16
2026/09/22 01:13:10.435, 0, P0, 2422 MHz, 12481 MHz, 334.04 W, 600.00 W, 600.00 W, 54, 37619 MiB, 97 %, 5, 16
2026/09/22 01:13:10.686, 0, P0, 2422 MHz, 12481 MHz, 332.69 W, 600.00 W, 600.00 W, 54, 37619 MiB, 97 %, 5, 16
2026/09/22 01:13:10.937, 0, P0, 2422 MHz, 12481 MHz, 332.89 W, 600.00 W, 600.00 W, 54, 37619 MiB, 97 %, 5, 16
2026/09/22 01:13:11.188, 0, P0, 2422 MHz, 12481 MHz, 333.19 W, 600.00 W, 600.00 W, 54, 37619 MiB, 97 %, 5, 16
2026/09/22 01:13:11.439, 0, P0, 2422 MHz, 12481 MHz, 333.32 W, 600.00 W, 600.00 W, 54, 37619 MiB, 97 %, 5, 16
2026/09/22 01:13:11.690, 0, P0, 2422 MHz, 12481 MHz, 333.15 W, 600.00 W, 600.00 W, 54, 37619 MiB, 97 %, 5, 16
2026/09/22 01:13:11.941, 0, P0, 2422 MHz, 12481 MHz, 332.88 W, 600.00 W, 600.00 W, 54, 37619 MiB, 97 %, 5, 16
2026/09/22 01:13:12.192, 0, P0, 2422 MHz, 12481 MHz, 332.92 W, 600.00 W, 600.00 W, 54, 37619 MiB, 97 %, 5, 16
2026/09/22 01:13:12.443, 0, P0, 2422 MHz, 12481 MHz, 333.11 W, 600.00 W, 600.00 W, 54, 37619 MiB, 97 %, 5, 16
2026/09/22 01:13:12.694, 0, P0, 2422 MHz, 12481 MHz, 332.76 W, 600.00 W, 600.00 W, 54, 37619 MiB, 97 %, 5, 16
2026/09/22 01:13:12.945, 0, P0, 2422 MHz, 12481 MHz, 332.75 W, 600.00 W, 600.00 W, 54, 37619 MiB, 97 %, 5, 16
2026/09/22 01:13:13.195, 0, P0, 2422 MHz, 12481 MHz, 332.76 W, 600.00 W, 600.00 W, 54, 37619 MiB, 97 %, 5, 16
2026/09/22 01:13:13.446, 0, P0, 2422 MHz, 12481 MHz, 332.74 W, 600.00 W, 600.00 W, 54, 37619 MiB, 97 %, 5, 16
2026/09/22 01:13:13.697, 0, P0, 2422 MHz, 12481 MHz, 333.24 W, 600.00 W, 600.00 W, 54, 37619 MiB, 97 %, 5, 16
2026/09/22 01:13:13.948, 0, P0, 2422 MHz, 12481 MHz, 333.28 W, 600.00 W, 600.00 W, 54, 37619 MiB, 97 %, 5, 16
2026/09/22 01:13:14.199, 0, P0, 2422 MHz, 12481 MHz, 333.39 W, 600.00 W, 600.00 W, 54, 37619 MiB, 97 %, 5, 16
2026/09/22 01:13:14.450, 0, P0, 2422 MHz, 12481 MHz, 333.55 W, 600.00 W, 600.00 W, 54, 37619 MiB, 97 %, 5, 16
2026/09/22 01:13:14.701, 0, P0, 2422 MHz, 12481 MHz, 333.45 W, 600.00 W, 600.00 W, 54, 37619 MiB, 97 %, 5, 16
2026/09/22 01:13:14.951, 0, P0, 2422 MHz, 12481 MHz, 333.80 W, 600.00 W, 600.00 W, 54, 37619 MiB, 97 %, 5, 16
2026/09/22 01:13:15.202, 0, P0, 2422 MHz, 12481 MHz, 319.93 W, 600.00 W, 600.00 W, 54, 37939 MiB, 97 %, 5, 16
2026/09/22 01:13:15.453, 0, P0, 2422 MHz, 12481 MHz, 320.16 W, 600.00 W, 600.00 W, 54, 37939 MiB, 97 %, 5, 16
2026/09/22 01:13:15.704, 0, P0, 2422 MHz, 12481 MHz, 320.67 W, 600.00 W, 600.00 W, 54, 37939 MiB, 97 %, 5, 16
2026/09/22 01:13:15.955, 0, P0, 2422 MHz, 12481 MHz, 320.37 W, 600.00 W, 600.00 W, 54, 37939 MiB, 97 %, 5, 16
2026/09/22 01:13:16.206, 0, P0, 2422 MHz, 12481 MHz, 334.09 W, 600.00 W, 600.00 W, 54, 37939 MiB, 97 %, 5, 16
2026/09/22 01:13:16.456, 0, P0, 2422 MHz, 12481 MHz, 334.22 W, 600.00 W, 600.00 W, 54, 37939 MiB, 97 %, 5, 16
2026/09/22 01:13:16.707, 0, P0, 2422 MHz, 12481 MHz, 334.29 W, 600.00 W, 600.00 W, 54, 37939 MiB, 97 %, 5, 16
2026/09/22 01:13:16.958, 0, P0, 2422 MHz, 12481 MHz, 334.34 W, 600.00 W, 600.00 W, 54, 37939 MiB, 97 %, 5, 16
2026/09/22 01:13:17.209, 0, P0, 2422 MHz, 12481 MHz, 334.55 W, 600.00 W, 600.00 W, 54, 37939 MiB, 97 %, 5, 16
2026/09/22 01:13:17.460, 0, P0, 2422 MHz, 12481 MHz, 334.15 W, 600.00 W, 600.00 W, 54, 37939 MiB, 97 %, 5, 16
2026/09/22 01:13:17.711, 0, P0, 2422 MHz, 12481 MHz, 336.27 W, 600.00 W, 600.00 W, 54, 37939 MiB, 97 %, 5, 16
2026/09/22 01:13:17.962, 0, P0, 2422 MHz, 12481 MHz, 336.80 W, 600.00 W, 600.00 W, 54, 37939 MiB, 97 %, 5, 16
2026/09/22 01:13:18.213, 0, P0, 2422 MHz, 12481 MHz, 336.10 W, 600.00 W, 600.00 W, 54, 37939 MiB, 97 %, 5, 16
2026/09/22 01:13:18.463, 0, P0, 2422 MHz, 12481 MHz, 335.69 W, 600.00 W, 600.00 W, 54, 37939 MiB, 97 %, 5, 16
2026/09/22 01:13:18.714, 0, P0, 2422 MHz, 12481 MHz, 334.50 W, 600.00 W, 600.00 W, 54, 37939 MiB, 97 %, 5, 16
2026/09/22 01:13:18.965, 0, P0, 2422 MHz, 12481 MHz, 332.81 W, 600.00 W, 600.00 W, 54, 37939 MiB, 97 %, 5, 16
2026/09/22 01:13:19.216, 0, P0, 2422 MHz, 12481 MHz, 332.51 W, 600.00 W, 600.00 W, 54, 37939 MiB, 97 %, 5, 16
2026/09/22 01:13:19.467, 0, P0, 2422 MHz, 12481 MHz, 332.80 W, 600.00 W, 600.00 W, 54, 37939 MiB, 97 %, 5, 16
2026/09/22 01:13:19.718, 0, P0, 2422 MHz, 12481 MHz, 332.64 W, 600.00 W, 600.00 W, 54, 37939 MiB, 97 %, 5, 16
2026/09/22 01:13:19.969, 0, P0, 2422 MHz, 12481 MHz, 333.44 W, 600.00 W, 600.00 W, 54, 37939 MiB, 97 %, 5, 16
2026/09/22 01:13:20.220, 0, P0, 2422 MHz, 12481 MHz, 322.23 W, 600.00 W, 600.00 W, 54, 38259 MiB, 98 %, 5, 16
2026/09/22 01:13:20.471, 0, P0, 2422 MHz, 12481 MHz, 321.22 W, 600.00 W, 600.00 W, 54, 38259 MiB, 97 %, 5, 16
2026/09/22 01:13:20.722, 0, P0, 2422 MHz, 12481 MHz, 321.22 W, 600.00 W, 600.00 W, 54, 38259 MiB, 97 %, 5, 16
2026/09/22 01:13:20.972, 0, P0, 2422 MHz, 12481 MHz, 321.52 W, 600.00 W, 600.00 W, 54, 38259 MiB, 97 %, 5, 16
2026/09/22 01:13:21.223, 0, P0, 2422 MHz, 12481 MHz, 331.91 W, 600.00 W, 600.00 W, 54, 38259 MiB, 97 %, 5, 16
2026/09/22 01:13:21.474, 0, P0, 2422 MHz, 12481 MHz, 334.49 W, 600.00 W, 600.00 W, 54, 38259 MiB, 97 %, 5, 16
2026/09/22 01:13:21.725, 0, P0, 2422 MHz, 12481 MHz, 334.39 W, 600.00 W, 600.00 W, 54, 38259 MiB, 97 %, 5, 16
2026/09/22 01:13:21.976, 0, P0, 2422 MHz, 12481 MHz, 334.33 W, 600.00 W, 600.00 W, 54, 38259 MiB, 97 %, 5, 16
2026/09/22 01:13:22.227, 0, P0, 2422 MHz, 12481 MHz, 333.57 W, 600.00 W, 600.00 W, 54, 38259 MiB, 97 %, 5, 16
2026/09/22 01:13:22.478, 0, P0, 2422 MHz, 12481 MHz, 335.48 W, 600.00 W, 600.00 W, 54, 38259 MiB, 97 %, 5, 16
2026/09/22 01:13:22.729, 0, P0, 2422 MHz, 12481 MHz, 336.17 W, 600.00 W, 600.00 W, 54, 38259 MiB, 97 %, 5, 16
2026/09/22 01:13:22.980, 0, P0, 2422 MHz, 12481 MHz, 336.89 W, 600.00 W, 600.00 W, 54, 38259 MiB, 97 %, 5, 16
2026/09/22 01:13:23.231, 0, P0, 2422 MHz, 12481 MHz, 336.79 W, 600.00 W, 600.00 W, 54, 38259 MiB, 97 %, 5, 16
2026/09/22 01:13:23.481, 0, P0, 2422 MHz, 12481 MHz, 334.48 W, 600.00 W, 600.00 W, 54, 38259 MiB, 97 %, 5, 16
2026/09/22 01:13:23.732, 0, P0, 2422 MHz, 12481 MHz, 333.07 W, 600.00 W, 600.00 W, 54, 38259 MiB, 97 %, 5, 16
2026/09/22 01:13:23.983, 0, P0, 2422 MHz, 12481 MHz, 332.43 W, 600.00 W, 600.00 W, 54, 38259 MiB, 97 %, 5, 16
2026/09/22 01:13:24.234, 0, P0, 2422 MHz, 12481 MHz, 332.61 W, 600.00 W, 600.00 W, 54, 38259 MiB, 97 %, 5, 16
2026/09/22 01:13:24.485, 0, P0, 2422 MHz, 12481 MHz, 332.53 W, 600.00 W, 600.00 W, 54, 38259 MiB, 97 %, 5, 16
2026/09/22 01:13:24.736, 0, P0, 2422 MHz, 12481 MHz, 333.03 W, 600.00 W, 600.00 W, 54, 38259 MiB, 97 %, 5, 16
2026/09/22 01:13:24.987, 0, P0, 2422 MHz, 12481 MHz, 333.42 W, 600.00 W, 600.00 W, 54, 38259 MiB, 97 %, 5, 16
2026/09/22 01:13:25.238, 0, P0, 2422 MHz, 12481 MHz, 333.09 W, 600.00 W, 600.00 W, 54, 38259 MiB, 97 %, 5, 16
2026/09/22 01:13:25.488, 0, P0, 2422 MHz, 12481 MHz, 333.40 W, 600.00 W, 600.00 W, 54, 38259 MiB, 97 %, 5, 16
2026/09/22 01:13:25.739, 0, P0, 2422 MHz, 12481 MHz, 332.82 W, 600.00 W, 600.00 W, 54, 38259 MiB, 97 %, 5, 16
2026/09/22 01:13:25.990, 0, P0, 2422 MHz, 12481 MHz, 333.03 W, 600.00 W, 600.00 W, 54, 38259 MiB, 97 %, 5, 16
2026/09/22 01:13:26.241, 0, P0, 2422 MHz, 12481 MHz, 333.11 W, 600.00 W, 600.00 W, 54, 38259 MiB, 97 %, 5, 16
2026/09/22 01:13:26.492, 0, P0, 2422 MHz, 12481 MHz, 332.92 W, 600.00 W, 600.00 W, 54, 38259 MiB, 97 %, 5, 16
2026/09/22 01:13:26.743, 0, P0, 2422 MHz, 12481 MHz, 333.59 W, 600.00 W, 600.00 W, 54, 38259 MiB, 97 %, 5, 16
2026/09/22 01:13:26.994, 0, P0, 2422 MHz, 12481 MHz, 333.34 W, 600.00 W, 600.00 W, 54, 38259 MiB, 97 %, 5, 16
2026/09/22 01:13:27.244, 0, P0, 2422 MHz, 12481 MHz, 333.62 W, 600.00 W, 600.00 W, 54, 38259 MiB, 97 %, 5, 16
2026/09/22 01:13:27.495, 0, P0, 2422 MHz, 12481 MHz, 333.78 W, 600.00 W, 600.00 W, 54, 38259 MiB, 97 %, 5, 16
2026/09/22 01:13:27.746, 0, P0, 2422 MHz, 12481 MHz, 325.81 W, 600.00 W, 600.00 W, 52, 38259 MiB, 97 %, 5, 16
2026/09/22 01:13:27.997, 0, P0, 2422 MHz, 12481 MHz, 254.78 W, 600.00 W, 600.00 W, 49, 38259 MiB, 0 %, 5, 16
2026/09/22 01:13:28.247, 0, P0, 2422 MHz, 12481 MHz, 204.67 W, 600.00 W, 600.00 W, 49, 38259 MiB, 0 %, 5, 16
2026/09/22 01:13:28.498, 0, P0, 2422 MHz, 12481 MHz, 131.33 W, 600.00 W, 600.00 W, 49, 38259 MiB, 0 %, 5, 16
2026/09/22 01:13:28.748, 0, P0, 2422 MHz, 12481 MHz, 92.24 W, 600.00 W, 600.00 W, 49, 38259 MiB, 0 %, 5, 16
2026/09/22 01:13:28.998, 0, P0, 2422 MHz, 12481 MHz, 92.24 W, 600.00 W, 600.00 W, 49, 38259 MiB, 0 %, 5, 16
2026/09/22 01:13:29.248, 0, P0, 2422 MHz, 12481 MHz, 92.24 W, 600.00 W, 600.00 W, 49, 38259 MiB, 0 %, 5, 16
2026/09/22 01:13:29.499, 0, P0, 2422 MHz, 12481 MHz, 92.24 W, 600.00 W, 600.00 W, 49, 38259 MiB, 0 %, 5, 16
2026/09/22 01:13:29.749, 0, P0, 2422 MHz, 12481 MHz, 87.77 W, 600.00 W, 600.00 W, 48, 38259 MiB, 0 %, 5, 16
2026/09/22 01:13:29.999, 0, P0, 2422 MHz, 12481 MHz, 87.96 W, 600.00 W, 600.00 W, 48, 38253 MiB, 0 %, 5, 16
2026/09/22 01:13:30.276, 0, P0, 2422 MHz, 12481 MHz, 91.53 W, 600.00 W, 600.00 W, 48, 0 MiB, 59 %, 5, 16
2026/09/22 01:13:30.526, 0, P0, 2422 MHz, 12481 MHz, 91.17 W, 600.00 W, 600.00 W, 48, 0 MiB, 0 %, 5, 16
2026/09/22 01:13:30.776, 0, P0, 2422 MHz, 12481 MHz, 93.48 W, 600.00 W, 600.00 W, 48, 0 MiB, 0 %, 5, 16
2026/09/22 01:13:31.027, 0, P0, 2422 MHz, 12481 MHz, 94.05 W, 600.00 W, 600.00 W, 47, 0 MiB, 0 %, 5, 16
2026/09/22 01:13:31.277, 0, P0, 2422 MHz, 12481 MHz, 90.33 W, 600.00 W, 600.00 W, 47, 0 MiB, 0 %, 5, 16
2026/09/22 01:13:31.527, 0, P0, 2422 MHz, 12481 MHz, 90.33 W, 600.00 W, 600.00 W, 47, 0 MiB, 0 %, 5, 16
2026/09/22 01:13:31.778, 0, P0, 2422 MHz, 12481 MHz, 90.33 W, 600.00 W, 600.00 W, 47, 0 MiB, 0 %, 5, 16
2026/09/22 01:13:32.028, 0, P0, 2422 MHz, 12481 MHz, 90.33 W, 600.00 W, 600.00 W, 47, 0 MiB, 0 %, 5, 16
