1790287450088 [server] build: memra-0.138.0-5912ba6b909c (id: source-tree, git: c6f9282c26e7)
1790287450088 [server] starting; models config = [("q38", "/root/artifacts/Qwen3.8-27B-NVFP4-Q5K-mtp.gguf", None)]
1790287450088 [gpu-watch] Xid source: journalctl -k -f (/dev/kmsg unreadable — kernel.dmesg_restrict)
1790287450088 [worker-affinity] off (MEMRA_WORKER_CPUSET / MEMRA_WORKER_AFFINITY unset or =0)
1790287450188 [gpu-watch] on: every 60s, probe deadline 10s, fatal after 3 consecutive misses (MEMRA_GPU_PROBE_MISSES), fatal Xid [48, 64, 79, 94, 95, 119, 120]
1790287450310 [worker] Engine ready (device=0, MEMRA_FAST=true)
1790287450310 [spec-gate] policy placement=single-or-non-pp2 LOW=2 HIGH=4 source=placement-default spec-admission=on
1790287450310 [spec-k] automatic table: prompt<1024 -> K=3; cold-long -> K=3; prompt>= 1024 and cached>= 1024 -> K=2 (K=5 when the loaded MTP head is rank-trimmed)
1790287450310 [worker] loading model "q38" <- /root/artifacts/Qwen3.8-27B-NVFP4-Q5K-mtp.gguf
1790287450344 [tensor-contract] bound 866 semantic tensors (pack qwen35, Gguf, output head Separate); every census tensor is claimed and every required tensor is present with its declared shape and storage
1790287454106 [worker]   loaded "q38": 65 layers, eos=248046, stop=[248046]
1790287454106 [worker] q38: template caps tools=true think=true think_switch=true chat_ok=true effort_levels=false qwen_effort=true gemma_think=false dsv4=false glm5=false ctx=262144 tok="qwen35" instruct=Some("chatml") chat_defaults=None/None
1790287454106 [route-contract] model="q38" route=hybrid-worker capacity=64 sessions implemented=[capacity,occupancy,progress,fault-ownership,shutdown-ownership,memory-cost,rewrite-qualification,prime-fairness,service-metrics] refused=[]
1790287454106 [worker] q38: decode wave cap 16; scheduler tick cap 16 (exact-16 tier)
1790287454106 [prefix-cache] on: budget 15883MB (15883042816 B, derived: 2 x 7941521408 B max entry for model "q38" at served ctx 262144 (from checkpoint; MEMRA_CTX unset), requested 15883042816 B; boot driver free 86518333440 B, post-reserve clamp 84907720704 B), policy plain-LRU (global oldest unleased entry first; leases untouchable), min prefix 64 tokens, immediate partial restore=off (rollback) (transformer-only; hybrid mid-entry + routed-MoE N/A)
1790287454106 [admission] "q38": plain 29696 B/token, spec 31552 B/token; fixed residual learns from effective-free deltas
1790287454106 [prime-walk] model="q38" route=mtp supported=true yield_door=true [gdn_dspark_compatible=true mtp_head_loaded=true no_hyper_connections=true no_pipeline_cuts=true]
1790287455138 [fa-pool] grow #0 dev=0 o_len 0 -> 399360 ml_len 0 -> 1560 (retired kept, zero=false)
1790287455151 [func] CAPTURE-TIME kernel lookup (not warmed): embed_gather_u32
1790287455152 [func] CAPTURE-TIME kernel lookup (not warmed): inc_i32
1790287455152 [fa-pool] grow #1 dev=0 o_len 399360 -> 798720 ml_len 1560 -> 3120 (retired kept, zero=false)
1790287455152 [func] CAPTURE-TIME kernel lookup (not warmed): fa_decode_vec_q_v4_deep_dc
1790287455152 [func] CAPTURE-TIME kernel lookup (not warmed): fa_decode_combine_f32
1790287455152 [func] CAPTURE-TIME kernel lookup (not warmed): memra_sctr_inc
1790287455152 [func] CAPTURE-TIME kernel lookup (not warmed): gumbel_perturb_filtered_ctr_f32
1790287455154 [spec] draft-session state high-water: 44MB (max of parked delta 44MB and capture-time pool peak 12MB; charged per spec admission and gating future captures)
1790287455180 [fa-pool] grow #2 dev=0 o_len 798720 -> 1597440 ml_len 3120 -> 6240 (retired kept, zero=false)
1790287455568 [device-trim] reason=calibration-complete {"device":0,"reclaimed_bytes":2483027968,"still_owned_bytes":17283255616,"pool_reserved_bytes":17414750208,"pool_cached_bytes":131494592,"driver_free_bytes":83934642176,"synchronization_errors":[]}
1790287455568 [admit-cal] post-probe pool trim: released 2368MB cached back to the driver
1790287455568 [admit-cal] boot calibration done: model="q38" route=mtp transient floor 2196MB (static was 1536MB; measured 2196MB; probe kv charge 127MB, draft-state 44MB, drafted 63 accepted 42; [dev0 peak-mapped 18976MB rest-mapped 16608MB charged 171MB -> 2196MB]; 1.5s)
1790287455568 [admit-predict] shadow armed: budget_bytes=65879781072 budget_src=derived(effective_free_bytes=84066136768 - prefix_cache_budget_bytes=15883042816 - admission_reserve_bytes=2303312880) exempt_tenants=0 enforce=false (logging only, nothing is rejected; enforcement is a separate flip)
1790287455568 [admit-mem] door=ON open_output_tokens=32768 defer_budget_ms=8000 (admission charges prompt+output, the reclaim flush demotes to the host tier before dropping, and a memory defer past the budget refuses 429 instead of queueing past the client's deadline)
1790287455568 [kv-vmm] door=OFF (MEMRA_KV_ALLOCATOR unset or pooled: pooled K/V planes)
1790287455568 [server] worker ready; serving models: ["q38"]
1790287455568 [server] listening on http://127.0.0.1:18526
1790287456646 [meter] admit id=chatcmpl-adfbe67f04523e8b2d04d232732b9d02 tenant=default lane=interactive model="q38"
1790287456646 [admission] per-session draft-state charge: model="q38" +46MB (measured capture high-water)
1790287456646 [admission] request cost: model="q38" ctx=228 path=spec = 31552 B/token x ctx + 63MB prefill-workspace + 0MB fixed = 70MB
1790287456646 [admit-predict] id=chatcmpl-adfbe67f04523e8b2d04d232732b9d02 tenant="" model="q38" verdict=admit reason=maxtok-fallback prompt=132 predicted_completion=32 kv_hat=115125008 booked_bytes=0 booked_real=0 inflight=0 cap=64 budget_bytes=65879781072 retry_after_s=- exempt=0 enforce=0 live_free_bytes=-
1790287456646 [admit-mem] id=chatcmpl-adfbe67f04523e8b2d04d232732b9d02 model="q38" verdict=admit prompt=132 output_bound=32 charged_ctx=228 est_bytes=2420204800 est_context=7193856 est_fixed=2413010944 device_free=84066136768 pending_prime=0 pending_prime_v1=0 pending_seed=0 host_free=0 demotable=0 short_by=0 inflight=0 cap=64 waited_ms=0 retry_after_s=-
1790287456647 [spec-k] model="q38" tenant="" K=3 source=cold-short prompt=132 cached=0 lcp=0 active=1 wave=1 placement=single-or-non-pp2
1790287456647 [admission] fixed residual high-water: model="q38" 308MB (observed 314MB at ctx 172 path=spec)
1790287456930 [spec-acc] ctx=132 burst=25/27 cum=25/27=0.926
1790287458932 [meter] admit id=chatcmpl-170e2ea6befc514adf8aa1fb10451c9f tenant=default lane=interactive model="q38"
1790287458934 [admission] per-session draft-state charge: model="q38" +46MB (measured capture high-water)
1790287458934 [admission] request cost: model="q38" ctx=34313 path=spec = 31552 B/token x ctx + 710MB prefill-workspace + 308MB fixed = 2101MB
1790287458934 [admit-predict] id=chatcmpl-170e2ea6befc514adf8aa1fb10451c9f tenant="" model="q38" verdict=admit reason=global-p95 prompt=1481 predicted_completion=32 kv_hat=1112380328 booked_bytes=0 booked_real=0 inflight=0 cap=64 budget_bytes=65879781072 retry_after_s=- exempt=0 enforce=0 live_free_bytes=-
1790287458934 [admit-mem] id=chatcmpl-170e2ea6befc514adf8aa1fb10451c9f model="q38" verdict=admit prompt=1481 output_bound=- charged_ctx=34313 est_bytes=4450346392 est_context=1082643776 est_fixed=3367702616 device_free=83435189052 pending_prime=0 pending_prime_v1=0 pending_seed=0 host_free=0 demotable=0 short_by=0 inflight=0 cap=64 waited_ms=0 retry_after_s=-
1790287458934 [worker] spec-affinity: declined (history diverged at 47 of checkpoint 96; 1 parked, 1481 prompt tokens; model q38)
1790287458936 [spec-k] model="q38" tenant="" K=3 source=cold-long prompt=1481 cached=0 lcp=0 active=1 wave=1 placement=single-or-non-pp2
1790287458936 [admission] fixed residual high-water: model="q38" 371MB (observed 1452MB at ctx 34257 path=spec)
1790287459376 [fa-pool] grow #3 dev=0 o_len 1597440 -> 3194880 ml_len 6240 -> 12480 (retired kept, zero=false)
1790287459563 [spec-acc] ctx=1481 burst=23/33 cum=23/33=0.697
1790287459563 [prefix-cache] insert (spec-boundary): 1440 tokens, 202.3MB (resident 202.3MB / 15883MB, model q38)
1790287459725 [spec-acc] ctx=1516 burst=22/30 cum=45/63=0.714
1790287459952 [spec-acc] ctx=1548 burst=19/42 cum=64/105=0.610
1790287460195 [spec-acc] ctx=1581 burst=18/45 cum=82/150=0.547
1790287460406 [spec-acc] ctx=1614 burst=19/39 cum=101/189=0.534
1790287460633 [spec-acc] ctx=1646 burst=20/42 cum=121/231=0.524
1790287460894 [spec-acc] ctx=1680 burst=17/48 cum=138/279=0.495
1790287461122 [spec-acc] ctx=1713 burst=18/42 cum=156/321=0.486
1790287461383 [spec-acc] ctx=1745 burst=16/48 cum=172/369=0.466
1790287461578 [spec-acc] ctx=1777 burst=21/36 cum=193/405=0.477
1790287461823 [spec-acc] ctx=1810 burst=18/45 cum=211/450=0.469
1790287462019 [spec-acc] ctx=1843 burst=20/36 cum=231/486=0.475
1790287462231 [spec-acc] ctx=1875 burst=20/39 cum=251/525=0.478
1790287462410 [spec-acc] ctx=1908 burst=21/33 cum=272/558=0.487
1790287462573 [spec-acc] ctx=1940 burst=23/30 cum=295/588=0.502
1790287462753 [spec-acc] ctx=1973 burst=21/33 cum=316/621=0.509
1790287462883 [spec-acc] ctx=2005 burst=24/24 cum=340/645=0.527
1790287463027 [spec-acc] ctx=2037 burst=26/27 cum=366/672=0.545
1790287463029 [meter] admit id=chatcmpl-f8057fc8592a59632ddb77e9a98b7689 tenant=default lane=interactive model="q38"
1790287463043 [admission] per-session draft-state charge: model="q38" +46MB (measured capture high-water)
1790287463043 [admission] request cost: model="q38" ctx=34313 path=spec = 31552 B/token x ctx + 710MB prefill-workspace + 371MB fixed = 2164MB
1790287463043 [admit-predict] id=chatcmpl-f8057fc8592a59632ddb77e9a98b7689 tenant="" model="q38" verdict=admit reason=global-p95 prompt=1481 predicted_completion=591 kv_hat=1193279656 booked_bytes=0 booked_real=0 inflight=0 cap=64 budget_bytes=65879781072 retry_after_s=- exempt=0 enforce=0 live_free_bytes=-
1790287463043 [admit-mem] id=chatcmpl-f8057fc8592a59632ddb77e9a98b7689 model="q38" verdict=admit prompt=1481 output_bound=- charged_ctx=34313 est_bytes=4513608152 est_context=1082643776 est_fixed=3430964376 device_free=81594336056 pending_prime=0 pending_prime_v1=0 pending_seed=0 host_free=0 demotable=202348544 short_by=0 inflight=0 cap=64 waited_ms=0 retry_after_s=-
1790287463043 [worker] spec-affinity: declined (history diverged at 47 of checkpoint 96; 2 parked, 1481 prompt tokens; model q38)
1790287463044 [spec-k] model="q38" tenant="" K=3 source=cold-long prompt=1481 cached=0 lcp=48 active=1 wave=1 placement=single-or-non-pp2
1790287463721 [spec-acc] ctx=1481 burst=19/42 cum=19/42=0.452
1790287463721 [prefix-cache] insert (spec-boundary): 1440 tokens, 202.3MB (resident 404.7MB / 15883MB, model q38)
1790287463899 [spec-acc] ctx=1515 burst=24/33 cum=43/75=0.573
1790287464061 [spec-acc] ctx=1550 burst=22/30 cum=65/105=0.619
1790287464304 [spec-acc] ctx=1582 burst=19/45 cum=84/150=0.560
1790287464515 [spec-acc] ctx=1616 burst=22/39 cum=106/189=0.561
1790287464726 [spec-acc] ctx=1651 burst=19/39 cum=125/228=0.548
1790287464937 [spec-acc] ctx=1683 burst=22/39 cum=147/267=0.551
1790287465115 [spec-acc] ctx=1718 burst=24/33 cum=171/300=0.570
1790287465343 [spec-acc] ctx=1753 burst=19/42 cum=190/342=0.556
1790287465506 [spec-acc] ctx=1786 burst=25/30 cum=215/372=0.578
1790287465635 [spec-acc] ctx=1821 burst=24/24 cum=239/396=0.604
1790287465637 [meter] admit id=chatcmpl-a9ad95bbf502f1bd5b144902d95aaa68 tenant=default lane=interactive model="q38"
1790287465651 [admission] per-session draft-state charge: model="q38" +46MB (measured capture high-water)
1790287465651 [admission] request cost: model="q38" ctx=34316 path=spec = 31552 B/token x ctx + 711MB prefill-workspace + 371MB fixed = 2165MB
1790287465651 [admit-predict] id=chatcmpl-a9ad95bbf502f1bd5b144902d95aaa68 tenant="" model="q38" verdict=admit reason=global-p95 prompt=1484 predicted_completion=591 kv_hat=1194812008 booked_bytes=0 booked_real=0 inflight=0 cap=64 budget_bytes=65879781072 retry_after_s=- exempt=0 enforce=0 live_free_bytes=-
1790287465651 [admit-mem] id=chatcmpl-a9ad95bbf502f1bd5b144902d95aaa68 model="q38" verdict=admit prompt=1484 output_bound=- charged_ctx=34316 est_bytes=4515140504 est_context=1082738432 est_fixed=3432402072 device_free=80410189496 pending_prime=0 pending_prime_v1=0 pending_seed=0 host_free=0 demotable=404697088 short_by=0 inflight=0 cap=64 waited_ms=0 retry_after_s=-
1790287465651 [worker] spec-affinity: declined (history diverged at 48 of checkpoint 1440; 2 parked, 1484 prompt tokens; model q38)
1790287465652 [spec-k] model="q38" tenant="" K=3 source=cold-long prompt=1484 cached=0 lcp=48 active=1 wave=1 placement=single-or-non-pp2
1790287465652 [admission] fixed residual high-water: model="q38" 371MB (observed 1452MB at ctx 34260 path=spec)
1790287466264 [spec-acc] ctx=1484 burst=22/30 cum=22/30=0.733
1790287466265 [prefix-cache] insert (spec-boundary): 1440 tokens, 202.3MB (resident 607.0MB / 15883MB, model q38)
1790287466491 [spec-acc] ctx=1517 burst=18/42 cum=40/72=0.556
1790287466686 [spec-acc] ctx=1549 burst=22/36 cum=62/108=0.574
1790287466880 [spec-acc] ctx=1583 burst=21/36 cum=83/144=0.576
1790287467091 [spec-acc] ctx=1616 burst=21/39 cum=104/183=0.568
1790287467286 [spec-acc] ctx=1650 burst=20/36 cum=124/219=0.566
1790287467562 [spec-acc] ctx=1682 burst=15/51 cum=139/270=0.515
1790287467758 [spec-acc] ctx=1714 burst=20/36 cum=159/306=0.520
1790287467937 [spec-acc] ctx=1746 burst=21/33 cum=180/339=0.531
1790287468116 [spec-acc] ctx=1778 burst=21/33 cum=201/372=0.540
1790287468298 [spec-acc] ctx=1810 burst=21/33 cum=222/405=0.548
1790287468477 [spec-acc] ctx=1842 burst=21/33 cum=243/438=0.555
1790287468656 [spec-acc] ctx=1874 burst=22/33 cum=265/471=0.563
1790287468786 [spec-acc] ctx=1907 burst=24/24 cum=289/495=0.584
1790287468949 [spec-acc] ctx=1939 burst=24/30 cum=313/525=0.596
1790287469112 [spec-acc] ctx=1973 burst=24/30 cum=337/555=0.607
1790287469243 [spec-acc] ctx=2007 burst=24/24 cum=361/579=0.623
1790287469372 [spec-acc] ctx=2039 burst=24/24 cum=385/603=0.638
1790287469598 [spec-acc] ctx=2071 burst=20/42 cum=405/645=0.628
1790287469600 [meter] admit id=chatcmpl-64df4cfd353e240a872b8216ca2b96df tenant=default lane=interactive model="q38"
1790287469614 [admission] per-session draft-state charge: model="q38" +46MB (measured capture high-water)
1790287469614 [admission] request cost: model="q38" ctx=34316 path=spec = 31552 B/token x ctx + 711MB prefill-workspace + 371MB fixed = 2165MB
1790287469614 [admit-predict] id=chatcmpl-64df4cfd353e240a872b8216ca2b96df tenant="" model="q38" verdict=admit reason=global-p95 prompt=1484 predicted_completion=591 kv_hat=1194817576 booked_bytes=0 booked_real=0 inflight=0 cap=64 budget_bytes=65879781072 retry_after_s=- exempt=0 enforce=0 live_free_bytes=-
1790287469614 [admit-mem] id=chatcmpl-64df4cfd353e240a872b8216ca2b96df model="q38" verdict=admit prompt=1484 output_bound=- charged_ctx=34316 est_bytes=4515146072 est_context=1082738432 est_fixed=3432407640 device_free=80220640568 pending_prime=0 pending_prime_v1=0 pending_seed=0 host_free=0 demotable=607045632 short_by=0 inflight=0 cap=64 waited_ms=0 retry_after_s=-
1790287469614 [worker] spec-affinity: declined (history diverged at 48 of checkpoint 1440; 2 parked, 1484 prompt tokens; model q38)
1790287469614 [spec-k] model="q38" tenant="" K=3 source=cold-long prompt=1484 cached=0 lcp=48 active=1 wave=1 placement=single-or-non-pp2
1790287470292 [spec-acc] ctx=1484 burst=19/42 cum=19/42=0.452
1790287470292 [prefix-cache] insert (spec-boundary): 1440 tokens, 202.3MB (resident 809.4MB / 15883MB, model q38)
1790287470471 [spec-acc] ctx=1518 burst=21/33 cum=40/75=0.533
1790287470665 [spec-acc] ctx=1550 burst=21/36 cum=61/111=0.550
1790287470909 [spec-acc] ctx=1583 burst=17/45 cum=78/156=0.500
1790287471201 [spec-acc] ctx=1615 burst=14/54 cum=92/210=0.438
1790287471428 [spec-acc] ctx=1647 burst=18/42 cum=110/252=0.437
1790287471656 [spec-acc] ctx=1679 burst=20/42 cum=130/294=0.442
1790287471868 [spec-acc] ctx=1713 burst=19/39 cum=149/333=0.447
1790287472096 [spec-acc] ctx=1745 burst=18/42 cum=167/375=0.445
1790287472308 [spec-acc] ctx=1777 burst=20/39 cum=187/414=0.452
1790287472454 [spec-acc] ctx=1810 burst=23/27 cum=210/441=0.476
1790287472666 [spec-acc] ctx=1842 burst=19/39 cum=229/480=0.477
1790287472813 [spec-acc] ctx=1874 burst=23/27 cum=252/507=0.497
1790287472959 [spec-acc] ctx=1906 burst=24/27 cum=276/534=0.517
1790287473173 [spec-acc] ctx=1939 burst=20/39 cum=296/573=0.517
1790287473174 [meter] admit id=chatcmpl-da255b03f157687d451807d8d2c53fb4 tenant=default lane=interactive model="q38"
1790287473188 [admission] per-session draft-state charge: model="q38" +46MB (measured capture high-water)
1790287473188 [admission] request cost: model="q38" ctx=34315 path=spec = 31552 B/token x ctx + 711MB prefill-workspace + 371MB fixed = 2165MB
1790287473188 [admit-predict] id=chatcmpl-da255b03f157687d451807d8d2c53fb4 tenant="" model="q38" verdict=admit reason=global-p95 prompt=1483 predicted_completion=591 kv_hat=1194306792 booked_bytes=0 booked_real=0 inflight=0 cap=64 budget_bytes=65879781072 retry_after_s=- exempt=0 enforce=0 live_free_bytes=-
1790287473188 [admit-mem] id=chatcmpl-da255b03f157687d451807d8d2c53fb4 model="q38" verdict=admit prompt=1483 output_bound=- charged_ctx=34315 est_bytes=4514635288 est_context=1082706880 est_fixed=3431928408 device_free=80018212280 pending_prime=0 pending_prime_v1=0 pending_seed=0 host_free=0 demotable=809394176 short_by=0 inflight=0 cap=64 waited_ms=0 retry_after_s=-
1790287473188 [worker] spec-affinity: declined (history diverged at 48 of checkpoint 1440; 2 parked, 1483 prompt tokens; model q38)
1790287473188 [spec-k] model="q38" tenant="" K=3 source=cold-long prompt=1483 cached=0 lcp=48 active=1 wave=1 placement=single-or-non-pp2
1790287473819 [spec-acc] ctx=1483 burst=21/33 cum=21/33=0.636
1790287473819 [prefix-cache] insert (spec-boundary): 1440 tokens, 202.3MB (resident 1011.7MB / 15883MB, model q38)
1790287474030 [spec-acc] ctx=1516 burst=19/39 cum=40/72=0.556
1790287474208 [spec-acc] ctx=1548 burst=22/33 cum=62/105=0.590
1790287474484 [spec-acc] ctx=1581 burst=15/51 cum=77/156=0.494
1790287474727 [spec-acc] ctx=1613 burst=17/45 cum=94/201=0.468
1790287474938 [spec-acc] ctx=1645 burst=20/39 cum=114/240=0.475
1790287475166 [spec-acc] ctx=1678 burst=20/42 cum=134/282=0.475
1790287475360 [spec-acc] ctx=1712 burst=22/36 cum=156/318=0.491
1790287475556 [spec-acc] ctx=1746 burst=22/36 cum=178/354=0.503
1790287475784 [spec-acc] ctx=1780 burst=21/42 cum=199/396=0.503
1790287475947 [spec-acc] ctx=1815 burst=22/30 cum=221/426=0.519
1790287476176 [spec-acc] ctx=1847 burst=19/42 cum=240/468=0.513
1790287476340 [spec-acc] ctx=1880 burst=23/30 cum=263/498=0.528
1790287476523 [spec-acc] ctx=1913 burst=21/33 cum=284/531=0.535
1790287476670 [spec-acc] ctx=1945 burst=25/27 cum=309/558=0.554
1790287476801 [spec-acc] ctx=1979 burst=24/24 cum=333/582=0.572
1790287476965 [spec-acc] ctx=2011 burst=22/30 cum=355/612=0.580
1790287476969 [meter] admit id=chatcmpl-7cb1f3a4e454a0c64ffef9db3a49b6fe tenant=default lane=interactive model="q38"
1790287476981 [admission] per-session draft-state charge: model="q38" +46MB (measured capture high-water)
1790287476982 [admission] request cost: model="q38" ctx=1875 path=spec = 31552 B/token x ctx + 822MB prefill-workspace + 371MB fixed = 1253MB
1790287476982 [admit-predict] id=chatcmpl-7cb1f3a4e454a0c64ffef9db3a49b6fe tenant="" model="q38" verdict=admit reason=global-p95 prompt=1715 predicted_completion=96 kv_hat=1297190440 booked_bytes=0 booked_real=0 inflight=0 cap=64 budget_bytes=65879781072 retry_after_s=- exempt=0 enforce=0 live_free_bytes=-
1790287476982 [admit-mem] id=chatcmpl-7cb1f3a4e454a0c64ffef9db3a49b6fe model="q38" verdict=admit prompt=1715 output_bound=96 charged_ctx=1875 est_bytes=3602270232 est_context=59160000 est_fixed=3543110232 device_free=79815917624 pending_prime=0 pending_prime_v1=0 pending_seed=0 host_free=0 demotable=1011742720 short_by=0 inflight=0 cap=64 waited_ms=0 retry_after_s=-
1790287476982 [worker] spec-affinity: declined (history diverged at 46 of checkpoint 1440; 2 parked, 1715 prompt tokens; model q38)
1790287476982 [spec-k] model="q38" tenant="" K=3 source=cold-long prompt=1715 cached=0 lcp=46 active=1 wave=1 placement=single-or-non-pp2
1790287477665 [spec-acc] ctx=1715 burst=20/33 cum=20/33=0.606
1790287477665 [prefix-cache] insert (spec-boundary): 1696 tokens, 210.4MB (resident 1222.2MB / 15883MB, model q38)
1790287477860 [spec-acc] ctx=1747 burst=20/36 cum=40/69=0.580
1790287478104 [spec-acc] ctx=1779 burst=17/45 cum=57/114=0.500
1790287478107 [meter] admit id=chatcmpl-9b82f812bcf94a71a1da8cf2a2f758c4 tenant=default lane=interactive model="q38"
1790287478119 [admission] per-session draft-state charge: model="q38" +46MB (measured capture high-water)
1790287478119 [admission] request cost: model="q38" ctx=1874 path=spec = 31552 B/token x ctx + 821MB prefill-workspace + 371MB fixed = 1252MB
1790287478119 [admit-predict] id=chatcmpl-9b82f812bcf94a71a1da8cf2a2f758c4 tenant="" model="q38" verdict=admit reason=global-p95 prompt=1714 predicted_completion=96 kv_hat=1296679656 booked_bytes=0 booked_real=0 inflight=0 cap=64 budget_bytes=65879781072 retry_after_s=- exempt=0 enforce=0 live_free_bytes=-
1790287478119 [admit-mem] id=chatcmpl-9b82f812bcf94a71a1da8cf2a2f758c4 model="q38" verdict=admit prompt=1714 output_bound=96 charged_ctx=1874 est_bytes=3601759448 est_context=59128448 est_fixed=3542631000 device_free=80689301176 pending_prime=0 pending_prime_v1=0 pending_seed=0 host_free=0 demotable=1222168576 short_by=0 inflight=0 cap=64 waited_ms=0 retry_after_s=-
1790287478119 [worker] spec-affinity: declined (history diverged at 46 of checkpoint 1440; 2 parked, 1714 prompt tokens; model q38)
1790287478119 [spec-k] model="q38" tenant="" K=3 source=cold-long prompt=1714 cached=0 lcp=48 active=1 wave=1 placement=single-or-non-pp2
1790287478817 [spec-acc] ctx=1714 burst=20/36 cum=20/36=0.556
1790287478818 [prefix-cache] insert (spec-boundary): 1696 tokens, 210.4MB (resident 1432.6MB / 15883MB, model q38)
1790287479061 [spec-acc] ctx=1747 burst=17/45 cum=37/81=0.457
1790287479289 [spec-acc] ctx=1779 burst=17/42 cum=54/123=0.439
1790287479292 [meter] admit id=chatcmpl-3acc1d109201f75066529de5f52f807b tenant=default lane=interactive model="q38"
1790287479304 [admission] per-session draft-state charge: model="q38" +46MB (measured capture high-water)
1790287479304 [admission] request cost: model="q38" ctx=1873 path=spec = 31552 B/token x ctx + 821MB prefill-workspace + 371MB fixed = 1251MB
1790287479304 [admit-predict] id=chatcmpl-3acc1d109201f75066529de5f52f807b tenant="" model="q38" verdict=admit reason=global-p95 prompt=1713 predicted_completion=96 kv_hat=1296168872 booked_bytes=0 booked_real=0 inflight=0 cap=64 budget_bytes=65879781072 retry_after_s=- exempt=0 enforce=0 live_free_bytes=-
1790287479304 [admit-mem] id=chatcmpl-3acc1d109201f75066529de5f52f807b model="q38" verdict=admit prompt=1713 output_bound=96 charged_ctx=1873 est_bytes=3601248664 est_context=59096896 est_fixed=3542151768 device_free=81562684728 pending_prime=0 pending_prime_v1=0 pending_seed=0 host_free=0 demotable=1432594432 short_by=0 inflight=0 cap=64 waited_ms=0 retry_after_s=-
1790287479304 [worker] spec-affinity: declined (history diverged at 48 of checkpoint 1696; 2 parked, 1713 prompt tokens; model q38)
1790287479304 [spec-k] model="q38" tenant="" K=3 source=cold-long prompt=1713 cached=0 lcp=48 active=1 wave=1 placement=single-or-non-pp2
1790287480002 [spec-acc] ctx=1713 burst=20/36 cum=20/36=0.556
1790287480002 [prefix-cache] insert (spec-boundary): 1696 tokens, 210.4MB (resident 1643.0MB / 15883MB, model q38)
1790287480214 [spec-acc] ctx=1746 burst=19/39 cum=39/75=0.520
1790287480409 [spec-acc] ctx=1778 burst=19/36 cum=58/111=0.523
1790287480412 [meter] admit id=chatcmpl-62c851c283496ececafb0fef2ff59f61 tenant=default lane=interactive model="q38"
1790287480423 [admit-predict] id=chatcmpl-62c851c283496ececafb0fef2ff59f61 tenant="" model="q38" verdict=admit reason=global-p95 prompt=1713 predicted_completion=96 kv_hat=1296168872 booked_bytes=0 booked_real=0 inflight=0 cap=64 budget_bytes=65879781072 retry_after_s=- exempt=0 enforce=0 live_free_bytes=-
1790287480423 [admit-mem] id=chatcmpl-62c851c283496ececafb0fef2ff59f61 model="q38" verdict=admit prompt=1713 output_bound=96 charged_ctx=1873 est_bytes=3601248664 est_context=59096896 est_fixed=3542151768 device_free=81352346168 pending_prime=0 pending_prime_v1=0 pending_seed=0 host_free=0 demotable=1643020288 short_by=0 inflight=0 cap=64 waited_ms=0 retry_after_s=-
1790287480423 [worker] spec-affinity: declined (history diverged at 48 of checkpoint 1696; 2 parked, 1713 prompt tokens; model q38)
1790287480424 [spec-k] model="q38" tenant="" K=3 source=cold-long prompt=1713 cached=0 lcp=48 active=1 wave=1 placement=single-or-non-pp2
1790287481123 [spec-acc] ctx=1713 burst=20/36 cum=20/36=0.556
1790287481123 [prefix-cache] insert (spec-boundary): 1696 tokens, 210.4MB (resident 1853.4MB / 15883MB, model q38)
1790287481302 [spec-acc] ctx=1746 burst=21/33 cum=41/69=0.594
1790287481529 [spec-acc] ctx=1778 burst=18/42 cum=59/111=0.532
1790287481533 [meter] admit id=chatcmpl-1beef898d4e76337cf15eac98d73def9 tenant=default lane=interactive model="q38"
1790287481544 [admission] per-session draft-state charge: model="q38" +46MB (measured capture high-water)
1790287481544 [admission] request cost: model="q38" ctx=1870 path=spec = 31552 B/token x ctx + 819MB prefill-workspace + 371MB fixed = 1250MB
1790287481544 [admit-predict] id=chatcmpl-1beef898d4e76337cf15eac98d73def9 tenant="" model="q38" verdict=admit reason=global-p95 prompt=1710 predicted_completion=96 kv_hat=1294636520 booked_bytes=0 booked_real=0 inflight=0 cap=64 budget_bytes=65879781072 retry_after_s=- exempt=0 enforce=0 live_free_bytes=-
1790287481544 [admit-mem] id=chatcmpl-1beef898d4e76337cf15eac98d73def9 model="q38" verdict=admit prompt=1710 output_bound=96 charged_ctx=1870 est_bytes=3599716312 est_context=59002240 est_fixed=3540714072 device_free=81141974200 pending_prime=0 pending_prime_v1=0 pending_seed=0 host_free=0 demotable=1853446144 short_by=0 inflight=0 cap=64 waited_ms=0 retry_after_s=-
1790287481544 [worker] spec-affinity: declined (history diverged at 48 of checkpoint 1696; 2 parked, 1710 prompt tokens; model q38)
1790287481544 [spec-k] model="q38" tenant="" K=3 source=cold-long prompt=1710 cached=0 lcp=48 active=1 wave=1 placement=single-or-non-pp2
1790287482225 [spec-acc] ctx=1710 burst=19/36 cum=19/36=0.528
1790287482225 [prefix-cache] insert (spec-boundary): 1664 tokens, 209.4MB (resident 2062.9MB / 15883MB, model q38)
1790287482453 [spec-acc] ctx=1742 burst=18/42 cum=37/78=0.474
1790287482681 [spec-acc] ctx=1774 burst=20/42 cum=57/120=0.475
1790287483684 [meter] admit id=chatcmpl-f68aea5490c28adbcffc1d861c267b39 tenant=default lane=interactive model="q38"
1790287483686 [admission] per-session draft-state charge: model="q38" +46MB (measured capture high-water)
1790287483686 [admission] request cost: model="q38" ctx=34404 path=spec = 31552 B/token x ctx + 753MB prefill-workspace + 371MB fixed = 2210MB
1790287483686 [admit-predict] id=chatcmpl-f68aea5490c28adbcffc1d861c267b39 tenant="" model="q38" verdict=admit reason=global-p95 prompt=1572 predicted_completion=591 kv_hat=1239766568 booked_bytes=0 booked_real=0 inflight=0 cap=64 budget_bytes=65879781072 retry_after_s=- exempt=0 enforce=0 live_free_bytes=-
1790287483686 [admit-mem] id=chatcmpl-f68aea5490c28adbcffc1d861c267b39 model="q38" verdict=admit prompt=1572 output_bound=- charged_ctx=34404 est_bytes=4560095064 est_context=1085515008 est_fixed=3474580056 device_free=80932678712 pending_prime=0 pending_prime_v1=0 pending_seed=0 host_free=0 demotable=2062862336 short_by=0 inflight=0 cap=64 waited_ms=0 retry_after_s=-
1790287483687 [prefix-cache] hit: 1440 of 1572 prompt tokens from cache (model q38)
1790287483687 [prefix-cache] spec restore: 1440 of 1572 prompt tokens + draft plane from cache [suffix queued] (model q38)
1790287483687 [spec-k] model="q38" tenant="" K=2 source=cached-long prompt=1572 cached=1440 lcp=1440 active=1 wave=1 placement=single-or-non-pp2
1790287483687 [admission] fixed residual high-water: model="q38" 372MB (observed 1455MB at ctx 34348 path=spec)
1790287484040 [spec-acc] ctx=132 burst=18/28 cum=18/28=0.643
1790287484040 [prefix-cache] insert (spec-boundary): 1536 tokens, 205.4MB (resident 2268.2MB / 15883MB, model q38)
1790287484247 [spec-acc] ctx=165 burst=18/28 cum=36/56=0.643
1790287484454 [spec-acc] ctx=197 burst=20/28 cum=56/84=0.667
1790287484660 [spec-acc] ctx=231 burst=20/28 cum=76/112=0.679
1790287484822 [spec-acc] ctx=265 burst=22/22 cum=98/134=0.731
1790287484999 [spec-acc] ctx=298 burst=21/24 cum=119/158=0.753
1790287485206 [spec-acc] ctx=331 burst=20/28 cum=139/186=0.747
1790287485444 [spec-acc] ctx=365 burst=17/32 cum=156/218=0.716
1790287485652 [spec-acc] ctx=398 burst=19/28 cum=175/246=0.711
1790287485815 [spec-acc] ctx=431 burst=22/22 cum=197/268=0.735
1790287485978 [spec-acc] ctx=464 burst=22/22 cum=219/290=0.755
1790287486170 [spec-acc] ctx=497 burst=21/26 cum=240/316=0.759
1790287486172 [meter] admit id=chatcmpl-2a770ad2e86e2b65ad05ffc850164565 tenant=default lane=interactive model="q38"
1790287486186 [admission] per-session draft-state charge: model="q38" +46MB (measured capture high-water)
1790287486186 [admission] request cost: model="q38" ctx=34397 path=spec = 31552 B/token x ctx + 750MB prefill-workspace + 372MB fixed = 2207MB
1790287486186 [admit-predict] id=chatcmpl-2a770ad2e86e2b65ad05ffc850164565 tenant="" model="q38" verdict=admit reason=global-p95 prompt=1565 predicted_completion=591 kv_hat=1236374888 booked_bytes=0 booked_real=0 inflight=0 cap=64 budget_bytes=65879781072 retry_after_s=- exempt=0 enforce=0 live_free_bytes=-
1790287486186 [admit-mem] id=chatcmpl-2a770ad2e86e2b65ad05ffc850164565 model="q38" verdict=admit prompt=1565 output_bound=- charged_ctx=34397 est_bytes=4556703384 est_context=1085294144 est_fixed=3471409240 device_free=79640526008 pending_prime=0 pending_prime_v1=0 pending_seed=0 host_free=0 demotable=2268239872 short_by=0 inflight=0 cap=64 waited_ms=0 retry_after_s=-
1790287486187 [prefix-cache] hit: 1440 of 1565 prompt tokens from cache (model q38)
1790287486187 [prefix-cache] spec restore: 1440 of 1565 prompt tokens + draft plane from cache [suffix queued] (model q38)
1790287486187 [spec-k] model="q38" tenant="" K=2 source=cached-long prompt=1565 cached=1440 lcp=1440 active=1 wave=1 placement=single-or-non-pp2
1790287486525 [spec-acc] ctx=125 burst=19/26 cum=19/26=0.731
1790287486525 [prefix-cache] insert (spec-boundary): 1536 tokens, 205.4MB (resident 2473.6MB / 15883MB, model q38)
1790287486717 [spec-acc] ctx=158 burst=20/26 cum=39/52=0.750
1790287486924 [spec-acc] ctx=191 burst=18/28 cum=57/80=0.713
1790287487160 [spec-acc] ctx=223 burst=16/32 cum=73/112=0.652
1790287487367 [spec-acc] ctx=255 burst=20/28 cum=93/140=0.664
1790287487544 [spec-acc] ctx=289 burst=21/24 cum=114/164=0.695
1790287487707 [spec-acc] ctx=322 burst=22/22 cum=136/186=0.731
1790287487959 [spec-acc] ctx=355 burst=16/34 cum=152/220=0.691
1790287487960 [meter] admit id=chatcmpl-47c70feccfbc9d438c0b3e31e72ea05d tenant=default lane=interactive model="q38"
1790287487975 [admission] per-session draft-state charge: model="q38" +46MB (measured capture high-water)
1790287487975 [admission] request cost: model="q38" ctx=34427 path=spec = 31552 B/token x ctx + 764MB prefill-workspace + 372MB fixed = 2222MB
1790287487975 [admit-predict] id=chatcmpl-47c70feccfbc9d438c0b3e31e72ea05d tenant="" model="q38" verdict=admit reason=global-p95 prompt=1595 predicted_completion=591 kv_hat=1251698408 booked_bytes=0 booked_real=0 inflight=0 cap=64 budget_bytes=65879781072 retry_after_s=- exempt=0 enforce=0 live_free_bytes=-
1790287487975 [admit-mem] id=chatcmpl-47c70feccfbc9d438c0b3e31e72ea05d model="q38" verdict=admit prompt=1595 output_bound=- charged_ctx=34427 est_bytes=4572026904 est_context=1086240704 est_fixed=3485786200 device_free=78348506936 pending_prime=0 pending_prime_v1=0 pending_seed=0 host_free=0 demotable=2473617408 short_by=0 inflight=0 cap=64 waited_ms=0 retry_after_s=-
1790287487976 [prefix-cache] hit: 1440 of 1595 prompt tokens from cache (model q38)
1790287487976 [prefix-cache] spec restore: 1440 of 1595 prompt tokens + draft plane from cache [suffix queued] (model q38)
1790287487976 [spec-k] model="q38" tenant="" K=2 source=cached-long prompt=1595 cached=1440 lcp=1440 active=1 wave=1 placement=single-or-non-pp2
1790287487977 [admission] fixed residual high-water: model="q38" 372MB (observed 1456MB at ctx 34371 path=spec)
1790287488331 [spec-acc] ctx=155 burst=17/28 cum=17/28=0.607
1790287488331 [prefix-cache] insert (spec-boundary): 1568 tokens, 206.4MB (resident 2680.0MB / 15883MB, model q38)
1790287488538 [spec-acc] ctx=187 burst=19/28 cum=36/56=0.643
1790287488775 [spec-acc] ctx=220 burst=17/32 cum=53/88=0.602
1790287489012 [spec-acc] ctx=253 burst=16/32 cum=69/120=0.575
1790287489205 [spec-acc] ctx=285 burst=20/26 cum=89/146=0.610
1790287489397 [spec-acc] ctx=318 burst=21/26 cum=110/172=0.640
1790287489559 [spec-acc] ctx=352 burst=22/22 cum=132/194=0.680
1790287489560 [meter] admit id=chatcmpl-81239cf5aa8afb1ccf22af0f67af224e tenant=default lane=interactive model="q38"
1790287489575 [admission] per-session draft-state charge: model="q38" +46MB (measured capture high-water)
1790287489575 [admission] request cost: model="q38" ctx=34395 path=spec = 31552 B/token x ctx + 749MB prefill-workspace + 372MB fixed = 2206MB
1790287489575 [admit-predict] id=chatcmpl-81239cf5aa8afb1ccf22af0f67af224e tenant="" model="q38" verdict=admit reason=global-p95 prompt=1563 predicted_completion=591 kv_hat=1235396008 booked_bytes=0 booked_real=0 inflight=0 cap=64 budget_bytes=65879781072 retry_after_s=- exempt=0 enforce=0 live_free_bytes=-
1790287489575 [admit-mem] id=chatcmpl-81239cf5aa8afb1ccf22af0f67af224e model="q38" verdict=admit prompt=1563 output_bound=- charged_ctx=34395 est_bytes=4555724504 est_context=1085231040 est_fixed=3470493464 device_free=78141371832 pending_prime=0 pending_prime_v1=0 pending_seed=0 host_free=0 demotable=2680004608 short_by=0 inflight=0 cap=64 waited_ms=0 retry_after_s=-
1790287489576 [prefix-cache] hit: 1440 of 1563 prompt tokens from cache (model q38)
1790287489576 [prefix-cache] spec restore: 1440 of 1563 prompt tokens + draft plane from cache [suffix queued] (model q38)
1790287489576 [spec-k] model="q38" tenant="" K=2 source=cached-long prompt=1563 cached=1440 lcp=1440 active=1 wave=1 placement=single-or-non-pp2
1790287489915 [spec-acc] ctx=123 burst=18/26 cum=18/26=0.692
1790287489915 [prefix-cache] insert (spec-boundary): 1536 tokens, 205.4MB (resident 2885.4MB / 15883MB, model q38)
1790287490152 [spec-acc] ctx=155 burst=17/32 cum=35/58=0.603
1790287490388 [spec-acc] ctx=188 burst=16/32 cum=51/90=0.567
1790287490581 [spec-acc] ctx=220 burst=19/26 cum=70/116=0.603
1790287490757 [spec-acc] ctx=252 burst=22/24 cum=92/140=0.657
1790287490950 [spec-acc] ctx=286 burst=19/26 cum=111/166=0.669
1790287491142 [spec-acc] ctx=318 burst=20/26 cum=131/192=0.682
1790287491395 [spec-acc] ctx=351 burst=15/34 cum=146/226=0.646
1790287491557 [spec-acc] ctx=383 burst=22/22 cum=168/248=0.677
1790287491719 [spec-acc] ctx=416 burst=22/22 cum=190/270=0.704
1790287491913 [spec-acc] ctx=449 burst=21/26 cum=211/296=0.713
1790287492121 [spec-acc] ctx=483 burst=19/28 cum=230/324=0.710
1790287492283 [spec-acc] ctx=516 burst=22/22 cum=252/346=0.728
1790287492446 [spec-acc] ctx=549 burst=22/22 cum=274/368=0.745
1790287492638 [spec-acc] ctx=582 burst=19/26 cum=293/394=0.744
1790287492640 [meter] admit id=chatcmpl-b6de912cae3c14dc8cd2ef76f557cd6d tenant=default lane=interactive model="q38"
1790287492654 [admission] per-session draft-state charge: model="q38" +46MB (measured capture high-water)
1790287492654 [admission] request cost: model="q38" ctx=34412 path=spec = 31552 B/token x ctx + 757MB prefill-workspace + 372MB fixed = 2215MB
1790287492654 [admit-predict] id=chatcmpl-b6de912cae3c14dc8cd2ef76f557cd6d tenant="" model="q38" verdict=admit reason=global-p95 prompt=1580 predicted_completion=591 kv_hat=1244079336 booked_bytes=0 booked_real=0 inflight=0 cap=64 budget_bytes=65879781072 retry_after_s=- exempt=0 enforce=0 live_free_bytes=-
1790287492654 [admit-mem] id=chatcmpl-b6de912cae3c14dc8cd2ef76f557cd6d model="q38" verdict=admit prompt=1580 output_bound=- charged_ctx=34412 est_bytes=4564407832 est_context=1085767424 est_fixed=3478640408 device_free=77936081592 pending_prime=0 pending_prime_v1=0 pending_seed=0 host_free=0 demotable=2885382144 short_by=0 inflight=0 cap=64 waited_ms=0 retry_after_s=-
1790287492655 [prefix-cache] hit: 1440 of 1580 prompt tokens from cache (model q38)
1790287492655 [prefix-cache] spec restore: 1440 of 1580 prompt tokens + draft plane from cache [suffix queued] (model q38)
1790287492655 [spec-k] model="q38" tenant="" K=2 source=cached-long prompt=1580 cached=1440 lcp=1440 active=1 wave=1 placement=single-or-non-pp2
1790287493008 [spec-acc] ctx=140 burst=17/28 cum=17/28=0.607
1790287493008 [prefix-cache] insert (spec-boundary): 1536 tokens, 205.4MB (resident 3090.8MB / 15883MB, model q38)
1790287493230 [spec-acc] ctx=172 burst=18/30 cum=35/58=0.603
1790287493482 [spec-acc] ctx=205 burst=17/34 cum=52/92=0.565
1790287493749 [spec-acc] ctx=239 burst=14/36 cum=66/128=0.516
1790287493956 [spec-acc] ctx=271 burst=20/28 cum=86/156=0.551
1790287494164 [spec-acc] ctx=305 burst=20/28 cum=106/184=0.576
1790287494326 [spec-acc] ctx=339 burst=22/22 cum=128/206=0.621
1790287494549 [spec-acc] ctx=372 burst=18/30 cum=146/236=0.619
1790287494756 [spec-acc] ctx=405 burst=19/28 cum=165/264=0.625
1790287494964 [spec-acc] ctx=438 burst=20/28 cum=185/292=0.634
1790287495127 [spec-acc] ctx=472 burst=22/22 cum=207/314=0.659
1790287495289 [spec-acc] ctx=505 burst=22/22 cum=229/336=0.682
1790287495452 [spec-acc] ctx=538 burst=21/22 cum=250/358=0.698
1790287495630 [spec-acc] ctx=570 burst=20/24 cum=270/382=0.707
1790287495792 [spec-acc] ctx=602 burst=22/22 cum=292/404=0.723
1790287495953 [spec-acc] ctx=635 burst=22/22 cum=314/426=0.737
1790287496113 [spec-acc] ctx=668 burst=22/22 cum=336/448=0.750
1790287499123 [meter] admit id=chatcmpl-9e134feab0b7d9788f0ee76025a33bc3 tenant=default lane=interactive model="q38"
1790287499123 [meter] admit id=chatcmpl-f5c1665fb247d38e470f838731ce2133 tenant=default lane=interactive model="q38"
1790287499123 [meter] admit id=chatcmpl-8a7a215c470ae615ae1b82bfb0b2f898 tenant=default lane=interactive model="q38"
1790287499123 [meter] admit id=chatcmpl-005f411c6f0339e776e6c84a61069039 tenant=default lane=interactive model="q38"
1790287499123 [meter] admit id=chatcmpl-9b2b787ac30fd18349063e844c45de41 tenant=default lane=interactive model="q38"
1790287499123 [meter] admit id=chatcmpl-f709accfaff72661e99800f57fe460a2 tenant=default lane=interactive model="q38"
1790287499123 [meter] admit id=chatcmpl-4b272d6986d9974d77c7abaea085db56 tenant=default lane=interactive model="q38"
1790287499123 [meter] admit id=chatcmpl-fd0963a404c118adb34eae52792a5b3a tenant=default lane=interactive model="q38"
1790287499123 [meter] admit id=chatcmpl-1c0d2ec807828c1129395a1db60f3bb0 tenant=default lane=interactive model="q38"
1790287499123 [meter] admit id=chatcmpl-7f8f0b3fbea36717926a3c7ce4bb91ba tenant=default lane=interactive model="q38"
1790287499124 [meter] admit id=chatcmpl-fb5c2281f4385ffd110cd1e0f2050623 tenant=default lane=interactive model="q38"
1790287499124 [meter] admit id=chatcmpl-11ee5ba1b34cd29241d83da6d9c62c26 tenant=default lane=interactive model="q38"
1790287499124 [meter] admit id=chatcmpl-dc3471175579653ffffefe5dee95365e tenant=default lane=interactive model="q38"
1790287499124 [meter] admit id=chatcmpl-591c2eb31e5027f4441a12b0e12a1b97 tenant=default lane=interactive model="q38"
1790287499124 [meter] admit id=chatcmpl-185b2818fc02ef953750cbcb7aa53c22 tenant=default lane=interactive model="q38"
1790287499124 [meter] admit id=chatcmpl-36dffc11a6bfc8da61f9a8344f04916f tenant=default lane=interactive model="q38"
1790287499124 [meter] admit id=chatcmpl-17698e91fed8d5cd3e17b83dc966b42f tenant=default lane=interactive model="q38"
1790287499124 [meter] admit id=chatcmpl-35e9f52b86e6626afa23ec80970370d4 tenant=default lane=interactive model="q38"
1790287499125 [admission] request cost: model="q38" ctx=34205 path=plain = 29696 B/token x ctx + 658MB prefill-workspace + 372MB fixed = 2045MB
1790287499125 [admit-predict] id=chatcmpl-9e134feab0b7d9788f0ee76025a33bc3 tenant="" model="q38" verdict=admit reason=global-p95 prompt=1373 predicted_completion=591 kv_hat=1088247576 booked_bytes=0 booked_real=0 inflight=0 cap=64 budget_bytes=65879781072 retry_after_s=- exempt=0 enforce=0 live_free_bytes=-
1790287499125 [admit-mem] id=chatcmpl-9e134feab0b7d9788f0ee76025a33bc3 model="q38" verdict=admit prompt=1373 output_bound=- charged_ctx=34205 est_bytes=4348751624 est_context=1015751680 est_fixed=3332999944 device_free=77731225656 pending_prime=0 pending_prime_v1=0 pending_seed=0 host_free=0 demotable=3090759680 short_by=0 inflight=0 cap=64 waited_ms=0 retry_after_s=-
1790287499126 [spec-k] model="q38" tenant="" K=0 source=concurrency prompt=1373 cached=0 lcp=46 active=1 wave=18 placement=single-or-non-pp2
1790287499127 [admission] request cost: model="q38" ctx=34206 path=plain = 29696 B/token x ctx + 658MB prefill-workspace + 372MB fixed = 2046MB
1790287499127 [admit-predict] id=chatcmpl-f5c1665fb247d38e470f838731ce2133 tenant="" model="q38" verdict=admit reason=global-p95 prompt=1374 predicted_completion=591 kv_hat=1088756504 booked_bytes=1088247576 booked_real=2045438744 inflight=1 cap=64 budget_bytes=65879781072 retry_after_s=- exempt=0 enforce=0 live_free_bytes=-
1790287499127 [admit-mem] id=chatcmpl-f5c1665fb247d38e470f838731ce2133 model="q38" verdict=admit prompt=1374 output_bound=- charged_ctx=34206 est_bytes=4349260552 est_context=1015781376 est_fixed=3333479176 device_free=76146568868 pending_prime=0 pending_prime_v1=657985536 pending_seed=199299072 host_free=0 demotable=3090759680 short_by=0 inflight=1 cap=64 waited_ms=0 retry_after_s=-
1790287499128 [spec-k] model="q38" tenant="" K=0 source=concurrency prompt=1374 cached=0 lcp=46 active=2 wave=18 placement=single-or-non-pp2
1790287499141 [meter] admit id=chatcmpl-b68143f1ee155a43252725e1327280fa tenant=default lane=interactive model="q38"
1790287499141 [meter] admit id=chatcmpl-89c1cfdb2a7c923b9707cfcff726056f tenant=default lane=interactive model="q38"
1790287499141 [meter] admit id=chatcmpl-a74380b767b65637b5f97dd5b08ab78e tenant=default lane=interactive model="q38"
1790287499141 [meter] admit id=chatcmpl-373c7a2823c8894c7085f3dcf748bf6b tenant=default lane=interactive model="q38"
1790287499141 [meter] admit id=chatcmpl-a58b910a57afa25c64364fed386f3e18 tenant=default lane=interactive model="q38"
1790287499141 [meter] admit id=chatcmpl-38d28de862e479810c9b3403dfd209e9 tenant=default lane=interactive model="q38"
1790287499141 [meter] admit id=chatcmpl-8d423d4486d5d9b9a40c0c66f159821a tenant=default lane=interactive model="q38"
1790287499141 [meter] admit id=chatcmpl-d8eec3cbea5978bf426e12cf533756d5 tenant=default lane=interactive model="q38"
1790287499141 [meter] admit id=chatcmpl-5a2fc99488644d0d308b8a097ad793fc tenant=default lane=interactive model="q38"
1790287499141 [meter] admit id=chatcmpl-dd3f5799e654468ccf991eca69a24fc5 tenant=default lane=interactive model="q38"
1790287499141 [meter] admit id=chatcmpl-bec256d2cd0e330d4affb92e4354c245 tenant=default lane=interactive model="q38"
1790287499141 [meter] admit id=chatcmpl-cb882d5806b5ddacbd23ebca756a8d78 tenant=default lane=interactive model="q38"
1790287499141 [meter] admit id=chatcmpl-f4b1bf77dee40e9c2ab90d000e697015 tenant=default lane=interactive model="q38"
1790287499141 [meter] admit id=chatcmpl-889838d40806f2f1a7640a90ecb78be1 tenant=default lane=interactive model="q38"
1790287499141 [meter] admit id=chatcmpl-73d13da72dd615a935c105ec10ed2b52 tenant=default lane=interactive model="q38"
1790287499141 [meter] admit id=chatcmpl-369a902e1a656ce8efe7bdc1085b407f tenant=default lane=interactive model="q38"
1790287499141 [meter] admit id=chatcmpl-eae79c1965ebf67e6f3b8fb4574bfcd3 tenant=default lane=interactive model="q38"
1790287499141 [meter] admit id=chatcmpl-95b318c45de2d96ec98a96121e26fad2 tenant=default lane=interactive model="q38"
1790287499141 [meter] admit id=chatcmpl-64514cda33165b487a809a3d7712bdaa tenant=default lane=interactive model="q38"
1790287499141 [meter] admit id=chatcmpl-62cfb084ad119ab0fee289de453b1474 tenant=default lane=interactive model="q38"
1790287499142 [meter] admit id=chatcmpl-e9e83668ea1892cba5f0ce91098cd504 tenant=default lane=interactive model="q38"
1790287499142 [meter] admit id=chatcmpl-1f30597f68229e3e3fc23d97626767f4 tenant=default lane=interactive model="q38"
1790287499142 [meter] admit id=chatcmpl-af1e7da7767cc66f86cc5729a8df4711 tenant=default lane=interactive model="q38"
1790287499142 [meter] admit id=chatcmpl-1ff8abdea2c49bbdfd5ecf88cc5c80b0 tenant=default lane=interactive model="q38"
1790287499142 [meter] admit id=chatcmpl-a43bbd277ed6ded4c585350c4f975383 tenant=default lane=interactive model="q38"
1790287499142 [meter] admit id=chatcmpl-8b0667dae566af37b22d1db319ef1e32 tenant=default lane=interactive model="q38"
1790287499142 [meter] admit id=chatcmpl-38b738e552c081276668cd54b0c1c9a6 tenant=default lane=interactive model="q38"
1790287499142 [meter] admit id=chatcmpl-a15b2f43785831468a491a9394335df8 tenant=default lane=interactive model="q38"
1790287499142 [meter] admit id=chatcmpl-1fd35f03073b81609eca449958252228 tenant=default lane=interactive model="q38"
1790287499142 [meter] admit id=chatcmpl-609b52a490c75c052012b7da27df7cbe tenant=default lane=interactive model="q38"
1790287499142 [meter] admit id=chatcmpl-33e7b569e02c028bb9b598df7a638b94 tenant=default lane=interactive model="q38"
1790287499142 [meter] admit id=chatcmpl-9353dd8e41bf14f6f45f9a6eef4b6c05 tenant=default lane=interactive model="q38"
1790287499142 [meter] admit id=chatcmpl-20b3cfa4c65d9c8ba83316921edbfe9c tenant=default lane=interactive model="q38"
1790287499142 [meter] admit id=chatcmpl-6c976c1ba30fd2c4694390a2d6ccfb1f tenant=default lane=interactive model="q38"
1790287499142 [meter] admit id=chatcmpl-97dad1762177c1bfd4fa55553485f29f tenant=default lane=interactive model="q38"
1790287499142 [meter] admit id=chatcmpl-74cabf7d23ccb80a10f23ce8023e79d1 tenant=default lane=interactive model="q38"
1790287499142 [meter] admit id=chatcmpl-6140e945d364c162205fbe3047bfb8da tenant=default lane=interactive model="q38"
1790287499142 [meter] admit id=chatcmpl-7686723d479f1ea6bc7871ef51afb38f tenant=default lane=interactive model="q38"
1790287499142 [meter] admit id=chatcmpl-0d0d63344ef47bb4580c878ec15f400e tenant=default lane=interactive model="q38"
1790287499142 [meter] admit id=chatcmpl-ff14d919ec53d82ab25bca8954de8ab6 tenant=default lane=interactive model="q38"
1790287499142 [meter] admit id=chatcmpl-d203d016a491025b6e1a5125f48c8ee4 tenant=default lane=interactive model="q38"
1790287499142 [meter] admit id=chatcmpl-08c5dffd4f40020b9f0c6dcd02fff8ad tenant=default lane=interactive model="q38"
1790287499142 [meter] admit id=chatcmpl-7cc67c169cd61bbb13bf05fde9866c72 tenant=default lane=interactive model="q38"
1790287499142 [meter] admit id=chatcmpl-8087f4e04acc2323fe6dea2cd2c3511b tenant=default lane=interactive model="q38"
1790287499142 [meter] admit id=chatcmpl-a179a429acf03b94fa867d6994fc230b tenant=default lane=interactive model="q38"
1790287499142 [meter] admit id=chatcmpl-8e4f23cbbf1d95284612c15440e8e67a tenant=default lane=interactive model="q38"
1790287499619 [admission] request cost: model="q38" ctx=34207 path=plain = 29696 B/token x ctx + 659MB prefill-workspace + 372MB fixed = 2046MB
1790287499619 [admit-predict] id=chatcmpl-8a7a215c470ae615ae1b82bfb0b2f898 tenant="" model="q38" verdict=admit reason=global-p95 prompt=1375 predicted_completion=591 kv_hat=1089265432 booked_bytes=2177004080 booked_real=4091386416 inflight=2 cap=64 budget_bytes=65879781072 retry_after_s=- exempt=0 enforce=0 live_free_bytes=-
1790287499619 [admit-mem] id=chatcmpl-8a7a215c470ae615ae1b82bfb0b2f898 model="q38" verdict=admit prompt=1375 output_bound=- charged_ctx=34207 est_bytes=4349769480 est_context=1015811072 est_fixed=3333958408 device_free=74566869456 pending_prime=0 pending_prime_v1=334983168 pending_seed=393609216 host_free=0 demotable=3090759680 short_by=0 inflight=2 cap=64 waited_ms=0 retry_after_s=-
1790287499621 [spec-k] model="q38" tenant="" K=0 source=concurrency prompt=1375 cached=0 lcp=46 active=3 wave=64 placement=single-or-non-pp2
1790287499622 [admission] request cost: model="q38" ctx=34204 path=plain = 29696 B/token x ctx + 658MB prefill-workspace + 372MB fixed = 2045MB
1790287499622 [admit-predict] id=chatcmpl-005f411c6f0339e776e6c84a61069039 tenant="" model="q38" verdict=admit reason=global-p95 prompt=1372 predicted_completion=591 kv_hat=1087738648 booked_bytes=3266269512 booked_real=6137843016 inflight=3 cap=64 budget_bytes=65879781072 retry_after_s=- exempt=0 enforce=0 live_free_bytes=-
1790287499622 [admit-mem] id=chatcmpl-005f411c6f0339e776e6c84a61069039 model="q38" verdict=admit prompt=1372 output_bound=- charged_ctx=34204 est_bytes=4348242696 est_context=1015721984 est_fixed=3332520712 device_free=72982149564 pending_prime=0 pending_prime_v1=993927168 pending_seed=592908288 host_free=0 demotable=3090759680 short_by=0 inflight=3 cap=64 waited_ms=0 retry_after_s=-
1790287499623 [spec-k] model="q38" tenant="" K=0 source=concurrency prompt=1372 cached=0 lcp=46 active=4 wave=64 placement=single-or-non-pp2
1790287499624 [admission] request cost: model="q38" ctx=34207 path=plain = 29696 B/token x ctx + 659MB prefill-workspace + 372MB fixed = 2046MB
1790287499624 [admit-predict] id=chatcmpl-9b2b787ac30fd18349063e844c45de41 tenant="" model="q38" verdict=admit reason=global-p95 prompt=1375 predicted_completion=591 kv_hat=1089265432 booked_bytes=4354008160 booked_real=8182772832 inflight=4 cap=64 budget_bytes=65879781072 retry_after_s=- exempt=0 enforce=0 live_free_bytes=-
1790287499624 [admit-mem] id=chatcmpl-9b2b787ac30fd18349063e844c45de41 model="q38" verdict=admit prompt=1375 output_bound=- charged_ctx=34207 est_bytes=4349769480 est_context=1015811072 est_fixed=3333958408 device_free=71397524328 pending_prime=0 pending_prime_v1=1651433472 pending_seed=792207360 host_free=0 demotable=3090759680 short_by=0 inflight=4 cap=64 waited_ms=0 retry_after_s=-
1790287499626 [spec-k] model="q38" tenant="" K=0 source=concurrency prompt=1375 cached=0 lcp=46 active=5 wave=64 placement=single-or-non-pp2
1790287499627 [admission] request cost: model="q38" ctx=34202 path=plain = 29696 B/token x ctx + 657MB prefill-workspace + 372MB fixed = 2044MB
1790287499627 [admit-predict] id=chatcmpl-f709accfaff72661e99800f57fe460a2 tenant="" model="q38" verdict=admit reason=global-p95 prompt=1370 predicted_completion=591 kv_hat=1086720792 booked_bytes=5443273592 booked_real=10229229432 inflight=5 cap=64 budget_bytes=65879781072 retry_after_s=- exempt=0 enforce=0 live_free_bytes=-
1790287499627 [admit-mem] id=chatcmpl-f709accfaff72661e99800f57fe460a2 model="q38" verdict=admit prompt=1370 output_bound=- charged_ctx=34202 est_bytes=4347224840 est_context=1015662592 est_fixed=3331562248 device_free=69812804436 pending_prime=0 pending_prime_v1=2310377472 pending_seed=991506432 host_free=0 demotable=3090759680 short_by=0 inflight=5 cap=64 waited_ms=0 retry_after_s=-
1790287499628 [spec-k] model="q38" tenant="" K=0 source=concurrency prompt=1370 cached=0 lcp=46 active=6 wave=64 placement=single-or-non-pp2
1790287499630 [admission] request cost: model="q38" ctx=34204 path=plain = 29696 B/token x ctx + 658MB prefill-workspace + 372MB fixed = 2045MB
1790287499630 [admit-predict] id=chatcmpl-4b272d6986d9974d77c7abaea085db56 tenant="" model="q38" verdict=admit reason=global-p95 prompt=1372 predicted_completion=591 kv_hat=1087738648 booked_bytes=6529994384 booked_real=12273141392 inflight=6 cap=64 budget_bytes=65879781072 retry_after_s=- exempt=0 enforce=0 live_free_bytes=-
1790287499630 [admit-mem] id=chatcmpl-4b272d6986d9974d77c7abaea085db56 model="q38" verdict=admit prompt=1372 output_bound=- charged_ctx=34204 est_bytes=4348242696 est_context=1015721984 est_fixed=3332520712 device_free=68228242304 pending_prime=0 pending_prime_v1=2966925312 pending_seed=1190805504 host_free=0 demotable=3090759680 short_by=0 inflight=6 cap=64 waited_ms=0 retry_after_s=-
1790287499631 [spec-k] model="q38" tenant="" K=0 source=concurrency prompt=1372 cached=0 lcp=46 active=7 wave=64 placement=single-or-non-pp2
1790287499632 [admission] request cost: model="q38" ctx=34207 path=plain = 29696 B/token x ctx + 659MB prefill-workspace + 372MB fixed = 2046MB
1790287499632 [admit-predict] id=chatcmpl-fd0963a404c118adb34eae52792a5b3a tenant="" model="q38" verdict=admit reason=global-p95 prompt=1375 predicted_completion=591 kv_hat=1089265432 booked_bytes=7617733032 booked_real=14318071208 inflight=7 cap=64 budget_bytes=65879781072 retry_after_s=- exempt=0 enforce=0 live_free_bytes=-
1790287499632 [admit-mem] id=chatcmpl-fd0963a404c118adb34eae52792a5b3a model="q38" verdict=admit prompt=1375 output_bound=- charged_ctx=34207 est_bytes=4349769480 est_context=1015811072 est_fixed=3333958408 device_free=66643617068 pending_prime=0 pending_prime_v1=3624431616 pending_seed=1390104576 host_free=0 demotable=3090759680 short_by=0 inflight=7 cap=64 waited_ms=0 retry_after_s=-
1790287499634 [spec-k] model="q38" tenant="" K=0 source=concurrency prompt=1375 cached=0 lcp=46 active=8 wave=64 placement=single-or-non-pp2
1790287499635 [admission] request cost: model="q38" ctx=34208 path=plain = 29696 B/token x ctx + 659MB prefill-workspace + 372MB fixed = 2047MB
1790287499635 [admit-predict] id=chatcmpl-1c0d2ec807828c1129395a1db60f3bb0 tenant="" model="q38" verdict=admit reason=global-p95 prompt=1376 predicted_completion=591 kv_hat=1089774360 booked_bytes=8706998464 booked_real=16364527808 inflight=8 cap=64 budget_bytes=65879781072 retry_after_s=- exempt=0 enforce=0 live_free_bytes=-
1790287499635 [admit-mem] id=chatcmpl-1c0d2ec807828c1129395a1db60f3bb0 model="q38" verdict=admit prompt=1376 output_bound=- charged_ctx=34208 est_bytes=4350278408 est_context=1015840768 est_fixed=3334437640 device_free=65058897176 pending_prime=0 pending_prime_v1=4283375616 pending_seed=1589403648 host_free=0 demotable=3090759680 short_by=0 inflight=8 cap=64 waited_ms=0 retry_after_s=-
1790287499636 [spec-k] model="q38" tenant="" K=0 source=concurrency prompt=1376 cached=0 lcp=46 active=9 wave=64 placement=single-or-non-pp2
1790287499637 [admission] request cost: model="q38" ctx=34205 path=plain = 29696 B/token x ctx + 658MB prefill-workspace + 372MB fixed = 2045MB
1790287499637 [admit-predict] id=chatcmpl-7f8f0b3fbea36717926a3c7ce4bb91ba tenant="" model="q38" verdict=admit reason=global-p95 prompt=1373 predicted_completion=591 kv_hat=1088247576 booked_bytes=9796772824 booked_real=18411493336 inflight=9 cap=64 budget_bytes=65879781072 retry_after_s=- exempt=0 enforce=0 live_free_bytes=-
1790287499637 [admit-mem] id=chatcmpl-7f8f0b3fbea36717926a3c7ce4bb91ba model="q38" verdict=admit prompt=1373 output_bound=- charged_ctx=34205 est_bytes=4348751624 est_context=1015751680 est_fixed=3332999944 device_free=63473136068 pending_prime=0 pending_prime_v1=4942798848 pending_seed=1789712384 host_free=0 demotable=3090759680 short_by=0 inflight=9 cap=64 waited_ms=0 retry_after_s=-
1790287499639 [spec-k] model="q38" tenant="" K=0 source=concurrency prompt=1373 cached=0 lcp=46 active=10 wave=64 placement=single-or-non-pp2
1790287499640 [admission] request cost: model="q38" ctx=34206 path=plain = 29696 B/token x ctx + 658MB prefill-workspace + 372MB fixed = 2046MB
1790287499640 [admit-predict] id=chatcmpl-fb5c2281f4385ffd110cd1e0f2050623 tenant="" model="q38" verdict=admit reason=global-p95 prompt=1374 predicted_completion=591 kv_hat=1088756504 booked_bytes=10885020400 booked_real=20456932080 inflight=10 cap=64 budget_bytes=65879781072 retry_after_s=- exempt=0 enforce=0 live_free_bytes=-
1790287499640 [admit-mem] id=chatcmpl-fb5c2281f4385ffd110cd1e0f2050623 model="q38" verdict=admit prompt=1374 output_bound=- charged_ctx=34206 est_bytes=4349260552 est_context=1015781376 est_fixed=3333479176 device_free=61888479280 pending_prime=0 pending_prime_v1=5600784384 pending_seed=1989011456 host_free=0 demotable=3090759680 short_by=0 inflight=10 cap=64 waited_ms=0 retry_after_s=-
1790287499641 [spec-k] model="q38" tenant="" K=0 source=concurrency prompt=1374 cached=0 lcp=46 active=11 wave=64 placement=single-or-non-pp2
1790287499643 [admission] request cost: model="q38" ctx=34211 path=plain = 29696 B/token x ctx + 661MB prefill-workspace + 372MB fixed = 2048MB
1790287499643 [admit-predict] id=chatcmpl-11ee5ba1b34cd29241d83da6d9c62c26 tenant="" model="q38" verdict=admit reason=global-p95 prompt=1379 predicted_completion=591 kv_hat=1091301144 booked_bytes=11973776904 booked_real=22502879752 inflight=11 cap=64 budget_bytes=65879781072 retry_after_s=- exempt=0 enforce=0 live_free_bytes=-
1790287499643 [admit-mem] id=chatcmpl-11ee5ba1b34cd29241d83da6d9c62c26 model="q38" verdict=admit prompt=1379 output_bound=- charged_ctx=34211 est_bytes=4351805192 est_context=1015929856 est_fixed=3335875336 device_free=60303790940 pending_prime=0 pending_prime_v1=6259249152 pending_seed=2188310528 host_free=0 demotable=3090759680 short_by=0 inflight=11 cap=64 waited_ms=0 retry_after_s=-
1790287499644 [spec-k] model="q38" tenant="" K=0 source=concurrency prompt=1379 cached=0 lcp=46 active=12 wave=64 placement=single-or-non-pp2
1790287499645 [admission] request cost: model="q38" ctx=34204 path=plain = 29696 B/token x ctx + 658MB prefill-workspace + 372MB fixed = 2045MB
1790287499645 [admit-predict] id=chatcmpl-dc3471175579653ffffefe5dee95365e tenant="" model="q38" verdict=admit reason=global-p95 prompt=1372 predicted_completion=591 kv_hat=1087738648 booked_bytes=13065078048 booked_real=24551372064 inflight=12 cap=64 budget_bytes=65879781072 retry_after_s=- exempt=0 enforce=0 live_free_bytes=-
1790287499645 [admit-mem] id=chatcmpl-dc3471175579653ffffefe5dee95365e model="q38" verdict=admit prompt=1372 output_bound=- charged_ctx=34204 est_bytes=4348242696 est_context=1015721984 est_fixed=3332520712 device_free=58718944840 pending_prime=0 pending_prime_v1=6920110080 pending_seed=2387609600 host_free=0 demotable=3090759680 short_by=0 inflight=12 cap=64 waited_ms=0 retry_after_s=-
1790287499647 [spec-k] model="q38" tenant="" K=0 source=concurrency prompt=1372 cached=0 lcp=46 active=13 wave=64 placement=single-or-non-pp2
1790287499648 [admission] request cost: model="q38" ctx=34205 path=plain = 29696 B/token x ctx + 658MB prefill-workspace + 372MB fixed = 2045MB
1790287499648 [admit-predict] id=chatcmpl-591c2eb31e5027f4441a12b0e12a1b97 tenant="" model="q38" verdict=admit reason=global-p95 prompt=1373 predicted_completion=591 kv_hat=1088247576 booked_bytes=14152816696 booked_real=26596301880 inflight=13 cap=64 budget_bytes=65879781072 retry_after_s=- exempt=0 enforce=0 live_free_bytes=-
1790287499648 [admit-mem] id=chatcmpl-591c2eb31e5027f4441a12b0e12a1b97 model="q38" verdict=admit prompt=1373 output_bound=- charged_ctx=34205 est_bytes=4348751624 est_context=1015751680 est_fixed=3332999944 device_free=57134319604 pending_prime=0 pending_prime_v1=7577616384 pending_seed=2586908672 host_free=0 demotable=3090759680 short_by=0 inflight=13 cap=64 waited_ms=0 retry_after_s=-
1790287499649 [spec-k] model="q38" tenant="" K=0 source=concurrency prompt=1373 cached=0 lcp=46 active=14 wave=64 placement=single-or-non-pp2
1790287499651 [admit-predict] id=chatcmpl-185b2818fc02ef953750cbcb7aa53c22 tenant="" model="q38" verdict=admit reason=global-p95 prompt=1373 predicted_completion=591 kv_hat=1088247576 booked_bytes=15241064272 booked_real=28641740624 inflight=14 cap=64 budget_bytes=65879781072 retry_after_s=- exempt=0 enforce=0 live_free_bytes=-
1790287499651 [admit-mem] id=chatcmpl-185b2818fc02ef953750cbcb7aa53c22 model="q38" verdict=admit prompt=1373 output_bound=- charged_ctx=34205 est_bytes=4348751624 est_context=1015751680 est_fixed=3332999944 device_free=55549662816 pending_prime=0 pending_prime_v1=8235601920 pending_seed=2786207744 host_free=0 demotable=3090759680 short_by=0 inflight=14 cap=64 waited_ms=0 retry_after_s=-
1790287499652 [spec-k] model="q38" tenant="" K=0 source=concurrency prompt=1373 cached=0 lcp=46 active=15 wave=64 placement=single-or-non-pp2
1790287499653 [admission] request cost: model="q38" ctx=34203 path=plain = 29696 B/token x ctx + 657MB prefill-workspace + 372MB fixed = 2044MB
1790287499653 [admit-predict] id=chatcmpl-36dffc11a6bfc8da61f9a8344f04916f tenant="" model="q38" verdict=admit reason=global-p95 prompt=1371 predicted_completion=591 kv_hat=1087229720 booked_bytes=16329311848 booked_real=30687179368 inflight=15 cap=64 budget_bytes=65879781072 retry_after_s=- exempt=0 enforce=0 live_free_bytes=-
1790287499653 [admit-mem] id=chatcmpl-36dffc11a6bfc8da61f9a8344f04916f model="q38" verdict=admit prompt=1371 output_bound=- charged_ctx=34203 est_bytes=4347733768 est_context=1015692288 est_fixed=3332041480 device_free=53965006028 pending_prime=0 pending_prime_v1=8893587456 pending_seed=2985506816 host_free=0 demotable=3090759680 short_by=0 inflight=15 cap=64 waited_ms=0 retry_after_s=-
1790287499655 [spec-k] model="q38" tenant="" K=0 source=concurrency prompt=1371 cached=0 lcp=46 active=16 wave=64 placement=single-or-non-pp2
1790287499656 [admission] request cost: model="q38" ctx=34205 path=plain = 29696 B/token x ctx + 658MB prefill-workspace + 372MB fixed = 2045MB
1790287499656 [admit-predict] id=chatcmpl-17698e91fed8d5cd3e17b83dc966b42f tenant="" model="q38" verdict=admit reason=global-p95 prompt=1373 predicted_completion=591 kv_hat=1088247576 booked_bytes=17416541568 booked_real=32731600256 inflight=16 cap=64 budget_bytes=65879781072 retry_after_s=- exempt=0 enforce=0 live_free_bytes=-
1790287499656 [admit-mem] id=chatcmpl-17698e91fed8d5cd3e17b83dc966b42f model="q38" verdict=admit prompt=1373 output_bound=- charged_ctx=34205 est_bytes=4348751624 est_context=1015751680 est_fixed=3332999944 device_free=52380412344 pending_prime=0 pending_prime_v1=9550614528 pending_seed=3184805888 host_free=0 demotable=3090759680 short_by=0 inflight=16 cap=64 waited_ms=0 retry_after_s=-
1790287499657 [spec-k] model="q38" tenant="" K=0 source=concurrency prompt=1373 cached=0 lcp=46 active=17 wave=64 placement=single-or-non-pp2
1790287499659 [admission] request cost: model="q38" ctx=34203 path=plain = 29696 B/token x ctx + 657MB prefill-workspace + 372MB fixed = 2044MB
1790287499659 [admit-predict] id=chatcmpl-35e9f52b86e6626afa23ec80970370d4 tenant="" model="q38" verdict=admit reason=global-p95 prompt=1371 predicted_completion=591 kv_hat=1087229720 booked_bytes=18504789144 booked_real=34777039000 inflight=17 cap=64 budget_bytes=65879781072 retry_after_s=- exempt=0 enforce=0 live_free_bytes=-
1790287499659 [admit-mem] id=chatcmpl-35e9f52b86e6626afa23ec80970370d4 model="q38" verdict=admit prompt=1371 output_bound=- charged_ctx=34203 est_bytes=4347733768 est_context=1015692288 est_fixed=3332041480 device_free=50795755556 pending_prime=0 pending_prime_v1=10208600064 pending_seed=3384104960 host_free=0 demotable=3090759680 short_by=0 inflight=17 cap=64 waited_ms=0 retry_after_s=-
1790287499660 [spec-k] model="q38" tenant="" K=0 source=concurrency prompt=1371 cached=0 lcp=46 active=18 wave=64 placement=single-or-non-pp2
1790287499661 [admission] request cost: model="q38" ctx=34210 path=plain = 29696 B/token x ctx + 660MB prefill-workspace + 372MB fixed = 2048MB
1790287499661 [admit-predict] id=chatcmpl-b68143f1ee155a43252725e1327280fa tenant="" model="q38" verdict=admit reason=global-p95 prompt=1378 predicted_completion=591 kv_hat=1090792216 booked_bytes=19592018864 booked_real=36821459888 inflight=18 cap=64 budget_bytes=65879781072 retry_after_s=- exempt=0 enforce=0 live_free_bytes=-
1790287499661 [admit-mem] id=chatcmpl-b68143f1ee155a43252725e1327280fa model="q38" verdict=admit prompt=1378 output_bound=- charged_ctx=34210 est_bytes=4351296264 est_context=1015900160 est_fixed=3335396104 device_free=49211161872 pending_prime=0 pending_prime_v1=10865627136 pending_seed=3583404032 host_free=0 demotable=3090759680 short_by=0 inflight=18 cap=64 waited_ms=0 retry_after_s=-
1790287499663 [spec-k] model="q38" tenant="" K=0 source=concurrency prompt=1378 cached=0 lcp=46 active=19 wave=64 placement=single-or-non-pp2
1790287499664 [admission] request cost: model="q38" ctx=34207 path=plain = 29696 B/token x ctx + 659MB prefill-workspace + 372MB fixed = 2046MB
1790287499664 [admit-predict] id=chatcmpl-89c1cfdb2a7c923b9707cfcff726056f tenant="" model="q38" verdict=admit reason=global-p95 prompt=1375 predicted_completion=591 kv_hat=1089265432 booked_bytes=20682811080 booked_real=38869443272 inflight=19 cap=64 budget_bytes=65879781072 retry_after_s=- exempt=0 enforce=0 live_free_bytes=-
1790287499664 [admit-mem] id=chatcmpl-89c1cfdb2a7c923b9707cfcff726056f model="q38" verdict=admit prompt=1375 output_bound=- charged_ctx=34207 est_bytes=4349769480 est_context=1015811072 est_fixed=3333958408 device_free=47626347324 pending_prime=0 pending_prime_v1=11526008832 pending_seed=3782703104 host_free=0 demotable=3090759680 short_by=0 inflight=19 cap=64 waited_ms=0 retry_after_s=-
1790287499666 [spec-k] model="q38" tenant="" K=0 source=concurrency prompt=1375 cached=0 lcp=46 active=20 wave=64 placement=single-or-non-pp2
1790287499667 [admission] request cost: model="q38" ctx=34210 path=plain = 29696 B/token x ctx + 660MB prefill-workspace + 372MB fixed = 2048MB
1790287499667 [admit-predict] id=chatcmpl-a74380b767b65637b5f97dd5b08ab78e tenant="" model="q38" verdict=admit reason=global-p95 prompt=1378 predicted_completion=591 kv_hat=1090792216 booked_bytes=21772076512 booked_real=40915899872 inflight=20 cap=64 budget_bytes=65879781072 retry_after_s=- exempt=0 enforce=0 live_free_bytes=-
1790287499667 [admit-mem] id=chatcmpl-a74380b767b65637b5f97dd5b08ab78e model="q38" verdict=admit prompt=1378 output_bound=- charged_ctx=34210 est_bytes=4351296264 est_context=1015900160 est_fixed=3335396104 device_free=46041627432 pending_prime=0 pending_prime_v1=12184952832 pending_seed=3982002176 host_free=0 demotable=3090759680 short_by=0 inflight=20 cap=64 waited_ms=0 retry_after_s=-
1790287499668 [spec-k] model="q38" tenant="" K=0 source=concurrency prompt=1378 cached=0 lcp=46 active=21 wave=64 placement=single-or-non-pp2
1790287499670 [admission] request cost: model="q38" ctx=34204 path=plain = 29696 B/token x ctx + 658MB prefill-workspace + 372MB fixed = 2045MB
1790287499670 [admit-predict] id=chatcmpl-373c7a2823c8894c7085f3dcf748bf6b tenant="" model="q38" verdict=admit reason=global-p95 prompt=1372 predicted_completion=591 kv_hat=1087738648 booked_bytes=22862868728 booked_real=42963883256 inflight=21 cap=64 budget_bytes=65879781072 retry_after_s=- exempt=0 enforce=0 live_free_bytes=-
1790287499670 [admit-mem] id=chatcmpl-373c7a2823c8894c7085f3dcf748bf6b model="q38" verdict=admit prompt=1372 output_bound=- charged_ctx=34204 est_bytes=4348242696 est_context=1015721984 est_fixed=3332520712 device_free=44456812884 pending_prime=0 pending_prime_v1=12845334528 pending_seed=4181301248 host_free=0 demotable=3090759680 short_by=0 inflight=21 cap=64 waited_ms=0 retry_after_s=-
1790287499671 [spec-k] model="q38" tenant="" K=0 source=concurrency prompt=1372 cached=0 lcp=46 active=22 wave=64 placement=single-or-non-pp2
1790287499672 [admission] request cost: model="q38" ctx=34202 path=plain = 29696 B/token x ctx + 657MB prefill-workspace + 372MB fixed = 2044MB
1790287499672 [admit-predict] id=chatcmpl-a58b910a57afa25c64364fed386f3e18 tenant="" model="q38" verdict=admit reason=global-p95 prompt=1370 predicted_completion=591 kv_hat=1086720792 booked_bytes=23950607376 booked_real=45008813072 inflight=22 cap=64 budget_bytes=65879781072 retry_after_s=- exempt=0 enforce=0 live_free_bytes=-
1790287499672 [admit-mem] id=chatcmpl-a58b910a57afa25c64364fed386f3e18 model="q38" verdict=admit prompt=1370 output_bound=- charged_ctx=34202 est_bytes=4347224840 est_context=1015662592 est_fixed=3331562248 device_free=42872187648 pending_prime=0 pending_prime_v1=13502840832 pending_seed=4380600320 host_free=0 demotable=3090759680 short_by=0 inflight=22 cap=64 waited_ms=0 retry_after_s=-
1790287499674 [spec-k] model="q38" tenant="" K=0 source=concurrency prompt=1370 cached=0 lcp=46 active=23 wave=64 placement=single-or-non-pp2
1790287499675 [admission] request cost: model="q38" ctx=34208 path=plain = 29696 B/token x ctx + 659MB prefill-workspace + 372MB fixed = 2047MB
1790287499675 [admit-predict] id=chatcmpl-38d28de862e479810c9b3403dfd209e9 tenant="" model="q38" verdict=admit reason=global-p95 prompt=1376 predicted_completion=591 kv_hat=1089774360 booked_bytes=25037328168 booked_real=47052725032 inflight=23 cap=64 budget_bytes=65879781072 retry_after_s=- exempt=0 enforce=0 live_free_bytes=-
1790287499675 [admit-mem] id=chatcmpl-38d28de862e479810c9b3403dfd209e9 model="q38" verdict=admit prompt=1376 output_bound=- charged_ctx=34208 est_bytes=4350278408 est_context=1015840768 est_fixed=3334437640 device_free=41287625516 pending_prime=0 pending_prime_v1=14159388672 pending_seed=4579899392 host_free=0 demotable=3090759680 short_by=0 inflight=23 cap=64 waited_ms=0 retry_after_s=-
1790287499676 [spec-k] model="q38" tenant="" K=0 source=concurrency prompt=1376 cached=0 lcp=46 active=24 wave=64 placement=single-or-non-pp2
1790287499678 [admission] request cost: model="q38" ctx=34203 path=plain = 29696 B/token x ctx + 657MB prefill-workspace + 372MB fixed = 2044MB
1790287499678 [admit-predict] id=chatcmpl-8d423d4486d5d9b9a40c0c66f159821a tenant="" model="q38" verdict=admit reason=global-p95 prompt=1371 predicted_completion=591 kv_hat=1087229720 booked_bytes=26127102528 booked_real=49099690560 inflight=24 cap=64 budget_bytes=65879781072 retry_after_s=- exempt=0 enforce=0 live_free_bytes=-
1790287499678 [admit-mem] id=chatcmpl-8d423d4486d5d9b9a40c0c66f159821a model="q38" verdict=admit prompt=1371 output_bound=- charged_ctx=34203 est_bytes=4347733768 est_context=1015692288 est_fixed=3332041480 device_free=39701864408 pending_prime=0 pending_prime_v1=14818811904 pending_seed=4780208128 host_free=0 demotable=3090759680 short_by=0 inflight=24 cap=64 waited_ms=0 retry_after_s=-
1790287499679 [spec-k] model="q38" tenant="" K=0 source=concurrency prompt=1371 cached=0 lcp=46 active=25 wave=64 placement=single-or-non-pp2
1790287499680 [admission] request cost: model="q38" ctx=34200 path=plain = 29696 B/token x ctx + 656MB prefill-workspace + 372MB fixed = 2043MB
1790287499680 [admit-predict] id=chatcmpl-d8eec3cbea5978bf426e12cf533756d5 tenant="" model="q38" verdict=admit reason=global-p95 prompt=1368 predicted_completion=591 kv_hat=1085702936 booked_bytes=27214332248 booked_real=51144111448 inflight=25 cap=64 budget_bytes=65879781072 retry_after_s=- exempt=0 enforce=0 live_free_bytes=-
1790287499680 [admit-mem] id=chatcmpl-d8eec3cbea5978bf426e12cf533756d5 model="q38" verdict=admit prompt=1368 output_bound=- charged_ctx=34200 est_bytes=4346206984 est_context=1015603200 est_fixed=3330603784 device_free=38117270724 pending_prime=0 pending_prime_v1=15475838976 pending_seed=4979507200 host_free=0 demotable=3090759680 short_by=0 inflight=25 cap=64 waited_ms=0 retry_after_s=-
1790287499682 [spec-k] model="q38" tenant="" K=0 source=concurrency prompt=1368 cached=0 lcp=46 active=26 wave=64 placement=single-or-non-pp2
1790287499683 [admission] request cost: model="q38" ctx=34208 path=plain = 29696 B/token x ctx + 659MB prefill-workspace + 372MB fixed = 2047MB
1790287499683 [admit-predict] id=chatcmpl-5a2fc99488644d0d308b8a097ad793fc tenant="" model="q38" verdict=admit reason=global-p95 prompt=1376 predicted_completion=591 kv_hat=1089774360 booked_bytes=28300035184 booked_real=53187005552 inflight=26 cap=64 budget_bytes=65879781072 retry_after_s=- exempt=0 enforce=0 live_free_bytes=-
1790287499683 [admit-mem] id=chatcmpl-5a2fc99488644d0d308b8a097ad793fc model="q38" verdict=admit prompt=1376 output_bound=- charged_ctx=34208 est_bytes=4350278408 est_context=1015840768 est_fixed=3334437640 device_free=36532771696 pending_prime=0 pending_prime_v1=16131428352 pending_seed=5178806272 host_free=0 demotable=3090759680 short_by=0 inflight=26 cap=64 waited_ms=0 retry_after_s=-
1790287499685 [spec-k] model="q38" tenant="" K=0 source=concurrency prompt=1376 cached=0 lcp=46 active=27 wave=64 placement=single-or-non-pp2
1790287499686 [admission] request cost: model="q38" ctx=34205 path=plain = 29696 B/token x ctx + 658MB prefill-workspace + 372MB fixed = 2045MB
1790287499686 [admit-predict] id=chatcmpl-dd3f5799e654468ccf991eca69a24fc5 tenant="" model="q38" verdict=admit reason=global-p95 prompt=1373 predicted_completion=591 kv_hat=1088247576 booked_bytes=29389809544 booked_real=55233971080 inflight=27 cap=64 budget_bytes=65879781072 retry_after_s=- exempt=0 enforce=0 live_free_bytes=-
1790287499686 [admit-mem] id=chatcmpl-dd3f5799e654468ccf991eca69a24fc5 model="q38" verdict=admit prompt=1373 output_bound=- charged_ctx=34205 est_bytes=4348751624 est_context=1015751680 est_fixed=3332999944 device_free=34947010588 pending_prime=0 pending_prime_v1=16790851584 pending_seed=5379115008 host_free=0 demotable=3090759680 short_by=0 inflight=27 cap=64 waited_ms=0 retry_after_s=-
1790287499687 [spec-k] model="q38" tenant="" K=0 source=concurrency prompt=1373 cached=0 lcp=46 active=28 wave=64 placement=single-or-non-pp2
1790287499689 [admission] request cost: model="q38" ctx=34206 path=plain = 29696 B/token x ctx + 658MB prefill-workspace + 372MB fixed = 2046MB
1790287499689 [admit-predict] id=chatcmpl-bec256d2cd0e330d4affb92e4354c245 tenant="" model="q38" verdict=admit reason=global-p95 prompt=1374 predicted_completion=591 kv_hat=1088756504 booked_bytes=30478057120 booked_real=57279409824 inflight=28 cap=64 budget_bytes=65879781072 retry_after_s=- exempt=0 enforce=0 live_free_bytes=-
1790287499689 [admit-mem] id=chatcmpl-bec256d2cd0e330d4affb92e4354c245 model="q38" verdict=admit prompt=1374 output_bound=- charged_ctx=34206 est_bytes=4349260552 est_context=1015781376 est_fixed=3333479176 device_free=33362353800 pending_prime=0 pending_prime_v1=17448837120 pending_seed=5578414080 host_free=0 demotable=3090759680 short_by=0 inflight=28 cap=64 waited_ms=0 retry_after_s=-
1790287499690 [spec-k] model="q38" tenant="" K=0 source=concurrency prompt=1374 cached=0 lcp=46 active=29 wave=64 placement=single-or-non-pp2
1790287499691 [admission] request cost: model="q38" ctx=34204 path=plain = 29696 B/token x ctx + 658MB prefill-workspace + 372MB fixed = 2045MB
1790287499691 [admit-predict] id=chatcmpl-cb882d5806b5ddacbd23ebca756a8d78 tenant="" model="q38" verdict=admit reason=global-p95 prompt=1372 predicted_completion=591 kv_hat=1087738648 booked_bytes=31566813624 booked_real=59325357496 inflight=29 cap=64 budget_bytes=65879781072 retry_after_s=- exempt=0 enforce=0 live_free_bytes=-
1790287499691 [admit-mem] id=chatcmpl-cb882d5806b5ddacbd23ebca756a8d78 model="q38" verdict=admit prompt=1372 output_bound=- charged_ctx=34204 est_bytes=4348242696 est_context=1015721984 est_fixed=3332520712 device_free=31777665460 pending_prime=0 pending_prime_v1=18107301888 pending_seed=5777713152 host_free=0 demotable=3090759680 short_by=0 inflight=29 cap=64 waited_ms=0 retry_after_s=-
1790287499694 [spec-k] model="q38" tenant="" K=0 source=concurrency prompt=1372 cached=0 lcp=46 active=30 wave=64 placement=single-or-non-pp2
1790287499695 [admit-predict] id=chatcmpl-f4b1bf77dee40e9c2ab90d000e697015 tenant="" model="q38" verdict=admit reason=global-p95 prompt=1372 predicted_completion=591 kv_hat=1087738648 booked_bytes=32654552272 booked_real=61370287312 inflight=30 cap=64 budget_bytes=65879781072 retry_after_s=- exempt=0 enforce=0 live_free_bytes=-
1790287499695 [admit-mem] id=chatcmpl-f4b1bf77dee40e9c2ab90d000e697015 model="q38" verdict=admit prompt=1372 output_bound=- charged_ctx=34204 est_bytes=4348242696 est_context=1015721984 est_fixed=3332520712 device_free=30193040224 pending_prime=0 pending_prime_v1=18764808192 pending_seed=5977012224 host_free=0 demotable=3090759680 short_by=0 inflight=30 cap=64 waited_ms=0 retry_after_s=-
1790287499697 [spec-k] model="q38" tenant="" K=0 source=concurrency prompt=1372 cached=0 lcp=46 active=31 wave=64 placement=single-or-non-pp2
1790287499698 [admission] request cost: model="q38" ctx=34202 path=plain = 29696 B/token x ctx + 657MB prefill-workspace + 372MB fixed = 2044MB
1790287499698 [admit-predict] id=chatcmpl-889838d40806f2f1a7640a90ecb78be1 tenant="" model="q38" verdict=admit reason=global-p95 prompt=1370 predicted_completion=591 kv_hat=1086720792 booked_bytes=33742290920 booked_real=63415217128 inflight=31 cap=64 budget_bytes=65879781072 retry_after_s=- exempt=0 enforce=0 live_free_bytes=-
1790287499698 [admit-mem] id=chatcmpl-889838d40806f2f1a7640a90ecb78be1 model="q38" verdict=admit prompt=1370 output_bound=- charged_ctx=34202 est_bytes=4347224840 est_context=1015662592 est_fixed=3331562248 device_free=28608414988 pending_prime=0 pending_prime_v1=19422314496 pending_seed=6176311296 host_free=0 demotable=3090759680 short_by=0 inflight=31 cap=64 waited_ms=0 retry_after_s=-
1790287499700 [spec-k] model="q38" tenant="" K=0 source=concurrency prompt=1370 cached=0 lcp=46 active=32 wave=64 placement=single-or-non-pp2
1790287499702 [admission] request cost: model="q38" ctx=34209 path=plain = 29696 B/token x ctx + 660MB prefill-workspace + 372MB fixed = 2047MB
1790287499702 [admit-predict] id=chatcmpl-73d13da72dd615a935c105ec10ed2b52 tenant="" model="q38" verdict=admit reason=global-p95 prompt=1377 predicted_completion=591 kv_hat=1090283288 booked_bytes=34829011712 booked_real=65459129088 inflight=32 cap=64 budget_bytes=65879781072 retry_after_s=- exempt=0 enforce=0 live_free_bytes=-
1790287499702 [admit-mem] id=chatcmpl-73d13da72dd615a935c105ec10ed2b52 model="q38" verdict=admit prompt=1377 output_bound=- charged_ctx=34209 est_bytes=4350787336 est_context=1015870464 est_fixed=3334916872 device_free=27023852856 pending_prime=0 pending_prime_v1=20078862336 pending_seed=6375610368 host_free=0 demotable=3090759680 short_by=0 inflight=32 cap=64 waited_ms=0 retry_after_s=-
1790287499703 [spec-k] model="q38" tenant="" K=0 source=concurrency prompt=1377 cached=0 lcp=46 active=33 wave=64 placement=single-or-non-pp2
1790287499704 [admission] request cost: model="q38" ctx=34202 path=plain = 29696 B/token x ctx + 657MB prefill-workspace + 372MB fixed = 2044MB
1790287499704 [admit-predict] id=chatcmpl-369a902e1a656ce8efe7bdc1085b407f tenant="" model="q38" verdict=admit reason=global-p95 prompt=1370 predicted_completion=591 kv_hat=1086720792 booked_bytes=35919295000 booked_real=67506603544 inflight=33 cap=64 budget_bytes=65879781072 retry_after_s=- exempt=0 enforce=0 live_free_bytes=-
1790287499704 [admit-mem] id=chatcmpl-369a902e1a656ce8efe7bdc1085b407f model="q38" verdict=admit prompt=1370 output_bound=- charged_ctx=34202 est_bytes=4347224840 est_context=1015662592 est_fixed=3331562248 device_free=25439069860 pending_prime=0 pending_prime_v1=20738764800 pending_seed=6574909440 host_free=0 demotable=3090759680 short_by=0 inflight=33 cap=64 waited_ms=0 retry_after_s=-
1790287499706 [spec-k] model="q38" tenant="" K=0 source=concurrency prompt=1370 cached=0 lcp=46 active=34 wave=64 placement=single-or-non-pp2
1790287499707 [admission] request cost: model="q38" ctx=34206 path=plain = 29696 B/token x ctx + 658MB prefill-workspace + 372MB fixed = 2046MB
1790287499707 [admit-predict] id=chatcmpl-eae79c1965ebf67e6f3b8fb4574bfcd3 tenant="" model="q38" verdict=admit reason=global-p95 prompt=1374 predicted_completion=591 kv_hat=1088756504 booked_bytes=37006015792 booked_real=69550515504 inflight=34 cap=64 budget_bytes=65879781072 retry_after_s=- exempt=0 enforce=0 live_free_bytes=-
1790287499707 [admit-mem] id=chatcmpl-eae79c1965ebf67e6f3b8fb4574bfcd3 model="q38" verdict=admit prompt=1374 output_bound=- charged_ctx=34206 est_bytes=4349260552 est_context=1015781376 est_fixed=3333479176 device_free=23854507728 pending_prime=0 pending_prime_v1=21395312640 pending_seed=6774208512 host_free=0 demotable=3090759680 short_by=0 inflight=34 cap=64 waited_ms=0 retry_after_s=-
1790287499709 [spec-k] model="q38" tenant="" K=0 source=concurrency prompt=1374 cached=0 lcp=46 active=35 wave=64 placement=single-or-non-pp2
1790287499710 [admission] request cost: model="q38" ctx=34199 path=plain = 29696 B/token x ctx + 655MB prefill-workspace + 372MB fixed = 2042MB
1790287499710 [admit-predict] id=chatcmpl-95b318c45de2d96ec98a96121e26fad2 tenant="" model="q38" verdict=admit reason=global-p95 prompt=1367 predicted_completion=591 kv_hat=1085194008 booked_bytes=38094772296 booked_real=71596463176 inflight=35 cap=64 budget_bytes=65879781072 retry_after_s=- exempt=0 enforce=0 live_free_bytes=-
1790287499710 [admit-mem] id=chatcmpl-95b318c45de2d96ec98a96121e26fad2 model="q38" verdict=admit prompt=1367 output_bound=- charged_ctx=34199 est_bytes=4345698056 est_context=1015573504 est_fixed=3330124552 device_free=22269819388 pending_prime=0 pending_prime_v1=22053777408 pending_seed=6973507584 host_free=0 demotable=3090759680 short_by=0 inflight=35 cap=64 waited_ms=0 retry_after_s=-
1790287499711 [spec-k] model="q38" tenant="" K=0 source=concurrency prompt=1367 cached=0 lcp=46 active=36 wave=64 placement=single-or-non-pp2
1790287499713 [admission] request cost: model="q38" ctx=34209 path=plain = 29696 B/token x ctx + 660MB prefill-workspace + 372MB fixed = 2047MB
1790287499713 [admit-predict] id=chatcmpl-64514cda33165b487a809a3d7712bdaa tenant="" model="q38" verdict=admit reason=global-p95 prompt=1377 predicted_completion=591 kv_hat=1090283288 booked_bytes=39179966304 booked_real=73638848352 inflight=36 cap=64 budget_bytes=65879781072 retry_after_s=- exempt=0 enforce=0 live_free_bytes=-
1790287499713 [admit-mem] id=chatcmpl-64514cda33165b487a809a3d7712bdaa model="q38" verdict=admit prompt=1377 output_bound=- charged_ctx=34209 est_bytes=4350787336 est_context=1015870464 est_fixed=3334916872 device_free=20685351912 pending_prime=0 pending_prime_v1=22708887552 pending_seed=7172806656 host_free=0 demotable=3090759680 short_by=0 inflight=36 cap=64 waited_ms=0 retry_after_s=-
1790287499714 [spec-k] model="q38" tenant="" K=0 source=concurrency prompt=1377 cached=0 lcp=46 active=37 wave=64 placement=single-or-non-pp2
1790287499715 [admission] request cost: model="q38" ctx=34206 path=plain = 29696 B/token x ctx + 658MB prefill-workspace + 372MB fixed = 2046MB
1790287499715 [admit-predict] id=chatcmpl-62cfb084ad119ab0fee289de453b1474 tenant="" model="q38" verdict=admit reason=global-p95 prompt=1374 predicted_completion=591 kv_hat=1088756504 booked_bytes=40270249592 booked_real=75686322808 inflight=37 cap=64 budget_bytes=65879781072 retry_after_s=- exempt=0 enforce=0 live_free_bytes=-
1790287499715 [admit-mem] id=chatcmpl-62cfb084ad119ab0fee289de453b1474 model="q38" verdict=admit prompt=1374 output_bound=- charged_ctx=34206 est_bytes=4349260552 est_context=1015781376 est_fixed=3333479176 device_free=19100568916 pending_prime=0 pending_prime_v1=23368790016 pending_seed=7372105728 host_free=0 demotable=3090759680 short_by=0 inflight=37 cap=64 waited_ms=0 retry_after_s=-
1790287499717 [spec-k] model="q38" tenant="" K=0 source=concurrency prompt=1374 cached=0 lcp=46 active=38 wave=64 placement=single-or-non-pp2
1790287499718 [admit-predict] id=chatcmpl-e9e83668ea1892cba5f0ce91098cd504 tenant="" model="q38" verdict=admit reason=global-p95 prompt=1374 predicted_completion=591 kv_hat=1088756504 booked_bytes=41359006096 booked_real=77732270480 inflight=38 cap=64 budget_bytes=65879781072 retry_after_s=- exempt=0 enforce=0 live_free_bytes=-
1790287499718 [admit-mem] id=chatcmpl-e9e83668ea1892cba5f0ce91098cd504 model="q38" verdict=admit prompt=1374 output_bound=- charged_ctx=34206 est_bytes=4349260552 est_context=1015781376 est_fixed=3333479176 device_free=17515880576 pending_prime=0 pending_prime_v1=24027254784 pending_seed=7571404800 host_free=0 demotable=3090759680 short_by=0 inflight=38 cap=64 waited_ms=0 retry_after_s=-
1790287499720 [spec-k] model="q38" tenant="" K=0 source=concurrency prompt=1374 cached=0 lcp=46 active=39 wave=64 placement=single-or-non-pp2
1790287499721 [admission] request cost: model="q38" ctx=34203 path=plain = 29696 B/token x ctx + 657MB prefill-workspace + 372MB fixed = 2044MB
1790287499721 [admit-predict] id=chatcmpl-1f30597f68229e3e3fc23d97626767f4 tenant="" model="q38" verdict=admit reason=global-p95 prompt=1371 predicted_completion=591 kv_hat=1087229720 booked_bytes=42447762600 booked_real=79778218152 inflight=39 cap=64 budget_bytes=65879781072 retry_after_s=- exempt=0 enforce=0 live_free_bytes=-
1790287499721 [admit-mem] id=chatcmpl-1f30597f68229e3e3fc23d97626767f4 model="q38" verdict=admit prompt=1371 output_bound=- charged_ctx=34203 est_bytes=4347733768 est_context=1015692288 est_fixed=3332041480 device_free=15931192236 pending_prime=0 pending_prime_v1=24685719552 pending_seed=7770703872 host_free=0 demotable=3090759680 short_by=0 inflight=39 cap=64 waited_ms=0 retry_after_s=-
1790287499722 [spec-k] model="q38" tenant="" K=0 source=concurrency prompt=1371 cached=0 lcp=46 active=40 wave=64 placement=single-or-non-pp2
1790287499724 [admission] request cost: model="q38" ctx=34206 path=plain = 29696 B/token x ctx + 658MB prefill-workspace + 372MB fixed = 2046MB
1790287499724 [admit-predict] id=chatcmpl-af1e7da7767cc66f86cc5729a8df4711 tenant="" model="q38" verdict=admit reason=global-p95 prompt=1374 predicted_completion=591 kv_hat=1088756504 booked_bytes=43534992320 booked_real=81822639040 inflight=40 cap=64 budget_bytes=65879781072 retry_after_s=- exempt=0 enforce=0 live_free_bytes=-
1790287499724 [admit-mem] id=chatcmpl-af1e7da7767cc66f86cc5729a8df4711 model="q38" verdict=admit prompt=1374 output_bound=- charged_ctx=34206 est_bytes=4349260552 est_context=1015781376 est_fixed=3333479176 device_free=14346598552 pending_prime=0 pending_prime_v1=25342746624 pending_seed=7970002944 host_free=0 demotable=3090759680 short_by=0 inflight=40 cap=64 waited_ms=0 retry_after_s=-
1790287499725 [spec-k] model="q38" tenant="" K=0 source=concurrency prompt=1374 cached=0 lcp=46 active=41 wave=64 placement=single-or-non-pp2
1790287499727 [admission] request cost: model="q38" ctx=34211 path=plain = 29696 B/token x ctx + 661MB prefill-workspace + 372MB fixed = 2048MB
1790287499727 [admit-predict] id=chatcmpl-1ff8abdea2c49bbdfd5ecf88cc5c80b0 tenant="" model="q38" verdict=admit reason=global-p95 prompt=1379 predicted_completion=591 kv_hat=1091301144 booked_bytes=44623748824 booked_real=83868586712 inflight=41 cap=64 budget_bytes=65879781072 retry_after_s=- exempt=0 enforce=0 live_free_bytes=-
1790287499727 [admit-mem] id=chatcmpl-1ff8abdea2c49bbdfd5ecf88cc5c80b0 model="q38" verdict=admit prompt=1379 output_bound=- charged_ctx=34211 est_bytes=4351805192 est_context=1015929856 est_fixed=3335875336 device_free=12761910212 pending_prime=0 pending_prime_v1=26001211392 pending_seed=8169302016 host_free=0 demotable=3090759680 short_by=0 inflight=41 cap=64 waited_ms=0 retry_after_s=-
1790287499728 [spec-k] model="q38" tenant="" K=0 source=concurrency prompt=1379 cached=0 lcp=46 active=42 wave=64 placement=single-or-non-pp2
1790287499729 [admission] request cost: model="q38" ctx=34206 path=plain = 29696 B/token x ctx + 658MB prefill-workspace + 372MB fixed = 2046MB
1790287499729 [admit-predict] id=chatcmpl-a43bbd277ed6ded4c585350c4f975383 tenant="" model="q38" verdict=admit reason=global-p95 prompt=1374 predicted_completion=591 kv_hat=1088756504 booked_bytes=45715049968 booked_real=85917079024 inflight=42 cap=64 budget_bytes=65879781072 retry_after_s=- exempt=0 enforce=0 live_free_bytes=-
1790287499729 [admit-mem] id=chatcmpl-a43bbd277ed6ded4c585350c4f975383 model="q38" verdict=admit prompt=1374 output_bound=- charged_ctx=34206 est_bytes=4349260552 est_context=1015781376 est_fixed=3333479176 device_free=11177064112 pending_prime=0 pending_prime_v1=26662072320 pending_seed=8368601088 host_free=0 demotable=3090759680 short_by=0 inflight=42 cap=64 waited_ms=0 retry_after_s=-
1790287499731 [spec-k] model="q38" tenant="" K=0 source=concurrency prompt=1374 cached=0 lcp=46 active=43 wave=64 placement=single-or-non-pp2
1790287499732 [admission] request cost: model="q38" ctx=34205 path=plain = 29696 B/token x ctx + 658MB prefill-workspace + 372MB fixed = 2045MB
1790287499732 [admit-predict] id=chatcmpl-8b0667dae566af37b22d1db319ef1e32 tenant="" model="q38" verdict=admit reason=global-p95 prompt=1373 predicted_completion=591 kv_hat=1088247576 booked_bytes=46803806472 booked_real=87963026696 inflight=43 cap=64 budget_bytes=65879781072 retry_after_s=- exempt=0 enforce=0 live_free_bytes=-
1790287499732 [admit-mem] id=chatcmpl-8b0667dae566af37b22d1db319ef1e32 model="q38" verdict=admit prompt=1373 output_bound=- charged_ctx=34205 est_bytes=4348751624 est_context=1015751680 est_fixed=3332999944 device_free=9592375772 pending_prime=0 pending_prime_v1=27320537088 pending_seed=8567900160 host_free=0 demotable=3090759680 short_by=0 inflight=43 cap=64 waited_ms=0 retry_after_s=-
1790287499734 [spec-k] model="q38" tenant="" K=0 source=concurrency prompt=1373 cached=0 lcp=46 active=44 wave=64 placement=single-or-non-pp2
1790287499735 [admission] request cost: model="q38" ctx=34203 path=plain = 29696 B/token x ctx + 657MB prefill-workspace + 372MB fixed = 2044MB
1790287499735 [admit-predict] id=chatcmpl-38b738e552c081276668cd54b0c1c9a6 tenant="" model="q38" verdict=admit reason=global-p95 prompt=1371 predicted_completion=591 kv_hat=1087229720 booked_bytes=47892054048 booked_real=90008465440 inflight=44 cap=64 budget_bytes=65879781072 retry_after_s=- exempt=0 enforce=0 live_free_bytes=-
1790287499735 [admit-mem] id=chatcmpl-38b738e552c081276668cd54b0c1c9a6 model="q38" verdict=admit prompt=1371 output_bound=- charged_ctx=34203 est_bytes=4347733768 est_context=1015692288 est_fixed=3332041480 device_free=8007718984 pending_prime=0 pending_prime_v1=27978522624 pending_seed=8767199232 host_free=0 demotable=3090759680 short_by=0 inflight=44 cap=64 waited_ms=0 retry_after_s=-
1790287499736 [spec-k] model="q38" tenant="" K=0 source=concurrency prompt=1371 cached=0 lcp=46 active=45 wave=64 placement=single-or-non-pp2
1790287499738 [admission] request cost: model="q38" ctx=34202 path=plain = 29696 B/token x ctx + 657MB prefill-workspace + 372MB fixed = 2044MB
1790287499738 [admit-predict] id=chatcmpl-a15b2f43785831468a491a9394335df8 tenant="" model="q38" verdict=admit reason=global-p95 prompt=1370 predicted_completion=591 kv_hat=1086720792 booked_bytes=48979283768 booked_real=92052886328 inflight=45 cap=64 budget_bytes=65879781072 retry_after_s=- exempt=0 enforce=0 live_free_bytes=-
1790287499738 [admit-mem] id=chatcmpl-a15b2f43785831468a491a9394335df8 model="q38" verdict=admit prompt=1370 output_bound=- charged_ctx=34202 est_bytes=4347224840 est_context=1015662592 est_fixed=3331562248 device_free=6423125300 pending_prime=0 pending_prime_v1=28635549696 pending_seed=8966498304 host_free=0 demotable=3090759680 short_by=0 inflight=45 cap=64 waited_ms=0 retry_after_s=-
1790287499739 [spec-k] model="q38" tenant="" K=0 source=concurrency prompt=1370 cached=0 lcp=46 active=46 wave=64 placement=single-or-non-pp2
1790287499741 [admission] request cost: model="q38" ctx=34211 path=plain = 29696 B/token x ctx + 661MB prefill-workspace + 372MB fixed = 2048MB
1790287499741 [admit-predict] id=chatcmpl-1fd35f03073b81609eca449958252228 tenant="" model="q38" verdict=admit reason=global-p95 prompt=1379 predicted_completion=591 kv_hat=1091301144 booked_bytes=50066004560 booked_real=94096798288 inflight=46 cap=64 budget_bytes=65879781072 retry_after_s=- exempt=0 enforce=0 live_free_bytes=-
1790287499741 [admit-mem] id=chatcmpl-1fd35f03073b81609eca449958252228 model="q38" verdict=admit prompt=1379 output_bound=- charged_ctx=34211 est_bytes=4351805192 est_context=1015929856 est_fixed=3335875336 device_free=4838563168 pending_prime=0 pending_prime_v1=29292097536 pending_seed=9165797376 host_free=0 demotable=3090759680 short_by=0 inflight=46 cap=64 waited_ms=0 retry_after_s=-
1790287499742 [spec-k] model="q38" tenant="" K=0 source=concurrency prompt=1379 cached=0 lcp=46 active=47 wave=64 placement=single-or-non-pp2
1790287499743 [admission] request cost: model="q38" ctx=34215 path=plain = 29696 B/token x ctx + 663MB prefill-workspace + 372MB fixed = 2051MB
1790287499743 [admit-predict] id=chatcmpl-609b52a490c75c052012b7da27df7cbe tenant="" model="q38" verdict=admit reason=global-p95 prompt=1383 predicted_completion=591 kv_hat=1093336856 booked_bytes=51157305704 booked_real=96145290600 inflight=47 cap=64 budget_bytes=65879781072 retry_after_s=- exempt=0 enforce=0 live_free_bytes=-
1790287499749 [admit-oom] reclaim settle (reclaim-on-defer): dev0 evicted_prefix_bytes=3090759680 pool_cached_gain_bytes=3090452480 trim_released_bytes=1644167168 driver_free_bytes 12597919744 -> 14242086912 pool_reserved_bytes 88751472640 -> 87107305472 pool_used_bytes 88730578868 -> 85640126388 pool_retained_bytes=1446285312 (live neighbour or fragmentation; counted as pool-cached headroom, not driver free)
1790287499749 [admit-oom] reclaim-on-defer: evicted 15 prefix entries + 0 plain + 0 spec + 0 dspark parked sessions (global LRU); effective free 3254MB -> 6344MB
1790287499749 [admit-mem] id=chatcmpl-609b52a490c75c052012b7da27df7cbe model="q38" verdict=admit prompt=1383 output_bound=- charged_ctx=34215 est_bytes=4353840904 est_context=1016048640 est_fixed=3337792264 device_free=6344169548 pending_prime=0 pending_prime_v1=29952958464 pending_seed=9365096448 host_free=0 demotable=0 short_by=0 inflight=47 cap=64 waited_ms=0 retry_after_s=-
1790287499750 [spec-k] model="q38" tenant="" K=0 source=concurrency prompt=1383 cached=0 lcp=0 active=48 wave=64 placement=single-or-non-pp2
1790287499751 [admission] request cost: model="q38" ctx=34206 path=plain = 29696 B/token x ctx + 658MB prefill-workspace + 372MB fixed = 2046MB
1790287499751 [admit-predict] id=chatcmpl-33e7b569e02c028bb9b598df7a638b94 tenant="" model="q38" verdict=admit reason=global-p95 prompt=1374 predicted_completion=591 kv_hat=1088756504 booked_bytes=52250642560 booked_real=98195818624 inflight=48 cap=64 budget_bytes=65879781072 retry_after_s=- exempt=0 enforce=0 live_free_bytes=-
1790287499752 [admit-mem] id=chatcmpl-33e7b569e02c028bb9b598df7a638b94 model="q38" verdict=admit prompt=1374 output_bound=- charged_ctx=34206 est_bytes=4349260552 est_context=1015781376 est_fixed=3333479176 device_free=4759197240 pending_prime=0 pending_prime_v1=30615736320 pending_seed=9564395520 host_free=0 demotable=0 short_by=0 inflight=48 cap=64 waited_ms=0 retry_after_s=-
1790287499753 [spec-k] model="q38" tenant="" K=0 source=concurrency prompt=1374 cached=0 lcp=0 active=49 wave=64 placement=single-or-non-pp2
1790287499754 [admission] request cost: model="q38" ctx=34212 path=plain = 29696 B/token x ctx + 661MB prefill-workspace + 372MB fixed = 2049MB
1790287499754 [admit-predict] id=chatcmpl-9353dd8e41bf14f6f45f9a6eef4b6c05 tenant="" model="q38" verdict=admit reason=global-p95 prompt=1380 predicted_completion=591 kv_hat=1091810072 booked_bytes=53339399064 booked_real=100241766296 inflight=49 cap=64 budget_bytes=65879781072 retry_after_s=- exempt=0 enforce=0 live_free_bytes=-
1790287499754 [admit-oom] reclaim-on-defer: evicted 0 prefix entries + 0 plain + 1 spec + 0 dspark parked sessions (global LRU); effective free 3175MB -> 4790MB
1790287499754 [admit-mem] id=chatcmpl-9353dd8e41bf14f6f45f9a6eef4b6c05 model="q38" verdict=admit prompt=1380 output_bound=- charged_ctx=34212 est_bytes=4352314120 est_context=1015959552 est_fixed=3336354568 device_free=4790014568 pending_prime=0 pending_prime_v1=31274201088 pending_seed=9763694592 host_free=0 demotable=0 short_by=0 inflight=49 cap=64 waited_ms=0 retry_after_s=-
1790287499755 [spec-k] model="q38" tenant="" K=0 source=concurrency prompt=1380 cached=0 lcp=0 active=50 wave=64 placement=single-or-non-pp2
1790287499756 [admission] request cost: model="q38" ctx=34202 path=plain = 29696 B/token x ctx + 657MB prefill-workspace + 372MB fixed = 2044MB
1790287499756 [admit-predict] id=chatcmpl-20b3cfa4c65d9c8ba83316921edbfe9c tenant="" model="q38" verdict=admit reason=global-p95 prompt=1370 predicted_completion=591 kv_hat=1086720792 booked_bytes=54431209136 booked_real=102290767536 inflight=50 cap=64 budget_bytes=65879781072 retry_after_s=- exempt=0 enforce=0 live_free_bytes=-
1790287499756 [admit-oom] reclaim-on-defer: evicted 0 prefix entries + 0 plain + 1 spec + 0 dspark parked sessions (global LRU); effective free 3205MB -> 4821MB
1790287499756 [admit-mem] id=chatcmpl-20b3cfa4c65d9c8ba83316921edbfe9c model="q38" verdict=admit prompt=1370 output_bound=- charged_ctx=34202 est_bytes=4347224840 est_context=1015662592 est_fixed=3331562248 device_free=4821210520 pending_prime=0 pending_prime_v1=31935541248 pending_seed=9962993664 host_free=0 demotable=0 short_by=0 inflight=50 cap=64 waited_ms=0 retry_after_s=-
1790287499757 [spec-k] model="q38" tenant="" K=0 source=concurrency prompt=1370 cached=0 lcp=0 active=51 wave=64 placement=single-or-non-pp2
1790287499758 [admission] request cost: model="q38" ctx=34201 path=plain = 29696 B/token x ctx + 656MB prefill-workspace + 372MB fixed = 2043MB
1790287499758 [admit-predict] id=chatcmpl-6c976c1ba30fd2c4694390a2d6ccfb1f tenant="" model="q38" verdict=admit reason=global-p95 prompt=1369 predicted_completion=591 kv_hat=1086211864 booked_bytes=55517929928 booked_real=104334679496 inflight=51 cap=64 budget_bytes=65879781072 retry_after_s=- exempt=0 enforce=0 live_free_bytes=-
1790287499758 [admit-oom] VRAM defer: 51 active, effective free 3237MB (driver + 633MB pool-cached) < cost 2043MB + reserve 2303MB — queueing (FIFO) [pool res 88584MB used 87950MB; parked spec sessions 0; plain reuse 0; queue 12]
1790287499758 [admit-mem] id=chatcmpl-6c976c1ba30fd2c4694390a2d6ccfb1f model="q38" verdict=defer prompt=1369 output_bound=- charged_ctx=34201 est_bytes=4346715912 est_context=1015632896 est_fixed=3331083016 device_free=3236648388 pending_prime=0 pending_prime_v1=32592089088 pending_seed=10162292736 host_free=0 demotable=0 short_by=1110067524 inflight=51 cap=64 waited_ms=0 retry_after_s=-
1790287499759 [admission] request cost: model="q38" ctx=34209 path=plain = 29696 B/token x ctx + 660MB prefill-workspace + 372MB fixed = 2047MB
1790287499759 [admit-predict] id=chatcmpl-97dad1762177c1bfd4fa55553485f29f tenant="" model="q38" verdict=admit reason=global-p95 prompt=1377 predicted_completion=591 kv_hat=1090283288 booked_bytes=55517929928 booked_real=104334679496 inflight=51 cap=64 budget_bytes=65879781072 retry_after_s=- exempt=0 enforce=0 live_free_bytes=-
1790287499759 [admit-mem] id=chatcmpl-97dad1762177c1bfd4fa55553485f29f model="q38" verdict=defer prompt=1377 output_bound=- charged_ctx=34209 est_bytes=4350787336 est_context=1015870464 est_fixed=3334916872 device_free=3236648388 pending_prime=0 pending_prime_v1=32592089088 pending_seed=10162292736 host_free=0 demotable=0 short_by=1114138948 inflight=51 cap=64 waited_ms=0 retry_after_s=-
1790287499761 [admission] request cost: model="q38" ctx=34213 path=plain = 29696 B/token x ctx + 662MB prefill-workspace + 372MB fixed = 2050MB
1790287499761 [admit-predict] id=chatcmpl-74cabf7d23ccb80a10f23ce8023e79d1 tenant="" model="q38" verdict=admit reason=global-p95 prompt=1381 predicted_completion=591 kv_hat=1092319000 booked_bytes=55517929928 booked_real=104334679496 inflight=51 cap=64 budget_bytes=65879781072 retry_after_s=- exempt=0 enforce=0 live_free_bytes=-
1790287499761 [admit-mem] id=chatcmpl-74cabf7d23ccb80a10f23ce8023e79d1 model="q38" verdict=defer prompt=1381 output_bound=- charged_ctx=34213 est_bytes=4352823048 est_context=1015989248 est_fixed=3336833800 device_free=3236648388 pending_prime=0 pending_prime_v1=32592089088 pending_seed=10162292736 host_free=0 demotable=0 short_by=1116174660 inflight=51 cap=64 waited_ms=0 retry_after_s=-
1790287499762 [admission] request cost: model="q38" ctx=34202 path=plain = 29696 B/token x ctx + 657MB prefill-workspace + 372MB fixed = 2044MB
1790287499762 [admit-predict] id=chatcmpl-6140e945d364c162205fbe3047bfb8da tenant="" model="q38" verdict=admit reason=global-p95 prompt=1370 predicted_completion=591 kv_hat=1086720792 booked_bytes=55517929928 booked_real=104334679496 inflight=51 cap=64 budget_bytes=65879781072 retry_after_s=- exempt=0 enforce=0 live_free_bytes=-
1790287499762 [admit-mem] id=chatcmpl-6140e945d364c162205fbe3047bfb8da model="q38" verdict=defer prompt=1370 output_bound=- charged_ctx=34202 est_bytes=4347224840 est_context=1015662592 est_fixed=3331562248 device_free=3236648388 pending_prime=0 pending_prime_v1=32592089088 pending_seed=10162292736 host_free=0 demotable=0 short_by=1110576452 inflight=51 cap=64 waited_ms=0 retry_after_s=-
1790287499763 [admission] request cost: model="q38" ctx=34205 path=plain = 29696 B/token x ctx + 658MB prefill-workspace + 372MB fixed = 2045MB
1790287499763 [admit-predict] id=chatcmpl-7686723d479f1ea6bc7871ef51afb38f tenant="" model="q38" verdict=admit reason=global-p95 prompt=1373 predicted_completion=591 kv_hat=1088247576 booked_bytes=55517929928 booked_real=104334679496 inflight=51 cap=64 budget_bytes=65879781072 retry_after_s=- exempt=0 enforce=0 live_free_bytes=-
1790287499763 [admit-mem] id=chatcmpl-7686723d479f1ea6bc7871ef51afb38f model="q38" verdict=defer prompt=1373 output_bound=- charged_ctx=34205 est_bytes=4348751624 est_context=1015751680 est_fixed=3332999944 device_free=3236648388 pending_prime=0 pending_prime_v1=32592089088 pending_seed=10162292736 host_free=0 demotable=0 short_by=1112103236 inflight=51 cap=64 waited_ms=0 retry_after_s=-
1790287499765 [admission] request cost: model="q38" ctx=34208 path=plain = 29696 B/token x ctx + 659MB prefill-workspace + 372MB fixed = 2047MB
1790287499765 [admit-predict] id=chatcmpl-0d0d63344ef47bb4580c878ec15f400e tenant="" model="q38" verdict=admit reason=global-p95 prompt=1376 predicted_completion=591 kv_hat=1089774360 booked_bytes=55517929928 booked_real=104334679496 inflight=51 cap=64 budget_bytes=65879781072 retry_after_s=- exempt=0 enforce=0 live_free_bytes=-
1790287499765 [admit-mem] id=chatcmpl-0d0d63344ef47bb4580c878ec15f400e model="q38" verdict=defer prompt=1376 output_bound=- charged_ctx=34208 est_bytes=4350278408 est_context=1015840768 est_fixed=3334437640 device_free=3236648388 pending_prime=0 pending_prime_v1=32592089088 pending_seed=10162292736 host_free=0 demotable=0 short_by=1113630020 inflight=51 cap=64 waited_ms=0 retry_after_s=-
1790287499766 [admission] request cost: model="q38" ctx=34207 path=plain = 29696 B/token x ctx + 659MB prefill-workspace + 372MB fixed = 2046MB
1790287499766 [admit-predict] id=chatcmpl-ff14d919ec53d82ab25bca8954de8ab6 tenant="" model="q38" verdict=admit reason=global-p95 prompt=1375 predicted_completion=591 kv_hat=1089265432 booked_bytes=55517929928 booked_real=104334679496 inflight=51 cap=64 budget_bytes=65879781072 retry_after_s=- exempt=0 enforce=0 live_free_bytes=-
1790287499766 [admit-mem] id=chatcmpl-ff14d919ec53d82ab25bca8954de8ab6 model="q38" verdict=defer prompt=1375 output_bound=- charged_ctx=34207 est_bytes=4349769480 est_context=1015811072 est_fixed=3333958408 device_free=3236648388 pending_prime=0 pending_prime_v1=32592089088 pending_seed=10162292736 host_free=0 demotable=0 short_by=1113121092 inflight=51 cap=64 waited_ms=0 retry_after_s=-
1790287499767 [admission] request cost: model="q38" ctx=34213 path=plain = 29696 B/token x ctx + 662MB prefill-workspace + 372MB fixed = 2050MB
1790287499767 [admit-predict] id=chatcmpl-d203d016a491025b6e1a5125f48c8ee4 tenant="" model="q38" verdict=admit reason=global-p95 prompt=1381 predicted_completion=591 kv_hat=1092319000 booked_bytes=55517929928 booked_real=104334679496 inflight=51 cap=64 budget_bytes=65879781072 retry_after_s=- exempt=0 enforce=0 live_free_bytes=-
1790287499767 [admit-mem] id=chatcmpl-d203d016a491025b6e1a5125f48c8ee4 model="q38" verdict=defer prompt=1381 output_bound=- charged_ctx=34213 est_bytes=4352823048 est_context=1015989248 est_fixed=3336833800 device_free=3236648388 pending_prime=0 pending_prime_v1=32592089088 pending_seed=10162292736 host_free=0 demotable=0 short_by=1116174660 inflight=51 cap=64 waited_ms=0 retry_after_s=-
1790287499768 [admission] request cost: model="q38" ctx=34204 path=plain = 29696 B/token x ctx + 658MB prefill-workspace + 372MB fixed = 2045MB
1790287499768 [admit-predict] id=chatcmpl-08c5dffd4f40020b9f0c6dcd02fff8ad tenant="" model="q38" verdict=admit reason=global-p95 prompt=1372 predicted_completion=591 kv_hat=1087738648 booked_bytes=55517929928 booked_real=104334679496 inflight=51 cap=64 budget_bytes=65879781072 retry_after_s=- exempt=0 enforce=0 live_free_bytes=-
1790287499769 [admit-mem] id=chatcmpl-08c5dffd4f40020b9f0c6dcd02fff8ad model="q38" verdict=defer prompt=1372 output_bound=- charged_ctx=34204 est_bytes=4348242696 est_context=1015721984 est_fixed=3332520712 device_free=3236648388 pending_prime=0 pending_prime_v1=32592089088 pending_seed=10162292736 host_free=0 demotable=0 short_by=1111594308 inflight=51 cap=64 waited_ms=0 retry_after_s=-
1790287499770 [admission] request cost: model="q38" ctx=34202 path=plain = 29696 B/token x ctx + 657MB prefill-workspace + 372MB fixed = 2044MB
1790287499770 [admit-predict] id=chatcmpl-7cc67c169cd61bbb13bf05fde9866c72 tenant="" model="q38" verdict=admit reason=global-p95 prompt=1370 predicted_completion=591 kv_hat=1086720792 booked_bytes=55517929928 booked_real=104334679496 inflight=51 cap=64 budget_bytes=65879781072 retry_after_s=- exempt=0 enforce=0 live_free_bytes=-
1790287499770 [admit-mem] id=chatcmpl-7cc67c169cd61bbb13bf05fde9866c72 model="q38" verdict=defer prompt=1370 output_bound=- charged_ctx=34202 est_bytes=4347224840 est_context=1015662592 est_fixed=3331562248 device_free=3236648388 pending_prime=0 pending_prime_v1=32592089088 pending_seed=10162292736 host_free=0 demotable=0 short_by=1110576452 inflight=51 cap=64 waited_ms=0 retry_after_s=-
1790287499771 [admission] request cost: model="q38" ctx=34205 path=plain = 29696 B/token x ctx + 658MB prefill-workspace + 372MB fixed = 2045MB
1790287499771 [admit-predict] id=chatcmpl-8087f4e04acc2323fe6dea2cd2c3511b tenant="" model="q38" verdict=admit reason=global-p95 prompt=1373 predicted_completion=591 kv_hat=1088247576 booked_bytes=55517929928 booked_real=104334679496 inflight=51 cap=64 budget_bytes=65879781072 retry_after_s=- exempt=0 enforce=0 live_free_bytes=-
1790287499771 [admit-mem] id=chatcmpl-8087f4e04acc2323fe6dea2cd2c3511b model="q38" verdict=defer prompt=1373 output_bound=- charged_ctx=34205 est_bytes=4348751624 est_context=1015751680 est_fixed=3332999944 device_free=3236648388 pending_prime=0 pending_prime_v1=32592089088 pending_seed=10162292736 host_free=0 demotable=0 short_by=1112103236 inflight=51 cap=64 waited_ms=0 retry_after_s=-
1790287499772 [admission] request cost: model="q38" ctx=34208 path=plain = 29696 B/token x ctx + 659MB prefill-workspace + 372MB fixed = 2047MB
1790287499772 [admit-predict] id=chatcmpl-a179a429acf03b94fa867d6994fc230b tenant="" model="q38" verdict=admit reason=global-p95 prompt=1376 predicted_completion=591 kv_hat=1089774360 booked_bytes=55517929928 booked_real=104334679496 inflight=51 cap=64 budget_bytes=65879781072 retry_after_s=- exempt=0 enforce=0 live_free_bytes=-
1790287499772 [admit-mem] id=chatcmpl-a179a429acf03b94fa867d6994fc230b model="q38" verdict=defer prompt=1376 output_bound=- charged_ctx=34208 est_bytes=4350278408 est_context=1015840768 est_fixed=3334437640 device_free=3236648388 pending_prime=0 pending_prime_v1=32592089088 pending_seed=10162292736 host_free=0 demotable=0 short_by=1113630020 inflight=51 cap=64 waited_ms=0 retry_after_s=-
1790287499774 [admission] request cost: model="q38" ctx=34203 path=plain = 29696 B/token x ctx + 657MB prefill-workspace + 372MB fixed = 2044MB
1790287499774 [admit-predict] id=chatcmpl-8e4f23cbbf1d95284612c15440e8e67a tenant="" model="q38" verdict=admit reason=global-p95 prompt=1371 predicted_completion=591 kv_hat=1087229720 booked_bytes=55517929928 booked_real=104334679496 inflight=51 cap=64 budget_bytes=65879781072 retry_after_s=- exempt=0 enforce=0 live_free_bytes=-
1790287499774 [admit-mem] id=chatcmpl-8e4f23cbbf1d95284612c15440e8e67a model="q38" verdict=defer prompt=1371 output_bound=- charged_ctx=34203 est_bytes=4347733768 est_context=1015692288 est_fixed=3332041480 device_free=3236648388 pending_prime=0 pending_prime_v1=32592089088 pending_seed=10162292736 host_free=0 demotable=0 short_by=1111085380 inflight=51 cap=64 waited_ms=0 retry_after_s=-
1790287499882 [prefix-cache] insert (seed): 1344 tokens, 196.8MB (resident 196.8MB / 15883MB, model q38)
1790287499991 [prefix-cache] insert (seed): 1344 tokens, 196.8MB (resident 393.6MB / 15883MB, model q38)
1790287512074 [admission] request cost: model="q38" ctx=34201 path=plain = 29696 B/token x ctx + 656MB prefill-workspace + 372MB fixed = 2043MB
1790287512076 [admit-oom] reclaim settle (reclaim-on-defer): dev0 evicted_prefix_bytes=393609216 pool_cached_gain_bytes=393609216 trim_released_bytes=369098752 driver_free_bytes 12128157696 -> 12497256448 pool_reserved_bytes 89221234688 -> 88852135936 pool_used_bytes 88657846844 -> 88264237628 pool_retained_bytes=24510464 (live neighbour or fragmentation; counted as pool-cached headroom, not driver free)
1790287512076 [admit-oom] reclaim-on-defer: evicted 2 prefix entries + 0 plain + 0 spec + 0 dspark parked sessions (global LRU); effective free 3045MB -> 3439MB
1790287512076 [admit-oom] VRAM defer: 51 active, effective free 3439MB (driver + 588MB pool-cached) < cost 2043MB + reserve 2303MB — queueing (FIFO) [pool res 88852MB used 88264MB; parked spec sessions 0; plain reuse 0; queue 12]
1790287512076 [admit-mem] id=chatcmpl-6c976c1ba30fd2c4694390a2d6ccfb1f model="q38" verdict=refuse prompt=1369 output_bound=- charged_ctx=34201 est_bytes=4346715912 est_context=1015632896 est_fixed=3331083016 device_free=3438878148 pending_prime=0 pending_prime_v1=8239435776 pending_seed=9646276608 host_free=0 demotable=0 short_by=907837764 inflight=51 cap=64 waited_ms=12317 retry_after_s=4
1790287512076 [admission] request cost: model="q38" ctx=34209 path=plain = 29696 B/token x ctx + 660MB prefill-workspace + 372MB fixed = 2047MB
1790287512076 [admit-oom] VRAM defer: 51 active, effective free 3439MB (driver + 588MB pool-cached) < cost 2047MB + reserve 2303MB — queueing (FIFO) [pool res 88852MB used 88264MB; parked spec sessions 0; plain reuse 0; queue 11]
1790287512076 [admit-mem] id=chatcmpl-97dad1762177c1bfd4fa55553485f29f model="q38" verdict=refuse prompt=1377 output_bound=- charged_ctx=34209 est_bytes=4350787336 est_context=1015870464 est_fixed=3334916872 device_free=3438878148 pending_prime=0 pending_prime_v1=8239435776 pending_seed=9646276608 host_free=0 demotable=0 short_by=911909188 inflight=51 cap=64 waited_ms=12316 retry_after_s=4
1790287512076 [admission] request cost: model="q38" ctx=34213 path=plain = 29696 B/token x ctx + 662MB prefill-workspace + 372MB fixed = 2050MB
1790287512076 [admit-oom] VRAM defer: 51 active, effective free 3439MB (driver + 588MB pool-cached) < cost 2050MB + reserve 2303MB — queueing (FIFO) [pool res 88852MB used 88264MB; parked spec sessions 0; plain reuse 0; queue 10]
1790287512076 [admit-mem] id=chatcmpl-74cabf7d23ccb80a10f23ce8023e79d1 model="q38" verdict=refuse prompt=1381 output_bound=- charged_ctx=34213 est_bytes=4352823048 est_context=1015989248 est_fixed=3336833800 device_free=3438878148 pending_prime=0 pending_prime_v1=8239435776 pending_seed=9646276608 host_free=0 demotable=0 short_by=913944900 inflight=51 cap=64 waited_ms=12315 retry_after_s=4
1790287512076 [admission] request cost: model="q38" ctx=34202 path=plain = 29696 B/token x ctx + 657MB prefill-workspace + 372MB fixed = 2044MB
1790287512076 [admit-oom] VRAM defer: 51 active, effective free 3439MB (driver + 588MB pool-cached) < cost 2044MB + reserve 2303MB — queueing (FIFO) [pool res 88852MB used 88264MB; parked spec sessions 0; plain reuse 0; queue 9]
1790287512076 [admit-mem] id=chatcmpl-6140e945d364c162205fbe3047bfb8da model="q38" verdict=refuse prompt=1370 output_bound=- charged_ctx=34202 est_bytes=4347224840 est_context=1015662592 est_fixed=3331562248 device_free=3438878148 pending_prime=0 pending_prime_v1=8239435776 pending_seed=9646276608 host_free=0 demotable=0 short_by=908346692 inflight=51 cap=64 waited_ms=12314 retry_after_s=4
1790287512076 [admission] request cost: model="q38" ctx=34205 path=plain = 29696 B/token x ctx + 658MB prefill-workspace + 372MB fixed = 2045MB
1790287512076 [admit-oom] VRAM defer: 51 active, effective free 3439MB (driver + 588MB pool-cached) < cost 2045MB + reserve 2303MB — queueing (FIFO) [pool res 88852MB used 88264MB; parked spec sessions 0; plain reuse 0; queue 8]
1790287512076 [admit-mem] id=chatcmpl-7686723d479f1ea6bc7871ef51afb38f model="q38" verdict=refuse prompt=1373 output_bound=- charged_ctx=34205 est_bytes=4348751624 est_context=1015751680 est_fixed=3332999944 device_free=3438878148 pending_prime=0 pending_prime_v1=8239435776 pending_seed=9646276608 host_free=0 demotable=0 short_by=909873476 inflight=51 cap=64 waited_ms=12313 retry_after_s=4
1790287512076 [admission] request cost: model="q38" ctx=34208 path=plain = 29696 B/token x ctx + 659MB prefill-workspace + 372MB fixed = 2047MB
1790287512077 [admit-oom] VRAM defer: 51 active, effective free 3439MB (driver + 588MB pool-cached) < cost 2047MB + reserve 2303MB — queueing (FIFO) [pool res 88852MB used 88264MB; parked spec sessions 0; plain reuse 0; queue 7]
1790287512077 [admit-mem] id=chatcmpl-0d0d63344ef47bb4580c878ec15f400e model="q38" verdict=refuse prompt=1376 output_bound=- charged_ctx=34208 est_bytes=4350278408 est_context=1015840768 est_fixed=3334437640 device_free=3438878148 pending_prime=0 pending_prime_v1=8239435776 pending_seed=9646276608 host_free=0 demotable=0 short_by=911400260 inflight=51 cap=64 waited_ms=12311 retry_after_s=4
1790287512077 [admission] request cost: model="q38" ctx=34207 path=plain = 29696 B/token x ctx + 659MB prefill-workspace + 372MB fixed = 2046MB
1790287512077 [admit-oom] VRAM defer: 51 active, effective free 3439MB (driver + 588MB pool-cached) < cost 2046MB + reserve 2303MB — queueing (FIFO) [pool res 88852MB used 88264MB; parked spec sessions 0; plain reuse 0; queue 6]
1790287512077 [admit-mem] id=chatcmpl-ff14d919ec53d82ab25bca8954de8ab6 model="q38" verdict=refuse prompt=1375 output_bound=- charged_ctx=34207 est_bytes=4349769480 est_context=1015811072 est_fixed=3333958408 device_free=3438878148 pending_prime=0 pending_prime_v1=8239435776 pending_seed=9646276608 host_free=0 demotable=0 short_by=910891332 inflight=51 cap=64 waited_ms=12310 retry_after_s=4
1790287512077 [admission] request cost: model="q38" ctx=34213 path=plain = 29696 B/token x ctx + 662MB prefill-workspace + 372MB fixed = 2050MB
1790287512077 [admit-oom] VRAM defer: 51 active, effective free 3439MB (driver + 588MB pool-cached) < cost 2050MB + reserve 2303MB — queueing (FIFO) [pool res 88852MB used 88264MB; parked spec sessions 0; plain reuse 0; queue 5]
1790287512077 [admit-mem] id=chatcmpl-d203d016a491025b6e1a5125f48c8ee4 model="q38" verdict=refuse prompt=1381 output_bound=- charged_ctx=34213 est_bytes=4352823048 est_context=1015989248 est_fixed=3336833800 device_free=3438878148 pending_prime=0 pending_prime_v1=8239435776 pending_seed=9646276608 host_free=0 demotable=0 short_by=913944900 inflight=51 cap=64 waited_ms=12309 retry_after_s=4
1790287512077 [admission] request cost: model="q38" ctx=34204 path=plain = 29696 B/token x ctx + 658MB prefill-workspace + 372MB fixed = 2045MB
1790287512077 [admit-oom] VRAM defer: 51 active, effective free 3439MB (driver + 588MB pool-cached) < cost 2045MB + reserve 2303MB — queueing (FIFO) [pool res 88852MB used 88264MB; parked spec sessions 0; plain reuse 0; queue 4]
1790287512077 [admit-mem] id=chatcmpl-08c5dffd4f40020b9f0c6dcd02fff8ad model="q38" verdict=refuse prompt=1372 output_bound=- charged_ctx=34204 est_bytes=4348242696 est_context=1015721984 est_fixed=3332520712 device_free=3438878148 pending_prime=0 pending_prime_v1=8239435776 pending_seed=9646276608 host_free=0 demotable=0 short_by=909364548 inflight=51 cap=64 waited_ms=12308 retry_after_s=4
1790287512077 [admission] request cost: model="q38" ctx=34202 path=plain = 29696 B/token x ctx + 657MB prefill-workspace + 372MB fixed = 2044MB
1790287512077 [admit-oom] VRAM defer: 51 active, effective free 3439MB (driver + 588MB pool-cached) < cost 2044MB + reserve 2303MB — queueing (FIFO) [pool res 88852MB used 88264MB; parked spec sessions 0; plain reuse 0; queue 3]
1790287512077 [admit-mem] id=chatcmpl-7cc67c169cd61bbb13bf05fde9866c72 model="q38" verdict=refuse prompt=1370 output_bound=- charged_ctx=34202 est_bytes=4347224840 est_context=1015662592 est_fixed=3331562248 device_free=3438878148 pending_prime=0 pending_prime_v1=8239435776 pending_seed=9646276608 host_free=0 demotable=0 short_by=908346692 inflight=51 cap=64 waited_ms=12307 retry_after_s=4
1790287512077 [admission] request cost: model="q38" ctx=34205 path=plain = 29696 B/token x ctx + 658MB prefill-workspace + 372MB fixed = 2045MB
1790287512077 [admit-oom] VRAM defer: 51 active, effective free 3439MB (driver + 588MB pool-cached) < cost 2045MB + reserve 2303MB — queueing (FIFO) [pool res 88852MB used 88264MB; parked spec sessions 0; plain reuse 0; queue 2]
1790287512077 [admit-mem] id=chatcmpl-8087f4e04acc2323fe6dea2cd2c3511b model="q38" verdict=refuse prompt=1373 output_bound=- charged_ctx=34205 est_bytes=4348751624 est_context=1015751680 est_fixed=3332999944 device_free=3438878148 pending_prime=0 pending_prime_v1=8239435776 pending_seed=9646276608 host_free=0 demotable=0 short_by=909873476 inflight=51 cap=64 waited_ms=12305 retry_after_s=4
1790287512077 [admission] request cost: model="q38" ctx=34208 path=plain = 29696 B/token x ctx + 659MB prefill-workspace + 372MB fixed = 2047MB
1790287512077 [admit-oom] VRAM defer: 51 active, effective free 3439MB (driver + 588MB pool-cached) < cost 2047MB + reserve 2303MB — queueing (FIFO) [pool res 88852MB used 88264MB; parked spec sessions 0; plain reuse 0; queue 1]
1790287512077 [admit-mem] id=chatcmpl-a179a429acf03b94fa867d6994fc230b model="q38" verdict=refuse prompt=1376 output_bound=- charged_ctx=34208 est_bytes=4350278408 est_context=1015840768 est_fixed=3334437640 device_free=3438878148 pending_prime=0 pending_prime_v1=8239435776 pending_seed=9646276608 host_free=0 demotable=0 short_by=911400260 inflight=51 cap=64 waited_ms=12304 retry_after_s=4
1790287512077 [admission] request cost: model="q38" ctx=34203 path=plain = 29696 B/token x ctx + 657MB prefill-workspace + 372MB fixed = 2044MB
1790287512077 [admit-oom] VRAM defer: 51 active, effective free 3439MB (driver + 588MB pool-cached) < cost 2044MB + reserve 2303MB — queueing (FIFO) [pool res 88852MB used 88264MB; parked spec sessions 0; plain reuse 0; queue 0]
1790287512077 [admit-mem] id=chatcmpl-8e4f23cbbf1d95284612c15440e8e67a model="q38" verdict=refuse prompt=1371 output_bound=- charged_ctx=34203 est_bytes=4347733768 est_context=1015692288 est_fixed=3332041480 device_free=3438878148 pending_prime=0 pending_prime_v1=8239435776 pending_seed=9646276608 host_free=0 demotable=0 short_by=908855620 inflight=51 cap=64 waited_ms=12303 retry_after_s=4
1790287512155 [prime-batch] B=2 tokens=59 carried=2 partial=0 in 77.2ms
1790287512264 [prefix-cache] insert (seed): 1344 tokens, 196.8MB (resident 196.8MB / 15883MB, model q38)
1790287512373 [prefix-cache] insert (seed): 1344 tokens, 196.8MB (resident 393.6MB / 15883MB, model q38)
1790287512482 [prefix-cache] insert (seed): 1344 tokens, 196.8MB (resident 590.4MB / 15883MB, model q38)
1790287512592 [prefix-cache] insert (seed): 1344 tokens, 196.8MB (resident 787.2MB / 15883MB, model q38)
1790287512701 [prefix-cache] insert (seed): 1344 tokens, 196.8MB (resident 984.0MB / 15883MB, model q38)
1790287512811 [prefix-cache] insert (seed): 1344 tokens, 196.8MB (resident 1180.8MB / 15883MB, model q38)
1790287513029 [prefix-cache] insert (seed): 1344 tokens, 196.8MB (resident 1377.6MB / 15883MB, model q38)
1790287513138 [prefix-cache] insert (seed): 1344 tokens, 196.8MB (resident 1574.4MB / 15883MB, model q38)
1790287513248 [prefix-cache] insert (seed): 1344 tokens, 196.8MB (resident 1771.2MB / 15883MB, model q38)
1790287513357 [prefix-cache] insert (seed): 1344 tokens, 196.8MB (resident 1968.0MB / 15883MB, model q38)
1790287513466 [prefix-cache] insert (seed): 1344 tokens, 196.8MB (resident 2164.9MB / 15883MB, model q38)
1790287513576 [prefix-cache] insert (seed): 1344 tokens, 196.8MB (resident 2361.7MB / 15883MB, model q38)
1790287513685 [prefix-cache] insert (seed): 1344 tokens, 196.8MB (resident 2558.5MB / 15883MB, model q38)
1790287513795 [prefix-cache] insert (seed): 1344 tokens, 196.8MB (resident 2755.3MB / 15883MB, model q38)
1790287513904 [prefix-cache] insert (seed): 1344 tokens, 196.8MB (resident 2952.1MB / 15883MB, model q38)
1790287514014 [prefix-cache] insert (seed): 1344 tokens, 196.8MB (resident 3148.9MB / 15883MB, model q38)
1790287514124 [prefix-cache] insert (seed): 1344 tokens, 196.8MB (resident 3345.7MB / 15883MB, model q38)
1790287514233 [prefix-cache] insert (seed): 1344 tokens, 196.8MB (resident 3542.5MB / 15883MB, model q38)
1790287514342 [prefix-cache] insert (seed): 1344 tokens, 196.8MB (resident 3739.3MB / 15883MB, model q38)
1790287514452 [prefix-cache] insert (seed): 1344 tokens, 196.8MB (resident 3936.1MB / 15883MB, model q38)
1790287514670 [prefix-cache] insert (seed): 1344 tokens, 196.8MB (resident 4132.9MB / 15883MB, model q38)
1790287514780 [prefix-cache] insert (seed): 1344 tokens, 196.8MB (resident 4329.7MB / 15883MB, model q38)
1790287514998 [prefix-cache] insert (seed): 1344 tokens, 196.8MB (resident 4526.5MB / 15883MB, model q38)
1790287515107 [prefix-cache] insert (seed): 1344 tokens, 196.8MB (resident 4723.3MB / 15883MB, model q38)
1790287515216 [prefix-cache] insert (seed): 1344 tokens, 196.8MB (resident 4920.1MB / 15883MB, model q38)
1790287515326 [prefix-cache] insert (seed): 1344 tokens, 196.8MB (resident 5116.9MB / 15883MB, model q38)
1790287515435 [prefix-cache] insert (seed): 1344 tokens, 196.8MB (resident 5313.7MB / 15883MB, model q38)
1790287515545 [prefix-cache] insert (seed): 1344 tokens, 196.8MB (resident 5510.5MB / 15883MB, model q38)
1790287515654 [prefix-cache] insert (seed): 1344 tokens, 196.8MB (resident 5707.3MB / 15883MB, model q38)
1790287515764 [prefix-cache] insert (seed): 1344 tokens, 196.8MB (resident 5904.1MB / 15883MB, model q38)
1790287515873 [prefix-cache] insert (seed): 1344 tokens, 196.8MB (resident 6100.9MB / 15883MB, model q38)
1790287515983 [prefix-cache] insert (seed): 1344 tokens, 196.8MB (resident 6297.7MB / 15883MB, model q38)
1790287516092 [prefix-cache] insert (seed): 1344 tokens, 196.8MB (resident 6494.6MB / 15883MB, model q38)
1790287516201 [prefix-cache] insert (seed): 1344 tokens, 196.8MB (resident 6691.4MB / 15883MB, model q38)
1790287516311 [prefix-cache] insert (seed): 1344 tokens, 196.8MB (resident 6888.2MB / 15883MB, model q38)
1790287516420 [prefix-cache] insert (seed): 1344 tokens, 196.8MB (resident 7085.0MB / 15883MB, model q38)
1790287516425 [admit-mem] prefill OOM parked session back to queue (model q38, retry 1/3): DriverError(CUDA_ERROR_OUT_OF_MEMORY, "out of memory")
1790287516425 [admit-mem] prefill OOM parked session back to queue (model q38, retry 1/3): DriverError(CUDA_ERROR_OUT_OF_MEMORY, "out of memory")
1790287516426 [admit-mem] prefill OOM parked session back to queue (model q38, retry 1/3): DriverError(CUDA_ERROR_OUT_OF_MEMORY, "out of memory")
1790287516426 [admit-mem] prefill OOM parked session back to queue (model q38, retry 1/3): DriverError(CUDA_ERROR_OUT_OF_MEMORY, "out of memory")
1790287516426 [admit-mem] prefill OOM parked session back to queue (model q38, retry 1/3): DriverError(CUDA_ERROR_OUT_OF_MEMORY, "out of memory")
1790287516426 [admit-mem] prefill OOM parked session back to queue (model q38, retry 1/3): DriverError(CUDA_ERROR_OUT_OF_MEMORY, "out of memory")
1790287516426 [admit-mem] prefill OOM parked session back to queue (model q38, retry 1/3): DriverError(CUDA_ERROR_OUT_OF_MEMORY, "out of memory")
1790287516426 [admit-mem] prefill OOM parked session back to queue (model q38, retry 1/3): DriverError(CUDA_ERROR_OUT_OF_MEMORY, "out of memory")
1790287516426 [admit-mem] prefill OOM parked session back to queue (model q38, retry 1/3): DriverError(CUDA_ERROR_OUT_OF_MEMORY, "out of memory")
1790287516427 [admit-mem] prefill OOM parked session back to queue (model q38, retry 1/3): DriverError(CUDA_ERROR_OUT_OF_MEMORY, "out of memory")
1790287516444 [admit-oom] step-OOM reclaim: parked reuse=0 spec=0 dspark=0 dropped; prefix cache evicted 18 entries (3378MB) 6756MB -> 3378MB (oom tick streak 1)
1790287516490 [device-trim] reason=oom-teardown {"device":0,"reclaimed_bytes":15267266560,"still_owned_bytes":83916345268,"pool_reserved_bytes":86100672512,"pool_cached_bytes":2184327244,"driver_free_bytes":15282274304,"synchronization_errors":[]}
1790287516490 [admit-oom] step-OOM teardown complete: 10 session(s) dropped behind a device fence; pool trim released 14560MB across 1 device(s)
1790287516492 [admission] request cost: model="q38" ctx=34211 path=plain = 29696 B/token x ctx + 661MB prefill-workspace + 372MB fixed = 2048MB
1790287516492 [admit-mem] id=chatcmpl-1ff8abdea2c49bbdfd5ecf88cc5c80b0 model="q38" verdict=admit prompt=1379 output_bound=- charged_ctx=34211 est_bytes=4351805192 est_context=1015929856 est_fixed=3335875336 device_free=16873336908 pending_prime=0 pending_prime_v1=546803712 pending_seed=593264640 host_free=0 demotable=3542482944 short_by=0 inflight=41 cap=64 waited_ms=0 retry_after_s=-
1790287516493 [spec-k] model="q38" tenant="" K=0 source=oom-replay prompt=1379 cached=0 lcp=47 active=42 wave=51 placement=single-or-non-pp2
1790287516495 [admission] request cost: model="q38" ctx=34206 path=plain = 29696 B/token x ctx + 658MB prefill-workspace + 372MB fixed = 2046MB
1790287516495 [admit-mem] id=chatcmpl-a43bbd277ed6ded4c585350c4f975383 model="q38" verdict=admit prompt=1374 output_bound=- charged_ctx=34206 est_bytes=4349260552 est_context=1015781376 est_fixed=3333479176 device_free=15288490808 pending_prime=0 pending_prime_v1=1207664640 pending_seed=792563712 host_free=0 demotable=3542482944 short_by=0 inflight=42 cap=64 waited_ms=0 retry_after_s=-
1790287516496 [spec-k] model="q38" tenant="" K=0 source=oom-replay prompt=1374 cached=0 lcp=48 active=43 wave=51 placement=single-or-non-pp2
1790287516497 [admission] request cost: model="q38" ctx=34205 path=plain = 29696 B/token x ctx + 658MB prefill-workspace + 372MB fixed = 2045MB
1790287516497 [admit-mem] id=chatcmpl-8b0667dae566af37b22d1db319ef1e32 model="q38" verdict=admit prompt=1373 output_bound=- charged_ctx=34205 est_bytes=4348751624 est_context=1015751680 est_fixed=3332999944 device_free=13703802468 pending_prime=0 pending_prime_v1=1866129408 pending_seed=991862784 host_free=0 demotable=3542482944 short_by=0 inflight=43 cap=64 waited_ms=0 retry_after_s=-
1790287516498 [spec-k] model="q38" tenant="" K=0 source=oom-replay prompt=1373 cached=0 lcp=48 active=44 wave=51 placement=single-or-non-pp2
1790287516500 [admission] request cost: model="q38" ctx=34203 path=plain = 29696 B/token x ctx + 657MB prefill-workspace + 372MB fixed = 2044MB
1790287516500 [admit-mem] id=chatcmpl-38b738e552c081276668cd54b0c1c9a6 model="q38" verdict=admit prompt=1371 output_bound=- charged_ctx=34203 est_bytes=4347733768 est_context=1015692288 est_fixed=3332041480 device_free=12119145680 pending_prime=0 pending_prime_v1=2524114944 pending_seed=1191161856 host_free=0 demotable=3542482944 short_by=0 inflight=44 cap=64 waited_ms=0 retry_after_s=-
1790287516501 [spec-k] model="q38" tenant="" K=0 source=oom-replay prompt=1371 cached=0 lcp=48 active=45 wave=51 placement=single-or-non-pp2
1790287516502 [admission] request cost: model="q38" ctx=34202 path=plain = 29696 B/token x ctx + 657MB prefill-workspace + 372MB fixed = 2044MB
1790287516502 [admit-mem] id=chatcmpl-a15b2f43785831468a491a9394335df8 model="q38" verdict=admit prompt=1370 output_bound=- charged_ctx=34202 est_bytes=4347224840 est_context=1015662592 est_fixed=3331562248 device_free=10534551996 pending_prime=0 pending_prime_v1=3181142016 pending_seed=1390460928 host_free=0 demotable=3542482944 short_by=0 inflight=45 cap=64 waited_ms=0 retry_after_s=-
1790287516503 [spec-k] model="q38" tenant="" K=0 source=oom-replay prompt=1370 cached=0 lcp=48 active=46 wave=51 placement=single-or-non-pp2
1790287516505 [admission] request cost: model="q38" ctx=34211 path=plain = 29696 B/token x ctx + 661MB prefill-workspace + 372MB fixed = 2048MB
1790287516505 [admit-mem] id=chatcmpl-1fd35f03073b81609eca449958252228 model="q38" verdict=admit prompt=1379 output_bound=- charged_ctx=34211 est_bytes=4351805192 est_context=1015929856 est_fixed=3335875336 device_free=8949989864 pending_prime=0 pending_prime_v1=3837689856 pending_seed=1589760000 host_free=0 demotable=3542482944 short_by=0 inflight=46 cap=64 waited_ms=0 retry_after_s=-
1790287516506 [spec-k] model="q38" tenant="" K=0 source=oom-replay prompt=1379 cached=0 lcp=48 active=47 wave=51 placement=single-or-non-pp2
1790287516507 [admission] request cost: model="q38" ctx=34215 path=plain = 29696 B/token x ctx + 663MB prefill-workspace + 372MB fixed = 2051MB
1790287516507 [admit-mem] id=chatcmpl-609b52a490c75c052012b7da27df7cbe model="q38" verdict=admit prompt=1383 output_bound=- charged_ctx=34215 est_bytes=4353840904 est_context=1016048640 est_fixed=3337792264 device_free=7365143764 pending_prime=0 pending_prime_v1=4498550784 pending_seed=1789059072 host_free=0 demotable=3542482944 short_by=0 inflight=47 cap=64 waited_ms=0 retry_after_s=-
1790287516509 [spec-k] model="q38" tenant="" K=0 source=oom-replay prompt=1383 cached=0 lcp=47 active=48 wave=51 placement=single-or-non-pp2
1790287516510 [admission] request cost: model="q38" ctx=34206 path=plain = 29696 B/token x ctx + 658MB prefill-workspace + 372MB fixed = 2046MB
1790287516510 [admit-mem] id=chatcmpl-33e7b569e02c028bb9b598df7a638b94 model="q38" verdict=admit prompt=1374 output_bound=- charged_ctx=34206 est_bytes=4349260552 est_context=1015781376 est_fixed=3333479176 device_free=5780171456 pending_prime=0 pending_prime_v1=5161328640 pending_seed=1988358144 host_free=0 demotable=3542482944 short_by=0 inflight=48 cap=64 waited_ms=0 retry_after_s=-
1790287516512 [spec-k] model="q38" tenant="" K=0 source=oom-replay prompt=1374 cached=0 lcp=48 active=49 wave=51 placement=single-or-non-pp2
1790287516513 [admission] request cost: model="q38" ctx=34212 path=plain = 29696 B/token x ctx + 661MB prefill-workspace + 372MB fixed = 2049MB
1790287516522 [admit-oom] reclaim settle (reclaim-on-defer): dev0 evicted_prefix_bytes=3542482944 pool_cached_gain_bytes=3542482944 trim_released_bytes=2919235584 driver_free_bytes 6222577664 -> 9141813248 pool_reserved_bytes 95160369152 -> 92241133568 pool_used_bytes 94999806484 -> 91457323540 pool_retained_bytes=623247360 (live neighbour or fragmentation; counted as pool-cached headroom, not driver free)
1790287516522 [admit-oom] reclaim-on-defer: evicted 18 prefix entries + 0 plain + 0 spec + 0 dspark parked sessions (global LRU); effective free 4195MB -> 7738MB
1790287516522 [admit-mem] id=chatcmpl-9353dd8e41bf14f6f45f9a6eef4b6c05 model="q38" verdict=admit prompt=1380 output_bound=- charged_ctx=34212 est_bytes=4352314120 est_context=1015959552 est_fixed=3336354568 device_free=7737966060 pending_prime=0 pending_prime_v1=5819793408 pending_seed=2187657216 host_free=0 demotable=0 short_by=0 inflight=49 cap=64 waited_ms=0 retry_after_s=-
1790287516523 [spec-k] model="q38" tenant="" K=0 source=oom-replay prompt=1380 cached=0 lcp=0 active=50 wave=51 placement=single-or-non-pp2
1790287516524 [admission] request cost: model="q38" ctx=34202 path=plain = 29696 B/token x ctx + 657MB prefill-workspace + 372MB fixed = 2044MB
1790287516525 [admit-mem] id=chatcmpl-20b3cfa4c65d9c8ba83316921edbfe9c model="q38" verdict=admit prompt=1370 output_bound=- charged_ctx=34202 est_bytes=4347224840 est_context=1015662592 est_fixed=3331562248 device_free=6153088408 pending_prime=0 pending_prime_v1=6481133568 pending_seed=2386956288 host_free=0 demotable=0 short_by=0 inflight=50 cap=64 waited_ms=0 retry_after_s=-
1790287516526 [spec-k] model="q38" tenant="" K=0 source=oom-replay prompt=1370 cached=0 lcp=0 active=51 wave=51 placement=single-or-non-pp2
1790287516670 [prime-batch] B=6 tokens=175 carried=6 partial=0 in 144.4ms
1790287516815 [prime-batch] B=6 tokens=183 carried=6 partial=0 in 144.8ms
1790287516816 [prefix-cache] insert (seed): 1376 tokens, 197.8MB (resident 197.8MB / 15883MB, model q38)
1790287516961 [prime-batch] B=6 tokens=177 carried=6 partial=0 in 144.8ms
1790287517105 [prime-batch] B=6 tokens=171 carried=6 partial=0 in 144.0ms
1790287517105 [prefix-cache] insert (seed): 1376 tokens, 197.8MB (resident 395.5MB / 15883MB, model q38)
1790287517249 [prime-batch] B=6 tokens=173 carried=6 partial=0 in 144.0ms
1790287517250 [prefix-cache] insert (seed): 1376 tokens, 197.8MB (resident 593.3MB / 15883MB, model q38)
1790287517395 [prime-batch] B=6 tokens=175 carried=6 partial=0 in 144.6ms
1790287517485 [prime-batch] B=3 tokens=87 carried=3 partial=0 in 89.7ms
1790287519966 [fa-pool] grow #4 dev=0 o_len 3194880 -> 8552448 ml_len 12480 -> 33408 (retired kept, zero=false)
1790287520163 [prefix-cache] insert (seed): 1344 tokens, 196.8MB (resident 790.1MB / 15883MB, model q38)
1790287520272 [prefix-cache] insert (seed): 1344 tokens, 196.8MB (resident 986.9MB / 15883MB, model q38)
1790287520382 [prefix-cache] insert (seed): 1344 tokens, 196.8MB (resident 1183.7MB / 15883MB, model q38)
1790287520491 [prefix-cache] insert (seed): 1344 tokens, 196.8MB (resident 1380.5MB / 15883MB, model q38)
1790287520600 [prefix-cache] insert (seed): 1344 tokens, 196.8MB (resident 1577.3MB / 15883MB, model q38)
1790287520709 [prefix-cache] insert (seed): 1344 tokens, 196.8MB (resident 1774.1MB / 15883MB, model q38)
1790287520818 [prefix-cache] insert (seed): 1344 tokens, 196.8MB (resident 1970.9MB / 15883MB, model q38)
1790287520928 [prefix-cache] insert (seed): 1344 tokens, 196.8MB (resident 2167.7MB / 15883MB, model q38)
1790287521038 [prefix-cache] insert (seed): 1344 tokens, 196.8MB (resident 2364.5MB / 15883MB, model q38)
1790287521147 [prefix-cache] insert (seed): 1344 tokens, 196.8MB (resident 2561.3MB / 15883MB, model q38)
1790287521380 [prime-batch] B=6 tokens=182 carried=6 partial=0 in 144.1ms
1790287521500 [prime-batch] B=4 tokens=131 carried=4 partial=0 in 119.5ms
1790287522591 [fa-pool] grow #5 dev=0 o_len 8552448 -> 17104896 ml_len 33408 -> 66816 (retired kept, zero=false)
1790287603414 [server] SIGTERM: draining (0 in flight, deadline 30s)
1790287603414 [server] drain complete in 0.0s; exiting
1790287603475 [server] GPU worker shutdown complete
