[server] build: memra-0.138.0-72ebae9d06e2 (id: source-tree, git: 21984b527c86)
[server] starting; models config = [("gate", "/root/artifacts/Qwen3.8-27B-NVFP4-Q5K-mtp.gguf", None)]
[gpu-watch] Xid source: journalctl -k -f (/dev/kmsg unreadable — kernel.dmesg_restrict)
[worker-affinity] off (MEMRA_WORKER_CPUSET / MEMRA_WORKER_AFFINITY unset or =0)
[gpu-watch] on: every 60s, probe deadline 10s, fatal after 3 consecutive misses (MEMRA_GPU_PROBE_MISSES), fatal Xid [48, 64, 79, 94, 95, 119, 120]
[worker] Engine ready (device=0, MEMRA_FAST=true)
[spec-gate] policy placement=single-or-non-pp2 LOW=2 HIGH=4 source=placement-default spec-admission=on
[spec-k] automatic table: prompt<1024 -> K=3; cold-long -> K=3; prompt>= 1024 and cached>= 1024 -> K=2 (K=5 when the loaded MTP head is rank-trimmed)
[worker] loading model "gate" <- /root/artifacts/Qwen3.8-27B-NVFP4-Q5K-mtp.gguf
[tensor-contract] bound 866 semantic tensors (pack qwen35, Gguf, output head Separate); every census tensor is claimed and every required tensor is present with its declared shape and storage
[worker]   loaded "gate": 65 layers, eos=248046, stop=[248046]
[worker] gate: template caps tools=true think=true think_switch=true chat_ok=true effort_levels=false qwen_effort=true gemma_think=false dsv4=false glm5=false ctx=262144 tok="qwen35" instruct=Some("chatml") chat_defaults=None/None
[route-contract] model="gate" route=hybrid-worker capacity=4 sessions implemented=[capacity,occupancy,progress,fault-ownership,shutdown-ownership,memory-cost,rewrite-qualification,prime-fairness,service-metrics] refused=[]
[worker] gate: decode wave cap 16; scheduler tick cap 16 (exact-16 tier)
[prefix-host] contracts door: model gate program identity artifact_sha256=1facf36c2db359dcf9c2475cf8f85fe84a528d10aaaaff20f7c0db3d561e024a plan_debug_sha256=8fc1154223424f168e69fdf10f4befec7a9af75544e385bb773759954ff427e5 numeric=server-prefix-entry-v5-kv-q8_0-34B-q5_1-24B template=gguf-jinja device=0 (6040ms to hash /root/artifacts/Qwen3.8-27B-NVFP4-Q5K-mtp.gguf)
[prefix-host] contracts door: model gate draft program identity source=embedded numeric=server-prefix-entry-v5-kv-q8_0-34B-q5_1-24B+mtp-draft-kv-q8_0-34B-q5_1-24B (0ms)
[prefix-host] contracts door: D2H demotes and H2D promotes ride the transfer engine's copy stream and publish at the tick top (memra#536 Move 1)
[prefix-host] contracts door ON (MEMRA_KV_HOST_CONTRACTS=1): 1 model program identities, tenant salt per pool namespace, server governor ledger pinned/pageable 17180MB device 1409MB in-flight 390; host tier armed; KV plane D2H through the transfer engine on the pageable tier (Option B); KV plane H2D through the same engine on promote (Option C)
[prefix-host] on: budget 8590MB pinned cacheable host RAM (MEMRA_KV_HOST_MB, startup budget policy), plain byte-LRU, demote on device capacity eviction, promote on exact-prefix probe; verify=off (MEMRA_KV_HOST_VERIFY); tenant share cap 50% = 4295MB (MEMRA_KV_HOST_TENANT_PCT)
[prefix-cache] on: budget 470MB (469762048 B, configured by MEMRA_PREFIX_CACHE_MB), policy plain-LRU (global oldest unleased entry first; leases untouchable), min prefix 64 tokens, immediate partial restore=off (rollback) (transformer-only; hybrid mid-entry + routed-MoE N/A)
[admission] "gate": plain 29696 B/token, spec 31552 B/token; fixed residual learns from effective-free deltas
[admit-cal] boot calibration skipped: spec serving disabled (static floor; the plain transient class is chunk-bounded)
[admit-mem] door=OFF open_output_tokens=8192 defer_budget_ms=8000 (admission charges prompt+output, the reclaim flush demotes to the host tier before dropping, and a memory defer past the budget refuses 429 instead of queueing past the client's deadline)
[server] worker ready; serving models: ["gate"]
[server] listening on http://127.0.0.1:18137
[meter] admit id=cmpl-b6217b30211cb0971ccf1b21bcbf6a9f tenant=default lane=interactive model="gate"
[admission] request cost: model="gate" ctx=5187 path=plain = 29696 B/token x ctx + 1984MB prefill-workspace + 0MB fixed = 2138MB
[spec-k] model="gate" tenant="" K=0 source=eligibility-fallback prompt=5122 cached=0 lcp=0 active=1 wave=1 placement=single-or-non-pp2
[admission] fixed residual high-water: model="gate" 317MB (observed 470MB at ctx 5131 path=plain)
[prefix-cache] capture submitted off the tick (seed): 5088 tokens, 32 planes (308.0MB) on the contracts door's copy stream; recurrent state cloned at the boundary on the owner stream
[fa-pool] grow #0 dev=0 o_len 0 -> 497664 ml_len 0 -> 1944 (retired kept, zero=false)
[prefix-cache] contracts door D2D capture receipt: ticket issuer=2 seq=1 epochs=0/1/1 items=32 bytes=151093248 source_digests_sha256=555691ac72aa4f42624e8aa3f6deb57fc46ca759e92500a2151bac5146df9a69 destination_digests_sha256=555691ac72aa4f42624e8aa3f6deb57fc46ca759e92500a2151bac5146df9a69 require=ok
[prefix-cache] capture published off the tick (seed): 5088 tokens complete after 2 poll(s), 78.4ms from submission to completion, 78.4ms to publication (tick-top poll; the settle held the owner thread 0.07ms, entered 78.3ms after submission; copy stream in flight at submission: none)
[prefix-cache] insert (seed): 5088 tokens, 308.0MB (resident 308.0MB / 470MB, model gate)
[meter] admit id=cmpl-ceaac71757a9beb21c93530ac67f5949 tenant=default lane=interactive model="gate"
[admission] request cost: model="gate" ctx=5185 path=plain = 29696 B/token x ctx + 1984MB prefill-workspace + 317MB fixed = 2455MB
[worker] plain-affinity: declined (no checkpoint retained; 1 parked, 5120 prompt tokens; model gate)
[spec-k] model="gate" tenant="" K=0 source=eligibility-fallback prompt=5120 cached=0 lcp=5 active=1 wave=1 placement=single-or-non-pp2
[prefix-cache] evict (snapshot preflight, LRU): 5088 tokens, 308.0MB (model gate)
[prefix-host] tier span staging: 96 fresh pinned buffer(s), 156893184 bytes charged to the governor's pinned ledger; the set holds 156893184 bytes charged
[prefix-host] demote submitted off the tick: 5088 tokens, 309.0MB, ticket seq=2, 32 items on the contracts door's copy stream (model gate)
[prefix-host] demote pre-submit split: ticket seq=2 leases 28.00 ms (32 pinned, 151.1 MB, minflt +36896), register 0.20 ms, spans 27.46 ms, other 0.07 ms (pre-submit 55.73 ms)
[prefix-cache] capture submitted off the tick (seed): 5120 tokens, 32 planes (308.9MB) on the contracts door's copy stream; recurrent state cloned at the boundary on the owner stream
[meter] admit id=cmpl-deccf34f019e4719fe57a15b38bb0a2f tenant=default lane=interactive model="gate"
[prefix-cache] contracts door D2D capture receipt: ticket issuer=2 seq=3 epochs=0/1/1 items=32 bytes=152043520 source_digests_sha256=5c61e7fde12ab34db31fdbb908e3078d255ebbb50c4782946bc5409f8778e497 destination_digests_sha256=5c61e7fde12ab34db31fdbb908e3078d255ebbb50c4782946bc5409f8778e497 require=ok
[prefix-cache] capture published off the tick (seed): 5120 tokens complete after 2 poll(s), 147.6ms from submission to completion, 147.6ms to publication (settled synchronously by a session retire (source retiring: yes); the settle held the owner thread 135.39ms, entered 12.2ms after submission; copy stream in flight at submission: demote)
[prefix-cache] insert (seed): 5120 tokens, 308.9MB (resident 308.9MB / 470MB, model gate)
[prefix-host] contracts door D2H receipt: ticket issuer=2 seq=2 epochs=0/1/1 items=32 (16 KV planes) complete=32 require=ok checksums_sha256=b5f6629ec6ccee68ddf323ecfe16164aef909ff1ed869ef318622c50b8572232 retired acknowledged; 96 f32 spans landed under the ticket and taken back before the retire; receipts on the copy stream (source digests, 169.26ms)
[prefix-host] demote copy complete off the tick: ticket seq=2 complete after 2 poll(s), 176.1ms from submission to completion (tick-top poll); items=128 (32 KV, 96 f32 spans); 98 heap payloads (157.9MB) handed to the hash helper; by slot class: conv 48 (5898240 B), ssm 48 (150994944 B), hidden 1 (0 B), logits 1 (993280 B); span receipt sealed on the copy stream (96 landed digests), required before the publication
[prefix-host] demote KV leases on the hash helper: ticket seq=2, 32 lease views (151.1MB) for the bind's re-hash
[admission] request cost: model="gate" ctx=240 path=plain = 29696 B/token x ctx + 8MB prefill-workspace + 317MB fixed = 332MB
[worker] plain-affinity: declined (no checkpoint retained; 2 parked, 16 prompt tokens; model gate)
[spec-k] model="gate" tenant="" K=0 source=eligibility-fallback prompt=16 cached=0 lcp=0 active=1 wave=1 placement=single-or-non-pp2
[prefix-host] demote: 5088 tokens, 309.0MB in 280.8ms (host resident 309.0MB / 8590MB, model gate)
[prefix-host] demote digests landed off the tick: ticket seq=2, 98 payloads (157.9MB) hashed in 33.7ms on the hash helper, landed after 573 poll(s) (tick-top poll); the owner thread held 56.23ms across the demote: pre-submit 55.73, copy settle 0.19 over 2 poll(s), hashing polls 0.18, take-back bind and publish 0.14; owner in-completion 56.05ms; wall 280.8ms t0 to publication; 0 hit(s) parked on the Hashing entry (0 re-park(s))
[prefix-host] demote helper split: ticket seq=2 copy 33.49 ms over 156.9 MB (minflt +38304), hash 60.27 ms (helper 33.7 ms); 8 threads
[prefix-host] demote publication split: ticket seq=2 bind 0.11 ms, reclaim 0.00 ms, insert 0.00 ms (twin: meta 0.00 ms, kv 0.00 ms over 0 leases, f32 0.00 ms over 0 payloads, rest 0.00 ms; 0 evicted in 0.00 ms), pause release 0.00 ms
[meter] admit id=cmpl-3a89fcae94138eee2a94cad767a8b1df tenant=default lane=interactive model="gate"
[worker] plain-affinity: declined (no checkpoint retained; 2 parked, 16 prompt tokens; model gate)
[spec-k] model="gate" tenant="" K=0 source=eligibility-fallback prompt=16 cached=0 lcp=0 active=1 wave=1 placement=single-or-non-pp2
[meter] admit id=cmpl-0ad3d8b80b45b68f1392bfe5bacd4794 tenant=default lane=interactive model="gate"
[admission] request cost: model="gate" ctx=5187 path=plain = 29696 B/token x ctx + 1984MB prefill-workspace + 317MB fixed = 2455MB
[prefix-host] promote submitted off the tick: 5088 tokens, 308.0MB, ticket seq=4, 32 items on the contracts door's copy stream, 96 f32 spans filled on the copy stream (156.9MB); owner segment 0.59ms; request parked
[prefix-host] contracts door H2D receipt: ticket issuer=2 seq=4 epochs=0/1/1 items=32 (16 KV planes) complete=32 require=ok checksums_sha256=b5f6629ec6ccee68ddf323ecfe16164aef909ff1ed869ef318622c50b8572232 published retired acknowledged; 96 f32 spans landed under the ticket and taken back before the retire; 32 KV checksums on the hash helper (151.1MB in 15.6ms)
[prefix-cache] insert (host-promote): 5088 tokens, 308.0MB (resident 616.9MB / 470MB, model gate)
[prefix-cache] evict (LRU): 5120 tokens, 308.9MB (model gate)
[prefix-host] demote submitted off the tick: 5120 tokens, 310.0MB, ticket seq=5, 32 items on the contracts door's copy stream (model gate)
[prefix-host] demote pre-submit split: ticket seq=5 leases 26.15 ms (32 pinned, 152.0 MB, minflt +37120), register 0.21 ms, spans 0.18 ms, other 0.06 ms (pre-submit 26.61 ms)
[prefix-host] promote published off the tick: ticket complete after 2 poll(s), 25.2ms from submission to completion (tick-top poll); timeline from t0: submitted +0.22ms (tick 7379, its top -5.93ms); poll 1 at +12.91ms (tick 7380, its top +12.84ms) pending on sources+copies (the tick top); poll 2 at +25.44ms (tick 7381, its top +25.28ms) complete (the tick top); published +52.11ms (tick 7381, its top +25.28ms)
[prefix-host] promote: 5088 tokens, 308.0MB in 52.1ms (model gate)
[prefix-cache] restore not routed (contracts door): the entry was promoted for this admission (insertion pin id=2, 5088 tokens, model gate); the tick program copies it
[worker] plain-affinity: declined (no checkpoint retained; 2 parked, 5122 prompt tokens; model gate)
[prefix-cache] hit: 5088 of 5122 prompt tokens from cache (model gate)
[spec-k] model="gate" tenant="" K=0 source=eligibility-fallback prompt=5122 cached=5088 lcp=5088 active=2 wave=2 placement=single-or-non-pp2
[prefix-cache] source lease released after restore fence (entry 5088 tokens, model gate)
[prefix-host] contracts door D2H receipt: ticket issuer=2 seq=5 epochs=0/1/1 items=32 (16 KV planes) complete=32 require=ok checksums_sha256=66b1c0c1a78cea56765e188199286365d766f92deedee1646b2a178e9da3d8f1 retired acknowledged; 96 f32 spans landed under the ticket and taken back before the retire; receipts on the copy stream (source digests, 165.51ms)
[prefix-host] demote copy complete off the tick: ticket seq=5 complete after 1 poll(s), 251.2ms from submission to completion (tick-top poll); items=128 (32 KV, 96 f32 spans); 98 heap payloads (157.9MB) handed to the hash helper; by slot class: conv 48 (5898240 B), ssm 48 (150994944 B), hidden 1 (0 B), logits 1 (993280 B); span receipt sealed on the copy stream (96 landed digests), required before the publication
[prefix-host] demote KV leases on the hash helper: ticket seq=5, 32 lease views (152.0MB) for the bind's re-hash
[meter] admit id=cmpl-2ffe85c672d8d734ecc74f4d178559df tenant=default lane=interactive model="gate"
[admission] request cost: model="gate" ctx=5185 path=plain = 29696 B/token x ctx + 1984MB prefill-workspace + 317MB fixed = 2455MB
[prefix-host] hit parked on a Hashing entry: request cmpl-2ffe85c672d8d734ecc74f4d178559df (5120 tokens) hits the Demoting entry's 5120 tokens (ticket seq=5, 98 payloads, 157.9MB on the hash helper for 19.3ms); the request waits one tick for the digests (model gate)
[prefix-host] demote: 5120 tokens, 310.0MB in 321.5ms (host resident 619.0MB / 8590MB, model gate)
[prefix-host] demote digests landed off the tick: ticket seq=5, 98 payloads (157.9MB) hashed in 36.6ms on the hash helper, landed after 3 poll(s) (tick-top poll); the owner thread held 26.95ms across the demote: pre-submit 26.61, copy settle 0.18 over 1 poll(s), hashing polls 0.04, take-back bind and publish 0.13; owner in-completion 26.78ms; wall 321.5ms t0 to publication; 1 hit(s) parked on the Hashing entry (1 re-park(s))
[prefix-host] demote helper split: ticket seq=5 copy 33.66 ms over 156.9 MB (minflt +38210), hash 66.33 ms (helper 36.6 ms); 8 threads
[prefix-host] demote publication split: ticket seq=5 bind 0.11 ms, reclaim 0.00 ms, insert 0.00 ms (twin: meta 0.00 ms, kv 0.00 ms over 0 leases, f32 0.00 ms over 0 payloads, rest 0.00 ms; 0 evicted in 0.00 ms), pause release 0.00 ms
[prefix-host] promote submitted off the tick: 5120 tokens, 308.9MB, ticket seq=6, 32 items on the contracts door's copy stream, 96 f32 spans filled on the copy stream (156.9MB); owner segment 0.55ms; request parked
[prefix-host] contracts door H2D receipt: ticket issuer=2 seq=6 epochs=0/1/1 items=32 (16 KV planes) complete=32 require=ok checksums_sha256=66b1c0c1a78cea56765e188199286365d766f92deedee1646b2a178e9da3d8f1 published retired acknowledged; 96 f32 spans landed under the ticket and taken back before the retire; 32 KV checksums on the hash helper (152.0MB in 15.9ms)
[prefix-cache] insert (host-promote): 5120 tokens, 308.9MB (resident 616.9MB / 470MB, model gate)
[prefix-cache] evict (LRU): 5088 tokens, 308.0MB (model gate)
[prefix-host] demote submitted off the tick: 5088 tokens, 309.0MB, ticket seq=7, 32 items on the contracts door's copy stream (model gate)
[prefix-host] demote pre-submit split: ticket seq=7 leases 25.16 ms (32 pinned, 151.1 MB, minflt +36896), register 0.21 ms, spans 0.19 ms, other 0.06 ms (pre-submit 25.62 ms)
[prefix-host] promote published off the tick: ticket complete after 2 poll(s), 25.4ms from submission to completion (tick-top poll); timeline from t0: submitted +0.23ms (tick 7385, its top -0.29ms); poll 1 at +13.05ms (tick 7386, its top +12.99ms) pending on sources+copies (the tick top); poll 2 at +25.66ms (tick 7387, its top +25.50ms) complete (the tick top); published +51.35ms (tick 7387, its top +25.50ms)
[prefix-host] promote: 5120 tokens, 308.9MB in 51.3ms (model gate)
[prefix-cache] restore not routed (contracts door): the entry was promoted for this admission (insertion pin id=3, 5120 tokens, model gate); the tick program copies it
[worker] plain-affinity: declined (no checkpoint retained; 2 parked, 5120 prompt tokens; model gate)
[prefix-cache] hit: 5120 of 5120 prompt tokens from cache (model gate)
[spec-k] model="gate" tenant="" K=0 source=eligibility-fallback prompt=5120 cached=5120 lcp=5120 active=2 wave=2 placement=single-or-non-pp2
[prefix-cache] source lease released after restore fence (entry 5120 tokens, model gate)
[prefix-host] contracts door D2H receipt: ticket issuer=2 seq=7 epochs=0/1/1 items=32 (16 KV planes) complete=32 require=ok checksums_sha256=b5f6629ec6ccee68ddf323ecfe16164aef909ff1ed869ef318622c50b8572232 retired acknowledged; 96 f32 spans landed under the ticket and taken back before the retire; receipts on the copy stream (source digests, 278.82ms)
[prefix-host] demote copy complete off the tick: ticket seq=7 complete after 23 poll(s), 287.3ms from submission to completion (tick-top poll); items=128 (32 KV, 96 f32 spans); 98 heap payloads (157.9MB) handed to the hash helper; by slot class: conv 48 (5898240 B), ssm 48 (150994944 B), hidden 1 (0 B), logits 1 (993280 B); span receipt sealed on the copy stream (96 landed digests), required before the publication
[prefix-host] demote KV leases on the hash helper: ticket seq=7, 32 lease views (151.1MB) for the bind's re-hash
[prefix-host] demote: 5088 tokens, 309.0MB in 362.7ms (host resident 619.0MB / 8590MB, model gate)
[prefix-host] demote digests landed off the tick: ticket seq=7, 98 payloads (157.9MB) hashed in 32.9ms on the hash helper, landed after 3 poll(s) (tick-top poll); the owner thread held 37.42ms across the demote: pre-submit 25.62, copy settle 0.39 over 23 poll(s), hashing polls 0.04, take-back bind and publish 11.38; owner in-completion 37.03ms; wall 362.7ms t0 to publication; 0 hit(s) parked on the Hashing entry (0 re-park(s))
[prefix-host] demote helper split: ticket seq=7 copy 33.31 ms over 156.9 MB (minflt +38225), hash 60.80 ms (helper 32.9 ms); 8 threads
[prefix-host] demote publication split: ticket seq=7 bind 0.11 ms, reclaim 0.00 ms, insert 11.24 ms (twin: meta 0.00 ms, kv 11.20 ms over 16 leases, f32 0.02 ms over 96 payloads, rest 0.01 ms; 0 evicted in 0.00 ms), pause release 0.00 ms
[meter] admit id=cmpl-7e53b688bc70761ce055ba929dfbeea2 tenant=default lane=interactive model="gate"
[admission] request cost: model="gate" ctx=240 path=plain = 29696 B/token x ctx + 8MB prefill-workspace + 317MB fixed = 332MB
[worker] plain-affinity: declined (no checkpoint retained; 2 parked, 16 prompt tokens; model gate)
[spec-k] model="gate" tenant="" K=0 source=eligibility-fallback prompt=16 cached=0 lcp=0 active=1 wave=1 placement=single-or-non-pp2
[meter] admit id=cmpl-da98436ce01cf99ca562c5c4fa58d0a6 tenant=default lane=interactive model="gate"
[worker] plain-affinity: declined (no checkpoint retained; 2 parked, 16 prompt tokens; model gate)
[spec-k] model="gate" tenant="" K=0 source=eligibility-fallback prompt=16 cached=0 lcp=0 active=1 wave=1 placement=single-or-non-pp2
[meter] admit id=cmpl-47b57115437ff9655a236fdc8e9c182f tenant=default lane=interactive model="gate"
[admission] request cost: model="gate" ctx=5187 path=plain = 29696 B/token x ctx + 1984MB prefill-workspace + 317MB fixed = 2455MB
[prefix-host] promote submitted off the tick: 5088 tokens, 308.0MB, ticket seq=8, 32 items on the contracts door's copy stream, 96 f32 spans filled on the copy stream (156.9MB); owner segment 0.55ms; request parked
[prefix-host] contracts door H2D receipt: ticket issuer=2 seq=8 epochs=0/1/1 items=32 (16 KV planes) complete=32 require=ok checksums_sha256=b5f6629ec6ccee68ddf323ecfe16164aef909ff1ed869ef318622c50b8572232 published retired acknowledged; 96 f32 spans landed under the ticket and taken back before the retire; 32 KV checksums on the hash helper (151.1MB in 15.8ms)
[prefix-cache] insert (host-promote): 5088 tokens, 308.0MB (resident 616.9MB / 470MB, model gate)
[prefix-cache] evict (LRU): 5120 tokens, 308.9MB (model gate)
[prefix-host] demote submitted off the tick: 5120 tokens, 310.0MB, ticket seq=9, 32 items on the contracts door's copy stream (model gate)
[prefix-host] demote pre-submit split: ticket seq=9 leases 29.36 ms (32 pinned, 152.0 MB, minflt +37120), register 0.21 ms, spans 0.20 ms, other 0.07 ms (pre-submit 29.83 ms)
[prefix-host] promote published off the tick: ticket complete after 2 poll(s), 25.1ms from submission to completion (tick-top poll); timeline from t0: submitted +0.23ms (tick 8909, its top -5.94ms); poll 1 at +12.82ms (tick 8910, its top +12.78ms) pending on sources+copies (the tick top); poll 2 at +25.34ms (tick 8911, its top +25.18ms) complete (the tick top); published +55.24ms (tick 8911, its top +25.18ms)
[prefix-host] promote: 5088 tokens, 308.0MB in 55.2ms (model gate)
[prefix-cache] restore not routed (contracts door): the entry was promoted for this admission (insertion pin id=4, 5088 tokens, model gate); the tick program copies it
[worker] plain-affinity: declined (no checkpoint retained; 2 parked, 5122 prompt tokens; model gate)
[prefix-cache] hit: 5088 of 5122 prompt tokens from cache (model gate)
[spec-k] model="gate" tenant="" K=0 source=eligibility-fallback prompt=5122 cached=5088 lcp=5088 active=2 wave=2 placement=single-or-non-pp2
[prefix-cache] source lease released after restore fence (entry 5088 tokens, model gate)
[meter] admit id=cmpl-4e6867d8ba563412f7b39da6572215f2 tenant=default lane=interactive model="gate"
[admission] request cost: model="gate" ctx=5185 path=plain = 29696 B/token x ctx + 1984MB prefill-workspace + 317MB fixed = 2455MB
[prefix-host] hit parked on a Demoting entry in its copy phase: request cmpl-4e6867d8ba563412f7b39da6572215f2 (5120 tokens) hits the Demoting entry's 5120 tokens (ticket seq=9, submitted 98.7ms ago); the request waits for the publication (model gate)
[prefix-host] contracts door D2H receipt: ticket issuer=2 seq=9 epochs=0/1/1 items=32 (16 KV planes) complete=32 require=ok checksums_sha256=66b1c0c1a78cea56765e188199286365d766f92deedee1646b2a178e9da3d8f1 retired acknowledged; 96 f32 spans landed under the ticket and taken back before the retire; receipts on the copy stream (source digests, 239.16ms)
[prefix-host] demote copy complete off the tick: ticket seq=9 complete after 14 poll(s), 246.0ms from submission to completion (tick-top poll); items=128 (32 KV, 96 f32 spans); 98 heap payloads (157.9MB) handed to the hash helper; by slot class: conv 48 (5898240 B), ssm 48 (150994944 B), hidden 1 (0 B), logits 1 (993280 B); span receipt sealed on the copy stream (96 landed digests), required before the publication
[prefix-host] demote KV leases on the hash helper: ticket seq=9, 32 lease views (152.0MB) for the bind's re-hash
[prefix-host] demote: 5120 tokens, 310.0MB in 323.8ms (host resident 619.0MB / 8590MB, model gate)
[prefix-host] demote digests landed off the tick: ticket seq=9, 98 payloads (157.9MB) hashed in 31.9ms on the hash helper, landed after 3 poll(s) (tick-top poll); the owner thread held 40.30ms across the demote: pre-submit 29.83, copy settle 0.32 over 14 poll(s), hashing polls 0.04, take-back bind and publish 10.11; owner in-completion 39.98ms; wall 323.8ms t0 to publication; 1 hit(s) parked on the Hashing entry (14 re-park(s))
[prefix-host] demote helper split: ticket seq=9 copy 31.75 ms over 156.9 MB (minflt +37086), hash 59.83 ms (helper 31.9 ms); 8 threads
[prefix-host] demote publication split: ticket seq=9 bind 0.11 ms, reclaim 0.00 ms, insert 9.98 ms (twin: meta 0.00 ms, kv 9.58 ms over 16 leases, f32 0.37 ms over 96 payloads, rest 0.01 ms; 0 evicted in 0.00 ms), pause release 0.00 ms
[prefix-host] promote submitted off the tick: 5120 tokens, 308.9MB, ticket seq=10, 32 items on the contracts door's copy stream, 96 f32 spans filled on the copy stream (156.9MB); owner segment 0.57ms; request parked
[prefix-host] contracts door H2D receipt: ticket issuer=2 seq=10 epochs=0/1/1 items=32 (16 KV planes) complete=32 require=ok checksums_sha256=66b1c0c1a78cea56765e188199286365d766f92deedee1646b2a178e9da3d8f1 published retired acknowledged; 96 f32 spans landed under the ticket and taken back before the retire; 32 KV checksums on the hash helper (152.0MB in 15.4ms)
[prefix-cache] insert (host-promote): 5120 tokens, 308.9MB (resident 616.9MB / 470MB, model gate)
[prefix-cache] evict (LRU): 5088 tokens, 308.0MB (model gate)
[prefix-host] demote submitted off the tick: 5088 tokens, 309.0MB, ticket seq=11, 32 items on the contracts door's copy stream (model gate)
[prefix-host] demote pre-submit split: ticket seq=11 leases 26.07 ms (32 pinned, 151.1 MB, minflt +36896), register 0.22 ms, spans 0.19 ms, other 0.07 ms (pre-submit 26.54 ms)
[prefix-host] promote published off the tick: ticket complete after 2 poll(s), 25.9ms from submission to completion (tick-top poll); timeline from t0: submitted +0.23ms (tick 8928, its top -10.30ms); poll 1 at +13.32ms (tick 8929, its top +13.27ms) pending on sources+copies (the tick top); poll 2 at +26.11ms (tick 8930, its top +25.94ms) complete (the tick top); published +52.72ms (tick 8930, its top +25.94ms)
[prefix-host] promote: 5120 tokens, 308.9MB in 52.7ms (model gate)
[prefix-cache] restore not routed (contracts door): the entry was promoted for this admission (insertion pin id=5, 5120 tokens, model gate); the tick program copies it
[worker] plain-affinity: declined (no checkpoint retained; 2 parked, 5120 prompt tokens; model gate)
[prefix-cache] hit: 5120 of 5120 prompt tokens from cache (model gate)
[spec-k] model="gate" tenant="" K=0 source=eligibility-fallback prompt=5120 cached=5120 lcp=5120 active=2 wave=2 placement=single-or-non-pp2
[prefix-cache] source lease released after restore fence (entry 5120 tokens, model gate)
[prefix-host] contracts door D2H receipt: ticket issuer=2 seq=11 epochs=0/1/1 items=32 (16 KV planes) complete=32 require=ok checksums_sha256=b5f6629ec6ccee68ddf323ecfe16164aef909ff1ed869ef318622c50b8572232 retired acknowledged; 96 f32 spans landed under the ticket and taken back before the retire; receipts on the copy stream (source digests, 275.47ms)
[prefix-host] demote copy complete off the tick: ticket seq=11 complete after 23 poll(s), 292.1ms from submission to completion (tick-top poll); items=128 (32 KV, 96 f32 spans); 98 heap payloads (157.9MB) handed to the hash helper; by slot class: conv 48 (5898240 B), ssm 48 (150994944 B), hidden 1 (0 B), logits 1 (993280 B); span receipt sealed on the copy stream (96 landed digests), required before the publication
[prefix-host] demote KV leases on the hash helper: ticket seq=11, 32 lease views (151.1MB) for the bind's re-hash
[prefix-host] demote: 5088 tokens, 309.0MB in 367.8ms (host resident 619.0MB / 8590MB, model gate)
[prefix-host] demote digests landed off the tick: ticket seq=11, 98 payloads (157.9MB) hashed in 33.3ms on the hash helper, landed after 3 poll(s) (tick-top poll); the owner thread held 37.10ms across the demote: pre-submit 26.54, copy settle 0.40 over 23 poll(s), hashing polls 0.04, take-back bind and publish 10.11; owner in-completion 36.69ms; wall 367.8ms t0 to publication; 0 hit(s) parked on the Hashing entry (0 re-park(s))
[prefix-host] demote helper split: ticket seq=11 copy 31.13 ms over 156.9 MB (minflt +34149), hash 61.81 ms (helper 33.3 ms); 8 threads
[prefix-host] demote publication split: ticket seq=11 bind 0.11 ms, reclaim 0.00 ms, insert 9.97 ms (twin: meta 0.00 ms, kv 9.42 ms over 16 leases, f32 0.53 ms over 96 payloads, rest 0.01 ms; 0 evicted in 0.00 ms), pause release 0.00 ms
[meter] admit id=cmpl-4c3b75437a1444e5b72e20991e820a3c tenant=default lane=interactive model="gate"
[admission] request cost: model="gate" ctx=240 path=plain = 29696 B/token x ctx + 8MB prefill-workspace + 317MB fixed = 332MB
[worker] plain-affinity: declined (no checkpoint retained; 2 parked, 16 prompt tokens; model gate)
[spec-k] model="gate" tenant="" K=0 source=eligibility-fallback prompt=16 cached=0 lcp=0 active=1 wave=1 placement=single-or-non-pp2
[meter] admit id=cmpl-4521c8ec569e07dc9b035ccc4fbd9493 tenant=default lane=interactive model="gate"
[worker] plain-affinity: declined (no checkpoint retained; 2 parked, 16 prompt tokens; model gate)
[spec-k] model="gate" tenant="" K=0 source=eligibility-fallback prompt=16 cached=0 lcp=0 active=1 wave=1 placement=single-or-non-pp2
[meter] admit id=cmpl-233256c3a6a5fb8816f8798cda8ad1d9 tenant=default lane=interactive model="gate"
[admission] request cost: model="gate" ctx=5187 path=plain = 29696 B/token x ctx + 1984MB prefill-workspace + 317MB fixed = 2455MB
[prefix-host] promote submitted off the tick: 5088 tokens, 308.0MB, ticket seq=12, 32 items on the contracts door's copy stream, 96 f32 spans filled on the copy stream (156.9MB); owner segment 0.54ms; request parked
[prefix-host] contracts door H2D receipt: ticket issuer=2 seq=12 epochs=0/1/1 items=32 (16 KV planes) complete=32 require=ok checksums_sha256=b5f6629ec6ccee68ddf323ecfe16164aef909ff1ed869ef318622c50b8572232 published retired acknowledged; 96 f32 spans landed under the ticket and taken back before the retire; 32 KV checksums on the hash helper (151.1MB in 15.4ms)
[prefix-cache] insert (host-promote): 5088 tokens, 308.0MB (resident 616.9MB / 470MB, model gate)
[prefix-cache] evict (LRU): 5120 tokens, 308.9MB (model gate)
[prefix-host] demote submitted off the tick: 5120 tokens, 310.0MB, ticket seq=13, 32 items on the contracts door's copy stream (model gate)
[prefix-host] demote pre-submit split: ticket seq=13 leases 25.32 ms (32 pinned, 152.0 MB, minflt +37120), register 0.21 ms, spans 0.19 ms, other 0.07 ms (pre-submit 25.79 ms)
[prefix-host] promote published off the tick: ticket complete after 2 poll(s), 25.1ms from submission to completion (tick-top poll); timeline from t0: submitted +0.23ms (tick 10415, its top -6.01ms); poll 1 at +12.84ms (tick 10416, its top +12.79ms) pending on sources+copies (the tick top); poll 2 at +25.38ms (tick 10417, its top +25.21ms) complete (the tick top); published +51.23ms (tick 10417, its top +25.21ms)
[prefix-host] promote: 5088 tokens, 308.0MB in 51.2ms (model gate)
[prefix-cache] restore not routed (contracts door): the entry was promoted for this admission (insertion pin id=6, 5088 tokens, model gate); the tick program copies it
[worker] plain-affinity: declined (no checkpoint retained; 2 parked, 5122 prompt tokens; model gate)
[prefix-cache] hit: 5088 of 5122 prompt tokens from cache (model gate)
[spec-k] model="gate" tenant="" K=0 source=eligibility-fallback prompt=5122 cached=5088 lcp=5088 active=2 wave=2 placement=single-or-non-pp2
[prefix-cache] source lease released after restore fence (entry 5088 tokens, model gate)
[meter] admit id=cmpl-11f83e1f65a17fdac64b151411171c95 tenant=default lane=interactive model="gate"
[admission] request cost: model="gate" ctx=5185 path=plain = 29696 B/token x ctx + 1984MB prefill-workspace + 317MB fixed = 2455MB
[prefix-host] hit parked on a Demoting entry in its copy phase: request cmpl-11f83e1f65a17fdac64b151411171c95 (5120 tokens) hits the Demoting entry's 5120 tokens (ticket seq=13, submitted 98.7ms ago); the request waits for the publication (model gate)
[prefix-host] contracts door D2H receipt: ticket issuer=2 seq=13 epochs=0/1/1 items=32 (16 KV planes) complete=32 require=ok checksums_sha256=66b1c0c1a78cea56765e188199286365d766f92deedee1646b2a178e9da3d8f1 retired acknowledged; 96 f32 spans landed under the ticket and taken back before the retire; receipts on the copy stream (source digests, 238.82ms)
[prefix-host] demote copy complete off the tick: ticket seq=13 complete after 14 poll(s), 245.9ms from submission to completion (tick-top poll); items=128 (32 KV, 96 f32 spans); 98 heap payloads (157.9MB) handed to the hash helper; by slot class: conv 48 (5898240 B), ssm 48 (150994944 B), hidden 1 (0 B), logits 1 (993280 B); span receipt sealed on the copy stream (96 landed digests), required before the publication
[prefix-host] demote KV leases on the hash helper: ticket seq=13, 32 lease views (152.0MB) for the bind's re-hash
[prefix-host] demote: 5120 tokens, 310.0MB in 321.0ms (host resident 619.0MB / 8590MB, model gate)
[prefix-host] demote digests landed off the tick: ticket seq=13, 98 payloads (157.9MB) hashed in 32.4ms on the hash helper, landed after 3 poll(s) (tick-top poll); the owner thread held 37.57ms across the demote: pre-submit 25.79, copy settle 0.32 over 14 poll(s), hashing polls 0.04, take-back bind and publish 11.42; owner in-completion 37.25ms; wall 321.1ms t0 to publication; 1 hit(s) parked on the Hashing entry (14 re-park(s))
[prefix-host] demote helper split: ticket seq=13 copy 27.69 ms over 156.9 MB (minflt +30671), hash 60.85 ms (helper 32.4 ms); 8 threads
[prefix-host] demote publication split: ticket seq=13 bind 0.11 ms, reclaim 0.00 ms, insert 11.28 ms (twin: meta 0.00 ms, kv 11.24 ms over 16 leases, f32 0.02 ms over 96 payloads, rest 0.01 ms; 0 evicted in 0.00 ms), pause release 0.00 ms
[prefix-host] promote submitted off the tick: 5120 tokens, 308.9MB, ticket seq=14, 32 items on the contracts door's copy stream, 96 f32 spans filled on the copy stream (156.9MB); owner segment 0.56ms; request parked
[prefix-host] contracts door H2D receipt: ticket issuer=2 seq=14 epochs=0/1/1 items=32 (16 KV planes) complete=32 require=ok checksums_sha256=66b1c0c1a78cea56765e188199286365d766f92deedee1646b2a178e9da3d8f1 published retired acknowledged; 96 f32 spans landed under the ticket and taken back before the retire; 32 KV checksums on the hash helper (152.0MB in 15.2ms)
[prefix-cache] insert (host-promote): 5120 tokens, 308.9MB (resident 616.9MB / 470MB, model gate)
[prefix-cache] evict (LRU): 5088 tokens, 308.0MB (model gate)
[prefix-host] demote submitted off the tick: 5088 tokens, 309.0MB, ticket seq=15, 32 items on the contracts door's copy stream (model gate)
[prefix-host] demote pre-submit split: ticket seq=15 leases 29.28 ms (32 pinned, 151.1 MB, minflt +36896), register 0.21 ms, spans 0.19 ms, other 0.07 ms (pre-submit 29.75 ms)
[prefix-host] promote published off the tick: ticket complete after 2 poll(s), 25.9ms from submission to completion (tick-top poll); timeline from t0: submitted +0.23ms (tick 10434, its top -11.64ms); poll 1 at +13.34ms (tick 10435, its top +13.28ms) pending on sources+copies (the tick top); poll 2 at +26.16ms (tick 10436, its top +25.98ms) complete (the tick top); published +55.98ms (tick 10436, its top +25.98ms)
[prefix-host] promote: 5120 tokens, 308.9MB in 56.0ms (model gate)
[prefix-cache] restore not routed (contracts door): the entry was promoted for this admission (insertion pin id=7, 5120 tokens, model gate); the tick program copies it
[worker] plain-affinity: declined (no checkpoint retained; 2 parked, 5120 prompt tokens; model gate)
[prefix-cache] hit: 5120 of 5120 prompt tokens from cache (model gate)
[spec-k] model="gate" tenant="" K=0 source=eligibility-fallback prompt=5120 cached=5120 lcp=5120 active=2 wave=2 placement=single-or-non-pp2
[prefix-cache] source lease released after restore fence (entry 5120 tokens, model gate)
[prefix-host] contracts door D2H receipt: ticket issuer=2 seq=15 epochs=0/1/1 items=32 (16 KV planes) complete=32 require=ok checksums_sha256=b5f6629ec6ccee68ddf323ecfe16164aef909ff1ed869ef318622c50b8572232 retired acknowledged; 96 f32 spans landed under the ticket and taken back before the retire; receipts on the copy stream (source digests, 275.02ms)
[prefix-host] demote copy complete off the tick: ticket seq=15 complete after 22 poll(s), 282.0ms from submission to completion (tick-top poll); items=128 (32 KV, 96 f32 spans); 98 heap payloads (157.9MB) handed to the hash helper; by slot class: conv 48 (5898240 B), ssm 48 (150994944 B), hidden 1 (0 B), logits 1 (993280 B); span receipt sealed on the copy stream (96 landed digests), required before the publication
[prefix-host] demote KV leases on the hash helper: ticket seq=15, 32 lease views (151.1MB) for the bind's re-hash
[prefix-host] demote: 5088 tokens, 309.0MB in 362.8ms (host resident 619.0MB / 8590MB, model gate)
[prefix-host] demote digests landed off the tick: ticket seq=15, 98 payloads (157.9MB) hashed in 29.0ms on the hash helper, landed after 3 poll(s) (tick-top poll); the owner thread held 42.22ms across the demote: pre-submit 29.75, copy settle 0.40 over 22 poll(s), hashing polls 0.04, take-back bind and publish 12.03; owner in-completion 41.82ms; wall 362.8ms t0 to publication; 0 hit(s) parked on the Hashing entry (0 re-park(s))
[prefix-host] demote helper split: ticket seq=15 copy 18.31 ms over 156.9 MB (minflt +4199), hash 60.96 ms (helper 29.0 ms); 8 threads
[prefix-host] demote publication split: ticket seq=15 bind 0.11 ms, reclaim 0.00 ms, insert 11.89 ms (twin: meta 0.00 ms, kv 9.65 ms over 16 leases, f32 2.22 ms over 96 payloads, rest 0.02 ms; 0 evicted in 0.00 ms), pause release 0.00 ms
[meter] admit id=cmpl-481682eaf6360c3d42019f4a86570937 tenant=default lane=interactive model="gate"
[admission] request cost: model="gate" ctx=240 path=plain = 29696 B/token x ctx + 8MB prefill-workspace + 317MB fixed = 332MB
[worker] plain-affinity: declined (no checkpoint retained; 2 parked, 16 prompt tokens; model gate)
[spec-k] model="gate" tenant="" K=0 source=eligibility-fallback prompt=16 cached=0 lcp=0 active=1 wave=1 placement=single-or-non-pp2
[meter] admit id=cmpl-6e55a2cdb6c723d81af08cb84d36e5a7 tenant=default lane=interactive model="gate"
[worker] plain-affinity: declined (no checkpoint retained; 2 parked, 16 prompt tokens; model gate)
[spec-k] model="gate" tenant="" K=0 source=eligibility-fallback prompt=16 cached=0 lcp=0 active=1 wave=1 placement=single-or-non-pp2
[meter] admit id=cmpl-78a8325069cad89d215dc2f1c2878745 tenant=default lane=interactive model="gate"
[admission] request cost: model="gate" ctx=5187 path=plain = 29696 B/token x ctx + 1984MB prefill-workspace + 317MB fixed = 2455MB
[prefix-host] promote submitted off the tick: 5088 tokens, 308.0MB, ticket seq=16, 32 items on the contracts door's copy stream, 96 f32 spans filled on the copy stream (156.9MB); owner segment 0.57ms; request parked
[prefix-host] contracts door H2D receipt: ticket issuer=2 seq=16 epochs=0/1/1 items=32 (16 KV planes) complete=32 require=ok checksums_sha256=b5f6629ec6ccee68ddf323ecfe16164aef909ff1ed869ef318622c50b8572232 published retired acknowledged; 96 f32 spans landed under the ticket and taken back before the retire; 32 KV checksums on the hash helper (151.1MB in 16.1ms)
[prefix-cache] insert (host-promote): 5088 tokens, 308.0MB (resident 616.9MB / 470MB, model gate)
[prefix-cache] evict (LRU): 5120 tokens, 308.9MB (model gate)
[prefix-host] demote submitted off the tick: 5120 tokens, 310.0MB, ticket seq=17, 32 items on the contracts door's copy stream (model gate)
[prefix-host] demote pre-submit split: ticket seq=17 leases 26.19 ms (32 pinned, 152.0 MB, minflt +37120), register 0.21 ms, spans 0.19 ms, other 0.06 ms (pre-submit 26.65 ms)
[prefix-host] promote published off the tick: ticket complete after 2 poll(s), 25.2ms from submission to completion (tick-top poll); timeline from t0: submitted +0.24ms (tick 11899, its top -5.93ms); poll 1 at +12.86ms (tick 11900, its top +12.82ms) pending on sources+copies (the tick top); poll 2 at +25.41ms (tick 11901, its top +25.23ms) complete (the tick top); published +52.13ms (tick 11901, its top +25.23ms)
[prefix-host] promote: 5088 tokens, 308.0MB in 52.1ms (model gate)
[prefix-cache] restore not routed (contracts door): the entry was promoted for this admission (insertion pin id=8, 5088 tokens, model gate); the tick program copies it
[worker] plain-affinity: declined (no checkpoint retained; 2 parked, 5122 prompt tokens; model gate)
[prefix-cache] hit: 5088 of 5122 prompt tokens from cache (model gate)
[spec-k] model="gate" tenant="" K=0 source=eligibility-fallback prompt=5122 cached=5088 lcp=5088 active=2 wave=2 placement=single-or-non-pp2
[prefix-cache] source lease released after restore fence (entry 5088 tokens, model gate)
[meter] admit id=cmpl-d73374b6762c4352344665073834d433 tenant=default lane=interactive model="gate"
[admission] request cost: model="gate" ctx=5185 path=plain = 29696 B/token x ctx + 1984MB prefill-workspace + 317MB fixed = 2455MB
[prefix-host] hit parked on a Demoting entry in its copy phase: request cmpl-d73374b6762c4352344665073834d433 (5120 tokens) hits the Demoting entry's 5120 tokens (ticket seq=17, submitted 98.9ms ago); the request waits for the publication (model gate)
[prefix-host] contracts door D2H receipt: ticket issuer=2 seq=17 epochs=0/1/1 items=32 (16 KV planes) complete=32 require=ok checksums_sha256=66b1c0c1a78cea56765e188199286365d766f92deedee1646b2a178e9da3d8f1 retired acknowledged; 96 f32 spans landed under the ticket and taken back before the retire; receipts on the copy stream (source digests, 238.73ms)
[prefix-host] demote copy complete off the tick: ticket seq=17 complete after 14 poll(s), 246.2ms from submission to completion (tick-top poll); items=128 (32 KV, 96 f32 spans); 98 heap payloads (157.9MB) handed to the hash helper; by slot class: conv 48 (5898240 B), ssm 48 (150994944 B), hidden 1 (0 B), logits 1 (993280 B); span receipt sealed on the copy stream (96 landed digests), required before the publication
[prefix-host] demote KV leases on the hash helper: ticket seq=17, 32 lease views (152.0MB) for the bind's re-hash
[prefix-host] demote: 5120 tokens, 310.0MB in 320.6ms (host resident 619.0MB / 8590MB, model gate)
[prefix-host] demote digests landed off the tick: ticket seq=17, 98 payloads (157.9MB) hashed in 32.2ms on the hash helper, landed after 3 poll(s) (tick-top poll); the owner thread held 36.64ms across the demote: pre-submit 26.65, copy settle 0.35 over 14 poll(s), hashing polls 0.04, take-back bind and publish 9.60; owner in-completion 36.29ms; wall 320.6ms t0 to publication; 1 hit(s) parked on the Hashing entry (14 re-park(s))
[prefix-host] demote helper split: ticket seq=17 copy 26.71 ms over 156.9 MB (minflt +25377), hash 60.68 ms (helper 32.2 ms); 8 threads
[prefix-host] demote publication split: ticket seq=17 bind 0.11 ms, reclaim 0.00 ms, insert 9.45 ms (twin: meta 0.00 ms, kv 9.41 ms over 16 leases, f32 0.02 ms over 96 payloads, rest 0.01 ms; 0 evicted in 0.00 ms), pause release 0.00 ms
[prefix-host] promote submitted off the tick: 5120 tokens, 308.9MB, ticket seq=18, 32 items on the contracts door's copy stream, 96 f32 spans filled on the copy stream (156.9MB); owner segment 0.56ms; request parked
[prefix-host] contracts door H2D receipt: ticket issuer=2 seq=18 epochs=0/1/1 items=32 (16 KV planes) complete=32 require=ok checksums_sha256=66b1c0c1a78cea56765e188199286365d766f92deedee1646b2a178e9da3d8f1 published retired acknowledged; 96 f32 spans landed under the ticket and taken back before the retire; 32 KV checksums on the hash helper (152.0MB in 15.7ms)
[prefix-cache] insert (host-promote): 5120 tokens, 308.9MB (resident 616.9MB / 470MB, model gate)
[prefix-cache] evict (LRU): 5088 tokens, 308.0MB (model gate)
[prefix-host] demote submitted off the tick: 5088 tokens, 309.0MB, ticket seq=19, 32 items on the contracts door's copy stream (model gate)
[prefix-host] demote pre-submit split: ticket seq=19 leases 25.17 ms (32 pinned, 151.1 MB, minflt +36896), register 0.21 ms, spans 0.20 ms, other 0.07 ms (pre-submit 25.64 ms)
[prefix-host] promote published off the tick: ticket complete after 2 poll(s), 26.0ms from submission to completion (tick-top poll); timeline from t0: submitted +0.23ms (tick 11918, its top -9.80ms); poll 1 at +13.38ms (tick 11919, its top +13.32ms) pending on sources+copies (the tick top); poll 2 at +26.22ms (tick 11920, its top +26.04ms) complete (the tick top); published +51.93ms (tick 11920, its top +26.04ms)
[prefix-host] promote: 5120 tokens, 308.9MB in 51.9ms (model gate)
[prefix-cache] restore not routed (contracts door): the entry was promoted for this admission (insertion pin id=9, 5120 tokens, model gate); the tick program copies it
[worker] plain-affinity: declined (no checkpoint retained; 2 parked, 5120 prompt tokens; model gate)
[prefix-cache] hit: 5120 of 5120 prompt tokens from cache (model gate)
[spec-k] model="gate" tenant="" K=0 source=eligibility-fallback prompt=5120 cached=5120 lcp=5120 active=2 wave=2 placement=single-or-non-pp2
[prefix-cache] source lease released after restore fence (entry 5120 tokens, model gate)
[prefix-host] contracts door D2H receipt: ticket issuer=2 seq=19 epochs=0/1/1 items=32 (16 KV planes) complete=32 require=ok checksums_sha256=b5f6629ec6ccee68ddf323ecfe16164aef909ff1ed869ef318622c50b8572232 retired acknowledged; 96 f32 spans landed under the ticket and taken back before the retire; receipts on the copy stream (source digests, 275.21ms)
[prefix-host] demote copy complete off the tick: ticket seq=19 complete after 22 poll(s), 282.0ms from submission to completion (tick-top poll); items=128 (32 KV, 96 f32 spans); 98 heap payloads (157.9MB) handed to the hash helper; by slot class: conv 48 (5898240 B), ssm 48 (150994944 B), hidden 1 (0 B), logits 1 (993280 B); span receipt sealed on the copy stream (96 landed digests), required before the publication
[prefix-host] demote KV leases on the hash helper: ticket seq=19, 32 lease views (151.1MB) for the bind's re-hash
[prefix-host] demote: 5088 tokens, 309.0MB in 358.2ms (host resident 619.0MB / 8590MB, model gate)
[prefix-host] demote digests landed off the tick: ticket seq=19, 98 payloads (157.9MB) hashed in 31.8ms on the hash helper, landed after 3 poll(s) (tick-top poll); the owner thread held 37.58ms across the demote: pre-submit 25.64, copy settle 0.43 over 22 poll(s), hashing polls 0.04, take-back bind and publish 11.47; owner in-completion 37.15ms; wall 358.3ms t0 to publication; 0 hit(s) parked on the Hashing entry (0 re-park(s))
[prefix-host] demote helper split: ticket seq=19 copy 24.22 ms over 156.9 MB (minflt +23264), hash 61.57 ms (helper 31.8 ms); 8 threads
[prefix-host] demote publication split: ticket seq=19 bind 0.11 ms, reclaim 0.00 ms, insert 11.33 ms (twin: meta 0.00 ms, kv 11.28 ms over 16 leases, f32 0.02 ms over 96 payloads, rest 0.01 ms; 0 evicted in 0.00 ms), pause release 0.00 ms
[meter] admit id=cmpl-bb5caebe3a4e96cfd75ddfad420df03e tenant=default lane=interactive model="gate"
[admission] request cost: model="gate" ctx=240 path=plain = 29696 B/token x ctx + 8MB prefill-workspace + 317MB fixed = 332MB
[worker] plain-affinity: declined (no checkpoint retained; 2 parked, 16 prompt tokens; model gate)
[spec-k] model="gate" tenant="" K=0 source=eligibility-fallback prompt=16 cached=0 lcp=0 active=1 wave=1 placement=single-or-non-pp2
[meter] admit id=cmpl-3624dc024a009d34c080ed6751bbe2dd tenant=default lane=interactive model="gate"
[worker] plain-affinity: declined (no checkpoint retained; 2 parked, 16 prompt tokens; model gate)
[spec-k] model="gate" tenant="" K=0 source=eligibility-fallback prompt=16 cached=0 lcp=0 active=1 wave=1 placement=single-or-non-pp2
[meter] admit id=cmpl-78273cf15f60eba7eb41e36fe5bd1f95 tenant=default lane=interactive model="gate"
[admission] request cost: model="gate" ctx=5187 path=plain = 29696 B/token x ctx + 1984MB prefill-workspace + 317MB fixed = 2455MB
[prefix-host] promote submitted off the tick: 5088 tokens, 308.0MB, ticket seq=20, 32 items on the contracts door's copy stream, 96 f32 spans filled on the copy stream (156.9MB); owner segment 0.58ms; request parked
[prefix-host] contracts door H2D receipt: ticket issuer=2 seq=20 epochs=0/1/1 items=32 (16 KV planes) complete=32 require=ok checksums_sha256=b5f6629ec6ccee68ddf323ecfe16164aef909ff1ed869ef318622c50b8572232 published retired acknowledged; 96 f32 spans landed under the ticket and taken back before the retire; 32 KV checksums on the hash helper (151.1MB in 13.3ms)
[prefix-cache] insert (host-promote): 5088 tokens, 308.0MB (resident 616.9MB / 470MB, model gate)
[prefix-cache] evict (LRU): 5120 tokens, 308.9MB (model gate)
[prefix-host] demote submitted off the tick: 5120 tokens, 310.0MB, ticket seq=21, 32 items on the contracts door's copy stream (model gate)
[prefix-host] demote pre-submit split: ticket seq=21 leases 29.53 ms (32 pinned, 152.0 MB, minflt +37120), register 0.21 ms, spans 0.19 ms, other 0.07 ms (pre-submit 30.00 ms)
[prefix-host] promote published off the tick: ticket complete after 2 poll(s), 25.2ms from submission to completion (tick-top poll); timeline from t0: submitted +0.24ms (tick 13325, its top -6.00ms); poll 1 at +12.86ms (tick 13326, its top +12.81ms) pending on sources+copies (the tick top); poll 2 at +25.42ms (tick 13327, its top +25.24ms) complete (the tick top); published +55.49ms (tick 13327, its top +25.24ms)
[prefix-host] promote: 5088 tokens, 308.0MB in 55.5ms (model gate)
[prefix-cache] restore not routed (contracts door): the entry was promoted for this admission (insertion pin id=10, 5088 tokens, model gate); the tick program copies it
[worker] plain-affinity: declined (no checkpoint retained; 2 parked, 5122 prompt tokens; model gate)
[prefix-cache] hit: 5088 of 5122 prompt tokens from cache (model gate)
[spec-k] model="gate" tenant="" K=0 source=eligibility-fallback prompt=5122 cached=5088 lcp=5088 active=2 wave=2 placement=single-or-non-pp2
[prefix-cache] source lease released after restore fence (entry 5088 tokens, model gate)
[meter] admit id=cmpl-414e9b079c45cfc097b57cbe44c98a23 tenant=default lane=interactive model="gate"
[admission] request cost: model="gate" ctx=5185 path=plain = 29696 B/token x ctx + 1984MB prefill-workspace + 317MB fixed = 2455MB
[prefix-host] hit parked on a Demoting entry in its copy phase: request cmpl-414e9b079c45cfc097b57cbe44c98a23 (5120 tokens) hits the Demoting entry's 5120 tokens (ticket seq=21, submitted 98.9ms ago); the request waits for the publication (model gate)
[prefix-host] contracts door D2H receipt: ticket issuer=2 seq=21 epochs=0/1/1 items=32 (16 KV planes) complete=32 require=ok checksums_sha256=66b1c0c1a78cea56765e188199286365d766f92deedee1646b2a178e9da3d8f1 retired acknowledged; 96 f32 spans landed under the ticket and taken back before the retire; receipts on the copy stream (source digests, 239.10ms)
[prefix-host] demote copy complete off the tick: ticket seq=21 complete after 14 poll(s), 246.1ms from submission to completion (tick-top poll); items=128 (32 KV, 96 f32 spans); 98 heap payloads (157.9MB) handed to the hash helper; by slot class: conv 48 (5898240 B), ssm 48 (150994944 B), hidden 1 (0 B), logits 1 (993280 B); span receipt sealed on the copy stream (96 landed digests), required before the publication
[prefix-host] demote KV leases on the hash helper: ticket seq=21, 32 lease views (152.0MB) for the bind's re-hash
[prefix-host] demote: 5120 tokens, 310.0MB in 326.2ms (host resident 619.0MB / 8590MB, model gate)
[prefix-host] demote digests landed off the tick: ticket seq=21, 98 payloads (157.9MB) hashed in 33.4ms on the hash helper, landed after 3 poll(s) (tick-top poll); the owner thread held 42.53ms across the demote: pre-submit 30.00, copy settle 0.33 over 14 poll(s), hashing polls 0.05, take-back bind and publish 12.16; owner in-completion 42.20ms; wall 326.3ms t0 to publication; 1 hit(s) parked on the Hashing entry (14 re-park(s))
[prefix-host] demote helper split: ticket seq=21 copy 22.22 ms over 156.9 MB (minflt +12648), hash 62.18 ms (helper 33.4 ms); 8 threads
[prefix-host] demote publication split: ticket seq=21 bind 0.12 ms, reclaim 0.00 ms, insert 12.02 ms (twin: meta 0.00 ms, kv 9.77 ms over 16 leases, f32 2.23 ms over 96 payloads, rest 0.01 ms; 0 evicted in 0.00 ms), pause release 0.00 ms
[prefix-host] promote submitted off the tick: 5120 tokens, 308.9MB, ticket seq=22, 32 items on the contracts door's copy stream, 96 f32 spans filled on the copy stream (156.9MB); owner segment 0.56ms; request parked
[prefix-host] contracts door H2D receipt: ticket issuer=2 seq=22 epochs=0/1/1 items=32 (16 KV planes) complete=32 require=ok checksums_sha256=66b1c0c1a78cea56765e188199286365d766f92deedee1646b2a178e9da3d8f1 published retired acknowledged; 96 f32 spans landed under the ticket and taken back before the retire; 32 KV checksums on the hash helper (152.0MB in 15.3ms)
[prefix-cache] insert (host-promote): 5120 tokens, 308.9MB (resident 616.9MB / 470MB, model gate)
[prefix-cache] evict (LRU): 5088 tokens, 308.0MB (model gate)
[prefix-host] demote submitted off the tick: 5088 tokens, 309.0MB, ticket seq=23, 32 items on the contracts door's copy stream (model gate)
[prefix-host] demote pre-submit split: ticket seq=23 leases 26.09 ms (32 pinned, 151.1 MB, minflt +36896), register 0.21 ms, spans 0.20 ms, other 0.07 ms (pre-submit 26.56 ms)
[prefix-host] promote published off the tick: ticket complete after 2 poll(s), 26.0ms from submission to completion (tick-top poll); timeline from t0: submitted +0.23ms (tick 13344, its top -12.37ms); poll 1 at +13.38ms (tick 13345, its top +13.31ms) pending on sources+copies (the tick top); poll 2 at +26.19ms (tick 13346, its top +26.01ms) complete (the tick top); published +52.82ms (tick 13346, its top +26.01ms)
[prefix-host] promote: 5120 tokens, 308.9MB in 52.8ms (model gate)
[prefix-cache] restore not routed (contracts door): the entry was promoted for this admission (insertion pin id=11, 5120 tokens, model gate); the tick program copies it
[worker] plain-affinity: declined (no checkpoint retained; 2 parked, 5120 prompt tokens; model gate)
[prefix-cache] hit: 5120 of 5120 prompt tokens from cache (model gate)
[spec-k] model="gate" tenant="" K=0 source=eligibility-fallback prompt=5120 cached=5120 lcp=5120 active=2 wave=2 placement=single-or-non-pp2
[prefix-cache] source lease released after restore fence (entry 5120 tokens, model gate)
[prefix-host] contracts door D2H receipt: ticket issuer=2 seq=23 epochs=0/1/1 items=32 (16 KV planes) complete=32 require=ok checksums_sha256=b5f6629ec6ccee68ddf323ecfe16164aef909ff1ed869ef318622c50b8572232 retired acknowledged; 96 f32 spans landed under the ticket and taken back before the retire; receipts on the copy stream (source digests, 275.91ms)
[prefix-host] demote copy complete off the tick: ticket seq=23 complete after 23 poll(s), 292.2ms from submission to completion (tick-top poll); items=128 (32 KV, 96 f32 spans); 98 heap payloads (157.9MB) handed to the hash helper; by slot class: conv 48 (5898240 B), ssm 48 (150994944 B), hidden 1 (0 B), logits 1 (993280 B); span receipt sealed on the copy stream (96 landed digests), required before the publication
[prefix-host] demote KV leases on the hash helper: ticket seq=23, 32 lease views (151.1MB) for the bind's re-hash
[prefix-host] demote: 5088 tokens, 309.0MB in 371.8ms (host resident 619.0MB / 8590MB, model gate)
[prefix-host] demote digests landed off the tick: ticket seq=23, 98 payloads (157.9MB) hashed in 31.0ms on the hash helper, landed after 3 poll(s) (tick-top poll); the owner thread held 40.97ms across the demote: pre-submit 26.56, copy settle 0.41 over 23 poll(s), hashing polls 0.05, take-back bind and publish 13.96; owner in-completion 40.56ms; wall 371.8ms t0 to publication; 0 hit(s) parked on the Hashing entry (0 re-park(s))
[prefix-host] demote helper split: ticket seq=23 copy 21.26 ms over 156.9 MB (minflt +6129), hash 61.24 ms (helper 31.0 ms); 8 threads
[prefix-host] demote publication split: ticket seq=23 bind 0.11 ms, reclaim 0.00 ms, insert 13.81 ms (twin: meta 0.00 ms, kv 9.33 ms over 16 leases, f32 4.46 ms over 96 payloads, rest 0.02 ms; 0 evicted in 0.00 ms), pause release 0.00 ms
[meter] admit id=cmpl-6785e8f5597363bf0a03d9f9ebaed4ad tenant=default lane=interactive model="gate"
[admission] request cost: model="gate" ctx=240 path=plain = 29696 B/token x ctx + 8MB prefill-workspace + 317MB fixed = 332MB
[worker] plain-affinity: declined (no checkpoint retained; 2 parked, 16 prompt tokens; model gate)
[spec-k] model="gate" tenant="" K=0 source=eligibility-fallback prompt=16 cached=0 lcp=0 active=1 wave=1 placement=single-or-non-pp2
[meter] admit id=cmpl-c14066e5d42c8727072d14fed9b61461 tenant=default lane=interactive model="gate"
[admission] request cost: model="gate" ctx=5187 path=plain = 29696 B/token x ctx + 1984MB prefill-workspace + 317MB fixed = 2455MB
[prefix-host] promote submitted off the tick: 5088 tokens, 308.0MB, ticket seq=24, 32 items on the contracts door's copy stream, 96 f32 spans filled on the copy stream (156.9MB); owner segment 0.54ms; request parked
[prefix-host] contracts door H2D receipt: ticket issuer=2 seq=24 epochs=0/1/1 items=32 (16 KV planes) complete=32 require=ok checksums_sha256=b5f6629ec6ccee68ddf323ecfe16164aef909ff1ed869ef318622c50b8572232 published retired acknowledged; 96 f32 spans landed under the ticket and taken back before the retire; 32 KV checksums on the hash helper (151.1MB in 14.9ms)
[prefix-cache] insert (host-promote): 5088 tokens, 308.0MB (resident 616.9MB / 470MB, model gate)
[prefix-cache] evict (LRU): 5120 tokens, 308.9MB (model gate)
[prefix-host] demote submitted off the tick: 5120 tokens, 310.0MB, ticket seq=25, 32 items on the contracts door's copy stream (model gate)
[prefix-host] demote pre-submit split: ticket seq=25 leases 25.46 ms (32 pinned, 152.0 MB, minflt +37120), register 0.21 ms, spans 0.19 ms, other 0.07 ms (pre-submit 25.94 ms)
[prefix-host] promote published off the tick: ticket complete after 2 poll(s), 25.2ms from submission to completion (tick-top poll); timeline from t0: submitted +0.23ms (tick 14040, its top -6.09ms); poll 1 at +12.88ms (tick 14041, its top +12.81ms) pending on sources+copies (the tick top); poll 2 at +25.42ms (tick 14042, its top +25.24ms) complete (the tick top); published +51.43ms (tick 14042, its top +25.24ms)
[prefix-host] promote: 5088 tokens, 308.0MB in 51.4ms (model gate)
[prefix-cache] restore not routed (contracts door): the entry was promoted for this admission (insertion pin id=12, 5088 tokens, model gate); the tick program copies it
[worker] plain-affinity: declined (no checkpoint retained; 2 parked, 5122 prompt tokens; model gate)
[prefix-cache] hit: 5088 of 5122 prompt tokens from cache (model gate)
[spec-k] model="gate" tenant="" K=0 source=eligibility-fallback prompt=5122 cached=5088 lcp=5088 active=2 wave=2 placement=single-or-non-pp2
[prefix-cache] source lease released after restore fence (entry 5088 tokens, model gate)
[meter] admit id=cmpl-6bbd232eddfd7842e9572c99f5a35382 tenant=default lane=interactive model="gate"
[admission] request cost: model="gate" ctx=5185 path=plain = 29696 B/token x ctx + 1984MB prefill-workspace + 317MB fixed = 2455MB
[prefix-host] hit parked on a Demoting entry in its copy phase: request cmpl-6bbd232eddfd7842e9572c99f5a35382 (5120 tokens) hits the Demoting entry's 5120 tokens (ticket seq=25, submitted 98.9ms ago); the request waits for the publication (model gate)
[prefix-host] contracts door D2H receipt: ticket issuer=2 seq=25 epochs=0/1/1 items=32 (16 KV planes) complete=32 require=ok checksums_sha256=66b1c0c1a78cea56765e188199286365d766f92deedee1646b2a178e9da3d8f1 retired acknowledged; 96 f32 spans landed under the ticket and taken back before the retire; receipts on the copy stream (source digests, 239.15ms)
[prefix-host] demote copy complete off the tick: ticket seq=25 complete after 14 poll(s), 246.2ms from submission to completion (tick-top poll); items=128 (32 KV, 96 f32 spans); 98 heap payloads (157.9MB) handed to the hash helper; by slot class: conv 48 (5898240 B), ssm 48 (150994944 B), hidden 1 (0 B), logits 1 (993280 B); span receipt sealed on the copy stream (96 landed digests), required before the publication
[prefix-host] demote KV leases on the hash helper: ticket seq=25, 32 lease views (152.0MB) for the bind's re-hash
[prefix-host] demote: 5120 tokens, 310.0MB in 322.3ms (host resident 619.0MB / 8590MB, model gate)
[prefix-host] demote digests landed off the tick: ticket seq=25, 98 payloads (157.9MB) hashed in 32.8ms on the hash helper, landed after 3 poll(s) (tick-top poll); the owner thread held 38.68ms across the demote: pre-submit 25.94, copy settle 0.34 over 14 poll(s), hashing polls 0.04, take-back bind and publish 12.36; owner in-completion 38.34ms; wall 322.4ms t0 to publication; 1 hit(s) parked on the Hashing entry (14 re-park(s))
[prefix-host] demote helper split: ticket seq=25 copy 27.66 ms over 156.9 MB (minflt +25060), hash 59.57 ms (helper 32.8 ms); 8 threads
[prefix-host] demote publication split: ticket seq=25 bind 0.11 ms, reclaim 0.00 ms, insert 12.22 ms (twin: meta 0.00 ms, kv 11.32 ms over 16 leases, f32 0.88 ms over 96 payloads, rest 0.02 ms; 0 evicted in 0.00 ms), pause release 0.00 ms
[prefix-host] promote submitted off the tick: 5120 tokens, 308.9MB, ticket seq=26, 32 items on the contracts door's copy stream, 96 f32 spans filled on the copy stream (156.9MB); owner segment 0.59ms; request parked
[prefix-host] contracts door H2D receipt: ticket issuer=2 seq=26 epochs=0/1/1 items=32 (16 KV planes) complete=32 require=ok checksums_sha256=66b1c0c1a78cea56765e188199286365d766f92deedee1646b2a178e9da3d8f1 published retired acknowledged; 96 f32 spans landed under the ticket and taken back before the retire; 32 KV checksums on the hash helper (152.0MB in 13.2ms)
[prefix-cache] insert (host-promote): 5120 tokens, 308.9MB (resident 616.9MB / 470MB, model gate)
[prefix-cache] evict (LRU): 5088 tokens, 308.0MB (model gate)
[prefix-host] demote submitted off the tick: 5088 tokens, 309.0MB, ticket seq=27, 32 items on the contracts door's copy stream (model gate)
[prefix-host] demote pre-submit split: ticket seq=27 leases 29.51 ms (32 pinned, 151.1 MB, minflt +36896), register 0.22 ms, spans 0.20 ms, other 0.07 ms (pre-submit 30.00 ms)
[prefix-host] promote published off the tick: ticket complete after 2 poll(s), 26.1ms from submission to completion (tick-top poll); timeline from t0: submitted +0.24ms (tick 14059, its top -14.38ms); poll 1 at +13.48ms (tick 14060, its top +13.42ms) pending on sources+copies (the tick top); poll 2 at +26.36ms (tick 14061, its top +26.17ms) complete (the tick top); published +56.44ms (tick 14061, its top +26.17ms)
[prefix-host] promote: 5120 tokens, 308.9MB in 56.4ms (model gate)
[prefix-cache] restore not routed (contracts door): the entry was promoted for this admission (insertion pin id=13, 5120 tokens, model gate); the tick program copies it
[worker] plain-affinity: declined (no checkpoint retained; 2 parked, 5120 prompt tokens; model gate)
[prefix-cache] hit: 5120 of 5120 prompt tokens from cache (model gate)
[spec-k] model="gate" tenant="" K=0 source=eligibility-fallback prompt=5120 cached=5120 lcp=5120 active=2 wave=2 placement=single-or-non-pp2
[prefix-cache] source lease released after restore fence (entry 5120 tokens, model gate)
[prefix-host] contracts door D2H receipt: ticket issuer=2 seq=27 epochs=0/1/1 items=32 (16 KV planes) complete=32 require=ok checksums_sha256=b5f6629ec6ccee68ddf323ecfe16164aef909ff1ed869ef318622c50b8572232 retired acknowledged; 96 f32 spans landed under the ticket and taken back before the retire; receipts on the copy stream (source digests, 275.61ms)
[prefix-host] demote copy complete off the tick: ticket seq=27 complete after 23 poll(s), 292.2ms from submission to completion (tick-top poll); items=128 (32 KV, 96 f32 spans); 98 heap payloads (157.9MB) handed to the hash helper; by slot class: conv 48 (5898240 B), ssm 48 (150994944 B), hidden 1 (0 B), logits 1 (993280 B); span receipt sealed on the copy stream (96 landed digests), required before the publication
[prefix-host] demote KV leases on the hash helper: ticket seq=27, 32 lease views (151.1MB) for the bind's re-hash
[prefix-host] demote: 5088 tokens, 309.0MB in 371.8ms (host resident 619.0MB / 8590MB, model gate)
[prefix-host] demote digests landed off the tick: ticket seq=27, 98 payloads (157.9MB) hashed in 32.6ms on the hash helper, landed after 3 poll(s) (tick-top poll); the owner thread held 40.91ms across the demote: pre-submit 30.00, copy settle 0.40 over 23 poll(s), hashing polls 0.05, take-back bind and publish 10.46; owner in-completion 40.51ms; wall 371.8ms t0 to publication; 0 hit(s) parked on the Hashing entry (0 re-park(s))
[prefix-host] demote helper split: ticket seq=27 copy 24.70 ms over 156.9 MB (minflt +18652), hash 62.38 ms (helper 32.6 ms); 8 threads
[prefix-host] demote publication split: ticket seq=27 bind 0.11 ms, reclaim 0.00 ms, insert 10.32 ms (twin: meta 0.00 ms, kv 9.92 ms over 16 leases, f32 0.37 ms over 96 payloads, rest 0.01 ms; 0 evicted in 0.00 ms), pause release 0.00 ms
[meter] admit id=cmpl-9c400055115197824f34761c915afaa9 tenant=default lane=interactive model="gate"
[admission] request cost: model="gate" ctx=240 path=plain = 29696 B/token x ctx + 8MB prefill-workspace + 317MB fixed = 332MB
[worker] plain-affinity: declined (no checkpoint retained; 2 parked, 16 prompt tokens; model gate)
[spec-k] model="gate" tenant="" K=0 source=eligibility-fallback prompt=16 cached=0 lcp=0 active=1 wave=1 placement=single-or-non-pp2
[meter] admit id=cmpl-04891622dae6a322292ed8c8e7da5b8e tenant=default lane=interactive model="gate"
[worker] plain-affinity: declined (no checkpoint retained; 2 parked, 16 prompt tokens; model gate)
[spec-k] model="gate" tenant="" K=0 source=eligibility-fallback prompt=16 cached=0 lcp=0 active=1 wave=1 placement=single-or-non-pp2
[meter] admit id=cmpl-9ef996a96de65dba5f482749d4e7d2ec tenant=default lane=interactive model="gate"
[admission] request cost: model="gate" ctx=5187 path=plain = 29696 B/token x ctx + 1984MB prefill-workspace + 317MB fixed = 2455MB
[prefix-host] promote submitted off the tick: 5088 tokens, 308.0MB, ticket seq=28, 32 items on the contracts door's copy stream, 96 f32 spans filled on the copy stream (156.9MB); owner segment 0.56ms; request parked
[prefix-host] contracts door H2D receipt: ticket issuer=2 seq=28 epochs=0/1/1 items=32 (16 KV planes) complete=32 require=ok checksums_sha256=b5f6629ec6ccee68ddf323ecfe16164aef909ff1ed869ef318622c50b8572232 published retired acknowledged; 96 f32 spans landed under the ticket and taken back before the retire; 32 KV checksums on the hash helper (151.1MB in 14.7ms)
[prefix-cache] insert (host-promote): 5088 tokens, 308.0MB (resident 616.9MB / 470MB, model gate)
[prefix-cache] evict (LRU): 5120 tokens, 308.9MB (model gate)
[prefix-host] demote submitted off the tick: 5120 tokens, 310.0MB, ticket seq=29, 32 items on the contracts door's copy stream (model gate)
[prefix-host] demote pre-submit split: ticket seq=29 leases 26.22 ms (32 pinned, 152.0 MB, minflt +37120), register 0.23 ms, spans 0.19 ms, other 0.06 ms (pre-submit 26.71 ms)
[prefix-host] promote published off the tick: ticket complete after 2 poll(s), 25.3ms from submission to completion (tick-top poll); timeline from t0: submitted +0.23ms (tick 15445, its top -6.14ms); poll 1 at +12.89ms (tick 15446, its top +12.82ms) pending on sources+copies (the tick top); poll 2 at +25.50ms (tick 15447, its top +25.31ms) complete (the tick top); published +52.27ms (tick 15447, its top +25.31ms)
[prefix-host] promote: 5088 tokens, 308.0MB in 52.3ms (model gate)
[prefix-cache] restore not routed (contracts door): the entry was promoted for this admission (insertion pin id=14, 5088 tokens, model gate); the tick program copies it
[worker] plain-affinity: declined (no checkpoint retained; 2 parked, 5122 prompt tokens; model gate)
[prefix-cache] hit: 5088 of 5122 prompt tokens from cache (model gate)
[spec-k] model="gate" tenant="" K=0 source=eligibility-fallback prompt=5122 cached=5088 lcp=5088 active=2 wave=2 placement=single-or-non-pp2
[prefix-cache] source lease released after restore fence (entry 5088 tokens, model gate)
[meter] admit id=cmpl-aac26eafc2622d950d95d44550b6c631 tenant=default lane=interactive model="gate"
[admission] request cost: model="gate" ctx=5185 path=plain = 29696 B/token x ctx + 1984MB prefill-workspace + 317MB fixed = 2455MB
[prefix-host] hit parked on a Demoting entry in its copy phase: request cmpl-aac26eafc2622d950d95d44550b6c631 (5120 tokens) hits the Demoting entry's 5120 tokens (ticket seq=29, submitted 98.9ms ago); the request waits for the publication (model gate)
[prefix-host] contracts door D2H receipt: ticket issuer=2 seq=29 epochs=0/1/1 items=32 (16 KV planes) complete=32 require=ok checksums_sha256=66b1c0c1a78cea56765e188199286365d766f92deedee1646b2a178e9da3d8f1 retired acknowledged; 96 f32 spans landed under the ticket and taken back before the retire; receipts on the copy stream (source digests, 238.84ms)
[prefix-host] demote copy complete off the tick: ticket seq=29 complete after 14 poll(s), 246.2ms from submission to completion (tick-top poll); items=128 (32 KV, 96 f32 spans); 98 heap payloads (157.9MB) handed to the hash helper; by slot class: conv 48 (5898240 B), ssm 48 (150994944 B), hidden 1 (0 B), logits 1 (993280 B); span receipt sealed on the copy stream (96 landed digests), required before the publication
[prefix-host] demote KV leases on the hash helper: ticket seq=29, 32 lease views (152.0MB) for the bind's re-hash
[prefix-host] demote: 5120 tokens, 310.0MB in 320.9ms (host resident 619.0MB / 8590MB, model gate)
[prefix-host] demote digests landed off the tick: ticket seq=29, 98 payloads (157.9MB) hashed in 31.8ms on the hash helper, landed after 3 poll(s) (tick-top poll); the owner thread held 37.10ms across the demote: pre-submit 26.71, copy settle 0.34 over 14 poll(s), hashing polls 0.04, take-back bind and publish 10.01; owner in-completion 36.76ms; wall 320.9ms t0 to publication; 1 hit(s) parked on the Hashing entry (14 re-park(s))
[prefix-host] demote helper split: ticket seq=29 copy 25.88 ms over 156.9 MB (minflt +26201), hash 60.26 ms (helper 31.8 ms); 8 threads
[prefix-host] demote publication split: ticket seq=29 bind 0.11 ms, reclaim 0.00 ms, insert 9.88 ms (twin: meta 0.00 ms, kv 9.84 ms over 16 leases, f32 0.02 ms over 96 payloads, rest 0.01 ms; 0 evicted in 0.00 ms), pause release 0.00 ms
[prefix-host] promote submitted off the tick: 5120 tokens, 308.9MB, ticket seq=30, 32 items on the contracts door's copy stream, 96 f32 spans filled on the copy stream (156.9MB); owner segment 0.57ms; request parked
[prefix-host] contracts door H2D receipt: ticket issuer=2 seq=30 epochs=0/1/1 items=32 (16 KV planes) complete=32 require=ok checksums_sha256=66b1c0c1a78cea56765e188199286365d766f92deedee1646b2a178e9da3d8f1 published retired acknowledged; 96 f32 spans landed under the ticket and taken back before the retire; 32 KV checksums on the hash helper (152.0MB in 15.7ms)
[prefix-cache] insert (host-promote): 5120 tokens, 308.9MB (resident 616.9MB / 470MB, model gate)
[prefix-cache] evict (LRU): 5088 tokens, 308.0MB (model gate)
[prefix-host] demote submitted off the tick: 5088 tokens, 309.0MB, ticket seq=31, 32 items on the contracts door's copy stream (model gate)
[prefix-host] demote pre-submit split: ticket seq=31 leases 25.32 ms (32 pinned, 151.1 MB, minflt +36896), register 0.22 ms, spans 0.20 ms, other 0.06 ms (pre-submit 25.80 ms)
[prefix-host] promote published off the tick: ticket complete after 2 poll(s), 26.0ms from submission to completion (tick-top poll); timeline from t0: submitted +0.23ms (tick 15464, its top -10.22ms); poll 1 at +13.38ms (tick 15465, its top +13.30ms) pending on sources+copies (the tick top); poll 2 at +26.20ms (tick 15466, its top +26.01ms) complete (the tick top); published +52.08ms (tick 15466, its top +26.01ms)
[prefix-host] promote: 5120 tokens, 308.9MB in 52.1ms (model gate)
[prefix-cache] restore not routed (contracts door): the entry was promoted for this admission (insertion pin id=15, 5120 tokens, model gate); the tick program copies it
[worker] plain-affinity: declined (no checkpoint retained; 2 parked, 5120 prompt tokens; model gate)
[prefix-cache] hit: 5120 of 5120 prompt tokens from cache (model gate)
[spec-k] model="gate" tenant="" K=0 source=eligibility-fallback prompt=5120 cached=5120 lcp=5120 active=2 wave=2 placement=single-or-non-pp2
[prefix-cache] source lease released after restore fence (entry 5120 tokens, model gate)
[prefix-host] contracts door D2H receipt: ticket issuer=2 seq=31 epochs=0/1/1 items=32 (16 KV planes) complete=32 require=ok checksums_sha256=b5f6629ec6ccee68ddf323ecfe16164aef909ff1ed869ef318622c50b8572232 retired acknowledged; 96 f32 spans landed under the ticket and taken back before the retire; receipts on the copy stream (source digests, 275.17ms)
[prefix-host] demote copy complete off the tick: ticket seq=31 complete after 22 poll(s), 282.0ms from submission to completion (tick-top poll); items=128 (32 KV, 96 f32 spans); 98 heap payloads (157.9MB) handed to the hash helper; by slot class: conv 48 (5898240 B), ssm 48 (150994944 B), hidden 1 (0 B), logits 1 (993280 B); span receipt sealed on the copy stream (96 landed digests), required before the publication
[prefix-host] demote KV leases on the hash helper: ticket seq=31, 32 lease views (151.1MB) for the bind's re-hash
[prefix-host] demote: 5088 tokens, 309.0MB in 363.2ms (host resident 619.0MB / 8590MB, model gate)
[prefix-host] demote digests landed off the tick: ticket seq=31, 98 payloads (157.9MB) hashed in 31.8ms on the hash helper, landed after 3 poll(s) (tick-top poll); the owner thread held 42.40ms across the demote: pre-submit 25.80, copy settle 0.40 over 22 poll(s), hashing polls 0.03, take-back bind and publish 16.16; owner in-completion 42.00ms; wall 363.2ms t0 to publication; 0 hit(s) parked on the Hashing entry (0 re-park(s))
[prefix-host] demote helper split: ticket seq=31 copy 25.80 ms over 156.9 MB (minflt +27559), hash 59.49 ms (helper 31.8 ms); 8 threads
[prefix-host] demote publication split: ticket seq=31 bind 0.12 ms, reclaim 0.00 ms, insert 16.01 ms (twin: meta 0.00 ms, kv 11.25 ms over 16 leases, f32 4.73 ms over 96 payloads, rest 0.02 ms; 0 evicted in 0.00 ms), pause release 0.00 ms
[meter] admit id=cmpl-c2de61a40bd1ada9780d0de5ce6f7f25 tenant=default lane=interactive model="gate"
[admission] request cost: model="gate" ctx=240 path=plain = 29696 B/token x ctx + 8MB prefill-workspace + 317MB fixed = 332MB
[worker] plain-affinity: declined (no checkpoint retained; 2 parked, 16 prompt tokens; model gate)
[spec-k] model="gate" tenant="" K=0 source=eligibility-fallback prompt=16 cached=0 lcp=0 active=1 wave=1 placement=single-or-non-pp2
[meter] admit id=cmpl-5d50302e7279a3dba214843700edb7f4 tenant=default lane=interactive model="gate"
[worker] plain-affinity: declined (no checkpoint retained; 2 parked, 16 prompt tokens; model gate)
[spec-k] model="gate" tenant="" K=0 source=eligibility-fallback prompt=16 cached=0 lcp=0 active=1 wave=1 placement=single-or-non-pp2
[meter] admit id=cmpl-fbf26f4b95b3489f62b0b687de430e46 tenant=default lane=interactive model="gate"
[admission] request cost: model="gate" ctx=5187 path=plain = 29696 B/token x ctx + 1984MB prefill-workspace + 317MB fixed = 2455MB
[prefix-host] promote submitted off the tick: 5088 tokens, 308.0MB, ticket seq=32, 32 items on the contracts door's copy stream, 96 f32 spans filled on the copy stream (156.9MB); owner segment 0.58ms; request parked
[prefix-host] contracts door H2D receipt: ticket issuer=2 seq=32 epochs=0/1/1 items=32 (16 KV planes) complete=32 require=ok checksums_sha256=b5f6629ec6ccee68ddf323ecfe16164aef909ff1ed869ef318622c50b8572232 published retired acknowledged; 96 f32 spans landed under the ticket and taken back before the retire; 32 KV checksums on the hash helper (151.1MB in 15.5ms)
[prefix-cache] insert (host-promote): 5088 tokens, 308.0MB (resident 616.9MB / 470MB, model gate)
[prefix-cache] evict (LRU): 5120 tokens, 308.9MB (model gate)
[prefix-host] demote submitted off the tick: 5120 tokens, 310.0MB, ticket seq=33, 32 items on the contracts door's copy stream (model gate)
[prefix-host] demote pre-submit split: ticket seq=33 leases 29.48 ms (32 pinned, 152.0 MB, minflt +37120), register 0.22 ms, spans 0.19 ms, other 0.07 ms (pre-submit 29.96 ms)
[prefix-host] promote published off the tick: ticket complete after 2 poll(s), 25.3ms from submission to completion (tick-top poll); timeline from t0: submitted +0.23ms (tick 16808, its top -5.95ms); poll 1 at +12.91ms (tick 16809, its top +12.84ms) pending on sources+copies (the tick top); poll 2 at +25.53ms (tick 16810, its top +25.34ms) complete (the tick top); published +55.55ms (tick 16810, its top +25.34ms)
[prefix-host] promote: 5088 tokens, 308.0MB in 55.6ms (model gate)
[prefix-cache] restore not routed (contracts door): the entry was promoted for this admission (insertion pin id=16, 5088 tokens, model gate); the tick program copies it
[worker] plain-affinity: declined (no checkpoint retained; 2 parked, 5122 prompt tokens; model gate)
[prefix-cache] hit: 5088 of 5122 prompt tokens from cache (model gate)
[spec-k] model="gate" tenant="" K=0 source=eligibility-fallback prompt=5122 cached=5088 lcp=5088 active=2 wave=2 placement=single-or-non-pp2
[prefix-cache] source lease released after restore fence (entry 5088 tokens, model gate)
[meter] admit id=cmpl-8f2badaacc1fcdf5d1d6899653323f37 tenant=default lane=interactive model="gate"
[admission] request cost: model="gate" ctx=5185 path=plain = 29696 B/token x ctx + 1984MB prefill-workspace + 317MB fixed = 2455MB
[prefix-host] hit parked on a Demoting entry in its copy phase: request cmpl-8f2badaacc1fcdf5d1d6899653323f37 (5120 tokens) hits the Demoting entry's 5120 tokens (ticket seq=33, submitted 98.9ms ago); the request waits for the publication (model gate)
[prefix-host] contracts door D2H receipt: ticket issuer=2 seq=33 epochs=0/1/1 items=32 (16 KV planes) complete=32 require=ok checksums_sha256=66b1c0c1a78cea56765e188199286365d766f92deedee1646b2a178e9da3d8f1 retired acknowledged; 96 f32 spans landed under the ticket and taken back before the retire; receipts on the copy stream (source digests, 239.22ms)
[prefix-host] demote copy complete off the tick: ticket seq=33 complete after 14 poll(s), 246.2ms from submission to completion (tick-top poll); items=128 (32 KV, 96 f32 spans); 98 heap payloads (157.9MB) handed to the hash helper; by slot class: conv 48 (5898240 B), ssm 48 (150994944 B), hidden 1 (0 B), logits 1 (993280 B); span receipt sealed on the copy stream (96 landed digests), required before the publication
[prefix-host] demote KV leases on the hash helper: ticket seq=33, 32 lease views (152.0MB) for the bind's re-hash
[prefix-host] demote: 5120 tokens, 310.0MB in 326.2ms (host resident 619.0MB / 8590MB, model gate)
[prefix-host] demote digests landed off the tick: ticket seq=33, 98 payloads (157.9MB) hashed in 31.6ms on the hash helper, landed after 3 poll(s) (tick-top poll); the owner thread held 42.43ms across the demote: pre-submit 29.96, copy settle 0.34 over 14 poll(s), hashing polls 0.05, take-back bind and publish 12.08; owner in-completion 42.09ms; wall 326.2ms t0 to publication; 1 hit(s) parked on the Hashing entry (14 re-park(s))
[prefix-host] demote helper split: ticket seq=33 copy 20.04 ms over 156.9 MB (minflt +10327), hash 65.30 ms (helper 31.6 ms); 8 threads
[prefix-host] demote publication split: ticket seq=33 bind 0.12 ms, reclaim 0.00 ms, insert 11.94 ms (twin: meta 0.00 ms, kv 9.75 ms over 16 leases, f32 2.16 ms over 96 payloads, rest 0.02 ms; 0 evicted in 0.00 ms), pause release 0.00 ms
[prefix-host] promote submitted off the tick: 5120 tokens, 308.9MB, ticket seq=34, 32 items on the contracts door's copy stream, 96 f32 spans filled on the copy stream (156.9MB); owner segment 0.58ms; request parked
[prefix-host] contracts door H2D receipt: ticket issuer=2 seq=34 epochs=0/1/1 items=32 (16 KV planes) complete=32 require=ok checksums_sha256=66b1c0c1a78cea56765e188199286365d766f92deedee1646b2a178e9da3d8f1 published retired acknowledged; 96 f32 spans landed under the ticket and taken back before the retire; 32 KV checksums on the hash helper (152.0MB in 14.8ms)
[prefix-cache] insert (host-promote): 5120 tokens, 308.9MB (resident 616.9MB / 470MB, model gate)
[prefix-cache] evict (LRU): 5088 tokens, 308.0MB (model gate)
[prefix-host] demote submitted off the tick: 5088 tokens, 309.0MB, ticket seq=35, 32 items on the contracts door's copy stream (model gate)
[prefix-host] demote pre-submit split: ticket seq=35 leases 26.34 ms (32 pinned, 151.1 MB, minflt +36896), register 0.22 ms, spans 0.20 ms, other 0.07 ms (pre-submit 26.82 ms)
[prefix-host] promote published off the tick: ticket complete after 2 poll(s), 26.1ms from submission to completion (tick-top poll); timeline from t0: submitted +0.23ms (tick 16827, its top -12.30ms); poll 1 at +13.45ms (tick 16828, its top +13.37ms) pending on sources+copies (the tick top); poll 2 at +26.29ms (tick 16829, its top +26.11ms) complete (the tick top); published +53.18ms (tick 16829, its top +26.11ms)
[prefix-host] promote: 5120 tokens, 308.9MB in 53.2ms (model gate)
[prefix-cache] restore not routed (contracts door): the entry was promoted for this admission (insertion pin id=17, 5120 tokens, model gate); the tick program copies it
[worker] plain-affinity: declined (no checkpoint retained; 2 parked, 5120 prompt tokens; model gate)
[prefix-cache] hit: 5120 of 5120 prompt tokens from cache (model gate)
[spec-k] model="gate" tenant="" K=0 source=eligibility-fallback prompt=5120 cached=5120 lcp=5120 active=2 wave=2 placement=single-or-non-pp2
[prefix-cache] source lease released after restore fence (entry 5120 tokens, model gate)
[prefix-host] contracts door D2H receipt: ticket issuer=2 seq=35 epochs=0/1/1 items=32 (16 KV planes) complete=32 require=ok checksums_sha256=b5f6629ec6ccee68ddf323ecfe16164aef909ff1ed869ef318622c50b8572232 retired acknowledged; 96 f32 spans landed under the ticket and taken back before the retire; receipts on the copy stream (source digests, 275.59ms)
[prefix-host] demote copy complete off the tick: ticket seq=35 complete after 23 poll(s), 292.4ms from submission to completion (tick-top poll); items=128 (32 KV, 96 f32 spans); 98 heap payloads (157.9MB) handed to the hash helper; by slot class: conv 48 (5898240 B), ssm 48 (150994944 B), hidden 1 (0 B), logits 1 (993280 B); span receipt sealed on the copy stream (96 landed digests), required before the publication
[prefix-host] demote KV leases on the hash helper: ticket seq=35, 32 lease views (151.1MB) for the bind's re-hash
[prefix-host] demote: 5088 tokens, 309.0MB in 372.6ms (host resident 619.0MB / 8590MB, model gate)
[prefix-host] demote digests landed off the tick: ticket seq=35, 98 payloads (157.9MB) hashed in 33.3ms on the hash helper, landed after 3 poll(s) (tick-top poll); the owner thread held 41.64ms across the demote: pre-submit 26.82, copy settle 0.41 over 23 poll(s), hashing polls 0.04, take-back bind and publish 14.38; owner in-completion 41.24ms; wall 372.6ms t0 to publication; 0 hit(s) parked on the Hashing entry (0 re-park(s))
[prefix-host] demote helper split: ticket seq=35 copy 20.87 ms over 156.9 MB (minflt +10356), hash 62.74 ms (helper 33.3 ms); 8 threads
[prefix-host] demote publication split: ticket seq=35 bind 0.11 ms, reclaim 0.00 ms, insert 14.24 ms (twin: meta 0.00 ms, kv 9.37 ms over 16 leases, f32 4.84 ms over 96 payloads, rest 0.02 ms; 0 evicted in 0.00 ms), pause release 0.00 ms
[meter] admit id=cmpl-8ea15e405f9ff847cc710372df3f1c33 tenant=default lane=interactive model="gate"
[admission] request cost: model="gate" ctx=240 path=plain = 29696 B/token x ctx + 8MB prefill-workspace + 317MB fixed = 332MB
[worker] plain-affinity: declined (no checkpoint retained; 2 parked, 16 prompt tokens; model gate)
[spec-k] model="gate" tenant="" K=0 source=eligibility-fallback prompt=16 cached=0 lcp=0 active=1 wave=1 placement=single-or-non-pp2
[meter] admit id=cmpl-0f86f4f63a3895b3ab48b139f96644ea tenant=default lane=interactive model="gate"
[worker] plain-affinity: declined (no checkpoint retained; 2 parked, 16 prompt tokens; model gate)
[spec-k] model="gate" tenant="" K=0 source=eligibility-fallback prompt=16 cached=0 lcp=0 active=1 wave=1 placement=single-or-non-pp2
[meter] admit id=cmpl-8010ebde5f922d65ecbdfd675f0be812 tenant=default lane=interactive model="gate"
[admission] request cost: model="gate" ctx=5187 path=plain = 29696 B/token x ctx + 1984MB prefill-workspace + 317MB fixed = 2455MB
[prefix-host] promote submitted off the tick: 5088 tokens, 308.0MB, ticket seq=36, 32 items on the contracts door's copy stream, 96 f32 spans filled on the copy stream (156.9MB); owner segment 0.60ms; request parked
[prefix-host] contracts door H2D receipt: ticket issuer=2 seq=36 epochs=0/1/1 items=32 (16 KV planes) complete=32 require=ok checksums_sha256=b5f6629ec6ccee68ddf323ecfe16164aef909ff1ed869ef318622c50b8572232 published retired acknowledged; 96 f32 spans landed under the ticket and taken back before the retire; 32 KV checksums on the hash helper (151.1MB in 13.5ms)
[prefix-cache] insert (host-promote): 5088 tokens, 308.0MB (resident 616.9MB / 470MB, model gate)
[prefix-cache] evict (LRU): 5120 tokens, 308.9MB (model gate)
[prefix-host] demote submitted off the tick: 5120 tokens, 310.0MB, ticket seq=37, 32 items on the contracts door's copy stream (model gate)
[prefix-host] demote pre-submit split: ticket seq=37 leases 25.48 ms (32 pinned, 152.0 MB, minflt +37120), register 0.21 ms, spans 0.19 ms, other 0.07 ms (pre-submit 25.96 ms)
[prefix-host] promote published off the tick: ticket complete after 2 poll(s), 25.2ms from submission to completion (tick-top poll); timeline from t0: submitted +0.24ms (tick 18133, its top -5.98ms); poll 1 at +12.89ms (tick 18134, its top +12.84ms) pending on sources+copies (the tick top); poll 2 at +25.46ms (tick 18135, its top +25.27ms) complete (the tick top); published +51.49ms (tick 18135, its top +25.27ms)
[prefix-host] promote: 5088 tokens, 308.0MB in 51.5ms (model gate)
[prefix-cache] restore not routed (contracts door): the entry was promoted for this admission (insertion pin id=18, 5088 tokens, model gate); the tick program copies it
[worker] plain-affinity: declined (no checkpoint retained; 2 parked, 5122 prompt tokens; model gate)
[prefix-cache] hit: 5088 of 5122 prompt tokens from cache (model gate)
[spec-k] model="gate" tenant="" K=0 source=eligibility-fallback prompt=5122 cached=5088 lcp=5088 active=2 wave=2 placement=single-or-non-pp2
[prefix-cache] source lease released after restore fence (entry 5088 tokens, model gate)
[meter] admit id=cmpl-b5cf20152eb5da018350cfa8f70ad110 tenant=default lane=interactive model="gate"
[admission] request cost: model="gate" ctx=5185 path=plain = 29696 B/token x ctx + 1984MB prefill-workspace + 317MB fixed = 2455MB
[prefix-host] hit parked on a Demoting entry in its copy phase: request cmpl-b5cf20152eb5da018350cfa8f70ad110 (5120 tokens) hits the Demoting entry's 5120 tokens (ticket seq=37, submitted 98.9ms ago); the request waits for the publication (model gate)
[prefix-host] contracts door D2H receipt: ticket issuer=2 seq=37 epochs=0/1/1 items=32 (16 KV planes) complete=32 require=ok checksums_sha256=66b1c0c1a78cea56765e188199286365d766f92deedee1646b2a178e9da3d8f1 retired acknowledged; 96 f32 spans landed under the ticket and taken back before the retire; receipts on the copy stream (source digests, 239.49ms)
[prefix-host] demote copy complete off the tick: ticket seq=37 complete after 14 poll(s), 246.4ms from submission to completion (tick-top poll); items=128 (32 KV, 96 f32 spans); 98 heap payloads (157.9MB) handed to the hash helper; by slot class: conv 48 (5898240 B), ssm 48 (150994944 B), hidden 1 (0 B), logits 1 (993280 B); span receipt sealed on the copy stream (96 landed digests), required before the publication
[prefix-host] demote KV leases on the hash helper: ticket seq=37, 32 lease views (152.0MB) for the bind's re-hash
[prefix-host] demote: 5120 tokens, 310.0MB in 321.8ms (host resident 619.0MB / 8590MB, model gate)
[prefix-host] demote digests landed off the tick: ticket seq=37, 98 payloads (157.9MB) hashed in 32.6ms on the hash helper, landed after 3 poll(s) (tick-top poll); the owner thread held 37.87ms across the demote: pre-submit 25.96, copy settle 0.33 over 14 poll(s), hashing polls 0.05, take-back bind and publish 11.53; owner in-completion 37.54ms; wall 321.8ms t0 to publication; 1 hit(s) parked on the Hashing entry (14 re-park(s))
[prefix-host] demote helper split: ticket seq=37 copy 23.22 ms over 156.9 MB (minflt +19906), hash 60.85 ms (helper 32.6 ms); 8 threads
[prefix-host] demote publication split: ticket seq=37 bind 0.11 ms, reclaim 0.00 ms, insert 11.39 ms (twin: meta 0.00 ms, kv 11.35 ms over 16 leases, f32 0.02 ms over 96 payloads, rest 0.01 ms; 0 evicted in 0.00 ms), pause release 0.00 ms
[prefix-host] promote submitted off the tick: 5120 tokens, 308.9MB, ticket seq=38, 32 items on the contracts door's copy stream, 96 f32 spans filled on the copy stream (156.9MB); owner segment 0.57ms; request parked
[prefix-host] contracts door H2D receipt: ticket issuer=2 seq=38 epochs=0/1/1 items=32 (16 KV planes) complete=32 require=ok checksums_sha256=66b1c0c1a78cea56765e188199286365d766f92deedee1646b2a178e9da3d8f1 published retired acknowledged; 96 f32 spans landed under the ticket and taken back before the retire; 32 KV checksums on the hash helper (152.0MB in 14.9ms)
[prefix-cache] insert (host-promote): 5120 tokens, 308.9MB (resident 616.9MB / 470MB, model gate)
[prefix-cache] evict (LRU): 5088 tokens, 308.0MB (model gate)
[prefix-host] demote submitted off the tick: 5088 tokens, 309.0MB, ticket seq=39, 32 items on the contracts door's copy stream (model gate)
[prefix-host] demote pre-submit split: ticket seq=39 leases 29.45 ms (32 pinned, 151.1 MB, minflt +36896), register 0.22 ms, spans 0.20 ms, other 0.07 ms (pre-submit 29.94 ms)
[prefix-host] promote published off the tick: ticket complete after 2 poll(s), 26.0ms from submission to completion (tick-top poll); timeline from t0: submitted +0.23ms (tick 18152, its top -11.75ms); poll 1 at +13.41ms (tick 18153, its top +13.34ms) pending on sources+copies (the tick top); poll 2 at +26.25ms (tick 18154, its top +26.07ms) complete (the tick top); published +56.25ms (tick 18154, its top +26.07ms)
[prefix-host] promote: 5120 tokens, 308.9MB in 56.2ms (model gate)
[prefix-cache] restore not routed (contracts door): the entry was promoted for this admission (insertion pin id=19, 5120 tokens, model gate); the tick program copies it
[worker] plain-affinity: declined (no checkpoint retained; 2 parked, 5120 prompt tokens; model gate)
[prefix-cache] hit: 5120 of 5120 prompt tokens from cache (model gate)
[spec-k] model="gate" tenant="" K=0 source=eligibility-fallback prompt=5120 cached=5120 lcp=5120 active=2 wave=2 placement=single-or-non-pp2
[prefix-cache] source lease released after restore fence (entry 5120 tokens, model gate)
[prefix-host] contracts door D2H receipt: ticket issuer=2 seq=39 epochs=0/1/1 items=32 (16 KV planes) complete=32 require=ok checksums_sha256=b5f6629ec6ccee68ddf323ecfe16164aef909ff1ed869ef318622c50b8572232 retired acknowledged; 96 f32 spans landed under the ticket and taken back before the retire; receipts on the copy stream (source digests, 276.20ms)
[prefix-host] demote copy complete off the tick: ticket seq=39 complete after 23 poll(s), 292.4ms from submission to completion (tick-top poll); items=128 (32 KV, 96 f32 spans); 98 heap payloads (157.9MB) handed to the hash helper; by slot class: conv 48 (5898240 B), ssm 48 (150994944 B), hidden 1 (0 B), logits 1 (993280 B); span receipt sealed on the copy stream (96 landed digests), required before the publication
[prefix-host] demote KV leases on the hash helper: ticket seq=39, 32 lease views (151.1MB) for the bind's re-hash
[prefix-host] demote: 5088 tokens, 309.0MB in 371.2ms (host resident 619.0MB / 8590MB, model gate)
[prefix-host] demote digests landed off the tick: ticket seq=39, 98 payloads (157.9MB) hashed in 31.8ms on the hash helper, landed after 3 poll(s) (tick-top poll); the owner thread held 40.23ms across the demote: pre-submit 29.94, copy settle 0.41 over 23 poll(s), hashing polls 0.04, take-back bind and publish 9.84; owner in-completion 39.82ms; wall 371.2ms t0 to publication; 0 hit(s) parked on the Hashing entry (0 re-park(s))
[prefix-host] demote helper split: ticket seq=39 copy 22.14 ms over 156.9 MB (minflt +19922), hash 66.81 ms (helper 31.8 ms); 8 threads
[prefix-host] demote publication split: ticket seq=39 bind 0.11 ms, reclaim 0.00 ms, insert 9.70 ms (twin: meta 0.00 ms, kv 9.65 ms over 16 leases, f32 0.02 ms over 96 payloads, rest 0.02 ms; 0 evicted in 0.00 ms), pause release 0.00 ms
[meter] admit id=cmpl-30d840b17b5f84e5bf4082bca915432d tenant=default lane=interactive model="gate"
[admission] request cost: model="gate" ctx=240 path=plain = 29696 B/token x ctx + 8MB prefill-workspace + 317MB fixed = 332MB
[worker] plain-affinity: declined (no checkpoint retained; 2 parked, 16 prompt tokens; model gate)
[spec-k] model="gate" tenant="" K=0 source=eligibility-fallback prompt=16 cached=0 lcp=0 active=1 wave=1 placement=single-or-non-pp2
[meter] admit id=cmpl-a8cfaa2a5f10374226c13e0f2d14d918 tenant=default lane=interactive model="gate"
[worker] plain-affinity: declined (no checkpoint retained; 2 parked, 16 prompt tokens; model gate)
[spec-k] model="gate" tenant="" K=0 source=eligibility-fallback prompt=16 cached=0 lcp=0 active=1 wave=1 placement=single-or-non-pp2
[meter] admit id=cmpl-aeeeab12c4c36eb9fd436a20fb0bffe9 tenant=default lane=interactive model="gate"
[admission] request cost: model="gate" ctx=5187 path=plain = 29696 B/token x ctx + 1984MB prefill-workspace + 317MB fixed = 2455MB
[prefix-host] promote submitted off the tick: 5088 tokens, 308.0MB, ticket seq=40, 32 items on the contracts door's copy stream, 96 f32 spans filled on the copy stream (156.9MB); owner segment 0.54ms; request parked
[prefix-host] contracts door H2D receipt: ticket issuer=2 seq=40 epochs=0/1/1 items=32 (16 KV planes) complete=32 require=ok checksums_sha256=b5f6629ec6ccee68ddf323ecfe16164aef909ff1ed869ef318622c50b8572232 published retired acknowledged; 96 f32 spans landed under the ticket and taken back before the retire; 32 KV checksums on the hash helper (151.1MB in 16.0ms)
[prefix-cache] insert (host-promote): 5088 tokens, 308.0MB (resident 616.9MB / 470MB, model gate)
[prefix-cache] evict (LRU): 5120 tokens, 308.9MB (model gate)
[prefix-host] demote submitted off the tick: 5120 tokens, 310.0MB, ticket seq=41, 32 items on the contracts door's copy stream (model gate)
[prefix-host] demote pre-submit split: ticket seq=41 leases 26.27 ms (32 pinned, 152.0 MB, minflt +37120), register 0.21 ms, spans 0.20 ms, other 0.07 ms (pre-submit 26.74 ms)
[prefix-host] promote published off the tick: ticket complete after 2 poll(s), 25.2ms from submission to completion (tick-top poll); timeline from t0: submitted +0.23ms (tick 19513, its top -5.99ms); poll 1 at +12.85ms (tick 19514, its top +12.79ms) pending on sources+copies (the tick top); poll 2 at +25.39ms (tick 19515, its top +25.22ms) complete (the tick top); published +52.21ms (tick 19515, its top +25.22ms)
[prefix-host] promote: 5088 tokens, 308.0MB in 52.2ms (model gate)
[prefix-cache] restore not routed (contracts door): the entry was promoted for this admission (insertion pin id=20, 5088 tokens, model gate); the tick program copies it
[worker] plain-affinity: declined (no checkpoint retained; 2 parked, 5122 prompt tokens; model gate)
[prefix-cache] hit: 5088 of 5122 prompt tokens from cache (model gate)
[spec-k] model="gate" tenant="" K=0 source=eligibility-fallback prompt=5122 cached=5088 lcp=5088 active=2 wave=2 placement=single-or-non-pp2
[prefix-cache] source lease released after restore fence (entry 5088 tokens, model gate)
[meter] admit id=cmpl-9fa35372dce106853bfd8c3428c1d45f tenant=default lane=interactive model="gate"
[admission] request cost: model="gate" ctx=5185 path=plain = 29696 B/token x ctx + 1984MB prefill-workspace + 317MB fixed = 2455MB
[prefix-host] hit parked on a Demoting entry in its copy phase: request cmpl-9fa35372dce106853bfd8c3428c1d45f (5120 tokens) hits the Demoting entry's 5120 tokens (ticket seq=41, submitted 99.1ms ago); the request waits for the publication (model gate)
[prefix-host] contracts door D2H receipt: ticket issuer=2 seq=41 epochs=0/1/1 items=32 (16 KV planes) complete=32 require=ok checksums_sha256=66b1c0c1a78cea56765e188199286365d766f92deedee1646b2a178e9da3d8f1 retired acknowledged; 96 f32 spans landed under the ticket and taken back before the retire; receipts on the copy stream (source digests, 239.79ms)
[prefix-host] demote copy complete off the tick: ticket seq=41 complete after 14 poll(s), 246.7ms from submission to completion (tick-top poll); items=128 (32 KV, 96 f32 spans); 98 heap payloads (157.9MB) handed to the hash helper; by slot class: conv 48 (5898240 B), ssm 48 (150994944 B), hidden 1 (0 B), logits 1 (993280 B); span receipt sealed on the copy stream (96 landed digests), required before the publication
[prefix-host] demote KV leases on the hash helper: ticket seq=41, 32 lease views (152.0MB) for the bind's re-hash
[prefix-host] demote: 5120 tokens, 310.0MB in 328.6ms (host resident 619.0MB / 8590MB, model gate)
[prefix-host] demote digests landed off the tick: ticket seq=41, 98 payloads (157.9MB) hashed in 31.5ms on the hash helper, landed after 3 poll(s) (tick-top poll); the owner thread held 44.21ms across the demote: pre-submit 26.74, copy settle 0.33 over 14 poll(s), hashing polls 0.04, take-back bind and publish 17.11; owner in-completion 43.88ms; wall 328.6ms t0 to publication; 1 hit(s) parked on the Hashing entry (14 re-park(s))
[prefix-host] demote helper split: ticket seq=41 copy 24.68 ms over 156.9 MB (minflt +21152), hash 60.32 ms (helper 31.5 ms); 8 threads
[prefix-host] demote publication split: ticket seq=41 bind 0.11 ms, reclaim 0.00 ms, insert 16.96 ms (twin: meta 0.00 ms, kv 9.42 ms over 16 leases, f32 7.51 ms over 96 payloads, rest 0.02 ms; 0 evicted in 0.00 ms), pause release 0.00 ms
[prefix-host] promote submitted off the tick: 5120 tokens, 308.9MB, ticket seq=42, 32 items on the contracts door's copy stream, 96 f32 spans filled on the copy stream (156.9MB); owner segment 0.58ms; request parked
[prefix-host] contracts door H2D receipt: ticket issuer=2 seq=42 epochs=0/1/1 items=32 (16 KV planes) complete=32 require=ok checksums_sha256=66b1c0c1a78cea56765e188199286365d766f92deedee1646b2a178e9da3d8f1 published retired acknowledged; 96 f32 spans landed under the ticket and taken back before the retire; 32 KV checksums on the hash helper (152.0MB in 13.1ms)
[prefix-cache] insert (host-promote): 5120 tokens, 308.9MB (resident 616.9MB / 470MB, model gate)
[prefix-cache] evict (LRU): 5088 tokens, 308.0MB (model gate)
[prefix-host] demote submitted off the tick: 5088 tokens, 309.0MB, ticket seq=43, 32 items on the contracts door's copy stream (model gate)
[prefix-host] demote pre-submit split: ticket seq=43 leases 25.77 ms (32 pinned, 151.1 MB, minflt +36896), register 0.22 ms, spans 0.20 ms, other 0.07 ms (pre-submit 26.26 ms)
[prefix-host] promote published off the tick: ticket complete after 2 poll(s), 26.0ms from submission to completion (tick-top poll); timeline from t0: submitted +0.24ms (tick 19532, its top -17.34ms); poll 1 at +13.42ms (tick 19533, its top +13.35ms) pending on sources+copies (the tick top); poll 2 at +26.26ms (tick 19534, its top +26.06ms) complete (the tick top); published +52.59ms (tick 19534, its top +26.06ms)
[prefix-host] promote: 5120 tokens, 308.9MB in 52.6ms (model gate)
[prefix-cache] restore not routed (contracts door): the entry was promoted for this admission (insertion pin id=21, 5120 tokens, model gate); the tick program copies it
[worker] plain-affinity: declined (no checkpoint retained; 2 parked, 5120 prompt tokens; model gate)
[prefix-cache] hit: 5120 of 5120 prompt tokens from cache (model gate)
[spec-k] model="gate" tenant="" K=0 source=eligibility-fallback prompt=5120 cached=5120 lcp=5120 active=2 wave=2 placement=single-or-non-pp2
[prefix-cache] source lease released after restore fence (entry 5120 tokens, model gate)
[prefix-host] contracts door D2H receipt: ticket issuer=2 seq=43 epochs=0/1/1 items=32 (16 KV planes) complete=32 require=ok checksums_sha256=b5f6629ec6ccee68ddf323ecfe16164aef909ff1ed869ef318622c50b8572232 retired acknowledged; 96 f32 spans landed under the ticket and taken back before the retire; receipts on the copy stream (source digests, 276.53ms)
[prefix-host] demote copy complete off the tick: ticket seq=43 complete after 23 poll(s), 292.5ms from submission to completion (tick-top poll); items=128 (32 KV, 96 f32 spans); 98 heap payloads (157.9MB) handed to the hash helper; by slot class: conv 48 (5898240 B), ssm 48 (150994944 B), hidden 1 (0 B), logits 1 (993280 B); span receipt sealed on the copy stream (96 landed digests), required before the publication
[prefix-host] demote KV leases on the hash helper: ticket seq=43, 32 lease views (151.1MB) for the bind's re-hash
[prefix-host] demote: 5088 tokens, 309.0MB in 369.3ms (host resident 619.0MB / 8590MB, model gate)
[prefix-host] demote digests landed off the tick: ticket seq=43, 98 payloads (157.9MB) hashed in 32.4ms on the hash helper, landed after 3 poll(s) (tick-top poll); the owner thread held 38.16ms across the demote: pre-submit 26.26, copy settle 0.42 over 23 poll(s), hashing polls 0.04, take-back bind and publish 11.44; owner in-completion 37.75ms; wall 369.3ms t0 to publication; 0 hit(s) parked on the Hashing entry (0 re-park(s))
[prefix-host] demote helper split: ticket seq=43 copy 23.68 ms over 156.9 MB (minflt +16231), hash 61.45 ms (helper 32.4 ms); 8 threads
[prefix-host] demote publication split: ticket seq=43 bind 0.11 ms, reclaim 0.00 ms, insert 11.30 ms (twin: meta 0.00 ms, kv 11.26 ms over 16 leases, f32 0.02 ms over 96 payloads, rest 0.01 ms; 0 evicted in 0.00 ms), pause release 0.00 ms
[meter] admit id=cmpl-dd65c7bb9f3a8708911e6e51d0e293d7 tenant=default lane=interactive model="gate"
[admission] request cost: model="gate" ctx=240 path=plain = 29696 B/token x ctx + 8MB prefill-workspace + 317MB fixed = 332MB
[worker] plain-affinity: declined (no checkpoint retained; 2 parked, 16 prompt tokens; model gate)
[spec-k] model="gate" tenant="" K=0 source=eligibility-fallback prompt=16 cached=0 lcp=0 active=1 wave=1 placement=single-or-non-pp2
[server] SIGTERM: draining (0 in flight, deadline 30s)
[server] drain complete in 0.0s; exiting
[prefix-host] hash helper joined (shutdown)
[server] GPU worker shutdown complete
