[server] build: memra-0.138.0-08f327ae022a (id: source-tree, git: 50fdbcfaf57e)
[server] starting; models config = [("gate", "/root/artifacts/Qwen3.8-27B-NVFP4-Q5K-mtp.gguf", None)]
[gpu-watch] Xid source: journalctl -k -f (/dev/kmsg unreadable — kernel.dmesg_restrict)
[worker-affinity] off (MEMRA_WORKER_CPUSET / MEMRA_WORKER_AFFINITY unset or =0)
[gpu-watch] on: every 60s, probe deadline 10s, fatal after 3 consecutive misses (MEMRA_GPU_PROBE_MISSES), fatal Xid [48, 64, 79, 94, 95, 119, 120]
[worker] Engine ready (device=0, MEMRA_FAST=true)
[spec-gate] policy placement=single-or-non-pp2 LOW=2 HIGH=4 source=placement-default spec-admission=on
[spec-k] automatic table: prompt<1024 -> K=3; cold-long -> K=3; prompt>= 1024 and cached>= 1024 -> K=2 (K=5 when the loaded MTP head is rank-trimmed)
[worker] loading model "gate" <- /root/artifacts/Qwen3.8-27B-NVFP4-Q5K-mtp.gguf
[tensor-contract] bound 866 semantic tensors (pack qwen35, Gguf, output head Separate); every census tensor is claimed and every required tensor is present with its declared shape and storage
[worker]   loaded "gate": 65 layers, eos=248046, stop=[248046]
[worker] gate: template caps tools=true think=true think_switch=true chat_ok=true effort_levels=false qwen_effort=true gemma_think=false dsv4=false glm5=false ctx=262144 tok="qwen35" instruct=Some("chatml") chat_defaults=None/None
[route-contract] model="gate" route=hybrid-worker capacity=4 sessions implemented=[capacity,occupancy,progress,fault-ownership,shutdown-ownership,memory-cost,rewrite-qualification,prime-fairness,service-metrics] refused=[]
[worker] gate: decode wave cap 16; scheduler tick cap 16 (exact-16 tier)
[prefix-host] contracts door: model gate program identity artifact_sha256=1facf36c2db359dcf9c2475cf8f85fe84a528d10aaaaff20f7c0db3d561e024a plan_debug_sha256=8fc1154223424f168e69fdf10f4befec7a9af75544e385bb773759954ff427e5 numeric=server-prefix-entry-v5-kv-q8_0-34B-q5_1-24B template=gguf-jinja device=0 (6049ms to hash /root/artifacts/Qwen3.8-27B-NVFP4-Q5K-mtp.gguf)
[prefix-host] contracts door: model gate draft program identity source=embedded numeric=server-prefix-entry-v5-kv-q8_0-34B-q5_1-24B+mtp-draft-kv-q8_0-34B-q5_1-24B (0ms)
[prefix-host] contracts door: D2H demotes and H2D promotes ride the transfer engine's copy stream and publish at the tick top (memra#536 Move 1)
[prefix-host] contracts door: span staging set allocated at boot: 96 buffers, 156.9 MB in 28.6 ms
[prefix-host] contracts door ON (MEMRA_KV_HOST_CONTRACTS=1): 1 model program identities, tenant salt per pool namespace, server governor ledger pinned/pageable 17180MB device 1409MB in-flight 390; host tier armed; KV plane D2H through the transfer engine on the pageable tier (Option B); KV plane H2D through the same engine on promote (Option C)
[prefix-host] on: budget 8590MB pinned cacheable host RAM (MEMRA_KV_HOST_MB, startup budget policy), plain byte-LRU, demote on device capacity eviction, promote on exact-prefix probe; verify=off (MEMRA_KV_HOST_VERIFY); tenant share cap 50% = 4295MB (MEMRA_KV_HOST_TENANT_PCT)
[prefix-cache] on: budget 470MB (469762048 B, configured by MEMRA_PREFIX_CACHE_MB), policy plain-LRU (global oldest unleased entry first; leases untouchable), min prefix 64 tokens, immediate partial restore=off (rollback) (transformer-only; hybrid mid-entry + routed-MoE N/A)
[admission] "gate": plain 29696 B/token, spec 31552 B/token; fixed residual learns from effective-free deltas
[admit-cal] boot calibration skipped: spec serving disabled (static floor; the plain transient class is chunk-bounded)
[admit-mem] door=OFF open_output_tokens=8192 defer_budget_ms=8000 (admission charges prompt+output, the reclaim flush demotes to the host tier before dropping, and a memory defer past the budget refuses 429 instead of queueing past the client's deadline)
[server] worker ready; serving models: ["gate"]
[server] listening on http://127.0.0.1:18137
[meter] admit id=cmpl-97fce409143ccdea0496536b4397fd62 tenant=default lane=interactive model="gate"
[admission] request cost: model="gate" ctx=5187 path=plain = 29696 B/token x ctx + 1984MB prefill-workspace + 0MB fixed = 2138MB
[spec-k] model="gate" tenant="" K=0 source=eligibility-fallback prompt=5122 cached=0 lcp=0 active=1 wave=1 placement=single-or-non-pp2
[admission] fixed residual high-water: model="gate" 317MB (observed 470MB at ctx 5131 path=plain)
[prefix-cache] capture submitted off the tick (seed): 5088 tokens, 32 planes (308.0MB) on the contracts door's copy stream; recurrent state cloned at the boundary on the owner stream
[fa-pool] grow #0 dev=0 o_len 0 -> 497664 ml_len 0 -> 1944 (retired kept, zero=false)
[prefix-cache] contracts door D2D capture receipt: ticket issuer=2 seq=1 epochs=0/1/1 items=32 bytes=151093248 source_digests_sha256=555691ac72aa4f42624e8aa3f6deb57fc46ca759e92500a2151bac5146df9a69 destination_digests_sha256=555691ac72aa4f42624e8aa3f6deb57fc46ca759e92500a2151bac5146df9a69 require=ok
[prefix-cache] capture published off the tick (seed): 5088 tokens complete after 2 poll(s), 78.4ms from submission to completion, 78.4ms to publication (tick-top poll; the settle held the owner thread 0.08ms, entered 78.3ms after submission; copy stream in flight at submission: none)
[prefix-cache] insert (seed): 5088 tokens, 308.0MB (resident 308.0MB / 470MB, model gate)
[meter] admit id=cmpl-a48ac266b110e8b058ff1f22d4d13cf7 tenant=default lane=interactive model="gate"
[admission] request cost: model="gate" ctx=5185 path=plain = 29696 B/token x ctx + 1984MB prefill-workspace + 317MB fixed = 2455MB
[worker] plain-affinity: declined (no checkpoint retained; 1 parked, 5120 prompt tokens; model gate)
[spec-k] model="gate" tenant="" K=0 source=eligibility-fallback prompt=5120 cached=0 lcp=5 active=1 wave=1 placement=single-or-non-pp2
[prefix-cache] evict (snapshot preflight, LRU): 5088 tokens, 308.0MB (model gate)
[prefix-host] demote submitted off the tick: 5088 tokens, 309.0MB, ticket seq=2, 32 items on the contracts door's copy stream (model gate)
[prefix-host] demote pre-submit split: ticket seq=2 leases 29.87 ms (32 pinned, pooled 0 of 32, 151.1 MB, minflt +40960), register 0.16 ms, spans 0.17 ms, other 0.05 ms (pre-submit 30.24 ms)
[prefix-cache] capture submitted off the tick (seed): 5120 tokens, 32 planes (308.9MB) on the contracts door's copy stream; recurrent state cloned at the boundary on the owner stream
[meter] admit id=cmpl-5d652a2a3518075bba2acf20b2431df8 tenant=default lane=interactive model="gate"
[prefix-cache] contracts door D2D capture receipt: ticket issuer=2 seq=3 epochs=0/1/1 items=32 bytes=152043520 source_digests_sha256=5c61e7fde12ab34db31fdbb908e3078d255ebbb50c4782946bc5409f8778e497 destination_digests_sha256=5c61e7fde12ab34db31fdbb908e3078d255ebbb50c4782946bc5409f8778e497 require=ok
[prefix-cache] capture published off the tick (seed): 5120 tokens complete after 2 poll(s), 175.0ms from submission to completion, 175.0ms to publication (settled synchronously by a session retire (source retiring: yes); the settle held the owner thread 162.78ms, entered 12.2ms after submission; copy stream in flight at submission: demote)
[prefix-cache] insert (seed): 5120 tokens, 308.9MB (resident 308.9MB / 470MB, model gate)
[prefix-host] contracts door D2H receipt: ticket issuer=2 seq=2 epochs=0/1/1 items=32 (16 KV planes) complete=32 require=ok checksums_sha256=b5f6629ec6ccee68ddf323ecfe16164aef909ff1ed869ef318622c50b8572232 retired acknowledged; 96 f32 spans landed under the ticket and taken back before the retire; receipts on the copy stream (source digests, 169.21ms)
[prefix-host] demote copy complete off the tick: ticket seq=2 complete after 2 poll(s), 176.0ms from submission to completion (tick-top poll); items=128 (32 KV, 96 f32 spans); 98 heap payloads (157.9MB) handed to the hash helper; by slot class: conv 48 (5898240 B), ssm 48 (150994944 B), hidden 1 (0 B), logits 1 (993280 B); span receipt sealed on the copy stream (96 landed digests), required before the publication
[prefix-host] demote KV leases on the hash helper: ticket seq=2, 32 lease views (151.1MB) for the bind's re-hash
[admission] request cost: model="gate" ctx=240 path=plain = 29696 B/token x ctx + 8MB prefill-workspace + 317MB fixed = 332MB
[worker] plain-affinity: declined (no checkpoint retained; 2 parked, 16 prompt tokens; model gate)
[spec-k] model="gate" tenant="" K=0 source=eligibility-fallback prompt=16 cached=0 lcp=0 active=1 wave=1 placement=single-or-non-pp2
[prefix-host] demote: 5088 tokens, 309.0MB in 352.7ms (host resident 309.0MB / 8590MB, model gate)
[prefix-host] demote digests landed off the tick: ticket seq=2, 98 payloads (157.9MB) hashed in 144.4ms on the hash helper, landed after 574 poll(s) (tick-top poll); the owner thread held 30.71ms across the demote: pre-submit 30.24, copy settle 0.17 over 2 poll(s), hashing polls 0.16, take-back bind and publish 0.14; owner in-completion 30.54ms; wall 352.8ms t0 to publication; 0 hit(s) parked on the Hashing entry (0 re-park(s))
[prefix-host] demote helper split: ticket seq=2 copy 27.16 ms over 156.9 MB (minflt +38307), hash 60.82 ms (helper 144.4 ms)
[prefix-host] demote publication split: ticket seq=2 bind 0.11 ms, reclaim 0.00 ms, insert 0.00 ms (twin: meta 0.00 ms, kv 0.00 ms over 0 leases, f32 0.00 ms over 0 payloads, rest 0.00 ms; 0 evicted in 0.00 ms), pause release 0.00 ms
[meter] admit id=cmpl-21b23a540fc480c0e6986bdcc3a1e343 tenant=default lane=interactive model="gate"
[worker] plain-affinity: declined (no checkpoint retained; 2 parked, 16 prompt tokens; model gate)
[spec-k] model="gate" tenant="" K=0 source=eligibility-fallback prompt=16 cached=0 lcp=0 active=1 wave=1 placement=single-or-non-pp2
[meter] admit id=cmpl-3298701f68c1c449e1a462a85a5c2b1c tenant=default lane=interactive model="gate"
[admission] request cost: model="gate" ctx=5187 path=plain = 29696 B/token x ctx + 1984MB prefill-workspace + 317MB fixed = 2455MB
[prefix-host] promote submitted off the tick: 5088 tokens, 308.0MB, ticket seq=4, 32 items on the contracts door's copy stream, 96 f32 spans filled on the copy stream (156.9MB); owner segment 0.63ms; request parked
[prefix-host] contracts door H2D receipt: ticket issuer=2 seq=4 epochs=0/1/1 items=32 (16 KV planes) complete=32 require=ok checksums_sha256=b5f6629ec6ccee68ddf323ecfe16164aef909ff1ed869ef318622c50b8572232 published retired acknowledged; 96 f32 spans landed under the ticket and taken back before the retire (span receipt: fill 8.97 ms, copies 3.32 ms, digests 0.97 ms); 32 KV checksums on the hash helper (151.1MB in 56.5ms)
[prefix-cache] insert (host-promote): 5088 tokens, 308.0MB (resident 616.9MB / 470MB, model gate)
[prefix-cache] evict (LRU): 5120 tokens, 308.9MB (model gate)
[prefix-host] demote submitted off the tick: 5120 tokens, 310.0MB, ticket seq=5, 32 items on the contracts door's copy stream (model gate)
[prefix-host] demote pre-submit split: ticket seq=5 leases 29.34 ms (32 pinned, pooled 0 of 32, 152.0 MB, minflt +40960), register 0.17 ms, spans 0.18 ms, other 0.05 ms (pre-submit 29.73 ms)
[prefix-host] promote published off the tick: ticket complete after 5 poll(s), 61.7ms from submission to completion (tick-top poll); timeline from t0: submitted +0.22ms (tick 7660, its top -6.02ms); poll 1 at +12.93ms (tick 7661, its top +12.88ms) pending on sources+copies (the tick top); poll 2 at +25.29ms (tick 7662, its top +25.27ms) pending on sources (the tick top); poll 3 at +37.43ms (tick 7663, its top +37.41ms) pending on sources (the tick top); poll 4 at +49.58ms (tick 7664, its top +49.57ms) pending on sources (the tick top); poll 5 at +61.90ms (tick 7665, its top +61.73ms) complete (the tick top); published +91.69ms (tick 7665, its top +61.73ms)
[prefix-host] promote: 5088 tokens, 308.0MB in 91.7ms (model gate)
[prefix-cache] restore not routed (contracts door): the entry was promoted for this admission (insertion pin id=2, 5088 tokens, model gate); the tick program copies it
[worker] plain-affinity: declined (no checkpoint retained; 2 parked, 5122 prompt tokens; model gate)
[prefix-cache] hit: 5088 of 5122 prompt tokens from cache (model gate)
[spec-k] model="gate" tenant="" K=0 source=eligibility-fallback prompt=5122 cached=5088 lcp=5088 active=2 wave=2 placement=single-or-non-pp2
[prefix-cache] source lease released after restore fence (entry 5088 tokens, model gate)
[prefix-host] contracts door D2H receipt: ticket issuer=2 seq=5 epochs=0/1/1 items=32 (16 KV planes) complete=32 require=ok checksums_sha256=66b1c0c1a78cea56765e188199286365d766f92deedee1646b2a178e9da3d8f1 retired acknowledged; 96 f32 spans landed under the ticket and taken back before the retire; receipts on the copy stream (source digests, 165.45ms)
[prefix-host] demote copy complete off the tick: ticket seq=5 complete after 1 poll(s), 251.2ms from submission to completion (tick-top poll); items=128 (32 KV, 96 f32 spans); 98 heap payloads (157.9MB) handed to the hash helper; by slot class: conv 48 (5898240 B), ssm 48 (150994944 B), hidden 1 (0 B), logits 1 (993280 B); span receipt sealed on the copy stream (96 landed digests), required before the publication
[prefix-host] demote KV leases on the hash helper: ticket seq=5, 32 lease views (152.0MB) for the bind's re-hash
[meter] admit id=cmpl-46da66cf6d3b6d8116332208827e5591 tenant=default lane=interactive model="gate"
[admission] request cost: model="gate" ctx=5185 path=plain = 29696 B/token x ctx + 1984MB prefill-workspace + 317MB fixed = 2455MB
[prefix-host] hit parked on a Hashing entry: request cmpl-46da66cf6d3b6d8116332208827e5591 (5120 tokens) hits the Demoting entry's 5120 tokens (ticket seq=5, 98 payloads, 157.9MB on the hash helper for 19.0ms); the request waits one tick for the digests (model gate)
[prefix-host] demote: 5120 tokens, 310.0MB in 422.8ms (host resident 619.0MB / 8590MB, model gate)
[prefix-host] demote digests landed off the tick: ticket seq=5, 98 payloads (157.9MB) hashed in 139.4ms on the hash helper, landed after 11 poll(s) (tick-top poll); the owner thread held 30.08ms across the demote: pre-submit 29.73, copy settle 0.17 over 1 poll(s), hashing polls 0.04, take-back bind and publish 0.14; owner in-completion 29.91ms; wall 422.8ms t0 to publication; 1 hit(s) parked on the Hashing entry (9 re-park(s))
[prefix-host] demote helper split: ticket seq=5 copy 24.79 ms over 156.9 MB (minflt +38306), hash 58.48 ms (helper 139.4 ms)
[prefix-host] demote publication split: ticket seq=5 bind 0.11 ms, reclaim 0.00 ms, insert 0.00 ms (twin: meta 0.00 ms, kv 0.00 ms over 0 leases, f32 0.00 ms over 0 payloads, rest 0.00 ms; 0 evicted in 0.00 ms), pause release 0.00 ms
[prefix-host] promote submitted off the tick: 5120 tokens, 308.9MB, ticket seq=6, 32 items on the contracts door's copy stream, 96 f32 spans filled on the copy stream (156.9MB); owner segment 0.56ms; request parked
[prefix-host] contracts door H2D receipt: ticket issuer=2 seq=6 epochs=0/1/1 items=32 (16 KV planes) complete=32 require=ok checksums_sha256=66b1c0c1a78cea56765e188199286365d766f92deedee1646b2a178e9da3d8f1 published retired acknowledged; 96 f32 spans landed under the ticket and taken back before the retire (span receipt: fill 8.50 ms, copies 3.29 ms, digests 0.93 ms); 32 KV checksums on the hash helper (152.0MB in 56.8ms)
[prefix-cache] insert (host-promote): 5120 tokens, 308.9MB (resident 616.9MB / 470MB, model gate)
[prefix-cache] evict (LRU): 5088 tokens, 308.0MB (model gate)
[prefix-host] demote submitted off the tick: 5088 tokens, 309.0MB, ticket seq=7, 32 items on the contracts door's copy stream (model gate)
[prefix-host] demote pre-submit split: ticket seq=7 leases 27.60 ms (32 pinned, pooled 0 of 32, 151.1 MB, minflt +40960), register 0.16 ms, spans 0.17 ms, other 0.05 ms (pre-submit 27.99 ms)
[prefix-host] promote published off the tick: ticket complete after 5 poll(s), 63.0ms from submission to completion (tick-top poll); timeline from t0: submitted +0.24ms (tick 7677, its top -0.31ms); poll 1 at +13.21ms (tick 7678, its top +13.17ms) pending on sources+copies (the tick top); poll 2 at +25.73ms (tick 7679, its top +25.71ms) pending on sources (the tick top); poll 3 at +38.15ms (tick 7680, its top +38.14ms) pending on sources (the tick top); poll 4 at +50.62ms (tick 7681, its top +50.60ms) pending on sources (the tick top); poll 5 at +63.20ms (tick 7682, its top +63.03ms) complete (the tick top); published +91.25ms (tick 7682, its top +63.03ms)
[prefix-host] promote: 5120 tokens, 308.9MB in 91.3ms (model gate)
[prefix-cache] restore not routed (contracts door): the entry was promoted for this admission (insertion pin id=3, 5120 tokens, model gate); the tick program copies it
[worker] plain-affinity: declined (no checkpoint retained; 2 parked, 5120 prompt tokens; model gate)
[prefix-cache] hit: 5120 of 5120 prompt tokens from cache (model gate)
[spec-k] model="gate" tenant="" K=0 source=eligibility-fallback prompt=5120 cached=5120 lcp=5120 active=2 wave=2 placement=single-or-non-pp2
[prefix-cache] source lease released after restore fence (entry 5120 tokens, model gate)
[prefix-host] contracts door D2H receipt: ticket issuer=2 seq=7 epochs=0/1/1 items=32 (16 KV planes) complete=32 require=ok checksums_sha256=b5f6629ec6ccee68ddf323ecfe16164aef909ff1ed869ef318622c50b8572232 retired acknowledged; 96 f32 spans landed under the ticket and taken back before the retire; receipts on the copy stream (source digests, 275.56ms)
[prefix-host] demote copy complete off the tick: ticket seq=7 complete after 23 poll(s), 292.3ms from submission to completion (tick-top poll); items=128 (32 KV, 96 f32 spans); 98 heap payloads (157.9MB) handed to the hash helper; by slot class: conv 48 (5898240 B), ssm 48 (150994944 B), hidden 1 (0 B), logits 1 (993280 B); span receipt sealed on the copy stream (96 landed digests), required before the publication
[prefix-host] demote KV leases on the hash helper: ticket seq=7, 32 lease views (151.1MB) for the bind's re-hash
[prefix-host] demote: 5088 tokens, 309.0MB in 460.8ms (host resident 619.0MB / 8590MB, model gate)
[prefix-host] demote digests landed off the tick: ticket seq=7, 98 payloads (157.9MB) hashed in 138.5ms on the hash helper, landed after 11 poll(s) (tick-top poll); the owner thread held 28.63ms across the demote: pre-submit 27.99, copy settle 0.39 over 23 poll(s), hashing polls 0.04, take-back bind and publish 0.20; owner in-completion 28.24ms; wall 460.8ms t0 to publication; 0 hit(s) parked on the Hashing entry (0 re-park(s))
[prefix-host] demote helper split: ticket seq=7 copy 24.07 ms over 156.9 MB (minflt +38307), hash 58.65 ms (helper 138.5 ms)
[prefix-host] demote publication split: ticket seq=7 bind 0.11 ms, reclaim 0.00 ms, insert 0.07 ms (twin: meta 0.00 ms, kv 0.05 ms over 16 leases, f32 0.01 ms over 96 payloads, rest 0.00 ms; 0 evicted in 0.00 ms), pause release 0.00 ms
[meter] admit id=cmpl-c8ce2483f431eaab1b5d227bcfe124b1 tenant=default lane=interactive model="gate"
[admission] request cost: model="gate" ctx=240 path=plain = 29696 B/token x ctx + 8MB prefill-workspace + 317MB fixed = 332MB
[worker] plain-affinity: declined (no checkpoint retained; 2 parked, 16 prompt tokens; model gate)
[spec-k] model="gate" tenant="" K=0 source=eligibility-fallback prompt=16 cached=0 lcp=0 active=1 wave=1 placement=single-or-non-pp2
[meter] admit id=cmpl-49a3f025d21247500890d6048df6334f tenant=default lane=interactive model="gate"
[worker] plain-affinity: declined (no checkpoint retained; 2 parked, 16 prompt tokens; model gate)
[spec-k] model="gate" tenant="" K=0 source=eligibility-fallback prompt=16 cached=0 lcp=0 active=1 wave=1 placement=single-or-non-pp2
[meter] admit id=cmpl-7bae952f82a643b9b1d07c29876bcac7 tenant=default lane=interactive model="gate"
[admission] request cost: model="gate" ctx=5187 path=plain = 29696 B/token x ctx + 1984MB prefill-workspace + 317MB fixed = 2455MB
[prefix-host] promote submitted off the tick: 5088 tokens, 308.0MB, ticket seq=8, 32 items on the contracts door's copy stream, 96 f32 spans filled on the copy stream (156.9MB); owner segment 0.56ms; request parked
[prefix-host] contracts door H2D receipt: ticket issuer=2 seq=8 epochs=0/1/1 items=32 (16 KV planes) complete=32 require=ok checksums_sha256=b5f6629ec6ccee68ddf323ecfe16164aef909ff1ed869ef318622c50b8572232 published retired acknowledged; 96 f32 spans landed under the ticket and taken back before the retire (span receipt: fill 8.89 ms, copies 3.31 ms, digests 0.96 ms); 32 KV checksums on the hash helper (151.1MB in 56.2ms)
[prefix-cache] insert (host-promote): 5088 tokens, 308.0MB (resident 616.9MB / 470MB, model gate)
[prefix-cache] evict (LRU): 5120 tokens, 308.9MB (model gate)
[prefix-host] demote submitted off the tick: 5120 tokens, 310.0MB, ticket seq=9, 32 items on the contracts door's copy stream (model gate)
[prefix-host] demote pre-submit split: ticket seq=9 leases 0.03 ms (32 pinned, pooled 32 of 32, 152.0 MB, minflt +0), register 0.16 ms, spans 0.18 ms, other 0.05 ms (pre-submit 0.42 ms)
[prefix-host] promote published off the tick: ticket complete after 5 poll(s), 61.6ms from submission to completion (tick-top poll); timeline from t0: submitted +0.23ms (tick 9141, its top -5.88ms); poll 1 at +12.85ms (tick 9142, its top +12.82ms) pending on sources+copies (the tick top); poll 2 at +25.21ms (tick 9143, its top +25.19ms) pending on sources (the tick top); poll 3 at +37.35ms (tick 9144, its top +37.33ms) pending on sources (the tick top); poll 4 at +49.51ms (tick 9145, its top +49.49ms) pending on sources (the tick top); poll 5 at +61.85ms (tick 9146, its top +61.67ms) complete (the tick top); published +62.32ms (tick 9146, its top +61.67ms)
[prefix-host] promote: 5088 tokens, 308.0MB in 62.3ms (model gate)
[prefix-cache] restore not routed (contracts door): the entry was promoted for this admission (insertion pin id=4, 5088 tokens, model gate); the tick program copies it
[worker] plain-affinity: declined (no checkpoint retained; 2 parked, 5122 prompt tokens; model gate)
[prefix-cache] hit: 5088 of 5122 prompt tokens from cache (model gate)
[spec-k] model="gate" tenant="" K=0 source=eligibility-fallback prompt=5122 cached=5088 lcp=5088 active=2 wave=2 placement=single-or-non-pp2
[prefix-cache] source lease released after restore fence (entry 5088 tokens, model gate)
[meter] admit id=cmpl-ef98745f7e812ffff63ec3763347d8ed tenant=default lane=interactive model="gate"
[admission] request cost: model="gate" ctx=5185 path=plain = 29696 B/token x ctx + 1984MB prefill-workspace + 317MB fixed = 2455MB
[prefix-host] hit parked on a Demoting entry in its copy phase: request cmpl-ef98745f7e812ffff63ec3763347d8ed (5120 tokens) hits the Demoting entry's 5120 tokens (ticket seq=9, submitted 98.5ms ago); the request waits for the publication (model gate)
[prefix-host] contracts door D2H receipt: ticket issuer=2 seq=9 epochs=0/1/1 items=32 (16 KV planes) complete=32 require=ok checksums_sha256=66b1c0c1a78cea56765e188199286365d766f92deedee1646b2a178e9da3d8f1 retired acknowledged; 96 f32 spans landed under the ticket and taken back before the retire; receipts on the copy stream (source digests, 239.09ms)
[prefix-host] demote copy complete off the tick: ticket seq=9 complete after 14 poll(s), 246.3ms from submission to completion (tick-top poll); items=128 (32 KV, 96 f32 spans); 98 heap payloads (157.9MB) handed to the hash helper; by slot class: conv 48 (5898240 B), ssm 48 (150994944 B), hidden 1 (0 B), logits 1 (993280 B); span receipt sealed on the copy stream (96 landed digests), required before the publication
[prefix-host] demote KV leases on the hash helper: ticket seq=9, 32 lease views (152.0MB) for the bind's re-hash
[prefix-host] demote: 5120 tokens, 310.0MB in 372.1ms (host resident 619.0MB / 8590MB, model gate)
[prefix-host] demote digests landed off the tick: ticket seq=9, 98 payloads (157.9MB) hashed in 123.0ms on the hash helper, landed after 10 poll(s) (tick-top poll); the owner thread held 1.00ms across the demote: pre-submit 0.42, copy settle 0.33 over 14 poll(s), hashing polls 0.04, take-back bind and publish 0.21; owner in-completion 0.67ms; wall 372.1ms t0 to publication; 1 hit(s) parked on the Hashing entry (21 re-park(s))
[prefix-host] demote helper split: ticket seq=9 copy 8.16 ms over 156.9 MB (minflt +768), hash 58.76 ms (helper 123.0 ms)
[prefix-host] demote publication split: ticket seq=9 bind 0.11 ms, reclaim 0.00 ms, insert 0.07 ms (twin: meta 0.00 ms, kv 0.05 ms over 16 leases, f32 0.01 ms over 96 payloads, rest 0.00 ms; 0 evicted in 0.00 ms), pause release 0.00 ms
[prefix-host] promote submitted off the tick: 5120 tokens, 308.9MB, ticket seq=10, 32 items on the contracts door's copy stream, 96 f32 spans filled on the copy stream (156.9MB); owner segment 0.57ms; request parked
[prefix-host] contracts door H2D receipt: ticket issuer=2 seq=10 epochs=0/1/1 items=32 (16 KV planes) complete=32 require=ok checksums_sha256=66b1c0c1a78cea56765e188199286365d766f92deedee1646b2a178e9da3d8f1 published retired acknowledged; 96 f32 spans landed under the ticket and taken back before the retire (span receipt: fill 8.49 ms, copies 3.31 ms, digests 0.97 ms); 32 KV checksums on the hash helper (152.0MB in 56.8ms)
[prefix-cache] insert (host-promote): 5120 tokens, 308.9MB (resident 616.9MB / 470MB, model gate)
[prefix-cache] evict (LRU): 5088 tokens, 308.0MB (model gate)
[prefix-host] demote submitted off the tick: 5088 tokens, 309.0MB, ticket seq=11, 32 items on the contracts door's copy stream (model gate)
[prefix-host] demote pre-submit split: ticket seq=11 leases 0.03 ms (32 pinned, pooled 32 of 32, 151.1 MB, minflt +0), register 0.16 ms, spans 0.18 ms, other 0.05 ms (pre-submit 0.43 ms)
[prefix-host] promote published off the tick: ticket complete after 5 poll(s), 64.0ms from submission to completion (tick-top poll); timeline from t0: submitted +0.24ms (tick 9170, its top -0.39ms); poll 1 at +13.50ms (tick 9171, its top +13.46ms) pending on sources+copies (the tick top); poll 2 at +26.22ms (tick 9172, its top +26.20ms) pending on sources (the tick top); poll 3 at +38.83ms (tick 9173, its top +38.81ms) pending on sources (the tick top); poll 4 at +51.44ms (tick 9174, its top +51.42ms) pending on sources (the tick top); poll 5 at +64.23ms (tick 9175, its top +64.04ms) complete (the tick top); published +64.71ms (tick 9175, its top +64.04ms)
[prefix-host] promote: 5120 tokens, 308.9MB in 64.7ms (model gate)
[prefix-cache] restore not routed (contracts door): the entry was promoted for this admission (insertion pin id=5, 5120 tokens, model gate); the tick program copies it
[worker] plain-affinity: declined (no checkpoint retained; 2 parked, 5120 prompt tokens; model gate)
[prefix-cache] hit: 5120 of 5120 prompt tokens from cache (model gate)
[spec-k] model="gate" tenant="" K=0 source=eligibility-fallback prompt=5120 cached=5120 lcp=5120 active=2 wave=2 placement=single-or-non-pp2
[prefix-cache] source lease released after restore fence (entry 5120 tokens, model gate)
[prefix-host] contracts door D2H receipt: ticket issuer=2 seq=11 epochs=0/1/1 items=32 (16 KV planes) complete=32 require=ok checksums_sha256=b5f6629ec6ccee68ddf323ecfe16164aef909ff1ed869ef318622c50b8572232 retired acknowledged; 96 f32 spans landed under the ticket and taken back before the retire; receipts on the copy stream (source digests, 273.17ms)
[prefix-host] demote copy complete off the tick: ticket seq=11 complete after 22 poll(s), 282.4ms from submission to completion (tick-top poll); items=128 (32 KV, 96 f32 spans); 98 heap payloads (157.9MB) handed to the hash helper; by slot class: conv 48 (5898240 B), ssm 48 (150994944 B), hidden 1 (0 B), logits 1 (993280 B); span receipt sealed on the copy stream (96 landed digests), required before the publication
[prefix-host] demote KV leases on the hash helper: ticket seq=11, 32 lease views (151.1MB) for the bind's re-hash
[prefix-host] demote: 5088 tokens, 309.0MB in 410.1ms (host resident 619.0MB / 8590MB, model gate)
[prefix-host] demote digests landed off the tick: ticket seq=11, 98 payloads (157.9MB) hashed in 123.1ms on the hash helper, landed after 11 poll(s) (tick-top poll); the owner thread held 1.08ms across the demote: pre-submit 0.43, copy settle 0.41 over 22 poll(s), hashing polls 0.04, take-back bind and publish 0.21; owner in-completion 0.68ms; wall 410.1ms t0 to publication; 0 hit(s) parked on the Hashing entry (0 re-park(s))
[prefix-host] demote helper split: ticket seq=11 copy 7.77 ms over 156.9 MB (minflt +0), hash 59.44 ms (helper 123.1 ms)
[prefix-host] demote publication split: ticket seq=11 bind 0.11 ms, reclaim 0.00 ms, insert 0.07 ms (twin: meta 0.00 ms, kv 0.05 ms over 16 leases, f32 0.01 ms over 96 payloads, rest 0.00 ms; 0 evicted in 0.00 ms), pause release 0.00 ms
[meter] admit id=cmpl-968d129e73e3169220d3092abf8f1d80 tenant=default lane=interactive model="gate"
[admission] request cost: model="gate" ctx=240 path=plain = 29696 B/token x ctx + 8MB prefill-workspace + 317MB fixed = 332MB
[worker] plain-affinity: declined (no checkpoint retained; 2 parked, 16 prompt tokens; model gate)
[spec-k] model="gate" tenant="" K=0 source=eligibility-fallback prompt=16 cached=0 lcp=0 active=1 wave=1 placement=single-or-non-pp2
[meter] admit id=cmpl-a1abd2db8638c3d03688aacd8781a853 tenant=default lane=interactive model="gate"
[worker] plain-affinity: declined (no checkpoint retained; 2 parked, 16 prompt tokens; model gate)
[spec-k] model="gate" tenant="" K=0 source=eligibility-fallback prompt=16 cached=0 lcp=0 active=1 wave=1 placement=single-or-non-pp2
[meter] admit id=cmpl-e92840399abc58a7957a87628db3416e tenant=default lane=interactive model="gate"
[admission] request cost: model="gate" ctx=5187 path=plain = 29696 B/token x ctx + 1984MB prefill-workspace + 317MB fixed = 2455MB
[prefix-host] promote submitted off the tick: 5088 tokens, 308.0MB, ticket seq=12, 32 items on the contracts door's copy stream, 96 f32 spans filled on the copy stream (156.9MB); owner segment 0.55ms; request parked
[prefix-host] contracts door H2D receipt: ticket issuer=2 seq=12 epochs=0/1/1 items=32 (16 KV planes) complete=32 require=ok checksums_sha256=b5f6629ec6ccee68ddf323ecfe16164aef909ff1ed869ef318622c50b8572232 published retired acknowledged; 96 f32 spans landed under the ticket and taken back before the retire (span receipt: fill 8.86 ms, copies 3.34 ms, digests 0.97 ms); 32 KV checksums on the hash helper (151.1MB in 56.3ms)
[prefix-cache] insert (host-promote): 5088 tokens, 308.0MB (resident 616.9MB / 470MB, model gate)
[prefix-cache] evict (LRU): 5120 tokens, 308.9MB (model gate)
[prefix-host] demote submitted off the tick: 5120 tokens, 310.0MB, ticket seq=13, 32 items on the contracts door's copy stream (model gate)
[prefix-host] demote pre-submit split: ticket seq=13 leases 0.03 ms (32 pinned, pooled 32 of 32, 152.0 MB, minflt +0), register 0.16 ms, spans 0.18 ms, other 0.05 ms (pre-submit 0.42 ms)
[prefix-host] promote published off the tick: ticket complete after 5 poll(s), 61.6ms from submission to completion (tick-top poll); timeline from t0: submitted +0.24ms (tick 10597, its top -5.87ms); poll 1 at +12.85ms (tick 10598, its top +12.81ms) pending on sources+copies (the tick top); poll 2 at +25.20ms (tick 10599, its top +25.19ms) pending on sources (the tick top); poll 3 at +37.35ms (tick 10600, its top +37.33ms) pending on sources (the tick top); poll 4 at +49.51ms (tick 10601, its top +49.49ms) pending on sources (the tick top); poll 5 at +61.84ms (tick 10602, its top +61.67ms) complete (the tick top); published +62.32ms (tick 10602, its top +61.67ms)
[prefix-host] promote: 5088 tokens, 308.0MB in 62.3ms (model gate)
[prefix-cache] restore not routed (contracts door): the entry was promoted for this admission (insertion pin id=6, 5088 tokens, model gate); the tick program copies it
[worker] plain-affinity: declined (no checkpoint retained; 2 parked, 5122 prompt tokens; model gate)
[prefix-cache] hit: 5088 of 5122 prompt tokens from cache (model gate)
[spec-k] model="gate" tenant="" K=0 source=eligibility-fallback prompt=5122 cached=5088 lcp=5088 active=2 wave=2 placement=single-or-non-pp2
[prefix-cache] source lease released after restore fence (entry 5088 tokens, model gate)
[meter] admit id=cmpl-2b07c8d90cb57a2a38c44c43ec53d9fe tenant=default lane=interactive model="gate"
[admission] request cost: model="gate" ctx=5185 path=plain = 29696 B/token x ctx + 1984MB prefill-workspace + 317MB fixed = 2455MB
[prefix-host] hit parked on a Demoting entry in its copy phase: request cmpl-2b07c8d90cb57a2a38c44c43ec53d9fe (5120 tokens) hits the Demoting entry's 5120 tokens (ticket seq=13, submitted 98.5ms ago); the request waits for the publication (model gate)
[prefix-host] contracts door D2H receipt: ticket issuer=2 seq=13 epochs=0/1/1 items=32 (16 KV planes) complete=32 require=ok checksums_sha256=66b1c0c1a78cea56765e188199286365d766f92deedee1646b2a178e9da3d8f1 retired acknowledged; 96 f32 spans landed under the ticket and taken back before the retire; receipts on the copy stream (source digests, 238.86ms)
[prefix-host] demote copy complete off the tick: ticket seq=13 complete after 14 poll(s), 246.3ms from submission to completion (tick-top poll); items=128 (32 KV, 96 f32 spans); 98 heap payloads (157.9MB) handed to the hash helper; by slot class: conv 48 (5898240 B), ssm 48 (150994944 B), hidden 1 (0 B), logits 1 (993280 B); span receipt sealed on the copy stream (96 landed digests), required before the publication
[prefix-host] demote KV leases on the hash helper: ticket seq=13, 32 lease views (152.0MB) for the bind's re-hash
[prefix-host] demote: 5120 tokens, 310.0MB in 372.1ms (host resident 619.0MB / 8590MB, model gate)
[prefix-host] demote digests landed off the tick: ticket seq=13, 98 payloads (157.9MB) hashed in 122.3ms on the hash helper, landed after 10 poll(s) (tick-top poll); the owner thread held 1.01ms across the demote: pre-submit 0.42, copy settle 0.32 over 14 poll(s), hashing polls 0.05, take-back bind and publish 0.22; owner in-completion 0.69ms; wall 372.1ms t0 to publication; 1 hit(s) parked on the Hashing entry (21 re-park(s))
[prefix-host] demote helper split: ticket seq=13 copy 7.77 ms over 156.9 MB (minflt +0), hash 58.43 ms (helper 122.3 ms)
[prefix-host] demote publication split: ticket seq=13 bind 0.11 ms, reclaim 0.00 ms, insert 0.07 ms (twin: meta 0.00 ms, kv 0.05 ms over 16 leases, f32 0.01 ms over 96 payloads, rest 0.00 ms; 0 evicted in 0.00 ms), pause release 0.00 ms
[prefix-host] promote submitted off the tick: 5120 tokens, 308.9MB, ticket seq=14, 32 items on the contracts door's copy stream, 96 f32 spans filled on the copy stream (156.9MB); owner segment 0.56ms; request parked
[prefix-host] contracts door H2D receipt: ticket issuer=2 seq=14 epochs=0/1/1 items=32 (16 KV planes) complete=32 require=ok checksums_sha256=66b1c0c1a78cea56765e188199286365d766f92deedee1646b2a178e9da3d8f1 published retired acknowledged; 96 f32 spans landed under the ticket and taken back before the retire (span receipt: fill 8.47 ms, copies 3.32 ms, digests 0.95 ms); 32 KV checksums on the hash helper (152.0MB in 56.6ms)
[prefix-cache] insert (host-promote): 5120 tokens, 308.9MB (resident 616.9MB / 470MB, model gate)
[prefix-cache] evict (LRU): 5088 tokens, 308.0MB (model gate)
[prefix-host] demote submitted off the tick: 5088 tokens, 309.0MB, ticket seq=15, 32 items on the contracts door's copy stream (model gate)
[prefix-host] demote pre-submit split: ticket seq=15 leases 0.03 ms (32 pinned, pooled 32 of 32, 151.1 MB, minflt +0), register 0.15 ms, spans 0.18 ms, other 0.05 ms (pre-submit 0.41 ms)
[prefix-host] promote published off the tick: ticket complete after 5 poll(s), 64.0ms from submission to completion (tick-top poll); timeline from t0: submitted +0.23ms (tick 10626, its top -0.40ms); poll 1 at +13.45ms (tick 10627, its top +13.40ms) pending on sources+copies (the tick top); poll 2 at +26.18ms (tick 10628, its top +26.16ms) pending on sources (the tick top); poll 3 at +38.81ms (tick 10629, its top +38.78ms) pending on sources (the tick top); poll 4 at +51.42ms (tick 10630, its top +51.40ms) pending on sources (the tick top); poll 5 at +64.20ms (tick 10631, its top +64.03ms) complete (the tick top); published +64.67ms (tick 10631, its top +64.03ms)
[prefix-host] promote: 5120 tokens, 308.9MB in 64.7ms (model gate)
[prefix-cache] restore not routed (contracts door): the entry was promoted for this admission (insertion pin id=7, 5120 tokens, model gate); the tick program copies it
[worker] plain-affinity: declined (no checkpoint retained; 2 parked, 5120 prompt tokens; model gate)
[prefix-cache] hit: 5120 of 5120 prompt tokens from cache (model gate)
[spec-k] model="gate" tenant="" K=0 source=eligibility-fallback prompt=5120 cached=5120 lcp=5120 active=2 wave=2 placement=single-or-non-pp2
[prefix-cache] source lease released after restore fence (entry 5120 tokens, model gate)
[prefix-host] contracts door D2H receipt: ticket issuer=2 seq=15 epochs=0/1/1 items=32 (16 KV planes) complete=32 require=ok checksums_sha256=b5f6629ec6ccee68ddf323ecfe16164aef909ff1ed869ef318622c50b8572232 retired acknowledged; 96 f32 spans landed under the ticket and taken back before the retire; receipts on the copy stream (source digests, 272.58ms)
[prefix-host] demote copy complete off the tick: ticket seq=15 complete after 22 poll(s), 282.2ms from submission to completion (tick-top poll); items=128 (32 KV, 96 f32 spans); 98 heap payloads (157.9MB) handed to the hash helper; by slot class: conv 48 (5898240 B), ssm 48 (150994944 B), hidden 1 (0 B), logits 1 (993280 B); span receipt sealed on the copy stream (96 landed digests), required before the publication
[prefix-host] demote KV leases on the hash helper: ticket seq=15, 32 lease views (151.1MB) for the bind's re-hash
[prefix-host] demote: 5088 tokens, 309.0MB in 410.0ms (host resident 619.0MB / 8590MB, model gate)
[prefix-host] demote digests landed off the tick: ticket seq=15, 98 payloads (157.9MB) hashed in 123.2ms on the hash helper, landed after 11 poll(s) (tick-top poll); the owner thread held 1.06ms across the demote: pre-submit 0.41, copy settle 0.40 over 22 poll(s), hashing polls 0.04, take-back bind and publish 0.21; owner in-completion 0.66ms; wall 410.0ms t0 to publication; 0 hit(s) parked on the Hashing entry (0 re-park(s))
[prefix-host] demote helper split: ticket seq=15 copy 7.79 ms over 156.9 MB (minflt +0), hash 59.60 ms (helper 123.2 ms)
[prefix-host] demote publication split: ticket seq=15 bind 0.11 ms, reclaim 0.00 ms, insert 0.07 ms (twin: meta 0.00 ms, kv 0.05 ms over 16 leases, f32 0.01 ms over 96 payloads, rest 0.00 ms; 0 evicted in 0.00 ms), pause release 0.00 ms
[meter] admit id=cmpl-5c3348fa084c115d224590c1d991c38e tenant=default lane=interactive model="gate"
[admission] request cost: model="gate" ctx=240 path=plain = 29696 B/token x ctx + 8MB prefill-workspace + 317MB fixed = 332MB
[worker] plain-affinity: declined (no checkpoint retained; 2 parked, 16 prompt tokens; model gate)
[spec-k] model="gate" tenant="" K=0 source=eligibility-fallback prompt=16 cached=0 lcp=0 active=1 wave=1 placement=single-or-non-pp2
[meter] admit id=cmpl-b0c2fb56d81e2f03882e5900514a8287 tenant=default lane=interactive model="gate"
[worker] plain-affinity: declined (no checkpoint retained; 2 parked, 16 prompt tokens; model gate)
[spec-k] model="gate" tenant="" K=0 source=eligibility-fallback prompt=16 cached=0 lcp=0 active=1 wave=1 placement=single-or-non-pp2
[meter] admit id=cmpl-4aa3844f729db8821bbd38d219d47fac tenant=default lane=interactive model="gate"
[admission] request cost: model="gate" ctx=5187 path=plain = 29696 B/token x ctx + 1984MB prefill-workspace + 317MB fixed = 2455MB
[prefix-host] promote submitted off the tick: 5088 tokens, 308.0MB, ticket seq=16, 32 items on the contracts door's copy stream, 96 f32 spans filled on the copy stream (156.9MB); owner segment 0.56ms; request parked
[prefix-host] contracts door H2D receipt: ticket issuer=2 seq=16 epochs=0/1/1 items=32 (16 KV planes) complete=32 require=ok checksums_sha256=b5f6629ec6ccee68ddf323ecfe16164aef909ff1ed869ef318622c50b8572232 published retired acknowledged; 96 f32 spans landed under the ticket and taken back before the retire (span receipt: fill 8.83 ms, copies 3.43 ms, digests 0.96 ms); 32 KV checksums on the hash helper (151.1MB in 56.4ms)
[prefix-cache] insert (host-promote): 5088 tokens, 308.0MB (resident 616.9MB / 470MB, model gate)
[prefix-cache] evict (LRU): 5120 tokens, 308.9MB (model gate)
[prefix-host] demote submitted off the tick: 5120 tokens, 310.0MB, ticket seq=17, 32 items on the contracts door's copy stream (model gate)
[prefix-host] demote pre-submit split: ticket seq=17 leases 0.04 ms (32 pinned, pooled 32 of 32, 152.0 MB, minflt +0), register 0.15 ms, spans 0.18 ms, other 0.05 ms (pre-submit 0.42 ms)
[prefix-host] promote published off the tick: ticket complete after 5 poll(s), 61.6ms from submission to completion (tick-top poll); timeline from t0: submitted +0.24ms (tick 12025, its top -5.91ms); poll 1 at +12.87ms (tick 12026, its top +12.83ms) pending on sources+copies (the tick top); poll 2 at +25.22ms (tick 12027, its top +25.20ms) pending on sources (the tick top); poll 3 at +37.37ms (tick 12028, its top +37.35ms) pending on sources (the tick top); poll 4 at +49.53ms (tick 12029, its top +49.52ms) pending on sources (the tick top); poll 5 at +61.86ms (tick 12030, its top +61.68ms) complete (the tick top); published +62.33ms (tick 12030, its top +61.68ms)
[prefix-host] promote: 5088 tokens, 308.0MB in 62.3ms (model gate)
[prefix-cache] restore not routed (contracts door): the entry was promoted for this admission (insertion pin id=8, 5088 tokens, model gate); the tick program copies it
[worker] plain-affinity: declined (no checkpoint retained; 2 parked, 5122 prompt tokens; model gate)
[prefix-cache] hit: 5088 of 5122 prompt tokens from cache (model gate)
[spec-k] model="gate" tenant="" K=0 source=eligibility-fallback prompt=5122 cached=5088 lcp=5088 active=2 wave=2 placement=single-or-non-pp2
[prefix-cache] source lease released after restore fence (entry 5088 tokens, model gate)
[meter] admit id=cmpl-5a14b251b4f9d3d7262142d5d7acfd52 tenant=default lane=interactive model="gate"
[admission] request cost: model="gate" ctx=5185 path=plain = 29696 B/token x ctx + 1984MB prefill-workspace + 317MB fixed = 2455MB
[prefix-host] hit parked on a Demoting entry in its copy phase: request cmpl-5a14b251b4f9d3d7262142d5d7acfd52 (5120 tokens) hits the Demoting entry's 5120 tokens (ticket seq=17, submitted 98.6ms ago); the request waits for the publication (model gate)
[prefix-host] contracts door D2H receipt: ticket issuer=2 seq=17 epochs=0/1/1 items=32 (16 KV planes) complete=32 require=ok checksums_sha256=66b1c0c1a78cea56765e188199286365d766f92deedee1646b2a178e9da3d8f1 retired acknowledged; 96 f32 spans landed under the ticket and taken back before the retire; receipts on the copy stream (source digests, 238.86ms)
[prefix-host] demote copy complete off the tick: ticket seq=17 complete after 14 poll(s), 246.4ms from submission to completion (tick-top poll); items=128 (32 KV, 96 f32 spans); 98 heap payloads (157.9MB) handed to the hash helper; by slot class: conv 48 (5898240 B), ssm 48 (150994944 B), hidden 1 (0 B), logits 1 (993280 B); span receipt sealed on the copy stream (96 landed digests), required before the publication
[prefix-host] demote KV leases on the hash helper: ticket seq=17, 32 lease views (152.0MB) for the bind's re-hash
[prefix-host] demote: 5120 tokens, 310.0MB in 372.1ms (host resident 619.0MB / 8590MB, model gate)
[prefix-host] demote digests landed off the tick: ticket seq=17, 98 payloads (157.9MB) hashed in 122.3ms on the hash helper, landed after 10 poll(s) (tick-top poll); the owner thread held 0.98ms across the demote: pre-submit 0.42, copy settle 0.31 over 14 poll(s), hashing polls 0.05, take-back bind and publish 0.21; owner in-completion 0.67ms; wall 372.1ms t0 to publication; 1 hit(s) parked on the Hashing entry (21 re-park(s))
[prefix-host] demote helper split: ticket seq=17 copy 7.79 ms over 156.9 MB (minflt +0), hash 58.43 ms (helper 122.3 ms)
[prefix-host] demote publication split: ticket seq=17 bind 0.11 ms, reclaim 0.00 ms, insert 0.07 ms (twin: meta 0.00 ms, kv 0.05 ms over 16 leases, f32 0.01 ms over 96 payloads, rest 0.00 ms; 0 evicted in 0.00 ms), pause release 0.00 ms
[prefix-host] promote submitted off the tick: 5120 tokens, 308.9MB, ticket seq=18, 32 items on the contracts door's copy stream, 96 f32 spans filled on the copy stream (156.9MB); owner segment 0.53ms; request parked
[prefix-host] contracts door H2D receipt: ticket issuer=2 seq=18 epochs=0/1/1 items=32 (16 KV planes) complete=32 require=ok checksums_sha256=66b1c0c1a78cea56765e188199286365d766f92deedee1646b2a178e9da3d8f1 published retired acknowledged; 96 f32 spans landed under the ticket and taken back before the retire (span receipt: fill 8.50 ms, copies 3.34 ms, digests 0.94 ms); 32 KV checksums on the hash helper (152.0MB in 56.5ms)
[prefix-cache] insert (host-promote): 5120 tokens, 308.9MB (resident 616.9MB / 470MB, model gate)
[prefix-cache] evict (LRU): 5088 tokens, 308.0MB (model gate)
[prefix-host] demote submitted off the tick: 5088 tokens, 309.0MB, ticket seq=19, 32 items on the contracts door's copy stream (model gate)
[prefix-host] demote pre-submit split: ticket seq=19 leases 0.03 ms (32 pinned, pooled 32 of 32, 151.1 MB, minflt +0), register 0.15 ms, spans 0.18 ms, other 0.05 ms (pre-submit 0.41 ms)
[prefix-host] promote published off the tick: ticket complete after 5 poll(s), 63.9ms from submission to completion (tick-top poll); timeline from t0: submitted +0.22ms (tick 12054, its top -0.40ms); poll 1 at +13.42ms (tick 12055, its top +13.37ms) pending on sources+copies (the tick top); poll 2 at +26.14ms (tick 12056, its top +26.12ms) pending on sources (the tick top); poll 3 at +38.75ms (tick 12057, its top +38.73ms) pending on sources (the tick top); poll 4 at +51.34ms (tick 12058, its top +51.32ms) pending on sources (the tick top); poll 5 at +64.13ms (tick 12059, its top +63.96ms) complete (the tick top); published +64.60ms (tick 12059, its top +63.96ms)
[prefix-host] promote: 5120 tokens, 308.9MB in 64.6ms (model gate)
[prefix-cache] restore not routed (contracts door): the entry was promoted for this admission (insertion pin id=9, 5120 tokens, model gate); the tick program copies it
[worker] plain-affinity: declined (no checkpoint retained; 2 parked, 5120 prompt tokens; model gate)
[prefix-cache] hit: 5120 of 5120 prompt tokens from cache (model gate)
[spec-k] model="gate" tenant="" K=0 source=eligibility-fallback prompt=5120 cached=5120 lcp=5120 active=2 wave=2 placement=single-or-non-pp2
[prefix-cache] source lease released after restore fence (entry 5120 tokens, model gate)
[prefix-host] contracts door D2H receipt: ticket issuer=2 seq=19 epochs=0/1/1 items=32 (16 KV planes) complete=32 require=ok checksums_sha256=b5f6629ec6ccee68ddf323ecfe16164aef909ff1ed869ef318622c50b8572232 retired acknowledged; 96 f32 spans landed under the ticket and taken back before the retire; receipts on the copy stream (source digests, 272.44ms)
[prefix-host] demote copy complete off the tick: ticket seq=19 complete after 22 poll(s), 282.4ms from submission to completion (tick-top poll); items=128 (32 KV, 96 f32 spans); 98 heap payloads (157.9MB) handed to the hash helper; by slot class: conv 48 (5898240 B), ssm 48 (150994944 B), hidden 1 (0 B), logits 1 (993280 B); span receipt sealed on the copy stream (96 landed digests), required before the publication
[prefix-host] demote KV leases on the hash helper: ticket seq=19, 32 lease views (151.1MB) for the bind's re-hash
[prefix-host] demote: 5088 tokens, 309.0MB in 410.1ms (host resident 619.0MB / 8590MB, model gate)
[prefix-host] demote digests landed off the tick: ticket seq=19, 98 payloads (157.9MB) hashed in 122.2ms on the hash helper, landed after 11 poll(s) (tick-top poll); the owner thread held 1.06ms across the demote: pre-submit 0.41, copy settle 0.39 over 22 poll(s), hashing polls 0.04, take-back bind and publish 0.22; owner in-completion 0.67ms; wall 410.1ms t0 to publication; 0 hit(s) parked on the Hashing entry (0 re-park(s))
[prefix-host] demote helper split: ticket seq=19 copy 7.78 ms over 156.9 MB (minflt +0), hash 58.64 ms (helper 122.2 ms)
[prefix-host] demote publication split: ticket seq=19 bind 0.12 ms, reclaim 0.00 ms, insert 0.08 ms (twin: meta 0.00 ms, kv 0.05 ms over 16 leases, f32 0.02 ms over 96 payloads, rest 0.00 ms; 0 evicted in 0.00 ms), pause release 0.00 ms
[meter] admit id=cmpl-166e43df584b16e64660c5c9640f6584 tenant=default lane=interactive model="gate"
[admission] request cost: model="gate" ctx=240 path=plain = 29696 B/token x ctx + 8MB prefill-workspace + 317MB fixed = 332MB
[worker] plain-affinity: declined (no checkpoint retained; 2 parked, 16 prompt tokens; model gate)
[spec-k] model="gate" tenant="" K=0 source=eligibility-fallback prompt=16 cached=0 lcp=0 active=1 wave=1 placement=single-or-non-pp2
[meter] admit id=cmpl-223d7c4636218bd12b602c55f38a9a5f tenant=default lane=interactive model="gate"
[worker] plain-affinity: declined (no checkpoint retained; 2 parked, 16 prompt tokens; model gate)
[spec-k] model="gate" tenant="" K=0 source=eligibility-fallback prompt=16 cached=0 lcp=0 active=1 wave=1 placement=single-or-non-pp2
[meter] admit id=cmpl-e79c2ef68177fda96de7c9d20925b786 tenant=default lane=interactive model="gate"
[admission] request cost: model="gate" ctx=5187 path=plain = 29696 B/token x ctx + 1984MB prefill-workspace + 317MB fixed = 2455MB
[prefix-host] promote submitted off the tick: 5088 tokens, 308.0MB, ticket seq=20, 32 items on the contracts door's copy stream, 96 f32 spans filled on the copy stream (156.9MB); owner segment 0.52ms; request parked
[prefix-host] contracts door H2D receipt: ticket issuer=2 seq=20 epochs=0/1/1 items=32 (16 KV planes) complete=32 require=ok checksums_sha256=b5f6629ec6ccee68ddf323ecfe16164aef909ff1ed869ef318622c50b8572232 published retired acknowledged; 96 f32 spans landed under the ticket and taken back before the retire (span receipt: fill 8.55 ms, copies 3.33 ms, digests 0.97 ms); 32 KV checksums on the hash helper (151.1MB in 56.6ms)
[prefix-cache] insert (host-promote): 5088 tokens, 308.0MB (resident 616.9MB / 470MB, model gate)
[prefix-cache] evict (LRU): 5120 tokens, 308.9MB (model gate)
[prefix-host] demote submitted off the tick: 5120 tokens, 310.0MB, ticket seq=21, 32 items on the contracts door's copy stream (model gate)
[prefix-host] demote pre-submit split: ticket seq=21 leases 0.03 ms (32 pinned, pooled 32 of 32, 152.0 MB, minflt +0), register 0.15 ms, spans 0.18 ms, other 0.05 ms (pre-submit 0.41 ms)
[prefix-host] promote published off the tick: ticket complete after 5 poll(s), 61.6ms from submission to completion (tick-top poll); timeline from t0: submitted +0.22ms (tick 13439, its top -5.89ms); poll 1 at +12.83ms (tick 13440, its top +12.79ms) pending on sources+copies (the tick top); poll 2 at +25.23ms (tick 13441, its top +25.21ms) pending on sources (the tick top); poll 3 at +37.36ms (tick 13442, its top +37.34ms) pending on sources (the tick top); poll 4 at +49.50ms (tick 13443, its top +49.49ms) pending on sources (the tick top); poll 5 at +61.84ms (tick 13444, its top +61.66ms) complete (the tick top); published +62.30ms (tick 13444, its top +61.66ms)
[prefix-host] promote: 5088 tokens, 308.0MB in 62.3ms (model gate)
[prefix-cache] restore not routed (contracts door): the entry was promoted for this admission (insertion pin id=10, 5088 tokens, model gate); the tick program copies it
[worker] plain-affinity: declined (no checkpoint retained; 2 parked, 5122 prompt tokens; model gate)
[prefix-cache] hit: 5088 of 5122 prompt tokens from cache (model gate)
[spec-k] model="gate" tenant="" K=0 source=eligibility-fallback prompt=5122 cached=5088 lcp=5088 active=2 wave=2 placement=single-or-non-pp2
[prefix-cache] source lease released after restore fence (entry 5088 tokens, model gate)
[meter] admit id=cmpl-f271091d020a5ae221a111df57402c11 tenant=default lane=interactive model="gate"
[admission] request cost: model="gate" ctx=5185 path=plain = 29696 B/token x ctx + 1984MB prefill-workspace + 317MB fixed = 2455MB
[prefix-host] hit parked on a Demoting entry in its copy phase: request cmpl-f271091d020a5ae221a111df57402c11 (5120 tokens) hits the Demoting entry's 5120 tokens (ticket seq=21, submitted 98.6ms ago); the request waits for the publication (model gate)
[prefix-host] contracts door D2H receipt: ticket issuer=2 seq=21 epochs=0/1/1 items=32 (16 KV planes) complete=32 require=ok checksums_sha256=66b1c0c1a78cea56765e188199286365d766f92deedee1646b2a178e9da3d8f1 retired acknowledged; 96 f32 spans landed under the ticket and taken back before the retire; receipts on the copy stream (source digests, 238.89ms)
[prefix-host] demote copy complete off the tick: ticket seq=21 complete after 14 poll(s), 246.3ms from submission to completion (tick-top poll); items=128 (32 KV, 96 f32 spans); 98 heap payloads (157.9MB) handed to the hash helper; by slot class: conv 48 (5898240 B), ssm 48 (150994944 B), hidden 1 (0 B), logits 1 (993280 B); span receipt sealed on the copy stream (96 landed digests), required before the publication
[prefix-host] demote KV leases on the hash helper: ticket seq=21, 32 lease views (152.0MB) for the bind's re-hash
[prefix-host] demote: 5120 tokens, 310.0MB in 372.1ms (host resident 619.0MB / 8590MB, model gate)
[prefix-host] demote digests landed off the tick: ticket seq=21, 98 payloads (157.9MB) hashed in 122.6ms on the hash helper, landed after 10 poll(s) (tick-top poll); the owner thread held 0.99ms across the demote: pre-submit 0.41, copy settle 0.32 over 14 poll(s), hashing polls 0.05, take-back bind and publish 0.21; owner in-completion 0.67ms; wall 372.2ms t0 to publication; 1 hit(s) parked on the Hashing entry (21 re-park(s))
[prefix-host] demote helper split: ticket seq=21 copy 7.82 ms over 156.9 MB (minflt +0), hash 58.65 ms (helper 122.6 ms)
[prefix-host] demote publication split: ticket seq=21 bind 0.11 ms, reclaim 0.00 ms, insert 0.07 ms (twin: meta 0.00 ms, kv 0.05 ms over 16 leases, f32 0.01 ms over 96 payloads, rest 0.00 ms; 0 evicted in 0.00 ms), pause release 0.00 ms
[prefix-host] promote submitted off the tick: 5120 tokens, 308.9MB, ticket seq=22, 32 items on the contracts door's copy stream, 96 f32 spans filled on the copy stream (156.9MB); owner segment 0.54ms; request parked
[prefix-host] contracts door H2D receipt: ticket issuer=2 seq=22 epochs=0/1/1 items=32 (16 KV planes) complete=32 require=ok checksums_sha256=66b1c0c1a78cea56765e188199286365d766f92deedee1646b2a178e9da3d8f1 published retired acknowledged; 96 f32 spans landed under the ticket and taken back before the retire (span receipt: fill 8.45 ms, copies 3.33 ms, digests 0.94 ms); 32 KV checksums on the hash helper (152.0MB in 56.8ms)
[prefix-cache] insert (host-promote): 5120 tokens, 308.9MB (resident 616.9MB / 470MB, model gate)
[prefix-cache] evict (LRU): 5088 tokens, 308.0MB (model gate)
[prefix-host] demote submitted off the tick: 5088 tokens, 309.0MB, ticket seq=23, 32 items on the contracts door's copy stream (model gate)
[prefix-host] demote pre-submit split: ticket seq=23 leases 0.03 ms (32 pinned, pooled 32 of 32, 151.1 MB, minflt +0), register 0.15 ms, spans 0.18 ms, other 0.05 ms (pre-submit 0.42 ms)
[prefix-host] promote published off the tick: ticket complete after 5 poll(s), 64.0ms from submission to completion (tick-top poll); timeline from t0: submitted +0.22ms (tick 13468, its top -0.40ms); poll 1 at +13.47ms (tick 13469, its top +13.42ms) pending on sources+copies (the tick top); poll 2 at +26.19ms (tick 13470, its top +26.17ms) pending on sources (the tick top); poll 3 at +38.81ms (tick 13471, its top +38.79ms) pending on sources (the tick top); poll 4 at +51.42ms (tick 13472, its top +51.40ms) pending on sources (the tick top); poll 5 at +64.26ms (tick 13473, its top +64.08ms) complete (the tick top); published +64.74ms (tick 13473, its top +64.08ms)
[prefix-host] promote: 5120 tokens, 308.9MB in 64.7ms (model gate)
[prefix-cache] restore not routed (contracts door): the entry was promoted for this admission (insertion pin id=11, 5120 tokens, model gate); the tick program copies it
[worker] plain-affinity: declined (no checkpoint retained; 2 parked, 5120 prompt tokens; model gate)
[prefix-cache] hit: 5120 of 5120 prompt tokens from cache (model gate)
[spec-k] model="gate" tenant="" K=0 source=eligibility-fallback prompt=5120 cached=5120 lcp=5120 active=2 wave=2 placement=single-or-non-pp2
[prefix-cache] source lease released after restore fence (entry 5120 tokens, model gate)
[prefix-host] contracts door D2H receipt: ticket issuer=2 seq=23 epochs=0/1/1 items=32 (16 KV planes) complete=32 require=ok checksums_sha256=b5f6629ec6ccee68ddf323ecfe16164aef909ff1ed869ef318622c50b8572232 retired acknowledged; 96 f32 spans landed under the ticket and taken back before the retire; receipts on the copy stream (source digests, 273.11ms)
[prefix-host] demote copy complete off the tick: ticket seq=23 complete after 22 poll(s), 282.4ms from submission to completion (tick-top poll); items=128 (32 KV, 96 f32 spans); 98 heap payloads (157.9MB) handed to the hash helper; by slot class: conv 48 (5898240 B), ssm 48 (150994944 B), hidden 1 (0 B), logits 1 (993280 B); span receipt sealed on the copy stream (96 landed digests), required before the publication
[prefix-host] demote KV leases on the hash helper: ticket seq=23, 32 lease views (151.1MB) for the bind's re-hash
[prefix-host] demote: 5088 tokens, 309.0MB in 410.1ms (host resident 619.0MB / 8590MB, model gate)
[prefix-host] demote digests landed off the tick: ticket seq=23, 98 payloads (157.9MB) hashed in 122.3ms on the hash helper, landed after 11 poll(s) (tick-top poll); the owner thread held 1.06ms across the demote: pre-submit 0.42, copy settle 0.40 over 22 poll(s), hashing polls 0.04, take-back bind and publish 0.20; owner in-completion 0.66ms; wall 410.1ms t0 to publication; 0 hit(s) parked on the Hashing entry (0 re-park(s))
[prefix-host] demote helper split: ticket seq=23 copy 7.72 ms over 156.9 MB (minflt +0), hash 58.84 ms (helper 122.3 ms)
[prefix-host] demote publication split: ticket seq=23 bind 0.11 ms, reclaim 0.00 ms, insert 0.07 ms (twin: meta 0.00 ms, kv 0.05 ms over 16 leases, f32 0.01 ms over 96 payloads, rest 0.00 ms; 0 evicted in 0.00 ms), pause release 0.00 ms
[meter] admit id=cmpl-01997ed6ec2b1797f70c4717fc0757fd tenant=default lane=interactive model="gate"
[admission] request cost: model="gate" ctx=240 path=plain = 29696 B/token x ctx + 8MB prefill-workspace + 317MB fixed = 332MB
[worker] plain-affinity: declined (no checkpoint retained; 2 parked, 16 prompt tokens; model gate)
[spec-k] model="gate" tenant="" K=0 source=eligibility-fallback prompt=16 cached=0 lcp=0 active=1 wave=1 placement=single-or-non-pp2
[meter] admit id=cmpl-84e2648670322b9e9394262d06af5583 tenant=default lane=interactive model="gate"
[admission] request cost: model="gate" ctx=5187 path=plain = 29696 B/token x ctx + 1984MB prefill-workspace + 317MB fixed = 2455MB
[prefix-host] promote submitted off the tick: 5088 tokens, 308.0MB, ticket seq=24, 32 items on the contracts door's copy stream, 96 f32 spans filled on the copy stream (156.9MB); owner segment 0.53ms; request parked
[prefix-host] contracts door H2D receipt: ticket issuer=2 seq=24 epochs=0/1/1 items=32 (16 KV planes) complete=32 require=ok checksums_sha256=b5f6629ec6ccee68ddf323ecfe16164aef909ff1ed869ef318622c50b8572232 published retired acknowledged; 96 f32 spans landed under the ticket and taken back before the retire (span receipt: fill 8.75 ms, copies 3.39 ms, digests 0.93 ms); 32 KV checksums on the hash helper (151.1MB in 56.1ms)
[prefix-cache] insert (host-promote): 5088 tokens, 308.0MB (resident 616.9MB / 470MB, model gate)
[prefix-cache] evict (LRU): 5120 tokens, 308.9MB (model gate)
[prefix-host] demote submitted off the tick: 5120 tokens, 310.0MB, ticket seq=25, 32 items on the contracts door's copy stream (model gate)
[prefix-host] demote pre-submit split: ticket seq=25 leases 0.04 ms (32 pinned, pooled 32 of 32, 152.0 MB, minflt +0), register 0.15 ms, spans 0.17 ms, other 0.05 ms (pre-submit 0.41 ms)
[prefix-host] promote published off the tick: ticket complete after 5 poll(s), 61.6ms from submission to completion (tick-top poll); timeline from t0: submitted +0.22ms (tick 14137, its top -5.90ms); poll 1 at +12.85ms (tick 14138, its top +12.80ms) pending on sources+copies (the tick top); poll 2 at +25.18ms (tick 14139, its top +25.16ms) pending on sources (the tick top); poll 3 at +37.32ms (tick 14140, its top +37.30ms) pending on sources (the tick top); poll 4 at +49.47ms (tick 14141, its top +49.45ms) pending on sources (the tick top); poll 5 at +61.79ms (tick 14142, its top +61.60ms) complete (the tick top); published +62.25ms (tick 14142, its top +61.60ms)
[prefix-host] promote: 5088 tokens, 308.0MB in 62.3ms (model gate)
[prefix-cache] restore not routed (contracts door): the entry was promoted for this admission (insertion pin id=12, 5088 tokens, model gate); the tick program copies it
[worker] plain-affinity: declined (no checkpoint retained; 2 parked, 5122 prompt tokens; model gate)
[prefix-cache] hit: 5088 of 5122 prompt tokens from cache (model gate)
[spec-k] model="gate" tenant="" K=0 source=eligibility-fallback prompt=5122 cached=5088 lcp=5088 active=2 wave=2 placement=single-or-non-pp2
[prefix-cache] source lease released after restore fence (entry 5088 tokens, model gate)
[meter] admit id=cmpl-d7d6d14aab0adf79f874fa50729bf16b tenant=default lane=interactive model="gate"
[admission] request cost: model="gate" ctx=5185 path=plain = 29696 B/token x ctx + 1984MB prefill-workspace + 317MB fixed = 2455MB
[prefix-host] hit parked on a Demoting entry in its copy phase: request cmpl-d7d6d14aab0adf79f874fa50729bf16b (5120 tokens) hits the Demoting entry's 5120 tokens (ticket seq=25, submitted 98.6ms ago); the request waits for the publication (model gate)
[prefix-host] contracts door D2H receipt: ticket issuer=2 seq=25 epochs=0/1/1 items=32 (16 KV planes) complete=32 require=ok checksums_sha256=66b1c0c1a78cea56765e188199286365d766f92deedee1646b2a178e9da3d8f1 retired acknowledged; 96 f32 spans landed under the ticket and taken back before the retire; receipts on the copy stream (source digests, 238.86ms)
[prefix-host] demote copy complete off the tick: ticket seq=25 complete after 14 poll(s), 246.4ms from submission to completion (tick-top poll); items=128 (32 KV, 96 f32 spans); 98 heap payloads (157.9MB) handed to the hash helper; by slot class: conv 48 (5898240 B), ssm 48 (150994944 B), hidden 1 (0 B), logits 1 (993280 B); span receipt sealed on the copy stream (96 landed digests), required before the publication
[prefix-host] demote KV leases on the hash helper: ticket seq=25, 32 lease views (152.0MB) for the bind's re-hash
[prefix-host] demote: 5120 tokens, 310.0MB in 372.2ms (host resident 619.0MB / 8590MB, model gate)
[prefix-host] demote digests landed off the tick: ticket seq=25, 98 payloads (157.9MB) hashed in 122.6ms on the hash helper, landed after 10 poll(s) (tick-top poll); the owner thread held 0.98ms across the demote: pre-submit 0.41, copy settle 0.31 over 14 poll(s), hashing polls 0.05, take-back bind and publish 0.21; owner in-completion 0.67ms; wall 372.2ms t0 to publication; 1 hit(s) parked on the Hashing entry (21 re-park(s))
[prefix-host] demote helper split: ticket seq=25 copy 7.80 ms over 156.9 MB (minflt +0), hash 58.72 ms (helper 122.6 ms)
[prefix-host] demote publication split: ticket seq=25 bind 0.11 ms, reclaim 0.00 ms, insert 0.07 ms (twin: meta 0.00 ms, kv 0.05 ms over 16 leases, f32 0.01 ms over 96 payloads, rest 0.00 ms; 0 evicted in 0.00 ms), pause release 0.00 ms
[prefix-host] promote submitted off the tick: 5120 tokens, 308.9MB, ticket seq=26, 32 items on the contracts door's copy stream, 96 f32 spans filled on the copy stream (156.9MB); owner segment 0.55ms; request parked
[prefix-host] contracts door H2D receipt: ticket issuer=2 seq=26 epochs=0/1/1 items=32 (16 KV planes) complete=32 require=ok checksums_sha256=66b1c0c1a78cea56765e188199286365d766f92deedee1646b2a178e9da3d8f1 published retired acknowledged; 96 f32 spans landed under the ticket and taken back before the retire (span receipt: fill 9.12 ms, copies 3.44 ms, digests 0.95 ms); 32 KV checksums on the hash helper (152.0MB in 56.8ms)
[prefix-cache] insert (host-promote): 5120 tokens, 308.9MB (resident 616.9MB / 470MB, model gate)
[prefix-cache] evict (LRU): 5088 tokens, 308.0MB (model gate)
[prefix-host] demote submitted off the tick: 5088 tokens, 309.0MB, ticket seq=27, 32 items on the contracts door's copy stream (model gate)
[prefix-host] demote pre-submit split: ticket seq=27 leases 0.04 ms (32 pinned, pooled 32 of 32, 151.1 MB, minflt +0), register 0.15 ms, spans 0.18 ms, other 0.05 ms (pre-submit 0.42 ms)
[prefix-host] promote published off the tick: ticket complete after 5 poll(s), 64.0ms from submission to completion (tick-top poll); timeline from t0: submitted +0.23ms (tick 14166, its top -0.51ms); poll 1 at +13.46ms (tick 14167, its top +13.41ms) pending on sources+copies (the tick top); poll 2 at +26.22ms (tick 14168, its top +26.20ms) pending on sources (the tick top); poll 3 at +38.82ms (tick 14169, its top +38.80ms) pending on sources (the tick top); poll 4 at +51.45ms (tick 14170, its top +51.43ms) pending on sources (the tick top); poll 5 at +64.25ms (tick 14171, its top +64.06ms) complete (the tick top); published +64.72ms (tick 14171, its top +64.06ms)
[prefix-host] promote: 5120 tokens, 308.9MB in 64.7ms (model gate)
[prefix-cache] restore not routed (contracts door): the entry was promoted for this admission (insertion pin id=13, 5120 tokens, model gate); the tick program copies it
[worker] plain-affinity: declined (no checkpoint retained; 2 parked, 5120 prompt tokens; model gate)
[prefix-cache] hit: 5120 of 5120 prompt tokens from cache (model gate)
[spec-k] model="gate" tenant="" K=0 source=eligibility-fallback prompt=5120 cached=5120 lcp=5120 active=2 wave=2 placement=single-or-non-pp2
[prefix-cache] source lease released after restore fence (entry 5120 tokens, model gate)
[prefix-host] contracts door D2H receipt: ticket issuer=2 seq=27 epochs=0/1/1 items=32 (16 KV planes) complete=32 require=ok checksums_sha256=b5f6629ec6ccee68ddf323ecfe16164aef909ff1ed869ef318622c50b8572232 retired acknowledged; 96 f32 spans landed under the ticket and taken back before the retire; receipts on the copy stream (source digests, 273.06ms)
[prefix-host] demote copy complete off the tick: ticket seq=27 complete after 22 poll(s), 282.4ms from submission to completion (tick-top poll); items=128 (32 KV, 96 f32 spans); 98 heap payloads (157.9MB) handed to the hash helper; by slot class: conv 48 (5898240 B), ssm 48 (150994944 B), hidden 1 (0 B), logits 1 (993280 B); span receipt sealed on the copy stream (96 landed digests), required before the publication
[prefix-host] demote KV leases on the hash helper: ticket seq=27, 32 lease views (151.1MB) for the bind's re-hash
[prefix-host] demote: 5088 tokens, 309.0MB in 410.0ms (host resident 619.0MB / 8590MB, model gate)
[prefix-host] demote digests landed off the tick: ticket seq=27, 98 payloads (157.9MB) hashed in 122.3ms on the hash helper, landed after 11 poll(s) (tick-top poll); the owner thread held 1.06ms across the demote: pre-submit 0.42, copy settle 0.39 over 22 poll(s), hashing polls 0.04, take-back bind and publish 0.21; owner in-completion 0.67ms; wall 410.0ms t0 to publication; 0 hit(s) parked on the Hashing entry (0 re-park(s))
[prefix-host] demote helper split: ticket seq=27 copy 7.73 ms over 156.9 MB (minflt +0), hash 58.82 ms (helper 122.3 ms)
[prefix-host] demote publication split: ticket seq=27 bind 0.11 ms, reclaim 0.00 ms, insert 0.07 ms (twin: meta 0.00 ms, kv 0.05 ms over 16 leases, f32 0.02 ms over 96 payloads, rest 0.00 ms; 0 evicted in 0.00 ms), pause release 0.00 ms
[meter] admit id=cmpl-371fb20959e7a0b7329bb7a5fd8855be tenant=default lane=interactive model="gate"
[admission] request cost: model="gate" ctx=240 path=plain = 29696 B/token x ctx + 8MB prefill-workspace + 317MB fixed = 332MB
[worker] plain-affinity: declined (no checkpoint retained; 2 parked, 16 prompt tokens; model gate)
[spec-k] model="gate" tenant="" K=0 source=eligibility-fallback prompt=16 cached=0 lcp=0 active=1 wave=1 placement=single-or-non-pp2
[meter] admit id=cmpl-81d3698c1eb857a4b140d49c587a7597 tenant=default lane=interactive model="gate"
[worker] plain-affinity: declined (no checkpoint retained; 2 parked, 16 prompt tokens; model gate)
[spec-k] model="gate" tenant="" K=0 source=eligibility-fallback prompt=16 cached=0 lcp=0 active=1 wave=1 placement=single-or-non-pp2
[meter] admit id=cmpl-f047b4974720077bd98c0f4e03792ba5 tenant=default lane=interactive model="gate"
[admission] request cost: model="gate" ctx=5187 path=plain = 29696 B/token x ctx + 1984MB prefill-workspace + 317MB fixed = 2455MB
[prefix-host] promote submitted off the tick: 5088 tokens, 308.0MB, ticket seq=28, 32 items on the contracts door's copy stream, 96 f32 spans filled on the copy stream (156.9MB); owner segment 0.56ms; request parked
[prefix-host] contracts door H2D receipt: ticket issuer=2 seq=28 epochs=0/1/1 items=32 (16 KV planes) complete=32 require=ok checksums_sha256=b5f6629ec6ccee68ddf323ecfe16164aef909ff1ed869ef318622c50b8572232 published retired acknowledged; 96 f32 spans landed under the ticket and taken back before the retire (span receipt: fill 8.77 ms, copies 3.35 ms, digests 0.94 ms); 32 KV checksums on the hash helper (151.1MB in 56.4ms)
[prefix-cache] insert (host-promote): 5088 tokens, 308.0MB (resident 616.9MB / 470MB, model gate)
[prefix-cache] evict (LRU): 5120 tokens, 308.9MB (model gate)
[prefix-host] demote submitted off the tick: 5120 tokens, 310.0MB, ticket seq=29, 32 items on the contracts door's copy stream (model gate)
[prefix-host] demote pre-submit split: ticket seq=29 leases 0.04 ms (32 pinned, pooled 32 of 32, 152.0 MB, minflt +0), register 0.15 ms, spans 0.18 ms, other 0.05 ms (pre-submit 0.41 ms)
[prefix-host] promote published off the tick: ticket complete after 5 poll(s), 61.6ms from submission to completion (tick-top poll); timeline from t0: submitted +0.24ms (tick 15517, its top -5.94ms); poll 1 at +12.87ms (tick 15518, its top +12.82ms) pending on sources+copies (the tick top); poll 2 at +25.19ms (tick 15519, its top +25.17ms) pending on sources (the tick top); poll 3 at +37.33ms (tick 15520, its top +37.31ms) pending on sources (the tick top); poll 4 at +49.54ms (tick 15521, its top +49.53ms) pending on sources (the tick top); poll 5 at +61.88ms (tick 15522, its top +61.69ms) complete (the tick top); published +62.35ms (tick 15522, its top +61.69ms)
[prefix-host] promote: 5088 tokens, 308.0MB in 62.4ms (model gate)
[prefix-cache] restore not routed (contracts door): the entry was promoted for this admission (insertion pin id=14, 5088 tokens, model gate); the tick program copies it
[worker] plain-affinity: declined (no checkpoint retained; 2 parked, 5122 prompt tokens; model gate)
[prefix-cache] hit: 5088 of 5122 prompt tokens from cache (model gate)
[spec-k] model="gate" tenant="" K=0 source=eligibility-fallback prompt=5122 cached=5088 lcp=5088 active=2 wave=2 placement=single-or-non-pp2
[prefix-cache] source lease released after restore fence (entry 5088 tokens, model gate)
[meter] admit id=cmpl-d8bf7cebe00beef09f4fa149418a7f48 tenant=default lane=interactive model="gate"
[admission] request cost: model="gate" ctx=5185 path=plain = 29696 B/token x ctx + 1984MB prefill-workspace + 317MB fixed = 2455MB
[prefix-host] hit parked on a Demoting entry in its copy phase: request cmpl-d8bf7cebe00beef09f4fa149418a7f48 (5120 tokens) hits the Demoting entry's 5120 tokens (ticket seq=29, submitted 98.6ms ago); the request waits for the publication (model gate)
[prefix-host] contracts door D2H receipt: ticket issuer=2 seq=29 epochs=0/1/1 items=32 (16 KV planes) complete=32 require=ok checksums_sha256=66b1c0c1a78cea56765e188199286365d766f92deedee1646b2a178e9da3d8f1 retired acknowledged; 96 f32 spans landed under the ticket and taken back before the retire; receipts on the copy stream (source digests, 238.43ms)
[prefix-host] demote copy complete off the tick: ticket seq=29 complete after 14 poll(s), 246.6ms from submission to completion (tick-top poll); items=128 (32 KV, 96 f32 spans); 98 heap payloads (157.9MB) handed to the hash helper; by slot class: conv 48 (5898240 B), ssm 48 (150994944 B), hidden 1 (0 B), logits 1 (993280 B); span receipt sealed on the copy stream (96 landed digests), required before the publication
[prefix-host] demote KV leases on the hash helper: ticket seq=29, 32 lease views (152.0MB) for the bind's re-hash
[prefix-host] demote: 5120 tokens, 310.0MB in 372.3ms (host resident 619.0MB / 8590MB, model gate)
[prefix-host] demote digests landed off the tick: ticket seq=29, 98 payloads (157.9MB) hashed in 122.7ms on the hash helper, landed after 10 poll(s) (tick-top poll); the owner thread held 0.98ms across the demote: pre-submit 0.41, copy settle 0.31 over 14 poll(s), hashing polls 0.05, take-back bind and publish 0.21; owner in-completion 0.67ms; wall 372.4ms t0 to publication; 1 hit(s) parked on the Hashing entry (21 re-park(s))
[prefix-host] demote helper split: ticket seq=29 copy 7.74 ms over 156.9 MB (minflt +0), hash 58.81 ms (helper 122.7 ms)
[prefix-host] demote publication split: ticket seq=29 bind 0.11 ms, reclaim 0.00 ms, insert 0.07 ms (twin: meta 0.00 ms, kv 0.05 ms over 16 leases, f32 0.01 ms over 96 payloads, rest 0.00 ms; 0 evicted in 0.00 ms), pause release 0.00 ms
[prefix-host] promote submitted off the tick: 5120 tokens, 308.9MB, ticket seq=30, 32 items on the contracts door's copy stream, 96 f32 spans filled on the copy stream (156.9MB); owner segment 0.55ms; request parked
[prefix-host] contracts door H2D receipt: ticket issuer=2 seq=30 epochs=0/1/1 items=32 (16 KV planes) complete=32 require=ok checksums_sha256=66b1c0c1a78cea56765e188199286365d766f92deedee1646b2a178e9da3d8f1 published retired acknowledged; 96 f32 spans landed under the ticket and taken back before the retire (span receipt: fill 8.50 ms, copies 3.36 ms, digests 0.92 ms); 32 KV checksums on the hash helper (152.0MB in 56.4ms)
[prefix-cache] insert (host-promote): 5120 tokens, 308.9MB (resident 616.9MB / 470MB, model gate)
[prefix-cache] evict (LRU): 5088 tokens, 308.0MB (model gate)
[prefix-host] demote submitted off the tick: 5088 tokens, 309.0MB, ticket seq=31, 32 items on the contracts door's copy stream (model gate)
[prefix-host] demote pre-submit split: ticket seq=31 leases 0.04 ms (32 pinned, pooled 32 of 32, 151.1 MB, minflt +0), register 0.15 ms, spans 0.18 ms, other 0.05 ms (pre-submit 0.41 ms)
[prefix-host] promote published off the tick: ticket complete after 5 poll(s), 64.0ms from submission to completion (tick-top poll); timeline from t0: submitted +0.22ms (tick 15546, its top -0.41ms); poll 1 at +13.46ms (tick 15547, its top +13.41ms) pending on sources+copies (the tick top); poll 2 at +26.19ms (tick 15548, its top +26.16ms) pending on sources (the tick top); poll 3 at +38.81ms (tick 15549, its top +38.79ms) pending on sources (the tick top); poll 4 at +51.43ms (tick 15550, its top +51.41ms) pending on sources (the tick top); poll 5 at +64.22ms (tick 15551, its top +64.04ms) complete (the tick top); published +64.69ms (tick 15551, its top +64.04ms)
[prefix-host] promote: 5120 tokens, 308.9MB in 64.7ms (model gate)
[prefix-cache] restore not routed (contracts door): the entry was promoted for this admission (insertion pin id=15, 5120 tokens, model gate); the tick program copies it
[worker] plain-affinity: declined (no checkpoint retained; 2 parked, 5120 prompt tokens; model gate)
[prefix-cache] hit: 5120 of 5120 prompt tokens from cache (model gate)
[spec-k] model="gate" tenant="" K=0 source=eligibility-fallback prompt=5120 cached=5120 lcp=5120 active=2 wave=2 placement=single-or-non-pp2
[prefix-cache] source lease released after restore fence (entry 5120 tokens, model gate)
[prefix-host] contracts door D2H receipt: ticket issuer=2 seq=31 epochs=0/1/1 items=32 (16 KV planes) complete=32 require=ok checksums_sha256=b5f6629ec6ccee68ddf323ecfe16164aef909ff1ed869ef318622c50b8572232 retired acknowledged; 96 f32 spans landed under the ticket and taken back before the retire; receipts on the copy stream (source digests, 272.29ms)
[prefix-host] demote copy complete off the tick: ticket seq=31 complete after 22 poll(s), 282.4ms from submission to completion (tick-top poll); items=128 (32 KV, 96 f32 spans); 98 heap payloads (157.9MB) handed to the hash helper; by slot class: conv 48 (5898240 B), ssm 48 (150994944 B), hidden 1 (0 B), logits 1 (993280 B); span receipt sealed on the copy stream (96 landed digests), required before the publication
[prefix-host] demote KV leases on the hash helper: ticket seq=31, 32 lease views (151.1MB) for the bind's re-hash
[prefix-host] demote: 5088 tokens, 309.0MB in 410.1ms (host resident 619.0MB / 8590MB, model gate)
[prefix-host] demote digests landed off the tick: ticket seq=31, 98 payloads (157.9MB) hashed in 121.9ms on the hash helper, landed after 11 poll(s) (tick-top poll); the owner thread held 1.06ms across the demote: pre-submit 0.41, copy settle 0.40 over 22 poll(s), hashing polls 0.05, take-back bind and publish 0.21; owner in-completion 0.66ms; wall 410.1ms t0 to publication; 0 hit(s) parked on the Hashing entry (0 re-park(s))
[prefix-host] demote helper split: ticket seq=31 copy 7.75 ms over 156.9 MB (minflt +0), hash 58.44 ms (helper 121.9 ms)
[prefix-host] demote publication split: ticket seq=31 bind 0.11 ms, reclaim 0.00 ms, insert 0.07 ms (twin: meta 0.00 ms, kv 0.05 ms over 16 leases, f32 0.01 ms over 96 payloads, rest 0.00 ms; 0 evicted in 0.00 ms), pause release 0.00 ms
[meter] admit id=cmpl-d304c825176ca22ece5d3bb10fa40011 tenant=default lane=interactive model="gate"
[admission] request cost: model="gate" ctx=240 path=plain = 29696 B/token x ctx + 8MB prefill-workspace + 317MB fixed = 332MB
[worker] plain-affinity: declined (no checkpoint retained; 2 parked, 16 prompt tokens; model gate)
[spec-k] model="gate" tenant="" K=0 source=eligibility-fallback prompt=16 cached=0 lcp=0 active=1 wave=1 placement=single-or-non-pp2
[meter] admit id=cmpl-fb7e40fb709fe249b8a54a9b69d906f9 tenant=default lane=interactive model="gate"
[worker] plain-affinity: declined (no checkpoint retained; 2 parked, 16 prompt tokens; model gate)
[spec-k] model="gate" tenant="" K=0 source=eligibility-fallback prompt=16 cached=0 lcp=0 active=1 wave=1 placement=single-or-non-pp2
[meter] admit id=cmpl-e559f29251fdcc63331a65d0d08074e7 tenant=default lane=interactive model="gate"
[admission] request cost: model="gate" ctx=5187 path=plain = 29696 B/token x ctx + 1984MB prefill-workspace + 317MB fixed = 2455MB
[prefix-host] promote submitted off the tick: 5088 tokens, 308.0MB, ticket seq=32, 32 items on the contracts door's copy stream, 96 f32 spans filled on the copy stream (156.9MB); owner segment 0.56ms; request parked
[prefix-host] contracts door H2D receipt: ticket issuer=2 seq=32 epochs=0/1/1 items=32 (16 KV planes) complete=32 require=ok checksums_sha256=b5f6629ec6ccee68ddf323ecfe16164aef909ff1ed869ef318622c50b8572232 published retired acknowledged; 96 f32 spans landed under the ticket and taken back before the retire (span receipt: fill 8.77 ms, copies 3.37 ms, digests 0.91 ms); 32 KV checksums on the hash helper (151.1MB in 56.5ms)
[prefix-cache] insert (host-promote): 5088 tokens, 308.0MB (resident 616.9MB / 470MB, model gate)
[prefix-cache] evict (LRU): 5120 tokens, 308.9MB (model gate)
[prefix-host] demote submitted off the tick: 5120 tokens, 310.0MB, ticket seq=33, 32 items on the contracts door's copy stream (model gate)
[prefix-host] demote pre-submit split: ticket seq=33 leases 0.04 ms (32 pinned, pooled 32 of 32, 152.0 MB, minflt +0), register 0.15 ms, spans 0.18 ms, other 0.05 ms (pre-submit 0.42 ms)
[prefix-host] promote published off the tick: ticket complete after 5 poll(s), 61.6ms from submission to completion (tick-top poll); timeline from t0: submitted +0.23ms (tick 16878, its top -5.90ms); poll 1 at +12.87ms (tick 16879, its top +12.83ms) pending on sources+copies (the tick top); poll 2 at +25.21ms (tick 16880, its top +25.18ms) pending on sources (the tick top); poll 3 at +37.36ms (tick 16881, its top +37.34ms) pending on sources (the tick top); poll 4 at +49.53ms (tick 16882, its top +49.52ms) pending on sources (the tick top); poll 5 at +61.87ms (tick 16883, its top +61.69ms) complete (the tick top); published +62.35ms (tick 16883, its top +61.69ms)
[prefix-host] promote: 5088 tokens, 308.0MB in 62.3ms (model gate)
[prefix-cache] restore not routed (contracts door): the entry was promoted for this admission (insertion pin id=16, 5088 tokens, model gate); the tick program copies it
[worker] plain-affinity: declined (no checkpoint retained; 2 parked, 5122 prompt tokens; model gate)
[prefix-cache] hit: 5088 of 5122 prompt tokens from cache (model gate)
[spec-k] model="gate" tenant="" K=0 source=eligibility-fallback prompt=5122 cached=5088 lcp=5088 active=2 wave=2 placement=single-or-non-pp2
[prefix-cache] source lease released after restore fence (entry 5088 tokens, model gate)
[meter] admit id=cmpl-2e374e8458e643bee7cc0c6eb55d0c80 tenant=default lane=interactive model="gate"
[admission] request cost: model="gate" ctx=5185 path=plain = 29696 B/token x ctx + 1984MB prefill-workspace + 317MB fixed = 2455MB
[prefix-host] hit parked on a Demoting entry in its copy phase: request cmpl-2e374e8458e643bee7cc0c6eb55d0c80 (5120 tokens) hits the Demoting entry's 5120 tokens (ticket seq=33, submitted 98.6ms ago); the request waits for the publication (model gate)
[prefix-host] contracts door D2H receipt: ticket issuer=2 seq=33 epochs=0/1/1 items=32 (16 KV planes) complete=32 require=ok checksums_sha256=66b1c0c1a78cea56765e188199286365d766f92deedee1646b2a178e9da3d8f1 retired acknowledged; 96 f32 spans landed under the ticket and taken back before the retire; receipts on the copy stream (source digests, 238.83ms)
[prefix-host] demote copy complete off the tick: ticket seq=33 complete after 14 poll(s), 246.5ms from submission to completion (tick-top poll); items=128 (32 KV, 96 f32 spans); 98 heap payloads (157.9MB) handed to the hash helper; by slot class: conv 48 (5898240 B), ssm 48 (150994944 B), hidden 1 (0 B), logits 1 (993280 B); span receipt sealed on the copy stream (96 landed digests), required before the publication
[prefix-host] demote KV leases on the hash helper: ticket seq=33, 32 lease views (152.0MB) for the bind's re-hash
[prefix-host] demote: 5120 tokens, 310.0MB in 372.3ms (host resident 619.0MB / 8590MB, model gate)
[prefix-host] demote digests landed off the tick: ticket seq=33, 98 payloads (157.9MB) hashed in 122.4ms on the hash helper, landed after 10 poll(s) (tick-top poll); the owner thread held 1.00ms across the demote: pre-submit 0.42, copy settle 0.31 over 14 poll(s), hashing polls 0.05, take-back bind and publish 0.22; owner in-completion 0.68ms; wall 372.3ms t0 to publication; 1 hit(s) parked on the Hashing entry (21 re-park(s))
[prefix-host] demote helper split: ticket seq=33 copy 7.80 ms over 156.9 MB (minflt +0), hash 58.49 ms (helper 122.4 ms)
[prefix-host] demote publication split: ticket seq=33 bind 0.12 ms, reclaim 0.00 ms, insert 0.07 ms (twin: meta 0.00 ms, kv 0.05 ms over 16 leases, f32 0.01 ms over 96 payloads, rest 0.00 ms; 0 evicted in 0.00 ms), pause release 0.00 ms
[prefix-host] promote submitted off the tick: 5120 tokens, 308.9MB, ticket seq=34, 32 items on the contracts door's copy stream, 96 f32 spans filled on the copy stream (156.9MB); owner segment 0.55ms; request parked
[prefix-host] contracts door H2D receipt: ticket issuer=2 seq=34 epochs=0/1/1 items=32 (16 KV planes) complete=32 require=ok checksums_sha256=66b1c0c1a78cea56765e188199286365d766f92deedee1646b2a178e9da3d8f1 published retired acknowledged; 96 f32 spans landed under the ticket and taken back before the retire (span receipt: fill 8.48 ms, copies 3.37 ms, digests 0.92 ms); 32 KV checksums on the hash helper (152.0MB in 56.5ms)
[prefix-cache] insert (host-promote): 5120 tokens, 308.9MB (resident 616.9MB / 470MB, model gate)
[prefix-cache] evict (LRU): 5088 tokens, 308.0MB (model gate)
[prefix-host] demote submitted off the tick: 5088 tokens, 309.0MB, ticket seq=35, 32 items on the contracts door's copy stream (model gate)
[prefix-host] demote pre-submit split: ticket seq=35 leases 0.04 ms (32 pinned, pooled 32 of 32, 151.1 MB, minflt +0), register 0.15 ms, spans 0.18 ms, other 0.05 ms (pre-submit 0.42 ms)
[prefix-host] promote published off the tick: ticket complete after 5 poll(s), 64.0ms from submission to completion (tick-top poll); timeline from t0: submitted +0.22ms (tick 16907, its top -0.41ms); poll 1 at +13.48ms (tick 16908, its top +13.43ms) pending on sources+copies (the tick top); poll 2 at +26.22ms (tick 16909, its top +26.19ms) pending on sources (the tick top); poll 3 at +38.82ms (tick 16910, its top +38.80ms) pending on sources (the tick top); poll 4 at +51.45ms (tick 16911, its top +51.43ms) pending on sources (the tick top); poll 5 at +64.23ms (tick 16912, its top +64.06ms) complete (the tick top); published +64.69ms (tick 16912, its top +64.06ms)
[prefix-host] promote: 5120 tokens, 308.9MB in 64.7ms (model gate)
[prefix-cache] restore not routed (contracts door): the entry was promoted for this admission (insertion pin id=17, 5120 tokens, model gate); the tick program copies it
[worker] plain-affinity: declined (no checkpoint retained; 2 parked, 5120 prompt tokens; model gate)
[prefix-cache] hit: 5120 of 5120 prompt tokens from cache (model gate)
[spec-k] model="gate" tenant="" K=0 source=eligibility-fallback prompt=5120 cached=5120 lcp=5120 active=2 wave=2 placement=single-or-non-pp2
[prefix-cache] source lease released after restore fence (entry 5120 tokens, model gate)
[prefix-host] contracts door D2H receipt: ticket issuer=2 seq=35 epochs=0/1/1 items=32 (16 KV planes) complete=32 require=ok checksums_sha256=b5f6629ec6ccee68ddf323ecfe16164aef909ff1ed869ef318622c50b8572232 retired acknowledged; 96 f32 spans landed under the ticket and taken back before the retire; receipts on the copy stream (source digests, 272.79ms)
[prefix-host] demote copy complete off the tick: ticket seq=35 complete after 22 poll(s), 282.5ms from submission to completion (tick-top poll); items=128 (32 KV, 96 f32 spans); 98 heap payloads (157.9MB) handed to the hash helper; by slot class: conv 48 (5898240 B), ssm 48 (150994944 B), hidden 1 (0 B), logits 1 (993280 B); span receipt sealed on the copy stream (96 landed digests), required before the publication
[prefix-host] demote KV leases on the hash helper: ticket seq=35, 32 lease views (151.1MB) for the bind's re-hash
[prefix-host] demote: 5088 tokens, 309.0MB in 410.2ms (host resident 619.0MB / 8590MB, model gate)
[prefix-host] demote digests landed off the tick: ticket seq=35, 98 payloads (157.9MB) hashed in 122.1ms on the hash helper, landed after 11 poll(s) (tick-top poll); the owner thread held 1.07ms across the demote: pre-submit 0.42, copy settle 0.39 over 22 poll(s), hashing polls 0.05, take-back bind and publish 0.21; owner in-completion 0.67ms; wall 410.2ms t0 to publication; 0 hit(s) parked on the Hashing entry (0 re-park(s))
[prefix-host] demote helper split: ticket seq=35 copy 7.78 ms over 156.9 MB (minflt +0), hash 58.59 ms (helper 122.1 ms)
[prefix-host] demote publication split: ticket seq=35 bind 0.11 ms, reclaim 0.00 ms, insert 0.07 ms (twin: meta 0.00 ms, kv 0.05 ms over 16 leases, f32 0.01 ms over 96 payloads, rest 0.00 ms; 0 evicted in 0.00 ms), pause release 0.00 ms
[meter] admit id=cmpl-fd8c32530f427cceb76a3f51489f00c4 tenant=default lane=interactive model="gate"
[admission] request cost: model="gate" ctx=240 path=plain = 29696 B/token x ctx + 8MB prefill-workspace + 317MB fixed = 332MB
[worker] plain-affinity: declined (no checkpoint retained; 2 parked, 16 prompt tokens; model gate)
[spec-k] model="gate" tenant="" K=0 source=eligibility-fallback prompt=16 cached=0 lcp=0 active=1 wave=1 placement=single-or-non-pp2
[meter] admit id=cmpl-9fb7ba1dd1332f7118d1bb2f4145ab7f tenant=default lane=interactive model="gate"
[worker] plain-affinity: declined (no checkpoint retained; 2 parked, 16 prompt tokens; model gate)
[spec-k] model="gate" tenant="" K=0 source=eligibility-fallback prompt=16 cached=0 lcp=0 active=1 wave=1 placement=single-or-non-pp2
[meter] admit id=cmpl-f7082ebb0e308509cf28b5f341265a9b tenant=default lane=interactive model="gate"
[admission] request cost: model="gate" ctx=5187 path=plain = 29696 B/token x ctx + 1984MB prefill-workspace + 317MB fixed = 2455MB
[prefix-host] promote submitted off the tick: 5088 tokens, 308.0MB, ticket seq=36, 32 items on the contracts door's copy stream, 96 f32 spans filled on the copy stream (156.9MB); owner segment 0.54ms; request parked
[prefix-host] contracts door H2D receipt: ticket issuer=2 seq=36 epochs=0/1/1 items=32 (16 KV planes) complete=32 require=ok checksums_sha256=b5f6629ec6ccee68ddf323ecfe16164aef909ff1ed869ef318622c50b8572232 published retired acknowledged; 96 f32 spans landed under the ticket and taken back before the retire (span receipt: fill 8.85 ms, copies 3.32 ms, digests 0.91 ms); 32 KV checksums on the hash helper (151.1MB in 56.4ms)
[prefix-cache] insert (host-promote): 5088 tokens, 308.0MB (resident 616.9MB / 470MB, model gate)
[prefix-cache] evict (LRU): 5120 tokens, 308.9MB (model gate)
[prefix-host] demote submitted off the tick: 5120 tokens, 310.0MB, ticket seq=37, 32 items on the contracts door's copy stream (model gate)
[prefix-host] demote pre-submit split: ticket seq=37 leases 0.03 ms (32 pinned, pooled 32 of 32, 152.0 MB, minflt +0), register 0.15 ms, spans 0.18 ms, other 0.05 ms (pre-submit 0.41 ms)
[prefix-host] promote published off the tick: ticket complete after 5 poll(s), 61.7ms from submission to completion (tick-top poll); timeline from t0: submitted +0.22ms (tick 18212, its top -5.87ms); poll 1 at +12.86ms (tick 18213, its top +12.82ms) pending on sources+copies (the tick top); poll 2 at +25.21ms (tick 18214, its top +25.19ms) pending on sources (the tick top); poll 3 at +37.39ms (tick 18215, its top +37.37ms) pending on sources (the tick top); poll 4 at +49.55ms (tick 18216, its top +49.53ms) pending on sources (the tick top); poll 5 at +61.89ms (tick 18217, its top +61.72ms) complete (the tick top); published +62.36ms (tick 18217, its top +61.72ms)
[prefix-host] promote: 5088 tokens, 308.0MB in 62.4ms (model gate)
[prefix-cache] restore not routed (contracts door): the entry was promoted for this admission (insertion pin id=18, 5088 tokens, model gate); the tick program copies it
[worker] plain-affinity: declined (no checkpoint retained; 2 parked, 5122 prompt tokens; model gate)
[prefix-cache] hit: 5088 of 5122 prompt tokens from cache (model gate)
[spec-k] model="gate" tenant="" K=0 source=eligibility-fallback prompt=5122 cached=5088 lcp=5088 active=2 wave=2 placement=single-or-non-pp2
[prefix-cache] source lease released after restore fence (entry 5088 tokens, model gate)
[meter] admit id=cmpl-037ab72c39f46b55845e4db3e469bd60 tenant=default lane=interactive model="gate"
[admission] request cost: model="gate" ctx=5185 path=plain = 29696 B/token x ctx + 1984MB prefill-workspace + 317MB fixed = 2455MB
[prefix-host] hit parked on a Demoting entry in its copy phase: request cmpl-037ab72c39f46b55845e4db3e469bd60 (5120 tokens) hits the Demoting entry's 5120 tokens (ticket seq=37, submitted 98.9ms ago); the request waits for the publication (model gate)
[prefix-host] contracts door D2H receipt: ticket issuer=2 seq=37 epochs=0/1/1 items=32 (16 KV planes) complete=32 require=ok checksums_sha256=66b1c0c1a78cea56765e188199286365d766f92deedee1646b2a178e9da3d8f1 retired acknowledged; 96 f32 spans landed under the ticket and taken back before the retire; receipts on the copy stream (source digests, 239.59ms)
[prefix-host] demote copy complete off the tick: ticket seq=37 complete after 14 poll(s), 246.8ms from submission to completion (tick-top poll); items=128 (32 KV, 96 f32 spans); 98 heap payloads (157.9MB) handed to the hash helper; by slot class: conv 48 (5898240 B), ssm 48 (150994944 B), hidden 1 (0 B), logits 1 (993280 B); span receipt sealed on the copy stream (96 landed digests), required before the publication
[prefix-host] demote KV leases on the hash helper: ticket seq=37, 32 lease views (152.0MB) for the bind's re-hash
[prefix-host] demote: 5120 tokens, 310.0MB in 372.7ms (host resident 619.0MB / 8590MB, model gate)
[prefix-host] demote digests landed off the tick: ticket seq=37, 98 payloads (157.9MB) hashed in 122.7ms on the hash helper, landed after 10 poll(s) (tick-top poll); the owner thread held 0.99ms across the demote: pre-submit 0.41, copy settle 0.31 over 14 poll(s), hashing polls 0.05, take-back bind and publish 0.22; owner in-completion 0.68ms; wall 372.8ms t0 to publication; 1 hit(s) parked on the Hashing entry (21 re-park(s))
[prefix-host] demote helper split: ticket seq=37 copy 7.80 ms over 156.9 MB (minflt +0), hash 58.77 ms (helper 122.7 ms)
[prefix-host] demote publication split: ticket seq=37 bind 0.11 ms, reclaim 0.00 ms, insert 0.07 ms (twin: meta 0.00 ms, kv 0.05 ms over 16 leases, f32 0.01 ms over 96 payloads, rest 0.00 ms; 0 evicted in 0.00 ms), pause release 0.00 ms
[prefix-host] promote submitted off the tick: 5120 tokens, 308.9MB, ticket seq=38, 32 items on the contracts door's copy stream, 96 f32 spans filled on the copy stream (156.9MB); owner segment 0.55ms; request parked
[prefix-host] contracts door H2D receipt: ticket issuer=2 seq=38 epochs=0/1/1 items=32 (16 KV planes) complete=32 require=ok checksums_sha256=66b1c0c1a78cea56765e188199286365d766f92deedee1646b2a178e9da3d8f1 published retired acknowledged; 96 f32 spans landed under the ticket and taken back before the retire (span receipt: fill 8.49 ms, copies 3.37 ms, digests 0.95 ms); 32 KV checksums on the hash helper (152.0MB in 56.8ms)
[prefix-cache] insert (host-promote): 5120 tokens, 308.9MB (resident 616.9MB / 470MB, model gate)
[prefix-cache] evict (LRU): 5088 tokens, 308.0MB (model gate)
[prefix-host] demote submitted off the tick: 5088 tokens, 309.0MB, ticket seq=39, 32 items on the contracts door's copy stream (model gate)
[prefix-host] demote pre-submit split: ticket seq=39 leases 0.04 ms (32 pinned, pooled 32 of 32, 151.1 MB, minflt +0), register 0.15 ms, spans 0.18 ms, other 0.05 ms (pre-submit 0.42 ms)
[prefix-host] promote published off the tick: ticket complete after 5 poll(s), 64.1ms from submission to completion (tick-top poll); timeline from t0: submitted +0.22ms (tick 18241, its top -0.40ms); poll 1 at +13.51ms (tick 18242, its top +13.45ms) pending on sources+copies (the tick top); poll 2 at +26.26ms (tick 18243, its top +26.23ms) pending on sources (the tick top); poll 3 at +38.88ms (tick 18244, its top +38.86ms) pending on sources (the tick top); poll 4 at +51.53ms (tick 18245, its top +51.51ms) pending on sources (the tick top); poll 5 at +64.33ms (tick 18246, its top +64.14ms) complete (the tick top); published +64.80ms (tick 18246, its top +64.14ms)
[prefix-host] promote: 5120 tokens, 308.9MB in 64.8ms (model gate)
[prefix-cache] restore not routed (contracts door): the entry was promoted for this admission (insertion pin id=19, 5120 tokens, model gate); the tick program copies it
[worker] plain-affinity: declined (no checkpoint retained; 2 parked, 5120 prompt tokens; model gate)
[prefix-cache] hit: 5120 of 5120 prompt tokens from cache (model gate)
[spec-k] model="gate" tenant="" K=0 source=eligibility-fallback prompt=5120 cached=5120 lcp=5120 active=2 wave=2 placement=single-or-non-pp2
[prefix-cache] source lease released after restore fence (entry 5120 tokens, model gate)
[prefix-host] contracts door D2H receipt: ticket issuer=2 seq=39 epochs=0/1/1 items=32 (16 KV planes) complete=32 require=ok checksums_sha256=b5f6629ec6ccee68ddf323ecfe16164aef909ff1ed869ef318622c50b8572232 retired acknowledged; 96 f32 spans landed under the ticket and taken back before the retire; receipts on the copy stream (source digests, 274.10ms)
[prefix-host] demote copy complete off the tick: ticket seq=39 complete after 22 poll(s), 282.6ms from submission to completion (tick-top poll); items=128 (32 KV, 96 f32 spans); 98 heap payloads (157.9MB) handed to the hash helper; by slot class: conv 48 (5898240 B), ssm 48 (150994944 B), hidden 1 (0 B), logits 1 (993280 B); span receipt sealed on the copy stream (96 landed digests), required before the publication
[prefix-host] demote KV leases on the hash helper: ticket seq=39, 32 lease views (151.1MB) for the bind's re-hash
[prefix-host] demote: 5088 tokens, 309.0MB in 410.6ms (host resident 619.0MB / 8590MB, model gate)
[prefix-host] demote digests landed off the tick: ticket seq=39, 98 payloads (157.9MB) hashed in 122.3ms on the hash helper, landed after 11 poll(s) (tick-top poll); the owner thread held 1.08ms across the demote: pre-submit 0.42, copy settle 0.39 over 22 poll(s), hashing polls 0.05, take-back bind and publish 0.22; owner in-completion 0.68ms; wall 410.6ms t0 to publication; 0 hit(s) parked on the Hashing entry (0 re-park(s))
[prefix-host] demote helper split: ticket seq=39 copy 7.79 ms over 156.9 MB (minflt +0), hash 58.66 ms (helper 122.3 ms)
[prefix-host] demote publication split: ticket seq=39 bind 0.11 ms, reclaim 0.00 ms, insert 0.08 ms (twin: meta 0.00 ms, kv 0.05 ms over 16 leases, f32 0.02 ms over 96 payloads, rest 0.00 ms; 0 evicted in 0.00 ms), pause release 0.00 ms
[meter] admit id=cmpl-2304eb80f9b9883aa0587c667d97e8c2 tenant=default lane=interactive model="gate"
[admission] request cost: model="gate" ctx=240 path=plain = 29696 B/token x ctx + 8MB prefill-workspace + 317MB fixed = 332MB
[worker] plain-affinity: declined (no checkpoint retained; 2 parked, 16 prompt tokens; model gate)
[spec-k] model="gate" tenant="" K=0 source=eligibility-fallback prompt=16 cached=0 lcp=0 active=1 wave=1 placement=single-or-non-pp2
[meter] admit id=cmpl-55839d0e416f8b3472120b425e7428c9 tenant=default lane=interactive model="gate"
[worker] plain-affinity: declined (no checkpoint retained; 2 parked, 16 prompt tokens; model gate)
[spec-k] model="gate" tenant="" K=0 source=eligibility-fallback prompt=16 cached=0 lcp=0 active=1 wave=1 placement=single-or-non-pp2
[meter] admit id=cmpl-d08323ee50b71769df96126044e82eda tenant=default lane=interactive model="gate"
[admission] request cost: model="gate" ctx=5187 path=plain = 29696 B/token x ctx + 1984MB prefill-workspace + 317MB fixed = 2455MB
[prefix-host] promote submitted off the tick: 5088 tokens, 308.0MB, ticket seq=40, 32 items on the contracts door's copy stream, 96 f32 spans filled on the copy stream (156.9MB); owner segment 0.53ms; request parked
[prefix-host] contracts door H2D receipt: ticket issuer=2 seq=40 epochs=0/1/1 items=32 (16 KV planes) complete=32 require=ok checksums_sha256=b5f6629ec6ccee68ddf323ecfe16164aef909ff1ed869ef318622c50b8572232 published retired acknowledged; 96 f32 spans landed under the ticket and taken back before the retire (span receipt: fill 8.59 ms, copies 3.35 ms, digests 0.94 ms); 32 KV checksums on the hash helper (151.1MB in 56.6ms)
[prefix-cache] insert (host-promote): 5088 tokens, 308.0MB (resident 616.9MB / 470MB, model gate)
[prefix-cache] evict (LRU): 5120 tokens, 308.9MB (model gate)
[prefix-host] demote submitted off the tick: 5120 tokens, 310.0MB, ticket seq=41, 32 items on the contracts door's copy stream (model gate)
[prefix-host] demote pre-submit split: ticket seq=41 leases 0.04 ms (32 pinned, pooled 32 of 32, 152.0 MB, minflt +0), register 0.15 ms, spans 0.18 ms, other 0.05 ms (pre-submit 0.41 ms)
[prefix-host] promote published off the tick: ticket complete after 5 poll(s), 61.7ms from submission to completion (tick-top poll); timeline from t0: submitted +0.23ms (tick 19549, its top -5.88ms); poll 1 at +12.83ms (tick 19550, its top +12.79ms) pending on sources+copies (the tick top); poll 2 at +25.17ms (tick 19551, its top +25.15ms) pending on sources (the tick top); poll 3 at +37.33ms (tick 19552, its top +37.31ms) pending on sources (the tick top); poll 4 at +49.57ms (tick 19553, its top +49.55ms) pending on sources (the tick top); poll 5 at +61.89ms (tick 19554, its top +61.71ms) complete (the tick top); published +62.35ms (tick 19554, its top +61.71ms)
[prefix-host] promote: 5088 tokens, 308.0MB in 62.4ms (model gate)
[prefix-cache] restore not routed (contracts door): the entry was promoted for this admission (insertion pin id=20, 5088 tokens, model gate); the tick program copies it
[worker] plain-affinity: declined (no checkpoint retained; 2 parked, 5122 prompt tokens; model gate)
[prefix-cache] hit: 5088 of 5122 prompt tokens from cache (model gate)
[spec-k] model="gate" tenant="" K=0 source=eligibility-fallback prompt=5122 cached=5088 lcp=5088 active=2 wave=2 placement=single-or-non-pp2
[prefix-cache] source lease released after restore fence (entry 5088 tokens, model gate)
[meter] admit id=cmpl-aa5a00167d0b6d4d977373f67985020e tenant=default lane=interactive model="gate"
[admission] request cost: model="gate" ctx=5185 path=plain = 29696 B/token x ctx + 1984MB prefill-workspace + 317MB fixed = 2455MB
[prefix-host] hit parked on a Demoting entry in its copy phase: request cmpl-aa5a00167d0b6d4d977373f67985020e (5120 tokens) hits the Demoting entry's 5120 tokens (ticket seq=41, submitted 98.9ms ago); the request waits for the publication (model gate)
[prefix-host] contracts door D2H receipt: ticket issuer=2 seq=41 epochs=0/1/1 items=32 (16 KV planes) complete=32 require=ok checksums_sha256=66b1c0c1a78cea56765e188199286365d766f92deedee1646b2a178e9da3d8f1 retired acknowledged; 96 f32 spans landed under the ticket and taken back before the retire; receipts on the copy stream (source digests, 239.69ms)
[prefix-host] demote copy complete off the tick: ticket seq=41 complete after 14 poll(s), 246.8ms from submission to completion (tick-top poll); items=128 (32 KV, 96 f32 spans); 98 heap payloads (157.9MB) handed to the hash helper; by slot class: conv 48 (5898240 B), ssm 48 (150994944 B), hidden 1 (0 B), logits 1 (993280 B); span receipt sealed on the copy stream (96 landed digests), required before the publication
[prefix-host] demote KV leases on the hash helper: ticket seq=41, 32 lease views (152.0MB) for the bind's re-hash
[prefix-host] demote: 5120 tokens, 310.0MB in 372.6ms (host resident 619.0MB / 8590MB, model gate)
[prefix-host] demote digests landed off the tick: ticket seq=41, 98 payloads (157.9MB) hashed in 122.3ms on the hash helper, landed after 10 poll(s) (tick-top poll); the owner thread held 0.99ms across the demote: pre-submit 0.41, copy settle 0.32 over 14 poll(s), hashing polls 0.05, take-back bind and publish 0.22; owner in-completion 0.68ms; wall 372.6ms t0 to publication; 1 hit(s) parked on the Hashing entry (21 re-park(s))
[prefix-host] demote helper split: ticket seq=41 copy 7.78 ms over 156.9 MB (minflt +0), hash 58.46 ms (helper 122.3 ms)
[prefix-host] demote publication split: ticket seq=41 bind 0.11 ms, reclaim 0.00 ms, insert 0.07 ms (twin: meta 0.00 ms, kv 0.05 ms over 16 leases, f32 0.01 ms over 96 payloads, rest 0.00 ms; 0 evicted in 0.00 ms), pause release 0.00 ms
[prefix-host] promote submitted off the tick: 5120 tokens, 308.9MB, ticket seq=42, 32 items on the contracts door's copy stream, 96 f32 spans filled on the copy stream (156.9MB); owner segment 0.54ms; request parked
[prefix-host] contracts door H2D receipt: ticket issuer=2 seq=42 epochs=0/1/1 items=32 (16 KV planes) complete=32 require=ok checksums_sha256=66b1c0c1a78cea56765e188199286365d766f92deedee1646b2a178e9da3d8f1 published retired acknowledged; 96 f32 spans landed under the ticket and taken back before the retire (span receipt: fill 8.47 ms, copies 3.36 ms, digests 0.98 ms); 32 KV checksums on the hash helper (152.0MB in 56.5ms)
[prefix-cache] insert (host-promote): 5120 tokens, 308.9MB (resident 616.9MB / 470MB, model gate)
[prefix-cache] evict (LRU): 5088 tokens, 308.0MB (model gate)
[prefix-host] demote submitted off the tick: 5088 tokens, 309.0MB, ticket seq=43, 32 items on the contracts door's copy stream (model gate)
[prefix-host] demote pre-submit split: ticket seq=43 leases 0.03 ms (32 pinned, pooled 32 of 32, 151.1 MB, minflt +0), register 0.15 ms, spans 0.18 ms, other 0.05 ms (pre-submit 0.41 ms)
[prefix-host] promote published off the tick: ticket complete after 5 poll(s), 64.0ms from submission to completion (tick-top poll); timeline from t0: submitted +0.22ms (tick 19578, its top -0.41ms); poll 1 at +13.48ms (tick 19579, its top +13.43ms) pending on sources+copies (the tick top); poll 2 at +26.22ms (tick 19580, its top +26.19ms) pending on sources (the tick top); poll 3 at +38.84ms (tick 19581, its top +38.81ms) pending on sources (the tick top); poll 4 at +51.45ms (tick 19582, its top +51.43ms) pending on sources (the tick top); poll 5 at +64.25ms (tick 19583, its top +64.07ms) complete (the tick top); published +64.73ms (tick 19583, its top +64.07ms)
[prefix-host] promote: 5120 tokens, 308.9MB in 64.7ms (model gate)
[prefix-cache] restore not routed (contracts door): the entry was promoted for this admission (insertion pin id=21, 5120 tokens, model gate); the tick program copies it
[worker] plain-affinity: declined (no checkpoint retained; 2 parked, 5120 prompt tokens; model gate)
[prefix-cache] hit: 5120 of 5120 prompt tokens from cache (model gate)
[spec-k] model="gate" tenant="" K=0 source=eligibility-fallback prompt=5120 cached=5120 lcp=5120 active=2 wave=2 placement=single-or-non-pp2
[prefix-cache] source lease released after restore fence (entry 5120 tokens, model gate)
[prefix-host] contracts door D2H receipt: ticket issuer=2 seq=43 epochs=0/1/1 items=32 (16 KV planes) complete=32 require=ok checksums_sha256=b5f6629ec6ccee68ddf323ecfe16164aef909ff1ed869ef318622c50b8572232 retired acknowledged; 96 f32 spans landed under the ticket and taken back before the retire; receipts on the copy stream (source digests, 273.91ms)
[prefix-host] demote copy complete off the tick: ticket seq=43 complete after 22 poll(s), 282.6ms from submission to completion (tick-top poll); items=128 (32 KV, 96 f32 spans); 98 heap payloads (157.9MB) handed to the hash helper; by slot class: conv 48 (5898240 B), ssm 48 (150994944 B), hidden 1 (0 B), logits 1 (993280 B); span receipt sealed on the copy stream (96 landed digests), required before the publication
[prefix-host] demote KV leases on the hash helper: ticket seq=43, 32 lease views (151.1MB) for the bind's re-hash
[prefix-host] demote: 5088 tokens, 309.0MB in 410.4ms (host resident 619.0MB / 8590MB, model gate)
[prefix-host] demote digests landed off the tick: ticket seq=43, 98 payloads (157.9MB) hashed in 122.0ms on the hash helper, landed after 11 poll(s) (tick-top poll); the owner thread held 1.08ms across the demote: pre-submit 0.41, copy settle 0.40 over 22 poll(s), hashing polls 0.05, take-back bind and publish 0.22; owner in-completion 0.68ms; wall 410.4ms t0 to publication; 0 hit(s) parked on the Hashing entry (0 re-park(s))
[prefix-host] demote helper split: ticket seq=43 copy 7.80 ms over 156.9 MB (minflt +0), hash 58.45 ms (helper 122.0 ms)
[prefix-host] demote publication split: ticket seq=43 bind 0.11 ms, reclaim 0.00 ms, insert 0.08 ms (twin: meta 0.00 ms, kv 0.05 ms over 16 leases, f32 0.01 ms over 96 payloads, rest 0.01 ms; 0 evicted in 0.00 ms), pause release 0.00 ms
[meter] admit id=cmpl-5c2811f778969654288c0b5da6a28dd1 tenant=default lane=interactive model="gate"
[admission] request cost: model="gate" ctx=240 path=plain = 29696 B/token x ctx + 8MB prefill-workspace + 317MB fixed = 332MB
[worker] plain-affinity: declined (no checkpoint retained; 2 parked, 16 prompt tokens; model gate)
[spec-k] model="gate" tenant="" K=0 source=eligibility-fallback prompt=16 cached=0 lcp=0 active=1 wave=1 placement=single-or-non-pp2
[server] SIGTERM: draining (0 in flight, deadline 30s)
[server] drain complete in 0.0s; exiting
[prefix-host] hash helper joined (shutdown)
[server] GPU worker shutdown complete
