timestamp, index, pstate, clocks.current.sm [MHz], clocks.current.memory [MHz], power.draw [W], power.limit [W], power.max_limit [W], temperature.gpu, memory.used [MiB], utilization.gpu [%], pcie.link.gen.current, pcie.link.width.current
2026/09/20 11:39:40.262, 0, P8, 195 MHz, 405 MHz, 11.54 W, 600.00 W, 600.00 W, 26, 2 MiB, 0 %, 1, 16
2026/09/20 11:39:40.527, 0, P8, 195 MHz, 405 MHz, 11.54 W, 600.00 W, 600.00 W, 26, 2 MiB, 0 %, 1, 16
2026/09/20 11:39:40.779, 0, P8, 195 MHz, 405 MHz, 11.54 W, 600.00 W, 600.00 W, 26, 2 MiB, 0 %, 1, 16
2026/09/20 11:39:41.030, 0, P8, 195 MHz, 405 MHz, 11.76 W, 600.00 W, 600.00 W, 26, 2 MiB, 0 %, 1, 16
2026/09/20 11:39:41.281, 0, P8, 195 MHz, 405 MHz, 11.76 W, 600.00 W, 600.00 W, 26, 2 MiB, 0 %, 1, 16
2026/09/20 11:39:41.532, 0, P8, 195 MHz, 405 MHz, 11.76 W, 600.00 W, 600.00 W, 26, 2 MiB, 0 %, 1, 16
2026/09/20 11:39:41.783, 0, P8, 195 MHz, 405 MHz, 11.76 W, 600.00 W, 600.00 W, 26, 2 MiB, 0 %, 1, 16
2026/09/20 11:39:42.034, 0, P8, 195 MHz, 405 MHz, 12.02 W, 600.00 W, 600.00 W, 26, 2 MiB, 0 %, 1, 16
2026/09/20 11:39:42.285, 0, P8, 195 MHz, 405 MHz, 12.02 W, 600.00 W, 600.00 W, 26, 2 MiB, 0 %, 1, 16
2026/09/20 11:39:42.536, 0, P8, 195 MHz, 405 MHz, 12.02 W, 600.00 W, 600.00 W, 26, 2 MiB, 0 %, 1, 16
2026/09/20 11:39:42.788, 0, P8, 195 MHz, 405 MHz, 12.02 W, 600.00 W, 600.00 W, 26, 2 MiB, 0 %, 1, 16
2026/09/20 11:39:43.039, 0, P8, 195 MHz, 405 MHz, 11.67 W, 600.00 W, 600.00 W, 26, 2 MiB, 0 %, 1, 16
2026/09/20 11:39:43.290, 0, P8, 195 MHz, 405 MHz, 11.67 W, 600.00 W, 600.00 W, 26, 2 MiB, 0 %, 1, 16
2026/09/20 11:39:43.541, 0, P8, 195 MHz, 405 MHz, 11.67 W, 600.00 W, 600.00 W, 26, 2 MiB, 0 %, 1, 16
2026/09/20 11:39:43.792, 0, P8, 195 MHz, 405 MHz, 11.67 W, 600.00 W, 600.00 W, 26, 2 MiB, 0 %, 1, 16
2026/09/20 11:39:44.043, 0, P8, 195 MHz, 405 MHz, 11.82 W, 600.00 W, 600.00 W, 26, 2 MiB, 0 %, 1, 16
2026/09/20 11:39:44.294, 0, P8, 195 MHz, 405 MHz, 11.82 W, 600.00 W, 600.00 W, 26, 2 MiB, 0 %, 1, 16
2026/09/20 11:39:44.545, 0, P8, 195 MHz, 405 MHz, 11.82 W, 600.00 W, 600.00 W, 26, 2 MiB, 0 %, 1, 16
2026/09/20 11:39:44.796, 0, P8, 195 MHz, 405 MHz, 11.82 W, 600.00 W, 600.00 W, 26, 2 MiB, 0 %, 1, 16
2026/09/20 11:39:45.048, 0, P8, 195 MHz, 405 MHz, 11.84 W, 600.00 W, 600.00 W, 26, 2 MiB, 0 %, 1, 16
2026/09/20 11:39:45.299, 0, P8, 195 MHz, 405 MHz, 11.84 W, 600.00 W, 600.00 W, 26, 2 MiB, 0 %, 1, 16
2026/09/20 11:39:45.550, 0, P8, 195 MHz, 405 MHz, 11.84 W, 600.00 W, 600.00 W, 26, 2 MiB, 0 %, 1, 16
2026/09/20 11:39:45.801, 0, P8, 195 MHz, 405 MHz, 11.84 W, 600.00 W, 600.00 W, 26, 2 MiB, 0 %, 1, 16
2026/09/20 11:39:46.052, 0, P8, 195 MHz, 405 MHz, 11.77 W, 600.00 W, 600.00 W, 26, 2 MiB, 0 %, 1, 16
2026/09/20 11:39:46.303, 0, P8, 195 MHz, 405 MHz, 11.77 W, 600.00 W, 600.00 W, 26, 2 MiB, 0 %, 1, 16
2026/09/20 11:39:46.554, 0, P8, 195 MHz, 405 MHz, 11.77 W, 600.00 W, 600.00 W, 26, 2 MiB, 0 %, 1, 16
2026/09/20 11:39:46.806, 0, P8, 195 MHz, 405 MHz, 11.77 W, 600.00 W, 600.00 W, 26, 2 MiB, 0 %, 1, 16
2026/09/20 11:39:47.057, 0, P8, 195 MHz, 405 MHz, 11.72 W, 600.00 W, 600.00 W, 26, 2 MiB, 0 %, 1, 16
2026/09/20 11:39:47.308, 0, P8, 195 MHz, 405 MHz, 11.72 W, 600.00 W, 600.00 W, 26, 2 MiB, 0 %, 1, 16
2026/09/20 11:39:47.559, 0, P8, 195 MHz, 405 MHz, 11.72 W, 600.00 W, 600.00 W, 26, 2 MiB, 0 %, 1, 16
2026/09/20 11:39:47.810, 0, P8, 195 MHz, 405 MHz, 11.72 W, 600.00 W, 600.00 W, 26, 2 MiB, 0 %, 1, 16
2026/09/20 11:39:48.061, 0, P8, 195 MHz, 405 MHz, 11.80 W, 600.00 W, 600.00 W, 26, 2 MiB, 0 %, 1, 16
2026/09/20 11:39:48.312, 0, P8, 195 MHz, 405 MHz, 11.80 W, 600.00 W, 600.00 W, 26, 2 MiB, 0 %, 1, 16
2026/09/20 11:39:48.563, 0, P8, 195 MHz, 405 MHz, 11.80 W, 600.00 W, 600.00 W, 26, 2 MiB, 0 %, 1, 16
2026/09/20 11:39:48.815, 0, P8, 195 MHz, 405 MHz, 11.80 W, 600.00 W, 600.00 W, 26, 2 MiB, 0 %, 1, 16
2026/09/20 11:39:49.066, 0, P8, 195 MHz, 405 MHz, 11.86 W, 600.00 W, 600.00 W, 26, 2 MiB, 0 %, 1, 16
2026/09/20 11:39:49.317, 0, P8, 195 MHz, 405 MHz, 11.86 W, 600.00 W, 600.00 W, 26, 2 MiB, 0 %, 1, 16
2026/09/20 11:39:49.568, 0, P8, 195 MHz, 405 MHz, 11.86 W, 600.00 W, 600.00 W, 26, 2 MiB, 0 %, 1, 16
2026/09/20 11:39:49.819, 0, P8, 195 MHz, 405 MHz, 11.86 W, 600.00 W, 600.00 W, 26, 2 MiB, 0 %, 1, 16
2026/09/20 11:39:50.070, 0, P8, 195 MHz, 405 MHz, 11.91 W, 600.00 W, 600.00 W, 26, 2 MiB, 0 %, 1, 16
2026/09/20 11:39:50.321, 0, P8, 195 MHz, 405 MHz, 11.91 W, 600.00 W, 600.00 W, 26, 2 MiB, 0 %, 1, 16
2026/09/20 11:39:50.572, 0, P8, 195 MHz, 405 MHz, 11.91 W, 600.00 W, 600.00 W, 26, 2 MiB, 0 %, 1, 16
2026/09/20 11:39:50.823, 0, P8, 195 MHz, 405 MHz, 11.91 W, 600.00 W, 600.00 W, 26, 2 MiB, 0 %, 1, 16
2026/09/20 11:39:51.074, 0, P8, 195 MHz, 405 MHz, 11.71 W, 600.00 W, 600.00 W, 26, 2 MiB, 0 %, 1, 16
2026/09/20 11:39:51.325, 0, P8, 195 MHz, 405 MHz, 11.71 W, 600.00 W, 600.00 W, 26, 2 MiB, 0 %, 1, 16
2026/09/20 11:39:51.576, 0, P8, 195 MHz, 405 MHz, 11.71 W, 600.00 W, 600.00 W, 26, 2 MiB, 0 %, 1, 16
2026/09/20 11:39:51.828, 0, P8, 195 MHz, 405 MHz, 11.71 W, 600.00 W, 600.00 W, 26, 2 MiB, 0 %, 1, 16
2026/09/20 11:39:52.079, 0, P8, 195 MHz, 405 MHz, 11.33 W, 600.00 W, 600.00 W, 26, 2 MiB, 0 %, 1, 16
2026/09/20 11:39:52.330, 0, P8, 195 MHz, 405 MHz, 11.33 W, 600.00 W, 600.00 W, 26, 2 MiB, 0 %, 1, 16
2026/09/20 11:39:52.581, 0, P8, 195 MHz, 405 MHz, 11.33 W, 600.00 W, 600.00 W, 26, 2 MiB, 0 %, 1, 16
2026/09/20 11:39:52.832, 0, P8, 195 MHz, 405 MHz, 11.33 W, 600.00 W, 600.00 W, 26, 22 MiB, 0 %, 1, 16
2026/09/20 11:39:53.084, 0, P1, 892 MHz, 13801 MHz, 19.28 W, 600.00 W, 600.00 W, 27, 544 MiB, 1 %, 5, 16
2026/09/20 11:39:53.335, 0, P1, 892 MHz, 13801 MHz, 19.28 W, 600.00 W, 600.00 W, 27, 544 MiB, 1 %, 5, 16
2026/09/20 11:39:53.585, 0, P1, 2542 MHz, 13801 MHz, 29.80 W, 600.00 W, 600.00 W, 27, 1504 MiB, 4 %, 5, 16
2026/09/20 11:39:53.836, 0, P1, 2542 MHz, 13801 MHz, 29.80 W, 600.00 W, 600.00 W, 27, 1952 MiB, 4 %, 5, 16
2026/09/20 11:39:54.087, 0, P1, 2550 MHz, 13801 MHz, 58.13 W, 600.00 W, 600.00 W, 27, 2464 MiB, 3 %, 5, 16
2026/09/20 11:39:54.338, 0, P1, 2550 MHz, 13801 MHz, 58.13 W, 600.00 W, 600.00 W, 27, 2944 MiB, 3 %, 5, 16
2026/09/20 11:39:54.589, 0, P1, 2557 MHz, 13801 MHz, 59.01 W, 600.00 W, 600.00 W, 27, 3488 MiB, 5 %, 5, 16
2026/09/20 11:39:54.840, 0, P1, 2557 MHz, 13801 MHz, 59.01 W, 600.00 W, 600.00 W, 27, 3904 MiB, 5 %, 5, 16
2026/09/20 11:39:55.090, 0, P1, 2550 MHz, 13801 MHz, 58.85 W, 600.00 W, 600.00 W, 27, 4128 MiB, 1 %, 5, 16
2026/09/20 11:39:55.341, 0, P1, 2550 MHz, 13801 MHz, 58.85 W, 600.00 W, 600.00 W, 27, 4448 MiB, 1 %, 5, 16
2026/09/20 11:39:55.592, 0, P1, 2550 MHz, 13801 MHz, 58.85 W, 600.00 W, 600.00 W, 27, 4768 MiB, 2 %, 5, 16
2026/09/20 11:39:55.844, 0, P1, 2550 MHz, 13801 MHz, 58.85 W, 600.00 W, 600.00 W, 27, 5024 MiB, 2 %, 5, 16
2026/09/20 11:39:56.094, 0, P1, 2550 MHz, 13801 MHz, 58.82 W, 600.00 W, 600.00 W, 28, 5536 MiB, 4 %, 5, 16
2026/09/20 11:39:56.345, 0, P1, 2550 MHz, 13801 MHz, 58.82 W, 600.00 W, 600.00 W, 28, 6048 MiB, 4 %, 5, 16
2026/09/20 11:39:56.596, 0, P1, 2557 MHz, 13801 MHz, 58.66 W, 600.00 W, 600.00 W, 27, 6560 MiB, 3 %, 5, 16
2026/09/20 11:39:56.847, 0, P1, 2557 MHz, 13801 MHz, 58.66 W, 600.00 W, 600.00 W, 27, 6976 MiB, 3 %, 5, 16
2026/09/20 11:39:57.098, 0, P1, 2557 MHz, 13801 MHz, 58.25 W, 600.00 W, 600.00 W, 28, 7488 MiB, 4 %, 5, 16
2026/09/20 11:39:57.349, 0, P1, 2557 MHz, 13801 MHz, 58.25 W, 600.00 W, 600.00 W, 28, 7968 MiB, 4 %, 5, 16
2026/09/20 11:39:57.599, 0, P1, 2550 MHz, 13801 MHz, 58.10 W, 600.00 W, 600.00 W, 28, 8512 MiB, 4 %, 5, 16
2026/09/20 11:39:57.850, 0, P1, 2550 MHz, 13801 MHz, 58.10 W, 600.00 W, 600.00 W, 28, 9024 MiB, 4 %, 5, 16
2026/09/20 11:39:58.101, 0, P1, 2550 MHz, 13801 MHz, 58.38 W, 600.00 W, 600.00 W, 28, 9504 MiB, 4 %, 5, 16
2026/09/20 11:39:58.352, 0, P1, 2550 MHz, 13801 MHz, 58.38 W, 600.00 W, 600.00 W, 28, 10080 MiB, 4 %, 5, 16
2026/09/20 11:39:58.611, 0, P1, 2557 MHz, 13801 MHz, 58.77 W, 600.00 W, 600.00 W, 28, 10528 MiB, 4 %, 5, 16
2026/09/20 11:39:58.862, 0, P1, 2557 MHz, 13801 MHz, 58.77 W, 600.00 W, 600.00 W, 28, 11104 MiB, 4 %, 5, 16
2026/09/20 11:39:59.112, 0, P1, 2557 MHz, 13801 MHz, 58.86 W, 600.00 W, 600.00 W, 28, 11648 MiB, 4 %, 5, 16
2026/09/20 11:39:59.363, 0, P1, 2557 MHz, 13801 MHz, 58.86 W, 600.00 W, 600.00 W, 28, 12128 MiB, 4 %, 5, 16
2026/09/20 11:39:59.614, 0, P1, 2557 MHz, 13801 MHz, 58.79 W, 600.00 W, 600.00 W, 28, 12704 MiB, 5 %, 5, 16
2026/09/20 11:39:59.865, 0, P1, 2557 MHz, 13801 MHz, 58.79 W, 600.00 W, 600.00 W, 28, 13184 MiB, 5 %, 5, 16
2026/09/20 11:40:00.115, 0, P1, 2557 MHz, 13801 MHz, 58.78 W, 600.00 W, 600.00 W, 28, 13696 MiB, 4 %, 5, 16
2026/09/20 11:40:00.366, 0, P1, 2557 MHz, 13801 MHz, 58.78 W, 600.00 W, 600.00 W, 28, 14208 MiB, 4 %, 5, 16
2026/09/20 11:40:00.617, 0, P1, 2557 MHz, 13801 MHz, 58.85 W, 600.00 W, 600.00 W, 28, 16382 MiB, 3 %, 5, 16
2026/09/20 11:40:00.868, 0, P1, 2557 MHz, 13801 MHz, 58.85 W, 600.00 W, 600.00 W, 28, 16382 MiB, 3 %, 5, 16
2026/09/20 11:40:01.119, 0, P1, 2940 MHz, 13801 MHz, 201.45 W, 600.00 W, 600.00 W, 37, 16382 MiB, 99 %, 5, 16
2026/09/20 11:40:01.370, 0, P1, 2940 MHz, 13801 MHz, 201.45 W, 600.00 W, 600.00 W, 37, 16382 MiB, 99 %, 5, 16
2026/09/20 11:40:01.621, 0, P1, 2925 MHz, 13801 MHz, 351.76 W, 600.00 W, 600.00 W, 37, 16382 MiB, 99 %, 5, 16
2026/09/20 11:40:01.872, 0, P1, 2925 MHz, 13801 MHz, 351.76 W, 600.00 W, 600.00 W, 37, 16382 MiB, 99 %, 5, 16
2026/09/20 11:40:02.123, 0, P1, 2925 MHz, 13801 MHz, 420.95 W, 600.00 W, 600.00 W, 38, 16382 MiB, 99 %, 5, 16
2026/09/20 11:40:02.374, 0, P1, 2925 MHz, 13801 MHz, 420.95 W, 600.00 W, 600.00 W, 38, 16382 MiB, 99 %, 5, 16
2026/09/20 11:40:02.625, 0, P1, 2932 MHz, 13801 MHz, 433.55 W, 600.00 W, 600.00 W, 39, 16382 MiB, 99 %, 5, 16
2026/09/20 11:40:02.876, 0, P1, 2932 MHz, 13801 MHz, 433.55 W, 600.00 W, 600.00 W, 39, 16382 MiB, 99 %, 5, 16
2026/09/20 11:40:03.127, 0, P1, 2932 MHz, 13801 MHz, 443.24 W, 600.00 W, 600.00 W, 39, 16382 MiB, 99 %, 5, 16
2026/09/20 11:40:03.379, 0, P1, 2932 MHz, 13801 MHz, 443.24 W, 600.00 W, 600.00 W, 39, 16382 MiB, 99 %, 5, 16
2026/09/20 11:40:03.630, 0, P1, 2932 MHz, 13801 MHz, 438.69 W, 600.00 W, 600.00 W, 40, 16382 MiB, 99 %, 5, 16
2026/09/20 11:40:03.881, 0, P1, 2932 MHz, 13801 MHz, 438.69 W, 600.00 W, 600.00 W, 40, 16382 MiB, 99 %, 5, 16
2026/09/20 11:40:04.132, 0, P1, 2932 MHz, 13801 MHz, 437.11 W, 600.00 W, 600.00 W, 40, 16382 MiB, 99 %, 5, 16
2026/09/20 11:40:04.383, 0, P1, 2932 MHz, 13801 MHz, 437.11 W, 600.00 W, 600.00 W, 40, 16382 MiB, 99 %, 5, 16
2026/09/20 11:40:04.634, 0, P1, 2932 MHz, 13801 MHz, 442.67 W, 600.00 W, 600.00 W, 40, 16382 MiB, 99 %, 5, 16
2026/09/20 11:40:04.885, 0, P1, 2932 MHz, 13801 MHz, 442.67 W, 600.00 W, 600.00 W, 40, 16382 MiB, 99 %, 5, 16
2026/09/20 11:40:05.136, 0, P1, 2932 MHz, 13801 MHz, 445.72 W, 600.00 W, 600.00 W, 40, 16382 MiB, 99 %, 5, 16
2026/09/20 11:40:05.388, 0, P1, 2932 MHz, 13801 MHz, 445.72 W, 600.00 W, 600.00 W, 40, 16382 MiB, 99 %, 5, 16
2026/09/20 11:40:05.639, 0, P1, 2932 MHz, 13801 MHz, 446.00 W, 600.00 W, 600.00 W, 41, 16382 MiB, 99 %, 5, 16
2026/09/20 11:40:05.890, 0, P1, 2932 MHz, 13801 MHz, 446.00 W, 600.00 W, 600.00 W, 41, 16382 MiB, 99 %, 5, 16
2026/09/20 11:40:06.141, 0, P1, 2932 MHz, 13801 MHz, 443.41 W, 600.00 W, 600.00 W, 41, 16382 MiB, 99 %, 5, 16
2026/09/20 11:40:06.392, 0, P1, 2932 MHz, 13801 MHz, 443.41 W, 600.00 W, 600.00 W, 41, 16382 MiB, 99 %, 5, 16
2026/09/20 11:40:06.644, 0, P1, 2940 MHz, 13801 MHz, 443.16 W, 600.00 W, 600.00 W, 41, 16382 MiB, 99 %, 5, 16
2026/09/20 11:40:06.895, 0, P1, 2940 MHz, 13801 MHz, 443.16 W, 600.00 W, 600.00 W, 41, 16382 MiB, 99 %, 5, 16
2026/09/20 11:40:07.146, 0, P1, 2940 MHz, 13801 MHz, 446.99 W, 600.00 W, 600.00 W, 41, 16382 MiB, 99 %, 5, 16
2026/09/20 11:40:07.397, 0, P1, 2940 MHz, 13801 MHz, 446.99 W, 600.00 W, 600.00 W, 41, 16382 MiB, 99 %, 5, 16
2026/09/20 11:40:07.648, 0, P1, 2940 MHz, 13801 MHz, 441.13 W, 600.00 W, 600.00 W, 41, 16382 MiB, 99 %, 5, 16
2026/09/20 11:40:07.899, 0, P1, 2940 MHz, 13801 MHz, 441.13 W, 600.00 W, 600.00 W, 41, 16382 MiB, 99 %, 5, 16
2026/09/20 11:40:08.150, 0, P1, 2932 MHz, 13801 MHz, 441.35 W, 600.00 W, 600.00 W, 41, 16382 MiB, 99 %, 5, 16
2026/09/20 11:40:08.402, 0, P1, 2932 MHz, 13801 MHz, 441.35 W, 600.00 W, 600.00 W, 41, 16382 MiB, 99 %, 5, 16
2026/09/20 11:40:08.653, 0, P1, 2940 MHz, 13801 MHz, 446.84 W, 600.00 W, 600.00 W, 42, 16382 MiB, 99 %, 5, 16
2026/09/20 11:40:08.904, 0, P1, 2940 MHz, 13801 MHz, 446.84 W, 600.00 W, 600.00 W, 42, 16382 MiB, 99 %, 5, 16
2026/09/20 11:40:09.155, 0, P1, 2940 MHz, 13801 MHz, 447.82 W, 600.00 W, 600.00 W, 42, 16382 MiB, 99 %, 5, 16
2026/09/20 11:40:09.406, 0, P1, 2940 MHz, 13801 MHz, 447.82 W, 600.00 W, 600.00 W, 42, 16382 MiB, 99 %, 5, 16
2026/09/20 11:40:09.657, 0, P1, 2940 MHz, 13801 MHz, 448.98 W, 600.00 W, 600.00 W, 42, 16382 MiB, 99 %, 5, 16
2026/09/20 11:40:09.909, 0, P1, 2940 MHz, 13801 MHz, 448.98 W, 600.00 W, 600.00 W, 42, 16382 MiB, 99 %, 5, 16
2026/09/20 11:40:10.160, 0, P1, 2940 MHz, 13801 MHz, 442.15 W, 600.00 W, 600.00 W, 41, 16382 MiB, 90 %, 5, 16
2026/09/20 11:40:10.411, 0, P1, 2940 MHz, 13801 MHz, 442.15 W, 600.00 W, 600.00 W, 41, 16382 MiB, 90 %, 5, 16
2026/09/20 11:40:10.662, 0, P1, 2940 MHz, 13801 MHz, 441.75 W, 600.00 W, 600.00 W, 42, 16382 MiB, 99 %, 5, 16
2026/09/20 11:40:10.913, 0, P1, 2940 MHz, 13801 MHz, 441.75 W, 600.00 W, 600.00 W, 42, 16382 MiB, 99 %, 5, 16
2026/09/20 11:40:11.164, 0, P1, 2940 MHz, 13801 MHz, 446.14 W, 600.00 W, 600.00 W, 43, 16382 MiB, 99 %, 5, 16
2026/09/20 11:40:11.415, 0, P1, 2940 MHz, 13801 MHz, 446.14 W, 600.00 W, 600.00 W, 43, 16382 MiB, 99 %, 5, 16
2026/09/20 11:40:11.667, 0, P1, 2940 MHz, 13801 MHz, 446.42 W, 600.00 W, 600.00 W, 42, 16382 MiB, 99 %, 5, 16
2026/09/20 11:40:11.918, 0, P1, 2940 MHz, 13801 MHz, 446.42 W, 600.00 W, 600.00 W, 42, 16382 MiB, 99 %, 5, 16
2026/09/20 11:40:12.169, 0, P1, 2940 MHz, 13801 MHz, 446.35 W, 600.00 W, 600.00 W, 43, 16382 MiB, 99 %, 5, 16
2026/09/20 11:40:12.420, 0, P1, 2940 MHz, 13801 MHz, 446.35 W, 600.00 W, 600.00 W, 43, 16382 MiB, 99 %, 5, 16
2026/09/20 11:40:12.671, 0, P1, 2940 MHz, 13801 MHz, 450.80 W, 600.00 W, 600.00 W, 43, 16382 MiB, 99 %, 5, 16
2026/09/20 11:40:12.922, 0, P1, 2940 MHz, 13801 MHz, 450.80 W, 600.00 W, 600.00 W, 43, 16382 MiB, 99 %, 5, 16
2026/09/20 11:40:13.174, 0, P1, 2940 MHz, 13801 MHz, 451.54 W, 600.00 W, 600.00 W, 43, 16382 MiB, 99 %, 5, 16
2026/09/20 11:40:13.425, 0, P1, 2940 MHz, 13801 MHz, 451.54 W, 600.00 W, 600.00 W, 43, 16382 MiB, 99 %, 5, 16
2026/09/20 11:40:13.676, 0, P1, 2940 MHz, 13801 MHz, 451.97 W, 600.00 W, 600.00 W, 43, 16382 MiB, 99 %, 5, 16
2026/09/20 11:40:13.927, 0, P1, 2940 MHz, 13801 MHz, 451.97 W, 600.00 W, 600.00 W, 43, 16382 MiB, 99 %, 5, 16
2026/09/20 11:40:14.178, 0, P1, 2940 MHz, 13801 MHz, 452.30 W, 600.00 W, 600.00 W, 43, 16382 MiB, 99 %, 5, 16
2026/09/20 11:40:14.429, 0, P1, 2940 MHz, 13801 MHz, 452.30 W, 600.00 W, 600.00 W, 43, 16382 MiB, 99 %, 5, 16
2026/09/20 11:40:14.680, 0, P1, 2940 MHz, 13801 MHz, 452.61 W, 600.00 W, 600.00 W, 44, 16382 MiB, 99 %, 5, 16
2026/09/20 11:40:14.932, 0, P1, 2940 MHz, 13801 MHz, 452.61 W, 600.00 W, 600.00 W, 44, 16382 MiB, 99 %, 5, 16
2026/09/20 11:40:15.183, 0, P1, 2940 MHz, 13801 MHz, 445.14 W, 600.00 W, 600.00 W, 44, 16382 MiB, 99 %, 5, 16
2026/09/20 11:40:15.434, 0, P1, 2940 MHz, 13801 MHz, 445.14 W, 600.00 W, 600.00 W, 44, 16382 MiB, 99 %, 5, 16
2026/09/20 11:40:15.685, 0, P1, 2940 MHz, 13801 MHz, 445.91 W, 600.00 W, 600.00 W, 44, 16382 MiB, 99 %, 5, 16
2026/09/20 11:40:15.936, 0, P1, 2940 MHz, 13801 MHz, 445.91 W, 600.00 W, 600.00 W, 44, 16382 MiB, 99 %, 5, 16
2026/09/20 11:40:16.187, 0, P1, 2940 MHz, 13801 MHz, 452.94 W, 600.00 W, 600.00 W, 44, 16382 MiB, 99 %, 5, 16
2026/09/20 11:40:16.438, 0, P1, 2940 MHz, 13801 MHz, 452.94 W, 600.00 W, 600.00 W, 44, 16382 MiB, 99 %, 5, 16
2026/09/20 11:40:16.690, 0, P1, 2940 MHz, 13801 MHz, 452.93 W, 600.00 W, 600.00 W, 44, 16382 MiB, 99 %, 5, 16
2026/09/20 11:40:16.941, 0, P1, 2940 MHz, 13801 MHz, 452.93 W, 600.00 W, 600.00 W, 44, 16382 MiB, 99 %, 5, 16
2026/09/20 11:40:17.192, 0, P1, 2925 MHz, 13801 MHz, 452.80 W, 600.00 W, 600.00 W, 44, 16382 MiB, 99 %, 5, 16
2026/09/20 11:40:17.443, 0, P1, 2925 MHz, 13801 MHz, 452.80 W, 600.00 W, 600.00 W, 44, 16382 MiB, 99 %, 5, 16
2026/09/20 11:40:17.694, 0, P1, 2925 MHz, 13801 MHz, 448.98 W, 600.00 W, 600.00 W, 45, 16382 MiB, 99 %, 5, 16
2026/09/20 11:40:17.945, 0, P1, 2925 MHz, 13801 MHz, 448.98 W, 600.00 W, 600.00 W, 45, 16382 MiB, 99 %, 5, 16
2026/09/20 11:40:18.196, 0, P1, 2925 MHz, 13801 MHz, 445.17 W, 600.00 W, 600.00 W, 45, 16382 MiB, 99 %, 5, 16
2026/09/20 11:40:18.448, 0, P1, 2925 MHz, 13801 MHz, 445.17 W, 600.00 W, 600.00 W, 45, 16382 MiB, 99 %, 5, 16
2026/09/20 11:40:18.699, 0, P1, 2925 MHz, 13801 MHz, 445.94 W, 600.00 W, 600.00 W, 45, 16382 MiB, 97 %, 5, 16
2026/09/20 11:40:18.950, 0, P1, 2925 MHz, 13801 MHz, 445.94 W, 600.00 W, 600.00 W, 45, 16382 MiB, 97 %, 5, 16
2026/09/20 11:40:19.201, 0, P1, 2925 MHz, 13801 MHz, 450.98 W, 600.00 W, 600.00 W, 45, 16382 MiB, 99 %, 5, 16
2026/09/20 11:40:19.452, 0, P1, 2925 MHz, 13801 MHz, 450.98 W, 600.00 W, 600.00 W, 45, 16382 MiB, 99 %, 5, 16
2026/09/20 11:40:19.703, 0, P1, 2925 MHz, 13801 MHz, 452.56 W, 600.00 W, 600.00 W, 45, 16382 MiB, 99 %, 5, 16
2026/09/20 11:40:19.954, 0, P1, 2925 MHz, 13801 MHz, 452.56 W, 600.00 W, 600.00 W, 45, 16382 MiB, 99 %, 5, 16
2026/09/20 11:40:20.205, 0, P1, 2925 MHz, 13801 MHz, 449.52 W, 600.00 W, 600.00 W, 45, 16382 MiB, 99 %, 5, 16
2026/09/20 11:40:20.457, 0, P1, 2925 MHz, 13801 MHz, 449.52 W, 600.00 W, 600.00 W, 45, 16382 MiB, 99 %, 5, 16
2026/09/20 11:40:20.708, 0, P1, 2925 MHz, 13801 MHz, 450.04 W, 600.00 W, 600.00 W, 45, 16382 MiB, 99 %, 5, 16
2026/09/20 11:40:20.959, 0, P1, 2925 MHz, 13801 MHz, 450.04 W, 600.00 W, 600.00 W, 45, 16382 MiB, 99 %, 5, 16
2026/09/20 11:40:21.210, 0, P1, 2925 MHz, 13801 MHz, 454.25 W, 600.00 W, 600.00 W, 46, 16382 MiB, 99 %, 5, 16
2026/09/20 11:40:21.461, 0, P1, 2925 MHz, 13801 MHz, 454.25 W, 600.00 W, 600.00 W, 46, 16382 MiB, 99 %, 5, 16
2026/09/20 11:40:21.712, 0, P1, 2925 MHz, 13801 MHz, 454.83 W, 600.00 W, 600.00 W, 46, 16382 MiB, 99 %, 5, 16
2026/09/20 11:40:21.963, 0, P1, 2925 MHz, 13801 MHz, 454.83 W, 600.00 W, 600.00 W, 46, 16382 MiB, 99 %, 5, 16
2026/09/20 11:40:22.215, 0, P1, 2925 MHz, 13801 MHz, 449.96 W, 600.00 W, 600.00 W, 46, 16382 MiB, 99 %, 5, 16
2026/09/20 11:40:22.466, 0, P1, 2925 MHz, 13801 MHz, 446.40 W, 600.00 W, 600.00 W, 46, 16382 MiB, 99 %, 5, 16
2026/09/20 11:40:22.717, 0, P1, 2925 MHz, 13801 MHz, 446.40 W, 600.00 W, 600.00 W, 46, 16382 MiB, 99 %, 5, 16
2026/09/20 11:40:22.968, 0, P1, 2925 MHz, 13801 MHz, 451.09 W, 600.00 W, 600.00 W, 46, 16382 MiB, 99 %, 5, 16
2026/09/20 11:40:23.219, 0, P1, 2925 MHz, 13801 MHz, 451.09 W, 600.00 W, 600.00 W, 46, 16382 MiB, 99 %, 5, 16
2026/09/20 11:40:23.471, 0, P1, 2925 MHz, 13801 MHz, 449.27 W, 600.00 W, 600.00 W, 46, 16382 MiB, 99 %, 5, 16
2026/09/20 11:40:23.722, 0, P1, 2925 MHz, 13801 MHz, 449.27 W, 600.00 W, 600.00 W, 46, 16382 MiB, 99 %, 5, 16
2026/09/20 11:40:23.973, 0, P1, 2925 MHz, 13801 MHz, 443.83 W, 600.00 W, 600.00 W, 46, 16382 MiB, 99 %, 5, 16
2026/09/20 11:40:24.224, 0, P1, 2925 MHz, 13801 MHz, 443.83 W, 600.00 W, 600.00 W, 46, 16382 MiB, 99 %, 5, 16
2026/09/20 11:40:24.475, 0, P1, 2925 MHz, 13801 MHz, 447.21 W, 600.00 W, 600.00 W, 47, 16382 MiB, 99 %, 5, 16
2026/09/20 11:40:24.726, 0, P1, 2925 MHz, 13801 MHz, 447.21 W, 600.00 W, 600.00 W, 47, 16382 MiB, 99 %, 5, 16
2026/09/20 11:40:24.977, 0, P1, 2925 MHz, 13801 MHz, 451.03 W, 600.00 W, 600.00 W, 47, 16382 MiB, 99 %, 5, 16
2026/09/20 11:40:25.229, 0, P1, 2925 MHz, 13801 MHz, 451.03 W, 600.00 W, 600.00 W, 47, 16382 MiB, 99 %, 5, 16
2026/09/20 11:40:25.480, 0, P1, 2925 MHz, 13801 MHz, 445.17 W, 600.00 W, 600.00 W, 47, 16382 MiB, 99 %, 5, 16
2026/09/20 11:40:25.731, 0, P1, 2925 MHz, 13801 MHz, 445.17 W, 600.00 W, 600.00 W, 47, 16382 MiB, 99 %, 5, 16
2026/09/20 11:40:25.982, 0, P1, 2925 MHz, 13801 MHz, 443.67 W, 600.00 W, 600.00 W, 47, 16382 MiB, 99 %, 5, 16
2026/09/20 11:40:26.233, 0, P1, 2925 MHz, 13801 MHz, 443.67 W, 600.00 W, 600.00 W, 47, 16382 MiB, 99 %, 5, 16
2026/09/20 11:40:26.484, 0, P1, 2925 MHz, 13801 MHz, 446.96 W, 600.00 W, 600.00 W, 47, 16382 MiB, 99 %, 5, 16
2026/09/20 11:40:26.736, 0, P1, 2925 MHz, 13801 MHz, 446.96 W, 600.00 W, 600.00 W, 47, 16382 MiB, 99 %, 5, 16
2026/09/20 11:40:26.987, 0, P1, 2925 MHz, 13801 MHz, 449.35 W, 600.00 W, 600.00 W, 47, 16382 MiB, 99 %, 5, 16
2026/09/20 11:40:27.238, 0, P1, 2925 MHz, 13801 MHz, 449.35 W, 600.00 W, 600.00 W, 47, 16382 MiB, 99 %, 5, 16
2026/09/20 11:40:27.489, 0, P1, 2925 MHz, 13801 MHz, 452.58 W, 600.00 W, 600.00 W, 47, 16382 MiB, 99 %, 5, 16
2026/09/20 11:40:27.740, 0, P1, 2925 MHz, 13801 MHz, 452.58 W, 600.00 W, 600.00 W, 47, 16382 MiB, 99 %, 5, 16
2026/09/20 11:40:27.991, 0, P1, 2925 MHz, 13801 MHz, 452.98 W, 600.00 W, 600.00 W, 48, 16382 MiB, 99 %, 5, 16
2026/09/20 11:40:28.243, 0, P1, 2925 MHz, 13801 MHz, 452.98 W, 600.00 W, 600.00 W, 48, 16382 MiB, 99 %, 5, 16
2026/09/20 11:40:28.494, 0, P1, 2925 MHz, 13801 MHz, 453.32 W, 600.00 W, 600.00 W, 48, 16382 MiB, 99 %, 5, 16
2026/09/20 11:40:28.745, 0, P1, 2925 MHz, 13801 MHz, 453.32 W, 600.00 W, 600.00 W, 48, 16382 MiB, 99 %, 5, 16
2026/09/20 11:40:28.996, 0, P1, 2925 MHz, 13801 MHz, 453.52 W, 600.00 W, 600.00 W, 48, 16382 MiB, 99 %, 5, 16
2026/09/20 11:40:29.247, 0, P1, 2925 MHz, 13801 MHz, 453.52 W, 600.00 W, 600.00 W, 48, 16382 MiB, 99 %, 5, 16
2026/09/20 11:40:29.498, 0, P1, 2925 MHz, 13801 MHz, 453.73 W, 600.00 W, 600.00 W, 48, 16382 MiB, 99 %, 5, 16
2026/09/20 11:40:29.749, 0, P1, 2925 MHz, 13801 MHz, 453.73 W, 600.00 W, 600.00 W, 48, 16382 MiB, 99 %, 5, 16
2026/09/20 11:40:30.000, 0, P1, 2925 MHz, 13801 MHz, 454.42 W, 600.00 W, 600.00 W, 48, 16382 MiB, 99 %, 5, 16
2026/09/20 11:40:30.252, 0, P1, 2925 MHz, 13801 MHz, 454.42 W, 600.00 W, 600.00 W, 48, 16382 MiB, 99 %, 5, 16
2026/09/20 11:40:30.503, 0, P1, 2925 MHz, 13801 MHz, 454.52 W, 600.00 W, 600.00 W, 48, 16382 MiB, 99 %, 5, 16
2026/09/20 11:40:30.754, 0, P1, 2925 MHz, 13801 MHz, 454.52 W, 600.00 W, 600.00 W, 48, 16382 MiB, 99 %, 5, 16
2026/09/20 11:40:31.005, 0, P1, 2925 MHz, 13801 MHz, 448.18 W, 600.00 W, 600.00 W, 48, 16382 MiB, 99 %, 5, 16
2026/09/20 11:40:31.256, 0, P1, 2925 MHz, 13801 MHz, 448.18 W, 600.00 W, 600.00 W, 48, 16382 MiB, 99 %, 5, 16
2026/09/20 11:40:31.507, 0, P1, 2925 MHz, 13801 MHz, 448.01 W, 600.00 W, 600.00 W, 48, 16382 MiB, 99 %, 5, 16
2026/09/20 11:40:31.759, 0, P1, 2925 MHz, 13801 MHz, 448.01 W, 600.00 W, 600.00 W, 48, 16382 MiB, 99 %, 5, 16
2026/09/20 11:40:32.010, 0, P1, 2925 MHz, 13801 MHz, 455.58 W, 600.00 W, 600.00 W, 49, 16382 MiB, 99 %, 5, 16
2026/09/20 11:40:32.261, 0, P1, 2925 MHz, 13801 MHz, 455.58 W, 600.00 W, 600.00 W, 49, 16382 MiB, 99 %, 5, 16
2026/09/20 11:40:32.512, 0, P1, 2925 MHz, 13801 MHz, 456.19 W, 600.00 W, 600.00 W, 49, 16382 MiB, 99 %, 5, 16
2026/09/20 11:40:32.763, 0, P1, 2925 MHz, 13801 MHz, 456.19 W, 600.00 W, 600.00 W, 49, 16382 MiB, 99 %, 5, 16
2026/09/20 11:40:33.014, 0, P1, 2925 MHz, 13801 MHz, 456.09 W, 600.00 W, 600.00 W, 49, 16382 MiB, 99 %, 5, 16
2026/09/20 11:40:33.266, 0, P1, 2925 MHz, 13801 MHz, 456.09 W, 600.00 W, 600.00 W, 49, 16382 MiB, 99 %, 5, 16
2026/09/20 11:40:33.517, 0, P1, 2925 MHz, 13801 MHz, 452.70 W, 600.00 W, 600.00 W, 49, 16382 MiB, 99 %, 5, 16
2026/09/20 11:40:33.768, 0, P1, 2925 MHz, 13801 MHz, 452.70 W, 600.00 W, 600.00 W, 49, 16382 MiB, 99 %, 5, 16
2026/09/20 11:40:34.019, 0, P1, 2925 MHz, 13801 MHz, 452.95 W, 600.00 W, 600.00 W, 49, 16382 MiB, 99 %, 5, 16
2026/09/20 11:40:34.270, 0, P1, 2925 MHz, 13801 MHz, 452.95 W, 600.00 W, 600.00 W, 49, 16382 MiB, 99 %, 5, 16
2026/09/20 11:40:34.521, 0, P1, 2925 MHz, 13801 MHz, 456.33 W, 600.00 W, 600.00 W, 49, 16382 MiB, 99 %, 5, 16
2026/09/20 11:40:34.773, 0, P1, 2925 MHz, 13801 MHz, 456.33 W, 600.00 W, 600.00 W, 49, 16382 MiB, 99 %, 5, 16
2026/09/20 11:40:35.024, 0, P1, 2925 MHz, 13801 MHz, 456.59 W, 600.00 W, 600.00 W, 49, 16382 MiB, 99 %, 5, 16
2026/09/20 11:40:35.275, 0, P1, 2925 MHz, 13801 MHz, 456.59 W, 600.00 W, 600.00 W, 49, 16382 MiB, 99 %, 5, 16
2026/09/20 11:40:35.526, 0, P1, 2925 MHz, 13801 MHz, 452.72 W, 600.00 W, 600.00 W, 49, 16382 MiB, 99 %, 5, 16
2026/09/20 11:40:35.777, 0, P1, 2925 MHz, 13801 MHz, 452.72 W, 600.00 W, 600.00 W, 49, 16382 MiB, 99 %, 5, 16
2026/09/20 11:40:36.028, 0, P1, 2925 MHz, 13801 MHz, 452.79 W, 600.00 W, 600.00 W, 50, 16382 MiB, 99 %, 5, 16
2026/09/20 11:40:36.280, 0, P1, 2925 MHz, 13801 MHz, 452.79 W, 600.00 W, 600.00 W, 50, 16382 MiB, 99 %, 5, 16
2026/09/20 11:40:36.531, 0, P1, 2925 MHz, 13801 MHz, 455.92 W, 600.00 W, 600.00 W, 50, 16382 MiB, 99 %, 5, 16
2026/09/20 11:40:36.782, 0, P1, 2925 MHz, 13801 MHz, 455.92 W, 600.00 W, 600.00 W, 50, 16382 MiB, 99 %, 5, 16
2026/09/20 11:40:37.033, 0, P1, 2925 MHz, 13801 MHz, 455.81 W, 600.00 W, 600.00 W, 50, 16382 MiB, 99 %, 5, 16
2026/09/20 11:40:37.284, 0, P1, 2925 MHz, 13801 MHz, 455.81 W, 600.00 W, 600.00 W, 50, 16382 MiB, 99 %, 5, 16
2026/09/20 11:40:37.535, 0, P1, 2925 MHz, 13801 MHz, 457.44 W, 600.00 W, 600.00 W, 50, 16382 MiB, 99 %, 5, 16
2026/09/20 11:40:37.787, 0, P1, 2925 MHz, 13801 MHz, 457.44 W, 600.00 W, 600.00 W, 50, 16382 MiB, 99 %, 5, 16
2026/09/20 11:40:38.038, 0, P1, 2925 MHz, 13801 MHz, 457.74 W, 600.00 W, 600.00 W, 50, 16382 MiB, 99 %, 5, 16
2026/09/20 11:40:38.289, 0, P1, 2925 MHz, 13801 MHz, 457.74 W, 600.00 W, 600.00 W, 50, 16382 MiB, 99 %, 5, 16
2026/09/20 11:40:38.540, 0, P1, 2925 MHz, 13801 MHz, 449.68 W, 600.00 W, 600.00 W, 50, 16382 MiB, 99 %, 5, 16
2026/09/20 11:40:38.791, 0, P1, 2925 MHz, 13801 MHz, 449.68 W, 600.00 W, 600.00 W, 50, 16382 MiB, 99 %, 5, 16
2026/09/20 11:40:39.042, 0, P1, 2925 MHz, 13801 MHz, 441.48 W, 600.00 W, 600.00 W, 50, 16382 MiB, 99 %, 5, 16
2026/09/20 11:40:39.293, 0, P1, 2925 MHz, 13801 MHz, 441.48 W, 600.00 W, 600.00 W, 50, 16382 MiB, 99 %, 5, 16
2026/09/20 11:40:39.544, 0, P1, 2925 MHz, 13801 MHz, 448.15 W, 600.00 W, 600.00 W, 50, 16382 MiB, 99 %, 5, 16
2026/09/20 11:40:39.796, 0, P1, 2925 MHz, 13801 MHz, 448.15 W, 600.00 W, 600.00 W, 50, 16382 MiB, 99 %, 5, 16
2026/09/20 11:40:40.047, 0, P1, 2932 MHz, 13801 MHz, 457.51 W, 600.00 W, 600.00 W, 51, 16382 MiB, 99 %, 5, 16
2026/09/20 11:40:40.298, 0, P1, 2932 MHz, 13801 MHz, 457.51 W, 600.00 W, 600.00 W, 51, 16382 MiB, 99 %, 5, 16
2026/09/20 11:40:40.549, 0, P1, 2925 MHz, 13801 MHz, 454.80 W, 600.00 W, 600.00 W, 51, 16382 MiB, 99 %, 5, 16
2026/09/20 11:40:40.800, 0, P1, 2925 MHz, 13801 MHz, 454.80 W, 600.00 W, 600.00 W, 51, 16382 MiB, 99 %, 5, 16
2026/09/20 11:40:41.051, 0, P1, 2925 MHz, 13801 MHz, 451.95 W, 600.00 W, 600.00 W, 51, 16382 MiB, 91 %, 5, 16
2026/09/20 11:40:41.302, 0, P1, 2925 MHz, 13801 MHz, 451.95 W, 600.00 W, 600.00 W, 51, 16382 MiB, 91 %, 5, 16
2026/09/20 11:40:41.554, 0, P1, 2925 MHz, 13801 MHz, 454.52 W, 600.00 W, 600.00 W, 51, 16382 MiB, 99 %, 5, 16
2026/09/20 11:40:41.805, 0, P1, 2925 MHz, 13801 MHz, 454.52 W, 600.00 W, 600.00 W, 51, 16382 MiB, 99 %, 5, 16
2026/09/20 11:40:42.056, 0, P1, 2932 MHz, 13801 MHz, 454.83 W, 600.00 W, 600.00 W, 51, 16382 MiB, 99 %, 5, 16
2026/09/20 11:40:42.307, 0, P1, 2932 MHz, 13801 MHz, 454.83 W, 600.00 W, 600.00 W, 51, 16382 MiB, 99 %, 5, 16
2026/09/20 11:40:42.558, 0, P1, 2932 MHz, 13801 MHz, 458.80 W, 600.00 W, 600.00 W, 51, 16382 MiB, 99 %, 5, 16
2026/09/20 11:40:42.809, 0, P1, 2932 MHz, 13801 MHz, 458.80 W, 600.00 W, 600.00 W, 51, 16382 MiB, 99 %, 5, 16
2026/09/20 11:40:43.060, 0, P1, 2925 MHz, 13801 MHz, 459.24 W, 600.00 W, 600.00 W, 51, 16382 MiB, 99 %, 5, 16
2026/09/20 11:40:43.312, 0, P1, 2925 MHz, 13801 MHz, 459.24 W, 600.00 W, 600.00 W, 51, 16382 MiB, 99 %, 5, 16
2026/09/20 11:40:43.563, 0, P1, 2925 MHz, 13801 MHz, 459.95 W, 600.00 W, 600.00 W, 51, 16382 MiB, 99 %, 5, 16
2026/09/20 11:40:43.814, 0, P1, 2925 MHz, 13801 MHz, 459.95 W, 600.00 W, 600.00 W, 51, 16382 MiB, 99 %, 5, 16
2026/09/20 11:40:44.065, 0, P1, 2925 MHz, 13801 MHz, 458.46 W, 600.00 W, 600.00 W, 52, 16382 MiB, 99 %, 5, 16
2026/09/20 11:40:44.316, 0, P1, 2925 MHz, 13801 MHz, 458.46 W, 600.00 W, 600.00 W, 52, 16382 MiB, 99 %, 5, 16
2026/09/20 11:40:44.567, 0, P1, 2925 MHz, 13801 MHz, 457.83 W, 600.00 W, 600.00 W, 52, 16382 MiB, 99 %, 5, 16
2026/09/20 11:40:44.819, 0, P1, 2925 MHz, 13801 MHz, 457.83 W, 600.00 W, 600.00 W, 52, 16382 MiB, 99 %, 5, 16
2026/09/20 11:40:45.070, 0, P1, 2932 MHz, 13801 MHz, 459.61 W, 600.00 W, 600.00 W, 52, 16382 MiB, 99 %, 5, 16
2026/09/20 11:40:45.321, 0, P1, 2932 MHz, 13801 MHz, 459.61 W, 600.00 W, 600.00 W, 52, 16382 MiB, 99 %, 5, 16
2026/09/20 11:40:45.572, 0, P1, 2932 MHz, 13801 MHz, 460.55 W, 600.00 W, 600.00 W, 52, 16382 MiB, 99 %, 5, 16
2026/09/20 11:40:45.823, 0, P1, 2932 MHz, 13801 MHz, 460.55 W, 600.00 W, 600.00 W, 52, 16382 MiB, 99 %, 5, 16
2026/09/20 11:40:46.074, 0, P1, 2932 MHz, 13801 MHz, 460.52 W, 600.00 W, 600.00 W, 52, 16382 MiB, 98 %, 5, 16
2026/09/20 11:40:46.325, 0, P1, 2932 MHz, 13801 MHz, 460.52 W, 600.00 W, 600.00 W, 52, 16382 MiB, 98 %, 5, 16
2026/09/20 11:40:46.577, 0, P1, 2932 MHz, 13801 MHz, 457.84 W, 600.00 W, 600.00 W, 52, 16382 MiB, 99 %, 5, 16
2026/09/20 11:40:46.828, 0, P1, 2932 MHz, 13801 MHz, 457.84 W, 600.00 W, 600.00 W, 52, 16382 MiB, 99 %, 5, 16
2026/09/20 11:40:47.079, 0, P1, 2932 MHz, 13801 MHz, 457.95 W, 600.00 W, 600.00 W, 52, 16382 MiB, 99 %, 5, 16
2026/09/20 11:40:47.330, 0, P1, 2932 MHz, 13801 MHz, 457.95 W, 600.00 W, 600.00 W, 52, 16382 MiB, 99 %, 5, 16
2026/09/20 11:40:47.581, 0, P1, 2932 MHz, 13801 MHz, 460.93 W, 600.00 W, 600.00 W, 52, 16382 MiB, 99 %, 5, 16
2026/09/20 11:40:47.832, 0, P1, 2932 MHz, 13801 MHz, 460.93 W, 600.00 W, 600.00 W, 52, 16382 MiB, 99 %, 5, 16
2026/09/20 11:40:48.083, 0, P1, 2932 MHz, 13801 MHz, 458.27 W, 600.00 W, 600.00 W, 52, 16382 MiB, 99 %, 5, 16
2026/09/20 11:40:48.335, 0, P1, 2932 MHz, 13801 MHz, 458.27 W, 600.00 W, 600.00 W, 52, 16382 MiB, 99 %, 5, 16
2026/09/20 11:40:48.586, 0, P1, 2932 MHz, 13801 MHz, 453.77 W, 600.00 W, 600.00 W, 52, 16382 MiB, 93 %, 5, 16
2026/09/20 11:40:48.837, 0, P1, 2932 MHz, 13801 MHz, 453.77 W, 600.00 W, 600.00 W, 52, 16382 MiB, 93 %, 5, 16
2026/09/20 11:40:49.088, 0, P1, 2932 MHz, 13801 MHz, 457.20 W, 600.00 W, 600.00 W, 53, 16382 MiB, 99 %, 5, 16
2026/09/20 11:40:49.339, 0, P1, 2932 MHz, 13801 MHz, 457.20 W, 600.00 W, 600.00 W, 53, 16382 MiB, 99 %, 5, 16
2026/09/20 11:40:49.590, 0, P1, 2932 MHz, 13801 MHz, 456.45 W, 600.00 W, 600.00 W, 53, 16382 MiB, 99 %, 5, 16
2026/09/20 11:40:49.841, 0, P1, 2932 MHz, 13801 MHz, 456.45 W, 600.00 W, 600.00 W, 53, 16382 MiB, 99 %, 5, 16
2026/09/20 11:40:50.093, 0, P1, 2932 MHz, 13801 MHz, 457.03 W, 600.00 W, 600.00 W, 53, 16382 MiB, 99 %, 5, 16
2026/09/20 11:40:50.344, 0, P1, 2932 MHz, 13801 MHz, 457.03 W, 600.00 W, 600.00 W, 53, 16382 MiB, 99 %, 5, 16
2026/09/20 11:40:50.595, 0, P1, 2932 MHz, 13801 MHz, 458.18 W, 600.00 W, 600.00 W, 53, 16382 MiB, 99 %, 5, 16
2026/09/20 11:40:50.846, 0, P1, 2932 MHz, 13801 MHz, 458.18 W, 600.00 W, 600.00 W, 53, 16382 MiB, 99 %, 5, 16
2026/09/20 11:40:51.097, 0, P1, 2917 MHz, 13801 MHz, 457.90 W, 600.00 W, 600.00 W, 53, 16382 MiB, 99 %, 5, 16
2026/09/20 11:40:51.348, 0, P1, 2917 MHz, 13801 MHz, 457.90 W, 600.00 W, 600.00 W, 53, 16382 MiB, 99 %, 5, 16
2026/09/20 11:40:51.599, 0, P1, 2917 MHz, 13801 MHz, 454.06 W, 600.00 W, 600.00 W, 53, 16382 MiB, 77 %, 5, 16
2026/09/20 11:40:51.851, 0, P1, 2917 MHz, 13801 MHz, 454.06 W, 600.00 W, 600.00 W, 53, 16382 MiB, 77 %, 5, 16
2026/09/20 11:40:52.102, 0, P1, 2932 MHz, 13801 MHz, 454.40 W, 600.00 W, 600.00 W, 53, 16382 MiB, 99 %, 5, 16
2026/09/20 11:40:52.353, 0, P1, 2932 MHz, 13801 MHz, 454.40 W, 600.00 W, 600.00 W, 53, 16382 MiB, 99 %, 5, 16
2026/09/20 11:40:52.604, 0, P1, 2932 MHz, 13801 MHz, 455.76 W, 600.00 W, 600.00 W, 53, 16382 MiB, 99 %, 5, 16
2026/09/20 11:40:52.855, 0, P1, 2932 MHz, 13801 MHz, 455.76 W, 600.00 W, 600.00 W, 53, 16382 MiB, 99 %, 5, 16
2026/09/20 11:40:53.106, 0, P1, 2932 MHz, 13801 MHz, 464.38 W, 600.00 W, 600.00 W, 54, 16382 MiB, 99 %, 5, 16
2026/09/20 11:40:53.357, 0, P1, 2932 MHz, 13801 MHz, 464.38 W, 600.00 W, 600.00 W, 54, 16382 MiB, 99 %, 5, 16
2026/09/20 11:40:53.608, 0, P1, 2932 MHz, 13801 MHz, 460.20 W, 600.00 W, 600.00 W, 54, 16382 MiB, 99 %, 5, 16
2026/09/20 11:40:53.860, 0, P1, 2932 MHz, 13801 MHz, 460.20 W, 600.00 W, 600.00 W, 54, 16382 MiB, 99 %, 5, 16
2026/09/20 11:40:54.111, 0, P1, 2917 MHz, 13801 MHz, 459.41 W, 600.00 W, 600.00 W, 54, 16382 MiB, 99 %, 5, 16
2026/09/20 11:40:54.362, 0, P1, 2917 MHz, 13801 MHz, 459.41 W, 600.00 W, 600.00 W, 54, 16382 MiB, 99 %, 5, 16
2026/09/20 11:40:54.613, 0, P1, 2917 MHz, 13801 MHz, 463.79 W, 600.00 W, 600.00 W, 54, 16382 MiB, 99 %, 5, 16
2026/09/20 11:40:54.864, 0, P1, 2917 MHz, 13801 MHz, 463.79 W, 600.00 W, 600.00 W, 54, 16382 MiB, 99 %, 5, 16
2026/09/20 11:40:55.115, 0, P1, 2917 MHz, 13801 MHz, 463.76 W, 600.00 W, 600.00 W, 54, 16382 MiB, 99 %, 5, 16
2026/09/20 11:40:55.367, 0, P1, 2917 MHz, 13801 MHz, 463.76 W, 600.00 W, 600.00 W, 54, 16382 MiB, 99 %, 5, 16
2026/09/20 11:40:55.618, 0, P1, 2917 MHz, 13801 MHz, 464.26 W, 600.00 W, 600.00 W, 54, 16382 MiB, 99 %, 5, 16
2026/09/20 11:40:55.869, 0, P1, 2917 MHz, 13801 MHz, 464.26 W, 600.00 W, 600.00 W, 54, 16382 MiB, 99 %, 5, 16
2026/09/20 11:40:56.120, 0, P1, 2917 MHz, 13801 MHz, 464.94 W, 600.00 W, 600.00 W, 54, 16382 MiB, 99 %, 5, 16
2026/09/20 11:40:56.371, 0, P1, 2917 MHz, 13801 MHz, 464.94 W, 600.00 W, 600.00 W, 54, 16382 MiB, 99 %, 5, 16
2026/09/20 11:40:56.622, 0, P1, 2917 MHz, 13801 MHz, 464.70 W, 600.00 W, 600.00 W, 54, 16382 MiB, 99 %, 5, 16
2026/09/20 11:40:56.873, 0, P1, 2917 MHz, 13801 MHz, 464.70 W, 600.00 W, 600.00 W, 54, 16382 MiB, 99 %, 5, 16
2026/09/20 11:40:57.124, 0, P1, 2917 MHz, 13801 MHz, 464.90 W, 600.00 W, 600.00 W, 54, 16382 MiB, 99 %, 5, 16
2026/09/20 11:40:57.376, 0, P1, 2917 MHz, 13801 MHz, 464.90 W, 600.00 W, 600.00 W, 54, 16382 MiB, 99 %, 5, 16
2026/09/20 11:40:57.627, 0, P1, 2917 MHz, 13801 MHz, 466.01 W, 600.00 W, 600.00 W, 54, 16382 MiB, 99 %, 5, 16
2026/09/20 11:40:57.878, 0, P1, 2917 MHz, 13801 MHz, 466.01 W, 600.00 W, 600.00 W, 54, 16382 MiB, 99 %, 5, 16
2026/09/20 11:40:58.129, 0, P1, 2917 MHz, 13801 MHz, 466.62 W, 600.00 W, 600.00 W, 55, 16382 MiB, 99 %, 5, 16
2026/09/20 11:40:58.380, 0, P1, 2917 MHz, 13801 MHz, 466.62 W, 600.00 W, 600.00 W, 55, 16382 MiB, 99 %, 5, 16
2026/09/20 11:40:58.631, 0, P1, 2917 MHz, 13801 MHz, 466.66 W, 600.00 W, 600.00 W, 55, 16382 MiB, 99 %, 5, 16
2026/09/20 11:40:58.882, 0, P1, 2917 MHz, 13801 MHz, 466.66 W, 600.00 W, 600.00 W, 55, 16382 MiB, 99 %, 5, 16
2026/09/20 11:40:59.134, 0, P1, 2917 MHz, 13801 MHz, 464.55 W, 600.00 W, 600.00 W, 55, 16382 MiB, 99 %, 5, 16
2026/09/20 11:40:59.385, 0, P1, 2917 MHz, 13801 MHz, 464.55 W, 600.00 W, 600.00 W, 55, 16382 MiB, 99 %, 5, 16
2026/09/20 11:40:59.636, 0, P1, 2917 MHz, 13801 MHz, 464.65 W, 600.00 W, 600.00 W, 55, 16382 MiB, 99 %, 5, 16
2026/09/20 11:40:59.887, 0, P1, 2917 MHz, 13801 MHz, 464.65 W, 600.00 W, 600.00 W, 55, 16382 MiB, 99 %, 5, 16
2026/09/20 11:41:00.138, 0, P1, 2917 MHz, 13801 MHz, 467.12 W, 600.00 W, 600.00 W, 55, 16382 MiB, 99 %, 5, 16
2026/09/20 11:41:00.389, 0, P1, 2917 MHz, 13801 MHz, 467.12 W, 600.00 W, 600.00 W, 55, 16382 MiB, 99 %, 5, 16
2026/09/20 11:41:00.640, 0, P1, 2917 MHz, 13801 MHz, 460.89 W, 600.00 W, 600.00 W, 55, 16382 MiB, 99 %, 5, 16
2026/09/20 11:41:00.892, 0, P1, 2917 MHz, 13801 MHz, 460.89 W, 600.00 W, 600.00 W, 55, 16382 MiB, 99 %, 5, 16
2026/09/20 11:41:01.143, 0, P1, 2917 MHz, 13801 MHz, 455.54 W, 600.00 W, 600.00 W, 55, 16382 MiB, 99 %, 5, 16
2026/09/20 11:41:01.394, 0, P1, 2917 MHz, 13801 MHz, 455.54 W, 600.00 W, 600.00 W, 55, 16382 MiB, 99 %, 5, 16
2026/09/20 11:41:01.645, 0, P1, 2917 MHz, 13801 MHz, 457.58 W, 600.00 W, 600.00 W, 55, 16382 MiB, 99 %, 5, 16
2026/09/20 11:41:01.896, 0, P1, 2917 MHz, 13801 MHz, 457.58 W, 600.00 W, 600.00 W, 55, 16382 MiB, 99 %, 5, 16
2026/09/20 11:41:02.147, 0, P1, 2917 MHz, 13801 MHz, 463.71 W, 600.00 W, 600.00 W, 55, 16382 MiB, 99 %, 5, 16
2026/09/20 11:41:02.398, 0, P1, 2917 MHz, 13801 MHz, 463.71 W, 600.00 W, 600.00 W, 55, 16382 MiB, 99 %, 5, 16
2026/09/20 11:41:02.649, 0, P1, 2917 MHz, 13801 MHz, 468.54 W, 600.00 W, 600.00 W, 56, 16382 MiB, 99 %, 5, 16
2026/09/20 11:41:02.901, 0, P1, 2917 MHz, 13801 MHz, 468.54 W, 600.00 W, 600.00 W, 56, 16382 MiB, 99 %, 5, 16
2026/09/20 11:41:03.152, 0, P1, 2917 MHz, 13801 MHz, 465.84 W, 600.00 W, 600.00 W, 56, 16382 MiB, 99 %, 5, 16
2026/09/20 11:41:03.403, 0, P1, 2917 MHz, 13801 MHz, 465.84 W, 600.00 W, 600.00 W, 56, 16382 MiB, 99 %, 5, 16
2026/09/20 11:41:03.654, 0, P1, 2917 MHz, 13801 MHz, 455.74 W, 600.00 W, 600.00 W, 56, 16382 MiB, 99 %, 5, 16
2026/09/20 11:41:03.905, 0, P1, 2917 MHz, 13801 MHz, 455.74 W, 600.00 W, 600.00 W, 56, 16382 MiB, 99 %, 5, 16
2026/09/20 11:41:04.156, 0, P1, 2917 MHz, 13801 MHz, 453.08 W, 600.00 W, 600.00 W, 56, 16382 MiB, 99 %, 5, 16
2026/09/20 11:41:04.407, 0, P1, 2917 MHz, 13801 MHz, 453.08 W, 600.00 W, 600.00 W, 56, 16382 MiB, 99 %, 5, 16
2026/09/20 11:41:04.659, 0, P1, 2917 MHz, 13801 MHz, 464.41 W, 600.00 W, 600.00 W, 56, 16382 MiB, 99 %, 5, 16
2026/09/20 11:41:04.910, 0, P1, 2917 MHz, 13801 MHz, 464.41 W, 600.00 W, 600.00 W, 56, 16382 MiB, 99 %, 5, 16
2026/09/20 11:41:05.161, 0, P1, 2917 MHz, 13801 MHz, 469.05 W, 600.00 W, 600.00 W, 56, 16382 MiB, 99 %, 5, 16
2026/09/20 11:41:05.412, 0, P1, 2917 MHz, 13801 MHz, 469.05 W, 600.00 W, 600.00 W, 56, 16382 MiB, 99 %, 5, 16
2026/09/20 11:41:05.663, 0, P1, 2917 MHz, 13801 MHz, 469.39 W, 600.00 W, 600.00 W, 56, 16382 MiB, 99 %, 5, 16
2026/09/20 11:41:05.914, 0, P1, 2917 MHz, 13801 MHz, 469.39 W, 600.00 W, 600.00 W, 56, 16382 MiB, 99 %, 5, 16
2026/09/20 11:41:06.165, 0, P1, 2917 MHz, 13801 MHz, 469.76 W, 600.00 W, 600.00 W, 56, 16382 MiB, 99 %, 5, 16
2026/09/20 11:41:06.416, 0, P1, 2917 MHz, 13801 MHz, 469.76 W, 600.00 W, 600.00 W, 56, 16382 MiB, 99 %, 5, 16
2026/09/20 11:41:06.668, 0, P1, 2917 MHz, 13801 MHz, 467.07 W, 600.00 W, 600.00 W, 56, 16382 MiB, 99 %, 5, 16
2026/09/20 11:41:06.919, 0, P1, 2917 MHz, 13801 MHz, 467.07 W, 600.00 W, 600.00 W, 56, 16382 MiB, 99 %, 5, 16
2026/09/20 11:41:07.170, 0, P1, 2917 MHz, 13801 MHz, 467.07 W, 600.00 W, 600.00 W, 56, 16382 MiB, 99 %, 5, 16
2026/09/20 11:41:07.421, 0, P1, 2917 MHz, 13801 MHz, 467.07 W, 600.00 W, 600.00 W, 56, 16382 MiB, 99 %, 5, 16
2026/09/20 11:41:07.672, 0, P1, 2917 MHz, 13801 MHz, 470.12 W, 600.00 W, 600.00 W, 56, 16382 MiB, 99 %, 5, 16
2026/09/20 11:41:07.923, 0, P1, 2917 MHz, 13801 MHz, 470.12 W, 600.00 W, 600.00 W, 56, 16382 MiB, 99 %, 5, 16
2026/09/20 11:41:08.174, 0, P1, 2917 MHz, 13801 MHz, 469.88 W, 600.00 W, 600.00 W, 57, 16382 MiB, 99 %, 5, 16
2026/09/20 11:41:08.426, 0, P1, 2917 MHz, 13801 MHz, 469.88 W, 600.00 W, 600.00 W, 57, 16382 MiB, 99 %, 5, 16
2026/09/20 11:41:08.677, 0, P1, 2917 MHz, 13801 MHz, 469.75 W, 600.00 W, 600.00 W, 57, 16382 MiB, 99 %, 5, 16
2026/09/20 11:41:08.928, 0, P1, 2917 MHz, 13801 MHz, 469.75 W, 600.00 W, 600.00 W, 57, 16382 MiB, 99 %, 5, 16
2026/09/20 11:41:09.179, 0, P1, 2917 MHz, 13801 MHz, 469.74 W, 600.00 W, 600.00 W, 57, 16382 MiB, 96 %, 5, 16
2026/09/20 11:41:09.430, 0, P1, 2917 MHz, 13801 MHz, 469.74 W, 600.00 W, 600.00 W, 57, 16382 MiB, 96 %, 5, 16
2026/09/20 11:41:09.681, 0, P1, 2917 MHz, 13801 MHz, 466.27 W, 600.00 W, 600.00 W, 57, 16382 MiB, 97 %, 5, 16
2026/09/20 11:41:09.932, 0, P1, 2917 MHz, 13801 MHz, 466.27 W, 600.00 W, 600.00 W, 57, 16382 MiB, 97 %, 5, 16
2026/09/20 11:41:10.183, 0, P1, 2917 MHz, 13801 MHz, 465.94 W, 600.00 W, 600.00 W, 57, 16382 MiB, 99 %, 5, 16
2026/09/20 11:41:10.437, 0, P1, 2917 MHz, 13801 MHz, 465.94 W, 600.00 W, 600.00 W, 57, 16382 MiB, 99 %, 5, 16
2026/09/20 11:41:10.688, 0, P1, 2917 MHz, 13801 MHz, 468.74 W, 600.00 W, 600.00 W, 57, 16382 MiB, 99 %, 5, 16
2026/09/20 11:41:10.939, 0, P1, 2917 MHz, 13801 MHz, 468.74 W, 600.00 W, 600.00 W, 57, 16382 MiB, 99 %, 5, 16
2026/09/20 11:41:11.192, 0, P1, 2917 MHz, 13801 MHz, 470.35 W, 600.00 W, 600.00 W, 57, 16382 MiB, 99 %, 5, 16
2026/09/20 11:41:11.443, 0, P1, 2917 MHz, 13801 MHz, 470.35 W, 600.00 W, 600.00 W, 57, 16382 MiB, 99 %, 5, 16
2026/09/20 11:41:11.694, 0, P1, 2917 MHz, 13801 MHz, 469.39 W, 600.00 W, 600.00 W, 57, 16382 MiB, 99 %, 5, 16
2026/09/20 11:41:11.945, 0, P1, 2917 MHz, 13801 MHz, 469.39 W, 600.00 W, 600.00 W, 57, 16382 MiB, 99 %, 5, 16
2026/09/20 11:41:12.196, 0, P1, 2917 MHz, 13801 MHz, 469.20 W, 600.00 W, 600.00 W, 57, 16382 MiB, 99 %, 5, 16
2026/09/20 11:41:12.447, 0, P1, 2917 MHz, 13801 MHz, 469.20 W, 600.00 W, 600.00 W, 57, 16382 MiB, 99 %, 5, 16
2026/09/20 11:41:12.698, 0, P1, 2917 MHz, 13801 MHz, 470.12 W, 600.00 W, 600.00 W, 57, 16382 MiB, 99 %, 5, 16
2026/09/20 11:41:12.950, 0, P1, 2917 MHz, 13801 MHz, 470.12 W, 600.00 W, 600.00 W, 57, 16382 MiB, 99 %, 5, 16
2026/09/20 11:41:13.201, 0, P1, 2917 MHz, 13801 MHz, 467.74 W, 600.00 W, 600.00 W, 57, 16382 MiB, 99 %, 5, 16
2026/09/20 11:41:13.453, 0, P1, 2917 MHz, 13801 MHz, 467.74 W, 600.00 W, 600.00 W, 57, 16382 MiB, 99 %, 5, 16
2026/09/20 11:41:13.704, 0, P1, 2917 MHz, 13801 MHz, 462.04 W, 600.00 W, 600.00 W, 57, 16382 MiB, 99 %, 5, 16
2026/09/20 11:41:13.956, 0, P1, 2917 MHz, 13801 MHz, 462.04 W, 600.00 W, 600.00 W, 57, 16382 MiB, 99 %, 5, 16
2026/09/20 11:41:14.207, 0, P1, 2917 MHz, 13801 MHz, 459.83 W, 600.00 W, 600.00 W, 58, 16382 MiB, 99 %, 5, 16
2026/09/20 11:41:14.458, 0, P1, 2917 MHz, 13801 MHz, 459.83 W, 600.00 W, 600.00 W, 58, 16382 MiB, 99 %, 5, 16
2026/09/20 11:41:14.709, 0, P1, 2917 MHz, 13801 MHz, 459.37 W, 600.00 W, 600.00 W, 58, 16382 MiB, 99 %, 5, 16
2026/09/20 11:41:14.960, 0, P1, 2917 MHz, 13801 MHz, 459.37 W, 600.00 W, 600.00 W, 58, 16382 MiB, 99 %, 5, 16
2026/09/20 11:41:15.211, 0, P1, 2917 MHz, 13801 MHz, 464.64 W, 600.00 W, 600.00 W, 58, 16382 MiB, 99 %, 5, 16
2026/09/20 11:41:15.462, 0, P1, 2917 MHz, 13801 MHz, 464.64 W, 600.00 W, 600.00 W, 58, 16382 MiB, 99 %, 5, 16
2026/09/20 11:41:15.713, 0, P1, 2917 MHz, 13801 MHz, 470.39 W, 600.00 W, 600.00 W, 58, 16382 MiB, 99 %, 5, 16
2026/09/20 11:41:15.981, 0, P1, 2917 MHz, 13801 MHz, 470.63 W, 600.00 W, 600.00 W, 58, 16382 MiB, 99 %, 5, 16
2026/09/20 11:41:16.232, 0, P1, 2917 MHz, 13801 MHz, 470.63 W, 600.00 W, 600.00 W, 58, 16382 MiB, 99 %, 5, 16
2026/09/20 11:41:16.483, 0, P1, 2917 MHz, 13801 MHz, 470.83 W, 600.00 W, 600.00 W, 58, 16382 MiB, 99 %, 5, 16
2026/09/20 11:41:16.734, 0, P1, 2917 MHz, 13801 MHz, 470.83 W, 600.00 W, 600.00 W, 58, 16382 MiB, 99 %, 5, 16
2026/09/20 11:41:16.985, 0, P1, 2917 MHz, 13801 MHz, 470.27 W, 600.00 W, 600.00 W, 58, 16382 MiB, 99 %, 5, 16
2026/09/20 11:41:17.261, 0, P1, 2917 MHz, 13801 MHz, 470.27 W, 600.00 W, 600.00 W, 58, 16382 MiB, 99 %, 5, 16
2026/09/20 11:41:17.512, 0, P1, 2917 MHz, 13801 MHz, 452.93 W, 600.00 W, 600.00 W, 58, 16382 MiB, 99 %, 5, 16
2026/09/20 11:41:17.763, 0, P1, 2917 MHz, 13801 MHz, 452.93 W, 600.00 W, 600.00 W, 58, 16382 MiB, 99 %, 5, 16
2026/09/20 11:41:18.015, 0, P1, 2917 MHz, 13801 MHz, 448.05 W, 600.00 W, 600.00 W, 58, 16382 MiB, 99 %, 5, 16
2026/09/20 11:41:18.266, 0, P1, 2917 MHz, 13801 MHz, 448.05 W, 600.00 W, 600.00 W, 58, 16382 MiB, 99 %, 5, 16
2026/09/20 11:41:18.517, 0, P1, 2917 MHz, 13801 MHz, 467.32 W, 600.00 W, 600.00 W, 58, 16382 MiB, 99 %, 5, 16
2026/09/20 11:41:18.768, 0, P1, 2917 MHz, 13801 MHz, 467.32 W, 600.00 W, 600.00 W, 58, 16382 MiB, 99 %, 5, 16
2026/09/20 11:41:19.020, 0, P1, 2917 MHz, 13801 MHz, 471.70 W, 600.00 W, 600.00 W, 58, 16382 MiB, 99 %, 5, 16
2026/09/20 11:41:19.271, 0, P1, 2917 MHz, 13801 MHz, 471.70 W, 600.00 W, 600.00 W, 58, 16382 MiB, 99 %, 5, 16
2026/09/20 11:41:19.522, 0, P1, 2917 MHz, 13801 MHz, 468.30 W, 600.00 W, 600.00 W, 58, 16382 MiB, 99 %, 5, 16
2026/09/20 11:41:19.773, 0, P1, 2917 MHz, 13801 MHz, 468.30 W, 600.00 W, 600.00 W, 58, 16382 MiB, 99 %, 5, 16
2026/09/20 11:41:20.024, 0, P1, 2917 MHz, 13801 MHz, 468.11 W, 600.00 W, 600.00 W, 59, 16382 MiB, 99 %, 5, 16
2026/09/20 11:41:20.275, 0, P1, 2917 MHz, 13801 MHz, 468.11 W, 600.00 W, 600.00 W, 59, 16382 MiB, 99 %, 5, 16
2026/09/20 11:41:20.526, 0, P1, 2917 MHz, 13801 MHz, 467.93 W, 600.00 W, 600.00 W, 59, 16382 MiB, 87 %, 5, 16
2026/09/20 11:41:20.777, 0, P1, 2917 MHz, 13801 MHz, 467.93 W, 600.00 W, 600.00 W, 59, 16382 MiB, 87 %, 5, 16
2026/09/20 11:41:21.028, 0, P1, 2917 MHz, 13801 MHz, 468.14 W, 600.00 W, 600.00 W, 59, 16382 MiB, 99 %, 5, 16
2026/09/20 11:41:21.279, 0, P1, 2917 MHz, 13801 MHz, 468.14 W, 600.00 W, 600.00 W, 59, 16382 MiB, 99 %, 5, 16
2026/09/20 11:41:21.531, 0, P1, 2917 MHz, 13801 MHz, 472.02 W, 600.00 W, 600.00 W, 59, 16382 MiB, 99 %, 5, 16
2026/09/20 11:41:21.782, 0, P1, 2917 MHz, 13801 MHz, 472.02 W, 600.00 W, 600.00 W, 59, 16382 MiB, 99 %, 5, 16
2026/09/20 11:41:22.033, 0, P1, 2917 MHz, 13801 MHz, 472.52 W, 600.00 W, 600.00 W, 59, 16382 MiB, 99 %, 5, 16
2026/09/20 11:41:22.284, 0, P1, 2917 MHz, 13801 MHz, 472.52 W, 600.00 W, 600.00 W, 59, 16382 MiB, 99 %, 5, 16
2026/09/20 11:41:22.535, 0, P1, 2917 MHz, 13801 MHz, 470.10 W, 600.00 W, 600.00 W, 59, 16382 MiB, 99 %, 5, 16
2026/09/20 11:41:22.786, 0, P1, 2917 MHz, 13801 MHz, 470.10 W, 600.00 W, 600.00 W, 59, 16382 MiB, 99 %, 5, 16
2026/09/20 11:41:23.037, 0, P1, 2917 MHz, 13801 MHz, 470.04 W, 600.00 W, 600.00 W, 59, 16382 MiB, 99 %, 5, 16
2026/09/20 11:41:23.288, 0, P1, 2917 MHz, 13801 MHz, 470.04 W, 600.00 W, 600.00 W, 59, 16382 MiB, 99 %, 5, 16
2026/09/20 11:41:23.539, 0, P1, 2917 MHz, 13801 MHz, 473.06 W, 600.00 W, 600.00 W, 59, 16382 MiB, 99 %, 5, 16
2026/09/20 11:41:23.791, 0, P1, 2917 MHz, 13801 MHz, 473.06 W, 600.00 W, 600.00 W, 59, 16382 MiB, 99 %, 5, 16
2026/09/20 11:41:24.042, 0, P1, 2917 MHz, 13801 MHz, 473.95 W, 600.00 W, 600.00 W, 59, 16382 MiB, 99 %, 5, 16
2026/09/20 11:41:24.293, 0, P1, 2917 MHz, 13801 MHz, 473.95 W, 600.00 W, 600.00 W, 59, 16382 MiB, 99 %, 5, 16
2026/09/20 11:41:24.544, 0, P1, 2917 MHz, 13801 MHz, 474.63 W, 600.00 W, 600.00 W, 59, 16382 MiB, 99 %, 5, 16
2026/09/20 11:41:24.795, 0, P1, 2917 MHz, 13801 MHz, 474.63 W, 600.00 W, 600.00 W, 59, 16382 MiB, 99 %, 5, 16
2026/09/20 11:41:25.046, 0, P1, 2917 MHz, 13801 MHz, 467.59 W, 600.00 W, 600.00 W, 59, 16382 MiB, 99 %, 5, 16
2026/09/20 11:41:25.297, 0, P1, 2917 MHz, 13801 MHz, 467.59 W, 600.00 W, 600.00 W, 59, 16382 MiB, 99 %, 5, 16
2026/09/20 11:41:25.548, 0, P1, 2917 MHz, 13801 MHz, 466.54 W, 600.00 W, 600.00 W, 59, 16382 MiB, 99 %, 5, 16
2026/09/20 11:41:25.799, 0, P1, 2917 MHz, 13801 MHz, 466.54 W, 600.00 W, 600.00 W, 59, 16382 MiB, 99 %, 5, 16
2026/09/20 11:41:26.051, 0, P1, 2917 MHz, 13801 MHz, 472.81 W, 600.00 W, 600.00 W, 60, 16382 MiB, 99 %, 5, 16
2026/09/20 11:41:26.302, 0, P1, 2917 MHz, 13801 MHz, 472.81 W, 600.00 W, 600.00 W, 60, 16382 MiB, 99 %, 5, 16
2026/09/20 11:41:26.553, 0, P1, 2917 MHz, 13801 MHz, 474.89 W, 600.00 W, 600.00 W, 60, 16398 MiB, 99 %, 5, 16
2026/09/20 11:41:26.842, 0, P1, 2917 MHz, 13801 MHz, 474.89 W, 600.00 W, 600.00 W, 60, 16485 MiB, 99 %, 5, 16
2026/09/20 11:41:27.094, 0, P1, 2917 MHz, 13801 MHz, 474.06 W, 600.00 W, 600.00 W, 60, 16885 MiB, 99 %, 5, 16
2026/09/20 11:41:27.345, 0, P1, 2917 MHz, 13801 MHz, 474.06 W, 600.00 W, 600.00 W, 60, 16885 MiB, 99 %, 5, 16
2026/09/20 11:41:27.596, 0, P1, 2917 MHz, 13801 MHz, 474.77 W, 600.00 W, 600.00 W, 60, 16887 MiB, 99 %, 5, 16
2026/09/20 11:41:27.848, 0, P1, 2917 MHz, 13801 MHz, 474.77 W, 600.00 W, 600.00 W, 60, 17911 MiB, 99 %, 5, 16
2026/09/20 11:41:28.099, 0, P1, 2917 MHz, 13801 MHz, 476.88 W, 600.00 W, 600.00 W, 60, 16885 MiB, 98 %, 5, 16
2026/09/20 11:41:28.350, 0, P1, 2917 MHz, 13801 MHz, 476.88 W, 600.00 W, 600.00 W, 60, 16885 MiB, 98 %, 5, 16
2026/09/20 11:41:28.601, 0, P1, 2917 MHz, 13801 MHz, 464.41 W, 600.00 W, 600.00 W, 60, 16887 MiB, 99 %, 5, 16
2026/09/20 11:41:28.852, 0, P1, 2917 MHz, 13801 MHz, 464.41 W, 600.00 W, 600.00 W, 60, 16887 MiB, 99 %, 5, 16
2026/09/20 11:41:29.103, 0, P1, 2917 MHz, 13801 MHz, 463.04 W, 600.00 W, 600.00 W, 60, 16889 MiB, 99 %, 5, 16
2026/09/20 11:41:29.354, 0, P1, 2917 MHz, 13801 MHz, 463.04 W, 600.00 W, 600.00 W, 60, 17913 MiB, 99 %, 5, 16
2026/09/20 11:41:29.606, 0, P1, 2917 MHz, 13801 MHz, 473.27 W, 600.00 W, 600.00 W, 60, 17913 MiB, 99 %, 5, 16
2026/09/20 11:41:29.857, 0, P1, 2917 MHz, 13801 MHz, 473.27 W, 600.00 W, 600.00 W, 60, 16885 MiB, 99 %, 5, 16
2026/09/20 11:41:30.108, 0, P1, 2917 MHz, 13801 MHz, 473.58 W, 600.00 W, 600.00 W, 60, 16885 MiB, 99 %, 5, 16
2026/09/20 11:41:30.359, 0, P1, 2917 MHz, 13801 MHz, 473.58 W, 600.00 W, 600.00 W, 60, 18933 MiB, 99 %, 5, 16
2026/09/20 11:41:30.610, 0, P1, 2917 MHz, 13801 MHz, 475.62 W, 600.00 W, 600.00 W, 60, 16382 MiB, 99 %, 5, 16
2026/09/20 11:41:30.861, 0, P1, 2917 MHz, 13801 MHz, 475.62 W, 600.00 W, 600.00 W, 60, 16382 MiB, 99 %, 5, 16
2026/09/20 11:41:31.112, 0, P1, 2917 MHz, 13801 MHz, 476.04 W, 600.00 W, 600.00 W, 60, 16382 MiB, 99 %, 5, 16
2026/09/20 11:41:31.363, 0, P1, 2917 MHz, 13801 MHz, 476.04 W, 600.00 W, 600.00 W, 60, 16382 MiB, 99 %, 5, 16
2026/09/20 11:41:31.615, 0, P1, 2917 MHz, 13801 MHz, 473.31 W, 600.00 W, 600.00 W, 60, 16382 MiB, 99 %, 5, 16
2026/09/20 11:41:31.866, 0, P1, 2917 MHz, 13801 MHz, 473.31 W, 600.00 W, 600.00 W, 60, 16382 MiB, 99 %, 5, 16
2026/09/20 11:41:32.117, 0, P1, 2917 MHz, 13801 MHz, 474.21 W, 600.00 W, 600.00 W, 61, 16382 MiB, 99 %, 5, 16
2026/09/20 11:41:32.368, 0, P1, 2917 MHz, 13801 MHz, 474.21 W, 600.00 W, 600.00 W, 61, 16382 MiB, 99 %, 5, 16
2026/09/20 11:41:32.619, 0, P1, 2917 MHz, 13801 MHz, 478.08 W, 600.00 W, 600.00 W, 61, 16382 MiB, 99 %, 5, 16
2026/09/20 11:41:32.870, 0, P1, 2917 MHz, 13801 MHz, 478.08 W, 600.00 W, 600.00 W, 61, 16382 MiB, 99 %, 5, 16
2026/09/20 11:41:33.121, 0, P1, 2917 MHz, 13801 MHz, 476.93 W, 600.00 W, 600.00 W, 61, 16382 MiB, 99 %, 5, 16
2026/09/20 11:41:33.373, 0, P1, 2917 MHz, 13801 MHz, 476.93 W, 600.00 W, 600.00 W, 61, 16382 MiB, 99 %, 5, 16
2026/09/20 11:41:33.624, 0, P1, 2917 MHz, 13801 MHz, 477.45 W, 600.00 W, 600.00 W, 61, 16382 MiB, 99 %, 5, 16
2026/09/20 11:41:33.875, 0, P1, 2917 MHz, 13801 MHz, 477.45 W, 600.00 W, 600.00 W, 61, 16382 MiB, 99 %, 5, 16
2026/09/20 11:41:34.126, 0, P1, 2917 MHz, 13801 MHz, 476.73 W, 600.00 W, 600.00 W, 61, 16382 MiB, 99 %, 5, 16
2026/09/20 11:41:34.377, 0, P1, 2917 MHz, 13801 MHz, 476.73 W, 600.00 W, 600.00 W, 61, 16382 MiB, 99 %, 5, 16
2026/09/20 11:41:34.628, 0, P1, 2917 MHz, 13801 MHz, 474.99 W, 600.00 W, 600.00 W, 61, 16382 MiB, 99 %, 5, 16
2026/09/20 11:41:34.880, 0, P1, 2917 MHz, 13801 MHz, 474.99 W, 600.00 W, 600.00 W, 61, 16382 MiB, 99 %, 5, 16
2026/09/20 11:41:35.131, 0, P1, 2917 MHz, 13801 MHz, 477.09 W, 600.00 W, 600.00 W, 61, 16382 MiB, 99 %, 5, 16
2026/09/20 11:41:35.382, 0, P1, 2917 MHz, 13801 MHz, 477.09 W, 600.00 W, 600.00 W, 61, 16382 MiB, 99 %, 5, 16
2026/09/20 11:41:35.633, 0, P1, 2917 MHz, 13801 MHz, 478.57 W, 600.00 W, 600.00 W, 61, 16382 MiB, 99 %, 5, 16
2026/09/20 11:41:35.884, 0, P1, 2917 MHz, 13801 MHz, 478.57 W, 600.00 W, 600.00 W, 61, 16382 MiB, 99 %, 5, 16
2026/09/20 11:41:36.135, 0, P1, 2917 MHz, 13801 MHz, 476.50 W, 600.00 W, 600.00 W, 61, 16382 MiB, 99 %, 5, 16
2026/09/20 11:41:36.386, 0, P1, 2917 MHz, 13801 MHz, 476.50 W, 600.00 W, 600.00 W, 61, 16382 MiB, 99 %, 5, 16
2026/09/20 11:41:36.637, 0, P1, 2917 MHz, 13801 MHz, 475.03 W, 600.00 W, 600.00 W, 61, 16382 MiB, 99 %, 5, 16
2026/09/20 11:41:36.888, 0, P1, 2917 MHz, 13801 MHz, 475.03 W, 600.00 W, 600.00 W, 61, 16382 MiB, 99 %, 5, 16
2026/09/20 11:41:37.140, 0, P1, 2917 MHz, 13801 MHz, 475.10 W, 600.00 W, 600.00 W, 61, 16382 MiB, 99 %, 5, 16
2026/09/20 11:41:37.391, 0, P1, 2917 MHz, 13801 MHz, 475.10 W, 600.00 W, 600.00 W, 61, 16382 MiB, 99 %, 5, 16
2026/09/20 11:41:37.642, 0, P1, 2917 MHz, 13801 MHz, 478.93 W, 600.00 W, 600.00 W, 61, 16382 MiB, 99 %, 5, 16
2026/09/20 11:41:37.893, 0, P1, 2917 MHz, 13801 MHz, 478.93 W, 600.00 W, 600.00 W, 61, 16382 MiB, 99 %, 5, 16
2026/09/20 11:41:38.144, 0, P1, 2917 MHz, 13801 MHz, 479.04 W, 600.00 W, 600.00 W, 61, 16382 MiB, 99 %, 5, 16
2026/09/20 11:41:38.395, 0, P1, 2917 MHz, 13801 MHz, 479.04 W, 600.00 W, 600.00 W, 61, 16382 MiB, 99 %, 5, 16
2026/09/20 11:41:38.646, 0, P1, 2917 MHz, 13801 MHz, 475.96 W, 600.00 W, 600.00 W, 61, 16382 MiB, 99 %, 5, 16
2026/09/20 11:41:38.898, 0, P1, 2917 MHz, 13801 MHz, 475.96 W, 600.00 W, 600.00 W, 61, 16382 MiB, 99 %, 5, 16
2026/09/20 11:41:39.149, 0, P1, 2917 MHz, 13801 MHz, 475.86 W, 600.00 W, 600.00 W, 61, 16382 MiB, 99 %, 5, 16
2026/09/20 11:41:39.400, 0, P1, 2917 MHz, 13801 MHz, 475.86 W, 600.00 W, 600.00 W, 61, 16382 MiB, 99 %, 5, 16
2026/09/20 11:41:39.651, 0, P1, 2917 MHz, 13801 MHz, 478.30 W, 600.00 W, 600.00 W, 61, 16382 MiB, 99 %, 5, 16
2026/09/20 11:41:39.902, 0, P1, 2917 MHz, 13801 MHz, 478.30 W, 600.00 W, 600.00 W, 61, 16382 MiB, 99 %, 5, 16
2026/09/20 11:41:40.153, 0, P1, 2917 MHz, 13801 MHz, 478.18 W, 600.00 W, 600.00 W, 61, 16382 MiB, 99 %, 5, 16
2026/09/20 11:41:40.404, 0, P1, 2917 MHz, 13801 MHz, 478.18 W, 600.00 W, 600.00 W, 61, 16382 MiB, 99 %, 5, 16
2026/09/20 11:41:40.656, 0, P1, 2917 MHz, 13801 MHz, 477.07 W, 600.00 W, 600.00 W, 61, 16382 MiB, 99 %, 5, 16
2026/09/20 11:41:40.907, 0, P1, 2917 MHz, 13801 MHz, 477.07 W, 600.00 W, 600.00 W, 61, 16382 MiB, 99 %, 5, 16
2026/09/20 11:41:41.158, 0, P1, 2917 MHz, 13801 MHz, 476.55 W, 600.00 W, 600.00 W, 61, 16382 MiB, 99 %, 5, 16
2026/09/20 11:41:41.409, 0, P1, 2917 MHz, 13801 MHz, 476.55 W, 600.00 W, 600.00 W, 61, 16382 MiB, 99 %, 5, 16
2026/09/20 11:41:41.660, 0, P1, 2917 MHz, 13801 MHz, 477.50 W, 600.00 W, 600.00 W, 62, 16382 MiB, 99 %, 5, 16
2026/09/20 11:41:41.912, 0, P1, 2917 MHz, 13801 MHz, 477.50 W, 600.00 W, 600.00 W, 62, 16382 MiB, 99 %, 5, 16
2026/09/20 11:41:42.163, 0, P1, 2917 MHz, 13801 MHz, 475.60 W, 600.00 W, 600.00 W, 62, 16382 MiB, 99 %, 5, 16
2026/09/20 11:41:42.414, 0, P1, 2917 MHz, 13801 MHz, 475.60 W, 600.00 W, 600.00 W, 62, 16382 MiB, 99 %, 5, 16
2026/09/20 11:41:42.665, 0, P1, 2917 MHz, 13801 MHz, 472.21 W, 600.00 W, 600.00 W, 62, 16382 MiB, 99 %, 5, 16
2026/09/20 11:41:42.916, 0, P1, 2917 MHz, 13801 MHz, 472.21 W, 600.00 W, 600.00 W, 62, 16382 MiB, 99 %, 5, 16
2026/09/20 11:41:43.167, 0, P1, 2917 MHz, 13801 MHz, 474.77 W, 600.00 W, 600.00 W, 62, 16382 MiB, 99 %, 5, 16
2026/09/20 11:41:43.418, 0, P1, 2917 MHz, 13801 MHz, 474.77 W, 600.00 W, 600.00 W, 62, 16382 MiB, 99 %, 5, 16
2026/09/20 11:41:43.669, 0, P1, 2917 MHz, 13801 MHz, 477.88 W, 600.00 W, 600.00 W, 62, 16382 MiB, 99 %, 5, 16
2026/09/20 11:41:43.921, 0, P1, 2917 MHz, 13801 MHz, 477.88 W, 600.00 W, 600.00 W, 62, 16382 MiB, 99 %, 5, 16
2026/09/20 11:41:44.172, 0, P1, 2917 MHz, 13801 MHz, 477.78 W, 600.00 W, 600.00 W, 62, 16382 MiB, 99 %, 5, 16
2026/09/20 11:41:44.423, 0, P1, 2917 MHz, 13801 MHz, 477.78 W, 600.00 W, 600.00 W, 62, 16382 MiB, 99 %, 5, 16
2026/09/20 11:41:44.674, 0, P1, 2917 MHz, 13801 MHz, 477.35 W, 600.00 W, 600.00 W, 62, 16382 MiB, 99 %, 5, 16
2026/09/20 11:41:44.925, 0, P1, 2917 MHz, 13801 MHz, 477.35 W, 600.00 W, 600.00 W, 62, 16382 MiB, 99 %, 5, 16
2026/09/20 11:41:45.176, 0, P1, 2917 MHz, 13801 MHz, 477.03 W, 600.00 W, 600.00 W, 62, 16382 MiB, 99 %, 5, 16
2026/09/20 11:41:45.428, 0, P1, 2917 MHz, 13801 MHz, 477.03 W, 600.00 W, 600.00 W, 62, 16382 MiB, 99 %, 5, 16
2026/09/20 11:41:45.679, 0, P1, 2917 MHz, 13801 MHz, 476.40 W, 600.00 W, 600.00 W, 62, 16382 MiB, 99 %, 5, 16
2026/09/20 11:41:45.930, 0, P1, 2917 MHz, 13801 MHz, 476.40 W, 600.00 W, 600.00 W, 62, 16382 MiB, 99 %, 5, 16
2026/09/20 11:41:46.181, 0, P1, 2917 MHz, 13801 MHz, 476.66 W, 600.00 W, 600.00 W, 62, 16382 MiB, 99 %, 5, 16
2026/09/20 11:41:46.432, 0, P1, 2917 MHz, 13801 MHz, 476.66 W, 600.00 W, 600.00 W, 62, 16382 MiB, 99 %, 5, 16
2026/09/20 11:41:46.683, 0, P1, 2917 MHz, 13801 MHz, 475.81 W, 600.00 W, 600.00 W, 62, 16382 MiB, 99 %, 5, 16
2026/09/20 11:41:46.934, 0, P1, 2917 MHz, 13801 MHz, 475.81 W, 600.00 W, 600.00 W, 62, 16382 MiB, 99 %, 5, 16
2026/09/20 11:41:47.185, 0, P1, 2917 MHz, 13801 MHz, 475.70 W, 600.00 W, 600.00 W, 62, 16382 MiB, 99 %, 5, 16
2026/09/20 11:41:47.437, 0, P1, 2917 MHz, 13801 MHz, 475.70 W, 600.00 W, 600.00 W, 62, 16382 MiB, 99 %, 5, 16
2026/09/20 11:41:47.688, 0, P1, 2917 MHz, 13801 MHz, 477.56 W, 600.00 W, 600.00 W, 62, 16382 MiB, 99 %, 5, 16
2026/09/20 11:41:47.939, 0, P1, 2917 MHz, 13801 MHz, 477.56 W, 600.00 W, 600.00 W, 62, 16382 MiB, 99 %, 5, 16
2026/09/20 11:41:48.190, 0, P1, 2917 MHz, 13801 MHz, 477.80 W, 600.00 W, 600.00 W, 62, 16382 MiB, 99 %, 5, 16
2026/09/20 11:41:48.441, 0, P1, 2917 MHz, 13801 MHz, 477.80 W, 600.00 W, 600.00 W, 62, 16382 MiB, 99 %, 5, 16
2026/09/20 11:41:48.692, 0, P1, 2917 MHz, 13801 MHz, 477.93 W, 600.00 W, 600.00 W, 62, 16382 MiB, 99 %, 5, 16
2026/09/20 11:41:48.944, 0, P1, 2917 MHz, 13801 MHz, 477.93 W, 600.00 W, 600.00 W, 62, 16382 MiB, 99 %, 5, 16
2026/09/20 11:41:49.195, 0, P1, 2917 MHz, 13801 MHz, 478.73 W, 600.00 W, 600.00 W, 62, 16382 MiB, 99 %, 5, 16
2026/09/20 11:41:49.446, 0, P1, 2917 MHz, 13801 MHz, 478.73 W, 600.00 W, 600.00 W, 62, 16382 MiB, 99 %, 5, 16
2026/09/20 11:41:49.697, 0, P1, 2917 MHz, 13801 MHz, 477.35 W, 600.00 W, 600.00 W, 62, 16382 MiB, 99 %, 5, 16
2026/09/20 11:41:49.948, 0, P1, 2917 MHz, 13801 MHz, 477.35 W, 600.00 W, 600.00 W, 62, 16382 MiB, 99 %, 5, 16
2026/09/20 11:41:50.199, 0, P1, 2917 MHz, 13801 MHz, 477.35 W, 600.00 W, 600.00 W, 62, 16382 MiB, 99 %, 5, 16
2026/09/20 11:41:50.450, 0, P1, 2917 MHz, 13801 MHz, 477.35 W, 600.00 W, 600.00 W, 62, 16382 MiB, 99 %, 5, 16
2026/09/20 11:41:50.701, 0, P1, 2917 MHz, 13801 MHz, 479.54 W, 600.00 W, 600.00 W, 62, 16382 MiB, 99 %, 5, 16
2026/09/20 11:41:50.953, 0, P1, 2917 MHz, 13801 MHz, 479.54 W, 600.00 W, 600.00 W, 62, 16382 MiB, 99 %, 5, 16
2026/09/20 11:41:51.204, 0, P1, 2917 MHz, 13801 MHz, 479.65 W, 600.00 W, 600.00 W, 62, 16382 MiB, 99 %, 5, 16
2026/09/20 11:41:51.455, 0, P1, 2917 MHz, 13801 MHz, 479.65 W, 600.00 W, 600.00 W, 62, 16382 MiB, 99 %, 5, 16
2026/09/20 11:41:51.706, 0, P1, 2917 MHz, 13801 MHz, 479.84 W, 600.00 W, 600.00 W, 63, 16382 MiB, 99 %, 5, 16
2026/09/20 11:41:51.957, 0, P1, 2917 MHz, 13801 MHz, 479.84 W, 600.00 W, 600.00 W, 63, 16382 MiB, 99 %, 5, 16
2026/09/20 11:41:52.208, 0, P1, 2917 MHz, 13801 MHz, 467.30 W, 600.00 W, 600.00 W, 61, 16382 MiB, 66 %, 5, 16
2026/09/20 11:41:52.460, 0, P1, 2917 MHz, 13801 MHz, 467.30 W, 600.00 W, 600.00 W, 61, 16382 MiB, 66 %, 5, 16
2026/09/20 11:41:52.711, 0, P1, 2917 MHz, 13801 MHz, 466.89 W, 600.00 W, 600.00 W, 63, 16382 MiB, 99 %, 5, 16
2026/09/20 11:41:52.962, 0, P1, 2917 MHz, 13801 MHz, 466.89 W, 600.00 W, 600.00 W, 63, 16382 MiB, 99 %, 5, 16
2026/09/20 11:41:53.213, 0, P1, 2910 MHz, 13801 MHz, 467.70 W, 600.00 W, 600.00 W, 63, 16382 MiB, 99 %, 5, 16
2026/09/20 11:41:53.464, 0, P1, 2910 MHz, 13801 MHz, 467.70 W, 600.00 W, 600.00 W, 63, 16382 MiB, 99 %, 5, 16
2026/09/20 11:41:53.715, 0, P1, 2910 MHz, 13801 MHz, 479.49 W, 600.00 W, 600.00 W, 63, 16382 MiB, 99 %, 5, 16
2026/09/20 11:41:53.966, 0, P1, 2910 MHz, 13801 MHz, 479.49 W, 600.00 W, 600.00 W, 63, 16382 MiB, 99 %, 5, 16
2026/09/20 11:41:54.218, 0, P1, 2910 MHz, 13801 MHz, 476.92 W, 600.00 W, 600.00 W, 63, 16382 MiB, 99 %, 5, 16
2026/09/20 11:41:54.469, 0, P1, 2910 MHz, 13801 MHz, 476.92 W, 600.00 W, 600.00 W, 63, 16382 MiB, 99 %, 5, 16
2026/09/20 11:41:54.720, 0, P1, 2910 MHz, 13801 MHz, 476.66 W, 600.00 W, 600.00 W, 63, 16382 MiB, 99 %, 5, 16
2026/09/20 11:41:54.971, 0, P1, 2910 MHz, 13801 MHz, 476.66 W, 600.00 W, 600.00 W, 63, 16382 MiB, 99 %, 5, 16
2026/09/20 11:41:55.222, 0, P1, 2910 MHz, 13801 MHz, 479.20 W, 600.00 W, 600.00 W, 63, 16382 MiB, 99 %, 5, 16
2026/09/20 11:41:55.473, 0, P1, 2910 MHz, 13801 MHz, 479.20 W, 600.00 W, 600.00 W, 63, 16382 MiB, 99 %, 5, 16
2026/09/20 11:41:55.724, 0, P1, 2910 MHz, 13801 MHz, 479.58 W, 600.00 W, 600.00 W, 63, 16382 MiB, 99 %, 5, 16
2026/09/20 11:41:55.976, 0, P1, 2910 MHz, 13801 MHz, 479.58 W, 600.00 W, 600.00 W, 63, 16382 MiB, 99 %, 5, 16
2026/09/20 11:41:56.227, 0, P1, 2910 MHz, 13801 MHz, 479.92 W, 600.00 W, 600.00 W, 63, 16382 MiB, 99 %, 5, 16
2026/09/20 11:41:56.478, 0, P1, 2910 MHz, 13801 MHz, 479.92 W, 600.00 W, 600.00 W, 63, 16382 MiB, 99 %, 5, 16
2026/09/20 11:41:56.729, 0, P1, 2910 MHz, 13801 MHz, 480.14 W, 600.00 W, 600.00 W, 63, 16382 MiB, 99 %, 5, 16
2026/09/20 11:41:56.980, 0, P1, 2910 MHz, 13801 MHz, 479.59 W, 600.00 W, 600.00 W, 63, 16382 MiB, 99 %, 5, 16
2026/09/20 11:41:57.231, 0, P1, 2910 MHz, 13801 MHz, 479.59 W, 600.00 W, 600.00 W, 63, 16382 MiB, 99 %, 5, 16
2026/09/20 11:41:57.482, 0, P1, 2910 MHz, 13801 MHz, 480.04 W, 600.00 W, 600.00 W, 63, 16382 MiB, 99 %, 5, 16
2026/09/20 11:41:57.734, 0, P1, 2910 MHz, 13801 MHz, 480.04 W, 600.00 W, 600.00 W, 63, 16382 MiB, 99 %, 5, 16
2026/09/20 11:41:57.985, 0, P1, 2910 MHz, 13801 MHz, 481.54 W, 600.00 W, 600.00 W, 63, 16382 MiB, 99 %, 5, 16
2026/09/20 11:41:58.236, 0, P1, 2910 MHz, 13801 MHz, 481.54 W, 600.00 W, 600.00 W, 63, 16382 MiB, 99 %, 5, 16
2026/09/20 11:41:58.487, 0, P1, 2910 MHz, 13801 MHz, 482.07 W, 600.00 W, 600.00 W, 63, 16382 MiB, 99 %, 5, 16
2026/09/20 11:41:58.738, 0, P1, 2910 MHz, 13801 MHz, 482.07 W, 600.00 W, 600.00 W, 63, 16382 MiB, 99 %, 5, 16
2026/09/20 11:41:58.989, 0, P1, 2902 MHz, 13801 MHz, 477.03 W, 600.00 W, 600.00 W, 63, 16382 MiB, 99 %, 5, 16
2026/09/20 11:41:59.241, 0, P1, 2902 MHz, 13801 MHz, 477.03 W, 600.00 W, 600.00 W, 63, 16382 MiB, 99 %, 5, 16
2026/09/20 11:41:59.492, 0, P1, 2902 MHz, 13801 MHz, 474.86 W, 600.00 W, 600.00 W, 63, 16382 MiB, 99 %, 5, 16
2026/09/20 11:41:59.743, 0, P1, 2902 MHz, 13801 MHz, 474.86 W, 600.00 W, 600.00 W, 63, 16382 MiB, 99 %, 5, 16
2026/09/20 11:41:59.994, 0, P1, 2902 MHz, 13801 MHz, 478.16 W, 600.00 W, 600.00 W, 63, 16382 MiB, 99 %, 5, 16
2026/09/20 11:42:00.245, 0, P1, 2902 MHz, 13801 MHz, 478.16 W, 600.00 W, 600.00 W, 63, 16382 MiB, 99 %, 5, 16
2026/09/20 11:42:00.496, 0, P1, 2910 MHz, 13801 MHz, 479.87 W, 600.00 W, 600.00 W, 63, 16382 MiB, 99 %, 5, 16
2026/09/20 11:42:00.747, 0, P1, 2910 MHz, 13801 MHz, 479.87 W, 600.00 W, 600.00 W, 63, 16382 MiB, 99 %, 5, 16
2026/09/20 11:42:00.999, 0, P1, 2910 MHz, 13801 MHz, 481.21 W, 600.00 W, 600.00 W, 63, 16382 MiB, 99 %, 5, 16
2026/09/20 11:42:01.250, 0, P1, 2910 MHz, 13801 MHz, 481.21 W, 600.00 W, 600.00 W, 63, 16382 MiB, 99 %, 5, 16
2026/09/20 11:42:01.501, 0, P1, 2910 MHz, 13801 MHz, 481.15 W, 600.00 W, 600.00 W, 63, 16382 MiB, 99 %, 5, 16
2026/09/20 11:42:01.752, 0, P1, 2910 MHz, 13801 MHz, 481.15 W, 600.00 W, 600.00 W, 63, 16382 MiB, 99 %, 5, 16
2026/09/20 11:42:02.003, 0, P1, 2910 MHz, 13801 MHz, 481.68 W, 600.00 W, 600.00 W, 63, 16382 MiB, 99 %, 5, 16
2026/09/20 11:42:02.254, 0, P1, 2910 MHz, 13801 MHz, 481.68 W, 600.00 W, 600.00 W, 63, 16382 MiB, 99 %, 5, 16
2026/09/20 11:42:02.505, 0, P1, 2910 MHz, 13801 MHz, 482.14 W, 600.00 W, 600.00 W, 63, 16382 MiB, 99 %, 5, 16
2026/09/20 11:42:02.756, 0, P1, 2910 MHz, 13801 MHz, 482.14 W, 600.00 W, 600.00 W, 63, 16382 MiB, 99 %, 5, 16
2026/09/20 11:42:03.008, 0, P1, 2917 MHz, 13801 MHz, 448.82 W, 600.00 W, 600.00 W, 63, 16382 MiB, 99 %, 5, 16
2026/09/20 11:42:03.259, 0, P1, 2917 MHz, 13801 MHz, 448.82 W, 600.00 W, 600.00 W, 63, 16382 MiB, 99 %, 5, 16
2026/09/20 11:42:03.510, 0, P1, 2910 MHz, 13801 MHz, 444.42 W, 600.00 W, 600.00 W, 63, 16382 MiB, 97 %, 5, 16
2026/09/20 11:42:03.761, 0, P1, 2910 MHz, 13801 MHz, 444.42 W, 600.00 W, 600.00 W, 63, 16382 MiB, 97 %, 5, 16
2026/09/20 11:42:04.012, 0, P1, 2910 MHz, 13801 MHz, 477.37 W, 600.00 W, 600.00 W, 63, 16382 MiB, 99 %, 5, 16
2026/09/20 11:42:04.263, 0, P1, 2910 MHz, 13801 MHz, 477.37 W, 600.00 W, 600.00 W, 63, 16382 MiB, 99 %, 5, 16
2026/09/20 11:42:04.514, 0, P1, 2910 MHz, 13801 MHz, 477.59 W, 600.00 W, 600.00 W, 64, 16382 MiB, 99 %, 5, 16
2026/09/20 11:42:04.765, 0, P1, 2910 MHz, 13801 MHz, 477.59 W, 600.00 W, 600.00 W, 64, 16382 MiB, 99 %, 5, 16
2026/09/20 11:42:05.016, 0, P1, 2910 MHz, 13801 MHz, 478.23 W, 600.00 W, 600.00 W, 63, 16382 MiB, 89 %, 5, 16
2026/09/20 11:42:05.268, 0, P1, 2910 MHz, 13801 MHz, 478.23 W, 600.00 W, 600.00 W, 63, 16382 MiB, 89 %, 5, 16
2026/09/20 11:42:05.519, 0, P1, 2910 MHz, 13801 MHz, 479.05 W, 600.00 W, 600.00 W, 64, 16382 MiB, 99 %, 5, 16
2026/09/20 11:42:05.770, 0, P1, 2910 MHz, 13801 MHz, 479.05 W, 600.00 W, 600.00 W, 64, 16382 MiB, 99 %, 5, 16
2026/09/20 11:42:06.021, 0, P1, 2910 MHz, 13801 MHz, 479.25 W, 600.00 W, 600.00 W, 64, 16382 MiB, 99 %, 5, 16
2026/09/20 11:42:06.272, 0, P1, 2910 MHz, 13801 MHz, 479.25 W, 600.00 W, 600.00 W, 64, 16382 MiB, 99 %, 5, 16
2026/09/20 11:42:06.523, 0, P1, 2910 MHz, 13801 MHz, 483.10 W, 600.00 W, 600.00 W, 64, 16382 MiB, 99 %, 5, 16
2026/09/20 11:42:06.774, 0, P1, 2910 MHz, 13801 MHz, 483.10 W, 600.00 W, 600.00 W, 64, 16382 MiB, 99 %, 5, 16
2026/09/20 11:42:07.026, 0, P1, 2910 MHz, 13801 MHz, 483.33 W, 600.00 W, 600.00 W, 64, 16382 MiB, 99 %, 5, 16
2026/09/20 11:42:07.277, 0, P1, 2910 MHz, 13801 MHz, 483.33 W, 600.00 W, 600.00 W, 64, 16382 MiB, 99 %, 5, 16
2026/09/20 11:42:07.528, 0, P1, 2910 MHz, 13801 MHz, 482.88 W, 600.00 W, 600.00 W, 64, 16382 MiB, 99 %, 5, 16
2026/09/20 11:42:07.779, 0, P1, 2910 MHz, 13801 MHz, 482.88 W, 600.00 W, 600.00 W, 64, 16382 MiB, 99 %, 5, 16
2026/09/20 11:42:08.030, 0, P1, 2910 MHz, 13801 MHz, 479.61 W, 600.00 W, 600.00 W, 64, 16382 MiB, 99 %, 5, 16
2026/09/20 11:42:08.281, 0, P1, 2910 MHz, 13801 MHz, 479.61 W, 600.00 W, 600.00 W, 64, 16382 MiB, 99 %, 5, 16
2026/09/20 11:42:08.532, 0, P1, 2910 MHz, 13801 MHz, 480.01 W, 600.00 W, 600.00 W, 64, 16382 MiB, 99 %, 5, 16
2026/09/20 11:42:08.784, 0, P1, 2910 MHz, 13801 MHz, 480.01 W, 600.00 W, 600.00 W, 64, 16382 MiB, 99 %, 5, 16
2026/09/20 11:42:09.035, 0, P1, 2910 MHz, 13801 MHz, 482.22 W, 600.00 W, 600.00 W, 64, 16382 MiB, 99 %, 5, 16
2026/09/20 11:42:09.286, 0, P1, 2910 MHz, 13801 MHz, 482.22 W, 600.00 W, 600.00 W, 64, 16382 MiB, 99 %, 5, 16
2026/09/20 11:42:09.537, 0, P1, 2910 MHz, 13801 MHz, 480.04 W, 600.00 W, 600.00 W, 64, 16382 MiB, 99 %, 5, 16
2026/09/20 11:42:09.788, 0, P1, 2910 MHz, 13801 MHz, 480.04 W, 600.00 W, 600.00 W, 64, 16382 MiB, 99 %, 5, 16
2026/09/20 11:42:10.039, 0, P1, 2910 MHz, 13801 MHz, 480.89 W, 600.00 W, 600.00 W, 64, 16382 MiB, 99 %, 5, 16
2026/09/20 11:42:10.291, 0, P1, 2910 MHz, 13801 MHz, 480.89 W, 600.00 W, 600.00 W, 64, 16382 MiB, 99 %, 5, 16
2026/09/20 11:42:10.542, 0, P1, 2910 MHz, 13801 MHz, 483.29 W, 600.00 W, 600.00 W, 64, 16382 MiB, 99 %, 5, 16
2026/09/20 11:42:10.793, 0, P1, 2910 MHz, 13801 MHz, 483.29 W, 600.00 W, 600.00 W, 64, 16382 MiB, 99 %, 5, 16
2026/09/20 11:42:11.044, 0, P1, 2910 MHz, 13801 MHz, 477.91 W, 600.00 W, 600.00 W, 64, 16382 MiB, 99 %, 5, 16
2026/09/20 11:42:11.295, 0, P1, 2910 MHz, 13801 MHz, 477.91 W, 600.00 W, 600.00 W, 64, 16382 MiB, 99 %, 5, 16
2026/09/20 11:42:11.546, 0, P1, 2910 MHz, 13801 MHz, 478.39 W, 600.00 W, 600.00 W, 64, 16382 MiB, 99 %, 5, 16
2026/09/20 11:42:11.798, 0, P1, 2910 MHz, 13801 MHz, 478.39 W, 600.00 W, 600.00 W, 64, 16382 MiB, 99 %, 5, 16
2026/09/20 11:42:12.049, 0, P1, 2910 MHz, 13801 MHz, 483.97 W, 600.00 W, 600.00 W, 64, 16382 MiB, 96 %, 5, 16
2026/09/20 11:42:12.300, 0, P1, 2910 MHz, 13801 MHz, 483.97 W, 600.00 W, 600.00 W, 64, 16382 MiB, 96 %, 5, 16
2026/09/20 11:42:12.551, 0, P1, 2910 MHz, 13801 MHz, 479.85 W, 600.00 W, 600.00 W, 64, 16382 MiB, 95 %, 5, 16
2026/09/20 11:42:12.802, 0, P1, 2910 MHz, 13801 MHz, 479.85 W, 600.00 W, 600.00 W, 64, 16382 MiB, 95 %, 5, 16
2026/09/20 11:42:13.053, 0, P1, 2910 MHz, 13801 MHz, 479.39 W, 600.00 W, 600.00 W, 64, 16382 MiB, 99 %, 5, 16
2026/09/20 11:42:13.304, 0, P1, 2910 MHz, 13801 MHz, 479.39 W, 600.00 W, 600.00 W, 64, 16382 MiB, 99 %, 5, 16
2026/09/20 11:42:13.555, 0, P1, 2910 MHz, 13801 MHz, 484.49 W, 600.00 W, 600.00 W, 64, 16382 MiB, 99 %, 5, 16
2026/09/20 11:42:13.806, 0, P1, 2910 MHz, 13801 MHz, 484.49 W, 600.00 W, 600.00 W, 64, 16382 MiB, 99 %, 5, 16
2026/09/20 11:42:14.057, 0, P1, 2910 MHz, 13801 MHz, 485.43 W, 600.00 W, 600.00 W, 64, 16382 MiB, 99 %, 5, 16
2026/09/20 11:42:14.308, 0, P1, 2910 MHz, 13801 MHz, 485.43 W, 600.00 W, 600.00 W, 64, 16382 MiB, 99 %, 5, 16
2026/09/20 11:42:14.560, 0, P1, 2910 MHz, 13801 MHz, 485.56 W, 600.00 W, 600.00 W, 64, 16382 MiB, 99 %, 5, 16
2026/09/20 11:42:14.811, 0, P1, 2910 MHz, 13801 MHz, 485.56 W, 600.00 W, 600.00 W, 64, 16382 MiB, 99 %, 5, 16
2026/09/20 11:42:15.062, 0, P1, 2910 MHz, 13801 MHz, 485.52 W, 600.00 W, 600.00 W, 64, 16382 MiB, 99 %, 5, 16
2026/09/20 11:42:15.313, 0, P1, 2910 MHz, 13801 MHz, 485.52 W, 600.00 W, 600.00 W, 64, 16382 MiB, 99 %, 5, 16
2026/09/20 11:42:15.564, 0, P1, 2910 MHz, 13801 MHz, 485.45 W, 600.00 W, 600.00 W, 64, 16382 MiB, 99 %, 5, 16
2026/09/20 11:42:15.815, 0, P1, 2910 MHz, 13801 MHz, 485.45 W, 600.00 W, 600.00 W, 64, 16382 MiB, 99 %, 5, 16
2026/09/20 11:42:16.066, 0, P1, 2910 MHz, 13801 MHz, 485.25 W, 600.00 W, 600.00 W, 64, 16382 MiB, 99 %, 5, 16
2026/09/20 11:42:16.317, 0, P1, 2910 MHz, 13801 MHz, 485.25 W, 600.00 W, 600.00 W, 64, 16382 MiB, 99 %, 5, 16
2026/09/20 11:42:16.569, 0, P1, 2910 MHz, 13801 MHz, 481.27 W, 600.00 W, 600.00 W, 64, 16382 MiB, 90 %, 5, 16
2026/09/20 11:42:16.820, 0, P1, 2910 MHz, 13801 MHz, 481.27 W, 600.00 W, 600.00 W, 64, 16382 MiB, 90 %, 5, 16
2026/09/20 11:42:17.071, 0, P1, 2910 MHz, 13801 MHz, 474.21 W, 600.00 W, 600.00 W, 64, 16382 MiB, 99 %, 5, 16
2026/09/20 11:42:17.322, 0, P1, 2910 MHz, 13801 MHz, 474.21 W, 600.00 W, 600.00 W, 64, 16382 MiB, 99 %, 5, 16
2026/09/20 11:42:17.573, 0, P1, 2910 MHz, 13801 MHz, 476.25 W, 600.00 W, 600.00 W, 64, 16382 MiB, 99 %, 5, 16
2026/09/20 11:42:17.824, 0, P1, 2910 MHz, 13801 MHz, 476.25 W, 600.00 W, 600.00 W, 64, 16382 MiB, 99 %, 5, 16
2026/09/20 11:42:18.075, 0, P1, 2910 MHz, 13801 MHz, 482.79 W, 600.00 W, 600.00 W, 64, 16382 MiB, 99 %, 5, 16
2026/09/20 11:42:18.327, 0, P1, 2910 MHz, 13801 MHz, 482.79 W, 600.00 W, 600.00 W, 64, 16382 MiB, 99 %, 5, 16
2026/09/20 11:42:18.584, 0, P1, 2910 MHz, 13801 MHz, 483.39 W, 600.00 W, 600.00 W, 64, 16382 MiB, 99 %, 5, 16
2026/09/20 11:42:18.839, 0, P1, 2910 MHz, 13801 MHz, 483.39 W, 600.00 W, 600.00 W, 64, 16382 MiB, 99 %, 5, 16
2026/09/20 11:42:19.090, 0, P1, 2910 MHz, 13801 MHz, 482.54 W, 600.00 W, 600.00 W, 64, 16382 MiB, 98 %, 5, 16
2026/09/20 11:42:19.341, 0, P1, 2910 MHz, 13801 MHz, 482.54 W, 600.00 W, 600.00 W, 64, 16382 MiB, 98 %, 5, 16
2026/09/20 11:42:19.593, 0, P1, 2910 MHz, 13801 MHz, 482.62 W, 600.00 W, 600.00 W, 64, 16382 MiB, 99 %, 5, 16
2026/09/20 11:42:19.844, 0, P1, 2910 MHz, 13801 MHz, 482.62 W, 600.00 W, 600.00 W, 64, 16382 MiB, 99 %, 5, 16
2026/09/20 11:42:20.095, 0, P1, 2910 MHz, 13801 MHz, 484.07 W, 600.00 W, 600.00 W, 65, 16382 MiB, 99 %, 5, 16
2026/09/20 11:42:20.346, 0, P1, 2910 MHz, 13801 MHz, 484.07 W, 600.00 W, 600.00 W, 65, 16382 MiB, 99 %, 5, 16
2026/09/20 11:42:20.597, 0, P1, 2910 MHz, 13801 MHz, 485.30 W, 600.00 W, 600.00 W, 64, 16382 MiB, 97 %, 5, 16
2026/09/20 11:42:20.848, 0, P1, 2910 MHz, 13801 MHz, 485.30 W, 600.00 W, 600.00 W, 64, 16382 MiB, 97 %, 5, 16
2026/09/20 11:42:21.099, 0, P1, 2910 MHz, 13801 MHz, 485.31 W, 600.00 W, 600.00 W, 65, 16382 MiB, 99 %, 5, 16
2026/09/20 11:42:21.351, 0, P1, 2910 MHz, 13801 MHz, 485.31 W, 600.00 W, 600.00 W, 65, 16382 MiB, 99 %, 5, 16
2026/09/20 11:42:21.602, 0, P1, 2910 MHz, 13801 MHz, 486.22 W, 600.00 W, 600.00 W, 64, 16382 MiB, 99 %, 5, 16
2026/09/20 11:42:21.853, 0, P1, 2910 MHz, 13801 MHz, 486.22 W, 600.00 W, 600.00 W, 64, 16382 MiB, 99 %, 5, 16
2026/09/20 11:42:22.104, 0, P1, 2910 MHz, 13801 MHz, 486.57 W, 600.00 W, 600.00 W, 64, 16382 MiB, 99 %, 5, 16
2026/09/20 11:42:22.355, 0, P1, 2910 MHz, 13801 MHz, 486.57 W, 600.00 W, 600.00 W, 64, 16382 MiB, 99 %, 5, 16
2026/09/20 11:42:22.606, 0, P1, 2910 MHz, 13801 MHz, 483.72 W, 600.00 W, 600.00 W, 64, 16382 MiB, 99 %, 5, 16
2026/09/20 11:42:22.857, 0, P1, 2910 MHz, 13801 MHz, 483.72 W, 600.00 W, 600.00 W, 64, 16382 MiB, 99 %, 5, 16
2026/09/20 11:42:23.108, 0, P1, 2910 MHz, 13801 MHz, 483.79 W, 600.00 W, 600.00 W, 65, 16382 MiB, 99 %, 5, 16
2026/09/20 11:42:23.359, 0, P1, 2910 MHz, 13801 MHz, 483.79 W, 600.00 W, 600.00 W, 65, 16382 MiB, 99 %, 5, 16
2026/09/20 11:42:23.611, 0, P1, 2910 MHz, 13801 MHz, 486.80 W, 600.00 W, 600.00 W, 64, 16382 MiB, 99 %, 5, 16
2026/09/20 11:42:23.862, 0, P1, 2910 MHz, 13801 MHz, 486.80 W, 600.00 W, 600.00 W, 64, 16382 MiB, 99 %, 5, 16
2026/09/20 11:42:24.113, 0, P1, 2910 MHz, 13801 MHz, 487.47 W, 600.00 W, 600.00 W, 64, 16382 MiB, 99 %, 5, 16
2026/09/20 11:42:24.364, 0, P1, 2910 MHz, 13801 MHz, 487.47 W, 600.00 W, 600.00 W, 64, 16382 MiB, 99 %, 5, 16
2026/09/20 11:42:24.615, 0, P1, 2910 MHz, 13801 MHz, 487.53 W, 600.00 W, 600.00 W, 65, 16382 MiB, 99 %, 5, 16
2026/09/20 11:42:24.866, 0, P1, 2910 MHz, 13801 MHz, 487.53 W, 600.00 W, 600.00 W, 65, 16382 MiB, 99 %, 5, 16
2026/09/20 11:42:25.117, 0, P1, 2910 MHz, 13801 MHz, 483.93 W, 600.00 W, 600.00 W, 64, 16382 MiB, 99 %, 5, 16
2026/09/20 11:42:25.368, 0, P1, 2910 MHz, 13801 MHz, 483.93 W, 600.00 W, 600.00 W, 64, 16382 MiB, 99 %, 5, 16
2026/09/20 11:42:25.620, 0, P1, 2910 MHz, 13801 MHz, 482.09 W, 600.00 W, 600.00 W, 64, 16382 MiB, 99 %, 5, 16
2026/09/20 11:42:25.871, 0, P1, 2910 MHz, 13801 MHz, 482.09 W, 600.00 W, 600.00 W, 64, 16382 MiB, 99 %, 5, 16
2026/09/20 11:42:26.122, 0, P1, 2910 MHz, 13801 MHz, 482.44 W, 600.00 W, 600.00 W, 65, 16382 MiB, 99 %, 5, 16
2026/09/20 11:42:26.373, 0, P1, 2910 MHz, 13801 MHz, 482.44 W, 600.00 W, 600.00 W, 65, 16382 MiB, 99 %, 5, 16
2026/09/20 11:42:26.624, 0, P1, 2910 MHz, 13801 MHz, 483.61 W, 600.00 W, 600.00 W, 65, 16382 MiB, 99 %, 5, 16
2026/09/20 11:42:26.875, 0, P1, 2910 MHz, 13801 MHz, 483.61 W, 600.00 W, 600.00 W, 65, 16382 MiB, 99 %, 5, 16
2026/09/20 11:42:27.126, 0, P1, 2910 MHz, 13801 MHz, 487.28 W, 600.00 W, 600.00 W, 65, 16382 MiB, 99 %, 5, 16
2026/09/20 11:42:27.377, 0, P1, 2910 MHz, 13801 MHz, 487.28 W, 600.00 W, 600.00 W, 65, 16382 MiB, 99 %, 5, 16
2026/09/20 11:42:27.628, 0, P1, 2910 MHz, 13801 MHz, 480.57 W, 600.00 W, 600.00 W, 65, 16382 MiB, 99 %, 5, 16
2026/09/20 11:42:27.879, 0, P1, 2910 MHz, 13801 MHz, 480.57 W, 600.00 W, 600.00 W, 65, 16382 MiB, 99 %, 5, 16
2026/09/20 11:42:28.130, 0, P1, 2910 MHz, 13801 MHz, 481.78 W, 600.00 W, 600.00 W, 65, 16382 MiB, 99 %, 5, 16
2026/09/20 11:42:28.381, 0, P1, 2910 MHz, 13801 MHz, 481.78 W, 600.00 W, 600.00 W, 65, 16382 MiB, 99 %, 5, 16
2026/09/20 11:42:28.632, 0, P1, 2910 MHz, 13801 MHz, 488.73 W, 600.00 W, 600.00 W, 65, 16382 MiB, 99 %, 5, 16
2026/09/20 11:42:28.883, 0, P1, 2910 MHz, 13801 MHz, 488.73 W, 600.00 W, 600.00 W, 65, 16382 MiB, 99 %, 5, 16
2026/09/20 11:42:29.134, 0, P1, 2910 MHz, 13801 MHz, 483.06 W, 600.00 W, 600.00 W, 65, 16382 MiB, 99 %, 5, 16
2026/09/20 11:42:29.385, 0, P1, 2910 MHz, 13801 MHz, 483.06 W, 600.00 W, 600.00 W, 65, 16382 MiB, 99 %, 5, 16
2026/09/20 11:42:29.636, 0, P1, 2910 MHz, 13801 MHz, 483.09 W, 600.00 W, 600.00 W, 65, 16382 MiB, 99 %, 5, 16
2026/09/20 11:42:29.888, 0, P1, 2910 MHz, 13801 MHz, 483.09 W, 600.00 W, 600.00 W, 65, 16382 MiB, 99 %, 5, 16
2026/09/20 11:42:30.139, 0, P1, 2910 MHz, 13801 MHz, 488.43 W, 600.00 W, 600.00 W, 65, 16382 MiB, 99 %, 5, 16
2026/09/20 11:42:30.390, 0, P1, 2910 MHz, 13801 MHz, 488.43 W, 600.00 W, 600.00 W, 65, 16382 MiB, 99 %, 5, 16
2026/09/20 11:42:30.641, 0, P1, 2910 MHz, 13801 MHz, 482.26 W, 600.00 W, 600.00 W, 65, 16382 MiB, 84 %, 5, 16
2026/09/20 11:42:30.892, 0, P1, 2910 MHz, 13801 MHz, 482.26 W, 600.00 W, 600.00 W, 65, 16382 MiB, 84 %, 5, 16
2026/09/20 11:42:31.143, 0, P1, 2910 MHz, 13801 MHz, 481.58 W, 600.00 W, 600.00 W, 65, 16382 MiB, 98 %, 5, 16
2026/09/20 11:42:31.394, 0, P1, 2910 MHz, 13801 MHz, 481.58 W, 600.00 W, 600.00 W, 65, 16382 MiB, 98 %, 5, 16
2026/09/20 11:42:31.645, 0, P1, 2910 MHz, 13801 MHz, 478.70 W, 600.00 W, 600.00 W, 64, 16382 MiB, 90 %, 5, 16
2026/09/20 11:42:31.896, 0, P1, 2910 MHz, 13801 MHz, 478.70 W, 600.00 W, 600.00 W, 64, 16382 MiB, 90 %, 5, 16
2026/09/20 11:42:32.147, 0, P1, 2910 MHz, 13801 MHz, 484.71 W, 600.00 W, 600.00 W, 65, 16382 MiB, 99 %, 5, 16
2026/09/20 11:42:32.398, 0, P1, 2910 MHz, 13801 MHz, 484.71 W, 600.00 W, 600.00 W, 65, 16382 MiB, 99 %, 5, 16
2026/09/20 11:42:32.649, 0, P1, 2910 MHz, 13801 MHz, 484.96 W, 600.00 W, 600.00 W, 65, 16382 MiB, 99 %, 5, 16
2026/09/20 11:42:32.900, 0, P1, 2910 MHz, 13801 MHz, 484.96 W, 600.00 W, 600.00 W, 65, 16382 MiB, 99 %, 5, 16
2026/09/20 11:42:33.151, 0, P1, 2910 MHz, 13801 MHz, 488.39 W, 600.00 W, 600.00 W, 65, 16382 MiB, 99 %, 5, 16
2026/09/20 11:42:33.402, 0, P1, 2910 MHz, 13801 MHz, 488.39 W, 600.00 W, 600.00 W, 65, 16382 MiB, 99 %, 5, 16
2026/09/20 11:42:33.654, 0, P1, 2910 MHz, 13801 MHz, 488.46 W, 600.00 W, 600.00 W, 65, 16382 MiB, 99 %, 5, 16
2026/09/20 11:42:33.905, 0, P1, 2910 MHz, 13801 MHz, 488.46 W, 600.00 W, 600.00 W, 65, 16382 MiB, 99 %, 5, 16
2026/09/20 11:42:34.156, 0, P1, 2910 MHz, 13801 MHz, 488.75 W, 600.00 W, 600.00 W, 65, 16382 MiB, 99 %, 5, 16
2026/09/20 11:42:34.407, 0, P1, 2910 MHz, 13801 MHz, 488.75 W, 600.00 W, 600.00 W, 65, 16382 MiB, 99 %, 5, 16
2026/09/20 11:42:34.658, 0, P1, 2910 MHz, 13801 MHz, 488.93 W, 600.00 W, 600.00 W, 65, 16382 MiB, 99 %, 5, 16
2026/09/20 11:42:34.909, 0, P1, 2910 MHz, 13801 MHz, 488.93 W, 600.00 W, 600.00 W, 65, 16382 MiB, 99 %, 5, 16
2026/09/20 11:42:35.160, 0, P1, 2910 MHz, 13801 MHz, 489.68 W, 600.00 W, 600.00 W, 65, 16382 MiB, 99 %, 5, 16
2026/09/20 11:42:35.411, 0, P1, 2910 MHz, 13801 MHz, 489.68 W, 600.00 W, 600.00 W, 65, 16382 MiB, 99 %, 5, 16
2026/09/20 11:42:35.662, 0, P1, 2910 MHz, 13801 MHz, 483.95 W, 600.00 W, 600.00 W, 65, 16382 MiB, 99 %, 5, 16
2026/09/20 11:42:35.913, 0, P1, 2910 MHz, 13801 MHz, 483.95 W, 600.00 W, 600.00 W, 65, 16382 MiB, 99 %, 5, 16
2026/09/20 11:42:36.164, 0, P1, 2910 MHz, 13801 MHz, 484.61 W, 600.00 W, 600.00 W, 65, 16382 MiB, 99 %, 5, 16
2026/09/20 11:42:36.415, 0, P1, 2910 MHz, 13801 MHz, 484.61 W, 600.00 W, 600.00 W, 65, 16382 MiB, 99 %, 5, 16
2026/09/20 11:42:36.666, 0, P1, 2910 MHz, 13801 MHz, 486.77 W, 600.00 W, 600.00 W, 65, 16382 MiB, 90 %, 5, 16
2026/09/20 11:42:36.918, 0, P1, 2910 MHz, 13801 MHz, 486.77 W, 600.00 W, 600.00 W, 65, 16382 MiB, 90 %, 5, 16
2026/09/20 11:42:37.169, 0, P1, 2910 MHz, 13801 MHz, 486.70 W, 600.00 W, 600.00 W, 65, 16382 MiB, 99 %, 5, 16
2026/09/20 11:42:37.420, 0, P1, 2910 MHz, 13801 MHz, 486.70 W, 600.00 W, 600.00 W, 65, 16382 MiB, 99 %, 5, 16
2026/09/20 11:42:37.671, 0, P1, 2910 MHz, 13801 MHz, 486.07 W, 600.00 W, 600.00 W, 65, 16382 MiB, 99 %, 5, 16
2026/09/20 11:42:37.922, 0, P1, 2910 MHz, 13801 MHz, 486.07 W, 600.00 W, 600.00 W, 65, 16382 MiB, 99 %, 5, 16
2026/09/20 11:42:38.173, 0, P1, 2910 MHz, 13801 MHz, 482.99 W, 600.00 W, 600.00 W, 65, 16382 MiB, 99 %, 5, 16
2026/09/20 11:42:38.424, 0, P1, 2910 MHz, 13801 MHz, 482.99 W, 600.00 W, 600.00 W, 65, 16382 MiB, 99 %, 5, 16
2026/09/20 11:42:38.675, 0, P1, 2910 MHz, 13801 MHz, 481.93 W, 600.00 W, 600.00 W, 65, 16382 MiB, 99 %, 5, 16
2026/09/20 11:42:38.926, 0, P1, 2910 MHz, 13801 MHz, 481.93 W, 600.00 W, 600.00 W, 65, 16382 MiB, 99 %, 5, 16
2026/09/20 11:42:39.177, 0, P1, 2910 MHz, 13801 MHz, 488.68 W, 600.00 W, 600.00 W, 65, 16382 MiB, 99 %, 5, 16
2026/09/20 11:42:39.428, 0, P1, 2910 MHz, 13801 MHz, 488.68 W, 600.00 W, 600.00 W, 65, 16382 MiB, 99 %, 5, 16
2026/09/20 11:42:39.680, 0, P1, 2910 MHz, 13801 MHz, 488.62 W, 600.00 W, 600.00 W, 65, 16382 MiB, 99 %, 5, 16
2026/09/20 11:42:39.931, 0, P1, 2910 MHz, 13801 MHz, 488.62 W, 600.00 W, 600.00 W, 65, 16382 MiB, 99 %, 5, 16
2026/09/20 11:42:40.182, 0, P1, 2910 MHz, 13801 MHz, 482.39 W, 600.00 W, 600.00 W, 65, 16382 MiB, 99 %, 5, 16
2026/09/20 11:42:40.433, 0, P1, 2910 MHz, 13801 MHz, 482.39 W, 600.00 W, 600.00 W, 65, 16382 MiB, 99 %, 5, 16
2026/09/20 11:42:40.684, 0, P1, 2910 MHz, 13801 MHz, 482.33 W, 600.00 W, 600.00 W, 65, 16382 MiB, 99 %, 5, 16
2026/09/20 11:42:40.935, 0, P1, 2910 MHz, 13801 MHz, 482.33 W, 600.00 W, 600.00 W, 65, 16382 MiB, 99 %, 5, 16
2026/09/20 11:42:41.186, 0, P1, 2910 MHz, 13801 MHz, 488.65 W, 600.00 W, 600.00 W, 65, 16382 MiB, 99 %, 5, 16
2026/09/20 11:42:41.437, 0, P1, 2910 MHz, 13801 MHz, 488.65 W, 600.00 W, 600.00 W, 65, 16382 MiB, 99 %, 5, 16
2026/09/20 11:42:41.688, 0, P1, 2910 MHz, 13801 MHz, 489.10 W, 600.00 W, 600.00 W, 65, 16382 MiB, 99 %, 5, 16
2026/09/20 11:42:41.939, 0, P1, 2910 MHz, 13801 MHz, 489.10 W, 600.00 W, 600.00 W, 65, 16382 MiB, 99 %, 5, 16
2026/09/20 11:42:42.190, 0, P1, 2910 MHz, 13801 MHz, 489.15 W, 600.00 W, 600.00 W, 65, 16382 MiB, 99 %, 5, 16
2026/09/20 11:42:42.441, 0, P1, 2910 MHz, 13801 MHz, 489.15 W, 600.00 W, 600.00 W, 65, 16382 MiB, 99 %, 5, 16
2026/09/20 11:42:42.692, 0, P1, 2910 MHz, 13801 MHz, 486.87 W, 600.00 W, 600.00 W, 65, 16382 MiB, 99 %, 5, 16
2026/09/20 11:42:42.943, 0, P1, 2910 MHz, 13801 MHz, 486.87 W, 600.00 W, 600.00 W, 65, 16382 MiB, 99 %, 5, 16
2026/09/20 11:42:43.194, 0, P1, 2910 MHz, 13801 MHz, 486.79 W, 600.00 W, 600.00 W, 65, 16382 MiB, 99 %, 5, 16
2026/09/20 11:42:43.445, 0, P1, 2910 MHz, 13801 MHz, 486.79 W, 600.00 W, 600.00 W, 65, 16382 MiB, 99 %, 5, 16
2026/09/20 11:42:43.696, 0, P1, 2910 MHz, 13801 MHz, 489.27 W, 600.00 W, 600.00 W, 65, 16382 MiB, 99 %, 5, 16
2026/09/20 11:42:43.948, 0, P1, 2910 MHz, 13801 MHz, 489.27 W, 600.00 W, 600.00 W, 65, 16382 MiB, 99 %, 5, 16
2026/09/20 11:42:44.199, 0, P1, 2910 MHz, 13801 MHz, 489.30 W, 600.00 W, 600.00 W, 65, 16382 MiB, 99 %, 5, 16
2026/09/20 11:42:44.450, 0, P1, 2910 MHz, 13801 MHz, 489.30 W, 600.00 W, 600.00 W, 65, 16382 MiB, 99 %, 5, 16
2026/09/20 11:42:44.701, 0, P1, 2910 MHz, 13801 MHz, 485.32 W, 600.00 W, 600.00 W, 65, 16382 MiB, 99 %, 5, 16
2026/09/20 11:42:44.952, 0, P1, 2910 MHz, 13801 MHz, 485.32 W, 600.00 W, 600.00 W, 65, 16382 MiB, 99 %, 5, 16
2026/09/20 11:42:45.203, 0, P1, 2910 MHz, 13801 MHz, 483.47 W, 600.00 W, 600.00 W, 65, 16382 MiB, 99 %, 5, 16
2026/09/20 11:42:45.454, 0, P1, 2910 MHz, 13801 MHz, 483.47 W, 600.00 W, 600.00 W, 65, 16382 MiB, 99 %, 5, 16
2026/09/20 11:42:45.705, 0, P1, 2910 MHz, 13801 MHz, 480.28 W, 600.00 W, 600.00 W, 65, 16382 MiB, 72 %, 5, 16
2026/09/20 11:42:45.956, 0, P1, 2910 MHz, 13801 MHz, 480.28 W, 600.00 W, 600.00 W, 65, 16382 MiB, 72 %, 5, 16
2026/09/20 11:42:46.207, 0, P1, 2910 MHz, 13801 MHz, 479.02 W, 600.00 W, 600.00 W, 65, 16382 MiB, 99 %, 5, 16
2026/09/20 11:42:46.458, 0, P1, 2910 MHz, 13801 MHz, 479.02 W, 600.00 W, 600.00 W, 65, 16382 MiB, 99 %, 5, 16
2026/09/20 11:42:46.709, 0, P1, 2910 MHz, 13801 MHz, 486.04 W, 600.00 W, 600.00 W, 65, 16382 MiB, 99 %, 5, 16
2026/09/20 11:42:46.960, 0, P1, 2910 MHz, 13801 MHz, 486.04 W, 600.00 W, 600.00 W, 65, 16382 MiB, 99 %, 5, 16
2026/09/20 11:42:47.211, 0, P1, 2910 MHz, 13801 MHz, 488.87 W, 600.00 W, 600.00 W, 65, 16382 MiB, 99 %, 5, 16
2026/09/20 11:42:47.462, 0, P1, 2910 MHz, 13801 MHz, 488.87 W, 600.00 W, 600.00 W, 65, 16382 MiB, 99 %, 5, 16
2026/09/20 11:42:47.713, 0, P1, 2910 MHz, 13801 MHz, 488.82 W, 600.00 W, 600.00 W, 65, 16382 MiB, 99 %, 5, 16
2026/09/20 11:42:47.964, 0, P1, 2910 MHz, 13801 MHz, 488.82 W, 600.00 W, 600.00 W, 65, 16382 MiB, 99 %, 5, 16
2026/09/20 11:42:48.215, 0, P1, 2910 MHz, 13801 MHz, 488.62 W, 600.00 W, 600.00 W, 65, 16382 MiB, 99 %, 5, 16
2026/09/20 11:42:48.467, 0, P1, 2910 MHz, 13801 MHz, 488.62 W, 600.00 W, 600.00 W, 65, 16382 MiB, 99 %, 5, 16
2026/09/20 11:42:48.718, 0, P1, 2910 MHz, 13801 MHz, 485.16 W, 600.00 W, 600.00 W, 65, 16382 MiB, 90 %, 5, 16
2026/09/20 11:42:48.969, 0, P1, 2910 MHz, 13801 MHz, 485.16 W, 600.00 W, 600.00 W, 65, 16382 MiB, 90 %, 5, 16
2026/09/20 11:42:49.220, 0, P1, 2910 MHz, 13801 MHz, 477.65 W, 600.00 W, 600.00 W, 65, 16382 MiB, 99 %, 5, 16
2026/09/20 11:42:49.471, 0, P1, 2910 MHz, 13801 MHz, 477.65 W, 600.00 W, 600.00 W, 65, 16382 MiB, 99 %, 5, 16
2026/09/20 11:42:49.722, 0, P1, 2910 MHz, 13801 MHz, 476.79 W, 600.00 W, 600.00 W, 65, 16382 MiB, 99 %, 5, 16
2026/09/20 11:42:49.973, 0, P1, 2910 MHz, 13801 MHz, 476.79 W, 600.00 W, 600.00 W, 65, 16382 MiB, 99 %, 5, 16
2026/09/20 11:42:50.224, 0, P1, 2910 MHz, 13801 MHz, 483.92 W, 600.00 W, 600.00 W, 65, 16382 MiB, 99 %, 5, 16
2026/09/20 11:42:50.475, 0, P1, 2910 MHz, 13801 MHz, 483.92 W, 600.00 W, 600.00 W, 65, 16382 MiB, 99 %, 5, 16
2026/09/20 11:42:50.726, 0, P1, 2910 MHz, 13801 MHz, 480.38 W, 600.00 W, 600.00 W, 65, 16382 MiB, 99 %, 5, 16
2026/09/20 11:42:50.977, 0, P1, 2910 MHz, 13801 MHz, 480.38 W, 600.00 W, 600.00 W, 65, 16382 MiB, 99 %, 5, 16
2026/09/20 11:42:51.228, 0, P1, 2910 MHz, 13801 MHz, 481.65 W, 600.00 W, 600.00 W, 65, 16382 MiB, 99 %, 5, 16
2026/09/20 11:42:51.479, 0, P1, 2910 MHz, 13801 MHz, 481.65 W, 600.00 W, 600.00 W, 65, 16382 MiB, 99 %, 5, 16
2026/09/20 11:42:51.730, 0, P1, 2910 MHz, 13801 MHz, 488.21 W, 600.00 W, 600.00 W, 65, 16382 MiB, 99 %, 5, 16
2026/09/20 11:42:51.982, 0, P1, 2910 MHz, 13801 MHz, 488.21 W, 600.00 W, 600.00 W, 65, 16382 MiB, 99 %, 5, 16
2026/09/20 11:42:52.233, 0, P1, 2910 MHz, 13801 MHz, 488.02 W, 600.00 W, 600.00 W, 65, 16382 MiB, 99 %, 5, 16
2026/09/20 11:42:52.484, 0, P1, 2910 MHz, 13801 MHz, 488.02 W, 600.00 W, 600.00 W, 65, 16382 MiB, 99 %, 5, 16
2026/09/20 11:42:52.735, 0, P1, 2910 MHz, 13801 MHz, 487.95 W, 600.00 W, 600.00 W, 65, 16382 MiB, 99 %, 5, 16
2026/09/20 11:42:52.986, 0, P1, 2910 MHz, 13801 MHz, 488.40 W, 600.00 W, 600.00 W, 65, 16382 MiB, 99 %, 5, 16
2026/09/20 11:42:53.237, 0, P1, 2910 MHz, 13801 MHz, 488.40 W, 600.00 W, 600.00 W, 65, 16382 MiB, 99 %, 5, 16
2026/09/20 11:42:53.488, 0, P1, 2910 MHz, 13801 MHz, 482.21 W, 600.00 W, 600.00 W, 65, 16382 MiB, 99 %, 5, 16
2026/09/20 11:42:53.739, 0, P1, 2910 MHz, 13801 MHz, 482.21 W, 600.00 W, 600.00 W, 65, 16382 MiB, 99 %, 5, 16
2026/09/20 11:42:53.990, 0, P1, 2910 MHz, 13801 MHz, 475.76 W, 600.00 W, 600.00 W, 65, 16382 MiB, 84 %, 5, 16
2026/09/20 11:42:54.242, 0, P1, 2910 MHz, 13801 MHz, 475.76 W, 600.00 W, 600.00 W, 65, 16382 MiB, 84 %, 5, 16
2026/09/20 11:42:54.493, 0, P1, 2910 MHz, 13801 MHz, 481.70 W, 600.00 W, 600.00 W, 65, 16382 MiB, 99 %, 5, 16
2026/09/20 11:42:54.744, 0, P1, 2910 MHz, 13801 MHz, 481.70 W, 600.00 W, 600.00 W, 65, 16382 MiB, 99 %, 5, 16
2026/09/20 11:42:54.995, 0, P1, 2910 MHz, 13801 MHz, 487.74 W, 600.00 W, 600.00 W, 65, 16382 MiB, 99 %, 5, 16
2026/09/20 11:42:55.246, 0, P1, 2910 MHz, 13801 MHz, 487.74 W, 600.00 W, 600.00 W, 65, 16382 MiB, 99 %, 5, 16
2026/09/20 11:42:55.497, 0, P1, 2910 MHz, 13801 MHz, 480.65 W, 600.00 W, 600.00 W, 65, 16382 MiB, 98 %, 5, 16
2026/09/20 11:42:55.748, 0, P1, 2910 MHz, 13801 MHz, 480.65 W, 600.00 W, 600.00 W, 65, 16382 MiB, 98 %, 5, 16
2026/09/20 11:42:55.999, 0, P1, 2910 MHz, 13801 MHz, 481.12 W, 600.00 W, 600.00 W, 65, 16382 MiB, 99 %, 5, 16
2026/09/20 11:42:56.250, 0, P1, 2910 MHz, 13801 MHz, 481.12 W, 600.00 W, 600.00 W, 65, 16382 MiB, 99 %, 5, 16
2026/09/20 11:42:56.501, 0, P1, 2910 MHz, 13801 MHz, 485.36 W, 600.00 W, 600.00 W, 66, 16382 MiB, 99 %, 5, 16
2026/09/20 11:42:56.752, 0, P1, 2910 MHz, 13801 MHz, 485.36 W, 600.00 W, 600.00 W, 66, 16382 MiB, 99 %, 5, 16
2026/09/20 11:42:57.003, 0, P1, 2910 MHz, 13801 MHz, 489.33 W, 600.00 W, 600.00 W, 65, 16382 MiB, 99 %, 5, 16
2026/09/20 11:42:57.254, 0, P1, 2910 MHz, 13801 MHz, 489.33 W, 600.00 W, 600.00 W, 65, 16382 MiB, 99 %, 5, 16
2026/09/20 11:42:57.505, 0, P1, 2910 MHz, 13801 MHz, 489.56 W, 600.00 W, 600.00 W, 65, 16382 MiB, 99 %, 5, 16
2026/09/20 11:42:57.756, 0, P1, 2910 MHz, 13801 MHz, 489.56 W, 600.00 W, 600.00 W, 65, 16382 MiB, 99 %, 5, 16
2026/09/20 11:42:58.007, 0, P1, 2910 MHz, 13801 MHz, 489.66 W, 600.00 W, 600.00 W, 65, 16382 MiB, 99 %, 5, 16
2026/09/20 11:42:58.259, 0, P1, 2910 MHz, 13801 MHz, 489.66 W, 600.00 W, 600.00 W, 65, 16382 MiB, 99 %, 5, 16
2026/09/20 11:42:58.510, 0, P1, 2910 MHz, 13801 MHz, 485.29 W, 600.00 W, 600.00 W, 65, 16382 MiB, 99 %, 5, 16
2026/09/20 11:42:58.761, 0, P1, 2910 MHz, 13801 MHz, 485.29 W, 600.00 W, 600.00 W, 65, 16382 MiB, 99 %, 5, 16
2026/09/20 11:42:59.012, 0, P1, 2910 MHz, 13801 MHz, 485.17 W, 600.00 W, 600.00 W, 66, 16382 MiB, 99 %, 5, 16
2026/09/20 11:42:59.263, 0, P1, 2910 MHz, 13801 MHz, 485.17 W, 600.00 W, 600.00 W, 66, 16382 MiB, 99 %, 5, 16
2026/09/20 11:42:59.514, 0, P1, 2910 MHz, 13801 MHz, 489.88 W, 600.00 W, 600.00 W, 66, 16382 MiB, 99 %, 5, 16
2026/09/20 11:42:59.765, 0, P1, 2910 MHz, 13801 MHz, 489.88 W, 600.00 W, 600.00 W, 66, 16382 MiB, 99 %, 5, 16
2026/09/20 11:43:00.016, 0, P1, 2910 MHz, 13801 MHz, 490.27 W, 600.00 W, 600.00 W, 66, 16382 MiB, 99 %, 5, 16
2026/09/20 11:43:00.267, 0, P1, 2910 MHz, 13801 MHz, 490.27 W, 600.00 W, 600.00 W, 66, 16382 MiB, 99 %, 5, 16
2026/09/20 11:43:00.518, 0, P1, 2910 MHz, 13801 MHz, 484.62 W, 600.00 W, 600.00 W, 65, 16382 MiB, 99 %, 5, 16
2026/09/20 11:43:00.769, 0, P1, 2910 MHz, 13801 MHz, 484.62 W, 600.00 W, 600.00 W, 65, 16382 MiB, 99 %, 5, 16
2026/09/20 11:43:01.020, 0, P1, 2910 MHz, 13801 MHz, 483.20 W, 600.00 W, 600.00 W, 66, 16382 MiB, 99 %, 5, 16
2026/09/20 11:43:01.271, 0, P1, 2910 MHz, 13801 MHz, 483.20 W, 600.00 W, 600.00 W, 66, 16382 MiB, 99 %, 5, 16
2026/09/20 11:43:01.522, 0, P1, 2910 MHz, 13801 MHz, 488.94 W, 600.00 W, 600.00 W, 66, 16382 MiB, 99 %, 5, 16
2026/09/20 11:43:01.773, 0, P1, 2910 MHz, 13801 MHz, 488.94 W, 600.00 W, 600.00 W, 66, 16382 MiB, 99 %, 5, 16
2026/09/20 11:43:02.024, 0, P1, 2910 MHz, 13801 MHz, 489.20 W, 600.00 W, 600.00 W, 66, 16382 MiB, 99 %, 5, 16
2026/09/20 11:43:02.275, 0, P1, 2910 MHz, 13801 MHz, 489.20 W, 600.00 W, 600.00 W, 66, 16382 MiB, 99 %, 5, 16
2026/09/20 11:43:02.527, 0, P1, 2910 MHz, 13801 MHz, 488.56 W, 600.00 W, 600.00 W, 66, 16382 MiB, 99 %, 5, 16
2026/09/20 11:43:02.778, 0, P1, 2910 MHz, 13801 MHz, 488.56 W, 600.00 W, 600.00 W, 66, 16382 MiB, 99 %, 5, 16
2026/09/20 11:43:03.029, 0, P1, 2910 MHz, 13801 MHz, 488.57 W, 600.00 W, 600.00 W, 66, 16382 MiB, 99 %, 5, 16
2026/09/20 11:43:03.280, 0, P1, 2910 MHz, 13801 MHz, 488.57 W, 600.00 W, 600.00 W, 66, 16382 MiB, 99 %, 5, 16
2026/09/20 11:43:03.531, 0, P1, 2910 MHz, 13801 MHz, 487.98 W, 600.00 W, 600.00 W, 65, 16382 MiB, 99 %, 5, 16
2026/09/20 11:43:03.783, 0, P1, 2910 MHz, 13801 MHz, 487.98 W, 600.00 W, 600.00 W, 65, 16382 MiB, 99 %, 5, 16
2026/09/20 11:43:04.034, 0, P1, 2910 MHz, 13801 MHz, 482.18 W, 600.00 W, 600.00 W, 66, 16382 MiB, 99 %, 5, 16
2026/09/20 11:43:04.285, 0, P1, 2910 MHz, 13801 MHz, 482.18 W, 600.00 W, 600.00 W, 66, 16382 MiB, 99 %, 5, 16
2026/09/20 11:43:04.536, 0, P1, 2910 MHz, 13801 MHz, 483.15 W, 600.00 W, 600.00 W, 66, 16382 MiB, 99 %, 5, 16
2026/09/20 11:43:04.787, 0, P1, 2910 MHz, 13801 MHz, 483.15 W, 600.00 W, 600.00 W, 66, 16382 MiB, 99 %, 5, 16
2026/09/20 11:43:05.038, 0, P1, 2910 MHz, 13801 MHz, 489.62 W, 600.00 W, 600.00 W, 66, 16382 MiB, 99 %, 5, 16
2026/09/20 11:43:05.289, 0, P1, 2910 MHz, 13801 MHz, 489.62 W, 600.00 W, 600.00 W, 66, 16382 MiB, 99 %, 5, 16
2026/09/20 11:43:05.540, 0, P1, 2910 MHz, 13801 MHz, 489.46 W, 600.00 W, 600.00 W, 66, 16382 MiB, 99 %, 5, 16
2026/09/20 11:43:05.791, 0, P1, 2910 MHz, 13801 MHz, 489.46 W, 600.00 W, 600.00 W, 66, 16382 MiB, 99 %, 5, 16
2026/09/20 11:43:06.043, 0, P1, 2910 MHz, 13801 MHz, 489.18 W, 600.00 W, 600.00 W, 66, 16382 MiB, 99 %, 5, 16
2026/09/20 11:43:06.294, 0, P1, 2910 MHz, 13801 MHz, 489.18 W, 600.00 W, 600.00 W, 66, 16382 MiB, 99 %, 5, 16
2026/09/20 11:43:06.545, 0, P1, 2910 MHz, 13801 MHz, 486.45 W, 600.00 W, 600.00 W, 65, 16382 MiB, 93 %, 5, 16
2026/09/20 11:43:06.796, 0, P1, 2910 MHz, 13801 MHz, 486.45 W, 600.00 W, 600.00 W, 65, 16382 MiB, 93 %, 5, 16
2026/09/20 11:43:07.047, 0, P1, 2910 MHz, 13801 MHz, 485.67 W, 600.00 W, 600.00 W, 66, 16382 MiB, 99 %, 5, 16
2026/09/20 11:43:07.298, 0, P1, 2910 MHz, 13801 MHz, 485.67 W, 600.00 W, 600.00 W, 66, 16382 MiB, 99 %, 5, 16
2026/09/20 11:43:07.549, 0, P1, 2910 MHz, 13801 MHz, 475.89 W, 600.00 W, 600.00 W, 66, 16382 MiB, 92 %, 5, 16
2026/09/20 11:43:07.800, 0, P1, 2910 MHz, 13801 MHz, 475.89 W, 600.00 W, 600.00 W, 66, 16382 MiB, 92 %, 5, 16
2026/09/20 11:43:08.051, 0, P1, 2910 MHz, 13801 MHz, 475.75 W, 600.00 W, 600.00 W, 66, 16382 MiB, 99 %, 5, 16
2026/09/20 11:43:08.303, 0, P1, 2910 MHz, 13801 MHz, 475.75 W, 600.00 W, 600.00 W, 66, 16382 MiB, 99 %, 5, 16
2026/09/20 11:43:08.554, 0, P1, 2910 MHz, 13801 MHz, 486.25 W, 600.00 W, 600.00 W, 66, 16382 MiB, 99 %, 5, 16
2026/09/20 11:43:08.805, 0, P1, 2910 MHz, 13801 MHz, 486.25 W, 600.00 W, 600.00 W, 66, 16382 MiB, 99 %, 5, 16
2026/09/20 11:43:09.056, 0, P1, 2910 MHz, 13801 MHz, 489.10 W, 600.00 W, 600.00 W, 66, 16382 MiB, 99 %, 5, 16
2026/09/20 11:43:09.307, 0, P1, 2910 MHz, 13801 MHz, 489.10 W, 600.00 W, 600.00 W, 66, 16382 MiB, 99 %, 5, 16
2026/09/20 11:43:09.558, 0, P1, 2910 MHz, 13801 MHz, 489.32 W, 600.00 W, 600.00 W, 66, 16382 MiB, 99 %, 5, 16
2026/09/20 11:43:09.809, 0, P1, 2910 MHz, 13801 MHz, 489.32 W, 600.00 W, 600.00 W, 66, 16382 MiB, 99 %, 5, 16
2026/09/20 11:43:10.060, 0, P1, 2910 MHz, 13801 MHz, 489.48 W, 600.00 W, 600.00 W, 66, 16382 MiB, 99 %, 5, 16
2026/09/20 11:43:10.312, 0, P1, 2910 MHz, 13801 MHz, 489.48 W, 600.00 W, 600.00 W, 66, 16382 MiB, 99 %, 5, 16
2026/09/20 11:43:10.563, 0, P1, 2910 MHz, 13801 MHz, 486.01 W, 600.00 W, 600.00 W, 66, 16382 MiB, 99 %, 5, 16
2026/09/20 11:43:10.814, 0, P1, 2910 MHz, 13801 MHz, 486.01 W, 600.00 W, 600.00 W, 66, 16382 MiB, 99 %, 5, 16
2026/09/20 11:43:11.065, 0, P1, 2910 MHz, 13801 MHz, 485.98 W, 600.00 W, 600.00 W, 66, 16382 MiB, 99 %, 5, 16
2026/09/20 11:43:11.316, 0, P1, 2910 MHz, 13801 MHz, 485.98 W, 600.00 W, 600.00 W, 66, 16382 MiB, 99 %, 5, 16
2026/09/20 11:43:11.567, 0, P1, 2910 MHz, 13801 MHz, 488.96 W, 600.00 W, 600.00 W, 66, 16382 MiB, 99 %, 5, 16
2026/09/20 11:43:11.818, 0, P1, 2910 MHz, 13801 MHz, 488.96 W, 600.00 W, 600.00 W, 66, 16382 MiB, 99 %, 5, 16
2026/09/20 11:43:12.069, 0, P1, 2910 MHz, 13801 MHz, 489.11 W, 600.00 W, 600.00 W, 66, 16382 MiB, 99 %, 5, 16
2026/09/20 11:43:12.320, 0, P1, 2910 MHz, 13801 MHz, 489.11 W, 600.00 W, 600.00 W, 66, 16382 MiB, 99 %, 5, 16
2026/09/20 11:43:12.572, 0, P1, 2910 MHz, 13801 MHz, 481.08 W, 600.00 W, 600.00 W, 65, 16382 MiB, 99 %, 5, 16
2026/09/20 11:43:12.823, 0, P1, 2910 MHz, 13801 MHz, 481.08 W, 600.00 W, 600.00 W, 65, 16382 MiB, 99 %, 5, 16
2026/09/20 11:43:13.074, 0, P1, 2910 MHz, 13801 MHz, 473.92 W, 600.00 W, 600.00 W, 65, 16382 MiB, 99 %, 5, 16
2026/09/20 11:43:13.325, 0, P1, 2910 MHz, 13801 MHz, 473.92 W, 600.00 W, 600.00 W, 65, 16382 MiB, 99 %, 5, 16
2026/09/20 11:43:13.576, 0, P1, 2902 MHz, 13801 MHz, 476.45 W, 600.00 W, 600.00 W, 65, 16382 MiB, 99 %, 5, 16
2026/09/20 11:43:13.827, 0, P1, 2902 MHz, 13801 MHz, 476.45 W, 600.00 W, 600.00 W, 65, 16382 MiB, 99 %, 5, 16
2026/09/20 11:43:14.078, 0, P1, 2902 MHz, 13801 MHz, 480.94 W, 600.00 W, 600.00 W, 65, 16382 MiB, 99 %, 5, 16
2026/09/20 11:43:14.329, 0, P1, 2902 MHz, 13801 MHz, 480.94 W, 600.00 W, 600.00 W, 65, 16382 MiB, 99 %, 5, 16
2026/09/20 11:43:14.580, 0, P1, 2902 MHz, 13801 MHz, 482.63 W, 600.00 W, 600.00 W, 65, 16382 MiB, 99 %, 5, 16
2026/09/20 11:43:14.832, 0, P1, 2902 MHz, 13801 MHz, 482.63 W, 600.00 W, 600.00 W, 65, 16382 MiB, 99 %, 5, 16
2026/09/20 11:43:15.083, 0, P1, 2902 MHz, 13801 MHz, 483.50 W, 600.00 W, 600.00 W, 66, 16382 MiB, 99 %, 5, 16
2026/09/20 11:43:15.334, 0, P1, 2902 MHz, 13801 MHz, 483.50 W, 600.00 W, 600.00 W, 66, 16382 MiB, 99 %, 5, 16
2026/09/20 11:43:15.585, 0, P1, 2902 MHz, 13801 MHz, 483.74 W, 600.00 W, 600.00 W, 65, 16382 MiB, 99 %, 5, 16
2026/09/20 11:43:15.836, 0, P1, 2902 MHz, 13801 MHz, 483.74 W, 600.00 W, 600.00 W, 65, 16382 MiB, 99 %, 5, 16
2026/09/20 11:43:16.087, 0, P1, 2910 MHz, 13801 MHz, 475.89 W, 600.00 W, 600.00 W, 65, 16382 MiB, 99 %, 5, 16
2026/09/20 11:43:16.338, 0, P1, 2910 MHz, 13801 MHz, 475.89 W, 600.00 W, 600.00 W, 65, 16382 MiB, 99 %, 5, 16
2026/09/20 11:43:16.589, 0, P1, 2910 MHz, 13801 MHz, 475.41 W, 600.00 W, 600.00 W, 65, 16382 MiB, 99 %, 5, 16
2026/09/20 11:43:16.840, 0, P1, 2910 MHz, 13801 MHz, 475.41 W, 600.00 W, 600.00 W, 65, 16382 MiB, 99 %, 5, 16
2026/09/20 11:43:17.091, 0, P1, 2910 MHz, 13801 MHz, 482.13 W, 600.00 W, 600.00 W, 66, 16382 MiB, 99 %, 5, 16
2026/09/20 11:43:17.342, 0, P1, 2910 MHz, 13801 MHz, 482.13 W, 600.00 W, 600.00 W, 66, 16382 MiB, 99 %, 5, 16
2026/09/20 11:43:17.594, 0, P1, 2910 MHz, 13801 MHz, 483.28 W, 600.00 W, 600.00 W, 66, 16382 MiB, 99 %, 5, 16
2026/09/20 11:43:17.845, 0, P1, 2910 MHz, 13801 MHz, 483.28 W, 600.00 W, 600.00 W, 66, 16382 MiB, 99 %, 5, 16
2026/09/20 11:43:18.096, 0, P1, 2910 MHz, 13801 MHz, 483.40 W, 600.00 W, 600.00 W, 66, 16382 MiB, 99 %, 5, 16
2026/09/20 11:43:18.347, 0, P1, 2910 MHz, 13801 MHz, 483.40 W, 600.00 W, 600.00 W, 66, 16382 MiB, 99 %, 5, 16
2026/09/20 11:43:18.598, 0, P1, 2910 MHz, 13801 MHz, 483.31 W, 600.00 W, 600.00 W, 65, 16382 MiB, 99 %, 5, 16
2026/09/20 11:43:18.849, 0, P1, 2910 MHz, 13801 MHz, 483.31 W, 600.00 W, 600.00 W, 65, 16382 MiB, 99 %, 5, 16
2026/09/20 11:43:19.100, 0, P1, 2910 MHz, 13801 MHz, 483.79 W, 600.00 W, 600.00 W, 66, 16382 MiB, 99 %, 5, 16
2026/09/20 11:43:19.351, 0, P1, 2910 MHz, 13801 MHz, 483.79 W, 600.00 W, 600.00 W, 66, 16382 MiB, 99 %, 5, 16
2026/09/20 11:43:19.602, 0, P1, 2910 MHz, 13801 MHz, 483.74 W, 600.00 W, 600.00 W, 66, 16382 MiB, 91 %, 5, 16
2026/09/20 11:43:20.051, 0, P1, 2910 MHz, 13801 MHz, 479.72 W, 600.00 W, 600.00 W, 66, 16382 MiB, 99 %, 5, 16
2026/09/20 11:43:20.302, 0, P1, 2910 MHz, 13801 MHz, 479.72 W, 600.00 W, 600.00 W, 66, 16382 MiB, 99 %, 5, 16
2026/09/20 11:43:20.553, 0, P1, 2910 MHz, 13801 MHz, 479.95 W, 600.00 W, 600.00 W, 66, 16382 MiB, 99 %, 5, 16
2026/09/20 11:43:20.804, 0, P1, 2910 MHz, 13801 MHz, 479.95 W, 600.00 W, 600.00 W, 66, 16382 MiB, 99 %, 5, 16
2026/09/20 11:43:21.055, 0, P1, 2910 MHz, 13801 MHz, 468.43 W, 600.00 W, 600.00 W, 65, 16382 MiB, 95 %, 5, 16
2026/09/20 11:43:21.306, 0, P1, 2910 MHz, 13801 MHz, 468.43 W, 600.00 W, 600.00 W, 65, 16382 MiB, 95 %, 5, 16
2026/09/20 11:43:21.557, 0, P1, 2910 MHz, 13801 MHz, 468.52 W, 600.00 W, 600.00 W, 66, 16382 MiB, 99 %, 5, 16
2026/09/20 11:43:21.809, 0, P1, 2910 MHz, 13801 MHz, 468.52 W, 600.00 W, 600.00 W, 66, 16382 MiB, 99 %, 5, 16
2026/09/20 11:43:22.060, 0, P1, 2910 MHz, 13801 MHz, 482.94 W, 600.00 W, 600.00 W, 66, 16382 MiB, 99 %, 5, 16
2026/09/20 11:43:22.311, 0, P1, 2910 MHz, 13801 MHz, 482.94 W, 600.00 W, 600.00 W, 66, 16382 MiB, 99 %, 5, 16
2026/09/20 11:43:22.562, 0, P1, 2910 MHz, 13801 MHz, 485.17 W, 600.00 W, 600.00 W, 66, 16382 MiB, 99 %, 5, 16
2026/09/20 11:43:22.813, 0, P1, 2910 MHz, 13801 MHz, 485.17 W, 600.00 W, 600.00 W, 66, 16382 MiB, 99 %, 5, 16
2026/09/20 11:43:23.064, 0, P1, 2910 MHz, 13801 MHz, 485.68 W, 600.00 W, 600.00 W, 66, 16382 MiB, 99 %, 5, 16
2026/09/20 11:43:23.315, 0, P1, 2910 MHz, 13801 MHz, 485.68 W, 600.00 W, 600.00 W, 66, 16382 MiB, 99 %, 5, 16
2026/09/20 11:43:23.566, 0, P1, 2910 MHz, 13801 MHz, 479.79 W, 600.00 W, 600.00 W, 64, 16382 MiB, 84 %, 5, 16
2026/09/20 11:43:23.818, 0, P1, 2910 MHz, 13801 MHz, 479.79 W, 600.00 W, 600.00 W, 64, 16382 MiB, 84 %, 5, 16
2026/09/20 11:43:24.069, 0, P1, 2910 MHz, 13801 MHz, 480.04 W, 600.00 W, 600.00 W, 66, 16382 MiB, 99 %, 5, 16
2026/09/20 11:43:24.320, 0, P1, 2910 MHz, 13801 MHz, 480.04 W, 600.00 W, 600.00 W, 66, 16382 MiB, 99 %, 5, 16
2026/09/20 11:43:24.571, 0, P1, 2910 MHz, 13801 MHz, 479.83 W, 600.00 W, 600.00 W, 66, 16382 MiB, 99 %, 5, 16
2026/09/20 11:43:24.822, 0, P1, 2910 MHz, 13801 MHz, 479.83 W, 600.00 W, 600.00 W, 66, 16382 MiB, 99 %, 5, 16
2026/09/20 11:43:25.073, 0, P1, 2910 MHz, 13801 MHz, 485.61 W, 600.00 W, 600.00 W, 66, 16382 MiB, 99 %, 5, 16
2026/09/20 11:43:25.324, 0, P1, 2910 MHz, 13801 MHz, 485.61 W, 600.00 W, 600.00 W, 66, 16382 MiB, 99 %, 5, 16
2026/09/20 11:43:25.575, 0, P1, 2910 MHz, 13801 MHz, 485.29 W, 600.00 W, 600.00 W, 66, 16382 MiB, 99 %, 5, 16
2026/09/20 11:43:25.827, 0, P1, 2910 MHz, 13801 MHz, 485.29 W, 600.00 W, 600.00 W, 66, 16382 MiB, 99 %, 5, 16
2026/09/20 11:43:26.078, 0, P1, 2910 MHz, 13801 MHz, 484.96 W, 600.00 W, 600.00 W, 66, 16382 MiB, 99 %, 5, 16
2026/09/20 11:43:26.329, 0, P1, 2910 MHz, 13801 MHz, 484.96 W, 600.00 W, 600.00 W, 66, 16382 MiB, 99 %, 5, 16
2026/09/20 11:43:26.580, 0, P1, 2910 MHz, 13801 MHz, 479.36 W, 600.00 W, 600.00 W, 66, 16382 MiB, 99 %, 5, 16
2026/09/20 11:43:26.831, 0, P1, 2910 MHz, 13801 MHz, 479.36 W, 600.00 W, 600.00 W, 66, 16382 MiB, 99 %, 5, 16
2026/09/20 11:43:27.082, 0, P1, 2910 MHz, 13801 MHz, 479.94 W, 600.00 W, 600.00 W, 66, 16382 MiB, 99 %, 5, 16
2026/09/20 11:43:27.333, 0, P1, 2910 MHz, 13801 MHz, 479.94 W, 600.00 W, 600.00 W, 66, 16382 MiB, 99 %, 5, 16
2026/09/20 11:43:27.584, 0, P1, 2910 MHz, 13801 MHz, 485.45 W, 600.00 W, 600.00 W, 66, 16382 MiB, 99 %, 5, 16
2026/09/20 11:43:27.836, 0, P1, 2910 MHz, 13801 MHz, 485.45 W, 600.00 W, 600.00 W, 66, 16382 MiB, 99 %, 5, 16
2026/09/20 11:43:28.087, 0, P1, 2910 MHz, 13801 MHz, 486.02 W, 600.00 W, 600.00 W, 66, 16382 MiB, 99 %, 5, 16
2026/09/20 11:43:28.338, 0, P1, 2910 MHz, 13801 MHz, 486.02 W, 600.00 W, 600.00 W, 66, 16382 MiB, 99 %, 5, 16
2026/09/20 11:43:28.589, 0, P1, 2910 MHz, 13801 MHz, 485.99 W, 600.00 W, 600.00 W, 66, 16382 MiB, 99 %, 5, 16
2026/09/20 11:43:28.840, 0, P1, 2910 MHz, 13801 MHz, 485.99 W, 600.00 W, 600.00 W, 66, 16382 MiB, 99 %, 5, 16
2026/09/20 11:43:29.091, 0, P1, 2902 MHz, 13801 MHz, 480.57 W, 600.00 W, 600.00 W, 66, 16382 MiB, 99 %, 5, 16
2026/09/20 11:43:29.342, 0, P1, 2902 MHz, 13801 MHz, 480.57 W, 600.00 W, 600.00 W, 66, 16382 MiB, 99 %, 5, 16
2026/09/20 11:43:29.593, 0, P1, 2910 MHz, 13801 MHz, 480.97 W, 600.00 W, 600.00 W, 66, 16382 MiB, 99 %, 5, 16
2026/09/20 11:43:29.845, 0, P1, 2910 MHz, 13801 MHz, 480.97 W, 600.00 W, 600.00 W, 66, 16382 MiB, 99 %, 5, 16
2026/09/20 11:43:30.096, 0, P1, 2910 MHz, 13801 MHz, 485.25 W, 600.00 W, 600.00 W, 66, 16382 MiB, 99 %, 5, 16
2026/09/20 11:43:30.347, 0, P1, 2910 MHz, 13801 MHz, 485.25 W, 600.00 W, 600.00 W, 66, 16382 MiB, 99 %, 5, 16
2026/09/20 11:43:30.598, 0, P1, 2910 MHz, 13801 MHz, 485.46 W, 600.00 W, 600.00 W, 66, 16382 MiB, 99 %, 5, 16
2026/09/20 11:43:30.849, 0, P1, 2910 MHz, 13801 MHz, 485.46 W, 600.00 W, 600.00 W, 66, 16382 MiB, 99 %, 5, 16
2026/09/20 11:43:31.100, 0, P1, 2910 MHz, 13801 MHz, 485.57 W, 600.00 W, 600.00 W, 66, 16382 MiB, 99 %, 5, 16
2026/09/20 11:43:31.351, 0, P1, 2910 MHz, 13801 MHz, 485.57 W, 600.00 W, 600.00 W, 66, 16382 MiB, 99 %, 5, 16
2026/09/20 11:43:31.602, 0, P1, 2910 MHz, 13801 MHz, 485.97 W, 600.00 W, 600.00 W, 66, 16382 MiB, 99 %, 5, 16
2026/09/20 11:43:31.853, 0, P1, 2910 MHz, 13801 MHz, 485.97 W, 600.00 W, 600.00 W, 66, 16382 MiB, 99 %, 5, 16
2026/09/20 11:43:32.104, 0, P1, 2910 MHz, 13801 MHz, 483.88 W, 600.00 W, 600.00 W, 66, 16382 MiB, 94 %, 5, 16
2026/09/20 11:43:32.356, 0, P1, 2910 MHz, 13801 MHz, 483.88 W, 600.00 W, 600.00 W, 66, 16382 MiB, 94 %, 5, 16
2026/09/20 11:43:32.607, 0, P1, 2910 MHz, 13801 MHz, 483.22 W, 600.00 W, 600.00 W, 66, 16382 MiB, 99 %, 5, 16
2026/09/20 11:43:32.858, 0, P1, 2910 MHz, 13801 MHz, 483.22 W, 600.00 W, 600.00 W, 66, 16382 MiB, 99 %, 5, 16
2026/09/20 11:43:33.109, 0, P1, 2910 MHz, 13801 MHz, 480.91 W, 600.00 W, 600.00 W, 65, 16382 MiB, 92 %, 5, 16
2026/09/20 11:43:33.360, 0, P1, 2910 MHz, 13801 MHz, 480.91 W, 600.00 W, 600.00 W, 65, 16382 MiB, 92 %, 5, 16
2026/09/20 11:43:33.611, 0, P1, 2910 MHz, 13801 MHz, 482.93 W, 600.00 W, 600.00 W, 66, 16382 MiB, 99 %, 5, 16
2026/09/20 11:43:33.862, 0, P1, 2910 MHz, 13801 MHz, 482.93 W, 600.00 W, 600.00 W, 66, 16382 MiB, 99 %, 5, 16
2026/09/20 11:43:34.113, 0, P1, 2910 MHz, 13801 MHz, 482.83 W, 600.00 W, 600.00 W, 66, 16382 MiB, 99 %, 5, 16
2026/09/20 11:43:34.364, 0, P1, 2910 MHz, 13801 MHz, 482.83 W, 600.00 W, 600.00 W, 66, 16382 MiB, 99 %, 5, 16
2026/09/20 11:43:34.616, 0, P1, 2910 MHz, 13801 MHz, 479.71 W, 600.00 W, 600.00 W, 65, 16382 MiB, 93 %, 5, 16
2026/09/20 11:43:34.867, 0, P1, 2910 MHz, 13801 MHz, 479.71 W, 600.00 W, 600.00 W, 65, 16382 MiB, 93 %, 5, 16
2026/09/20 11:43:35.118, 0, P1, 2910 MHz, 13801 MHz, 480.28 W, 600.00 W, 600.00 W, 66, 16382 MiB, 99 %, 5, 16
2026/09/20 11:43:35.369, 0, P1, 2910 MHz, 13801 MHz, 480.28 W, 600.00 W, 600.00 W, 66, 16382 MiB, 99 %, 5, 16
2026/09/20 11:43:35.620, 0, P1, 2910 MHz, 13801 MHz, 485.94 W, 600.00 W, 600.00 W, 66, 16382 MiB, 99 %, 5, 16
2026/09/20 11:43:35.871, 0, P1, 2910 MHz, 13801 MHz, 485.94 W, 600.00 W, 600.00 W, 66, 16382 MiB, 99 %, 5, 16
2026/09/20 11:43:36.122, 0, P1, 2910 MHz, 13801 MHz, 480.56 W, 600.00 W, 600.00 W, 64, 16382 MiB, 83 %, 5, 16
2026/09/20 11:43:36.373, 0, P1, 2910 MHz, 13801 MHz, 480.56 W, 600.00 W, 600.00 W, 64, 16382 MiB, 83 %, 5, 16
2026/09/20 11:43:36.624, 0, P1, 2910 MHz, 13801 MHz, 480.76 W, 600.00 W, 600.00 W, 66, 16382 MiB, 99 %, 5, 16
2026/09/20 11:43:36.875, 0, P1, 2910 MHz, 13801 MHz, 480.76 W, 600.00 W, 600.00 W, 66, 16382 MiB, 99 %, 5, 16
2026/09/20 11:43:37.126, 0, P1, 2910 MHz, 13801 MHz, 480.44 W, 600.00 W, 600.00 W, 66, 16382 MiB, 99 %, 5, 16
2026/09/20 11:43:37.377, 0, P1, 2910 MHz, 13801 MHz, 480.44 W, 600.00 W, 600.00 W, 66, 16382 MiB, 99 %, 5, 16
2026/09/20 11:43:37.629, 0, P1, 2910 MHz, 13801 MHz, 486.47 W, 600.00 W, 600.00 W, 66, 16382 MiB, 99 %, 5, 16
2026/09/20 11:43:37.880, 0, P1, 2910 MHz, 13801 MHz, 486.47 W, 600.00 W, 600.00 W, 66, 16382 MiB, 99 %, 5, 16
2026/09/20 11:43:38.131, 0, P1, 2910 MHz, 13801 MHz, 486.72 W, 600.00 W, 600.00 W, 66, 16382 MiB, 99 %, 5, 16
2026/09/20 11:43:38.382, 0, P1, 2910 MHz, 13801 MHz, 486.72 W, 600.00 W, 600.00 W, 66, 16382 MiB, 99 %, 5, 16
2026/09/20 11:43:38.633, 0, P1, 2910 MHz, 13801 MHz, 482.15 W, 600.00 W, 600.00 W, 65, 16382 MiB, 87 %, 5, 16
2026/09/20 11:43:38.884, 0, P1, 2910 MHz, 13801 MHz, 482.15 W, 600.00 W, 600.00 W, 65, 16382 MiB, 87 %, 5, 16
2026/09/20 11:43:39.135, 0, P1, 2910 MHz, 13801 MHz, 482.01 W, 600.00 W, 600.00 W, 66, 16382 MiB, 99 %, 5, 16
2026/09/20 11:43:39.386, 0, P1, 2910 MHz, 13801 MHz, 482.01 W, 600.00 W, 600.00 W, 66, 16382 MiB, 99 %, 5, 16
2026/09/20 11:43:39.638, 0, P1, 2910 MHz, 13801 MHz, 486.14 W, 600.00 W, 600.00 W, 66, 16382 MiB, 99 %, 5, 16
2026/09/20 11:43:39.889, 0, P1, 2910 MHz, 13801 MHz, 486.14 W, 600.00 W, 600.00 W, 66, 16382 MiB, 99 %, 5, 16
2026/09/20 11:43:40.140, 0, P1, 2910 MHz, 13801 MHz, 486.12 W, 600.00 W, 600.00 W, 66, 16382 MiB, 99 %, 5, 16
2026/09/20 11:43:40.391, 0, P1, 2910 MHz, 13801 MHz, 486.12 W, 600.00 W, 600.00 W, 66, 16382 MiB, 99 %, 5, 16
2026/09/20 11:43:40.642, 0, P1, 2910 MHz, 13801 MHz, 486.12 W, 600.00 W, 600.00 W, 66, 16382 MiB, 99 %, 5, 16
2026/09/20 11:43:40.893, 0, P1, 2910 MHz, 13801 MHz, 486.12 W, 600.00 W, 600.00 W, 66, 16382 MiB, 99 %, 5, 16
2026/09/20 11:43:41.145, 0, P1, 2910 MHz, 13801 MHz, 486.35 W, 600.00 W, 600.00 W, 66, 16382 MiB, 99 %, 5, 16
2026/09/20 11:43:41.396, 0, P1, 2910 MHz, 13801 MHz, 486.35 W, 600.00 W, 600.00 W, 66, 16382 MiB, 99 %, 5, 16
2026/09/20 11:43:41.647, 0, P1, 2910 MHz, 13801 MHz, 482.33 W, 600.00 W, 600.00 W, 66, 16382 MiB, 99 %, 5, 16
2026/09/20 11:43:41.898, 0, P1, 2910 MHz, 13801 MHz, 482.33 W, 600.00 W, 600.00 W, 66, 16382 MiB, 99 %, 5, 16
2026/09/20 11:43:42.149, 0, P1, 2910 MHz, 13801 MHz, 480.24 W, 600.00 W, 600.00 W, 66, 16382 MiB, 99 %, 5, 16
2026/09/20 11:43:42.400, 0, P1, 2910 MHz, 13801 MHz, 480.24 W, 600.00 W, 600.00 W, 66, 16382 MiB, 99 %, 5, 16
2026/09/20 11:43:42.651, 0, P1, 2910 MHz, 13801 MHz, 484.19 W, 600.00 W, 600.00 W, 66, 16382 MiB, 99 %, 5, 16
2026/09/20 11:43:42.902, 0, P1, 2910 MHz, 13801 MHz, 484.19 W, 600.00 W, 600.00 W, 66, 16382 MiB, 99 %, 5, 16
2026/09/20 11:43:43.153, 0, P1, 2910 MHz, 13801 MHz, 482.56 W, 600.00 W, 600.00 W, 66, 16382 MiB, 99 %, 5, 16
2026/09/20 11:43:43.404, 0, P1, 2910 MHz, 13801 MHz, 482.56 W, 600.00 W, 600.00 W, 66, 16382 MiB, 99 %, 5, 16
2026/09/20 11:43:43.656, 0, P1, 2910 MHz, 13801 MHz, 483.13 W, 600.00 W, 600.00 W, 66, 16382 MiB, 99 %, 5, 16
2026/09/20 11:43:43.907, 0, P1, 2910 MHz, 13801 MHz, 483.13 W, 600.00 W, 600.00 W, 66, 16382 MiB, 99 %, 5, 16
2026/09/20 11:43:44.158, 0, P1, 2910 MHz, 13801 MHz, 487.19 W, 600.00 W, 600.00 W, 66, 16382 MiB, 99 %, 5, 16
2026/09/20 11:43:44.409, 0, P1, 2910 MHz, 13801 MHz, 487.19 W, 600.00 W, 600.00 W, 66, 16382 MiB, 99 %, 5, 16
2026/09/20 11:43:44.660, 0, P1, 2910 MHz, 13801 MHz, 483.45 W, 600.00 W, 600.00 W, 65, 16382 MiB, 99 %, 5, 16
2026/09/20 11:43:44.911, 0, P1, 2910 MHz, 13801 MHz, 483.45 W, 600.00 W, 600.00 W, 65, 16382 MiB, 99 %, 5, 16
2026/09/20 11:43:45.162, 0, P1, 2910 MHz, 13801 MHz, 477.79 W, 600.00 W, 600.00 W, 65, 16382 MiB, 99 %, 5, 16
2026/09/20 11:43:45.413, 0, P1, 2910 MHz, 13801 MHz, 477.79 W, 600.00 W, 600.00 W, 65, 16382 MiB, 99 %, 5, 16
2026/09/20 11:43:45.664, 0, P1, 2910 MHz, 13801 MHz, 477.56 W, 600.00 W, 600.00 W, 65, 16382 MiB, 89 %, 5, 16
2026/09/20 11:43:45.915, 0, P1, 2910 MHz, 13801 MHz, 477.56 W, 600.00 W, 600.00 W, 65, 16382 MiB, 89 %, 5, 16
2026/09/20 11:43:46.166, 0, P1, 2910 MHz, 13801 MHz, 483.17 W, 600.00 W, 600.00 W, 66, 16382 MiB, 99 %, 5, 16
2026/09/20 11:43:46.417, 0, P1, 2910 MHz, 13801 MHz, 483.17 W, 600.00 W, 600.00 W, 66, 16382 MiB, 99 %, 5, 16
2026/09/20 11:43:46.669, 0, P1, 2910 MHz, 13801 MHz, 483.13 W, 600.00 W, 600.00 W, 66, 16382 MiB, 99 %, 5, 16
2026/09/20 11:43:46.920, 0, P1, 2910 MHz, 13801 MHz, 483.13 W, 600.00 W, 600.00 W, 66, 16382 MiB, 99 %, 5, 16
2026/09/20 11:43:47.171, 0, P1, 2902 MHz, 13801 MHz, 482.63 W, 600.00 W, 600.00 W, 66, 16382 MiB, 99 %, 5, 16
2026/09/20 11:43:47.422, 0, P1, 2902 MHz, 13801 MHz, 482.63 W, 600.00 W, 600.00 W, 66, 16382 MiB, 99 %, 5, 16
2026/09/20 11:43:47.674, 0, P1, 2902 MHz, 13801 MHz, 476.43 W, 600.00 W, 600.00 W, 66, 16382 MiB, 99 %, 5, 16
2026/09/20 11:43:47.925, 0, P1, 2902 MHz, 13801 MHz, 476.43 W, 600.00 W, 600.00 W, 66, 16382 MiB, 99 %, 5, 16
2026/09/20 11:43:48.177, 0, P1, 2902 MHz, 13801 MHz, 479.84 W, 600.00 W, 600.00 W, 66, 16382 MiB, 99 %, 5, 16
2026/09/20 11:43:48.428, 0, P1, 2902 MHz, 13801 MHz, 479.84 W, 600.00 W, 600.00 W, 66, 16382 MiB, 99 %, 5, 16
2026/09/20 11:43:48.680, 0, P1, 2902 MHz, 13801 MHz, 485.69 W, 600.00 W, 600.00 W, 66, 16382 MiB, 99 %, 5, 16
2026/09/20 11:43:48.931, 0, P1, 2902 MHz, 13801 MHz, 485.69 W, 600.00 W, 600.00 W, 66, 16382 MiB, 99 %, 5, 16
2026/09/20 11:43:49.182, 0, P1, 2902 MHz, 13801 MHz, 486.35 W, 600.00 W, 600.00 W, 66, 16382 MiB, 99 %, 5, 16
2026/09/20 11:43:49.433, 0, P1, 2902 MHz, 13801 MHz, 486.35 W, 600.00 W, 600.00 W, 66, 16382 MiB, 99 %, 5, 16
2026/09/20 11:43:49.684, 0, P1, 2902 MHz, 13801 MHz, 486.30 W, 600.00 W, 600.00 W, 66, 16382 MiB, 99 %, 5, 16
2026/09/20 11:43:49.935, 0, P1, 2902 MHz, 13801 MHz, 486.30 W, 600.00 W, 600.00 W, 66, 16382 MiB, 99 %, 5, 16
2026/09/20 11:43:50.193, 0, P1, 2902 MHz, 13801 MHz, 486.43 W, 600.00 W, 600.00 W, 66, 16382 MiB, 99 %, 5, 16
2026/09/20 11:43:50.444, 0, P1, 2902 MHz, 13801 MHz, 486.43 W, 600.00 W, 600.00 W, 66, 16382 MiB, 99 %, 5, 16
2026/09/20 11:43:50.695, 0, P1, 2902 MHz, 13801 MHz, 481.61 W, 600.00 W, 600.00 W, 66, 16382 MiB, 85 %, 5, 16
2026/09/20 11:43:50.946, 0, P1, 2902 MHz, 13801 MHz, 481.61 W, 600.00 W, 600.00 W, 66, 16382 MiB, 85 %, 5, 16
2026/09/20 11:43:51.197, 0, P1, 2902 MHz, 13801 MHz, 479.60 W, 600.00 W, 600.00 W, 65, 16382 MiB, 95 %, 5, 16
2026/09/20 11:43:51.448, 0, P1, 2902 MHz, 13801 MHz, 479.60 W, 600.00 W, 600.00 W, 65, 16382 MiB, 95 %, 5, 16
2026/09/20 11:43:51.699, 0, P1, 2910 MHz, 13801 MHz, 480.53 W, 600.00 W, 600.00 W, 66, 16382 MiB, 99 %, 5, 16
2026/09/20 11:43:51.951, 0, P1, 2910 MHz, 13801 MHz, 480.53 W, 600.00 W, 600.00 W, 66, 16382 MiB, 99 %, 5, 16
2026/09/20 11:43:52.202, 0, P1, 2902 MHz, 13801 MHz, 482.72 W, 600.00 W, 600.00 W, 66, 16382 MiB, 99 %, 5, 16
2026/09/20 11:43:52.453, 0, P1, 2902 MHz, 13801 MHz, 482.72 W, 600.00 W, 600.00 W, 66, 16382 MiB, 99 %, 5, 16
2026/09/20 11:43:52.704, 0, P1, 2902 MHz, 13801 MHz, 486.85 W, 600.00 W, 600.00 W, 66, 16382 MiB, 99 %, 5, 16
2026/09/20 11:43:52.955, 0, P1, 2902 MHz, 13801 MHz, 486.85 W, 600.00 W, 600.00 W, 66, 16382 MiB, 99 %, 5, 16
2026/09/20 11:43:53.206, 0, P1, 2902 MHz, 13801 MHz, 487.07 W, 600.00 W, 600.00 W, 66, 16382 MiB, 99 %, 5, 16
2026/09/20 11:43:53.457, 0, P1, 2902 MHz, 13801 MHz, 487.07 W, 600.00 W, 600.00 W, 66, 16382 MiB, 99 %, 5, 16
2026/09/20 11:43:53.709, 0, P1, 2910 MHz, 13801 MHz, 487.18 W, 600.00 W, 600.00 W, 66, 16382 MiB, 99 %, 5, 16
2026/09/20 11:43:53.960, 0, P1, 2910 MHz, 13801 MHz, 487.18 W, 600.00 W, 600.00 W, 66, 16382 MiB, 99 %, 5, 16
2026/09/20 11:43:54.211, 0, P1, 2902 MHz, 13801 MHz, 478.17 W, 600.00 W, 600.00 W, 65, 16382 MiB, 79 %, 5, 16
2026/09/20 11:43:54.462, 0, P1, 2902 MHz, 13801 MHz, 478.17 W, 600.00 W, 600.00 W, 65, 16382 MiB, 79 %, 5, 16
2026/09/20 11:43:54.713, 0, P1, 2910 MHz, 13801 MHz, 478.06 W, 600.00 W, 600.00 W, 66, 16382 MiB, 99 %, 5, 16
2026/09/20 11:43:54.964, 0, P1, 2910 MHz, 13801 MHz, 478.06 W, 600.00 W, 600.00 W, 66, 16382 MiB, 99 %, 5, 16
2026/09/20 11:43:55.215, 0, P1, 2910 MHz, 13801 MHz, 480.09 W, 600.00 W, 600.00 W, 66, 16382 MiB, 99 %, 5, 16
2026/09/20 11:43:55.466, 0, P1, 2910 MHz, 13801 MHz, 480.09 W, 600.00 W, 600.00 W, 66, 16382 MiB, 99 %, 5, 16
2026/09/20 11:43:55.717, 0, P1, 2902 MHz, 13801 MHz, 487.24 W, 600.00 W, 600.00 W, 66, 16382 MiB, 99 %, 5, 16
2026/09/20 11:43:55.968, 0, P1, 2902 MHz, 13801 MHz, 487.24 W, 600.00 W, 600.00 W, 66, 16382 MiB, 99 %, 5, 16
2026/09/20 11:43:56.219, 0, P1, 2902 MHz, 13801 MHz, 486.87 W, 600.00 W, 600.00 W, 66, 16382 MiB, 99 %, 5, 16
2026/09/20 11:43:56.471, 0, P1, 2902 MHz, 13801 MHz, 486.87 W, 600.00 W, 600.00 W, 66, 16382 MiB, 99 %, 5, 16
2026/09/20 11:43:56.722, 0, P1, 2910 MHz, 13801 MHz, 482.84 W, 600.00 W, 600.00 W, 66, 16382 MiB, 89 %, 5, 16
2026/09/20 11:43:56.973, 0, P1, 2910 MHz, 13801 MHz, 482.84 W, 600.00 W, 600.00 W, 66, 16382 MiB, 89 %, 5, 16
2026/09/20 11:43:57.224, 0, P1, 2910 MHz, 13801 MHz, 481.94 W, 600.00 W, 600.00 W, 66, 16382 MiB, 99 %, 5, 16
2026/09/20 11:43:57.475, 0, P1, 2910 MHz, 13801 MHz, 481.94 W, 600.00 W, 600.00 W, 66, 16382 MiB, 99 %, 5, 16
2026/09/20 11:43:57.726, 0, P1, 2902 MHz, 13801 MHz, 482.35 W, 600.00 W, 600.00 W, 66, 16382 MiB, 99 %, 5, 16
2026/09/20 11:43:57.977, 0, P1, 2902 MHz, 13801 MHz, 482.35 W, 600.00 W, 600.00 W, 66, 16382 MiB, 99 %, 5, 16
2026/09/20 11:43:58.228, 0, P1, 2902 MHz, 13801 MHz, 486.62 W, 600.00 W, 600.00 W, 66, 16382 MiB, 99 %, 5, 16
2026/09/20 11:43:58.479, 0, P1, 2902 MHz, 13801 MHz, 486.62 W, 600.00 W, 600.00 W, 66, 16382 MiB, 99 %, 5, 16
2026/09/20 11:43:58.731, 0, P1, 2902 MHz, 13801 MHz, 486.81 W, 600.00 W, 600.00 W, 66, 16382 MiB, 99 %, 5, 16
2026/09/20 11:43:58.982, 0, P1, 2902 MHz, 13801 MHz, 486.81 W, 600.00 W, 600.00 W, 66, 16382 MiB, 99 %, 5, 16
2026/09/20 11:43:59.233, 0, P1, 2910 MHz, 13801 MHz, 485.20 W, 600.00 W, 600.00 W, 66, 16382 MiB, 95 %, 5, 16
2026/09/20 11:43:59.484, 0, P1, 2910 MHz, 13801 MHz, 485.20 W, 600.00 W, 600.00 W, 66, 16382 MiB, 95 %, 5, 16
2026/09/20 11:43:59.735, 0, P1, 2902 MHz, 13801 MHz, 485.55 W, 600.00 W, 600.00 W, 66, 16382 MiB, 99 %, 5, 16
2026/09/20 11:43:59.986, 0, P1, 2902 MHz, 13801 MHz, 485.55 W, 600.00 W, 600.00 W, 66, 16382 MiB, 99 %, 5, 16
2026/09/20 11:44:00.237, 0, P1, 2902 MHz, 13801 MHz, 485.99 W, 600.00 W, 600.00 W, 66, 16382 MiB, 99 %, 5, 16
2026/09/20 11:44:00.488, 0, P1, 2902 MHz, 13801 MHz, 485.99 W, 600.00 W, 600.00 W, 66, 16382 MiB, 99 %, 5, 16
2026/09/20 11:44:00.739, 0, P1, 2902 MHz, 13801 MHz, 487.94 W, 600.00 W, 600.00 W, 66, 16382 MiB, 99 %, 5, 16
2026/09/20 11:44:00.990, 0, P1, 2902 MHz, 13801 MHz, 487.94 W, 600.00 W, 600.00 W, 66, 16382 MiB, 99 %, 5, 16
2026/09/20 11:44:01.241, 0, P1, 2902 MHz, 13801 MHz, 484.14 W, 600.00 W, 600.00 W, 66, 16382 MiB, 99 %, 5, 16
2026/09/20 11:44:01.492, 0, P1, 2902 MHz, 13801 MHz, 484.14 W, 600.00 W, 600.00 W, 66, 16382 MiB, 99 %, 5, 16
2026/09/20 11:44:01.744, 0, P1, 2910 MHz, 13801 MHz, 484.30 W, 600.00 W, 600.00 W, 66, 16382 MiB, 99 %, 5, 16
2026/09/20 11:44:01.995, 0, P1, 2910 MHz, 13801 MHz, 481.68 W, 600.00 W, 600.00 W, 66, 16382 MiB, 99 %, 5, 16
2026/09/20 11:44:02.248, 0, P1, 2895 MHz, 13801 MHz, 481.68 W, 600.00 W, 600.00 W, 66, 16382 MiB, 99 %, 5, 16
2026/09/20 11:44:02.499, 0, P1, 2902 MHz, 13801 MHz, 472.04 W, 600.00 W, 600.00 W, 66, 16382 MiB, 99 %, 5, 16
2026/09/20 11:44:02.750, 0, P1, 2902 MHz, 13801 MHz, 472.04 W, 600.00 W, 600.00 W, 66, 16382 MiB, 99 %, 5, 16
2026/09/20 11:44:03.001, 0, P1, 2902 MHz, 13801 MHz, 477.85 W, 600.00 W, 600.00 W, 66, 16382 MiB, 99 %, 5, 16
2026/09/20 11:44:03.252, 0, P1, 2902 MHz, 13801 MHz, 477.85 W, 600.00 W, 600.00 W, 66, 16382 MiB, 99 %, 5, 16
2026/09/20 11:44:03.503, 0, P1, 2902 MHz, 13801 MHz, 486.30 W, 600.00 W, 600.00 W, 66, 16382 MiB, 99 %, 5, 16
2026/09/20 11:44:03.755, 0, P1, 2902 MHz, 13801 MHz, 486.30 W, 600.00 W, 600.00 W, 66, 16382 MiB, 99 %, 5, 16
2026/09/20 11:44:04.006, 0, P1, 2902 MHz, 13801 MHz, 487.30 W, 600.00 W, 600.00 W, 66, 16382 MiB, 99 %, 5, 16
2026/09/20 11:44:04.257, 0, P1, 2902 MHz, 13801 MHz, 487.30 W, 600.00 W, 600.00 W, 66, 16382 MiB, 99 %, 5, 16
2026/09/20 11:44:04.508, 0, P1, 2902 MHz, 13801 MHz, 487.50 W, 600.00 W, 600.00 W, 66, 16382 MiB, 99 %, 5, 16
2026/09/20 11:44:04.759, 0, P1, 2902 MHz, 13801 MHz, 487.50 W, 600.00 W, 600.00 W, 66, 16382 MiB, 99 %, 5, 16
2026/09/20 11:44:05.010, 0, P1, 2902 MHz, 13801 MHz, 487.72 W, 600.00 W, 600.00 W, 66, 16382 MiB, 99 %, 5, 16
2026/09/20 11:44:05.261, 0, P1, 2902 MHz, 13801 MHz, 487.72 W, 600.00 W, 600.00 W, 66, 16382 MiB, 99 %, 5, 16
2026/09/20 11:44:05.512, 0, P1, 2902 MHz, 13801 MHz, 488.14 W, 600.00 W, 600.00 W, 66, 16382 MiB, 99 %, 5, 16
2026/09/20 11:44:05.763, 0, P1, 2902 MHz, 13801 MHz, 488.14 W, 600.00 W, 600.00 W, 66, 16382 MiB, 99 %, 5, 16
2026/09/20 11:44:06.014, 0, P1, 2902 MHz, 13801 MHz, 488.34 W, 600.00 W, 600.00 W, 66, 16382 MiB, 99 %, 5, 16
2026/09/20 11:44:06.265, 0, P1, 2902 MHz, 13801 MHz, 488.34 W, 600.00 W, 600.00 W, 66, 16382 MiB, 99 %, 5, 16
2026/09/20 11:44:06.516, 0, P1, 2902 MHz, 13801 MHz, 488.39 W, 600.00 W, 600.00 W, 66, 16382 MiB, 99 %, 5, 16
2026/09/20 11:44:06.768, 0, P1, 2902 MHz, 13801 MHz, 488.39 W, 600.00 W, 600.00 W, 66, 16382 MiB, 99 %, 5, 16
2026/09/20 11:44:07.019, 0, P1, 2902 MHz, 13801 MHz, 488.50 W, 600.00 W, 600.00 W, 66, 16382 MiB, 99 %, 5, 16
2026/09/20 11:44:07.270, 0, P1, 2902 MHz, 13801 MHz, 488.50 W, 600.00 W, 600.00 W, 66, 16382 MiB, 99 %, 5, 16
2026/09/20 11:44:07.521, 0, P1, 2902 MHz, 13801 MHz, 488.83 W, 600.00 W, 600.00 W, 66, 16382 MiB, 99 %, 5, 16
2026/09/20 11:44:07.772, 0, P1, 2902 MHz, 13801 MHz, 488.83 W, 600.00 W, 600.00 W, 66, 16382 MiB, 99 %, 5, 16
2026/09/20 11:44:08.023, 0, P1, 2902 MHz, 13801 MHz, 489.40 W, 600.00 W, 600.00 W, 66, 16382 MiB, 99 %, 5, 16
2026/09/20 11:44:08.274, 0, P1, 2902 MHz, 13801 MHz, 489.40 W, 600.00 W, 600.00 W, 66, 16382 MiB, 99 %, 5, 16
2026/09/20 11:44:08.525, 0, P1, 2902 MHz, 13801 MHz, 487.97 W, 600.00 W, 600.00 W, 66, 16382 MiB, 99 %, 5, 16
2026/09/20 11:44:08.776, 0, P1, 2902 MHz, 13801 MHz, 487.97 W, 600.00 W, 600.00 W, 66, 16382 MiB, 99 %, 5, 16
2026/09/20 11:44:09.028, 0, P1, 2902 MHz, 13801 MHz, 487.49 W, 600.00 W, 600.00 W, 66, 16382 MiB, 99 %, 5, 16
2026/09/20 11:44:09.279, 0, P1, 2902 MHz, 13801 MHz, 487.49 W, 600.00 W, 600.00 W, 66, 16382 MiB, 99 %, 5, 16
2026/09/20 11:44:09.530, 0, P1, 2902 MHz, 13801 MHz, 481.66 W, 600.00 W, 600.00 W, 66, 16382 MiB, 80 %, 5, 16
2026/09/20 11:44:09.781, 0, P1, 2902 MHz, 13801 MHz, 481.66 W, 600.00 W, 600.00 W, 66, 16382 MiB, 80 %, 5, 16
2026/09/20 11:44:10.032, 0, P1, 2910 MHz, 13801 MHz, 480.61 W, 600.00 W, 600.00 W, 66, 16382 MiB, 99 %, 5, 16
2026/09/20 11:44:10.283, 0, P1, 2910 MHz, 13801 MHz, 480.61 W, 600.00 W, 600.00 W, 66, 16382 MiB, 99 %, 5, 16
2026/09/20 11:44:10.534, 0, P1, 2902 MHz, 13801 MHz, 487.95 W, 600.00 W, 600.00 W, 66, 16382 MiB, 99 %, 5, 16
2026/09/20 11:44:10.785, 0, P1, 2902 MHz, 13801 MHz, 487.95 W, 600.00 W, 600.00 W, 66, 16382 MiB, 99 %, 5, 16
2026/09/20 11:44:11.036, 0, P1, 2902 MHz, 13801 MHz, 484.87 W, 600.00 W, 600.00 W, 66, 16382 MiB, 99 %, 5, 16
2026/09/20 11:44:11.288, 0, P1, 2902 MHz, 13801 MHz, 484.87 W, 600.00 W, 600.00 W, 66, 16382 MiB, 99 %, 5, 16
2026/09/20 11:44:11.539, 0, P1, 2902 MHz, 13801 MHz, 479.33 W, 600.00 W, 600.00 W, 66, 16382 MiB, 99 %, 5, 16
2026/09/20 11:44:11.790, 0, P1, 2902 MHz, 13801 MHz, 479.33 W, 600.00 W, 600.00 W, 66, 16382 MiB, 99 %, 5, 16
2026/09/20 11:44:12.041, 0, P1, 2902 MHz, 13801 MHz, 474.80 W, 600.00 W, 600.00 W, 66, 16382 MiB, 99 %, 5, 16
2026/09/20 11:44:12.292, 0, P1, 2902 MHz, 13801 MHz, 474.80 W, 600.00 W, 600.00 W, 66, 16382 MiB, 99 %, 5, 16
2026/09/20 11:44:12.543, 0, P1, 2902 MHz, 13801 MHz, 480.71 W, 600.00 W, 600.00 W, 66, 16382 MiB, 99 %, 5, 16
2026/09/20 11:44:12.795, 0, P1, 2902 MHz, 13801 MHz, 480.71 W, 600.00 W, 600.00 W, 66, 16382 MiB, 99 %, 5, 16
2026/09/20 11:44:13.046, 0, P1, 2902 MHz, 13801 MHz, 488.08 W, 600.00 W, 600.00 W, 66, 16382 MiB, 99 %, 5, 16
2026/09/20 11:44:13.297, 0, P1, 2902 MHz, 13801 MHz, 488.08 W, 600.00 W, 600.00 W, 66, 16382 MiB, 99 %, 5, 16
2026/09/20 11:44:13.548, 0, P1, 2902 MHz, 13801 MHz, 487.93 W, 600.00 W, 600.00 W, 66, 16382 MiB, 99 %, 5, 16
2026/09/20 11:44:13.799, 0, P1, 2902 MHz, 13801 MHz, 487.93 W, 600.00 W, 600.00 W, 66, 16382 MiB, 99 %, 5, 16
2026/09/20 11:44:14.050, 0, P1, 2902 MHz, 13801 MHz, 488.64 W, 600.00 W, 600.00 W, 66, 16382 MiB, 99 %, 5, 16
2026/09/20 11:44:14.301, 0, P1, 2902 MHz, 13801 MHz, 488.64 W, 600.00 W, 600.00 W, 66, 16382 MiB, 99 %, 5, 16
2026/09/20 11:44:14.552, 0, P1, 2902 MHz, 13801 MHz, 489.31 W, 600.00 W, 600.00 W, 66, 16382 MiB, 99 %, 5, 16
2026/09/20 11:44:14.804, 0, P1, 2902 MHz, 13801 MHz, 489.31 W, 600.00 W, 600.00 W, 66, 16382 MiB, 99 %, 5, 16
2026/09/20 11:44:15.055, 0, P1, 2902 MHz, 13801 MHz, 489.33 W, 600.00 W, 600.00 W, 66, 16382 MiB, 99 %, 5, 16
2026/09/20 11:44:15.306, 0, P1, 2902 MHz, 13801 MHz, 489.33 W, 600.00 W, 600.00 W, 66, 16382 MiB, 99 %, 5, 16
2026/09/20 11:44:15.557, 0, P1, 2902 MHz, 13801 MHz, 484.93 W, 600.00 W, 600.00 W, 66, 16382 MiB, 99 %, 5, 16
2026/09/20 11:44:15.808, 0, P1, 2902 MHz, 13801 MHz, 484.93 W, 600.00 W, 600.00 W, 66, 16382 MiB, 99 %, 5, 16
2026/09/20 11:44:16.059, 0, P1, 2902 MHz, 13801 MHz, 484.67 W, 600.00 W, 600.00 W, 66, 16382 MiB, 99 %, 5, 16
2026/09/20 11:44:16.310, 0, P1, 2902 MHz, 13801 MHz, 484.67 W, 600.00 W, 600.00 W, 66, 16382 MiB, 99 %, 5, 16
2026/09/20 11:44:16.561, 0, P1, 2902 MHz, 13801 MHz, 487.21 W, 600.00 W, 600.00 W, 66, 16382 MiB, 95 %, 5, 16
2026/09/20 11:44:16.812, 0, P1, 2902 MHz, 13801 MHz, 487.21 W, 600.00 W, 600.00 W, 66, 16382 MiB, 95 %, 5, 16
2026/09/20 11:44:17.063, 0, P1, 2902 MHz, 13801 MHz, 487.27 W, 600.00 W, 600.00 W, 66, 16382 MiB, 99 %, 5, 16
2026/09/20 11:44:17.315, 0, P1, 2902 MHz, 13801 MHz, 487.27 W, 600.00 W, 600.00 W, 66, 16382 MiB, 99 %, 5, 16
2026/09/20 11:44:17.566, 0, P1, 2902 MHz, 13801 MHz, 487.39 W, 600.00 W, 600.00 W, 66, 16382 MiB, 99 %, 5, 16
2026/09/20 11:44:17.817, 0, P1, 2902 MHz, 13801 MHz, 487.39 W, 600.00 W, 600.00 W, 66, 16382 MiB, 99 %, 5, 16
2026/09/20 11:44:18.068, 0, P1, 2902 MHz, 13801 MHz, 488.39 W, 600.00 W, 600.00 W, 66, 16382 MiB, 99 %, 5, 16
2026/09/20 11:44:18.319, 0, P1, 2902 MHz, 13801 MHz, 488.39 W, 600.00 W, 600.00 W, 66, 16382 MiB, 99 %, 5, 16
2026/09/20 11:44:18.570, 0, P1, 2902 MHz, 13801 MHz, 483.16 W, 600.00 W, 600.00 W, 66, 16382 MiB, 99 %, 5, 16
2026/09/20 11:44:18.821, 0, P1, 2902 MHz, 13801 MHz, 483.16 W, 600.00 W, 600.00 W, 66, 16382 MiB, 99 %, 5, 16
2026/09/20 11:44:19.072, 0, P1, 2902 MHz, 13801 MHz, 481.23 W, 600.00 W, 600.00 W, 66, 16382 MiB, 99 %, 5, 16
2026/09/20 11:44:19.323, 0, P1, 2902 MHz, 13801 MHz, 481.23 W, 600.00 W, 600.00 W, 66, 16382 MiB, 99 %, 5, 16
2026/09/20 11:44:19.575, 0, P1, 2902 MHz, 13801 MHz, 485.85 W, 600.00 W, 600.00 W, 66, 16382 MiB, 99 %, 5, 16
2026/09/20 11:44:19.826, 0, P1, 2902 MHz, 13801 MHz, 485.85 W, 600.00 W, 600.00 W, 66, 16382 MiB, 99 %, 5, 16
2026/09/20 11:44:20.077, 0, P1, 2902 MHz, 13801 MHz, 488.60 W, 600.00 W, 600.00 W, 66, 16382 MiB, 99 %, 5, 16
2026/09/20 11:44:20.328, 0, P1, 2902 MHz, 13801 MHz, 488.60 W, 600.00 W, 600.00 W, 66, 16382 MiB, 99 %, 5, 16
2026/09/20 11:44:20.579, 0, P1, 2902 MHz, 13801 MHz, 487.68 W, 600.00 W, 600.00 W, 66, 16382 MiB, 99 %, 5, 16
2026/09/20 11:44:20.830, 0, P1, 2902 MHz, 13801 MHz, 487.68 W, 600.00 W, 600.00 W, 66, 16382 MiB, 99 %, 5, 16
2026/09/20 11:44:21.081, 0, P1, 2902 MHz, 13801 MHz, 482.13 W, 600.00 W, 600.00 W, 66, 16382 MiB, 99 %, 5, 16
2026/09/20 11:44:21.332, 0, P1, 2902 MHz, 13801 MHz, 482.13 W, 600.00 W, 600.00 W, 66, 16382 MiB, 99 %, 5, 16
2026/09/20 11:44:21.584, 0, P1, 2902 MHz, 13801 MHz, 483.63 W, 600.00 W, 600.00 W, 66, 16382 MiB, 99 %, 5, 16
2026/09/20 11:44:21.835, 0, P1, 2902 MHz, 13801 MHz, 483.63 W, 600.00 W, 600.00 W, 66, 16382 MiB, 99 %, 5, 16
2026/09/20 11:44:22.086, 0, P1, 2902 MHz, 13801 MHz, 489.02 W, 600.00 W, 600.00 W, 66, 16382 MiB, 99 %, 5, 16
2026/09/20 11:44:22.337, 0, P1, 2902 MHz, 13801 MHz, 489.02 W, 600.00 W, 600.00 W, 66, 16382 MiB, 99 %, 5, 16
2026/09/20 11:44:22.588, 0, P1, 2902 MHz, 13801 MHz, 484.37 W, 600.00 W, 600.00 W, 66, 16382 MiB, 99 %, 5, 16
2026/09/20 11:44:22.839, 0, P1, 2902 MHz, 13801 MHz, 484.37 W, 600.00 W, 600.00 W, 66, 16382 MiB, 99 %, 5, 16
2026/09/20 11:44:23.090, 0, P1, 2902 MHz, 13801 MHz, 483.80 W, 600.00 W, 600.00 W, 66, 16382 MiB, 99 %, 5, 16
2026/09/20 11:44:23.341, 0, P1, 2902 MHz, 13801 MHz, 483.80 W, 600.00 W, 600.00 W, 66, 16382 MiB, 99 %, 5, 16
2026/09/20 11:44:23.592, 0, P1, 2902 MHz, 13801 MHz, 489.01 W, 600.00 W, 600.00 W, 66, 16382 MiB, 99 %, 5, 16
2026/09/20 11:44:23.843, 0, P1, 2902 MHz, 13801 MHz, 489.01 W, 600.00 W, 600.00 W, 66, 16382 MiB, 99 %, 5, 16
2026/09/20 11:44:24.094, 0, P1, 2902 MHz, 13801 MHz, 488.93 W, 600.00 W, 600.00 W, 66, 16382 MiB, 99 %, 5, 16
2026/09/20 11:44:24.345, 0, P1, 2902 MHz, 13801 MHz, 488.93 W, 600.00 W, 600.00 W, 66, 16382 MiB, 99 %, 5, 16
2026/09/20 11:44:24.596, 0, P1, 2902 MHz, 13801 MHz, 483.58 W, 600.00 W, 600.00 W, 66, 16382 MiB, 99 %, 5, 16
2026/09/20 11:44:24.848, 0, P1, 2902 MHz, 13801 MHz, 483.58 W, 600.00 W, 600.00 W, 66, 16382 MiB, 99 %, 5, 16
2026/09/20 11:44:25.099, 0, P1, 2902 MHz, 13801 MHz, 483.20 W, 600.00 W, 600.00 W, 66, 16382 MiB, 99 %, 5, 16
2026/09/20 11:44:25.350, 0, P1, 2902 MHz, 13801 MHz, 483.20 W, 600.00 W, 600.00 W, 66, 16382 MiB, 99 %, 5, 16
2026/09/20 11:44:25.601, 0, P1, 2902 MHz, 13801 MHz, 489.02 W, 600.00 W, 600.00 W, 66, 16382 MiB, 99 %, 5, 16
2026/09/20 11:44:25.852, 0, P1, 2902 MHz, 13801 MHz, 489.02 W, 600.00 W, 600.00 W, 66, 16382 MiB, 99 %, 5, 16
2026/09/20 11:44:26.103, 0, P1, 2902 MHz, 13801 MHz, 489.27 W, 600.00 W, 600.00 W, 66, 16382 MiB, 99 %, 5, 16
2026/09/20 11:44:26.354, 0, P1, 2902 MHz, 13801 MHz, 489.27 W, 600.00 W, 600.00 W, 66, 16382 MiB, 99 %, 5, 16
2026/09/20 11:44:26.605, 0, P1, 2902 MHz, 13801 MHz, 489.64 W, 600.00 W, 600.00 W, 66, 16382 MiB, 99 %, 5, 16
2026/09/20 11:44:26.856, 0, P1, 2902 MHz, 13801 MHz, 489.64 W, 600.00 W, 600.00 W, 66, 16382 MiB, 99 %, 5, 16
2026/09/20 11:44:27.107, 0, P1, 2902 MHz, 13801 MHz, 485.44 W, 600.00 W, 600.00 W, 66, 16382 MiB, 99 %, 5, 16
2026/09/20 11:44:27.359, 0, P1, 2902 MHz, 13801 MHz, 485.44 W, 600.00 W, 600.00 W, 66, 16382 MiB, 99 %, 5, 16
2026/09/20 11:44:27.610, 0, P1, 2902 MHz, 13801 MHz, 484.41 W, 600.00 W, 600.00 W, 66, 16382 MiB, 99 %, 5, 16
2026/09/20 11:44:27.861, 0, P1, 2902 MHz, 13801 MHz, 484.41 W, 600.00 W, 600.00 W, 66, 16382 MiB, 99 %, 5, 16
2026/09/20 11:44:28.112, 0, P1, 2902 MHz, 13801 MHz, 488.57 W, 600.00 W, 600.00 W, 66, 16382 MiB, 99 %, 5, 16
2026/09/20 11:44:28.363, 0, P1, 2902 MHz, 13801 MHz, 488.57 W, 600.00 W, 600.00 W, 66, 16382 MiB, 99 %, 5, 16
2026/09/20 11:44:28.614, 0, P1, 2902 MHz, 13801 MHz, 484.52 W, 600.00 W, 600.00 W, 66, 16382 MiB, 87 %, 5, 16
2026/09/20 11:44:28.865, 0, P1, 2902 MHz, 13801 MHz, 484.52 W, 600.00 W, 600.00 W, 66, 16382 MiB, 87 %, 5, 16
2026/09/20 11:44:29.116, 0, P1, 2902 MHz, 13801 MHz, 481.46 W, 600.00 W, 600.00 W, 66, 16382 MiB, 99 %, 5, 16
2026/09/20 11:44:29.367, 0, P1, 2902 MHz, 13801 MHz, 481.46 W, 600.00 W, 600.00 W, 66, 16382 MiB, 99 %, 5, 16
2026/09/20 11:44:29.619, 0, P1, 2902 MHz, 13801 MHz, 484.97 W, 600.00 W, 600.00 W, 66, 16382 MiB, 99 %, 5, 16
2026/09/20 11:44:29.870, 0, P1, 2902 MHz, 13801 MHz, 484.97 W, 600.00 W, 600.00 W, 66, 16382 MiB, 99 %, 5, 16
2026/09/20 11:44:30.121, 0, P1, 2902 MHz, 13801 MHz, 488.89 W, 600.00 W, 600.00 W, 66, 16382 MiB, 99 %, 5, 16
2026/09/20 11:44:30.372, 0, P1, 2902 MHz, 13801 MHz, 488.89 W, 600.00 W, 600.00 W, 66, 16382 MiB, 99 %, 5, 16
2026/09/20 11:44:30.622, 0, P1, 2902 MHz, 13801 MHz, 489.79 W, 600.00 W, 600.00 W, 66, 16382 MiB, 99 %, 5, 16
2026/09/20 11:44:30.873, 0, P1, 2902 MHz, 13801 MHz, 489.79 W, 600.00 W, 600.00 W, 66, 16382 MiB, 99 %, 5, 16
2026/09/20 11:44:31.124, 0, P1, 2902 MHz, 13801 MHz, 482.91 W, 600.00 W, 600.00 W, 66, 16382 MiB, 99 %, 5, 16
2026/09/20 11:44:31.375, 0, P1, 2902 MHz, 13801 MHz, 482.91 W, 600.00 W, 600.00 W, 66, 16382 MiB, 99 %, 5, 16
2026/09/20 11:44:31.626, 0, P1, 2902 MHz, 13801 MHz, 482.86 W, 600.00 W, 600.00 W, 66, 16382 MiB, 99 %, 5, 16
2026/09/20 11:44:31.877, 0, P1, 2902 MHz, 13801 MHz, 482.86 W, 600.00 W, 600.00 W, 66, 16382 MiB, 99 %, 5, 16
2026/09/20 11:44:32.128, 0, P1, 2902 MHz, 13801 MHz, 490.02 W, 600.00 W, 600.00 W, 66, 16382 MiB, 99 %, 5, 16
2026/09/20 11:44:32.379, 0, P1, 2902 MHz, 13801 MHz, 490.02 W, 600.00 W, 600.00 W, 66, 16382 MiB, 99 %, 5, 16
2026/09/20 11:44:32.630, 0, P1, 2902 MHz, 13801 MHz, 489.84 W, 600.00 W, 600.00 W, 66, 16382 MiB, 99 %, 5, 16
2026/09/20 11:44:32.881, 0, P1, 2902 MHz, 13801 MHz, 489.84 W, 600.00 W, 600.00 W, 66, 16382 MiB, 99 %, 5, 16
2026/09/20 11:44:33.132, 0, P1, 2902 MHz, 13801 MHz, 489.58 W, 600.00 W, 600.00 W, 66, 16382 MiB, 99 %, 5, 16
2026/09/20 11:44:33.383, 0, P1, 2902 MHz, 13801 MHz, 489.58 W, 600.00 W, 600.00 W, 66, 16382 MiB, 99 %, 5, 16
2026/09/20 11:44:33.634, 0, P1, 2902 MHz, 13801 MHz, 489.35 W, 600.00 W, 600.00 W, 66, 16382 MiB, 99 %, 5, 16
2026/09/20 11:44:33.885, 0, P1, 2902 MHz, 13801 MHz, 489.35 W, 600.00 W, 600.00 W, 66, 16382 MiB, 99 %, 5, 16
2026/09/20 11:44:34.136, 0, P1, 2902 MHz, 13801 MHz, 480.93 W, 600.00 W, 600.00 W, 66, 16382 MiB, 99 %, 5, 16
2026/09/20 11:44:34.387, 0, P1, 2902 MHz, 13801 MHz, 480.93 W, 600.00 W, 600.00 W, 66, 16382 MiB, 99 %, 5, 16
2026/09/20 11:44:34.638, 0, P1, 2902 MHz, 13801 MHz, 479.68 W, 600.00 W, 600.00 W, 66, 16382 MiB, 99 %, 5, 16
2026/09/20 11:44:34.889, 0, P1, 2902 MHz, 13801 MHz, 479.68 W, 600.00 W, 600.00 W, 66, 16382 MiB, 99 %, 5, 16
2026/09/20 11:44:35.140, 0, P1, 2902 MHz, 13801 MHz, 487.96 W, 600.00 W, 600.00 W, 66, 16382 MiB, 99 %, 5, 16
2026/09/20 11:44:35.391, 0, P1, 2902 MHz, 13801 MHz, 487.96 W, 600.00 W, 600.00 W, 66, 16382 MiB, 99 %, 5, 16
2026/09/20 11:44:35.642, 0, P1, 2902 MHz, 13801 MHz, 489.54 W, 600.00 W, 600.00 W, 66, 16382 MiB, 99 %, 5, 16
2026/09/20 11:44:35.893, 0, P1, 2902 MHz, 13801 MHz, 489.54 W, 600.00 W, 600.00 W, 66, 16382 MiB, 99 %, 5, 16
2026/09/20 11:44:36.144, 0, P1, 2902 MHz, 13801 MHz, 490.02 W, 600.00 W, 600.00 W, 66, 16382 MiB, 99 %, 5, 16
2026/09/20 11:44:36.395, 0, P1, 2902 MHz, 13801 MHz, 490.02 W, 600.00 W, 600.00 W, 66, 16382 MiB, 99 %, 5, 16
2026/09/20 11:44:36.645, 0, P1, 2902 MHz, 13801 MHz, 490.29 W, 600.00 W, 600.00 W, 66, 16382 MiB, 99 %, 5, 16
2026/09/20 11:44:36.896, 0, P1, 2902 MHz, 13801 MHz, 490.29 W, 600.00 W, 600.00 W, 66, 16382 MiB, 99 %, 5, 16
2026/09/20 11:44:37.147, 0, P1, 2902 MHz, 13801 MHz, 490.30 W, 600.00 W, 600.00 W, 66, 16382 MiB, 99 %, 5, 16
2026/09/20 11:44:37.398, 0, P1, 2902 MHz, 13801 MHz, 490.30 W, 600.00 W, 600.00 W, 66, 16382 MiB, 99 %, 5, 16
2026/09/20 11:44:37.649, 0, P1, 2902 MHz, 13801 MHz, 489.98 W, 600.00 W, 600.00 W, 66, 16382 MiB, 99 %, 5, 16
2026/09/20 11:44:37.900, 0, P1, 2902 MHz, 13801 MHz, 489.98 W, 600.00 W, 600.00 W, 66, 16382 MiB, 99 %, 5, 16
2026/09/20 11:44:38.151, 0, P1, 2902 MHz, 13801 MHz, 480.56 W, 600.00 W, 600.00 W, 66, 16382 MiB, 82 %, 5, 16
2026/09/20 11:44:38.402, 0, P1, 2902 MHz, 13801 MHz, 480.56 W, 600.00 W, 600.00 W, 66, 16382 MiB, 82 %, 5, 16
2026/09/20 11:44:38.653, 0, P1, 2902 MHz, 13801 MHz, 479.78 W, 600.00 W, 600.00 W, 66, 16382 MiB, 98 %, 5, 16
2026/09/20 11:44:38.904, 0, P1, 2902 MHz, 13801 MHz, 479.78 W, 600.00 W, 600.00 W, 66, 16382 MiB, 98 %, 5, 16
2026/09/20 11:44:39.155, 0, P1, 2902 MHz, 13801 MHz, 480.59 W, 600.00 W, 600.00 W, 66, 16382 MiB, 99 %, 5, 16
2026/09/20 11:44:39.406, 0, P1, 2902 MHz, 13801 MHz, 480.59 W, 600.00 W, 600.00 W, 66, 16382 MiB, 99 %, 5, 16
2026/09/20 11:44:39.657, 0, P1, 2902 MHz, 13801 MHz, 490.04 W, 600.00 W, 600.00 W, 66, 16382 MiB, 99 %, 5, 16
2026/09/20 11:44:39.908, 0, P1, 2902 MHz, 13801 MHz, 490.04 W, 600.00 W, 600.00 W, 66, 16382 MiB, 99 %, 5, 16
2026/09/20 11:44:40.159, 0, P1, 2902 MHz, 13801 MHz, 490.01 W, 600.00 W, 600.00 W, 66, 16382 MiB, 99 %, 5, 16
2026/09/20 11:44:40.410, 0, P1, 2902 MHz, 13801 MHz, 490.01 W, 600.00 W, 600.00 W, 66, 16382 MiB, 99 %, 5, 16
2026/09/20 11:44:40.661, 0, P1, 2902 MHz, 13801 MHz, 489.72 W, 600.00 W, 600.00 W, 66, 16382 MiB, 99 %, 5, 16
2026/09/20 11:44:40.912, 0, P1, 2902 MHz, 13801 MHz, 489.72 W, 600.00 W, 600.00 W, 66, 16382 MiB, 99 %, 5, 16
2026/09/20 11:44:41.163, 0, P1, 2902 MHz, 13801 MHz, 489.86 W, 600.00 W, 600.00 W, 66, 16382 MiB, 99 %, 5, 16
2026/09/20 11:44:41.415, 0, P1, 2902 MHz, 13801 MHz, 489.86 W, 600.00 W, 600.00 W, 66, 16382 MiB, 99 %, 5, 16
2026/09/20 11:44:41.666, 0, P1, 2902 MHz, 13801 MHz, 486.53 W, 600.00 W, 600.00 W, 66, 16382 MiB, 99 %, 5, 16
2026/09/20 11:44:41.917, 0, P1, 2902 MHz, 13801 MHz, 486.53 W, 600.00 W, 600.00 W, 66, 16382 MiB, 99 %, 5, 16
2026/09/20 11:44:42.168, 0, P1, 2902 MHz, 13801 MHz, 484.77 W, 600.00 W, 600.00 W, 66, 16382 MiB, 99 %, 5, 16
2026/09/20 11:44:42.419, 0, P1, 2902 MHz, 13801 MHz, 484.77 W, 600.00 W, 600.00 W, 66, 16382 MiB, 99 %, 5, 16
2026/09/20 11:44:42.670, 0, P1, 2902 MHz, 13801 MHz, 487.10 W, 600.00 W, 600.00 W, 66, 16382 MiB, 99 %, 5, 16
2026/09/20 11:44:42.921, 0, P1, 2902 MHz, 13801 MHz, 487.10 W, 600.00 W, 600.00 W, 66, 16382 MiB, 99 %, 5, 16
2026/09/20 11:44:43.172, 0, P1, 2902 MHz, 13801 MHz, 488.47 W, 600.00 W, 600.00 W, 66, 16382 MiB, 99 %, 5, 16
2026/09/20 11:44:43.423, 0, P1, 2902 MHz, 13801 MHz, 488.47 W, 600.00 W, 600.00 W, 66, 16382 MiB, 99 %, 5, 16
2026/09/20 11:44:43.675, 0, P1, 2902 MHz, 13801 MHz, 489.42 W, 600.00 W, 600.00 W, 66, 16382 MiB, 99 %, 5, 16
2026/09/20 11:44:43.926, 0, P1, 2902 MHz, 13801 MHz, 489.42 W, 600.00 W, 600.00 W, 66, 16382 MiB, 99 %, 5, 16
2026/09/20 11:44:44.177, 0, P1, 2902 MHz, 13801 MHz, 484.22 W, 600.00 W, 600.00 W, 64, 16382 MiB, 85 %, 5, 16
2026/09/20 11:44:44.428, 0, P1, 2902 MHz, 13801 MHz, 484.22 W, 600.00 W, 600.00 W, 64, 16382 MiB, 85 %, 5, 16
2026/09/20 11:44:44.679, 0, P1, 2902 MHz, 13801 MHz, 484.74 W, 600.00 W, 600.00 W, 66, 16382 MiB, 99 %, 5, 16
2026/09/20 11:44:44.930, 0, P1, 2902 MHz, 13801 MHz, 484.74 W, 600.00 W, 600.00 W, 66, 16382 MiB, 99 %, 5, 16
2026/09/20 11:44:45.181, 0, P1, 2902 MHz, 13801 MHz, 485.05 W, 600.00 W, 600.00 W, 66, 16382 MiB, 99 %, 5, 16
2026/09/20 11:44:45.432, 0, P1, 2902 MHz, 13801 MHz, 485.05 W, 600.00 W, 600.00 W, 66, 16382 MiB, 99 %, 5, 16
2026/09/20 11:44:45.683, 0, P1, 2902 MHz, 13801 MHz, 490.88 W, 600.00 W, 600.00 W, 66, 16382 MiB, 99 %, 5, 16
2026/09/20 11:44:45.950, 0, P1, 2902 MHz, 13801 MHz, 490.88 W, 600.00 W, 600.00 W, 66, 16382 MiB, 99 %, 5, 16
2026/09/20 11:44:46.201, 0, P1, 2902 MHz, 13801 MHz, 485.89 W, 600.00 W, 600.00 W, 66, 16382 MiB, 99 %, 5, 16
2026/09/20 11:44:46.452, 0, P1, 2902 MHz, 13801 MHz, 485.89 W, 600.00 W, 600.00 W, 66, 16382 MiB, 99 %, 5, 16
2026/09/20 11:44:46.704, 0, P1, 2902 MHz, 13801 MHz, 483.17 W, 600.00 W, 600.00 W, 66, 16382 MiB, 99 %, 5, 16
2026/09/20 11:44:46.955, 0, P1, 2902 MHz, 13801 MHz, 483.17 W, 600.00 W, 600.00 W, 66, 16382 MiB, 99 %, 5, 16
2026/09/20 11:44:47.206, 0, P1, 2902 MHz, 13801 MHz, 488.09 W, 600.00 W, 600.00 W, 66, 16382 MiB, 99 %, 5, 16
2026/09/20 11:44:47.457, 0, P1, 2902 MHz, 13801 MHz, 488.09 W, 600.00 W, 600.00 W, 66, 16382 MiB, 99 %, 5, 16
2026/09/20 11:44:47.708, 0, P1, 2902 MHz, 13801 MHz, 489.37 W, 600.00 W, 600.00 W, 66, 16382 MiB, 99 %, 5, 16
2026/09/20 11:44:47.959, 0, P1, 2902 MHz, 13801 MHz, 489.37 W, 600.00 W, 600.00 W, 66, 16382 MiB, 99 %, 5, 16
2026/09/20 11:44:48.210, 0, P1, 2902 MHz, 13801 MHz, 487.24 W, 600.00 W, 600.00 W, 66, 16382 MiB, 99 %, 5, 16
2026/09/20 11:44:48.461, 0, P1, 2902 MHz, 13801 MHz, 487.24 W, 600.00 W, 600.00 W, 66, 16382 MiB, 99 %, 5, 16
2026/09/20 11:44:48.712, 0, P1, 2902 MHz, 13801 MHz, 487.31 W, 600.00 W, 600.00 W, 66, 16382 MiB, 99 %, 5, 16
2026/09/20 11:44:48.963, 0, P1, 2902 MHz, 13801 MHz, 487.31 W, 600.00 W, 600.00 W, 66, 16382 MiB, 99 %, 5, 16
2026/09/20 11:44:49.215, 0, P1, 2902 MHz, 13801 MHz, 489.80 W, 600.00 W, 600.00 W, 66, 16382 MiB, 99 %, 5, 16
2026/09/20 11:44:49.466, 0, P1, 2902 MHz, 13801 MHz, 489.80 W, 600.00 W, 600.00 W, 66, 16382 MiB, 99 %, 5, 16
2026/09/20 11:44:49.717, 0, P1, 2902 MHz, 13801 MHz, 487.19 W, 600.00 W, 600.00 W, 66, 16382 MiB, 99 %, 5, 16
2026/09/20 11:44:49.968, 0, P1, 2902 MHz, 13801 MHz, 487.19 W, 600.00 W, 600.00 W, 66, 16382 MiB, 99 %, 5, 16
2026/09/20 11:44:50.219, 0, P1, 2902 MHz, 13801 MHz, 487.15 W, 600.00 W, 600.00 W, 66, 16382 MiB, 99 %, 5, 16
2026/09/20 11:44:50.470, 0, P1, 2902 MHz, 13801 MHz, 487.15 W, 600.00 W, 600.00 W, 66, 16382 MiB, 99 %, 5, 16
2026/09/20 11:44:50.721, 0, P1, 2902 MHz, 13801 MHz, 490.18 W, 600.00 W, 600.00 W, 66, 16382 MiB, 99 %, 5, 16
2026/09/20 11:44:50.972, 0, P1, 2902 MHz, 13801 MHz, 490.18 W, 600.00 W, 600.00 W, 66, 16382 MiB, 99 %, 5, 16
2026/09/20 11:44:51.223, 0, P1, 2902 MHz, 13801 MHz, 490.54 W, 600.00 W, 600.00 W, 66, 16382 MiB, 99 %, 5, 16
2026/09/20 11:44:51.474, 0, P1, 2902 MHz, 13801 MHz, 490.54 W, 600.00 W, 600.00 W, 66, 16382 MiB, 99 %, 5, 16
2026/09/20 11:44:51.725, 0, P1, 2902 MHz, 13801 MHz, 490.54 W, 600.00 W, 600.00 W, 66, 16382 MiB, 99 %, 5, 16
2026/09/20 11:44:51.977, 0, P1, 2902 MHz, 13801 MHz, 490.54 W, 600.00 W, 600.00 W, 66, 16382 MiB, 99 %, 5, 16
2026/09/20 11:44:52.228, 0, P1, 2902 MHz, 13801 MHz, 486.80 W, 600.00 W, 600.00 W, 66, 16382 MiB, 99 %, 5, 16
2026/09/20 11:44:52.479, 0, P1, 2902 MHz, 13801 MHz, 486.80 W, 600.00 W, 600.00 W, 66, 16382 MiB, 99 %, 5, 16
2026/09/20 11:44:52.730, 0, P1, 2902 MHz, 13801 MHz, 480.38 W, 600.00 W, 600.00 W, 66, 16382 MiB, 99 %, 5, 16
2026/09/20 11:44:52.981, 0, P1, 2902 MHz, 13801 MHz, 480.38 W, 600.00 W, 600.00 W, 66, 16382 MiB, 99 %, 5, 16
2026/09/20 11:44:53.232, 0, P1, 2902 MHz, 13801 MHz, 484.03 W, 600.00 W, 600.00 W, 66, 16382 MiB, 99 %, 5, 16
2026/09/20 11:44:53.483, 0, P1, 2902 MHz, 13801 MHz, 484.03 W, 600.00 W, 600.00 W, 66, 16382 MiB, 99 %, 5, 16
2026/09/20 11:44:53.734, 0, P1, 2902 MHz, 13801 MHz, 491.44 W, 600.00 W, 600.00 W, 66, 16382 MiB, 99 %, 5, 16
2026/09/20 11:44:53.985, 0, P1, 2902 MHz, 13801 MHz, 491.44 W, 600.00 W, 600.00 W, 66, 16382 MiB, 99 %, 5, 16
2026/09/20 11:44:54.236, 0, P1, 2902 MHz, 13801 MHz, 491.17 W, 600.00 W, 600.00 W, 66, 16382 MiB, 99 %, 5, 16
2026/09/20 11:44:54.487, 0, P1, 2902 MHz, 13801 MHz, 491.17 W, 600.00 W, 600.00 W, 66, 16382 MiB, 99 %, 5, 16
2026/09/20 11:44:54.738, 0, P1, 2902 MHz, 13801 MHz, 490.77 W, 600.00 W, 600.00 W, 66, 16382 MiB, 99 %, 5, 16
2026/09/20 11:44:54.990, 0, P1, 2902 MHz, 13801 MHz, 490.77 W, 600.00 W, 600.00 W, 66, 16382 MiB, 99 %, 5, 16
2026/09/20 11:44:55.241, 0, P1, 2902 MHz, 13801 MHz, 491.28 W, 600.00 W, 600.00 W, 66, 16382 MiB, 99 %, 5, 16
2026/09/20 11:44:55.493, 0, P1, 2902 MHz, 13801 MHz, 491.28 W, 600.00 W, 600.00 W, 66, 16382 MiB, 99 %, 5, 16
2026/09/20 11:44:55.744, 0, P1, 2902 MHz, 13801 MHz, 491.27 W, 600.00 W, 600.00 W, 66, 16382 MiB, 99 %, 5, 16
2026/09/20 11:44:55.997, 0, P1, 2902 MHz, 13801 MHz, 491.27 W, 600.00 W, 600.00 W, 66, 16382 MiB, 99 %, 5, 16
2026/09/20 11:44:56.248, 0, P1, 2902 MHz, 13801 MHz, 490.63 W, 600.00 W, 600.00 W, 66, 16382 MiB, 99 %, 5, 16
2026/09/20 11:44:56.499, 0, P1, 2902 MHz, 13801 MHz, 490.63 W, 600.00 W, 600.00 W, 66, 16382 MiB, 99 %, 5, 16
2026/09/20 11:44:56.750, 0, P1, 2902 MHz, 13801 MHz, 489.95 W, 600.00 W, 600.00 W, 66, 16382 MiB, 99 %, 5, 16
2026/09/20 11:44:57.001, 0, P1, 2902 MHz, 13801 MHz, 489.95 W, 600.00 W, 600.00 W, 66, 16382 MiB, 99 %, 5, 16
2026/09/20 11:44:57.252, 0, P1, 2902 MHz, 13801 MHz, 485.31 W, 600.00 W, 600.00 W, 66, 16382 MiB, 88 %, 5, 16
2026/09/20 11:44:57.507, 0, P1, 2902 MHz, 13801 MHz, 485.20 W, 600.00 W, 600.00 W, 66, 16382 MiB, 99 %, 5, 16
2026/09/20 11:44:57.758, 0, P1, 2902 MHz, 13801 MHz, 485.20 W, 600.00 W, 600.00 W, 66, 16382 MiB, 99 %, 5, 16
2026/09/20 11:44:58.009, 0, P1, 2902 MHz, 13801 MHz, 489.29 W, 600.00 W, 600.00 W, 66, 16382 MiB, 99 %, 5, 16
2026/09/20 11:44:58.260, 0, P1, 2902 MHz, 13801 MHz, 489.29 W, 600.00 W, 600.00 W, 66, 16382 MiB, 99 %, 5, 16
2026/09/20 11:44:58.511, 0, P1, 2902 MHz, 13801 MHz, 490.15 W, 600.00 W, 600.00 W, 66, 16382 MiB, 99 %, 5, 16
2026/09/20 11:44:58.762, 0, P1, 2902 MHz, 13801 MHz, 490.15 W, 600.00 W, 600.00 W, 66, 16382 MiB, 99 %, 5, 16
2026/09/20 11:44:59.013, 0, P1, 2902 MHz, 13801 MHz, 490.65 W, 600.00 W, 600.00 W, 66, 16382 MiB, 99 %, 5, 16
2026/09/20 11:44:59.264, 0, P1, 2902 MHz, 13801 MHz, 490.65 W, 600.00 W, 600.00 W, 66, 16382 MiB, 99 %, 5, 16
2026/09/20 11:44:59.515, 0, P1, 2902 MHz, 13801 MHz, 491.14 W, 600.00 W, 600.00 W, 66, 16382 MiB, 99 %, 5, 16
2026/09/20 11:44:59.770, 0, P1, 2902 MHz, 13801 MHz, 491.14 W, 600.00 W, 600.00 W, 66, 16382 MiB, 99 %, 5, 16
2026/09/20 11:45:00.021, 0, P1, 2902 MHz, 13801 MHz, 489.82 W, 600.00 W, 600.00 W, 66, 16382 MiB, 99 %, 5, 16
2026/09/20 11:45:00.272, 0, P1, 2902 MHz, 13801 MHz, 489.82 W, 600.00 W, 600.00 W, 66, 16382 MiB, 99 %, 5, 16
2026/09/20 11:45:00.523, 0, P1, 2902 MHz, 13801 MHz, 489.44 W, 600.00 W, 600.00 W, 66, 16382 MiB, 99 %, 5, 16
2026/09/20 11:45:00.775, 0, P1, 2902 MHz, 13801 MHz, 489.44 W, 600.00 W, 600.00 W, 66, 16382 MiB, 99 %, 5, 16
2026/09/20 11:45:01.026, 0, P1, 2902 MHz, 13801 MHz, 490.71 W, 600.00 W, 600.00 W, 66, 16382 MiB, 99 %, 5, 16
2026/09/20 11:45:01.279, 0, P1, 2902 MHz, 13801 MHz, 490.71 W, 600.00 W, 600.00 W, 66, 16382 MiB, 99 %, 5, 16
2026/09/20 11:45:01.530, 0, P1, 2902 MHz, 13801 MHz, 491.03 W, 600.00 W, 600.00 W, 66, 16382 MiB, 99 %, 5, 16
2026/09/20 11:45:01.781, 0, P1, 2902 MHz, 13801 MHz, 491.03 W, 600.00 W, 600.00 W, 66, 16382 MiB, 99 %, 5, 16
2026/09/20 11:45:02.032, 0, P1, 2902 MHz, 13801 MHz, 491.26 W, 600.00 W, 600.00 W, 66, 16382 MiB, 99 %, 5, 16
2026/09/20 11:45:02.283, 0, P1, 2902 MHz, 13801 MHz, 491.26 W, 600.00 W, 600.00 W, 66, 16382 MiB, 99 %, 5, 16
2026/09/20 11:45:02.534, 0, P1, 2902 MHz, 13801 MHz, 482.77 W, 600.00 W, 600.00 W, 65, 16382 MiB, 99 %, 5, 16
2026/09/20 11:45:02.785, 0, P1, 2902 MHz, 13801 MHz, 482.77 W, 600.00 W, 600.00 W, 65, 16382 MiB, 99 %, 5, 16
2026/09/20 11:45:03.036, 0, P1, 2902 MHz, 13801 MHz, 483.09 W, 600.00 W, 600.00 W, 66, 16382 MiB, 99 %, 5, 16
2026/09/20 11:45:03.287, 0, P1, 2902 MHz, 13801 MHz, 483.09 W, 600.00 W, 600.00 W, 66, 16382 MiB, 99 %, 5, 16
2026/09/20 11:45:03.538, 0, P1, 2902 MHz, 13801 MHz, 490.23 W, 600.00 W, 600.00 W, 66, 16382 MiB, 99 %, 5, 16
2026/09/20 11:45:03.789, 0, P1, 2902 MHz, 13801 MHz, 490.23 W, 600.00 W, 600.00 W, 66, 16382 MiB, 99 %, 5, 16
2026/09/20 11:45:04.040, 0, P1, 2902 MHz, 13801 MHz, 489.93 W, 600.00 W, 600.00 W, 66, 16382 MiB, 99 %, 5, 16
2026/09/20 11:45:04.291, 0, P1, 2902 MHz, 13801 MHz, 489.93 W, 600.00 W, 600.00 W, 66, 16382 MiB, 99 %, 5, 16
2026/09/20 11:45:04.542, 0, P1, 2902 MHz, 13801 MHz, 486.71 W, 600.00 W, 600.00 W, 66, 16382 MiB, 99 %, 5, 16
2026/09/20 11:45:04.793, 0, P1, 2902 MHz, 13801 MHz, 486.71 W, 600.00 W, 600.00 W, 66, 16382 MiB, 99 %, 5, 16
2026/09/20 11:45:05.044, 0, P1, 2902 MHz, 13801 MHz, 486.76 W, 600.00 W, 600.00 W, 66, 16382 MiB, 99 %, 5, 16
2026/09/20 11:45:05.297, 0, P1, 2902 MHz, 13801 MHz, 486.76 W, 600.00 W, 600.00 W, 66, 16382 MiB, 99 %, 5, 16
2026/09/20 11:45:05.548, 0, P1, 2902 MHz, 13801 MHz, 490.11 W, 600.00 W, 600.00 W, 66, 16382 MiB, 99 %, 5, 16
2026/09/20 11:45:05.799, 0, P1, 2902 MHz, 13801 MHz, 490.11 W, 600.00 W, 600.00 W, 66, 16382 MiB, 99 %, 5, 16
2026/09/20 11:45:06.050, 0, P1, 2902 MHz, 13801 MHz, 490.36 W, 600.00 W, 600.00 W, 66, 16382 MiB, 99 %, 5, 16
2026/09/20 11:45:06.303, 0, P1, 2902 MHz, 13801 MHz, 490.36 W, 600.00 W, 600.00 W, 66, 16382 MiB, 99 %, 5, 16
2026/09/20 11:45:06.554, 0, P1, 2902 MHz, 13801 MHz, 490.33 W, 600.00 W, 600.00 W, 66, 16382 MiB, 99 %, 5, 16
2026/09/20 11:45:06.805, 0, P1, 2902 MHz, 13801 MHz, 490.33 W, 600.00 W, 600.00 W, 66, 16382 MiB, 99 %, 5, 16
2026/09/20 11:45:07.056, 0, P1, 2902 MHz, 13801 MHz, 486.82 W, 600.00 W, 600.00 W, 66, 16382 MiB, 99 %, 5, 16
2026/09/20 11:45:07.307, 0, P1, 2902 MHz, 13801 MHz, 486.82 W, 600.00 W, 600.00 W, 66, 16382 MiB, 99 %, 5, 16
2026/09/20 11:45:07.559, 0, P1, 2902 MHz, 13801 MHz, 486.58 W, 600.00 W, 600.00 W, 66, 16382 MiB, 99 %, 5, 16
2026/09/20 11:45:07.810, 0, P1, 2902 MHz, 13801 MHz, 486.58 W, 600.00 W, 600.00 W, 66, 16382 MiB, 99 %, 5, 16
2026/09/20 11:45:08.061, 0, P1, 2902 MHz, 13801 MHz, 490.29 W, 600.00 W, 600.00 W, 66, 16382 MiB, 99 %, 5, 16
2026/09/20 11:45:08.312, 0, P1, 2902 MHz, 13801 MHz, 490.29 W, 600.00 W, 600.00 W, 66, 16382 MiB, 99 %, 5, 16
2026/09/20 11:45:08.563, 0, P1, 2902 MHz, 13801 MHz, 490.58 W, 600.00 W, 600.00 W, 66, 16382 MiB, 99 %, 5, 16
2026/09/20 11:45:08.814, 0, P1, 2902 MHz, 13801 MHz, 490.58 W, 600.00 W, 600.00 W, 66, 16382 MiB, 99 %, 5, 16
2026/09/20 11:45:09.065, 0, P1, 2902 MHz, 13801 MHz, 489.85 W, 600.00 W, 600.00 W, 66, 16382 MiB, 99 %, 5, 16
2026/09/20 11:45:09.316, 0, P1, 2902 MHz, 13801 MHz, 489.85 W, 600.00 W, 600.00 W, 66, 16382 MiB, 99 %, 5, 16
2026/09/20 11:45:09.567, 0, P1, 2902 MHz, 13801 MHz, 488.60 W, 600.00 W, 600.00 W, 66, 16382 MiB, 99 %, 5, 16
2026/09/20 11:45:09.818, 0, P1, 2902 MHz, 13801 MHz, 488.60 W, 600.00 W, 600.00 W, 66, 16382 MiB, 99 %, 5, 16
2026/09/20 11:45:10.069, 0, P1, 2902 MHz, 13801 MHz, 487.22 W, 600.00 W, 600.00 W, 66, 16382 MiB, 99 %, 5, 16
2026/09/20 11:45:10.320, 0, P1, 2902 MHz, 13801 MHz, 487.22 W, 600.00 W, 600.00 W, 66, 16382 MiB, 99 %, 5, 16
2026/09/20 11:45:10.572, 0, P1, 2902 MHz, 13801 MHz, 488.83 W, 600.00 W, 600.00 W, 66, 16382 MiB, 99 %, 5, 16
2026/09/20 11:45:10.823, 0, P1, 2902 MHz, 13801 MHz, 488.83 W, 600.00 W, 600.00 W, 66, 16382 MiB, 99 %, 5, 16
2026/09/20 11:45:11.074, 0, P1, 2902 MHz, 13801 MHz, 491.01 W, 600.00 W, 600.00 W, 66, 16382 MiB, 99 %, 5, 16
2026/09/20 11:45:11.325, 0, P1, 2902 MHz, 13801 MHz, 491.01 W, 600.00 W, 600.00 W, 66, 16382 MiB, 99 %, 5, 16
2026/09/20 11:45:11.576, 0, P1, 2902 MHz, 13801 MHz, 490.91 W, 600.00 W, 600.00 W, 66, 16382 MiB, 99 %, 5, 16
2026/09/20 11:45:11.827, 0, P1, 2902 MHz, 13801 MHz, 490.91 W, 600.00 W, 600.00 W, 66, 16382 MiB, 99 %, 5, 16
2026/09/20 11:45:12.078, 0, P1, 2902 MHz, 13801 MHz, 488.85 W, 600.00 W, 600.00 W, 66, 16382 MiB, 99 %, 5, 16
2026/09/20 11:45:12.329, 0, P1, 2902 MHz, 13801 MHz, 488.85 W, 600.00 W, 600.00 W, 66, 16382 MiB, 99 %, 5, 16
2026/09/20 11:45:12.580, 0, P1, 2902 MHz, 13801 MHz, 480.24 W, 600.00 W, 600.00 W, 66, 16382 MiB, 92 %, 5, 16
2026/09/20 11:45:12.831, 0, P1, 2902 MHz, 13801 MHz, 480.24 W, 600.00 W, 600.00 W, 66, 16382 MiB, 92 %, 5, 16
2026/09/20 11:45:13.082, 0, P1, 2902 MHz, 13801 MHz, 480.66 W, 600.00 W, 600.00 W, 66, 16382 MiB, 99 %, 5, 16
2026/09/20 11:45:13.333, 0, P1, 2902 MHz, 13801 MHz, 480.66 W, 600.00 W, 600.00 W, 66, 16382 MiB, 99 %, 5, 16
2026/09/20 11:45:13.584, 0, P1, 2902 MHz, 13801 MHz, 490.00 W, 600.00 W, 600.00 W, 66, 16382 MiB, 99 %, 5, 16
2026/09/20 11:45:13.836, 0, P1, 2902 MHz, 13801 MHz, 490.00 W, 600.00 W, 600.00 W, 66, 16382 MiB, 99 %, 5, 16
2026/09/20 11:45:14.087, 0, P1, 2902 MHz, 13801 MHz, 490.39 W, 600.00 W, 600.00 W, 66, 16382 MiB, 99 %, 5, 16
2026/09/20 11:45:14.338, 0, P1, 2902 MHz, 13801 MHz, 490.39 W, 600.00 W, 600.00 W, 66, 16382 MiB, 99 %, 5, 16
2026/09/20 11:45:14.589, 0, P1, 2902 MHz, 13801 MHz, 490.76 W, 600.00 W, 600.00 W, 66, 16382 MiB, 99 %, 5, 16
2026/09/20 11:45:14.840, 0, P1, 2902 MHz, 13801 MHz, 490.76 W, 600.00 W, 600.00 W, 66, 16382 MiB, 99 %, 5, 16
2026/09/20 11:45:15.091, 0, P1, 2902 MHz, 13801 MHz, 491.13 W, 600.00 W, 600.00 W, 66, 16382 MiB, 99 %, 5, 16
2026/09/20 11:45:15.343, 0, P1, 2902 MHz, 13801 MHz, 491.13 W, 600.00 W, 600.00 W, 66, 16382 MiB, 99 %, 5, 16
2026/09/20 11:45:15.594, 0, P1, 2902 MHz, 13801 MHz, 488.82 W, 600.00 W, 600.00 W, 65, 16382 MiB, 99 %, 5, 16
2026/09/20 11:45:15.845, 0, P1, 2902 MHz, 13801 MHz, 488.82 W, 600.00 W, 600.00 W, 65, 16382 MiB, 99 %, 5, 16
2026/09/20 11:45:16.096, 0, P1, 2902 MHz, 13801 MHz, 486.24 W, 600.00 W, 600.00 W, 66, 16382 MiB, 99 %, 5, 16
2026/09/20 11:45:16.347, 0, P1, 2902 MHz, 13801 MHz, 486.24 W, 600.00 W, 600.00 W, 66, 16382 MiB, 99 %, 5, 16
2026/09/20 11:45:16.598, 0, P1, 2902 MHz, 13801 MHz, 488.21 W, 600.00 W, 600.00 W, 66, 16382 MiB, 99 %, 5, 16
2026/09/20 11:45:16.850, 0, P1, 2902 MHz, 13801 MHz, 488.21 W, 600.00 W, 600.00 W, 66, 16382 MiB, 99 %, 5, 16
2026/09/20 11:45:17.101, 0, P1, 2902 MHz, 13801 MHz, 489.32 W, 600.00 W, 600.00 W, 66, 16382 MiB, 94 %, 5, 16
2026/09/20 11:45:17.352, 0, P1, 2902 MHz, 13801 MHz, 489.32 W, 600.00 W, 600.00 W, 66, 16382 MiB, 94 %, 5, 16
2026/09/20 11:45:17.603, 0, P1, 2902 MHz, 13801 MHz, 489.13 W, 600.00 W, 600.00 W, 66, 16382 MiB, 99 %, 5, 16
2026/09/20 11:45:17.854, 0, P1, 2902 MHz, 13801 MHz, 489.13 W, 600.00 W, 600.00 W, 66, 16382 MiB, 99 %, 5, 16
2026/09/20 11:45:18.105, 0, P1, 2902 MHz, 13801 MHz, 490.72 W, 600.00 W, 600.00 W, 66, 16382 MiB, 99 %, 5, 16
2026/09/20 11:45:18.356, 0, P1, 2902 MHz, 13801 MHz, 490.72 W, 600.00 W, 600.00 W, 66, 16382 MiB, 99 %, 5, 16
2026/09/20 11:45:18.607, 0, P1, 2902 MHz, 13801 MHz, 490.76 W, 600.00 W, 600.00 W, 66, 16382 MiB, 99 %, 5, 16
2026/09/20 11:45:18.858, 0, P1, 2902 MHz, 13801 MHz, 490.76 W, 600.00 W, 600.00 W, 66, 16382 MiB, 99 %, 5, 16
2026/09/20 11:45:19.109, 0, P1, 2902 MHz, 13801 MHz, 490.93 W, 600.00 W, 600.00 W, 66, 16382 MiB, 99 %, 5, 16
2026/09/20 11:45:19.360, 0, P1, 2902 MHz, 13801 MHz, 490.93 W, 600.00 W, 600.00 W, 66, 16382 MiB, 99 %, 5, 16
2026/09/20 11:45:19.611, 0, P1, 2902 MHz, 13801 MHz, 490.98 W, 600.00 W, 600.00 W, 66, 16382 MiB, 99 %, 5, 16
2026/09/20 11:45:19.863, 0, P1, 2902 MHz, 13801 MHz, 490.98 W, 600.00 W, 600.00 W, 66, 16382 MiB, 99 %, 5, 16
2026/09/20 11:45:20.114, 0, P1, 2902 MHz, 13801 MHz, 489.28 W, 600.00 W, 600.00 W, 66, 16382 MiB, 99 %, 5, 16
2026/09/20 11:45:20.365, 0, P1, 2902 MHz, 13801 MHz, 489.28 W, 600.00 W, 600.00 W, 66, 16382 MiB, 99 %, 5, 16
2026/09/20 11:45:20.616, 0, P1, 2902 MHz, 13801 MHz, 488.93 W, 600.00 W, 600.00 W, 66, 16382 MiB, 99 %, 5, 16
2026/09/20 11:45:20.867, 0, P1, 2902 MHz, 13801 MHz, 488.93 W, 600.00 W, 600.00 W, 66, 16382 MiB, 99 %, 5, 16
2026/09/20 11:45:21.118, 0, P1, 2902 MHz, 13801 MHz, 490.76 W, 600.00 W, 600.00 W, 66, 16382 MiB, 99 %, 5, 16
2026/09/20 11:45:21.369, 0, P1, 2902 MHz, 13801 MHz, 490.76 W, 600.00 W, 600.00 W, 66, 16382 MiB, 99 %, 5, 16
2026/09/20 11:45:21.620, 0, P1, 2902 MHz, 13801 MHz, 491.05 W, 600.00 W, 600.00 W, 66, 16382 MiB, 99 %, 5, 16
2026/09/20 11:45:21.871, 0, P1, 2902 MHz, 13801 MHz, 491.05 W, 600.00 W, 600.00 W, 66, 16382 MiB, 99 %, 5, 16
2026/09/20 11:45:22.122, 0, P1, 2902 MHz, 13801 MHz, 490.98 W, 600.00 W, 600.00 W, 66, 16382 MiB, 99 %, 5, 16
2026/09/20 11:45:22.373, 0, P1, 2902 MHz, 13801 MHz, 490.98 W, 600.00 W, 600.00 W, 66, 16382 MiB, 99 %, 5, 16
2026/09/20 11:45:22.624, 0, P1, 2902 MHz, 13801 MHz, 485.72 W, 600.00 W, 600.00 W, 66, 16382 MiB, 90 %, 5, 16
2026/09/20 11:45:22.876, 0, P1, 2902 MHz, 13801 MHz, 485.72 W, 600.00 W, 600.00 W, 66, 16382 MiB, 90 %, 5, 16
2026/09/20 11:45:23.127, 0, P1, 2902 MHz, 13801 MHz, 485.61 W, 600.00 W, 600.00 W, 66, 16382 MiB, 99 %, 5, 16
2026/09/20 11:45:23.378, 0, P1, 2902 MHz, 13801 MHz, 485.61 W, 600.00 W, 600.00 W, 66, 16382 MiB, 99 %, 5, 16
2026/09/20 11:45:23.629, 0, P1, 2902 MHz, 13801 MHz, 491.49 W, 600.00 W, 600.00 W, 66, 16382 MiB, 99 %, 5, 16
2026/09/20 11:45:23.880, 0, P1, 2902 MHz, 13801 MHz, 491.49 W, 600.00 W, 600.00 W, 66, 16382 MiB, 99 %, 5, 16
2026/09/20 11:45:24.131, 0, P1, 2902 MHz, 13801 MHz, 492.06 W, 600.00 W, 600.00 W, 66, 16382 MiB, 99 %, 5, 16
2026/09/20 11:45:24.385, 0, P1, 2902 MHz, 13801 MHz, 492.06 W, 600.00 W, 600.00 W, 66, 16382 MiB, 99 %, 5, 16
2026/09/20 11:45:24.746, 0, P1, 2902 MHz, 13801 MHz, 491.63 W, 600.00 W, 600.00 W, 66, 16382 MiB, 99 %, 5, 16
2026/09/20 11:45:24.997, 0, P1, 2902 MHz, 13801 MHz, 491.63 W, 600.00 W, 600.00 W, 66, 16382 MiB, 99 %, 5, 16
2026/09/20 11:45:25.248, 0, P1, 2902 MHz, 13801 MHz, 491.24 W, 600.00 W, 600.00 W, 66, 16382 MiB, 99 %, 5, 16
2026/09/20 11:45:25.499, 0, P1, 2902 MHz, 13801 MHz, 491.24 W, 600.00 W, 600.00 W, 66, 16382 MiB, 99 %, 5, 16
2026/09/20 11:45:25.750, 0, P1, 2902 MHz, 13801 MHz, 491.25 W, 600.00 W, 600.00 W, 66, 16382 MiB, 99 %, 5, 16
2026/09/20 11:45:26.020, 0, P1, 2902 MHz, 13801 MHz, 489.93 W, 600.00 W, 600.00 W, 66, 16382 MiB, 99 %, 5, 16
2026/09/20 11:45:26.271, 0, P1, 2902 MHz, 13801 MHz, 489.93 W, 600.00 W, 600.00 W, 66, 16382 MiB, 99 %, 5, 16
2026/09/20 11:45:26.522, 0, P1, 2902 MHz, 13801 MHz, 483.92 W, 600.00 W, 600.00 W, 66, 16382 MiB, 99 %, 5, 16
2026/09/20 11:45:26.773, 0, P1, 2902 MHz, 13801 MHz, 483.92 W, 600.00 W, 600.00 W, 66, 16382 MiB, 99 %, 5, 16
2026/09/20 11:45:27.024, 0, P1, 2902 MHz, 13801 MHz, 485.08 W, 600.00 W, 600.00 W, 66, 16382 MiB, 99 %, 5, 16
2026/09/20 11:45:27.275, 0, P1, 2902 MHz, 13801 MHz, 485.08 W, 600.00 W, 600.00 W, 66, 16382 MiB, 99 %, 5, 16
2026/09/20 11:45:27.526, 0, P1, 2902 MHz, 13801 MHz, 485.67 W, 600.00 W, 600.00 W, 66, 16382 MiB, 99 %, 5, 16
2026/09/20 11:45:27.778, 0, P1, 2902 MHz, 13801 MHz, 485.67 W, 600.00 W, 600.00 W, 66, 16382 MiB, 99 %, 5, 16
2026/09/20 11:45:28.029, 0, P1, 2902 MHz, 13801 MHz, 484.92 W, 600.00 W, 600.00 W, 66, 16382 MiB, 99 %, 5, 16
2026/09/20 11:45:28.280, 0, P1, 2902 MHz, 13801 MHz, 484.92 W, 600.00 W, 600.00 W, 66, 16382 MiB, 99 %, 5, 16
2026/09/20 11:45:28.531, 0, P1, 2902 MHz, 13801 MHz, 487.80 W, 600.00 W, 600.00 W, 66, 16382 MiB, 99 %, 5, 16
2026/09/20 11:45:28.782, 0, P1, 2902 MHz, 13801 MHz, 487.80 W, 600.00 W, 600.00 W, 66, 16382 MiB, 99 %, 5, 16
2026/09/20 11:45:29.037, 0, P1, 2902 MHz, 13801 MHz, 488.30 W, 600.00 W, 600.00 W, 66, 16382 MiB, 99 %, 5, 16
2026/09/20 11:45:29.288, 0, P1, 2902 MHz, 13801 MHz, 488.30 W, 600.00 W, 600.00 W, 66, 16382 MiB, 99 %, 5, 16
2026/09/20 11:45:29.539, 0, P1, 2902 MHz, 13801 MHz, 488.16 W, 600.00 W, 600.00 W, 66, 16382 MiB, 99 %, 5, 16
2026/09/20 11:45:29.791, 0, P1, 2902 MHz, 13801 MHz, 488.16 W, 600.00 W, 600.00 W, 66, 16382 MiB, 99 %, 5, 16
2026/09/20 11:45:30.042, 0, P1, 2902 MHz, 13801 MHz, 488.82 W, 600.00 W, 600.00 W, 66, 16382 MiB, 99 %, 5, 16
2026/09/20 11:45:30.293, 0, P1, 2902 MHz, 13801 MHz, 488.82 W, 600.00 W, 600.00 W, 66, 16382 MiB, 99 %, 5, 16
2026/09/20 11:45:30.544, 0, P1, 2902 MHz, 13801 MHz, 487.74 W, 600.00 W, 600.00 W, 66, 16382 MiB, 99 %, 5, 16
2026/09/20 11:45:30.796, 0, P1, 2902 MHz, 13801 MHz, 487.74 W, 600.00 W, 600.00 W, 66, 16382 MiB, 99 %, 5, 16
2026/09/20 11:45:31.047, 0, P1, 2902 MHz, 13801 MHz, 483.49 W, 600.00 W, 600.00 W, 66, 16382 MiB, 99 %, 5, 16
2026/09/20 11:45:31.299, 0, P1, 2902 MHz, 13801 MHz, 483.49 W, 600.00 W, 600.00 W, 66, 16382 MiB, 99 %, 5, 16
2026/09/20 11:45:31.550, 0, P1, 2902 MHz, 13801 MHz, 487.21 W, 600.00 W, 600.00 W, 66, 16382 MiB, 99 %, 5, 16
2026/09/20 11:45:31.801, 0, P1, 2902 MHz, 13801 MHz, 487.21 W, 600.00 W, 600.00 W, 66, 16382 MiB, 99 %, 5, 16
2026/09/20 11:45:32.052, 0, P1, 2902 MHz, 13801 MHz, 484.42 W, 600.00 W, 600.00 W, 66, 16382 MiB, 99 %, 5, 16
2026/09/20 11:45:32.303, 0, P1, 2902 MHz, 13801 MHz, 484.42 W, 600.00 W, 600.00 W, 66, 16382 MiB, 99 %, 5, 16
2026/09/20 11:45:32.554, 0, P1, 2902 MHz, 13801 MHz, 484.67 W, 600.00 W, 600.00 W, 66, 16382 MiB, 99 %, 5, 16
2026/09/20 11:45:32.805, 0, P1, 2902 MHz, 13801 MHz, 484.67 W, 600.00 W, 600.00 W, 66, 16382 MiB, 99 %, 5, 16
2026/09/20 11:45:33.056, 0, P1, 2902 MHz, 13801 MHz, 483.86 W, 600.00 W, 600.00 W, 66, 16382 MiB, 99 %, 5, 16
2026/09/20 11:45:33.307, 0, P1, 2902 MHz, 13801 MHz, 483.86 W, 600.00 W, 600.00 W, 66, 16382 MiB, 99 %, 5, 16
2026/09/20 11:45:33.559, 0, P1, 2902 MHz, 13801 MHz, 484.56 W, 600.00 W, 600.00 W, 66, 16382 MiB, 99 %, 5, 16
2026/09/20 11:45:33.811, 0, P1, 2902 MHz, 13801 MHz, 484.56 W, 600.00 W, 600.00 W, 66, 16382 MiB, 99 %, 5, 16
2026/09/20 11:45:34.062, 0, P1, 2902 MHz, 13801 MHz, 490.67 W, 600.00 W, 600.00 W, 66, 16382 MiB, 99 %, 5, 16
2026/09/20 11:45:34.313, 0, P1, 2902 MHz, 13801 MHz, 490.67 W, 600.00 W, 600.00 W, 66, 16382 MiB, 99 %, 5, 16
2026/09/20 11:45:34.564, 0, P1, 2902 MHz, 13801 MHz, 489.99 W, 600.00 W, 600.00 W, 66, 16382 MiB, 99 %, 5, 16
2026/09/20 11:45:34.815, 0, P1, 2902 MHz, 13801 MHz, 489.99 W, 600.00 W, 600.00 W, 66, 16382 MiB, 99 %, 5, 16
2026/09/20 11:45:35.066, 0, P1, 2902 MHz, 13801 MHz, 490.12 W, 600.00 W, 600.00 W, 66, 16382 MiB, 99 %, 5, 16
2026/09/20 11:45:35.317, 0, P1, 2902 MHz, 13801 MHz, 490.12 W, 600.00 W, 600.00 W, 66, 16382 MiB, 99 %, 5, 16
2026/09/20 11:45:35.568, 0, P1, 2902 MHz, 13801 MHz, 490.80 W, 600.00 W, 600.00 W, 66, 16382 MiB, 99 %, 5, 16
2026/09/20 11:45:35.819, 0, P1, 2902 MHz, 13801 MHz, 490.80 W, 600.00 W, 600.00 W, 66, 16382 MiB, 99 %, 5, 16
2026/09/20 11:45:36.070, 0, P1, 2902 MHz, 13801 MHz, 484.59 W, 600.00 W, 600.00 W, 66, 16382 MiB, 99 %, 5, 16
2026/09/20 11:45:36.323, 0, P1, 2902 MHz, 13801 MHz, 484.59 W, 600.00 W, 600.00 W, 66, 16382 MiB, 99 %, 5, 16
2026/09/20 11:45:36.574, 0, P1, 2902 MHz, 13801 MHz, 485.55 W, 600.00 W, 600.00 W, 66, 16382 MiB, 99 %, 5, 16
2026/09/20 11:45:36.825, 0, P1, 2902 MHz, 13801 MHz, 485.55 W, 600.00 W, 600.00 W, 66, 16382 MiB, 99 %, 5, 16
2026/09/20 11:45:37.076, 0, P1, 2902 MHz, 13801 MHz, 491.50 W, 600.00 W, 600.00 W, 64, 16382 MiB, 99 %, 5, 16
2026/09/20 11:45:37.327, 0, P1, 2902 MHz, 13801 MHz, 491.50 W, 600.00 W, 600.00 W, 64, 16382 MiB, 99 %, 5, 16
2026/09/20 11:45:37.579, 0, P1, 2902 MHz, 13801 MHz, 486.94 W, 600.00 W, 600.00 W, 66, 16382 MiB, 99 %, 5, 16
2026/09/20 11:45:37.830, 0, P1, 2902 MHz, 13801 MHz, 486.94 W, 600.00 W, 600.00 W, 66, 16382 MiB, 99 %, 5, 16
2026/09/20 11:45:38.081, 0, P1, 2902 MHz, 13801 MHz, 487.26 W, 600.00 W, 600.00 W, 66, 16382 MiB, 99 %, 5, 16
2026/09/20 11:45:38.332, 0, P1, 2902 MHz, 13801 MHz, 487.26 W, 600.00 W, 600.00 W, 66, 16382 MiB, 99 %, 5, 16
2026/09/20 11:45:38.583, 0, P1, 2902 MHz, 13801 MHz, 492.10 W, 600.00 W, 600.00 W, 66, 16382 MiB, 99 %, 5, 16
2026/09/20 11:45:38.834, 0, P1, 2902 MHz, 13801 MHz, 492.10 W, 600.00 W, 600.00 W, 66, 16382 MiB, 99 %, 5, 16
2026/09/20 11:45:39.085, 0, P1, 2902 MHz, 13801 MHz, 491.10 W, 600.00 W, 600.00 W, 66, 16382 MiB, 97 %, 5, 16
2026/09/20 11:45:39.336, 0, P1, 2902 MHz, 13801 MHz, 491.10 W, 600.00 W, 600.00 W, 66, 16382 MiB, 97 %, 5, 16
2026/09/20 11:45:39.588, 0, P1, 2902 MHz, 13801 MHz, 491.60 W, 600.00 W, 600.00 W, 66, 16382 MiB, 99 %, 5, 16
2026/09/20 11:45:39.839, 0, P1, 2902 MHz, 13801 MHz, 491.60 W, 600.00 W, 600.00 W, 66, 16382 MiB, 99 %, 5, 16
2026/09/20 11:45:40.090, 0, P1, 2902 MHz, 13801 MHz, 491.10 W, 600.00 W, 600.00 W, 66, 16382 MiB, 99 %, 5, 16
2026/09/20 11:45:40.341, 0, P1, 2902 MHz, 13801 MHz, 491.10 W, 600.00 W, 600.00 W, 66, 16382 MiB, 99 %, 5, 16
2026/09/20 11:45:40.592, 0, P1, 2902 MHz, 13801 MHz, 490.39 W, 600.00 W, 600.00 W, 66, 16382 MiB, 99 %, 5, 16
2026/09/20 11:45:40.843, 0, P1, 2902 MHz, 13801 MHz, 490.39 W, 600.00 W, 600.00 W, 66, 16382 MiB, 99 %, 5, 16
2026/09/20 11:45:41.094, 0, P1, 2902 MHz, 13801 MHz, 491.26 W, 600.00 W, 600.00 W, 66, 16382 MiB, 99 %, 5, 16
2026/09/20 11:45:41.345, 0, P1, 2902 MHz, 13801 MHz, 491.26 W, 600.00 W, 600.00 W, 66, 16382 MiB, 99 %, 5, 16
2026/09/20 11:45:41.596, 0, P1, 2902 MHz, 13801 MHz, 491.14 W, 600.00 W, 600.00 W, 66, 16382 MiB, 99 %, 5, 16
2026/09/20 11:45:41.848, 0, P1, 2902 MHz, 13801 MHz, 491.14 W, 600.00 W, 600.00 W, 66, 16382 MiB, 99 %, 5, 16
2026/09/20 11:45:42.099, 0, P1, 2902 MHz, 13801 MHz, 486.68 W, 600.00 W, 600.00 W, 66, 16382 MiB, 99 %, 5, 16
2026/09/20 11:45:42.350, 0, P1, 2902 MHz, 13801 MHz, 486.68 W, 600.00 W, 600.00 W, 66, 16382 MiB, 99 %, 5, 16
2026/09/20 11:45:42.601, 0, P1, 2902 MHz, 13801 MHz, 484.24 W, 600.00 W, 600.00 W, 66, 16382 MiB, 99 %, 5, 16
2026/09/20 11:45:42.852, 0, P1, 2902 MHz, 13801 MHz, 484.24 W, 600.00 W, 600.00 W, 66, 16382 MiB, 99 %, 5, 16
2026/09/20 11:45:43.103, 0, P1, 2902 MHz, 13801 MHz, 489.90 W, 600.00 W, 600.00 W, 66, 16382 MiB, 99 %, 5, 16
2026/09/20 11:45:43.354, 0, P1, 2902 MHz, 13801 MHz, 489.90 W, 600.00 W, 600.00 W, 66, 16382 MiB, 99 %, 5, 16
2026/09/20 11:45:43.605, 0, P1, 2902 MHz, 13801 MHz, 491.48 W, 600.00 W, 600.00 W, 66, 16382 MiB, 99 %, 5, 16
2026/09/20 11:45:43.856, 0, P1, 2902 MHz, 13801 MHz, 491.48 W, 600.00 W, 600.00 W, 66, 16382 MiB, 99 %, 5, 16
2026/09/20 11:45:44.107, 0, P1, 2902 MHz, 13801 MHz, 491.52 W, 600.00 W, 600.00 W, 66, 16382 MiB, 99 %, 5, 16
2026/09/20 11:45:44.358, 0, P1, 2902 MHz, 13801 MHz, 491.52 W, 600.00 W, 600.00 W, 66, 16382 MiB, 99 %, 5, 16
2026/09/20 11:45:44.610, 0, P1, 2902 MHz, 13801 MHz, 491.45 W, 600.00 W, 600.00 W, 66, 16382 MiB, 99 %, 5, 16
2026/09/20 11:45:44.861, 0, P1, 2902 MHz, 13801 MHz, 491.45 W, 600.00 W, 600.00 W, 66, 16382 MiB, 99 %, 5, 16
2026/09/20 11:45:45.112, 0, P1, 2902 MHz, 13801 MHz, 488.72 W, 600.00 W, 600.00 W, 66, 16382 MiB, 92 %, 5, 16
2026/09/20 11:45:45.363, 0, P1, 2902 MHz, 13801 MHz, 488.72 W, 600.00 W, 600.00 W, 66, 16382 MiB, 92 %, 5, 16
2026/09/20 11:45:45.614, 0, P1, 2902 MHz, 13801 MHz, 488.95 W, 600.00 W, 600.00 W, 66, 16382 MiB, 99 %, 5, 16
2026/09/20 11:45:45.865, 0, P1, 2902 MHz, 13801 MHz, 488.95 W, 600.00 W, 600.00 W, 66, 16382 MiB, 99 %, 5, 16
2026/09/20 11:45:46.116, 0, P1, 2902 MHz, 13801 MHz, 483.30 W, 600.00 W, 600.00 W, 66, 16382 MiB, 99 %, 5, 16
2026/09/20 11:45:46.367, 0, P1, 2902 MHz, 13801 MHz, 483.30 W, 600.00 W, 600.00 W, 66, 16382 MiB, 99 %, 5, 16
2026/09/20 11:45:46.618, 0, P1, 2902 MHz, 13801 MHz, 484.31 W, 600.00 W, 600.00 W, 66, 16382 MiB, 99 %, 5, 16
2026/09/20 11:45:46.869, 0, P1, 2902 MHz, 13801 MHz, 484.31 W, 600.00 W, 600.00 W, 66, 16382 MiB, 99 %, 5, 16
2026/09/20 11:45:47.120, 0, P1, 2902 MHz, 13801 MHz, 489.24 W, 600.00 W, 600.00 W, 66, 16382 MiB, 99 %, 5, 16
2026/09/20 11:45:47.372, 0, P1, 2902 MHz, 13801 MHz, 489.24 W, 600.00 W, 600.00 W, 66, 16382 MiB, 99 %, 5, 16
2026/09/20 11:45:47.623, 0, P1, 2902 MHz, 13801 MHz, 489.16 W, 600.00 W, 600.00 W, 66, 16382 MiB, 99 %, 5, 16
2026/09/20 11:45:47.874, 0, P1, 2902 MHz, 13801 MHz, 489.16 W, 600.00 W, 600.00 W, 66, 16382 MiB, 99 %, 5, 16
2026/09/20 11:45:48.125, 0, P1, 2902 MHz, 13801 MHz, 492.37 W, 600.00 W, 600.00 W, 64, 16382 MiB, 99 %, 5, 16
2026/09/20 11:45:48.376, 0, P1, 2902 MHz, 13801 MHz, 492.37 W, 600.00 W, 600.00 W, 64, 16382 MiB, 99 %, 5, 16
2026/09/20 11:45:48.627, 0, P1, 2902 MHz, 13801 MHz, 486.01 W, 600.00 W, 600.00 W, 66, 16382 MiB, 99 %, 5, 16
2026/09/20 11:45:48.878, 0, P1, 2902 MHz, 13801 MHz, 486.01 W, 600.00 W, 600.00 W, 66, 16382 MiB, 99 %, 5, 16
2026/09/20 11:45:49.129, 0, P1, 2902 MHz, 13801 MHz, 485.55 W, 600.00 W, 600.00 W, 66, 16382 MiB, 99 %, 5, 16
2026/09/20 11:45:49.380, 0, P1, 2902 MHz, 13801 MHz, 485.55 W, 600.00 W, 600.00 W, 66, 16382 MiB, 99 %, 5, 16
2026/09/20 11:45:49.631, 0, P1, 2902 MHz, 13801 MHz, 492.14 W, 600.00 W, 600.00 W, 66, 16382 MiB, 99 %, 5, 16
2026/09/20 11:45:49.882, 0, P1, 2902 MHz, 13801 MHz, 492.14 W, 600.00 W, 600.00 W, 66, 16382 MiB, 99 %, 5, 16
2026/09/20 11:45:50.133, 0, P1, 2902 MHz, 13801 MHz, 492.41 W, 600.00 W, 600.00 W, 66, 16382 MiB, 99 %, 5, 16
2026/09/20 11:45:50.384, 0, P1, 2902 MHz, 13801 MHz, 492.41 W, 600.00 W, 600.00 W, 66, 16382 MiB, 99 %, 5, 16
2026/09/20 11:45:50.636, 0, P1, 2902 MHz, 13801 MHz, 492.36 W, 600.00 W, 600.00 W, 65, 16382 MiB, 99 %, 5, 16
2026/09/20 11:45:50.887, 0, P1, 2902 MHz, 13801 MHz, 492.36 W, 600.00 W, 600.00 W, 65, 16382 MiB, 99 %, 5, 16
2026/09/20 11:45:51.138, 0, P1, 2902 MHz, 13801 MHz, 487.79 W, 600.00 W, 600.00 W, 66, 16382 MiB, 99 %, 5, 16
2026/09/20 11:45:51.389, 0, P1, 2902 MHz, 13801 MHz, 487.79 W, 600.00 W, 600.00 W, 66, 16382 MiB, 99 %, 5, 16
2026/09/20 11:45:51.640, 0, P1, 2902 MHz, 13801 MHz, 487.45 W, 600.00 W, 600.00 W, 66, 16382 MiB, 99 %, 5, 16
2026/09/20 11:45:51.891, 0, P1, 2902 MHz, 13801 MHz, 487.45 W, 600.00 W, 600.00 W, 66, 16382 MiB, 99 %, 5, 16
2026/09/20 11:45:52.142, 0, P1, 2902 MHz, 13801 MHz, 491.83 W, 600.00 W, 600.00 W, 66, 16382 MiB, 99 %, 5, 16
2026/09/20 11:45:52.393, 0, P1, 2902 MHz, 13801 MHz, 491.83 W, 600.00 W, 600.00 W, 66, 16382 MiB, 99 %, 5, 16
2026/09/20 11:45:52.644, 0, P1, 2902 MHz, 13801 MHz, 491.96 W, 600.00 W, 600.00 W, 66, 16382 MiB, 99 %, 5, 16
2026/09/20 11:45:52.895, 0, P1, 2902 MHz, 13801 MHz, 491.96 W, 600.00 W, 600.00 W, 66, 16382 MiB, 99 %, 5, 16
2026/09/20 11:45:53.146, 0, P1, 2902 MHz, 13801 MHz, 491.57 W, 600.00 W, 600.00 W, 65, 16382 MiB, 99 %, 5, 16
2026/09/20 11:45:53.397, 0, P1, 2902 MHz, 13801 MHz, 491.57 W, 600.00 W, 600.00 W, 65, 16382 MiB, 99 %, 5, 16
2026/09/20 11:45:53.648, 0, P1, 2902 MHz, 13801 MHz, 488.63 W, 600.00 W, 600.00 W, 66, 16382 MiB, 99 %, 5, 16
2026/09/20 11:45:53.899, 0, P1, 2902 MHz, 13801 MHz, 488.63 W, 600.00 W, 600.00 W, 66, 16382 MiB, 99 %, 5, 16
2026/09/20 11:45:54.150, 0, P1, 2895 MHz, 13801 MHz, 485.28 W, 600.00 W, 600.00 W, 66, 16382 MiB, 91 %, 5, 16
2026/09/20 11:45:54.401, 0, P1, 2895 MHz, 13801 MHz, 485.28 W, 600.00 W, 600.00 W, 66, 16382 MiB, 91 %, 5, 16
2026/09/20 11:45:54.652, 0, P1, 2902 MHz, 13801 MHz, 484.68 W, 600.00 W, 600.00 W, 66, 16382 MiB, 91 %, 5, 16
2026/09/20 11:45:54.903, 0, P1, 2902 MHz, 13801 MHz, 484.68 W, 600.00 W, 600.00 W, 66, 16382 MiB, 91 %, 5, 16
2026/09/20 11:45:55.154, 0, P1, 2902 MHz, 13801 MHz, 482.39 W, 600.00 W, 600.00 W, 66, 16382 MiB, 99 %, 5, 16
2026/09/20 11:45:55.405, 0, P1, 2902 MHz, 13801 MHz, 482.39 W, 600.00 W, 600.00 W, 66, 16382 MiB, 99 %, 5, 16
2026/09/20 11:45:55.656, 0, P1, 2902 MHz, 13801 MHz, 488.54 W, 600.00 W, 600.00 W, 66, 16382 MiB, 99 %, 5, 16
2026/09/20 11:45:55.907, 0, P1, 2902 MHz, 13801 MHz, 488.54 W, 600.00 W, 600.00 W, 66, 16382 MiB, 99 %, 5, 16
2026/09/20 11:45:56.159, 0, P1, 2895 MHz, 13801 MHz, 491.73 W, 600.00 W, 600.00 W, 66, 16382 MiB, 99 %, 5, 16
2026/09/20 11:45:56.410, 0, P1, 2895 MHz, 13801 MHz, 491.73 W, 600.00 W, 600.00 W, 66, 16382 MiB, 99 %, 5, 16
2026/09/20 11:45:56.661, 0, P1, 2902 MHz, 13801 MHz, 491.60 W, 600.00 W, 600.00 W, 66, 16382 MiB, 99 %, 5, 16
2026/09/20 11:45:56.912, 0, P1, 2902 MHz, 13801 MHz, 491.60 W, 600.00 W, 600.00 W, 66, 16382 MiB, 99 %, 5, 16
2026/09/20 11:45:57.163, 0, P1, 2902 MHz, 13801 MHz, 485.67 W, 600.00 W, 600.00 W, 66, 16382 MiB, 99 %, 5, 16
2026/09/20 11:45:57.414, 0, P1, 2902 MHz, 13801 MHz, 485.67 W, 600.00 W, 600.00 W, 66, 16382 MiB, 99 %, 5, 16
2026/09/20 11:45:57.665, 0, P1, 2902 MHz, 13801 MHz, 485.88 W, 600.00 W, 600.00 W, 66, 16382 MiB, 99 %, 5, 16
2026/09/20 11:45:57.916, 0, P1, 2902 MHz, 13801 MHz, 485.88 W, 600.00 W, 600.00 W, 66, 16382 MiB, 99 %, 5, 16
2026/09/20 11:45:58.167, 0, P1, 2902 MHz, 13801 MHz, 491.89 W, 600.00 W, 600.00 W, 66, 16382 MiB, 99 %, 5, 16
2026/09/20 11:45:58.418, 0, P1, 2902 MHz, 13801 MHz, 491.89 W, 600.00 W, 600.00 W, 66, 16382 MiB, 99 %, 5, 16
2026/09/20 11:45:58.669, 0, P1, 2895 MHz, 13801 MHz, 491.96 W, 600.00 W, 600.00 W, 66, 16382 MiB, 99 %, 5, 16
2026/09/20 11:45:58.920, 0, P1, 2895 MHz, 13801 MHz, 491.96 W, 600.00 W, 600.00 W, 66, 16382 MiB, 99 %, 5, 16
2026/09/20 11:45:59.171, 0, P1, 2902 MHz, 13801 MHz, 491.96 W, 600.00 W, 600.00 W, 66, 16382 MiB, 99 %, 5, 16
2026/09/20 11:45:59.423, 0, P1, 2902 MHz, 13801 MHz, 491.96 W, 600.00 W, 600.00 W, 66, 16382 MiB, 99 %, 5, 16
2026/09/20 11:45:59.674, 0, P1, 2902 MHz, 13801 MHz, 492.17 W, 600.00 W, 600.00 W, 66, 16382 MiB, 99 %, 5, 16
2026/09/20 11:45:59.925, 0, P1, 2902 MHz, 13801 MHz, 492.17 W, 600.00 W, 600.00 W, 66, 16382 MiB, 99 %, 5, 16
2026/09/20 11:46:00.176, 0, P1, 2895 MHz, 13801 MHz, 484.04 W, 600.00 W, 600.00 W, 65, 16382 MiB, 77 %, 5, 16
2026/09/20 11:46:00.427, 0, P1, 2895 MHz, 13801 MHz, 484.04 W, 600.00 W, 600.00 W, 65, 16382 MiB, 77 %, 5, 16
2026/09/20 11:46:00.678, 0, P1, 2902 MHz, 13801 MHz, 482.88 W, 600.00 W, 600.00 W, 66, 16382 MiB, 99 %, 5, 16
2026/09/20 11:46:00.929, 0, P1, 2902 MHz, 13801 MHz, 482.88 W, 600.00 W, 600.00 W, 66, 16382 MiB, 99 %, 5, 16
2026/09/20 11:46:01.180, 0, P1, 2902 MHz, 13801 MHz, 492.31 W, 600.00 W, 600.00 W, 66, 16382 MiB, 99 %, 5, 16
2026/09/20 11:46:01.431, 0, P1, 2902 MHz, 13801 MHz, 492.31 W, 600.00 W, 600.00 W, 66, 16382 MiB, 99 %, 5, 16
2026/09/20 11:46:01.683, 0, P1, 2902 MHz, 13801 MHz, 493.32 W, 600.00 W, 600.00 W, 66, 16382 MiB, 99 %, 5, 16
2026/09/20 11:46:01.934, 0, P1, 2902 MHz, 13801 MHz, 493.32 W, 600.00 W, 600.00 W, 66, 16382 MiB, 99 %, 5, 16
2026/09/20 11:46:02.185, 0, P1, 2895 MHz, 13801 MHz, 493.35 W, 600.00 W, 600.00 W, 66, 16382 MiB, 99 %, 5, 16
2026/09/20 11:46:02.436, 0, P1, 2895 MHz, 13801 MHz, 493.35 W, 600.00 W, 600.00 W, 66, 16382 MiB, 99 %, 5, 16
2026/09/20 11:46:02.687, 0, P1, 2895 MHz, 13801 MHz, 492.94 W, 600.00 W, 600.00 W, 66, 16382 MiB, 99 %, 5, 16
2026/09/20 11:46:02.938, 0, P1, 2895 MHz, 13801 MHz, 492.94 W, 600.00 W, 600.00 W, 66, 16382 MiB, 99 %, 5, 16
2026/09/20 11:46:03.189, 0, P1, 2902 MHz, 13801 MHz, 488.12 W, 600.00 W, 600.00 W, 66, 16382 MiB, 99 %, 5, 16
2026/09/20 11:46:03.440, 0, P1, 2902 MHz, 13801 MHz, 488.12 W, 600.00 W, 600.00 W, 66, 16382 MiB, 99 %, 5, 16
2026/09/20 11:46:03.691, 0, P1, 2902 MHz, 13801 MHz, 487.68 W, 600.00 W, 600.00 W, 66, 16382 MiB, 99 %, 5, 16
2026/09/20 11:46:03.943, 0, P1, 2902 MHz, 13801 MHz, 487.68 W, 600.00 W, 600.00 W, 66, 16382 MiB, 99 %, 5, 16
2026/09/20 11:46:04.194, 0, P1, 2895 MHz, 13801 MHz, 492.24 W, 600.00 W, 600.00 W, 66, 16382 MiB, 99 %, 5, 16
2026/09/20 11:46:04.445, 0, P1, 2895 MHz, 13801 MHz, 492.24 W, 600.00 W, 600.00 W, 66, 16382 MiB, 99 %, 5, 16
2026/09/20 11:46:04.696, 0, P1, 2895 MHz, 13801 MHz, 492.42 W, 600.00 W, 600.00 W, 66, 16382 MiB, 99 %, 5, 16
2026/09/20 11:46:04.947, 0, P1, 2895 MHz, 13801 MHz, 492.42 W, 600.00 W, 600.00 W, 66, 16382 MiB, 99 %, 5, 16
2026/09/20 11:46:05.198, 0, P1, 2895 MHz, 13801 MHz, 492.23 W, 600.00 W, 600.00 W, 66, 16382 MiB, 99 %, 5, 16
2026/09/20 11:46:05.449, 0, P1, 2895 MHz, 13801 MHz, 492.23 W, 600.00 W, 600.00 W, 66, 16382 MiB, 99 %, 5, 16
2026/09/20 11:46:05.700, 0, P1, 2895 MHz, 13801 MHz, 491.44 W, 600.00 W, 600.00 W, 66, 16382 MiB, 99 %, 5, 16
2026/09/20 11:46:05.951, 0, P1, 2895 MHz, 13801 MHz, 491.44 W, 600.00 W, 600.00 W, 66, 16382 MiB, 99 %, 5, 16
2026/09/20 11:46:06.202, 0, P1, 2895 MHz, 13801 MHz, 491.56 W, 600.00 W, 600.00 W, 66, 16382 MiB, 99 %, 5, 16
2026/09/20 11:46:06.454, 0, P1, 2895 MHz, 13801 MHz, 491.56 W, 600.00 W, 600.00 W, 66, 16382 MiB, 99 %, 5, 16
2026/09/20 11:46:06.705, 0, P1, 2895 MHz, 13801 MHz, 491.79 W, 600.00 W, 600.00 W, 66, 16382 MiB, 99 %, 5, 16
2026/09/20 11:46:06.956, 0, P1, 2895 MHz, 13801 MHz, 491.79 W, 600.00 W, 600.00 W, 66, 16382 MiB, 99 %, 5, 16
2026/09/20 11:46:07.207, 0, P1, 2895 MHz, 13801 MHz, 491.86 W, 600.00 W, 600.00 W, 66, 16382 MiB, 99 %, 5, 16
2026/09/20 11:46:07.458, 0, P1, 2895 MHz, 13801 MHz, 491.86 W, 600.00 W, 600.00 W, 66, 16382 MiB, 99 %, 5, 16
2026/09/20 11:46:07.709, 0, P1, 2895 MHz, 13801 MHz, 484.11 W, 600.00 W, 600.00 W, 66, 16382 MiB, 99 %, 5, 16
2026/09/20 11:46:07.960, 0, P1, 2895 MHz, 13801 MHz, 484.11 W, 600.00 W, 600.00 W, 66, 16382 MiB, 99 %, 5, 16
2026/09/20 11:46:08.211, 0, P1, 2895 MHz, 13801 MHz, 484.60 W, 600.00 W, 600.00 W, 66, 16382 MiB, 99 %, 5, 16
2026/09/20 11:46:08.462, 0, P1, 2895 MHz, 13801 MHz, 484.60 W, 600.00 W, 600.00 W, 66, 16382 MiB, 99 %, 5, 16
2026/09/20 11:46:08.713, 0, P1, 2895 MHz, 13801 MHz, 492.73 W, 600.00 W, 600.00 W, 66, 16382 MiB, 99 %, 5, 16
2026/09/20 11:46:08.965, 0, P1, 2895 MHz, 13801 MHz, 492.73 W, 600.00 W, 600.00 W, 66, 16382 MiB, 99 %, 5, 16
2026/09/20 11:46:09.216, 0, P1, 2895 MHz, 13801 MHz, 492.63 W, 600.00 W, 600.00 W, 66, 16382 MiB, 99 %, 5, 16
2026/09/20 11:46:09.467, 0, P1, 2895 MHz, 13801 MHz, 492.63 W, 600.00 W, 600.00 W, 66, 16382 MiB, 99 %, 5, 16
2026/09/20 11:46:09.718, 0, P1, 2895 MHz, 13801 MHz, 492.36 W, 600.00 W, 600.00 W, 66, 16382 MiB, 99 %, 5, 16
2026/09/20 11:46:09.969, 0, P1, 2895 MHz, 13801 MHz, 492.36 W, 600.00 W, 600.00 W, 66, 16382 MiB, 99 %, 5, 16
2026/09/20 11:46:10.227, 0, P1, 2895 MHz, 13801 MHz, 492.35 W, 600.00 W, 600.00 W, 66, 16382 MiB, 99 %, 5, 16
2026/09/20 11:46:10.478, 0, P1, 2895 MHz, 13801 MHz, 492.35 W, 600.00 W, 600.00 W, 66, 16382 MiB, 99 %, 5, 16
2026/09/20 11:46:10.729, 0, P1, 2895 MHz, 13801 MHz, 491.94 W, 600.00 W, 600.00 W, 66, 16382 MiB, 99 %, 5, 16
2026/09/20 11:46:10.981, 0, P1, 2895 MHz, 13801 MHz, 491.94 W, 600.00 W, 600.00 W, 66, 16382 MiB, 99 %, 5, 16
2026/09/20 11:46:11.232, 0, P1, 2895 MHz, 13801 MHz, 492.42 W, 600.00 W, 600.00 W, 66, 16382 MiB, 99 %, 5, 16
2026/09/20 11:46:11.483, 0, P1, 2895 MHz, 13801 MHz, 492.42 W, 600.00 W, 600.00 W, 66, 16382 MiB, 99 %, 5, 16
2026/09/20 11:46:11.734, 0, P1, 2895 MHz, 13801 MHz, 493.19 W, 600.00 W, 600.00 W, 66, 16382 MiB, 99 %, 5, 16
2026/09/20 11:46:11.985, 0, P1, 2895 MHz, 13801 MHz, 493.19 W, 600.00 W, 600.00 W, 66, 16382 MiB, 99 %, 5, 16
2026/09/20 11:46:12.236, 0, P1, 2895 MHz, 13801 MHz, 493.24 W, 600.00 W, 600.00 W, 66, 16382 MiB, 99 %, 5, 16
2026/09/20 11:46:13.044, 0, P1, 2925 MHz, 13801 MHz, 298.94 W, 600.00 W, 600.00 W, 56, 16382 MiB, 0 %, 5, 16
2026/09/20 11:46:13.295, 0, P1, 2925 MHz, 13801 MHz, 298.94 W, 600.00 W, 600.00 W, 56, 16382 MiB, 0 %, 5, 16
2026/09/20 11:46:13.546, 0, P1, 2902 MHz, 13801 MHz, 251.29 W, 600.00 W, 600.00 W, 65, 16382 MiB, 82 %, 5, 16
2026/09/20 11:46:13.797, 0, P1, 2902 MHz, 13801 MHz, 251.29 W, 600.00 W, 600.00 W, 65, 16382 MiB, 82 %, 5, 16
2026/09/20 11:46:14.048, 0, P1, 2895 MHz, 13801 MHz, 439.72 W, 600.00 W, 600.00 W, 65, 16382 MiB, 99 %, 5, 16
2026/09/20 11:46:14.299, 0, P1, 2895 MHz, 13801 MHz, 439.72 W, 600.00 W, 600.00 W, 65, 16382 MiB, 99 %, 5, 16
2026/09/20 11:46:14.783, 0, P1, 2895 MHz, 13801 MHz, 484.98 W, 600.00 W, 600.00 W, 61, 16382 MiB, 99 %, 5, 16
2026/09/20 11:46:15.034, 0, P1, 2925 MHz, 13801 MHz, 377.38 W, 600.00 W, 600.00 W, 64, 16382 MiB, 99 %, 5, 16
2026/09/20 11:46:15.285, 0, P1, 2925 MHz, 13801 MHz, 377.38 W, 600.00 W, 600.00 W, 64, 16382 MiB, 99 %, 5, 16
2026/09/20 11:46:15.536, 0, P1, 2902 MHz, 13801 MHz, 365.87 W, 600.00 W, 600.00 W, 65, 16382 MiB, 99 %, 5, 16
2026/09/20 11:46:15.787, 0, P1, 2902 MHz, 13801 MHz, 365.87 W, 600.00 W, 600.00 W, 65, 16382 MiB, 99 %, 5, 16
2026/09/20 11:46:16.038, 0, P1, 2895 MHz, 13801 MHz, 491.98 W, 600.00 W, 600.00 W, 65, 16382 MiB, 99 %, 5, 16
2026/09/20 11:46:16.290, 0, P1, 2895 MHz, 13801 MHz, 491.98 W, 600.00 W, 600.00 W, 65, 16382 MiB, 99 %, 5, 16
2026/09/20 11:46:16.551, 0, P1, 2895 MHz, 13801 MHz, 492.73 W, 600.00 W, 600.00 W, 60, 16382 MiB, 91 %, 5, 16
2026/09/20 11:46:16.802, 0, P1, 2895 MHz, 13801 MHz, 492.73 W, 600.00 W, 600.00 W, 60, 16382 MiB, 91 %, 5, 16
2026/09/20 11:46:17.053, 0, P1, 2902 MHz, 13801 MHz, 446.31 W, 600.00 W, 600.00 W, 65, 16382 MiB, 99 %, 5, 16
2026/09/20 11:46:17.304, 0, P1, 2902 MHz, 13801 MHz, 446.31 W, 600.00 W, 600.00 W, 65, 16382 MiB, 99 %, 5, 16
2026/09/20 11:46:17.555, 0, P1, 2895 MHz, 13801 MHz, 450.42 W, 600.00 W, 600.00 W, 65, 16382 MiB, 99 %, 5, 16
2026/09/20 11:46:17.807, 0, P1, 2895 MHz, 13801 MHz, 450.42 W, 600.00 W, 600.00 W, 65, 16382 MiB, 99 %, 5, 16
2026/09/20 11:46:18.058, 0, P1, 2895 MHz, 13801 MHz, 492.69 W, 600.00 W, 600.00 W, 65, 16382 MiB, 99 %, 5, 16
2026/09/20 11:46:18.309, 0, P1, 2895 MHz, 13801 MHz, 492.69 W, 600.00 W, 600.00 W, 65, 16382 MiB, 99 %, 5, 16
2026/09/20 11:46:18.560, 0, P1, 2895 MHz, 13801 MHz, 490.00 W, 600.00 W, 600.00 W, 65, 16382 MiB, 99 %, 5, 16
2026/09/20 11:46:18.811, 0, P1, 2895 MHz, 13801 MHz, 490.00 W, 600.00 W, 600.00 W, 65, 16382 MiB, 99 %, 5, 16
2026/09/20 11:46:19.062, 0, P1, 2895 MHz, 13801 MHz, 490.15 W, 600.00 W, 600.00 W, 64, 16382 MiB, 99 %, 5, 16
2026/09/20 11:46:19.313, 0, P1, 2895 MHz, 13801 MHz, 490.15 W, 600.00 W, 600.00 W, 64, 16382 MiB, 99 %, 5, 16
2026/09/20 11:46:19.564, 0, P1, 2895 MHz, 13801 MHz, 486.33 W, 600.00 W, 600.00 W, 66, 16382 MiB, 99 %, 5, 16
2026/09/20 11:46:19.815, 0, P1, 2895 MHz, 13801 MHz, 486.33 W, 600.00 W, 600.00 W, 66, 16382 MiB, 99 %, 5, 16
2026/09/20 11:46:20.066, 0, P1, 2895 MHz, 13801 MHz, 486.54 W, 600.00 W, 600.00 W, 65, 16382 MiB, 99 %, 5, 16
2026/09/20 11:46:20.318, 0, P1, 2895 MHz, 13801 MHz, 486.54 W, 600.00 W, 600.00 W, 65, 16382 MiB, 99 %, 5, 16
2026/09/20 11:46:20.569, 0, P1, 2895 MHz, 13801 MHz, 487.04 W, 600.00 W, 600.00 W, 65, 16382 MiB, 99 %, 5, 16
2026/09/20 11:46:20.820, 0, P1, 2895 MHz, 13801 MHz, 487.04 W, 600.00 W, 600.00 W, 65, 16382 MiB, 99 %, 5, 16
2026/09/20 11:46:21.071, 0, P1, 2895 MHz, 13801 MHz, 487.51 W, 600.00 W, 600.00 W, 66, 16382 MiB, 99 %, 5, 16
2026/09/20 11:46:21.322, 0, P1, 2895 MHz, 13801 MHz, 487.51 W, 600.00 W, 600.00 W, 66, 16382 MiB, 99 %, 5, 16
2026/09/20 11:46:21.573, 0, P1, 2895 MHz, 13801 MHz, 492.39 W, 600.00 W, 600.00 W, 66, 16382 MiB, 99 %, 5, 16
2026/09/20 11:46:21.839, 0, P1, 2895 MHz, 13801 MHz, 492.39 W, 600.00 W, 600.00 W, 66, 16382 MiB, 99 %, 5, 16
2026/09/20 11:46:22.091, 0, P1, 2895 MHz, 13801 MHz, 489.65 W, 600.00 W, 600.00 W, 65, 16382 MiB, 99 %, 5, 16
2026/09/20 11:46:22.342, 0, P1, 2895 MHz, 13801 MHz, 489.65 W, 600.00 W, 600.00 W, 65, 16382 MiB, 99 %, 5, 16
2026/09/20 11:46:22.593, 0, P1, 2895 MHz, 13801 MHz, 487.41 W, 600.00 W, 600.00 W, 66, 16382 MiB, 99 %, 5, 16
2026/09/20 11:46:22.844, 0, P1, 2895 MHz, 13801 MHz, 487.41 W, 600.00 W, 600.00 W, 66, 16382 MiB, 99 %, 5, 16
2026/09/20 11:46:23.097, 0, P1, 2895 MHz, 13801 MHz, 484.15 W, 600.00 W, 600.00 W, 65, 16382 MiB, 84 %, 5, 16
2026/09/20 11:46:23.348, 0, P1, 2895 MHz, 13801 MHz, 484.15 W, 600.00 W, 600.00 W, 65, 16382 MiB, 84 %, 5, 16
2026/09/20 11:46:23.599, 0, P1, 2895 MHz, 13801 MHz, 487.23 W, 600.00 W, 600.00 W, 66, 16382 MiB, 99 %, 5, 16
2026/09/20 11:46:23.850, 0, P1, 2895 MHz, 13801 MHz, 487.23 W, 600.00 W, 600.00 W, 66, 16382 MiB, 99 %, 5, 16
2026/09/20 11:46:24.101, 0, P1, 2895 MHz, 13801 MHz, 488.11 W, 600.00 W, 600.00 W, 66, 16382 MiB, 99 %, 5, 16
2026/09/20 11:46:24.352, 0, P1, 2895 MHz, 13801 MHz, 488.11 W, 600.00 W, 600.00 W, 66, 16382 MiB, 99 %, 5, 16
2026/09/20 11:46:24.603, 0, P1, 2895 MHz, 13801 MHz, 490.35 W, 600.00 W, 600.00 W, 65, 16382 MiB, 99 %, 5, 16
2026/09/20 11:46:24.854, 0, P1, 2895 MHz, 13801 MHz, 490.35 W, 600.00 W, 600.00 W, 65, 16382 MiB, 99 %, 5, 16
2026/09/20 11:46:25.105, 0, P1, 2895 MHz, 13801 MHz, 489.09 W, 600.00 W, 600.00 W, 66, 16382 MiB, 99 %, 5, 16
2026/09/20 11:46:25.356, 0, P1, 2895 MHz, 13801 MHz, 489.09 W, 600.00 W, 600.00 W, 66, 16382 MiB, 99 %, 5, 16
2026/09/20 11:46:25.608, 0, P1, 2895 MHz, 13801 MHz, 492.71 W, 600.00 W, 600.00 W, 66, 16382 MiB, 99 %, 5, 16
2026/09/20 11:46:25.859, 0, P1, 2895 MHz, 13801 MHz, 492.71 W, 600.00 W, 600.00 W, 66, 16382 MiB, 99 %, 5, 16
2026/09/20 11:46:26.110, 0, P1, 2895 MHz, 13801 MHz, 493.11 W, 600.00 W, 600.00 W, 66, 16382 MiB, 99 %, 5, 16
2026/09/20 11:46:26.361, 0, P1, 2895 MHz, 13801 MHz, 493.11 W, 600.00 W, 600.00 W, 66, 16382 MiB, 99 %, 5, 16
2026/09/20 11:46:26.612, 0, P1, 2895 MHz, 13801 MHz, 492.95 W, 600.00 W, 600.00 W, 66, 16382 MiB, 99 %, 5, 16
2026/09/20 11:46:26.863, 0, P1, 2895 MHz, 13801 MHz, 492.95 W, 600.00 W, 600.00 W, 66, 16382 MiB, 99 %, 5, 16
2026/09/20 11:46:27.114, 0, P1, 2895 MHz, 13801 MHz, 491.12 W, 600.00 W, 600.00 W, 66, 16382 MiB, 99 %, 5, 16
2026/09/20 11:46:27.365, 0, P1, 2895 MHz, 13801 MHz, 491.12 W, 600.00 W, 600.00 W, 66, 16382 MiB, 99 %, 5, 16
2026/09/20 11:46:27.616, 0, P1, 2895 MHz, 13801 MHz, 490.42 W, 600.00 W, 600.00 W, 66, 16382 MiB, 99 %, 5, 16
2026/09/20 11:46:27.867, 0, P1, 2895 MHz, 13801 MHz, 490.42 W, 600.00 W, 600.00 W, 66, 16382 MiB, 99 %, 5, 16
2026/09/20 11:46:28.119, 0, P1, 2895 MHz, 13801 MHz, 492.24 W, 600.00 W, 600.00 W, 66, 16382 MiB, 99 %, 5, 16
2026/09/20 11:46:28.370, 0, P1, 2895 MHz, 13801 MHz, 492.24 W, 600.00 W, 600.00 W, 66, 16382 MiB, 99 %, 5, 16
2026/09/20 11:46:28.621, 0, P1, 2895 MHz, 13801 MHz, 492.44 W, 600.00 W, 600.00 W, 66, 16382 MiB, 99 %, 5, 16
2026/09/20 11:46:28.872, 0, P1, 2895 MHz, 13801 MHz, 492.44 W, 600.00 W, 600.00 W, 66, 16382 MiB, 99 %, 5, 16
2026/09/20 11:46:29.123, 0, P1, 2895 MHz, 13801 MHz, 492.63 W, 600.00 W, 600.00 W, 66, 16382 MiB, 99 %, 5, 16
2026/09/20 11:46:29.374, 0, P1, 2895 MHz, 13801 MHz, 492.63 W, 600.00 W, 600.00 W, 66, 16382 MiB, 99 %, 5, 16
2026/09/20 11:46:29.625, 0, P1, 2895 MHz, 13801 MHz, 492.77 W, 600.00 W, 600.00 W, 66, 16382 MiB, 99 %, 5, 16
2026/09/20 11:46:29.876, 0, P1, 2895 MHz, 13801 MHz, 492.77 W, 600.00 W, 600.00 W, 66, 16382 MiB, 99 %, 5, 16
2026/09/20 11:46:30.128, 0, P1, 2895 MHz, 13801 MHz, 487.19 W, 600.00 W, 600.00 W, 66, 16382 MiB, 99 %, 5, 16
2026/09/20 11:46:30.379, 0, P1, 2895 MHz, 13801 MHz, 487.19 W, 600.00 W, 600.00 W, 66, 16382 MiB, 99 %, 5, 16
2026/09/20 11:46:30.630, 0, P1, 2895 MHz, 13801 MHz, 482.55 W, 600.00 W, 600.00 W, 66, 16382 MiB, 99 %, 5, 16
2026/09/20 11:46:30.881, 0, P1, 2895 MHz, 13801 MHz, 482.55 W, 600.00 W, 600.00 W, 66, 16382 MiB, 99 %, 5, 16
2026/09/20 11:46:31.132, 0, P1, 2902 MHz, 13801 MHz, 487.41 W, 600.00 W, 600.00 W, 66, 16382 MiB, 99 %, 5, 16
2026/09/20 11:46:31.383, 0, P1, 2902 MHz, 13801 MHz, 487.41 W, 600.00 W, 600.00 W, 66, 16382 MiB, 99 %, 5, 16
2026/09/20 11:46:31.634, 0, P1, 2895 MHz, 13801 MHz, 490.48 W, 600.00 W, 600.00 W, 66, 16382 MiB, 99 %, 5, 16
2026/09/20 11:46:31.885, 0, P1, 2895 MHz, 13801 MHz, 490.48 W, 600.00 W, 600.00 W, 66, 16382 MiB, 99 %, 5, 16
2026/09/20 11:46:32.136, 0, P1, 2895 MHz, 13801 MHz, 490.05 W, 600.00 W, 600.00 W, 66, 16382 MiB, 98 %, 5, 16
2026/09/20 11:46:32.388, 0, P1, 2895 MHz, 13801 MHz, 490.05 W, 600.00 W, 600.00 W, 66, 16382 MiB, 98 %, 5, 16
2026/09/20 11:46:32.639, 0, P1, 2895 MHz, 13801 MHz, 492.51 W, 600.00 W, 600.00 W, 66, 16382 MiB, 99 %, 5, 16
2026/09/20 11:46:32.890, 0, P1, 2895 MHz, 13801 MHz, 492.51 W, 600.00 W, 600.00 W, 66, 16382 MiB, 99 %, 5, 16
2026/09/20 11:46:33.141, 0, P1, 2895 MHz, 13801 MHz, 493.62 W, 600.00 W, 600.00 W, 66, 16382 MiB, 99 %, 5, 16
2026/09/20 11:46:33.392, 0, P1, 2895 MHz, 13801 MHz, 493.62 W, 600.00 W, 600.00 W, 66, 16382 MiB, 99 %, 5, 16
2026/09/20 11:46:33.643, 0, P1, 2895 MHz, 13801 MHz, 494.32 W, 600.00 W, 600.00 W, 66, 16382 MiB, 99 %, 5, 16
2026/09/20 11:46:33.894, 0, P1, 2895 MHz, 13801 MHz, 494.32 W, 600.00 W, 600.00 W, 66, 16382 MiB, 99 %, 5, 16
2026/09/20 11:46:34.145, 0, P1, 2895 MHz, 13801 MHz, 493.70 W, 600.00 W, 600.00 W, 66, 16382 MiB, 99 %, 5, 16
2026/09/20 11:46:34.397, 0, P1, 2895 MHz, 13801 MHz, 493.70 W, 600.00 W, 600.00 W, 66, 16382 MiB, 99 %, 5, 16
2026/09/20 11:46:34.648, 0, P1, 2895 MHz, 13801 MHz, 492.02 W, 600.00 W, 600.00 W, 60, 16382 MiB, 91 %, 5, 16
2026/09/20 11:46:34.898, 0, P1, 2895 MHz, 13801 MHz, 492.02 W, 600.00 W, 600.00 W, 60, 16382 MiB, 91 %, 5, 16
2026/09/20 11:46:35.149, 0, P1, 2925 MHz, 13801 MHz, 295.73 W, 600.00 W, 600.00 W, 56, 16382 MiB, 2 %, 5, 16
2026/09/20 11:46:35.400, 0, P1, 2925 MHz, 13801 MHz, 295.73 W, 600.00 W, 600.00 W, 56, 16382 MiB, 2 %, 5, 16
2026/09/20 11:46:35.651, 0, P1, 2925 MHz, 13801 MHz, 99.39 W, 600.00 W, 600.00 W, 55, 16382 MiB, 1 %, 5, 16
2026/09/20 11:46:35.901, 0, P1, 2925 MHz, 13801 MHz, 99.39 W, 600.00 W, 600.00 W, 55, 16382 MiB, 1 %, 5, 16
2026/09/20 11:46:36.152, 0, P1, 2925 MHz, 13801 MHz, 97.68 W, 600.00 W, 600.00 W, 55, 16350 MiB, 0 %, 5, 16
2026/09/20 11:46:36.404, 0, P1, 2925 MHz, 13801 MHz, 97.68 W, 600.00 W, 600.00 W, 55, 16350 MiB, 0 %, 5, 16
2026/09/20 11:46:36.654, 0, P1, 2925 MHz, 13801 MHz, 95.37 W, 600.00 W, 600.00 W, 54, 16328 MiB, 0 %, 5, 16
2026/09/20 11:46:36.905, 0, P1, 2925 MHz, 13801 MHz, 95.37 W, 600.00 W, 600.00 W, 54, 16328 MiB, 0 %, 5, 16
2026/09/20 11:46:37.156, 0, P1, 2542 MHz, 13801 MHz, 83.03 W, 600.00 W, 600.00 W, 53, 16328 MiB, 0 %, 5, 16
2026/09/20 11:46:37.406, 0, P1, 2542 MHz, 13801 MHz, 83.03 W, 600.00 W, 600.00 W, 53, 16296 MiB, 0 %, 5, 16
2026/09/20 11:46:37.657, 0, P1, 2550 MHz, 13801 MHz, 72.21 W, 600.00 W, 600.00 W, 53, 16296 MiB, 0 %, 5, 16
2026/09/20 11:46:37.907, 0, P1, 2550 MHz, 13801 MHz, 72.21 W, 600.00 W, 600.00 W, 53, 16274 MiB, 0 %, 5, 16
2026/09/20 11:46:38.158, 0, P1, 2550 MHz, 13801 MHz, 71.81 W, 600.00 W, 600.00 W, 53, 16274 MiB, 0 %, 5, 16
2026/09/20 11:46:38.409, 0, P1, 2550 MHz, 13801 MHz, 71.81 W, 600.00 W, 600.00 W, 53, 16242 MiB, 0 %, 5, 16
2026/09/20 11:46:38.659, 0, P1, 2542 MHz, 13801 MHz, 71.76 W, 600.00 W, 600.00 W, 53, 16242 MiB, 1 %, 5, 16
2026/09/20 11:46:38.910, 0, P1, 2542 MHz, 13801 MHz, 71.76 W, 600.00 W, 600.00 W, 53, 16242 MiB, 1 %, 5, 16
2026/09/20 11:46:39.161, 0, P1, 2542 MHz, 13801 MHz, 71.71 W, 600.00 W, 600.00 W, 52, 16220 MiB, 1 %, 5, 16
2026/09/20 11:46:39.411, 0, P1, 2542 MHz, 13801 MHz, 71.71 W, 600.00 W, 600.00 W, 52, 16220 MiB, 1 %, 5, 16
2026/09/20 11:46:39.662, 0, P1, 2542 MHz, 13801 MHz, 71.31 W, 600.00 W, 600.00 W, 52, 16188 MiB, 0 %, 5, 16
2026/09/20 11:46:39.913, 0, P1, 2542 MHz, 13801 MHz, 71.31 W, 600.00 W, 600.00 W, 52, 16188 MiB, 0 %, 5, 16
2026/09/20 11:46:40.163, 0, P1, 2550 MHz, 13801 MHz, 70.97 W, 600.00 W, 600.00 W, 52, 16166 MiB, 0 %, 5, 16
2026/09/20 11:46:40.414, 0, P1, 2550 MHz, 13801 MHz, 70.97 W, 600.00 W, 600.00 W, 52, 16166 MiB, 0 %, 5, 16
2026/09/20 11:46:40.665, 0, P1, 2550 MHz, 13801 MHz, 70.92 W, 600.00 W, 600.00 W, 52, 16166 MiB, 0 %, 5, 16
2026/09/20 11:46:40.916, 0, P1, 2550 MHz, 13801 MHz, 70.92 W, 600.00 W, 600.00 W, 52, 16134 MiB, 0 %, 5, 16
2026/09/20 11:46:41.166, 0, P1, 2542 MHz, 13801 MHz, 70.52 W, 600.00 W, 600.00 W, 51, 16134 MiB, 0 %, 5, 16
2026/09/20 11:46:41.418, 0, P1, 2542 MHz, 13801 MHz, 70.52 W, 600.00 W, 600.00 W, 51, 16112 MiB, 0 %, 5, 16
2026/09/20 11:46:41.669, 0, P1, 2542 MHz, 13801 MHz, 70.17 W, 600.00 W, 600.00 W, 51, 16112 MiB, 1 %, 5, 16
2026/09/20 11:46:41.920, 0, P1, 2542 MHz, 13801 MHz, 70.17 W, 600.00 W, 600.00 W, 51, 16112 MiB, 1 %, 5, 16
2026/09/20 11:46:42.170, 0, P1, 2542 MHz, 13801 MHz, 70.12 W, 600.00 W, 600.00 W, 51, 16080 MiB, 0 %, 5, 16
2026/09/20 11:46:42.421, 0, P1, 2542 MHz, 13801 MHz, 70.12 W, 600.00 W, 600.00 W, 51, 16080 MiB, 0 %, 5, 16
2026/09/20 11:46:42.672, 0, P1, 2542 MHz, 13801 MHz, 70.15 W, 600.00 W, 600.00 W, 51, 16058 MiB, 0 %, 5, 16
2026/09/20 11:46:42.922, 0, P1, 2542 MHz, 13801 MHz, 70.15 W, 600.00 W, 600.00 W, 51, 16058 MiB, 0 %, 5, 16
2026/09/20 11:46:43.173, 0, P1, 2542 MHz, 13801 MHz, 69.87 W, 600.00 W, 600.00 W, 51, 16026 MiB, 0 %, 5, 16
2026/09/20 11:46:43.424, 0, P1, 2542 MHz, 13801 MHz, 69.87 W, 600.00 W, 600.00 W, 51, 16026 MiB, 0 %, 5, 16
2026/09/20 11:46:43.674, 0, P1, 2550 MHz, 13801 MHz, 69.37 W, 600.00 W, 600.00 W, 51, 16004 MiB, 0 %, 5, 16
2026/09/20 11:46:43.925, 0, P1, 2550 MHz, 13801 MHz, 69.37 W, 600.00 W, 600.00 W, 51, 16004 MiB, 0 %, 5, 16
2026/09/20 11:46:44.176, 0, P1, 2550 MHz, 13801 MHz, 69.27 W, 600.00 W, 600.00 W, 50, 16004 MiB, 0 %, 5, 16
2026/09/20 11:46:44.427, 0, P1, 2550 MHz, 13801 MHz, 69.27 W, 600.00 W, 600.00 W, 50, 15972 MiB, 0 %, 5, 16
2026/09/20 11:46:44.677, 0, P1, 2550 MHz, 13801 MHz, 69.39 W, 600.00 W, 600.00 W, 50, 15972 MiB, 0 %, 5, 16
2026/09/20 11:46:44.928, 0, P1, 2550 MHz, 13801 MHz, 69.39 W, 600.00 W, 600.00 W, 50, 15950 MiB, 0 %, 5, 16
2026/09/20 11:46:45.179, 0, P1, 2550 MHz, 13801 MHz, 69.25 W, 600.00 W, 600.00 W, 50, 15950 MiB, 0 %, 5, 16
2026/09/20 11:46:45.429, 0, P1, 2550 MHz, 13801 MHz, 69.25 W, 600.00 W, 600.00 W, 50, 15918 MiB, 0 %, 5, 16
2026/09/20 11:46:45.682, 0, P1, 2542 MHz, 13801 MHz, 68.96 W, 600.00 W, 600.00 W, 50, 15918 MiB, 1 %, 5, 16
2026/09/20 11:46:45.933, 0, P1, 2542 MHz, 13801 MHz, 68.96 W, 600.00 W, 600.00 W, 50, 15896 MiB, 1 %, 5, 16
2026/09/20 11:46:46.183, 0, P1, 2542 MHz, 13801 MHz, 68.76 W, 600.00 W, 600.00 W, 50, 15896 MiB, 1 %, 5, 16
2026/09/20 11:46:46.434, 0, P1, 2542 MHz, 13801 MHz, 68.76 W, 600.00 W, 600.00 W, 50, 15896 MiB, 1 %, 5, 16
2026/09/20 11:46:46.685, 0, P1, 2542 MHz, 13801 MHz, 68.75 W, 600.00 W, 600.00 W, 50, 15864 MiB, 0 %, 5, 16
2026/09/20 11:46:46.936, 0, P1, 2542 MHz, 13801 MHz, 68.75 W, 600.00 W, 600.00 W, 50, 15864 MiB, 0 %, 5, 16
2026/09/20 11:46:47.186, 0, P1, 2550 MHz, 13801 MHz, 68.88 W, 600.00 W, 600.00 W, 49, 15842 MiB, 0 %, 5, 16
2026/09/20 11:46:47.437, 0, P1, 2550 MHz, 13801 MHz, 68.88 W, 600.00 W, 600.00 W, 49, 15842 MiB, 0 %, 5, 16
2026/09/20 11:46:47.688, 0, P1, 2542 MHz, 13801 MHz, 69.01 W, 600.00 W, 600.00 W, 49, 15810 MiB, 0 %, 5, 16
2026/09/20 11:46:47.938, 0, P1, 2542 MHz, 13801 MHz, 69.01 W, 600.00 W, 600.00 W, 49, 15810 MiB, 0 %, 5, 16
2026/09/20 11:46:48.189, 0, P1, 2550 MHz, 13801 MHz, 68.86 W, 600.00 W, 600.00 W, 49, 15788 MiB, 0 %, 5, 16
2026/09/20 11:46:48.440, 0, P1, 2550 MHz, 13801 MHz, 68.86 W, 600.00 W, 600.00 W, 49, 15788 MiB, 0 %, 5, 16
2026/09/20 11:46:48.691, 0, P1, 2550 MHz, 13801 MHz, 68.67 W, 600.00 W, 600.00 W, 49, 15788 MiB, 0 %, 5, 16
2026/09/20 11:46:48.941, 0, P1, 2550 MHz, 13801 MHz, 68.67 W, 600.00 W, 600.00 W, 49, 15756 MiB, 0 %, 5, 16
2026/09/20 11:46:49.192, 0, P1, 2542 MHz, 13801 MHz, 68.50 W, 600.00 W, 600.00 W, 49, 15756 MiB, 1 %, 5, 16
2026/09/20 11:46:49.443, 0, P1, 2542 MHz, 13801 MHz, 68.50 W, 600.00 W, 600.00 W, 49, 15734 MiB, 1 %, 5, 16
2026/09/20 11:46:49.693, 0, P1, 2542 MHz, 13801 MHz, 67.99 W, 600.00 W, 600.00 W, 49, 15734 MiB, 1 %, 5, 16
2026/09/20 11:46:49.944, 0, P1, 2542 MHz, 13801 MHz, 67.99 W, 600.00 W, 600.00 W, 49, 15734 MiB, 1 %, 5, 16
2026/09/20 11:46:50.195, 0, P1, 2542 MHz, 13801 MHz, 66.97 W, 600.00 W, 600.00 W, 49, 15702 MiB, 0 %, 5, 16
2026/09/20 11:46:50.445, 0, P1, 2542 MHz, 13801 MHz, 66.97 W, 600.00 W, 600.00 W, 49, 15702 MiB, 0 %, 5, 16
2026/09/20 11:46:50.696, 0, P1, 2550 MHz, 13801 MHz, 66.59 W, 600.00 W, 600.00 W, 48, 15680 MiB, 0 %, 5, 16
2026/09/20 11:46:50.947, 0, P1, 2550 MHz, 13801 MHz, 66.59 W, 600.00 W, 600.00 W, 48, 15680 MiB, 0 %, 5, 16
2026/09/20 11:46:51.197, 0, P1, 2542 MHz, 13801 MHz, 66.43 W, 600.00 W, 600.00 W, 48, 15648 MiB, 0 %, 5, 16
2026/09/20 11:46:51.448, 0, P1, 2542 MHz, 13801 MHz, 66.43 W, 600.00 W, 600.00 W, 48, 15648 MiB, 0 %, 5, 16
2026/09/20 11:46:51.699, 0, P1, 2550 MHz, 13801 MHz, 66.23 W, 600.00 W, 600.00 W, 48, 15626 MiB, 0 %, 5, 16
2026/09/20 11:46:51.951, 0, P1, 2550 MHz, 13801 MHz, 66.23 W, 600.00 W, 600.00 W, 48, 15628 MiB, 0 %, 5, 16
2026/09/20 11:46:52.202, 0, P1, 2550 MHz, 13801 MHz, 66.23 W, 600.00 W, 600.00 W, 48, 15628 MiB, 0 %, 5, 16
2026/09/20 11:46:52.452, 0, P1, 2550 MHz, 13801 MHz, 66.23 W, 600.00 W, 600.00 W, 48, 15596 MiB, 0 %, 5, 16
2026/09/20 11:46:52.703, 0, P1, 2542 MHz, 13801 MHz, 66.59 W, 600.00 W, 600.00 W, 48, 15596 MiB, 0 %, 5, 16
2026/09/20 11:46:52.954, 0, P1, 2542 MHz, 13801 MHz, 66.59 W, 600.00 W, 600.00 W, 48, 15574 MiB, 0 %, 5, 16
2026/09/20 11:46:53.205, 0, P1, 2542 MHz, 13801 MHz, 66.75 W, 600.00 W, 600.00 W, 48, 15574 MiB, 0 %, 5, 16
2026/09/20 11:46:53.455, 0, P1, 2542 MHz, 13801 MHz, 66.75 W, 600.00 W, 600.00 W, 48, 15542 MiB, 0 %, 5, 16
2026/09/20 11:46:53.706, 0, P1, 2542 MHz, 13801 MHz, 66.87 W, 600.00 W, 600.00 W, 48, 15542 MiB, 0 %, 5, 16
2026/09/20 11:46:53.957, 0, P1, 2542 MHz, 13801 MHz, 66.87 W, 600.00 W, 600.00 W, 48, 15542 MiB, 0 %, 5, 16
2026/09/20 11:46:54.207, 0, P1, 2542 MHz, 13801 MHz, 66.96 W, 600.00 W, 600.00 W, 48, 15520 MiB, 0 %, 5, 16
2026/09/20 11:46:54.458, 0, P1, 2542 MHz, 13801 MHz, 66.96 W, 600.00 W, 600.00 W, 48, 15552 MiB, 0 %, 5, 16
2026/09/20 11:46:54.709, 0, P1, 2542 MHz, 13801 MHz, 66.90 W, 600.00 W, 600.00 W, 47, 15552 MiB, 0 %, 5, 16
2026/09/20 11:46:54.960, 0, P1, 2542 MHz, 13801 MHz, 66.90 W, 600.00 W, 600.00 W, 47, 15574 MiB, 0 %, 5, 16
2026/09/20 11:46:55.210, 0, P1, 2542 MHz, 13801 MHz, 66.37 W, 600.00 W, 600.00 W, 47, 15574 MiB, 0 %, 5, 16
2026/09/20 11:46:55.461, 0, P1, 2542 MHz, 13801 MHz, 66.37 W, 600.00 W, 600.00 W, 47, 15606 MiB, 0 %, 5, 16
2026/09/20 11:46:55.712, 0, P1, 2542 MHz, 13801 MHz, 66.11 W, 600.00 W, 600.00 W, 47, 15606 MiB, 1 %, 5, 16
2026/09/20 11:46:55.963, 0, P1, 2542 MHz, 13801 MHz, 66.11 W, 600.00 W, 600.00 W, 47, 15606 MiB, 1 %, 5, 16
2026/09/20 11:46:56.213, 0, P1, 2542 MHz, 13801 MHz, 65.36 W, 600.00 W, 600.00 W, 47, 15628 MiB, 0 %, 5, 16
2026/09/20 11:46:56.469, 0, P1, 2542 MHz, 13801 MHz, 65.36 W, 600.00 W, 600.00 W, 47, 15628 MiB, 0 %, 5, 16
2026/09/20 11:46:56.724, 0, P1, 2542 MHz, 13801 MHz, 64.89 W, 600.00 W, 600.00 W, 47, 15660 MiB, 0 %, 5, 16
2026/09/20 11:46:56.975, 0, P1, 2542 MHz, 13801 MHz, 64.89 W, 600.00 W, 600.00 W, 47, 15660 MiB, 0 %, 5, 16
2026/09/20 11:46:57.225, 0, P1, 2542 MHz, 13801 MHz, 65.01 W, 600.00 W, 600.00 W, 47, 15682 MiB, 1 %, 5, 16
2026/09/20 11:46:57.476, 0, P1, 2542 MHz, 13801 MHz, 65.01 W, 600.00 W, 600.00 W, 47, 15682 MiB, 1 %, 5, 16
2026/09/20 11:46:57.727, 0, P1, 2542 MHz, 13801 MHz, 64.94 W, 600.00 W, 600.00 W, 47, 15714 MiB, 0 %, 5, 16
2026/09/20 11:46:57.978, 0, P1, 2542 MHz, 13801 MHz, 64.94 W, 600.00 W, 600.00 W, 47, 15714 MiB, 0 %, 5, 16
2026/09/20 11:46:58.228, 0, P1, 2542 MHz, 13801 MHz, 65.06 W, 600.00 W, 600.00 W, 47, 15714 MiB, 0 %, 5, 16
2026/09/20 11:46:58.479, 0, P1, 2542 MHz, 13801 MHz, 65.06 W, 600.00 W, 600.00 W, 47, 15736 MiB, 0 %, 5, 16
2026/09/20 11:46:58.730, 0, P1, 2542 MHz, 13801 MHz, 65.06 W, 600.00 W, 600.00 W, 47, 15736 MiB, 0 %, 5, 16
2026/09/20 11:46:58.981, 0, P1, 2542 MHz, 13801 MHz, 65.06 W, 600.00 W, 600.00 W, 47, 15768 MiB, 0 %, 5, 16
2026/09/20 11:46:59.231, 0, P1, 2542 MHz, 13801 MHz, 64.93 W, 600.00 W, 600.00 W, 46, 15768 MiB, 0 %, 5, 16
2026/09/20 11:46:59.482, 0, P1, 2542 MHz, 13801 MHz, 64.93 W, 600.00 W, 600.00 W, 46, 15790 MiB, 0 %, 5, 16
2026/09/20 11:46:59.733, 0, P1, 2542 MHz, 13801 MHz, 65.10 W, 600.00 W, 600.00 W, 46, 15790 MiB, 0 %, 5, 16
2026/09/20 11:46:59.984, 0, P1, 2542 MHz, 13801 MHz, 65.10 W, 600.00 W, 600.00 W, 46, 15822 MiB, 0 %, 5, 16
2026/09/20 11:47:00.235, 0, P1, 2542 MHz, 13801 MHz, 65.26 W, 600.00 W, 600.00 W, 46, 15822 MiB, 0 %, 5, 16
2026/09/20 11:47:00.485, 0, P1, 2542 MHz, 13801 MHz, 65.26 W, 600.00 W, 600.00 W, 46, 15822 MiB, 0 %, 5, 16
2026/09/20 11:47:00.736, 0, P1, 2542 MHz, 13801 MHz, 65.20 W, 600.00 W, 600.00 W, 46, 15844 MiB, 0 %, 5, 16
2026/09/20 11:47:00.987, 0, P1, 2542 MHz, 13801 MHz, 65.20 W, 600.00 W, 600.00 W, 46, 15844 MiB, 0 %, 5, 16
2026/09/20 11:47:01.237, 0, P1, 2542 MHz, 13801 MHz, 65.11 W, 600.00 W, 600.00 W, 46, 15876 MiB, 0 %, 5, 16
2026/09/20 11:47:01.488, 0, P1, 2542 MHz, 13801 MHz, 65.11 W, 600.00 W, 600.00 W, 46, 15876 MiB, 0 %, 5, 16
2026/09/20 11:47:01.739, 0, P1, 2542 MHz, 13801 MHz, 64.93 W, 600.00 W, 600.00 W, 46, 15898 MiB, 1 %, 5, 16
2026/09/20 11:47:01.990, 0, P1, 2542 MHz, 13801 MHz, 64.93 W, 600.00 W, 600.00 W, 46, 15898 MiB, 1 %, 5, 16
2026/09/20 11:47:02.240, 0, P1, 2542 MHz, 13801 MHz, 64.99 W, 600.00 W, 600.00 W, 46, 15930 MiB, 0 %, 5, 16
2026/09/20 11:47:02.491, 0, P1, 2542 MHz, 13801 MHz, 64.99 W, 600.00 W, 600.00 W, 46, 15930 MiB, 0 %, 5, 16
2026/09/20 11:47:02.742, 0, P1, 2542 MHz, 13801 MHz, 65.08 W, 600.00 W, 600.00 W, 46, 15930 MiB, 0 %, 5, 16
2026/09/20 11:47:02.993, 0, P1, 2542 MHz, 13801 MHz, 65.08 W, 600.00 W, 600.00 W, 46, 15952 MiB, 0 %, 5, 16
2026/09/20 11:47:03.243, 0, P1, 2542 MHz, 13801 MHz, 64.91 W, 600.00 W, 600.00 W, 46, 15952 MiB, 0 %, 5, 16
2026/09/20 11:47:03.494, 0, P1, 2542 MHz, 13801 MHz, 64.91 W, 600.00 W, 600.00 W, 46, 15984 MiB, 0 %, 5, 16
2026/09/20 11:47:03.745, 0, P1, 2542 MHz, 13801 MHz, 64.57 W, 600.00 W, 600.00 W, 46, 15984 MiB, 0 %, 5, 16
2026/09/20 11:47:03.996, 0, P1, 2542 MHz, 13801 MHz, 64.57 W, 600.00 W, 600.00 W, 46, 16006 MiB, 0 %, 5, 16
2026/09/20 11:47:04.246, 0, P1, 2542 MHz, 13801 MHz, 64.36 W, 600.00 W, 600.00 W, 45, 16006 MiB, 0 %, 5, 16
2026/09/20 11:47:04.497, 0, P1, 2542 MHz, 13801 MHz, 64.36 W, 600.00 W, 600.00 W, 45, 16038 MiB, 0 %, 5, 16
2026/09/20 11:47:04.748, 0, P1, 2542 MHz, 13801 MHz, 64.28 W, 600.00 W, 600.00 W, 45, 16038 MiB, 0 %, 5, 16
2026/09/20 11:47:04.999, 0, P1, 2542 MHz, 13801 MHz, 64.28 W, 600.00 W, 600.00 W, 45, 16038 MiB, 0 %, 5, 16
2026/09/20 11:47:05.249, 0, P1, 2542 MHz, 13801 MHz, 64.29 W, 600.00 W, 600.00 W, 45, 16060 MiB, 0 %, 5, 16
2026/09/20 11:47:05.500, 0, P1, 2542 MHz, 13801 MHz, 64.29 W, 600.00 W, 600.00 W, 45, 16060 MiB, 0 %, 5, 16
2026/09/20 11:47:05.751, 0, P1, 2542 MHz, 13801 MHz, 64.66 W, 600.00 W, 600.00 W, 45, 16092 MiB, 0 %, 5, 16
2026/09/20 11:47:06.002, 0, P1, 2542 MHz, 13801 MHz, 64.66 W, 600.00 W, 600.00 W, 45, 16092 MiB, 0 %, 5, 16
2026/09/20 11:47:06.252, 0, P1, 2542 MHz, 13801 MHz, 65.01 W, 600.00 W, 600.00 W, 45, 16114 MiB, 1 %, 5, 16
2026/09/20 11:47:06.503, 0, P1, 2542 MHz, 13801 MHz, 65.01 W, 600.00 W, 600.00 W, 45, 16114 MiB, 1 %, 5, 16
2026/09/20 11:47:06.754, 0, P1, 2542 MHz, 13801 MHz, 65.24 W, 600.00 W, 600.00 W, 45, 16146 MiB, 0 %, 5, 16
2026/09/20 11:47:07.005, 0, P1, 2542 MHz, 13801 MHz, 65.24 W, 600.00 W, 600.00 W, 45, 16146 MiB, 0 %, 5, 16
2026/09/20 11:47:07.255, 0, P1, 2542 MHz, 13801 MHz, 65.64 W, 600.00 W, 600.00 W, 45, 16146 MiB, 0 %, 5, 16
2026/09/20 11:47:07.506, 0, P1, 2542 MHz, 13801 MHz, 65.64 W, 600.00 W, 600.00 W, 45, 16168 MiB, 0 %, 5, 16
2026/09/20 11:47:07.757, 0, P1, 2542 MHz, 13801 MHz, 65.41 W, 600.00 W, 600.00 W, 45, 16168 MiB, 0 %, 5, 16
2026/09/20 11:47:08.008, 0, P1, 2542 MHz, 13801 MHz, 65.41 W, 600.00 W, 600.00 W, 45, 16200 MiB, 0 %, 5, 16
2026/09/20 11:47:08.258, 0, P1, 2542 MHz, 13801 MHz, 65.18 W, 600.00 W, 600.00 W, 45, 16200 MiB, 1 %, 5, 16
2026/09/20 11:47:08.509, 0, P1, 2542 MHz, 13801 MHz, 65.18 W, 600.00 W, 600.00 W, 45, 16222 MiB, 1 %, 5, 16
2026/09/20 11:47:08.760, 0, P1, 2542 MHz, 13801 MHz, 65.39 W, 600.00 W, 600.00 W, 45, 16222 MiB, 0 %, 5, 16
2026/09/20 11:47:09.011, 0, P1, 2542 MHz, 13801 MHz, 65.39 W, 600.00 W, 600.00 W, 45, 16254 MiB, 0 %, 5, 16
2026/09/20 11:47:09.261, 0, P1, 2542 MHz, 13801 MHz, 65.33 W, 600.00 W, 600.00 W, 45, 16254 MiB, 0 %, 5, 16
2026/09/20 11:47:09.512, 0, P1, 2542 MHz, 13801 MHz, 65.33 W, 600.00 W, 600.00 W, 45, 16254 MiB, 0 %, 5, 16
2026/09/20 11:47:09.763, 0, P1, 2542 MHz, 13801 MHz, 65.44 W, 600.00 W, 600.00 W, 45, 16276 MiB, 0 %, 5, 16
2026/09/20 11:47:10.014, 0, P1, 2542 MHz, 13801 MHz, 65.44 W, 600.00 W, 600.00 W, 45, 16276 MiB, 0 %, 5, 16
2026/09/20 11:47:10.264, 0, P1, 2542 MHz, 13801 MHz, 65.88 W, 600.00 W, 600.00 W, 44, 16308 MiB, 0 %, 5, 16
2026/09/20 11:47:10.515, 0, P1, 2542 MHz, 13801 MHz, 65.88 W, 600.00 W, 600.00 W, 44, 16308 MiB, 0 %, 5, 16
2026/09/20 11:47:10.766, 0, P1, 2542 MHz, 13801 MHz, 66.09 W, 600.00 W, 600.00 W, 44, 16330 MiB, 1 %, 5, 16
2026/09/20 11:47:11.017, 0, P1, 2542 MHz, 13801 MHz, 66.09 W, 600.00 W, 600.00 W, 44, 16330 MiB, 1 %, 5, 16
2026/09/20 11:47:11.267, 0, P1, 2542 MHz, 13801 MHz, 66.13 W, 600.00 W, 600.00 W, 44, 16362 MiB, 0 %, 5, 16
2026/09/20 11:47:11.518, 0, P1, 2542 MHz, 13801 MHz, 65.96 W, 600.00 W, 600.00 W, 44, 16362 MiB, 0 %, 5, 16
2026/09/20 11:47:11.769, 0, P1, 2542 MHz, 13801 MHz, 65.96 W, 600.00 W, 600.00 W, 44, 16384 MiB, 0 %, 5, 16
2026/09/20 11:47:12.020, 0, P1, 2542 MHz, 13801 MHz, 65.18 W, 600.00 W, 600.00 W, 44, 16382 MiB, 0 %, 5, 16
2026/09/20 11:47:12.270, 0, P1, 2542 MHz, 13801 MHz, 65.18 W, 600.00 W, 600.00 W, 44, 16382 MiB, 0 %, 5, 16
2026/09/20 11:47:12.521, 0, P1, 2542 MHz, 13801 MHz, 64.84 W, 600.00 W, 600.00 W, 44, 16382 MiB, 2 %, 5, 16
2026/09/20 11:47:12.772, 0, P1, 2542 MHz, 13801 MHz, 64.84 W, 600.00 W, 600.00 W, 44, 16382 MiB, 2 %, 5, 16
2026/09/20 11:47:13.023, 0, P1, 2542 MHz, 13801 MHz, 84.26 W, 600.00 W, 600.00 W, 51, 16382 MiB, 54 %, 5, 16
2026/09/20 11:47:13.274, 0, P1, 2542 MHz, 13801 MHz, 84.26 W, 600.00 W, 600.00 W, 51, 16382 MiB, 54 %, 5, 16
2026/09/20 11:47:13.525, 0, P1, 2910 MHz, 13801 MHz, 257.04 W, 600.00 W, 600.00 W, 54, 16382 MiB, 94 %, 5, 16
2026/09/20 11:47:13.776, 0, P1, 2910 MHz, 13801 MHz, 257.04 W, 600.00 W, 600.00 W, 54, 16382 MiB, 94 %, 5, 16
2026/09/20 11:47:14.050, 0, P1, 2902 MHz, 13801 MHz, 441.45 W, 600.00 W, 600.00 W, 54, 16382 MiB, 94 %, 5, 16
2026/09/20 11:47:14.301, 0, P1, 2902 MHz, 13801 MHz, 441.45 W, 600.00 W, 600.00 W, 54, 16382 MiB, 94 %, 5, 16
2026/09/20 11:47:14.552, 0, P1, 2902 MHz, 13801 MHz, 440.80 W, 600.00 W, 600.00 W, 55, 16382 MiB, 94 %, 5, 16
2026/09/20 11:47:14.803, 0, P1, 2902 MHz, 13801 MHz, 440.80 W, 600.00 W, 600.00 W, 55, 16382 MiB, 94 %, 5, 16
2026/09/20 11:47:15.054, 0, P1, 2925 MHz, 13801 MHz, 347.31 W, 600.00 W, 600.00 W, 47, 16382 MiB, 3 %, 5, 16
2026/09/20 11:47:15.305, 0, P1, 2925 MHz, 13801 MHz, 347.31 W, 600.00 W, 600.00 W, 47, 16382 MiB, 3 %, 5, 16
2026/09/20 11:47:15.555, 0, P1, 2932 MHz, 13801 MHz, 186.58 W, 600.00 W, 600.00 W, 46, 15750 MiB, 3 %, 5, 16
2026/09/20 11:47:15.806, 0, P1, 2932 MHz, 13801 MHz, 186.58 W, 600.00 W, 600.00 W, 46, 15328 MiB, 3 %, 5, 16
2026/09/20 11:47:16.057, 0, P1, 2925 MHz, 13801 MHz, 92.36 W, 600.00 W, 600.00 W, 46, 15328 MiB, 0 %, 5, 16
2026/09/20 11:47:16.308, 0, P1, 2925 MHz, 13801 MHz, 92.36 W, 600.00 W, 600.00 W, 46, 15328 MiB, 0 %, 5, 16
2026/09/20 11:47:16.558, 0, P1, 2925 MHz, 13801 MHz, 89.75 W, 600.00 W, 600.00 W, 45, 2 MiB, 0 %, 5, 16
2026/09/20 11:47:16.846, 0, P1, 2925 MHz, 13801 MHz, 89.75 W, 600.00 W, 600.00 W, 45, 2 MiB, 0 %, 5, 16
2026/09/20 11:47:17.096, 0, P0, 2542 MHz, 14001 MHz, 79.76 W, 600.00 W, 600.00 W, 44, 2 MiB, 0 %, 5, 16
2026/09/20 11:47:17.347, 0, P0, 2542 MHz, 14001 MHz, 79.76 W, 600.00 W, 600.00 W, 44, 2 MiB, 0 %, 5, 16
2026/09/20 11:47:17.598, 0, P0, 2542 MHz, 14001 MHz, 67.15 W, 600.00 W, 600.00 W, 44, 2 MiB, 0 %, 5, 16
2026/09/20 11:47:17.848, 0, P0, 2542 MHz, 14001 MHz, 67.15 W, 600.00 W, 600.00 W, 44, 2 MiB, 0 %, 5, 16
2026/09/20 11:47:18.099, 0, P0, 2542 MHz, 14001 MHz, 66.18 W, 600.00 W, 600.00 W, 44, 2 MiB, 0 %, 5, 16
2026/09/20 11:47:18.349, 0, P0, 2542 MHz, 14001 MHz, 66.18 W, 600.00 W, 600.00 W, 44, 2 MiB, 0 %, 5, 16
2026/09/20 11:47:18.600, 0, P3, 2542 MHz, 14001 MHz, 66.18 W, 600.00 W, 600.00 W, 43, 2 MiB, 0 %, 5, 16
2026/09/20 11:47:18.851, 0, P3, 2542 MHz, 14001 MHz, 66.18 W, 600.00 W, 600.00 W, 43, 2 MiB, 0 %, 5, 16
2026/09/20 11:47:19.101, 0, P3, 772 MHz, 7001 MHz, 56.79 W, 600.00 W, 600.00 W, 43, 2 MiB, 0 %, 5, 16
2026/09/20 11:47:19.352, 0, P3, 772 MHz, 7001 MHz, 56.79 W, 600.00 W, 600.00 W, 43, 2 MiB, 0 %, 5, 16
2026/09/20 11:47:19.603, 0, P3, 772 MHz, 7001 MHz, 56.79 W, 600.00 W, 600.00 W, 43, 2 MiB, 0 %, 5, 16
2026/09/20 11:47:19.853, 0, P3, 772 MHz, 7001 MHz, 56.79 W, 600.00 W, 600.00 W, 43, 2 MiB, 0 %, 5, 16
2026/09/20 11:47:20.104, 0, P5, 487 MHz, 7001 MHz, 45.75 W, 600.00 W, 600.00 W, 43, 2 MiB, 0 %, 2, 16
2026/09/20 11:47:20.355, 0, P5, 487 MHz, 7001 MHz, 45.75 W, 600.00 W, 600.00 W, 43, 2 MiB, 0 %, 2, 16
2026/09/20 11:47:20.606, 0, P5, 487 MHz, 7001 MHz, 45.75 W, 600.00 W, 600.00 W, 42, 2 MiB, 0 %, 2, 16
2026/09/20 11:47:20.857, 0, P5, 487 MHz, 7001 MHz, 45.75 W, 600.00 W, 600.00 W, 42, 2 MiB, 0 %, 2, 16
2026/09/20 11:47:21.108, 0, P5, 292 MHz, 810 MHz, 25.17 W, 600.00 W, 600.00 W, 42, 2 MiB, 0 %, 2, 16
2026/09/20 11:47:21.359, 0, P5, 292 MHz, 810 MHz, 25.17 W, 600.00 W, 600.00 W, 42, 2 MiB, 0 %, 2, 16
2026/09/20 11:47:21.610, 0, P5, 292 MHz, 810 MHz, 25.17 W, 600.00 W, 600.00 W, 42, 2 MiB, 0 %, 2, 16
2026/09/20 11:47:21.861, 0, P5, 292 MHz, 810 MHz, 25.17 W, 600.00 W, 600.00 W, 42, 2 MiB, 0 %, 2, 16
2026/09/20 11:47:22.112, 0, P8, 195 MHz, 810 MHz, 21.31 W, 600.00 W, 600.00 W, 42, 2 MiB, 0 %, 1, 16
2026/09/20 11:47:22.363, 0, P8, 195 MHz, 810 MHz, 21.31 W, 600.00 W, 600.00 W, 42, 2 MiB, 0 %, 1, 16
2026/09/20 11:47:22.614, 0, P8, 195 MHz, 810 MHz, 21.31 W, 600.00 W, 600.00 W, 42, 2 MiB, 0 %, 1, 16
2026/09/20 11:47:22.865, 0, P8, 195 MHz, 810 MHz, 21.31 W, 600.00 W, 600.00 W, 42, 2 MiB, 0 %, 1, 16
2026/09/20 11:47:23.116, 0, P8, 195 MHz, 405 MHz, 14.18 W, 600.00 W, 600.00 W, 42, 2 MiB, 0 %, 1, 16
2026/09/20 11:47:23.367, 0, P8, 195 MHz, 405 MHz, 14.18 W, 600.00 W, 600.00 W, 42, 2 MiB, 0 %, 1, 16
2026/09/20 11:47:23.618, 0, P8, 195 MHz, 405 MHz, 14.18 W, 600.00 W, 600.00 W, 41, 2 MiB, 0 %, 1, 16
2026/09/20 11:47:23.870, 0, P8, 195 MHz, 405 MHz, 14.18 W, 600.00 W, 600.00 W, 41, 2 MiB, 0 %, 1, 16
2026/09/20 11:47:24.121, 0, P8, 195 MHz, 405 MHz, 14.18 W, 600.00 W, 600.00 W, 41, 2 MiB, 0 %, 1, 16
2026/09/20 11:47:24.372, 0, P8, 195 MHz, 405 MHz, 14.18 W, 600.00 W, 600.00 W, 41, 2 MiB, 0 %, 1, 16
2026/09/20 11:47:24.623, 0, P8, 195 MHz, 405 MHz, 14.18 W, 600.00 W, 600.00 W, 41, 2 MiB, 0 %, 1, 16
2026/09/20 11:47:24.874, 0, P8, 195 MHz, 405 MHz, 14.18 W, 600.00 W, 600.00 W, 41, 2 MiB, 0 %, 1, 16
2026/09/20 11:47:25.125, 0, P8, 195 MHz, 405 MHz, 14.66 W, 600.00 W, 600.00 W, 41, 2 MiB, 0 %, 1, 16
2026/09/20 11:47:25.376, 0, P8, 195 MHz, 405 MHz, 14.66 W, 600.00 W, 600.00 W, 41, 2 MiB, 0 %, 1, 16
2026/09/20 11:47:25.627, 0, P8, 195 MHz, 405 MHz, 14.66 W, 600.00 W, 600.00 W, 41, 2 MiB, 0 %, 1, 16
2026/09/20 11:47:25.878, 0, P8, 195 MHz, 405 MHz, 14.66 W, 600.00 W, 600.00 W, 41, 2 MiB, 0 %, 1, 16
2026/09/20 11:47:26.129, 0, P8, 195 MHz, 405 MHz, 14.49 W, 600.00 W, 600.00 W, 41, 2 MiB, 0 %, 1, 16
2026/09/20 11:47:26.380, 0, P8, 195 MHz, 405 MHz, 14.49 W, 600.00 W, 600.00 W, 41, 2 MiB, 0 %, 1, 16
2026/09/20 11:47:26.665, 0, P0, 195 MHz, 14001 MHz, 14.50 W, 600.00 W, 600.00 W, 41, 544 MiB, 0 %, 5, 16
2026/09/20 11:47:26.916, 0, P0, 195 MHz, 14001 MHz, 14.50 W, 600.00 W, 600.00 W, 41, 544 MiB, 0 %, 5, 16
2026/09/20 11:47:27.166, 0, P1, 2557 MHz, 13801 MHz, 31.77 W, 600.00 W, 600.00 W, 42, 1408 MiB, 0 %, 5, 16
2026/09/20 11:47:27.417, 0, P1, 2557 MHz, 13801 MHz, 31.77 W, 600.00 W, 600.00 W, 42, 1856 MiB, 0 %, 5, 16
2026/09/20 11:47:27.668, 0, P1, 2550 MHz, 13801 MHz, 40.41 W, 600.00 W, 600.00 W, 42, 2336 MiB, 4 %, 5, 16
2026/09/20 11:47:27.919, 0, P1, 2550 MHz, 13801 MHz, 40.41 W, 600.00 W, 600.00 W, 42, 2784 MiB, 4 %, 5, 16
2026/09/20 11:47:28.169, 0, P1, 2550 MHz, 13801 MHz, 64.37 W, 600.00 W, 600.00 W, 42, 3296 MiB, 4 %, 5, 16
2026/09/20 11:47:28.420, 0, P1, 2550 MHz, 13801 MHz, 64.37 W, 600.00 W, 600.00 W, 42, 3744 MiB, 4 %, 5, 16
2026/09/20 11:47:28.671, 0, P1, 2550 MHz, 13801 MHz, 64.42 W, 600.00 W, 600.00 W, 42, 4288 MiB, 4 %, 5, 16
2026/09/20 11:47:28.921, 0, P1, 2550 MHz, 13801 MHz, 64.42 W, 600.00 W, 600.00 W, 42, 4768 MiB, 4 %, 5, 16
2026/09/20 11:47:29.172, 0, P1, 2550 MHz, 13801 MHz, 64.60 W, 600.00 W, 600.00 W, 42, 5280 MiB, 5 %, 5, 16
2026/09/20 11:47:29.423, 0, P1, 2550 MHz, 13801 MHz, 64.60 W, 600.00 W, 600.00 W, 42, 5760 MiB, 5 %, 5, 16
2026/09/20 11:47:29.674, 0, P1, 2557 MHz, 13801 MHz, 64.69 W, 600.00 W, 600.00 W, 42, 6240 MiB, 4 %, 5, 16
2026/09/20 11:47:29.924, 0, P1, 2557 MHz, 13801 MHz, 64.69 W, 600.00 W, 600.00 W, 42, 6784 MiB, 4 %, 5, 16
2026/09/20 11:47:30.175, 0, P1, 2557 MHz, 13801 MHz, 64.66 W, 600.00 W, 600.00 W, 42, 7232 MiB, 4 %, 5, 16
2026/09/20 11:47:30.426, 0, P1, 2557 MHz, 13801 MHz, 64.66 W, 600.00 W, 600.00 W, 42, 7744 MiB, 4 %, 5, 16
2026/09/20 11:47:30.676, 0, P1, 2557 MHz, 13801 MHz, 64.62 W, 600.00 W, 600.00 W, 42, 8256 MiB, 4 %, 5, 16
2026/09/20 11:47:30.927, 0, P1, 2557 MHz, 13801 MHz, 64.62 W, 600.00 W, 600.00 W, 42, 8704 MiB, 4 %, 5, 16
2026/09/20 11:47:31.178, 0, P1, 2550 MHz, 13801 MHz, 64.90 W, 600.00 W, 600.00 W, 42, 9280 MiB, 4 %, 5, 16
2026/09/20 11:47:31.429, 0, P1, 2550 MHz, 13801 MHz, 64.90 W, 600.00 W, 600.00 W, 42, 9728 MiB, 4 %, 5, 16
2026/09/20 11:47:31.679, 0, P1, 2550 MHz, 13801 MHz, 65.20 W, 600.00 W, 600.00 W, 42, 10240 MiB, 4 %, 5, 16
2026/09/20 11:47:31.930, 0, P1, 2550 MHz, 13801 MHz, 65.20 W, 600.00 W, 600.00 W, 42, 10752 MiB, 4 %, 5, 16
2026/09/20 11:47:32.181, 0, P1, 2550 MHz, 13801 MHz, 65.13 W, 600.00 W, 600.00 W, 42, 11264 MiB, 4 %, 5, 16
2026/09/20 11:47:32.432, 0, P1, 2550 MHz, 13801 MHz, 65.13 W, 600.00 W, 600.00 W, 42, 11776 MiB, 4 %, 5, 16
2026/09/20 11:47:32.682, 0, P1, 2550 MHz, 13801 MHz, 65.48 W, 600.00 W, 600.00 W, 41, 12224 MiB, 4 %, 5, 16
2026/09/20 11:47:32.933, 0, P1, 2550 MHz, 13801 MHz, 65.48 W, 600.00 W, 600.00 W, 41, 12736 MiB, 4 %, 5, 16
2026/09/20 11:47:33.184, 0, P1, 2557 MHz, 13801 MHz, 65.73 W, 600.00 W, 600.00 W, 41, 13248 MiB, 4 %, 5, 16
2026/09/20 11:47:33.435, 0, P1, 2557 MHz, 13801 MHz, 65.73 W, 600.00 W, 600.00 W, 41, 13760 MiB, 4 %, 5, 16
2026/09/20 11:47:33.685, 0, P1, 2557 MHz, 13801 MHz, 65.84 W, 600.00 W, 600.00 W, 41, 14208 MiB, 4 %, 5, 16
2026/09/20 11:47:33.936, 0, P1, 2557 MHz, 13801 MHz, 65.84 W, 600.00 W, 600.00 W, 41, 15808 MiB, 4 %, 5, 16
2026/09/20 11:47:34.187, 0, P1, 2580 MHz, 13801 MHz, 104.07 W, 600.00 W, 600.00 W, 49, 15808 MiB, 99 %, 5, 16
2026/09/20 11:47:34.438, 0, P1, 2580 MHz, 13801 MHz, 104.07 W, 600.00 W, 600.00 W, 49, 15808 MiB, 99 %, 5, 16
2026/09/20 11:47:34.689, 0, P1, 2925 MHz, 13801 MHz, 271.50 W, 600.00 W, 600.00 W, 51, 15808 MiB, 99 %, 5, 16
2026/09/20 11:47:34.940, 0, P1, 2925 MHz, 13801 MHz, 271.50 W, 600.00 W, 600.00 W, 51, 15808 MiB, 99 %, 5, 16
2026/09/20 11:47:35.191, 0, P1, 2917 MHz, 13801 MHz, 430.33 W, 600.00 W, 600.00 W, 51, 15808 MiB, 99 %, 5, 16
2026/09/20 11:47:35.442, 0, P1, 2917 MHz, 13801 MHz, 430.33 W, 600.00 W, 600.00 W, 51, 15808 MiB, 99 %, 5, 16
2026/09/20 11:47:35.693, 0, P1, 2925 MHz, 13801 MHz, 436.52 W, 600.00 W, 600.00 W, 52, 15808 MiB, 99 %, 5, 16
2026/09/20 11:47:35.945, 0, P1, 2925 MHz, 13801 MHz, 436.52 W, 600.00 W, 600.00 W, 52, 15808 MiB, 99 %, 5, 16
2026/09/20 11:47:36.196, 0, P1, 2932 MHz, 13801 MHz, 452.50 W, 600.00 W, 600.00 W, 53, 15808 MiB, 99 %, 5, 16
2026/09/20 11:47:36.447, 0, P1, 2932 MHz, 13801 MHz, 452.50 W, 600.00 W, 600.00 W, 53, 15808 MiB, 99 %, 5, 16
2026/09/20 11:47:36.698, 0, P1, 2932 MHz, 13801 MHz, 455.60 W, 600.00 W, 600.00 W, 53, 15808 MiB, 99 %, 5, 16
2026/09/20 11:47:36.949, 0, P1, 2932 MHz, 13801 MHz, 455.60 W, 600.00 W, 600.00 W, 53, 15808 MiB, 99 %, 5, 16
2026/09/20 11:47:37.200, 0, P1, 2932 MHz, 13801 MHz, 455.49 W, 600.00 W, 600.00 W, 53, 15808 MiB, 99 %, 5, 16
2026/09/20 11:47:37.451, 0, P1, 2932 MHz, 13801 MHz, 455.49 W, 600.00 W, 600.00 W, 53, 15808 MiB, 99 %, 5, 16
2026/09/20 11:47:37.702, 0, P1, 2925 MHz, 13801 MHz, 458.52 W, 600.00 W, 600.00 W, 53, 15808 MiB, 99 %, 5, 16
2026/09/20 11:47:37.953, 0, P1, 2925 MHz, 13801 MHz, 458.52 W, 600.00 W, 600.00 W, 53, 15808 MiB, 99 %, 5, 16
2026/09/20 11:47:38.204, 0, P1, 2917 MHz, 13801 MHz, 459.06 W, 600.00 W, 600.00 W, 53, 15808 MiB, 99 %, 5, 16
2026/09/20 11:47:38.455, 0, P1, 2917 MHz, 13801 MHz, 459.06 W, 600.00 W, 600.00 W, 53, 15808 MiB, 99 %, 5, 16
2026/09/20 11:47:38.706, 0, P1, 2917 MHz, 13801 MHz, 459.58 W, 600.00 W, 600.00 W, 53, 15808 MiB, 99 %, 5, 16
2026/09/20 11:47:38.957, 0, P1, 2917 MHz, 13801 MHz, 459.58 W, 600.00 W, 600.00 W, 53, 15808 MiB, 99 %, 5, 16
2026/09/20 11:47:39.208, 0, P1, 2917 MHz, 13801 MHz, 459.86 W, 600.00 W, 600.00 W, 54, 15808 MiB, 99 %, 5, 16
2026/09/20 11:47:39.459, 0, P1, 2917 MHz, 13801 MHz, 459.86 W, 600.00 W, 600.00 W, 54, 15808 MiB, 99 %, 5, 16
2026/09/20 11:47:39.710, 0, P1, 2917 MHz, 13801 MHz, 460.09 W, 600.00 W, 600.00 W, 54, 15808 MiB, 99 %, 5, 16
2026/09/20 11:47:39.961, 0, P1, 2917 MHz, 13801 MHz, 460.09 W, 600.00 W, 600.00 W, 54, 15808 MiB, 99 %, 5, 16
2026/09/20 11:47:40.212, 0, P1, 2917 MHz, 13801 MHz, 454.67 W, 600.00 W, 600.00 W, 54, 15808 MiB, 83 %, 5, 16
2026/09/20 11:47:40.463, 0, P1, 2917 MHz, 13801 MHz, 454.67 W, 600.00 W, 600.00 W, 54, 15808 MiB, 83 %, 5, 16
2026/09/20 11:47:40.714, 0, P1, 2917 MHz, 13801 MHz, 455.15 W, 600.00 W, 600.00 W, 54, 15808 MiB, 99 %, 5, 16
2026/09/20 11:47:40.965, 0, P1, 2917 MHz, 13801 MHz, 455.15 W, 600.00 W, 600.00 W, 54, 15808 MiB, 99 %, 5, 16
2026/09/20 11:47:41.217, 0, P1, 2917 MHz, 13801 MHz, 455.55 W, 600.00 W, 600.00 W, 54, 15808 MiB, 99 %, 5, 16
2026/09/20 11:47:41.468, 0, P1, 2917 MHz, 13801 MHz, 455.55 W, 600.00 W, 600.00 W, 54, 15808 MiB, 99 %, 5, 16
2026/09/20 11:47:41.719, 0, P1, 2917 MHz, 13801 MHz, 461.82 W, 600.00 W, 600.00 W, 54, 15808 MiB, 99 %, 5, 16
2026/09/20 11:47:41.970, 0, P1, 2917 MHz, 13801 MHz, 461.82 W, 600.00 W, 600.00 W, 54, 15808 MiB, 99 %, 5, 16
2026/09/20 11:47:42.221, 0, P1, 2917 MHz, 13801 MHz, 462.42 W, 600.00 W, 600.00 W, 54, 15808 MiB, 99 %, 5, 16
2026/09/20 11:47:42.472, 0, P1, 2917 MHz, 13801 MHz, 462.42 W, 600.00 W, 600.00 W, 54, 15808 MiB, 99 %, 5, 16
2026/09/20 11:47:42.723, 0, P1, 2917 MHz, 13801 MHz, 462.82 W, 600.00 W, 600.00 W, 54, 15808 MiB, 99 %, 5, 16
2026/09/20 11:47:42.974, 0, P1, 2917 MHz, 13801 MHz, 462.82 W, 600.00 W, 600.00 W, 54, 15808 MiB, 99 %, 5, 16
2026/09/20 11:47:43.225, 0, P1, 2917 MHz, 13801 MHz, 455.48 W, 600.00 W, 600.00 W, 54, 15808 MiB, 80 %, 5, 16
2026/09/20 11:47:43.476, 0, P1, 2917 MHz, 13801 MHz, 455.48 W, 600.00 W, 600.00 W, 54, 15808 MiB, 80 %, 5, 16
2026/09/20 11:47:43.727, 0, P1, 2917 MHz, 13801 MHz, 454.77 W, 600.00 W, 600.00 W, 55, 15808 MiB, 99 %, 5, 16
2026/09/20 11:47:43.979, 0, P1, 2917 MHz, 13801 MHz, 454.77 W, 600.00 W, 600.00 W, 55, 15808 MiB, 99 %, 5, 16
2026/09/20 11:47:44.230, 0, P1, 2917 MHz, 13801 MHz, 461.79 W, 600.00 W, 600.00 W, 55, 15808 MiB, 99 %, 5, 16
2026/09/20 11:47:44.481, 0, P1, 2917 MHz, 13801 MHz, 461.79 W, 600.00 W, 600.00 W, 55, 15808 MiB, 99 %, 5, 16
2026/09/20 11:47:44.732, 0, P1, 2917 MHz, 13801 MHz, 462.80 W, 600.00 W, 600.00 W, 55, 15808 MiB, 99 %, 5, 16
2026/09/20 11:47:44.983, 0, P1, 2917 MHz, 13801 MHz, 462.80 W, 600.00 W, 600.00 W, 55, 15808 MiB, 99 %, 5, 16
2026/09/20 11:47:45.234, 0, P1, 2917 MHz, 13801 MHz, 463.44 W, 600.00 W, 600.00 W, 55, 15808 MiB, 99 %, 5, 16
2026/09/20 11:47:45.485, 0, P1, 2917 MHz, 13801 MHz, 463.44 W, 600.00 W, 600.00 W, 55, 15808 MiB, 99 %, 5, 16
2026/09/20 11:47:45.736, 0, P1, 2917 MHz, 13801 MHz, 463.73 W, 600.00 W, 600.00 W, 55, 15808 MiB, 99 %, 5, 16
2026/09/20 11:47:45.987, 0, P1, 2917 MHz, 13801 MHz, 463.73 W, 600.00 W, 600.00 W, 55, 15808 MiB, 99 %, 5, 16
2026/09/20 11:47:46.238, 0, P1, 2917 MHz, 13801 MHz, 460.34 W, 600.00 W, 600.00 W, 55, 15808 MiB, 99 %, 5, 16
2026/09/20 11:47:46.489, 0, P1, 2917 MHz, 13801 MHz, 460.34 W, 600.00 W, 600.00 W, 55, 15808 MiB, 99 %, 5, 16
2026/09/20 11:47:46.740, 0, P1, 2917 MHz, 13801 MHz, 460.27 W, 600.00 W, 600.00 W, 55, 15808 MiB, 99 %, 5, 16
2026/09/20 11:47:46.991, 0, P1, 2917 MHz, 13801 MHz, 460.27 W, 600.00 W, 600.00 W, 55, 15808 MiB, 99 %, 5, 16
2026/09/20 11:47:47.242, 0, P1, 2917 MHz, 13801 MHz, 464.84 W, 600.00 W, 600.00 W, 55, 15808 MiB, 99 %, 5, 16
2026/09/20 11:47:47.493, 0, P1, 2917 MHz, 13801 MHz, 464.84 W, 600.00 W, 600.00 W, 55, 15808 MiB, 99 %, 5, 16
2026/09/20 11:47:47.744, 0, P1, 2917 MHz, 13801 MHz, 462.91 W, 600.00 W, 600.00 W, 56, 15808 MiB, 99 %, 5, 16
2026/09/20 11:47:47.995, 0, P1, 2917 MHz, 13801 MHz, 462.91 W, 600.00 W, 600.00 W, 56, 15808 MiB, 99 %, 5, 16
2026/09/20 11:47:48.246, 0, P1, 2917 MHz, 13801 MHz, 462.52 W, 600.00 W, 600.00 W, 56, 15808 MiB, 99 %, 5, 16
2026/09/20 11:47:48.497, 0, P1, 2917 MHz, 13801 MHz, 462.52 W, 600.00 W, 600.00 W, 56, 15808 MiB, 99 %, 5, 16
2026/09/20 11:47:48.748, 0, P1, 2917 MHz, 13801 MHz, 465.02 W, 600.00 W, 600.00 W, 56, 15808 MiB, 99 %, 5, 16
2026/09/20 11:47:48.999, 0, P1, 2917 MHz, 13801 MHz, 465.02 W, 600.00 W, 600.00 W, 56, 15808 MiB, 99 %, 5, 16
2026/09/20 11:47:49.250, 0, P1, 2917 MHz, 13801 MHz, 457.86 W, 600.00 W, 600.00 W, 56, 15808 MiB, 99 %, 5, 16
2026/09/20 11:47:49.501, 0, P1, 2917 MHz, 13801 MHz, 457.86 W, 600.00 W, 600.00 W, 56, 15808 MiB, 99 %, 5, 16
2026/09/20 11:47:49.752, 0, P1, 2917 MHz, 13801 MHz, 457.86 W, 600.00 W, 600.00 W, 56, 15808 MiB, 99 %, 5, 16
2026/09/20 11:47:50.003, 0, P1, 2917 MHz, 13801 MHz, 457.86 W, 600.00 W, 600.00 W, 56, 15808 MiB, 99 %, 5, 16
2026/09/20 11:47:50.254, 0, P1, 2917 MHz, 13801 MHz, 465.16 W, 600.00 W, 600.00 W, 56, 15808 MiB, 99 %, 5, 16
2026/09/20 11:47:50.505, 0, P1, 2917 MHz, 13801 MHz, 465.16 W, 600.00 W, 600.00 W, 56, 15808 MiB, 99 %, 5, 16
2026/09/20 11:47:50.756, 0, P1, 2917 MHz, 13801 MHz, 463.66 W, 600.00 W, 600.00 W, 56, 15808 MiB, 99 %, 5, 16
2026/09/20 11:47:51.007, 0, P1, 2917 MHz, 13801 MHz, 463.66 W, 600.00 W, 600.00 W, 56, 15808 MiB, 99 %, 5, 16
2026/09/20 11:47:51.259, 0, P1, 2917 MHz, 13801 MHz, 454.74 W, 600.00 W, 600.00 W, 56, 15808 MiB, 91 %, 5, 16
2026/09/20 11:47:51.510, 0, P1, 2917 MHz, 13801 MHz, 454.74 W, 600.00 W, 600.00 W, 56, 15808 MiB, 91 %, 5, 16
2026/09/20 11:47:51.761, 0, P1, 2917 MHz, 13801 MHz, 456.58 W, 600.00 W, 600.00 W, 56, 15808 MiB, 99 %, 5, 16
2026/09/20 11:47:52.012, 0, P1, 2917 MHz, 13801 MHz, 456.58 W, 600.00 W, 600.00 W, 56, 15808 MiB, 99 %, 5, 16
2026/09/20 11:47:52.263, 0, P1, 2917 MHz, 13801 MHz, 462.83 W, 600.00 W, 600.00 W, 56, 15808 MiB, 99 %, 5, 16
2026/09/20 11:47:52.514, 0, P1, 2917 MHz, 13801 MHz, 462.83 W, 600.00 W, 600.00 W, 56, 15808 MiB, 99 %, 5, 16
2026/09/20 11:47:52.765, 0, P1, 2917 MHz, 13801 MHz, 466.49 W, 600.00 W, 600.00 W, 56, 15808 MiB, 99 %, 5, 16
2026/09/20 11:47:53.016, 0, P1, 2917 MHz, 13801 MHz, 466.49 W, 600.00 W, 600.00 W, 56, 15808 MiB, 99 %, 5, 16
2026/09/20 11:47:53.267, 0, P1, 2917 MHz, 13801 MHz, 466.42 W, 600.00 W, 600.00 W, 57, 15808 MiB, 99 %, 5, 16
2026/09/20 11:47:53.518, 0, P1, 2917 MHz, 13801 MHz, 466.42 W, 600.00 W, 600.00 W, 57, 15808 MiB, 99 %, 5, 16
2026/09/20 11:47:53.769, 0, P1, 2917 MHz, 13801 MHz, 466.59 W, 600.00 W, 600.00 W, 57, 15808 MiB, 99 %, 5, 16
2026/09/20 11:47:54.020, 0, P1, 2917 MHz, 13801 MHz, 466.59 W, 600.00 W, 600.00 W, 57, 15808 MiB, 99 %, 5, 16
2026/09/20 11:47:54.271, 0, P1, 2917 MHz, 13801 MHz, 462.77 W, 600.00 W, 600.00 W, 57, 15808 MiB, 99 %, 5, 16
2026/09/20 11:47:54.523, 0, P1, 2917 MHz, 13801 MHz, 462.77 W, 600.00 W, 600.00 W, 57, 15808 MiB, 99 %, 5, 16
2026/09/20 11:47:54.774, 0, P1, 2917 MHz, 13801 MHz, 463.41 W, 600.00 W, 600.00 W, 57, 15808 MiB, 99 %, 5, 16
2026/09/20 11:47:55.025, 0, P1, 2917 MHz, 13801 MHz, 467.80 W, 600.00 W, 600.00 W, 57, 15808 MiB, 99 %, 5, 16
2026/09/20 11:47:55.276, 0, P1, 2917 MHz, 13801 MHz, 467.80 W, 600.00 W, 600.00 W, 57, 15808 MiB, 99 %, 5, 16
2026/09/20 11:47:55.527, 0, P1, 2917 MHz, 13801 MHz, 468.39 W, 600.00 W, 600.00 W, 57, 15808 MiB, 99 %, 5, 16
2026/09/20 11:47:55.778, 0, P1, 2917 MHz, 13801 MHz, 468.39 W, 600.00 W, 600.00 W, 57, 15808 MiB, 99 %, 5, 16
2026/09/20 11:47:56.029, 0, P1, 2917 MHz, 13801 MHz, 465.25 W, 600.00 W, 600.00 W, 57, 15808 MiB, 99 %, 5, 16
2026/09/20 11:47:56.280, 0, P1, 2917 MHz, 13801 MHz, 465.25 W, 600.00 W, 600.00 W, 57, 15808 MiB, 99 %, 5, 16
2026/09/20 11:47:56.531, 0, P1, 2917 MHz, 13801 MHz, 465.05 W, 600.00 W, 600.00 W, 57, 15808 MiB, 99 %, 5, 16
2026/09/20 11:47:56.782, 0, P1, 2917 MHz, 13801 MHz, 465.05 W, 600.00 W, 600.00 W, 57, 15808 MiB, 99 %, 5, 16
2026/09/20 11:47:57.033, 0, P1, 2917 MHz, 13801 MHz, 468.11 W, 600.00 W, 600.00 W, 57, 15808 MiB, 99 %, 5, 16
2026/09/20 11:47:57.284, 0, P1, 2917 MHz, 13801 MHz, 468.11 W, 600.00 W, 600.00 W, 57, 15808 MiB, 99 %, 5, 16
2026/09/20 11:47:57.535, 0, P1, 2917 MHz, 13801 MHz, 466.91 W, 600.00 W, 600.00 W, 57, 15808 MiB, 99 %, 5, 16
2026/09/20 11:47:57.786, 0, P1, 2917 MHz, 13801 MHz, 466.91 W, 600.00 W, 600.00 W, 57, 15808 MiB, 99 %, 5, 16
2026/09/20 11:47:58.037, 0, P1, 2917 MHz, 13801 MHz, 465.10 W, 600.00 W, 600.00 W, 57, 15808 MiB, 99 %, 5, 16
2026/09/20 11:47:58.289, 0, P1, 2917 MHz, 13801 MHz, 465.10 W, 600.00 W, 600.00 W, 57, 15808 MiB, 99 %, 5, 16
2026/09/20 11:47:58.540, 0, P1, 2917 MHz, 13801 MHz, 465.27 W, 600.00 W, 600.00 W, 57, 15808 MiB, 99 %, 5, 16
2026/09/20 11:47:58.791, 0, P1, 2917 MHz, 13801 MHz, 465.27 W, 600.00 W, 600.00 W, 57, 15808 MiB, 99 %, 5, 16
2026/09/20 11:47:59.042, 0, P1, 2917 MHz, 13801 MHz, 464.99 W, 600.00 W, 600.00 W, 58, 15808 MiB, 99 %, 5, 16
2026/09/20 11:47:59.293, 0, P1, 2917 MHz, 13801 MHz, 464.99 W, 600.00 W, 600.00 W, 58, 15808 MiB, 99 %, 5, 16
2026/09/20 11:47:59.544, 0, P1, 2917 MHz, 13801 MHz, 464.98 W, 600.00 W, 600.00 W, 58, 15808 MiB, 99 %, 5, 16
2026/09/20 11:47:59.795, 0, P1, 2917 MHz, 13801 MHz, 464.98 W, 600.00 W, 600.00 W, 58, 15808 MiB, 99 %, 5, 16
2026/09/20 11:48:00.046, 0, P1, 2917 MHz, 13801 MHz, 465.73 W, 600.00 W, 600.00 W, 58, 15808 MiB, 99 %, 5, 16
2026/09/20 11:48:00.297, 0, P1, 2917 MHz, 13801 MHz, 465.73 W, 600.00 W, 600.00 W, 58, 15808 MiB, 99 %, 5, 16
2026/09/20 11:48:00.548, 0, P1, 2917 MHz, 13801 MHz, 465.81 W, 600.00 W, 600.00 W, 58, 15808 MiB, 99 %, 5, 16
2026/09/20 11:48:00.799, 0, P1, 2917 MHz, 13801 MHz, 465.81 W, 600.00 W, 600.00 W, 58, 15808 MiB, 99 %, 5, 16
2026/09/20 11:48:01.050, 0, P1, 2917 MHz, 13801 MHz, 465.28 W, 600.00 W, 600.00 W, 58, 15808 MiB, 99 %, 5, 16
2026/09/20 11:48:01.301, 0, P1, 2917 MHz, 13801 MHz, 465.28 W, 600.00 W, 600.00 W, 58, 15808 MiB, 99 %, 5, 16
2026/09/20 11:48:01.552, 0, P1, 2917 MHz, 13801 MHz, 459.41 W, 600.00 W, 600.00 W, 56, 15808 MiB, 99 %, 5, 16
2026/09/20 11:48:01.803, 0, P1, 2917 MHz, 13801 MHz, 459.41 W, 600.00 W, 600.00 W, 56, 15808 MiB, 99 %, 5, 16
2026/09/20 11:48:02.054, 0, P1, 2917 MHz, 13801 MHz, 454.63 W, 600.00 W, 600.00 W, 58, 15808 MiB, 99 %, 5, 16
2026/09/20 11:48:02.305, 0, P1, 2917 MHz, 13801 MHz, 454.63 W, 600.00 W, 600.00 W, 58, 15808 MiB, 99 %, 5, 16
2026/09/20 11:48:02.556, 0, P1, 2917 MHz, 13801 MHz, 461.86 W, 600.00 W, 600.00 W, 58, 15808 MiB, 99 %, 5, 16
2026/09/20 11:48:02.808, 0, P1, 2917 MHz, 13801 MHz, 461.86 W, 600.00 W, 600.00 W, 58, 15808 MiB, 99 %, 5, 16
2026/09/20 11:48:03.059, 0, P1, 2917 MHz, 13801 MHz, 466.98 W, 600.00 W, 600.00 W, 58, 15808 MiB, 99 %, 5, 16
2026/09/20 11:48:03.310, 0, P1, 2917 MHz, 13801 MHz, 466.98 W, 600.00 W, 600.00 W, 58, 15808 MiB, 99 %, 5, 16
2026/09/20 11:48:03.561, 0, P1, 2917 MHz, 13801 MHz, 462.68 W, 600.00 W, 600.00 W, 58, 15808 MiB, 99 %, 5, 16
2026/09/20 11:48:03.812, 0, P1, 2917 MHz, 13801 MHz, 462.68 W, 600.00 W, 600.00 W, 58, 15808 MiB, 99 %, 5, 16
2026/09/20 11:48:04.063, 0, P1, 2917 MHz, 13801 MHz, 460.42 W, 600.00 W, 600.00 W, 58, 15808 MiB, 99 %, 5, 16
2026/09/20 11:48:04.314, 0, P1, 2917 MHz, 13801 MHz, 460.42 W, 600.00 W, 600.00 W, 58, 15808 MiB, 99 %, 5, 16
2026/09/20 11:48:04.565, 0, P1, 2917 MHz, 13801 MHz, 466.17 W, 600.00 W, 600.00 W, 59, 15808 MiB, 99 %, 5, 16
2026/09/20 11:48:04.816, 0, P1, 2917 MHz, 13801 MHz, 466.17 W, 600.00 W, 600.00 W, 59, 15808 MiB, 99 %, 5, 16
2026/09/20 11:48:05.067, 0, P1, 2917 MHz, 13801 MHz, 469.21 W, 600.00 W, 600.00 W, 59, 15808 MiB, 99 %, 5, 16
2026/09/20 11:48:05.318, 0, P1, 2917 MHz, 13801 MHz, 469.21 W, 600.00 W, 600.00 W, 59, 15808 MiB, 99 %, 5, 16
2026/09/20 11:48:05.570, 0, P1, 2917 MHz, 13801 MHz, 469.72 W, 600.00 W, 600.00 W, 59, 15808 MiB, 99 %, 5, 16
2026/09/20 11:48:05.821, 0, P1, 2917 MHz, 13801 MHz, 469.72 W, 600.00 W, 600.00 W, 59, 15808 MiB, 99 %, 5, 16
2026/09/20 11:48:06.072, 0, P1, 2917 MHz, 13801 MHz, 465.04 W, 600.00 W, 600.00 W, 59, 15808 MiB, 99 %, 5, 16
2026/09/20 11:48:06.323, 0, P1, 2917 MHz, 13801 MHz, 465.04 W, 600.00 W, 600.00 W, 59, 15808 MiB, 99 %, 5, 16
2026/09/20 11:48:06.574, 0, P1, 2917 MHz, 13801 MHz, 462.42 W, 600.00 W, 600.00 W, 59, 15808 MiB, 99 %, 5, 16
2026/09/20 11:48:06.825, 0, P1, 2917 MHz, 13801 MHz, 462.42 W, 600.00 W, 600.00 W, 59, 15808 MiB, 99 %, 5, 16
2026/09/20 11:48:07.076, 0, P1, 2917 MHz, 13801 MHz, 466.90 W, 600.00 W, 600.00 W, 59, 15808 MiB, 99 %, 5, 16
2026/09/20 11:48:07.327, 0, P1, 2917 MHz, 13801 MHz, 466.90 W, 600.00 W, 600.00 W, 59, 15808 MiB, 99 %, 5, 16
2026/09/20 11:48:07.578, 0, P1, 2917 MHz, 13801 MHz, 468.94 W, 600.00 W, 600.00 W, 59, 15808 MiB, 99 %, 5, 16
2026/09/20 11:48:07.830, 0, P1, 2917 MHz, 13801 MHz, 468.94 W, 600.00 W, 600.00 W, 59, 15808 MiB, 99 %, 5, 16
2026/09/20 11:48:08.081, 0, P1, 2917 MHz, 13801 MHz, 469.42 W, 600.00 W, 600.00 W, 59, 15808 MiB, 99 %, 5, 16
2026/09/20 11:48:08.332, 0, P1, 2917 MHz, 13801 MHz, 469.42 W, 600.00 W, 600.00 W, 59, 15808 MiB, 99 %, 5, 16
2026/09/20 11:48:08.583, 0, P1, 2917 MHz, 13801 MHz, 467.12 W, 600.00 W, 600.00 W, 59, 15808 MiB, 99 %, 5, 16
2026/09/20 11:48:08.834, 0, P1, 2917 MHz, 13801 MHz, 467.12 W, 600.00 W, 600.00 W, 59, 15808 MiB, 99 %, 5, 16
2026/09/20 11:48:09.085, 0, P1, 2917 MHz, 13801 MHz, 465.37 W, 600.00 W, 600.00 W, 59, 15808 MiB, 99 %, 5, 16
2026/09/20 11:48:09.336, 0, P1, 2917 MHz, 13801 MHz, 465.37 W, 600.00 W, 600.00 W, 59, 15808 MiB, 99 %, 5, 16
2026/09/20 11:48:09.587, 0, P1, 2917 MHz, 13801 MHz, 468.47 W, 600.00 W, 600.00 W, 59, 15808 MiB, 99 %, 5, 16
2026/09/20 11:48:09.839, 0, P1, 2917 MHz, 13801 MHz, 468.47 W, 600.00 W, 600.00 W, 59, 15808 MiB, 99 %, 5, 16
2026/09/20 11:48:10.090, 0, P1, 2917 MHz, 13801 MHz, 470.04 W, 600.00 W, 600.00 W, 59, 15808 MiB, 99 %, 5, 16
2026/09/20 11:48:10.341, 0, P1, 2917 MHz, 13801 MHz, 470.04 W, 600.00 W, 600.00 W, 59, 15808 MiB, 99 %, 5, 16
2026/09/20 11:48:10.592, 0, P1, 2917 MHz, 13801 MHz, 469.81 W, 600.00 W, 600.00 W, 59, 15808 MiB, 99 %, 5, 16
2026/09/20 11:48:10.843, 0, P1, 2917 MHz, 13801 MHz, 469.81 W, 600.00 W, 600.00 W, 59, 15808 MiB, 99 %, 5, 16
2026/09/20 11:48:11.094, 0, P1, 2917 MHz, 13801 MHz, 469.92 W, 600.00 W, 600.00 W, 59, 15808 MiB, 99 %, 5, 16
2026/09/20 11:48:11.345, 0, P1, 2917 MHz, 13801 MHz, 469.92 W, 600.00 W, 600.00 W, 59, 15808 MiB, 99 %, 5, 16
2026/09/20 11:48:11.596, 0, P1, 2917 MHz, 13801 MHz, 464.86 W, 600.00 W, 600.00 W, 59, 15808 MiB, 90 %, 5, 16
2026/09/20 11:48:11.848, 0, P1, 2917 MHz, 13801 MHz, 464.86 W, 600.00 W, 600.00 W, 59, 15808 MiB, 90 %, 5, 16
2026/09/20 11:48:12.099, 0, P1, 2917 MHz, 13801 MHz, 459.28 W, 600.00 W, 600.00 W, 60, 15808 MiB, 99 %, 5, 16
2026/09/20 11:48:12.350, 0, P1, 2917 MHz, 13801 MHz, 459.28 W, 600.00 W, 600.00 W, 60, 15808 MiB, 99 %, 5, 16
2026/09/20 11:48:12.601, 0, P1, 2917 MHz, 13801 MHz, 462.90 W, 600.00 W, 600.00 W, 60, 15808 MiB, 99 %, 5, 16
2026/09/20 11:48:12.852, 0, P1, 2917 MHz, 13801 MHz, 462.90 W, 600.00 W, 600.00 W, 60, 15808 MiB, 99 %, 5, 16
2026/09/20 11:48:13.103, 0, P1, 2917 MHz, 13801 MHz, 469.79 W, 600.00 W, 600.00 W, 60, 15808 MiB, 99 %, 5, 16
2026/09/20 11:48:13.354, 0, P1, 2917 MHz, 13801 MHz, 469.79 W, 600.00 W, 600.00 W, 60, 15808 MiB, 99 %, 5, 16
2026/09/20 11:48:13.605, 0, P1, 2917 MHz, 13801 MHz, 470.52 W, 600.00 W, 600.00 W, 60, 15808 MiB, 99 %, 5, 16
2026/09/20 11:48:13.860, 0, P1, 2917 MHz, 13801 MHz, 470.52 W, 600.00 W, 600.00 W, 60, 15808 MiB, 99 %, 5, 16
2026/09/20 11:48:14.111, 0, P1, 2917 MHz, 13801 MHz, 467.23 W, 600.00 W, 600.00 W, 59, 15808 MiB, 90 %, 5, 16
2026/09/20 11:48:14.362, 0, P1, 2917 MHz, 13801 MHz, 467.23 W, 600.00 W, 600.00 W, 59, 15808 MiB, 90 %, 5, 16
2026/09/20 11:48:14.613, 0, P1, 2917 MHz, 13801 MHz, 464.69 W, 600.00 W, 600.00 W, 60, 15808 MiB, 99 %, 5, 16
2026/09/20 11:48:14.865, 0, P1, 2917 MHz, 13801 MHz, 464.69 W, 600.00 W, 600.00 W, 60, 15808 MiB, 99 %, 5, 16
2026/09/20 11:48:15.116, 0, P1, 2917 MHz, 13801 MHz, 464.49 W, 600.00 W, 600.00 W, 60, 15808 MiB, 99 %, 5, 16
2026/09/20 11:48:15.367, 0, P1, 2917 MHz, 13801 MHz, 464.49 W, 600.00 W, 600.00 W, 60, 15808 MiB, 99 %, 5, 16
2026/09/20 11:48:15.618, 0, P1, 2917 MHz, 13801 MHz, 470.47 W, 600.00 W, 600.00 W, 60, 15808 MiB, 99 %, 5, 16
2026/09/20 11:48:15.869, 0, P1, 2917 MHz, 13801 MHz, 470.47 W, 600.00 W, 600.00 W, 60, 15808 MiB, 99 %, 5, 16
2026/09/20 11:48:16.120, 0, P1, 2917 MHz, 13801 MHz, 471.12 W, 600.00 W, 600.00 W, 60, 15808 MiB, 99 %, 5, 16
2026/09/20 11:48:16.371, 0, P1, 2917 MHz, 13801 MHz, 471.12 W, 600.00 W, 600.00 W, 60, 15808 MiB, 99 %, 5, 16
2026/09/20 11:48:16.622, 0, P1, 2917 MHz, 13801 MHz, 472.33 W, 600.00 W, 600.00 W, 60, 15808 MiB, 99 %, 5, 16
2026/09/20 11:48:16.873, 0, P1, 2917 MHz, 13801 MHz, 472.33 W, 600.00 W, 600.00 W, 60, 15808 MiB, 99 %, 5, 16
2026/09/20 11:48:17.125, 0, P1, 2917 MHz, 13801 MHz, 464.81 W, 600.00 W, 600.00 W, 60, 15808 MiB, 92 %, 5, 16
2026/09/20 11:48:17.376, 0, P1, 2917 MHz, 13801 MHz, 464.81 W, 600.00 W, 600.00 W, 60, 15808 MiB, 92 %, 5, 16
2026/09/20 11:48:17.627, 0, P1, 2917 MHz, 13801 MHz, 459.37 W, 600.00 W, 600.00 W, 60, 15808 MiB, 99 %, 5, 16
2026/09/20 11:48:17.878, 0, P1, 2917 MHz, 13801 MHz, 459.37 W, 600.00 W, 600.00 W, 60, 15808 MiB, 99 %, 5, 16
2026/09/20 11:48:18.129, 0, P1, 2917 MHz, 13801 MHz, 466.11 W, 600.00 W, 600.00 W, 60, 15808 MiB, 99 %, 5, 16
2026/09/20 11:48:18.380, 0, P1, 2917 MHz, 13801 MHz, 466.11 W, 600.00 W, 600.00 W, 60, 15808 MiB, 99 %, 5, 16
2026/09/20 11:48:18.631, 0, P1, 2917 MHz, 13801 MHz, 472.75 W, 600.00 W, 600.00 W, 60, 15808 MiB, 99 %, 5, 16
2026/09/20 11:48:18.882, 0, P1, 2917 MHz, 13801 MHz, 472.75 W, 600.00 W, 600.00 W, 60, 15808 MiB, 99 %, 5, 16
2026/09/20 11:48:19.133, 0, P1, 2917 MHz, 13801 MHz, 473.15 W, 600.00 W, 600.00 W, 60, 15808 MiB, 99 %, 5, 16
2026/09/20 11:48:19.385, 0, P1, 2917 MHz, 13801 MHz, 473.15 W, 600.00 W, 600.00 W, 60, 15808 MiB, 99 %, 5, 16
2026/09/20 11:48:19.636, 0, P1, 2917 MHz, 13801 MHz, 472.85 W, 600.00 W, 600.00 W, 61, 15808 MiB, 99 %, 5, 16
2026/09/20 11:48:19.887, 0, P1, 2917 MHz, 13801 MHz, 472.85 W, 600.00 W, 600.00 W, 61, 15808 MiB, 99 %, 5, 16
2026/09/20 11:48:20.138, 0, P1, 2917 MHz, 13801 MHz, 472.53 W, 600.00 W, 600.00 W, 59, 15808 MiB, 99 %, 5, 16
2026/09/20 11:48:20.389, 0, P1, 2917 MHz, 13801 MHz, 472.53 W, 600.00 W, 600.00 W, 59, 15808 MiB, 99 %, 5, 16
2026/09/20 11:48:20.640, 0, P1, 2917 MHz, 13801 MHz, 467.40 W, 600.00 W, 600.00 W, 61, 15808 MiB, 99 %, 5, 16
2026/09/20 11:48:20.891, 0, P1, 2917 MHz, 13801 MHz, 467.40 W, 600.00 W, 600.00 W, 61, 15808 MiB, 99 %, 5, 16
2026/09/20 11:48:21.142, 0, P1, 2917 MHz, 13801 MHz, 466.92 W, 600.00 W, 600.00 W, 61, 15808 MiB, 99 %, 5, 16
2026/09/20 11:48:21.393, 0, P1, 2917 MHz, 13801 MHz, 466.92 W, 600.00 W, 600.00 W, 61, 15808 MiB, 99 %, 5, 16
2026/09/20 11:48:21.645, 0, P1, 2917 MHz, 13801 MHz, 473.01 W, 600.00 W, 600.00 W, 61, 15808 MiB, 99 %, 5, 16
2026/09/20 11:48:21.896, 0, P1, 2917 MHz, 13801 MHz, 473.01 W, 600.00 W, 600.00 W, 61, 15808 MiB, 99 %, 5, 16
2026/09/20 11:48:22.147, 0, P1, 2917 MHz, 13801 MHz, 473.14 W, 600.00 W, 600.00 W, 61, 15808 MiB, 99 %, 5, 16
2026/09/20 11:48:22.398, 0, P1, 2917 MHz, 13801 MHz, 473.14 W, 600.00 W, 600.00 W, 61, 15808 MiB, 99 %, 5, 16
2026/09/20 11:48:22.649, 0, P1, 2917 MHz, 13801 MHz, 473.47 W, 600.00 W, 600.00 W, 61, 15808 MiB, 99 %, 5, 16
2026/09/20 11:48:22.900, 0, P1, 2917 MHz, 13801 MHz, 473.47 W, 600.00 W, 600.00 W, 61, 15808 MiB, 99 %, 5, 16
2026/09/20 11:48:23.151, 0, P1, 2917 MHz, 13801 MHz, 469.38 W, 600.00 W, 600.00 W, 61, 15808 MiB, 99 %, 5, 16
2026/09/20 11:48:23.402, 0, P1, 2917 MHz, 13801 MHz, 469.38 W, 600.00 W, 600.00 W, 61, 15808 MiB, 99 %, 5, 16
2026/09/20 11:48:23.653, 0, P1, 2917 MHz, 13801 MHz, 469.91 W, 600.00 W, 600.00 W, 61, 15808 MiB, 99 %, 5, 16
2026/09/20 11:48:23.904, 0, P1, 2917 MHz, 13801 MHz, 469.91 W, 600.00 W, 600.00 W, 61, 15808 MiB, 99 %, 5, 16
2026/09/20 11:48:24.155, 0, P1, 2917 MHz, 13801 MHz, 475.47 W, 600.00 W, 600.00 W, 61, 15808 MiB, 99 %, 5, 16
2026/09/20 11:48:24.406, 0, P1, 2917 MHz, 13801 MHz, 475.47 W, 600.00 W, 600.00 W, 61, 15808 MiB, 99 %, 5, 16
2026/09/20 11:48:24.658, 0, P1, 2917 MHz, 13801 MHz, 476.09 W, 600.00 W, 600.00 W, 61, 15808 MiB, 99 %, 5, 16
2026/09/20 11:48:24.909, 0, P1, 2917 MHz, 13801 MHz, 476.09 W, 600.00 W, 600.00 W, 61, 15808 MiB, 99 %, 5, 16
2026/09/20 11:48:25.160, 0, P1, 2917 MHz, 13801 MHz, 476.29 W, 600.00 W, 600.00 W, 61, 15808 MiB, 99 %, 5, 16
2026/09/20 11:48:25.411, 0, P1, 2917 MHz, 13801 MHz, 476.29 W, 600.00 W, 600.00 W, 61, 15808 MiB, 99 %, 5, 16
2026/09/20 11:48:25.662, 0, P1, 2917 MHz, 13801 MHz, 476.64 W, 600.00 W, 600.00 W, 61, 15808 MiB, 99 %, 5, 16
2026/09/20 11:48:25.913, 0, P1, 2917 MHz, 13801 MHz, 476.64 W, 600.00 W, 600.00 W, 61, 15808 MiB, 99 %, 5, 16
2026/09/20 11:48:26.164, 0, P1, 2917 MHz, 13801 MHz, 476.84 W, 600.00 W, 600.00 W, 61, 15808 MiB, 99 %, 5, 16
2026/09/20 11:48:26.415, 0, P1, 2917 MHz, 13801 MHz, 476.84 W, 600.00 W, 600.00 W, 61, 15808 MiB, 99 %, 5, 16
2026/09/20 11:48:26.666, 0, P1, 2917 MHz, 13801 MHz, 476.84 W, 600.00 W, 600.00 W, 61, 15808 MiB, 99 %, 5, 16
2026/09/20 11:48:26.917, 0, P1, 2917 MHz, 13801 MHz, 476.84 W, 600.00 W, 600.00 W, 61, 15808 MiB, 99 %, 5, 16
2026/09/20 11:48:27.168, 0, P1, 2917 MHz, 13801 MHz, 477.17 W, 600.00 W, 600.00 W, 62, 15808 MiB, 99 %, 5, 16
2026/09/20 11:48:27.419, 0, P1, 2917 MHz, 13801 MHz, 477.17 W, 600.00 W, 600.00 W, 62, 15808 MiB, 99 %, 5, 16
2026/09/20 11:48:27.670, 0, P1, 2917 MHz, 13801 MHz, 477.38 W, 600.00 W, 600.00 W, 62, 15808 MiB, 99 %, 5, 16
2026/09/20 11:48:27.921, 0, P1, 2917 MHz, 13801 MHz, 477.38 W, 600.00 W, 600.00 W, 62, 15808 MiB, 99 %, 5, 16
2026/09/20 11:48:28.172, 0, P1, 2917 MHz, 13801 MHz, 477.58 W, 600.00 W, 600.00 W, 62, 15808 MiB, 99 %, 5, 16
2026/09/20 11:48:28.424, 0, P1, 2917 MHz, 13801 MHz, 477.58 W, 600.00 W, 600.00 W, 62, 15808 MiB, 99 %, 5, 16
2026/09/20 11:48:28.675, 0, P1, 2917 MHz, 13801 MHz, 477.81 W, 600.00 W, 600.00 W, 61, 15808 MiB, 99 %, 5, 16
2026/09/20 11:48:28.926, 0, P1, 2917 MHz, 13801 MHz, 477.81 W, 600.00 W, 600.00 W, 61, 15808 MiB, 99 %, 5, 16
2026/09/20 11:48:29.177, 0, P1, 2917 MHz, 13801 MHz, 471.83 W, 600.00 W, 600.00 W, 62, 15808 MiB, 99 %, 5, 16
2026/09/20 11:48:29.428, 0, P1, 2917 MHz, 13801 MHz, 471.83 W, 600.00 W, 600.00 W, 62, 15808 MiB, 99 %, 5, 16
2026/09/20 11:48:29.679, 0, P1, 2917 MHz, 13801 MHz, 468.20 W, 600.00 W, 600.00 W, 61, 15808 MiB, 92 %, 5, 16
2026/09/20 11:48:29.930, 0, P1, 2917 MHz, 13801 MHz, 468.20 W, 600.00 W, 600.00 W, 61, 15808 MiB, 92 %, 5, 16
2026/09/20 11:48:30.181, 0, P1, 2917 MHz, 13801 MHz, 471.51 W, 600.00 W, 600.00 W, 62, 15808 MiB, 99 %, 5, 16
2026/09/20 11:48:30.432, 0, P1, 2917 MHz, 13801 MHz, 471.51 W, 600.00 W, 600.00 W, 62, 15808 MiB, 99 %, 5, 16
2026/09/20 11:48:30.683, 0, P1, 2917 MHz, 13801 MHz, 473.92 W, 600.00 W, 600.00 W, 62, 15808 MiB, 99 %, 5, 16
2026/09/20 11:48:30.934, 0, P1, 2917 MHz, 13801 MHz, 473.92 W, 600.00 W, 600.00 W, 62, 15808 MiB, 99 %, 5, 16
2026/09/20 11:48:31.185, 0, P1, 2917 MHz, 13801 MHz, 478.13 W, 600.00 W, 600.00 W, 62, 15808 MiB, 99 %, 5, 16
2026/09/20 11:48:31.436, 0, P1, 2917 MHz, 13801 MHz, 478.13 W, 600.00 W, 600.00 W, 62, 15808 MiB, 99 %, 5, 16
2026/09/20 11:48:31.687, 0, P1, 2917 MHz, 13801 MHz, 478.30 W, 600.00 W, 600.00 W, 62, 15808 MiB, 99 %, 5, 16
2026/09/20 11:48:31.938, 0, P1, 2917 MHz, 13801 MHz, 478.30 W, 600.00 W, 600.00 W, 62, 15808 MiB, 99 %, 5, 16
2026/09/20 11:48:32.190, 0, P1, 2917 MHz, 13801 MHz, 478.93 W, 600.00 W, 600.00 W, 62, 15808 MiB, 99 %, 5, 16
2026/09/20 11:48:32.441, 0, P1, 2917 MHz, 13801 MHz, 478.93 W, 600.00 W, 600.00 W, 62, 15808 MiB, 99 %, 5, 16
2026/09/20 11:48:32.692, 0, P1, 2917 MHz, 13801 MHz, 475.53 W, 600.00 W, 600.00 W, 62, 15808 MiB, 99 %, 5, 16
2026/09/20 11:48:32.943, 0, P1, 2917 MHz, 13801 MHz, 475.53 W, 600.00 W, 600.00 W, 62, 15808 MiB, 99 %, 5, 16
2026/09/20 11:48:33.194, 0, P1, 2917 MHz, 13801 MHz, 475.71 W, 600.00 W, 600.00 W, 62, 15808 MiB, 99 %, 5, 16
2026/09/20 11:48:33.445, 0, P1, 2917 MHz, 13801 MHz, 475.71 W, 600.00 W, 600.00 W, 62, 15808 MiB, 99 %, 5, 16
2026/09/20 11:48:33.696, 0, P1, 2917 MHz, 13801 MHz, 476.95 W, 600.00 W, 600.00 W, 62, 15808 MiB, 99 %, 5, 16
2026/09/20 11:48:33.947, 0, P1, 2917 MHz, 13801 MHz, 476.95 W, 600.00 W, 600.00 W, 62, 15808 MiB, 99 %, 5, 16
2026/09/20 11:48:34.198, 0, P1, 2917 MHz, 13801 MHz, 476.81 W, 600.00 W, 600.00 W, 62, 15808 MiB, 99 %, 5, 16
2026/09/20 11:48:34.449, 0, P1, 2917 MHz, 13801 MHz, 476.81 W, 600.00 W, 600.00 W, 62, 15808 MiB, 99 %, 5, 16
2026/09/20 11:48:34.700, 0, P1, 2917 MHz, 13801 MHz, 479.76 W, 600.00 W, 600.00 W, 62, 15808 MiB, 99 %, 5, 16
2026/09/20 11:48:34.951, 0, P1, 2917 MHz, 13801 MHz, 479.76 W, 600.00 W, 600.00 W, 62, 15808 MiB, 99 %, 5, 16
2026/09/20 11:48:35.202, 0, P1, 2917 MHz, 13801 MHz, 476.26 W, 600.00 W, 600.00 W, 62, 15808 MiB, 99 %, 5, 16
2026/09/20 11:48:35.454, 0, P1, 2917 MHz, 13801 MHz, 476.26 W, 600.00 W, 600.00 W, 62, 15808 MiB, 99 %, 5, 16
2026/09/20 11:48:35.705, 0, P1, 2917 MHz, 13801 MHz, 475.84 W, 600.00 W, 600.00 W, 62, 15808 MiB, 99 %, 5, 16
2026/09/20 11:48:35.956, 0, P1, 2917 MHz, 13801 MHz, 475.84 W, 600.00 W, 600.00 W, 62, 15808 MiB, 99 %, 5, 16
2026/09/20 11:48:36.207, 0, P1, 2917 MHz, 13801 MHz, 479.53 W, 600.00 W, 600.00 W, 62, 15808 MiB, 99 %, 5, 16
2026/09/20 11:48:36.458, 0, P1, 2917 MHz, 13801 MHz, 479.53 W, 600.00 W, 600.00 W, 62, 15808 MiB, 99 %, 5, 16
2026/09/20 11:48:36.709, 0, P1, 2917 MHz, 13801 MHz, 478.18 W, 600.00 W, 600.00 W, 62, 15808 MiB, 99 %, 5, 16
2026/09/20 11:48:36.960, 0, P1, 2917 MHz, 13801 MHz, 478.18 W, 600.00 W, 600.00 W, 62, 15808 MiB, 99 %, 5, 16
2026/09/20 11:48:37.211, 0, P1, 2917 MHz, 13801 MHz, 478.03 W, 600.00 W, 600.00 W, 62, 15808 MiB, 99 %, 5, 16
2026/09/20 11:48:37.462, 0, P1, 2917 MHz, 13801 MHz, 478.03 W, 600.00 W, 600.00 W, 62, 15808 MiB, 99 %, 5, 16
2026/09/20 11:48:37.713, 0, P1, 2917 MHz, 13801 MHz, 479.40 W, 600.00 W, 600.00 W, 63, 15808 MiB, 99 %, 5, 16
2026/09/20 11:48:37.964, 0, P1, 2917 MHz, 13801 MHz, 479.40 W, 600.00 W, 600.00 W, 63, 15808 MiB, 99 %, 5, 16
2026/09/20 11:48:38.215, 0, P1, 2917 MHz, 13801 MHz, 476.36 W, 600.00 W, 600.00 W, 62, 15808 MiB, 97 %, 5, 16
2026/09/20 11:48:38.466, 0, P1, 2917 MHz, 13801 MHz, 476.36 W, 600.00 W, 600.00 W, 62, 15808 MiB, 97 %, 5, 16
2026/09/20 11:48:38.718, 0, P1, 2917 MHz, 13801 MHz, 475.14 W, 600.00 W, 600.00 W, 63, 15808 MiB, 97 %, 5, 16
2026/09/20 11:48:38.969, 0, P1, 2917 MHz, 13801 MHz, 475.14 W, 600.00 W, 600.00 W, 63, 15808 MiB, 97 %, 5, 16
2026/09/20 11:48:39.220, 0, P1, 2917 MHz, 13801 MHz, 476.44 W, 600.00 W, 600.00 W, 62, 15808 MiB, 94 %, 5, 16
2026/09/20 11:48:39.471, 0, P1, 2917 MHz, 13801 MHz, 476.44 W, 600.00 W, 600.00 W, 62, 15808 MiB, 94 %, 5, 16
2026/09/20 11:48:39.722, 0, P1, 2910 MHz, 13801 MHz, 471.33 W, 600.00 W, 600.00 W, 63, 15808 MiB, 99 %, 5, 16
2026/09/20 11:48:39.973, 0, P1, 2910 MHz, 13801 MHz, 471.33 W, 600.00 W, 600.00 W, 63, 15808 MiB, 99 %, 5, 16
2026/09/20 11:48:40.224, 0, P1, 2917 MHz, 13801 MHz, 473.74 W, 600.00 W, 600.00 W, 63, 15808 MiB, 99 %, 5, 16
2026/09/20 11:48:40.475, 0, P1, 2917 MHz, 13801 MHz, 473.74 W, 600.00 W, 600.00 W, 63, 15808 MiB, 99 %, 5, 16
2026/09/20 11:48:40.726, 0, P1, 2917 MHz, 13801 MHz, 477.05 W, 600.00 W, 600.00 W, 62, 15808 MiB, 83 %, 5, 16
2026/09/20 11:48:40.977, 0, P1, 2917 MHz, 13801 MHz, 477.05 W, 600.00 W, 600.00 W, 62, 15808 MiB, 83 %, 5, 16
2026/09/20 11:48:41.228, 0, P1, 2917 MHz, 13801 MHz, 474.71 W, 600.00 W, 600.00 W, 63, 15808 MiB, 99 %, 5, 16
2026/09/20 11:48:41.479, 0, P1, 2917 MHz, 13801 MHz, 474.71 W, 600.00 W, 600.00 W, 63, 15808 MiB, 99 %, 5, 16
2026/09/20 11:48:41.731, 0, P1, 2917 MHz, 13801 MHz, 474.62 W, 600.00 W, 600.00 W, 63, 15808 MiB, 99 %, 5, 16
2026/09/20 11:48:41.982, 0, P1, 2917 MHz, 13801 MHz, 474.62 W, 600.00 W, 600.00 W, 63, 15808 MiB, 99 %, 5, 16
2026/09/20 11:48:42.233, 0, P1, 2917 MHz, 13801 MHz, 479.75 W, 600.00 W, 600.00 W, 62, 15808 MiB, 96 %, 5, 16
2026/09/20 11:48:42.484, 0, P1, 2917 MHz, 13801 MHz, 479.75 W, 600.00 W, 600.00 W, 62, 15808 MiB, 96 %, 5, 16
2026/09/20 11:48:42.735, 0, P1, 2917 MHz, 13801 MHz, 478.06 W, 600.00 W, 600.00 W, 63, 15808 MiB, 99 %, 5, 16
2026/09/20 11:48:42.986, 0, P1, 2917 MHz, 13801 MHz, 478.06 W, 600.00 W, 600.00 W, 63, 15808 MiB, 99 %, 5, 16
2026/09/20 11:48:43.237, 0, P1, 2917 MHz, 13801 MHz, 478.21 W, 600.00 W, 600.00 W, 63, 15808 MiB, 99 %, 5, 16
2026/09/20 11:48:43.488, 0, P1, 2917 MHz, 13801 MHz, 478.21 W, 600.00 W, 600.00 W, 63, 15808 MiB, 99 %, 5, 16
2026/09/20 11:48:43.739, 0, P1, 2910 MHz, 13801 MHz, 480.54 W, 600.00 W, 600.00 W, 63, 15808 MiB, 99 %, 5, 16
2026/09/20 11:48:43.990, 0, P1, 2910 MHz, 13801 MHz, 480.54 W, 600.00 W, 600.00 W, 63, 15808 MiB, 99 %, 5, 16
2026/09/20 11:48:44.241, 0, P1, 2917 MHz, 13801 MHz, 472.87 W, 600.00 W, 600.00 W, 63, 15808 MiB, 99 %, 5, 16
2026/09/20 11:48:44.493, 0, P1, 2917 MHz, 13801 MHz, 472.87 W, 600.00 W, 600.00 W, 63, 15808 MiB, 99 %, 5, 16
2026/09/20 11:48:44.744, 0, P1, 2910 MHz, 13801 MHz, 468.45 W, 600.00 W, 600.00 W, 63, 15808 MiB, 99 %, 5, 16
2026/09/20 11:48:44.995, 0, P1, 2910 MHz, 13801 MHz, 468.45 W, 600.00 W, 600.00 W, 63, 15808 MiB, 99 %, 5, 16
2026/09/20 11:48:45.246, 0, P1, 2910 MHz, 13801 MHz, 474.15 W, 600.00 W, 600.00 W, 63, 15808 MiB, 99 %, 5, 16
2026/09/20 11:48:45.497, 0, P1, 2910 MHz, 13801 MHz, 474.15 W, 600.00 W, 600.00 W, 63, 15808 MiB, 99 %, 5, 16
2026/09/20 11:48:45.748, 0, P1, 2910 MHz, 13801 MHz, 475.75 W, 600.00 W, 600.00 W, 63, 15808 MiB, 99 %, 5, 16
2026/09/20 11:48:45.999, 0, P1, 2910 MHz, 13801 MHz, 475.75 W, 600.00 W, 600.00 W, 63, 15808 MiB, 99 %, 5, 16
2026/09/20 11:48:46.250, 0, P1, 2910 MHz, 13801 MHz, 475.81 W, 600.00 W, 600.00 W, 63, 15808 MiB, 99 %, 5, 16
2026/09/20 11:48:46.501, 0, P1, 2910 MHz, 13801 MHz, 475.81 W, 600.00 W, 600.00 W, 63, 15808 MiB, 99 %, 5, 16
2026/09/20 11:48:46.752, 0, P1, 2910 MHz, 13801 MHz, 479.62 W, 600.00 W, 600.00 W, 63, 15808 MiB, 99 %, 5, 16
2026/09/20 11:48:47.003, 0, P1, 2910 MHz, 13801 MHz, 479.62 W, 600.00 W, 600.00 W, 63, 15808 MiB, 99 %, 5, 16
2026/09/20 11:48:47.254, 0, P1, 2910 MHz, 13801 MHz, 480.23 W, 600.00 W, 600.00 W, 63, 15808 MiB, 99 %, 5, 16
2026/09/20 11:48:47.505, 0, P1, 2910 MHz, 13801 MHz, 480.23 W, 600.00 W, 600.00 W, 63, 15808 MiB, 99 %, 5, 16
2026/09/20 11:48:47.756, 0, P1, 2910 MHz, 13801 MHz, 479.97 W, 600.00 W, 600.00 W, 63, 15808 MiB, 99 %, 5, 16
2026/09/20 11:48:48.007, 0, P1, 2910 MHz, 13801 MHz, 479.97 W, 600.00 W, 600.00 W, 63, 15808 MiB, 99 %, 5, 16
2026/09/20 11:48:48.258, 0, P1, 2917 MHz, 13801 MHz, 469.52 W, 600.00 W, 600.00 W, 63, 15808 MiB, 99 %, 5, 16
2026/09/20 11:48:48.509, 0, P1, 2917 MHz, 13801 MHz, 469.52 W, 600.00 W, 600.00 W, 63, 15808 MiB, 99 %, 5, 16
2026/09/20 11:48:48.761, 0, P1, 2910 MHz, 13801 MHz, 469.42 W, 600.00 W, 600.00 W, 63, 15808 MiB, 99 %, 5, 16
2026/09/20 11:48:49.012, 0, P1, 2910 MHz, 13801 MHz, 469.42 W, 600.00 W, 600.00 W, 63, 15808 MiB, 99 %, 5, 16
2026/09/20 11:48:49.263, 0, P1, 2910 MHz, 13801 MHz, 479.44 W, 600.00 W, 600.00 W, 63, 15808 MiB, 99 %, 5, 16
2026/09/20 11:48:49.514, 0, P1, 2910 MHz, 13801 MHz, 479.44 W, 600.00 W, 600.00 W, 63, 15808 MiB, 99 %, 5, 16
2026/09/20 11:48:49.765, 0, P1, 2910 MHz, 13801 MHz, 479.85 W, 600.00 W, 600.00 W, 63, 15808 MiB, 99 %, 5, 16
2026/09/20 11:48:50.016, 0, P1, 2910 MHz, 13801 MHz, 479.85 W, 600.00 W, 600.00 W, 63, 15808 MiB, 99 %, 5, 16
2026/09/20 11:48:50.267, 0, P1, 2910 MHz, 13801 MHz, 480.15 W, 600.00 W, 600.00 W, 63, 15808 MiB, 99 %, 5, 16
2026/09/20 11:48:50.518, 0, P1, 2910 MHz, 13801 MHz, 480.15 W, 600.00 W, 600.00 W, 63, 15808 MiB, 99 %, 5, 16
2026/09/20 11:48:50.769, 0, P1, 2910 MHz, 13801 MHz, 479.74 W, 600.00 W, 600.00 W, 60, 15808 MiB, 99 %, 5, 16
2026/09/20 11:48:51.020, 0, P1, 2910 MHz, 13801 MHz, 479.74 W, 600.00 W, 600.00 W, 60, 15808 MiB, 99 %, 5, 16
2026/09/20 11:48:51.271, 0, P1, 2910 MHz, 13801 MHz, 471.05 W, 600.00 W, 600.00 W, 63, 15808 MiB, 99 %, 5, 16
2026/09/20 11:48:51.522, 0, P1, 2910 MHz, 13801 MHz, 471.05 W, 600.00 W, 600.00 W, 63, 15808 MiB, 99 %, 5, 16
2026/09/20 11:48:51.773, 0, P1, 2910 MHz, 13801 MHz, 468.71 W, 600.00 W, 600.00 W, 63, 15808 MiB, 99 %, 5, 16
2026/09/20 11:48:52.025, 0, P1, 2910 MHz, 13801 MHz, 468.71 W, 600.00 W, 600.00 W, 63, 15808 MiB, 99 %, 5, 16
2026/09/20 11:48:52.276, 0, P1, 2910 MHz, 13801 MHz, 477.77 W, 600.00 W, 600.00 W, 63, 15808 MiB, 99 %, 5, 16
2026/09/20 11:48:52.527, 0, P1, 2910 MHz, 13801 MHz, 477.77 W, 600.00 W, 600.00 W, 63, 15808 MiB, 99 %, 5, 16
2026/09/20 11:48:52.778, 0, P1, 2910 MHz, 13801 MHz, 477.84 W, 600.00 W, 600.00 W, 62, 15808 MiB, 95 %, 5, 16
2026/09/20 11:48:53.029, 0, P1, 2910 MHz, 13801 MHz, 477.84 W, 600.00 W, 600.00 W, 62, 15808 MiB, 95 %, 5, 16
2026/09/20 11:48:53.280, 0, P1, 2910 MHz, 13801 MHz, 474.59 W, 600.00 W, 600.00 W, 63, 15808 MiB, 99 %, 5, 16
2026/09/20 11:48:53.531, 0, P1, 2910 MHz, 13801 MHz, 474.59 W, 600.00 W, 600.00 W, 63, 15808 MiB, 99 %, 5, 16
2026/09/20 11:48:53.782, 0, P1, 2910 MHz, 13801 MHz, 476.43 W, 600.00 W, 600.00 W, 63, 15808 MiB, 99 %, 5, 16
2026/09/20 11:48:54.033, 0, P1, 2910 MHz, 13801 MHz, 476.43 W, 600.00 W, 600.00 W, 63, 15808 MiB, 99 %, 5, 16
2026/09/20 11:48:54.284, 0, P1, 2910 MHz, 13801 MHz, 478.89 W, 600.00 W, 600.00 W, 63, 15808 MiB, 89 %, 5, 16
2026/09/20 11:48:54.535, 0, P1, 2910 MHz, 13801 MHz, 466.66 W, 600.00 W, 600.00 W, 63, 15808 MiB, 77 %, 5, 16
2026/09/20 11:48:54.786, 0, P1, 2910 MHz, 13801 MHz, 466.66 W, 600.00 W, 600.00 W, 63, 15808 MiB, 77 %, 5, 16
2026/09/20 11:48:55.037, 0, P1, 2910 MHz, 13801 MHz, 460.22 W, 600.00 W, 600.00 W, 63, 15808 MiB, 99 %, 5, 16
2026/09/20 11:48:55.288, 0, P1, 2910 MHz, 13801 MHz, 460.22 W, 600.00 W, 600.00 W, 63, 15808 MiB, 99 %, 5, 16
2026/09/20 11:48:55.539, 0, P1, 2910 MHz, 13801 MHz, 472.07 W, 600.00 W, 600.00 W, 63, 15808 MiB, 99 %, 5, 16
2026/09/20 11:48:55.790, 0, P1, 2910 MHz, 13801 MHz, 472.07 W, 600.00 W, 600.00 W, 63, 15808 MiB, 99 %, 5, 16
2026/09/20 11:48:56.042, 0, P1, 2910 MHz, 13801 MHz, 479.50 W, 600.00 W, 600.00 W, 63, 15808 MiB, 99 %, 5, 16
2026/09/20 11:48:56.293, 0, P1, 2910 MHz, 13801 MHz, 479.50 W, 600.00 W, 600.00 W, 63, 15808 MiB, 99 %, 5, 16
2026/09/20 11:48:56.544, 0, P1, 2910 MHz, 13801 MHz, 470.65 W, 600.00 W, 600.00 W, 63, 15808 MiB, 79 %, 5, 16
2026/09/20 11:48:56.795, 0, P1, 2910 MHz, 13801 MHz, 470.65 W, 600.00 W, 600.00 W, 63, 15808 MiB, 79 %, 5, 16
2026/09/20 11:48:57.046, 0, P1, 2910 MHz, 13801 MHz, 470.99 W, 600.00 W, 600.00 W, 64, 15808 MiB, 99 %, 5, 16
2026/09/20 11:48:57.297, 0, P1, 2910 MHz, 13801 MHz, 470.99 W, 600.00 W, 600.00 W, 64, 15808 MiB, 99 %, 5, 16
2026/09/20 11:48:57.548, 0, P1, 2910 MHz, 13801 MHz, 480.15 W, 600.00 W, 600.00 W, 64, 15808 MiB, 99 %, 5, 16
2026/09/20 11:48:57.799, 0, P1, 2910 MHz, 13801 MHz, 480.15 W, 600.00 W, 600.00 W, 64, 15808 MiB, 99 %, 5, 16
2026/09/20 11:48:58.066, 0, P1, 2910 MHz, 13801 MHz, 481.29 W, 600.00 W, 600.00 W, 64, 15808 MiB, 99 %, 5, 16
2026/09/20 11:48:58.317, 0, P1, 2910 MHz, 13801 MHz, 481.29 W, 600.00 W, 600.00 W, 64, 15808 MiB, 99 %, 5, 16
2026/09/20 11:48:58.568, 0, P1, 2910 MHz, 13801 MHz, 477.90 W, 600.00 W, 600.00 W, 64, 15808 MiB, 99 %, 5, 16
2026/09/20 11:48:58.819, 0, P1, 2910 MHz, 13801 MHz, 477.90 W, 600.00 W, 600.00 W, 64, 15808 MiB, 99 %, 5, 16
2026/09/20 11:48:59.070, 0, P1, 2910 MHz, 13801 MHz, 477.31 W, 600.00 W, 600.00 W, 64, 15808 MiB, 99 %, 5, 16
2026/09/20 11:48:59.321, 0, P1, 2910 MHz, 13801 MHz, 477.31 W, 600.00 W, 600.00 W, 64, 15808 MiB, 99 %, 5, 16
2026/09/20 11:48:59.572, 0, P1, 2910 MHz, 13801 MHz, 480.61 W, 600.00 W, 600.00 W, 64, 15808 MiB, 99 %, 5, 16
2026/09/20 11:48:59.823, 0, P1, 2910 MHz, 13801 MHz, 480.61 W, 600.00 W, 600.00 W, 64, 15808 MiB, 99 %, 5, 16
2026/09/20 11:49:00.074, 0, P1, 2910 MHz, 13801 MHz, 481.01 W, 600.00 W, 600.00 W, 64, 15808 MiB, 99 %, 5, 16
2026/09/20 11:49:00.325, 0, P1, 2910 MHz, 13801 MHz, 481.01 W, 600.00 W, 600.00 W, 64, 15808 MiB, 99 %, 5, 16
2026/09/20 11:49:00.577, 0, P1, 2910 MHz, 13801 MHz, 481.20 W, 600.00 W, 600.00 W, 64, 15808 MiB, 99 %, 5, 16
2026/09/20 11:49:00.828, 0, P1, 2910 MHz, 13801 MHz, 481.20 W, 600.00 W, 600.00 W, 64, 15808 MiB, 99 %, 5, 16
2026/09/20 11:49:01.079, 0, P1, 2910 MHz, 13801 MHz, 481.33 W, 600.00 W, 600.00 W, 64, 15808 MiB, 99 %, 5, 16
2026/09/20 11:49:01.330, 0, P1, 2910 MHz, 13801 MHz, 481.33 W, 600.00 W, 600.00 W, 64, 15808 MiB, 99 %, 5, 16
2026/09/20 11:49:01.581, 0, P1, 2910 MHz, 13801 MHz, 482.04 W, 600.00 W, 600.00 W, 64, 15808 MiB, 99 %, 5, 16
2026/09/20 11:49:01.832, 0, P1, 2910 MHz, 13801 MHz, 482.04 W, 600.00 W, 600.00 W, 64, 15808 MiB, 99 %, 5, 16
2026/09/20 11:49:02.083, 0, P1, 2910 MHz, 13801 MHz, 482.73 W, 600.00 W, 600.00 W, 64, 15808 MiB, 99 %, 5, 16
2026/09/20 11:49:02.334, 0, P1, 2910 MHz, 13801 MHz, 482.73 W, 600.00 W, 600.00 W, 64, 15808 MiB, 99 %, 5, 16
2026/09/20 11:49:02.585, 0, P1, 2910 MHz, 13801 MHz, 483.32 W, 600.00 W, 600.00 W, 64, 15808 MiB, 99 %, 5, 16
2026/09/20 11:49:02.836, 0, P1, 2910 MHz, 13801 MHz, 483.32 W, 600.00 W, 600.00 W, 64, 15808 MiB, 99 %, 5, 16
2026/09/20 11:49:03.087, 0, P1, 2910 MHz, 13801 MHz, 483.75 W, 600.00 W, 600.00 W, 63, 15808 MiB, 99 %, 5, 16
2026/09/20 11:49:03.338, 0, P1, 2910 MHz, 13801 MHz, 483.75 W, 600.00 W, 600.00 W, 63, 15808 MiB, 99 %, 5, 16
2026/09/20 11:49:03.589, 0, P1, 2910 MHz, 13801 MHz, 478.72 W, 600.00 W, 600.00 W, 64, 15808 MiB, 99 %, 5, 16
2026/09/20 11:49:03.841, 0, P1, 2910 MHz, 13801 MHz, 478.72 W, 600.00 W, 600.00 W, 64, 15808 MiB, 99 %, 5, 16
2026/09/20 11:49:04.092, 0, P1, 2910 MHz, 13801 MHz, 479.42 W, 600.00 W, 600.00 W, 64, 15808 MiB, 99 %, 5, 16
2026/09/20 11:49:04.343, 0, P1, 2910 MHz, 13801 MHz, 479.42 W, 600.00 W, 600.00 W, 64, 15808 MiB, 99 %, 5, 16
2026/09/20 11:49:04.594, 0, P1, 2910 MHz, 13801 MHz, 484.29 W, 600.00 W, 600.00 W, 64, 15808 MiB, 99 %, 5, 16
2026/09/20 11:49:04.845, 0, P1, 2910 MHz, 13801 MHz, 484.29 W, 600.00 W, 600.00 W, 64, 15808 MiB, 99 %, 5, 16
2026/09/20 11:49:05.096, 0, P1, 2910 MHz, 13801 MHz, 484.62 W, 600.00 W, 600.00 W, 64, 15808 MiB, 99 %, 5, 16
2026/09/20 11:49:05.347, 0, P1, 2910 MHz, 13801 MHz, 484.62 W, 600.00 W, 600.00 W, 64, 15808 MiB, 99 %, 5, 16
2026/09/20 11:49:05.598, 0, P1, 2910 MHz, 13801 MHz, 484.88 W, 600.00 W, 600.00 W, 64, 15808 MiB, 99 %, 5, 16
2026/09/20 11:49:05.849, 0, P1, 2910 MHz, 13801 MHz, 484.88 W, 600.00 W, 600.00 W, 64, 15808 MiB, 99 %, 5, 16
2026/09/20 11:49:06.100, 0, P1, 2910 MHz, 13801 MHz, 477.93 W, 600.00 W, 600.00 W, 64, 15808 MiB, 82 %, 5, 16
2026/09/20 11:49:06.351, 0, P1, 2910 MHz, 13801 MHz, 477.93 W, 600.00 W, 600.00 W, 64, 15808 MiB, 82 %, 5, 16
2026/09/20 11:49:06.602, 0, P1, 2910 MHz, 13801 MHz, 473.52 W, 600.00 W, 600.00 W, 64, 15808 MiB, 98 %, 5, 16
2026/09/20 11:49:06.853, 0, P1, 2910 MHz, 13801 MHz, 473.52 W, 600.00 W, 600.00 W, 64, 15808 MiB, 98 %, 5, 16
2026/09/20 11:49:07.104, 0, P1, 2902 MHz, 13801 MHz, 477.85 W, 600.00 W, 600.00 W, 64, 15808 MiB, 99 %, 5, 16
2026/09/20 11:49:07.355, 0, P1, 2902 MHz, 13801 MHz, 477.85 W, 600.00 W, 600.00 W, 64, 15808 MiB, 99 %, 5, 16
2026/09/20 11:49:07.607, 0, P1, 2902 MHz, 13801 MHz, 478.59 W, 600.00 W, 600.00 W, 64, 15808 MiB, 99 %, 5, 16
2026/09/20 11:49:07.858, 0, P1, 2902 MHz, 13801 MHz, 478.59 W, 600.00 W, 600.00 W, 64, 15808 MiB, 99 %, 5, 16
2026/09/20 11:49:08.109, 0, P1, 2910 MHz, 13801 MHz, 479.31 W, 600.00 W, 600.00 W, 64, 15808 MiB, 99 %, 5, 16
2026/09/20 11:49:08.360, 0, P1, 2910 MHz, 13801 MHz, 479.31 W, 600.00 W, 600.00 W, 64, 15808 MiB, 99 %, 5, 16
2026/09/20 11:49:08.611, 0, P1, 2910 MHz, 13801 MHz, 469.03 W, 600.00 W, 600.00 W, 64, 15808 MiB, 99 %, 5, 16
2026/09/20 11:49:08.862, 0, P1, 2910 MHz, 13801 MHz, 469.03 W, 600.00 W, 600.00 W, 64, 15808 MiB, 99 %, 5, 16
2026/09/20 11:49:09.113, 0, P1, 2910 MHz, 13801 MHz, 470.91 W, 600.00 W, 600.00 W, 64, 15808 MiB, 99 %, 5, 16
2026/09/20 11:49:09.364, 0, P1, 2910 MHz, 13801 MHz, 470.91 W, 600.00 W, 600.00 W, 64, 15808 MiB, 99 %, 5, 16
2026/09/20 11:49:09.615, 0, P1, 2910 MHz, 13801 MHz, 483.12 W, 600.00 W, 600.00 W, 64, 15808 MiB, 99 %, 5, 16
2026/09/20 11:49:09.867, 0, P1, 2910 MHz, 13801 MHz, 483.12 W, 600.00 W, 600.00 W, 64, 15808 MiB, 99 %, 5, 16
2026/09/20 11:49:10.118, 0, P1, 2910 MHz, 13801 MHz, 483.34 W, 600.00 W, 600.00 W, 64, 15808 MiB, 99 %, 5, 16
2026/09/20 11:49:10.369, 0, P1, 2910 MHz, 13801 MHz, 483.34 W, 600.00 W, 600.00 W, 64, 15808 MiB, 99 %, 5, 16
2026/09/20 11:49:10.620, 0, P1, 2910 MHz, 13801 MHz, 483.56 W, 600.00 W, 600.00 W, 64, 15808 MiB, 99 %, 5, 16
2026/09/20 11:49:10.871, 0, P1, 2910 MHz, 13801 MHz, 483.56 W, 600.00 W, 600.00 W, 64, 15808 MiB, 99 %, 5, 16
2026/09/20 11:49:11.122, 0, P1, 2910 MHz, 13801 MHz, 483.76 W, 600.00 W, 600.00 W, 64, 15808 MiB, 99 %, 5, 16
2026/09/20 11:49:11.373, 0, P1, 2910 MHz, 13801 MHz, 483.76 W, 600.00 W, 600.00 W, 64, 15808 MiB, 99 %, 5, 16
2026/09/20 11:49:11.624, 0, P1, 2910 MHz, 13801 MHz, 483.63 W, 600.00 W, 600.00 W, 64, 15808 MiB, 99 %, 5, 16
2026/09/20 11:49:11.876, 0, P1, 2910 MHz, 13801 MHz, 483.63 W, 600.00 W, 600.00 W, 64, 15808 MiB, 99 %, 5, 16
2026/09/20 11:49:12.127, 0, P1, 2910 MHz, 13801 MHz, 483.61 W, 600.00 W, 600.00 W, 64, 15808 MiB, 99 %, 5, 16
2026/09/20 11:49:12.378, 0, P1, 2910 MHz, 13801 MHz, 483.61 W, 600.00 W, 600.00 W, 64, 15808 MiB, 99 %, 5, 16
2026/09/20 11:49:12.629, 0, P1, 2910 MHz, 13801 MHz, 483.45 W, 600.00 W, 600.00 W, 64, 15808 MiB, 99 %, 5, 16
2026/09/20 11:49:12.880, 0, P1, 2910 MHz, 13801 MHz, 483.45 W, 600.00 W, 600.00 W, 64, 15808 MiB, 99 %, 5, 16
2026/09/20 11:49:13.131, 0, P1, 2910 MHz, 13801 MHz, 483.16 W, 600.00 W, 600.00 W, 64, 15808 MiB, 99 %, 5, 16
2026/09/20 11:49:13.382, 0, P1, 2910 MHz, 13801 MHz, 483.16 W, 600.00 W, 600.00 W, 64, 15808 MiB, 99 %, 5, 16
2026/09/20 11:49:13.633, 0, P1, 2910 MHz, 13801 MHz, 482.62 W, 600.00 W, 600.00 W, 64, 15808 MiB, 99 %, 5, 16
2026/09/20 11:49:13.884, 0, P1, 2910 MHz, 13801 MHz, 482.62 W, 600.00 W, 600.00 W, 64, 15808 MiB, 99 %, 5, 16
2026/09/20 11:49:14.135, 0, P1, 2910 MHz, 13801 MHz, 477.31 W, 600.00 W, 600.00 W, 64, 15808 MiB, 99 %, 5, 16
2026/09/20 11:49:14.387, 0, P1, 2910 MHz, 13801 MHz, 477.31 W, 600.00 W, 600.00 W, 64, 15808 MiB, 99 %, 5, 16
2026/09/20 11:49:14.638, 0, P1, 2910 MHz, 13801 MHz, 473.97 W, 600.00 W, 600.00 W, 64, 15808 MiB, 99 %, 5, 16
2026/09/20 11:49:14.889, 0, P1, 2910 MHz, 13801 MHz, 473.97 W, 600.00 W, 600.00 W, 64, 15808 MiB, 99 %, 5, 16
2026/09/20 11:49:15.140, 0, P1, 2910 MHz, 13801 MHz, 478.18 W, 600.00 W, 600.00 W, 64, 15808 MiB, 99 %, 5, 16
2026/09/20 11:49:15.391, 0, P1, 2910 MHz, 13801 MHz, 478.18 W, 600.00 W, 600.00 W, 64, 15808 MiB, 99 %, 5, 16
2026/09/20 11:49:15.643, 0, P1, 2910 MHz, 13801 MHz, 480.99 W, 600.00 W, 600.00 W, 64, 15808 MiB, 99 %, 5, 16
2026/09/20 11:49:15.894, 0, P1, 2910 MHz, 13801 MHz, 480.99 W, 600.00 W, 600.00 W, 64, 15808 MiB, 99 %, 5, 16
2026/09/20 11:49:16.145, 0, P1, 2910 MHz, 13801 MHz, 480.67 W, 600.00 W, 600.00 W, 64, 15808 MiB, 99 %, 5, 16
2026/09/20 11:49:16.396, 0, P1, 2910 MHz, 13801 MHz, 480.67 W, 600.00 W, 600.00 W, 64, 15808 MiB, 99 %, 5, 16
2026/09/20 11:49:16.647, 0, P1, 2910 MHz, 13801 MHz, 480.59 W, 600.00 W, 600.00 W, 64, 15808 MiB, 99 %, 5, 16
2026/09/20 11:49:16.898, 0, P1, 2910 MHz, 13801 MHz, 480.59 W, 600.00 W, 600.00 W, 64, 15808 MiB, 99 %, 5, 16
2026/09/20 11:49:17.149, 0, P1, 2910 MHz, 13801 MHz, 475.00 W, 600.00 W, 600.00 W, 64, 15808 MiB, 99 %, 5, 16
2026/09/20 11:49:17.400, 0, P1, 2910 MHz, 13801 MHz, 475.00 W, 600.00 W, 600.00 W, 64, 15808 MiB, 99 %, 5, 16
2026/09/20 11:49:17.651, 0, P1, 2910 MHz, 13801 MHz, 474.34 W, 600.00 W, 600.00 W, 64, 15808 MiB, 99 %, 5, 16
2026/09/20 11:49:17.903, 0, P1, 2910 MHz, 13801 MHz, 474.34 W, 600.00 W, 600.00 W, 64, 15808 MiB, 99 %, 5, 16
2026/09/20 11:49:18.154, 0, P1, 2910 MHz, 13801 MHz, 474.25 W, 600.00 W, 600.00 W, 64, 15808 MiB, 84 %, 5, 16
2026/09/20 11:49:18.405, 0, P1, 2910 MHz, 13801 MHz, 474.25 W, 600.00 W, 600.00 W, 64, 15808 MiB, 84 %, 5, 16
2026/09/20 11:49:18.656, 0, P1, 2910 MHz, 13801 MHz, 469.69 W, 600.00 W, 600.00 W, 64, 15808 MiB, 99 %, 5, 16
2026/09/20 11:49:18.907, 0, P1, 2910 MHz, 13801 MHz, 469.69 W, 600.00 W, 600.00 W, 64, 15808 MiB, 99 %, 5, 16
2026/09/20 11:49:19.158, 0, P1, 2910 MHz, 13801 MHz, 475.99 W, 600.00 W, 600.00 W, 64, 15808 MiB, 99 %, 5, 16
2026/09/20 11:49:19.409, 0, P1, 2910 MHz, 13801 MHz, 475.99 W, 600.00 W, 600.00 W, 64, 15808 MiB, 99 %, 5, 16
2026/09/20 11:49:19.660, 0, P1, 2910 MHz, 13801 MHz, 480.42 W, 600.00 W, 600.00 W, 64, 15808 MiB, 99 %, 5, 16
2026/09/20 11:49:19.912, 0, P1, 2910 MHz, 13801 MHz, 480.42 W, 600.00 W, 600.00 W, 64, 15808 MiB, 99 %, 5, 16
2026/09/20 11:49:20.163, 0, P1, 2910 MHz, 13801 MHz, 480.38 W, 600.00 W, 600.00 W, 64, 15808 MiB, 99 %, 5, 16
2026/09/20 11:49:20.414, 0, P1, 2910 MHz, 13801 MHz, 480.38 W, 600.00 W, 600.00 W, 64, 15808 MiB, 99 %, 5, 16
2026/09/20 11:49:20.665, 0, P1, 2910 MHz, 13801 MHz, 480.73 W, 600.00 W, 600.00 W, 64, 15808 MiB, 99 %, 5, 16
2026/09/20 11:49:20.916, 0, P1, 2910 MHz, 13801 MHz, 480.73 W, 600.00 W, 600.00 W, 64, 15808 MiB, 99 %, 5, 16
2026/09/20 11:49:21.167, 0, P1, 2910 MHz, 13801 MHz, 473.43 W, 600.00 W, 600.00 W, 64, 15808 MiB, 80 %, 5, 16
2026/09/20 11:49:21.418, 0, P1, 2910 MHz, 13801 MHz, 473.43 W, 600.00 W, 600.00 W, 64, 15808 MiB, 80 %, 5, 16
2026/09/20 11:49:21.669, 0, P1, 2910 MHz, 13801 MHz, 472.68 W, 600.00 W, 600.00 W, 64, 15808 MiB, 99 %, 5, 16
2026/09/20 11:49:21.920, 0, P1, 2910 MHz, 13801 MHz, 472.68 W, 600.00 W, 600.00 W, 64, 15808 MiB, 99 %, 5, 16
2026/09/20 11:49:22.172, 0, P1, 2910 MHz, 13801 MHz, 471.40 W, 600.00 W, 600.00 W, 64, 15808 MiB, 78 %, 5, 16
2026/09/20 11:49:22.423, 0, P1, 2910 MHz, 13801 MHz, 471.40 W, 600.00 W, 600.00 W, 64, 15808 MiB, 78 %, 5, 16
2026/09/20 11:49:22.674, 0, P1, 2910 MHz, 13801 MHz, 467.92 W, 600.00 W, 600.00 W, 64, 15808 MiB, 91 %, 5, 16
2026/09/20 11:49:22.925, 0, P1, 2910 MHz, 13801 MHz, 467.92 W, 600.00 W, 600.00 W, 64, 15808 MiB, 91 %, 5, 16
2026/09/20 11:49:23.176, 0, P1, 2910 MHz, 13801 MHz, 471.91 W, 600.00 W, 600.00 W, 64, 15808 MiB, 90 %, 5, 16
2026/09/20 11:49:23.427, 0, P1, 2910 MHz, 13801 MHz, 471.91 W, 600.00 W, 600.00 W, 64, 15808 MiB, 90 %, 5, 16
2026/09/20 11:49:23.678, 0, P1, 2910 MHz, 13801 MHz, 476.92 W, 600.00 W, 600.00 W, 64, 15808 MiB, 99 %, 5, 16
2026/09/20 11:49:23.929, 0, P1, 2910 MHz, 13801 MHz, 476.92 W, 600.00 W, 600.00 W, 64, 15808 MiB, 99 %, 5, 16
2026/09/20 11:49:24.181, 0, P1, 2910 MHz, 13801 MHz, 481.14 W, 600.00 W, 600.00 W, 64, 15808 MiB, 99 %, 5, 16
2026/09/20 11:49:24.432, 0, P1, 2910 MHz, 13801 MHz, 481.14 W, 600.00 W, 600.00 W, 64, 15808 MiB, 99 %, 5, 16
2026/09/20 11:49:24.683, 0, P1, 2910 MHz, 13801 MHz, 481.72 W, 600.00 W, 600.00 W, 64, 15808 MiB, 99 %, 5, 16
2026/09/20 11:49:24.934, 0, P1, 2910 MHz, 13801 MHz, 481.72 W, 600.00 W, 600.00 W, 64, 15808 MiB, 99 %, 5, 16
2026/09/20 11:49:25.185, 0, P1, 2910 MHz, 13801 MHz, 471.88 W, 600.00 W, 600.00 W, 64, 15808 MiB, 99 %, 5, 16
2026/09/20 11:49:25.436, 0, P1, 2910 MHz, 13801 MHz, 471.88 W, 600.00 W, 600.00 W, 64, 15808 MiB, 99 %, 5, 16
2026/09/20 11:49:25.687, 0, P1, 2910 MHz, 13801 MHz, 472.03 W, 600.00 W, 600.00 W, 64, 15808 MiB, 99 %, 5, 16
2026/09/20 11:49:25.939, 0, P1, 2910 MHz, 13801 MHz, 472.03 W, 600.00 W, 600.00 W, 64, 15808 MiB, 99 %, 5, 16
2026/09/20 11:49:26.190, 0, P1, 2910 MHz, 13801 MHz, 476.40 W, 600.00 W, 600.00 W, 64, 15808 MiB, 95 %, 5, 16
2026/09/20 11:49:26.441, 0, P1, 2910 MHz, 13801 MHz, 476.40 W, 600.00 W, 600.00 W, 64, 15808 MiB, 95 %, 5, 16
2026/09/20 11:49:26.692, 0, P1, 2910 MHz, 13801 MHz, 476.58 W, 600.00 W, 600.00 W, 64, 15808 MiB, 99 %, 5, 16
2026/09/20 11:49:26.943, 0, P1, 2910 MHz, 13801 MHz, 476.58 W, 600.00 W, 600.00 W, 64, 15808 MiB, 99 %, 5, 16
2026/09/20 11:49:27.194, 0, P1, 2910 MHz, 13801 MHz, 482.25 W, 600.00 W, 600.00 W, 65, 15808 MiB, 99 %, 5, 16
2026/09/20 11:49:27.445, 0, P1, 2910 MHz, 13801 MHz, 482.25 W, 600.00 W, 600.00 W, 65, 15808 MiB, 99 %, 5, 16
2026/09/20 11:49:27.696, 0, P1, 2910 MHz, 13801 MHz, 477.77 W, 600.00 W, 600.00 W, 64, 15808 MiB, 99 %, 5, 16
2026/09/20 11:49:27.947, 0, P1, 2910 MHz, 13801 MHz, 477.77 W, 600.00 W, 600.00 W, 64, 15808 MiB, 99 %, 5, 16
2026/09/20 11:49:28.222, 0, P1, 2910 MHz, 13801 MHz, 461.90 W, 600.00 W, 600.00 W, 63, 15808 MiB, 81 %, 5, 16
2026/09/20 11:49:28.473, 0, P1, 2910 MHz, 13801 MHz, 461.90 W, 600.00 W, 600.00 W, 63, 15808 MiB, 81 %, 5, 16
2026/09/20 11:49:28.724, 0, P1, 2910 MHz, 13801 MHz, 466.78 W, 600.00 W, 600.00 W, 64, 15808 MiB, 99 %, 5, 16
2026/09/20 11:49:28.993, 0, P1, 2910 MHz, 13801 MHz, 466.78 W, 600.00 W, 600.00 W, 64, 15808 MiB, 99 %, 5, 16
2026/09/20 11:49:29.244, 0, P1, 2910 MHz, 13801 MHz, 475.22 W, 600.00 W, 600.00 W, 65, 15808 MiB, 99 %, 5, 16
2026/09/20 11:49:29.495, 0, P1, 2910 MHz, 13801 MHz, 475.22 W, 600.00 W, 600.00 W, 65, 15808 MiB, 99 %, 5, 16
2026/09/20 11:49:29.746, 0, P1, 2910 MHz, 13801 MHz, 480.23 W, 600.00 W, 600.00 W, 64, 15808 MiB, 95 %, 5, 16
2026/09/20 11:49:29.997, 0, P1, 2910 MHz, 13801 MHz, 480.23 W, 600.00 W, 600.00 W, 64, 15808 MiB, 95 %, 5, 16
2026/09/20 11:49:30.248, 0, P1, 2910 MHz, 13801 MHz, 480.20 W, 600.00 W, 600.00 W, 65, 15808 MiB, 99 %, 5, 16
2026/09/20 11:49:30.499, 0, P1, 2910 MHz, 13801 MHz, 480.20 W, 600.00 W, 600.00 W, 65, 15808 MiB, 99 %, 5, 16
2026/09/20 11:49:30.750, 0, P1, 2910 MHz, 13801 MHz, 481.98 W, 600.00 W, 600.00 W, 65, 15808 MiB, 99 %, 5, 16
2026/09/20 11:49:31.002, 0, P1, 2910 MHz, 13801 MHz, 481.98 W, 600.00 W, 600.00 W, 65, 15808 MiB, 99 %, 5, 16
2026/09/20 11:49:31.253, 0, P1, 2910 MHz, 13801 MHz, 481.79 W, 600.00 W, 600.00 W, 65, 15808 MiB, 99 %, 5, 16
2026/09/20 11:49:31.504, 0, P1, 2910 MHz, 13801 MHz, 481.79 W, 600.00 W, 600.00 W, 65, 15808 MiB, 99 %, 5, 16
2026/09/20 11:49:31.755, 0, P1, 2910 MHz, 13801 MHz, 481.15 W, 600.00 W, 600.00 W, 65, 15808 MiB, 99 %, 5, 16
2026/09/20 11:49:32.006, 0, P1, 2910 MHz, 13801 MHz, 481.15 W, 600.00 W, 600.00 W, 65, 15808 MiB, 99 %, 5, 16
2026/09/20 11:49:32.257, 0, P1, 2910 MHz, 13801 MHz, 477.43 W, 600.00 W, 600.00 W, 65, 15808 MiB, 99 %, 5, 16
2026/09/20 11:49:32.508, 0, P1, 2910 MHz, 13801 MHz, 477.43 W, 600.00 W, 600.00 W, 65, 15808 MiB, 99 %, 5, 16
2026/09/20 11:49:32.759, 0, P1, 2910 MHz, 13801 MHz, 478.39 W, 600.00 W, 600.00 W, 65, 15808 MiB, 99 %, 5, 16
2026/09/20 11:49:33.011, 0, P1, 2910 MHz, 13801 MHz, 478.39 W, 600.00 W, 600.00 W, 65, 15808 MiB, 99 %, 5, 16
2026/09/20 11:49:33.262, 0, P1, 2910 MHz, 13801 MHz, 483.60 W, 600.00 W, 600.00 W, 65, 15808 MiB, 99 %, 5, 16
2026/09/20 11:49:33.513, 0, P1, 2910 MHz, 13801 MHz, 483.60 W, 600.00 W, 600.00 W, 65, 15808 MiB, 99 %, 5, 16
2026/09/20 11:49:33.764, 0, P1, 2910 MHz, 13801 MHz, 483.59 W, 600.00 W, 600.00 W, 65, 15808 MiB, 99 %, 5, 16
2026/09/20 11:49:34.015, 0, P1, 2910 MHz, 13801 MHz, 483.59 W, 600.00 W, 600.00 W, 65, 15808 MiB, 99 %, 5, 16
2026/09/20 11:49:34.266, 0, P1, 2910 MHz, 13801 MHz, 482.15 W, 600.00 W, 600.00 W, 63, 15808 MiB, 99 %, 5, 16
2026/09/20 11:49:34.517, 0, P1, 2910 MHz, 13801 MHz, 482.15 W, 600.00 W, 600.00 W, 63, 15808 MiB, 99 %, 5, 16
2026/09/20 11:49:34.768, 0, P1, 2910 MHz, 13801 MHz, 482.15 W, 600.00 W, 600.00 W, 64, 15808 MiB, 99 %, 5, 16
2026/09/20 11:49:35.020, 0, P1, 2910 MHz, 13801 MHz, 482.15 W, 600.00 W, 600.00 W, 64, 15808 MiB, 99 %, 5, 16
2026/09/20 11:49:35.271, 0, P1, 2910 MHz, 13801 MHz, 481.87 W, 600.00 W, 600.00 W, 65, 15808 MiB, 99 %, 5, 16
2026/09/20 11:49:35.522, 0, P1, 2910 MHz, 13801 MHz, 481.87 W, 600.00 W, 600.00 W, 65, 15808 MiB, 99 %, 5, 16
2026/09/20 11:49:35.773, 0, P1, 2910 MHz, 13801 MHz, 483.54 W, 600.00 W, 600.00 W, 65, 15808 MiB, 99 %, 5, 16
2026/09/20 11:49:36.024, 0, P1, 2910 MHz, 13801 MHz, 483.54 W, 600.00 W, 600.00 W, 65, 15808 MiB, 99 %, 5, 16
2026/09/20 11:49:36.275, 0, P1, 2910 MHz, 13801 MHz, 481.23 W, 600.00 W, 600.00 W, 63, 15808 MiB, 99 %, 5, 16
2026/09/20 11:49:36.526, 0, P1, 2910 MHz, 13801 MHz, 481.23 W, 600.00 W, 600.00 W, 63, 15808 MiB, 99 %, 5, 16
2026/09/20 11:49:36.777, 0, P1, 2910 MHz, 13801 MHz, 477.21 W, 600.00 W, 600.00 W, 64, 15808 MiB, 99 %, 5, 16
2026/09/20 11:49:37.028, 0, P1, 2910 MHz, 13801 MHz, 477.21 W, 600.00 W, 600.00 W, 64, 15808 MiB, 99 %, 5, 16
2026/09/20 11:49:37.280, 0, P1, 2902 MHz, 13801 MHz, 472.78 W, 600.00 W, 600.00 W, 65, 15808 MiB, 99 %, 5, 16
2026/09/20 11:49:37.531, 0, P1, 2902 MHz, 13801 MHz, 472.78 W, 600.00 W, 600.00 W, 65, 15808 MiB, 99 %, 5, 16
2026/09/20 11:49:37.782, 0, P1, 2902 MHz, 13801 MHz, 473.05 W, 600.00 W, 600.00 W, 65, 15808 MiB, 99 %, 5, 16
2026/09/20 11:49:38.033, 0, P1, 2902 MHz, 13801 MHz, 473.05 W, 600.00 W, 600.00 W, 65, 15808 MiB, 99 %, 5, 16
2026/09/20 11:49:38.284, 0, P1, 2910 MHz, 13801 MHz, 482.65 W, 600.00 W, 600.00 W, 65, 15808 MiB, 99 %, 5, 16
2026/09/20 11:49:38.535, 0, P1, 2910 MHz, 13801 MHz, 482.65 W, 600.00 W, 600.00 W, 65, 15808 MiB, 99 %, 5, 16
2026/09/20 11:49:38.786, 0, P1, 2910 MHz, 13801 MHz, 483.44 W, 600.00 W, 600.00 W, 65, 15808 MiB, 99 %, 5, 16
2026/09/20 11:49:39.037, 0, P1, 2910 MHz, 13801 MHz, 483.44 W, 600.00 W, 600.00 W, 65, 15808 MiB, 99 %, 5, 16
2026/09/20 11:49:39.288, 0, P1, 2910 MHz, 13801 MHz, 483.56 W, 600.00 W, 600.00 W, 65, 15808 MiB, 99 %, 5, 16
2026/09/20 11:49:39.539, 0, P1, 2910 MHz, 13801 MHz, 483.56 W, 600.00 W, 600.00 W, 65, 15808 MiB, 99 %, 5, 16
2026/09/20 11:49:39.791, 0, P1, 2910 MHz, 13801 MHz, 478.62 W, 600.00 W, 600.00 W, 65, 15808 MiB, 99 %, 5, 16
2026/09/20 11:49:40.042, 0, P1, 2910 MHz, 13801 MHz, 459.37 W, 600.00 W, 600.00 W, 65, 15808 MiB, 99 %, 5, 16
2026/09/20 11:49:40.294, 0, P1, 2910 MHz, 13801 MHz, 459.37 W, 600.00 W, 600.00 W, 65, 15808 MiB, 99 %, 5, 16
2026/09/20 11:49:40.545, 0, P1, 2910 MHz, 13801 MHz, 465.03 W, 600.00 W, 600.00 W, 65, 15808 MiB, 99 %, 5, 16
2026/09/20 11:49:40.796, 0, P1, 2910 MHz, 13801 MHz, 465.03 W, 600.00 W, 600.00 W, 65, 15808 MiB, 99 %, 5, 16
2026/09/20 11:49:41.047, 0, P1, 2910 MHz, 13801 MHz, 485.53 W, 600.00 W, 600.00 W, 65, 15808 MiB, 99 %, 5, 16
2026/09/20 11:49:41.298, 0, P1, 2910 MHz, 13801 MHz, 485.53 W, 600.00 W, 600.00 W, 65, 15808 MiB, 99 %, 5, 16
2026/09/20 11:49:41.549, 0, P1, 2910 MHz, 13801 MHz, 485.81 W, 600.00 W, 600.00 W, 65, 15808 MiB, 99 %, 5, 16
2026/09/20 11:49:41.800, 0, P1, 2910 MHz, 13801 MHz, 485.81 W, 600.00 W, 600.00 W, 65, 15808 MiB, 99 %, 5, 16
2026/09/20 11:49:42.051, 0, P1, 2910 MHz, 13801 MHz, 485.83 W, 600.00 W, 600.00 W, 65, 15808 MiB, 99 %, 5, 16
2026/09/20 11:49:42.302, 0, P1, 2910 MHz, 13801 MHz, 485.83 W, 600.00 W, 600.00 W, 65, 15808 MiB, 99 %, 5, 16
2026/09/20 11:49:42.553, 0, P1, 2910 MHz, 13801 MHz, 485.67 W, 600.00 W, 600.00 W, 65, 15808 MiB, 99 %, 5, 16
2026/09/20 11:49:42.804, 0, P1, 2910 MHz, 13801 MHz, 485.67 W, 600.00 W, 600.00 W, 65, 15808 MiB, 99 %, 5, 16
2026/09/20 11:49:43.055, 0, P1, 2910 MHz, 13801 MHz, 485.46 W, 600.00 W, 600.00 W, 65, 15808 MiB, 99 %, 5, 16
2026/09/20 11:49:43.306, 0, P1, 2910 MHz, 13801 MHz, 485.46 W, 600.00 W, 600.00 W, 65, 15808 MiB, 99 %, 5, 16
2026/09/20 11:49:43.557, 0, P1, 2910 MHz, 13801 MHz, 485.25 W, 600.00 W, 600.00 W, 65, 15808 MiB, 99 %, 5, 16
2026/09/20 11:49:43.809, 0, P1, 2910 MHz, 13801 MHz, 485.25 W, 600.00 W, 600.00 W, 65, 15808 MiB, 99 %, 5, 16
2026/09/20 11:49:44.060, 0, P1, 2910 MHz, 13801 MHz, 481.29 W, 600.00 W, 600.00 W, 65, 15808 MiB, 99 %, 5, 16
2026/09/20 11:49:44.311, 0, P1, 2910 MHz, 13801 MHz, 481.29 W, 600.00 W, 600.00 W, 65, 15808 MiB, 99 %, 5, 16
2026/09/20 11:49:44.562, 0, P1, 2910 MHz, 13801 MHz, 481.01 W, 600.00 W, 600.00 W, 65, 15808 MiB, 99 %, 5, 16
2026/09/20 11:49:44.813, 0, P1, 2910 MHz, 13801 MHz, 481.01 W, 600.00 W, 600.00 W, 65, 15808 MiB, 99 %, 5, 16
2026/09/20 11:49:45.064, 0, P1, 2910 MHz, 13801 MHz, 485.56 W, 600.00 W, 600.00 W, 65, 15808 MiB, 99 %, 5, 16
2026/09/20 11:49:45.315, 0, P1, 2910 MHz, 13801 MHz, 485.56 W, 600.00 W, 600.00 W, 65, 15808 MiB, 99 %, 5, 16
2026/09/20 11:49:45.566, 0, P1, 2910 MHz, 13801 MHz, 478.85 W, 600.00 W, 600.00 W, 65, 15808 MiB, 99 %, 5, 16
2026/09/20 11:49:45.817, 0, P1, 2910 MHz, 13801 MHz, 478.85 W, 600.00 W, 600.00 W, 65, 15808 MiB, 99 %, 5, 16
2026/09/20 11:49:46.068, 0, P1, 2910 MHz, 13801 MHz, 474.24 W, 600.00 W, 600.00 W, 64, 15808 MiB, 85 %, 5, 16
2026/09/20 11:49:46.319, 0, P1, 2910 MHz, 13801 MHz, 474.24 W, 600.00 W, 600.00 W, 64, 15808 MiB, 85 %, 5, 16
2026/09/20 11:49:46.570, 0, P1, 2895 MHz, 13801 MHz, 476.95 W, 600.00 W, 600.00 W, 65, 15808 MiB, 99 %, 5, 16
2026/09/20 11:49:46.821, 0, P1, 2895 MHz, 13801 MHz, 476.95 W, 600.00 W, 600.00 W, 65, 15808 MiB, 99 %, 5, 16
2026/09/20 11:49:47.072, 0, P1, 2902 MHz, 13801 MHz, 481.10 W, 600.00 W, 600.00 W, 65, 15808 MiB, 99 %, 5, 16
2026/09/20 11:49:47.355, 0, P1, 2902 MHz, 13801 MHz, 481.10 W, 600.00 W, 600.00 W, 65, 15808 MiB, 99 %, 5, 16
2026/09/20 11:49:47.606, 0, P1, 2910 MHz, 13801 MHz, 457.85 W, 600.00 W, 600.00 W, 64, 15808 MiB, 99 %, 5, 16
2026/09/20 11:49:47.857, 0, P1, 2910 MHz, 13801 MHz, 457.85 W, 600.00 W, 600.00 W, 64, 15808 MiB, 99 %, 5, 16
2026/09/20 11:49:48.108, 0, P1, 2910 MHz, 13801 MHz, 459.74 W, 600.00 W, 600.00 W, 65, 15808 MiB, 99 %, 5, 16
2026/09/20 11:49:48.359, 0, P1, 2910 MHz, 13801 MHz, 459.74 W, 600.00 W, 600.00 W, 65, 15808 MiB, 99 %, 5, 16
2026/09/20 11:49:48.610, 0, P1, 2910 MHz, 13801 MHz, 486.18 W, 600.00 W, 600.00 W, 65, 15808 MiB, 99 %, 5, 16
2026/09/20 11:49:48.861, 0, P1, 2910 MHz, 13801 MHz, 486.18 W, 600.00 W, 600.00 W, 65, 15808 MiB, 99 %, 5, 16
2026/09/20 11:49:49.112, 0, P1, 2910 MHz, 13801 MHz, 486.75 W, 600.00 W, 600.00 W, 65, 15808 MiB, 99 %, 5, 16
2026/09/20 11:49:49.363, 0, P1, 2910 MHz, 13801 MHz, 486.75 W, 600.00 W, 600.00 W, 65, 15808 MiB, 99 %, 5, 16
2026/09/20 11:49:49.614, 0, P1, 2910 MHz, 13801 MHz, 486.65 W, 600.00 W, 600.00 W, 65, 15808 MiB, 99 %, 5, 16
2026/09/20 11:49:49.865, 0, P1, 2910 MHz, 13801 MHz, 486.65 W, 600.00 W, 600.00 W, 65, 15808 MiB, 99 %, 5, 16
2026/09/20 11:49:50.116, 0, P1, 2910 MHz, 13801 MHz, 486.55 W, 600.00 W, 600.00 W, 65, 15808 MiB, 99 %, 5, 16
2026/09/20 11:49:50.367, 0, P1, 2910 MHz, 13801 MHz, 486.55 W, 600.00 W, 600.00 W, 65, 15808 MiB, 99 %, 5, 16
2026/09/20 11:49:50.618, 0, P1, 2910 MHz, 13801 MHz, 475.44 W, 600.00 W, 600.00 W, 65, 15808 MiB, 99 %, 5, 16
2026/09/20 11:49:50.870, 0, P1, 2910 MHz, 13801 MHz, 475.44 W, 600.00 W, 600.00 W, 65, 15808 MiB, 99 %, 5, 16
2026/09/20 11:49:51.121, 0, P1, 2910 MHz, 13801 MHz, 476.29 W, 600.00 W, 600.00 W, 65, 15808 MiB, 99 %, 5, 16
2026/09/20 11:49:51.372, 0, P1, 2910 MHz, 13801 MHz, 476.29 W, 600.00 W, 600.00 W, 65, 15808 MiB, 99 %, 5, 16
2026/09/20 11:49:51.623, 0, P1, 2910 MHz, 13801 MHz, 485.81 W, 600.00 W, 600.00 W, 65, 15808 MiB, 99 %, 5, 16
2026/09/20 11:49:51.874, 0, P1, 2910 MHz, 13801 MHz, 485.81 W, 600.00 W, 600.00 W, 65, 15808 MiB, 99 %, 5, 16
2026/09/20 11:49:52.125, 0, P1, 2910 MHz, 13801 MHz, 482.48 W, 600.00 W, 600.00 W, 65, 15808 MiB, 99 %, 5, 16
2026/09/20 11:49:52.376, 0, P1, 2910 MHz, 13801 MHz, 482.48 W, 600.00 W, 600.00 W, 65, 15808 MiB, 99 %, 5, 16
2026/09/20 11:49:52.627, 0, P1, 2910 MHz, 13801 MHz, 481.82 W, 600.00 W, 600.00 W, 65, 15808 MiB, 99 %, 5, 16
2026/09/20 11:49:52.878, 0, P1, 2910 MHz, 13801 MHz, 481.82 W, 600.00 W, 600.00 W, 65, 15808 MiB, 99 %, 5, 16
2026/09/20 11:49:53.129, 0, P1, 2910 MHz, 13801 MHz, 485.13 W, 600.00 W, 600.00 W, 65, 15808 MiB, 99 %, 5, 16
2026/09/20 11:49:53.380, 0, P1, 2910 MHz, 13801 MHz, 485.13 W, 600.00 W, 600.00 W, 65, 15808 MiB, 99 %, 5, 16
2026/09/20 11:49:53.631, 0, P1, 2910 MHz, 13801 MHz, 486.32 W, 600.00 W, 600.00 W, 65, 15808 MiB, 99 %, 5, 16
2026/09/20 11:49:53.884, 0, P1, 2910 MHz, 13801 MHz, 486.32 W, 600.00 W, 600.00 W, 65, 15808 MiB, 99 %, 5, 16
2026/09/20 11:49:54.135, 0, P1, 2910 MHz, 13801 MHz, 481.53 W, 600.00 W, 600.00 W, 65, 15808 MiB, 99 %, 5, 16
2026/09/20 11:49:54.386, 0, P1, 2910 MHz, 13801 MHz, 481.53 W, 600.00 W, 600.00 W, 65, 15808 MiB, 99 %, 5, 16
2026/09/20 11:49:54.637, 0, P1, 2910 MHz, 13801 MHz, 481.58 W, 600.00 W, 600.00 W, 65, 15808 MiB, 99 %, 5, 16
2026/09/20 11:49:54.888, 0, P1, 2910 MHz, 13801 MHz, 481.58 W, 600.00 W, 600.00 W, 65, 15808 MiB, 99 %, 5, 16
2026/09/20 11:49:55.139, 0, P1, 2910 MHz, 13801 MHz, 487.33 W, 600.00 W, 600.00 W, 65, 15808 MiB, 99 %, 5, 16
2026/09/20 11:49:55.391, 0, P1, 2910 MHz, 13801 MHz, 487.33 W, 600.00 W, 600.00 W, 65, 15808 MiB, 99 %, 5, 16
2026/09/20 11:49:55.642, 0, P1, 2910 MHz, 13801 MHz, 487.65 W, 600.00 W, 600.00 W, 65, 15808 MiB, 99 %, 5, 16
2026/09/20 11:49:55.893, 0, P1, 2910 MHz, 13801 MHz, 487.65 W, 600.00 W, 600.00 W, 65, 15808 MiB, 99 %, 5, 16
2026/09/20 11:49:56.144, 0, P1, 2910 MHz, 13801 MHz, 487.60 W, 600.00 W, 600.00 W, 65, 15808 MiB, 98 %, 5, 16
2026/09/20 11:49:56.395, 0, P1, 2910 MHz, 13801 MHz, 487.60 W, 600.00 W, 600.00 W, 65, 15808 MiB, 98 %, 5, 16
2026/09/20 11:49:56.646, 0, P1, 2910 MHz, 13801 MHz, 487.23 W, 600.00 W, 600.00 W, 65, 15808 MiB, 99 %, 5, 16
2026/09/20 11:49:56.897, 0, P1, 2910 MHz, 13801 MHz, 487.23 W, 600.00 W, 600.00 W, 65, 15808 MiB, 99 %, 5, 16
2026/09/20 11:49:57.148, 0, P1, 2910 MHz, 13801 MHz, 487.20 W, 600.00 W, 600.00 W, 65, 15808 MiB, 99 %, 5, 16
2026/09/20 11:49:57.399, 0, P1, 2910 MHz, 13801 MHz, 487.20 W, 600.00 W, 600.00 W, 65, 15808 MiB, 99 %, 5, 16
2026/09/20 11:49:57.650, 0, P1, 2910 MHz, 13801 MHz, 481.28 W, 600.00 W, 600.00 W, 65, 15808 MiB, 99 %, 5, 16
2026/09/20 11:49:57.901, 0, P1, 2910 MHz, 13801 MHz, 481.28 W, 600.00 W, 600.00 W, 65, 15808 MiB, 99 %, 5, 16
2026/09/20 11:49:58.152, 0, P1, 2910 MHz, 13801 MHz, 481.21 W, 600.00 W, 600.00 W, 65, 15808 MiB, 99 %, 5, 16
2026/09/20 11:49:58.403, 0, P1, 2910 MHz, 13801 MHz, 481.21 W, 600.00 W, 600.00 W, 65, 15808 MiB, 99 %, 5, 16
2026/09/20 11:49:58.654, 0, P1, 2910 MHz, 13801 MHz, 481.83 W, 600.00 W, 600.00 W, 65, 15808 MiB, 99 %, 5, 16
2026/09/20 11:49:58.905, 0, P1, 2910 MHz, 13801 MHz, 481.83 W, 600.00 W, 600.00 W, 65, 15808 MiB, 99 %, 5, 16
2026/09/20 11:49:59.156, 0, P1, 2910 MHz, 13801 MHz, 476.85 W, 600.00 W, 600.00 W, 65, 15808 MiB, 99 %, 5, 16
2026/09/20 11:49:59.407, 0, P1, 2910 MHz, 13801 MHz, 476.85 W, 600.00 W, 600.00 W, 65, 15808 MiB, 99 %, 5, 16
2026/09/20 11:49:59.658, 0, P1, 2910 MHz, 13801 MHz, 483.00 W, 600.00 W, 600.00 W, 65, 15808 MiB, 99 %, 5, 16
2026/09/20 11:49:59.910, 0, P1, 2910 MHz, 13801 MHz, 483.00 W, 600.00 W, 600.00 W, 65, 15808 MiB, 99 %, 5, 16
2026/09/20 11:50:00.161, 0, P1, 2910 MHz, 13801 MHz, 488.08 W, 600.00 W, 600.00 W, 65, 15808 MiB, 99 %, 5, 16
2026/09/20 11:50:00.412, 0, P1, 2910 MHz, 13801 MHz, 488.08 W, 600.00 W, 600.00 W, 65, 15808 MiB, 99 %, 5, 16
2026/09/20 11:50:00.663, 0, P1, 2910 MHz, 13801 MHz, 483.03 W, 600.00 W, 600.00 W, 65, 15808 MiB, 99 %, 5, 16
2026/09/20 11:50:00.914, 0, P1, 2910 MHz, 13801 MHz, 483.03 W, 600.00 W, 600.00 W, 65, 15808 MiB, 99 %, 5, 16
2026/09/20 11:50:01.165, 0, P1, 2910 MHz, 13801 MHz, 482.73 W, 600.00 W, 600.00 W, 65, 15808 MiB, 99 %, 5, 16
2026/09/20 11:50:01.416, 0, P1, 2910 MHz, 13801 MHz, 482.73 W, 600.00 W, 600.00 W, 65, 15808 MiB, 99 %, 5, 16
2026/09/20 11:50:01.667, 0, P1, 2910 MHz, 13801 MHz, 488.07 W, 600.00 W, 600.00 W, 65, 15808 MiB, 99 %, 5, 16
2026/09/20 11:50:01.918, 0, P1, 2910 MHz, 13801 MHz, 488.07 W, 600.00 W, 600.00 W, 65, 15808 MiB, 99 %, 5, 16
2026/09/20 11:50:02.169, 0, P1, 2910 MHz, 13801 MHz, 488.26 W, 600.00 W, 600.00 W, 65, 15808 MiB, 99 %, 5, 16
2026/09/20 11:50:02.420, 0, P1, 2910 MHz, 13801 MHz, 488.26 W, 600.00 W, 600.00 W, 65, 15808 MiB, 99 %, 5, 16
2026/09/20 11:50:02.671, 0, P1, 2910 MHz, 13801 MHz, 488.46 W, 600.00 W, 600.00 W, 65, 15808 MiB, 99 %, 5, 16
2026/09/20 11:50:02.922, 0, P1, 2910 MHz, 13801 MHz, 488.46 W, 600.00 W, 600.00 W, 65, 15808 MiB, 99 %, 5, 16
2026/09/20 11:50:03.173, 0, P1, 2910 MHz, 13801 MHz, 488.69 W, 600.00 W, 600.00 W, 65, 15808 MiB, 99 %, 5, 16
2026/09/20 11:50:03.424, 0, P1, 2910 MHz, 13801 MHz, 488.69 W, 600.00 W, 600.00 W, 65, 15808 MiB, 99 %, 5, 16
2026/09/20 11:50:03.675, 0, P1, 2910 MHz, 13801 MHz, 488.91 W, 600.00 W, 600.00 W, 65, 15808 MiB, 99 %, 5, 16
2026/09/20 11:50:03.926, 0, P1, 2910 MHz, 13801 MHz, 488.91 W, 600.00 W, 600.00 W, 65, 15808 MiB, 99 %, 5, 16
2026/09/20 11:50:04.177, 0, P1, 2910 MHz, 13801 MHz, 488.86 W, 600.00 W, 600.00 W, 65, 15808 MiB, 99 %, 5, 16
2026/09/20 11:50:04.429, 0, P1, 2910 MHz, 13801 MHz, 488.86 W, 600.00 W, 600.00 W, 65, 15808 MiB, 99 %, 5, 16
2026/09/20 11:50:04.680, 0, P1, 2910 MHz, 13801 MHz, 488.53 W, 600.00 W, 600.00 W, 65, 15808 MiB, 99 %, 5, 16
2026/09/20 11:50:04.931, 0, P1, 2910 MHz, 13801 MHz, 488.53 W, 600.00 W, 600.00 W, 65, 15808 MiB, 99 %, 5, 16
2026/09/20 11:50:05.182, 0, P1, 2910 MHz, 13801 MHz, 488.31 W, 600.00 W, 600.00 W, 65, 15808 MiB, 99 %, 5, 16
2026/09/20 11:50:05.433, 0, P1, 2910 MHz, 13801 MHz, 488.31 W, 600.00 W, 600.00 W, 65, 15808 MiB, 99 %, 5, 16
2026/09/20 11:50:05.691, 0, P1, 2910 MHz, 13801 MHz, 488.01 W, 600.00 W, 600.00 W, 65, 15808 MiB, 99 %, 5, 16
2026/09/20 11:50:05.942, 0, P1, 2910 MHz, 13801 MHz, 488.01 W, 600.00 W, 600.00 W, 65, 15808 MiB, 99 %, 5, 16
2026/09/20 11:50:06.193, 0, P1, 2910 MHz, 13801 MHz, 486.43 W, 600.00 W, 600.00 W, 65, 15808 MiB, 99 %, 5, 16
2026/09/20 11:50:06.444, 0, P1, 2910 MHz, 13801 MHz, 486.43 W, 600.00 W, 600.00 W, 65, 15808 MiB, 99 %, 5, 16
2026/09/20 11:50:06.695, 0, P1, 2910 MHz, 13801 MHz, 486.50 W, 600.00 W, 600.00 W, 65, 15808 MiB, 99 %, 5, 16
2026/09/20 11:50:06.946, 0, P1, 2910 MHz, 13801 MHz, 486.50 W, 600.00 W, 600.00 W, 65, 15808 MiB, 99 %, 5, 16
2026/09/20 11:50:07.197, 0, P1, 2910 MHz, 13801 MHz, 486.53 W, 600.00 W, 600.00 W, 65, 15808 MiB, 95 %, 5, 16
2026/09/20 11:50:07.448, 0, P1, 2910 MHz, 13801 MHz, 486.53 W, 600.00 W, 600.00 W, 65, 15808 MiB, 95 %, 5, 16
2026/09/20 11:50:07.699, 0, P1, 2910 MHz, 13801 MHz, 486.67 W, 600.00 W, 600.00 W, 65, 15808 MiB, 99 %, 5, 16
2026/09/20 11:50:07.950, 0, P1, 2910 MHz, 13801 MHz, 486.67 W, 600.00 W, 600.00 W, 65, 15808 MiB, 99 %, 5, 16
2026/09/20 11:50:08.201, 0, P1, 2910 MHz, 13801 MHz, 486.75 W, 600.00 W, 600.00 W, 65, 15808 MiB, 99 %, 5, 16
2026/09/20 11:50:08.452, 0, P1, 2910 MHz, 13801 MHz, 486.75 W, 600.00 W, 600.00 W, 65, 15808 MiB, 99 %, 5, 16
2026/09/20 11:50:08.703, 0, P1, 2910 MHz, 13801 MHz, 484.64 W, 600.00 W, 600.00 W, 65, 15824 MiB, 99 %, 5, 16
2026/09/20 11:50:08.973, 0, P1, 2910 MHz, 13801 MHz, 484.64 W, 600.00 W, 600.00 W, 65, 15911 MiB, 99 %, 5, 16
2026/09/20 11:50:09.226, 0, P1, 2910 MHz, 13801 MHz, 475.60 W, 600.00 W, 600.00 W, 65, 16311 MiB, 100 %, 5, 16
2026/09/20 11:50:09.477, 0, P1, 2910 MHz, 13801 MHz, 475.60 W, 600.00 W, 600.00 W, 65, 16311 MiB, 100 %, 5, 16
2026/09/20 11:50:09.728, 0, P1, 2910 MHz, 13801 MHz, 478.67 W, 600.00 W, 600.00 W, 65, 16313 MiB, 99 %, 5, 16
2026/09/20 11:50:09.979, 0, P1, 2910 MHz, 13801 MHz, 478.67 W, 600.00 W, 600.00 W, 65, 17337 MiB, 99 %, 5, 16
2026/09/20 11:50:10.230, 0, P1, 2910 MHz, 13801 MHz, 489.27 W, 600.00 W, 600.00 W, 65, 16311 MiB, 100 %, 5, 16
2026/09/20 11:50:10.481, 0, P1, 2910 MHz, 13801 MHz, 489.27 W, 600.00 W, 600.00 W, 65, 16311 MiB, 100 %, 5, 16
2026/09/20 11:50:10.732, 0, P1, 2910 MHz, 13801 MHz, 489.81 W, 600.00 W, 600.00 W, 65, 16313 MiB, 99 %, 5, 16
2026/09/20 11:50:10.984, 0, P1, 2910 MHz, 13801 MHz, 489.81 W, 600.00 W, 600.00 W, 65, 16313 MiB, 99 %, 5, 16
2026/09/20 11:50:11.244, 0, P1, 2910 MHz, 13801 MHz, 490.14 W, 600.00 W, 600.00 W, 65, 17339 MiB, 99 %, 5, 16
2026/09/20 11:50:11.495, 0, P1, 2910 MHz, 13801 MHz, 490.14 W, 600.00 W, 600.00 W, 65, 17339 MiB, 99 %, 5, 16
2026/09/20 11:50:11.746, 0, P1, 2910 MHz, 13801 MHz, 487.91 W, 600.00 W, 600.00 W, 65, 17337 MiB, 99 %, 5, 16
2026/09/20 11:50:11.997, 0, P1, 2910 MHz, 13801 MHz, 487.91 W, 600.00 W, 600.00 W, 65, 16311 MiB, 99 %, 5, 16
2026/09/20 11:50:12.248, 0, P1, 2910 MHz, 13801 MHz, 484.68 W, 600.00 W, 600.00 W, 65, 16311 MiB, 99 %, 5, 16
2026/09/20 11:50:12.499, 0, P1, 2910 MHz, 13801 MHz, 484.68 W, 600.00 W, 600.00 W, 65, 18359 MiB, 99 %, 5, 16
2026/09/20 11:50:12.750, 0, P1, 2910 MHz, 13801 MHz, 479.52 W, 600.00 W, 600.00 W, 64, 15808 MiB, 100 %, 5, 16
2026/09/20 11:50:13.004, 0, P1, 2910 MHz, 13801 MHz, 479.52 W, 600.00 W, 600.00 W, 64, 15808 MiB, 100 %, 5, 16
2026/09/20 11:50:13.255, 0, P1, 2910 MHz, 13801 MHz, 480.59 W, 600.00 W, 600.00 W, 65, 15808 MiB, 99 %, 5, 16
2026/09/20 11:50:13.506, 0, P1, 2910 MHz, 13801 MHz, 480.59 W, 600.00 W, 600.00 W, 65, 15808 MiB, 99 %, 5, 16
2026/09/20 11:50:13.757, 0, P1, 2910 MHz, 13801 MHz, 485.49 W, 600.00 W, 600.00 W, 65, 15808 MiB, 99 %, 5, 16
2026/09/20 11:50:14.008, 0, P1, 2910 MHz, 13801 MHz, 485.49 W, 600.00 W, 600.00 W, 65, 15808 MiB, 99 %, 5, 16
2026/09/20 11:50:14.259, 0, P1, 2910 MHz, 13801 MHz, 489.29 W, 600.00 W, 600.00 W, 65, 15808 MiB, 99 %, 5, 16
2026/09/20 11:50:14.510, 0, P1, 2910 MHz, 13801 MHz, 489.29 W, 600.00 W, 600.00 W, 65, 15808 MiB, 99 %, 5, 16
2026/09/20 11:50:14.761, 0, P1, 2910 MHz, 13801 MHz, 489.12 W, 600.00 W, 600.00 W, 65, 15808 MiB, 99 %, 5, 16
2026/09/20 11:50:15.012, 0, P1, 2910 MHz, 13801 MHz, 489.12 W, 600.00 W, 600.00 W, 65, 15808 MiB, 99 %, 5, 16
2026/09/20 11:50:15.263, 0, P1, 2910 MHz, 13801 MHz, 485.68 W, 600.00 W, 600.00 W, 65, 15808 MiB, 99 %, 5, 16
2026/09/20 11:50:15.514, 0, P1, 2910 MHz, 13801 MHz, 485.68 W, 600.00 W, 600.00 W, 65, 15808 MiB, 99 %, 5, 16
2026/09/20 11:50:15.769, 0, P1, 2910 MHz, 13801 MHz, 484.63 W, 600.00 W, 600.00 W, 65, 15808 MiB, 99 %, 5, 16
2026/09/20 11:50:16.020, 0, P1, 2910 MHz, 13801 MHz, 484.63 W, 600.00 W, 600.00 W, 65, 15808 MiB, 99 %, 5, 16
2026/09/20 11:50:16.271, 0, P1, 2910 MHz, 13801 MHz, 488.15 W, 600.00 W, 600.00 W, 65, 15808 MiB, 99 %, 5, 16
2026/09/20 11:50:16.522, 0, P1, 2910 MHz, 13801 MHz, 488.15 W, 600.00 W, 600.00 W, 65, 15808 MiB, 99 %, 5, 16
2026/09/20 11:50:16.773, 0, P1, 2910 MHz, 13801 MHz, 489.31 W, 600.00 W, 600.00 W, 65, 15808 MiB, 99 %, 5, 16
2026/09/20 11:50:17.025, 0, P1, 2910 MHz, 13801 MHz, 489.31 W, 600.00 W, 600.00 W, 65, 15808 MiB, 99 %, 5, 16
2026/09/20 11:50:17.276, 0, P1, 2910 MHz, 13801 MHz, 489.29 W, 600.00 W, 600.00 W, 65, 15808 MiB, 99 %, 5, 16
2026/09/20 11:50:17.527, 0, P1, 2910 MHz, 13801 MHz, 489.29 W, 600.00 W, 600.00 W, 65, 15808 MiB, 99 %, 5, 16
2026/09/20 11:50:17.778, 0, P1, 2910 MHz, 13801 MHz, 488.85 W, 600.00 W, 600.00 W, 65, 15808 MiB, 99 %, 5, 16
2026/09/20 11:50:18.029, 0, P1, 2910 MHz, 13801 MHz, 488.85 W, 600.00 W, 600.00 W, 65, 15808 MiB, 99 %, 5, 16
2026/09/20 11:50:18.280, 0, P1, 2910 MHz, 13801 MHz, 486.39 W, 600.00 W, 600.00 W, 65, 15808 MiB, 99 %, 5, 16
2026/09/20 11:50:18.531, 0, P1, 2910 MHz, 13801 MHz, 486.39 W, 600.00 W, 600.00 W, 65, 15808 MiB, 99 %, 5, 16
2026/09/20 11:50:18.782, 0, P1, 2910 MHz, 13801 MHz, 480.01 W, 600.00 W, 600.00 W, 65, 15808 MiB, 99 %, 5, 16
2026/09/20 11:50:19.033, 0, P1, 2910 MHz, 13801 MHz, 480.01 W, 600.00 W, 600.00 W, 65, 15808 MiB, 99 %, 5, 16
2026/09/20 11:50:19.284, 0, P1, 2910 MHz, 13801 MHz, 475.80 W, 600.00 W, 600.00 W, 64, 15808 MiB, 83 %, 5, 16
2026/09/20 11:50:19.535, 0, P1, 2910 MHz, 13801 MHz, 475.80 W, 600.00 W, 600.00 W, 64, 15808 MiB, 83 %, 5, 16
2026/09/20 11:50:19.787, 0, P1, 2910 MHz, 13801 MHz, 481.43 W, 600.00 W, 600.00 W, 65, 15808 MiB, 99 %, 5, 16
2026/09/20 11:50:20.038, 0, P1, 2910 MHz, 13801 MHz, 481.43 W, 600.00 W, 600.00 W, 65, 15808 MiB, 99 %, 5, 16
2026/09/20 11:50:20.289, 0, P1, 2910 MHz, 13801 MHz, 477.94 W, 600.00 W, 600.00 W, 65, 15808 MiB, 99 %, 5, 16
2026/09/20 11:50:20.540, 0, P1, 2910 MHz, 13801 MHz, 477.94 W, 600.00 W, 600.00 W, 65, 15808 MiB, 99 %, 5, 16
2026/09/20 11:50:20.791, 0, P1, 2910 MHz, 13801 MHz, 478.72 W, 600.00 W, 600.00 W, 65, 15808 MiB, 99 %, 5, 16
2026/09/20 11:50:21.042, 0, P1, 2910 MHz, 13801 MHz, 478.72 W, 600.00 W, 600.00 W, 65, 15808 MiB, 99 %, 5, 16
2026/09/20 11:50:21.293, 0, P1, 2910 MHz, 13801 MHz, 483.12 W, 600.00 W, 600.00 W, 65, 15808 MiB, 99 %, 5, 16
2026/09/20 11:50:21.544, 0, P1, 2910 MHz, 13801 MHz, 483.12 W, 600.00 W, 600.00 W, 65, 15808 MiB, 99 %, 5, 16
2026/09/20 11:50:21.795, 0, P1, 2910 MHz, 13801 MHz, 488.07 W, 600.00 W, 600.00 W, 65, 15808 MiB, 99 %, 5, 16
2026/09/20 11:50:22.047, 0, P1, 2910 MHz, 13801 MHz, 488.07 W, 600.00 W, 600.00 W, 65, 15808 MiB, 99 %, 5, 16
2026/09/20 11:50:22.299, 0, P1, 2910 MHz, 13801 MHz, 488.35 W, 600.00 W, 600.00 W, 65, 15808 MiB, 99 %, 5, 16
2026/09/20 11:50:22.550, 0, P1, 2910 MHz, 13801 MHz, 488.64 W, 600.00 W, 600.00 W, 65, 15808 MiB, 99 %, 5, 16
2026/09/20 11:50:22.801, 0, P1, 2910 MHz, 13801 MHz, 488.64 W, 600.00 W, 600.00 W, 65, 15808 MiB, 99 %, 5, 16
2026/09/20 11:50:23.053, 0, P1, 2910 MHz, 13801 MHz, 488.10 W, 600.00 W, 600.00 W, 65, 15808 MiB, 92 %, 5, 16
2026/09/20 11:50:23.304, 0, P1, 2910 MHz, 13801 MHz, 488.10 W, 600.00 W, 600.00 W, 65, 15808 MiB, 92 %, 5, 16
2026/09/20 11:50:23.555, 0, P1, 2910 MHz, 13801 MHz, 478.61 W, 600.00 W, 600.00 W, 65, 15808 MiB, 99 %, 5, 16
2026/09/20 11:50:23.806, 0, P1, 2910 MHz, 13801 MHz, 478.61 W, 600.00 W, 600.00 W, 65, 15808 MiB, 99 %, 5, 16
2026/09/20 11:50:24.057, 0, P1, 2910 MHz, 13801 MHz, 478.09 W, 600.00 W, 600.00 W, 65, 15808 MiB, 99 %, 5, 16
2026/09/20 11:50:24.308, 0, P1, 2910 MHz, 13801 MHz, 478.09 W, 600.00 W, 600.00 W, 65, 15808 MiB, 99 %, 5, 16
2026/09/20 11:50:24.559, 0, P1, 2910 MHz, 13801 MHz, 485.79 W, 600.00 W, 600.00 W, 65, 15808 MiB, 99 %, 5, 16
2026/09/20 11:50:24.811, 0, P1, 2910 MHz, 13801 MHz, 485.79 W, 600.00 W, 600.00 W, 65, 15808 MiB, 99 %, 5, 16
2026/09/20 11:50:25.062, 0, P1, 2910 MHz, 13801 MHz, 483.19 W, 600.00 W, 600.00 W, 65, 15808 MiB, 99 %, 5, 16
2026/09/20 11:50:25.313, 0, P1, 2910 MHz, 13801 MHz, 483.19 W, 600.00 W, 600.00 W, 65, 15808 MiB, 99 %, 5, 16
2026/09/20 11:50:25.564, 0, P1, 2910 MHz, 13801 MHz, 486.13 W, 600.00 W, 600.00 W, 65, 15808 MiB, 99 %, 5, 16
2026/09/20 11:50:25.815, 0, P1, 2910 MHz, 13801 MHz, 486.13 W, 600.00 W, 600.00 W, 65, 15808 MiB, 99 %, 5, 16
2026/09/20 11:50:26.066, 0, P1, 2910 MHz, 13801 MHz, 488.16 W, 600.00 W, 600.00 W, 65, 15808 MiB, 99 %, 5, 16
2026/09/20 11:50:26.317, 0, P1, 2910 MHz, 13801 MHz, 488.16 W, 600.00 W, 600.00 W, 65, 15808 MiB, 99 %, 5, 16
2026/09/20 11:50:26.568, 0, P1, 2910 MHz, 13801 MHz, 484.04 W, 600.00 W, 600.00 W, 65, 15808 MiB, 99 %, 5, 16
2026/09/20 11:50:26.819, 0, P1, 2910 MHz, 13801 MHz, 484.04 W, 600.00 W, 600.00 W, 65, 15808 MiB, 99 %, 5, 16
2026/09/20 11:50:27.070, 0, P1, 2910 MHz, 13801 MHz, 483.21 W, 600.00 W, 600.00 W, 65, 15808 MiB, 99 %, 5, 16
2026/09/20 11:50:27.322, 0, P1, 2910 MHz, 13801 MHz, 483.21 W, 600.00 W, 600.00 W, 65, 15808 MiB, 99 %, 5, 16
2026/09/20 11:50:27.573, 0, P1, 2910 MHz, 13801 MHz, 486.59 W, 600.00 W, 600.00 W, 65, 15808 MiB, 99 %, 5, 16
2026/09/20 11:50:27.824, 0, P1, 2910 MHz, 13801 MHz, 486.59 W, 600.00 W, 600.00 W, 65, 15808 MiB, 99 %, 5, 16
2026/09/20 11:50:28.075, 0, P1, 2910 MHz, 13801 MHz, 487.19 W, 600.00 W, 600.00 W, 65, 15808 MiB, 99 %, 5, 16
2026/09/20 11:50:28.326, 0, P1, 2910 MHz, 13801 MHz, 487.19 W, 600.00 W, 600.00 W, 65, 15808 MiB, 99 %, 5, 16
2026/09/20 11:50:28.577, 0, P1, 2910 MHz, 13801 MHz, 487.38 W, 600.00 W, 600.00 W, 65, 15808 MiB, 99 %, 5, 16
2026/09/20 11:50:28.828, 0, P1, 2910 MHz, 13801 MHz, 487.38 W, 600.00 W, 600.00 W, 65, 15808 MiB, 99 %, 5, 16
2026/09/20 11:50:29.079, 0, P1, 2910 MHz, 13801 MHz, 487.11 W, 600.00 W, 600.00 W, 65, 15808 MiB, 99 %, 5, 16
2026/09/20 11:50:29.331, 0, P1, 2910 MHz, 13801 MHz, 487.11 W, 600.00 W, 600.00 W, 65, 15808 MiB, 99 %, 5, 16
2026/09/20 11:50:29.582, 0, P1, 2910 MHz, 13801 MHz, 487.25 W, 600.00 W, 600.00 W, 65, 15808 MiB, 99 %, 5, 16
2026/09/20 11:50:29.833, 0, P1, 2910 MHz, 13801 MHz, 487.25 W, 600.00 W, 600.00 W, 65, 15808 MiB, 99 %, 5, 16
2026/09/20 11:50:30.084, 0, P1, 2910 MHz, 13801 MHz, 486.01 W, 600.00 W, 600.00 W, 65, 15808 MiB, 99 %, 5, 16
2026/09/20 11:50:30.335, 0, P1, 2910 MHz, 13801 MHz, 486.01 W, 600.00 W, 600.00 W, 65, 15808 MiB, 99 %, 5, 16
2026/09/20 11:50:30.586, 0, P1, 2910 MHz, 13801 MHz, 485.95 W, 600.00 W, 600.00 W, 65, 15808 MiB, 99 %, 5, 16
2026/09/20 11:50:30.837, 0, P1, 2910 MHz, 13801 MHz, 485.95 W, 600.00 W, 600.00 W, 65, 15808 MiB, 99 %, 5, 16
2026/09/20 11:50:31.088, 0, P1, 2910 MHz, 13801 MHz, 488.04 W, 600.00 W, 600.00 W, 65, 15808 MiB, 99 %, 5, 16
2026/09/20 11:50:31.340, 0, P1, 2910 MHz, 13801 MHz, 488.04 W, 600.00 W, 600.00 W, 65, 15808 MiB, 99 %, 5, 16
2026/09/20 11:50:31.591, 0, P1, 2910 MHz, 13801 MHz, 488.29 W, 600.00 W, 600.00 W, 65, 15808 MiB, 99 %, 5, 16
2026/09/20 11:50:31.842, 0, P1, 2910 MHz, 13801 MHz, 488.29 W, 600.00 W, 600.00 W, 65, 15808 MiB, 99 %, 5, 16
2026/09/20 11:50:32.093, 0, P1, 2910 MHz, 13801 MHz, 488.13 W, 600.00 W, 600.00 W, 65, 15808 MiB, 99 %, 5, 16
2026/09/20 11:50:32.344, 0, P1, 2910 MHz, 13801 MHz, 488.13 W, 600.00 W, 600.00 W, 65, 15808 MiB, 99 %, 5, 16
2026/09/20 11:50:32.595, 0, P1, 2910 MHz, 13801 MHz, 488.07 W, 600.00 W, 600.00 W, 65, 15808 MiB, 99 %, 5, 16
2026/09/20 11:50:32.846, 0, P1, 2910 MHz, 13801 MHz, 488.07 W, 600.00 W, 600.00 W, 65, 15808 MiB, 99 %, 5, 16
2026/09/20 11:50:33.098, 0, P1, 2910 MHz, 13801 MHz, 476.05 W, 600.00 W, 600.00 W, 65, 15808 MiB, 99 %, 5, 16
2026/09/20 11:50:33.349, 0, P1, 2910 MHz, 13801 MHz, 476.05 W, 600.00 W, 600.00 W, 65, 15808 MiB, 99 %, 5, 16
2026/09/20 11:50:33.600, 0, P1, 2910 MHz, 13801 MHz, 477.65 W, 600.00 W, 600.00 W, 65, 15808 MiB, 99 %, 5, 16
2026/09/20 11:50:33.851, 0, P1, 2910 MHz, 13801 MHz, 477.65 W, 600.00 W, 600.00 W, 65, 15808 MiB, 99 %, 5, 16
2026/09/20 11:50:34.102, 0, P1, 2910 MHz, 13801 MHz, 487.76 W, 600.00 W, 600.00 W, 65, 15808 MiB, 92 %, 5, 16
2026/09/20 11:50:34.353, 0, P1, 2910 MHz, 13801 MHz, 487.76 W, 600.00 W, 600.00 W, 65, 15808 MiB, 92 %, 5, 16
2026/09/20 11:50:34.604, 0, P1, 2910 MHz, 13801 MHz, 485.83 W, 600.00 W, 600.00 W, 65, 15808 MiB, 99 %, 5, 16
2026/09/20 11:50:34.856, 0, P1, 2910 MHz, 13801 MHz, 485.83 W, 600.00 W, 600.00 W, 65, 15808 MiB, 99 %, 5, 16
2026/09/20 11:50:35.107, 0, P1, 2910 MHz, 13801 MHz, 485.70 W, 600.00 W, 600.00 W, 65, 15808 MiB, 99 %, 5, 16
2026/09/20 11:50:35.358, 0, P1, 2910 MHz, 13801 MHz, 485.70 W, 600.00 W, 600.00 W, 65, 15808 MiB, 99 %, 5, 16
2026/09/20 11:50:35.609, 0, P1, 2910 MHz, 13801 MHz, 485.53 W, 600.00 W, 600.00 W, 65, 15808 MiB, 99 %, 5, 16
2026/09/20 11:50:35.860, 0, P1, 2910 MHz, 13801 MHz, 485.53 W, 600.00 W, 600.00 W, 65, 15808 MiB, 99 %, 5, 16
2026/09/20 11:50:36.111, 0, P1, 2910 MHz, 13801 MHz, 483.33 W, 600.00 W, 600.00 W, 65, 15808 MiB, 99 %, 5, 16
2026/09/20 11:50:36.362, 0, P1, 2910 MHz, 13801 MHz, 483.33 W, 600.00 W, 600.00 W, 65, 15808 MiB, 99 %, 5, 16
2026/09/20 11:50:36.613, 0, P1, 2910 MHz, 13801 MHz, 473.17 W, 600.00 W, 600.00 W, 65, 15808 MiB, 99 %, 5, 16
2026/09/20 11:50:36.864, 0, P1, 2910 MHz, 13801 MHz, 473.17 W, 600.00 W, 600.00 W, 65, 15808 MiB, 99 %, 5, 16
2026/09/20 11:50:37.116, 0, P1, 2910 MHz, 13801 MHz, 475.94 W, 600.00 W, 600.00 W, 65, 15808 MiB, 99 %, 5, 16
2026/09/20 11:50:37.367, 0, P1, 2910 MHz, 13801 MHz, 475.94 W, 600.00 W, 600.00 W, 65, 15808 MiB, 99 %, 5, 16
2026/09/20 11:50:37.618, 0, P1, 2910 MHz, 13801 MHz, 487.70 W, 600.00 W, 600.00 W, 65, 15808 MiB, 99 %, 5, 16
2026/09/20 11:50:37.869, 0, P1, 2910 MHz, 13801 MHz, 487.70 W, 600.00 W, 600.00 W, 65, 15808 MiB, 99 %, 5, 16
2026/09/20 11:50:38.120, 0, P1, 2910 MHz, 13801 MHz, 486.20 W, 600.00 W, 600.00 W, 65, 15808 MiB, 99 %, 5, 16
2026/09/20 11:50:38.371, 0, P1, 2910 MHz, 13801 MHz, 486.20 W, 600.00 W, 600.00 W, 65, 15808 MiB, 99 %, 5, 16
2026/09/20 11:50:38.622, 0, P1, 2910 MHz, 13801 MHz, 485.45 W, 600.00 W, 600.00 W, 65, 15808 MiB, 99 %, 5, 16
2026/09/20 11:50:38.874, 0, P1, 2910 MHz, 13801 MHz, 485.45 W, 600.00 W, 600.00 W, 65, 15808 MiB, 99 %, 5, 16
2026/09/20 11:50:39.125, 0, P1, 2910 MHz, 13801 MHz, 487.04 W, 600.00 W, 600.00 W, 65, 15808 MiB, 99 %, 5, 16
2026/09/20 11:50:39.376, 0, P1, 2910 MHz, 13801 MHz, 487.04 W, 600.00 W, 600.00 W, 65, 15808 MiB, 99 %, 5, 16
2026/09/20 11:50:39.627, 0, P1, 2910 MHz, 13801 MHz, 487.63 W, 600.00 W, 600.00 W, 65, 15808 MiB, 99 %, 5, 16
2026/09/20 11:50:39.878, 0, P1, 2910 MHz, 13801 MHz, 487.63 W, 600.00 W, 600.00 W, 65, 15808 MiB, 99 %, 5, 16
2026/09/20 11:50:40.129, 0, P1, 2910 MHz, 13801 MHz, 487.85 W, 600.00 W, 600.00 W, 65, 15808 MiB, 99 %, 5, 16
2026/09/20 11:50:40.380, 0, P1, 2910 MHz, 13801 MHz, 487.85 W, 600.00 W, 600.00 W, 65, 15808 MiB, 99 %, 5, 16
2026/09/20 11:50:40.631, 0, P1, 2910 MHz, 13801 MHz, 484.99 W, 600.00 W, 600.00 W, 65, 15808 MiB, 99 %, 5, 16
2026/09/20 11:50:40.883, 0, P1, 2910 MHz, 13801 MHz, 484.99 W, 600.00 W, 600.00 W, 65, 15808 MiB, 99 %, 5, 16
2026/09/20 11:50:41.134, 0, P1, 2910 MHz, 13801 MHz, 475.08 W, 600.00 W, 600.00 W, 65, 15808 MiB, 91 %, 5, 16
2026/09/20 11:50:41.385, 0, P1, 2910 MHz, 13801 MHz, 475.08 W, 600.00 W, 600.00 W, 65, 15808 MiB, 91 %, 5, 16
2026/09/20 11:50:41.636, 0, P1, 2910 MHz, 13801 MHz, 477.03 W, 600.00 W, 600.00 W, 65, 15808 MiB, 99 %, 5, 16
2026/09/20 11:50:41.887, 0, P1, 2910 MHz, 13801 MHz, 477.03 W, 600.00 W, 600.00 W, 65, 15808 MiB, 99 %, 5, 16
2026/09/20 11:50:42.138, 0, P1, 2910 MHz, 13801 MHz, 487.23 W, 600.00 W, 600.00 W, 65, 15808 MiB, 99 %, 5, 16
2026/09/20 11:50:42.389, 0, P1, 2910 MHz, 13801 MHz, 487.23 W, 600.00 W, 600.00 W, 65, 15808 MiB, 99 %, 5, 16
2026/09/20 11:50:42.640, 0, P1, 2910 MHz, 13801 MHz, 488.13 W, 600.00 W, 600.00 W, 65, 15808 MiB, 99 %, 5, 16
2026/09/20 11:50:42.892, 0, P1, 2910 MHz, 13801 MHz, 488.13 W, 600.00 W, 600.00 W, 65, 15808 MiB, 99 %, 5, 16
2026/09/20 11:50:43.143, 0, P1, 2910 MHz, 13801 MHz, 488.24 W, 600.00 W, 600.00 W, 65, 15808 MiB, 99 %, 5, 16
2026/09/20 11:50:43.394, 0, P1, 2910 MHz, 13801 MHz, 488.24 W, 600.00 W, 600.00 W, 65, 15808 MiB, 99 %, 5, 16
2026/09/20 11:50:43.645, 0, P1, 2910 MHz, 13801 MHz, 488.20 W, 600.00 W, 600.00 W, 65, 15808 MiB, 99 %, 5, 16
2026/09/20 11:50:43.896, 0, P1, 2910 MHz, 13801 MHz, 488.20 W, 600.00 W, 600.00 W, 65, 15808 MiB, 99 %, 5, 16
2026/09/20 11:50:44.147, 0, P1, 2910 MHz, 13801 MHz, 488.13 W, 600.00 W, 600.00 W, 65, 15808 MiB, 99 %, 5, 16
2026/09/20 11:50:44.398, 0, P1, 2910 MHz, 13801 MHz, 488.13 W, 600.00 W, 600.00 W, 65, 15808 MiB, 99 %, 5, 16
2026/09/20 11:50:44.649, 0, P1, 2917 MHz, 13801 MHz, 335.22 W, 600.00 W, 600.00 W, 57, 15808 MiB, 3 %, 5, 16
2026/09/20 11:50:44.900, 0, P1, 2917 MHz, 13801 MHz, 335.22 W, 600.00 W, 600.00 W, 57, 15792 MiB, 3 %, 5, 16
2026/09/20 11:50:45.151, 0, P1, 2925 MHz, 13801 MHz, 139.64 W, 600.00 W, 600.00 W, 56, 15782 MiB, 0 %, 5, 16
2026/09/20 11:50:45.401, 0, P1, 2925 MHz, 13801 MHz, 139.64 W, 600.00 W, 600.00 W, 56, 15782 MiB, 0 %, 5, 16
2026/09/20 11:50:45.652, 0, P1, 2925 MHz, 13801 MHz, 96.93 W, 600.00 W, 600.00 W, 55, 15766 MiB, 0 %, 5, 16
2026/09/20 11:50:45.903, 0, P1, 2925 MHz, 13801 MHz, 96.93 W, 600.00 W, 600.00 W, 55, 15756 MiB, 0 %, 5, 16
2026/09/20 11:50:46.154, 0, P1, 2925 MHz, 13801 MHz, 94.51 W, 600.00 W, 600.00 W, 54, 15740 MiB, 1 %, 5, 16
2026/09/20 11:50:46.404, 0, P1, 2925 MHz, 13801 MHz, 94.51 W, 600.00 W, 600.00 W, 54, 15730 MiB, 1 %, 5, 16
2026/09/20 11:50:46.655, 0, P1, 2550 MHz, 13801 MHz, 83.65 W, 600.00 W, 600.00 W, 53, 15714 MiB, 0 %, 5, 16
2026/09/20 11:50:46.906, 0, P1, 2550 MHz, 13801 MHz, 83.65 W, 600.00 W, 600.00 W, 53, 15704 MiB, 0 %, 5, 16
2026/09/20 11:50:47.156, 0, P1, 2550 MHz, 13801 MHz, 72.52 W, 600.00 W, 600.00 W, 53, 15688 MiB, 0 %, 5, 16
2026/09/20 11:50:47.407, 0, P1, 2550 MHz, 13801 MHz, 72.52 W, 600.00 W, 600.00 W, 53, 15678 MiB, 0 %, 5, 16
2026/09/20 11:50:47.658, 0, P1, 2550 MHz, 13801 MHz, 72.24 W, 600.00 W, 600.00 W, 53, 15662 MiB, 0 %, 5, 16
2026/09/20 11:50:47.909, 0, P1, 2550 MHz, 13801 MHz, 72.24 W, 600.00 W, 600.00 W, 53, 15652 MiB, 0 %, 5, 16
2026/09/20 11:50:48.160, 0, P1, 2542 MHz, 13801 MHz, 71.99 W, 600.00 W, 600.00 W, 53, 15652 MiB, 0 %, 5, 16
2026/09/20 11:50:48.410, 0, P1, 2542 MHz, 13801 MHz, 71.99 W, 600.00 W, 600.00 W, 53, 15636 MiB, 0 %, 5, 16
2026/09/20 11:50:48.661, 0, P1, 2550 MHz, 13801 MHz, 71.78 W, 600.00 W, 600.00 W, 52, 15626 MiB, 0 %, 5, 16
2026/09/20 11:50:48.912, 0, P1, 2550 MHz, 13801 MHz, 71.78 W, 600.00 W, 600.00 W, 52, 15610 MiB, 0 %, 5, 16
2026/09/20 11:50:49.163, 0, P1, 2542 MHz, 13801 MHz, 71.94 W, 600.00 W, 600.00 W, 52, 15600 MiB, 1 %, 5, 16
2026/09/20 11:50:49.413, 0, P1, 2542 MHz, 13801 MHz, 71.94 W, 600.00 W, 600.00 W, 52, 15584 MiB, 1 %, 5, 16
2026/09/20 11:50:49.664, 0, P1, 2550 MHz, 13801 MHz, 71.82 W, 600.00 W, 600.00 W, 52, 15574 MiB, 0 %, 5, 16
2026/09/20 11:50:49.915, 0, P1, 2550 MHz, 13801 MHz, 71.82 W, 600.00 W, 600.00 W, 52, 15558 MiB, 0 %, 5, 16
2026/09/20 11:50:50.166, 0, P1, 2542 MHz, 13801 MHz, 71.38 W, 600.00 W, 600.00 W, 52, 15548 MiB, 0 %, 5, 16
2026/09/20 11:50:50.416, 0, P1, 2542 MHz, 13801 MHz, 71.38 W, 600.00 W, 600.00 W, 52, 15532 MiB, 0 %, 5, 16
2026/09/20 11:50:50.667, 0, P1, 2550 MHz, 13801 MHz, 71.13 W, 600.00 W, 600.00 W, 51, 15522 MiB, 0 %, 5, 16
2026/09/20 11:50:50.918, 0, P1, 2550 MHz, 13801 MHz, 71.13 W, 600.00 W, 600.00 W, 51, 15522 MiB, 0 %, 5, 16
2026/09/20 11:50:51.169, 0, P1, 2542 MHz, 13801 MHz, 71.18 W, 600.00 W, 600.00 W, 51, 15506 MiB, 1 %, 5, 16
2026/09/20 11:50:51.419, 0, P1, 2542 MHz, 13801 MHz, 71.18 W, 600.00 W, 600.00 W, 51, 15496 MiB, 1 %, 5, 16
2026/09/20 11:50:51.670, 0, P1, 2542 MHz, 13801 MHz, 71.54 W, 600.00 W, 600.00 W, 51, 15480 MiB, 1 %, 5, 16
2026/09/20 11:50:51.921, 0, P1, 2542 MHz, 13801 MHz, 71.54 W, 600.00 W, 600.00 W, 51, 15470 MiB, 1 %, 5, 16
2026/09/20 11:50:52.172, 0, P1, 2550 MHz, 13801 MHz, 71.43 W, 600.00 W, 600.00 W, 51, 15454 MiB, 0 %, 5, 16
2026/09/20 11:50:52.423, 0, P1, 2550 MHz, 13801 MHz, 71.43 W, 600.00 W, 600.00 W, 51, 15444 MiB, 0 %, 5, 16
2026/09/20 11:50:52.673, 0, P1, 2550 MHz, 13801 MHz, 70.92 W, 600.00 W, 600.00 W, 51, 15428 MiB, 0 %, 5, 16
2026/09/20 11:50:52.924, 0, P1, 2550 MHz, 13801 MHz, 70.92 W, 600.00 W, 600.00 W, 51, 15418 MiB, 0 %, 5, 16
2026/09/20 11:50:53.187, 0, P1, 2542 MHz, 13801 MHz, 70.43 W, 600.00 W, 600.00 W, 50, 15418 MiB, 0 %, 5, 16
2026/09/20 11:50:53.438, 0, P1, 2542 MHz, 13801 MHz, 70.43 W, 600.00 W, 600.00 W, 50, 15400 MiB, 0 %, 5, 16
2026/09/20 11:50:53.688, 0, P1, 2550 MHz, 13801 MHz, 70.15 W, 600.00 W, 600.00 W, 50, 15408 MiB, 0 %, 5, 16
2026/09/20 11:50:53.939, 0, P1, 2550 MHz, 13801 MHz, 70.15 W, 600.00 W, 600.00 W, 50, 15418 MiB, 0 %, 5, 16
2026/09/20 11:50:54.190, 0, P1, 2542 MHz, 13801 MHz, 70.29 W, 600.00 W, 600.00 W, 50, 15434 MiB, 0 %, 5, 16
2026/09/20 11:50:54.441, 0, P1, 2542 MHz, 13801 MHz, 70.29 W, 600.00 W, 600.00 W, 50, 15444 MiB, 0 %, 5, 16
2026/09/20 11:50:54.691, 0, P1, 2542 MHz, 13801 MHz, 70.28 W, 600.00 W, 600.00 W, 50, 15444 MiB, 0 %, 5, 16
2026/09/20 11:50:54.942, 0, P1, 2542 MHz, 13801 MHz, 70.28 W, 600.00 W, 600.00 W, 50, 15460 MiB, 0 %, 5, 16
2026/09/20 11:50:55.193, 0, P1, 2542 MHz, 13801 MHz, 69.81 W, 600.00 W, 600.00 W, 50, 15470 MiB, 0 %, 5, 16
2026/09/20 11:50:55.450, 0, P1, 2542 MHz, 13801 MHz, 69.81 W, 600.00 W, 600.00 W, 50, 15486 MiB, 0 %, 5, 16
2026/09/20 11:50:55.701, 0, P1, 2542 MHz, 13801 MHz, 69.65 W, 600.00 W, 600.00 W, 50, 15496 MiB, 0 %, 5, 16
2026/09/20 11:50:55.952, 0, P1, 2542 MHz, 13801 MHz, 69.65 W, 600.00 W, 600.00 W, 50, 15512 MiB, 0 %, 5, 16
2026/09/20 11:50:56.203, 0, P1, 2542 MHz, 13801 MHz, 70.01 W, 600.00 W, 600.00 W, 49, 15522 MiB, 0 %, 5, 16
2026/09/20 11:50:56.453, 0, P1, 2542 MHz, 13801 MHz, 70.01 W, 600.00 W, 600.00 W, 49, 15538 MiB, 0 %, 5, 16
2026/09/20 11:50:56.704, 0, P1, 2542 MHz, 13801 MHz, 70.05 W, 600.00 W, 600.00 W, 49, 15548 MiB, 0 %, 5, 16
2026/09/20 11:50:56.955, 0, P1, 2542 MHz, 13801 MHz, 70.05 W, 600.00 W, 600.00 W, 49, 15548 MiB, 0 %, 5, 16
2026/09/20 11:50:57.206, 0, P1, 2542 MHz, 13801 MHz, 69.46 W, 600.00 W, 600.00 W, 49, 15564 MiB, 0 %, 5, 16
2026/09/20 11:50:57.456, 0, P1, 2542 MHz, 13801 MHz, 69.46 W, 600.00 W, 600.00 W, 49, 15574 MiB, 0 %, 5, 16
2026/09/20 11:50:57.707, 0, P1, 2542 MHz, 13801 MHz, 69.03 W, 600.00 W, 600.00 W, 49, 15590 MiB, 0 %, 5, 16
2026/09/20 11:50:57.958, 0, P1, 2542 MHz, 13801 MHz, 69.03 W, 600.00 W, 600.00 W, 49, 15600 MiB, 0 %, 5, 16
2026/09/20 11:50:58.209, 0, P1, 2542 MHz, 13801 MHz, 68.92 W, 600.00 W, 600.00 W, 49, 15616 MiB, 0 %, 5, 16
2026/09/20 11:50:58.459, 0, P1, 2542 MHz, 13801 MHz, 68.92 W, 600.00 W, 600.00 W, 49, 15626 MiB, 0 %, 5, 16
2026/09/20 11:50:58.710, 0, P1, 2542 MHz, 13801 MHz, 69.06 W, 600.00 W, 600.00 W, 49, 15642 MiB, 0 %, 5, 16
2026/09/20 11:50:58.961, 0, P1, 2542 MHz, 13801 MHz, 69.06 W, 600.00 W, 600.00 W, 49, 15652 MiB, 0 %, 5, 16
2026/09/20 11:50:59.212, 0, P1, 2542 MHz, 13801 MHz, 68.83 W, 600.00 W, 600.00 W, 49, 15668 MiB, 0 %, 5, 16
2026/09/20 11:50:59.463, 0, P1, 2542 MHz, 13801 MHz, 68.83 W, 600.00 W, 600.00 W, 49, 15668 MiB, 0 %, 5, 16
2026/09/20 11:50:59.713, 0, P1, 2542 MHz, 13801 MHz, 68.28 W, 600.00 W, 600.00 W, 48, 15678 MiB, 0 %, 5, 16
2026/09/20 11:50:59.964, 0, P1, 2542 MHz, 13801 MHz, 68.28 W, 600.00 W, 600.00 W, 48, 15694 MiB, 0 %, 5, 16
2026/09/20 11:51:00.215, 0, P1, 2542 MHz, 13801 MHz, 67.92 W, 600.00 W, 600.00 W, 48, 15704 MiB, 0 %, 5, 16
2026/09/20 11:51:00.465, 0, P1, 2542 MHz, 13801 MHz, 67.92 W, 600.00 W, 600.00 W, 48, 15720 MiB, 0 %, 5, 16
2026/09/20 11:51:00.716, 0, P1, 2542 MHz, 13801 MHz, 67.68 W, 600.00 W, 600.00 W, 48, 15730 MiB, 0 %, 5, 16
2026/09/20 11:51:00.967, 0, P1, 2542 MHz, 13801 MHz, 67.68 W, 600.00 W, 600.00 W, 48, 15746 MiB, 0 %, 5, 16
2026/09/20 11:51:01.218, 0, P1, 2542 MHz, 13801 MHz, 67.62 W, 600.00 W, 600.00 W, 48, 15746 MiB, 0 %, 5, 16
2026/09/20 11:51:01.468, 0, P1, 2542 MHz, 13801 MHz, 67.62 W, 600.00 W, 600.00 W, 48, 15756 MiB, 0 %, 5, 16
2026/09/20 11:51:01.719, 0, P1, 2542 MHz, 13801 MHz, 67.77 W, 600.00 W, 600.00 W, 48, 15772 MiB, 0 %, 5, 16
2026/09/20 11:51:01.970, 0, P1, 2542 MHz, 13801 MHz, 67.77 W, 600.00 W, 600.00 W, 48, 15782 MiB, 0 %, 5, 16
2026/09/20 11:51:02.221, 0, P1, 2542 MHz, 13801 MHz, 67.88 W, 600.00 W, 600.00 W, 48, 15798 MiB, 0 %, 5, 16
2026/09/20 11:51:02.471, 0, P1, 2542 MHz, 13801 MHz, 67.88 W, 600.00 W, 600.00 W, 48, 15808 MiB, 0 %, 5, 16
2026/09/20 11:51:02.722, 0, P1, 2542 MHz, 13801 MHz, 67.53 W, 600.00 W, 600.00 W, 48, 15808 MiB, 2 %, 5, 16
2026/09/20 11:51:02.973, 0, P1, 2542 MHz, 13801 MHz, 67.53 W, 600.00 W, 600.00 W, 48, 15808 MiB, 2 %, 5, 16
2026/09/20 11:51:03.224, 0, P1, 2542 MHz, 13801 MHz, 132.26 W, 600.00 W, 600.00 W, 55, 15808 MiB, 93 %, 5, 16
2026/09/20 11:51:03.476, 0, P1, 2542 MHz, 13801 MHz, 132.26 W, 600.00 W, 600.00 W, 55, 15808 MiB, 93 %, 5, 16
2026/09/20 11:51:03.727, 0, P1, 2917 MHz, 13801 MHz, 305.34 W, 600.00 W, 600.00 W, 57, 15808 MiB, 93 %, 5, 16
2026/09/20 11:51:03.978, 0, P1, 2917 MHz, 13801 MHz, 305.34 W, 600.00 W, 600.00 W, 57, 15808 MiB, 93 %, 5, 16
2026/09/20 11:51:04.229, 0, P1, 2917 MHz, 13801 MHz, 444.60 W, 600.00 W, 600.00 W, 58, 15808 MiB, 93 %, 5, 16
2026/09/20 11:51:04.480, 0, P1, 2917 MHz, 13801 MHz, 444.60 W, 600.00 W, 600.00 W, 58, 15808 MiB, 93 %, 5, 16
2026/09/20 11:51:04.742, 0, P1, 2917 MHz, 13801 MHz, 432.14 W, 600.00 W, 600.00 W, 57, 15808 MiB, 54 %, 5, 16
2026/09/20 11:51:04.993, 0, P1, 2917 MHz, 13801 MHz, 432.14 W, 600.00 W, 600.00 W, 57, 15264 MiB, 54 %, 5, 16
2026/09/20 11:51:05.244, 0, P1, 2932 MHz, 13801 MHz, 277.14 W, 600.00 W, 600.00 W, 50, 15264 MiB, 0 %, 5, 16
2026/09/20 11:51:05.494, 0, P1, 2932 MHz, 13801 MHz, 277.14 W, 600.00 W, 600.00 W, 50, 15264 MiB, 0 %, 5, 16
2026/09/20 11:51:05.745, 0, P1, 2932 MHz, 13801 MHz, 115.49 W, 600.00 W, 600.00 W, 49, 2 MiB, 0 %, 5, 16
