[server] starting; models config = [("q9", "/data/ai-ml/hf-models/qwen35-9b-nvfp4-gguf/Qwen3.5-9B-NVFP4-MTP-GGUF.gguf", Some("/data/ai-ml/hf-models/qwen35-9b-nvfp4-gguf/draft-9b-owntrim-nvfp4head-q4blk.gguf"))]
[worker] Engine ready (MEMRA_FAST=true)
[worker] loading model "q9" <- /data/ai-ml/hf-models/qwen35-9b-nvfp4-gguf/Qwen3.5-9B-NVFP4-MTP-GGUF.gguf
[mtp-draft] external draft head: blk.32, head_vocab=32768 (trimmed, d2t map)
[worker] q9: regime draft attached (/data/ai-ml/hf-models/qwen35-9b-nvfp4-gguf/draft-9b-owntrim-nvfp4head-q4blk.gguf)
[worker]   loaded "q9": 33 layers, eos=248046
[worker] q9: template caps tools=true think=true think_switch=true chat_ok=true ctx=262144 tok="qwen35" instruct=Some("chatml")
[worker] q9: decode chunk cap 16 (exact-16 tier)
[server] worker ready; serving models: ["q9"]
[prefix-cache] on: budget 268MB (MEMRA_PREFIX_CACHE_MB), min prefix 64 tokens
[server] listening on http://127.0.0.1:8317
[meter] admit id=chatcmpl-d21c01a6c7d5b79c4c18e71b0c16bec7 tenant=default lane=interactive model="q9"
[tick] act=1 int=1 priming=1 ready=0 decode_ms=0.0
[tick] act=1 int=1 priming=1 ready=0 decode_ms=0.0
[tick] act=1 int=1 priming=1 ready=0 decode_ms=0.0
[tick] act=1 int=1 priming=1 ready=0 decode_ms=0.0
[tick] act=1 int=1 priming=1 ready=0 decode_ms=0.0
[tick] act=1 int=1 priming=1 ready=0 decode_ms=0.0
[tick] act=1 int=1 priming=1 ready=0 decode_ms=0.0
[tick] act=1 int=1 priming=1 ready=0 decode_ms=0.0
[tick] act=1 int=1 priming=1 ready=0 decode_ms=0.0
[tick] act=1 int=1 priming=1 ready=0 decode_ms=0.0
[tick] act=1 int=1 priming=1 ready=0 decode_ms=0.0
[tick] act=1 int=1 priming=1 ready=0 decode_ms=0.0
[tick] act=1 int=1 priming=1 ready=0 decode_ms=0.0
[tick] act=1 int=1 priming=1 ready=0 decode_ms=0.0
[tick] act=1 int=1 priming=1 ready=0 decode_ms=0.0
[tick] act=1 int=1 priming=1 ready=0 decode_ms=0.0
[tick] act=1 int=1 priming=1 ready=0 decode_ms=0.0
[tick] act=1 int=1 priming=1 ready=0 decode_ms=0.0
[tick] act=1 int=1 priming=1 ready=0 decode_ms=0.0
[tick] act=1 int=1 priming=1 ready=0 decode_ms=0.0
[tick] act=1 int=1 priming=1 ready=0 decode_ms=0.0
[tick] act=1 int=1 priming=1 ready=0 decode_ms=0.0
[tick] act=1 int=1 priming=1 ready=0 decode_ms=0.0
[tick] act=1 int=1 priming=1 ready=0 decode_ms=0.0
[tick] act=1 int=1 priming=1 ready=0 decode_ms=0.0
[tick] act=1 int=1 priming=1 ready=0 decode_ms=0.0
[tick] act=1 int=1 priming=1 ready=0 decode_ms=0.0
[tick] act=1 int=1 priming=1 ready=0 decode_ms=0.0
[tick] act=1 int=1 priming=1 ready=0 decode_ms=0.0
[tick] act=1 int=1 priming=1 ready=0 decode_ms=0.0
[tick] act=1 int=1 priming=1 ready=0 decode_ms=0.0
[tick] act=1 int=1 priming=1 ready=0 decode_ms=0.0
[tick] act=1 int=1 priming=1 ready=0 decode_ms=0.0
[tick] act=1 int=1 priming=1 ready=0 decode_ms=0.0
[tick] act=1 int=1 priming=1 ready=0 decode_ms=0.0
[tick] act=1 int=1 priming=1 ready=0 decode_ms=0.0
[tick] act=1 int=1 priming=1 ready=0 decode_ms=0.0
[tick] act=1 int=1 priming=1 ready=0 decode_ms=0.0
[tick] act=1 int=1 priming=1 ready=0 decode_ms=0.0
[tick] act=1 int=1 priming=1 ready=0 decode_ms=0.0
[tick] act=1 int=1 priming=1 ready=0 decode_ms=0.0
[tick] act=1 int=1 priming=1 ready=0 decode_ms=0.0
[tick] act=1 int=1 priming=1 ready=0 decode_ms=0.0
[tick] act=1 int=1 priming=1 ready=0 decode_ms=0.0
[tick] act=1 int=1 priming=1 ready=0 decode_ms=0.0
[tick] act=1 int=1 priming=1 ready=0 decode_ms=0.0
[tick] act=1 int=1 priming=1 ready=0 decode_ms=0.0
[tick] act=1 int=1 priming=1 ready=0 decode_ms=0.0
[tick] act=1 int=1 priming=1 ready=0 decode_ms=0.0
[tick] act=1 int=1 priming=1 ready=0 decode_ms=0.0
[tick] act=1 int=1 priming=1 ready=0 decode_ms=0.0
[tick] act=1 int=1 priming=1 ready=0 decode_ms=0.0
[tick] act=1 int=1 priming=1 ready=0 decode_ms=0.0
[tick] act=1 int=1 priming=1 ready=0 decode_ms=0.0
[tick] act=1 int=1 priming=1 ready=0 decode_ms=0.0
[tick] act=1 int=1 priming=1 ready=0 decode_ms=0.0
[tick] act=1 int=1 priming=1 ready=0 decode_ms=0.0
[tick] act=1 int=1 priming=1 ready=0 decode_ms=0.0
[tick] act=1 int=1 priming=1 ready=0 decode_ms=0.0
[tick] act=1 int=1 priming=1 ready=0 decode_ms=0.0
[tick] act=1 int=1 priming=1 ready=0 decode_ms=0.0
[tick] act=1 int=1 priming=1 ready=0 decode_ms=0.0
[tick] act=1 int=1 priming=1 ready=0 decode_ms=0.0
[tick] act=1 int=1 priming=1 ready=0 decode_ms=0.0
[tick] act=1 int=1 priming=1 ready=0 decode_ms=0.0
[tick] act=1 int=1 priming=1 ready=0 decode_ms=0.0
[tick] act=1 int=1 priming=1 ready=0 decode_ms=0.0
[tick] act=1 int=1 priming=1 ready=0 decode_ms=0.0
[tick] act=1 int=1 priming=1 ready=0 decode_ms=0.0
[tick] act=1 int=1 priming=1 ready=0 decode_ms=0.0
[tick] act=1 int=1 priming=1 ready=0 decode_ms=0.0
[tick] act=1 int=1 priming=1 ready=0 decode_ms=0.0
[tick] act=1 int=1 priming=1 ready=0 decode_ms=0.0
[tick] act=1 int=1 priming=1 ready=0 decode_ms=0.0
[tick] act=1 int=1 priming=1 ready=0 decode_ms=0.0
[tick] act=1 int=1 priming=1 ready=0 decode_ms=0.0
[tick] act=1 int=1 priming=1 ready=0 decode_ms=0.0
[tick] act=1 int=1 priming=1 ready=0 decode_ms=0.0
[tick] act=1 int=1 priming=1 ready=0 decode_ms=0.0
[tick] act=1 int=1 priming=1 ready=0 decode_ms=0.0
[tick] act=1 int=1 priming=1 ready=0 decode_ms=0.0
[tick] act=1 int=1 priming=1 ready=0 decode_ms=0.0
[tick] act=1 int=1 priming=1 ready=0 decode_ms=0.0
[tick] act=1 int=1 priming=1 ready=0 decode_ms=0.0
[tick] act=1 int=1 priming=1 ready=0 decode_ms=0.0
[tick] act=1 int=1 priming=1 ready=0 decode_ms=0.0
[tick] act=1 int=1 priming=1 ready=0 decode_ms=0.0
[tick] act=1 int=1 priming=1 ready=0 decode_ms=0.0
[tick] act=1 int=1 priming=1 ready=0 decode_ms=0.0
[tick] act=1 int=1 priming=1 ready=0 decode_ms=0.0
[tick] act=1 int=1 priming=1 ready=0 decode_ms=0.0
[tick] act=1 int=1 priming=1 ready=0 decode_ms=0.0
[tick] act=1 int=1 priming=1 ready=0 decode_ms=0.0
[tick] act=1 int=1 priming=1 ready=0 decode_ms=0.0
[tick] act=1 int=1 priming=1 ready=0 decode_ms=0.0
[tick] act=1 int=1 priming=1 ready=0 decode_ms=0.0
[tick] act=1 int=1 priming=1 ready=0 decode_ms=0.0
[tick] act=1 int=1 priming=1 ready=0 decode_ms=0.0
[tick] act=1 int=1 priming=1 ready=0 decode_ms=0.0
[tick] act=1 int=1 priming=1 ready=0 decode_ms=0.0
[tick] act=1 int=1 priming=1 ready=0 decode_ms=0.0
[tick] act=1 int=1 priming=1 ready=0 decode_ms=0.0
[tick] act=1 int=1 priming=1 ready=0 decode_ms=0.0
[tick] act=1 int=1 priming=1 ready=0 decode_ms=0.0
[tick] act=1 int=1 priming=1 ready=0 decode_ms=0.0
[tick] act=1 int=1 priming=1 ready=0 decode_ms=0.0
[tick] act=1 int=1 priming=1 ready=0 decode_ms=0.0
[tick] act=1 int=1 priming=1 ready=0 decode_ms=0.0
[tick] act=1 int=1 priming=1 ready=0 decode_ms=0.0
[tick] act=1 int=1 priming=1 ready=0 decode_ms=0.0
[tick] act=1 int=1 priming=1 ready=0 decode_ms=0.0
[tick] act=1 int=1 priming=1 ready=0 decode_ms=0.0
[tick] act=1 int=1 priming=1 ready=0 decode_ms=0.0
[tick] act=1 int=1 priming=1 ready=0 decode_ms=0.0
[tick] act=1 int=1 priming=1 ready=0 decode_ms=0.0
[tick] act=1 int=1 priming=1 ready=0 decode_ms=0.0
[tick] act=1 int=1 priming=1 ready=0 decode_ms=0.0
[tick] act=1 int=1 priming=1 ready=0 decode_ms=0.0
[tick] act=1 int=1 priming=1 ready=0 decode_ms=0.0
[tick] act=1 int=1 priming=1 ready=0 decode_ms=0.0
[tick] act=1 int=1 priming=1 ready=0 decode_ms=0.0
[tick] act=1 int=1 priming=1 ready=0 decode_ms=0.0
[tick] act=1 int=1 priming=1 ready=0 decode_ms=0.0
[tick] act=1 int=1 priming=1 ready=0 decode_ms=0.0
[tick] act=1 int=1 priming=1 ready=0 decode_ms=0.0
[tick] act=1 int=1 priming=1 ready=0 decode_ms=0.0
[tick] act=1 int=1 priming=1 ready=0 decode_ms=0.0
[tick] act=1 int=1 priming=1 ready=0 decode_ms=0.0
[tick] act=1 int=1 priming=1 ready=0 decode_ms=0.0
[tick] act=1 int=1 priming=1 ready=0 decode_ms=0.0
[tick] act=1 int=1 priming=1 ready=0 decode_ms=0.0
[tick] act=1 int=1 priming=1 ready=0 decode_ms=0.0
[tick] act=1 int=1 priming=1 ready=0 decode_ms=0.0
[tick] act=1 int=1 priming=1 ready=0 decode_ms=0.0
[tick] act=1 int=1 priming=1 ready=0 decode_ms=0.0
[tick] act=1 int=1 priming=1 ready=0 decode_ms=0.0
[tick] act=1 int=1 priming=1 ready=0 decode_ms=0.0
[tick] act=1 int=1 priming=1 ready=0 decode_ms=0.0
[tick] act=1 int=1 priming=1 ready=0 decode_ms=0.0
[tick] act=1 int=1 priming=1 ready=0 decode_ms=0.0
[tick] act=1 int=1 priming=1 ready=0 decode_ms=0.0
[tick] act=1 int=1 priming=1 ready=0 decode_ms=0.0
[tick] act=1 int=1 priming=1 ready=0 decode_ms=0.0
[tick] act=1 int=1 priming=1 ready=0 decode_ms=0.0
[tick] act=1 int=1 priming=1 ready=0 decode_ms=0.0
[tick] act=1 int=1 priming=1 ready=0 decode_ms=0.0
[tick] act=1 int=1 priming=1 ready=0 decode_ms=0.0
[tick] act=1 int=1 priming=1 ready=0 decode_ms=0.0
[tick] act=1 int=1 priming=1 ready=0 decode_ms=0.0
[tick] act=1 int=1 priming=1 ready=0 decode_ms=0.0
[tick] act=1 int=1 priming=1 ready=0 decode_ms=0.0
[tick] act=1 int=1 priming=1 ready=0 decode_ms=0.0
[tick] act=1 int=1 priming=1 ready=0 decode_ms=0.0
[tick] act=1 int=1 priming=1 ready=0 decode_ms=0.0
[tick] act=1 int=1 priming=1 ready=0 decode_ms=0.0
[tick] act=1 int=1 priming=1 ready=0 decode_ms=0.0
[tick] act=1 int=1 priming=1 ready=0 decode_ms=0.0
[tick] act=1 int=1 priming=1 ready=0 decode_ms=0.0
[tick] act=1 int=1 priming=1 ready=0 decode_ms=0.0
[tick] act=1 int=1 priming=1 ready=0 decode_ms=0.0
[tick] act=1 int=1 priming=1 ready=0 decode_ms=0.0
[tick] act=1 int=1 priming=1 ready=0 decode_ms=0.0
[tick] act=1 int=1 priming=1 ready=0 decode_ms=0.0
[tick] act=1 int=1 priming=1 ready=0 decode_ms=0.0
[tick] act=1 int=1 priming=1 ready=0 decode_ms=0.0
[tick] act=1 int=1 priming=1 ready=0 decode_ms=0.0
[tick] act=1 int=1 priming=1 ready=0 decode_ms=0.0
[tick] act=1 int=1 priming=1 ready=0 decode_ms=0.0
[tick] act=1 int=1 priming=1 ready=0 decode_ms=0.0
[tick] act=1 int=1 priming=1 ready=0 decode_ms=0.0
[tick] act=1 int=1 priming=1 ready=0 decode_ms=0.0
[tick] act=1 int=1 priming=1 ready=0 decode_ms=0.0
[tick] act=1 int=1 priming=1 ready=0 decode_ms=0.0
[tick] act=1 int=1 priming=1 ready=0 decode_ms=0.0
[tick] act=1 int=1 priming=1 ready=0 decode_ms=0.0
[tick] act=1 int=1 priming=1 ready=0 decode_ms=0.0
[tick] act=1 int=1 priming=1 ready=0 decode_ms=0.0
[tick] act=1 int=1 priming=1 ready=0 decode_ms=0.0
[tick] act=1 int=1 priming=1 ready=0 decode_ms=0.0
[tick] act=1 int=1 priming=1 ready=0 decode_ms=0.0
[tick] act=1 int=1 priming=1 ready=0 decode_ms=0.0
[tick] act=1 int=1 priming=1 ready=0 decode_ms=0.0
[tick] act=1 int=1 priming=1 ready=0 decode_ms=0.0
[tick] act=1 int=1 priming=1 ready=0 decode_ms=0.0
[tick] act=1 int=1 priming=1 ready=0 decode_ms=0.0
[tick] act=1 int=1 priming=1 ready=0 decode_ms=0.0
[tick] act=1 int=1 priming=1 ready=0 decode_ms=0.0
[tick] act=1 int=1 priming=1 ready=0 decode_ms=0.0
[tick] act=1 int=1 priming=1 ready=0 decode_ms=0.0
[tick] act=1 int=1 priming=1 ready=0 decode_ms=0.0
[tick] act=1 int=1 priming=1 ready=0 decode_ms=0.0
[tick] act=1 int=1 priming=1 ready=0 decode_ms=0.0
[tick] act=1 int=1 priming=1 ready=0 decode_ms=0.0
[tick] act=1 int=1 priming=1 ready=0 decode_ms=0.0
[tick] act=1 int=1 priming=1 ready=0 decode_ms=0.0
[tick] act=1 int=1 priming=1 ready=0 decode_ms=0.0
[tick] act=1 int=1 priming=1 ready=0 decode_ms=0.0
[tick] act=1 int=1 priming=1 ready=0 decode_ms=0.0
[tick] act=1 int=1 priming=1 ready=0 decode_ms=0.0
[tick] act=1 int=1 priming=1 ready=0 decode_ms=0.0
[tick] act=1 int=1 priming=1 ready=0 decode_ms=0.0
[tick] act=1 int=1 priming=1 ready=0 decode_ms=0.0
[tick] act=1 int=1 priming=1 ready=0 decode_ms=0.0
[tick] act=1 int=1 priming=1 ready=0 decode_ms=0.0
[tick] act=1 int=1 priming=1 ready=0 decode_ms=0.0
[tick] act=1 int=1 priming=1 ready=0 decode_ms=0.0
[tick] act=1 int=1 priming=1 ready=0 decode_ms=0.0
[tick] act=1 int=1 priming=1 ready=0 decode_ms=0.0
[tick] act=1 int=1 priming=1 ready=0 decode_ms=0.0
[tick] act=1 int=1 priming=1 ready=0 decode_ms=0.0
[tick] act=1 int=1 priming=1 ready=0 decode_ms=0.0
[tick] act=1 int=1 priming=1 ready=0 decode_ms=0.0
[tick] act=1 int=1 priming=1 ready=0 decode_ms=0.0
[tick] act=1 int=1 priming=1 ready=0 decode_ms=0.0
[tick] act=1 int=1 priming=1 ready=0 decode_ms=0.0
[tick] act=1 int=1 priming=1 ready=0 decode_ms=0.0
[tick] act=1 int=1 priming=1 ready=0 decode_ms=0.0
[tick] act=1 int=1 priming=1 ready=0 decode_ms=0.0
[tick] act=1 int=1 priming=1 ready=0 decode_ms=0.0
[tick] act=1 int=1 priming=1 ready=0 decode_ms=0.0
[tick] act=1 int=1 priming=1 ready=0 decode_ms=0.0
[tick] act=1 int=1 priming=1 ready=0 decode_ms=0.0
[tick] act=1 int=1 priming=1 ready=0 decode_ms=0.0
[tick] act=1 int=1 priming=1 ready=0 decode_ms=0.0
[tick] act=1 int=1 priming=1 ready=0 decode_ms=0.0
[tick] act=1 int=1 priming=1 ready=0 decode_ms=0.0
[tick] act=1 int=1 priming=1 ready=0 decode_ms=0.0
[tick] act=1 int=1 priming=1 ready=0 decode_ms=0.0
[tick] act=1 int=1 priming=1 ready=0 decode_ms=0.0
[tick] act=1 int=1 priming=1 ready=0 decode_ms=0.0
[tick] act=1 int=1 priming=1 ready=0 decode_ms=0.0
[tick] act=1 int=1 priming=1 ready=0 decode_ms=0.0
[tick] act=1 int=1 priming=1 ready=0 decode_ms=0.0
[tick] act=1 int=1 priming=1 ready=0 decode_ms=0.0
[tick] act=1 int=1 priming=1 ready=0 decode_ms=0.0
[tick] act=1 int=1 priming=1 ready=0 decode_ms=0.0
[tick] act=1 int=1 priming=1 ready=0 decode_ms=0.0
[tick] act=1 int=1 priming=1 ready=0 decode_ms=0.0
[tick] act=1 int=1 priming=1 ready=0 decode_ms=0.0
[tick] act=1 int=1 priming=1 ready=0 decode_ms=0.0
[tick] act=1 int=1 priming=1 ready=0 decode_ms=0.0
[tick] act=1 int=1 priming=1 ready=0 decode_ms=0.0
[tick] act=1 int=1 priming=1 ready=0 decode_ms=0.0
[tick] act=1 int=1 priming=1 ready=0 decode_ms=0.0
[tick] act=1 int=1 priming=1 ready=0 decode_ms=0.0
[tick] act=1 int=1 priming=1 ready=0 decode_ms=0.0
[tick] act=1 int=1 priming=1 ready=0 decode_ms=0.0
[tick] act=1 int=1 priming=1 ready=0 decode_ms=0.0
[tick] act=1 int=1 priming=1 ready=0 decode_ms=0.0
[tick] act=1 int=1 priming=1 ready=0 decode_ms=0.0
[tick] act=1 int=1 priming=1 ready=0 decode_ms=0.0
[tick] act=1 int=1 priming=1 ready=0 decode_ms=0.0
[tick] act=1 int=1 priming=1 ready=0 decode_ms=0.0
[tick] act=1 int=1 priming=1 ready=0 decode_ms=0.0
[tick] act=1 int=1 priming=1 ready=0 decode_ms=0.0
[tick] act=1 int=1 priming=1 ready=0 decode_ms=0.0
[tick] act=1 int=1 priming=1 ready=0 decode_ms=0.0
[tick] act=1 int=1 priming=1 ready=0 decode_ms=0.0
[tick] act=1 int=1 priming=1 ready=0 decode_ms=0.0
[tick] act=1 int=1 priming=1 ready=0 decode_ms=0.0
[tick] act=1 int=1 priming=1 ready=0 decode_ms=0.0
[tick] act=1 int=1 priming=1 ready=0 decode_ms=0.0
[tick] act=1 int=1 priming=1 ready=0 decode_ms=0.0
[tick] act=1 int=1 priming=1 ready=0 decode_ms=0.0
[tick] act=1 int=1 priming=1 ready=0 decode_ms=0.0
[tick] act=1 int=1 priming=1 ready=0 decode_ms=0.0
[tick] act=1 int=1 priming=1 ready=0 decode_ms=0.0
[tick] act=1 int=1 priming=1 ready=0 decode_ms=0.0
[tick] act=1 int=1 priming=1 ready=0 decode_ms=0.0
[tick] act=1 int=1 priming=1 ready=0 decode_ms=0.0
[tick] act=1 int=1 priming=1 ready=0 decode_ms=0.0
[tick] act=1 int=1 priming=1 ready=0 decode_ms=0.0
[tick] act=1 int=1 priming=1 ready=0 decode_ms=0.0
[tick] act=1 int=1 priming=1 ready=0 decode_ms=0.0
[tick] act=1 int=1 priming=1 ready=0 decode_ms=0.0
[tick] act=1 int=1 priming=1 ready=0 decode_ms=0.0
[tick] act=1 int=1 priming=1 ready=0 decode_ms=0.0
[tick] act=1 int=1 priming=1 ready=0 decode_ms=0.0
[tick] act=1 int=1 priming=1 ready=0 decode_ms=0.0
[tick] act=1 int=1 priming=1 ready=0 decode_ms=0.0
[tick] act=1 int=1 priming=1 ready=0 decode_ms=0.0
[tick] act=1 int=1 priming=1 ready=0 decode_ms=0.0
[tick] act=1 int=1 priming=1 ready=0 decode_ms=0.0
[tick] act=1 int=1 priming=1 ready=0 decode_ms=0.0
[tick] act=1 int=1 priming=1 ready=0 decode_ms=0.0
[tick] act=1 int=1 priming=1 ready=0 decode_ms=0.0
[tick] act=1 int=1 priming=1 ready=0 decode_ms=0.0
[tick] act=1 int=1 priming=1 ready=0 decode_ms=0.0
[tick] act=1 int=1 priming=1 ready=0 decode_ms=0.0
[tick] act=1 int=1 priming=1 ready=0 decode_ms=0.0
[tick] act=1 int=1 priming=1 ready=0 decode_ms=0.0
[tick] act=1 int=1 priming=1 ready=0 decode_ms=0.0
[tick] act=1 int=1 priming=1 ready=0 decode_ms=0.0
[tick] act=1 int=1 priming=1 ready=0 decode_ms=0.0
[tick] act=1 int=1 priming=1 ready=0 decode_ms=0.0
[tick] act=1 int=1 priming=1 ready=0 decode_ms=0.0
[tick] act=1 int=1 priming=1 ready=0 decode_ms=0.0
[tick] act=1 int=1 priming=1 ready=0 decode_ms=0.0
[tick] act=1 int=1 priming=1 ready=0 decode_ms=0.0
[tick] act=1 int=1 priming=1 ready=0 decode_ms=0.0
[tick] act=1 int=1 priming=1 ready=0 decode_ms=0.0
[tick] act=1 int=1 priming=1 ready=0 decode_ms=0.0
[tick] act=1 int=1 priming=1 ready=0 decode_ms=0.0
[tick] act=1 int=1 priming=1 ready=0 decode_ms=0.0
[tick] act=1 int=1 priming=1 ready=0 decode_ms=0.0
[tick] act=1 int=1 priming=1 ready=0 decode_ms=0.0
[tick] act=1 int=1 priming=1 ready=0 decode_ms=0.0
[tick] act=1 int=1 priming=1 ready=0 decode_ms=0.0
[tick] act=1 int=1 priming=1 ready=0 decode_ms=0.0
[tick] act=1 int=1 priming=1 ready=0 decode_ms=0.0
[tick] act=1 int=1 priming=1 ready=0 decode_ms=0.0
[tick] act=1 int=1 priming=1 ready=0 decode_ms=0.0
[tick] act=1 int=1 priming=1 ready=0 decode_ms=0.0
[tick] act=1 int=1 priming=1 ready=0 decode_ms=0.0
[tick] act=1 int=1 priming=1 ready=0 decode_ms=0.0
[tick] act=1 int=1 priming=1 ready=0 decode_ms=0.0
[tick] act=1 int=1 priming=1 ready=0 decode_ms=0.0
[tick] act=1 int=1 priming=1 ready=0 decode_ms=0.0
[tick] act=1 int=1 priming=1 ready=0 decode_ms=0.0
[tick] act=1 int=1 priming=1 ready=0 decode_ms=0.0
[tick] act=1 int=1 priming=1 ready=0 decode_ms=0.0
[tick] act=1 int=1 priming=1 ready=0 decode_ms=0.0
[tick] act=1 int=1 priming=1 ready=0 decode_ms=0.0
[tick] act=1 int=1 priming=1 ready=0 decode_ms=0.0
[tick] act=1 int=1 priming=1 ready=0 decode_ms=0.0
[tick] act=1 int=1 priming=1 ready=0 decode_ms=0.0
[tick] act=1 int=1 priming=1 ready=0 decode_ms=0.0
[tick] act=1 int=1 priming=1 ready=0 decode_ms=0.0
[tick] act=1 int=1 priming=1 ready=0 decode_ms=0.0
[tick] act=1 int=1 priming=1 ready=0 decode_ms=0.0
[tick] act=1 int=1 priming=1 ready=0 decode_ms=0.0
[tick] act=1 int=1 priming=1 ready=0 decode_ms=0.0
[tick] act=1 int=1 priming=1 ready=0 decode_ms=0.0
[tick] act=1 int=1 priming=1 ready=0 decode_ms=0.0
[tick] act=1 int=1 priming=1 ready=0 decode_ms=0.0
[tick] act=1 int=1 priming=1 ready=0 decode_ms=0.0
[tick] act=1 int=1 priming=1 ready=0 decode_ms=0.0
[tick] act=1 int=1 priming=1 ready=0 decode_ms=0.0
[tick] act=1 int=1 priming=1 ready=0 decode_ms=0.0
[tick] act=1 int=1 priming=1 ready=0 decode_ms=0.0
[tick] act=1 int=1 priming=1 ready=0 decode_ms=0.0
[tick] act=1 int=1 priming=1 ready=0 decode_ms=0.0
[tick] act=1 int=1 priming=1 ready=0 decode_ms=0.0
[tick] act=1 int=1 priming=1 ready=0 decode_ms=0.0
[tick] act=1 int=1 priming=1 ready=0 decode_ms=0.0
[tick] act=1 int=1 priming=1 ready=0 decode_ms=0.0
[tick] act=1 int=1 priming=1 ready=0 decode_ms=0.0
[tick] act=1 int=1 priming=1 ready=0 decode_ms=0.0
[tick] act=1 int=1 priming=1 ready=0 decode_ms=0.0
[tick] act=1 int=1 priming=1 ready=0 decode_ms=0.0
[tick] act=1 int=1 priming=1 ready=0 decode_ms=0.0
[tick] act=1 int=1 priming=1 ready=0 decode_ms=0.0
[tick] act=1 int=1 priming=1 ready=0 decode_ms=0.0
[tick] act=1 int=1 priming=1 ready=0 decode_ms=0.0
[tick] act=1 int=1 priming=1 ready=0 decode_ms=0.0
[tick] act=1 int=1 priming=1 ready=0 decode_ms=0.0
[tick] act=1 int=1 priming=1 ready=0 decode_ms=0.0
[tick] act=1 int=1 priming=1 ready=0 decode_ms=0.0
[tick] act=1 int=1 priming=1 ready=0 decode_ms=0.0
[tick] act=1 int=1 priming=1 ready=0 decode_ms=0.0
[tick] act=1 int=1 priming=1 ready=0 decode_ms=0.0
[tick] act=1 int=1 priming=1 ready=0 decode_ms=0.0
[tick] act=1 int=1 priming=1 ready=0 decode_ms=0.0
[tick] act=1 int=1 priming=1 ready=0 decode_ms=0.0
[tick] act=1 int=1 priming=1 ready=0 decode_ms=0.0
[tick] act=1 int=1 priming=1 ready=0 decode_ms=0.0
[tick] act=1 int=1 priming=1 ready=0 decode_ms=0.0
[tick] act=1 int=1 priming=1 ready=0 decode_ms=0.0
[tick] act=1 int=1 priming=1 ready=0 decode_ms=0.0
[tick] act=1 int=1 priming=1 ready=0 decode_ms=0.0
[tick] act=1 int=1 priming=1 ready=0 decode_ms=0.0
[tick] act=1 int=1 priming=1 ready=0 decode_ms=0.0
[tick] act=1 int=1 priming=1 ready=0 decode_ms=0.0
[tick] act=1 int=1 priming=1 ready=0 decode_ms=0.0
[tick] act=1 int=1 priming=1 ready=0 decode_ms=0.0
[tick] act=1 int=1 priming=1 ready=0 decode_ms=0.0
[tick] act=1 int=1 priming=1 ready=0 decode_ms=0.0
[tick] act=1 int=1 priming=1 ready=0 decode_ms=0.0
[tick] act=1 int=1 priming=1 ready=0 decode_ms=0.0
[tick] act=1 int=1 priming=1 ready=0 decode_ms=0.0
[tick] act=1 int=1 priming=1 ready=0 decode_ms=0.0
[tick] act=1 int=1 priming=1 ready=0 decode_ms=0.0
[tick] act=1 int=1 priming=1 ready=0 decode_ms=0.0
[tick] act=1 int=1 priming=1 ready=0 decode_ms=0.0
[tick] act=1 int=1 priming=1 ready=0 decode_ms=0.0
[tick] act=1 int=1 priming=1 ready=0 decode_ms=0.0
[tick] act=1 int=1 priming=1 ready=0 decode_ms=0.0
[tick] act=1 int=1 priming=1 ready=0 decode_ms=0.0
[tick] act=1 int=1 priming=1 ready=0 decode_ms=0.0
[tick] act=1 int=1 priming=1 ready=0 decode_ms=0.0
[tick] act=1 int=1 priming=1 ready=0 decode_ms=0.0
[tick] act=1 int=1 priming=1 ready=0 decode_ms=0.0
[tick] act=1 int=1 priming=1 ready=0 decode_ms=0.0
[tick] act=1 int=1 priming=1 ready=0 decode_ms=0.0
[tick] act=1 int=1 priming=1 ready=0 decode_ms=0.0
[tick] act=1 int=1 priming=1 ready=0 decode_ms=0.0
[tick] act=1 int=1 priming=1 ready=0 decode_ms=0.0
[tick] act=1 int=1 priming=1 ready=0 decode_ms=0.0
[tick] act=1 int=1 priming=1 ready=0 decode_ms=0.0
[tick] act=1 int=1 priming=1 ready=0 decode_ms=0.0
[tick] act=1 int=1 priming=1 ready=0 decode_ms=0.0
[tick] act=1 int=1 priming=1 ready=0 decode_ms=0.0
[tick] act=1 int=1 priming=1 ready=0 decode_ms=0.0
[tick] act=1 int=1 priming=1 ready=0 decode_ms=0.0
[tick] act=1 int=1 priming=1 ready=0 decode_ms=0.0
[tick] act=1 int=1 priming=1 ready=0 decode_ms=0.0
[tick] act=1 int=1 priming=1 ready=0 decode_ms=0.0
[tick] act=1 int=1 priming=1 ready=0 decode_ms=0.0
[tick] act=1 int=1 priming=1 ready=0 decode_ms=0.0
[tick] act=1 int=1 priming=1 ready=0 decode_ms=0.0
[tick] act=1 int=1 priming=1 ready=0 decode_ms=0.0
[tick] act=1 int=1 priming=1 ready=0 decode_ms=0.0
[tick] act=1 int=1 priming=1 ready=0 decode_ms=0.0
[tick] act=1 int=1 priming=1 ready=0 decode_ms=0.0
[tick] act=1 int=1 priming=1 ready=0 decode_ms=0.0
[tick] act=1 int=1 priming=1 ready=0 decode_ms=0.0
[tick] act=1 int=1 priming=1 ready=0 decode_ms=0.0
[tick] act=1 int=1 priming=1 ready=0 decode_ms=0.0
[tick] act=1 int=1 priming=1 ready=0 decode_ms=0.0
[tick] act=1 int=1 priming=1 ready=0 decode_ms=0.0
[tick] act=1 int=1 priming=1 ready=0 decode_ms=0.0
[tick] act=1 int=1 priming=1 ready=0 decode_ms=0.0
[tick] act=1 int=1 priming=1 ready=0 decode_ms=0.0
[tick] act=1 int=1 priming=1 ready=0 decode_ms=0.0
[tick] act=1 int=1 priming=1 ready=0 decode_ms=0.0
[tick] act=1 int=1 priming=1 ready=0 decode_ms=0.0
[tick] act=1 int=1 priming=1 ready=0 decode_ms=0.0
[tick] act=1 int=1 priming=1 ready=0 decode_ms=0.0
[tick] act=1 int=1 priming=1 ready=0 decode_ms=0.0
[tick] act=1 int=1 priming=1 ready=0 decode_ms=0.0
[tick] act=1 int=1 priming=1 ready=0 decode_ms=0.0
[tick] act=1 int=1 priming=1 ready=0 decode_ms=0.0
[tick] act=1 int=1 priming=1 ready=0 decode_ms=0.0
[tick] act=1 int=1 priming=1 ready=0 decode_ms=0.0
[tick] act=1 int=1 priming=1 ready=0 decode_ms=0.0
[tick] act=1 int=1 priming=1 ready=0 decode_ms=0.0
[tick] act=1 int=1 priming=1 ready=0 decode_ms=0.0
[tick] act=1 int=1 priming=1 ready=0 decode_ms=0.0
[tick] act=1 int=1 priming=1 ready=0 decode_ms=0.0
[tick] act=1 int=1 priming=1 ready=0 decode_ms=0.0
[tick] act=1 int=1 priming=1 ready=0 decode_ms=0.0
[tick] act=1 int=1 priming=1 ready=0 decode_ms=0.0
[tick] act=1 int=1 priming=1 ready=0 decode_ms=0.0
[tick] act=1 int=1 priming=1 ready=0 decode_ms=0.0
[tick] act=1 int=1 priming=1 ready=0 decode_ms=0.0
[tick] act=1 int=1 priming=1 ready=0 decode_ms=0.0
[tick] act=1 int=1 priming=1 ready=0 decode_ms=0.0
[tick] act=1 int=1 priming=1 ready=0 decode_ms=0.0
[tick] act=1 int=1 priming=1 ready=0 decode_ms=0.0
[tick] act=1 int=1 priming=1 ready=0 decode_ms=0.0
[tick] act=1 int=1 priming=1 ready=0 decode_ms=0.0
[tick] act=1 int=1 priming=1 ready=0 decode_ms=0.0
[tick] act=1 int=1 priming=1 ready=0 decode_ms=0.0
[tick] act=1 int=1 priming=1 ready=0 decode_ms=0.0
[tick] act=1 int=1 priming=1 ready=0 decode_ms=0.0
[tick] act=1 int=1 priming=1 ready=0 decode_ms=0.0
[tick] act=1 int=1 priming=1 ready=0 decode_ms=0.0
[tick] act=1 int=1 priming=1 ready=0 decode_ms=0.0
[tick] act=1 int=1 priming=1 ready=0 decode_ms=0.0
[tick] act=1 int=1 priming=1 ready=0 decode_ms=0.0
[tick] act=1 int=1 priming=1 ready=0 decode_ms=0.0
[tick] act=1 int=1 priming=1 ready=0 decode_ms=0.0
[tick] act=1 int=1 priming=1 ready=0 decode_ms=0.0
[tick] act=1 int=1 priming=1 ready=0 decode_ms=0.0
[tick] act=1 int=1 priming=1 ready=0 decode_ms=0.0
[tick] act=1 int=1 priming=1 ready=0 decode_ms=0.0
[tick] act=1 int=1 priming=1 ready=0 decode_ms=0.0
[tick] act=1 int=1 priming=1 ready=0 decode_ms=0.0
[tick] act=1 int=1 priming=1 ready=0 decode_ms=0.0
[tick] act=1 int=1 priming=1 ready=0 decode_ms=0.0
[tick] act=1 int=1 priming=1 ready=0 decode_ms=0.0
[tick] act=1 int=1 priming=1 ready=0 decode_ms=0.0
[tick] act=1 int=1 priming=1 ready=0 decode_ms=0.0
[tick] act=1 int=1 priming=1 ready=0 decode_ms=0.0
[tick] act=1 int=1 priming=1 ready=0 decode_ms=0.0
[tick] act=1 int=1 priming=1 ready=0 decode_ms=0.0
[tick] act=1 int=1 priming=1 ready=0 decode_ms=0.0
[tick] act=1 int=1 priming=1 ready=0 decode_ms=0.0
[tick] act=1 int=1 priming=1 ready=0 decode_ms=0.0
[tick] act=1 int=1 priming=1 ready=0 decode_ms=0.0
[tick] act=1 int=1 priming=1 ready=0 decode_ms=0.0
[tick] act=1 int=1 priming=1 ready=0 decode_ms=0.0
[tick] act=1 int=1 priming=1 ready=0 decode_ms=0.0
[tick] act=1 int=1 priming=1 ready=0 decode_ms=0.0
[tick] act=1 int=1 priming=1 ready=0 decode_ms=0.0
[tick] act=1 int=1 priming=1 ready=0 decode_ms=0.0
[tick] act=1 int=1 priming=1 ready=0 decode_ms=0.0
[tick] act=1 int=1 priming=1 ready=0 decode_ms=0.0
[tick] act=1 int=1 priming=1 ready=0 decode_ms=0.0
[tick] act=1 int=1 priming=1 ready=0 decode_ms=0.0
[tick] act=1 int=1 priming=1 ready=0 decode_ms=0.0
[tick] act=1 int=1 priming=1 ready=0 decode_ms=0.0
[tick] act=1 int=1 priming=1 ready=0 decode_ms=0.0
[tick] act=1 int=1 priming=1 ready=0 decode_ms=0.0
[tick] act=1 int=1 priming=1 ready=0 decode_ms=0.0
[tick] act=1 int=1 priming=1 ready=0 decode_ms=0.0
[tick] act=1 int=1 priming=1 ready=0 decode_ms=0.0
[tick] act=1 int=1 priming=1 ready=0 decode_ms=0.0
[tick] act=1 int=1 priming=1 ready=0 decode_ms=0.0
[tick] act=1 int=1 priming=1 ready=0 decode_ms=0.0
[tick] act=1 int=1 priming=1 ready=0 decode_ms=0.0
[tick] act=1 int=1 priming=1 ready=0 decode_ms=0.0
[tick] act=1 int=1 priming=1 ready=0 decode_ms=0.0
[tick] act=1 int=1 priming=1 ready=0 decode_ms=0.0
[tick] act=1 int=1 priming=1 ready=0 decode_ms=0.0
[tick] act=1 int=1 priming=1 ready=0 decode_ms=0.0
[tick] act=1 int=1 priming=1 ready=0 decode_ms=0.0
[tick] act=1 int=1 priming=1 ready=0 decode_ms=0.0
[tick] act=1 int=1 priming=1 ready=0 decode_ms=0.0
[tick] act=1 int=1 priming=1 ready=0 decode_ms=0.0
[tick] act=1 int=1 priming=1 ready=0 decode_ms=0.0
[tick] act=1 int=1 priming=1 ready=0 decode_ms=0.0
[tick] act=1 int=1 priming=1 ready=0 decode_ms=0.0
[tick] act=1 int=1 priming=1 ready=0 decode_ms=0.0
[tick] act=1 int=1 priming=1 ready=0 decode_ms=0.0
[tick] act=1 int=1 priming=1 ready=0 decode_ms=0.0
[tick] act=1 int=1 priming=1 ready=0 decode_ms=0.0
[tick] act=1 int=1 priming=1 ready=0 decode_ms=0.0
[tick] act=1 int=1 priming=1 ready=0 decode_ms=0.0
[tick] act=1 int=1 priming=1 ready=0 decode_ms=0.0
[tick] act=1 int=1 priming=1 ready=0 decode_ms=0.0
[tick] act=1 int=1 priming=1 ready=0 decode_ms=0.0
[tick] act=1 int=1 priming=1 ready=0 decode_ms=0.0
[tick] act=1 int=1 priming=1 ready=0 decode_ms=0.0
[tick] act=1 int=1 priming=1 ready=0 decode_ms=0.0
[tick] act=1 int=1 priming=1 ready=0 decode_ms=0.0
[tick] act=1 int=1 priming=1 ready=0 decode_ms=0.0
[tick] act=1 int=1 priming=1 ready=0 decode_ms=0.0
[tick] act=1 int=1 priming=1 ready=0 decode_ms=0.0
[tick] act=1 int=1 priming=1 ready=0 decode_ms=0.0
[tick] act=1 int=1 priming=1 ready=0 decode_ms=0.0
[tick] act=1 int=1 priming=1 ready=0 decode_ms=0.0
[tick] act=1 int=1 priming=1 ready=0 decode_ms=0.0
[tick] act=1 int=1 priming=1 ready=0 decode_ms=0.0
[tick] act=1 int=1 priming=1 ready=0 decode_ms=0.0
[tick] act=1 int=1 priming=1 ready=0 decode_ms=0.0
[tick] act=1 int=1 priming=1 ready=0 decode_ms=0.0
[tick] act=1 int=1 priming=1 ready=0 decode_ms=0.0
[tick] act=1 int=1 priming=1 ready=0 decode_ms=0.0
[tick] act=1 int=1 priming=1 ready=0 decode_ms=0.0
[tick] act=1 int=1 priming=1 ready=0 decode_ms=0.0
[tick] act=1 int=1 priming=1 ready=0 decode_ms=0.0
[tick] act=1 int=1 priming=1 ready=0 decode_ms=0.0
[tick] act=1 int=1 priming=1 ready=0 decode_ms=0.0
[tick] act=1 int=1 priming=1 ready=0 decode_ms=0.0
[tick] act=1 int=1 priming=1 ready=0 decode_ms=0.0
[tick] act=1 int=1 priming=1 ready=0 decode_ms=0.0
[tick] act=1 int=1 priming=1 ready=0 decode_ms=0.0
[tick] act=1 int=1 priming=1 ready=0 decode_ms=0.0
[tick] act=1 int=1 priming=1 ready=0 decode_ms=0.0
[tick] act=1 int=1 priming=1 ready=0 decode_ms=0.0
[tick] act=1 int=1 priming=1 ready=0 decode_ms=0.0
[tick] act=1 int=1 priming=1 ready=0 decode_ms=0.0
[tick] act=1 int=1 priming=1 ready=0 decode_ms=0.0
[tick] act=1 int=1 priming=1 ready=0 decode_ms=0.0
[tick] act=1 int=1 priming=1 ready=0 decode_ms=0.0
[tick] act=1 int=1 priming=1 ready=0 decode_ms=0.0
[tick] act=1 int=1 priming=1 ready=0 decode_ms=0.0
[tick] act=1 int=1 priming=1 ready=0 decode_ms=0.0
[tick] act=1 int=1 priming=1 ready=0 decode_ms=0.0
[tick] act=1 int=1 priming=1 ready=0 decode_ms=0.0
[tick] act=1 int=1 priming=1 ready=0 decode_ms=0.0
[tick] act=1 int=1 priming=1 ready=0 decode_ms=0.0
[tick] act=1 int=1 priming=1 ready=0 decode_ms=0.0
[tick] act=1 int=1 priming=1 ready=0 decode_ms=0.0
[tick] act=1 int=1 priming=1 ready=0 decode_ms=0.0
[tick] act=1 int=1 priming=1 ready=0 decode_ms=0.0
[tick] act=1 int=1 priming=1 ready=0 decode_ms=0.0
[tick] act=1 int=1 priming=1 ready=0 decode_ms=0.0
[tick] act=1 int=1 priming=1 ready=0 decode_ms=0.0
[tick] act=1 int=1 priming=1 ready=0 decode_ms=0.0
[tick] act=1 int=1 priming=1 ready=0 decode_ms=0.0
[tick] act=1 int=1 priming=1 ready=0 decode_ms=0.0
[tick] act=1 int=1 priming=1 ready=0 decode_ms=0.0
[tick] act=1 int=1 priming=1 ready=0 decode_ms=0.0
[tick] act=1 int=1 priming=1 ready=0 decode_ms=0.0
[tick] act=1 int=1 priming=1 ready=0 decode_ms=0.0
[tick] act=1 int=1 priming=1 ready=0 decode_ms=0.0
[tick] act=1 int=1 priming=1 ready=0 decode_ms=0.0
[tick] act=1 int=1 priming=1 ready=0 decode_ms=0.0
[tick] act=1 int=1 priming=1 ready=0 decode_ms=0.0
[tick] act=1 int=1 priming=1 ready=0 decode_ms=0.0
[tick] act=1 int=1 priming=1 ready=0 decode_ms=0.0
[tick] act=1 int=1 priming=1 ready=0 decode_ms=0.0
[tick] act=1 int=1 priming=1 ready=0 decode_ms=0.0
[tick] act=1 int=1 priming=1 ready=0 decode_ms=0.0
[tick] act=1 int=1 priming=1 ready=0 decode_ms=0.0
[tick] act=1 int=1 priming=1 ready=0 decode_ms=0.0
[tick] act=1 int=1 priming=1 ready=0 decode_ms=0.0
[tick] act=1 int=1 priming=1 ready=0 decode_ms=0.0
[tick] act=1 int=1 priming=1 ready=0 decode_ms=0.0
[tick] act=1 int=1 priming=1 ready=0 decode_ms=0.0
[tick] act=1 int=1 priming=1 ready=0 decode_ms=0.0
[tick] act=1 int=1 priming=1 ready=0 decode_ms=0.0
[tick] act=1 int=1 priming=1 ready=0 decode_ms=0.0
[tick] act=1 int=1 priming=1 ready=0 decode_ms=0.0
[tick] act=1 int=1 priming=1 ready=0 decode_ms=0.0
[tick] act=1 int=1 priming=1 ready=0 decode_ms=0.0
[tick] act=1 int=1 priming=1 ready=0 decode_ms=0.0
[tick] act=1 int=1 priming=1 ready=0 decode_ms=0.0
[tick] act=1 int=1 priming=1 ready=0 decode_ms=0.0
[tick] act=1 int=1 priming=1 ready=0 decode_ms=0.0
[tick] act=1 int=1 priming=1 ready=0 decode_ms=0.0
[tick] act=1 int=1 priming=1 ready=0 decode_ms=0.0
[tick] act=1 int=1 priming=1 ready=0 decode_ms=0.0
[tick] act=1 int=1 priming=1 ready=0 decode_ms=0.0
[tick] act=1 int=1 priming=1 ready=0 decode_ms=0.0
[tick] act=1 int=1 priming=1 ready=0 decode_ms=0.0
[tick] act=1 int=1 priming=1 ready=0 decode_ms=0.0
[tick] act=1 int=1 priming=1 ready=0 decode_ms=0.0
[tick] act=1 int=1 priming=1 ready=0 decode_ms=0.0
[tick] act=1 int=1 priming=1 ready=0 decode_ms=0.0
[tick] act=1 int=1 priming=1 ready=0 decode_ms=0.0
[tick] act=1 int=1 priming=1 ready=0 decode_ms=0.0
[tick] act=1 int=1 priming=1 ready=0 decode_ms=0.0
[tick] act=1 int=1 priming=1 ready=0 decode_ms=0.0
[tick] act=1 int=1 priming=1 ready=0 decode_ms=0.0
[tick] act=1 int=1 priming=1 ready=0 decode_ms=0.0
[tick] act=1 int=1 priming=1 ready=0 decode_ms=0.0
[tick] act=1 int=1 priming=1 ready=0 decode_ms=0.0
[tick] act=1 int=1 priming=1 ready=0 decode_ms=0.0
[tick] act=1 int=1 priming=1 ready=0 decode_ms=0.0
[tick] act=1 int=1 priming=1 ready=0 decode_ms=0.0
[tick] act=1 int=1 priming=1 ready=0 decode_ms=0.0
[tick] act=1 int=1 priming=1 ready=0 decode_ms=0.0
[tick] act=1 int=1 priming=1 ready=0 decode_ms=0.0
[tick] act=1 int=1 priming=1 ready=0 decode_ms=0.0
[tick] act=1 int=1 priming=1 ready=0 decode_ms=0.0
[tick] act=1 int=1 priming=1 ready=0 decode_ms=0.0
[tick] act=1 int=1 priming=1 ready=0 decode_ms=0.0
[tick] act=1 int=1 priming=1 ready=0 decode_ms=0.0
[tick] act=1 int=1 priming=1 ready=0 decode_ms=0.0
[tick] act=1 int=1 priming=1 ready=0 decode_ms=0.0
[tick] act=1 int=1 priming=1 ready=0 decode_ms=0.0
[tick] act=1 int=1 priming=1 ready=0 decode_ms=0.0
[tick] act=1 int=1 priming=1 ready=0 decode_ms=0.0
[tick] act=1 int=1 priming=1 ready=0 decode_ms=0.0
[tick] act=1 int=1 priming=1 ready=0 decode_ms=0.0
[tick] act=1 int=1 priming=1 ready=0 decode_ms=0.0
[tick] act=1 int=1 priming=1 ready=0 decode_ms=0.0
[tick] act=1 int=1 priming=1 ready=0 decode_ms=0.0
[tick] act=1 int=1 priming=1 ready=0 decode_ms=0.0
[tick] act=1 int=1 priming=1 ready=0 decode_ms=0.0
[tick] act=1 int=1 priming=1 ready=0 decode_ms=0.0
[tick] act=1 int=1 priming=1 ready=0 decode_ms=0.0
[tick] act=1 int=1 priming=1 ready=0 decode_ms=0.0
[tick] act=1 int=1 priming=1 ready=0 decode_ms=0.0
[tick] act=1 int=1 priming=1 ready=0 decode_ms=0.0
[tick] act=1 int=1 priming=1 ready=0 decode_ms=0.0
[tick] act=1 int=1 priming=1 ready=0 decode_ms=0.0
[tick] act=1 int=1 priming=1 ready=0 decode_ms=0.0
[tick] act=1 int=1 priming=1 ready=0 decode_ms=0.0
[tick] act=1 int=1 priming=1 ready=0 decode_ms=0.0
[tick] act=1 int=1 priming=1 ready=0 decode_ms=0.0
[tick] act=1 int=1 priming=1 ready=0 decode_ms=0.0
[tick] act=1 int=1 priming=1 ready=0 decode_ms=0.0
[tick] act=1 int=1 priming=1 ready=0 decode_ms=0.0
[tick] act=1 int=1 priming=1 ready=0 decode_ms=0.0
[tick] act=1 int=1 priming=1 ready=0 decode_ms=0.0
[tick] act=1 int=1 priming=1 ready=0 decode_ms=0.0
[tick] act=1 int=1 priming=1 ready=0 decode_ms=0.0
[tick] act=1 int=1 priming=1 ready=0 decode_ms=0.0
[tick] act=1 int=1 priming=1 ready=0 decode_ms=0.0
[tick] act=1 int=1 priming=1 ready=0 decode_ms=0.0
[tick] act=1 int=1 priming=1 ready=0 decode_ms=0.0
[tick] act=1 int=1 priming=1 ready=0 decode_ms=0.0
[tick] act=1 int=1 priming=1 ready=0 decode_ms=0.0
[tick] act=1 int=1 priming=1 ready=0 decode_ms=0.0
[tick] act=1 int=1 priming=1 ready=0 decode_ms=0.0
[tick] act=1 int=1 priming=1 ready=0 decode_ms=0.0
[tick] act=1 int=1 priming=1 ready=0 decode_ms=0.0
[tick] act=1 int=1 priming=1 ready=0 decode_ms=0.0
[tick] act=1 int=1 priming=1 ready=0 decode_ms=0.0
[tick] act=1 int=1 priming=1 ready=0 decode_ms=0.0
[tick] act=1 int=1 priming=1 ready=0 decode_ms=0.0
[tick] act=1 int=1 priming=1 ready=0 decode_ms=0.0
[tick] act=1 int=1 priming=1 ready=0 decode_ms=0.0
[tick] act=1 int=1 priming=1 ready=0 decode_ms=0.0
[tick] act=1 int=1 priming=1 ready=0 decode_ms=0.0
[tick] act=1 int=1 priming=1 ready=0 decode_ms=0.0
[tick] act=1 int=1 priming=1 ready=0 decode_ms=0.0
[tick] act=1 int=1 priming=1 ready=0 decode_ms=0.0
[tick] act=1 int=1 priming=1 ready=0 decode_ms=0.0
[tick] act=1 int=1 priming=1 ready=0 decode_ms=0.0
[tick] act=1 int=1 priming=1 ready=0 decode_ms=0.0
[tick] act=1 int=1 priming=1 ready=0 decode_ms=0.0
[tick] act=1 int=1 priming=1 ready=0 decode_ms=0.0
[tick] act=1 int=1 priming=1 ready=0 decode_ms=0.0
[tick] act=1 int=1 priming=1 ready=0 decode_ms=0.0
[tick] act=1 int=1 priming=1 ready=0 decode_ms=0.0
[tick] act=1 int=1 priming=1 ready=0 decode_ms=0.0
[tick] act=1 int=1 priming=1 ready=0 decode_ms=0.0
[tick] act=1 int=1 priming=1 ready=0 decode_ms=0.0
[tick] act=1 int=1 priming=1 ready=0 decode_ms=0.0
[tick] act=1 int=1 priming=1 ready=0 decode_ms=0.0
[tick] act=1 int=1 priming=1 ready=0 decode_ms=0.0
[tick] act=1 int=1 priming=1 ready=0 decode_ms=0.0
[tick] act=1 int=1 priming=1 ready=0 decode_ms=0.0
[tick] act=1 int=1 priming=1 ready=0 decode_ms=0.0
[tick] act=1 int=1 priming=1 ready=0 decode_ms=0.0
[tick] act=1 int=1 priming=1 ready=0 decode_ms=0.0
[tick] act=1 int=1 priming=1 ready=0 decode_ms=0.0
[tick] act=1 int=1 priming=1 ready=0 decode_ms=0.0
[tick] act=1 int=1 priming=1 ready=0 decode_ms=0.0
[tick] act=1 int=1 priming=1 ready=0 decode_ms=0.0
[tick] act=1 int=1 priming=1 ready=0 decode_ms=0.0
[tick] act=1 int=1 priming=1 ready=0 decode_ms=0.0
[tick] act=1 int=1 priming=1 ready=0 decode_ms=0.0
[tick] act=1 int=1 priming=1 ready=0 decode_ms=0.0
[tick] act=1 int=1 priming=1 ready=0 decode_ms=0.0
[tick] act=1 int=1 priming=1 ready=0 decode_ms=0.0
[tick] act=1 int=1 priming=1 ready=0 decode_ms=0.0
[tick] act=1 int=1 priming=1 ready=0 decode_ms=0.0
[tick] act=1 int=1 priming=1 ready=0 decode_ms=0.0
[tick] act=1 int=1 priming=1 ready=0 decode_ms=0.0
[tick] act=1 int=1 priming=1 ready=0 decode_ms=0.0
[tick] act=1 int=1 priming=1 ready=0 decode_ms=0.0
[tick] act=1 int=1 priming=1 ready=0 decode_ms=0.0
[tick] act=1 int=1 priming=1 ready=0 decode_ms=0.0
[tick] act=1 int=1 priming=1 ready=0 decode_ms=0.0
[tick] act=1 int=1 priming=1 ready=0 decode_ms=0.0
[tick] act=1 int=1 priming=1 ready=0 decode_ms=0.0
[tick] act=1 int=1 priming=1 ready=0 decode_ms=0.0
[tick] act=1 int=1 priming=1 ready=0 decode_ms=0.0
[tick] act=1 int=1 priming=1 ready=0 decode_ms=0.0
[tick] act=1 int=1 priming=1 ready=0 decode_ms=0.0
[tick] act=1 int=1 priming=1 ready=0 decode_ms=0.0
[tick] act=1 int=1 priming=1 ready=0 decode_ms=0.0
[tick] act=1 int=1 priming=1 ready=0 decode_ms=0.0
[tick] act=1 int=1 priming=1 ready=0 decode_ms=0.0
[tick] act=1 int=1 priming=1 ready=0 decode_ms=0.0
[tick] act=1 int=1 priming=1 ready=0 decode_ms=0.0
[tick] act=1 int=1 priming=1 ready=0 decode_ms=0.0
[tick] act=1 int=1 priming=1 ready=0 decode_ms=0.0
[tick] act=1 int=1 priming=1 ready=0 decode_ms=0.0
[tick] act=1 int=1 priming=1 ready=0 decode_ms=0.0
[tick] act=1 int=1 priming=1 ready=0 decode_ms=0.0
[tick] act=1 int=1 priming=1 ready=0 decode_ms=0.0
[tick] act=1 int=1 priming=1 ready=0 decode_ms=0.0
[tick] act=1 int=1 priming=1 ready=0 decode_ms=0.0
[tick] act=1 int=1 priming=1 ready=0 decode_ms=0.0
[tick] act=1 int=1 priming=1 ready=0 decode_ms=0.0
[tick] act=1 int=1 priming=1 ready=0 decode_ms=0.0
[tick] act=1 int=1 priming=1 ready=0 decode_ms=0.0
[tick] act=1 int=1 priming=1 ready=0 decode_ms=0.0
[tick] act=1 int=1 priming=1 ready=0 decode_ms=0.0
[tick] act=1 int=1 priming=1 ready=0 decode_ms=0.0
[tick] act=1 int=1 priming=1 ready=0 decode_ms=0.0
[tick] act=1 int=1 priming=1 ready=0 decode_ms=0.0
[tick] act=1 int=1 priming=1 ready=0 decode_ms=0.0
[tick] act=1 int=1 priming=1 ready=0 decode_ms=0.0
[tick] act=1 int=1 priming=1 ready=0 decode_ms=0.0
[tick] act=1 int=1 priming=1 ready=0 decode_ms=0.0
[tick] act=1 int=1 priming=1 ready=0 decode_ms=0.0
[tick] act=1 int=1 priming=1 ready=0 decode_ms=0.0
[tick] act=1 int=1 priming=1 ready=0 decode_ms=0.0
[tick] act=1 int=1 priming=1 ready=0 decode_ms=0.0
[tick] act=1 int=1 priming=1 ready=0 decode_ms=0.0
[tick] act=1 int=1 priming=1 ready=0 decode_ms=0.0
[tick] act=1 int=1 priming=1 ready=0 decode_ms=0.0
[tick] act=1 int=1 priming=1 ready=0 decode_ms=0.0
[tick] act=1 int=1 priming=1 ready=0 decode_ms=0.0
[tick] act=1 int=1 priming=1 ready=0 decode_ms=0.0
[tick] act=1 int=1 priming=1 ready=0 decode_ms=0.0
[tick] act=1 int=1 priming=1 ready=0 decode_ms=0.0
[tick] act=1 int=1 priming=1 ready=0 decode_ms=0.0
[tick] act=1 int=1 priming=1 ready=0 decode_ms=0.0
[tick] act=1 int=1 priming=1 ready=0 decode_ms=0.0
[tick] act=1 int=1 priming=1 ready=0 decode_ms=0.0
[tick] act=1 int=1 priming=1 ready=0 decode_ms=0.0
[tick] act=1 int=1 priming=1 ready=0 decode_ms=0.0
[tick] act=1 int=1 priming=1 ready=0 decode_ms=0.0
[tick] act=1 int=1 priming=1 ready=0 decode_ms=0.0
[tick] act=1 int=1 priming=1 ready=0 decode_ms=0.0
[tick] act=1 int=1 priming=1 ready=0 decode_ms=0.0
[tick] act=1 int=1 priming=1 ready=0 decode_ms=0.0
[tick] act=1 int=1 priming=1 ready=0 decode_ms=0.0
[tick] act=1 int=1 priming=1 ready=0 decode_ms=0.0
[tick] act=1 int=1 priming=1 ready=0 decode_ms=0.0
[tick] act=1 int=1 priming=1 ready=0 decode_ms=0.0
[tick] act=1 int=1 priming=1 ready=0 decode_ms=0.0
[tick] act=1 int=1 priming=1 ready=0 decode_ms=0.0
[tick] act=1 int=1 priming=1 ready=0 decode_ms=0.0
[tick] act=1 int=1 priming=1 ready=0 decode_ms=0.0
[tick] act=1 int=1 priming=1 ready=0 decode_ms=0.0
[tick] act=1 int=1 priming=1 ready=0 decode_ms=0.0
[tick] act=1 int=1 priming=1 ready=0 decode_ms=0.0
[tick] act=1 int=1 priming=1 ready=0 decode_ms=0.0
[tick] act=1 int=1 priming=1 ready=0 decode_ms=0.0
[tick] act=1 int=1 priming=1 ready=0 decode_ms=0.0
[tick] act=1 int=1 priming=1 ready=0 decode_ms=0.0
[tick] act=1 int=1 priming=1 ready=0 decode_ms=0.0
[tick] act=1 int=1 priming=1 ready=0 decode_ms=0.0
[tick] act=1 int=1 priming=1 ready=0 decode_ms=0.0
[tick] act=1 int=1 priming=1 ready=0 decode_ms=0.0
[tick] act=1 int=1 priming=1 ready=0 decode_ms=0.0
[tick] act=1 int=1 priming=1 ready=0 decode_ms=0.0
[tick] act=1 int=1 priming=1 ready=0 decode_ms=0.0
[tick] act=1 int=1 priming=1 ready=0 decode_ms=0.0
[tick] act=1 int=1 priming=1 ready=0 decode_ms=0.0
[tick] act=1 int=1 priming=1 ready=0 decode_ms=0.0
[tick] act=1 int=1 priming=1 ready=0 decode_ms=0.0
[tick] act=1 int=1 priming=1 ready=0 decode_ms=0.0
[tick] act=1 int=1 priming=1 ready=0 decode_ms=0.0
[tick] act=1 int=1 priming=1 ready=0 decode_ms=0.0
[tick] act=1 int=1 priming=1 ready=0 decode_ms=0.0
[tick] act=1 int=1 priming=1 ready=0 decode_ms=0.0
[tick] act=1 int=1 priming=1 ready=0 decode_ms=0.0
[tick] act=1 int=1 priming=1 ready=0 decode_ms=0.0
[tick] act=1 int=1 priming=1 ready=0 decode_ms=0.0
[tick] act=1 int=1 priming=1 ready=0 decode_ms=0.0
[tick] act=1 int=1 priming=1 ready=0 decode_ms=0.0
[tick] act=1 int=1 priming=1 ready=0 decode_ms=0.0
[tick] act=1 int=1 priming=1 ready=0 decode_ms=0.0
[tick] act=1 int=1 priming=1 ready=0 decode_ms=0.0
[tick] act=1 int=1 priming=1 ready=0 decode_ms=0.0
[tick] act=1 int=1 priming=1 ready=0 decode_ms=0.0
[tick] act=1 int=1 priming=1 ready=0 decode_ms=0.0
[tick] act=1 int=1 priming=1 ready=0 decode_ms=0.0
[tick] act=1 int=1 priming=1 ready=0 decode_ms=0.0
[tick] act=1 int=1 priming=1 ready=0 decode_ms=0.0
[tick] act=1 int=1 priming=1 ready=0 decode_ms=0.0
[tick] act=1 int=1 priming=1 ready=0 decode_ms=0.0
[tick] act=1 int=1 priming=1 ready=0 decode_ms=0.0
[tick] act=1 int=1 priming=1 ready=0 decode_ms=0.0
[tick] act=1 int=1 priming=1 ready=0 decode_ms=0.0
[tick] act=1 int=1 priming=1 ready=0 decode_ms=0.0
[tick] act=1 int=1 priming=1 ready=0 decode_ms=0.0
[tick] act=1 int=1 priming=1 ready=0 decode_ms=0.0
[tick] act=1 int=1 priming=1 ready=0 decode_ms=0.0
[tick] act=1 int=1 priming=1 ready=0 decode_ms=0.0
[tick] act=1 int=1 priming=1 ready=0 decode_ms=0.0
[tick] act=1 int=1 priming=1 ready=0 decode_ms=0.0
[tick] act=1 int=1 priming=1 ready=0 decode_ms=0.0
[tick] act=1 int=1 priming=1 ready=0 decode_ms=0.0
[tick] act=1 int=1 priming=1 ready=0 decode_ms=0.0
[tick] act=1 int=1 priming=1 ready=0 decode_ms=0.0
[tick] act=1 int=1 priming=1 ready=0 decode_ms=0.0
[tick] act=1 int=1 priming=1 ready=0 decode_ms=0.0
[tick] act=1 int=1 priming=1 ready=0 decode_ms=0.0
[tick] act=1 int=1 priming=1 ready=0 decode_ms=0.0
[tick] act=1 int=1 priming=1 ready=0 decode_ms=0.0
[tick] act=1 int=1 priming=1 ready=0 decode_ms=0.0
[tick] act=1 int=1 priming=1 ready=0 decode_ms=0.0
[tick] act=1 int=1 priming=1 ready=0 decode_ms=0.0
[tick] act=1 int=1 priming=1 ready=0 decode_ms=0.0
[tick] act=1 int=1 priming=1 ready=0 decode_ms=0.0
[tick] act=1 int=1 priming=1 ready=0 decode_ms=0.0
[tick] act=1 int=1 priming=1 ready=0 decode_ms=0.0
[tick] act=1 int=1 priming=1 ready=0 decode_ms=0.0
[tick] act=1 int=1 priming=1 ready=0 decode_ms=0.0
[tick] act=1 int=1 priming=1 ready=0 decode_ms=0.0
[tick] act=1 int=1 priming=1 ready=0 decode_ms=0.0
[tick] act=1 int=1 priming=1 ready=0 decode_ms=0.0
[tick] act=1 int=1 priming=1 ready=0 decode_ms=0.0
[tick] act=1 int=1 priming=1 ready=0 decode_ms=0.0
[tick] act=1 int=1 priming=1 ready=0 decode_ms=0.0
[tick] act=1 int=1 priming=1 ready=0 decode_ms=0.0
[tick] act=1 int=1 priming=1 ready=0 decode_ms=0.0
[tick] act=1 int=1 priming=1 ready=0 decode_ms=0.0
[tick] act=1 int=1 priming=1 ready=0 decode_ms=0.0
[tick] act=1 int=1 priming=1 ready=0 decode_ms=0.0
[tick] act=1 int=1 priming=1 ready=0 decode_ms=0.0
[tick] act=1 int=1 priming=1 ready=0 decode_ms=0.0
[tick] act=1 int=1 priming=1 ready=0 decode_ms=0.0
[tick] act=1 int=1 priming=1 ready=0 decode_ms=0.0
[tick] act=1 int=1 priming=1 ready=0 decode_ms=0.0
[tick] act=1 int=1 priming=1 ready=0 decode_ms=0.0
[tick] act=1 int=1 priming=1 ready=0 decode_ms=0.0
[tick] act=1 int=1 priming=1 ready=0 decode_ms=0.0
[tick] act=1 int=1 priming=1 ready=0 decode_ms=0.0
[tick] act=1 int=1 priming=1 ready=0 decode_ms=0.0
[tick] act=1 int=1 priming=1 ready=0 decode_ms=0.0
[tick] act=1 int=1 priming=1 ready=0 decode_ms=0.0
[tick] act=1 int=1 priming=1 ready=0 decode_ms=0.0
[tick] act=1 int=1 priming=1 ready=0 decode_ms=0.0
[tick] act=1 int=1 priming=1 ready=0 decode_ms=0.0
[tick] act=1 int=1 priming=1 ready=0 decode_ms=0.0
[tick] act=1 int=1 priming=1 ready=0 decode_ms=0.0
[tick] act=1 int=1 priming=1 ready=0 decode_ms=0.0
[tick] act=1 int=1 priming=1 ready=0 decode_ms=0.0
[tick] act=1 int=1 priming=1 ready=0 decode_ms=0.0
[tick] act=1 int=1 priming=1 ready=0 decode_ms=0.0
[tick] act=1 int=1 priming=1 ready=0 decode_ms=0.0
[tick] act=1 int=1 priming=1 ready=0 decode_ms=0.0
[tick] act=1 int=1 priming=1 ready=0 decode_ms=0.0
[tick] act=1 int=1 priming=1 ready=0 decode_ms=0.0
[tick] act=1 int=1 priming=1 ready=0 decode_ms=0.0
[tick] act=1 int=1 priming=1 ready=0 decode_ms=0.0
[tick] act=1 int=1 priming=1 ready=0 decode_ms=0.0
[tick] act=1 int=1 priming=1 ready=0 decode_ms=0.0
[tick] act=1 int=1 priming=1 ready=0 decode_ms=0.0
[tick] act=1 int=1 priming=1 ready=0 decode_ms=0.0
[tick] act=1 int=1 priming=1 ready=0 decode_ms=0.0
[tick] act=1 int=1 priming=1 ready=0 decode_ms=0.0
[tick] act=1 int=1 priming=1 ready=0 decode_ms=0.0
[tick] act=1 int=1 priming=1 ready=0 decode_ms=0.0
[tick] act=1 int=1 priming=1 ready=0 decode_ms=0.0
[tick] act=1 int=1 priming=1 ready=0 decode_ms=0.0
[tick] act=1 int=1 priming=1 ready=0 decode_ms=0.0
[tick] act=1 int=1 priming=1 ready=0 decode_ms=0.0
[tick] act=1 int=1 priming=1 ready=0 decode_ms=0.0
[tick] act=1 int=1 priming=1 ready=0 decode_ms=0.0
[tick] act=1 int=1 priming=1 ready=0 decode_ms=0.0
[tick] act=1 int=1 priming=1 ready=0 decode_ms=0.0
[tick] act=1 int=1 priming=1 ready=0 decode_ms=0.0
[tick] act=1 int=1 priming=1 ready=0 decode_ms=0.0
[tick] act=1 int=1 priming=1 ready=0 decode_ms=0.0
[tick] act=1 int=1 priming=1 ready=0 decode_ms=0.0
[tick] act=1 int=1 priming=1 ready=0 decode_ms=0.0
[tick] act=1 int=1 priming=1 ready=0 decode_ms=0.0
[tick] act=1 int=1 priming=1 ready=0 decode_ms=0.0
[tick] act=1 int=1 priming=1 ready=0 decode_ms=0.0
[tick] act=1 int=1 priming=1 ready=0 decode_ms=0.0
[tick] act=1 int=1 priming=1 ready=0 decode_ms=0.0
[tick] act=1 int=1 priming=1 ready=0 decode_ms=0.0
[tick] act=1 int=1 priming=1 ready=0 decode_ms=0.0
[tick] act=1 int=1 priming=1 ready=0 decode_ms=0.0
[tick] act=1 int=1 priming=1 ready=0 decode_ms=0.0
[tick] act=1 int=1 priming=1 ready=0 decode_ms=0.0
[tick] act=1 int=1 priming=1 ready=0 decode_ms=0.0
[tick] act=1 int=1 priming=1 ready=0 decode_ms=0.0
[tick] act=1 int=1 priming=1 ready=0 decode_ms=0.0
[tick] act=1 int=1 priming=1 ready=0 decode_ms=0.0
[tick] act=1 int=1 priming=1 ready=0 decode_ms=0.0
[tick] act=1 int=1 priming=1 ready=0 decode_ms=0.0
[tick] act=1 int=1 priming=1 ready=0 decode_ms=0.0
[tick] act=1 int=1 priming=1 ready=0 decode_ms=0.0
[tick] act=1 int=1 priming=1 ready=0 decode_ms=0.0
[tick] act=1 int=1 priming=1 ready=0 decode_ms=0.0
[tick] act=1 int=1 priming=1 ready=0 decode_ms=0.0
[tick] act=1 int=1 priming=1 ready=0 decode_ms=0.0
[tick] act=1 int=1 priming=1 ready=0 decode_ms=0.0
[tick] act=1 int=1 priming=1 ready=0 decode_ms=0.0
[tick] act=1 int=1 priming=1 ready=0 decode_ms=0.0
[tick] act=1 int=1 priming=1 ready=0 decode_ms=0.0
[tick] act=1 int=1 priming=1 ready=0 decode_ms=0.0
[tick] act=1 int=1 priming=1 ready=0 decode_ms=0.0
[tick] act=1 int=1 priming=1 ready=0 decode_ms=0.0
[tick] act=1 int=1 priming=1 ready=0 decode_ms=0.0
[tick] act=1 int=1 priming=1 ready=0 decode_ms=0.0
[tick] act=1 int=1 priming=1 ready=0 decode_ms=0.0
[tick] act=1 int=1 priming=1 ready=0 decode_ms=0.0
[tick] act=1 int=1 priming=1 ready=0 decode_ms=0.0
[tick] act=1 int=1 priming=1 ready=0 decode_ms=0.0
[tick] act=1 int=1 priming=1 ready=0 decode_ms=0.0
[tick] act=1 int=1 priming=1 ready=0 decode_ms=0.0
[tick] act=1 int=1 priming=1 ready=0 decode_ms=0.0
[tick] act=1 int=1 priming=1 ready=0 decode_ms=0.0
[tick] act=1 int=1 priming=1 ready=0 decode_ms=0.0
[tick] act=1 int=1 priming=1 ready=0 decode_ms=0.0
[tick] act=1 int=1 priming=1 ready=0 decode_ms=0.0
[tick] act=1 int=1 priming=1 ready=0 decode_ms=0.0
[tick] act=1 int=1 priming=1 ready=0 decode_ms=0.0
[tick] act=1 int=1 priming=1 ready=0 decode_ms=0.0
[tick] act=1 int=1 priming=1 ready=0 decode_ms=0.0
[tick] act=1 int=1 priming=1 ready=0 decode_ms=0.0
[tick] act=1 int=1 priming=1 ready=0 decode_ms=0.0
[tick] act=1 int=1 priming=1 ready=0 decode_ms=0.0
[tick] act=1 int=1 priming=1 ready=0 decode_ms=0.0
[tick] act=1 int=1 priming=1 ready=0 decode_ms=0.0
[tick] act=1 int=1 priming=1 ready=0 decode_ms=0.0
[tick] act=1 int=1 priming=1 ready=0 decode_ms=0.0
[tick] act=1 int=1 priming=1 ready=0 decode_ms=0.0
[tick] act=1 int=1 priming=1 ready=0 decode_ms=0.0
[tick] act=1 int=1 priming=1 ready=0 decode_ms=0.0
[tick] act=1 int=1 priming=1 ready=0 decode_ms=0.0
[tick] act=1 int=1 priming=1 ready=0 decode_ms=0.0
[tick] act=1 int=1 priming=1 ready=0 decode_ms=0.0
[tick] act=1 int=1 priming=1 ready=0 decode_ms=0.0
[tick] act=1 int=1 priming=1 ready=0 decode_ms=0.0
[tick] act=1 int=1 priming=1 ready=0 decode_ms=0.0
[tick] act=1 int=1 priming=1 ready=0 decode_ms=0.0
[tick] act=1 int=1 priming=1 ready=0 decode_ms=0.0
[tick] act=1 int=1 priming=1 ready=0 decode_ms=0.0
[tick] act=1 int=1 priming=1 ready=0 decode_ms=0.0
[tick] act=1 int=1 priming=1 ready=0 decode_ms=0.0
[tick] act=1 int=1 priming=1 ready=0 decode_ms=0.0
[tick] act=1 int=1 priming=1 ready=0 decode_ms=0.0
[tick] act=1 int=1 priming=1 ready=0 decode_ms=0.0
[tick] act=1 int=1 priming=1 ready=0 decode_ms=0.0
[tick] act=1 int=1 priming=1 ready=0 decode_ms=0.0
[tick] act=1 int=1 priming=1 ready=0 decode_ms=0.0
[tick] act=1 int=1 priming=1 ready=0 decode_ms=0.0
[tick] act=1 int=1 priming=1 ready=0 decode_ms=0.0
[tick] act=1 int=1 priming=1 ready=0 decode_ms=0.0
[tick] act=1 int=1 priming=1 ready=0 decode_ms=0.0
[tick] act=1 int=1 priming=1 ready=0 decode_ms=0.0
[tick] act=1 int=1 priming=1 ready=0 decode_ms=0.0
[tick] act=1 int=1 priming=1 ready=0 decode_ms=0.0
[tick] act=1 int=1 priming=1 ready=0 decode_ms=0.0
[tick] act=1 int=1 priming=1 ready=0 decode_ms=0.0
[tick] act=1 int=1 priming=1 ready=0 decode_ms=0.0
[tick] act=1 int=1 priming=1 ready=0 decode_ms=0.0
[tick] act=1 int=1 priming=1 ready=0 decode_ms=0.0
[tick] act=1 int=1 priming=1 ready=0 decode_ms=0.0
[tick] act=1 int=1 priming=1 ready=0 decode_ms=0.0
[tick] act=1 int=1 priming=1 ready=0 decode_ms=0.0
[tick] act=1 int=1 priming=1 ready=0 decode_ms=0.0
[tick] act=1 int=1 priming=1 ready=0 decode_ms=0.0
[tick] act=1 int=1 priming=1 ready=0 decode_ms=0.0
[tick] act=1 int=1 priming=1 ready=0 decode_ms=0.0
[tick] act=1 int=1 priming=1 ready=0 decode_ms=0.0
[tick] act=1 int=1 priming=1 ready=0 decode_ms=0.0
[tick] act=1 int=1 priming=1 ready=0 decode_ms=0.0
[tick] act=1 int=1 priming=1 ready=0 decode_ms=0.0
[tick] act=1 int=1 priming=1 ready=0 decode_ms=0.0
[tick] act=1 int=1 priming=1 ready=0 decode_ms=0.0
[tick] act=1 int=1 priming=1 ready=0 decode_ms=0.0
[tick] act=1 int=1 priming=1 ready=0 decode_ms=0.0
[tick] act=1 int=1 priming=1 ready=0 decode_ms=0.0
[tick] act=1 int=1 priming=1 ready=0 decode_ms=0.0
[tick] act=1 int=1 priming=1 ready=0 decode_ms=0.0
[tick] act=1 int=1 priming=1 ready=0 decode_ms=0.0
[tick] act=1 int=1 priming=1 ready=0 decode_ms=0.0
[tick] act=1 int=1 priming=1 ready=0 decode_ms=0.0
[tick] act=1 int=1 priming=1 ready=0 decode_ms=0.0
[tick] act=1 int=1 priming=1 ready=0 decode_ms=0.0
[tick] act=1 int=1 priming=1 ready=0 decode_ms=0.0
[tick] act=1 int=1 priming=1 ready=0 decode_ms=0.0
[tick] act=1 int=1 priming=1 ready=0 decode_ms=0.0
[tick] act=1 int=1 priming=1 ready=0 decode_ms=0.0
[tick] act=1 int=1 priming=1 ready=0 decode_ms=0.0
[tick] act=1 int=1 priming=1 ready=0 decode_ms=0.0
[tick] act=1 int=1 priming=1 ready=0 decode_ms=0.0
[tick] act=1 int=1 priming=1 ready=0 decode_ms=0.0
[tick] act=1 int=1 priming=1 ready=0 decode_ms=0.0
[tick] act=1 int=1 priming=1 ready=0 decode_ms=0.0
[tick] act=1 int=1 priming=1 ready=0 decode_ms=0.0
[tick] act=1 int=1 priming=1 ready=0 decode_ms=0.0
[tick] act=1 int=1 priming=1 ready=0 decode_ms=0.0
[tick] act=1 int=1 priming=1 ready=0 decode_ms=0.0
[tick] act=1 int=1 priming=1 ready=0 decode_ms=0.0
[tick] act=1 int=1 priming=1 ready=0 decode_ms=0.0
[tick] act=1 int=1 priming=1 ready=0 decode_ms=0.0
[tick] act=1 int=1 priming=1 ready=0 decode_ms=0.0
[tick] act=1 int=1 priming=1 ready=0 decode_ms=0.0
[tick] act=1 int=1 priming=1 ready=0 decode_ms=0.0
[tick] act=1 int=1 priming=1 ready=0 decode_ms=0.0
[tick] act=1 int=1 priming=1 ready=0 decode_ms=0.0
[tick] act=1 int=1 priming=1 ready=0 decode_ms=0.0
[tick] act=1 int=1 priming=1 ready=0 decode_ms=0.0
[tick] act=1 int=1 priming=1 ready=0 decode_ms=0.0
[tick] act=1 int=1 priming=1 ready=0 decode_ms=0.0
[tick] act=1 int=1 priming=1 ready=0 decode_ms=0.0
[tick] act=1 int=1 priming=1 ready=0 decode_ms=0.0
[tick] act=1 int=1 priming=1 ready=0 decode_ms=0.0
[tick] act=1 int=1 priming=1 ready=0 decode_ms=0.0
[tick] act=1 int=1 priming=1 ready=0 decode_ms=0.0
[tick] act=1 int=1 priming=1 ready=0 decode_ms=0.0
[tick] act=1 int=1 priming=1 ready=0 decode_ms=0.0
[tick] act=1 int=1 priming=1 ready=0 decode_ms=0.0
[tick] act=1 int=1 priming=1 ready=0 decode_ms=0.0
[tick] act=1 int=1 priming=1 ready=0 decode_ms=0.0
[tick] act=1 int=1 priming=1 ready=0 decode_ms=0.0
[tick] act=1 int=1 priming=1 ready=0 decode_ms=0.0
[tick] act=1 int=1 priming=1 ready=0 decode_ms=0.0
[tick] act=1 int=1 priming=1 ready=0 decode_ms=0.0
[tick] act=1 int=1 priming=1 ready=0 decode_ms=0.0
[tick] act=1 int=1 priming=1 ready=0 decode_ms=0.0
[tick] act=1 int=1 priming=1 ready=0 decode_ms=0.0
[tick] act=1 int=1 priming=1 ready=0 decode_ms=0.0
[tick] act=1 int=1 priming=1 ready=0 decode_ms=0.0
[tick] act=1 int=1 priming=1 ready=0 decode_ms=0.0
[tick] act=1 int=1 priming=1 ready=0 decode_ms=0.0
[tick] act=1 int=1 priming=1 ready=0 decode_ms=0.0
[tick] act=1 int=1 priming=1 ready=0 decode_ms=0.0
[tick] act=1 int=1 priming=1 ready=0 decode_ms=0.0
[tick] act=1 int=1 priming=1 ready=0 decode_ms=0.0
[tick] act=1 int=1 priming=1 ready=0 decode_ms=0.0
[tick] act=1 int=1 priming=1 ready=0 decode_ms=0.0
[tick] act=1 int=1 priming=1 ready=0 decode_ms=0.0
[tick] act=1 int=1 priming=1 ready=0 decode_ms=0.0
[tick] act=1 int=1 priming=1 ready=0 decode_ms=0.0
[tick] act=1 int=1 priming=1 ready=0 decode_ms=0.0
[tick] act=1 int=1 priming=1 ready=0 decode_ms=0.0
[tick] act=1 int=1 priming=1 ready=0 decode_ms=0.0
[tick] act=1 int=1 priming=1 ready=0 decode_ms=0.0
[tick] act=1 int=1 priming=1 ready=0 decode_ms=0.0
[tick] act=1 int=1 priming=1 ready=0 decode_ms=0.0
[tick] act=1 int=1 priming=1 ready=0 decode_ms=0.0
[tick] act=1 int=1 priming=1 ready=0 decode_ms=0.0
[tick] act=1 int=1 priming=1 ready=0 decode_ms=0.0
[tick] act=1 int=1 priming=1 ready=0 decode_ms=0.0
[tick] act=1 int=1 priming=1 ready=0 decode_ms=0.0
[tick] act=1 int=1 priming=1 ready=0 decode_ms=0.0
[tick] act=1 int=1 priming=1 ready=0 decode_ms=0.0
[tick] act=1 int=1 priming=1 ready=0 decode_ms=0.0
[tick] act=1 int=1 priming=1 ready=0 decode_ms=0.0
[tick] act=1 int=1 priming=1 ready=0 decode_ms=0.0
[tick] act=1 int=1 priming=1 ready=0 decode_ms=0.0
[tick] act=1 int=1 priming=1 ready=0 decode_ms=0.0
[tick] act=1 int=1 priming=1 ready=0 decode_ms=0.0
[tick] act=1 int=1 priming=1 ready=0 decode_ms=0.0
[tick] act=1 int=1 priming=1 ready=0 decode_ms=0.0
[tick] act=1 int=1 priming=1 ready=0 decode_ms=0.0
[tick] act=1 int=1 priming=1 ready=0 decode_ms=0.0
[tick] act=1 int=1 priming=1 ready=0 decode_ms=0.0
[tick] act=1 int=1 priming=1 ready=0 decode_ms=0.0
[tick] act=1 int=1 priming=1 ready=0 decode_ms=0.0
[tick] act=1 int=1 priming=1 ready=0 decode_ms=0.0
[tick] act=1 int=1 priming=1 ready=0 decode_ms=0.0
[tick] act=1 int=1 priming=1 ready=0 decode_ms=0.0
[tick] act=1 int=1 priming=1 ready=0 decode_ms=0.0
[tick] act=1 int=1 priming=1 ready=0 decode_ms=0.0
[tick] act=1 int=1 priming=1 ready=0 decode_ms=0.0
[tick] act=1 int=1 priming=1 ready=0 decode_ms=0.0
[tick] act=1 int=1 priming=1 ready=0 decode_ms=0.0
[tick] act=1 int=1 priming=1 ready=0 decode_ms=0.0
[tick] act=1 int=1 priming=1 ready=0 decode_ms=0.0
[tick] act=1 int=1 priming=1 ready=0 decode_ms=0.0
[tick] act=1 int=1 priming=1 ready=0 decode_ms=0.0
[tick] act=1 int=1 priming=1 ready=0 decode_ms=0.0
[tick] act=1 int=1 priming=1 ready=0 decode_ms=0.0
[tick] act=1 int=1 priming=1 ready=0 decode_ms=0.0
[tick] act=1 int=1 priming=1 ready=0 decode_ms=0.0
[tick] act=1 int=1 priming=1 ready=0 decode_ms=0.0
[tick] act=1 int=1 priming=1 ready=0 decode_ms=0.0
[tick] act=1 int=1 priming=1 ready=0 decode_ms=0.0
[tick] act=1 int=1 priming=1 ready=0 decode_ms=0.0
[tick] act=1 int=1 priming=1 ready=0 decode_ms=0.0
[tick] act=1 int=1 priming=1 ready=0 decode_ms=0.0
[tick] act=1 int=1 priming=1 ready=0 decode_ms=0.0
[tick] act=1 int=1 priming=1 ready=0 decode_ms=0.0
[tick] act=1 int=1 priming=1 ready=0 decode_ms=0.0
[tick] act=1 int=1 priming=1 ready=0 decode_ms=0.0
[tick] act=1 int=1 priming=1 ready=0 decode_ms=0.0
[tick] act=1 int=1 priming=1 ready=0 decode_ms=0.0
[tick] act=1 int=1 priming=1 ready=0 decode_ms=0.0
[tick] act=1 int=1 priming=1 ready=0 decode_ms=0.0
[tick] act=1 int=1 priming=1 ready=0 decode_ms=0.0
[tick] act=1 int=1 priming=1 ready=0 decode_ms=0.0
[tick] act=1 int=1 priming=1 ready=0 decode_ms=0.0
[tick] act=1 int=1 priming=1 ready=0 decode_ms=0.0
[tick] act=1 int=1 priming=1 ready=0 decode_ms=0.0
[tick] act=1 int=1 priming=1 ready=0 decode_ms=0.0
[tick] act=1 int=1 priming=1 ready=0 decode_ms=0.0
[tick] act=1 int=1 priming=1 ready=0 decode_ms=0.0
[tick] act=1 int=1 priming=1 ready=0 decode_ms=0.0
[tick] act=1 int=1 priming=1 ready=0 decode_ms=0.0
[tick] act=1 int=1 priming=1 ready=0 decode_ms=0.0
[tick] act=1 int=1 priming=1 ready=0 decode_ms=0.0
[tick] act=1 int=1 priming=1 ready=0 decode_ms=0.0
[tick] act=1 int=1 priming=1 ready=0 decode_ms=0.0
[tick] act=1 int=1 priming=1 ready=0 decode_ms=0.0
[tick] act=1 int=1 priming=1 ready=0 decode_ms=0.0
[tick] act=1 int=1 priming=1 ready=0 decode_ms=0.0
[tick] act=1 int=1 priming=1 ready=0 decode_ms=0.0
[tick] act=1 int=1 priming=1 ready=0 decode_ms=0.0
[tick] act=1 int=1 priming=1 ready=0 decode_ms=0.0
[tick] act=1 int=1 priming=1 ready=0 decode_ms=0.0
[tick] act=1 int=1 priming=1 ready=0 decode_ms=0.0
[tick] act=1 int=1 priming=1 ready=0 decode_ms=0.0
[tick] act=1 int=1 priming=1 ready=0 decode_ms=0.0
[tick] act=1 int=1 priming=1 ready=0 decode_ms=0.0
[tick] act=1 int=1 priming=1 ready=0 decode_ms=0.0
[tick] act=1 int=1 priming=1 ready=0 decode_ms=0.0
[tick] act=1 int=1 priming=1 ready=0 decode_ms=0.0
[tick] act=1 int=1 priming=1 ready=0 decode_ms=0.0
[tick] act=1 int=1 priming=1 ready=0 decode_ms=0.0
[tick] act=1 int=1 priming=1 ready=0 decode_ms=0.0
[tick] act=1 int=1 priming=1 ready=0 decode_ms=0.0
[tick] act=1 int=1 priming=1 ready=0 decode_ms=0.0
[tick] act=1 int=1 priming=1 ready=0 decode_ms=0.0
[tick] act=1 int=1 priming=1 ready=0 decode_ms=0.0
[tick] act=1 int=1 priming=1 ready=0 decode_ms=0.0
[tick] act=1 int=1 priming=1 ready=0 decode_ms=0.0
[tick] act=1 int=1 priming=1 ready=0 decode_ms=0.0
[tick] act=1 int=1 priming=1 ready=0 decode_ms=0.0
[tick] act=1 int=1 priming=1 ready=0 decode_ms=0.0
[tick] act=1 int=1 priming=1 ready=0 decode_ms=0.0
[tick] act=1 int=1 priming=1 ready=0 decode_ms=0.0
[tick] act=1 int=1 priming=1 ready=0 decode_ms=0.0
[tick] act=1 int=1 priming=1 ready=0 decode_ms=0.0
[tick] act=1 int=1 priming=1 ready=0 decode_ms=0.0
[tick] act=1 int=1 priming=1 ready=0 decode_ms=0.0
[tick] act=1 int=1 priming=1 ready=0 decode_ms=0.0
[tick] act=1 int=1 priming=1 ready=0 decode_ms=0.0
[tick] act=1 int=1 priming=1 ready=0 decode_ms=0.0
[tick] act=1 int=1 priming=1 ready=0 decode_ms=0.0
[tick] act=1 int=1 priming=1 ready=0 decode_ms=0.0
[tick] act=1 int=1 priming=1 ready=0 decode_ms=0.0
[tick] act=1 int=1 priming=1 ready=0 decode_ms=0.0
[tick] act=1 int=1 priming=1 ready=0 decode_ms=0.0
[tick] act=1 int=1 priming=1 ready=0 decode_ms=0.0
[tick] act=1 int=1 priming=1 ready=0 decode_ms=0.0
[tick] act=1 int=1 priming=1 ready=0 decode_ms=0.0
[tick] act=1 int=1 priming=1 ready=0 decode_ms=0.0
[tick] act=1 int=1 priming=1 ready=0 decode_ms=0.0
[tick] act=1 int=1 priming=1 ready=0 decode_ms=0.0
[tick] act=1 int=1 priming=1 ready=0 decode_ms=0.0
[tick] act=1 int=1 priming=1 ready=0 decode_ms=0.0
[tick] act=1 int=1 priming=1 ready=0 decode_ms=0.0
[tick] act=1 int=1 priming=1 ready=0 decode_ms=0.0
[tick] act=1 int=1 priming=1 ready=0 decode_ms=0.0
[tick] act=1 int=1 priming=1 ready=0 decode_ms=0.0
[tick] act=1 int=1 priming=1 ready=0 decode_ms=0.0
[tick] act=1 int=1 priming=1 ready=0 decode_ms=0.0
[tick] act=1 int=1 priming=1 ready=0 decode_ms=0.0
[tick] act=1 int=1 priming=1 ready=0 decode_ms=0.0
[tick] act=1 int=1 priming=1 ready=0 decode_ms=0.0
[tick] act=1 int=1 priming=1 ready=0 decode_ms=0.0
[tick] act=1 int=1 priming=1 ready=0 decode_ms=0.0
[tick] act=1 int=1 priming=1 ready=0 decode_ms=0.0
[tick] act=1 int=1 priming=1 ready=0 decode_ms=0.0
[tick] act=1 int=1 priming=1 ready=0 decode_ms=0.0
[tick] act=1 int=1 priming=1 ready=0 decode_ms=0.0
[tick] act=1 int=1 priming=1 ready=0 decode_ms=0.0
[tick] act=1 int=1 priming=1 ready=0 decode_ms=0.0
[tick] act=1 int=1 priming=1 ready=0 decode_ms=0.0
[tick] act=1 int=1 priming=1 ready=0 decode_ms=0.0
[tick] act=1 int=1 priming=1 ready=0 decode_ms=0.0
[tick] act=1 int=1 priming=1 ready=0 decode_ms=0.0
[tick] act=1 int=1 priming=1 ready=0 decode_ms=0.0
[tick] act=1 int=1 priming=1 ready=0 decode_ms=0.0
[tick] act=1 int=1 priming=1 ready=0 decode_ms=0.0
[tick] act=1 int=1 priming=1 ready=0 decode_ms=0.0
[tick] act=1 int=1 priming=1 ready=0 decode_ms=0.0
[tick] act=1 int=1 priming=1 ready=0 decode_ms=0.0
[tick] act=1 int=1 priming=1 ready=0 decode_ms=0.0
[tick] act=1 int=1 priming=1 ready=0 decode_ms=0.0
[tick] act=1 int=1 priming=1 ready=0 decode_ms=0.0
[tick] act=1 int=1 priming=1 ready=0 decode_ms=0.0
[tick] act=1 int=1 priming=1 ready=0 decode_ms=0.0
[tick] act=1 int=1 priming=1 ready=0 decode_ms=0.0
[tick] act=1 int=1 priming=1 ready=0 decode_ms=0.0
[tick] act=1 int=1 priming=1 ready=0 decode_ms=0.0
[tick] act=1 int=1 priming=1 ready=0 decode_ms=0.0
[tick] act=1 int=1 priming=1 ready=0 decode_ms=0.0
[tick] act=1 int=1 priming=1 ready=0 decode_ms=0.0
[tick] act=1 int=1 priming=1 ready=0 decode_ms=0.0
[tick] act=1 int=1 priming=1 ready=0 decode_ms=0.0
[tick] act=1 int=1 priming=1 ready=0 decode_ms=0.0
[tick] act=1 int=1 priming=1 ready=0 decode_ms=0.0
[tick] act=1 int=1 priming=1 ready=0 decode_ms=0.0
[tick] act=1 int=1 priming=1 ready=0 decode_ms=0.0
[tick] act=1 int=1 priming=1 ready=0 decode_ms=0.0
[tick] act=1 int=1 priming=1 ready=0 decode_ms=0.0
[tick] act=1 int=1 priming=1 ready=0 decode_ms=0.0
[tick] act=1 int=1 priming=1 ready=0 decode_ms=0.0
[tick] act=1 int=1 priming=1 ready=0 decode_ms=0.0
[tick] act=1 int=1 priming=1 ready=0 decode_ms=0.0
[tick] act=1 int=1 priming=1 ready=0 decode_ms=0.0
[tick] act=1 int=1 priming=1 ready=0 decode_ms=0.0
[tick] act=1 int=1 priming=1 ready=0 decode_ms=0.0
[tick] act=1 int=1 priming=1 ready=0 decode_ms=0.0
[tick] act=1 int=1 priming=1 ready=0 decode_ms=0.0
[tick] act=1 int=1 priming=1 ready=0 decode_ms=0.0
[tick] act=1 int=1 priming=1 ready=0 decode_ms=0.0
[tick] act=1 int=1 priming=1 ready=0 decode_ms=0.0
[tick] act=1 int=1 priming=1 ready=0 decode_ms=0.0
[tick] act=1 int=1 priming=1 ready=0 decode_ms=0.0
[tick] act=1 int=1 priming=1 ready=0 decode_ms=0.0
[tick] act=1 int=1 priming=1 ready=0 decode_ms=0.0
[tick] act=1 int=1 priming=1 ready=0 decode_ms=0.0
[tick] act=1 int=1 priming=1 ready=0 decode_ms=0.0
[tick] act=1 int=1 priming=1 ready=0 decode_ms=0.0
[tick] act=1 int=1 priming=1 ready=0 decode_ms=0.0
[tick] act=1 int=1 priming=1 ready=0 decode_ms=0.0
[tick] act=1 int=1 priming=1 ready=0 decode_ms=0.0
[tick] act=1 int=1 priming=1 ready=0 decode_ms=0.0
[tick] act=1 int=1 priming=1 ready=0 decode_ms=0.0
[tick] act=1 int=1 priming=1 ready=0 decode_ms=0.0
[tick] act=1 int=1 priming=1 ready=0 decode_ms=0.0
[tick] act=1 int=1 priming=1 ready=0 decode_ms=0.0
[tick] act=1 int=1 priming=1 ready=0 decode_ms=0.0
[tick] act=1 int=1 priming=1 ready=0 decode_ms=0.0
[tick] act=1 int=1 priming=1 ready=0 decode_ms=0.0
[tick] act=1 int=1 priming=1 ready=0 decode_ms=0.0
[tick] act=1 int=1 priming=1 ready=0 decode_ms=0.0
[tick] act=1 int=1 priming=1 ready=0 decode_ms=0.0
[tick] act=1 int=1 priming=1 ready=0 decode_ms=0.0
[tick] act=1 int=1 priming=1 ready=0 decode_ms=0.0
[tick] act=1 int=1 priming=1 ready=0 decode_ms=0.0
[tick] act=1 int=1 priming=1 ready=0 decode_ms=0.0
[tick] act=1 int=1 priming=1 ready=0 decode_ms=0.0
[tick] act=1 int=1 priming=1 ready=0 decode_ms=0.0
[tick] act=1 int=1 priming=1 ready=0 decode_ms=0.0
[tick] act=1 int=1 priming=1 ready=0 decode_ms=0.0
[tick] act=1 int=1 priming=1 ready=0 decode_ms=0.0
[tick] act=1 int=1 priming=1 ready=0 decode_ms=0.0
[tick] act=1 int=1 priming=1 ready=0 decode_ms=0.0
[tick] act=1 int=1 priming=1 ready=0 decode_ms=0.0
[tick] act=1 int=1 priming=1 ready=0 decode_ms=0.0
[tick] act=1 int=1 priming=1 ready=0 decode_ms=0.0
[tick] act=1 int=1 priming=1 ready=0 decode_ms=0.0
[tick] act=1 int=1 priming=1 ready=0 decode_ms=0.0
[tick] act=1 int=1 priming=1 ready=0 decode_ms=0.0
[tick] act=1 int=1 priming=1 ready=0 decode_ms=0.0
[tick] act=1 int=1 priming=1 ready=0 decode_ms=0.0
[tick] act=1 int=1 priming=1 ready=0 decode_ms=0.0
[tick] act=1 int=1 priming=1 ready=0 decode_ms=0.0
[tick] act=1 int=1 priming=1 ready=0 decode_ms=0.0
[prefix-cache] insert (seed): 226 tokens, 58.2MB (resident 58.2MB / 268MB, model q9)
[tick] act=1 int=1 priming=0 ready=1 decode_ms=7.4
[tick] act=1 int=1 priming=0 ready=1 decode_ms=7.0
[tick] act=1 int=1 priming=0 ready=1 decode_ms=7.0
[tick] act=1 int=1 priming=0 ready=1 decode_ms=7.0
[tick] act=1 int=1 priming=0 ready=1 decode_ms=7.0
[tick] act=1 int=1 priming=0 ready=1 decode_ms=7.0
[tick] act=1 int=1 priming=0 ready=1 decode_ms=7.0
[tick] act=1 int=1 priming=0 ready=1 decode_ms=7.0
[tick] act=1 int=1 priming=0 ready=1 decode_ms=7.0
[tick] act=1 int=1 priming=0 ready=1 decode_ms=7.0
[tick] act=1 int=1 priming=0 ready=1 decode_ms=7.0
[tick] act=1 int=1 priming=0 ready=1 decode_ms=7.0
[tick] act=1 int=1 priming=0 ready=1 decode_ms=7.0
[tick] act=1 int=1 priming=0 ready=1 decode_ms=7.0
[tick] act=1 int=1 priming=0 ready=1 decode_ms=7.0
[tick] act=1 int=1 priming=0 ready=1 decode_ms=7.0
[tick] act=1 int=1 priming=0 ready=0 decode_ms=0.0
[meter] admit id=chatcmpl-38c1018cffd81a9681220d5f431bed40 tenant=default lane=interactive model="q9"
[prefix-cache] hit: 226 of 226 prompt tokens from cache (model q9)
[worker] observed session VRAM cost for "q9": 168MB (admission gate = 2x)
[tick] act=1 int=1 priming=0 ready=1 decode_ms=7.2
[tick] act=1 int=1 priming=0 ready=1 decode_ms=7.0
[tick] act=1 int=1 priming=0 ready=1 decode_ms=7.0
[tick] act=1 int=1 priming=0 ready=1 decode_ms=7.0
[tick] act=1 int=1 priming=0 ready=1 decode_ms=7.0
[tick] act=1 int=1 priming=0 ready=1 decode_ms=7.0
[tick] act=1 int=1 priming=0 ready=1 decode_ms=7.0
[tick] act=1 int=1 priming=0 ready=1 decode_ms=7.0
[tick] act=1 int=1 priming=0 ready=1 decode_ms=7.0
[tick] act=1 int=1 priming=0 ready=1 decode_ms=7.0
[tick] act=1 int=1 priming=0 ready=1 decode_ms=7.0
[tick] act=1 int=1 priming=0 ready=1 decode_ms=7.0
[tick] act=1 int=1 priming=0 ready=1 decode_ms=7.0
[tick] act=1 int=1 priming=0 ready=1 decode_ms=7.0
[tick] act=1 int=1 priming=0 ready=1 decode_ms=7.0
[tick] act=1 int=1 priming=0 ready=1 decode_ms=7.0
[tick] act=1 int=1 priming=0 ready=1 decode_ms=7.0
[tick] act=1 int=1 priming=0 ready=1 decode_ms=7.0
[tick] act=1 int=1 priming=0 ready=1 decode_ms=7.0
[tick] act=1 int=1 priming=0 ready=1 decode_ms=7.0
[tick] act=1 int=1 priming=0 ready=1 decode_ms=7.0
[tick] act=1 int=1 priming=0 ready=1 decode_ms=7.0
[tick] act=1 int=1 priming=0 ready=1 decode_ms=7.0
[tick] act=1 int=1 priming=0 ready=1 decode_ms=7.0
[tick] act=1 int=1 priming=0 ready=1 decode_ms=7.0
[tick] act=1 int=1 priming=0 ready=1 decode_ms=7.0
[tick] act=1 int=1 priming=0 ready=1 decode_ms=7.0
[tick] act=1 int=1 priming=0 ready=1 decode_ms=7.0
[tick] act=1 int=1 priming=0 ready=1 decode_ms=7.0
[tick] act=1 int=1 priming=0 ready=1 decode_ms=7.0
[tick] act=1 int=1 priming=0 ready=1 decode_ms=7.0
[tick] act=1 int=1 priming=0 ready=1 decode_ms=7.0
[tick] act=1 int=1 priming=0 ready=1 decode_ms=7.0
[tick] act=1 int=1 priming=0 ready=1 decode_ms=7.0
[tick] act=1 int=1 priming=0 ready=1 decode_ms=7.0
[tick] act=1 int=1 priming=0 ready=1 decode_ms=7.1
[tick] act=1 int=1 priming=0 ready=1 decode_ms=7.0
[tick] act=1 int=1 priming=0 ready=1 decode_ms=7.0
[tick] act=1 int=1 priming=0 ready=1 decode_ms=7.0
[tick] act=1 int=1 priming=0 ready=1 decode_ms=7.0
[tick] act=1 int=1 priming=0 ready=1 decode_ms=7.0
[tick] act=1 int=1 priming=0 ready=1 decode_ms=7.0
[tick] act=1 int=1 priming=0 ready=1 decode_ms=7.1
[tick] act=1 int=1 priming=0 ready=1 decode_ms=7.0
[tick] act=1 int=1 priming=0 ready=1 decode_ms=7.0
[tick] act=1 int=1 priming=0 ready=1 decode_ms=7.0
[tick] act=1 int=1 priming=0 ready=1 decode_ms=7.0
[tick] act=1 int=1 priming=0 ready=1 decode_ms=7.0
[tick] act=1 int=1 priming=0 ready=1 decode_ms=7.0
[tick] act=1 int=1 priming=0 ready=1 decode_ms=7.0
[tick] act=1 int=1 priming=0 ready=1 decode_ms=7.0
[tick] act=1 int=1 priming=0 ready=1 decode_ms=7.0
[tick] act=1 int=1 priming=0 ready=1 decode_ms=7.0
[tick] act=1 int=1 priming=0 ready=1 decode_ms=7.0
[tick] act=1 int=1 priming=0 ready=1 decode_ms=7.0
[tick] act=1 int=1 priming=0 ready=1 decode_ms=7.0
[tick] act=1 int=1 priming=0 ready=1 decode_ms=7.1
[tick] act=1 int=1 priming=0 ready=1 decode_ms=7.0
[tick] act=1 int=1 priming=0 ready=1 decode_ms=7.0
[tick] act=1 int=1 priming=0 ready=1 decode_ms=7.0
[tick] act=1 int=1 priming=0 ready=1 decode_ms=7.0
[tick] act=1 int=1 priming=0 ready=1 decode_ms=7.0
[tick] act=1 int=1 priming=0 ready=1 decode_ms=7.0
[tick] act=1 int=1 priming=0 ready=1 decode_ms=7.0
[tick] act=1 int=1 priming=0 ready=1 decode_ms=7.0
[tick] act=1 int=1 priming=0 ready=1 decode_ms=7.0
[tick] act=1 int=1 priming=0 ready=1 decode_ms=7.0
[tick] act=1 int=1 priming=0 ready=1 decode_ms=7.0
[tick] act=1 int=1 priming=0 ready=1 decode_ms=7.0
[tick] act=1 int=1 priming=0 ready=1 decode_ms=7.0
[tick] act=1 int=1 priming=0 ready=1 decode_ms=7.0
[tick] act=1 int=1 priming=0 ready=1 decode_ms=7.0
[tick] act=1 int=1 priming=0 ready=1 decode_ms=7.0
[tick] act=1 int=1 priming=0 ready=1 decode_ms=7.0
[tick] act=1 int=1 priming=0 ready=1 decode_ms=7.0
[tick] act=1 int=1 priming=0 ready=1 decode_ms=7.0
[tick] act=1 int=1 priming=0 ready=1 decode_ms=7.0
[tick] act=1 int=1 priming=0 ready=1 decode_ms=7.0
[tick] act=1 int=1 priming=0 ready=1 decode_ms=7.0
[tick] act=1 int=1 priming=0 ready=1 decode_ms=7.1
[tick] act=1 int=1 priming=0 ready=1 decode_ms=7.1
[tick] act=1 int=1 priming=0 ready=1 decode_ms=7.0
[tick] act=1 int=1 priming=0 ready=1 decode_ms=7.0
[tick] act=1 int=1 priming=0 ready=1 decode_ms=7.0
[tick] act=1 int=1 priming=0 ready=1 decode_ms=7.0
[tick] act=1 int=1 priming=0 ready=1 decode_ms=7.0
[tick] act=1 int=1 priming=0 ready=1 decode_ms=7.0
[tick] act=1 int=1 priming=0 ready=1 decode_ms=7.0
[tick] act=1 int=1 priming=0 ready=1 decode_ms=7.0
[tick] act=1 int=1 priming=0 ready=1 decode_ms=7.0
[tick] act=1 int=1 priming=0 ready=1 decode_ms=7.0
[tick] act=1 int=1 priming=0 ready=1 decode_ms=7.0
[tick] act=1 int=1 priming=0 ready=1 decode_ms=7.2
[tick] act=1 int=1 priming=0 ready=1 decode_ms=7.2
[tick] act=1 int=1 priming=0 ready=1 decode_ms=7.2
[tick] act=1 int=1 priming=0 ready=1 decode_ms=7.6
[tick] act=1 int=1 priming=0 ready=1 decode_ms=7.6
[tick] act=1 int=1 priming=0 ready=1 decode_ms=7.8
[tick] act=1 int=1 priming=0 ready=1 decode_ms=8.2
[tick] act=1 int=1 priming=0 ready=1 decode_ms=8.2
[tick] act=1 int=1 priming=0 ready=1 decode_ms=8.2
[tick] act=1 int=1 priming=0 ready=1 decode_ms=8.2
[tick] act=1 int=1 priming=0 ready=1 decode_ms=8.2
[tick] act=1 int=1 priming=0 ready=1 decode_ms=8.2
[tick] act=1 int=1 priming=0 ready=1 decode_ms=8.2
[tick] act=1 int=1 priming=0 ready=1 decode_ms=7.9
[tick] act=1 int=1 priming=0 ready=1 decode_ms=7.8
[tick] act=1 int=1 priming=0 ready=1 decode_ms=7.7
[tick] act=1 int=1 priming=0 ready=1 decode_ms=7.6
[tick] act=1 int=1 priming=0 ready=1 decode_ms=7.6
[tick] act=1 int=1 priming=0 ready=1 decode_ms=7.6
[tick] act=1 int=1 priming=0 ready=1 decode_ms=7.5
[tick] act=1 int=1 priming=0 ready=1 decode_ms=7.5
[tick] act=1 int=1 priming=0 ready=1 decode_ms=7.5
[tick] act=1 int=1 priming=0 ready=1 decode_ms=7.5
[tick] act=1 int=1 priming=0 ready=1 decode_ms=7.4
[tick] act=1 int=1 priming=0 ready=1 decode_ms=7.3
[tick] act=1 int=1 priming=0 ready=1 decode_ms=7.3
[tick] act=1 int=1 priming=0 ready=1 decode_ms=7.3
[tick] act=1 int=1 priming=0 ready=1 decode_ms=7.3
[tick] act=1 int=1 priming=0 ready=1 decode_ms=7.3
[tick] act=1 int=1 priming=0 ready=1 decode_ms=7.3
[tick] act=1 int=1 priming=0 ready=1 decode_ms=7.3
[tick] act=1 int=1 priming=0 ready=1 decode_ms=7.3
[tick] act=1 int=1 priming=0 ready=1 decode_ms=7.2
[tick] act=1 int=1 priming=0 ready=1 decode_ms=7.2
[tick] act=1 int=1 priming=0 ready=1 decode_ms=7.2
[tick] act=1 int=1 priming=0 ready=1 decode_ms=7.2
[tick] act=1 int=1 priming=0 ready=0 decode_ms=0.0
[meter] admit id=chatcmpl-01736aa74b354a23cb14e368ee0db084 tenant=default lane=interactive model="q9"
[prefix-cache] hit: 226 of 226 prompt tokens from cache (model q9)
[tick] act=1 int=1 priming=0 ready=1 decode_ms=7.4
[tick] act=1 int=1 priming=0 ready=1 decode_ms=7.1
[tick] act=1 int=1 priming=0 ready=1 decode_ms=7.1
[tick] act=1 int=1 priming=0 ready=1 decode_ms=7.1
[tick] act=1 int=1 priming=0 ready=1 decode_ms=7.1
[tick] act=1 int=1 priming=0 ready=1 decode_ms=7.1
[tick] act=1 int=1 priming=0 ready=1 decode_ms=7.1
[tick] act=1 int=1 priming=0 ready=1 decode_ms=7.1
[tick] act=1 int=1 priming=0 ready=1 decode_ms=7.1
[tick] act=1 int=1 priming=0 ready=1 decode_ms=7.1
[tick] act=1 int=1 priming=0 ready=1 decode_ms=7.1
[tick] act=1 int=1 priming=0 ready=1 decode_ms=7.1
[tick] act=1 int=1 priming=0 ready=1 decode_ms=7.1
[tick] act=1 int=1 priming=0 ready=1 decode_ms=7.1
[tick] act=1 int=1 priming=0 ready=1 decode_ms=7.1
[tick] act=1 int=1 priming=0 ready=1 decode_ms=7.1
[tick] act=1 int=1 priming=0 ready=1 decode_ms=7.1
[tick] act=1 int=1 priming=0 ready=1 decode_ms=7.1
[tick] act=1 int=1 priming=0 ready=1 decode_ms=7.1
[tick] act=1 int=1 priming=0 ready=1 decode_ms=7.1
[tick] act=1 int=1 priming=0 ready=1 decode_ms=7.1
[tick] act=1 int=1 priming=0 ready=1 decode_ms=7.1
[tick] act=1 int=1 priming=0 ready=1 decode_ms=7.1
[tick] act=1 int=1 priming=0 ready=1 decode_ms=7.1
[tick] act=1 int=1 priming=0 ready=1 decode_ms=7.1
[tick] act=1 int=1 priming=0 ready=1 decode_ms=7.1
[tick] act=1 int=1 priming=0 ready=1 decode_ms=7.1
[tick] act=1 int=1 priming=0 ready=1 decode_ms=7.1
[tick] act=1 int=1 priming=0 ready=1 decode_ms=7.1
[tick] act=1 int=1 priming=0 ready=1 decode_ms=7.1
[tick] act=1 int=1 priming=0 ready=1 decode_ms=7.1
[tick] act=1 int=1 priming=0 ready=1 decode_ms=7.1
[tick] act=1 int=1 priming=0 ready=1 decode_ms=7.1
[tick] act=1 int=1 priming=0 ready=1 decode_ms=7.1
[tick] act=1 int=1 priming=0 ready=1 decode_ms=7.1
[tick] act=1 int=1 priming=0 ready=1 decode_ms=7.1
[tick] act=1 int=1 priming=0 ready=1 decode_ms=7.1
[tick] act=1 int=1 priming=0 ready=1 decode_ms=7.1
[tick] act=1 int=1 priming=0 ready=1 decode_ms=7.1
[tick] act=1 int=1 priming=0 ready=1 decode_ms=7.0
[tick] act=1 int=1 priming=0 ready=1 decode_ms=7.1
[tick] act=1 int=1 priming=0 ready=1 decode_ms=7.0
[tick] act=1 int=1 priming=0 ready=1 decode_ms=7.1
[tick] act=1 int=1 priming=0 ready=1 decode_ms=7.0
[tick] act=1 int=1 priming=0 ready=1 decode_ms=7.1
[tick] act=1 int=1 priming=0 ready=1 decode_ms=7.0
[tick] act=1 int=1 priming=0 ready=1 decode_ms=7.1
[tick] act=1 int=1 priming=0 ready=1 decode_ms=7.1
[tick] act=1 int=1 priming=0 ready=1 decode_ms=7.1
[tick] act=1 int=1 priming=0 ready=1 decode_ms=7.0
[tick] act=1 int=1 priming=0 ready=1 decode_ms=7.0
[tick] act=1 int=1 priming=0 ready=1 decode_ms=7.0
[tick] act=1 int=1 priming=0 ready=1 decode_ms=7.0
[tick] act=1 int=1 priming=0 ready=1 decode_ms=7.0
[tick] act=1 int=1 priming=0 ready=1 decode_ms=7.0
[tick] act=1 int=1 priming=0 ready=1 decode_ms=7.0
[tick] act=1 int=1 priming=0 ready=1 decode_ms=7.0
[tick] act=1 int=1 priming=0 ready=1 decode_ms=7.0
[tick] act=1 int=1 priming=0 ready=1 decode_ms=7.0
[tick] act=1 int=1 priming=0 ready=1 decode_ms=7.0
[tick] act=1 int=1 priming=0 ready=1 decode_ms=7.0
[tick] act=1 int=1 priming=0 ready=1 decode_ms=7.0
[tick] act=1 int=1 priming=0 ready=1 decode_ms=7.0
[tick] act=1 int=1 priming=0 ready=1 decode_ms=7.0
[tick] act=1 int=1 priming=0 ready=1 decode_ms=7.0
[tick] act=1 int=1 priming=0 ready=1 decode_ms=7.0
[tick] act=1 int=1 priming=0 ready=1 decode_ms=7.0
[tick] act=1 int=1 priming=0 ready=1 decode_ms=7.0
[tick] act=1 int=1 priming=0 ready=1 decode_ms=7.0
[tick] act=1 int=1 priming=0 ready=1 decode_ms=7.0
[tick] act=1 int=1 priming=0 ready=1 decode_ms=7.0
[tick] act=1 int=1 priming=0 ready=1 decode_ms=7.0
[tick] act=1 int=1 priming=0 ready=1 decode_ms=7.0
[tick] act=1 int=1 priming=0 ready=1 decode_ms=7.1
[tick] act=1 int=1 priming=0 ready=1 decode_ms=7.0
[tick] act=1 int=1 priming=0 ready=1 decode_ms=7.0
[tick] act=1 int=1 priming=0 ready=1 decode_ms=7.0
[tick] act=1 int=1 priming=0 ready=1 decode_ms=7.0
[tick] act=1 int=1 priming=0 ready=1 decode_ms=7.0
[tick] act=1 int=1 priming=0 ready=1 decode_ms=7.0
[tick] act=1 int=1 priming=0 ready=1 decode_ms=7.1
[tick] act=1 int=1 priming=0 ready=1 decode_ms=7.0
[tick] act=1 int=1 priming=0 ready=1 decode_ms=7.0
[tick] act=1 int=1 priming=0 ready=1 decode_ms=7.0
[tick] act=1 int=1 priming=0 ready=1 decode_ms=7.0
[tick] act=1 int=1 priming=0 ready=1 decode_ms=7.0
[tick] act=1 int=1 priming=0 ready=1 decode_ms=7.0
[tick] act=1 int=1 priming=0 ready=1 decode_ms=7.1
[tick] act=1 int=1 priming=0 ready=1 decode_ms=7.1
[tick] act=1 int=1 priming=0 ready=1 decode_ms=7.0
[tick] act=1 int=1 priming=0 ready=1 decode_ms=7.1
[tick] act=1 int=1 priming=0 ready=1 decode_ms=7.1
[tick] act=1 int=1 priming=0 ready=1 decode_ms=7.1
[tick] act=1 int=1 priming=0 ready=1 decode_ms=7.1
[tick] act=1 int=1 priming=0 ready=1 decode_ms=7.1
[tick] act=1 int=1 priming=0 ready=1 decode_ms=7.2
[tick] act=1 int=1 priming=0 ready=1 decode_ms=7.2
[tick] act=1 int=1 priming=0 ready=1 decode_ms=7.2
[tick] act=1 int=1 priming=0 ready=1 decode_ms=7.2
[tick] act=1 int=1 priming=0 ready=1 decode_ms=7.2
[tick] act=1 int=1 priming=0 ready=1 decode_ms=7.3
[tick] act=1 int=1 priming=0 ready=1 decode_ms=7.3
[tick] act=1 int=1 priming=0 ready=1 decode_ms=7.3
[tick] act=1 int=1 priming=0 ready=1 decode_ms=7.3
[tick] act=1 int=1 priming=0 ready=1 decode_ms=7.3
[tick] act=1 int=1 priming=0 ready=1 decode_ms=7.3
[tick] act=1 int=1 priming=0 ready=1 decode_ms=7.3
[tick] act=1 int=1 priming=0 ready=1 decode_ms=7.3
[tick] act=1 int=1 priming=0 ready=1 decode_ms=7.3
[tick] act=1 int=1 priming=0 ready=1 decode_ms=7.3
[tick] act=1 int=1 priming=0 ready=1 decode_ms=7.3
[tick] act=1 int=1 priming=0 ready=1 decode_ms=7.3
[tick] act=1 int=1 priming=0 ready=1 decode_ms=7.3
[tick] act=1 int=1 priming=0 ready=1 decode_ms=7.3
[tick] act=1 int=1 priming=0 ready=1 decode_ms=7.3
[tick] act=1 int=1 priming=0 ready=1 decode_ms=7.3
[tick] act=1 int=1 priming=0 ready=1 decode_ms=7.3
[tick] act=1 int=1 priming=0 ready=1 decode_ms=7.4
[tick] act=1 int=1 priming=0 ready=1 decode_ms=7.3
[tick] act=1 int=1 priming=0 ready=1 decode_ms=7.3
[tick] act=1 int=1 priming=0 ready=1 decode_ms=7.3
[tick] act=1 int=1 priming=0 ready=1 decode_ms=7.3
[tick] act=1 int=1 priming=0 ready=1 decode_ms=7.3
[tick] act=1 int=1 priming=0 ready=1 decode_ms=7.3
[tick] act=1 int=1 priming=0 ready=1 decode_ms=7.3
[tick] act=1 int=1 priming=0 ready=1 decode_ms=7.3
[tick] act=1 int=1 priming=0 ready=1 decode_ms=7.3
[tick] act=1 int=1 priming=0 ready=1 decode_ms=7.3
[tick] act=1 int=1 priming=0 ready=0 decode_ms=0.0
[meter] admit id=chatcmpl-69075e4c9a605d86d18fed6a1b7781d9 tenant=default lane=interactive model="q9"
[prefix-cache] hit: 226 of 226 prompt tokens from cache (model q9)
[tick] act=1 int=1 priming=0 ready=1 decode_ms=7.5
[tick] act=1 int=1 priming=0 ready=1 decode_ms=7.2
[tick] act=1 int=1 priming=0 ready=1 decode_ms=7.1
[tick] act=1 int=1 priming=0 ready=1 decode_ms=7.2
[tick] act=1 int=1 priming=0 ready=1 decode_ms=7.2
[tick] act=1 int=1 priming=0 ready=1 decode_ms=7.2
[tick] act=1 int=1 priming=0 ready=1 decode_ms=7.2
[tick] act=1 int=1 priming=0 ready=1 decode_ms=7.2
[tick] act=1 int=1 priming=0 ready=1 decode_ms=7.2
[tick] act=1 int=1 priming=0 ready=1 decode_ms=7.2
[tick] act=1 int=1 priming=0 ready=1 decode_ms=7.2
[tick] act=1 int=1 priming=0 ready=1 decode_ms=7.2
[tick] act=1 int=1 priming=0 ready=1 decode_ms=7.2
[tick] act=1 int=1 priming=0 ready=1 decode_ms=7.2
[tick] act=1 int=1 priming=0 ready=1 decode_ms=7.2
[tick] act=1 int=1 priming=0 ready=1 decode_ms=7.2
[tick] act=1 int=1 priming=0 ready=1 decode_ms=7.1
[tick] act=1 int=1 priming=0 ready=1 decode_ms=7.2
[tick] act=1 int=1 priming=0 ready=1 decode_ms=7.1
[tick] act=1 int=1 priming=0 ready=1 decode_ms=7.1
[tick] act=1 int=1 priming=0 ready=1 decode_ms=7.2
[tick] act=1 int=1 priming=0 ready=1 decode_ms=7.1
[tick] act=1 int=1 priming=0 ready=1 decode_ms=7.1
[tick] act=1 int=1 priming=0 ready=1 decode_ms=7.1
[tick] act=1 int=1 priming=0 ready=1 decode_ms=7.1
[tick] act=1 int=1 priming=0 ready=1 decode_ms=7.1
[tick] act=1 int=1 priming=0 ready=1 decode_ms=7.1
[tick] act=1 int=1 priming=0 ready=1 decode_ms=7.1
[tick] act=1 int=1 priming=0 ready=1 decode_ms=7.1
[tick] act=1 int=1 priming=0 ready=1 decode_ms=7.1
[tick] act=1 int=1 priming=0 ready=1 decode_ms=7.1
[tick] act=1 int=1 priming=0 ready=1 decode_ms=7.1
[tick] act=1 int=1 priming=0 ready=1 decode_ms=7.1
[tick] act=1 int=1 priming=0 ready=1 decode_ms=7.1
[tick] act=1 int=1 priming=0 ready=1 decode_ms=7.1
[tick] act=1 int=1 priming=0 ready=1 decode_ms=7.1
[tick] act=1 int=1 priming=0 ready=1 decode_ms=7.1
[tick] act=1 int=1 priming=0 ready=1 decode_ms=7.1
[tick] act=1 int=1 priming=0 ready=1 decode_ms=7.1
[tick] act=1 int=1 priming=0 ready=1 decode_ms=7.1
[tick] act=1 int=1 priming=0 ready=1 decode_ms=7.1
[tick] act=1 int=1 priming=0 ready=1 decode_ms=7.1
[tick] act=1 int=1 priming=0 ready=1 decode_ms=7.1
[tick] act=1 int=1 priming=0 ready=1 decode_ms=7.1
[tick] act=1 int=1 priming=0 ready=1 decode_ms=7.1
[tick] act=1 int=1 priming=0 ready=1 decode_ms=7.1
[tick] act=1 int=1 priming=0 ready=1 decode_ms=7.1
[tick] act=1 int=1 priming=0 ready=1 decode_ms=7.1
[tick] act=1 int=1 priming=0 ready=1 decode_ms=7.1
[tick] act=1 int=1 priming=0 ready=1 decode_ms=7.1
[tick] act=1 int=1 priming=0 ready=1 decode_ms=7.1
[tick] act=1 int=1 priming=0 ready=1 decode_ms=7.1
[tick] act=1 int=1 priming=0 ready=1 decode_ms=7.1
[tick] act=1 int=1 priming=0 ready=1 decode_ms=7.1
[tick] act=1 int=1 priming=0 ready=1 decode_ms=7.1
[tick] act=1 int=1 priming=0 ready=1 decode_ms=7.1
[tick] act=1 int=1 priming=0 ready=1 decode_ms=7.1
[tick] act=1 int=1 priming=0 ready=1 decode_ms=7.1
[tick] act=1 int=1 priming=0 ready=1 decode_ms=7.1
[tick] act=1 int=1 priming=0 ready=1 decode_ms=7.1
[tick] act=1 int=1 priming=0 ready=1 decode_ms=7.1
[tick] act=1 int=1 priming=0 ready=1 decode_ms=7.0
[tick] act=1 int=1 priming=0 ready=1 decode_ms=7.1
[tick] act=1 int=1 priming=0 ready=1 decode_ms=7.1
[tick] act=1 int=1 priming=0 ready=1 decode_ms=7.1
[tick] act=1 int=1 priming=0 ready=1 decode_ms=7.1
[tick] act=1 int=1 priming=0 ready=1 decode_ms=7.1
[tick] act=1 int=1 priming=0 ready=1 decode_ms=7.1
[tick] act=1 int=1 priming=0 ready=1 decode_ms=7.1
[tick] act=1 int=1 priming=0 ready=1 decode_ms=7.1
[tick] act=1 int=1 priming=0 ready=1 decode_ms=7.1
[tick] act=1 int=1 priming=0 ready=1 decode_ms=7.1
[tick] act=1 int=1 priming=0 ready=1 decode_ms=7.1
[tick] act=1 int=1 priming=0 ready=1 decode_ms=7.1
[tick] act=1 int=1 priming=0 ready=1 decode_ms=7.1
[tick] act=1 int=1 priming=0 ready=1 decode_ms=7.1
[tick] act=1 int=1 priming=0 ready=1 decode_ms=7.1
[tick] act=1 int=1 priming=0 ready=1 decode_ms=7.1
[tick] act=1 int=1 priming=0 ready=1 decode_ms=7.1
[tick] act=1 int=1 priming=0 ready=1 decode_ms=7.1
[tick] act=1 int=1 priming=0 ready=1 decode_ms=7.1
[tick] act=1 int=1 priming=0 ready=1 decode_ms=7.1
[tick] act=1 int=1 priming=0 ready=1 decode_ms=7.1
[tick] act=1 int=1 priming=0 ready=1 decode_ms=7.1
[tick] act=1 int=1 priming=0 ready=1 decode_ms=7.1
[tick] act=1 int=1 priming=0 ready=1 decode_ms=7.1
[tick] act=1 int=1 priming=0 ready=1 decode_ms=7.1
[tick] act=1 int=1 priming=0 ready=1 decode_ms=7.1
[tick] act=1 int=1 priming=0 ready=1 decode_ms=7.1
[tick] act=1 int=1 priming=0 ready=1 decode_ms=7.1
[tick] act=1 int=1 priming=0 ready=1 decode_ms=7.1
[tick] act=1 int=1 priming=0 ready=1 decode_ms=7.1
[tick] act=1 int=1 priming=0 ready=1 decode_ms=7.1
[tick] act=1 int=1 priming=0 ready=1 decode_ms=7.1
[tick] act=1 int=1 priming=0 ready=1 decode_ms=7.1
[tick] act=1 int=1 priming=0 ready=1 decode_ms=7.1
[tick] act=1 int=1 priming=0 ready=1 decode_ms=7.1
[tick] act=1 int=1 priming=0 ready=1 decode_ms=7.1
[tick] act=1 int=1 priming=0 ready=1 decode_ms=7.1
[tick] act=1 int=1 priming=0 ready=1 decode_ms=7.1
[tick] act=1 int=1 priming=0 ready=1 decode_ms=7.1
[tick] act=1 int=1 priming=0 ready=1 decode_ms=7.1
[tick] act=1 int=1 priming=0 ready=1 decode_ms=7.1
[tick] act=1 int=1 priming=0 ready=1 decode_ms=7.1
[tick] act=1 int=1 priming=0 ready=1 decode_ms=7.1
[tick] act=1 int=1 priming=0 ready=1 decode_ms=7.2
[tick] act=1 int=1 priming=0 ready=1 decode_ms=7.2
[tick] act=1 int=1 priming=0 ready=1 decode_ms=7.2
[tick] act=1 int=1 priming=0 ready=1 decode_ms=7.2
[tick] act=1 int=1 priming=0 ready=1 decode_ms=7.2
[tick] act=1 int=1 priming=0 ready=1 decode_ms=7.2
[tick] act=1 int=1 priming=0 ready=1 decode_ms=7.2
[tick] act=1 int=1 priming=0 ready=1 decode_ms=7.2
[tick] act=1 int=1 priming=0 ready=1 decode_ms=7.2
[tick] act=1 int=1 priming=0 ready=1 decode_ms=7.2
[tick] act=1 int=1 priming=0 ready=1 decode_ms=7.2
[tick] act=1 int=1 priming=0 ready=1 decode_ms=7.2
[tick] act=1 int=1 priming=0 ready=1 decode_ms=7.2
[tick] act=1 int=1 priming=0 ready=1 decode_ms=7.2
[tick] act=1 int=1 priming=0 ready=1 decode_ms=7.2
[tick] act=1 int=1 priming=0 ready=1 decode_ms=7.2
[tick] act=1 int=1 priming=0 ready=1 decode_ms=7.2
[tick] act=1 int=1 priming=0 ready=1 decode_ms=7.2
[tick] act=1 int=1 priming=0 ready=1 decode_ms=7.3
[tick] act=1 int=1 priming=0 ready=1 decode_ms=7.3
[tick] act=1 int=1 priming=0 ready=1 decode_ms=7.3
[tick] act=1 int=1 priming=0 ready=1 decode_ms=7.3
[tick] act=1 int=1 priming=0 ready=1 decode_ms=7.3
[tick] act=1 int=1 priming=0 ready=0 decode_ms=0.0
[meter] admit id=chatcmpl-1683073afd503f1c36f9131c12070625 tenant=default lane=interactive model="q9"
[prefix-cache] hit: 226 of 226 prompt tokens from cache (model q9)
[tick] act=1 int=1 priming=0 ready=1 decode_ms=7.5
[tick] act=1 int=1 priming=0 ready=1 decode_ms=7.2
[tick] act=1 int=1 priming=0 ready=1 decode_ms=7.1
[tick] act=1 int=1 priming=0 ready=1 decode_ms=7.2
[tick] act=1 int=1 priming=0 ready=1 decode_ms=7.2
[tick] act=1 int=1 priming=0 ready=1 decode_ms=7.2
[tick] act=1 int=1 priming=0 ready=1 decode_ms=7.2
[tick] act=1 int=1 priming=0 ready=1 decode_ms=7.2
[tick] act=1 int=1 priming=0 ready=1 decode_ms=7.2
[tick] act=1 int=1 priming=0 ready=1 decode_ms=7.2
[tick] act=1 int=1 priming=0 ready=1 decode_ms=7.2
[tick] act=1 int=1 priming=0 ready=1 decode_ms=7.2
[tick] act=1 int=1 priming=0 ready=1 decode_ms=7.2
[tick] act=1 int=1 priming=0 ready=1 decode_ms=7.2
[tick] act=1 int=1 priming=0 ready=1 decode_ms=7.2
[tick] act=1 int=1 priming=0 ready=1 decode_ms=7.2
[tick] act=1 int=1 priming=0 ready=1 decode_ms=7.2
[tick] act=1 int=1 priming=0 ready=1 decode_ms=7.2
[tick] act=1 int=1 priming=0 ready=1 decode_ms=7.2
[tick] act=1 int=1 priming=0 ready=1 decode_ms=7.2
[tick] act=1 int=1 priming=0 ready=1 decode_ms=7.2
[tick] act=1 int=1 priming=0 ready=1 decode_ms=7.2
[tick] act=1 int=1 priming=0 ready=1 decode_ms=7.2
[tick] act=1 int=1 priming=0 ready=1 decode_ms=7.2
[tick] act=1 int=1 priming=0 ready=1 decode_ms=7.2
[tick] act=1 int=1 priming=0 ready=1 decode_ms=7.2
[tick] act=1 int=1 priming=0 ready=1 decode_ms=7.2
[tick] act=1 int=1 priming=0 ready=1 decode_ms=7.2
[tick] act=1 int=1 priming=0 ready=1 decode_ms=7.2
[tick] act=1 int=1 priming=0 ready=1 decode_ms=7.2
[tick] act=1 int=1 priming=0 ready=1 decode_ms=7.2
[tick] act=1 int=1 priming=0 ready=1 decode_ms=7.2
[tick] act=1 int=1 priming=0 ready=1 decode_ms=7.2
[tick] act=1 int=1 priming=0 ready=1 decode_ms=7.2
[tick] act=1 int=1 priming=0 ready=1 decode_ms=7.2
[tick] act=1 int=1 priming=0 ready=1 decode_ms=7.2
[tick] act=1 int=1 priming=0 ready=1 decode_ms=7.2
[tick] act=1 int=1 priming=0 ready=1 decode_ms=7.1
[tick] act=1 int=1 priming=0 ready=1 decode_ms=7.2
[tick] act=1 int=1 priming=0 ready=1 decode_ms=7.2
[tick] act=1 int=1 priming=0 ready=1 decode_ms=7.1
[tick] act=1 int=1 priming=0 ready=1 decode_ms=7.2
[tick] act=1 int=1 priming=0 ready=1 decode_ms=7.1
[tick] act=1 int=1 priming=0 ready=1 decode_ms=7.2
[tick] act=1 int=1 priming=0 ready=1 decode_ms=7.1
[tick] act=1 int=1 priming=0 ready=1 decode_ms=7.2
[tick] act=1 int=1 priming=0 ready=1 decode_ms=7.1
[tick] act=1 int=1 priming=0 ready=1 decode_ms=7.1
[tick] act=1 int=1 priming=0 ready=1 decode_ms=7.1
[tick] act=1 int=1 priming=0 ready=1 decode_ms=7.2
[tick] act=1 int=1 priming=0 ready=1 decode_ms=7.1
[tick] act=1 int=1 priming=0 ready=1 decode_ms=7.1
[tick] act=1 int=1 priming=0 ready=1 decode_ms=7.1
[tick] act=1 int=1 priming=0 ready=1 decode_ms=7.1
[tick] act=1 int=1 priming=0 ready=1 decode_ms=7.1
[tick] act=1 int=1 priming=0 ready=1 decode_ms=7.1
[tick] act=1 int=1 priming=0 ready=1 decode_ms=7.1
[tick] act=1 int=1 priming=0 ready=1 decode_ms=7.1
[tick] act=1 int=1 priming=0 ready=1 decode_ms=7.1
[tick] act=1 int=1 priming=0 ready=1 decode_ms=7.1
[tick] act=1 int=1 priming=0 ready=1 decode_ms=7.1
[tick] act=1 int=1 priming=0 ready=1 decode_ms=7.1
[tick] act=1 int=1 priming=0 ready=1 decode_ms=7.1
[tick] act=1 int=1 priming=0 ready=1 decode_ms=7.1
[tick] act=1 int=1 priming=0 ready=1 decode_ms=7.1
[tick] act=1 int=1 priming=0 ready=1 decode_ms=7.1
[tick] act=1 int=1 priming=0 ready=1 decode_ms=7.1
[tick] act=1 int=1 priming=0 ready=1 decode_ms=7.1
[tick] act=1 int=1 priming=0 ready=1 decode_ms=7.1
[tick] act=1 int=1 priming=0 ready=1 decode_ms=7.1
[tick] act=1 int=1 priming=0 ready=1 decode_ms=7.1
[tick] act=1 int=1 priming=0 ready=1 decode_ms=7.1
[tick] act=1 int=1 priming=0 ready=1 decode_ms=7.1
[tick] act=1 int=1 priming=0 ready=1 decode_ms=7.1
[tick] act=1 int=1 priming=0 ready=1 decode_ms=7.1
[tick] act=1 int=1 priming=0 ready=1 decode_ms=7.1
[tick] act=1 int=1 priming=0 ready=1 decode_ms=7.1
[tick] act=1 int=1 priming=0 ready=1 decode_ms=7.1
[tick] act=1 int=1 priming=0 ready=1 decode_ms=7.1
[tick] act=1 int=1 priming=0 ready=1 decode_ms=7.1
[tick] act=1 int=1 priming=0 ready=1 decode_ms=7.1
[tick] act=1 int=1 priming=0 ready=1 decode_ms=7.1
[tick] act=1 int=1 priming=0 ready=1 decode_ms=7.1
[tick] act=1 int=1 priming=0 ready=1 decode_ms=7.1
[tick] act=1 int=1 priming=0 ready=1 decode_ms=7.1
[tick] act=1 int=1 priming=0 ready=1 decode_ms=7.1
[tick] act=1 int=1 priming=0 ready=1 decode_ms=7.1
[tick] act=1 int=1 priming=0 ready=1 decode_ms=7.1
[tick] act=1 int=1 priming=0 ready=1 decode_ms=7.1
[tick] act=1 int=1 priming=0 ready=1 decode_ms=7.1
[tick] act=1 int=1 priming=0 ready=1 decode_ms=7.1
[tick] act=1 int=1 priming=0 ready=1 decode_ms=7.1
[tick] act=1 int=1 priming=0 ready=1 decode_ms=7.1
[tick] act=1 int=1 priming=0 ready=1 decode_ms=7.1
[tick] act=1 int=1 priming=0 ready=1 decode_ms=7.1
[tick] act=1 int=1 priming=0 ready=1 decode_ms=7.1
[tick] act=1 int=1 priming=0 ready=1 decode_ms=7.1
[tick] act=1 int=1 priming=0 ready=1 decode_ms=7.1
[tick] act=1 int=1 priming=0 ready=1 decode_ms=7.1
[tick] act=1 int=1 priming=0 ready=1 decode_ms=7.1
[tick] act=1 int=1 priming=0 ready=1 decode_ms=7.1
[tick] act=1 int=1 priming=0 ready=1 decode_ms=7.1
[tick] act=1 int=1 priming=0 ready=1 decode_ms=7.1
[tick] act=1 int=1 priming=0 ready=1 decode_ms=7.1
[tick] act=1 int=1 priming=0 ready=1 decode_ms=7.1
[tick] act=1 int=1 priming=0 ready=1 decode_ms=7.1
[tick] act=1 int=1 priming=0 ready=1 decode_ms=7.1
[tick] act=1 int=1 priming=0 ready=1 decode_ms=7.1
[tick] act=1 int=1 priming=0 ready=1 decode_ms=7.1
[tick] act=1 int=1 priming=0 ready=1 decode_ms=7.1
[tick] act=1 int=1 priming=0 ready=1 decode_ms=7.1
[tick] act=1 int=1 priming=0 ready=1 decode_ms=7.2
[tick] act=1 int=1 priming=0 ready=1 decode_ms=7.2
[tick] act=1 int=1 priming=0 ready=1 decode_ms=7.2
[tick] act=1 int=1 priming=0 ready=1 decode_ms=7.1
[tick] act=1 int=1 priming=0 ready=1 decode_ms=7.2
[tick] act=1 int=1 priming=0 ready=1 decode_ms=7.2
[tick] act=1 int=1 priming=0 ready=1 decode_ms=7.2
[tick] act=1 int=1 priming=0 ready=1 decode_ms=7.2
[tick] act=1 int=1 priming=0 ready=1 decode_ms=7.2
[tick] act=1 int=1 priming=0 ready=1 decode_ms=7.1
[tick] act=1 int=1 priming=0 ready=1 decode_ms=7.1
[tick] act=1 int=1 priming=0 ready=1 decode_ms=7.2
[tick] act=1 int=1 priming=0 ready=1 decode_ms=7.2
[tick] act=1 int=1 priming=0 ready=1 decode_ms=7.2
[tick] act=1 int=1 priming=0 ready=1 decode_ms=7.2
[tick] act=1 int=1 priming=0 ready=1 decode_ms=7.2
[tick] act=1 int=1 priming=0 ready=1 decode_ms=7.2
[tick] act=1 int=1 priming=0 ready=0 decode_ms=0.0
[meter] admit id=chatcmpl-9817adc9122c774959cedf207042b49f tenant=default lane=interactive model="q9"
[prefix-cache] hit: 226 of 226 prompt tokens from cache (model q9)
[tick] act=1 int=1 priming=0 ready=1 decode_ms=7.2
[tick] act=1 int=1 priming=0 ready=1 decode_ms=6.9
[tick] act=1 int=1 priming=0 ready=1 decode_ms=6.8
[tick] act=1 int=1 priming=0 ready=1 decode_ms=6.9
[tick] act=1 int=1 priming=0 ready=1 decode_ms=7.0
[tick] act=1 int=1 priming=0 ready=1 decode_ms=7.0
[tick] act=1 int=1 priming=0 ready=1 decode_ms=7.0
[tick] act=1 int=1 priming=0 ready=1 decode_ms=7.0
[tick] act=1 int=1 priming=0 ready=1 decode_ms=7.0
[tick] act=1 int=1 priming=0 ready=1 decode_ms=7.0
[tick] act=1 int=1 priming=0 ready=1 decode_ms=7.0
[tick] act=1 int=1 priming=0 ready=1 decode_ms=7.0
[tick] act=1 int=1 priming=0 ready=1 decode_ms=7.0
[tick] act=1 int=1 priming=0 ready=1 decode_ms=7.1
[tick] act=1 int=1 priming=0 ready=1 decode_ms=7.0
[tick] act=1 int=1 priming=0 ready=1 decode_ms=7.0
[tick] act=1 int=1 priming=0 ready=0 decode_ms=0.0
[meter] admit id=chatcmpl-18e5ffaa254e6cb46d1ebe786a9a9a64 tenant=default lane=interactive model="q9"
[meter] admit id=chatcmpl-5ffb83824f1b8ab464330d603281125f tenant=default lane=interactive model="q9"
[prefix-cache] hit: 226 of 226 prompt tokens from cache (model q9)
[prefix-cache] hit: 226 of 226 prompt tokens from cache (model q9)
[tick] act=2 int=2 priming=0 ready=2 decode_ms=9.4
[tick] act=2 int=2 priming=0 ready=2 decode_ms=8.7
[tick] act=2 int=2 priming=0 ready=2 decode_ms=8.7
[tick] act=2 int=2 priming=0 ready=2 decode_ms=8.8
[tick] act=2 int=2 priming=0 ready=2 decode_ms=8.8
[tick] act=2 int=2 priming=0 ready=2 decode_ms=8.9
[tick] act=2 int=2 priming=0 ready=2 decode_ms=8.9
[tick] act=2 int=2 priming=0 ready=2 decode_ms=8.9
[tick] act=2 int=2 priming=0 ready=2 decode_ms=8.9
[tick] act=2 int=2 priming=0 ready=2 decode_ms=8.9
[tick] act=2 int=2 priming=0 ready=2 decode_ms=8.8
[tick] act=2 int=2 priming=0 ready=2 decode_ms=8.9
[tick] act=2 int=2 priming=0 ready=2 decode_ms=8.9
[tick] act=2 int=2 priming=0 ready=2 decode_ms=8.9
[tick] act=2 int=2 priming=0 ready=2 decode_ms=8.9
[tick] act=2 int=2 priming=0 ready=2 decode_ms=8.9
[tick] act=2 int=2 priming=0 ready=2 decode_ms=8.9
[tick] act=2 int=2 priming=0 ready=2 decode_ms=8.9
[tick] act=2 int=2 priming=0 ready=2 decode_ms=8.9
[tick] act=2 int=2 priming=0 ready=2 decode_ms=8.9
[tick] act=2 int=2 priming=0 ready=2 decode_ms=8.9
[tick] act=2 int=2 priming=0 ready=2 decode_ms=8.9
[tick] act=2 int=2 priming=0 ready=2 decode_ms=8.9
[tick] act=2 int=2 priming=0 ready=2 decode_ms=8.9
[tick] act=2 int=2 priming=0 ready=2 decode_ms=8.9
[tick] act=2 int=2 priming=0 ready=2 decode_ms=8.9
[tick] act=2 int=2 priming=0 ready=2 decode_ms=8.9
[tick] act=2 int=2 priming=0 ready=2 decode_ms=8.9
[tick] act=2 int=2 priming=0 ready=2 decode_ms=8.9
[tick] act=2 int=2 priming=0 ready=2 decode_ms=8.9
[tick] act=2 int=2 priming=0 ready=2 decode_ms=8.9
[tick] act=2 int=2 priming=0 ready=2 decode_ms=8.9
[tick] act=2 int=2 priming=0 ready=2 decode_ms=8.9
[tick] act=2 int=2 priming=0 ready=2 decode_ms=8.9
[tick] act=2 int=2 priming=0 ready=2 decode_ms=8.9
[tick] act=2 int=2 priming=0 ready=2 decode_ms=8.9
[tick] act=2 int=2 priming=0 ready=2 decode_ms=8.9
[tick] act=2 int=2 priming=0 ready=2 decode_ms=8.9
[tick] act=2 int=2 priming=0 ready=2 decode_ms=8.9
[tick] act=2 int=2 priming=0 ready=2 decode_ms=8.9
[tick] act=2 int=2 priming=0 ready=2 decode_ms=8.9
[tick] act=2 int=2 priming=0 ready=2 decode_ms=8.9
[tick] act=2 int=2 priming=0 ready=2 decode_ms=8.9
[tick] act=2 int=2 priming=0 ready=2 decode_ms=8.9
[tick] act=2 int=2 priming=0 ready=2 decode_ms=8.9
[tick] act=2 int=2 priming=0 ready=2 decode_ms=8.9
[tick] act=2 int=2 priming=0 ready=2 decode_ms=8.9
[tick] act=2 int=2 priming=0 ready=2 decode_ms=8.9
[tick] act=2 int=2 priming=0 ready=2 decode_ms=8.9
[tick] act=2 int=2 priming=0 ready=2 decode_ms=8.9
[tick] act=2 int=2 priming=0 ready=2 decode_ms=8.9
[tick] act=2 int=2 priming=0 ready=2 decode_ms=8.9
[tick] act=2 int=2 priming=0 ready=2 decode_ms=8.9
[tick] act=2 int=2 priming=0 ready=2 decode_ms=8.9
[tick] act=2 int=2 priming=0 ready=2 decode_ms=8.9
[tick] act=2 int=2 priming=0 ready=2 decode_ms=8.9
[tick] act=2 int=2 priming=0 ready=2 decode_ms=8.9
[tick] act=2 int=2 priming=0 ready=2 decode_ms=8.9
[tick] act=2 int=2 priming=0 ready=2 decode_ms=8.9
[tick] act=2 int=2 priming=0 ready=2 decode_ms=8.9
[tick] act=2 int=2 priming=0 ready=2 decode_ms=8.9
[tick] act=2 int=2 priming=0 ready=2 decode_ms=8.9
[tick] act=2 int=2 priming=0 ready=2 decode_ms=8.9
[tick] act=2 int=2 priming=0 ready=2 decode_ms=8.9
[tick] act=2 int=2 priming=0 ready=2 decode_ms=8.9
[tick] act=2 int=2 priming=0 ready=2 decode_ms=8.9
[tick] act=2 int=2 priming=0 ready=2 decode_ms=8.9
[tick] act=2 int=2 priming=0 ready=2 decode_ms=8.9
[tick] act=2 int=2 priming=0 ready=2 decode_ms=8.9
[tick] act=2 int=2 priming=0 ready=2 decode_ms=8.9
[tick] act=2 int=2 priming=0 ready=2 decode_ms=8.9
[tick] act=2 int=2 priming=0 ready=2 decode_ms=8.9
[tick] act=2 int=2 priming=0 ready=2 decode_ms=8.9
[tick] act=2 int=2 priming=0 ready=2 decode_ms=8.9
[tick] act=2 int=2 priming=0 ready=2 decode_ms=8.9
[tick] act=2 int=2 priming=0 ready=2 decode_ms=8.9
[tick] act=2 int=2 priming=0 ready=2 decode_ms=8.9
[tick] act=2 int=2 priming=0 ready=2 decode_ms=8.9
[tick] act=2 int=2 priming=0 ready=2 decode_ms=8.9
[tick] act=2 int=2 priming=0 ready=2 decode_ms=8.9
[tick] act=2 int=2 priming=0 ready=2 decode_ms=8.9
[tick] act=2 int=2 priming=0 ready=2 decode_ms=8.9
[tick] act=2 int=2 priming=0 ready=2 decode_ms=8.9
[tick] act=2 int=2 priming=0 ready=2 decode_ms=8.9
[tick] act=2 int=2 priming=0 ready=2 decode_ms=8.9
[tick] act=2 int=2 priming=0 ready=2 decode_ms=8.9
[tick] act=2 int=2 priming=0 ready=2 decode_ms=8.9
[tick] act=2 int=2 priming=0 ready=2 decode_ms=8.9
[tick] act=2 int=2 priming=0 ready=2 decode_ms=8.9
[tick] act=2 int=2 priming=0 ready=2 decode_ms=8.9
[tick] act=2 int=2 priming=0 ready=2 decode_ms=8.9
[tick] act=2 int=2 priming=0 ready=2 decode_ms=8.9
[tick] act=2 int=2 priming=0 ready=2 decode_ms=8.9
[tick] act=2 int=2 priming=0 ready=2 decode_ms=8.9
[tick] act=2 int=2 priming=0 ready=2 decode_ms=8.9
[tick] act=2 int=2 priming=0 ready=2 decode_ms=8.9
[tick] act=2 int=2 priming=0 ready=2 decode_ms=8.9
[tick] act=2 int=2 priming=0 ready=2 decode_ms=8.9
[tick] act=2 int=2 priming=0 ready=2 decode_ms=8.9
[tick] act=2 int=2 priming=0 ready=2 decode_ms=8.9
[tick] act=2 int=2 priming=0 ready=2 decode_ms=8.9
[tick] act=2 int=2 priming=0 ready=2 decode_ms=8.9
[tick] act=2 int=2 priming=0 ready=2 decode_ms=8.9
[tick] act=2 int=2 priming=0 ready=2 decode_ms=8.9
[tick] act=2 int=2 priming=0 ready=2 decode_ms=8.9
[tick] act=2 int=2 priming=0 ready=2 decode_ms=8.9
[tick] act=2 int=2 priming=0 ready=2 decode_ms=8.9
[tick] act=2 int=2 priming=0 ready=2 decode_ms=8.9
[tick] act=2 int=2 priming=0 ready=2 decode_ms=8.9
[tick] act=2 int=2 priming=0 ready=2 decode_ms=8.9
[tick] act=2 int=2 priming=0 ready=2 decode_ms=8.9
[tick] act=2 int=2 priming=0 ready=2 decode_ms=8.9
[tick] act=2 int=2 priming=0 ready=2 decode_ms=8.9
[tick] act=2 int=2 priming=0 ready=2 decode_ms=8.9
[tick] act=2 int=2 priming=0 ready=2 decode_ms=8.9
[tick] act=2 int=2 priming=0 ready=2 decode_ms=8.9
[tick] act=2 int=2 priming=0 ready=2 decode_ms=8.9
[tick] act=2 int=2 priming=0 ready=2 decode_ms=8.9
[tick] act=2 int=2 priming=0 ready=2 decode_ms=8.9
[tick] act=2 int=2 priming=0 ready=2 decode_ms=8.9
[tick] act=2 int=2 priming=0 ready=2 decode_ms=8.9
[tick] act=2 int=2 priming=0 ready=2 decode_ms=8.9
[tick] act=2 int=2 priming=0 ready=2 decode_ms=8.9
[tick] act=2 int=2 priming=0 ready=2 decode_ms=8.9
[tick] act=2 int=2 priming=0 ready=2 decode_ms=8.9
[tick] act=2 int=2 priming=0 ready=2 decode_ms=8.9
[tick] act=2 int=2 priming=0 ready=2 decode_ms=8.9
[tick] act=2 int=2 priming=0 ready=2 decode_ms=8.9
[tick] act=2 int=2 priming=0 ready=0 decode_ms=0.0
[meter] admit id=chatcmpl-ecddc0feabab302d4c7fc810b534c0d9 tenant=default lane=interactive model="q9"
[meter] admit id=chatcmpl-f14448afb8d53de364190273a55707c8 tenant=default lane=interactive model="q9"
[prefix-cache] hit: 226 of 226 prompt tokens from cache (model q9)
[prefix-cache] hit: 226 of 226 prompt tokens from cache (model q9)
[tick] act=2 int=2 priming=0 ready=2 decode_ms=9.3
[tick] act=2 int=2 priming=0 ready=2 decode_ms=8.8
[tick] act=2 int=2 priming=0 ready=2 decode_ms=8.8
[tick] act=2 int=2 priming=0 ready=2 decode_ms=8.8
[tick] act=2 int=2 priming=0 ready=2 decode_ms=8.8
[tick] act=2 int=2 priming=0 ready=2 decode_ms=9.1
[tick] act=2 int=2 priming=0 ready=2 decode_ms=8.8
[tick] act=2 int=2 priming=0 ready=2 decode_ms=8.8
[tick] act=2 int=2 priming=0 ready=2 decode_ms=8.8
[tick] act=2 int=2 priming=0 ready=2 decode_ms=8.9
[tick] act=2 int=2 priming=0 ready=2 decode_ms=8.9
[tick] act=2 int=2 priming=0 ready=2 decode_ms=8.9
[tick] act=2 int=2 priming=0 ready=2 decode_ms=8.9
[tick] act=2 int=2 priming=0 ready=2 decode_ms=8.9
[tick] act=2 int=2 priming=0 ready=2 decode_ms=8.9
[tick] act=2 int=2 priming=0 ready=2 decode_ms=8.9
[tick] act=2 int=2 priming=0 ready=2 decode_ms=8.9
[tick] act=2 int=2 priming=0 ready=2 decode_ms=8.9
[tick] act=2 int=2 priming=0 ready=2 decode_ms=8.9
[tick] act=2 int=2 priming=0 ready=2 decode_ms=8.9
[tick] act=2 int=2 priming=0 ready=2 decode_ms=8.9
[tick] act=2 int=2 priming=0 ready=2 decode_ms=8.9
[tick] act=2 int=2 priming=0 ready=2 decode_ms=8.9
[tick] act=2 int=2 priming=0 ready=2 decode_ms=8.9
[tick] act=2 int=2 priming=0 ready=2 decode_ms=8.9
[tick] act=2 int=2 priming=0 ready=2 decode_ms=8.9
[tick] act=2 int=2 priming=0 ready=2 decode_ms=8.9
[tick] act=2 int=2 priming=0 ready=2 decode_ms=8.9
[tick] act=2 int=2 priming=0 ready=2 decode_ms=8.9
[tick] act=2 int=2 priming=0 ready=2 decode_ms=8.9
[tick] act=2 int=2 priming=0 ready=2 decode_ms=8.9
[tick] act=2 int=2 priming=0 ready=2 decode_ms=8.9
[tick] act=2 int=2 priming=0 ready=2 decode_ms=8.9
[tick] act=2 int=2 priming=0 ready=2 decode_ms=8.9
[tick] act=2 int=2 priming=0 ready=2 decode_ms=8.9
[tick] act=2 int=2 priming=0 ready=2 decode_ms=8.9
[tick] act=2 int=2 priming=0 ready=2 decode_ms=8.9
[tick] act=2 int=2 priming=0 ready=2 decode_ms=8.9
[tick] act=2 int=2 priming=0 ready=2 decode_ms=8.9
[tick] act=2 int=2 priming=0 ready=2 decode_ms=8.9
[tick] act=2 int=2 priming=0 ready=2 decode_ms=8.9
[tick] act=2 int=2 priming=0 ready=2 decode_ms=8.9
[tick] act=2 int=2 priming=0 ready=2 decode_ms=8.9
[tick] act=2 int=2 priming=0 ready=2 decode_ms=8.9
[tick] act=2 int=2 priming=0 ready=2 decode_ms=8.9
[tick] act=2 int=2 priming=0 ready=2 decode_ms=8.9
[tick] act=2 int=2 priming=0 ready=2 decode_ms=8.9
[tick] act=2 int=2 priming=0 ready=2 decode_ms=8.9
[tick] act=2 int=2 priming=0 ready=2 decode_ms=8.9
[tick] act=2 int=2 priming=0 ready=2 decode_ms=8.9
[tick] act=2 int=2 priming=0 ready=2 decode_ms=8.9
[tick] act=2 int=2 priming=0 ready=2 decode_ms=8.9
[tick] act=2 int=2 priming=0 ready=2 decode_ms=8.9
[tick] act=2 int=2 priming=0 ready=2 decode_ms=8.9
[tick] act=2 int=2 priming=0 ready=2 decode_ms=8.9
[tick] act=2 int=2 priming=0 ready=2 decode_ms=8.9
[tick] act=2 int=2 priming=0 ready=2 decode_ms=8.9
[tick] act=2 int=2 priming=0 ready=2 decode_ms=8.9
[tick] act=2 int=2 priming=0 ready=2 decode_ms=8.9
[tick] act=2 int=2 priming=0 ready=2 decode_ms=8.9
[tick] act=2 int=2 priming=0 ready=2 decode_ms=8.9
[tick] act=2 int=2 priming=0 ready=2 decode_ms=8.9
[tick] act=2 int=2 priming=0 ready=2 decode_ms=8.9
[tick] act=2 int=2 priming=0 ready=2 decode_ms=8.9
[tick] act=2 int=2 priming=0 ready=2 decode_ms=8.9
[tick] act=2 int=2 priming=0 ready=2 decode_ms=8.9
[tick] act=2 int=2 priming=0 ready=2 decode_ms=8.9
[tick] act=2 int=2 priming=0 ready=2 decode_ms=8.9
[tick] act=2 int=2 priming=0 ready=2 decode_ms=8.9
[tick] act=2 int=2 priming=0 ready=2 decode_ms=8.9
[tick] act=2 int=2 priming=0 ready=2 decode_ms=8.9
[tick] act=2 int=2 priming=0 ready=2 decode_ms=8.9
[tick] act=2 int=2 priming=0 ready=2 decode_ms=8.9
[tick] act=2 int=2 priming=0 ready=2 decode_ms=8.9
[tick] act=2 int=2 priming=0 ready=2 decode_ms=8.9
[tick] act=2 int=2 priming=0 ready=2 decode_ms=8.9
[tick] act=2 int=2 priming=0 ready=2 decode_ms=8.9
[tick] act=2 int=2 priming=0 ready=2 decode_ms=8.9
[tick] act=2 int=2 priming=0 ready=2 decode_ms=8.9
[tick] act=2 int=2 priming=0 ready=2 decode_ms=8.9
[tick] act=2 int=2 priming=0 ready=2 decode_ms=8.9
[tick] act=2 int=2 priming=0 ready=2 decode_ms=8.9
[tick] act=2 int=2 priming=0 ready=2 decode_ms=8.9
[tick] act=2 int=2 priming=0 ready=2 decode_ms=8.9
[tick] act=2 int=2 priming=0 ready=2 decode_ms=8.9
[tick] act=2 int=2 priming=0 ready=2 decode_ms=8.9
[tick] act=2 int=2 priming=0 ready=2 decode_ms=8.9
[tick] act=2 int=2 priming=0 ready=2 decode_ms=8.9
[tick] act=2 int=2 priming=0 ready=2 decode_ms=8.9
[tick] act=2 int=2 priming=0 ready=2 decode_ms=8.9
[tick] act=2 int=2 priming=0 ready=2 decode_ms=8.9
[tick] act=2 int=2 priming=0 ready=2 decode_ms=8.9
[tick] act=2 int=2 priming=0 ready=2 decode_ms=8.9
[tick] act=2 int=2 priming=0 ready=2 decode_ms=8.9
[tick] act=2 int=2 priming=0 ready=2 decode_ms=8.9
[tick] act=2 int=2 priming=0 ready=2 decode_ms=8.9
[tick] act=2 int=2 priming=0 ready=2 decode_ms=8.9
[tick] act=2 int=2 priming=0 ready=2 decode_ms=8.9
[tick] act=2 int=2 priming=0 ready=2 decode_ms=8.9
[tick] act=2 int=2 priming=0 ready=2 decode_ms=8.9
[tick] act=2 int=2 priming=0 ready=2 decode_ms=8.9
[tick] act=2 int=2 priming=0 ready=2 decode_ms=8.9
[tick] act=2 int=2 priming=0 ready=2 decode_ms=8.9
[tick] act=2 int=2 priming=0 ready=2 decode_ms=8.9
[tick] act=2 int=2 priming=0 ready=2 decode_ms=8.9
[tick] act=2 int=2 priming=0 ready=2 decode_ms=8.9
[tick] act=2 int=2 priming=0 ready=2 decode_ms=8.9
[tick] act=2 int=2 priming=0 ready=2 decode_ms=8.9
[tick] act=2 int=2 priming=0 ready=2 decode_ms=8.9
[tick] act=2 int=2 priming=0 ready=2 decode_ms=8.9
[tick] act=2 int=2 priming=0 ready=2 decode_ms=8.9
[tick] act=2 int=2 priming=0 ready=2 decode_ms=8.9
[tick] act=2 int=2 priming=0 ready=2 decode_ms=8.9
[tick] act=2 int=2 priming=0 ready=2 decode_ms=8.9
[tick] act=2 int=2 priming=0 ready=2 decode_ms=8.9
[tick] act=2 int=2 priming=0 ready=2 decode_ms=8.9
[tick] act=2 int=2 priming=0 ready=2 decode_ms=8.9
[tick] act=2 int=2 priming=0 ready=2 decode_ms=8.9
[tick] act=2 int=2 priming=0 ready=2 decode_ms=8.9
[tick] act=2 int=2 priming=0 ready=2 decode_ms=8.9
[tick] act=2 int=2 priming=0 ready=2 decode_ms=8.9
[tick] act=2 int=2 priming=0 ready=2 decode_ms=8.9
[tick] act=2 int=2 priming=0 ready=2 decode_ms=8.9
[tick] act=2 int=2 priming=0 ready=2 decode_ms=8.9
[tick] act=2 int=2 priming=0 ready=2 decode_ms=8.9
[tick] act=2 int=2 priming=0 ready=2 decode_ms=8.9
[tick] act=2 int=2 priming=0 ready=2 decode_ms=8.9
[tick] act=2 int=2 priming=0 ready=2 decode_ms=8.9
[tick] act=2 int=2 priming=0 ready=0 decode_ms=0.0
[meter] admit id=chatcmpl-52d3985e86a15f5ffac8cb3cc0f8a17b tenant=default lane=interactive model="q9"
[meter] admit id=chatcmpl-b5a4048cb286ea550881e32a9ae09cda tenant=default lane=interactive model="q9"
[prefix-cache] hit: 226 of 226 prompt tokens from cache (model q9)
[tick] act=1 int=1 priming=0 ready=1 decode_ms=7.3
[prefix-cache] hit: 226 of 226 prompt tokens from cache (model q9)
[tick] act=2 int=2 priming=0 ready=2 decode_ms=9.1
[tick] act=2 int=2 priming=0 ready=2 decode_ms=8.8
[tick] act=2 int=2 priming=0 ready=2 decode_ms=8.8
[tick] act=2 int=2 priming=0 ready=2 decode_ms=8.8
[tick] act=2 int=2 priming=0 ready=2 decode_ms=8.8
[tick] act=2 int=2 priming=0 ready=2 decode_ms=8.8
[tick] act=2 int=2 priming=0 ready=2 decode_ms=8.8
[tick] act=2 int=2 priming=0 ready=2 decode_ms=8.8
[tick] act=2 int=2 priming=0 ready=2 decode_ms=8.9
[tick] act=2 int=2 priming=0 ready=2 decode_ms=8.9
[tick] act=2 int=2 priming=0 ready=2 decode_ms=8.9
[tick] act=2 int=2 priming=0 ready=2 decode_ms=8.8
[tick] act=2 int=2 priming=0 ready=2 decode_ms=8.9
[tick] act=2 int=2 priming=0 ready=2 decode_ms=8.8
[tick] act=2 int=2 priming=0 ready=2 decode_ms=8.9
[tick] act=2 int=2 priming=0 ready=2 decode_ms=8.9
[tick] act=2 int=2 priming=0 ready=2 decode_ms=8.9
[tick] act=2 int=2 priming=0 ready=2 decode_ms=8.9
[tick] act=2 int=2 priming=0 ready=2 decode_ms=8.9
[tick] act=2 int=2 priming=0 ready=2 decode_ms=8.9
[tick] act=2 int=2 priming=0 ready=2 decode_ms=8.9
[tick] act=2 int=2 priming=0 ready=2 decode_ms=8.9
[tick] act=2 int=2 priming=0 ready=2 decode_ms=8.9
[tick] act=2 int=2 priming=0 ready=2 decode_ms=8.9
[tick] act=2 int=2 priming=0 ready=2 decode_ms=8.9
[tick] act=2 int=2 priming=0 ready=2 decode_ms=8.9
[tick] act=2 int=2 priming=0 ready=2 decode_ms=8.9
[tick] act=2 int=2 priming=0 ready=2 decode_ms=8.9
[tick] act=2 int=2 priming=0 ready=2 decode_ms=8.9
[tick] act=2 int=2 priming=0 ready=2 decode_ms=8.9
[tick] act=2 int=2 priming=0 ready=2 decode_ms=8.9
[tick] act=2 int=2 priming=0 ready=2 decode_ms=8.9
[tick] act=2 int=2 priming=0 ready=2 decode_ms=8.9
[tick] act=2 int=2 priming=0 ready=2 decode_ms=8.9
[tick] act=2 int=2 priming=0 ready=2 decode_ms=8.9
[tick] act=2 int=2 priming=0 ready=2 decode_ms=8.9
[tick] act=2 int=2 priming=0 ready=2 decode_ms=8.9
[tick] act=2 int=2 priming=0 ready=2 decode_ms=8.9
[tick] act=2 int=2 priming=0 ready=2 decode_ms=8.9
[tick] act=2 int=2 priming=0 ready=2 decode_ms=8.9
[tick] act=2 int=2 priming=0 ready=2 decode_ms=8.9
[tick] act=2 int=2 priming=0 ready=2 decode_ms=8.9
[tick] act=2 int=2 priming=0 ready=2 decode_ms=8.9
[tick] act=2 int=2 priming=0 ready=2 decode_ms=8.9
[tick] act=2 int=2 priming=0 ready=2 decode_ms=8.9
[tick] act=2 int=2 priming=0 ready=2 decode_ms=8.9
[tick] act=2 int=2 priming=0 ready=2 decode_ms=8.9
[tick] act=2 int=2 priming=0 ready=2 decode_ms=8.9
[tick] act=2 int=2 priming=0 ready=2 decode_ms=8.9
[tick] act=2 int=2 priming=0 ready=2 decode_ms=8.9
[tick] act=2 int=2 priming=0 ready=2 decode_ms=8.9
[tick] act=2 int=2 priming=0 ready=2 decode_ms=8.9
[tick] act=2 int=2 priming=0 ready=2 decode_ms=8.9
[tick] act=2 int=2 priming=0 ready=2 decode_ms=8.9
[tick] act=2 int=2 priming=0 ready=2 decode_ms=8.9
[tick] act=2 int=2 priming=0 ready=2 decode_ms=8.9
[tick] act=2 int=2 priming=0 ready=2 decode_ms=8.9
[tick] act=2 int=2 priming=0 ready=2 decode_ms=8.9
[tick] act=2 int=2 priming=0 ready=2 decode_ms=8.9
[tick] act=2 int=2 priming=0 ready=2 decode_ms=8.9
[tick] act=2 int=2 priming=0 ready=2 decode_ms=8.9
[tick] act=2 int=2 priming=0 ready=2 decode_ms=8.9
[tick] act=2 int=2 priming=0 ready=2 decode_ms=8.9
[tick] act=2 int=2 priming=0 ready=2 decode_ms=8.9
[tick] act=2 int=2 priming=0 ready=2 decode_ms=8.9
[tick] act=2 int=2 priming=0 ready=2 decode_ms=8.9
[tick] act=2 int=2 priming=0 ready=2 decode_ms=8.9
[tick] act=2 int=2 priming=0 ready=2 decode_ms=8.9
[tick] act=2 int=2 priming=0 ready=2 decode_ms=8.9
[tick] act=2 int=2 priming=0 ready=2 decode_ms=8.9
[tick] act=2 int=2 priming=0 ready=2 decode_ms=8.9
[tick] act=2 int=2 priming=0 ready=2 decode_ms=8.9
[tick] act=2 int=2 priming=0 ready=2 decode_ms=8.9
[tick] act=2 int=2 priming=0 ready=2 decode_ms=8.9
[tick] act=2 int=2 priming=0 ready=2 decode_ms=8.9
[tick] act=2 int=2 priming=0 ready=2 decode_ms=8.9
[tick] act=2 int=2 priming=0 ready=2 decode_ms=8.9
[tick] act=2 int=2 priming=0 ready=2 decode_ms=8.9
[tick] act=2 int=2 priming=0 ready=2 decode_ms=8.9
[tick] act=2 int=2 priming=0 ready=2 decode_ms=8.9
[tick] act=2 int=2 priming=0 ready=2 decode_ms=8.9
[tick] act=2 int=2 priming=0 ready=2 decode_ms=8.9
[tick] act=2 int=2 priming=0 ready=2 decode_ms=8.9
[tick] act=2 int=2 priming=0 ready=2 decode_ms=8.9
[tick] act=2 int=2 priming=0 ready=2 decode_ms=8.9
[tick] act=2 int=2 priming=0 ready=2 decode_ms=8.9
[tick] act=2 int=2 priming=0 ready=2 decode_ms=8.9
[tick] act=2 int=2 priming=0 ready=2 decode_ms=8.9
[tick] act=2 int=2 priming=0 ready=2 decode_ms=8.9
[tick] act=2 int=2 priming=0 ready=2 decode_ms=8.9
[tick] act=2 int=2 priming=0 ready=2 decode_ms=8.9
[tick] act=2 int=2 priming=0 ready=2 decode_ms=8.9
[tick] act=2 int=2 priming=0 ready=2 decode_ms=8.9
[tick] act=2 int=2 priming=0 ready=2 decode_ms=8.8
[tick] act=2 int=2 priming=0 ready=2 decode_ms=8.7
[tick] act=2 int=2 priming=0 ready=2 decode_ms=8.8
[tick] act=2 int=2 priming=0 ready=2 decode_ms=8.9
[tick] act=2 int=2 priming=0 ready=2 decode_ms=8.9
[tick] act=2 int=2 priming=0 ready=2 decode_ms=8.9
[tick] act=2 int=2 priming=0 ready=2 decode_ms=8.9
[tick] act=2 int=2 priming=0 ready=2 decode_ms=8.9
[tick] act=2 int=2 priming=0 ready=2 decode_ms=8.9
[tick] act=2 int=2 priming=0 ready=2 decode_ms=8.9
[tick] act=2 int=2 priming=0 ready=2 decode_ms=8.9
[tick] act=2 int=2 priming=0 ready=2 decode_ms=8.9
[tick] act=2 int=2 priming=0 ready=2 decode_ms=8.9
[tick] act=2 int=2 priming=0 ready=2 decode_ms=8.9
[tick] act=2 int=2 priming=0 ready=2 decode_ms=8.9
[tick] act=2 int=2 priming=0 ready=2 decode_ms=8.9
[tick] act=2 int=2 priming=0 ready=2 decode_ms=8.9
[tick] act=2 int=2 priming=0 ready=2 decode_ms=8.9
[tick] act=2 int=2 priming=0 ready=2 decode_ms=8.9
[tick] act=2 int=2 priming=0 ready=2 decode_ms=8.9
[tick] act=2 int=2 priming=0 ready=2 decode_ms=8.9
[tick] act=2 int=2 priming=0 ready=2 decode_ms=8.9
[tick] act=2 int=2 priming=0 ready=2 decode_ms=8.9
[tick] act=2 int=2 priming=0 ready=2 decode_ms=8.9
[tick] act=2 int=2 priming=0 ready=2 decode_ms=9.0
[tick] act=2 int=2 priming=0 ready=2 decode_ms=8.9
[tick] act=2 int=2 priming=0 ready=2 decode_ms=8.9
[tick] act=2 int=2 priming=0 ready=2 decode_ms=8.9
[tick] act=2 int=2 priming=0 ready=2 decode_ms=8.9
[tick] act=2 int=2 priming=0 ready=2 decode_ms=8.9
[tick] act=2 int=2 priming=0 ready=2 decode_ms=8.9
[tick] act=2 int=2 priming=0 ready=2 decode_ms=8.9
[tick] act=2 int=2 priming=0 ready=2 decode_ms=8.9
[tick] act=2 int=2 priming=0 ready=2 decode_ms=9.0
[meter] admit id=chatcmpl-d0578efd7ca0f9dc9a6314a1296dc8dc tenant=default lane=interactive model="q9"
[tick] act=2 int=2 priming=0 ready=1 decode_ms=7.1
[prefix-cache] hit: 226 of 226 prompt tokens from cache (model q9)
[meter] admit id=chatcmpl-9ece144737d241fe1b5df7f4b07acecd tenant=default lane=interactive model="q9"
[tick] act=2 int=2 priming=0 ready=1 decode_ms=7.3
[prefix-cache] hit: 226 of 226 prompt tokens from cache (model q9)
[tick] act=2 int=2 priming=0 ready=2 decode_ms=9.1
[tick] act=2 int=2 priming=0 ready=2 decode_ms=8.8
[tick] act=2 int=2 priming=0 ready=2 decode_ms=8.8
[tick] act=2 int=2 priming=0 ready=2 decode_ms=8.8
[tick] act=2 int=2 priming=0 ready=2 decode_ms=8.8
[tick] act=2 int=2 priming=0 ready=2 decode_ms=8.9
[tick] act=2 int=2 priming=0 ready=2 decode_ms=8.9
[tick] act=2 int=2 priming=0 ready=2 decode_ms=8.8
[tick] act=2 int=2 priming=0 ready=2 decode_ms=8.9
[tick] act=2 int=2 priming=0 ready=2 decode_ms=8.9
[tick] act=2 int=2 priming=0 ready=2 decode_ms=8.9
[tick] act=2 int=2 priming=0 ready=2 decode_ms=8.9
[tick] act=2 int=2 priming=0 ready=2 decode_ms=8.9
[tick] act=2 int=2 priming=0 ready=2 decode_ms=8.9
[tick] act=2 int=2 priming=0 ready=2 decode_ms=8.9
[tick] act=2 int=2 priming=0 ready=2 decode_ms=8.9
[tick] act=2 int=2 priming=0 ready=2 decode_ms=8.9
[tick] act=2 int=2 priming=0 ready=2 decode_ms=8.9
[tick] act=2 int=2 priming=0 ready=2 decode_ms=8.9
[tick] act=2 int=2 priming=0 ready=2 decode_ms=8.9
[tick] act=2 int=2 priming=0 ready=2 decode_ms=8.9
[tick] act=2 int=2 priming=0 ready=2 decode_ms=8.9
[tick] act=2 int=2 priming=0 ready=2 decode_ms=8.9
[tick] act=2 int=2 priming=0 ready=2 decode_ms=8.9
[tick] act=2 int=2 priming=0 ready=2 decode_ms=8.9
[tick] act=2 int=2 priming=0 ready=2 decode_ms=8.9
[tick] act=2 int=2 priming=0 ready=2 decode_ms=8.9
[tick] act=2 int=2 priming=0 ready=2 decode_ms=8.9
[tick] act=2 int=2 priming=0 ready=2 decode_ms=8.9
[tick] act=2 int=2 priming=0 ready=2 decode_ms=8.9
[tick] act=2 int=2 priming=0 ready=2 decode_ms=8.9
[tick] act=2 int=2 priming=0 ready=2 decode_ms=8.9
[tick] act=2 int=2 priming=0 ready=2 decode_ms=8.9
[tick] act=2 int=2 priming=0 ready=2 decode_ms=8.9
[tick] act=2 int=2 priming=0 ready=2 decode_ms=8.9
[tick] act=2 int=2 priming=0 ready=2 decode_ms=8.9
[tick] act=2 int=2 priming=0 ready=2 decode_ms=8.9
[tick] act=2 int=2 priming=0 ready=2 decode_ms=8.9
[tick] act=2 int=2 priming=0 ready=2 decode_ms=8.9
[tick] act=2 int=2 priming=0 ready=2 decode_ms=8.9
[tick] act=2 int=2 priming=0 ready=2 decode_ms=8.9
[tick] act=2 int=2 priming=0 ready=2 decode_ms=8.9
[tick] act=2 int=2 priming=0 ready=2 decode_ms=8.9
[tick] act=2 int=2 priming=0 ready=2 decode_ms=8.9
[tick] act=2 int=2 priming=0 ready=2 decode_ms=8.9
[tick] act=2 int=2 priming=0 ready=2 decode_ms=8.9
[tick] act=2 int=2 priming=0 ready=2 decode_ms=8.9
[tick] act=2 int=2 priming=0 ready=2 decode_ms=8.9
[tick] act=2 int=2 priming=0 ready=2 decode_ms=8.9
[tick] act=2 int=2 priming=0 ready=2 decode_ms=8.9
[tick] act=2 int=2 priming=0 ready=2 decode_ms=8.9
[tick] act=2 int=2 priming=0 ready=2 decode_ms=8.9
[tick] act=2 int=2 priming=0 ready=2 decode_ms=8.9
[tick] act=2 int=2 priming=0 ready=2 decode_ms=8.9
[tick] act=2 int=2 priming=0 ready=2 decode_ms=8.9
[tick] act=2 int=2 priming=0 ready=2 decode_ms=8.9
[tick] act=2 int=2 priming=0 ready=2 decode_ms=8.9
[tick] act=2 int=2 priming=0 ready=2 decode_ms=8.9
[tick] act=2 int=2 priming=0 ready=2 decode_ms=8.9
[tick] act=2 int=2 priming=0 ready=2 decode_ms=8.9
[tick] act=2 int=2 priming=0 ready=2 decode_ms=8.9
[tick] act=2 int=2 priming=0 ready=2 decode_ms=8.9
[tick] act=2 int=2 priming=0 ready=2 decode_ms=8.9
[tick] act=2 int=2 priming=0 ready=2 decode_ms=8.9
[tick] act=2 int=2 priming=0 ready=2 decode_ms=8.9
[tick] act=2 int=2 priming=0 ready=2 decode_ms=8.9
[tick] act=2 int=2 priming=0 ready=2 decode_ms=8.9
[tick] act=2 int=2 priming=0 ready=2 decode_ms=8.9
[tick] act=2 int=2 priming=0 ready=2 decode_ms=8.9
[tick] act=2 int=2 priming=0 ready=2 decode_ms=8.9
[tick] act=2 int=2 priming=0 ready=2 decode_ms=8.9
[tick] act=2 int=2 priming=0 ready=2 decode_ms=8.9
[tick] act=2 int=2 priming=0 ready=2 decode_ms=8.9
[tick] act=2 int=2 priming=0 ready=2 decode_ms=8.9
[tick] act=2 int=2 priming=0 ready=2 decode_ms=8.9
[tick] act=2 int=2 priming=0 ready=2 decode_ms=8.9
[tick] act=2 int=2 priming=0 ready=2 decode_ms=8.9
[tick] act=2 int=2 priming=0 ready=2 decode_ms=8.9
[tick] act=2 int=2 priming=0 ready=2 decode_ms=8.9
[tick] act=2 int=2 priming=0 ready=2 decode_ms=8.9
[tick] act=2 int=2 priming=0 ready=2 decode_ms=8.9
[tick] act=2 int=2 priming=0 ready=2 decode_ms=8.9
[tick] act=2 int=2 priming=0 ready=2 decode_ms=8.9
[tick] act=2 int=2 priming=0 ready=2 decode_ms=8.9
[tick] act=2 int=2 priming=0 ready=2 decode_ms=8.9
[tick] act=2 int=2 priming=0 ready=2 decode_ms=8.9
[tick] act=2 int=2 priming=0 ready=2 decode_ms=8.9
[tick] act=2 int=2 priming=0 ready=2 decode_ms=8.9
[tick] act=2 int=2 priming=0 ready=2 decode_ms=8.9
[tick] act=2 int=2 priming=0 ready=2 decode_ms=8.9
[tick] act=2 int=2 priming=0 ready=2 decode_ms=8.9
[tick] act=2 int=2 priming=0 ready=2 decode_ms=8.9
[tick] act=2 int=2 priming=0 ready=2 decode_ms=8.9
[tick] act=2 int=2 priming=0 ready=2 decode_ms=8.9
[tick] act=2 int=2 priming=0 ready=2 decode_ms=8.9
[tick] act=2 int=2 priming=0 ready=2 decode_ms=8.9
[tick] act=2 int=2 priming=0 ready=2 decode_ms=8.9
[tick] act=2 int=2 priming=0 ready=2 decode_ms=8.9
[tick] act=2 int=2 priming=0 ready=2 decode_ms=8.9
[tick] act=2 int=2 priming=0 ready=2 decode_ms=8.9
[tick] act=2 int=2 priming=0 ready=2 decode_ms=8.9
[tick] act=2 int=2 priming=0 ready=2 decode_ms=8.9
[tick] act=2 int=2 priming=0 ready=2 decode_ms=8.9
[tick] act=2 int=2 priming=0 ready=2 decode_ms=8.9
[tick] act=2 int=2 priming=0 ready=2 decode_ms=8.9
[tick] act=2 int=2 priming=0 ready=2 decode_ms=8.9
[tick] act=2 int=2 priming=0 ready=2 decode_ms=8.9
[tick] act=2 int=2 priming=0 ready=2 decode_ms=8.9
[tick] act=2 int=2 priming=0 ready=2 decode_ms=8.9
[tick] act=2 int=2 priming=0 ready=2 decode_ms=8.9
[tick] act=2 int=2 priming=0 ready=2 decode_ms=8.9
[tick] act=2 int=2 priming=0 ready=2 decode_ms=8.9
[tick] act=2 int=2 priming=0 ready=2 decode_ms=8.9
[tick] act=2 int=2 priming=0 ready=2 decode_ms=8.9
[tick] act=2 int=2 priming=0 ready=2 decode_ms=8.9
[tick] act=2 int=2 priming=0 ready=2 decode_ms=8.9
[tick] act=2 int=2 priming=0 ready=2 decode_ms=8.9
[tick] act=2 int=2 priming=0 ready=2 decode_ms=8.9
[tick] act=2 int=2 priming=0 ready=2 decode_ms=8.9
[tick] act=2 int=2 priming=0 ready=2 decode_ms=8.9
[tick] act=2 int=2 priming=0 ready=2 decode_ms=8.9
[tick] act=2 int=2 priming=0 ready=2 decode_ms=8.9
[tick] act=2 int=2 priming=0 ready=2 decode_ms=8.9
[tick] act=2 int=2 priming=0 ready=2 decode_ms=8.9
[tick] act=2 int=2 priming=0 ready=2 decode_ms=8.9
[tick] act=2 int=2 priming=0 ready=2 decode_ms=8.9
[tick] act=2 int=2 priming=0 ready=2 decode_ms=8.9
[tick] act=2 int=2 priming=0 ready=1 decode_ms=7.1
[tick] act=1 int=1 priming=0 ready=0 decode_ms=0.0
[meter] admit id=chatcmpl-a98cad227d37111da422a821dd291108 tenant=default lane=interactive model="q9"
[prefix-cache] hit: 226 of 226 prompt tokens from cache (model q9)
[tick] act=1 int=1 priming=0 ready=1 decode_ms=7.1
[tick] act=1 int=1 priming=0 ready=1 decode_ms=6.8
[tick] act=1 int=1 priming=0 ready=1 decode_ms=6.8
[tick] act=1 int=1 priming=0 ready=1 decode_ms=6.8
[tick] act=1 int=1 priming=0 ready=1 decode_ms=7.0
[tick] act=1 int=1 priming=0 ready=1 decode_ms=7.0
[tick] act=1 int=1 priming=0 ready=1 decode_ms=7.0
[tick] act=1 int=1 priming=0 ready=1 decode_ms=7.0
[tick] act=1 int=1 priming=0 ready=1 decode_ms=7.0
[tick] act=1 int=1 priming=0 ready=1 decode_ms=7.0
[tick] act=1 int=1 priming=0 ready=1 decode_ms=7.0
[tick] act=1 int=1 priming=0 ready=1 decode_ms=7.0
[tick] act=1 int=1 priming=0 ready=1 decode_ms=7.0
[tick] act=1 int=1 priming=0 ready=1 decode_ms=7.1
[tick] act=1 int=1 priming=0 ready=1 decode_ms=7.0
[tick] act=1 int=1 priming=0 ready=1 decode_ms=7.1
[tick] act=1 int=1 priming=0 ready=0 decode_ms=0.0
[meter] admit id=chatcmpl-731bc3d5b0bd644923daa4b3c1cb433b tenant=default lane=interactive model="q9"
[meter] admit id=chatcmpl-22db0f3c33abe8e5c469a7f2aa8181d4 tenant=default lane=interactive model="q9"
[meter] admit id=chatcmpl-53c407defb338f2b8179860415beedef tenant=default lane=interactive model="q9"
[meter] admit id=chatcmpl-4422a12cb801dfcc149be5c2f2a519dd tenant=default lane=interactive model="q9"
[prefix-cache] hit: 226 of 226 prompt tokens from cache (model q9)
[prefix-cache] hit: 226 of 226 prompt tokens from cache (model q9)
[prefix-cache] hit: 226 of 226 prompt tokens from cache (model q9)
[prefix-cache] hit: 226 of 226 prompt tokens from cache (model q9)
[tick] act=4 int=4 priming=0 ready=4 decode_ms=10.9
[tick] act=4 int=4 priming=0 ready=4 decode_ms=9.6
[tick] act=4 int=4 priming=0 ready=4 decode_ms=9.9
[tick] act=4 int=4 priming=0 ready=4 decode_ms=10.1
[tick] act=4 int=4 priming=0 ready=4 decode_ms=10.2
[tick] act=4 int=4 priming=0 ready=4 decode_ms=10.2
[tick] act=4 int=4 priming=0 ready=4 decode_ms=10.2
[tick] act=4 int=4 priming=0 ready=4 decode_ms=10.2
[tick] act=4 int=4 priming=0 ready=4 decode_ms=10.3
[tick] act=4 int=4 priming=0 ready=4 decode_ms=10.3
[tick] act=4 int=4 priming=0 ready=4 decode_ms=10.2
[tick] act=4 int=4 priming=0 ready=4 decode_ms=10.3
[tick] act=4 int=4 priming=0 ready=4 decode_ms=10.2
[tick] act=4 int=4 priming=0 ready=4 decode_ms=10.2
[tick] act=4 int=4 priming=0 ready=4 decode_ms=10.2
[tick] act=4 int=4 priming=0 ready=4 decode_ms=10.2
[tick] act=4 int=4 priming=0 ready=4 decode_ms=10.2
[tick] act=4 int=4 priming=0 ready=4 decode_ms=10.3
[tick] act=4 int=4 priming=0 ready=4 decode_ms=10.3
[tick] act=4 int=4 priming=0 ready=4 decode_ms=10.3
[tick] act=4 int=4 priming=0 ready=4 decode_ms=10.3
[tick] act=4 int=4 priming=0 ready=4 decode_ms=10.3
[tick] act=4 int=4 priming=0 ready=4 decode_ms=10.2
[tick] act=4 int=4 priming=0 ready=4 decode_ms=10.2
[tick] act=4 int=4 priming=0 ready=4 decode_ms=10.3
[tick] act=4 int=4 priming=0 ready=4 decode_ms=10.3
[tick] act=4 int=4 priming=0 ready=4 decode_ms=10.3
[tick] act=4 int=4 priming=0 ready=4 decode_ms=10.3
[tick] act=4 int=4 priming=0 ready=4 decode_ms=10.2
[tick] act=4 int=4 priming=0 ready=4 decode_ms=10.2
[tick] act=4 int=4 priming=0 ready=4 decode_ms=10.3
[tick] act=4 int=4 priming=0 ready=4 decode_ms=10.3
[tick] act=4 int=4 priming=0 ready=4 decode_ms=10.3
[tick] act=4 int=4 priming=0 ready=4 decode_ms=10.3
[tick] act=4 int=4 priming=0 ready=4 decode_ms=10.2
[tick] act=4 int=4 priming=0 ready=4 decode_ms=10.3
[tick] act=4 int=4 priming=0 ready=4 decode_ms=10.3
[tick] act=4 int=4 priming=0 ready=4 decode_ms=10.3
[tick] act=4 int=4 priming=0 ready=4 decode_ms=10.2
[tick] act=4 int=4 priming=0 ready=4 decode_ms=10.3
[tick] act=4 int=4 priming=0 ready=4 decode_ms=10.3
[tick] act=4 int=4 priming=0 ready=4 decode_ms=10.3
[tick] act=4 int=4 priming=0 ready=4 decode_ms=10.2
[tick] act=4 int=4 priming=0 ready=4 decode_ms=10.3
[tick] act=4 int=4 priming=0 ready=4 decode_ms=11.0
[tick] act=4 int=4 priming=0 ready=4 decode_ms=10.2
[tick] act=4 int=4 priming=0 ready=4 decode_ms=10.2
[tick] act=4 int=4 priming=0 ready=4 decode_ms=10.2
[tick] act=4 int=4 priming=0 ready=4 decode_ms=10.2
[tick] act=4 int=4 priming=0 ready=4 decode_ms=10.2
[tick] act=4 int=4 priming=0 ready=4 decode_ms=10.2
[tick] act=4 int=4 priming=0 ready=4 decode_ms=10.2
[tick] act=4 int=4 priming=0 ready=4 decode_ms=10.2
[tick] act=4 int=4 priming=0 ready=4 decode_ms=10.2
[tick] act=4 int=4 priming=0 ready=4 decode_ms=10.2
[tick] act=4 int=4 priming=0 ready=4 decode_ms=10.2
[tick] act=4 int=4 priming=0 ready=4 decode_ms=10.2
[tick] act=4 int=4 priming=0 ready=4 decode_ms=10.2
[tick] act=4 int=4 priming=0 ready=4 decode_ms=10.2
[tick] act=4 int=4 priming=0 ready=4 decode_ms=10.2
[tick] act=4 int=4 priming=0 ready=4 decode_ms=10.3
[tick] act=4 int=4 priming=0 ready=4 decode_ms=10.2
[tick] act=4 int=4 priming=0 ready=4 decode_ms=10.2
[tick] act=4 int=4 priming=0 ready=4 decode_ms=10.2
[tick] act=4 int=4 priming=0 ready=4 decode_ms=10.2
[tick] act=4 int=4 priming=0 ready=4 decode_ms=10.2
[tick] act=4 int=4 priming=0 ready=4 decode_ms=10.2
[tick] act=4 int=4 priming=0 ready=4 decode_ms=10.2
[tick] act=4 int=4 priming=0 ready=4 decode_ms=10.2
[tick] act=4 int=4 priming=0 ready=4 decode_ms=10.2
[tick] act=4 int=4 priming=0 ready=4 decode_ms=10.2
[tick] act=4 int=4 priming=0 ready=4 decode_ms=10.2
[tick] act=4 int=4 priming=0 ready=4 decode_ms=10.2
[tick] act=4 int=4 priming=0 ready=4 decode_ms=10.2
[tick] act=4 int=4 priming=0 ready=4 decode_ms=10.2
[tick] act=4 int=4 priming=0 ready=4 decode_ms=10.3
[tick] act=4 int=4 priming=0 ready=4 decode_ms=10.2
[tick] act=4 int=4 priming=0 ready=4 decode_ms=10.2
[tick] act=4 int=4 priming=0 ready=4 decode_ms=10.2
[tick] act=4 int=4 priming=0 ready=4 decode_ms=10.2
[tick] act=4 int=4 priming=0 ready=4 decode_ms=10.2
[tick] act=4 int=4 priming=0 ready=4 decode_ms=10.2
[tick] act=4 int=4 priming=0 ready=4 decode_ms=10.2
[tick] act=4 int=4 priming=0 ready=4 decode_ms=10.2
[tick] act=4 int=4 priming=0 ready=4 decode_ms=10.3
[tick] act=4 int=4 priming=0 ready=4 decode_ms=10.2
[tick] act=4 int=4 priming=0 ready=4 decode_ms=10.3
[tick] act=4 int=4 priming=0 ready=4 decode_ms=10.3
[tick] act=4 int=4 priming=0 ready=4 decode_ms=10.3
[tick] act=4 int=4 priming=0 ready=4 decode_ms=10.2
[tick] act=4 int=4 priming=0 ready=4 decode_ms=10.2
[tick] act=4 int=4 priming=0 ready=4 decode_ms=10.2
[tick] act=4 int=4 priming=0 ready=4 decode_ms=10.2
[tick] act=4 int=4 priming=0 ready=4 decode_ms=10.2
[tick] act=4 int=4 priming=0 ready=4 decode_ms=10.3
[tick] act=4 int=4 priming=0 ready=4 decode_ms=10.3
[tick] act=4 int=4 priming=0 ready=4 decode_ms=10.3
[tick] act=4 int=4 priming=0 ready=4 decode_ms=10.3
[tick] act=4 int=4 priming=0 ready=4 decode_ms=10.3
[tick] act=4 int=4 priming=0 ready=4 decode_ms=10.3
[tick] act=4 int=4 priming=0 ready=4 decode_ms=10.3
[tick] act=4 int=4 priming=0 ready=4 decode_ms=10.3
[tick] act=4 int=4 priming=0 ready=4 decode_ms=10.3
[tick] act=4 int=4 priming=0 ready=4 decode_ms=10.3
[tick] act=4 int=4 priming=0 ready=4 decode_ms=10.3
[tick] act=4 int=4 priming=0 ready=4 decode_ms=10.3
[tick] act=4 int=4 priming=0 ready=4 decode_ms=10.3
[tick] act=4 int=4 priming=0 ready=4 decode_ms=10.3
[tick] act=4 int=4 priming=0 ready=4 decode_ms=10.3
[tick] act=4 int=4 priming=0 ready=4 decode_ms=10.2
[tick] act=4 int=4 priming=0 ready=4 decode_ms=10.2
[tick] act=4 int=4 priming=0 ready=4 decode_ms=10.2
[tick] act=4 int=4 priming=0 ready=4 decode_ms=10.3
[tick] act=4 int=4 priming=0 ready=4 decode_ms=10.2
[tick] act=4 int=4 priming=0 ready=4 decode_ms=10.2
[tick] act=4 int=4 priming=0 ready=4 decode_ms=10.2
[tick] act=4 int=4 priming=0 ready=4 decode_ms=10.2
[tick] act=4 int=4 priming=0 ready=4 decode_ms=10.3
[tick] act=4 int=4 priming=0 ready=4 decode_ms=10.3
[tick] act=4 int=4 priming=0 ready=4 decode_ms=10.3
[tick] act=4 int=4 priming=0 ready=4 decode_ms=10.3
[tick] act=4 int=4 priming=0 ready=4 decode_ms=10.2
[tick] act=4 int=4 priming=0 ready=4 decode_ms=10.2
[tick] act=4 int=4 priming=0 ready=4 decode_ms=10.2
[tick] act=4 int=4 priming=0 ready=4 decode_ms=10.3
[tick] act=4 int=4 priming=0 ready=4 decode_ms=10.2
[tick] act=4 int=4 priming=0 ready=4 decode_ms=10.2
[tick] act=4 int=4 priming=0 ready=4 decode_ms=10.2
[tick] act=4 int=4 priming=0 ready=0 decode_ms=0.0
[meter] admit id=chatcmpl-9af05a05d7c44b2ce51cccd0df40aa42 tenant=default lane=interactive model="q9"
[meter] admit id=chatcmpl-4ee8636c61c13ff9aedeecb1768ff9dd tenant=default lane=interactive model="q9"
[meter] admit id=chatcmpl-7e679455cdca56a5647c85f495df45a8 tenant=default lane=interactive model="q9"
[meter] admit id=chatcmpl-d2bac09016aac7d0c210423c9a6492ab tenant=default lane=interactive model="q9"
[prefix-cache] hit: 226 of 226 prompt tokens from cache (model q9)
[prefix-cache] hit: 226 of 226 prompt tokens from cache (model q9)
[prefix-cache] hit: 226 of 226 prompt tokens from cache (model q9)
[tick] act=3 int=3 priming=0 ready=3 decode_ms=10.2
[prefix-cache] hit: 226 of 226 prompt tokens from cache (model q9)
[tick] act=4 int=4 priming=0 ready=4 decode_ms=10.2
[tick] act=4 int=4 priming=0 ready=4 decode_ms=9.9
[tick] act=4 int=4 priming=0 ready=4 decode_ms=10.0
[tick] act=4 int=4 priming=0 ready=4 decode_ms=10.0
[tick] act=4 int=4 priming=0 ready=4 decode_ms=10.2
[tick] act=4 int=4 priming=0 ready=4 decode_ms=10.2
[tick] act=4 int=4 priming=0 ready=4 decode_ms=10.2
[tick] act=4 int=4 priming=0 ready=4 decode_ms=10.2
[tick] act=4 int=4 priming=0 ready=4 decode_ms=10.2
[tick] act=4 int=4 priming=0 ready=4 decode_ms=10.3
[tick] act=4 int=4 priming=0 ready=4 decode_ms=10.2
[tick] act=4 int=4 priming=0 ready=4 decode_ms=10.3
[tick] act=4 int=4 priming=0 ready=4 decode_ms=10.3
[tick] act=4 int=4 priming=0 ready=4 decode_ms=10.2
[tick] act=4 int=4 priming=0 ready=4 decode_ms=10.3
[tick] act=4 int=4 priming=0 ready=4 decode_ms=10.3
[tick] act=4 int=4 priming=0 ready=4 decode_ms=10.3
[tick] act=4 int=4 priming=0 ready=4 decode_ms=10.3
[tick] act=4 int=4 priming=0 ready=4 decode_ms=10.3
[tick] act=4 int=4 priming=0 ready=4 decode_ms=10.3
[tick] act=4 int=4 priming=0 ready=4 decode_ms=10.3
[tick] act=4 int=4 priming=0 ready=4 decode_ms=10.2
[tick] act=4 int=4 priming=0 ready=4 decode_ms=10.2
[tick] act=4 int=4 priming=0 ready=4 decode_ms=10.2
[tick] act=4 int=4 priming=0 ready=4 decode_ms=10.2
[tick] act=4 int=4 priming=0 ready=4 decode_ms=10.2
[tick] act=4 int=4 priming=0 ready=4 decode_ms=10.2
[tick] act=4 int=4 priming=0 ready=4 decode_ms=10.2
[tick] act=4 int=4 priming=0 ready=4 decode_ms=10.2
[tick] act=4 int=4 priming=0 ready=4 decode_ms=10.3
[tick] act=4 int=4 priming=0 ready=4 decode_ms=10.3
[tick] act=4 int=4 priming=0 ready=4 decode_ms=10.3
[tick] act=4 int=4 priming=0 ready=4 decode_ms=10.2
[tick] act=4 int=4 priming=0 ready=4 decode_ms=10.3
[tick] act=4 int=4 priming=0 ready=4 decode_ms=10.3
[tick] act=4 int=4 priming=0 ready=4 decode_ms=10.3
[tick] act=4 int=4 priming=0 ready=4 decode_ms=10.3
[tick] act=4 int=4 priming=0 ready=4 decode_ms=10.3
[tick] act=4 int=4 priming=0 ready=4 decode_ms=10.3
[tick] act=4 int=4 priming=0 ready=4 decode_ms=10.3
[tick] act=4 int=4 priming=0 ready=4 decode_ms=10.3
[tick] act=4 int=4 priming=0 ready=4 decode_ms=10.3
[tick] act=4 int=4 priming=0 ready=4 decode_ms=10.2
[tick] act=4 int=4 priming=0 ready=4 decode_ms=10.3
[tick] act=4 int=4 priming=0 ready=4 decode_ms=10.3
[tick] act=4 int=4 priming=0 ready=4 decode_ms=10.3
[tick] act=4 int=4 priming=0 ready=4 decode_ms=10.3
[tick] act=4 int=4 priming=0 ready=4 decode_ms=10.2
[tick] act=4 int=4 priming=0 ready=4 decode_ms=10.2
[tick] act=4 int=4 priming=0 ready=4 decode_ms=10.3
[tick] act=4 int=4 priming=0 ready=4 decode_ms=10.3
[tick] act=4 int=4 priming=0 ready=4 decode_ms=10.3
[tick] act=4 int=4 priming=0 ready=4 decode_ms=10.3
[tick] act=4 int=4 priming=0 ready=4 decode_ms=10.3
[tick] act=4 int=4 priming=0 ready=4 decode_ms=10.3
[tick] act=4 int=4 priming=0 ready=4 decode_ms=10.3
[tick] act=4 int=4 priming=0 ready=4 decode_ms=10.3
[tick] act=4 int=4 priming=0 ready=4 decode_ms=10.3
[tick] act=4 int=4 priming=0 ready=4 decode_ms=10.3
[tick] act=4 int=4 priming=0 ready=4 decode_ms=10.3
[tick] act=4 int=4 priming=0 ready=4 decode_ms=10.2
[tick] act=4 int=4 priming=0 ready=4 decode_ms=10.2
[tick] act=4 int=4 priming=0 ready=4 decode_ms=10.2
[tick] act=4 int=4 priming=0 ready=4 decode_ms=10.2
[tick] act=4 int=4 priming=0 ready=4 decode_ms=10.2
[tick] act=4 int=4 priming=0 ready=4 decode_ms=10.3
[tick] act=4 int=4 priming=0 ready=4 decode_ms=10.2
[tick] act=4 int=4 priming=0 ready=4 decode_ms=10.2
[tick] act=4 int=4 priming=0 ready=4 decode_ms=10.2
[tick] act=4 int=4 priming=0 ready=4 decode_ms=10.2
[tick] act=4 int=4 priming=0 ready=4 decode_ms=10.2
[tick] act=4 int=4 priming=0 ready=4 decode_ms=10.2
[tick] act=4 int=4 priming=0 ready=4 decode_ms=10.3
[tick] act=4 int=4 priming=0 ready=4 decode_ms=10.3
[tick] act=4 int=4 priming=0 ready=4 decode_ms=10.2
[tick] act=4 int=4 priming=0 ready=4 decode_ms=10.2
[tick] act=4 int=4 priming=0 ready=4 decode_ms=10.2
[tick] act=4 int=4 priming=0 ready=4 decode_ms=10.3
[tick] act=4 int=4 priming=0 ready=4 decode_ms=10.2
[tick] act=4 int=4 priming=0 ready=4 decode_ms=10.2
[tick] act=4 int=4 priming=0 ready=4 decode_ms=10.3
[tick] act=4 int=4 priming=0 ready=4 decode_ms=10.3
[tick] act=4 int=4 priming=0 ready=4 decode_ms=10.2
[tick] act=4 int=4 priming=0 ready=4 decode_ms=10.2
[tick] act=4 int=4 priming=0 ready=4 decode_ms=10.2
[tick] act=4 int=4 priming=0 ready=4 decode_ms=10.2
[tick] act=4 int=4 priming=0 ready=4 decode_ms=10.2
[tick] act=4 int=4 priming=0 ready=4 decode_ms=10.2
[tick] act=4 int=4 priming=0 ready=4 decode_ms=10.3
[tick] act=4 int=4 priming=0 ready=4 decode_ms=10.3
[tick] act=4 int=4 priming=0 ready=4 decode_ms=10.2
[tick] act=4 int=4 priming=0 ready=4 decode_ms=10.2
[tick] act=4 int=4 priming=0 ready=4 decode_ms=10.2
[tick] act=4 int=4 priming=0 ready=4 decode_ms=10.2
[tick] act=4 int=4 priming=0 ready=4 decode_ms=10.2
[tick] act=4 int=4 priming=0 ready=4 decode_ms=10.3
[tick] act=4 int=4 priming=0 ready=4 decode_ms=10.3
[tick] act=4 int=4 priming=0 ready=4 decode_ms=10.2
[tick] act=4 int=4 priming=0 ready=4 decode_ms=10.2
[tick] act=4 int=4 priming=0 ready=4 decode_ms=10.2
[tick] act=4 int=4 priming=0 ready=4 decode_ms=10.3
[tick] act=4 int=4 priming=0 ready=4 decode_ms=10.2
[tick] act=4 int=4 priming=0 ready=4 decode_ms=10.2
[tick] act=4 int=4 priming=0 ready=4 decode_ms=10.2
[tick] act=4 int=4 priming=0 ready=4 decode_ms=10.2
[tick] act=4 int=4 priming=0 ready=4 decode_ms=10.3
[tick] act=4 int=4 priming=0 ready=4 decode_ms=10.3
[tick] act=4 int=4 priming=0 ready=4 decode_ms=10.3
[tick] act=4 int=4 priming=0 ready=4 decode_ms=10.2
[tick] act=4 int=4 priming=0 ready=4 decode_ms=10.2
[tick] act=4 int=4 priming=0 ready=4 decode_ms=10.2
[tick] act=4 int=4 priming=0 ready=4 decode_ms=10.3
[tick] act=4 int=4 priming=0 ready=4 decode_ms=10.3
[tick] act=4 int=4 priming=0 ready=4 decode_ms=10.3
[tick] act=4 int=4 priming=0 ready=4 decode_ms=10.3
[tick] act=4 int=4 priming=0 ready=4 decode_ms=10.3
[tick] act=4 int=4 priming=0 ready=4 decode_ms=10.2
[tick] act=4 int=4 priming=0 ready=4 decode_ms=10.2
[tick] act=4 int=4 priming=0 ready=4 decode_ms=10.2
[tick] act=4 int=4 priming=0 ready=4 decode_ms=10.2
[tick] act=4 int=4 priming=0 ready=4 decode_ms=10.2
[tick] act=4 int=4 priming=0 ready=4 decode_ms=10.3
[tick] act=4 int=4 priming=0 ready=4 decode_ms=10.3
[tick] act=4 int=4 priming=0 ready=4 decode_ms=10.2
[tick] act=4 int=4 priming=0 ready=4 decode_ms=10.2
[tick] act=4 int=4 priming=0 ready=4 decode_ms=10.2
[tick] act=4 int=4 priming=0 ready=4 decode_ms=10.2
[meter] admit id=chatcmpl-88087e4be68f5a06885bd10d9e6518a9 tenant=default lane=interactive model="q9"
[meter] admit id=chatcmpl-11b6534f2248861e4bb78891d0ea0b5c tenant=default lane=interactive model="q9"
[meter] admit id=chatcmpl-2433fbffb4e8686b927e83c271a70960 tenant=default lane=interactive model="q9"
[tick] act=4 int=4 priming=0 ready=1 decode_ms=7.1
[prefix-cache] hit: 226 of 226 prompt tokens from cache (model q9)
[prefix-cache] hit: 226 of 226 prompt tokens from cache (model q9)
[prefix-cache] hit: 226 of 226 prompt tokens from cache (model q9)
[meter] admit id=chatcmpl-d23f00c209bb0f6120a92b3e8156e74b tenant=default lane=interactive model="q9"
[tick] act=4 int=4 priming=0 ready=3 decode_ms=10.1
[prefix-cache] hit: 226 of 226 prompt tokens from cache (model q9)
[tick] act=4 int=4 priming=0 ready=4 decode_ms=10.2
[tick] act=4 int=4 priming=0 ready=4 decode_ms=10.0
[tick] act=4 int=4 priming=0 ready=4 decode_ms=10.0
[tick] act=4 int=4 priming=0 ready=4 decode_ms=10.1
[tick] act=4 int=4 priming=0 ready=4 decode_ms=10.2
[tick] act=4 int=4 priming=0 ready=4 decode_ms=10.2
[tick] act=4 int=4 priming=0 ready=4 decode_ms=10.2
[tick] act=4 int=4 priming=0 ready=4 decode_ms=10.2
[tick] act=4 int=4 priming=0 ready=4 decode_ms=10.3
[tick] act=4 int=4 priming=0 ready=4 decode_ms=10.2
[tick] act=4 int=4 priming=0 ready=4 decode_ms=10.2
[tick] act=4 int=4 priming=0 ready=4 decode_ms=10.2
[tick] act=4 int=4 priming=0 ready=4 decode_ms=10.2
[tick] act=4 int=4 priming=0 ready=4 decode_ms=10.2
[tick] act=4 int=4 priming=0 ready=4 decode_ms=10.2
[tick] act=4 int=4 priming=0 ready=4 decode_ms=10.2
[tick] act=4 int=4 priming=0 ready=4 decode_ms=10.2
[tick] act=4 int=4 priming=0 ready=4 decode_ms=10.2
[tick] act=4 int=4 priming=0 ready=4 decode_ms=10.2
[tick] act=4 int=4 priming=0 ready=4 decode_ms=10.2
[tick] act=4 int=4 priming=0 ready=4 decode_ms=10.2
[tick] act=4 int=4 priming=0 ready=4 decode_ms=10.2
[tick] act=4 int=4 priming=0 ready=4 decode_ms=10.2
[tick] act=4 int=4 priming=0 ready=4 decode_ms=10.3
[tick] act=4 int=4 priming=0 ready=4 decode_ms=10.3
[tick] act=4 int=4 priming=0 ready=4 decode_ms=10.2
[tick] act=4 int=4 priming=0 ready=4 decode_ms=10.2
[tick] act=4 int=4 priming=0 ready=4 decode_ms=10.2
[tick] act=4 int=4 priming=0 ready=4 decode_ms=10.2
[tick] act=4 int=4 priming=0 ready=4 decode_ms=10.3
[tick] act=4 int=4 priming=0 ready=4 decode_ms=10.2
[tick] act=4 int=4 priming=0 ready=4 decode_ms=10.2
[tick] act=4 int=4 priming=0 ready=4 decode_ms=10.2
[tick] act=4 int=4 priming=0 ready=4 decode_ms=10.2
[tick] act=4 int=4 priming=0 ready=4 decode_ms=10.2
[tick] act=4 int=4 priming=0 ready=4 decode_ms=10.2
[tick] act=4 int=4 priming=0 ready=4 decode_ms=10.2
[tick] act=4 int=4 priming=0 ready=4 decode_ms=10.2
[tick] act=4 int=4 priming=0 ready=4 decode_ms=10.2
[tick] act=4 int=4 priming=0 ready=4 decode_ms=10.2
[tick] act=4 int=4 priming=0 ready=4 decode_ms=10.2
[tick] act=4 int=4 priming=0 ready=4 decode_ms=10.3
[tick] act=4 int=4 priming=0 ready=4 decode_ms=10.2
[tick] act=4 int=4 priming=0 ready=4 decode_ms=10.2
[tick] act=4 int=4 priming=0 ready=4 decode_ms=10.2
[tick] act=4 int=4 priming=0 ready=4 decode_ms=10.3
[tick] act=4 int=4 priming=0 ready=4 decode_ms=10.3
[tick] act=4 int=4 priming=0 ready=4 decode_ms=10.3
[tick] act=4 int=4 priming=0 ready=4 decode_ms=10.3
[tick] act=4 int=4 priming=0 ready=4 decode_ms=10.2
[tick] act=4 int=4 priming=0 ready=4 decode_ms=10.2
[tick] act=4 int=4 priming=0 ready=4 decode_ms=10.3
[tick] act=4 int=4 priming=0 ready=4 decode_ms=10.2
[tick] act=4 int=4 priming=0 ready=4 decode_ms=10.2
[tick] act=4 int=4 priming=0 ready=4 decode_ms=10.2
[tick] act=4 int=4 priming=0 ready=4 decode_ms=10.2
[tick] act=4 int=4 priming=0 ready=4 decode_ms=10.2
[tick] act=4 int=4 priming=0 ready=4 decode_ms=10.2
[tick] act=4 int=4 priming=0 ready=4 decode_ms=10.2
[tick] act=4 int=4 priming=0 ready=4 decode_ms=10.2
[tick] act=4 int=4 priming=0 ready=4 decode_ms=10.2
[tick] act=4 int=4 priming=0 ready=4 decode_ms=10.2
[tick] act=4 int=4 priming=0 ready=4 decode_ms=10.2
[tick] act=4 int=4 priming=0 ready=4 decode_ms=10.2
[tick] act=4 int=4 priming=0 ready=4 decode_ms=10.2
[tick] act=4 int=4 priming=0 ready=4 decode_ms=10.2
[tick] act=4 int=4 priming=0 ready=4 decode_ms=10.2
[tick] act=4 int=4 priming=0 ready=4 decode_ms=10.2
[tick] act=4 int=4 priming=0 ready=4 decode_ms=10.2
[tick] act=4 int=4 priming=0 ready=4 decode_ms=10.2
[tick] act=4 int=4 priming=0 ready=4 decode_ms=10.0
[tick] act=4 int=4 priming=0 ready=4 decode_ms=10.1
[tick] act=4 int=4 priming=0 ready=4 decode_ms=10.2
[tick] act=4 int=4 priming=0 ready=4 decode_ms=10.2
[tick] act=4 int=4 priming=0 ready=4 decode_ms=10.2
[tick] act=4 int=4 priming=0 ready=4 decode_ms=10.2
[tick] act=4 int=4 priming=0 ready=4 decode_ms=10.2
[tick] act=4 int=4 priming=0 ready=4 decode_ms=10.2
[tick] act=4 int=4 priming=0 ready=4 decode_ms=10.2
[tick] act=4 int=4 priming=0 ready=4 decode_ms=10.2
[tick] act=4 int=4 priming=0 ready=4 decode_ms=10.2
[tick] act=4 int=4 priming=0 ready=4 decode_ms=10.2
[tick] act=4 int=4 priming=0 ready=4 decode_ms=10.2
[tick] act=4 int=4 priming=0 ready=4 decode_ms=10.2
[tick] act=4 int=4 priming=0 ready=4 decode_ms=10.2
[tick] act=4 int=4 priming=0 ready=4 decode_ms=10.2
[tick] act=4 int=4 priming=0 ready=4 decode_ms=10.2
[tick] act=4 int=4 priming=0 ready=4 decode_ms=10.3
[tick] act=4 int=4 priming=0 ready=4 decode_ms=10.3
[tick] act=4 int=4 priming=0 ready=4 decode_ms=10.2
[tick] act=4 int=4 priming=0 ready=4 decode_ms=10.2
[tick] act=4 int=4 priming=0 ready=4 decode_ms=10.3
[tick] act=4 int=4 priming=0 ready=4 decode_ms=10.4
[tick] act=4 int=4 priming=0 ready=4 decode_ms=10.2
[tick] act=4 int=4 priming=0 ready=4 decode_ms=10.2
[tick] act=4 int=4 priming=0 ready=4 decode_ms=10.2
[tick] act=4 int=4 priming=0 ready=4 decode_ms=10.3
[tick] act=4 int=4 priming=0 ready=4 decode_ms=10.2
[tick] act=4 int=4 priming=0 ready=4 decode_ms=10.2
[tick] act=4 int=4 priming=0 ready=4 decode_ms=10.3
[tick] act=4 int=4 priming=0 ready=4 decode_ms=10.3
[tick] act=4 int=4 priming=0 ready=4 decode_ms=10.3
[tick] act=4 int=4 priming=0 ready=4 decode_ms=10.3
[tick] act=4 int=4 priming=0 ready=4 decode_ms=10.3
[tick] act=4 int=4 priming=0 ready=4 decode_ms=10.3
[tick] act=4 int=4 priming=0 ready=4 decode_ms=10.3
[tick] act=4 int=4 priming=0 ready=4 decode_ms=10.2
[tick] act=4 int=4 priming=0 ready=4 decode_ms=10.2
[tick] act=4 int=4 priming=0 ready=4 decode_ms=10.3
[tick] act=4 int=4 priming=0 ready=4 decode_ms=10.3
[tick] act=4 int=4 priming=0 ready=4 decode_ms=10.3
[tick] act=4 int=4 priming=0 ready=4 decode_ms=10.3
[tick] act=4 int=4 priming=0 ready=4 decode_ms=10.3
[tick] act=4 int=4 priming=0 ready=4 decode_ms=10.2
[tick] act=4 int=4 priming=0 ready=4 decode_ms=10.2
[tick] act=4 int=4 priming=0 ready=4 decode_ms=10.2
[tick] act=4 int=4 priming=0 ready=4 decode_ms=10.2
[tick] act=4 int=4 priming=0 ready=4 decode_ms=10.2
[tick] act=4 int=4 priming=0 ready=4 decode_ms=10.3
[tick] act=4 int=4 priming=0 ready=4 decode_ms=10.3
[tick] act=4 int=4 priming=0 ready=4 decode_ms=10.2
[tick] act=4 int=4 priming=0 ready=4 decode_ms=10.2
[tick] act=4 int=4 priming=0 ready=4 decode_ms=10.3
[tick] act=4 int=4 priming=0 ready=4 decode_ms=10.3
[tick] act=4 int=4 priming=0 ready=4 decode_ms=10.2
[tick] act=4 int=4 priming=0 ready=4 decode_ms=10.2
[tick] act=4 int=4 priming=0 ready=4 decode_ms=10.3
[meter] admit id=chatcmpl-d9cdbda6b5270090ae5f15a9c0710997 tenant=default lane=interactive model="q9"
[meter] admit id=chatcmpl-88a63b5bdc2cf50060501b4ad9a66915 tenant=default lane=interactive model="q9"
[meter] admit id=chatcmpl-667e7bed7207b6ba47c60683c5bcbcb5 tenant=default lane=interactive model="q9"
[tick] act=4 int=4 priming=0 ready=1 decode_ms=7.2
[prefix-cache] hit: 226 of 226 prompt tokens from cache (model q9)
[prefix-cache] hit: 226 of 226 prompt tokens from cache (model q9)
[prefix-cache] hit: 226 of 226 prompt tokens from cache (model q9)
[meter] admit id=chatcmpl-eb99203afff3cd6b5641d4661b8857e8 tenant=default lane=interactive model="q9"
[tick] act=4 int=4 priming=0 ready=3 decode_ms=10.2
[prefix-cache] hit: 226 of 226 prompt tokens from cache (model q9)
[tick] act=4 int=4 priming=0 ready=4 decode_ms=10.4
[tick] act=4 int=4 priming=0 ready=4 decode_ms=9.9
[tick] act=4 int=4 priming=0 ready=4 decode_ms=9.9
[tick] act=4 int=4 priming=0 ready=4 decode_ms=10.2
[tick] act=4 int=4 priming=0 ready=4 decode_ms=10.2
[tick] act=4 int=4 priming=0 ready=4 decode_ms=10.2
[tick] act=4 int=4 priming=0 ready=4 decode_ms=10.2
[tick] act=4 int=4 priming=0 ready=4 decode_ms=10.3
[tick] act=4 int=4 priming=0 ready=4 decode_ms=10.2
[tick] act=4 int=4 priming=0 ready=4 decode_ms=10.2
[tick] act=4 int=4 priming=0 ready=4 decode_ms=10.2
[tick] act=4 int=4 priming=0 ready=4 decode_ms=10.3
[tick] act=4 int=4 priming=0 ready=4 decode_ms=10.2
[tick] act=4 int=4 priming=0 ready=4 decode_ms=10.2
[tick] act=4 int=4 priming=0 ready=4 decode_ms=10.3
[tick] act=4 int=4 priming=0 ready=4 decode_ms=10.3
[tick] act=4 int=4 priming=0 ready=4 decode_ms=10.3
[tick] act=4 int=4 priming=0 ready=4 decode_ms=10.3
[tick] act=4 int=4 priming=0 ready=4 decode_ms=10.3
[tick] act=4 int=4 priming=0 ready=4 decode_ms=10.3
[tick] act=4 int=4 priming=0 ready=4 decode_ms=10.3
[tick] act=4 int=4 priming=0 ready=4 decode_ms=10.2
[tick] act=4 int=4 priming=0 ready=4 decode_ms=10.2
[tick] act=4 int=4 priming=0 ready=4 decode_ms=10.2
[tick] act=4 int=4 priming=0 ready=4 decode_ms=10.2
[tick] act=4 int=4 priming=0 ready=4 decode_ms=10.2
[tick] act=4 int=4 priming=0 ready=4 decode_ms=10.2
[tick] act=4 int=4 priming=0 ready=4 decode_ms=10.2
[tick] act=4 int=4 priming=0 ready=4 decode_ms=10.2
[tick] act=4 int=4 priming=0 ready=4 decode_ms=10.2
[tick] act=4 int=4 priming=0 ready=4 decode_ms=10.2
[tick] act=4 int=4 priming=0 ready=4 decode_ms=10.2
[tick] act=4 int=4 priming=0 ready=4 decode_ms=10.2
[tick] act=4 int=4 priming=0 ready=4 decode_ms=10.2
[tick] act=4 int=4 priming=0 ready=4 decode_ms=10.3
[tick] act=4 int=4 priming=0 ready=4 decode_ms=10.3
[tick] act=4 int=4 priming=0 ready=4 decode_ms=10.3
[tick] act=4 int=4 priming=0 ready=4 decode_ms=10.3
[tick] act=4 int=4 priming=0 ready=4 decode_ms=10.2
[tick] act=4 int=4 priming=0 ready=4 decode_ms=10.2
[tick] act=4 int=4 priming=0 ready=4 decode_ms=10.3
[tick] act=4 int=4 priming=0 ready=4 decode_ms=10.3
[tick] act=4 int=4 priming=0 ready=4 decode_ms=10.3
[tick] act=4 int=4 priming=0 ready=4 decode_ms=10.3
[tick] act=4 int=4 priming=0 ready=4 decode_ms=10.3
[tick] act=4 int=4 priming=0 ready=4 decode_ms=10.3
[tick] act=4 int=4 priming=0 ready=4 decode_ms=10.3
[tick] act=4 int=4 priming=0 ready=4 decode_ms=10.3
[tick] act=4 int=4 priming=0 ready=4 decode_ms=10.3
[tick] act=4 int=4 priming=0 ready=4 decode_ms=10.3
[tick] act=4 int=4 priming=0 ready=4 decode_ms=10.3
[tick] act=4 int=4 priming=0 ready=4 decode_ms=10.3
[tick] act=4 int=4 priming=0 ready=4 decode_ms=10.3
[tick] act=4 int=4 priming=0 ready=4 decode_ms=10.3
[tick] act=4 int=4 priming=0 ready=4 decode_ms=10.3
[tick] act=4 int=4 priming=0 ready=4 decode_ms=10.3
[tick] act=4 int=4 priming=0 ready=4 decode_ms=10.2
[tick] act=4 int=4 priming=0 ready=4 decode_ms=10.3
[tick] act=4 int=4 priming=0 ready=4 decode_ms=10.3
[tick] act=4 int=4 priming=0 ready=4 decode_ms=10.3
[tick] act=4 int=4 priming=0 ready=4 decode_ms=10.3
[tick] act=4 int=4 priming=0 ready=4 decode_ms=10.2
[tick] act=4 int=4 priming=0 ready=4 decode_ms=10.2
[tick] act=4 int=4 priming=0 ready=4 decode_ms=10.2
[tick] act=4 int=4 priming=0 ready=4 decode_ms=10.2
[tick] act=4 int=4 priming=0 ready=4 decode_ms=10.2
[tick] act=4 int=4 priming=0 ready=4 decode_ms=10.2
[tick] act=4 int=4 priming=0 ready=4 decode_ms=10.2
[tick] act=4 int=4 priming=0 ready=4 decode_ms=10.2
[tick] act=4 int=4 priming=0 ready=4 decode_ms=10.2
[tick] act=4 int=4 priming=0 ready=4 decode_ms=10.2
[tick] act=4 int=4 priming=0 ready=4 decode_ms=10.2
[tick] act=4 int=4 priming=0 ready=4 decode_ms=10.2
[tick] act=4 int=4 priming=0 ready=4 decode_ms=10.3
[tick] act=4 int=4 priming=0 ready=4 decode_ms=10.3
[tick] act=4 int=4 priming=0 ready=4 decode_ms=10.2
[tick] act=4 int=4 priming=0 ready=4 decode_ms=10.2
[tick] act=4 int=4 priming=0 ready=4 decode_ms=10.2
[tick] act=4 int=4 priming=0 ready=4 decode_ms=10.2
[tick] act=4 int=4 priming=0 ready=4 decode_ms=10.2
[tick] act=4 int=4 priming=0 ready=4 decode_ms=10.2
[tick] act=4 int=4 priming=0 ready=4 decode_ms=10.2
[tick] act=4 int=4 priming=0 ready=4 decode_ms=10.2
[tick] act=4 int=4 priming=0 ready=4 decode_ms=10.2
[tick] act=4 int=4 priming=0 ready=4 decode_ms=10.2
[tick] act=4 int=4 priming=0 ready=4 decode_ms=10.2
[tick] act=4 int=4 priming=0 ready=4 decode_ms=10.2
[tick] act=4 int=4 priming=0 ready=4 decode_ms=10.2
[tick] act=4 int=4 priming=0 ready=4 decode_ms=10.2
[tick] act=4 int=4 priming=0 ready=4 decode_ms=10.2
[tick] act=4 int=4 priming=0 ready=4 decode_ms=10.2
[tick] act=4 int=4 priming=0 ready=4 decode_ms=10.2
[tick] act=4 int=4 priming=0 ready=4 decode_ms=10.2
[tick] act=4 int=4 priming=0 ready=4 decode_ms=10.2
[tick] act=4 int=4 priming=0 ready=4 decode_ms=10.2
[tick] act=4 int=4 priming=0 ready=4 decode_ms=10.2
[tick] act=4 int=4 priming=0 ready=4 decode_ms=10.2
[tick] act=4 int=4 priming=0 ready=4 decode_ms=10.2
[tick] act=4 int=4 priming=0 ready=4 decode_ms=10.2
[tick] act=4 int=4 priming=0 ready=4 decode_ms=10.2
[tick] act=4 int=4 priming=0 ready=4 decode_ms=10.2
[tick] act=4 int=4 priming=0 ready=4 decode_ms=10.2
[tick] act=4 int=4 priming=0 ready=4 decode_ms=10.2
[tick] act=4 int=4 priming=0 ready=4 decode_ms=10.2
[tick] act=4 int=4 priming=0 ready=4 decode_ms=10.2
[tick] act=4 int=4 priming=0 ready=4 decode_ms=10.2
[tick] act=4 int=4 priming=0 ready=4 decode_ms=10.2
[tick] act=4 int=4 priming=0 ready=4 decode_ms=10.2
[tick] act=4 int=4 priming=0 ready=4 decode_ms=10.3
[tick] act=4 int=4 priming=0 ready=4 decode_ms=10.3
[tick] act=4 int=4 priming=0 ready=4 decode_ms=10.3
[tick] act=4 int=4 priming=0 ready=4 decode_ms=10.2
[tick] act=4 int=4 priming=0 ready=4 decode_ms=10.3
[tick] act=4 int=4 priming=0 ready=4 decode_ms=10.2
[tick] act=4 int=4 priming=0 ready=4 decode_ms=10.3
[tick] act=4 int=4 priming=0 ready=4 decode_ms=10.3
[tick] act=4 int=4 priming=0 ready=4 decode_ms=10.2
[tick] act=4 int=4 priming=0 ready=4 decode_ms=10.2
[tick] act=4 int=4 priming=0 ready=4 decode_ms=10.2
[tick] act=4 int=4 priming=0 ready=4 decode_ms=10.3
[tick] act=4 int=4 priming=0 ready=4 decode_ms=10.3
[tick] act=4 int=4 priming=0 ready=4 decode_ms=10.2
[tick] act=4 int=4 priming=0 ready=4 decode_ms=10.2
[tick] act=4 int=4 priming=0 ready=4 decode_ms=10.2
[tick] act=4 int=4 priming=0 ready=4 decode_ms=10.2
[tick] act=4 int=4 priming=0 ready=4 decode_ms=10.3
[tick] act=4 int=4 priming=0 ready=4 decode_ms=10.3
[tick] act=4 int=4 priming=0 ready=1 decode_ms=7.1
[tick] act=1 int=1 priming=0 ready=0 decode_ms=0.0
[meter] admit id=chatcmpl-90331947a1f0f0f9aa5719407f7d289f tenant=default lane=interactive model="q9"
[prefix-cache] hit: 226 of 226 prompt tokens from cache (model q9)
[tick] act=1 int=1 priming=0 ready=1 decode_ms=7.1
[tick] act=1 int=1 priming=0 ready=1 decode_ms=6.8
[tick] act=1 int=1 priming=0 ready=1 decode_ms=6.8
[tick] act=1 int=1 priming=0 ready=1 decode_ms=6.9
[tick] act=1 int=1 priming=0 ready=1 decode_ms=7.0
[tick] act=1 int=1 priming=0 ready=1 decode_ms=6.9
[tick] act=1 int=1 priming=0 ready=1 decode_ms=7.0
[tick] act=1 int=1 priming=0 ready=1 decode_ms=7.0
[tick] act=1 int=1 priming=0 ready=1 decode_ms=7.0
[tick] act=1 int=1 priming=0 ready=1 decode_ms=7.1
[tick] act=1 int=1 priming=0 ready=1 decode_ms=7.1
[tick] act=1 int=1 priming=0 ready=1 decode_ms=7.1
[tick] act=1 int=1 priming=0 ready=1 decode_ms=7.1
[tick] act=1 int=1 priming=0 ready=1 decode_ms=7.1
[tick] act=1 int=1 priming=0 ready=1 decode_ms=7.1
[tick] act=1 int=1 priming=0 ready=1 decode_ms=7.1
[tick] act=1 int=1 priming=0 ready=0 decode_ms=0.0
[meter] admit id=chatcmpl-7085868e8f97ed88b3593c08a3edfa6a tenant=default lane=interactive model="q9"
[meter] admit id=chatcmpl-6a350425ed236a585abdb42b6467bcef tenant=default lane=interactive model="q9"
[meter] admit id=chatcmpl-e85a712ac363d81db7c42940508e3b31 tenant=default lane=interactive model="q9"
[meter] admit id=chatcmpl-32051d3a169d8f2021af2c23d74b022f tenant=default lane=interactive model="q9"
[meter] admit id=chatcmpl-d3efa562bf81ba7fbb460d652be0f8b2 tenant=default lane=interactive model="q9"
[meter] admit id=chatcmpl-17d2098d65595fe0f11ccfc23ac0a764 tenant=default lane=interactive model="q9"
[meter] admit id=chatcmpl-100bae049b256cadfd5891593c1208ca tenant=default lane=interactive model="q9"
[meter] admit id=chatcmpl-b54313a730890b987fb5c5505282d430 tenant=default lane=interactive model="q9"
[prefix-cache] hit: 226 of 226 prompt tokens from cache (model q9)
[prefix-cache] hit: 226 of 226 prompt tokens from cache (model q9)
[prefix-cache] hit: 226 of 226 prompt tokens from cache (model q9)
[tick] act=3 int=3 priming=0 ready=3 decode_ms=10.1
[prefix-cache] hit: 226 of 226 prompt tokens from cache (model q9)
[prefix-cache] hit: 226 of 226 prompt tokens from cache (model q9)
[prefix-cache] hit: 226 of 226 prompt tokens from cache (model q9)
[prefix-cache] hit: 226 of 226 prompt tokens from cache (model q9)
[prefix-cache] hit: 226 of 226 prompt tokens from cache (model q9)
[tick] act=8 int=8 priming=0 ready=8 decode_ms=15.7
[tick] act=8 int=8 priming=0 ready=8 decode_ms=14.3
[tick] act=8 int=8 priming=0 ready=8 decode_ms=14.7
[tick] act=8 int=8 priming=0 ready=8 decode_ms=14.9
[tick] act=8 int=8 priming=0 ready=8 decode_ms=15.0
[tick] act=8 int=8 priming=0 ready=8 decode_ms=15.0
[tick] act=8 int=8 priming=0 ready=8 decode_ms=15.0
[tick] act=8 int=8 priming=0 ready=8 decode_ms=15.0
[tick] act=8 int=8 priming=0 ready=8 decode_ms=15.0
[tick] act=8 int=8 priming=0 ready=8 decode_ms=15.0
[tick] act=8 int=8 priming=0 ready=8 decode_ms=15.0
[tick] act=8 int=8 priming=0 ready=8 decode_ms=15.0
[tick] act=8 int=8 priming=0 ready=8 decode_ms=15.0
[tick] act=8 int=8 priming=0 ready=8 decode_ms=15.0
[tick] act=8 int=8 priming=0 ready=8 decode_ms=15.0
[tick] act=8 int=8 priming=0 ready=8 decode_ms=15.0
[tick] act=8 int=8 priming=0 ready=8 decode_ms=15.0
[tick] act=8 int=8 priming=0 ready=8 decode_ms=15.0
[tick] act=8 int=8 priming=0 ready=8 decode_ms=15.0
[tick] act=8 int=8 priming=0 ready=8 decode_ms=15.0
[tick] act=8 int=8 priming=0 ready=8 decode_ms=15.0
[tick] act=8 int=8 priming=0 ready=8 decode_ms=15.0
[tick] act=8 int=8 priming=0 ready=8 decode_ms=15.0
[tick] act=8 int=8 priming=0 ready=8 decode_ms=15.0
[tick] act=8 int=8 priming=0 ready=8 decode_ms=15.0
[tick] act=8 int=8 priming=0 ready=8 decode_ms=15.0
[tick] act=8 int=8 priming=0 ready=8 decode_ms=15.0
[tick] act=8 int=8 priming=0 ready=8 decode_ms=15.0
[tick] act=8 int=8 priming=0 ready=8 decode_ms=15.0
[tick] act=8 int=8 priming=0 ready=8 decode_ms=15.0
[tick] act=8 int=8 priming=0 ready=8 decode_ms=15.0
[tick] act=8 int=8 priming=0 ready=8 decode_ms=15.0
[tick] act=8 int=8 priming=0 ready=8 decode_ms=15.0
[tick] act=8 int=8 priming=0 ready=8 decode_ms=15.0
[tick] act=8 int=8 priming=0 ready=8 decode_ms=15.0
[tick] act=8 int=8 priming=0 ready=8 decode_ms=15.0
[tick] act=8 int=8 priming=0 ready=8 decode_ms=15.0
[tick] act=8 int=8 priming=0 ready=8 decode_ms=15.0
[tick] act=8 int=8 priming=0 ready=8 decode_ms=15.0
[tick] act=8 int=8 priming=0 ready=8 decode_ms=15.0
[tick] act=8 int=8 priming=0 ready=8 decode_ms=15.0
[tick] act=8 int=8 priming=0 ready=8 decode_ms=15.0
[tick] act=8 int=8 priming=0 ready=8 decode_ms=15.0
[tick] act=8 int=8 priming=0 ready=8 decode_ms=15.0
[tick] act=8 int=8 priming=0 ready=8 decode_ms=15.0
[tick] act=8 int=8 priming=0 ready=8 decode_ms=15.0
[tick] act=8 int=8 priming=0 ready=8 decode_ms=15.0
[tick] act=8 int=8 priming=0 ready=8 decode_ms=15.0
[tick] act=8 int=8 priming=0 ready=8 decode_ms=15.1
[tick] act=8 int=8 priming=0 ready=8 decode_ms=15.1
[tick] act=8 int=8 priming=0 ready=8 decode_ms=15.0
[tick] act=8 int=8 priming=0 ready=8 decode_ms=15.1
[tick] act=8 int=8 priming=0 ready=8 decode_ms=15.1
[tick] act=8 int=8 priming=0 ready=8 decode_ms=15.0
[tick] act=8 int=8 priming=0 ready=8 decode_ms=15.0
[tick] act=8 int=8 priming=0 ready=8 decode_ms=15.0
[tick] act=8 int=8 priming=0 ready=8 decode_ms=15.1
[tick] act=8 int=8 priming=0 ready=8 decode_ms=15.0
[tick] act=8 int=8 priming=0 ready=8 decode_ms=15.0
[tick] act=8 int=8 priming=0 ready=8 decode_ms=15.0
[tick] act=8 int=8 priming=0 ready=8 decode_ms=15.0
[tick] act=8 int=8 priming=0 ready=8 decode_ms=15.0
[tick] act=8 int=8 priming=0 ready=8 decode_ms=15.0
[tick] act=8 int=8 priming=0 ready=8 decode_ms=15.0
[tick] act=8 int=8 priming=0 ready=8 decode_ms=15.1
[tick] act=8 int=8 priming=0 ready=8 decode_ms=15.0
[tick] act=8 int=8 priming=0 ready=8 decode_ms=15.0
[tick] act=8 int=8 priming=0 ready=8 decode_ms=15.0
[tick] act=8 int=8 priming=0 ready=8 decode_ms=15.0
[tick] act=8 int=8 priming=0 ready=8 decode_ms=15.0
[tick] act=8 int=8 priming=0 ready=8 decode_ms=15.0
[tick] act=8 int=8 priming=0 ready=8 decode_ms=15.1
[tick] act=8 int=8 priming=0 ready=8 decode_ms=15.1
[tick] act=8 int=8 priming=0 ready=8 decode_ms=15.0
[tick] act=8 int=8 priming=0 ready=8 decode_ms=15.1
[tick] act=8 int=8 priming=0 ready=8 decode_ms=15.1
[tick] act=8 int=8 priming=0 ready=8 decode_ms=15.1
[tick] act=8 int=8 priming=0 ready=8 decode_ms=15.1
[tick] act=8 int=8 priming=0 ready=8 decode_ms=15.1
[tick] act=8 int=8 priming=0 ready=8 decode_ms=15.1
[tick] act=8 int=8 priming=0 ready=8 decode_ms=15.1
[tick] act=8 int=8 priming=0 ready=8 decode_ms=15.1
[tick] act=8 int=8 priming=0 ready=8 decode_ms=15.1
[tick] act=8 int=8 priming=0 ready=8 decode_ms=15.1
[tick] act=8 int=8 priming=0 ready=8 decode_ms=15.1
[tick] act=8 int=8 priming=0 ready=8 decode_ms=15.1
[tick] act=8 int=8 priming=0 ready=8 decode_ms=15.1
[tick] act=8 int=8 priming=0 ready=8 decode_ms=15.1
[tick] act=8 int=8 priming=0 ready=8 decode_ms=15.2
[tick] act=8 int=8 priming=0 ready=8 decode_ms=15.1
[tick] act=8 int=8 priming=0 ready=8 decode_ms=15.1
[tick] act=8 int=8 priming=0 ready=8 decode_ms=15.1
[tick] act=8 int=8 priming=0 ready=8 decode_ms=15.1
[tick] act=8 int=8 priming=0 ready=8 decode_ms=15.1
[tick] act=8 int=8 priming=0 ready=8 decode_ms=15.1
[tick] act=8 int=8 priming=0 ready=8 decode_ms=15.1
[tick] act=8 int=8 priming=0 ready=8 decode_ms=15.2
[tick] act=8 int=8 priming=0 ready=8 decode_ms=15.1
[tick] act=8 int=8 priming=0 ready=8 decode_ms=15.1
[tick] act=8 int=8 priming=0 ready=8 decode_ms=15.2
[tick] act=8 int=8 priming=0 ready=8 decode_ms=15.1
[tick] act=8 int=8 priming=0 ready=8 decode_ms=15.1
[tick] act=8 int=8 priming=0 ready=8 decode_ms=15.1
[tick] act=8 int=8 priming=0 ready=8 decode_ms=15.1
[tick] act=8 int=8 priming=0 ready=8 decode_ms=15.1
[tick] act=8 int=8 priming=0 ready=8 decode_ms=15.1
[tick] act=8 int=8 priming=0 ready=8 decode_ms=15.1
[tick] act=8 int=8 priming=0 ready=8 decode_ms=15.1
[tick] act=8 int=8 priming=0 ready=8 decode_ms=15.1
[tick] act=8 int=8 priming=0 ready=8 decode_ms=15.1
[tick] act=8 int=8 priming=0 ready=8 decode_ms=15.1
[tick] act=8 int=8 priming=0 ready=8 decode_ms=15.1
[tick] act=8 int=8 priming=0 ready=8 decode_ms=15.1
[tick] act=8 int=8 priming=0 ready=8 decode_ms=15.2
[tick] act=8 int=8 priming=0 ready=8 decode_ms=15.1
[tick] act=8 int=8 priming=0 ready=8 decode_ms=15.1
[tick] act=8 int=8 priming=0 ready=8 decode_ms=15.2
[tick] act=8 int=8 priming=0 ready=8 decode_ms=15.2
[tick] act=8 int=8 priming=0 ready=8 decode_ms=15.1
[tick] act=8 int=8 priming=0 ready=8 decode_ms=15.1
[tick] act=8 int=8 priming=0 ready=8 decode_ms=15.1
[tick] act=8 int=8 priming=0 ready=8 decode_ms=15.1
[tick] act=8 int=8 priming=0 ready=8 decode_ms=15.1
[tick] act=8 int=8 priming=0 ready=8 decode_ms=15.1
[tick] act=8 int=8 priming=0 ready=8 decode_ms=15.2
[tick] act=8 int=8 priming=0 ready=8 decode_ms=15.2
[tick] act=8 int=8 priming=0 ready=8 decode_ms=15.1
[meter] admit id=chatcmpl-b3781bd9bcc3740b4a6ac53508515ab9 tenant=default lane=interactive model="q9"
[meter] admit id=chatcmpl-cae745ac9bfa2ff032216a2220b1824a tenant=default lane=interactive model="q9"
[meter] admit id=chatcmpl-4143007f9ce0e1e73f5b98ea98ee4498 tenant=default lane=interactive model="q9"
[tick] act=8 int=8 priming=0 ready=5 decode_ms=11.8
[prefix-cache] hit: 226 of 226 prompt tokens from cache (model q9)
[prefix-cache] hit: 226 of 226 prompt tokens from cache (model q9)
[prefix-cache] hit: 226 of 226 prompt tokens from cache (model q9)
[meter] admit id=chatcmpl-48b8120e91e518e95f13f78e7900ffb3 tenant=default lane=interactive model="q9"
[meter] admit id=chatcmpl-77b2bf4ad11d9ddb3405d18bc4f733f3 tenant=default lane=interactive model="q9"
[meter] admit id=chatcmpl-07dbe2081e4ee2a50b7874b210b6ce05 tenant=default lane=interactive model="q9"
[meter] admit id=chatcmpl-874673d50c58312dfac7890febd83dd3 tenant=default lane=interactive model="q9"
[meter] admit id=chatcmpl-2a7594388f4128fe2371aee72e334e40 tenant=default lane=interactive model="q9"
[tick] act=8 int=8 priming=0 ready=3 decode_ms=10.0
[prefix-cache] hit: 226 of 226 prompt tokens from cache (model q9)
[prefix-cache] hit: 226 of 226 prompt tokens from cache (model q9)
[prefix-cache] hit: 226 of 226 prompt tokens from cache (model q9)
[prefix-cache] hit: 226 of 226 prompt tokens from cache (model q9)
[prefix-cache] hit: 226 of 226 prompt tokens from cache (model q9)
[tick] act=8 int=8 priming=0 ready=8 decode_ms=15.5
[tick] act=8 int=8 priming=0 ready=8 decode_ms=14.2
[tick] act=8 int=8 priming=0 ready=8 decode_ms=14.9
[tick] act=8 int=8 priming=0 ready=8 decode_ms=15.0
[tick] act=8 int=8 priming=0 ready=8 decode_ms=15.0
[tick] act=8 int=8 priming=0 ready=8 decode_ms=15.1
[tick] act=8 int=8 priming=0 ready=8 decode_ms=15.0
[tick] act=8 int=8 priming=0 ready=8 decode_ms=15.0
[tick] act=8 int=8 priming=0 ready=8 decode_ms=15.0
[tick] act=8 int=8 priming=0 ready=8 decode_ms=15.1
[tick] act=8 int=8 priming=0 ready=8 decode_ms=15.0
[tick] act=8 int=8 priming=0 ready=8 decode_ms=15.0
[tick] act=8 int=8 priming=0 ready=8 decode_ms=15.1
[tick] act=8 int=8 priming=0 ready=8 decode_ms=15.0
[tick] act=8 int=8 priming=0 ready=8 decode_ms=15.0
[tick] act=8 int=8 priming=0 ready=8 decode_ms=15.0
[tick] act=8 int=8 priming=0 ready=8 decode_ms=15.0
[tick] act=8 int=8 priming=0 ready=8 decode_ms=15.1
[tick] act=8 int=8 priming=0 ready=8 decode_ms=15.0
[tick] act=8 int=8 priming=0 ready=8 decode_ms=15.0
[tick] act=8 int=8 priming=0 ready=8 decode_ms=15.0
[tick] act=8 int=8 priming=0 ready=8 decode_ms=15.0
[tick] act=8 int=8 priming=0 ready=8 decode_ms=15.0
[tick] act=8 int=8 priming=0 ready=8 decode_ms=15.0
[tick] act=8 int=8 priming=0 ready=8 decode_ms=15.1
[tick] act=8 int=8 priming=0 ready=8 decode_ms=15.0
[tick] act=8 int=8 priming=0 ready=8 decode_ms=15.0
[tick] act=8 int=8 priming=0 ready=8 decode_ms=15.0
[tick] act=8 int=8 priming=0 ready=8 decode_ms=15.1
[tick] act=8 int=8 priming=0 ready=8 decode_ms=15.1
[tick] act=8 int=8 priming=0 ready=8 decode_ms=15.1
[tick] act=8 int=8 priming=0 ready=8 decode_ms=15.1
[tick] act=8 int=8 priming=0 ready=8 decode_ms=15.1
[tick] act=8 int=8 priming=0 ready=8 decode_ms=15.1
[tick] act=8 int=8 priming=0 ready=8 decode_ms=15.0
[tick] act=8 int=8 priming=0 ready=8 decode_ms=15.0
[tick] act=8 int=8 priming=0 ready=8 decode_ms=15.0
[tick] act=8 int=8 priming=0 ready=8 decode_ms=15.0
[tick] act=8 int=8 priming=0 ready=8 decode_ms=15.0
[tick] act=8 int=8 priming=0 ready=8 decode_ms=15.0
[tick] act=8 int=8 priming=0 ready=8 decode_ms=15.0
[tick] act=8 int=8 priming=0 ready=8 decode_ms=15.0
[tick] act=8 int=8 priming=0 ready=8 decode_ms=15.0
[tick] act=8 int=8 priming=0 ready=8 decode_ms=15.0
[tick] act=8 int=8 priming=0 ready=8 decode_ms=15.0
[tick] act=8 int=8 priming=0 ready=8 decode_ms=15.0
[tick] act=8 int=8 priming=0 ready=8 decode_ms=15.0
[tick] act=8 int=8 priming=0 ready=8 decode_ms=15.0
[tick] act=8 int=8 priming=0 ready=8 decode_ms=15.1
[tick] act=8 int=8 priming=0 ready=8 decode_ms=15.1
[tick] act=8 int=8 priming=0 ready=8 decode_ms=15.0
[tick] act=8 int=8 priming=0 ready=8 decode_ms=15.0
[tick] act=8 int=8 priming=0 ready=8 decode_ms=15.1
[tick] act=8 int=8 priming=0 ready=8 decode_ms=15.1
[tick] act=8 int=8 priming=0 ready=8 decode_ms=15.1
[tick] act=8 int=8 priming=0 ready=8 decode_ms=15.0
[tick] act=8 int=8 priming=0 ready=8 decode_ms=15.1
[tick] act=8 int=8 priming=0 ready=8 decode_ms=15.1
[tick] act=8 int=8 priming=0 ready=8 decode_ms=15.1
[tick] act=8 int=8 priming=0 ready=8 decode_ms=15.1
[tick] act=8 int=8 priming=0 ready=8 decode_ms=15.1
[tick] act=8 int=8 priming=0 ready=8 decode_ms=15.1
[tick] act=8 int=8 priming=0 ready=8 decode_ms=15.1
[tick] act=8 int=8 priming=0 ready=8 decode_ms=15.1
[tick] act=8 int=8 priming=0 ready=8 decode_ms=15.2
[tick] act=8 int=8 priming=0 ready=8 decode_ms=15.1
[tick] act=8 int=8 priming=0 ready=8 decode_ms=15.1
[tick] act=8 int=8 priming=0 ready=8 decode_ms=15.0
[tick] act=8 int=8 priming=0 ready=8 decode_ms=15.0
[tick] act=8 int=8 priming=0 ready=8 decode_ms=15.1
[tick] act=8 int=8 priming=0 ready=8 decode_ms=15.1
[tick] act=8 int=8 priming=0 ready=8 decode_ms=15.1
[tick] act=8 int=8 priming=0 ready=8 decode_ms=15.1
[tick] act=8 int=8 priming=0 ready=8 decode_ms=15.1
[tick] act=8 int=8 priming=0 ready=8 decode_ms=15.1
[tick] act=8 int=8 priming=0 ready=8 decode_ms=15.1
[tick] act=8 int=8 priming=0 ready=8 decode_ms=15.1
[tick] act=8 int=8 priming=0 ready=8 decode_ms=15.1
[tick] act=8 int=8 priming=0 ready=8 decode_ms=15.1
[tick] act=8 int=8 priming=0 ready=8 decode_ms=15.1
[tick] act=8 int=8 priming=0 ready=8 decode_ms=15.1
[tick] act=8 int=8 priming=0 ready=8 decode_ms=15.1
[tick] act=8 int=8 priming=0 ready=8 decode_ms=15.2
[tick] act=8 int=8 priming=0 ready=8 decode_ms=15.1
[tick] act=8 int=8 priming=0 ready=8 decode_ms=15.1
[tick] act=8 int=8 priming=0 ready=8 decode_ms=15.1
[tick] act=8 int=8 priming=0 ready=8 decode_ms=15.1
[tick] act=8 int=8 priming=0 ready=8 decode_ms=15.1
[tick] act=8 int=8 priming=0 ready=8 decode_ms=15.0
[tick] act=8 int=8 priming=0 ready=8 decode_ms=15.1
[tick] act=8 int=8 priming=0 ready=8 decode_ms=15.1
[tick] act=8 int=8 priming=0 ready=8 decode_ms=15.1
[tick] act=8 int=8 priming=0 ready=8 decode_ms=15.1
[tick] act=8 int=8 priming=0 ready=8 decode_ms=15.1
[tick] act=8 int=8 priming=0 ready=8 decode_ms=15.1
[tick] act=8 int=8 priming=0 ready=8 decode_ms=15.1
[tick] act=8 int=8 priming=0 ready=8 decode_ms=15.0
[tick] act=8 int=8 priming=0 ready=8 decode_ms=15.1
[tick] act=8 int=8 priming=0 ready=8 decode_ms=15.1
[tick] act=8 int=8 priming=0 ready=8 decode_ms=15.1
[tick] act=8 int=8 priming=0 ready=8 decode_ms=15.1
[tick] act=8 int=8 priming=0 ready=8 decode_ms=15.1
[tick] act=8 int=8 priming=0 ready=8 decode_ms=15.1
[tick] act=8 int=8 priming=0 ready=8 decode_ms=15.1
[tick] act=8 int=8 priming=0 ready=8 decode_ms=15.0
[tick] act=8 int=8 priming=0 ready=8 decode_ms=15.1
[tick] act=8 int=8 priming=0 ready=8 decode_ms=15.1
[tick] act=8 int=8 priming=0 ready=8 decode_ms=15.1
[tick] act=8 int=8 priming=0 ready=8 decode_ms=15.1
[tick] act=8 int=8 priming=0 ready=8 decode_ms=15.2
[tick] act=8 int=8 priming=0 ready=8 decode_ms=15.2
[tick] act=8 int=8 priming=0 ready=8 decode_ms=15.2
[tick] act=8 int=8 priming=0 ready=8 decode_ms=15.2
[tick] act=8 int=8 priming=0 ready=8 decode_ms=15.1
[tick] act=8 int=8 priming=0 ready=8 decode_ms=15.1
[tick] act=8 int=8 priming=0 ready=8 decode_ms=15.1
[tick] act=8 int=8 priming=0 ready=8 decode_ms=15.0
[tick] act=8 int=8 priming=0 ready=8 decode_ms=15.1
[tick] act=8 int=8 priming=0 ready=8 decode_ms=15.1
[tick] act=8 int=8 priming=0 ready=8 decode_ms=15.1
[tick] act=8 int=8 priming=0 ready=8 decode_ms=15.1
[tick] act=8 int=8 priming=0 ready=8 decode_ms=15.0
[tick] act=8 int=8 priming=0 ready=8 decode_ms=15.1
[tick] act=8 int=8 priming=0 ready=8 decode_ms=15.1
[tick] act=8 int=8 priming=0 ready=8 decode_ms=15.1
[tick] act=8 int=8 priming=0 ready=8 decode_ms=15.1
[tick] act=8 int=8 priming=0 ready=8 decode_ms=15.2
[meter] admit id=chatcmpl-4376b5cbad0cc6dacb0bf7193da463b2 tenant=default lane=interactive model="q9"
[meter] admit id=chatcmpl-72192d6a8207b49991c877fa5f0f5fd4 tenant=default lane=interactive model="q9"
[meter] admit id=chatcmpl-8fc58bd12843acc3b3c03d7a407c8298 tenant=default lane=interactive model="q9"
[tick] act=8 int=8 priming=0 ready=5 decode_ms=11.8
[prefix-cache] hit: 226 of 226 prompt tokens from cache (model q9)
[prefix-cache] hit: 226 of 226 prompt tokens from cache (model q9)
[prefix-cache] hit: 226 of 226 prompt tokens from cache (model q9)
[meter] admit id=chatcmpl-6b13dbc6151f448ccbb49db46350007c tenant=default lane=interactive model="q9"
[meter] admit id=chatcmpl-ded91926ab4b0744eaba768761ffed23 tenant=default lane=interactive model="q9"
[meter] admit id=chatcmpl-f0dec95df134f831ec419cc09b300e9d tenant=default lane=interactive model="q9"
[meter] admit id=chatcmpl-bfa3b8c7b8835caa5d2ffe3a255e3435 tenant=default lane=interactive model="q9"
[meter] admit id=chatcmpl-380b855175e492796106f88079ea4fd8 tenant=default lane=interactive model="q9"
[tick] act=8 int=8 priming=0 ready=3 decode_ms=10.1
[prefix-cache] hit: 226 of 226 prompt tokens from cache (model q9)
[prefix-cache] hit: 226 of 226 prompt tokens from cache (model q9)
[prefix-cache] hit: 226 of 226 prompt tokens from cache (model q9)
[prefix-cache] hit: 226 of 226 prompt tokens from cache (model q9)
[prefix-cache] hit: 226 of 226 prompt tokens from cache (model q9)
[tick] act=8 int=8 priming=0 ready=8 decode_ms=15.8
[tick] act=8 int=8 priming=0 ready=8 decode_ms=14.4
[tick] act=8 int=8 priming=0 ready=8 decode_ms=14.4
[tick] act=8 int=8 priming=0 ready=8 decode_ms=14.9
[tick] act=8 int=8 priming=0 ready=8 decode_ms=15.0
[tick] act=8 int=8 priming=0 ready=8 decode_ms=15.0
[tick] act=8 int=8 priming=0 ready=8 decode_ms=15.0
[tick] act=8 int=8 priming=0 ready=8 decode_ms=15.0
[tick] act=8 int=8 priming=0 ready=8 decode_ms=15.0
[tick] act=8 int=8 priming=0 ready=8 decode_ms=15.1
[tick] act=8 int=8 priming=0 ready=8 decode_ms=15.1
[tick] act=8 int=8 priming=0 ready=8 decode_ms=15.0
[tick] act=8 int=8 priming=0 ready=8 decode_ms=15.0
[tick] act=8 int=8 priming=0 ready=8 decode_ms=15.0
[tick] act=8 int=8 priming=0 ready=8 decode_ms=15.0
[tick] act=8 int=8 priming=0 ready=8 decode_ms=15.0
[tick] act=8 int=8 priming=0 ready=8 decode_ms=15.0
[tick] act=8 int=8 priming=0 ready=8 decode_ms=15.0
[tick] act=8 int=8 priming=0 ready=8 decode_ms=15.0
[tick] act=8 int=8 priming=0 ready=8 decode_ms=15.0
[tick] act=8 int=8 priming=0 ready=8 decode_ms=15.0
[tick] act=8 int=8 priming=0 ready=8 decode_ms=15.1
[tick] act=8 int=8 priming=0 ready=8 decode_ms=15.1
[tick] act=8 int=8 priming=0 ready=8 decode_ms=15.0
[tick] act=8 int=8 priming=0 ready=8 decode_ms=15.0
[tick] act=8 int=8 priming=0 ready=8 decode_ms=15.0
[tick] act=8 int=8 priming=0 ready=8 decode_ms=15.0
[tick] act=8 int=8 priming=0 ready=8 decode_ms=15.0
[tick] act=8 int=8 priming=0 ready=8 decode_ms=15.0
[tick] act=8 int=8 priming=0 ready=8 decode_ms=15.1
[tick] act=8 int=8 priming=0 ready=8 decode_ms=15.1
[tick] act=8 int=8 priming=0 ready=8 decode_ms=15.0
[tick] act=8 int=8 priming=0 ready=8 decode_ms=15.0
[tick] act=8 int=8 priming=0 ready=8 decode_ms=15.0
[tick] act=8 int=8 priming=0 ready=8 decode_ms=15.0
[tick] act=8 int=8 priming=0 ready=8 decode_ms=15.0
[tick] act=8 int=8 priming=0 ready=8 decode_ms=15.0
[tick] act=8 int=8 priming=0 ready=8 decode_ms=15.0
[tick] act=8 int=8 priming=0 ready=8 decode_ms=15.0
[tick] act=8 int=8 priming=0 ready=8 decode_ms=15.0
[tick] act=8 int=8 priming=0 ready=8 decode_ms=15.0
[tick] act=8 int=8 priming=0 ready=8 decode_ms=15.0
[tick] act=8 int=8 priming=0 ready=8 decode_ms=15.0
[tick] act=8 int=8 priming=0 ready=8 decode_ms=15.0
[tick] act=8 int=8 priming=0 ready=8 decode_ms=15.0
[tick] act=8 int=8 priming=0 ready=8 decode_ms=15.0
[tick] act=8 int=8 priming=0 ready=8 decode_ms=15.0
[tick] act=8 int=8 priming=0 ready=8 decode_ms=15.0
[tick] act=8 int=8 priming=0 ready=8 decode_ms=15.0
[tick] act=8 int=8 priming=0 ready=8 decode_ms=15.0
[tick] act=8 int=8 priming=0 ready=8 decode_ms=15.1
[tick] act=8 int=8 priming=0 ready=8 decode_ms=15.0
[tick] act=8 int=8 priming=0 ready=8 decode_ms=14.9
[tick] act=8 int=8 priming=0 ready=8 decode_ms=15.0
[tick] act=8 int=8 priming=0 ready=8 decode_ms=15.1
[tick] act=8 int=8 priming=0 ready=8 decode_ms=15.0
[tick] act=8 int=8 priming=0 ready=8 decode_ms=14.9
[tick] act=8 int=8 priming=0 ready=8 decode_ms=15.0
[tick] act=8 int=8 priming=0 ready=8 decode_ms=15.0
[tick] act=8 int=8 priming=0 ready=8 decode_ms=15.0
[tick] act=8 int=8 priming=0 ready=8 decode_ms=15.0
[tick] act=8 int=8 priming=0 ready=8 decode_ms=15.0
[tick] act=8 int=8 priming=0 ready=8 decode_ms=15.1
[tick] act=8 int=8 priming=0 ready=8 decode_ms=15.0
[tick] act=8 int=8 priming=0 ready=8 decode_ms=15.1
[tick] act=8 int=8 priming=0 ready=8 decode_ms=15.0
[tick] act=8 int=8 priming=0 ready=8 decode_ms=15.0
[tick] act=8 int=8 priming=0 ready=8 decode_ms=15.0
[tick] act=8 int=8 priming=0 ready=8 decode_ms=15.0
[tick] act=8 int=8 priming=0 ready=8 decode_ms=15.1
[tick] act=8 int=8 priming=0 ready=8 decode_ms=15.1
[tick] act=8 int=8 priming=0 ready=8 decode_ms=15.1
[tick] act=8 int=8 priming=0 ready=8 decode_ms=15.0
[tick] act=8 int=8 priming=0 ready=8 decode_ms=15.1
[tick] act=8 int=8 priming=0 ready=8 decode_ms=15.1
[tick] act=8 int=8 priming=0 ready=8 decode_ms=15.0
[tick] act=8 int=8 priming=0 ready=8 decode_ms=15.0
[tick] act=8 int=8 priming=0 ready=8 decode_ms=15.0
[tick] act=8 int=8 priming=0 ready=8 decode_ms=15.1
[tick] act=8 int=8 priming=0 ready=8 decode_ms=15.1
[tick] act=8 int=8 priming=0 ready=8 decode_ms=15.1
[tick] act=8 int=8 priming=0 ready=8 decode_ms=15.1
[tick] act=8 int=8 priming=0 ready=8 decode_ms=15.1
[tick] act=8 int=8 priming=0 ready=8 decode_ms=15.1
[tick] act=8 int=8 priming=0 ready=8 decode_ms=15.1
[tick] act=8 int=8 priming=0 ready=8 decode_ms=15.1
[tick] act=8 int=8 priming=0 ready=8 decode_ms=15.1
[tick] act=8 int=8 priming=0 ready=8 decode_ms=15.1
[tick] act=8 int=8 priming=0 ready=8 decode_ms=15.1
[tick] act=8 int=8 priming=0 ready=8 decode_ms=15.1
[tick] act=8 int=8 priming=0 ready=8 decode_ms=15.1
[tick] act=8 int=8 priming=0 ready=8 decode_ms=15.1
[tick] act=8 int=8 priming=0 ready=8 decode_ms=15.0
[tick] act=8 int=8 priming=0 ready=8 decode_ms=15.3
[tick] act=8 int=8 priming=0 ready=8 decode_ms=15.1
[tick] act=8 int=8 priming=0 ready=8 decode_ms=15.1
[tick] act=8 int=8 priming=0 ready=8 decode_ms=15.0
[tick] act=8 int=8 priming=0 ready=8 decode_ms=15.0
[tick] act=8 int=8 priming=0 ready=8 decode_ms=15.1
[tick] act=8 int=8 priming=0 ready=8 decode_ms=15.1
[tick] act=8 int=8 priming=0 ready=8 decode_ms=15.1
[tick] act=8 int=8 priming=0 ready=8 decode_ms=15.0
[tick] act=8 int=8 priming=0 ready=8 decode_ms=15.1
[tick] act=8 int=8 priming=0 ready=8 decode_ms=15.1
[tick] act=8 int=8 priming=0 ready=8 decode_ms=15.1
[tick] act=8 int=8 priming=0 ready=8 decode_ms=15.0
[tick] act=8 int=8 priming=0 ready=8 decode_ms=15.1
[tick] act=8 int=8 priming=0 ready=8 decode_ms=15.1
[tick] act=8 int=8 priming=0 ready=8 decode_ms=15.1
[tick] act=8 int=8 priming=0 ready=8 decode_ms=15.0
[tick] act=8 int=8 priming=0 ready=8 decode_ms=15.1
[tick] act=8 int=8 priming=0 ready=8 decode_ms=15.1
[tick] act=8 int=8 priming=0 ready=8 decode_ms=15.1
[tick] act=8 int=8 priming=0 ready=8 decode_ms=15.1
[tick] act=8 int=8 priming=0 ready=8 decode_ms=15.1
[tick] act=8 int=8 priming=0 ready=8 decode_ms=15.1
[tick] act=8 int=8 priming=0 ready=8 decode_ms=15.0
[tick] act=8 int=8 priming=0 ready=8 decode_ms=15.1
[tick] act=8 int=8 priming=0 ready=8 decode_ms=15.1
[tick] act=8 int=8 priming=0 ready=8 decode_ms=15.1
[tick] act=8 int=8 priming=0 ready=8 decode_ms=15.1
[tick] act=8 int=8 priming=0 ready=8 decode_ms=15.1
[tick] act=8 int=8 priming=0 ready=8 decode_ms=15.1
[tick] act=8 int=8 priming=0 ready=8 decode_ms=15.1
[tick] act=8 int=8 priming=0 ready=8 decode_ms=15.1
[tick] act=8 int=8 priming=0 ready=8 decode_ms=15.0
[tick] act=8 int=8 priming=0 ready=8 decode_ms=15.1
[meter] admit id=chatcmpl-90b1caec19aea53b7075f301c5947c2b tenant=default lane=interactive model="q9"
[meter] admit id=chatcmpl-69e8bd9507193b5affbf42038b221da1 tenant=default lane=interactive model="q9"
[meter] admit id=chatcmpl-bf16a5f5ab9b6e50e79bda420199351c tenant=default lane=interactive model="q9"
[tick] act=8 int=8 priming=0 ready=5 decode_ms=11.8
[prefix-cache] hit: 226 of 226 prompt tokens from cache (model q9)
[prefix-cache] hit: 226 of 226 prompt tokens from cache (model q9)
[prefix-cache] hit: 226 of 226 prompt tokens from cache (model q9)
[meter] admit id=chatcmpl-40149757fa858e5495aff999ffa14285 tenant=default lane=interactive model="q9"
[meter] admit id=chatcmpl-35be2644a3be0887ab0f4606cb02b358 tenant=default lane=interactive model="q9"
[meter] admit id=chatcmpl-617c1884c0fac08dd306ed2eb19d55a7 tenant=default lane=interactive model="q9"
[meter] admit id=chatcmpl-97f06db4a828388e951800ab20512552 tenant=default lane=interactive model="q9"
[meter] admit id=chatcmpl-4824dc0d12b46d4fdf08b5f867404c03 tenant=default lane=interactive model="q9"
[tick] act=8 int=8 priming=0 ready=3 decode_ms=10.1
[prefix-cache] hit: 226 of 226 prompt tokens from cache (model q9)
[prefix-cache] hit: 226 of 226 prompt tokens from cache (model q9)
[prefix-cache] hit: 226 of 226 prompt tokens from cache (model q9)
[prefix-cache] hit: 226 of 226 prompt tokens from cache (model q9)
[prefix-cache] hit: 226 of 226 prompt tokens from cache (model q9)
[tick] act=8 int=8 priming=0 ready=8 decode_ms=15.8
[tick] act=8 int=8 priming=0 ready=8 decode_ms=13.7
[tick] act=8 int=8 priming=0 ready=8 decode_ms=14.7
[tick] act=8 int=8 priming=0 ready=8 decode_ms=15.0
[tick] act=8 int=8 priming=0 ready=8 decode_ms=15.1
[tick] act=8 int=8 priming=0 ready=8 decode_ms=15.0
[tick] act=8 int=8 priming=0 ready=8 decode_ms=15.0
[tick] act=8 int=8 priming=0 ready=8 decode_ms=15.0
[tick] act=8 int=8 priming=0 ready=8 decode_ms=15.1
[tick] act=8 int=8 priming=0 ready=8 decode_ms=15.0
[tick] act=8 int=8 priming=0 ready=8 decode_ms=15.0
[tick] act=8 int=8 priming=0 ready=8 decode_ms=15.0
[tick] act=8 int=8 priming=0 ready=8 decode_ms=15.1
[tick] act=8 int=8 priming=0 ready=8 decode_ms=15.0
[tick] act=8 int=8 priming=0 ready=8 decode_ms=15.0
[tick] act=8 int=8 priming=0 ready=8 decode_ms=15.0
[tick] act=8 int=8 priming=0 ready=8 decode_ms=15.1
[tick] act=8 int=8 priming=0 ready=8 decode_ms=15.0
[tick] act=8 int=8 priming=0 ready=8 decode_ms=15.0
[tick] act=8 int=8 priming=0 ready=8 decode_ms=15.1
[tick] act=8 int=8 priming=0 ready=8 decode_ms=15.1
[tick] act=8 int=8 priming=0 ready=8 decode_ms=15.0
[tick] act=8 int=8 priming=0 ready=8 decode_ms=15.0
[tick] act=8 int=8 priming=0 ready=8 decode_ms=15.1
[tick] act=8 int=8 priming=0 ready=8 decode_ms=15.1
[tick] act=8 int=8 priming=0 ready=8 decode_ms=15.0
[tick] act=8 int=8 priming=0 ready=8 decode_ms=15.0
[tick] act=8 int=8 priming=0 ready=8 decode_ms=15.1
[tick] act=8 int=8 priming=0 ready=8 decode_ms=15.1
[tick] act=8 int=8 priming=0 ready=8 decode_ms=15.0
[tick] act=8 int=8 priming=0 ready=8 decode_ms=15.0
[tick] act=8 int=8 priming=0 ready=8 decode_ms=15.0
[tick] act=8 int=8 priming=0 ready=8 decode_ms=15.1
[tick] act=8 int=8 priming=0 ready=8 decode_ms=15.0
[tick] act=8 int=8 priming=0 ready=8 decode_ms=15.0
[tick] act=8 int=8 priming=0 ready=8 decode_ms=15.1
[tick] act=8 int=8 priming=0 ready=8 decode_ms=15.1
[tick] act=8 int=8 priming=0 ready=8 decode_ms=15.0
[tick] act=8 int=8 priming=0 ready=8 decode_ms=15.0
[tick] act=8 int=8 priming=0 ready=8 decode_ms=15.0
[tick] act=8 int=8 priming=0 ready=8 decode_ms=15.1
[tick] act=8 int=8 priming=0 ready=8 decode_ms=15.0
[tick] act=8 int=8 priming=0 ready=8 decode_ms=15.0
[tick] act=8 int=8 priming=0 ready=8 decode_ms=15.1
[tick] act=8 int=8 priming=0 ready=8 decode_ms=15.1
[tick] act=8 int=8 priming=0 ready=8 decode_ms=15.1
[tick] act=8 int=8 priming=0 ready=8 decode_ms=15.0
[tick] act=8 int=8 priming=0 ready=8 decode_ms=15.1
[tick] act=8 int=8 priming=0 ready=8 decode_ms=15.1
[tick] act=8 int=8 priming=0 ready=8 decode_ms=15.1
[tick] act=8 int=8 priming=0 ready=8 decode_ms=15.0
[tick] act=8 int=8 priming=0 ready=8 decode_ms=15.1
[tick] act=8 int=8 priming=0 ready=8 decode_ms=15.1
[tick] act=8 int=8 priming=0 ready=8 decode_ms=15.0
[tick] act=8 int=8 priming=0 ready=8 decode_ms=15.0
[tick] act=8 int=8 priming=0 ready=8 decode_ms=15.0
[tick] act=8 int=8 priming=0 ready=8 decode_ms=15.1
[tick] act=8 int=8 priming=0 ready=8 decode_ms=15.0
[tick] act=8 int=8 priming=0 ready=8 decode_ms=15.0
[tick] act=8 int=8 priming=0 ready=8 decode_ms=15.1
[tick] act=8 int=8 priming=0 ready=8 decode_ms=15.1
[tick] act=8 int=8 priming=0 ready=8 decode_ms=15.0
[tick] act=8 int=8 priming=0 ready=8 decode_ms=15.1
[tick] act=8 int=8 priming=0 ready=8 decode_ms=15.1
[tick] act=8 int=8 priming=0 ready=8 decode_ms=15.1
[tick] act=8 int=8 priming=0 ready=8 decode_ms=15.1
[tick] act=8 int=8 priming=0 ready=8 decode_ms=15.0
[tick] act=8 int=8 priming=0 ready=8 decode_ms=15.1
[tick] act=8 int=8 priming=0 ready=8 decode_ms=15.1
[tick] act=8 int=8 priming=0 ready=8 decode_ms=15.0
[tick] act=8 int=8 priming=0 ready=8 decode_ms=15.0
[tick] act=8 int=8 priming=0 ready=8 decode_ms=15.1
[tick] act=8 int=8 priming=0 ready=8 decode_ms=15.1
[tick] act=8 int=8 priming=0 ready=8 decode_ms=15.0
[tick] act=8 int=8 priming=0 ready=8 decode_ms=15.1
[tick] act=8 int=8 priming=0 ready=8 decode_ms=15.1
[tick] act=8 int=8 priming=0 ready=8 decode_ms=15.2
[tick] act=8 int=8 priming=0 ready=8 decode_ms=15.1
[tick] act=8 int=8 priming=0 ready=8 decode_ms=15.1
[tick] act=8 int=8 priming=0 ready=8 decode_ms=15.1
[tick] act=8 int=8 priming=0 ready=8 decode_ms=15.1
[tick] act=8 int=8 priming=0 ready=8 decode_ms=15.1
[tick] act=8 int=8 priming=0 ready=8 decode_ms=15.1
[tick] act=8 int=8 priming=0 ready=8 decode_ms=15.0
[tick] act=8 int=8 priming=0 ready=8 decode_ms=15.0
[tick] act=8 int=8 priming=0 ready=8 decode_ms=15.1
[tick] act=8 int=8 priming=0 ready=8 decode_ms=15.1
[tick] act=8 int=8 priming=0 ready=8 decode_ms=15.0
[tick] act=8 int=8 priming=0 ready=8 decode_ms=15.1
[tick] act=8 int=8 priming=0 ready=8 decode_ms=15.1
[tick] act=8 int=8 priming=0 ready=8 decode_ms=15.1
[tick] act=8 int=8 priming=0 ready=8 decode_ms=15.1
[tick] act=8 int=8 priming=0 ready=8 decode_ms=15.1
[tick] act=8 int=8 priming=0 ready=8 decode_ms=15.1
[tick] act=8 int=8 priming=0 ready=8 decode_ms=15.1
[tick] act=8 int=8 priming=0 ready=8 decode_ms=15.0
[tick] act=8 int=8 priming=0 ready=8 decode_ms=15.1
[tick] act=8 int=8 priming=0 ready=8 decode_ms=15.1
[tick] act=8 int=8 priming=0 ready=8 decode_ms=15.1
[tick] act=8 int=8 priming=0 ready=8 decode_ms=15.1
[tick] act=8 int=8 priming=0 ready=8 decode_ms=15.1
[tick] act=8 int=8 priming=0 ready=8 decode_ms=15.1
[tick] act=8 int=8 priming=0 ready=8 decode_ms=15.1
[tick] act=8 int=8 priming=0 ready=8 decode_ms=15.1
[tick] act=8 int=8 priming=0 ready=8 decode_ms=15.2
[tick] act=8 int=8 priming=0 ready=8 decode_ms=15.2
[tick] act=8 int=8 priming=0 ready=8 decode_ms=15.1
[tick] act=8 int=8 priming=0 ready=8 decode_ms=15.1
[tick] act=8 int=8 priming=0 ready=8 decode_ms=15.1
[tick] act=8 int=8 priming=0 ready=8 decode_ms=15.1
[tick] act=8 int=8 priming=0 ready=8 decode_ms=15.1
[tick] act=8 int=8 priming=0 ready=8 decode_ms=15.1
[tick] act=8 int=8 priming=0 ready=8 decode_ms=15.2
[tick] act=8 int=8 priming=0 ready=8 decode_ms=15.2
[tick] act=8 int=8 priming=0 ready=8 decode_ms=15.1
[tick] act=8 int=8 priming=0 ready=8 decode_ms=15.1
[tick] act=8 int=8 priming=0 ready=8 decode_ms=15.2
[tick] act=8 int=8 priming=0 ready=8 decode_ms=15.2
[tick] act=8 int=8 priming=0 ready=8 decode_ms=15.1
[tick] act=8 int=8 priming=0 ready=8 decode_ms=15.1
[tick] act=8 int=8 priming=0 ready=8 decode_ms=15.2
[tick] act=8 int=8 priming=0 ready=8 decode_ms=15.2
[tick] act=8 int=8 priming=0 ready=8 decode_ms=15.2
[tick] act=8 int=8 priming=0 ready=8 decode_ms=15.1
[tick] act=8 int=8 priming=0 ready=8 decode_ms=15.2
[tick] act=8 int=8 priming=0 ready=8 decode_ms=15.1
[tick] act=8 int=8 priming=0 ready=8 decode_ms=15.1
[tick] act=8 int=8 priming=0 ready=5 decode_ms=11.8
[tick] act=5 int=5 priming=0 ready=0 decode_ms=0.0
[server] SIGTERM: draining (0 in flight, deadline 30s)
[server] drain complete in 0.0s; exiting
