[server] OpenRouter metadata loaded: 1 model(s) from /home/ubuntu/vram-gates/assets/step37-meta.toml
[server] starting; models config = [("step37", "/data/models/step37-flash-nvfp4", None)]
[gpu-watch] Xid source: journalctl -k -f (/dev/kmsg unreadable — kernel.dmesg_restrict)
[gpu-watch] on: every 60s, probe deadline 10s, fatal Xid [48, 64, 79, 94, 95, 119, 120]
[worker] Engine ready (device=0, MEMRA_FAST=true)
[spec-k] operator pin K=3: automatic placement/concurrency/prompt policy and automatic demotion disabled
[worker] loading model "step37" <- /data/models/step37-flash-nvfp4
[step37-defaults] serving doors armed ON for the SlidingGatedMoe program (per-flag =0 kills, =1 forces; owner flip 2026-08-27)
[step-tp-preflight] layers=45 full_trunk=true runtime_groups=1 dense_attention_layers=3 tensor_expert_layers=42 expert_owner_layers=0 qualified_fp8_expert_projection_slices=36288 owner_first=true hardware=rtx-pro-6000-blackwell native_p2p=true bulk_p2p=false device_arithmetic=false weights_loaded=false performance_claim=false
[bf16-mmv] RESIDENT output.weight ne=[4096, 128896] n=527958016 admit=bf16_mmv
[bf16-mmv] RESIDENT blk.0.attn_q.weight ne=[4096, 8192] n=33554432 admit=bf16_mmv
[bf16-mmv] RESIDENT blk.0.attn_k.weight ne=[4096, 1024] n=4194304 admit=bf16_mmv
[bf16-mmv] RESIDENT blk.0.attn_v.weight ne=[4096, 1024] n=4194304 admit=bf16_mmv
[bf16-mmv] RESIDENT blk.0.attn_output.weight ne=[8192, 4096] n=33554432 admit=bf16_mmv
[loader-law] WARNING: blk.*.attn_gate.weight loads as 2D Float ne=[4096, 64] (src BF16) — a Float matmul weight rides cuBLAS f32 GEMV and poisons all-or-nothing q8-fast predicates (uses_q8_1_fast/mixer_in_q8_1_fast). If matmul-class: Q8_0-encode at load (model.rs ssm arm / source.rs BF16+F8 gates). If deliberately Float: add it to float_2d_audited with the audit rationale.
[tp] native peer byte-integrity probe PASS: devices=[0, 1] directions=2 byte_ladder=[16384, 65536, 1048576, 67108864] mismatches=0
[tp] correctness transport=native-p2p devices=[0, 1] native_p2p=true activation=host-canonical bulk_p2p=false performance_claim=false
[step-tp-qkv] load layer=0 devices=[0, 1] projections=qkv qkv_tensor_parallel=true attention_local=true kv_local=true output_local=true transport=native-p2p native_p2p=true output=root-readback performance_claim=false
[step-tp-attn-plan] load layer=0 devices=[0, 1] qkv_tensor_parallel=true attention_tensor_parallel=true kv_cache_distributed=true attention_scope=rank-local-global transport=native-p2p native_p2p=true replicated_decode_input_prepared=true performance_claim=false
[step-tp-o] load layer=0 devices=[0, 1] projection=o o_tensor_parallel=true attention_local=true kv_local=true transport=native-p2p native_p2p=true reduction=global-tp8-block-order output=root-readback performance_claim=false
[bf16-mmv] RESIDENT blk.0.ffn_gate.weight ne=[4096, 11264] n=46137344 admit=bf16_mmv
[bf16-mmv] RESIDENT blk.0.ffn_up.weight ne=[4096, 11264] n=46137344 admit=bf16_mmv
[bf16-mmv] RESIDENT blk.0.ffn_down.weight ne=[11264, 4096] n=46137344 admit=bf16_mmv
[bf16-mmv] RESIDENT blk.1.attn_q.weight ne=[4096, 12288] n=50331648 admit=bf16_mmv
[bf16-mmv] RESIDENT blk.1.attn_k.weight ne=[4096, 1024] n=4194304 admit=bf16_mmv
[bf16-mmv] RESIDENT blk.1.attn_v.weight ne=[4096, 1024] n=4194304 admit=bf16_mmv
[bf16-mmv] RESIDENT blk.1.attn_output.weight ne=[12288, 4096] n=50331648 admit=bf16_mmv
[step-tp-qkv] load layer=1 devices=[0, 1] projections=qkv qkv_tensor_parallel=true attention_local=true kv_local=true output_local=true transport=native-p2p native_p2p=true output=root-readback performance_claim=false
[step-tp-attn-plan] load layer=1 devices=[0, 1] qkv_tensor_parallel=true attention_tensor_parallel=true kv_cache_distributed=true attention_scope=rank-local-swa-ring transport=native-p2p native_p2p=true replicated_decode_input_prepared=true performance_claim=false
[step-tp-o] load layer=1 devices=[0, 1] projection=o o_tensor_parallel=true attention_local=true kv_local=true transport=native-p2p native_p2p=true reduction=global-tp8-block-order output=root-readback performance_claim=false
[bf16-mmv] RESIDENT blk.1.ffn_gate.weight ne=[4096, 11264] n=46137344 admit=bf16_mmv
[bf16-mmv] RESIDENT blk.1.ffn_up.weight ne=[4096, 11264] n=46137344 admit=bf16_mmv
[bf16-mmv] RESIDENT blk.1.ffn_down.weight ne=[11264, 4096] n=46137344 admit=bf16_mmv
[bf16-mmv] RESIDENT blk.2.attn_q.weight ne=[4096, 12288] n=50331648 admit=bf16_mmv
[bf16-mmv] RESIDENT blk.2.attn_k.weight ne=[4096, 1024] n=4194304 admit=bf16_mmv
[bf16-mmv] RESIDENT blk.2.attn_v.weight ne=[4096, 1024] n=4194304 admit=bf16_mmv
[bf16-mmv] RESIDENT blk.2.attn_output.weight ne=[12288, 4096] n=50331648 admit=bf16_mmv
[step-tp-qkv] load layer=2 devices=[0, 1] projections=qkv qkv_tensor_parallel=true attention_local=true kv_local=true output_local=true transport=native-p2p native_p2p=true output=root-readback performance_claim=false
[step-tp-attn-plan] load layer=2 devices=[0, 1] qkv_tensor_parallel=true attention_tensor_parallel=true kv_cache_distributed=true attention_scope=rank-local-swa-ring transport=native-p2p native_p2p=true replicated_decode_input_prepared=true performance_claim=false
[step-tp-o] load layer=2 devices=[0, 1] projection=o o_tensor_parallel=true attention_local=true kv_local=true transport=native-p2p native_p2p=true reduction=global-tp8-block-order output=root-readback performance_claim=false
[bf16-mmv] RESIDENT blk.2.ffn_gate.weight ne=[4096, 11264] n=46137344 admit=bf16_mmv
[bf16-mmv] RESIDENT blk.2.ffn_up.weight ne=[4096, 11264] n=46137344 admit=bf16_mmv
[bf16-mmv] RESIDENT blk.2.ffn_down.weight ne=[11264, 4096] n=46137344 admit=bf16_mmv
[bf16-mmv] RESIDENT blk.3.attn_q.weight ne=[4096, 12288] n=50331648 admit=bf16_mmv
[bf16-mmv] RESIDENT blk.3.attn_k.weight ne=[4096, 1024] n=4194304 admit=bf16_mmv
[bf16-mmv] RESIDENT blk.3.attn_v.weight ne=[4096, 1024] n=4194304 admit=bf16_mmv
[bf16-mmv] RESIDENT blk.3.attn_output.weight ne=[12288, 4096] n=50331648 admit=bf16_mmv
[step-tp-qkv] load layer=3 devices=[0, 1] projections=qkv qkv_tensor_parallel=true attention_local=true kv_local=true output_local=true transport=native-p2p native_p2p=true output=root-readback performance_claim=false
[step-tp-attn-plan] load layer=3 devices=[0, 1] qkv_tensor_parallel=true attention_tensor_parallel=true kv_cache_distributed=true attention_scope=rank-local-swa-ring transport=native-p2p native_p2p=true replicated_decode_input_prepared=true performance_claim=false
[step-tp-o] load layer=3 devices=[0, 1] projection=o o_tensor_parallel=true attention_local=true kv_local=true transport=native-p2p native_p2p=true reduction=global-tp8-block-order output=root-readback performance_claim=false
[step-tp] layer=3 devices=[0, 1] experts=288 tp=2 artifact=nvfp4 expert_layout=tensor-parallel transport=native-p2p native_p2p=true performance_claim=false
[bf16-mmv] RESIDENT blk.3.ffn_gate_shexp.weight ne=[4096, 1280] n=5242880 admit=bf16_mmv
[bf16-mmv] RESIDENT blk.3.ffn_up_shexp.weight ne=[4096, 1280] n=5242880 admit=bf16_mmv
[bf16-mmv] RESIDENT blk.3.ffn_down_shexp.weight ne=[1280, 4096] n=5242880 admit=bf16_mmv
[bf16-mmv] RESIDENT blk.4.attn_q.weight ne=[4096, 8192] n=33554432 admit=bf16_mmv
[bf16-mmv] RESIDENT blk.4.attn_k.weight ne=[4096, 1024] n=4194304 admit=bf16_mmv
[bf16-mmv] RESIDENT blk.4.attn_v.weight ne=[4096, 1024] n=4194304 admit=bf16_mmv
[bf16-mmv] RESIDENT blk.4.attn_output.weight ne=[8192, 4096] n=33554432 admit=bf16_mmv
[step-tp-qkv] load layer=4 devices=[0, 1] projections=qkv qkv_tensor_parallel=true attention_local=true kv_local=true output_local=true transport=native-p2p native_p2p=true output=root-readback performance_claim=false
[step-tp-attn-plan] load layer=4 devices=[0, 1] qkv_tensor_parallel=true attention_tensor_parallel=true kv_cache_distributed=true attention_scope=rank-local-global transport=native-p2p native_p2p=true replicated_decode_input_prepared=true performance_claim=false
[step-tp-o] load layer=4 devices=[0, 1] projection=o o_tensor_parallel=true attention_local=true kv_local=true transport=native-p2p native_p2p=true reduction=global-tp8-block-order output=root-readback performance_claim=false
[step-tp] layer=4 devices=[0, 1] experts=288 tp=2 artifact=nvfp4 expert_layout=tensor-parallel transport=native-p2p native_p2p=true performance_claim=false
[bf16-mmv] RESIDENT blk.4.ffn_gate_shexp.weight ne=[4096, 1280] n=5242880 admit=bf16_mmv
[bf16-mmv] RESIDENT blk.4.ffn_up_shexp.weight ne=[4096, 1280] n=5242880 admit=bf16_mmv
[bf16-mmv] RESIDENT blk.4.ffn_down_shexp.weight ne=[1280, 4096] n=5242880 admit=bf16_mmv
[bf16-mmv] RESIDENT blk.5.attn_q.weight ne=[4096, 12288] n=50331648 admit=bf16_mmv
[bf16-mmv] RESIDENT blk.5.attn_k.weight ne=[4096, 1024] n=4194304 admit=bf16_mmv
[bf16-mmv] RESIDENT blk.5.attn_v.weight ne=[4096, 1024] n=4194304 admit=bf16_mmv
[bf16-mmv] RESIDENT blk.5.attn_output.weight ne=[12288, 4096] n=50331648 admit=bf16_mmv
[step-tp-qkv] load layer=5 devices=[0, 1] projections=qkv qkv_tensor_parallel=true attention_local=true kv_local=true output_local=true transport=native-p2p native_p2p=true output=root-readback performance_claim=false
[step-tp-attn-plan] load layer=5 devices=[0, 1] qkv_tensor_parallel=true attention_tensor_parallel=true kv_cache_distributed=true attention_scope=rank-local-swa-ring transport=native-p2p native_p2p=true replicated_decode_input_prepared=true performance_claim=false
[step-tp-o] load layer=5 devices=[0, 1] projection=o o_tensor_parallel=true attention_local=true kv_local=true transport=native-p2p native_p2p=true reduction=global-tp8-block-order output=root-readback performance_claim=false
[step-tp] layer=5 devices=[0, 1] experts=288 tp=2 artifact=nvfp4 expert_layout=tensor-parallel transport=native-p2p native_p2p=true performance_claim=false
[bf16-mmv] RESIDENT blk.5.ffn_gate_shexp.weight ne=[4096, 1280] n=5242880 admit=bf16_mmv
[bf16-mmv] RESIDENT blk.5.ffn_up_shexp.weight ne=[4096, 1280] n=5242880 admit=bf16_mmv
[bf16-mmv] RESIDENT blk.5.ffn_down_shexp.weight ne=[1280, 4096] n=5242880 admit=bf16_mmv
[bf16-mmv] RESIDENT blk.6.attn_q.weight ne=[4096, 12288] n=50331648 admit=bf16_mmv
[bf16-mmv] RESIDENT blk.6.attn_k.weight ne=[4096, 1024] n=4194304 admit=bf16_mmv
[bf16-mmv] RESIDENT blk.6.attn_v.weight ne=[4096, 1024] n=4194304 admit=bf16_mmv
[bf16-mmv] RESIDENT blk.6.attn_output.weight ne=[12288, 4096] n=50331648 admit=bf16_mmv
[step-tp-qkv] load layer=6 devices=[0, 1] projections=qkv qkv_tensor_parallel=true attention_local=true kv_local=true output_local=true transport=native-p2p native_p2p=true output=root-readback performance_claim=false
[step-tp-attn-plan] load layer=6 devices=[0, 1] qkv_tensor_parallel=true attention_tensor_parallel=true kv_cache_distributed=true attention_scope=rank-local-swa-ring transport=native-p2p native_p2p=true replicated_decode_input_prepared=true performance_claim=false
[step-tp-o] load layer=6 devices=[0, 1] projection=o o_tensor_parallel=true attention_local=true kv_local=true transport=native-p2p native_p2p=true reduction=global-tp8-block-order output=root-readback performance_claim=false
[step-tp] layer=6 devices=[0, 1] experts=288 tp=2 artifact=nvfp4 expert_layout=tensor-parallel transport=native-p2p native_p2p=true performance_claim=false
[bf16-mmv] RESIDENT blk.6.ffn_gate_shexp.weight ne=[4096, 1280] n=5242880 admit=bf16_mmv
[bf16-mmv] RESIDENT blk.6.ffn_up_shexp.weight ne=[4096, 1280] n=5242880 admit=bf16_mmv
[bf16-mmv] RESIDENT blk.6.ffn_down_shexp.weight ne=[1280, 4096] n=5242880 admit=bf16_mmv
[bf16-mmv] RESIDENT blk.7.attn_q.weight ne=[4096, 12288] n=50331648 admit=bf16_mmv
[bf16-mmv] RESIDENT blk.7.attn_k.weight ne=[4096, 1024] n=4194304 admit=bf16_mmv
[bf16-mmv] RESIDENT blk.7.attn_v.weight ne=[4096, 1024] n=4194304 admit=bf16_mmv
[bf16-mmv] RESIDENT blk.7.attn_output.weight ne=[12288, 4096] n=50331648 admit=bf16_mmv
[step-tp-qkv] load layer=7 devices=[0, 1] projections=qkv qkv_tensor_parallel=true attention_local=true kv_local=true output_local=true transport=native-p2p native_p2p=true output=root-readback performance_claim=false
[step-tp-attn-plan] load layer=7 devices=[0, 1] qkv_tensor_parallel=true attention_tensor_parallel=true kv_cache_distributed=true attention_scope=rank-local-swa-ring transport=native-p2p native_p2p=true replicated_decode_input_prepared=true performance_claim=false
[step-tp-o] load layer=7 devices=[0, 1] projection=o o_tensor_parallel=true attention_local=true kv_local=true transport=native-p2p native_p2p=true reduction=global-tp8-block-order output=root-readback performance_claim=false
[step-tp] layer=7 devices=[0, 1] experts=288 tp=2 artifact=nvfp4 expert_layout=tensor-parallel transport=native-p2p native_p2p=true performance_claim=false
[bf16-mmv] RESIDENT blk.7.ffn_gate_shexp.weight ne=[4096, 1280] n=5242880 admit=bf16_mmv
[bf16-mmv] RESIDENT blk.7.ffn_up_shexp.weight ne=[4096, 1280] n=5242880 admit=bf16_mmv
[bf16-mmv] RESIDENT blk.7.ffn_down_shexp.weight ne=[1280, 4096] n=5242880 admit=bf16_mmv
[bf16-mmv] RESIDENT blk.8.attn_q.weight ne=[4096, 8192] n=33554432 admit=bf16_mmv
[bf16-mmv] RESIDENT blk.8.attn_k.weight ne=[4096, 1024] n=4194304 admit=bf16_mmv
[bf16-mmv] RESIDENT blk.8.attn_v.weight ne=[4096, 1024] n=4194304 admit=bf16_mmv
[bf16-mmv] RESIDENT blk.8.attn_output.weight ne=[8192, 4096] n=33554432 admit=bf16_mmv
[step-tp-qkv] load layer=8 devices=[0, 1] projections=qkv qkv_tensor_parallel=true attention_local=true kv_local=true output_local=true transport=native-p2p native_p2p=true output=root-readback performance_claim=false
[step-tp-attn-plan] load layer=8 devices=[0, 1] qkv_tensor_parallel=true attention_tensor_parallel=true kv_cache_distributed=true attention_scope=rank-local-global transport=native-p2p native_p2p=true replicated_decode_input_prepared=true performance_claim=false
[step-tp-o] load layer=8 devices=[0, 1] projection=o o_tensor_parallel=true attention_local=true kv_local=true transport=native-p2p native_p2p=true reduction=global-tp8-block-order output=root-readback performance_claim=false
[step-tp] layer=8 devices=[0, 1] experts=288 tp=2 artifact=nvfp4 expert_layout=tensor-parallel transport=native-p2p native_p2p=true performance_claim=false
[bf16-mmv] RESIDENT blk.8.ffn_gate_shexp.weight ne=[4096, 1280] n=5242880 admit=bf16_mmv
[bf16-mmv] RESIDENT blk.8.ffn_up_shexp.weight ne=[4096, 1280] n=5242880 admit=bf16_mmv
[bf16-mmv] RESIDENT blk.8.ffn_down_shexp.weight ne=[1280, 4096] n=5242880 admit=bf16_mmv
[bf16-mmv] RESIDENT blk.9.attn_q.weight ne=[4096, 12288] n=50331648 admit=bf16_mmv
[bf16-mmv] RESIDENT blk.9.attn_k.weight ne=[4096, 1024] n=4194304 admit=bf16_mmv
[bf16-mmv] RESIDENT blk.9.attn_v.weight ne=[4096, 1024] n=4194304 admit=bf16_mmv
[bf16-mmv] RESIDENT blk.9.attn_output.weight ne=[12288, 4096] n=50331648 admit=bf16_mmv
[step-tp-qkv] load layer=9 devices=[0, 1] projections=qkv qkv_tensor_parallel=true attention_local=true kv_local=true output_local=true transport=native-p2p native_p2p=true output=root-readback performance_claim=false
[step-tp-attn-plan] load layer=9 devices=[0, 1] qkv_tensor_parallel=true attention_tensor_parallel=true kv_cache_distributed=true attention_scope=rank-local-swa-ring transport=native-p2p native_p2p=true replicated_decode_input_prepared=true performance_claim=false
[step-tp-o] load layer=9 devices=[0, 1] projection=o o_tensor_parallel=true attention_local=true kv_local=true transport=native-p2p native_p2p=true reduction=global-tp8-block-order output=root-readback performance_claim=false
[step-tp] layer=9 devices=[0, 1] experts=288 tp=2 artifact=nvfp4 expert_layout=tensor-parallel transport=native-p2p native_p2p=true performance_claim=false
[bf16-mmv] RESIDENT blk.9.ffn_gate_shexp.weight ne=[4096, 1280] n=5242880 admit=bf16_mmv
[bf16-mmv] RESIDENT blk.9.ffn_up_shexp.weight ne=[4096, 1280] n=5242880 admit=bf16_mmv
[bf16-mmv] RESIDENT blk.9.ffn_down_shexp.weight ne=[1280, 4096] n=5242880 admit=bf16_mmv
[bf16-mmv] RESIDENT blk.10.attn_q.weight ne=[4096, 12288] n=50331648 admit=bf16_mmv
[bf16-mmv] RESIDENT blk.10.attn_k.weight ne=[4096, 1024] n=4194304 admit=bf16_mmv
[bf16-mmv] RESIDENT blk.10.attn_v.weight ne=[4096, 1024] n=4194304 admit=bf16_mmv
[bf16-mmv] RESIDENT blk.10.attn_output.weight ne=[12288, 4096] n=50331648 admit=bf16_mmv
[step-tp-qkv] load layer=10 devices=[0, 1] projections=qkv qkv_tensor_parallel=true attention_local=true kv_local=true output_local=true transport=native-p2p native_p2p=true output=root-readback performance_claim=false
[step-tp-attn-plan] load layer=10 devices=[0, 1] qkv_tensor_parallel=true attention_tensor_parallel=true kv_cache_distributed=true attention_scope=rank-local-swa-ring transport=native-p2p native_p2p=true replicated_decode_input_prepared=true performance_claim=false
[step-tp-o] load layer=10 devices=[0, 1] projection=o o_tensor_parallel=true attention_local=true kv_local=true transport=native-p2p native_p2p=true reduction=global-tp8-block-order output=root-readback performance_claim=false
[step-tp] layer=10 devices=[0, 1] experts=288 tp=2 artifact=nvfp4 expert_layout=tensor-parallel transport=native-p2p native_p2p=true performance_claim=false
[bf16-mmv] RESIDENT blk.10.ffn_gate_shexp.weight ne=[4096, 1280] n=5242880 admit=bf16_mmv
[bf16-mmv] RESIDENT blk.10.ffn_up_shexp.weight ne=[4096, 1280] n=5242880 admit=bf16_mmv
[bf16-mmv] RESIDENT blk.10.ffn_down_shexp.weight ne=[1280, 4096] n=5242880 admit=bf16_mmv
[bf16-mmv] RESIDENT blk.11.attn_q.weight ne=[4096, 12288] n=50331648 admit=bf16_mmv
[bf16-mmv] RESIDENT blk.11.attn_k.weight ne=[4096, 1024] n=4194304 admit=bf16_mmv
[bf16-mmv] RESIDENT blk.11.attn_v.weight ne=[4096, 1024] n=4194304 admit=bf16_mmv
[bf16-mmv] RESIDENT blk.11.attn_output.weight ne=[12288, 4096] n=50331648 admit=bf16_mmv
[step-tp-qkv] load layer=11 devices=[0, 1] projections=qkv qkv_tensor_parallel=true attention_local=true kv_local=true output_local=true transport=native-p2p native_p2p=true output=root-readback performance_claim=false
[step-tp-attn-plan] load layer=11 devices=[0, 1] qkv_tensor_parallel=true attention_tensor_parallel=true kv_cache_distributed=true attention_scope=rank-local-swa-ring transport=native-p2p native_p2p=true replicated_decode_input_prepared=true performance_claim=false
[step-tp-o] load layer=11 devices=[0, 1] projection=o o_tensor_parallel=true attention_local=true kv_local=true transport=native-p2p native_p2p=true reduction=global-tp8-block-order output=root-readback performance_claim=false
[step-tp] layer=11 devices=[0, 1] experts=288 tp=2 artifact=nvfp4 expert_layout=tensor-parallel transport=native-p2p native_p2p=true performance_claim=false
[bf16-mmv] RESIDENT blk.11.ffn_gate_shexp.weight ne=[4096, 1280] n=5242880 admit=bf16_mmv
[bf16-mmv] RESIDENT blk.11.ffn_up_shexp.weight ne=[4096, 1280] n=5242880 admit=bf16_mmv
[bf16-mmv] RESIDENT blk.11.ffn_down_shexp.weight ne=[1280, 4096] n=5242880 admit=bf16_mmv
[bf16-mmv] RESIDENT blk.12.attn_q.weight ne=[4096, 8192] n=33554432 admit=bf16_mmv
[bf16-mmv] RESIDENT blk.12.attn_k.weight ne=[4096, 1024] n=4194304 admit=bf16_mmv
[bf16-mmv] RESIDENT blk.12.attn_v.weight ne=[4096, 1024] n=4194304 admit=bf16_mmv
[bf16-mmv] RESIDENT blk.12.attn_output.weight ne=[8192, 4096] n=33554432 admit=bf16_mmv
[step-tp-qkv] load layer=12 devices=[0, 1] projections=qkv qkv_tensor_parallel=true attention_local=true kv_local=true output_local=true transport=native-p2p native_p2p=true output=root-readback performance_claim=false
[step-tp-attn-plan] load layer=12 devices=[0, 1] qkv_tensor_parallel=true attention_tensor_parallel=true kv_cache_distributed=true attention_scope=rank-local-global transport=native-p2p native_p2p=true replicated_decode_input_prepared=true performance_claim=false
[step-tp-o] load layer=12 devices=[0, 1] projection=o o_tensor_parallel=true attention_local=true kv_local=true transport=native-p2p native_p2p=true reduction=global-tp8-block-order output=root-readback performance_claim=false
[step-tp] layer=12 devices=[0, 1] experts=288 tp=2 artifact=nvfp4 expert_layout=tensor-parallel transport=native-p2p native_p2p=true performance_claim=false
[bf16-mmv] RESIDENT blk.12.ffn_gate_shexp.weight ne=[4096, 1280] n=5242880 admit=bf16_mmv
[bf16-mmv] RESIDENT blk.12.ffn_up_shexp.weight ne=[4096, 1280] n=5242880 admit=bf16_mmv
[bf16-mmv] RESIDENT blk.12.ffn_down_shexp.weight ne=[1280, 4096] n=5242880 admit=bf16_mmv
[bf16-mmv] RESIDENT blk.13.attn_q.weight ne=[4096, 12288] n=50331648 admit=bf16_mmv
[bf16-mmv] RESIDENT blk.13.attn_k.weight ne=[4096, 1024] n=4194304 admit=bf16_mmv
[bf16-mmv] RESIDENT blk.13.attn_v.weight ne=[4096, 1024] n=4194304 admit=bf16_mmv
[bf16-mmv] RESIDENT blk.13.attn_output.weight ne=[12288, 4096] n=50331648 admit=bf16_mmv
[step-tp-qkv] load layer=13 devices=[0, 1] projections=qkv qkv_tensor_parallel=true attention_local=true kv_local=true output_local=true transport=native-p2p native_p2p=true output=root-readback performance_claim=false
[step-tp-attn-plan] load layer=13 devices=[0, 1] qkv_tensor_parallel=true attention_tensor_parallel=true kv_cache_distributed=true attention_scope=rank-local-swa-ring transport=native-p2p native_p2p=true replicated_decode_input_prepared=true performance_claim=false
[step-tp-o] load layer=13 devices=[0, 1] projection=o o_tensor_parallel=true attention_local=true kv_local=true transport=native-p2p native_p2p=true reduction=global-tp8-block-order output=root-readback performance_claim=false
[step-tp] layer=13 devices=[0, 1] experts=288 tp=2 artifact=nvfp4 expert_layout=tensor-parallel transport=native-p2p native_p2p=true performance_claim=false
[bf16-mmv] RESIDENT blk.13.ffn_gate_shexp.weight ne=[4096, 1280] n=5242880 admit=bf16_mmv
[bf16-mmv] RESIDENT blk.13.ffn_up_shexp.weight ne=[4096, 1280] n=5242880 admit=bf16_mmv
[bf16-mmv] RESIDENT blk.13.ffn_down_shexp.weight ne=[1280, 4096] n=5242880 admit=bf16_mmv
[bf16-mmv] RESIDENT blk.14.attn_q.weight ne=[4096, 12288] n=50331648 admit=bf16_mmv
[bf16-mmv] RESIDENT blk.14.attn_k.weight ne=[4096, 1024] n=4194304 admit=bf16_mmv
[bf16-mmv] RESIDENT blk.14.attn_v.weight ne=[4096, 1024] n=4194304 admit=bf16_mmv
[bf16-mmv] RESIDENT blk.14.attn_output.weight ne=[12288, 4096] n=50331648 admit=bf16_mmv
[step-tp-qkv] load layer=14 devices=[0, 1] projections=qkv qkv_tensor_parallel=true attention_local=true kv_local=true output_local=true transport=native-p2p native_p2p=true output=root-readback performance_claim=false
[step-tp-attn-plan] load layer=14 devices=[0, 1] qkv_tensor_parallel=true attention_tensor_parallel=true kv_cache_distributed=true attention_scope=rank-local-swa-ring transport=native-p2p native_p2p=true replicated_decode_input_prepared=true performance_claim=false
[step-tp-o] load layer=14 devices=[0, 1] projection=o o_tensor_parallel=true attention_local=true kv_local=true transport=native-p2p native_p2p=true reduction=global-tp8-block-order output=root-readback performance_claim=false
[step-tp] layer=14 devices=[0, 1] experts=288 tp=2 artifact=nvfp4 expert_layout=tensor-parallel transport=native-p2p native_p2p=true performance_claim=false
[bf16-mmv] RESIDENT blk.14.ffn_gate_shexp.weight ne=[4096, 1280] n=5242880 admit=bf16_mmv
[bf16-mmv] RESIDENT blk.14.ffn_up_shexp.weight ne=[4096, 1280] n=5242880 admit=bf16_mmv
[bf16-mmv] RESIDENT blk.14.ffn_down_shexp.weight ne=[1280, 4096] n=5242880 admit=bf16_mmv
[bf16-mmv] RESIDENT blk.15.attn_q.weight ne=[4096, 12288] n=50331648 admit=bf16_mmv
[bf16-mmv] RESIDENT blk.15.attn_k.weight ne=[4096, 1024] n=4194304 admit=bf16_mmv
[bf16-mmv] RESIDENT blk.15.attn_v.weight ne=[4096, 1024] n=4194304 admit=bf16_mmv
[bf16-mmv] RESIDENT blk.15.attn_output.weight ne=[12288, 4096] n=50331648 admit=bf16_mmv
[step-tp-qkv] load layer=15 devices=[0, 1] projections=qkv qkv_tensor_parallel=true attention_local=true kv_local=true output_local=true transport=native-p2p native_p2p=true output=root-readback performance_claim=false
[step-tp-attn-plan] load layer=15 devices=[0, 1] qkv_tensor_parallel=true attention_tensor_parallel=true kv_cache_distributed=true attention_scope=rank-local-swa-ring transport=native-p2p native_p2p=true replicated_decode_input_prepared=true performance_claim=false
[step-tp-o] load layer=15 devices=[0, 1] projection=o o_tensor_parallel=true attention_local=true kv_local=true transport=native-p2p native_p2p=true reduction=global-tp8-block-order output=root-readback performance_claim=false
[step-tp] layer=15 devices=[0, 1] experts=288 tp=2 artifact=nvfp4 expert_layout=tensor-parallel transport=native-p2p native_p2p=true performance_claim=false
[bf16-mmv] RESIDENT blk.15.ffn_gate_shexp.weight ne=[4096, 1280] n=5242880 admit=bf16_mmv
[bf16-mmv] RESIDENT blk.15.ffn_up_shexp.weight ne=[4096, 1280] n=5242880 admit=bf16_mmv
[bf16-mmv] RESIDENT blk.15.ffn_down_shexp.weight ne=[1280, 4096] n=5242880 admit=bf16_mmv
[bf16-mmv] RESIDENT blk.16.attn_q.weight ne=[4096, 8192] n=33554432 admit=bf16_mmv
[bf16-mmv] RESIDENT blk.16.attn_k.weight ne=[4096, 1024] n=4194304 admit=bf16_mmv
[bf16-mmv] RESIDENT blk.16.attn_v.weight ne=[4096, 1024] n=4194304 admit=bf16_mmv
[bf16-mmv] RESIDENT blk.16.attn_output.weight ne=[8192, 4096] n=33554432 admit=bf16_mmv
[step-tp-qkv] load layer=16 devices=[0, 1] projections=qkv qkv_tensor_parallel=true attention_local=true kv_local=true output_local=true transport=native-p2p native_p2p=true output=root-readback performance_claim=false
[step-tp-attn-plan] load layer=16 devices=[0, 1] qkv_tensor_parallel=true attention_tensor_parallel=true kv_cache_distributed=true attention_scope=rank-local-global transport=native-p2p native_p2p=true replicated_decode_input_prepared=true performance_claim=false
[step-tp-o] load layer=16 devices=[0, 1] projection=o o_tensor_parallel=true attention_local=true kv_local=true transport=native-p2p native_p2p=true reduction=global-tp8-block-order output=root-readback performance_claim=false
[step-tp] layer=16 devices=[0, 1] experts=288 tp=2 artifact=nvfp4 expert_layout=tensor-parallel transport=native-p2p native_p2p=true performance_claim=false
[bf16-mmv] RESIDENT blk.16.ffn_gate_shexp.weight ne=[4096, 1280] n=5242880 admit=bf16_mmv
[bf16-mmv] RESIDENT blk.16.ffn_up_shexp.weight ne=[4096, 1280] n=5242880 admit=bf16_mmv
[bf16-mmv] RESIDENT blk.16.ffn_down_shexp.weight ne=[1280, 4096] n=5242880 admit=bf16_mmv
[bf16-mmv] RESIDENT blk.17.attn_q.weight ne=[4096, 12288] n=50331648 admit=bf16_mmv
[bf16-mmv] RESIDENT blk.17.attn_k.weight ne=[4096, 1024] n=4194304 admit=bf16_mmv
[bf16-mmv] RESIDENT blk.17.attn_v.weight ne=[4096, 1024] n=4194304 admit=bf16_mmv
[bf16-mmv] RESIDENT blk.17.attn_output.weight ne=[12288, 4096] n=50331648 admit=bf16_mmv
[step-tp-qkv] load layer=17 devices=[0, 1] projections=qkv qkv_tensor_parallel=true attention_local=true kv_local=true output_local=true transport=native-p2p native_p2p=true output=root-readback performance_claim=false
[step-tp-attn-plan] load layer=17 devices=[0, 1] qkv_tensor_parallel=true attention_tensor_parallel=true kv_cache_distributed=true attention_scope=rank-local-swa-ring transport=native-p2p native_p2p=true replicated_decode_input_prepared=true performance_claim=false
[step-tp-o] load layer=17 devices=[0, 1] projection=o o_tensor_parallel=true attention_local=true kv_local=true transport=native-p2p native_p2p=true reduction=global-tp8-block-order output=root-readback performance_claim=false
[step-tp] layer=17 devices=[0, 1] experts=288 tp=2 artifact=nvfp4 expert_layout=tensor-parallel transport=native-p2p native_p2p=true performance_claim=false
[bf16-mmv] RESIDENT blk.17.ffn_gate_shexp.weight ne=[4096, 1280] n=5242880 admit=bf16_mmv
[bf16-mmv] RESIDENT blk.17.ffn_up_shexp.weight ne=[4096, 1280] n=5242880 admit=bf16_mmv
[bf16-mmv] RESIDENT blk.17.ffn_down_shexp.weight ne=[1280, 4096] n=5242880 admit=bf16_mmv
[bf16-mmv] RESIDENT blk.18.attn_q.weight ne=[4096, 12288] n=50331648 admit=bf16_mmv
[bf16-mmv] RESIDENT blk.18.attn_k.weight ne=[4096, 1024] n=4194304 admit=bf16_mmv
[bf16-mmv] RESIDENT blk.18.attn_v.weight ne=[4096, 1024] n=4194304 admit=bf16_mmv
[bf16-mmv] RESIDENT blk.18.attn_output.weight ne=[12288, 4096] n=50331648 admit=bf16_mmv
[step-tp-qkv] load layer=18 devices=[0, 1] projections=qkv qkv_tensor_parallel=true attention_local=true kv_local=true output_local=true transport=native-p2p native_p2p=true output=root-readback performance_claim=false
[step-tp-attn-plan] load layer=18 devices=[0, 1] qkv_tensor_parallel=true attention_tensor_parallel=true kv_cache_distributed=true attention_scope=rank-local-swa-ring transport=native-p2p native_p2p=true replicated_decode_input_prepared=true performance_claim=false
[step-tp-o] load layer=18 devices=[0, 1] projection=o o_tensor_parallel=true attention_local=true kv_local=true transport=native-p2p native_p2p=true reduction=global-tp8-block-order output=root-readback performance_claim=false
[step-tp] layer=18 devices=[0, 1] experts=288 tp=2 artifact=nvfp4 expert_layout=tensor-parallel transport=native-p2p native_p2p=true performance_claim=false
[bf16-mmv] RESIDENT blk.18.ffn_gate_shexp.weight ne=[4096, 1280] n=5242880 admit=bf16_mmv
[bf16-mmv] RESIDENT blk.18.ffn_up_shexp.weight ne=[4096, 1280] n=5242880 admit=bf16_mmv
[bf16-mmv] RESIDENT blk.18.ffn_down_shexp.weight ne=[1280, 4096] n=5242880 admit=bf16_mmv
[bf16-mmv] RESIDENT blk.19.attn_q.weight ne=[4096, 12288] n=50331648 admit=bf16_mmv
[bf16-mmv] RESIDENT blk.19.attn_k.weight ne=[4096, 1024] n=4194304 admit=bf16_mmv
[bf16-mmv] RESIDENT blk.19.attn_v.weight ne=[4096, 1024] n=4194304 admit=bf16_mmv
[bf16-mmv] RESIDENT blk.19.attn_output.weight ne=[12288, 4096] n=50331648 admit=bf16_mmv
[step-tp-qkv] load layer=19 devices=[0, 1] projections=qkv qkv_tensor_parallel=true attention_local=true kv_local=true output_local=true transport=native-p2p native_p2p=true output=root-readback performance_claim=false
[step-tp-attn-plan] load layer=19 devices=[0, 1] qkv_tensor_parallel=true attention_tensor_parallel=true kv_cache_distributed=true attention_scope=rank-local-swa-ring transport=native-p2p native_p2p=true replicated_decode_input_prepared=true performance_claim=false
[step-tp-o] load layer=19 devices=[0, 1] projection=o o_tensor_parallel=true attention_local=true kv_local=true transport=native-p2p native_p2p=true reduction=global-tp8-block-order output=root-readback performance_claim=false
[step-tp] layer=19 devices=[0, 1] experts=288 tp=2 artifact=nvfp4 expert_layout=tensor-parallel transport=native-p2p native_p2p=true performance_claim=false
[bf16-mmv] RESIDENT blk.19.ffn_gate_shexp.weight ne=[4096, 1280] n=5242880 admit=bf16_mmv
[bf16-mmv] RESIDENT blk.19.ffn_up_shexp.weight ne=[4096, 1280] n=5242880 admit=bf16_mmv
[bf16-mmv] RESIDENT blk.19.ffn_down_shexp.weight ne=[1280, 4096] n=5242880 admit=bf16_mmv
[bf16-mmv] RESIDENT blk.20.attn_q.weight ne=[4096, 8192] n=33554432 admit=bf16_mmv
[bf16-mmv] RESIDENT blk.20.attn_k.weight ne=[4096, 1024] n=4194304 admit=bf16_mmv
[bf16-mmv] RESIDENT blk.20.attn_v.weight ne=[4096, 1024] n=4194304 admit=bf16_mmv
[bf16-mmv] RESIDENT blk.20.attn_output.weight ne=[8192, 4096] n=33554432 admit=bf16_mmv
[step-tp-qkv] load layer=20 devices=[0, 1] projections=qkv qkv_tensor_parallel=true attention_local=true kv_local=true output_local=true transport=native-p2p native_p2p=true output=root-readback performance_claim=false
[step-tp-attn-plan] load layer=20 devices=[0, 1] qkv_tensor_parallel=true attention_tensor_parallel=true kv_cache_distributed=true attention_scope=rank-local-global transport=native-p2p native_p2p=true replicated_decode_input_prepared=true performance_claim=false
[step-tp-o] load layer=20 devices=[0, 1] projection=o o_tensor_parallel=true attention_local=true kv_local=true transport=native-p2p native_p2p=true reduction=global-tp8-block-order output=root-readback performance_claim=false
[step-tp] layer=20 devices=[0, 1] experts=288 tp=2 artifact=nvfp4 expert_layout=tensor-parallel transport=native-p2p native_p2p=true performance_claim=false
[bf16-mmv] RESIDENT blk.20.ffn_gate_shexp.weight ne=[4096, 1280] n=5242880 admit=bf16_mmv
[bf16-mmv] RESIDENT blk.20.ffn_up_shexp.weight ne=[4096, 1280] n=5242880 admit=bf16_mmv
[bf16-mmv] RESIDENT blk.20.ffn_down_shexp.weight ne=[1280, 4096] n=5242880 admit=bf16_mmv
[bf16-mmv] RESIDENT blk.21.attn_q.weight ne=[4096, 12288] n=50331648 admit=bf16_mmv
[bf16-mmv] RESIDENT blk.21.attn_k.weight ne=[4096, 1024] n=4194304 admit=bf16_mmv
[bf16-mmv] RESIDENT blk.21.attn_v.weight ne=[4096, 1024] n=4194304 admit=bf16_mmv
[bf16-mmv] RESIDENT blk.21.attn_output.weight ne=[12288, 4096] n=50331648 admit=bf16_mmv
[step-tp-qkv] load layer=21 devices=[0, 1] projections=qkv qkv_tensor_parallel=true attention_local=true kv_local=true output_local=true transport=native-p2p native_p2p=true output=root-readback performance_claim=false
[step-tp-attn-plan] load layer=21 devices=[0, 1] qkv_tensor_parallel=true attention_tensor_parallel=true kv_cache_distributed=true attention_scope=rank-local-swa-ring transport=native-p2p native_p2p=true replicated_decode_input_prepared=true performance_claim=false
[step-tp-o] load layer=21 devices=[0, 1] projection=o o_tensor_parallel=true attention_local=true kv_local=true transport=native-p2p native_p2p=true reduction=global-tp8-block-order output=root-readback performance_claim=false
[step-tp] layer=21 devices=[0, 1] experts=288 tp=2 artifact=nvfp4 expert_layout=tensor-parallel transport=native-p2p native_p2p=true performance_claim=false
[bf16-mmv] RESIDENT blk.21.ffn_gate_shexp.weight ne=[4096, 1280] n=5242880 admit=bf16_mmv
[bf16-mmv] RESIDENT blk.21.ffn_up_shexp.weight ne=[4096, 1280] n=5242880 admit=bf16_mmv
[bf16-mmv] RESIDENT blk.21.ffn_down_shexp.weight ne=[1280, 4096] n=5242880 admit=bf16_mmv
[bf16-mmv] RESIDENT blk.22.attn_q.weight ne=[4096, 12288] n=50331648 admit=bf16_mmv
[bf16-mmv] RESIDENT blk.22.attn_k.weight ne=[4096, 1024] n=4194304 admit=bf16_mmv
[bf16-mmv] RESIDENT blk.22.attn_v.weight ne=[4096, 1024] n=4194304 admit=bf16_mmv
[bf16-mmv] RESIDENT blk.22.attn_output.weight ne=[12288, 4096] n=50331648 admit=bf16_mmv
[step-tp-qkv] load layer=22 devices=[0, 1] projections=qkv qkv_tensor_parallel=true attention_local=true kv_local=true output_local=true transport=native-p2p native_p2p=true output=root-readback performance_claim=false
[step-tp-attn-plan] load layer=22 devices=[0, 1] qkv_tensor_parallel=true attention_tensor_parallel=true kv_cache_distributed=true attention_scope=rank-local-swa-ring transport=native-p2p native_p2p=true replicated_decode_input_prepared=true performance_claim=false
[step-tp-o] load layer=22 devices=[0, 1] projection=o o_tensor_parallel=true attention_local=true kv_local=true transport=native-p2p native_p2p=true reduction=global-tp8-block-order output=root-readback performance_claim=false
[step-tp] layer=22 devices=[0, 1] experts=288 tp=2 artifact=nvfp4 expert_layout=tensor-parallel transport=native-p2p native_p2p=true performance_claim=false
[bf16-mmv] RESIDENT blk.22.ffn_gate_shexp.weight ne=[4096, 1280] n=5242880 admit=bf16_mmv
[bf16-mmv] RESIDENT blk.22.ffn_up_shexp.weight ne=[4096, 1280] n=5242880 admit=bf16_mmv
[bf16-mmv] RESIDENT blk.22.ffn_down_shexp.weight ne=[1280, 4096] n=5242880 admit=bf16_mmv
[bf16-mmv] RESIDENT blk.23.attn_q.weight ne=[4096, 12288] n=50331648 admit=bf16_mmv
[bf16-mmv] RESIDENT blk.23.attn_k.weight ne=[4096, 1024] n=4194304 admit=bf16_mmv
[bf16-mmv] RESIDENT blk.23.attn_v.weight ne=[4096, 1024] n=4194304 admit=bf16_mmv
[bf16-mmv] RESIDENT blk.23.attn_output.weight ne=[12288, 4096] n=50331648 admit=bf16_mmv
[step-tp-qkv] load layer=23 devices=[0, 1] projections=qkv qkv_tensor_parallel=true attention_local=true kv_local=true output_local=true transport=native-p2p native_p2p=true output=root-readback performance_claim=false
[step-tp-attn-plan] load layer=23 devices=[0, 1] qkv_tensor_parallel=true attention_tensor_parallel=true kv_cache_distributed=true attention_scope=rank-local-swa-ring transport=native-p2p native_p2p=true replicated_decode_input_prepared=true performance_claim=false
[step-tp-o] load layer=23 devices=[0, 1] projection=o o_tensor_parallel=true attention_local=true kv_local=true transport=native-p2p native_p2p=true reduction=global-tp8-block-order output=root-readback performance_claim=false
[step-tp] layer=23 devices=[0, 1] experts=288 tp=2 artifact=nvfp4 expert_layout=tensor-parallel transport=native-p2p native_p2p=true performance_claim=false
[bf16-mmv] RESIDENT blk.23.ffn_gate_shexp.weight ne=[4096, 1280] n=5242880 admit=bf16_mmv
[bf16-mmv] RESIDENT blk.23.ffn_up_shexp.weight ne=[4096, 1280] n=5242880 admit=bf16_mmv
[bf16-mmv] RESIDENT blk.23.ffn_down_shexp.weight ne=[1280, 4096] n=5242880 admit=bf16_mmv
[bf16-mmv] RESIDENT blk.24.attn_q.weight ne=[4096, 8192] n=33554432 admit=bf16_mmv
[bf16-mmv] RESIDENT blk.24.attn_k.weight ne=[4096, 1024] n=4194304 admit=bf16_mmv
[bf16-mmv] RESIDENT blk.24.attn_v.weight ne=[4096, 1024] n=4194304 admit=bf16_mmv
[bf16-mmv] RESIDENT blk.24.attn_output.weight ne=[8192, 4096] n=33554432 admit=bf16_mmv
[step-tp-qkv] load layer=24 devices=[0, 1] projections=qkv qkv_tensor_parallel=true attention_local=true kv_local=true output_local=true transport=native-p2p native_p2p=true output=root-readback performance_claim=false
[step-tp-attn-plan] load layer=24 devices=[0, 1] qkv_tensor_parallel=true attention_tensor_parallel=true kv_cache_distributed=true attention_scope=rank-local-global transport=native-p2p native_p2p=true replicated_decode_input_prepared=true performance_claim=false
[step-tp-o] load layer=24 devices=[0, 1] projection=o o_tensor_parallel=true attention_local=true kv_local=true transport=native-p2p native_p2p=true reduction=global-tp8-block-order output=root-readback performance_claim=false
[step-tp] layer=24 devices=[0, 1] experts=288 tp=2 artifact=nvfp4 expert_layout=tensor-parallel transport=native-p2p native_p2p=true performance_claim=false
[bf16-mmv] RESIDENT blk.24.ffn_gate_shexp.weight ne=[4096, 1280] n=5242880 admit=bf16_mmv
[bf16-mmv] RESIDENT blk.24.ffn_up_shexp.weight ne=[4096, 1280] n=5242880 admit=bf16_mmv
[bf16-mmv] RESIDENT blk.24.ffn_down_shexp.weight ne=[1280, 4096] n=5242880 admit=bf16_mmv
[bf16-mmv] RESIDENT blk.25.attn_q.weight ne=[4096, 12288] n=50331648 admit=bf16_mmv
[bf16-mmv] RESIDENT blk.25.attn_k.weight ne=[4096, 1024] n=4194304 admit=bf16_mmv
[bf16-mmv] RESIDENT blk.25.attn_v.weight ne=[4096, 1024] n=4194304 admit=bf16_mmv
[bf16-mmv] RESIDENT blk.25.attn_output.weight ne=[12288, 4096] n=50331648 admit=bf16_mmv
[step-tp-qkv] load layer=25 devices=[0, 1] projections=qkv qkv_tensor_parallel=true attention_local=true kv_local=true output_local=true transport=native-p2p native_p2p=true output=root-readback performance_claim=false
[step-tp-attn-plan] load layer=25 devices=[0, 1] qkv_tensor_parallel=true attention_tensor_parallel=true kv_cache_distributed=true attention_scope=rank-local-swa-ring transport=native-p2p native_p2p=true replicated_decode_input_prepared=true performance_claim=false
[step-tp-o] load layer=25 devices=[0, 1] projection=o o_tensor_parallel=true attention_local=true kv_local=true transport=native-p2p native_p2p=true reduction=global-tp8-block-order output=root-readback performance_claim=false
[step-tp] layer=25 devices=[0, 1] experts=288 tp=2 artifact=nvfp4 expert_layout=tensor-parallel transport=native-p2p native_p2p=true performance_claim=false
[bf16-mmv] RESIDENT blk.25.ffn_gate_shexp.weight ne=[4096, 1280] n=5242880 admit=bf16_mmv
[bf16-mmv] RESIDENT blk.25.ffn_up_shexp.weight ne=[4096, 1280] n=5242880 admit=bf16_mmv
[bf16-mmv] RESIDENT blk.25.ffn_down_shexp.weight ne=[1280, 4096] n=5242880 admit=bf16_mmv
[bf16-mmv] RESIDENT blk.26.attn_q.weight ne=[4096, 12288] n=50331648 admit=bf16_mmv
[bf16-mmv] RESIDENT blk.26.attn_k.weight ne=[4096, 1024] n=4194304 admit=bf16_mmv
[bf16-mmv] RESIDENT blk.26.attn_v.weight ne=[4096, 1024] n=4194304 admit=bf16_mmv
[bf16-mmv] RESIDENT blk.26.attn_output.weight ne=[12288, 4096] n=50331648 admit=bf16_mmv
[step-tp-qkv] load layer=26 devices=[0, 1] projections=qkv qkv_tensor_parallel=true attention_local=true kv_local=true output_local=true transport=native-p2p native_p2p=true output=root-readback performance_claim=false
[step-tp-attn-plan] load layer=26 devices=[0, 1] qkv_tensor_parallel=true attention_tensor_parallel=true kv_cache_distributed=true attention_scope=rank-local-swa-ring transport=native-p2p native_p2p=true replicated_decode_input_prepared=true performance_claim=false
[step-tp-o] load layer=26 devices=[0, 1] projection=o o_tensor_parallel=true attention_local=true kv_local=true transport=native-p2p native_p2p=true reduction=global-tp8-block-order output=root-readback performance_claim=false
[step-tp] layer=26 devices=[0, 1] experts=288 tp=2 artifact=nvfp4 expert_layout=tensor-parallel transport=native-p2p native_p2p=true performance_claim=false
[bf16-mmv] RESIDENT blk.26.ffn_gate_shexp.weight ne=[4096, 1280] n=5242880 admit=bf16_mmv
[bf16-mmv] RESIDENT blk.26.ffn_up_shexp.weight ne=[4096, 1280] n=5242880 admit=bf16_mmv
[bf16-mmv] RESIDENT blk.26.ffn_down_shexp.weight ne=[1280, 4096] n=5242880 admit=bf16_mmv
[bf16-mmv] RESIDENT blk.27.attn_q.weight ne=[4096, 12288] n=50331648 admit=bf16_mmv
[bf16-mmv] RESIDENT blk.27.attn_k.weight ne=[4096, 1024] n=4194304 admit=bf16_mmv
[bf16-mmv] RESIDENT blk.27.attn_v.weight ne=[4096, 1024] n=4194304 admit=bf16_mmv
[bf16-mmv] RESIDENT blk.27.attn_output.weight ne=[12288, 4096] n=50331648 admit=bf16_mmv
[step-tp-qkv] load layer=27 devices=[0, 1] projections=qkv qkv_tensor_parallel=true attention_local=true kv_local=true output_local=true transport=native-p2p native_p2p=true output=root-readback performance_claim=false
[step-tp-attn-plan] load layer=27 devices=[0, 1] qkv_tensor_parallel=true attention_tensor_parallel=true kv_cache_distributed=true attention_scope=rank-local-swa-ring transport=native-p2p native_p2p=true replicated_decode_input_prepared=true performance_claim=false
[step-tp-o] load layer=27 devices=[0, 1] projection=o o_tensor_parallel=true attention_local=true kv_local=true transport=native-p2p native_p2p=true reduction=global-tp8-block-order output=root-readback performance_claim=false
[step-tp] layer=27 devices=[0, 1] experts=288 tp=2 artifact=nvfp4 expert_layout=tensor-parallel transport=native-p2p native_p2p=true performance_claim=false
[bf16-mmv] RESIDENT blk.27.ffn_gate_shexp.weight ne=[4096, 1280] n=5242880 admit=bf16_mmv
[bf16-mmv] RESIDENT blk.27.ffn_up_shexp.weight ne=[4096, 1280] n=5242880 admit=bf16_mmv
[bf16-mmv] RESIDENT blk.27.ffn_down_shexp.weight ne=[1280, 4096] n=5242880 admit=bf16_mmv
[bf16-mmv] RESIDENT blk.28.attn_q.weight ne=[4096, 8192] n=33554432 admit=bf16_mmv
[bf16-mmv] RESIDENT blk.28.attn_k.weight ne=[4096, 1024] n=4194304 admit=bf16_mmv
[bf16-mmv] RESIDENT blk.28.attn_v.weight ne=[4096, 1024] n=4194304 admit=bf16_mmv
[bf16-mmv] RESIDENT blk.28.attn_output.weight ne=[8192, 4096] n=33554432 admit=bf16_mmv
[step-tp-qkv] load layer=28 devices=[0, 1] projections=qkv qkv_tensor_parallel=true attention_local=true kv_local=true output_local=true transport=native-p2p native_p2p=true output=root-readback performance_claim=false
[step-tp-attn-plan] load layer=28 devices=[0, 1] qkv_tensor_parallel=true attention_tensor_parallel=true kv_cache_distributed=true attention_scope=rank-local-global transport=native-p2p native_p2p=true replicated_decode_input_prepared=true performance_claim=false
[step-tp-o] load layer=28 devices=[0, 1] projection=o o_tensor_parallel=true attention_local=true kv_local=true transport=native-p2p native_p2p=true reduction=global-tp8-block-order output=root-readback performance_claim=false
[step-tp] layer=28 devices=[0, 1] experts=288 tp=2 artifact=nvfp4 expert_layout=tensor-parallel transport=native-p2p native_p2p=true performance_claim=false
[bf16-mmv] RESIDENT blk.28.ffn_gate_shexp.weight ne=[4096, 1280] n=5242880 admit=bf16_mmv
[bf16-mmv] RESIDENT blk.28.ffn_up_shexp.weight ne=[4096, 1280] n=5242880 admit=bf16_mmv
[bf16-mmv] RESIDENT blk.28.ffn_down_shexp.weight ne=[1280, 4096] n=5242880 admit=bf16_mmv
[bf16-mmv] RESIDENT blk.29.attn_q.weight ne=[4096, 12288] n=50331648 admit=bf16_mmv
[bf16-mmv] RESIDENT blk.29.attn_k.weight ne=[4096, 1024] n=4194304 admit=bf16_mmv
[bf16-mmv] RESIDENT blk.29.attn_v.weight ne=[4096, 1024] n=4194304 admit=bf16_mmv
[bf16-mmv] RESIDENT blk.29.attn_output.weight ne=[12288, 4096] n=50331648 admit=bf16_mmv
[step-tp-qkv] load layer=29 devices=[0, 1] projections=qkv qkv_tensor_parallel=true attention_local=true kv_local=true output_local=true transport=native-p2p native_p2p=true output=root-readback performance_claim=false
[step-tp-attn-plan] load layer=29 devices=[0, 1] qkv_tensor_parallel=true attention_tensor_parallel=true kv_cache_distributed=true attention_scope=rank-local-swa-ring transport=native-p2p native_p2p=true replicated_decode_input_prepared=true performance_claim=false
[step-tp-o] load layer=29 devices=[0, 1] projection=o o_tensor_parallel=true attention_local=true kv_local=true transport=native-p2p native_p2p=true reduction=global-tp8-block-order output=root-readback performance_claim=false
[step-tp] layer=29 devices=[0, 1] experts=288 tp=2 artifact=nvfp4 expert_layout=tensor-parallel transport=native-p2p native_p2p=true performance_claim=false
[bf16-mmv] RESIDENT blk.29.ffn_gate_shexp.weight ne=[4096, 1280] n=5242880 admit=bf16_mmv
[bf16-mmv] RESIDENT blk.29.ffn_up_shexp.weight ne=[4096, 1280] n=5242880 admit=bf16_mmv
[bf16-mmv] RESIDENT blk.29.ffn_down_shexp.weight ne=[1280, 4096] n=5242880 admit=bf16_mmv
[bf16-mmv] RESIDENT blk.30.attn_q.weight ne=[4096, 12288] n=50331648 admit=bf16_mmv
[bf16-mmv] RESIDENT blk.30.attn_k.weight ne=[4096, 1024] n=4194304 admit=bf16_mmv
[bf16-mmv] RESIDENT blk.30.attn_v.weight ne=[4096, 1024] n=4194304 admit=bf16_mmv
[bf16-mmv] RESIDENT blk.30.attn_output.weight ne=[12288, 4096] n=50331648 admit=bf16_mmv
[step-tp-qkv] load layer=30 devices=[0, 1] projections=qkv qkv_tensor_parallel=true attention_local=true kv_local=true output_local=true transport=native-p2p native_p2p=true output=root-readback performance_claim=false
[step-tp-attn-plan] load layer=30 devices=[0, 1] qkv_tensor_parallel=true attention_tensor_parallel=true kv_cache_distributed=true attention_scope=rank-local-swa-ring transport=native-p2p native_p2p=true replicated_decode_input_prepared=true performance_claim=false
[step-tp-o] load layer=30 devices=[0, 1] projection=o o_tensor_parallel=true attention_local=true kv_local=true transport=native-p2p native_p2p=true reduction=global-tp8-block-order output=root-readback performance_claim=false
[step-tp] layer=30 devices=[0, 1] experts=288 tp=2 artifact=nvfp4 expert_layout=tensor-parallel transport=native-p2p native_p2p=true performance_claim=false
[bf16-mmv] RESIDENT blk.30.ffn_gate_shexp.weight ne=[4096, 1280] n=5242880 admit=bf16_mmv
[bf16-mmv] RESIDENT blk.30.ffn_up_shexp.weight ne=[4096, 1280] n=5242880 admit=bf16_mmv
[bf16-mmv] RESIDENT blk.30.ffn_down_shexp.weight ne=[1280, 4096] n=5242880 admit=bf16_mmv
[bf16-mmv] RESIDENT blk.31.attn_q.weight ne=[4096, 12288] n=50331648 admit=bf16_mmv
[bf16-mmv] RESIDENT blk.31.attn_k.weight ne=[4096, 1024] n=4194304 admit=bf16_mmv
[bf16-mmv] RESIDENT blk.31.attn_v.weight ne=[4096, 1024] n=4194304 admit=bf16_mmv
[bf16-mmv] RESIDENT blk.31.attn_output.weight ne=[12288, 4096] n=50331648 admit=bf16_mmv
[step-tp-qkv] load layer=31 devices=[0, 1] projections=qkv qkv_tensor_parallel=true attention_local=true kv_local=true output_local=true transport=native-p2p native_p2p=true output=root-readback performance_claim=false
[step-tp-attn-plan] load layer=31 devices=[0, 1] qkv_tensor_parallel=true attention_tensor_parallel=true kv_cache_distributed=true attention_scope=rank-local-swa-ring transport=native-p2p native_p2p=true replicated_decode_input_prepared=true performance_claim=false
[step-tp-o] load layer=31 devices=[0, 1] projection=o o_tensor_parallel=true attention_local=true kv_local=true transport=native-p2p native_p2p=true reduction=global-tp8-block-order output=root-readback performance_claim=false
[step-tp] layer=31 devices=[0, 1] experts=288 tp=2 artifact=nvfp4 expert_layout=tensor-parallel transport=native-p2p native_p2p=true performance_claim=false
[bf16-mmv] RESIDENT blk.31.ffn_gate_shexp.weight ne=[4096, 1280] n=5242880 admit=bf16_mmv
[bf16-mmv] RESIDENT blk.31.ffn_up_shexp.weight ne=[4096, 1280] n=5242880 admit=bf16_mmv
[bf16-mmv] RESIDENT blk.31.ffn_down_shexp.weight ne=[1280, 4096] n=5242880 admit=bf16_mmv
[bf16-mmv] RESIDENT blk.32.attn_q.weight ne=[4096, 8192] n=33554432 admit=bf16_mmv
[bf16-mmv] RESIDENT blk.32.attn_k.weight ne=[4096, 1024] n=4194304 admit=bf16_mmv
[bf16-mmv] RESIDENT blk.32.attn_v.weight ne=[4096, 1024] n=4194304 admit=bf16_mmv
[bf16-mmv] RESIDENT blk.32.attn_output.weight ne=[8192, 4096] n=33554432 admit=bf16_mmv
[step-tp-qkv] load layer=32 devices=[0, 1] projections=qkv qkv_tensor_parallel=true attention_local=true kv_local=true output_local=true transport=native-p2p native_p2p=true output=root-readback performance_claim=false
[step-tp-attn-plan] load layer=32 devices=[0, 1] qkv_tensor_parallel=true attention_tensor_parallel=true kv_cache_distributed=true attention_scope=rank-local-global transport=native-p2p native_p2p=true replicated_decode_input_prepared=true performance_claim=false
[step-tp-o] load layer=32 devices=[0, 1] projection=o o_tensor_parallel=true attention_local=true kv_local=true transport=native-p2p native_p2p=true reduction=global-tp8-block-order output=root-readback performance_claim=false
[step-tp] layer=32 devices=[0, 1] experts=288 tp=2 artifact=nvfp4 expert_layout=tensor-parallel transport=native-p2p native_p2p=true performance_claim=false
[bf16-mmv] RESIDENT blk.32.ffn_gate_shexp.weight ne=[4096, 1280] n=5242880 admit=bf16_mmv
[bf16-mmv] RESIDENT blk.32.ffn_up_shexp.weight ne=[4096, 1280] n=5242880 admit=bf16_mmv
[bf16-mmv] RESIDENT blk.32.ffn_down_shexp.weight ne=[1280, 4096] n=5242880 admit=bf16_mmv
[bf16-mmv] RESIDENT blk.33.attn_q.weight ne=[4096, 12288] n=50331648 admit=bf16_mmv
[bf16-mmv] RESIDENT blk.33.attn_k.weight ne=[4096, 1024] n=4194304 admit=bf16_mmv
[bf16-mmv] RESIDENT blk.33.attn_v.weight ne=[4096, 1024] n=4194304 admit=bf16_mmv
[bf16-mmv] RESIDENT blk.33.attn_output.weight ne=[12288, 4096] n=50331648 admit=bf16_mmv
[step-tp-qkv] load layer=33 devices=[0, 1] projections=qkv qkv_tensor_parallel=true attention_local=true kv_local=true output_local=true transport=native-p2p native_p2p=true output=root-readback performance_claim=false
[step-tp-attn-plan] load layer=33 devices=[0, 1] qkv_tensor_parallel=true attention_tensor_parallel=true kv_cache_distributed=true attention_scope=rank-local-swa-ring transport=native-p2p native_p2p=true replicated_decode_input_prepared=true performance_claim=false
[step-tp-o] load layer=33 devices=[0, 1] projection=o o_tensor_parallel=true attention_local=true kv_local=true transport=native-p2p native_p2p=true reduction=global-tp8-block-order output=root-readback performance_claim=false
[step-tp] layer=33 devices=[0, 1] experts=288 tp=2 artifact=nvfp4 expert_layout=tensor-parallel transport=native-p2p native_p2p=true performance_claim=false
[bf16-mmv] RESIDENT blk.33.ffn_gate_shexp.weight ne=[4096, 1280] n=5242880 admit=bf16_mmv
[bf16-mmv] RESIDENT blk.33.ffn_up_shexp.weight ne=[4096, 1280] n=5242880 admit=bf16_mmv
[bf16-mmv] RESIDENT blk.33.ffn_down_shexp.weight ne=[1280, 4096] n=5242880 admit=bf16_mmv
[bf16-mmv] RESIDENT blk.34.attn_q.weight ne=[4096, 12288] n=50331648 admit=bf16_mmv
[bf16-mmv] RESIDENT blk.34.attn_k.weight ne=[4096, 1024] n=4194304 admit=bf16_mmv
[bf16-mmv] RESIDENT blk.34.attn_v.weight ne=[4096, 1024] n=4194304 admit=bf16_mmv
[bf16-mmv] RESIDENT blk.34.attn_output.weight ne=[12288, 4096] n=50331648 admit=bf16_mmv
[step-tp-qkv] load layer=34 devices=[0, 1] projections=qkv qkv_tensor_parallel=true attention_local=true kv_local=true output_local=true transport=native-p2p native_p2p=true output=root-readback performance_claim=false
[step-tp-attn-plan] load layer=34 devices=[0, 1] qkv_tensor_parallel=true attention_tensor_parallel=true kv_cache_distributed=true attention_scope=rank-local-swa-ring transport=native-p2p native_p2p=true replicated_decode_input_prepared=true performance_claim=false
[step-tp-o] load layer=34 devices=[0, 1] projection=o o_tensor_parallel=true attention_local=true kv_local=true transport=native-p2p native_p2p=true reduction=global-tp8-block-order output=root-readback performance_claim=false
[step-tp] layer=34 devices=[0, 1] experts=288 tp=2 artifact=nvfp4 expert_layout=tensor-parallel transport=native-p2p native_p2p=true performance_claim=false
[bf16-mmv] RESIDENT blk.34.ffn_gate_shexp.weight ne=[4096, 1280] n=5242880 admit=bf16_mmv
[bf16-mmv] RESIDENT blk.34.ffn_up_shexp.weight ne=[4096, 1280] n=5242880 admit=bf16_mmv
[bf16-mmv] RESIDENT blk.34.ffn_down_shexp.weight ne=[1280, 4096] n=5242880 admit=bf16_mmv
[bf16-mmv] RESIDENT blk.35.attn_q.weight ne=[4096, 12288] n=50331648 admit=bf16_mmv
[bf16-mmv] RESIDENT blk.35.attn_k.weight ne=[4096, 1024] n=4194304 admit=bf16_mmv
[bf16-mmv] RESIDENT blk.35.attn_v.weight ne=[4096, 1024] n=4194304 admit=bf16_mmv
[bf16-mmv] RESIDENT blk.35.attn_output.weight ne=[12288, 4096] n=50331648 admit=bf16_mmv
[step-tp-qkv] load layer=35 devices=[0, 1] projections=qkv qkv_tensor_parallel=true attention_local=true kv_local=true output_local=true transport=native-p2p native_p2p=true output=root-readback performance_claim=false
[step-tp-attn-plan] load layer=35 devices=[0, 1] qkv_tensor_parallel=true attention_tensor_parallel=true kv_cache_distributed=true attention_scope=rank-local-swa-ring transport=native-p2p native_p2p=true replicated_decode_input_prepared=true performance_claim=false
[step-tp-o] load layer=35 devices=[0, 1] projection=o o_tensor_parallel=true attention_local=true kv_local=true transport=native-p2p native_p2p=true reduction=global-tp8-block-order output=root-readback performance_claim=false
[step-tp] layer=35 devices=[0, 1] experts=288 tp=2 artifact=nvfp4 expert_layout=tensor-parallel transport=native-p2p native_p2p=true performance_claim=false
[bf16-mmv] RESIDENT blk.35.ffn_gate_shexp.weight ne=[4096, 1280] n=5242880 admit=bf16_mmv
[bf16-mmv] RESIDENT blk.35.ffn_up_shexp.weight ne=[4096, 1280] n=5242880 admit=bf16_mmv
[bf16-mmv] RESIDENT blk.35.ffn_down_shexp.weight ne=[1280, 4096] n=5242880 admit=bf16_mmv
[bf16-mmv] RESIDENT blk.36.attn_q.weight ne=[4096, 8192] n=33554432 admit=bf16_mmv
[bf16-mmv] RESIDENT blk.36.attn_k.weight ne=[4096, 1024] n=4194304 admit=bf16_mmv
[bf16-mmv] RESIDENT blk.36.attn_v.weight ne=[4096, 1024] n=4194304 admit=bf16_mmv
[bf16-mmv] RESIDENT blk.36.attn_output.weight ne=[8192, 4096] n=33554432 admit=bf16_mmv
[step-tp-qkv] load layer=36 devices=[0, 1] projections=qkv qkv_tensor_parallel=true attention_local=true kv_local=true output_local=true transport=native-p2p native_p2p=true output=root-readback performance_claim=false
[step-tp-attn-plan] load layer=36 devices=[0, 1] qkv_tensor_parallel=true attention_tensor_parallel=true kv_cache_distributed=true attention_scope=rank-local-global transport=native-p2p native_p2p=true replicated_decode_input_prepared=true performance_claim=false
[step-tp-o] load layer=36 devices=[0, 1] projection=o o_tensor_parallel=true attention_local=true kv_local=true transport=native-p2p native_p2p=true reduction=global-tp8-block-order output=root-readback performance_claim=false
[step-tp] layer=36 devices=[0, 1] experts=288 tp=2 artifact=nvfp4 expert_layout=tensor-parallel transport=native-p2p native_p2p=true performance_claim=false
[bf16-mmv] RESIDENT blk.36.ffn_gate_shexp.weight ne=[4096, 1280] n=5242880 admit=bf16_mmv
[bf16-mmv] RESIDENT blk.36.ffn_up_shexp.weight ne=[4096, 1280] n=5242880 admit=bf16_mmv
[bf16-mmv] RESIDENT blk.36.ffn_down_shexp.weight ne=[1280, 4096] n=5242880 admit=bf16_mmv
[bf16-mmv] RESIDENT blk.37.attn_q.weight ne=[4096, 12288] n=50331648 admit=bf16_mmv
[bf16-mmv] RESIDENT blk.37.attn_k.weight ne=[4096, 1024] n=4194304 admit=bf16_mmv
[bf16-mmv] RESIDENT blk.37.attn_v.weight ne=[4096, 1024] n=4194304 admit=bf16_mmv
[bf16-mmv] RESIDENT blk.37.attn_output.weight ne=[12288, 4096] n=50331648 admit=bf16_mmv
[step-tp-qkv] load layer=37 devices=[0, 1] projections=qkv qkv_tensor_parallel=true attention_local=true kv_local=true output_local=true transport=native-p2p native_p2p=true output=root-readback performance_claim=false
[step-tp-attn-plan] load layer=37 devices=[0, 1] qkv_tensor_parallel=true attention_tensor_parallel=true kv_cache_distributed=true attention_scope=rank-local-swa-ring transport=native-p2p native_p2p=true replicated_decode_input_prepared=true performance_claim=false
[step-tp-o] load layer=37 devices=[0, 1] projection=o o_tensor_parallel=true attention_local=true kv_local=true transport=native-p2p native_p2p=true reduction=global-tp8-block-order output=root-readback performance_claim=false
[step-tp] layer=37 devices=[0, 1] experts=288 tp=2 artifact=nvfp4 expert_layout=tensor-parallel transport=native-p2p native_p2p=true performance_claim=false
[bf16-mmv] RESIDENT blk.37.ffn_gate_shexp.weight ne=[4096, 1280] n=5242880 admit=bf16_mmv
[bf16-mmv] RESIDENT blk.37.ffn_up_shexp.weight ne=[4096, 1280] n=5242880 admit=bf16_mmv
[bf16-mmv] RESIDENT blk.37.ffn_down_shexp.weight ne=[1280, 4096] n=5242880 admit=bf16_mmv
[bf16-mmv] RESIDENT blk.38.attn_q.weight ne=[4096, 12288] n=50331648 admit=bf16_mmv
[bf16-mmv] RESIDENT blk.38.attn_k.weight ne=[4096, 1024] n=4194304 admit=bf16_mmv
[bf16-mmv] RESIDENT blk.38.attn_v.weight ne=[4096, 1024] n=4194304 admit=bf16_mmv
[bf16-mmv] RESIDENT blk.38.attn_output.weight ne=[12288, 4096] n=50331648 admit=bf16_mmv
[step-tp-qkv] load layer=38 devices=[0, 1] projections=qkv qkv_tensor_parallel=true attention_local=true kv_local=true output_local=true transport=native-p2p native_p2p=true output=root-readback performance_claim=false
[step-tp-attn-plan] load layer=38 devices=[0, 1] qkv_tensor_parallel=true attention_tensor_parallel=true kv_cache_distributed=true attention_scope=rank-local-swa-ring transport=native-p2p native_p2p=true replicated_decode_input_prepared=true performance_claim=false
[step-tp-o] load layer=38 devices=[0, 1] projection=o o_tensor_parallel=true attention_local=true kv_local=true transport=native-p2p native_p2p=true reduction=global-tp8-block-order output=root-readback performance_claim=false
[step-tp] layer=38 devices=[0, 1] experts=288 tp=2 artifact=nvfp4 expert_layout=tensor-parallel transport=native-p2p native_p2p=true performance_claim=false
[bf16-mmv] RESIDENT blk.38.ffn_gate_shexp.weight ne=[4096, 1280] n=5242880 admit=bf16_mmv
[bf16-mmv] RESIDENT blk.38.ffn_up_shexp.weight ne=[4096, 1280] n=5242880 admit=bf16_mmv
[bf16-mmv] RESIDENT blk.38.ffn_down_shexp.weight ne=[1280, 4096] n=5242880 admit=bf16_mmv
[bf16-mmv] RESIDENT blk.39.attn_q.weight ne=[4096, 12288] n=50331648 admit=bf16_mmv
[bf16-mmv] RESIDENT blk.39.attn_k.weight ne=[4096, 1024] n=4194304 admit=bf16_mmv
[bf16-mmv] RESIDENT blk.39.attn_v.weight ne=[4096, 1024] n=4194304 admit=bf16_mmv
[bf16-mmv] RESIDENT blk.39.attn_output.weight ne=[12288, 4096] n=50331648 admit=bf16_mmv
[step-tp-qkv] load layer=39 devices=[0, 1] projections=qkv qkv_tensor_parallel=true attention_local=true kv_local=true output_local=true transport=native-p2p native_p2p=true output=root-readback performance_claim=false
[step-tp-attn-plan] load layer=39 devices=[0, 1] qkv_tensor_parallel=true attention_tensor_parallel=true kv_cache_distributed=true attention_scope=rank-local-swa-ring transport=native-p2p native_p2p=true replicated_decode_input_prepared=true performance_claim=false
[step-tp-o] load layer=39 devices=[0, 1] projection=o o_tensor_parallel=true attention_local=true kv_local=true transport=native-p2p native_p2p=true reduction=global-tp8-block-order output=root-readback performance_claim=false
[step-tp] layer=39 devices=[0, 1] experts=288 tp=2 artifact=nvfp4 expert_layout=tensor-parallel transport=native-p2p native_p2p=true performance_claim=false
[bf16-mmv] RESIDENT blk.39.ffn_gate_shexp.weight ne=[4096, 1280] n=5242880 admit=bf16_mmv
[bf16-mmv] RESIDENT blk.39.ffn_up_shexp.weight ne=[4096, 1280] n=5242880 admit=bf16_mmv
[bf16-mmv] RESIDENT blk.39.ffn_down_shexp.weight ne=[1280, 4096] n=5242880 admit=bf16_mmv
[bf16-mmv] RESIDENT blk.40.attn_q.weight ne=[4096, 8192] n=33554432 admit=bf16_mmv
[bf16-mmv] RESIDENT blk.40.attn_k.weight ne=[4096, 1024] n=4194304 admit=bf16_mmv
[bf16-mmv] RESIDENT blk.40.attn_v.weight ne=[4096, 1024] n=4194304 admit=bf16_mmv
[bf16-mmv] RESIDENT blk.40.attn_output.weight ne=[8192, 4096] n=33554432 admit=bf16_mmv
[step-tp-qkv] load layer=40 devices=[0, 1] projections=qkv qkv_tensor_parallel=true attention_local=true kv_local=true output_local=true transport=native-p2p native_p2p=true output=root-readback performance_claim=false
[step-tp-attn-plan] load layer=40 devices=[0, 1] qkv_tensor_parallel=true attention_tensor_parallel=true kv_cache_distributed=true attention_scope=rank-local-global transport=native-p2p native_p2p=true replicated_decode_input_prepared=true performance_claim=false
[step-tp-o] load layer=40 devices=[0, 1] projection=o o_tensor_parallel=true attention_local=true kv_local=true transport=native-p2p native_p2p=true reduction=global-tp8-block-order output=root-readback performance_claim=false
[step-tp] layer=40 devices=[0, 1] experts=288 tp=2 artifact=nvfp4 expert_layout=tensor-parallel transport=native-p2p native_p2p=true performance_claim=false
[bf16-mmv] RESIDENT blk.40.ffn_gate_shexp.weight ne=[4096, 1280] n=5242880 admit=bf16_mmv
[bf16-mmv] RESIDENT blk.40.ffn_up_shexp.weight ne=[4096, 1280] n=5242880 admit=bf16_mmv
[bf16-mmv] RESIDENT blk.40.ffn_down_shexp.weight ne=[1280, 4096] n=5242880 admit=bf16_mmv
[bf16-mmv] RESIDENT blk.41.attn_q.weight ne=[4096, 12288] n=50331648 admit=bf16_mmv
[bf16-mmv] RESIDENT blk.41.attn_k.weight ne=[4096, 1024] n=4194304 admit=bf16_mmv
[bf16-mmv] RESIDENT blk.41.attn_v.weight ne=[4096, 1024] n=4194304 admit=bf16_mmv
[bf16-mmv] RESIDENT blk.41.attn_output.weight ne=[12288, 4096] n=50331648 admit=bf16_mmv
[step-tp-qkv] load layer=41 devices=[0, 1] projections=qkv qkv_tensor_parallel=true attention_local=true kv_local=true output_local=true transport=native-p2p native_p2p=true output=root-readback performance_claim=false
[step-tp-attn-plan] load layer=41 devices=[0, 1] qkv_tensor_parallel=true attention_tensor_parallel=true kv_cache_distributed=true attention_scope=rank-local-swa-ring transport=native-p2p native_p2p=true replicated_decode_input_prepared=true performance_claim=false
[step-tp-o] load layer=41 devices=[0, 1] projection=o o_tensor_parallel=true attention_local=true kv_local=true transport=native-p2p native_p2p=true reduction=global-tp8-block-order output=root-readback performance_claim=false
[step-tp] layer=41 devices=[0, 1] experts=288 tp=2 artifact=nvfp4 expert_layout=tensor-parallel transport=native-p2p native_p2p=true performance_claim=false
[bf16-mmv] RESIDENT blk.41.ffn_gate_shexp.weight ne=[4096, 1280] n=5242880 admit=bf16_mmv
[bf16-mmv] RESIDENT blk.41.ffn_up_shexp.weight ne=[4096, 1280] n=5242880 admit=bf16_mmv
[bf16-mmv] RESIDENT blk.41.ffn_down_shexp.weight ne=[1280, 4096] n=5242880 admit=bf16_mmv
[bf16-mmv] RESIDENT blk.42.attn_q.weight ne=[4096, 12288] n=50331648 admit=bf16_mmv
[bf16-mmv] RESIDENT blk.42.attn_k.weight ne=[4096, 1024] n=4194304 admit=bf16_mmv
[bf16-mmv] RESIDENT blk.42.attn_v.weight ne=[4096, 1024] n=4194304 admit=bf16_mmv
[bf16-mmv] RESIDENT blk.42.attn_output.weight ne=[12288, 4096] n=50331648 admit=bf16_mmv
[step-tp-qkv] load layer=42 devices=[0, 1] projections=qkv qkv_tensor_parallel=true attention_local=true kv_local=true output_local=true transport=native-p2p native_p2p=true output=root-readback performance_claim=false
[step-tp-attn-plan] load layer=42 devices=[0, 1] qkv_tensor_parallel=true attention_tensor_parallel=true kv_cache_distributed=true attention_scope=rank-local-swa-ring transport=native-p2p native_p2p=true replicated_decode_input_prepared=true performance_claim=false
[step-tp-o] load layer=42 devices=[0, 1] projection=o o_tensor_parallel=true attention_local=true kv_local=true transport=native-p2p native_p2p=true reduction=global-tp8-block-order output=root-readback performance_claim=false
[step-tp] layer=42 devices=[0, 1] experts=288 tp=2 artifact=nvfp4 expert_layout=tensor-parallel transport=native-p2p native_p2p=true performance_claim=false
[bf16-mmv] RESIDENT blk.42.ffn_gate_shexp.weight ne=[4096, 1280] n=5242880 admit=bf16_mmv
[bf16-mmv] RESIDENT blk.42.ffn_up_shexp.weight ne=[4096, 1280] n=5242880 admit=bf16_mmv
[bf16-mmv] RESIDENT blk.42.ffn_down_shexp.weight ne=[1280, 4096] n=5242880 admit=bf16_mmv
[bf16-mmv] RESIDENT blk.43.attn_q.weight ne=[4096, 12288] n=50331648 admit=bf16_mmv
[bf16-mmv] RESIDENT blk.43.attn_k.weight ne=[4096, 1024] n=4194304 admit=bf16_mmv
[bf16-mmv] RESIDENT blk.43.attn_v.weight ne=[4096, 1024] n=4194304 admit=bf16_mmv
[bf16-mmv] RESIDENT blk.43.attn_output.weight ne=[12288, 4096] n=50331648 admit=bf16_mmv
[step-tp-qkv] load layer=43 devices=[0, 1] projections=qkv qkv_tensor_parallel=true attention_local=true kv_local=true output_local=true transport=native-p2p native_p2p=true output=root-readback performance_claim=false
[step-tp-attn-plan] load layer=43 devices=[0, 1] qkv_tensor_parallel=true attention_tensor_parallel=true kv_cache_distributed=true attention_scope=rank-local-swa-ring transport=native-p2p native_p2p=true replicated_decode_input_prepared=true performance_claim=false
[step-tp-o] load layer=43 devices=[0, 1] projection=o o_tensor_parallel=true attention_local=true kv_local=true transport=native-p2p native_p2p=true reduction=global-tp8-block-order output=root-readback performance_claim=false
[step-tp] layer=43 devices=[0, 1] experts=288 tp=2 artifact=nvfp4 expert_layout=tensor-parallel transport=native-p2p native_p2p=true performance_claim=false
[step-tp-clamp] load layer=43 routed_clamp=7 formula=min-silu-times-clamped-up performance_claim=false
[bf16-mmv] RESIDENT blk.43.ffn_gate_shexp.weight ne=[4096, 1280] n=5242880 admit=bf16_mmv
[bf16-mmv] RESIDENT blk.43.ffn_up_shexp.weight ne=[4096, 1280] n=5242880 admit=bf16_mmv
[bf16-mmv] RESIDENT blk.43.ffn_down_shexp.weight ne=[1280, 4096] n=5242880 admit=bf16_mmv
[bf16-mmv] RESIDENT blk.44.attn_q.weight ne=[4096, 8192] n=33554432 admit=bf16_mmv
[bf16-mmv] RESIDENT blk.44.attn_k.weight ne=[4096, 1024] n=4194304 admit=bf16_mmv
[bf16-mmv] RESIDENT blk.44.attn_v.weight ne=[4096, 1024] n=4194304 admit=bf16_mmv
[bf16-mmv] RESIDENT blk.44.attn_output.weight ne=[8192, 4096] n=33554432 admit=bf16_mmv
[step-tp-qkv] load layer=44 devices=[0, 1] projections=qkv qkv_tensor_parallel=true attention_local=true kv_local=true output_local=true transport=native-p2p native_p2p=true output=root-readback performance_claim=false
[step-tp-attn-plan] load layer=44 devices=[0, 1] qkv_tensor_parallel=true attention_tensor_parallel=true kv_cache_distributed=true attention_scope=rank-local-global transport=native-p2p native_p2p=true replicated_decode_input_prepared=true performance_claim=false
[step-tp-o] load layer=44 devices=[0, 1] projection=o o_tensor_parallel=true attention_local=true kv_local=true transport=native-p2p native_p2p=true reduction=global-tp8-block-order output=root-readback performance_claim=false
[step-tp] layer=44 devices=[0, 1] experts=288 tp=2 artifact=nvfp4 expert_layout=tensor-parallel transport=native-p2p native_p2p=true performance_claim=false
[step-tp-clamp] load layer=44 routed_clamp=7 formula=min-silu-times-clamped-up performance_claim=false
[bf16-mmv] RESIDENT blk.44.ffn_gate_shexp.weight ne=[4096, 1280] n=5242880 admit=bf16_mmv
[bf16-mmv] RESIDENT blk.44.ffn_up_shexp.weight ne=[4096, 1280] n=5242880 admit=bf16_mmv
[bf16-mmv] RESIDENT blk.44.ffn_down_shexp.weight ne=[1280, 4096] n=5242880 admit=bf16_mmv
[bf16-mmv] RESIDENT blk.45.nextn.eh_proj.weight ne=[8192, 4096] n=33554432 admit=bf16_mmv
[bf16-mmv] RESIDENT blk.45.attn_q.weight ne=[4096, 12288] n=50331648 admit=bf16_mmv
[bf16-mmv] RESIDENT blk.45.attn_k.weight ne=[4096, 1024] n=4194304 admit=bf16_mmv
[bf16-mmv] RESIDENT blk.45.attn_v.weight ne=[4096, 1024] n=4194304 admit=bf16_mmv
[bf16-mmv] RESIDENT blk.45.attn_output.weight ne=[12288, 4096] n=50331648 admit=bf16_mmv
[bf16-mmv] RESIDENT blk.45.ffn_gate.weight ne=[4096, 11264] n=46137344 admit=bf16_mmv
[bf16-mmv] RESIDENT blk.45.ffn_up.weight ne=[4096, 11264] n=46137344 admit=bf16_mmv
[bf16-mmv] RESIDENT blk.45.ffn_down.weight ne=[11264, 4096] n=46137344 admit=bf16_mmv
[mtp-head] blk.45.nextn.shared_head_head.weight: BF16 -> NVFP4 (283 MiB, was 1007 MiB)
[bf16-mmv] RESIDENT blk.45.nextn.shared_head.weight ne=[4096, 128896] n=527958016 admit=bf16_mmv
[bf16-mmv] RESIDENT blk.46.nextn.eh_proj.weight ne=[8192, 4096] n=33554432 admit=bf16_mmv
[bf16-mmv] RESIDENT blk.46.attn_q.weight ne=[4096, 12288] n=50331648 admit=bf16_mmv
[bf16-mmv] RESIDENT blk.46.attn_k.weight ne=[4096, 1024] n=4194304 admit=bf16_mmv
[bf16-mmv] RESIDENT blk.46.attn_v.weight ne=[4096, 1024] n=4194304 admit=bf16_mmv
[bf16-mmv] RESIDENT blk.46.attn_output.weight ne=[12288, 4096] n=50331648 admit=bf16_mmv
[bf16-mmv] RESIDENT blk.46.ffn_gate.weight ne=[4096, 11264] n=46137344 admit=bf16_mmv
[bf16-mmv] RESIDENT blk.46.ffn_up.weight ne=[4096, 11264] n=46137344 admit=bf16_mmv
[bf16-mmv] RESIDENT blk.46.ffn_down.weight ne=[11264, 4096] n=46137344 admit=bf16_mmv
[mtp-head] blk.46.nextn.shared_head_head.weight: BF16 -> NVFP4 (283 MiB, was 1007 MiB)
[bf16-mmv] RESIDENT blk.46.nextn.shared_head.weight ne=[4096, 128896] n=527958016 admit=bf16_mmv
[bf16-mmv] RESIDENT blk.47.nextn.eh_proj.weight ne=[8192, 4096] n=33554432 admit=bf16_mmv
[bf16-mmv] RESIDENT blk.47.attn_q.weight ne=[4096, 12288] n=50331648 admit=bf16_mmv
[bf16-mmv] RESIDENT blk.47.attn_k.weight ne=[4096, 1024] n=4194304 admit=bf16_mmv
[bf16-mmv] RESIDENT blk.47.attn_v.weight ne=[4096, 1024] n=4194304 admit=bf16_mmv
[bf16-mmv] RESIDENT blk.47.attn_output.weight ne=[12288, 4096] n=50331648 admit=bf16_mmv
[bf16-mmv] RESIDENT blk.47.ffn_gate.weight ne=[4096, 11264] n=46137344 admit=bf16_mmv
[bf16-mmv] RESIDENT blk.47.ffn_up.weight ne=[4096, 11264] n=46137344 admit=bf16_mmv
[bf16-mmv] RESIDENT blk.47.ffn_down.weight ne=[11264, 4096] n=46137344 admit=bf16_mmv
[mtp-head] blk.47.nextn.shared_head_head.weight: BF16 -> NVFP4 (283 MiB, was 1007 MiB)
[bf16-mmv] RESIDENT blk.47.nextn.shared_head.weight ne=[4096, 128896] n=527958016 admit=bf16_mmv
[mtp-draft] embedded chain: heads=3 blocks=45..=47 scratch=per-head
[fa] v4 decode family disabled: gqa 12 > fa_v4_smem capacity 8 (v3 lane serves)
[worker]   loaded "step37": 48 layers, eos=128007
[worker] step37: template caps tools=true think=true think_switch=false chat_ok=true effort_levels=true qwen_effort=false gemma_think=false dsv4=false ctx=262144 tok="deepseek-v3" instruct=Some("chatml") chat_defaults=Some(0.5)/Some(0.9)
[worker] step37: decode wave cap 8; scheduler tick cap 8
[prefix-cache] on: budget 10564MB (10563616768 B, derived: 2 x 21894266880 B max entry for model "step37" at MEMRA_CTX=262144, requested 43788533760 B; boot driver free 12174229504 B, post-reserve clamp 10563616768 B), policy byte-SLRU protected/probation 80%/20% (MEMRA_PREFIX_CACHE_PROTECTED_PCT), min prefix 64 tokens, immediate partial restore=off (rollback) (transformer-only; hybrid mid-entry + routed-MoE N/A)
[admission] "step37": plain 83520 B/token (61248 capped at 5151 rows), spec 89088 B/token (66816 capped); fixed residual learns from effective-free deltas
[mtp-chain] heads=3 policy=step-modulo prefix-replay kv=per-head
[step35-prime-batch] first concat prime: B=1 tokens=4096
[moe-sk-form] dev=0 qt=7 sms=188 occ128=1 occ32=7 occt=3 cross=64 xcross=64 bdb=0 in_f=4096 out_f=640 n_active=88 max_m=1620
[gemm-prime] ENGAGED t=4096 base=0 seq_end=4096 chunks<=4096 (GEMM trunk + grouped MoE)
[step-tp-decode-v2] workspace ranks=2 local_q=4096 local_kv=512 heads=64 o_blocks=4x1024 residency=persistent ordering=evented performance_claim=false
[fa-pool] grow #0 dev=0 o_len 0 -> 266240 ml_len 0 -> 2080 (retired kept, zero=false)
[fa-pool] grow #1 dev=1 o_len 0 -> 266240 ml_len 0 -> 2080 (retired kept, zero=false)
[step-tp-attn-v2] execute layer=0 devices=[0, 1] tokens=1 driver=v2 qkv_tensor_parallel=true qk_norm_rank_local=true rope_rank_local=true kv_cache_distributed=true kv_cache_hydrated=true attention_tensor_parallel=true attention_scope=rank-local-global input_path=root-device-replicated gate_tensor_parallel=false gate_shards=device-staged o_tensor_parallel=true o_reduce=root-device local_cache_shadow=true cache_commit=immediate transport=native-p2p native_p2p=true bulk_p2p=false workspace=persistent ordering=evented output=e-device performance_claim=false (logged once; every decode layer runs this driver)
[step-tp-decode-v2] workspace ranks=2 local_q=6144 local_kv=512 heads=96 o_blocks=4x1536 residency=persistent ordering=evented performance_claim=false
[step-tp] execute layer=3 tokens=1 devices=[0, 1] expert_transport=native-p2p native_p2p=true router=device activation=host-canonical accumulation=host-canonical output=e-device io=device performance_claim=false (logged once per layer)
[step-tp] execute layer=4 tokens=1 devices=[0, 1] expert_transport=native-p2p native_p2p=true router=device activation=host-canonical accumulation=host-canonical output=e-device io=device performance_claim=false (logged once per layer)
[step-tp] execute layer=5 tokens=1 devices=[0, 1] expert_transport=native-p2p native_p2p=true router=device activation=host-canonical accumulation=host-canonical output=e-device io=device performance_claim=false (logged once per layer)
[step-tp] execute layer=6 tokens=1 devices=[0, 1] expert_transport=native-p2p native_p2p=true router=device activation=host-canonical accumulation=host-canonical output=e-device io=device performance_claim=false (logged once per layer)
[step-tp] execute layer=7 tokens=1 devices=[0, 1] expert_transport=native-p2p native_p2p=true router=device activation=host-canonical accumulation=host-canonical output=e-device io=device performance_claim=false (logged once per layer)
[step-tp] execute layer=8 tokens=1 devices=[0, 1] expert_transport=native-p2p native_p2p=true router=device activation=host-canonical accumulation=host-canonical output=e-device io=device performance_claim=false (logged once per layer)
[step-tp] execute layer=9 tokens=1 devices=[0, 1] expert_transport=native-p2p native_p2p=true router=device activation=host-canonical accumulation=host-canonical output=e-device io=device performance_claim=false (logged once per layer)
[step-tp] execute layer=10 tokens=1 devices=[0, 1] expert_transport=native-p2p native_p2p=true router=device activation=host-canonical accumulation=host-canonical output=e-device io=device performance_claim=false (logged once per layer)
[step-tp] execute layer=11 tokens=1 devices=[0, 1] expert_transport=native-p2p native_p2p=true router=device activation=host-canonical accumulation=host-canonical output=e-device io=device performance_claim=false (logged once per layer)
[step-tp] execute layer=12 tokens=1 devices=[0, 1] expert_transport=native-p2p native_p2p=true router=device activation=host-canonical accumulation=host-canonical output=e-device io=device performance_claim=false (logged once per layer)
[step-tp] execute layer=13 tokens=1 devices=[0, 1] expert_transport=native-p2p native_p2p=true router=device activation=host-canonical accumulation=host-canonical output=e-device io=device performance_claim=false (logged once per layer)
[step-tp] execute layer=14 tokens=1 devices=[0, 1] expert_transport=native-p2p native_p2p=true router=device activation=host-canonical accumulation=host-canonical output=e-device io=device performance_claim=false (logged once per layer)
[step-tp] execute layer=15 tokens=1 devices=[0, 1] expert_transport=native-p2p native_p2p=true router=device activation=host-canonical accumulation=host-canonical output=e-device io=device performance_claim=false (logged once per layer)
[step-tp] execute layer=16 tokens=1 devices=[0, 1] expert_transport=native-p2p native_p2p=true router=device activation=host-canonical accumulation=host-canonical output=e-device io=device performance_claim=false (logged once per layer)
[step-tp] execute layer=17 tokens=1 devices=[0, 1] expert_transport=native-p2p native_p2p=true router=device activation=host-canonical accumulation=host-canonical output=e-device io=device performance_claim=false (logged once per layer)
[step-tp] execute layer=18 tokens=1 devices=[0, 1] expert_transport=native-p2p native_p2p=true router=device activation=host-canonical accumulation=host-canonical output=e-device io=device performance_claim=false (logged once per layer)
[step-tp] execute layer=19 tokens=1 devices=[0, 1] expert_transport=native-p2p native_p2p=true router=device activation=host-canonical accumulation=host-canonical output=e-device io=device performance_claim=false (logged once per layer)
[step-tp] execute layer=20 tokens=1 devices=[0, 1] expert_transport=native-p2p native_p2p=true router=device activation=host-canonical accumulation=host-canonical output=e-device io=device performance_claim=false (logged once per layer)
[step-tp] execute layer=21 tokens=1 devices=[0, 1] expert_transport=native-p2p native_p2p=true router=device activation=host-canonical accumulation=host-canonical output=e-device io=device performance_claim=false (logged once per layer)
[step-tp] execute layer=22 tokens=1 devices=[0, 1] expert_transport=native-p2p native_p2p=true router=device activation=host-canonical accumulation=host-canonical output=e-device io=device performance_claim=false (logged once per layer)
[step-tp] execute layer=23 tokens=1 devices=[0, 1] expert_transport=native-p2p native_p2p=true router=device activation=host-canonical accumulation=host-canonical output=e-device io=device performance_claim=false (logged once per layer)
[step-tp] execute layer=24 tokens=1 devices=[0, 1] expert_transport=native-p2p native_p2p=true router=device activation=host-canonical accumulation=host-canonical output=e-device io=device performance_claim=false (logged once per layer)
[step-tp] execute layer=25 tokens=1 devices=[0, 1] expert_transport=native-p2p native_p2p=true router=device activation=host-canonical accumulation=host-canonical output=e-device io=device performance_claim=false (logged once per layer)
[step-tp] execute layer=26 tokens=1 devices=[0, 1] expert_transport=native-p2p native_p2p=true router=device activation=host-canonical accumulation=host-canonical output=e-device io=device performance_claim=false (logged once per layer)
[step-tp] execute layer=27 tokens=1 devices=[0, 1] expert_transport=native-p2p native_p2p=true router=device activation=host-canonical accumulation=host-canonical output=e-device io=device performance_claim=false (logged once per layer)
[step-tp] execute layer=28 tokens=1 devices=[0, 1] expert_transport=native-p2p native_p2p=true router=device activation=host-canonical accumulation=host-canonical output=e-device io=device performance_claim=false (logged once per layer)
[step-tp] execute layer=29 tokens=1 devices=[0, 1] expert_transport=native-p2p native_p2p=true router=device activation=host-canonical accumulation=host-canonical output=e-device io=device performance_claim=false (logged once per layer)
[step-tp] execute layer=30 tokens=1 devices=[0, 1] expert_transport=native-p2p native_p2p=true router=device activation=host-canonical accumulation=host-canonical output=e-device io=device performance_claim=false (logged once per layer)
[step-tp] execute layer=31 tokens=1 devices=[0, 1] expert_transport=native-p2p native_p2p=true router=device activation=host-canonical accumulation=host-canonical output=e-device io=device performance_claim=false (logged once per layer)
[step-tp] execute layer=32 tokens=1 devices=[0, 1] expert_transport=native-p2p native_p2p=true router=device activation=host-canonical accumulation=host-canonical output=e-device io=device performance_claim=false (logged once per layer)
[step-tp] execute layer=33 tokens=1 devices=[0, 1] expert_transport=native-p2p native_p2p=true router=device activation=host-canonical accumulation=host-canonical output=e-device io=device performance_claim=false (logged once per layer)
[step-tp] execute layer=34 tokens=1 devices=[0, 1] expert_transport=native-p2p native_p2p=true router=device activation=host-canonical accumulation=host-canonical output=e-device io=device performance_claim=false (logged once per layer)
[step-tp] execute layer=35 tokens=1 devices=[0, 1] expert_transport=native-p2p native_p2p=true router=device activation=host-canonical accumulation=host-canonical output=e-device io=device performance_claim=false (logged once per layer)
[step-tp] execute layer=36 tokens=1 devices=[0, 1] expert_transport=native-p2p native_p2p=true router=device activation=host-canonical accumulation=host-canonical output=e-device io=device performance_claim=false (logged once per layer)
[step-tp] execute layer=37 tokens=1 devices=[0, 1] expert_transport=native-p2p native_p2p=true router=device activation=host-canonical accumulation=host-canonical output=e-device io=device performance_claim=false (logged once per layer)
[step-tp] execute layer=38 tokens=1 devices=[0, 1] expert_transport=native-p2p native_p2p=true router=device activation=host-canonical accumulation=host-canonical output=e-device io=device performance_claim=false (logged once per layer)
[step-tp] execute layer=39 tokens=1 devices=[0, 1] expert_transport=native-p2p native_p2p=true router=device activation=host-canonical accumulation=host-canonical output=e-device io=device performance_claim=false (logged once per layer)
[step-tp] execute layer=40 tokens=1 devices=[0, 1] expert_transport=native-p2p native_p2p=true router=device activation=host-canonical accumulation=host-canonical output=e-device io=device performance_claim=false (logged once per layer)
[step-tp] execute layer=41 tokens=1 devices=[0, 1] expert_transport=native-p2p native_p2p=true router=device activation=host-canonical accumulation=host-canonical output=e-device io=device performance_claim=false (logged once per layer)
[step-tp] execute layer=42 tokens=1 devices=[0, 1] expert_transport=native-p2p native_p2p=true router=device activation=host-canonical accumulation=host-canonical output=e-device io=device performance_claim=false (logged once per layer)
[step-tp] execute layer=43 tokens=1 devices=[0, 1] expert_transport=native-p2p native_p2p=true router=device activation=host-canonical accumulation=host-canonical output=e-device io=device performance_claim=false (logged once per layer)
[step-tp] execute layer=44 tokens=1 devices=[0, 1] expert_transport=native-p2p native_p2p=true router=device activation=host-canonical accumulation=host-canonical output=e-device io=device performance_claim=false (logged once per layer)
[mtp-geom] arm=dcw block=45 swa=true window=512 n_head=96 n_head_kv=8 head_dim_k=128 n_rot=128 rope_base=10000 clamp_shexp=None
[fa-pool] grow #2 dev=0 o_len 0 -> 393216 ml_len 0 -> 3072 (retired kept, zero=false)
[mtp-chain-graph] captured mode=sampled heads=3 interior=3 last=3 filtered=1 key=SampledGraphKey { seed: 2915158555, temp_bits: 1060320051, k: 3, top_k: 0, top_p_bits: 1063675494, min_p_bits: 0, pen_on: false }
[spec] draft-session state high-water: 2619MB (max of parked delta 2608MB and capture-time pool peak 2619MB; charged per spec admission and gating future captures)
[fa-pool] grow #3 dev=0 o_len 266240 -> 798720 ml_len 2080 -> 6240 (retired kept, zero=false)
[fa-pool] grow #4 dev=1 o_len 266240 -> 798720 ml_len 2080 -> 6240 (retired kept, zero=false)
[fa-pool] grow #5 dev=0 o_len 798720 -> 1597440 ml_len 6240 -> 12480 (retired kept, zero=false)
[fa-pool] grow #6 dev=1 o_len 798720 -> 1597440 ml_len 6240 -> 12480 (retired kept, zero=false)
[admit-cal] post-probe pool trim: released 3488MB cached back to the driver
[admit-cal] boot calibration done: model="step37" transient floor 1536MB (static was 1536MB; measured 1207MB; probe kv charge 358MB, draft-state 2619MB, drafted 48 accepted 48; [dev0 peak-mapped 78368MB rest-mapped 76256MB charged 3146MB -> 0MB; dev1 peak-mapped 59328MB rest-mapped 57952MB charged 168MB -> 1207MB]; 2.3s)
[server] worker ready; serving models: ["step37"]
[server] listening on http://127.0.0.1:18902
[meter] admit id=chatcmpl-10a8b2c1fc3ae21fca2fcfa63d72bad8 tenant=default lane=interactive model="step37"
[admission] per-session draft-state charge: model="step37" +2747MB (measured capture high-water)
[admission] request cost: model="step37" ctx=8443 path=spec = 89088 B/token x ctx + 0MB fixed = 532MB
[admission] parallel device plan: [dev0 session 3279MB + tp-kv 252MB + pending-tp-kv 0MB + reserve 1611MB + boundary 0.000MB; dev1 session 0MB + tp-kv 252MB + pending-tp-kv 0MB + reserve 1611MB + boundary 0.000MB]
[prefix-cache] refused for MEMRA_SWA_RING=1 Step35 session (flat-history snapshots/restores are excluded)
[spec-k] model="step37" tenant="" K=3 source=operator-pin prompt=187 cached=0 lcp=0 active=1 wave=1 placement=single-or-non-pp2
[admission] fixed residual high-water: model="step37" 29MB (observed 560MB at ctx 8387 path=spec)
[mtp-chain] heads=3 policy=step-modulo prefix-replay kv=per-head
[gemm-prime] ENGAGED t=160 base=0 seq_end=187 chunks<=4096 (GEMM trunk + grouped MoE)
[gemm-prime] ENGAGED t=27 base=160 seq_end=187 chunks<=4096 (GEMM trunk + grouped MoE)
[spec] WARN: sampled draft-graph capture failed (insufficient VRAM headroom for capture: effective free 4046MB (driver 3732MB + pool-cached 313MB) < required 8311MB (2x appetite 2619MB + floor 3072MB); capture skipped pre-attempt); eager fallback until session resume
[spec-acc] ctx=187 burst=21/29 cum=21/29=0.724
[mtp-chain] heads=3 policy=step-modulo prefix-replay kv=per-head
[spec-acc] ctx=222 burst=18/19 cum=39/48=0.812
[mtp-chain] heads=3 policy=step-modulo prefix-replay kv=per-head
[spec-acc] ctx=256 burst=19/23 cum=58/71=0.817
[mtp-chain] heads=3 policy=step-modulo prefix-replay kv=per-head
[spec-acc] ctx=291 burst=21/29 cum=79/100=0.790
[mtp-chain] heads=3 policy=step-modulo prefix-replay kv=per-head
[spec-acc] ctx=325 burst=18/25 cum=97/125=0.776
[mtp-chain] heads=3 policy=step-modulo prefix-replay kv=per-head
[spec-acc] ctx=357 burst=17/28 cum=114/153=0.745
[mtp-chain] heads=3 policy=step-modulo prefix-replay kv=per-head
[spec-acc] ctx=389 burst=19/28 cum=133/181=0.735
[mtp-chain] heads=3 policy=step-modulo prefix-replay kv=per-head
[spec-acc] ctx=424 burst=18/21 cum=151/202=0.748
[mtp-chain] heads=3 policy=step-modulo prefix-replay kv=per-head
[spec-acc] ctx=458 burst=17/24 cum=168/226=0.743
[mtp-chain] heads=3 policy=step-modulo prefix-replay kv=per-head
[spec-acc] ctx=490 burst=18/24 cum=186/250=0.744
[mtp-chain] heads=3 policy=step-modulo prefix-replay kv=per-head
[spec-acc] ctx=524 burst=17/25 cum=203/275=0.738
[mtp-chain] heads=3 policy=step-modulo prefix-replay kv=per-head
[spec-acc] ctx=556 burst=21/23 cum=224/298=0.752
[mtp-chain] heads=3 policy=step-modulo prefix-replay kv=per-head
[spec-acc] ctx=590 burst=19/27 cum=243/325=0.748
[mtp-chain] heads=3 policy=step-modulo prefix-replay kv=per-head
[spec-acc] ctx=623 burst=22/23 cum=265/348=0.761
[mtp-chain] heads=3 policy=step-modulo prefix-replay kv=per-head
[spec-acc] ctx=657 burst=20/25 cum=285/373=0.764
[mtp-chain] heads=3 policy=step-modulo prefix-replay kv=per-head
[spec-acc] ctx=689 burst=22/23 cum=307/396=0.775
[mtp-chain] heads=3 policy=step-modulo prefix-replay kv=per-head
[spec-acc] ctx=721 burst=19/20 cum=326/416=0.784
[mtp-chain] heads=3 policy=step-modulo prefix-replay kv=per-head
[spec-acc] ctx=753 burst=18/24 cum=344/440=0.782
[mtp-chain] heads=3 policy=step-modulo prefix-replay kv=per-head
[spec-acc] ctx=785 burst=23/25 cum=367/465=0.789
[mtp-chain] heads=3 policy=step-modulo prefix-replay kv=per-head
[spec-acc] ctx=819 burst=19/26 cum=386/491=0.786
[mtp-chain] heads=3 policy=step-modulo prefix-replay kv=per-head
[spec-acc] ctx=853 burst=18/20 cum=404/511=0.791
[mtp-chain] heads=3 policy=step-modulo prefix-replay kv=per-head
[spec-acc] ctx=885 burst=23/26 cum=427/537=0.795
[mtp-chain] heads=3 policy=step-modulo prefix-replay kv=per-head
[spec-acc] ctx=919 burst=22/23 cum=449/560=0.802
[mtp-chain] heads=3 policy=step-modulo prefix-replay kv=per-head
[spec-acc] ctx=951 burst=20/27 cum=469/587=0.799
[mtp-chain] heads=3 policy=step-modulo prefix-replay kv=per-head
[spec-acc] ctx=983 burst=19/26 cum=488/613=0.796
[mtp-chain] heads=3 policy=step-modulo prefix-replay kv=per-head
[spec-acc] ctx=1018 burst=17/25 cum=505/638=0.792
[mtp-chain] heads=3 policy=step-modulo prefix-replay kv=per-head
[spec-acc] ctx=1050 burst=23/24 cum=528/662=0.798
[mtp-chain] heads=3 policy=step-modulo prefix-replay kv=per-head
[spec-acc] ctx=1083 burst=24/24 cum=552/686=0.805
[mtp-chain] heads=3 policy=step-modulo prefix-replay kv=per-head
[spec-acc] ctx=1116 burst=22/26 cum=574/712=0.806
[mtp-chain] heads=3 policy=step-modulo prefix-replay kv=per-head
[spec-acc] ctx=1149 burst=22/23 cum=596/735=0.811
[mtp-chain] heads=3 policy=step-modulo prefix-replay kv=per-head
[spec-acc] ctx=1181 burst=23/24 cum=619/759=0.816
[mtp-chain] heads=3 policy=step-modulo prefix-replay kv=per-head
[spec-acc] ctx=1213 burst=24/24 cum=643/783=0.821
[mtp-chain] heads=3 policy=step-modulo prefix-replay kv=per-head
[spec-acc] ctx=1246 burst=24/24 cum=667/807=0.827
[mtp-chain] heads=3 policy=step-modulo prefix-replay kv=per-head
[spec-acc] ctx=1279 burst=23/23 cum=690/830=0.831
[mtp-chain] heads=3 policy=step-modulo prefix-replay kv=per-head
[spec-acc] ctx=1311 burst=23/26 cum=713/856=0.833
[meter] admit id=chatcmpl-74955dcb7389334825d72149777cab55 tenant=default lane=interactive model="step37"
[admission] per-session draft-state charge: model="step37" +2747MB (measured capture high-water)
[admission] request cost: model="step37" ctx=8830 path=spec = 89088 B/token x ctx + 29MB fixed = 570MB
[admission] parallel device plan: [dev0 session 3316MB + tp-kv 256MB + pending-tp-kv 0MB + reserve 1611MB + boundary 0.000MB; dev1 session 0MB + tp-kv 256MB + pending-tp-kv 0MB + reserve 1611MB + boundary 0.000MB]
[admit-oom] reclaim-on-defer: evicted 0 prefix entries + 0 plain + 1 spec + 0 dspark parked sessions (global LRU); effective free 4246MB -> 5058MB
[admission] eager-arm admit: model="step37" ctx=8830 draft-state 2747MB uncharged (capture would be refused at current headroom; the pre-capture gate enforces it)
[prefix-cache] refused for MEMRA_SWA_RING=1 Step35 session (flat-history snapshots/restores are excluded)
[spec-k] model="step37" tenant="" K=3 source=operator-pin prompt=574 cached=0 lcp=0 active=1 wave=1 placement=single-or-non-pp2
[mtp-chain] heads=3 policy=step-modulo prefix-replay kv=per-head
[gemm-prime] ENGAGED t=544 base=0 seq_end=574 chunks<=4096 (GEMM trunk + grouped MoE)
[gemm-prime] ENGAGED t=30 base=544 seq_end=574 chunks<=4096 (GEMM trunk + grouped MoE)
[spec] WARN: sampled draft-graph capture failed (insufficient VRAM headroom for capture: effective free 4026MB (driver 2996MB + pool-cached 1029MB) < required 8311MB (2x appetite 2619MB + floor 3072MB); capture skipped pre-attempt); eager fallback until session resume
[spec-acc] ctx=574 burst=20/25 cum=20/25=0.800
[mtp-chain] heads=3 policy=step-modulo prefix-replay kv=per-head
[spec-acc] ctx=607 burst=20/22 cum=40/47=0.851
[mtp-chain] heads=3 policy=step-modulo prefix-replay kv=per-head
[spec-acc] ctx=639 burst=18/25 cum=58/72=0.806
[mtp-chain] heads=3 policy=step-modulo prefix-replay kv=per-head
[spec-acc] ctx=671 burst=18/25 cum=76/97=0.784
[mtp-chain] heads=3 policy=step-modulo prefix-replay kv=per-head
[spec-acc] ctx=704 burst=17/22 cum=93/119=0.782
[mtp-chain] heads=3 policy=step-modulo prefix-replay kv=per-head
[spec-acc] ctx=738 burst=20/23 cum=113/142=0.796
[mtp-chain] heads=3 policy=step-modulo prefix-replay kv=per-head
[spec-acc] ctx=770 burst=21/22 cum=134/164=0.817
[mtp-chain] heads=3 policy=step-modulo prefix-replay kv=per-head
[spec-acc] ctx=802 burst=17/26 cum=151/190=0.795
[mtp-chain] heads=3 policy=step-modulo prefix-replay kv=per-head
[spec-acc] ctx=834 burst=18/22 cum=169/212=0.797
[mtp-chain] heads=3 policy=step-modulo prefix-replay kv=per-head
[spec-acc] ctx=866 burst=20/27 cum=189/239=0.791
[mtp-chain] heads=3 policy=step-modulo prefix-replay kv=per-head
[spec-acc] ctx=900 burst=22/27 cum=211/266=0.793
[mtp-chain] heads=3 policy=step-modulo prefix-replay kv=per-head
[spec-acc] ctx=934 burst=22/27 cum=233/293=0.795
[mtp-chain] heads=3 policy=step-modulo prefix-replay kv=per-head
[spec-acc] ctx=967 burst=21/25 cum=254/318=0.799
[mtp-chain] heads=3 policy=step-modulo prefix-replay kv=per-head
[spec-acc] ctx=1000 burst=19/23 cum=273/341=0.801
[mtp-chain] heads=3 policy=step-modulo prefix-replay kv=per-head
[spec-acc] ctx=1033 burst=21/27 cum=294/368=0.799
[mtp-chain] heads=3 policy=step-modulo prefix-replay kv=per-head
[spec-acc] ctx=1067 burst=16/25 cum=310/393=0.789
[mtp-chain] heads=3 policy=step-modulo prefix-replay kv=per-head
[spec-acc] ctx=1099 burst=19/27 cum=329/420=0.783
[mtp-chain] heads=3 policy=step-modulo prefix-replay kv=per-head
[spec-acc] ctx=1133 burst=20/24 cum=349/444=0.786
[mtp-chain] heads=3 policy=step-modulo prefix-replay kv=per-head
[spec-acc] ctx=1167 burst=19/23 cum=368/467=0.788
[mtp-chain] heads=3 policy=step-modulo prefix-replay kv=per-head
[spec-acc] ctx=1199 burst=17/33 cum=385/500=0.770
[mtp-chain] heads=3 policy=step-modulo prefix-replay kv=per-head
[spec-acc] ctx=1232 burst=17/23 cum=402/523=0.769
[mtp-chain] heads=3 policy=step-modulo prefix-replay kv=per-head
[spec-acc] ctx=1264 burst=19/21 cum=421/544=0.774
[mtp-chain] heads=3 policy=step-modulo prefix-replay kv=per-head
[spec-acc] ctx=1296 burst=22/27 cum=443/571=0.776
[mtp-chain] heads=3 policy=step-modulo prefix-replay kv=per-head
[spec-acc] ctx=1330 burst=18/19 cum=461/590=0.781
[mtp-chain] heads=3 policy=step-modulo prefix-replay kv=per-head
[spec-acc] ctx=1363 burst=21/26 cum=482/616=0.782
[mtp-chain] heads=3 policy=step-modulo prefix-replay kv=per-head
[spec-acc] ctx=1397 burst=20/25 cum=502/641=0.783
[mtp-chain] heads=3 policy=step-modulo prefix-replay kv=per-head
[spec-acc] ctx=1430 burst=19/26 cum=521/667=0.781
[mtp-chain] heads=3 policy=step-modulo prefix-replay kv=per-head
[spec-acc] ctx=1462 burst=17/25 cum=538/692=0.777
[mtp-chain] heads=3 policy=step-modulo prefix-replay kv=per-head
[spec-acc] ctx=1497 burst=21/29 cum=559/721=0.775
[mtp-chain] heads=3 policy=step-modulo prefix-replay kv=per-head
[fa-pool] grow #7 dev=0 o_len 1597440 -> 3194880 ml_len 12480 -> 24960 (retired kept, zero=false)
[fa-pool] grow #8 dev=1 o_len 1597440 -> 3194880 ml_len 12480 -> 24960 (retired kept, zero=false)
[spec-acc] ctx=1530 burst=19/25 cum=578/746=0.775
[mtp-chain] heads=3 policy=step-modulo prefix-replay kv=per-head
[spec-acc] ctx=1565 burst=18/18 cum=596/764=0.780
[mtp-chain] heads=3 policy=step-modulo prefix-replay kv=per-head
[spec-acc] ctx=1597 burst=21/21 cum=617/785=0.786
[mtp-chain] heads=3 policy=step-modulo prefix-replay kv=per-head
[spec-acc] ctx=1629 burst=19/30 cum=636/815=0.780
[mtp-chain] heads=3 policy=step-modulo prefix-replay kv=per-head
[spec-acc] ctx=1664 burst=20/24 cum=656/839=0.782
[mtp-chain] heads=3 policy=step-modulo prefix-replay kv=per-head
[spec-acc] ctx=1696 burst=20/25 cum=676/864=0.782
[mtp-chain] heads=3 policy=step-modulo prefix-replay kv=per-head
[spec-acc] ctx=1729 burst=17/24 cum=693/888=0.780
[mtp-chain] heads=3 policy=step-modulo prefix-replay kv=per-head
[spec-acc] ctx=1763 burst=22/24 cum=715/912=0.784
[mtp-chain] heads=3 policy=step-modulo prefix-replay kv=per-head
[spec-acc] ctx=1796 burst=22/23 cum=737/935=0.788
[mtp-chain] heads=3 policy=step-modulo prefix-replay kv=per-head
[spec-acc] ctx=1829 burst=23/24 cum=760/959=0.792
[mtp-chain] heads=3 policy=step-modulo prefix-replay kv=per-head
[spec-acc] ctx=1862 burst=20/27 cum=780/986=0.791
[mtp-chain] heads=3 policy=step-modulo prefix-replay kv=per-head
[spec-acc] ctx=1895 burst=23/23 cum=803/1009=0.796
[mtp-chain] heads=3 policy=step-modulo prefix-replay kv=per-head
[spec-acc] ctx=1929 burst=18/23 cum=821/1032=0.796
[mtp-chain] heads=3 policy=step-modulo prefix-replay kv=per-head
[spec-acc] ctx=1962 burst=22/30 cum=843/1062=0.794
[mtp-chain] heads=3 policy=step-modulo prefix-replay kv=per-head
[spec-acc] ctx=1997 burst=23/25 cum=866/1087=0.797
[mtp-chain] heads=3 policy=step-modulo prefix-replay kv=per-head
[spec-acc] ctx=2032 burst=23/24 cum=889/1111=0.800
[mtp-chain] heads=3 policy=step-modulo prefix-replay kv=per-head
[spec-acc] ctx=2065 burst=21/24 cum=910/1135=0.802
[mtp-chain] heads=3 policy=step-modulo prefix-replay kv=per-head
[spec-acc] ctx=2098 burst=20/24 cum=930/1159=0.802
[mtp-chain] heads=3 policy=step-modulo prefix-replay kv=per-head
[spec-acc] ctx=2131 burst=24/25 cum=954/1184=0.806
[mtp-chain] heads=3 policy=step-modulo prefix-replay kv=per-head
[spec-acc] ctx=2165 burst=20/23 cum=974/1207=0.807
[mtp-chain] heads=3 policy=step-modulo prefix-replay kv=per-head
[spec-acc] ctx=2198 burst=20/27 cum=994/1234=0.806
[mtp-chain] heads=3 policy=step-modulo prefix-replay kv=per-head
[spec-acc] ctx=2230 burst=19/26 cum=1013/1260=0.804
[mtp-chain] heads=3 policy=step-modulo prefix-replay kv=per-head
[spec-acc] ctx=2264 burst=20/23 cum=1033/1283=0.805
[mtp-chain] heads=3 policy=step-modulo prefix-replay kv=per-head
[spec-acc] ctx=2296 burst=22/23 cum=1055/1306=0.808
[mtp-chain] heads=3 policy=step-modulo prefix-replay kv=per-head
[spec-acc] ctx=2330 burst=22/26 cum=1077/1332=0.809
[mtp-chain] heads=3 policy=step-modulo prefix-replay kv=per-head
[spec-acc] ctx=2364 burst=20/25 cum=1097/1357=0.808
[mtp-chain] heads=3 policy=step-modulo prefix-replay kv=per-head
[spec-acc] ctx=2396 burst=13/23 cum=1110/1380=0.804
[mtp-chain] heads=3 policy=step-modulo prefix-replay kv=per-head
[spec-acc] ctx=2428 burst=20/23 cum=1130/1403=0.805
[mtp-chain] heads=3 policy=step-modulo prefix-replay kv=per-head
[spec-acc] ctx=2462 burst=18/25 cum=1148/1428=0.804
[mtp-chain] heads=3 policy=step-modulo prefix-replay kv=per-head
[spec-acc] ctx=2494 burst=19/26 cum=1167/1454=0.803
[mtp-chain] heads=3 policy=step-modulo prefix-replay kv=per-head
[spec-acc] ctx=2526 burst=18/21 cum=1185/1475=0.803
[mtp-chain] heads=3 policy=step-modulo prefix-replay kv=per-head
[spec-acc] ctx=2558 burst=17/24 cum=1202/1499=0.802
[mtp-chain] heads=3 policy=step-modulo prefix-replay kv=per-head
[spec-acc] ctx=2590 burst=17/22 cum=1219/1521=0.801
[mtp-chain] heads=3 policy=step-modulo prefix-replay kv=per-head
[spec-acc] ctx=2622 burst=20/27 cum=1239/1548=0.800
[mtp-chain] heads=3 policy=step-modulo prefix-replay kv=per-head
[spec-acc] ctx=2657 burst=16/22 cum=1255/1570=0.799
[mtp-chain] heads=3 policy=step-modulo prefix-replay kv=per-head
[spec-acc] ctx=2689 burst=19/26 cum=1274/1596=0.798
[mtp-chain] heads=3 policy=step-modulo prefix-replay kv=per-head
[spec-acc] ctx=2722 burst=23/24 cum=1297/1620=0.801
[mtp-chain] heads=3 policy=step-modulo prefix-replay kv=per-head
[spec-acc] ctx=2756 burst=22/25 cum=1319/1645=0.802
[mtp-chain] heads=3 policy=step-modulo prefix-replay kv=per-head
[spec-acc] ctx=2789 burst=19/25 cum=1338/1670=0.801
[mtp-chain] heads=3 policy=step-modulo prefix-replay kv=per-head
[spec-acc] ctx=2822 burst=19/24 cum=1357/1694=0.801
[mtp-chain] heads=3 policy=step-modulo prefix-replay kv=per-head
[spec-acc] ctx=2855 burst=22/24 cum=1379/1718=0.803
[mtp-chain] heads=3 policy=step-modulo prefix-replay kv=per-head
[spec-acc] ctx=2890 burst=21/24 cum=1400/1742=0.804
[mtp-chain] heads=3 policy=step-modulo prefix-replay kv=per-head
[spec-acc] ctx=2922 burst=23/23 cum=1423/1765=0.806
[mtp-chain] heads=3 policy=step-modulo prefix-replay kv=per-head
[spec-acc] ctx=2956 burst=21/24 cum=1444/1789=0.807
[mtp-chain] heads=3 policy=step-modulo prefix-replay kv=per-head
[spec-acc] ctx=2990 burst=21/27 cum=1465/1816=0.807
[mtp-chain] heads=3 policy=step-modulo prefix-replay kv=per-head
[spec-acc] ctx=3024 burst=18/24 cum=1483/1840=0.806
[mtp-chain] heads=3 policy=step-modulo prefix-replay kv=per-head
[spec-acc] ctx=3057 burst=21/23 cum=1504/1863=0.807
[mtp-chain] heads=3 policy=step-modulo prefix-replay kv=per-head
[spec-acc] ctx=3091 burst=21/24 cum=1525/1887=0.808
[mtp-chain] heads=3 policy=step-modulo prefix-replay kv=per-head
[spec-acc] ctx=3123 burst=17/22 cum=1542/1909=0.808
[mtp-chain] heads=3 policy=step-modulo prefix-replay kv=per-head
[spec-acc] ctx=3157 burst=19/26 cum=1561/1935=0.807
[mtp-chain] heads=3 policy=step-modulo prefix-replay kv=per-head
[spec-acc] ctx=3191 burst=18/22 cum=1579/1957=0.807
[mtp-chain] heads=3 policy=step-modulo prefix-replay kv=per-head
[spec-acc] ctx=3223 burst=20/23 cum=1599/1980=0.808
[mtp-chain] heads=3 policy=step-modulo prefix-replay kv=per-head
[spec-acc] ctx=3257 burst=20/25 cum=1619/2005=0.807
[mtp-chain] heads=3 policy=step-modulo prefix-replay kv=per-head
[spec-acc] ctx=3291 burst=20/28 cum=1639/2033=0.806
[mtp-chain] heads=3 policy=step-modulo prefix-replay kv=per-head
[spec-acc] ctx=3325 burst=19/28 cum=1658/2061=0.804
[mtp-chain] heads=3 policy=step-modulo prefix-replay kv=per-head
[spec-acc] ctx=3358 burst=22/24 cum=1680/2085=0.806
[mtp-chain] heads=3 policy=step-modulo prefix-replay kv=per-head
[spec-acc] ctx=3391 burst=19/27 cum=1699/2112=0.804
[mtp-chain] heads=3 policy=step-modulo prefix-replay kv=per-head
[spec-acc] ctx=3423 burst=18/24 cum=1717/2136=0.804
[mtp-chain] heads=3 policy=step-modulo prefix-replay kv=per-head
[spec-acc] ctx=3456 burst=17/31 cum=1734/2167=0.800
[mtp-chain] heads=3 policy=step-modulo prefix-replay kv=per-head
[spec-acc] ctx=3488 burst=21/27 cum=1755/2194=0.800
[mtp-chain] heads=3 policy=step-modulo prefix-replay kv=per-head
[spec-acc] ctx=3521 burst=20/27 cum=1775/2221=0.799
[mtp-chain] heads=3 policy=step-modulo prefix-replay kv=per-head
[spec-acc] ctx=3555 burst=21/23 cum=1796/2244=0.800
[mtp-chain] heads=3 policy=step-modulo prefix-replay kv=per-head
[spec-acc] ctx=3588 burst=23/29 cum=1819/2273=0.800
[mtp-chain] heads=3 policy=step-modulo prefix-replay kv=per-head
[spec-acc] ctx=3623 burst=18/23 cum=1837/2296=0.800
[mtp-chain] heads=3 policy=step-modulo prefix-replay kv=per-head
[spec-acc] ctx=3656 burst=19/24 cum=1856/2320=0.800
[mtp-chain] heads=3 policy=step-modulo prefix-replay kv=per-head
[spec-acc] ctx=3689 burst=22/25 cum=1878/2345=0.801
[mtp-chain] heads=3 policy=step-modulo prefix-replay kv=per-head
[spec-acc] ctx=3722 burst=17/30 cum=1895/2375=0.798
[mtp-chain] heads=3 policy=step-modulo prefix-replay kv=per-head
[spec-acc] ctx=3755 burst=20/25 cum=1915/2400=0.798
[mtp-chain] heads=3 policy=step-modulo prefix-replay kv=per-head
[spec-acc] ctx=3787 burst=18/30 cum=1933/2430=0.795
[mtp-chain] heads=3 policy=step-modulo prefix-replay kv=per-head
[spec-acc] ctx=3820 burst=19/25 cum=1952/2455=0.795
[mtp-chain] heads=3 policy=step-modulo prefix-replay kv=per-head
[spec-acc] ctx=3852 burst=23/25 cum=1975/2480=0.796
[mtp-chain] heads=3 policy=step-modulo prefix-replay kv=per-head
[spec-acc] ctx=3885 burst=20/28 cum=1995/2508=0.795
[mtp-chain] heads=3 policy=step-modulo prefix-replay kv=per-head
[spec-acc] ctx=3917 burst=17/29 cum=2012/2537=0.793
[mtp-chain] heads=3 policy=step-modulo prefix-replay kv=per-head
[spec-acc] ctx=3949 burst=22/22 cum=2034/2559=0.795
[mtp-chain] heads=3 policy=step-modulo prefix-replay kv=per-head
[spec-acc] ctx=3982 burst=18/26 cum=2052/2585=0.794
[mtp-chain] heads=3 policy=step-modulo prefix-replay kv=per-head
[spec-acc] ctx=4015 burst=21/25 cum=2073/2610=0.794
[mtp-chain] heads=3 policy=step-modulo prefix-replay kv=per-head
[spec-acc] ctx=4048 burst=21/21 cum=2094/2631=0.796
[mtp-chain] heads=3 policy=step-modulo prefix-replay kv=per-head
[spec-acc] ctx=4080 burst=22/24 cum=2116/2655=0.797
[mtp-chain] heads=3 policy=step-modulo prefix-replay kv=per-head
[spec-acc] ctx=4113 burst=18/19 cum=2134/2674=0.798
[mtp-chain] heads=3 policy=step-modulo prefix-replay kv=per-head
[spec-acc] ctx=4145 burst=22/23 cum=2156/2697=0.799
[mtp-chain] heads=3 policy=step-modulo prefix-replay kv=per-head
[spec-acc] ctx=4178 burst=22/24 cum=2178/2721=0.800
[mtp-chain] heads=3 policy=step-modulo prefix-replay kv=per-head
[spec-acc] ctx=4210 burst=20/26 cum=2198/2747=0.800
[mtp-chain] heads=3 policy=step-modulo prefix-replay kv=per-head
[spec-acc] ctx=4243 burst=18/28 cum=2216/2775=0.799
[mtp-chain] heads=3 policy=step-modulo prefix-replay kv=per-head
[spec-acc] ctx=4275 burst=20/28 cum=2236/2803=0.798
[mtp-chain] heads=3 policy=step-modulo prefix-replay kv=per-head
[spec-acc] ctx=4308 burst=19/23 cum=2255/2826=0.798
[mtp-chain] heads=3 policy=step-modulo prefix-replay kv=per-head
[spec-acc] ctx=4340 burst=22/25 cum=2277/2851=0.799
[mtp-chain] heads=3 policy=step-modulo prefix-replay kv=per-head
[spec-acc] ctx=4374 burst=20/29 cum=2297/2880=0.798
[mtp-chain] heads=3 policy=step-modulo prefix-replay kv=per-head
[spec-acc] ctx=4408 burst=21/21 cum=2318/2901=0.799
[mtp-chain] heads=3 policy=step-modulo prefix-replay kv=per-head
[spec-acc] ctx=4440 burst=15/17 cum=2333/2918=0.800
[mtp-chain] heads=3 policy=step-modulo prefix-replay kv=per-head
[spec-acc] ctx=4472 burst=16/21 cum=2349/2939=0.799
[mtp-chain] heads=3 policy=step-modulo prefix-replay kv=per-head
[spec-acc] ctx=4505 burst=17/21 cum=2366/2960=0.799
[mtp-chain] heads=3 policy=step-modulo prefix-replay kv=per-head
[spec-acc] ctx=4538 burst=19/26 cum=2385/2986=0.799
[mtp-chain] heads=3 policy=step-modulo prefix-replay kv=per-head
[spec-acc] ctx=4571 burst=21/25 cum=2406/3011=0.799
[mtp-chain] heads=3 policy=step-modulo prefix-replay kv=per-head
[spec-acc] ctx=4605 burst=16/28 cum=2422/3039=0.797
[mtp-chain] heads=3 policy=step-modulo prefix-replay kv=per-head
[spec-acc] ctx=4637 burst=21/29 cum=2443/3068=0.796
[mtp-chain] heads=3 policy=step-modulo prefix-replay kv=per-head
[spec-acc] ctx=4672 burst=17/25 cum=2460/3093=0.795
[mtp-chain] heads=3 policy=step-modulo prefix-replay kv=per-head
[spec-acc] ctx=4704 burst=20/27 cum=2480/3120=0.795
[mtp-chain] heads=3 policy=step-modulo prefix-replay kv=per-head
[spec-acc] ctx=4738 burst=21/25 cum=2501/3145=0.795
[mtp-chain] heads=3 policy=step-modulo prefix-replay kv=per-head
[spec-acc] ctx=4771 burst=22/27 cum=2523/3172=0.795
[mtp-chain] heads=3 policy=step-modulo prefix-replay kv=per-head
[spec-acc] ctx=4806 burst=20/26 cum=2543/3198=0.795
[mtp-chain] heads=3 policy=step-modulo prefix-replay kv=per-head
[spec-acc] ctx=4840 burst=20/20 cum=2563/3218=0.796
[mtp-chain] heads=3 policy=step-modulo prefix-replay kv=per-head
[spec-acc] ctx=4873 burst=20/23 cum=2583/3241=0.797
[mtp-chain] heads=3 policy=step-modulo prefix-replay kv=per-head
[spec-acc] ctx=4905 burst=20/32 cum=2603/3273=0.795
[mtp-chain] heads=3 policy=step-modulo prefix-replay kv=per-head
[spec-acc] ctx=4938 burst=14/29 cum=2617/3302=0.793
[mtp-chain] heads=3 policy=step-modulo prefix-replay kv=per-head
[spec-acc] ctx=4970 burst=20/28 cum=2637/3330=0.792
[mtp-chain] heads=3 policy=step-modulo prefix-replay kv=per-head
[spec-acc] ctx=5002 burst=21/23 cum=2658/3353=0.793
[mtp-chain] heads=3 policy=step-modulo prefix-replay kv=per-head
[spec-acc] ctx=5035 burst=21/29 cum=2679/3382=0.792
[mtp-chain] heads=3 policy=step-modulo prefix-replay kv=per-head
[spec-acc] ctx=5068 burst=19/27 cum=2698/3409=0.791
[mtp-chain] heads=3 policy=step-modulo prefix-replay kv=per-head
[spec-acc] ctx=5101 burst=21/25 cum=2719/3434=0.792
[mtp-chain] heads=3 policy=step-modulo prefix-replay kv=per-head
[spec-acc] ctx=5133 burst=22/23 cum=2741/3457=0.793
[mtp-chain] heads=3 policy=step-modulo prefix-replay kv=per-head
[spec-acc] ctx=5167 burst=17/30 cum=2758/3487=0.791
[mtp-chain] heads=3 policy=step-modulo prefix-replay kv=per-head
[spec-acc] ctx=5200 burst=16/26 cum=2774/3513=0.790
[mtp-chain] heads=3 policy=step-modulo prefix-replay kv=per-head
[spec-acc] ctx=5233 burst=22/22 cum=2796/3535=0.791
[mtp-chain] heads=3 policy=step-modulo prefix-replay kv=per-head
[spec-acc] ctx=5267 burst=21/24 cum=2817/3559=0.792
[mtp-chain] heads=3 policy=step-modulo prefix-replay kv=per-head
[spec-acc] ctx=5302 burst=17/26 cum=2834/3585=0.791
[mtp-chain] heads=3 policy=step-modulo prefix-replay kv=per-head
[spec-acc] ctx=5335 burst=20/23 cum=2854/3608=0.791
[mtp-chain] heads=3 policy=step-modulo prefix-replay kv=per-head
[spec-acc] ctx=5368 burst=19/21 cum=2873/3629=0.792
[mtp-chain] heads=3 policy=step-modulo prefix-replay kv=per-head
[spec-acc] ctx=5401 burst=18/24 cum=2891/3653=0.791
[mtp-chain] heads=3 policy=step-modulo prefix-replay kv=per-head
[spec-acc] ctx=5433 burst=23/28 cum=2914/3681=0.792
[mtp-chain] heads=3 policy=step-modulo prefix-replay kv=per-head
[spec-acc] ctx=5468 burst=19/26 cum=2933/3707=0.791
[mtp-chain] heads=3 policy=step-modulo prefix-replay kv=per-head
[spec-acc] ctx=5500 burst=21/24 cum=2954/3731=0.792
[mtp-chain] heads=3 policy=step-modulo prefix-replay kv=per-head
[spec-acc] ctx=5532 burst=22/24 cum=2976/3755=0.793
[mtp-chain] heads=3 policy=step-modulo prefix-replay kv=per-head
[spec-acc] ctx=5564 burst=21/26 cum=2997/3781=0.793
[mtp-chain] heads=3 policy=step-modulo prefix-replay kv=per-head
[spec-acc] ctx=5596 burst=25/26 cum=3022/3807=0.794
[mtp-chain] heads=3 policy=step-modulo prefix-replay kv=per-head
[spec-acc] ctx=5631 burst=23/28 cum=3045/3835=0.794
[mtp-chain] heads=3 policy=step-modulo prefix-replay kv=per-head
[spec-acc] ctx=5666 burst=20/24 cum=3065/3859=0.794
[mtp-chain] heads=3 policy=step-modulo prefix-replay kv=per-head
[spec-acc] ctx=5698 burst=20/24 cum=3085/3883=0.794
[mtp-chain] heads=3 policy=step-modulo prefix-replay kv=per-head
[spec-acc] ctx=5732 burst=21/27 cum=3106/3910=0.794
[mtp-chain] heads=3 policy=step-modulo prefix-replay kv=per-head
[spec-acc] ctx=5764 burst=23/27 cum=3129/3937=0.795
[mtp-chain] heads=3 policy=step-modulo prefix-replay kv=per-head
[spec-acc] ctx=5798 burst=19/26 cum=3148/3963=0.794
[mtp-chain] heads=3 policy=step-modulo prefix-replay kv=per-head
[spec-acc] ctx=5831 burst=20/23 cum=3168/3986=0.795
[mtp-chain] heads=3 policy=step-modulo prefix-replay kv=per-head
[spec-acc] ctx=5864 burst=21/21 cum=3189/4007=0.796
[mtp-chain] heads=3 policy=step-modulo prefix-replay kv=per-head
[spec-acc] ctx=5896 burst=19/28 cum=3208/4035=0.795
[mtp-chain] heads=3 policy=step-modulo prefix-replay kv=per-head
[spec-acc] ctx=5928 burst=17/30 cum=3225/4065=0.793
[mtp-chain] heads=3 policy=step-modulo prefix-replay kv=per-head
[spec-acc] ctx=5961 burst=15/29 cum=3240/4094=0.791
[mtp-chain] heads=3 policy=step-modulo prefix-replay kv=per-head
[spec-acc] ctx=5993 burst=19/26 cum=3259/4120=0.791
[mtp-chain] heads=3 policy=step-modulo prefix-replay kv=per-head
[spec-acc] ctx=6027 burst=17/28 cum=3276/4148=0.790
[mtp-chain] heads=3 policy=step-modulo prefix-replay kv=per-head
[spec-acc] ctx=6059 burst=19/26 cum=3295/4174=0.789
[mtp-chain] heads=3 policy=step-modulo prefix-replay kv=per-head
[spec-acc] ctx=6092 burst=18/25 cum=3313/4199=0.789
[mtp-chain] heads=3 policy=step-modulo prefix-replay kv=per-head
[spec-acc] ctx=6124 burst=18/21 cum=3331/4220=0.789
[mtp-chain] heads=3 policy=step-modulo prefix-replay kv=per-head
[spec-acc] ctx=6157 burst=20/26 cum=3351/4246=0.789
[mtp-chain] heads=3 policy=step-modulo prefix-replay kv=per-head
[spec-acc] ctx=6191 burst=19/24 cum=3370/4270=0.789
[mtp-chain] heads=3 policy=step-modulo prefix-replay kv=per-head
[spec-acc] ctx=6225 burst=17/26 cum=3387/4296=0.788
[mtp-chain] heads=3 policy=step-modulo prefix-replay kv=per-head
[spec-acc] ctx=6257 burst=17/27 cum=3404/4323=0.787
[mtp-chain] heads=3 policy=step-modulo prefix-replay kv=per-head
[spec-acc] ctx=6289 burst=18/27 cum=3422/4350=0.787
[mtp-chain] heads=3 policy=step-modulo prefix-replay kv=per-head
[spec-acc] ctx=6321 burst=22/24 cum=3444/4374=0.787
[mtp-chain] heads=3 policy=step-modulo prefix-replay kv=per-head
[spec-acc] ctx=6354 burst=24/26 cum=3468/4400=0.788
[mtp-chain] heads=3 policy=step-modulo prefix-replay kv=per-head
[spec-acc] ctx=6389 burst=20/26 cum=3488/4426=0.788
[mtp-chain] heads=3 policy=step-modulo prefix-replay kv=per-head
[spec-acc] ctx=6422 burst=16/31 cum=3504/4457=0.786
[mtp-chain] heads=3 policy=step-modulo prefix-replay kv=per-head
[spec-acc] ctx=6454 burst=16/27 cum=3520/4484=0.785
[mtp-chain] heads=3 policy=step-modulo prefix-replay kv=per-head
[spec-acc] ctx=6486 burst=16/20 cum=3536/4504=0.785
[mtp-chain] heads=3 policy=step-modulo prefix-replay kv=per-head
[spec-acc] ctx=6518 burst=20/26 cum=3556/4530=0.785
[mtp-chain] heads=3 policy=step-modulo prefix-replay kv=per-head
[spec-acc] ctx=6552 burst=20/25 cum=3576/4555=0.785
[mtp-chain] heads=3 policy=step-modulo prefix-replay kv=per-head
[spec-acc] ctx=6585 burst=21/31 cum=3597/4586=0.784
[mtp-chain] heads=3 policy=step-modulo prefix-replay kv=per-head
[spec-acc] ctx=6619 burst=22/27 cum=3619/4613=0.785
[mtp-chain] heads=3 policy=step-modulo prefix-replay kv=per-head
[spec-acc] ctx=6653 burst=22/31 cum=3641/4644=0.784
[mtp-chain] heads=3 policy=step-modulo prefix-replay kv=per-head
[spec-acc] ctx=6688 burst=24/25 cum=3665/4669=0.785
[mtp-chain] heads=3 policy=step-modulo prefix-replay kv=per-head
[spec-acc] ctx=6722 burst=22/24 cum=3687/4693=0.786
[mtp-chain] heads=3 policy=step-modulo prefix-replay kv=per-head
[spec-acc] ctx=6754 burst=23/24 cum=3710/4717=0.787
[mtp-chain] heads=3 policy=step-modulo prefix-replay kv=per-head
[spec-acc] ctx=6789 burst=24/25 cum=3734/4742=0.787
[mtp-chain] heads=3 policy=step-modulo prefix-replay kv=per-head
[spec-acc] ctx=6823 burst=22/24 cum=3756/4766=0.788
[mtp-chain] heads=3 policy=step-modulo prefix-replay kv=per-head
[spec-acc] ctx=6856 burst=22/26 cum=3778/4792=0.788
[mtp-chain] heads=3 policy=step-modulo prefix-replay kv=per-head
[spec-acc] ctx=6889 burst=23/27 cum=3801/4819=0.789
[mtp-chain] heads=3 policy=step-modulo prefix-replay kv=per-head
[spec-acc] ctx=6924 burst=16/25 cum=3817/4844=0.788
[mtp-chain] heads=3 policy=step-modulo prefix-replay kv=per-head
[spec-acc] ctx=6956 burst=18/31 cum=3835/4875=0.787
[mtp-chain] heads=3 policy=step-modulo prefix-replay kv=per-head
[spec-acc] ctx=6988 burst=18/23 cum=3853/4898=0.787
[mtp-chain] heads=3 policy=step-modulo prefix-replay kv=per-head
[spec-acc] ctx=7022 burst=21/25 cum=3874/4923=0.787
[mtp-chain] heads=3 policy=step-modulo prefix-replay kv=per-head
[spec-acc] ctx=7054 burst=21/23 cum=3895/4946=0.788
[mtp-chain] heads=3 policy=step-modulo prefix-replay kv=per-head
[spec-acc] ctx=7087 burst=22/24 cum=3917/4970=0.788
[mtp-chain] heads=3 policy=step-modulo prefix-replay kv=per-head
[spec-acc] ctx=7119 burst=22/28 cum=3939/4998=0.788
[mtp-chain] heads=3 policy=step-modulo prefix-replay kv=per-head
[spec-acc] ctx=7154 burst=20/23 cum=3959/5021=0.788
[mtp-chain] heads=3 policy=step-modulo prefix-replay kv=per-head
[spec-acc] ctx=7186 burst=19/25 cum=3978/5046=0.788
[mtp-chain] heads=3 policy=step-modulo prefix-replay kv=per-head
[spec-acc] ctx=7219 burst=21/27 cum=3999/5073=0.788
[mtp-chain] heads=3 policy=step-modulo prefix-replay kv=per-head
[spec-acc] ctx=7251 burst=17/28 cum=4016/5101=0.787
[mtp-chain] heads=3 policy=step-modulo prefix-replay kv=per-head
[spec-acc] ctx=7284 burst=17/28 cum=4033/5129=0.786
[mtp-chain] heads=3 policy=step-modulo prefix-replay kv=per-head
[spec-acc] ctx=7316 burst=18/25 cum=4051/5154=0.786
[mtp-chain] heads=3 policy=step-modulo prefix-replay kv=per-head
[spec-acc] ctx=7348 burst=18/19 cum=4069/5173=0.787
[mtp-chain] heads=3 policy=step-modulo prefix-replay kv=per-head
[spec-acc] ctx=7380 burst=21/24 cum=4090/5197=0.787
[mtp-chain] heads=3 policy=step-modulo prefix-replay kv=per-head
[spec-acc] ctx=7413 burst=22/25 cum=4112/5222=0.787
[mtp-chain] heads=3 policy=step-modulo prefix-replay kv=per-head
[spec-acc] ctx=7447 burst=23/26 cum=4135/5248=0.788
[mtp-chain] heads=3 policy=step-modulo prefix-replay kv=per-head
[spec-acc] ctx=7482 burst=20/27 cum=4155/5275=0.788
[mtp-chain] heads=3 policy=step-modulo prefix-replay kv=per-head
[spec-acc] ctx=7515 burst=13/26 cum=4168/5301=0.786
[mtp-chain] heads=3 policy=step-modulo prefix-replay kv=per-head
[spec-acc] ctx=7548 burst=22/23 cum=4190/5324=0.787
[mtp-chain] heads=3 policy=step-modulo prefix-replay kv=per-head
[spec-acc] ctx=7582 burst=19/23 cum=4209/5347=0.787
[mtp-chain] heads=3 policy=step-modulo prefix-replay kv=per-head
[spec-acc] ctx=7615 burst=20/22 cum=4229/5369=0.788
[mtp-chain] heads=3 policy=step-modulo prefix-replay kv=per-head
[spec-acc] ctx=7647 burst=23/25 cum=4252/5394=0.788
[mtp-chain] heads=3 policy=step-modulo prefix-replay kv=per-head
[spec-acc] ctx=7680 burst=21/25 cum=4273/5419=0.789
[mtp-chain] heads=3 policy=step-modulo prefix-replay kv=per-head
[spec-acc] ctx=7713 burst=23/28 cum=4296/5447=0.789
[mtp-chain] heads=3 policy=step-modulo prefix-replay kv=per-head
[spec-acc] ctx=7747 burst=19/26 cum=4315/5473=0.788
[mtp-chain] heads=3 policy=step-modulo prefix-replay kv=per-head
[spec-acc] ctx=7779 burst=21/28 cum=4336/5501=0.788
[mtp-chain] heads=3 policy=step-modulo prefix-replay kv=per-head
[spec-acc] ctx=7812 burst=24/28 cum=4360/5529=0.789
[mtp-chain] heads=3 policy=step-modulo prefix-replay kv=per-head
[spec-acc] ctx=7847 burst=22/26 cum=4382/5555=0.789
[mtp-chain] heads=3 policy=step-modulo prefix-replay kv=per-head
[spec-acc] ctx=7880 burst=24/24 cum=4406/5579=0.790
[mtp-chain] heads=3 policy=step-modulo prefix-replay kv=per-head
[spec-acc] ctx=7914 burst=23/23 cum=4429/5602=0.791
[mtp-chain] heads=3 policy=step-modulo prefix-replay kv=per-head
[spec-acc] ctx=7947 burst=19/23 cum=4448/5625=0.791
[mtp-chain] heads=3 policy=step-modulo prefix-replay kv=per-head
[spec-acc] ctx=7981 burst=24/26 cum=4472/5651=0.791
[mtp-chain] heads=3 policy=step-modulo prefix-replay kv=per-head
[spec-acc] ctx=8015 burst=19/26 cum=4491/5677=0.791
[mtp-chain] heads=3 policy=step-modulo prefix-replay kv=per-head
[spec-acc] ctx=8048 burst=21/22 cum=4512/5699=0.792
[mtp-chain] heads=3 policy=step-modulo prefix-replay kv=per-head
[spec-acc] ctx=8080 burst=21/26 cum=4533/5725=0.792
[mtp-chain] heads=3 policy=step-modulo prefix-replay kv=per-head
[spec-acc] ctx=8114 burst=23/25 cum=4556/5750=0.792
[mtp-chain] heads=3 policy=step-modulo prefix-replay kv=per-head
[spec-acc] ctx=8147 burst=16/19 cum=4572/5769=0.793
[mtp-chain] heads=3 policy=step-modulo prefix-replay kv=per-head
[spec-acc] ctx=8179 burst=22/26 cum=4594/5795=0.793
[mtp-chain] heads=3 policy=step-modulo prefix-replay kv=per-head
[spec-acc] ctx=8214 burst=24/27 cum=4618/5822=0.793
[mtp-chain] heads=3 policy=step-modulo prefix-replay kv=per-head
[spec-acc] ctx=8248 burst=21/26 cum=4639/5848=0.793
[mtp-chain] heads=3 policy=step-modulo prefix-replay kv=per-head
[spec-acc] ctx=8281 burst=22/27 cum=4661/5875=0.793
[mtp-chain] heads=3 policy=step-modulo prefix-replay kv=per-head
[spec-acc] ctx=8315 burst=20/23 cum=4681/5898=0.794
[mtp-chain] heads=3 policy=step-modulo prefix-replay kv=per-head
[spec-acc] ctx=8347 burst=21/22 cum=4702/5920=0.794
[mtp-chain] heads=3 policy=step-modulo prefix-replay kv=per-head
[spec-acc] ctx=8379 burst=23/25 cum=4725/5945=0.795
[mtp-chain] heads=3 policy=step-modulo prefix-replay kv=per-head
[spec-acc] ctx=8412 burst=24/26 cum=4749/5971=0.795
[mtp-chain] heads=3 policy=step-modulo prefix-replay kv=per-head
[spec-acc] ctx=8446 burst=25/26 cum=4774/5997=0.796
[mtp-chain] heads=3 policy=step-modulo prefix-replay kv=per-head
[spec-acc] ctx=8481 burst=22/26 cum=4796/6023=0.796
[mtp-chain] heads=3 policy=step-modulo prefix-replay kv=per-head
[spec-acc] ctx=8515 burst=23/24 cum=4819/6047=0.797
[mtp-chain] heads=3 policy=step-modulo prefix-replay kv=per-head
[spec-acc] ctx=8548 burst=25/26 cum=4844/6073=0.798
[mtp-chain] heads=3 policy=step-modulo prefix-replay kv=per-head
[spec-acc] ctx=8583 burst=23/25 cum=4867/6098=0.798
[mtp-chain] heads=3 policy=step-modulo prefix-replay kv=per-head
[spec-acc] ctx=8616 burst=20/21 cum=4887/6119=0.799
[mtp-chain] heads=3 policy=step-modulo prefix-replay kv=per-head
[spec-acc] ctx=8648 burst=23/24 cum=4910/6143=0.799
[mtp-chain] heads=3 policy=step-modulo prefix-replay kv=per-head
[spec-acc] ctx=8682 burst=22/27 cum=4932/6170=0.799
[mtp-chain] heads=3 policy=step-modulo prefix-replay kv=per-head
[spec-acc] ctx=8714 burst=22/27 cum=4954/6197=0.799
[mtp-chain] heads=3 policy=step-modulo prefix-replay kv=per-head
[spec-acc] ctx=8747 burst=15/15 cum=4969/6212=0.800
[meter] admit id=chatcmpl-3299ef2b3eb4581b1dc91029d32d0f1e tenant=default lane=interactive model="step37"
[admission] per-session draft-state charge: model="step37" +2747MB (measured capture high-water)
[admission] request cost: model="step37" ctx=10218 path=spec = 89088 B/token x ctx + 29MB fixed = 600MB
[admission] parallel device plan: [dev0 session 3347MB + tp-kv 272MB + pending-tp-kv 0MB + reserve 1611MB + boundary 0.000MB; dev1 session 0MB + tp-kv 272MB + pending-tp-kv 0MB + reserve 1611MB + boundary 0.000MB]
[admit-oom] reclaim-on-defer: evicted 0 prefix entries + 0 plain + 1 spec + 0 dspark parked sessions (global LRU); effective free 4219MB -> 5043MB
[admission] eager-arm admit: model="step37" ctx=10218 draft-state 2747MB uncharged (capture would be refused at current headroom; the pre-capture gate enforces it)
[prefix-cache] refused for MEMRA_SWA_RING=1 Step35 session (flat-history snapshots/restores are excluded)
[spec-k] model="step37" tenant="" K=3 source=operator-pin prompt=1962 cached=0 lcp=0 active=1 wave=1 placement=single-or-non-pp2
[mtp-chain] heads=3 policy=step-modulo prefix-replay kv=per-head
[gemm-prime] ENGAGED t=1920 base=0 seq_end=1962 chunks<=4096 (GEMM trunk + grouped MoE)
[gemm-prime] ENGAGED t=42 base=1920 seq_end=1962 chunks<=4096 (GEMM trunk + grouped MoE)
[spec] WARN: sampled draft-graph capture failed (insufficient VRAM headroom for capture: effective free 3947MB (driver 2036MB + pool-cached 1911MB) < required 8311MB (2x appetite 2619MB + floor 3072MB); capture skipped pre-attempt); eager fallback until session resume
[spec-acc] ctx=1962 burst=21/21 cum=21/21=1.000
[mtp-chain] heads=3 policy=step-modulo prefix-replay kv=per-head
[spec-acc] ctx=1995 burst=19/25 cum=40/46=0.870
[mtp-chain] heads=3 policy=step-modulo prefix-replay kv=per-head
[spec-acc] ctx=2027 burst=20/25 cum=60/71=0.845
[mtp-chain] heads=3 policy=step-modulo prefix-replay kv=per-head
[spec-acc] ctx=2060 burst=18/23 cum=78/94=0.830
[mtp-chain] heads=3 policy=step-modulo prefix-replay kv=per-head
[spec-acc] ctx=2093 burst=17/24 cum=95/118=0.805
[mtp-chain] heads=3 policy=step-modulo prefix-replay kv=per-head
[spec-acc] ctx=2125 burst=17/21 cum=112/139=0.806
[mtp-chain] heads=3 policy=step-modulo prefix-replay kv=per-head
[spec-acc] ctx=2158 burst=24/27 cum=136/166=0.819
[mtp-chain] heads=3 policy=step-modulo prefix-replay kv=per-head
[spec-acc] ctx=2193 burst=16/25 cum=152/191=0.796
[mtp-chain] heads=3 policy=step-modulo prefix-replay kv=per-head
[spec-acc] ctx=2226 burst=18/25 cum=170/216=0.787
[mtp-chain] heads=3 policy=step-modulo prefix-replay kv=per-head
[spec-acc] ctx=2259 burst=22/26 cum=192/242=0.793
[mtp-chain] heads=3 policy=step-modulo prefix-replay kv=per-head
[spec-acc] ctx=2294 burst=20/24 cum=212/266=0.797
[mtp-chain] heads=3 policy=step-modulo prefix-replay kv=per-head
[spec-acc] ctx=2328 burst=24/27 cum=236/293=0.805
[mtp-chain] heads=3 policy=step-modulo prefix-replay kv=per-head
[spec-acc] ctx=2362 burst=22/26 cum=258/319=0.809
[mtp-chain] heads=3 policy=step-modulo prefix-replay kv=per-head
[spec-acc] ctx=2394 burst=20/25 cum=278/344=0.808
[mtp-chain] heads=3 policy=step-modulo prefix-replay kv=per-head
[spec-acc] ctx=2426 burst=21/29 cum=299/373=0.802
[mtp-chain] heads=3 policy=step-modulo prefix-replay kv=per-head
[spec-acc] ctx=2461 burst=18/19 cum=317/392=0.809
[mtp-chain] heads=3 policy=step-modulo prefix-replay kv=per-head
[spec-acc] ctx=2494 burst=16/19 cum=333/411=0.810
[mtp-chain] heads=3 policy=step-modulo prefix-replay kv=per-head
[spec-acc] ctx=2526 burst=19/26 cum=352/437=0.805
[mtp-chain] heads=3 policy=step-modulo prefix-replay kv=per-head
[spec-acc] ctx=2559 burst=22/29 cum=374/466=0.803
[mtp-chain] heads=3 policy=step-modulo prefix-replay kv=per-head
[spec-acc] ctx=2593 burst=21/27 cum=395/493=0.801
[mtp-chain] heads=3 policy=step-modulo prefix-replay kv=per-head
[spec-acc] ctx=2626 burst=21/24 cum=416/517=0.805
[mtp-chain] heads=3 policy=step-modulo prefix-replay kv=per-head
[spec-acc] ctx=2658 burst=19/23 cum=435/540=0.806
[mtp-chain] heads=3 policy=step-modulo prefix-replay kv=per-head
[spec-acc] ctx=2691 burst=19/27 cum=454/567=0.801
[mtp-chain] heads=3 policy=step-modulo prefix-replay kv=per-head
[spec-acc] ctx=2724 burst=22/24 cum=476/591=0.805
[mtp-chain] heads=3 policy=step-modulo prefix-replay kv=per-head
[spec-acc] ctx=2756 burst=25/27 cum=501/618=0.811
[mtp-chain] heads=3 policy=step-modulo prefix-replay kv=per-head
[spec-acc] ctx=2791 burst=18/21 cum=519/639=0.812
[mtp-chain] heads=3 policy=step-modulo prefix-replay kv=per-head
[spec-acc] ctx=2824 burst=23/26 cum=542/665=0.815
[mtp-chain] heads=3 policy=step-modulo prefix-replay kv=per-head
[spec-acc] ctx=2859 burst=23/28 cum=565/693=0.815
[mtp-chain] heads=3 policy=step-modulo prefix-replay kv=per-head
[spec-acc] ctx=2894 burst=18/25 cum=583/718=0.812
[mtp-chain] heads=3 policy=step-modulo prefix-replay kv=per-head
[spec-acc] ctx=2926 burst=17/23 cum=600/741=0.810
[mtp-chain] heads=3 policy=step-modulo prefix-replay kv=per-head
[spec-acc] ctx=2958 burst=21/22 cum=621/763=0.814
[mtp-chain] heads=3 policy=step-modulo prefix-replay kv=per-head
[spec-acc] ctx=2992 burst=23/24 cum=644/787=0.818
[mtp-chain] heads=3 policy=step-modulo prefix-replay kv=per-head
[spec-acc] ctx=3025 burst=23/23 cum=667/810=0.823
[mtp-chain] heads=3 policy=step-modulo prefix-replay kv=per-head
[spec-acc] ctx=3057 burst=19/22 cum=686/832=0.825
[mtp-chain] heads=3 policy=step-modulo prefix-replay kv=per-head
[spec-acc] ctx=3091 burst=17/22 cum=703/854=0.823
[mtp-chain] heads=3 policy=step-modulo prefix-replay kv=per-head
[spec-acc] ctx=3125 burst=22/22 cum=725/876=0.828
[mtp-chain] heads=3 policy=step-modulo prefix-replay kv=per-head
[spec-acc] ctx=3159 burst=22/28 cum=747/904=0.826
[mtp-chain] heads=3 policy=step-modulo prefix-replay kv=per-head
[spec-acc] ctx=3193 burst=22/22 cum=769/926=0.830
[mtp-chain] heads=3 policy=step-modulo prefix-replay kv=per-head
[spec-acc] ctx=3225 burst=20/24 cum=789/950=0.831
[mtp-chain] heads=3 policy=step-modulo prefix-replay kv=per-head
[spec-acc] ctx=3257 burst=21/24 cum=810/974=0.832
[mtp-chain] heads=3 policy=step-modulo prefix-replay kv=per-head
[spec-acc] ctx=3290 burst=19/28 cum=829/1002=0.827
[mtp-chain] heads=3 policy=step-modulo prefix-replay kv=per-head
[spec-acc] ctx=3322 burst=22/24 cum=851/1026=0.829
[mtp-chain] heads=3 policy=step-modulo prefix-replay kv=per-head
[spec-acc] ctx=3355 burst=19/23 cum=870/1049=0.829
[mtp-chain] heads=3 policy=step-modulo prefix-replay kv=per-head
[spec-acc] ctx=3388 burst=23/23 cum=893/1072=0.833
[mtp-chain] heads=3 policy=step-modulo prefix-replay kv=per-head
[spec-acc] ctx=3421 burst=21/21 cum=914/1093=0.836
[mtp-chain] heads=3 policy=step-modulo prefix-replay kv=per-head
[spec-acc] ctx=3453 burst=19/20 cum=933/1113=0.838
[mtp-chain] heads=3 policy=step-modulo prefix-replay kv=per-head
[spec-acc] ctx=3485 burst=18/24 cum=951/1137=0.836
[mtp-chain] heads=3 policy=step-modulo prefix-replay kv=per-head
[spec-acc] ctx=3518 burst=18/24 cum=969/1161=0.835
[mtp-chain] heads=3 policy=step-modulo prefix-replay kv=per-head
[spec-acc] ctx=3552 burst=18/22 cum=987/1183=0.834
[mtp-chain] heads=3 policy=step-modulo prefix-replay kv=per-head
[spec-acc] ctx=3584 burst=17/21 cum=1004/1204=0.834
[mtp-chain] heads=3 policy=step-modulo prefix-replay kv=per-head
[spec-acc] ctx=3616 burst=18/24 cum=1022/1228=0.832
[mtp-chain] heads=3 policy=step-modulo prefix-replay kv=per-head
[spec-acc] ctx=3649 burst=16/21 cum=1038/1249=0.831
[mtp-chain] heads=3 policy=step-modulo prefix-replay kv=per-head
[spec-acc] ctx=3681 burst=19/32 cum=1057/1281=0.825
[mtp-chain] heads=3 policy=step-modulo prefix-replay kv=per-head
[spec-acc] ctx=3714 burst=22/28 cum=1079/1309=0.824
[mtp-chain] heads=3 policy=step-modulo prefix-replay kv=per-head
[spec-acc] ctx=3748 burst=19/26 cum=1098/1335=0.822
[mtp-chain] heads=3 policy=step-modulo prefix-replay kv=per-head
[spec-acc] ctx=3781 burst=18/27 cum=1116/1362=0.819
[mtp-chain] heads=3 policy=step-modulo prefix-replay kv=per-head
[spec-acc] ctx=3814 burst=20/27 cum=1136/1389=0.818
[mtp-chain] heads=3 policy=step-modulo prefix-replay kv=per-head
[spec-acc] ctx=3847 burst=21/25 cum=1157/1414=0.818
[mtp-chain] heads=3 policy=step-modulo prefix-replay kv=per-head
[spec-acc] ctx=3881 burst=24/24 cum=1181/1438=0.821
[mtp-chain] heads=3 policy=step-modulo prefix-replay kv=per-head
[spec-acc] ctx=3915 burst=24/24 cum=1205/1462=0.824
[mtp-chain] heads=3 policy=step-modulo prefix-replay kv=per-head
[spec-acc] ctx=3949 burst=23/26 cum=1228/1488=0.825
[mtp-chain] heads=3 policy=step-modulo prefix-replay kv=per-head
[spec-acc] ctx=3984 burst=20/27 cum=1248/1515=0.824
[mtp-chain] heads=3 policy=step-modulo prefix-replay kv=per-head
[spec-acc] ctx=4018 burst=21/24 cum=1269/1539=0.825
[mtp-chain] heads=3 policy=step-modulo prefix-replay kv=per-head
[spec-acc] ctx=4050 burst=20/23 cum=1289/1562=0.825
[mtp-chain] heads=3 policy=step-modulo prefix-replay kv=per-head
[spec-acc] ctx=4082 burst=17/18 cum=1306/1580=0.827
[mtp-chain] heads=3 policy=step-modulo prefix-replay kv=per-head
[spec-acc] ctx=4114 burst=23/23 cum=1329/1603=0.829
[mtp-chain] heads=3 policy=step-modulo prefix-replay kv=per-head
[spec-acc] ctx=4147 burst=21/27 cum=1350/1630=0.828
[mtp-chain] heads=3 policy=step-modulo prefix-replay kv=per-head
[spec-acc] ctx=4180 burst=23/24 cum=1373/1654=0.830
[mtp-chain] heads=3 policy=step-modulo prefix-replay kv=per-head
[spec-acc] ctx=4212 burst=24/24 cum=1397/1678=0.833
[mtp-chain] heads=3 policy=step-modulo prefix-replay kv=per-head
[spec-acc] ctx=4245 burst=20/22 cum=1417/1700=0.834
[mtp-chain] heads=3 policy=step-modulo prefix-replay kv=per-head
[spec-acc] ctx=4278 burst=25/27 cum=1442/1727=0.835
[mtp-chain] heads=3 policy=step-modulo prefix-replay kv=per-head
[spec-acc] ctx=4313 burst=24/26 cum=1466/1753=0.836
[mtp-chain] heads=3 policy=step-modulo prefix-replay kv=per-head
[spec-acc] ctx=4347 burst=18/29 cum=1484/1782=0.833
[mtp-chain] heads=3 policy=step-modulo prefix-replay kv=per-head
[spec-acc] ctx=4381 burst=23/27 cum=1507/1809=0.833
[mtp-chain] heads=3 policy=step-modulo prefix-replay kv=per-head
[spec-acc] ctx=4415 burst=24/24 cum=1531/1833=0.835
[mtp-chain] heads=3 policy=step-modulo prefix-replay kv=per-head
[spec-acc] ctx=4449 burst=24/24 cum=1555/1857=0.837
[mtp-chain] heads=3 policy=step-modulo prefix-replay kv=per-head
[spec-acc] ctx=4482 burst=19/24 cum=1574/1881=0.837
[mtp-chain] heads=3 policy=step-modulo prefix-replay kv=per-head
[spec-acc] ctx=4514 burst=20/27 cum=1594/1908=0.835
[mtp-chain] heads=3 policy=step-modulo prefix-replay kv=per-head
[spec-acc] ctx=4549 burst=23/25 cum=1617/1933=0.837
[mtp-chain] heads=3 policy=step-modulo prefix-replay kv=per-head
[spec-acc] ctx=4584 burst=22/23 cum=1639/1956=0.838
[mtp-chain] heads=3 policy=step-modulo prefix-replay kv=per-head
[spec-acc] ctx=4616 burst=24/28 cum=1663/1984=0.838
[mtp-chain] heads=3 policy=step-modulo prefix-replay kv=per-head
[spec-acc] ctx=4651 burst=24/24 cum=1687/2008=0.840
[mtp-chain] heads=3 policy=step-modulo prefix-replay kv=per-head
[spec-acc] ctx=4686 burst=22/23 cum=1709/2031=0.841
[mtp-chain] heads=3 policy=step-modulo prefix-replay kv=per-head
[spec-acc] ctx=4718 burst=22/30 cum=1731/2061=0.840
[mtp-chain] heads=3 policy=step-modulo prefix-replay kv=per-head
[spec-acc] ctx=4751 burst=25/25 cum=1756/2086=0.842
[mtp-chain] heads=3 policy=step-modulo prefix-replay kv=per-head
[spec-acc] ctx=4786 burst=21/29 cum=1777/2115=0.840
[mtp-chain] heads=3 policy=step-modulo prefix-replay kv=per-head
[spec-acc] ctx=4821 burst=22/26 cum=1799/2141=0.840
[mtp-chain] heads=3 policy=step-modulo prefix-replay kv=per-head
[spec-acc] ctx=4855 burst=24/25 cum=1823/2166=0.842
[mtp-chain] heads=3 policy=step-modulo prefix-replay kv=per-head
[spec-acc] ctx=4889 burst=23/25 cum=1846/2191=0.843
[mtp-chain] heads=3 policy=step-modulo prefix-replay kv=per-head
[spec-acc] ctx=4923 burst=21/25 cum=1867/2216=0.843
[mtp-chain] heads=3 policy=step-modulo prefix-replay kv=per-head
[spec-acc] ctx=4955 burst=23/26 cum=1890/2242=0.843
[mtp-chain] heads=3 policy=step-modulo prefix-replay kv=per-head
[spec-acc] ctx=4990 burst=19/22 cum=1909/2264=0.843
[mtp-chain] heads=3 policy=step-modulo prefix-replay kv=per-head
[spec-acc] ctx=5022 burst=20/24 cum=1929/2288=0.843
[mtp-chain] heads=3 policy=step-modulo prefix-replay kv=per-head
[spec-acc] ctx=5054 burst=20/31 cum=1949/2319=0.840
[mtp-chain] heads=3 policy=step-modulo prefix-replay kv=per-head
[spec-acc] ctx=5087 burst=18/25 cum=1967/2344=0.839
[mtp-chain] heads=3 policy=step-modulo prefix-replay kv=per-head
[spec-acc] ctx=5119 burst=19/24 cum=1986/2368=0.839
[mtp-chain] heads=3 policy=step-modulo prefix-replay kv=per-head
[spec-acc] ctx=5153 burst=21/23 cum=2007/2391=0.839
[mtp-chain] heads=3 policy=step-modulo prefix-replay kv=per-head
[spec-acc] ctx=5185 burst=20/26 cum=2027/2417=0.839
[mtp-chain] heads=3 policy=step-modulo prefix-replay kv=per-head
[spec-acc] ctx=5219 burst=19/23 cum=2046/2440=0.839
[mtp-chain] heads=3 policy=step-modulo prefix-replay kv=per-head
[spec-acc] ctx=5251 burst=22/27 cum=2068/2467=0.838
[mtp-chain] heads=3 policy=step-modulo prefix-replay kv=per-head
[spec-acc] ctx=5285 burst=23/24 cum=2091/2491=0.839
[mtp-chain] heads=3 policy=step-modulo prefix-replay kv=per-head
[spec-acc] ctx=5319 burst=22/27 cum=2113/2518=0.839
[mtp-chain] heads=3 policy=step-modulo prefix-replay kv=per-head
[spec-acc] ctx=5351 burst=24/27 cum=2137/2545=0.840
[mtp-chain] heads=3 policy=step-modulo prefix-replay kv=per-head
[spec-acc] ctx=5386 burst=22/27 cum=2159/2572=0.839
[mtp-chain] heads=3 policy=step-modulo prefix-replay kv=per-head
[spec-acc] ctx=5421 burst=22/29 cum=2181/2601=0.839
[mtp-chain] heads=3 policy=step-modulo prefix-replay kv=per-head
[spec-acc] ctx=5455 burst=22/26 cum=2203/2627=0.839
[mtp-chain] heads=3 policy=step-modulo prefix-replay kv=per-head
[spec-acc] ctx=5489 burst=24/24 cum=2227/2651=0.840
[mtp-chain] heads=3 policy=step-modulo prefix-replay kv=per-head
[spec-acc] ctx=5523 burst=20/21 cum=2247/2672=0.841
[mtp-chain] heads=3 policy=step-modulo prefix-replay kv=per-head
[spec-acc] ctx=5555 burst=21/24 cum=2268/2696=0.841
[mtp-chain] heads=3 policy=step-modulo prefix-replay kv=per-head
[spec-acc] ctx=5587 burst=22/24 cum=2290/2720=0.842
[mtp-chain] heads=3 policy=step-modulo prefix-replay kv=per-head
[spec-acc] ctx=5619 burst=23/25 cum=2313/2745=0.843
[mtp-chain] heads=3 policy=step-modulo prefix-replay kv=per-head
[spec-acc] ctx=5652 burst=23/24 cum=2336/2769=0.844
[mtp-chain] heads=3 policy=step-modulo prefix-replay kv=per-head
[spec-acc] ctx=5684 burst=22/25 cum=2358/2794=0.844
[mtp-chain] heads=3 policy=step-modulo prefix-replay kv=per-head
[spec-acc] ctx=5717 burst=23/24 cum=2381/2818=0.845
[mtp-chain] heads=3 policy=step-modulo prefix-replay kv=per-head
[spec-acc] ctx=5749 burst=23/23 cum=2404/2841=0.846
[mtp-chain] heads=3 policy=step-modulo prefix-replay kv=per-head
[spec-acc] ctx=5782 burst=22/25 cum=2426/2866=0.846
[mtp-chain] heads=3 policy=step-modulo prefix-replay kv=per-head
[spec-acc] ctx=5817 burst=18/23 cum=2444/2889=0.846
[mtp-chain] heads=3 policy=step-modulo prefix-replay kv=per-head
[spec-acc] ctx=5851 burst=21/26 cum=2465/2915=0.846
[mtp-chain] heads=3 policy=step-modulo prefix-replay kv=per-head
[spec-acc] ctx=5883 burst=21/29 cum=2486/2944=0.844
[mtp-chain] heads=3 policy=step-modulo prefix-replay kv=per-head
[spec-acc] ctx=5917 burst=21/24 cum=2507/2968=0.845
[mtp-chain] heads=3 policy=step-modulo prefix-replay kv=per-head
[spec-acc] ctx=5950 burst=17/27 cum=2524/2995=0.843
[mtp-chain] heads=3 policy=step-modulo prefix-replay kv=per-head
[spec-acc] ctx=5983 burst=19/22 cum=2543/3017=0.843
[mtp-chain] heads=3 policy=step-modulo prefix-replay kv=per-head
[spec-acc] ctx=6015 burst=18/24 cum=2561/3041=0.842
[mtp-chain] heads=3 policy=step-modulo prefix-replay kv=per-head
[spec-acc] ctx=6047 burst=18/22 cum=2579/3063=0.842
[mtp-chain] heads=3 policy=step-modulo prefix-replay kv=per-head
[spec-acc] ctx=6079 burst=19/21 cum=2598/3084=0.842
[mtp-chain] heads=3 policy=step-modulo prefix-replay kv=per-head
[spec-acc] ctx=6111 burst=19/24 cum=2617/3108=0.842
[mtp-chain] heads=3 policy=step-modulo prefix-replay kv=per-head
[spec-acc] ctx=6145 burst=20/25 cum=2637/3133=0.842
[mtp-chain] heads=3 policy=step-modulo prefix-replay kv=per-head
[spec-acc] ctx=6177 burst=14/23 cum=2651/3156=0.840
[mtp-chain] heads=3 policy=step-modulo prefix-replay kv=per-head
[spec-acc] ctx=6209 burst=20/24 cum=2671/3180=0.840
[mtp-chain] heads=3 policy=step-modulo prefix-replay kv=per-head
[spec-acc] ctx=6241 burst=20/25 cum=2691/3205=0.840
[mtp-chain] heads=3 policy=step-modulo prefix-replay kv=per-head
[spec-acc] ctx=6274 burst=22/26 cum=2713/3231=0.840
[mtp-chain] heads=3 policy=step-modulo prefix-replay kv=per-head
[spec-acc] ctx=6307 burst=21/26 cum=2734/3257=0.839
[mtp-chain] heads=3 policy=step-modulo prefix-replay kv=per-head
[spec-acc] ctx=6340 burst=21/23 cum=2755/3280=0.840
[mtp-chain] heads=3 policy=step-modulo prefix-replay kv=per-head
[spec-acc] ctx=6373 burst=20/22 cum=2775/3302=0.840
[mtp-chain] heads=3 policy=step-modulo prefix-replay kv=per-head
[spec-acc] ctx=6405 burst=14/21 cum=2789/3323=0.839
[mtp-chain] heads=3 policy=step-modulo prefix-replay kv=per-head
[spec-acc] ctx=6439 burst=18/22 cum=2807/3345=0.839
[mtp-chain] heads=3 policy=step-modulo prefix-replay kv=per-head
[spec-acc] ctx=6472 burst=18/21 cum=2825/3366=0.839
[mtp-chain] heads=3 policy=step-modulo prefix-replay kv=per-head
[spec-acc] ctx=6504 burst=19/26 cum=2844/3392=0.838
[mtp-chain] heads=3 policy=step-modulo prefix-replay kv=per-head
[spec-acc] ctx=6536 burst=19/21 cum=2863/3413=0.839
[mtp-chain] heads=3 policy=step-modulo prefix-replay kv=per-head
[spec-acc] ctx=6570 burst=19/20 cum=2882/3433=0.839
[mtp-chain] heads=3 policy=step-modulo prefix-replay kv=per-head
[spec-acc] ctx=6603 burst=21/25 cum=2903/3458=0.840
[mtp-chain] heads=3 policy=step-modulo prefix-replay kv=per-head
[spec-acc] ctx=6636 burst=22/26 cum=2925/3484=0.840
[mtp-chain] heads=3 policy=step-modulo prefix-replay kv=per-head
[spec-acc] ctx=6669 burst=21/25 cum=2946/3509=0.840
[mtp-chain] heads=3 policy=step-modulo prefix-replay kv=per-head
[spec-acc] ctx=6704 burst=21/22 cum=2967/3531=0.840
[mtp-chain] heads=3 policy=step-modulo prefix-replay kv=per-head
[spec-acc] ctx=6738 burst=21/23 cum=2988/3554=0.841
[mtp-chain] heads=3 policy=step-modulo prefix-replay kv=per-head
[spec-acc] ctx=6771 burst=22/24 cum=3010/3578=0.841
[mtp-chain] heads=3 policy=step-modulo prefix-replay kv=per-head
[spec-acc] ctx=6804 burst=21/23 cum=3031/3601=0.842
[mtp-chain] heads=3 policy=step-modulo prefix-replay kv=per-head
[spec-acc] ctx=6836 burst=22/23 cum=3053/3624=0.842
[mtp-chain] heads=3 policy=step-modulo prefix-replay kv=per-head
[spec-acc] ctx=6871 burst=21/26 cum=3074/3650=0.842
[mtp-chain] heads=3 policy=step-modulo prefix-replay kv=per-head
[spec-acc] ctx=6904 burst=21/27 cum=3095/3677=0.842
[mtp-chain] heads=3 policy=step-modulo prefix-replay kv=per-head
[spec-acc] ctx=6936 burst=22/22 cum=3117/3699=0.843
[mtp-chain] heads=3 policy=step-modulo prefix-replay kv=per-head
[spec-acc] ctx=6968 burst=23/23 cum=3140/3722=0.844
[mtp-chain] heads=3 policy=step-modulo prefix-replay kv=per-head
[spec-acc] ctx=7002 burst=15/19 cum=3155/3741=0.843
[mtp-chain] heads=3 policy=step-modulo prefix-replay kv=per-head
[spec-acc] ctx=7035 burst=16/18 cum=3171/3759=0.844
[mtp-chain] heads=3 policy=step-modulo prefix-replay kv=per-head
[spec-acc] ctx=7068 burst=18/27 cum=3189/3786=0.842
[mtp-chain] heads=3 policy=step-modulo prefix-replay kv=per-head
[spec-acc] ctx=7101 burst=19/24 cum=3208/3810=0.842
[mtp-chain] heads=3 policy=step-modulo prefix-replay kv=per-head
[spec-acc] ctx=7134 burst=23/24 cum=3231/3834=0.843
[mtp-chain] heads=3 policy=step-modulo prefix-replay kv=per-head
[spec-acc] ctx=7167 burst=22/25 cum=3253/3859=0.843
[mtp-chain] heads=3 policy=step-modulo prefix-replay kv=per-head
[spec-acc] ctx=7199 burst=22/22 cum=3275/3881=0.844
[mtp-chain] heads=3 policy=step-modulo prefix-replay kv=per-head
[spec-acc] ctx=7231 burst=23/23 cum=3298/3904=0.845
[mtp-chain] heads=3 policy=step-modulo prefix-replay kv=per-head
[spec-acc] ctx=7264 burst=22/22 cum=3320/3926=0.846
[mtp-chain] heads=3 policy=step-modulo prefix-replay kv=per-head
[spec-acc] ctx=7296 burst=23/25 cum=3343/3951=0.846
[mtp-chain] heads=3 policy=step-modulo prefix-replay kv=per-head
[spec-acc] ctx=7329 burst=22/22 cum=3365/3973=0.847
[mtp-chain] heads=3 policy=step-modulo prefix-replay kv=per-head
[spec-acc] ctx=7361 burst=25/25 cum=3390/3998=0.848
[mtp-chain] heads=3 policy=step-modulo prefix-replay kv=per-head
[spec-acc] ctx=7396 burst=22/22 cum=3412/4020=0.849
[mtp-chain] heads=3 policy=step-modulo prefix-replay kv=per-head
[spec-acc] ctx=7428 burst=23/26 cum=3435/4046=0.849
[mtp-chain] heads=3 policy=step-modulo prefix-replay kv=per-head
[spec-acc] ctx=7461 burst=25/26 cum=3460/4072=0.850
[mtp-chain] heads=3 policy=step-modulo prefix-replay kv=per-head
[spec-acc] ctx=7496 burst=23/24 cum=3483/4096=0.850
[mtp-chain] heads=3 policy=step-modulo prefix-replay kv=per-head
[spec-acc] ctx=7528 burst=23/23 cum=3506/4119=0.851
[mtp-chain] heads=3 policy=step-modulo prefix-replay kv=per-head
[spec-acc] ctx=7561 burst=25/25 cum=3531/4144=0.852
[mtp-chain] heads=3 policy=step-modulo prefix-replay kv=per-head
[spec-acc] ctx=7596 burst=21/28 cum=3552/4172=0.851
[mtp-chain] heads=3 policy=step-modulo prefix-replay kv=per-head
[spec-acc] ctx=7629 burst=22/24 cum=3574/4196=0.852
[mtp-chain] heads=3 policy=step-modulo prefix-replay kv=per-head
[spec-acc] ctx=7663 burst=21/25 cum=3595/4221=0.852
[mtp-chain] heads=3 policy=step-modulo prefix-replay kv=per-head
[spec-acc] ctx=7695 burst=22/25 cum=3617/4246=0.852
[meter] admit id=chatcmpl-4dc772120e39fab6b34659cc6841fd86 tenant=default lane=interactive model="step37"
[admission] per-session draft-state charge: model="step37" +2747MB (measured capture high-water)
[admission] request cost: model="step37" ctx=11140 path=spec = 89088 B/token x ctx + 29MB fixed = 621MB
[admission] parallel device plan: [dev0 session 3368MB + tp-kv 282MB + pending-tp-kv 0MB + reserve 1611MB + boundary 0.000MB; dev1 session 0MB + tp-kv 282MB + pending-tp-kv 0MB + reserve 1611MB + boundary 0.000MB]
[admit-oom] reclaim-on-defer: evicted 0 prefix entries + 0 plain + 1 spec + 0 dspark parked sessions (global LRU); effective free 4172MB -> 5043MB
[admission] eager-arm admit: model="step37" ctx=11140 draft-state 2747MB uncharged (capture would be refused at current headroom; the pre-capture gate enforces it)
[prefix-cache] refused for MEMRA_SWA_RING=1 Step35 session (flat-history snapshots/restores are excluded)
[spec-k] model="step37" tenant="" K=3 source=operator-pin prompt=2884 cached=0 lcp=0 active=1 wave=1 placement=single-or-non-pp2
[mtp-chain] heads=3 policy=step-modulo prefix-replay kv=per-head
[gemm-prime] ENGAGED t=2848 base=0 seq_end=2884 chunks<=4096 (GEMM trunk + grouped MoE)
[gemm-prime] ENGAGED t=36 base=2848 seq_end=2884 chunks<=4096 (GEMM trunk + grouped MoE)
[spec] WARN: sampled draft-graph capture failed (insufficient VRAM headroom for capture: effective free 3903MB (driver 1492MB + pool-cached 2411MB) < required 8311MB (2x appetite 2619MB + floor 3072MB); capture skipped pre-attempt); eager fallback until session resume
[spec-acc] ctx=2884 burst=20/26 cum=20/26=0.769
[mtp-chain] heads=3 policy=step-modulo prefix-replay kv=per-head
[spec-acc] ctx=2917 burst=20/20 cum=40/46=0.870
[mtp-chain] heads=3 policy=step-modulo prefix-replay kv=per-head
[spec-acc] ctx=2949 burst=21/23 cum=61/69=0.884
[mtp-chain] heads=3 policy=step-modulo prefix-replay kv=per-head
[spec-acc] ctx=2981 burst=24/24 cum=85/93=0.914
[mtp-chain] heads=3 policy=step-modulo prefix-replay kv=per-head
[spec-acc] ctx=3014 burst=24/25 cum=109/118=0.924
[mtp-chain] heads=3 policy=step-modulo prefix-replay kv=per-head
[spec-acc] ctx=3049 burst=19/22 cum=128/140=0.914
[mtp-chain] heads=3 policy=step-modulo prefix-replay kv=per-head
[spec-acc] ctx=3081 burst=17/30 cum=145/170=0.853
[mtp-chain] heads=3 policy=step-modulo prefix-replay kv=per-head
[spec-acc] ctx=3113 burst=19/25 cum=164/195=0.841
[mtp-chain] heads=3 policy=step-modulo prefix-replay kv=per-head
[spec-acc] ctx=3145 burst=22/22 cum=186/217=0.857
[mtp-chain] heads=3 policy=step-modulo prefix-replay kv=per-head
[spec-acc] ctx=3178 burst=18/23 cum=204/240=0.850
[mtp-chain] heads=3 policy=step-modulo prefix-replay kv=per-head
[spec-acc] ctx=3213 burst=20/28 cum=224/268=0.836
[mtp-chain] heads=3 policy=step-modulo prefix-replay kv=per-head
[spec-acc] ctx=3248 burst=19/27 cum=243/295=0.824
[mtp-chain] heads=3 policy=step-modulo prefix-replay kv=per-head
[spec-acc] ctx=3281 burst=19/28 cum=262/323=0.811
[mtp-chain] heads=3 policy=step-modulo prefix-replay kv=per-head
[spec-acc] ctx=3314 burst=21/22 cum=283/345=0.820
[mtp-chain] heads=3 policy=step-modulo prefix-replay kv=per-head
[spec-acc] ctx=3349 burst=18/23 cum=301/368=0.818
[mtp-chain] heads=3 policy=step-modulo prefix-replay kv=per-head
[spec-acc] ctx=3381 burst=15/24 cum=316/392=0.806
[mtp-chain] heads=3 policy=step-modulo prefix-replay kv=per-head
[spec-acc] ctx=3413 burst=17/26 cum=333/418=0.797
[mtp-chain] heads=3 policy=step-modulo prefix-replay kv=per-head
[spec-acc] ctx=3445 burst=15/21 cum=348/439=0.793
[mtp-chain] heads=3 policy=step-modulo prefix-replay kv=per-head
[spec-acc] ctx=3478 burst=19/22 cum=367/461=0.796
[mtp-chain] heads=3 policy=step-modulo prefix-replay kv=per-head
[spec-acc] ctx=3512 burst=16/20 cum=383/481=0.796
[mtp-chain] heads=3 policy=step-modulo prefix-replay kv=per-head
[spec-acc] ctx=3544 burst=12/16 cum=395/497=0.795
[mtp-chain] heads=3 policy=step-modulo prefix-replay kv=per-head
[spec-acc] ctx=3576 burst=16/22 cum=411/519=0.792
[mtp-chain] heads=3 policy=step-modulo prefix-replay kv=per-head
[spec-acc] ctx=3609 burst=18/20 cum=429/539=0.796
[mtp-chain] heads=3 policy=step-modulo prefix-replay kv=per-head
[spec-acc] ctx=3642 burst=19/20 cum=448/559=0.801
[mtp-chain] heads=3 policy=step-modulo prefix-replay kv=per-head
[spec-acc] ctx=3675 burst=17/20 cum=465/579=0.803
[mtp-chain] heads=3 policy=step-modulo prefix-replay kv=per-head
[spec-acc] ctx=3708 burst=16/18 cum=481/597=0.806
[mtp-chain] heads=3 policy=step-modulo prefix-replay kv=per-head
[spec-acc] ctx=3740 burst=16/19 cum=497/616=0.807
[mtp-chain] heads=3 policy=step-modulo prefix-replay kv=per-head
[spec-acc] ctx=3772 burst=19/22 cum=516/638=0.809
[mtp-chain] heads=3 policy=step-modulo prefix-replay kv=per-head
[spec-acc] ctx=3806 burst=18/28 cum=534/666=0.802
[mtp-chain] heads=3 policy=step-modulo prefix-replay kv=per-head
[spec-acc] ctx=3839 burst=14/23 cum=548/689=0.795
[mtp-chain] heads=3 policy=step-modulo prefix-replay kv=per-head
[spec-acc] ctx=3871 burst=20/22 cum=568/711=0.799
[mtp-chain] heads=3 policy=step-modulo prefix-replay kv=per-head
[spec-acc] ctx=3903 burst=17/21 cum=585/732=0.799
[mtp-chain] heads=3 policy=step-modulo prefix-replay kv=per-head
[spec-acc] ctx=3936 burst=18/21 cum=603/753=0.801
[mtp-chain] heads=3 policy=step-modulo prefix-replay kv=per-head
[spec-acc] ctx=3968 burst=21/26 cum=624/779=0.801
[mtp-chain] heads=3 policy=step-modulo prefix-replay kv=per-head
[spec-acc] ctx=4002 burst=16/22 cum=640/801=0.799
[mtp-chain] heads=3 policy=step-modulo prefix-replay kv=per-head
[spec-acc] ctx=4036 burst=21/21 cum=661/822=0.804
[mtp-chain] heads=3 policy=step-modulo prefix-replay kv=per-head
[spec-acc] ctx=4071 burst=15/19 cum=676/841=0.804
[mtp-chain] heads=3 policy=step-modulo prefix-replay kv=per-head
[spec-acc] ctx=4103 burst=16/20 cum=692/861=0.804
[mtp-chain] heads=3 policy=step-modulo prefix-replay kv=per-head
[spec-acc] ctx=4135 burst=19/19 cum=711/880=0.808
[mtp-chain] heads=3 policy=step-modulo prefix-replay kv=per-head
[spec-acc] ctx=4168 burst=19/22 cum=730/902=0.809
[mtp-chain] heads=3 policy=step-modulo prefix-replay kv=per-head
[spec-acc] ctx=4201 burst=17/20 cum=747/922=0.810
[mtp-chain] heads=3 policy=step-modulo prefix-replay kv=per-head
[spec-acc] ctx=4234 burst=19/24 cum=766/946=0.810
[mtp-chain] heads=3 policy=step-modulo prefix-replay kv=per-head
[spec-acc] ctx=4267 burst=18/21 cum=784/967=0.811
[mtp-chain] heads=3 policy=step-modulo prefix-replay kv=per-head
[spec-acc] ctx=4299 burst=18/20 cum=802/987=0.813
[mtp-chain] heads=3 policy=step-modulo prefix-replay kv=per-head
[spec-acc] ctx=4332 burst=20/24 cum=822/1011=0.813
[mtp-chain] heads=3 policy=step-modulo prefix-replay kv=per-head
[spec-acc] ctx=4364 burst=20/28 cum=842/1039=0.810
[mtp-chain] heads=3 policy=step-modulo prefix-replay kv=per-head
[spec-acc] ctx=4397 burst=19/25 cum=861/1064=0.809
[mtp-chain] heads=3 policy=step-modulo prefix-replay kv=per-head
[spec-acc] ctx=4431 burst=17/21 cum=878/1085=0.809
[mtp-chain] heads=3 policy=step-modulo prefix-replay kv=per-head
[spec-acc] ctx=4465 burst=20/22 cum=898/1107=0.811
[mtp-chain] heads=3 policy=step-modulo prefix-replay kv=per-head
[spec-acc] ctx=4497 burst=18/24 cum=916/1131=0.810
[mtp-chain] heads=3 policy=step-modulo prefix-replay kv=per-head
[spec-acc] ctx=4530 burst=22/22 cum=938/1153=0.814
[mtp-chain] heads=3 policy=step-modulo prefix-replay kv=per-head
[spec-acc] ctx=4564 burst=18/19 cum=956/1172=0.816
[mtp-chain] heads=3 policy=step-modulo prefix-replay kv=per-head
[spec-acc] ctx=4596 burst=19/19 cum=975/1191=0.819
[mtp-chain] heads=3 policy=step-modulo prefix-replay kv=per-head
[spec-acc] ctx=4629 burst=17/24 cum=992/1215=0.816
[mtp-chain] heads=3 policy=step-modulo prefix-replay kv=per-head
[spec-acc] ctx=4661 burst=21/22 cum=1013/1237=0.819
[mtp-chain] heads=3 policy=step-modulo prefix-replay kv=per-head
[spec-acc] ctx=4693 burst=23/23 cum=1036/1260=0.822
[mtp-chain] heads=3 policy=step-modulo prefix-replay kv=per-head
[spec-acc] ctx=4728 burst=20/20 cum=1056/1280=0.825
[mtp-chain] heads=3 policy=step-modulo prefix-replay kv=per-head
[spec-acc] ctx=4760 burst=22/24 cum=1078/1304=0.827
[mtp-chain] heads=3 policy=step-modulo prefix-replay kv=per-head
[spec-acc] ctx=4793 burst=18/19 cum=1096/1323=0.828
[mtp-chain] heads=3 policy=step-modulo prefix-replay kv=per-head
[spec-acc] ctx=4826 burst=20/24 cum=1116/1347=0.829
[mtp-chain] heads=3 policy=step-modulo prefix-replay kv=per-head
[spec-acc] ctx=4859 burst=21/28 cum=1137/1375=0.827
[mtp-chain] heads=3 policy=step-modulo prefix-replay kv=per-head
[spec-acc] ctx=4893 burst=23/24 cum=1160/1399=0.829
[mtp-chain] heads=3 policy=step-modulo prefix-replay kv=per-head
[spec-acc] ctx=4928 burst=17/24 cum=1177/1423=0.827
[mtp-chain] heads=3 policy=step-modulo prefix-replay kv=per-head
[spec-acc] ctx=4960 burst=13/14 cum=1190/1437=0.828
[mtp-chain] heads=3 policy=step-modulo prefix-replay kv=per-head
[spec-acc] ctx=4993 burst=17/21 cum=1207/1458=0.828
[mtp-chain] heads=3 policy=step-modulo prefix-replay kv=per-head
[spec-acc] ctx=5025 burst=21/27 cum=1228/1485=0.827
[mtp-chain] heads=3 policy=step-modulo prefix-replay kv=per-head
[spec-acc] ctx=5059 burst=19/22 cum=1247/1507=0.827
[mtp-chain] heads=3 policy=step-modulo prefix-replay kv=per-head
[spec-acc] ctx=5091 burst=20/31 cum=1267/1538=0.824
[mtp-chain] heads=3 policy=step-modulo prefix-replay kv=per-head
[spec-acc] ctx=5125 burst=20/22 cum=1287/1560=0.825
[mtp-chain] heads=3 policy=step-modulo prefix-replay kv=per-head
[spec-acc] ctx=5158 burst=20/24 cum=1307/1584=0.825
[mtp-chain] heads=3 policy=step-modulo prefix-replay kv=per-head
[spec-acc] ctx=5190 burst=18/23 cum=1325/1607=0.825
[mtp-chain] heads=3 policy=step-modulo prefix-replay kv=per-head
[spec-acc] ctx=5223 burst=21/26 cum=1346/1633=0.824
[mtp-chain] heads=3 policy=step-modulo prefix-replay kv=per-head
[spec-acc] ctx=5256 burst=21/26 cum=1367/1659=0.824
[mtp-chain] heads=3 policy=step-modulo prefix-replay kv=per-head
[spec-acc] ctx=5289 burst=24/25 cum=1391/1684=0.826
[mtp-chain] heads=3 policy=step-modulo prefix-replay kv=per-head
[spec-acc] ctx=5323 burst=24/25 cum=1415/1709=0.828
[mtp-chain] heads=3 policy=step-modulo prefix-replay kv=per-head
[spec-acc] ctx=5357 burst=21/23 cum=1436/1732=0.829
[mtp-chain] heads=3 policy=step-modulo prefix-replay kv=per-head
[spec-acc] ctx=5390 burst=21/25 cum=1457/1757=0.829
[mtp-chain] heads=3 policy=step-modulo prefix-replay kv=per-head
[spec-acc] ctx=5424 burst=21/29 cum=1478/1786=0.828
[mtp-chain] heads=3 policy=step-modulo prefix-replay kv=per-head
[spec-acc] ctx=5456 burst=19/21 cum=1497/1807=0.828
[mtp-chain] heads=3 policy=step-modulo prefix-replay kv=per-head
[spec-acc] ctx=5488 burst=22/27 cum=1519/1834=0.828
[mtp-chain] heads=3 policy=step-modulo prefix-replay kv=per-head
[spec-acc] ctx=5522 burst=20/25 cum=1539/1859=0.828
[mtp-chain] heads=3 policy=step-modulo prefix-replay kv=per-head
[spec-acc] ctx=5555 burst=17/27 cum=1556/1886=0.825
[mtp-chain] heads=3 policy=step-modulo prefix-replay kv=per-head
[spec-acc] ctx=5587 burst=20/21 cum=1576/1907=0.826
[mtp-chain] heads=3 policy=step-modulo prefix-replay kv=per-head
[spec-acc] ctx=5620 burst=16/21 cum=1592/1928=0.826
[mtp-chain] heads=3 policy=step-modulo prefix-replay kv=per-head
[spec-acc] ctx=5652 burst=18/21 cum=1610/1949=0.826
[mtp-chain] heads=3 policy=step-modulo prefix-replay kv=per-head
[spec-acc] ctx=5685 burst=23/24 cum=1633/1973=0.828
[mtp-chain] heads=3 policy=step-modulo prefix-replay kv=per-head
[spec-acc] ctx=5720 burst=17/29 cum=1650/2002=0.824
[mtp-chain] heads=3 policy=step-modulo prefix-replay kv=per-head
[spec-acc] ctx=5753 burst=19/23 cum=1669/2025=0.824
[mtp-chain] heads=3 policy=step-modulo prefix-replay kv=per-head
[spec-acc] ctx=5786 burst=18/26 cum=1687/2051=0.823
[mtp-chain] heads=3 policy=step-modulo prefix-replay kv=per-head
[spec-acc] ctx=5819 burst=19/20 cum=1706/2071=0.824
[mtp-chain] heads=3 policy=step-modulo prefix-replay kv=per-head
[spec-acc] ctx=5851 burst=22/24 cum=1728/2095=0.825
[mtp-chain] heads=3 policy=step-modulo prefix-replay kv=per-head
[spec-acc] ctx=5885 burst=23/25 cum=1751/2120=0.826
[mtp-chain] heads=3 policy=step-modulo prefix-replay kv=per-head
[spec-acc] ctx=5920 burst=20/20 cum=1771/2140=0.828
[mtp-chain] heads=3 policy=step-modulo prefix-replay kv=per-head
[spec-acc] ctx=5952 burst=16/24 cum=1787/2164=0.826
[mtp-chain] heads=3 policy=step-modulo prefix-replay kv=per-head
[spec-acc] ctx=5985 burst=19/19 cum=1806/2183=0.827
[mtp-chain] heads=3 policy=step-modulo prefix-replay kv=per-head
[spec-acc] ctx=6017 burst=20/25 cum=1826/2208=0.827
[mtp-chain] heads=3 policy=step-modulo prefix-replay kv=per-head
[spec-acc] ctx=6051 burst=20/23 cum=1846/2231=0.827
[mtp-chain] heads=3 policy=step-modulo prefix-replay kv=per-head
[spec-acc] ctx=6084 burst=19/22 cum=1865/2253=0.828
[mtp-chain] heads=3 policy=step-modulo prefix-replay kv=per-head
[spec-acc] ctx=6118 burst=17/19 cum=1882/2272=0.828
[mtp-chain] heads=3 policy=step-modulo prefix-replay kv=per-head
[spec-acc] ctx=6150 burst=23/25 cum=1905/2297=0.829
[mtp-chain] heads=3 policy=step-modulo prefix-replay kv=per-head
[spec-acc] ctx=6185 burst=22/28 cum=1927/2325=0.829
[mtp-chain] heads=3 policy=step-modulo prefix-replay kv=per-head
[spec-acc] ctx=6219 burst=21/23 cum=1948/2348=0.830
[mtp-chain] heads=3 policy=step-modulo prefix-replay kv=per-head
[spec-acc] ctx=6252 burst=22/24 cum=1970/2372=0.831
[mtp-chain] heads=3 policy=step-modulo prefix-replay kv=per-head
[spec-acc] ctx=6286 burst=17/21 cum=1987/2393=0.830
[mtp-chain] heads=3 policy=step-modulo prefix-replay kv=per-head
[spec-acc] ctx=6320 burst=23/23 cum=2010/2416=0.832
[mtp-chain] heads=3 policy=step-modulo prefix-replay kv=per-head
[spec-acc] ctx=6353 burst=21/21 cum=2031/2437=0.833
[mtp-chain] heads=3 policy=step-modulo prefix-replay kv=per-head
[spec-acc] ctx=6386 burst=20/26 cum=2051/2463=0.833
[mtp-chain] heads=3 policy=step-modulo prefix-replay kv=per-head
[spec-acc] ctx=6418 burst=18/21 cum=2069/2484=0.833
[mtp-chain] heads=3 policy=step-modulo prefix-replay kv=per-head
[spec-acc] ctx=6450 burst=23/24 cum=2092/2508=0.834
[mtp-chain] heads=3 policy=step-modulo prefix-replay kv=per-head
[spec-acc] ctx=6484 burst=23/28 cum=2115/2536=0.834
[mtp-chain] heads=3 policy=step-modulo prefix-replay kv=per-head
[spec-acc] ctx=6519 burst=23/27 cum=2138/2563=0.834
[mtp-chain] heads=3 policy=step-modulo prefix-replay kv=per-head
[spec-acc] ctx=6554 burst=20/21 cum=2158/2584=0.835
[mtp-chain] heads=3 policy=step-modulo prefix-replay kv=per-head
[spec-acc] ctx=6587 burst=18/19 cum=2176/2603=0.836
[mtp-chain] heads=3 policy=step-modulo prefix-replay kv=per-head
[spec-acc] ctx=6619 burst=22/24 cum=2198/2627=0.837
[mtp-chain] heads=3 policy=step-modulo prefix-replay kv=per-head
[spec-acc] ctx=6652 burst=19/26 cum=2217/2653=0.836
[mtp-chain] heads=3 policy=step-modulo prefix-replay kv=per-head
[spec-acc] ctx=6684 burst=19/24 cum=2236/2677=0.835
[mtp-chain] heads=3 policy=step-modulo prefix-replay kv=per-head
[spec-acc] ctx=6716 burst=19/26 cum=2255/2703=0.834
[mtp-chain] heads=3 policy=step-modulo prefix-replay kv=per-head
[spec-acc] ctx=6749 burst=23/26 cum=2278/2729=0.835
[mtp-chain] heads=3 policy=step-modulo prefix-replay kv=per-head
[spec-acc] ctx=6783 burst=22/22 cum=2300/2751=0.836
[mtp-chain] heads=3 policy=step-modulo prefix-replay kv=per-head
[spec-acc] ctx=6815 burst=16/27 cum=2316/2778=0.834
[mtp-chain] heads=3 policy=step-modulo prefix-replay kv=per-head
[spec-acc] ctx=6847 burst=17/26 cum=2333/2804=0.832
[mtp-chain] heads=3 policy=step-modulo prefix-replay kv=per-head
[spec-acc] ctx=6880 burst=21/23 cum=2354/2827=0.833
[mtp-chain] heads=3 policy=step-modulo prefix-replay kv=per-head
[spec-acc] ctx=6912 burst=16/22 cum=2370/2849=0.832
[mtp-chain] heads=3 policy=step-modulo prefix-replay kv=per-head
[spec-acc] ctx=6945 burst=19/25 cum=2389/2874=0.831
[mtp-chain] heads=3 policy=step-modulo prefix-replay kv=per-head
[spec-acc] ctx=6977 burst=23/25 cum=2412/2899=0.832
[mtp-chain] heads=3 policy=step-modulo prefix-replay kv=per-head
[spec-acc] ctx=7011 burst=23/24 cum=2435/2923=0.833
[mtp-chain] heads=3 policy=step-modulo prefix-replay kv=per-head
[spec-acc] ctx=7044 burst=23/24 cum=2458/2947=0.834
[mtp-chain] heads=3 policy=step-modulo prefix-replay kv=per-head
[spec-acc] ctx=7077 burst=24/24 cum=2482/2971=0.835
[mtp-chain] heads=3 policy=step-modulo prefix-replay kv=per-head
[spec-acc] ctx=7111 burst=24/24 cum=2506/2995=0.837
[mtp-chain] heads=3 policy=step-modulo prefix-replay kv=per-head
[spec-acc] ctx=7145 burst=23/24 cum=2529/3019=0.838
[mtp-chain] heads=3 policy=step-modulo prefix-replay kv=per-head
[spec-acc] ctx=7179 burst=20/26 cum=2549/3045=0.837
[mtp-chain] heads=3 policy=step-modulo prefix-replay kv=per-head
[spec-acc] ctx=7212 burst=19/23 cum=2568/3068=0.837
[mtp-chain] heads=3 policy=step-modulo prefix-replay kv=per-head
[spec-acc] ctx=7244 burst=19/21 cum=2587/3089=0.837
[mtp-chain] heads=3 policy=step-modulo prefix-replay kv=per-head
[spec-acc] ctx=7277 burst=19/24 cum=2606/3113=0.837
[mtp-chain] heads=3 policy=step-modulo prefix-replay kv=per-head
[spec-acc] ctx=7310 burst=20/22 cum=2626/3135=0.838
[mtp-chain] heads=3 policy=step-modulo prefix-replay kv=per-head
[spec-acc] ctx=7342 burst=12/13 cum=2638/3148=0.838
[mtp-chain] heads=3 policy=step-modulo prefix-replay kv=per-head
[spec-acc] ctx=7374 burst=19/27 cum=2657/3175=0.837
[mtp-chain] heads=3 policy=step-modulo prefix-replay kv=per-head
[spec-acc] ctx=7406 burst=17/27 cum=2674/3202=0.835
[mtp-chain] heads=3 policy=step-modulo prefix-replay kv=per-head
[spec-acc] ctx=7438 burst=18/26 cum=2692/3228=0.834
[mtp-chain] heads=3 policy=step-modulo prefix-replay kv=per-head
[spec-acc] ctx=7472 burst=20/28 cum=2712/3256=0.833
[mtp-chain] heads=3 policy=step-modulo prefix-replay kv=per-head
[spec-acc] ctx=7504 burst=20/26 cum=2732/3282=0.832
[mtp-chain] heads=3 policy=step-modulo prefix-replay kv=per-head
[spec-acc] ctx=7538 burst=21/26 cum=2753/3308=0.832
[mtp-chain] heads=3 policy=step-modulo prefix-replay kv=per-head
[spec-acc] ctx=7572 burst=19/24 cum=2772/3332=0.832
[mtp-chain] heads=3 policy=step-modulo prefix-replay kv=per-head
[spec-acc] ctx=7604 burst=23/24 cum=2795/3356=0.833
[mtp-chain] heads=3 policy=step-modulo prefix-replay kv=per-head
[spec-acc] ctx=7638 burst=22/25 cum=2817/3381=0.833
[mtp-chain] heads=3 policy=step-modulo prefix-replay kv=per-head
[spec-acc] ctx=7670 burst=19/19 cum=2836/3400=0.834
[mtp-chain] heads=3 policy=step-modulo prefix-replay kv=per-head
[spec-acc] ctx=7703 burst=20/22 cum=2856/3422=0.835
[mtp-chain] heads=3 policy=step-modulo prefix-replay kv=per-head
[spec-acc] ctx=7736 burst=18/24 cum=2874/3446=0.834
[mtp-chain] heads=3 policy=step-modulo prefix-replay kv=per-head
[spec-acc] ctx=7769 burst=17/23 cum=2891/3469=0.833
[mtp-chain] heads=3 policy=step-modulo prefix-replay kv=per-head
[spec-acc] ctx=7801 burst=20/20 cum=2911/3489=0.834
[mtp-chain] heads=3 policy=step-modulo prefix-replay kv=per-head
[spec-acc] ctx=7835 burst=22/24 cum=2933/3513=0.835
[mtp-chain] heads=3 policy=step-modulo prefix-replay kv=per-head
[spec-acc] ctx=7869 burst=20/29 cum=2953/3542=0.834
[mtp-chain] heads=3 policy=step-modulo prefix-replay kv=per-head
[spec-acc] ctx=7903 burst=19/25 cum=2972/3567=0.833
[mtp-chain] heads=3 policy=step-modulo prefix-replay kv=per-head
[spec-acc] ctx=7936 burst=23/28 cum=2995/3595=0.833
[mtp-chain] heads=3 policy=step-modulo prefix-replay kv=per-head
[spec-acc] ctx=7970 burst=19/29 cum=3014/3624=0.832
[mtp-chain] heads=3 policy=step-modulo prefix-replay kv=per-head
[spec-acc] ctx=8002 burst=20/25 cum=3034/3649=0.831
[mtp-chain] heads=3 policy=step-modulo prefix-replay kv=per-head
[spec-acc] ctx=8035 burst=15/23 cum=3049/3672=0.830
[mtp-chain] heads=3 policy=step-modulo prefix-replay kv=per-head
[spec-acc] ctx=8067 burst=18/26 cum=3067/3698=0.829
[mtp-chain] heads=3 policy=step-modulo prefix-replay kv=per-head
[spec-acc] ctx=8099 burst=21/29 cum=3088/3727=0.829
[mtp-chain] heads=3 policy=step-modulo prefix-replay kv=per-head
[spec-acc] ctx=8133 burst=17/32 cum=3105/3759=0.826
[mtp-chain] heads=3 policy=step-modulo prefix-replay kv=per-head
[spec-acc] ctx=8166 burst=19/22 cum=3124/3781=0.826
[mtp-chain] heads=3 policy=step-modulo prefix-replay kv=per-head
[spec-acc] ctx=8199 burst=20/22 cum=3144/3803=0.827
[mtp-chain] heads=3 policy=step-modulo prefix-replay kv=per-head
[spec-acc] ctx=8231 burst=21/23 cum=3165/3826=0.827
[mtp-chain] heads=3 policy=step-modulo prefix-replay kv=per-head
[spec-acc] ctx=8265 burst=21/22 cum=3186/3848=0.828
[mtp-chain] heads=3 policy=step-modulo prefix-replay kv=per-head
[spec-acc] ctx=8300 burst=21/25 cum=3207/3873=0.828
[mtp-chain] heads=3 policy=step-modulo prefix-replay kv=per-head
[spec-acc] ctx=8334 burst=19/23 cum=3226/3896=0.828
[mtp-chain] heads=3 policy=step-modulo prefix-replay kv=per-head
[spec-acc] ctx=8366 burst=19/21 cum=3245/3917=0.828
[mtp-chain] heads=3 policy=step-modulo prefix-replay kv=per-head
[spec-acc] ctx=8398 burst=24/29 cum=3269/3946=0.828
[mtp-chain] heads=3 policy=step-modulo prefix-replay kv=per-head
[spec-acc] ctx=8433 burst=24/27 cum=3293/3973=0.829
[mtp-chain] heads=3 policy=step-modulo prefix-replay kv=per-head
[spec-acc] ctx=8468 burst=24/24 cum=3317/3997=0.830
[mtp-chain] heads=3 policy=step-modulo prefix-replay kv=per-head
[spec-acc] ctx=8503 burst=20/26 cum=3337/4023=0.829
[mtp-chain] heads=3 policy=step-modulo prefix-replay kv=per-head
[spec-acc] ctx=8535 burst=24/24 cum=3361/4047=0.830
[mtp-chain] heads=3 policy=step-modulo prefix-replay kv=per-head
[spec-acc] ctx=8569 burst=20/23 cum=3381/4070=0.831
[mtp-chain] heads=3 policy=step-modulo prefix-replay kv=per-head
[spec-acc] ctx=8601 burst=24/24 cum=3405/4094=0.832
[mtp-chain] heads=3 policy=step-modulo prefix-replay kv=per-head
[spec-acc] ctx=8636 burst=23/27 cum=3428/4121=0.832
[mtp-chain] heads=3 policy=step-modulo prefix-replay kv=per-head
[spec-acc] ctx=8670 burst=23/25 cum=3451/4146=0.832
[mtp-chain] heads=3 policy=step-modulo prefix-replay kv=per-head
[spec-acc] ctx=8704 burst=23/24 cum=3474/4170=0.833
[mtp-chain] heads=3 policy=step-modulo prefix-replay kv=per-head
[spec-acc] ctx=8739 burst=23/23 cum=3497/4193=0.834
[mtp-chain] heads=3 policy=step-modulo prefix-replay kv=per-head
[spec-acc] ctx=8773 burst=20/26 cum=3517/4219=0.834
[mtp-chain] heads=3 policy=step-modulo prefix-replay kv=per-head
[spec-acc] ctx=8807 burst=22/27 cum=3539/4246=0.833
[mtp-chain] heads=3 policy=step-modulo prefix-replay kv=per-head
[spec-acc] ctx=8841 burst=21/23 cum=3560/4269=0.834
[mtp-chain] heads=3 policy=step-modulo prefix-replay kv=per-head
[spec-acc] ctx=8876 burst=20/25 cum=3580/4294=0.834
[mtp-chain] heads=3 policy=step-modulo prefix-replay kv=per-head
[spec-acc] ctx=8908 burst=19/25 cum=3599/4319=0.833
[mtp-chain] heads=3 policy=step-modulo prefix-replay kv=per-head
[spec-acc] ctx=8942 burst=21/23 cum=3620/4342=0.834
[mtp-chain] heads=3 policy=step-modulo prefix-replay kv=per-head
[spec-acc] ctx=8976 burst=20/25 cum=3640/4367=0.834
[mtp-chain] heads=3 policy=step-modulo prefix-replay kv=per-head
[spec-acc] ctx=9009 burst=20/25 cum=3660/4392=0.833
[mtp-chain] heads=3 policy=step-modulo prefix-replay kv=per-head
[spec-acc] ctx=9044 burst=18/18 cum=3678/4410=0.834
[mtp-chain] heads=3 policy=step-modulo prefix-replay kv=per-head
[spec-acc] ctx=9077 burst=16/23 cum=3694/4433=0.833
[mtp-chain] heads=3 policy=step-modulo prefix-replay kv=per-head
[spec-acc] ctx=9109 burst=19/21 cum=3713/4454=0.834
[mtp-chain] heads=3 policy=step-modulo prefix-replay kv=per-head
[spec-acc] ctx=9141 burst=22/25 cum=3735/4479=0.834
[mtp-chain] heads=3 policy=step-modulo prefix-replay kv=per-head
[spec-acc] ctx=9176 burst=22/28 cum=3757/4507=0.834
[mtp-chain] heads=3 policy=step-modulo prefix-replay kv=per-head
[spec-acc] ctx=9210 burst=21/22 cum=3778/4529=0.834
[mtp-chain] heads=3 policy=step-modulo prefix-replay kv=per-head
[spec-acc] ctx=9243 burst=19/21 cum=3797/4550=0.835
[mtp-chain] heads=3 policy=step-modulo prefix-replay kv=per-head
[spec-acc] ctx=9275 burst=22/33 cum=3819/4583=0.833
[mtp-chain] heads=3 policy=step-modulo prefix-replay kv=per-head
[spec-acc] ctx=9310 burst=18/25 cum=3837/4608=0.833
[mtp-chain] heads=3 policy=step-modulo prefix-replay kv=per-head
[spec-acc] ctx=9343 burst=21/29 cum=3858/4637=0.832
[mtp-chain] heads=3 policy=step-modulo prefix-replay kv=per-head
[spec-acc] ctx=9376 burst=23/24 cum=3881/4661=0.833
[mtp-chain] heads=3 policy=step-modulo prefix-replay kv=per-head
[spec-acc] ctx=9410 burst=16/18 cum=3897/4679=0.833
[mtp-chain] heads=3 policy=step-modulo prefix-replay kv=per-head
[spec-acc] ctx=9443 burst=16/27 cum=3913/4706=0.831
[mtp-chain] heads=3 policy=step-modulo prefix-replay kv=per-head
[spec-acc] ctx=9475 burst=20/23 cum=3933/4729=0.832
[mtp-chain] heads=3 policy=step-modulo prefix-replay kv=per-head
[spec-acc] ctx=9510 burst=17/26 cum=3950/4755=0.831
[mtp-chain] heads=3 policy=step-modulo prefix-replay kv=per-head
[spec-acc] ctx=9542 burst=21/23 cum=3971/4778=0.831
[mtp-chain] heads=3 policy=step-modulo prefix-replay kv=per-head
[spec-acc] ctx=9574 burst=20/23 cum=3991/4801=0.831
[mtp-chain] heads=3 policy=step-modulo prefix-replay kv=per-head
[spec-acc] ctx=9607 burst=21/24 cum=4012/4825=0.832
[mtp-chain] heads=3 policy=step-modulo prefix-replay kv=per-head
[spec-acc] ctx=9642 burst=19/21 cum=4031/4846=0.832
[mtp-chain] heads=3 policy=step-modulo prefix-replay kv=per-head
[spec-acc] ctx=9674 burst=22/22 cum=4053/4868=0.833
[mtp-chain] heads=3 policy=step-modulo prefix-replay kv=per-head
[spec-acc] ctx=9706 burst=21/22 cum=4074/4890=0.833
[mtp-chain] heads=3 policy=step-modulo prefix-replay kv=per-head
[spec-acc] ctx=9739 burst=23/24 cum=4097/4914=0.834
[mtp-chain] heads=3 policy=step-modulo prefix-replay kv=per-head
[spec-acc] ctx=9774 burst=20/21 cum=4117/4935=0.834
[mtp-chain] heads=3 policy=step-modulo prefix-replay kv=per-head
[spec-acc] ctx=9806 burst=21/25 cum=4138/4960=0.834
[mtp-chain] heads=3 policy=step-modulo prefix-replay kv=per-head
[spec-acc] ctx=9839 burst=18/28 cum=4156/4988=0.833
[mtp-chain] heads=3 policy=step-modulo prefix-replay kv=per-head
[spec-acc] ctx=9871 burst=22/24 cum=4178/5012=0.834
[mtp-chain] heads=3 policy=step-modulo prefix-replay kv=per-head
[spec-acc] ctx=9903 burst=24/24 cum=4202/5036=0.834
[mtp-chain] heads=3 policy=step-modulo prefix-replay kv=per-head
[spec-acc] ctx=9937 burst=24/25 cum=4226/5061=0.835
[mtp-chain] heads=3 policy=step-modulo prefix-replay kv=per-head
[spec-acc] ctx=9971 burst=24/24 cum=4250/5085=0.836
[mtp-chain] heads=3 policy=step-modulo prefix-replay kv=per-head
[spec-acc] ctx=10006 burst=21/28 cum=4271/5113=0.835
[mtp-chain] heads=3 policy=step-modulo prefix-replay kv=per-head
[spec-acc] ctx=10038 burst=16/19 cum=4287/5132=0.835
[mtp-chain] heads=3 policy=step-modulo prefix-replay kv=per-head
[spec-acc] ctx=10070 burst=20/25 cum=4307/5157=0.835
[mtp-chain] heads=3 policy=step-modulo prefix-replay kv=per-head
[spec-acc] ctx=10103 burst=20/25 cum=4327/5182=0.835
[mtp-chain] heads=3 policy=step-modulo prefix-replay kv=per-head
[spec-acc] ctx=10135 burst=21/21 cum=4348/5203=0.836
[mtp-chain] heads=3 policy=step-modulo prefix-replay kv=per-head
[spec-acc] ctx=10167 burst=19/23 cum=4367/5226=0.836
[mtp-chain] heads=3 policy=step-modulo prefix-replay kv=per-head
[spec-acc] ctx=10199 burst=20/27 cum=4387/5253=0.835
[mtp-chain] heads=3 policy=step-modulo prefix-replay kv=per-head
[spec-acc] ctx=10231 burst=22/26 cum=4409/5279=0.835
[mtp-chain] heads=3 policy=step-modulo prefix-replay kv=per-head
[spec-acc] ctx=10266 burst=20/25 cum=4429/5304=0.835
[mtp-chain] heads=3 policy=step-modulo prefix-replay kv=per-head
[spec-acc] ctx=10298 burst=21/25 cum=4450/5329=0.835
[mtp-chain] heads=3 policy=step-modulo prefix-replay kv=per-head
[spec-acc] ctx=10330 burst=21/24 cum=4471/5353=0.835
[mtp-chain] heads=3 policy=step-modulo prefix-replay kv=per-head
[spec-acc] ctx=10365 burst=20/23 cum=4491/5376=0.835
[mtp-chain] heads=3 policy=step-modulo prefix-replay kv=per-head
[spec-acc] ctx=10398 burst=21/24 cum=4512/5400=0.836
[mtp-chain] heads=3 policy=step-modulo prefix-replay kv=per-head
[spec-acc] ctx=10431 burst=23/27 cum=4535/5427=0.836
[mtp-chain] heads=3 policy=step-modulo prefix-replay kv=per-head
[spec-acc] ctx=10466 burst=23/25 cum=4558/5452=0.836
[mtp-chain] heads=3 policy=step-modulo prefix-replay kv=per-head
[spec-acc] ctx=10500 burst=18/29 cum=4576/5481=0.835
[mtp-chain] heads=3 policy=step-modulo prefix-replay kv=per-head
[spec-acc] ctx=10532 burst=19/21 cum=4595/5502=0.835
[mtp-chain] heads=3 policy=step-modulo prefix-replay kv=per-head
[spec-acc] ctx=10564 burst=22/26 cum=4617/5528=0.835
[mtp-chain] heads=3 policy=step-modulo prefix-replay kv=per-head
[spec-acc] ctx=10599 burst=22/24 cum=4639/5552=0.836
[mtp-chain] heads=3 policy=step-modulo prefix-replay kv=per-head
[spec-acc] ctx=10633 burst=19/26 cum=4658/5578=0.835
[mtp-chain] heads=3 policy=step-modulo prefix-replay kv=per-head
[spec-acc] ctx=10665 burst=19/27 cum=4677/5605=0.834
[mtp-chain] heads=3 policy=step-modulo prefix-replay kv=per-head
[spec-acc] ctx=10698 burst=19/22 cum=4696/5627=0.835
[mtp-chain] heads=3 policy=step-modulo prefix-replay kv=per-head
[spec-acc] ctx=10730 burst=21/22 cum=4717/5649=0.835
[mtp-chain] heads=3 policy=step-modulo prefix-replay kv=per-head
[spec-acc] ctx=10764 burst=18/24 cum=4735/5673=0.835
[mtp-chain] heads=3 policy=step-modulo prefix-replay kv=per-head
[spec-acc] ctx=10797 burst=21/27 cum=4756/5700=0.834
[mtp-chain] heads=3 policy=step-modulo prefix-replay kv=per-head
[spec-acc] ctx=10832 burst=19/23 cum=4775/5723=0.834
[mtp-chain] heads=3 policy=step-modulo prefix-replay kv=per-head
[spec-acc] ctx=10865 burst=20/23 cum=4795/5746=0.834
[mtp-chain] heads=3 policy=step-modulo prefix-replay kv=per-head
[spec-acc] ctx=10897 burst=18/21 cum=4813/5767=0.835
[mtp-chain] heads=3 policy=step-modulo prefix-replay kv=per-head
[spec-acc] ctx=10929 burst=22/23 cum=4835/5790=0.835
[mtp-chain] heads=3 policy=step-modulo prefix-replay kv=per-head
[spec-acc] ctx=10961 burst=22/23 cum=4857/5813=0.836
[mtp-chain] heads=3 policy=step-modulo prefix-replay kv=per-head
[spec-acc] ctx=10993 burst=21/25 cum=4878/5838=0.836
[mtp-chain] heads=3 policy=step-modulo prefix-replay kv=per-head
[spec-acc] ctx=11026 burst=18/26 cum=4896/5864=0.835
[mtp-chain] heads=3 policy=step-modulo prefix-replay kv=per-head
[spec-acc] ctx=11059 burst=12/12 cum=4908/5876=0.835
[meter] admit id=chatcmpl-d3b327bcd45ea94776ec76933bedee3e tenant=default lane=interactive model="step37"
[admission] per-session draft-state charge: model="step37" +2747MB (measured capture high-water)
[admission] request cost: model="step37" ctx=11236 path=spec = 89088 B/token x ctx + 29MB fixed = 623MB
[admission] parallel device plan: [dev0 session 3370MB + tp-kv 283MB + pending-tp-kv 0MB + reserve 1611MB + boundary 0.000MB; dev1 session 0MB + tp-kv 283MB + pending-tp-kv 0MB + reserve 1611MB + boundary 0.000MB]
[admit-oom] reclaim-on-defer: evicted 0 prefix entries + 0 plain + 1 spec + 0 dspark parked sessions (global LRU); effective free 4141MB -> 5043MB
[admission] eager-arm admit: model="step37" ctx=11236 draft-state 2747MB uncharged (capture would be refused at current headroom; the pre-capture gate enforces it)
[prefix-cache] refused for MEMRA_SWA_RING=1 Step35 session (flat-history snapshots/restores are excluded)
[spec-k] model="step37" tenant="" K=3 source=operator-pin prompt=2980 cached=0 lcp=0 active=1 wave=1 placement=single-or-non-pp2
[mtp-chain] heads=3 policy=step-modulo prefix-replay kv=per-head
[gemm-prime] ENGAGED t=2944 base=0 seq_end=2980 chunks<=4096 (GEMM trunk + grouped MoE)
[gemm-prime] ENGAGED t=36 base=2944 seq_end=2980 chunks<=4096 (GEMM trunk + grouped MoE)
[spec] WARN: sampled draft-graph capture failed (insufficient VRAM headroom for capture: effective free 3899MB (driver 1396MB + pool-cached 2503MB) < required 8311MB (2x appetite 2619MB + floor 3072MB); capture skipped pre-attempt); eager fallback until session resume
[spec-acc] ctx=2980 burst=19/23 cum=19/23=0.826
[mtp-chain] heads=3 policy=step-modulo prefix-replay kv=per-head
[spec-acc] ctx=3013 burst=19/21 cum=38/44=0.864
[mtp-chain] heads=3 policy=step-modulo prefix-replay kv=per-head
[spec-acc] ctx=3047 burst=17/22 cum=55/66=0.833
[mtp-chain] heads=3 policy=step-modulo prefix-replay kv=per-head
[spec-acc] ctx=3080 burst=17/24 cum=72/90=0.800
[mtp-chain] heads=3 policy=step-modulo prefix-replay kv=per-head
[spec-acc] ctx=3114 burst=16/25 cum=88/115=0.765
[mtp-chain] heads=3 policy=step-modulo prefix-replay kv=per-head
[spec-acc] ctx=3147 burst=20/31 cum=108/146=0.740
[mtp-chain] heads=3 policy=step-modulo prefix-replay kv=per-head
[spec-acc] ctx=3181 burst=17/17 cum=125/163=0.767
[mtp-chain] heads=3 policy=step-modulo prefix-replay kv=per-head
[spec-acc] ctx=3213 burst=15/25 cum=140/188=0.745
[mtp-chain] heads=3 policy=step-modulo prefix-replay kv=per-head
[spec-acc] ctx=3246 burst=17/24 cum=157/212=0.741
[mtp-chain] heads=3 policy=step-modulo prefix-replay kv=per-head
[spec-acc] ctx=3278 burst=17/21 cum=174/233=0.747
[mtp-chain] heads=3 policy=step-modulo prefix-replay kv=per-head
[spec-acc] ctx=3311 burst=21/22 cum=195/255=0.765
[mtp-chain] heads=3 policy=step-modulo prefix-replay kv=per-head
[spec-acc] ctx=3345 burst=20/22 cum=215/277=0.776
[mtp-chain] heads=3 policy=step-modulo prefix-replay kv=per-head
[spec-acc] ctx=3377 burst=21/26 cum=236/303=0.779
[mtp-chain] heads=3 policy=step-modulo prefix-replay kv=per-head
[spec-acc] ctx=3411 burst=21/27 cum=257/330=0.779
[mtp-chain] heads=3 policy=step-modulo prefix-replay kv=per-head
[spec-acc] ctx=3443 burst=24/27 cum=281/357=0.787
[mtp-chain] heads=3 policy=step-modulo prefix-replay kv=per-head
[spec-acc] ctx=3478 burst=22/26 cum=303/383=0.791
[mtp-chain] heads=3 policy=step-modulo prefix-replay kv=per-head
[spec-acc] ctx=3513 burst=22/23 cum=325/406=0.800
[mtp-chain] heads=3 policy=step-modulo prefix-replay kv=per-head
[spec-acc] ctx=3545 burst=18/23 cum=343/429=0.800
[mtp-chain] heads=3 policy=step-modulo prefix-replay kv=per-head
[spec-acc] ctx=3578 burst=21/22 cum=364/451=0.807
[mtp-chain] heads=3 policy=step-modulo prefix-replay kv=per-head
[spec-acc] ctx=3610 burst=19/22 cum=383/473=0.810
[mtp-chain] heads=3 policy=step-modulo prefix-replay kv=per-head
[spec-acc] ctx=3642 burst=23/25 cum=406/498=0.815
[mtp-chain] heads=3 policy=step-modulo prefix-replay kv=per-head
[spec-acc] ctx=3676 burst=20/25 cum=426/523=0.815
[mtp-chain] heads=3 policy=step-modulo prefix-replay kv=per-head
[spec-acc] ctx=3709 burst=17/23 cum=443/546=0.811
[mtp-chain] heads=3 policy=step-modulo prefix-replay kv=per-head
[spec-acc] ctx=3742 burst=20/32 cum=463/578=0.801
[mtp-chain] heads=3 policy=step-modulo prefix-replay kv=per-head
[spec-acc] ctx=3776 burst=19/22 cum=482/600=0.803
[mtp-chain] heads=3 policy=step-modulo prefix-replay kv=per-head
[spec-acc] ctx=3808 burst=17/20 cum=499/620=0.805
[mtp-chain] heads=3 policy=step-modulo prefix-replay kv=per-head
[spec-acc] ctx=3840 burst=21/25 cum=520/645=0.806
[mtp-chain] heads=3 policy=step-modulo prefix-replay kv=per-head
[spec-acc] ctx=3875 burst=16/24 cum=536/669=0.801
[mtp-chain] heads=3 policy=step-modulo prefix-replay kv=per-head
[spec-acc] ctx=3909 burst=19/20 cum=555/689=0.806
[mtp-chain] heads=3 policy=step-modulo prefix-replay kv=per-head
[spec-acc] ctx=3941 burst=19/24 cum=574/713=0.805
[mtp-chain] heads=3 policy=step-modulo prefix-replay kv=per-head
[spec-acc] ctx=3973 burst=18/29 cum=592/742=0.798
[mtp-chain] heads=3 policy=step-modulo prefix-replay kv=per-head
[spec-acc] ctx=4006 burst=18/26 cum=610/768=0.794
[mtp-chain] heads=3 policy=step-modulo prefix-replay kv=per-head
[spec-acc] ctx=4039 burst=20/22 cum=630/790=0.797
[mtp-chain] heads=3 policy=step-modulo prefix-replay kv=per-head
[spec-acc] ctx=4072 burst=17/26 cum=647/816=0.793
[mtp-chain] heads=3 policy=step-modulo prefix-replay kv=per-head
[spec-acc] ctx=4105 burst=20/22 cum=667/838=0.796
[mtp-chain] heads=3 policy=step-modulo prefix-replay kv=per-head
[spec-acc] ctx=4137 burst=14/27 cum=681/865=0.787
[mtp-chain] heads=3 policy=step-modulo prefix-replay kv=per-head
[spec-acc] ctx=4169 burst=17/24 cum=698/889=0.785
[mtp-chain] heads=3 policy=step-modulo prefix-replay kv=per-head
[spec-acc] ctx=4201 burst=18/23 cum=716/912=0.785
[mtp-chain] heads=3 policy=step-modulo prefix-replay kv=per-head
[spec-acc] ctx=4233 burst=21/25 cum=737/937=0.787
[mtp-chain] heads=3 policy=step-modulo prefix-replay kv=per-head
[spec-acc] ctx=4266 burst=21/25 cum=758/962=0.788
[mtp-chain] heads=3 policy=step-modulo prefix-replay kv=per-head
[spec-acc] ctx=4299 burst=20/26 cum=778/988=0.787
[mtp-chain] heads=3 policy=step-modulo prefix-replay kv=per-head
[spec-acc] ctx=4331 burst=19/24 cum=797/1012=0.788
[mtp-chain] heads=3 policy=step-modulo prefix-replay kv=per-head
[spec-acc] ctx=4364 burst=19/22 cum=816/1034=0.789
[mtp-chain] heads=3 policy=step-modulo prefix-replay kv=per-head
[spec-acc] ctx=4396 burst=17/19 cum=833/1053=0.791
[mtp-chain] heads=3 policy=step-modulo prefix-replay kv=per-head
[spec-acc] ctx=4429 burst=21/25 cum=854/1078=0.792
[mtp-chain] heads=3 policy=step-modulo prefix-replay kv=per-head
[spec-acc] ctx=4463 burst=22/25 cum=876/1103=0.794
[mtp-chain] heads=3 policy=step-modulo prefix-replay kv=per-head
[spec-acc] ctx=4497 burst=20/26 cum=896/1129=0.794
[mtp-chain] heads=3 policy=step-modulo prefix-replay kv=per-head
[spec-acc] ctx=4530 burst=21/29 cum=917/1158=0.792
[mtp-chain] heads=3 policy=step-modulo prefix-replay kv=per-head
[spec-acc] ctx=4565 burst=19/26 cum=936/1184=0.791
[mtp-chain] heads=3 policy=step-modulo prefix-replay kv=per-head
[spec-acc] ctx=4598 burst=15/27 cum=951/1211=0.785
[mtp-chain] heads=3 policy=step-modulo prefix-replay kv=per-head
[spec-acc] ctx=4631 burst=18/26 cum=969/1237=0.783
[mtp-chain] heads=3 policy=step-modulo prefix-replay kv=per-head
[spec-acc] ctx=4663 burst=21/23 cum=990/1260=0.786
[mtp-chain] heads=3 policy=step-modulo prefix-replay kv=per-head
[spec-acc] ctx=4697 burst=17/20 cum=1007/1280=0.787
[mtp-chain] heads=3 policy=step-modulo prefix-replay kv=per-head
[spec-acc] ctx=4729 burst=17/23 cum=1024/1303=0.786
[mtp-chain] heads=3 policy=step-modulo prefix-replay kv=per-head
[spec-acc] ctx=4762 burst=22/26 cum=1046/1329=0.787
[mtp-chain] heads=3 policy=step-modulo prefix-replay kv=per-head
[spec-acc] ctx=4794 burst=21/24 cum=1067/1353=0.789
[mtp-chain] heads=3 policy=step-modulo prefix-replay kv=per-head
[spec-acc] ctx=4826 burst=23/28 cum=1090/1381=0.789
[mtp-chain] heads=3 policy=step-modulo prefix-replay kv=per-head
[spec-acc] ctx=4860 burst=19/22 cum=1109/1403=0.790
[mtp-chain] heads=3 policy=step-modulo prefix-replay kv=per-head
[spec-acc] ctx=4892 burst=22/23 cum=1131/1426=0.793
[mtp-chain] heads=3 policy=step-modulo prefix-replay kv=per-head
[spec-acc] ctx=4924 burst=21/24 cum=1152/1450=0.794
[mtp-chain] heads=3 policy=step-modulo prefix-replay kv=per-head
[spec-acc] ctx=4958 burst=14/17 cum=1166/1467=0.795
[mtp-chain] heads=3 policy=step-modulo prefix-replay kv=per-head
[spec-acc] ctx=4990 burst=19/22 cum=1185/1489=0.796
[mtp-chain] heads=3 policy=step-modulo prefix-replay kv=per-head
[spec-acc] ctx=5024 burst=18/21 cum=1203/1510=0.797
[mtp-chain] heads=3 policy=step-modulo prefix-replay kv=per-head
[spec-acc] ctx=5056 burst=14/19 cum=1217/1529=0.796
[mtp-chain] heads=3 policy=step-modulo prefix-replay kv=per-head
[spec-acc] ctx=5088 burst=22/24 cum=1239/1553=0.798
[mtp-chain] heads=3 policy=step-modulo prefix-replay kv=per-head
[spec-acc] ctx=5120 burst=20/23 cum=1259/1576=0.799
[mtp-chain] heads=3 policy=step-modulo prefix-replay kv=per-head
[spec-acc] ctx=5153 burst=20/20 cum=1279/1596=0.801
[mtp-chain] heads=3 policy=step-modulo prefix-replay kv=per-head
[spec-acc] ctx=5187 burst=16/22 cum=1295/1618=0.800
[mtp-chain] heads=3 policy=step-modulo prefix-replay kv=per-head
[spec-acc] ctx=5219 burst=22/26 cum=1317/1644=0.801
[mtp-chain] heads=3 policy=step-modulo prefix-replay kv=per-head
[spec-acc] ctx=5252 burst=21/23 cum=1338/1667=0.803
[mtp-chain] heads=3 policy=step-modulo prefix-replay kv=per-head
[spec-acc] ctx=5286 burst=22/23 cum=1360/1690=0.805
[mtp-chain] heads=3 policy=step-modulo prefix-replay kv=per-head
[spec-acc] ctx=5319 burst=22/25 cum=1382/1715=0.806
[mtp-chain] heads=3 policy=step-modulo prefix-replay kv=per-head
[spec-acc] ctx=5352 burst=20/24 cum=1402/1739=0.806
[mtp-chain] heads=3 policy=step-modulo prefix-replay kv=per-head
[spec-acc] ctx=5384 burst=21/29 cum=1423/1768=0.805
[mtp-chain] heads=3 policy=step-modulo prefix-replay kv=per-head
[spec-acc] ctx=5417 burst=24/24 cum=1447/1792=0.807
[mtp-chain] heads=3 policy=step-modulo prefix-replay kv=per-head
[spec-acc] ctx=5451 burst=24/24 cum=1471/1816=0.810
[mtp-chain] heads=3 policy=step-modulo prefix-replay kv=per-head
[spec-acc] ctx=5484 burst=21/25 cum=1492/1841=0.810
[mtp-chain] heads=3 policy=step-modulo prefix-replay kv=per-head
[spec-acc] ctx=5516 burst=24/26 cum=1516/1867=0.812
[mtp-chain] heads=3 policy=step-modulo prefix-replay kv=per-head
[spec-acc] ctx=5551 burst=20/27 cum=1536/1894=0.811
[mtp-chain] heads=3 policy=step-modulo prefix-replay kv=per-head
[spec-acc] ctx=5583 burst=19/22 cum=1555/1916=0.812
[mtp-chain] heads=3 policy=step-modulo prefix-replay kv=per-head
[spec-acc] ctx=5616 burst=21/23 cum=1576/1939=0.813
[mtp-chain] heads=3 policy=step-modulo prefix-replay kv=per-head
[spec-acc] ctx=5649 burst=20/24 cum=1596/1963=0.813
[mtp-chain] heads=3 policy=step-modulo prefix-replay kv=per-head
[spec-acc] ctx=5681 burst=19/19 cum=1615/1982=0.815
[mtp-chain] heads=3 policy=step-modulo prefix-replay kv=per-head
[spec-acc] ctx=5714 burst=16/20 cum=1631/2002=0.815
[meter] admit id=chatcmpl-5176d6fb78355f79b4ef02986747b496 tenant=default lane=interactive model="step37"
[admission] per-session draft-state charge: model="step37" +2747MB (measured capture high-water)
[admission] request cost: model="step37" ctx=12500 path=spec = 89088 B/token x ctx + 29MB fixed = 651MB
[admission] parallel device plan: [dev0 session 3398MB + tp-kv 297MB + pending-tp-kv 0MB + reserve 1611MB + boundary 0.000MB; dev1 session 0MB + tp-kv 297MB + pending-tp-kv 0MB + reserve 1611MB + boundary 0.000MB]
[admit-oom] reclaim-on-defer: evicted 0 prefix entries + 0 plain + 1 spec + 0 dspark parked sessions (global LRU); effective free 4138MB -> 5043MB
[admission] eager-arm admit: model="step37" ctx=12500 draft-state 2747MB uncharged (capture would be refused at current headroom; the pre-capture gate enforces it)
[prefix-cache] refused for MEMRA_SWA_RING=1 Step35 session (flat-history snapshots/restores are excluded)
[spec-k] model="step37" tenant="" K=3 source=operator-pin prompt=4244 cached=0 lcp=0 active=1 wave=1 placement=single-or-non-pp2
[mtp-chain] heads=3 policy=step-modulo prefix-replay kv=per-head
[gemm-prime] ENGAGED t=4224 base=0 seq_end=4244 chunks<=4096 (GEMM trunk + grouped MoE)
[gemm-prime] ENGAGED t=20 base=4224 seq_end=4244 chunks<=4096 (GEMM trunk + grouped MoE)
[spec] WARN: sampled draft-graph capture failed (insufficient VRAM headroom for capture: effective free 3837MB (driver 596MB + pool-cached 3241MB) < required 8311MB (2x appetite 2619MB + floor 3072MB); capture skipped pre-attempt); eager fallback until session resume
[spec-acc] ctx=4244 burst=16/18 cum=16/18=0.889
[mtp-chain] heads=3 policy=step-modulo prefix-replay kv=per-head
[spec-acc] ctx=4276 burst=14/20 cum=30/38=0.789
[mtp-chain] heads=3 policy=step-modulo prefix-replay kv=per-head
[spec-acc] ctx=4308 burst=22/25 cum=52/63=0.825
[mtp-chain] heads=3 policy=step-modulo prefix-replay kv=per-head
[spec-acc] ctx=4343 burst=22/29 cum=74/92=0.804
[mtp-chain] heads=3 policy=step-modulo prefix-replay kv=per-head
[spec-acc] ctx=4376 burst=24/24 cum=98/116=0.845
[mtp-chain] heads=3 policy=step-modulo prefix-replay kv=per-head
[spec-acc] ctx=4409 burst=24/25 cum=122/141=0.865
[mtp-chain] heads=3 policy=step-modulo prefix-replay kv=per-head
[spec-acc] ctx=4443 burst=19/23 cum=141/164=0.860
[mtp-chain] heads=3 policy=step-modulo prefix-replay kv=per-head
[spec-acc] ctx=4475 burst=19/25 cum=160/189=0.847
[mtp-chain] heads=3 policy=step-modulo prefix-replay kv=per-head
[spec-acc] ctx=4508 burst=17/26 cum=177/215=0.823
[mtp-chain] heads=3 policy=step-modulo prefix-replay kv=per-head
[spec-acc] ctx=4540 burst=18/21 cum=195/236=0.826
[mtp-chain] heads=3 policy=step-modulo prefix-replay kv=per-head
[spec-acc] ctx=4572 burst=20/25 cum=215/261=0.824
[mtp-chain] heads=3 policy=step-modulo prefix-replay kv=per-head
[spec-acc] ctx=4604 burst=20/23 cum=235/284=0.827
[mtp-chain] heads=3 policy=step-modulo prefix-replay kv=per-head
[spec-acc] ctx=4638 burst=20/22 cum=255/306=0.833
[mtp-chain] heads=3 policy=step-modulo prefix-replay kv=per-head
[spec-acc] ctx=4670 burst=17/24 cum=272/330=0.824
[mtp-chain] heads=3 policy=step-modulo prefix-replay kv=per-head
[spec-acc] ctx=4702 burst=19/28 cum=291/358=0.813
[mtp-chain] heads=3 policy=step-modulo prefix-replay kv=per-head
[spec-acc] ctx=4735 burst=21/21 cum=312/379=0.823
[mtp-chain] heads=3 policy=step-modulo prefix-replay kv=per-head
[spec-acc] ctx=4769 burst=22/26 cum=334/405=0.825
[mtp-chain] heads=3 policy=step-modulo prefix-replay kv=per-head
[spec-acc] ctx=4804 burst=22/22 cum=356/427=0.834
[mtp-chain] heads=3 policy=step-modulo prefix-replay kv=per-head
[spec-acc] ctx=4837 burst=16/28 cum=372/455=0.818
[mtp-chain] heads=3 policy=step-modulo prefix-replay kv=per-head
[spec-acc] ctx=4869 burst=21/25 cum=393/480=0.819
[mtp-chain] heads=3 policy=step-modulo prefix-replay kv=per-head
[spec-acc] ctx=4901 burst=15/30 cum=408/510=0.800
[mtp-chain] heads=3 policy=step-modulo prefix-replay kv=per-head
[spec-acc] ctx=4933 burst=24/25 cum=432/535=0.807
[mtp-chain] heads=3 policy=step-modulo prefix-replay kv=per-head
[spec-acc] ctx=4967 burst=15/21 cum=447/556=0.804
[mtp-chain] heads=3 policy=step-modulo prefix-replay kv=per-head
[spec-acc] ctx=4999 burst=19/27 cum=466/583=0.799
[mtp-chain] heads=3 policy=step-modulo prefix-replay kv=per-head
[spec-acc] ctx=5032 burst=19/28 cum=485/611=0.794
[mtp-chain] heads=3 policy=step-modulo prefix-replay kv=per-head
[spec-acc] ctx=5064 burst=23/28 cum=508/639=0.795
[mtp-chain] heads=3 policy=step-modulo prefix-replay kv=per-head
[spec-acc] ctx=5099 burst=20/24 cum=528/663=0.796
[mtp-chain] heads=3 policy=step-modulo prefix-replay kv=per-head
[spec-acc] ctx=5131 burst=20/23 cum=548/686=0.799
[mtp-chain] heads=3 policy=step-modulo prefix-replay kv=per-head
[spec-acc] ctx=5164 burst=23/26 cum=571/712=0.802
[mtp-chain] heads=3 policy=step-modulo prefix-replay kv=per-head
[spec-acc] ctx=5199 burst=25/25 cum=596/737=0.809
[mtp-chain] heads=3 policy=step-modulo prefix-replay kv=per-head
[spec-acc] ctx=5234 burst=21/22 cum=617/759=0.813
[mtp-chain] heads=3 policy=step-modulo prefix-replay kv=per-head
[spec-acc] ctx=5267 burst=15/16 cum=632/775=0.815
[mtp-chain] heads=3 policy=step-modulo prefix-replay kv=per-head
[spec-acc] ctx=5299 burst=17/22 cum=649/797=0.814
[mtp-chain] heads=3 policy=step-modulo prefix-replay kv=per-head
[spec-acc] ctx=5331 burst=20/27 cum=669/824=0.812
[mtp-chain] heads=3 policy=step-modulo prefix-replay kv=per-head
[spec-acc] ctx=5366 burst=21/26 cum=690/850=0.812
[mtp-chain] heads=3 policy=step-modulo prefix-replay kv=per-head
[spec-acc] ctx=5400 burst=20/22 cum=710/872=0.814
[mtp-chain] heads=3 policy=step-modulo prefix-replay kv=per-head
[spec-acc] ctx=5432 burst=15/22 cum=725/894=0.811
[mtp-chain] heads=3 policy=step-modulo prefix-replay kv=per-head
[spec-acc] ctx=5464 burst=16/26 cum=741/920=0.805
[mtp-chain] heads=3 policy=step-modulo prefix-replay kv=per-head
[spec-acc] ctx=5496 burst=17/22 cum=758/942=0.805
[mtp-chain] heads=3 policy=step-modulo prefix-replay kv=per-head
[spec-acc] ctx=5528 burst=18/19 cum=776/961=0.807
[mtp-chain] heads=3 policy=step-modulo prefix-replay kv=per-head
[spec-acc] ctx=5561 burst=19/27 cum=795/988=0.805
[mtp-chain] heads=3 policy=step-modulo prefix-replay kv=per-head
[spec-acc] ctx=5596 burst=19/26 cum=814/1014=0.803
[mtp-chain] heads=3 policy=step-modulo prefix-replay kv=per-head
[spec-acc] ctx=5628 burst=23/23 cum=837/1037=0.807
[mtp-chain] heads=3 policy=step-modulo prefix-replay kv=per-head
[spec-acc] ctx=5660 burst=23/27 cum=860/1064=0.808
[mtp-chain] heads=3 policy=step-modulo prefix-replay kv=per-head
[spec-acc] ctx=5694 burst=20/20 cum=880/1084=0.812
[mtp-chain] heads=3 policy=step-modulo prefix-replay kv=per-head
[spec-acc] ctx=5726 burst=17/25 cum=897/1109=0.809
[mtp-chain] heads=3 policy=step-modulo prefix-replay kv=per-head
[spec-acc] ctx=5758 burst=18/22 cum=915/1131=0.809
[mtp-chain] heads=3 policy=step-modulo prefix-replay kv=per-head
[spec-acc] ctx=5791 burst=17/24 cum=932/1155=0.807
[mtp-chain] heads=3 policy=step-modulo prefix-replay kv=per-head
[spec-acc] ctx=5823 burst=20/23 cum=952/1178=0.808
[mtp-chain] heads=3 policy=step-modulo prefix-replay kv=per-head
[spec-acc] ctx=5855 burst=22/25 cum=974/1203=0.810
[mtp-chain] heads=3 policy=step-modulo prefix-replay kv=per-head
[spec-acc] ctx=5889 burst=17/25 cum=991/1228=0.807
[mtp-chain] heads=3 policy=step-modulo prefix-replay kv=per-head
[spec-acc] ctx=5922 burst=13/16 cum=1004/1244=0.807
[mtp-chain] heads=3 policy=step-modulo prefix-replay kv=per-head
[spec-acc] ctx=5954 burst=18/23 cum=1022/1267=0.807
[mtp-chain] heads=3 policy=step-modulo prefix-replay kv=per-head
[spec-acc] ctx=5986 burst=18/21 cum=1040/1288=0.807
[mtp-chain] heads=3 policy=step-modulo prefix-replay kv=per-head
[spec-acc] ctx=6019 burst=18/20 cum=1058/1308=0.809
[mtp-chain] heads=3 policy=step-modulo prefix-replay kv=per-head
[spec-acc] ctx=6051 burst=17/19 cum=1075/1327=0.810
[mtp-chain] heads=3 policy=step-modulo prefix-replay kv=per-head
[spec-acc] ctx=6083 burst=16/24 cum=1091/1351=0.808
[mtp-chain] heads=3 policy=step-modulo prefix-replay kv=per-head
[spec-acc] ctx=6116 burst=19/21 cum=1110/1372=0.809
[mtp-chain] heads=3 policy=step-modulo prefix-replay kv=per-head
[spec-acc] ctx=6149 burst=11/19 cum=1121/1391=0.806
[mtp-chain] heads=3 policy=step-modulo prefix-replay kv=per-head
[spec-acc] ctx=6181 burst=18/24 cum=1139/1415=0.805
[mtp-chain] heads=3 policy=step-modulo prefix-replay kv=per-head
[spec-acc] ctx=6214 burst=15/17 cum=1154/1432=0.806
[mtp-chain] heads=3 policy=step-modulo prefix-replay kv=per-head
[spec-acc] ctx=6246 burst=21/24 cum=1175/1456=0.807
[mtp-chain] heads=3 policy=step-modulo prefix-replay kv=per-head
[spec-acc] ctx=6280 burst=20/26 cum=1195/1482=0.806
[mtp-chain] heads=3 policy=step-modulo prefix-replay kv=per-head
[spec-acc] ctx=6314 burst=19/21 cum=1214/1503=0.808
[mtp-chain] heads=3 policy=step-modulo prefix-replay kv=per-head
[spec-acc] ctx=6347 burst=23/25 cum=1237/1528=0.810
[mtp-chain] heads=3 policy=step-modulo prefix-replay kv=per-head
[spec-acc] ctx=6381 burst=18/22 cum=1255/1550=0.810
[mtp-chain] heads=3 policy=step-modulo prefix-replay kv=per-head
[spec-acc] ctx=6413 burst=16/21 cum=1271/1571=0.809
[mtp-chain] heads=3 policy=step-modulo prefix-replay kv=per-head
[spec-acc] ctx=6445 burst=17/23 cum=1288/1594=0.808
[mtp-chain] heads=3 policy=step-modulo prefix-replay kv=per-head
[spec-acc] ctx=6478 burst=20/25 cum=1308/1619=0.808
[mtp-chain] heads=3 policy=step-modulo prefix-replay kv=per-head
[spec-acc] ctx=6511 burst=21/21 cum=1329/1640=0.810
[mtp-chain] heads=3 policy=step-modulo prefix-replay kv=per-head
[spec-acc] ctx=6544 burst=20/26 cum=1349/1666=0.810
[mtp-chain] heads=3 policy=step-modulo prefix-replay kv=per-head
[spec-acc] ctx=6577 burst=19/19 cum=1368/1685=0.812
[mtp-chain] heads=3 policy=step-modulo prefix-replay kv=per-head
[spec-acc] ctx=6609 burst=20/23 cum=1388/1708=0.813
[mtp-chain] heads=3 policy=step-modulo prefix-replay kv=per-head
[spec-acc] ctx=6641 burst=19/26 cum=1407/1734=0.811
[mtp-chain] heads=3 policy=step-modulo prefix-replay kv=per-head
[spec-acc] ctx=6673 burst=16/22 cum=1423/1756=0.810
[mtp-chain] heads=3 policy=step-modulo prefix-replay kv=per-head
[spec-acc] ctx=6706 burst=21/30 cum=1444/1786=0.809
[mtp-chain] heads=3 policy=step-modulo prefix-replay kv=per-head
[spec-acc] ctx=6740 burst=16/26 cum=1460/1812=0.806
[mtp-chain] heads=3 policy=step-modulo prefix-replay kv=per-head
[spec-acc] ctx=6772 burst=19/27 cum=1479/1839=0.804
[mtp-chain] heads=3 policy=step-modulo prefix-replay kv=per-head
[spec-acc] ctx=6805 burst=16/24 cum=1495/1863=0.802
[mtp-chain] heads=3 policy=step-modulo prefix-replay kv=per-head
[spec-acc] ctx=6837 burst=17/25 cum=1512/1888=0.801
[mtp-chain] heads=3 policy=step-modulo prefix-replay kv=per-head
[spec-acc] ctx=6869 burst=19/25 cum=1531/1913=0.800
[mtp-chain] heads=3 policy=step-modulo prefix-replay kv=per-head
[spec-acc] ctx=6901 burst=15/24 cum=1546/1937=0.798
[mtp-chain] heads=3 policy=step-modulo prefix-replay kv=per-head
[spec-acc] ctx=6933 burst=20/25 cum=1566/1962=0.798
[mtp-chain] heads=3 policy=step-modulo prefix-replay kv=per-head
[spec-acc] ctx=6966 burst=18/28 cum=1584/1990=0.796
[mtp-chain] heads=3 policy=step-modulo prefix-replay kv=per-head
[spec-acc] ctx=6998 burst=19/22 cum=1603/2012=0.797
[mtp-chain] heads=3 policy=step-modulo prefix-replay kv=per-head
[spec-acc] ctx=7030 burst=20/25 cum=1623/2037=0.797
[mtp-chain] heads=3 policy=step-modulo prefix-replay kv=per-head
[spec-acc] ctx=7063 burst=19/24 cum=1642/2061=0.797
[mtp-chain] heads=3 policy=step-modulo prefix-replay kv=per-head
[spec-acc] ctx=7095 burst=23/24 cum=1665/2085=0.799
[mtp-chain] heads=3 policy=step-modulo prefix-replay kv=per-head
[spec-acc] ctx=7128 burst=21/23 cum=1686/2108=0.800
[mtp-chain] heads=3 policy=step-modulo prefix-replay kv=per-head
[spec-acc] ctx=7160 burst=21/28 cum=1707/2136=0.799
[mtp-chain] heads=3 policy=step-modulo prefix-replay kv=per-head
[spec-acc] ctx=7193 burst=22/23 cum=1729/2159=0.801
[mtp-chain] heads=3 policy=step-modulo prefix-replay kv=per-head
[spec-acc] ctx=7225 burst=24/24 cum=1753/2183=0.803
[mtp-chain] heads=3 policy=step-modulo prefix-replay kv=per-head
[spec-acc] ctx=7258 burst=24/24 cum=1777/2207=0.805
[mtp-chain] heads=3 policy=step-modulo prefix-replay kv=per-head
[spec-acc] ctx=7292 burst=20/24 cum=1797/2231=0.805
[mtp-chain] heads=3 policy=step-modulo prefix-replay kv=per-head
[spec-acc] ctx=7324 burst=21/26 cum=1818/2257=0.805
[mtp-chain] heads=3 policy=step-modulo prefix-replay kv=per-head
[spec-acc] ctx=7356 burst=21/23 cum=1839/2280=0.807
[mtp-chain] heads=3 policy=step-modulo prefix-replay kv=per-head
[spec-acc] ctx=7389 burst=21/25 cum=1860/2305=0.807
[mtp-chain] heads=3 policy=step-modulo prefix-replay kv=per-head
[spec-acc] ctx=7422 burst=19/23 cum=1879/2328=0.807
[mtp-chain] heads=3 policy=step-modulo prefix-replay kv=per-head
[spec-acc] ctx=7454 burst=19/29 cum=1898/2357=0.805
[mtp-chain] heads=3 policy=step-modulo prefix-replay kv=per-head
[spec-acc] ctx=7487 burst=23/26 cum=1921/2383=0.806
[mtp-chain] heads=3 policy=step-modulo prefix-replay kv=per-head
[spec-acc] ctx=7520 burst=21/23 cum=1942/2406=0.807
[mtp-chain] heads=3 policy=step-modulo prefix-replay kv=per-head
[spec-acc] ctx=7552 burst=22/23 cum=1964/2429=0.809
[mtp-chain] heads=3 policy=step-modulo prefix-replay kv=per-head
[spec-acc] ctx=7584 burst=20/24 cum=1984/2453=0.809
[mtp-chain] heads=3 policy=step-modulo prefix-replay kv=per-head
[spec-acc] ctx=7617 burst=21/25 cum=2005/2478=0.809
[mtp-chain] heads=3 policy=step-modulo prefix-replay kv=per-head
[spec-acc] ctx=7650 burst=23/24 cum=2028/2502=0.811
[mtp-chain] heads=3 policy=step-modulo prefix-replay kv=per-head
[spec-acc] ctx=7685 burst=21/21 cum=2049/2523=0.812
[mtp-chain] heads=3 policy=step-modulo prefix-replay kv=per-head
[spec-acc] ctx=7718 burst=25/26 cum=2074/2549=0.814
[mtp-chain] heads=3 policy=step-modulo prefix-replay kv=per-head
[spec-acc] ctx=7753 burst=23/24 cum=2097/2573=0.815
[mtp-chain] heads=3 policy=step-modulo prefix-replay kv=per-head
[spec-acc] ctx=7788 burst=22/24 cum=2119/2597=0.816
[mtp-chain] heads=3 policy=step-modulo prefix-replay kv=per-head
[spec-acc] ctx=7822 burst=22/30 cum=2141/2627=0.815
[mtp-chain] heads=3 policy=step-modulo prefix-replay kv=per-head
[spec-acc] ctx=7856 burst=20/27 cum=2161/2654=0.814
[mtp-chain] heads=3 policy=step-modulo prefix-replay kv=per-head
[spec-acc] ctx=7889 burst=18/21 cum=2179/2675=0.815
[mtp-chain] heads=3 policy=step-modulo prefix-replay kv=per-head
[spec-acc] ctx=7921 burst=22/28 cum=2201/2703=0.814
[mtp-chain] heads=3 policy=step-modulo prefix-replay kv=per-head
[spec-acc] ctx=7956 burst=22/26 cum=2223/2729=0.815
[mtp-chain] heads=3 policy=step-modulo prefix-replay kv=per-head
[spec-acc] ctx=7991 burst=20/25 cum=2243/2754=0.814
[mtp-chain] heads=3 policy=step-modulo prefix-replay kv=per-head
[spec-acc] ctx=8023 burst=22/24 cum=2265/2778=0.815
[mtp-chain] heads=3 policy=step-modulo prefix-replay kv=per-head
[spec-acc] ctx=8056 burst=21/22 cum=2286/2800=0.816
[meter] admit id=chatcmpl-8bf28d34cccf29a55b75c1161c2b51ac tenant=default lane=interactive model="step37"
[admission] per-session draft-state charge: model="step37" +2747MB (measured capture high-water)
[admission] request cost: model="step37" ctx=13591 path=spec = 89088 B/token x ctx + 29MB fixed = 676MB
[admission] parallel device plan: [dev0 session 3422MB + tp-kv 309MB + pending-tp-kv 0MB + reserve 1611MB + boundary 0.000MB; dev1 session 0MB + tp-kv 309MB + pending-tp-kv 0MB + reserve 1611MB + boundary 0.000MB]
[admit-oom] reclaim-on-defer: evicted 0 prefix entries + 0 plain + 1 spec + 0 dspark parked sessions (global LRU); effective free 4094MB -> 5041MB
[admission] eager-arm admit: model="step37" ctx=13591 draft-state 2747MB uncharged (capture would be refused at current headroom; the pre-capture gate enforces it)
[prefix-cache] refused for MEMRA_SWA_RING=1 Step35 session (flat-history snapshots/restores are excluded)
[spec-k] model="step37" tenant="" K=3 source=operator-pin prompt=5335 cached=0 lcp=0 active=1 wave=1 placement=single-or-non-pp2
[mtp-chain] heads=3 policy=step-modulo prefix-replay kv=per-head
[gemm-prime] ENGAGED t=5312 base=0 seq_end=5335 chunks<=4096 (GEMM trunk + grouped MoE)
[gemm-prime] ENGAGED t=23 base=5312 seq_end=5335 chunks<=4096 (GEMM trunk + grouped MoE)
[spec] WARN: sampled draft-graph capture failed (insufficient VRAM headroom for capture: effective free 3780MB (driver 404MB + pool-cached 3375MB) < required 8311MB (2x appetite 2619MB + floor 3072MB); capture skipped pre-attempt); eager fallback until session resume
[spec-acc] ctx=5335 burst=21/22 cum=21/22=0.955
[mtp-chain] heads=3 policy=step-modulo prefix-replay kv=per-head
[spec-acc] ctx=5367 burst=22/23 cum=43/45=0.956
[mtp-chain] heads=3 policy=step-modulo prefix-replay kv=per-head
[spec-acc] ctx=5401 burst=18/22 cum=61/67=0.910
[mtp-chain] heads=3 policy=step-modulo prefix-replay kv=per-head
[spec-acc] ctx=5433 burst=16/19 cum=77/86=0.895
[mtp-chain] heads=3 policy=step-modulo prefix-replay kv=per-head
[spec-acc] ctx=5466 burst=16/23 cum=93/109=0.853
[mtp-chain] heads=3 policy=step-modulo prefix-replay kv=per-head
[spec-acc] ctx=5498 burst=16/21 cum=109/130=0.838
[mtp-chain] heads=3 policy=step-modulo prefix-replay kv=per-head
[spec-acc] ctx=5530 burst=16/21 cum=125/151=0.828
[mtp-chain] heads=3 policy=step-modulo prefix-replay kv=per-head
[spec-acc] ctx=5563 burst=19/24 cum=144/175=0.823
[mtp-chain] heads=3 policy=step-modulo prefix-replay kv=per-head
[spec-acc] ctx=5595 burst=19/23 cum=163/198=0.823
[mtp-chain] heads=3 policy=step-modulo prefix-replay kv=per-head
[spec-acc] ctx=5627 burst=20/22 cum=183/220=0.832
[mtp-chain] heads=3 policy=step-modulo prefix-replay kv=per-head
[spec-acc] ctx=5659 burst=16/26 cum=199/246=0.809
[mtp-chain] heads=3 policy=step-modulo prefix-replay kv=per-head
[spec-acc] ctx=5691 burst=15/24 cum=214/270=0.793
[mtp-chain] heads=3 policy=step-modulo prefix-replay kv=per-head
[spec-acc] ctx=5724 burst=21/23 cum=235/293=0.802
[mtp-chain] heads=3 policy=step-modulo prefix-replay kv=per-head
[spec-acc] ctx=5756 burst=22/27 cum=257/320=0.803
[mtp-chain] heads=3 policy=step-modulo prefix-replay kv=per-head
[spec-acc] ctx=5791 burst=21/22 cum=278/342=0.813
[mtp-chain] heads=3 policy=step-modulo prefix-replay kv=per-head
[spec-acc] ctx=5825 burst=16/22 cum=294/364=0.808
[mtp-chain] heads=3 policy=step-modulo prefix-replay kv=per-head
[spec-acc] ctx=5857 burst=17/21 cum=311/385=0.808
[mtp-chain] heads=3 policy=step-modulo prefix-replay kv=per-head
[spec-acc] ctx=5890 burst=16/24 cum=327/409=0.800
[mtp-chain] heads=3 policy=step-modulo prefix-replay kv=per-head
[spec-acc] ctx=5922 burst=18/22 cum=345/431=0.800
[mtp-chain] heads=3 policy=step-modulo prefix-replay kv=per-head
[spec-acc] ctx=5957 burst=21/21 cum=366/452=0.810
[mtp-chain] heads=3 policy=step-modulo prefix-replay kv=per-head
[spec-acc] ctx=5990 burst=21/26 cum=387/478=0.810
[mtp-chain] heads=3 policy=step-modulo prefix-replay kv=per-head
[spec-acc] ctx=6024 burst=22/22 cum=409/500=0.818
[mtp-chain] heads=3 policy=step-modulo prefix-replay kv=per-head
[spec-acc] ctx=6056 burst=20/22 cum=429/522=0.822
[mtp-chain] heads=3 policy=step-modulo prefix-replay kv=per-head
[spec-acc] ctx=6088 burst=18/27 cum=447/549=0.814
[mtp-chain] heads=3 policy=step-modulo prefix-replay kv=per-head
[spec-acc] ctx=6121 burst=20/24 cum=467/573=0.815
[mtp-chain] heads=3 policy=step-modulo prefix-replay kv=per-head
[spec-acc] ctx=6153 burst=20/24 cum=487/597=0.816
[mtp-chain] heads=3 policy=step-modulo prefix-replay kv=per-head
[spec-acc] ctx=6185 burst=21/25 cum=508/622=0.817
[mtp-chain] heads=3 policy=step-modulo prefix-replay kv=per-head
[spec-acc] ctx=6219 burst=22/25 cum=530/647=0.819
[mtp-chain] heads=3 policy=step-modulo prefix-replay kv=per-head
[spec-acc] ctx=6253 burst=18/24 cum=548/671=0.817
[mtp-chain] heads=3 policy=step-modulo prefix-replay kv=per-head
[spec-acc] ctx=6285 burst=18/26 cum=566/697=0.812
[mtp-chain] heads=3 policy=step-modulo prefix-replay kv=per-head
[spec-acc] ctx=6317 burst=22/29 cum=588/726=0.810
[mtp-chain] heads=3 policy=step-modulo prefix-replay kv=per-head
[spec-acc] ctx=6350 burst=17/24 cum=605/750=0.807
[mtp-chain] heads=3 policy=step-modulo prefix-replay kv=per-head
[spec-acc] ctx=6382 burst=22/24 cum=627/774=0.810
[mtp-chain] heads=3 policy=step-modulo prefix-replay kv=per-head
[spec-acc] ctx=6416 burst=21/22 cum=648/796=0.814
[mtp-chain] heads=3 policy=step-modulo prefix-replay kv=per-head
[spec-acc] ctx=6448 burst=22/24 cum=670/820=0.817
[mtp-chain] heads=3 policy=step-modulo prefix-replay kv=per-head
[spec-acc] ctx=6482 burst=18/20 cum=688/840=0.819
[mtp-chain] heads=3 policy=step-modulo prefix-replay kv=per-head
[spec-acc] ctx=6516 burst=18/20 cum=706/860=0.821
[mtp-chain] heads=3 policy=step-modulo prefix-replay kv=per-head
[spec-acc] ctx=6548 burst=18/28 cum=724/888=0.815
[mtp-chain] heads=3 policy=step-modulo prefix-replay kv=per-head
[spec-acc] ctx=6580 burst=18/24 cum=742/912=0.814
[mtp-chain] heads=3 policy=step-modulo prefix-replay kv=per-head
[spec-acc] ctx=6612 burst=18/22 cum=760/934=0.814
[mtp-chain] heads=3 policy=step-modulo prefix-replay kv=per-head
[spec-acc] ctx=6645 burst=24/24 cum=784/958=0.818
[mtp-chain] heads=3 policy=step-modulo prefix-replay kv=per-head
[spec-acc] ctx=6678 burst=19/23 cum=803/981=0.819
[mtp-chain] heads=3 policy=step-modulo prefix-replay kv=per-head
[spec-acc] ctx=6710 burst=19/26 cum=822/1007=0.816
[mtp-chain] heads=3 policy=step-modulo prefix-replay kv=per-head
[spec-acc] ctx=6742 burst=19/31 cum=841/1038=0.810
[mtp-chain] heads=3 policy=step-modulo prefix-replay kv=per-head
[spec-acc] ctx=6775 burst=21/25 cum=862/1063=0.811
[mtp-chain] heads=3 policy=step-modulo prefix-replay kv=per-head
[spec-acc] ctx=6810 burst=18/22 cum=880/1085=0.811
[mtp-chain] heads=3 policy=step-modulo prefix-replay kv=per-head
[spec-acc] ctx=6842 burst=16/29 cum=896/1114=0.804
[mtp-chain] heads=3 policy=step-modulo prefix-replay kv=per-head
[spec-acc] ctx=6876 burst=18/24 cum=914/1138=0.803
[mtp-chain] heads=3 policy=step-modulo prefix-replay kv=per-head
[spec-acc] ctx=6909 burst=21/25 cum=935/1163=0.804
[mtp-chain] heads=3 policy=step-modulo prefix-replay kv=per-head
[spec-acc] ctx=6942 burst=16/32 cum=951/1195=0.796
[mtp-chain] heads=3 policy=step-modulo prefix-replay kv=per-head
[spec-acc] ctx=6975 burst=20/24 cum=971/1219=0.797
[mtp-chain] heads=3 policy=step-modulo prefix-replay kv=per-head
[spec-acc] ctx=7009 burst=20/22 cum=991/1241=0.799
[mtp-chain] heads=3 policy=step-modulo prefix-replay kv=per-head
[spec-acc] ctx=7042 burst=19/24 cum=1010/1265=0.798
[mtp-chain] heads=3 policy=step-modulo prefix-replay kv=per-head
[spec-acc] ctx=7075 burst=19/25 cum=1029/1290=0.798
[mtp-chain] heads=3 policy=step-modulo prefix-replay kv=per-head
[spec-acc] ctx=7108 burst=17/21 cum=1046/1311=0.798
[mtp-chain] heads=3 policy=step-modulo prefix-replay kv=per-head
[spec-acc] ctx=7140 burst=18/29 cum=1064/1340=0.794
[mtp-chain] heads=3 policy=step-modulo prefix-replay kv=per-head
[spec-acc] ctx=7173 burst=21/24 cum=1085/1364=0.795
[mtp-chain] heads=3 policy=step-modulo prefix-replay kv=per-head
[spec-acc] ctx=7206 burst=18/27 cum=1103/1391=0.793
[mtp-chain] heads=3 policy=step-modulo prefix-replay kv=per-head
[spec-acc] ctx=7238 burst=17/22 cum=1120/1413=0.793
[mtp-chain] heads=3 policy=step-modulo prefix-replay kv=per-head
[spec-acc] ctx=7271 burst=21/29 cum=1141/1442=0.791
[mtp-chain] heads=3 policy=step-modulo prefix-replay kv=per-head
[spec-acc] ctx=7304 burst=22/23 cum=1163/1465=0.794
[mtp-chain] heads=3 policy=step-modulo prefix-replay kv=per-head
[spec-acc] ctx=7338 burst=21/21 cum=1184/1486=0.797
[mtp-chain] heads=3 policy=step-modulo prefix-replay kv=per-head
[spec-acc] ctx=7372 burst=19/25 cum=1203/1511=0.796
[mtp-chain] heads=3 policy=step-modulo prefix-replay kv=per-head
[spec-acc] ctx=7405 burst=21/23 cum=1224/1534=0.798
[mtp-chain] heads=3 policy=step-modulo prefix-replay kv=per-head
[spec-acc] ctx=7439 burst=22/24 cum=1246/1558=0.800
[mtp-chain] heads=3 policy=step-modulo prefix-replay kv=per-head
[spec-acc] ctx=7472 burst=21/22 cum=1267/1580=0.802
[mtp-chain] heads=3 policy=step-modulo prefix-replay kv=per-head
[spec-acc] ctx=7505 burst=19/20 cum=1286/1600=0.804
[mtp-chain] heads=3 policy=step-modulo prefix-replay kv=per-head
[spec-acc] ctx=7537 burst=18/22 cum=1304/1622=0.804
[mtp-chain] heads=3 policy=step-modulo prefix-replay kv=per-head
[spec-acc] ctx=7570 burst=20/31 cum=1324/1653=0.801
[mtp-chain] heads=3 policy=step-modulo prefix-replay kv=per-head
[spec-acc] ctx=7604 burst=20/22 cum=1344/1675=0.802
[mtp-chain] heads=3 policy=step-modulo prefix-replay kv=per-head
[spec-acc] ctx=7637 burst=20/32 cum=1364/1707=0.799
[mtp-chain] heads=3 policy=step-modulo prefix-replay kv=per-head
[spec-acc] ctx=7671 burst=21/25 cum=1385/1732=0.800
[mtp-chain] heads=3 policy=step-modulo prefix-replay kv=per-head
[spec-acc] ctx=7703 burst=18/30 cum=1403/1762=0.796
[mtp-chain] heads=3 policy=step-modulo prefix-replay kv=per-head
[spec-acc] ctx=7735 burst=20/27 cum=1423/1789=0.795
[mtp-chain] heads=3 policy=step-modulo prefix-replay kv=per-head
[spec-acc] ctx=7768 burst=19/22 cum=1442/1811=0.796
[mtp-chain] heads=3 policy=step-modulo prefix-replay kv=per-head
[spec-acc] ctx=7800 burst=22/26 cum=1464/1837=0.797
[mtp-chain] heads=3 policy=step-modulo prefix-replay kv=per-head
[spec-acc] ctx=7833 burst=24/30 cum=1488/1867=0.797
[mtp-chain] heads=3 policy=step-modulo prefix-replay kv=per-head
[spec-acc] ctx=7868 burst=20/23 cum=1508/1890=0.798
[mtp-chain] heads=3 policy=step-modulo prefix-replay kv=per-head
[spec-acc] ctx=7900 burst=20/26 cum=1528/1916=0.797
[mtp-chain] heads=3 policy=step-modulo prefix-replay kv=per-head
[spec-acc] ctx=7934 burst=22/23 cum=1550/1939=0.799
[mtp-chain] heads=3 policy=step-modulo prefix-replay kv=per-head
[spec-acc] ctx=7966 burst=19/24 cum=1569/1963=0.799
[mtp-chain] heads=3 policy=step-modulo prefix-replay kv=per-head
[spec-acc] ctx=7999 burst=17/29 cum=1586/1992=0.796
[mtp-chain] heads=3 policy=step-modulo prefix-replay kv=per-head
[spec-acc] ctx=8032 burst=24/27 cum=1610/2019=0.797
[mtp-chain] heads=3 policy=step-modulo prefix-replay kv=per-head
[spec-acc] ctx=8066 burst=21/22 cum=1631/2041=0.799
[mtp-chain] heads=3 policy=step-modulo prefix-replay kv=per-head
[spec-acc] ctx=8098 burst=19/22 cum=1650/2063=0.800
[mtp-chain] heads=3 policy=step-modulo prefix-replay kv=per-head
[spec-acc] ctx=8130 burst=17/23 cum=1667/2086=0.799
[mtp-chain] heads=3 policy=step-modulo prefix-replay kv=per-head
[spec-acc] ctx=8162 burst=19/24 cum=1686/2110=0.799
[mtp-chain] heads=3 policy=step-modulo prefix-replay kv=per-head
[spec-acc] ctx=8194 burst=23/25 cum=1709/2135=0.800
[mtp-chain] heads=3 policy=step-modulo prefix-replay kv=per-head
[spec-acc] ctx=8227 burst=20/23 cum=1729/2158=0.801
[mtp-chain] heads=3 policy=step-modulo prefix-replay kv=per-head
[spec-acc] ctx=8259 burst=18/23 cum=1747/2181=0.801
[mtp-chain] heads=3 policy=step-modulo prefix-replay kv=per-head
[spec-acc] ctx=8291 burst=22/24 cum=1769/2205=0.802
[mtp-chain] heads=3 policy=step-modulo prefix-replay kv=per-head
[spec-acc] ctx=8323 burst=15/24 cum=1784/2229=0.800
[mtp-chain] heads=3 policy=step-modulo prefix-replay kv=per-head
[spec-acc] ctx=8355 burst=20/24 cum=1804/2253=0.801
[mtp-chain] heads=3 policy=step-modulo prefix-replay kv=per-head
[spec-acc] ctx=8387 burst=20/23 cum=1824/2276=0.801
[mtp-chain] heads=3 policy=step-modulo prefix-replay kv=per-head
[spec-acc] ctx=8419 burst=20/20 cum=1844/2296=0.803
[mtp-chain] heads=3 policy=step-modulo prefix-replay kv=per-head
[spec-acc] ctx=8451 burst=21/24 cum=1865/2320=0.804
[mtp-chain] heads=3 policy=step-modulo prefix-replay kv=per-head
[spec-acc] ctx=8484 burst=22/25 cum=1887/2345=0.805
[mtp-chain] heads=3 policy=step-modulo prefix-replay kv=per-head
[spec-acc] ctx=8517 burst=21/23 cum=1908/2368=0.806
[mtp-chain] heads=3 policy=step-modulo prefix-replay kv=per-head
[spec-acc] ctx=8549 burst=18/25 cum=1926/2393=0.805
[mtp-chain] heads=3 policy=step-modulo prefix-replay kv=per-head
[spec-acc] ctx=8581 burst=24/28 cum=1950/2421=0.805
[mtp-chain] heads=3 policy=step-modulo prefix-replay kv=per-head
[spec-acc] ctx=8616 burst=23/25 cum=1973/2446=0.807
[mtp-chain] heads=3 policy=step-modulo prefix-replay kv=per-head
[spec-acc] ctx=8651 burst=18/22 cum=1991/2468=0.807
[mtp-chain] heads=3 policy=step-modulo prefix-replay kv=per-head
[spec-acc] ctx=8684 burst=19/31 cum=2010/2499=0.804
[mtp-chain] heads=3 policy=step-modulo prefix-replay kv=per-head
[spec-acc] ctx=8717 burst=19/21 cum=2029/2520=0.805
[mtp-chain] heads=3 policy=step-modulo prefix-replay kv=per-head
[spec-acc] ctx=8749 burst=23/27 cum=2052/2547=0.806
[mtp-chain] heads=3 policy=step-modulo prefix-replay kv=per-head
[spec-acc] ctx=8784 burst=23/25 cum=2075/2572=0.807
[mtp-chain] heads=3 policy=step-modulo prefix-replay kv=per-head
[spec-acc] ctx=8818 burst=22/22 cum=2097/2594=0.808
[mtp-chain] heads=3 policy=step-modulo prefix-replay kv=per-head
[spec-acc] ctx=8851 burst=19/24 cum=2116/2618=0.808
[mtp-chain] heads=3 policy=step-modulo prefix-replay kv=per-head
[spec-acc] ctx=8883 burst=19/21 cum=2135/2639=0.809
[mtp-chain] heads=3 policy=step-modulo prefix-replay kv=per-head
[spec-acc] ctx=8915 burst=19/23 cum=2154/2662=0.809
[mtp-chain] heads=3 policy=step-modulo prefix-replay kv=per-head
[spec-acc] ctx=8948 burst=21/26 cum=2175/2688=0.809
[meter] admit id=chatcmpl-24784bfd3eab6835be7128847a1efb1e tenant=default lane=interactive model="step37"
[admission] per-session draft-state charge: model="step37" +2747MB (measured capture high-water)
[admission] request cost: model="step37" ctx=14306 path=spec = 89088 B/token x ctx + 29MB fixed = 691MB
[admission] parallel device plan: [dev0 session 3438MB + tp-kv 317MB + pending-tp-kv 0MB + reserve 1611MB + boundary 0.000MB; dev1 session 0MB + tp-kv 317MB + pending-tp-kv 0MB + reserve 1611MB + boundary 0.000MB]
[admit-oom] reclaim-on-defer: evicted 0 prefix entries + 0 plain + 1 spec + 0 dspark parked sessions (global LRU); effective free 4052MB -> 5036MB
[admission] eager-arm admit: model="step37" ctx=14306 draft-state 2747MB uncharged (capture would be refused at current headroom; the pre-capture gate enforces it)
[prefix-cache] refused for MEMRA_SWA_RING=1 Step35 session (flat-history snapshots/restores are excluded)
[spec-k] model="step37" tenant="" K=3 source=operator-pin prompt=6050 cached=0 lcp=0 active=1 wave=1 placement=single-or-non-pp2
[mtp-chain] heads=3 policy=step-modulo prefix-replay kv=per-head
[gemm-prime] ENGAGED t=6016 base=0 seq_end=6050 chunks<=4096 (GEMM trunk + grouped MoE)
[gemm-prime] ENGAGED t=34 base=6016 seq_end=6050 chunks<=4096 (GEMM trunk + grouped MoE)
[spec] WARN: sampled draft-graph capture failed (insufficient VRAM headroom for capture: effective free 3743MB (driver 404MB + pool-cached 3339MB) < required 8311MB (2x appetite 2619MB + floor 3072MB); capture skipped pre-attempt); eager fallback until session resume
[spec-acc] ctx=6050 burst=20/21 cum=20/21=0.952
[mtp-chain] heads=3 policy=step-modulo prefix-replay kv=per-head
[spec-acc] ctx=6083 burst=15/25 cum=35/46=0.761
[mtp-chain] heads=3 policy=step-modulo prefix-replay kv=per-head
[spec-acc] ctx=6115 burst=18/29 cum=53/75=0.707
[mtp-chain] heads=3 policy=step-modulo prefix-replay kv=per-head
[spec-acc] ctx=6147 burst=20/29 cum=73/104=0.702
[mtp-chain] heads=3 policy=step-modulo prefix-replay kv=per-head
[spec-acc] ctx=6180 burst=16/17 cum=89/121=0.736
[mtp-chain] heads=3 policy=step-modulo prefix-replay kv=per-head
[spec-acc] ctx=6213 burst=16/21 cum=105/142=0.739
[mtp-chain] heads=3 policy=step-modulo prefix-replay kv=per-head
[spec-acc] ctx=6247 burst=12/20 cum=117/162=0.722
[mtp-chain] heads=3 policy=step-modulo prefix-replay kv=per-head
[spec-acc] ctx=6279 burst=18/28 cum=135/190=0.711
[mtp-chain] heads=3 policy=step-modulo prefix-replay kv=per-head
[spec-acc] ctx=6311 burst=18/25 cum=153/215=0.712
[mtp-chain] heads=3 policy=step-modulo prefix-replay kv=per-head
[spec-acc] ctx=6345 burst=17/18 cum=170/233=0.730
[mtp-chain] heads=3 policy=step-modulo prefix-replay kv=per-head
[spec-acc] ctx=6377 burst=10/31 cum=180/264=0.682
[mtp-chain] heads=3 policy=step-modulo prefix-replay kv=per-head
[spec-acc] ctx=6409 burst=18/20 cum=198/284=0.697
[mtp-chain] heads=3 policy=step-modulo prefix-replay kv=per-head
[spec-acc] ctx=6442 burst=18/22 cum=216/306=0.706
[mtp-chain] heads=3 policy=step-modulo prefix-replay kv=per-head
[spec-acc] ctx=6476 burst=17/18 cum=233/324=0.719
[mtp-chain] heads=3 policy=step-modulo prefix-replay kv=per-head
[spec-acc] ctx=6509 burst=15/26 cum=248/350=0.709
[mtp-chain] heads=3 policy=step-modulo prefix-replay kv=per-head
[spec-acc] ctx=6542 burst=19/21 cum=267/371=0.720
[mtp-chain] heads=3 policy=step-modulo prefix-replay kv=per-head
[spec-acc] ctx=6575 burst=17/23 cum=284/394=0.721
[mtp-chain] heads=3 policy=step-modulo prefix-replay kv=per-head
[spec-acc] ctx=6607 burst=19/22 cum=303/416=0.728
[mtp-chain] heads=3 policy=step-modulo prefix-replay kv=per-head
[spec-acc] ctx=6640 burst=18/23 cum=321/439=0.731
[mtp-chain] heads=3 policy=step-modulo prefix-replay kv=per-head
[spec-acc] ctx=6674 burst=21/24 cum=342/463=0.739
[mtp-chain] heads=3 policy=step-modulo prefix-replay kv=per-head
[spec-acc] ctx=6708 burst=20/22 cum=362/485=0.746
[mtp-chain] heads=3 policy=step-modulo prefix-replay kv=per-head
[spec-acc] ctx=6741 burst=20/29 cum=382/514=0.743
[mtp-chain] heads=3 policy=step-modulo prefix-replay kv=per-head
[spec-acc] ctx=6774 burst=16/22 cum=398/536=0.743
[mtp-chain] heads=3 policy=step-modulo prefix-replay kv=per-head
[spec-acc] ctx=6808 burst=20/26 cum=418/562=0.744
[mtp-chain] heads=3 policy=step-modulo prefix-replay kv=per-head
[spec-acc] ctx=6843 burst=19/22 cum=437/584=0.748
[mtp-chain] heads=3 policy=step-modulo prefix-replay kv=per-head
[spec-acc] ctx=6876 burst=23/23 cum=460/607=0.758
[mtp-chain] heads=3 policy=step-modulo prefix-replay kv=per-head
[spec-acc] ctx=6910 burst=17/22 cum=477/629=0.758
[mtp-chain] heads=3 policy=step-modulo prefix-replay kv=per-head
[spec-acc] ctx=6942 burst=16/25 cum=493/654=0.754
[mtp-chain] heads=3 policy=step-modulo prefix-replay kv=per-head
[spec-acc] ctx=6975 burst=16/24 cum=509/678=0.751
[mtp-chain] heads=3 policy=step-modulo prefix-replay kv=per-head
[spec-acc] ctx=7008 burst=15/23 cum=524/701=0.748
[mtp-chain] heads=3 policy=step-modulo prefix-replay kv=per-head
[spec-acc] ctx=7041 burst=20/27 cum=544/728=0.747
[mtp-chain] heads=3 policy=step-modulo prefix-replay kv=per-head
[spec-acc] ctx=7075 burst=19/27 cum=563/755=0.746
[mtp-chain] heads=3 policy=step-modulo prefix-replay kv=per-head
[spec-acc] ctx=7108 burst=19/21 cum=582/776=0.750
[mtp-chain] heads=3 policy=step-modulo prefix-replay kv=per-head
[spec-acc] ctx=7140 burst=20/23 cum=602/799=0.753
[mtp-chain] heads=3 policy=step-modulo prefix-replay kv=per-head
[spec-acc] ctx=7172 burst=20/24 cum=622/823=0.756
[mtp-chain] heads=3 policy=step-modulo prefix-replay kv=per-head
[spec-acc] ctx=7205 burst=19/26 cum=641/849=0.755
[mtp-chain] heads=3 policy=step-modulo prefix-replay kv=per-head
[spec-acc] ctx=7239 burst=22/25 cum=663/874=0.759
[mtp-chain] heads=3 policy=step-modulo prefix-replay kv=per-head
[spec-acc] ctx=7273 burst=23/23 cum=686/897=0.765
[mtp-chain] heads=3 policy=step-modulo prefix-replay kv=per-head
[spec-acc] ctx=7308 burst=18/18 cum=704/915=0.769
[mtp-chain] heads=3 policy=step-modulo prefix-replay kv=per-head
[spec-acc] ctx=7341 burst=19/21 cum=723/936=0.772
[mtp-chain] heads=3 policy=step-modulo prefix-replay kv=per-head
[spec-acc] ctx=7375 burst=16/22 cum=739/958=0.771
[mtp-chain] heads=3 policy=step-modulo prefix-replay kv=per-head
[spec-acc] ctx=7410 burst=18/21 cum=757/979=0.773
[mtp-chain] heads=3 policy=step-modulo prefix-replay kv=per-head
[spec-acc] ctx=7443 burst=18/20 cum=775/999=0.776
[mtp-chain] heads=3 policy=step-modulo prefix-replay kv=per-head
[spec-acc] ctx=7475 burst=18/23 cum=793/1022=0.776
[mtp-chain] heads=3 policy=step-modulo prefix-replay kv=per-head
[spec-acc] ctx=7507 burst=17/22 cum=810/1044=0.776
[mtp-chain] heads=3 policy=step-modulo prefix-replay kv=per-head
[spec-acc] ctx=7539 burst=17/18 cum=827/1062=0.779
[mtp-chain] heads=3 policy=step-modulo prefix-replay kv=per-head
[spec-acc] ctx=7571 burst=20/22 cum=847/1084=0.781
[mtp-chain] heads=3 policy=step-modulo prefix-replay kv=per-head
[spec-acc] ctx=7603 burst=21/22 cum=868/1106=0.785
[mtp-chain] heads=3 policy=step-modulo prefix-replay kv=per-head
[spec-acc] ctx=7637 burst=18/24 cum=886/1130=0.784
[mtp-chain] heads=3 policy=step-modulo prefix-replay kv=per-head
[spec-acc] ctx=7671 burst=16/19 cum=902/1149=0.785
[mtp-chain] heads=3 policy=step-modulo prefix-replay kv=per-head
[spec-acc] ctx=7703 burst=14/17 cum=916/1166=0.786
[mtp-chain] heads=3 policy=step-modulo prefix-replay kv=per-head
[spec-acc] ctx=7735 burst=21/21 cum=937/1187=0.789
[mtp-chain] heads=3 policy=step-modulo prefix-replay kv=per-head
[spec-acc] ctx=7769 burst=18/21 cum=955/1208=0.791
[mtp-chain] heads=3 policy=step-modulo prefix-replay kv=per-head
[spec-acc] ctx=7803 burst=19/20 cum=974/1228=0.793
[mtp-chain] heads=3 policy=step-modulo prefix-replay kv=per-head
[spec-acc] ctx=7835 burst=16/26 cum=990/1254=0.789
[mtp-chain] heads=3 policy=step-modulo prefix-replay kv=per-head
[spec-acc] ctx=7867 burst=16/24 cum=1006/1278=0.787
[mtp-chain] heads=3 policy=step-modulo prefix-replay kv=per-head
[spec-acc] ctx=7899 burst=21/25 cum=1027/1303=0.788
[mtp-chain] heads=3 policy=step-modulo prefix-replay kv=per-head
[spec-acc] ctx=7933 burst=20/23 cum=1047/1326=0.790
[mtp-chain] heads=3 policy=step-modulo prefix-replay kv=per-head
[spec-acc] ctx=7965 burst=18/26 cum=1065/1352=0.788
[mtp-chain] heads=3 policy=step-modulo prefix-replay kv=per-head
[spec-acc] ctx=7998 burst=17/21 cum=1082/1373=0.788
[mtp-chain] heads=3 policy=step-modulo prefix-replay kv=per-head
[spec-acc] ctx=8032 burst=18/25 cum=1100/1398=0.787
[mtp-chain] heads=3 policy=step-modulo prefix-replay kv=per-head
[spec-acc] ctx=8064 burst=19/21 cum=1119/1419=0.789
[mtp-chain] heads=3 policy=step-modulo prefix-replay kv=per-head
[spec-acc] ctx=8096 burst=19/23 cum=1138/1442=0.789
[mtp-chain] heads=3 policy=step-modulo prefix-replay kv=per-head
[spec-acc] ctx=8129 burst=17/22 cum=1155/1464=0.789
[mtp-chain] heads=3 policy=step-modulo prefix-replay kv=per-head
[spec-acc] ctx=8163 burst=19/23 cum=1174/1487=0.790
[mtp-chain] heads=3 policy=step-modulo prefix-replay kv=per-head
[spec-acc] ctx=8195 burst=19/21 cum=1193/1508=0.791
[mtp-chain] heads=3 policy=step-modulo prefix-replay kv=per-head
[spec-acc] ctx=8228 burst=16/22 cum=1209/1530=0.790
[mtp-chain] heads=3 policy=step-modulo prefix-replay kv=per-head
[spec-acc] ctx=8260 burst=22/23 cum=1231/1553=0.793
[mtp-chain] heads=3 policy=step-modulo prefix-replay kv=per-head
[spec-acc] ctx=8293 burst=22/25 cum=1253/1578=0.794
[mtp-chain] heads=3 policy=step-modulo prefix-replay kv=per-head
[spec-acc] ctx=8327 burst=21/26 cum=1274/1604=0.794
[mtp-chain] heads=3 policy=step-modulo prefix-replay kv=per-head
[spec-acc] ctx=8361 burst=21/26 cum=1295/1630=0.794
[mtp-chain] heads=3 policy=step-modulo prefix-replay kv=per-head
[spec-acc] ctx=8394 burst=20/23 cum=1315/1653=0.796
[mtp-chain] heads=3 policy=step-modulo prefix-replay kv=per-head
[spec-acc] ctx=8426 burst=18/25 cum=1333/1678=0.794
[mtp-chain] heads=3 policy=step-modulo prefix-replay kv=per-head
[spec-acc] ctx=8458 burst=20/27 cum=1353/1705=0.794
[mtp-chain] heads=3 policy=step-modulo prefix-replay kv=per-head
[spec-acc] ctx=8491 burst=22/24 cum=1375/1729=0.795
[mtp-chain] heads=3 policy=step-modulo prefix-replay kv=per-head
[spec-acc] ctx=8525 burst=23/24 cum=1398/1753=0.797
[mtp-chain] heads=3 policy=step-modulo prefix-replay kv=per-head
[spec-acc] ctx=8559 burst=23/25 cum=1421/1778=0.799
[mtp-chain] heads=3 policy=step-modulo prefix-replay kv=per-head
[spec-acc] ctx=8592 burst=24/24 cum=1445/1802=0.802
[mtp-chain] heads=3 policy=step-modulo prefix-replay kv=per-head
[spec-acc] ctx=8625 burst=25/25 cum=1470/1827=0.805
[mtp-chain] heads=3 policy=step-modulo prefix-replay kv=per-head
[spec-acc] ctx=8660 burst=23/25 cum=1493/1852=0.806
[mtp-chain] heads=3 policy=step-modulo prefix-replay kv=per-head
[spec-acc] ctx=8693 burst=24/26 cum=1517/1878=0.808
[mtp-chain] heads=3 policy=step-modulo prefix-replay kv=per-head
[spec-acc] ctx=8728 burst=24/24 cum=1541/1902=0.810
[mtp-chain] heads=3 policy=step-modulo prefix-replay kv=per-head
[spec-acc] ctx=8761 burst=19/22 cum=1560/1924=0.811
[mtp-chain] heads=3 policy=step-modulo prefix-replay kv=per-head
[spec-acc] ctx=8795 burst=21/25 cum=1581/1949=0.811
[mtp-chain] heads=3 policy=step-modulo prefix-replay kv=per-head
[spec-acc] ctx=8830 burst=18/23 cum=1599/1972=0.811
[mtp-chain] heads=3 policy=step-modulo prefix-replay kv=per-head
[spec-acc] ctx=8862 burst=22/22 cum=1621/1994=0.813
[mtp-chain] heads=3 policy=step-modulo prefix-replay kv=per-head
[spec-acc] ctx=8895 burst=23/28 cum=1644/2022=0.813
[mtp-chain] heads=3 policy=step-modulo prefix-replay kv=per-head
[spec-acc] ctx=8930 burst=23/30 cum=1667/2052=0.812
[mtp-chain] heads=3 policy=step-modulo prefix-replay kv=per-head
[spec-acc] ctx=8965 burst=23/25 cum=1690/2077=0.814
[mtp-chain] heads=3 policy=step-modulo prefix-replay kv=per-head
[spec-acc] ctx=9000 burst=22/24 cum=1712/2101=0.815
[mtp-chain] heads=3 policy=step-modulo prefix-replay kv=per-head
[spec-acc] ctx=9033 burst=25/27 cum=1737/2128=0.816
[mtp-chain] heads=3 policy=step-modulo prefix-replay kv=per-head
[spec-acc] ctx=9068 burst=25/27 cum=1762/2155=0.818
[mtp-chain] heads=3 policy=step-modulo prefix-replay kv=per-head
[spec-acc] ctx=9103 burst=18/24 cum=1780/2179=0.817
[mtp-chain] heads=3 policy=step-modulo prefix-replay kv=per-head
[spec-acc] ctx=9135 burst=22/22 cum=1802/2201=0.819
[mtp-chain] heads=3 policy=step-modulo prefix-replay kv=per-head
[spec-acc] ctx=9167 burst=22/23 cum=1824/2224=0.820
[mtp-chain] heads=3 policy=step-modulo prefix-replay kv=per-head
[spec-acc] ctx=9199 burst=22/24 cum=1846/2248=0.821
[mtp-chain] heads=3 policy=step-modulo prefix-replay kv=per-head
[spec-acc] ctx=9231 burst=24/25 cum=1870/2273=0.823
[mtp-chain] heads=3 policy=step-modulo prefix-replay kv=per-head
[spec-acc] ctx=9265 burst=22/26 cum=1892/2299=0.823
[mtp-chain] heads=3 policy=step-modulo prefix-replay kv=per-head
[spec-acc] ctx=9299 burst=23/31 cum=1915/2330=0.822
[mtp-chain] heads=3 policy=step-modulo prefix-replay kv=per-head
[spec-acc] ctx=9334 burst=22/23 cum=1937/2353=0.823
[mtp-chain] heads=3 policy=step-modulo prefix-replay kv=per-head
[spec-acc] ctx=9366 burst=17/23 cum=1954/2376=0.822
[mtp-chain] heads=3 policy=step-modulo prefix-replay kv=per-head
[spec-acc] ctx=9400 burst=16/19 cum=1970/2395=0.823
[mtp-chain] heads=3 policy=step-modulo prefix-replay kv=per-head
[spec-acc] ctx=9432 burst=20/26 cum=1990/2421=0.822
[mtp-chain] heads=3 policy=step-modulo prefix-replay kv=per-head
[spec-acc] ctx=9466 burst=17/21 cum=2007/2442=0.822
[mtp-chain] heads=3 policy=step-modulo prefix-replay kv=per-head
[spec-acc] ctx=9498 burst=17/25 cum=2024/2467=0.820
[mtp-chain] heads=3 policy=step-modulo prefix-replay kv=per-head
[spec-acc] ctx=9530 burst=16/23 cum=2040/2490=0.819
[mtp-chain] heads=3 policy=step-modulo prefix-replay kv=per-head
[spec-acc] ctx=9562 burst=21/24 cum=2061/2514=0.820
[mtp-chain] heads=3 policy=step-modulo prefix-replay kv=per-head
[spec-acc] ctx=9594 burst=16/24 cum=2077/2538=0.818
[mtp-chain] heads=3 policy=step-modulo prefix-replay kv=per-head
[spec-acc] ctx=9626 burst=21/26 cum=2098/2564=0.818
[mtp-chain] heads=3 policy=step-modulo prefix-replay kv=per-head
[spec-acc] ctx=9661 burst=16/25 cum=2114/2589=0.817
[mtp-chain] heads=3 policy=step-modulo prefix-replay kv=per-head
[spec-acc] ctx=9693 burst=19/25 cum=2133/2614=0.816
[mtp-chain] heads=3 policy=step-modulo prefix-replay kv=per-head
[spec-acc] ctx=9725 burst=17/23 cum=2150/2637=0.815
[mtp-chain] heads=3 policy=step-modulo prefix-replay kv=per-head
[spec-acc] ctx=9757 burst=20/21 cum=2170/2658=0.816
[mtp-chain] heads=3 policy=step-modulo prefix-replay kv=per-head
[spec-acc] ctx=9792 burst=13/31 cum=2183/2689=0.812
[mtp-chain] heads=3 policy=step-modulo prefix-replay kv=per-head
[spec-acc] ctx=9824 burst=13/22 cum=2196/2711=0.810
[mtp-chain] heads=3 policy=step-modulo prefix-replay kv=per-head
[spec-acc] ctx=9856 burst=18/27 cum=2214/2738=0.809
[mtp-chain] heads=3 policy=step-modulo prefix-replay kv=per-head
[spec-acc] ctx=9889 burst=22/22 cum=2236/2760=0.810
[mtp-chain] heads=3 policy=step-modulo prefix-replay kv=per-head
[spec-acc] ctx=9922 burst=17/25 cum=2253/2785=0.809
[mtp-chain] heads=3 policy=step-modulo prefix-replay kv=per-head
[spec-acc] ctx=9954 burst=20/23 cum=2273/2808=0.809
[mtp-chain] heads=3 policy=step-modulo prefix-replay kv=per-head
[spec-acc] ctx=9986 burst=16/29 cum=2289/2837=0.807
[mtp-chain] heads=3 policy=step-modulo prefix-replay kv=per-head
[spec-acc] ctx=10019 burst=22/24 cum=2311/2861=0.808
[mtp-chain] heads=3 policy=step-modulo prefix-replay kv=per-head
[spec-acc] ctx=10053 burst=18/27 cum=2329/2888=0.806
[mtp-chain] heads=3 policy=step-modulo prefix-replay kv=per-head
[spec-acc] ctx=10086 burst=21/22 cum=2350/2910=0.808
[mtp-chain] heads=3 policy=step-modulo prefix-replay kv=per-head
[spec-acc] ctx=10118 burst=19/25 cum=2369/2935=0.807
[mtp-chain] heads=3 policy=step-modulo prefix-replay kv=per-head
[spec-acc] ctx=10150 burst=20/26 cum=2389/2961=0.807
[mtp-chain] heads=3 policy=step-modulo prefix-replay kv=per-head
[spec-acc] ctx=10182 burst=20/23 cum=2409/2984=0.807
[mtp-chain] heads=3 policy=step-modulo prefix-replay kv=per-head
[spec-acc] ctx=10214 burst=17/24 cum=2426/3008=0.807
[mtp-chain] heads=3 policy=step-modulo prefix-replay kv=per-head
[spec-acc] ctx=10246 burst=20/26 cum=2446/3034=0.806
[mtp-chain] heads=3 policy=step-modulo prefix-replay kv=per-head
[spec-acc] ctx=10280 burst=22/25 cum=2468/3059=0.807
[mtp-chain] heads=3 policy=step-modulo prefix-replay kv=per-head
[spec-acc] ctx=10312 burst=24/26 cum=2492/3085=0.808
[mtp-chain] heads=3 policy=step-modulo prefix-replay kv=per-head
[spec-acc] ctx=10347 burst=24/27 cum=2516/3112=0.808
[mtp-chain] heads=3 policy=step-modulo prefix-replay kv=per-head
[spec-acc] ctx=10382 burst=21/23 cum=2537/3135=0.809
[mtp-chain] heads=3 policy=step-modulo prefix-replay kv=per-head
[spec-acc] ctx=10416 burst=18/21 cum=2555/3156=0.810
[mtp-chain] heads=3 policy=step-modulo prefix-replay kv=per-head
[spec-acc] ctx=10449 burst=17/23 cum=2572/3179=0.809
[mtp-chain] heads=3 policy=step-modulo prefix-replay kv=per-head
[spec-acc] ctx=10482 burst=22/24 cum=2594/3203=0.810
[mtp-chain] heads=3 policy=step-modulo prefix-replay kv=per-head
[spec-acc] ctx=10514 burst=18/25 cum=2612/3228=0.809
[mtp-chain] heads=3 policy=step-modulo prefix-replay kv=per-head
[spec-acc] ctx=10546 burst=21/25 cum=2633/3253=0.809
[mtp-chain] heads=3 policy=step-modulo prefix-replay kv=per-head
[spec-acc] ctx=10578 burst=20/20 cum=2653/3273=0.811
[mtp-chain] heads=3 policy=step-modulo prefix-replay kv=per-head
[spec-acc] ctx=10611 burst=23/26 cum=2676/3299=0.811
[mtp-chain] heads=3 policy=step-modulo prefix-replay kv=per-head
[spec-acc] ctx=10646 burst=23/27 cum=2699/3326=0.811
[mtp-chain] heads=3 policy=step-modulo prefix-replay kv=per-head
[spec-acc] ctx=10680 burst=20/25 cum=2719/3351=0.811
[mtp-chain] heads=3 policy=step-modulo prefix-replay kv=per-head
[spec-acc] ctx=10713 burst=23/26 cum=2742/3377=0.812
[mtp-chain] heads=3 policy=step-modulo prefix-replay kv=per-head
[spec-acc] ctx=10748 burst=20/22 cum=2762/3399=0.813
[mtp-chain] heads=3 policy=step-modulo prefix-replay kv=per-head
[spec-acc] ctx=10780 burst=22/24 cum=2784/3423=0.813
[mtp-chain] heads=3 policy=step-modulo prefix-replay kv=per-head
[spec-acc] ctx=10812 burst=20/23 cum=2804/3446=0.814
[mtp-chain] heads=3 policy=step-modulo prefix-replay kv=per-head
[spec-acc] ctx=10844 burst=24/25 cum=2828/3471=0.815
[mtp-chain] heads=3 policy=step-modulo prefix-replay kv=per-head
[spec-acc] ctx=10878 burst=23/28 cum=2851/3499=0.815
[mtp-chain] heads=3 policy=step-modulo prefix-replay kv=per-head
[spec-acc] ctx=10912 burst=23/30 cum=2874/3529=0.814
[mtp-chain] heads=3 policy=step-modulo prefix-replay kv=per-head
[spec-acc] ctx=10947 burst=23/25 cum=2897/3554=0.815
[mtp-chain] heads=3 policy=step-modulo prefix-replay kv=per-head
[spec-acc] ctx=10980 burst=23/26 cum=2920/3580=0.816
[mtp-chain] heads=3 policy=step-modulo prefix-replay kv=per-head
[spec-acc] ctx=11013 burst=24/25 cum=2944/3605=0.817
[mtp-chain] heads=3 policy=step-modulo prefix-replay kv=per-head
[spec-acc] ctx=11048 burst=23/23 cum=2967/3628=0.818
[mtp-chain] heads=3 policy=step-modulo prefix-replay kv=per-head
[spec-acc] ctx=11081 burst=22/24 cum=2989/3652=0.818
[mtp-chain] heads=3 policy=step-modulo prefix-replay kv=per-head
[spec-acc] ctx=11113 burst=25/25 cum=3014/3677=0.820
[mtp-chain] heads=3 policy=step-modulo prefix-replay kv=per-head
[spec-acc] ctx=11148 burst=24/28 cum=3038/3705=0.820
[mtp-chain] heads=3 policy=step-modulo prefix-replay kv=per-head
[spec-acc] ctx=11183 burst=22/24 cum=3060/3729=0.821
[mtp-chain] heads=3 policy=step-modulo prefix-replay kv=per-head
[spec-acc] ctx=11215 burst=22/25 cum=3082/3754=0.821
[mtp-chain] heads=3 policy=step-modulo prefix-replay kv=per-head
[spec-acc] ctx=11247 burst=23/26 cum=3105/3780=0.821
[mtp-chain] heads=3 policy=step-modulo prefix-replay kv=per-head
[spec-acc] ctx=11280 burst=23/23 cum=3128/3803=0.823
[mtp-chain] heads=3 policy=step-modulo prefix-replay kv=per-head
[spec-acc] ctx=11312 burst=25/25 cum=3153/3828=0.824
[mtp-chain] heads=3 policy=step-modulo prefix-replay kv=per-head
[spec-acc] ctx=11347 burst=23/23 cum=3176/3851=0.825
[mtp-chain] heads=3 policy=step-modulo prefix-replay kv=per-head
[spec-acc] ctx=11379 burst=18/21 cum=3194/3872=0.825
[mtp-chain] heads=3 policy=step-modulo prefix-replay kv=per-head
[spec-acc] ctx=11411 burst=13/22 cum=3207/3894=0.824
[mtp-chain] heads=3 policy=step-modulo prefix-replay kv=per-head
[spec-acc] ctx=11444 burst=16/24 cum=3223/3918=0.823
[mtp-chain] heads=3 policy=step-modulo prefix-replay kv=per-head
[spec-acc] ctx=11476 burst=23/27 cum=3246/3945=0.823
[mtp-chain] heads=3 policy=step-modulo prefix-replay kv=per-head
[spec-acc] ctx=11511 burst=20/29 cum=3266/3974=0.822
[mtp-chain] heads=3 policy=step-modulo prefix-replay kv=per-head
[spec-acc] ctx=11545 burst=19/32 cum=3285/4006=0.820
[mtp-chain] heads=3 policy=step-modulo prefix-replay kv=per-head
[spec-acc] ctx=11579 burst=19/24 cum=3304/4030=0.820
[mtp-chain] heads=3 policy=step-modulo prefix-replay kv=per-head
[spec-acc] ctx=11612 burst=23/23 cum=3327/4053=0.821
[mtp-chain] heads=3 policy=step-modulo prefix-replay kv=per-head
[spec-acc] ctx=11647 burst=21/25 cum=3348/4078=0.821
[mtp-chain] heads=3 policy=step-modulo prefix-replay kv=per-head
[spec-acc] ctx=11681 burst=18/21 cum=3366/4099=0.821
[mtp-chain] heads=3 policy=step-modulo prefix-replay kv=per-head
[spec-acc] ctx=11713 burst=17/25 cum=3383/4124=0.820
[server] SIGTERM: draining (0 in flight, deadline 30s)
[server] drain complete in 0.0s; exiting
[server] GPU worker shutdown complete
